﻿序號,擬參選人／政黨,選舉名稱,申報序號／年度,交易日期,收支科目,捐贈者／支出對象,身分證／統一編號,收入金額,支出金額,捐贈方式,存入專戶日期,返還/繳庫,支出用途,金錢類,地址,聯絡電話,應揭露之支出對象,支出對象之內部人員姓名,支出對象之內部人員職稱,政黨之內部人員姓名,政黨之內部人員職稱,關係,更正註記,資料更正日期
1,高海傑,111年臺北市中山區江山里里長選舉,首次申報,1110907,個人捐贈收入,黃金翎,,6666.00,0.00,現金,1110907,,,金錢,,0918*****,,,,,,,,
2,高海傑,111年臺北市中山區江山里里長選舉,首次申報,1110909,個人捐贈收入,黃逸群,,89.00,0.00,現金,1110909,,,金錢,,0922*****,,,,,,,,
3,高海傑,111年臺北市中山區江山里里長選舉,首次申報,1110909,個人捐贈收入,杜博文,,3000.00,0.00,現金,1110909,,,金錢,,0225*****,,,,,,,,
4,高海傑,111年臺北市中山區江山里里長選舉,首次申報,1110909,個人捐贈收入,趙年豐,,6600.00,0.00,現金,1110909,,,金錢,,0911*****,,,,,,,,
5,高海傑,111年臺北市中山區江山里里長選舉,首次申報,1110923,個人捐贈收入,周威宇,,2000.00,0.00,現金,1110923,,,金錢,,0955*****,,,,,,,,
6,高海傑,111年臺北市中山區江山里里長選舉,首次申報,1111029,個人捐贈收入,郭婷婷,E22*******,50000.00,0.00,匯款,1111029,,,金錢,新北市中和區****,0988*****,,,,,,,,
7,高海傑,111年臺北市中山區江山里里長選舉,首次申報,1111110,個人捐贈收入,盧美如,,3000.00,0.00,現金,1111110,,,金錢,,0909*****,,,,,,,,
8,高海傑,111年臺北市中山區江山里里長選舉,首次申報,1111123,個人捐贈收入,黃靖雅,,1000.00,0.00,現金,1111123,,,金錢,,0975*****,,,,,,,,
9,高海傑,111年臺北市中山區江山里里長選舉,首次申報,1111124,匿名捐贈,匿名,,2222.00,0.00,現金,1111124,,,金錢,,,,,,,,,,
10,高海傑,111年臺北市中山區江山里里長選舉,首次申報,1111221,其他收入,利息收入,,6.00,0.00,匯款,1111221,,,金錢,,,,,,,,,,
