﻿序號,擬參選人／政黨,選舉名稱,申報序號／年度,交易日期,收支科目,捐贈者／支出對象,身分證／統一編號,收入金額,支出金額,支出用途,金錢類,地址,聯絡電話,資料更正日期
1,葉秫華,107年鄉(鎮、市)民代表選舉,首次申報,1070913,雜支支出,馥餘實業股份有限公司,16852172,0.00,2076.00,雜項購置(咖啡包),金錢,臺北市內湖區****,,
2,葉秫華,107年鄉(鎮、市)民代表選舉,首次申報,1070919,雜支支出,卓永豐商店,59133456,0.00,5840.00,餐飲費用,金錢,彰化縣北斗鎮****,,
3,葉秫華,107年鄉(鎮、市)民代表選舉,首次申報,1070920,宣傳支出,力龍行,18194470,0.00,6300.00,製作宣傳廣告支出,金錢,彰化縣北斗鎮****,,
4,葉秫華,107年鄉(鎮、市)民代表選舉,首次申報,1070925,宣傳支出,億興食品行,10959347,0.00,21000.00,製作競選物品支出（麵線）,金錢,彰化縣秀水鄉****,,
5,葉秫華,107年鄉(鎮、市)民代表選舉,首次申報,1070925,宣傳支出,億興食品行,10959347,0.00,21000.00,製作競選物品支出（物品名稱-麵線),金錢,彰化縣秀水鄉****,,
6,葉秫華,107年鄉(鎮、市)民代表選舉,首次申報,1071001,宣傳支出,立龍行,18194470,0.00,2700.00,製作宣傳廣告支出--名片,金錢,彰化縣北斗鎮****,,
7,葉秫華,107年鄉(鎮、市)民代表選舉,首次申報,1071006,宣傳支出,日新糖果行,60251677,0.00,1740.00,製作競選物品支出（物品名稱-糖果）,金錢,彰化縣田中鎮****,,
8,葉秫華,107年鄉(鎮、市)民代表選舉,首次申報,1071007,公共關係費用支出,花格子花坊,39733116,0.00,12000.00,聯誼交際費用--盆栽,金錢,彰化縣和美鎮****,,
9,葉秫華,107年鄉(鎮、市)民代表選舉,首次申報,1071012,宣傳支出,新幸福糖菓行,60251677,0.00,1740.00,製作競選物品支出（物品名稱-糖果),金錢,彰化縣田中鎮****,,
10,葉秫華,107年鄉(鎮、市)民代表選舉,首次申報,1071026,宣傳支出,億興食品行,10959347,0.00,7000.00,製作競選物品支出（物品名稱-麵線),金錢,彰化縣秀水鄉****,,
11,葉秫華,107年鄉(鎮、市)民代表選舉,首次申報,1071026,宣傳支出,鴻益木創有限公司,54815208,0.00,29225.00,製作競選物品支出（物品名稱-木製鎖圈),金錢,彰化縣溪湖鎮****,,
12,葉秫華,107年鄉(鎮、市)民代表選舉,首次申報,1071031,宣傳支出,建國假日玉市攤位會員,77895250,0.00,5000.00,製作競選物品支出（物品名稱-吊飾),金錢,新北市板橋區****,,
13,葉秫華,107年鄉(鎮、市)民代表選舉,首次申報,1071105,宣傳支出,建國假日玉市攤位會員,77895250,0.00,5000.00,製作競選物品支出（物品名稱-吊飾),金錢,新北市板橋區****,,
14,葉秫華,107年鄉(鎮、市)民代表選舉,首次申報,1071107,宣傳支出,建國假日玉市攤位會員,77895250,0.00,5000.00,製作競選物品支出（物品名稱-吊飾),金錢,新北市板橋區****,,
15,葉秫華,107年鄉(鎮、市)民代表選舉,首次申報,1071112,雜支支出,正福油漆工程社,37715730,0.00,15000.00,雜項購置或修繕費用,金錢,彰化縣秀水鄉****,,
16,葉秫華,107年鄉(鎮、市)民代表選舉,首次申報,1071125,人事費用支出,蔡宜庭,M22*******,0.00,12000.00,工資或薪津,金錢,南投縣竹山鎮****,0492*****,
17,葉秫華,107年鄉(鎮、市)民代表選舉,首次申報,1071125,人事費用支出,顏妙軒,N22*******,0.00,10000.00,工資或薪津,金錢,彰化縣北斗鎮****,0986*****,
18,葉秫華,107年鄉(鎮、市)民代表選舉,首次申報,1071125,人事費用支出,陳靖婷,N22*******,0.00,17000.00,工資或薪津,金錢,北斗鎮中和里****,0488*****,
19,葉秫華,107年鄉(鎮、市)民代表選舉,首次申報,1071125,人事費用支出,葉淑女,N22*******,0.00,17000.00,工資或薪津,金錢,南投縣竹山鎮****,0919*****,
20,葉秫華,107年鄉(鎮、市)民代表選舉,首次申報,1071125,人事費用支出,周湘蘭,N22*******,0.00,60000.00,工資或薪津,金錢,新北市中和區****,0937*****,
