﻿序號,擬參選人／政黨,選舉名稱,申報序號／年度,交易日期,收支科目,捐贈者／支出對象,身分證／統一編號,收入金額,支出金額,捐贈方式,存入專戶日期,返還/繳庫,支出用途,金錢類,地址,聯絡電話,應揭露之支出對象,支出對象之內部人員姓名,支出對象之內部人員職稱,政黨之內部人員姓名,政黨之內部人員職稱,關係,更正註記,資料更正日期
1,卓榮騰,111年桃園市大園區圳頭里里長選舉,首次申報,1111028,個人捐贈收入,郭國榮,H10*******,10000.00,0.00,現金,1111101,,,金錢,桃園市觀音區****,,,,,,,,,
2,卓榮騰,111年桃園市大園區圳頭里里長選舉,首次申報,1111028,個人捐贈收入,郭宗雄,H10*******,5000.00,0.00,現金,1111101,,,金錢,桃園市大園區****,,,,,,,,,
3,卓榮騰,111年桃園市大園區圳頭里里長選舉,首次申報,1111029,個人捐贈收入,江春木,H12*******,5000.00,0.00,現金,1111101,,,金錢,桃園市大園區****,,,,,,,,,
4,卓榮騰,111年桃園市大園區圳頭里里長選舉,首次申報,1111030,個人捐贈收入,詹簡阿梅,H20*******,10000.00,0.00,現金,1111101,,,金錢,桃園市中壢區****,,,,,,,,,
5,卓榮騰,111年桃園市大園區圳頭里里長選舉,首次申報,1111031,個人捐贈收入,戴慶農,H12*******,2000.00,0.00,,,,,非金錢,桃園市大園區****,,,,,,,,,
6,卓榮騰,111年桃園市大園區圳頭里里長選舉,首次申報,1111103,個人捐贈收入,蔡許金寶,H20*******,2500.00,0.00,,,,,非金錢,桃園市大園區****,,,,,,,,,
7,卓榮騰,111年桃園市大園區圳頭里里長選舉,首次申報,1111103,個人捐贈收入,楊美玉,H22*******,2500.00,0.00,,,,,非金錢,桃園市大園區****,,,,,,,,,
8,卓榮騰,111年桃園市大園區圳頭里里長選舉,首次申報,1111107,個人捐贈收入,林昆榮,H10*******,12000.00,0.00,現金,1111109,,,金錢,桃園市中壢區****,,,,,,,,,
9,卓榮騰,111年桃園市大園區圳頭里里長選舉,首次申報,1111108,個人捐贈收入,巫添輝,H10*******,6000.00,0.00,現金,1111109,,,金錢,桃園市大園區****,,,,,,,,,
10,卓榮騰,111年桃園市大園區圳頭里里長選舉,首次申報,1111112,個人捐贈收入,鄒金源,H12*******,20000.00,0.00,現金,1111114,,,金錢,桃園市大園區****,,,,,,,,,
11,卓榮騰,111年桃園市大園區圳頭里里長選舉,首次申報,1111120,個人捐贈收入,蔡建和,F12*******,10000.00,0.00,現金,1111121,,,金錢,桃園市大園區****,,,,,,,,,
12,卓榮騰,111年桃園市大園區圳頭里里長選舉,首次申報,1111120,個人捐贈收入,林怡君,H22*******,30000.00,0.00,現金,1111121,,,金錢,桃園市大園區****,,,,,,,,,
