﻿序號,擬參選人／政黨,選舉名稱,申報序號／年度,交易日期,收支科目,捐贈者／支出對象,身分證／統一編號,收入金額,支出金額,支出用途,金錢類,地址,聯絡電話,資料更正日期
1,邱嘉進,107年縣(市)議員選舉,首次申報,1070705,人事費用支出,李輔山,G12*******,0.00,10000.00,薪資,金錢,宜蘭縣蘇澳鎮****,,
2,邱嘉進,107年縣(市)議員選舉,首次申報,1070709,公共關係費用支出,詩情花意館,13670559,0.00,800.00,聯誼交際費用,金錢,宜蘭縣宜蘭市****,,
3,邱嘉進,107年縣(市)議員選舉,首次申報,1070709,公共關係費用支出,詩情花意館,13670559,0.00,800.00,聯誼交際費用,金錢,宜蘭縣宜蘭市****,,
4,邱嘉進,107年縣(市)議員選舉,首次申報,1070709,公共關係費用支出,詩情花意館,13670559,0.00,800.00,聯誼交際費用,金錢,宜蘭縣宜蘭市****,,
5,邱嘉進,107年縣(市)議員選舉,首次申報,1070709,雜支支出,台灣電力股份有限公司宜蘭區營業處,40408406,0.00,65.00,水電瓦斯費用,金錢,宜蘭縣宜蘭市****,,
6,邱嘉進,107年縣(市)議員選舉,首次申報,1070709,雜支支出,台灣電力股份有限公司宜蘭區營業處,40408406,0.00,109.00,水電瓦斯費用,金錢,宜蘭縣宜蘭市****,,
7,邱嘉進,107年縣(市)議員選舉,首次申報,1070709,雜支支出,台灣電力股份有限公司宜蘭區營業處,40408406,0.00,1923.00,水電瓦斯費用,金錢,宜蘭縣宜蘭市****,,
8,邱嘉進,107年縣(市)議員選舉,首次申報,1070709,雜支支出,台灣自來水股份有限公司,52242444,0.00,105.00,水電瓦斯費用,金錢,臺中市北區樂****,,
9,邱嘉進,107年縣(市)議員選舉,首次申報,1070709,雜支支出,台灣自來水股份有限公司,52242444,0.00,174.00,水電瓦斯費用,金錢,臺中市北區樂****,,
10,邱嘉進,107年縣(市)議員選舉,首次申報,1070710,宣傳支出,瑋凱商行,09753846,0.00,37500.00,宣傳T恤,金錢,宜蘭縣宜蘭市****,,
11,邱嘉進,107年縣(市)議員選舉,首次申報,1070710,公共關係費用支出,合佳花坊,14898420,0.00,7500.00,聯誼交際費用,金錢,宜蘭縣蘇澳鎮****,,
12,邱嘉進,107年縣(市)議員選舉,首次申報,1070710,宣傳支出,世紀打字印刷社,40601649,0.00,12000.00,製作競選物品支出（文宣）,金錢,宜蘭縣蘇澳鎮****,,
13,邱嘉進,107年縣(市)議員選舉,首次申報,1070710,公共關係費用支出,玉薪花坊,70920753,0.00,3000.00,聯誼交際費用,金錢,宜蘭縣蘇澳鎮****,,
14,邱嘉進,107年縣(市)議員選舉,首次申報,1070710,公共關係費用支出,玉薪花坊,70920753,0.00,3000.00,聯誼交際費用,金錢,宜蘭縣蘇澳鎮****,,
15,邱嘉進,107年縣(市)議員選舉,首次申報,1070717,雜支支出,銘昌文具行,40667254,0.00,1780.00,文具用品費用,金錢,宜蘭縣宜蘭市****,,
16,邱嘉進,107年縣(市)議員選舉,首次申報,1070717,雜支支出,銘昌文具行,40667254,0.00,1710.00,文具用品費用,金錢,宜蘭縣宜蘭市****,,
17,邱嘉進,107年縣(市)議員選舉,首次申報,1070719,雜支支出,展源企業社,13665182,0.00,715.00,雜項購置或修繕費用,金錢,宜蘭縣蘇澳鎮****,,
18,邱嘉進,107年縣(市)議員選舉,首次申報,1070720,雜支支出,其春商號,40582235,0.00,3000.00,飲品,金錢,宜蘭縣冬山鄉****,,
19,邱嘉進,107年縣(市)議員選舉,首次申報,1070723,宣傳支出,世紀打字印刷社,40601649,0.00,12000.00,製作競選物品支出（文宣）,金錢,宜蘭縣蘇澳鎮****,,
20,邱嘉進,107年縣(市)議員選舉,首次申報,1070726,雜支支出,國軍退除役官兵輔導委員會福壽山農場,05872975,0.00,63000.00,競選辦公室茶葉,金錢,臺中市和平區****,,
21,邱嘉進,107年縣(市)議員選舉,首次申報,1070730,公共關係費用支出,玉薪花坊,70920753,0.00,3000.00,聯誼交際費用,金錢,宜蘭縣蘇澳鎮****,,
22,邱嘉進,107年縣(市)議員選舉,首次申報,1070731,宣傳支出,美好企業,19571079,0.00,50000.00,製作競選物品支出（打火機）,金錢,宜蘭縣宜蘭市****,,
23,邱嘉進,107年縣(市)議員選舉,首次申報,1070801,雜支支出,中華電信股份有限公司台灣北區電信分公司宜蘭營運處,19562254,0.00,1475.00,電信費用,金錢,宜蘭縣宜蘭市****,,
24,邱嘉進,107年縣(市)議員選舉,首次申報,1070801,雜支支出,中華電信股份有限公司台灣北區電信分公司宜蘭營運處,19562254,0.00,57.00,電信費用,金錢,宜蘭縣宜蘭市****,,
25,邱嘉進,107年縣(市)議員選舉,首次申報,1070801,人事費用支出,林子翔,G12*******,0.00,25000.00,工資或薪津,金錢,宜蘭縣蘇澳鎮****,,
26,邱嘉進,107年縣(市)議員選舉,首次申報,1070802,公共關係費用支出,喬美花店,49800768,0.00,5000.00,聯誼交際費用,金錢,宜蘭縣蘇澳鎮****,,
27,邱嘉進,107年縣(市)議員選舉,首次申報,1070802,公共關係費用支出,喬美花店,49800768,0.00,2500.00,聯誼交際費用,金錢,宜蘭縣蘇澳鎮****,,
28,邱嘉進,107年縣(市)議員選舉,首次申報,1070802,人事費用支出,李輔山,G12*******,0.00,12000.00,薪資,金錢,宜蘭縣蘇澳鎮****,,
29,邱嘉進,107年縣(市)議員選舉,首次申報,1070804,雜支支出,聯禾有線電視股份有限公司,27560639,0.00,1555.00,有線電視費用,金錢,宜蘭縣宜蘭市****,,
30,邱嘉進,107年縣(市)議員選舉,首次申報,1070805,公共關係費用支出,合佳花坊,14898420,0.00,9000.00,聯誼交際費用,金錢,宜蘭縣蘇澳鎮****,,
31,邱嘉進,107年縣(市)議員選舉,首次申報,1070805,公共關係費用支出,合佳花坊,14898420,0.00,8000.00,聯誼交際費用,金錢,宜蘭縣蘇澳鎮****,,
32,邱嘉進,107年縣(市)議員選舉,首次申報,1070807,雜支支出,福港小吃部,13664923,0.00,2240.00,便當,金錢,宜蘭縣蘇澳鎮****,,
33,邱嘉進,107年縣(市)議員選舉,首次申報,1070807,雜支支出,榮祿五金有限公司,16063748,0.00,230.00,雜項購置或修繕費用,金錢,宜蘭縣蘇澳鎮****,,
34,邱嘉進,107年縣(市)議員選舉,首次申報,1070807,雜支支出,銘昌文具行,40667254,0.00,1922.00,文具用品費用,金錢,宜蘭縣宜蘭市****,,
35,邱嘉進,107年縣(市)議員選舉,首次申報,1070807,雜支支出,馬賽美食,99484169,0.00,450.00,便當,金錢,宜蘭縣蘇澳鎮****,,
36,邱嘉進,107年縣(市)議員選舉,首次申報,1070808,雜支支出,好事達(股)公司,12632348,0.00,531.00,雜項購置或修繕費用,金錢,宜蘭縣蘇澳鎮****,,
37,邱嘉進,107年縣(市)議員選舉,首次申報,1070809,人事費用支出,林子翔,G12*******,0.00,5000.00,工資或薪津,金錢,宜蘭縣蘇澳鎮****,,
38,邱嘉進,107年縣(市)議員選舉,首次申報,1070810,公共關係費用支出,玉薪花坊,70920753,0.00,3000.00,聯誼交際費用,金錢,宜蘭縣蘇澳鎮****,,
39,邱嘉進,107年縣(市)議員選舉,首次申報,1070813,公共關係費用支出,智忠花苑,98085278,0.00,1600.00,聯誼交際費用,金錢,宜蘭縣冬山鄉****,,
40,邱嘉進,107年縣(市)議員選舉,首次申報,1070813,人事費用支出,曾紫寧,G22*******,0.00,1260.00,工讀薪資,金錢,宜蘭縣蘇澳鎮****,,
41,邱嘉進,107年縣(市)議員選舉,首次申報,1070814,雜支支出,羅東鎮農會食品工廠,41922606,0.00,25000.00,餐飲費用,金錢,宜蘭縣羅東鎮****,,
42,邱嘉進,107年縣(市)議員選舉,首次申報,1070820,雜支支出,其春商號,40582235,0.00,5100.00,飲品,金錢,宜蘭縣冬山鄉****,,
43,邱嘉進,107年縣(市)議員選舉,首次申報,1070820,雜支支出,銘昌文具行,40667254,0.00,1600.00,文具用品費用,金錢,宜蘭縣宜蘭市****,,
44,邱嘉進,107年縣(市)議員選舉,首次申報,1070820,租用競選辦事處支出,川詠事務機器有限公司,54126940,0.00,2090.00,租買辦公設備支出,金錢,宜蘭縣冬山鄉****,,
45,邱嘉進,107年縣(市)議員選舉,首次申報,1070821,宣傳支出,世紀打字印刷社,40601649,0.00,12000.00,製作競選物品支出（文宣）,金錢,宜蘭縣蘇澳鎮****,,
46,邱嘉進,107年縣(市)議員選舉,首次申報,1070825,雜支支出,台灣大創百貨(股)公司羅東分公司,24547085,0.00,156.00,文具用品費用,金錢,宜蘭縣羅東鎮****,,
47,邱嘉進,107年縣(市)議員選舉,首次申報,1070825,雜支支出,九禾堂文化事業(股)公司,25078503,0.00,44.00,文具用品費用,金錢,宜蘭縣羅東鎮****,,
48,邱嘉進,107年縣(市)議員選舉,首次申報,1070827,雜支支出,世紀大字印刷社,40601649,0.00,2710.00,影印紙、感謝狀,金錢,宜蘭縣蘇澳鎮****,,
49,邱嘉進,107年縣(市)議員選舉,首次申報,1070828,宣傳支出,歡樂揪客企業社,42004014,0.00,9000.00,宣傳氣球,金錢,宜蘭縣頭城鎮****,,
50,邱嘉進,107年縣(市)議員選舉,首次申報,1070829,雜支支出,金佺魚丸店,02436826,0.00,1700.00,食材,金錢,宜蘭縣羅東鎮****,,
51,邱嘉進,107年縣(市)議員選舉,首次申報,1070829,雜支支出,金佺魚丸店,02436826,0.00,680.00,食材,金錢,宜蘭縣羅東鎮****,,
52,邱嘉進,107年縣(市)議員選舉,首次申報,1070829,雜支支出,正東五金行,42024763,0.00,240.00,垃圾袋等雜貨,金錢,宜蘭縣羅東鎮****,,
53,邱嘉進,107年縣(市)議員選舉,首次申報,1070829,雜支支出,正東五金行,42024763,0.00,2100.00,餐具等廚房用品,金錢,宜蘭縣羅東鎮****,,
54,邱嘉進,107年縣(市)議員選舉,首次申報,1070830,公共關係費用支出,玉薪花坊,70920753,0.00,3000.00,聯誼交際費用,金錢,宜蘭縣蘇澳鎮****,,
55,邱嘉進,107年縣(市)議員選舉,首次申報,1070831,公共關係費用支出,合佳花坊,14898420,0.00,10000.00,聯誼交際費用,金錢,宜蘭縣蘇澳鎮****,,
56,邱嘉進,107年縣(市)議員選舉,首次申報,1070902,雜支支出,玖億輪胎有限公司,86599081,0.00,6800.00,輪胎更換,金錢,宜蘭縣蘇澳鎮****,,
57,邱嘉進,107年縣(市)議員選舉,首次申報,1070903,雜支支出,其春商號,40582235,0.00,900.00,飲料,金錢,宜蘭縣冬山鄉****,,
58,邱嘉進,107年縣(市)議員選舉,首次申報,1070904,雜支支出,中華電信股份有限公司台灣北區電信分公司宜蘭營運處,19562254,0.00,1962.00,電信費用,金錢,宜蘭縣宜蘭市****,,
59,邱嘉進,107年縣(市)議員選舉,首次申報,1070904,雜支支出,中華電信股份有限公司台灣北區電信分公司宜蘭營運處,19562254,0.00,58.00,電信費用,金錢,宜蘭縣宜蘭市****,,
60,邱嘉進,107年縣(市)議員選舉,首次申報,1070904,雜支支出,台灣電力股份有限公司宜蘭區營業處,40408406,0.00,65.00,水電瓦斯費用,金錢,宜蘭縣宜蘭市****,,
61,邱嘉進,107年縣(市)議員選舉,首次申報,1070904,雜支支出,台灣電力股份有限公司宜蘭區營業處,40408406,0.00,3773.00,水電瓦斯費用,金錢,宜蘭縣宜蘭市****,,
62,邱嘉進,107年縣(市)議員選舉,首次申報,1070904,雜支支出,台灣自來水股份有限公司,52242444,0.00,174.00,水電瓦斯費用,金錢,臺中市北區樂****,,
63,邱嘉進,107年縣(市)議員選舉,首次申報,1070904,雜支支出,台灣自來水股份有限公司,52242444,0.00,117.00,水電瓦斯費用,金錢,臺中市北區樂****,,
64,邱嘉進,107年縣(市)議員選舉,首次申報,1070905,雜支支出,永興昌號,30173416,0.00,4500.00,餐飲費用,金錢,宜蘭縣蘇澳鎮****,,
65,邱嘉進,107年縣(市)議員選舉,首次申報,1070905,人事費用支出,許男光,G10*******,0.00,20000.00,薪資,金錢,宜蘭縣蘇澳鎮****,,
66,邱嘉進,107年縣(市)議員選舉,首次申報,1070905,人事費用支出,李輔山,G12*******,0.00,23000.00,薪資,金錢,宜蘭縣蘇澳鎮****,,
67,邱嘉進,107年縣(市)議員選舉,首次申報,1070905,人事費用支出,曾紫寧,G22*******,0.00,1260.00,工讀薪資,金錢,宜蘭縣蘇澳鎮****,,
68,邱嘉進,107年縣(市)議員選舉,首次申報,1070906,雜支支出,正如益文具行,26567368,0.00,668.00,文具用品費用,金錢,宜蘭縣蘇澳鎮****,,
69,邱嘉進,107年縣(市)議員選舉,首次申報,1070906,雜支支出,正如益文具行,26567368,0.00,712.00,文具用品費用,金錢,宜蘭縣蘇澳鎮****,,
70,邱嘉進,107年縣(市)議員選舉,首次申報,1070906,雜支支出,蘇澳馬賽郵局,95938365,0.00,84.00,郵資,金錢,宜蘭縣蘇澳鎮****,,
71,邱嘉進,107年縣(市)議員選舉,首次申報,1070907,宣傳支出,世紀打字印刷社,40601649,0.00,12000.00,製作競選物品支出（面紙包印刷）,金錢,宜蘭縣蘇澳鎮****,,
72,邱嘉進,107年縣(市)議員選舉,首次申報,1070908,雜支支出,一三五有限公司,42586948,0.00,2152.00,養生奶,金錢,宜蘭縣蘇澳鎮****,,
73,邱嘉進,107年縣(市)議員選舉,首次申報,1070908,雜支支出,玖億輪胎有限公司,86599081,0.00,6000.00,輪胎更換,金錢,宜蘭縣蘇澳鎮****,,
74,邱嘉進,107年縣(市)議員選舉,首次申報,1070910,公共關係費用支出,合佳花坊,14898420,0.00,8000.00,聯誼交際費用,金錢,宜蘭縣蘇澳鎮****,,
75,邱嘉進,107年縣(市)議員選舉,首次申報,1070910,雜支支出,銘昌文具行,40667254,0.00,1800.00,文具用品費用,金錢,宜蘭縣宜蘭市****,,
76,邱嘉進,107年縣(市)議員選舉,首次申報,1070910,公共關係費用支出,李良芬花藝工作室,99779059,0.00,5800.00,聯誼交際費用,金錢,宜蘭縣五結鄉****,,
77,邱嘉進,107年縣(市)議員選舉,首次申報,1070913,雜支支出,新洲全球股份有限公司,23945965,0.00,2250.00,垃圾袋,金錢,臺北市內湖區****,,
78,邱嘉進,107年縣(市)議員選舉,首次申報,1070914,公共關係費用支出,鑫海花藝社,40969286,0.00,4500.00,聯誼交際費用,金錢,宜蘭縣蘇澳鎮****,,
79,邱嘉進,107年縣(市)議員選舉,首次申報,1070914,雜支支出,蘇澳馬賽郵局,95938365,0.00,60.00,郵資,金錢,宜蘭縣蘇澳鎮****,,
80,邱嘉進,107年縣(市)議員選舉,首次申報,1070914,人事費用支出,曾紫寧,G22*******,0.00,910.00,工讀薪資,金錢,宜蘭縣蘇澳鎮****,,
81,邱嘉進,107年縣(市)議員選舉,首次申報,1070915,宣傳支出,世紀打字印刷社,40601649,0.00,12000.00,製作競選物品支出（面紙包印刷）,金錢,宜蘭縣蘇澳鎮****,,
82,邱嘉進,107年縣(市)議員選舉,首次申報,1070917,雜支支出,東慶汽車百貨有限公司,53959965,0.00,250.00,噴漆,金錢,宜蘭縣羅東鎮****,,
83,邱嘉進,107年縣(市)議員選舉,首次申報,1070917,雜支支出,蘇澳馬賽郵局,95938365,0.00,135.00,郵資,金錢,宜蘭縣蘇澳鎮****,,
84,邱嘉進,107年縣(市)議員選舉,首次申報,1070918,雜支支出,正如益文具行,26567368,0.00,1520.00,文具用品費用,金錢,宜蘭縣蘇澳鎮****,,
85,邱嘉進,107年縣(市)議員選舉,首次申報,1070918,雜支支出,源際修理部,42062169,0.00,3550.00,雜項購置或修繕費用,金錢,宜蘭縣冬山鄉****,,
86,邱嘉進,107年縣(市)議員選舉,首次申報,1070918,雜支支出,源際修理部,42062169,0.00,8600.00,雜項購置或修繕費用,金錢,宜蘭縣冬山鄉****,,
87,邱嘉進,107年縣(市)議員選舉,首次申報,1070918,租用競選辦事處支出,川詠事務機器有限公司,54126940,0.00,1900.00,影印機租金及影印費,金錢,宜蘭縣冬山鄉****,,
88,邱嘉進,107年縣(市)議員選舉,首次申報,1070919,雜支支出,小羊茶飲店,10099446,0.00,380.00,飲品,金錢,宜蘭縣蘇澳鎮****,,
89,邱嘉進,107年縣(市)議員選舉,首次申報,1070919,雜支支出,文輝自助餐店,99779115,0.00,420.00,餐飲費用,金錢,宜蘭縣蘇澳鎮****,,
90,邱嘉進,107年縣(市)議員選舉,首次申報,1070919,雜支支出,文輝自助餐店,99779115,0.00,140.00,餐飲費用,金錢,宜蘭縣蘇澳鎮****,,
91,邱嘉進,107年縣(市)議員選舉,首次申報,1070920,雜支支出,宜羅聯股份有限公司,12997022,0.00,2600.00,飲品,金錢,宜蘭縣蘇澳鎮****,,
92,邱嘉進,107年縣(市)議員選舉,首次申報,1070920,公共關係費用支出,合佳花坊,14898420,0.00,3000.00,聯誼交際費用,金錢,宜蘭縣蘇澳鎮****,,
93,邱嘉進,107年縣(市)議員選舉,首次申報,1070920,公共關係費用支出,合佳花坊,14898420,0.00,4000.00,聯誼交際費用,金錢,宜蘭縣蘇澳鎮****,,
94,邱嘉進,107年縣(市)議員選舉,首次申報,1070920,雜支支出,李阿田飯包,41842012,0.00,375.00,餐飲費用,金錢,宜蘭縣羅東鎮****,,
95,邱嘉進,107年縣(市)議員選舉,首次申報,1070920,租用競選辦事處支出,胡明正,G12*******,0.00,60000.00,租用競選辦事處費用,金錢,宜蘭縣羅東鎮****,,
96,邱嘉進,107年縣(市)議員選舉,首次申報,1070921,交通旅運支出,三生計程汽車行,41514405,0.00,9000.00,搭乘交通工具支出,金錢,宜蘭縣羅東鎮****,,
97,邱嘉進,107年縣(市)議員選舉,首次申報,1070921,集會支出,志東企業社,98071154,0.00,6000.00,租用設備支出,金錢,宜蘭縣礁溪鄉****,,
98,邱嘉進,107年縣(市)議員選舉,首次申報,1070922,雜支支出,全聯福利中心,51809502,0.00,404.00,雜項購置或修繕費用,金錢,宜蘭縣蘇澳鎮****,,
99,邱嘉進,107年縣(市)議員選舉,首次申報,1070924,雜支支出,宜羅連股份有限公司,12997022,0.00,1950.00,飲品,金錢,宜蘭縣蘇澳鎮****,,
100,邱嘉進,107年縣(市)議員選舉,首次申報,1070924,雜支支出,蘇澳馬賽郵局,95938365,0.00,400.00,郵資,金錢,宜蘭縣蘇澳鎮****,,
101,邱嘉進,107年縣(市)議員選舉,首次申報,1070925,雜支支出,永興昌號,30173416,0.00,3800.00,雜項購置或修繕費用,金錢,宜蘭縣蘇澳鎮****,,
102,邱嘉進,107年縣(市)議員選舉,首次申報,1070925,雜支支出,順安腳踏車店,41780206,0.00,2000.00,登山車一輛,金錢,宜蘭縣冬山鄉****,,
103,邱嘉進,107年縣(市)議員選舉,首次申報,1070925,公共關係費用支出,玉薪花坊,70920753,0.00,9500.00,聯誼交際費用,金錢,宜蘭縣蘇澳鎮****,,
104,邱嘉進,107年縣(市)議員選舉,首次申報,1070926,雜支支出,楊家海鮮王國商行,72813569,0.00,1270.00,食材,金錢,宜蘭縣蘇澳鎮****,,
105,邱嘉進,107年縣(市)議員選舉,首次申報,1070927,雜支支出,蒼和豆干店,13666372,0.00,600.00,食材,金錢,宜蘭縣宜蘭市****,,
106,邱嘉進,107年縣(市)議員選舉,首次申報,1070927,雜支支出,皇家香燒腊店,14904801,0.00,400.00,食材,金錢,宜蘭縣羅東鎮****,,
107,邱嘉進,107年縣(市)議員選舉,首次申報,1070927,雜支支出,馬賽美食部,99484169,0.00,400.00,餐飲費用,金錢,宜蘭縣蘇澳鎮****,,
108,邱嘉進,107年縣(市)議員選舉,首次申報,1070927,人事費用支出,黃鉦智,G12*******,0.00,560.00,工讀薪資,金錢,宜蘭縣蘇澳鎮****,,
109,邱嘉進,107年縣(市)議員選舉,首次申報,1070928,雜支支出,好事達(股)公司,12632348,0.00,614.00,食材,金錢,宜蘭縣蘇澳鎮****,,
110,邱嘉進,107年縣(市)議員選舉,首次申報,1070928,雜支支出,好事達(股)公司,12632348,0.00,91.00,食材,金錢,宜蘭縣蘇澳鎮****,,
111,邱嘉進,107年縣(市)議員選舉,首次申報,1070928,雜支支出,好事達(股)公司,12632348,0.00,39.00,馬桶刷,金錢,宜蘭縣蘇澳鎮****,,
112,邱嘉進,107年縣(市)議員選舉,首次申報,1070928,雜支支出,金來果菜行,13674324,0.00,1040.00,食材,金錢,,,
113,邱嘉進,107年縣(市)議員選舉,首次申報,1070928,雜支支出,俊峰商行,31733606,0.00,1350.00,飲品,金錢,宜蘭縣羅東鎮****,,
114,邱嘉進,107年縣(市)議員選舉,首次申報,1070928,雜支支出,立安號,40602181,0.00,2300.00,食材,金錢,宜蘭縣蘇澳鎮****,,
115,邱嘉進,107年縣(市)議員選舉,首次申報,1070929,雜支支出,九禾堂文化事業股份有限公司,25078503,0.00,532.00,文具用品費用,金錢,宜蘭縣羅東鎮****,,
116,邱嘉進,107年縣(市)議員選舉,首次申報,1070929,人事費用支出,李輔山,G12*******,0.00,30000.00,薪資,金錢,宜蘭縣蘇澳鎮****,,
117,邱嘉進,107年縣(市)議員選舉,首次申報,1070930,雜支支出,永興昌號,30173416,0.00,6300.00,餐飲費用,金錢,宜蘭縣蘇澳鎮****,,
118,邱嘉進,107年縣(市)議員選舉,首次申報,1070930,雜支支出,其春商號,40582235,0.00,4000.00,飲品,金錢,宜蘭縣冬山鄉****,,
119,邱嘉進,107年縣(市)議員選舉,首次申報,1070930,公共關係費用支出,玉薪花坊,70920753,0.00,3000.00,聯誼交際費用,金錢,宜蘭縣蘇澳鎮****,,
120,邱嘉進,107年縣(市)議員選舉,首次申報,1071001,人事費用支出,許男光,G10*******,0.00,20000.00,工資或薪津,金錢,宜蘭縣蘇澳鎮****,,
121,邱嘉進,107年縣(市)議員選舉,首次申報,1071001,人事費用支出,曾紫寧,G22*******,0.00,1700.00,工讀薪資,金錢,宜蘭縣蘇澳鎮****,,
122,邱嘉進,107年縣(市)議員選舉,首次申報,1071001,人事費用支出,曾紫寧,G22*******,0.00,1680.00,工讀薪資,金錢,宜蘭縣蘇澳鎮****,,
123,邱嘉進,107年縣(市)議員選舉,首次申報,1071002,雜支支出,正文堂,42023722,0.00,500.00,職名章、訂正章,金錢,宜蘭縣羅東鎮****,,
124,邱嘉進,107年縣(市)議員選舉,首次申報,1071002,雜支支出,源際修理部,42062169,0.00,100.00,雜項購置或修繕費用,金錢,宜蘭縣冬山鄉****,,
125,邱嘉進,107年縣(市)議員選舉,首次申報,1071002,雜支支出,新百合商行,66259486,0.00,1450.00,飲品,金錢,宜蘭縣蘇澳鎮****,,
126,邱嘉進,107年縣(市)議員選舉,首次申報,1071002,雜支支出,馬賽美食部,99484169,0.00,560.00,餐飲費用,金錢,宜蘭縣蘇澳鎮****,,
127,邱嘉進,107年縣(市)議員選舉,首次申報,1071004,雜支支出,中華電信股份有限公司台灣北區電信分公司宜蘭營運處,19562254,0.00,1500.00,裝置費,金錢,宜蘭縣宜蘭市****,,
128,邱嘉進,107年縣(市)議員選舉,首次申報,1071004,雜支支出,李阿田飯包,41842012,0.00,660.00,餐飲費用,金錢,宜蘭縣羅東鎮****,,
129,邱嘉進,107年縣(市)議員選舉,首次申報,1071004,雜支支出,勝益金紙行,42023862,0.00,1200.00,金紙、香,金錢,宜蘭縣蘇澳鎮****,,
130,邱嘉進,107年縣(市)議員選舉,首次申報,1071004,雜支支出,勁豪眼鏡行,66264523,0.00,40.00,刻印章,金錢,宜蘭縣蘇澳鎮****,,
131,邱嘉進,107年縣(市)議員選舉,首次申報,1071005,宣傳支出,世紀打字印刷社,40601649,0.00,12500.00,製作競選物品支出（宣傳冊）,金錢,宜蘭縣蘇澳鎮****,,
132,邱嘉進,107年縣(市)議員選舉,首次申報,1071005,人事費用支出,黃鉦智,G12*******,0.00,490.00,工讀薪資,金錢,宜蘭縣蘇澳鎮****,,
133,邱嘉進,107年縣(市)議員選舉,首次申報,1071005,人事費用支出,李進財,G12*******,0.00,28000.00,工資或薪津,金錢,宜蘭縣蘇澳鎮****,,
134,邱嘉進,107年縣(市)議員選舉,首次申報,1071005,人事費用支出,蕭逸珊,G22*******,0.00,24000.00,工資或薪津,金錢,宜蘭縣蘇澳鎮****,,
135,邱嘉進,107年縣(市)議員選舉,首次申報,1071005,人事費用支出,陳映筑,G22*******,0.00,280.00,工讀薪資,金錢,宜蘭縣蘇澳鎮****,,
136,邱嘉進,107年縣(市)議員選舉,首次申報,1071006,公共關係費用支出,合佳花坊,14898420,0.00,5000.00,聯誼交際費用,金錢,宜蘭縣蘇澳鎮****,,
137,邱嘉進,107年縣(市)議員選舉,首次申報,1071006,雜支支出,中華電信股份有限公司台灣北區電信分公司宜蘭營運處,19562254,0.00,76.00,電信費用,金錢,宜蘭縣宜蘭市****,,
138,邱嘉進,107年縣(市)議員選舉,首次申報,1071006,雜支支出,中華電信股份有限公司台灣北區電信分公司宜蘭營運處,19562254,0.00,2442.00,電信費用,金錢,宜蘭縣宜蘭市****,,
139,邱嘉進,107年縣(市)議員選舉,首次申報,1071006,雜支支出,正如益文具行,26567368,0.00,315.00,文具用品費用,金錢,宜蘭縣蘇澳鎮****,,
140,邱嘉進,107年縣(市)議員選舉,首次申報,1071006,人事費用支出,林梅蘭,G22*******,0.00,3000.00,薪資,金錢,宜蘭縣南澳鄉****,,
141,邱嘉進,107年縣(市)議員選舉,首次申報,1071007,雜支支出,好事達股份有限公司,12632348,0.00,605.00,雜項購置或修繕費用,金錢,宜蘭縣蘇澳鎮****,,
142,邱嘉進,107年縣(市)議員選舉,首次申報,1071008,雜支支出,永興昌號,30173416,0.00,5450.00,飲品,金錢,宜蘭縣蘇澳鎮****,,
143,邱嘉進,107年縣(市)議員選舉,首次申報,1071008,雜支支出,力大角鋼行,40608880,0.00,2500.00,組合架,金錢,宜蘭縣羅東鎮****,,
144,邱嘉進,107年縣(市)議員選舉,首次申報,1071008,公共關係費用支出,鑫海花藝社,40969286,0.00,6000.00,聯誼交際費用,金錢,宜蘭縣蘇澳鎮****,,
145,邱嘉進,107年縣(市)議員選舉,首次申報,1071008,雜支支出,李阿田飯包,41842012,0.00,300.00,餐飲費用,金錢,宜蘭縣羅東鎮****,,
146,邱嘉進,107年縣(市)議員選舉,首次申報,1071009,雜支支出,李阿田飯包,41842012,0.00,225.00,餐飲費用,金錢,宜蘭縣羅東鎮****,,
147,邱嘉進,107年縣(市)議員選舉,首次申報,1071010,公共關係費用支出,李良芬花藝工作室,99779059,0.00,2000.00,聯誼交際費用,金錢,宜蘭縣五結鄉****,,
148,邱嘉進,107年縣(市)議員選舉,首次申報,1071011,雜支支出,果山行,41634513,0.00,1200.00,輕便雨衣,金錢,宜蘭縣蘇澳鎮****,,
149,邱嘉進,107年縣(市)議員選舉,首次申報,1071012,雜支支出,正如益文具行,26567368,0.00,162.00,文具用品費用,金錢,宜蘭縣蘇澳鎮****,,
150,邱嘉進,107年縣(市)議員選舉,首次申報,1071012,雜支支出,銘昌文具行,40667254,0.00,1860.00,文具用品費用,金錢,宜蘭縣宜蘭市****,,
151,邱嘉進,107年縣(市)議員選舉,首次申報,1071013,雜支支出,好事達(股)公司,12632348,0.00,1134.00,雜項購置或修繕費用,金錢,宜蘭縣蘇澳鎮****,,
152,邱嘉進,107年縣(市)議員選舉,首次申報,1071014,雜支支出,玉山水果行,42041658,0.00,5200.00,水果,金錢,宜蘭縣羅東鎮****,,
153,邱嘉進,107年縣(市)議員選舉,首次申報,1071014,公共關係費用支出,李良芬花藝工作室,99779059,0.00,2000.00,聯誼交際費用,金錢,宜蘭縣五結鄉****,,
154,邱嘉進,107年縣(市)議員選舉,首次申報,1071014,公共關係費用支出,李良芬花藝工作室,99779059,0.00,5000.00,聯誼交際費用,金錢,宜蘭縣五結鄉****,,
155,邱嘉進,107年縣(市)議員選舉,首次申報,1071015,雜支支出,永全行,02396274,0.00,5840.00,青菜,金錢,宜蘭縣蘇澳鎮****,,
156,邱嘉進,107年縣(市)議員選舉,首次申報,1071015,雜支支出,金來果菜行,13674324,0.00,3600.00,水果,金錢,,,
157,邱嘉進,107年縣(市)議員選舉,首次申報,1071015,雜支支出,榮昱行,17929734,0.00,315.00,文具用品費用,金錢,宜蘭縣羅東鎮****,,
158,邱嘉進,107年縣(市)議員選舉,首次申報,1071015,雜支支出,全力煙火專賣店,34788386,0.00,20000.00,煙火一批,金錢,宜蘭縣冬山鄉****,,
159,邱嘉進,107年縣(市)議員選舉,首次申報,1071015,宣傳支出,世紀打字印刷社,40601649,0.00,12000.00,製作競選物品支出（宣傳PP）,金錢,宜蘭縣蘇澳鎮****,,
160,邱嘉進,107年縣(市)議員選舉,首次申報,1071015,宣傳支出,蘇澳馬賽郵局,95938365,0.00,1062.00,郵寄競選物品或宣傳廣告支出,金錢,宜蘭縣蘇澳鎮****,,
161,邱嘉進,107年縣(市)議員選舉,首次申報,1071015,公共關係費用支出,李良芬花藝工作室,99779059,0.00,2000.00,聯誼交際費用,金錢,宜蘭縣五結鄉****,,
162,邱嘉進,107年縣(市)議員選舉,首次申報,1071016,雜支支出,榮昱行,17929434,0.00,525.00,文具用品費用,金錢,宜蘭縣羅東鎮****,,
163,邱嘉進,107年縣(市)議員選舉,首次申報,1071016,雜支支出,馬賽美食部,99484169,0.00,800.00,餐飲費用,金錢,宜蘭縣蘇澳鎮****,,
164,邱嘉進,107年縣(市)議員選舉,首次申報,1071017,雜支支出,圓津魚號,13665388,0.00,50000.00,海鮮,金錢,宜蘭縣蘇澳鎮****,,
165,邱嘉進,107年縣(市)議員選舉,首次申報,1071017,雜支支出,圓津魚號,13665388,0.00,49000.00,海鮮,金錢,宜蘭縣蘇澳鎮****,,
166,邱嘉進,107年縣(市)議員選舉,首次申報,1071017,雜支支出,大王國際股份有限公司,16548390,0.00,255.00,噴漆,金錢,宜蘭縣蘇澳鎮****,,
167,邱嘉進,107年縣(市)議員選舉,首次申報,1071017,雜支支出,立安號,40602181,0.00,1700.00,食材,金錢,宜蘭縣蘇澳鎮****,,
168,邱嘉進,107年縣(市)議員選舉,首次申報,1071017,雜支支出,永樂碾米工廠,41594202,0.00,9100.00,白米,金錢,宜蘭縣蘇澳鎮****,,
169,邱嘉進,107年縣(市)議員選舉,首次申報,1071017,雜支支出,一三五有限公司,42586948,0.00,1240.00,養生奶,金錢,宜蘭縣蘇澳鎮****,,
170,邱嘉進,107年縣(市)議員選舉,首次申報,1071017,租用競選辦事處支出,川詠事務機器有限公司,54126940,0.00,1984.00,影印機租金及影印費,金錢,宜蘭縣冬山鄉****,,
171,邱嘉進,107年縣(市)議員選舉,首次申報,1071017,宣傳支出,蘇澳馬賽郵局,95938365,0.00,10152.00,郵寄競選物品或宣傳廣告支出,金錢,宜蘭縣蘇澳鎮****,,
172,邱嘉進,107年縣(市)議員選舉,首次申報,1071017,宣傳支出,蘇澳馬賽郵局,95938365,0.00,3240.00,郵寄競選物品或宣傳廣告支出,金錢,宜蘭縣蘇澳鎮****,,
173,邱嘉進,107年縣(市)議員選舉,首次申報,1071017,雜支支出,馬賽美食部,99484169,0.00,720.00,餐飲費用,金錢,宜蘭縣蘇澳鎮****,,
174,邱嘉進,107年縣(市)議員選舉,首次申報,1071017,人事費用支出,廖芸汎,F22*******,0.00,210.00,工讀薪資,金錢,宜蘭縣蘇澳鎮****,,
175,邱嘉進,107年縣(市)議員選舉,首次申報,1071017,人事費用支出,廖芸汎,F22*******,0.00,490.00,工讀薪資,金錢,宜蘭縣蘇澳鎮****,,
176,邱嘉進,107年縣(市)議員選舉,首次申報,1071017,人事費用支出,黃鉦智,G12*******,0.00,910.00,工讀薪資,金錢,宜蘭縣蘇澳鎮****,,
177,邱嘉進,107年縣(市)議員選舉,首次申報,1071017,人事費用支出,曾紫寧,G22*******,0.00,1960.00,工讀薪資,金錢,宜蘭縣蘇澳鎮****,,
178,邱嘉進,107年縣(市)議員選舉,首次申報,1071018,雜支支出,橋發菓菜行,,0.00,698.00,食材,金錢,宜蘭縣蘇澳鎮****,,
179,邱嘉進,107年縣(市)議員選舉,首次申報,1071018,雜支支出,金佺魚丸,02436826,0.00,360.00,食材,金錢,宜蘭縣羅東鎮****,,
180,邱嘉進,107年縣(市)議員選舉,首次申報,1071018,雜支支出,和信食品行,14893255,0.00,170.00,食品,金錢,宜蘭縣羅東鎮****,,
181,邱嘉進,107年縣(市)議員選舉,首次申報,1071018,雜支支出,永興昌號,30173416,0.00,3325.00,各項食品,金錢,宜蘭縣蘇澳鎮****,,
182,邱嘉進,107年縣(市)議員選舉,首次申報,1071018,雜支支出,永久雨衣帆布行,41571117,0.00,800.00,透明套,金錢,宜蘭縣羅東鎮****,,
183,邱嘉進,107年縣(市)議員選舉,首次申報,1071018,雜支支出,福昌肉店,42042684,0.00,2930.00,肉品,金錢,宜蘭縣五結鄉****,,
184,邱嘉進,107年縣(市)議員選舉,首次申報,1071018,雜支支出,展宏鏡框行,42071723,0.00,700.00,毛玻璃,金錢,宜蘭縣蘇澳鎮****,,
185,邱嘉進,107年縣(市)議員選舉,首次申報,1071018,宣傳支出,蘇澳馬賽郵局,95938365,0.00,1594.00,郵寄競選物品或宣傳廣告支出,金錢,宜蘭縣蘇澳鎮****,,
186,邱嘉進,107年縣(市)議員選舉,首次申報,1071019,雜支支出,吳松德,,0.00,1280.00,水果,金錢,,,
187,邱嘉進,107年縣(市)議員選舉,首次申報,1071019,雜支支出,蘇澳雞店,,0.00,2322.00,食材,金錢,宜蘭縣蘇澳鎮****,,
188,邱嘉進,107年縣(市)議員選舉,首次申報,1071019,雜支支出,苔久屋餅行,29368878,0.00,475.00,糖果,金錢,宜蘭縣羅東鎮****,,
189,邱嘉進,107年縣(市)議員選舉,首次申報,1071019,交通旅運支出,台灣中油蘇澳加油站,41557403,0.00,1229.00,油資,金錢,,,
190,邱嘉進,107年縣(市)議員選舉,首次申報,1071019,雜支支出,果山行,41634513,0.00,937.00,紙盤,金錢,宜蘭縣蘇澳鎮****,,
191,邱嘉進,107年縣(市)議員選舉,首次申報,1071019,雜支支出,曹波記商行,41763207,0.00,4115.00,輕便雨衣、廚房用品,金錢,宜蘭縣蘇澳鎮****,,
192,邱嘉進,107年縣(市)議員選舉,首次申報,1071019,雜支支出,南方澳魚丸,41894616,0.00,3000.00,餐飲費用,金錢,宜蘭縣蘇澳鎮****,,
193,邱嘉進,107年縣(市)議員選舉,首次申報,1071019,雜支支出,德明鮮肉號,42096219,0.00,3550.00,食材,金錢,宜蘭縣羅東鎮****,,
194,邱嘉進,107年縣(市)議員選舉,首次申報,1071019,雜支支出,茂基菓菜行,49940780,0.00,2070.00,食材,金錢,宜蘭縣五結鄉****,,
195,邱嘉進,107年縣(市)議員選舉,首次申報,1071019,雜支支出,名點屋蛋糕囍餅,78236360,0.00,1160.00,餐飲費用,金錢,宜蘭縣五結鄉****,,
196,邱嘉進,107年縣(市)議員選舉,首次申報,1071019,人事費用支出,黃月珠,E22*******,0.00,1000.00,工資或薪津,金錢,宜蘭縣蘇澳鎮****,,
197,邱嘉進,107年縣(市)議員選舉,首次申報,1071019,人事費用支出,林俊賢,G12*******,0.00,1000.00,工資或薪津,金錢,宜蘭縣蘇澳鎮****,,
198,邱嘉進,107年縣(市)議員選舉,首次申報,1071019,人事費用支出,陳秀鸞,G20*******,0.00,1000.00,工資或薪津,金錢,宜蘭縣蘇澳鎮****,,
199,邱嘉進,107年縣(市)議員選舉,首次申報,1071019,人事費用支出,郭月娥,G20*******,0.00,1000.00,工資或薪津,金錢,宜蘭縣蘇澳鎮****,,
200,邱嘉進,107年縣(市)議員選舉,首次申報,1071019,人事費用支出,陳鄭麗香,G20*******,0.00,1000.00,工資或薪津,金錢,宜蘭縣蘇澳鎮****,,
201,邱嘉進,107年縣(市)議員選舉,首次申報,1071019,人事費用支出,莊素如,G20*******,0.00,1000.00,工資或薪津,金錢,宜蘭縣蘇澳鎮****,,
202,邱嘉進,107年縣(市)議員選舉,首次申報,1071019,人事費用支出,陳惠燕,G22*******,0.00,1000.00,工資或薪津,金錢,宜蘭縣蘇澳鎮****,,
203,邱嘉進,107年縣(市)議員選舉,首次申報,1071019,人事費用支出,郭惠珠,G22*******,0.00,1000.00,工資或薪津,金錢,宜蘭縣蘇澳鎮****,,
204,邱嘉進,107年縣(市)議員選舉,首次申報,1071019,人事費用支出,郭惠卿,G22*******,0.00,1000.00,工資或薪津,金錢,宜蘭縣蘇澳鎮****,,
205,邱嘉進,107年縣(市)議員選舉,首次申報,1071019,人事費用支出,陳素麗,G22*******,0.00,5000.00,工資或薪津,金錢,宜蘭縣蘇澳鎮****,,
206,邱嘉進,107年縣(市)議員選舉,首次申報,1071019,人事費用支出,張碧雲,V22*******,0.00,3500.00,工資或薪津,金錢,宜蘭縣五結鄉****,,
207,邱嘉進,107年縣(市)議員選舉,首次申報,1071019,人事費用支出,洪玉來,X22*******,0.00,1000.00,工資或薪津,金錢,宜蘭縣蘇澳鎮****,,
208,邱嘉進,107年縣(市)議員選舉,首次申報,1071020,公共關係費用支出,詩情花意館,13670559,0.00,800.00,聯誼交際費用,金錢,宜蘭市復興路****,,
209,邱嘉進,107年縣(市)議員選舉,首次申報,1071020,雜支支出,大王國際股份有限公司,16548390,0.00,220.00,雜項購置或修繕費用,金錢,宜蘭縣蘇澳鎮****,,
210,邱嘉進,107年縣(市)議員選舉,首次申報,1071021,雜支支出,好事達(股)公司,12632348,0.00,272.00,雜項購置或修繕費用,金錢,宜蘭縣蘇澳鎮****,,
211,邱嘉進,107年縣(市)議員選舉,首次申報,1071021,雜支支出,金來果菜行,13674324,0.00,480.00,食材,金錢,,,
212,邱嘉進,107年縣(市)議員選舉,首次申報,1071021,宣傳支出,世紀打字印刷社,40601649,0.00,12000.00,製作競選物品支出（宣傳單）,金錢,宜蘭縣蘇澳鎮****,,
213,邱嘉進,107年縣(市)議員選舉,首次申報,1071021,雜支支出,探險家工作室,50712412,0.00,6240.00,餐飲費用,金錢,宜蘭縣蘇澳鎮****,,
214,邱嘉進,107年縣(市)議員選舉,首次申報,1071021,公共關係費用支出,李良芬花藝工作室,99779059,0.00,2500.00,聯誼交際費用,金錢,宜蘭縣五結鄉****,,
215,邱嘉進,107年縣(市)議員選舉,首次申報,1071022,雜支支出,大王國際股份有限公司,16548390,0.00,450.00,延長線,金錢,宜蘭縣蘇澳鎮****,,
216,邱嘉進,107年縣(市)議員選舉,首次申報,1071023,雜支支出,展源企業社,13665182,0.00,360.00,束帶,金錢,宜蘭縣蘇澳鎮****,,
217,邱嘉進,107年縣(市)議員選舉,首次申報,1071023,雜支支出,大王國際股份有限公司,16548390,0.00,130.00,雜項購置或修繕費用,金錢,宜蘭縣蘇澳鎮****,,
218,邱嘉進,107年縣(市)議員選舉,首次申報,1071023,雜支支出,富邦媒體科技股份有限公司,27365925,0.00,1054.00,雜項購置或修繕費用,金錢,臺北市內湖區****,,
219,邱嘉進,107年縣(市)議員選舉,首次申報,1071023,雜支支出,益蓮雜貨行,40572927,0.00,6979.00,雜項購置或修繕費用,金錢,宜蘭縣羅東鎮****,,
220,邱嘉進,107年縣(市)議員選舉,首次申報,1071023,公共關係費用支出,鑫海花藝社,40969286,0.00,2000.00,聯誼交際費用,金錢,宜蘭縣蘇澳鎮****,,
221,邱嘉進,107年縣(市)議員選舉,首次申報,1071023,雜支支出,正興文具行,78238803,0.00,1170.00,文具用品費用,金錢,宜蘭縣羅東鎮****,,
222,邱嘉進,107年縣(市)議員選舉,首次申報,1071023,雜支支出,馬賽美食部,99484169,0.00,300.00,餐飲費用,金錢,宜蘭縣蘇澳鎮****,,
223,邱嘉進,107年縣(市)議員選舉,首次申報,1071023,公共關係費用支出,李良芬花藝工作室,99779059,0.00,1800.00,聯誼交際費用,金錢,宜蘭縣五結鄉****,,
224,邱嘉進,107年縣(市)議員選舉,首次申報,1071023,人事費用支出,黃鉦智,G12*******,0.00,1470.00,工資或薪津,金錢,宜蘭縣蘇澳鎮****,,
225,邱嘉進,107年縣(市)議員選舉,首次申報,1071024,宣傳支出,簡訊王數位媒體有限公司,28321094,0.00,8900.00,發送電信簡訊支出,金錢,臺北市內湖區****,,
226,邱嘉進,107年縣(市)議員選舉,首次申報,1071024,公共關係費用支出,鑫海花藝社,40969286,0.00,2000.00,聯誼交際費用,金錢,宜蘭縣蘇澳鎮****,,
227,邱嘉進,107年縣(市)議員選舉,首次申報,1071024,雜支支出,勁豪眼鏡行,66264523,0.00,80.00,刻印章,金錢,宜蘭縣蘇澳鎮****,,
228,邱嘉進,107年縣(市)議員選舉,首次申報,1071024,宣傳支出,慶岳實業社,77015142,0.00,29000.00,製作競選物品支出（帽子）,金錢,宜蘭縣礁溪鄉****,,
229,邱嘉進,107年縣(市)議員選舉,首次申報,1071024,雜支支出,蘇澳馬賽郵局,95938365,0.00,460.00,郵資,金錢,宜蘭縣蘇澳鎮****,,
230,邱嘉進,107年縣(市)議員選舉,首次申報,1071024,雜支支出,馬賽美食部,99484169,0.00,720.00,餐飲費用,金錢,宜蘭縣蘇澳鎮****,,
231,邱嘉進,107年縣(市)議員選舉,首次申報,1071025,雜支支出,耳東小館,40972114,0.00,900.00,餐飲費用,金錢,宜蘭縣蘇澳鎮****,,
232,邱嘉進,107年縣(市)議員選舉,首次申報,1071025,雜支支出,果山行,41634513,0.00,2790.00,免洗餐具,金錢,宜蘭縣蘇澳鎮****,,
233,邱嘉進,107年縣(市)議員選舉,首次申報,1071025,宣傳支出,慶岳實業社,77015142,0.00,30000.00,製作競選物品支出（手搖旗）,金錢,宜蘭縣礁溪鄉****,,
234,邱嘉進,107年縣(市)議員選舉,首次申報,1071025,雜支支出,蘇澳馬賽郵局,95938365,0.00,168.00,郵資,金錢,宜蘭縣蘇澳鎮****,,
235,邱嘉進,107年縣(市)議員選舉,首次申報,1071026,公共關係費用支出,合佳花坊,14898420,0.00,5000.00,聯誼交際費用,金錢,宜蘭縣蘇澳鎮****,,
236,邱嘉進,107年縣(市)議員選舉,首次申報,1071026,雜支支出,中華電信股份有限公司台灣北區電信分公司宜蘭營運處,19562254,0.00,500.00,接線費,金錢,宜蘭縣宜蘭市****,,
237,邱嘉進,107年縣(市)議員選舉,首次申報,1071026,雜支支出,中華電信股份有限公司台灣北區電信分公司宜蘭營運處,19562254,0.00,500.00,接線費,金錢,宜蘭縣宜蘭市****,,
238,邱嘉進,107年縣(市)議員選舉,首次申報,1071026,雜支支出,正如益文具行,26567368,0.00,411.00,文具用品費用,金錢,宜蘭縣蘇澳鎮****,,
239,邱嘉進,107年縣(市)議員選舉,首次申報,1071026,雜支支出,李阿田飯包,41842012,0.00,600.00,餐飲費用,金錢,宜蘭縣羅東鎮****,,
240,邱嘉進,107年縣(市)議員選舉,首次申報,1071026,雜支支出,勝益金紙店,42023862,0.00,200.00,紅紙,金錢,宜蘭縣蘇澳鎮****,,
241,邱嘉進,107年縣(市)議員選舉,首次申報,1071026,雜支支出,宏達塑膠行,42079020,0.00,395.00,雜項購置或修繕費用,金錢,宜蘭縣羅東鎮****,,
242,邱嘉進,107年縣(市)議員選舉,首次申報,1071026,雜支支出,勁豪眼鏡行,66264523,0.00,120.00,刻印章,金錢,宜蘭縣蘇澳鎮****,,
243,邱嘉進,107年縣(市)議員選舉,首次申報,1071026,雜支支出,皇國商行,72631054,0.00,690.00,食材,金錢,宜蘭縣五結鄉****,,
244,邱嘉進,107年縣(市)議員選舉,首次申報,1071026,宣傳支出,慶岳實業社,77015142,0.00,34800.00,製作競選物品支出（帽子）,金錢,宜蘭縣礁溪鄉****,,
245,邱嘉進,107年縣(市)議員選舉,首次申報,1071026,宣傳支出,慶岳實業社,77015142,0.00,15000.00,製作競選物品支出（戰旗*尺）,金錢,宜蘭縣礁溪鄉****,,
246,邱嘉進,107年縣(市)議員選舉,首次申報,1071027,雜支支出,鑫順水電行,02426220,0.00,1500.00,雜項購置或修繕費用,金錢,宜蘭縣蘇澳鎮****,,
247,邱嘉進,107年縣(市)議員選舉,首次申報,1071027,雜支支出,鑫順水電行,02426220,0.00,6400.00,雜項購置或修繕費用,金錢,宜蘭縣蘇澳鎮****,,
248,邱嘉進,107年縣(市)議員選舉,首次申報,1071027,雜支支出,弘裕金香舖,19584877,0.00,600.00,雜項購置或修繕費用,金錢,宜蘭縣蘇澳鎮****,,
249,邱嘉進,107年縣(市)議員選舉,首次申報,1071027,雜支支出,立安號,40602181,0.00,5100.00,肉品,金錢,宜蘭縣蘇澳鎮****,,
250,邱嘉進,107年縣(市)議員選舉,首次申報,1071027,雜支支出,李阿田飯包,41842012,0.00,825.00,餐飲費用,金錢,宜蘭縣羅東鎮****,,
251,邱嘉進,107年縣(市)議員選舉,首次申報,1071027,宣傳支出,歡樂揪客企業社,42004014,0.00,9000.00,宣傳氣球,金錢,宜蘭縣頭城鎮****,,
252,邱嘉進,107年縣(市)議員選舉,首次申報,1071027,雜支支出,福昌肉店,42042684,0.00,9660.00,肉品,金錢,五結鄉利澤村****,,
253,邱嘉進,107年縣(市)議員選舉,首次申報,1071027,雜支支出,文昌雜貨行,42074453,0.00,18480.00,雜項購置或修繕費用,金錢,宜蘭縣蘇澳鎮****,,
254,邱嘉進,107年縣(市)議員選舉,首次申報,1071027,雜支支出,德明鮮肉號,42096219,0.00,6900.00,餐飲費用,金錢,宜蘭縣羅東鎮****,,
255,邱嘉進,107年縣(市)議員選舉,首次申報,1071027,雜支支出,綠屋水果鋪,49817304,0.00,1200.00,水果籃,金錢,宜蘭縣蘇澳鎮****,,
256,邱嘉進,107年縣(市)議員選舉,首次申報,1071027,雜支支出,茂基菓菜行,49940780,0.00,7650.00,食材,金錢,宜蘭縣五結鄉****,,
257,邱嘉進,107年縣(市)議員選舉,首次申報,1071027,雜支支出,金佳食品行,50715305,0.00,685.00,食材,金錢,宜蘭縣羅東鎮****,,
258,邱嘉進,107年縣(市)議員選舉,首次申報,1071027,雜支支出,馬賽美食部,99484169,0.00,640.00,餐飲費用,金錢,宜蘭縣蘇澳鎮****,,
259,邱嘉進,107年縣(市)議員選舉,首次申報,1071028,雜支支出,吳松德,,0.00,4300.00,水果,金錢,,,
260,邱嘉進,107年縣(市)議員選舉,首次申報,1071028,雜支支出,永興昌號,30173416,0.00,4800.00,米粿,金錢,宜蘭縣蘇澳鎮****,,
261,邱嘉進,107年縣(市)議員選舉,首次申報,1071028,雜支支出,一三五有限公司,42586948,0.00,30.00,文具用品費用,金錢,宜蘭縣蘇澳鎮****,,
262,邱嘉進,107年縣(市)議員選舉,首次申報,1071028,雜支支出,張合發獸肉號,77068935,0.00,4600.00,食材,金錢,宜蘭縣蘇澳鎮****,,
263,邱嘉進,107年縣(市)議員選舉,首次申報,1071028,雜支支出,名點屋蛋糕囍餅,78236360,0.00,1410.00,餐飲費用,金錢,宜蘭縣五結鄉****,,
264,邱嘉進,107年縣(市)議員選舉,首次申報,1071028,雜支支出,頂好羅東分公司,86381963,0.00,313.00,雜項購置或修繕費用,金錢,宜蘭縣羅東鎮****,,
265,邱嘉進,107年縣(市)議員選舉,首次申報,1071028,集會支出,志東企業社,98071154,0.00,64000.00,租用設備支出,金錢,宜蘭縣礁溪鄉****,,
266,邱嘉進,107年縣(市)議員選舉,首次申報,1071028,集會支出,志東企業社,98071154,0.00,65000.00,租用設備支出,金錢,宜蘭縣礁溪鄉****,,
267,邱嘉進,107年縣(市)議員選舉,首次申報,1071028,集會支出,志東企業社,98071154,0.00,69000.00,租用設備支出,金錢,宜蘭縣礁溪鄉****,,
268,邱嘉進,107年縣(市)議員選舉,首次申報,1071028,公共關係費用支出,李良芬花藝工作室,99779059,0.00,5800.00,聯誼交際費用,金錢,宜蘭縣五結鄉****,,
269,邱嘉進,107年縣(市)議員選舉,首次申報,1071029,交通旅運支出,三生計程汽車行,41514405,0.00,9300.00,搭乘交通工具支出,金錢,宜蘭縣羅東鎮****,,
270,邱嘉進,107年縣(市)議員選舉,首次申報,1071029,雜支支出,蘇澳馬賽郵局,95938365,0.00,685.00,郵資,金錢,宜蘭縣蘇澳鎮****,,
271,邱嘉進,107年縣(市)議員選舉,首次申報,1071030,公共關係費用支出,合佳花坊,14898420,0.00,2500.00,聯誼交際費用,金錢,宜蘭縣蘇澳鎮****,,
272,邱嘉進,107年縣(市)議員選舉,首次申報,1071030,公共關係費用支出,合佳花坊,14898420,0.00,1000.00,聯誼交際費用,金錢,宜蘭縣蘇澳鎮****,,
273,邱嘉進,107年縣(市)議員選舉,首次申報,1071030,雜支支出,大王國際股份有限公司,16548390,0.00,604.00,文具用品費用,金錢,宜蘭縣蘇澳鎮****,,
274,邱嘉進,107年縣(市)議員選舉,首次申報,1071030,雜支支出,永興昌號,30173416,0.00,3480.00,飲品,金錢,宜蘭縣蘇澳鎮****,,
275,邱嘉進,107年縣(市)議員選舉,首次申報,1071030,雜支支出,益蓮雜貨行,40572927,0.00,1585.00,雜項購置或修繕費用,金錢,宜蘭縣羅東鎮****,,
276,邱嘉進,107年縣(市)議員選舉,首次申報,1071030,雜支支出,全利雜貨行,41881915,0.00,450.00,食材,金錢,宜蘭縣蘇澳鎮****,,
277,邱嘉進,107年縣(市)議員選舉,首次申報,1071030,雜支支出,一三五有限公司,42586948,0.00,210.00,文具用品費用,金錢,宜蘭縣蘇澳鎮****,,
278,邱嘉進,107年縣(市)議員選舉,首次申報,1071030,宣傳支出,慶岳實業社,77015142,0.00,37500.00,製作競選物品支出（PP板）,金錢,宜蘭縣礁溪鄉****,,
279,邱嘉進,107年縣(市)議員選舉,首次申報,1071030,宣傳支出,慶岳實業社,77015142,0.00,12000.00,製作競選物品支出（背心）,金錢,宜蘭縣礁溪鄉****,,
280,邱嘉進,107年縣(市)議員選舉,首次申報,1071030,人事費用支出,曾紫寧,G22*******,0.00,3930.00,工資或薪津,金錢,宜蘭縣蘇澳鎮****,,
281,邱嘉進,107年縣(市)議員選舉,首次申報,1071031,租用宣傳車輛支出,天佑科技工程行,26572664,0.00,18600.00,維修宣傳車輛支出,金錢,宜蘭縣五結鄉****,,
282,邱嘉進,107年縣(市)議員選舉,首次申報,1071031,雜支支出,瑞益五金行,26752429,0.00,3780.00,雜項購置或修繕費用,金錢,,,
283,邱嘉進,107年縣(市)議員選舉,首次申報,1071031,雜支支出,其春商號,40582235,0.00,4000.00,飲品,金錢,宜蘭縣冬山鄉****,,
284,邱嘉進,107年縣(市)議員選舉,首次申報,1071031,雜支支出,玉山水果行,42041658,0.00,6950.00,水果,金錢,宜蘭縣羅東鎮****,,
285,邱嘉進,107年縣(市)議員選舉,首次申報,1071031,雜支支出,宏和企業社,42085753,0.00,800.00,雜項購置或修繕費用,金錢,宜蘭縣蘇澳鎮****,,
286,邱嘉進,107年縣(市)議員選舉,首次申報,1071031,雜支支出,名點屋蛋糕囍餅,78236360,0.00,800.00,餐飲費用,金錢,宜蘭縣五結鄉****,,
287,邱嘉進,107年縣(市)議員選舉,首次申報,1071031,人事費用支出,黃奕穎,G22*******,0.00,490.00,工資或薪津,金錢,宜蘭縣五結鄉****,,
288,邱嘉進,107年縣(市)議員選舉,首次申報,1071031,人事費用支出,林梅蘭,G22*******,0.00,3000.00,工資或薪津,金錢,宜蘭縣南澳鄉****,,
289,邱嘉進,107年縣(市)議員選舉,首次申報,1071101,宣傳支出,世紀打字印刷社,40601649,0.00,12000.00,製作競選物品支出（文宣）,金錢,宜蘭縣蘇澳鎮****,,
290,邱嘉進,107年縣(市)議員選舉,首次申報,1071101,公共關係費用支出,鑫海花藝社,40969286,0.00,6000.00,聯誼交際費用,金錢,宜蘭縣蘇澳鎮****,,
291,邱嘉進,107年縣(市)議員選舉,首次申報,1071101,雜支支出,宏和企業社,42085753,0.00,800.00,透明帆布,金錢,宜蘭縣蘇澳鎮****,,
292,邱嘉進,107年縣(市)議員選舉,首次申報,1071101,雜支支出,龍澤便利商店,67905027,0.00,1950.00,菸品,金錢,宜蘭縣五結鄉****,,
293,邱嘉進,107年縣(市)議員選舉,首次申報,1071101,雜支支出,蘇澳馬賽郵局,95938365,0.00,28.00,郵資,金錢,宜蘭縣蘇澳鎮****,,
294,邱嘉進,107年縣(市)議員選舉,首次申報,1071101,雜支支出,建和中藥行,98081553,0.00,750.00,食材,金錢,宜蘭縣五結鄉****,,
295,邱嘉進,107年縣(市)議員選舉,首次申報,1071101,人事費用支出,廖芸汎,F22*******,0.00,2600.00,工資或薪津,金錢,宜蘭縣蘇澳鎮****,,
296,邱嘉進,107年縣(市)議員選舉,首次申報,1071101,人事費用支出,許男光,G10*******,0.00,25000.00,工資或薪津,金錢,宜蘭縣蘇澳鎮****,,
297,邱嘉進,107年縣(市)議員選舉,首次申報,1071101,人事費用支出,李輔山,G12*******,0.00,30000.00,工資或薪津,金錢,宜蘭縣蘇澳鎮****,,
298,邱嘉進,107年縣(市)議員選舉,首次申報,1071101,人事費用支出,蕭逸珊,G22*******,0.00,24000.00,工資或薪津,金錢,宜蘭縣蘇澳鎮****,,
299,邱嘉進,107年縣(市)議員選舉,首次申報,1071101,人事費用支出,陳映筑,G22*******,0.00,280.00,工資或薪津,金錢,宜蘭縣蘇澳鎮****,,
300,邱嘉進,107年縣(市)議員選舉,首次申報,1071101,人事費用支出,陳映筑,G22*******,0.00,420.00,工資或薪津,金錢,宜蘭縣蘇澳鎮****,,
301,邱嘉進,107年縣(市)議員選舉,首次申報,1071101,人事費用支出,陳慧茹,G22*******,0.00,3080.00,工資或薪津,金錢,宜蘭縣蘇澳鎮****,,
302,邱嘉進,107年縣(市)議員選舉,首次申報,1071102,雜支支出,迎冠電器實業社,26785625,0.00,44000.00,冷氣,金錢,宜蘭縣蘇澳鎮****,,
303,邱嘉進,107年縣(市)議員選舉,首次申報,1071102,雜支支出,益蓮雜貨行,40572927,0.00,364.00,雜項購置或修繕費用,金錢,宜蘭縣羅東鎮****,,
304,邱嘉進,107年縣(市)議員選舉,首次申報,1071102,雜支支出,果山行,41634513,0.00,560.00,免洗餐具,金錢,宜蘭縣蘇澳鎮****,,
305,邱嘉進,107年縣(市)議員選舉,首次申報,1071102,公共關係費用支出,喬美花店,49800768,0.00,9000.00,聯誼交際費用,金錢,宜蘭縣蘇澳鎮****,,
306,邱嘉進,107年縣(市)議員選舉,首次申報,1071102,宣傳支出,慶岳實業社,77015142,0.00,38000.00,製作競選物品支出（戰旗*尺）,金錢,宜蘭縣礁溪鄉****,,
307,邱嘉進,107年縣(市)議員選舉,首次申報,1071102,宣傳支出,慶岳實業社,77015142,0.00,38000.00,製作競選物品支出（戰旗*尺）,金錢,宜蘭縣礁溪鄉****,,
308,邱嘉進,107年縣(市)議員選舉,首次申報,1071102,宣傳支出,慶岳實業社,77015142,0.00,38000.00,製作競選物品支出（戰旗*尺）,金錢,宜蘭縣礁溪鄉****,,
309,邱嘉進,107年縣(市)議員選舉,首次申報,1071102,宣傳支出,慶岳實業社,77015142,0.00,19000.00,製作競選物品支出（戰旗*尺）,金錢,宜蘭縣礁溪鄉****,,
310,邱嘉進,107年縣(市)議員選舉,首次申報,1071102,人事費用支出,廖芸汎,F22*******,0.00,2950.00,工資或薪津,金錢,宜蘭縣蘇澳鎮****,,
311,邱嘉進,107年縣(市)議員選舉,首次申報,1071102,人事費用支出,黃鉦智,G12*******,0.00,3360.00,工資或薪津,金錢,宜蘭縣蘇澳鎮****,,
312,邱嘉進,107年縣(市)議員選舉,首次申報,1071102,人事費用支出,曾紫寧,G22*******,0.00,3930.00,工資或薪津,金錢,宜蘭縣蘇澳鎮****,,
313,邱嘉進,107年縣(市)議員選舉,首次申報,1071103,雜支支出,好事達(股)公司,12632348,0.00,274.00,餐飲費用,金錢,宜蘭縣蘇澳鎮****,,
314,邱嘉進,107年縣(市)議員選舉,首次申報,1071103,雜支支出,好事達股份有限公司,12632348,0.00,805.00,雜項購置或修繕費用,金錢,宜蘭縣蘇澳鎮****,,
315,邱嘉進,107年縣(市)議員選舉,首次申報,1071103,雜支支出,好事達(股)公司,12632348,0.00,130.00,餐飲費用,金錢,宜蘭縣蘇澳鎮****,,
316,邱嘉進,107年縣(市)議員選舉,首次申報,1071103,雜支支出,立安號,40602181,0.00,500.00,豬肉,金錢,宜蘭縣蘇澳鎮****,,
317,邱嘉進,107年縣(市)議員選舉,首次申報,1071103,公共關係費用支出,玉薪花坊,70920753,0.00,2700.00,聯誼交際費用,金錢,宜蘭縣蘇澳鎮****,,
318,邱嘉進,107年縣(市)議員選舉,首次申報,1071104,雜支支出,好事達(股)公司,12632348,0.00,198.00,雜項購置或修繕費用,金錢,宜蘭縣蘇澳鎮****,,
319,邱嘉進,107年縣(市)議員選舉,首次申報,1071104,雜支支出,益蓮雜貨行,40572927,0.00,700.00,食材,金錢,宜蘭縣羅東鎮****,,
320,邱嘉進,107年縣(市)議員選舉,首次申報,1071104,雜支支出,全利雜貨行,41881915,0.00,530.00,食材,金錢,宜蘭縣蘇澳鎮****,,
321,邱嘉進,107年縣(市)議員選舉,首次申報,1071104,雜支支出,福昌肉店,42042684,0.00,396.00,食材,金錢,宜蘭縣五結鄉****,,
322,邱嘉進,107年縣(市)議員選舉,首次申報,1071104,雜支支出,一三五有限公司,42586948,0.00,45.00,雜項購置或修繕費用,金錢,宜蘭縣蘇澳鎮****,,
323,邱嘉進,107年縣(市)議員選舉,首次申報,1071105,雜支支出,新百合商行,66259486,0.00,1500.00,飲品,金錢,宜蘭縣蘇澳鎮****,,
324,邱嘉進,107年縣(市)議員選舉,首次申報,1071105,雜支支出,新百合商行,66259486,0.00,3000.00,飲品,金錢,宜蘭縣蘇澳鎮****,,
325,邱嘉進,107年縣(市)議員選舉,首次申報,1071105,宣傳支出,慶岳實業社,77015142,0.00,37500.00,製作競選物品支出（PP板）,金錢,宜蘭縣礁溪鄉****,,
326,邱嘉進,107年縣(市)議員選舉,首次申報,1071105,雜支支出,名點屋蛋糕囍餅,78236360,0.00,855.00,餐飲費用,金錢,宜蘭縣五結鄉****,,
327,邱嘉進,107年縣(市)議員選舉,首次申報,1071105,雜支支出,蘇澳馬賽郵局,95938365,0.00,56.00,郵資,金錢,宜蘭縣蘇澳鎮****,,
328,邱嘉進,107年縣(市)議員選舉,首次申報,1071105,人事費用支出,李進財,G12*******,0.00,30000.00,工資或薪津,金錢,宜蘭縣蘇澳鎮****,,
329,邱嘉進,107年縣(市)議員選舉,首次申報,1071105,人事費用支出,林梅蘭,G22*******,0.00,9350.00,工資或薪津,金錢,宜蘭縣南澳鄉****,,
330,邱嘉進,107年縣(市)議員選舉,首次申報,1071106,雜支支出,中華電信股份有限公司台灣北區電信分公司宜蘭營運處,19562254,0.00,66.00,電信費用,金錢,宜蘭縣宜蘭市****,,
331,邱嘉進,107年縣(市)議員選舉,首次申報,1071106,雜支支出,中華電信股份有限公司台灣北區電信分公司宜蘭營運處,19562254,0.00,4036.00,電信費用,金錢,宜蘭縣宜蘭市****,,
332,邱嘉進,107年縣(市)議員選舉,首次申報,1071106,雜支支出,蘭陽福利事業(股)公司,27426423,0.00,178.00,雜項購置或修繕費用,金錢,宜蘭縣蘇澳鎮****,,
333,邱嘉進,107年縣(市)議員選舉,首次申報,1071106,人事費用支出,張憲鋌,G12*******,0.00,1260.00,工資或薪津,金錢,宜蘭縣蘇澳鎮****,,
334,邱嘉進,107年縣(市)議員選舉,首次申報,1071106,人事費用支出,賴惠玲,G22*******,0.00,1260.00,工資或薪津,金錢,宜蘭縣蘇澳鎮****,,
335,邱嘉進,107年縣(市)議員選舉,首次申報,1071106,人事費用支出,簡吟芳,G22*******,0.00,3930.00,工資或薪津,金錢,宜蘭縣礁溪鄉****,,
336,邱嘉進,107年縣(市)議員選舉,首次申報,1071106,人事費用支出,謝京蓉,G29*******,0.00,1260.00,工資或薪津,金錢,宜蘭縣蘇澳鎮****,,
337,邱嘉進,107年縣(市)議員選舉,首次申報,1071106,人事費用支出,謝京蓉,G29*******,0.00,1200.00,工資或薪津,金錢,宜蘭縣蘇澳鎮****,,
338,邱嘉進,107年縣(市)議員選舉,首次申報,1071107,公共關係費用支出,詩情花意館,13670559,0.00,1000.00,聯誼交際費用,金錢,宜蘭縣宜蘭市****,,
339,邱嘉進,107年縣(市)議員選舉,首次申報,1071107,公共關係費用支出,詩情花意館,13670559,0.00,800.00,聯誼交際費用,金錢,宜蘭縣宜蘭市****,,
340,邱嘉進,107年縣(市)議員選舉,首次申報,1071107,公共關係費用支出,詩情花意館,13670559,0.00,800.00,聯誼交際費用,金錢,宜蘭縣宜蘭市****,,
341,邱嘉進,107年縣(市)議員選舉,首次申報,1071107,公共關係費用支出,詩情花意館,13670559,0.00,800.00,聯誼交際費用,金錢,宜蘭縣宜蘭市****,,
342,邱嘉進,107年縣(市)議員選舉,首次申報,1071107,公共關係費用支出,詩情花意館,13670559,0.00,800.00,聯誼交際費用,金錢,宜蘭縣宜蘭市****,,
343,邱嘉進,107年縣(市)議員選舉,首次申報,1071107,公共關係費用支出,詩情花意館,13670559,0.00,800.00,聯誼交際費用,金錢,宜蘭縣宜蘭市****,,
344,邱嘉進,107年縣(市)議員選舉,首次申報,1071107,雜支支出,二結企業社,17930541,0.00,2520.00,餐飲費用,金錢,宜蘭縣五結鄉****,,
345,邱嘉進,107年縣(市)議員選舉,首次申報,1071107,雜支支出,友聯商行,42065270,0.00,860.00,食材,金錢,宜蘭縣蘇澳鎮****,,
346,邱嘉進,107年縣(市)議員選舉,首次申報,1071107,雜支支出,蘇澳馬賽郵局,95938365,0.00,56.00,郵資,金錢,宜蘭縣蘇澳鎮****,,
347,邱嘉進,107年縣(市)議員選舉,首次申報,1071107,人事費用支出,謝京蓉,G29*******,0.00,770.00,工資或薪津,金錢,宜蘭縣蘇澳鎮****,,
348,邱嘉進,107年縣(市)議員選舉,首次申報,1071108,雜支支出,立安號,40602181,0.00,1500.00,食材,金錢,宜蘭縣蘇澳鎮****,,
349,邱嘉進,107年縣(市)議員選舉,首次申報,1071108,雜支支出,一三五有限公司,42586948,0.00,110.00,雜項購置或修繕費用,金錢,宜蘭縣蘇澳鎮****,,
350,邱嘉進,107年縣(市)議員選舉,首次申報,1071108,雜支支出,福滿多商行,92938200,0.00,115.00,食品,金錢,宜蘭縣蘇澳鎮****,,
351,邱嘉進,107年縣(市)議員選舉,首次申報,1071109,宣傳支出,融翔企業社,31738166,0.00,21000.00,製作競選物品支出（帆布看板）,金錢,宜蘭縣蘇澳鎮****,,
352,邱嘉進,107年縣(市)議員選舉,首次申報,1071109,交通旅運支出,三生計程汽車行,41514405,0.00,9000.00,搭乘交通工具支出,金錢,宜蘭縣羅東鎮****,,
353,邱嘉進,107年縣(市)議員選舉,首次申報,1071109,雜支支出,李阿田飯包,41842012,0.00,375.00,餐飲費用,金錢,宜蘭縣羅東鎮****,,
354,邱嘉進,107年縣(市)議員選舉,首次申報,1071109,雜支支出,蘇澳馬賽郵局,95938365,0.00,88.00,郵資,金錢,宜蘭縣蘇澳鎮****,,
355,邱嘉進,107年縣(市)議員選舉,首次申報,1071110,公共關係費用支出,合佳花坊,14898420,0.00,10000.00,聯誼交際費用,金錢,宜蘭縣蘇澳鎮****,,
356,邱嘉進,107年縣(市)議員選舉,首次申報,1071110,雜支支出,世紀打字印刷社,40601649,0.00,600.00,文具用品費用,金錢,宜蘭縣蘇澳鎮****,,
357,邱嘉進,107年縣(市)議員選舉,首次申報,1071111,人事費用支出,廖芸汎,F22*******,0.00,3290.00,工資或薪津,金錢,宜蘭縣蘇澳鎮****,,
358,邱嘉進,107年縣(市)議員選舉,首次申報,1071111,人事費用支出,柳振龍,G12*******,0.00,2170.00,工資或薪津,金錢,宜蘭縣蘇澳鎮****,,
359,邱嘉進,107年縣(市)議員選舉,首次申報,1071111,人事費用支出,陳柏豪,G12*******,0.00,560.00,工資或薪津,金錢,宜蘭縣蘇澳鎮****,,
360,邱嘉進,107年縣(市)議員選舉,首次申報,1071111,人事費用支出,曾家宏,G12*******,0.00,420.00,工資或薪津,金錢,宜蘭縣蘇澳鎮****,,
361,邱嘉進,107年縣(市)議員選舉,首次申報,1071111,人事費用支出,張揚,G12*******,0.00,980.00,工資或薪津,金錢,宜蘭縣蘇澳鎮****,,
362,邱嘉進,107年縣(市)議員選舉,首次申報,1071111,人事費用支出,柳振宇,G12*******,0.00,980.00,工資或薪津,金錢,宜蘭縣蘇澳鎮****,,
363,邱嘉進,107年縣(市)議員選舉,首次申報,1071111,人事費用支出,林昱昊,G12*******,0.00,700.00,工資或薪津,金錢,宜蘭縣蘇澳鎮****,,
364,邱嘉進,107年縣(市)議員選舉,首次申報,1071111,人事費用支出,郭品纕,G20*******,0.00,350.00,工資或薪津,金錢,宜蘭縣蘇澳鎮****,,
365,邱嘉進,107年縣(市)議員選舉,首次申報,1071111,人事費用支出,林梅蘭,G22*******,0.00,350.00,工資或薪津,金錢,宜蘭縣南澳鄉****,,
366,邱嘉進,107年縣(市)議員選舉,首次申報,1071111,人事費用支出,陳慧茹,G22*******,0.00,910.00,工資或薪津,金錢,宜蘭縣蘇澳鎮****,,
367,邱嘉進,107年縣(市)議員選舉,首次申報,1071111,人事費用支出,簡吟芳,G22*******,0.00,2380.00,工資或薪津,金錢,宜蘭縣礁溪鄉****,,
368,邱嘉進,107年縣(市)議員選舉,首次申報,1071111,人事費用支出,曾紫寧,G22*******,0.00,3220.00,工資或薪津,金錢,宜蘭縣蘇澳鎮****,,
369,邱嘉進,107年縣(市)議員選舉,首次申報,1071112,雜支支出,鑫順水電行,02426220,0.00,1400.00,雜項購置或修繕費用,金錢,宜蘭縣蘇澳鎮****,,
370,邱嘉進,107年縣(市)議員選舉,首次申報,1071112,雜支支出,大王國際股份有限公司,16548390,0.00,25.00,雜項購置或修繕費用,金錢,宜蘭縣蘇澳鎮****,,
371,邱嘉進,107年縣(市)議員選舉,首次申報,1071112,租用宣傳車輛支出,天佑科技工程行,26572664,0.00,7400.00,維修宣傳車輛支出,金錢,宜蘭縣五結鄉****,,
372,邱嘉進,107年縣(市)議員選舉,首次申報,1071112,雜支支出,台灣電力股份有限公司宜蘭區營業處,40408406,0.00,135.00,水電瓦斯費用,金錢,宜蘭縣宜蘭市****,,
373,邱嘉進,107年縣(市)議員選舉,首次申報,1071112,雜支支出,惠爾好股份有限公司,42582936,0.00,450.00,餐飲費用,金錢,宜蘭縣蘇澳鎮****,,
374,邱嘉進,107年縣(市)議員選舉,首次申報,1071112,雜支支出,台灣自來水股份有限公司,52242444,0.00,140.00,水電瓦斯費用,金錢,臺中市北區樂****,,
375,邱嘉進,107年縣(市)議員選舉,首次申報,1071112,雜支支出,台灣自來水股份有限公司,52242444,0.00,151.00,水電瓦斯費用,金錢,臺中市北區樂****,,
376,邱嘉進,107年縣(市)議員選舉,首次申報,1071112,雜支支出,台灣電力股份有限公司宜蘭區營業處,52242444,0.00,65.00,水電瓦斯費用,金錢,宜蘭縣宜蘭市****,,
377,邱嘉進,107年縣(市)議員選舉,首次申報,1071112,雜支支出,台灣電力股份有限公司宜蘭區營業處,52242444,0.00,3724.00,水電瓦斯費用,金錢,臺中市北區樂****,,
378,邱嘉進,107年縣(市)議員選舉,首次申報,1071112,人事費用支出,張憲鋌,G12*******,0.00,1400.00,工資或薪津,金錢,宜蘭縣蘇澳鎮****,,
379,邱嘉進,107年縣(市)議員選舉,首次申報,1071112,人事費用支出,黃鉦智,G12*******,0.00,1470.00,工資或薪津,金錢,宜蘭縣蘇澳鎮****,,
380,邱嘉進,107年縣(市)議員選舉,首次申報,1071112,人事費用支出,張憲鋌,G12*******,0.00,630.00,工資或薪津,金錢,宜蘭縣蘇澳鎮****,,
381,邱嘉進,107年縣(市)議員選舉,首次申報,1071112,人事費用支出,張憲鋌,G12*******,0.00,840.00,工資或薪津,金錢,宜蘭縣蘇澳鎮****,,
382,邱嘉進,107年縣(市)議員選舉,首次申報,1071112,人事費用支出,賴惠玲,G22*******,0.00,840.00,工資或薪津,金錢,宜蘭縣蘇澳鎮****,,
383,邱嘉進,107年縣(市)議員選舉,首次申報,1071112,人事費用支出,賴惠玲,G22*******,0.00,630.00,工資或薪津,金錢,宜蘭縣蘇澳鎮****,,
384,邱嘉進,107年縣(市)議員選舉,首次申報,1071112,人事費用支出,賴惠玲,G22*******,0.00,1400.00,工資或薪津,金錢,宜蘭縣蘇澳鎮****,,
385,邱嘉進,107年縣(市)議員選舉,首次申報,1071113,交通旅運支出,新馬加油站,86430438,0.00,660.00,油資,金錢,宜蘭縣蘇澳鎮****,,
386,邱嘉進,107年縣(市)議員選舉,首次申報,1071113,雜支支出,蘇澳馬賽郵局,95938365,0.00,84.00,郵資,金錢,宜蘭縣蘇澳鎮****,,
387,邱嘉進,107年縣(市)議員選舉,首次申報,1071114,雜支支出,好事達(股)公司,12632348,0.00,29.00,雜項購置或修繕費用,金錢,宜蘭縣蘇澳鎮****,,
388,邱嘉進,107年縣(市)議員選舉,首次申報,1071114,雜支支出,一三五有限公司,42586948,0.00,823.00,文具用品費用,金錢,宜蘭縣蘇澳鎮****,,
389,邱嘉進,107年縣(市)議員選舉,首次申報,1071114,雜支支出,三隻豬早餐店,72630153,0.00,6000.00,餐飲費用,金錢,宜蘭縣蘇澳鎮****,,
390,邱嘉進,107年縣(市)議員選舉,首次申報,1071114,宣傳支出,慶岳實業社,77015142,0.00,11600.00,製作競選物品支出（帽子）,金錢,宜蘭縣礁溪鄉****,,
391,邱嘉進,107年縣(市)議員選舉,首次申報,1071114,人事費用支出,周佳慧,A22*******,0.00,3000.00,工資或薪津,金錢,宜蘭縣礁溪鄉****,,
392,邱嘉進,107年縣(市)議員選舉,首次申報,1071114,人事費用支出,黃月珠,E22*******,0.00,1000.00,工資或薪津,金錢,宜蘭縣蘇澳鎮****,,
393,邱嘉進,107年縣(市)議員選舉,首次申報,1071114,人事費用支出,林俊賢,G12*******,0.00,1000.00,工資或薪津,金錢,宜蘭縣蘇澳鎮****,,
394,邱嘉進,107年縣(市)議員選舉,首次申報,1071114,人事費用支出,李進財,G12*******,0.00,6000.00,工資或薪津,金錢,宜蘭縣蘇澳鎮****,,
395,邱嘉進,107年縣(市)議員選舉,首次申報,1071114,人事費用支出,陳秀鸞,G20*******,0.00,1000.00,工資或薪津,金錢,宜蘭縣蘇澳鎮****,,
396,邱嘉進,107年縣(市)議員選舉,首次申報,1071114,人事費用支出,郭月娥,G20*******,0.00,1000.00,工資或薪津,金錢,宜蘭縣蘇澳鎮****,,
397,邱嘉進,107年縣(市)議員選舉,首次申報,1071114,人事費用支出,陳鄭麗香,G20*******,0.00,1000.00,工資或薪津,金錢,宜蘭縣蘇澳鎮****,,
398,邱嘉進,107年縣(市)議員選舉,首次申報,1071114,人事費用支出,莊素如,G20*******,0.00,1000.00,工資或薪津,金錢,宜蘭縣蘇澳鎮****,,
399,邱嘉進,107年縣(市)議員選舉,首次申報,1071114,人事費用支出,郭惠卿,G22*******,0.00,1000.00,工資或薪津,金錢,宜蘭縣蘇澳鎮****,,
400,邱嘉進,107年縣(市)議員選舉,首次申報,1071114,人事費用支出,陳惠燕,G22*******,0.00,1000.00,工資或薪津,金錢,宜蘭縣蘇澳鎮****,,
401,邱嘉進,107年縣(市)議員選舉,首次申報,1071114,人事費用支出,郭惠珠,G22*******,0.00,1000.00,工資或薪津,金錢,宜蘭縣蘇澳鎮****,,
402,邱嘉進,107年縣(市)議員選舉,首次申報,1071114,人事費用支出,洪玉來,X22*******,0.00,1000.00,工資或薪津,金錢,宜蘭縣蘇澳鎮****,,
403,邱嘉進,107年縣(市)議員選舉,首次申報,1071115,雜支支出,川崎坊菓子烘培,26786125,0.00,1285.00,餐飲費用,金錢,宜蘭縣蘇澳鎮****,,
404,邱嘉進,107年縣(市)議員選舉,首次申報,1071115,宣傳支出,世紀打字印刷社,40601649,0.00,12000.00,製作競選物品支出（文宣）,金錢,宜蘭縣蘇澳鎮****,,
405,邱嘉進,107年縣(市)議員選舉,首次申報,1071115,雜支支出,利發商行,41628809,0.00,100.00,食材,金錢,宜蘭縣五結鄉****,,
406,邱嘉進,107年縣(市)議員選舉,首次申報,1071115,雜支支出,果山行,41634513,0.00,1150.00,免洗餐具,金錢,宜蘭縣蘇澳鎮****,,
407,邱嘉進,107年縣(市)議員選舉,首次申報,1071115,雜支支出,果山行,41634513,0.00,500.00,免洗餐具,金錢,宜蘭縣蘇澳鎮****,,
408,邱嘉進,107年縣(市)議員選舉,首次申報,1071115,人事費用支出,董庭為,G12*******,0.00,770.00,工資或薪津,金錢,宜蘭縣蘇澳鎮****,,
409,邱嘉進,107年縣(市)議員選舉,首次申報,1071116,雜支支出,和信食品行,14893255,0.00,195.00,食材,金錢,宜蘭縣羅東鎮****,,
410,邱嘉進,107年縣(市)議員選舉,首次申報,1071116,雜支支出,皇家香燒腊店,14904801,0.00,1460.00,餐飲費用,金錢,宜蘭縣羅東鎮****,,
411,邱嘉進,107年縣(市)議員選舉,首次申報,1071116,雜支支出,金佳食品行,50715305,0.00,135.00,食材,金錢,宜蘭縣羅東鎮****,,
412,邱嘉進,107年縣(市)議員選舉,首次申報,1071116,交通旅運支出,台灣中油,53981973,0.00,1000.00,油資,金錢,,,
413,邱嘉進,107年縣(市)議員選舉,首次申報,1071116,雜支支出,順榮雞鴨行,78234530,0.00,1563.00,食材,金錢,宜蘭縣羅東鎮****,,
414,邱嘉進,107年縣(市)議員選舉,首次申報,1071116,雜支支出,蘇澳馬賽郵局,95938365,0.00,28.00,郵資,金錢,宜蘭縣蘇澳鎮****,,
415,邱嘉進,107年縣(市)議員選舉,首次申報,1071117,雜支支出,立安號,40602181,0.00,1500.00,食品,金錢,宜蘭縣蘇澳鎮****,,
416,邱嘉進,107年縣(市)議員選舉,首次申報,1071117,雜支支出,全聯福利中心,51809505,0.00,233.00,雜項購置或修繕費用,金錢,宜蘭縣蘇澳鎮****,,
417,邱嘉進,107年縣(市)議員選舉,首次申報,1071119,雜支支出,永全行,02396274,0.00,6930.00,青菜,金錢,宜蘭縣蘇澳鎮****,,
418,邱嘉進,107年縣(市)議員選舉,首次申報,1071119,雜支支出,蘭陽福利事業(股)公司,27426423,0.00,132.00,餐飲費用,金錢,宜蘭縣蘇澳鎮****,,
419,邱嘉進,107年縣(市)議員選舉,首次申報,1071119,雜支支出,益蓮雜貨行,40572927,0.00,1285.00,食材,金錢,宜蘭縣羅東鎮****,,
420,邱嘉進,107年縣(市)議員選舉,首次申報,1071119,雜支支出,果山行,41634513,0.00,760.00,雜項購置或修繕費用,金錢,宜蘭縣蘇澳鎮****,,
421,邱嘉進,107年縣(市)議員選舉,首次申報,1071120,公共關係費用支出,詩情花意館,13670559,0.00,800.00,聯誼交際費用,金錢,宜蘭縣宜蘭市****,,
422,邱嘉進,107年縣(市)議員選舉,首次申報,1071120,公共關係費用支出,詩情花意館,13670559,0.00,800.00,聯誼交際費用,金錢,宜蘭縣宜蘭市****,,
423,邱嘉進,107年縣(市)議員選舉,首次申報,1071120,公共關係費用支出,合佳花坊,14898420,0.00,2000.00,聯誼交際費用,金錢,宜蘭縣蘇澳鎮****,,
424,邱嘉進,107年縣(市)議員選舉,首次申報,1071120,雜支支出,正口福海產行,19561712,0.00,1000.00,食材,金錢,宜蘭縣蘇澳鎮****,,
425,邱嘉進,107年縣(市)議員選舉,首次申報,1071120,雜支支出,果山行,41634513,0.00,1250.00,免洗餐具,金錢,宜蘭縣蘇澳鎮****,,
426,邱嘉進,107年縣(市)議員選舉,首次申報,1071120,租用競選辦事處支出,川詠事務機器有限公司,54126940,0.00,2628.00,影印機租金及影印費,金錢,宜蘭縣冬山鄉****,,
427,邱嘉進,107年縣(市)議員選舉,首次申報,1071120,雜支支出,建和中藥行,98081553,0.00,200.00,食材,金錢,宜蘭縣五結鄉****,,
428,邱嘉進,107年縣(市)議員選舉,首次申報,1071121,雜支支出,永全行,02396274,0.00,6520.00,青菜,金錢,宜蘭縣蘇澳鎮****,,
429,邱嘉進,107年縣(市)議員選舉,首次申報,1071121,公共關係費用支出,詩情花意館,13670559,0.00,800.00,聯誼交際費用,金錢,宜蘭縣宜蘭市****,,
430,邱嘉進,107年縣(市)議員選舉,首次申報,1071121,公共關係費用支出,詩情花意館,13670559,0.00,800.00,聯誼交際費用,金錢,宜蘭縣宜蘭市****,,
431,邱嘉進,107年縣(市)議員選舉,首次申報,1071121,雜支支出,樂業香鋪行,13673866,0.00,240.00,雜項購置或修繕費用,金錢,宜蘭縣蘇澳鎮****,,
432,邱嘉進,107年縣(市)議員選舉,首次申報,1071121,交通旅運支出,三生計程汽車行,41514405,0.00,9600.00,搭乘交通工具支出,金錢,宜蘭縣羅東鎮****,,
433,邱嘉進,107年縣(市)議員選舉,首次申報,1071121,雜支支出,存仁商號,41598827,0.00,860.00,食材,金錢,宜蘭縣蘇澳鎮****,,
434,邱嘉進,107年縣(市)議員選舉,首次申報,1071121,雜支支出,益興蛋店,41909104,0.00,400.00,食材,金錢,宜蘭縣蘇澳鎮****,,
435,邱嘉進,107年縣(市)議員選舉,首次申報,1071121,雜支支出,友聯商行,42065270,0.00,45.00,雜項購置或修繕費用,金錢,宜蘭縣蘇澳鎮****,,
436,邱嘉進,107年縣(市)議員選舉,首次申報,1071121,雜支支出,金佳食品行,50715305,0.00,365.00,食材,金錢,宜蘭縣羅東鎮****,,
437,邱嘉進,107年縣(市)議員選舉,首次申報,1071121,雜支支出,泰順汽車電機材料行,66253639,0.00,350.00,雜項購置或修繕費用,金錢,宜蘭縣蘇澳鎮****,,
438,邱嘉進,107年縣(市)議員選舉,首次申報,1071121,交通旅運支出,新馬加油站,86430438,0.00,488.00,油資,金錢,宜蘭縣蘇澳鎮****,,
439,邱嘉進,107年縣(市)議員選舉,首次申報,1071121,雜支支出,蘇澳馬賽郵局,95938365,0.00,179.00,郵資,金錢,宜蘭縣蘇澳鎮****,,
440,邱嘉進,107年縣(市)議員選舉,首次申報,1071121,人事費用支出,廖芸汎,F22*******,0.00,5000.00,工資或薪津,金錢,宜蘭縣蘇澳鎮****,,
441,邱嘉進,107年縣(市)議員選舉,首次申報,1071121,人事費用支出,郭品纕,G20*******,0.00,3660.00,工資或薪津,金錢,宜蘭縣蘇澳鎮****,,
442,邱嘉進,107年縣(市)議員選舉,首次申報,1071121,人事費用支出,曾紫寧,G22*******,0.00,9380.00,工資或薪津,金錢,宜蘭縣蘇澳鎮****,,
443,邱嘉進,107年縣(市)議員選舉,首次申報,1071121,人事費用支出,簡吟芳,G22*******,0.00,9730.00,工資或薪津,金錢,宜蘭縣礁溪鄉****,,
444,邱嘉進,107年縣(市)議員選舉,首次申報,1071121,人事費用支出,陳慧茹,G22*******,0.00,6000.00,工資或薪津,金錢,宜蘭縣蘇澳鎮****,,
445,邱嘉進,107年縣(市)議員選舉,首次申報,1071121,人事費用支出,陳慧茹,G22*******,0.00,2380.00,工資或薪津,金錢,宜蘭縣蘇澳鎮****,,
446,邱嘉進,107年縣(市)議員選舉,首次申報,1071122,雜支支出,蘇澳雞店,,0.00,1700.00,食材,金錢,宜蘭縣蘇澳鎮****,,
447,邱嘉進,107年縣(市)議員選舉,首次申報,1071122,公共關係費用支出,詩情花意館,13670559,0.00,800.00,聯誼交際費用,金錢,宜蘭縣宜蘭市****,,
448,邱嘉進,107年縣(市)議員選舉,首次申報,1071122,公共關係費用支出,合佳花坊,14898420,0.00,1000.00,聯誼交際費用,金錢,宜蘭縣蘇澳鎮****,,
449,邱嘉進,107年縣(市)議員選舉,首次申報,1071122,雜支支出,文昌雜貨行,42074453,0.00,1530.00,食材,金錢,宜蘭縣蘇澳鎮****,,
450,邱嘉進,107年縣(市)議員選舉,首次申報,1071122,雜支支出,一三五有限公司,42586948,0.00,58.00,雜項購置或修繕費用,金錢,宜蘭縣蘇澳鎮****,,
451,邱嘉進,107年縣(市)議員選舉,首次申報,1071122,交通旅運支出,台灣中油大佳站,53981973,0.00,1000.00,油資,金錢,宜蘭縣蘇澳鎮****,,
452,邱嘉進,107年縣(市)議員選舉,首次申報,1071122,公共關係費用支出,李良芬花藝工作室,99779059,0.00,1800.00,聯誼交際費用,金錢,宜蘭縣五結鄉****,,
453,邱嘉進,107年縣(市)議員選舉,首次申報,1071122,人事費用支出,黃月珠,E22*******,0.00,1000.00,工資或薪津,金錢,宜蘭縣蘇澳鎮****,,
454,邱嘉進,107年縣(市)議員選舉,首次申報,1071122,人事費用支出,林俊賢,G12*******,0.00,1000.00,工資或薪津,金錢,宜蘭縣蘇澳鎮****,,
455,邱嘉進,107年縣(市)議員選舉,首次申報,1071122,人事費用支出,張憲鋌,G12*******,0.00,2800.00,工資或薪津,金錢,宜蘭縣蘇澳鎮****,,
456,邱嘉進,107年縣(市)議員選舉,首次申報,1071122,人事費用支出,林昱昊,G12*******,0.00,1620.00,工資或薪津,金錢,宜蘭縣蘇澳鎮****,,
457,邱嘉進,107年縣(市)議員選舉,首次申報,1071122,人事費用支出,何昱良,G12*******,0.00,40000.00,工資或薪津,金錢,宜蘭縣五結鄉****,,
458,邱嘉進,107年縣(市)議員選舉,首次申報,1071122,人事費用支出,黃鉦智,G12*******,0.00,1470.00,工資或薪津,金錢,宜蘭縣蘇澳鎮****,,
459,邱嘉進,107年縣(市)議員選舉,首次申報,1071122,人事費用支出,郭月娥,G20*******,0.00,1000.00,工資或薪津,金錢,宜蘭縣蘇澳鎮****,,
460,邱嘉進,107年縣(市)議員選舉,首次申報,1071122,人事費用支出,陳鄭麗香,G20*******,0.00,1000.00,工資或薪津,金錢,宜蘭縣蘇澳鎮****,,
461,邱嘉進,107年縣(市)議員選舉,首次申報,1071122,人事費用支出,陳秀鸞,G20*******,0.00,1000.00,工資或薪津,金錢,宜蘭縣蘇澳鎮****,,
462,邱嘉進,107年縣(市)議員選舉,首次申報,1071122,人事費用支出,莊素如,G20*******,0.00,1000.00,工資或薪津,金錢,宜蘭縣蘇澳鎮****,,
463,邱嘉進,107年縣(市)議員選舉,首次申報,1071122,人事費用支出,陳惠燕,G22*******,0.00,1000.00,工資或薪津,金錢,宜蘭縣蘇澳鎮****,,
464,邱嘉進,107年縣(市)議員選舉,首次申報,1071122,人事費用支出,郭惠珠,G22*******,0.00,1000.00,工資或薪津,金錢,宜蘭縣蘇澳鎮****,,
465,邱嘉進,107年縣(市)議員選舉,首次申報,1071122,人事費用支出,郭惠卿,G22*******,0.00,1000.00,工資或薪津,金錢,宜蘭縣蘇澳鎮****,,
466,邱嘉進,107年縣(市)議員選舉,首次申報,1071122,人事費用支出,賴惠玲,G22*******,0.00,2800.00,工資或薪津,金錢,宜蘭縣蘇澳鎮****,,
467,邱嘉進,107年縣(市)議員選舉,首次申報,1071122,人事費用支出,洪玉來,X22*******,0.00,1000.00,工資或薪津,金錢,宜蘭縣蘇澳鎮****,,
468,邱嘉進,107年縣(市)議員選舉,首次申報,1071123,雜支支出,永全行,02396274,0.00,710.00,食材,金錢,宜蘭縣蘇澳鎮****,,
469,邱嘉進,107年縣(市)議員選舉,首次申報,1071123,公共關係費用支出,詩情花意館,13670559,0.00,800.00,聯誼交際費用,金錢,宜蘭縣宜蘭市****,,
470,邱嘉進,107年縣(市)議員選舉,首次申報,1071123,公共關係費用支出,詩情花意館,13670559,0.00,800.00,聯誼交際費用,金錢,宜蘭縣宜蘭市****,,
471,邱嘉進,107年縣(市)議員選舉,首次申報,1071123,公共關係費用支出,合佳花坊,14898420,0.00,3900.00,聯誼交際費用,金錢,宜蘭縣蘇澳鎮****,,
472,邱嘉進,107年縣(市)議員選舉,首次申報,1071123,公共關係費用支出,合佳花坊,14898420,0.00,3400.00,聯誼交際費用,金錢,宜蘭縣蘇澳鎮****,,
473,邱嘉進,107年縣(市)議員選舉,首次申報,1071123,雜支支出,宜宏金紙店,19570711,0.00,4050.00,鞭炮,金錢,宜蘭縣冬山鄉****,,
474,邱嘉進,107年縣(市)議員選舉,首次申報,1071123,雜支支出,友聯商行,42065270,0.00,850.00,食材,金錢,宜蘭縣蘇澳鎮****,,
475,邱嘉進,107年縣(市)議員選舉,首次申報,1071123,雜支支出,文昌雜貨行,42074453,0.00,2530.00,食材,金錢,宜蘭縣蘇澳鎮****,,
476,邱嘉進,107年縣(市)議員選舉,首次申報,1071123,雜支支出,中山書局,72624194,0.00,144.00,文具用品費用,金錢,宜蘭縣蘇澳鎮****,,
477,邱嘉進,107年縣(市)議員選舉,首次申報,1071123,雜支支出,吉可飲食部,72626931,0.00,600.00,餐飲費用,金錢,宜蘭縣蘇澳鎮****,,
478,邱嘉進,107年縣(市)議員選舉,首次申報,1071123,雜支支出,三隻豬早餐店,72630153,0.00,9000.00,餐飲費用,金錢,宜蘭縣蘇澳鎮****,,
479,邱嘉進,107年縣(市)議員選舉,首次申報,1071123,人事費用支出,周佳慧,A22*******,0.00,5000.00,工資或薪津,金錢,宜蘭縣礁溪鄉****,,
480,邱嘉進,107年縣(市)議員選舉,首次申報,1071123,人事費用支出,黃月珠,E22*******,0.00,1000.00,工資或薪津,金錢,宜蘭縣蘇澳鎮****,,
481,邱嘉進,107年縣(市)議員選舉,首次申報,1071123,人事費用支出,黃萬來,G10*******,0.00,6000.00,工資或薪津,金錢,宜蘭縣蘇澳鎮****,,
482,邱嘉進,107年縣(市)議員選舉,首次申報,1071123,人事費用支出,林俊賢,G12*******,0.00,1000.00,工資或薪津,金錢,宜蘭縣蘇澳鎮****,,
483,邱嘉進,107年縣(市)議員選舉,首次申報,1071123,人事費用支出,陳秀鸞,G20*******,0.00,1000.00,工資或薪津,金錢,宜蘭縣蘇澳鎮****,,
484,邱嘉進,107年縣(市)議員選舉,首次申報,1071123,人事費用支出,郭月娥,G20*******,0.00,1000.00,工資或薪津,金錢,宜蘭縣蘇澳鎮****,,
485,邱嘉進,107年縣(市)議員選舉,首次申報,1071123,人事費用支出,陳鄭麗香,G20*******,0.00,1000.00,工資或薪津,金錢,宜蘭縣蘇澳鎮****,,
486,邱嘉進,107年縣(市)議員選舉,首次申報,1071123,人事費用支出,莊素如,G20*******,0.00,1000.00,工資或薪津,金錢,宜蘭縣蘇澳鎮****,,
487,邱嘉進,107年縣(市)議員選舉,首次申報,1071123,人事費用支出,陳素麗,G22*******,0.00,10500.00,工資或薪津,金錢,宜蘭縣蘇澳鎮****,,
488,邱嘉進,107年縣(市)議員選舉,首次申報,1071123,人事費用支出,郭惠珠,G22*******,0.00,1000.00,工資或薪津,金錢,宜蘭縣蘇澳鎮****,,
489,邱嘉進,107年縣(市)議員選舉,首次申報,1071123,人事費用支出,郭惠卿,G22*******,0.00,1000.00,工資或薪津,金錢,宜蘭縣蘇澳鎮****,,
490,邱嘉進,107年縣(市)議員選舉,首次申報,1071123,人事費用支出,陳惠燕,G22*******,0.00,1000.00,工資或薪津,金錢,宜蘭縣蘇澳鎮****,,
491,邱嘉進,107年縣(市)議員選舉,首次申報,1071123,人事費用支出,張碧雲,V22*******,0.00,22500.00,工資或薪津,金錢,宜蘭縣五結鄉****,,
492,邱嘉進,107年縣(市)議員選舉,首次申報,1071123,人事費用支出,洪玉來,X22*******,0.00,1000.00,工資或薪津,金錢,宜蘭縣蘇澳鎮****,,
493,邱嘉進,107年縣(市)議員選舉,首次申報,1071124,雜支支出,永全行,02396274,0.00,990.00,食材,金錢,宜蘭縣蘇澳鎮****,,
494,邱嘉進,107年縣(市)議員選舉,首次申報,1071124,宣傳支出,世紀打字印刷社,40601649,0.00,3600.00,製作競選物品支出（海報）,金錢,宜蘭縣蘇澳鎮****,,
495,邱嘉進,107年縣(市)議員選舉,首次申報,1071124,雜支支出,果山行,41634513,0.00,1450.00,免洗餐具,金錢,宜蘭縣蘇澳鎮****,,
496,邱嘉進,107年縣(市)議員選舉,首次申報,1071124,交通旅運支出,八仙加油站,42032010,0.00,115.00,油資,金錢,宜蘭縣冬山鄉****,,
497,邱嘉進,107年縣(市)議員選舉,首次申報,1071124,雜支支出,順榮雞鴨行,78234530,0.00,2019.00,食材,金錢,宜蘭縣羅東鎮****,,
498,邱嘉進,107年縣(市)議員選舉,首次申報,1071125,雜支支出,其春商號,40582235,0.00,4000.00,飲品,金錢,宜蘭縣冬山鄉****,,
499,邱嘉進,107年縣(市)議員選舉,首次申報,1071125,雜支支出,馬賽美食部,99484169,0.00,750.00,餐飲費用,金錢,宜蘭縣蘇澳鎮****,,
500,邱嘉進,107年縣(市)議員選舉,首次申報,1071125,人事費用支出,簡得晉,G12*******,0.00,10000.00,工資或薪津,金錢,宜蘭縣蘇澳鎮****,,
501,邱嘉進,107年縣(市)議員選舉,首次申報,1071125,人事費用支出,張碧雲,V22*******,0.00,1500.00,工資或薪津,金錢,宜蘭縣五結鄉****,,
502,邱嘉進,107年縣(市)議員選舉,首次申報,1071126,公共關係費用支出,鑫海花藝社,40969286,0.00,8500.00,聯誼交際費用,金錢,宜蘭縣蘇澳鎮****,,
503,邱嘉進,107年縣(市)議員選舉,首次申報,1071126,雜支支出,茂基菓菜行,49940780,0.00,7600.00,食材,金錢,宜蘭縣五結鄉****,,
504,邱嘉進,107年縣(市)議員選舉,首次申報,1071126,雜支支出,正順興企業社,50715142,0.00,28000.00,租用廚房爐具等工具,金錢,宜蘭縣冬山鄉****,,
505,邱嘉進,107年縣(市)議員選舉,首次申報,1071126,人事費用支出,廖芸汎,F22*******,0.00,3100.00,工資或薪津,金錢,宜蘭縣蘇澳鎮****,,
506,邱嘉進,107年縣(市)議員選舉,首次申報,1071126,人事費用支出,莊萬添,G10*******,0.00,30000.00,工資或薪津,金錢,宜蘭縣蘇澳鎮****,,
507,邱嘉進,107年縣(市)議員選舉,首次申報,1071126,人事費用支出,林昱昊,G12*******,0.00,140.00,工資或薪津,金錢,宜蘭縣蘇澳鎮****,,
508,邱嘉進,107年縣(市)議員選舉,首次申報,1071126,人事費用支出,郭品纕,G20*******,0.00,2460.00,工資或薪津,金錢,宜蘭縣蘇澳鎮****,,
509,邱嘉進,107年縣(市)議員選舉,首次申報,1071126,人事費用支出,林梅蘭,G22*******,0.00,33000.00,工資或薪津,金錢,宜蘭縣南澳鄉****,,
510,邱嘉進,107年縣(市)議員選舉,首次申報,1071126,人事費用支出,陳慧茹,G22*******,0.00,1830.00,工資或薪津,金錢,宜蘭縣蘇澳鎮****,,
511,邱嘉進,107年縣(市)議員選舉,首次申報,1071126,人事費用支出,曾紫寧,G22*******,0.00,3600.00,工資或薪津,金錢,宜蘭縣蘇澳鎮****,,
512,邱嘉進,107年縣(市)議員選舉,首次申報,1071126,人事費用支出,簡吟芳,G22*******,0.00,3600.00,工資或薪津,金錢,宜蘭縣礁溪鄉****,,
513,邱嘉進,107年縣(市)議員選舉,首次申報,1071126,人事費用支出,謝京蓉,G29*******,0.00,2040.00,工資或薪津,金錢,宜蘭縣蘇澳鎮****,,
514,邱嘉進,107年縣(市)議員選舉,首次申報,1071126,人事費用支出,謝京蓉,G29*******,0.00,420.00,工資或薪津,金錢,宜蘭縣蘇澳鎮****,,
515,邱嘉進,107年縣(市)議員選舉,首次申報,1071126,人事費用支出,謝京蓉,G29*******,0.00,3290.00,工資或薪津,金錢,宜蘭縣蘇澳鎮****,,
516,邱嘉進,107年縣(市)議員選舉,首次申報,1071127,雜支支出,永樂碾米工廠,41594202,0.00,9100.00,白米,金錢,宜蘭縣蘇澳鎮****,,
517,邱嘉進,107年縣(市)議員選舉,首次申報,1071127,公共關係費用支出,玉薪花坊,70920753,0.00,6600.00,聯誼交際費用,金錢,宜蘭縣蘇澳鎮****,,
518,邱嘉進,107年縣(市)議員選舉,首次申報,1071127,雜支支出,蘇澳馬賽郵局,95938365,0.00,44.00,郵資,金錢,宜蘭縣蘇澳鎮****,,
519,邱嘉進,107年縣(市)議員選舉,首次申報,1071127,公共關係費用支出,李良芬花藝工作室,99779059,0.00,4600.00,聯誼交際費用,金錢,宜蘭縣五結鄉****,,
520,邱嘉進,107年縣(市)議員選舉,首次申報,1071127,公共關係費用支出,李良芬花藝工作室,99779059,0.00,10000.00,聯誼交際費用,金錢,宜蘭縣五結鄉****,,
521,邱嘉進,107年縣(市)議員選舉,首次申報,1071127,人事費用支出,張憲鋌,G12*******,0.00,1750.00,工資或薪津,金錢,宜蘭縣蘇澳鎮****,,
522,邱嘉進,107年縣(市)議員選舉,首次申報,1071127,人事費用支出,賴惠玲,G22*******,0.00,1750.00,工資或薪津,金錢,宜蘭縣蘇澳鎮****,,
523,邱嘉進,107年縣(市)議員選舉,首次申報,1071127,人事費用支出,陳東宜,H12*******,0.00,210.00,工資或薪津,金錢,宜蘭縣蘇澳鎮****,,
524,邱嘉進,107年縣(市)議員選舉,首次申報,1071128,雜支支出,源際修理部,42062169,0.00,9600.00,雜項購置或修繕費用,金錢,宜蘭縣冬山鄉****,,
525,邱嘉進,107年縣(市)議員選舉,首次申報,1071128,雜支支出,源際修理部,42062169,0.00,3300.00,雜項購置或修繕費用,金錢,宜蘭縣冬山鄉****,,
526,邱嘉進,107年縣(市)議員選舉,首次申報,1071128,雜支支出,源際修理部,42062169,0.00,6800.00,雜項購置或修繕費用,金錢,宜蘭縣冬山鄉****,,
527,邱嘉進,107年縣(市)議員選舉,首次申報,1071129,人事費用支出,陳映筑,G22*******,0.00,770.00,工資或薪津,金錢,宜蘭縣蘇澳鎮****,,
528,邱嘉進,107年縣(市)議員選舉,首次申報,1071130,雜支支出,永興昌號,30173416,0.00,600.00,飲料,金錢,宜蘭縣蘇澳鎮****,,
529,邱嘉進,107年縣(市)議員選舉,首次申報,1071130,宣傳支出,世紀打字印刷社,40601649,0.00,10000.00,製作競選物品支出（文宣）,金錢,宜蘭縣蘇澳鎮****,,
530,邱嘉進,107年縣(市)議員選舉,首次申報,1071130,公共關係費用支出,喬美花店,49800768,0.00,1500.00,聯誼交際費用,金錢,宜蘭縣蘇澳鎮****,,
531,邱嘉進,107年縣(市)議員選舉,首次申報,1071130,人事費用支出,李輔山,G12*******,0.00,30000.00,工資或薪津,金錢,宜蘭縣蘇澳鎮****,,
532,邱嘉進,107年縣(市)議員選舉,首次申報,1071130,租用競選辦事處支出,胡明正,G12*******,0.00,45000.00,租用競選辦事處費用,金錢,宜蘭縣羅東鎮****,,
533,邱嘉進,107年縣(市)議員選舉,首次申報,1071202,雜支支出,好事達(股)公司,12632348,0.00,69.00,雜項購置或修繕費用,金錢,宜蘭縣蘇澳鎮****,,
534,邱嘉進,107年縣(市)議員選舉,首次申報,1071205,人事費用支出,邱玉惠,G20*******,0.00,23000.00,工資或薪津,金錢,宜蘭縣蘇澳鎮****,,
535,邱嘉進,107年縣(市)議員選舉,首次申報,1071206,雜支支出,中華電信股份有限公司台灣北區電信分公司宜蘭營運處,19562254,0.00,60.00,電信費用,金錢,宜蘭縣宜蘭市****,,
536,邱嘉進,107年縣(市)議員選舉,首次申報,1071206,雜支支出,中華電信股份有限公司台灣北區電信分公司宜蘭營運處,19562254,0.00,4382.00,電信費用,金錢,宜蘭縣宜蘭市****,,
537,邱嘉進,107年縣(市)議員選舉,首次申報,1071206,雜支支出,中華電信股份有限公司台灣北區電信分公司宜蘭營運處,19562254,0.00,361.00,電信費用,金錢,宜蘭縣宜蘭市****,,
538,邱嘉進,107年縣(市)議員選舉,首次申報,1071206,雜支支出,中華電信股份有限公司台灣北區電信分公司宜蘭營運處,19562254,0.00,436.00,電信費用,金錢,宜蘭縣宜蘭市****,,
539,邱嘉進,107年縣(市)議員選舉,首次申報,1071206,雜支支出,中華電信股份有限公司台灣北區電信分公司宜蘭營運處,19562254,0.00,487.00,電信費用,金錢,宜蘭縣宜蘭市****,,
540,邱嘉進,107年縣(市)議員選舉,首次申報,1071207,公共關係費用支出,金車生物科技股份有限公司,13658226,0.00,1872.00,聯誼交際費用,金錢,宜蘭縣礁溪鄉****,,
541,邱嘉進,107年縣(市)議員選舉,首次申報,1071211,租用競選辦事處支出,川詠事務機器有限公司,54126940,0.00,2064.00,租用影印機及影印費,金錢,宜蘭縣冬山鄉****,,
542,邱嘉進,107年縣(市)議員選舉,首次申報,1071217,雜支支出,蘇澳馬賽郵局,95938365,0.00,1947.00,郵資,金錢,宜蘭縣蘇澳鎮****,,
