﻿序號,擬參選人／政黨,選舉名稱,申報序號／年度,交易日期,收支科目,捐贈者／支出對象,身分證／統一編號,收入金額,支出金額,支出用途,金錢類,地址,聯絡電話,資料更正日期
1,潘月霞,107年縣(市)議員選舉,首次申報,1070815,雜支支出,清松開鑑印坊,20069483,0.00,900.00,政治獻金專戶,金錢,花蓮縣玉里鎮****,,
2,潘月霞,107年縣(市)議員選舉,首次申報,1070903,宣傳支出,郁文印刷廠,95569405,0.00,28400.00,名片+看板帆布,金錢,花蓮縣玉里鎮****,,
3,潘月霞,107年縣(市)議員選舉,首次申報,1070925,宣傳支出,百麗企業社,08164103,0.00,15564.00,三民文宣大圖輸+出含拆裝,金錢,花蓮縣玉里鎮****,,
4,潘月霞,107年縣(市)議員選舉,首次申報,1070930,宣傳支出,郁文印刷廠,95569405,0.00,3500.00,拍攝,金錢,花蓮縣玉里鎮****,,
5,潘月霞,107年縣(市)議員選舉,首次申報,1071011,雜支支出,衫霖企業社,49898164,0.00,74000.00,材料+工資+壓扣式地磚,金錢,花蓮縣玉里鎮****,,
6,潘月霞,107年縣(市)議員選舉,首次申報,1071018,雜支支出,雲龍行,94698233,0.00,15000.00,水電材料,金錢,花蓮縣玉里鎮****,,
7,潘月霞,107年縣(市)議員選舉,首次申報,1071022,雜支支出,清松開鑑印坊,20069483,0.00,400.00,連續章,金錢,花蓮縣玉里鎮****,,
8,潘月霞,107年縣(市)議員選舉,首次申報,1071024,雜支支出,王品蓉,72817050,0.00,1700.00,大手拍,金錢,新北市新店區****,,
9,潘月霞,107年縣(市)議員選舉,首次申報,1071030,雜支支出,清松開鑑坊,20069483,0.00,630.00,印章,金錢,花蓮縣玉里鎮****,,
10,潘月霞,107年縣(市)議員選舉,首次申報,1071031,雜支支出,衫霖企業社,49898164,0.00,15500.00,材料+工資,金錢,花蓮縣玉里鎮****,,
11,潘月霞,107年縣(市)議員選舉,首次申報,1071031,宣傳支出,高彩度數位影像有限公司,66616885,0.00,39690.00,布旗+運費,金錢,新北市汐止區****,,
12,潘月霞,107年縣(市)議員選舉,首次申報,1071101,雜支支出,玉芬飯包店,08171786,0.00,6000.00,便當,金錢,花蓮縣玉里鎮****,,
13,潘月霞,107年縣(市)議員選舉,首次申報,1071102,雜支支出,潤嘉實業有限公司,27807773,0.00,37500.00,日本扇,金錢,新北市中和區****,,
14,潘月霞,107年縣(市)議員選舉,首次申報,1071103,雜支支出,玉芬飯包店,08171786,0.00,10000.00,便當,金錢,花蓮縣玉里鎮****,,
15,潘月霞,107年縣(市)議員選舉,首次申報,1071105,雜支支出,玉里郵局花蓮31支局,,0.00,516.00,寄送邀請函,金錢,花蓮縣玉里鎮****,,
16,潘月霞,107年縣(市)議員選舉,首次申報,1071105,宣傳支出,金協誠廣告印刷工廠,13979959,0.00,5500.00,廣告設計,金錢,花蓮縣瑞穗鄉****,,
17,潘月霞,107年縣(市)議員選舉,首次申報,1071105,宣傳支出,浮浪玄人計劃工作室,49754407,0.00,6000.00,活動影片製作,金錢,花蓮縣玉里鎮****,,
18,潘月霞,107年縣(市)議員選舉,首次申報,1071105,人事費用支出,李彥瑾,U12*******,0.00,15000.00,薪資,金錢,花蓮縣玉里鎮****,,
19,潘月霞,107年縣(市)議員選舉,首次申報,1071105,人事費用支出,彭酩淇,U12*******,0.00,25000.00,薪資,金錢,花蓮縣玉里鎮****,,
20,潘月霞,107年縣(市)議員選舉,首次申報,1071106,雜支支出,裕金魚行市場店,70974722,0.00,5935.00,魚,金錢,玉里鎮公有第****,,
21,潘月霞,107年縣(市)議員選舉,首次申報,1071108,雜支支出,巴哲文具行,08173406,0.00,2350.00,文具,金錢,花蓮縣玉里鎮****,,
22,潘月霞,107年縣(市)議員選舉,首次申報,1071108,宣傳支出,郁文印刷,95569405,0.00,10500.00,競選帆布,金錢,花蓮縣玉里鎮****,,
23,潘月霞,107年縣(市)議員選舉,首次申報,1071108,宣傳支出,宏邦電訊有限公司,97270280,0.00,27930.00,液晶螢幕安裝,金錢,花蓮縣玉里鎮****,,
24,潘月霞,107年縣(市)議員選舉,首次申報,1071109,雜支支出,宏匠企業社,13979894,0.00,62000.00,監控系統 弱電工程,金錢,花蓮縣玉里鎮****,,
25,潘月霞,107年縣(市)議員選舉,首次申報,1071109,雜支支出,萬成煤氣行,20068772,0.00,800.00,瓦斯kg,金錢,花蓮縣玉里鎮****,,
26,潘月霞,107年縣(市)議員選舉,首次申報,1071110,雜支支出,立全消防器材行,08174165,0.00,35000.00,大型鐵架+小帳棚,金錢,花蓮縣玉里鎮****,,
27,潘月霞,107年縣(市)議員選舉,首次申報,1071110,雜支支出,立全消防器材行,08174165,0.00,35000.00,大型鐵架+小帳棚,金錢,花蓮縣玉里鎮****,,
28,潘月霞,107年縣(市)議員選舉,首次申報,1071110,雜支支出,大聯盟五金百貨玉里店,13979199,0.00,50.00,材料費,金錢,花蓮縣玉里鎮****,,
29,潘月霞,107年縣(市)議員選舉,首次申報,1071110,雜支支出,大聯盟五金百貨玉里店,13979199,0.00,20.00,材料費,金錢,花蓮縣玉里鎮****,,
30,潘月霞,107年縣(市)議員選舉,首次申報,1071110,雜支支出,穩潔食品原料行,15784796,0.00,700.00,筷子+碗,金錢,花蓮縣玉里鎮****,,
31,潘月霞,107年縣(市)議員選舉,首次申報,1071110,宣傳支出,欣欣電器行,20068739,0.00,2500.00,音響車出租,金錢,花蓮縣玉里鎮****,,
32,潘月霞,107年縣(市)議員選舉,首次申報,1071110,雜支支出,欣欣電器行,20068739,0.00,9500.00,靠背椅+椅子出租,金錢,花蓮縣玉里鎮****,,
33,潘月霞,107年縣(市)議員選舉,首次申報,1071110,雜支支出,萬成煤氣行,20068772,0.00,800.00,瓦斯kg,金錢,花蓮縣玉里鎮****,,
34,潘月霞,107年縣(市)議員選舉,首次申報,1071110,雜支支出,向媽小吃,72816995,0.00,23000.00,食材,金錢,花蓮縣玉里鎮****,,
35,潘月霞,107年縣(市)議員選舉,首次申報,1071110,人事費用支出,郭淑雅,E22*******,0.00,3600.00,薪資,金錢,花蓮縣玉里鎮****,,
36,潘月霞,107年縣(市)議員選舉,首次申報,1071110,人事費用支出,鄭有財,U12*******,0.00,2000.00,薪資,金錢,花蓮縣吉安鄉****,,
37,潘月霞,107年縣(市)議員選舉,首次申報,1071110,人事費用支出,余瑞琴,U22*******,0.00,2000.00,薪資,金錢,花蓮縣玉里鎮****,,
38,潘月霞,107年縣(市)議員選舉,首次申報,1071110,人事費用支出,劉素珍,U22*******,0.00,3600.00,薪資,金錢,花蓮縣玉里鎮****,,
39,潘月霞,107年縣(市)議員選舉,首次申報,1071110,人事費用支出,郭庭翠,U22*******,0.00,3600.00,薪資,金錢,花蓮縣玉里鎮****,,
40,潘月霞,107年縣(市)議員選舉,首次申報,1071110,人事費用支出,蔡郭妹,V20*******,0.00,3600.00,薪資,金錢,花蓮縣玉里鎮****,,
41,潘月霞,107年縣(市)議員選舉,首次申報,1071111,雜支支出,興和汽車電器行,08166741,0.00,8850.00,車輛維修,金錢,花蓮縣瑞穗鄉****,,
42,潘月霞,107年縣(市)議員選舉,首次申報,1071112,宣傳支出,郁文印刷,95569405,0.00,22000.00,競選文宣,金錢,花蓮縣玉里鎮****,,
43,潘月霞,107年縣(市)議員選舉,首次申報,1071112,宣傳支出,郁文印刷廠,95569405,0.00,34450.00,文宣,金錢,花蓮縣玉里鎮****,,
44,潘月霞,107年縣(市)議員選舉,首次申報,1071112,宣傳支出,郁文印刷,95569405,0.00,18000.00,競選帆布,金錢,花蓮縣玉里鎮****,,
45,潘月霞,107年縣(市)議員選舉,首次申報,1071112,宣傳支出,郁文印刷廠,95569405,0.00,18175.00,競選帆布+玉里大橋帆布,金錢,花蓮縣玉里鎮****,,
46,潘月霞,107年縣(市)議員選舉,首次申報,1071112,雜支支出,福隆商號,95596986,0.00,60.00,大豆干,金錢,玉里綜合市場****,,
47,潘月霞,107年縣(市)議員選舉,首次申報,1071113,雜支支出,橙威貿易有限公司,42593053,0.00,30450.00,煙火,金錢,新竹縣湖口鄉****,,
48,潘月霞,107年縣(市)議員選舉,首次申報,1071115,雜支支出,正興工具商行,70974032,0.00,19500.00,投光燈具,金錢,花蓮縣玉里鎮****,,
49,潘月霞,107年縣(市)議員選舉,首次申報,1071115,雜支支出,飛達服飾有限公司,80416705,0.00,31416.00,工作服,金錢,新北市泰山區****,,
50,潘月霞,107年縣(市)議員選舉,首次申報,1071115,人事費用支出,潘星宏,K10*******,0.00,18000.00,薪資,金錢,花蓮縣玉里鎮****,,
51,潘月霞,107年縣(市)議員選舉,首次申報,1071115,人事費用支出,柯天賜,U10*******,0.00,5000.00,薪資,金錢,花蓮縣玉里鎮****,,
52,潘月霞,107年縣(市)議員選舉,首次申報,1071115,人事費用支出,潘來春,U10*******,0.00,57000.00,薪資,金錢,花蓮縣玉里鎮****,,
53,潘月霞,107年縣(市)議員選舉,首次申報,1071115,人事費用支出,李旭泰,U12*******,0.00,20000.00,薪資,金錢,花蓮縣玉里鎮****,,
54,潘月霞,107年縣(市)議員選舉,首次申報,1071115,人事費用支出,游璽霖,U22*******,0.00,15000.00,薪資,金錢,花蓮縣玉里鎮****,,
55,潘月霞,107年縣(市)議員選舉,首次申報,1071115,人事費用支出,何姿儀,U22*******,0.00,15000.00,薪資,金錢,花蓮縣玉里鎮****,,
56,潘月霞,107年縣(市)議員選舉,首次申報,1071116,雜支支出,萬成煤氣行,20068772,0.00,740.00,瓦斯kg,金錢,花蓮縣玉里鎮****,,
57,潘月霞,107年縣(市)議員選舉,首次申報,1071118,雜支支出,安勝行,08174382,0.00,200.00,醬油,金錢,玉里綜合市場****,,
58,潘月霞,107年縣(市)議員選舉,首次申報,1071120,宣傳支出,信泰印刷所,08162554,0.00,20000.00,文宣品,金錢,花蓮縣瑞穗鄉****,,
59,潘月霞,107年縣(市)議員選舉,首次申報,1071120,雜支支出,立全消防器材行,08174165,0.00,3000.00,鐵架含電燈,金錢,花蓮縣玉里鎮****,,
60,潘月霞,107年縣(市)議員選舉,首次申報,1071120,宣傳支出,台灣寶島自由行,41465185,0.00,25000.00,廣告,金錢,花蓮市延平街****,,
61,潘月霞,107年縣(市)議員選舉,首次申報,1071120,宣傳支出,浮浪玄人計劃工作室,49754407,0.00,35000.00,文宣設計費,金錢,花蓮縣玉里鎮****,,
62,潘月霞,107年縣(市)議員選舉,首次申報,1071120,雜支支出,冠宏企業社,50705854,0.00,76230.00,帽子,金錢,新竹市北區曲****,,
63,潘月霞,107年縣(市)議員選舉,首次申報,1071120,雜支支出,合庭聯合超商股份有限公司,84957111,0.00,310.00,食材,金錢,花蓮縣玉里鎮****,,
64,潘月霞,107年縣(市)議員選舉,首次申報,1071120,雜支支出,合庭聯合超商股份有限公司,84957111,0.00,2496.00,食材,金錢,花蓮縣玉里鎮****,,
65,潘月霞,107年縣(市)議員選舉,首次申報,1071121,宣傳支出,聯合報系,,0.00,1500.00,夾報,金錢,花蓮縣玉里鎮****,,
66,潘月霞,107年縣(市)議員選舉,首次申報,1071121,雜支支出,穩潔食品原料行,15784796,0.00,80.00,耐熱碗,金錢,花蓮縣玉里鎮****,,
67,潘月霞,107年縣(市)議員選舉,首次申報,1071121,雜支支出,年昌碾米工廠,95523268,0.00,550.00,白米K,金錢,花蓮縣玉里鎮****,,
68,潘月霞,107年縣(市)議員選舉,首次申報,1071121,雜支支出,年昌碾米工廠,95523268,0.00,550.00,白米K,金錢,花蓮縣玉里鎮****,,
69,潘月霞,107年縣(市)議員選舉,首次申報,1071122,宣傳支出,聯合報系,,0.00,1500.00,夾報,金錢,花蓮縣玉里鎮****,,
70,潘月霞,107年縣(市)議員選舉,首次申報,1071122,宣傳支出,友成報業,03799802,0.00,1500.00,瑞穗夾報,金錢,花蓮縣瑞穗鄉****,,
71,潘月霞,107年縣(市)議員選舉,首次申報,1071122,雜支支出,相宜快餐,13977609,0.00,4500.00,便當,金錢,花蓮縣玉里鎮****,,
72,潘月霞,107年縣(市)議員選舉,首次申報,1071122,雜支支出,相宜快餐,13977609,0.00,8250.00,便當,金錢,花蓮縣玉里鎮****,,
73,潘月霞,107年縣(市)議員選舉,首次申報,1071122,雜支支出,大聯盟五金百貨玉里店,13979199,0.00,30.00,材料費,金錢,花蓮縣玉里鎮****,,
74,潘月霞,107年縣(市)議員選舉,首次申報,1071122,宣傳支出,全印企業社,20068442,0.00,2400.00,文宣品,金錢,花蓮縣玉里鎮****,,
75,潘月霞,107年縣(市)議員選舉,首次申報,1071123,宣傳支出,更生日報,94768687,0.00,6000.00,夾報,金錢,花蓮市五權街****,,
76,潘月霞,107年縣(市)議員選舉,首次申報,1071123,宣傳支出,振榮廣告社,95588901,0.00,29000.00,大型看板,金錢,花蓮縣玉里鎮****,,
77,潘月霞,107年縣(市)議員選舉,首次申報,1071124,雜支支出,秀菊蔬菜行,18063358,0.00,17227.00,食材,金錢,玉里鎮零售市****,,
78,潘月霞,107年縣(市)議員選舉,首次申報,1071124,雜支支出,憲發商號,94674823,0.00,11780.00,食材,金錢,花蓮縣玉里鎮****,,
79,潘月霞,107年縣(市)議員選舉,首次申報,1071124,雜支支出,永泰行,94736031,0.00,18000.00,蜂炮,金錢,花蓮市重慶路****,,
80,潘月霞,107年縣(市)議員選舉,首次申報,1071125,雜支支出,永泰行,94736031,0.00,18000.00,蜂炮,金錢,花蓮市重慶路****,,
81,潘月霞,107年縣(市)議員選舉,首次申報,1071125,雜支支出,永泰行,94736031,0.00,7000.00,蜂炮,金錢,花蓮市重慶路****,,
82,潘月霞,107年縣(市)議員選舉,首次申報,1071127,雜支支出,台灣電力公司,94374902,0.00,2969.00,預繳電費,金錢,花蓮縣玉里鎮****,,
83,潘月霞,107年縣(市)議員選舉,首次申報,1071128,宣傳支出,更生日報,94768687,0.00,4810.00,夾報,金錢,花蓮市五權街****,,
84,潘月霞,107年縣(市)議員選舉,首次申報,1071130,宣傳支出,京奇廣告有限公司,27715182,0.00,44500.00,海報,金錢,新北市中和區****,,
85,潘月霞,107年縣(市)議員選舉,首次申報,1071206,宣傳支出,創造影像工作室,42491675,0.00,15000.00,拍攝剪輯,金錢,臺北市信義區****,,
86,潘月霞,107年縣(市)議員選舉,首次申報,1071218,雜支支出,玉基企業社,08175592,0.00,25800.00,招牌鐵工,金錢,花蓮縣玉里鎮****,,
