﻿序號,擬參選人／政黨,選舉名稱,申報序號／年度,交易日期,收支科目,捐贈者／支出對象,身分證／統一編號,收入金額,支出金額,支出用途,金錢類,地址,聯絡電話,資料更正日期
1,張麗善,107年縣(市)長選舉,首次申報,1070611,宣傳支出,健豪印刷事業股份有限公司,16332027,0.00,78732.00,製作競選物品支出（文宣品）,金錢,臺中市西區大****,04-2*****,
2,張麗善,107年縣(市)長選舉,首次申報,1070612,人事費用支出,詹姿菁,L22*******,0.00,30000.00,薪資支出,金錢,雲林縣虎尾鎮****,0921*****,
3,張麗善,107年縣(市)長選舉,首次申報,1070612,人事費用支出,李合銅,P10*******,0.00,14000.00,薪資支出,金錢,雲林縣崙背鄉****,0927*****,
4,張麗善,107年縣(市)長選舉,首次申報,1070612,人事費用支出,黃建信,P12*******,0.00,21000.00,薪資支出,金錢,雲林縣西螺鎮****,0932*****,
5,張麗善,107年縣(市)長選舉,首次申報,1070612,人事費用支出,曾敬晃,P12*******,0.00,2000.00,薪資支出,金錢,雲林縣林內鄉****,0979*****,
6,張麗善,107年縣(市)長選舉,首次申報,1070612,人事費用支出,黃毓瑜,P12*******,0.00,30000.00,薪資支出,金錢,雲林縣土庫鎮****,0913*****,
7,張麗善,107年縣(市)長選舉,首次申報,1070612,人事費用支出,賴亭睿,P12*******,0.00,30000.00,薪資支出,金錢,雲林縣虎尾鎮****,0978*****,
8,張麗善,107年縣(市)長選舉,首次申報,1070612,人事費用支出,張家鴻,P12*******,0.00,30000.00,薪資支出,金錢,雲林縣崙背鄉****,05-6*****,
9,張麗善,107年縣(市)長選舉,首次申報,1070612,人事費用支出,陳志榮,P12*******,0.00,30000.00,薪資支出,金錢,雲林縣斗六市****,0986*****,
10,張麗善,107年縣(市)長選舉,首次申報,1070612,人事費用支出,張永憲,P12*******,0.00,30000.00,薪資支出,金錢,雲林縣東勢鄉****,0906*****,
11,張麗善,107年縣(市)長選舉,首次申報,1070612,人事費用支出,黃滿明,P12*******,0.00,30000.00,薪資支出,金錢,雲林縣虎尾鎮****,0930*****,
12,張麗善,107年縣(市)長選舉,首次申報,1070612,人事費用支出,許樹香,P22*******,0.00,30000.00,薪資支出,金錢,雲林縣臺西鄉****,0922*****,
13,張麗善,107年縣(市)長選舉,首次申報,1070612,人事費用支出,趙若廷,P22*******,0.00,28000.00,薪資支出,金錢,雲林縣土庫鎮****,0916*****,
14,張麗善,107年縣(市)長選舉,首次申報,1070612,人事費用支出,何萱瑩,Q22*******,0.00,30000.00,薪資支出,金錢,雲林縣古坑鄉****,0963*****,
15,張麗善,107年縣(市)長選舉,首次申報,1070612,人事費用支出,康雅菁,Q22*******,0.00,30000.00,薪資支出,金錢,嘉義縣六腳鄉****,0988*****,
16,張麗善,107年縣(市)長選舉,首次申報,1070612,人事費用支出,何俊宏,U12*******,0.00,30000.00,薪資支出,金錢,雲林縣斗六市****,0975*****,
17,張麗善,107年縣(市)長選舉,首次申報,1070612,人事費用支出,黃建元,U12*******,0.00,15000.00,薪資支出,金錢,雲林縣斗六市****,0934*****,
18,張麗善,107年縣(市)長選舉,首次申報,1070623,雜支支出,明傳影印企業行斗六店,39861441,0.00,3190.00,文具用品費用,金錢,雲林縣斗六市****,05-5*****,
19,張麗善,107年縣(市)長選舉,首次申報,1070702,返還支出,財團法人台中市佛教本願山彌陀講堂,,0.00,10000.00,返還,金錢,台中市潭子區****,04-2*****,
20,張麗善,107年縣(市)長選舉,首次申報,1070708,集會支出,立有實業社,38796160,0.00,22000.00,租用設備支出,金錢,雲林縣西螺鎮****,05-5*****,
21,張麗善,107年縣(市)長選舉,首次申報,1070708,集會支出,艾迪爾影視社,39862602,0.00,25000.00,活動紀錄,金錢,雲林縣斗六市****,0933*****,
22,張麗善,107年縣(市)長選舉,首次申報,1070710,宣傳支出,仕羴企業有限公司,16479128,0.00,80237.00,租用廣告看板或車體廣告支出,金錢,高雄市左營區****,07-3*****,
23,張麗善,107年縣(市)長選舉,首次申報,1070710,集會支出,田尾鄉農會,60459705,0.00,30000.00,訂購康乃馨,金錢,彰化縣田尾鄉****,04-8*****,
24,張麗善,107年縣(市)長選舉,首次申報,1070710,宣傳支出,博覽書局,77547176,0.00,11050.00,製作競選物品支出（製作手舉牌）,金錢,雲林縣虎尾鎮****,05-6*****,
25,張麗善,107年縣(市)長選舉,首次申報,1070710,人事費用支出,詹姿菁,L22*******,0.00,30000.00,薪資支出月份,金錢,雲林縣虎尾鎮****,0921*****,
26,張麗善,107年縣(市)長選舉,首次申報,1070710,人事費用支出,邱良閱,N12*******,0.00,30000.00,薪資支出月份,金錢,雲林縣西螺鎮****,0916*****,
27,張麗善,107年縣(市)長選舉,首次申報,1070710,人事費用支出,李合銅,P10*******,0.00,30000.00,薪資支出月份,金錢,雲林縣崙背鄉****,0927*****,
28,張麗善,107年縣(市)長選舉,首次申報,1070710,人事費用支出,黃滿明,P12*******,0.00,30000.00,薪資支出月份,金錢,雲林縣虎尾鎮****,0930*****,
29,張麗善,107年縣(市)長選舉,首次申報,1070710,人事費用支出,黃毓瑜,P12*******,0.00,30000.00,薪資支出月份,金錢,雲林縣土庫鎮****,0913*****,
30,張麗善,107年縣(市)長選舉,首次申報,1070710,人事費用支出,黃建信,P12*******,0.00,30000.00,薪資支出月份,金錢,雲林縣西螺鎮****,0932*****,
31,張麗善,107年縣(市)長選舉,首次申報,1070710,人事費用支出,賴亭睿,P12*******,0.00,30000.00,薪資支出月份,金錢,雲林縣虎尾鎮****,0978*****,
32,張麗善,107年縣(市)長選舉,首次申報,1070710,人事費用支出,張家鴻,P12*******,0.00,30000.00,薪資支出月份,金錢,雲林縣崙背鄉****,0913*****,
33,張麗善,107年縣(市)長選舉,首次申報,1070710,人事費用支出,陳志榮,P12*******,0.00,30000.00,薪資支出月份,金錢,雲林縣斗六市****,0986*****,
34,張麗善,107年縣(市)長選舉,首次申報,1070710,人事費用支出,張永憲,P12*******,0.00,30000.00,薪資支出月份,金錢,雲林縣東勢鄉****,0906*****,
35,張麗善,107年縣(市)長選舉,首次申報,1070710,人事費用支出,曾敬晃,P12*******,0.00,8000.00,薪資支出月份,金錢,雲林縣林內鄉****,0979*****,
36,張麗善,107年縣(市)長選舉,首次申報,1070710,人事費用支出,丁麗英,P20*******,0.00,26000.00,薪資支出月份,金錢,雲林縣臺西鄉****,0932*****,
37,張麗善,107年縣(市)長選舉,首次申報,1070710,人事費用支出,趙若廷,P22*******,0.00,28000.00,薪資支出月份,金錢,雲林縣土庫鎮****,0916*****,
38,張麗善,107年縣(市)長選舉,首次申報,1070710,人事費用支出,許樹香,P22*******,0.00,20000.00,薪資支出月份,金錢,雲林縣臺西鄉****,0922*****,
39,張麗善,107年縣(市)長選舉,首次申報,1070710,人事費用支出,何萱瑩,Q22*******,0.00,30000.00,薪資支出月份,金錢,雲林縣古坑鄉****,0963*****,
40,張麗善,107年縣(市)長選舉,首次申報,1070710,人事費用支出,康雅菁,Q22*******,0.00,30000.00,薪資支出月份,金錢,嘉義縣六腳鄉****,0988*****,
41,張麗善,107年縣(市)長選舉,首次申報,1070710,人事費用支出,何俊宏,U12*******,0.00,30000.00,薪資支出月份,金錢,雲林縣斗六市****,0975*****,
42,張麗善,107年縣(市)長選舉,首次申報,1070710,人事費用支出,黃建元,U12*******,0.00,30000.00,薪資支出月份,金錢,雲林縣斗六市****,0934*****,
43,張麗善,107年縣(市)長選舉,首次申報,1070719,雜支支出,東昇自助餐,92829961,0.00,15000.00,-月工作人員便當,金錢,雲林縣虎尾鎮****,05-6*****,
44,張麗善,107年縣(市)長選舉,首次申報,1070725,集會支出,福田企業社,10900472,0.00,25000.00,活動用輕便雨衣,金錢,雲林縣斗六市****,05-5*****,
45,張麗善,107年縣(市)長選舉,首次申報,1070725,宣傳支出,福田企業社,10900472,0.00,150000.00,製作競選物品支出（便條紙）,金錢,雲林縣斗六市****,05-5*****,
46,張麗善,107年縣(市)長選舉,首次申報,1070725,宣傳支出,奇泓企業社,72604330,0.00,154824.00,租用廣告看板或車體廣告支出,金錢,雲林縣斗南鎮****,0987*****,
47,張麗善,107年縣(市)長選舉,首次申報,1070727,雜支支出,台全裝璜行,92839573,0.00,55565.00,裝修競選總部,金錢,雲林縣斗六市****,05-5*****,
48,張麗善,107年縣(市)長選舉,首次申報,1070803,宣傳支出,星際服裝行,14162271,0.00,55520.00,製作競選物品支出（競選服裝polo衫）,金錢,雲林縣虎尾鎮****,05-6*****,
49,張麗善,107年縣(市)長選舉,首次申報,1070803,宣傳支出,呂底亞實業有限公司,61768243,0.00,138338.00,製作競選物品支出（競選服裝polo衫）,金錢,臺中市北屯區****,04-2*****,
50,張麗善,107年縣(市)長選舉,首次申報,1070810,雜支支出,伍彩百貨行,47610469,0.00,12230.00,證書框,金錢,彰化縣伸港鄉****,04-7*****,
51,張麗善,107年縣(市)長選舉,首次申報,1070810,宣傳支出,方和傳媒股份有限公司,55771662,0.00,1050000.00,製作宣傳廣告支出(廣告設計規劃),金錢,臺北市信義區****,,
52,張麗善,107年縣(市)長選舉,首次申報,1070810,人事費用支出,詹姿菁,L22*******,0.00,30000.00,薪資支出月份,金錢,雲林縣虎尾鎮****,0921*****,
53,張麗善,107年縣(市)長選舉,首次申報,1070810,人事費用支出,邱良閱,N12*******,0.00,30000.00,薪資支出月份,金錢,雲林縣西螺鎮****,0916*****,
54,張麗善,107年縣(市)長選舉,首次申報,1070810,人事費用支出,李合銅,P10*******,0.00,30000.00,薪資支出月份,金錢,雲林縣崙背鄉****,0927*****,
55,張麗善,107年縣(市)長選舉,首次申報,1070810,人事費用支出,黃建信,P12*******,0.00,30000.00,薪資支出月份,金錢,雲林縣西螺鎮****,0932*****,
56,張麗善,107年縣(市)長選舉,首次申報,1070810,人事費用支出,黃毓瑜,P12*******,0.00,30000.00,薪資支出月份,金錢,雲林縣土庫鎮****,0913*****,
57,張麗善,107年縣(市)長選舉,首次申報,1070810,人事費用支出,黃滿明,P12*******,0.00,30000.00,薪資支出月份,金錢,雲林縣虎尾鎮****,0930*****,
58,張麗善,107年縣(市)長選舉,首次申報,1070810,人事費用支出,吳旻瑜,P12*******,0.00,30000.00,薪資支出月份,金錢,雲林縣斗南鎮****,0986*****,
59,張麗善,107年縣(市)長選舉,首次申報,1070810,人事費用支出,謝東儒,P12*******,0.00,30000.00,薪資支出月份,金錢,雲林縣口湖鄉****,0984*****,
60,張麗善,107年縣(市)長選舉,首次申報,1070810,人事費用支出,賴亭睿,P12*******,0.00,30000.00,薪資支出月份,金錢,雲林縣虎尾鎮****,0978*****,
61,張麗善,107年縣(市)長選舉,首次申報,1070810,人事費用支出,張家鴻,P12*******,0.00,30000.00,薪資支出月份,金錢,雲林縣崙背鄉****,0913*****,
62,張麗善,107年縣(市)長選舉,首次申報,1070810,人事費用支出,陳志榮,P12*******,0.00,30000.00,薪資支出月份,金錢,雲林縣斗六市****,0986*****,
63,張麗善,107年縣(市)長選舉,首次申報,1070810,人事費用支出,林雍嘉,P12*******,0.00,30000.00,薪資支出月份,金錢,雲林縣土庫鎮****,0965*****,
64,張麗善,107年縣(市)長選舉,首次申報,1070810,人事費用支出,張永憲,P12*******,0.00,30000.00,薪資支出月份,金錢,雲林縣東勢鄉****,0906*****,
65,張麗善,107年縣(市)長選舉,首次申報,1070810,人事費用支出,蔡明廣,P12*******,0.00,15000.00,薪資支出月份,金錢,雲林縣北港鎮****,0922*****,
66,張麗善,107年縣(市)長選舉,首次申報,1070810,人事費用支出,鄭漢政,P12*******,0.00,20000.00,薪資支出月份,金錢,雲林縣林內鄉****,0958*****,
67,張麗善,107年縣(市)長選舉,首次申報,1070810,人事費用支出,曾敬晃,P12*******,0.00,8000.00,薪資支出月份,金錢,雲林縣林內鄉****,0979*****,
68,張麗善,107年縣(市)長選舉,首次申報,1070810,人事費用支出,丁麗英,P20*******,0.00,28000.00,薪資支出月份,金錢,雲林縣臺西鄉****,0932*****,
69,張麗善,107年縣(市)長選舉,首次申報,1070810,人事費用支出,趙若廷,P22*******,0.00,30000.00,薪資支出月份,金錢,雲林縣土庫鎮****,0916*****,
70,張麗善,107年縣(市)長選舉,首次申報,1070810,人事費用支出,許樹香,P22*******,0.00,30000.00,薪資支出月份,金錢,雲林縣臺西鄉****,0922*****,
71,張麗善,107年縣(市)長選舉,首次申報,1070810,人事費用支出,蔡沂璇,P22*******,0.00,45066.00,薪資支出月份,金錢,雲林縣元長鄉****,0985*****,
72,張麗善,107年縣(市)長選舉,首次申報,1070810,人事費用支出,何萱瑩,Q22*******,0.00,30000.00,薪資支出月份,金錢,雲林縣古坑鄉****,0963*****,
73,張麗善,107年縣(市)長選舉,首次申報,1070810,人事費用支出,康雅菁,Q22*******,0.00,30000.00,薪資支出月份,金錢,嘉義縣六腳鄉****,0988*****,
74,張麗善,107年縣(市)長選舉,首次申報,1070810,人事費用支出,高麗玲,Q22*******,0.00,20000.00,薪資支出月份,金錢,雲林縣林內鄉****,0963*****,
75,張麗善,107年縣(市)長選舉,首次申報,1070810,人事費用支出,林顏月裡,R20*******,0.00,30000.00,薪資支出月份,金錢,雲林縣北港鎮****,05-7*****,
76,張麗善,107年縣(市)長選舉,首次申報,1070810,人事費用支出,劉淑卿,R22*******,0.00,20000.00,薪資支出月份,金錢,雲林縣麥寮鄉****,0931*****,
77,張麗善,107年縣(市)長選舉,首次申報,1070810,人事費用支出,黃建元,U12*******,0.00,30000.00,薪資支出月份,金錢,雲林縣斗六市****,0934*****,
78,張麗善,107年縣(市)長選舉,首次申報,1070810,人事費用支出,何俊宏,U12*******,0.00,30000.00,薪資支出月份,金錢,雲林縣斗六市****,0975*****,
79,張麗善,107年縣(市)長選舉,首次申報,1070813,宣傳支出,興業廣告社,77824018,0.00,20000.00,播送、傳送或刊登宣傳廣告支出,金錢,雲林縣斗六市****,05-5*****,
80,張麗善,107年縣(市)長選舉,首次申報,1070816,宣傳支出,福田企業社,10900472,0.00,192000.00,製作競選物品支出（便條紙）,金錢,雲林縣斗六市****,05-5*****,
81,張麗善,107年縣(市)長選舉,首次申報,1070816,宣傳支出,福田企業社,10900472,0.00,64000.00,製作競選物品支出（驚嘆號筆）,金錢,雲林縣斗六市****,05-5*****,
82,張麗善,107年縣(市)長選舉,首次申報,1070816,雜支支出,億祥興有限公司,16647960,0.00,31869.00,影印費,金錢,雲林縣虎尾鎮****,05-6*****,
83,張麗善,107年縣(市)長選舉,首次申報,1070828,雜支支出,循證民調有限公司,54750009,0.00,152250.00,委託辦理研究、評估、調查、設計或規劃支出,金錢,臺中市北屯區****,04-3*****,
84,張麗善,107年縣(市)長選舉,首次申報,1070828,宣傳支出,奇泓企業社,72604330,0.00,227274.00,租用廣告看板或車體廣告支出,金錢,雲林縣斗南鎮****,0987*****,
85,張麗善,107年縣(市)長選舉,首次申報,1070904,雜支支出,年發企業社,94931273,0.00,1300.00,文具用品費用,金錢,臺中市大雅區****,04-2*****,
86,張麗善,107年縣(市)長選舉,首次申報,1070910,宣傳支出,中美廣告社,64953165,0.00,216602.00,租用廣告看板或車體廣告支出,金錢,雲林縣虎尾鎮****,05-6*****,
87,張麗善,107年縣(市)長選舉,首次申報,1070910,人事費用支出,趙睿杰,E12*******,0.00,6090.00,薪資支出月份,金錢,高雄市小港區****,0968*****,
88,張麗善,107年縣(市)長選舉,首次申報,1070910,人事費用支出,鐘婉瑄,M22*******,0.00,30000.00,薪資支出月份,金錢,臺中市霧峰區****,0988*****,
89,張麗善,107年縣(市)長選舉,首次申報,1070910,人事費用支出,邱良閱,N12*******,0.00,30000.00,薪資支出月份,金錢,雲林縣西螺鎮****,0916*****,
90,張麗善,107年縣(市)長選舉,首次申報,1070910,人事費用支出,李合銅,P10*******,0.00,30000.00,薪資支出月份,金錢,雲林縣崙背鄉****,0927*****,
91,張麗善,107年縣(市)長選舉,首次申報,1070910,人事費用支出,黃建信,P12*******,0.00,30000.00,薪資支出月份,金錢,雲林縣西螺鎮****,0932*****,
92,張麗善,107年縣(市)長選舉,首次申報,1070910,人事費用支出,黃毓瑜,P12*******,0.00,30000.00,薪資支出月份,金錢,雲林縣土庫鎮****,0913*****,
93,張麗善,107年縣(市)長選舉,首次申報,1070910,人事費用支出,黃滿明,P12*******,0.00,30000.00,薪資支出月份,金錢,雲林縣虎尾鎮****,0930*****,
94,張麗善,107年縣(市)長選舉,首次申報,1070910,人事費用支出,蔡明廣,P12*******,0.00,30000.00,薪資支出月份,金錢,雲林縣北港鎮****,0922*****,
95,張麗善,107年縣(市)長選舉,首次申報,1070910,人事費用支出,吳旻瑜,P12*******,0.00,30000.00,薪資支出月份,金錢,雲林縣斗南鎮****,0986*****,
96,張麗善,107年縣(市)長選舉,首次申報,1070910,人事費用支出,謝東儒,P12*******,0.00,30000.00,薪資支出月份,金錢,雲林縣口湖鄉****,0984*****,
97,張麗善,107年縣(市)長選舉,首次申報,1070910,人事費用支出,賴亭睿,P12*******,0.00,30000.00,薪資支出月份,金錢,雲林縣虎尾鎮****,0978*****,
98,張麗善,107年縣(市)長選舉,首次申報,1070910,人事費用支出,張家鴻,P12*******,0.00,30000.00,薪資支出月份,金錢,雲林縣崙背鄉****,0913*****,
99,張麗善,107年縣(市)長選舉,首次申報,1070910,人事費用支出,陳志榮,P12*******,0.00,30000.00,薪資支出月份,金錢,雲林縣斗六市****,0986*****,
100,張麗善,107年縣(市)長選舉,首次申報,1070910,人事費用支出,林雍嘉,P12*******,0.00,30000.00,薪資支出月份,金錢,雲林縣土庫鎮****,0965*****,
101,張麗善,107年縣(市)長選舉,首次申報,1070910,人事費用支出,張永憲,P12*******,0.00,30000.00,薪資支出月份,金錢,雲林縣東勢鄉****,0906*****,
102,張麗善,107年縣(市)長選舉,首次申報,1070910,人事費用支出,廖文彬,P12*******,0.00,6180.00,薪資支出月份,金錢,雲林縣虎尾鎮****,0986*****,
103,張麗善,107年縣(市)長選舉,首次申報,1070910,人事費用支出,蘇品源,P12*******,0.00,6564.00,薪資支出月份,金錢,雲林縣虎尾鎮****,05-6*****,
104,張麗善,107年縣(市)長選舉,首次申報,1070910,人事費用支出,曾敬晃,P12*******,0.00,8000.00,薪資支出月份,金錢,雲林縣林內鄉****,0979*****,
105,張麗善,107年縣(市)長選舉,首次申報,1070910,人事費用支出,廖金祥,P12*******,0.00,7091.00,薪資支出月份,金錢,雲林縣虎尾鎮****,05-6*****,
106,張麗善,107年縣(市)長選舉,首次申報,1070910,人事費用支出,鄭漢政,P12*******,0.00,20000.00,薪資支出月份,金錢,雲林縣林內鄉****,0958*****,
107,張麗善,107年縣(市)長選舉,首次申報,1070910,人事費用支出,丁麗英,P20*******,0.00,28000.00,薪資支出月份,金錢,雲林縣臺西鄉****,0932*****,
108,張麗善,107年縣(市)長選舉,首次申報,1070910,人事費用支出,趙若廷,P22*******,0.00,30000.00,薪資支出月份,金錢,雲林縣土庫鎮****,0916*****,
109,張麗善,107年縣(市)長選舉,首次申報,1070910,人事費用支出,許樹香,P22*******,0.00,30000.00,薪資支出月份,金錢,雲林縣臺西鄉****,0922*****,
110,張麗善,107年縣(市)長選舉,首次申報,1070910,人事費用支出,李虹儀,P22*******,0.00,25000.00,薪資支出月份,金錢,雲林縣虎尾鎮****,0933*****,
111,張麗善,107年縣(市)長選舉,首次申報,1070910,人事費用支出,蔡沂璇,P22*******,0.00,5200.00,薪資支出月份,金錢,雲林縣斗六市****,0985*****,
112,張麗善,107年縣(市)長選舉,首次申報,1070910,人事費用支出,邱鈺婷,P22*******,0.00,4550.00,薪資支出月份,金錢,雲林縣虎尾鎮****,0976*****,
113,張麗善,107年縣(市)長選舉,首次申報,1070910,人事費用支出,許毓珊,P22*******,0.00,1400.00,薪資支出月份,金錢,雲林縣虎尾鎮****,0933*****,
114,張麗善,107年縣(市)長選舉,首次申報,1070910,人事費用支出,高麗玲,Q22*******,0.00,20000.00,薪資支出月份,金錢,雲林縣林內鄉****,0963*****,
115,張麗善,107年縣(市)長選舉,首次申報,1070910,人事費用支出,何宣瑩,Q22*******,0.00,30000.00,薪資支出月份,金錢,雲林縣古坑鄉****,0963*****,
116,張麗善,107年縣(市)長選舉,首次申報,1070910,人事費用支出,康雅菁,Q22*******,0.00,30000.00,薪資支出月份,金錢,嘉義縣六腳鄉****,0988*****,
117,張麗善,107年縣(市)長選舉,首次申報,1070910,人事費用支出,林顏月裡,R20*******,0.00,30000.00,薪資支出月份,金錢,雲林縣北港鎮****,05-7*****,
118,張麗善,107年縣(市)長選舉,首次申報,1070910,人事費用支出,劉淑卿,R22*******,0.00,20000.00,薪資支出月份,金錢,雲林縣麥寮鄉****,0931*****,
119,張麗善,107年縣(市)長選舉,首次申報,1070910,人事費用支出,黃建元,U12*******,0.00,30000.00,薪資支出月份,金錢,雲林縣斗六市****,0934*****,
120,張麗善,107年縣(市)長選舉,首次申報,1070910,人事費用支出,何俊宏,U12*******,0.00,30000.00,薪資支出月份,金錢,雲林縣斗六市****,0975*****,
121,張麗善,107年縣(市)長選舉,首次申報,1070910,人事費用支出,鍾登財,V10*******,0.00,20000.00,薪資支出月份,金錢,雲林縣西螺鎮****,0933*****,
122,張麗善,107年縣(市)長選舉,首次申報,1070911,雜支支出,中華電信股份有限公司,63501100,0.00,8964.00,電話費,金錢,雲林縣斗六市****,0800*****,
123,張麗善,107年縣(市)長選舉,首次申報,1070913,宣傳支出,指南廣播電台股份有限公司,13074243,0.00,60000.00,播送、傳送或刊登宣傳廣告支出,金錢,臺南市臨安路****,06-2*****,
124,張麗善,107年縣(市)長選舉,首次申報,1070913,宣傳支出,呂底亞實業有限公司,61768243,0.00,216720.00,製作競選物品支出（競選帽子）,金錢,臺中市北屯區****,04-2*****,
125,張麗善,107年縣(市)長選舉,首次申報,1070914,宣傳支出,工商財經數位股份有限公司,04196414,0.00,199500.00,製作宣傳廣告支出,金錢,臺北市大理街****,02-2*****,
126,張麗善,107年縣(市)長選舉,首次申報,1070914,宣傳支出,聯合派報社,37712207,0.00,2800.00,播送、傳送或刊登宣傳廣告支出,金錢,嘉義縣朴子市****,05-3*****,
127,張麗善,107年縣(市)長選舉,首次申報,1070925,雜支支出,聯利媒體股份有限公司,84305300,0.00,220000.00,委託辦理研究、評估、調查、設計或規劃支出,金錢,臺北市內湖區****,02-2*****,
128,張麗善,107年縣(市)長選舉,首次申報,1070926,雜支支出,達隆實業社,06161312,0.00,16000.00,打掃競選總部,金錢,雲林縣林內鄉****,05-5*****,
129,張麗善,107年縣(市)長選舉,首次申報,1070926,集會支出,鼓林音樂音響工作室,09342443,0.00,175100.00,馬光之夜活動音響、燈光,金錢,雲林縣莿桐鄉****,05-5*****,
130,張麗善,107年縣(市)長選舉,首次申報,1070926,集會支出,祥哲工業社,45767513,0.00,25200.00,馬光之夜場地佈置,金錢,雲林縣虎尾鎮****,05-6*****,
131,張麗善,107年縣(市)長選舉,首次申報,1070928,宣傳支出,奇泓企業社,72604330,0.00,217028.00,租用廣告看板或車體廣告支出,金錢,雲林縣斗南鎮****,0987*****,
132,張麗善,107年縣(市)長選舉,首次申報,1070928,宣傳支出,虎尾旗幟社,92837168,0.00,18200.00,製作宣傳廣告支出(手搖旗、關東旗、大戰旗、彩帶),金錢,雲林縣虎尾鎮****,05-6*****,
133,張麗善,107年縣(市)長選舉,首次申報,1070930,雜支支出,林瑞文,P12*******,0.00,22484.00,餐飲費用,金錢,雲林縣虎尾鎮****,,
134,張麗善,107年縣(市)長選舉,首次申報,1071001,雜支支出,智通數位科技股份有限公司,42646755,0.00,1233.00,其它手續費,金錢,臺北市南港區****,02-2*****,
135,張麗善,107年縣(市)長選舉,首次申報,1071007,租用競選辦事處支出,競選總部,P22*******,0.00,50000.00,其它,非金錢,雲林縣土庫鎮****,,
136,張麗善,107年縣(市)長選舉,首次申報,1071007,租用競選辦事處支出,競選總部,P22*******,0.00,50000.00,其它,非金錢,雲林縣土庫鎮****,,
137,張麗善,107年縣(市)長選舉,首次申報,1071008,雜支支出,雲林縣農會,63276005,0.00,19320.00,餐飲費用,金錢,雲林縣斗南鎮****,,
138,張麗善,107年縣(市)長選舉,首次申報,1071010,人事費用支出,蘇孝承,P22*******,0.00,23000.00,薪資支出月份,金錢,雲林縣北港鎮****,0975*****,
139,張麗善,107年縣(市)長選舉,首次申報,1071011,返還支出,元進莊企業股份有限公司,27638186,0.00,200000.00,返還,金錢,新北市三重區****,,
140,張麗善,107年縣(市)長選舉,首次申報,1071011,人事費用支出,李雨柔,A23*******,0.00,23000.00,薪資支出月份,金錢,雲林縣虎尾鎮****,0979*****,
141,張麗善,107年縣(市)長選舉,首次申報,1071011,人事費用支出,達斌宏,E12*******,0.00,20000.00,薪資支出月份,金錢,雲林縣斗南鎮****,0932*****,
142,張麗善,107年縣(市)長選舉,首次申報,1071011,人事費用支出,廖威期,F12*******,0.00,25000.00,薪資支出月份,金錢,雲林縣虎尾鎮****,0960*****,
143,張麗善,107年縣(市)長選舉,首次申報,1071011,人事費用支出,鍾婉瑄,M22*******,0.00,12000.00,薪資支出月份,金錢,臺中市霧峰區****,0988*****,
144,張麗善,107年縣(市)長選舉,首次申報,1071011,人事費用支出,邱良閱,N12*******,0.00,30000.00,薪資支出月份,金錢,雲林縣西螺鎮****,0916*****,
145,張麗善,107年縣(市)長選舉,首次申報,1071011,人事費用支出,李合銅,P10*******,0.00,30000.00,薪資支出月份,金錢,雲林縣崙背鄉****,0927*****,
146,張麗善,107年縣(市)長選舉,首次申報,1071011,人事費用支出,黃毓瑜,P12*******,0.00,30000.00,薪資支出月份,金錢,雲林縣土庫鎮****,,
147,張麗善,107年縣(市)長選舉,首次申報,1071011,人事費用支出,黃建信,P12*******,0.00,30000.00,薪資支出月份,金錢,雲林縣西螺鎮****,0932*****,
148,張麗善,107年縣(市)長選舉,首次申報,1071011,人事費用支出,張永憲,P12*******,0.00,30000.00,薪資支出月份,金錢,雲林縣東勢鄉****,0906*****,
149,張麗善,107年縣(市)長選舉,首次申報,1071011,人事費用支出,黃滿明,P12*******,0.00,30000.00,薪資支出月份,金錢,雲林縣虎尾鎮****,0930*****,
150,張麗善,107年縣(市)長選舉,首次申報,1071011,人事費用支出,蔡明廣,P12*******,0.00,30000.00,薪資支出月份,金錢,雲林縣北港鎮****,0922*****,
151,張麗善,107年縣(市)長選舉,首次申報,1071011,人事費用支出,吳旻瑜,P12*******,0.00,30000.00,薪資支出月份,金錢,雲林縣斗南鎮****,0986*****,
152,張麗善,107年縣(市)長選舉,首次申報,1071011,人事費用支出,謝東儒,P12*******,0.00,30000.00,薪資支出月份,金錢,雲林縣口湖鄉****,0984*****,
153,張麗善,107年縣(市)長選舉,首次申報,1071011,人事費用支出,賴亭睿,P12*******,0.00,30000.00,薪資支出月份,金錢,雲林縣虎尾鎮****,0976*****,
154,張麗善,107年縣(市)長選舉,首次申報,1071011,人事費用支出,張家鴻,P12*******,0.00,30000.00,薪資支出月份,金錢,雲林縣崙背鄉****,0913*****,
155,張麗善,107年縣(市)長選舉,首次申報,1071011,人事費用支出,陳志榮,P12*******,0.00,30000.00,薪資支出月份,金錢,雲林縣斗六市****,0986*****,
156,張麗善,107年縣(市)長選舉,首次申報,1071011,人事費用支出,林雍嘉,P12*******,0.00,30000.00,薪資支出月份,金錢,雲林縣土庫鎮****,0965*****,
157,張麗善,107年縣(市)長選舉,首次申報,1071011,人事費用支出,曾敬晃,P12*******,0.00,8000.00,薪資支出月份,金錢,雲林縣林內鄉****,0979*****,
158,張麗善,107年縣(市)長選舉,首次申報,1071011,人事費用支出,蘇孝丞,P12*******,0.00,23000.00,薪資支出月份,金錢,雲林縣北港鎮****,0975*****,
159,張麗善,107年縣(市)長選舉,首次申報,1071011,人事費用支出,鄭漢政,P12*******,0.00,20000.00,薪資支出月份,金錢,雲林縣林內鄉****,0958*****,
160,張麗善,107年縣(市)長選舉,首次申報,1071011,人事費用支出,丁麗英,P20*******,0.00,28000.00,薪資支出月份,金錢,雲林縣臺西鄉****,0932*****,
161,張麗善,107年縣(市)長選舉,首次申報,1071011,人事費用支出,張雅萍,P22*******,0.00,30000.00,薪資支出月份,金錢,雲林縣莿桐鄉****,0925*****,
162,張麗善,107年縣(市)長選舉,首次申報,1071011,人事費用支出,許樹香,P22*******,0.00,30000.00,薪資支出月份,金錢,雲林縣臺西鄉****,0922*****,
163,張麗善,107年縣(市)長選舉,首次申報,1071011,人事費用支出,趙若廷,P22*******,0.00,30000.00,薪資支出月份,金錢,雲林縣土庫鎮****,0916*****,
164,張麗善,107年縣(市)長選舉,首次申報,1071011,人事費用支出,吳秀儀,P22*******,0.00,40000.00,薪資支出月份,金錢,雲林縣四湖鄉****,0938*****,
165,張麗善,107年縣(市)長選舉,首次申報,1071011,人事費用支出,李虹儀,P22*******,0.00,25000.00,薪資支出月份,金錢,雲林縣虎尾鎮****,0933*****,
166,張麗善,107年縣(市)長選舉,首次申報,1071011,人事費用支出,高麗玲,Q22*******,0.00,20000.00,薪資支出月份,金錢,雲林縣林內鄉****,0963*****,
167,張麗善,107年縣(市)長選舉,首次申報,1071011,人事費用支出,康雅菁,Q22*******,0.00,30000.00,薪資支出月份,金錢,嘉義縣六腳鄉****,0988*****,
168,張麗善,107年縣(市)長選舉,首次申報,1071011,人事費用支出,何宣瑩,Q22*******,0.00,30000.00,薪資支出月份,金錢,雲林縣古坑鄉****,0963*****,
169,張麗善,107年縣(市)長選舉,首次申報,1071011,人事費用支出,林顏月裡,R20*******,0.00,30000.00,薪資支出月份,金錢,雲林縣北港鎮****,05-7*****,
170,張麗善,107年縣(市)長選舉,首次申報,1071011,人事費用支出,劉淑卿,R22*******,0.00,20000.00,薪資支出月份,金錢,雲林縣麥寮鄉****,0931*****,
171,張麗善,107年縣(市)長選舉,首次申報,1071011,人事費用支出,黃建元,U12*******,0.00,30000.00,薪資支出月份,金錢,雲林縣斗六市****,0934*****,
172,張麗善,107年縣(市)長選舉,首次申報,1071011,人事費用支出,何俊宏,U12*******,0.00,30000.00,薪資支出月份,金錢,雲林縣斗六市****,0975*****,
173,張麗善,107年縣(市)長選舉,首次申報,1071011,人事費用支出,鍾登財,V10*******,0.00,20000.00,薪資支出月份,金錢,雲林縣西螺鎮****,0933*****,
174,張麗善,107年縣(市)長選舉,首次申報,1071014,集會支出,雲林縣虎尾鎮農會供銷部,06230417,0.00,5000.00,場地租金,金錢,雲林縣虎尾鎮****,05-6*****,
175,張麗善,107年縣(市)長選舉,首次申報,1071014,集會支出,虎大企業社,10900938,0.00,4400.00,布條、講義,金錢,雲林縣虎尾鎮****,05-6*****,
176,張麗善,107年縣(市)長選舉,首次申報,1071014,集會支出,小師父烘培坊,25258842,0.00,11100.00,茶水點心,金錢,雲林縣斗六市****,05-5*****,
177,張麗善,107年縣(市)長選舉,首次申報,1071014,集會支出,海老爹餐館,47406516,0.00,9600.00,餐費,金錢,雲林縣虎尾鎮****,05-6*****,
178,張麗善,107年縣(市)長選舉,首次申報,1071014,集會支出,台一書局,64957789,0.00,358.00,文具,金錢,雲林縣虎尾鎮****,05-6*****,
179,張麗善,107年縣(市)長選舉,首次申報,1071014,集會支出,許樹香,P22*******,0.00,1200.00,活動主持人費用,金錢,雲林縣臺西鄉****,0922*****,
180,張麗善,107年縣(市)長選舉,首次申報,1071014,集會支出,彭薇薇,P22*******,0.00,3000.00,表演車馬費,金錢,雲林縣北港鎮****,0913*****,
181,張麗善,107年縣(市)長選舉,首次申報,1071014,集會支出,陳觀嬌,P26*******,0.00,7030.00,表演車馬費,金錢,雲林縣斗六市****,0988*****,
182,張麗善,107年縣(市)長選舉,首次申報,1071014,集會支出,曹麗娟,P29*******,0.00,5000.00,交通輸送費,金錢,雲林縣口湖鄉****,0987*****,
183,張麗善,107年縣(市)長選舉,首次申報,1071015,雜支支出,林瑞文,P12*******,0.00,25427.00,餐飲費用,金錢,雲林縣虎尾鎮****,,
184,張麗善,107年縣(市)長選舉,首次申報,1071016,宣傳支出,中華電信,63501100,0.00,100000.00,發送電信簡訊支出,金錢,雲林縣斗六市****,,
185,張麗善,107年縣(市)長選舉,首次申報,1071016,宣傳支出,虎尾旗幟社,92837168,0.00,41500.00,製作宣傳廣告支出,金錢,雲林縣虎尾鎮****,05-6*****,
186,張麗善,107年縣(市)長選舉,首次申報,1071016,雜支支出,簡麗雪,P22*******,0.00,100000.00,茶葉,金錢,雲林縣古坑鄉****,0928*****,
187,張麗善,107年縣(市)長選舉,首次申報,1071017,雜支支出,順駿商行,17459655,0.00,155460.00,餐飲費用,金錢,雲林縣斗六市****,05-5*****,
188,張麗善,107年縣(市)長選舉,首次申報,1071018,雜支支出,趨勢民意調查股份有限公司,53121236,0.00,155579.00,委託辦理研究、評估、調查、設計或規劃支出,金錢,臺北市信義區****,02-2*****,
189,張麗善,107年縣(市)長選舉,首次申報,1071021,集會支出,新光產物保險,107101907,0.00,26000.00,集會保險,金錢,臺北市中山區****,0800*****,
190,張麗善,107年縣(市)長選舉,首次申報,1071021,集會支出,揚翊企業社,25465434,0.00,58000.00,租用設備支出,金錢,雲林縣莿桐鄉****,,
191,張麗善,107年縣(市)長選舉,首次申報,1071021,集會支出,菜根香飲食店,27133658,0.00,14700.00,餐飲支出,金錢,雲林縣虎尾鎮****,05-6*****,
192,張麗善,107年縣(市)長選舉,首次申報,1071021,集會支出,玫瑰森林企業社,45766943,0.00,222650.00,租用設備支出,金錢,雲林縣西螺鎮****,05-5*****,
193,張麗善,107年縣(市)長選舉,首次申報,1071021,集會支出,吉大笙業工程有限公司,80121765,0.00,242886.00,租用設備支出,金錢,雲林縣虎尾鎮****,05-6*****,
194,張麗善,107年縣(市)長選舉,首次申報,1071022,集會支出,福源肉粽店,62979169,0.00,102800.00,餐飲支出,金錢,嘉義縣中埔鄉****,05-2*****,
195,張麗善,107年縣(市)長選舉,首次申報,1071024,租用宣傳車輛支出,台灣中油,06166750,0.00,15970.00,宣傳車加油費用,金錢,,,
196,張麗善,107年縣(市)長選舉,首次申報,1071024,租用宣傳車輛支出,福懋加油站虎尾站,14152560,0.00,10183.00,宣傳車加油費用,金錢,雲林縣虎尾鎮****,,
197,張麗善,107年縣(市)長選舉,首次申報,1071024,租用宣傳車輛支出,台糖加油站,18342654,0.00,8049.00,宣傳車加油費,金錢,雲林縣褒忠鄉****,,
198,張麗善,107年縣(市)長選舉,首次申報,1071024,雜支支出,尚好快餐店,39860386,0.00,1470.00,便當,金錢,雲林縣虎尾鎮****,05-6*****,
199,張麗善,107年縣(市)長選舉,首次申報,1071024,雜支支出,樂包子,72438656,0.00,1320.00,餐費,金錢,雲林縣虎尾鎮****,05-6*****,
200,張麗善,107年縣(市)長選舉,首次申報,1071025,雜支支出,臺旺食品工業股份有限公司,53390323,0.00,2570.00,餐飲費用,金錢,雲林縣斗六市****,05-5*****,
201,張麗善,107年縣(市)長選舉,首次申報,1071029,宣傳支出,鑫傳視訊廣告股份有限公司,16089901,0.00,1500000.00,製作宣傳廣告支出,金錢,臺中市梧棲區****,,
202,張麗善,107年縣(市)長選舉,首次申報,1071030,宣傳支出,指南廣播電台股份有限公司,13074243,0.00,68000.00,製作宣傳廣告支出,金錢,臺南市北區臨****,06-2*****,
203,張麗善,107年縣(市)長選舉,首次申報,1071030,宣傳支出,北港報業,39708833,0.00,45000.00,郵寄競選物品或宣傳廣告支出,金錢,雲林縣北港鎮****,05-7*****,
204,張麗善,107年縣(市)長選舉,首次申報,1071030,集會支出,助民新鮮食品工廠,45766198,0.00,94500.00,餐飲支出,金錢,雲林縣西螺鎮****,05-5*****,
205,張麗善,107年縣(市)長選舉,首次申報,1071030,返還支出,壯遊旅行社有限公司,55759436,0.00,100000.00,返還,金錢,臺北市大同區****,0932*****,
206,張麗善,107年縣(市)長選舉,首次申報,1071030,雜支支出,祥賀水產,64935168,0.00,42200.00,餐飲費用,金錢,雲林縣虎尾鎮****,05-6*****,
207,張麗善,107年縣(市)長選舉,首次申報,1071030,雜支支出,新玉山商行,88826695,0.00,38640.00,餐飲費用,金錢,雲林縣斗六市****,05-5*****,
208,張麗善,107年縣(市)長選舉,首次申報,1071030,宣傳支出,宗建實業有限公司,97617776,0.00,250000.00,製作競選物品支出（宣傳品菜瓜布）,金錢,雲林縣斗南鎮****,05-5*****,
209,張麗善,107年縣(市)長選舉,首次申報,1071031,宣傳支出,聯利媒體股份有限公司,84305300,0.00,1575000.00,播送、傳送或刊登宣傳廣告支出,金錢,臺北市內湖區****,02-2*****,
210,張麗善,107年縣(市)長選舉,首次申報,1071031,宣傳支出,虎尾旗幟社,92837168,0.00,185100.00,製作宣傳廣告支出,金錢,雲林縣虎尾鎮****,05-6*****,
211,張麗善,107年縣(市)長選舉,首次申報,1071101,雜支支出,中華郵政股份有限公司,06158864,0.00,4327.00,電信費用,金錢,雲林縣莿桐鄉****,,
212,張麗善,107年縣(市)長選舉,首次申報,1071101,宣傳支出,正聲廣播股份有限公司雲林廣播台,15592474,0.00,92500.00,播送、傳送或刊登宣傳廣告支出,金錢,雲林縣虎尾鎮****,05-6*****,
213,張麗善,107年縣(市)長選舉,首次申報,1071101,雜支支出,智通數位科技股份有限公司,42646755,0.00,1798.00,手續費,金錢,台北市南港區****,,
214,張麗善,107年縣(市)長選舉,首次申報,1071102,集會支出,立有實業社,38796160,0.00,70000.00,租用設備支出,金錢,雲林縣西螺鎮****,05-5*****,
215,張麗善,107年縣(市)長選舉,首次申報,1071102,宣傳支出,奇泓企業社,72604330,0.00,530000.00,製作宣傳廣告支出,金錢,雲林縣斗南鎮****,0987*****,
216,張麗善,107年縣(市)長選舉,首次申報,1071104,宣傳支出,北港報業,39708833,0.00,45000.00,郵寄競選物品或宣傳廣告支出,金錢,雲林縣北港鎮****,05-7*****,
217,張麗善,107年縣(市)長選舉,首次申報,1071105,返還支出,財團法人營造業發展基金會,,0.00,300000.00,返還,金錢,台北市萬華區****,02-2*****,
218,張麗善,107年縣(市)長選舉,首次申報,1071105,宣傳支出,興業廣告社,00015795,0.00,20000.00,製作宣傳廣告支出,金錢,雲林縣斗六市****,05-5*****,
219,張麗善,107年縣(市)長選舉,首次申報,1071105,宣傳支出,呂底亞實業有限公司,61768243,0.00,19688.00,製作競選物品支出（polo衫）,金錢,臺中市北屯區****,04-2*****,
220,張麗善,107年縣(市)長選舉,首次申報,1071105,宣傳支出,呂底亞實業有限公司,61768243,0.00,44625.00,製作競選物品支出（背心）,金錢,臺中市北屯區****,04-2*****,
221,張麗善,107年縣(市)長選舉,首次申報,1071105,宣傳支出,呂底亞實業有限公司,61768243,0.00,34913.00,製作競選物品支出（polo衫）,金錢,臺中市北屯區****,04-2*****,
222,張麗善,107年縣(市)長選舉,首次申報,1071105,宣傳支出,呂底亞實業有限公司,61768243,0.00,347550.00,製作競選物品支出（環保袋）,金錢,臺中市北屯區****,04-2*****,
223,張麗善,107年縣(市)長選舉,首次申報,1071105,宣傳支出,呂底亞實業有限公司,61768243,0.00,396900.00,製作競選物品支出（圓領衫白粉）,金錢,臺中市北屯區****,04-2*****,
224,張麗善,107年縣(市)長選舉,首次申報,1071105,宣傳支出,呂底亞實業有限公司,61768243,0.00,413222.00,製作競選物品支出（圓領衫）,金錢,臺中市北屯區****,04-2*****,
225,張麗善,107年縣(市)長選舉,首次申報,1071107,人事費用支出,胡鳳庭,F22*******,0.00,10500.00,工資或薪津,金錢,雲林縣北港鎮****,0976*****,
226,張麗善,107年縣(市)長選舉,首次申報,1071107,人事費用支出,陳江秋,P10*******,0.00,10500.00,工資或薪津,金錢,雲林縣大埤鄉****,0929*****,
227,張麗善,107年縣(市)長選舉,首次申報,1071107,人事費用支出,李明山,P12*******,0.00,10500.00,工資或薪津,金錢,雲林縣大埤鄉****,0972*****,
228,張麗善,107年縣(市)長選舉,首次申報,1071107,人事費用支出,李冠興,P12*******,0.00,10500.00,工資或薪津,金錢,雲林縣虎尾鎮****,0917*****,
229,張麗善,107年縣(市)長選舉,首次申報,1071107,人事費用支出,陳瑞廷,P12*******,0.00,3000.00,工資或薪津,金錢,雲林縣斗南鎮****,0984*****,
230,張麗善,107年縣(市)長選舉,首次申報,1071107,人事費用支出,薛秋月,P22*******,0.00,3000.00,工資或薪津,金錢,雲林縣大埤鄉****,0963*****,
231,張麗善,107年縣(市)長選舉,首次申報,1071107,人事費用支出,莊月蝦,P22*******,0.00,1500.00,工資或薪津,金錢,雲林縣大埤鄉****,0911*****,
232,張麗善,107年縣(市)長選舉,首次申報,1071107,人事費用支出,李秀蓮,P22*******,0.00,9000.00,工資或薪津,金錢,雲林縣西螺鎮****,0929*****,
233,張麗善,107年縣(市)長選舉,首次申報,1071107,人事費用支出,吳遷,P22*******,0.00,10500.00,工資或薪津,金錢,雲林縣土庫鎮****,0987*****,
234,張麗善,107年縣(市)長選舉,首次申報,1071107,人事費用支出,顏秀女,P22*******,0.00,10500.00,工資或薪津,金錢,雲林縣古坑鄉****,0972*****,
235,張麗善,107年縣(市)長選舉,首次申報,1071107,人事費用支出,林淑英,P22*******,0.00,9750.00,工資或薪津,金錢,雲林縣土庫鎮****,0905*****,
236,張麗善,107年縣(市)長選舉,首次申報,1071107,人事費用支出,許燕玉,P22*******,0.00,10500.00,工資或薪津,金錢,雲林縣北港鎮****,0933*****,
237,張麗善,107年縣(市)長選舉,首次申報,1071107,人事費用支出,許馨文,P22*******,0.00,11500.00,工資或薪津,金錢,雲林縣北港鎮****,0936*****,
238,張麗善,107年縣(市)長選舉,首次申報,1071107,人事費用支出,劉秋菊,P22*******,0.00,11500.00,工資或薪津,金錢,雲林縣大埤鄉****,0928*****,
239,張麗善,107年縣(市)長選舉,首次申報,1071107,人事費用支出,林美伶,S22*******,0.00,11500.00,工資或薪津,金錢,雲林縣土庫鎮****,0909*****,
240,張麗善,107年縣(市)長選舉,首次申報,1071108,返還支出,蘭頓企業股份有限公司,36148323,0.00,100000.00,返還,金錢,桃園市八德區****,03-3*****,
241,張麗善,107年縣(市)長選舉,首次申報,1071108,宣傳支出,中美廣告社,64953165,0.00,484974.00,租用廣告看板或車體廣告支出,金錢,雲林縣虎尾鎮****,05-6*****,
242,張麗善,107年縣(市)長選舉,首次申報,1071109,交通旅運支出,大華加油站,16736506,0.00,11000.00,加油費,金錢,雲林縣虎尾鎮****,05-6*****,
243,張麗善,107年縣(市)長選舉,首次申報,1071109,返還支出,茂盛蜂業股份有限公司,84161541,0.00,50000.00,返還,金錢,雲林縣古坑鄉****,0972*****,
244,張麗善,107年縣(市)長選舉,首次申報,1071109,宣傳支出,宗建實業有限公司,97617776,0.00,150000.00,製作競選物品支出（菜瓜布）,金錢,雲林縣斗南鎮****,05-5*****,
245,張麗善,107年縣(市)長選舉,首次申報,1071112,集會支出,東衛傳播有限公司,12752238,0.00,257849.00,租用設備支出,金錢,雲林縣斗六市****,05-5*****,
246,張麗善,107年縣(市)長選舉,首次申報,1071112,人事費用支出,達斌宏,E12*******,0.00,20000.00,工資或薪津,金錢,雲林縣斗南鎮****,0932*****,
247,張麗善,107年縣(市)長選舉,首次申報,1071112,人事費用支出,廖威期,F12*******,0.00,25000.00,工資或薪津,金錢,雲林縣虎尾鎮****,0960*****,
248,張麗善,107年縣(市)長選舉,首次申報,1071112,人事費用支出,鐘婉瑄,M22*******,0.00,30000.00,工資或薪津,金錢,臺中市霧峰區****,0988*****,
249,張麗善,107年縣(市)長選舉,首次申報,1071112,人事費用支出,邱良閱,N12*******,0.00,30000.00,工資或薪津,金錢,雲林縣西螺鎮****,0916*****,
250,張麗善,107年縣(市)長選舉,首次申報,1071112,人事費用支出,李合銅,P10*******,0.00,30000.00,工資或薪津,金錢,雲林縣崙背鄉****,0924*****,
251,張麗善,107年縣(市)長選舉,首次申報,1071112,人事費用支出,黃滿明,P12*******,0.00,30000.00,工資或薪津,金錢,雲林縣虎尾鎮****,0930*****,
252,張麗善,107年縣(市)長選舉,首次申報,1071112,人事費用支出,蔡明廣,P12*******,0.00,30000.00,工資或薪津,金錢,雲林縣北港鎮****,0922*****,
253,張麗善,107年縣(市)長選舉,首次申報,1071112,人事費用支出,謝東儒,P12*******,0.00,30000.00,工資或薪津,金錢,雲林縣口湖鄉****,0984*****,
254,張麗善,107年縣(市)長選舉,首次申報,1071112,人事費用支出,黃建信,P12*******,0.00,30000.00,工資或薪津,金錢,雲林縣西螺鎮****,0932*****,
255,張麗善,107年縣(市)長選舉,首次申報,1071112,人事費用支出,黃毓瑜,P12*******,0.00,30000.00,工資或薪津,金錢,雲林縣土庫鎮****,,
256,張麗善,107年縣(市)長選舉,首次申報,1071112,人事費用支出,賴亭睿,P12*******,0.00,30000.00,工資或薪津,金錢,雲林縣虎尾鎮****,0978*****,
257,張麗善,107年縣(市)長選舉,首次申報,1071112,人事費用支出,張家鴻,P12*******,0.00,30000.00,工資或薪津,金錢,雲林縣崙背鄉****,0913*****,
258,張麗善,107年縣(市)長選舉,首次申報,1071112,人事費用支出,林雍嘉,P12*******,0.00,30000.00,工資或薪津,金錢,雲林縣土庫鎮****,0965*****,
259,張麗善,107年縣(市)長選舉,首次申報,1071112,人事費用支出,張永憲,P12*******,0.00,30000.00,工資或薪津,金錢,雲林縣東勢鄉****,0906*****,
260,張麗善,107年縣(市)長選舉,首次申報,1071112,人事費用支出,吳旻諭,P12*******,0.00,30000.00,工資或薪津,金錢,雲林縣斗南鎮****,0986*****,
261,張麗善,107年縣(市)長選舉,首次申報,1071112,人事費用支出,蘇孝丞,P12*******,0.00,23000.00,工資或薪津,金錢,雲林縣北港鎮****,0975*****,
262,張麗善,107年縣(市)長選舉,首次申報,1071112,人事費用支出,鄭漢政,P12*******,0.00,20000.00,工資或薪津,金錢,雲林縣林內鄉****,0958*****,
263,張麗善,107年縣(市)長選舉,首次申報,1071112,人事費用支出,曾敬晃,P12*******,0.00,8000.00,工資或薪津,金錢,雲林縣林內鄉****,0979*****,
264,張麗善,107年縣(市)長選舉,首次申報,1071112,人事費用支出,廖學聰,P20*******,0.00,25000.00,工資或薪津,金錢,雲林縣二崙鄉****,05-5*****,
265,張麗善,107年縣(市)長選舉,首次申報,1071112,人事費用支出,丁麗英,P20*******,0.00,28000.00,工資或薪津,金錢,雲林縣臺西鄉****,0932*****,
266,張麗善,107年縣(市)長選舉,首次申報,1071112,人事費用支出,張雅萍,P22*******,0.00,30000.00,工資或薪津,金錢,雲林縣莿桐鄉****,0925*****,
267,張麗善,107年縣(市)長選舉,首次申報,1071112,人事費用支出,趙若廷,P22*******,0.00,30000.00,工資或薪津,金錢,雲林縣土庫鎮****,0916*****,
268,張麗善,107年縣(市)長選舉,首次申報,1071112,人事費用支出,許樹香,P22*******,0.00,30000.00,工資或薪津,金錢,雲林縣臺西鄉****,0922*****,
269,張麗善,107年縣(市)長選舉,首次申報,1071112,人事費用支出,李虹儀,P22*******,0.00,25000.00,工資或薪津,金錢,雲林縣虎尾鎮****,0933*****,
270,張麗善,107年縣(市)長選舉,首次申報,1071112,人事費用支出,吳秀儀,P22*******,0.00,20000.00,工資或薪津,金錢,雲林縣四湖鄉****,0938*****,
271,張麗善,107年縣(市)長選舉,首次申報,1071112,人事費用支出,高麗玲,Q22*******,0.00,20000.00,工資或薪津,金錢,雲林縣林內鄉****,0963*****,
272,張麗善,107年縣(市)長選舉,首次申報,1071112,人事費用支出,何宣瑩,Q22*******,0.00,30000.00,工資或薪津,金錢,雲林縣古坑鄉****,0963*****,
273,張麗善,107年縣(市)長選舉,首次申報,1071112,人事費用支出,康雅菁,Q22*******,0.00,30000.00,工資或薪津,金錢,嘉義縣六腳鄉****,0988*****,
274,張麗善,107年縣(市)長選舉,首次申報,1071112,人事費用支出,林顏月裡,R20*******,0.00,30000.00,工資或薪津,金錢,雲林縣北港鎮****,,
275,張麗善,107年縣(市)長選舉,首次申報,1071112,人事費用支出,劉淑卿,R22*******,0.00,20000.00,工資或薪津,金錢,雲林縣麥寮鄉****,0931*****,
276,張麗善,107年縣(市)長選舉,首次申報,1071112,人事費用支出,黃建元,U12*******,0.00,30000.00,工資或薪津,金錢,雲林縣斗六市****,0934*****,
277,張麗善,107年縣(市)長選舉,首次申報,1071112,人事費用支出,何俊宏,U12*******,0.00,30000.00,工資或薪津,金錢,雲林縣斗六市****,0975*****,
278,張麗善,107年縣(市)長選舉,首次申報,1071112,人事費用支出,鍾登財,V10*******,0.00,20000.00,工資或薪津,金錢,雲林縣西螺鎮****,0933*****,
279,張麗善,107年縣(市)長選舉,首次申報,1071113,宣傳支出,中天電視股份有限公司,97178489,0.00,600000.00,製作宣傳廣告支出,金錢,臺北市大理街****,6600*****,
280,張麗善,107年縣(市)長選舉,首次申報,1071114,集會支出,祥發通運有限公司,16479231,0.00,1490000.00,車資,金錢,雲林縣斗六市****,05-5*****,
281,張麗善,107年縣(市)長選舉,首次申報,1071114,宣傳支出,禾銘企業社,37660263,0.00,63000.00,製作競選物品支出（扇子）,金錢,臺東縣臺東市****,0966*****,
282,張麗善,107年縣(市)長選舉,首次申報,1071114,宣傳支出,川灃企業社,93934723,0.00,25799.00,製作競選物品支出（競選背心）,金錢,嘉義縣水上鄉****,05-2*****,
283,張麗善,107年縣(市)長選舉,首次申報,1071114,宣傳支出,財團法人民生展望廣播事業基金會,95846921,0.00,45000.00,播送、傳送或刊登宣傳廣告支出,金錢,嘉義縣民雄鄉****,,
284,張麗善,107年縣(市)長選舉,首次申報,1071115,宣傳支出,中美廣告社,64953165,0.00,325098.00,租用廣告看板或車體廣告支出,金錢,雲林縣虎尾鎮****,05-6*****,
285,張麗善,107年縣(市)長選舉,首次申報,1071115,宣傳支出,虎尾旗幟社,92837168,0.00,366150.00,製作宣傳廣告支出,金錢,雲林縣虎尾鎮****,05-6*****,
286,張麗善,107年縣(市)長選舉,首次申報,1071115,宣傳支出,濁水溪廣播電台股份有限公司,96862764,0.00,50000.00,播送、傳送或刊登宣傳廣告支出,金錢,雲林縣虎尾鎮****,05-6*****,
287,張麗善,107年縣(市)長選舉,首次申報,1071115,人事費用支出,胡鳳庭,F22*******,0.00,12000.00,工資或薪津,金錢,雲林縣北港鎮****,0976*****,
288,張麗善,107年縣(市)長選舉,首次申報,1071115,人事費用支出,陳江秋,P10*******,0.00,12000.00,工資或薪津,金錢,雲林縣大埤鄉****,0929*****,
289,張麗善,107年縣(市)長選舉,首次申報,1071115,人事費用支出,李冠興,P12*******,0.00,12000.00,工資或薪津,金錢,雲林縣虎尾鎮****,0917*****,
290,張麗善,107年縣(市)長選舉,首次申報,1071115,人事費用支出,陳瑞廷,P12*******,0.00,12000.00,工資或薪津,金錢,雲林縣大埤鄉****,0984*****,
291,張麗善,107年縣(市)長選舉,首次申報,1071115,人事費用支出,李明山,P12*******,0.00,12000.00,工資或薪津,金錢,雲林縣大埤鄉****,0972*****,
292,張麗善,107年縣(市)長選舉,首次申報,1071115,人事費用支出,李秀蓮,P22*******,0.00,12000.00,工資或薪津,金錢,雲林縣西螺鎮****,0929*****,
293,張麗善,107年縣(市)長選舉,首次申報,1071115,人事費用支出,吳遷,P22*******,0.00,12000.00,工資或薪津,金錢,雲林縣土庫鎮****,0987*****,
294,張麗善,107年縣(市)長選舉,首次申報,1071115,人事費用支出,薛秋月,P22*******,0.00,12000.00,工資或薪津,金錢,雲林縣大埤鄉****,0963*****,
295,張麗善,107年縣(市)長選舉,首次申報,1071115,人事費用支出,劉秋菊,P22*******,0.00,12000.00,工資或薪津,金錢,雲林縣大埤鄉****,0928*****,
296,張麗善,107年縣(市)長選舉,首次申報,1071115,人事費用支出,顏秀女,P22*******,0.00,12000.00,工資或薪津,金錢,雲林縣古坑鄉****,0972*****,
297,張麗善,107年縣(市)長選舉,首次申報,1071115,人事費用支出,許馨文,P22*******,0.00,12000.00,工資或薪津,金錢,雲林縣北港鎮****,0936*****,
298,張麗善,107年縣(市)長選舉,首次申報,1071115,人事費用支出,許燕玉,P22*******,0.00,12000.00,工資或薪津,金錢,雲林縣北港鎮****,0933*****,
299,張麗善,107年縣(市)長選舉,首次申報,1071115,人事費用支出,林淑英,P22*******,0.00,10500.00,工資或薪津,金錢,雲林縣土庫鎮****,0905*****,
300,張麗善,107年縣(市)長選舉,首次申報,1071115,人事費用支出,莊月蝦,P22*******,0.00,10500.00,工資或薪津,金錢,雲林縣大埤鄉****,0911*****,
301,張麗善,107年縣(市)長選舉,首次申報,1071115,人事費用支出,林美伶,S22*******,0.00,12000.00,工資或薪津,金錢,雲林縣土庫鎮****,0909*****,
302,張麗善,107年縣(市)長選舉,首次申報,1071116,宣傳支出,中國時報文化事業股份有限公司,03798509,0.00,367500.00,播送、傳送或刊登宣傳廣告支出,金錢,臺北市大理街****,,
303,張麗善,107年縣(市)長選舉,首次申報,1071119,宣傳支出,成原有限公司,28053317,0.00,180000.00,製作競選物品支出（礦泉水）,金錢,彰化縣福興鄉****,04-2*****,
304,張麗善,107年縣(市)長選舉,首次申報,1071120,返還支出,久久機械企業股份有限公司,23090411,0.00,100000.00,返還,金錢,嘉義縣民雄鄉****,05-2*****,
305,張麗善,107年縣(市)長選舉,首次申報,1071120,宣傳支出,成原有限公司,28053317,0.00,180000.00,製作競選物品支出（礦泉水）,金錢,彰化縣福興鄉****,04-2*****,
306,張麗善,107年縣(市)長選舉,首次申報,1071120,宣傳支出,新民意數據有限公司,59227046,0.00,100000.00,委託辦理研究、評估、調查、設計或規劃支出,金錢,高雄市新興區****,07-2*****,
307,張麗善,107年縣(市)長選舉,首次申報,1071120,雜支支出,雲林縣農會,63276005,0.00,12000.00,餐飲費用,金錢,雲林縣斗南鎮****,,
308,張麗善,107年縣(市)長選舉,首次申報,1071120,宣傳支出,台灣時報,76012913,0.00,40000.00,播送、傳送或刊登宣傳廣告支出,金錢,臺南市中西區****,06-2*****,
309,張麗善,107年縣(市)長選舉,首次申報,1071120,宣傳支出,興業廣告社,77824018,0.00,20000.00,播送、傳送或刊登宣傳廣告支出,金錢,雲林縣斗六市****,05-5*****,
310,張麗善,107年縣(市)長選舉,首次申報,1071121,宣傳支出,中美廣告社,64953165,0.00,268372.00,租用廣告看板或車體廣告支出,金錢,雲林縣虎尾鎮****,05-6*****,
311,張麗善,107年縣(市)長選舉,首次申報,1071121,宣傳支出,濁水溪廣播電台股份有限公司,96862764,0.00,79300.00,播送、傳送或刊登宣傳廣告支出,金錢,雲林縣虎尾鎮****,05-6*****,
312,張麗善,107年縣(市)長選舉,首次申報,1071123,宣傳支出,臺灣中華日報社(股)公司,03710808,0.00,10000.00,播送、傳送或刊登宣傳廣告支出,金錢,臺南市北區西****,06-2*****,
313,張麗善,107年縣(市)長選舉,首次申報,1071123,宣傳支出,台灣新生報業股份有限公司,12880590,0.00,10000.00,播送、傳送或刊登宣傳廣告支出,金錢,臺北市中山區****,,
314,張麗善,107年縣(市)長選舉,首次申報,1071123,宣傳支出,奇泓企業社,72604330,0.00,719242.00,播送、傳送或刊登宣傳廣告支出,金錢,雲林縣斗南鎮****,0987*****,
315,張麗善,107年縣(市)長選舉,首次申報,1071123,宣傳支出,聯利媒體股份有限公司,84305300,0.00,225000.00,播送、傳送或刊登宣傳廣告支出,金錢,臺北市內湖區****,02-2*****,
316,張麗善,107年縣(市)長選舉,首次申報,1071123,宣傳支出,新新聞報社,99061210,0.00,20000.00,播送、傳送或刊登宣傳廣告支出,金錢,高雄市前金區****,07-2*****,
317,張麗善,107年縣(市)長選舉,首次申報,1071123,人事費用支出,胡鳳庭,F22*******,0.00,12000.00,工資或薪津,金錢,雲林縣北港鎮****,0976*****,
318,張麗善,107年縣(市)長選舉,首次申報,1071123,人事費用支出,顏秀女,P10*******,0.00,12000.00,工資或薪津,金錢,雲林縣大埤鄉****,0929*****,
319,張麗善,107年縣(市)長選舉,首次申報,1071123,人事費用支出,陳瑞廷,P12*******,0.00,12000.00,工資或薪津,金錢,雲林縣斗南鎮****,0984*****,
320,張麗善,107年縣(市)長選舉,首次申報,1071123,人事費用支出,李明山,P12*******,0.00,12000.00,工資或薪津,金錢,雲林縣大埤鄉****,0972*****,
321,張麗善,107年縣(市)長選舉,首次申報,1071123,人事費用支出,李冠興,P12*******,0.00,12000.00,工資或薪津,金錢,雲林縣虎尾鎮****,0917*****,
322,張麗善,107年縣(市)長選舉,首次申報,1071123,人事費用支出,林淑英,P22*******,0.00,12000.00,工資或薪津,金錢,雲林縣土庫鎮****,0905*****,
323,張麗善,107年縣(市)長選舉,首次申報,1071123,人事費用支出,吳遷,P22*******,0.00,12000.00,工資或薪津,金錢,雲林縣土庫鎮****,0987*****,
324,張麗善,107年縣(市)長選舉,首次申報,1071123,人事費用支出,薛秋月,P22*******,0.00,12000.00,工資或薪津,金錢,雲林縣大埤鄉****,0963*****,
325,張麗善,107年縣(市)長選舉,首次申報,1071123,人事費用支出,莊月蝦,P22*******,0.00,12000.00,工資或薪津,金錢,雲林縣大埤鄉****,0911*****,
326,張麗善,107年縣(市)長選舉,首次申報,1071123,人事費用支出,李秀蓮,P22*******,0.00,12000.00,工資或薪津,金錢,雲林縣西螺鎮****,0929*****,
327,張麗善,107年縣(市)長選舉,首次申報,1071123,人事費用支出,陳江秋,P22*******,0.00,12000.00,工資或薪津,金錢,雲林縣古坑鄉****,0929*****,
328,張麗善,107年縣(市)長選舉,首次申報,1071123,人事費用支出,劉秋菊,P22*******,0.00,12000.00,工資或薪津,金錢,雲林縣大埤鄉****,0928*****,
329,張麗善,107年縣(市)長選舉,首次申報,1071123,人事費用支出,許馨文,P22*******,0.00,12000.00,工資或薪津,金錢,雲林縣北港鎮****,0936*****,
330,張麗善,107年縣(市)長選舉,首次申報,1071123,人事費用支出,許燕玉,P22*******,0.00,12000.00,工資或薪津,金錢,雲林縣北港鎮****,0933*****,
331,張麗善,107年縣(市)長選舉,首次申報,1071123,人事費用支出,林美伶,S22*******,0.00,12000.00,工資或薪津,金錢,雲林縣土庫鎮****,0909*****,
332,張麗善,107年縣(市)長選舉,首次申報,1071127,宣傳支出,中華電信股份有限公司雲林營業處,63501100,0.00,86006.00,發送電信簡訊支出,金錢,雲林縣斗六市****,,
333,張麗善,107年縣(市)長選舉,首次申報,1071130,宣傳支出,中美廣告社,64953165,0.00,205368.00,租用廣告看板或車體廣告支出,金錢,雲林縣虎尾鎮****,05-6*****,
334,張麗善,107年縣(市)長選舉,首次申報,1071130,集會支出,吉大笙業工程有限公司,80121765,0.00,216404.00,租用設備支出,金錢,雲林縣虎尾鎮****,05-6*****,
335,張麗善,107年縣(市)長選舉,首次申報,1071201,人事費用支出,達斌宏,E12*******,0.00,20000.00,工資或薪津,金錢,雲林縣斗南鎮****,0932*****,
336,張麗善,107年縣(市)長選舉,首次申報,1071201,人事費用支出,廖威期,F12*******,0.00,25000.00,工資或薪津,金錢,雲林縣虎尾鎮****,0960*****,
337,張麗善,107年縣(市)長選舉,首次申報,1071201,人事費用支出,詹姿菁,L22*******,0.00,17500.00,工資或薪津,金錢,雲林縣虎尾鎮****,0921*****,
338,張麗善,107年縣(市)長選舉,首次申報,1071201,人事費用支出,鍾婉瑄,M22*******,0.00,30000.00,工資或薪津,金錢,臺中市霧峰區****,0988*****,
339,張麗善,107年縣(市)長選舉,首次申報,1071201,人事費用支出,邱良閱,N12*******,0.00,30000.00,工資或薪津,金錢,雲林縣西螺鎮****,0916*****,
340,張麗善,107年縣(市)長選舉,首次申報,1071201,人事費用支出,李合銅,P10*******,0.00,30000.00,工資或薪津,金錢,雲林縣崙背鄉****,0927*****,
341,張麗善,107年縣(市)長選舉,首次申報,1071201,人事費用支出,黃建信,P12*******,0.00,30000.00,工資或薪津,金錢,雲林縣西螺鎮****,0932*****,
342,張麗善,107年縣(市)長選舉,首次申報,1071201,人事費用支出,黃毓瑜,P12*******,0.00,30000.00,工資或薪津,金錢,雲林縣土庫鎮****,,
343,張麗善,107年縣(市)長選舉,首次申報,1071201,人事費用支出,賴亭睿,P12*******,0.00,30000.00,工資或薪津,金錢,雲林縣虎尾鎮****,0978*****,
344,張麗善,107年縣(市)長選舉,首次申報,1071201,人事費用支出,張家鴻,P12*******,0.00,30000.00,工資或薪津,金錢,雲林縣崙背鄉****,0913*****,
345,張麗善,107年縣(市)長選舉,首次申報,1071201,人事費用支出,林雍嘉,P12*******,0.00,30000.00,工資或薪津,金錢,雲林縣土庫鎮****,0965*****,
346,張麗善,107年縣(市)長選舉,首次申報,1071201,人事費用支出,張永憲,P12*******,0.00,30000.00,工資或薪津,金錢,雲林縣東勢鄉****,0906*****,
347,張麗善,107年縣(市)長選舉,首次申報,1071201,人事費用支出,吳旻瑜,P12*******,0.00,30000.00,工資或薪津,金錢,雲林縣斗南鎮****,0986*****,
348,張麗善,107年縣(市)長選舉,首次申報,1071201,人事費用支出,黃滿明,P12*******,0.00,30000.00,工資或薪津,金錢,雲林縣虎尾鎮****,0930*****,
349,張麗善,107年縣(市)長選舉,首次申報,1071201,人事費用支出,蔡明廣,P12*******,0.00,30000.00,工資或薪津,金錢,雲林縣北港鎮****,0922*****,
350,張麗善,107年縣(市)長選舉,首次申報,1071201,人事費用支出,謝東儒,P12*******,0.00,30000.00,工資或薪津,金錢,雲林縣口湖鄉****,0984*****,
351,張麗善,107年縣(市)長選舉,首次申報,1071201,人事費用支出,林柏翰,P12*******,0.00,15000.00,工資或薪津,金錢,雲林縣斗六市****,0975*****,
352,張麗善,107年縣(市)長選舉,首次申報,1071201,人事費用支出,蘇孝丞,P12*******,0.00,23000.00,工資或薪津,金錢,雲林縣北港鎮****,0975*****,
353,張麗善,107年縣(市)長選舉,首次申報,1071201,人事費用支出,鄭漢政,P12*******,0.00,20000.00,工資或薪津,金錢,雲林縣林內鄉****,0958*****,
354,張麗善,107年縣(市)長選舉,首次申報,1071201,人事費用支出,曾敬晃,P12*******,0.00,8000.00,工資或薪津,金錢,雲林縣林內鄉****,0979*****,
355,張麗善,107年縣(市)長選舉,首次申報,1071201,人事費用支出,林束雲,P20*******,0.00,25000.00,工資或薪津,金錢,雲林縣二崙鄉****,05-5*****,
356,張麗善,107年縣(市)長選舉,首次申報,1071201,人事費用支出,丁麗英,P20*******,0.00,28000.00,工資或薪津,金錢,雲林縣臺西鄉****,0932*****,
357,張麗善,107年縣(市)長選舉,首次申報,1071201,人事費用支出,趙若廷,P22*******,0.00,30000.00,工資或薪津,金錢,雲林縣土庫鎮****,0916*****,
358,張麗善,107年縣(市)長選舉,首次申報,1071201,人事費用支出,許樹香,P22*******,0.00,30000.00,工資或薪津,金錢,雲林縣臺西鄉****,0922*****,
359,張麗善,107年縣(市)長選舉,首次申報,1071201,人事費用支出,李虹儀,P22*******,0.00,25000.00,工資或薪津,金錢,雲林縣虎尾鎮****,0933*****,
360,張麗善,107年縣(市)長選舉,首次申報,1071201,人事費用支出,吳秀儀,P22*******,0.00,20000.00,獎金或津貼,金錢,雲林縣四湖鄉****,0938*****,
361,張麗善,107年縣(市)長選舉,首次申報,1071201,人事費用支出,高麗玲,Q22*******,0.00,20000.00,工資或薪津,金錢,雲林縣林內鄉****,,
362,張麗善,107年縣(市)長選舉,首次申報,1071201,人事費用支出,何宣瑩,Q22*******,0.00,30000.00,工資或薪津,金錢,雲林縣古坑鄉****,0963*****,
363,張麗善,107年縣(市)長選舉,首次申報,1071201,人事費用支出,康雅菁,Q22*******,0.00,30000.00,工資或薪津,金錢,嘉義縣六腳鄉****,0988*****,
364,張麗善,107年縣(市)長選舉,首次申報,1071201,人事費用支出,林顏月裡,R20*******,0.00,30000.00,工資或薪津,金錢,雲林縣北港鎮****,05-7*****,
365,張麗善,107年縣(市)長選舉,首次申報,1071201,人事費用支出,劉淑卿,R22*******,0.00,20000.00,工資或薪津,金錢,雲林縣麥寮鄉****,0931*****,
366,張麗善,107年縣(市)長選舉,首次申報,1071201,人事費用支出,黃建元,U12*******,0.00,30000.00,工資或薪津,金錢,雲林縣斗六市****,0934*****,
367,張麗善,107年縣(市)長選舉,首次申報,1071201,人事費用支出,何俊宏,U12*******,0.00,30000.00,工資或薪津,金錢,雲林縣斗六市****,0975*****,
368,張麗善,107年縣(市)長選舉,首次申報,1071201,人事費用支出,鍾登財,V10*******,0.00,20000.00,工資或薪津,金錢,雲林縣西螺鎮****,0933*****,
369,張麗善,107年縣(市)長選舉,首次申報,1071210,雜支支出,奇泓企業社,72604330,0.00,80350.00,廣告看板拆除作業,金錢,雲林縣斗南鎮****,0987*****,
370,張麗善,107年縣(市)長選舉,首次申報,1071214,宣傳支出,聯利媒體股份有限公司,84305300,0.00,200000.00,委託辦理研究、評估、調查、設計或規劃支出,金錢,臺北市內湖區****,02-2*****,
371,張麗善,107年縣(市)長選舉,首次申報,1080222,繳庫支出,監察院,03753307,0.00,4500.00,繳庫,金錢,台北市忠孝東****,0937*****,
