﻿序號,擬參選人／政黨,選舉名稱,申報序號／年度,交易日期,收支科目,捐贈者／支出對象,身分證／統一編號,收入金額,支出金額,支出用途,金錢類,地址,聯絡電話,資料更正日期
1,王美惠,107年縣(市)議員選舉,首次申報,1070901,人事費用支出,邱瀚陞,I10*******,0.00,35000.00,工資或薪津,金錢,嘉義市東區長****,,
2,王美惠,107年縣(市)議員選舉,首次申報,1070901,人事費用支出,陳茂,Q10*******,0.00,35000.00,工資或薪津,金錢,嘉義市民生北****,,
3,王美惠,107年縣(市)議員選舉,首次申報,1070901,人事費用支出,陳文成,Q10*******,0.00,35000.00,工資或薪津,金錢,嘉義市蘭州五****,,
4,王美惠,107年縣(市)議員選舉,首次申報,1070901,人事費用支出,陳文在,Q12*******,0.00,35000.00,工資或薪津,金錢,嘉義市西區車****,,
5,王美惠,107年縣(市)議員選舉,首次申報,1070901,人事費用支出,鍾玉珍,V22*******,0.00,35000.00,工資或薪津,金錢,嘉義市杭州四****,,
6,王美惠,107年縣(市)議員選舉,首次申報,1071001,人事費用支出,邱瀚陞,I10*******,0.00,35000.00,工資或薪津,金錢,嘉義市東區長****,,
7,王美惠,107年縣(市)議員選舉,首次申報,1071001,人事費用支出,陳茂,Q10*******,0.00,35000.00,工資或薪津,金錢,嘉義市民生北****,,
8,王美惠,107年縣(市)議員選舉,首次申報,1071001,人事費用支出,陳文成,Q10*******,0.00,35000.00,工資或薪津,金錢,嘉義市蘭州五****,,
9,王美惠,107年縣(市)議員選舉,首次申報,1071001,人事費用支出,陳文在,Q12*******,0.00,35000.00,工資或薪津,金錢,嘉義市西區車****,,
10,王美惠,107年縣(市)議員選舉,首次申報,1071001,人事費用支出,鍾玉珍,V22*******,0.00,35000.00,工資或薪津,金錢,嘉義市杭州四****,,
11,王美惠,107年縣(市)議員選舉,首次申報,1071003,宣傳支出,正聲廣播股份有限公司嘉義廣播電台,66003703,0.00,10000.00,播送、傳送或刊登宣傳廣告支出,金錢,嘉義市垂楊路****,,
12,王美惠,107年縣(市)議員選舉,首次申報,1071013,雜支支出,紘昌行,36707846,0.00,2950.00,雜項購置或修繕費用,金錢,嘉義市西區福****,,
13,王美惠,107年縣(市)議員選舉,首次申報,1071017,雜支支出,金御咖哩美食店,36609388,0.00,240.00,餐飲費用,金錢,嘉義市新榮路****,,
14,王美惠,107年縣(市)議員選舉,首次申報,1071017,租用宣傳車輛支出,台灣中油股份有限公司油品行銷事業部嘉義營業處林森路加,65060037,0.00,2340.00,宣傳車輛燃料支出,金錢,嘉義市西區番****,,
15,王美惠,107年縣(市)議員選舉,首次申報,1071017,雜支支出,新玉珍烤鴨莊,78566306,0.00,280.00,餐飲費用,金錢,嘉義市新榮路****,,
16,王美惠,107年縣(市)議員選舉,首次申報,1071017,雜支支出,惠康百貨股份有限公司嘉義分公司,84306693,0.00,89.00,雜項購置或修繕費用,金錢,嘉義市西區新****,,
17,王美惠,107年縣(市)議員選舉,首次申報,1071018,雜支支出,美食廚房小吃店,34973278,0.00,140.00,餐飲費用,金錢,嘉義市新榮路****,,
18,王美惠,107年縣(市)議員選舉,首次申報,1071018,雜支支出,台北排骨,36883097,0.00,250.00,餐飲費用,金錢,嘉義市仁愛路****,,
19,王美惠,107年縣(市)議員選舉,首次申報,1071018,雜支支出,惠康百貨股份有限公司嘉義分公司,84306693,0.00,500.00,雜項購置或修繕費用,金錢,嘉義市西區新****,,
20,王美惠,107年縣(市)議員選舉,首次申報,1071019,租用宣傳車輛支出,台灣中油股份有限公司油品行銷事業部嘉義營業處興嘉加油,06253234,0.00,810.00,宣傳車輛燃料支出,金錢,嘉義市西區車****,,
21,王美惠,107年縣(市)議員選舉,首次申報,1071019,租用宣傳車輛支出,建國路加油站有限公司,16536459,0.00,800.00,宣傳車輛燃料支出,金錢,嘉義市建國路****,,
22,王美惠,107年縣(市)議員選舉,首次申報,1071019,雜支支出,諸羅山塑膠行,18284850,0.00,180.00,雜項購置或修繕費用,金錢,嘉義市垂楊路****,,
23,王美惠,107年縣(市)議員選舉,首次申報,1071019,雜支支出,金印王印社,19385434,0.00,450.00,雜項購置或修繕費用,金錢,嘉義市西門街****,,
24,王美惠,107年縣(市)議員選舉,首次申報,1071019,雜支支出,一零一國際精品有限公司民生營業所,40820757,0.00,111.00,文具用品費用,金錢,嘉義市西區民****,,
25,王美惠,107年縣(市)議員選舉,首次申報,1071020,雜支支出,美食廚房小吃店,34973278,0.00,240.00,餐飲費用,金錢,嘉義市新榮路****,,
26,王美惠,107年縣(市)議員選舉,首次申報,1071020,雜支支出,港記燒腊店,40771974,0.00,350.00,餐飲費用,金錢,嘉義市成仁街****,,
27,王美惠,107年縣(市)議員選舉,首次申報,1071021,租用宣傳車輛支出,台灣中油股份有限公司油品行銷事業部嘉義營業處信義路加,65090601,0.00,950.00,宣傳車輛燃料支出,金錢,嘉義市西區西****,,
28,王美惠,107年縣(市)議員選舉,首次申報,1071023,雜支支出,正廣源點心麵館,47846417,0.00,300.00,餐飲費用,金錢,嘉義市西區新****,,
29,王美惠,107年縣(市)議員選舉,首次申報,1071023,雜支支出,天台塑膠加工廠,65058237,0.00,610.00,雜項購置或修繕費用,金錢,嘉義市西區西****,,
30,王美惠,107年縣(市)議員選舉,首次申報,1071025,租用宣傳車輛支出,建國路加油站有限公司,16536459,0.00,450.00,宣傳車輛燃料支出,金錢,嘉義市建國路****,,
31,王美惠,107年縣(市)議員選舉,首次申報,1071025,雜支支出,日翔小吃店,36708280,0.00,195.00,餐飲費用,金錢,嘉義市西區書****,,
32,王美惠,107年縣(市)議員選舉,首次申報,1071025,宣傳支出,精美行,93932041,0.00,280.00,製作競選物品支出（物品名稱-競選背心繡字）,金錢,嘉義市公明路****,,
33,王美惠,107年縣(市)議員選舉,首次申報,1071026,租用宣傳車輛支出,台灣中油股份有限公司油品行銷事業部嘉義營業處北興加油,06253240,0.00,400.00,宣傳車輛燃料支出,金錢,嘉義市西區保****,,
34,王美惠,107年縣(市)議員選舉,首次申報,1071026,宣傳支出,高華彩色沖印店,06264627,0.00,500.00,製作宣傳廣告支出,金錢,嘉義市西區番****,,
35,王美惠,107年縣(市)議員選舉,首次申報,1071026,雜支支出,美食廚房小吃店,34973278,0.00,430.00,餐飲費用,金錢,嘉義市新榮路****,,
36,王美惠,107年縣(市)議員選舉,首次申報,1071026,雜支支出,衣食豐足企業社,40849895,0.00,205.00,餐飲費用,金錢,嘉義市東區豐****,,
37,王美惠,107年縣(市)議員選舉,首次申報,1071027,租用宣傳車輛支出,建國路加油站有限公司,16536459,0.00,400.00,宣傳車輛燃料支出,金錢,嘉義市建國路****,,
38,王美惠,107年縣(市)議員選舉,首次申報,1071027,雜支支出,金御咖哩美食店,36609388,0.00,265.00,餐飲費用,金錢,嘉義市新榮路****,,
39,王美惠,107年縣(市)議員選舉,首次申報,1071027,雜支支出,衣食豐足企業社,40849895,0.00,185.00,餐飲費用,金錢,嘉義市東區豐****,,
40,王美惠,107年縣(市)議員選舉,首次申報,1071027,租用宣傳車輛支出,興業農機材料行,76813219,0.00,300.00,維修宣傳車輛支出,金錢,嘉義市興業西****,,
41,王美惠,107年縣(市)議員選舉,首次申報,1071027,雜支支出,惠康百貨股份有限公司嘉義分公司,84306693,0.00,500.00,雜項購置或修繕費用,金錢,嘉義市西區新****,,
42,王美惠,107年縣(市)議員選舉,首次申報,1071028,租用宣傳車輛支出,久井企業股份有限公司,37599140,0.00,1715.00,宣傳車輛燃料支出,金錢,嘉義市西區竹****,,
43,王美惠,107年縣(市)議員選舉,首次申報,1071028,雜支支出,昱香排骨飯,40841710,0.00,190.00,餐飲費用,金錢,嘉義市新榮路****,,
44,王美惠,107年縣(市)議員選舉,首次申報,1071029,雜支支出,秦香園餐飲店,09093710,0.00,495.00,餐飲費用,金錢,嘉義市仁愛路****,,
45,王美惠,107年縣(市)議員選舉,首次申報,1071029,租用宣傳車輛支出,世賢加油站有限公司,16966295,0.00,700.00,宣傳車輛燃料支出,金錢,嘉義市世賢路****,,
46,王美惠,107年縣(市)議員選舉,首次申報,1071029,雜支支出,新玉珍烤鴨莊,78566306,0.00,145.00,餐飲費用,金錢,嘉義市新榮路****,,
47,王美惠,107年縣(市)議員選舉,首次申報,1071030,雜支支出,利源餐飲商行,25759450,0.00,630.00,餐飲費用,金錢,嘉義市西區培****,,
48,王美惠,107年縣(市)議員選舉,首次申報,1071030,雜支支出,美食廚房小吃店,34973278,0.00,210.00,餐飲費用,金錢,嘉義市新榮路****,,
49,王美惠,107年縣(市)議員選舉,首次申報,1071030,租用宣傳車輛支出,黃永魁,Q12*******,0.00,12000.00,雇用宣傳車輛駕駛支出,金錢,嘉義市博愛路****,,
50,王美惠,107年縣(市)議員選舉,首次申報,1071030,租用宣傳車輛支出,張振遠,R10*******,0.00,25000.00,雇用宣傳車輛駕駛支出,金錢,嘉義市上海路****,,
51,王美惠,107年縣(市)議員選舉,首次申報,1071031,租用宣傳車輛支出,世賢加油站有限公司,16966295,0.00,400.00,宣傳車輛燃料支出,金錢,嘉義市世賢路****,,
52,王美惠,107年縣(市)議員選舉,首次申報,1071031,雜支支出,金御咖哩美食店,36609388,0.00,270.00,餐飲費用,金錢,嘉義市新榮路****,,
53,王美惠,107年縣(市)議員選舉,首次申報,1071031,雜支支出,吃寶專業便當行,47864250,0.00,180.00,餐飲費用,金錢,嘉義市東區北****,,
54,王美惠,107年縣(市)議員選舉,首次申報,1071101,租用宣傳車輛支出,福懋大嘉加油站,18290001,0.00,550.00,宣傳車輛燃料支出,金錢,嘉義市北港路****,,
55,王美惠,107年縣(市)議員選舉,首次申報,1071101,雜支支出,台北排骨,36883097,0.00,195.00,餐飲費用,金錢,嘉義市仁愛路****,,
56,王美惠,107年縣(市)議員選舉,首次申報,1071101,雜支支出,新玉珍烤鴨莊,78566306,0.00,285.00,餐飲費用,金錢,嘉義市新榮路****,,
57,王美惠,107年縣(市)議員選舉,首次申報,1071101,人事費用支出,邱瀚陞,I10*******,0.00,35000.00,工資或薪津,金錢,嘉義市東區長****,,
58,王美惠,107年縣(市)議員選舉,首次申報,1071101,人事費用支出,陳茂,Q10*******,0.00,35000.00,工資或薪津,金錢,嘉義市民生北****,,
59,王美惠,107年縣(市)議員選舉,首次申報,1071101,人事費用支出,陳文成,Q10*******,0.00,35000.00,工資或薪津,金錢,嘉義市蘭州五****,,
60,王美惠,107年縣(市)議員選舉,首次申報,1071101,人事費用支出,陳文在,Q12*******,0.00,35000.00,工資或薪津,金錢,嘉義市西區車****,,
61,王美惠,107年縣(市)議員選舉,首次申報,1071101,人事費用支出,李秋玫,Q22*******,0.00,35000.00,工資或薪津,金錢,嘉義市廣州街****,,
62,王美惠,107年縣(市)議員選舉,首次申報,1071101,人事費用支出,鍾玉珍,V22*******,0.00,35000.00,工資或薪津,金錢,嘉義市杭州四****,,
63,王美惠,107年縣(市)議員選舉,首次申報,1071102,租用宣傳車輛支出,福懋大嘉加油站,18290001,0.00,1970.00,宣傳車輛燃料支出,金錢,嘉義市北港路****,,
64,王美惠,107年縣(市)議員選舉,首次申報,1071102,雜支支出,金御咖哩美食店,36609388,0.00,290.00,餐飲費用,金錢,嘉義市新榮路****,,
65,王美惠,107年縣(市)議員選舉,首次申報,1071102,雜支支出,日翔小吃店,36708280,0.00,235.00,餐飲費用,金錢,嘉義市西區書****,,
66,王美惠,107年縣(市)議員選舉,首次申報,1071103,雜支支出,美食廚房小吃店,34973278,0.00,300.00,餐飲費用,金錢,嘉義市新榮路****,,
67,王美惠,107年縣(市)議員選舉,首次申報,1071103,雜支支出,昱香排骨飯,40841710,0.00,200.00,餐飲費用,金錢,嘉義市新榮路****,,
68,王美惠,107年縣(市)議員選舉,首次申報,1071104,租用宣傳車輛支出,建國路加油站有限公司,16536459,0.00,800.00,宣傳車輛燃料支出,金錢,嘉義市建國路****,,
69,王美惠,107年縣(市)議員選舉,首次申報,1071104,雜支支出,一家烤肉店,19400385,0.00,130.00,餐飲費用,金錢,嘉義市新榮路****,,
70,王美惠,107年縣(市)議員選舉,首次申報,1071104,雜支支出,米豆港式燒臘店,47868713,0.00,145.00,餐飲費用,金錢,嘉義市西區新****,,
71,王美惠,107年縣(市)議員選舉,首次申報,1071105,雜支支出,美食廚房小吃店,34973278,0.00,345.00,餐飲費用,金錢,嘉義市新榮路****,,
72,王美惠,107年縣(市)議員選舉,首次申報,1071105,雜支支出,衣食豐足企業社,40849895,0.00,180.00,餐飲費用,金錢,嘉義市東區豐****,,
73,王美惠,107年縣(市)議員選舉,首次申報,1071105,宣傳支出,中華郵政股份有限公司嘉義站前郵局,66014407,0.00,18.00,郵寄競選物品或宣傳廣告支出,金錢,嘉義市西區書****,,
74,王美惠,107年縣(市)議員選舉,首次申報,1071106,雜支支出,滿味燒臘店,09019944,0.00,305.00,餐飲費用,金錢,嘉義市南京路****,,
75,王美惠,107年縣(市)議員選舉,首次申報,1071106,租用宣傳車輛支出,福懋大嘉加油站,18290001,0.00,750.00,宣傳車輛燃料支出,金錢,嘉義市北港路****,,
76,王美惠,107年縣(市)議員選舉,首次申報,1071106,雜支支出,吉祥手作專賣店,47863230,0.00,230.00,餐飲費用,金錢,嘉義市西區蘭****,,
77,王美惠,107年縣(市)議員選舉,首次申報,1071106,租用競選辦事處支出,玖晉企業社,67876135,0.00,2800.00,租買辦公設備支出,金錢,嘉義市東區共****,,
78,王美惠,107年縣(市)議員選舉,首次申報,1071107,雜支支出,秦香園餐飲店,09093710,0.00,600.00,餐飲費用,金錢,嘉義市仁愛路****,,
79,王美惠,107年縣(市)議員選舉,首次申報,1071107,雜支支出,昱香排骨飯,40841710,0.00,200.00,餐飲費用,金錢,嘉義市新榮路****,,
80,王美惠,107年縣(市)議員選舉,首次申報,1071108,租用宣傳車輛支出,福懋大嘉加油站,18290001,0.00,888.00,宣傳車輛燃料支出,金錢,嘉義市北港路****,,
81,王美惠,107年縣(市)議員選舉,首次申報,1071108,雜支支出,利源餐飲商行,25759450,0.00,360.00,餐飲費用,金錢,嘉義市西區培****,,
82,王美惠,107年縣(市)議員選舉,首次申報,1071108,雜支支出,合家香小吃店,34981376,0.00,215.00,餐飲費用,金錢,嘉義市仁愛路****,,
83,王美惠,107年縣(市)議員選舉,首次申報,1071108,宣傳支出,精美行,93932041,0.00,1000.00,製作競選物品支出（物品名稱-競選背心繡字）,金錢,嘉義市公明路****,,
84,王美惠,107年縣(市)議員選舉,首次申報,1071109,雜支支出,滿味燒臘店,09019944,0.00,450.00,餐飲費用,金錢,嘉義市南京路****,,
85,王美惠,107年縣(市)議員選舉,首次申報,1071109,租用宣傳車輛支出,順力加油站有限公司,12780136,0.00,1549.00,宣傳車輛燃料支出,金錢,嘉義市中興路****,,
86,王美惠,107年縣(市)議員選舉,首次申報,1071109,雜支支出,金御咖哩美食店,36609388,0.00,185.00,餐飲費用,金錢,嘉義市新榮路****,,
87,王美惠,107年縣(市)議員選舉,首次申報,1071109,租用宣傳車輛支出,黃永魁,Q12*******,0.00,12000.00,雇用宣傳車輛駕駛支出,金錢,嘉義市博愛路****,,
88,王美惠,107年縣(市)議員選舉,首次申報,1071109,租用宣傳車輛支出,張振遠,R10*******,0.00,25000.00,雇用宣傳車輛駕駛支出,金錢,嘉義市上海路****,,
89,王美惠,107年縣(市)議員選舉,首次申報,1071110,租用宣傳車輛支出,福懋大嘉加油站,18290001,0.00,891.00,宣傳車輛燃料支出,金錢,嘉義市北港路****,,
90,王美惠,107年縣(市)議員選舉,首次申報,1071110,雜支支出,美食廚房小吃店,34973278,0.00,430.00,餐飲費用,金錢,嘉義市新榮路****,,
91,王美惠,107年縣(市)議員選舉,首次申報,1071110,租用宣傳車輛支出,興業農機材料行,76813219,0.00,300.00,維修宣傳車輛支出,金錢,嘉義市興業西****,,
92,王美惠,107年縣(市)議員選舉,首次申報,1071110,雜支支出,惠康百貨股份有限公司嘉義分公司,84306693,0.00,500.00,雜項購置或修繕費用,金錢,嘉義市西區西****,,
93,王美惠,107年縣(市)議員選舉,首次申報,1071111,雜支支出,昱香排骨飯,40841710,0.00,170.00,餐飲費用,金錢,嘉義市新榮路****,,
94,王美惠,107年縣(市)議員選舉,首次申報,1071112,租用宣傳車輛支出,福懋大嘉加油站,18290001,0.00,1060.00,宣傳車輛燃料支出,金錢,嘉義市北港路****,,
95,王美惠,107年縣(市)議員選舉,首次申報,1071112,雜支支出,新玉珍烤鴨莊,78566306,0.00,245.00,餐飲費用,金錢,嘉義市新榮路****,,
96,王美惠,107年縣(市)議員選舉,首次申報,1071112,雜支支出,惠康百貨股份有限公司嘉義分公司,84306693,0.00,500.00,雜項購置或修繕費用,金錢,嘉義市西區新****,,
97,王美惠,107年縣(市)議員選舉,首次申報,1071112,雜支支出,小南簡餐,98877736,0.00,480.00,餐飲費用,金錢,嘉義市民族路****,,
98,王美惠,107年縣(市)議員選舉,首次申報,1071113,雜支支出,風和餐飲店,34975085,0.00,230.00,餐飲費用,金錢,嘉義市興業西****,,
99,王美惠,107年縣(市)議員選舉,首次申報,1071113,雜支支出,金御咖哩美食店,36609388,0.00,255.00,餐飲費用,金錢,嘉義市新榮路****,,
100,王美惠,107年縣(市)議員選舉,首次申報,1071114,租用宣傳車輛支出,福懋大嘉加油站,18290001,0.00,766.00,宣傳車輛燃料支出,金錢,嘉義市北港路****,,
101,王美惠,107年縣(市)議員選舉,首次申報,1071114,雜支支出,金園簡餐店,19398563,0.00,385.00,餐飲費用,金錢,嘉義市垂楊路****,,
102,王美惠,107年縣(市)議員選舉,首次申報,1071114,雜支支出,美食廚房小吃店,34973278,0.00,200.00,餐飲費用,金錢,嘉義市新榮路****,,
103,王美惠,107年縣(市)議員選舉,首次申報,1071114,宣傳支出,中華郵政股份有限公司嘉義站前郵局,66014407,0.00,80.00,郵寄競選物品或宣傳廣告支出,金錢,嘉義市西區書****,,
104,王美惠,107年縣(市)議員選舉,首次申報,1071114,雜支支出,惠康百貨股份有限公司嘉義分公司,84306693,0.00,500.00,雜項購置或修繕費用,金錢,嘉義市西區新****,,
105,王美惠,107年縣(市)議員選舉,首次申報,1071115,雜支支出,台北排骨,36883097,0.00,210.00,餐飲費用,金錢,嘉義市仁愛路****,,
106,王美惠,107年縣(市)議員選舉,首次申報,1071115,雜支支出,新馨飲食店,66530677,0.00,560.00,餐飲費用,金錢,嘉義市公明路****,,
107,王美惠,107年縣(市)議員選舉,首次申報,1071115,租用競選辦事處支出,玖晉企業社,67876135,0.00,5000.00,租買辦公設備支出,金錢,嘉義市東區共****,,
108,王美惠,107年縣(市)議員選舉,首次申報,1071116,租用宣傳車輛支出,福懋大嘉加油站,18290001,0.00,2328.00,宣傳車輛燃料支出,金錢,嘉義市北港路****,,
109,王美惠,107年縣(市)議員選舉,首次申報,1071116,雜支支出,美食廚房小吃店,34973278,0.00,200.00,餐飲費用,金錢,嘉義市新榮路****,,
110,王美惠,107年縣(市)議員選舉,首次申報,1071116,雜支支出,港記燒臘店,40771974,0.00,240.00,餐飲費用,金錢,嘉義市成仁街****,,
111,王美惠,107年縣(市)議員選舉,首次申報,1071117,雜支支出,美食廚房小吃店,34973278,0.00,325.00,餐飲費用,金錢,嘉義市新榮路****,,
112,王美惠,107年縣(市)議員選舉,首次申報,1071117,雜支支出,金御咖哩美食店,36609388,0.00,185.00,餐飲費用,金錢,嘉義市新榮路****,,
113,王美惠,107年縣(市)議員選舉,首次申報,1071117,雜支支出,天台塑膠加工廠,65058237,0.00,50.00,雜項購置或修繕費用,金錢,嘉義市西區西****,,
114,王美惠,107年縣(市)議員選舉,首次申報,1071118,租用宣傳車輛支出,福懋大嘉加油站,18290001,0.00,941.00,宣傳車輛燃料支出,金錢,嘉義市北港路****,,
115,王美惠,107年縣(市)議員選舉,首次申報,1071118,雜支支出,慶昇小吃店,18291389,0.00,470.00,餐飲費用,金錢,嘉義市新榮路****,,
116,王美惠,107年縣(市)議員選舉,首次申報,1071118,雜支支出,台北排骨,36883097,0.00,285.00,餐飲費用,金錢,嘉義市仁愛路****,,
117,王美惠,107年縣(市)議員選舉,首次申報,1071118,宣傳支出,統一超商股份有限公司嘉義市第二十三分公司,43126009,0.00,40.00,製作宣傳廣告支出,金錢,嘉義市西區國****,,
118,王美惠,107年縣(市)議員選舉,首次申報,1071118,雜支支出,肉圓大王,78559311,0.00,800.00,餐飲費用,金錢,嘉義市仁愛路****,,
119,王美惠,107年縣(市)議員選舉,首次申報,1071119,雜支支出,日祥小吃店,36708280,0.00,267.00,餐飲費用,金錢,嘉義市西區書****,,
120,王美惠,107年縣(市)議員選舉,首次申報,1071119,雜支支出,山鈦煙火工業股份有限公司,66574668,0.00,3100.00,雜項購置或修繕費用,金錢,嘉義縣柳鄉村****,,
121,王美惠,107年縣(市)議員選舉,首次申報,1071119,雜支支出,禾成餐飲店,81308417,0.00,1650.00,餐飲費用,金錢,嘉義市西區西****,,
122,王美惠,107年縣(市)議員選舉,首次申報,1071119,租用宣傳車輛支出,黃永魁,Q12*******,0.00,14000.00,雇用宣傳車輛駕駛支出,金錢,嘉義市博愛路****,,
123,王美惠,107年縣(市)議員選舉,首次申報,1071119,租用宣傳車輛支出,張振遠,R10*******,0.00,26500.00,雇用宣傳車輛駕駛支出,金錢,嘉義市上海路****,,
124,王美惠,107年縣(市)議員選舉,首次申報,1071120,租用宣傳車輛支出,世賢加油站有限公司,16966295,0.00,1140.00,宣傳車輛燃料支出,金錢,嘉義市世賢路****,,
125,王美惠,107年縣(市)議員選舉,首次申報,1071120,雜支支出,強記燒臘店,36704469,0.00,2250.00,餐飲費用,金錢,嘉義市東區新****,,
126,王美惠,107年縣(市)議員選舉,首次申報,1071120,雜支支出,洪牛土產牛肉湯,36769259,0.00,110.00,餐飲費用,金錢,嘉義市民族路****,,
127,王美惠,107年縣(市)議員選舉,首次申報,1071120,租用宣傳車輛支出,台灣中油股份有限公司油品行銷事業部嘉義營業處林森路加,65060037,0.00,760.00,宣傳車輛燃料支出,金錢,嘉義市西區番****,,
128,王美惠,107年縣(市)議員選舉,首次申報,1071120,雜支支出,山鈦煙火工業股份有限公司,66574668,0.00,3400.00,雜項購置或修繕費用,金錢,嘉義縣水上鄉****,,
129,王美惠,107年縣(市)議員選舉,首次申報,1071120,雜支支出,禾成餐飲店,81308417,0.00,3450.00,餐飲費用,金錢,嘉義市西區西****,,
130,王美惠,107年縣(市)議員選舉,首次申報,1071120,雜支支出,山東麵館,98874891,0.00,90.00,餐飲費用,金錢,嘉義市新榮路****,,
131,王美惠,107年縣(市)議員選舉,首次申報,1071120,公共關係費用支出,林明舜,Q10*******,0.00,9000.00,聯誼交際費用,金錢,嘉義縣竹崎鄉****,,
132,王美惠,107年縣(市)議員選舉,首次申報,1071121,雜支支出,新馨飲食店,66530667,0.00,2140.00,餐飲費用,金錢,嘉義市公明路****,,
133,王美惠,107年縣(市)議員選舉,首次申報,1071121,租用宣傳車輛支出,興業農機材料行,76813219,0.00,300.00,維修宣傳車輛支出,金錢,嘉義市興業西****,,
134,王美惠,107年縣(市)議員選舉,首次申報,1071121,雜支支出,禾成餐飲店,81308417,0.00,5000.00,餐飲費用,金錢,嘉義市西區西****,,
135,王美惠,107年縣(市)議員選舉,首次申報,1071121,雜支支出,鴻圖書局有限公司,84410507,0.00,98.00,文具用品費用,金錢,嘉義市中山路****,,
136,王美惠,107年縣(市)議員選舉,首次申報,1071121,雜支支出,山東麵館,98874891,0.00,80.00,餐飲費用,金錢,嘉義市新榮路****,,
137,王美惠,107年縣(市)議員選舉,首次申報,1071122,雜支支出,老楊小吃,10808019,0.00,200.00,餐飲費用,金錢,嘉義市新榮路****,,
138,王美惠,107年縣(市)議員選舉,首次申報,1071122,雜支支出,金園簡餐店,19398563,0.00,4800.00,餐飲費用,金錢,嘉義市垂楊路****,,
139,王美惠,107年縣(市)議員選舉,首次申報,1071122,雜支支出,禾成餐飲店,81308417,0.00,3750.00,餐飲費用,金錢,嘉義市西區西****,,
140,王美惠,107年縣(市)議員選舉,首次申報,1071123,租用宣傳車輛支出,福懋加油站,18290001,0.00,1422.00,宣傳車輛燃料支出,金錢,嘉義市北港路****,,
141,王美惠,107年縣(市)議員選舉,首次申報,1071123,雜支支出,日翔小吃,36708280,0.00,296.00,餐飲費用,金錢,嘉義市西區書****,,
142,王美惠,107年縣(市)議員選舉,首次申報,1071123,雜支支出,高全實業社,47867741,0.00,1116.00,雜項購置或修繕費用,金錢,嘉義市西區書****,,
143,王美惠,107年縣(市)議員選舉,首次申報,1071123,雜支支出,山鈦煙火工業股份有限公司,66574668,0.00,3700.00,雜項購置或修繕費用,金錢,嘉義縣水上鄉****,,
144,王美惠,107年縣(市)議員選舉,首次申報,1071124,雜支支出,一零一國際精品有限公司民生營業所,40820757,0.00,10.00,文具用品費用,金錢,嘉義市西區民****,,
145,王美惠,107年縣(市)議員選舉,首次申報,1071124,雜支支出,惠康百貨股份有限公司嘉義分公司,84306693,0.00,85.00,雜項購置或修繕費用,金錢,嘉義市西區垂****,,
146,王美惠,107年縣(市)議員選舉,首次申報,1071125,雜支支出,金園簡餐店,19398563,0.00,4200.00,餐飲費用,金錢,嘉義市垂楊路****,,
147,王美惠,107年縣(市)議員選舉,首次申報,1071125,雜支支出,金門魯肉飯,40806848,0.00,280.00,餐飲費用,金錢,嘉義市吳鳳北****,,
148,王美惠,107年縣(市)議員選舉,首次申報,1071125,雜支支出,金一小吃店,76814575,0.00,2720.00,餐飲費用,金錢,嘉義市興業西****,,
149,王美惠,107年縣(市)議員選舉,首次申報,1071125,雜支支出,山東麵館,98874891,0.00,170.00,餐飲費用,金錢,嘉義市新榮路****,,
150,王美惠,107年縣(市)議員選舉,首次申報,1071126,雜支支出,信誼商行,37707181,0.00,200.00,文具用品費用,金錢,嘉義市東區東****,,
151,王美惠,107年縣(市)議員選舉,首次申報,1071126,雜支支出,禾成餐飲店,81308417,0.00,5160.00,餐飲費用,金錢,嘉義市西區西****,,
152,王美惠,107年縣(市)議員選舉,首次申報,1071127,宣傳支出,中華郵政股份有限公司嘉義文化路郵局,66012702,0.00,28.00,郵寄競選物品或宣傳廣告支出,金錢,嘉義市東區中****,,
153,王美惠,107年縣(市)議員選舉,首次申報,1071127,租用宣傳車輛支出,黃永魁,Q12*******,0.00,12000.00,雇用宣傳車輛駕駛支出,金錢,嘉義市博愛路****,,
154,王美惠,107年縣(市)議員選舉,首次申報,1071127,租用宣傳車輛支出,張振遠,R10*******,0.00,13500.00,雇用宣傳車輛駕駛支出,金錢,嘉義市上海路****,,
155,王美惠,107年縣(市)議員選舉,首次申報,1071128,雜支支出,金園簡餐店,19398563,0.00,1300.00,餐飲費用,金錢,嘉義市垂楊路****,,
156,王美惠,107年縣(市)議員選舉,首次申報,1071201,人事費用支出,邱瀚陞,I10*******,0.00,35000.00,工資或薪津,金錢,嘉義市東區長****,,
157,王美惠,107年縣(市)議員選舉,首次申報,1071201,人事費用支出,陳茂,Q10*******,0.00,35000.00,工資或薪津,金錢,嘉義市民生北****,,
158,王美惠,107年縣(市)議員選舉,首次申報,1071201,人事費用支出,陳文成,Q10*******,0.00,35000.00,工資或薪津,金錢,嘉義市蘭州五****,,
159,王美惠,107年縣(市)議員選舉,首次申報,1071201,人事費用支出,陳文在,Q12*******,0.00,35000.00,工資或薪津,金錢,嘉義市西區車****,,
160,王美惠,107年縣(市)議員選舉,首次申報,1071201,人事費用支出,李秋玫,Q22*******,0.00,35000.00,工資或薪津,金錢,嘉義市廣州街****,,
161,王美惠,107年縣(市)議員選舉,首次申報,1071201,人事費用支出,鍾玉珍,V22*******,0.00,35000.00,工資或薪津,金錢,嘉義市杭州四****,,
162,王美惠,107年縣(市)議員選舉,首次申報,1071203,雜支支出,全家便利商店股份有限公司嘉義市第一Ｏ七分公司,51889606,0.00,500.00,雜項購置或修繕費用,金錢,嘉義市西區自****,,
163,王美惠,107年縣(市)議員選舉,首次申報,1071203,雜支支出,惠康百貨股份有限公司嘉義分公司,84306693,0.00,500.00,雜項購置或修繕費用,金錢,嘉義市西區新****,,
164,王美惠,107年縣(市)議員選舉,首次申報,1071204,雜支支出,升誠有限公司,16359571,0.00,100000.00,雜項購置或修繕費用,金錢,嘉義市西區劉****,,
165,王美惠,107年縣(市)議員選舉,首次申報,1071205,雜支支出,惠康百貨股份有限公司嘉義分公司,84306693,0.00,500.00,雜項購置或修繕費用,金錢,嘉義市西區西****,,
166,王美惠,107年縣(市)議員選舉,首次申報,1071206,雜支支出,惠康百貨股份有限公司嘉義分公司,84306693,0.00,500.00,雜項購置或修繕費用,金錢,嘉義市西區西****,,
167,王美惠,107年縣(市)議員選舉,首次申報,1071207,雜支支出,大九九商行,25735704,0.00,127.00,雜項購置或修繕費用,金錢,嘉義市仁愛路****,,
168,王美惠,107年縣(市)議員選舉,首次申報,1071207,宣傳支出,中華郵政股份有限公司嘉義站前郵局,66014407,0.00,80.00,郵寄競選物品或宣傳廣告支出,金錢,嘉義市西區書****,,
169,王美惠,107年縣(市)議員選舉,首次申報,1071218,宣傳支出,為祥事務用品股份有限公司,23788310,0.00,100000.00,製作宣傳廣告支出,金錢,嘉義縣民雄鄉****,,
