﻿序號,擬參選人／政黨,選舉名稱,申報序號／年度,交易日期,收支科目,捐贈者／支出對象,身分證／統一編號,收入金額,支出金額,支出用途,金錢類,地址,聯絡電話,資料更正日期
1,戴瑋姍,107年直轄市議員選舉,首次申報,1070507,交通旅運支出,香丘停車場,26600161,0.00,3500.00,停車費,金錢,新北市板橋區****,,
2,戴瑋姍,107年直轄市議員選舉,首次申報,1070507,人事費用支出,許書綺,R22*******,0.00,8495.00,工資或薪津,金錢,新北市三重區****,0976*****,
3,戴瑋姍,107年直轄市議員選舉,首次申報,1070511,雜支支出,宜家家具新莊店,28005569,0.00,2135.00,雜項購置或修繕費用,金錢,新北市新莊區****,,
4,戴瑋姍,107年直轄市議員選舉,首次申報,1070511,雜支支出,宜家家具新莊店,28005569,0.00,23506.00,雜項購置或修繕費用,金錢,新北市新莊區****,,
5,戴瑋姍,107年直轄市議員選舉,首次申報,1070512,雜支支出,宜家家具新莊店,28005569,0.00,12377.00,雜項購置或修繕費用,金錢,新北市新莊區****,,
6,戴瑋姍,107年直轄市議員選舉,首次申報,1070513,雜支支出,特力和樂內湖店,70762311,0.00,2598.00,雜項購置或修繕費用,金錢,臺北市內湖區****,,
7,戴瑋姍,107年直轄市議員選舉,首次申報,1070516,雜支支出,佳佳電器行,48685430,0.00,3800.00,雜項購置或修繕費用,金錢,臺北市萬華區****,,
8,戴瑋姍,107年直轄市議員選舉,首次申報,1070519,雜支支出,宜家家具新莊店,28005569,0.00,10352.00,雜項購置或修繕費用,金錢,新北市新莊區****,,
9,戴瑋姍,107年直轄市議員選舉,首次申報,1070601,人事費用支出,劉佩雯,F22*******,0.00,29000.00,工資或薪津,金錢,新北市三重區****,0952*****,
10,戴瑋姍,107年直轄市議員選舉,首次申報,1070601,人事費用支出,許書綺,R22*******,0.00,33000.00,工資或薪津,金錢,新北市三重區****,0976*****,
11,戴瑋姍,107年直轄市議員選舉,首次申報,1070619,交通旅運支出,香丘停車場,26600161,0.00,3500.00,停車費,金錢,新北市板橋區****,,
12,戴瑋姍,107年直轄市議員選舉,首次申報,1070628,交通旅運支出,香丘停車場,26600161,0.00,3500.00,停車費,金錢,新北市板橋區****,,
13,戴瑋姍,107年直轄市議員選舉,首次申報,1070629,返還支出,良福保全股份有限公司,70350492,0.00,20000.00,返還,金錢,臺北市中山區****,,
14,戴瑋姍,107年直轄市議員選舉,首次申報,1070701,雜支支出,花卉營業人（1715右）,01225560,0.00,2000.00,花圈花籃費,金錢,臺北市內湖區****,,
15,戴瑋姍,107年直轄市議員選舉,首次申報,1070701,雜支支出,花卉營業人（1715右）,01225560,0.00,2000.00,花圈花籃費,金錢,臺北市內湖區****,,
16,戴瑋姍,107年直轄市議員選舉,首次申報,1070701,雜支支出,花卉營業人（1715右）,01225560,0.00,2000.00,花圈花籃費,金錢,臺北市內湖區****,,
17,戴瑋姍,107年直轄市議員選舉,首次申報,1070701,雜支支出,花卉營業人（1715右）,01225560,0.00,2000.00,花圈花籃費,金錢,臺北市內湖區****,,
18,戴瑋姍,107年直轄市議員選舉,首次申報,1070701,雜支支出,花卉營業人（1715右）,01225560,0.00,2000.00,花圈花籃費,金錢,臺北市內湖區****,,
19,戴瑋姍,107年直轄市議員選舉,首次申報,1070701,人事費用支出,李國綸,F12*******,0.00,30000.00,工資或薪津,金錢,新北市新莊區****,0910*****,
20,戴瑋姍,107年直轄市議員選舉,首次申報,1070701,人事費用支出,劉佩雯,F22*******,0.00,29000.00,工資或薪津,金錢,新北市三重區****,0952*****,
21,戴瑋姍,107年直轄市議員選舉,首次申報,1070701,人事費用支出,楊有騰,K12*******,0.00,32000.00,工資或薪津,金錢,新北市板橋區****,0952*****,
22,戴瑋姍,107年直轄市議員選舉,首次申報,1070701,人事費用支出,許書綺,R22*******,0.00,36000.00,工資或薪津,金錢,新北市三重區****,0976*****,
23,戴瑋姍,107年直轄市議員選舉,首次申報,1070702,雜支支出,中華電信,92887342,0.00,2411.00,電信費用,金錢,新北市永和區****,,
24,戴瑋姍,107年直轄市議員選舉,首次申報,1070702,雜支支出,中華電信,92887342,0.00,1573.00,電信費用,金錢,新北市永和區****,,
25,戴瑋姍,107年直轄市議員選舉,首次申報,1070801,雜支支出,花卉營業人（1715右）,01225560,0.00,2000.00,花圈花籃費,金錢,臺北市內湖區****,,
26,戴瑋姍,107年直轄市議員選舉,首次申報,1070801,雜支支出,花卉營業人（1715右）,01225560,0.00,2000.00,花圈花籃費,金錢,臺北市內湖區****,,
27,戴瑋姍,107年直轄市議員選舉,首次申報,1070801,雜支支出,花卉營業人（1715右）,01225560,0.00,2000.00,花圈花籃費,金錢,臺北市內湖區****,,
28,戴瑋姍,107年直轄市議員選舉,首次申報,1070801,雜支支出,花卉營業人（1715右）,01225560,0.00,2000.00,花圈花籃費,金錢,臺北市內湖區****,,
29,戴瑋姍,107年直轄市議員選舉,首次申報,1070801,雜支支出,花卉營業人（1715右）,01225560,0.00,2000.00,花圈花籃費,金錢,臺北市內湖區****,,
30,戴瑋姍,107年直轄市議員選舉,首次申報,1070801,雜支支出,花卉營業人（1715右）,01225560,0.00,2000.00,花圈花籃費,金錢,臺北市內湖區****,,
31,戴瑋姍,107年直轄市議員選舉,首次申報,1070801,雜支支出,花卉營業人（1715右）,01225560,0.00,2000.00,花圈花籃費,金錢,臺北市內湖區****,,
32,戴瑋姍,107年直轄市議員選舉,首次申報,1070801,雜支支出,花卉營業人（1715右）,01225560,0.00,2000.00,花圈花籃費,金錢,臺北市內湖區****,,
33,戴瑋姍,107年直轄市議員選舉,首次申報,1070801,人事費用支出,李國綸,F12*******,0.00,30000.00,工資或薪津,金錢,新北市新莊區****,0910*****,
34,戴瑋姍,107年直轄市議員選舉,首次申報,1070801,人事費用支出,劉佩雯,F22*******,0.00,29000.00,工資或薪津,金錢,新北市三重區****,0952*****,
35,戴瑋姍,107年直轄市議員選舉,首次申報,1070801,人事費用支出,楊有騰,K12*******,0.00,32000.00,工資或薪津,金錢,新北市板橋區****,0952*****,
36,戴瑋姍,107年直轄市議員選舉,首次申報,1070801,人事費用支出,許書綺,R22*******,0.00,36000.00,工資或薪津,金錢,新北市三重區****,0976*****,
37,戴瑋姍,107年直轄市議員選舉,首次申報,1070808,雜支支出,天翼電腦有限公司,89788136,0.00,25800.00,雜項購置或修繕費用,金錢,臺北市中正區****,,
38,戴瑋姍,107年直轄市議員選舉,首次申報,1070824,交通旅運支出,香丘停車場,26600161,0.00,7000.00,停車費,金錢,新北市板橋區****,,
39,戴瑋姍,107年直轄市議員選舉,首次申報,1070826,雜支支出,湘禾坊胖老爹美式炸雞板橋店,47978866,0.00,480.00,餐飲費用,金錢,新北市板橋區****,,
40,戴瑋姍,107年直轄市議員選舉,首次申報,1070829,雜支支出,福記燒臘,09662515,0.00,900.00,餐飲費用,金錢,新北市板橋區****,,
41,戴瑋姍,107年直轄市議員選舉,首次申報,1070829,雜支支出,智通數位,42646755,0.00,2618.00,第三方支付手續費,金錢,臺北市南港區****,,
42,戴瑋姍,107年直轄市議員選舉,首次申報,1070829,雜支支出,智通數位,42646755,0.00,46.00,第三方支付手續費,金錢,臺北市南港區****,,
43,戴瑋姍,107年直轄市議員選舉,首次申報,1070830,人事費用支出,吳宗憲,P12*******,0.00,2988.00,工資或薪津,金錢,新北市土城區****,,
44,戴瑋姍,107年直轄市議員選舉,首次申報,1070831,人事費用支出,勞保局,03769808,0.00,12474.00,勞保局月份助理勞保費,金錢,臺北市中正區****,,
45,戴瑋姍,107年直轄市議員選舉,首次申報,1070901,雜支支出,花卉營業人（1715右）,01225560,0.00,2000.00,花圈花籃費,金錢,臺北市內湖區****,,
46,戴瑋姍,107年直轄市議員選舉,首次申報,1070901,雜支支出,花卉營業人（1715右）,01225560,0.00,2000.00,花圈花籃費,金錢,臺北市內湖區****,,
47,戴瑋姍,107年直轄市議員選舉,首次申報,1070901,雜支支出,花卉營業人（1715右）,01225560,0.00,2000.00,花圈花籃費,金錢,臺北市內湖區****,,
48,戴瑋姍,107年直轄市議員選舉,首次申報,1070901,雜支支出,花卉營業人（1715右）,01225560,0.00,2000.00,花圈花籃費,金錢,臺北市內湖區****,,
49,戴瑋姍,107年直轄市議員選舉,首次申報,1070901,雜支支出,花卉營業人（1715右）,01225560,0.00,2000.00,花圈花籃費,金錢,臺北市內湖區****,,
50,戴瑋姍,107年直轄市議員選舉,首次申報,1070901,雜支支出,花卉營業人（1715右）,01225560,0.00,2000.00,花圈花籃費,金錢,臺北市內湖區****,,
51,戴瑋姍,107年直轄市議員選舉,首次申報,1070901,雜支支出,花卉營業人（1715右）,01225560,0.00,2000.00,花圈花籃費,金錢,臺北市內湖區****,,
52,戴瑋姍,107年直轄市議員選舉,首次申報,1070901,雜支支出,花卉營業人（1715右）,01225560,0.00,2000.00,花圈花籃費,金錢,臺北市內湖區****,,
53,戴瑋姍,107年直轄市議員選舉,首次申報,1070901,雜支支出,智通數位,42646755,0.00,250.00,第三方支付手續費,金錢,臺北市南港區****,,
54,戴瑋姍,107年直轄市議員選舉,首次申報,1070901,人事費用支出,李國綸,F12*******,0.00,6000.00,加班費或值班費,金錢,新北市新莊區****,0910*****,
55,戴瑋姍,107年直轄市議員選舉,首次申報,1070901,人事費用支出,李國綸,F12*******,0.00,30000.00,工資或薪津,金錢,新北市新莊區****,0910*****,
56,戴瑋姍,107年直轄市議員選舉,首次申報,1070901,人事費用支出,劉佩雯,F22*******,0.00,29000.00,工資或薪津,金錢,新北市三重區****,0952*****,
57,戴瑋姍,107年直轄市議員選舉,首次申報,1070901,人事費用支出,劉佩雯,F22*******,0.00,6000.00,加班費或值班費,金錢,新北市三重區****,0952*****,
58,戴瑋姍,107年直轄市議員選舉,首次申報,1070901,人事費用支出,楊有騰,K12*******,0.00,6000.00,加班費或值班費,金錢,新北市板橋區****,0952*****,
59,戴瑋姍,107年直轄市議員選舉,首次申報,1070901,人事費用支出,楊有騰,K12*******,0.00,32000.00,工資或薪津,金錢,新北市板橋區****,0952*****,
60,戴瑋姍,107年直轄市議員選舉,首次申報,1070901,人事費用支出,許書綺,R22*******,0.00,6000.00,加班費或值班費,金錢,新北市三重區****,0976*****,
61,戴瑋姍,107年直轄市議員選舉,首次申報,1070901,人事費用支出,許書綺,R22*******,0.00,36000.00,工資或薪津,金錢,新北市三重區****,0976*****,
62,戴瑋姍,107年直轄市議員選舉,首次申報,1070903,雜支支出,宜家家具敦北店,16088396,0.00,3465.00,雜項購置或修繕費用,金錢,臺北市松山區****,,
63,戴瑋姍,107年直轄市議員選舉,首次申報,1070903,雜支支出,言瑞開發科技股份有限公司,80641581,0.00,1948.00,租賃印表機之超張費用,金錢,臺北市大同區****,,
64,戴瑋姍,107年直轄市議員選舉,首次申報,1070904,雜支支出,新元興商行,82117210,0.00,231.00,餐飲費用,金錢,新北市板橋區****,,
65,戴瑋姍,107年直轄市議員選舉,首次申報,1070905,雜支支出,燦坤實業股份有限公司板橋分公司,70746039,0.00,1928.00,雜項購置或修繕費用,金錢,新北市板橋區****,,
66,戴瑋姍,107年直轄市議員選舉,首次申報,1070906,雜支支出,全家超商板橋宏翠店,54395803,0.00,420.00,餐飲費用,金錢,新北市板橋區****,,
67,戴瑋姍,107年直轄市議員選舉,首次申報,1070912,人事費用支出,吳宗憲,P12*******,0.00,3775.00,工資或薪津,金錢,新北市土城區****,,
68,戴瑋姍,107年直轄市議員選舉,首次申報,1070913,雜支支出,康橋貨運交通有限公司,20821856,0.00,2900.00,競選服務處搬家運費,金錢,臺北市松山區****,,
69,戴瑋姍,107年直轄市議員選舉,首次申報,1070917,交通旅運支出,台亞石油板橋文化路加油站,09665604,0.00,200.00,油資,金錢,新北市板橋區****,,
70,戴瑋姍,107年直轄市議員選舉,首次申報,1070917,雜支支出,好友文具城,83974056,0.00,460.00,文具用品費用,金錢,新北市板橋區****,,
71,戴瑋姍,107年直轄市議員選舉,首次申報,1070919,雜支支出,好友文具城,83974056,0.00,230.00,文具用品費用,金錢,新北市板橋區****,,
72,戴瑋姍,107年直轄市議員選舉,首次申報,1070919,人事費用支出,黃子嘉,F22*******,0.00,560.00,工資或薪津,金錢,新北市五股區****,0975*****,
73,戴瑋姍,107年直轄市議員選舉,首次申報,1070920,雜支支出,聰明水果行,01998707,0.00,750.00,餐飲費用,金錢,新北市三重區****,,
74,戴瑋姍,107年直轄市議員選舉,首次申報,1070920,宣傳支出,光創數位印刷有限公司,54737301,0.00,260.00,製作競選物品支出（文宣印刷）,金錢,新北市永和區****,,
75,戴瑋姍,107年直轄市議員選舉,首次申報,1070920,雜支支出,好友文具城,83974056,0.00,230.00,文具用品費用,金錢,新北市板橋區****,,
76,戴瑋姍,107年直轄市議員選舉,首次申報,1070921,雜支支出,燦坤實業股份有限公司板橋分公司,70746039,0.00,2680.00,雜項購置或修繕費用,金錢,新北市板橋區****,,
77,戴瑋姍,107年直轄市議員選舉,首次申報,1070921,雜支支出,香港英記燒腊快餐店,99761749,0.00,665.00,餐飲費用,金錢,新北市板橋區****,,
78,戴瑋姍,107年直轄市議員選舉,首次申報,1070921,人事費用支出,吳宗憲,P12*******,0.00,2248.00,工資或薪津,金錢,新北市土城區****,,
79,戴瑋姍,107年直轄市議員選舉,首次申報,1070922,雜支支出,珍饡玉溪便當店,09996766,0.00,760.00,餐飲費用,金錢,新北市板橋區****,,
80,戴瑋姍,107年直轄市議員選舉,首次申報,1070922,宣傳支出,簡訊王數位媒體有限公司,28321094,0.00,8900.00,發送電信簡訊支出,金錢,臺北市內湖區****,,
81,戴瑋姍,107年直轄市議員選舉,首次申報,1070925,雜支支出,燦坤實業股份有限公司板橋分公司,70746039,0.00,299.00,雜項購置或修繕費用,金錢,新北市板橋區****,,
82,戴瑋姍,107年直轄市議員選舉,首次申報,1070926,交通旅運支出,光仁加油站,16932752,0.00,300.00,油資,金錢,新北市板橋區****,,
83,戴瑋姍,107年直轄市議員選舉,首次申報,1070927,雜支支出,百合五金行,33976240,0.00,2500.00,雜項購置或修繕費用,金錢,新北市板橋區****,,
84,戴瑋姍,107年直轄市議員選舉,首次申報,1070930,雜支支出,宜家家具新莊店,28005569,0.00,5940.00,雜項購置或修繕費用,金錢,新北市新莊區****,,
85,戴瑋姍,107年直轄市議員選舉,首次申報,1071001,雜支支出,花卉營業人（1715右）,01225560,0.00,2000.00,花圈花籃費,金錢,臺北市內湖區****,,
86,戴瑋姍,107年直轄市議員選舉,首次申報,1071001,雜支支出,花卉營業人（1715右）,01225560,0.00,2000.00,花圈花籃費,金錢,臺北市內湖區****,,
87,戴瑋姍,107年直轄市議員選舉,首次申報,1071001,雜支支出,花卉營業人（1715右）,01225560,0.00,2000.00,花圈花籃費,金錢,臺北市內湖區****,,
88,戴瑋姍,107年直轄市議員選舉,首次申報,1071001,雜支支出,花卉營業人（1715右）,01225560,0.00,2000.00,花圈花籃費,金錢,臺北市內湖區****,,
89,戴瑋姍,107年直轄市議員選舉,首次申報,1071001,雜支支出,花卉營業人（1715右）,01225560,0.00,2000.00,花圈花籃費,金錢,臺北市內湖區****,,
90,戴瑋姍,107年直轄市議員選舉,首次申報,1071001,雜支支出,花卉營業人（1715右）,01225560,0.00,2000.00,花圈花籃費,金錢,臺北市內湖區****,,
91,戴瑋姍,107年直轄市議員選舉,首次申報,1071001,雜支支出,花卉營業人（1715右）,01225560,0.00,2000.00,花圈花籃費,金錢,臺北市內湖區****,,
92,戴瑋姍,107年直轄市議員選舉,首次申報,1071001,雜支支出,花卉營業人（1715右）,01225560,0.00,2000.00,花圈花籃費,金錢,臺北市內湖區****,,
93,戴瑋姍,107年直轄市議員選舉,首次申報,1071001,雜支支出,花卉營業人（1715右）,01225560,0.00,2000.00,花圈花籃費,金錢,臺北市內湖區****,,
94,戴瑋姍,107年直轄市議員選舉,首次申報,1071001,雜支支出,智通數位,42646755,0.00,98.00,第三方支付手續費,金錢,臺北市南港區****,,
95,戴瑋姍,107年直轄市議員選舉,首次申報,1071001,雜支支出,全家便利商店板橋莒安店,70814943,0.00,550.00,文具用品費用,金錢,新北市板橋區****,,
96,戴瑋姍,107年直轄市議員選舉,首次申報,1071001,雜支支出,香港英記燒腊快餐店,99761749,0.00,570.00,餐飲費用,金錢,新北市板橋區****,,
97,戴瑋姍,107年直轄市議員選舉,首次申報,1071001,人事費用支出,李國綸,F12*******,0.00,5000.00,加班費或值班費,金錢,新北市新莊區****,0910*****,
98,戴瑋姍,107年直轄市議員選舉,首次申報,1071001,人事費用支出,李國綸,F12*******,0.00,30000.00,工資或薪津,金錢,新北市新莊區****,0910*****,
99,戴瑋姍,107年直轄市議員選舉,首次申報,1071001,人事費用支出,劉佩雯,F22*******,0.00,29000.00,工資或薪津,金錢,新北市三重區****,0952*****,
100,戴瑋姍,107年直轄市議員選舉,首次申報,1071001,人事費用支出,劉佩雯,F22*******,0.00,5000.00,加班費或值班費,金錢,新北市三重區****,0952*****,
101,戴瑋姍,107年直轄市議員選舉,首次申報,1071001,人事費用支出,楊有騰,K12*******,0.00,6000.00,加班費或值班費,金錢,新北市板橋區****,0952*****,
102,戴瑋姍,107年直轄市議員選舉,首次申報,1071001,人事費用支出,楊有騰,K12*******,0.00,32000.00,工資或薪津,金錢,新北市板橋區****,0952*****,
103,戴瑋姍,107年直轄市議員選舉,首次申報,1071001,人事費用支出,朱勇翰,NC0*******,0.00,1680.00,工資或薪津,金錢,新北市中和區****,,
104,戴瑋姍,107年直轄市議員選舉,首次申報,1071001,人事費用支出,許書綺,R22*******,0.00,36000.00,工資或薪津,金錢,新北市三重區****,0976*****,
105,戴瑋姍,107年直轄市議員選舉,首次申報,1071001,人事費用支出,許書綺,R22*******,0.00,5000.00,加班費或值班費,金錢,新北市三重區****,0976*****,
106,戴瑋姍,107年直轄市議員選舉,首次申報,1071002,宣傳支出,中華郵政股份有限公司板橋莒光郵局,34291132,0.00,5619.00,郵寄競選物品或宣傳廣告支出,金錢,新北市板橋區****,,
107,戴瑋姍,107年直轄市議員選舉,首次申報,1071002,雜支支出,香港英記燒腊快餐店,99761749,0.00,665.00,餐飲費用,金錢,新北市板橋區****,,
108,戴瑋姍,107年直轄市議員選舉,首次申報,1071002,人事費用支出,吳宗憲,P12*******,0.00,3046.00,工資或薪津,金錢,新北市土城區****,,
109,戴瑋姍,107年直轄市議員選舉,首次申報,1071003,雜支支出,新玉堂文具圖書廣場板橋店,14507198,0.00,733.00,文具用品費用,金錢,新北市板橋區****,,
110,戴瑋姍,107年直轄市議員選舉,首次申報,1071003,宣傳支出,中華郵政股份有限公司板橋莒光郵局,34291132,0.00,11437.00,郵寄競選物品或宣傳廣告支出,金錢,新北市板橋區****,,
111,戴瑋姍,107年直轄市議員選舉,首次申報,1071003,雜支支出,迷客夏新北四維店,50668871,0.00,325.00,餐飲費用,金錢,新北市板橋區****,,
112,戴瑋姍,107年直轄市議員選舉,首次申報,1071004,雜支支出,全聯福利中心板橋莒光分公司,24796491,0.00,632.00,雜項購置或修繕費用,金錢,新北市板橋區****,,
113,戴瑋姍,107年直轄市議員選舉,首次申報,1071004,雜支支出,龍門客棧,31544838,0.00,1300.00,餐飲費用,金錢,新北市板橋區****,,
114,戴瑋姍,107年直轄市議員選舉,首次申報,1071004,雜支支出,燦坤實業股份有限公司板橋分公司,70746039,0.00,1321.00,雜項購置或修繕費用,金錢,新北市板橋區****,,
115,戴瑋姍,107年直轄市議員選舉,首次申報,1071004,人事費用支出,葉存恩,S12*******,0.00,1233.00,工資或薪津,金錢,新北市淡水區****,,
116,戴瑋姍,107年直轄市議員選舉,首次申報,1071005,雜支支出,好友文具城,83974056,0.00,460.00,文具用品費用,金錢,新北市板橋區****,,
117,戴瑋姍,107年直轄市議員選舉,首次申報,1071005,人事費用支出,周羿伶,A22*******,0.00,350.00,工資或薪津,金錢,新北市新莊區****,,
118,戴瑋姍,107年直轄市議員選舉,首次申報,1071005,人事費用支出,林倩如,F22*******,0.00,1400.00,工資或薪津,金錢,新北市板橋區****,,
119,戴瑋姍,107年直轄市議員選舉,首次申報,1071006,雜支支出,海底撈火鍋,24944747,0.00,2406.00,餐飲費用,金錢,臺北市信義區****,,
120,戴瑋姍,107年直轄市議員選舉,首次申報,1071007,雜支支出,商賀股份有限公司板橋分公司,59143406,0.00,824.00,文具用品費用,金錢,新北市板橋區****,,
121,戴瑋姍,107年直轄市議員選舉,首次申報,1071008,雜支支出,依而珊花藝創作坊,08573888,0.00,800.00,雜項購置或修繕費用,金錢,新北市板橋區****,,
122,戴瑋姍,107年直轄市議員選舉,首次申報,1071008,宣傳支出,中華郵政股份有限公司板橋莒光郵局,34291132,0.00,3265.00,郵寄競選物品或宣傳廣告支出,金錢,新北市板橋區****,,
123,戴瑋姍,107年直轄市議員選舉,首次申報,1071008,雜支支出,中華電信,92887342,0.00,1532.00,電信費用,金錢,新北市永和區****,,
124,戴瑋姍,107年直轄市議員選舉,首次申報,1071008,雜支支出,中華電信,92887342,0.00,1640.00,電信費用,金錢,新北市永和區****,,
125,戴瑋姍,107年直轄市議員選舉,首次申報,1071008,人事費用支出,許智齡,F12*******,0.00,3678.00,工資或薪津,金錢,新北市板橋區****,,
126,戴瑋姍,107年直轄市議員選舉,首次申報,1071008,人事費用支出,葉思妤,F22*******,0.00,9610.00,工資或薪津,金錢,新北市新莊區****,,
127,戴瑋姍,107年直轄市議員選舉,首次申報,1071008,人事費用支出,蘇俊詣,F22*******,0.00,435.00,工資或薪津,金錢,新北市三峽區****,,
128,戴瑋姍,107年直轄市議員選舉,首次申報,1071009,人事費用支出,林以丞,F22*******,0.00,910.00,工資或薪津,金錢,新北市板橋區****,,
129,戴瑋姍,107年直轄市議員選舉,首次申報,1071009,人事費用支出,游偉賢,G12*******,0.00,715.00,工資或薪津,金錢,新北市三重區****,,
130,戴瑋姍,107年直轄市議員選舉,首次申報,1071009,人事費用支出,吳宗憲,P12*******,0.00,3648.00,工資或薪津,金錢,新北市土城區****,,
131,戴瑋姍,107年直轄市議員選舉,首次申報,1071011,雜支支出,麥當勞板橋中山,16080900,0.00,843.00,餐飲費用,金錢,新北市板橋區****,,
132,戴瑋姍,107年直轄市議員選舉,首次申報,1071011,宣傳支出,簡訊王數位媒體有限公司,28321094,0.00,950.00,發送電信簡訊支出,金錢,臺北市內湖區****,,
133,戴瑋姍,107年直轄市議員選舉,首次申報,1071011,宣傳支出,中華郵政股份有限公司板橋莒光郵局,34291132,0.00,730.00,郵寄競選物品或宣傳廣告支出,金錢,新北市板橋區****,,
134,戴瑋姍,107年直轄市議員選舉,首次申報,1071011,人事費用支出,游國義,A12*******,0.00,8380.00,工資或薪津,金錢,新北市板橋區****,,
135,戴瑋姍,107年直轄市議員選舉,首次申報,1071011,人事費用支出,周羿伶,A22*******,0.00,980.00,工資或薪津,金錢,新北市新莊區****,,
136,戴瑋姍,107年直轄市議員選舉,首次申報,1071011,人事費用支出,林倩如,F22*******,0.00,2660.00,工資或薪津,金錢,新北市板橋區****,,
137,戴瑋姍,107年直轄市議員選舉,首次申報,1071011,人事費用支出,陳昆鴻,N12*******,0.00,710.00,工資或薪津,金錢,臺北市信義區****,,
138,戴瑋姍,107年直轄市議員選舉,首次申報,1071011,人事費用支出,朱勇翰,NC0*******,0.00,6510.00,工資或薪津,金錢,新北市中和區****,,
139,戴瑋姍,107年直轄市議員選舉,首次申報,1071011,人事費用支出,陳水西,P12*******,0.00,12082.00,工資或薪津,金錢,新北市板橋區****,,
140,戴瑋姍,107年直轄市議員選舉,首次申報,1071012,雜支支出,雷克運動行銷股份有限公司,28523177,0.00,400.00,雜項購置或修繕費用,金錢,新北市新莊區****,,
141,戴瑋姍,107年直轄市議員選舉,首次申報,1071012,雜支支出,美廉社板橋莒光店,28852634,0.00,1278.00,雜項購置或修繕費用,金錢,新北市板橋區****,,
142,戴瑋姍,107年直轄市議員選舉,首次申報,1071013,雜支支出,永和黑豆漿,10696041,0.00,665.00,餐飲費用,金錢,新北市板橋區****,,
143,戴瑋姍,107年直轄市議員選舉,首次申報,1071013,宣傳支出,簡訊王數位媒體有限公司,28321094,0.00,4750.00,發送電信簡訊支出,金錢,臺北市內湖區****,,
144,戴瑋姍,107年直轄市議員選舉,首次申報,1071013,雜支支出,非吃不可企業社,41399616,0.00,1570.00,餐飲費用,金錢,新北市板橋區****,,
145,戴瑋姍,107年直轄市議員選舉,首次申報,1071014,雜支支出,好友文具城,83974056,0.00,215.00,文具用品費用,金錢,新北市板橋區****,,
146,戴瑋姍,107年直轄市議員選舉,首次申報,1071015,人事費用支出,勞保局,03769808,0.00,12474.00,勞保局月份助理勞保費,金錢,臺北市中正區****,,
147,戴瑋姍,107年直轄市議員選舉,首次申報,1071015,人事費用支出,林柏宇,A13*******,0.00,715.00,工資或薪津,金錢,新北市新莊區****,,
148,戴瑋姍,107年直轄市議員選舉,首次申報,1071016,宣傳支出,簡訊王數位媒體有限公司,28321094,0.00,8900.00,發送電信簡訊支出,金錢,臺北市內湖區****,,
149,戴瑋姍,107年直轄市議員選舉,首次申報,1071017,雜支支出,好友文具城,83974056,0.00,1045.00,文具用品費用,金錢,新北市板橋區****,,
150,戴瑋姍,107年直轄市議員選舉,首次申報,1071017,人事費用支出,陳泓霖,A12*******,0.00,1820.00,工資或薪津,金錢,桃園市桃園區****,,
151,戴瑋姍,107年直轄市議員選舉,首次申報,1071017,人事費用支出,童偉哲,F13*******,0.00,2428.00,工資或薪津,金錢,新北市三重區****,,
152,戴瑋姍,107年直轄市議員選舉,首次申報,1071017,人事費用支出,林倩如,F22*******,0.00,2030.00,工資或薪津,金錢,新北市板橋區****,,
153,戴瑋姍,107年直轄市議員選舉,首次申報,1071017,人事費用支出,游偉賢,G12*******,0.00,2900.00,工資或薪津,金錢,新北市三重區****,,
154,戴瑋姍,107年直轄市議員選舉,首次申報,1071017,人事費用支出,吳宗憲,P12*******,0.00,1905.00,工資或薪津,金錢,新北市土城區****,,
155,戴瑋姍,107年直轄市議員選舉,首次申報,1071018,租用競選辦事處支出,竑泰電料行,01928225,0.00,3500.00,裝潢競選辦事處支出,金錢,新北市板橋區****,,
156,戴瑋姍,107年直轄市議員選舉,首次申報,1071018,交通旅運支出,台亞石油板橋文化路加油站,09665604,0.00,1221.00,油資,金錢,新北市板橋區****,,
157,戴瑋姍,107年直轄市議員選舉,首次申報,1071018,雜支支出,金屋行,17758963,0.00,800.00,雜項購置或修繕費用,金錢,臺北市中正區****,,
158,戴瑋姍,107年直轄市議員選舉,首次申報,1071018,人事費用支出,蘇俊詣,A12*******,0.00,840.00,獎金或津貼,金錢,臺北市大安區****,,
159,戴瑋姍,107年直轄市議員選舉,首次申報,1071018,人事費用支出,吳杭霙,A22*******,0.00,4830.00,工資或薪津,金錢,新北市汐止區****,,
160,戴瑋姍,107年直轄市議員選舉,首次申報,1071018,人事費用支出,張思潔,A22*******,0.00,4550.00,工資或薪津,金錢,新北市中和區****,,
161,戴瑋姍,107年直轄市議員選舉,首次申報,1071018,人事費用支出,吳俊坤,F12*******,0.00,2170.00,工資或薪津,金錢,新北市土城區****,,
162,戴瑋姍,107年直轄市議員選舉,首次申報,1071018,人事費用支出,沈宜靜,P22*******,0.00,1903.00,工資或薪津,金錢,新北市三重區****,,
163,戴瑋姍,107年直轄市議員選舉,首次申報,1071018,人事費用支出,葉存恩,S12*******,0.00,4495.00,工資或薪津,金錢,新北市淡水區****,,
164,戴瑋姍,107年直轄市議員選舉,首次申報,1071019,交通旅運支出,台亞石油板橋文化路加油站,09665604,0.00,1064.00,油資,金錢,新北市板橋區****,,
165,戴瑋姍,107年直轄市議員選舉,首次申報,1071020,宣傳支出,簡訊王數位媒體有限公司,28321094,0.00,8550.00,發送電信簡訊支出,金錢,臺北市內湖區****,,
166,戴瑋姍,107年直轄市議員選舉,首次申報,1071021,人事費用支出,林倩如,F22*******,0.00,1400.00,工資或薪津,金錢,新北市板橋區****,,
167,戴瑋姍,107年直轄市議員選舉,首次申報,1071022,租用競選辦事處支出,皇星廣告社,34464751,0.00,800.00,裝潢競選辦事處支出,金錢,新北市板橋區****,,
168,戴瑋姍,107年直轄市議員選舉,首次申報,1071022,人事費用支出,許智齡,F12*******,0.00,2250.00,工資或薪津,金錢,新北市板橋區****,,
169,戴瑋姍,107年直轄市議員選舉,首次申報,1071023,宣傳支出,蘆洲長榮派報社,49939094,0.00,17000.00,播送、傳送或刊登宣傳廣告支出,金錢,新北市蘆洲區****,,
170,戴瑋姍,107年直轄市議員選舉,首次申報,1071023,雜支支出,好友文具城,83974056,0.00,290.00,文具用品費用,金錢,新北市板橋區****,,
171,戴瑋姍,107年直轄市議員選舉,首次申報,1071023,人事費用支出,林以丞,F22*******,0.00,2450.00,工資或薪津,金錢,新北市板橋區****,,
172,戴瑋姍,107年直轄市議員選舉,首次申報,1071023,人事費用支出,胡漢生,K12*******,0.00,5638.00,工資或薪津,金錢,臺北市萬華區****,,
173,戴瑋姍,107年直轄市議員選舉,首次申報,1071025,交通旅運支出,台亞石油板橋文化路加油站,09665604,0.00,200.00,油資,金錢,新北市板橋區****,,
174,戴瑋姍,107年直轄市議員選舉,首次申報,1071026,宣傳支出,蘆洲長榮派報社,49939094,0.00,50000.00,播送、傳送或刊登宣傳廣告支出,金錢,新北市蘆洲區****,,
175,戴瑋姍,107年直轄市議員選舉,首次申報,1071026,宣傳支出,蘆洲長榮派報社,49939094,0.00,50000.00,播送、傳送或刊登宣傳廣告支出,金錢,新北市蘆洲區****,,
176,戴瑋姍,107年直轄市議員選舉,首次申報,1071026,人事費用支出,張思潔,A22*******,0.00,1750.00,工資或薪津,金錢,新北市中和區****,,
177,戴瑋姍,107年直轄市議員選舉,首次申報,1071026,人事費用支出,許智齡,F12*******,0.00,3660.00,工資或薪津,金錢,新北市板橋區****,,
178,戴瑋姍,107年直轄市議員選舉,首次申報,1071026,人事費用支出,吳俊坤,F12*******,0.00,1050.00,工資或薪津,金錢,新北市土城區****,,
179,戴瑋姍,107年直轄市議員選舉,首次申報,1071026,人事費用支出,林以丞,F22*******,0.00,1865.00,工資或薪津,金錢,新北市板橋區****,,
180,戴瑋姍,107年直轄市議員選舉,首次申報,1071026,人事費用支出,朱勇翰,NC0*******,0.00,3220.00,工資或薪津,金錢,新北市中和區****,,
181,戴瑋姍,107年直轄市議員選舉,首次申報,1071026,人事費用支出,吳宗憲,P12*******,0.00,2711.00,工資或薪津,金錢,新北市土城區****,,
182,戴瑋姍,107年直轄市議員選舉,首次申報,1071029,雜支支出,飛揚小吃店,50675417,0.00,525.00,餐飲費用,金錢,新北市板橋區****,,
183,戴瑋姍,107年直轄市議員選舉,首次申報,1071029,雜支支出,參號鐵板燒店,72657820,0.00,910.00,餐飲費用,金錢,新北市板橋區****,,
184,戴瑋姍,107年直轄市議員選舉,首次申報,1071029,雜支支出,好友文具城,83974056,0.00,200.00,文具用品費用,金錢,新北市板橋區****,,
185,戴瑋姍,107年直轄市議員選舉,首次申報,1071029,人事費用支出,游國義,A12*******,0.00,13545.00,工資或薪津,金錢,新北市板橋區****,,
186,戴瑋姍,107年直轄市議員選舉,首次申報,1071029,人事費用支出,林柏宇,A13*******,0.00,560.00,工資或薪津,金錢,新北市新莊區****,,
187,戴瑋姍,107年直轄市議員選舉,首次申報,1071029,人事費用支出,吳杭霙,A22*******,0.00,2520.00,工資或薪津,金錢,新北市汐止區****,0920*****,
188,戴瑋姍,107年直轄市議員選舉,首次申報,1071029,人事費用支出,紀宜岑,F22*******,0.00,1190.00,工資或薪津,金錢,新北市新莊區****,,
189,戴瑋姍,107年直轄市議員選舉,首次申報,1071029,人事費用支出,游偉賢,G12*******,0.00,1130.00,工資或薪津,金錢,新北市三重區****,,
190,戴瑋姍,107年直轄市議員選舉,首次申報,1071029,人事費用支出,陳水西,P12*******,0.00,14030.00,工資或薪津,金錢,新北市板橋區****,,
191,戴瑋姍,107年直轄市議員選舉,首次申報,1071029,人事費用支出,葉存恩,S12*******,0.00,2540.00,工資或薪津,金錢,新北市淡水區****,,
192,戴瑋姍,107年直轄市議員選舉,首次申報,1071031,人事費用支出,勞保局,03769808,0.00,13345.00,勞保局月份助理勞保費,金錢,臺北市中正區****,,
193,戴瑋姍,107年直轄市議員選舉,首次申報,1071031,人事費用支出,健保署,08628407,0.00,7732.00,全民健康保險年月助理保險費,金錢,臺北市中正區****,,
194,戴瑋姍,107年直轄市議員選舉,首次申報,1071031,人事費用支出,健保署,08628407,0.00,7732.00,全民健康保險年月助理保險費,金錢,臺北市中正區****,,
195,戴瑋姍,107年直轄市議員選舉,首次申報,1071031,雜支支出,飛揚小吃店,50675417,0.00,630.00,餐飲費用,金錢,新北市板橋區****,,
196,戴瑋姍,107年直轄市議員選舉,首次申報,1071031,宣傳支出,光創數位印刷有限公司,54737301,0.00,22418.00,製作競選物品支出（文宣印刷）,金錢,新北市永和區****,,
197,戴瑋姍,107年直轄市議員選舉,首次申報,1071031,宣傳支出,光創數位印刷有限公司,54737301,0.00,46347.00,製作競選物品支出（文宣印刷）,金錢,新北市永和區****,,
198,戴瑋姍,107年直轄市議員選舉,首次申報,1071101,雜支支出,花卉營業人（1715右）,01225560,0.00,2000.00,花圈花籃費,金錢,臺北市內湖區****,,
199,戴瑋姍,107年直轄市議員選舉,首次申報,1071101,雜支支出,花卉營業人（1715右）,01225560,0.00,2000.00,花圈花籃費,金錢,臺北市內湖區****,,
200,戴瑋姍,107年直轄市議員選舉,首次申報,1071101,雜支支出,花卉營業人（1715右）,01225560,0.00,2000.00,花圈花籃費,金錢,臺北市內湖區****,,
201,戴瑋姍,107年直轄市議員選舉,首次申報,1071101,雜支支出,花卉營業人（1715右）,01225560,0.00,2000.00,花圈花籃費,金錢,臺北市內湖區****,,
202,戴瑋姍,107年直轄市議員選舉,首次申報,1071101,雜支支出,花卉營業人（1715右）,01225560,0.00,2000.00,花圈花籃費,金錢,臺北市內湖區****,,
203,戴瑋姍,107年直轄市議員選舉,首次申報,1071101,雜支支出,花卉營業人（1715右）,01225560,0.00,2000.00,花圈花籃費,金錢,臺北市內湖區****,,
204,戴瑋姍,107年直轄市議員選舉,首次申報,1071101,雜支支出,智通數位,42646755,0.00,529.00,第三方支付手續費,金錢,臺北市南港區****,,
205,戴瑋姍,107年直轄市議員選舉,首次申報,1071101,雜支支出,飛揚小吃店,50675417,0.00,715.00,餐飲費用,金錢,新北市板橋區****,,
206,戴瑋姍,107年直轄市議員選舉,首次申報,1071101,雜支支出,飽食義燉商行,72688979,0.00,1030.00,餐飲費用,金錢,新北市板橋區****,,
207,戴瑋姍,107年直轄市議員選舉,首次申報,1071101,人事費用支出,李國綸,F12*******,0.00,6000.00,加班費或值班費,金錢,新北市新莊區****,0910*****,
208,戴瑋姍,107年直轄市議員選舉,首次申報,1071101,人事費用支出,李國綸,F12*******,0.00,30000.00,工資或薪津,金錢,新北市新莊區****,0910*****,
209,戴瑋姍,107年直轄市議員選舉,首次申報,1071101,人事費用支出,劉佩雯,F22*******,0.00,29000.00,工資或薪津,金錢,新北市三重區****,0952*****,
210,戴瑋姍,107年直轄市議員選舉,首次申報,1071101,人事費用支出,劉佩雯,F22*******,0.00,5000.00,加班費或值班費,金錢,新北市三重區****,0952*****,
211,戴瑋姍,107年直轄市議員選舉,首次申報,1071101,人事費用支出,陳威文,K12*******,0.00,30000.00,工資或薪津,金錢,新北市板橋區****,0956*****,
212,戴瑋姍,107年直轄市議員選舉,首次申報,1071101,人事費用支出,楊有騰,K12*******,0.00,6000.00,加班費或值班費,金錢,新北市板橋區****,0952*****,
213,戴瑋姍,107年直轄市議員選舉,首次申報,1071101,人事費用支出,陳威文,K12*******,0.00,8000.00,加班費或值班費,金錢,新北市板橋區****,0956*****,
214,戴瑋姍,107年直轄市議員選舉,首次申報,1071101,人事費用支出,楊有騰,K12*******,0.00,32000.00,工資或薪津,金錢,新北市板橋區****,0952*****,
215,戴瑋姍,107年直轄市議員選舉,首次申報,1071101,人事費用支出,許書綺,R22*******,0.00,36000.00,工資或薪津,金錢,新北市三重區****,0976*****,
216,戴瑋姍,107年直轄市議員選舉,首次申報,1071101,人事費用支出,許書綺,R22*******,0.00,5000.00,加班費或值班費,金錢,新北市三重區****,0976*****,
217,戴瑋姍,107年直轄市議員選舉,首次申報,1071102,交通旅運支出,台亞石油板橋文化路加油站,09665604,0.00,500.00,油資,金錢,新北市板橋區****,,
218,戴瑋姍,107年直轄市議員選舉,首次申報,1071102,宣傳支出,簡訊王數位媒體有限公司,28321094,0.00,8900.00,發送電信簡訊支出,金錢,臺北市內湖區****,,
219,戴瑋姍,107年直轄市議員選舉,首次申報,1071102,雜支支出,好友文具城,83974056,0.00,1610.00,文具用品費用,金錢,新北市板橋區****,,
220,戴瑋姍,107年直轄市議員選舉,首次申報,1071102,人事費用支出,周羿伶,A22*******,0.00,980.00,工資或薪津,金錢,新北市新莊區****,,
221,戴瑋姍,107年直轄市議員選舉,首次申報,1071102,人事費用支出,王淇,C22*******,0.00,3220.00,工資或薪津,金錢,基隆市安樂區****,,
222,戴瑋姍,107年直轄市議員選舉,首次申報,1071102,人事費用支出,許智齡,F12*******,0.00,1305.00,工資或薪津,金錢,新北市板橋區****,,
223,戴瑋姍,107年直轄市議員選舉,首次申報,1071102,人事費用支出,童偉哲,F13*******,0.00,1740.00,工資或薪津,金錢,新北市三重區****,,
224,戴瑋姍,107年直轄市議員選舉,首次申報,1071102,人事費用支出,黃子嘉,F22*******,0.00,5360.00,工資或薪津,金錢,新北市五股區****,,
225,戴瑋姍,107年直轄市議員選舉,首次申報,1071102,人事費用支出,林以丞,F22*******,0.00,1080.00,工資或薪津,金錢,新北市板橋區****,,
226,戴瑋姍,107年直轄市議員選舉,首次申報,1071102,人事費用支出,胡漢生,K12*******,0.00,2756.00,工資或薪津,金錢,臺北市萬華區****,,
227,戴瑋姍,107年直轄市議員選舉,首次申報,1071102,人事費用支出,朱勇翰,NC0*******,0.00,1890.00,工資或薪津,金錢,新北市中和區****,0984*****,
228,戴瑋姍,107年直轄市議員選舉,首次申報,1071102,人事費用支出,葉存恩,S12*******,0.00,1080.00,工資或薪津,金錢,新北市淡水區****,,
229,戴瑋姍,107年直轄市議員選舉,首次申報,1071103,雜支支出,百合五金行,33976240,0.00,1000.00,雜項購置或修繕費用,金錢,新北市板橋區****,,
230,戴瑋姍,107年直轄市議員選舉,首次申報,1071105,交通旅運支出,光仁加油站,16932752,0.00,300.00,油資,金錢,新北市板橋區****,,
231,戴瑋姍,107年直轄市議員選舉,首次申報,1071105,雜支支出,富利餐飲(股)公司板橋文化外送分公司,28180192,0.00,894.00,餐飲費用,金錢,新北市板橋區****,,
232,戴瑋姍,107年直轄市議員選舉,首次申報,1071105,雜支支出,飛揚小吃店,50675417,0.00,545.00,餐飲費用,金錢,新北市板橋區****,,
233,戴瑋姍,107年直轄市議員選舉,首次申報,1071105,人事費用支出,游國義,A12*******,0.00,12976.00,獎金或津貼,金錢,新北市板橋區****,,
234,戴瑋姍,107年直轄市議員選舉,首次申報,1071105,人事費用支出,陳水西,P12*******,0.00,13206.00,工資或薪津,金錢,新北市板橋區****,,
235,戴瑋姍,107年直轄市議員選舉,首次申報,1071106,交通旅運支出,台亞石油板橋文化路加油站,09665604,0.00,500.00,油資,金錢,新北市板橋區****,,
236,戴瑋姍,107年直轄市議員選舉,首次申報,1071106,雜支支出,飛揚小吃店,50675417,0.00,675.00,餐飲費用,金錢,新北市板橋區****,,
237,戴瑋姍,107年直轄市議員選舉,首次申報,1071106,雜支支出,好友文具城,83974056,0.00,384.00,文具用品費用,金錢,新北市板橋區****,,
238,戴瑋姍,107年直轄市議員選舉,首次申報,1071106,人事費用支出,吳杭霙,A22*******,0.00,6000.00,工資或薪津,金錢,新北市汐止區****,,
239,戴瑋姍,107年直轄市議員選舉,首次申報,1071107,雜支支出,麥當勞板橋中山,,0.00,710.00,餐飲費用,金錢,新北市板橋區****,,
240,戴瑋姍,107年直轄市議員選舉,首次申報,1071108,人事費用支出,陳昆鴻,N12*******,0.00,725.00,工資或薪津,金錢,臺北市信義區****,,
241,戴瑋姍,107年直轄市議員選舉,首次申報,1071109,交通旅運支出,台亞石油板橋文化路加油站,09665604,0.00,770.00,油資,金錢,新北市板橋區****,,
242,戴瑋姍,107年直轄市議員選舉,首次申報,1071109,雜支支出,百合五金行,33976240,0.00,1000.00,雜項購置或修繕費用,金錢,新北市板橋區****,,
243,戴瑋姍,107年直轄市議員選舉,首次申報,1071109,雜支支出,麥當勞板橋中山,72658546,0.00,825.00,餐飲費用,金錢,新北市板橋區****,,
244,戴瑋姍,107年直轄市議員選舉,首次申報,1071109,人事費用支出,許智齡,F12*******,0.00,2683.00,工資或薪津,金錢,新北市板橋區****,,
245,戴瑋姍,107年直轄市議員選舉,首次申報,1071109,人事費用支出,林以丞,F22*******,0.00,1523.00,工資或薪津,金錢,新北市板橋區****,,
246,戴瑋姍,107年直轄市議員選舉,首次申報,1071109,人事費用支出,胡漢生,K12*******,0.00,4133.00,工資或薪津,金錢,臺北市萬華區****,,
247,戴瑋姍,107年直轄市議員選舉,首次申報,1071109,人事費用支出,朱勇翰,NC0*******,0.00,3570.00,工資或薪津,金錢,新北市中和區****,,
248,戴瑋姍,107年直轄市議員選舉,首次申報,1071109,人事費用支出,葉存恩,S12*******,0.00,2320.00,工資或薪津,金錢,新北市淡水區****,,
249,戴瑋姍,107年直轄市議員選舉,首次申報,1071110,人事費用支出,紀宜岑,F22*******,0.00,700.00,工資或薪津,金錢,新北市新莊區****,,
250,戴瑋姍,107年直轄市議員選舉,首次申報,1071111,雜支支出,福記燒臘,09662515,0.00,720.00,餐飲費用,金錢,新北市板橋區****,,
251,戴瑋姍,107年直轄市議員選舉,首次申報,1071111,人事費用支出,林倩如,F22*******,0.00,1960.00,工資或薪津,金錢,新北市板橋區****,,
252,戴瑋姍,107年直轄市議員選舉,首次申報,1071112,雜支支出,飛揚小吃店,50675417,0.00,675.00,餐飲費用,金錢,新北市板橋區****,,
253,戴瑋姍,107年直轄市議員選舉,首次申報,1071112,人事費用支出,林柏宇,A13*******,0.00,1285.00,工資或薪津,金錢,新北市新莊區****,,
254,戴瑋姍,107年直轄市議員選舉,首次申報,1071113,人事費用支出,游國義,A12*******,0.00,12960.00,工資或薪津,金錢,新北市板橋區****,,
255,戴瑋姍,107年直轄市議員選舉,首次申報,1071113,人事費用支出,游偉賢,G12*******,0.00,4191.00,工資或薪津,金錢,新北市三重區****,,
256,戴瑋姍,107年直轄市議員選舉,首次申報,1071113,人事費用支出,陳水西,P12*******,0.00,16150.00,工資或薪津,金錢,新北市板橋區****,,
257,戴瑋姍,107年直轄市議員選舉,首次申報,1071114,宣傳支出,簡訊王數位媒體有限公司,28321094,0.00,2850.00,發送電信簡訊支出,金錢,臺北市內湖區****,,
258,戴瑋姍,107年直轄市議員選舉,首次申報,1071114,雜支支出,石頭肉圓,30126815,0.00,800.00,餐飲費用,金錢,新北市板橋區****,,
259,戴瑋姍,107年直轄市議員選舉,首次申報,1071114,雜支支出,全家便利商店板橋莒安店,70814943,0.00,300.00,雜項購置或修繕費用,金錢,新北市板橋區****,,
260,戴瑋姍,107年直轄市議員選舉,首次申報,1071114,人事費用支出,吳杭霙,A22*******,0.00,5000.00,工資或薪津,金錢,新北市汐止區****,,
261,戴瑋姍,107年直轄市議員選舉,首次申報,1071115,雜支支出,美加美豆漿店,10621458,0.00,1920.00,餐飲費用,金錢,新北市板橋區****,,
262,戴瑋姍,107年直轄市議員選舉,首次申報,1071115,人事費用支出,陳昆鴻,N12*******,0.00,2175.00,工資或薪津,金錢,臺北市信義區****,,
263,戴瑋姍,107年直轄市議員選舉,首次申報,1071116,雜支支出,石頭肉圓,30126815,0.00,790.00,餐飲費用,金錢,新北市板橋區****,,
264,戴瑋姍,107年直轄市議員選舉,首次申報,1071117,宣傳支出,簡訊王數位媒體有限公司,28321094,0.00,5700.00,發送電信簡訊支出,金錢,臺北市內湖區****,,
265,戴瑋姍,107年直轄市議員選舉,首次申報,1071117,雜支支出,美味快餐店,50695407,0.00,720.00,餐飲費用,金錢,新北市板橋區****,,
266,戴瑋姍,107年直轄市議員選舉,首次申報,1071119,人事費用支出,游國義,A12*******,0.00,12880.00,工資或薪津,金錢,新北市板橋區****,,
267,戴瑋姍,107年直轄市議員選舉,首次申報,1071119,人事費用支出,林柏宇,A13*******,0.00,630.00,工資或薪津,金錢,新北市新莊區****,,
268,戴瑋姍,107年直轄市議員選舉,首次申報,1071119,人事費用支出,許智齡,F12*******,0.00,5296.00,工資或薪津,金錢,新北市板橋區****,,
269,戴瑋姍,107年直轄市議員選舉,首次申報,1071119,人事費用支出,林倩如,F22*******,0.00,1050.00,工資或薪津,金錢,新北市板橋區****,,
270,戴瑋姍,107年直轄市議員選舉,首次申報,1071119,人事費用支出,陳昆鴻,N12*******,0.00,435.00,工資或薪津,金錢,臺北市信義區****,,
271,戴瑋姍,107年直轄市議員選舉,首次申報,1071119,人事費用支出,朱勇翰,NC0*******,0.00,3990.00,工資或薪津,金錢,新北市中和區****,0984*****,
272,戴瑋姍,107年直轄市議員選舉,首次申報,1071119,人事費用支出,吳宗憲,P12*******,0.00,3554.00,工資或薪津,金錢,新北市土城區****,,
273,戴瑋姍,107年直轄市議員選舉,首次申報,1071119,人事費用支出,陳水西,P12*******,0.00,15279.00,工資或薪津,金錢,新北市板橋區****,,
274,戴瑋姍,107年直轄市議員選舉,首次申報,1071119,人事費用支出,林宇蓁,Q22*******,0.00,12312.00,工資或薪津,金錢,新北市板橋區****,,
275,戴瑋姍,107年直轄市議員選舉,首次申報,1071119,人事費用支出,李侯秀珠,R22*******,0.00,7533.00,工資或薪津,金錢,新北市板橋區****,,
276,戴瑋姍,107年直轄市議員選舉,首次申報,1071120,宣傳支出,蘆洲長榮派報社,49939094,0.00,20000.00,播送、傳送或刊登宣傳廣告支出,金錢,新北市蘆洲區****,,
277,戴瑋姍,107年直轄市議員選舉,首次申報,1071120,宣傳支出,蘆洲長榮派報社,49939094,0.00,20000.00,播送、傳送或刊登宣傳廣告支出,金錢,新北市蘆洲區****,,
278,戴瑋姍,107年直轄市議員選舉,首次申報,1071120,人事費用支出,吳杭霙,A22*******,0.00,4200.00,工資或薪津,金錢,新北市汐止區****,,
279,戴瑋姍,107年直轄市議員選舉,首次申報,1071120,人事費用支出,胡漢生,K12*******,0.00,4717.00,工資或薪津,金錢,臺北市萬華區****,,
280,戴瑋姍,107年直轄市議員選舉,首次申報,1071120,人事費用支出,葉存恩,S12*******,0.00,4064.00,工資或薪津,金錢,新北市淡水區****,,
281,戴瑋姍,107年直轄市議員選舉,首次申報,1071121,雜支支出,迷客夏新北板橋店,42243556,0.00,660.00,餐飲費用,金錢,新北市板橋區****,,
282,戴瑋姍,107年直轄市議員選舉,首次申報,1071121,宣傳支出,光創數位印刷有限公司,54737301,0.00,4053.00,製作競選物品支出（文宣印刷）,金錢,新北市永和區****,,
283,戴瑋姍,107年直轄市議員選舉,首次申報,1071121,宣傳支出,光創數位印刷有限公司,54737301,0.00,30000.00,製作競選物品支出（文宣印刷）,金錢,新北市永和區****,,
284,戴瑋姍,107年直轄市議員選舉,首次申報,1071121,雜支支出,飽食義燉商行,72688979,0.00,840.00,餐飲費用,金錢,新北市板橋區****,,
285,戴瑋姍,107年直轄市議員選舉,首次申報,1071121,人事費用支出,游偉賢,G12*******,0.00,3265.00,工資或薪津,金錢,新北市三重區****,,
286,戴瑋姍,107年直轄市議員選舉,首次申報,1071122,雜支支出,宏遠電訊股份有限公司,16087137,0.00,3531.00,電信費用,金錢,臺北市內湖區****,,
287,戴瑋姍,107年直轄市議員選舉,首次申報,1071122,宣傳支出,橘創整合行銷有限公司,29049832,0.00,22237.00,製作競選物品支出（文宣印刷）,金錢,臺北市松山區****,,
288,戴瑋姍,107年直轄市議員選舉,首次申報,1071122,雜支支出,香港英記燒腊快餐店,99761749,0.00,1100.00,餐飲費用,金錢,新北市板橋區****,,
289,戴瑋姍,107年直轄市議員選舉,首次申報,1071123,宣傳支出,簡訊王數位媒體有限公司,28321094,0.00,17800.00,發送電信簡訊支出,金錢,臺北市內湖區****,,
290,戴瑋姍,107年直轄市議員選舉,首次申報,1071123,雜支支出,美廉社板橋莒光店,28852634,0.00,215.00,雜項購置或修繕費用,金錢,新北市板橋區****,,
291,戴瑋姍,107年直轄市議員選舉,首次申報,1071123,宣傳支出,蘆洲長榮派報社,49939094,0.00,20000.00,播送、傳送或刊登宣傳廣告支出,金錢,新北市蘆洲區****,,
292,戴瑋姍,107年直轄市議員選舉,首次申報,1071123,宣傳支出,蘆洲長榮派報社,49939094,0.00,20000.00,播送、傳送或刊登宣傳廣告支出,金錢,新北市蘆洲區****,,
293,戴瑋姍,107年直轄市議員選舉,首次申報,1071123,宣傳支出,蘆洲長榮派報社,49939094,0.00,20000.00,播送、傳送或刊登宣傳廣告支出,金錢,新北市蘆洲區****,,
294,戴瑋姍,107年直轄市議員選舉,首次申報,1071123,宣傳支出,蘆洲長榮派報社,49939094,0.00,20000.00,播送、傳送或刊登宣傳廣告支出,金錢,新北市蘆洲區****,,
295,戴瑋姍,107年直轄市議員選舉,首次申報,1071123,人事費用支出,游國義,A12*******,0.00,9095.00,工資或薪津,金錢,新北市板橋區****,0939*****,
296,戴瑋姍,107年直轄市議員選舉,首次申報,1071123,人事費用支出,陳水西,P12*******,0.00,9245.00,工資或薪津,金錢,新北市板橋區****,,
297,戴瑋姍,107年直轄市議員選舉,首次申報,1071123,人事費用支出,林宇蓁,Q22*******,0.00,9480.00,工資或薪津,金錢,新北市板橋區****,,
298,戴瑋姍,107年直轄市議員選舉,首次申報,1071123,人事費用支出,李侯秀珠,R22*******,0.00,9240.00,工資或薪津,金錢,新北市板橋區****,,
299,戴瑋姍,107年直轄市議員選舉,首次申報,1071124,雜支支出,方紹楨商行G拔拔香脆雞排,10383667,0.00,750.00,雜項購置或修繕費用,金錢,臺北市萬華區****,,
300,戴瑋姍,107年直轄市議員選舉,首次申報,1071124,雜支支出,新元興商行,82117210,0.00,440.00,餐飲費用,金錢,新北市板橋區****,,
301,戴瑋姍,107年直轄市議員選舉,首次申報,1071125,宣傳支出,簡訊王數位媒體有限公司,28321094,0.00,8900.00,發送電信簡訊支出,金錢,臺北市內湖區****,,
302,戴瑋姍,107年直轄市議員選舉,首次申報,1071125,租用競選辦事處支出,楊陳玉詩,K20*******,0.00,116000.00,租用競選辦事處費用年月至月兩個月份租金,金錢,新北市板橋區****,,
303,戴瑋姍,107年直轄市議員選舉,首次申報,1071126,人事費用支出,童偉哲,F13*******,0.00,1306.00,工資或薪津,金錢,新北市三重區****,,
304,戴瑋姍,107年直轄市議員選舉,首次申報,1071126,人事費用支出,林以丞,F22*******,0.00,6964.00,工資或薪津,金錢,新北市板橋區****,,
305,戴瑋姍,107年直轄市議員選舉,首次申報,1071126,人事費用支出,胡漢生,K12*******,0.00,10445.00,工資或薪津,金錢,臺北市萬華區****,,
306,戴瑋姍,107年直轄市議員選舉,首次申報,1071126,人事費用支出,陳昆鴻,N12*******,0.00,508.00,工資或薪津,金錢,臺北市信義區****,,
307,戴瑋姍,107年直轄市議員選舉,首次申報,1071126,人事費用支出,吳宗憲,P12*******,0.00,4352.00,工資或薪津,金錢,新北市土城區****,,
308,戴瑋姍,107年直轄市議員選舉,首次申報,1071127,人事費用支出,吳杭霙,A22*******,0.00,4000.00,工資或薪津,金錢,新北市汐止區****,,
309,戴瑋姍,107年直轄市議員選舉,首次申報,1071127,人事費用支出,汪逸庭,F22*******,0.00,1120.00,工資或薪津,金錢,新北市土城區****,,
310,戴瑋姍,107年直轄市議員選舉,首次申報,1071127,人事費用支出,郭斐喻,F22*******,0.00,1088.00,工資或薪津,金錢,新北市三重區****,,
311,戴瑋姍,107年直轄市議員選舉,首次申報,1071127,人事費用支出,張雅雯,F22*******,0.00,1523.00,工資或薪津,金錢,新北市蘆洲區****,,
312,戴瑋姍,107年直轄市議員選舉,首次申報,1071127,人事費用支出,朱勇翰,NC0*******,0.00,6510.00,工資或薪津,金錢,新北市中和區****,,
313,戴瑋姍,107年直轄市議員選舉,首次申報,1071127,人事費用支出,沈宜靜,P22*******,0.00,1576.00,工資或薪津,金錢,新北市三重區****,,
314,戴瑋姍,107年直轄市議員選舉,首次申報,1071129,雜支支出,智通數位,42646755,0.00,30.00,第三方支付手續費,金錢,臺北市南港區****,,
315,戴瑋姍,107年直轄市議員選舉,首次申報,1071129,人事費用支出,紀宜岑,F22*******,0.00,1330.00,工資或薪津,金錢,新北市新莊區****,,
316,戴瑋姍,107年直轄市議員選舉,首次申報,1071201,人事費用支出,李國綸,F12*******,0.00,5000.00,加班費或值班費,金錢,新北市新莊區****,0910*****,
317,戴瑋姍,107年直轄市議員選舉,首次申報,1071201,人事費用支出,李國綸,F12*******,0.00,26000.00,獎金或津貼,金錢,新北市新莊區****,0910*****,
318,戴瑋姍,107年直轄市議員選舉,首次申報,1071201,人事費用支出,李國綸,F12*******,0.00,30000.00,工資或薪津,金錢,新北市新莊區****,0910*****,
319,戴瑋姍,107年直轄市議員選舉,首次申報,1071201,人事費用支出,劉佩雯,F22*******,0.00,29000.00,工資或薪津,金錢,新北市三重區****,0952*****,
320,戴瑋姍,107年直轄市議員選舉,首次申報,1071201,人事費用支出,劉佩雯,F22*******,0.00,26000.00,獎金或津貼,金錢,新北市三重區****,0952*****,
321,戴瑋姍,107年直轄市議員選舉,首次申報,1071201,人事費用支出,劉佩雯,F22*******,0.00,5000.00,加班費或值班費,金錢,新北市三重區****,0952*****,
322,戴瑋姍,107年直轄市議員選舉,首次申報,1071201,人事費用支出,陳威文,K12*******,0.00,26000.00,獎金或津貼,金錢,新北市板橋區****,0956*****,
323,戴瑋姍,107年直轄市議員選舉,首次申報,1071201,人事費用支出,陳威文,K12*******,0.00,30000.00,工資或薪津,金錢,新北市板橋區****,0956*****,
324,戴瑋姍,107年直轄市議員選舉,首次申報,1071201,人事費用支出,楊有騰,K12*******,0.00,6000.00,加班費或值班費,金錢,新北市板橋區****,0952*****,
325,戴瑋姍,107年直轄市議員選舉,首次申報,1071201,人事費用支出,陳威文,K12*******,0.00,4000.00,加班費或值班費,金錢,新北市板橋區****,0956*****,
326,戴瑋姍,107年直轄市議員選舉,首次申報,1071201,人事費用支出,楊有騰,K12*******,0.00,32000.00,工資或薪津,金錢,新北市板橋區****,0952*****,
327,戴瑋姍,107年直轄市議員選舉,首次申報,1071201,人事費用支出,楊有騰,K12*******,0.00,20000.00,獎金或津貼,金錢,新北市板橋區****,0952*****,
328,戴瑋姍,107年直轄市議員選舉,首次申報,1071201,人事費用支出,許書綺,R22*******,0.00,26000.00,獎金或津貼,金錢,新北市三重區****,0976*****,
329,戴瑋姍,107年直轄市議員選舉,首次申報,1071201,人事費用支出,許書綺,R22*******,0.00,36000.00,工資或薪津,金錢,新北市三重區****,0976*****,
330,戴瑋姍,107年直轄市議員選舉,首次申報,1071203,雜支支出,言瑞開發科技股份有限公司,80641581,0.00,14668.00,租賃印表機之超張費用,金錢,臺北市大同區****,,
331,戴瑋姍,107年直轄市議員選舉,首次申報,1071203,人事費用支出,葉存恩,S12*******,0.00,943.00,工資或薪津,金錢,新北市淡水區****,,
332,戴瑋姍,107年直轄市議員選舉,首次申報,1071210,交通旅運支出,北基三民加油站,02031211,0.00,500.00,油資,金錢,新北市板橋區****,,
333,戴瑋姍,107年直轄市議員選舉,首次申報,1071211,雜支支出,宜家家具新莊店,28005569,0.00,1678.00,雜項購置或修繕費用,金錢,新北市新莊區****,,
334,戴瑋姍,107年直轄市議員選舉,首次申報,1071214,人事費用支出,勞保局,03769808,0.00,12474.00,勞保局月份助理勞保費,金錢,臺北市中正區****,,
335,戴瑋姍,107年直轄市議員選舉,首次申報,1071214,人事費用支出,健保署,08628407,0.00,7732.00,全民健康保險年月助理保險費,金錢,臺北市中正區****,,
336,戴瑋姍,107年直轄市議員選舉,首次申報,1071214,雜支支出,茶朵木冷飲店,37765695,0.00,3000.00,餐飲費用,金錢,新北市板橋區****,,
337,戴瑋姍,107年直轄市議員選舉,首次申報,1071215,雜支支出,花譜花屋,90900072,0.00,21000.00,花圈花籃費,金錢,臺北市中山區****,,
338,戴瑋姍,107年直轄市議員選舉,首次申報,1071215,租用競選辦事處支出,汪煥樺,H12*******,0.00,232000.00,租用競選辦事處費用年月至月共個月租金,金錢,臺北市松山區****,,
339,戴瑋姍,107年直轄市議員選舉,首次申報,1071224,人事費用支出,李國綸,F12*******,0.00,30000.00,工資或薪津,金錢,新北市新莊區****,0910*****,
340,戴瑋姍,107年直轄市議員選舉,首次申報,1071224,人事費用支出,劉佩雯,F22*******,0.00,29000.00,工資或薪津,金錢,新北市三重區****,0952*****,
341,戴瑋姍,107年直轄市議員選舉,首次申報,1071224,人事費用支出,陳威文,K12*******,0.00,30000.00,工資或薪津,金錢,新北市板橋區****,3000*****,
342,戴瑋姍,107年直轄市議員選舉,首次申報,1071224,人事費用支出,許書綺,R22*******,0.00,36000.00,工資或薪津,金錢,新北市三重區****,0976*****,
