﻿序號,擬參選人／政黨,選舉名稱,申報序號／年度,交易日期,收支科目,捐贈者／支出對象,身分證／統一編號,收入金額,支出金額,支出用途,金錢類,地址,聯絡電話,資料更正日期
1,鄭美琴,107年縣(市)議員選舉,首次申報,1071112,個人捐贈收入,林家名,J12*******,100000.00,0.00,,金錢,新竹縣竹北市****,,
2,鄭美琴,107年縣(市)議員選舉,首次申報,1071112,個人捐贈收入,鄭文檳,J12*******,100000.00,0.00,,金錢,新竹縣新埔鎮****,,
3,鄭美琴,107年縣(市)議員選舉,首次申報,1071112,個人捐贈收入,林愈恒,Q10*******,100000.00,0.00,,金錢,嘉義縣竹崎鄉****,,
4,鄭美琴,107年縣(市)議員選舉,首次申報,1071113,個人捐贈收入,曾美雲,J22*******,50000.00,0.00,,金錢,新北市板橋區****,,
5,鄭美琴,107年縣(市)議員選舉,首次申報,1071113,個人捐贈收入,林俞希,J22*******,60000.00,0.00,,金錢,新竹縣竹北市****,,
6,鄭美琴,107年縣(市)議員選舉,首次申報,1071114,個人捐贈收入,吳玉如,A22*******,70000.00,0.00,,金錢,新北市板橋區****,,
7,鄭美琴,107年縣(市)議員選舉,首次申報,1071114,個人捐贈收入,李奇威,J12*******,60000.00,0.00,,金錢,新竹縣竹北市****,,
8,鄭美琴,107年縣(市)議員選舉,首次申報,1071114,個人捐贈收入,鄭曉蘭,J22*******,80000.00,0.00,,金錢,新竹市武陵路****,,
9,鄭美琴,107年縣(市)議員選舉,首次申報,1071114,個人捐贈收入,林雅雲,J22*******,100000.00,0.00,,金錢,新竹縣竹北市****,,
10,鄭美琴,107年縣(市)議員選舉,首次申報,1071114,個人捐贈收入,陳虹錡,J22*******,100000.00,0.00,,金錢,新竹縣竹北市****,,
11,鄭美琴,107年縣(市)議員選舉,首次申報,1071114,個人捐贈收入,陳柏良,O10*******,100000.00,0.00,,金錢,竹北市竹仁里****,,
12,鄭美琴,107年縣(市)議員選舉,首次申報,1071116,個人捐贈收入,鄭書凱,J12*******,70000.00,0.00,,金錢,新竹縣竹北市****,,
13,鄭美琴,107年縣(市)議員選舉,首次申報,1071116,個人捐贈收入,鄭書帆,J12*******,50000.00,0.00,,金錢,新竹縣竹北市****,,
14,鄭美琴,107年縣(市)議員選舉,首次申報,1071116,個人捐贈收入,田瑞鈴,J22*******,80000.00,0.00,,金錢,新竹縣竹北市****,,
15,鄭美琴,107年縣(市)議員選舉,首次申報,1071116,個人捐贈收入,林雅智,J22*******,100000.00,0.00,,金錢,新竹縣竹北市****,,
16,鄭美琴,107年縣(市)議員選舉,首次申報,1071116,個人捐贈收入,鄭麗卿,J22*******,40000.00,0.00,,金錢,新竹縣竹北市****,,
17,鄭美琴,107年縣(市)議員選舉,首次申報,1071121,個人捐贈收入,林文禮,J10*******,60000.00,0.00,,金錢,新竹縣竹北市****,,
18,鄭美琴,107年縣(市)議員選舉,首次申報,1071121,個人捐贈收入,鄭文炫,J12*******,80000.00,0.00,,金錢,新竹縣竹北市****,,
19,鄭美琴,107年縣(市)議員選舉,首次申報,1071121,個人捐贈收入,鄭書婓,J22*******,50000.00,0.00,,金錢,新竹縣竹北市****,,
20,鄭美琴,107年縣(市)議員選舉,首次申報,1071121,個人捐贈收入,黃詠靖,R12*******,70000.00,0.00,,金錢,新竹縣竹北市****,,
21,鄭美琴,107年縣(市)議員選舉,首次申報,1071122,個人捐贈收入,彭明偉,F12*******,58000.00,0.00,,金錢,新竹市東區龍****,,
22,鄭美琴,107年縣(市)議員選舉,首次申報,1071122,個人捐贈收入,張茵茹,T22*******,50000.00,0.00,,金錢,新竹縣竹北市****,,
23,鄭美琴,107年縣(市)議員選舉,首次申報,1071221,其他收入,利息收入,,66.00,0.00,,金錢,,,
