﻿序號,擬參選人／政黨,選舉名稱,申報序號／年度,交易日期,收支科目,捐贈者／支出對象,身分證／統一編號,收入金額,支出金額,支出用途,金錢類,地址,聯絡電話,資料更正日期
1,蔡其昌,109年立法委員選舉,首次申報,1080712,營利事業捐贈收入,翰柏企業股份有限公司,55701694,100000.00,0.00,,金錢,臺中市清水區****,04-2*****,
2,蔡其昌,109年立法委員選舉,首次申報,1080719,營利事業捐贈收入,漢坤國際醫療股份有限公司,80055575,300000.00,0.00,,金錢,臺中市中區台****,04-2*****,
3,蔡其昌,109年立法委員選舉,首次申報,1080719,個人捐贈收入,莊鶴麟,L12*******,100000.00,0.00,,金錢,臺中市中區台****,,
4,蔡其昌,109年立法委員選舉,首次申報,1080719,個人捐贈收入,何至(木菊),L22*******,100000.00,0.00,,金錢,臺中市中區台****,04-2*****,
5,蔡其昌,109年立法委員選舉,首次申報,1080722,個人捐贈收入,邱黎光,B10*******,100000.00,0.00,,金錢,臺中市西屯區****,0935*****,
6,蔡其昌,109年立法委員選舉,首次申報,1080722,個人捐贈收入,陳乃毅,L12*******,50000.00,0.00,,金錢,臺中市神岡區****,0988*****,
7,蔡其昌,109年立法委員選舉,首次申報,1080722,個人捐贈收入,陳蓀裕,M12*******,100000.00,0.00,,金錢,臺中市南屯區****,0936*****,
8,蔡其昌,109年立法委員選舉,首次申報,1080722,個人捐贈收入,張桂花,Y20*******,100000.00,0.00,,金錢,臺中市西屯區****,0937*****,
9,蔡其昌,109年立法委員選舉,首次申報,1080724,個人捐贈收入,陳楊水錦,N20*******,100000.00,0.00,,金錢,新北市三重區****,0933*****,
10,蔡其昌,109年立法委員選舉,首次申報,1080725,個人捐贈收入,黃鳳嬌,G20*******,100000.00,0.00,,金錢,新北市中和區****,0929*****,
11,蔡其昌,109年立法委員選舉,首次申報,1080816,個人捐贈收入,劉王來好,B20*******,100000.00,0.00,,金錢,臺中市梧棲區****,0958*****,
12,蔡其昌,109年立法委員選舉,首次申報,1080816,個人捐贈收入,何福家,L10*******,100000.00,0.00,,金錢,臺中市梧棲區****,0928*****,
13,蔡其昌,109年立法委員選舉,首次申報,1080816,個人捐贈收入,李東澤,L12*******,100000.00,0.00,,金錢,臺中市梧棲區****,0955*****,
14,蔡其昌,109年立法委員選舉,首次申報,1080816,個人捐贈收入,何順智,L12*******,100000.00,0.00,,金錢,臺中市梧棲區****,0911*****,
15,蔡其昌,109年立法委員選舉,首次申報,1080816,個人捐贈收入,劉廷坤,L12*******,100000.00,0.00,,金錢,臺中市梧棲區****,0958*****,
16,蔡其昌,109年立法委員選舉,首次申報,1080816,個人捐贈收入,何順藤,L12*******,100000.00,0.00,,金錢,臺中市梧棲區****,0928*****,
17,蔡其昌,109年立法委員選舉,首次申報,1080816,個人捐贈收入,何張瑞喜,L22*******,100000.00,0.00,,金錢,臺中市梧棲區****,0963*****,
18,蔡其昌,109年立法委員選舉,首次申報,1080816,個人捐贈收入,何美尖,L22*******,100000.00,0.00,,金錢,臺中市梧棲區****,0963*****,
19,蔡其昌,109年立法委員選舉,首次申報,1080816,個人捐贈收入,何美粒,L22*******,100000.00,0.00,,金錢,臺中市梧棲區****,0958*****,
20,蔡其昌,109年立法委員選舉,首次申報,1080816,個人捐贈收入,范國珍,U22*******,100000.00,0.00,,金錢,臺中市梧棲區****,0933*****,
21,蔡其昌,109年立法委員選舉,首次申報,1080829,個人捐贈收入,黃鈺婷,E22*******,100000.00,0.00,,金錢,臺中市大雅區****,0988*****,
22,蔡其昌,109年立法委員選舉,首次申報,1080829,個人捐贈收入,簡三通,F12*******,100000.00,0.00,,金錢,臺中市大雅區****,0918*****,
23,蔡其昌,109年立法委員選舉,首次申報,1080829,個人捐贈收入,陳加欣,L12*******,100000.00,0.00,,金錢,臺中市大雅區****,0927*****,
24,蔡其昌,109年立法委員選舉,首次申報,1080829,個人捐贈收入,林聰祥,L12*******,100000.00,0.00,,金錢,臺中市大雅區****,0936*****,
25,蔡其昌,109年立法委員選舉,首次申報,1080829,個人捐贈收入,林鴻裕,L12*******,100000.00,0.00,,金錢,臺中市大雅區****,0923*****,
26,蔡其昌,109年立法委員選舉,首次申報,1080829,個人捐贈收入,郭仲淵,L12*******,100000.00,0.00,,金錢,臺中市大雅區****,0989*****,
27,蔡其昌,109年立法委員選舉,首次申報,1080829,個人捐贈收入,曾啟城,L12*******,100000.00,0.00,,金錢,臺中市大雅區****,0953*****,
28,蔡其昌,109年立法委員選舉,首次申報,1080829,個人捐贈收入,郭清鴻,L12*******,100000.00,0.00,,金錢,臺中市大雅區****,0931*****,
29,蔡其昌,109年立法委員選舉,首次申報,1080829,個人捐贈收入,呂振宗,M10*******,100000.00,0.00,,金錢,臺中市大雅區****,0933*****,
30,蔡其昌,109年立法委員選舉,首次申報,1080829,個人捐贈收入,曾健政,M12*******,100000.00,0.00,,金錢,臺中市大雅區****,0928*****,
31,蔡其昌,109年立法委員選舉,首次申報,1080829,個人捐贈收入,陳俊安,M12*******,100000.00,0.00,,金錢,臺中市大雅區****,0937*****,
32,蔡其昌,109年立法委員選舉,首次申報,1080829,個人捐贈收入,陳堂評,M12*******,100000.00,0.00,,金錢,臺中市大雅區****,0919*****,
33,蔡其昌,109年立法委員選舉,首次申報,1080829,個人捐贈收入,趙宮志,N12*******,100000.00,0.00,,金錢,臺中市大雅區****,0970*****,
34,蔡其昌,109年立法委員選舉,首次申報,1080829,個人捐贈收入,葉俊卿,N12*******,100000.00,0.00,,金錢,臺中市大雅區****,0918*****,
35,蔡其昌,109年立法委員選舉,首次申報,1080829,個人捐贈收入,陳森麟,P12*******,100000.00,0.00,,金錢,臺中市大雅區****,0956*****,
36,蔡其昌,109年立法委員選舉,首次申報,1080829,個人捐贈收入,黃吳秀鴦,P22*******,100000.00,0.00,,金錢,臺中市大雅區****,0918*****,
37,蔡其昌,109年立法委員選舉,首次申報,1080829,個人捐贈收入,楊博喻,Q12*******,100000.00,0.00,,金錢,臺中市大雅區****,0955*****,
38,蔡其昌,109年立法委員選舉,首次申報,1080829,個人捐贈收入,黃耀城,Q12*******,100000.00,0.00,,金錢,臺中市大雅區****,0972*****,
39,蔡其昌,109年立法委員選舉,首次申報,1080829,個人捐贈收入,蔡耀毅,Q12*******,100000.00,0.00,,金錢,臺中市大雅區****,0920*****,
40,蔡其昌,109年立法委員選舉,首次申報,1080829,個人捐贈收入,洪秀蘭,R22*******,100000.00,0.00,,金錢,臺中市大雅區****,0921*****,
41,蔡其昌,109年立法委員選舉,首次申報,1080904,營利事業捐贈收入,威帝建設股份有限公司,20751423,200000.00,0.00,,金錢,新北市新店區****,0289*****,
42,蔡其昌,109年立法委員選舉,首次申報,1080918,政黨捐贈收入,民主進步黨,政黨證字第16號,1000000.00,0.00,,金錢,台北市北平東****,(02)*****,
43,蔡其昌,109年立法委員選舉,首次申報,1080923,個人捐贈收入,許小鵬,L20*******,100000.00,0.00,,金錢,臺中市清水區****,0958*****,
44,蔡其昌,109年立法委員選舉,首次申報,1080925,營利事業捐贈收入,景昱有限公司,22296153,100000.00,0.00,,金錢,臺中市西屯區****,0952*****,
45,蔡其昌,109年立法委員選舉,首次申報,1080925,個人捐贈收入,葉強,A12*******,100000.00,0.00,,金錢,臺中市北區金****,0910*****,
46,蔡其昌,109年立法委員選舉,首次申報,1080925,個人捐贈收入,黃永來,L12*******,100000.00,0.00,,金錢,臺中市大甲區****,0910*****,
47,蔡其昌,109年立法委員選舉,首次申報,1080925,個人捐贈收入,陳宜柔,L22*******,100000.00,0.00,,金錢,臺中市西區中****,0913*****,
48,蔡其昌,109年立法委員選舉,首次申報,1080925,個人捐贈收入,王坊琪,V22*******,100000.00,0.00,,金錢,臺中市北屯區****,0955*****,
49,蔡其昌,109年立法委員選舉,首次申報,1080925,個人捐贈收入,張玉玲,Y22*******,100000.00,0.00,,金錢,臺中市北區金****,0935*****,
50,蔡其昌,109年立法委員選舉,首次申報,1080926,營利事業捐贈收入,大雲建設有限公司,54586471,200000.00,0.00,,金錢,臺中市大甲區****,0910*****,
51,蔡其昌,109年立法委員選舉,首次申報,1080926,個人捐贈收入,林建廷,F12*******,100000.00,0.00,,金錢,新北市中和區****,0917*****,
52,蔡其昌,109年立法委員選舉,首次申報,1080927,個人捐贈收入,林明輝,B12*******,100000.00,0.00,,金錢,臺中市西屯區****,04-2*****,
53,蔡其昌,109年立法委員選舉,首次申報,1081001,個人捐贈收入,趙秀文,L20*******,100000.00,0.00,,金錢,臺中市北屯區****,04-2*****,
54,蔡其昌,109年立法委員選舉,首次申報,1081002,個人捐贈收入,陳新和,B12*******,100000.00,0.00,,金錢,臺中市北區錦****,0910*****,
55,蔡其昌,109年立法委員選舉,首次申報,1081002,個人捐贈收入,林熊婉娟,J22*******,100000.00,0.00,,金錢,臺北市松山區****,0978*****,
56,蔡其昌,109年立法委員選舉,首次申報,1081002,個人捐贈收入,林鎮業,N12*******,100000.00,0.00,,金錢,臺北市松山區****,0939*****,
57,蔡其昌,109年立法委員選舉,首次申報,1081002,個人捐贈收入,熊劉玉華,S20*******,100000.00,0.00,,金錢,臺北市信義區****,0966*****,
58,蔡其昌,109年立法委員選舉,首次申報,1081002,個人捐贈收入,熊湘台,Y10*******,100000.00,0.00,,金錢,臺北市信義區****,0919*****,
59,蔡其昌,109年立法委員選舉,首次申報,1081004,個人捐贈收入,王御黛,S22*******,100000.00,0.00,,金錢,高雄市鳳山區****,0935*****,
60,蔡其昌,109年立法委員選舉,首次申報,1081004,個人捐贈收入,鄭尊仁,T12*******,100000.00,0.00,,金錢,高雄市苓雅區****,0935*****,
61,蔡其昌,109年立法委員選舉,首次申報,1081005,個人捐贈收入,陳美智,E22*******,100000.00,0.00,,金錢,高雄市苓雅區****,0935*****,
62,蔡其昌,109年立法委員選舉,首次申報,1081005,個人捐贈收入,吳秀真,Q20*******,100000.00,0.00,,金錢,高雄市苓雅區****,0935*****,
63,蔡其昌,109年立法委員選舉,首次申報,1081005,個人捐贈收入,林湘江,S10*******,100000.00,0.00,,金錢,高雄市苓雅區****,0935*****,
64,蔡其昌,109年立法委員選舉,首次申報,1081005,個人捐贈收入,楊王進,S12*******,100000.00,0.00,,金錢,高雄市鳳山區****,0935*****,
65,蔡其昌,109年立法委員選舉,首次申報,1081005,個人捐贈收入,阮珮綸,S22*******,100000.00,0.00,,金錢,高雄市苓雅區****,0935*****,
66,蔡其昌,109年立法委員選舉,首次申報,1081005,個人捐贈收入,鄭豐富,T10*******,100000.00,0.00,,金錢,高雄市苓雅區****,0935*****,
67,蔡其昌,109年立法委員選舉,首次申報,1081005,個人捐贈收入,鄭吉成,T12*******,100000.00,0.00,,金錢,高雄市苓雅區****,0935*****,
68,蔡其昌,109年立法委員選舉,首次申報,1081005,個人捐贈收入,林櫻,T20*******,100000.00,0.00,,金錢,高雄市苓雅區****,0935*****,
69,蔡其昌,109年立法委員選舉,首次申報,1081015,個人捐贈收入,龔煜珊,B22*******,100000.00,0.00,,金錢,臺中市西區五****,0919*****,
70,蔡其昌,109年立法委員選舉,首次申報,1081015,個人捐贈收入,林盈課,T12*******,100000.00,0.00,,金錢,臺中市西區五****,0919*****,
71,蔡其昌,109年立法委員選舉,首次申報,1081016,匿名捐贈,匿名,,100.00,0.00,,金錢,,,
72,蔡其昌,109年立法委員選舉,首次申報,1081016,匿名捐贈,匿名,,100.00,0.00,,金錢,,,
73,蔡其昌,109年立法委員選舉,首次申報,1081016,匿名捐贈,匿名,,100.00,0.00,,金錢,,,
74,蔡其昌,109年立法委員選舉,首次申報,1081016,匿名捐贈,匿名,,100.00,0.00,,金錢,,,
75,蔡其昌,109年立法委員選舉,首次申報,1081016,匿名捐贈,匿名,,100.00,0.00,,金錢,,,
76,蔡其昌,109年立法委員選舉,首次申報,1081016,匿名捐贈,匿名,,100.00,0.00,,金錢,,,
77,蔡其昌,109年立法委員選舉,首次申報,1081016,匿名捐贈,匿名,,100.00,0.00,,金錢,,,
78,蔡其昌,109年立法委員選舉,首次申報,1081016,匿名捐贈,匿名,,100.00,0.00,,金錢,,,
79,蔡其昌,109年立法委員選舉,首次申報,1081016,個人捐贈收入,許國庭,L12*******,200.00,0.00,,金錢,臺中市大安區****,0928*****,
80,蔡其昌,109年立法委員選舉,首次申報,1081016,個人捐贈收入,林國義,L12*******,200.00,0.00,,金錢,臺中市清水區****,0989*****,
81,蔡其昌,109年立法委員選舉,首次申報,1081016,個人捐贈收入,黃冠傑,O10*******,100.00,0.00,,金錢,新竹市中山路****,0983*****,
82,蔡其昌,109年立法委員選舉,首次申報,1081017,個人捐贈收入,黃順隆,B12*******,100000.00,0.00,,金錢,新竹市武陵路****,0936*****,
83,蔡其昌,109年立法委員選舉,首次申報,1081017,個人捐贈收入,趙駿諭,B12*******,100000.00,0.00,,金錢,臺中市中區成****,0938*****,
84,蔡其昌,109年立法委員選舉,首次申報,1081017,個人捐贈收入,劉榮煌,B12*******,100000.00,0.00,,金錢,臺中市西區中****,0913*****,
85,蔡其昌,109年立法委員選舉,首次申報,1081017,個人捐贈收入,楊為嵩,B12*******,100000.00,0.00,,金錢,臺中市北區漢****,0913*****,
86,蔡其昌,109年立法委員選舉,首次申報,1081017,個人捐贈收入,張雅惠,L22*******,100000.00,0.00,,金錢,臺中市西區存****,0925*****,
87,蔡其昌,109年立法委員選舉,首次申報,1081017,個人捐贈收入,朱永裕,N12*******,100000.00,0.00,,金錢,彰化縣員林市****,0931*****,
88,蔡其昌,109年立法委員選舉,首次申報,1081017,政黨捐贈收入,民主進步黨,政黨證字第16號,950000.00,0.00,,金錢,台北市北平東****,(02)*****,
89,蔡其昌,109年立法委員選舉,首次申報,1081018,匿名捐贈,匿名,,1000.00,0.00,,金錢,,,
90,蔡其昌,109年立法委員選舉,首次申報,1081018,匿名捐贈,匿名,,100.00,0.00,,金錢,,,
91,蔡其昌,109年立法委員選舉,首次申報,1081018,個人捐贈收入,羅蒼益,F12*******,100000.00,0.00,,金錢,臺中市北屯區****,0937*****,
92,蔡其昌,109年立法委員選舉,首次申報,1081018,個人捐贈收入,阮淑芬,H22*******,100000.00,0.00,,金錢,臺中市大安區****,0427*****,
93,蔡其昌,109年立法委員選舉,首次申報,1081018,個人捐贈收入,許宸樺,L12*******,100.00,0.00,,金錢,臺中市清水區****,0923*****,
94,蔡其昌,109年立法委員選舉,首次申報,1081018,個人捐贈收入,鄭嘉億,L12*******,100.00,0.00,,金錢,臺中市大甲區****,0938*****,
95,蔡其昌,109年立法委員選舉,首次申報,1081018,個人捐贈收入,吳羽涵,L22*******,100.00,0.00,,金錢,臺中市大甲區****,0976*****,
96,蔡其昌,109年立法委員選舉,首次申報,1081018,個人捐贈收入,林裕敏,P22*******,100000.00,0.00,,金錢,臺中市南區信****,0427*****,
97,蔡其昌,109年立法委員選舉,首次申報,1081021,個人捐贈收入,林靖,A12*******,100000.00,0.00,,金錢,臺北市士林區****,0932*****,
98,蔡其昌,109年立法委員選舉,首次申報,1081021,個人捐贈收入,李安倫,H22*******,100000.00,0.00,,金錢,臺北市中山區****,0921*****,
99,蔡其昌,109年立法委員選舉,首次申報,1081021,個人捐贈收入,張崇勤,N10*******,100000.00,0.00,,金錢,彰化縣彰化市****,0939*****,
100,蔡其昌,109年立法委員選舉,首次申報,1081021,個人捐贈收入,張哲睿,N12*******,100000.00,0.00,,金錢,臺中市西屯區****,,
101,蔡其昌,109年立法委員選舉,首次申報,1081021,個人捐贈收入,柯秉庠,N12*******,50000.00,0.00,,金錢,彰化縣芳苑鄉****,0426*****,
102,蔡其昌,109年立法委員選舉,首次申報,1081024,個人捐贈收入,楊添城,L10*******,1000.00,0.00,,金錢,臺中市梧棲區****,0910*****,
103,蔡其昌,109年立法委員選舉,首次申報,1081024,個人捐贈收入,顏俊成,L12*******,1175.00,0.00,,金錢,臺中市清水區****,0426*****,
104,蔡其昌,109年立法委員選舉,首次申報,1081024,個人捐贈收入,李志亮,L12*******,20000.00,0.00,,金錢,臺中市梧棲區****,0922*****,
105,蔡其昌,109年立法委員選舉,首次申報,1081028,個人捐贈收入,侯芬如,A22*******,100000.00,0.00,,金錢,臺中市西屯區****,0423*****,
106,蔡其昌,109年立法委員選舉,首次申報,1081028,個人捐贈收入,張戌金,K10*******,10000.00,0.00,,金錢,臺東縣臺東市****,0910*****,
107,蔡其昌,109年立法委員選舉,首次申報,1081028,個人捐贈收入,林澤輝,L12*******,100000.00,0.00,,金錢,南投縣南投市****,0933*****,
108,蔡其昌,109年立法委員選舉,首次申報,1081028,個人捐贈收入,林王月樓,L20*******,100000.00,0.00,,金錢,南投縣南投市****,0938*****,
109,蔡其昌,109年立法委員選舉,首次申報,1081028,個人捐贈收入,葉毓繡,Q20*******,100000.00,0.00,,金錢,臺中市西屯區****,0423*****,
110,蔡其昌,109年立法委員選舉,首次申報,1081028,個人捐贈收入,柳雅倫,T22*******,100000.00,0.00,,金錢,南投縣南投市****,0918*****,
111,蔡其昌,109年立法委員選舉,首次申報,1081029,個人捐贈收入,程谷川,T12*******,66000.00,0.00,,金錢,臺北市中正區****,0910*****,
112,蔡其昌,109年立法委員選舉,首次申報,1081104,營利事業捐贈收入,高偉精密科技股份有限公司,52762649,200000.00,0.00,,金錢,臺中市南屯區****,0423*****,
113,蔡其昌,109年立法委員選舉,首次申報,1081104,個人捐贈收入,黃呈玉,B10*******,100000.00,0.00,,金錢,彰化縣埤頭鄉****,0423*****,
114,蔡其昌,109年立法委員選舉,首次申報,1081104,個人捐贈收入,楊宏添,L12*******,100000.00,0.00,,金錢,臺中市梧棲區****,0932*****,
115,蔡其昌,109年立法委員選舉,首次申報,1081104,個人捐贈收入,王建和,L12*******,50000.00,0.00,,金錢,臺中市后里區****,0937*****,
116,蔡其昌,109年立法委員選舉,首次申報,1081106,營利事業捐贈收入,寶詠投資有限公司,43864151,200000.00,0.00,,金錢,臺北市中山區****,02-2*****,
117,蔡其昌,109年立法委員選舉,首次申報,1081106,個人捐贈收入,呂松裕,L12*******,100000.00,0.00,,金錢,臺中市西屯區****,0918*****,
118,蔡其昌,109年立法委員選舉,首次申報,1081107,個人捐贈收入,林奕杰,B12*******,100000.00,0.00,,金錢,臺中市太平區****,0422*****,
119,蔡其昌,109年立法委員選舉,首次申報,1081107,個人捐贈收入,林宗達,B12*******,100000.00,0.00,,金錢,臺中市太平區****,0422*****,
120,蔡其昌,109年立法委員選舉,首次申報,1081107,個人捐贈收入,吳佳徽,B22*******,100000.00,0.00,,金錢,臺中市太平區****,04-2*****,
121,蔡其昌,109年立法委員選舉,首次申報,1081107,個人捐贈收入,魏意穎,F22*******,100000.00,0.00,,金錢,臺北市中正區****,0934*****,
122,蔡其昌,109年立法委員選舉,首次申報,1081108,匿名捐贈,匿名,,10000.00,0.00,,金錢,,,
123,蔡其昌,109年立法委員選舉,首次申報,1081108,匿名捐贈,匿名,,100.00,0.00,,金錢,,,
124,蔡其昌,109年立法委員選舉,首次申報,1081108,匿名捐贈,匿名,,100.00,0.00,,金錢,,,
125,蔡其昌,109年立法委員選舉,首次申報,1081108,匿名捐贈,匿名,,100.00,0.00,,金錢,,,
126,蔡其昌,109年立法委員選舉,首次申報,1081108,個人捐贈收入,趙雅惠,B22*******,500.00,0.00,,金錢,臺中市大安區****,0963*****,
127,蔡其昌,109年立法委員選舉,首次申報,1081108,個人捐贈收入,洪勝雄,L12*******,200.00,0.00,,金錢,臺中市大甲區****,0913*****,
128,蔡其昌,109年立法委員選舉,首次申報,1081108,個人捐贈收入,陳淑美,L22*******,100.00,0.00,,金錢,臺中市外埔區****,0937*****,
129,蔡其昌,109年立法委員選舉,首次申報,1081108,個人捐贈收入,吳明富,N10*******,100000.00,0.00,,金錢,臺北市大安區****,0933*****,
130,蔡其昌,109年立法委員選舉,首次申報,1081108,個人捐贈收入,吳雅慧,T22*******,100000.00,0.00,,金錢,臺北市中山區****,0225*****,
131,蔡其昌,109年立法委員選舉,首次申報,1081111,個人捐贈收入,蔡佳宏,A12*******,100000.00,0.00,,金錢,臺北市中山區****,0225*****,
132,蔡其昌,109年立法委員選舉,首次申報,1081111,個人捐贈收入,林儀,G22*******,100000.00,0.00,,金錢,臺北市中山區****,0225*****,
133,蔡其昌,109年立法委員選舉,首次申報,1081111,個人捐贈收入,陳娜惠,L22*******,100000.00,0.00,,金錢,臺北市中山區****,0225*****,
134,蔡其昌,109年立法委員選舉,首次申報,1081111,個人捐贈收入,李貞蓉,R22*******,100000.00,0.00,,金錢,臺北市中山區****,0225*****,
135,蔡其昌,109年立法委員選舉,首次申報,1081112,營利事業捐贈收入,皇將科技股份有限公司,80234971,200000.00,0.00,,金錢,臺中市大里區****,0910*****,
136,蔡其昌,109年立法委員選舉,首次申報,1081112,個人捐贈收入,蔡柳東,L12*******,68000.00,0.00,,金錢,臺中市清水區****,0426*****,
137,蔡其昌,109年立法委員選舉,首次申報,1081114,營利事業捐贈收入,吉泰空調設備有限公司,54889307,100000.00,0.00,,金錢,臺中市烏日區****,0423*****,
138,蔡其昌,109年立法委員選舉,首次申報,1081115,營利事業捐贈收入,御博生物科技有限公司,28073947,50000.00,0.00,,金錢,臺中市西區永****,0423*****,
139,蔡其昌,109年立法委員選舉,首次申報,1081115,個人捐贈收入,林壽森,Q12*******,100000.00,0.00,,金錢,臺中市西屯區****,0427*****,
140,蔡其昌,109年立法委員選舉,首次申報,1081118,營利事業捐贈收入,鐿鈦科技股份有限公司,27473348,500000.00,0.00,,金錢,臺中市南屯區****,0423*****,
141,蔡其昌,109年立法委員選舉,首次申報,1081118,個人捐贈收入,魏若傑,A22*******,100000.00,0.00,,金錢,臺中市南屯區****,0423*****,
142,蔡其昌,109年立法委員選舉,首次申報,1081118,個人捐贈收入,林博毅,F12*******,30000.00,0.00,,金錢,臺中市沙鹿區****,,
143,蔡其昌,109年立法委員選舉,首次申報,1081118,個人捐贈收入,陳加堉,L12*******,30000.00,0.00,,金錢,臺中市清水區****,,
144,蔡其昌,109年立法委員選舉,首次申報,1081118,個人捐贈收入,吳俊錠,P12*******,50000.00,0.00,,金錢,臺中市北屯區****,0935*****,
145,蔡其昌,109年立法委員選舉,首次申報,1081118,個人捐贈收入,林俊男,R12*******,100000.00,0.00,,金錢,臺中市南屯區****,0423*****,
146,蔡其昌,109年立法委員選舉,首次申報,1081119,匿名捐贈,李銘欽,,3000.00,0.00,,金錢,,,
147,蔡其昌,109年立法委員選舉,首次申報,1081119,營利事業捐贈收入,榕國投資股份有限公司,27790941,200000.00,0.00,,金錢,臺中市南屯區****,0424*****,
148,蔡其昌,109年立法委員選舉,首次申報,1081119,營利事業捐贈收入,拓凱實業股份有限公司,52590175,200000.00,0.00,,金錢,臺中市南屯區****,0423*****,
149,蔡其昌,109年立法委員選舉,首次申報,1081119,營利事業捐贈收入,亷碩貿易有限公司,82792509,300000.00,0.00,,金錢,臺中市北屯區****,0912*****,
150,蔡其昌,109年立法委員選舉,首次申報,1081119,個人捐贈收入,陳正夫,B10*******,66000.00,0.00,,金錢,臺中市西屯區****,0987*****,
151,蔡其昌,109年立法委員選舉,首次申報,1081119,個人捐贈收入,陶博威,J12*******,100000.00,0.00,,金錢,臺中市中區柳****,,
152,蔡其昌,109年立法委員選舉,首次申報,1081119,個人捐贈收入,吳明珠,L22*******,100000.00,0.00,,金錢,臺中市北屯區****,,
153,蔡其昌,109年立法委員選舉,首次申報,1081119,個人捐贈收入,張啟城,N12*******,100000.00,0.00,,金錢,彰化縣彰化市****,0932*****,
154,蔡其昌,109年立法委員選舉,首次申報,1081119,個人捐贈收入,吳淑娟,P22*******,100000.00,0.00,,金錢,彰化縣彰化市****,0932*****,
155,蔡其昌,109年立法委員選舉,首次申報,1081119,個人捐贈收入,謝文彥,T12*******,100000.00,0.00,,金錢,臺中市北區華****,,
156,蔡其昌,109年立法委員選舉,首次申報,1081121,營利事業捐贈收入,展逸國際企業股份有限公司,50858268,66000.00,0.00,,金錢,臺北市信義區****,0912*****,
157,蔡其昌,109年立法委員選舉,首次申報,1081121,個人捐贈收入,陳世騎,L12*******,100000.00,0.00,,金錢,臺中市梧棲區****,0426*****,
158,蔡其昌,109年立法委員選舉,首次申報,1081122,個人捐贈收入,林益宏,B12*******,100000.00,0.00,,金錢,臺中市豐原區****,0928*****,
159,蔡其昌,109年立法委員選舉,首次申報,1081122,個人捐贈收入,林淑棻,B22*******,100000.00,0.00,,金錢,臺中市豐原區****,0932*****,
160,蔡其昌,109年立法委員選舉,首次申報,1081122,個人捐贈收入,陸象山,L12*******,100000.00,0.00,,金錢,臺中市豐原區****,0937*****,
161,蔡其昌,109年立法委員選舉,首次申報,1081122,個人捐贈收入,許乃曰,L12*******,100000.00,0.00,,金錢,臺中市清水區****,,
162,蔡其昌,109年立法委員選舉,首次申報,1081122,個人捐贈收入,羅三國,R10*******,100000.00,0.00,,金錢,臺南市東區龍****,,
163,蔡其昌,109年立法委員選舉,首次申報,1081125,營利事業捐贈收入,威典投資股份有限公司,97072654,100000.00,0.00,,金錢,臺中市大里區****,0424*****,
164,蔡其昌,109年立法委員選舉,首次申報,1081125,個人捐贈收入,林麗雅,A20*******,100000.00,0.00,,金錢,臺中市南屯區****,0424*****,
165,蔡其昌,109年立法委員選舉,首次申報,1081125,個人捐贈收入,林錫盈,B10*******,100000.00,0.00,,金錢,臺中市南屯區****,0424*****,
166,蔡其昌,109年立法委員選舉,首次申報,1081125,個人捐贈收入,王冠祥,B12*******,100000.00,0.00,,金錢,臺中市大里區****,0424*****,
167,蔡其昌,109年立法委員選舉,首次申報,1081125,個人捐贈收入,歐宴泉,B12*******,100000.00,0.00,,金錢,臺中市西屯區****,,
168,蔡其昌,109年立法委員選舉,首次申報,1081125,個人捐贈收入,陳思齊,E12*******,100000.00,0.00,,金錢,新北市三重區****,,
169,蔡其昌,109年立法委員選舉,首次申報,1081125,個人捐贈收入,陳雅怡,E22*******,100000.00,0.00,,金錢,臺中市沙鹿區****,,
170,蔡其昌,109年立法委員選舉,首次申報,1081125,個人捐贈收入,趙再標,G10*******,100000.00,0.00,,金錢,臺中市梧棲區****,0928*****,
171,蔡其昌,109年立法委員選舉,首次申報,1081125,個人捐贈收入,趙品盛,L12*******,100000.00,0.00,,金錢,臺中市梧棲區****,0911*****,
172,蔡其昌,109年立法委員選舉,首次申報,1081125,個人捐贈收入,林育賜,L12*******,100000.00,0.00,,金錢,臺中市外埔區****,0988*****,
173,蔡其昌,109年立法委員選舉,首次申報,1081125,個人捐贈收入,楊竣揮,L12*******,2000.00,0.00,,金錢,臺中市梧棲區****,,
174,蔡其昌,109年立法委員選舉,首次申報,1081125,個人捐贈收入,吳肇鑫,N12*******,100000.00,0.00,,金錢,臺中市南屯區****,0426*****,
175,蔡其昌,109年立法委員選舉,首次申報,1081125,個人捐贈收入,謝國顯,N12*******,100000.00,0.00,,金錢,臺中市西屯區****,,
176,蔡其昌,109年立法委員選舉,首次申報,1081125,個人捐贈收入,莫順涼,N12*******,50000.00,0.00,,金錢,臺中市南屯區****,0910*****,
177,蔡其昌,109年立法委員選舉,首次申報,1081125,個人捐贈收入,張凱復,P12*******,100000.00,0.00,,金錢,臺中市大里區****,,
178,蔡其昌,109年立法委員選舉,首次申報,1081125,個人捐贈收入,許弘毅,P12*******,100000.00,0.00,,金錢,臺中市西屯區****,,
179,蔡其昌,109年立法委員選舉,首次申報,1081125,個人捐贈收入,廖湯欲,P20*******,100000.00,0.00,,金錢,雲林縣西螺鎮****,,
180,蔡其昌,109年立法委員選舉,首次申報,1081125,個人捐贈收入,廖美櫻,P20*******,100000.00,0.00,,金錢,臺中市后里區****,0928*****,
181,蔡其昌,109年立法委員選舉,首次申報,1081125,個人捐贈收入,鍾尚君,P22*******,100000.00,0.00,,金錢,臺中市后里區****,,
182,蔡其昌,109年立法委員選舉,首次申報,1081125,個人捐贈收入,林佳蓉,Q22*******,100000.00,0.00,,金錢,臺中市大里區****,0424*****,
183,蔡其昌,109年立法委員選舉,首次申報,1081126,個人捐贈收入,陳永閔,L10*******,50000.00,0.00,,金錢,臺中市西屯區****,,
184,蔡其昌,109年立法委員選舉,首次申報,1081127,營利事業捐贈收入,無限映像製作有限公司,12661954,100000.00,0.00,,金錢,臺北市中山區****,0937*****,
185,蔡其昌,109年立法委員選舉,首次申報,1081127,個人捐贈收入,李綠馨,K22*******,60000.00,0.00,,金錢,臺中市大甲區****,0928*****,
186,蔡其昌,109年立法委員選舉,首次申報,1081127,個人捐贈收入,蔡維銜,L10*******,100000.00,0.00,,金錢,臺中市清水區****,04-2*****,
187,蔡其昌,109年立法委員選舉,首次申報,1081127,個人捐贈收入,謝國勲,L10*******,10000.00,0.00,,金錢,臺中市清水區****,0958*****,
188,蔡其昌,109年立法委員選舉,首次申報,1081127,個人捐贈收入,沈明智,L12*******,60000.00,0.00,,金錢,臺中市大甲區****,0937*****,
189,蔡其昌,109年立法委員選舉,首次申報,1081127,個人捐贈收入,陳明章,L12*******,100000.00,0.00,,金錢,臺中市北屯區****,,
190,蔡其昌,109年立法委員選舉,首次申報,1081127,個人捐贈收入,陳綉菊,L22*******,100000.00,0.00,,金錢,臺中市大甲區****,0936*****,
191,蔡其昌,109年立法委員選舉,首次申報,1081127,個人捐贈收入,陳筑鈴,L22*******,20000.00,0.00,,金錢,彰化縣彰化市****,0937*****,
192,蔡其昌,109年立法委員選舉,首次申報,1081127,個人捐贈收入,林庭陞,N12*******,20000.00,0.00,,金錢,臺中市沙鹿區****,0933*****,
193,蔡其昌,109年立法委員選舉,首次申報,1081127,個人捐贈收入,趙志華,N12*******,3000.00,0.00,,金錢,臺中市清水區****,0928*****,
194,蔡其昌,109年立法委員選舉,首次申報,1081129,營利事業捐贈收入,保利鑫開發股份有限公司,53608011,100000.00,0.00,,金錢,臺中市南屯區****,0956*****,
195,蔡其昌,109年立法委員選舉,首次申報,1081129,個人捐贈收入,林阿堅,C10*******,100000.00,0.00,,金錢,臺中市梧棲區****,0935*****,
196,蔡其昌,109年立法委員選舉,首次申報,1081129,個人捐贈收入,林炳鏗,L10*******,30000.00,0.00,,金錢,臺中市龍井區****,0912*****,
197,蔡其昌,109年立法委員選舉,首次申報,1081129,個人捐贈收入,羅進添,L10*******,50000.00,0.00,,金錢,臺中市外埔區****,0905*****,
198,蔡其昌,109年立法委員選舉,首次申報,1081129,個人捐贈收入,洪俊銘,L12*******,10000.00,0.00,,金錢,臺中市梧棲區****,0983*****,
199,蔡其昌,109年立法委員選舉,首次申報,1081129,個人捐贈收入,謝淑琴,L22*******,50000.00,0.00,,金錢,臺中市梧棲區****,04-2*****,
200,蔡其昌,109年立法委員選舉,首次申報,1081129,個人捐贈收入,謝勝騏,N12*******,100000.00,0.00,,金錢,臺中市大雅區****,0932*****,
201,蔡其昌,109年立法委員選舉,首次申報,1081202,營利事業捐贈收入,中科國際物流股份有限公司,29182232,700000.00,0.00,,金錢,臺中市大雅區****,0425*****,
202,蔡其昌,109年立法委員選舉,首次申報,1081202,營利事業捐贈收入,豐泰興業股份有限公司,70719074,100000.00,0.00,,金錢,臺中市龍井區****,0426*****,
203,蔡其昌,109年立法委員選舉,首次申報,1081202,個人捐贈收入,陳千惠,A21*******,100000.00,0.00,,金錢,臺中市南區南****,0921*****,
204,蔡其昌,109年立法委員選舉,首次申報,1081202,個人捐贈收入,李宜忠,B12*******,100000.00,0.00,,金錢,臺北市信義區****,0928*****,
205,蔡其昌,109年立法委員選舉,首次申報,1081202,個人捐贈收入,唐寶華,B12*******,20000.00,0.00,,金錢,臺中市烏日區****,0935*****,
206,蔡其昌,109年立法委員選舉,首次申報,1081202,個人捐贈收入,林成翰,B12*******,100000.00,0.00,,金錢,臺中市北屯區****,0937*****,
207,蔡其昌,109年立法委員選舉,首次申報,1081202,個人捐贈收入,柯啟新,B12*******,66000.00,0.00,,金錢,臺中市北區新****,0988*****,
208,蔡其昌,109年立法委員選舉,首次申報,1081202,個人捐贈收入,李宜欣,B22*******,100000.00,0.00,,金錢,臺中市南區南****,0921*****,
209,蔡其昌,109年立法委員選舉,首次申報,1081202,個人捐贈收入,李宜庸,B22*******,100000.00,0.00,,金錢,臺中市南區南****,0921*****,
210,蔡其昌,109年立法委員選舉,首次申報,1081202,個人捐贈收入,黃雅緹,B22*******,50000.00,0.00,,金錢,臺中市北屯區****,0916*****,
211,蔡其昌,109年立法委員選舉,首次申報,1081202,個人捐贈收入,陳永昆,L10*******,20000.00,0.00,,金錢,臺中市沙鹿區****,0426*****,
212,蔡其昌,109年立法委員選舉,首次申報,1081202,個人捐贈收入,洪國智,L12*******,20000.00,0.00,,金錢,臺中市太平區****,0912*****,
213,蔡其昌,109年立法委員選舉,首次申報,1081202,個人捐贈收入,林裕欽,L12*******,100000.00,0.00,,金錢,臺中市南屯區****,0955*****,
214,蔡其昌,109年立法委員選舉,首次申報,1081202,個人捐贈收入,李孟達,L12*******,20000.00,0.00,,金錢,臺中市大雅區****,0937*****,
215,蔡其昌,109年立法委員選舉,首次申報,1081202,個人捐贈收入,張瓊芬,L22*******,50000.00,0.00,,金錢,臺中市豐原區****,0916*****,
216,蔡其昌,109年立法委員選舉,首次申報,1081202,個人捐贈收入,蔡淑貞,L22*******,100000.00,0.00,,金錢,臺中市大甲區****,0921*****,
217,蔡其昌,109年立法委員選舉,首次申報,1081202,個人捐贈收入,李豐裕,M10*******,100000.00,0.00,,金錢,臺中市龍井區****,0932*****,
218,蔡其昌,109年立法委員選舉,首次申報,1081202,個人捐贈收入,莊麗卿,M22*******,20000.00,0.00,,金錢,臺中市清水區****,0932*****,
219,蔡其昌,109年立法委員選舉,首次申報,1081202,個人捐贈收入,蕭世洪,N12*******,20000.00,0.00,,金錢,臺中市大里區****,0928*****,
220,蔡其昌,109年立法委員選舉,首次申報,1081202,個人捐贈收入,莊育誌,N12*******,100000.00,0.00,,金錢,臺中市中區台****,0422*****,
221,蔡其昌,109年立法委員選舉,首次申報,1081202,個人捐贈收入,賴進福,P10*******,50000.00,0.00,,金錢,臺中市北區大****,0423*****,
222,蔡其昌,109年立法委員選舉,首次申報,1081202,個人捐贈收入,黃東德,P12*******,100000.00,0.00,,金錢,臺中市大雅區****,0912*****,
223,蔡其昌,109年立法委員選舉,首次申報,1081202,個人捐贈收入,張肇宇,Q12*******,50000.00,0.00,,金錢,臺中市西區民****,0423*****,
224,蔡其昌,109年立法委員選舉,首次申報,1081202,個人捐贈收入,顏良達,R10*******,50000.00,0.00,,金錢,臺中市烏日區****,0932*****,
225,蔡其昌,109年立法委員選舉,首次申報,1081203,匿名捐贈,匿名,,2000.00,0.00,,金錢,,,
226,蔡其昌,109年立法委員選舉,首次申報,1081203,人民團體捐贈收入,臺中市旅館商業同業公會,,20000.00,0.00,,金錢,台中市北區忠****,04-2*****,
227,蔡其昌,109年立法委員選舉,首次申報,1081203,匿名捐贈,匿名,,100.00,0.00,,金錢,,,
228,蔡其昌,109年立法委員選舉,首次申報,1081203,匿名捐贈,匿名,,100.00,0.00,,金錢,,,
229,蔡其昌,109年立法委員選舉,首次申報,1081203,匿名捐贈,匿名,,200.00,0.00,,金錢,,,
230,蔡其昌,109年立法委員選舉,首次申報,1081203,匿名捐贈,匿名,,1000.00,0.00,,金錢,,,
231,蔡其昌,109年立法委員選舉,首次申報,1081203,匿名捐贈,匿名,,100.00,0.00,,金錢,,,
232,蔡其昌,109年立法委員選舉,首次申報,1081203,匿名捐贈,匿名,,200.00,0.00,,金錢,,,
233,蔡其昌,109年立法委員選舉,首次申報,1081203,匿名捐贈,匿名,,100.00,0.00,,金錢,,,
234,蔡其昌,109年立法委員選舉,首次申報,1081203,匿名捐贈,匿名,,900.00,0.00,,金錢,,,
235,蔡其昌,109年立法委員選舉,首次申報,1081203,匿名捐贈,匿名,,1000.00,0.00,,金錢,,,
236,蔡其昌,109年立法委員選舉,首次申報,1081203,匿名捐贈,匿名,,200.00,0.00,,金錢,,,
237,蔡其昌,109年立法委員選舉,首次申報,1081203,匿名捐贈,匿名,,300.00,0.00,,金錢,,,
238,蔡其昌,109年立法委員選舉,首次申報,1081203,匿名捐贈,匿名,,100.00,0.00,,金錢,,,
239,蔡其昌,109年立法委員選舉,首次申報,1081203,匿名捐贈,匿名,,200.00,0.00,,金錢,,,
240,蔡其昌,109年立法委員選舉,首次申報,1081203,匿名捐贈,匿名,,100.00,0.00,,金錢,,,
241,蔡其昌,109年立法委員選舉,首次申報,1081203,匿名捐贈,匿名,,100.00,0.00,,金錢,,,
242,蔡其昌,109年立法委員選舉,首次申報,1081203,匿名捐贈,匿名,,500.00,0.00,,金錢,,,
243,蔡其昌,109年立法委員選舉,首次申報,1081203,匿名捐贈,匿名,,200.00,0.00,,金錢,,,
244,蔡其昌,109年立法委員選舉,首次申報,1081203,匿名捐贈,匿名,,200.00,0.00,,金錢,,,
245,蔡其昌,109年立法委員選舉,首次申報,1081203,匿名捐贈,匿名,,100.00,0.00,,金錢,,,
246,蔡其昌,109年立法委員選舉,首次申報,1081203,營利事業捐贈收入,中投有線電視股份有限公司,16085715,500000.00,0.00,,金錢,臺中市大里區****,0437*****,
247,蔡其昌,109年立法委員選舉,首次申報,1081203,個人捐贈收入,施亮光,A12*******,100000.00,0.00,,金錢,臺北市中山區****,0939*****,
248,蔡其昌,109年立法委員選舉,首次申報,1081203,個人捐贈收入,周美玲,A21*******,1000.00,0.00,,金錢,臺中市大甲區****,0922*****,
249,蔡其昌,109年立法委員選舉,首次申報,1081203,個人捐贈收入,盧嬿如,A22*******,400.00,0.00,,金錢,臺北市大同區****,0913*****,
250,蔡其昌,109年立法委員選舉,首次申報,1081203,個人捐贈收入,廖文成,B12*******,200.00,0.00,,金錢,臺中市烏日區****,0911*****,
251,蔡其昌,109年立法委員選舉,首次申報,1081203,個人捐贈收入,謝淳美,B20*******,100.00,0.00,,金錢,臺中市西屯區****,,
252,蔡其昌,109年立法委員選舉,首次申報,1081203,個人捐贈收入,李姵臻,D22*******,100.00,0.00,,金錢,臺中市北屯區****,0988*****,
253,蔡其昌,109年立法委員選舉,首次申報,1081203,個人捐贈收入,王佑中,F12*******,100000.00,0.00,,金錢,臺北市中正區****,0919*****,
254,蔡其昌,109年立法委員選舉,首次申報,1081203,個人捐贈收入,王銘琪,J12*******,200.00,0.00,,金錢,臺中市梧棲區****,0917*****,
255,蔡其昌,109年立法委員選舉,首次申報,1081203,個人捐贈收入,王威期,L12*******,600.00,0.00,,金錢,臺中市大安區****,0932*****,
256,蔡其昌,109年立法委員選舉,首次申報,1081203,個人捐贈收入,蔡志華,L12*******,300.00,0.00,,金錢,臺中市梧棲區****,0931*****,
257,蔡其昌,109年立法委員選舉,首次申報,1081203,個人捐贈收入,謝建宏,L12*******,200.00,0.00,,金錢,臺中市外埔區****,0921*****,
258,蔡其昌,109年立法委員選舉,首次申報,1081203,個人捐贈收入,簡玉卿,L22*******,200.00,0.00,,金錢,臺中市大甲區****,0912*****,
259,蔡其昌,109年立法委員選舉,首次申報,1081203,個人捐贈收入,許錦榮,N12*******,50000.00,0.00,,金錢,新北市新店區****,0989*****,
260,蔡其昌,109年立法委員選舉,首次申報,1081203,個人捐贈收入,蔡木成,N12*******,100.00,0.00,,金錢,臺中市大甲區****,0930*****,
261,蔡其昌,109年立法委員選舉,首次申報,1081203,個人捐贈收入,賴江彩如,N20*******,300.00,0.00,,金錢,臺中市南屯區****,0920*****,
262,蔡其昌,109年立法委員選舉,首次申報,1081203,個人捐贈收入,張小慧,N22*******,100000.00,0.00,,金錢,新北市汐止區****,0921*****,
263,蔡其昌,109年立法委員選舉,首次申報,1081203,個人捐贈收入,邱浩昇,Q12*******,100.00,0.00,,金錢,臺中市太平區****,0927*****,
264,蔡其昌,109年立法委員選舉,首次申報,1081203,個人捐贈收入,鄭婷予,Q22*******,100.00,0.00,,金錢,嘉義縣中埔鄉****,0952*****,
265,蔡其昌,109年立法委員選舉,首次申報,1081203,個人捐贈收入,鄭龍民,S12*******,500.00,0.00,,金錢,臺中市清水區****,0912*****,
266,蔡其昌,109年立法委員選舉,首次申報,1081203,個人捐贈收入,林志賢,T12*******,100000.00,0.00,,金錢,新北市汐止區****,0958*****,
267,蔡其昌,109年立法委員選舉,首次申報,1081204,營利事業捐贈收入,登悅建設有限公司,53869991,200000.00,0.00,,金錢,臺中市南屯區****,0424*****,
268,蔡其昌,109年立法委員選舉,首次申報,1081204,營利事業捐贈收入,福壽實業股份有限公司,56192402,17700.00,0.00,,非金錢,臺中市沙鹿區****,,
269,蔡其昌,109年立法委員選舉,首次申報,1081204,個人捐贈收入,吳季軒,O10*******,100000.00,0.00,,金錢,新北市淡水區****,0989*****,
270,蔡其昌,109年立法委員選舉,首次申報,1081205,營利事業捐贈收入,臻裕企業有限公司,84622333,250000.00,0.00,,金錢,臺中市南屯區****,0424*****,
271,蔡其昌,109年立法委員選舉,首次申報,1081205,個人捐贈收入,蔡裕孔,L12*******,100000.00,0.00,,金錢,臺中市南屯區****,0955*****,
272,蔡其昌,109年立法委員選舉,首次申報,1081205,個人捐贈收入,陳華美,N22*******,50000.00,0.00,,金錢,臺中市南屯區****,0923*****,
273,蔡其昌,109年立法委員選舉,首次申報,1081206,營利事業捐贈收入,鋐源投資股份有限公司,80641843,200000.00,0.00,,金錢,臺中市大肚區****,0426*****,
274,蔡其昌,109年立法委員選舉,首次申報,1081206,個人捐贈收入,王曉丹,F22*******,100000.00,0.00,,金錢,新北市新店區****,0963*****,
275,蔡其昌,109年立法委員選舉,首次申報,1081206,個人捐贈收入,蔡孟航,L22*******,100000.00,0.00,,金錢,臺中市南屯區****,0424*****,
276,蔡其昌,109年立法委員選舉,首次申報,1081209,個人捐贈收入,莊秀石,A10*******,20000.00,0.00,,金錢,臺北市中山區****,02-6*****,
277,蔡其昌,109年立法委員選舉,首次申報,1081209,個人捐贈收入,陳祖祥,A12*******,100000.00,0.00,,金錢,臺中市西屯區****,0956*****,
278,蔡其昌,109年立法委員選舉,首次申報,1081209,個人捐贈收入,呂俊良,D12*******,100000.00,0.00,,金錢,臺北市文山區****,0922*****,
279,蔡其昌,109年立法委員選舉,首次申報,1081209,個人捐贈收入,林澤昌,L10*******,50000.00,0.00,,金錢,臺中市清水區****,0937*****,
280,蔡其昌,109年立法委員選舉,首次申報,1081209,個人捐贈收入,周進財,L10*******,10000.00,0.00,,金錢,臺中市沙鹿區****,0961*****,
281,蔡其昌,109年立法委員選舉,首次申報,1081209,個人捐贈收入,王春旺,L12*******,6000.00,0.00,,金錢,臺中市清水區****,0927*****,
282,蔡其昌,109年立法委員選舉,首次申報,1081209,個人捐贈收入,洪欽瑞,L12*******,100000.00,0.00,,金錢,臺中市清水區****,0935*****,
283,蔡其昌,109年立法委員選舉,首次申報,1081209,個人捐贈收入,紀俊吉,L12*******,20000.00,0.00,,金錢,臺中市大雅區****,0955*****,
284,蔡其昌,109年立法委員選舉,首次申報,1081209,個人捐贈收入,楊素麗,L22*******,100000.00,0.00,,金錢,臺中市霧峰區****,0930*****,
285,蔡其昌,109年立法委員選舉,首次申報,1081209,個人捐贈收入,劉淑娥,N20*******,50000.00,0.00,,金錢,臺中市南屯區****,0972*****,
286,蔡其昌,109年立法委員選舉,首次申報,1081209,個人捐贈收入,張錫坤,P10*******,50000.00,0.00,,金錢,臺中市清水區****,0937*****,
287,蔡其昌,109年立法委員選舉,首次申報,1081210,營利事業捐贈收入,好修科技股份有限公司,53066347,300000.00,0.00,,金錢,臺中市大肚區****,,
288,蔡其昌,109年立法委員選舉,首次申報,1081210,個人捐贈收入,陳宗鎮,L10*******,50000.00,0.00,,金錢,臺中市西區五****,0910*****,
289,蔡其昌,109年立法委員選舉,首次申報,1081210,個人捐贈收入,張承中,Y12*******,66000.00,0.00,,金錢,臺北市信義區****,0920*****,
290,蔡其昌,109年立法委員選舉,首次申報,1081211,營利事業捐贈收入,車王電子股份有限公司,04827138,500000.00,0.00,,金錢,臺中市大雅區****,0425*****,
291,蔡其昌,109年立法委員選舉,首次申報,1081211,營利事業捐贈收入,天下數位科技股份有限公司,24250359,120000.00,0.00,,金錢,臺中市北區漢****,0422*****,
292,蔡其昌,109年立法委員選舉,首次申報,1081211,個人捐贈收入,張承中,Y12*******,34000.00,0.00,,金錢,臺北市信義區****,0920*****,
293,蔡其昌,109年立法委員選舉,首次申報,1081212,營利事業捐贈收入,旭東機械工業股份有限公司,29182850,60000.00,0.00,,金錢,臺中市外埔區****,0426*****,
294,蔡其昌,109年立法委員選舉,首次申報,1081213,個人捐贈收入,葉其祥,B12*******,50000.00,0.00,,金錢,臺中市大肚區****,0919*****,
295,蔡其昌,109年立法委員選舉,首次申報,1081213,個人捐贈收入,藍毅生,B12*******,20000.00,0.00,,金錢,臺中市烏日區****,0423*****,
296,蔡其昌,109年立法委員選舉,首次申報,1081213,個人捐贈收入,林宗昌,B12*******,20000.00,0.00,,金錢,臺中市沙鹿區****,0426*****,
297,蔡其昌,109年立法委員選舉,首次申報,1081213,個人捐贈收入,魏重耀,B12*******,20000.00,0.00,,金錢,臺中市沙鹿區****,0426*****,
298,蔡其昌,109年立法委員選舉,首次申報,1081213,個人捐贈收入,胡翠琴,B20*******,100000.00,0.00,,金錢,臺中市南屯區****,0932*****,
299,蔡其昌,109年立法委員選舉,首次申報,1081213,個人捐贈收入,洪文雄,E10*******,20000.00,0.00,,金錢,臺中市清水區****,0933*****,
300,蔡其昌,109年立法委員選舉,首次申報,1081213,個人捐贈收入,李蓉芬,E22*******,100000.00,0.00,,金錢,臺中市西屯區****,0923*****,
301,蔡其昌,109年立法委員選舉,首次申報,1081213,個人捐贈收入,吳宗寶,G12*******,100000.00,0.00,,金錢,臺北市內湖區****,0936*****,
302,蔡其昌,109年立法委員選舉,首次申報,1081213,個人捐贈收入,劉文義,H12*******,20000.00,0.00,,金錢,臺中市外埔區****,0426*****,
303,蔡其昌,109年立法委員選舉,首次申報,1081213,個人捐贈收入,戴巧苓,J22*******,100000.00,0.00,,金錢,新竹縣竹東鎮****,0952*****,
304,蔡其昌,109年立法委員選舉,首次申報,1081213,個人捐贈收入,陳振昆,K12*******,30000.00,0.00,,金錢,臺中市清水區****,0426*****,
305,蔡其昌,109年立法委員選舉,首次申報,1081213,個人捐贈收入,葉彩勤,K22*******,10000.00,0.00,,金錢,臺中市太平區****,0972*****,
306,蔡其昌,109年立法委員選舉,首次申報,1081213,個人捐贈收入,蔡瑞來,L10*******,100000.00,0.00,,金錢,臺中市西區中****,04-2*****,
307,蔡其昌,109年立法委員選舉,首次申報,1081213,個人捐贈收入,陳安城,L10*******,60000.00,0.00,,金錢,臺中市大甲區****,0932*****,
308,蔡其昌,109年立法委員選舉,首次申報,1081213,個人捐贈收入,王榮輝,L10*******,20000.00,0.00,,金錢,臺中市沙鹿區****,0426*****,
309,蔡其昌,109年立法委員選舉,首次申報,1081213,個人捐贈收入,趙聰仁,L10*******,100000.00,0.00,,金錢,臺中市南屯區****,0932*****,
310,蔡其昌,109年立法委員選舉,首次申報,1081213,個人捐贈收入,王烟超,L12*******,100000.00,0.00,,金錢,臺中市梧棲區****,0937*****,
311,蔡其昌,109年立法委員選舉,首次申報,1081213,個人捐贈收入,蔡振昌,L12*******,100000.00,0.00,,金錢,臺中市西區中****,04-2*****,
312,蔡其昌,109年立法委員選舉,首次申報,1081213,個人捐贈收入,許培墩,L12*******,100000.00,0.00,,金錢,臺中市清水區****,0923*****,
313,蔡其昌,109年立法委員選舉,首次申報,1081213,個人捐贈收入,顏福瑩,L12*******,20000.00,0.00,,金錢,臺中市清水區****,0426*****,
314,蔡其昌,109年立法委員選舉,首次申報,1081213,個人捐贈收入,楊進隆,L12*******,10000.00,0.00,,金錢,臺中市西屯區****,0931*****,
315,蔡其昌,109年立法委員選舉,首次申報,1081213,個人捐贈收入,王錦飛,L12*******,30000.00,0.00,,金錢,臺中市清水區****,0989*****,
316,蔡其昌,109年立法委員選舉,首次申報,1081213,個人捐贈收入,蔡篤煌,L12*******,20000.00,0.00,,金錢,臺中市西屯區****,0988*****,
317,蔡其昌,109年立法委員選舉,首次申報,1081213,個人捐贈收入,林佳輝,L12*******,20000.00,0.00,,金錢,臺中市清水區****,0928*****,
318,蔡其昌,109年立法委員選舉,首次申報,1081213,個人捐贈收入,李德寅,L12*******,20000.00,0.00,,金錢,臺中市西屯區****,0928*****,
319,蔡其昌,109年立法委員選舉,首次申報,1081213,個人捐贈收入,陳清欽,L12*******,5000.00,0.00,,金錢,臺中市大甲區****,0923*****,
320,蔡其昌,109年立法委員選舉,首次申報,1081213,個人捐贈收入,劉煥瑛,L12*******,10000.00,0.00,,金錢,臺中市豐原區****,0933*****,
321,蔡其昌,109年立法委員選舉,首次申報,1081213,個人捐贈收入,蔡育仁,L12*******,50000.00,0.00,,金錢,臺中市清水區****,0939*****,
322,蔡其昌,109年立法委員選舉,首次申報,1081213,個人捐贈收入,王登源,L12*******,20000.00,0.00,,金錢,臺中市大甲區****,0912*****,
323,蔡其昌,109年立法委員選舉,首次申報,1081213,個人捐贈收入,李俊昌,L12*******,20000.00,0.00,,金錢,臺中市清水區****,0426*****,
324,蔡其昌,109年立法委員選舉,首次申報,1081213,個人捐贈收入,紀壯龍,L12*******,20000.00,0.00,,金錢,臺中市太平區****,0426*****,
325,蔡其昌,109年立法委員選舉,首次申報,1081213,個人捐贈收入,趙見福,L12*******,20000.00,0.00,,金錢,臺中市清水區****,0937*****,
326,蔡其昌,109年立法委員選舉,首次申報,1081213,個人捐贈收入,王俊卿,L12*******,20000.00,0.00,,金錢,臺中市西屯區****,0983*****,
327,蔡其昌,109年立法委員選舉,首次申報,1081213,個人捐贈收入,許林素杏,L20*******,100000.00,0.00,,金錢,桃園市中壢區****,0923*****,
328,蔡其昌,109年立法委員選舉,首次申報,1081213,個人捐贈收入,陳宗獻,M10*******,20000.00,0.00,,金錢,臺中市大里區****,0916*****,
329,蔡其昌,109年立法委員選舉,首次申報,1081213,個人捐贈收入,李明憲,M12*******,100000.00,0.00,,金錢,新竹縣竹東鎮****,0952*****,
330,蔡其昌,109年立法委員選舉,首次申報,1081213,個人捐贈收入,林釗尚,N12*******,20000.00,0.00,,金錢,臺中市西屯區****,0936*****,
331,蔡其昌,109年立法委員選舉,首次申報,1081213,個人捐贈收入,張漢昌,N12*******,20000.00,0.00,,金錢,臺中市大甲區****,0937*****,
332,蔡其昌,109年立法委員選舉,首次申報,1081213,個人捐贈收入,何子健,N12*******,20000.00,0.00,,金錢,臺中市清水區****,0426*****,
333,蔡其昌,109年立法委員選舉,首次申報,1081213,個人捐贈收入,蔡精龍,Q10*******,20000.00,0.00,,金錢,臺中市大甲區****,0426*****,
334,蔡其昌,109年立法委員選舉,首次申報,1081213,個人捐贈收入,林玉彪,R10*******,20000.00,0.00,,金錢,臺中市清水區****,0988*****,
335,蔡其昌,109年立法委員選舉,首次申報,1081213,個人捐贈收入,楊家豪,R12*******,20000.00,0.00,,金錢,臺中市梧棲區****,0426*****,
336,蔡其昌,109年立法委員選舉,首次申報,1081214,個人捐贈收入,王森巨,L12*******,100000.00,0.00,,非金錢,臺中市沙鹿區****,0426*****,
337,蔡其昌,109年立法委員選舉,首次申報,1081216,個人捐贈收入,洪文良,B12*******,100000.00,0.00,,金錢,臺中市南屯區****,,
338,蔡其昌,109年立法委員選舉,首次申報,1081216,個人捐贈收入,羅玲茹,B22*******,100000.00,0.00,,金錢,臺中市南屯區****,,
339,蔡其昌,109年立法委員選舉,首次申報,1081216,個人捐贈收入,李龍通,L10*******,50000.00,0.00,,金錢,臺中市外埔區****,0933*****,
340,蔡其昌,109年立法委員選舉,首次申報,1081216,個人捐贈收入,溫上琦,L12*******,100000.00,0.00,,金錢,臺中市外埔區****,0932*****,
341,蔡其昌,109年立法委員選舉,首次申報,1081216,個人捐贈收入,黃威勝,L12*******,100000.00,0.00,,金錢,臺中市外埔區****,0935*****,
342,蔡其昌,109年立法委員選舉,首次申報,1081216,個人捐贈收入,黃敦修,L12*******,100000.00,0.00,,金錢,臺中市外埔區****,04-2*****,
343,蔡其昌,109年立法委員選舉,首次申報,1081216,個人捐贈收入,顏貽聰,L12*******,100000.00,0.00,,金錢,臺中市清水區****,0933*****,
344,蔡其昌,109年立法委員選舉,首次申報,1081216,個人捐贈收入,朱志民,L12*******,100000.00,0.00,,金錢,臺中市外埔區****,0937*****,
345,蔡其昌,109年立法委員選舉,首次申報,1081216,個人捐贈收入,蘇立明,L12*******,50000.00,0.00,,金錢,臺中市南屯區****,,
346,蔡其昌,109年立法委員選舉,首次申報,1081216,個人捐贈收入,林佑俊,L12*******,100000.00,0.00,,金錢,嘉義縣朴子市****,0953*****,
347,蔡其昌,109年立法委員選舉,首次申報,1081216,個人捐贈收入,楊杰霖,L12*******,6000.00,0.00,,金錢,臺中市梧棲區****,0920*****,
348,蔡其昌,109年立法委員選舉,首次申報,1081216,個人捐贈收入,林秀緞,L20*******,50000.00,0.00,,金錢,臺中市外埔區****,0932*****,
349,蔡其昌,109年立法委員選舉,首次申報,1081216,個人捐贈收入,蔡佩涓,L22*******,100000.00,0.00,,金錢,高雄市鼓山區****,,
350,蔡其昌,109年立法委員選舉,首次申報,1081216,個人捐贈收入,林宥秝,L22*******,100000.00,0.00,,金錢,臺中市清水區****,0921*****,
351,蔡其昌,109年立法委員選舉,首次申報,1081216,個人捐贈收入,王素卿,L22*******,100000.00,0.00,,金錢,臺中市外埔區****,,
352,蔡其昌,109年立法委員選舉,首次申報,1081216,個人捐贈收入,蘇良智,R12*******,100000.00,0.00,,金錢,臺中市南屯區****,,
353,蔡其昌,109年立法委員選舉,首次申報,1081216,個人捐贈收入,林秀芬,U22*******,100000.00,0.00,,金錢,臺中市外埔區****,,
354,蔡其昌,109年立法委員選舉,首次申報,1081217,營利事業捐贈收入,梧濟工業股份有限公司,22977236,1000000.00,0.00,,金錢,臺中市南屯區****,,
355,蔡其昌,109年立法委員選舉,首次申報,1081217,個人捐贈收入,周德欣,A12*******,40000.00,0.00,,金錢,臺北市大安區****,,
356,蔡其昌,109年立法委員選舉,首次申報,1081217,個人捐贈收入,劉代鵬,A12*******,40000.00,0.00,,金錢,臺北市信義區****,,
357,蔡其昌,109年立法委員選舉,首次申報,1081217,個人捐贈收入,張均豪,A12*******,40000.00,0.00,,金錢,臺北市中正區****,,
358,蔡其昌,109年立法委員選舉,首次申報,1081217,個人捐贈收入,鄭富育,B12*******,40000.00,0.00,,金錢,臺北市中山區****,,
359,蔡其昌,109年立法委員選舉,首次申報,1081217,個人捐贈收入,花千惠,B22*******,20000.00,0.00,,金錢,臺北市中山區****,,
360,蔡其昌,109年立法委員選舉,首次申報,1081217,個人捐贈收入,蘇錦池,F12*******,40000.00,0.00,,金錢,新北市新莊區****,,
361,蔡其昌,109年立法委員選舉,首次申報,1081217,個人捐贈收入,張瑞欽,L12*******,40000.00,0.00,,金錢,臺北市北投區****,,
362,蔡其昌,109年立法委員選舉,首次申報,1081217,個人捐贈收入,吳欣倫,L22*******,100000.00,0.00,,金錢,臺中市清水區****,0936*****,
363,蔡其昌,109年立法委員選舉,首次申報,1081217,個人捐贈收入,吳義村,M10*******,100000.00,0.00,,金錢,臺中市清水區****,0936*****,
364,蔡其昌,109年立法委員選舉,首次申報,1081217,個人捐贈收入,廖縉偉,P12*******,40000.00,0.00,,金錢,新北市三重區****,,
365,蔡其昌,109年立法委員選舉,首次申報,1081217,個人捐贈收入,沈宏斌,U12*******,100000.00,0.00,,金錢,臺中市清水區****,0958*****,
366,蔡其昌,109年立法委員選舉,首次申報,1081218,營利事業捐贈收入,銀泰科技股份有限公司,23700883,100000.00,0.00,,金錢,臺中市神岡區****,0425*****,
367,蔡其昌,109年立法委員選舉,首次申報,1081218,個人捐贈收入,王寶鈴,A21*******,50000.00,0.00,,金錢,臺北市中山區****,,
368,蔡其昌,109年立法委員選舉,首次申報,1081218,個人捐贈收入,周宜美,A21*******,100000.00,0.00,,金錢,臺北市中正區****,0910*****,
369,蔡其昌,109年立法委員選舉,首次申報,1081218,個人捐贈收入,胡亦芬,F20*******,100000.00,0.00,,金錢,臺北市中山區****,,
370,蔡其昌,109年立法委員選舉,首次申報,1081218,個人捐贈收入,王文山,L10*******,100000.00,0.00,,金錢,臺北市中山區****,0910*****,
371,蔡其昌,109年立法委員選舉,首次申報,1081218,個人捐贈收入,劉瑞麟,L12*******,100000.00,0.00,,金錢,臺中市西區向****,,
372,蔡其昌,109年立法委員選舉,首次申報,1081218,個人捐贈收入,黃淑美,L22*******,100000.00,0.00,,金錢,臺中市西區雙****,,
373,蔡其昌,109年立法委員選舉,首次申報,1081219,營利事業捐贈收入,富旺國際開發股份有限公司,97447647,300000.00,0.00,,金錢,臺中市西區忠****,0423*****,
374,蔡其昌,109年立法委員選舉,首次申報,1081219,個人捐贈收入,林志鎬,L12*******,50000.00,0.00,,金錢,臺中市神岡區****,,
375,蔡其昌,109年立法委員選舉,首次申報,1081220,營利事業捐贈收入,佳益營造有限公司,56618316,100000.00,0.00,,金錢,臺中市沙鹿區****,,
376,蔡其昌,109年立法委員選舉,首次申報,1081220,個人捐贈收入,郭丁湖,B12*******,80000.00,0.00,,金錢,臺中市北區國****,0905*****,
377,蔡其昌,109年立法委員選舉,首次申報,1081220,個人捐贈收入,李明欣,H12*******,100000.00,0.00,,金錢,臺北市信義區****,0921*****,
378,蔡其昌,109年立法委員選舉,首次申報,1081220,個人捐贈收入,黃大振,L10*******,70000.00,0.00,,金錢,臺中市清水區****,0953*****,
379,蔡其昌,109年立法委員選舉,首次申報,1081220,個人捐贈收入,林世修,L10*******,100000.00,0.00,,金錢,臺中市清水區****,0972*****,
380,蔡其昌,109年立法委員選舉,首次申報,1081220,個人捐贈收入,何政義,L10*******,20000.00,0.00,,金錢,臺中市沙鹿區****,0911*****,
381,蔡其昌,109年立法委員選舉,首次申報,1081220,個人捐贈收入,吳俊龍,N12*******,30000.00,0.00,,金錢,彰化縣埔心鄉****,0933*****,
382,蔡其昌,109年立法委員選舉,首次申報,1081220,個人捐贈收入,陳鳳珠,P22*******,100000.00,0.00,,金錢,臺中市西區向****,,
383,蔡其昌,109年立法委員選舉,首次申報,1081221,其他收入,利息收入,,2573.00,0.00,,金錢,,,
384,蔡其昌,109年立法委員選舉,首次申報,1081223,個人捐贈收入,朱炫吉,A12*******,100000.00,0.00,,金錢,新北市汐止區****,0932*****,
385,蔡其昌,109年立法委員選舉,首次申報,1081223,個人捐贈收入,吳曼君,A20*******,50000.00,0.00,,金錢,臺中市大甲區****,0919*****,
386,蔡其昌,109年立法委員選舉,首次申報,1081223,個人捐贈收入,盧壯興,B10*******,50000.00,0.00,,金錢,臺中市大甲區****,0921*****,
387,蔡其昌,109年立法委員選舉,首次申報,1081223,個人捐贈收入,張祐萍,B22*******,20000.00,0.00,,金錢,南投縣南投市****,049-*****,
388,蔡其昌,109年立法委員選舉,首次申報,1081223,個人捐贈收入,蘇惠,B22*******,20000.00,0.00,,金錢,臺中市豐原區****,0919*****,
389,蔡其昌,109年立法委員選舉,首次申報,1081223,個人捐贈收入,林恒立,G12*******,10000.00,0.00,,金錢,臺中市南區復****,0966*****,
390,蔡其昌,109年立法委員選舉,首次申報,1081223,個人捐贈收入,徐永年,H10*******,20000.00,0.00,,金錢,臺中市西區三****,0932*****,
391,蔡其昌,109年立法委員選舉,首次申報,1081223,個人捐贈收入,林惠美,K22*******,11000.00,0.00,,金錢,臺中市西屯區****,0928*****,
392,蔡其昌,109年立法委員選舉,首次申報,1081223,個人捐贈收入,蔡敏雄,L10*******,10000.00,0.00,,金錢,臺中市大甲區****,04-2*****,
393,蔡其昌,109年立法委員選舉,首次申報,1081223,個人捐贈收入,蔡明鈞,L12*******,11000.00,0.00,,金錢,臺中市西屯區****,0928*****,
394,蔡其昌,109年立法委員選舉,首次申報,1081223,個人捐贈收入,羅倫檭,M10*******,10000.00,0.00,,金錢,臺中市南區仁****,04-2*****,
395,蔡其昌,109年立法委員選舉,首次申報,1081223,個人捐贈收入,吳清旺,P10*******,12000.00,0.00,,金錢,臺中市霧峰區****,0919*****,
396,蔡其昌,109年立法委員選舉,首次申報,1081223,個人捐贈收入,簡啟安,P12*******,100000.00,0.00,,金錢,臺中市西屯區****,0931*****,
397,蔡其昌,109年立法委員選舉,首次申報,1081223,個人捐贈收入,林簡挑,P22*******,100000.00,0.00,,金錢,臺北市文山區****,0928*****,
398,蔡其昌,109年立法委員選舉,首次申報,1081223,個人捐贈收入,陳惠川,Q12*******,100000.00,0.00,,金錢,臺中市南區台****,0912*****,
399,蔡其昌,109年立法委員選舉,首次申報,1081223,個人捐贈收入,黃才丕,Q12*******,100000.00,0.00,,金錢,臺中市南屯區****,0919*****,
400,蔡其昌,109年立法委員選舉,首次申報,1081223,個人捐贈收入,陳正和,R12*******,20000.00,0.00,,金錢,臺中市西區向****,0918*****,
401,蔡其昌,109年立法委員選舉,首次申報,1081224,營利事業捐贈收入,佳益營造有限公司,56618316,100000.00,0.00,,金錢,臺中市沙鹿區****,0426*****,
402,蔡其昌,109年立法委員選舉,首次申報,1081224,個人捐贈收入,簡紹安,B12*******,100000.00,0.00,,金錢,臺中市西區中****,0912*****,
403,蔡其昌,109年立法委員選舉,首次申報,1081224,個人捐贈收入,徐美惠,B22*******,100000.00,0.00,,金錢,臺中市南屯區****,0912*****,
404,蔡其昌,109年立法委員選舉,首次申報,1081224,個人捐贈收入,許建隆,C12*******,100000.00,0.00,,金錢,臺北市信義區****,0908*****,
405,蔡其昌,109年立法委員選舉,首次申報,1081224,個人捐贈收入,黃嘉玉,L22*******,100000.00,0.00,,金錢,臺中市北屯區****,0912*****,
406,蔡其昌,109年立法委員選舉,首次申報,1081224,個人捐贈收入,曹世忠,N10*******,100000.00,0.00,,金錢,臺中市南屯區****,04-2*****,
407,蔡其昌,109年立法委員選舉,首次申報,1081224,個人捐贈收入,白文斌,N12*******,100000.00,0.00,,金錢,臺中市西屯區****,04-2*****,
408,蔡其昌,109年立法委員選舉,首次申報,1081224,個人捐贈收入,曾文華,N12*******,100000.00,0.00,,金錢,臺中市西屯區****,04-2*****,
409,蔡其昌,109年立法委員選舉,首次申報,1081224,個人捐贈收入,陳雪玲,P22*******,100000.00,0.00,,金錢,臺中市潭子區****,0912*****,
410,蔡其昌,109年立法委員選舉,首次申報,1081224,個人捐贈收入,李雅惠,Q22*******,100000.00,0.00,,金錢,臺中市豐原區****,0912*****,
411,蔡其昌,109年立法委員選舉,首次申報,1081225,人民團體捐贈收入,臺中市醫師公會,,100000.00,0.00,,金錢,台中市西區公****,04-2*****,
412,蔡其昌,109年立法委員選舉,首次申報,1081225,營利事業捐贈收入,誠岱機械廠股份有限公司,05796772,200000.00,0.00,,金錢,臺中市大甲區****,0426*****,
413,蔡其昌,109年立法委員選舉,首次申報,1081225,營利事業捐贈收入,真禾事業有限公司,53628017,20000.00,0.00,,金錢,苗栗縣苑裡鎮****,0935*****,
414,蔡其昌,109年立法委員選舉,首次申報,1081225,個人捐贈收入,賴進淵,B10*******,100000.00,0.00,,金錢,臺中市西屯區****,0972*****,
415,蔡其昌,109年立法委員選舉,首次申報,1081225,個人捐贈收入,林根源,B12*******,50000.00,0.00,,金錢,臺中市大甲區****,0932*****,
416,蔡其昌,109年立法委員選舉,首次申報,1081225,個人捐贈收入,李榮德,L10*******,2000.00,0.00,,金錢,臺中市清水區****,0926*****,
417,蔡其昌,109年立法委員選舉,首次申報,1081225,個人捐贈收入,邵秀莉,L20*******,12000.00,0.00,,金錢,臺中市大甲區****,0979*****,
418,蔡其昌,109年立法委員選舉,首次申報,1081225,個人捐贈收入,卓碧雲,L20*******,1000.00,0.00,,金錢,臺中市大甲區****,0963*****,
419,蔡其昌,109年立法委員選舉,首次申報,1081225,個人捐贈收入,林珠滿,L20*******,100000.00,0.00,,金錢,臺中市西屯區****,0972*****,
420,蔡其昌,109年立法委員選舉,首次申報,1081225,個人捐贈收入,王詩婷,L22*******,100000.00,0.00,,金錢,臺中市沙鹿區****,0426*****,
421,蔡其昌,109年立法委員選舉,首次申報,1081226,人民團體捐贈收入,臺中市大臺中牙醫師公會,,80000.00,0.00,,金錢,臺中市豐原區****,04-2*****,
422,蔡其昌,109年立法委員選舉,首次申報,1081226,營利事業捐贈收入,三樂投資開發股份有限公司,23534941,200000.00,0.00,,金錢,臺中市沙鹿區****,0426*****,
423,蔡其昌,109年立法委員選舉,首次申報,1081226,營利事業捐贈收入,光田醫療社團法人,45522715,500000.00,0.00,,金錢,臺中市沙鹿區****,0426*****,
424,蔡其昌,109年立法委員選舉,首次申報,1081226,個人捐贈收入,趙子文,D12*******,20000.00,0.00,,金錢,臺中市北屯區****,04-2*****,
425,蔡其昌,109年立法委員選舉,首次申報,1081226,個人捐贈收入,蕭鶴中,L10*******,5000.00,0.00,,金錢,臺中市大甲區****,0916*****,
426,蔡其昌,109年立法委員選舉,首次申報,1081226,個人捐贈收入,鄭德豐,L10*******,10000.00,0.00,,金錢,臺中市沙鹿區****,0919*****,
427,蔡其昌,109年立法委員選舉,首次申報,1081226,個人捐贈收入,陳俊嘉,L12*******,100000.00,0.00,,金錢,臺中市西屯區****,0933*****,
428,蔡其昌,109年立法委員選舉,首次申報,1081226,個人捐贈收入,蔡秉芳,L20*******,100000.00,0.00,,金錢,臺中市西區存****,0912*****,
429,蔡其昌,109年立法委員選舉,首次申報,1081226,個人捐贈收入,陳郁潔,L22*******,100000.00,0.00,,金錢,臺中市梧棲區****,0933*****,
430,蔡其昌,109年立法委員選舉,首次申報,1081226,個人捐贈收入,陳苓恩,L22*******,100000.00,0.00,,金錢,臺中市西屯區****,0933*****,
431,蔡其昌,109年立法委員選舉,首次申報,1081226,個人捐贈收入,陳謀,N12*******,80000.00,0.00,,金錢,臺中市大里區****,0923*****,
432,蔡其昌,109年立法委員選舉,首次申報,1081226,個人捐贈收入,伍慶雲,Q10*******,100000.00,0.00,,金錢,臺中市西區存****,0912*****,
433,蔡其昌,109年立法委員選舉,首次申報,1081227,匿名捐贈,李淑如,,6000.00,0.00,,金錢,,,
434,蔡其昌,109年立法委員選舉,首次申報,1081227,營利事業捐贈收入,惠嘉電實業股份有限公司,16181490,100000.00,0.00,,金錢,臺中市外埔區****,0426*****,
435,蔡其昌,109年立法委員選舉,首次申報,1081227,營利事業捐贈收入,卓傳股份有限公司,16275757,100000.00,0.00,,金錢,新北市三重區****,0229*****,
436,蔡其昌,109年立法委員選舉,首次申報,1081227,營利事業捐贈收入,中嘉交通有限公司,56660502,10000.00,0.00,,金錢,臺中市大甲區****,0426*****,
437,蔡其昌,109年立法委員選舉,首次申報,1081227,營利事業捐贈收入,盛香基因科技股份有限公司,63789407,200000.00,0.00,,金錢,臺中市北屯區****,0422*****,
438,蔡其昌,109年立法委員選舉,首次申報,1081227,個人捐贈收入,鍾金龍,H10*******,100000.00,0.00,,金錢,桃園市平鎮區****,0970*****,
439,蔡其昌,109年立法委員選舉,首次申報,1081227,個人捐贈收入,洪金泉,L10*******,12500.00,0.00,,金錢,臺中市西屯區****,0933*****,
440,蔡其昌,109年立法委員選舉,首次申報,1081227,個人捐贈收入,洪錦澤,L10*******,12500.00,0.00,,金錢,臺中市清水區****,0933*****,
441,蔡其昌,109年立法委員選舉,首次申報,1081227,個人捐贈收入,蔡南宏,L10*******,12500.00,0.00,,金錢,臺中市清水區****,0933*****,
442,蔡其昌,109年立法委員選舉,首次申報,1081227,個人捐贈收入,李慶源,L10*******,20000.00,0.00,,金錢,臺中市清水區****,0928*****,
443,蔡其昌,109年立法委員選舉,首次申報,1081227,個人捐贈收入,紀連華,L10*******,10000.00,0.00,,金錢,臺中市清水區****,04-2*****,
444,蔡其昌,109年立法委員選舉,首次申報,1081227,個人捐贈收入,邱正堂,L10*******,30000.00,0.00,,金錢,臺中市清水區****,0955*****,
445,蔡其昌,109年立法委員選舉,首次申報,1081227,個人捐贈收入,王建燈,L10*******,30000.00,0.00,,金錢,臺中市梧棲區****,0937*****,
446,蔡其昌,109年立法委員選舉,首次申報,1081227,個人捐贈收入,謝鶯德,L10*******,10000.00,0.00,,金錢,臺中市清水區****,0919*****,
447,蔡其昌,109年立法委員選舉,首次申報,1081227,個人捐贈收入,卓鴻德,L12*******,12500.00,0.00,,金錢,臺中市梧棲區****,0933*****,
448,蔡其昌,109年立法委員選舉,首次申報,1081227,個人捐贈收入,顏翠迪,L22*******,20000.00,0.00,,金錢,臺中市清水區****,0937*****,
449,蔡其昌,109年立法委員選舉,首次申報,1081227,個人捐贈收入,宋玉囍,L22*******,30000.00,0.00,,金錢,臺中市神岡區****,0980*****,
450,蔡其昌,109年立法委員選舉,首次申報,1081227,個人捐贈收入,陳立緯,M12*******,20000.00,0.00,,金錢,臺中市豐原區****,04-2*****,
451,蔡其昌,109年立法委員選舉,首次申報,1081227,個人捐贈收入,陳榮昌,N12*******,100000.00,0.00,,金錢,桃園市蘆竹區****,0917*****,
452,蔡其昌,109年立法委員選舉,首次申報,1081227,個人捐贈收入,陳淑彬,N22*******,100000.00,0.00,,金錢,桃園市桃園區****,0917*****,
453,蔡其昌,109年立法委員選舉,首次申報,1081227,個人捐贈收入,陳麗貞,Q22*******,5000.00,0.00,,金錢,臺中市東區力****,0917*****,
454,蔡其昌,109年立法委員選舉,首次申報,1081227,個人捐贈收入,黃淑英,S22*******,20000.00,0.00,,金錢,臺中市清水區****,0921*****,
455,蔡其昌,109年立法委員選舉,首次申報,1081231,個人捐贈收入,廖木,L10*******,100000.00,0.00,,金錢,臺中市清水區****,0935*****,
456,蔡其昌,109年立法委員選舉,首次申報,1081231,個人捐贈收入,蔡進輝,L10*******,12000.00,0.00,,金錢,臺中市沙鹿區****,0912*****,
457,蔡其昌,109年立法委員選舉,首次申報,1081231,個人捐贈收入,李義琳,L12*******,5000.00,0.00,,金錢,臺中市清水區****,0928*****,
458,蔡其昌,109年立法委員選舉,首次申報,1081231,個人捐贈收入,許玄岳,L12*******,100000.00,0.00,,金錢,臺中市清水區****,,
459,蔡其昌,109年立法委員選舉,首次申報,1081231,個人捐贈收入,蔡振經,L12*******,50000.00,0.00,,金錢,新北市新店區****,0960*****,
460,蔡其昌,109年立法委員選舉,首次申報,1081231,個人捐贈收入,張嘉芳,L20*******,60000.00,0.00,,金錢,臺中市南屯區****,0988*****,
461,蔡其昌,109年立法委員選舉,首次申報,1081231,個人捐贈收入,蔡清桂,L22*******,30000.00,0.00,,金錢,臺中市清水區****,0922*****,
462,蔡其昌,109年立法委員選舉,首次申報,1081231,個人捐贈收入,梁火在,N12*******,100000.00,0.00,,金錢,臺中市南區永****,0932*****,
463,蔡其昌,109年立法委員選舉,首次申報,1090102,人民團體捐贈收入,中華民國記帳士公會全國聯合會,,2000.00,0.00,,金錢,桃園市中壢區****,03-4*****,
464,蔡其昌,109年立法委員選舉,首次申報,1090102,營利事業捐贈收入,祥杰順科技股份有限公司,53159041,50000.00,0.00,,金錢,臺中市大甲區****,0426*****,
465,蔡其昌,109年立法委員選舉,首次申報,1090102,個人捐贈收入,郭建盟,A12*******,50000.00,0.00,,金錢,高雄市苓雅區****,0932*****,
466,蔡其昌,109年立法委員選舉,首次申報,1090102,個人捐贈收入,王寶鈴,A21*******,50000.00,0.00,,金錢,臺北市中山區****,,
467,蔡其昌,109年立法委員選舉,首次申報,1090102,個人捐贈收入,張富茗,B12*******,100000.00,0.00,,金錢,臺中市西屯區****,0988*****,
468,蔡其昌,109年立法委員選舉,首次申報,1090102,個人捐贈收入,柯啓煜,B12*******,100000.00,0.00,,金錢,臺中市西區五****,,
469,蔡其昌,109年立法委員選舉,首次申報,1090102,個人捐贈收入,施蓓苓,B22*******,100000.00,0.00,,金錢,臺中市東區東****,0928*****,
470,蔡其昌,109年立法委員選舉,首次申報,1090102,個人捐贈收入,胡亦芬,F20*******,100000.00,0.00,,金錢,臺北市中山區****,,
471,蔡其昌,109年立法委員選舉,首次申報,1090102,個人捐贈收入,楊俊雄,K10*******,500.00,0.00,,金錢,臺中市大甲區****,0981*****,
472,蔡其昌,109年立法委員選舉,首次申報,1090102,個人捐贈收入,柯興樹,K10*******,100000.00,0.00,,金錢,臺中市北區太****,0422*****,
473,蔡其昌,109年立法委員選舉,首次申報,1090102,個人捐贈收入,王文山,L10*******,100000.00,0.00,,金錢,臺北市中山區****,,
474,蔡其昌,109年立法委員選舉,首次申報,1090102,個人捐贈收入,盧慶豐,L10*******,6000.00,0.00,,金錢,臺中市大甲區****,0910*****,
475,蔡其昌,109年立法委員選舉,首次申報,1090102,個人捐贈收入,黃瑞堂,L10*******,100000.00,0.00,,金錢,臺中市梧棲區****,0426*****,
476,蔡其昌,109年立法委員選舉,首次申報,1090102,個人捐贈收入,黃彥彰,L12*******,20000.00,0.00,,金錢,臺中市梧棲區****,0426*****,
477,蔡其昌,109年立法委員選舉,首次申報,1090102,個人捐贈收入,王繹翔,L12*******,30000.00,0.00,,金錢,臺中市大甲區****,0963*****,
478,蔡其昌,109年立法委員選舉,首次申報,1090102,個人捐贈收入,羅進益,L12*******,10000.00,0.00,,金錢,臺中市外埔區****,0933*****,
479,蔡其昌,109年立法委員選舉,首次申報,1090102,個人捐贈收入,林洸民,L12*******,30000.00,0.00,,金錢,臺中市北屯區****,0932*****,
480,蔡其昌,109年立法委員選舉,首次申報,1090102,個人捐贈收入,陳本德,L12*******,50000.00,0.00,,金錢,臺中市梧棲區****,0910*****,
481,蔡其昌,109年立法委員選舉,首次申報,1090102,個人捐贈收入,林美玲,L22*******,20000.00,0.00,,金錢,臺中市西區精****,0936*****,
482,蔡其昌,109年立法委員選舉,首次申報,1090103,個人捐贈收入,詹文鈴,,20000.00,0.00,,金錢,臺中市大里區****,,
483,蔡其昌,109年立法委員選舉,首次申報,1090103,個人捐贈收入,魏若傑,A22*******,100000.00,0.00,,金錢,臺中市南屯區****,0423*****,
484,蔡其昌,109年立法委員選舉,首次申報,1090103,個人捐贈收入,陳欣勝,L10*******,10000.00,0.00,,金錢,臺北市大安區****,0933*****,
485,蔡其昌,109年立法委員選舉,首次申報,1090103,個人捐贈收入,王清章,L12*******,100000.00,0.00,,金錢,臺中市梧棲區****,0988*****,
486,蔡其昌,109年立法委員選舉,首次申報,1090103,個人捐贈收入,陳淑珍,L22*******,100000.00,0.00,,金錢,臺中市梧棲區****,,
487,蔡其昌,109年立法委員選舉,首次申報,1090103,個人捐贈收入,郭林勇,N10*******,50000.00,0.00,,金錢,臺中市西區臺****,0912*****,
488,蔡其昌,109年立法委員選舉,首次申報,1090103,個人捐贈收入,林寶彰,R10*******,100000.00,0.00,,金錢,臺中市南屯區****,0423*****,
489,蔡其昌,109年立法委員選舉,首次申報,1090103,個人捐贈收入,林俊男,R12*******,100000.00,0.00,,金錢,臺中市南屯區****,0423*****,
490,蔡其昌,109年立法委員選舉,首次申報,1090106,營利事業捐贈收入,鉅松實業股份有限公司,12839903,50000.00,0.00,,金錢,彰化縣溪州鄉****,0488*****,
491,蔡其昌,109年立法委員選舉,首次申報,1090106,營利事業捐贈收入,勝美營造股份有限公司,42970582,300000.00,0.00,,金錢,臺中市梧棲區****,0426*****,
492,蔡其昌,109年立法委員選舉,首次申報,1090106,個人捐贈收入,劉弈廷,A12*******,100000.00,0.00,,金錢,臺北市中正區****,,
493,蔡其昌,109年立法委員選舉,首次申報,1090106,個人捐贈收入,劉玠廷,A12*******,100000.00,0.00,,金錢,新北市汐止區****,,
494,蔡其昌,109年立法委員選舉,首次申報,1090106,個人捐贈收入,劉容廷,A22*******,100000.00,0.00,,金錢,臺北市中正區****,,
495,蔡其昌,109年立法委員選舉,首次申報,1090106,個人捐贈收入,吳威德,B12*******,100000.00,0.00,,金錢,臺中市南區德****,0980*****,
496,蔡其昌,109年立法委員選舉,首次申報,1090106,個人捐贈收入,吳威廷,B12*******,100000.00,0.00,,金錢,臺中市南區德****,0980*****,
497,蔡其昌,109年立法委員選舉,首次申報,1090106,個人捐贈收入,吳孟柔,B22*******,100000.00,0.00,,金錢,臺中市南區德****,0935*****,
498,蔡其昌,109年立法委員選舉,首次申報,1090106,個人捐贈收入,王茂松,F12*******,1500.00,0.00,,金錢,新北市板橋區****,0910*****,
499,蔡其昌,109年立法委員選舉,首次申報,1090106,個人捐贈收入,李朝欽,L12*******,10000.00,0.00,,金錢,臺中市大雅區****,0928*****,
500,蔡其昌,109年立法委員選舉,首次申報,1090106,個人捐贈收入,王崑河,L12*******,20000.00,0.00,,金錢,臺中市清水區****,0937*****,
501,蔡其昌,109年立法委員選舉,首次申報,1090106,個人捐贈收入,劉幼娌,S20*******,100000.00,0.00,,金錢,新北市汐止區****,,
502,蔡其昌,109年立法委員選舉,首次申報,1090107,匿名捐贈,匿名,,2000.00,0.00,,金錢,,,
503,蔡其昌,109年立法委員選舉,首次申報,1090107,營利事業捐贈收入,中科國際物流股份有限公司,29182232,300000.00,0.00,,金錢,臺中市大雅區****,0425*****,
504,蔡其昌,109年立法委員選舉,首次申報,1090107,個人捐贈收入,徐麗華,A21*******,100000.00,0.00,,金錢,臺北市士林區****,,
505,蔡其昌,109年立法委員選舉,首次申報,1090107,個人捐贈收入,陳奕如,A22*******,100000.00,0.00,,金錢,臺北市士林區****,,
506,蔡其昌,109年立法委員選舉,首次申報,1090107,個人捐贈收入,劉亞新,A29*******,100000.00,0.00,,金錢,臺北市大安區****,,
507,蔡其昌,109年立法委員選舉,首次申報,1090107,個人捐贈收入,吳朝景,B10*******,5000.00,0.00,,金錢,臺中市北屯區****,0422*****,
508,蔡其昌,109年立法委員選舉,首次申報,1090107,個人捐贈收入,賀詩貴,D10*******,100000.00,0.00,,金錢,臺北市大安區****,,
509,蔡其昌,109年立法委員選舉,首次申報,1090107,個人捐贈收入,賀士郡,D12*******,100000.00,0.00,,金錢,臺北市大安區****,,
510,蔡其昌,109年立法委員選舉,首次申報,1090107,個人捐贈收入,張錦珠,D20*******,100000.00,0.00,,金錢,高雄市岡山區****,,
511,蔡其昌,109年立法委員選舉,首次申報,1090107,個人捐贈收入,黃淑玲,F22*******,100000.00,0.00,,金錢,桃園市桃園區****,,
512,蔡其昌,109年立法委員選舉,首次申報,1090107,個人捐贈收入,李秀薰,G20*******,100000.00,0.00,,金錢,臺中市北區文****,,
513,蔡其昌,109年立法委員選舉,首次申報,1090107,個人捐贈收入,簡展穎,H12*******,100000.00,0.00,,金錢,桃園市桃園區****,,
514,蔡其昌,109年立法委員選舉,首次申報,1090107,個人捐贈收入,簡毓璇,H22*******,100000.00,0.00,,金錢,桃園市桃園區****,,
515,蔡其昌,109年立法委員選舉,首次申報,1090107,個人捐贈收入,傅和田,K10*******,100000.00,0.00,,金錢,苗栗縣苑裡鎮****,0933*****,
516,蔡其昌,109年立法委員選舉,首次申報,1090107,個人捐贈收入,李順安,K10*******,100000.00,0.00,,金錢,臺中市大甲區****,,
517,蔡其昌,109年立法委員選舉,首次申報,1090107,個人捐贈收入,蔡慶賢,L10*******,100000.00,0.00,,金錢,臺中市清水區****,,
518,蔡其昌,109年立法委員選舉,首次申報,1090107,個人捐贈收入,蔡慶儒,L10*******,100000.00,0.00,,金錢,臺中市霧峰區****,,
519,蔡其昌,109年立法委員選舉,首次申報,1090107,個人捐贈收入,陳麗蘭,L20*******,100000.00,0.00,,金錢,臺中市清水區****,,
520,蔡其昌,109年立法委員選舉,首次申報,1090107,個人捐贈收入,謝明德,N12*******,100000.00,0.00,,金錢,彰化縣和美鎮****,0475*****,
521,蔡其昌,109年立法委員選舉,首次申報,1090107,個人捐贈收入,楊正利,R12*******,100000.00,0.00,,金錢,臺北市士林區****,,
522,蔡其昌,109年立法委員選舉,首次申報,1090107,個人捐贈收入,王琮凱,R12*******,100000.00,0.00,,金錢,新北市新莊區****,,
523,蔡其昌,109年立法委員選舉,首次申報,1090107,個人捐贈收入,楊子萱,R22*******,100000.00,0.00,,金錢,臺北市士林區****,,
524,蔡其昌,109年立法委員選舉,首次申報,1090108,營利事業捐贈收入,滿唐采建設有限公司,16017787,300000.00,0.00,,金錢,臺中市西屯區****,0423*****,
525,蔡其昌,109年立法委員選舉,首次申報,1090108,營利事業捐贈收入,網曜管理顧問公司,16263175,10000.00,0.00,,金錢,臺中市西屯區****,0427*****,
526,蔡其昌,109年立法委員選舉,首次申報,1090108,營利事業捐贈收入,大甲車業有限公司,97191440,100000.00,0.00,,金錢,臺中市大安區****,0426*****,
527,蔡其昌,109年立法委員選舉,首次申報,1090109,匿名捐贈,匿名,,10000.00,0.00,,金錢,,,
528,蔡其昌,109年立法委員選舉,首次申報,1090109,匿名捐贈,匿名,,9800.00,0.00,,金錢,,,
529,蔡其昌,109年立法委員選舉,首次申報,1090109,人民團體捐贈收入,臺中市不動產開發商業同業公會,,73940.00,0.00,,金錢,台中市南屯區****,04-2*****,
530,蔡其昌,109年立法委員選舉,首次申報,1090109,人民團體捐贈收入,中華民國全國建築師公會,,20000.00,0.00,,金錢,台北市基隆路****,02-2*****,
531,蔡其昌,109年立法委員選舉,首次申報,1090109,人民團體捐贈收入,台中市就業服務商業同業公會,,20000.00,0.00,,金錢,台中市南區美****,04-2*****,
532,蔡其昌,109年立法委員選舉,首次申報,1090109,營利事業捐贈收入,旺庭建設股份有限公司,84826006,64551.00,0.00,,金錢,臺中市潭子區****,2531*****,
533,蔡其昌,109年立法委員選舉,首次申報,1090109,個人捐贈收入,林銘銓,B10*******,19715.00,0.00,,金錢,臺中市西區福****,,
534,蔡其昌,109年立法委員選舉,首次申報,1090109,個人捐贈收入,桑緯宏,B12*******,100000.00,0.00,,金錢,臺中市北屯區****,,
535,蔡其昌,109年立法委員選舉,首次申報,1090109,個人捐贈收入,桑芷婕,B22*******,100000.00,0.00,,金錢,臺中市北屯區****,,
536,蔡其昌,109年立法委員選舉,首次申報,1090109,個人捐贈收入,劉淑娟,B22*******,4413.00,0.00,,金錢,臺中市南屯區****,,
537,蔡其昌,109年立法委員選舉,首次申報,1090109,個人捐贈收入,官淑英,B22*******,91177.00,0.00,,金錢,臺中市西區美****,,
538,蔡其昌,109年立法委員選舉,首次申報,1090109,個人捐贈收入,張筠薇,B22*******,8168.00,0.00,,金錢,臺中市西屯區****,,
539,蔡其昌,109年立法委員選舉,首次申報,1090109,個人捐贈收入,張玉霞,C20*******,100000.00,0.00,,金錢,臺中市大甲區****,,
540,蔡其昌,109年立法委員選舉,首次申報,1090109,個人捐贈收入,陳淨怡,D22*******,300.00,0.00,,金錢,臺中市豐原區****,0923*****,
541,蔡其昌,109年立法委員選舉,首次申報,1090109,個人捐贈收入,桑若芝,F22*******,100000.00,0.00,,金錢,臺中市北屯區****,,
542,蔡其昌,109年立法委員選舉,首次申報,1090109,個人捐贈收入,林珊伊,H22*******,900.00,0.00,,金錢,臺中市北屯區****,0985*****,
543,蔡其昌,109年立法委員選舉,首次申報,1090109,個人捐贈收入,湯雯婷,K22*******,500.00,0.00,,金錢,臺中市清水區****,0958*****,
544,蔡其昌,109年立法委員選舉,首次申報,1090109,個人捐贈收入,林來興,L10*******,1000.00,0.00,,金錢,臺中市大甲區****,0921*****,
545,蔡其昌,109年立法委員選舉,首次申報,1090109,個人捐贈收入,陳金河,L10*******,30000.00,0.00,,金錢,臺中市梧棲區****,0937*****,
546,蔡其昌,109年立法委員選舉,首次申報,1090109,個人捐贈收入,張欽聰,L12*******,30000.00,0.00,,金錢,臺中市豐原區****,0937*****,
547,蔡其昌,109年立法委員選舉,首次申報,1090109,個人捐贈收入,張振益,L12*******,100000.00,0.00,,金錢,臺中市清水區****,0921*****,
548,蔡其昌,109年立法委員選舉,首次申報,1090109,個人捐贈收入,蔡豐吉,L12*******,100000.00,0.00,,金錢,臺中市梧棲區****,0936*****,
549,蔡其昌,109年立法委員選舉,首次申報,1090109,個人捐贈收入,楊文昌,L12*******,20000.00,0.00,,金錢,臺中市梧棲區****,0932*****,
550,蔡其昌,109年立法委員選舉,首次申報,1090109,個人捐贈收入,何文勝,L12*******,500.00,0.00,,金錢,臺中市西屯區****,0983*****,
551,蔡其昌,109年立法委員選舉,首次申報,1090109,個人捐贈收入,顏芷嫻,L22*******,200.00,0.00,,金錢,臺中市梧棲區****,0939*****,
552,蔡其昌,109年立法委員選舉,首次申報,1090109,個人捐贈收入,鄭琪樺,L22*******,100.00,0.00,,金錢,臺中市清水區****,0975*****,
553,蔡其昌,109年立法委員選舉,首次申報,1090109,個人捐贈收入,吳衿寧(永康護理之家),L22*******,100000.00,0.00,,金錢,臺中市大甲區****,,
554,蔡其昌,109年立法委員選舉,首次申報,1090109,個人捐贈收入,何素盡,L22*******,50000.00,0.00,,金錢,臺中市梧棲區****,0937*****,
555,蔡其昌,109年立法委員選舉,首次申報,1090109,個人捐贈收入,陳倩慧,L22*******,100000.00,0.00,,金錢,臺中市西屯區****,0423*****,
556,蔡其昌,109年立法委員選舉,首次申報,1090109,個人捐贈收入,江順得,M12*******,100000.00,0.00,,金錢,臺中市南屯區****,,
557,蔡其昌,109年立法委員選舉,首次申報,1090109,個人捐贈收入,周彩玉,M22*******,300.00,0.00,,金錢,臺中市西屯區****,0931*****,
558,蔡其昌,109年立法委員選舉,首次申報,1090109,個人捐贈收入,高孟伶,M22*******,400.00,0.00,,金錢,臺中市龍井區****,0912*****,
559,蔡其昌,109年立法委員選舉,首次申報,1090109,個人捐贈收入,顏世陸,N12*******,100000.00,0.00,,金錢,臺中市西屯區****,0423*****,
560,蔡其昌,109年立法委員選舉,首次申報,1090109,個人捐贈收入,詹英弘,N12*******,55674.00,0.00,,金錢,臺中市北屯區****,,
561,蔡其昌,109年立法委員選舉,首次申報,1090109,個人捐贈收入,李婉瑜,N22*******,100000.00,0.00,,金錢,臺中市大甲區****,,
562,蔡其昌,109年立法委員選舉,首次申報,1090109,個人捐贈收入,吳宥熏,N22*******,100.00,0.00,,金錢,臺中市清水區****,0987*****,
563,蔡其昌,109年立法委員選舉,首次申報,1090109,個人捐贈收入,陳姵如,P22*******,300.00,0.00,,金錢,臺中市梧棲區****,0982*****,
564,蔡其昌,109年立法委員選舉,首次申報,1090109,個人捐贈收入,黃才丕,Q12*******,13235.00,0.00,,金錢,臺中市西區美****,,
565,蔡其昌,109年立法委員選舉,首次申報,1090109,個人捐贈收入,李郁暄,T22*******,69127.00,0.00,,金錢,臺中市北屯區****,,
566,蔡其昌,109年立法委員選舉,首次申報,1090109,個人捐贈收入,洪武智,V12*******,100.00,0.00,,金錢,臺中市梧棲區****,0925*****,
567,蔡其昌,109年立法委員選舉,首次申報,1090110,個人捐贈收入,黃秋長,,20000.00,0.00,,金錢,臺北市中山區****,0919*****,
568,蔡其昌,109年立法委員選舉,首次申報,1090110,營利事業捐贈收入,康晶生物科技有限公司,55738720,100000.00,0.00,,金錢,臺北市大安區****,,
569,蔡其昌,109年立法委員選舉,首次申報,1090110,營利事業捐贈收入,德隆倉儲裝卸股份有限公司,56663016,300000.00,0.00,,金錢,臺中市梧棲區****,0988*****,
570,蔡其昌,109年立法委員選舉,首次申報,1090110,個人捐贈收入,林淑棻,B22*******,100000.00,0.00,,金錢,臺中市豐原區****,,
571,蔡其昌,109年立法委員選舉,首次申報,1090110,個人捐贈收入,許建隆,C12*******,100000.00,0.00,,金錢,臺北市信義區****,0908*****,
572,蔡其昌,109年立法委員選舉,首次申報,1090110,個人捐贈收入,蔡黃月秀,D20*******,100000.00,0.00,,金錢,臺南市中西區****,,
573,蔡其昌,109年立法委員選舉,首次申報,1090110,個人捐贈收入,繆瓊慧,F22*******,100000.00,0.00,,金錢,臺北市大安區****,0227*****,
574,蔡其昌,109年立法委員選舉,首次申報,1090110,個人捐贈收入,羅麗芬,K22*******,100000.00,0.00,,金錢,臺北市大安區****,0937*****,
575,蔡其昌,109年立法委員選舉,首次申報,1090110,個人捐贈收入,詹伯廉,L10*******,10000.00,0.00,,金錢,臺中市大甲區****,,
576,蔡其昌,109年立法委員選舉,首次申報,1090110,個人捐贈收入,卓添登,L10*******,100000.00,0.00,,金錢,臺中市大甲區****,0928*****,
577,蔡其昌,109年立法委員選舉,首次申報,1090110,個人捐贈收入,柯朝枝,L10*******,100000.00,0.00,,金錢,臺中市大甲區****,0905*****,
578,蔡其昌,109年立法委員選舉,首次申報,1090110,個人捐贈收入,蔡憲國,L10*******,100000.00,0.00,,金錢,臺南市中西區****,0626*****,
579,蔡其昌,109年立法委員選舉,首次申報,1090110,個人捐贈收入,陸象山,L12*******,100000.00,0.00,,金錢,臺中市豐原區****,,
580,蔡其昌,109年立法委員選舉,首次申報,1090110,個人捐贈收入,朱海光,L12*******,20000.00,0.00,,金錢,臺中市外埔區****,0922*****,
581,蔡其昌,109年立法委員選舉,首次申報,1090110,個人捐贈收入,李益銘,L12*******,100000.00,0.00,,金錢,臺中市大甲區****,,
582,蔡其昌,109年立法委員選舉,首次申報,1090110,個人捐贈收入,謝咏霖,L12*******,60000.00,0.00,,金錢,臺中市梧棲區****,0426*****,
583,蔡其昌,109年立法委員選舉,首次申報,1090110,個人捐贈收入,謝明河,L12*******,60000.00,0.00,,金錢,臺中市梧棲區****,0426*****,
584,蔡其昌,109年立法委員選舉,首次申報,1090110,個人捐贈收入,謝明裕,L12*******,60000.00,0.00,,金錢,臺中市梧棲區****,,
585,蔡其昌,109年立法委員選舉,首次申報,1090110,個人捐贈收入,凃清雲,L12*******,20000.00,0.00,,金錢,臺中市后里區****,0936*****,
586,蔡其昌,109年立法委員選舉,首次申報,1090110,個人捐贈收入,林滿足,L20*******,100000.00,0.00,,金錢,臺中市大甲區****,0905*****,
587,蔡其昌,109年立法委員選舉,首次申報,1090110,個人捐贈收入,柯玟如,L22*******,10000.00,0.00,,金錢,臺中市西區土****,0426*****,
588,蔡其昌,109年立法委員選舉,首次申報,1090110,個人捐贈收入,王聰琪,L22*******,100000.00,0.00,,金錢,臺中市大甲區****,,
589,蔡其昌,109年立法委員選舉,首次申報,1090110,個人捐贈收入,謝美玲,L22*******,20000.00,0.00,,金錢,臺中市梧棲區****,,
590,蔡其昌,109年立法委員選舉,首次申報,1090110,個人捐贈收入,章晴凌,T22*******,100000.00,0.00,,金錢,臺北市大安區****,0227*****,
