﻿序號,擬參選人／政黨,選舉名稱,申報序號／年度,交易日期,收支科目,捐贈者／支出對象,身分證／統一編號,收入金額,支出金額,捐贈方式,存入專戶日期,返還/繳庫,支出用途,金錢類,地址,聯絡電話,應揭露之支出對象,支出對象之內部人員姓名,支出對象之內部人員職稱,政黨之內部人員姓名,政黨之內部人員職稱,關係,更正註記,資料更正日期
1,黃秀珍,111年金門縣金湖鎮鎮長選舉,首次申報,1110916,匿名捐贈,匿名,,2000.00,0.00,匯款,1110916,,,金錢,,,,,,,,,,
2,黃秀珍,111年金門縣金湖鎮鎮長選舉,首次申報,1110916,匿名捐贈,匿名,,1000.00,0.00,匯款,1110916,,,金錢,,,,,,,,,,
3,黃秀珍,111年金門縣金湖鎮鎮長選舉,首次申報,1110916,匿名捐贈,匿名,,1000.00,0.00,匯款,1110916,,,金錢,,,,,,,,,,
4,黃秀珍,111年金門縣金湖鎮鎮長選舉,首次申報,1110916,個人捐贈收入,施博志,A12*******,50000.00,0.00,匯款,1110916,,,金錢,臺北市內湖區****,,,,,,,,,
5,黃秀珍,111年金門縣金湖鎮鎮長選舉,首次申報,1110917,個人捐贈收入,施博志,A12*******,50000.00,0.00,匯款,1110917,,,金錢,臺北市內湖區****,,,,,,,,,
6,黃秀珍,111年金門縣金湖鎮鎮長選舉,首次申報,1110919,匿名捐贈,匿名,,2000.00,0.00,匯款,1110919,,,金錢,,,,,,,,,,
7,黃秀珍,111年金門縣金湖鎮鎮長選舉,首次申報,1110920,匿名捐贈,匿名,,10000.00,0.00,匯款,1110920,,,金錢,,,,,,,,,,
8,黃秀珍,111年金門縣金湖鎮鎮長選舉,首次申報,1110930,個人捐贈收入,林予臻,A20*******,30000.00,0.00,匯款,1110930,,,金錢,臺北市內湖區****,0912*****,,,,,,,,
9,黃秀珍,111年金門縣金湖鎮鎮長選舉,首次申報,1110930,個人捐贈收入,施順杰,N10*******,20000.00,0.00,匯款,1110930,,,金錢,臺北市內湖區****,0912*****,,,,,,,,
10,黃秀珍,111年金門縣金湖鎮鎮長選舉,首次申報,1111012,個人捐贈收入,林予臻,A20*******,20000.00,0.00,匯款,1111012,,,金錢,臺北市內湖區****,0912*****,,,,,,,,
11,黃秀珍,111年金門縣金湖鎮鎮長選舉,首次申報,1111012,個人捐贈收入,施順杰,N10*******,30000.00,0.00,匯款,1111012,,,金錢,臺北市內湖區****,0912*****,,,,,,,,
12,黃秀珍,111年金門縣金湖鎮鎮長選舉,首次申報,1111119,匿名捐贈,陳宗錠,,2000.00,0.00,匯款,1111119,,,金錢,,,,,,,,,,
13,黃秀珍,111年金門縣金湖鎮鎮長選舉,首次申報,1111121,匿名捐贈,匿名,,1000.00,0.00,匯款,1111121,,,金錢,,,,,,,,,,
14,黃秀珍,111年金門縣金湖鎮鎮長選舉,首次申報,1111221,其他收入,利息收入,,204.00,0.00,匯款,1111221,,,金錢,,,,,,,,,,
