﻿序號,擬參選人／政黨,選舉名稱,申報序號／年度,交易日期,收支科目,捐贈者／支出對象,身分證／統一編號,收入金額,支出金額,支出用途,金錢類,地址,聯絡電話,資料更正日期
1,林明正,107年直轄市議員選舉,首次申報,1070815,宣傳支出,承漢印刷有限公司,86730744,0.00,924.00,製作競選物品支出(名片),金錢,臺北市南京東****,,
2,林明正,107年直轄市議員選舉,首次申報,1070817,雜支支出,昭安宮管理委員會,,0.00,1000.00,普渡樂捐,金錢,臺北市南港區****,0227*****,
3,林明正,107年直轄市議員選舉,首次申報,1070820,宣傳支出,潤嘉實業有限公司,27807773,0.00,3150.00,旗幟,金錢,新北市中和區****,,
4,林明正,107年直轄市議員選舉,首次申報,1070821,宣傳支出,潤嘉實業有限公司,27807773,0.00,8400.00,活動背心、大立旗、旗桿,金錢,新北市中和區****,,
5,林明正,107年直轄市議員選舉,首次申報,1070822,交通旅運支出,車號TDF2708,,0.00,300.00,計程車乘車,金錢,,,
6,林明正,107年直轄市議員選舉,首次申報,1070827,雜支支出,中華電信,81691784,0.00,1001.00,電信費用,金錢,臺北市大安區****,,
7,林明正,107年直轄市議員選舉,首次申報,1070829,交通旅運支出,車號575-K5,,0.00,135.00,計程車乘車,金錢,,,
8,林明正,107年直轄市議員選舉,首次申報,1070829,交通旅運支出,車號8N-769,,0.00,165.00,計程車乘車,金錢,,,
9,林明正,107年直轄市議員選舉,首次申報,1070829,交通旅運支出,車號091-DM,,0.00,190.00,計程車乘車,金錢,,,
10,林明正,107年直轄市議員選舉,首次申報,1070829,交通旅運支出,車號TDA3201,,0.00,120.00,計程車乘車,金錢,,,
11,林明正,107年直轄市議員選舉,首次申報,1070830,交通旅運支出,計程車,,0.00,120.00,計程車乘車,金錢,,,
12,林明正,107年直轄市議員選舉,首次申報,1070830,交通旅運支出,車號706-EH,,0.00,155.00,計程車乘車,金錢,,,
13,林明正,107年直轄市議員選舉,首次申報,1070830,交通旅運支出,台灣中油,01113299,0.00,1393.00,加油費,金錢,臺北市信義區****,,
14,林明正,107年直轄市議員選舉,首次申報,1070830,交通旅運支出,建鑫開發(股)公司,70765181,0.00,90.00,停車費,金錢,臺北市松壽路****,,
15,林明正,107年直轄市議員選舉,首次申報,1070830,雜支支出,瓦城泰統股份有限公司信義分公司,80176590,0.00,1947.00,餐費,金錢,臺北市信義區****,,
16,林明正,107年直轄市議員選舉,首次申報,1070901,交通旅運支出,歐特儀股份有限公司,42542098,0.00,20.00,停車費,金錢,,,
17,林明正,107年直轄市議員選舉,首次申報,1070902,雜支支出,麥當勞台北忠孝二,23528080,0.00,216.00,餐費,金錢,,,
18,林明正,107年直轄市議員選舉,首次申報,1070902,雜支支出,杏子信義威秀店,42408304,0.00,990.00,餐費,金錢,臺北市信義區****,,
19,林明正,107年直轄市議員選舉,首次申報,1070903,交通旅運支出,台北市停車管理工程處,,0.00,615.00,停車費(-代收),金錢,台北市信義區****,,
20,林明正,107年直轄市議員選舉,首次申報,1070903,雜支支出,統一時代百貨韓虎嘯,28994845,0.00,559.00,餐費,金錢,,,
21,林明正,107年直轄市議員選舉,首次申報,1070903,雜支支出,統一時代百貨Laetitia,28994845,0.00,379.00,餐飲費,金錢,,,
22,林明正,107年直轄市議員選舉,首次申報,1070903,雜支支出,統一時代百貨涼食帖,28994845,0.00,50.00,餐飲費,金錢,,,
23,林明正,107年直轄市議員選舉,首次申報,1070904,交通旅運支出,車號TDH6288,,0.00,155.00,計程車乘車,金錢,,,
24,林明正,107年直轄市議員選舉,首次申報,1070904,宣傳支出,創新科技企業社,02413132,0.00,458.00,麥克風,金錢,,,
25,林明正,107年直轄市議員選舉,首次申報,1070905,交通旅運支出,車號TDA3220,,0.00,155.00,計程車乘車,金錢,,,
26,林明正,107年直轄市議員選舉,首次申報,1070905,交通旅運支出,台亞石油,10397753,0.00,1425.00,加油費,金錢,臺北市松山區****,,
27,林明正,107年直轄市議員選舉,首次申報,1070905,雜支支出,Starbucks,24739491,0.00,540.00,餐飲費,金錢,臺北市信義區****,,
28,林明正,107年直轄市議員選舉,首次申報,1070905,交通旅運支出,普客二四停車場股份有限公司,28858068,0.00,80.00,停車費,金錢,,,
29,林明正,107年直轄市議員選舉,首次申報,1070905,雜支支出,艾隆餐飲股份有限公司八德分公司,53721040,0.00,870.00,餐費,金錢,臺北市八德路****,,
30,林明正,107年直轄市議員選舉,首次申報,1070905,宣傳支出,承漢印刷有限公司,86730744,0.00,1848.00,製作競選物品支出(名片),金錢,臺北市南京東****,,
31,林明正,107年直轄市議員選舉,首次申報,1070906,雜支支出,爭鮮,12660619,0.00,290.00,餐費,金錢,,,
32,林明正,107年直轄市議員選舉,首次申報,1070906,雜支支出,茶湯會,72959472,0.00,35.00,餐飲費,金錢,,,
33,林明正,107年直轄市議員選舉,首次申報,1070907,雜支支出,徐家食品行,17079070,0.00,96.00,餐費,金錢,,,
34,林明正,107年直轄市議員選舉,首次申報,1070907,雜支支出,金仙魚丸店,21738700,0.00,390.00,餐費,金錢,,,
35,林明正,107年直轄市議員選舉,首次申報,1070908,雜支支出,原品茶行,38462282,0.00,35.00,餐飲費,金錢,,,
36,林明正,107年直轄市議員選舉,首次申報,1070909,交通旅運支出,車號TDD6251,,0.00,125.00,計程車乘車,金錢,,,
37,林明正,107年直轄市議員選舉,首次申報,1070909,交通旅運支出,計程車,,0.00,145.00,計程車乘車,金錢,,,
38,林明正,107年直轄市議員選舉,首次申報,1070909,雜支支出,麥當勞台北南京影城,16749636,0.00,403.00,餐飲費,金錢,,,
39,林明正,107年直轄市議員選舉,首次申報,1070909,雜支支出,FamilyMart新信德店,54387992,0.00,88.00,餐飲費,金錢,,,
40,林明正,107年直轄市議員選舉,首次申報,1070910,交通旅運支出,計程車,,0.00,200.00,計程車乘車,金錢,,,
41,林明正,107年直轄市議員選舉,首次申報,1070910,交通旅運支出,普客二四停車場股份有限公司,28858068,0.00,120.00,停車費,金錢,,,
42,林明正,107年直轄市議員選舉,首次申報,1070910,雜支支出,英達小吃店,42436370,0.00,200.00,餐費,金錢,,,
43,林明正,107年直轄市議員選舉,首次申報,1070911,交通旅運支出,台北市停車管理工程處,,0.00,1080.00,停車費,金錢,台北市信義區****,,
44,林明正,107年直轄市議員選舉,首次申報,1070911,雜支支出,原品茶行,38462282,0.00,35.00,餐飲費,金錢,,,
45,林明正,107年直轄市議員選舉,首次申報,1070912,交通旅運支出,台灣中油光復北路站,01606343,0.00,1500.00,加油費,金錢,,,
46,林明正,107年直轄市議員選舉,首次申報,1070912,雜支支出,金仙魚丸店,21738700,0.00,400.00,餐費,金錢,,,
47,林明正,107年直轄市議員選舉,首次申報,1070912,雜支支出,博創股份有限公司,22861093,0.00,3950.00,社區顧問證書,金錢,,,
48,林明正,107年直轄市議員選舉,首次申報,1070912,交通旅運支出,百里亭有限公司,52715750,0.00,50.00,停車費,金錢,,,
49,林明正,107年直轄市議員選舉,首次申報,1070912,租用競選辦事處支出,家樂福資產管理有限公司,54140984,0.00,37500.00,房屋仲介服務費,金錢,臺北市信義區****,,
50,林明正,107年直轄市議員選舉,首次申報,1070912,雜支支出,麥當勞台北莊敬,70763563,0.00,192.00,餐飲費,金錢,,,
51,林明正,107年直轄市議員選舉,首次申報,1070912,租用競選辦事處支出,黃淑琴,J22*******,0.00,225000.00,//-//店屋租金,金錢,臺北市松德路****,0986*****,
52,林明正,107年直轄市議員選舉,首次申報,1070913,交通旅運支出,計程車,,0.00,165.00,計程車乘車,金錢,,,
53,林明正,107年直轄市議員選舉,首次申報,1070913,雜支支出,香港步步高燒臘店,25657361,0.00,380.00,餐費,金錢,,,
54,林明正,107年直轄市議員選舉,首次申報,1070913,交通旅運支出,禾典實業有限公司獅大站營業處,25679457,0.00,120.00,停車費,金錢,,,
55,林明正,107年直轄市議員選舉,首次申報,1070913,雜支支出,Hi-Life萊爾富,42328891,0.00,111.00,餐飲費,金錢,,,
56,林明正,107年直轄市議員選舉,首次申報,1070914,雜支支出,愛買,,0.00,358.00,清潔用品,金錢,台北市信義區****,,
57,林明正,107年直轄市議員選舉,首次申報,1070914,租用競選辦事處支出,冠一刻印鎖匙行,,0.00,140.00,配鎖＋電池,金錢,,,
58,林明正,107年直轄市議員選舉,首次申報,1070914,雜支支出,辣十九國際開發有限公司,,0.00,1536.00,餐飲費,金錢,,0227*****,
59,林明正,107年直轄市議員選舉,首次申報,1070914,雜支支出,容盈商行,14713492,0.00,500.00,餐費,金錢,,,
60,林明正,107年直轄市議員選舉,首次申報,1070914,租用競選辦事處支出,美式佰樂有限公司,52524540,0.00,116.00,清潔用品,金錢,臺北市虎林街****,,
61,林明正,107年直轄市議員選舉,首次申報,1070915,交通旅運支出,計程車,,0.00,220.00,計程車乘車,金錢,,,
62,林明正,107年直轄市議員選舉,首次申報,1070915,交通旅運支出,計程車,,0.00,205.00,計程車乘車,金錢,,,
63,林明正,107年直轄市議員選舉,首次申報,1070915,交通旅運支出,台灣中油松山路站,01113299,0.00,1502.00,加油費,金錢,,,
64,林明正,107年直轄市議員選舉,首次申報,1070915,雜支支出,爭鮮,12660619,0.00,300.00,餐飲費,金錢,,,
65,林明正,107年直轄市議員選舉,首次申報,1070915,雜支支出,容盈商行,14713492,0.00,370.00,餐費,金錢,,,
66,林明正,107年直轄市議員選舉,首次申報,1070915,雜支支出,活醉蝦小吃店,15658931,0.00,1690.00,餐飲費,金錢,,,
67,林明正,107年直轄市議員選舉,首次申報,1070915,雜支支出,7-11萊福,16436352,0.00,25.00,餐飲費,金錢,,,
68,林明正,107年直轄市議員選舉,首次申報,1070915,雜支支出,屈臣氏延吉店,84311268,0.00,92.00,飲料費,金錢,,,
69,林明正,107年直轄市議員選舉,首次申報,1070916,雜支支出,costco,16439323,0.00,279.00,餐費,金錢,臺北市內湖區****,,
70,林明正,107年直轄市議員選舉,首次申報,1070916,雜支支出,三商巧福東興店,42266945,0.00,593.00,餐飲費,金錢,,,
71,林明正,107年直轄市議員選舉,首次申報,1070916,雜支支出,家樂福,80035874,0.00,758.00,清潔用品,金錢,,,
72,林明正,107年直轄市議員選舉,首次申報,1070917,雜支支出,牛奶芬小吃店,25547421,0.00,50.00,餐費,金錢,臺北市信義路****,,
73,林明正,107年直轄市議員選舉,首次申報,1070917,雜支支出,7-11松義,27246983,0.00,30.00,餐飲費,金錢,,,
74,林明正,107年直轄市議員選舉,首次申報,1070917,雜支支出,康青龍台北八德店,42430517,0.00,60.00,餐飲費,金錢,,,
75,林明正,107年直轄市議員選舉,首次申報,1070917,雜支支出,康青龍,42543250,0.00,70.00,餐飲費,金錢,臺北市信義區****,,
76,林明正,107年直轄市議員選舉,首次申報,1070917,雜支支出,新光三越屯京拉麵,70824891,0.00,580.00,餐費,金錢,,,
77,林明正,107年直轄市議員選舉,首次申報,1070918,交通旅運支出,台北市停車管理工程處,,0.00,710.00,D-停車費,金錢,臺北市信義區****,,
78,林明正,107年直轄市議員選舉,首次申報,1070918,交通旅運支出,台灣中油,01113299,0.00,1465.00,加油費,金錢,臺北市信義區****,,
79,林明正,107年直轄市議員選舉,首次申報,1070918,租用競選辦事處支出,信傑鎖店,12538147,0.00,600.00,拷貝遙控器,金錢,臺北市信義區****,,
80,林明正,107年直轄市議員選舉,首次申報,1070918,雜支支出,Hi-Life萊爾富,28996702,0.00,60.00,餐飲費,金錢,,,
81,林明正,107年直轄市議員選舉,首次申報,1070918,雜支支出,東門興記小吃店,38561369,0.00,440.00,餐費,金錢,臺北市信義區****,,
82,林明正,107年直轄市議員選舉,首次申報,1070918,租用競選辦事處支出,五興企業有限公司,54280020,0.00,23100.00,冷氣租賃工程,金錢,新北市三重區****,,
83,林明正,107年直轄市議員選舉,首次申報,1070918,雜支支出,頂好,70758885,0.00,86.00,礦泉水,金錢,臺北市信義區****,,
84,林明正,107年直轄市議員選舉,首次申報,1070919,交通旅運支出,車號TDA7993,,0.00,265.00,計程車乘車,金錢,,,
85,林明正,107年直轄市議員選舉,首次申報,1070919,雜支支出,FamilyMart永林店,16830729,0.00,23.00,餐飲費,金錢,,,
86,林明正,107年直轄市議員選舉,首次申報,1070919,雜支支出,7-11松義,27246983,0.00,53.00,餐飲費,金錢,,,
87,林明正,107年直轄市議員選舉,首次申報,1070919,雜支支出,東門興記小吃店,38561369,0.00,270.00,餐費,金錢,臺北市信義區****,,
88,林明正,107年直轄市議員選舉,首次申報,1070919,雜支支出,Kerens餐廳,42450750,0.00,160.00,餐費,金錢,,,
89,林明正,107年直轄市議員選舉,首次申報,1070919,雜支支出,麥當勞台北民生二,97162450,0.00,33.00,餐飲費,金錢,,,
90,林明正,107年直轄市議員選舉,首次申報,1070919,雜支支出,麥當勞台北民生二,97162450,0.00,166.00,餐飲費,金錢,,,
91,林明正,107年直轄市議員選舉,首次申報,1070920,交通旅運支出,車號TDH5697,,0.00,170.00,計程車乘車,金錢,,,
92,林明正,107年直轄市議員選舉,首次申報,1070920,交通旅運支出,車號522-YK,,0.00,195.00,計程車乘車,金錢,,,
93,林明正,107年直轄市議員選舉,首次申報,1070920,租用競選辦事處支出,正昇鎖匙行,,0.00,30.00,鑰匙,金錢,,,
94,林明正,107年直轄市議員選舉,首次申報,1070920,雜支支出,博創股份有限公司,22861093,0.00,1155.00,社區顧問證書,金錢,,,
95,林明正,107年直轄市議員選舉,首次申報,1070920,雜支支出,東門興記小吃店,38561369,0.00,490.00,餐費,金錢,臺北市信義區****,,
96,林明正,107年直轄市議員選舉,首次申報,1070920,雜支支出,大苑子,42358986,0.00,230.00,餐飲費,金錢,,,
97,林明正,107年直轄市議員選舉,首次申報,1070921,雜支支出,黃記美味燒臘店,10368119,0.00,515.00,餐費,金錢,,,
98,林明正,107年直轄市議員選舉,首次申報,1070921,雜支支出,7-11嘉馥,16833900,0.00,10.00,餐飲費,金錢,,,
99,林明正,107年直轄市議員選舉,首次申報,1070921,雜支支出,OKmart,23932053,0.00,85.00,餐飲費,金錢,,,
100,林明正,107年直轄市議員選舉,首次申報,1070921,雜支支出,嗎哪早餐店,31814213,0.00,260.00,餐飲費,金錢,,,
101,林明正,107年直轄市議員選舉,首次申報,1070921,雜支支出,頂好,70758885,0.00,43.00,礦泉水,金錢,,,
102,林明正,107年直轄市議員選舉,首次申報,1070921,宣傳支出,承漢印刷有限公司,86730744,0.00,2762.00,製作競選物品支出(DM),金錢,臺北市南京東****,,
103,林明正,107年直轄市議員選舉,首次申報,1070921,雜支支出,鮮活小吃店,99614796,0.00,2980.00,餐飲費,金錢,,,
104,林明正,107年直轄市議員選舉,首次申報,1070922,雜支支出,7-11新東宮,,0.00,70.00,餐飲費,金錢,,0223*****,
105,林明正,107年直轄市議員選舉,首次申報,1070922,交通旅運支出,台灣中油忠孝東路站,01113283,0.00,1454.00,加油費,金錢,,,
106,林明正,107年直轄市議員選舉,首次申報,1070922,雜支支出,周記北平餡餅粥,14718546,0.00,40.00,餐費,金錢,,,
107,林明正,107年直轄市議員選舉,首次申報,1070922,雜支支出,三商巧福東興店,42266945,0.00,764.00,餐費,金錢,,,
108,林明正,107年直轄市議員選舉,首次申報,1070922,交通旅運支出,聯永物業股份有限公司,42328512,0.00,45.00,停車費,金錢,,,
109,林明正,107年直轄市議員選舉,首次申報,1070922,交通旅運支出,聯永物業股份有限公司,42328512,0.00,15.00,停車費,金錢,,,
110,林明正,107年直轄市議員選舉,首次申報,1070922,雜支支出,春發小吃店,42503460,0.00,190.00,餐費,金錢,,,
111,林明正,107年直轄市議員選舉,首次申報,1070922,雜支支出,7-11信林,54388752,0.00,25.00,餐飲費,金錢,,,
112,林明正,107年直轄市議員選舉,首次申報,1070923,交通旅運支出,車號178-K6,,0.00,165.00,計程車乘車,金錢,,,
113,林明正,107年直轄市議員選舉,首次申報,1070923,雜支支出,新光三越稍飽-飽飽,16091596,0.00,175.00,餐費,金錢,,,
114,林明正,107年直轄市議員選舉,首次申報,1070923,雜支支出,新光三越,16091596,0.00,379.00,餐飲費,金錢,,,
115,林明正,107年直轄市議員選舉,首次申報,1070923,雜支支出,新光三越葡吉小廚,16091596,0.00,35.00,餐飲費,金錢,,,
116,林明正,107年直轄市議員選舉,首次申報,1070923,雜支支出,新光三越翰林茶館,16091596,0.00,85.00,餐飲費,金錢,,,
117,林明正,107年直轄市議員選舉,首次申報,1070923,雜支支出,新光三越頂呱呱,16091596,0.00,155.00,餐飲費,金錢,,,
118,林明正,107年直轄市議員選舉,首次申報,1070923,交通旅運支出,新光三越,16091596,0.00,150.00,停車費,金錢,,,
119,林明正,107年直轄市議員選舉,首次申報,1070923,雜支支出,7-11嘉馥,16833900,0.00,10.00,餐飲費,金錢,,,
120,林明正,107年直轄市議員選舉,首次申報,1070923,雜支支出,7-11嘉馥,16833900,0.00,15.00,餐飲費,金錢,,,
121,林明正,107年直轄市議員選舉,首次申報,1070923,雜支支出,春發小吃店,42503460,0.00,169.00,餐費,金錢,,,
122,林明正,107年直轄市議員選舉,首次申報,1070924,雜支支出,爭鮮,12660619,0.00,690.00,餐費,金錢,,,
123,林明正,107年直轄市議員選舉,首次申報,1070924,雜支支出,麥當勞台北忠孝二,23528080,0.00,139.00,餐飲費,金錢,,,
124,林明正,107年直轄市議員選舉,首次申報,1070924,雜支支出,麥當勞台北忠孝二,23528080,0.00,181.00,餐飲費,金錢,,,
125,林明正,107年直轄市議員選舉,首次申報,1070924,交通旅運支出,詮營停車,42472213,0.00,20.00,停車費,金錢,,,
126,林明正,107年直轄市議員選舉,首次申報,1070924,雜支支出,7-11信林,54388752,0.00,23.00,餐飲費,金錢,,,
127,林明正,107年直轄市議員選舉,首次申報,1070925,雜支支出,麥味登北市永春店,,0.00,90.00,餐飲費,金錢,,0227*****,
128,林明正,107年直轄市議員選舉,首次申報,1070925,雜支支出,麥味登北市永春店,,0.00,205.00,餐飲費,金錢,,0227*****,
129,林明正,107年直轄市議員選舉,首次申報,1070925,雜支支出,麥味登北市永春店,,0.00,100.00,餐飲費,金錢,,0227*****,
130,林明正,107年直轄市議員選舉,首次申報,1070925,雜支支出,黃記美味燒臘店,10368119,0.00,300.00,餐費,金錢,,,
131,林明正,107年直轄市議員選舉,首次申報,1070925,交通旅運支出,普客二四停車場股份有限公司,28858068,0.00,30.00,停車費,金錢,,,
132,林明正,107年直轄市議員選舉,首次申報,1070925,雜支支出,FamilyMart松友店,28970317,0.00,202.00,餐飲費,金錢,,,
133,林明正,107年直轄市議員選舉,首次申報,1070925,雜支支出,茶湯會,72959472,0.00,35.00,餐飲費,金錢,,,
134,林明正,107年直轄市議員選舉,首次申報,1070925,雜支支出,中華電信,81691784,0.00,1054.00,電信費用,金錢,臺北市大安區****,,
135,林明正,107年直轄市議員選舉,首次申報,1070926,租用競選辦事處支出,PChome,,0.00,1099.00,躺椅,金錢,,,
136,林明正,107年直轄市議員選舉,首次申報,1070926,交通旅運支出,台北市停車管理工程處,,0.00,435.00,停車費,金錢,台北市信義區****,,
137,林明正,107年直轄市議員選舉,首次申報,1070926,交通旅運支出,台灣中油松山路站,01113299,0.00,1028.00,加油費,金錢,,,
138,林明正,107年直轄市議員選舉,首次申報,1070926,雜支支出,7-11松義,27246983,0.00,64.00,餐飲費,金錢,,,
139,林明正,107年直轄市議員選舉,首次申報,1070926,雜支支出,東門興記小吃店,38561369,0.00,520.00,餐費,金錢,,,
140,林明正,107年直轄市議員選舉,首次申報,1070926,雜支支出,春發小吃店,42503460,0.00,50.00,餐費,金錢,,,
141,林明正,107年直轄市議員選舉,首次申報,1070927,交通旅運支出,計程車,,0.00,155.00,計程車乘車,金錢,,,
142,林明正,107年直轄市議員選舉,首次申報,1070927,交通旅運支出,計程車,,0.00,210.00,計程車乘車,金錢,,,
143,林明正,107年直轄市議員選舉,首次申報,1070927,交通旅運支出,計程車,,0.00,170.00,計程車乘車,金錢,,,
144,林明正,107年直轄市議員選舉,首次申報,1070927,交通旅運支出,台灣中油松山路站,01113299,0.00,157.00,加油費,金錢,,,
145,林明正,107年直轄市議員選舉,首次申報,1070927,雜支支出,東門興記小吃店,38561369,0.00,200.00,餐費,金錢,,,
146,林明正,107年直轄市議員選舉,首次申報,1070927,雜支支出,春發小吃店,42503460,0.00,140.00,餐費,金錢,,,
147,林明正,107年直轄市議員選舉,首次申報,1070928,交通旅運支出,計程車,,0.00,170.00,計程車乘車,金錢,,,
148,林明正,107年直轄市議員選舉,首次申報,1070928,交通旅運支出,計程車,,0.00,160.00,計程車乘車,金錢,,,
149,林明正,107年直轄市議員選舉,首次申報,1070928,交通旅運支出,台北市停車管理工程處,,0.00,150.00,停車費,金錢,台北市信義區****,,
150,林明正,107年直轄市議員選舉,首次申報,1070928,雜支支出,微風台北車站翰林茶坊,28441577,0.00,85.00,餐飲費,金錢,,,
151,林明正,107年直轄市議員選舉,首次申報,1070928,雜支支出,微風台北車站TEN屋,28441577,0.00,385.00,餐費,金錢,,,
152,林明正,107年直轄市議員選舉,首次申報,1070929,交通旅運支出,計程車,,0.00,135.00,計程車乘車,金錢,,,
153,林明正,107年直轄市議員選舉,首次申報,1070929,雜支支出,松德恩早餐店,26223081,0.00,350.00,餐飲費,金錢,,,
154,林明正,107年直轄市議員選舉,首次申報,1070929,雜支支出,大苑子,42358986,0.00,60.00,餐飲費,金錢,,,
155,林明正,107年直轄市議員選舉,首次申報,1070930,交通旅運支出,台灣中油松山路站,01113299,0.00,1473.00,加油費,金錢,,,
156,林明正,107年直轄市議員選舉,首次申報,1070930,交通旅運支出,大日開發有限公司府前營業所,42304785,0.00,60.00,停車費,金錢,,,
157,林明正,107年直轄市議員選舉,首次申報,1070930,雜支支出,FamilyMart新信德店,54387992,0.00,101.00,餐飲費,金錢,,,
158,林明正,107年直轄市議員選舉,首次申報,1071001,交通旅運支出,台北市停車管理工程處嘉興公園地下停車場,,0.00,105.00,停車費,金錢,,0287*****,
159,林明正,107年直轄市議員選舉,首次申報,1071001,交通旅運支出,台北市停車管理工程處,,0.00,330.00,停車費,金錢,台北市信義區****,,
160,林明正,107年直轄市議員選舉,首次申報,1071001,雜支支出,立泰小吃店(我家牛排信義和三店),10308598,0.00,3520.00,餐飲費,金錢,,,
161,林明正,107年直轄市議員選舉,首次申報,1071001,雜支支出,徐家食品行,17079070,0.00,120.00,餐飲費,金錢,,,
162,林明正,107年直轄市議員選舉,首次申報,1071001,雜支支出,東門興記小吃店,38561369,0.00,80.00,餐費,金錢,,,
163,林明正,107年直轄市議員選舉,首次申報,1071001,雜支支出,智通數位,42646755,0.00,2307.00,捐款平台手續費收取,金錢,,,
164,林明正,107年直轄市議員選舉,首次申報,1071001,雜支支出,7-11崇德,53660276,0.00,25.00,餐飲費,金錢,,,
165,林明正,107年直轄市議員選舉,首次申報,1071002,交通旅運支出,計程車,,0.00,80.00,計程車乘車,金錢,,,
166,林明正,107年直轄市議員選舉,首次申報,1071002,雜支支出,松德恩早餐店,26223081,0.00,360.00,餐飲費,金錢,,,
167,林明正,107年直轄市議員選舉,首次申報,1071002,雜支支出,原品茶行,38462282,0.00,35.00,餐飲費,金錢,,,
168,林明正,107年直轄市議員選舉,首次申報,1071002,雜支支出,龍鼎麵館,42418422,0.00,228.00,餐費,金錢,,,
169,林明正,107年直轄市議員選舉,首次申報,1071003,交通旅運支出,車號TDB0522,,0.00,200.00,計程車乘車,金錢,,,
170,林明正,107年直轄市議員選舉,首次申報,1071003,交通旅運支出,藍天使衛星車隊車號289-H5,,0.00,155.00,計程車乘車,金錢,,,
171,林明正,107年直轄市議員選舉,首次申報,1071003,雜支支出,黃記美味燒臘店,10368119,0.00,615.00,餐費,金錢,,,
172,林明正,107年直轄市議員選舉,首次申報,1071003,租用競選辦事處支出,科基出版社,42293605,0.00,18110.00,橫直式招牌與燈管,金錢,臺北市杭州南****,,
173,林明正,107年直轄市議員選舉,首次申報,1071004,交通旅運支出,車號6A-938,,0.00,170.00,計程車乘車,金錢,,,
174,林明正,107年直轄市議員選舉,首次申報,1071004,交通旅運支出,車號197-L6,,0.00,140.00,計程車乘車,金錢,,,
175,林明正,107年直轄市議員選舉,首次申報,1071004,交通旅運支出,車號TAQ865,,0.00,145.00,計程車乘車,金錢,,,
176,林明正,107年直轄市議員選舉,首次申報,1071004,雜支支出,五二七美食店,25513230,0.00,200.00,餐費,金錢,,,
177,林明正,107年直轄市議員選舉,首次申報,1071004,雜支支出,京星餐廳,27535864,0.00,985.00,餐飲費,金錢,,,
178,林明正,107年直轄市議員選舉,首次申報,1071004,雜支支出,英達小吃店,42436370,0.00,90.00,餐費,金錢,,,
179,林明正,107年直轄市議員選舉,首次申報,1071005,交通旅運支出,台灣中油光復北路站,01606343,0.00,1465.00,加油費,金錢,,,
180,林明正,107年直轄市議員選舉,首次申報,1071005,雜支支出,黃記美味燒臘店,10368119,0.00,445.00,餐費,金錢,,,
181,林明正,107年直轄市議員選舉,首次申報,1071005,雜支支出,7-11松義,27246983,0.00,10.00,報紙,金錢,,,
182,林明正,107年直轄市議員選舉,首次申報,1071005,雜支支出,陳記麵館,42428955,0.00,540.00,餐費,金錢,,,
183,林明正,107年直轄市議員選舉,首次申報,1071005,雜支支出,7-11征唐,70758323,0.00,20.00,餐飲費,金錢,,,
184,林明正,107年直轄市議員選舉,首次申報,1071005,人事費用支出,胡堅忠,A12*******,0.00,40000.00,月薪資,金錢,臺北市松隆路****,0227*****,
185,林明正,107年直轄市議員選舉,首次申報,1071005,人事費用支出,楊佳琪,A22*******,0.00,30000.00,月薪資,金錢,臺北市文山區****,,
186,林明正,107年直轄市議員選舉,首次申報,1071005,人事費用支出,錢建勳,D12*******,0.00,30000.00,月薪資,金錢,臺南市北區北****,0919*****,
187,林明正,107年直轄市議員選舉,首次申報,1071005,人事費用支出,許慧敏,F22*******,0.00,25000.00,月薪資,金錢,臺北市信義路****,0227*****,
188,林明正,107年直轄市議員選舉,首次申報,1071006,交通旅運支出,COSMOS,03069208,0.00,125.00,停車費,金錢,,,
189,林明正,107年直轄市議員選舉,首次申報,1071006,雜支支出,微風台北車站餐廳,28441577,0.00,298.00,餐費,金錢,,,
190,林明正,107年直轄市議員選舉,首次申報,1071007,雜支支出,易家特製涼麵,,0.00,55.00,餐費,金錢,,0227*****,
191,林明正,107年直轄市議員選舉,首次申報,1071007,雜支支出,周記北平餡餅粥,14718546,0.00,255.00,餐費,金錢,,,
192,林明正,107年直轄市議員選舉,首次申報,1071007,雜支支出,活醉蝦,15658931,0.00,90.00,餐費,金錢,,,
193,林明正,107年直轄市議員選舉,首次申報,1071007,雜支支出,康青龍信義松山店,42543250,0.00,70.00,餐飲費,金錢,,,
194,林明正,107年直轄市議員選舉,首次申報,1071008,交通旅運支出,台北市停車管理工程處,,0.00,735.00,停車費,金錢,台北市信義區****,,
195,林明正,107年直轄市議員選舉,首次申報,1071008,交通旅運支出,新長越企業有限公司,42331328,0.00,125.00,停車費,金錢,,,
196,林明正,107年直轄市議員選舉,首次申報,1071008,雜支支出,英達小吃店,42436370,0.00,90.00,餐費,金錢,,,
197,林明正,107年直轄市議員選舉,首次申報,1071008,雜支支出,英達小吃店,42436370,0.00,85.00,餐費,金錢,,,
198,林明正,107年直轄市議員選舉,首次申報,1071008,雜支支出,Kerens餐廳,42450750,0.00,117.00,餐費,金錢,,,
199,林明正,107年直轄市議員選舉,首次申報,1071008,雜支支出,Kerens餐廳,42450750,0.00,441.00,餐費,金錢,,,
200,林明正,107年直轄市議員選舉,首次申報,1071008,雜支支出,湘庭小吃店,48753160,0.00,90.00,餐費,金錢,,,
201,林明正,107年直轄市議員選舉,首次申報,1071008,雜支支出,頂好,70758885,0.00,84.00,礦泉水,金錢,,,
202,林明正,107年直轄市議員選舉,首次申報,1071009,雜支支出,7-11嘉馥,16833900,0.00,45.00,餐飲費,金錢,,,
203,林明正,107年直轄市議員選舉,首次申報,1071009,雜支支出,麥當勞台北忠孝二,23528080,0.00,105.00,餐飲費,金錢,,,
204,林明正,107年直轄市議員選舉,首次申報,1071009,雜支支出,東門興記小吃店,38561369,0.00,80.00,餐費,金錢,,,
205,林明正,107年直轄市議員選舉,首次申報,1071009,雜支支出,寶斗小吃店,42278837,0.00,70.00,餐費,金錢,,,
206,林明正,107年直轄市議員選舉,首次申報,1071009,租用競選辦事處支出,科基出版社,42293605,0.00,10550.00,橫式招牌(加燈管),金錢,臺北市杭州南****,,
207,林明正,107年直轄市議員選舉,首次申報,1071009,雜支支出,康青龍台北八德店,42430517,0.00,60.00,餐飲費,金錢,,,
208,林明正,107年直轄市議員選舉,首次申報,1071010,交通旅運支出,板橋藝文營業所,,0.00,40.00,停車費,金錢,,0222*****,
209,林明正,107年直轄市議員選舉,首次申報,1071010,交通旅運支出,車號TAQ-630,,0.00,190.00,計程車乘車,金錢,,,
210,林明正,107年直轄市議員選舉,首次申報,1071010,交通旅運支出,台灣中油忠孝東路站,01113283,0.00,1539.00,加油費,金錢,,,
211,林明正,107年直轄市議員選舉,首次申報,1071010,雜支支出,麥當勞板橋文化,16740115,0.00,223.00,餐飲費,金錢,,,
212,林明正,107年直轄市議員選舉,首次申報,1071010,雜支支出,麥當勞板橋文化,16740115,0.00,134.00,餐飲費,金錢,,,
213,林明正,107年直轄市議員選舉,首次申報,1071010,雜支支出,麥當勞板橋文化,16740115,0.00,50.00,餐飲費,金錢,,,
214,林明正,107年直轄市議員選舉,首次申報,1071010,雜支支出,Starbucks,24739491,0.00,160.00,餐飲費,金錢,,,
215,林明正,107年直轄市議員選舉,首次申報,1071010,交通旅運支出,金華停車場,25597435,0.00,40.00,停車費,金錢,,,
216,林明正,107年直轄市議員選舉,首次申報,1071010,交通旅運支出,大日開發有限公司府前營業所,42304785,0.00,150.00,停車費,金錢,,,
217,林明正,107年直轄市議員選舉,首次申報,1071011,交通旅運支出,車號TDA5339,,0.00,140.00,計程車乘車,金錢,,,
218,林明正,107年直轄市議員選舉,首次申報,1071011,雜支支出,黃記美味燒臘店,10368119,0.00,555.00,餐費,金錢,,,
219,林明正,107年直轄市議員選舉,首次申報,1071011,雜支支出,源記茶行,38462282,0.00,35.00,飲料費,金錢,,,
220,林明正,107年直轄市議員選舉,首次申報,1071011,雜支支出,湘庭小吃店,48753160,0.00,240.00,餐費,金錢,,,
221,林明正,107年直轄市議員選舉,首次申報,1071011,雜支支出,平安小吃店,48884297,0.00,270.00,餐費,金錢,,,
222,林明正,107年直轄市議員選舉,首次申報,1071012,交通旅運支出,車號342-B8,,0.00,190.00,計程車乘車,金錢,,,
223,林明正,107年直轄市議員選舉,首次申報,1071012,交通旅運支出,車號TDG2338,,0.00,170.00,計程車乘車,金錢,,,
224,林明正,107年直轄市議員選舉,首次申報,1071012,宣傳支出,大目汽車用品有限公司,20981804,0.00,7300.00,演講或表演支出,金錢,,,
225,林明正,107年直轄市議員選舉,首次申報,1071012,雜支支出,滿堂彩,28868072,0.00,1397.00,餐飲費,金錢,,,
226,林明正,107年直轄市議員選舉,首次申報,1071012,雜支支出,英達小吃店,42436370,0.00,110.00,餐費,金錢,,,
227,林明正,107年直轄市議員選舉,首次申報,1071012,雜支支出,誠品生活,54346613,0.00,57.00,餐飲費,金錢,,,
228,林明正,107年直轄市議員選舉,首次申報,1071012,雜支支出,誠品生活,54346613,0.00,57.00,餐飲費,金錢,,,
229,林明正,107年直轄市議員選舉,首次申報,1071013,租用競選辦事處支出,新興五金行,,0.00,1210.00,塑膠椅、紙杯,金錢,,,
230,林明正,107年直轄市議員選舉,首次申報,1071013,雜支支出,統一時代百貨博多山海,28994845,0.00,726.00,餐飲費,金錢,,,
231,林明正,107年直轄市議員選舉,首次申報,1071013,雜支支出,統一時代百貨涼食帖,28994845,0.00,50.00,餐飲費,金錢,,,
232,林明正,107年直轄市議員選舉,首次申報,1071013,雜支支出,艾隆餐飲股份有限公司八德分公司,53721040,0.00,1150.00,餐飲費,金錢,,,
233,林明正,107年直轄市議員選舉,首次申報,1071013,雜支支出,誠品生活,54346613,0.00,141.00,餐飲費,金錢,,,
234,林明正,107年直轄市議員選舉,首次申報,1071013,雜支支出,家樂福,80035874,0.00,958.00,食物費用,金錢,,,
235,林明正,107年直轄市議員選舉,首次申報,1071013,交通旅運支出,京華城,97170634,0.00,20.00,停車費,金錢,,,
236,林明正,107年直轄市議員選舉,首次申報,1071014,交通旅運支出,車號AAA-111,,0.00,145.00,計程車乘車,金錢,,,
237,林明正,107年直轄市議員選舉,首次申報,1071014,交通旅運支出,車號TAJ-178,,0.00,130.00,計程車乘車,金錢,,,
238,林明正,107年直轄市議員選舉,首次申報,1071014,雜支支出,大夢股份有限公司,13106420,0.00,730.00,餐飲費,金錢,,,
239,林明正,107年直轄市議員選舉,首次申報,1071014,雜支支出,英達小吃店,42436370,0.00,105.00,餐費,金錢,,,
240,林明正,107年直轄市議員選舉,首次申報,1071014,雜支支出,英達小吃店,42436370,0.00,140.00,餐費,金錢,,,
241,林明正,107年直轄市議員選舉,首次申報,1071014,雜支支出,Double5,42509210,0.00,400.00,茶資,金錢,,,
242,林明正,107年直轄市議員選舉,首次申報,1071014,雜支支出,水雲堂,72918472,0.00,80.00,飲料費,金錢,,,
243,林明正,107年直轄市議員選舉,首次申報,1071015,交通旅運支出,新北市自營停,,0.00,15.00,停車費,金錢,,,
244,林明正,107年直轄市議員選舉,首次申報,1071015,交通旅運支出,台北市停車管理工程處,,0.00,695.00,停車費,金錢,台北市信義區****,,
245,林明正,107年直轄市議員選舉,首次申報,1071015,雜支支出,黃記美味燒臘店,10368119,0.00,555.00,餐費,金錢,,,
246,林明正,107年直轄市議員選舉,首次申報,1071015,雜支支出,FamilyMart松友店,28970317,0.00,45.00,餐飲費,金錢,,,
247,林明正,107年直轄市議員選舉,首次申報,1071015,租用競選辦事處支出,五興企業有限公司,54280020,0.00,6300.00,冷氣租賃工程,金錢,新北市三重區****,,
248,林明正,107年直轄市議員選舉,首次申報,1071016,宣傳支出,漁歌展業股份有限公司,,0.00,2415.00,製作競選物品支出-易拉展海報製作費,金錢,,0225*****,
249,林明正,107年直轄市議員選舉,首次申報,1071016,交通旅運支出,車號TDF6286,,0.00,120.00,計程車乘車,金錢,,,
250,林明正,107年直轄市議員選舉,首次申報,1071016,交通旅運支出,美修汽車商行,,0.00,50.00,停車費,金錢,,,
251,林明正,107年直轄市議員選舉,首次申報,1071016,交通旅運支出,車號339-8D,,0.00,140.00,計程車乘車,金錢,,,
252,林明正,107年直轄市議員選舉,首次申報,1071016,交通旅運支出,台灣中油松山路站,01113299,0.00,1525.00,加油費,金錢,,,
253,林明正,107年直轄市議員選舉,首次申報,1071016,租用競選辦事處支出,PChome,16606102,0.00,1380.00,無線電話,金錢,,,
254,林明正,107年直轄市議員選舉,首次申報,1071016,雜支支出,7-11耀港,16845075,0.00,20.00,餐飲費,金錢,,,
255,林明正,107年直轄市議員選舉,首次申報,1071016,雜支支出,鴻陽小吃店,38472514,0.00,190.00,餐飲費,金錢,,,
256,林明正,107年直轄市議員選舉,首次申報,1071016,雜支支出,鴻陽小吃店,38472514,0.00,850.00,餐飲費,金錢,,,
257,林明正,107年直轄市議員選舉,首次申報,1071016,雜支支出,英達小吃店,42436370,0.00,170.00,餐費,金錢,,,
258,林明正,107年直轄市議員選舉,首次申報,1071016,租用競選辦事處支出,中華電信,81691784,0.00,705.00,總部電話費,金錢,,,
259,林明正,107年直轄市議員選舉,首次申報,1071017,交通旅運支出,車號TDA8991,,0.00,160.00,計程車乘車,金錢,,,
260,林明正,107年直轄市議員選舉,首次申報,1071017,雜支支出,黃記美味燒臘店,10368119,0.00,270.00,餐費,金錢,,,
261,林明正,107年直轄市議員選舉,首次申報,1071017,雜支支出,麥當勞台北光復,23527603,0.00,95.00,餐飲費,金錢,,,
262,林明正,107年直轄市議員選舉,首次申報,1071017,雜支支出,麥當勞台北光復,23527603,0.00,50.00,餐飲費,金錢,,,
263,林明正,107年直轄市議員選舉,首次申報,1071017,交通旅運支出,柏鼎有限公司光復平面停車場,31833886,0.00,80.00,停車費,金錢,,,
264,林明正,107年直轄市議員選舉,首次申報,1071017,雜支支出,東門興記小吃店,38561369,0.00,260.00,餐費,金錢,,,
265,林明正,107年直轄市議員選舉,首次申報,1071018,雜支支出,爭鮮,12660619,0.00,350.00,餐飲費,金錢,,,
266,林明正,107年直轄市議員選舉,首次申報,1071018,雜支支出,巧群企業有限公司,25131275,0.00,159.00,噴漆、油筆,金錢,,,
267,林明正,107年直轄市議員選舉,首次申報,1071018,雜支支出,東門興記小吃店,38561369,0.00,320.00,餐費,金錢,,,
268,林明正,107年直轄市議員選舉,首次申報,1071018,雜支支出,茶湯會,72959472,0.00,35.00,飲料費,金錢,,,
269,林明正,107年直轄市議員選舉,首次申報,1071018,雜支支出,家樂福,80035874,0.00,129.00,水,金錢,,,
270,林明正,107年直轄市議員選舉,首次申報,1071019,交通旅運支出,車號272L5,,0.00,155.00,計程車乘車,金錢,,,
271,林明正,107年直轄市議員選舉,首次申報,1071019,交通旅運支出,台北市停車管理工程處信義廣場地下停車場,,0.00,75.00,停車費,金錢,,,
272,林明正,107年直轄市議員選舉,首次申報,1071019,雜支支出,福昌文具有限公司,16619726,0.00,90.00,文具用品,金錢,,,
273,林明正,107年直轄市議員選舉,首次申報,1071019,雜支支出,巧群企業有限公司,25131275,0.00,7.00,礦泉水,金錢,,,
274,林明正,107年直轄市議員選舉,首次申報,1071019,雜支支出,何明鴨庄,26369108,0.00,265.00,餐費,金錢,,,
275,林明正,107年直轄市議員選舉,首次申報,1071019,雜支支出,鮮茶道,42433388,0.00,40.00,飲料費,金錢,,,
276,林明正,107年直轄市議員選舉,首次申報,1071019,雜支支出,路易莎咖啡,42657963,0.00,45.00,飲料費,金錢,,,
277,林明正,107年直轄市議員選舉,首次申報,1071020,交通旅運支出,車號TDH7197,,0.00,280.00,計程車乘車,金錢,,,
278,林明正,107年直轄市議員選舉,首次申報,1071020,雜支支出,7-11嘉馥,16833900,0.00,20.00,報紙,金錢,,,
279,林明正,107年直轄市議員選舉,首次申報,1071020,雜支支出,麥當勞台北忠孝二,23528080,0.00,481.00,餐飲費,金錢,,,
280,林明正,107年直轄市議員選舉,首次申報,1071021,交通旅運支出,蔡瑞和,,0.00,40.00,停車費,金錢,,,
281,林明正,107年直轄市議員選舉,首次申報,1071021,雜支支出,大夢股份有限公司,13106420,0.00,820.00,餐費,金錢,,,
282,林明正,107年直轄市議員選舉,首次申報,1071021,租用宣傳車輛支出,全國南港加油站,17766268,0.00,100.00,洗車,金錢,,,
283,林明正,107年直轄市議員選舉,首次申報,1071021,交通旅運支出,全國南港加油站,17766268,0.00,1399.00,加油費,金錢,,,
284,林明正,107年直轄市議員選舉,首次申報,1071021,雜支支出,春發小吃店,42503460,0.00,178.00,餐費,金錢,,,
285,林明正,107年直轄市議員選舉,首次申報,1071021,雜支支出,新光三越翰林茶館,70824891,0.00,170.00,餐飲費,金錢,,,
286,林明正,107年直轄市議員選舉,首次申報,1071021,雜支支出,新光三越麥當勞,70824891,0.00,70.00,餐飲費,金錢,,,
287,林明正,107年直轄市議員選舉,首次申報,1071021,雜支支出,新光三越廣安階,70824891,0.00,70.00,餐飲費,金錢,,,
288,林明正,107年直轄市議員選舉,首次申報,1071021,交通旅運支出,歐特儀股份有限公司,72940220,0.00,100.00,停車費,金錢,,,
289,林明正,107年直轄市議員選舉,首次申報,1071022,交通旅運支出,台北市停車管理工程處,,0.00,745.00,停車費,金錢,台北市信義區****,,
290,林明正,107年直轄市議員選舉,首次申報,1071022,雜支支出,黃記美味燒臘店,10368119,0.00,265.00,餐費,金錢,,,
291,林明正,107年直轄市議員選舉,首次申報,1071022,雜支支出,明仁五金行,20572060,0.00,1150.00,電茶壺,金錢,,,
292,林明正,107年直轄市議員選舉,首次申報,1071022,雜支支出,7-11松義,27246983,0.00,10.00,報紙,金錢,,,
293,林明正,107年直轄市議員選舉,首次申報,1071022,交通旅運支出,俥亭停車南京東路停車場,31998774,0.00,40.00,停車費,金錢,,,
294,林明正,107年直轄市議員選舉,首次申報,1071022,雜支支出,東門興記小吃店,38561369,0.00,520.00,餐費,金錢,,,
295,林明正,107年直轄市議員選舉,首次申報,1071023,交通旅運支出,車號616-CW,,0.00,110.00,計程車乘車,金錢,,,
296,林明正,107年直轄市議員選舉,首次申報,1071023,雜支支出,黃記美味燒臘店,10368119,0.00,360.00,餐費,金錢,,,
297,林明正,107年直轄市議員選舉,首次申報,1071023,宣傳支出,色彩創意廣告印刷,24209562,0.00,6300.00,設計競選廣告版面,金錢,,,
298,林明正,107年直轄市議員選舉,首次申報,1071023,交通旅運支出,勤華企業有限公司松德停車場,31898780,0.00,90.00,停車費,金錢,,,
299,林明正,107年直轄市議員選舉,首次申報,1071023,雜支支出,原品茶行,38462282,0.00,35.00,飲料費,金錢,,,
300,林明正,107年直轄市議員選舉,首次申報,1071023,雜支支出,東門興記小吃店,38561369,0.00,120.00,餐費,金錢,,,
301,林明正,107年直轄市議員選舉,首次申報,1071023,雜支支出,半島牛肉麵店,42433710,0.00,240.00,餐費,金錢,,,
302,林明正,107年直轄市議員選舉,首次申報,1071023,交通旅運支出,中信停車有限公司虎林街停車場,72967557,0.00,45.00,停車費,金錢,,,
303,林明正,107年直轄市議員選舉,首次申報,1071024,宣傳支出,米波羅企業有限公司,,0.00,800.00,麥克風充電電池,金錢,臺北市大安區****,,
304,林明正,107年直轄市議員選舉,首次申報,1071024,雜支支出,全家松仁店,28422184,0.00,199.00,電池,金錢,,,
305,林明正,107年直轄市議員選舉,首次申報,1071024,交通旅運支出,勤華企業有限公司松德停車場,31898780,0.00,45.00,停車費,金錢,,,
306,林明正,107年直轄市議員選舉,首次申報,1071024,雜支支出,東門興記小吃店,38561369,0.00,740.00,餐費,金錢,,,
307,林明正,107年直轄市議員選舉,首次申報,1071024,租用宣傳車輛支出,科基出版社,42293605,0.00,9260.00,四邊車身廣告貼紙,金錢,臺北市杭州南****,,
308,林明正,107年直轄市議員選舉,首次申報,1071024,交通旅運支出,昶泰松仁路135號空地旁,42462664,0.00,45.00,停車費,金錢,,,
309,林明正,107年直轄市議員選舉,首次申報,1071025,雜支支出,王記水餃,,0.00,255.00,餐費,金錢,,0930*****,
310,林明正,107年直轄市議員選舉,首次申報,1071025,雜支支出,黃記美味燒臘店,10368119,0.00,95.00,餐費,金錢,,,
311,林明正,107年直轄市議員選舉,首次申報,1071025,雜支支出,黃記美味燒臘店,10368119,0.00,395.00,餐費,金錢,,,
312,林明正,107年直轄市議員選舉,首次申報,1071025,雜支支出,原品茶行,38462282,0.00,35.00,飲料費,金錢,,,
313,林明正,107年直轄市議員選舉,首次申報,1071025,宣傳支出,承漢印刷有限公司,86730744,0.00,33264.00,製作競選物品支出-競選DM,金錢,臺北市南京東****,,
314,林明正,107年直轄市議員選舉,首次申報,1071026,雜支支出,福州小吃店,,0.00,70.00,餐費,金錢,台北市信義區****,,
315,林明正,107年直轄市議員選舉,首次申報,1071026,宣傳支出,鑫采邑國際有限公司,,0.00,3750.00,數字號貼紙,金錢,,0222*****,
316,林明正,107年直轄市議員選舉,首次申報,1071026,交通旅運支出,台灣中油基隆路站,01802112,0.00,1596.00,加油費,金錢,,,
317,林明正,107年直轄市議員選舉,首次申報,1071026,雜支支出,黃記美味燒臘店,10368119,0.00,395.00,餐費,金錢,,,
318,林明正,107年直轄市議員選舉,首次申報,1071026,雜支支出,松德恩早餐店,26223081,0.00,100.00,餐費,金錢,,,
319,林明正,107年直轄市議員選舉,首次申報,1071026,交通旅運支出,勤華企業有限公司松德停車場,31898780,0.00,60.00,停車費,金錢,,,
320,林明正,107年直轄市議員選舉,首次申報,1071026,雜支支出,原品茶行,38462282,0.00,35.00,飲料費,金錢,,,
321,林明正,107年直轄市議員選舉,首次申報,1071026,宣傳支出,科基出版社,42293605,0.00,7700.00,總部內部競選看板,金錢,臺北市杭州南****,,
322,林明正,107年直轄市議員選舉,首次申報,1071026,雜支支出,辣十九國際開發有限公司,50752791,0.00,1536.00,餐飲費,金錢,,,
323,林明正,107年直轄市議員選舉,首次申報,1071026,宣傳支出,承漢印刷有限公司,86730744,0.00,294.00,製作競選物品支出-競選DM,金錢,臺北市南京東****,,
324,林明正,107年直轄市議員選舉,首次申報,1071027,雜支支出,周記北平餡餅粥,14718546,0.00,620.00,餐費,金錢,,,
325,林明正,107年直轄市議員選舉,首次申報,1071027,雜支支出,7-11信醫,28431557,0.00,20.00,報紙,金錢,,,
326,林明正,107年直轄市議員選舉,首次申報,1071027,交通旅運支出,歐派克實業有限公司永春營業所,42312292,0.00,60.00,停車費,金錢,,,
327,林明正,107年直轄市議員選舉,首次申報,1071027,雜支支出,春發小吃店,42503460,0.00,89.00,餐費,金錢,,,
328,林明正,107年直轄市議員選舉,首次申報,1071027,雜支支出,頂好,70758885,0.00,414.00,生活用品,金錢,,,
329,林明正,107年直轄市議員選舉,首次申報,1071027,雜支支出,近藤食品股份有限公司,70846430,0.00,440.00,餐飲費,金錢,,,
330,林明正,107年直轄市議員選舉,首次申報,1071028,交通旅運支出,車號201-9D,,0.00,260.00,計程車乘車,金錢,,,
331,林明正,107年直轄市議員選舉,首次申報,1071028,交通旅運支出,車號TDF3369,,0.00,235.00,計程車乘車,金錢,,,
332,林明正,107年直轄市議員選舉,首次申報,1071028,交通旅運支出,車號477-D9,,0.00,235.00,計程車乘車,金錢,,,
333,林明正,107年直轄市議員選舉,首次申報,1071028,雜支支出,7-11松義,27246983,0.00,75.00,餐飲費,金錢,,,
334,林明正,107年直轄市議員選舉,首次申報,1071028,交通旅運支出,勤華企業有限公司松德停車場,31898780,0.00,105.00,停車費,金錢,,,
335,林明正,107年直轄市議員選舉,首次申報,1071028,雜支支出,春發小吃店,42503460,0.00,89.00,餐費,金錢,,,
336,林明正,107年直轄市議員選舉,首次申報,1071029,交通旅運支出,台北市停車管理工程處,,0.00,475.00,停車費,金錢,台北市信義區****,,
337,林明正,107年直轄市議員選舉,首次申報,1071029,交通旅運支出,台灣中油金山南路站,01802133,0.00,165.00,加油費,金錢,,,
338,林明正,107年直轄市議員選舉,首次申報,1071029,租用競選辦事處支出,台北自來水事業處,03774909,0.00,305.00,月水費,金錢,,,
339,林明正,107年直轄市議員選舉,首次申報,1071029,雜支支出,黃記美味燒臘店,10368119,0.00,380.00,餐費,金錢,,,
340,林明正,107年直轄市議員選舉,首次申報,1071029,雜支支出,爭鮮,12660619,0.00,210.00,餐飲費,金錢,,,
341,林明正,107年直轄市議員選舉,首次申報,1071029,租用宣傳車輛支出,色彩創意廣告印刷,24209562,0.00,1019.00,宣傳車競選廣告版面設計,金錢,,,
342,林明正,107年直轄市議員選舉,首次申報,1071029,雜支支出,宜家美漢堡店,25188500,0.00,145.00,餐費,金錢,,,
343,林明正,107年直轄市議員選舉,首次申報,1071029,雜支支出,五二七美食店,25513230,0.00,200.00,餐費,金錢,,,
344,林明正,107年直轄市議員選舉,首次申報,1071029,雜支支出,原品茶行,38462282,0.00,35.00,飲料費,金錢,,,
345,林明正,107年直轄市議員選舉,首次申報,1071030,宣傳支出,來雅廣告派報有限公司,28850729,0.00,23336.00,DM派送,金錢,臺北市中正區****,,
346,林明正,107年直轄市議員選舉,首次申報,1071030,交通旅運支出,勤華企業有限公司松德停車場,31898780,0.00,75.00,停車費,金錢,,,
347,林明正,107年直轄市議員選舉,首次申報,1071030,雜支支出,東門興記小吃店,38561369,0.00,1540.00,餐費,金錢,,,
348,林明正,107年直轄市議員選舉,首次申報,1071030,雜支支出,頂好,70758885,0.00,126.00,礦泉水,金錢,,,
349,林明正,107年直轄市議員選舉,首次申報,1071030,雜支支出,翰林茶館,70824891,0.00,85.00,餐飲費,金錢,,,
350,林明正,107年直轄市議員選舉,首次申報,1071030,交通旅運支出,城市車旅,72935465,0.00,30.00,停車費,金錢,,,
351,林明正,107年直轄市議員選舉,首次申報,1071031,雜支支出,麥當勞台北忠孝二,23528080,0.00,104.00,餐飲費,金錢,,,
352,林明正,107年直轄市議員選舉,首次申報,1071031,雜支支出,松德恩早餐店,26223081,0.00,95.00,餐費,金錢,,,
353,林明正,107年直轄市議員選舉,首次申報,1071031,雜支支出,艾隆餐飲股份有限公司八德分公司,53721040,0.00,500.00,餐飲費,金錢,,,
354,林明正,107年直轄市議員選舉,首次申報,1071101,交通旅運支出,車號345-ET,,0.00,255.00,計程車乘車,金錢,,,
355,林明正,107年直轄市議員選舉,首次申報,1071101,集會支出,亞細亞塑膠工業有限公司,,0.00,150.00,總部成立大會支出-紙盤,金錢,,0227*****,
356,林明正,107年直轄市議員選舉,首次申報,1071101,交通旅運支出,台灣中油松山路站,01113299,0.00,1388.00,加油費,金錢,,,
357,林明正,107年直轄市議員選舉,首次申報,1071101,交通旅運支出,台灣中油建國北路站,01606337,0.00,964.00,加油費,金錢,,,
358,林明正,107年直轄市議員選舉,首次申報,1071101,雜支支出,黃記美味燒臘店,10368119,0.00,570.00,餐費,金錢,,,
359,林明正,107年直轄市議員選舉,首次申報,1071101,雜支支出,松德恩早餐店,26223081,0.00,75.00,餐費,金錢,,,
360,林明正,107年直轄市議員選舉,首次申報,1071101,雜支支出,智通數位,42646755,0.00,170.00,捐款平台手續費收取,金錢,,,
361,林明正,107年直轄市議員選舉,首次申報,1071101,雜支支出,FamilyMart新信德店,54387992,0.00,35.00,報紙,金錢,,,
362,林明正,107年直轄市議員選舉,首次申報,1071101,租用宣傳車輛支出,吉歷汽車商行,73875958,0.00,25000.00,/-/租用小貨車,金錢,,,
363,林明正,107年直轄市議員選舉,首次申報,1071101,集會支出,富生商號,73910842,0.00,2000.00,總部成立大會支出-租借桌椅,金錢,,,
364,林明正,107年直轄市議員選舉,首次申報,1071101,雜支支出,7-11東吉,84442607,0.00,85.00,餐飲費,金錢,,,
365,林明正,107年直轄市議員選舉,首次申報,1071102,交通旅運支出,車號TDD-6712,,0.00,150.00,計程車乘車,金錢,,,
366,林明正,107年直轄市議員選舉,首次申報,1071102,交通旅運支出,車號366-P2,,0.00,295.00,計程車乘車,金錢,,,
367,林明正,107年直轄市議員選舉,首次申報,1071102,雜支支出,育人書局,20841430,0.00,70.00,卡紙刻字,金錢,,,
368,林明正,107年直轄市議員選舉,首次申報,1071102,雜支支出,麥當勞台北忠孝二,23528080,0.00,164.00,餐飲費,金錢,,,
369,林明正,107年直轄市議員選舉,首次申報,1071102,雜支支出,東門興記小吃店,38561369,0.00,200.00,餐費,金錢,,,
370,林明正,107年直轄市議員選舉,首次申報,1071102,雜支支出,東門興記小吃店,38561369,0.00,80.00,餐費,金錢,,,
371,林明正,107年直轄市議員選舉,首次申報,1071102,雜支支出,英達小吃店,42436370,0.00,85.00,餐費,金錢,,,
372,林明正,107年直轄市議員選舉,首次申報,1071102,宣傳支出,台灣優紙企業有限公司,80077677,0.00,30492.00,製作競選物品支出（物品名稱-面紙）,金錢,彰化縣鹿港鎮****,,
373,林明正,107年直轄市議員選舉,首次申報,1071102,雜支支出,7-11新工農,89406019,0.00,76.00,餐飲費,金錢,,,
374,林明正,107年直轄市議員選舉,首次申報,1071103,雜支支出,7-11萊福,16436352,0.00,20.00,報紙,金錢,,,
375,林明正,107年直轄市議員選舉,首次申報,1071103,雜支支出,7-11嘉馥,16833900,0.00,10.00,報紙,金錢,,,
376,林明正,107年直轄市議員選舉,首次申報,1071103,雜支支出,三商巧福東興店,42266945,0.00,155.00,餐飲費,金錢,,,
377,林明正,107年直轄市議員選舉,首次申報,1071103,雜支支出,鮮五井,42300970,0.00,452.00,餐費,金錢,,,
378,林明正,107年直轄市議員選舉,首次申報,1071103,交通旅運支出,大日開發有限公司府前營業所,42304785,0.00,120.00,停車費,金錢,,,
379,林明正,107年直轄市議員選舉,首次申報,1071103,交通旅運支出,城市車旅,42472543,0.00,20.00,停車費,金錢,,,
380,林明正,107年直轄市議員選舉,首次申報,1071103,雜支支出,春發小吃店,42503460,0.00,89.00,餐費,金錢,,,
381,林明正,107年直轄市議員選舉,首次申報,1071103,集會支出,家樂福,80035874,0.00,484.00,總部成立大會支出-餅乾飲料,金錢,,,
382,林明正,107年直轄市議員選舉,首次申報,1071104,雜支支出,Starbucks,24739491,0.00,160.00,餐飲費,金錢,,,
383,林明正,107年直轄市議員選舉,首次申報,1071104,集會支出,Double5,42509210,0.00,400.00,總部成立大會支出-茶飲,金錢,,,
384,林明正,107年直轄市議員選舉,首次申報,1071104,集會支出,勝興企業社,48886838,0.00,43.00,總部成立大會支出-禮金簿,金錢,,,
385,林明正,107年直轄市議員選舉,首次申報,1071104,集會支出,天根食品行,66967431,0.00,2600.00,總部成立大會支出-點心,金錢,,,
386,林明正,107年直轄市議員選舉,首次申報,1071104,雜支支出,翰林茶館,70824891,0.00,85.00,餐飲費,金錢,,,
387,林明正,107年直轄市議員選舉,首次申報,1071104,雜支支出,阿官火鍋,70824891,0.00,810.00,餐費,金錢,,,
388,林明正,107年直轄市議員選舉,首次申報,1071105,交通旅運支出,台北市停車管理工程處,,0.00,640.00,停車費,金錢,台北市信義區****,,
389,林明正,107年直轄市議員選舉,首次申報,1071105,交通旅運支出,交通部高速公路局,,0.00,104.00,通行費,金錢,,0277*****,
390,林明正,107年直轄市議員選舉,首次申報,1071105,雜支支出,7-11松義,27246983,0.00,25.00,報紙,金錢,,,
391,林明正,107年直轄市議員選舉,首次申報,1071105,雜支支出,東門興記小吃店,38561369,0.00,560.00,餐費,金錢,,,
392,林明正,107年直轄市議員選舉,首次申報,1071105,雜支支出,英達小吃店,42436370,0.00,200.00,餐費,金錢,,,
393,林明正,107年直轄市議員選舉,首次申報,1071105,租用宣傳車輛支出,九乘九文具,80361722,0.00,598.00,G SD卡*,金錢,,,
394,林明正,107年直轄市議員選舉,首次申報,1071105,租用宣傳車輛支出,老二美術廣告工程行,90929161,0.00,36750.00,宣傳車裝訂競選廣告版面,金錢,新北市永和區****,,
395,林明正,107年直轄市議員選舉,首次申報,1071105,人事費用支出,許慧敏,F22*******,0.00,25000.00,月薪資,金錢,臺北市信義路****,0227*****,
396,林明正,107年直轄市議員選舉,首次申報,1071106,租用宣傳車輛支出,福昌文具有限公司,16619726,0.00,60.00,松山信義區地圖,金錢,,,
397,林明正,107年直轄市議員選舉,首次申報,1071106,雜支支出,FamilyMart松友店,28970317,0.00,45.00,報紙,金錢,,,
398,林明正,107年直轄市議員選舉,首次申報,1071106,雜支支出,嗎哪早餐店,31814213,0.00,80.00,餐費,金錢,,,
399,林明正,107年直轄市議員選舉,首次申報,1071106,交通旅運支出,國雲公寓大廈管理維護(股)信義D1場,31995636,0.00,45.00,停車費,金錢,,,
400,林明正,107年直轄市議員選舉,首次申報,1071106,雜支支出,原品茶行,38462282,0.00,35.00,飲料費,金錢,,,
401,林明正,107年直轄市議員選舉,首次申報,1071106,雜支支出,東門興記小吃店,38561369,0.00,120.00,餐費,金錢,,,
402,林明正,107年直轄市議員選舉,首次申報,1071106,雜支支出,東門興記小吃店,38561369,0.00,100.00,餐費,金錢,,,
403,林明正,107年直轄市議員選舉,首次申報,1071106,雜支支出,英達小吃店,42436370,0.00,40.00,餐費,金錢,,,
404,林明正,107年直轄市議員選舉,首次申報,1071106,雜支支出,英達小吃店,42436370,0.00,115.00,餐費,金錢,,,
405,林明正,107年直轄市議員選舉,首次申報,1071106,雜支支出,FamilyMart新信德店,54387992,0.00,72.00,餐飲費,金錢,,,
406,林明正,107年直轄市議員選舉,首次申報,1071106,交通旅運支出,易霆有限公司松德路營業所,73703219,0.00,75.00,停車費,金錢,,,
407,林明正,107年直轄市議員選舉,首次申報,1071106,雜支支出,中華電信,81691784,0.00,971.00,月電話費,金錢,,,
408,林明正,107年直轄市議員選舉,首次申報,1071107,交通旅運支出,台灣中油松山路站,01113299,0.00,1531.00,加油費,金錢,,,
409,林明正,107年直轄市議員選舉,首次申報,1071107,雜支支出,黃記美味燒臘店,10368119,0.00,280.00,餐費,金錢,,,
410,林明正,107年直轄市議員選舉,首次申報,1071107,雜支支出,育人書局,20841430,0.00,60.00,印臺(＄二張),金錢,,,
411,林明正,107年直轄市議員選舉,首次申報,1071107,雜支支出,麥當勞台北忠孝二,23528080,0.00,91.00,餐飲費,金錢,,,
412,林明正,107年直轄市議員選舉,首次申報,1071107,雜支支出,7-11松義,27246983,0.00,40.00,文具用品,金錢,,,
413,林明正,107年直轄市議員選舉,首次申報,1071107,雜支支出,東門興記小吃店,38561369,0.00,160.00,餐費,金錢,,,
414,林明正,107年直轄市議員選舉,首次申報,1071107,雜支支出,鼎富小吃店,48972616,0.00,89.00,餐費,金錢,,,
415,林明正,107年直轄市議員選舉,首次申報,1071107,雜支支出,FamilyMart民康店,51713826,0.00,28.00,礦泉水,金錢,,,
416,林明正,107年直轄市議員選舉,首次申報,1071107,宣傳支出,台灣優紙企業有限公司,80077677,0.00,46830.00,製作競選物品支出（物品名稱-面紙）,金錢,彰化縣鹿港鎮****,,
417,林明正,107年直轄市議員選舉,首次申報,1071108,租用宣傳車輛支出,台灣中油忠孝東路站,01113283,0.00,804.00,宣傳車輛燃料支出,金錢,,,
418,林明正,107年直轄市議員選舉,首次申報,1071108,雜支支出,黃記美味燒臘店,10368119,0.00,200.00,餐費,金錢,,,
419,林明正,107年直轄市議員選舉,首次申報,1071108,雜支支出,7-11嘉馥,16833900,0.00,30.00,報紙,金錢,,,
420,林明正,107年直轄市議員選舉,首次申報,1071108,雜支支出,原品茶行,38462282,0.00,35.00,飲料費,金錢,,,
421,林明正,107年直轄市議員選舉,首次申報,1071108,雜支支出,東門興記小吃店,38561369,0.00,90.00,餐費,金錢,,,
422,林明正,107年直轄市議員選舉,首次申報,1071108,雜支支出,春源祥美食店,48838864,0.00,75.00,餐費,金錢,,,
423,林明正,107年直轄市議員選舉,首次申報,1071108,雜支支出,7-11東光,53666047,0.00,20.00,礦泉水,金錢,,,
424,林明正,107年直轄市議員選舉,首次申報,1071108,雜支支出,7-11信林,54388752,0.00,65.00,餐飲費,金錢,,,
425,林明正,107年直轄市議員選舉,首次申報,1071108,租用宣傳車輛支出,中信停車有限公司虎林街停車場,72967557,0.00,30.00,停車費,金錢,,,
426,林明正,107年直轄市議員選舉,首次申報,1071108,租用宣傳車輛支出,中信停車有限公司虎林街停車場,72967557,0.00,90.00,停車費,金錢,,,
427,林明正,107年直轄市議員選舉,首次申報,1071108,租用宣傳車輛支出,中信停車有限公司虎林街停車場,72967557,0.00,150.00,停車費,金錢,,,
428,林明正,107年直轄市議員選舉,首次申報,1071108,人事費用支出,楊佳琪,A22*******,0.00,30000.00,月薪資,金錢,臺北市文山區****,,
429,林明正,107年直轄市議員選舉,首次申報,1071109,交通旅運支出,車號TDF2180,,0.00,160.00,計程車乘車,金錢,,,
430,林明正,107年直轄市議員選舉,首次申報,1071109,雜支支出,7-11嘉馥,16833900,0.00,79.00,餐飲費,金錢,,,
431,林明正,107年直轄市議員選舉,首次申報,1071109,雜支支出,相傳控肉飯,25513908,0.00,390.00,餐費,金錢,,,
432,林明正,107年直轄市議員選舉,首次申報,1071109,雜支支出,7-11松義,27246983,0.00,53.00,餐飲費,金錢,,,
433,林明正,107年直轄市議員選舉,首次申報,1071109,雜支支出,FamilyMart松友店,28970317,0.00,20.00,報紙,金錢,,,
434,林明正,107年直轄市議員選舉,首次申報,1071109,雜支支出,FamilyMart松友店,28970317,0.00,29.00,礦泉水,金錢,,,
435,林明正,107年直轄市議員選舉,首次申報,1071109,交通旅運支出,歐派克實業有限公司永春營業所,42312292,0.00,50.00,停車費,金錢,,,
436,林明正,107年直轄市議員選舉,首次申報,1071109,雜支支出,永吉水餃店,48750895,0.00,80.00,餐費,金錢,,,
437,林明正,107年直轄市議員選舉,首次申報,1071109,雜支支出,誠品生活,54346613,0.00,57.00,飲料費,金錢,,,
438,林明正,107年直轄市議員選舉,首次申報,1071109,租用宣傳車輛支出,中信停車有限公司虎林街停車場,72967557,0.00,30.00,停車費,金錢,,,
439,林明正,107年直轄市議員選舉,首次申報,1071109,租用宣傳車輛支出,中信停車有限公司虎林街停車場,72967557,0.00,150.00,停車費,金錢,,,
440,林明正,107年直轄市議員選舉,首次申報,1071109,租用宣傳車輛支出,中信停車有限公司虎林街停車場,72967557,0.00,90.00,停車費,金錢,,,
441,林明正,107年直轄市議員選舉,首次申報,1071109,交通旅運支出,易霆有限公司松德路營業處,73703219,0.00,135.00,停車費,金錢,,,
442,林明正,107年直轄市議員選舉,首次申報,1071109,租用宣傳車輛支出,老二美術廣告工程行,90929161,0.00,525.00,宣傳車裝設扶手鐵管,金錢,新北市永和區****,,
443,林明正,107年直轄市議員選舉,首次申報,1071110,租用宣傳車輛支出,台灣中油松山路站,01113299,0.00,880.00,宣傳車輛燃料支出,金錢,,,
444,林明正,107年直轄市議員選舉,首次申報,1071110,雜支支出,兄弟鹽酥雞,26291480,0.00,320.00,餐費,金錢,,,
445,林明正,107年直轄市議員選舉,首次申報,1071110,雜支支出,KFC,38493314,0.00,653.00,餐飲費,金錢,,,
446,林明正,107年直轄市議員選舉,首次申報,1071110,租用宣傳車輛支出,楚峰有限公司光復營業所,42454427,0.00,60.00,停車費,金錢,,,
447,林明正,107年直轄市議員選舉,首次申報,1071110,雜支支出,鼎富小吃店,48972616,0.00,89.00,餐費,金錢,,,
448,林明正,107年直轄市議員選舉,首次申報,1071110,雜支支出,FamilyMart永信店,53664765,0.00,88.00,餐飲費,金錢,,,
449,林明正,107年直轄市議員選舉,首次申報,1071110,交通旅運支出,歐特儀股份有限公司,72940220,0.00,120.00,停車費,金錢,,,
450,林明正,107年直轄市議員選舉,首次申報,1071110,租用宣傳車輛支出,中信停車有限公司虎林街停車場,72967557,0.00,90.00,停車費,金錢,,,
451,林明正,107年直轄市議員選舉,首次申報,1071110,租用宣傳車輛支出,中信停車有限公司虎林街停車場,72967557,0.00,150.00,停車費,金錢,,,
452,林明正,107年直轄市議員選舉,首次申報,1071111,交通旅運支出,車號TDF2180,,0.00,100.00,計程車乘車,金錢,,,
453,林明正,107年直轄市議員選舉,首次申報,1071111,雜支支出,民生餃子館,17765248,0.00,420.00,餐費,金錢,,,
454,林明正,107年直轄市議員選舉,首次申報,1071111,租用宣傳車輛支出,中信停車有限公司虎林街停車場,72967557,0.00,150.00,停車費,金錢,,,
455,林明正,107年直轄市議員選舉,首次申報,1071111,租用宣傳車輛支出,中信停車有限公司虎林街停車場,72967557,0.00,90.00,停車費,金錢,,,
456,林明正,107年直轄市議員選舉,首次申報,1071111,租用宣傳車輛支出,中信停車有限公司虎林街停車場,72967557,0.00,30.00,停車費,金錢,,,
457,林明正,107年直轄市議員選舉,首次申報,1071112,交通旅運支出,台灣中油松山路站,01113299,0.00,1476.00,加油費,金錢,,,
458,林明正,107年直轄市議員選舉,首次申報,1071112,雜支支出,麥當勞台北光復,23527603,0.00,322.00,餐飲費,金錢,,,
459,林明正,107年直轄市議員選舉,首次申報,1071112,雜支支出,南村麵館,25680433,0.00,100.00,餐費,金錢,,,
460,林明正,107年直轄市議員選舉,首次申報,1071112,雜支支出,7-11市捷,25689315,0.00,20.00,礦泉水,金錢,,,
461,林明正,107年直轄市議員選舉,首次申報,1071112,交通旅運支出,市府轉運站,27238436,0.00,60.00,停車費,金錢,,,
462,林明正,107年直轄市議員選舉,首次申報,1071112,雜支支出,原品茶行,38462282,0.00,35.00,飲料費,金錢,,,
463,林明正,107年直轄市議員選舉,首次申報,1071112,雜支支出,東門興記小吃店,38561369,0.00,120.00,餐費,金錢,,,
464,林明正,107年直轄市議員選舉,首次申報,1071112,雜支支出,東門興記小吃店,38561369,0.00,190.00,餐費,金錢,,,
465,林明正,107年直轄市議員選舉,首次申報,1071112,雜支支出,英達小吃店,42436370,0.00,100.00,餐費,金錢,,,
466,林明正,107年直轄市議員選舉,首次申報,1071112,雜支支出,KIDONYA,42868708,0.00,99.00,餐飲費,金錢,,,
467,林明正,107年直轄市議員選舉,首次申報,1071112,交通旅運支出,歐特儀股份有限公司,72940220,0.00,60.00,停車費,金錢,,,
468,林明正,107年直轄市議員選舉,首次申報,1071112,租用宣傳車輛支出,中信停車有限公司虎林街停車場,72967557,0.00,90.00,停車費,金錢,,,
469,林明正,107年直轄市議員選舉,首次申報,1071112,租用宣傳車輛支出,中信停車有限公司虎林街停車場,72967557,0.00,150.00,停車費,金錢,,,
470,林明正,107年直轄市議員選舉,首次申報,1071112,雜支支出,可不可熟成紅茶,72982749,0.00,35.00,飲料費,金錢,,,
471,林明正,107年直轄市議員選舉,首次申報,1071113,雜支支出,統編72936844,,0.00,90.00,餐費,金錢,,,
472,林明正,107年直轄市議員選舉,首次申報,1071113,交通旅運支出,車號TAN690,,0.00,230.00,計程車乘車,金錢,,,
473,林明正,107年直轄市議員選舉,首次申報,1071113,交通旅運支出,大都會衛星隊編8111,,0.00,350.00,計程車乘車,金錢,,,
474,林明正,107年直轄市議員選舉,首次申報,1071113,交通旅運支出,台北市停車管理工程處,,0.00,470.00,停車費,金錢,台北市信義區****,,
475,林明正,107年直轄市議員選舉,首次申報,1071113,租用宣傳車輛支出,台北市停車管理工程處,,0.00,1645.00,停車費,金錢,台北市信義區****,,
476,林明正,107年直轄市議員選舉,首次申報,1071113,租用宣傳車輛支出,福昌文具有限公司,16619726,0.00,60.00,松山信義區地圖,金錢,,,
477,林明正,107年直轄市議員選舉,首次申報,1071113,雜支支出,麥當勞台北南京影城,16749636,0.00,101.00,餐飲費,金錢,,,
478,林明正,107年直轄市議員選舉,首次申報,1071113,交通旅運支出,廣朋實業股份有限公司,42386532,0.00,60.00,停車費,金錢,,,
479,林明正,107年直轄市議員選舉,首次申報,1071113,雜支支出,英達小吃店,42436370,0.00,100.00,餐費,金錢,,,
480,林明正,107年直轄市議員選舉,首次申報,1071113,租用宣傳車輛支出,中信停車有限公司虎林街停車場,72967557,0.00,75.00,停車費,金錢,,,
481,林明正,107年直轄市議員選舉,首次申報,1071113,租用宣傳車輛支出,中信停車有限公司虎林街停車場,72967557,0.00,150.00,停車費,金錢,,,
482,林明正,107年直轄市議員選舉,首次申報,1071113,租用宣傳車輛支出,台灣中油民生東路站,78334051,0.00,900.00,宣傳車輛燃料支出,金錢,,,
483,林明正,107年直轄市議員選舉,首次申報,1071113,雜支支出,陳記燒臘店,78352938,0.00,190.00,餐費,金錢,,,
484,林明正,107年直轄市議員選舉,首次申報,1071113,雜支支出,陳記燒臘店,78352938,0.00,290.00,餐費,金錢,,,
485,林明正,107年直轄市議員選舉,首次申報,1071114,交通旅運支出,車號TDF2756,,0.00,305.00,計程車乘車,金錢,,,
486,林明正,107年直轄市議員選舉,首次申報,1071114,交通旅運支出,台北市停車管理工程處,,0.00,40.00,停車費,金錢,台北市信義區****,,
487,林明正,107年直轄市議員選舉,首次申報,1071114,雜支支出,黃記美味燒臘店,10368119,0.00,295.00,餐費,金錢,,,
488,林明正,107年直轄市議員選舉,首次申報,1071114,租用競選辦事處支出,7-11松義,27246983,0.00,199.00,民生用品衛生紙,金錢,,,
489,林明正,107年直轄市議員選舉,首次申報,1071114,租用競選辦事處支出,7-11松義,27246983,0.00,49.00,礦泉水,金錢,,,
490,林明正,107年直轄市議員選舉,首次申報,1071114,雜支支出,7-11松義,27246983,0.00,25.00,礦泉水,金錢,,,
491,林明正,107年直轄市議員選舉,首次申報,1071114,雜支支出,東門興記小吃店,38561369,0.00,80.00,餐費,金錢,,,
492,林明正,107年直轄市議員選舉,首次申報,1071114,雜支支出,英達小吃店,42436370,0.00,40.00,餐費,金錢,,,
493,林明正,107年直轄市議員選舉,首次申報,1071114,雜支支出,鼎富小吃店,48972616,0.00,89.00,餐費,金錢,,,
494,林明正,107年直轄市議員選舉,首次申報,1071114,雜支支出,摩斯,53333891,0.00,150.00,餐飲費,金錢,,,
495,林明正,107年直轄市議員選舉,首次申報,1071114,雜支支出,摩斯,53333891,0.00,95.00,餐飲費,金錢,,,
496,林明正,107年直轄市議員選舉,首次申報,1071114,雜支支出,頂好,70758885,0.00,55.00,點心,金錢,,,
497,林明正,107年直轄市議員選舉,首次申報,1071114,租用宣傳車輛支出,中信停車有限公司虎林街停車場,72967557,0.00,90.00,停車費,金錢,,,
498,林明正,107年直轄市議員選舉,首次申報,1071114,租用宣傳車輛支出,中信停車有限公司虎林街停車場,72967557,0.00,150.00,停車費,金錢,,,
499,林明正,107年直轄市議員選舉,首次申報,1071114,交通旅運支出,力揚停車場設備(股)吳興街營業所,73683641,0.00,120.00,停車費,金錢,,,
500,林明正,107年直轄市議員選舉,首次申報,1071114,交通旅運支出,易霆有限公司松德路營業所,73703219,0.00,90.00,停車費,金錢,,,
501,林明正,107年直轄市議員選舉,首次申報,1071114,租用競選辦事處支出,中華電信,81691784,0.00,941.00,總部電話費,金錢,,,
502,林明正,107年直轄市議員選舉,首次申報,1071115,交通旅運支出,車號112-D7,,0.00,195.00,計程車乘車,金錢,,,
503,林明正,107年直轄市議員選舉,首次申報,1071115,租用宣傳車輛支出,台灣中油松山路站,01113299,0.00,880.00,加油費,金錢,,,
504,林明正,107年直轄市議員選舉,首次申報,1071115,雜支支出,FamilyMart松友店,28970317,0.00,65.00,餐飲費,金錢,,,
505,林明正,107年直轄市議員選舉,首次申報,1071115,雜支支出,東門興記小吃店,38561369,0.00,470.00,餐費,金錢,,,
506,林明正,107年直轄市議員選舉,首次申報,1071115,交通旅運支出,遠東開發室內裝修(股)台北田徑場停車場,42471468,0.00,60.00,停車費,金錢,,,
507,林明正,107年直轄市議員選舉,首次申報,1071115,雜支支出,春發小吃店,42503460,0.00,89.00,餐費,金錢,,,
508,林明正,107年直轄市議員選舉,首次申報,1071115,雜支支出,7-11台場,53014334,0.00,20.00,礦泉水,金錢,,,
509,林明正,107年直轄市議員選舉,首次申報,1071115,雜支支出,誠品生活,54346613,0.00,57.00,飲料費,金錢,,,
510,林明正,107年直轄市議員選舉,首次申報,1071115,租用宣傳車輛支出,中信停車有限公司虎林街停車場,72967557,0.00,90.00,停車費,金錢,,,
511,林明正,107年直轄市議員選舉,首次申報,1071115,租用宣傳車輛支出,中信停車有限公司虎林街停車場,72967557,0.00,150.00,停車費,金錢,,,
512,林明正,107年直轄市議員選舉,首次申報,1071115,雜支支出,可不可熟成紅茶,72982749,0.00,35.00,飲料費,金錢,,,
513,林明正,107年直轄市議員選舉,首次申報,1071115,人事費用支出,陳允武,A12*******,0.00,12000.00,月薪資-,金錢,臺北市永吉路****,0956*****,
514,林明正,107年直轄市議員選舉,首次申報,1071116,交通旅運支出,車號672-7D,,0.00,270.00,計程車乘車,金錢,,,
515,林明正,107年直轄市議員選舉,首次申報,1071116,交通旅運支出,台灣中油松山路站,01113299,0.00,160.00,加油費,金錢,,,
516,林明正,107年直轄市議員選舉,首次申報,1071116,交通旅運支出,台灣中油光復北路站,01606343,0.00,1350.00,加油費,金錢,,,
517,林明正,107年直轄市議員選舉,首次申報,1071116,租用競選辦事處支出,台灣電力公司,03765704,0.00,6325.00,//-//電費,金錢,,,
518,林明正,107年直轄市議員選舉,首次申報,1071116,雜支支出,麥當勞台北南京影城,16749636,0.00,101.00,餐飲費,金錢,,,
519,林明正,107年直轄市議員選舉,首次申報,1071116,雜支支出,松德恩早餐店,26223081,0.00,200.00,餐飲費,金錢,,,
520,林明正,107年直轄市議員選舉,首次申報,1071116,宣傳支出,來雅廣告派報有限公司,28850729,0.00,49617.00,DM派送,金錢,臺北市中正區****,,
521,林明正,107年直轄市議員選舉,首次申報,1071116,雜支支出,原品茶行,38462282,0.00,35.00,飲料費,金錢,,,
522,林明正,107年直轄市議員選舉,首次申報,1071116,雜支支出,東門興記小吃店,38561369,0.00,160.00,餐費,金錢,,,
523,林明正,107年直轄市議員選舉,首次申報,1071116,雜支支出,星淳小吃店,42400844,0.00,425.00,餐費,金錢,,,
524,林明正,107年直轄市議員選舉,首次申報,1071116,租用宣傳車輛支出,楚峰有限公司光復營業所,42454427,0.00,50.00,停車費,金錢,,,
525,林明正,107年直轄市議員選舉,首次申報,1071116,雜支支出,鼎富小吃店,48972616,0.00,89.00,餐費,金錢,,,
526,林明正,107年直轄市議員選舉,首次申報,1071116,租用宣傳車輛支出,中信停車有限公司虎林街停車場,72967557,0.00,150.00,停車費,金錢,,,
527,林明正,107年直轄市議員選舉,首次申報,1071116,租用宣傳車輛支出,中信停車有限公司虎林街停車場,72967557,0.00,75.00,停車費,金錢,,,
528,林明正,107年直轄市議員選舉,首次申報,1071116,交通旅運支出,助安企業松勇場,73635424,0.00,45.00,停車費,金錢,,,
529,林明正,107年直轄市議員選舉,首次申報,1071116,宣傳支出,承漢印刷有限公司,86730744,0.00,1386.00,製作競選物品支出-名片,金錢,臺北市南京東****,,
530,林明正,107年直轄市議員選舉,首次申報,1071116,租用宣傳車輛支出,老二美術廣告工程行,90929161,0.00,525.00,宣傳車裝設安全繩,金錢,新北市永和區****,,
531,林明正,107年直轄市議員選舉,首次申報,1071116,人事費用支出,何恕懷,F12*******,0.00,20000.00,月薪資,金錢,臺北市內湖區****,0935*****,
532,林明正,107年直轄市議員選舉,首次申報,1071117,交通旅運支出,車號602-D8,,0.00,235.00,計程車乘車,金錢,,,
533,林明正,107年直轄市議員選舉,首次申報,1071117,交通旅運支出,車號373-9D,,0.00,100.00,計程車乘車,金錢,,,
534,林明正,107年直轄市議員選舉,首次申報,1071117,雜支支出,7-11嘉馥,16833900,0.00,65.00,餐飲費,金錢,,,
535,林明正,107年直轄市議員選舉,首次申報,1071117,雜支支出,7-11嘉馥,16833900,0.00,10.00,報紙,金錢,,,
536,林明正,107年直轄市議員選舉,首次申報,1071117,雜支支出,7-11嘉馥,16833900,0.00,25.00,礦泉水,金錢,,,
537,林明正,107年直轄市議員選舉,首次申報,1071117,雜支支出,東門興記小吃店,38561369,0.00,120.00,餐費,金錢,,,
538,林明正,107年直轄市議員選舉,首次申報,1071117,雜支支出,東門興記小吃店,38561369,0.00,1190.00,餐費,金錢,,,
539,林明正,107年直轄市議員選舉,首次申報,1071117,交通旅運支出,歐派克實業有限公司永春營業所,42312292,0.00,60.00,停車費,金錢,,,
540,林明正,107年直轄市議員選舉,首次申報,1071117,租用宣傳車輛支出,中信停車有限公司虎林街停車場,72967557,0.00,75.00,停車費,金錢,,,
541,林明正,107年直轄市議員選舉,首次申報,1071117,租用宣傳車輛支出,中信停車有限公司虎林街停車場,72967557,0.00,150.00,停車費,金錢,,,
542,林明正,107年直轄市議員選舉,首次申報,1071117,交通旅運支出,易霆有限公司松德路營業所,73703219,0.00,120.00,停車費,金錢,,,
543,林明正,107年直轄市議員選舉,首次申報,1071118,交通旅運支出,車號108-L3,,0.00,330.00,計程車乘車,金錢,,,
544,林明正,107年直轄市議員選舉,首次申報,1071118,交通旅運支出,車號TAA-998,,0.00,105.00,計程車乘車,金錢,,,
545,林明正,107年直轄市議員選舉,首次申報,1071118,交通旅運支出,車號TDA5166,,0.00,250.00,計程車乘車,金錢,,,
546,林明正,107年直轄市議員選舉,首次申報,1071118,租用宣傳車輛支出,台灣中油光復北路站,01606343,0.00,850.00,加油費,金錢,,,
547,林明正,107年直轄市議員選舉,首次申報,1071118,雜支支出,永俐餐飲店,15644022,0.00,2915.00,餐飲費,金錢,,,
548,林明正,107年直轄市議員選舉,首次申報,1071118,雜支支出,7-11凱松,16848002,0.00,65.00,餐飲費,金錢,,,
549,林明正,107年直轄市議員選舉,首次申報,1071118,雜支支出,麥當勞台北忠孝二,23528080,0.00,79.00,餐飲費,金錢,,,
550,林明正,107年直轄市議員選舉,首次申報,1071118,雜支支出,星巴克,24561924,0.00,85.00,餐飲費,金錢,,,
551,林明正,107年直轄市議員選舉,首次申報,1071118,雜支支出,大苑子,42358986,0.00,225.00,飲料費,金錢,,,
552,林明正,107年直轄市議員選舉,首次申報,1071118,雜支支出,英達小吃店,42436370,0.00,178.00,餐費,金錢,,,
553,林明正,107年直轄市議員選舉,首次申報,1071118,雜支支出,FamilyMart新信德店,54387992,0.00,45.00,餐飲費,金錢,,,
554,林明正,107年直轄市議員選舉,首次申報,1071118,租用宣傳車輛支出,中信停車有限公司虎林街停車場,72967557,0.00,150.00,停車費,金錢,,,
555,林明正,107年直轄市議員選舉,首次申報,1071119,交通旅運支出,車號077-H7,,0.00,235.00,計程車乘車,金錢,,,
556,林明正,107年直轄市議員選舉,首次申報,1071119,交通旅運支出,車號TDF9179,,0.00,240.00,計程車乘車,金錢,,,
557,林明正,107年直轄市議員選舉,首次申報,1071119,交通旅運支出,台灣中油光復北路站,01606343,0.00,1384.00,加油費,金錢,,,
558,林明正,107年直轄市議員選舉,首次申報,1071119,雜支支出,爭鮮,12660619,0.00,330.00,餐飲費,金錢,,,
559,林明正,107年直轄市議員選舉,首次申報,1071119,雜支支出,金仙蝦捲忠延店,31815661,0.00,95.00,餐費,金錢,,,
560,林明正,107年直轄市議員選舉,首次申報,1071119,雜支支出,原品茶行,38462282,0.00,35.00,飲料費,金錢,,,
561,林明正,107年直轄市議員選舉,首次申報,1071119,雜支支出,東門興記小吃店,38561369,0.00,90.00,餐費,金錢,,,
562,林明正,107年直轄市議員選舉,首次申報,1071119,雜支支出,春發小吃店,42503460,0.00,184.00,餐費,金錢,,,
563,林明正,107年直轄市議員選舉,首次申報,1071119,租用宣傳車輛支出,中信停車有限公司虎林街停車場,72967557,0.00,90.00,停車費,金錢,,,
564,林明正,107年直轄市議員選舉,首次申報,1071119,租用宣傳車輛支出,中信停車有限公司虎林街停車場,72967557,0.00,30.00,停車費,金錢,,,
565,林明正,107年直轄市議員選舉,首次申報,1071119,租用宣傳車輛支出,中信停車有限公司虎林街停車場,72967557,0.00,150.00,停車費,金錢,,,
566,林明正,107年直轄市議員選舉,首次申報,1071119,交通旅運支出,易霆有限公司松德路營業所,73703219,0.00,30.00,停車費,金錢,,,
567,林明正,107年直轄市議員選舉,首次申報,1071119,雜支支出,香港鳳盛燒臘店,81641700,0.00,180.00,餐費,金錢,,,
568,林明正,107年直轄市議員選舉,首次申報,1071119,宣傳支出,承漢印刷有限公司,86730744,0.00,70308.00,製作競選物品支出-競選DM,金錢,臺北市南京東****,,
569,林明正,107年直轄市議員選舉,首次申報,1071120,交通旅運支出,車號737-EV,,0.00,230.00,計程車乘車,金錢,,,
570,林明正,107年直轄市議員選舉,首次申報,1071120,交通旅運支出,車號TDD5687,,0.00,215.00,計程車乘車,金錢,,,
571,林明正,107年直轄市議員選舉,首次申報,1071120,交通旅運支出,車號699-9D,,0.00,250.00,計程車乘車,金錢,,,
572,林明正,107年直轄市議員選舉,首次申報,1071120,交通旅運支出,台北市停車管理工程處,,0.00,310.00,停車費,金錢,台北市信義區****,,
573,林明正,107年直轄市議員選舉,首次申報,1071120,租用宣傳車輛支出,台北市停車管理工程處,,0.00,10.00,停車費,金錢,台北市信義區****,,
574,林明正,107年直轄市議員選舉,首次申報,1071120,租用宣傳車輛支出,台北市停車管理工程處,,0.00,110.00,停車費,金錢,台北市信義區****,,
575,林明正,107年直轄市議員選舉,首次申報,1071120,雜支支出,松隆滷肉飯,26358622,0.00,85.00,餐費,金錢,,,
576,林明正,107年直轄市議員選舉,首次申報,1071120,雜支支出,東門興記小吃店,38561369,0.00,80.00,餐費,金錢,,,
577,林明正,107年直轄市議員選舉,首次申報,1071120,雜支支出,東門興記小吃店,38561369,0.00,120.00,餐費,金錢,,,
578,林明正,107年直轄市議員選舉,首次申報,1071120,雜支支出,東門興記小吃店,38561369,0.00,310.00,餐費,金錢,,,
579,林明正,107年直轄市議員選舉,首次申報,1071120,雜支支出,鮮茶道,42433388,0.00,30.00,飲料費,金錢,,,
580,林明正,107年直轄市議員選舉,首次申報,1071120,雜支支出,FamilyMart康柏店,53005433,0.00,83.00,餐飲費,金錢,,,
581,林明正,107年直轄市議員選舉,首次申報,1071120,雜支支出,KFC,53021145,0.00,111.00,餐飲費,金錢,,,
582,林明正,107年直轄市議員選舉,首次申報,1071120,雜支支出,FamilyMart新健康店,53676782,0.00,25.00,礦泉水,金錢,,,
583,林明正,107年直轄市議員選舉,首次申報,1071120,雜支支出,歡喜創意有限公司,53935465,0.00,110.00,餐飲費,金錢,,,
584,林明正,107年直轄市議員選舉,首次申報,1071120,雜支支出,歡喜創意有限公司,53935465,0.00,380.00,餐飲費,金錢,,,
585,林明正,107年直轄市議員選舉,首次申報,1071120,租用宣傳車輛支出,中信停車有限公司虎林街停車場,72967557,0.00,75.00,停車費,金錢,,,
586,林明正,107年直轄市議員選舉,首次申報,1071120,租用宣傳車輛支出,中信停車有限公司虎林街停車場,72967557,0.00,150.00,停車費,金錢,,,
587,林明正,107年直轄市議員選舉,首次申報,1071120,宣傳支出,承漢印刷有限公司,86730744,0.00,1386.00,製作競選物品支出-名片,金錢,臺北市南京東****,,
588,林明正,107年直轄市議員選舉,首次申報,1071121,交通旅運支出,車號TDA3978,,0.00,250.00,計程車乘車,金錢,,,
589,林明正,107年直轄市議員選舉,首次申報,1071121,交通旅運支出,車號086C6,,0.00,245.00,計程車乘車,金錢,,,
590,林明正,107年直轄市議員選舉,首次申報,1071121,租用宣傳車輛支出,台灣中油松山路站,01113299,0.00,890.00,加油費,金錢,,,
591,林明正,107年直轄市議員選舉,首次申報,1071121,雜支支出,7-11嘉馥,16833900,0.00,50.00,餐飲費,金錢,,,
592,林明正,107年直轄市議員選舉,首次申報,1071121,雜支支出,鍋霸,24475076,0.00,3050.00,餐飲費,金錢,,,
593,林明正,107年直轄市議員選舉,首次申報,1071121,交通旅運支出,普客二四停車場股份有限公司,28858068,0.00,80.00,停車費,金錢,,,
594,林明正,107年直轄市議員選舉,首次申報,1071121,雜支支出,康青龍台北八德店,42430517,0.00,160.00,飲料費,金錢,,,
595,林明正,107年直轄市議員選舉,首次申報,1071121,雜支支出,英達小吃店,42436370,0.00,40.00,餐費,金錢,,,
596,林明正,107年直轄市議員選舉,首次申報,1071121,雜支支出,春發小吃店,42503460,0.00,89.00,餐費,金錢,,,
597,林明正,107年直轄市議員選舉,首次申報,1071121,租用宣傳車輛支出,中信停車有限公司虎林街停車場,72967557,0.00,150.00,停車費,金錢,,,
598,林明正,107年直轄市議員選舉,首次申報,1071121,租用宣傳車輛支出,中信停車有限公司虎林街停車場,72967557,0.00,30.00,停車費,金錢,,,
599,林明正,107年直轄市議員選舉,首次申報,1071121,租用宣傳車輛支出,中信停車有限公司虎林街停車場,72967557,0.00,90.00,停車費,金錢,,,
600,林明正,107年直轄市議員選舉,首次申報,1071122,交通旅運支出,車號TAM-136,,0.00,110.00,計程車乘車,金錢,,,
601,林明正,107年直轄市議員選舉,首次申報,1071122,交通旅運支出,車號TAF207,,0.00,245.00,計程車乘車,金錢,,,
602,林明正,107年直轄市議員選舉,首次申報,1071122,交通旅運支出,車號TDD-3109,,0.00,170.00,計程車乘車,金錢,,,
603,林明正,107年直轄市議員選舉,首次申報,1071122,交通旅運支出,台灣中油松山路站,01113299,0.00,1455.00,加油費,金錢,,,
604,林明正,107年直轄市議員選舉,首次申報,1071122,雜支支出,7-11嘉馥,16833900,0.00,10.00,報紙,金錢,,,
605,林明正,107年直轄市議員選舉,首次申報,1071122,雜支支出,相傳控肉飯,25513908,0.00,450.00,餐費,金錢,,,
606,林明正,107年直轄市議員選舉,首次申報,1071122,雜支支出,原品茶行,38462282,0.00,35.00,飲料費,金錢,,,
607,林明正,107年直轄市議員選舉,首次申報,1071122,雜支支出,東門興記小吃店,38561369,0.00,120.00,餐費,金錢,,,
608,林明正,107年直轄市議員選舉,首次申報,1071122,雜支支出,東門興記小吃店,38561369,0.00,480.00,餐費,金錢,,,
609,林明正,107年直轄市議員選舉,首次申報,1071122,雜支支出,東門興記小吃店,38561369,0.00,100.00,餐費,金錢,,,
610,林明正,107年直轄市議員選舉,首次申報,1071122,雜支支出,英達小吃店,42436370,0.00,1205.00,餐費,金錢,,,
611,林明正,107年直轄市議員選舉,首次申報,1071122,雜支支出,FamilyMart新信德店,54387992,0.00,195.00,餐飲費,金錢,,,
612,林明正,107年直轄市議員選舉,首次申報,1071122,租用宣傳車輛支出,中信停車有限公司虎林街停車場,72967557,0.00,90.00,停車費,金錢,,,
613,林明正,107年直轄市議員選舉,首次申報,1071122,租用宣傳車輛支出,中信停車有限公司虎林街停車場,72967557,0.00,150.00,停車費,金錢,,,
614,林明正,107年直轄市議員選舉,首次申報,1071123,交通旅運支出,車號0707C,,0.00,205.00,計程車乘車,金錢,,,
615,林明正,107年直轄市議員選舉,首次申報,1071123,交通旅運支出,車號TDF1295,,0.00,130.00,計程車乘車,金錢,,,
616,林明正,107年直轄市議員選舉,首次申報,1071123,交通旅運支出,車號926-K2,,0.00,130.00,計程車乘車,金錢,,,
617,林明正,107年直轄市議員選舉,首次申報,1071123,交通旅運支出,車號205-C3,,0.00,145.00,計程車乘車,金錢,,,
618,林明正,107年直轄市議員選舉,首次申報,1071123,雜支支出,7-11嘉馥,16833900,0.00,23.00,礦泉水,金錢,,,
619,林明正,107年直轄市議員選舉,首次申報,1071123,雜支支出,相傳控肉飯,25513908,0.00,690.00,餐費,金錢,,,
620,林明正,107年直轄市議員選舉,首次申報,1071123,雜支支出,松德早餐店,25556589,0.00,180.00,餐費,金錢,,,
621,林明正,107年直轄市議員選舉,首次申報,1071123,雜支支出,7-11松義,27246983,0.00,136.00,熱飲,金錢,,,
622,林明正,107年直轄市議員選舉,首次申報,1071123,雜支支出,東門興記小吃店,38561369,0.00,1380.00,餐費,金錢,,,
623,林明正,107年直轄市議員選舉,首次申報,1071123,雜支支出,FamilyMart新信德店,54387992,0.00,42.00,餐飲費,金錢,,,
624,林明正,107年直轄市議員選舉,首次申報,1071123,租用宣傳車輛支出,中信停車有限公司虎林街停車場,72967557,0.00,75.00,停車費,金錢,,,
625,林明正,107年直轄市議員選舉,首次申報,1071123,租用宣傳車輛支出,中信停車有限公司虎林街停車場,72967557,0.00,150.00,停車費,金錢,,,
626,林明正,107年直轄市議員選舉,首次申報,1071124,交通旅運支出,車號698-E6,,0.00,90.00,計程車乘車,金錢,,,
627,林明正,107年直轄市議員選舉,首次申報,1071124,雜支支出,原品茶行,38462282,0.00,35.00,飲料費,金錢,,,
628,林明正,107年直轄市議員選舉,首次申報,1071124,雜支支出,歡喜創意有限公司,53935465,0.00,375.00,餐飲費,金錢,,,
629,林明正,107年直轄市議員選舉,首次申報,1071124,雜支支出,7-11信林,54388752,0.00,42.00,餐飲費,金錢,,,
630,林明正,107年直轄市議員選舉,首次申報,1071125,交通旅運支出,車號TDF9638,,0.00,120.00,計程車乘車,金錢,,,
631,林明正,107年直轄市議員選舉,首次申報,1071125,交通旅運支出,車號063-J9,,0.00,110.00,計程車乘車,金錢,,,
632,林明正,107年直轄市議員選舉,首次申報,1071125,交通旅運支出,車號757-C8,,0.00,75.00,計程車乘車,金錢,,,
633,林明正,107年直轄市議員選舉,首次申報,1071125,交通旅運支出,車號320-C6,,0.00,75.00,計程車乘車,金錢,,,
634,林明正,107年直轄市議員選舉,首次申報,1071125,交通旅運支出,車號TAN089,,0.00,150.00,計程車乘車,金錢,,,
635,林明正,107年直轄市議員選舉,首次申報,1071125,交通旅運支出,車號TDH-7867,,0.00,265.00,計程車乘車,金錢,,,
636,林明正,107年直轄市議員選舉,首次申報,1071125,交通旅運支出,車號458-YK,,0.00,130.00,計程車乘車,金錢,,,
637,林明正,107年直轄市議員選舉,首次申報,1071125,交通旅運支出,車號255-B5,,0.00,215.00,計程車乘車,金錢,,,
638,林明正,107年直轄市議員選舉,首次申報,1071125,交通旅運支出,車號588-9C,,0.00,255.00,計程車乘車,金錢,,,
639,林明正,107年直轄市議員選舉,首次申報,1071125,租用宣傳車輛支出,台灣中油松山路站,01113299,0.00,830.00,加油費,金錢,,,
640,林明正,107年直轄市議員選舉,首次申報,1071125,雜支支出,7-11嘉馥,16833900,0.00,98.00,餐飲費,金錢,,,
641,林明正,107年直轄市議員選舉,首次申報,1071125,雜支支出,7-11嘉馥,16833900,0.00,132.00,餐飲費,金錢,,,
642,林明正,107年直轄市議員選舉,首次申報,1071125,雜支支出,滿堂,28868072,0.00,1447.00,餐費,金錢,,,
643,林明正,107年直轄市議員選舉,首次申報,1071125,雜支支出,雪獄山豆腐村,70824891,0.00,500.00,餐費,金錢,,,
644,林明正,107年直轄市議員選舉,首次申報,1071125,雜支支出,翰林茶館,70824891,0.00,85.00,餐飲費,金錢,,,
645,林明正,107年直轄市議員選舉,首次申報,1071125,租用宣傳車輛支出,中信停車有限公司虎林街停車場,72967557,0.00,400.00,停車費,金錢,,,
646,林明正,107年直轄市議員選舉,首次申報,1071126,交通旅運支出,車號TAH-992,,0.00,320.00,計程車乘車,金錢,,,
647,林明正,107年直轄市議員選舉,首次申報,1071126,交通旅運支出,車號TAX859,,0.00,145.00,計程車乘車,金錢,,,
648,林明正,107年直轄市議員選舉,首次申報,1071126,交通旅運支出,車號TAR-993,,0.00,130.00,計程車乘車,金錢,,,
649,林明正,107年直轄市議員選舉,首次申報,1071126,交通旅運支出,車號TAW303,,0.00,125.00,計程車乘車,金錢,,,
650,林明正,107年直轄市議員選舉,首次申報,1071126,雜支支出,7-11嘉馥,16833900,0.00,45.00,餐飲費,金錢,,,
651,林明正,107年直轄市議員選舉,首次申報,1071126,雜支支出,城市商旅股份有限公司南京東路分公司,25145307,0.00,2892.00,/入住/退房,金錢,,,
652,林明正,107年直轄市議員選舉,首次申報,1071126,雜支支出,京星餐廳,27535864,0.00,1120.00,餐飲費,金錢,,,
653,林明正,107年直轄市議員選舉,首次申報,1071126,雜支支出,東門興記小吃店,38561369,0.00,100.00,餐費,金錢,,,
654,林明正,107年直轄市議員選舉,首次申報,1071126,雜支支出,東門興記小吃店,38561369,0.00,200.00,餐費,金錢,,,
655,林明正,107年直轄市議員選舉,首次申報,1071126,雜支支出,香港鳳盛燒臘店,81641700,0.00,90.00,餐費,金錢,,,
656,林明正,107年直轄市議員選舉,首次申報,1071126,人事費用支出,陳允武,A12*******,0.00,18000.00,月薪資-,金錢,臺北市永吉路****,0956*****,
657,林明正,107年直轄市議員選舉,首次申報,1071127,交通旅運支出,台北市停車管理工程處,,0.00,465.00,停車費,金錢,台北市信義區****,,
658,林明正,107年直轄市議員選舉,首次申報,1071127,雜支支出,萬鋐快餐店,25566566,0.00,180.00,餐費,金錢,,,
659,林明正,107年直轄市議員選舉,首次申報,1071127,雜支支出,瓦城泰式麵食,54346613,0.00,440.00,餐費,金錢,,,
660,林明正,107年直轄市議員選舉,首次申報,1071127,雜支支出,長江莊敬飲品,54346613,0.00,54.00,飲料費,金錢,,,
661,林明正,107年直轄市議員選舉,首次申報,1071127,人事費用支出,張西良,F10*******,0.00,4500.00,月薪資,金錢,臺北市吳興街****,0939*****,
662,林明正,107年直轄市議員選舉,首次申報,1071128,租用競選辦事處支出,簡卓正,,0.00,1500.00,撕招牌橫直式貼紙工資,金錢,,0933*****,
663,林明正,107年直轄市議員選舉,首次申報,1071128,雜支支出,萬鋐快餐店,25566566,0.00,165.00,餐費,金錢,,,
664,林明正,107年直轄市議員選舉,首次申報,1071129,交通旅運支出,台灣中油松山路站,01113299,0.00,1118.00,加油費,金錢,,,
665,林明正,107年直轄市議員選舉,首次申報,1071129,雜支支出,智通數位,42646755,0.00,37.00,捐款平台手續費收取,金錢,,,
666,林明正,107年直轄市議員選舉,首次申報,1071130,雜支支出,饗食天堂,24329715,0.00,5028.00,餐飲費,金錢,,,
667,林明正,107年直轄市議員選舉,首次申報,1071203,交通旅運支出,車號101-6D,,0.00,80.00,計程車乘車,金錢,,,
668,林明正,107年直轄市議員選舉,首次申報,1071203,交通旅運支出,車號106-D2,,0.00,360.00,計程車乘車,金錢,,0227*****,
669,林明正,107年直轄市議員選舉,首次申報,1071203,租用競選辦事處支出,台灣電力公司,03765704,0.00,1011.00,//-//電費,金錢,,,
670,林明正,107年直轄市議員選舉,首次申報,1071203,租用競選辦事處支出,台北自來水事業處,03774909,0.00,313.00,//-//水費,金錢,,,
671,林明正,107年直轄市議員選舉,首次申報,1071204,雜支支出,中華電信,81691784,0.00,942.00,月電話費,金錢,,,
672,林明正,107年直轄市議員選舉,首次申報,1071205,交通旅運支出,台北市停車管理工程處,,0.00,1965.00,停車費,金錢,台北市信義區****,,
673,林明正,107年直轄市議員選舉,首次申報,1071205,人事費用支出,楊佳琪,A22*******,0.00,30000.00,月薪資,金錢,臺北市文山區****,0922*****,
674,林明正,107年直轄市議員選舉,首次申報,1071205,人事費用支出,錢建勳,D12*******,0.00,5000.00,工資或薪津,金錢,臺南市北區北****,,
675,林明正,107年直轄市議員選舉,首次申報,1071205,人事費用支出,許慧敏,F22*******,0.00,30000.00,月薪資,金錢,臺北市信義路****,0227*****,
