﻿序號,擬參選人／政黨,選舉名稱,申報序號／年度,交易日期,收支科目,捐贈者／支出對象,身分證／統一編號,收入金額,支出金額,支出用途,金錢類,地址,聯絡電話,資料更正日期
1,劉櫂豪,109年立法委員選舉,首次申報,1080918,政黨捐贈收入,民主進步黨,政黨證字第16號,1000000.00,0.00,,金錢,台北市北平東****,(02)*****,
2,劉櫂豪,109年立法委員選舉,首次申報,1080925,個人捐贈收入,劉碧玉,K20*******,100000.00,0.00,,金錢,臺北市潮州街****,0921*****,
3,劉櫂豪,109年立法委員選舉,首次申報,1081009,人民團體捐贈收入,臺北市旅館商業同業公會,,50000.00,0.00,,金錢,臺北市長沙街****,2389*****,
4,劉櫂豪,109年立法委員選舉,首次申報,1081016,個人捐贈收入,鄭仲烜,,8000.00,0.00,,金錢,新北市三峽區****,0988*****,
5,劉櫂豪,109年立法委員選舉,首次申報,1081016,個人捐贈收入,郭文和,T10*******,10000.00,0.00,,金錢,新北市板橋區****,0920*****,
6,劉櫂豪,109年立法委員選舉,首次申報,1081030,個人捐贈收入,鄧昭芳,,20000.00,0.00,,金錢,臺北市士林區****,0932*****,
7,劉櫂豪,109年立法委員選舉,首次申報,1081031,個人捐贈收入,鄭玉芳,V22*******,10000.00,0.00,,金錢,臺東縣鹿野鄉****,0932*****,
8,劉櫂豪,109年立法委員選舉,首次申報,1081101,營利事業捐贈收入,隆興企業社,93716472,30000.00,0.00,,非金錢,臺東縣臺東市****,0910*****,
9,劉櫂豪,109年立法委員選舉,首次申報,1081111,個人捐贈收入,阮懷磊,P12*******,2000.00,0.00,,金錢,高雄市鼓山區****,0975*****,
10,劉櫂豪,109年立法委員選舉,首次申報,1081112,個人捐贈收入,曾韋禎,Q12*******,6000.00,0.00,,金錢,嘉義市中庄里****,0928*****,
11,劉櫂豪,109年立法委員選舉,首次申報,1081113,營利事業捐贈收入,南迴加油站股份有限公司,28631823,50000.00,0.00,,金錢,臺東縣太麻里****,0892*****,
12,劉櫂豪,109年立法委員選舉,首次申報,1081113,營利事業捐贈收入,太峰加油站股份有限公司,70667490,50000.00,0.00,,金錢,臺東縣太麻里****,0897*****,
13,劉櫂豪,109年立法委員選舉,首次申報,1081120,個人捐贈收入,張壯強,V10*******,10000.00,0.00,,金錢,新北市中和區****,0928*****,
14,劉櫂豪,109年立法委員選舉,首次申報,1081121,營利事業捐贈收入,荒野加油站股份有限公司,16487318,30000.00,0.00,,金錢,臺東縣臺東市****,0910*****,
15,劉櫂豪,109年立法委員選舉,首次申報,1081121,營利事業捐贈收入,萬年加油站股份有限公司,16715137,10000.00,0.00,,金錢,臺東縣臺東市****,0910*****,
16,劉櫂豪,109年立法委員選舉,首次申報,1081121,營利事業捐贈收入,永利加油站股份有限公司,16718325,10000.00,0.00,,金錢,臺東縣臺東市****,0910*****,
17,劉櫂豪,109年立法委員選舉,首次申報,1081121,個人捐贈收入,吳鉛煌,D10*******,100000.00,0.00,,金錢,高雄市新興區****,0932*****,
18,劉櫂豪,109年立法委員選舉,首次申報,1081121,個人捐贈收入,劉清三,Q12*******,100000.00,0.00,,金錢,臺東縣臺東市****,0932*****,
19,劉櫂豪,109年立法委員選舉,首次申報,1081121,個人捐贈收入,蘇清連,V10*******,2000.00,0.00,,金錢,臺東縣大武鄉****,0937*****,
20,劉櫂豪,109年立法委員選舉,首次申報,1081126,個人捐贈收入,施靜惠,E22*******,30000.00,0.00,,金錢,臺東縣臺東市****,0911*****,
21,劉櫂豪,109年立法委員選舉,首次申報,1081128,個人捐贈收入,張淑卿,V20*******,20000.00,0.00,,金錢,臺北市北投區****,0921*****,
22,劉櫂豪,109年立法委員選舉,首次申報,1081202,營利事業捐贈收入,遠東國際商業銀行股份有限公司,86517096,1000000.00,0.00,,金錢,臺北市大安區****,02-2*****,
23,劉櫂豪,109年立法委員選舉,首次申報,1081202,個人捐贈收入,陳正笙,V12*******,100000.00,0.00,,金錢,臺東縣鹿野鄉****,0937*****,
24,劉櫂豪,109年立法委員選舉,首次申報,1081202,個人捐贈收入,莊世揚,V12*******,6000.00,0.00,,金錢,臺東縣太麻里****,0932*****,
25,劉櫂豪,109年立法委員選舉,首次申報,1081203,營利事業捐贈收入,長野車業有限公司,80524578,50000.00,0.00,,金錢,臺北市中山區****,0937*****,
26,劉櫂豪,109年立法委員選舉,首次申報,1081204,營利事業捐贈收入,進達國際開發有限公司,61949300,10000.00,0.00,,金錢,臺中市南區明****,02-2*****,
27,劉櫂豪,109年立法委員選舉,首次申報,1081205,個人捐贈收入,谷念勝,L12*******,100000.00,0.00,,金錢,桃園市桃園區****,0331*****,
28,劉櫂豪,109年立法委員選舉,首次申報,1081206,個人捐贈收入,劉晉嘉,,3000.00,0.00,,金錢,新北市林口區****,0910*****,
29,劉櫂豪,109年立法委員選舉,首次申報,1081207,個人捐贈收入,韋明宏,V12*******,2000.00,0.00,,金錢,新北市新店區****,0935*****,
30,劉櫂豪,109年立法委員選舉,首次申報,1081209,個人捐贈收入,劉華,,1000.00,0.00,,金錢,臺東縣臺東市****,0932*****,
31,劉櫂豪,109年立法委員選舉,首次申報,1081209,營利事業捐贈收入,連邦國際專利商標事務所,92019012,50000.00,0.00,,金錢,臺北市中山區****,0919*****,
32,劉櫂豪,109年立法委員選舉,首次申報,1081210,個人捐贈收入,辜家添,F10*******,60000.00,0.00,,金錢,新北市新莊區****,0893*****,
33,劉櫂豪,109年立法委員選舉,首次申報,1081210,個人捐贈收入,李榮富,N12*******,2000.00,0.00,,金錢,臺東縣臺東市****,0952*****,
34,劉櫂豪,109年立法委員選舉,首次申報,1081210,個人捐贈收入,邱美雲,P20*******,1500.00,0.00,,金錢,新北市三峽區****,0919*****,
35,劉櫂豪,109年立法委員選舉,首次申報,1081211,營利事業捐贈收入,盛發重機修理廠,12073061,30000.00,0.00,,金錢,臺東縣臺東市****,0893*****,
36,劉櫂豪,109年立法委員選舉,首次申報,1081212,個人捐贈收入,曾鳳玲,N22*******,100000.00,0.00,,金錢,臺北市大安區****,0912*****,
37,劉櫂豪,109年立法委員選舉,首次申報,1081213,個人捐贈收入,陳淑敏,,10000.00,0.00,,金錢,臺北市大安區****,0936*****,
38,劉櫂豪,109年立法委員選舉,首次申報,1081213,個人捐贈收入,謝勝信,T12*******,20000.00,0.00,,金錢,屏東縣內埔鄉****,0919*****,
39,劉櫂豪,109年立法委員選舉,首次申報,1081216,個人捐贈收入,江樂焉,,8880.00,0.00,,金錢,臺東縣卑南鄉****,0937*****,
40,劉櫂豪,109年立法委員選舉,首次申報,1081216,個人捐贈收入,楊銘祥,E12*******,100000.00,0.00,,金錢,臺北市南港區****,0936*****,
41,劉櫂豪,109年立法委員選舉,首次申報,1081217,個人捐贈收入,薛志煜,,2000.00,0.00,,金錢,臺北市萬華區****,0935*****,
42,劉櫂豪,109年立法委員選舉,首次申報,1081217,個人捐贈收入,陳榮琴,P20*******,10000.00,0.00,,金錢,臺中市西屯區****,0932*****,
43,劉櫂豪,109年立法委員選舉,首次申報,1081217,個人捐贈收入,施文祥,V12*******,30000.00,0.00,,金錢,臺東縣臺東市****,0910*****,
44,劉櫂豪,109年立法委員選舉,首次申報,1081218,營利事業捐贈收入,熙沓興業股份有限公司,13140594,100000.00,0.00,,金錢,臺北市信義區****,0224*****,
45,劉櫂豪,109年立法委員選舉,首次申報,1081218,營利事業捐贈收入,驥達物流有限公司,28327180,100000.00,0.00,,金錢,基隆市中正區****,0224*****,
46,劉櫂豪,109年立法委員選舉,首次申報,1081218,營利事業捐贈收入,兆恩投資有限公司,54010954,100000.00,0.00,,金錢,新北市新莊區****,0935*****,
47,劉櫂豪,109年立法委員選舉,首次申報,1081218,個人捐贈收入,陳振裕,V12*******,100000.00,0.00,,金錢,臺東縣臺東市****,0937*****,
48,劉櫂豪,109年立法委員選舉,首次申報,1081218,個人捐贈收入,劉萬貴,V12*******,30000.00,0.00,,金錢,臺東縣臺東市****,0910*****,
49,劉櫂豪,109年立法委員選舉,首次申報,1081218,個人捐贈收入,張志全,V12*******,10000.00,0.00,,金錢,臺東縣卑南鄉****,0932*****,
50,劉櫂豪,109年立法委員選舉,首次申報,1081218,個人捐贈收入,徐素貞,V20*******,10000.00,0.00,,金錢,臺東縣臺東市****,0893*****,
51,劉櫂豪,109年立法委員選舉,首次申報,1081219,個人捐贈收入,賴逵貞,V20*******,50000.00,0.00,,金錢,臺北市中山區****,0937*****,
52,劉櫂豪,109年立法委員選舉,首次申報,1081220,個人捐贈收入,林鍾定,B10*******,100000.00,0.00,,金錢,臺中市北區立****,0986*****,
53,劉櫂豪,109年立法委員選舉,首次申報,1081220,個人捐贈收入,朱秀子,V20*******,10000.00,0.00,,金錢,臺東縣鹿野鄉****,0928*****,
54,劉櫂豪,109年立法委員選舉,首次申報,1081221,其他收入,利息收入,,326.00,0.00,,金錢,,,
55,劉櫂豪,109年立法委員選舉,首次申報,1081223,個人捐贈收入,林健華,S12*******,22000.00,0.00,,金錢,臺東縣臺東市****,0932*****,
56,劉櫂豪,109年立法委員選舉,首次申報,1081223,個人捐贈收入,楊鴻明,V10*******,10000.00,0.00,,金錢,臺東縣卑南鄉****,0912*****,
57,劉櫂豪,109年立法委員選舉,首次申報,1081224,個人捐贈收入,陳敏超,V10*******,100000.00,0.00,,金錢,新北市五股區****,0933*****,
58,劉櫂豪,109年立法委員選舉,首次申報,1081225,個人捐贈收入,鄭翔寧,,10000.00,0.00,,金錢,臺中市南屯區****,0970*****,
59,劉櫂豪,109年立法委員選舉,首次申報,1081225,個人捐贈收入,盧慶祥,E10*******,50000.00,0.00,,金錢,臺東縣臺東市****,0928*****,
60,劉櫂豪,109年立法委員選舉,首次申報,1081225,個人捐贈收入,彭歲玲,K22*******,6600.00,0.00,,金錢,臺東縣臺東市****,0919*****,
61,劉櫂豪,109年立法委員選舉,首次申報,1081226,個人捐贈收入,蔡耀中,E12*******,10000.00,0.00,,金錢,臺東縣臺東市****,0911*****,
62,劉櫂豪,109年立法委員選舉,首次申報,1081226,個人捐贈收入,紀森雄,V10*******,20000.00,0.00,,金錢,臺東縣鹿野鄉****,0937*****,
63,劉櫂豪,109年立法委員選舉,首次申報,1081227,個人捐贈收入,劉邦熙,,20000.00,0.00,,金錢,臺東縣臺東市****,089-*****,
64,劉櫂豪,109年立法委員選舉,首次申報,1081227,個人捐贈收入,康裕弘,,5000.00,0.00,,金錢,桃園市蘆竹區****,0937*****,
65,劉櫂豪,109年立法委員選舉,首次申報,1081230,個人捐贈收入,何敏豪,B10*******,10000.00,0.00,,金錢,臺中市東區進****,0937*****,
66,劉櫂豪,109年立法委員選舉,首次申報,1081230,個人捐贈收入,劉憲文,V10*******,5000.00,0.00,,金錢,臺東縣關山鎮****,0981*****,
67,劉櫂豪,109年立法委員選舉,首次申報,1081230,個人捐贈收入,林錦儒,V12*******,3000.00,0.00,,金錢,臺東縣臺東市****,0932*****,
68,劉櫂豪,109年立法委員選舉,首次申報,1081230,個人捐贈收入,尤薰嫺,V22*******,2000.00,0.00,,金錢,臺東縣臺東市****,0975*****,
69,劉櫂豪,109年立法委員選舉,首次申報,1081231,營利事業捐贈收入,振泰木器行,17907859,50000.00,0.00,,金錢,臺東縣臺東市****,0911*****,
70,劉櫂豪,109年立法委員選舉,首次申報,1081231,營利事業捐贈收入,發明家科技開發股份有限公司,22859168,10000.00,0.00,,金錢,臺北市延平北****,0937*****,
71,劉櫂豪,109年立法委員選舉,首次申報,1081231,個人捐贈收入,歐振華,E12*******,30000.00,0.00,,金錢,高雄市大寮區****,0933*****,
72,劉櫂豪,109年立法委員選舉,首次申報,1081231,個人捐贈收入,陳燕修,G20*******,20000.00,0.00,,金錢,臺東縣卑南鄉****,0932*****,
73,劉櫂豪,109年立法委員選舉,首次申報,1081231,個人捐贈收入,蔡榮樂,R10*******,6000.00,0.00,,金錢,臺東縣卑南鄉****,0910*****,
74,劉櫂豪,109年立法委員選舉,首次申報,1081231,個人捐贈收入,李綺琴,S22*******,50000.00,0.00,,金錢,臺東縣臺東市****,0952*****,
75,劉櫂豪,109年立法委員選舉,首次申報,1090102,個人捐贈收入,許振宏,,2000.00,0.00,,金錢,臺東縣臺東市****,,
76,劉櫂豪,109年立法委員選舉,首次申報,1090102,個人捐贈收入,李瑞良,V10*******,16800.00,0.00,,金錢,臺東縣臺東市****,0972*****,
77,劉櫂豪,109年立法委員選舉,首次申報,1090102,個人捐贈收入,彭孟云,V22*******,10000.00,0.00,,金錢,臺東縣臺東市****,0933*****,
78,劉櫂豪,109年立法委員選舉,首次申報,1090103,人民團體捐贈收入,中華民國電機技師公會,,100000.00,0.00,,金錢,臺北市大安區****,02-2*****,
79,劉櫂豪,109年立法委員選舉,首次申報,1090103,個人捐贈收入,李華珍,,2000.00,0.00,,金錢,臺東縣臺東市****,0919*****,
80,劉櫂豪,109年立法委員選舉,首次申報,1090103,個人捐贈收入,楊阿信,A20*******,100000.00,0.00,,金錢,臺北市松山區****,02-2*****,
81,劉櫂豪,109年立法委員選舉,首次申報,1090103,個人捐贈收入,王惠民,N12*******,100000.00,0.00,,金錢,臺北市松山區****,02-2*****,
82,劉櫂豪,109年立法委員選舉,首次申報,1090103,個人捐贈收入,王維君,N22*******,100000.00,0.00,,金錢,臺北市松山區****,02-2*****,
83,劉櫂豪,109年立法委員選舉,首次申報,1090104,個人捐贈收入,邱怡文,E12*******,50000.00,0.00,,金錢,高雄市前金區****,0975*****,
84,劉櫂豪,109年立法委員選舉,首次申報,1090106,個人捐贈收入,康貴嬛,,10000.00,0.00,,金錢,臺北市松山區****,0910*****,
85,劉櫂豪,109年立法委員選舉,首次申報,1090106,個人捐贈收入,李獻忠,V10*******,30000.00,0.00,,金錢,臺東縣臺東市****,0932*****,
86,劉櫂豪,109年立法委員選舉,首次申報,1090107,個人捐贈收入,陳劍平,,5000.00,0.00,,金錢,臺東縣臺東市****,0932*****,
87,劉櫂豪,109年立法委員選舉,首次申報,1090107,人民團體捐贈收入,臺東縣中醫師公會,,60000.00,0.00,,金錢,臺東縣臺東市****,3259*****,
88,劉櫂豪,109年立法委員選舉,首次申報,1090107,個人捐贈收入,李宗輝,,10000.00,0.00,,金錢,臺東縣臺東市****,0965*****,
89,劉櫂豪,109年立法委員選舉,首次申報,1090107,個人捐贈收入,張素津,V20*******,6000.00,0.00,,金錢,臺東縣臺東市****,0912*****,
90,劉櫂豪,109年立法委員選舉,首次申報,1090108,個人捐贈收入,徐光基,J10*******,100000.00,0.00,,金錢,新竹縣竹北市****,0916*****,
91,劉櫂豪,109年立法委員選舉,首次申報,1090108,個人捐贈收入,陳儀隆,V10*******,5000.00,0.00,,金錢,臺東縣鹿野鄉****,0912*****,
92,劉櫂豪,109年立法委員選舉,首次申報,1090108,個人捐贈收入,王欽鈴,V20*******,100000.00,0.00,,金錢,臺東縣臺東市****,0893*****,
93,劉櫂豪,109年立法委員選舉,首次申報,1090108,個人捐贈收入,施怡如,V22*******,100000.00,0.00,,金錢,臺東縣臺東市****,0893*****,
94,劉櫂豪,109年立法委員選舉,首次申報,1090109,個人捐贈收入,黃茂盛,,6600.00,0.00,,金錢,屏東縣東港鎮****,0933*****,
95,劉櫂豪,109年立法委員選舉,首次申報,1090109,個人捐贈收入,鄭少華,D22*******,100000.00,0.00,,金錢,新竹縣竹北市****,0916*****,
96,劉櫂豪,109年立法委員選舉,首次申報,1090109,個人捐贈收入,林婉瑟,F20*******,10000.00,0.00,,金錢,臺北市文山區****,0937*****,
97,劉櫂豪,109年立法委員選舉,首次申報,1090109,個人捐贈收入,張楊麗花,V20*******,6000.00,0.00,,金錢,臺東縣東河鄉****,0958*****,
98,劉櫂豪,109年立法委員選舉,首次申報,1090109,個人捐贈收入,林金美,V22*******,100000.00,0.00,,金錢,臺東縣臺東市****,0932*****,
99,劉櫂豪,109年立法委員選舉,首次申報,1090110,個人捐贈收入,蔡蒼振,,5000.00,0.00,,金錢,臺東縣卑南鄉****,0912*****,
100,劉櫂豪,109年立法委員選舉,首次申報,1090110,個人捐贈收入,吳朝景,,5000.00,0.00,,金錢,臺中市北屯區****,0422*****,
101,劉櫂豪,109年立法委員選舉,首次申報,1090110,個人捐贈收入,林俊宏,,2000.00,0.00,,金錢,臺東縣關山鎮****,0911*****,
102,劉櫂豪,109年立法委員選舉,首次申報,1090110,個人捐贈收入,許世賢,,1000.00,0.00,,金錢,臺東縣池上鄉****,0936*****,
103,劉櫂豪,109年立法委員選舉,首次申報,1090110,個人捐贈收入,黃政男,A10*******,5000.00,0.00,,金錢,臺北市大安區****,,
104,劉櫂豪,109年立法委員選舉,首次申報,1090110,個人捐贈收入,曾重豪,T12*******,60000.00,0.00,,金錢,臺東縣臺東市****,0928*****,
