﻿序號,擬參選人／政黨,選舉名稱,申報序號／年度,交易日期,收支科目,捐贈者／支出對象,身分證／統一編號,收入金額,支出金額,支出用途,金錢類,地址,聯絡電話,資料更正日期
1,黃芳蘭,107年縣(市)議員選舉,首次申報,1071028,集會支出,正新企業社,37721938,0.00,30300.00,租用設備支出,金錢,嘉義縣民雄鄉****,,
2,黃芳蘭,107年縣(市)議員選舉,首次申報,1071101,租用宣傳車輛支出,芳傳廣告社,14760065,0.00,28400.00,租用宣傳車輛支出,金錢,嘉義縣民雄鄉****,,
3,黃芳蘭,107年縣(市)議員選舉,首次申報,1071101,宣傳支出,三立廣告印染旗幟廠,87974704,0.00,217959.00,製作宣傳廣告支出-廣告旗幟,金錢,嘉義縣中埔鄉****,,
4,黃芳蘭,107年縣(市)議員選舉,首次申報,1071128,宣傳支出,嘉鋒鷹架工程行,20181943,0.00,88532.00,刊登宣傳廣告支出,金錢,嘉義縣民雄鄉****,,
5,黃芳蘭,107年縣(市)議員選舉,首次申報,1071128,宣傳支出,鋒彩廣告企業社,29418856,0.00,133825.00,刊登宣傳廣告支出-帆布噴畫,金錢,嘉義縣民雄鄉****,,
6,黃芳蘭,107年縣(市)議員選舉,首次申報,1071130,宣傳支出,雍真廣告企劃有限公司,53291891,0.00,33781.00,刊登宣傳廣告支出-廣告輸出,金錢,嘉義市西區湖****,,
