﻿序號,擬參選人／政黨,選舉名稱,申報序號／年度,交易日期,收支科目,捐贈者／支出對象,身分證／統一編號,收入金額,支出金額,支出用途,金錢類,地址,聯絡電話,資料更正日期
1,高潞．以用．巴魕剌,109年立法委員選舉,首次申報,1081119,個人捐贈收入,梁元文,,30000.00,0.00,,金錢,,04-2*****,
2,高潞．以用．巴魕剌,109年立法委員選舉,首次申報,1081121,個人捐贈收入,林松青,,10000.00,0.00,,金錢,桃園市龜山區****,,
3,高潞．以用．巴魕剌,109年立法委員選舉,首次申報,1081121,個人捐贈收入,楊秀玲,A22*******,100000.00,0.00,,金錢,臺南市永康區****,,
4,高潞．以用．巴魕剌,109年立法委員選舉,首次申報,1081121,個人捐贈收入,邱士瑋,L10*******,100000.00,0.00,,金錢,臺南市新營區****,,
5,高潞．以用．巴魕剌,109年立法委員選舉,首次申報,1081125,營利事業捐贈收入,全新通科技股份有限公司,54289752,12000.00,0.00,,金錢,新北市泰山區****,,
6,高潞．以用．巴魕剌,109年立法委員選舉,首次申報,1081129,個人捐贈收入,張証量,F12*******,100000.00,0.00,,金錢,新北市永和區****,,
7,高潞．以用．巴魕剌,109年立法委員選舉,首次申報,1081213,營利事業捐贈收入,金聯成資源科技股份有限公司,28302688,50000.00,0.00,,金錢,高雄市小港區****,07-8*****,
8,高潞．以用．巴魕剌,109年立法委員選舉,首次申報,1081218,匿名捐贈,匿名,,10000.00,0.00,,金錢,,,
9,高潞．以用．巴魕剌,109年立法委員選舉,首次申報,1081219,匿名捐贈,匿名,,10000.00,0.00,,金錢,,,
10,高潞．以用．巴魕剌,109年立法委員選舉,首次申報,1081221,其他收入,利息收入,,22.00,0.00,,金錢,,,
11,高潞．以用．巴魕剌,109年立法委員選舉,首次申報,1081225,個人捐贈收入,張孫堆,F10*******,100000.00,0.00,,金錢,新北市新店區****,,
12,高潞．以用．巴魕剌,109年立法委員選舉,首次申報,1081225,個人捐贈收入,李如婕,F20*******,100000.00,0.00,,金錢,新北市永和區****,,
13,高潞．以用．巴魕剌,109年立法委員選舉,首次申報,1081225,個人捐贈收入,張家豪,H12*******,100000.00,0.00,,金錢,臺北市內湖區****,,
14,高潞．以用．巴魕剌,109年立法委員選舉,首次申報,1081231,匿名捐贈,匿名,,10000.00,0.00,,金錢,,,
