﻿序號,擬參選人／政黨,選舉名稱,申報序號／年度,交易日期,收支科目,捐贈者／支出對象,身分證／統一編號,收入金額,支出金額,支出用途,金錢類,地址,聯絡電話,資料更正日期
1,沈家鳳,107年直轄市議員選舉,首次申報,1070608,人事費用支出,李艾媚,S22*******,0.00,30000.00,工資或薪津,金錢,臺南市新營區****,,
2,沈家鳳,107年直轄市議員選舉,首次申報,1070616,雜支支出,永吉興生活百貨,42236128,0.00,35000.00,雜項購置或修繕費用,金錢,新北市板橋區****,,
3,沈家鳳,107年直轄市議員選舉,首次申報,1070618,宣傳支出,亞特攝影廣告社,,0.00,20500.00,製作競選物品支出（廣告）,金錢,臺南市北區公****,,
4,沈家鳳,107年直轄市議員選舉,首次申報,1070620,雜支支出,永吉興生活百貨,42236128,0.00,36337.00,雜項購置或修繕費用,金錢,新北市板橋區****,,
5,沈家鳳,107年直轄市議員選舉,首次申報,1070620,雜支支出,中華電信股份有限公司,69109906,0.00,410.00,電信費用,金錢,,,
6,沈家鳳,107年直轄市議員選舉,首次申報,1070621,交通旅運支出,台糖加油站,13208502,0.00,500.00,油資,金錢,,,
7,沈家鳳,107年直轄市議員選舉,首次申報,1070621,交通旅運支出,台糖,13208502,0.00,500.00,油資,金錢,,,
8,沈家鳳,107年直轄市議員選舉,首次申報,1070622,雜支支出,花果山飲食店,71191108,0.00,225.00,餐飲費用,金錢,,,
9,沈家鳳,107年直轄市議員選舉,首次申報,1070625,宣傳支出,亞特攝影廣告社,21665988,0.00,18300.00,製作宣傳廣告支出,金錢,臺南市北區公****,,
10,沈家鳳,107年直轄市議員選舉,首次申報,1070625,宣傳支出,亞特攝影廣告社,21665988,0.00,13900.00,製作宣傳廣告支出,金錢,臺南市北區公****,,
11,沈家鳳,107年直轄市議員選舉,首次申報,1070626,雜支支出,永吉興生活百貨,42236128,0.00,35000.00,雜項購置或修繕費用,金錢,新北市板橋區****,,
12,沈家鳳,107年直轄市議員選舉,首次申報,1070627,公共關係費用支出,正文壽麵專賣店,36844525,0.00,1600.00,為民服務費用,金錢,,,
13,沈家鳳,107年直轄市議員選舉,首次申報,1070627,公共關係費用支出,正文壽麵專賣店,36844525,0.00,1600.00,為民服務費用,金錢,,,
14,沈家鳳,107年直轄市議員選舉,首次申報,1070628,公共關係費用支出,正文壽麵專賣店,36844525,0.00,1200.00,為民服務費用,金錢,,,
15,沈家鳳,107年直轄市議員選舉,首次申報,1070629,雜支支出,台灣電力股份有限公司,72162989,0.00,507.00,水電瓦斯費用,金錢,,,
16,沈家鳳,107年直轄市議員選舉,首次申報,1070701,雜支支出,八方雲集,40765282,0.00,135.00,餐飲費用,金錢,,,
17,沈家鳳,107年直轄市議員選舉,首次申報,1070701,雜支支出,台灣電力股份有限公司,72162989,0.00,7250.00,水電瓦斯費用,金錢,,,
18,沈家鳳,107年直轄市議員選舉,首次申報,1070703,雜支支出,四川煤氣行,71079837,0.00,200.00,水電瓦斯費用,金錢,,,
19,沈家鳳,107年直轄市議員選舉,首次申報,1070703,集會支出,競選總部,R22*******,0.00,2000.00,其它,非金錢,臺南市柳營區****,,
20,沈家鳳,107年直轄市議員選舉,首次申報,1070705,雜支支出,南馨美食店,13708871,0.00,210.00,餐飲費用,金錢,,,
21,沈家鳳,107年直轄市議員選舉,首次申報,1070705,公共關係費用支出,義香珍食品行,26442620,0.00,450.00,為民服務費用,金錢,,,
22,沈家鳳,107年直轄市議員選舉,首次申報,1070705,雜支支出,一安健保藥局,49922707,0.00,1700.00,雜項購置或修繕費用,金錢,,,
23,沈家鳳,107年直轄市議員選舉,首次申報,1070705,人事費用支出,李艾媚,S22*******,0.00,30000.00,工資或薪津,金錢,臺南市新營區****,,
24,沈家鳳,107年直轄市議員選舉,首次申報,1070706,雜支支出,八方雲集,40765282,0.00,420.00,餐飲費用,金錢,,,
25,沈家鳳,107年直轄市議員選舉,首次申報,1070706,雜支支出,中華電信股份有限公司,69109906,0.00,246.00,電信費用,金錢,,,
26,沈家鳳,107年直轄市議員選舉,首次申報,1070706,雜支支出,百合晟股份有限公司,89377719,0.00,398.00,雜項購置或修繕費用,金錢,,,
27,沈家鳳,107年直轄市議員選舉,首次申報,1070707,雜支支出,龍典商店,72161264,0.00,1160.00,雜項購置或修繕費用,金錢,,,
28,沈家鳳,107年直轄市議員選舉,首次申報,1070707,雜支支出,龍典商店,72161264,0.00,3700.00,雜項購置或修繕費用,金錢,,,
29,沈家鳳,107年直轄市議員選舉,首次申報,1070707,雜支支出,樺慶文具圖書行,99557280,0.00,36.00,文具用品費用,金錢,,,
30,沈家鳳,107年直轄市議員選舉,首次申報,1070707,集會支出,競選總部,R22*******,0.00,5000.00,其它,非金錢,臺南市柳營區****,,
31,沈家鳳,107年直轄市議員選舉,首次申報,1070709,雜支支出,百合晟股份有限公司,89377719,0.00,115.00,雜項購置或修繕費用,金錢,,,
32,沈家鳳,107年直轄市議員選舉,首次申報,1070709,雜支支出,樺慶文具圖書行,99557280,0.00,199.00,文具用品費用,金錢,,,
33,沈家鳳,107年直轄市議員選舉,首次申報,1070710,雜支支出,亞特攝影廣告社,21665988,0.00,18300.00,雜項購置或修繕費用,金錢,臺南市公園路****,,
34,沈家鳳,107年直轄市議員選舉,首次申報,1070710,雜支支出,中華電信股份有限公司,69109906,0.00,1182.00,電信費用,金錢,,,
35,沈家鳳,107年直轄市議員選舉,首次申報,1070710,雜支支出,中華電信股份有限公司,69109906,0.00,1860.00,電信費用,金錢,,,
36,沈家鳳,107年直轄市議員選舉,首次申報,1070710,集會支出,競選總部,R22*******,0.00,5000.00,其它,非金錢,臺南市柳營區****,,
37,沈家鳳,107年直轄市議員選舉,首次申報,1070712,雜支支出,五百戶餐飲店,10836768,0.00,70.00,餐飲費用,金錢,,,
38,沈家鳳,107年直轄市議員選舉,首次申報,1070712,宣傳支出,龍林企業商行,14762084,0.00,12900.00,製作競選物品支出（旗幟）,金錢,嘉義縣大林鎮****,,
39,沈家鳳,107年直轄市議員選舉,首次申報,1070712,雜支支出,鼎盈企業社,36816648,0.00,160.00,餐飲費用,金錢,,,
40,沈家鳳,107年直轄市議員選舉,首次申報,1070712,雜支支出,鼎盈企業社,36816648,0.00,140.00,餐飲費用,金錢,,,
41,沈家鳳,107年直轄市議員選舉,首次申報,1070714,交通旅運支出,台糖加油站,13208502,0.00,765.00,油資,金錢,,,
42,沈家鳳,107年直轄市議員選舉,首次申報,1070714,雜支支出,Y蘭餐飲店,47807792,0.00,210.00,餐飲費用,金錢,,,
43,沈家鳳,107年直轄市議員選舉,首次申報,1070715,雜支支出,五百戶餐飲店,10836768,0.00,465.00,餐飲費用,金錢,,,
44,沈家鳳,107年直轄市議員選舉,首次申報,1070716,雜支支出,香港匡城燒腊名店,17836525,0.00,252.00,餐飲費用,金錢,,,
45,沈家鳳,107年直轄市議員選舉,首次申報,1070716,雜支支出,Y蘭餐飲店,47807792,0.00,225.00,餐飲費用,金錢,,,
46,沈家鳳,107年直轄市議員選舉,首次申報,1070717,雜支支出,台灣自來水股份有限公司,06540503,0.00,196.00,水電瓦斯費用,金錢,,,
47,沈家鳳,107年直轄市議員選舉,首次申報,1070717,雜支支出,Y蘭餐飲店,47807792,0.00,190.00,餐飲費用,金錢,,,
48,沈家鳳,107年直轄市議員選舉,首次申報,1070717,雜支支出,順志糖果店,71456753,0.00,435.00,雜項購置或修繕費用,金錢,,,
49,沈家鳳,107年直轄市議員選舉,首次申報,1070717,雜支支出,聯成發液化煤氣行,71710354,0.00,620.00,水電瓦斯費用,金錢,,,
50,沈家鳳,107年直轄市議員選舉,首次申報,1070717,雜支支出,吉倫瓦斯材料行,98817695,0.00,500.00,水電瓦斯費用,金錢,,,
51,沈家鳳,107年直轄市議員選舉,首次申報,1070718,宣傳支出,亞特攝影廣告社,21665988,0.00,32000.00,播送、傳送或刊登宣傳廣告支出,金錢,臺南市公園路****,,
52,沈家鳳,107年直轄市議員選舉,首次申報,1070718,雜支支出,容富百貨商行,40891231,0.00,199.00,雜項購置或修繕費用,金錢,,,
53,沈家鳳,107年直轄市議員選舉,首次申報,1070718,雜支支出,中華電信股份有限公司,69109906,0.00,195.00,電信費用,金錢,,,
54,沈家鳳,107年直轄市議員選舉,首次申報,1070718,雜支支出,金如意飲食店,72201619,0.00,390.00,餐飲費用,金錢,,,
55,沈家鳳,107年直轄市議員選舉,首次申報,1070718,公共關係費用支出,競選總部,R22*******,0.00,3000.00,聯誼交際費用,非金錢,臺南市柳營區****,,
56,沈家鳳,107年直轄市議員選舉,首次申報,1070719,雜支支出,金如意飲食店,72201619,0.00,330.00,餐飲費用,金錢,,,
57,沈家鳳,107年直轄市議員選舉,首次申報,1070720,雜支支出,香港匡城燒腊名店,17836525,0.00,300.00,餐飲費用,金錢,,,
58,沈家鳳,107年直轄市議員選舉,首次申報,1070720,雜支支出,學甲鵝肉新營店,25812504,0.00,510.00,餐飲費用,金錢,,,
59,沈家鳳,107年直轄市議員選舉,首次申報,1070721,雜支支出,小嵐簡餐店,09506108,0.00,285.00,餐飲費用,金錢,,,
60,沈家鳳,107年直轄市議員選舉,首次申報,1070721,雜支支出,佳成快餐店,36648713,0.00,70.00,餐飲費用,金錢,,,
61,沈家鳳,107年直轄市議員選舉,首次申報,1070721,集會支出,競選總部,R22*******,0.00,3000.00,其它,非金錢,臺南市柳營區****,,
62,沈家鳳,107年直轄市議員選舉,首次申報,1070722,雜支支出,佳成快餐店,36648713,0.00,390.00,餐飲費用,金錢,,,
63,沈家鳳,107年直轄市議員選舉,首次申報,1070722,公共關係費用支出,競選總部,R22*******,0.00,5000.00,聯誼交際費用,非金錢,臺南市柳營區****,,
64,沈家鳳,107年直轄市議員選舉,首次申報,1070723,公共關係費用支出,旗津現撈,06576086,0.00,6750.00,聯誼交際費用,金錢,,,
65,沈家鳳,107年直轄市議員選舉,首次申報,1070723,雜支支出,香港匡城燒腊名店,17836525,0.00,525.00,餐飲費用,金錢,,,
66,沈家鳳,107年直轄市議員選舉,首次申報,1070724,雜支支出,五百戶餐飲店,10836768,0.00,135.00,餐飲費用,金錢,,,
67,沈家鳳,107年直轄市議員選舉,首次申報,1070724,雜支支出,Y蘭餐飲店,47807792,0.00,210.00,餐飲費用,金錢,,,
68,沈家鳳,107年直轄市議員選舉,首次申報,1070724,雜支支出,Y蘭餐飲店,47807792,0.00,280.00,餐飲費用,金錢,,,
69,沈家鳳,107年直轄市議員選舉,首次申報,1070725,雜支支出,小嵐簡餐店,09506108,0.00,75.00,餐飲費用,金錢,,,
70,沈家鳳,107年直轄市議員選舉,首次申報,1070726,宣傳支出,中華郵政,,0.00,44.00,郵寄競選物品或宣傳廣告支出,金錢,台南市新營區****,,
71,沈家鳳,107年直轄市議員選舉,首次申報,1070726,雜支支出,小嵐簡餐店,09506108,0.00,150.00,餐飲費用,金錢,,,
72,沈家鳳,107年直轄市議員選舉,首次申報,1070726,雜支支出,文鄉餐飲有限公司,54569563,0.00,230.00,餐飲費用,金錢,,,
73,沈家鳳,107年直轄市議員選舉,首次申報,1070727,宣傳支出,中華郵政,,0.00,36.00,郵寄競選物品或宣傳廣告支出,金錢,台南市新營區****,,
74,沈家鳳,107年直轄市議員選舉,首次申報,1070727,宣傳支出,中華郵政,,0.00,28.00,郵寄競選物品或宣傳廣告支出,金錢,台南市新營區****,,
75,沈家鳳,107年直轄市議員選舉,首次申報,1070727,雜支支出,小嵐簡餐店,09506108,0.00,75.00,餐飲費用,金錢,,,
76,沈家鳳,107年直轄市議員選舉,首次申報,1070727,雜支支出,小嵐簡餐店,09506108,0.00,150.00,餐飲費用,金錢,,,
77,沈家鳳,107年直轄市議員選舉,首次申報,1070727,宣傳支出,亞特攝影廣告社,21665988,0.00,21350.00,播送、傳送或刊登宣傳廣告支出,金錢,臺南市公園路****,,
78,沈家鳳,107年直轄市議員選舉,首次申報,1070728,雜支支出,小嵐簡餐店,09506108,0.00,225.00,餐飲費用,金錢,,,
79,沈家鳳,107年直轄市議員選舉,首次申報,1070728,雜支支出,學甲鵝肉新營店,25812504,0.00,200.00,餐飲費用,金錢,,,
80,沈家鳳,107年直轄市議員選舉,首次申報,1070729,雜支支出,小嵐簡餐店,09506108,0.00,210.00,餐飲費用,金錢,,,
81,沈家鳳,107年直轄市議員選舉,首次申報,1070730,雜支支出,小嵐簡餐店,09506108,0.00,525.00,餐飲費用,金錢,,,
82,沈家鳳,107年直轄市議員選舉,首次申報,1070730,公共關係費用支出,環球花坊,26449742,0.00,2200.00,為民服務費用,金錢,,,
83,沈家鳳,107年直轄市議員選舉,首次申報,1070730,雜支支出,四川煤氣行,71079837,0.00,200.00,水電瓦斯費用,金錢,,,
84,沈家鳳,107年直轄市議員選舉,首次申報,1070730,雜支支出,百合晟股份有限公司,89377719,0.00,159.00,雜項購置或修繕費用,金錢,,,
85,沈家鳳,107年直轄市議員選舉,首次申報,1070731,雜支支出,國泰人壽保險股份有限公司,03374707,0.00,22000.00,雜項購置或修繕費用,金錢,,,
86,沈家鳳,107年直轄市議員選舉,首次申報,1070731,雜支支出,小嵐簡餐店,09506108,0.00,145.00,餐飲費用,金錢,,,
87,沈家鳳,107年直轄市議員選舉,首次申報,1070731,雜支支出,文鄉餐飲有限公司,54569563,0.00,215.00,餐飲費用,金錢,,,
88,沈家鳳,107年直轄市議員選舉,首次申報,1070731,公共關係費用支出,蘭園清花園,97831620,0.00,3100.00,為民服務費用,金錢,,,
89,沈家鳳,107年直轄市議員選舉,首次申報,1070801,雜支支出,中華日報,,0.00,300.00,書報雜誌費用,金錢,台南市新營區****,,
90,沈家鳳,107年直轄市議員選舉,首次申報,1070801,雜支支出,小嵐簡餐店,09506108,0.00,135.00,餐飲費用,金錢,,,
91,沈家鳳,107年直轄市議員選舉,首次申報,1070802,雜支支出,小嵐簡餐店,09506108,0.00,210.00,餐飲費用,金錢,,,
92,沈家鳳,107年直轄市議員選舉,首次申報,1070802,雜支支出,癮君子企業社,36629552,0.00,300.00,餐飲費用,金錢,,,
93,沈家鳳,107年直轄市議員選舉,首次申報,1070802,雜支支出,中華電信股份有限公司,69109906,0.00,2680.00,電信費用,金錢,,,
94,沈家鳳,107年直轄市議員選舉,首次申報,1070802,雜支支出,永寶商號,87684590,0.00,150.00,雜項購置或修繕費用,金錢,,,
95,沈家鳳,107年直轄市議員選舉,首次申報,1070803,宣傳支出,中華郵政,,0.00,37.00,郵寄競選物品或宣傳廣告支出,金錢,台南市新營區****,,
96,沈家鳳,107年直轄市議員選舉,首次申報,1070803,公共關係費用支出,崧嵐鮮花禮籃店,06582382,0.00,2000.00,為民服務費用,金錢,,,
97,沈家鳳,107年直轄市議員選舉,首次申報,1070803,雜支支出,五百戶餐飲店,10836768,0.00,140.00,餐飲費用,金錢,,,
98,沈家鳳,107年直轄市議員選舉,首次申報,1070803,雜支支出,文鄉餐飲有限公司,54569563,0.00,290.00,餐飲費用,金錢,,,
99,沈家鳳,107年直轄市議員選舉,首次申報,1070803,公共關係費用支出,競選總部,R22*******,0.00,3000.00,聯誼交際費用,非金錢,臺南市柳營區****,,
100,沈家鳳,107年直轄市議員選舉,首次申報,1070804,雜支支出,佳成快餐店,36648713,0.00,140.00,餐飲費用,金錢,,,
101,沈家鳳,107年直轄市議員選舉,首次申報,1070804,雜支支出,佳成快餐店,36648713,0.00,70.00,餐飲費用,金錢,,,
102,沈家鳳,107年直轄市議員選舉,首次申報,1070804,雜支支出,真饌川菜式自助餐,93835054,0.00,560.00,餐飲費用,金錢,,,
103,沈家鳳,107年直轄市議員選舉,首次申報,1070804,集會支出,競選總部,R22*******,0.00,5000.00,其它,非金錢,臺南市柳營區****,,
104,沈家鳳,107年直轄市議員選舉,首次申報,1070805,雜支支出,學甲鵝肉新營店,25812504,0.00,60.00,餐飲費用,金錢,,,
105,沈家鳳,107年直轄市議員選舉,首次申報,1070805,雜支支出,小南簡餐店,94968101,0.00,2600.00,餐飲費用,金錢,,,
106,沈家鳳,107年直轄市議員選舉,首次申報,1070806,雜支支出,香港匡城燒腊名店,17836525,0.00,700.00,餐飲費用,金錢,,,
107,沈家鳳,107年直轄市議員選舉,首次申報,1070806,公共關係費用支出,競選總部,R22*******,0.00,2000.00,聯誼交際費用,非金錢,臺南市柳營區****,,
108,沈家鳳,107年直轄市議員選舉,首次申報,1070806,人事費用支出,李艾媚,S22*******,0.00,30000.00,工資或薪津,金錢,臺南市新營區****,,
109,沈家鳳,107年直轄市議員選舉,首次申報,1070807,雜支支出,家禾快餐店,17843194,0.00,230.00,餐飲費用,金錢,,,
110,沈家鳳,107年直轄市議員選舉,首次申報,1070807,雜支支出,統合百貨有限公司,25190338,0.00,738.00,雜項購置或修繕費用,金錢,,,
111,沈家鳳,107年直轄市議員選舉,首次申報,1070807,雜支支出,冠碩科技有限公司,25196157,0.00,4500.00,雜項購置或修繕費用,金錢,,,
112,沈家鳳,107年直轄市議員選舉,首次申報,1070807,雜支支出,學甲鵝肉新營店,25812504,0.00,60.00,餐飲費用,金錢,,,
113,沈家鳳,107年直轄市議員選舉,首次申報,1070807,雜支支出,台灣電力股份有限公司,72162989,0.00,741.00,水電瓦斯費用,金錢,,,
114,沈家鳳,107年直轄市議員選舉,首次申報,1070807,雜支支出,小南簡餐店,94968101,0.00,400.00,餐飲費用,金錢,,,
115,沈家鳳,107年直轄市議員選舉,首次申報,1070808,宣傳支出,亞特攝影廣告社,21665988,0.00,24000.00,播送、傳送或刊登宣傳廣告支出,金錢,臺南市公園路****,,
116,沈家鳳,107年直轄市議員選舉,首次申報,1070808,雜支支出,中華電信股份有限公司,69109906,0.00,199.00,電信費用,金錢,,,
117,沈家鳳,107年直轄市議員選舉,首次申報,1070808,公共關係費用支出,競選總部,R22*******,0.00,2000.00,聯誼交際費用,非金錢,臺南市柳營區****,,
118,沈家鳳,107年直轄市議員選舉,首次申報,1070809,雜支支出,鑫達商行,37595643,0.00,1800.00,雜項購置或修繕費用,金錢,,,
119,沈家鳳,107年直轄市議員選舉,首次申報,1070809,雜支支出,有春食堂,40740516,0.00,315.00,餐飲費用,金錢,,,
120,沈家鳳,107年直轄市議員選舉,首次申報,1070810,宣傳支出,中華郵政,,0.00,390.00,郵寄競選物品或宣傳廣告支出,金錢,台南市新營區****,,
121,沈家鳳,107年直轄市議員選舉,首次申報,1070810,雜支支出,長安自助餐店,36804072,0.00,140.00,餐飲費用,金錢,,,
122,沈家鳳,107年直轄市議員選舉,首次申報,1070810,雜支支出,長安自助餐店,36804072,0.00,840.00,餐飲費用,金錢,,,
123,沈家鳳,107年直轄市議員選舉,首次申報,1070810,雜支支出,有春食堂,40740516,0.00,620.00,餐飲費用,金錢,,,
124,沈家鳳,107年直轄市議員選舉,首次申報,1070810,雜支支出,八方雲集,40765282,0.00,520.00,水電瓦斯費用,金錢,,,
125,沈家鳳,107年直轄市議員選舉,首次申報,1070810,雜支支出,八方雲集,40765282,0.00,105.00,餐飲費用,金錢,,,
126,沈家鳳,107年直轄市議員選舉,首次申報,1070810,雜支支出,廣利商號,62963434,0.00,250.00,餐飲費用,金錢,,,
127,沈家鳳,107年直轄市議員選舉,首次申報,1070810,雜支支出,小南簡餐店,94968101,0.00,175.00,餐飲費用,金錢,,,
128,沈家鳳,107年直轄市議員選舉,首次申報,1070810,公共關係費用支出,競選總部,R22*******,0.00,2000.00,聯誼交際費用,非金錢,臺南市柳營區****,,
129,沈家鳳,107年直轄市議員選舉,首次申報,1070811,雜支支出,佳成快餐店,36648713,0.00,135.00,餐飲費用,金錢,,,
130,沈家鳳,107年直轄市議員選舉,首次申報,1070812,雜支支出,尚飲茶飲,40717509,0.00,120.00,餐飲費用,金錢,,,
131,沈家鳳,107年直轄市議員選舉,首次申報,1070812,雜支支出,有春食堂,40740516,0.00,420.00,餐飲費用,金錢,,,
132,沈家鳳,107年直轄市議員選舉,首次申報,1070812,公共關係費用支出,競選總部,R22*******,0.00,5000.00,聯誼交際費用,非金錢,臺南市柳營區****,,
133,沈家鳳,107年直轄市議員選舉,首次申報,1070814,雜支支出,三民簡餐,,0.00,590.00,餐飲費用,金錢,台南市新營區****,,
134,沈家鳳,107年直轄市議員選舉,首次申報,1070814,雜支支出,永明汽車電機行,06537296,0.00,8000.00,雜項購置或修繕費用,金錢,,,
135,沈家鳳,107年直轄市議員選舉,首次申報,1070814,宣傳支出,亞特攝影廣告社,21665988,0.00,9000.00,製作競選物品支出（文宣）,金錢,臺南市公園路****,,
136,沈家鳳,107年直轄市議員選舉,首次申報,1070814,雜支支出,佳成快餐店,36648713,0.00,70.00,餐飲費用,金錢,,,
137,沈家鳳,107年直轄市議員選舉,首次申報,1070814,雜支支出,中連汽車貨運股份有限公司,71035233,0.00,110.00,雜項購置或修繕費用,金錢,,,
138,沈家鳳,107年直轄市議員選舉,首次申報,1070815,雜支支出,李添仁,,0.00,7500.00,雜項購置或修繕費用,金錢,台南縣麻豆區****,,
139,沈家鳳,107年直轄市議員選舉,首次申報,1070815,雜支支出,佳成快餐店,36648713,0.00,70.00,餐飲費用,金錢,,,
140,沈家鳳,107年直轄市議員選舉,首次申報,1070815,雜支支出,新豐加工廠,66636658,0.00,7585.00,雜項購置或修繕費用,金錢,,,
141,沈家鳳,107年直轄市議員選舉,首次申報,1070815,雜支支出,南天有線電視股份有限公司,89407740,0.00,1598.00,網際網路費用,金錢,,,
142,沈家鳳,107年直轄市議員選舉,首次申報,1070816,雜支支出,香港匡城燒腊名店,17836525,0.00,480.00,餐飲費用,金錢,,,
143,沈家鳳,107年直轄市議員選舉,首次申報,1070817,雜支支出,學甲鵝肉新營店,25812504,0.00,480.00,餐飲費用,金錢,,,
144,沈家鳳,107年直轄市議員選舉,首次申報,1070817,雜支支出,百合晟股份有限公司,89377719,0.00,95.00,雜項購置或修繕費用,金錢,,,
145,沈家鳳,107年直轄市議員選舉,首次申報,1070818,雜支支出,香港匡城燒腊名店,17836525,0.00,420.00,餐飲費用,金錢,,,
146,沈家鳳,107年直轄市議員選舉,首次申報,1070818,雜支支出,文鄉餐飲有限公司,54569563,0.00,230.00,餐飲費用,金錢,,,
147,沈家鳳,107年直轄市議員選舉,首次申報,1070818,公共關係費用支出,尚品禮籃花苑中心,87685628,0.00,8000.00,為民服務費用,金錢,,,
148,沈家鳳,107年直轄市議員選舉,首次申報,1070818,公共關係費用支出,競選總部,R22*******,0.00,5000.00,聯誼交際費用,非金錢,臺南市柳營區****,,
149,沈家鳳,107年直轄市議員選舉,首次申報,1070819,雜支支出,盈心香舖,20354677,0.00,250.00,雜項購置或修繕費用,金錢,,,
150,沈家鳳,107年直轄市議員選舉,首次申報,1070819,雜支支出,學甲鵝肉新營店,25812504,0.00,60.00,餐飲費用,金錢,,,
151,沈家鳳,107年直轄市議員選舉,首次申報,1070819,雜支支出,文鄉餐飲有限公司,54569563,0.00,230.00,餐飲費用,金錢,,,
152,沈家鳳,107年直轄市議員選舉,首次申報,1070819,雜支支出,能通商號,90998103,0.00,250.00,雜項購置或修繕費用,金錢,,,
153,沈家鳳,107年直轄市議員選舉,首次申報,1070819,公共關係費用支出,能通商號,90998103,0.00,600.00,聯誼交際費用,金錢,,,
154,沈家鳳,107年直轄市議員選舉,首次申報,1070819,雜支支出,小南簡餐店,94968101,0.00,1050.00,餐飲費用,金錢,,,
155,沈家鳳,107年直轄市議員選舉,首次申報,1070820,公共關係費用支出,一品花店,13713537,0.00,2500.00,為民服務費用,金錢,,,
156,沈家鳳,107年直轄市議員選舉,首次申報,1070820,公共關係費用支出,一品花店,13713537,0.00,3500.00,為民服務費用,金錢,,,
157,沈家鳳,107年直轄市議員選舉,首次申報,1070820,雜支支出,Y蘭餐飲店,47807792,0.00,910.00,餐飲費用,金錢,,,
158,沈家鳳,107年直轄市議員選舉,首次申報,1070820,雜支支出,小南簡餐店,94968101,0.00,275.00,餐飲費用,金錢,,,
159,沈家鳳,107年直轄市議員選舉,首次申報,1070821,宣傳支出,中華郵政,,0.00,72.00,郵寄競選物品或宣傳廣告支出,金錢,台南市新營區****,,
160,沈家鳳,107年直轄市議員選舉,首次申報,1070821,雜支支出,容富百貨商行,40891231,0.00,553.00,雜項購置或修繕費用,金錢,,,
161,沈家鳳,107年直轄市議員選舉,首次申報,1070821,雜支支出,原香有限公司,86557929,0.00,6500.00,雜項購置或修繕費用,金錢,,,
162,沈家鳳,107年直轄市議員選舉,首次申報,1070821,雜支支出,小南簡餐店,94968101,0.00,1200.00,餐飲費用,金錢,,,
163,沈家鳳,107年直轄市議員選舉,首次申報,1070822,雜支支出,強尼鬆餅店,40854046,0.00,850.00,餐飲費用,金錢,,,
164,沈家鳳,107年直轄市議員選舉,首次申報,1070822,雜支支出,金如意飲食店,72201619,0.00,360.00,餐飲費用,金錢,,,
165,沈家鳳,107年直轄市議員選舉,首次申報,1070822,雜支支出,小南簡餐店,94968101,0.00,400.00,餐飲費用,金錢,,,
166,沈家鳳,107年直轄市議員選舉,首次申報,1070823,雜支支出,五百戶餐飲店,10836768,0.00,70.00,餐飲費用,金錢,,,
167,沈家鳳,107年直轄市議員選舉,首次申報,1070823,雜支支出,香港匡城燒腊名店,17836525,0.00,225.00,餐飲費用,金錢,,,
168,沈家鳳,107年直轄市議員選舉,首次申報,1070823,宣傳支出,亞特攝影廣告社,21665988,0.00,16300.00,製作競選物品支出（文宣）,金錢,臺南市公園路****,,
169,沈家鳳,107年直轄市議員選舉,首次申報,1070823,雜支支出,文鄉餐飲有限公司,54569563,0.00,210.00,餐飲費用,金錢,,,
170,沈家鳳,107年直轄市議員選舉,首次申報,1070824,雜支支出,台灣電力股份有限公司,72162989,0.00,8324.00,水電瓦斯費用,金錢,,,
171,沈家鳳,107年直轄市議員選舉,首次申報,1070825,雜支支出,香港匡城燒腊名店,17836525,0.00,80.00,餐飲費用,金錢,,,
172,沈家鳳,107年直轄市議員選舉,首次申報,1070825,雜支支出,八方雲集,40765282,0.00,276.00,餐飲費用,金錢,,,
173,沈家鳳,107年直轄市議員選舉,首次申報,1070825,交通旅運支出,台灣中油,71660609,0.00,943.00,油資,金錢,,,
174,沈家鳳,107年直轄市議員選舉,首次申報,1070826,雜支支出,百合晟股份有限公司,89377719,0.00,490.00,雜項購置或修繕費用,金錢,,,
175,沈家鳳,107年直轄市議員選舉,首次申報,1070826,公共關係費用支出,竹萱花坊,99125988,0.00,500.00,為民服務費用,金錢,,,
176,沈家鳳,107年直轄市議員選舉,首次申報,1070827,雜支支出,儕瑱生化技術股份有限公司,10237124,0.00,36000.00,雜項購置或修繕費用,金錢,高雄市前鎮區****,,
177,沈家鳳,107年直轄市議員選舉,首次申報,1070827,雜支支出,香港匡城燒腊名店,17836525,0.00,1120.00,餐飲費用,金錢,,,
178,沈家鳳,107年直轄市議員選舉,首次申報,1070827,宣傳支出,亞特攝影廣告社,21665988,0.00,14000.00,製作競選物品支出（文宣）,金錢,臺南市公園路****,,
179,沈家鳳,107年直轄市議員選舉,首次申報,1070827,公共關係費用支出,竹萱花坊,99125988,0.00,4500.00,為民服務費用,金錢,,,
180,沈家鳳,107年直轄市議員選舉,首次申報,1070828,雜支支出,香港匡城燒腊名店,17836525,0.00,460.00,餐飲費用,金錢,,,
181,沈家鳳,107年直轄市議員選舉,首次申報,1070828,雜支支出,建全文具行,36641628,0.00,14214.00,文具用品費用,金錢,,,
182,沈家鳳,107年直轄市議員選舉,首次申報,1070828,雜支支出,佳成快餐店,36648713,0.00,70.00,餐飲費用,金錢,,,
183,沈家鳳,107年直轄市議員選舉,首次申報,1070830,雜支支出,金鼎紙業股份有限公司,22706895,0.00,3200.00,雜項購置或修繕費用,金錢,,,
184,沈家鳳,107年直轄市議員選舉,首次申報,1070830,雜支支出,明豐商店,71078197,0.00,420.00,雜項購置或修繕費用,金錢,,,
185,沈家鳳,107年直轄市議員選舉,首次申報,1070830,公共關係費用支出,竹萱花坊,99125988,0.00,6500.00,為民服務費用,金錢,,,
186,沈家鳳,107年直轄市議員選舉,首次申報,1070831,集會支出,亞特攝影廣告社,21665988,0.00,17000.00,租用設備支出,金錢,臺南市公園路****,,
187,沈家鳳,107年直轄市議員選舉,首次申報,1070831,雜支支出,百合晟股份有限公司,89377719,0.00,55.00,雜項購置或修繕費用,金錢,,,
188,沈家鳳,107年直轄市議員選舉,首次申報,1070831,雜支支出,南天有線電視股份有限公司,89407740,0.00,1598.00,網際網路費用,金錢,,,
189,沈家鳳,107年直轄市議員選舉,首次申報,1070831,公共關係費用支出,蘭園清花店,97831620,0.00,2100.00,聯誼交際費用,金錢,臺南市柳營區****,,
190,沈家鳳,107年直轄市議員選舉,首次申報,1070831,公共關係費用支出,競選總部,R22*******,0.00,3000.00,聯誼交際費用,非金錢,臺南市柳營區****,,
191,沈家鳳,107年直轄市議員選舉,首次申報,1070901,雜支支出,中華日報,,0.00,300.00,書報雜誌費用,金錢,台南市新營區****,,
192,沈家鳳,107年直轄市議員選舉,首次申報,1070901,雜支支出,一品花店,13713537,0.00,2000.00,雜項購置或修繕費用,金錢,臺南市北門區****,,
193,沈家鳳,107年直轄市議員選舉,首次申報,1070901,雜支支出,明豐商店,71078197,0.00,50.00,雜項購置或修繕費用,金錢,,,
194,沈家鳳,107年直轄市議員選舉,首次申報,1070902,雜支支出,能通商號,90998103,0.00,600.00,聯誼交際費用,金錢,,,
195,沈家鳳,107年直轄市議員選舉,首次申報,1070903,雜支支出,台灣自來水股份有限公司,06540503,0.00,326.00,水電瓦斯費用,金錢,,,
196,沈家鳳,107年直轄市議員選舉,首次申報,1070903,雜支支出,儕瑱生化技術股份有限公司,10237124,0.00,30000.00,雜項購置或修繕費用,金錢,,,
197,沈家鳳,107年直轄市議員選舉,首次申報,1070903,雜支支出,佳成快餐店,36648713,0.00,440.00,餐飲費用,金錢,,,
198,沈家鳳,107年直轄市議員選舉,首次申報,1070903,雜支支出,中華電信股份有限公司,69109906,0.00,372.00,電信費用,金錢,,,
199,沈家鳳,107年直轄市議員選舉,首次申報,1070904,雜支支出,亞特攝影廣告社,21665988,0.00,40000.00,雜項購置或修繕費用,金錢,臺南市公園路****,,
200,沈家鳳,107年直轄市議員選舉,首次申報,1070904,雜支支出,中華電信股份有限公司,69109906,0.00,372.00,電信費用,金錢,,,
201,沈家鳳,107年直轄市議員選舉,首次申報,1070904,雜支支出,中華電信股份有限公司,69109906,0.00,372.00,電信費用,金錢,,,
202,沈家鳳,107年直轄市議員選舉,首次申報,1070904,雜支支出,中華電信股份有限公司,69109906,0.00,372.00,電信費用,金錢,,,
203,沈家鳳,107年直轄市議員選舉,首次申報,1070904,雜支支出,中華電信股份有限公司,69109906,0.00,372.00,電信費用,金錢,,,
204,沈家鳳,107年直轄市議員選舉,首次申報,1070904,雜支支出,中華電信股份有限公司,69109906,0.00,105.00,電信費用,金錢,,,
205,沈家鳳,107年直轄市議員選舉,首次申報,1070904,雜支支出,百合晟股份有限公司,89377719,0.00,435.00,雜項購置或修繕費用,金錢,,,
206,沈家鳳,107年直轄市議員選舉,首次申報,1070905,雜支支出,百合晟股份有限公司,89377719,0.00,920.00,雜項購置或修繕費用,金錢,,,
207,沈家鳳,107年直轄市議員選舉,首次申報,1070905,人事費用支出,李艾媚,S22*******,0.00,30000.00,工資或薪津,金錢,臺南市新營區****,,
208,沈家鳳,107年直轄市議員選舉,首次申報,1070906,宣傳支出,廣告,97820428,0.00,4000.00,郵寄競選物品或宣傳廣告支出,金錢,臺南市六甲區****,,
209,沈家鳳,107年直轄市議員選舉,首次申報,1070907,宣傳支出,亞特攝影廣告社,21665988,0.00,14400.00,製作競選物品支出（帆布）,金錢,臺南市公園路****,,
210,沈家鳳,107年直轄市議員選舉,首次申報,1070908,租用宣傳車輛支出,柳營廣告社,06581519,0.00,18000.00,維修宣傳車輛支出,金錢,,,
211,沈家鳳,107年直轄市議員選舉,首次申報,1070910,雜支支出,台糖加油站,13208502,0.00,1150.00,汽機車燃料費用,金錢,,,
212,沈家鳳,107年直轄市議員選舉,首次申報,1070910,雜支支出,四川煤氣行,71079837,0.00,440.00,水電瓦斯費用,金錢,,,
213,沈家鳳,107年直轄市議員選舉,首次申報,1070911,宣傳支出,亞特攝影廣告社,21665988,0.00,8000.00,製作競選物品支出（帆布),金錢,臺南市公園路****,,
214,沈家鳳,107年直轄市議員選舉,首次申報,1070911,雜支支出,統合百貨有限公司,25190338,0.00,622.00,雜項購置或修繕費用,金錢,,,
215,沈家鳳,107年直轄市議員選舉,首次申報,1070912,雜支支出,統合百貨有限公司,25190338,0.00,61.00,雜項購置或修繕費用,金錢,,,
216,沈家鳳,107年直轄市議員選舉,首次申報,1070913,雜支支出,地球村食品科技股份有限公司,28321947,0.00,3100.00,雜項購置或修繕費用,金錢,,,
217,沈家鳳,107年直轄市議員選舉,首次申報,1070913,雜支支出,永竤企業有限公司,80224896,0.00,303.00,雜項購置或修繕費用,金錢,,,
218,沈家鳳,107年直轄市議員選舉,首次申報,1070914,雜支支出,台灣自來水股份有限公司,06540503,0.00,230.00,水電瓦斯費用,金錢,,,
219,沈家鳳,107年直轄市議員選舉,首次申報,1070914,宣傳支出,亞特攝影廣告社,21665988,0.00,40000.00,製作競選物品支出（帆布）,金錢,臺南市北區公****,,
220,沈家鳳,107年直轄市議員選舉,首次申報,1070914,雜支支出,中華電信股份有限公司,69109906,0.00,207.00,電信費用,金錢,,,
221,沈家鳳,107年直轄市議員選舉,首次申報,1070915,雜支支出,大海洋山海產,21926864,0.00,680.00,餐飲費用,金錢,,,
222,沈家鳳,107年直轄市議員選舉,首次申報,1070917,宣傳支出,中華郵政,,0.00,21506.00,郵寄競選物品或宣傳廣告支出,金錢,台南市新營區****,,
223,沈家鳳,107年直轄市議員選舉,首次申報,1070917,集會支出,臺南市政府環境保護局,,0.00,3000.00,租用場地支出,金錢,台南市中華東****,,
224,沈家鳳,107年直轄市議員選舉,首次申報,1070918,宣傳支出,中華郵政,,0.00,7545.00,郵寄競選物品或宣傳廣告支出,金錢,台南市新營區****,,
225,沈家鳳,107年直轄市議員選舉,首次申報,1070918,宣傳支出,中華郵政,,0.00,24.00,郵寄競選物品或宣傳廣告支出,金錢,台南市新營區****,,
226,沈家鳳,107年直轄市議員選舉,首次申報,1070918,宣傳支出,亞特攝影廣告社,21665988,0.00,13450.00,租用廣告看板或車體廣告支出,金錢,臺南市公園路****,,
227,沈家鳳,107年直轄市議員選舉,首次申報,1070919,宣傳支出,中華郵政,,0.00,140.00,郵寄競選物品或宣傳廣告支出,金錢,台南市新營區****,,
228,沈家鳳,107年直轄市議員選舉,首次申報,1070919,交通旅運支出,台糖加油站,13208496,0.00,850.00,油資,金錢,,,
229,沈家鳳,107年直轄市議員選舉,首次申報,1070920,雜支支出,大海洋山海產,21926864,0.00,180.00,餐飲費用,金錢,,,
230,沈家鳳,107年直轄市議員選舉,首次申報,1070921,雜支支出,茗統茶莊,06582382,0.00,3000.00,雜項購置或修繕費用,金錢,臺南市新營區****,,
231,沈家鳳,107年直轄市議員選舉,首次申報,1070921,宣傳支出,亞特攝影廣告社,21665988,0.00,18000.00,租用廣告看板或車體廣告支出,金錢,臺南市公園路****,,
232,沈家鳳,107年直轄市議員選舉,首次申報,1070921,雜支支出,八方雲集,40765282,0.00,416.00,餐飲費用,金錢,,,
233,沈家鳳,107年直轄市議員選舉,首次申報,1070921,雜支支出,Y蘭餐飲店,47807792,0.00,280.00,餐飲費用,金錢,,,
234,沈家鳳,107年直轄市議員選舉,首次申報,1070921,雜支支出,新玉山免洗餐去,93839072,0.00,224.00,雜項購置或修繕費用,金錢,,,
235,沈家鳳,107年直轄市議員選舉,首次申報,1070922,雜支支出,太師傅便當專賣店,24670280,0.00,370.00,餐飲費用,金錢,,,
236,沈家鳳,107年直轄市議員選舉,首次申報,1070922,雜支支出,金田水果行,25779738,0.00,82.00,雜項購置或修繕費用,金錢,,,
237,沈家鳳,107年直轄市議員選舉,首次申報,1070922,雜支支出,金田水果行,25779738,0.00,253.00,雜項購置或修繕費用,金錢,,,
238,沈家鳳,107年直轄市議員選舉,首次申報,1070922,雜支支出,齊普發股份有限公司民治分公司,28912231,0.00,360.00,雜項購置或修繕費用,金錢,,,
239,沈家鳳,107年直轄市議員選舉,首次申報,1070923,集會支出,佳晨環保工程有限公司,27546264,0.00,10500.00,租用設備支出,金錢,,,
240,沈家鳳,107年直轄市議員選舉,首次申報,1070923,雜支支出,花果山飲食店,71191108,0.00,750.00,餐飲費用,金錢,,,
241,沈家鳳,107年直轄市議員選舉,首次申報,1070923,交通旅運支出,南鯤鯓遊覽車客運有限公司,89933531,0.00,29000.00,搭乘交通工具支出,金錢,,,
242,沈家鳳,107年直轄市議員選舉,首次申報,1070924,雜支支出,齊普發股份有限公司,28912231,0.00,124.00,雜項購置或修繕費用,金錢,,,
243,沈家鳳,107年直轄市議員選舉,首次申報,1070924,雜支支出,齊普發股份有限公司民治分公司,28912247,0.00,140.00,雜項購置或修繕費用,金錢,,,
244,沈家鳳,107年直轄市議員選舉,首次申報,1070924,雜支支出,容富百貨商行,40891231,0.00,94.00,雜項購置或修繕費用,金錢,,,
245,沈家鳳,107年直轄市議員選舉,首次申報,1070926,雜支支出,新市免洗餐具行,29467639,0.00,110.00,雜項購置或修繕費用,金錢,,,
246,沈家鳳,107年直轄市議員選舉,首次申報,1070926,雜支支出,建全文具行,36641628,0.00,4636.00,文具用品費用,金錢,,,
247,沈家鳳,107年直轄市議員選舉,首次申報,1070926,雜支支出,中華電信股份有限公司,69109906,0.00,991.00,電信費用,金錢,,,
248,沈家鳳,107年直轄市議員選舉,首次申報,1070928,宣傳支出,亞特攝影廣告社,21665988,0.00,19600.00,租用廣告看板或車體廣告支出,金錢,臺南市北區公****,,
249,沈家鳳,107年直轄市議員選舉,首次申報,1070928,雜支支出,永吉興生活百貨,42236128,0.00,80000.00,雜項購置或修繕費用,金錢,新北市板橋區****,,
250,沈家鳳,107年直轄市議員選舉,首次申報,1070928,雜支支出,南天有線電視股份有限公司,89407740,0.00,1598.00,網際網路費用,金錢,,,
251,沈家鳳,107年直轄市議員選舉,首次申報,1070929,雜支支出,茗統茶莊,06579561,0.00,21000.00,雜項購置或修繕費用,金錢,臺南市新營區****,,
252,沈家鳳,107年直轄市議員選舉,首次申報,1070929,雜支支出,統合百貨有限公司,25190338,0.00,59.00,雜項購置或修繕費用,金錢,,,
253,沈家鳳,107年直轄市議員選舉,首次申報,1070929,雜支支出,永富藥局,72191422,0.00,150.00,雜項購置或修繕費用,金錢,,,
254,沈家鳳,107年直轄市議員選舉,首次申報,1070930,公共關係費用支出,環球花坊,26449742,0.00,3300.00,為民服務費用,金錢,,,
255,沈家鳳,107年直轄市議員選舉,首次申報,1071001,雜支支出,松嵐鮮花店,06582382,0.00,3000.00,雜項購置或修繕費用,金錢,臺南市新營區****,,
256,沈家鳳,107年直轄市議員選舉,首次申報,1071002,雜支支出,家晟快餐店,10110929,0.00,800.00,餐飲費用,金錢,,,
257,沈家鳳,107年直轄市議員選舉,首次申報,1071002,雜支支出,南馨美食店,13708871,0.00,420.00,餐飲費用,金錢,,,
258,沈家鳳,107年直轄市議員選舉,首次申報,1071003,宣傳支出,中華郵政,,0.00,28.00,郵寄競選物品或宣傳廣告支出,金錢,台南市新營區****,,
259,沈家鳳,107年直轄市議員選舉,首次申報,1071003,雜支支出,台灣自來水股份有限公司,06540503,0.00,354.00,水電瓦斯費用,金錢,,,
260,沈家鳳,107年直轄市議員選舉,首次申報,1071003,宣傳支出,亞特攝影廣告社,21665988,0.00,14500.00,製作宣傳廣告支出,金錢,臺南市公園路****,,
261,沈家鳳,107年直轄市議員選舉,首次申報,1071003,宣傳支出,南天有線電視股份有限公司,89407740,0.00,10000.00,製作宣傳廣告支出,金錢,,,
262,沈家鳳,107年直轄市議員選舉,首次申報,1071004,雜支支出,元源小吃店,26459918,0.00,150.00,餐飲費用,金錢,,,
263,沈家鳳,107年直轄市議員選舉,首次申報,1071005,雜支支出,南山產物保險股份有限公司,11099303,0.00,14629.00,雜項購置或修繕費用,金錢,,,
264,沈家鳳,107年直轄市議員選舉,首次申報,1071005,雜支支出,Y蘭餐飲店,47807792,0.00,280.00,餐飲費用,金錢,,,
265,沈家鳳,107年直轄市議員選舉,首次申報,1071005,集會支出,科炫企業社,67925229,0.00,17000.00,租用設備支出,金錢,,,
266,沈家鳳,107年直轄市議員選舉,首次申報,1071005,雜支支出,金如意飲食店,72201619,0.00,280.00,餐飲費用,金錢,,,
267,沈家鳳,107年直轄市議員選舉,首次申報,1071005,雜支支出,百合晟股份有限公司,89377719,0.00,650.00,雜項購置或修繕費用,金錢,,,
268,沈家鳳,107年直轄市議員選舉,首次申報,1071005,人事費用支出,陳思言,R22*******,0.00,25000.00,工資或薪津,金錢,臺南市柳營區****,,
269,沈家鳳,107年直轄市議員選舉,首次申報,1071005,人事費用支出,李艾媚,S22*******,0.00,30000.00,工資或薪津,金錢,臺南市新營區****,,
270,沈家鳳,107年直轄市議員選舉,首次申報,1071006,雜支支出,真善美健康生態農場,40940057,0.00,1600.00,餐飲費用,金錢,,,
271,沈家鳳,107年直轄市議員選舉,首次申報,1071006,雜支支出,中華電信股份有限公司,69109906,0.00,104.00,電信費用,金錢,,,
272,沈家鳳,107年直轄市議員選舉,首次申報,1071006,雜支支出,花果山飲食店,71191108,0.00,850.00,餐飲費用,金錢,,,
273,沈家鳳,107年直轄市議員選舉,首次申報,1071006,雜支支出,台灣電力股份有限公司,72162989,0.00,877.00,水電瓦斯費用,金錢,台南市新營區****,,
274,沈家鳳,107年直轄市議員選舉,首次申報,1071006,雜支支出,茂芳商行,72212334,0.00,2000.00,雜項購置或修繕費用,金錢,,,
275,沈家鳳,107年直轄市議員選舉,首次申報,1071007,雜支支出,台糖加油站,13208502,0.00,1150.00,汽機車燃料費用,金錢,,,
276,沈家鳳,107年直轄市議員選舉,首次申報,1071007,雜支支出,中華電信股份有限公司,69109906,0.00,2979.00,電信費用,金錢,,,
277,沈家鳳,107年直轄市議員選舉,首次申報,1071007,雜支支出,新昌電料五金行,72204019,0.00,350.00,雜項購置或修繕費用,金錢,,,
278,沈家鳳,107年直轄市議員選舉,首次申報,1071007,雜支支出,百合晟股份有限公司,89377719,0.00,480.00,雜項購置或修繕費用,金錢,,,
279,沈家鳳,107年直轄市議員選舉,首次申報,1071007,雜支支出,小南簡餐店,94968101,0.00,210.00,餐飲費用,金錢,,,
280,沈家鳳,107年直轄市議員選舉,首次申報,1071008,雜支支出,德基士企業有限公司,05405825,0.00,17640.00,雜項購置或修繕費用,金錢,,,
281,沈家鳳,107年直轄市議員選舉,首次申報,1071008,雜支支出,真善美健康生態農場,40940057,0.00,980.00,餐飲費用,金錢,,,
282,沈家鳳,107年直轄市議員選舉,首次申報,1071008,雜支支出,中華電信股份有限公司,69109906,0.00,1093.00,電信費用,金錢,,,
283,沈家鳳,107年直轄市議員選舉,首次申報,1071008,雜支支出,中華電信股份有限公司,69109906,0.00,889.00,電信費用,金錢,,,
284,沈家鳳,107年直轄市議員選舉,首次申報,1071008,雜支支出,中華電信股份有限公司,69109906,0.00,942.00,電信費用,金錢,,,
285,沈家鳳,107年直轄市議員選舉,首次申報,1071008,雜支支出,中華電信股份有限公司,69109906,0.00,360.00,電信費用,金錢,,,
286,沈家鳳,107年直轄市議員選舉,首次申報,1071008,雜支支出,中華電信股份有限公司,69109906,0.00,360.00,電信費用,金錢,,,
287,沈家鳳,107年直轄市議員選舉,首次申報,1071008,雜支支出,中華電信股份有限公司,69109906,0.00,149.00,電信費用,金錢,,,
288,沈家鳳,107年直轄市議員選舉,首次申報,1071008,雜支支出,中華電信股份有限公司,69109906,0.00,744.00,電信費用,金錢,,,
289,沈家鳳,107年直轄市議員選舉,首次申報,1071009,雜支支出,統合百貨有限公司,25190338,0.00,216.00,雜項購置或修繕費用,金錢,,,
290,沈家鳳,107年直轄市議員選舉,首次申報,1071009,雜支支出,有春食堂,40740516,0.00,580.00,餐飲費用,金錢,,,
291,沈家鳳,107年直轄市議員選舉,首次申報,1071009,雜支支出,Y蘭餐飲店,47807792,0.00,560.00,餐飲費用,金錢,,,
292,沈家鳳,107年直轄市議員選舉,首次申報,1071009,雜支支出,Y蘭餐飲店,47807792,0.00,640.00,餐飲費用,金錢,,,
293,沈家鳳,107年直轄市議員選舉,首次申報,1071009,雜支支出,新營蜜餞行,72204587,0.00,1100.00,雜項購置或修繕費用,金錢,,,
294,沈家鳳,107年直轄市議員選舉,首次申報,1071009,公共關係費用支出,水冬冬花苑,94974188,0.00,500.00,為民服務費用,金錢,,,
295,沈家鳳,107年直轄市議員選舉,首次申報,1071010,雜支支出,八方雲集,40765282,0.00,250.00,餐飲費用,金錢,,,
296,沈家鳳,107年直轄市議員選舉,首次申報,1071011,集會支出,展億活動整合有限公司,24604986,0.00,139000.00,租用設備支出,金錢,臺南市柳營區****,,
297,沈家鳳,107年直轄市議員選舉,首次申報,1071011,雜支支出,吉興煤氣行,71136437,0.00,360.00,水電瓦斯費用,金錢,,,
298,沈家鳳,107年直轄市議員選舉,首次申報,1071012,雜支支出,彩弘實業社,10447888,0.00,600.00,雜項購置或修繕費用,金錢,,,
299,沈家鳳,107年直轄市議員選舉,首次申報,1071012,公共關係費用支出,彩弘實業社,13713537,0.00,2000.00,聯誼交際費用,金錢,,,
300,沈家鳳,107年直轄市議員選舉,首次申報,1071012,宣傳支出,亞特攝影廣告社,21665988,0.00,18000.00,製作宣傳廣告支出,金錢,臺南市北區公****,,
301,沈家鳳,107年直轄市議員選舉,首次申報,1071012,雜支支出,ㄚ蘭餐飲店,47807792,0.00,640.00,餐飲費用,金錢,臺南市新營區****,,
302,沈家鳳,107年直轄市議員選舉,首次申報,1071012,雜支支出,Y蘭餐飲店,47807792,0.00,740.00,餐飲費用,金錢,,,
303,沈家鳳,107年直轄市議員選舉,首次申報,1071012,雜支支出,小南簡餐店,94968101,0.00,350.00,餐飲費用,金錢,臺南市鹽水區****,,
304,沈家鳳,107年直轄市議員選舉,首次申報,1071014,雜支支出,文寶堂刻印鎖匙店,06564103,0.00,80.00,雜項購置或修繕費用,金錢,臺南市新營區****,,
305,沈家鳳,107年直轄市議員選舉,首次申報,1071014,宣傳支出,亞特攝影廣告社,21665988,0.00,6000.00,製作宣傳廣告支出,金錢,臺南市北區公****,,
306,沈家鳳,107年直轄市議員選舉,首次申報,1071014,雜支支出,八方雲集,40765282,0.00,170.00,餐飲費用,金錢,,,
307,沈家鳳,107年直轄市議員選舉,首次申報,1071014,雜支支出,佳馨便當店,47782791,0.00,900.00,餐飲費用,金錢,臺南市佳里區****,,
308,沈家鳳,107年直轄市議員選舉,首次申報,1071014,雜支支出,ㄚ蘭餐飲店,47807792,0.00,835.00,餐飲費用,金錢,,,
309,沈家鳳,107年直轄市議員選舉,首次申報,1071014,雜支支出,茂芳商行,72212334,0.00,2000.00,雜項購置或修繕費用,金錢,,,
310,沈家鳳,107年直轄市議員選舉,首次申報,1071014,雜支支出,晟鑫商行,97831353,0.00,180.00,雜項購置或修繕費用,金錢,,,
311,沈家鳳,107年直轄市議員選舉,首次申報,1071015,雜支支出,阿桐意麵,29381632,0.00,660.00,餐飲費用,金錢,,,
312,沈家鳳,107年直轄市議員選舉,首次申報,1071015,雜支支出,四川煤氣行,71079837,0.00,220.00,水電瓦斯費用,金錢,,,
313,沈家鳳,107年直轄市議員選舉,首次申報,1071016,宣傳支出,中華郵政,,0.00,140.00,郵寄競選物品或宣傳廣告支出,金錢,臺南市新營區****,,
314,沈家鳳,107年直轄市議員選舉,首次申報,1071016,雜支支出,香港匡城燒蜡名店,178366525,0.00,640.00,餐飲費用,金錢,,,
315,沈家鳳,107年直轄市議員選舉,首次申報,1071016,雜支支出,德賢塑膠企業股份有限公司,23562283,0.00,55000.00,雜項購置或修繕費用,金錢,臺南市東山區****,,
316,沈家鳳,107年直轄市議員選舉,首次申報,1071016,雜支支出,新市免洗餐具行,29467639,0.00,235.00,雜項購置或修繕費用,金錢,,,
317,沈家鳳,107年直轄市議員選舉,首次申報,1071016,雜支支出,富田喬包裝股份有限公司,52568645,0.00,8000.00,雜項購置或修繕費用,金錢,台北市大同區****,,
318,沈家鳳,107年直轄市議員選舉,首次申報,1071016,交通旅運支出,台灣中油,71035774,0.00,1277.00,油資,金錢,臺南市柳營區****,,
319,沈家鳳,107年直轄市議員選舉,首次申報,1071016,交通旅運支出,台灣中油,71035774,0.00,1277.00,油資,金錢,,,
320,沈家鳳,107年直轄市議員選舉,首次申報,1071016,雜支支出,月津香,71052302,0.00,665.00,餐飲費用,金錢,,,
321,沈家鳳,107年直轄市議員選舉,首次申報,1071017,雜支支出,小嵐簡餐行,09506108,0.00,80.00,雜項購置或修繕費用,金錢,,,
322,沈家鳳,107年直轄市議員選舉,首次申報,1071017,雜支支出,煒煌商行,13710927,0.00,410.00,雜項購置或修繕費用,金錢,,,
323,沈家鳳,107年直轄市議員選舉,首次申報,1071017,雜支支出,學甲鵝肉,25812504,0.00,540.00,餐飲費用,金錢,,,
324,沈家鳳,107年直轄市議員選舉,首次申報,1071017,雜支支出,阿蘭餐飲店,47807792,0.00,760.00,餐飲費用,金錢,,,
325,沈家鳳,107年直轄市議員選舉,首次申報,1071017,雜支支出,阿蘭餐飲,47807792,0.00,420.00,餐飲費用,金錢,,,
326,沈家鳳,107年直轄市議員選舉,首次申報,1071017,雜支支出,阿蘭餐飲店,47807792,0.00,860.00,餐飲費用,金錢,,,
327,沈家鳳,107年直轄市議員選舉,首次申報,1071017,雜支支出,台灣中油,71038272,0.00,950.00,汽機車燃料費用,金錢,台南市新營區****,,
328,沈家鳳,107年直轄市議員選舉,首次申報,1071017,雜支支出,晟鑫商行,97831353,0.00,500.00,雜項購置或修繕費用,金錢,,,
329,沈家鳳,107年直轄市議員選舉,首次申報,1071018,雜支支出,綜合百貨股份有限公司,25190338,0.00,15.00,雜項購置或修繕費用,金錢,,,
330,沈家鳳,107年直轄市議員選舉,首次申報,1071018,雜支支出,真善美健康生態農場,40940057,0.00,2450.00,餐飲費用,金錢,,,
331,沈家鳳,107年直轄市議員選舉,首次申報,1071018,雜支支出,百合晟股份有限公司,89377719,0.00,400.00,雜項購置或修繕費用,金錢,,,
332,沈家鳳,107年直轄市議員選舉,首次申報,1071019,雜支支出,盈心香鋪,20354677,0.00,250.00,雜項購置或修繕費用,金錢,,,
333,沈家鳳,107年直轄市議員選舉,首次申報,1071019,雜支支出,ㄚ蘭餐飲店,47807792,0.00,320.00,餐飲費用,金錢,,,
334,沈家鳳,107年直轄市議員選舉,首次申報,1071019,雜支支出,津好港式燒蜡,47848870,0.00,160.00,餐飲費用,金錢,,,
335,沈家鳳,107年直轄市議員選舉,首次申報,1071019,雜支支出,全聯福利中心,53006735,0.00,182.00,雜項購置或修繕費用,金錢,,,
336,沈家鳳,107年直轄市議員選舉,首次申報,1071019,雜支支出,台灣金巨象有限公司,53513248,0.00,2100.00,雜項購置或修繕費用,金錢,,,
337,沈家鳳,107年直轄市議員選舉,首次申報,1071019,雜支支出,發儂家排骨快餐,67924489,0.00,3200.00,餐飲費用,金錢,,,
338,沈家鳳,107年直轄市議員選舉,首次申報,1071019,雜支支出,發儂家排骨快餐,67924489,0.00,480.00,餐飲費用,金錢,,,
339,沈家鳳,107年直轄市議員選舉,首次申報,1071019,雜支支出,發儂家排骨快餐,67924489,0.00,400.00,餐飲費用,金錢,,,
340,沈家鳳,107年直轄市議員選舉,首次申報,1071019,雜支支出,全聯福利中心,71660609,0.00,615.00,雜項購置或修繕費用,金錢,,,
341,沈家鳳,107年直轄市議員選舉,首次申報,1071019,交通旅運支出,大新營加油站,84827130,0.00,400.00,油資,金錢,,,
342,沈家鳳,107年直轄市議員選舉,首次申報,1071019,雜支支出,津好港式燒蜡,94968101,0.00,2590.00,餐飲費用,金錢,,,
343,沈家鳳,107年直轄市議員選舉,首次申報,1071020,雜支支出,福恩苦瓜魚頭,,0.00,600.00,餐飲費用,金錢,台南市新營區****,,
344,沈家鳳,107年直轄市議員選舉,首次申報,1071020,集會支出,一安自助餐,10463916,0.00,2800.00,餐飲支出,金錢,臺南市東山區****,,
345,沈家鳳,107年直轄市議員選舉,首次申報,1071020,雜支支出,南馨美食店,13708871,0.00,400.00,餐飲費用,金錢,,,
346,沈家鳳,107年直轄市議員選舉,首次申報,1071020,雜支支出,可可亞早餐店,36785808,0.00,1000.00,餐飲費用,金錢,,,
347,沈家鳳,107年直轄市議員選舉,首次申報,1071020,雜支支出,ㄚ蘭餐飲店,47807792,0.00,160.00,餐飲費用,金錢,,,
348,沈家鳳,107年直轄市議員選舉,首次申報,1071020,雜支支出,燦坤實業股份有限公司,80332662,0.00,299.00,雜項購置或修繕費用,金錢,,,
349,沈家鳳,107年直轄市議員選舉,首次申報,1071020,雜支支出,能通商號,90998103,0.00,1200.00,雜項購置或修繕費用,金錢,,,
350,沈家鳳,107年直轄市議員選舉,首次申報,1071021,雜支支出,建全文具行,06582192,0.00,40.00,文具用品費用,金錢,,,
351,沈家鳳,107年直轄市議員選舉,首次申報,1071021,雜支支出,建全文具行,06582192,0.00,234.00,文具用品費用,金錢,,,
352,沈家鳳,107年直轄市議員選舉,首次申報,1071021,雜支支出,清心福全,08974455,0.00,625.00,餐飲費用,金錢,,,
353,沈家鳳,107年直轄市議員選舉,首次申報,1071021,雜支支出,津湛自助餐,10136462,0.00,200.00,餐飲費用,金錢,,,
354,沈家鳳,107年直轄市議員選舉,首次申報,1071021,雜支支出,食神廣東粥,10136462,0.00,135.00,餐飲費用,金錢,,,
355,沈家鳳,107年直轄市議員選舉,首次申報,1071021,宣傳支出,亞特攝影廣告社,21665988,0.00,32000.00,播送、傳送或刊登宣傳廣告支出,金錢,臺南市北區公****,,
356,沈家鳳,107年直轄市議員選舉,首次申報,1071021,雜支支出,7-11,27952023,0.00,1288.00,雜項購置或修繕費用,金錢,,,
357,沈家鳳,107年直轄市議員選舉,首次申報,1071021,雜支支出,津湛自助餐,36839425,0.00,150.00,餐飲費用,金錢,,,
358,沈家鳳,107年直轄市議員選舉,首次申報,1071021,雜支支出,晨宏早餐店,36881561,0.00,1025.00,餐飲費用,金錢,,,
359,沈家鳳,107年直轄市議員選舉,首次申報,1071021,雜支支出,真善美健康生態農場,40940057,0.00,2880.00,餐飲費用,金錢,,,
360,沈家鳳,107年直轄市議員選舉,首次申報,1071021,集會支出,邑晟環衛有限公司,80383676,0.00,45000.00,租用設備支出,金錢,高雄市楠梓區****,,
361,沈家鳳,107年直轄市議員選舉,首次申報,1071021,雜支支出,小南簡餐店,94968101,0.00,475.00,餐飲費用,金錢,,,
362,沈家鳳,107年直轄市議員選舉,首次申報,1071022,雜支支出,香港匡城燒蜡名店,17836525,0.00,80.00,餐飲費用,金錢,,,
363,沈家鳳,107年直轄市議員選舉,首次申報,1071022,雜支支出,亞特攝影廣告社,21665988,0.00,18000.00,雜項購置或修繕費用,金錢,臺南市公園路****,,
364,沈家鳳,107年直轄市議員選舉,首次申報,1071022,雜支支出,津湛自助餐,36839425,0.00,235.00,餐飲費用,金錢,,,
365,沈家鳳,107年直轄市議員選舉,首次申報,1071022,雜支支出,ㄚ蘭餐飲店,47807792,0.00,80.00,餐飲費用,金錢,,,
366,沈家鳳,107年直轄市議員選舉,首次申報,1071022,雜支支出,富田喬包裝股份有限公司,52568645,0.00,8000.00,雜項購置或修繕費用,金錢,臺北市大同區****,,
367,沈家鳳,107年直轄市議員選舉,首次申報,1071022,雜支支出,全國電子,54389767,0.00,3780.00,雜項購置或修繕費用,金錢,,,
368,沈家鳳,107年直轄市議員選舉,首次申報,1071022,交通旅運支出,台灣中油,73019759,0.00,1208.00,油資,金錢,臺南市永康區****,,
369,沈家鳳,107年直轄市議員選舉,首次申報,1071022,交通旅運支出,台灣中油,73019759,0.00,1208.00,油資,金錢,,,
370,沈家鳳,107年直轄市議員選舉,首次申報,1071022,雜支支出,百合晟股份有限公司,89377719,0.00,79.00,雜項購置或修繕費用,金錢,,,
371,沈家鳳,107年直轄市議員選舉,首次申報,1071022,雜支支出,新光保全,97167841,0.00,2625.00,雜項購置或修繕費用,金錢,,,
372,沈家鳳,107年直轄市議員選舉,首次申報,1071023,雜支支出,大海洋山海產,21926864,0.00,940.00,餐飲費用,金錢,,,
373,沈家鳳,107年直轄市議員選舉,首次申報,1071023,雜支支出,統合百貨有限公司,25190338,0.00,1128.00,雜項購置或修繕費用,金錢,,,
374,沈家鳳,107年直轄市議員選舉,首次申報,1071023,雜支支出,新進帝王薑母鴨,26489069,0.00,4400.00,餐飲費用,金錢,,,
375,沈家鳳,107年直轄市議員選舉,首次申報,1071023,雜支支出,ㄚ蘭餐飲店,47807792,0.00,220.00,餐飲費用,金錢,,,
376,沈家鳳,107年直轄市議員選舉,首次申報,1071024,雜支支出,有春食堂,40740516,0.00,525.00,餐飲費用,金錢,,,
377,沈家鳳,107年直轄市議員選舉,首次申報,1071024,雜支支出,ㄚ蘭餐飲店,47807792,0.00,220.00,餐飲費用,金錢,,,
378,沈家鳳,107年直轄市議員選舉,首次申報,1071024,交通旅運支出,台灣中油,71035774,0.00,1870.00,油資,金錢,,,
379,沈家鳳,107年直轄市議員選舉,首次申報,1071024,交通旅運支出,大新營加油站,84827130,0.00,920.00,油資,金錢,,,
380,沈家鳳,107年直轄市議員選舉,首次申報,1071024,集會支出,競選總部,R22*******,0.00,4500.00,其它,非金錢,臺南市柳營區****,,
381,沈家鳳,107年直轄市議員選舉,首次申報,1071025,雜支支出,茗統茶莊,06579561,0.00,3000.00,雜項購置或修繕費用,金錢,台南市新營區****,,
382,沈家鳳,107年直轄市議員選舉,首次申報,1071025,雜支支出,建全文具行,06582192,0.00,115.00,文具用品費用,金錢,,,
383,沈家鳳,107年直轄市議員選舉,首次申報,1071025,雜支支出,香港匡城燒腊名店,17836525,0.00,325.00,餐飲費用,金錢,台南市新營區****,,
384,沈家鳳,107年直轄市議員選舉,首次申報,1071025,宣傳支出,寰宇廣告社,17840160,0.00,3600.00,播送、傳送或刊登宣傳廣告支出,金錢,,,
385,沈家鳳,107年直轄市議員選舉,首次申報,1071025,雜支支出,ㄚ蘭餐飲店,47807792,0.00,1810.00,餐飲費用,金錢,,,
386,沈家鳳,107年直轄市議員選舉,首次申報,1071025,雜支支出,ㄚ蘭餐飲店,47807792,0.00,480.00,餐飲費用,金錢,,,
387,沈家鳳,107年直轄市議員選舉,首次申報,1071025,雜支支出,中華電信股份有限公司,69109906,0.00,275.00,電信費用,金錢,,,
388,沈家鳳,107年直轄市議員選舉,首次申報,1071025,雜支支出,百合晟股份有限公司,89377719,0.00,89.00,雜項購置或修繕費用,金錢,,,
389,沈家鳳,107年直轄市議員選舉,首次申報,1071025,雜支支出,南天有線電視股份有限公司,89407740,0.00,1598.00,電信費用,金錢,台南市新營區****,,
390,沈家鳳,107年直轄市議員選舉,首次申報,1071025,公共關係費用支出,競選總部,R22*******,0.00,4500.00,聯誼交際費用,非金錢,臺南市柳營區****,,
391,沈家鳳,107年直轄市議員選舉,首次申報,1071026,雜支支出,有春食堂,40740516,0.00,940.00,餐飲費用,金錢,,,
392,沈家鳳,107年直轄市議員選舉,首次申報,1071026,雜支支出,富田喬包裝股份有限公司,52568645,0.00,8000.00,雜項購置或修繕費用,金錢,,,
393,沈家鳳,107年直轄市議員選舉,首次申報,1071026,雜支支出,新營大腸麵線,81395600,0.00,160.00,餐飲費用,金錢,台南市新營區****,,
394,沈家鳳,107年直轄市議員選舉,首次申報,1071026,雜支支出,百合晟股份有限公司,89377719,0.00,135.00,雜項購置或修繕費用,金錢,,,
395,沈家鳳,107年直轄市議員選舉,首次申報,1071026,雜支支出,花園花籃花車花卉禮炮,90991185,0.00,1000.00,雜項購置或修繕費用,金錢,,,
396,沈家鳳,107年直轄市議員選舉,首次申報,1071026,公共關係費用支出,競選總部,R22*******,0.00,4500.00,聯誼交際費用,非金錢,臺南市柳營區****,,
397,沈家鳳,107年直轄市議員選舉,首次申報,1071027,雜支支出,學甲鵝肉新營店,25812504,0.00,260.00,餐飲費用,金錢,,,
398,沈家鳳,107年直轄市議員選舉,首次申報,1071027,雜支支出,八方雲集,40765282,0.00,265.00,餐飲費用,金錢,,,
399,沈家鳳,107年直轄市議員選舉,首次申報,1071028,雜支支出,佳太材料包裝行,20361683,0.00,1380.00,雜項購置或修繕費用,金錢,,,
400,沈家鳳,107年直轄市議員選舉,首次申報,1071028,雜支支出,學甲鵝肉新營店,25812504,0.00,560.00,餐飲費用,金錢,,,
401,沈家鳳,107年直轄市議員選舉,首次申報,1071028,雜支支出,小南簡餐店,94968101,0.00,685.00,餐飲費用,金錢,,,
402,沈家鳳,107年直轄市議員選舉,首次申報,1071028,集會支出,卡多利亞食品股份有限公司,97257646,0.00,7200.00,餐飲支出,金錢,臺南市後壁區****,,
403,沈家鳳,107年直轄市議員選舉,首次申報,1071029,公共關係費用支出,一品花店,13713537,0.00,2800.00,為民服務費用,金錢,,,
404,沈家鳳,107年直轄市議員選舉,首次申報,1071029,雜支支出,松竹小吃店,13719899,0.00,400.00,餐飲費用,金錢,,,
405,沈家鳳,107年直轄市議員選舉,首次申報,1071029,雜支支出,有春食堂,40740516,0.00,765.00,餐飲費用,金錢,,,
406,沈家鳳,107年直轄市議員選舉,首次申報,1071029,雜支支出,容富百貨商行,40891231,0.00,130.00,雜項購置或修繕費用,金錢,,,
407,沈家鳳,107年直轄市議員選舉,首次申報,1071029,交通旅運支出,台大一加油站,80621396,0.00,230.00,油資,金錢,,,
408,沈家鳳,107年直轄市議員選舉,首次申報,1071029,雜支支出,百合晟股份有限公司,89377719,0.00,250.00,雜項購置或修繕費用,金錢,,,
409,沈家鳳,107年直轄市議員選舉,首次申報,1071029,雜支支出,百合晟股份有限公司,89377719,0.00,69.00,雜項購置或修繕費用,金錢,,,
410,沈家鳳,107年直轄市議員選舉,首次申報,1071030,雜支支出,家禾快餐店,17843194,0.00,675.00,餐飲費用,金錢,,,
411,沈家鳳,107年直轄市議員選舉,首次申報,1071030,租用宣傳車輛支出,金時代演藝傳播,19790118,0.00,2150.00,維修宣傳車輛支出,金錢,台南市將軍區****,,
412,沈家鳳,107年直轄市議員選舉,首次申報,1071030,宣傳支出,亞特攝影廣告社,21665988,0.00,7450.00,製作競選物品支出（廣告）,金錢,臺南市北區公****,,
413,沈家鳳,107年直轄市議員選舉,首次申報,1071030,雜支支出,大海洋山海產,21926864,0.00,120.00,餐飲費用,金錢,,,
414,沈家鳳,107年直轄市議員選舉,首次申報,1071030,雜支支出,統合百貨有限公司,25190338,0.00,1199.00,雜項購置或修繕費用,金錢,,,
415,沈家鳳,107年直轄市議員選舉,首次申報,1071030,公共關係費用支出,環球花坊,26449742,0.00,4800.00,為民服務費用,金錢,臺南市後壁區****,,
416,沈家鳳,107年直轄市議員選舉,首次申報,1071030,雜支支出,八方雲集,40765282,0.00,435.00,餐飲費用,金錢,,,
417,沈家鳳,107年直轄市議員選舉,首次申報,1071030,雜支支出,ㄚ蘭餐飲店,47807792,0.00,320.00,餐飲費用,金錢,,,
418,沈家鳳,107年直轄市議員選舉,首次申報,1071031,公共關係費用支出,崧嵐鮮花禮籃店,06582382,0.00,3000.00,為民服務費用,金錢,新營區護鎮里****,,
419,沈家鳳,107年直轄市議員選舉,首次申報,1071031,公共關係費用支出,競選總部,R22*******,0.00,4500.00,聯誼交際費用,非金錢,臺南市柳營區****,,
420,沈家鳳,107年直轄市議員選舉,首次申報,1071101,宣傳支出,揚名企業社,17197246,0.00,150000.00,製作競選物品支出（文宣）,金錢,臺南市安平區****,,
421,沈家鳳,107年直轄市議員選舉,首次申報,1071101,集會支出,老鄧包子店,25835345,0.00,7500.00,餐飲支出,金錢,臺南市新營區****,,
422,沈家鳳,107年直轄市議員選舉,首次申報,1071101,集會支出,廣聯企業社,47826643,0.00,30000.00,租用設備支出,金錢,臺南市柳營區****,,
423,沈家鳳,107年直轄市議員選舉,首次申報,1071101,雜支支出,富田喬包裝股份有限公司,52568645,0.00,8000.00,雜項購置或修繕費用,金錢,台北市大同區****,,
424,沈家鳳,107年直轄市議員選舉,首次申報,1071101,雜支支出,茂芳商行,72212334,0.00,4000.00,雜項購置或修繕費用,金錢,臺南市鹽水區****,,
425,沈家鳳,107年直轄市議員選舉,首次申報,1071101,雜支支出,台灣新光保全股份有限公司,97167841,0.00,2625.00,雜項購置或修繕費用,金錢,,,
426,沈家鳳,107年直轄市議員選舉,首次申報,1071101,雜支支出,晟鑫商行,97831353,0.00,259.00,雜項購置或修繕費用,金錢,,,
427,沈家鳳,107年直轄市議員選舉,首次申報,1071102,雜支支出,大海洋山海產,21926864,0.00,120.00,餐飲費用,金錢,台南市新營區****,,
428,沈家鳳,107年直轄市議員選舉,首次申報,1071102,雜支支出,Y蘭餐飲店,47807792,0.00,600.00,餐飲費用,金錢,台南市新營區****,,
429,沈家鳳,107年直轄市議員選舉,首次申報,1071102,雜支支出,百合晟股份有限公司,89377719,0.00,417.00,雜項購置或修繕費用,金錢,台南市新營區****,,
430,沈家鳳,107年直轄市議員選舉,首次申報,1071103,雜支支出,家晟快餐店,10110929,0.00,400.00,餐飲費用,金錢,,,
431,沈家鳳,107年直轄市議員選舉,首次申報,1071103,雜支支出,南馨美食店,13708871,0.00,880.00,餐飲費用,金錢,,,
432,沈家鳳,107年直轄市議員選舉,首次申報,1071103,雜支支出,有春食堂,40740516,0.00,1145.00,餐飲費用,金錢,台南市新營區****,,
433,沈家鳳,107年直轄市議員選舉,首次申報,1071103,公共關係費用支出,尚品禮籃花苑中心,87685628,0.00,9900.00,為民服務費用,金錢,台南市鹽水區****,,
434,沈家鳳,107年直轄市議員選舉,首次申報,1071104,雜支支出,家晟快餐店,10110929,0.00,320.00,餐飲費用,金錢,,,
435,沈家鳳,107年直轄市議員選舉,首次申報,1071104,雜支支出,南馨美食店,13708871,0.00,800.00,餐飲費用,金錢,,,
436,沈家鳳,107年直轄市議員選舉,首次申報,1071104,雜支支出,太師傅便當專賣店,24670280,0.00,2550.00,餐飲支出,金錢,台南市新營區****,,
437,沈家鳳,107年直轄市議員選舉,首次申報,1071104,雜支支出,建全文具行,36641628,0.00,4295.00,文具用品費用,金錢,台南市新營區****,,
438,沈家鳳,107年直轄市議員選舉,首次申報,1071104,雜支支出,有春食堂,40740516,0.00,795.00,餐飲費用,金錢,台南市新營區****,,
439,沈家鳳,107年直轄市議員選舉,首次申報,1071104,雜支支出,月津香,71052302,0.00,654.00,餐飲費用,金錢,,,
440,沈家鳳,107年直轄市議員選舉,首次申報,1071104,集會支出,千加軒食品行,72159062,0.00,21700.00,餐飲支出,金錢,台南市鹽水區****,,
441,沈家鳳,107年直轄市議員選舉,首次申報,1071104,雜支支出,台大一加油站,80621396,0.00,1127.00,汽機車燃料費用,金錢,,,
442,沈家鳳,107年直轄市議員選舉,首次申報,1071104,雜支支出,能通商號,90998103,0.00,500.00,雜項購置或修繕費用,金錢,,,
443,沈家鳳,107年直轄市議員選舉,首次申報,1071105,雜支支出,南馨美食店,13708871,0.00,880.00,餐飲費用,金錢,,,
444,沈家鳳,107年直轄市議員選舉,首次申報,1071105,雜支支出,大成都小館,17235706,0.00,800.00,餐飲費用,金錢,,,
445,沈家鳳,107年直轄市議員選舉,首次申報,1071105,雜支支出,四川煤氣行,71079837,0.00,220.00,水電瓦斯費用,金錢,,,
446,沈家鳳,107年直轄市議員選舉,首次申報,1071105,公共關係費用支出,能通商號,90998103,0.00,1600.00,聯誼交際費用,金錢,台南市鹽水區****,,
447,沈家鳳,107年直轄市議員選舉,首次申報,1071105,公共關係費用支出,竹萱花坊,99125988,0.00,11700.00,聯誼交際費用,金錢,台南市東山區****,,
448,沈家鳳,107年直轄市議員選舉,首次申報,1071105,人事費用支出,陳思言,R22*******,0.00,25000.00,工資或薪津,金錢,臺南市柳營區****,,
449,沈家鳳,107年直轄市議員選舉,首次申報,1071105,人事費用支出,陳思宇,R22*******,0.00,25000.00,工資或薪津,金錢,臺南市柳營區****,,
450,沈家鳳,107年直轄市議員選舉,首次申報,1071105,人事費用支出,李艾媚,S22*******,0.00,30000.00,工資或薪津,金錢,臺南市新營區****,,
451,沈家鳳,107年直轄市議員選舉,首次申報,1071106,雜支支出,家晟快餐店,10110929,0.00,640.00,餐飲費用,金錢,,,
452,沈家鳳,107年直轄市議員選舉,首次申報,1071106,雜支支出,百福廣東烤鴨,14985493,0.00,720.00,餐飲費用,金錢,,,
453,沈家鳳,107年直轄市議員選舉,首次申報,1071106,宣傳支出,揚名企業社,17197246,0.00,185000.00,製作競選物品支出（文宣）,金錢,臺南市安平區****,,
454,沈家鳳,107年直轄市議員選舉,首次申報,1071106,雜支支出,泳發百貨,25870270,0.00,120.00,雜項購置或修繕費用,金錢,,,
455,沈家鳳,107年直轄市議員選舉,首次申報,1071106,雜支支出,統新汽車百貨有限公司,28906126,0.00,39518.00,雜項購置或修繕費用,金錢,台南市新營區****,,
456,沈家鳳,107年直轄市議員選舉,首次申報,1071106,雜支支出,新昌電料五金行,72204019,0.00,420.00,雜項購置或修繕費用,金錢,台南市新營區****,,
457,沈家鳳,107年直轄市議員選舉,首次申報,1071106,雜支支出,台大一加油站,80621396,0.00,969.00,汽機車燃料費用,金錢,,,
458,沈家鳳,107年直轄市議員選舉,首次申報,1071106,雜支支出,大新營加油站,84827130,0.00,697.00,汽機車燃料費用,金錢,,,
459,沈家鳳,107年直轄市議員選舉,首次申報,1071106,公共關係費用支出,花園花籃花車花卉禮炮,90991185,0.00,300.00,聯誼交際費用,金錢,,,
460,沈家鳳,107年直轄市議員選舉,首次申報,1071107,集會支出,新營區公所,,0.00,6000.00,租用場地支出,金錢,台南市新營區****,,
461,沈家鳳,107年直轄市議員選舉,首次申報,1071107,雜支支出,建全文具行,06582192,0.00,30.00,文具用品費用,金錢,,,
462,沈家鳳,107年直轄市議員選舉,首次申報,1071107,雜支支出,百福廣東烤鴨,14985493,0.00,800.00,餐飲費用,金錢,,,
463,沈家鳳,107年直轄市議員選舉,首次申報,1071107,宣傳支出,亞特攝影廣告社,21665988,0.00,15100.00,製作競選物品支出（廣告）,金錢,,,
464,沈家鳳,107年直轄市議員選舉,首次申報,1071107,雜支支出,東懋食品股份有限公司,22698662,0.00,9000.00,餐飲費用,金錢,台南市新化區****,,
465,沈家鳳,107年直轄市議員選舉,首次申報,1071107,雜支支出,元源小吃店,26459918,0.00,920.00,餐飲費用,金錢,台南市新營區****,,
466,沈家鳳,107年直轄市議員選舉,首次申報,1071107,雜支支出,新市免洗餐具行,29467639,0.00,50.00,雜項購置或修繕費用,金錢,,,
467,沈家鳳,107年直轄市議員選舉,首次申報,1071107,公共關係費用支出,正文壽麵專賣店,36844525,0.00,1800.00,聯誼交際費用,金錢,臺南市白河區****,,
468,沈家鳳,107年直轄市議員選舉,首次申報,1071107,公共關係費用支出,正文壽麵專賣店,36844525,0.00,1000.00,聯誼交際費用,金錢,臺南市白河區****,,
469,沈家鳳,107年直轄市議員選舉,首次申報,1071107,公共關係費用支出,正文壽麵專賣店,36844525,0.00,2100.00,聯誼交際費用,金錢,臺南市白河區****,,
470,沈家鳳,107年直轄市議員選舉,首次申報,1071107,雜支支出,永章土魠魚羹,37578362,0.00,360.00,餐飲費用,金錢,,,
471,沈家鳳,107年直轄市議員選舉,首次申報,1071108,雜支支出,臺南市後壁區農會,,0.00,1120.00,雜項購置或修繕費用,金錢,臺南市後壁區****,,
472,沈家鳳,107年直轄市議員選舉,首次申報,1071108,雜支支出,台灣自來水股份有限公司,06540503,0.00,138.00,水電瓦斯費用,金錢,台南市新營區****,,
473,沈家鳳,107年直轄市議員選舉,首次申報,1071108,雜支支出,大同綜合訊電,36607570,0.00,1059.00,雜項購置或修繕費用,金錢,台南市新營區****,,
474,沈家鳳,107年直轄市議員選舉,首次申報,1071108,雜支支出,小南簡餐店,94968101,0.00,795.00,餐飲費用,金錢,台南市鹽水區****,,
475,沈家鳳,107年直轄市議員選舉,首次申報,1071109,雜支支出,東弘竹行,10118372,0.00,1000.00,雜項購置或修繕費用,金錢,台南市白河區****,,
476,沈家鳳,107年直轄市議員選舉,首次申報,1071109,雜支支出,中華電信股份有限公司,69109906,0.00,332.00,電信費用,金錢,台南市新營區****,,
477,沈家鳳,107年直轄市議員選舉,首次申報,1071110,宣傳支出,都會叢林廣告行銷有限公司,42918720,0.00,28000.00,租用廣告看板或車體廣告支出,金錢,臺南市新營區****,,
478,沈家鳳,107年直轄市議員選舉,首次申報,1071110,雜支支出,台大一加油站,80621396,0.00,911.00,油資,金錢,,,
479,沈家鳳,107年直轄市議員選舉,首次申報,1071110,雜支支出,台大一加油站,80621396,0.00,911.00,雜項購置或修繕費用,金錢,,,
480,沈家鳳,107年直轄市議員選舉,首次申報,1071110,集會支出,競選總部,R22*******,0.00,4500.00,其它,非金錢,臺南市柳營區****,,
481,沈家鳳,107年直轄市議員選舉,首次申報,1071111,雜支支出,茗統茶莊,06579561,0.00,10000.00,雜項購置或修繕費用,金錢,臺南市新營區****,,
482,沈家鳳,107年直轄市議員選舉,首次申報,1071111,雜支支出,啄木鳥藥局新營店,09147672,0.00,508.00,雜項購置或修繕費用,金錢,台南市新營區****,,
483,沈家鳳,107年直轄市議員選舉,首次申報,1071111,宣傳支出,揚名企業社,17197246,0.00,170830.00,製作競選物品支出（文宣）,金錢,臺南市安平區****,,
484,沈家鳳,107年直轄市議員選舉,首次申報,1071111,雜支支出,新市免洗餐具行,29467639,0.00,455.00,雜項購置或修繕費用,金錢,,,
485,沈家鳳,107年直轄市議員選舉,首次申報,1071111,集會支出,佳皇汽車遊覽有限公司,80394250,0.00,154000.00,車資,金錢,臺南市佳里區****,,
486,沈家鳳,107年直轄市議員選舉,首次申報,1071112,宣傳支出,中華郵政,,0.00,9036.00,郵寄競選物品或宣傳廣告支出,金錢,臺南市新營區****,,
487,沈家鳳,107年直轄市議員選舉,首次申報,1071112,交通旅運支出,台糖公司,,0.00,680.00,油資,金錢,台南市新營區****,,
488,沈家鳳,107年直轄市議員選舉,首次申報,1071112,集會支出,吉祥藝廣告企業有限公司,54067843,0.00,120000.00,租用設備支出,金錢,臺南市歸仁區****,,
489,沈家鳳,107年直轄市議員選舉,首次申報,1071113,租用宣傳車輛支出,柳營廣告社,,0.00,30000.00,租用宣傳車輛支出,金錢,台南市柳營區****,,
490,沈家鳳,107年直轄市議員選舉,首次申報,1071113,雜支支出,發儂家排骨快餐,,0.00,1600.00,餐飲費用,金錢,台南市鹽水區****,,
491,沈家鳳,107年直轄市議員選舉,首次申報,1071113,集會支出,科炫企業社,67925229,0.00,345000.00,租用設備支出,金錢,台南市新營區****,,
492,沈家鳳,107年直轄市議員選舉,首次申報,1071114,宣傳支出,中華郵政,,0.00,2851.00,郵寄競選物品或宣傳廣告支出,金錢,台南市新營區****,,
493,沈家鳳,107年直轄市議員選舉,首次申報,1071114,宣傳支出,年代網路事業股份有限公司,05091991,0.00,160000.00,製作宣傳廣告支出,金錢,臺北市內湖區****,,
494,沈家鳳,107年直轄市議員選舉,首次申報,1071114,宣傳支出,回鄉文創有限公司,54070191,0.00,1000000.00,委託辦理研究、評估、調查、設計或規劃支出,金錢,臺南市安平區****,,
495,沈家鳳,107年直轄市議員選舉,首次申報,1071114,宣傳支出,龍宏印刷有限公司,72205903,0.00,11875.00,製作競選物品支出（文宣）,金錢,臺南市新營區****,,
496,沈家鳳,107年直轄市議員選舉,首次申報,1071114,宣傳支出,南天有線電視股份有限公司,89407740,0.00,90000.00,製作宣傳廣告支出,金錢,台南市新營區****,,
497,沈家鳳,107年直轄市議員選舉,首次申報,1071115,集會支出,佳晨環保工程有限公司,,0.00,10500.00,租用設備支出,金錢,高雄市三民區****,,
498,沈家鳳,107年直轄市議員選舉,首次申報,1071115,宣傳支出,嘉南廣告社,,0.00,19600.00,播送、傳送或刊登宣傳廣告支出,金錢,雲林縣斗六市****,,
499,沈家鳳,107年直轄市議員選舉,首次申報,1071115,雜支支出,小南簡餐店,,0.00,720.00,餐飲費用,金錢,台南市鹽水區****,,
500,沈家鳳,107年直轄市議員選舉,首次申報,1071115,雜支支出,中華電信股份有限公司,69109906,0.00,163.00,電信費用,金錢,,,
501,沈家鳳,107年直轄市議員選舉,首次申報,1071116,宣傳支出,中華郵政,,0.00,2458.00,郵寄競選物品或宣傳廣告支出,金錢,台南市新營區****,,
502,沈家鳳,107年直轄市議員選舉,首次申報,1071116,雜支支出,新市免洗餐具行,20354677,0.00,150.00,雜項購置或修繕費用,金錢,,,
503,沈家鳳,107年直轄市議員選舉,首次申報,1071116,雜支支出,冠碩科技有限公司,25196157,0.00,12226.00,雜項購置或修繕費用,金錢,,,
504,沈家鳳,107年直轄市議員選舉,首次申報,1071117,集會支出,鴻鼎企業社,10842924,0.00,69000.00,租用設備支出,金錢,臺南市麻豆區****,,
505,沈家鳳,107年直轄市議員選舉,首次申報,1071117,公共關係費用支出,藏林實業有限公司,16341264,0.00,70297.00,聯誼交際費用,金錢,臺南市永康區****,,
506,沈家鳳,107年直轄市議員選舉,首次申報,1071117,雜支支出,學甲鵝肉,25812504,0.00,540.00,餐飲費用,金錢,,,
507,沈家鳳,107年直轄市議員選舉,首次申報,1071117,集會支出,阿喜企業社,39763151,0.00,33000.00,租用設備支出,金錢,彰化縣田尾鄉****,,
508,沈家鳳,107年直轄市議員選舉,首次申報,1071117,集會支出,阿喜企業社,39763151,0.00,31000.00,租用設備支出,金錢,彰化縣田尾鄉****,,
509,沈家鳳,107年直轄市議員選舉,首次申報,1071117,集會支出,吉祥藝廣告企業有限公司,54067843,0.00,145000.00,租用設備支出,金錢,臺南市歸仁區****,,
510,沈家鳳,107年直轄市議員選舉,首次申報,1071117,集會支出,科炫企業社,67925229,0.00,95000.00,租用設備支出,金錢,臺南市新營區****,,
511,沈家鳳,107年直轄市議員選舉,首次申報,1071117,集會支出,打狗亂歌團,70996205,0.00,70000.00,租用設備支出,金錢,高雄市苓雅區****,,
512,沈家鳳,107年直轄市議員選舉,首次申報,1071117,集會支出,邑晟環衛有限公司,80383676,0.00,45000.00,租用設備支出,金錢,高雄市楠梓區****,,
513,沈家鳳,107年直轄市議員選舉,首次申報,1071118,集會支出,展億活動整合有限公司,24604986,0.00,111000.00,租用設備支出,金錢,臺南市柳營區****,,
514,沈家鳳,107年直轄市議員選舉,首次申報,1071118,公共關係費用支出,佳皇汽車遊覽有限公司,80394250,0.00,170500.00,車資,金錢,臺南市佳里區****,,
515,沈家鳳,107年直轄市議員選舉,首次申報,1071118,雜支支出,小南簡餐店,94968101,0.00,4600.00,餐飲費用,金錢,台南市鹽水區****,,
516,沈家鳳,107年直轄市議員選舉,首次申報,1071118,集會支出,樂昇企業社,99129295,0.00,100000.00,租用設備支出,金錢,臺南市新營區****,,
517,沈家鳳,107年直轄市議員選舉,首次申報,1071119,雜支支出,龍鳳園企業有限公司,27791104,0.00,7350.00,雜項購置或修繕費用,金錢,台南市新營區****,,
518,沈家鳳,107年直轄市議員選舉,首次申報,1071119,雜支支出,台大一加油站,80621396,0.00,969.00,汽機車燃料費用,金錢,,,
519,沈家鳳,107年直轄市議員選舉,首次申報,1071120,宣傳支出,嘉南廣告社,,0.00,19950.00,郵寄競選物品或宣傳廣告支出,金錢,雲林縣斗六市****,,
520,沈家鳳,107年直轄市議員選舉,首次申報,1071120,公共關係費用支出,茗統茶莊,06579561,0.00,5000.00,聯誼交際費用,金錢,臺南市新營區****,,
521,沈家鳳,107年直轄市議員選舉,首次申報,1071120,宣傳支出,揚名企業社,17197246,0.00,150000.00,製作競選物品支出（文宣）,金錢,臺南市安平區****,,
522,沈家鳳,107年直轄市議員選舉,首次申報,1071120,雜支支出,月津香,71052302,0.00,700.00,餐飲費用,金錢,,,
523,沈家鳳,107年直轄市議員選舉,首次申報,1071120,雜支支出,台灣電力股份有限公司,72162989,0.00,3747.00,水電瓦斯費用,金錢,,,
524,沈家鳳,107年直轄市議員選舉,首次申報,1071121,雜支支出,晟鑫商行,97831353,0.00,1286.00,雜項購置或修繕費用,金錢,,,
525,沈家鳳,107年直轄市議員選舉,首次申報,1071122,宣傳支出,大新營報業廣告設,,0.00,12200.00,郵寄競選物品或宣傳廣告支出,金錢,台南市新營區****,,
526,沈家鳳,107年直轄市議員選舉,首次申報,1071122,雜支支出,小南簡餐店,,0.00,6300.00,餐飲費用,金錢,台南市鹽水區****,,
527,沈家鳳,107年直轄市議員選舉,首次申報,1071122,宣傳支出,安心開發企業有限公司,25016401,0.00,20000.00,製作競選物品支出（物品名稱-手機架）,金錢,嘉義縣太保市****,,
528,沈家鳳,107年直轄市議員選舉,首次申報,1071122,交通旅運支出,台大一加油站,80621396,0.00,180.00,油資,金錢,,,
529,沈家鳳,107年直轄市議員選舉,首次申報,1071123,公共關係費用支出,三楓企業社,17980648,0.00,8700.00,為民服務費用,金錢,台南市十二佃****,,
530,沈家鳳,107年直轄市議員選舉,首次申報,1071123,集會支出,阿喜企業社,39763151,0.00,31000.00,租用設備支出,金錢,彰化縣田尾鄉****,,
531,沈家鳳,107年直轄市議員選舉,首次申報,1071123,集會支出,廣聯企業社,47826643,0.00,30000.00,租用設備支出,金錢,臺南市柳營區****,,
532,沈家鳳,107年直轄市議員選舉,首次申報,1071123,集會支出,科炫企業社,67925229,0.00,37000.00,租用設備支出,金錢,台南市新營區****,,
533,沈家鳳,107年直轄市議員選舉,首次申報,1071123,雜支支出,台灣電力股份有限公司,72162989,0.00,959.00,水電瓦斯費用,金錢,,,
534,沈家鳳,107年直轄市議員選舉,首次申報,1071123,集會支出,邑晟環衛有限公司,80383676,0.00,60000.00,租用設備支出,金錢,高雄市楠梓區****,,
535,沈家鳳,107年直轄市議員選舉,首次申報,1071123,公共關係費用支出,竹萱花坊,99125988,0.00,5300.00,為民服務費用,金錢,台南市東山區****,,
536,沈家鳳,107年直轄市議員選舉,首次申報,1071124,雜支支出,建全文具行,06582192,0.00,482.00,文具用品費用,金錢,,,
537,沈家鳳,107年直轄市議員選舉,首次申報,1071124,雜支支出,建全文具行,06582192,0.00,40.00,文具用品費用,金錢,,,
538,沈家鳳,107年直轄市議員選舉,首次申報,1071124,雜支支出,新市免洗餐具行,29467639,0.00,210.00,雜項購置或修繕費用,金錢,,,
539,沈家鳳,107年直轄市議員選舉,首次申報,1071124,雜支支出,永章土魠魚焿,37578362,0.00,300.00,餐飲費用,金錢,,,
540,沈家鳳,107年直轄市議員選舉,首次申報,1071124,雜支支出,金玉堂,53072761,0.00,55.00,文具用品費用,金錢,,,
541,沈家鳳,107年直轄市議員選舉,首次申報,1071125,雜支支出,四川煤氣行,71079837,0.00,220.00,水電瓦斯費用,金錢,,,
542,沈家鳳,107年直轄市議員選舉,首次申報,1071125,公共關係費用支出,競選總部,R22*******,0.00,4500.00,聯誼交際費用,非金錢,臺南市柳營區****,,
543,沈家鳳,107年直轄市議員選舉,首次申報,1071126,雜支支出,足好味食館,,0.00,120.00,餐飲費用,金錢,台南市鹽水區****,,
544,沈家鳳,107年直轄市議員選舉,首次申報,1071126,宣傳支出,叡揚資訊股份有限公司,22425662,0.00,8800.00,發送電信簡訊支出,金錢,,,
545,沈家鳳,107年直轄市議員選舉,首次申報,1071126,公共關係費用支出,臺南市柳營區農會田媽媽,36787221,0.00,23400.00,聯誼交際費用,金錢,臺南市柳營區****,,
546,沈家鳳,107年直轄市議員選舉,首次申報,1071126,集會支出,上泰鴻企業社,40708728,0.00,14300.00,租用設備支出,金錢,台南市柳營區****,,
547,沈家鳳,107年直轄市議員選舉,首次申報,1071126,雜支支出,功夫坊荷蘭村牛奶蛋捲,40902976,0.00,3500.00,餐飲費用,金錢,台南市柳營區****,,
548,沈家鳳,107年直轄市議員選舉,首次申報,1071126,雜支支出,Y蘭餐飲店,47807792,0.00,1750.00,餐飲費用,金錢,台南市新營區****,,
549,沈家鳳,107年直轄市議員選舉,首次申報,1071126,雜支支出,發儂家排骨快餐,67924489,0.00,1200.00,餐飲費用,金錢,,,
550,沈家鳳,107年直轄市議員選舉,首次申報,1071126,雜支支出,來喜小吃,97833330,0.00,325.00,餐飲費用,金錢,,,
551,沈家鳳,107年直轄市議員選舉,首次申報,1071126,人事費用支出,蘇聖娜,S22*******,0.00,16500.00,工資或薪津,金錢,台南市後壁區****,,
552,沈家鳳,107年直轄市議員選舉,首次申報,1071127,雜支支出,茗統茶莊,06579561,0.00,15000.00,雜項購置或修繕費用,金錢,台南市新營區****,,
553,沈家鳳,107年直轄市議員選舉,首次申報,1071127,雜支支出,鑫品味蛋包飯,37726075,0.00,410.00,餐飲費用,金錢,台南市新營區****,,
554,沈家鳳,107年直轄市議員選舉,首次申報,1071127,雜支支出,鑫品味蛋包飯,37726075,0.00,960.00,餐飲費用,金錢,台南市新營區****,,
555,沈家鳳,107年直轄市議員選舉,首次申報,1071127,公共關係費用支出,新營好吃雞土雞城,81207918,0.00,1580.00,聯誼交際費用,金錢,臺南市新營區****,,
556,沈家鳳,107年直轄市議員選舉,首次申報,1071128,雜支支出,騰慶新國際開發有限公司,,0.00,16990.00,餐飲費用,金錢,台南市東山區****,,
557,沈家鳳,107年直轄市議員選舉,首次申報,1071129,雜支支出,瑋煌商行,13710927,0.00,1090.00,雜項購置或修繕費用,金錢,台南市新營區****,,
558,沈家鳳,107年直轄市議員選舉,首次申報,1071129,雜支支出,智通數位科技股份有限公司,42646755,0.00,1280.00,雜項購置或修繕費用,金錢,,,
559,沈家鳳,107年直轄市議員選舉,首次申報,1071130,集會支出,展億活動整合有限公司,24604986,0.00,110000.00,租用設備支出,金錢,臺南市柳營區****,,
560,沈家鳳,107年直轄市議員選舉,首次申報,1071130,公共關係費用支出,尚品禮籃花苑中心,87685628,0.00,3500.00,聯誼交際費用,金錢,台南市鹽水區****,,
561,沈家鳳,107年直轄市議員選舉,首次申報,1071201,雜支支出,新營蜜餞行,72204587,0.00,1350.00,雜項購置或修繕費用,金錢,台南市新營區****,,
562,沈家鳳,107年直轄市議員選舉,首次申報,1071201,雜支支出,小南簡餐店,94968101,0.00,130.00,餐飲費用,金錢,台南市鹽水區****,,
563,沈家鳳,107年直轄市議員選舉,首次申報,1071201,公共關係費用支出,競選總部,R22*******,0.00,4500.00,文康活動費用,非金錢,臺南市柳營區****,,
564,沈家鳳,107年直轄市議員選舉,首次申報,1071203,雜支支出,皇家食品行,81893310,0.00,9000.00,雜項購置或修繕費用,金錢,高雄縣鳳山市****,,
565,沈家鳳,107年直轄市議員選舉,首次申報,1071204,雜支支出,中華電信股份有限公司,69109906,0.00,3226.00,電信費用,金錢,台南市新營區****,,
566,沈家鳳,107年直轄市議員選舉,首次申報,1071205,人事費用支出,陳思言,R22*******,0.00,25000.00,工資或薪津,金錢,臺南市柳營區****,,
567,沈家鳳,107年直轄市議員選舉,首次申報,1071205,人事費用支出,陳思宇,R22*******,0.00,25000.00,工資或薪津,金錢,臺南市柳營區****,,
568,沈家鳳,107年直轄市議員選舉,首次申報,1071205,人事費用支出,李艾媚,S22*******,0.00,30000.00,工資或薪津,金錢,臺南市新營區****,,
569,沈家鳳,107年直轄市議員選舉,首次申報,1071206,雜支支出,Y蘭餐飲店,47807792,0.00,470.00,餐飲費用,金錢,台南市新營區****,,
570,沈家鳳,107年直轄市議員選舉,首次申報,1071207,雜支支出,統合百貨有限公司,25190338,0.00,539.00,雜項購置或修繕費用,金錢,台南市新營區****,,
571,沈家鳳,107年直轄市議員選舉,首次申報,1071207,雜支支出,八方雲集,40765282,0.00,155.00,餐飲費用,金錢,,,
572,沈家鳳,107年直轄市議員選舉,首次申報,1071208,宣傳支出,中華郵政,,0.00,112.00,郵寄競選物品或宣傳廣告支出,金錢,台南市新營區****,,
573,沈家鳳,107年直轄市議員選舉,首次申報,1071208,雜支支出,奇郁企業社,14394188,0.00,44080.00,雜項購置或修繕費用,金錢,台南市安南區****,,
574,沈家鳳,107年直轄市議員選舉,首次申報,1071210,雜支支出,佳興包裝材料行,,0.00,250.00,雜項購置或修繕費用,金錢,台南市新營區****,,
575,沈家鳳,107年直轄市議員選舉,首次申報,1071210,公共關係費用支出,崧嵐鮮花禮籃店,06582382,0.00,500.00,聯誼交際費用,金錢,,,
576,沈家鳳,107年直轄市議員選舉,首次申報,1071210,雜支支出,小南簡餐店,94968101,0.00,265.00,餐飲費用,金錢,,,
577,沈家鳳,107年直轄市議員選舉,首次申報,1071211,宣傳支出,人生廣播電台股份有限公司,89322969,0.00,5000.00,播送、傳送或刊登宣傳廣告支出,金錢,,,
578,沈家鳳,107年直轄市議員選舉,首次申報,1071212,宣傳支出,中華郵政,,0.00,127.00,郵寄競選物品或宣傳廣告支出,金錢,台南市新營區****,,
579,沈家鳳,107年直轄市議員選舉,首次申報,1071212,雜支支出,大海洋山海產,,0.00,380.00,餐飲費用,金錢,台南市新營區****,,
580,沈家鳳,107年直轄市議員選舉,首次申報,1071212,雜支支出,佳興包裝材料行,,0.00,450.00,雜項購置或修繕費用,金錢,台南市新營區****,,
581,沈家鳳,107年直轄市議員選舉,首次申報,1071213,雜支支出,文寶堂刻印鎖匙店,06564103,0.00,750.00,雜項購置或修繕費用,金錢,,,
582,沈家鳳,107年直轄市議員選舉,首次申報,1071213,雜支支出,中華電信股份有限公司,69109906,0.00,1080.00,電信費用,金錢,,,
583,沈家鳳,107年直轄市議員選舉,首次申報,1071213,雜支支出,台灣電力股份有限公司,72162989,0.00,7537.00,水電瓦斯費用,金錢,,,
584,沈家鳳,107年直轄市議員選舉,首次申報,1071213,公共關係費用支出,蘭園清花店,97831620,0.00,500.00,聯誼交際費用,金錢,,,
585,沈家鳳,107年直轄市議員選舉,首次申報,1071218,雜支支出,大海洋山海產,21926864,0.00,320.00,餐飲費用,金錢,,,
586,沈家鳳,107年直轄市議員選舉,首次申報,1071219,宣傳支出,中華郵政,,0.00,28.00,郵寄競選物品或宣傳廣告支出,金錢,台南市新營區****,,
587,沈家鳳,107年直轄市議員選舉,首次申報,1071219,交通旅運支出,台糖加油站,13208502,0.00,634.00,油資,金錢,,,
588,沈家鳳,107年直轄市議員選舉,首次申報,1071219,雜支支出,Y蘭餐飲店,47807792,0.00,240.00,餐飲費用,金錢,,,
589,沈家鳳,107年直轄市議員選舉,首次申報,1071220,雜支支出,Y蘭餐飲店,47807792,0.00,480.00,餐飲費用,金錢,,,
590,沈家鳳,107年直轄市議員選舉,首次申報,1071221,宣傳支出,中華郵政,,0.00,28.00,郵寄競選物品或宣傳廣告支出,金錢,台南市新營區****,,
591,沈家鳳,107年直轄市議員選舉,首次申報,1071221,雜支支出,大海洋山海產,21926864,0.00,320.00,餐飲費用,金錢,,,
592,沈家鳳,107年直轄市議員選舉,首次申報,1071224,雜支支出,Y蘭餐飲店,47807792,0.00,400.00,餐飲費用,金錢,,,
593,沈家鳳,107年直轄市議員選舉,首次申報,1080213,返還支出,祐東建設有限公司,53177977,0.00,10000.00,返還,非金錢,,,
594,沈家鳳,107年直轄市議員選舉,首次申報,1080213,返還支出,祐東建設有限公司,53177977,0.00,2000.00,返還,非金錢,,,
