﻿序號,擬參選人／政黨,選舉名稱,申報序號／年度,交易日期,收支科目,捐贈者／支出對象,身分證／統一編號,收入金額,支出金額,捐贈方式,存入專戶日期,返還/繳庫,支出用途,金錢類,地址,聯絡電話,應揭露之支出對象,支出對象之內部人員姓名,支出對象之內部人員職稱,政黨之內部人員姓名,政黨之內部人員職稱,關係,更正註記,資料更正日期
1,顧崇德,111年高雄市議員選舉,首次申報,1110518,個人捐贈收入,顏正芳,E12*******,50000.00,0.00,現金,1110518,,,金錢,高雄市新興區****,,,,,,,,,
2,顧崇德,111年高雄市議員選舉,首次申報,1110523,匿名捐贈,匿名3,,500.00,0.00,匯款,1110523,,,金錢,,,,,,,,,,
3,顧崇德,111年高雄市議員選舉,首次申報,1110527,匿名捐贈,匿名1,,1000.00,0.00,匯款,1110527,,,金錢,,,,,,,,,,
4,顧崇德,111年高雄市議員選舉,首次申報,1110527,匿名捐贈,匿名2,,500.00,0.00,匯款,1110527,,,金錢,,,,,,,,,,
5,顧崇德,111年高雄市議員選舉,首次申報,1110527,匿名捐贈,匿名3,,500.00,0.00,匯款,1110527,,,金錢,,,,,,,,,,
6,顧崇德,111年高雄市議員選舉,首次申報,1110527,個人捐贈收入,賴維鈞,A12*******,5000.00,0.00,匯款,1110527,,,金錢,新竹縣竹北市****,,,,,,,,,
7,顧崇德,111年高雄市議員選舉,首次申報,1110527,個人捐贈收入,林威佐,N12*******,5000.00,0.00,匯款,1110527,,,金錢,臺北市內湖區****,,,,,,,,,
8,顧崇德,111年高雄市議員選舉,首次申報,1110531,個人捐贈收入,許凱庭,S12*******,1000.00,0.00,匯款,1110531,,,金錢,澎湖縣西嶼鄉****,,,,,,,,,
9,顧崇德,111年高雄市議員選舉,首次申報,1110621,其他收入,利息收入,,12.00,0.00,匯款,1110621,,,金錢,,,,,,,,,,
10,顧崇德,111年高雄市議員選舉,首次申報,1110630,個人捐贈收入,吳振宇,E12*******,100000.00,0.00,匯款,1110630,,,金錢,高雄市苓雅區****,,,,,,,,,
11,顧崇德,111年高雄市議員選舉,首次申報,1110630,個人捐贈收入,許凱庭,S12*******,1000.00,0.00,匯款,1110630,,,金錢,澎湖縣西嶼鄉****,,,,,,,,,
12,顧崇德,111年高雄市議員選舉,首次申報,1110711,個人捐贈收入,呂珮如,S22*******,1000.00,0.00,匯款,1110711,,,金錢,高雄市鳳山區****,,,,,,,,,
13,顧崇德,111年高雄市議員選舉,首次申報,1110730,個人捐贈收入,許凱庭,S12*******,1000.00,0.00,匯款,1110730,,,金錢,澎湖縣西嶼鄉****,,,,,,,,,
14,顧崇德,111年高雄市議員選舉,首次申報,1110801,個人捐贈收入,賴鼎中,U12*******,5000.00,0.00,匯款,1110801,,,金錢,高雄市苓雅區****,,,,,,,,,
15,顧崇德,111年高雄市議員選舉,首次申報,1110826,個人捐贈收入,顏銘志,E12*******,5000.00,0.00,匯款,1110826,,,金錢,高雄市鳳山區****,,,,,,,,,
16,顧崇德,111年高雄市議員選舉,首次申報,1110830,個人捐贈收入,許凱庭,S12*******,1000.00,0.00,匯款,1110830,,,金錢,澎湖縣西嶼鄉****,,,,,,,,,
17,顧崇德,111年高雄市議員選舉,首次申報,1110901,個人捐贈收入,劉永豐,E12*******,5000.00,0.00,匯款,1110901,,,金錢,高雄市前鎮區****,,,,,,,,,
18,顧崇德,111年高雄市議員選舉,首次申報,1110901,個人捐贈收入,林士傑,T12*******,2000.00,0.00,匯款,1110901,,,金錢,屏東縣枋寮鄉****,,,,,,,,,
19,顧崇德,111年高雄市議員選舉,首次申報,1110903,個人捐贈收入,李志華,F12*******,6000.00,0.00,匯款,1110903,,,金錢,新北市汐止區****,,,,,,,,,
20,顧崇德,111年高雄市議員選舉,首次申報,1110903,政黨捐贈收入,時代力量,政黨證字第267號,200000.00,0.00,匯款,1110903,,,金錢,臺北市大同區****,(02)*****,,,,,,,,
21,顧崇德,111年高雄市議員選舉,首次申報,1110905,個人捐贈收入,陳宏銘,S12*******,3000.00,0.00,匯款,1110905,,,金錢,高雄市鳳山區****,,,,,,,,,
22,顧崇德,111年高雄市議員選舉,首次申報,1110906,個人捐贈收入,何承洋,E12*******,30000.00,0.00,現金,1110906,,,金錢,高雄市鼓山區****,,,,,,,,,
23,顧崇德,111年高雄市議員選舉,首次申報,1110906,個人捐贈收入,何承洋,E12*******,30000.00,0.00,匯款,1110906,,,金錢,高雄市鼓山區****,,,,,,,,,
24,顧崇德,111年高雄市議員選舉,首次申報,1110908,個人捐贈收入,吳佩娜,L22*******,5000.00,0.00,匯款,1110908,,,金錢,台中市大甲區****,,,,,,,,,
25,顧崇德,111年高雄市議員選舉,首次申報,1110911,匿名捐贈,匿名,,500.00,0.00,匯款,1110911,,,金錢,,,,,,,,,,
26,顧崇德,111年高雄市議員選舉,首次申報,1110913,個人捐贈收入,葛惠君,,20000.00,0.00,匯款,1110913,,,金錢,高雄市前金區****,,,,,,,,,
27,顧崇德,111年高雄市議員選舉,首次申報,1110914,個人捐贈收入,蘇武乾,S12*******,3000.00,0.00,匯款,1110914,,,金錢,高雄市岡山區****,,,,,,,,,
28,顧崇德,111年高雄市議員選舉,首次申報,1110916,個人捐贈收入,彭渰雯,P22*******,5000.00,0.00,匯款,1110916,,,金錢,高雄市鹽埕區****,,,,,,,,,
29,顧崇德,111年高雄市議員選舉,首次申報,1110917,個人捐贈收入,楊清玉,Q22*******,10000.00,0.00,匯款,1110917,,,金錢,台中市北屯區****,,,,,,,,,
30,顧崇德,111年高雄市議員選舉,首次申報,1110930,個人捐贈收入,許凱庭,S12*******,1000.00,0.00,匯款,1110930,,,金錢,澎湖縣西嶼鄉****,,,,,,,,,
31,顧崇德,111年高雄市議員選舉,首次申報,1111005,匿名捐贈,匿名,,1200.00,0.00,匯款,1111005,,,金錢,,,,,,,,,,
32,顧崇德,111年高雄市議員選舉,首次申報,1111012,個人捐贈收入,白卿芬,F22*******,3000.00,0.00,匯款,1111012,,,金錢,新北市淡水區****,,,,,,,,,
33,顧崇德,111年高雄市議員選舉,首次申報,1111019,個人捐贈收入,顏正杰,E12*******,20000.00,0.00,匯款,1111019,,,金錢,高雄市新興區****,,,,,,,,,
34,顧崇德,111年高雄市議員選舉,首次申報,1111020,政黨捐贈收入,時代力量,政黨證字第267號,31620.00,0.00,匯款,1111020,,,金錢,臺北市大同區****,(02)*****,,,,,,,,
35,顧崇德,111年高雄市議員選舉,首次申報,1111023,個人捐贈收入,以潔范,E22*******,1000.00,0.00,匯款,1111023,,,金錢,高雄市三民區****,,,,,,,,,
36,顧崇德,111年高雄市議員選舉,首次申報,1111027,個人捐贈收入,許文榮,F12*******,500.00,0.00,匯款,1111027,,,金錢,新北市金山區****,,,,,,,,,
37,顧崇德,111年高雄市議員選舉,首次申報,1111030,個人捐贈收入,許凱庭,S12*******,1000.00,0.00,匯款,1111030,,,金錢,澎湖縣西嶼鄉****,,,,,,,,,
38,顧崇德,111年高雄市議員選舉,首次申報,1111113,個人捐贈收入,歐新匯,H12*******,1000.00,0.00,匯款,1111113,,,金錢,桃園市中壢區****,,,,,,,,,
39,顧崇德,111年高雄市議員選舉,首次申報,1111121,個人捐贈收入,盧柏宇,S12*******,5000.00,0.00,現金,1111121,,,金錢,高雄市鳳山區****,,,,,,,,,
40,顧崇德,111年高雄市議員選舉,首次申報,1111124,個人捐贈收入,簡雨潔,,2000.00,0.00,現金,1111124,,,金錢,高雄市小港區****,0970*****,,,,,,,,
41,顧崇德,111年高雄市議員選舉,首次申報,1111221,其他收入,利息收入,,114.00,0.00,匯款,1111221,,,金錢,,,,,,,,,,
