﻿序號,擬參選人／政黨,選舉名稱,申報序號／年度,交易日期,收支科目,捐贈者／支出對象,身分證／統一編號,收入金額,支出金額,支出用途,金錢類,地址,聯絡電話,資料更正日期
1,曾麗燕,107年直轄市議員選舉,首次申報,1070820,個人捐贈收入,吳光訓,,6000.00,0.00,,非金錢,,7172*****,
2,曾麗燕,107年直轄市議員選舉,首次申報,1070821,個人捐贈收入,郭寶美,,30000.00,0.00,,金錢,高雄市鳳山區****,,
3,曾麗燕,107年直轄市議員選舉,首次申報,1070821,個人捐贈收入,陳鴻文,,8000.00,0.00,,非金錢,,5375*****,
4,曾麗燕,107年直轄市議員選舉,首次申報,1070831,個人捐贈收入,林郁方,S10*******,80000.00,0.00,,金錢,臺北市信義路****,0932*****,
5,曾麗燕,107年直轄市議員選舉,首次申報,1070904,個人捐贈收入,鄭亞京,E22*******,3000.00,0.00,,金錢,高雄市小港區****,,
6,曾麗燕,107年直轄市議員選舉,首次申報,1070905,匿名捐贈,匿名,,2600.00,0.00,,非金錢,,,
7,曾麗燕,107年直轄市議員選舉,首次申報,1070906,個人捐贈收入,鄭秋東,,6000.00,0.00,,非金錢,,0916*****,
8,曾麗燕,107年直轄市議員選舉,首次申報,1070906,匿名捐贈,匿名,,4000.00,0.00,,非金錢,,,
9,曾麗燕,107年直轄市議員選舉,首次申報,1070908,個人捐贈收入,吳順明,,4000.00,0.00,,非金錢,,3361*****,
10,曾麗燕,107年直轄市議員選舉,首次申報,1070911,個人捐贈收入,王四明,,16000.00,0.00,,非金錢,,0921*****,
11,曾麗燕,107年直轄市議員選舉,首次申報,1070916,個人捐贈收入,劉朝文,,6000.00,0.00,,金錢,高雄市鳳山區****,,
12,曾麗燕,107年直轄市議員選舉,首次申報,1070918,個人捐贈收入,林顏錦鳳,,2000.00,0.00,,金錢,高雄市前鎮區****,,
13,曾麗燕,107年直轄市議員選舉,首次申報,1070918,個人捐贈收入,蔡慧秋,,2000.00,0.00,,金錢,高雄市前鎮區****,,
14,曾麗燕,107年直轄市議員選舉,首次申報,1070918,個人捐贈收入,谷祖太,,1000.00,0.00,,金錢,高雄市前鎮區****,,
15,曾麗燕,107年直轄市議員選舉,首次申報,1070918,個人捐贈收入,林愛珠,S20*******,20000.00,0.00,,金錢,高雄市鳥松區****,,
16,曾麗燕,107年直轄市議員選舉,首次申報,1070921,個人捐贈收入,許修銘,,20000.00,0.00,,非金錢,高雄市小港區****,0933*****,
17,曾麗燕,107年直轄市議員選舉,首次申報,1071001,個人捐贈收入,陳復生,E10*******,100000.00,0.00,,金錢,高雄市小港區****,,
18,曾麗燕,107年直轄市議員選舉,首次申報,1071001,個人捐贈收入,張志超,E12*******,4000.00,0.00,,金錢,高雄市鳳山區****,,
19,曾麗燕,107年直轄市議員選舉,首次申報,1071001,個人捐贈收入,林佳育,E22*******,4000.00,0.00,,金錢,高雄市鳳山區****,,
20,曾麗燕,107年直轄市議員選舉,首次申報,1071001,個人捐贈收入,周芳如,P22*******,10000.00,0.00,,金錢,高雄市小港區****,,
21,曾麗燕,107年直轄市議員選舉,首次申報,1071001,個人捐贈收入,趙芳吟,T22*******,4000.00,0.00,,金錢,高雄市前鎮區****,,
22,曾麗燕,107年直轄市議員選舉,首次申報,1071001,個人捐贈收入,郭漢龍,U12*******,60000.00,0.00,,金錢,高雄市民權二****,,
23,曾麗燕,107年直轄市議員選舉,首次申報,1071002,個人捐贈收入,李長元,,10000.00,0.00,,金錢,高雄市林園區****,,
24,曾麗燕,107年直轄市議員選舉,首次申報,1071004,匿名捐贈,傅小華,,2000.00,0.00,,金錢,,,
25,曾麗燕,107年直轄市議員選舉,首次申報,1071004,匿名捐贈,匿名,,2550.00,0.00,,非金錢,,,
26,曾麗燕,107年直轄市議員選舉,首次申報,1071004,匿名捐贈,匿名,,2400.00,0.00,,非金錢,,,
27,曾麗燕,107年直轄市議員選舉,首次申報,1071005,個人捐贈收入,王忠喜,,4800.00,0.00,,非金錢,高雄市小港區****,0932*****,
28,曾麗燕,107年直轄市議員選舉,首次申報,1071005,個人捐贈收入,陳正明,,8500.00,0.00,,非金錢,,0952*****,
29,曾麗燕,107年直轄市議員選舉,首次申報,1071007,個人捐贈收入,吳夏丸外,,6000.00,0.00,,金錢,高雄市下厝路****,,
30,曾麗燕,107年直轄市議員選舉,首次申報,1071007,個人捐贈收入,鄭豐輝,,10000.00,0.00,,金錢,高雄市鼓山區****,0937*****,
31,曾麗燕,107年直轄市議員選舉,首次申報,1071007,個人捐贈收入,葉清霞,,3000.00,0.00,,金錢,高雄市三民區****,0937*****,
32,曾麗燕,107年直轄市議員選舉,首次申報,1071007,個人捐贈收入,鐘美珠,,3000.00,0.00,,金錢,高雄市中山二****,0912*****,
33,曾麗燕,107年直轄市議員選舉,首次申報,1071007,個人捐贈收入,陳素華,,2000.00,0.00,,金錢,高雄市民權二****,0933*****,
34,曾麗燕,107年直轄市議員選舉,首次申報,1071007,個人捐贈收入,李楓菁,,4500.00,0.00,,非金錢,高雄市德文街****,0910*****,
35,曾麗燕,107年直轄市議員選舉,首次申報,1071007,個人捐贈收入,錢耀光,E12*******,30000.00,0.00,,金錢,高雄市前鎮區****,,
36,曾麗燕,107年直轄市議員選舉,首次申報,1071008,個人捐贈收入,黃晨宇,,20000.00,0.00,,金錢,高雄市三民區****,,
37,曾麗燕,107年直轄市議員選舉,首次申報,1071008,個人捐贈收入,李宗熹,R12*******,20000.00,0.00,,金錢,高雄市新興區****,,
38,曾麗燕,107年直轄市議員選舉,首次申報,1071010,匿名捐贈,匿名,,4000.00,0.00,,非金錢,,,
39,曾麗燕,107年直轄市議員選舉,首次申報,1071011,營利事業捐贈收入,信宇投資股份有限公司,86687839,100000.00,0.00,,金錢,臺北市信義區****,,
40,曾麗燕,107年直轄市議員選舉,首次申報,1071015,個人捐贈收入,洪一瑄,,2000.00,0.00,,金錢,高雄市小港區****,0912*****,
41,曾麗燕,107年直轄市議員選舉,首次申報,1071015,匿名捐贈,匿名,,4050.00,0.00,,非金錢,,,
42,曾麗燕,107年直轄市議員選舉,首次申報,1071019,個人捐贈收入,洪俊德,,8000.00,0.00,,非金錢,高雄市民生二****,,
43,曾麗燕,107年直轄市議員選舉,首次申報,1071019,個人捐贈收入,吳泰成,E12*******,6000.00,0.00,,金錢,高雄市鼓山區****,,
44,曾麗燕,107年直轄市議員選舉,首次申報,1071021,個人捐贈收入,黃榮姿,,10000.00,0.00,,金錢,高雄市鼓山區****,0919*****,
45,曾麗燕,107年直轄市議員選舉,首次申報,1071021,個人捐贈收入,林淑娥,,3000.00,0.00,,金錢,高雄市三多三****,0978*****,
46,曾麗燕,107年直轄市議員選舉,首次申報,1071021,個人捐贈收入,郭淑瓊,,3000.00,0.00,,金錢,高雄市建國二****,0928*****,
47,曾麗燕,107年直轄市議員選舉,首次申報,1071021,個人捐贈收入,蔡鄭梅櫻,,6600.00,0.00,,金錢,高雄市崗山中****,0989*****,
48,曾麗燕,107年直轄市議員選舉,首次申報,1071021,個人捐贈收入,邱俊修,E12*******,20000.00,0.00,,金錢,高雄市前鎮區****,,
49,曾麗燕,107年直轄市議員選舉,首次申報,1071021,個人捐贈收入,劉水滄,S10*******,3000.00,0.00,,金錢,高雄市小港區****,0973*****,
50,曾麗燕,107年直轄市議員選舉,首次申報,1071024,個人捐贈收入,林彥佑,,15000.00,0.00,,金錢,高雄市小港區****,,
51,曾麗燕,107年直轄市議員選舉,首次申報,1071024,個人捐贈收入,張榮昇,,10000.00,0.00,,金錢,高雄市鳳山區****,0919*****,
52,曾麗燕,107年直轄市議員選舉,首次申報,1071024,個人捐贈收入,周玉枝,,2000.00,0.00,,金錢,高雄市鳳山區****,0932*****,
53,曾麗燕,107年直轄市議員選舉,首次申報,1071024,營利事業捐贈收入,峻灃企業有限公司,16828110,50000.00,0.00,,金錢,高雄市苓雅區****,,
54,曾麗燕,107年直轄市議員選舉,首次申報,1071029,匿名捐贈,匿名,,2500.00,0.00,,非金錢,,,
55,曾麗燕,107年直轄市議員選舉,首次申報,1071029,營利事業捐贈收入,漢來美食股份有限公司,80352343,500000.00,0.00,,金錢,高雄市前金區****,,
56,曾麗燕,107年直轄市議員選舉,首次申報,1071030,個人捐贈收入,蘇昱彰,,6000.00,0.00,,金錢,高雄市小港區****,0920*****,
57,曾麗燕,107年直轄市議員選舉,首次申報,1071030,營利事業捐贈收入,年山企業有限公司,23802426,30000.00,0.00,,金錢,高雄市小港區****,,
58,曾麗燕,107年直轄市議員選舉,首次申報,1071101,個人捐贈收入,洪翠雲,,25000.00,0.00,,金錢,高雄市前鎮區****,8411*****,
59,曾麗燕,107年直轄市議員選舉,首次申報,1071101,個人捐贈收入,吳清志,,25000.00,0.00,,金錢,高雄市前鎮區****,8411*****,
60,曾麗燕,107年直轄市議員選舉,首次申報,1071101,個人捐贈收入,林金城,,5000.00,0.00,,非金錢,,0937*****,
61,曾麗燕,107年直轄市議員選舉,首次申報,1071101,個人捐贈收入,許智堯,E12*******,50000.00,0.00,,金錢,高雄市鼓山區****,,
62,曾麗燕,107年直轄市議員選舉,首次申報,1071101,個人捐贈收入,陳莉婷,E22*******,20000.00,0.00,,金錢,高雄市鼓山區****,,
63,曾麗燕,107年直轄市議員選舉,首次申報,1071101,個人捐贈收入,溫秋娥,P22*******,30000.00,0.00,,金錢,高雄市左營區****,,
64,曾麗燕,107年直轄市議員選舉,首次申報,1071101,個人捐贈收入,梁德興,S12*******,20000.00,0.00,,金錢,高雄市大樹區****,,
65,曾麗燕,107年直轄市議員選舉,首次申報,1071101,個人捐贈收入,黃王素雲,T20*******,30000.00,0.00,,金錢,高雄市小港區****,,
66,曾麗燕,107年直轄市議員選舉,首次申報,1071102,個人捐贈收入,陳水木,,2000.00,0.00,,金錢,新北市汐止區****,02-2*****,
67,曾麗燕,107年直轄市議員選舉,首次申報,1071105,個人捐贈收入,陳新發,,20000.00,0.00,,金錢,高雄市前鎮區****,8411*****,
68,曾麗燕,107年直轄市議員選舉,首次申報,1071105,個人捐贈收入,賴福地,,2000.00,0.00,,金錢,高雄市小港區****,7916*****,
69,曾麗燕,107年直轄市議員選舉,首次申報,1071105,個人捐贈收入,王辰峰,,3000.00,0.00,,金錢,高雄市小港區****,0919*****,
70,曾麗燕,107年直轄市議員選舉,首次申報,1071105,個人捐贈收入,楊葫士,,20000.00,0.00,,金錢,高雄市小港區****,0983*****,
71,曾麗燕,107年直轄市議員選舉,首次申報,1071105,營利事業捐贈收入,遠東建設事業股份有限公司,05151717,50000.00,0.00,,金錢,臺北市信義區****,,
72,曾麗燕,107年直轄市議員選舉,首次申報,1071105,營利事業捐贈收入,順升昌企業股份有限公司,84431670,20000.00,0.00,,金錢,高雄市大社區****,,
73,曾麗燕,107年直轄市議員選舉,首次申報,1071105,個人捐贈收入,徐淑華,R22*******,100000.00,0.00,,金錢,高雄市鳥松區****,,
74,曾麗燕,107年直轄市議員選舉,首次申報,1071109,個人捐贈收入,柳凱文,,10000.00,0.00,,金錢,高雄市前鎮區****,,
75,曾麗燕,107年直轄市議員選舉,首次申報,1071111,個人捐贈收入,陳麗貞,,12000.00,0.00,,金錢,高雄市苓雅區****,0939*****,
76,曾麗燕,107年直轄市議員選舉,首次申報,1071111,個人捐贈收入,林豐億,,3600.00,0.00,,金錢,高雄市民生一****,0963*****,
77,曾麗燕,107年直轄市議員選舉,首次申報,1071112,人民團體捐贈收入,社團法人高雄市醫師公會,,20000.00,0.00,,金錢,高雄市前金區****,07-2*****,
78,曾麗燕,107年直轄市議員選舉,首次申報,1071114,個人捐贈收入,鐘振友,,3000.00,0.00,,金錢,高雄市小港區****,,
79,曾麗燕,107年直轄市議員選舉,首次申報,1071114,個人捐贈收入,楊宗力,,20000.00,0.00,,金錢,高雄市小港區****,8016*****,
80,曾麗燕,107年直轄市議員選舉,首次申報,1071114,個人捐贈收入,王信雄,,2000.00,0.00,,金錢,高雄市小港區****,,
81,曾麗燕,107年直轄市議員選舉,首次申報,1071114,營利事業捐贈收入,聯福資源科技有限公司,54198922,20000.00,0.00,,金錢,高雄市仁武區****,,
82,曾麗燕,107年直轄市議員選舉,首次申報,1071114,個人捐贈收入,陳林玉利,E20*******,60000.00,0.00,,金錢,高雄市鳳山區****,8232*****,
83,曾麗燕,107年直轄市議員選舉,首次申報,1071116,個人捐贈收入,洪德林,,20000.00,0.00,,金錢,高雄市三民區****,0912*****,
84,曾麗燕,107年直轄市議員選舉,首次申報,1071119,個人捐贈收入,王土水,,3000.00,0.00,,金錢,高雄市前鎮區****,7611*****,
85,曾麗燕,107年直轄市議員選舉,首次申報,1071120,個人捐贈收入,楊明俊,,1000.00,0.00,,金錢,高雄市鳳山區****,0968*****,
86,曾麗燕,107年直轄市議員選舉,首次申報,1071120,個人捐贈收入,蔡宏淵,,20000.00,0.00,,金錢,臺北市大同區****,0928*****,
87,曾麗燕,107年直轄市議員選舉,首次申報,1071120,個人捐贈收入,吳春英,R22*******,10000.00,0.00,,金錢,高雄市左營區****,0919*****,
88,曾麗燕,107年直轄市議員選舉,首次申報,1071122,個人捐贈收入,梁永福,S12*******,50000.00,0.00,,金錢,高雄市小港區****,0919*****,
89,曾麗燕,107年直轄市議員選舉,首次申報,1071123,個人捐贈收入,賴俊良,,10000.00,0.00,,金錢,高雄市小港區****,0933*****,
90,曾麗燕,107年直轄市議員選舉,首次申報,1071221,其他收入,利息收入,,25.00,0.00,,金錢,,,
