﻿序號,擬參選人／政黨,選舉名稱,申報序號／年度,交易日期,收支科目,捐贈者／支出對象,身分證／統一編號,收入金額,支出金額,支出用途,金錢類,地址,聯絡電話,資料更正日期
1,何文海,107年直轄市議員選舉,首次申報,1070710,宣傳支出,森輝彩色印刷公司,22222152,0.00,32700.00,製作競選物品支出（文宣）,金錢,臺中市東區建****,0932*****,
2,何文海,107年直轄市議員選舉,首次申報,1070710,宣傳支出,麗瑩行,99662733,0.00,54000.00,製作競選物品支出（扇子）,金錢,臺中市南屯區****,0930*****,
3,何文海,107年直轄市議員選舉,首次申報,1070710,人事費用支出,陳琇滿,B22*******,0.00,10000.00,工資或薪津,金錢,臺中市南屯區****,0920*****,
4,何文海,107年直轄市議員選舉,首次申報,1070710,人事費用支出,魏啟修,M10*******,0.00,35000.00,工資或薪津,金錢,臺中市南屯區****,0928*****,
5,何文海,107年直轄市議員選舉,首次申報,1070730,宣傳支出,賴建光,,0.00,24000.00,租用廣告看板或車體廣告支出,金錢,臺中市南屯區****,0910*****,
6,何文海,107年直轄市議員選舉,首次申報,1070808,宣傳支出,林之泉,96899235,0.00,26460.00,製作競選物品支出（礦泉水）,金錢,臺中市南屯區****,04-2*****,
7,何文海,107年直轄市議員選舉,首次申報,1070810,宣傳支出,麗瑩行,99662733,0.00,53600.00,製作競選物品支出（扇子）,金錢,臺中市南屯區****,0930*****,
8,何文海,107年直轄市議員選舉,首次申報,1070810,人事費用支出,陳琇滿,B22*******,0.00,10000.00,工資或薪津,金錢,臺中市南屯區****,0920*****,
9,何文海,107年直轄市議員選舉,首次申報,1070810,人事費用支出,魏啟修,M10*******,0.00,35000.00,工資或薪津,金錢,臺中市南屯區****,0928*****,
10,何文海,107年直轄市議員選舉,首次申報,1070901,宣傳支出,何有騰,B12*******,0.00,65000.00,租用廣告看板或車體廣告支出,金錢,臺中市南屯區****,0966*****,
11,何文海,107年直轄市議員選舉,首次申報,1070901,宣傳支出,巫柔瑱,B22*******,0.00,80000.00,租用廣告看板或車體廣告支出,金錢,臺中市南屯區****,0919*****,
12,何文海,107年直轄市議員選舉,首次申報,1070908,宣傳支出,中北有限公司,84629758,0.00,19024.00,製作宣傳廣告支出,金錢,臺中市大里區****,04-2*****,
13,何文海,107年直轄市議員選舉,首次申報,1070910,人事費用支出,陳琇滿,B22*******,0.00,10000.00,工資或薪津,金錢,臺中市南屯區****,0920*****,
14,何文海,107年直轄市議員選舉,首次申報,1070910,人事費用支出,魏啟修,M10*******,0.00,35000.00,工資或薪津,金錢,臺中市南屯區****,0928*****,
15,何文海,107年直轄市議員選舉,首次申報,1070913,宣傳支出,麗瑩行,99662733,0.00,49000.00,製作競選物品支出（筆）,金錢,臺中市南屯區****,0930*****,
16,何文海,107年直轄市議員選舉,首次申報,1070920,宣傳支出,森輝彩色印刷公司,22222152,0.00,35912.00,製作競選物品支出（文宣）,金錢,臺中市東區建****,0932*****,
17,何文海,107年直轄市議員選舉,首次申報,1070926,宣傳支出,台中黎明郵局,52637798,0.00,1247.00,郵寄競選物品或宣傳廣告支出,金錢,臺中市南屯區****,04-2*****,
18,何文海,107年直轄市議員選舉,首次申報,1070926,宣傳支出,台中黎明郵局,52637798,0.00,8640.00,郵寄競選物品或宣傳廣告支出,金錢,臺中市南屯區****,04-2*****,
19,何文海,107年直轄市議員選舉,首次申報,1070927,宣傳支出,童妍有限公司,45145868,0.00,20000.00,製作競選物品支出（化妝品）,金錢,臺中市西區精****,04-2*****,
20,何文海,107年直轄市議員選舉,首次申報,1070927,宣傳支出,台中黎明郵局,52637798,0.00,98640.00,郵寄競選物品或宣傳廣告支出,金錢,臺中市南屯區****,04-2*****,
21,何文海,107年直轄市議員選舉,首次申報,1070930,雜支支出,龍獅爌肉飯,47615801,0.00,18800.00,餐飲費用,金錢,臺中市南屯區****,04-2*****,
22,何文海,107年直轄市議員選舉,首次申報,1071001,宣傳支出,台中黎明郵局,52637798,0.00,77402.00,郵寄競選物品或宣傳廣告支出,金錢,臺中市南屯區****,04-2*****,
23,何文海,107年直轄市議員選舉,首次申報,1071004,宣傳支出,台中黎明郵局,52637798,0.00,1360.00,郵寄競選物品或宣傳廣告支出,金錢,臺中市南屯區****,04-2*****,
24,何文海,107年直轄市議員選舉,首次申報,1071010,宣傳支出,匯芳書局,97916697,0.00,20000.00,製作競選物品支出（筆）,金錢,臺中市南屯區****,04-2*****,
25,何文海,107年直轄市議員選舉,首次申報,1071010,人事費用支出,陳琇滿,B22*******,0.00,10000.00,工資或薪津,金錢,臺中市南屯區****,0920*****,
26,何文海,107年直轄市議員選舉,首次申報,1071011,公共關係費用支出,晉雅堂,05923340,0.00,10500.00,為民服務費用,金錢,彰化縣鹿港鎮****,0592*****,
27,何文海,107年直轄市議員選舉,首次申報,1071011,宣傳支出,林之泉,96899235,0.00,34682.00,製作競選物品支出（礦泉水）,金錢,臺中市南屯區****,0422*****,
28,何文海,107年直轄市議員選舉,首次申報,1071014,宣傳支出,森輝彩色印刷公司,22222152,0.00,18400.00,製作競選物品支出（文宣）,金錢,臺中市東區建****,0932*****,
29,何文海,107年直轄市議員選舉,首次申報,1071014,集會支出,龍聖企業社,26988419,0.00,30000.00,租用設備支出,金錢,臺中市南屯區****,04-2*****,
30,何文海,107年直轄市議員選舉,首次申報,1071014,集會支出,大麵嫂小吃店,39894338,0.00,35000.00,餐飲支出,金錢,臺中市南屯區****,0912*****,
31,何文海,107年直轄市議員選舉,首次申報,1071014,集會支出,龍潭鐵架帆布行,45862755,0.00,56070.00,租用設備支出,金錢,臺中市南屯區****,0921*****,
32,何文海,107年直轄市議員選舉,首次申報,1071014,集會支出,皇家蛋糕有限公司,80638869,0.00,77000.00,餐飲支出,金錢,臺中市西屯區****,04-2*****,
33,何文海,107年直轄市議員選舉,首次申報,1071014,集會支出,五洲真正圓掌中劇團,97849240,0.00,50000.00,租用設備支出,金錢,彰化縣彰化市****,0473*****,
34,何文海,107年直轄市議員選舉,首次申報,1071014,集會支出,喬豐傳播實業社,99117875,0.00,41500.00,租用設備支出,金錢,臺中市潭子區****,04-2*****,
35,何文海,107年直轄市議員選舉,首次申報,1071015,宣傳支出,森輝彩色印刷公司,22222152,0.00,113020.00,製作競選物品支出（文宣）,金錢,臺中市東區建****,0932*****,
36,何文海,107年直轄市議員選舉,首次申報,1071015,宣傳支出,首席帆布實業有限公司,23541703,0.00,1030984.00,製作競選物品支出（帆布）,金錢,臺中市西區東****,04-2*****,
37,何文海,107年直轄市議員選舉,首次申報,1071015,宣傳支出,我形我色有限公司,28590061,0.00,10800.00,製作競選物品支出（制服）,金錢,臺中市南屯區****,04-2*****,
38,何文海,107年直轄市議員選舉,首次申報,1071016,宣傳支出,成宸國際企業有限公司,,0.00,8400.00,播送、傳送或刊登宣傳廣告支出,金錢,臺北市中山區****,02-2*****,
39,何文海,107年直轄市議員選舉,首次申報,1071016,宣傳支出,葳逸整合行銷有限公司,42717821,0.00,39900.00,委託辦理研究、評估、調查、設計或規劃支出,金錢,臺北市信義區****,02-2*****,
40,何文海,107年直轄市議員選舉,首次申報,1071016,宣傳支出,葳逸整合行銷有限公司,42717821,0.00,6300.00,委託辦理研究、評估、調查、設計或規劃支出,金錢,臺北市信義區****,02-2*****,
41,何文海,107年直轄市議員選舉,首次申報,1071016,宣傳支出,葳逸整合行銷有限公司,42717821,0.00,57750.00,委託辦理研究、評估、調查、設計或規劃支出,金錢,臺北市信義區****,02-2*****,
42,何文海,107年直轄市議員選舉,首次申報,1071024,雜支支出,中華電信股份有限公司,52003801,0.00,27912.00,電信費用,金錢,臺中市西區市****,0800*****,
43,何文海,107年直轄市議員選舉,首次申報,1071025,集會支出,上廚筵席行,18367850,0.00,60000.00,餐飲支出,金錢,臺中市西屯區****,04-2*****,
44,何文海,107年直轄市議員選舉,首次申報,1071026,租用宣傳車輛支出,鳴遠廣告社,77218224,0.00,32100.00,租用宣傳車輛支出,金錢,臺中市南屯區****,04-2*****,
45,何文海,107年直轄市議員選舉,首次申報,1071028,集會支出,龍潭鐵架帆布行,45862755,0.00,1200.00,租用設備支出,金錢,臺中市南屯區****,0921*****,
46,何文海,107年直轄市議員選舉,首次申報,1071029,集會支出,龍潭鐵架帆布行,45862755,0.00,18000.00,租用設備支出,金錢,臺中市南屯區****,0921*****,
47,何文海,107年直轄市議員選舉,首次申報,1071029,集會支出,龍潭鐵架帆布行,45862755,0.00,18100.00,租用設備支出,金錢,臺中市南屯區****,0921*****,
48,何文海,107年直轄市議員選舉,首次申報,1071029,集會支出,五洲真正圓掌中劇團,97849240,0.00,16000.00,租用設備支出,金錢,彰化縣彰化市****,04-7*****,
49,何文海,107年直轄市議員選舉,首次申報,1071030,宣傳支出,城市廣播電台股份有限公司,16872781,0.00,60000.00,播送、傳送或刊登宣傳廣告支出,金錢,臺中市南區忠****,04-2*****,
50,何文海,107年直轄市議員選舉,首次申報,1071030,宣傳支出,大千廣播電台股份有限公司,89543920,0.00,55000.00,播送、傳送或刊登宣傳廣告支出,金錢,臺中市西區台****,04-2*****,
51,何文海,107年直轄市議員選舉,首次申報,1071030,宣傳支出,樺慶國際有限公司,96907002,0.00,94920.00,製作競選物品支出（面紙）,金錢,臺中市南屯區****,04-2*****,
52,何文海,107年直轄市議員選舉,首次申報,1071031,雜支支出,龍獅爌肉飯,47615801,0.00,26000.00,餐飲費用,金錢,臺中市南屯區****,04-2*****,
53,何文海,107年直轄市議員選舉,首次申報,1071101,集會支出,龍潭鐵架帆布行,45862755,0.00,9700.00,租用設備支出,金錢,臺中市南屯區****,0921*****,
54,何文海,107年直轄市議員選舉,首次申報,1071101,宣傳支出,大千廣播電台股份有限公司,54004361,0.00,10000.00,製作宣傳廣告支出,金錢,臺中市西屯區****,04-2*****,
55,何文海,107年直轄市議員選舉,首次申報,1071101,宣傳支出,山海屯青少年之聲廣播股公司,89722629,0.00,55000.00,播送、傳送或刊登宣傳廣告支出,金錢,臺中市北屯區****,04-2*****,
56,何文海,107年直轄市議員選舉,首次申報,1071101,宣傳支出,沈冠傑,B10*******,0.00,60000.00,租用廣告看板或車體廣告支出,金錢,臺中市南屯區****,0923*****,
57,何文海,107年直轄市議員選舉,首次申報,1071102,宣傳支出,新一代時報股份有限公司,45882210,0.00,50000.00,播送、傳送或刊登宣傳廣告支出,金錢,臺中市西屯區****,04-2*****,
58,何文海,107年直轄市議員選舉,首次申報,1071103,集會支出,龍潭鐵架帆布行,45862755,0.00,3500.00,租用設備支出,金錢,臺中市南屯區****,0921*****,
59,何文海,107年直轄市議員選舉,首次申報,1071105,宣傳支出,樺果廣告有限公司,53300266,0.00,4000.00,廣告車貼廣告pvc霧膜,金錢,臺中市南屯區****,04-2*****,
60,何文海,107年直轄市議員選舉,首次申報,1071105,租用宣傳車輛支出,鳴遠廣告社,77218224,0.00,31600.00,租用宣傳車輛支出,金錢,臺中市南屯區****,04-2*****,
61,何文海,107年直轄市議員選舉,首次申報,1071105,宣傳支出,中台灣廣播電台股份有限公司,84878067,0.00,65000.00,製作宣傳廣告支出,金錢,臺中市西屯區****,04-2*****,
62,何文海,107年直轄市議員選舉,首次申報,1071106,宣傳支出,唐吉廣告,97263470,0.00,12950.00,播送、傳送或刊登宣傳廣告支出,金錢,臺中市西屯區****,04-2*****,
63,何文海,107年直轄市議員選舉,首次申報,1071108,集會支出,榮輝桌行,94938971,0.00,16000.00,餐飲支出,金錢,臺中市南屯區****,04-2*****,
64,何文海,107年直轄市議員選舉,首次申報,1071108,集會支出,五洲真正園掌中劇團,97849240,0.00,28000.00,租用設備支出,金錢,彰化縣彰化市****,04-7*****,
65,何文海,107年直轄市議員選舉,首次申報,1071109,集會支出,香美快餐,14792355,0.00,16000.00,餐飲支出,金錢,臺中市西屯區****,04-2*****,
66,何文海,107年直轄市議員選舉,首次申報,1071109,集會支出,香美快餐,14792355,0.00,15000.00,餐飲支出,金錢,臺中市西屯區****,04-2*****,
67,何文海,107年直轄市議員選舉,首次申報,1071110,集會支出,香美快餐,14792355,0.00,21500.00,餐飲支出,金錢,臺中市西屯區****,04-2*****,
68,何文海,107年直轄市議員選舉,首次申報,1071110,宣傳支出,林之泉,96899235,0.00,30996.00,製作競選物品支出（礦泉水）,金錢,臺中市南屯區****,04-2*****,
69,何文海,107年直轄市議員選舉,首次申報,1071110,人事費用支出,陳琇滿,B22*******,0.00,10000.00,工資或薪津,金錢,臺中市南屯區****,0920*****,
70,何文海,107年直轄市議員選舉,首次申報,1071110,人事費用支出,魏啟修,M10*******,0.00,35000.00,工資或薪津,金錢,臺中市南屯區****,0928*****,
71,何文海,107年直轄市議員選舉,首次申報,1071111,集會支出,香美快餐,14792355,0.00,26800.00,餐飲支出,金錢,臺中市西屯區****,04-2*****,
72,何文海,107年直轄市議員選舉,首次申報,1071111,集會支出,榮輝桌行,94938971,0.00,60000.00,餐飲支出,金錢,臺中市南屯區****,04-2*****,
73,何文海,107年直轄市議員選舉,首次申報,1071112,宣傳支出,首席帆布實業有限公司,23541703,0.00,179700.00,製作競選物品支出（噴畫帆布）,金錢,臺中市西區東****,04-2*****,
74,何文海,107年直轄市議員選舉,首次申報,1071113,集會支出,龍潭鐵架帆布行,45862755,0.00,18600.00,租用設備支出,金錢,臺中市南屯區****,0921*****,
75,何文海,107年直轄市議員選舉,首次申報,1071114,集會支出,香美快餐,14792355,0.00,25000.00,餐飲支出,金錢,臺中市西屯區****,04-2*****,
76,何文海,107年直轄市議員選舉,首次申報,1071114,集會支出,香美快餐,14792355,0.00,15000.00,餐飲支出,金錢,臺中市西屯區****,04-2*****,
77,何文海,107年直轄市議員選舉,首次申報,1071114,宣傳支出,葳逸整合行銷有限公司,42717821,0.00,21000.00,委託辦理研究、評估、調查、設計或規劃支出,金錢,臺北市信義區****,02-2*****,
78,何文海,107年直轄市議員選舉,首次申報,1071115,宣傳支出,唐吉廣告,97263470,0.00,27000.00,播送、傳送或刊登宣傳廣告支出,金錢,臺中市西屯區****,04-2*****,
79,何文海,107年直轄市議員選舉,首次申報,1071116,集會支出,榮輝桌行,94938971,0.00,20000.00,餐飲支出,金錢,臺中市南屯區****,04-2*****,
80,何文海,107年直轄市議員選舉,首次申報,1071117,集會支出,榮輝桌行,94938971,0.00,30000.00,餐飲支出,金錢,臺中市南屯區****,04-2*****,
81,何文海,107年直轄市議員選舉,首次申報,1071118,集會支出,榮輝桌行,94938971,0.00,20000.00,餐飲支出,金錢,臺中市南屯區****,04-2*****,
82,何文海,107年直轄市議員選舉,首次申報,1071119,集會支出,龍潭鐵架帆布行,45862755,0.00,23000.00,租用設備支出,金錢,臺中市南屯區****,0921*****,
83,何文海,107年直轄市議員選舉,首次申報,1071119,宣傳支出,大朋設計事業有限公司,80003710,0.00,123540.00,委託辦理研究、評估、調查、設計或規劃支出,金錢,臺中市西區民****,04-2*****,
84,何文海,107年直轄市議員選舉,首次申報,1071120,宣傳支出,宸緯資訊有限公司,70644791,0.00,100000.00,發送電信簡訊支出,金錢,雲林縣斗六市****,05-5*****,
85,何文海,107年直轄市議員選舉,首次申報,1071120,宣傳支出,金字招牌廣告社,87632735,0.00,25000.00,製作競選物品支出（廣告布條）,金錢,臺中市南屯區****,04-2*****,
86,何文海,107年直轄市議員選舉,首次申報,1071121,宣傳支出,首席帆布實業有限公司,23541703,0.00,35186.00,製作競選物品支出（帆布）,金錢,臺中市西區東****,04-2*****,
87,何文海,107年直轄市議員選舉,首次申報,1071121,集會支出,龍潭鐵架帆布行,45862755,0.00,4700.00,租用設備支出,金錢,臺中市南屯區****,0921*****,
88,何文海,107年直轄市議員選舉,首次申報,1071122,雜支支出,正忠排骨飯,63261100,0.00,2890.00,餐飲費用,金錢,臺中市南屯區****,04-2*****,
89,何文海,107年直轄市議員選舉,首次申報,1071123,宣傳支出,大朋設計事業有限公司,,0.00,18040.00,委託辦理研究、評估、調查、設計或規劃支出,金錢,臺中市西區民****,04-2*****,
90,何文海,107年直轄市議員選舉,首次申報,1071123,集會支出,香美快餐,14792355,0.00,35000.00,餐飲支出,金錢,臺中市西屯區****,04-2*****,
91,何文海,107年直轄市議員選舉,首次申報,1071123,宣傳支出,克群廣告設計社,14970013,0.00,34650.00,租用廣告看板或車體廣告支出,金錢,臺中市南屯區****,04-2*****,
92,何文海,107年直轄市議員選舉,首次申報,1071123,集會支出,龍潭鐵架帆布行,45862755,0.00,30000.00,租用設備支出,金錢,臺中市南屯區****,0921*****,
93,何文海,107年直轄市議員選舉,首次申報,1071123,雜支支出,龍獅爌肉飯,47615801,0.00,20000.00,餐飲費用,金錢,臺中市南屯區****,04-2*****,
94,何文海,107年直轄市議員選舉,首次申報,1071123,宣傳支出,經綸運通事業有限公司,54004361,0.00,10500.00,租用廣告看板或車體廣告支出,金錢,臺中市西屯區****,04-2*****,
95,何文海,107年直轄市議員選舉,首次申報,1071123,公共關係費用支出,明美鮮花店,72590194,0.00,39564.00,聯誼交際費用,金錢,臺中市南屯區****,0936*****,
96,何文海,107年直轄市議員選舉,首次申報,1071123,租用宣傳車輛支出,鳴遠廣告社,77218224,0.00,41600.00,租用宣傳車輛支出,金錢,臺中市南屯區****,04-2*****,
97,何文海,107年直轄市議員選舉,首次申報,1071123,宣傳支出,林之泉,96899235,0.00,20885.00,製作競選物品支出（礦泉水）,金錢,臺中市南屯區****,04-2*****,
98,何文海,107年直轄市議員選舉,首次申報,1071123,人事費用支出,白妙鈴,A21*******,0.00,11977.00,加班費或值班費,金錢,臺中市西區公****,0912*****,
99,何文海,107年直轄市議員選舉,首次申報,1071123,人事費用支出,林逸修,B12*******,0.00,8250.00,工資或薪津,金錢,臺中市南屯區****,0984*****,
100,何文海,107年直轄市議員選舉,首次申報,1071123,人事費用支出,何玠錚,B12*******,0.00,24594.00,工資或薪津,金錢,臺中市南屯區****,0933*****,
101,何文海,107年直轄市議員選舉,首次申報,1071123,人事費用支出,林瑞成,B12*******,0.00,19875.00,工資或薪津,金錢,臺中市南屯區****,0931*****,
102,何文海,107年直轄市議員選舉,首次申報,1071123,宣傳支出,簡朝明,B12*******,0.00,60000.00,租用廣告看板或車體廣告支出,金錢,臺中市南屯區****,04-2*****,
103,何文海,107年直轄市議員選舉,首次申報,1071123,人事費用支出,陳素珍,B20*******,0.00,8250.00,工資或薪津,金錢,臺中市南屯區****,0984*****,
104,何文海,107年直轄市議員選舉,首次申報,1071123,人事費用支出,陳琇滿,B22*******,0.00,10000.00,加班費或值班費,金錢,臺中市南屯區****,0920*****,
105,何文海,107年直轄市議員選舉,首次申報,1071123,人事費用支出,林雅琹,L22*******,0.00,15430.00,工資或薪津,金錢,臺中市南屯區****,0931*****,
106,何文海,107年直轄市議員選舉,首次申報,1071123,人事費用支出,蔣慧芳,L22*******,0.00,26919.00,工資或薪津,金錢,臺中市西區五****,0916*****,
107,何文海,107年直轄市議員選舉,首次申報,1071123,人事費用支出,魏啟修,M10*******,0.00,9864.00,加班費或值班費,金錢,臺中市南屯區****,0928*****,
108,何文海,107年直轄市議員選舉,首次申報,1071123,人事費用支出,楊文君,M22*******,0.00,12536.00,加班費或值班費,金錢,臺中市南屯區****,0933*****,
109,何文海,107年直轄市議員選舉,首次申報,1071126,集會支出,龍潭鐵架帆布行,45862755,0.00,2000.00,租用設備支出,金錢,臺中市南屯區****,0921*****,
110,何文海,107年直轄市議員選舉,首次申報,1071130,宣傳支出,賴義恩,B10*******,0.00,80000.00,租用廣告看板或車體廣告支出,金錢,臺中市南屯區****,0932*****,
111,何文海,107年直轄市議員選舉,首次申報,1071201,宣傳支出,有誠禮品社,80849983,0.00,30000.00,製作競選物品支出（筆）,金錢,臺中市西屯區****,04-2*****,
112,何文海,107年直轄市議員選舉,首次申報,1071216,宣傳支出,葳逸整合行銷有限公司,42717821,0.00,121830.00,委託辦理研究、評估、調查、設計或規劃支出,金錢,臺北市信義區****,02-2*****,
113,何文海,107年直轄市議員選舉,首次申報,1080222,返還支出,幸福停車事業有限公司,,0.00,10000.00,返還,金錢,臺中市南屯區****,0932*****,
114,何文海,107年直轄市議員選舉,首次申報,1080222,返還支出,天使花園國際有險公司,24225232,0.00,20000.00,返還,金錢,河南路段號****,,
115,何文海,107年直轄市議員選舉,首次申報,1080222,返還支出,昕旺建設有限公司,54092786,0.00,50000.00,返還,金錢,臺中市南屯區****,,
116,何文海,107年直轄市議員選舉,首次申報,1080222,返還支出,展沅建設股份有限公司,61824152,0.00,50000.00,返還,金錢,臺中市西區精****,,
117,何文海,107年直轄市議員選舉,首次申報,1080222,返還支出,吳永森,B12*******,0.00,80000.00,返還,金錢,臺中市南屯區****,0937*****,
118,何文海,107年直轄市議員選舉,首次申報,1080223,返還支出,臺灣維順工業股份有限公司,89374380,0.00,100000.00,返還,金錢,臺中市南屯區****,04-2*****,
