﻿序號,擬參選人／政黨,選舉名稱,申報序號／年度,交易日期,收支科目,捐贈者／支出對象,身分證／統一編號,收入金額,支出金額,捐贈方式,存入專戶日期,返還/繳庫,支出用途,金錢類,地址,聯絡電話,應揭露之支出對象,支出對象之內部人員姓名,支出對象之內部人員職稱,政黨之內部人員姓名,政黨之內部人員職稱,關係,更正註記,資料更正日期
1,陳冠羽,111年基隆市議員選舉,首次申報,1110913,個人捐贈收入,王清萬,,10000.00,0.00,現金,1110913,,,金錢,基隆市七堵區****,,,,,,,,,
2,陳冠羽,111年基隆市議員選舉,首次申報,1110916,個人捐贈收入,黃月英,,3000.00,0.00,現金,1110916,,,金錢,基隆市暖暖區****,,,,,,,,,
3,陳冠羽,111年基隆市議員選舉,首次申報,1111007,個人捐贈收入,莊豪隆,,1565.00,0.00,匯款,1111007,,,金錢,桃園市桃園區****,0952*****,,,,,,,,
4,陳冠羽,111年基隆市議員選舉,首次申報,1111007,匿名捐贈,匿名(822-1540129718),,500.00,0.00,匯款,1111007,,,金錢,,,,,,,,,,
5,陳冠羽,111年基隆市議員選舉,首次申報,1111007,匿名捐贈,匿名(011-3005803159),,1000.00,0.00,匯款,1111007,,,金錢,,,,,,,,,,
6,陳冠羽,111年基隆市議員選舉,首次申報,1111008,個人捐贈收入,楊舒涵,F22*******,10000.00,0.00,匯款,1111008,,,金錢,基隆市暖暖區****,0935*****,,,,,,,,
7,陳冠羽,111年基隆市議員選舉,首次申報,1111011,個人捐贈收入,陳冠竹,T12*******,36135.00,0.00,匯款,1111011,,,金錢,屏東縣屏東市****,0982*****,,,,,,,,
8,陳冠羽,111年基隆市議員選舉,首次申報,1111014,個人捐贈收入,高聖達,,10000.00,0.00,匯款,1111014,,,金錢,新北市新莊區****,0937*****,,,,,,,,
9,陳冠羽,111年基隆市議員選舉,首次申報,1111015,匿名捐贈,匿名(700-8160107588),,5000.00,0.00,匯款,1111015,,,金錢,,,,,,,,,,
10,陳冠羽,111年基隆市議員選舉,首次申報,1111015,個人捐贈收入,池夷芳,C22*******,10000.00,0.00,匯款,1111015,,,金錢,基隆市信義區****,0933*****,,,,,,,,
11,陳冠羽,111年基隆市議員選舉,首次申報,1111017,個人捐贈收入,顏秀羽,T22*******,15000.00,0.00,匯款,1111017,,,金錢,基隆市暖暖區****,0932*****,,,,,,,,
12,陳冠羽,111年基隆市議員選舉,首次申報,1111018,個人捐贈收入,蔡丁財,,500.00,0.00,現金,1111018,,,金錢,基隆市暖暖區****,0960*****,,,,,,,,
13,陳冠羽,111年基隆市議員選舉,首次申報,1111024,個人捐贈收入,葉維惠(SYAY),,1000.00,0.00,匯款,1111024,,,金錢,,0916*****,,,,,,,,
14,陳冠羽,111年基隆市議員選舉,首次申報,1111024,個人捐贈收入,林宛臻,F22*******,888.00,0.00,匯款,1111024,,,金錢,基隆市暖暖區****,0982*****,,,,,,,,
15,陳冠羽,111年基隆市議員選舉,首次申報,1111025,匿名捐贈,匿名(王乃賢),,300.00,0.00,匯款,1111025,,,金錢,,,,,,,,,,
16,陳冠羽,111年基隆市議員選舉,首次申報,1111025,個人捐贈收入,楊健生,C12*******,3000.00,0.00,現金,1111025,,,金錢,基隆市暖暖區****,0956*****,,,,,,,,
17,陳冠羽,111年基隆市議員選舉,首次申報,1111027,個人捐贈收入,郭國濱,F12*******,2000.00,0.00,現金,1111027,,,金錢,基隆市暖暖區****,,,,,,,,,
18,陳冠羽,111年基隆市議員選舉,首次申報,1111028,個人捐贈收入,王殿文,C10*******,5000.00,0.00,現金,1111028,,,金錢,基隆市水源路****,0933*****,,,,,,,,
19,陳冠羽,111年基隆市議員選舉,首次申報,1111028,個人捐贈收入,郭娟靜,C22*******,2000.00,0.00,匯款,1111028,,,金錢,基隆市中正區****,,,,,,,,,
20,陳冠羽,111年基隆市議員選舉,首次申報,1111028,個人捐贈收入,林穗英,H20*******,2500.00,0.00,現金,1111028,,,金錢,台北市士林區****,,,,,,,,,
21,陳冠羽,111年基隆市議員選舉,首次申報,1111028,個人捐贈收入,陳嘉億(天天素食),R12*******,5000.00,0.00,現金,1111028,,,金錢,基隆市暖暖區****,0987*****,,,,,,,,
22,陳冠羽,111年基隆市議員選舉,首次申報,1111029,個人捐贈收入,洪肇辰,L12*******,10000.00,0.00,現金,1111029,,,金錢,基隆市暖暖區****,0911*****,,,,,,,,
23,陳冠羽,111年基隆市議員選舉,首次申報,1111101,個人捐贈收入,劉怡真,,1000.00,0.00,匯款,1111101,,,金錢,基隆市暖暖區****,0937*****,,,,,,,,
24,陳冠羽,111年基隆市議員選舉,首次申報,1111101,匿名捐贈,匿名(822-5531351992),,2000.00,0.00,匯款,1111101,,,金錢,,,,,,,,,,
25,陳冠羽,111年基隆市議員選舉,首次申報,1111102,個人捐贈收入,余世昌,F12*******,3000.00,0.00,現金,1111102,,,金錢,基隆市暖暖街****,0910*****,,,,,,,,
26,陳冠羽,111年基隆市議員選舉,首次申報,1111104,個人捐贈收入,滿歷璋,,5000.00,0.00,匯款,1111104,,,金錢,,0919*****,,,,,,,,
27,陳冠羽,111年基隆市議員選舉,首次申報,1111104,匿名捐贈,匿名(李淑梅),,3000.00,0.00,現金,1111104,,,金錢,,,,,,,,,,
28,陳冠羽,111年基隆市議員選舉,首次申報,1111104,個人捐贈收入,陳秋霞,,3000.00,0.00,現金,1111104,,,金錢,基隆市暖暖區****,0933*****,,,,,,,,
29,陳冠羽,111年基隆市議員選舉,首次申報,1111104,個人捐贈收入,許傳財,C12*******,3000.00,0.00,現金,1111104,,,金錢,基隆市暖暖區****,,,,,,,,,
30,陳冠羽,111年基隆市議員選舉,首次申報,1111106,個人捐贈收入,余香慧,,3000.00,0.00,現金,1111106,,,金錢,基隆市暖暖街****,0902*****,,,,,,,,
31,陳冠羽,111年基隆市議員選舉,首次申報,1111106,個人捐贈收入,顧翠琴,,5000.00,0.00,現金,1111106,,,金錢,基隆市暖暖街****,0975*****,,,,,,,,
32,陳冠羽,111年基隆市議員選舉,首次申報,1111107,個人捐贈收入,賴春輝,,2000.00,0.00,現金,1111107,,,金錢,基隆市中正區****,0919*****,,,,,,,,
33,陳冠羽,111年基隆市議員選舉,首次申報,1111108,個人捐贈收入,暖暖麵店,,3000.00,0.00,現金,1111108,,,金錢,基隆市暖暖區****,,,,,,,,,
34,陳冠羽,111年基隆市議員選舉,首次申報,1111108,個人捐贈收入,楊榮川,,3000.00,0.00,現金,1111108,,,金錢,,2457*****,,,,,,,,
35,陳冠羽,111年基隆市議員選舉,首次申報,1111109,個人捐贈收入,潘忠政,,1000.00,0.00,匯款,1111109,,,金錢,,0972*****,,,,,,,,
36,陳冠羽,111年基隆市議員選舉,首次申報,1111109,個人捐贈收入,張燕珍,,3000.00,0.00,匯款,1111109,,,金錢,基隆市暖暖區****,0921*****,,,,,,,,
37,陳冠羽,111年基隆市議員選舉,首次申報,1111110,個人捐贈收入,蔡幸容,,1000.00,0.00,現金,1111110,,,金錢,,0921*****,,,,,,,,
38,陳冠羽,111年基隆市議員選舉,首次申報,1111110,個人捐贈收入,林泉印,,2000.00,0.00,現金,1111110,,,金錢,,0932*****,,,,,,,,
39,陳冠羽,111年基隆市議員選舉,首次申報,1111110,個人捐贈收入,張素鴻,,3000.00,0.00,現金,1111110,,,金錢,基隆市暖暖區****,0932*****,,,,,,,,
40,陳冠羽,111年基隆市議員選舉,首次申報,1111110,個人捐贈收入,林羿妏,F22*******,50000.00,0.00,匯款,1111110,,,金錢,基隆市暖暖區****,0912*****,,,,,,,,
41,陳冠羽,111年基隆市議員選舉,首次申報,1111111,匿名捐贈,匿名(廖純德),,2000.00,0.00,現金,1111111,,,金錢,,,,,,,,,,
42,陳冠羽,111年基隆市議員選舉,首次申報,1111111,個人捐贈收入,邱玉霞,,2500.00,0.00,,,,,非金錢,基隆市暖暖區****,0977*****,,,,,,,,
43,陳冠羽,111年基隆市議員選舉,首次申報,1111112,匿名捐贈,匿名(052-0000301059),,1000.00,0.00,現金,1111112,,,金錢,,,,,,,,,,
44,陳冠羽,111年基隆市議員選舉,首次申報,1111113,個人捐贈收入,鍾正信,,2000.00,0.00,匯款,1111113,,,金錢,基隆市安樂區****,0928*****,,,,,,,,
45,陳冠羽,111年基隆市議員選舉,首次申報,1111114,個人捐贈收入,劉吉泰,,400.00,0.00,現金,1111114,,,金錢,,0930*****,,,,,,,,
46,陳冠羽,111年基隆市議員選舉,首次申報,1111114,個人捐贈收入,陳世一,A11*******,2000.00,0.00,現金,1111114,,,金錢,基隆市中正區****,0958*****,,,,,,,,
47,陳冠羽,111年基隆市議員選舉,首次申報,1111114,個人捐贈收入,呂世昌,C12*******,2000.00,0.00,現金,1111114,,,金錢,基隆市安樂區****,0920*****,,,,,,,,
48,陳冠羽,111年基隆市議員選舉,首次申報,1111115,個人捐贈收入,賴淑玲,,2000.00,0.00,匯款,1111115,,,金錢,基隆市暖暖區****,0955*****,,,,,,,,
49,陳冠羽,111年基隆市議員選舉,首次申報,1111115,營利事業捐贈收入,有限責任基隆第一信用合作社,00280902,30000.00,0.00,票據,1111117,,,金錢,基隆市中正區****,2426*****,,,,,,,,
50,陳冠羽,111年基隆市議員選舉,首次申報,1111116,個人捐贈收入,王國緯,,3000.00,0.00,現金,1111116,,,金錢,,0932*****,,,,,,,,
51,陳冠羽,111年基隆市議員選舉,首次申報,1111116,個人捐贈收入,許文耀,,1000.00,0.00,匯款,1111116,,,金錢,基隆市安樂區****,0980*****,,,,,,,,
52,陳冠羽,111年基隆市議員選舉,首次申報,1111116,營利事業捐贈收入,浚彥企業有限公司,84540494,5491.00,0.00,匯款,1111116,,,金錢,基隆市仁愛區****,,,,,,,,,
53,陳冠羽,111年基隆市議員選舉,首次申報,1111117,個人捐贈收入,毛基生,,1000.00,0.00,現金,1111117,,,金錢,基隆市暖暖街****,0919*****,,,,,,,,
54,陳冠羽,111年基隆市議員選舉,首次申報,1111117,匿名捐贈,匿名(008-9200295477,,3000.00,0.00,匯款,1111117,,,金錢,,,,,,,,,,
55,陳冠羽,111年基隆市議員選舉,首次申報,1111118,個人捐贈收入,郭彥良,,100.00,0.00,現金,1111118,,,金錢,,0905*****,,,,,,,,
56,陳冠羽,111年基隆市議員選舉,首次申報,1111118,個人捐贈收入,郭明傑,,100.00,0.00,匯款,1111118,,,金錢,,0905*****,,,,,,,,
57,陳冠羽,111年基隆市議員選舉,首次申報,1111118,個人捐贈收入,李家福,,600.00,0.00,現金,1111118,,,金錢,基隆市暖暖區****,0935*****,,,,,,,,
58,陳冠羽,111年基隆市議員選舉,首次申報,1111121,匿名捐贈,匿名(兔前同事),,1289.00,0.00,匯款,1111121,,,金錢,,,,,,,,,,
59,陳冠羽,111年基隆市議員選舉,首次申報,1111121,個人捐贈收入,王柏雄,,1111.00,0.00,匯款,1111121,,,金錢,臺北市大安區****,0920*****,,,,,,,,
60,陳冠羽,111年基隆市議員選舉,首次申報,1111121,個人捐贈收入,王玉蘭,,10000.00,0.00,匯款,1111121,,,金錢,,0932*****,,,,,,,,
61,陳冠羽,111年基隆市議員選舉,首次申報,1111121,其他收入,利息收入,,2.00,0.00,匯款,1111121,,,金錢,,,,,,,,,,
62,陳冠羽,111年基隆市議員選舉,首次申報,1111123,個人捐贈收入,沈怡君,,5000.00,0.00,現金,1111123,,,金錢,基隆市暖暖區****,0919*****,,,,,,,,
63,陳冠羽,111年基隆市議員選舉,首次申報,1111123,個人捐贈收入,陳素麗,,2000.00,0.00,匯款,1111123,,,金錢,基隆市安樂區****,,,,,,,,,
64,陳冠羽,111年基隆市議員選舉,首次申報,1111124,個人捐贈收入,羅玉珍,,1000.00,0.00,匯款,1111124,,,金錢,基隆市暖暖區****,,,,,,,,,
65,陳冠羽,111年基隆市議員選舉,首次申報,1111125,匿名捐贈,匿名(809-6530098301),,2000.00,0.00,匯款,1111125,,,金錢,,,,,,,,,,
66,陳冠羽,111年基隆市議員選舉,首次申報,1111125,匿名捐贈,匿名(822-7540029333),,3000.00,0.00,匯款,1111125,,,金錢,,,,,,,,,,
