﻿序號,擬參選人／政黨,選舉名稱,申報序號／年度,交易日期,收支科目,捐贈者／支出對象,身分證／統一編號,收入金額,支出金額,捐贈方式,存入專戶日期,返還/繳庫,支出用途,金錢類,地址,聯絡電話,應揭露之支出對象,支出對象之內部人員姓名,支出對象之內部人員職稱,政黨之內部人員姓名,政黨之內部人員職稱,關係,更正註記,資料更正日期
1,Mulas‧Ismahasan陳慧君,111年臺北市議員選舉,首次申報,1110816,雜支支出,誠品生活,27258328,0.00,1623.00,,,,餐飲費用,金錢,,,否,,,,,,,
2,Mulas‧Ismahasan陳慧君,111年臺北市議員選舉,首次申報,1110816,交通旅運支出,台灣中油,89501415,0.00,1314.00,,,,競選活動交通油費,金錢,,,否,,,,,,,
3,Mulas‧Ismahasan陳慧君,111年臺北市議員選舉,首次申報,1110817,雜支支出,玉華實業有限公司,23147391,0.00,450.00,,,,雜項購置或修繕費用,金錢,,,否,,,,,,,
4,Mulas‧Ismahasan陳慧君,111年臺北市議員選舉,首次申報,1110824,集會支出,人性空間茶品社,01477002,0.00,2000.00,,,,場地費,金錢,新生南路段巷****,,否,,,,,,,
5,Mulas‧Ismahasan陳慧君,111年臺北市議員選舉,首次申報,1110824,人事費用支出,張苪榛,F22*******,0.00,3000.00,,,,定妝照拍攝之梳化,金錢,新北市蘆洲區****,,否,,,,,,,
6,Mulas‧Ismahasan陳慧君,111年臺北市議員選舉,首次申報,1110824,人事費用支出,王勇傑,M12*******,0.00,12000.00,,,,定裝照之攝影人員,金錢,南投縣信義鄉****,,否,,,,,,,
7,Mulas‧Ismahasan陳慧君,111年臺北市議員選舉,首次申報,1110825,雜支支出,皇昌實業社,07904495,0.00,9500.00,,,,雜項購置或修繕費用(選舉用車輛更換輪胎),金錢,,,否,,,,,,,
8,Mulas‧Ismahasan陳慧君,111年臺北市議員選舉,首次申報,1110825,雜支支出,小姑姑的店,14313974,0.00,270.00,,,,餐飲費用,金錢,,,否,,,,,,,
9,Mulas‧Ismahasan陳慧君,111年臺北市議員選舉,首次申報,1110825,交通旅運支出,世新加油站,23115927,0.00,1000.00,,,,競選活動交通油費,金錢,,,否,,,,,,,
10,Mulas‧Ismahasan陳慧君,111年臺北市議員選舉,首次申報,1110826,雜支支出,中華電信,74720187,0.00,11070.00,,,,申辦選舉使用之手機、電話(預付費用元、手機元、手機配件元),金錢,,,否,,,,,,,
11,Mulas‧Ismahasan陳慧君,111年臺北市議員選舉,首次申報,1110827,雜支支出,大呼過癮臭臭鍋,83903567,0.00,160.00,,,,餐飲費用,金錢,,,否,,,,,,,
12,Mulas‧Ismahasan陳慧君,111年臺北市議員選舉,首次申報,1110828,雜支支出,大呼過癮臭臭鍋,83903567,0.00,480.00,,,,餐飲費用,金錢,,,否,,,,,,,
13,Mulas‧Ismahasan陳慧君,111年臺北市議員選舉,首次申報,1110828,交通旅運支出,台灣中油,98971079,0.00,1000.00,,,,競選活動交通油費,金錢,桃園市龜山區****,,否,,,,,,,
14,Mulas‧Ismahasan陳慧君,111年臺北市議員選舉,首次申報,1110829,交通旅運支出,台灣中油,25390878,0.00,1760.00,,,,競選活動交通油費,金錢,,,否,,,,,,,
15,Mulas‧Ismahasan陳慧君,111年臺北市議員選舉,首次申報,1110831,宣傳支出,集藝屋,15625144,0.00,11360.00,,,,競選背心,金錢,高雄市苓雅區****,,否,,,,,,,
16,Mulas‧Ismahasan陳慧君,111年臺北市議員選舉,首次申報,1110901,交通旅運支出,台灣中油,89501415,0.00,1000.00,,,,競選活動交通油費,金錢,,,否,,,,,,,
17,Mulas‧Ismahasan陳慧君,111年臺北市議員選舉,首次申報,1110902,交通旅運支出,勝利加油站,25505956,0.00,1000.00,,,,競選活動交通油費,金錢,,,否,,,,,,,
18,Mulas‧Ismahasan陳慧君,111年臺北市議員選舉,首次申報,1110903,宣傳支出,依靠創意有限公司,52689319,0.00,3675.00,,,,印刷小卡,金錢,臺北市中正區****,,否,,,,,,,
19,Mulas‧Ismahasan陳慧君,111年臺北市議員選舉,首次申報,1110903,雜支支出,大呼過癮臭臭鍋,83903567,0.00,480.00,,,,餐飲費用,金錢,,,否,,,,,,,
20,Mulas‧Ismahasan陳慧君,111年臺北市議員選舉,首次申報,1110905,人事費用支出,陳逸軒,V12*******,0.00,40000.00,,,,競選助理,金錢,臺東縣臺東市****,,否,,,,,,,
21,Mulas‧Ismahasan陳慧君,111年臺北市議員選舉,首次申報,1110905,人事費用支出,温馨,V22*******,0.00,40000.00,,,,競選助理,金錢,臺中市西屯區****,,否,,,,,,,
22,Mulas‧Ismahasan陳慧君,111年臺北市議員選舉,首次申報,1110907,交通旅運支出,台灣中油,89501415,0.00,1340.00,,,,競選活動交通油費,金錢,,,否,,,,,,,
23,Mulas‧Ismahasan陳慧君,111年臺北市議員選舉,首次申報,1110911,交通旅運支出,台灣中油,77506365,0.00,1000.00,,,,競選活動交通油費,金錢,,,否,,,,,,,
24,Mulas‧Ismahasan陳慧君,111年臺北市議員選舉,首次申報,1110911,雜支支出,家樂福,86385308,0.00,820.00,,,,餐飲費用,金錢,,,否,,,,,,,
25,Mulas‧Ismahasan陳慧君,111年臺北市議員選舉,首次申報,1110912,交通旅運支出,大昌八八,24851780,0.00,1600.00,,,,競選活動交通油費,金錢,,,否,,,,,,,
26,Mulas‧Ismahasan陳慧君,111年臺北市議員選舉,首次申報,1110913,雜支支出,拾米聚集有限公司,42633941,0.00,1410.00,,,,餐飲費用,金錢,,,否,,,,,,,
27,Mulas‧Ismahasan陳慧君,111年臺北市議員選舉,首次申報,1110914,交通旅運支出,台灣中油,01489458,0.00,1000.00,,,,競選活動交通油費,金錢,,,否,,,,,,,
28,Mulas‧Ismahasan陳慧君,111年臺北市議員選舉,首次申報,1110914,雜支支出,原住民愛加倍餐廳,38568519,0.00,620.00,,,,餐飲費用,金錢,,,否,,,,,,,
29,Mulas‧Ismahasan陳慧君,111年臺北市議員選舉,首次申報,1110915,交通旅運支出,新東陽,26684014,0.00,260.00,,,,差旅膳宿費用,金錢,,,否,,,,,,,
30,Mulas‧Ismahasan陳慧君,111年臺北市議員選舉,首次申報,1110915,交通旅運支出,新東陽,26684014,0.00,80.00,,,,差旅膳宿費用,金錢,,,否,,,,,,,
31,Mulas‧Ismahasan陳慧君,111年臺北市議員選舉,首次申報,1110915,交通旅運支出,新東陽,26684014,0.00,160.00,,,,差旅膳宿費用,金錢,,,否,,,,,,,
32,Mulas‧Ismahasan陳慧君,111年臺北市議員選舉,首次申報,1110915,交通旅運支出,台亞石油,72769819,0.00,1057.00,,,,競選活動交通油費,金錢,,,否,,,,,,,
33,Mulas‧Ismahasan陳慧君,111年臺北市議員選舉,首次申報,1110915,交通旅運支出,台灣中油,89501415,0.00,1400.00,,,,競選活動交通油費,金錢,,,否,,,,,,,
34,Mulas‧Ismahasan陳慧君,111年臺北市議員選舉,首次申報,1110916,交通旅運支出,台灣中油,99369230,0.00,1445.00,,,,競選活動交通油費,金錢,,,否,,,,,,,
35,Mulas‧Ismahasan陳慧君,111年臺北市議員選舉,首次申報,1110917,雜支支出,統一超商,53027534,0.00,183.00,,,,餐飲費用,金錢,,,否,,,,,,,
36,Mulas‧Ismahasan陳慧君,111年臺北市議員選舉,首次申報,1110917,交通旅運支出,偉模明倫停車場,88183258,0.00,140.00,,,,停車費,金錢,,,否,,,,,,,
37,Mulas‧Ismahasan陳慧君,111年臺北市議員選舉,首次申報,1110918,交通旅運支出,俥亭停車事業股份有限公司,37958551,0.00,20.00,,,,停車費,金錢,,,否,,,,,,,
38,Mulas‧Ismahasan陳慧君,111年臺北市議員選舉,首次申報,1110918,交通旅運支出,168停車聯盟,88231625,0.00,90.00,,,,停車費,金錢,,,否,,,,,,,
39,Mulas‧Ismahasan陳慧君,111年臺北市議員選舉,首次申報,1110919,交通旅運支出,財團法人國立台灣大學校友會文化基金會校友聯誼社,05140016,0.00,120.00,,,,停車費,金錢,,,否,,,,,,,
40,Mulas‧Ismahasan陳慧君,111年臺北市議員選舉,首次申報,1110919,雜支支出,安永鮮物,88267046,0.00,620.00,,,,餐飲費用,金錢,,,否,,,,,,,
41,Mulas‧Ismahasan陳慧君,111年臺北市議員選舉,首次申報,1110920,雜支支出,小木屋鬆餅,76365726,0.00,275.00,,,,餐飲費用,金錢,,,否,,,,,,,
42,Mulas‧Ismahasan陳慧君,111年臺北市議員選舉,首次申報,1110920,雜支支出,吉野家,84310943,0.00,1051.00,,,,餐飲費用,金錢,,,否,,,,,,,
43,Mulas‧Ismahasan陳慧君,111年臺北市議員選舉,首次申報,1110921,雜支支出,麥當勞,23527603,0.00,90.00,,,,餐飲費用,金錢,,,否,,,,,,,
44,Mulas‧Ismahasan陳慧君,111年臺北市議員選舉,首次申報,1110921,交通旅運支出,陽光市民加油站,31815058,0.00,1000.00,,,,競選活動交通油費,金錢,,,否,,,,,,,
45,Mulas‧Ismahasan陳慧君,111年臺北市議員選舉,首次申報,1110921,交通旅運支出,歐特儀股份有限公司,72940220,0.00,220.00,,,,停車費,金錢,,,否,,,,,,,
46,Mulas‧Ismahasan陳慧君,111年臺北市議員選舉,首次申報,1110922,雜支支出,統一超商,27923739,0.00,220.00,,,,餐飲費用,金錢,,,否,,,,,,,
47,Mulas‧Ismahasan陳慧君,111年臺北市議員選舉,首次申報,1110922,交通旅運支出,新長越企業有限公司長安林森停車場,76878887,0.00,120.00,,,,停車費,金錢,,,否,,,,,,,
48,Mulas‧Ismahasan陳慧君,111年臺北市議員選舉,首次申報,1110922,雜支支出,甘蔗媽媽,88158238,0.00,226.00,,,,餐飲費用,金錢,,,否,,,,,,,
49,Mulas‧Ismahasan陳慧君,111年臺北市議員選舉,首次申報,1110923,交通旅運支出,財團法人國立台灣大學校友會文化基金會校友聯誼社,05140016,0.00,120.00,,,,停車費,金錢,,,否,,,,,,,
50,Mulas‧Ismahasan陳慧君,111年臺北市議員選舉,首次申報,1110923,交通旅運支出,薇閣旅館停車場,12961853,0.00,60.00,,,,停車費,金錢,,,否,,,,,,,
51,Mulas‧Ismahasan陳慧君,111年臺北市議員選舉,首次申報,1110923,雜支支出,麥當勞,70782528,0.00,100.00,,,,餐飲費用,金錢,,,否,,,,,,,
52,Mulas‧Ismahasan陳慧君,111年臺北市議員選舉,首次申報,1110924,交通旅運支出,台灣加油站,01490119,0.00,1000.00,,,,競選活動交通油費,金錢,,,否,,,,,,,
53,Mulas‧Ismahasan陳慧君,111年臺北市議員選舉,首次申報,1110924,交通旅運支出,康寧加油站,23450344,0.00,1000.00,,,,競選活動交通油費,金錢,,,否,,,,,,,
54,Mulas‧Ismahasan陳慧君,111年臺北市議員選舉,首次申報,1110924,雜支支出,阿騰小吃店,42423261,0.00,200.00,,,,餐飲費用,金錢,,,否,,,,,,,
55,Mulas‧Ismahasan陳慧君,111年臺北市議員選舉,首次申報,1110925,交通旅運支出,台灣中油,08590459,0.00,1490.00,,,,競選活動交通油費,金錢,,,否,,,,,,,
56,Mulas‧Ismahasan陳慧君,111年臺北市議員選舉,首次申報,1110926,雜支支出,美德耐,42541289,0.00,354.00,,,,餐飲費用,金錢,,,否,,,,,,,
57,Mulas‧Ismahasan陳慧君,111年臺北市議員選舉,首次申報,1110926,雜支支出,統一超商,54371653,0.00,166.00,,,,餐飲費用,金錢,,,否,,,,,,,
58,Mulas‧Ismahasan陳慧君,111年臺北市議員選舉,首次申報,1110926,雜支支出,萊爾富,54918513,0.00,250.00,,,,餐飲費用,金錢,,,否,,,,,,,
59,Mulas‧Ismahasan陳慧君,111年臺北市議員選舉,首次申報,1110926,雜支支出,萊爾富,54918513,0.00,251.00,,,,餐飲費用,金錢,,,否,,,,,,,
60,Mulas‧Ismahasan陳慧君,111年臺北市議員選舉,首次申報,1110926,雜支支出,萊爾富,54918513,0.00,190.00,,,,餐飲費用,金錢,,,否,,,,,,,
61,Mulas‧Ismahasan陳慧君,111年臺北市議員選舉,首次申報,1110926,雜支支出,萊爾富,54918513,0.00,155.00,,,,餐飲費用,金錢,,,否,,,,,,,
62,Mulas‧Ismahasan陳慧君,111年臺北市議員選舉,首次申報,1110927,交通旅運支出,台灣中油,25390878,0.00,500.00,,,,競選活動交通油費,金錢,,,否,,,,,,,
63,Mulas‧Ismahasan陳慧君,111年臺北市議員選舉,首次申報,1110927,交通旅運支出,台灣中油,38443075,0.00,500.00,,,,競選活動交通油費,金錢,,,否,,,,,,,
64,Mulas‧Ismahasan陳慧君,111年臺北市議員選舉,首次申報,1110927,人事費用支出,畢馬‧丹璽給安,U12*******,0.00,21000.00,,,,競選團隊工作人員,金錢,新北市樹林區****,,否,,,,,,,
65,Mulas‧Ismahasan陳慧君,111年臺北市議員選舉,首次申報,1110928,集會支出,莎霏原味屋,25656784,0.00,2730.00,,,,餐飲費用,金錢,,,否,,,,,,,
66,Mulas‧Ismahasan陳慧君,111年臺北市議員選舉,首次申報,1110928,交通旅運支出,廣明平面停車場,85359416,0.00,120.00,,,,停車費,金錢,,,否,,,,,,,
67,Mulas‧Ismahasan陳慧君,111年臺北市議員選舉,首次申報,1110929,雜支支出,麥當勞,23527603,0.00,324.00,,,,餐飲費用,金錢,,,否,,,,,,,
68,Mulas‧Ismahasan陳慧君,111年臺北市議員選舉,首次申報,1110929,雜支支出,誠品生活,27258328,0.00,495.00,,,,餐飲費用,金錢,,,否,,,,,,,
69,Mulas‧Ismahasan陳慧君,111年臺北市議員選舉,首次申報,1110929,雜支支出,統一時代百貨,28994845,0.00,480.00,,,,餐飲費用,金錢,,,否,,,,,,,
70,Mulas‧Ismahasan陳慧君,111年臺北市議員選舉,首次申報,1110929,雜支支出,全家便利商店,85373058,0.00,184.00,,,,餐飲費用,金錢,,,否,,,,,,,
71,Mulas‧Ismahasan陳慧君,111年臺北市議員選舉,首次申報,1110929,交通旅運支出,嘟嘟房,88237331,0.00,220.00,,,,停車費,金錢,,,否,,,,,,,
72,Mulas‧Ismahasan陳慧君,111年臺北市議員選舉,首次申報,1110929,交通旅運支出,台灣中油,89501415,0.00,1650.00,,,,競選活動交通油費,金錢,,,否,,,,,,,
73,Mulas‧Ismahasan陳慧君,111年臺北市議員選舉,首次申報,1110930,交通旅運支出,台灣中油,35068309,0.00,500.00,,,,油資,金錢,,,否,,,,,,,
74,Mulas‧Ismahasan陳慧君,111年臺北市議員選舉,首次申報,1110930,雜支支出,原住民愛加倍餐廳,38568519,0.00,430.00,,,,餐飲費用,金錢,,,否,,,,,,,
75,Mulas‧Ismahasan陳慧君,111年臺北市議員選舉,首次申報,1110930,交通旅運支出,日月亭股份有限公司,42386110,0.00,60.00,,,,停車費,金錢,,,否,,,,,,,
76,Mulas‧Ismahasan陳慧君,111年臺北市議員選舉,首次申報,1111001,交通旅運支出,康寧加油站,23450344,0.00,1000.00,,,,競選活動交通油費,金錢,,,否,,,,,,,
77,Mulas‧Ismahasan陳慧君,111年臺北市議員選舉,首次申報,1111003,雜支支出,五桐號,53358392,0.00,155.00,,,,餐飲費用,金錢,,,否,,,,,,,
78,Mulas‧Ismahasan陳慧君,111年臺北市議員選舉,首次申報,1111003,交通旅運支出,甲東加油站,84200636,0.00,1000.00,,,,競選活動交通油費,金錢,,,否,,,,,,,
79,Mulas‧Ismahasan陳慧君,111年臺北市議員選舉,首次申報,1111004,交通旅運支出,台灣中油,89501415,0.00,1620.00,,,,競選活動交通油費,金錢,,,否,,,,,,,
80,Mulas‧Ismahasan陳慧君,111年臺北市議員選舉,首次申報,1111005,人事費用支出,陳逸軒,V12*******,0.00,40000.00,,,,競選助理,金錢,臺東縣臺東市****,,否,,,,,,,
81,Mulas‧Ismahasan陳慧君,111年臺北市議員選舉,首次申報,1111005,人事費用支出,温馨,V22*******,0.00,40000.00,,,,競選助理,金錢,臺中市西屯區****,,否,,,,,,,
82,Mulas‧Ismahasan陳慧君,111年臺北市議員選舉,首次申報,1111006,雜支支出,久順汽車有限公司,16680382,0.00,3098.00,,,,雜項購置或修繕費用(選舉用車定期保養),金錢,,,否,,,,,,,
83,Mulas‧Ismahasan陳慧君,111年臺北市議員選舉,首次申報,1111006,交通旅運支出,台灣中油,35005993,0.00,1000.00,,,,競選活動交通油費,金錢,,,否,,,,,,,
84,Mulas‧Ismahasan陳慧君,111年臺北市議員選舉,首次申報,1111007,交通旅運支出,緻圓(股)公司,80660475,0.00,175.00,,,,停車費,金錢,,,否,,,,,,,
85,Mulas‧Ismahasan陳慧君,111年臺北市議員選舉,首次申報,1111007,集會支出,緻圓股份有限公司,80660475,0.00,847.00,,,,餐飲費用,金錢,,,否,,,,,,,
86,Mulas‧Ismahasan陳慧君,111年臺北市議員選舉,首次申報,1111007,交通旅運支出,台灣中油,89501415,0.00,830.00,,,,競選活動交通油費,金錢,高雄市旗山區****,,否,,,,,,,
87,Mulas‧Ismahasan陳慧君,111年臺北市議員選舉,首次申報,1111008,交通旅運支出,台灣中油,01113299,0.00,1600.00,,,,競選活動交通油費,金錢,,,否,,,,,,,
88,Mulas‧Ismahasan陳慧君,111年臺北市議員選舉,首次申報,1111008,交通旅運支出,台灣中油,01113299,0.00,1000.00,,,,競選活動交通油費,金錢,,,否,,,,,,,
89,Mulas‧Ismahasan陳慧君,111年臺北市議員選舉,首次申報,1111008,交通旅運支出,臺北文創開發股份有限公司,28973905,0.00,90.00,,,,停車費,金錢,,,否,,,,,,,
90,Mulas‧Ismahasan陳慧君,111年臺北市議員選舉,首次申報,1111008,交通旅運支出,和雲行動服務,88249982,0.00,40.00,,,,停車費,金錢,,,否,,,,,,,
91,Mulas‧Ismahasan陳慧君,111年臺北市議員選舉,首次申報,1111011,交通旅運支出,台灣聯通,26286304,0.00,150.00,,,,停車費,金錢,,,否,,,,,,,
92,Mulas‧Ismahasan陳慧君,111年臺北市議員選舉,首次申報,1111011,雜支支出,家樂福,27257881,0.00,36900.00,,,,雜項購置或修繕費用(acer筆電選舉工具使用),金錢,臺北市內湖區****,,否,,,,,,,
93,Mulas‧Ismahasan陳慧君,111年臺北市議員選舉,首次申報,1111011,雜支支出,家樂福,27257881,0.00,15319.00,,,,雜項購置或修繕費用(硬碟X),金錢,臺北市內湖區****,,否,,,,,,,
94,Mulas‧Ismahasan陳慧君,111年臺北市議員選舉,首次申報,1111011,交通旅運支出,上洲停車場,72882093,0.00,120.00,,,,停車費,金錢,,,否,,,,,,,
95,Mulas‧Ismahasan陳慧君,111年臺北市議員選舉,首次申報,1111012,交通旅運支出,陽光市民加油站,31815058,0.00,1000.00,,,,競選活動交通油費,金錢,,,否,,,,,,,
96,Mulas‧Ismahasan陳慧君,111年臺北市議員選舉,首次申報,1111012,交通旅運支出,廣朋實業股份有限公司,72963953,0.00,210.00,,,,停車費,金錢,,,否,,,,,,,
97,Mulas‧Ismahasan陳慧君,111年臺北市議員選舉,首次申報,1111012,交通旅運支出,泉好加油站,80045789,0.00,1500.00,,,,競選活動交通油費,金錢,,,否,,,,,,,
98,Mulas‧Ismahasan陳慧君,111年臺北市議員選舉,首次申報,1111014,交通旅運支出,台灣中油,89501415,0.00,1520.00,,,,競選活動交通油費,金錢,,,否,,,,,,,
99,Mulas‧Ismahasan陳慧君,111年臺北市議員選舉,首次申報,1111015,宣傳支出,學事所企業社,29231901,0.00,10420.00,,,,製作競選物品或宣傳廣告費用（印刷邀請卡）,金錢,,,否,,,,,,,
100,Mulas‧Ismahasan陳慧君,111年臺北市議員選舉,首次申報,1111015,交通旅運支出,全國加油站,80981785,0.00,1000.00,,,,競選活動交通油費,金錢,,,否,,,,,,,
101,Mulas‧Ismahasan陳慧君,111年臺北市議員選舉,首次申報,1111016,交通旅運支出,台灣中油,08590459,0.00,1080.00,,,,競選活動交通油費,金錢,,,否,,,,,,,
102,Mulas‧Ismahasan陳慧君,111年臺北市議員選舉,首次申報,1111016,集會支出,巴蜀餐館,29209138,0.00,480.00,,,,餐飲費用,金錢,,,否,,,,,,,
103,Mulas‧Ismahasan陳慧君,111年臺北市議員選舉,首次申報,1111016,交通旅運支出,台亞石油,72769819,0.00,500.00,,,,競選活動交通油費,金錢,,,否,,,,,,,
104,Mulas‧Ismahasan陳慧君,111年臺北市議員選舉,首次申報,1111017,雜支支出,中華電信,19762247,0.00,2442.00,,,,電信費用(//至//),金錢,,,否,,,,,,,
105,Mulas‧Ismahasan陳慧君,111年臺北市議員選舉,首次申報,1111017,宣傳支出,捷創廣告有限公司,65235917,0.00,468300.00,,,,公車廣告,金錢,新北市林口區****,,否,,,,,,,
106,Mulas‧Ismahasan陳慧君,111年臺北市議員選舉,首次申報,1111018,交通旅運支出,台灣普客二四股份有限公司,28858068,0.00,210.00,,,,停車費,金錢,,,否,,,,,,,
107,Mulas‧Ismahasan陳慧君,111年臺北市議員選舉,首次申報,1111018,交通旅運支出,柑園加油站,86109280,0.00,1000.00,,,,競選活動交通油費,金錢,,,否,,,,,,,
108,Mulas‧Ismahasan陳慧君,111年臺北市議員選舉,首次申報,1111018,雜支支出,藝群印刷品有限公司,97309102,0.00,315.00,,,,雜項購置或修繕費用,金錢,,,否,,,,,,,
109,Mulas‧Ismahasan陳慧君,111年臺北市議員選舉,首次申報,1111019,雜支支出,霸味薑母鴨,25514619,0.00,1200.00,,,,餐飲費用,金錢,,,否,,,,,,,
110,Mulas‧Ismahasan陳慧君,111年臺北市議員選舉,首次申報,1111019,交通旅運支出,台灣中油,89501415,0.00,1360.00,,,,競選活動交通油費,金錢,,,否,,,,,,,
111,Mulas‧Ismahasan陳慧君,111年臺北市議員選舉,首次申報,1111019,雜支支出,阿春飲食店,99618977,0.00,750.00,,,,餐飲費用,金錢,,,否,,,,,,,
112,Mulas‧Ismahasan陳慧君,111年臺北市議員選舉,首次申報,1111020,交通旅運支出,洋洋加油站,15533855,0.00,1350.00,,,,競選活動交通油費,金錢,,,否,,,,,,,
113,Mulas‧Ismahasan陳慧君,111年臺北市議員選舉,首次申報,1111020,交通旅運支出,高灣高速鐵路股份有限公司,16446274,0.00,7400.00,,,,左營→南港元x人+元x人(後援會成立，家族北上表演獻上祝福之交通旅費),金錢,,,否,,,,,,,
114,Mulas‧Ismahasan陳慧君,111年臺北市議員選舉,首次申報,1111020,交通旅運支出,高灣高速鐵路股份有限公司,16446274,0.00,7400.00,,,,南港→左營元x人+元x人(後援會成立，家族北上表演獻上祝福之交通旅費),金錢,,,否,,,,,,,
115,Mulas‧Ismahasan陳慧君,111年臺北市議員選舉,首次申報,1111020,交通旅運支出,高灣高速鐵路股份有限公司,16446274,0.00,725.00,,,,後援會成立，家族北上表演獻上祝福 之交通旅費,金錢,,,否,,,,,,,
116,Mulas‧Ismahasan陳慧君,111年臺北市議員選舉,首次申報,1111020,交通旅運支出,康寧加油站,23450344,0.00,1000.00,,,,競選活動交通油費,金錢,,,否,,,,,,,
117,Mulas‧Ismahasan陳慧君,111年臺北市議員選舉,首次申報,1111020,雜支支出,亞印文件科技股份有限公司,31900337,0.00,137.00,,,,雜項購置或修繕費用,金錢,,,否,,,,,,,
118,Mulas‧Ismahasan陳慧君,111年臺北市議員選舉,首次申報,1111020,雜支支出,拿坡里,42526549,0.00,740.00,,,,餐飲費用,金錢,,,否,,,,,,,
119,Mulas‧Ismahasan陳慧君,111年臺北市議員選舉,首次申報,1111020,人事費用支出,幸凱,H12*******,0.00,800.00,,,,後援會成立工作人員元x小時,金錢,南投縣信義鄉****,,否,,,,,,,
120,Mulas‧Ismahasan陳慧君,111年臺北市議員選舉,首次申報,1111020,人事費用支出,李美欣,U22*******,0.00,800.00,,,,後援會成立工作人員元x小時,金錢,臺北市中山區****,,否,,,,,,,
121,Mulas‧Ismahasan陳慧君,111年臺北市議員選舉,首次申報,1111020,人事費用支出,讀禧固‧庫穗,V22*******,0.00,800.00,,,,後援會成立工作人員元x小時,金錢,臺東縣卑南鄉****,,否,,,,,,,
122,Mulas‧Ismahasan陳慧君,111年臺北市議員選舉,首次申報,1111021,交通旅運支出,台灣中油,01802112,0.00,500.00,,,,競選活動交通油費,金錢,,,否,,,,,,,
123,Mulas‧Ismahasan陳慧君,111年臺北市議員選舉,首次申報,1111021,交通旅運支出,台灣中油,38443075,0.00,500.00,,,,競選活動交通油費,金錢,,,否,,,,,,,
124,Mulas‧Ismahasan陳慧君,111年臺北市議員選舉,首次申報,1111021,交通旅運支出,永固便利停車股份有限公司,48699146,0.00,120.00,,,,停車費,金錢,,,否,,,,,,,
125,Mulas‧Ismahasan陳慧君,111年臺北市議員選舉,首次申報,1111021,交通旅運支出,緻圓(股)公司,80660475,0.00,125.00,,,,停車費,金錢,,,否,,,,,,,
126,Mulas‧Ismahasan陳慧君,111年臺北市議員選舉,首次申報,1111022,交通旅運支出,應安有限公司,48556858,0.00,220.00,,,,停車費,金錢,,,否,,,,,,,
127,Mulas‧Ismahasan陳慧君,111年臺北市議員選舉,首次申報,1111023,交通旅運支出,台灣中油,01802099,0.00,1700.00,,,,競選活動交通油費,金錢,,,否,,,,,,,
128,Mulas‧Ismahasan陳慧君,111年臺北市議員選舉,首次申報,1111025,雜支支出,中華電信,19762247,0.00,567.00,,,,電信費用(//至//),金錢,,,否,,,,,,,
129,Mulas‧Ismahasan陳慧君,111年臺北市議員選舉,首次申報,1111026,交通旅運支出,國立台灣大學臨時停車場,18384226,0.00,180.00,,,,停車費,金錢,,,否,,,,,,,
130,Mulas‧Ismahasan陳慧君,111年臺北市議員選舉,首次申報,1111026,交通旅運支出,台灣中油,38414439,0.00,1000.00,,,,競選活動交通油費,金錢,,,否,,,,,,,
131,Mulas‧Ismahasan陳慧君,111年臺北市議員選舉,首次申報,1111026,交通旅運支出,台灣中油,89501415,0.00,1550.00,,,,競選活動交通油費,金錢,,,否,,,,,,,
132,Mulas‧Ismahasan陳慧君,111年臺北市議員選舉,首次申報,1111027,交通旅運支出,遠東開發室內裝潢股份有限公司,50562032,0.00,75.00,,,,停車費,金錢,,,否,,,,,,,
133,Mulas‧Ismahasan陳慧君,111年臺北市議員選舉,首次申報,1111028,交通旅運支出,台灣中油,01490119,0.00,1000.00,,,,競選活動交通油費,金錢,,,否,,,,,,,
134,Mulas‧Ismahasan陳慧君,111年臺北市議員選舉,首次申報,1111028,宣傳支出,經典數位印刷有限公司,76905744,0.00,4043.00,,,,文宣貼紙,金錢,新北市中和區****,,否,,,,,,,
135,Mulas‧Ismahasan陳慧君,111年臺北市議員選舉,首次申報,1111028,交通旅運支出,墾海育樂中心有限公司台北辦事處,88317910,0.00,50.00,,,,停車費,金錢,,,否,,,,,,,
136,Mulas‧Ismahasan陳慧君,111年臺北市議員選舉,首次申報,1111029,交通旅運支出,永固便利停車股份有限公司,21738716,0.00,60.00,,,,停車費,金錢,,,否,,,,,,,
137,Mulas‧Ismahasan陳慧君,111年臺北市議員選舉,首次申報,1111030,交通旅運支出,康寧加油站,23450344,0.00,1000.00,,,,競選活動交通油費,金錢,,,否,,,,,,,
138,Mulas‧Ismahasan陳慧君,111年臺北市議員選舉,首次申報,1111030,雜支支出,吉野家,24930238,0.00,657.00,,,,餐飲費用,金錢,,,否,,,,,,,
139,Mulas‧Ismahasan陳慧君,111年臺北市議員選舉,首次申報,1111030,交通旅運支出,勝利加油站,25505956,0.00,1000.00,,,,競選活動油資費用,金錢,,,否,,,,,,,
140,Mulas‧Ismahasan陳慧君,111年臺北市議員選舉,首次申報,1111031,雜支支出,家樂福,27257881,0.00,1614.00,,,,餐飲費用,金錢,,,否,,,,,,,
141,Mulas‧Ismahasan陳慧君,111年臺北市議員選舉,首次申報,1111031,宣傳支出,捷創廣告有限公司,65235917,0.00,189000.00,,,,公車廣告(車背),金錢,新北市林口區****,,否,,,,,,,
142,Mulas‧Ismahasan陳慧君,111年臺北市議員選舉,首次申報,1111101,雜支支出,大膳廚美食坊,48863103,0.00,300.00,,,,餐飲費用,金錢,,,否,,,,,,,
143,Mulas‧Ismahasan陳慧君,111年臺北市議員選舉,首次申報,1111102,雜支支出,四如小吃店,13827840,0.00,325.00,,,,餐飲費用,金錢,,,否,,,,,,,
144,Mulas‧Ismahasan陳慧君,111年臺北市議員選舉,首次申報,1111102,雜支支出,大膳廚美食坊,48863103,0.00,300.00,,,,餐飲費用,金錢,,,否,,,,,,,
145,Mulas‧Ismahasan陳慧君,111年臺北市議員選舉,首次申報,1111102,交通旅運支出,東展企業有限公司中華營業所,77064614,0.00,150.00,,,,停車費,金錢,,,否,,,,,,,
146,Mulas‧Ismahasan陳慧君,111年臺北市議員選舉,首次申報,1111102,交通旅運支出,統一精工,80939611,0.00,1000.00,,,,競選活動油資費用,金錢,,,否,,,,,,,
147,Mulas‧Ismahasan陳慧君,111年臺北市議員選舉,首次申報,1111102,交通旅運支出,偉模明倫停車場,88183258,0.00,15.00,,,,停車費,金錢,,,否,,,,,,,
148,Mulas‧Ismahasan陳慧君,111年臺北市議員選舉,首次申報,1111104,宣傳支出,飛馬影印社,01402609,0.00,1200.00,,,,文宣影印,金錢,,,否,,,,,,,
149,Mulas‧Ismahasan陳慧君,111年臺北市議員選舉,首次申報,1111104,集會支出,家樂福,27946819,0.00,1041.00,,,,餐飲費用,金錢,,,否,,,,,,,
150,Mulas‧Ismahasan陳慧君,111年臺北市議員選舉,首次申報,1111105,宣傳支出,南港郵局,,0.00,5630.00,,,,郵資券,金錢,臺北市南港區****,,否,,,,,,,
151,Mulas‧Ismahasan陳慧君,111年臺北市議員選舉,首次申報,1111105,宣傳支出,三位一體影像整合行銷工作室,88219896,0.00,25000.00,,,,競選平面攝影費,金錢,臺北市中正區****,,否,,,,,,,
152,Mulas‧Ismahasan陳慧君,111年臺北市議員選舉,首次申報,1111105,宣傳支出,三位一體影像整合行銷工作室,88219896,0.00,30000.00,,,,競選動態攝影費,金錢,臺北市中正區****,,否,,,,,,,
153,Mulas‧Ismahasan陳慧君,111年臺北市議員選舉,首次申報,1111105,人事費用支出,陳逸軒,V12*******,0.00,40000.00,,,,競選助理,金錢,臺東縣臺東市****,,否,,,,,,,
154,Mulas‧Ismahasan陳慧君,111年臺北市議員選舉,首次申報,1111105,人事費用支出,温馨,V22*******,0.00,40000.00,,,,競選助理,金錢,臺中市西屯區****,,否,,,,,,,
155,Mulas‧Ismahasan陳慧君,111年臺北市議員選舉,首次申報,1111106,雜支支出,東悅一碗小肥羊',02926196,0.00,850.00,,,,餐飲費用,金錢,,,否,,,,,,,
156,Mulas‧Ismahasan陳慧君,111年臺北市議員選舉,首次申報,1111106,交通旅運支出,華城加油站,89327768,0.00,1139.00,,,,競選活動交通油費,金錢,,,否,,,,,,,
157,Mulas‧Ismahasan陳慧君,111年臺北市議員選舉,首次申報,1111107,宣傳支出,臺北復興橋郵局,,0.00,8575.00,,,,郵資券,金錢,臺北市中正區****,,否,,,,,,,
158,Mulas‧Ismahasan陳慧君,111年臺北市議員選舉,首次申報,1111107,雜支支出,大膳廚美食坊,48863103,0.00,300.00,,,,餐飲費用,金錢,,,否,,,,,,,
159,Mulas‧Ismahasan陳慧君,111年臺北市議員選舉,首次申報,1111107,宣傳支出,潤豐創意行銷有限公司/潤嘉實業有限公司,83797587,0.00,75600.00,,,,面紙、口罩,金錢,新北市中和區****,,否,,,,,,,
160,Mulas‧Ismahasan陳慧君,111年臺北市議員選舉,首次申報,1111108,雜支支出,肯德基,27935340,0.00,447.00,,,,餐飲費用,金錢,,,否,,,,,,,
161,Mulas‧Ismahasan陳慧君,111年臺北市議員選舉,首次申報,1111108,交通旅運支出,台灣中油,84200636,0.00,500.00,,,,競選活動交通油費,金錢,臺中市外埔區****,,否,,,,,,,
162,Mulas‧Ismahasan陳慧君,111年臺北市議員選舉,首次申報,1111108,交通旅運支出,正好停,88232292,0.00,200.00,,,,停車費,金錢,,,否,,,,,,,
163,Mulas‧Ismahasan陳慧君,111年臺北市議員選舉,首次申報,1111110,交通旅運支出,正好停,88095810,0.00,60.00,,,,停車費,金錢,,,否,,,,,,,
164,Mulas‧Ismahasan陳慧君,111年臺北市議員選舉,首次申報,1111110,宣傳支出,三位一體影像整合行銷工作室,88219896,0.00,35000.00,,,,競選社群行銷費,金錢,臺北市中正區****,,否,,,,,,,
165,Mulas‧Ismahasan陳慧君,111年臺北市議員選舉,首次申報,1111110,交通旅運支出,台灣中油,89501415,0.00,1720.00,,,,競選活動交通油費,金錢,高雄市旗山區****,,否,,,,,,,
166,Mulas‧Ismahasan陳慧君,111年臺北市議員選舉,首次申報,1111111,交通旅運支出,愛馬屋停車股份有限公司中崙場營業所,72962238,0.00,100.00,,,,停車費,金錢,,,否,,,,,,,
167,Mulas‧Ismahasan陳慧君,111年臺北市議員選舉,首次申報,1111112,交通旅運支出,新長越企業有限公司,31882892,0.00,175.00,,,,停車費,金錢,,,否,,,,,,,
168,Mulas‧Ismahasan陳慧君,111年臺北市議員選舉,首次申報,1111112,交通旅運支出,台灣中油,38443075,0.00,1000.00,,,,競選活動交通油費,金錢,,,否,,,,,,,
169,Mulas‧Ismahasan陳慧君,111年臺北市議員選舉,首次申報,1111113,集會支出,梁社漢排骨飯,48991682,0.00,556.00,,,,餐飲費用,金錢,,,否,,,,,,,
170,Mulas‧Ismahasan陳慧君,111年臺北市議員選舉,首次申報,1111113,交通旅運支出,普客二四停車場股份有限公司,77944132,0.00,120.00,,,,停車費,金錢,,,否,,,,,,,
171,Mulas‧Ismahasan陳慧君,111年臺北市議員選舉,首次申報,1111114,交通旅運支出,新長越企業有限公司重慶南路停車場,38649490,0.00,30.00,,,,停車費,金錢,,,否,,,,,,,
172,Mulas‧Ismahasan陳慧君,111年臺北市議員選舉,首次申報,1111114,交通旅運支出,禾典實業長春站,42398761,0.00,120.00,,,,停車費,金錢,,,否,,,,,,,
173,Mulas‧Ismahasan陳慧君,111年臺北市議員選舉,首次申報,1111114,人事費用支出,李美欣,U22*******,0.00,4200.00,,,,發放文宣工作元x小時,金錢,臺北市中山區****,,否,,,,,,,
174,Mulas‧Ismahasan陳慧君,111年臺北市議員選舉,首次申報,1111115,雜支支出,中華電信,19762247,0.00,1936.00,,,,電信費用(//至//),金錢,,,否,,,,,,,
175,Mulas‧Ismahasan陳慧君,111年臺北市議員選舉,首次申報,1111115,交通旅運支出,臺北文創開發股份有限公司,28973905,0.00,100.00,,,,停車費,金錢,,,否,,,,,,,
176,Mulas‧Ismahasan陳慧君,111年臺北市議員選舉,首次申報,1111115,交通旅運支出,車容坊中華路站,82169687,0.00,1000.00,,,,競選活動交通油費,金錢,,,否,,,,,,,
177,Mulas‧Ismahasan陳慧君,111年臺北市議員選舉,首次申報,1111117,宣傳支出,兆揚影印裝訂行,31701007,0.00,285.00,,,,影印文宣,金錢,,,否,,,,,,,
178,Mulas‧Ismahasan陳慧君,111年臺北市議員選舉,首次申報,1111117,雜支支出,優是數位文創有限公司,54712884,0.00,400.00,,,,雜項購置或修繕費用,金錢,,,否,,,,,,,
179,Mulas‧Ismahasan陳慧君,111年臺北市議員選舉,首次申報,1111117,宣傳支出,尚揚廠辦器材有限公司,86198950,0.00,360.00,,,,文宣貼紙,金錢,,,否,,,,,,,
180,Mulas‧Ismahasan陳慧君,111年臺北市議員選舉,首次申報,1111118,雜支支出,皇昌實業社,07904495,0.00,12800.00,,,,雜項購置或修繕費用(選舉用車輛更換輪胎),金錢,,,否,,,,,,,
181,Mulas‧Ismahasan陳慧君,111年臺北市議員選舉,首次申報,1111118,交通旅運支出,台灣中油,38443075,0.00,1000.00,,,,競選活動交通油費,金錢,,,否,,,,,,,
182,Mulas‧Ismahasan陳慧君,111年臺北市議員選舉,首次申報,1111118,交通旅運支出,嘟嘟房,42484554,0.00,65.00,,,,停車費,金錢,,,否,,,,,,,
183,Mulas‧Ismahasan陳慧君,111年臺北市議員選舉,首次申報,1111118,雜支支出,麥當勞,97179760,0.00,547.00,,,,餐飲費用,金錢,,,否,,,,,,,
184,Mulas‧Ismahasan陳慧君,111年臺北市議員選舉,首次申報,1111119,宣傳支出,內湖郵局,,0.00,3720.00,,,,郵資券,金錢,臺北市內湖區****,,否,,,,,,,
185,Mulas‧Ismahasan陳慧君,111年臺北市議員選舉,首次申報,1111119,交通旅運支出,台灣中油,08590459,0.00,1000.00,,,,競選活動交通油費,金錢,,,否,,,,,,,
186,Mulas‧Ismahasan陳慧君,111年臺北市議員選舉,首次申報,1111119,雜支支出,鑫樂便當店,31859225,0.00,470.00,,,,餐飲費用,金錢,,,否,,,,,,,
187,Mulas‧Ismahasan陳慧君,111年臺北市議員選舉,首次申報,1111119,交通旅運支出,台灣中油,47426793,0.00,1500.00,,,,競選活動交通油費,金錢,雲林縣古坑鄉****,,否,,,,,,,
188,Mulas‧Ismahasan陳慧君,111年臺北市議員選舉,首次申報,1111120,交通旅運支出,台灣中油,08590444,0.00,1000.00,,,,競選活動交通油費,金錢,臺北市康寧路****,,否,,,,,,,
189,Mulas‧Ismahasan陳慧君,111年臺北市議員選舉,首次申報,1111120,集會支出,八方雲集,10330732,0.00,206.00,,,,餐飲費用,金錢,,,否,,,,,,,
190,Mulas‧Ismahasan陳慧君,111年臺北市議員選舉,首次申報,1111120,雜支支出,全家便利商店,24796859,0.00,211.00,,,,餐飲費用,金錢,,,否,,,,,,,
191,Mulas‧Ismahasan陳慧君,111年臺北市議員選舉,首次申報,1111120,交通旅運支出,嘟嘟房,88185220,0.00,90.00,,,,停車費,金錢,,,否,,,,,,,
192,Mulas‧Ismahasan陳慧君,111年臺北市議員選舉,首次申報,1111121,宣傳支出,南港郵局,,0.00,10476.00,,,,郵寄競選物品或宣傳廣告費用,金錢,臺北市南港區****,,否,,,,,,,
193,Mulas‧Ismahasan陳慧君,111年臺北市議員選舉,首次申報,1111121,雜支支出,統一超商,16432927,0.00,128.00,,,,餐飲費用,金錢,,,否,,,,,,,
194,Mulas‧Ismahasan陳慧君,111年臺北市議員選舉,首次申報,1111121,交通旅運支出,東展企業有限公司中華營業所,77064614,0.00,180.00,,,,停車費,金錢,,,否,,,,,,,
195,Mulas‧Ismahasan陳慧君,111年臺北市議員選舉,首次申報,1111121,雜支支出,藝群印刷品有限公司,97309102,0.00,515.00,,,,雜項購置或修繕費用,金錢,,,否,,,,,,,
196,Mulas‧Ismahasan陳慧君,111年臺北市議員選舉,首次申報,1111122,宣傳支出,南港郵局,,0.00,10840.00,,,,郵資券,金錢,臺北市南港區****,,否,,,,,,,
197,Mulas‧Ismahasan陳慧君,111年臺北市議員選舉,首次申報,1111122,雜支支出,全家便利商店,16083553,0.00,174.00,,,,餐飲費用,金錢,,,否,,,,,,,
198,Mulas‧Ismahasan陳慧君,111年臺北市議員選舉,首次申報,1111122,雜支支出,統一超商,16846601,0.00,192.00,,,,餐飲費用,金錢,,,否,,,,,,,
199,Mulas‧Ismahasan陳慧君,111年臺北市議員選舉,首次申報,1111122,交通旅運支出,柑園迴龍二站,41246871,0.00,1000.00,,,,競選活動交通油費,金錢,,,否,,,,,,,
200,Mulas‧Ismahasan陳慧君,111年臺北市議員選舉,首次申報,1111123,宣傳支出,南港郵局,,0.00,1100.00,,,,郵資卷,金錢,臺北市南港區****,,否,,,,,,,
201,Mulas‧Ismahasan陳慧君,111年臺北市議員選舉,首次申報,1111123,雜支支出,統一超商,16443157,0.00,70.00,,,,餐飲費用,金錢,,,否,,,,,,,
202,Mulas‧Ismahasan陳慧君,111年臺北市議員選舉,首次申報,1111124,交通旅運支出,台灣中油,08590444,0.00,1000.00,,,,競選活動交通油費,金錢,,,否,,,,,,,
203,Mulas‧Ismahasan陳慧君,111年臺北市議員選舉,首次申報,1111124,交通旅運支出,嘟嘟房,29229433,0.00,60.00,,,,停車費,金錢,,,否,,,,,,,
204,Mulas‧Ismahasan陳慧君,111年臺北市議員選舉,首次申報,1111124,宣傳支出,迦勒廣告事業有限公司,42859882,0.00,30000.00,,,,戶外廣告,金錢,臺北市大安區****,,否,,,,,,,
205,Mulas‧Ismahasan陳慧君,111年臺北市議員選舉,首次申報,1111125,交通旅運支出,財團法人國立台灣大學校友會文化基金會校友聯誼社,05140016,0.00,90.00,,,,停車費,金錢,,,否,,,,,,,
206,Mulas‧Ismahasan陳慧君,111年臺北市議員選舉,首次申報,1111125,雜支支出,中華電信,19762247,0.00,516.00,,,,電信費用(//至//),金錢,,,否,,,,,,,
207,Mulas‧Ismahasan陳慧君,111年臺北市議員選舉,首次申報,1111125,雜支支出,麥當勞,23932130,0.00,514.00,,,,餐飲費用,金錢,,,否,,,,,,,
208,Mulas‧Ismahasan陳慧君,111年臺北市議員選舉,首次申報,1111125,雜支支出,清心福全,48901845,0.00,165.00,,,,餐飲費用,金錢,,,否,,,,,,,
209,Mulas‧Ismahasan陳慧君,111年臺北市議員選舉,首次申報,1111125,交通旅運支出,俥亭停車事業股份有限公司,88105177,0.00,50.00,,,,停車費,金錢,,,否,,,,,,,
210,Mulas‧Ismahasan陳慧君,111年臺北市議員選舉,首次申報,1111128,雜支支出,大膳廚美食坊,48863103,0.00,300.00,,,,餐飲費用,金錢,,,否,,,,,,,
211,Mulas‧Ismahasan陳慧君,111年臺北市議員選舉,首次申報,1111204,交通旅運支出,台灣中油,08590444,0.00,1000.00,,,,競選活動交通油費,金錢,,,否,,,,,,,
212,Mulas‧Ismahasan陳慧君,111年臺北市議員選舉,首次申報,1111205,宣傳支出,三位一體影像整合行銷工作室,88219896,0.00,25000.00,,,,競選平面攝影費,金錢,臺北市中正區****,,否,,,,,,,
213,Mulas‧Ismahasan陳慧君,111年臺北市議員選舉,首次申報,1111205,宣傳支出,三位一體影像整合行銷工作室,88219896,0.00,30000.00,,,,競選動態攝影費,金錢,臺北市中正區****,,否,,,,,,,
214,Mulas‧Ismahasan陳慧君,111年臺北市議員選舉,首次申報,1111207,交通旅運支出,台灣中油,02307012,0.00,500.00,,,,競選活動交通油費,金錢,,,否,,,,,,,
215,Mulas‧Ismahasan陳慧君,111年臺北市議員選舉,首次申報,1111207,人事費用支出,陳逸軒,V12*******,0.00,40000.00,,,,競選助理,金錢,臺東縣臺東市****,,否,,,,,,,
216,Mulas‧Ismahasan陳慧君,111年臺北市議員選舉,首次申報,1111207,人事費用支出,温馨,V22*******,0.00,40000.00,,,,競選助理,金錢,臺中市西屯區****,,否,,,,,,,
217,Mulas‧Ismahasan陳慧君,111年臺北市議員選舉,首次申報,1111209,交通旅運支出,台灣中油,01490119,0.00,1000.00,,,,競選活動交通油費,金錢,,,否,,,,,,,
218,Mulas‧Ismahasan陳慧君,111年臺北市議員選舉,首次申報,1111210,交通旅運支出,東展企業有限公司中華營業所,77064614,0.00,60.00,,,,停車費,金錢,,,否,,,,,,,
219,Mulas‧Ismahasan陳慧君,111年臺北市議員選舉,首次申報,1111210,宣傳支出,三位一體影像整合行銷工作室,88219896,0.00,35000.00,,,,競選社群行銷費,金錢,臺北市中正區****,,否,,,,,,,
220,Mulas‧Ismahasan陳慧君,111年臺北市議員選舉,首次申報,1111211,交通旅運支出,臺北文創開發股份有限公司,28973905,0.00,120.00,,,,停車費,金錢,,,否,,,,,,,
221,Mulas‧Ismahasan陳慧君,111年臺北市議員選舉,首次申報,1111212,交通旅運支出,莊敬加油站,96879569,0.00,1000.00,,,,競選活動交通油費,金錢,,,否,,,,,,,
222,Mulas‧Ismahasan陳慧君,111年臺北市議員選舉,首次申報,1111215,雜支支出,中華電信,19762247,0.00,1755.00,,,,電信費用(//至//),金錢,,,否,,,,,,,
223,Mulas‧Ismahasan陳慧君,111年臺北市議員選舉,首次申報,1111215,宣傳支出,書亞國際股份有限公司,82907376,0.00,26250.00,,,,文宣廣告,金錢,臺北市文山區****,,否,,,,,,,
224,Mulas‧Ismahasan陳慧君,111年臺北市議員選舉,首次申報,1111220,雜支支出,中華電信,19762247,0.00,1682.00,,,,電信費用(計費期間：//至//),金錢,,,否,,,,,,,
225,Mulas‧Ismahasan陳慧君,111年臺北市議員選舉,首次申報,1111226,雜支支出,中華電信,19762247,0.00,500.00,,,,電信費用(//至//),金錢,,,否,,,,,,,
