﻿序號,擬參選人／政黨,選舉名稱,申報序號／年度,交易日期,收支科目,捐贈者／支出對象,身分證／統一編號,收入金額,支出金額,捐贈方式,存入專戶日期,返還/繳庫,支出用途,金錢類,地址,聯絡電話,應揭露之支出對象,支出對象之內部人員姓名,支出對象之內部人員職稱,政黨之內部人員姓名,政黨之內部人員職稱,關係,更正註記,資料更正日期
1,Mulas‧Ismahasan陳慧君,111年臺北市議員選舉,首次申報,1110826,個人捐贈收入,劉子銘,Y12*******,10000.00,0.00,匯款,1110902,,,金錢,臺北市中山區****,0928*****,,,,,,,,
2,Mulas‧Ismahasan陳慧君,111年臺北市議員選舉,首次申報,1110827,個人捐贈收入,撒丰安瓦,A22*******,50.00,0.00,匯款,1110902,,,金錢,新北市淡水區****,0919*****,,,,,,,,
3,Mulas‧Ismahasan陳慧君,111年臺北市議員選舉,首次申報,1110831,個人捐贈收入,邱孟玲,V22*******,3000.00,0.00,匯款,1110908,,,金錢,台中市南屯區****,0910*****,,,,,,,,
4,Mulas‧Ismahasan陳慧君,111年臺北市議員選舉,首次申報,1110901,個人捐贈收入,江梅惠,S22*******,10000.00,0.00,匯款,1110908,,,金錢,高雄市那瑪夏****,0912*****,,,,,,,,
5,Mulas‧Ismahasan陳慧君,111年臺北市議員選舉,首次申報,1110906,個人捐贈收入,陳毅峰,E12*******,3000.00,0.00,匯款,1110908,,,金錢,花蓮縣吉安鄉****,0916*****,,,,,,,,
6,Mulas‧Ismahasan陳慧君,111年臺北市議員選舉,首次申報,1110906,個人捐贈收入,薛名斌,E12*******,100.00,0.00,匯款,1110908,,,金錢,高雄市三民區****,0937*****,,,,,,,,
7,Mulas‧Ismahasan陳慧君,111年臺北市議員選舉,首次申報,1110906,個人捐贈收入,謝若蘭,R22*******,10000.00,0.00,匯款,1110908,,,金錢,臺北市中正區****,0910*****,,,,,,,,
8,Mulas‧Ismahasan陳慧君,111年臺北市議員選舉,首次申報,1110906,個人捐贈收入,賴裕揚,S12*******,6000.00,0.00,匯款,1110908,,,金錢,高雄市鳳山區****,0958*****,,,,,,,,
9,Mulas‧Ismahasan陳慧君,111年臺北市議員選舉,首次申報,1110906,個人捐贈收入,張語珈,S22*******,10000.00,0.00,匯款,1110908,,,金錢,高雄市左營區****,0986*****,,,,,,,,
10,Mulas‧Ismahasan陳慧君,111年臺北市議員選舉,首次申報,1110907,個人捐贈收入,戴吉雄,S12*******,1000.00,0.00,匯款,1110913,,,金錢,高雄市茂林區****,0985*****,,,,,,,,
11,Mulas‧Ismahasan陳慧君,111年臺北市議員選舉,首次申報,1110922,政黨捐贈收入,民主進步黨,政黨證字第16號,500000.00,0.00,匯款,1110922,,,金錢,台北市北平東****,(02)*****,,,,,,,,
12,Mulas‧Ismahasan陳慧君,111年臺北市議員選舉,首次申報,1111016,個人捐贈收入,鍾永明,,10000.00,0.00,現金,1111016,,,金錢,臺東縣金峰鄉****,,,,,,,,,
13,Mulas‧Ismahasan陳慧君,111年臺北市議員選舉,首次申報,1111016,個人捐贈收入,陳慧芬,S22*******,3000.00,0.00,現金,1111016,,,金錢,高雄市桃源區****,,,,,,,,,
14,Mulas‧Ismahasan陳慧君,111年臺北市議員選舉,首次申報,1111016,個人捐贈收入,陳慧芬,S22*******,3000.00,0.00,匯款,1111021,,,金錢,高雄市桃源區****,0938*****,,,,,,,,
15,Mulas‧Ismahasan陳慧君,111年臺北市議員選舉,首次申報,1111017,匿名捐贈,匿名,,1000.00,0.00,匯款,1111021,,,金錢,,,,,,,,,,
16,Mulas‧Ismahasan陳慧君,111年臺北市議員選舉,首次申報,1111025,個人捐贈收入,鍾美秀,S22*******,3000.00,0.00,匯款,1111025,,,金錢,臺東縣金峰鄉****,,,,,,,,,
17,Mulas‧Ismahasan陳慧君,111年臺北市議員選舉,首次申報,1111029,個人捐贈收入,彭渰雯,P22*******,5000.00,0.00,匯款,1111101,,,金錢,高雄市鹽埕區****,0986*****,,,,,,,,
18,Mulas‧Ismahasan陳慧君,111年臺北市議員選舉,首次申報,1111030,匿名捐贈,匿名,,3200.00,0.00,現金,1111030,,,金錢,,,,,,,,,,
19,Mulas‧Ismahasan陳慧君,111年臺北市議員選舉,首次申報,1111031,個人捐贈收入,謝若蘭,R22*******,15875.00,0.00,匯款,1111104,,,金錢,臺北市中正區****,0910*****,,,,,,,,
20,Mulas‧Ismahasan陳慧君,111年臺北市議員選舉,首次申報,1111101,個人捐贈收入,巫宗霖,H12*******,3000.00,0.00,現金,1111101,,,金錢,新店區福園街****,,,,,,,,,
21,Mulas‧Ismahasan陳慧君,111年臺北市議員選舉,首次申報,1111104,營利事業捐贈收入,協力投資股份有限公司,97161305,1000000.00,0.00,匯款,1111104,,,金錢,臺北市信義區****,,,,,,,,,
22,Mulas‧Ismahasan陳慧君,111年臺北市議員選舉,首次申報,1111116,個人捐贈收入,姚繁基,N10*******,20000.00,0.00,票據,1111129,,,金錢,臺北市松山區****,,,,,,,,,
23,Mulas‧Ismahasan陳慧君,111年臺北市議員選舉,首次申報,1111221,其他收入,利息收入,,198.00,0.00,匯款,1111221,,,金錢,,,,,,,,,,
