﻿序號,擬參選人／政黨,選舉名稱,申報序號／年度,交易日期,收支科目,捐贈者／支出對象,身分證／統一編號,收入金額,支出金額,支出用途,金錢類,地址,聯絡電話,資料更正日期
1,余瑛鋗,107年村(里)長選舉,首次申報,1070901,個人捐贈收入,陳佳敏,C22*******,2000.00,0.00,,金錢,基隆市信義區****,,
2,余瑛鋗,107年村(里)長選舉,首次申報,1070903,個人捐贈收入,曹俊隆,C10*******,2000.00,0.00,,金錢,基隆市信義區****,0936*****,
3,余瑛鋗,107年村(里)長選舉,首次申報,1070913,匿名捐贈,匿名,,2000.00,0.00,,金錢,,,
4,余瑛鋗,107年村(里)長選舉,首次申報,1070913,個人捐贈收入,莊俞亞,,147.00,0.00,,金錢,,0903*****,
5,余瑛鋗,107年村(里)長選舉,首次申報,1070921,個人捐贈收入,陳姵穎,R22*******,3600.00,0.00,,金錢,桃園市平鎮區****,0952*****,
6,余瑛鋗,107年村(里)長選舉,首次申報,1070925,個人捐贈收入,鄒一峯,F12*******,8000.00,0.00,,金錢,臺北市內湖區****,0982*****,
7,余瑛鋗,107年村(里)長選舉,首次申報,1071005,個人捐贈收入,楊為強,,338.00,0.00,,非金錢,,0921*****,
8,余瑛鋗,107年村(里)長選舉,首次申報,1071005,個人捐贈收入,湯景明,,338.00,0.00,,非金錢,基隆市信義區****,,
9,余瑛鋗,107年村(里)長選舉,首次申報,1071005,個人捐贈收入,施金立,,338.00,0.00,,非金錢,,2465*****,
10,余瑛鋗,107年村(里)長選舉,首次申報,1071005,個人捐贈收入,羅淑慧,,338.00,0.00,,非金錢,,2465*****,
11,余瑛鋗,107年村(里)長選舉,首次申報,1071008,個人捐贈收入,謝永豐,,917.00,0.00,,非金錢,基隆市信義區****,,
12,余瑛鋗,107年村(里)長選舉,首次申報,1071009,個人捐贈收入,陳一助,,2000.00,0.00,,金錢,基隆市七堵區****,0915*****,
13,余瑛鋗,107年村(里)長選舉,首次申報,1071102,個人捐贈收入,周淑慧,F22*******,1000.00,0.00,,金錢,基隆市中山區****,0936*****,
