﻿序號,擬參選人／政黨,選舉名稱,申報序號／年度,交易日期,收支科目,捐贈者／支出對象,身分證／統一編號,收入金額,支出金額,捐贈方式,存入專戶日期,返還/繳庫,支出用途,金錢類,地址,聯絡電話,應揭露之支出對象,支出對象之內部人員姓名,支出對象之內部人員職稱,政黨之內部人員姓名,政黨之內部人員職稱,關係,更正註記,資料更正日期
1,姚正玉,111年臺南市議員選舉,首次申報,1110504,宣傳支出,中華電信,,0.00,25900.00,,,,發送電信簡訊費用,金錢,臺南市成功路****,,否,,,,,,,
2,姚正玉,111年臺南市議員選舉,首次申報,1110513,宣傳支出,中中企業社,67947878,0.00,15200.00,,,,派報費用,金錢,,,否,,,,,,,
3,姚正玉,111年臺南市議員選舉,首次申報,1110519,雜支支出,中華電信,69109906,0.00,39349.00,,,,電信費用,金錢,臺南市西門路****,,否,,,,,,,
4,姚正玉,111年臺南市議員選舉,首次申報,1110612,宣傳支出,創昕廣告企業社,26450389,0.00,37400.00,,,,租用廣告看板或車體廣告費用,金錢,臺南市東區崇****,,否,,,,,,,
5,姚正玉,111年臺南市議員選舉,首次申報,1110620,人事費用支出,黃華安,D12*******,0.00,15000.00,,,,競選照攝影工作酬勞之給付,金錢,基隆市暖暖區****,,否,,,,,,,
6,姚正玉,111年臺南市議員選舉,首次申報,1110622,雜支支出,海王子庭園餐廳,,0.00,3550.00,,,,餐飲費用,金錢,臺南市白河區****,,否,,,,,,,
7,姚正玉,111年臺南市議員選舉,首次申報,1110623,雜支支出,榮華製帽行,15714407,0.00,770.00,,,,雜項購置或修繕費用,金錢,,,否,,,,,,,
8,姚正玉,111年臺南市議員選舉,首次申報,1110625,租用競選辦事處支出,金森企業行,82903575,0.00,4100.00,,,,租買辦公設備費用,金錢,,,否,,,,,,,
9,姚正玉,111年臺南市議員選舉,首次申報,1110628,雜支支出,明新食品,23402651,0.00,804.00,,,,雜項購置或修繕費用,金錢,,,否,,,,,,,
10,姚正玉,111年臺南市議員選舉,首次申報,1110629,雜支支出,榮華製帽行,68934008,0.00,5020.00,,,,雜項購置或修繕費用,金錢,,,否,,,,,,,
11,姚正玉,111年臺南市議員選舉,首次申報,1110629,雜支支出,家屋手作料理,85654022,0.00,2190.00,,,,餐飲費用,金錢,,,否,,,,,,,
12,姚正玉,111年臺南市議員選舉,首次申報,1110701,人事費用支出,李珮熙,E22*******,0.00,30000.00,,,,工資或薪津,金錢,臺南市東區小****,,否,,,,,,,
13,姚正玉,111年臺南市議員選舉,首次申報,1110701,人事費用支出,陳世典,R12*******,0.00,30000.00,,,,競選人員薪資,金錢,臺南市鹽水區****,,否,,,,,,,
14,姚正玉,111年臺南市議員選舉,首次申報,1110702,交通旅運支出,統一精工加油站,71038272,0.00,1000.00,,,,油資,金錢,,,否,,,,,,,
15,姚正玉,111年臺南市議員選舉,首次申報,1110702,人事費用支出,黃華安,D12*******,0.00,25000.00,,,,因工作酬勞之給付,金錢,基隆市暖暖區****,,否,,,,,,,
16,姚正玉,111年臺南市議員選舉,首次申報,1110704,雜支支出,家樂福,16437211,0.00,2217.00,,,,雜項購置或修繕費用,金錢,,,否,,,,,,,
17,姚正玉,111年臺南市議員選舉,首次申報,1110704,人事費用支出,陳文意,R10*******,0.00,30000.00,,,,工資或薪津,金錢,臺南市新營區****,,否,,,,,,,
18,姚正玉,111年臺南市議員選舉,首次申報,1110704,人事費用支出,洪麗姬,R20*******,0.00,30000.00,,,,工資或薪津,金錢,臺南市鹽水區****,,否,,,,,,,
19,姚正玉,111年臺南市議員選舉,首次申報,1110705,雜支支出,棋盤石工作室,14395237,0.00,8400.00,,,,競選工作服,金錢,臺南市安平區****,,否,,,,,,,
20,姚正玉,111年臺南市議員選舉,首次申報,1110705,交通旅運支出,台灣中油加油站,71038272,0.00,1325.00,,,,油資,金錢,,,否,,,,,,,
21,姚正玉,111年臺南市議員選舉,首次申報,1110705,人事費用支出,李秋娥,R20*******,0.00,30000.00,,,,工資或薪津,金錢,臺南市東山區****,,否,,,,,,,
22,姚正玉,111年臺南市議員選舉,首次申報,1110708,人事費用支出,高誌凰,N12*******,0.00,30000.00,,,,工資或薪津,金錢,臺南市新營區****,,否,,,,,,,
23,姚正玉,111年臺南市議員選舉,首次申報,1110708,人事費用支出,陳章勳,R12*******,0.00,30000.00,,,,工資或薪津,金錢,臺南市新營區****,,否,,,,,,,
24,姚正玉,111年臺南市議員選舉,首次申報,1110709,交通旅運支出,台灣中油加油站,71038272,0.00,1425.00,,,,油資,金錢,,,否,,,,,,,
25,姚正玉,111年臺南市議員選舉,首次申報,1110709,租用競選辦事處支出,順盛電子材料行,72047406,0.00,16000.00,,,,租買辦公設備費用,金錢,臺南市新營區****,,否,,,,,,,
26,姚正玉,111年臺南市議員選舉,首次申報,1110710,雜支支出,春宮居酒屋,85659011,0.00,1529.00,,,,餐飲費用,金錢,,,否,,,,,,,
27,姚正玉,111年臺南市議員選舉,首次申報,1110712,交通旅運支出,統一精工加油站,14987990,0.00,1427.00,,,,油資,金錢,,,否,,,,,,,
28,姚正玉,111年臺南市議員選舉,首次申報,1110712,人事費用支出,莊永瑞,R12*******,0.00,30000.00,,,,工資或薪津,金錢,臺南市後壁區****,,否,,,,,,,
29,姚正玉,111年臺南市議員選舉,首次申報,1110713,交通旅運支出,全國加油站,06569085,0.00,1020.00,,,,油資,金錢,,,否,,,,,,,
30,姚正玉,111年臺南市議員選舉,首次申報,1110713,交通旅運支出,統一精工加油站,14987990,0.00,835.00,,,,油資,金錢,,,否,,,,,,,
31,姚正玉,111年臺南市議員選舉,首次申報,1110717,交通旅運支出,全國加油站,06569085,0.00,1000.00,,,,油資,金錢,,,否,,,,,,,
32,姚正玉,111年臺南市議員選舉,首次申報,1110717,交通旅運支出,大新營加油站,84827130,0.00,1470.00,,,,油資,金錢,,,否,,,,,,,
33,姚正玉,111年臺南市議員選舉,首次申報,1110717,雜支支出,禾沐日式料理,88981653,0.00,2000.00,,,,餐飲費用,金錢,,,否,,,,,,,
34,姚正玉,111年臺南市議員選舉,首次申報,1110719,租用宣傳車輛支出,金將弘影音文化有限公司,13007532,0.00,10300.00,,,,其他與租用宣傳車輛有關之費用,金錢,,,否,,,,,,,
35,姚正玉,111年臺南市議員選舉,首次申報,1110721,宣傳支出,威航食品有限公司,97079214,0.00,10000.00,,,,製作競選物品或宣傳廣告費用（競選水）,金錢,,,否,,,,,,,
36,姚正玉,111年臺南市議員選舉,首次申報,1110722,交通旅運支出,台糖加油站,17235847,0.00,1000.00,,,,油資,金錢,,,否,,,,,,,
37,姚正玉,111年臺南市議員選舉,首次申報,1110723,交通旅運支出,久井加油站,36791180,0.00,1441.00,,,,油資,金錢,,,否,,,,,,,
38,姚正玉,111年臺南市議員選舉,首次申報,1110727,宣傳支出,音樂人企業社,70850927,0.00,1400.00,,,,播放、傳送或刊登宣傳廣告費用,金錢,臺南市安平區****,,否,,,,,,,
39,姚正玉,111年臺南市議員選舉,首次申報,1110728,租用競選辦事處支出,棋盤石工作室,14395237,0.00,13199.00,,,,辦公設備桌柯費用,金錢,臺南市安平區****,,是,方士華,,,,配偶(夫),,
40,姚正玉,111年臺南市議員選舉,首次申報,1110728,交通旅運支出,台大一加油站,80621396,0.00,1078.00,,,,油資,金錢,,,否,,,,,,,
41,姚正玉,111年臺南市議員選舉,首次申報,1110730,宣傳支出,勝興百貨行,36830634,0.00,6500.00,,,,其他與選舉宣傳有關之費用,金錢,,,否,,,,,,,
42,姚正玉,111年臺南市議員選舉,首次申報,1110731,交通旅運支出,台大一加油站,80621396,0.00,1422.00,,,,油資,金錢,,,否,,,,,,,
43,姚正玉,111年臺南市議員選舉,首次申報,1110801,人事費用支出,李珮熙,E22*******,0.00,30000.00,,,,工資或薪津,金錢,臺南市東區小****,,否,,,,,,,
44,姚正玉,111年臺南市議員選舉,首次申報,1110801,人事費用支出,陳世典,R12*******,0.00,30000.00,,,,競選人員薪資,金錢,臺南市鹽水區****,,否,,,,,,,
45,姚正玉,111年臺南市議員選舉,首次申報,1110802,宣傳支出,棋盤石工作室,,0.00,17512.00,,,,競選物設計製作,金錢,臺南市安平區****,,是,方士華,,,,配偶(夫),,
46,姚正玉,111年臺南市議員選舉,首次申報,1110802,宣傳支出,金育安,,0.00,24000.00,,,,租用廣告看板或車體廣告費用,金錢,臺南市新營區****,,否,,,,,,,
47,姚正玉,111年臺南市議員選舉,首次申報,1110802,雜支支出,台糖加油站,13208502,0.00,1043.00,,,,汽機車燃料費用,金錢,,,否,,,,,,,
48,姚正玉,111年臺南市議員選舉,首次申報,1110802,雜支支出,金三益茶飲,89175896,0.00,670.00,,,,餐飲費用,金錢,,,否,,,,,,,
49,姚正玉,111年臺南市議員選舉,首次申報,1110803,宣傳支出,棋盤石工作室,14395237,0.00,11303.00,,,,製作競選物品或宣傳廣告費用（文宣印制）,金錢,臺南市安平區****,,是,方士華,,,,配偶(夫),,
50,姚正玉,111年臺南市議員選舉,首次申報,1110804,雜支支出,海宴餐廳,81468976,0.00,12930.00,,,,餐飲費用,金錢,臺南市新營區****,,否,,,,,,,
51,姚正玉,111年臺南市議員選舉,首次申報,1110805,交通旅運支出,大新營加油站,84827130,0.00,1404.00,,,,油資,金錢,,,否,,,,,,,
52,姚正玉,111年臺南市議員選舉,首次申報,1110807,雜支支出,鼎鼐企業社,36816648,0.00,2560.00,,,,餐飲費用,金錢,,,否,,,,,,,
53,姚正玉,111年臺南市議員選舉,首次申報,1110808,雜支支出,台灣中油,71035774,0.00,800.00,,,,汽機車燃料費用,金錢,,,否,,,,,,,
54,姚正玉,111年臺南市議員選舉,首次申報,1110809,雜支支出,大久商行,85659928,0.00,900.00,,,,雜項購置或修繕費用,金錢,,,否,,,,,,,
55,姚正玉,111年臺南市議員選舉,首次申報,1110810,雜支支出,台灣中油,22947727,0.00,1522.00,,,,汽機車燃料費用,金錢,,,否,,,,,,,
56,姚正玉,111年臺南市議員選舉,首次申報,1110810,雜支支出,東香貓咖啡園,29399020,0.00,900.00,,,,餐飲費用,金錢,,,否,,,,,,,
57,姚正玉,111年臺南市議員選舉,首次申報,1110810,人事費用支出,翁英修,D12*******,0.00,22000.00,,,,因工作酬勞之給付,金錢,新北市萬里區****,,否,,,,,,,
58,姚正玉,111年臺南市議員選舉,首次申報,1110812,雜支支出,台灣中油,27832604,0.00,1080.00,,,,汽機車燃料費用,金錢,,,否,,,,,,,
59,姚正玉,111年臺南市議員選舉,首次申報,1110813,租用宣傳車輛支出,吉克後壁加油站,12828429,0.00,898.00,,,,宣傳車輛燃料費用,金錢,,,否,,,,,,,
60,姚正玉,111年臺南市議員選舉,首次申報,1110813,雜支支出,建均熱炒店,36772753,0.00,3000.00,,,,餐飲費用,金錢,,,否,,,,,,,
61,姚正玉,111年臺南市議員選舉,首次申報,1110814,雜支支出,台糖加油站,13208502,0.00,1054.00,,,,汽機車燃料費用,金錢,,,否,,,,,,,
62,姚正玉,111年臺南市議員選舉,首次申報,1110815,雜支支出,勝興百貨行,36830634,0.00,8000.00,,,,雜項購置或修繕費用,金錢,,,否,,,,,,,
63,姚正玉,111年臺南市議員選舉,首次申報,1110816,人事費用支出,翁英修,D12*******,0.00,28000.00,,,,競選影片工作酬勞之給付,金錢,新北市萬里區****,,否,,,,,,,
64,姚正玉,111年臺南市議員選舉,首次申報,1110818,宣傳支出,六星廣告社,10847385,0.00,28022.00,,,,租用廣告看板或車體廣告費用,金錢,,,否,,,,,,,
65,姚正玉,111年臺南市議員選舉,首次申報,1110818,租用宣傳車輛支出,大新營加油站,84827130,0.00,1000.00,,,,宣傳車輛燃料費用,金錢,,,否,,,,,,,
66,姚正玉,111年臺南市議員選舉,首次申報,1110821,交通旅運支出,統一精工加油站,25783493,0.00,1228.00,,,,油資,金錢,,,否,,,,,,,
67,姚正玉,111年臺南市議員選舉,首次申報,1110821,租用競選辦事處支出,瞐實科技,25825775,0.00,11188.00,,,,租買辦公設備費用,金錢,,,否,,,,,,,
68,姚正玉,111年臺南市議員選舉,首次申報,1110822,雜支支出,省都餐廳,36829186,0.00,2890.00,,,,餐飲費用,金錢,,,否,,,,,,,
69,姚正玉,111年臺南市議員選舉,首次申報,1110823,租用宣傳車輛支出,台灣中油,71038272,0.00,819.00,,,,宣傳車輛燃料費用,金錢,,,否,,,,,,,
70,姚正玉,111年臺南市議員選舉,首次申報,1110823,交通旅運支出,台灣中油,71059804,0.00,1638.00,,,,油資,金錢,,,否,,,,,,,
71,姚正玉,111年臺南市議員選舉,首次申報,1110824,宣傳支出,群越科技股份有限公司,83097249,0.00,100000.00,,,,製作競選物品或宣傳廣告費用（口罩）,金錢,臺中市豐原區****,,否,,,,,,,
72,姚正玉,111年臺南市議員選舉,首次申報,1110824,雜支支出,大新營加油站,84827130,0.00,1108.00,,,,汽機車燃料費用,金錢,,,否,,,,,,,
73,姚正玉,111年臺南市議員選舉,首次申報,1110825,交通旅運支出,新光產物保險,,0.00,5769.00,,,,其他與交通旅運有關之費用,金錢,臺南市新營區****,,否,,,,,,,
74,姚正玉,111年臺南市議員選舉,首次申報,1110825,雜支支出,中華電信,69109906,0.00,1319.00,,,,電信費用,金錢,,,否,,,,,,,
75,姚正玉,111年臺南市議員選舉,首次申報,1110826,租用宣傳車輛支出,東誠加油站,27585370,0.00,800.00,,,,宣傳車輛燃料費用,金錢,,,否,,,,,,,
76,姚正玉,111年臺南市議員選舉,首次申報,1110826,雜支支出,健生育樂用品社,72150463,0.00,3000.00,,,,雜項購置或修繕費用,金錢,,,否,,,,,,,
77,姚正玉,111年臺南市議員選舉,首次申報,1110826,雜支支出,旺萊配件行,81428454,0.00,1400.00,,,,雜項購置或修繕費用,金錢,,,否,,,,,,,
78,姚正玉,111年臺南市議員選舉,首次申報,1110829,雜支支出,韓朝韓式料理,10444572,0.00,2180.00,,,,餐飲費用,金錢,,,否,,,,,,,
79,姚正玉,111年臺南市議員選舉,首次申報,1110830,宣傳支出,威航食品有限公司,,0.00,10000.00,,,,製作競選物品或宣傳廣告費用（競選水品）,金錢,高雄市湖內區****,,否,,,,,,,
80,姚正玉,111年臺南市議員選舉,首次申報,1110831,雜支支出,國民黨台南市黨部,,0.00,15000.00,,,,水電五個月,金錢,臺南市新營區****,,否,,,,,,,
81,姚正玉,111年臺南市議員選舉,首次申報,1110901,宣傳支出,鳳鳴廣告社,10797033,0.00,60000.00,,,,租用廣告看板或車體廣告費用,金錢,臺南市新營區****,,否,,,,,,,
82,姚正玉,111年臺南市議員選舉,首次申報,1110901,交通旅運支出,正大加油站,16207415,0.00,1184.00,,,,油資,金錢,,,否,,,,,,,
83,姚正玉,111年臺南市議員選舉,首次申報,1110901,雜支支出,台日法有限公司,24922878,0.00,4420.00,,,,雜項購置,金錢,,,否,,,,,,,
84,姚正玉,111年臺南市議員選舉,首次申報,1110901,人事費用支出,李珮熙,E22*******,0.00,30000.00,,,,工資或薪津,金錢,臺南市東區小****,,否,,,,,,,
85,姚正玉,111年臺南市議員選舉,首次申報,1110901,人事費用支出,陳世典,R12*******,0.00,30000.00,,,,工資或薪津,金錢,臺南市鹽水區****,,否,,,,,,,
86,姚正玉,111年臺南市議員選舉,首次申報,1110904,雜支支出,台糖加油站,17235847,0.00,1000.00,,,,汽機車燃料費用,金錢,,,否,,,,,,,
87,姚正玉,111年臺南市議員選舉,首次申報,1110904,租用宣傳車輛支出,大新營加油站,84827130,0.00,820.00,,,,宣傳車輛燃料費用,金錢,,,否,,,,,,,
88,姚正玉,111年臺南市議員選舉,首次申報,1110906,雜支支出,舊振南食品股份有限公司,28303119,0.00,5174.00,,,,雜項購置或修繕費用,金錢,臺南市東區林****,,否,,,,,,,
89,姚正玉,111年臺南市議員選舉,首次申報,1110906,雜支支出,台灣中油公司,71036871,0.00,1400.00,,,,汽機車燃料費用,金錢,,,否,,,,,,,
90,姚正玉,111年臺南市議員選舉,首次申報,1110907,雜支支出,國鉅科技企業社,14365178,0.00,1300.00,,,,雜項購置或修繕費用,金錢,,,否,,,,,,,
91,姚正玉,111年臺南市議員選舉,首次申報,1110907,交通旅運支出,台灣中油公司,71038272,0.00,1255.00,,,,油資,金錢,,,否,,,,,,,
92,姚正玉,111年臺南市議員選舉,首次申報,1110907,租用宣傳車輛支出,誌在汽車商行,85640920,0.00,1800.00,,,,維修宣傳車輛費用,金錢,,,否,,,,,,,
93,姚正玉,111年臺南市議員選舉,首次申報,1110908,雜支支出,盛世農產行,,0.00,8500.00,,,,雜項購置或修繕費用,金錢,桃園市平鎮區****,,否,,,,,,,
94,姚正玉,111年臺南市議員選舉,首次申報,1110908,雜支支出,生展生物科技公司,16130471,0.00,4500.00,,,,雜項購置或修繕費用,金錢,,,否,,,,,,,
95,姚正玉,111年臺南市議員選舉,首次申報,1110910,雜支支出,榮華製帽行,68934008,0.00,9000.00,,,,雜項購置或修繕費用,金錢,,,否,,,,,,,
96,姚正玉,111年臺南市議員選舉,首次申報,1110911,雜支支出,三人行自助火鍋店,06547175,0.00,2290.00,,,,餐飲費用,金錢,,,否,,,,,,,
97,姚正玉,111年臺南市議員選舉,首次申報,1110911,雜支支出,台灣中油,71059804,0.00,1224.00,,,,汽機車燃料費用,金錢,,,否,,,,,,,
98,姚正玉,111年臺南市議員選舉,首次申報,1110912,雜支支出,台灣中油,71059804,0.00,709.00,,,,汽機車燃料費用,金錢,,,否,,,,,,,
99,姚正玉,111年臺南市議員選舉,首次申報,1110914,雜支支出,東山企業社,10842987,0.00,1000.00,,,,餐飲費用,金錢,,,否,,,,,,,
100,姚正玉,111年臺南市議員選舉,首次申報,1110914,雜支支出,榮華製帽行,68934008,0.00,1100.00,,,,雜項購置或修繕費用,金錢,,,否,,,,,,,
101,姚正玉,111年臺南市議員選舉,首次申報,1110914,雜支支出,寓永恆料理坊,85866829,0.00,1879.00,,,,餐飲費用,金錢,,,否,,,,,,,
102,姚正玉,111年臺南市議員選舉,首次申報,1110915,雜支支出,好食多美食廣場,85646635,0.00,2150.00,,,,餐飲費用,金錢,,,否,,,,,,,
103,姚正玉,111年臺南市議員選舉,首次申報,1110916,雜支支出,大新營加油站,84827130,0.00,1366.00,,,,汽機車燃料費用,金錢,,,否,,,,,,,
104,姚正玉,111年臺南市議員選舉,首次申報,1110917,雜支支出,福懋加油站,71035774,0.00,706.00,,,,汽機車燃料費用,金錢,,,否,,,,,,,
105,姚正玉,111年臺南市議員選舉,首次申報,1110919,雜支支出,大新營加油站,71035774,0.00,1075.00,,,,汽機車燃料費用,金錢,,,否,,,,,,,
106,姚正玉,111年臺南市議員選舉,首次申報,1110920,雜支支出,柳營交流道加油站,23266059,0.00,711.00,,,,汽機車燃料費用,金錢,,,否,,,,,,,
107,姚正玉,111年臺南市議員選舉,首次申報,1110920,雜支支出,玉梅包子,36722419,0.00,180.00,,,,餐飲費用,金錢,,,否,,,,,,,
108,姚正玉,111年臺南市議員選舉,首次申報,1110921,雜支支出,台灣中油,81940833,0.00,1269.00,,,,汽機車燃料費用,金錢,,,否,,,,,,,
109,姚正玉,111年臺南市議員選舉,首次申報,1110922,宣傳支出,郵局,,0.00,10596.00,,,,郵寄競選物品或宣傳廣告費用,金錢,臺南市新營區****,,否,,,,,,,
110,姚正玉,111年臺南市議員選舉,首次申報,1110922,集會支出,中華郵政,04137838,0.00,10596.00,,,,其他與集會有關之費用,金錢,,,否,,,,,,,
111,姚正玉,111年臺南市議員選舉,首次申報,1110923,雜支支出,福懋加油站,13711221,0.00,666.00,,,,汽機車燃料費用,金錢,,,否,,,,,,,
112,姚正玉,111年臺南市議員選舉,首次申報,1110923,雜支支出,台糖加油站,74955846,0.00,800.00,,,,汽機車燃料費用,金錢,,,否,,,,,,,
113,姚正玉,111年臺南市議員選舉,首次申報,1110925,雜支支出,小北百貨,83524572,0.00,1119.00,,,,雜項購置或修繕費用,金錢,,,否,,,,,,,
114,姚正玉,111年臺南市議員選舉,首次申報,1110926,集會支出,中華郵政,04137838,0.00,144.00,,,,其他與集會有關之費用,金錢,,,否,,,,,,,
115,姚正玉,111年臺南市議員選舉,首次申報,1110926,雜支支出,中華電信,96979933,0.00,877.00,,,,電信費用,金錢,,,否,,,,,,,
116,姚正玉,111年臺南市議員選舉,首次申報,1110927,集會支出,中華郵政,04137838,0.00,1314.00,,,,其他與集會有關之費用,金錢,,,否,,,,,,,
117,姚正玉,111年臺南市議員選舉,首次申報,1110927,雜支支出,台灣中油加油站,19788181,0.00,1000.00,,,,汽機車燃料費用,金錢,,,否,,,,,,,
118,姚正玉,111年臺南市議員選舉,首次申報,1110927,宣傳支出,榮華製帽行,68934003,0.00,1400.00,,,,製作競選物品或宣傳廣告費用（競選綵帶）,金錢,,,否,,,,,,,
119,姚正玉,111年臺南市議員選舉,首次申報,1110928,雜支支出,棋盤石工作室,14395237,0.00,3500.00,,,,文宣西瓜球,金錢,臺南市安平區****,,否,,,,,,,
120,姚正玉,111年臺南市議員選舉,首次申報,1110928,雜支支出,全聯福利中心,16741352,0.00,526.00,,,,雜項購置或修繕費用,金錢,,,否,,,,,,,
121,姚正玉,111年臺南市議員選舉,首次申報,1110929,雜支支出,台灣中油加油站,71038272,0.00,730.00,,,,汽機車燃料費用,金錢,,,否,,,,,,,
122,姚正玉,111年臺南市議員選舉,首次申報,1111001,交通旅運支出,全國加油站,06569085,0.00,1429.00,,,,油資,金錢,,,否,,,,,,,
123,姚正玉,111年臺南市議員選舉,首次申報,1111001,人事費用支出,李珮熙,E22*******,0.00,30000.00,,,,工資或薪津,金錢,臺南市東區小****,,否,,,,,,,
124,姚正玉,111年臺南市議員選舉,首次申報,1111001,人事費用支出,陳世典,R12*******,0.00,30000.00,,,,工資或薪津,金錢,臺南市鹽水區****,,否,,,,,,,
125,姚正玉,111年臺南市議員選舉,首次申報,1111002,雜支支出,千家軒食品行,72217464,0.00,550.00,,,,餐飲費用,金錢,,,否,,,,,,,
126,姚正玉,111年臺南市議員選舉,首次申報,1111002,雜支支出,台大一加油站,80621396,0.00,1361.00,,,,汽機車燃料費用,金錢,,,否,,,,,,,
127,姚正玉,111年臺南市議員選舉,首次申報,1111003,雜支支出,柳家亭快炒,13702335,0.00,450.00,,,,餐飲費用,金錢,,,否,,,,,,,
128,姚正玉,111年臺南市議員選舉,首次申報,1111003,雜支支出,悠然居生活茶坊,47963316,0.00,1936.00,,,,餐飲費用,金錢,,,否,,,,,,,
129,姚正玉,111年臺南市議員選舉,首次申報,1111004,雜支支出,海宴餐廳,81463976,0.00,4330.00,,,,餐飲費用,金錢,臺南市新營區****,,否,,,,,,,
130,姚正玉,111年臺南市議員選舉,首次申報,1111005,宣傳支出,棋盤石工作室,14395237,0.00,32300.00,,,,文宣小物提袋,金錢,臺南市安平區****,,是,方士華,,,,配偶(夫),,
131,姚正玉,111年臺南市議員選舉,首次申報,1111006,雜支支出,伸昌電料五金行,,0.00,3305.00,,,,雜項購置或修繕費用,金錢,臺南市新營區****,,否,,,,,,,
132,姚正玉,111年臺南市議員選舉,首次申報,1111007,租用宣傳車輛支出,曾來興,,0.00,3500.00,,,,其他與租用宣傳車輛有關之費用,金錢,臺南市新營區****,,否,,,,,,,
133,姚正玉,111年臺南市議員選舉,首次申報,1111008,雜支支出,台灣中油,71097407,0.00,500.00,,,,汽機車燃料費用,金錢,,,否,,,,,,,
134,姚正玉,111年臺南市議員選舉,首次申報,1111009,宣傳支出,榮華製帽行,68934008,0.00,49000.00,,,,製作競選物品或宣傳廣告費用（競選帽服）,金錢,臺南市中西區****,,否,,,,,,,
135,姚正玉,111年臺南市議員選舉,首次申報,1111010,集會支出,李賢德,,0.00,12000.00,,,,其他與集會有關之費用,金錢,臺南市安平區****,,否,,,,,,,
136,姚正玉,111年臺南市議員選舉,首次申報,1111010,集會支出,阿明片廠提菩器材,,0.00,12000.00,,,,其他與集會有關之費用,金錢,臺南市中西區****,,否,,,,,,,
137,姚正玉,111年臺南市議員選舉,首次申報,1111010,集會支出,劦旺企業社,13215074,0.00,30300.00,,,,租用設備費用,金錢,臺南市柳營區****,,否,,,,,,,
138,姚正玉,111年臺南市議員選舉,首次申報,1111010,集會支出,劦旺企業行,13215074,0.00,40200.00,,,,競選總部成立帳棚椅子,金錢,臺南市柳營區****,,否,,,,,,,
139,姚正玉,111年臺南市議員選舉,首次申報,1111010,集會支出,客來堡美食,14355657,0.00,5940.00,,,,餐飲費用,金錢,臺南市新營區****,,否,,,,,,,
140,姚正玉,111年臺南市議員選舉,首次申報,1111010,集會支出,亞發企業社,36693049,0.00,9000.00,,,,其他與集會有關之費用,金錢,臺南市麻豆區****,,否,,,,,,,
141,姚正玉,111年臺南市議員選舉,首次申報,1111010,集會支出,芸逸音樂工作室,47786902,0.00,16000.00,,,,其他與集會有關之費用,金錢,臺南市仁德區****,,否,,,,,,,
142,姚正玉,111年臺南市議員選舉,首次申報,1111010,雜支支出,台灣中油,71038272,0.00,1000.00,,,,汽機車燃料費用,金錢,,,否,,,,,,,
143,姚正玉,111年臺南市議員選舉,首次申報,1111010,雜支支出,大興米糧行,85650362,0.00,13200.00,,,,雜項購置或修繕費用,金錢,臺南市西港區****,,否,,,,,,,
144,姚正玉,111年臺南市議員選舉,首次申報,1111010,租用宣傳車輛支出,南鯤鯓遊覽車客運有限公司,89933531,0.00,6000.00,,,,其他與租用宣傳車輛有關之費用,金錢,臺南市鹽水區****,,否,,,,,,,
145,姚正玉,111年臺南市議員選舉,首次申報,1111010,集會支出,南鯤鯓遊覽車客運有限公司,89933531,0.00,10000.00,,,,其他與集會有關之費用,金錢,臺南市鹽水區****,,否,,,,,,,
146,姚正玉,111年臺南市議員選舉,首次申報,1111010,集會支出,王喬幼,R22*******,0.00,80000.00,,,,競選總部成立大會演唱費用,金錢,臺南市玉井區****,,否,,,,,,,
147,姚正玉,111年臺南市議員選舉,首次申報,1111011,租用競選辦事處支出,富邦媒體科技股份有限公司,27365925,0.00,12900.00,,,,租買辦公設備費用,金錢,臺北市內湖區****,,否,,,,,,,
148,姚正玉,111年臺南市議員選舉,首次申報,1111011,雜支支出,台灣中油,71038272,0.00,500.00,,,,汽機車燃料費用,金錢,,,否,,,,,,,
149,姚正玉,111年臺南市議員選舉,首次申報,1111011,集會支出,國泰世紀產物保險公司,84445772,0.00,8610.00,,,,其他與集會有關之費用,金錢,,,否,,,,,,,
150,姚正玉,111年臺南市議員選舉,首次申報,1111012,雜支支出,台灣中油,71038272,0.00,500.00,,,,汽機車燃料費用,金錢,,,否,,,,,,,
151,姚正玉,111年臺南市議員選舉,首次申報,1111013,雜支支出,台灣中油,71038272,0.00,500.00,,,,汽機車燃料費用,金錢,,,否,,,,,,,
152,姚正玉,111年臺南市議員選舉,首次申報,1111014,雜支支出,台灣中油,71038272,0.00,1000.00,,,,汽機車燃料費用,金錢,,,否,,,,,,,
153,姚正玉,111年臺南市議員選舉,首次申報,1111014,交通旅運支出,台灣中油,71038272,0.00,300.00,,,,油資,金錢,,,否,,,,,,,
154,姚正玉,111年臺南市議員選舉,首次申報,1111014,雜支支出,誌在汽車商行,85640920,0.00,5800.00,,,,雜項購置或修繕費用,金錢,臺南市新營區****,,否,,,,,,,
155,姚正玉,111年臺南市議員選舉,首次申報,1111016,雜支支出,台灣中油,71035774,0.00,700.00,,,,汽機車燃料費用,金錢,,,否,,,,,,,
156,姚正玉,111年臺南市議員選舉,首次申報,1111018,雜支支出,楊哥楊嫂肉粽店,13231530,0.00,1650.00,,,,餐飲費用,金錢,,,否,,,,,,,
157,姚正玉,111年臺南市議員選舉,首次申報,1111018,雜支支出,台灣中油,27832604,0.00,1470.00,,,,汽機車燃料費用,金錢,,,否,,,,,,,
158,姚正玉,111年臺南市議員選舉,首次申報,1111018,雜支支出,台灣中油,71035774,0.00,1860.00,,,,汽機車燃料費用,金錢,,,否,,,,,,,
159,姚正玉,111年臺南市議員選舉,首次申報,1111018,雜支支出,台灣中油,71097407,0.00,500.00,,,,汽機車燃料費用,金錢,,,否,,,,,,,
160,姚正玉,111年臺南市議員選舉,首次申報,1111019,雜支支出,勝興百貨行,36830634,0.00,1000.00,,,,雜項購置或修繕費用,金錢,,,否,,,,,,,
161,姚正玉,111年臺南市議員選舉,首次申報,1111020,雜支支出,清德水果店,37656296,0.00,680.00,,,,雜項購置或修繕費用,金錢,,,否,,,,,,,
162,姚正玉,111年臺南市議員選舉,首次申報,1111020,雜支支出,台灣中油,71038272,0.00,500.00,,,,汽機車燃料費用,金錢,,,否,,,,,,,
163,姚正玉,111年臺南市議員選舉,首次申報,1111020,雜支支出,台灣中油,71660609,0.00,1726.00,,,,汽機車燃料費用,金錢,,,否,,,,,,,
164,姚正玉,111年臺南市議員選舉,首次申報,1111020,雜支支出,台灣中油加油站,81940833,0.00,1271.00,,,,汽機車燃料費用,金錢,,,否,,,,,,,
165,姚正玉,111年臺南市議員選舉,首次申報,1111020,雜支支出,台灣中油,81940833,0.00,300.00,,,,汽機車燃料費用,金錢,,,否,,,,,,,
166,姚正玉,111年臺南市議員選舉,首次申報,1111021,雜支支出,林樑旺,,0.00,6660.00,,,,雜項購置或修繕費用,金錢,臺南市後壁區****,,否,,,,,,,
167,姚正玉,111年臺南市議員選舉,首次申報,1111021,雜支支出,廣久港式燒臘,20365745,0.00,900.00,,,,餐飲費用,金錢,,,否,,,,,,,
168,姚正玉,111年臺南市議員選舉,首次申報,1111021,雜支支出,稻香快餐店,99213856,0.00,1425.00,,,,餐飲費用,金錢,,,否,,,,,,,
169,姚正玉,111年臺南市議員選舉,首次申報,1111022,雜支支出,華味香飲食冰果室,10462629,0.00,1020.00,,,,餐飲費用,金錢,,,否,,,,,,,
170,姚正玉,111年臺南市議員選舉,首次申報,1111022,雜支支出,台灣中油,71035774,0.00,500.00,,,,汽機車燃料費用,金錢,,,否,,,,,,,
171,姚正玉,111年臺南市議員選舉,首次申報,1111022,雜支支出,文化書局,71037703,0.00,3700.00,,,,文具用品費用,金錢,,,否,,,,,,,
172,姚正玉,111年臺南市議員選舉,首次申報,1111023,雜支支出,台灣中油加油站,65090601,0.00,1794.00,,,,汽機車燃料費用,金錢,,,否,,,,,,,
173,姚正玉,111年臺南市議員選舉,首次申報,1111023,雜支支出,台灣中油,71660609,0.00,500.00,,,,汽機車燃料費用,金錢,,,否,,,,,,,
174,姚正玉,111年臺南市議員選舉,首次申報,1111023,雜支支出,稻香快餐店,99213856,0.00,630.00,,,,餐飲費用,金錢,,,否,,,,,,,
175,姚正玉,111年臺南市議員選舉,首次申報,1111024,雜支支出,台灣中油,22919264,0.00,700.00,,,,汽機車燃料費用,金錢,,,否,,,,,,,
176,姚正玉,111年臺南市議員選舉,首次申報,1111024,雜支支出,大新營加油站,84827130,0.00,1359.00,,,,汽機車燃料費用,金錢,,,否,,,,,,,
177,姚正玉,111年臺南市議員選舉,首次申報,1111025,雜支支出,柳家亭快炒,13702335,0.00,3200.00,,,,餐飲費用,金錢,,,否,,,,,,,
178,姚正玉,111年臺南市議員選舉,首次申報,1111025,雜支支出,中華電信,69109906,0.00,868.00,,,,電信費用,金錢,,,否,,,,,,,
179,姚正玉,111年臺南市議員選舉,首次申報,1111025,租用宣傳車輛支出,大新營加油站,84827130,0.00,820.00,,,,宣傳車輛燃料費用,金錢,,,否,,,,,,,
180,姚正玉,111年臺南市議員選舉,首次申報,1111026,交通旅運支出,台灣中油,71036871,0.00,1557.00,,,,油資,金錢,,,否,,,,,,,
181,姚正玉,111年臺南市議員選舉,首次申報,1111026,租用宣傳車輛支出,台灣中油加油站,71038272,0.00,500.00,,,,宣傳車輛燃料費用,金錢,,,否,,,,,,,
182,姚正玉,111年臺南市議員選舉,首次申報,1111026,交通旅運支出,台灣中油公司,71059804,0.00,263.00,,,,油資,金錢,,,否,,,,,,,
183,姚正玉,111年臺南市議員選舉,首次申報,1111026,宣傳支出,威航食品有限公司,97079214,0.00,30000.00,,,,製作競選物品或宣傳廣告費用（水）,金錢,高雄市湖內區****,,否,,,,,,,
184,姚正玉,111年臺南市議員選舉,首次申報,1111027,雜支支出,稻香快餐店,99213856,0.00,360.00,,,,餐飲費用,金錢,,,否,,,,,,,
185,姚正玉,111年臺南市議員選舉,首次申報,1111028,交通旅運支出,台灣中油加油站,71038272,0.00,500.00,,,,油資,金錢,,,否,,,,,,,
186,姚正玉,111年臺南市議員選舉,首次申報,1111029,雜支支出,台灣中油加油站,27832604,0.00,500.00,,,,汽機車燃料費用,金錢,,,否,,,,,,,
187,姚正玉,111年臺南市議員選舉,首次申報,1111029,交通旅運支出,台灣中油,71038272,0.00,1327.00,,,,油資,金錢,,,否,,,,,,,
188,姚正玉,111年臺南市議員選舉,首次申報,1111029,雜支支出,稻香快餐店,99213856,0.00,850.00,,,,餐飲費用,金錢,,,否,,,,,,,
189,姚正玉,111年臺南市議員選舉,首次申報,1111030,雜支支出,順志糖果店,71456753,0.00,1335.00,,,,餐飲費用,金錢,,,否,,,,,,,
190,姚正玉,111年臺南市議員選舉,首次申報,1111031,宣傳支出,無名廣告設計社,94961310,0.00,1000.00,,,,製作競選物品或宣傳廣告費用（廣告吊車）,金錢,,,否,,,,,,,
191,姚正玉,111年臺南市議員選舉,首次申報,1111031,租用宣傳車輛支出,趙睿瑜,R12*******,0.00,48000.00,,,,雇用宣傳車輛駕駛費用,金錢,臺南市鹽水區****,,否,,,,,,,
192,姚正玉,111年臺南市議員選舉,首次申報,1111101,雜支支出,文寶堂刻印店,06564103,0.00,550.00,,,,文具用品費用,金錢,,,否,,,,,,,
193,姚正玉,111年臺南市議員選舉,首次申報,1111101,雜支支出,建均熱炒店,36772753,0.00,2950.00,,,,餐飲費用,金錢,,,否,,,,,,,
194,姚正玉,111年臺南市議員選舉,首次申報,1111101,交通旅運支出,台灣中油,71036871,0.00,885.00,,,,油資,金錢,,,否,,,,,,,
195,姚正玉,111年臺南市議員選舉,首次申報,1111101,宣傳支出,百事可贈品百貨行,94967623,0.00,5005.00,,,,文宣口罩,金錢,臺南市新營區****,,否,,,,,,,
196,姚正玉,111年臺南市議員選舉,首次申報,1111101,雜支支出,稻香快餐店,99213856,0.00,550.00,,,,餐飲費用,金錢,,,否,,,,,,,
197,姚正玉,111年臺南市議員選舉,首次申報,1111101,人事費用支出,錢美雀,D20*******,0.00,20000.00,,,,其他因工作酬勞之給付,金錢,臺南市新營區****,,否,,,,,,,
198,姚正玉,111年臺南市議員選舉,首次申報,1111101,人事費用支出,李珮熙,E22*******,0.00,30000.00,,,,工資或薪津,金錢,臺南市東區小****,,否,,,,,,,
199,姚正玉,111年臺南市議員選舉,首次申報,1111101,人事費用支出,陳世典,R12*******,0.00,30000.00,,,,競選工資或薪津,金錢,臺南市鹽水區****,,否,,,,,,,
200,姚正玉,111年臺南市議員選舉,首次申報,1111101,人事費用支出,史蕙蓉,S22*******,0.00,10000.00,,,,工資或薪津,金錢,臺南市北區公****,,否,,,,,,,
201,姚正玉,111年臺南市議員選舉,首次申報,1111102,雜支支出,文鄉餐飲有限公司,54569563,0.00,570.00,,,,餐飲費用,金錢,,,否,,,,,,,
202,姚正玉,111年臺南市議員選舉,首次申報,1111103,雜支支出,財團法人中國國民黨,01032780,0.00,2024.00,,,,雜項購置,金錢,,,否,,,,,,,
203,姚正玉,111年臺南市議員選舉,首次申報,1111103,雜支支出,Y蘭餐飲店,47807792,0.00,1010.00,,,,餐飲費用,金錢,,,否,,,,,,,
204,姚正玉,111年臺南市議員選舉,首次申報,1111103,交通旅運支出,台灣中油,71036871,0.00,760.00,,,,油資,金錢,,,否,,,,,,,
205,姚正玉,111年臺南市議員選舉,首次申報,1111103,交通旅運支出,台灣中油,71038272,0.00,1291.00,,,,油資,金錢,,,否,,,,,,,
206,姚正玉,111年臺南市議員選舉,首次申報,1111103,宣傳支出,南天有線電視股份有限公司,89407740,0.00,80000.00,,,,電視宣傳廣告,金錢,臺南市新營區****,,否,,,,,,,
207,姚正玉,111年臺南市議員選舉,首次申報,1111103,人事費用支出,高誌凰,N12*******,0.00,10000.00,,,,工資或薪津,金錢,臺南市新營區****,,否,,,,,,,
208,姚正玉,111年臺南市議員選舉,首次申報,1111104,雜支支出,稻香快餐店,99213856,0.00,540.00,,,,餐飲費用,金錢,,,否,,,,,,,
209,姚正玉,111年臺南市議員選舉,首次申報,1111105,宣傳支出,嘉南廣告社,17469422,0.00,42000.00,,,,文宣派報費,金錢,雲林縣斗六市****,,否,,,,,,,
210,姚正玉,111年臺南市議員選舉,首次申報,1111105,雜支支出,稻香快餐店,99213856,0.00,270.00,,,,餐飲費用,金錢,,,否,,,,,,,
211,姚正玉,111年臺南市議員選舉,首次申報,1111106,交通旅運支出,台灣中油,27832604,0.00,730.00,,,,油資,金錢,,,否,,,,,,,
212,姚正玉,111年臺南市議員選舉,首次申報,1111106,交通旅運支出,台大一加油站,80621396,0.00,1410.00,,,,油資,金錢,,,否,,,,,,,
213,姚正玉,111年臺南市議員選舉,首次申報,1111107,雜支支出,精釀行,14362849,0.00,745.00,,,,餐飲費用,金錢,,,否,,,,,,,
214,姚正玉,111年臺南市議員選舉,首次申報,1111107,雜支支出,新進帝王薑母鴨,26489069,0.00,4380.00,,,,餐飲費用,金錢,,,否,,,,,,,
215,姚正玉,111年臺南市議員選舉,首次申報,1111107,交通旅運支出,台灣中油,71059804,0.00,420.00,,,,油資,金錢,,,否,,,,,,,
216,姚正玉,111年臺南市議員選舉,首次申報,1111108,雜支支出,東山當歸羊肉店,09505706,0.00,1000.00,,,,餐飲費用,金錢,,,否,,,,,,,
217,姚正玉,111年臺南市議員選舉,首次申報,1111108,宣傳支出,鳳鳴廣告有限公司,53630246,0.00,50000.00,,,,競選看板,金錢,嘉義市東區蘭****,,否,,,,,,,
218,姚正玉,111年臺南市議員選舉,首次申報,1111108,宣傳支出,觀遠文創有限公司,54560768,0.00,52780.00,,,,製作競選口罩文宣、貼紙、競選文宣印刷,金錢,臺南市安平區****,,是,方士華,,,,配偶(夫),,
219,姚正玉,111年臺南市議員選舉,首次申報,1111108,雜支支出,稻香快餐店,99213856,0.00,300.00,,,,餐飲費用,金錢,,,否,,,,,,,
220,姚正玉,111年臺南市議員選舉,首次申報,1111109,宣傳支出,中華日報社股份有限公司,03710808,0.00,70000.00,,,,廣告宣傳,金錢,臺南市北區西****,,否,,,,,,,
221,姚正玉,111年臺南市議員選舉,首次申報,1111109,交通旅運支出,台灣中油,71059804,0.00,737.00,,,,油資,金錢,,,否,,,,,,,
222,姚正玉,111年臺南市議員選舉,首次申報,1111109,租用競選辦事處支出,壹哥音響股份有限公司,90252060,0.00,20000.00,,,,租買辦公設備費用,金錢,臺南市新營區****,,否,,,,,,,
223,姚正玉,111年臺南市議員選舉,首次申報,1111110,宣傳支出,鑫達仁影像科技有限公司,24911963,0.00,29550.00,,,,邀請卡等,金錢,臺南市北區實****,,否,,,,,,,
224,姚正玉,111年臺南市議員選舉,首次申報,1111111,雜支支出,士林廣東粥,10835640,0.00,450.00,,,,餐飲費用,金錢,,,否,,,,,,,
225,姚正玉,111年臺南市議員選舉,首次申報,1111111,交通旅運支出,台灣中油公司,71038272,0.00,865.00,,,,油資,金錢,,,否,,,,,,,
226,姚正玉,111年臺南市議員選舉,首次申報,1111111,雜支支出,稻香快餐店,99213856,0.00,595.00,,,,餐飲費用,金錢,,,否,,,,,,,
227,姚正玉,111年臺南市議員選舉,首次申報,1111112,雜支支出,Y蘭餐飲店,47807792,0.00,765.00,,,,餐飲費用,金錢,,,否,,,,,,,
228,姚正玉,111年臺南市議員選舉,首次申報,1111112,雜支支出,文鄉餐飲有限公司,54569563,0.00,855.00,,,,餐飲費用,金錢,,,否,,,,,,,
229,姚正玉,111年臺南市議員選舉,首次申報,1111113,交通旅運支出,台灣中油加油站,71038272,0.00,340.00,,,,油資,金錢,,,否,,,,,,,
230,姚正玉,111年臺南市議員選舉,首次申報,1111113,交通旅運支出,台灣中油公司,71038272,0.00,1353.00,,,,油資,金錢,,,否,,,,,,,
231,姚正玉,111年臺南市議員選舉,首次申報,1111113,交通旅運支出,大新營加油站,84827130,0.00,849.00,,,,油資,金錢,,,否,,,,,,,
232,姚正玉,111年臺南市議員選舉,首次申報,1111114,交通旅運支出,台灣中油,71038272,0.00,1455.00,,,,油資,金錢,,,否,,,,,,,
233,姚正玉,111年臺南市議員選舉,首次申報,1111115,租用競選辦事處支出,小北百貨,,0.00,748.00,,,,租買辦公設備費用,金錢,臺南市新營區****,,否,,,,,,,
234,姚正玉,111年臺南市議員選舉,首次申報,1111115,宣傳支出,鑫玉商務社,40719062,0.00,8400.00,,,,文宣派報,金錢,臺南市新營區****,,否,,,,,,,
235,姚正玉,111年臺南市議員選舉,首次申報,1111115,雜支支出,文化書局,71037703,0.00,2000.00,,,,雜項購置或修繕費用,金錢,,,否,,,,,,,
236,姚正玉,111年臺南市議員選舉,首次申報,1111116,宣傳支出,文化書局,71037703,0.00,400.00,,,,製作競選物品或宣傳廣告費用（小文宣 影印）,金錢,臺南市新營區****,,否,,,,,,,
237,姚正玉,111年臺南市議員選舉,首次申報,1111117,雜支支出,小北百貨,,0.00,1598.00,,,,雜項購置或修繕費用,金錢,臺南市新營區****,,否,,,,,,,
238,姚正玉,111年臺南市議員選舉,首次申報,1111117,雜支支出,廷珍小吃店,,0.00,570.00,,,,便當,金錢,臺南市新營區****,,否,,,,,,,
239,姚正玉,111年臺南市議員選舉,首次申報,1111117,宣傳支出,文化書局,71037703,0.00,400.00,,,,製作競選物品或宣傳廣告費用(影印小文宣）,金錢,臺南市新營區****,,否,,,,,,,
240,姚正玉,111年臺南市議員選舉,首次申報,1111117,交通旅運支出,台大一加油站,80621396,0.00,894.00,,,,油資,金錢,,,否,,,,,,,
241,姚正玉,111年臺南市議員選舉,首次申報,1111118,雜支支出,小北百貨,,0.00,1756.00,,,,雜項購置或修繕費用,金錢,臺南市新營區****,,否,,,,,,,
242,姚正玉,111年臺南市議員選舉,首次申報,1111118,雜支支出,廷珍小吃店,,0.00,640.00,,,,便當,金錢,臺南市新營區****,,否,,,,,,,
243,姚正玉,111年臺南市議員選舉,首次申報,1111118,雜支支出,小北百貨,,0.00,699.00,,,,雜項購置或修繕費用,金錢,臺南市新營區****,,否,,,,,,,
244,姚正玉,111年臺南市議員選舉,首次申報,1111118,雜支支出,君冠飲食店,81415802,0.00,360.00,,,,餐飲費用,金錢,,,否,,,,,,,
245,姚正玉,111年臺南市議員選舉,首次申報,1111118,宣傳支出,群越科技股份有限公司,83097249,0.00,83500.00,,,,競選口罩,金錢,臺中市豐原區****,,否,,,,,,,
246,姚正玉,111年臺南市議員選舉,首次申報,1111119,雜支支出,小北百貨,,0.00,699.00,,,,雜項購置或修繕費用,金錢,臺南市新營區****,,否,,,,,,,
247,姚正玉,111年臺南市議員選舉,首次申報,1111119,雜支支出,廷珍小吃店,,0.00,680.00,,,,便當,金錢,臺南市新營區****,,否,,,,,,,
248,姚正玉,111年臺南市議員選舉,首次申報,1111119,交通旅運支出,統一精工加油站,14987990,0.00,720.00,,,,油資,金錢,,,否,,,,,,,
249,姚正玉,111年臺南市議員選舉,首次申報,1111119,雜支支出,月津香,71052302,0.00,730.00,,,,餐飲費用,金錢,,,否,,,,,,,
250,姚正玉,111年臺南市議員選舉,首次申報,1111119,雜支支出,君冠飲食店,81415802,0.00,800.00,,,,餐飲費用,金錢,,,否,,,,,,,
251,姚正玉,111年臺南市議員選舉,首次申報,1111121,雜支支出,廷珍小吃店,,0.00,800.00,,,,便當,金錢,臺南市新營區****,,否,,,,,,,
252,姚正玉,111年臺南市議員選舉,首次申報,1111121,雜支支出,廷珍小吃店,,0.00,775.00,,,,便當,金錢,臺南市新營區****,,否,,,,,,,
253,姚正玉,111年臺南市議員選舉,首次申報,1111121,集會支出,六龍文創有限公司,,0.00,20000.00,,,,攝影費用,金錢,基隆市暖暖區****,,否,,,,,,,
254,姚正玉,111年臺南市議員選舉,首次申報,1111121,宣傳支出,鑫玉商務社,40719062,0.00,18600.00,,,,文宣派報,金錢,臺南市新營區****,,否,,,,,,,
255,姚正玉,111年臺南市議員選舉,首次申報,1111121,雜支支出,文化書局,71037703,0.00,4000.00,,,,彩色列印,金錢,臺南市新營區****,,否,,,,,,,
256,姚正玉,111年臺南市議員選舉,首次申報,1111121,雜支支出,文化書局,71037703,0.00,660.00,,,,雜項購置或修繕費用,金錢,,,否,,,,,,,
257,姚正玉,111年臺南市議員選舉,首次申報,1111121,雜支支出,昕祥成商行,81280797,0.00,2750.00,,,,餐飲費用,金錢,,,否,,,,,,,
258,姚正玉,111年臺南市議員選舉,首次申報,1111121,宣傳支出,群越科技股份有限公司,83097249,0.00,74800.00,,,,製作競選物品或宣傳廣告費用（口罩）,金錢,臺中市豐原區****,,否,,,,,,,
259,姚正玉,111年臺南市議員選舉,首次申報,1111121,雜支支出,竹軒休閒廣場,99578840,0.00,2600.00,,,,點心,金錢,臺南市鹽水區****,,否,,,,,,,
260,姚正玉,111年臺南市議員選舉,首次申報,1111122,雜支支出,台灣中油加油站,27832604,0.00,826.00,,,,汽機車燃料費用,金錢,,,否,,,,,,,
261,姚正玉,111年臺南市議員選舉,首次申報,1111122,雜支支出,誌在汽車商行,85640920,0.00,1800.00,,,,雜項購置或修繕費用,金錢,,,否,,,,,,,
262,姚正玉,111年臺南市議員選舉,首次申報,1111123,雜支支出,香港匡城燒臘名店,09505706,0.00,680.00,,,,餐飲費用,金錢,,,否,,,,,,,
263,姚正玉,111年臺南市議員選舉,首次申報,1111123,雜支支出,旅行者企業社,29412451,0.00,5700.00,,,,文宣小物臂章,金錢,臺南市北區大****,,否,,,,,,,
264,姚正玉,111年臺南市議員選舉,首次申報,1111123,交通旅運支出,台灣中油,71059804,0.00,1302.00,,,,油資,金錢,,,否,,,,,,,
265,姚正玉,111年臺南市議員選舉,首次申報,1111123,雜支支出,君冠飲食店,81415802,0.00,978.00,,,,餐飲費用,金錢,,,否,,,,,,,
266,姚正玉,111年臺南市議員選舉,首次申報,1111123,租用宣傳車輛支出,廖虔偉,R12*******,0.00,7800.00,,,,雇用宣傳車輛駕駛費用,金錢,臺南市新營區****,,否,,,,,,,
267,姚正玉,111年臺南市議員選舉,首次申報,1111123,人事費用支出,柯玉慈,R22*******,0.00,17700.00,,,,其他因工作酬勞之給付,金錢,臺南市新營區****,,否,,,,,,,
268,姚正玉,111年臺南市議員選舉,首次申報,1111124,雜支支出,廷珍小吃店,,0.00,855.00,,,,便當,金錢,臺南市新營區****,,否,,,,,,,
269,姚正玉,111年臺南市議員選舉,首次申報,1111124,交通旅運支出,清安汽車行,71417957,0.00,1200.00,,,,其他與交通旅運有關之費用,金錢,臺南市新營區****,,否,,,,,,,
270,姚正玉,111年臺南市議員選舉,首次申報,1111124,交通旅運支出,台大一加油站,80621396,0.00,1249.00,,,,油資,金錢,,,否,,,,,,,
271,姚正玉,111年臺南市議員選舉,首次申報,1111124,雜支支出,君冠飲食店,81415802,0.00,636.00,,,,餐飲費用,金錢,,,否,,,,,,,
272,姚正玉,111年臺南市議員選舉,首次申報,1111124,人事費用支出,黃華安,D12*******,0.00,15000.00,,,,攝影工作酬勞之給付,金錢,基隆市暖暖區****,,否,,,,,,,
273,姚正玉,111年臺南市議員選舉,首次申報,1111124,租用宣傳車輛支出,沈聰林,R12*******,0.00,11400.00,,,,雇用宣傳車輛駕駛費用,金錢,臺南市新營區****,,否,,,,,,,
274,姚正玉,111年臺南市議員選舉,首次申報,1111124,租用宣傳車輛支出,翁莎莎,R22*******,0.00,8400.00,,,,雇用宣傳車輛駕駛費用,金錢,臺南市新營區****,,否,,,,,,,
275,姚正玉,111年臺南市議員選舉,首次申報,1111124,租用宣傳車輛支出,沈紜慧,R22*******,0.00,9600.00,,,,雇用宣傳車輛駕駛費用,金錢,臺南市東山區****,,否,,,,,,,
276,姚正玉,111年臺南市議員選舉,首次申報,1111125,雜支支出,廷珍小吃店,,0.00,1900.00,,,,便當,金錢,臺南市新營區****,,否,,,,,,,
277,姚正玉,111年臺南市議員選舉,首次申報,1111125,雜支支出,中華電信,69109906,0.00,951.00,,,,電信費用,金錢,,,否,,,,,,,
278,姚正玉,111年臺南市議員選舉,首次申報,1111125,宣傳支出,文化書局,71037703,0.00,1800.00,,,,製作競選物品或宣傳廣告費用（海報）,金錢,臺南市新營區****,,否,,,,,,,
279,姚正玉,111年臺南市議員選舉,首次申報,1111125,交通旅運支出,台灣中油,71038272,0.00,540.00,,,,油資,金錢,,,否,,,,,,,
280,姚正玉,111年臺南市議員選舉,首次申報,1111125,雜支支出,君冠飲食店,81415802,0.00,1000.00,,,,餐飲費用,金錢,,,否,,,,,,,
281,姚正玉,111年臺南市議員選舉,首次申報,1111126,雜支支出,阿瑞鵝肉店,26445247,0.00,2350.00,,,,餐飲費用,金錢,臺南市鹽水區****,,否,,,,,,,
282,姚正玉,111年臺南市議員選舉,首次申報,1111207,宣傳支出,觀遠文創有限公司,54560768,0.00,27440.00,,,,製作競選物品或宣傳廣告費用（口罩文宣派報文宣),金錢,臺南市安平區****,,是,方士華,,,,配偶(夫),,
