﻿序號,擬參選人／政黨,選舉名稱,申報序號／年度,交易日期,收支科目,捐贈者／支出對象,身分證／統一編號,收入金額,支出金額,支出用途,金錢類,地址,聯絡電話,資料更正日期
1,陳志明,107年直轄市議員選舉,首次申報,1070504,政黨捐贈收入,時代力量,政黨證字第267號,20000.00,0.00,,金錢,臺北市中正區****,(02)*****,
2,陳志明,107年直轄市議員選舉,首次申報,1070516,匿名捐贈,匿名(智),,3000.00,0.00,,金錢,,,
3,陳志明,107年直轄市議員選舉,首次申報,1070516,匿名捐贈,匿名(智),,300.00,0.00,,金錢,,,
4,陳志明,107年直轄市議員選舉,首次申報,1070516,個人捐贈收入,林辰宇,B12*******,20000.00,0.00,,金錢,桃園市縣府路****,0937*****,
5,陳志明,107年直轄市議員選舉,首次申報,1070516,個人捐贈收入,陳育仁,E12*******,5000.00,0.00,,金錢,高雄市左營區****,0986*****,
6,陳志明,107年直轄市議員選舉,首次申報,1070516,個人捐贈收入,陳建谷,E12*******,1000.00,0.00,,金錢,高雄市前鎮區****,0937*****,
7,陳志明,107年直轄市議員選舉,首次申報,1070516,個人捐贈收入,蔡元卿,E12*******,5000.00,0.00,,金錢,嘉義市東區學****,0921*****,
8,陳志明,107年直轄市議員選舉,首次申報,1070516,個人捐贈收入,尤建文,F12*******,15000.00,0.00,,金錢,新北市三重區****,0936*****,
9,陳志明,107年直轄市議員選舉,首次申報,1070516,個人捐贈收入,王振中,F12*******,1000.00,0.00,,金錢,新北市新莊區****,0983*****,
10,陳志明,107年直轄市議員選舉,首次申報,1070516,個人捐贈收入,姚文正,G12*******,1000.00,0.00,,金錢,新北市中和區****,0930*****,
11,陳志明,107年直轄市議員選舉,首次申報,1070516,個人捐贈收入,林銘泓,N12*******,1000.00,0.00,,金錢,新北市板橋區****,0966*****,
12,陳志明,107年直轄市議員選舉,首次申報,1070516,個人捐贈收入,陳用奇,N12*******,2000.00,0.00,,金錢,臺中市西屯區****,0911*****,
13,陳志明,107年直轄市議員選舉,首次申報,1070516,個人捐贈收入,潘俊諺,Q12*******,3000.00,0.00,,金錢,臺北市大同區****,0929*****,
14,陳志明,107年直轄市議員選舉,首次申報,1070516,個人捐贈收入,陳致弦,T12*******,3000.00,0.00,,金錢,雲林縣斗六市****,0933*****,
15,陳志明,107年直轄市議員選舉,首次申報,1070517,匿名捐贈,匿名(智),,1000.00,0.00,,金錢,,,
16,陳志明,107年直轄市議員選舉,首次申報,1070517,匿名捐贈,匿名(智),,1000.00,0.00,,金錢,,,
17,陳志明,107年直轄市議員選舉,首次申報,1070517,個人捐贈收入,許文榮,,666.00,0.00,,金錢,新北市金山區****,0972*****,
18,陳志明,107年直轄市議員選舉,首次申報,1070517,個人捐贈收入,鄧涵方,C22*******,500.00,0.00,,金錢,臺北市大安區****,0922*****,
19,陳志明,107年直轄市議員選舉,首次申報,1070517,個人捐贈收入,汪家驊,F12*******,1500.00,0.00,,金錢,臺北市大同區****,0922*****,
20,陳志明,107年直轄市議員選舉,首次申報,1070517,個人捐贈收入,張佑任,F12*******,1000.00,0.00,,金錢,新北市板橋區****,0986*****,
21,陳志明,107年直轄市議員選舉,首次申報,1070517,個人捐贈收入,何柏賢,J12*******,2000.00,0.00,,金錢,臺北市內湖區****,0911*****,
22,陳志明,107年直轄市議員選舉,首次申報,1070517,個人捐贈收入,林英霖,M12*******,3000.00,0.00,,金錢,南投縣南投市****,0963*****,
23,陳志明,107年直轄市議員選舉,首次申報,1070517,個人捐贈收入,葉俊男,N12*******,1000.00,0.00,,金錢,新北市三重區****,0939*****,
24,陳志明,107年直轄市議員選舉,首次申報,1070517,個人捐贈收入,林宗毅,Q12*******,2000.00,0.00,,金錢,新竹市東區東****,0912*****,
25,陳志明,107年直轄市議員選舉,首次申報,1070517,個人捐贈收入,許瑞賓,R12*******,3000.00,0.00,,金錢,臺北市北投區****,0938*****,
26,陳志明,107年直轄市議員選舉,首次申報,1070518,個人捐贈收入,卓福盛,,2000.00,0.00,,金錢,新北市五股區****,,
27,陳志明,107年直轄市議員選舉,首次申報,1070518,個人捐贈收入,楊鎮熒,,1000.00,0.00,,金錢,新北市汐止區****,,
28,陳志明,107年直轄市議員選舉,首次申報,1070518,個人捐贈收入,周永青,F12*******,5000.00,0.00,,金錢,臺北市萬華區****,0966*****,
29,陳志明,107年直轄市議員選舉,首次申報,1070518,個人捐贈收入,柯俊宇,L12*******,1000.00,0.00,,金錢,新北市新店區****,0930*****,
30,陳志明,107年直轄市議員選舉,首次申報,1070518,個人捐贈收入,賴錦諒,N12*******,3000.00,0.00,,金錢,新北市三重區****,0963*****,
31,陳志明,107年直轄市議員選舉,首次申報,1070519,個人捐贈收入,陳彦滕,D12*******,10000.00,0.00,,金錢,臺南市南區新****,0933*****,
32,陳志明,107年直轄市議員選舉,首次申報,1070520,個人捐贈收入,林綉娟,A22*******,1000.00,0.00,,金錢,臺北市南港區****,0920*****,
33,陳志明,107年直轄市議員選舉,首次申報,1070521,個人捐贈收入,劉榕蘋,C22*******,2400.00,0.00,,非金錢,基隆市中正區****,0921*****,
34,陳志明,107年直轄市議員選舉,首次申報,1070522,個人捐贈收入,詹宗洋,N12*******,1000.00,0.00,,金錢,高雄市苓雅區****,0911*****,
35,陳志明,107年直轄市議員選舉,首次申報,1070523,個人捐贈收入,賴志信,A12*******,10000.00,0.00,,金錢,台北市信義區****,0930*****,
36,陳志明,107年直轄市議員選舉,首次申報,1070525,個人捐贈收入,廖佳威,H12*******,2000.00,0.00,,金錢,桃園市桃園區****,0928*****,
37,陳志明,107年直轄市議員選舉,首次申報,1070526,個人捐贈收入,陳毅恩,G12*******,5000.00,0.00,,金錢,新北市中和區****,0922*****,
38,陳志明,107年直轄市議員選舉,首次申報,1070526,個人捐贈收入,楊智善,N12*******,5000.00,0.00,,金錢,彰化市金馬路****,0979*****,
39,陳志明,107年直轄市議員選舉,首次申報,1070527,匿名捐贈,匿名(智),,1000.00,0.00,,金錢,,,
40,陳志明,107年直轄市議員選舉,首次申報,1070530,個人捐贈收入,李一帆,K12*******,3000.00,0.00,,金錢,台中市西區台****,0919*****,
41,陳志明,107年直轄市議員選舉,首次申報,1070601,匿名捐贈,匿名(郵政劃撥),,600.00,0.00,,金錢,,,
42,陳志明,107年直轄市議員選舉,首次申報,1070601,個人捐贈收入,王星悅,A22*******,600.00,0.00,,金錢,台北市大同區****,0922*****,
43,陳志明,107年直轄市議員選舉,首次申報,1070601,個人捐贈收入,劉晉光,S12*******,600.00,0.00,,金錢,台北市大同區****,0922*****,
44,陳志明,107年直轄市議員選舉,首次申報,1070603,個人捐贈收入,蔡錦豐,L12*******,500.00,0.00,,金錢,板橋區懷德街****,0922*****,
45,陳志明,107年直轄市議員選舉,首次申報,1070603,個人捐贈收入,吳廷軒,O10*******,168.00,0.00,,金錢,新竹縣竹北市****,0958*****,
46,陳志明,107年直轄市議員選舉,首次申報,1070603,個人捐贈收入,游健業,P12*******,3000.00,0.00,,金錢,宜蘭縣羅東鎮****,0963*****,
47,陳志明,107年直轄市議員選舉,首次申報,1070606,個人捐贈收入,林鉦澤,,3265.00,0.00,,非金錢,新北市板橋區****,,
48,陳志明,107年直轄市議員選舉,首次申報,1070607,個人捐贈收入,劉詩翰,,1800.00,0.00,,金錢,臺北市信義區****,0287*****,
49,陳志明,107年直轄市議員選舉,首次申報,1070609,個人捐贈收入,李弘元,F12*******,100000.00,0.00,,金錢,台北市士林區****,0938*****,
50,陳志明,107年直轄市議員選舉,首次申報,1070609,個人捐贈收入,陳宏仁,F12*******,3000.00,0.00,,金錢,新北市三峽區****,0932*****,
51,陳志明,107年直轄市議員選舉,首次申報,1070614,個人捐贈收入,謝進勝,,3600.00,0.00,,金錢,新北市三重區****,,
52,陳志明,107年直轄市議員選舉,首次申報,1070614,個人捐贈收入,宋慧伶,,3000.00,0.00,,金錢,新北市三重區****,,
53,陳志明,107年直轄市議員選舉,首次申報,1070615,個人捐贈收入,連志豪,A12*******,10000.00,0.00,,金錢,台北市萬華區****,0935*****,
54,陳志明,107年直轄市議員選舉,首次申報,1070621,其他收入,利息收入,,3.00,0.00,,金錢,,,
55,陳志明,107年直轄市議員選舉,首次申報,1070706,個人捐贈收入,沈季澤,C12*******,100000.00,0.00,,金錢,新北市汐止區****,,
56,陳志明,107年直轄市議員選舉,首次申報,1070706,個人捐贈收入,涂文宜,H22*******,2000.00,0.00,,金錢,桃園市楊梅區****,0987*****,
57,陳志明,107年直轄市議員選舉,首次申報,1070711,個人捐贈收入,王崇宇,D12*******,1000.00,0.00,,金錢,新北市三重區****,0972*****,
58,陳志明,107年直轄市議員選舉,首次申報,1070711,個人捐贈收入,陳錦堂,F10*******,80000.00,0.00,,金錢,台北市北投區****,,
59,陳志明,107年直轄市議員選舉,首次申報,1070711,個人捐贈收入,呂理瑋,F12*******,20000.00,0.00,,金錢,台中市北屯區****,0922*****,
60,陳志明,107年直轄市議員選舉,首次申報,1070712,營利事業捐贈收入,富鹿貿易股份有限公司,36511821,20000.00,0.00,,金錢,台北市中山北****,0910*****,
61,陳志明,107年直轄市議員選舉,首次申報,1070712,個人捐贈收入,陳姵蓁,A22*******,100000.00,0.00,,金錢,臺北市士林區****,0963*****,
62,陳志明,107年直轄市議員選舉,首次申報,1070712,個人捐贈收入,黃麗蓉,D22*******,50000.00,0.00,,金錢,台南市中西區****,,
63,陳志明,107年直轄市議員選舉,首次申報,1070712,個人捐贈收入,呂理瑋,F12*******,50000.00,0.00,,金錢,台中市北屯區****,0922*****,
64,陳志明,107年直轄市議員選舉,首次申報,1070712,個人捐贈收入,蘇珊,P22*******,40000.00,0.00,,金錢,新北市中和區****,0932*****,
65,陳志明,107年直轄市議員選舉,首次申報,1070712,個人捐贈收入,賴昇濱,Q10*******,20000.00,0.00,,金錢,台北市忠孝東****,0989*****,
66,陳志明,107年直轄市議員選舉,首次申報,1070712,個人捐贈收入,曾定郎,T10*******,20000.00,0.00,,金錢,台北市敦化南****,0935*****,
67,陳志明,107年直轄市議員選舉,首次申報,1070724,個人捐贈收入,黃景義,,1000.00,0.00,,金錢,台北市內湖區****,,
68,陳志明,107年直轄市議員選舉,首次申報,1070724,個人捐贈收入,許育銘,A12*******,1000.00,0.00,,金錢,新北市三重區****,0907*****,
69,陳志明,107年直轄市議員選舉,首次申報,1070726,個人捐贈收入,侯冠宇,R12*******,1000.00,0.00,,金錢,台南市善化區****,0932*****,
70,陳志明,107年直轄市議員選舉,首次申報,1070802,個人捐贈收入,王永順,A12*******,1000.00,0.00,,金錢,新北市中和區****,0918*****,
71,陳志明,107年直轄市議員選舉,首次申報,1070818,個人捐贈收入,尤建文,F12*******,10050.00,0.00,,金錢,新北市三重區****,0936*****,
72,陳志明,107年直轄市議員選舉,首次申報,1070820,政黨捐贈收入,時代力量,政黨證字第267號,200000.00,0.00,,金錢,臺北市中正區****,(02)*****,
73,陳志明,107年直轄市議員選舉,首次申報,1070827,個人捐贈收入,許育銘,A12*******,1000.00,0.00,,金錢,新北市三重區****,0907*****,
74,陳志明,107年直轄市議員選舉,首次申報,1070831,個人捐贈收入,高紹偉,,10000.00,0.00,,金錢,台北市文山區****,,
75,陳志明,107年直轄市議員選舉,首次申報,1070831,個人捐贈收入,俆晨鈞,A22*******,2000.00,0.00,,金錢,台北市大安區****,0955*****,
76,陳志明,107年直轄市議員選舉,首次申報,1070901,個人捐贈收入,張書銘,F12*******,1000.00,0.00,,金錢,新北市蘆洲區****,0910*****,
77,陳志明,107年直轄市議員選舉,首次申報,1070903,個人捐贈收入,陳用奇,N12*******,3000.00,0.00,,金錢,新北市三重區****,0911*****,
78,陳志明,107年直轄市議員選舉,首次申報,1070905,匿名捐贈,匿名,,2000.00,0.00,,金錢,,,
79,陳志明,107年直轄市議員選舉,首次申報,1070905,個人捐贈收入,吳宗勳,A12*******,100000.00,0.00,,金錢,花蓮縣光復鄉****,,
80,陳志明,107年直轄市議員選舉,首次申報,1070905,個人捐贈收入,陳韻如,A22*******,100000.00,0.00,,金錢,花蓮縣光復鄉****,0922*****,
81,陳志明,107年直轄市議員選舉,首次申報,1070906,匿名捐贈,匿名(智0906),,500.00,0.00,,金錢,,,
82,陳志明,107年直轄市議員選舉,首次申報,1070906,個人捐贈收入,黃冠儒,A12*******,300.00,0.00,,金錢,台北市大同區****,0933*****,
83,陳志明,107年直轄市議員選舉,首次申報,1070906,個人捐贈收入,王宣凱,F12*******,2000.00,0.00,,金錢,桃園市桃園區****,0989*****,
84,陳志明,107年直轄市議員選舉,首次申報,1070906,個人捐贈收入,呂靜宜,F22*******,2000.00,0.00,,金錢,新北市新莊區****,0989*****,
85,陳志明,107年直轄市議員選舉,首次申報,1070906,個人捐贈收入,李健賓,N12*******,2000.00,0.00,,金錢,台北市萬華區****,0920*****,
86,陳志明,107年直轄市議員選舉,首次申報,1070907,個人捐贈收入,陸健一,E12*******,1000.00,0.00,,金錢,高雄市左營區****,0970*****,
87,陳志明,107年直轄市議員選舉,首次申報,1070910,個人捐贈收入,尤建文,F12*******,20025.00,0.00,,金錢,新北市三重區****,0936*****,
88,陳志明,107年直轄市議員選舉,首次申報,1070913,個人捐贈收入,黃正州,K12*******,500.00,0.00,,金錢,台北市中山區****,0935*****,
89,陳志明,107年直轄市議員選舉,首次申報,1070913,個人捐贈收入,陳韋佑,R12*******,3000.00,0.00,,金錢,台南市將軍區****,0933*****,
90,陳志明,107年直轄市議員選舉,首次申報,1070914,個人捐贈收入,張哲倫,A12*******,50000.00,0.00,,金錢,台北市三民路****,0933*****,
91,陳志明,107年直轄市議員選舉,首次申報,1070914,個人捐贈收入,鐘聖堯,A12*******,5000.00,0.00,,金錢,新北市汐止區****,0916*****,
92,陳志明,107年直轄市議員選舉,首次申報,1070914,個人捐贈收入,陳筱滿,F22*******,500.00,0.00,,金錢,新北市三重區****,0953*****,
93,陳志明,107年直轄市議員選舉,首次申報,1070914,個人捐贈收入,楊宗樺,L12*******,1000.00,0.00,,金錢,彰化縣彰化市****,0935*****,
94,陳志明,107年直轄市議員選舉,首次申報,1070916,個人捐贈收入,洪偉凱,B12*******,3000.00,0.00,,金錢,台中市西屯區****,0910*****,
95,陳志明,107年直轄市議員選舉,首次申報,1070920,個人捐贈收入,陳韻如,B22*******,2000.00,0.00,,金錢,台北市大安區****,0988*****,
96,陳志明,107年直轄市議員選舉,首次申報,1070925,匿名捐贈,匿名(智0928),,10000.00,0.00,,金錢,,,
97,陳志明,107年直轄市議員選舉,首次申報,1070925,個人捐贈收入,凃逸奇,A12*******,2000.00,0.00,,金錢,台北市中正區****,0921*****,
98,陳志明,107年直轄市議員選舉,首次申報,1070925,個人捐贈收入,李泳杰,A12*******,2000.00,0.00,,金錢,台北市北投區****,0989*****,
99,陳志明,107年直轄市議員選舉,首次申報,1070925,個人捐贈收入,董建宗,M12*******,1000.00,0.00,,金錢,台中市西屯區****,0931*****,
100,陳志明,107年直轄市議員選舉,首次申報,1071002,個人捐贈收入,吳宗澤,Y12*******,2000.00,0.00,,金錢,台北市大同區****,0915*****,
101,陳志明,107年直轄市議員選舉,首次申報,1071003,個人捐贈收入,何崇義,,2000.00,0.00,,金錢,新北市三重區****,,
102,陳志明,107年直轄市議員選舉,首次申報,1071003,個人捐贈收入,陳函谷,E22*******,2000.00,0.00,,金錢,屏東縣屏東市****,0933*****,
103,陳志明,107年直轄市議員選舉,首次申報,1071003,個人捐贈收入,黃益中,J12*******,3000.00,0.00,,金錢,台北市內湖區****,0939*****,
104,陳志明,107年直轄市議員選舉,首次申報,1071005,匿名捐贈,匿名(彭園)順福,,9000.00,0.00,,金錢,,,
105,陳志明,107年直轄市議員選舉,首次申報,1071008,匿名捐贈,匿名參,,9000.00,0.00,,金錢,,,
106,陳志明,107年直轄市議員選舉,首次申報,1071008,匿名捐贈,匿名參,,9000.00,0.00,,金錢,,,
107,陳志明,107年直轄市議員選舉,首次申報,1071008,匿名捐贈,匿名參,,9000.00,0.00,,金錢,,,
108,陳志明,107年直轄市議員選舉,首次申報,1071008,匿名捐贈,匿名參,,8000.00,0.00,,金錢,,,
109,陳志明,107年直轄市議員選舉,首次申報,1071008,個人捐贈收入,席時斌,A12*******,3000.00,0.00,,金錢,新北市樹林區****,0926*****,
110,陳志明,107年直轄市議員選舉,首次申報,1071008,個人捐贈收入,朱俊霖,F12*******,1000.00,0.00,,金錢,新北市三重區****,0922*****,
111,陳志明,107年直轄市議員選舉,首次申報,1071008,個人捐贈收入,洪啓軒,F12*******,500.00,0.00,,金錢,新北市蘆洲區****,0922*****,
112,陳志明,107年直轄市議員選舉,首次申報,1071008,個人捐贈收入,涂文宜,H22*******,3000.00,0.00,,金錢,台北市大安區****,0987*****,
113,陳志明,107年直轄市議員選舉,首次申報,1071009,個人捐贈收入,陸強,A12*******,3000.00,0.00,,金錢,新北市三重區****,0915*****,
114,陳志明,107年直轄市議員選舉,首次申報,1071011,個人捐贈收入,陳君瑋,E12*******,6000.00,0.00,,金錢,台北市中正區****,0934*****,
115,陳志明,107年直轄市議員選舉,首次申報,1071011,個人捐贈收入,鄭子誠,P12*******,1000.00,0.00,,金錢,台北市松山區****,0968*****,
116,陳志明,107年直轄市議員選舉,首次申報,1071012,個人捐贈收入,高紹偉,A12*******,5000.00,0.00,,金錢,台北市中正區****,0932*****,
117,陳志明,107年直轄市議員選舉,首次申報,1071012,個人捐贈收入,江承燁,A12*******,10000.00,0.00,,金錢,臺北市大安區****,0915*****,
118,陳志明,107年直轄市議員選舉,首次申報,1071012,個人捐贈收入,陳宏仁,F12*******,3000.00,0.00,,金錢,新北市三峽區****,0932*****,
119,陳志明,107年直轄市議員選舉,首次申報,1071013,匿名捐贈,匿名(彭園),,10000.00,0.00,,金錢,,,
120,陳志明,107年直轄市議員選舉,首次申報,1071013,匿名捐贈,匿名(彭園),,3000.00,0.00,,金錢,,,
121,陳志明,107年直轄市議員選舉,首次申報,1071013,個人捐贈收入,林大有,,3000.00,0.00,,金錢,新北市三重區****,0976*****,
122,陳志明,107年直轄市議員選舉,首次申報,1071013,匿名捐贈,匿名(彭園),,3000.00,0.00,,金錢,,,
123,陳志明,107年直轄市議員選舉,首次申報,1071013,匿名捐贈,匿名(彭園),,3000.00,0.00,,金錢,,,
124,陳志明,107年直轄市議員選舉,首次申報,1071013,匿名捐贈,匿名(彭園),,3000.00,0.00,,金錢,,,
125,陳志明,107年直轄市議員選舉,首次申報,1071013,匿名捐贈,匿名(彭園),,3000.00,0.00,,金錢,,,
126,陳志明,107年直轄市議員選舉,首次申報,1071013,匿名捐贈,匿名(彭園),,3000.00,0.00,,金錢,,,
127,陳志明,107年直轄市議員選舉,首次申報,1071013,匿名捐贈,匿名(彭園),,3000.00,0.00,,金錢,,,
128,陳志明,107年直轄市議員選舉,首次申報,1071013,匿名捐贈,匿名(彭園),,3000.00,0.00,,金錢,,,
129,陳志明,107年直轄市議員選舉,首次申報,1071013,匿名捐贈,匿名(彭園),,3000.00,0.00,,金錢,,,
130,陳志明,107年直轄市議員選舉,首次申報,1071013,匿名捐贈,匿名(彭園),,3000.00,0.00,,金錢,,,
131,陳志明,107年直轄市議員選舉,首次申報,1071013,匿名捐贈,匿名(彭園),,3000.00,0.00,,金錢,,,
132,陳志明,107年直轄市議員選舉,首次申報,1071013,匿名捐贈,匿名(彭園),,3000.00,0.00,,金錢,,,
133,陳志明,107年直轄市議員選舉,首次申報,1071013,匿名捐贈,匿名(彭園),,3000.00,0.00,,金錢,,,
134,陳志明,107年直轄市議員選舉,首次申報,1071013,匿名捐贈,匿名(彭園),,3000.00,0.00,,金錢,,,
135,陳志明,107年直轄市議員選舉,首次申報,1071013,匿名捐贈,匿名(彭園),,3000.00,0.00,,金錢,,,
136,陳志明,107年直轄市議員選舉,首次申報,1071013,匿名捐贈,匿名(彭園),,3000.00,0.00,,金錢,,,
137,陳志明,107年直轄市議員選舉,首次申報,1071013,匿名捐贈,匿名(彭園),,3000.00,0.00,,金錢,,,
138,陳志明,107年直轄市議員選舉,首次申報,1071013,匿名捐贈,匿名(彭園),,3000.00,0.00,,金錢,,,
139,陳志明,107年直轄市議員選舉,首次申報,1071013,匿名捐贈,匿名(彭園),,3000.00,0.00,,金錢,,,
140,陳志明,107年直轄市議員選舉,首次申報,1071013,匿名捐贈,匿名(彭園),,3000.00,0.00,,金錢,,,
141,陳志明,107年直轄市議員選舉,首次申報,1071013,匿名捐贈,匿名(彭園),,3000.00,0.00,,金錢,,,
142,陳志明,107年直轄市議員選舉,首次申報,1071013,匿名捐贈,匿名(彭園),,3000.00,0.00,,金錢,,,
143,陳志明,107年直轄市議員選舉,首次申報,1071013,匿名捐贈,匿名(彭園),,3000.00,0.00,,金錢,,,
144,陳志明,107年直轄市議員選舉,首次申報,1071013,匿名捐贈,匿名(彭園),,3000.00,0.00,,金錢,,,
145,陳志明,107年直轄市議員選舉,首次申報,1071013,匿名捐贈,匿名(彭園),,3000.00,0.00,,金錢,,,
146,陳志明,107年直轄市議員選舉,首次申報,1071013,匿名捐贈,匿名彭園,,3000.00,0.00,,金錢,,,
147,陳志明,107年直轄市議員選舉,首次申報,1071013,個人捐贈收入,陳昭元,,5000.00,0.00,,金錢,新北市三重區****,,
148,陳志明,107年直轄市議員選舉,首次申報,1071013,營利事業捐贈收入,忠孝車業有限公司,80523331,5000.00,0.00,,金錢,台北市中山區****,,
149,陳志明,107年直轄市議員選舉,首次申報,1071013,個人捐贈收入,李裕豐,A12*******,5000.00,0.00,,金錢,台北市松山區****,0927*****,
150,陳志明,107年直轄市議員選舉,首次申報,1071013,個人捐贈收入,馮皓彥,A12*******,5000.00,0.00,,金錢,台北市松山區****,0936*****,
151,陳志明,107年直轄市議員選舉,首次申報,1071013,個人捐贈收入,吳浩源,A12*******,20000.00,0.00,,金錢,新北市新莊區****,0987*****,
152,陳志明,107年直轄市議員選舉,首次申報,1071013,個人捐贈收入,林昆民,A12*******,2000.00,0.00,,金錢,台北市士林區****,0909*****,
153,陳志明,107年直轄市議員選舉,首次申報,1071013,個人捐贈收入,駱易君,A22*******,3000.00,0.00,,金錢,新北市三峽區****,0987*****,
154,陳志明,107年直轄市議員選舉,首次申報,1071013,個人捐贈收入,張德潤,C10*******,5000.00,0.00,,金錢,新北市三重區****,0939*****,
155,陳志明,107年直轄市議員選舉,首次申報,1071013,個人捐贈收入,周賢桐,F12*******,5000.00,0.00,,金錢,新北市蘆洲區****,0937*****,
156,陳志明,107年直轄市議員選舉,首次申報,1071013,個人捐贈收入,吳郁德,F12*******,3000.00,0.00,,金錢,新北市三重區****,0982*****,
157,陳志明,107年直轄市議員選舉,首次申報,1071013,個人捐贈收入,沈淑貞,F22*******,3000.00,0.00,,金錢,新北市蘆洲區****,0909*****,
158,陳志明,107年直轄市議員選舉,首次申報,1071013,個人捐贈收入,黃榮堂,N10*******,50000.00,0.00,,金錢,台北市大安區****,0933*****,
159,陳志明,107年直轄市議員選舉,首次申報,1071013,個人捐贈收入,陳文村,Y10*******,30000.00,0.00,,金錢,台北市士林區****,0228*****,
160,陳志明,107年直轄市議員選舉,首次申報,1071013,個人捐贈收入,李啟新,Y12*******,6000.00,0.00,,金錢,台北市北投區****,0939*****,
161,陳志明,107年直轄市議員選舉,首次申報,1071014,匿名捐贈,匿名(智),,1000.00,0.00,,金錢,,,
162,陳志明,107年直轄市議員選舉,首次申報,1071014,匿名捐贈,匿名(彭園),,3000.00,0.00,,金錢,,,
163,陳志明,107年直轄市議員選舉,首次申報,1071014,匿名捐贈,匿名(彭園),,3000.00,0.00,,金錢,,,
164,陳志明,107年直轄市議員選舉,首次申報,1071014,匿名捐贈,匿名(彭園),,3000.00,0.00,,金錢,,,
165,陳志明,107年直轄市議員選舉,首次申報,1071014,匿名捐贈,匿名(彭園),,3000.00,0.00,,金錢,,,
166,陳志明,107年直轄市議員選舉,首次申報,1071014,匿名捐贈,匿名(彭園),,3000.00,0.00,,金錢,,,
167,陳志明,107年直轄市議員選舉,首次申報,1071014,匿名捐贈,匿名(彭園),,3000.00,0.00,,金錢,,,
168,陳志明,107年直轄市議員選舉,首次申報,1071014,匿名捐贈,匿名(彭園),,3000.00,0.00,,金錢,,,
169,陳志明,107年直轄市議員選舉,首次申報,1071014,匿名捐贈,匿名(彭園),,3000.00,0.00,,金錢,,,
170,陳志明,107年直轄市議員選舉,首次申報,1071014,匿名捐贈,匿名(彭園),,3000.00,0.00,,金錢,,,
171,陳志明,107年直轄市議員選舉,首次申報,1071014,匿名捐贈,匿名(彭園),,3000.00,0.00,,金錢,,,
172,陳志明,107年直轄市議員選舉,首次申報,1071014,匿名捐贈,匿名(彭園),,3000.00,0.00,,金錢,,,
173,陳志明,107年直轄市議員選舉,首次申報,1071014,匿名捐贈,匿名(彭園),,3000.00,0.00,,金錢,,,
174,陳志明,107年直轄市議員選舉,首次申報,1071014,匿名捐贈,匿名(彭園),,3000.00,0.00,,金錢,,,
175,陳志明,107年直轄市議員選舉,首次申報,1071014,匿名捐贈,匿名(彭園),,3000.00,0.00,,金錢,,,
176,陳志明,107年直轄市議員選舉,首次申報,1071014,匿名捐贈,匿名(彭園),,3000.00,0.00,,金錢,,,
177,陳志明,107年直轄市議員選舉,首次申報,1071014,匿名捐贈,匿名(彭園),,3000.00,0.00,,金錢,,,
178,陳志明,107年直轄市議員選舉,首次申報,1071014,匿名捐贈,匿名(彭園),,3000.00,0.00,,金錢,,,
179,陳志明,107年直轄市議員選舉,首次申報,1071014,匿名捐贈,匿名(彭園),,3000.00,0.00,,金錢,,,
180,陳志明,107年直轄市議員選舉,首次申報,1071014,匿名捐贈,匿名(彭園),,3000.00,0.00,,金錢,,,
181,陳志明,107年直轄市議員選舉,首次申報,1071014,個人捐贈收入,陳良吉,A12*******,10000.00,0.00,,金錢,台北市松山區****,0910*****,
182,陳志明,107年直轄市議員選舉,首次申報,1071014,個人捐贈收入,陳宥融,A12*******,20000.00,0.00,,金錢,台北市北投區****,0932*****,
183,陳志明,107年直轄市議員選舉,首次申報,1071014,個人捐贈收入,王如明,F12*******,10000.00,0.00,,金錢,新北市蘆洲區****,0928*****,
184,陳志明,107年直轄市議員選舉,首次申報,1071015,匿名捐贈,匿名(彭園),,3000.00,0.00,,金錢,,,
185,陳志明,107年直轄市議員選舉,首次申報,1071015,匿名捐贈,匿名(彭園),,3000.00,0.00,,金錢,,,
186,陳志明,107年直轄市議員選舉,首次申報,1071015,匿名捐贈,匿名(彭園),,3000.00,0.00,,金錢,,,
187,陳志明,107年直轄市議員選舉,首次申報,1071015,匿名捐贈,匿名(彭園),,3000.00,0.00,,金錢,,,
188,陳志明,107年直轄市議員選舉,首次申報,1071015,匿名捐贈,匿名(彭園),,3000.00,0.00,,金錢,,,
189,陳志明,107年直轄市議員選舉,首次申報,1071015,匿名捐贈,匿名(彭園),,3000.00,0.00,,金錢,,,
190,陳志明,107年直轄市議員選舉,首次申報,1071015,匿名捐贈,匿名(彭園),,3000.00,0.00,,金錢,,,
191,陳志明,107年直轄市議員選舉,首次申報,1071015,匿名捐贈,匿名(彭園),,3000.00,0.00,,金錢,,,
192,陳志明,107年直轄市議員選舉,首次申報,1071015,匿名捐贈,匿名(彭園),,3000.00,0.00,,金錢,,,
193,陳志明,107年直轄市議員選舉,首次申報,1071015,匿名捐贈,匿名(彭園),,3000.00,0.00,,金錢,,,
194,陳志明,107年直轄市議員選舉,首次申報,1071015,匿名捐贈,匿名(彭園),,3000.00,0.00,,金錢,,,
195,陳志明,107年直轄市議員選舉,首次申報,1071015,個人捐贈收入,林陳村,A12*******,50000.00,0.00,,金錢,台北市中正區****,0936*****,
196,陳志明,107年直轄市議員選舉,首次申報,1071015,個人捐贈收入,呂志明,A12*******,10000.00,0.00,,金錢,台北市士林區****,0936*****,
197,陳志明,107年直轄市議員選舉,首次申報,1071015,個人捐贈收入,連宏榮,A12*******,20000.00,0.00,,金錢,台北市大同區****,0956*****,
198,陳志明,107年直轄市議員選舉,首次申報,1071016,匿名捐贈,匿名(彭園),,3000.00,0.00,,金錢,,,
199,陳志明,107年直轄市議員選舉,首次申報,1071016,匿名捐贈,匿名(彭園),,3000.00,0.00,,金錢,,,
200,陳志明,107年直轄市議員選舉,首次申報,1071016,匿名捐贈,匿名(彭園),,3000.00,0.00,,金錢,,,
201,陳志明,107年直轄市議員選舉,首次申報,1071016,匿名捐贈,匿名(彭園),,3000.00,0.00,,金錢,,,
202,陳志明,107年直轄市議員選舉,首次申報,1071016,匿名捐贈,匿名(彭園),,3000.00,0.00,,金錢,,,
203,陳志明,107年直轄市議員選舉,首次申報,1071016,匿名捐贈,匿名(彭園),,3000.00,0.00,,金錢,,,
204,陳志明,107年直轄市議員選舉,首次申報,1071016,匿名捐贈,匿名(彭園),,3000.00,0.00,,金錢,,,
205,陳志明,107年直轄市議員選舉,首次申報,1071016,匿名捐贈,匿名(彭園),,3000.00,0.00,,金錢,,,
206,陳志明,107年直轄市議員選舉,首次申報,1071016,匿名捐贈,匿名(彭園),,3000.00,0.00,,金錢,,,
207,陳志明,107年直轄市議員選舉,首次申報,1071016,匿名捐贈,匿名(彭園),,3000.00,0.00,,金錢,,,
208,陳志明,107年直轄市議員選舉,首次申報,1071016,匿名捐贈,匿名(彭園),,3000.00,0.00,,金錢,,,
209,陳志明,107年直轄市議員選舉,首次申報,1071016,匿名捐贈,匿名(彭園),,3000.00,0.00,,金錢,,,
210,陳志明,107年直轄市議員選舉,首次申報,1071016,匿名捐贈,匿名(彭園),,3000.00,0.00,,金錢,,,
211,陳志明,107年直轄市議員選舉,首次申報,1071016,匿名捐贈,匿名(彭園),,3000.00,0.00,,金錢,,,
212,陳志明,107年直轄市議員選舉,首次申報,1071016,匿名捐贈,匿名(彭園),,3000.00,0.00,,金錢,,,
213,陳志明,107年直轄市議員選舉,首次申報,1071016,個人捐贈收入,林昆達,F12*******,10000.00,0.00,,金錢,新北市三重區****,0933*****,
214,陳志明,107年直轄市議員選舉,首次申報,1071016,個人捐贈收入,包仕宏,L12*******,10000.00,0.00,,金錢,新北市板橋區****,0936*****,
215,陳志明,107年直轄市議員選舉,首次申報,1071016,個人捐贈收入,郭清和,Y12*******,20000.00,0.00,,金錢,台北市士林區****,0922*****,
216,陳志明,107年直轄市議員選舉,首次申報,1071017,匿名捐贈,匿名(彭園),,3000.00,0.00,,金錢,,,
217,陳志明,107年直轄市議員選舉,首次申報,1071017,匿名捐贈,匿名(彭園),,3000.00,0.00,,金錢,,,
218,陳志明,107年直轄市議員選舉,首次申報,1071017,匿名捐贈,匿名(彭園),,3000.00,0.00,,金錢,,,
219,陳志明,107年直轄市議員選舉,首次申報,1071017,匿名捐贈,匿名(彭園),,3000.00,0.00,,金錢,,,
220,陳志明,107年直轄市議員選舉,首次申報,1071017,匿名捐贈,匿名(彭園),,3000.00,0.00,,金錢,,,
221,陳志明,107年直轄市議員選舉,首次申報,1071017,匿名捐贈,匿名(彭園),,3000.00,0.00,,金錢,,,
222,陳志明,107年直轄市議員選舉,首次申報,1071017,匿名捐贈,匿名(彭園),,3000.00,0.00,,金錢,,,
223,陳志明,107年直轄市議員選舉,首次申報,1071017,匿名捐贈,匿名(彭園),,3000.00,0.00,,金錢,,,
224,陳志明,107年直轄市議員選舉,首次申報,1071017,匿名捐贈,匿名(彭園),,3000.00,0.00,,金錢,,,
225,陳志明,107年直轄市議員選舉,首次申報,1071017,匿名捐贈,匿名(彭園),,3000.00,0.00,,金錢,,,
226,陳志明,107年直轄市議員選舉,首次申報,1071017,匿名捐贈,匿名(彭園),,3000.00,0.00,,金錢,,,
227,陳志明,107年直轄市議員選舉,首次申報,1071017,匿名捐贈,匿名(彭園),,3000.00,0.00,,金錢,,,
228,陳志明,107年直轄市議員選舉,首次申報,1071017,匿名捐贈,匿名(彭園),,3000.00,0.00,,金錢,,,
229,陳志明,107年直轄市議員選舉,首次申報,1071017,匿名捐贈,匿名(彭園),,3000.00,0.00,,金錢,,,
230,陳志明,107年直轄市議員選舉,首次申報,1071017,匿名捐贈,匿名(彭園),,3000.00,0.00,,金錢,,,
231,陳志明,107年直轄市議員選舉,首次申報,1071017,個人捐贈收入,莊順勝,J10*******,50000.00,0.00,,金錢,台北市北投區****,0932*****,
232,陳志明,107年直轄市議員選舉,首次申報,1071018,匿名捐贈,匿名(彭園),,3000.00,0.00,,金錢,,,
233,陳志明,107年直轄市議員選舉,首次申報,1071018,匿名捐贈,匿名(彭園),,3000.00,0.00,,金錢,,,
234,陳志明,107年直轄市議員選舉,首次申報,1071018,匿名捐贈,匿名(彭園),,3000.00,0.00,,金錢,,,
235,陳志明,107年直轄市議員選舉,首次申報,1071018,匿名捐贈,匿名(彭園),,3000.00,0.00,,金錢,,,
236,陳志明,107年直轄市議員選舉,首次申報,1071018,匿名捐贈,匿名(彭園),,3000.00,0.00,,金錢,,,
237,陳志明,107年直轄市議員選舉,首次申報,1071018,匿名捐贈,匿名(彭園),,3000.00,0.00,,金錢,,,
238,陳志明,107年直轄市議員選舉,首次申報,1071018,匿名捐贈,匿名(彭園),,3000.00,0.00,,金錢,,,
239,陳志明,107年直轄市議員選舉,首次申報,1071018,匿名捐贈,匿名(彭園),,3000.00,0.00,,金錢,,,
240,陳志明,107年直轄市議員選舉,首次申報,1071018,匿名捐贈,匿名(彭園),,3000.00,0.00,,金錢,,,
241,陳志明,107年直轄市議員選舉,首次申報,1071018,匿名捐贈,匿名(彭園),,3000.00,0.00,,金錢,,,
242,陳志明,107年直轄市議員選舉,首次申報,1071018,匿名捐贈,匿名(彭園),,3000.00,0.00,,金錢,,,
243,陳志明,107年直轄市議員選舉,首次申報,1071018,匿名捐贈,匿名(彭園),,3000.00,0.00,,金錢,,,
244,陳志明,107年直轄市議員選舉,首次申報,1071018,匿名捐贈,匿名(彭園),,3000.00,0.00,,金錢,,,
245,陳志明,107年直轄市議員選舉,首次申報,1071018,匿名捐贈,匿名(彭園),,3000.00,0.00,,金錢,,,
246,陳志明,107年直轄市議員選舉,首次申報,1071018,匿名捐贈,匿名(彭園),,3000.00,0.00,,金錢,,,
247,陳志明,107年直轄市議員選舉,首次申報,1071018,匿名捐贈,匿名(彭園),,3000.00,0.00,,金錢,,,
248,陳志明,107年直轄市議員選舉,首次申報,1071018,匿名捐贈,匿名(彭園),,3000.00,0.00,,金錢,,,
249,陳志明,107年直轄市議員選舉,首次申報,1071018,個人捐贈收入,李裕豐,A12*******,30000.00,0.00,,金錢,台北市松山區****,0927*****,
250,陳志明,107年直轄市議員選舉,首次申報,1071018,個人捐贈收入,簫學苑,F12*******,10000.00,0.00,,金錢,新北市三重區****,0933*****,
251,陳志明,107年直轄市議員選舉,首次申報,1071019,匿名捐贈,匿名(彭園),,3000.00,0.00,,金錢,,,
252,陳志明,107年直轄市議員選舉,首次申報,1071019,匿名捐贈,匿名(彭園),,3000.00,0.00,,金錢,,,
253,陳志明,107年直轄市議員選舉,首次申報,1071019,匿名捐贈,匿名(彭園),,3000.00,0.00,,金錢,,,
254,陳志明,107年直轄市議員選舉,首次申報,1071019,匿名捐贈,匿名(彭園),,3000.00,0.00,,金錢,,,
255,陳志明,107年直轄市議員選舉,首次申報,1071019,匿名捐贈,匿名(彭園),,3000.00,0.00,,金錢,,,
256,陳志明,107年直轄市議員選舉,首次申報,1071019,匿名捐贈,匿名(彭園),,3000.00,0.00,,金錢,,,
257,陳志明,107年直轄市議員選舉,首次申報,1071019,匿名捐贈,匿名(彭園),,3000.00,0.00,,金錢,,,
258,陳志明,107年直轄市議員選舉,首次申報,1071019,匿名捐贈,匿名(彭園),,3000.00,0.00,,金錢,,,
259,陳志明,107年直轄市議員選舉,首次申報,1071019,匿名捐贈,匿名(彭園),,3000.00,0.00,,金錢,,,
260,陳志明,107年直轄市議員選舉,首次申報,1071019,匿名捐贈,匿名(彭園),,3000.00,0.00,,金錢,,,
261,陳志明,107年直轄市議員選舉,首次申報,1071019,匿名捐贈,匿名(彭園),,3000.00,0.00,,金錢,,,
262,陳志明,107年直轄市議員選舉,首次申報,1071019,匿名捐贈,匿名(彭園),,3000.00,0.00,,金錢,,,
263,陳志明,107年直轄市議員選舉,首次申報,1071019,匿名捐贈,匿名(彭園),,3000.00,0.00,,金錢,,,
264,陳志明,107年直轄市議員選舉,首次申報,1071019,匿名捐贈,匿名(彭園),,3000.00,0.00,,金錢,,,
265,陳志明,107年直轄市議員選舉,首次申報,1071019,匿名捐贈,匿名(彭園),,3000.00,0.00,,金錢,,,
266,陳志明,107年直轄市議員選舉,首次申報,1071019,匿名捐贈,匿名(彭園),,3000.00,0.00,,金錢,,,
267,陳志明,107年直轄市議員選舉,首次申報,1071019,匿名捐贈,匿名(彭園),,3000.00,0.00,,金錢,,,
268,陳志明,107年直轄市議員選舉,首次申報,1071019,匿名捐贈,匿名(彭園),,3000.00,0.00,,金錢,,,
269,陳志明,107年直轄市議員選舉,首次申報,1071019,匿名捐贈,匿名(彭園),,3000.00,0.00,,金錢,,,
270,陳志明,107年直轄市議員選舉,首次申報,1071019,個人捐贈收入,沈泓翰,F12*******,3000.00,0.00,,金錢,台北市大安區****,0937*****,
271,陳志明,107年直轄市議員選舉,首次申報,1071019,個人捐贈收入,周賢桐,F12*******,30000.00,0.00,,金錢,台北市北投區****,0937*****,
272,陳志明,107年直轄市議員選舉,首次申報,1071019,個人捐贈收入,徐玉龍,F12*******,30000.00,0.00,,金錢,新北市三重區****,0958*****,
273,陳志明,107年直轄市議員選舉,首次申報,1071019,個人捐贈收入,楊盛火,M10*******,30000.00,0.00,,金錢,新北市蘆洲區****,0920*****,
274,陳志明,107年直轄市議員選舉,首次申報,1071019,個人捐贈收入,陳威榮,N12*******,1415.00,0.00,,金錢,彰化縣彰化市****,0919*****,
275,陳志明,107年直轄市議員選舉,首次申報,1071020,匿名捐贈,匿名(智),,3000.00,0.00,,金錢,,,
276,陳志明,107年直轄市議員選舉,首次申報,1071020,匿名捐贈,匿名(彭園),,3000.00,0.00,,金錢,,,
277,陳志明,107年直轄市議員選舉,首次申報,1071020,匿名捐贈,匿名(彭園),,3000.00,0.00,,金錢,,,
278,陳志明,107年直轄市議員選舉,首次申報,1071020,匿名捐贈,匿名(彭園),,3000.00,0.00,,金錢,,,
279,陳志明,107年直轄市議員選舉,首次申報,1071020,匿名捐贈,匿名(彭園),,3000.00,0.00,,金錢,,,
280,陳志明,107年直轄市議員選舉,首次申報,1071020,匿名捐贈,匿名(彭園),,3000.00,0.00,,金錢,,,
281,陳志明,107年直轄市議員選舉,首次申報,1071020,匿名捐贈,匿名(彭園),,3000.00,0.00,,金錢,,,
282,陳志明,107年直轄市議員選舉,首次申報,1071020,匿名捐贈,匿名(彭園),,3000.00,0.00,,金錢,,,
283,陳志明,107年直轄市議員選舉,首次申報,1071020,匿名捐贈,匿名(彭園),,3000.00,0.00,,金錢,,,
284,陳志明,107年直轄市議員選舉,首次申報,1071020,匿名捐贈,匿名(彭園),,3000.00,0.00,,金錢,,,
285,陳志明,107年直轄市議員選舉,首次申報,1071020,匿名捐贈,匿名(彭園),,3000.00,0.00,,金錢,,,
286,陳志明,107年直轄市議員選舉,首次申報,1071020,匿名捐贈,匿名(彭園),,3000.00,0.00,,金錢,,,
287,陳志明,107年直轄市議員選舉,首次申報,1071020,匿名捐贈,匿名(彭園),,3000.00,0.00,,金錢,,,
288,陳志明,107年直轄市議員選舉,首次申報,1071020,匿名捐贈,匿名(彭園),,3000.00,0.00,,金錢,,,
289,陳志明,107年直轄市議員選舉,首次申報,1071020,匿名捐贈,匿名(彭園),,3000.00,0.00,,金錢,,,
290,陳志明,107年直轄市議員選舉,首次申報,1071020,匿名捐贈,匿名(彭園),,3000.00,0.00,,金錢,,,
291,陳志明,107年直轄市議員選舉,首次申報,1071020,匿名捐贈,匿名(彭園),,3000.00,0.00,,金錢,,,
292,陳志明,107年直轄市議員選舉,首次申報,1071020,匿名捐贈,匿名(彭園),,3000.00,0.00,,金錢,,,
293,陳志明,107年直轄市議員選舉,首次申報,1071020,匿名捐贈,匿名(彭園),,3000.00,0.00,,金錢,,,
294,陳志明,107年直轄市議員選舉,首次申報,1071020,匿名捐贈,匿名(彭園),,3000.00,0.00,,金錢,,,
295,陳志明,107年直轄市議員選舉,首次申報,1071020,個人捐贈收入,李文智,L12*******,50000.00,0.00,,金錢,新北市永和區****,0931*****,
296,陳志明,107年直轄市議員選舉,首次申報,1071020,個人捐贈收入,林文聰,P12*******,20000.00,0.00,,金錢,台北市士林區****,0910*****,
297,陳志明,107年直轄市議員選舉,首次申報,1071020,個人捐贈收入,謝仕福,R12*******,5000.00,0.00,,金錢,台北市中山區****,0958*****,
298,陳志明,107年直轄市議員選舉,首次申報,1071021,匿名捐贈,匿名(彭園),,3000.00,0.00,,金錢,,,
299,陳志明,107年直轄市議員選舉,首次申報,1071021,匿名捐贈,匿名(彭園),,3000.00,0.00,,金錢,,,
300,陳志明,107年直轄市議員選舉,首次申報,1071021,匿名捐贈,匿名(彭園),,3000.00,0.00,,金錢,,,
301,陳志明,107年直轄市議員選舉,首次申報,1071021,匿名捐贈,匿名(彭園),,3000.00,0.00,,金錢,,,
302,陳志明,107年直轄市議員選舉,首次申報,1071021,匿名捐贈,匿名(彭園),,3000.00,0.00,,金錢,,,
303,陳志明,107年直轄市議員選舉,首次申報,1071021,匿名捐贈,匿名(彭園),,3000.00,0.00,,金錢,,,
304,陳志明,107年直轄市議員選舉,首次申報,1071021,匿名捐贈,匿名(彭園),,3000.00,0.00,,金錢,,,
305,陳志明,107年直轄市議員選舉,首次申報,1071021,匿名捐贈,匿名(彭園),,3000.00,0.00,,金錢,,,
306,陳志明,107年直轄市議員選舉,首次申報,1071021,匿名捐贈,匿名(彭園),,3000.00,0.00,,金錢,,,
307,陳志明,107年直轄市議員選舉,首次申報,1071021,匿名捐贈,匿名(彭園),,3000.00,0.00,,金錢,,,
308,陳志明,107年直轄市議員選舉,首次申報,1071021,匿名捐贈,匿名(彭園),,3000.00,0.00,,金錢,,,
309,陳志明,107年直轄市議員選舉,首次申報,1071021,個人捐贈收入,郭怡昕,A22*******,3000.00,0.00,,金錢,新北市蘆洲區****,0983*****,
310,陳志明,107年直轄市議員選舉,首次申報,1071021,個人捐贈收入,李繼偉,F12*******,30000.00,0.00,,金錢,新北市蘆洲區****,0960*****,
311,陳志明,107年直轄市議員選舉,首次申報,1071022,個人捐贈收入,陳函谷,E22*******,5000.00,0.00,,金錢,高雄市鳥松區****,0919*****,
312,陳志明,107年直轄市議員選舉,首次申報,1071023,個人捐贈收入,陳姵綸,A22*******,100000.00,0.00,,金錢,台北市中正區****,0919*****,
313,陳志明,107年直轄市議員選舉,首次申報,1071026,個人捐贈收入,高安輪,A12*******,3000.00,0.00,,金錢,台北市內湖區****,0978*****,
314,陳志明,107年直轄市議員選舉,首次申報,1071029,營利事業捐贈收入,拾荒文化影像有限公司,43751614,3000.00,0.00,,金錢,台北市中山區****,0912*****,
315,陳志明,107年直轄市議員選舉,首次申報,1071029,個人捐贈收入,何欣蓮,A22*******,1000.00,0.00,,金錢,台北市松山區****,0926*****,
316,陳志明,107年直轄市議員選舉,首次申報,1071029,個人捐贈收入,林佑泰,F12*******,1000.00,0.00,,金錢,新北市蘆洲區****,0978*****,
317,陳志明,107年直轄市議員選舉,首次申報,1071030,個人捐贈收入,劉玉迪,E12*******,1000.00,0.00,,金錢,新北市三重區****,0928*****,
318,陳志明,107年直轄市議員選舉,首次申報,1071031,個人捐贈收入,林原均,E12*******,666.00,0.00,,金錢,高雄市前鎮區****,0956*****,
319,陳志明,107年直轄市議員選舉,首次申報,1071101,個人捐贈收入,郭宣德,C12*******,2000.00,0.00,,金錢,新北市永和區****,0929*****,
320,陳志明,107年直轄市議員選舉,首次申報,1071102,個人捐贈收入,黃智聖,S12*******,3000.00,0.00,,金錢,高雄市林園區****,0970*****,
321,陳志明,107年直轄市議員選舉,首次申報,1071103,個人捐贈收入,凃逸奇,A12*******,1000.00,0.00,,金錢,台北市中正區****,0921*****,
322,陳志明,107年直轄市議員選舉,首次申報,1071104,個人捐贈收入,林政岳,F12*******,5000.00,0.00,,金錢,新北市三重區****,0928*****,
323,陳志明,107年直轄市議員選舉,首次申報,1071104,個人捐贈收入,廖詠豐,F22*******,1000.00,0.00,,金錢,新北市三重區****,0922*****,
324,陳志明,107年直轄市議員選舉,首次申報,1071107,匿名捐贈,匿名(智),,10000.00,0.00,,金錢,,,
325,陳志明,107年直轄市議員選舉,首次申報,1071108,個人捐贈收入,李俊輝,S12*******,1688.00,0.00,,金錢,台北市文山區****,0926*****,
326,陳志明,107年直轄市議員選舉,首次申報,1071109,個人捐贈收入,郭赤龍,,100.00,0.00,,金錢,新北市蘆洲區****,,
327,陳志明,107年直轄市議員選舉,首次申報,1071112,個人捐贈收入,許力予,F12*******,1800.00,0.00,,金錢,台北市文山區****,0922*****,
328,陳志明,107年直轄市議員選舉,首次申報,1071113,個人捐贈收入,吳訓孝,A12*******,500.00,0.00,,金錢,新北市三重區****,0933*****,
329,陳志明,107年直轄市議員選舉,首次申報,1071114,個人捐贈收入,林建豪,A12*******,1000.00,0.00,,金錢,新北市三峽區****,0933*****,
330,陳志明,107年直轄市議員選舉,首次申報,1071121,個人捐贈收入,李奕均,E12*******,2000.00,0.00,,金錢,高雄市鼓山區****,0919*****,
331,陳志明,107年直轄市議員選舉,首次申報,1071123,個人捐贈收入,潘俊諺,Q12*******,5000.00,0.00,,金錢,台北市大同區****,0929*****,
332,陳志明,107年直轄市議員選舉,首次申報,1071123,政黨捐贈收入,時代力量,政黨證字第267號,1000.00,0.00,,金錢,臺北市中正區****,(02)*****,
333,陳志明,107年直轄市議員選舉,首次申報,1071221,其他收入,利息收入,,76.00,0.00,,金錢,,,
