﻿序號,擬參選人／政黨,選舉名稱,申報序號／年度,交易日期,收支科目,捐贈者／支出對象,身分證／統一編號,收入金額,支出金額,捐贈方式,存入專戶日期,返還/繳庫,支出用途,金錢類,地址,聯絡電話,應揭露之支出對象,支出對象之內部人員姓名,支出對象之內部人員職稱,政黨之內部人員姓名,政黨之內部人員職稱,關係,更正註記,資料更正日期
1,吳驊珈,111年基隆市議員選舉,首次申報,1110606,營利事業捐贈收入,台灣德曼比發電設備有限公司,52256262,100000.00,0.00,匯款,1110606,,,金錢,臺北市內湖區****,,,,,,,,,
2,吳驊珈,111年基隆市議員選舉,首次申報,1110708,個人捐贈收入,吳順吉,,10000.00,0.00,匯款,1110708,,,金錢,基隆市七堵區****,,,,,,,,,
3,吳驊珈,111年基隆市議員選舉,首次申報,1110728,個人捐贈收入,廖偉真,B22*******,50000.00,0.00,匯款,1110728,,,金錢,臺北市士林區****,,,,,,,,,
4,吳驊珈,111年基隆市議員選舉,首次申報,1110729,個人捐贈收入,周秋文,C12*******,50000.00,0.00,現金,1110729,,,金錢,基隆市七堵區****,,,,,,,,,
5,吳驊珈,111年基隆市議員選舉,首次申報,1110908,營利事業捐贈收入,寶幸國際有限公司,24656885,80000.00,0.00,,,,,非金錢,基隆市安樂區****,0224*****,,,,,,,,
6,吳驊珈,111年基隆市議員選舉,首次申報,1110926,個人捐贈收入,邱孝賢,C12*******,20000.00,0.00,匯款,1110926,,,金錢,基隆市安樂區****,,,,,,,,,
7,吳驊珈,111年基隆市議員選舉,首次申報,1111020,匿名捐贈,匿名,,10000.00,0.00,匯款,1111020,,,金錢,,,,,,,,,,
8,吳驊珈,111年基隆市議員選舉,首次申報,1111106,個人捐贈收入,陳清棋,Q12*******,20000.00,0.00,匯款,1111106,,,金錢,臺北市大安區****,,,,,,,,,
9,吳驊珈,111年基隆市議員選舉,首次申報,1111107,個人捐贈收入,邱秉澤,F12*******,100000.00,0.00,匯款,1111107,,,金錢,新北市新店區****,,,,,,,,,
10,吳驊珈,111年基隆市議員選舉,首次申報,1111110,匿名捐贈,匿名1,,200.00,0.00,匯款,1111110,,,金錢,,,,,,,,,,
11,吳驊珈,111年基隆市議員選舉,首次申報,1111110,個人捐贈收入,吳文喜,C10*******,5000.00,0.00,現金,1111110,,,金錢,基隆市安樂區****,,,,,,,,,
12,吳驊珈,111年基隆市議員選舉,首次申報,1111122,個人捐贈收入,吳孟晉,C12*******,2000.00,0.00,匯款,1111122,,,金錢,基隆市仁愛區****,,,,,,,,,
13,吳驊珈,111年基隆市議員選舉,首次申報,1111123,營利事業捐贈收入,楷柏投資有限公司,82966347,50000.00,0.00,現金,1111123,已返還,,金錢,基隆市七堵區****,,,,,,,,,
14,吳驊珈,111年基隆市議員選舉,首次申報,1111123,個人捐贈收入,簡志強,E12*******,5000.00,0.00,現金,1111123,,,金錢,基隆市信義區****,,,,,,,,,
15,吳驊珈,111年基隆市議員選舉,首次申報,1111123,個人捐贈收入,涂詠淳,F22*******,6600.00,0.00,現金,1111123,,,金錢,新北市永和區****,,,,,,,,,
16,吳驊珈,111年基隆市議員選舉,首次申報,1111123,個人捐贈收入,涂詠淳,F22*******,6600.00,0.00,現金,1111123,,,金錢,新北市永和區****,,,,,,,,,
17,吳驊珈,111年基隆市議員選舉,首次申報,1111123,個人捐贈收入,蔡羽姗,N22*******,5000.00,0.00,現金,1111123,,,金錢,新北市新店區****,,,,,,,,,
18,吳驊珈,111年基隆市議員選舉,首次申報,1111124,個人捐贈收入,涂詠淳,,6600.00,0.00,匯款,1111124,,,金錢,新北市永和區****,,,,,,,,,
19,吳驊珈,111年基隆市議員選舉,首次申報,1111124,營利事業捐贈收入,誠啟企業社,18263834,30000.00,0.00,現金,1111124,,,金錢,新北市新莊區****,,,,,,,,,
20,吳驊珈,111年基隆市議員選舉,首次申報,1111124,營利事業捐贈收入,龍昇蔬果行,41253871,30000.00,0.00,現金,1111124,,,金錢,基隆市安樂區****,,,,,,,,,
21,吳驊珈,111年基隆市議員選舉,首次申報,1111124,個人捐贈收入,江佾錩,A12*******,10000.00,0.00,現金,1111124,,,金錢,基隆市暖暖區****,,,,,,,,,
22,吳驊珈,111年基隆市議員選舉,首次申報,1111124,個人捐贈收入,簡德川,C12*******,5000.00,0.00,現金,1111124,,,金錢,基隆市安樂區****,,,,,,,,,
23,吳驊珈,111年基隆市議員選舉,首次申報,1111124,個人捐贈收入,魏鴻溪,C12*******,5000.00,0.00,現金,1111124,,,金錢,基隆市安樂區****,,,,,,,,,
