﻿序號,擬參選人／政黨,選舉名稱,申報序號／年度,交易日期,收支科目,捐贈者／支出對象,身分證／統一編號,收入金額,支出金額,支出用途,金錢類,地址,聯絡電話,資料更正日期
1,張蕙蘭,107年鄉(鎮、市)民代表選舉,首次申報,1070912,宣傳支出,元盛事務機器行,87826486,0.00,3360.00,製作競選物品支出（物品名稱-請填寫）,金錢,南投縣草屯鎮****,,
2,張蕙蘭,107年鄉(鎮、市)民代表選舉,首次申報,1071003,宣傳支出,大同印刷加工部,40589624,0.00,6000.00,製作競選物品支出（物品名稱-請填寫）,金錢,宜蘭縣羅東鎮****,,
3,張蕙蘭,107年鄉(鎮、市)民代表選舉,首次申報,1071015,宣傳支出,慶岳實業社,77015142,0.00,10000.00,製作競選物品支出（選舉背心件),金錢,宜蘭縣礁溪鄉****,,
4,張蕙蘭,107年鄉(鎮、市)民代表選舉,首次申報,1071023,宣傳支出,影像精靈美工站,70924596,0.00,7400.00,製作競選物品支出(競選帆布-尺、-尺),金錢,宜蘭縣羅東鎮****,,
5,張蕙蘭,107年鄉(鎮、市)民代表選舉,首次申報,1071030,宣傳支出,大同印刷加工部,40589624,0.00,5000.00,製作競選物品支出（A双彩拜訪名片),金錢,宜蘭縣羅東鎮****,,
6,張蕙蘭,107年鄉(鎮、市)民代表選舉,首次申報,1071101,租用競選辦事處支出,胡大任,G12*******,0.00,15000.00,租用競選辦事處費用,金錢,宜蘭縣羅東鎮****,,
7,張蕙蘭,107年鄉(鎮、市)民代表選舉,首次申報,1071105,雜支支出,九禾堂文化事業(股)公司,25078503,0.00,94.00,文具用品費用,金錢,宜蘭縣羅東鎮****,,
8,張蕙蘭,107年鄉(鎮、市)民代表選舉,首次申報,1071105,宣傳支出,慶岳實業社,77015142,0.00,24000.00,製作競選物品支出（尺尺旗幟支*元）,金錢,宜蘭縣礁溪鄉****,,
9,張蕙蘭,107年鄉(鎮、市)民代表選舉,首次申報,1071106,雜支支出,苔久屋餅行,29368878,0.00,228.00,雜項購置或修繕費用,金錢,宜蘭縣羅東鎮****,,
10,張蕙蘭,107年鄉(鎮、市)民代表選舉,首次申報,1071107,雜支支出,維陽福利事業(股)公司,27421047,0.00,198.00,雜項購置或修繕費用(衛生紙),金錢,宜蘭縣羅東鎮****,,
11,張蕙蘭,107年鄉(鎮、市)民代表選舉,首次申報,1071110,雜支支出,祥品豐有限公司,24621818,0.00,55.00,雜項購置或修繕費用(耐熱袋),金錢,宜蘭縣羅東鎮****,,
12,張蕙蘭,107年鄉(鎮、市)民代表選舉,首次申報,1071111,集會支出,北成快炒,19579488,0.00,9000.00,餐飲支出(總部成立餐點一批),金錢,宜蘭縣羅東鎮****,,
13,張蕙蘭,107年鄉(鎮、市)民代表選舉,首次申報,1071111,雜支支出,祥品豐有限公司,24621818,0.00,87.00,雜項購置或修繕費用(紙杯),金錢,宜蘭縣羅東鎮****,,
14,張蕙蘭,107年鄉(鎮、市)民代表選舉,首次申報,1071111,集會支出,志平企業社,26778461,0.00,7700.00,租用設備支出(競總成立棚架搭設),金錢,宜蘭縣羅東鎮****,,
15,張蕙蘭,107年鄉(鎮、市)民代表選舉,首次申報,1071111,集會支出,日鴻點燈音響,50056719,0.00,4000.00,租用設備支出(租用音響設備),金錢,宜蘭縣員山鄉****,,
16,張蕙蘭,107年鄉(鎮、市)民代表選舉,首次申報,1071115,雜支支出,祥品豐有限公司,24621818,0.00,87.00,雜項購置或修繕費用(紙杯),金錢,宜蘭縣羅東鎮****,,
17,張蕙蘭,107年鄉(鎮、市)民代表選舉,首次申報,1071119,雜支支出,九禾堂文化事業(股)公司,25078503,0.00,23.00,文具用品費用,金錢,宜蘭縣羅東鎮****,,
18,張蕙蘭,107年鄉(鎮、市)民代表選舉,首次申報,1071119,雜支支出,維陽福利事業(股)公司,27421047,0.00,79.00,雜項購置或修繕費用(衛生紙),金錢,宜蘭縣羅東鎮****,,
19,張蕙蘭,107年鄉(鎮、市)民代表選舉,首次申報,1071119,雜支支出,純精加油站,97488528,0.00,500.00,汽機車燃料費用,金錢,宜蘭縣羅東鎮****,,
20,張蕙蘭,107年鄉(鎮、市)民代表選舉,首次申報,1071120,宣傳支出,龍騰廣告企業社,19580458,0.00,4230.00,製作宣傳廣告支出,金錢,宜蘭縣羅東鎮****,,
21,張蕙蘭,107年鄉(鎮、市)民代表選舉,首次申報,1071120,宣傳支出,正宜印刷燙金社,40630068,0.00,5000.00,製作競選物品支出（拜訪名片張）,金錢,宜蘭縣宜蘭市****,,
22,張蕙蘭,107年鄉(鎮、市)民代表選舉,首次申報,1071121,雜支支出,源鎰行,42087133,0.00,100.00,雜項購置或修繕費用(鐵絲等),金錢,宜蘭縣羅東鎮****,,
23,張蕙蘭,107年鄉(鎮、市)民代表選舉,首次申報,1071123,返還支出,祥品豐有限公司,24621818,0.00,2000.00,返還,金錢,宜蘭縣羅東鎮****,,
24,張蕙蘭,107年鄉(鎮、市)民代表選舉,首次申報,1071123,雜支支出,維陽福利事業(股)公司,27421047,0.00,100.00,雜項購置或修繕費用(紙杯),金錢,宜蘭縣羅東鎮****,,
25,張蕙蘭,107年鄉(鎮、市)民代表選舉,首次申報,1071123,返還支出,黃榮仁,G10*******,0.00,5000.00,返還,金錢,宜蘭縣羅東鎮****,,
26,張蕙蘭,107年鄉(鎮、市)民代表選舉,首次申報,1071123,返還支出,林新展,G12*******,0.00,2000.00,返還,金錢,宜蘭縣五結鄉****,,
27,張蕙蘭,107年鄉(鎮、市)民代表選舉,首次申報,1071123,返還支出,邱榮全,G12*******,0.00,1000.00,返還,金錢,宜蘭縣羅東鎮****,,
28,張蕙蘭,107年鄉(鎮、市)民代表選舉,首次申報,1071123,返還支出,劉秀滿,G20*******,0.00,10000.00,返還,金錢,宜蘭縣羅東鎮****,,
29,張蕙蘭,107年鄉(鎮、市)民代表選舉,首次申報,1071123,返還支出,陳惠香,N22*******,0.00,2000.00,返還,金錢,宜蘭縣羅東鎮****,,
30,張蕙蘭,107年鄉(鎮、市)民代表選舉,首次申報,1071124,雜支支出,祥品豐有限公司,24621818,0.00,58.00,文具用品費用(書面紙、美術紙),金錢,宜蘭縣羅東鎮****,,
31,張蕙蘭,107年鄉(鎮、市)民代表選舉,首次申報,1071124,雜支支出,祥品豐有限公司,24621818,0.00,72.00,文具用品費用(双面膠、鋼尺),金錢,宜蘭縣羅東鎮****,,
32,張蕙蘭,107年鄉(鎮、市)民代表選舉,首次申報,1080223,返還支出,游祥德,G10*******,0.00,30000.00,返還,金錢,宜蘭縣冬山鄉****,,
