﻿序號,擬參選人／政黨,選舉名稱,申報序號／年度,交易日期,收支科目,捐贈者／支出對象,身分證／統一編號,收入金額,支出金額,支出用途,金錢類,地址,聯絡電話,資料更正日期
1,姚文智,105年立法委員選舉,第三次賸餘,1070102,當選後與其公務有關之費用支出,自由時報士林區子社報業服務處,,0.00,3600.00,書報雜誌費用,金錢,,,
2,姚文智,105年立法委員選舉,第三次賸餘,1070102,當選後與其公務有關之費用支出,港龍港式燒臘店,,0.00,1630.00,餐飲支出,金錢,,,
3,姚文智,105年立法委員選舉,第三次賸餘,1070102,當選後與其公務有關之費用支出,全國加油站股份有限公司,,0.00,1667.00,油資,金錢,,,
4,姚文智,105年立法委員選舉,第三次賸餘,1070102,當選後與其公務有關之費用支出,思為策略股份有限公司,54677248,0.00,30000.00,委託辦理研究、評估、調查、設計或規劃支出,金錢,台北市松山區****,,
5,姚文智,105年立法委員選舉,第三次賸餘,1070103,當選後與其公務有關之費用支出,柏蓉食坊,,0.00,290.00,餐飲支出,金錢,,,
6,姚文智,105年立法委員選舉,第三次賸餘,1070103,當選後與其公務有關之費用支出,豪瑞企業社,,0.00,290.00,雜項購置或修繕費用,金錢,,,
7,姚文智,105年立法委員選舉,第三次賸餘,1070103,當選後與其公務有關之費用支出,7-ELEVEN,,0.00,160.00,書報雜誌費用,金錢,,,
8,姚文智,105年立法委員選舉,第三次賸餘,1070104,當選後與其公務有關之費用支出,中華電信股份有限公司,,0.00,817.00,電信費用,金錢,,,
9,姚文智,105年立法委員選舉,第三次賸餘,1070104,當選後與其公務有關之費用支出,881-5C,,0.00,250.00,搭乘交通工具支出,金錢,,,
10,姚文智,105年立法委員選舉,第三次賸餘,1070104,當選後與其公務有關之費用支出,台北自來水事業處,,0.00,304.00,水電瓦斯費用,金錢,,,
11,姚文智,105年立法委員選舉,第三次賸餘,1070104,當選後與其公務有關之費用支出,炫風有限公司 空軍一號營業所,,0.00,1100.00,餐飲支出,金錢,,,
12,姚文智,105年立法委員選舉,第三次賸餘,1070104,當選後與其公務有關之費用支出,全國加油站股份有限公司,,0.00,116.00,油資,金錢,,,
13,姚文智,105年立法委員選舉,第三次賸餘,1070104,當選後與其公務有關之費用支出,中華電信股份有限公司,,0.00,1806.00,電信費用,金錢,,,
14,姚文智,105年立法委員選舉,第三次賸餘,1070104,當選後與其公務有關之費用支出,中華電信股份有限公司,,0.00,367.00,電信費用,金錢,,,
15,姚文智,105年立法委員選舉,第三次賸餘,1070105,當選後與其公務有關之費用支出,全國加油站股份有限公司,,0.00,100.00,油資,金錢,,,
16,姚文智,105年立法委員選舉,第三次賸餘,1070105,當選後與其公務有關之費用支出,台灣連線有限公司,,0.00,798.00,播送、傳送或刊登宣傳廣告支出,金錢,,,
17,姚文智,105年立法委員選舉,第三次賸餘,1070106,當選後與其公務有關之費用支出,港龍港式燒臘店,,0.00,800.00,餐飲支出,金錢,,,
18,姚文智,105年立法委員選舉,第三次賸餘,1070106,當選後與其公務有關之費用支出,7-ELEVEN,,0.00,42.00,餐飲支出,金錢,,,
19,姚文智,105年立法委員選舉,第三次賸餘,1070106,當選後與其公務有關之費用支出,TDA-3307,,0.00,100.00,搭乘交通工具支出,金錢,,,
20,姚文智,105年立法委員選舉,第三次賸餘,1070106,當選後與其公務有關之費用支出,TAB-069,,0.00,110.00,搭乘交通工具支出,金錢,,,
21,姚文智,105年立法委員選舉,第三次賸餘,1070106,當選後與其公務有關之費用支出,建利汽車商行,,0.00,2300.00,雜項購置或修繕費用,金錢,,,
22,姚文智,105年立法委員選舉,第三次賸餘,1070106,當選後與其公務有關之費用支出,青島排骨小吃店,,0.00,375.00,餐飲支出,金錢,,,
23,姚文智,105年立法委員選舉,第三次賸餘,1070108,當選後與其公務有關之費用支出,青島排骨小吃店,,0.00,1330.00,餐飲支出,金錢,,,
24,姚文智,105年立法委員選舉,第三次賸餘,1070108,當選後與其公務有關之費用支出,天麗旗幟有限公司,,0.00,1000.00,雜項購置或修繕費用,金錢,,,
25,姚文智,105年立法委員選舉,第三次賸餘,1070108,當選後與其公務有關之費用支出,台灣中油,,0.00,1187.00,油資,金錢,,,
26,姚文智,105年立法委員選舉,第三次賸餘,1070109,當選後與其公務有關之費用支出,阿猜嬤甜湯鹹圓,,0.00,4670.00,餐飲支出,金錢,,,
27,姚文智,105年立法委員選舉,第三次賸餘,1070109,當選後與其公務有關之費用支出,396-A5,,0.00,255.00,搭乘交通工具支出,金錢,,,
28,姚文智,105年立法委員選舉,第三次賸餘,1070109,當選後與其公務有關之費用支出,116-A5,,0.00,155.00,搭乘交通工具支出,金錢,,,
29,姚文智,105年立法委員選舉,第三次賸餘,1070110,當選後與其公務有關之費用支出,日美炸物達人,,0.00,170.00,餐飲支出,金錢,,,
30,姚文智,105年立法委員選舉,第三次賸餘,1070110,當選後與其公務有關之費用支出,7-ELEVEN,,0.00,189.00,書報雜誌費用,金錢,,,
31,姚文智,105年立法委員選舉,第三次賸餘,1070110,當選後與其公務有關之費用支出,全國加油站股份有限公司,,0.00,500.00,油資,金錢,,,
32,姚文智,105年立法委員選舉,第三次賸餘,1070111,當選後與其公務有關之費用支出,台灣中油,,0.00,1202.00,油資,金錢,,,
33,姚文智,105年立法委員選舉,第三次賸餘,1070112,當選後與其公務有關之費用支出,中華電信股份有限公司,,0.00,877.00,電信費用,金錢,,,
34,姚文智,105年立法委員選舉,第三次賸餘,1070112,當選後與其公務有關之費用支出,三十八朵花坊,,0.00,1500.00,為民服務費用,金錢,,,
35,姚文智,105年立法委員選舉,第三次賸餘,1070113,當選後與其公務有關之費用支出,台灣中油,,0.00,820.00,油資,金錢,,,
36,姚文智,105年立法委員選舉,第三次賸餘,1070114,當選後與其公務有關之費用支出,全國加油站股份有限公司,,0.00,803.00,油資,金錢,,,
37,姚文智,105年立法委員選舉,第三次賸餘,1070114,當選後與其公務有關之費用支出,TDD-8298,,0.00,155.00,搭乘交通工具支出,金錢,,,
38,姚文智,105年立法委員選舉,第三次賸餘,1070115,當選後與其公務有關之費用支出,大叔炸雞,,0.00,1470.00,餐飲支出,金錢,,,
39,姚文智,105年立法委員選舉,第三次賸餘,1070115,當選後與其公務有關之費用支出,McDonalds,,0.00,251.00,餐飲支出,金錢,,,
40,姚文智,105年立法委員選舉,第三次賸餘,1070115,當選後與其公務有關之費用支出,靚點股份有限公司,42631985,0.00,114400.00,餐飲支出,金錢,台北市文山區****,,
41,姚文智,105年立法委員選舉,第三次賸餘,1070115,當選後與其公務有關之費用支出,陳春燕,N20*******,0.00,15000.00,工資或薪津,金錢,台北市士林區****,,
42,姚文智,105年立法委員選舉,第三次賸餘,1070116,當選後與其公務有關之費用支出,柏澄小吃店,,0.00,1490.00,餐飲支出,金錢,,,
43,姚文智,105年立法委員選舉,第三次賸餘,1070116,當選後與其公務有關之費用支出,伯光文具印刷有限公司,,0.00,200.00,文具用品費用,金錢,,,
44,姚文智,105年立法委員選舉,第三次賸餘,1070116,當選後與其公務有關之費用支出,台北自來水事業處,,0.00,504.00,水電瓦斯費用,金錢,,,
45,姚文智,105年立法委員選舉,第三次賸餘,1070117,當選後與其公務有關之費用支出,7-ELEVEN,,0.00,189.00,書報雜誌費用,金錢,,,
46,姚文智,105年立法委員選舉,第三次賸餘,1070117,當選後與其公務有關之費用支出,柏蓉食坊,,0.00,185.00,餐飲支出,金錢,,,
47,姚文智,105年立法委員選舉,第三次賸餘,1070117,當選後與其公務有關之費用支出,伯光文具印刷有限公司,,0.00,250.00,文具用品費用,金錢,,,
48,姚文智,105年立法委員選舉,第三次賸餘,1070117,當選後與其公務有關之費用支出,全國加油站股份有限公司,,0.00,1170.00,油資,金錢,,,
49,姚文智,105年立法委員選舉,第三次賸餘,1070117,當選後與其公務有關之費用支出,老爹企業社,,0.00,1655.00,餐飲支出,金錢,,,
50,姚文智,105年立法委員選舉,第三次賸餘,1070118,當選後與其公務有關之費用支出,弘昌企業有限公司,,0.00,400.00,餐飲支出,金錢,,,
51,姚文智,105年立法委員選舉,第三次賸餘,1070118,當選後與其公務有關之費用支出,TDA-0860,,0.00,280.00,搭乘交通工具支出,金錢,,,
52,姚文智,105年立法委員選舉,第三次賸餘,1070118,當選後與其公務有關之費用支出,7-ELEVEN,,0.00,50.00,停車費,金錢,,,
53,姚文智,105年立法委員選舉,第三次賸餘,1070119,當選後與其公務有關之費用支出,577-8D,,0.00,180.00,搭乘交通工具支出,金錢,,,
54,姚文智,105年立法委員選舉,第三次賸餘,1070119,當選後與其公務有關之費用支出,295-8C,,0.00,180.00,搭乘交通工具支出,金錢,,,
55,姚文智,105年立法委員選舉,第三次賸餘,1070119,當選後與其公務有關之費用支出,137-DA,,0.00,165.00,搭乘交通工具支出,金錢,,,
56,姚文智,105年立法委員選舉,第三次賸餘,1070119,當選後與其公務有關之費用支出,7-ELEVEN,,0.00,90.00,餐飲支出,金錢,,,
57,姚文智,105年立法委員選舉,第三次賸餘,1070120,當選後與其公務有關之費用支出,全國加油站股份有限公司,,0.00,500.00,油資,金錢,,,
58,姚文智,105年立法委員選舉,第三次賸餘,1070120,當選後與其公務有關之費用支出,莉絲花房社,,0.00,7500.00,為民服務費用,金錢,,,
59,姚文智,105年立法委員選舉,第三次賸餘,1070121,當選後與其公務有關之費用支出,統一精工股份有限公司,,0.00,1282.00,油資,金錢,,,
60,姚文智,105年立法委員選舉,第三次賸餘,1070122,當選後與其公務有關之費用支出,伯光文具印刷有限公司,,0.00,70.00,文具用品費用,金錢,,,
61,姚文智,105年立法委員選舉,第三次賸餘,1070122,當選後與其公務有關之費用支出,850-3G,,0.00,260.00,搭乘交通工具支出,金錢,,,
62,姚文智,105年立法委員選舉,第三次賸餘,1070122,當選後與其公務有關之費用支出,立法院郵局,03716979,0.00,22048.00,郵寄競選物品或宣傳廣告支出,金錢,臺北市中正區****,,
63,姚文智,105年立法委員選舉,第三次賸餘,1070123,當選後與其公務有關之費用支出,753-YM,,0.00,75.00,搭乘交通工具支出,金錢,,,
64,姚文智,105年立法委員選舉,第三次賸餘,1070123,當選後與其公務有關之費用支出,7-ELEVEN,,0.00,200.00,雜項購置或修繕費用,金錢,,,
65,姚文智,105年立法委員選舉,第三次賸餘,1070123,當選後與其公務有關之費用支出,全國加油站股份有限公司,,0.00,570.00,油資,金錢,,,
66,姚文智,105年立法委員選舉,第三次賸餘,1070124,當選後與其公務有關之費用支出,FamilyMart,,0.00,200.00,書報雜誌費用,金錢,,,
67,姚文智,105年立法委員選舉,第三次賸餘,1070124,當選後與其公務有關之費用支出,全國加油站股份有限公司,,0.00,1107.00,油資,金錢,,,
68,姚文智,105年立法委員選舉,第三次賸餘,1070124,當選後與其公務有關之費用支出,魁特印刷有限公司,,0.00,441.00,文具用品費用,金錢,,,
69,姚文智,105年立法委員選舉,第三次賸餘,1070125,當選後與其公務有關之費用支出,寧波排骨大王,,0.00,1650.00,餐飲支出,金錢,,,
70,姚文智,105年立法委員選舉,第三次賸餘,1070125,當選後與其公務有關之費用支出,爭鮮,,0.00,300.00,餐飲支出,金錢,,,
71,姚文智,105年立法委員選舉,第三次賸餘,1070125,當選後與其公務有關之費用支出,7-ELEVEN,,0.00,606.00,餐飲支出,金錢,,,
72,姚文智,105年立法委員選舉,第三次賸餘,1070126,當選後與其公務有關之費用支出,盛貽綠能科技股份有限公司,,0.00,3000.00,雜項購置或修繕費用,金錢,,,
73,姚文智,105年立法委員選舉,第三次賸餘,1070126,當選後與其公務有關之費用支出,亞杜廚房簡餐店,,0.00,1960.00,餐飲支出,金錢,,,
74,姚文智,105年立法委員選舉,第三次賸餘,1070126,當選後與其公務有關之費用支出,中華電信股份有限公司,,0.00,1261.00,電信費用,金錢,,,
75,姚文智,105年立法委員選舉,第三次賸餘,1070127,當選後與其公務有關之費用支出,台灣中油,,0.00,1150.00,油資,金錢,,,
76,姚文智,105年立法委員選舉,第三次賸餘,1070127,當選後與其公務有關之費用支出,755-DH,,0.00,230.00,搭乘交通工具支出,金錢,,,
77,姚文智,105年立法委員選舉,第三次賸餘,1070128,當選後與其公務有關之費用支出,建利汽車商行,,0.00,6800.00,雜項購置或修繕費用,金錢,,,
78,姚文智,105年立法委員選舉,第三次賸餘,1070129,當選後與其公務有關之費用支出,弘昌企業有限公司,,0.00,1450.00,餐飲支出,金錢,,,
79,姚文智,105年立法委員選舉,第三次賸餘,1070129,當選後與其公務有關之費用支出,TDA-5089,,0.00,100.00,搭乘交通工具支出,金錢,,,
80,姚文智,105年立法委員選舉,第三次賸餘,1070130,當選後與其公務有關之費用支出,弘昌企業有限公司,,0.00,3300.00,餐飲支出,金錢,,,
81,姚文智,105年立法委員選舉,第三次賸餘,1070130,當選後與其公務有關之費用支出,承德商業大樓管理委員會,,0.00,6000.00,雜項購置或修繕費用,金錢,,,
82,姚文智,105年立法委員選舉,第三次賸餘,1070130,當選後與其公務有關之費用支出,奕城食品有限公司,,0.00,12000.00,為民服務費用,金錢,,,
83,姚文智,105年立法委員選舉,第三次賸餘,1070131,當選後與其公務有關之費用支出,豪瑞企業社,,0.00,480.00,雜項購置或修繕費用,金錢,,,
84,姚文智,105年立法委員選舉,第三次賸餘,1070131,當選後與其公務有關之費用支出,秀玲時尚花坊,,0.00,1500.00,為民服務費用,金錢,,,
85,姚文智,105年立法委員選舉,第三次賸餘,1070131,當選後與其公務有關之費用支出,全國加油站股份有限公司,,0.00,1060.00,油資,金錢,,,
86,姚文智,105年立法委員選舉,第三次賸餘,1070131,當選後與其公務有關之費用支出,7-ELEVEN,,0.00,239.00,書報雜誌費用,金錢,,,
87,姚文智,105年立法委員選舉,第三次賸餘,1070131,當選後與其公務有關之費用支出,50大道池上飯包店,,0.00,530.00,餐飲支出,金錢,,,
88,姚文智,105年立法委員選舉,第三次賸餘,1070201,當選後與其公務有關之費用支出,柏蓉食坊,,0.00,705.00,餐飲支出,金錢,,,
89,姚文智,105年立法委員選舉,第三次賸餘,1070201,當選後與其公務有關之費用支出,立法院郵局,,0.00,29.00,雜項購置或修繕費用,金錢,,,
90,姚文智,105年立法委員選舉,第三次賸餘,1070201,當選後與其公務有關之費用支出,台灣連線有限公司,,0.00,798.00,播送、傳送或刊登宣傳廣告支出,金錢,,,
91,姚文智,105年立法委員選舉,第三次賸餘,1070201,當選後與其公務有關之費用支出,延平腿庫店,,0.00,890.00,餐飲支出,金錢,,,
92,姚文智,105年立法委員選舉,第三次賸餘,1070201,當選後與其公務有關之費用支出,全球商務股份有限公司,,0.00,112.00,雜項購置或修繕費用,金錢,,,
93,姚文智,105年立法委員選舉,第三次賸餘,1070202,當選後與其公務有關之費用支出,陽明山有線電視,,0.00,1767.00,網際網路費用,金錢,,,
94,姚文智,105年立法委員選舉,第三次賸餘,1070202,當選後與其公務有關之費用支出,台灣電力公司,,0.00,5151.00,水電瓦斯費用,金錢,,,
95,姚文智,105年立法委員選舉,第三次賸餘,1070202,當選後與其公務有關之費用支出,富邦來來華夏,,0.00,2500.00,雜項購置或修繕費用,金錢,,,
96,姚文智,105年立法委員選舉,第三次賸餘,1070202,當選後與其公務有關之費用支出,中華電信股份有限公司,,0.00,876.00,電信費用,金錢,,,
97,姚文智,105年立法委員選舉,第三次賸餘,1070202,當選後與其公務有關之費用支出,743-YB,,0.00,220.00,搭乘交通工具支出,金錢,,,
98,姚文智,105年立法委員選舉,第三次賸餘,1070202,當選後與其公務有關之費用支出,中華電信股份有限公司,,0.00,1672.00,電信費用,金錢,,,
99,姚文智,105年立法委員選舉,第三次賸餘,1070202,當選後與其公務有關之費用支出,祥滿速食餐坊,,0.00,1300.00,餐飲支出,金錢,,,
100,姚文智,105年立法委員選舉,第三次賸餘,1070202,當選後與其公務有關之費用支出,中華電信股份有限公司,,0.00,362.00,電信費用,金錢,,,
101,姚文智,105年立法委員選舉,第三次賸餘,1070202,當選後與其公務有關之費用支出,大台北區瓦斯股份有限公司,,0.00,120.00,水電瓦斯費用,金錢,,,
102,姚文智,105年立法委員選舉,第三次賸餘,1070202,當選後與其公務有關之費用支出,TDD-8580,,0.00,150.00,搭乘交通工具支出,金錢,,,
103,姚文智,105年立法委員選舉,第三次賸餘,1070202,當選後與其公務有關之費用支出,黑杞小吃店,,0.00,12300.00,餐飲支出,金錢,,,
104,姚文智,105年立法委員選舉,第三次賸餘,1070203,當選後與其公務有關之費用支出,八興商號,,0.00,8000.00,租用設備支出,金錢,,,
105,姚文智,105年立法委員選舉,第三次賸餘,1070203,當選後與其公務有關之費用支出,大南飯包店,,0.00,350.00,餐飲支出,金錢,,,
106,姚文智,105年立法委員選舉,第三次賸餘,1070203,當選後與其公務有關之費用支出,7-ELEVEN,,0.00,360.00,餐飲支出,金錢,,,
107,姚文智,105年立法委員選舉,第三次賸餘,1070203,當選後與其公務有關之費用支出,麵面聚道小吃店,,0.00,255.00,餐飲支出,金錢,,,
108,姚文智,105年立法委員選舉,第三次賸餘,1070203,當選後與其公務有關之費用支出,晴光自助餐店,,0.00,250.00,餐飲支出,金錢,,,
109,姚文智,105年立法委員選舉,第三次賸餘,1070203,當選後與其公務有關之費用支出,東陽飯包店,,0.00,860.00,餐飲支出,金錢,,,
110,姚文智,105年立法委員選舉,第三次賸餘,1070203,當選後與其公務有關之費用支出,台灣中油,,0.00,1025.00,油資,金錢,,,
111,姚文智,105年立法委員選舉,第三次賸餘,1070203,當選後與其公務有關之費用支出,TAA-659,,0.00,110.00,搭乘交通工具支出,金錢,,,
112,姚文智,105年立法委員選舉,第三次賸餘,1070203,當選後與其公務有關之費用支出,TDF-0100,,0.00,105.00,搭乘交通工具支出,金錢,,,
113,姚文智,105年立法委員選舉,第三次賸餘,1070205,當選後與其公務有關之費用支出,立法院郵局,,0.00,43.00,雜項購置或修繕費用,金錢,,,
114,姚文智,105年立法委員選舉,第三次賸餘,1070206,當選後與其公務有關之費用支出,7-ELEVEN,,0.00,32.00,餐飲支出,金錢,,,
115,姚文智,105年立法委員選舉,第三次賸餘,1070206,當選後與其公務有關之費用支出,全國加油站股份有限公司,,0.00,500.00,油資,金錢,,,
116,姚文智,105年立法委員選舉,第三次賸餘,1070206,當選後與其公務有關之費用支出,TDA-2657,,0.00,260.00,搭乘交通工具支出,金錢,,,
117,姚文智,105年立法委員選舉,第三次賸餘,1070206,當選後與其公務有關之費用支出,TDA-1282,,0.00,360.00,搭乘交通工具支出,金錢,,,
118,姚文智,105年立法委員選舉,第三次賸餘,1070206,當選後與其公務有關之費用支出,台灣中油,,0.00,1303.00,油資,金錢,,,
119,姚文智,105年立法委員選舉,第三次賸餘,1070206,當選後與其公務有關之費用支出,柏蓉食坊,,0.00,440.00,餐飲支出,金錢,,,
120,姚文智,105年立法委員選舉,第三次賸餘,1070206,當選後與其公務有關之費用支出,856-9C,,0.00,120.00,搭乘交通工具支出,金錢,,,
121,姚文智,105年立法委員選舉,第三次賸餘,1070207,當選後與其公務有關之費用支出,承大水果店,,0.00,120.00,餐飲支出,金錢,,,
122,姚文智,105年立法委員選舉,第三次賸餘,1070207,當選後與其公務有關之費用支出,俗俗賣生活百貨店,,0.00,120.00,雜項購置或修繕費用,金錢,,,
123,姚文智,105年立法委員選舉,第三次賸餘,1070207,當選後與其公務有關之費用支出,McDonalds,,0.00,684.00,餐飲支出,金錢,,,
124,姚文智,105年立法委員選舉,第三次賸餘,1070207,當選後與其公務有關之費用支出,家家小吃店,,0.00,575.00,餐飲支出,金錢,,,
125,姚文智,105年立法委員選舉,第三次賸餘,1070207,當選後與其公務有關之費用支出,立法院郵局,,0.00,56.00,雜項購置或修繕費用,金錢,,,
126,姚文智,105年立法委員選舉,第三次賸餘,1070207,當選後與其公務有關之費用支出,7-ELEVEN,,0.00,204.00,書報雜誌費用,金錢,,,
127,姚文智,105年立法委員選舉,第三次賸餘,1070208,當選後與其公務有關之費用支出,全國加油站股份有限公司,,0.00,596.00,油資,金錢,,,
128,姚文智,105年立法委員選舉,第三次賸餘,1070208,當選後與其公務有關之費用支出,博客來,,0.00,648.00,書報雜誌費用,金錢,,,
129,姚文智,105年立法委員選舉,第三次賸餘,1070208,當選後與其公務有關之費用支出,家家小吃店,,0.00,190.00,餐飲支出,金錢,,,
130,姚文智,105年立法委員選舉,第三次賸餘,1070208,當選後與其公務有關之費用支出,建利汽車商行,,0.00,4700.00,雜項購置或修繕費用,金錢,,,
131,姚文智,105年立法委員選舉,第三次賸餘,1070209,當選後與其公務有關之費用支出,這一鍋,,0.00,5661.00,餐飲支出,金錢,,,
132,姚文智,105年立法委員選舉,第三次賸餘,1070209,當選後與其公務有關之費用支出,中華電信股份有限公司,,0.00,877.00,電信費用,金錢,,,
133,姚文智,105年立法委員選舉,第三次賸餘,1070209,當選後與其公務有關之費用支出,台北自來水事業處,,0.00,189.00,水電瓦斯費用,金錢,,,
134,姚文智,105年立法委員選舉,第三次賸餘,1070209,當選後與其公務有關之費用支出,TDD-6027,,0.00,160.00,搭乘交通工具支出,金錢,,,
135,姚文智,105年立法委員選舉,第三次賸餘,1070209,當選後與其公務有關之費用支出,台灣電力公司,,0.00,236.00,水電瓦斯費用,金錢,,,
136,姚文智,105年立法委員選舉,第三次賸餘,1070209,當選後與其公務有關之費用支出,思為策略股份有限公司,54677248,0.00,30000.00,委託辦理研究、評估、調查、設計或規劃支出,金錢,台北市松山區****,,
137,姚文智,105年立法委員選舉,第三次賸餘,1070211,當選後與其公務有關之費用支出,McDonalds,,0.00,414.00,餐飲支出,金錢,,,
138,姚文智,105年立法委員選舉,第三次賸餘,1070211,當選後與其公務有關之費用支出,鍋無敵,,0.00,1764.00,餐飲支出,金錢,,,
139,姚文智,105年立法委員選舉,第三次賸餘,1070212,當選後與其公務有關之費用支出,FamilyMart,,0.00,259.00,餐飲支出,金錢,,,
140,姚文智,105年立法委員選舉,第三次賸餘,1070212,當選後與其公務有關之費用支出,TDA-0205,,0.00,295.00,搭乘交通工具支出,金錢,,,
141,姚文智,105年立法委員選舉,第三次賸餘,1070212,當選後與其公務有關之費用支出,全國加油站股份有限公司,,0.00,1128.00,油資,金錢,,,
142,姚文智,105年立法委員選舉,第三次賸餘,1070212,當選後與其公務有關之費用支出,TAN-152,,0.00,215.00,搭乘交通工具支出,金錢,,,
143,姚文智,105年立法委員選舉,第三次賸餘,1070212,當選後與其公務有關之費用支出,TAN-701,,0.00,165.00,搭乘交通工具支出,金錢,,,
144,姚文智,105年立法委員選舉,第三次賸餘,1070212,當選後與其公務有關之費用支出,251-K6,,0.00,180.00,搭乘交通工具支出,金錢,,,
145,姚文智,105年立法委員選舉,第三次賸餘,1070212,當選後與其公務有關之費用支出,602-ML,,0.00,660.00,搭乘交通工具支出,金錢,,,
146,姚文智,105年立法委員選舉,第三次賸餘,1070212,當選後與其公務有關之費用支出,港龍港式燒臘店,,0.00,1380.00,餐飲支出,金錢,,,
147,姚文智,105年立法委員選舉,第三次賸餘,1070213,當選後與其公務有關之費用支出,577-B2,,0.00,120.00,搭乘交通工具支出,金錢,,,
148,姚文智,105年立法委員選舉,第三次賸餘,1070213,當選後與其公務有關之費用支出,金興發生活百貨,,0.00,136.00,文具用品費用,金錢,,,
149,姚文智,105年立法委員選舉,第三次賸餘,1070213,當選後與其公務有關之費用支出,台灣中油,,0.00,760.00,油資,金錢,,,
150,姚文智,105年立法委員選舉,第三次賸餘,1070213,當選後與其公務有關之費用支出,TAN-257,,0.00,90.00,搭乘交通工具支出,金錢,,,
151,姚文智,105年立法委員選舉,第三次賸餘,1070215,當選後與其公務有關之費用支出,陳春燕,N20*******,0.00,15000.00,工資或薪津,金錢,,,
152,姚文智,105年立法委員選舉,第三次賸餘,1070216,當選後與其公務有關之費用支出,台灣中油,,0.00,100.00,油資,金錢,,,
153,姚文智,105年立法委員選舉,第三次賸餘,1070216,當選後與其公務有關之費用支出,誠品生活,,0.00,530.00,書報雜誌費用,金錢,,,
154,姚文智,105年立法委員選舉,第三次賸餘,1070219,當選後與其公務有關之費用支出,全國加油站股份有限公司,,0.00,1170.00,油資,金錢,,,
155,姚文智,105年立法委員選舉,第三次賸餘,1070221,當選後與其公務有關之費用支出,7-ELEVEN,,0.00,1005.00,餐飲支出,金錢,,,
156,姚文智,105年立法委員選舉,第三次賸餘,1070221,當選後與其公務有關之費用支出,台灣中油,,0.00,100.00,油資,金錢,,,
157,姚文智,105年立法委員選舉,第三次賸餘,1070221,當選後與其公務有關之費用支出,全國加油站股份有限公司,,0.00,500.00,油資,金錢,,,
158,姚文智,105年立法委員選舉,第三次賸餘,1070221,當選後與其公務有關之費用支出,家家小吃店,,0.00,255.00,餐飲支出,金錢,,,
159,姚文智,105年立法委員選舉,第三次賸餘,1070221,當選後與其公務有關之費用支出,7-ELEVEN,,0.00,229.00,書報雜誌費用,金錢,,,
160,姚文智,105年立法委員選舉,第三次賸餘,1070221,當選後與其公務有關之費用支出,爭鮮,,0.00,120.00,餐飲支出,金錢,,,
161,姚文智,105年立法委員選舉,第三次賸餘,1070221,當選後與其公務有關之費用支出,立法院郵局,,0.00,400.00,雜項購置或修繕費用,金錢,,,
162,姚文智,105年立法委員選舉,第三次賸餘,1070222,當選後與其公務有關之費用支出,盛貽綠能科技股份有限公司,,0.00,3000.00,雜項購置或修繕費用,金錢,,,
163,姚文智,105年立法委員選舉,第三次賸餘,1070222,當選後與其公務有關之費用支出,柏蓉食坊,,0.00,300.00,餐飲支出,金錢,,,
164,姚文智,105年立法委員選舉,第三次賸餘,1070224,當選後與其公務有關之費用支出,全國加油站股份有限公司,,0.00,1017.00,油資,金錢,,,
165,姚文智,105年立法委員選舉,第三次賸餘,1070225,當選後與其公務有關之費用支出,全國加油站股份有限公司,,0.00,1142.00,油資,金錢,,,
166,姚文智,105年立法委員選舉,第三次賸餘,1070225,當選後與其公務有關之費用支出,得意百貨行,,0.00,244.00,文具用品費用,金錢,,,
167,姚文智,105年立法委員選舉,第三次賸餘,1070225,當選後與其公務有關之費用支出,PizzaHut,,0.00,681.00,餐飲支出,金錢,,,
168,姚文智,105年立法委員選舉,第三次賸餘,1070225,當選後與其公務有關之費用支出,TAJ-178,,0.00,170.00,搭乘交通工具支出,金錢,,,
169,姚文智,105年立法委員選舉,第三次賸餘,1070225,當選後與其公務有關之費用支出,台灣中油,,0.00,135.00,油資,金錢,,,
170,姚文智,105年立法委員選舉,第三次賸餘,1070226,當選後與其公務有關之費用支出,港龍港式燒臘店,,0.00,1300.00,餐飲支出,金錢,,,
171,姚文智,105年立法委員選舉,第三次賸餘,1070227,當選後與其公務有關之費用支出,7-ELEVEN,,0.00,1675.00,餐飲支出,金錢,,,
172,姚文智,105年立法委員選舉,第三次賸餘,1070227,當選後與其公務有關之費用支出,延平腿庫店,,0.00,390.00,餐飲支出,金錢,,,
173,姚文智,105年立法委員選舉,第三次賸餘,1070227,當選後與其公務有關之費用支出,國際花藝社,,0.00,1500.00,為民服務費用,金錢,,,
174,姚文智,105年立法委員選舉,第三次賸餘,1070227,當選後與其公務有關之費用支出,中華電信股份有限公司,,0.00,1611.00,電信費用,金錢,,,
175,姚文智,105年立法委員選舉,第三次賸餘,1070227,當選後與其公務有關之費用支出,弘昌企業有限公司,,0.00,16280.00,餐飲支出,金錢,,,
176,姚文智,105年立法委員選舉,第三次賸餘,1070227,當選後與其公務有關之費用支出,全國加油站股份有限公司,,0.00,500.00,油資,金錢,,,
177,姚文智,105年立法委員選舉,第三次賸餘,1070227,當選後與其公務有關之費用支出,台灣電力公司,,0.00,1149.00,水電瓦斯費用,金錢,,,
178,姚文智,105年立法委員選舉,第三次賸餘,1070228,當選後與其公務有關之費用支出,承德商業大樓管理委員會,,0.00,6000.00,雜項購置或修繕費用,金錢,,,
179,姚文智,105年立法委員選舉,第三次賸餘,1070228,當選後與其公務有關之費用支出,蜂大咖啡,,0.00,770.00,雜項購置或修繕費用,金錢,,,
180,姚文智,105年立法委員選舉,第三次賸餘,1070228,當選後與其公務有關之費用支出,吉野家,,0.00,159.00,餐飲支出,金錢,,,
181,姚文智,105年立法委員選舉,第三次賸餘,1070228,當選後與其公務有關之費用支出,7-ELEVEN,,0.00,150.00,書報雜誌費用,金錢,,,
182,姚文智,105年立法委員選舉,第三次賸餘,1070301,當選後與其公務有關之費用支出,俥亭停車事業股份有限公司,,0.00,60.00,停車費,金錢,,,
183,姚文智,105年立法委員選舉,第三次賸餘,1070301,當選後與其公務有關之費用支出,富邦來來華夏,,0.00,2500.00,雜項購置或修繕費用,金錢,,,
184,姚文智,105年立法委員選舉,第三次賸餘,1070301,當選後與其公務有關之費用支出,TDD-8793,,0.00,265.00,搭乘交通工具支出,金錢,,,
185,姚文智,105年立法委員選舉,第三次賸餘,1070301,當選後與其公務有關之費用支出,思為策略股份有限公司,54677248,0.00,30000.00,委託辦理研究、評估、調查、設計或規劃支出,金錢,台北市松山區****,,
186,姚文智,105年立法委員選舉,第三次賸餘,1070302,當選後與其公務有關之費用支出,四海影印行,,0.00,2540.00,製作宣傳廣告支出,金錢,,,
187,姚文智,105年立法委員選舉,第三次賸餘,1070302,當選後與其公務有關之費用支出,全國加油站股份有限公司,,0.00,100.00,油資,金錢,,,
188,姚文智,105年立法委員選舉,第三次賸餘,1070302,當選後與其公務有關之費用支出,明湖加油站,,0.00,90.00,油資,金錢,,,
189,姚文智,105年立法委員選舉,第三次賸餘,1070303,當選後與其公務有關之費用支出,全國加油站股份有限公司,,0.00,1166.00,油資,金錢,,,
190,姚文智,105年立法委員選舉,第三次賸餘,1070303,當選後與其公務有關之費用支出,297-LX,,0.00,130.00,搭乘交通工具支出,金錢,,,
191,姚文智,105年立法委員選舉,第三次賸餘,1070304,當選後與其公務有關之費用支出,京站實業股份有限公司,,0.00,703.00,餐飲支出,金錢,,,
192,姚文智,105年立法委員選舉,第三次賸餘,1070305,當選後與其公務有關之費用支出,TAX-678,,0.00,70.00,搭乘交通工具支出,金錢,,,
193,姚文智,105年立法委員選舉,第三次賸餘,1070305,當選後與其公務有關之費用支出,絕色影城（股）公司,,0.00,70.00,餐飲支出,金錢,,,
194,姚文智,105年立法委員選舉,第三次賸餘,1070305,當選後與其公務有關之費用支出,353-5C,,0.00,120.00,搭乘交通工具支出,金錢,,,
195,姚文智,105年立法委員選舉,第三次賸餘,1070305,當選後與其公務有關之費用支出,絕色影城股份有限公司,,0.00,10000.00,租用場地支出,金錢,,,
196,姚文智,105年立法委員選舉,第三次賸餘,1070306,當選後與其公務有關之費用支出,iCHEF,,0.00,1518.00,餐飲支出,金錢,,,
197,姚文智,105年立法委員選舉,第三次賸餘,1070306,當選後與其公務有關之費用支出,191-L9,,0.00,165.00,搭乘交通工具支出,金錢,,,
198,姚文智,105年立法委員選舉,第三次賸餘,1070306,當選後與其公務有關之費用支出,188-A7,,0.00,165.00,搭乘交通工具支出,金錢,,,
199,姚文智,105年立法委員選舉,第三次賸餘,1070306,當選後與其公務有關之費用支出,980-A8,,0.00,190.00,搭乘交通工具支出,金錢,,,
200,姚文智,105年立法委員選舉,第三次賸餘,1070306,當選後與其公務有關之費用支出,755-L6,,0.00,270.00,搭乘交通工具支出,金錢,,,
201,姚文智,105年立法委員選舉,第三次賸餘,1070306,當選後與其公務有關之費用支出,TAD-361,,0.00,300.00,搭乘交通工具支出,金錢,,,
202,姚文智,105年立法委員選舉,第三次賸餘,1070307,當選後與其公務有關之費用支出,McDonalds,,0.00,293.00,餐飲支出,金錢,,,
203,姚文智,105年立法委員選舉,第三次賸餘,1070307,當選後與其公務有關之費用支出,7-ELEVEN,,0.00,189.00,書報雜誌費用,金錢,,,
204,姚文智,105年立法委員選舉,第三次賸餘,1070308,當選後與其公務有關之費用支出,TDA-9202,,0.00,110.00,搭乘交通工具支出,金錢,,,
205,姚文智,105年立法委員選舉,第三次賸餘,1070308,當選後與其公務有關之費用支出,IKEA,,0.00,358.00,雜項購置或修繕費用,金錢,,,
206,姚文智,105年立法委員選舉,第三次賸餘,1070308,當選後與其公務有關之費用支出,福容大飯店股份有限公司,,0.00,15620.00,餐飲支出,金錢,,,
207,姚文智,105年立法委員選舉,第三次賸餘,1070309,當選後與其公務有關之費用支出,中華電信股份有限公司,,0.00,380.00,電信費用,金錢,,,
208,姚文智,105年立法委員選舉,第三次賸餘,1070309,當選後與其公務有關之費用支出,亞杜廚房簡餐店,,0.00,1350.00,餐飲支出,金錢,,,
209,姚文智,105年立法委員選舉,第三次賸餘,1070309,當選後與其公務有關之費用支出,中華電信股份有限公司,,0.00,1791.00,電信費用,金錢,,,
210,姚文智,105年立法委員選舉,第三次賸餘,1070309,當選後與其公務有關之費用支出,896-2G,,0.00,100.00,搭乘交通工具支出,金錢,,,
211,姚文智,105年立法委員選舉,第三次賸餘,1070309,當選後與其公務有關之費用支出,新光三越,,0.00,2340.00,聯誼交際費用,金錢,,,
212,姚文智,105年立法委員選舉,第三次賸餘,1070309,當選後與其公務有關之費用支出,中華電信股份有限公司,,0.00,877.00,電信費用,金錢,,,
213,姚文智,105年立法委員選舉,第三次賸餘,1070309,當選後與其公務有關之費用支出,490-D6,,0.00,325.00,搭乘交通工具支出,金錢,,,
214,姚文智,105年立法委員選舉,第三次賸餘,1070309,當選後與其公務有關之費用支出,中華電信股份有限公司,,0.00,867.00,電信費用,金錢,,,
215,姚文智,105年立法委員選舉,第三次賸餘,1070309,當選後與其公務有關之費用支出,TDD-1565,,0.00,210.00,搭乘交通工具支出,金錢,,,
216,姚文智,105年立法委員選舉,第三次賸餘,1070310,當選後與其公務有關之費用支出,TAF-585,,0.00,205.00,搭乘交通工具支出,金錢,,,
217,姚文智,105年立法委員選舉,第三次賸餘,1070310,當選後與其公務有關之費用支出,四海加油站,,0.00,1218.00,油資,金錢,,,
218,姚文智,105年立法委員選舉,第三次賸餘,1070312,當選後與其公務有關之費用支出,港龍港式燒臘店,,0.00,1700.00,餐飲支出,金錢,,,
219,姚文智,105年立法委員選舉,第三次賸餘,1070313,當選後與其公務有關之費用支出,青島排骨小吃店,,0.00,760.00,餐飲支出,金錢,,,
220,姚文智,105年立法委員選舉,第三次賸餘,1070314,當選後與其公務有關之費用支出,全國加油站股份有限公司,,0.00,726.00,油資,金錢,,,
221,姚文智,105年立法委員選舉,第三次賸餘,1070314,當選後與其公務有關之費用支出,7-ELEVEN,,0.00,150.00,書報雜誌費用,金錢,,,
222,姚文智,105年立法委員選舉,第三次賸餘,1070315,當選後與其公務有關之費用支出,蔡福義,N10*******,0.00,35000.00,工資或薪津,金錢,台北市士林區****,,
223,姚文智,105年立法委員選舉,第三次賸餘,1070315,當選後與其公務有關之費用支出,陳春燕,N20*******,0.00,15000.00,工資或薪津,金錢,台北市士林區****,,
224,姚文智,105年立法委員選舉,第三次賸餘,1070316,當選後與其公務有關之費用支出,亞杜廚房簡餐店,,0.00,1450.00,餐飲支出,金錢,,,
225,姚文智,105年立法委員選舉,第三次賸餘,1070316,當選後與其公務有關之費用支出,台北自來水事業處,,0.00,409.00,水電瓦斯費用,金錢,,,
226,姚文智,105年立法委員選舉,第三次賸餘,1070316,當選後與其公務有關之費用支出,四海影印行,,0.00,520.00,製作宣傳廣告支出,金錢,,,
227,姚文智,105年立法委員選舉,第三次賸餘,1070316,當選後與其公務有關之費用支出,台北自來水事業處,,0.00,494.00,水電瓦斯費用,金錢,,,
228,姚文智,105年立法委員選舉,第三次賸餘,1070316,當選後與其公務有關之費用支出,全國加油站股份有限公司,,0.00,968.00,油資,金錢,,,
229,姚文智,105年立法委員選舉,第三次賸餘,1070317,當選後與其公務有關之費用支出,台灣中油,,0.00,100.00,油資,金錢,,,
230,姚文智,105年立法委員選舉,第三次賸餘,1070317,當選後與其公務有關之費用支出,至怡商行,,0.00,380.00,餐飲支出,金錢,,,
231,姚文智,105年立法委員選舉,第三次賸餘,1070318,當選後與其公務有關之費用支出,好食在食堂,,0.00,7000.00,餐飲支出,金錢,,,
232,姚文智,105年立法委員選舉,第三次賸餘,1070319,當選後與其公務有關之費用支出,原燒,,0.00,1558.00,餐飲支出,金錢,,,
233,姚文智,105年立法委員選舉,第三次賸餘,1070319,當選後與其公務有關之費用支出,7-ELEVEN,,0.00,261.00,餐飲支出,金錢,,,
234,姚文智,105年立法委員選舉,第三次賸餘,1070320,當選後與其公務有關之費用支出,台亞石油,,0.00,1017.00,油資,金錢,,,
235,姚文智,105年立法委員選舉,第三次賸餘,1070321,當選後與其公務有關之費用支出,台亞石油,,0.00,100.00,油資,金錢,,,
236,姚文智,105年立法委員選舉,第三次賸餘,1070321,當選後與其公務有關之費用支出,7-ELEVEN,,0.00,100.00,雜項購置或修繕費用,金錢,,,
237,姚文智,105年立法委員選舉,第三次賸餘,1070321,當選後與其公務有關之費用支出,中華電信股份有限公司,,0.00,2545.00,電信費用,金錢,,,
238,姚文智,105年立法委員選舉,第三次賸餘,1070321,當選後與其公務有關之費用支出,7-ELEVEN,,0.00,189.00,書報雜誌費用,金錢,,,
239,姚文智,105年立法委員選舉,第三次賸餘,1070321,當選後與其公務有關之費用支出,柏蓉食坊,,0.00,205.00,餐飲支出,金錢,,,
240,姚文智,105年立法委員選舉,第三次賸餘,1070321,當選後與其公務有關之費用支出,台灣電力公司,,0.00,6994.00,水電瓦斯費用,金錢,,,
241,姚文智,105年立法委員選舉,第三次賸餘,1070322,當選後與其公務有關之費用支出,MosBurger,,0.00,435.00,餐飲支出,金錢,,,
242,姚文智,105年立法委員選舉,第三次賸餘,1070323,當選後與其公務有關之費用支出,魁特印刷有限公司,,0.00,430.00,雜項購置或修繕費用,金錢,,,
243,姚文智,105年立法委員選舉,第三次賸餘,1070323,當選後與其公務有關之費用支出,全國加油站股份有限公司,,0.00,500.00,油資,金錢,,,
244,姚文智,105年立法委員選舉,第三次賸餘,1070323,當選後與其公務有關之費用支出,柏澄小吃店,,0.00,3430.00,餐飲支出,金錢,,,
245,姚文智,105年立法委員選舉,第三次賸餘,1070323,當選後與其公務有關之費用支出,609-5D,,0.00,295.00,搭乘交通工具支出,金錢,,,
246,姚文智,105年立法委員選舉,第三次賸餘,1070324,當選後與其公務有關之費用支出,037-3C,,0.00,175.00,搭乘交通工具支出,金錢,,,
247,姚文智,105年立法委員選舉,第三次賸餘,1070324,當選後與其公務有關之費用支出,TAP-207,,0.00,160.00,搭乘交通工具支出,金錢,,,
248,姚文智,105年立法委員選舉,第三次賸餘,1070324,當選後與其公務有關之費用支出,TAV-039,,0.00,210.00,搭乘交通工具支出,金錢,,,
249,姚文智,105年立法委員選舉,第三次賸餘,1070324,當選後與其公務有關之費用支出,全國加油站股份有限公司,,0.00,200.00,油資,金錢,,,
250,姚文智,105年立法委員選舉,第三次賸餘,1070324,當選後與其公務有關之費用支出,TDD-6259,,0.00,360.00,搭乘交通工具支出,金錢,,,
251,姚文智,105年立法委員選舉,第三次賸餘,1070325,當選後與其公務有關之費用支出,TDF-2300,,0.00,125.00,搭乘交通工具支出,金錢,,,
252,姚文智,105年立法委員選舉,第三次賸餘,1070325,當選後與其公務有關之費用支出,TDF-3917,,0.00,210.00,搭乘交通工具支出,金錢,,,
253,姚文智,105年立法委員選舉,第三次賸餘,1070325,當選後與其公務有關之費用支出,台灣中油,,0.00,1208.00,油資,金錢,,,
254,姚文智,105年立法委員選舉,第三次賸餘,1070326,當選後與其公務有關之費用支出,富邦來來華夏,,0.00,2500.00,雜項購置或修繕費用,金錢,,,
255,姚文智,105年立法委員選舉,第三次賸餘,1070326,當選後與其公務有關之費用支出,McDonalds,,0.00,164.00,餐飲支出,金錢,,,
256,姚文智,105年立法委員選舉,第三次賸餘,1070326,當選後與其公務有關之費用支出,蜂大咖啡,,0.00,650.00,餐飲支出,金錢,,,
257,姚文智,105年立法委員選舉,第三次賸餘,1070326,當選後與其公務有關之費用支出,台灣高鐵,,0.00,1490.00,搭乘交通工具支出,金錢,,,
258,姚文智,105年立法委員選舉,第三次賸餘,1070326,當選後與其公務有關之費用支出,全國加油站股份有限公司,,0.00,1488.00,油資,金錢,,,
259,姚文智,105年立法委員選舉,第三次賸餘,1070327,當選後與其公務有關之費用支出,TDF-8588,,0.00,330.00,搭乘交通工具支出,金錢,,,
260,姚文智,105年立法委員選舉,第三次賸餘,1070328,當選後與其公務有關之費用支出,7-ELEVEN,,0.00,189.00,書報雜誌費用,金錢,,,
261,姚文智,105年立法委員選舉,第三次賸餘,1070328,當選後與其公務有關之費用支出,裕豐食品行,,0.00,190.00,餐飲支出,金錢,,,
262,姚文智,105年立法委員選舉,第三次賸餘,1070329,當選後與其公務有關之費用支出,TAN-792,,0.00,220.00,搭乘交通工具支出,金錢,,,
263,姚文智,105年立法委員選舉,第三次賸餘,1070329,當選後與其公務有關之費用支出,星華鍋物小吃店,,0.00,1020.00,餐飲支出,金錢,,,
264,姚文智,105年立法委員選舉,第三次賸餘,1070329,當選後與其公務有關之費用支出,台亞石油,,0.00,1080.00,油資,金錢,,,
265,姚文智,105年立法委員選舉,第三次賸餘,1070330,當選後與其公務有關之費用支出,台灣中油,,0.00,100.00,油資,金錢,,,
266,姚文智,105年立法委員選舉,第三次賸餘,1070330,當選後與其公務有關之費用支出,全國加油站股份有限公司,,0.00,100.00,油資,金錢,,,
267,姚文智,105年立法委員選舉,第三次賸餘,1070330,當選後與其公務有關之費用支出,家樂福,,0.00,244.00,文具用品費用,金錢,,,
268,姚文智,105年立法委員選舉,第三次賸餘,1070330,當選後與其公務有關之費用支出,金興發生活百貨,,0.00,242.00,文具用品費用,金錢,,,
269,姚文智,105年立法委員選舉,第三次賸餘,1070330,當選後與其公務有關之費用支出,7-ELEVEN,,0.00,205.00,餐飲支出,金錢,,,
270,姚文智,105年立法委員選舉,第三次賸餘,1070330,當選後與其公務有關之費用支出,McDonalds,,0.00,208.00,餐飲支出,金錢,,,
271,姚文智,105年立法委員選舉,第三次賸餘,1070331,當選後與其公務有關之費用支出,國立臺灣大學臨時停車場,,0.00,200.00,停車費,金錢,,,
272,姚文智,105年立法委員選舉,第三次賸餘,1070331,當選後與其公務有關之費用支出,青島排骨小吃店,,0.00,675.00,餐飲支出,金錢,,,
273,姚文智,105年立法委員選舉,第三次賸餘,1070331,當選後與其公務有關之費用支出,承德商業大樓管理委員會,,0.00,6000.00,雜項購置或修繕費用,金錢,,,
274,姚文智,105年立法委員選舉,第三次賸餘,1070331,當選後與其公務有關之費用支出,7-ELEVEN,,0.00,120.00,文具用品費用,金錢,,,
275,姚文智,105年立法委員選舉,第三次賸餘,1070402,當選後與其公務有關之費用支出,台北愛樂室內及管弦樂團,,0.00,4000.00,租用場地支出,金錢,,,
276,姚文智,105年立法委員選舉,第三次賸餘,1070402,當選後與其公務有關之費用支出,台灣中油,,0.00,1194.00,油資,金錢,,,
277,姚文智,105年立法委員選舉,第三次賸餘,1070402,當選後與其公務有關之費用支出,McDonalds,,0.00,157.00,餐飲支出,金錢,,,
278,姚文智,105年立法委員選舉,第三次賸餘,1070402,當選後與其公務有關之費用支出,635-EZ,,0.00,160.00,搭乘交通工具支出,金錢,,,
279,姚文智,105年立法委員選舉,第三次賸餘,1070404,當選後與其公務有關之費用支出,全國加油站股份有限公司,,0.00,500.00,油資,金錢,,,
280,姚文智,105年立法委員選舉,第三次賸餘,1070404,當選後與其公務有關之費用支出,7-ELEVEN,,0.00,214.00,書報雜誌費用,金錢,,,
281,姚文智,105年立法委員選舉,第三次賸餘,1070405,當選後與其公務有關之費用支出,351-D9,,0.00,220.00,搭乘交通工具支出,金錢,,,
282,姚文智,105年立法委員選舉,第三次賸餘,1070406,當選後與其公務有關之費用支出,TDH-3032,,0.00,210.00,搭乘交通工具支出,金錢,,,
283,姚文智,105年立法委員選舉,第三次賸餘,1070406,當選後與其公務有關之費用支出,全國加油站股份有限公司,,0.00,816.00,油資,金錢,,,
284,姚文智,105年立法委員選舉,第三次賸餘,1070406,當選後與其公務有關之費用支出,修圓素食小吃,,0.00,170.00,餐飲支出,金錢,,,
285,姚文智,105年立法委員選舉,第三次賸餘,1070406,當選後與其公務有關之費用支出,7-ELEVEN,,0.00,182.00,文具用品費用,金錢,,,
286,姚文智,105年立法委員選舉,第三次賸餘,1070406,當選後與其公務有關之費用支出,老爹企業社,,0.00,1380.00,餐飲支出,金錢,,,
287,姚文智,105年立法委員選舉,第三次賸餘,1070407,當選後與其公務有關之費用支出,嘟嘟房停車場,,0.00,120.00,停車費,金錢,,,
288,姚文智,105年立法委員選舉,第三次賸餘,1070407,當選後與其公務有關之費用支出,中信停車場,,0.00,125.00,停車費,金錢,,,
289,姚文智,105年立法委員選舉,第三次賸餘,1070407,當選後與其公務有關之費用支出,千業快速影印社,,0.00,12795.00,雜項購置或修繕費用,金錢,,,
290,姚文智,105年立法委員選舉,第三次賸餘,1070408,當選後與其公務有關之費用支出,7-ELEVEN,,0.00,364.00,餐飲支出,金錢,,,
291,姚文智,105年立法委員選舉,第三次賸餘,1070409,當選後與其公務有關之費用支出,全國加油站股份有限公司,,0.00,1600.00,油資,金錢,,,
292,姚文智,105年立法委員選舉,第三次賸餘,1070409,當選後與其公務有關之費用支出,TDA-1983,,0.00,210.00,搭乘交通工具支出,金錢,,,
293,姚文智,105年立法委員選舉,第三次賸餘,1070409,當選後與其公務有關之費用支出,立法院郵局,,0.00,70.00,雜項購置或修繕費用,金錢,,,
294,姚文智,105年立法委員選舉,第三次賸餘,1070409,當選後與其公務有關之費用支出,Pchome線上購物,,0.00,3100.00,雜項購置或修繕費用,金錢,,,
295,姚文智,105年立法委員選舉,第三次賸餘,1070410,當選後與其公務有關之費用支出,中華電信股份有限公司,,0.00,877.00,電信費用,金錢,,,
296,姚文智,105年立法委員選舉,第三次賸餘,1070410,當選後與其公務有關之費用支出,中華電信股份有限公司,,0.00,1173.00,電信費用,金錢,,,
297,姚文智,105年立法委員選舉,第三次賸餘,1070410,當選後與其公務有關之費用支出,伯光文具印刷有限公司,,0.00,1060.00,文具用品費用,金錢,,,
298,姚文智,105年立法委員選舉,第三次賸餘,1070410,當選後與其公務有關之費用支出,中華電信股份有限公司,,0.00,282.00,電信費用,金錢,,,
299,姚文智,105年立法委員選舉,第三次賸餘,1070410,當選後與其公務有關之費用支出,中華電信股份有限公司,,0.00,808.00,電信費用,金錢,,,
300,姚文智,105年立法委員選舉,第三次賸餘,1070410,當選後與其公務有關之費用支出,大台北區瓦斯股份有限公司,,0.00,120.00,水電瓦斯費用,金錢,,,
301,姚文智,105年立法委員選舉,第三次賸餘,1070410,當選後與其公務有關之費用支出,TDA-8726,,0.00,145.00,搭乘交通工具支出,金錢,,,
302,姚文智,105年立法委員選舉,第三次賸餘,1070411,當選後與其公務有關之費用支出,7B-507,,0.00,145.00,搭乘交通工具支出,金錢,,,
303,姚文智,105年立法委員選舉,第三次賸餘,1070411,當選後與其公務有關之費用支出,601-6D,,0.00,190.00,搭乘交通工具支出,金錢,,,
304,姚文智,105年立法委員選舉,第三次賸餘,1070411,當選後與其公務有關之費用支出,TDF-6320,,0.00,190.00,搭乘交通工具支出,金錢,,,
305,姚文智,105年立法委員選舉,第三次賸餘,1070411,當選後與其公務有關之費用支出,7-ELEVEN,,0.00,159.00,書報雜誌費用,金錢,,,
306,姚文智,105年立法委員選舉,第三次賸餘,1070411,當選後與其公務有關之費用支出,TDE-0336,,0.00,195.00,搭乘交通工具支出,金錢,,,
307,姚文智,105年立法委員選舉,第三次賸餘,1070412,當選後與其公務有關之費用支出,立法院郵局,,0.00,28.00,雜項購置或修繕費用,金錢,,,
308,姚文智,105年立法委員選舉,第三次賸餘,1070412,當選後與其公務有關之費用支出,7-ELEVEN,,0.00,340.00,雜項購置或修繕費用,金錢,,,
309,姚文智,105年立法委員選舉,第三次賸餘,1070412,當選後與其公務有關之費用支出,全國加油站股份有限公司,,0.00,1161.00,油資,金錢,,,
310,姚文智,105年立法委員選舉,第三次賸餘,1070413,當選後與其公務有關之費用支出,7-ELEVEN,,0.00,300.00,雜項購置或修繕費用,金錢,,,
311,姚文智,105年立法委員選舉,第三次賸餘,1070413,當選後與其公務有關之費用支出,台灣中油,,0.00,786.00,油資,金錢,,,
312,姚文智,105年立法委員選舉,第三次賸餘,1070413,當選後與其公務有關之費用支出,919-YC,,0.00,130.00,搭乘交通工具支出,金錢,,,
313,姚文智,105年立法委員選舉,第三次賸餘,1070414,當選後與其公務有關之費用支出,烜泰企業有限公司,,0.00,8000.00,雜項購置或修繕費用,金錢,,,
314,姚文智,105年立法委員選舉,第三次賸餘,1070414,當選後與其公務有關之費用支出,全國加油站股份有限公司,,0.00,1323.00,油資,金錢,,,
315,姚文智,105年立法委員選舉,第三次賸餘,1070414,當選後與其公務有關之費用支出,中華電信股份有限公司,,0.00,1637.00,電信費用,金錢,,,
316,姚文智,105年立法委員選舉,第三次賸餘,1070414,當選後與其公務有關之費用支出,PizzaHut,,0.00,645.00,餐飲支出,金錢,,,
317,姚文智,105年立法委員選舉,第三次賸餘,1070414,當選後與其公務有關之費用支出,TAV-320,,0.00,70.00,搭乘交通工具支出,金錢,,,
318,姚文智,105年立法委員選舉,第三次賸餘,1070414,當選後與其公務有關之費用支出,TDA-1183,,0.00,70.00,搭乘交通工具支出,金錢,,,
319,姚文智,105年立法委員選舉,第三次賸餘,1070415,當選後與其公務有關之費用支出,7-ELEVEN,,0.00,212.00,雜項購置或修繕費用,金錢,,,
320,姚文智,105年立法委員選舉,第三次賸餘,1070415,當選後與其公務有關之費用支出,TDF-0751,,0.00,325.00,搭乘交通工具支出,金錢,,,
321,姚文智,105年立法委員選舉,第三次賸餘,1070415,當選後與其公務有關之費用支出,TDD-5553,,0.00,435.00,搭乘交通工具支出,金錢,,,
322,姚文智,105年立法委員選舉,第三次賸餘,1070415,當選後與其公務有關之費用支出,TAA-957,,0.00,450.00,搭乘交通工具支出,金錢,,,
323,姚文智,105年立法委員選舉,第三次賸餘,1070415,當選後與其公務有關之費用支出,全聯福利中心,,0.00,134.00,雜項購置或修繕費用,金錢,,,
324,姚文智,105年立法委員選舉,第三次賸餘,1070415,當選後與其公務有關之費用支出,陳春燕,N20*******,0.00,15000.00,工資或薪津,金錢,台北市士林區****,,
325,姚文智,105年立法委員選舉,第三次賸餘,1070416,當選後與其公務有關之費用支出,全球商務股份有限公司,,0.00,473.00,雜項購置或修繕費用,金錢,,,
326,姚文智,105年立法委員選舉,第三次賸餘,1070416,當選後與其公務有關之費用支出,TDF-3969,,0.00,130.00,搭乘交通工具支出,金錢,,,
327,姚文智,105年立法委員選舉,第三次賸餘,1070416,當選後與其公務有關之費用支出,7-ELEVEN,,0.00,400.00,雜項購置或修繕費用,金錢,,,
328,姚文智,105年立法委員選舉,第三次賸餘,1070416,當選後與其公務有關之費用支出,7-ELEVEN,,0.00,315.00,餐飲支出,金錢,,,
329,姚文智,105年立法委員選舉,第三次賸餘,1070416,當選後與其公務有關之費用支出,722-2G,,0.00,210.00,搭乘交通工具支出,金錢,,,
330,姚文智,105年立法委員選舉,第三次賸餘,1070416,當選後與其公務有關之費用支出,伯光文具印刷有限公司,,0.00,55.00,文具用品費用,金錢,,,
331,姚文智,105年立法委員選舉,第三次賸餘,1070416,當選後與其公務有關之費用支出,立法院郵局,,0.00,28.00,雜項購置或修繕費用,金錢,,,
332,姚文智,105年立法委員選舉,第三次賸餘,1070416,當選後與其公務有關之費用支出,伯光文具印刷有限公司,,0.00,510.00,文具用品費用,金錢,,,
333,姚文智,105年立法委員選舉,第三次賸餘,1070416,當選後與其公務有關之費用支出,386-5D,,0.00,175.00,搭乘交通工具支出,金錢,,,
334,姚文智,105年立法委員選舉,第三次賸餘,1070416,當選後與其公務有關之費用支出,081-B8,,0.00,165.00,搭乘交通工具支出,金錢,,,
335,姚文智,105年立法委員選舉,第三次賸餘,1070417,當選後與其公務有關之費用支出,TDB-0507,,0.00,165.00,搭乘交通工具支出,金錢,,,
336,姚文智,105年立法委員選舉,第三次賸餘,1070417,當選後與其公務有關之費用支出,TDA-1883,,0.00,175.00,搭乘交通工具支出,金錢,,,
337,姚文智,105年立法委員選舉,第三次賸餘,1070417,當選後與其公務有關之費用支出,TDH-3098,,0.00,160.00,搭乘交通工具支出,金錢,,,
338,姚文智,105年立法委員選舉,第三次賸餘,1070417,當選後與其公務有關之費用支出,全國加油站股份有限公司,,0.00,500.00,油資,金錢,,,
339,姚文智,105年立法委員選舉,第三次賸餘,1070417,當選後與其公務有關之費用支出,7-ELEVEN,,0.00,20.00,雜項購置或修繕費用,金錢,,,
340,姚文智,105年立法委員選舉,第三次賸餘,1070417,當選後與其公務有關之費用支出,大南飯包店,,0.00,210.00,餐飲支出,金錢,,,
341,姚文智,105年立法委員選舉,第三次賸餘,1070417,當選後與其公務有關之費用支出,TDA-5875,,0.00,270.00,搭乘交通工具支出,金錢,,,
342,姚文智,105年立法委員選舉,第三次賸餘,1070417,當選後與其公務有關之費用支出,龍德文具有限公司,,0.00,2500.00,文具用品費用,金錢,,,
343,姚文智,105年立法委員選舉,第三次賸餘,1070417,當選後與其公務有關之費用支出,7-ELEVEN,,0.00,100.00,雜項購置或修繕費用,金錢,,,
344,姚文智,105年立法委員選舉,第三次賸餘,1070417,當選後與其公務有關之費用支出,全球商務股份有限公司,,0.00,95.00,雜項購置或修繕費用,金錢,,,
345,姚文智,105年立法委員選舉,第三次賸餘,1070417,當選後與其公務有關之費用支出,TDD-9751,,0.00,110.00,搭乘交通工具支出,金錢,,,
346,姚文智,105年立法委員選舉,第三次賸餘,1070417,當選後與其公務有關之費用支出,柏澄小吃店,,0.00,1440.00,餐飲支出,金錢,,,
347,姚文智,105年立法委員選舉,第三次賸餘,1070417,當選後與其公務有關之費用支出,McDonalds,,0.00,148.00,餐飲支出,金錢,,,
348,姚文智,105年立法委員選舉,第三次賸餘,1070418,當選後與其公務有關之費用支出,7-ELEVEN,,0.00,134.00,書報雜誌費用,金錢,,,
349,姚文智,105年立法委員選舉,第三次賸餘,1070418,當選後與其公務有關之費用支出,伯光文具印刷有限公司,,0.00,135.00,文具用品費用,金錢,,,
350,姚文智,105年立法委員選舉,第三次賸餘,1070418,當選後與其公務有關之費用支出,7-ELEVEN,,0.00,410.00,餐飲支出,金錢,,,
351,姚文智,105年立法委員選舉,第三次賸餘,1070418,當選後與其公務有關之費用支出,7-ELEVEN,,0.00,75.00,雜項購置或修繕費用,金錢,,,
352,姚文智,105年立法委員選舉,第三次賸餘,1070418,當選後與其公務有關之費用支出,台灣迪卡儂內湖店,,0.00,2994.00,雜項購置或修繕費用,金錢,,,
353,姚文智,105年立法委員選舉,第三次賸餘,1070418,當選後與其公務有關之費用支出,138-L8,,0.00,270.00,搭乘交通工具支出,金錢,,,
354,姚文智,105年立法委員選舉,第三次賸餘,1070418,當選後與其公務有關之費用支出,TDA-8830,,0.00,265.00,搭乘交通工具支出,金錢,,,
355,姚文智,105年立法委員選舉,第三次賸餘,1070418,當選後與其公務有關之費用支出,柏蓉食坊,,0.00,190.00,餐飲支出,金錢,,,
356,姚文智,105年立法委員選舉,第三次賸餘,1070419,當選後與其公務有關之費用支出,永昌資訊有限公司,,0.00,550.00,雜項購置或修繕費用,金錢,,,
357,姚文智,105年立法委員選舉,第三次賸餘,1070419,當選後與其公務有關之費用支出,7-ELEVEN,,0.00,200.00,雜項購置或修繕費用,金錢,,,
358,姚文智,105年立法委員選舉,第三次賸餘,1070419,當選後與其公務有關之費用支出,全國加油站股份有限公司,,0.00,1208.00,油資,金錢,,,
359,姚文智,105年立法委員選舉,第三次賸餘,1070419,當選後與其公務有關之費用支出,527-2C,,0.00,110.00,搭乘交通工具支出,金錢,,,
360,姚文智,105年立法委員選舉,第三次賸餘,1070419,當選後與其公務有關之費用支出,TAP-918,,0.00,110.00,搭乘交通工具支出,金錢,,,
361,姚文智,105年立法委員選舉,第三次賸餘,1070419,當選後與其公務有關之費用支出,東方開發實業股份有限公司,,0.00,400.00,雜項購置或修繕費用,金錢,,,
362,姚文智,105年立法委員選舉,第三次賸餘,1070419,當選後與其公務有關之費用支出,伯光文具印刷有限公司,,0.00,360.00,文具用品費用,金錢,,,
363,姚文智,105年立法委員選舉,第三次賸餘,1070420,當選後與其公務有關之費用支出,寶強塑膠包裝材料行,,0.00,1310.00,雜項購置或修繕費用,金錢,,,
364,姚文智,105年立法委員選舉,第三次賸餘,1070420,當選後與其公務有關之費用支出,承德商業大樓管理委員會,,0.00,6000.00,雜項購置或修繕費用,金錢,,,
365,姚文智,105年立法委員選舉,第三次賸餘,1070420,當選後與其公務有關之費用支出,華信航空股份有限公司,,0.00,4176.00,搭乘交通工具支出,金錢,,,
366,姚文智,105年立法委員選舉,第三次賸餘,1070420,當選後與其公務有關之費用支出,Pchome線上購物,,0.00,4276.00,雜項購置或修繕費用,金錢,,,
367,姚文智,105年立法委員選舉,第三次賸餘,1070420,當選後與其公務有關之費用支出,立榮航空,,0.00,1976.00,搭乘交通工具支出,金錢,,,
368,姚文智,105年立法委員選舉,第三次賸餘,1070420,當選後與其公務有關之費用支出,375-B5,,0.00,290.00,搭乘交通工具支出,金錢,,,
369,姚文智,105年立法委員選舉,第三次賸餘,1070420,當選後與其公務有關之費用支出,蜂大咖啡,,0.00,290.00,雜項購置或修繕費用,金錢,,,
370,姚文智,105年立法委員選舉,第三次賸餘,1070420,當選後與其公務有關之費用支出,MOS BURGER,,0.00,220.00,餐飲支出,金錢,,,
371,姚文智,105年立法委員選舉,第三次賸餘,1070420,當選後與其公務有關之費用支出,三竹資訊股份有限公司,86136982,0.00,60000.00,發送電信簡訊支出,金錢,台北市中山區****,,
372,姚文智,105年立法委員選舉,第三次賸餘,1070421,當選後與其公務有關之費用支出,099-P2,,0.00,125.00,搭乘交通工具支出,金錢,,,
373,姚文智,105年立法委員選舉,第三次賸餘,1070421,當選後與其公務有關之費用支出,路一莎咖啡,,0.00,814.00,餐飲支出,金錢,,,
374,姚文智,105年立法委員選舉,第三次賸餘,1070421,當選後與其公務有關之費用支出,McDonalds,,0.00,496.00,餐飲支出,金錢,,,
375,姚文智,105年立法委員選舉,第三次賸餘,1070421,當選後與其公務有關之費用支出,登打士街餐飲有限公司,,0.00,500.00,餐飲支出,金錢,,,
376,姚文智,105年立法委員選舉,第三次賸餘,1070421,當選後與其公務有關之費用支出,原始叢林餐廳,,0.00,5250.00,租用場地支出,金錢,,,
377,姚文智,105年立法委員選舉,第三次賸餘,1070422,當選後與其公務有關之費用支出,McDonalds,,0.00,2618.00,餐飲支出,金錢,,,
378,姚文智,105年立法委員選舉,第三次賸餘,1070422,當選後與其公務有關之費用支出,西歐加油站,,0.00,1799.00,油資,金錢,,,
379,姚文智,105年立法委員選舉,第三次賸餘,1070422,當選後與其公務有關之費用支出,TDD-9230,,0.00,270.00,搭乘交通工具支出,金錢,,,
380,姚文智,105年立法委員選舉,第三次賸餘,1070422,當選後與其公務有關之費用支出,歐特儀股份有限公司,,0.00,280.00,停車費,金錢,,,
381,姚文智,105年立法委員選舉,第三次賸餘,1070422,當選後與其公務有關之費用支出,全國加油站股份有限公司,,0.00,948.00,油資,金錢,,,
382,姚文智,105年立法委員選舉,第三次賸餘,1070422,當選後與其公務有關之費用支出,TAE-195,,0.00,160.00,搭乘交通工具支出,金錢,,,
383,姚文智,105年立法委員選舉,第三次賸餘,1070422,當選後與其公務有關之費用支出,782-A3,,0.00,205.00,搭乘交通工具支出,金錢,,,
384,姚文智,105年立法委員選舉,第三次賸餘,1070422,當選後與其公務有關之費用支出,782-P2,,0.00,205.00,搭乘交通工具支出,金錢,,,
385,姚文智,105年立法委員選舉,第三次賸餘,1070422,當選後與其公務有關之費用支出,3N-953,,0.00,220.00,搭乘交通工具支出,金錢,,,
386,姚文智,105年立法委員選舉,第三次賸餘,1070422,當選後與其公務有關之費用支出,387-B3,,0.00,245.00,搭乘交通工具支出,金錢,,,
387,姚文智,105年立法委員選舉,第三次賸餘,1070422,當選後與其公務有關之費用支出,台北市停車管理工程處,,0.00,120.00,停車費,金錢,,,
388,姚文智,105年立法委員選舉,第三次賸餘,1070422,當選後與其公務有關之費用支出,309-6C,,0.00,145.00,搭乘交通工具支出,金錢,,,
389,姚文智,105年立法委員選舉,第三次賸餘,1070422,當選後與其公務有關之費用支出,首都客運股份有限公司,,0.00,16000.00,租用設備支出,金錢,,,
390,姚文智,105年立法委員選舉,第三次賸餘,1070422,當選後與其公務有關之費用支出,台北市交通義勇警察大隊,80894868,0.00,37625.00,雜項購置或修繕費用,金錢,台北市中正區****,,
391,姚文智,105年立法委員選舉,第三次賸餘,1070422,當選後與其公務有關之費用支出,曾維宏,A12*******,0.00,1225.00,工資或薪津,金錢,台北市萬華區****,,
392,姚文智,105年立法委員選舉,第三次賸餘,1070422,當選後與其公務有關之費用支出,陳致廷,A12*******,0.00,1925.00,工資或薪津,金錢,台北市士林區****,,
393,姚文智,105年立法委員選舉,第三次賸餘,1070422,當選後與其公務有關之費用支出,周安履,A12*******,0.00,1925.00,工資或薪津,金錢,台北市文山區****,,
394,姚文智,105年立法委員選舉,第三次賸餘,1070422,當選後與其公務有關之費用支出,鄭文綺,A22*******,0.00,1225.00,工資或薪津,金錢,新北市深坑區****,,
395,姚文智,105年立法委員選舉,第三次賸餘,1070422,當選後與其公務有關之費用支出,蕭名勛,B12*******,0.00,1225.00,工資或薪津,金錢,南投縣名間鄉****,,
396,姚文智,105年立法委員選舉,第三次賸餘,1070422,當選後與其公務有關之費用支出,吳丞勛,C12*******,0.00,1225.00,工資或薪津,金錢,基隆市信義區****,,
397,姚文智,105年立法委員選舉,第三次賸餘,1070422,當選後與其公務有關之費用支出,湯威閎,D12*******,0.00,1225.00,工資或薪津,金錢,台南市北區北****,,
398,姚文智,105年立法委員選舉,第三次賸餘,1070422,當選後與其公務有關之費用支出,朱展均,E12*******,0.00,1225.00,工資或薪津,金錢,高雄市鳳山區****,,
399,姚文智,105年立法委員選舉,第三次賸餘,1070422,當選後與其公務有關之費用支出,洪佳安,E12*******,0.00,1225.00,工資或薪津,金錢,高雄市三民區****,,
400,姚文智,105年立法委員選舉,第三次賸餘,1070422,當選後與其公務有關之費用支出,王秉鈞,E12*******,0.00,1225.00,工資或薪津,金錢,高雄市楠梓區****,,
401,姚文智,105年立法委員選舉,第三次賸餘,1070422,當選後與其公務有關之費用支出,胡善詠,F12*******,0.00,1925.00,工資或薪津,金錢,新北市中和區****,,
402,姚文智,105年立法委員選舉,第三次賸餘,1070422,當選後與其公務有關之費用支出,張為然,F12*******,0.00,1225.00,工資或薪津,金錢,新北市中和區****,,
403,姚文智,105年立法委員選舉,第三次賸餘,1070422,當選後與其公務有關之費用支出,謝忠賢,F12*******,0.00,1225.00,工資或薪津,金錢,新北市板橋區****,,
404,姚文智,105年立法委員選舉,第三次賸餘,1070422,當選後與其公務有關之費用支出,黃品富,F12*******,0.00,1225.00,工資或薪津,金錢,新北市新店區****,,
405,姚文智,105年立法委員選舉,第三次賸餘,1070422,當選後與其公務有關之費用支出,陳奕勝,F12*******,0.00,1225.00,工資或薪津,金錢,新北市淡水區****,,
406,姚文智,105年立法委員選舉,第三次賸餘,1070422,當選後與其公務有關之費用支出,張文瑋,F12*******,0.00,1225.00,工資或薪津,金錢,新北市汐止區****,,
407,姚文智,105年立法委員選舉,第三次賸餘,1070422,當選後與其公務有關之費用支出,曾昱彰,F13*******,0.00,1925.00,工資或薪津,金錢,新北市汐止區****,,
408,姚文智,105年立法委員選舉,第三次賸餘,1070422,當選後與其公務有關之費用支出,胡軒豪,F13*******,0.00,1225.00,工資或薪津,金錢,新北市蘆洲區****,,
409,姚文智,105年立法委員選舉,第三次賸餘,1070422,當選後與其公務有關之費用支出,林佳慧,F22*******,0.00,1225.00,工資或薪津,金錢,新北市新莊區****,,
410,姚文智,105年立法委員選舉,第三次賸餘,1070422,當選後與其公務有關之費用支出,郭乃慈,F22*******,0.00,1925.00,工資或薪津,金錢,屏東縣潮州鎮****,,
411,姚文智,105年立法委員選舉,第三次賸餘,1070422,當選後與其公務有關之費用支出,林與玲,F23*******,0.00,1225.00,工資或薪津,金錢,桃園市楊梅區****,,
412,姚文智,105年立法委員選舉,第三次賸餘,1070422,當選後與其公務有關之費用支出,簡以策,H12*******,0.00,1925.00,工資或薪津,金錢,桃園市桃園區****,,
413,姚文智,105年立法委員選舉,第三次賸餘,1070422,當選後與其公務有關之費用支出,李宜陵,H12*******,0.00,1925.00,工資或薪津,金錢,桃園市桃園區****,,
414,姚文智,105年立法委員選舉,第三次賸餘,1070422,當選後與其公務有關之費用支出,魏鳴彥,H12*******,0.00,1225.00,工資或薪津,金錢,桃園市蘆竹區****,,
415,姚文智,105年立法委員選舉,第三次賸餘,1070422,當選後與其公務有關之費用支出,游承龍,H12*******,0.00,1225.00,工資或薪津,金錢,桃園市中壢區****,,
416,姚文智,105年立法委員選舉,第三次賸餘,1070422,當選後與其公務有關之費用支出,潘元太,H12*******,0.00,1225.00,工資或薪津,金錢,桃園市中壢區****,,
417,姚文智,105年立法委員選舉,第三次賸餘,1070422,當選後與其公務有關之費用支出,馮輝倫,H12*******,0.00,1225.00,工資或薪津,金錢,桃園市新屋區****,,
418,姚文智,105年立法委員選舉,第三次賸餘,1070422,當選後與其公務有關之費用支出,簡愉潔,H22*******,0.00,1225.00,工資或薪津,金錢,桃園市中壢區****,,
419,姚文智,105年立法委員選舉,第三次賸餘,1070422,當選後與其公務有關之費用支出,謝子晴,H22*******,0.00,1225.00,工資或薪津,金錢,桃園市平鎮區****,,
420,姚文智,105年立法委員選舉,第三次賸餘,1070422,當選後與其公務有關之費用支出,陳晴盈,H22*******,0.00,1225.00,工資或薪津,金錢,桃園市龍潭區****,,
421,姚文智,105年立法委員選舉,第三次賸餘,1070422,當選後與其公務有關之費用支出,鄭小雪,H22*******,0.00,1225.00,工資或薪津,金錢,桃園市龜山區****,,
422,姚文智,105年立法委員選舉,第三次賸餘,1070422,當選後與其公務有關之費用支出,錢芃安,H22*******,0.00,1225.00,工資或薪津,金錢,桃園市八德區****,,
423,姚文智,105年立法委員選舉,第三次賸餘,1070422,當選後與其公務有關之費用支出,邱郁雯,K22*******,0.00,1225.00,工資或薪津,金錢,桃園市龍潭區****,,
424,姚文智,105年立法委員選舉,第三次賸餘,1070422,當選後與其公務有關之費用支出,謝旻軒,N12*******,0.00,1225.00,工資或薪津,金錢,彰化縣和美鎮****,,
425,姚文智,105年立法委員選舉,第三次賸餘,1070422,當選後與其公務有關之費用支出,彭韡,O10*******,0.00,1925.00,工資或薪津,金錢,新竹市北區潛****,,
426,姚文智,105年立法委員選舉,第三次賸餘,1070422,當選後與其公務有關之費用支出,陳浡昊,X12*******,0.00,1225.00,工資或薪津,金錢,新北市土城區****,,
427,姚文智,105年立法委員選舉,第三次賸餘,1070423,當選後與其公務有關之費用支出,全國加油站股份有限公司,,0.00,1197.00,油資,金錢,,,
428,姚文智,105年立法委員選舉,第三次賸餘,1070423,當選後與其公務有關之費用支出,020-K3,,0.00,260.00,搭乘交通工具支出,金錢,,,
429,姚文智,105年立法委員選舉,第三次賸餘,1070423,當選後與其公務有關之費用支出,TDF-0058,,0.00,315.00,搭乘交通工具支出,金錢,,,
430,姚文智,105年立法委員選舉,第三次賸餘,1070423,當選後與其公務有關之費用支出,588-7C,,0.00,240.00,搭乘交通工具支出,金錢,,,
431,姚文智,105年立法委員選舉,第三次賸餘,1070423,當選後與其公務有關之費用支出,TDF-8628,,0.00,175.00,搭乘交通工具支出,金錢,,,
432,姚文智,105年立法委員選舉,第三次賸餘,1070423,當選後與其公務有關之費用支出,492-L5,,0.00,165.00,搭乘交通工具支出,金錢,,,
433,姚文智,105年立法委員選舉,第三次賸餘,1070423,當選後與其公務有關之費用支出,948-6D,,0.00,180.00,搭乘交通工具支出,金錢,,,
434,姚文智,105年立法委員選舉,第三次賸餘,1070424,當選後與其公務有關之費用支出,655-K3,,0.00,180.00,搭乘交通工具支出,金錢,,,
435,姚文智,105年立法委員選舉,第三次賸餘,1070424,當選後與其公務有關之費用支出,TDA-3963,,0.00,210.00,搭乘交通工具支出,金錢,,,
436,姚文智,105年立法委員選舉,第三次賸餘,1070424,當選後與其公務有關之費用支出,全聯福利中心,,0.00,273.00,雜項購置或修繕費用,金錢,,,
437,姚文智,105年立法委員選舉,第三次賸餘,1070424,當選後與其公務有關之費用支出,立法院郵局,,0.00,120.00,雜項購置或修繕費用,金錢,,,
438,姚文智,105年立法委員選舉,第三次賸餘,1070425,當選後與其公務有關之費用支出,7-ELEVEN,,0.00,124.00,書報雜誌費用,金錢,,,
439,姚文智,105年立法委員選舉,第三次賸餘,1070425,當選後與其公務有關之費用支出,柏蓉食坊,,0.00,180.00,餐飲支出,金錢,,,
440,姚文智,105年立法委員選舉,第三次賸餘,1070426,當選後與其公務有關之費用支出,打雜幫股份有限公司,66318871,0.00,400000.00,委託辦理研究、評估、調查、設計或規劃支出,金錢,新北市三重區****,,
441,姚文智,105年立法委員選舉,第三次賸餘,1070428,當選後與其公務有關之費用支出,朋達服裝有限公司,24966880,0.00,551250.00,製作競選物品支出（物品名稱-T恤）,金錢,台北市萬華區****,,
