﻿序號,擬參選人／政黨,選舉名稱,申報序號／年度,交易日期,收支科目,捐贈者／支出對象,身分證／統一編號,收入金額,支出金額,支出用途,金錢類,地址,聯絡電話,資料更正日期
1,鄭正鈐,109年立法委員選舉,首次申報,1080822,個人捐贈收入,王瑾瑞,J12*******,100000.00,0.00,,金錢,新竹市光華二****,,
2,鄭正鈐,109年立法委員選舉,首次申報,1080822,個人捐贈收入,王琛,O10*******,50000.00,0.00,,金錢,新竹市光華二****,,
3,鄭正鈐,109年立法委員選舉,首次申報,1080824,個人捐贈收入,吳碧惠,A20*******,5000.00,0.00,,金錢,,,
4,鄭正鈐,109年立法委員選舉,首次申報,1080826,個人捐贈收入,鄭慧姬,J22*******,80000.00,0.00,,金錢,新竹市公園路****,,
5,鄭正鈐,109年立法委員選舉,首次申報,1080909,個人捐贈收入,黃明焜,F12*******,100000.00,0.00,,金錢,新北市樹林鎮****,,
6,鄭正鈐,109年立法委員選舉,首次申報,1080912,營利事業捐贈收入,浩漢產品設計股份有限公司,22991429,500000.00,0.00,,金錢,新北市汐止區****,,
7,鄭正鈐,109年立法委員選舉,首次申報,1080912,個人捐贈收入,蘇俊逸,J12*******,100000.00,0.00,,金錢,新竹市北區延****,,
8,鄭正鈐,109年立法委員選舉,首次申報,1080918,個人捐贈收入,楊恭尊,W10*******,100000.00,0.00,,金錢,台北市松山區****,,
9,鄭正鈐,109年立法委員選舉,首次申報,1081007,匿名捐贈,羅博惠,,8000.00,0.00,,金錢,,,
10,鄭正鈐,109年立法委員選舉,首次申報,1081007,匿名捐贈,匿名,,2600.00,0.00,,金錢,,,
11,鄭正鈐,109年立法委員選舉,首次申報,1081009,營利事業捐贈收入,傑騰國際實業,13007456,20000.00,0.00,,金錢,新竹市東區自****,,
12,鄭正鈐,109年立法委員選舉,首次申報,1081009,個人捐贈收入,林明裕,V12*******,30000.00,0.00,,金錢,新竹市香山區****,,
13,鄭正鈐,109年立法委員選舉,首次申報,1081012,個人捐贈收入,陳文煌,R12*******,5000.00,0.00,,金錢,臺北市長春路****,,
14,鄭正鈐,109年立法委員選舉,首次申報,1081014,匿名捐贈,吳靖秋,,500.00,0.00,,金錢,,,
15,鄭正鈐,109年立法委員選舉,首次申報,1081014,個人捐贈收入,黃進添,A12*******,10000.00,0.00,,金錢,臺中市北區華****,,
16,鄭正鈐,109年立法委員選舉,首次申報,1081015,個人捐贈收入,林明裕,V12*******,70000.00,0.00,,金錢,新竹市香山區****,,
17,鄭正鈐,109年立法委員選舉,首次申報,1081016,匿名捐贈,趙淑穎,,5000.00,0.00,,金錢,,,
18,鄭正鈐,109年立法委員選舉,首次申報,1081016,個人捐贈收入,楊宗華,A12*******,100000.00,0.00,,金錢,新竹市北區光****,,
19,鄭正鈐,109年立法委員選舉,首次申報,1081018,個人捐贈收入,張潤瓊,D20*******,20000.00,0.00,,金錢,新竹縣竹北市****,,
20,鄭正鈐,109年立法委員選舉,首次申報,1081023,營利事業捐贈收入,觀鼎企業有限公司,47289215,300000.00,0.00,,金錢,新竹市香山區****,,
21,鄭正鈐,109年立法委員選舉,首次申報,1081023,營利事業捐贈收入,金益鼎企業股份有限公司,97419282,300000.00,0.00,,金錢,新竹市香山區****,,
22,鄭正鈐,109年立法委員選舉,首次申報,1081030,個人捐贈收入,左家寧,A22*******,30000.00,0.00,,金錢,新竹縣竹北市****,,
23,鄭正鈐,109年立法委員選舉,首次申報,1081112,個人捐贈收入,詹振輝,J12*******,50000.00,0.00,,金錢,新北市新店區****,,
24,鄭正鈐,109年立法委員選舉,首次申報,1081112,個人捐贈收入,詹振輝,J12*******,50000.00,0.00,,金錢,新北市新店區****,,
25,鄭正鈐,109年立法委員選舉,首次申報,1081113,個人捐贈收入,蘇淑芳,J22*******,100000.00,0.00,,金錢,新竹市東區建****,,
26,鄭正鈐,109年立法委員選舉,首次申報,1081113,個人捐贈收入,彭雅莉,J22*******,5000.00,0.00,,金錢,新竹市鐵道路****,,
27,鄭正鈐,109年立法委員選舉,首次申報,1081115,人民團體捐贈收入,新竹市醫師公會,,50000.00,0.00,,金錢,中正路號樓室****,5230*****,
28,鄭正鈐,109年立法委員選舉,首次申報,1081115,個人捐贈收入,李賢祺,H12*******,10000.00,0.00,,金錢,新竹市東大路****,,
29,鄭正鈐,109年立法委員選舉,首次申報,1081115,個人捐贈收入,廖嘉正,J12*******,30000.00,0.00,,金錢,新竹市田美三****,,
30,鄭正鈐,109年立法委員選舉,首次申報,1081115,個人捐贈收入,陳志宏,J12*******,10000.00,0.00,,金錢,新竹市東門街****,,
31,鄭正鈐,109年立法委員選舉,首次申報,1081118,個人捐贈收入,林彥圻,K12*******,5000.00,0.00,,金錢,新竹市北大路****,,
32,鄭正鈐,109年立法委員選舉,首次申報,1081119,個人捐贈收入,林悅治,J20*******,10000.00,0.00,,金錢,新竹市牛埔路****,,
33,鄭正鈐,109年立法委員選舉,首次申報,1081119,個人捐贈收入,劉又誠,L12*******,100000.00,0.00,,金錢,新竹縣竹北市****,,
34,鄭正鈐,109年立法委員選舉,首次申報,1081122,個人捐贈收入,林明浩,U12*******,100000.00,0.00,,金錢,花蓮縣花蓮市****,,
35,鄭正鈐,109年立法委員選舉,首次申報,1081125,個人捐贈收入,黃國恩,J12*******,100000.00,0.00,,金錢,新竹縣湖口鄉****,,
36,鄭正鈐,109年立法委員選舉,首次申報,1081125,個人捐贈收入,魏杏紘,J22*******,100000.00,0.00,,金錢,新竹市長春街****,,
37,鄭正鈐,109年立法委員選舉,首次申報,1081125,個人捐贈收入,邱栢源,M12*******,100000.00,0.00,,金錢,新竹市長春街****,,
38,鄭正鈐,109年立法委員選舉,首次申報,1081125,個人捐贈收入,陳麗容,T22*******,100000.00,0.00,,金錢,新竹縣湖口鄉****,,
39,鄭正鈐,109年立法委員選舉,首次申報,1081126,個人捐贈收入,魏靖文,G22*******,50000.00,0.00,,金錢,新竹市大學路****,,
40,鄭正鈐,109年立法委員選舉,首次申報,1081126,個人捐贈收入,魏靖文,G22*******,50000.00,0.00,,金錢,新竹市大學路****,,
41,鄭正鈐,109年立法委員選舉,首次申報,1081126,個人捐贈收入,洪圭鈞,J12*******,100000.00,0.00,,金錢,新竹市北大路****,,
42,鄭正鈐,109年立法委員選舉,首次申報,1081126,個人捐贈收入,林暖,N22*******,100000.00,0.00,,金錢,新竹縣竹北市****,,
43,鄭正鈐,109年立法委員選舉,首次申報,1081126,個人捐贈收入,陳咏南,P12*******,100000.00,0.00,,金錢,臺北市北投區****,,
44,鄭正鈐,109年立法委員選舉,首次申報,1081126,個人捐贈收入,黃國彰,Y12*******,100000.00,0.00,,金錢,新竹縣湖口鄉****,,
45,鄭正鈐,109年立法委員選舉,首次申報,1081128,個人捐贈收入,莊琬如,H22*******,100000.00,0.00,,金錢,桃園縣楊梅鎮****,,
46,鄭正鈐,109年立法委員選舉,首次申報,1081128,個人捐贈收入,彭彥婷,J22*******,100000.00,0.00,,金錢,新竹市東區慈****,,
47,鄭正鈐,109年立法委員選舉,首次申報,1081129,個人捐贈收入,黃淑茹,Q22*******,50000.00,0.00,,金錢,新竹市關新東****,,
48,鄭正鈐,109年立法委員選舉,首次申報,1081129,個人捐贈收入,黃淑茹,Q22*******,50000.00,0.00,,金錢,新竹市關新東****,,
49,鄭正鈐,109年立法委員選舉,首次申報,1081205,匿名捐贈,游文欽,,1688.00,0.00,,金錢,,,
50,鄭正鈐,109年立法委員選舉,首次申報,1081205,人民團體捐贈收入,社團法人新竹市牙醫師公會,,50000.00,0.00,,金錢,光復路二段號****,5229*****,
51,鄭正鈐,109年立法委員選舉,首次申報,1081206,個人捐贈收入,曾文明,J10*******,3000.00,0.00,,金錢,新竹市東區新****,,
52,鄭正鈐,109年立法委員選舉,首次申報,1081209,個人捐贈收入,林明達,J10*******,1000.00,0.00,,金錢,新竹市中華路****,,
53,鄭正鈐,109年立法委員選舉,首次申報,1081209,個人捐贈收入,黃源甫,J10*******,2000.00,0.00,,金錢,新竹市原興路****,,
54,鄭正鈐,109年立法委員選舉,首次申報,1081209,個人捐贈收入,張文政,K12*******,2000.00,0.00,,金錢,台北市大安區****,,
55,鄭正鈐,109年立法委員選舉,首次申報,1081209,個人捐贈收入,陳聰敏,R12*******,50000.00,0.00,,金錢,新竹市經國路****,,
56,鄭正鈐,109年立法委員選舉,首次申報,1081210,營利事業捐贈收入,幸福空間有限公司,28690792,150000.00,0.00,,金錢,台北市信義區****,,
57,鄭正鈐,109年立法委員選舉,首次申報,1081210,個人捐贈收入,鄭心家,J10*******,50000.00,0.00,,金錢,新竹市大同路****,,
58,鄭正鈐,109年立法委員選舉,首次申報,1081210,個人捐贈收入,葉矢如,J10*******,20000.00,0.00,,金錢,新竹市博愛街****,,
59,鄭正鈐,109年立法委員選舉,首次申報,1081210,個人捐贈收入,鄭煌學,J12*******,50000.00,0.00,,金錢,新竹市大同路****,,
60,鄭正鈐,109年立法委員選舉,首次申報,1081210,個人捐贈收入,溫國暉,J12*******,10000.00,0.00,,金錢,新竹市東區高****,,
61,鄭正鈐,109年立法委員選舉,首次申報,1081211,個人捐贈收入,陳勝標,J10*******,100000.00,0.00,,金錢,新竹市中華路****,,
62,鄭正鈐,109年立法委員選舉,首次申報,1081212,個人捐贈收入,李凱弟,A10*******,10000.00,0.00,,金錢,新竹市光復路****,,
63,鄭正鈐,109年立法委員選舉,首次申報,1081212,個人捐贈收入,陳炳華,J12*******,1000.00,0.00,,金錢,台北市信義區****,,
64,鄭正鈐,109年立法委員選舉,首次申報,1081213,匿名捐贈,高茂宏,,2000.00,0.00,,金錢,,,
65,鄭正鈐,109年立法委員選舉,首次申報,1081213,營利事業捐贈收入,合瑞投資股份,28512559,450000.00,0.00,,金錢,新竹市海山里****,,
66,鄭正鈐,109年立法委員選舉,首次申報,1081213,營利事業捐贈收入,鎰鼎股份有限公司,79984975,250000.00,0.00,,金錢,新竹市海山里****,,
67,鄭正鈐,109年立法委員選舉,首次申報,1081213,營利事業捐贈收入,金益鼎企業股份有限公司,97419282,300000.00,0.00,,金錢,新竹市香山區****,,
68,鄭正鈐,109年立法委員選舉,首次申報,1081213,個人捐贈收入,莊瑞元,J12*******,100000.00,0.00,,金錢,新竹市香山區****,,
69,鄭正鈐,109年立法委員選舉,首次申報,1081213,個人捐贈收入,莊瑞瑾,O20*******,100000.00,0.00,,金錢,新竹市香山區****,,
70,鄭正鈐,109年立法委員選舉,首次申報,1081213,個人捐贈收入,莊清旗,U10*******,100000.00,0.00,,金錢,新竹市香山區****,,
71,鄭正鈐,109年立法委員選舉,首次申報,1081216,匿名捐贈,匿名,,500.00,0.00,,金錢,,,
72,鄭正鈐,109年立法委員選舉,首次申報,1081217,人民團體捐贈收入,中華文化經濟交流協會,,20000.00,0.00,,金錢,臺北市忠孝東****,02-2*****,
73,鄭正鈐,109年立法委員選舉,首次申報,1081217,個人捐贈收入,羅明植,P12*******,100000.00,0.00,,金錢,台北市大安區****,,
74,鄭正鈐,109年立法委員選舉,首次申報,1081217,個人捐贈收入,李篤誠,Q12*******,200000.00,0.00,,金錢,新竹縣竹北市****,,
75,鄭正鈐,109年立法委員選舉,首次申報,1081218,匿名捐贈,鄭正文,,1000.00,0.00,,金錢,,,
76,鄭正鈐,109年立法委員選舉,首次申報,1081219,個人捐贈收入,許富賢,J12*******,100000.00,0.00,,金錢,桃園市桃園區****,,
77,鄭正鈐,109年立法委員選舉,首次申報,1081220,人民團體捐贈收入,中華民國工商建設研究會,,50000.00,0.00,,金錢,臺北市大安區****,02-2*****,
78,鄭正鈐,109年立法委員選舉,首次申報,1081220,個人捐贈收入,丘英元,J10*******,3000.00,0.00,,金錢,新竹市仁愛街****,,
79,鄭正鈐,109年立法委員選舉,首次申報,1081223,個人捐贈收入,林文賢,R12*******,5000.00,0.00,,金錢,桃園市中壢區****,,
80,鄭正鈐,109年立法委員選舉,首次申報,1081224,個人捐贈收入,陳建銘,A12*******,5000.00,0.00,,金錢,新竹縣新埔鎮****,,
81,鄭正鈐,109年立法委員選舉,首次申報,1081224,個人捐贈收入,林義男,R12*******,20000.00,0.00,,金錢,臺南市白河區****,,
82,鄭正鈐,109年立法委員選舉,首次申報,1081225,個人捐贈收入,陳貞萩,J20*******,20000.00,0.00,,金錢,新竹市湳雅街****,,
83,鄭正鈐,109年立法委員選舉,首次申報,1081226,個人捐贈收入,陳燕珠,J22*******,2000.00,0.00,,金錢,新竹市東區綠****,,
84,鄭正鈐,109年立法委員選舉,首次申報,1081227,其他收入,利息收入,,33.00,0.00,,金錢,,,
85,鄭正鈐,109年立法委員選舉,首次申報,1081227,營利事業捐贈收入,天下數位科技股份有限公司,24250359,20000.00,0.00,,金錢,台中市北區漢****,,
86,鄭正鈐,109年立法委員選舉,首次申報,1081227,個人捐贈收入,王鴻瑞,J12*******,100000.00,0.00,,金錢,台中市美村路****,,
87,鄭正鈐,109年立法委員選舉,首次申報,1081227,個人捐贈收入,王曉雯,J22*******,100000.00,0.00,,金錢,台北市龍江路****,,
88,鄭正鈐,109年立法委員選舉,首次申報,1081230,匿名捐贈,匿名,,10000.00,0.00,,金錢,,,
89,鄭正鈐,109年立法委員選舉,首次申報,1081230,個人捐贈收入,涂仁德,K10*******,30000.00,0.00,,金錢,新竹市高翠路****,,
90,鄭正鈐,109年立法委員選舉,首次申報,1081231,營利事業捐贈收入,凱迪興業股份有限公司,12439505,200000.00,0.00,,金錢,台北市大安區****,,
91,鄭正鈐,109年立法委員選舉,首次申報,1081231,營利事業捐贈收入,春鼎機械工業股份有限公司,23514071,20000.00,0.00,,金錢,桃園市富國路****,,
92,鄭正鈐,109年立法委員選舉,首次申報,1081231,營利事業捐贈收入,迅丰精密工業股份有限公司,86251413,10000.00,0.00,,金錢,新北市樹林區****,,
93,鄭正鈐,109年立法委員選舉,首次申報,1081231,個人捐贈收入,張虹莉,J22*******,2000.00,0.00,,金錢,新竹市光華二****,,
94,鄭正鈐,109年立法委員選舉,首次申報,1081231,個人捐贈收入,曾鼎昌,K10*******,20000.00,0.00,,金錢,新竹市民族路****,,
95,鄭正鈐,109年立法委員選舉,首次申報,1081231,個人捐贈收入,馮明憲,R12*******,20000.00,0.00,,金錢,新竹市新香街****,,
96,鄭正鈐,109年立法委員選舉,首次申報,1081231,個人捐贈收入,符正華,T12*******,300000.00,0.00,,金錢,台北市大安區****,,
97,鄭正鈐,109年立法委員選舉,首次申報,1090103,營利事業捐贈收入,竹風建設股份有限公司,28161131,100000.00,0.00,,金錢,新竹縣竹北市****,,
98,鄭正鈐,109年立法委員選舉,首次申報,1090103,個人捐贈收入,鄭逸榛,O20*******,100000.00,0.00,,金錢,新竹市民生路****,,
99,鄭正鈐,109年立法委員選舉,首次申報,1090105,個人捐贈收入,蔡心巽,P22*******,20000.00,0.00,,金錢,新北市永和區****,,
100,鄭正鈐,109年立法委員選舉,首次申報,1090107,個人捐贈收入,陳龍飛,D12*******,500.00,0.00,,金錢,新竹市東區明****,,
101,鄭正鈐,109年立法委員選舉,首次申報,1090107,個人捐贈收入,呂昱辰,J12*******,100000.00,0.00,,金錢,新竹市東大路****,,
102,鄭正鈐,109年立法委員選舉,首次申報,1090107,個人捐贈收入,詹坤香,J20*******,1000.00,0.00,,金錢,新竹市八德路****,,
103,鄭正鈐,109年立法委員選舉,首次申報,1090107,個人捐贈收入,謝雲瑞,K12*******,3000.00,0.00,,金錢,苗栗縣頭份市****,,
104,鄭正鈐,109年立法委員選舉,首次申報,1090108,匿名捐贈,蘇永勝,,5000.00,0.00,,金錢,,,
105,鄭正鈐,109年立法委員選舉,首次申報,1090108,匿名捐贈,匿名,,980.00,0.00,,金錢,,,
106,鄭正鈐,109年立法委員選舉,首次申報,1090108,個人捐贈收入,吳建塗,J10*******,3000.00,0.00,,金錢,新竹市水田街****,,
107,鄭正鈐,109年立法委員選舉,首次申報,1090109,營利事業捐贈收入,佑順加油站股份有限公司,23504658,200000.00,0.00,,金錢,新竹縣竹北市****,,
108,鄭正鈐,109年立法委員選舉,首次申報,1090109,個人捐贈收入,蔡鐘順,J10*******,50000.00,0.00,,金錢,新竹市東大路****,,
109,鄭正鈐,109年立法委員選舉,首次申報,1090109,個人捐贈收入,彭泓瑋,J12*******,30000.00,0.00,,金錢,新竹縣新豐鄉****,,
110,鄭正鈐,109年立法委員選舉,首次申報,1090109,個人捐贈收入,張哲偉,J12*******,100000.00,0.00,,金錢,新竹市志平路****,,
111,鄭正鈐,109年立法委員選舉,首次申報,1090110,個人捐贈收入,林素真,N22*******,100000.00,0.00,,金錢,新竹縣竹北市****,,
