﻿序號,擬參選人／政黨,選舉名稱,申報序號／年度,交易日期,收支科目,捐贈者／支出對象,身分證／統一編號,收入金額,支出金額,捐贈方式,存入專戶日期,返還/繳庫,支出用途,金錢類,地址,聯絡電話,應揭露之支出對象,支出對象之內部人員姓名,支出對象之內部人員職稱,政黨之內部人員姓名,政黨之內部人員職稱,關係,更正註記,資料更正日期
1,陳世霖,111年臺南市議員選舉,首次申報,1110913,個人捐贈收入,蔡旺璽,D12*******,25515.00,0.00,,,,,非金錢,臺南市麻豆區****,,,,,,,,,
2,陳世霖,111年臺南市議員選舉,首次申報,1110913,個人捐贈收入,蔡素芬,E22*******,34020.00,0.00,,,,,非金錢,臺南市永康區****,,,,,,,,,
3,陳世霖,111年臺南市議員選舉,首次申報,1110922,個人捐贈收入,嚴雄相,R12*******,50000.00,0.00,票據,1110929,,,金錢,臺南市永康區****,0910*****,,,,,,,,
4,陳世霖,111年臺南市議員選舉,首次申報,1110922,個人捐贈收入,嚴芳川,R12*******,50000.00,0.00,票據,1110929,,,金錢,臺南市永康區****,,,,,,,,,
5,陳世霖,111年臺南市議員選舉,首次申報,1110925,個人捐贈收入,吳素蓮,,5000.00,0.00,匯款,1110925,,,金錢,臺南市安南區****,,,,,,,,,
6,陳世霖,111年臺南市議員選舉,首次申報,1110929,個人捐贈收入,陳冠傑,,20000.00,0.00,匯款,1110929,,,金錢,臺南市永康區****,,,,,,,,,
7,陳世霖,111年臺南市議員選舉,首次申報,1110929,營利事業捐贈收入,雄港企業有限公司,23663509,32000.00,0.00,現金,1110929,,,金錢,高雄市三民區****,,,,,,,,,
8,陳世霖,111年臺南市議員選舉,首次申報,1110929,營利事業捐贈收入,佶典動力科技興業有限公司,24391702,80000.00,0.00,現金,1110929,,,金錢,臺南市永康區****,,,,,,,,,
9,陳世霖,111年臺南市議員選舉,首次申報,1111005,個人捐贈收入,顏茂松,R10*******,36000.00,0.00,現金,1111005,,,金錢,臺南市永康區****,0929*****,,,,,,,,
10,陳世霖,111年臺南市議員選舉,首次申報,1111005,個人捐贈收入,黃仁享,R12*******,40000.00,0.00,現金,1111005,,,金錢,臺南市永康區****,0932*****,,,,,,,,
11,陳世霖,111年臺南市議員選舉,首次申報,1111011,匿名捐贈,匿名,,5000.00,0.00,匯款,1111011,,,金錢,,,,,,,,,,
12,陳世霖,111年臺南市議員選舉,首次申報,1111011,營利事業捐贈收入,宸新建設開發有限公司,42916808,120000.00,0.00,票據,1111011,已返還,,金錢,臺南市歸仁區****,0955*****,,,,,,,,
13,陳世霖,111年臺南市議員選舉,首次申報,1111013,匿名捐贈,匿名,,5000.00,0.00,匯款,1111013,,,金錢,,,,,,,,,,
14,陳世霖,111年臺南市議員選舉,首次申報,1111014,個人捐贈收入,郭建興,N12*******,50000.00,0.00,匯款,1111014,,,金錢,臺南市安定區****,0901*****,,,,,,,,
15,陳世霖,111年臺南市議員選舉,首次申報,1111015,個人捐贈收入,吳福明,R12*******,100000.00,0.00,票據,1111015,,,金錢,臺南市永康區****,0932*****,,,,,,,,
16,陳世霖,111年臺南市議員選舉,首次申報,1111017,匿名捐贈,匿名,,3000.00,0.00,匯款,1111017,,,金錢,,,,,,,,,,
17,陳世霖,111年臺南市議員選舉,首次申報,1111018,營利事業捐贈收入,浩翰工程有限公司,53389590,100000.00,0.00,票據,1111018,,,金錢,臺南市永康區****,06-2*****,,,,,,,,
18,陳世霖,111年臺南市議員選舉,首次申報,1111018,個人捐贈收入,曾燦雄,R12*******,100000.00,0.00,現金,1111018,,,金錢,臺南市永康區****,,,,,,,,,
19,陳世霖,111年臺南市議員選舉,首次申報,1111018,個人捐贈收入,李順忠,R12*******,100000.00,0.00,現金,1111018,,,金錢,臺南市永康區****,,,,,,,,,
20,陳世霖,111年臺南市議員選舉,首次申報,1111018,個人捐贈收入,薛秀玲,S22*******,100000.00,0.00,票據,1111018,,,金錢,臺南市東區林****,,,,,,,,,
21,陳世霖,111年臺南市議員選舉,首次申報,1111020,匿名捐贈,匿名,,6600.00,0.00,匯款,1111020,,,金錢,,,,,,,,,,
22,陳世霖,111年臺南市議員選舉,首次申報,1111020,營利事業捐贈收入,弘億股份有限公司,23092831,30000.00,0.00,匯款,1111020,已返還,,金錢,臺南市永康區****,2426*****,,,,,,,,
23,陳世霖,111年臺南市議員選舉,首次申報,1111020,營利事業捐贈收入,展群實業有限公司,54552063,50000.00,0.00,現金,1111025,,,金錢,臺南市永康區****,2712*****,,,,,,,,
24,陳世霖,111年臺南市議員選舉,首次申報,1111020,營利事業捐贈收入,富翔砂石有限公司,83533707,50000.00,0.00,現金,1111026,,,金錢,臺南市永康區****,0927*****,,,,,,,,
25,陳世霖,111年臺南市議員選舉,首次申報,1111020,個人捐贈收入,王聰明,E10*******,30000.00,0.00,現金,1111025,,,金錢,臺南市永康區****,2723*****,,,,,,,,
26,陳世霖,111年臺南市議員選舉,首次申報,1111020,個人捐贈收入,李如憶,Q22*******,50000.00,0.00,匯款,1111020,,,金錢,臺南市永康區****,0916*****,,,,,,,,
27,陳世霖,111年臺南市議員選舉,首次申報,1111020,個人捐贈收入,王佳麟,R12*******,20000.00,0.00,現金,1111025,,,金錢,臺南市歸仁區****,0933*****,,,,,,,,
28,陳世霖,111年臺南市議員選舉,首次申報,1111020,個人捐贈收入,黃進財,R12*******,10000.00,0.00,現金,1111025,,,金錢,臺南市永康區****,0935*****,,,,,,,,
29,陳世霖,111年臺南市議員選舉,首次申報,1111020,個人捐贈收入,蔡淑齡,R22*******,20000.00,0.00,現金,1111025,,,金錢,臺南市永康區****,0933*****,,,,,,,,
30,陳世霖,111年臺南市議員選舉,首次申報,1111020,個人捐贈收入,楊碧雪,R22*******,100000.00,0.00,現金,1111025,,,金錢,臺南市永康區****,0928*****,,,,,,,,
31,陳世霖,111年臺南市議員選舉,首次申報,1111021,匿名捐贈,匿名,,3000.00,0.00,現金,1111021,,,金錢,,,,,,,,,,
32,陳世霖,111年臺南市議員選舉,首次申報,1111022,個人捐贈收入,施鄞禮,,10000.00,0.00,匯款,1111022,,,金錢,臺南市永康區****,0970*****,,,,,,,,
33,陳世霖,111年臺南市議員選舉,首次申報,1111031,營利事業捐贈收入,一永鉅有限公司,24919439,100000.00,0.00,匯款,1111031,,,金錢,臺南市仁德區****,2600*****,,,,,,,,
34,陳世霖,111年臺南市議員選舉,首次申報,1111115,個人捐贈收入,陳慧煌,R12*******,20000.00,0.00,匯款,1111115,,,金錢,臺南市永康區****,0933*****,,,,,,,,
35,陳世霖,111年臺南市議員選舉,首次申報,1111118,個人捐贈收入,戴銘正,R12*******,60000.00,0.00,現金,1111118,,,金錢,臺南市永康區****,0929*****,,,,,,,,
36,陳世霖,111年臺南市議員選舉,首次申報,1111221,其他收入,利息收入,,1182.00,0.00,匯款,1111221,,,金錢,,,,,,,,,,
