﻿序號,擬參選人／政黨,選舉名稱,申報序號／年度,交易日期,收支科目,捐贈者／支出對象,身分證／統一編號,收入金額,支出金額,支出用途,金錢類,地址,聯絡電話,資料更正日期
1,劉安祺,107年直轄市議員選舉,首次申報,1070924,匿名捐贈,匿名,,146.00,0.00,,金錢,,,
2,劉安祺,107年直轄市議員選舉,首次申報,1071004,營利事業捐贈收入,桃苗汽車股份有限公司,22817885,200000.00,0.00,,金錢,桃園市中壢區****,,
3,劉安祺,107年直轄市議員選舉,首次申報,1071004,個人捐贈收入,任志誠,E12*******,10000.00,0.00,,金錢,,,
4,劉安祺,107年直轄市議員選舉,首次申報,1071004,個人捐贈收入,陳惠旭,F22*******,100000.00,0.00,,金錢,桃園市中壢區****,,
5,劉安祺,107年直轄市議員選舉,首次申報,1071004,個人捐贈收入,簡清俊,H10*******,10000.00,0.00,,金錢,,,
6,劉安祺,107年直轄市議員選舉,首次申報,1071004,個人捐贈收入,王弘文,H12*******,10000.00,0.00,,金錢,,,
7,劉安祺,107年直轄市議員選舉,首次申報,1071004,個人捐贈收入,曾連生,H12*******,10000.00,0.00,,金錢,,,
8,劉安祺,107年直轄市議員選舉,首次申報,1071004,個人捐贈收入,李盛暐,H12*******,10000.00,0.00,,金錢,,,
9,劉安祺,107年直轄市議員選舉,首次申報,1071004,個人捐贈收入,余大維,H12*******,10000.00,0.00,,金錢,,,
10,劉安祺,107年直轄市議員選舉,首次申報,1071004,個人捐贈收入,張榮輝,H12*******,10000.00,0.00,,金錢,,,
11,劉安祺,107年直轄市議員選舉,首次申報,1071004,個人捐贈收入,陳聯財,H12*******,10000.00,0.00,,金錢,,,
12,劉安祺,107年直轄市議員選舉,首次申報,1071004,個人捐贈收入,廖運鳳,H12*******,10000.00,0.00,,金錢,,,
13,劉安祺,107年直轄市議員選舉,首次申報,1071004,個人捐贈收入,陳莉莉,H22*******,20000.00,0.00,,金錢,,,
14,劉安祺,107年直轄市議員選舉,首次申報,1071004,個人捐贈收入,蕭樹松,J12*******,10000.00,0.00,,金錢,,,
15,劉安祺,107年直轄市議員選舉,首次申報,1071004,個人捐贈收入,邱啟光,J12*******,10000.00,0.00,,金錢,,,
16,劉安祺,107年直轄市議員選舉,首次申報,1071004,個人捐贈收入,鍾兆彩,J12*******,10000.00,0.00,,金錢,,,
17,劉安祺,107年直轄市議員選舉,首次申報,1071004,個人捐贈收入,游文偉,R12*******,10000.00,0.00,,金錢,,,
18,劉安祺,107年直轄市議員選舉,首次申報,1071005,營利事業捐贈收入,帝航日有限公司,12865248,200000.00,0.00,,金錢,臺北市中山區****,,
19,劉安祺,107年直轄市議員選舉,首次申報,1071006,營利事業捐贈收入,祥泉實業股份有限公司,98247153,100000.00,0.00,,金錢,桃園市八德區****,,
20,劉安祺,107年直轄市議員選舉,首次申報,1071011,個人捐贈收入,卓騰羿,,12000.00,0.00,,金錢,,0937*****,
21,劉安祺,107年直轄市議員選舉,首次申報,1071015,個人捐贈收入,劉邦溪,,3000.00,0.00,,金錢,,0910*****,
22,劉安祺,107年直轄市議員選舉,首次申報,1071016,個人捐贈收入,卓塗金,,10000.00,0.00,,金錢,,0931*****,
23,劉安祺,107年直轄市議員選舉,首次申報,1071018,營利事業捐贈收入,豐暘建設股份有限公司,28024968,20000.00,0.00,,金錢,桃園市蘆竹區****,,
24,劉安祺,107年直轄市議員選舉,首次申報,1071019,個人捐贈收入,吳永錦,,5000.00,0.00,,金錢,,0925*****,
25,劉安祺,107年直轄市議員選舉,首次申報,1071019,營利事業捐贈收入,信丞開發有限公司,28655710,5000.00,0.00,,金錢,桃園市中壢區****,,
26,劉安祺,107年直轄市議員選舉,首次申報,1071020,個人捐贈收入,江浩,,3000.00,0.00,,金錢,,0922*****,
27,劉安祺,107年直轄市議員選舉,首次申報,1071021,個人捐贈收入,梁坤旺,,10000.00,0.00,,金錢,,0937*****,
28,劉安祺,107年直轄市議員選舉,首次申報,1071021,個人捐贈收入,陳進法,,10000.00,0.00,,金錢,,0937*****,
29,劉安祺,107年直轄市議員選舉,首次申報,1071021,個人捐贈收入,蔡憲亭,,10000.00,0.00,,金錢,,0910*****,
30,劉安祺,107年直轄市議員選舉,首次申報,1071021,個人捐贈收入,王秀蓮,,8000.00,0.00,,金錢,,0910*****,
31,劉安祺,107年直轄市議員選舉,首次申報,1071021,個人捐贈收入,江月琴,,3000.00,0.00,,金錢,,0935*****,
32,劉安祺,107年直轄市議員選舉,首次申報,1071021,個人捐贈收入,謝彩興,,2000.00,0.00,,金錢,,0937*****,
33,劉安祺,107年直轄市議員選舉,首次申報,1071021,個人捐贈收入,張壯楠,,12000.00,0.00,,金錢,,0939*****,
34,劉安祺,107年直轄市議員選舉,首次申報,1071021,個人捐贈收入,李克常,,20000.00,0.00,,金錢,,0905*****,
35,劉安祺,107年直轄市議員選舉,首次申報,1071021,營利事業捐贈收入,伍興交通企業股份有限公司,43693782,5000.00,0.00,,金錢,桃園市中壢區****,,
36,劉安祺,107年直轄市議員選舉,首次申報,1071021,個人捐贈收入,梁世昌,H12*******,10000.00,0.00,,金錢,,0932*****,
37,劉安祺,107年直轄市議員選舉,首次申報,1071022,個人捐贈收入,秦朝楨,H12*******,16000.00,0.00,,金錢,,,
38,劉安祺,107年直轄市議員選舉,首次申報,1071023,個人捐贈收入,劉泰漳,,10000.00,0.00,,金錢,,0910*****,
39,劉安祺,107年直轄市議員選舉,首次申報,1071023,個人捐贈收入,江尚諭,A12*******,50000.00,0.00,,金錢,桃園市中壢區****,0932*****,
40,劉安祺,107年直轄市議員選舉,首次申報,1071024,個人捐贈收入,劉安瑋,H12*******,100000.00,0.00,,金錢,桃園市中壢區****,0937*****,
41,劉安祺,107年直轄市議員選舉,首次申報,1071025,個人捐贈收入,陳健福,,10000.00,0.00,,金錢,,0910*****,
42,劉安祺,107年直轄市議員選舉,首次申報,1071025,個人捐贈收入,劉得鈺,H12*******,100000.00,0.00,,金錢,桃園市中壢區****,0955*****,
43,劉安祺,107年直轄市議員選舉,首次申報,1071026,個人捐贈收入,張雲慶,,20000.00,0.00,,金錢,,0937*****,
44,劉安祺,107年直轄市議員選舉,首次申報,1071026,營利事業捐贈收入,元隆汽車股份有限公司,22787307,50000.00,0.00,,金錢,桃園市八德區****,,
45,劉安祺,107年直轄市議員選舉,首次申報,1071027,營利事業捐贈收入,華志營造股份有限公司,43794254,10000.00,0.00,,金錢,桃園市中壢區****,4597*****,
46,劉安祺,107年直轄市議員選舉,首次申報,1071028,個人捐贈收入,侯力升,,5000.00,0.00,,金錢,,0910*****,
47,劉安祺,107年直轄市議員選舉,首次申報,1071028,個人捐贈收入,曹文明,H12*******,10000.00,0.00,,金錢,,0955*****,
48,劉安祺,107年直轄市議員選舉,首次申報,1071028,個人捐贈收入,黃明政,H12*******,10000.00,0.00,,金錢,,0936*****,
49,劉安祺,107年直轄市議員選舉,首次申報,1071029,個人捐贈收入,劉美芳,,10000.00,0.00,,金錢,,0982*****,
50,劉安祺,107年直轄市議員選舉,首次申報,1071029,個人捐贈收入,王瑞祺,,10000.00,0.00,,金錢,,0933*****,
51,劉安祺,107年直轄市議員選舉,首次申報,1071029,個人捐贈收入,陳財祿,,10000.00,0.00,,金錢,,0935*****,
52,劉安祺,107年直轄市議員選舉,首次申報,1071029,個人捐贈收入,陳辭先,,10000.00,0.00,,金錢,,0932*****,
53,劉安祺,107年直轄市議員選舉,首次申報,1071029,個人捐贈收入,王傅勝,,20000.00,0.00,,金錢,,0975*****,
54,劉安祺,107年直轄市議員選舉,首次申報,1071030,個人捐贈收入,謝在印,,5000.00,0.00,,金錢,,0937*****,
55,劉安祺,107年直轄市議員選舉,首次申報,1071030,個人捐贈收入,任德標,,1000.00,0.00,,金錢,,0933*****,
56,劉安祺,107年直轄市議員選舉,首次申報,1071030,個人捐贈收入,李嘉興,D12*******,20000.00,0.00,,金錢,,,
57,劉安祺,107年直轄市議員選舉,首次申報,1071031,個人捐贈收入,曾天放,,2000.00,0.00,,金錢,,0921*****,
58,劉安祺,107年直轄市議員選舉,首次申報,1071101,個人捐贈收入,劉興峰,,2000.00,0.00,,金錢,,0939*****,
59,劉安祺,107年直轄市議員選舉,首次申報,1071101,個人捐贈收入,謝煥周,,6000.00,0.00,,金錢,,0937*****,
60,劉安祺,107年直轄市議員選舉,首次申報,1071101,個人捐贈收入,莊育才,,2000.00,0.00,,金錢,,0910*****,
61,劉安祺,107年直轄市議員選舉,首次申報,1071101,個人捐贈收入,彭世豪,,2000.00,0.00,,金錢,,0936*****,
62,劉安祺,107年直轄市議員選舉,首次申報,1071101,個人捐贈收入,廖鎮邦,,2000.00,0.00,,金錢,,0937*****,
63,劉安祺,107年直轄市議員選舉,首次申報,1071101,個人捐贈收入,呂理綸,,10000.00,0.00,,金錢,,0921*****,
64,劉安祺,107年直轄市議員選舉,首次申報,1071101,個人捐贈收入,劉邦輝,,10000.00,0.00,,金錢,,0932*****,
65,劉安祺,107年直轄市議員選舉,首次申報,1071101,個人捐贈收入,吳江中,,10000.00,0.00,,金錢,,0932*****,
66,劉安祺,107年直轄市議員選舉,首次申報,1071101,個人捐贈收入,劉尚和,,6000.00,0.00,,金錢,,0918*****,
67,劉安祺,107年直轄市議員選舉,首次申報,1071101,個人捐贈收入,范姜振,,6000.00,0.00,,金錢,,0933*****,
68,劉安祺,107年直轄市議員選舉,首次申報,1071101,個人捐贈收入,鍾文對,,6000.00,0.00,,金錢,,0931*****,
69,劉安祺,107年直轄市議員選舉,首次申報,1071101,個人捐贈收入,林恆崴,,5000.00,0.00,,金錢,,0916*****,
70,劉安祺,107年直轄市議員選舉,首次申報,1071101,個人捐贈收入,蔡文宗,,3000.00,0.00,,金錢,,0937*****,
71,劉安祺,107年直轄市議員選舉,首次申報,1071101,個人捐贈收入,羅子粱,,5000.00,0.00,,金錢,,0988*****,
72,劉安祺,107年直轄市議員選舉,首次申報,1071101,個人捐贈收入,羅美甄,,3000.00,0.00,,金錢,,0939*****,
73,劉安祺,107年直轄市議員選舉,首次申報,1071101,匿名捐贈,匿名,,3000.00,0.00,,金錢,,,
74,劉安祺,107年直轄市議員選舉,首次申報,1071101,營利事業捐贈收入,微風眼鏡行,14376463,2000.00,0.00,,金錢,桃園市中壢區****,0933*****,
75,劉安祺,107年直轄市議員選舉,首次申報,1071101,營利事業捐贈收入,浤霖企業社,31573024,3000.00,0.00,,金錢,,0930*****,
76,劉安祺,107年直轄市議員選舉,首次申報,1071101,營利事業捐贈收入,工控王國有限公司,54225420,6600.00,0.00,,金錢,桃園市平鎮區****,,
77,劉安祺,107年直轄市議員選舉,首次申報,1071101,營利事業捐贈收入,立順人力資源管理顧問股份有限公司,84551225,2000.00,0.00,,金錢,桃園市中壢區****,4593*****,
78,劉安祺,107年直轄市議員選舉,首次申報,1071101,營利事業捐贈收入,玖品五金行,95900396,5000.00,0.00,,金錢,桃園市中壢區****,0935*****,
79,劉安祺,107年直轄市議員選舉,首次申報,1071102,個人捐贈收入,劉邦川,,3000.00,0.00,,金錢,,0933*****,
80,劉安祺,107年直轄市議員選舉,首次申報,1071102,個人捐贈收入,陳真芳,A22*******,100000.00,0.00,,金錢,桃園市中壢區****,,
81,劉安祺,107年直轄市議員選舉,首次申報,1071102,個人捐贈收入,余明光,K10*******,100000.00,0.00,,金錢,桃園市中壢區****,,
82,劉安祺,107年直轄市議員選舉,首次申報,1071103,個人捐贈收入,張素霞,,5000.00,0.00,,金錢,,0912*****,
83,劉安祺,107年直轄市議員選舉,首次申報,1071103,個人捐贈收入,李懷玉,,5000.00,0.00,,金錢,,0933*****,
84,劉安祺,107年直轄市議員選舉,首次申報,1071105,個人捐贈收入,張喬柏,A12*******,100000.00,0.00,,金錢,桃園市中壢區****,,
85,劉安祺,107年直轄市議員選舉,首次申報,1071106,營利事業捐贈收入,桃新汽車專業美容股份有限公司,28529475,50000.00,0.00,,金錢,桃園市平鎮區****,,
86,劉安祺,107年直轄市議員選舉,首次申報,1071106,個人捐贈收入,羅子華,H12*******,100000.00,0.00,,金錢,桃園市中壢區****,,
87,劉安祺,107年直轄市議員選舉,首次申報,1071106,個人捐贈收入,余大維,H12*******,90000.00,0.00,,金錢,桃園市中壢區****,,
88,劉安祺,107年直轄市議員選舉,首次申報,1071107,個人捐贈收入,陳俊哲,A12*******,100000.00,0.00,,金錢,桃園市中壢區****,,
89,劉安祺,107年直轄市議員選舉,首次申報,1071107,個人捐贈收入,余筱萍,H22*******,100000.00,0.00,,金錢,桃園市中壢區****,,
90,劉安祺,107年直轄市議員選舉,首次申報,1071112,個人捐贈收入,廖照娟,,10000.00,0.00,,金錢,,0915*****,
91,劉安祺,107年直轄市議員選舉,首次申報,1071112,營利事業捐贈收入,牧昌國際倉儲有限公司,25077259,100000.00,0.00,,金錢,桃園市中壢區****,,
92,劉安祺,107年直轄市議員選舉,首次申報,1071112,營利事業捐贈收入,金豐發企業股份有限公司,69727920,110000.00,0.00,,金錢,桃園市平鎮區****,,
93,劉安祺,107年直轄市議員選舉,首次申報,1071112,個人捐贈收入,林玉桂,H22*******,100000.00,0.00,,金錢,桃園市中壢區****,,
94,劉安祺,107年直轄市議員選舉,首次申報,1071114,營利事業捐贈收入,銓昌科技股份有限公司,70576560,20000.00,0.00,,金錢,臺北市大安區****,0227*****,
95,劉安祺,107年直轄市議員選舉,首次申報,1071115,個人捐贈收入,呂曄明,,6000.00,0.00,,金錢,,0915*****,
96,劉安祺,107年直轄市議員選舉,首次申報,1071116,個人捐贈收入,陳玉平,,6000.00,0.00,,金錢,,0915*****,
97,劉安祺,107年直轄市議員選舉,首次申報,1071116,營利事業捐贈收入,乾一汽車電料業有限公司,23865322,10000.00,0.00,,金錢,桃園市桃園區****,,
98,劉安祺,107年直轄市議員選舉,首次申報,1071118,個人捐贈收入,夏慶霖,,10000.00,0.00,,金錢,,0935*****,
99,劉安祺,107年直轄市議員選舉,首次申報,1071119,個人捐贈收入,林進春,,20000.00,0.00,,金錢,,0928*****,
100,劉安祺,107年直轄市議員選舉,首次申報,1071119,營利事業捐贈收入,慶達汽車股份有限公司,89244937,12000.00,0.00,,金錢,桃園市八德區****,,
101,劉安祺,107年直轄市議員選舉,首次申報,1071120,營利事業捐贈收入,奇桀國際有限公司,24403257,36000.00,0.00,,金錢,桃園市中壢區****,,
102,劉安祺,107年直轄市議員選舉,首次申報,1071122,匿名捐贈,匿名,,1000.00,0.00,,金錢,,,
103,劉安祺,107年直轄市議員選舉,首次申報,1071123,個人捐贈收入,劉宥辰,,3000.00,0.00,,金錢,,0938*****,
104,劉安祺,107年直轄市議員選舉,首次申報,1071123,個人捐贈收入,鄒貴州,,1200.00,0.00,,金錢,,0921*****,
