﻿序號,擬參選人／政黨,選舉名稱,申報序號／年度,交易日期,收支科目,捐贈者／支出對象,身分證／統一編號,收入金額,支出金額,捐贈方式,存入專戶日期,返還/繳庫,支出用途,金錢類,地址,聯絡電話,應揭露之支出對象,支出對象之內部人員姓名,支出對象之內部人員職稱,政黨之內部人員姓名,政黨之內部人員職稱,關係,更正註記,資料更正日期
1,郭鴻儀,111年臺南市議員選舉,首次申報,1110707,個人捐贈收入,李明憲,R10*******,30000.00,0.00,匯款,1110707,,,金錢,臺南市歸仁區****,0910*****,,,,,,,,
2,郭鴻儀,111年臺南市議員選舉,首次申報,1110719,匿名捐贈,匿名,,30.00,0.00,匯款,1110722,,,金錢,,,,,,,,,,
3,郭鴻儀,111年臺南市議員選舉,首次申報,1110719,個人捐贈收入,呂國富,R12*******,10000.00,0.00,匯款,1110722,,,金錢,臺南市仁德區****,0933*****,,,,,,,,
4,郭鴻儀,111年臺南市議員選舉,首次申報,1110721,個人捐贈收入,林永祥,R12*******,10000.00,0.00,匯款,1110729,,,金錢,臺南市永康區****,0918*****,,,,,,,,
5,郭鴻儀,111年臺南市議員選舉,首次申報,1110726,個人捐贈收入,尤碧資,R22*******,20000.00,0.00,匯款,1110729,,,金錢,臺南市仁德區****,0937*****,,,,,,,,
6,郭鴻儀,111年臺南市議員選舉,首次申報,1110728,個人捐贈收入,陳瑞庭,D10*******,100000.00,0.00,現金,1110729,,,金錢,臺南市仁德區****,,,,,,,,,
7,郭鴻儀,111年臺南市議員選舉,首次申報,1110729,個人捐贈收入,陳秋金,,20000.00,0.00,匯款,1110729,,,金錢,屏東縣林邊鄉****,0919*****,,,,,,,,
8,郭鴻儀,111年臺南市議員選舉,首次申報,1110805,個人捐贈收入,林宗男,D12*******,100.00,0.00,匯款,1110812,,,金錢,臺南市仁德區****,0929*****,,,,,,,,
9,郭鴻儀,111年臺南市議員選舉,首次申報,1110807,個人捐贈收入,黃偉荃,O10*******,500.00,0.00,匯款,1110812,,,金錢,新竹市北區延****,0963*****,,,,,,,,
10,郭鴻儀,111年臺南市議員選舉,首次申報,1110808,個人捐贈收入,王鈺婷,R22*******,3000.00,0.00,匯款,1110812,,,金錢,臺南市仁德區****,,,,,,,,,
11,郭鴻儀,111年臺南市議員選舉,首次申報,1110824,營利事業捐贈收入,黃婉玲烹飪工作室,81372634,20000.00,0.00,現金,1110824,,,金錢,臺南市中西區****,0620*****,,,,,,,,
12,郭鴻儀,111年臺南市議員選舉,首次申報,1110824,個人捐贈收入,謝富元,D12*******,100000.00,0.00,現金,1110824,,,金錢,臺南市歸仁區****,,,,,,,,,
13,郭鴻儀,111年臺南市議員選舉,首次申報,1110905,營利事業捐贈收入,南北工程行,14369821,50000.00,0.00,現金,1110906,,,金錢,臺南市仁德區****,0932*****,,,,,,,,
14,郭鴻儀,111年臺南市議員選舉,首次申報,1110905,營利事業捐贈收入,南台灣工程有限公司,86607060,50000.00,0.00,現金,1110906,,,金錢,臺南市仁德區****,0932*****,,,,,,,,
15,郭鴻儀,111年臺南市議員選舉,首次申報,1110906,營利事業捐贈收入,國呈儀控電機有限公司,16030043,50000.00,0.00,匯款,1110906,,,金錢,臺南市仁德區****,0627*****,,,,,,,,
16,郭鴻儀,111年臺南市議員選舉,首次申報,1110906,個人捐贈收入,楊編章,R10*******,10000.00,0.00,現金,1110906,,,金錢,臺南市仁德區****,0932*****,,,,,,,,
17,郭鴻儀,111年臺南市議員選舉,首次申報,1110906,個人捐贈收入,高英唐,R12*******,20000.00,0.00,匯款,1110908,,,金錢,臺南市佳里區****,0937*****,,,,,,,,
18,郭鴻儀,111年臺南市議員選舉,首次申報,1110906,個人捐贈收入,朱信安,R12*******,100000.00,0.00,現金,1110906,,,金錢,臺南市新市區****,,,,,,,,,
19,郭鴻儀,111年臺南市議員選舉,首次申報,1110906,個人捐贈收入,柯宜蓁,R22*******,100000.00,0.00,現金,1110906,,,金錢,臺南市新市區****,,,,,,,,,
20,郭鴻儀,111年臺南市議員選舉,首次申報,1110907,個人捐贈收入,林伯洲,Q10*******,50000.00,0.00,匯款,1110913,,,金錢,臺南市安平區****,0932*****,,,,,,,,
21,郭鴻儀,111年臺南市議員選舉,首次申報,1110915,個人捐贈收入,林垣月,,5000.00,0.00,匯款,1110915,,,金錢,,0989*****,,,,,,,,
22,郭鴻儀,111年臺南市議員選舉,首次申報,1110915,個人捐贈收入,楊美玲,,10000.00,0.00,現金,1110916,,,金錢,臺南市歸仁區****,0928*****,,,,,,,,
23,郭鴻儀,111年臺南市議員選舉,首次申報,1110915,營利事業捐贈收入,一永鉅有限公司,24919439,100000.00,0.00,匯款,1110915,,,金錢,臺南市仁德區****,0981*****,,,,,,,,
24,郭鴻儀,111年臺南市議員選舉,首次申報,1110915,營利事業捐贈收入,巨京開發建設股份有限公司,54570484,100000.00,0.00,現金,1110916,,,金錢,臺南市東區文****,0626*****,,,,,,,,
25,郭鴻儀,111年臺南市議員選舉,首次申報,1110915,營利事業捐贈收入,虹泰企業有限公司,84156977,50000.00,0.00,現金,1110916,,,金錢,臺南市仁德區****,0627*****,,,,,,,,
26,郭鴻儀,111年臺南市議員選舉,首次申報,1110915,個人捐贈收入,林昭泰,R10*******,5000.00,0.00,現金,1110916,,,金錢,臺南市關廟區****,0932*****,,,,,,,,
27,郭鴻儀,111年臺南市議員選舉,首次申報,1110915,個人捐贈收入,王佳麟,R12*******,20000.00,0.00,現金,1110916,,,金錢,臺南市歸仁區****,0933*****,,,,,,,,
28,郭鴻儀,111年臺南市議員選舉,首次申報,1110915,個人捐贈收入,梁金生,R12*******,50000.00,0.00,現金,1110916,,,金錢,臺南市仁德區****,0910*****,,,,,,,,
29,郭鴻儀,111年臺南市議員選舉,首次申報,1110915,個人捐贈收入,董建志,R12*******,100000.00,0.00,現金,1110916,,,金錢,臺南市關廟區****,0932*****,,,,,,,,
30,郭鴻儀,111年臺南市議員選舉,首次申報,1110919,個人捐贈收入,吳玉梅,D22*******,10000.00,0.00,匯款,1110923,,,金錢,臺南市仁德區****,0929*****,,,,,,,,
31,郭鴻儀,111年臺南市議員選舉,首次申報,1110921,營利事業捐贈收入,瓚陞工程有限公司,28130742,50000.00,0.00,匯款,1110921,,,金錢,臺南市仁德區****,0933*****,,,,,,,,
32,郭鴻儀,111年臺南市議員選舉,首次申報,1110923,個人捐贈收入,魏榮華,D10*******,100000.00,0.00,現金,1110923,,,金錢,臺南市南區德****,0953*****,,,,,,,,
33,郭鴻儀,111年臺南市議員選舉,首次申報,1110923,個人捐贈收入,李卓遠,R12*******,20000.00,0.00,現金,1110923,,,金錢,臺南市北區文****,0989*****,,,,,,,,
34,郭鴻儀,111年臺南市議員選舉,首次申報,1110923,個人捐贈收入,吳進旺,R12*******,10000.00,0.00,現金,1110923,,,金錢,臺南市仁德區****,0937*****,,,,,,,,
35,郭鴻儀,111年臺南市議員選舉,首次申報,1110924,個人捐贈收入,謝羿程,S12*******,10000.00,0.00,匯款,1110927,,,金錢,高雄市湖內區****,0983*****,,,,,,,,
36,郭鴻儀,111年臺南市議員選舉,首次申報,1110926,個人捐贈收入,劉晉瑋,E12*******,50000.00,0.00,匯款,1110930,,,金錢,臺南市東區崇****,0938*****,,,,,,,,
37,郭鴻儀,111年臺南市議員選舉,首次申報,1110926,個人捐贈收入,陳素蓁,E20*******,100000.00,0.00,現金,1110926,,,金錢,臺南市仁德區****,0932*****,,,,,,,,
38,郭鴻儀,111年臺南市議員選舉,首次申報,1110926,個人捐贈收入,蔡進輝,R12*******,3000.00,0.00,現金,1110930,,,金錢,臺南市仁德區****,0987*****,,,,,,,,
39,郭鴻儀,111年臺南市議員選舉,首次申報,1110927,個人捐贈收入,羅文錡,,6000.00,0.00,匯款,1110927,,,金錢,嘉義縣太保市****,0937*****,,,,,,,,
40,郭鴻儀,111年臺南市議員選舉,首次申報,1110927,營利事業捐贈收入,右丞實業有限公司,89385422,50000.00,0.00,匯款,1110927,,,金錢,臺南市仁德區****,06-3*****,,,,,,,,
41,郭鴻儀,111年臺南市議員選舉,首次申報,1110928,匿名捐贈,匿名,,10000.00,0.00,匯款,1110928,,,金錢,,,,,,,,,,
42,郭鴻儀,111年臺南市議員選舉,首次申報,1110928,個人捐贈收入,陳嘉文,R12*******,10000.00,0.00,匯款,1110928,,,金錢,臺南市歸仁區****,0916*****,,,,,,,,
43,郭鴻儀,111年臺南市議員選舉,首次申報,1110930,營利事業捐贈收入,森鉅科技材料股份有限公司,89845559,300000.00,0.00,匯款,1110930,,,金錢,臺南市歸仁區****,06-2*****,,,,,,,,
44,郭鴻儀,111年臺南市議員選舉,首次申報,1110930,個人捐贈收入,宋良展,R12*******,100000.00,0.00,現金,1111003,,,金錢,臺南市仁德區****,0988*****,,,,,,,,
45,郭鴻儀,111年臺南市議員選舉,首次申報,1110930,個人捐贈收入,陳明山,S12*******,2000.00,0.00,匯款,1110930,,,金錢,臺南市南區府****,0932*****,,,,,,,,
46,郭鴻儀,111年臺南市議員選舉,首次申報,1111002,個人捐贈收入,黃祺婷,,20000.00,0.00,現金,1111003,,,金錢,新北市蘆洲區****,,,,,,,,,
47,郭鴻儀,111年臺南市議員選舉,首次申報,1111002,匿名捐贈,匿名,,5000.00,0.00,匯款,1111002,,,金錢,,,,,,,,,,
48,郭鴻儀,111年臺南市議員選舉,首次申報,1111003,個人捐贈收入,黃瑞雄,,2000.00,0.00,現金,1111003,,,金錢,,0932*****,,,,,,,,
49,郭鴻儀,111年臺南市議員選舉,首次申報,1111003,個人捐贈收入,黃重傑,R12*******,50000.00,0.00,匯款,1111003,,,金錢,臺南市安定區****,0980*****,,,,,,,,
50,郭鴻儀,111年臺南市議員選舉,首次申報,1111003,個人捐贈收入,王正億,R12*******,5000.00,0.00,現金,1111003,,,金錢,臺南市歸仁區****,0939*****,,,,,,,,
51,郭鴻儀,111年臺南市議員選舉,首次申報,1111004,個人捐贈收入,許秀月,,10000.00,0.00,現金,1111004,,,金錢,臺南市仁德區****,0939*****,,,,,,,,
52,郭鴻儀,111年臺南市議員選舉,首次申報,1111004,營利事業捐贈收入,佳宏工業有限公司,54572976,60000.00,0.00,匯款,1111004,,,金錢,臺南市仁德區****,,,,,,,,,
53,郭鴻儀,111年臺南市議員選舉,首次申報,1111004,個人捐贈收入,李源美,D10*******,20000.00,0.00,匯款,1111004,,,金錢,台南市東區仁****,0958*****,,,,,,,,
54,郭鴻儀,111年臺南市議員選舉,首次申報,1111004,個人捐贈收入,吳俊南,D12*******,20000.00,0.00,匯款,1111004,,,金錢,台南市東區仁****,0910*****,,,,,,,,
55,郭鴻儀,111年臺南市議員選舉,首次申報,1111004,個人捐贈收入,侯亭安,R12*******,20000.00,0.00,匯款,1111004,,,金錢,台南市東區仁****,0928*****,,,,,,,,
56,郭鴻儀,111年臺南市議員選舉,首次申報,1111004,個人捐贈收入,謝清江,R12*******,20000.00,0.00,匯款,1111004,,,金錢,台南市東區仁****,0931*****,,,,,,,,
57,郭鴻儀,111年臺南市議員選舉,首次申報,1111004,個人捐贈收入,楊志強,R12*******,20000.00,0.00,匯款,1111004,,,金錢,台南市東區仁****,0916*****,,,,,,,,
58,郭鴻儀,111年臺南市議員選舉,首次申報,1111004,個人捐贈收入,劉忠海,R12*******,30000.00,0.00,匯款,1111004,,,金錢,臺南市仁德區****,0912*****,,,,,,,,
59,郭鴻儀,111年臺南市議員選舉,首次申報,1111004,個人捐贈收入,陳信志,R12*******,100000.00,0.00,現金,1111004,,,金錢,臺南市仁德區****,06-2*****,,,,,,,,
60,郭鴻儀,111年臺南市議員選舉,首次申報,1111004,個人捐贈收入,李孟勳,X12*******,20000.00,0.00,現金,1111004,,,金錢,臺南市永康區****,0938*****,,,,,,,,
61,郭鴻儀,111年臺南市議員選舉,首次申報,1111005,個人捐贈收入,馬順益,R12*******,3000.00,0.00,匯款,1111011,,,金錢,臺南市仁德區****,0918*****,,,,,,,,
62,郭鴻儀,111年臺南市議員選舉,首次申報,1111005,個人捐贈收入,邱榮杰,R12*******,1200.00,0.00,匯款,1111010,,,金錢,臺南市新化區****,0932*****,,,,,,,,
63,郭鴻儀,111年臺南市議員選舉,首次申報,1111006,個人捐贈收入,林伯川,,10000.00,0.00,現金,1111006,,,金錢,臺南市東區中****,0933*****,,,,,,,,
64,郭鴻儀,111年臺南市議員選舉,首次申報,1111006,個人捐贈收入,王崇儒,,10000.00,0.00,現金,1111006,,,金錢,臺南市仁德區****,0932*****,,,,,,,,
65,郭鴻儀,111年臺南市議員選舉,首次申報,1111006,個人捐贈收入,黃威泰,,10000.00,0.00,現金,1111006,,,金錢,臺南市仁德區****,0933*****,,,,,,,,
66,郭鴻儀,111年臺南市議員選舉,首次申報,1111006,個人捐贈收入,郭國榮,,15000.00,0.00,現金,1111006,,,金錢,臺南市仁德區****,0912*****,,,,,,,,
67,郭鴻儀,111年臺南市議員選舉,首次申報,1111006,個人捐贈收入,徐純雄,D10*******,10000.00,0.00,現金,1111006,,,金錢,臺南市歸仁區****,0910*****,,,,,,,,
68,郭鴻儀,111年臺南市議員選舉,首次申報,1111006,個人捐贈收入,柯瑞銘,D10*******,10000.00,0.00,現金,1111006,,,金錢,臺南市東區裕****,0932*****,,,,,,,,
69,郭鴻儀,111年臺南市議員選舉,首次申報,1111006,個人捐贈收入,李至軒,M12*******,20000.00,0.00,現金,1111006,,,金錢,臺南市東區裕****,0912*****,,,,,,,,
70,郭鴻儀,111年臺南市議員選舉,首次申報,1111006,個人捐贈收入,陳保林,R10*******,20000.00,0.00,現金,1111006,,,金錢,臺南市仁德區****,0910*****,,,,,,,,
71,郭鴻儀,111年臺南市議員選舉,首次申報,1111006,個人捐贈收入,陳火木,R10*******,100000.00,0.00,現金,1111006,,,金錢,臺南市仁德區****,0932*****,,,,,,,,
72,郭鴻儀,111年臺南市議員選舉,首次申報,1111006,個人捐贈收入,洪育廷,R12*******,5000.00,0.00,現金,1111006,,,金錢,臺南市仁德區****,0983*****,,,,,,,,
73,郭鴻儀,111年臺南市議員選舉,首次申報,1111006,個人捐贈收入,洪銘杰,R12*******,30000.00,0.00,現金,1111006,,,金錢,雲林縣斗六市****,0937*****,,,,,,,,
74,郭鴻儀,111年臺南市議員選舉,首次申報,1111006,個人捐贈收入,陳林月理,R22*******,100000.00,0.00,現金,1111006,,,金錢,臺南市仁德區****,0627*****,,,,,,,,
75,郭鴻儀,111年臺南市議員選舉,首次申報,1111006,個人捐贈收入,盧裕堂,S12*******,100000.00,0.00,現金,1111012,,,金錢,臺南市東區裕****,0939*****,,,,,,,,
76,郭鴻儀,111年臺南市議員選舉,首次申報,1111007,個人捐贈收入,郭春長,R10*******,36000.00,0.00,匯款,1111007,,,金錢,臺南市新市區****,0937*****,,,,,,,,
77,郭鴻儀,111年臺南市議員選舉,首次申報,1111008,個人捐贈收入,余姿亭,,3000.00,0.00,匯款,1111010,,,金錢,臺南市東區仁****,0925*****,,,,,,,,
78,郭鴻儀,111年臺南市議員選舉,首次申報,1111008,個人捐贈收入,黃俊民,,2000.00,0.00,現金,1111012,,,金錢,臺南市仁德區****,0937*****,,,,,,,,
79,郭鴻儀,111年臺南市議員選舉,首次申報,1111008,個人捐贈收入,呂季璇,,20000.00,0.00,現金,1111012,,,金錢,臺南市永康區****,0975*****,,,,,,,,
80,郭鴻儀,111年臺南市議員選舉,首次申報,1111008,營利事業捐贈收入,葉信工業股份有限公司,22386942,10000.00,0.00,現金,1111012,,,金錢,臺南市仁德區****,06-2*****,,,,,,,,
81,郭鴻儀,111年臺南市議員選舉,首次申報,1111008,營利事業捐贈收入,統鼎土地開發股份有限公司,42920514,100000.00,0.00,現金,1111012,,,金錢,臺南市東區崇****,0933*****,,,,,,,,
82,郭鴻儀,111年臺南市議員選舉,首次申報,1111008,營利事業捐贈收入,宗葆企業股份有限公司,84655615,100000.00,0.00,現金,1111014,,,金錢,臺南市仁德區****,0932*****,,,,,,,,
83,郭鴻儀,111年臺南市議員選舉,首次申報,1111010,個人捐贈收入,陳昭燕,R22*******,20000.00,0.00,匯款,1111010,,,金錢,臺南市永康區****,0932*****,,,,,,,,
84,郭鴻儀,111年臺南市議員選舉,首次申報,1111011,個人捐贈收入,楊順天,R12*******,20000.00,0.00,匯款,1111011,,,金錢,臺南市永康區****,0919*****,,,,,,,,
85,郭鴻儀,111年臺南市議員選舉,首次申報,1111012,個人捐贈收入,陳炳堃,,30000.00,0.00,現金,1111014,,,金錢,臺南市仁德區****,0935*****,,,,,,,,
86,郭鴻儀,111年臺南市議員選舉,首次申報,1111012,個人捐贈收入,葉金藏,,10000.00,0.00,現金,1111014,,,金錢,臺南市仁德區****,0921*****,,,,,,,,
87,郭鴻儀,111年臺南市議員選舉,首次申報,1111012,營利事業捐贈收入,嘉盈機械五金行,06381189,10000.00,0.00,現金,1111014,,,金錢,臺南市仁德區****,0926*****,,,,,,,,
88,郭鴻儀,111年臺南市議員選舉,首次申報,1111012,營利事業捐贈收入,永益誠實業社,06623882,10000.00,0.00,現金,1111014,,,金錢,臺南市歸仁區****,0932*****,,,,,,,,
89,郭鴻儀,111年臺南市議員選舉,首次申報,1111012,營利事業捐贈收入,宗葆企業股份有限公司,84655615,100000.00,0.00,現金,1111014,,,金錢,臺南市仁德區****,0932*****,,,,,,,,
90,郭鴻儀,111年臺南市議員選舉,首次申報,1111012,個人捐贈收入,史惠玉,D22*******,10000.00,0.00,現金,1111014,,,金錢,臺南市仁德區****,0937*****,,,,,,,,
91,郭鴻儀,111年臺南市議員選舉,首次申報,1111012,個人捐贈收入,葉麗玉,N22*******,100000.00,0.00,現金,1111014,,,金錢,臺南市北區育****,,,,,,,,,
92,郭鴻儀,111年臺南市議員選舉,首次申報,1111012,個人捐贈收入,劉季烈,R10*******,50000.00,0.00,現金,1111014,,,金錢,臺南市仁德區****,0928*****,,,,,,,,
93,郭鴻儀,111年臺南市議員選舉,首次申報,1111012,個人捐贈收入,蘇清吉,R10*******,25000.00,0.00,現金,1111014,,,金錢,臺南市中西區****,0933*****,,,,,,,,
94,郭鴻儀,111年臺南市議員選舉,首次申報,1111012,個人捐贈收入,李耀庭,R10*******,25000.00,0.00,現金,1111014,,,金錢,臺南市東區崇****,0928*****,,,,,,,,
95,郭鴻儀,111年臺南市議員選舉,首次申報,1111012,個人捐贈收入,鄭三源,R12*******,50000.00,0.00,現金,1111014,,,金錢,臺南市仁德區****,,,,,,,,,
96,郭鴻儀,111年臺南市議員選舉,首次申報,1111012,個人捐贈收入,魏水文,R12*******,100000.00,0.00,現金,1111014,,,金錢,臺南市北區育****,0625*****,,,,,,,,
97,郭鴻儀,111年臺南市議員選舉,首次申報,1111012,個人捐贈收入,辜俊雄,R12*******,20000.00,0.00,匯款,1111018,,,金錢,臺南市歸仁區****,0933*****,,,,,,,,
98,郭鴻儀,111年臺南市議員選舉,首次申報,1111013,個人捐贈收入,楊育榮,,10000.00,0.00,現金,1111014,,,金錢,臺南市仁德區****,0935*****,,,,,,,,
99,郭鴻儀,111年臺南市議員選舉,首次申報,1111014,個人捐贈收入,莊子揚,D12*******,36000.00,0.00,現金,1111014,,,金錢,臺南市仁德區****,0912*****,,,,,,,,
100,郭鴻儀,111年臺南市議員選舉,首次申報,1111014,個人捐贈收入,許志鋒,D12*******,100000.00,0.00,票據,1111018,,,金錢,臺南市東區裕****,,,,,,,,,
101,郭鴻儀,111年臺南市議員選舉,首次申報,1111018,個人捐贈收入,許清輝,,10000.00,0.00,匯款,1111018,,,金錢,臺南市仁德區****,0933*****,,,,,,,,
102,郭鴻儀,111年臺南市議員選舉,首次申報,1111020,營利事業捐贈收入,百耘建設有限公司,54578768,100000.00,0.00,現金,1111021,,,金錢,臺南市仁德區****,06-5*****,,,,,,,,
103,郭鴻儀,111年臺南市議員選舉,首次申報,1111020,營利事業捐贈收入,海諦環保有限公司,89548798,30000.00,0.00,現金,1111021,,,金錢,臺南市仁德區****,0931*****,,,,,,,,
104,郭鴻儀,111年臺南市議員選舉,首次申報,1111020,個人捐贈收入,蘇志明,D12*******,100000.00,0.00,現金,1111021,,,金錢,臺南市仁德區****,0955*****,,,,,,,,
105,郭鴻儀,111年臺南市議員選舉,首次申報,1111020,個人捐贈收入,黃大華,R10*******,10000.00,0.00,現金,1111021,,,金錢,臺南市中西區****,0932*****,,,,,,,,
106,郭鴻儀,111年臺南市議員選舉,首次申報,1111020,個人捐贈收入,謝錦在,R10*******,20000.00,0.00,現金,1111021,,,金錢,臺南市東區富****,0929*****,,,,,,,,
107,郭鴻儀,111年臺南市議員選舉,首次申報,1111020,個人捐贈收入,蔡和春,R10*******,100000.00,0.00,現金,1111021,,,金錢,臺南市仁德區****,,,,,,,,,
108,郭鴻儀,111年臺南市議員選舉,首次申報,1111020,個人捐贈收入,葉智仁,R12*******,30000.00,0.00,現金,1111021,,,金錢,臺南市仁德區****,0919*****,,,,,,,,
109,郭鴻儀,111年臺南市議員選舉,首次申報,1111020,個人捐贈收入,王文忠,R12*******,10000.00,0.00,現金,1111021,,,金錢,臺南市關廟區****,,,,,,,,,
110,郭鴻儀,111年臺南市議員選舉,首次申報,1111020,個人捐贈收入,郭春雄,R12*******,100000.00,0.00,匯款,1111020,,,金錢,臺南市仁德區****,0933*****,,,,,,,,
111,郭鴻儀,111年臺南市議員選舉,首次申報,1111021,個人捐贈收入,林順源,,10000.00,0.00,匯款,1111021,,,金錢,臺南市永康區****,0911*****,,,,,,,,
112,郭鴻儀,111年臺南市議員選舉,首次申報,1111024,個人捐贈收入,謝羿程,S12*******,10000.00,0.00,現金,1111028,,,金錢,高雄市湖內區****,0983*****,,,,,,,,
113,郭鴻儀,111年臺南市議員選舉,首次申報,1111026,個人捐贈收入,顏錦湖,R12*******,100000.00,0.00,現金,1111027,,,金錢,臺南市仁德區****,,,,,,,,,
114,郭鴻儀,111年臺南市議員選舉,首次申報,1111028,匿名捐贈,匿名,,3000.00,0.00,匯款,1111028,,,金錢,,,,,,,,,,
115,郭鴻儀,111年臺南市議員選舉,首次申報,1111031,營利事業捐贈收入,政盟科技有限公司,28073849,10000.00,0.00,匯款,1111031,,,金錢,臺南市仁德區****,06-2*****,,,,,,,,
116,郭鴻儀,111年臺南市議員選舉,首次申報,1111031,營利事業捐贈收入,正州實業股份有限公司,84596519,100000.00,0.00,現金,1111031,,,金錢,臺南市仁德區****,0626*****,,,,,,,,
117,郭鴻儀,111年臺南市議員選舉,首次申報,1111101,個人捐贈收入,郭明德,R10*******,20000.00,0.00,現金,1111102,,,金錢,臺南市永康區****,0988*****,,,,,,,,
118,郭鴻儀,111年臺南市議員選舉,首次申報,1111102,個人捐贈收入,翁玉慧,,2000.00,0.00,現金,1111102,,,金錢,臺南市關廟區****,0919*****,,,,,,,,
119,郭鴻儀,111年臺南市議員選舉,首次申報,1111102,個人捐贈收入,兵溱河,D12*******,10000.00,0.00,現金,1111102,,,金錢,臺南市仁德區****,0963*****,,,,,,,,
120,郭鴻儀,111年臺南市議員選舉,首次申報,1111103,匿名捐贈,匿名,,6600.00,0.00,匯款,1111103,,,金錢,,,,,,,,,,
121,郭鴻儀,111年臺南市議員選舉,首次申報,1111103,營利事業捐贈收入,宥盛營造有限公司,12707282,75000.00,0.00,匯款,1111103,,,金錢,嘉義市西區文****,05-3*****,,,,,,,,
122,郭鴻儀,111年臺南市議員選舉,首次申報,1111103,營利事業捐贈收入,臺南市私立聖宜幼兒園,87906973,20000.00,0.00,現金,1111104,,,金錢,臺南市仁德區****,06-2*****,,,,,,,,
123,郭鴻儀,111年臺南市議員選舉,首次申報,1111103,個人捐贈收入,郭俊儀,R12*******,20000.00,0.00,匯款,1111103,,,金錢,臺南市仁德區****,,,,,,,,,
124,郭鴻儀,111年臺南市議員選舉,首次申報,1111103,個人捐贈收入,郭敏聰,R12*******,20000.00,0.00,匯款,1111103,,,金錢,臺南市仁德區****,,,,,,,,,
125,郭鴻儀,111年臺南市議員選舉,首次申報,1111104,營利事業捐贈收入,青青有限公司,69540489,20000.00,0.00,票據,1111104,,,金錢,臺南市仁德區****,0908*****,,,,,,,,
126,郭鴻儀,111年臺南市議員選舉,首次申報,1111104,個人捐贈收入,李世安,N12*******,20000.00,0.00,票據,1111110,,,金錢,臺南市仁德區****,0922*****,,,,,,,,
127,郭鴻儀,111年臺南市議員選舉,首次申報,1111104,個人捐贈收入,陳泰全,R12*******,100000.00,0.00,匯款,1111104,,,金錢,台南市東區崇****,06-2*****,,,,,,,,
128,郭鴻儀,111年臺南市議員選舉,首次申報,1111108,營利事業捐贈收入,昭賢實業社,26426065,12000.00,0.00,現金,1111108,,,金錢,臺南市永康區****,0912*****,,,,,,,,
129,郭鴻儀,111年臺南市議員選舉,首次申報,1111108,營利事業捐贈收入,業晟企業有限公司,84441207,50000.00,0.00,現金,1111110,,,金錢,臺南市關廟區****,06-5*****,,,,,,,,
130,郭鴻儀,111年臺南市議員選舉,首次申報,1111109,個人捐贈收入,莫佳玉,D22*******,50000.00,0.00,現金,1111110,,,金錢,臺南市仁德區****,0932*****,,,,,,,,
131,郭鴻儀,111年臺南市議員選舉,首次申報,1111109,個人捐贈收入,郭洪美珠,D22*******,100000.00,0.00,票據,1111110,,,金錢,臺南市文賢街****,06-2*****,,,,,,,,
132,郭鴻儀,111年臺南市議員選舉,首次申報,1111109,個人捐贈收入,洪連發,R12*******,100000.00,0.00,票據,1111110,,,金錢,臺南市安南區****,06-2*****,,,,,,,,
133,郭鴻儀,111年臺南市議員選舉,首次申報,1111109,個人捐贈收入,劉勇信,R12*******,100000.00,0.00,匯款,1111109,,,金錢,臺南市南區西****,0931*****,,,,,,,,
134,郭鴻儀,111年臺南市議員選舉,首次申報,1111110,個人捐贈收入,林子揚,L12*******,10000.00,0.00,匯款,1111110,,,金錢,臺南市仁德區****,,,,,,,,,
135,郭鴻儀,111年臺南市議員選舉,首次申報,1111115,個人捐贈收入,杜章安,D12*******,50000.00,0.00,現金,1111117,,,金錢,臺南市仁德區****,0627*****,,,,,,,,
136,郭鴻儀,111年臺南市議員選舉,首次申報,1111115,個人捐贈收入,陳俊吉,D12*******,50000.00,0.00,現金,1111117,,,金錢,臺南市仁德區****,0627*****,,,,,,,,
137,郭鴻儀,111年臺南市議員選舉,首次申報,1111115,個人捐贈收入,陳筱琳,D22*******,50000.00,0.00,現金,1111117,,,金錢,臺南市歸仁區****,0980*****,,,,,,,,
138,郭鴻儀,111年臺南市議員選舉,首次申報,1111115,個人捐贈收入,李宗鴻,R12*******,30000.00,0.00,現金,1111117,,,金錢,臺南市仁德區****,0937*****,,,,,,,,
139,郭鴻儀,111年臺南市議員選舉,首次申報,1111115,個人捐贈收入,郭宗彥,R12*******,50000.00,0.00,現金,1111117,,,金錢,臺南市仁德區****,0931*****,,,,,,,,
140,郭鴻儀,111年臺南市議員選舉,首次申報,1111115,個人捐贈收入,郭家麟,R12*******,100000.00,0.00,現金,1111117,,,金錢,臺南市仁德區****,0931*****,,,,,,,,
141,郭鴻儀,111年臺南市議員選舉,首次申報,1111115,個人捐贈收入,郭雯儀,R22*******,50000.00,0.00,現金,1111117,,,金錢,臺南市仁德區****,0931*****,,,,,,,,
142,郭鴻儀,111年臺南市議員選舉,首次申報,1111115,個人捐贈收入,黃英芬,S22*******,100000.00,0.00,現金,1111117,,,金錢,臺南市仁德區****,0931*****,,,,,,,,
143,郭鴻儀,111年臺南市議員選舉,首次申報,1111118,營利事業捐贈收入,豐盟企業股份有限公司,69261633,80000.00,0.00,票據,1111123,,,金錢,臺南市仁德區****,0626*****,,,,,,,,
144,郭鴻儀,111年臺南市議員選舉,首次申報,1111119,匿名捐贈,匿名,,6000.00,0.00,現金,1111119,,,金錢,,,,,,,,,,
145,郭鴻儀,111年臺南市議員選舉,首次申報,1111119,個人捐贈收入,簡老得,R10*******,10000.00,0.00,現金,1111121,,,金錢,臺南市仁德區****,,,,,,,,,
146,郭鴻儀,111年臺南市議員選舉,首次申報,1111119,個人捐贈收入,蔡世珉,R12*******,10000.00,0.00,現金,1111121,,,金錢,臺南市仁德區****,,,,,,,,,
147,郭鴻儀,111年臺南市議員選舉,首次申報,1111122,個人捐贈收入,林覺偉,,6000.00,0.00,匯款,1111122,,,金錢,臺南市安平區****,0922*****,,,,,,,,
148,郭鴻儀,111年臺南市議員選舉,首次申報,1111124,個人捐贈收入,謝羿程,S12*******,10000.00,0.00,匯款,1111125,,,金錢,高雄市湖內區****,0983*****,,,,,,,,
149,郭鴻儀,111年臺南市議員選舉,首次申報,1111221,其他收入,利息收入,,807.00,0.00,匯款,1111221,,,金錢,,,,,,,,,,
