﻿序號,擬參選人／政黨,選舉名稱,申報序號／年度,交易日期,收支科目,捐贈者／支出對象,身分證／統一編號,收入金額,支出金額,支出用途,金錢類,地址,聯絡電話,資料更正日期
1,林銘仁,107年直轄市議員選舉,首次申報,1070921,個人捐贈收入,江衍欣,F12*******,25000.00,0.00,,金錢,臺北市北投區****,0926*****,
2,林銘仁,107年直轄市議員選舉,首次申報,1070921,個人捐贈收入,江睿紘,F12*******,25000.00,0.00,,金錢,臺北市北投區****,,
3,林銘仁,107年直轄市議員選舉,首次申報,1070921,個人捐贈收入,曾麗卿,G22*******,30000.00,0.00,,金錢,,0933*****,
4,林銘仁,107年直轄市議員選舉,首次申報,1070926,個人捐贈收入,郭晉宏,Q10*******,100000.00,0.00,,金錢,新北市土城區****,,
5,林銘仁,107年直轄市議員選舉,首次申報,1071001,個人捐贈收入,張忠輝,F12*******,30000.00,0.00,,金錢,新北市土城區****,,
6,林銘仁,107年直轄市議員選舉,首次申報,1071005,個人捐贈收入,陸子鈞,A12*******,100000.00,0.00,,金錢,新北市樹林區****,,
7,林銘仁,107年直轄市議員選舉,首次申報,1071005,個人捐贈收入,秦鍚鈞,F12*******,100000.00,0.00,,金錢,新北市土城區****,,
8,林銘仁,107年直轄市議員選舉,首次申報,1071007,營利事業捐贈收入,全智工業股份有限公司,22490945,200000.00,0.00,,金錢,新北市土城區****,,
9,林銘仁,107年直轄市議員選舉,首次申報,1071007,個人捐贈收入,陳志昇,F12*******,50000.00,0.00,,金錢,新北市土城區****,,
10,林銘仁,107年直轄市議員選舉,首次申報,1071008,個人捐贈收入,林寬政,F12*******,30000.00,0.00,,金錢,新北市土城區****,0920*****,
11,林銘仁,107年直轄市議員選舉,首次申報,1071011,人民團體捐贈收入,社團法人新北市牙醫師公會,,30000.00,0.00,,金錢,新北市板橋區****,8953*****,
12,林銘仁,107年直轄市議員選舉,首次申報,1071012,個人捐贈收入,吳哄和,P12*******,2000.00,0.00,,金錢,新北市土城區****,,
13,林銘仁,107年直轄市議員選舉,首次申報,1071017,營利事業捐贈收入,信美鏡廠股份有限公司,34196171,100000.00,0.00,,金錢,新北市土城區****,,
14,林銘仁,107年直轄市議員選舉,首次申報,1071023,個人捐贈收入,李茂久,F10*******,100000.00,0.00,,金錢,新北市土城區****,,
15,林銘仁,107年直轄市議員選舉,首次申報,1071023,個人捐贈收入,王紀麗華,N20*******,20000.00,0.00,,金錢,新北市土城區****,,
16,林銘仁,107年直轄市議員選舉,首次申報,1071024,個人捐贈收入,郭玉叁,T22*******,26000.00,0.00,,金錢,新北市土城區****,,
17,林銘仁,107年直轄市議員選舉,首次申報,1071025,營利事業捐贈收入,巨昇玻璃有限公司,89656851,100000.00,0.00,,金錢,新北市土城區****,2267*****,
18,林銘仁,107年直轄市議員選舉,首次申報,1071026,匿名捐贈,翁淑妃,,2000.00,0.00,,金錢,,,
19,林銘仁,107年直轄市議員選舉,首次申報,1071027,營利事業捐贈收入,鼎鈞資產管理公司,25141457,50000.00,0.00,,金錢,新北市三峽區****,,
20,林銘仁,107年直轄市議員選舉,首次申報,1071027,營利事業捐贈收入,易哲企業社,48785249,50000.00,0.00,,金錢,日和里中央路****,,
21,林銘仁,107年直轄市議員選舉,首次申報,1071027,營利事業捐贈收入,百傑國際食品有限公司,80604734,10000.00,0.00,,金錢,新北市新莊區****,,
22,林銘仁,107年直轄市議員選舉,首次申報,1071027,個人捐贈收入,吳錦文,A10*******,1000.00,0.00,,金錢,新北市土城區****,,
23,林銘仁,107年直轄市議員選舉,首次申報,1071027,個人捐贈收入,劉俊言,A12*******,30000.00,0.00,,金錢,新北市土城區****,,
24,林銘仁,107年直轄市議員選舉,首次申報,1071027,個人捐贈收入,陳義雄,F10*******,3000.00,0.00,,金錢,新北市土城區****,,
25,林銘仁,107年直轄市議員選舉,首次申報,1071027,個人捐贈收入,林進山,F10*******,30000.00,0.00,,金錢,新北市土城區****,,
26,林銘仁,107年直轄市議員選舉,首次申報,1071027,個人捐贈收入,廖義草,F10*******,6000.00,0.00,,金錢,新北市土城區****,,
27,林銘仁,107年直轄市議員選舉,首次申報,1071027,個人捐贈收入,陳宏謀,F12*******,5000.00,0.00,,金錢,新北市土城區****,,
28,林銘仁,107年直轄市議員選舉,首次申報,1071027,個人捐贈收入,簡有彥＿,N10*******,5000.00,0.00,,金錢,新北市樹林區****,,
29,林銘仁,107年直轄市議員選舉,首次申報,1071030,個人捐贈收入,陳慧雯,A22*******,10000.00,0.00,,金錢,新北市土城區****,,
30,林銘仁,107年直轄市議員選舉,首次申報,1071031,個人捐贈收入,陳靖宜,A20*******,10000.00,0.00,,金錢,新北市三峽區****,,
31,林銘仁,107年直轄市議員選舉,首次申報,1071031,個人捐贈收入,張文凱,F12*******,50000.00,0.00,,金錢,新北市土城區****,(02)*****,
32,林銘仁,107年直轄市議員選舉,首次申報,1071031,個人捐贈收入,鄭麗香,F22*******,50000.00,0.00,,金錢,新北市土城區****,0912*****,
33,林銘仁,107年直轄市議員選舉,首次申報,1071101,人民團體捐贈收入,社團法人新北市醫師公會,,20000.00,0.00,,金錢,新北市三重區****,02-2*****,
34,林銘仁,107年直轄市議員選舉,首次申報,1071103,個人捐贈收入,黃雪華,F22*******,10000.00,0.00,,金錢,新北市樹林區****,,
35,林銘仁,107年直轄市議員選舉,首次申報,1071105,匿名捐贈,黃明宿,,3000.00,0.00,,金錢,,,
36,林銘仁,107年直轄市議員選舉,首次申報,1071105,匿名捐贈,蔡吉都,,2000.00,0.00,,金錢,,,
37,林銘仁,107年直轄市議員選舉,首次申報,1071105,營利事業捐贈收入,寶山建設股份有限公司,11547148,30000.00,0.00,,金錢,,,
38,林銘仁,107年直轄市議員選舉,首次申報,1071105,營利事業捐贈收入,怡昌靜電粉體塗裝有限公司,22974097,6000.00,0.00,,金錢,新北市樹林區****,,
39,林銘仁,107年直轄市議員選舉,首次申報,1071105,營利事業捐贈收入,國美建設股份有限公司,97128469,200000.00,0.00,,金錢,臺北市中山區****,,
40,林銘仁,107年直轄市議員選舉,首次申報,1071105,個人捐贈收入,吳得利,F12*******,50000.00,0.00,,金錢,新北市板橋區****,,
41,林銘仁,107年直轄市議員選舉,首次申報,1071106,匿名捐贈,邱田,,5000.00,0.00,,金錢,,,
42,林銘仁,107年直轄市議員選舉,首次申報,1071106,個人捐贈收入,陳勵坤,Q10*******,10000.00,0.00,,金錢,,,
43,林銘仁,107年直轄市議員選舉,首次申報,1071107,匿名捐贈,廖武堅,,10000.00,0.00,,金錢,,,
44,林銘仁,107年直轄市議員選舉,首次申報,1071109,個人捐贈收入,何恩禮,A12*******,100000.00,0.00,,金錢,臺北市金山南****,2321*****,
45,林銘仁,107年直轄市議員選舉,首次申報,1071109,個人捐贈收入,何恩凱,A12*******,100000.00,0.00,,金錢,臺北市金山南****,2321*****,
46,林銘仁,107年直轄市議員選舉,首次申報,1071109,個人捐贈收入,王伯寧,A12*******,100000.00,0.00,,金錢,臺北市金山南****,2321*****,
47,林銘仁,107年直轄市議員選舉,首次申報,1071109,個人捐贈收入,洪瑞敏,A22*******,100000.00,0.00,,金錢,臺北市金山南****,2321*****,
48,林銘仁,107年直轄市議員選舉,首次申報,1071109,個人捐贈收入,賴宇新,A22*******,100000.00,0.00,,金錢,臺北市金山南****,2321*****,
49,林銘仁,107年直轄市議員選舉,首次申報,1071109,個人捐贈收入,何國慶,B10*******,100000.00,0.00,,金錢,臺北市金山南****,2321*****,
50,林銘仁,107年直轄市議員選舉,首次申報,1071109,個人捐贈收入,游錫堃,G10*******,30000.00,0.00,,金錢,新北市永和區****,,
51,林銘仁,107年直轄市議員選舉,首次申報,1071114,個人捐贈收入,趙子雲,B10*******,100000.00,0.00,,金錢,臺北市內湖區****,(02)*****,
52,林銘仁,107年直轄市議員選舉,首次申報,1071114,個人捐贈收入,陳素芳,C20*******,100000.00,0.00,,金錢,臺北市大安區****,(02)*****,
53,林銘仁,107年直轄市議員選舉,首次申報,1071114,個人捐贈收入,郭兆祥,D10*******,100000.00,0.00,,金錢,臺北市大安區****,(02)*****,
54,林銘仁,107年直轄市議員選舉,首次申報,1071116,個人捐贈收入,徐菁菁,F22*******,6000.00,0.00,,金錢,新北市土城區****,,
55,林銘仁,107年直轄市議員選舉,首次申報,1071119,營利事業捐贈收入,勝坤企業社,29269687,10000.00,0.00,,金錢,新北市土城區****,,
56,林銘仁,107年直轄市議員選舉,首次申報,1071121,匿名捐贈,陳淑華,,5000.00,0.00,,金錢,,,
57,林銘仁,107年直轄市議員選舉,首次申報,1071121,個人捐贈收入,洪春夏,N12*******,5000.00,0.00,,金錢,新北市土城區****,,
