﻿序號,擬參選人／政黨,選舉名稱,申報序號／年度,交易日期,收支科目,捐贈者／支出對象,身分證／統一編號,收入金額,支出金額,支出用途,金錢類,地址,聯絡電話,資料更正日期
1,温俊勇,109年立法委員選舉,首次申報,1081213,個人捐贈收入,陳憶如,R22*******,10000.00,0.00,,金錢,苗栗縣竹南鎮****,,
2,温俊勇,109年立法委員選舉,首次申報,1081218,個人捐贈收入,陳佳怡,T22*******,11111.00,0.00,,金錢,苗栗縣苗栗市****,0958*****,
3,温俊勇,109年立法委員選舉,首次申報,1081220,個人捐贈收入,林宏興,J12*******,60000.00,0.00,,金錢,苗栗縣頭份市****,,
4,温俊勇,109年立法委員選舉,首次申報,1081225,匿名捐贈,匿名,,1000.00,0.00,,金錢,,,
5,温俊勇,109年立法委員選舉,首次申報,1081225,匿名捐贈,匿名,,1000.00,0.00,,金錢,,,
6,温俊勇,109年立法委員選舉,首次申報,1081225,匿名捐贈,匿名,,1000.00,0.00,,金錢,,,
7,温俊勇,109年立法委員選舉,首次申報,1081225,匿名捐贈,匿名,,1000.00,0.00,,金錢,,,
8,温俊勇,109年立法委員選舉,首次申報,1081225,匿名捐贈,匿名,,2000.00,0.00,,金錢,,,
9,温俊勇,109年立法委員選舉,首次申報,1081225,個人捐贈收入,藍加媖,,12000.00,0.00,,金錢,苗栗縣頭份市****,,
10,温俊勇,109年立法委員選舉,首次申報,1081225,營利事業捐贈收入,貝民股份有限公司,20561107,20000.00,0.00,,金錢,臺北市中山區****,,
11,温俊勇,109年立法委員選舉,首次申報,1081225,營利事業捐贈收入,立勤起重工程有限公司,28803796,10000.00,0.00,,金錢,新北市五股區****,,
12,温俊勇,109年立法委員選舉,首次申報,1081225,營利事業捐贈收入,比佛利保修廠,88815888,2000.00,0.00,,金錢,苗栗縣頭份市****,,
13,温俊勇,109年立法委員選舉,首次申報,1081225,個人捐贈收入,戴明沅,J10*******,5000.00,0.00,,金錢,新竹縣竹北市****,,
14,温俊勇,109年立法委員選舉,首次申報,1081225,個人捐贈收入,余聲銘,K10*******,5000.00,0.00,,金錢,新北市三峽區****,,
15,温俊勇,109年立法委員選舉,首次申報,1081225,個人捐贈收入,溫煥龍,K10*******,1000.00,0.00,,金錢,新竹市香山區****,,
16,温俊勇,109年立法委員選舉,首次申報,1081225,個人捐贈收入,溫紫輝,K10*******,1000.00,0.00,,金錢,苗栗縣頭份市****,,
17,温俊勇,109年立法委員選舉,首次申報,1081225,個人捐贈收入,溫吉雄,K10*******,1000.00,0.00,,金錢,苗栗縣頭份市****,,
18,温俊勇,109年立法委員選舉,首次申報,1081225,個人捐贈收入,溫喜發,K10*******,2000.00,0.00,,金錢,苗栗縣頭份市****,,
19,温俊勇,109年立法委員選舉,首次申報,1081225,個人捐贈收入,溫雲光,K12*******,1000.00,0.00,,金錢,苗栗縣三灣鄉****,,
20,温俊勇,109年立法委員選舉,首次申報,1081225,個人捐贈收入,黃文華,K12*******,10000.00,0.00,,金錢,苗栗縣頭份市****,,
21,温俊勇,109年立法委員選舉,首次申報,1081225,個人捐贈收入,葉乾亮,K12*******,2000.00,0.00,,金錢,苗栗縣頭份市****,,
22,温俊勇,109年立法委員選舉,首次申報,1081225,個人捐贈收入,黃振東,K12*******,6000.00,0.00,,金錢,苗栗縣頭份市****,,
23,温俊勇,109年立法委員選舉,首次申報,1081225,個人捐贈收入,鄧宇軒,K12*******,2000.00,0.00,,金錢,苗栗縣頭份市****,,
24,温俊勇,109年立法委員選舉,首次申報,1081225,個人捐贈收入,周文生,K12*******,36000.00,0.00,,金錢,苗栗縣頭份市****,,
25,温俊勇,109年立法委員選舉,首次申報,1081225,個人捐贈收入,溫盛娣,K20*******,2000.00,0.00,,金錢,苗栗縣頭份市****,,
26,温俊勇,109年立法委員選舉,首次申報,1081225,個人捐贈收入,傳秀鳳,K22*******,3000.00,0.00,,金錢,苗栗縣竹南鎮****,,
27,温俊勇,109年立法委員選舉,首次申報,1081225,個人捐贈收入,施鳳玉,K22*******,2000.00,0.00,,金錢,苗栗縣頭份市****,,
28,温俊勇,109年立法委員選舉,首次申報,1081225,個人捐贈收入,范月宜,K22*******,1000.00,0.00,,金錢,苗栗縣竹南鎮****,,
29,温俊勇,109年立法委員選舉,首次申報,1081225,個人捐贈收入,林玉金,V22*******,1000.00,0.00,,金錢,苗栗縣竹南鎮****,,
30,温俊勇,109年立法委員選舉,首次申報,1081226,個人捐贈收入,溫岦宸,K12*******,100.00,0.00,,金錢,苗栗縣頭份市****,0912*****,
31,温俊勇,109年立法委員選舉,首次申報,1090101,匿名捐贈,匿名,,2000.00,0.00,,金錢,,,
32,温俊勇,109年立法委員選舉,首次申報,1090101,匿名捐贈,匿名,,3000.00,0.00,,金錢,,,
33,温俊勇,109年立法委員選舉,首次申報,1090101,匿名捐贈,匿名,,2000.00,0.00,,金錢,,,
34,温俊勇,109年立法委員選舉,首次申報,1090101,匿名捐贈,匿名,,10000.00,0.00,,金錢,,,
35,温俊勇,109年立法委員選舉,首次申報,1090101,個人捐贈收入,溫喜發,,3000.00,0.00,,金錢,苗栗縣頭份市****,,
36,温俊勇,109年立法委員選舉,首次申報,1090101,營利事業捐贈收入,聯錩輪胎有限公司,89671277,10000.00,0.00,,金錢,苗栗縣頭份市****,,
37,温俊勇,109年立法委員選舉,首次申報,1090101,個人捐贈收入,羅田春,K10*******,3000.00,0.00,,金錢,苗栗縣頭份市****,,
38,温俊勇,109年立法委員選舉,首次申報,1090101,個人捐贈收入,溫炳綺,K12*******,2000.00,0.00,,金錢,苗栗縣三灣鄉****,,
39,温俊勇,109年立法委員選舉,首次申報,1090101,個人捐贈收入,溫國盛,K12*******,2000.00,0.00,,金錢,苗栗縣頭份市****,,
40,温俊勇,109年立法委員選舉,首次申報,1090102,匿名捐贈,匿名,,2000.00,0.00,,金錢,,,
41,温俊勇,109年立法委員選舉,首次申報,1090105,營利事業捐贈收入,久禾娛樂社,17352014,30000.00,0.00,,金錢,苗栗縣頭份市****,,
42,温俊勇,109年立法委員選舉,首次申報,1090105,個人捐贈收入,曾光雄,J12*******,30000.00,0.00,,金錢,臺中市南區和****,0920*****,
43,温俊勇,109年立法委員選舉,首次申報,1090105,個人捐贈收入,溫桂霖,K10*******,1000.00,0.00,,金錢,新北市板橋區****,,
44,温俊勇,109年立法委員選舉,首次申報,1090105,個人捐贈收入,溫瑞榮,K10*******,1000.00,0.00,,金錢,苗栗縣頭份市****,,
45,温俊勇,109年立法委員選舉,首次申報,1090106,匿名捐贈,匿名,,5000.00,0.00,,金錢,,,
46,温俊勇,109年立法委員選舉,首次申報,1090106,匿名捐贈,匿名,,2000.00,0.00,,金錢,,,
47,温俊勇,109年立法委員選舉,首次申報,1090106,匿名捐贈,匿名,,2000.00,0.00,,金錢,,,
48,温俊勇,109年立法委員選舉,首次申報,1090106,個人捐贈收入,吳新發,F12*******,20000.00,0.00,,金錢,苗栗縣頭份市****,,
49,温俊勇,109年立法委員選舉,首次申報,1090106,個人捐贈收入,林玉寶,K10*******,6600.00,0.00,,金錢,苗栗縣頭份市****,,
50,温俊勇,109年立法委員選舉,首次申報,1090106,個人捐贈收入,溫志明,K12*******,6000.00,0.00,,金錢,苗栗縣竹南鎮****,,
51,温俊勇,109年立法委員選舉,首次申報,1090106,個人捐贈收入,吳思君,K12*******,6000.00,0.00,,金錢,苗栗縣頭份市****,,
52,温俊勇,109年立法委員選舉,首次申報,1090107,個人捐贈收入,王德政,A12*******,6000.00,0.00,,金錢,臺北市北投區****,,
53,温俊勇,109年立法委員選舉,首次申報,1090108,個人捐贈收入,張嘉琪,F22*******,10000.00,0.00,,金錢,苗栗縣頭份市****,0987*****,
54,温俊勇,109年立法委員選舉,首次申報,1090109,個人捐贈收入,陳泰均,J12*******,12000.00,0.00,,金錢,新竹縣湖口鄉****,0905*****,
