﻿序號,擬參選人／政黨,選舉名稱,申報序號／年度,交易日期,收支科目,捐贈者／支出對象,身分證／統一編號,收入金額,支出金額,捐贈方式,存入專戶日期,返還/繳庫,支出用途,金錢類,地址,聯絡電話,應揭露之支出對象,支出對象之內部人員姓名,支出對象之內部人員職稱,政黨之內部人員姓名,政黨之內部人員職稱,關係,更正註記,資料更正日期
1,陳癸佑,111年南投縣鹿谷鄉鄉長選舉,首次申報,1110513,宣傳支出,非凡廣告設計工程,09249143,0.00,44880.00,,,,租用廣告看板或車體廣告費用,金錢,南投縣竹山鎮****,,否,,,,,,,
2,陳癸佑,111年南投縣鹿谷鄉鄉長選舉,首次申報,1110520,宣傳支出,大隆書局,,0.00,4000.00,,,,製作競選物品或宣傳廣告費用（DM）,金錢,南投縣水里鄉****,,否,,,,,,,
3,陳癸佑,111年南投縣鹿谷鄉鄉長選舉,首次申報,1110524,宣傳支出,大隆書局,,0.00,500.00,,,,製作競選物品或宣傳廣告費用（選舉名片）,金錢,南投縣水里鄉****,,否,,,,,,,
4,陳癸佑,111年南投縣鹿谷鄉鄉長選舉,首次申報,1110610,雜支支出,山海味現炒店,,0.00,1900.00,,,,餐飲費用,金錢,南投縣水里鄉****,,否,,,,,,,
5,陳癸佑,111年南投縣鹿谷鄉鄉長選舉,首次申報,1110808,租用宣傳車輛支出,國棟五金有限公司,,0.00,4284.00,,,,其他與租用宣傳車輛有關之費用(宣傳車材料),金錢,南投縣埔里鎮****,,否,,,,,,,
6,陳癸佑,111年南投縣鹿谷鄉鄉長選舉,首次申報,1110815,宣傳支出,亨利企業社,,0.00,24000.00,,,,製作競選物品或宣傳廣告費用（帽子、競選背心）,金錢,南投縣竹山鎮****,,否,,,,,,,
7,陳癸佑,111年南投縣鹿谷鄉鄉長選舉,首次申報,1110825,宣傳支出,瀛海矽康科技股份有限公司,,0.00,22470.00,,,,製作競選物品或宣傳廣告費用（口罩）,金錢,南投縣南投市****,,否,,,,,,,
8,陳癸佑,111年南投縣鹿谷鄉鄉長選舉,首次申報,1110830,公共關係費用支出,吉成花莊,,0.00,20000.00,,,,花圈,金錢,南投縣竹山鎮****,,否,,,,,,,
9,陳癸佑,111年南投縣鹿谷鄉鄉長選舉,首次申報,1110831,雜支支出,新麻竹園野菜料理,,0.00,14400.00,,,,餐飲費用,金錢,南投縣鹿谷鄉****,,否,,,,,,,
10,陳癸佑,111年南投縣鹿谷鄉鄉長選舉,首次申報,1110831,集會支出,元帥活動企畫社,,0.00,12000.00,,,,活動企劃費用(鼓陣),金錢,彰化縣田中鎮****,,否,,,,,,,
11,陳癸佑,111年南投縣鹿谷鄉鄉長選舉,首次申報,1110901,宣傳支出,青山婚紗,,0.00,6000.00,,,,製作競選物品或宣傳廣告費用（相片）,金錢,南投縣草屯鎮****,,否,,,,,,,
12,陳癸佑,111年南投縣鹿谷鄉鄉長選舉,首次申報,1110909,雜支支出,全聯福利中心,,0.00,504.00,,,,餐飲費用,金錢,南投縣鹿谷鄉****,,否,,,,,,,
13,陳癸佑,111年南投縣鹿谷鄉鄉長選舉,首次申報,1110909,租用競選辦事處支出,鴻順五金行,,0.00,2105.00,,,,租買辦公設備費用,金錢,南投縣鹿谷鄉****,,否,,,,,,,
14,陳癸佑,111年南投縣鹿谷鄉鄉長選舉,首次申報,1110912,宣傳支出,非凡廣告設計工程,,0.00,8500.00,,,,製作競選物品或宣傳廣告費用（手拿旗）,金錢,南投縣竹山鎮****,,否,,,,,,,
15,陳癸佑,111年南投縣鹿谷鄉鄉長選舉,首次申報,1110922,雜支支出,鴻順五金行,,0.00,415.00,,,,雜項購置或修繕費用,金錢,南投縣鹿谷鄉****,,否,,,,,,,
16,陳癸佑,111年南投縣鹿谷鄉鄉長選舉,首次申報,1111006,交通旅運支出,中油鹿谷站,,0.00,1011.00,,,,油資,金錢,南投縣鹿谷鄉****,,否,,,,,,,
17,陳癸佑,111年南投縣鹿谷鄉鄉長選舉,首次申報,1111031,雜支支出,芳鄰風味小吃,,0.00,2160.00,,,,餐飲費用,金錢,南投縣水里鄉****,,否,,,,,,,
18,陳癸佑,111年南投縣鹿谷鄉鄉長選舉,首次申報,1111115,雜支支出,生平小吃部,,0.00,3500.00,,,,餐飲費用,金錢,南投縣水里鄉****,,否,,,,,,,
19,陳癸佑,111年南投縣鹿谷鄉鄉長選舉,首次申報,1111115,公共關係費用支出,吉成花莊,,0.00,22300.00,,,,聯誼交際費用,金錢,南投縣竹山鎮****,,否,,,,,,,
20,陳癸佑,111年南投縣鹿谷鄉鄉長選舉,首次申報,1111124,宣傳支出,輝興禮贈品廣告社,61481509,0.00,85000.00,,,,廣告看板或車體廣告帆布費用,金錢,南投縣水里鄉****,,否,,,,,,,
21,陳癸佑,111年南投縣鹿谷鄉鄉長選舉,首次申報,1111125,雜支支出,易鼎咖啡簡餐茶坊,,0.00,760.00,,,,餐飲費用,金錢,南投縣水里鄉****,,否,,,,,,,
22,陳癸佑,111年南投縣鹿谷鄉鄉長選舉,首次申報,1111126,人事費用支出,邱新財,M12*******,0.00,30000.00,,,,工資或薪津,金錢,南投縣水里鄉****,,否,,,,,,,
