﻿序號,擬參選人／政黨,選舉名稱,申報序號／年度,交易日期,收支科目,捐贈者／支出對象,身分證／統一編號,收入金額,支出金額,支出用途,金錢類,地址,聯絡電話,資料更正日期
1,陳其邁,107年直轄市市長選舉,首次申報,1070608,宣傳支出,樂匠音響企業社,17858251,0.00,60000.00,製作宣傳廣告支出,金錢,高雄市苓雅區****,,
2,陳其邁,107年直轄市市長選舉,首次申報,1070626,宣傳支出,民間全民電視股份有限公司,96975768,0.00,850000.00,播送、傳送或刊登宣傳廣告支出,金錢,新北市林口區****,,
3,陳其邁,107年直轄市市長選舉,首次申報,1070629,租用競選辦事處支出,永信建設開發股份有限公司,22417810,0.00,300000.00,租用競選辦事處費用,金錢,高雄市新興區****,,
4,陳其邁,107年直轄市市長選舉,首次申報,1070703,租用競選辦事處支出,福懋建設股份有限公司,86951268,0.00,150000.00,租用競選辦事處費用,金錢,高雄市前鎮區****,,
5,陳其邁,107年直轄市市長選舉,首次申報,1070708,租用競選辦事處支出,豪品自動門工程有限公司,54634184,0.00,92000.00,裝潢競選辦事處支出,金錢,高雄市鳥松區****,,
6,陳其邁,107年直轄市市長選舉,首次申報,1070731,雜支支出,彩艷影像科技有限公司,53888408,0.00,10000.00,文具用品費用,金錢,高雄市三民區****,,
7,陳其邁,107年直轄市市長選舉,首次申報,1070801,租用競選辦事處支出,福懋建設股份有限公司,86951268,0.00,150000.00,租用競選辦事處費用,金錢,高雄市前鎮區****,,
8,陳其邁,107年直轄市市長選舉,首次申報,1070808,宣傳支出,大社會股份有限公司,45029214,0.00,300000.00,製作宣傳廣告支出,金錢,臺北市中正區****,,
9,陳其邁,107年直轄市市長選舉,首次申報,1070808,宣傳支出,大社會股份有限公司,45029214,0.00,100000.00,製作宣傳廣告支出,金錢,台北市中正區****,,
10,陳其邁,107年直轄市市長選舉,首次申報,1070814,集會支出,樺澄開發股份有限公司,54820949,0.00,31800.00,租用場地支出,金錢,高雄市鳥松區****,,
11,陳其邁,107年直轄市市長選舉,首次申報,1070817,宣傳支出,先驅媒體社會企業股份有限公司,29080164,0.00,400000.00,製作宣傳廣告支出,金錢,臺北市中正區****,,
12,陳其邁,107年直轄市市長選舉,首次申報,1070827,宣傳支出,東森新媒體控股股份有限公司,24328949,0.00,420000.00,製作宣傳廣告支出,金錢,臺北市大安區****,,
13,陳其邁,107年直轄市市長選舉,首次申報,1070828,宣傳支出,大社會股份有限公司,45029214,0.00,400000.00,製作宣傳廣告支出,金錢,臺北市中正區****,,
14,陳其邁,107年直轄市市長選舉,首次申報,1070903,宣傳支出,無可就樂音樂工作室,42504138,0.00,255000.00,製作宣傳廣告支出,金錢,台北市中正區****,,
15,陳其邁,107年直轄市市長選舉,首次申報,1070903,租用競選辦事處支出,福懋建設股份有限公司,86951268,0.00,150000.00,租用競選辦事處費用,金錢,高雄市前鎮區****,,
16,陳其邁,107年直轄市市長選舉,首次申報,1070908,集會支出,競選總部,E12*******,0.00,64260.00,礦泉水,非金錢,高雄市左營區****,,
17,陳其邁,107年直轄市市長選舉,首次申報,1070909,集會支出,競選總部,E12*******,0.00,100000.00,便當,非金錢,高雄市左營區****,,
18,陳其邁,107年直轄市市長選舉,首次申報,1070911,宣傳支出,大社會股份有限公司,45029214,0.00,500000.00,製作宣傳廣告支出,金錢,臺北市中正區****,,
19,陳其邁,107年直轄市市長選舉,首次申報,1070914,宣傳支出,東森新媒體控股股份有限公司,24328949,0.00,283500.00,播送、傳送或刊登宣傳廣告支出,金錢,臺北市大安區****,,
20,陳其邁,107年直轄市市長選舉,首次申報,1070914,集會支出,旺施企業有限公司,70414165,0.00,50400.00,租用設備支出,金錢,高雄市新興區****,,
21,陳其邁,107年直轄市市長選舉,首次申報,1070915,宣傳支出,台灣摩菲爾國際股份有限公司,24312453,0.00,243600.00,製作宣傳廣告支出,金錢,臺北市中正區****,,
22,陳其邁,107年直轄市市長選舉,首次申報,1070915,宣傳支出,京泓國際事業有限公司,80380782,0.00,63000.00,委託辦理研究、評估、調查、設計或規劃支出,金錢,高雄市前金區****,,
23,陳其邁,107年直轄市市長選舉,首次申報,1070917,宣傳支出,宸瀚行銷有限公司,50797729,0.00,50000.00,委託辦理研究、評估、調查、設計或規劃支出,金錢,臺北市松山區****,,
24,陳其邁,107年直轄市市長選舉,首次申報,1070920,集會支出,利榮演藝企劃工作室,19220927,0.00,12000.00,租用設備支出,金錢,高雄市前金區****,,
25,陳其邁,107年直轄市市長選舉,首次申報,1070920,宣傳支出,港都廣播電台股份有限公司,89280861,0.00,300000.00,播送、傳送或刊登宣傳廣告支出,金錢,高雄市三民區****,,
26,陳其邁,107年直轄市市長選舉,首次申報,1070921,宣傳支出,快樂廣播事業股份有限公司,89281812,0.00,500000.00,播送、傳送或刊登宣傳廣告支出,金錢,高雄市苓雅區****,,
27,陳其邁,107年直轄市市長選舉,首次申報,1070926,集會支出,利榮演藝企劃工作室,19220927,0.00,57800.00,租用設備支出,金錢,高雄市前金區****,,
28,陳其邁,107年直轄市市長選舉,首次申報,1070928,宣傳支出,東森電視事業股份有限公司,86121480,0.00,2583000.00,製作宣傳廣告支出,金錢,臺北市中正區****,,
29,陳其邁,107年直轄市市長選舉,首次申報,1071001,租用競選辦事處支出,喬新毅木材行,36644940,0.00,73710.00,裝潢競選辦事處支出,金錢,高雄市岡山區****,,
30,陳其邁,107年直轄市市長選舉,首次申報,1071001,租用競選辦事處支出,福懋建設股份有限公司,86951268,0.00,150000.00,租用競選辦事處費用,金錢,高雄市前鎮區****,,
31,陳其邁,107年直轄市市長選舉,首次申報,1071002,宣傳支出,木蘭文化事業有限公司,13140530,0.00,160000.00,製作宣傳廣告支出,金錢,台北市中山區****,,
32,陳其邁,107年直轄市市長選舉,首次申報,1071002,宣傳支出,國風傳媒有限公司,54340511,0.00,300000.00,播送、傳送或刊登宣傳廣告支出,金錢,台北市內湖區****,,
33,陳其邁,107年直轄市市長選舉,首次申報,1071003,宣傳支出,大眾廣播股份有限公司,89256721,0.00,270000.00,播送、傳送或刊登宣傳廣告支出,金錢,高雄市前鎮區****,,
34,陳其邁,107年直轄市市長選舉,首次申報,1071004,宣傳支出,高雄汽車客運股份有限公司,85248708,0.00,378000.00,租用廣告看板或車體廣告支出,金錢,高雄市鳳山區****,,
35,陳其邁,107年直轄市市長選舉,首次申報,1071006,集會支出,競選總部,E12*******,0.00,100000.00,飲料,非金錢,高雄市左營區****,,
36,陳其邁,107年直轄市市長選舉,首次申報,1071006,集會支出,競選總部,E12*******,0.00,100000.00,飲料,非金錢,高雄市左營區****,,
37,陳其邁,107年直轄市市長選舉,首次申報,1071007,集會支出,競選總部,E12*******,0.00,50000.00,礦泉水,非金錢,高雄市左營區****,,
38,陳其邁,107年直轄市市長選舉,首次申報,1071009,宣傳支出,中國時報文化事業股份有限公司,03798509,0.00,1050000.00,播送、傳送或刊登宣傳廣告支出,金錢,台北市大理街****,,
39,陳其邁,107年直轄市市長選舉,首次申報,1071011,宣傳支出,東森新媒體控股股份有限公司,24328949,0.00,210000.00,播送、傳送或刊登宣傳廣告支出,金錢,臺北市大安區****,,
40,陳其邁,107年直轄市市長選舉,首次申報,1071011,宣傳支出,今日傳媒股份有限公司,28331543,0.00,200000.00,播送、傳送或刊登宣傳廣告支出,金錢,臺北市內湖區****,,
41,陳其邁,107年直轄市市長選舉,首次申報,1071011,宣傳支出,自由時報企業股份有限公司,52570683,0.00,178000.00,播送、傳送或刊登宣傳廣告支出,金錢,高雄市博愛一****,,
42,陳其邁,107年直轄市市長選舉,首次申報,1071012,宣傳支出,樂匠音響企業社,17858251,0.00,60000.00,製作宣傳廣告支出,金錢,高雄市苓雅區****,,
43,陳其邁,107年直轄市市長選舉,首次申報,1071012,宣傳支出,宸瀚行銷有限公司,50797729,0.00,600000.00,播送、傳送或刊登宣傳廣告支出,金錢,臺北市松山區****,,
44,陳其邁,107年直轄市市長選舉,首次申報,1071012,宣傳支出,自由時報企業股份有限公司,52570683,0.00,178500.00,播送、傳送或刊登宣傳廣告支出,金錢,高雄市博愛一****,,
45,陳其邁,107年直轄市市長選舉,首次申報,1071012,宣傳支出,艾勒芬廣告行銷有限公司,53882122,0.00,100000.00,製作宣傳廣告支出,金錢,高雄市楠梓區****,,
46,陳其邁,107年直轄市市長選舉,首次申報,1071012,宣傳支出,民眾傳播事業有限公司,54635249,0.00,60000.00,播送、傳送或刊登宣傳廣告支出,金錢,高雄市鳳山區****,,
47,陳其邁,107年直轄市市長選舉,首次申報,1071012,宣傳支出,臺灣時報社股份有限公司,76012913,0.00,360000.00,播送、傳送或刊登宣傳廣告支出,金錢,高雄市仁武區****,,
48,陳其邁,107年直轄市市長選舉,首次申報,1071013,集會支出,競選總部,E12*******,0.00,50000.00,礦泉水,非金錢,高雄市左營區****,,
49,陳其邁,107年直轄市市長選舉,首次申報,1071014,集會支出,大順桌椅行,14462973,0.00,253540.00,租用設備支出,金錢,高雄市大寮區****,,
50,陳其邁,107年直轄市市長選舉,首次申報,1071014,交通旅運支出,家佳通運有限公司,16461247,0.00,99000.00,搭乘交通工具支出,金錢,高雄市三民區****,,
51,陳其邁,107年直轄市市長選舉,首次申報,1071014,租用宣傳車輛支出,集新通運有限公司,16803053,0.00,189000.00,租用宣傳車輛支出,金錢,高雄市鳳山區****,,
52,陳其邁,107年直轄市市長選舉,首次申報,1071014,交通旅運支出,港都汽車客運股份有限公司,54207176,0.00,157500.00,搭乘交通工具支出,金錢,高雄市楠梓區****,,
53,陳其邁,107年直轄市市長選舉,首次申報,1071014,集會支出,𡘙師傅企業股份有限公司,79978782,0.00,143360.00,餐飲支出,金錢,高雄市鳳山區****,,
54,陳其邁,107年直轄市市長選舉,首次申報,1071014,交通旅運支出,恆春交通企業有限公司,83393488,0.00,82425.00,搭乘交通工具支出,金錢,高雄市鼓山區****,,
55,陳其邁,107年直轄市市長選舉,首次申報,1071015,宣傳支出,自立多媒體股份有限公司,13084565,0.00,50000.00,製作宣傳廣告支出,金錢,台北市敦化北****,,
56,陳其邁,107年直轄市市長選舉,首次申報,1071015,交通旅運支出,燁昇通運有限公司,16074626,0.00,50400.00,搭乘交通工具支出,金錢,台南市北區中****,,
57,陳其邁,107年直轄市市長選舉,首次申報,1071015,宣傳支出,駿達彩色沖印有限公司,16116371,0.00,1413000.00,製作宣傳廣告支出,金錢,高雄市三民區****,,
58,陳其邁,107年直轄市市長選舉,首次申報,1071015,集會支出,宇陽硬體有限公司,25173160,0.00,651000.00,租用設備支出,金錢,高雄市岡山區****,,
59,陳其邁,107年直轄市市長選舉,首次申報,1071015,集會支出,創兆整合行銷有限公司,29010219,0.00,80000.00,租用設備支出,金錢,高雄市三民區****,,
60,陳其邁,107年直轄市市長選舉,首次申報,1071015,宣傳支出,國發實業有限公司,76426245,0.00,120000.00,製作宣傳廣告支出,金錢,高雄市三民區****,,
61,陳其邁,107年直轄市市長選舉,首次申報,1071016,交通旅運支出,明達通運有限公司,89275564,0.00,52500.00,搭乘交通工具支出,金錢,高雄市新興區****,,
62,陳其邁,107年直轄市市長選舉,首次申報,1071016,宣傳支出,中天電視股份有限公司,97178489,0.00,262500.00,播送、傳送或刊登宣傳廣告支出,金錢,台北市大理街****,,
63,陳其邁,107年直轄市市長選舉,首次申報,1071017,宣傳支出,飛豪傳播有限公司,23345110,0.00,189000.00,播送、傳送或刊登宣傳廣告支出,金錢,高雄市前鎮區****,,
64,陳其邁,107年直轄市市長選舉,首次申報,1071017,宣傳支出,三立電視股份有限公司,23740512,0.00,250000.00,播送、傳送或刊登宣傳廣告支出,金錢,臺北市內湖區****,,
65,陳其邁,107年直轄市市長選舉,首次申報,1071017,宣傳支出,宸瀚行銷有限公司,50797729,0.00,150000.00,製作宣傳廣告支出,金錢,臺北市松山區****,,
66,陳其邁,107年直轄市市長選舉,首次申報,1071017,交通旅運支出,南欣遊覽車客運股份有限公司,83418283,0.00,626325.00,搭乘交通工具支出,金錢,高雄市左營區****,,
67,陳其邁,107年直轄市市長選舉,首次申報,1071018,宣傳支出,今日傳媒股份有限公司,28331543,0.00,50000.00,播送、傳送或刊登宣傳廣告支出,金錢,臺北市內湖區****,,
68,陳其邁,107年直轄市市長選舉,首次申報,1071018,宣傳支出,蓮心傳播事業有限公司,29027210,0.00,58800.00,播送、傳送或刊登宣傳廣告支出,金錢,高雄市前鎮區****,,
69,陳其邁,107年直轄市市長選舉,首次申報,1071018,雜支支出,彩艷影像科技有限公司,53888408,0.00,11000.00,文具用品費用,金錢,高雄市三民區****,,
70,陳其邁,107年直轄市市長選舉,首次申報,1071018,集會支出,旺施企業有限公司,70414165,0.00,70350.00,租用設備支出,金錢,高雄市新興區****,,
71,陳其邁,107年直轄市市長選舉,首次申報,1071019,交通旅運支出,恆春交通企業有限公司,83393488,0.00,61425.00,搭乘交通工具支出,金錢,高雄市鼓山區****,,
72,陳其邁,107年直轄市市長選舉,首次申報,1071020,集會支出,大順桌椅行,14462973,0.00,65750.00,租用設備支出,金錢,高雄市大寮區****,,
73,陳其邁,107年直轄市市長選舉,首次申報,1071020,宣傳支出,音吶企業社,37569791,0.00,50000.00,租用廣告看板或車體廣告支出,金錢,臺南市永康區****,,
74,陳其邁,107年直轄市市長選舉,首次申報,1071020,集會支出,音吶企業社,37569791,0.00,75000.00,租用設備支出,金錢,臺南市永康區****,,
75,陳其邁,107年直轄市市長選舉,首次申報,1071020,集會支出,有一間音響企業行,37682127,0.00,337600.00,租用設備支出,金錢,屏東縣竹田鄉****,,
76,陳其邁,107年直轄市市長選舉,首次申報,1071020,集會支出,旺施企業有限公司,70414165,0.00,72450.00,租用設備支出,金錢,高雄市新興區****,,
77,陳其邁,107年直轄市市長選舉,首次申報,1071020,集會支出,競選總部,E12*******,0.00,100000.00,礦泉水,非金錢,高雄市左營區****,,
78,陳其邁,107年直轄市市長選舉,首次申報,1071020,集會支出,競選總部,E12*******,0.00,100000.00,礦泉水,非金錢,高雄市左營區****,,
79,陳其邁,107年直轄市市長選舉,首次申報,1071020,集會支出,競選總部,E12*******,0.00,100000.00,礦泉水,非金錢,高雄市左營區****,,
80,陳其邁,107年直轄市市長選舉,首次申報,1071021,宣傳支出,飛豪傳播有限公司,23345110,0.00,180000.00,播送、傳送或刊登宣傳廣告支出,金錢,高雄市前鎮區****,,
81,陳其邁,107年直轄市市長選舉,首次申報,1071021,集會支出,大慶舞台音響行,73953551,0.00,78000.00,租用設備支出,金錢,高雄市岡山區****,,
82,陳其邁,107年直轄市市長選舉,首次申報,1071021,集會支出,新麗聲企業行,81846318,0.00,164850.00,租用設備支出,金錢,高雄市楠梓區****,,
83,陳其邁,107年直轄市市長選舉,首次申報,1071021,集會支出,競選總部,E12*******,0.00,100000.00,礦泉水,非金錢,高雄市左營區****,,
84,陳其邁,107年直轄市市長選舉,首次申報,1071022,返還支出,允全建設興業有限公司,16414343,0.00,20000.00,返還,金錢,高雄市鳳山區****,,
85,陳其邁,107年直轄市市長選舉,首次申報,1071022,集會支出,宇陽硬體有限公司,25173160,0.00,105000.00,租用設備支出,金錢,高雄市岡山區****,,
86,陳其邁,107年直轄市市長選舉,首次申報,1071022,交通旅運支出,巨群旅行社有限公司,54824086,0.00,277200.00,搭乘交通工具支出,金錢,高雄市鳳山區****,,
87,陳其邁,107年直轄市市長選舉,首次申報,1071022,交通旅運支出,仁有通運股份有限公司,59411824,0.00,77500.00,搭乘交通工具支出,金錢,台中市南屯區****,,
88,陳其邁,107年直轄市市長選舉,首次申報,1071022,交通旅運支出,陸陸通運有限公司,60212416,0.00,73500.00,搭乘交通工具支出,金錢,高雄市苓雅區****,,
89,陳其邁,107年直轄市市長選舉,首次申報,1071022,集會支出,聯達廣告企業社,67709828,0.00,262500.00,租用設備支出,金錢,高雄市鳳山區****,,
90,陳其邁,107年直轄市市長選舉,首次申報,1071022,返還支出,同勝建設股份有限公司,80384871,0.00,50000.00,返還,金錢,高雄市左營區****,,
91,陳其邁,107年直轄市市長選舉,首次申報,1071023,租用宣傳車輛支出,財來發企業有限公司,53598787,0.00,10332.00,維修宣傳車輛支出,金錢,高雄市苓雅區****,,
92,陳其邁,107年直轄市市長選舉,首次申報,1071023,交通旅運支出,天佑遊覽車客運有限公司,83408166,0.00,54075.00,搭乘交通工具支出,金錢,臺南市永康區****,,
93,陳其邁,107年直轄市市長選舉,首次申報,1071023,交通旅運支出,南欣遊覽車客運股份有限公司,83418283,0.00,75075.00,搭乘交通工具支出,金錢,高雄市左營區****,,
94,陳其邁,107年直轄市市長選舉,首次申報,1071024,宣傳支出,新新聞文化事業股份有限公司,23309276,0.00,100000.00,播送、傳送或刊登宣傳廣告支出,金錢,台北市內湖區****,,
95,陳其邁,107年直轄市市長選舉,首次申報,1071025,宣傳支出,立鑫整合行銷有限公司,25118890,0.00,126000.00,製作宣傳廣告支出,金錢,台北市文山區****,,
96,陳其邁,107年直轄市市長選舉,首次申報,1071026,租用競選辦事處支出,玟鉦室內裝修有限公司,59276340,0.00,50000.00,裝潢競選辦事處支出,金錢,高雄市左營區****,,
97,陳其邁,107年直轄市市長選舉,首次申報,1071026,宣傳支出,民間全民電視股份有限公司,96975768,0.00,300000.00,播送、傳送或刊登宣傳廣告支出,金錢,新北市林口區****,,
98,陳其邁,107年直轄市市長選舉,首次申報,1071027,集會支出,創兆整合行銷有限公司,29010219,0.00,30000.00,租用設備支出,金錢,高雄市三民區****,,
99,陳其邁,107年直轄市市長選舉,首次申報,1071027,集會支出,競選總部,E12*******,0.00,20000.00,礦泉水,非金錢,高雄市左營區****,,
100,陳其邁,107年直轄市市長選舉,首次申報,1071027,集會支出,競選總部,E12*******,0.00,100000.00,礦泉水,非金錢,高雄市左營區****,,
101,陳其邁,107年直轄市市長選舉,首次申報,1071027,集會支出,競選總部,E12*******,0.00,100000.00,礦泉水,非金錢,高雄市左營區****,,
102,陳其邁,107年直轄市市長選舉,首次申報,1071028,集會支出,創兆整合行銷有限公司,29010219,0.00,81900.00,租用設備支出,金錢,高雄市三民區****,,
103,陳其邁,107年直轄市市長選舉,首次申報,1071028,集會支出,競選總部,E12*******,0.00,100000.00,礦泉水,非金錢,高雄市左營區****,,
104,陳其邁,107年直轄市市長選舉,首次申報,1071028,集會支出,競選總部,E12*******,0.00,45000.00,飲料,非金錢,高雄市左營區****,,
105,陳其邁,107年直轄市市長選舉,首次申報,1071028,集會支出,競選總部,E12*******,0.00,40000.00,飲料,非金錢,高雄市左營區****,,
106,陳其邁,107年直轄市市長選舉,首次申報,1071029,宣傳支出,先驅媒體社會企業股份有限公司,29080164,0.00,300000.00,製作宣傳廣告支出,金錢,臺北市中正區****,,
107,陳其邁,107年直轄市市長選舉,首次申報,1071029,宣傳支出,元承實業有限公司,42787023,0.00,252000.00,製作競選物品支出（物品名稱-請填寫）菜瓜布,金錢,彰化縣彰化市****,,
108,陳其邁,107年直轄市市長選舉,首次申報,1071029,宣傳支出,台灣優紙企業有限公司,80077677,0.00,283500.00,製作競選物品支出（物品名稱-請填寫）濕紙巾,金錢,彰化縣鹿港鎮****,,
109,陳其邁,107年直轄市市長選舉,首次申報,1071029,集會支出,心一企業股份有限公司,89494723,0.00,237770.00,餐飲支出,金錢,高雄市仁武區****,,
110,陳其邁,107年直轄市市長選舉,首次申報,1071030,宣傳支出,高屏廣播股份有限公司,89428055,0.00,100000.00,播送、傳送或刊登宣傳廣告支出,金錢,高雄市前鎮區****,,
111,陳其邁,107年直轄市市長選舉,首次申報,1071030,租用競選辦事處支出,屏盛企業有限公司,89830789,0.00,119500.00,裝潢競選辦事處支出,金錢,屏東縣屏東市****,,
112,陳其邁,107年直轄市市長選舉,首次申報,1071031,宣傳支出,聯合報股份有限公司,03799802,0.00,100000.00,播送、傳送或刊登宣傳廣告支出,金錢,新北市汐止區****,,
113,陳其邁,107年直轄市市長選舉,首次申報,1071031,宣傳支出,台灣摩菲爾國際股份有限公司,24312453,0.00,42000.00,製作宣傳廣告支出,金錢,臺北市中正區****,,
114,陳其邁,107年直轄市市長選舉,首次申報,1071031,雜支支出,台灣電力股份有限公司高雄區營業處,79634302,0.00,62969.00,水電瓦斯費用,金錢,高雄市鼓山區****,,
115,陳其邁,107年直轄市市長選舉,首次申報,1071031,宣傳支出,聯利媒體股份有限公司,84305300,0.00,300000.00,製作宣傳廣告支出,金錢,台北市內湖區****,,
116,陳其邁,107年直轄市市長選舉,首次申報,1071101,租用競選辦事處支出,寶盛裝潢企業社,25732158,0.00,49000.00,裝潢競選辦事處支出,金錢,高雄市梓官區****,,
117,陳其邁,107年直轄市市長選舉,首次申報,1071101,宣傳支出,順天廣告社,38708764,0.00,50000.00,租用廣告看板或車體廣告支出,金錢,高雄市仁武區****,,
118,陳其邁,107年直轄市市長選舉,首次申報,1071101,宣傳支出,大社會股份有限公司,45029214,0.00,300000.00,委託辦理研究、評估、調查、設計或規劃支出,金錢,臺北市中正區****,,
119,陳其邁,107年直轄市市長選舉,首次申報,1071101,集會支出,中寅整合行銷有限公司,59300159,0.00,100000.00,租用設備支出,金錢,高雄市內門區****,,
120,陳其邁,107年直轄市市長選舉,首次申報,1071101,集會支出,台糖高雄分公司,70848134,0.00,148911.00,租用場地支出,金錢,高雄市前鎮區****,,
121,陳其邁,107年直轄市市長選舉,首次申報,1071101,租用競選辦事處支出,福懋建設股份有限公司,86951268,0.00,150000.00,租用競選辦事處費用,金錢,高雄市前鎮區****,,
122,陳其邁,107年直轄市市長選舉,首次申報,1071102,集會支出,心一企業股份有限公司,89494723,0.00,325000.00,餐飲支出,金錢,高雄市仁武區****,,
123,陳其邁,107年直轄市市長選舉,首次申報,1071103,集會支出,大順桌椅行,14462973,0.00,216340.00,租用設備支出,金錢,高雄市大寮區****,,
124,陳其邁,107年直轄市市長選舉,首次申報,1071103,宣傳支出,飛豪傳播有限公司,23345110,0.00,190000.00,播送、傳送或刊登宣傳廣告支出,金錢,高雄市前鎮區****,,
125,陳其邁,107年直轄市市長選舉,首次申報,1071103,集會支出,旺施企業有限公司,70414165,0.00,75716.00,租用設備支出,金錢,高雄市新興區****,,
126,陳其邁,107年直轄市市長選舉,首次申報,1071103,交通旅運支出,大眾遊覽汽車股份有限公司,75044705,0.00,25000.00,搭乘交通工具支出,金錢,高雄市三民區****,,
127,陳其邁,107年直轄市市長選舉,首次申報,1071103,雜支支出,新光產物保險股份有限公司高雄分公司,79483901,0.00,18065.00,公共意外責任險,金錢,高雄市新興區****,,
128,陳其邁,107年直轄市市長選舉,首次申報,1071103,集會支出,競選總部,E12*******,0.00,50000.00,礦泉水,非金錢,高雄市左營區****,,
129,陳其邁,107年直轄市市長選舉,首次申報,1071103,集會支出,競選總部,E12*******,0.00,100000.00,礦泉水,非金錢,高雄市左營區****,,
130,陳其邁,107年直轄市市長選舉,首次申報,1071103,集會支出,競選總部,E12*******,0.00,150000.00,礦泉水,非金錢,高雄市左營區****,,
131,陳其邁,107年直轄市市長選舉,首次申報,1071104,宣傳支出,飛豪傳播有限公司,23345110,0.00,180000.00,播送、傳送或刊登宣傳廣告支出,金錢,高雄市前鎮區****,,
132,陳其邁,107年直轄市市長選舉,首次申報,1071105,宣傳支出,木蘭文化事業有限公司,13140530,0.00,120000.00,製作宣傳廣告支出,金錢,臺北市中山區****,,
133,陳其邁,107年直轄市市長選舉,首次申報,1071105,返還支出,翊城建設實業有限公司,13191636,0.00,100000.00,返還,金錢,高雄市苓雅區****,,
134,陳其邁,107年直轄市市長選舉,首次申報,1071105,返還支出,寶聖生活館有限公司,16125147,0.00,85000.00,返還,非金錢,高雄市三民區****,,
135,陳其邁,107年直轄市市長選舉,首次申報,1071105,集會支出,桌上賓有限公司,42808250,0.00,63520.00,餐飲支出,金錢,高雄市鳳山區****,,
136,陳其邁,107年直轄市市長選舉,首次申報,1071105,返還支出,上上水股份有限公司,52716478,0.00,3600.00,返還,非金錢,臺北市內湖區****,02-2*****,
137,陳其邁,107年直轄市市長選舉,首次申報,1071105,返還支出,上上水股份有限公司,52716478,0.00,7200.00,返還,非金錢,內湖區洲子街****,,
138,陳其邁,107年直轄市市長選舉,首次申報,1071105,宣傳支出,卡登實業股份有限公司,81152744,0.00,630000.00,製作宣傳廣告支出,金錢,高雄市前鎮區****,,
139,陳其邁,107年直轄市市長選舉,首次申報,1071105,返還支出,隆興冷凍廠股份有限公司,83435614,0.00,50000.00,返還,金錢,高雄市小港區****,,
140,陳其邁,107年直轄市市長選舉,首次申報,1071105,交通旅運支出,十二少通運股份有限公司,85763252,0.00,36000.00,搭乘交通工具支出,金錢,高雄市三民區****,,
141,陳其邁,107年直轄市市長選舉,首次申報,1071105,集會支出,心一企業股份有限公司,89494723,0.00,325000.00,餐飲支出,金錢,高雄市仁武區****,,
142,陳其邁,107年直轄市市長選舉,首次申報,1071105,返還支出,游金水,F10*******,0.00,250000.00,返還,金錢,新北市土城廣****,0910*****,
143,陳其邁,107年直轄市市長選舉,首次申報,1071105,返還支出,張崑裕,N10*******,0.00,250000.00,返還,金錢,新北市土城區****,0910*****,
144,陳其邁,107年直轄市市長選舉,首次申報,1071105,人事費用支出,陳奕丞,S12*******,0.00,32000.00,工資或薪津,金錢,高雄市岡山區****,,
145,陳其邁,107年直轄市市長選舉,首次申報,1071106,集會支出,方師傅食品有限公司,27699351,0.00,68000.00,餐飲支出,金錢,高雄市前鎮區****,,
146,陳其邁,107年直轄市市長選舉,首次申報,1071106,返還支出,芳草綠能科技有限公司,54830643,0.00,20000.00,返還,金錢,高雄市新興區****,,
147,陳其邁,107年直轄市市長選舉,首次申報,1071107,宣傳支出,飛豪傳播有限公司,23345110,0.00,50000.00,播送、傳送或刊登宣傳廣告支出,金錢,高雄市前鎮區****,,
148,陳其邁,107年直轄市市長選舉,首次申報,1071107,返還支出,祥瑞化工實業有限公司,24405656,0.00,150000.00,返還,金錢,高雄市永安區****,07-6*****,
149,陳其邁,107年直轄市市長選舉,首次申報,1071107,集會支出,易合屋有限公司,45881423,0.00,42000.00,清潔整理支出,金錢,彰化縣彰化市****,,
150,陳其邁,107年直轄市市長選舉,首次申報,1071107,集會支出,心一企業股份有限公司,89494723,0.00,650000.00,餐飲支出,金錢,高雄市仁武區****,,
151,陳其邁,107年直轄市市長選舉,首次申報,1071108,宣傳支出,今日傳媒股份有限公司,28331543,0.00,300000.00,製作宣傳廣告支出,金錢,臺北市內湖區****,,
152,陳其邁,107年直轄市市長選舉,首次申報,1071108,宣傳支出,元承實業有限公司,42787023,0.00,252000.00,製作競選物品支出（物品名稱-請填寫）菜瓜布,金錢,彰化縣彰化市****,,
153,陳其邁,107年直轄市市長選舉,首次申報,1071109,宣傳支出,天映企業社,25975703,0.00,240000.00,製作競選物品支出（物品名稱-請填寫）手搖旗,金錢,高雄市鼓山區****,,
154,陳其邁,107年直轄市市長選舉,首次申報,1071109,宣傳支出,天映企業社,25975703,0.00,500000.00,製作競選物品支出（物品名稱-請填寫）菜瓜布,金錢,高雄市鼓山區****,,
155,陳其邁,107年直轄市市長選舉,首次申報,1071109,集會支出,心一企業股份有限公司,89494723,0.00,325000.00,餐飲支出,金錢,高雄市仁武區****,,
156,陳其邁,107年直轄市市長選舉,首次申報,1071111,宣傳支出,飛豪傳播有限公司,23345110,0.00,195000.00,播送、傳送或刊登宣傳廣告支出,金錢,高雄市前鎮區****,,
157,陳其邁,107年直轄市市長選舉,首次申報,1071111,集會支出,捷希生技股份有限公司,24330017,0.00,22050.00,餐飲支出,金錢,,,
158,陳其邁,107年直轄市市長選舉,首次申報,1071111,宣傳支出,無可就樂音樂工作室,42504138,0.00,168000.00,播送、傳送或刊登宣傳廣告支出,金錢,台北市中正區****,,
159,陳其邁,107年直轄市市長選舉,首次申報,1071111,交通旅運支出,世鑫遊覽股份有限公司,43657060,0.00,42000.00,搭乘交通工具支出,金錢,屏東縣內埔鄉****,,
160,陳其邁,107年直轄市市長選舉,首次申報,1071111,雜支支出,新光產物保險股份有限公司高雄分公司,79483901,0.00,14800.00,公共意外責任險,金錢,高雄市新興區****,,
161,陳其邁,107年直轄市市長選舉,首次申報,1071111,集會支出,𡘙師傅企業股份有限公司,79978782,0.00,16940.00,餐飲支出,金錢,高雄市鳳山區****,,
162,陳其邁,107年直轄市市長選舉,首次申報,1071111,交通旅運支出,天佑遊覽車客運有限公司,83408166,0.00,40000.00,搭乘交通工具支出,金錢,臺南市永康區****,,
163,陳其邁,107年直轄市市長選舉,首次申報,1071111,交通旅運支出,高雄汽車客運股份有限公司,85248708,0.00,18000.00,搭乘交通工具支出,金錢,高雄市鳳山區****,,
164,陳其邁,107年直轄市市長選舉,首次申報,1071111,交通旅運支出,百鴻通運有限公司,89428983,0.00,16800.00,搭乘交通工具支出,金錢,屏東縣內埔鄉****,,
165,陳其邁,107年直轄市市長選舉,首次申報,1071112,交通旅運支出,超越小客車租賃有限公司,23348550,0.00,18900.00,搭乘交通工具支出,金錢,高雄市小港區****,,
166,陳其邁,107年直轄市市長選舉,首次申報,1071112,宣傳支出,順天廣告社,38708764,0.00,50000.00,租用廣告看板或車體廣告支出,金錢,高雄市仁武區****,,
167,陳其邁,107年直轄市市長選舉,首次申報,1071112,宣傳支出,人誠文創股份有限公司,43808089,0.00,700000.00,播送、傳送或刊登宣傳廣告支出,金錢,台北市信義區****,,
168,陳其邁,107年直轄市市長選舉,首次申報,1071112,交通旅運支出,天佑遊覽車客運有限公司,83408166,0.00,54600.00,搭乘交通工具支出,金錢,臺南市永康區****,,
169,陳其邁,107年直轄市市長選舉,首次申報,1071112,集會支出,心一企業股份有限公司,89494723,0.00,325000.00,餐飲支出,金錢,高雄市仁武區****,,
170,陳其邁,107年直轄市市長選舉,首次申報,1071113,返還支出,財團法人高雄市文武聖殿,,0.00,50000.00,返還,金錢,高雄市鹽埕區****,07-5*****,
171,陳其邁,107年直轄市市長選舉,首次申報,1071113,集會支出,葡吉食品有限公司,22212112,0.00,16250.00,餐飲支出,金錢,,,
172,陳其邁,107年直轄市市長選舉,首次申報,1071113,返還支出,恆御建設股份有限公司,24678311,0.00,50000.00,返還,金錢,高雄市左營區****,,
173,陳其邁,107年直轄市市長選舉,首次申報,1071113,返還支出,恆御建設股份有限公司,24678311,0.00,50000.00,返還,金錢,高雄市左營區****,,
174,陳其邁,107年直轄市市長選舉,首次申報,1071113,交通旅運支出,港都汽車客運股份有限公司,54207176,0.00,161700.00,搭乘交通工具支出,金錢,高雄市楠梓區****,,
175,陳其邁,107年直轄市市長選舉,首次申報,1071113,返還支出,林皇宮席宴股份有限公司,54768562,0.00,1000000.00,返還,金錢,高雄市鼓山區****,,
176,陳其邁,107年直轄市市長選舉,首次申報,1071113,返還支出,明光文教事業股份有限公司,54880235,0.00,200000.00,返還,金錢,新北市中和區****,,
177,陳其邁,107年直轄市市長選舉,首次申報,1071113,宣傳支出,凱達貿易行,70986570,0.00,323400.00,製作競選物品支出（物品名稱-請填寫）帆布袋,金錢,高雄市鳳山區****,,
178,陳其邁,107年直轄市市長選舉,首次申報,1071113,交通旅運支出,永全通運股份有限公司,81051979,0.00,1019025.00,搭乘交通工具支出,金錢,高雄市鹽埕區****,,
179,陳其邁,107年直轄市市長選舉,首次申報,1071114,宣傳支出,宸瀚行銷有限公司,50797729,0.00,129400.00,委託辦理研究、評估、調查、設計或規劃支出,金錢,臺北市松山區****,,
180,陳其邁,107年直轄市市長選舉,首次申報,1071115,返還支出,皇品營造工程股份有限公司,35162043,0.00,100000.00,返還,金錢,高雄市苓雅區****,,
181,陳其邁,107年直轄市市長選舉,首次申報,1071115,集會支出,正忠排骨飯有限公司,53899854,0.00,10050.00,餐飲支出,金錢,,,
182,陳其邁,107年直轄市市長選舉,首次申報,1071115,雜支支出,新光產物保險股份有限公司高雄分公司,79483901,0.00,5150.00,公共意外責任險,金錢,高雄市新興區****,,
183,陳其邁,107年直轄市市長選舉,首次申報,1071115,雜支支出,新光產物保險股份有限公司高雄分公司,79483901,0.00,5150.00,公共意外責任險,金錢,高雄市新興區****,,
184,陳其邁,107年直轄市市長選舉,首次申報,1071115,返還支出,蓉恩企業有限公司,80386603,0.00,100000.00,返還,非金錢,高雄市苓雅區****,,
185,陳其邁,107年直轄市市長選舉,首次申報,1071115,集會支出,心一企業股份有限公司,89494723,0.00,325000.00,餐飲支出,金錢,高雄市仁武區****,,
186,陳其邁,107年直轄市市長選舉,首次申報,1071116,集會支出,宇陽硬體有限公司,25173160,0.00,68250.00,租用設備支出,金錢,高雄市岡山區****,,
187,陳其邁,107年直轄市市長選舉,首次申報,1071116,集會支出,方師傅食品有限公司,27699351,0.00,52000.00,餐飲支出,金錢,高雄市前鎮區****,,
188,陳其邁,107年直轄市市長選舉,首次申報,1071116,宣傳支出,自由時報企業股份有限公司,52570683,0.00,178500.00,播送、傳送或刊登宣傳廣告支出,金錢,高雄市博愛一****,,
189,陳其邁,107年直轄市市長選舉,首次申報,1071116,宣傳支出,旭豐多媒體行銷有限公司,53690291,0.00,84000.00,製作宣傳廣告支出,金錢,高雄市鼓山區****,,
190,陳其邁,107年直轄市市長選舉,首次申報,1071116,交通旅運支出,大富豪通運有限公司,64834871,0.00,10000.00,搭乘交通工具支出,金錢,高雄市三民區****,,
191,陳其邁,107年直轄市市長選舉,首次申報,1071116,集會支出,心一企業股份有限公司,89494723,0.00,325000.00,餐飲支出,金錢,高雄市仁武區****,,
192,陳其邁,107年直轄市市長選舉,首次申報,1071117,宣傳支出,飛豪傳播有限公司,23345110,0.00,120000.00,播送、傳送或刊登宣傳廣告支出,金錢,高雄市前鎮區****,,
193,陳其邁,107年直轄市市長選舉,首次申報,1071117,集會支出,創兆整合行銷有限公司,29010219,0.00,496923.00,租用場地支出,金錢,高雄市三民區****,,
194,陳其邁,107年直轄市市長選舉,首次申報,1071117,宣傳支出,曖現創意有限公司,54789118,0.00,2436000.00,播送、傳送或刊登宣傳廣告支出,金錢,屏東縣屏東市****,,
195,陳其邁,107年直轄市市長選舉,首次申報,1071117,宣傳支出,凱聲貿易有限公司,86447629,0.00,105030.00,製作競選物品支出（物品名稱-請填寫）礦泉水,金錢,高雄市新興區****,,
196,陳其邁,107年直轄市市長選舉,首次申報,1071118,交通旅運支出,瑋鑫通運有限公司,12826040,0.00,80000.00,搭乘交通工具支出,金錢,高雄市小港區****,,
197,陳其邁,107年直轄市市長選舉,首次申報,1071118,交通旅運支出,橋亞通運有限公司,14065849,0.00,15000.00,搭乘交通工具支出,金錢,高雄市橋頭區****,,
198,陳其邁,107年直轄市市長選舉,首次申報,1071118,集會支出,大順桌椅行,14462973,0.00,303700.00,租用設備支出,金錢,高雄市大寮區****,,
199,陳其邁,107年直轄市市長選舉,首次申報,1071118,交通旅運支出,大千通運有限公司,27699042,0.00,45000.00,搭乘交通工具支出,金錢,高雄市小港區****,,
200,陳其邁,107年直轄市市長選舉,首次申報,1071118,交通旅運支出,南台灣汽車客運股份有限公司,28609619,0.00,22050.00,搭乘交通工具支出,金錢,高雄市仁武區****,,
201,陳其邁,107年直轄市市長選舉,首次申報,1071118,宣傳支出,創兆整合行銷有限公司,29010219,0.00,374344.00,製作宣傳廣告支出,金錢,高雄市三民區****,,
202,陳其邁,107年直轄市市長選舉,首次申報,1071118,集會支出,𡘙師傅企業股份有限公司路竹分公司,53582862,0.00,10500.00,餐飲支出,金錢,高雄市路竹區****,,
203,陳其邁,107年直轄市市長選舉,首次申報,1071118,交通旅運支出,港都汽車客運股份有限公司,54207176,0.00,94500.00,搭乘交通工具支出,金錢,高雄市楠梓區****,,
204,陳其邁,107年直轄市市長選舉,首次申報,1071118,交通旅運支出,禾橙租賃有限公司,54782987,0.00,80000.00,搭乘交通工具支出,金錢,屏東縣屏東市****,,
205,陳其邁,107年直轄市市長選舉,首次申報,1071118,交通旅運支出,大富豪通運有限公司,64834871,0.00,169000.00,搭乘交通工具支出,金錢,高雄市三民區****,,
206,陳其邁,107年直轄市市長選舉,首次申報,1071118,集會支出,褔運清潔廢棄物處理,69803665,0.00,70000.00,清潔整理支出,金錢,高雄市鳳山區****,,
207,陳其邁,107年直轄市市長選舉,首次申報,1071118,雜支支出,新光產物保險股份有限公司高雄分公司,79483901,0.00,21000.00,公共意外責任險,金錢,高雄市新興區****,,
208,陳其邁,107年直轄市市長選舉,首次申報,1071118,集會支出,𡘙師傅企業股份有限公司,79978782,0.00,36400.00,餐飲支出,金錢,高雄市鳳山區****,,
209,陳其邁,107年直轄市市長選舉,首次申報,1071118,交通旅運支出,天佑遊覽車客運有限公司,83408166,0.00,160000.00,搭乘交通工具支出,金錢,臺南市永康區****,,
210,陳其邁,107年直轄市市長選舉,首次申報,1071118,交通旅運支出,南欣遊覽車客運股份有限公司,83418283,0.00,352000.00,搭乘交通工具支出,金錢,高雄市左營區****,,
211,陳其邁,107年直轄市市長選舉,首次申報,1071118,交通旅運支出,高雄汽車客運股份有限公司,85248708,0.00,84000.00,搭乘交通工具支出,金錢,高雄市鳳山區****,,
212,陳其邁,107年直轄市市長選舉,首次申報,1071118,交通旅運支出,九鳳通運股份有限公司,89305624,0.00,33600.00,搭乘交通工具支出,金錢,高雄市鳳山區****,,
213,陳其邁,107年直轄市市長選舉,首次申報,1071118,交通旅運支出,楓滿遊覽汽車有限公司,97007606,0.00,32000.00,搭乘交通工具支出,金錢,高雄市三民區****,,
214,陳其邁,107年直轄市市長選舉,首次申報,1071118,集會支出,競選總部,E12*******,0.00,50000.00,礦泉水,非金錢,高雄市左營區****,,
215,陳其邁,107年直轄市市長選舉,首次申報,1071118,集會支出,競選總部,E12*******,0.00,100000.00,礦泉水,非金錢,高雄市左營區****,,
216,陳其邁,107年直轄市市長選舉,首次申報,1071118,集會支出,競選總部,E12*******,0.00,100000.00,礦泉水,非金錢,高雄市左營區****,,
217,陳其邁,107年直轄市市長選舉,首次申報,1071119,宣傳支出,志宏文具企業行,07869552,0.00,80000.00,製作競選物品支出（物品名稱-請填寫）頭巾,金錢,高雄市大寮區****,,
218,陳其邁,107年直轄市市長選舉,首次申報,1071119,租用宣傳車輛支出,永康通運有限公司,16456820,0.00,64000.00,租用宣傳車輛支出,金錢,高雄市苓雅區****,,
219,陳其邁,107年直轄市市長選舉,首次申報,1071119,租用宣傳車輛支出,永康通運有限公司,16456820,0.00,40000.00,租用宣傳車輛支出,金錢,高雄市苓雅區****,,
220,陳其邁,107年直轄市市長選舉,首次申報,1071119,返還支出,天籟投資股份有限公司,16464949,0.00,200000.00,返還,金錢,高雄市左營區****,,
221,陳其邁,107年直轄市市長選舉,首次申報,1071119,返還支出,天剛投資股份有限公司,16740396,0.00,200000.00,返還,金錢,高雄市左營區****,,
222,陳其邁,107年直轄市市長選舉,首次申報,1071119,宣傳支出,李明遂工作室,26428417,0.00,123900.00,委託辦理研究、評估、調查、設計或規劃支出,金錢,台南市中西區****,,
223,陳其邁,107年直轄市市長選舉,首次申報,1071119,集會支出,易合屋有限公司,45881423,0.00,42000.00,清潔整理支出,金錢,彰化縣彰化市****,,
224,陳其邁,107年直轄市市長選舉,首次申報,1071119,返還支出,克題市場研究有限公司,54659656,0.00,20000.00,返還,金錢,高雄市三民區****,,
225,陳其邁,107年直轄市市長選舉,首次申報,1071119,交通旅運支出,天佑遊覽車客運有限公司,83408166,0.00,64000.00,搭乘交通工具支出,金錢,臺南市永康區****,,
226,陳其邁,107年直轄市市長選舉,首次申報,1071120,返還支出,楊明珠,,0.00,10000.00,返還,金錢,高雄市大樹區****,,
227,陳其邁,107年直轄市市長選舉,首次申報,1071120,返還支出,葉芷雲,,0.00,10000.00,返還,金錢,高雄市林園區****,,
228,陳其邁,107年直轄市市長選舉,首次申報,1071120,返還支出,韋奕工業股份有限公司,22685651,0.00,50000.00,返還,金錢,高雄市路竹區****,,
229,陳其邁,107年直轄市市長選舉,首次申報,1071120,交通旅運支出,統聯汽車客運股份有限公司,23471299,0.00,24000.00,搭乘交通工具支出,金錢,新北市三重區****,,
230,陳其邁,107年直轄市市長選舉,首次申報,1071120,宣傳支出,新民意數據有限公司,59227046,0.00,300000.00,委託辦理研究、評估、調查、設計或規劃支出,金錢,高雄市新興區****,,
231,陳其邁,107年直轄市市長選舉,首次申報,1071120,集會支出,心一企業股份有限公司,89494723,0.00,326950.00,餐飲支出,金錢,高雄市仁武區****,,
232,陳其邁,107年直轄市市長選舉,首次申報,1071120,人事費用支出,湯隆信,E10*******,0.00,30000.00,工資或薪津,金錢,高雄縣橋頭鄉****,,
233,陳其邁,107年直轄市市長選舉,首次申報,1071121,返還支出,寶璟百貨有限公司,16826464,0.00,85000.00,返還,非金錢,高雄市三民區****,,
234,陳其邁,107年直轄市市長選舉,首次申報,1071121,集會支出,方師傅食品有限公司,27699351,0.00,68000.00,餐飲支出,金錢,高雄市前鎮區****,,
235,陳其邁,107年直轄市市長選舉,首次申報,1071121,宣傳支出,自由時報企業股份有限公司,52570683,0.00,378000.00,播送、傳送或刊登宣傳廣告支出,金錢,高雄市博愛一****,,
236,陳其邁,107年直轄市市長選舉,首次申報,1071121,宣傳支出,準提廣告有限公司,53242549,0.00,140000.00,播送、傳送或刊登宣傳廣告支出,金錢,高雄市三民區****,,
237,陳其邁,107年直轄市市長選舉,首次申報,1071122,宣傳支出,中國時報文化事業股份有限公司,03798509,0.00,100800.00,播送、傳送或刊登宣傳廣告支出,金錢,臺北市萬華區****,,
238,陳其邁,107年直轄市市長選舉,首次申報,1071122,宣傳支出,自由時報企業股份有限公司,52570683,0.00,357000.00,播送、傳送或刊登宣傳廣告支出,金錢,高雄市博愛一****,,
239,陳其邁,107年直轄市市長選舉,首次申報,1071122,宣傳支出,切音樂電影有限公司,54013946,0.00,126000.00,製作宣傳廣告支出,金錢,新北市永和區****,,
240,陳其邁,107年直轄市市長選舉,首次申報,1071122,宣傳支出,香港商蘋果日報出版發展有限公司台灣分公司,80335648,0.00,134400.00,播送、傳送或刊登宣傳廣告支出,金錢,臺北市內湖區****,,
241,陳其邁,107年直轄市市長選舉,首次申報,1071122,集會支出,心一企業股份有限公司,89494723,0.00,735020.00,餐飲支出,金錢,高雄市仁武區****,,
242,陳其邁,107年直轄市市長選舉,首次申報,1071122,宣傳支出,民間全民電視股份有限公司,96975768,0.00,2600000.00,播送、傳送或刊登宣傳廣告支出,金錢,新北市林口區****,,
243,陳其邁,107年直轄市市長選舉,首次申報,1071122,集會支出,高雄驛站餐廳,98716535,0.00,30000.00,餐飲支出,金錢,高雄市三民區****,,
244,陳其邁,107年直轄市市長選舉,首次申報,1071122,人事費用支出,孫進發,E10*******,0.00,20000.00,工資或薪津,金錢,高雄市左營區****,,
245,陳其邁,107年直轄市市長選舉,首次申報,1071122,人事費用支出,洪雲鏡,E10*******,0.00,20000.00,工資或薪津,金錢,高雄市三民區****,,
246,陳其邁,107年直轄市市長選舉,首次申報,1071122,人事費用支出,謝發貴,E10*******,0.00,20000.00,工資或薪津,金錢,高雄市三民區****,,
247,陳其邁,107年直轄市市長選舉,首次申報,1071122,人事費用支出,黃仁威,E12*******,0.00,20000.00,工資或薪津,金錢,高雄市三民區****,,
248,陳其邁,107年直轄市市長選舉,首次申報,1071122,人事費用支出,余振運,E12*******,0.00,20000.00,工資或薪津,金錢,高雄市左營區****,,
249,陳其邁,107年直轄市市長選舉,首次申報,1071122,人事費用支出,余振昌,E12*******,0.00,20000.00,工資或薪津,金錢,高雄市左營區****,,
250,陳其邁,107年直轄市市長選舉,首次申報,1071122,人事費用支出,張瓊霞,E22*******,0.00,20000.00,工資或薪津,金錢,高雄市鳥松區****,,
251,陳其邁,107年直轄市市長選舉,首次申報,1071122,人事費用支出,黃春長,S10*******,0.00,20000.00,工資或薪津,金錢,高雄縣橋頭鄉****,,
252,陳其邁,107年直轄市市長選舉,首次申報,1071122,人事費用支出,張明得,T12*******,0.00,20000.00,工資或薪津,金錢,高雄市左營區****,,
253,陳其邁,107年直轄市市長選舉,首次申報,1071123,集會支出,大順桌椅行,14462973,0.00,518350.00,租用設備支出,金錢,高雄市大寮區****,,
254,陳其邁,107年直轄市市長選舉,首次申報,1071123,租用宣傳車輛支出,永康通運有限公司,16456820,0.00,37800.00,租用宣傳車輛支出,金錢,高雄市苓雅區****,,
255,陳其邁,107年直轄市市長選舉,首次申報,1071123,宣傳支出,飛豪傳播有限公司,23345110,0.00,240000.00,播送、傳送或刊登宣傳廣告支出,金錢,高雄市前鎮區****,,
256,陳其邁,107年直轄市市長選舉,首次申報,1071123,宣傳支出,灣興實業有限公司,24510073,0.00,2020968.00,製作宣傳廣告支出,金錢,高雄市三民區****,,
257,陳其邁,107年直轄市市長選舉,首次申報,1071123,集會支出,宇陽硬體有限公司,25173160,0.00,805455.00,租用設備支出,金錢,高雄市岡山區****,,
258,陳其邁,107年直轄市市長選舉,首次申報,1071123,宣傳支出,黑土集社文化創意有限公司,54830849,0.00,150000.00,製作宣傳廣告支出,金錢,高雄市左營重****,,
259,陳其邁,107年直轄市市長選舉,首次申報,1071123,交通旅運支出,大富豪通運有限公司,64834871,0.00,100000.00,搭乘交通工具支出,金錢,高雄市三民區****,,
260,陳其邁,107年直轄市市長選舉,首次申報,1071123,集會支出,聯達廣告企業社,67709828,0.00,864150.00,租用設備支出,金錢,高雄市鳳山區****,,
261,陳其邁,107年直轄市市長選舉,首次申報,1071123,集會支出,褔運清潔廢棄物處理,69803665,0.00,150000.00,清潔整理支出,金錢,高雄市鳳山區****,,
262,陳其邁,107年直轄市市長選舉,首次申報,1071123,集會支出,旺施企業有限公司,70414165,0.00,410025.00,租用設備支出,金錢,高雄市新興區****,,
263,陳其邁,107年直轄市市長選舉,首次申報,1071123,交通旅運支出,大眾遊覽汽車股份有限公司,75044705,0.00,16000.00,搭乘交通工具支出,金錢,高雄市三民區****,,
264,陳其邁,107年直轄市市長選舉,首次申報,1071123,雜支支出,新光產物保險股份有限公司高雄分公司,79483901,0.00,33800.00,公共意外責任險,金錢,高雄市新興區****,,
265,陳其邁,107年直轄市市長選舉,首次申報,1071123,宣傳支出,香港商蘋果日報出版發展有限公司台灣分公司,80335648,0.00,134400.00,播送、傳送或刊登宣傳廣告支出,金錢,臺北市內湖區****,,
266,陳其邁,107年直轄市市長選舉,首次申報,1071123,集會支出,晟人億國際股份有限公司高雄客家園區營業處,81121692,0.00,40000.00,餐飲支出,金錢,高雄市三民區****,,
267,陳其邁,107年直轄市市長選舉,首次申報,1071123,交通旅運支出,潮州交通股份有限公司,91841615,0.00,110000.00,搭乘交通工具支出,金錢,屏東縣潮州鎮****,,
268,陳其邁,107年直轄市市長選舉,首次申報,1071123,交通旅運支出,春天通運有限公司,97146706,0.00,12600.00,搭乘交通工具支出,金錢,高雄市三民區****,,
269,陳其邁,107年直轄市市長選舉,首次申報,1071123,人事費用支出,余振國,E12*******,0.00,20000.00,工資或薪津,金錢,高雄市左營區****,,
270,陳其邁,107年直轄市市長選舉,首次申報,1071123,集會支出,競選總部,E12*******,0.00,50000.00,礦泉水,非金錢,高雄市左營區****,,
271,陳其邁,107年直轄市市長選舉,首次申報,1071123,集會支出,競選總部,E12*******,0.00,50000.00,礦泉水,非金錢,高雄市左營區****,,
272,陳其邁,107年直轄市市長選舉,首次申報,1071123,集會支出,競選總部,E12*******,0.00,78000.00,飲料,非金錢,高雄市左營區****,,
273,陳其邁,107年直轄市市長選舉,首次申報,1071123,集會支出,競選總部,E12*******,0.00,300000.00,礦泉水,非金錢,高雄市左營區****,,
274,陳其邁,107年直轄市市長選舉,首次申報,1071123,人事費用支出,童江揮,T12*******,0.00,77000.00,工資或薪津,金錢,屏東縣佳冬鄉****,,
275,陳其邁,107年直轄市市長選舉,首次申報,1071124,宣傳支出,飛豪傳播有限公司,23345110,0.00,80000.00,播送、傳送或刊登宣傳廣告支出,金錢,高雄市前鎮區****,,
276,陳其邁,107年直轄市市長選舉,首次申報,1071124,集會支出,聯達廣告企業社,67709828,0.00,120000.00,租用設備支出,金錢,高雄市鳳山區****,,
277,陳其邁,107年直轄市市長選舉,首次申報,1071124,集會支出,旺施企業有限公司,70414165,0.00,192150.00,租用設備支出,金錢,高雄市新興區****,,
278,陳其邁,107年直轄市市長選舉,首次申報,1071124,雜支支出,新光產物保險股份有限公司高雄分公司,79483901,0.00,3800.00,公共意外責任險,金錢,高雄市新興區****,,
279,陳其邁,107年直轄市市長選舉,首次申報,1071124,交通旅運支出,南欣遊覽車客運股份有限公司,83418283,0.00,37500.00,搭乘交通工具支出,金錢,高雄市左營區****,,
280,陳其邁,107年直轄市市長選舉,首次申報,1071125,集會支出,聯達廣告企業社,67709828,0.00,89250.00,租用設備支出,金錢,高雄市鳳山區****,,
281,陳其邁,107年直轄市市長選舉,首次申報,1071126,集會支出,宇陽硬體有限公司,25173160,0.00,110250.00,租用設備支出,金錢,高雄市岡山區****,,
282,陳其邁,107年直轄市市長選舉,首次申報,1071127,集會支出,宇陽硬體有限公司,25173160,0.00,383625.00,租用設備支出,金錢,高雄市岡山區****,,
283,陳其邁,107年直轄市市長選舉,首次申報,1071127,集會支出,易合屋有限公司,45881423,0.00,70000.00,清潔整理支出,金錢,彰化縣彰化市****,,
284,陳其邁,107年直轄市市長選舉,首次申報,1071128,宣傳支出,三立電視股份有限公司,23740512,0.00,3000000.00,委託辦理研究、評估、調查、設計或規劃支出,金錢,臺北市內湖區****,,
285,陳其邁,107年直轄市市長選舉,首次申報,1071128,租用宣傳車輛支出,義大汽車客運股份有限公司,53047378,0.00,16000.00,租用宣傳車輛支出,金錢,高雄市大樹區****,,
286,陳其邁,107年直轄市市長選舉,首次申報,1071128,人事費用支出,賴世同,F12*******,0.00,71000.00,工資或薪津,金錢,台北縣金山鄉****,,
287,陳其邁,107年直轄市市長選舉,首次申報,1071128,人事費用支出,曾明生,S10*******,0.00,80000.00,工資或薪津,金錢,高雄市岡山區****,,
288,陳其邁,107年直轄市市長選舉,首次申報,1071128,人事費用支出,謝國展,S12*******,0.00,90000.00,工資或薪津,金錢,高雄縣路竹鄉****,,
289,陳其邁,107年直轄市市長選舉,首次申報,1071128,人事費用支出,余綵晏,S22*******,0.00,60000.00,工資或薪津,金錢,高雄市永安鄉****,,
290,陳其邁,107年直轄市市長選舉,首次申報,1071128,人事費用支出,謝文生,Y12*******,0.00,252000.00,工資或薪津,金錢,台北市北投區****,,
291,陳其邁,107年直轄市市長選舉,首次申報,1071129,集會支出,釉彩有限公司,24658188,0.00,285658.00,租用場地支出,金錢,高雄市岡山區****,,
292,陳其邁,107年直轄市市長選舉,首次申報,1071129,集會支出,八卦漁村餐廳,26023513,0.00,72325.00,餐飲支出,金錢,高雄市鼓山區****,,
293,陳其邁,107年直轄市市長選舉,首次申報,1071129,人事費用支出,宋俊榮,E10*******,0.00,420000.00,工資或薪津,金錢,高雄市左營區****,,
294,陳其邁,107年直轄市市長選舉,首次申報,1071130,雜支支出,勞動部勞工保險局,,0.00,23188.00,勞保費,金錢,台北市中正區****,,
295,陳其邁,107年直轄市市長選舉,首次申報,1071130,宣傳支出,聯合報股份有限公司,03799802,0.00,693000.00,播送、傳送或刊登宣傳廣告支出,金錢,新北市汐止區****,,
296,陳其邁,107年直轄市市長選舉,首次申報,1071130,人事費用支出,洪爾佑,A12*******,0.00,90000.00,工資或薪津,金錢,高雄市新興區****,,
297,陳其邁,107年直轄市市長選舉,首次申報,1071130,人事費用支出,陳彩雲,A20*******,0.00,5000.00,工資或薪津,金錢,高雄市鹽埕區****,,
298,陳其邁,107年直轄市市長選舉,首次申報,1071130,人事費用支出,王姿懿,A22*******,0.00,34800.00,工資或薪津,金錢,花蓮縣花蓮市****,,
299,陳其邁,107年直轄市市長選舉,首次申報,1071130,人事費用支出,林詩芊,B22*******,0.00,1280.00,工資或薪津,金錢,高雄市左營區****,,
300,陳其邁,107年直轄市市長選舉,首次申報,1071130,人事費用支出,楊曜徽,D12*******,0.00,38200.00,工資或薪津,金錢,台南市東區崇****,,
301,陳其邁,107年直轄市市長選舉,首次申報,1071130,人事費用支出,蘇媖媖,D22*******,0.00,8000.00,工資或薪津,金錢,高雄市鹽埕區****,,
302,陳其邁,107年直轄市市長選舉,首次申報,1071130,人事費用支出,沈三雄,E10*******,0.00,10000.00,工資或薪津,金錢,高雄市鹽埕區****,,
303,陳其邁,107年直轄市市長選舉,首次申報,1071130,人事費用支出,楊宗穎,E10*******,0.00,20000.00,工資或薪津,金錢,高雄市鹽埕區****,,
304,陳其邁,107年直轄市市長選舉,首次申報,1071130,人事費用支出,陳連登,E12*******,0.00,30000.00,工資或薪津,金錢,高雄市前鎮區****,,
305,陳其邁,107年直轄市市長選舉,首次申報,1071130,人事費用支出,莊佳穎,E12*******,0.00,15000.00,工資或薪津,金錢,高雄市新興區****,,
306,陳其邁,107年直轄市市長選舉,首次申報,1071130,人事費用支出,楊孟翰,E12*******,0.00,6000.00,工資或薪津,金錢,高雄市鼓山區****,,
307,陳其邁,107年直轄市市長選舉,首次申報,1071130,人事費用支出,黃資溢,E12*******,0.00,1280.00,工資或薪津,金錢,高雄市三民區****,,
308,陳其邁,107年直轄市市長選舉,首次申報,1071130,人事費用支出,蔡文強,E12*******,0.00,3000.00,工資或薪津,金錢,高雄市鹽埕區****,,
309,陳其邁,107年直轄市市長選舉,首次申報,1071130,人事費用支出,張耀中,E12*******,0.00,30000.00,工資或薪津,金錢,高雄市三民區****,,
310,陳其邁,107年直轄市市長選舉,首次申報,1071130,人事費用支出,劉彥賢,E12*******,0.00,37000.00,工資或薪津,金錢,高雄市前鎮區****,,
311,陳其邁,107年直轄市市長選舉,首次申報,1071130,人事費用支出,鄭明哲,E12*******,0.00,62160.00,工資或薪津,金錢,高雄市鼓山區****,,
312,陳其邁,107年直轄市市長選舉,首次申報,1071130,人事費用支出,林楷軒,E12*******,0.00,86000.00,工資或薪津,金錢,高雄市左營區****,,
313,陳其邁,107年直轄市市長選舉,首次申報,1071130,人事費用支出,林哲弘,E12*******,0.00,120000.00,工資或薪津,金錢,高雄市鹽埕區****,,
314,陳其邁,107年直轄市市長選舉,首次申報,1071130,人事費用支出,羅國應,E12*******,0.00,210000.00,工資或薪津,金錢,高雄市鳳山區****,,
315,陳其邁,107年直轄市市長選舉,首次申報,1071130,人事費用支出,陳彰宏,E12*******,0.00,420000.00,工資或薪津,金錢,高雄市三民區****,,
316,陳其邁,107年直轄市市長選舉,首次申報,1071130,人事費用支出,陳子瑜,E12*******,0.00,480000.00,工資或薪津,金錢,高雄市左營區****,,
317,陳其邁,107年直轄市市長選舉,首次申報,1071130,人事費用支出,許鶴龍,E12*******,0.00,456000.00,工資或薪津,金錢,高雄市鳳山區****,,
318,陳其邁,107年直轄市市長選舉,首次申報,1071130,人事費用支出,陳麗華,E20*******,0.00,1280.00,工資或薪津,金錢,高雄市前鎮區****,,
319,陳其邁,107年直轄市市長選舉,首次申報,1071130,人事費用支出,魏雅俐,E20*******,0.00,1280.00,工資或薪津,金錢,高雄市三民區****,,
320,陳其邁,107年直轄市市長選舉,首次申報,1071130,人事費用支出,侯花儼,E20*******,0.00,1200.00,工資或薪津,金錢,高雄市三民區****,,
321,陳其邁,107年直轄市市長選舉,首次申報,1071130,人事費用支出,方陳秀美,E22*******,0.00,1280.00,工資或薪津,金錢,高雄市鳳山區****,,
322,陳其邁,107年直轄市市長選舉,首次申報,1071130,人事費用支出,莊雪麗,E22*******,0.00,10000.00,工資或薪津,金錢,高雄市鹽埕區****,,
323,陳其邁,107年直轄市市長選舉,首次申報,1071130,人事費用支出,鄭心瑜,E22*******,0.00,62160.00,工資或薪津,金錢,高雄市仁武區****,,
324,陳其邁,107年直轄市市長選舉,首次申報,1071130,人事費用支出,徐慧倫,E22*******,0.00,473000.00,工資或薪津,金錢,高雄市苓雅區****,,
325,陳其邁,107年直轄市市長選舉,首次申報,1071130,人事費用支出,張秀美,F20*******,0.00,1280.00,工資或薪津,金錢,高雄市重立路****,,
326,陳其邁,107年直轄市市長選舉,首次申報,1071130,人事費用支出,張雅琪,F22*******,0.00,62160.00,工資或薪津,金錢,高雄市三民區****,,
327,陳其邁,107年直轄市市長選舉,首次申報,1071130,人事費用支出,張以里,I10*******,0.00,320000.00,工資或薪津,金錢,高雄市三民區****,,
328,陳其邁,107年直轄市市長選舉,首次申報,1071130,人事費用支出,林志錫,L10*******,0.00,35000.00,工資或薪津,金錢,高雄市岡山區****,,
329,陳其邁,107年直轄市市長選舉,首次申報,1071130,人事費用支出,卓裕森,L12*******,0.00,360000.00,工資或薪津,金錢,高雄市苓雅區****,,
330,陳其邁,107年直轄市市長選舉,首次申報,1071130,人事費用支出,高輔成,P12*******,0.00,80000.00,工資或薪津,金錢,新北市新莊區****,,
331,陳其邁,107年直轄市市長選舉,首次申報,1071130,人事費用支出,許嘉紋,P22*******,0.00,240000.00,工資或薪津,金錢,高雄市永安路****,,
332,陳其邁,107年直轄市市長選舉,首次申報,1071130,人事費用支出,蔡玉芬,P22*******,0.00,1280.00,工資或薪津,金錢,高雄市苓雅區****,,
333,陳其邁,107年直轄市市長選舉,首次申報,1071130,人事費用支出,蕭宏蒼,Q10*******,0.00,5000.00,工資或薪津,金錢,高雄市鹽埕區****,,
334,陳其邁,107年直轄市市長選舉,首次申報,1071130,人事費用支出,蔡振南,Q10*******,0.00,262500.00,工資或薪津,金錢,新北市中和區****,,
335,陳其邁,107年直轄市市長選舉,首次申報,1071130,人事費用支出,陳王寶珠,Q20*******,0.00,1280.00,工資或薪津,金錢,高雄市鼓山區****,,
336,陳其邁,107年直轄市市長選舉,首次申報,1071130,人事費用支出,葉清玉,Q22*******,0.00,1280.00,工資或薪津,金錢,高雄市左營區****,,
337,陳其邁,107年直轄市市長選舉,首次申報,1071130,人事費用支出,葉宏信,R12*******,0.00,240000.00,工資或薪津,金錢,高雄市茄萣區****,,
338,陳其邁,107年直轄市市長選舉,首次申報,1071130,人事費用支出,韓惠美,R20*******,0.00,20000.00,工資或薪津,金錢,高雄市鹽埕區****,,
339,陳其邁,107年直轄市市長選舉,首次申報,1071130,人事費用支出,李如月,R22*******,0.00,360000.00,工資或薪津,金錢,高雄市旗津區****,,
340,陳其邁,107年直轄市市長選舉,首次申報,1071130,人事費用支出,蘇進義,S10*******,0.00,3500.00,工資或薪津,金錢,高雄市鹽埕區****,,
341,陳其邁,107年直轄市市長選舉,首次申報,1071130,人事費用支出,劉興基,S10*******,0.00,1280.00,工資或薪津,金錢,高雄市前鎮區****,,
342,陳其邁,107年直轄市市長選舉,首次申報,1071130,人事費用支出,楊保源,S10*******,0.00,240000.00,工資或薪津,金錢,高雄市旗山區****,,
343,陳其邁,107年直轄市市長選舉,首次申報,1071130,人事費用支出,鄭顯達,S10*******,0.00,120000.00,工資或薪津,金錢,高雄市茄萣區****,,
344,陳其邁,107年直轄市市長選舉,首次申報,1071130,人事費用支出,李清義,S12*******,0.00,240000.00,工資或薪津,金錢,高雄市甲仙區****,,
345,陳其邁,107年直轄市市長選舉,首次申報,1071130,人事費用支出,黃中楨,S12*******,0.00,220000.00,工資或薪津,金錢,高雄市旗山區****,,
346,陳其邁,107年直轄市市長選舉,首次申報,1071130,人事費用支出,曹仰文,S12*******,0.00,30000.00,工資或薪津,金錢,高雄市前鎮區****,,
347,陳其邁,107年直轄市市長選舉,首次申報,1071130,人事費用支出,陳振盛,S12*******,0.00,40700.00,工資或薪津,金錢,高雄市杉林區****,,
348,陳其邁,107年直轄市市長選舉,首次申報,1071130,人事費用支出,高偉勝,S12*******,0.00,42000.00,工資或薪津,金錢,高雄市彌陀區****,,
349,陳其邁,107年直轄市市長選舉,首次申報,1071130,人事費用支出,呂添吉,S12*******,0.00,62000.00,工資或薪津,金錢,高雄縣旗山鎮****,,
350,陳其邁,107年直轄市市長選舉,首次申報,1071130,人事費用支出,林韋譯,S12*******,0.00,70000.00,工資或薪津,金錢,高雄市三民區****,,
351,陳其邁,107年直轄市市長選舉,首次申報,1071130,人事費用支出,陳文榮,S12*******,0.00,360000.00,工資或薪津,金錢,高雄縣美濃鎮****,,
352,陳其邁,107年直轄市市長選舉,首次申報,1071130,人事費用支出,莊永耀,S12*******,0.00,456000.00,工資或薪津,金錢,高雄市苓雅區****,,
353,陳其邁,107年直轄市市長選舉,首次申報,1071130,人事費用支出,邱孟羗,S20*******,0.00,240000.00,工資或薪津,金錢,高雄縣六龜鄉****,,
354,陳其邁,107年直轄市市長選舉,首次申報,1071130,人事費用支出,邱子芸,S22*******,0.00,90000.00,工資或薪津,金錢,高雄市美濃區****,,
355,陳其邁,107年直轄市市長選舉,首次申報,1071130,人事費用支出,曾雯靖,S22*******,0.00,5000.00,工資或薪津,金錢,高雄市鹽埕區****,,
356,陳其邁,107年直轄市市長選舉,首次申報,1071130,人事費用支出,王俞勻,S22*******,0.00,30000.00,工資或薪津,金錢,高雄市路竹區****,,
357,陳其邁,107年直轄市市長選舉,首次申報,1071130,人事費用支出,陳鳳嬌,S22*******,0.00,528000.00,工資或薪津,金錢,高雄市三民區****,,
358,陳其邁,107年直轄市市長選舉,首次申報,1071130,人事費用支出,陳文人,T10*******,0.00,120000.00,工資或薪津,金錢,高雄市前鎮區****,,
359,陳其邁,107年直轄市市長選舉,首次申報,1071130,人事費用支出,鍾煒芸,T22*******,0.00,1280.00,工資或薪津,金錢,屏東縣內埔鄉****,,
360,陳其邁,107年直轄市市長選舉,首次申報,1071130,人事費用支出,邱孟婕,T22*******,0.00,1280.00,工資或薪津,金錢,高雄市前金區****,,
361,陳其邁,107年直轄市市長選舉,首次申報,1071130,人事費用支出,盧淑如,T22*******,0.00,62160.00,工資或薪津,金錢,高雄市鳳山區****,,
362,陳其邁,107年直轄市市長選舉,首次申報,1071130,人事費用支出,林秀玲,U22*******,0.00,1280.00,工資或薪津,金錢,高雄市苓雅區****,,
363,陳其邁,107年直轄市市長選舉,首次申報,1071130,人事費用支出,陳芳,X22*******,0.00,1280.00,工資或薪津,金錢,高雄市新興區****,,
364,陳其邁,107年直轄市市長選舉,首次申報,1071201,宣傳支出,宸瀚行銷有限公司,50797729,0.00,1850000.00,製作宣傳廣告支出,金錢,臺北市松山區****,,
365,陳其邁,107年直轄市市長選舉,首次申報,1071202,宣傳支出,宸瀚行銷有限公司,50797729,0.00,200000.00,製作宣傳廣告支出,金錢,臺北市松山區****,,
366,陳其邁,107年直轄市市長選舉,首次申報,1071203,宣傳支出,宸瀚行銷有限公司,50797729,0.00,300000.00,製作宣傳廣告支出,金錢,臺北市松山區****,,
367,陳其邁,107年直轄市市長選舉,首次申報,1071203,雜支支出,台灣電力股份有限公司高雄區營業處,79634302,0.00,38950.00,水電瓦斯費用,金錢,高雄市鼓山區****,,
368,陳其邁,107年直轄市市長選舉,首次申報,1071203,集會支出,新耀整合行銷有限公司,80372495,0.00,100000.00,租用設備支出,金錢,高雄市三民區****,,
369,陳其邁,107年直轄市市長選舉,首次申報,1071204,宣傳支出,宸瀚行銷有限公司,50797729,0.00,735000.00,製作宣傳廣告支出,金錢,臺北市松山區****,,
370,陳其邁,107年直轄市市長選舉,首次申報,1071210,雜支支出,勤實佳聯合會計師事務所,08229416,0.00,100000.00,簽證費,金錢,高雄市左營區****,,
371,陳其邁,107年直轄市市長選舉,首次申報,1071213,宣傳支出,宸瀚行銷有限公司,50797729,0.00,360000.00,製作宣傳廣告支出,金錢,臺北市松山區****,,
372,陳其邁,107年直轄市市長選舉,首次申報,1080222,返還支出,高雄市佳鑫國際同濟會,,0.00,10000.00,返還,金錢,高雄市鳳山區****,07-7*****,
373,陳其邁,107年直轄市市長選舉,首次申報,1080222,返還支出,高雄市中山醫學大學校友會,,0.00,20000.00,返還,金錢,高雄市左營區****,07-3*****,
374,陳其邁,107年直轄市市長選舉,首次申報,1080222,返還支出,昱沛有限公司,59454415,0.00,3000.00,返還,金錢,,07-5*****,
