﻿序號,擬參選人／政黨,選舉名稱,申報序號／年度,交易日期,收支科目,捐贈者／支出對象,身分證／統一編號,收入金額,支出金額,支出用途,金錢類,地址,聯絡電話,資料更正日期
1,劉正昌,107年直轄市議員選舉,首次申報,1070905,個人捐贈收入,陳信志,R12*******,100000.00,0.00,,金錢,臺南市仁德區****,,
2,劉正昌,107年直轄市議員選舉,首次申報,1070905,個人捐贈收入,楊碧珍,R22*******,100000.00,0.00,,金錢,高雄市左營區****,,
3,劉正昌,107年直轄市議員選舉,首次申報,1070906,個人捐贈收入,歐三源,D12*******,100000.00,0.00,,金錢,臺南市中西區****,,
4,劉正昌,107年直轄市議員選舉,首次申報,1070906,個人捐贈收入,歐三雍,D12*******,100000.00,0.00,,金錢,臺南市中西區****,,
5,劉正昌,107年直轄市議員選舉,首次申報,1070908,個人捐贈收入,陳姿吟,R22*******,20000.00,0.00,,金錢,臺南市關廟區****,,
6,劉正昌,107年直轄市議員選舉,首次申報,1070919,個人捐贈收入,徐淑芳,H22*******,100000.00,0.00,,金錢,高雄市大社區****,,
7,劉正昌,107年直轄市議員選舉,首次申報,1070925,營利事業捐贈收入,晶彩典色彩企業有限公司,53076041,66000.00,0.00,,金錢,臺南市永康區****,,
8,劉正昌,107年直轄市議員選舉,首次申報,1070927,個人捐贈收入,劉紹卿,R10*******,100000.00,0.00,,金錢,臺南市仁德區****,,
9,劉正昌,107年直轄市議員選舉,首次申報,1070928,個人捐贈收入,盧進榮,R12*******,60000.00,0.00,,金錢,臺南市關廟區****,,
10,劉正昌,107年直轄市議員選舉,首次申報,1070930,個人捐贈收入,林竹治,R10*******,30000.00,0.00,,金錢,臺南市仁德區****,,
11,劉正昌,107年直轄市議員選舉,首次申報,1071001,個人捐贈收入,王楊淑英,R20*******,20000.00,0.00,,金錢,臺南市仁德區****,,
12,劉正昌,107年直轄市議員選舉,首次申報,1071002,營利事業捐贈收入,全憶鑫企業有限公司,80631346,360000.00,0.00,,金錢,臺南市仁德區****,,
13,劉正昌,107年直轄市議員選舉,首次申報,1071002,個人捐贈收入,劉勝勳,P12*******,2000.00,0.00,,金錢,臺南市東區仁****,,
14,劉正昌,107年直轄市議員選舉,首次申報,1071012,營利事業捐贈收入,弘益五金企業有限公司,53508907,60000.00,0.00,,金錢,臺南市關廟區****,,
15,劉正昌,107年直轄市議員選舉,首次申報,1071017,個人捐贈收入,林太陽,R10*******,100000.00,0.00,,金錢,臺南市歸仁區****,,
16,劉正昌,107年直轄市議員選舉,首次申報,1071017,個人捐贈收入,謝永富,R12*******,20000.00,0.00,,金錢,臺南市歸仁區****,,
17,劉正昌,107年直轄市議員選舉,首次申報,1071018,個人捐贈收入,蔡宗達,D12*******,36000.00,0.00,,金錢,臺南市歸仁區****,,
18,劉正昌,107年直轄市議員選舉,首次申報,1071018,個人捐贈收入,陳永森,N12*******,10000.00,0.00,,金錢,臺南市歸仁區****,,
19,劉正昌,107年直轄市議員選舉,首次申報,1071018,個人捐贈收入,林昭安,R12*******,5000.00,0.00,,金錢,臺南市仁德區****,,
20,劉正昌,107年直轄市議員選舉,首次申報,1071019,個人捐贈收入,錢瑞霖,T12*******,15000.00,0.00,,金錢,臺南市歸仁區****,,
21,劉正昌,107年直轄市議員選舉,首次申報,1071022,營利事業捐贈收入,京旭企業有限公司,54549954,10000.00,0.00,,金錢,臺南市歸仁區****,,
22,劉正昌,107年直轄市議員選舉,首次申報,1071027,營利事業捐贈收入,祥曉企業股份有限公司,22416050,60000.00,0.00,,金錢,臺南市仁德區****,,
23,劉正昌,107年直轄市議員選舉,首次申報,1071027,個人捐贈收入,方健行,R10*******,6000.00,0.00,,金錢,臺南市關廟區****,,
24,劉正昌,107年直轄市議員選舉,首次申報,1071029,個人捐贈收入,謝禮璋,R10*******,10000.00,0.00,,金錢,臺南市仁德區****,,
25,劉正昌,107年直轄市議員選舉,首次申報,1071031,營利事業捐贈收入,展慶企業社,09087941,26000.00,0.00,,金錢,臺南市歸仁區****,,
26,劉正昌,107年直轄市議員選舉,首次申報,1071031,營利事業捐贈收入,穩益實業股份有限公司,73651845,30000.00,0.00,,金錢,臺南市歸仁區****,,
27,劉正昌,107年直轄市議員選舉,首次申報,1071101,營利事業捐贈收入,潤優企業有限公司,22481930,20000.00,0.00,,金錢,臺南市佳里區****,,
28,劉正昌,107年直轄市議員選舉,首次申報,1071102,個人捐贈收入,楊明宗,R12*******,5000.00,0.00,,金錢,臺南市北區文****,,
29,劉正昌,107年直轄市議員選舉,首次申報,1071106,個人捐贈收入,李褔得,D12*******,50000.00,0.00,,金錢,高雄市湖內區****,,
30,劉正昌,107年直轄市議員選舉,首次申報,1071106,個人捐贈收入,朱政威,P12*******,50000.00,0.00,,金錢,臺南市永康區****,,
31,劉正昌,107年直轄市議員選舉,首次申報,1071107,營利事業捐贈收入,耀竣全有限公司,28811640,100000.00,0.00,,金錢,臺南市仁德區****,,
32,劉正昌,107年直轄市議員選舉,首次申報,1071110,營利事業捐贈收入,鋒汶股份有限公司,97052123,100000.00,0.00,,金錢,臺南市關廟區****,,
33,劉正昌,107年直轄市議員選舉,首次申報,1071112,個人捐贈收入,黃金蕊,R22*******,30000.00,0.00,,金錢,臺南市歸仁區****,,
34,劉正昌,107年直轄市議員選舉,首次申報,1071115,營利事業捐贈收入,偉倡營造有限公司,89818321,100000.00,0.00,,金錢,南投縣南投市****,,
35,劉正昌,107年直轄市議員選舉,首次申報,1071115,個人捐贈收入,林昭泰,R10*******,30000.00,0.00,,金錢,臺南市關廟區****,,
36,劉正昌,107年直轄市議員選舉,首次申報,1071119,個人捐贈收入,蔡四松,Q10*******,15000.00,0.00,,金錢,臺南市東區裕****,,
37,劉正昌,107年直轄市議員選舉,首次申報,1071221,其他收入,利息收入,,22.00,0.00,,金錢,,,
