﻿序號,擬參選人／政黨,選舉名稱,申報序號／年度,交易日期,收支科目,捐贈者／支出對象,身分證／統一編號,收入金額,支出金額,捐贈方式,存入專戶日期,返還/繳庫,支出用途,金錢類,地址,聯絡電話,應揭露之支出對象,支出對象之內部人員姓名,支出對象之內部人員職稱,政黨之內部人員姓名,政黨之內部人員職稱,關係,更正註記,資料更正日期
1,葉繼元,111年彰化縣花壇鄉鄉長選舉,首次申報,1110901,租用競選辦事處支出,黃茂棋,N12*******,0.00,75000.00,,,,租用競選辦事處費用,金錢,彰化縣花壇鄉****,0933*****,否,,,,,,,
2,葉繼元,111年彰化縣花壇鄉鄉長選舉,首次申報,1110908,租用競選辦事處支出,高登數位科技有限公司,16714643,0.00,16500.00,,,,安裝保全設備,金錢,彰化縣秀水鄉****,0476*****,否,,,,,,,
3,葉繼元,111年彰化縣花壇鄉鄉長選舉,首次申報,1110909,宣傳支出,巧晟企業社,77080044,0.00,4600.00,,,,邀請函,金錢,彰化縣彰化市****,0472*****,否,,,,,,,
4,葉繼元,111年彰化縣花壇鄉鄉長選舉,首次申報,1110910,集會支出,佳聖環保,,0.00,8000.00,,,,租用流動廁所,金錢,,0910*****,否,,,,,,,
5,葉繼元,111年彰化縣花壇鄉鄉長選舉,首次申報,1110925,集會支出,彰化縣花壇鄉社區發展協會,78628149,0.00,2000.00,,,,租用場地費用,金錢,彰化縣花壇鄉****,,否,,,,,,,
6,葉繼元,111年彰化縣花壇鄉鄉長選舉,首次申報,1110930,集會支出,國賓錄影照相文具店,59692325,0.00,6000.00,,,,花壇聯合總部現場錄影費,金錢,彰化縣埔鹽鄉****,,否,,,,,,,
7,葉繼元,111年彰化縣花壇鄉鄉長選舉,首次申報,1110930,集會支出,國賓錄影照相文具店,59692325,0.00,8000.00,,,,花壇聯合競選總部成立現場錄影製作費,金錢,彰化縣埔鹽鄉****,0486*****,否,,,,,,,
8,葉繼元,111年彰化縣花壇鄉鄉長選舉,首次申報,1111004,宣傳支出,全福報社,45236831,0.00,5000.00,,,,派報,金錢,彰化縣彰化市****,0472*****,否,,,,,,,
9,葉繼元,111年彰化縣花壇鄉鄉長選舉,首次申報,1111024,宣傳支出,藝高紙器行,,0.00,14000.00,,,,彩色大看板,金錢,彰化縣彰化市****,,否,,,,,,,
10,葉繼元,111年彰化縣花壇鄉鄉長選舉,首次申報,1111029,集會支出,木盛美食餐館,38762746,0.00,12600.00,,,,餐飲費用,金錢,彰化縣花壇鄉****,0478*****,否,,,,,,,
11,葉繼元,111年彰化縣花壇鄉鄉長選舉,首次申報,1111102,人事費用支出,黃慈山,N12*******,0.00,15000.00,,,,工資或薪津,金錢,彰化縣花壇鄉****,0906*****,否,,,,,,,
12,葉繼元,111年彰化縣花壇鄉鄉長選舉,首次申報,1111103,宣傳支出,望春風廣播股份有限公司,89688018,0.00,40000.00,,,,播放、傳送或刊登宣傳廣告費用,金錢,臺中市南區忠****,,否,,,,,,,
13,葉繼元,111年彰化縣花壇鄉鄉長選舉,首次申報,1111113,集會支出,黃憲達,N12*******,0.00,21000.00,,,,餐飲費用,金錢,彰化縣花壇鄉****,0988*****,否,,,,,,,
14,葉繼元,111年彰化縣花壇鄉鄉長選舉,首次申報,1111115,人事費用支出,黃慈山,N12*******,0.00,25000.00,,,,工資或薪津,金錢,彰化縣花壇鄉****,0906*****,否,,,,,,,
15,葉繼元,111年彰化縣花壇鄉鄉長選舉,首次申報,1111121,集會支出,許秉翃,,0.00,11300.00,,,,租用設備費用,金錢,彰化縣花壇鄉****,0935*****,否,,,,,,,
16,葉繼元,111年彰化縣花壇鄉鄉長選舉,首次申報,1111126,集會支出,競選總部,N12*******,0.00,30000.00,,,,其他與集會有關之費用,非金錢,彰化縣花壇鄉****,,否,,,,,,,
17,葉繼元,111年彰化縣花壇鄉鄉長選舉,首次申報,1111128,雜支支出,中華電信股份有限公司,,0.00,2334.00,,,,電信費用,金錢,彰化縣花壇鄉****,,否,,,,,,,
18,葉繼元,111年彰化縣花壇鄉鄉長選舉,首次申報,1111201,雜支支出,台灣自來水公司,,0.00,4287.00,,,,水電瓦斯費用,金錢,彰化縣花壇鄉****,0478*****,否,,,,,,,
19,葉繼元,111年彰化縣花壇鄉鄉長選舉,首次申報,1111201,人事費用支出,鄭安鈞,N12*******,0.00,3200.00,,,,工資或薪津,金錢,彰化縣和美鎮****,0966*****,否,,,,,,,
