﻿序號,擬參選人／政黨,選舉名稱,申報序號／年度,交易日期,收支科目,捐贈者／支出對象,身分證／統一編號,收入金額,支出金額,支出用途,金錢類,地址,聯絡電話,資料更正日期
1,曾信凱,107年直轄市議員選舉,首次申報,1070710,個人捐贈收入,曾春財,D12*******,28000.00,0.00,,非金錢,臺南市東區崇****,06-2*****,
2,曾信凱,107年直轄市議員選舉,首次申報,1070713,營利事業捐贈收入,龍旺服裝有限公司,28104836,6000.00,0.00,,金錢,,,
3,曾信凱,107年直轄市議員選舉,首次申報,1070715,營利事業捐贈收入,好帝一食品有限公司,69672278,500000.00,0.00,,金錢,臺南市新市區****,,
4,曾信凱,107年直轄市議員選舉,首次申報,1070715,個人捐贈收入,邱森源,D10*******,22500.00,0.00,,非金錢,臺南市東區東****,0986*****,
5,曾信凱,107年直轄市議員選舉,首次申報,1070720,個人捐贈收入,柯春溪,D10*******,37500.00,0.00,,非金錢,臺南市東區東****,0623*****,
6,曾信凱,107年直轄市議員選舉,首次申報,1070720,個人捐贈收入,杜漢平,D12*******,30000.00,0.00,,非金錢,臺南市東區中****,06-2*****,
7,曾信凱,107年直轄市議員選舉,首次申報,1070720,個人捐贈收入,鄭崇廷,Q12*******,45000.00,0.00,,非金錢,臺南市東區裕****,0910*****,
8,曾信凱,107年直轄市議員選舉,首次申報,1070720,個人捐贈收入,陳美鳳,R20*******,35000.00,0.00,,非金錢,臺南市東區富****,0629*****,
9,曾信凱,107年直轄市議員選舉,首次申報,1070723,個人捐贈收入,謝玉輝,R12*******,5000.00,0.00,,金錢,虎尾里東成街****,0987*****,
10,曾信凱,107年直轄市議員選舉,首次申報,1070725,個人捐贈收入,李清安,,10000.00,0.00,,金錢,臺南市安南區****,0978*****,
11,曾信凱,107年直轄市議員選舉,首次申報,1070813,個人捐贈收入,蔡月娥,,1000.00,0.00,,金錢,臺南市東區崇****,,
12,曾信凱,107年直轄市議員選舉,首次申報,1070813,個人捐贈收入,邱素月,,600.00,0.00,,金錢,臺南市東區文****,,
13,曾信凱,107年直轄市議員選舉,首次申報,1070813,個人捐贈收入,蔡茂榮,M10*******,1000.00,0.00,,金錢,臺南市東區崇****,,
14,曾信凱,107年直轄市議員選舉,首次申報,1070813,個人捐贈收入,陳奕睿,R12*******,20000.00,0.00,,金錢,臺南市新市區****,,
15,曾信凱,107年直轄市議員選舉,首次申報,1070822,個人捐贈收入,郭六郎,D10*******,100000.00,0.00,,金錢,臺南市東區仁****,0922*****,
16,曾信凱,107年直轄市議員選舉,首次申報,1070822,個人捐贈收入,郭森勇,D12*******,100000.00,0.00,,金錢,臺南市東區仁****,0932*****,
17,曾信凱,107年直轄市議員選舉,首次申報,1070822,個人捐贈收入,田繼宏,D12*******,30000.00,0.00,,金錢,臺南市東區崇****,0932*****,
18,曾信凱,107年直轄市議員選舉,首次申報,1070829,營利事業捐贈收入,煜林企業股份有限公司,73714948,100000.00,0.00,,金錢,鹽平街號****,06-2*****,
19,曾信凱,107年直轄市議員選舉,首次申報,1070829,個人捐贈收入,陳宛榛,R22*******,50000.00,0.00,,金錢,臺南市仁德區****,,
20,曾信凱,107年直轄市議員選舉,首次申報,1070831,營利事業捐贈收入,宏明工業股份有限公司,69398672,200000.00,0.00,,金錢,臺南市關廟區****,(06)*****,
21,曾信凱,107年直轄市議員選舉,首次申報,1070913,個人捐贈收入,王松津,,3000.00,0.00,,金錢,臺南市東區崇****,2892*****,
22,曾信凱,107年直轄市議員選舉,首次申報,1070913,個人捐贈收入,黃全永,R12*******,50000.00,0.00,,金錢,臺南市安平區****,0972*****,
23,曾信凱,107年直轄市議員選舉,首次申報,1070913,個人捐贈收入,李加仲,R12*******,50000.00,0.00,,金錢,臺南市安平區****,06-2*****,
24,曾信凱,107年直轄市議員選舉,首次申報,1070914,個人捐贈收入,蔡燕珠,,3000.00,0.00,,金錢,臺南市東區大****,0919*****,
25,曾信凱,107年直轄市議員選舉,首次申報,1070914,個人捐贈收入,張世賢,,20000.00,0.00,,金錢,臺南市東區崇****,0633*****,
26,曾信凱,107年直轄市議員選舉,首次申報,1070917,個人捐贈收入,洪雪綺,,10000.00,0.00,,金錢,臺南市永康區****,0920*****,
27,曾信凱,107年直轄市議員選舉,首次申報,1070918,個人捐贈收入,楊俊良,,5000.00,0.00,,金錢,臺南市東區裕****,0919*****,
28,曾信凱,107年直轄市議員選舉,首次申報,1070918,個人捐贈收入,黃禀翼,,10000.00,0.00,,金錢,臺南市南區大****,0927*****,
29,曾信凱,107年直轄市議員選舉,首次申報,1070918,個人捐贈收入,許永坤,D10*******,10000.00,0.00,,金錢,臺南市北區自****,0933*****,
30,曾信凱,107年直轄市議員選舉,首次申報,1070918,個人捐贈收入,蔡衛國,D12*******,100000.00,0.00,,金錢,臺南市東區東****,0935*****,
31,曾信凱,107年直轄市議員選舉,首次申報,1070920,個人捐贈收入,邱育榆,,3000.00,0.00,,金錢,臺南市東區文****,0628*****,
32,曾信凱,107年直轄市議員選舉,首次申報,1070920,個人捐贈收入,孫福田,,2000.00,0.00,,金錢,臺南市東區復****,0920*****,
33,曾信凱,107年直轄市議員選舉,首次申報,1070920,個人捐贈收入,洪幸雄,,1000.00,0.00,,金錢,臺南市東區泉****,0623*****,
34,曾信凱,107年直轄市議員選舉,首次申報,1070920,個人捐贈收入,梁常安,N10*******,20000.00,0.00,,金錢,臺南市東區富****,0925*****,
35,曾信凱,107年直轄市議員選舉,首次申報,1070920,個人捐贈收入,陳永川,S10*******,20000.00,0.00,,金錢,臺南市東區崇****,0928*****,
36,曾信凱,107年直轄市議員選舉,首次申報,1070926,個人捐贈收入,李煜堂,T12*******,100000.00,0.00,,金錢,臺南市永康區****,0921*****,
37,曾信凱,107年直轄市議員選舉,首次申報,1070927,個人捐贈收入,洪宇慶,,10000.00,0.00,,金錢,臺南市東區裕****,0921*****,
38,曾信凱,107年直轄市議員選舉,首次申報,1070927,個人捐贈收入,張良安,,10000.00,0.00,,金錢,臺南市東區崇****,0939*****,
39,曾信凱,107年直轄市議員選舉,首次申報,1071001,個人捐贈收入,彭大勇,,10000.00,0.00,,金錢,臺南市東區建****,0935*****,
40,曾信凱,107年直轄市議員選舉,首次申報,1071001,個人捐贈收入,徐崇耀,R12*******,100000.00,0.00,,金錢,臺南市新化區****,0917*****,
41,曾信凱,107年直轄市議員選舉,首次申報,1071001,個人捐贈收入,洪雪綺,R22*******,5000.00,0.00,,金錢,臺南市永康區****,,
42,曾信凱,107年直轄市議員選舉,首次申報,1071002,個人捐贈收入,邱志偉,N12*******,36000.00,0.00,,金錢,彰化縣埔心鄉****,0912*****,
43,曾信凱,107年直轄市議員選舉,首次申報,1071002,個人捐贈收入,邱志偉,N12*******,24000.00,0.00,,金錢,彰化縣埔心鄉****,0912*****,
44,曾信凱,107年直轄市議員選舉,首次申報,1071002,個人捐贈收入,王正坤,R12*******,20000.00,0.00,,金錢,臺南市東區東****,0921*****,
45,曾信凱,107年直轄市議員選舉,首次申報,1071003,個人捐贈收入,蔡明峻,D12*******,12000.00,0.00,,金錢,臺南市東區崇****,06-2*****,
46,曾信凱,107年直轄市議員選舉,首次申報,1071004,個人捐贈收入,梁金生,R12*******,20000.00,0.00,,金錢,臺南市仁德區****,06-2*****,
47,曾信凱,107年直轄市議員選舉,首次申報,1071005,營利事業捐贈收入,水湖建材行,68076293,10000.00,0.00,,金錢,臺南市東區東****,0623*****,
48,曾信凱,107年直轄市議員選舉,首次申報,1071006,個人捐贈收入,丘昊哲,B12*******,30000.00,0.00,,金錢,臺中市西屯區****,0912*****,
49,曾信凱,107年直轄市議員選舉,首次申報,1071008,個人捐贈收入,黃慶忠,R12*******,8000.00,0.00,,金錢,臺南市東區忠****,0936*****,
50,曾信凱,107年直轄市議員選舉,首次申報,1071009,個人捐贈收入,施頴銘,P12*******,10000.00,0.00,,金錢,臺南市東區崇****,0937*****,
51,曾信凱,107年直轄市議員選舉,首次申報,1071009,個人捐贈收入,王明宗,P12*******,2000.00,0.00,,金錢,東門路段巷弄****,0921*****,
52,曾信凱,107年直轄市議員選舉,首次申報,1071015,營利事業捐贈收入,勤穩建設有限公司,54081107,50000.00,0.00,,金錢,崇明路號****,06-2*****,
53,曾信凱,107年直轄市議員選舉,首次申報,1071015,個人捐贈收入,林淑鈴,A22*******,100000.00,0.00,,金錢,臺南市東區光****,0929*****,
54,曾信凱,107年直轄市議員選舉,首次申報,1071015,個人捐贈收入,林清山,D10*******,100000.00,0.00,,金錢,臺南市安平區****,06-2*****,
55,曾信凱,107年直轄市議員選舉,首次申報,1071015,個人捐贈收入,陳昭樺,D22*******,5000.00,0.00,,金錢,臺南市東區崇****,06-2*****,
56,曾信凱,107年直轄市議員選舉,首次申報,1071015,個人捐贈收入,甘李碧,D22*******,2000.00,0.00,,金錢,臺南市東區東****,0628*****,
57,曾信凱,107年直轄市議員選舉,首次申報,1071016,個人捐贈收入,黃民男,D10*******,100000.00,0.00,,金錢,臺南市東區東****,0623*****,
58,曾信凱,107年直轄市議員選舉,首次申報,1071016,個人捐贈收入,王華勇,D12*******,100000.00,0.00,,金錢,臺南市中西區****,06-2*****,
59,曾信凱,107年直轄市議員選舉,首次申報,1071016,個人捐贈收入,朱亞琳,N22*******,100000.00,0.00,,金錢,臺南市中西區****,06-2*****,
60,曾信凱,107年直轄市議員選舉,首次申報,1071022,營利事業捐贈收入,集富建設有限公司,42922127,50000.00,0.00,,金錢,臺南市東區崇****,06-2*****,
61,曾信凱,107年直轄市議員選舉,首次申報,1071022,營利事業捐贈收入,芮琦有限公司,64826773,6000.00,0.00,,金錢,臺南市永康區****,0935*****,
62,曾信凱,107年直轄市議員選舉,首次申報,1071022,營利事業捐贈收入,福連泰鋁業有限公司,73712667,20000.00,0.00,,金錢,臺南市仁德區****,0627*****,
63,曾信凱,107年直轄市議員選舉,首次申報,1071022,個人捐贈收入,胡炳昆,Q12*******,50000.00,0.00,,金錢,臺南市永康區****,0937*****,
64,曾信凱,107年直轄市議員選舉,首次申報,1071025,個人捐贈收入,范瑞珉,,6000.00,0.00,,金錢,臺南市東區立****,06-2*****,
65,曾信凱,107年直轄市議員選舉,首次申報,1071025,營利事業捐贈收入,仕多利室內裝修有限公司,54077574,5000.00,0.00,,金錢,臺南市東區中****,06-3*****,
66,曾信凱,107年直轄市議員選舉,首次申報,1071026,個人捐贈收入,范林美雲,,6000.00,0.00,,金錢,臺南市東區立****,0953*****,
67,曾信凱,107年直轄市議員選舉,首次申報,1071026,個人捐贈收入,康旭雅,R22*******,50000.00,0.00,,金錢,臺南市東區自****,0626*****,
68,曾信凱,107年直轄市議員選舉,首次申報,1071029,個人捐贈收入,黃榮崇,R12*******,100000.00,0.00,,金錢,臺南市東區生****,0628*****,
69,曾信凱,107年直轄市議員選舉,首次申報,1071030,營利事業捐贈收入,三禾貨櫃有限公司,54059225,100000.00,0.00,,金錢,臺南市仁德區****,0926*****,
70,曾信凱,107年直轄市議員選舉,首次申報,1071101,個人捐贈收入,梁家華,E22*******,100000.00,0.00,,金錢,高雄市三民區****,0928*****,
71,曾信凱,107年直轄市議員選舉,首次申報,1071102,營利事業捐贈收入,映華國際股份有限公司,53828943,50000.00,0.00,,金錢,臺北市中山區****,0626*****,
72,曾信凱,107年直轄市議員選舉,首次申報,1071102,營利事業捐贈收入,協益飼料股份有限公司,84608677,100000.00,0.00,,金錢,高雄市湖內區****,0937*****,
73,曾信凱,107年直轄市議員選舉,首次申報,1071102,個人捐贈收入,高騏,H10*******,10000.00,0.00,,金錢,臺南市仁德區****,0931*****,
74,曾信凱,107年直轄市議員選舉,首次申報,1071103,個人捐贈收入,陳清林,R12*******,1000.00,0.00,,金錢,臺南市東區衛****,06-2*****,
75,曾信凱,107年直轄市議員選舉,首次申報,1071105,營利事業捐贈收入,東岡環保科技有限公司,53818895,100000.00,0.00,,金錢,保安里文賢路****,0903*****,
76,曾信凱,107年直轄市議員選舉,首次申報,1071112,個人捐贈收入,郭瑞芬,S22*******,10000.00,0.00,,金錢,臺南市南區明****,0931*****,
77,曾信凱,107年直轄市議員選舉,首次申報,1071115,個人捐贈收入,吳秋陽,,3600.00,0.00,,金錢,臺南市東區東****,,
78,曾信凱,107年直轄市議員選舉,首次申報,1071116,個人捐贈收入,林文龍,D10*******,10000.00,0.00,,金錢,臺南市東區崇****,0930*****,
79,曾信凱,107年直轄市議員選舉,首次申報,1071116,個人捐贈收入,蔡鴛鴦,D22*******,15000.00,0.00,,金錢,臺南市東區裕****,06-3*****,
80,曾信凱,107年直轄市議員選舉,首次申報,1071120,個人捐贈收入,王迺仁,D12*******,10000.00,0.00,,金錢,臺南市東區前****,0932*****,
81,曾信凱,107年直轄市議員選舉,首次申報,1071120,個人捐贈收入,鄭和信,R10*******,5000.00,0.00,,金錢,臺南市東區林****,0627*****,
82,曾信凱,107年直轄市議員選舉,首次申報,1071121,個人捐贈收入,林玉信,T12*******,50000.00,0.00,,金錢,臺南市北區和****,0931*****,
83,曾信凱,107年直轄市議員選舉,首次申報,1071123,個人捐贈收入,江明勳,R12*******,10000.00,0.00,,金錢,臺南市北區公****,06-2*****,
84,曾信凱,107年直轄市議員選舉,首次申報,1071221,其他收入,利息收入,,37.00,0.00,,金錢,,,
