﻿序號,擬參選人／政黨,選舉名稱,申報序號／年度,交易日期,收支科目,捐贈者／支出對象,身分證／統一編號,收入金額,支出金額,支出用途,金錢類,地址,聯絡電話,資料更正日期
1,陳啟生,107年縣(市)議員選舉,首次申報,1070928,個人捐贈收入,林錫義,G12*******,6000.00,0.00,,金錢,宜蘭縣五結鄉****,0988*****,
2,陳啟生,107年縣(市)議員選舉,首次申報,1071107,個人捐贈收入,黃凱宏,G12*******,3600.00,0.00,,金錢,宜蘭縣五結鄉****,0932*****,
3,陳啟生,107年縣(市)議員選舉,首次申報,1071108,個人捐贈收入,楊曉薇,S22*******,10000.00,0.00,,金錢,高雄市楠梓區****,0988*****,
4,陳啟生,107年縣(市)議員選舉,首次申報,1071123,營利事業捐贈收入,立品開發有限公司,24637585,100000.00,0.00,,金錢,宜蘭縣五結鄉****,,
5,陳啟生,107年縣(市)議員選舉,首次申報,1071123,個人捐贈收入,林清鋒,G12*******,100000.00,0.00,,金錢,宜蘭縣五結鄉****,,
6,陳啟生,107年縣(市)議員選舉,首次申報,1071123,個人捐贈收入,林秋茹,G22*******,100000.00,0.00,,金錢,宜蘭縣五結鄉****,,
