﻿序號,擬參選人／政黨,選舉名稱,申報序號／年度,交易日期,收支科目,捐贈者／支出對象,身分證／統一編號,收入金額,支出金額,支出用途,金錢類,地址,聯絡電話,資料更正日期
1,高嘉瑜,107年直轄市議員選舉,第一次賸餘,1071212,當選後與其公務有關之費用支出,俥亭停車事業股份有限公司,,0.00,45.00,停車費,金錢,,,
2,高嘉瑜,107年直轄市議員選舉,第一次賸餘,1071212,當選後與其公務有關之費用支出,黑毛屋南港中信店,,0.00,1144.00,餐飲費用,金錢,,,
3,高嘉瑜,107年直轄市議員選舉,第一次賸餘,1071217,當選後與其公務有關之費用支出,米蘭電通,,0.00,760.00,網際網路費用,金錢,,,
4,高嘉瑜,107年直轄市議員選舉,第一次賸餘,1071218,當選後與其公務有關之費用支出,京華城,,0.00,99.00,餐飲費用,金錢,,,
5,高嘉瑜,107年直轄市議員選舉,第一次賸餘,1071226,當選後與其公務有關之費用支出,萊爾富,,0.00,180.00,數位印刷,金錢,,,
6,高嘉瑜,107年直轄市議員選舉,第一次賸餘,1071227,當選後與其公務有關之費用支出,台灣中油,,0.00,808.00,油資,金錢,,,
7,高嘉瑜,107年直轄市議員選舉,第一次賸餘,1071227,當選後與其公務有關之費用支出,紫陽加油站,,0.00,500.00,油資,金錢,,,
8,高嘉瑜,107年直轄市議員選舉,第一次賸餘,1071231,當選後與其公務有關之費用支出,皇翔食品,,0.00,355.00,餐飲支出,金錢,,,
9,高嘉瑜,107年直轄市議員選舉,第一次賸餘,1080101,當選後與其公務有關之費用支出,台灣鹽酥雞,,0.00,290.00,餐飲費用,金錢,,,
10,高嘉瑜,107年直轄市議員選舉,第一次賸餘,1080103,當選後與其公務有關之費用支出,湖砌大廈管委會,,0.00,3728.00,租用競選辦事處費用-管理費,金錢,,,
11,高嘉瑜,107年直轄市議員選舉,第一次賸餘,1080104,當選後與其公務有關之費用支出,皇翔食品有限公司,,0.00,355.00,餐飲費用,金錢,,,
12,高嘉瑜,107年直轄市議員選舉,第一次賸餘,1080105,當選後與其公務有關之費用支出,優衣庫,,0.00,990.00,雜項購置,金錢,,,
13,高嘉瑜,107年直轄市議員選舉,第一次賸餘,1080107,當選後與其公務有關之費用支出,富錸膠業有限公司,,0.00,1200.00,雜項購置-塑膠袋,金錢,,,
14,高嘉瑜,107年直轄市議員選舉,第一次賸餘,1080107,當選後與其公務有關之費用支出,欣湖瓦斯,,0.00,120.00,瓦斯費用,金錢,,,
15,高嘉瑜,107年直轄市議員選舉,第一次賸餘,1080108,當選後與其公務有關之費用支出,台灣中油,,0.00,673.00,油資,金錢,,,
16,高嘉瑜,107年直轄市議員選舉,第一次賸餘,1080109,當選後與其公務有關之費用支出,統一精工,,0.00,500.00,油資,金錢,,,
17,高嘉瑜,107年直轄市議員選舉,第一次賸餘,1080110,當選後與其公務有關之費用支出,幸福品味,,0.00,140.00,餐飲支出,金錢,,,
18,高嘉瑜,107年直轄市議員選舉,第一次賸餘,1080110,當選後與其公務有關之費用支出,優衣庫,,0.00,680.00,雜項購置,金錢,,,
19,高嘉瑜,107年直轄市議員選舉,第一次賸餘,1080110,當選後與其公務有關之費用支出,優衣庫,,0.00,790.00,雜項購置,金錢,,,
20,高嘉瑜,107年直轄市議員選舉,第一次賸餘,1080110,當選後與其公務有關之費用支出,郵局,,0.00,220.00,郵寄競選物品或宣傳廣告支出,金錢,,,
21,高嘉瑜,107年直轄市議員選舉,第一次賸餘,1080111,當選後與其公務有關之費用支出,郵局,,0.00,539.00,郵寄競選物品或宣傳廣告支出,金錢,,,
22,高嘉瑜,107年直轄市議員選舉,第一次賸餘,1080111,當選後與其公務有關之費用支出,郵局,,0.00,36.00,郵寄競選物品或宣傳廣告支出,金錢,,,
23,高嘉瑜,107年直轄市議員選舉,第一次賸餘,1080111,當選後與其公務有關之費用支出,台北市停車管理處,,0.00,110.00,停車費,金錢,,,
24,高嘉瑜,107年直轄市議員選舉,第一次賸餘,1080113,當選後與其公務有關之費用支出,麥當勞,,0.00,610.00,餐飲支出,金錢,,,
25,高嘉瑜,107年直轄市議員選舉,第一次賸餘,1080114,當選後與其公務有關之費用支出,中華郵政,,0.00,345.00,郵資,金錢,,2321*****,
26,高嘉瑜,107年直轄市議員選舉,第一次賸餘,1080115,當選後與其公務有關之費用支出,中華郵政,,0.00,376.00,郵寄競選物品,金錢,,2321*****,
27,高嘉瑜,107年直轄市議員選舉,第一次賸餘,1080115,當選後與其公務有關之費用支出,中華郵政,,0.00,36.00,郵資,金錢,,2321*****,
28,高嘉瑜,107年直轄市議員選舉,第一次賸餘,1080116,當選後與其公務有關之費用支出,中華郵政,,0.00,478.00,郵資,金錢,,2321*****,
29,高嘉瑜,107年直轄市議員選舉,第一次賸餘,1080117,當選後與其公務有關之費用支出,康寧加油站,,0.00,500.00,油資,金錢,,,
30,高嘉瑜,107年直轄市議員選舉,第一次賸餘,1080117,當選後與其公務有關之費用支出,中華郵政,,0.00,545.00,郵資,金錢,,2321*****,
31,高嘉瑜,107年直轄市議員選舉,第一次賸餘,1080118,當選後與其公務有關之費用支出,台灣中油,,0.00,872.00,油資,金錢,,,
32,高嘉瑜,107年直轄市議員選舉,第一次賸餘,1080119,當選後與其公務有關之費用支出,艾隆餐飲股份有限公司,,0.00,435.00,餐飲費用,金錢,,,
33,高嘉瑜,107年直轄市議員選舉,第一次賸餘,1080119,當選後與其公務有關之費用支出,郵局,,0.00,36.00,郵寄競選物品或宣傳廣告支出,金錢,,,
34,高嘉瑜,107年直轄市議員選舉,第一次賸餘,1080120,當選後與其公務有關之費用支出,麻古茶坊,,0.00,135.00,餐飲支出,金錢,,,
35,高嘉瑜,107年直轄市議員選舉,第一次賸餘,1080121,當選後與其公務有關之費用支出,福餐聯餐飲股份有限公司,,0.00,110.00,餐飲支出,金錢,,,
36,高嘉瑜,107年直轄市議員選舉,第一次賸餘,1080121,當選後與其公務有關之費用支出,君悅食品行,,0.00,175.00,餐飲費用,金錢,,,
37,高嘉瑜,107年直轄市議員選舉,第一次賸餘,1080122,當選後與其公務有關之費用支出,春芳號,,0.00,185.00,餐飲支出,金錢,,,
38,高嘉瑜,107年直轄市議員選舉,第一次賸餘,1080123,當選後與其公務有關之費用支出,協記加油站,,0.00,500.00,油資,金錢,,,
39,高嘉瑜,107年直轄市議員選舉,第一次賸餘,1080124,當選後與其公務有關之費用支出,新光三越,,0.00,5544.00,餐飲支出,金錢,,,
40,高嘉瑜,107年直轄市議員選舉,第一次賸餘,1080124,當選後與其公務有關之費用支出,僑漢股份有限公司,,0.00,200.00,停車費,金錢,,,
41,高嘉瑜,107年直轄市議員選舉,第一次賸餘,1080124,當選後與其公務有關之費用支出,郵局,,0.00,316.00,郵寄競選物品或宣傳廣告支出,金錢,,,
42,高嘉瑜,107年直轄市議員選舉,第一次賸餘,1080128,當選後與其公務有關之費用支出,郵局,,0.00,44.00,郵寄競選物品或宣傳廣告支出,金錢,,,
43,高嘉瑜,107年直轄市議員選舉,第一次賸餘,1080129,當選後與其公務有關之費用支出,紫陽加油站,,0.00,500.00,油資,金錢,,,
44,高嘉瑜,107年直轄市議員選舉,第一次賸餘,1080130,當選後與其公務有關之費用支出,台灣中油,,0.00,814.00,油資,金錢,,,
45,高嘉瑜,107年直轄市議員選舉,第一次賸餘,1080131,當選後與其公務有關之費用支出,大潤發,,0.00,1124.00,雜項購置,金錢,,,
46,高嘉瑜,107年直轄市議員選舉,第一次賸餘,1080131,當選後與其公務有關之費用支出,台北市停車管理處,,0.00,200.00,停車費,金錢,,,
47,高嘉瑜,107年直轄市議員選舉,第一次賸餘,1080131,當選後與其公務有關之費用支出,李其魯,A12*******,0.00,20000.00,獎金或津貼,金錢,臺北市大安區****,,
48,高嘉瑜,107年直轄市議員選舉,第一次賸餘,1080131,當選後與其公務有關之費用支出,高仕儒,C12*******,0.00,22000.00,獎金或津貼,金錢,基隆市信義區****,,
49,高嘉瑜,107年直轄市議員選舉,第一次賸餘,1080131,當選後與其公務有關之費用支出,張昱偉,M12*******,0.00,18000.00,獎金或津貼,金錢,基隆市信義區****,,
50,高嘉瑜,107年直轄市議員選舉,第一次賸餘,1080131,當選後與其公務有關之費用支出,張苡柔,M22*******,0.00,50000.00,工資,金錢,基隆市信義區****,,
51,高嘉瑜,107年直轄市議員選舉,第一次賸餘,1080131,當選後與其公務有關之費用支出,張家惠,M22*******,0.00,30000.00,工資或薪津,金錢,基隆市信義區****,,
52,高嘉瑜,107年直轄市議員選舉,第一次賸餘,1080201,當選後與其公務有關之費用支出,明星西點食品有限公司,,0.00,255.00,餐飲支出,金錢,,,
53,高嘉瑜,107年直轄市議員選舉,第一次賸餘,1080205,當選後與其公務有關之費用支出,台灣中油,08590465,0.00,835.00,油資,金錢,,,
54,高嘉瑜,107年直轄市議員選舉,第一次賸餘,1080207,當選後與其公務有關之費用支出,星巴克,,0.00,290.00,餐飲費用,金錢,,,
55,高嘉瑜,107年直轄市議員選舉,第一次賸餘,1080209,當選後與其公務有關之費用支出,台灣鹽酥雞,,0.00,211.00,餐飲支出,金錢,,,
56,高嘉瑜,107年直轄市議員選舉,第一次賸餘,1080211,當選後與其公務有關之費用支出,康寧加油站,,0.00,500.00,油資,金錢,,,
57,高嘉瑜,107年直轄市議員選舉,第一次賸餘,1080211,當選後與其公務有關之費用支出,君悅食品行,,0.00,355.00,餐飲支出,金錢,,,
58,高嘉瑜,107年直轄市議員選舉,第一次賸餘,1080211,當選後與其公務有關之費用支出,郵局,,0.00,28.00,郵寄競選物品,金錢,,,
59,高嘉瑜,107年直轄市議員選舉,第一次賸餘,1080212,當選後與其公務有關之費用支出,湖砌大廈管委會,,0.00,3728.00,租用競選辦事處費用,金錢,,,
60,高嘉瑜,107年直轄市議員選舉,第一次賸餘,1080212,當選後與其公務有關之費用支出,全聯,,0.00,89.00,雜項購置,金錢,,,
61,高嘉瑜,107年直轄市議員選舉,第一次賸餘,1080212,當選後與其公務有關之費用支出,幸福品味,,0.00,218.00,餐飲費用,金錢,,,
62,高嘉瑜,107年直轄市議員選舉,第一次賸餘,1080214,當選後與其公務有關之費用支出,台灣中油,,0.00,852.00,油資,金錢,,,
63,高嘉瑜,107年直轄市議員選舉,第一次賸餘,1080214,當選後與其公務有關之費用支出,皇翔食品有限公司,,0.00,355.00,餐飲支出,金錢,,,
64,高嘉瑜,107年直轄市議員選舉,第一次賸餘,1080215,當選後與其公務有關之費用支出,台北金融大樓股份有限公司,,0.00,6347.00,餐飲費用,金錢,,,
65,高嘉瑜,107年直轄市議員選舉,第一次賸餘,1080216,當選後與其公務有關之費用支出,皇翔食品有限公司,,0.00,470.00,餐飲支出,金錢,,,
66,高嘉瑜,107年直轄市議員選舉,第一次賸餘,1080216,當選後與其公務有關之費用支出,好朋友小吃店,29206847,0.00,120.00,餐飲費用,金錢,,,
67,高嘉瑜,107年直轄市議員選舉,第一次賸餘,1080217,當選後與其公務有關之費用支出,皇翔食品有限公司,,0.00,170.00,餐飲支出,金錢,,,
68,高嘉瑜,107年直轄市議員選舉,第一次賸餘,1080217,當選後與其公務有關之費用支出,星巴克,,0.00,185.00,餐飲費用,金錢,,,
69,高嘉瑜,107年直轄市議員選舉,第一次賸餘,1080218,當選後與其公務有關之費用支出,郵局,,0.00,35.00,郵寄競選物品,金錢,,,
70,高嘉瑜,107年直轄市議員選舉,第一次賸餘,1080219,當選後與其公務有關之費用支出,寒舍艾麗,,0.00,11088.00,餐飲支出,金錢,,,
71,高嘉瑜,107年直轄市議員選舉,第一次賸餘,1080220,當選後與其公務有關之費用支出,台灣中油,,0.00,500.00,油資,金錢,,,
72,高嘉瑜,107年直轄市議員選舉,第一次賸餘,1080221,當選後與其公務有關之費用支出,臺北自來水事業處,,0.00,199.00,水費,金錢,,,
73,高嘉瑜,107年直轄市議員選舉,第一次賸餘,1080221,當選後與其公務有關之費用支出,台北市停管處,,0.00,135.00,停車費,金錢,,,
74,高嘉瑜,107年直轄市議員選舉,第一次賸餘,1080222,當選後與其公務有關之費用支出,麻古茶坊,,0.00,120.00,餐飲支出,金錢,,,
75,高嘉瑜,107年直轄市議員選舉,第一次賸餘,1080222,當選後與其公務有關之費用支出,屈臣氏,,0.00,1094.00,雜項購置,金錢,,,
76,高嘉瑜,107年直轄市議員選舉,第一次賸餘,1080223,當選後與其公務有關之費用支出,台灣中油,,0.00,785.00,油資,金錢,,,
77,高嘉瑜,107年直轄市議員選舉,第一次賸餘,1080225,當選後與其公務有關之費用支出,詮瑩有限公司,,0.00,800.00,餐飲支出,金錢,,02-2*****,
78,高嘉瑜,107年直轄市議員選舉,第一次賸餘,1080226,當選後與其公務有關之費用支出,易亭停車事業有限公司,,0.00,140.00,停車費,金錢,,,
79,高嘉瑜,107年直轄市議員選舉,第一次賸餘,1080227,當選後與其公務有關之費用支出,台灣電力,,0.00,1164.00,電費,金錢,,,
80,高嘉瑜,107年直轄市議員選舉,第一次賸餘,1080227,當選後與其公務有關之費用支出,李其魯,A12*******,0.00,20000.00,獎金或津貼,金錢,臺北市大安區****,,
81,高嘉瑜,107年直轄市議員選舉,第一次賸餘,1080227,當選後與其公務有關之費用支出,高仕儒,C12*******,0.00,22000.00,獎金或津貼,金錢,基隆市信義區****,,
82,高嘉瑜,107年直轄市議員選舉,第一次賸餘,1080227,當選後與其公務有關之費用支出,張昱偉,M12*******,0.00,18000.00,獎金或津貼,金錢,基隆市信義區****,,
83,高嘉瑜,107年直轄市議員選舉,第一次賸餘,1080227,當選後與其公務有關之費用支出,張家惠,M22*******,0.00,30000.00,工資或薪津,金錢,基隆市信義區****,,
84,高嘉瑜,107年直轄市議員選舉,第一次賸餘,1080227,當選後與其公務有關之費用支出,張苡柔,M22*******,0.00,50000.00,工資,金錢,基隆市信義區****,,
85,高嘉瑜,107年直轄市議員選舉,第一次賸餘,1080301,當選後與其公務有關之費用支出,香傳食品,54367200,0.00,260.00,餐飲支出,金錢,,,
86,高嘉瑜,107年直轄市議員選舉,第一次賸餘,1080302,當選後與其公務有關之費用支出,台灣中油,08590459,0.00,662.00,油資,金錢,,,
87,高嘉瑜,107年直轄市議員選舉,第一次賸餘,1080302,當選後與其公務有關之費用支出,煜大貿易,42453222,0.00,260.00,餐飲支出,金錢,,,
88,高嘉瑜,107年直轄市議員選舉,第一次賸餘,1080302,當選後與其公務有關之費用支出,星巴克,70780556,0.00,225.00,餐飲支出,金錢,,,
89,高嘉瑜,107年直轄市議員選舉,第一次賸餘,1080303,當選後與其公務有關之費用支出,大潤發,80030723,0.00,430.00,餐飲支出,金錢,,,
90,高嘉瑜,107年直轄市議員選舉,第一次賸餘,1080304,當選後與其公務有關之費用支出,郵局,,0.00,50.00,存簿影印工本費,金錢,臺北市****,02-2*****,
91,高嘉瑜,107年直轄市議員選舉,第一次賸餘,1080305,當選後與其公務有關之費用支出,台灣中油,08590444,0.00,500.00,油資,金錢,,,
92,高嘉瑜,107年直轄市議員選舉,第一次賸餘,1080306,當選後與其公務有關之費用支出,郵局,,0.00,60.00,郵寄競選物品,金錢,,2729*****,
93,高嘉瑜,107年直轄市議員選舉,第一次賸餘,1080307,當選後與其公務有關之費用支出,日月亭,42305790,0.00,315.00,停車費,金錢,,,
94,高嘉瑜,107年直轄市議員選舉,第一次賸餘,1080307,當選後與其公務有關之費用支出,幸福品味,53556436,0.00,402.00,餐飲支出,金錢,,,
95,高嘉瑜,107年直轄市議員選舉,第一次賸餘,1080311,當選後與其公務有關之費用支出,臺北市停管處,,0.00,220.00,停車費,金錢,,2759*****,
96,高嘉瑜,107年直轄市議員選舉,第一次賸餘,1080312,當選後與其公務有關之費用支出,湖砌大廈管理委員會,25633967,0.00,3728.00,租用競選辦事處費用,金錢,,,
97,高嘉瑜,107年直轄市議員選舉,第一次賸餘,1080315,當選後與其公務有關之費用支出,台亞石油,09663731,0.00,500.00,油資,金錢,,,
98,高嘉瑜,107年直轄市議員選舉,第一次賸餘,1080318,當選後與其公務有關之費用支出,台灣國際開發事業有限公司,80738683,0.00,60.00,停車費,金錢,,,
99,高嘉瑜,107年直轄市議員選舉,第一次賸餘,1080320,當選後與其公務有關之費用支出,郵局,,0.00,28.00,郵寄競選物品,金錢,,2729*****,
100,高嘉瑜,107年直轄市議員選舉,第一次賸餘,1080320,當選後與其公務有關之費用支出,統一精工,80990095,0.00,500.00,油資,金錢,,,
101,高嘉瑜,107年直轄市議員選舉,第一次賸餘,1080322,當選後與其公務有關之費用支出,京華城,,0.00,275.00,餐飲支出,金錢,,3762*****,
102,高嘉瑜,107年直轄市議員選舉,第一次賸餘,1080324,當選後與其公務有關之費用支出,潤泰旭展,28449085,0.00,630.00,餐飲支出,金錢,,,
103,高嘉瑜,107年直轄市議員選舉,第一次賸餘,1080324,當選後與其公務有關之費用支出,潤泰旭展,28449085,0.00,335.00,餐飲支出,金錢,,,
104,高嘉瑜,107年直轄市議員選舉,第一次賸餘,1080325,當選後與其公務有關之費用支出,臺北市停管處,,0.00,305.00,停車費,金錢,,2759*****,
105,高嘉瑜,107年直轄市議員選舉,第一次賸餘,1080328,當選後與其公務有關之費用支出,統一精工,80990095,0.00,500.00,油資,金錢,,,
106,高嘉瑜,107年直轄市議員選舉,第一次賸餘,1080329,當選後與其公務有關之費用支出,愛買,,0.00,450.00,雜項購置,金錢,,2382*****,
107,高嘉瑜,107年直轄市議員選舉,第一次賸餘,1080329,當選後與其公務有關之費用支出,星巴克,25505246,0.00,325.00,餐飲支出,金錢,,,
108,高嘉瑜,107年直轄市議員選舉,第一次賸餘,1080329,當選後與其公務有關之費用支出,潤泰百益,28480577,0.00,500.00,餐飲支出,金錢,,,
109,高嘉瑜,107年直轄市議員選舉,第一次賸餘,1080329,當選後與其公務有關之費用支出,大潤發,80030723,0.00,200.00,餐飲支出,金錢,,,
110,高嘉瑜,107年直轄市議員選舉,第一次賸餘,1080329,當選後與其公務有關之費用支出,李其魯,A12*******,0.00,20000.00,獎金或津貼,金錢,臺北市大安區****,,
111,高嘉瑜,107年直轄市議員選舉,第一次賸餘,1080329,當選後與其公務有關之費用支出,高仕儒,C12*******,0.00,22000.00,獎金或津貼,金錢,基隆市信義區****,,
112,高嘉瑜,107年直轄市議員選舉,第一次賸餘,1080329,當選後與其公務有關之費用支出,張昱偉,M12*******,0.00,18000.00,獎金或津貼,金錢,基隆市信義區****,,
113,高嘉瑜,107年直轄市議員選舉,第一次賸餘,1080329,當選後與其公務有關之費用支出,張苡柔,M22*******,0.00,50000.00,工資,金錢,基隆市信義區****,,
114,高嘉瑜,107年直轄市議員選舉,第一次賸餘,1080329,當選後與其公務有關之費用支出,張家惠,M22*******,0.00,30000.00,工資或薪津,金錢,基隆市信義區****,,
115,高嘉瑜,107年直轄市議員選舉,第一次賸餘,1080331,當選後與其公務有關之費用支出,台灣中油,08590459,0.00,929.00,油資,金錢,,,
116,高嘉瑜,107年直轄市議員選舉,第一次賸餘,1080403,當選後與其公務有關之費用支出,湖砌大廈管理委員會,25633967,0.00,3728.00,租用競選辦事處費用,金錢,,,
117,高嘉瑜,107年直轄市議員選舉,第一次賸餘,1080406,當選後與其公務有關之費用支出,幸福品味,53556436,0.00,810.00,餐飲支出,金錢,,,
118,高嘉瑜,107年直轄市議員選舉,第一次賸餘,1080409,當選後與其公務有關之費用支出,新北市停車管理處,,0.00,160.00,停車費,金錢,,02-2*****,
119,高嘉瑜,107年直轄市議員選舉,第一次賸餘,1080409,當選後與其公務有關之費用支出,新北市停車管理處,,0.00,120.00,停車費,金錢,,02-2*****,
120,高嘉瑜,107年直轄市議員選舉,第一次賸餘,1080409,當選後與其公務有關之費用支出,泰準餐飲,53339810,0.00,780.00,餐飲支出,金錢,,,
121,高嘉瑜,107年直轄市議員選舉,第一次賸餘,1080409,當選後與其公務有關之費用支出,統一精工,80990095,0.00,500.00,油資,金錢,,,
122,高嘉瑜,107年直轄市議員選舉,第一次賸餘,1080410,當選後與其公務有關之費用支出,春水堂,,0.00,395.00,餐飲支出,金錢,,02-2*****,
123,高嘉瑜,107年直轄市議員選舉,第一次賸餘,1080412,當選後與其公務有關之費用支出,管家婆科技股份有限公司,42298405,0.00,5180.00,雜項購置,金錢,,,
124,高嘉瑜,107年直轄市議員選舉,第一次賸餘,1080413,當選後與其公務有關之費用支出,台灣中油,08590459,0.00,872.00,油資,金錢,,,
125,高嘉瑜,107年直轄市議員選舉,第一次賸餘,1080416,當選後與其公務有關之費用支出,朱江圖書有限公司,16589032,0.00,1122.00,書報雜誌費用,金錢,,,
126,高嘉瑜,107年直轄市議員選舉,第一次賸餘,1080417,當選後與其公務有關之費用支出,全聯,24806420,0.00,65.00,雜項購置,金錢,,,
127,高嘉瑜,107年直轄市議員選舉,第一次賸餘,1080417,當選後與其公務有關之費用支出,統一精工,80990095,0.00,500.00,油資,金錢,,,
128,高嘉瑜,107年直轄市議員選舉,第一次賸餘,1080419,當選後與其公務有關之費用支出,新北市停車管理處,,0.00,210.00,停車費,金錢,,02-2*****,
129,高嘉瑜,107年直轄市議員選舉,第一次賸餘,1080419,當選後與其公務有關之費用支出,台北市停車管理處,,0.00,30.00,停車費,金錢,,02 2*****,
130,高嘉瑜,107年直轄市議員選舉,第一次賸餘,1080420,當選後與其公務有關之費用支出,大潤發,80030723,0.00,400.00,餐飲支出,金錢,,,
131,高嘉瑜,107年直轄市議員選舉,第一次賸餘,1080426,當選後與其公務有關之費用支出,台灣中油,08590459,0.00,913.00,油資,金錢,,,
132,高嘉瑜,107年直轄市議員選舉,第一次賸餘,1080429,當選後與其公務有關之費用支出,台灣中油,08590444,0.00,200.00,油資,金錢,,,
133,高嘉瑜,107年直轄市議員選舉,第一次賸餘,1080430,當選後與其公務有關之費用支出,詮瑩有限公司,,0.00,1840.00,餐飲支出,金錢,,02-2*****,
134,高嘉瑜,107年直轄市議員選舉,第一次賸餘,1080430,當選後與其公務有關之費用支出,臺北自來水事業處,,0.00,210.00,自來水費,金錢,,02-8*****,
135,高嘉瑜,107年直轄市議員選舉,第一次賸餘,1080430,當選後與其公務有關之費用支出,欣湖瓦斯,,0.00,120.00,瓦斯費用,金錢,,0227*****,
136,高嘉瑜,107年直轄市議員選舉,第一次賸餘,1080430,當選後與其公務有關之費用支出,全聯,24806420,0.00,73.00,雜項購置,金錢,,,
137,高嘉瑜,107年直轄市議員選舉,第一次賸餘,1080430,當選後與其公務有關之費用支出,李其魯,A12*******,0.00,20000.00,獎金或津貼,金錢,臺北市大安區****,,
138,高嘉瑜,107年直轄市議員選舉,第一次賸餘,1080430,當選後與其公務有關之費用支出,高仕儒,C12*******,0.00,22000.00,獎金或津貼,金錢,基隆市信義區****,,
139,高嘉瑜,107年直轄市議員選舉,第一次賸餘,1080430,當選後與其公務有關之費用支出,張昱偉,M12*******,0.00,18000.00,獎金或津貼,金錢,基隆市信義區****,,
140,高嘉瑜,107年直轄市議員選舉,第一次賸餘,1080430,當選後與其公務有關之費用支出,張苡柔,M22*******,0.00,50000.00,工資,金錢,基隆市信義區****,,
141,高嘉瑜,107年直轄市議員選舉,第一次賸餘,1080430,當選後與其公務有關之費用支出,張家惠,M22*******,0.00,30000.00,工資或薪津,金錢,基隆市信義區****,,
142,高嘉瑜,107年直轄市議員選舉,第一次賸餘,1080503,當選後與其公務有關之費用支出,台亞石油,29353875,0.00,500.00,油資,金錢,,,
143,高嘉瑜,107年直轄市議員選舉,第一次賸餘,1080506,當選後與其公務有關之費用支出,固德汽車股份有限公司,,0.00,450.00,宣傳車輛檢驗費支出,金錢,,(02)*****,
144,高嘉瑜,107年直轄市議員選舉,第一次賸餘,1080507,當選後與其公務有關之費用支出,台灣電力,,0.00,1126.00,電費,金錢,,02-2*****,
145,高嘉瑜,107年直轄市議員選舉,第一次賸餘,1080508,當選後與其公務有關之費用支出,湖砌大廈管理委員會,25633967,0.00,3728.00,租用競選辦事處費用,金錢,,,
146,高嘉瑜,107年直轄市議員選舉,第一次賸餘,1080510,當選後與其公務有關之費用支出,台北市停車管理處,,0.00,100.00,停車費,金錢,,02 2*****,
147,高嘉瑜,107年直轄市議員選舉,第一次賸餘,1080511,當選後與其公務有關之費用支出,台灣中油,08590459,0.00,835.00,油資,金錢,,,
148,高嘉瑜,107年直轄市議員選舉,第一次賸餘,1080513,當選後與其公務有關之費用支出,台灣中油,08590444,0.00,500.00,油資,金錢,,,
149,高嘉瑜,107年直轄市議員選舉,第一次賸餘,1080521,當選後與其公務有關之費用支出,台北市停車管理處,,0.00,100.00,停車費,金錢,,02 2*****,
150,高嘉瑜,107年直轄市議員選舉,第一次賸餘,1080523,當選後與其公務有關之費用支出,麗明花苑,04804711,0.00,3000.00,雜項購置,金錢,,,
151,高嘉瑜,107年直轄市議員選舉,第一次賸餘,1080523,當選後與其公務有關之費用支出,麗明花苑,04804711,0.00,1200.00,雜項購置,金錢,,,
152,高嘉瑜,107年直轄市議員選舉,第一次賸餘,1080524,當選後與其公務有關之費用支出,台灣中油,01113283,0.00,500.00,油資,金錢,,,
153,高嘉瑜,107年直轄市議員選舉,第一次賸餘,1080524,當選後與其公務有關之費用支出,香傳食品,54367200,0.00,460.00,餐飲費用,金錢,,,
154,高嘉瑜,107年直轄市議員選舉,第一次賸餘,1080525,當選後與其公務有關之費用支出,台灣中油,08590459,0.00,894.00,油資,金錢,,,
155,高嘉瑜,107年直轄市議員選舉,第一次賸餘,1080530,當選後與其公務有關之費用支出,詮瑩有限公司,66632246,0.00,7280.00,餐飲支出,金錢,,,
156,高嘉瑜,107年直轄市議員選舉,第一次賸餘,1080531,當選後與其公務有關之費用支出,台北市停車管理處,,0.00,70.00,停車費,金錢,,02 2*****,
157,高嘉瑜,107年直轄市議員選舉,第一次賸餘,1080531,當選後與其公務有關之費用支出,李其魯,A12*******,0.00,20000.00,獎金或津貼,金錢,臺北市大安區****,,
158,高嘉瑜,107年直轄市議員選舉,第一次賸餘,1080531,當選後與其公務有關之費用支出,高仕儒,C12*******,0.00,22000.00,獎金或津貼,金錢,基隆市信義區****,,
159,高嘉瑜,107年直轄市議員選舉,第一次賸餘,1080531,當選後與其公務有關之費用支出,張昱偉,M12*******,0.00,18000.00,獎金或津貼,金錢,基隆市信義區****,,
160,高嘉瑜,107年直轄市議員選舉,第一次賸餘,1080531,當選後與其公務有關之費用支出,張苡柔,M22*******,0.00,50000.00,工資,金錢,基隆市信義區****,,
161,高嘉瑜,107年直轄市議員選舉,第一次賸餘,1080531,當選後與其公務有關之費用支出,張家惠,M22*******,0.00,30000.00,工資或薪津,金錢,基隆市信義區****,,
162,高嘉瑜,107年直轄市議員選舉,第一次賸餘,1080603,當選後與其公務有關之費用支出,台灣中油,08590444,0.00,500.00,油資,金錢,,,
163,高嘉瑜,107年直轄市議員選舉,第一次賸餘,1080608,當選後與其公務有關之費用支出,台灣中油,01606343,0.00,913.00,油資,金錢,,,
164,高嘉瑜,107年直轄市議員選舉,第一次賸餘,1080608,當選後與其公務有關之費用支出,屈臣氏,70823751,0.00,1338.00,雜項購置,金錢,,,
165,高嘉瑜,107年直轄市議員選舉,第一次賸餘,1080610,當選後與其公務有關之費用支出,泓荃物產文創有限公司,24858398,0.00,900.00,餐飲費用,金錢,,,
166,高嘉瑜,107年直轄市議員選舉,第一次賸餘,1080611,當選後與其公務有關之費用支出,湖砌大廈管理委員會,25633967,0.00,3728.00,租用競選辦事處費用,金錢,,,
167,高嘉瑜,107年直轄市議員選舉,第一次賸餘,1080611,當選後與其公務有關之費用支出,國都汽車股份有限公司,28983360,0.00,8058.00,維修宣傳車輛支出,金錢,,,
168,高嘉瑜,107年直轄市議員選舉,第一次賸餘,1080611,當選後與其公務有關之費用支出,國光客運,70810572,0.00,810.00,回數票,金錢,,,
169,高嘉瑜,107年直轄市議員選舉,第一次賸餘,1080612,當選後與其公務有關之費用支出,台灣中油,08590444,0.00,500.00,油資,金錢,,,
170,高嘉瑜,107年直轄市議員選舉,第一次賸餘,1080614,當選後與其公務有關之費用支出,台北市停車管理處,,0.00,155.00,停車費,金錢,,02-2*****,
171,高嘉瑜,107年直轄市議員選舉,第一次賸餘,1080615,當選後與其公務有關之費用支出,台灣中油,08590459,0.00,767.00,油資,金錢,,,
172,高嘉瑜,107年直轄市議員選舉,第一次賸餘,1080617,當選後與其公務有關之費用支出,台灣中油,08590444,0.00,100.00,油資,金錢,,,
173,高嘉瑜,107年直轄市議員選舉,第一次賸餘,1080621,當選後與其公務有關之費用支出,西歐加油站,14324297,0.00,500.00,油資,金錢,,,
174,高嘉瑜,107年直轄市議員選舉,第一次賸餘,1080622,當選後與其公務有關之費用支出,春水堂,53847049,0.00,735.00,餐飲費用,金錢,,,
175,高嘉瑜,107年直轄市議員選舉,第一次賸餘,1080623,當選後與其公務有關之費用支出,君悅排骨,,0.00,525.00,餐飲費用,金錢,,02-2*****,
176,高嘉瑜,107年直轄市議員選舉,第一次賸餘,1080623,當選後與其公務有關之費用支出,麻古茶坊,52873173,0.00,300.00,餐飲費用,金錢,,,
177,高嘉瑜,107年直轄市議員選舉,第一次賸餘,1080624,當選後與其公務有關之費用支出,吉福雞舖,75967186,0.00,195.00,餐飲費用,金錢,,,
178,高嘉瑜,107年直轄市議員選舉,第一次賸餘,1080628,當選後與其公務有關之費用支出,臺北自來水事業處,,0.00,189.00,自來水費用,金錢,,02-8*****,
179,高嘉瑜,107年直轄市議員選舉,第一次賸餘,1080628,當選後與其公務有關之費用支出,台灣電力,,0.00,2006.00,電費,金錢,,02-2*****,
180,高嘉瑜,107年直轄市議員選舉,第一次賸餘,1080628,當選後與其公務有關之費用支出,詮瑩有限公司,,0.00,3440.00,餐飲支出,金錢,,02-2*****,
181,高嘉瑜,107年直轄市議員選舉,第一次賸餘,1080628,當選後與其公務有關之費用支出,台灣中油,08590459,0.00,917.00,油資,金錢,,,
182,高嘉瑜,107年直轄市議員選舉,第一次賸餘,1080628,當選後與其公務有關之費用支出,李其魯,A12*******,0.00,20000.00,獎金或津貼,金錢,臺北市大安區****,,
183,高嘉瑜,107年直轄市議員選舉,第一次賸餘,1080628,當選後與其公務有關之費用支出,高仕儒,C12*******,0.00,22000.00,獎金或津貼,金錢,基隆市信義區****,,
184,高嘉瑜,107年直轄市議員選舉,第一次賸餘,1080628,當選後與其公務有關之費用支出,張昱偉,M12*******,0.00,18000.00,獎金或津貼,金錢,基隆市信義區****,,
185,高嘉瑜,107年直轄市議員選舉,第一次賸餘,1080628,當選後與其公務有關之費用支出,張苡柔,M22*******,0.00,50000.00,工資或薪津,金錢,基隆市信義區****,,
186,高嘉瑜,107年直轄市議員選舉,第一次賸餘,1080628,當選後與其公務有關之費用支出,張家惠,M22*******,0.00,30000.00,工資或薪津,金錢,基隆市信義區****,,
187,高嘉瑜,107年直轄市議員選舉,第一次賸餘,1080630,當選後與其公務有關之費用支出,東興大道涮涮鍋,72921808,0.00,1045.00,餐飲費用,金錢,,,
188,高嘉瑜,107年直轄市議員選舉,第一次賸餘,1080701,當選後與其公務有關之費用支出,台灣中油,08590459,0.00,500.00,油資,金錢,,,
189,高嘉瑜,107年直轄市議員選舉,第一次賸餘,1080701,當選後與其公務有關之費用支出,墊腳石,25124611,0.00,94.00,文具用品費用,金錢,,,
190,高嘉瑜,107年直轄市議員選舉,第一次賸餘,1080703,當選後與其公務有關之費用支出,欣湖瓦斯,,0.00,120.00,瓦斯費用,金錢,,02 2*****,
191,高嘉瑜,107年直轄市議員選舉,第一次賸餘,1080703,當選後與其公務有關之費用支出,香帥西點蛋糕店,02330230,0.00,250.00,餐飲費用,金錢,,,
192,高嘉瑜,107年直轄市議員選舉,第一次賸餘,1080704,當選後與其公務有關之費用支出,京華城,97170634,0.00,445.00,餐飲費用,金錢,,,
193,高嘉瑜,107年直轄市議員選舉,第一次賸餘,1080706,當選後與其公務有關之費用支出,星巴克,28193598,0.00,300.00,餐飲費用,金錢,,,
194,高嘉瑜,107年直轄市議員選舉,第一次賸餘,1080708,當選後與其公務有關之費用支出,湖砌大廈管理委員會,25633967,0.00,3728.00,租用競選辦事處費用,金錢,,,
195,高嘉瑜,107年直轄市議員選舉,第一次賸餘,1080709,當選後與其公務有關之費用支出,紫陽加油站,86492052,0.00,500.00,油資,金錢,,,
196,高嘉瑜,107年直轄市議員選舉,第一次賸餘,1080710,當選後與其公務有關之費用支出,台北市停車管理處,,0.00,125.00,停車費,金錢,,02-2*****,
197,高嘉瑜,107年直轄市議員選舉,第一次賸餘,1080711,當選後與其公務有關之費用支出,7-11,16091694,0.00,53.00,餐飲費用,金錢,,,
198,高嘉瑜,107年直轄市議員選舉,第一次賸餘,1080711,當選後與其公務有關之費用支出,歐立食品,43800495,0.00,240.00,餐飲費用,金錢,,,
199,高嘉瑜,107年直轄市議員選舉,第一次賸餘,1080714,當選後與其公務有關之費用支出,台灣中油,08590459,0.00,930.00,油資,金錢,,,
200,高嘉瑜,107年直轄市議員選舉,第一次賸餘,1080715,當選後與其公務有關之費用支出,海力士,0227370838,0.00,1243.00,餐飲費用,金錢,,0227*****,
201,高嘉瑜,107年直轄市議員選舉,第一次賸餘,1080715,當選後與其公務有關之費用支出,7-11,24798408,0.00,90.00,餐飲費用,金錢,,,
202,高嘉瑜,107年直轄市議員選舉,第一次賸餘,1080720,當選後與其公務有關之費用支出,麥當勞,53656619,0.00,379.00,餐飲費用,金錢,,,
203,高嘉瑜,107年直轄市議員選舉,第一次賸餘,1080722,當選後與其公務有關之費用支出,新北市停車管理處,,0.00,140.00,停車費,金錢,,02-2*****,
204,高嘉瑜,107年直轄市議員選舉,第一次賸餘,1080722,當選後與其公務有關之費用支出,台北市停車管理處,,0.00,100.00,停車費,金錢,,02-2*****,
205,高嘉瑜,107年直轄市議員選舉,第一次賸餘,1080722,當選後與其公務有關之費用支出,台灣中油,08590444,0.00,500.00,油資,金錢,,,
206,高嘉瑜,107年直轄市議員選舉,第一次賸餘,1080722,當選後與其公務有關之費用支出,全聯,24806420,0.00,75.00,衛生紙,金錢,,,
207,高嘉瑜,107年直轄市議員選舉,第一次賸餘,1080723,當選後與其公務有關之費用支出,麥當勞,70765555,0.00,329.00,餐飲費用,金錢,,,
208,高嘉瑜,107年直轄市議員選舉,第一次賸餘,1080726,當選後與其公務有關之費用支出,7-11,54398180,0.00,147.00,餐飲費用,金錢,,,
209,高嘉瑜,107年直轄市議員選舉,第一次賸餘,1080726,當選後與其公務有關之費用支出,麻古茶坊,73701471,0.00,210.00,餐飲費用,金錢,,,
210,高嘉瑜,107年直轄市議員選舉,第一次賸餘,1080727,當選後與其公務有關之費用支出,85度C,42184439,0.00,241.00,餐飲費用,金錢,,,
211,高嘉瑜,107年直轄市議員選舉,第一次賸餘,1080727,當選後與其公務有關之費用支出,好市多,54399012,0.00,7852.00,餐飲費用,金錢,,,
212,高嘉瑜,107年直轄市議員選舉,第一次賸餘,1080727,當選後與其公務有關之費用支出,好市多,54399012,0.00,675.00,餐飲費用,金錢,,,
213,高嘉瑜,107年直轄市議員選舉,第一次賸餘,1080728,當選後與其公務有關之費用支出,台亞石油,09663731,0.00,500.00,油資,金錢,,,
214,高嘉瑜,107年直轄市議員選舉,第一次賸餘,1080730,當選後與其公務有關之費用支出,詮瑩有限公司,,0.00,3720.00,餐飲費用,金錢,,02-2*****,
215,高嘉瑜,107年直轄市議員選舉,第一次賸餘,1080730,當選後與其公務有關之費用支出,統一百華,28994845,0.00,117.00,餐飲費用,金錢,,,
216,高嘉瑜,107年直轄市議員選舉,第一次賸餘,1080731,當選後與其公務有關之費用支出,李其魯,A12*******,0.00,20000.00,獎金或津貼,金錢,臺北市大安區****,,
217,高嘉瑜,107年直轄市議員選舉,第一次賸餘,1080731,當選後與其公務有關之費用支出,高仕儒,C12*******,0.00,22000.00,獎金或津貼,金錢,基隆市信義區****,,
218,高嘉瑜,107年直轄市議員選舉,第一次賸餘,1080731,當選後與其公務有關之費用支出,張昱偉,M12*******,0.00,18000.00,獎金或津貼,金錢,基隆市信義區****,,
219,高嘉瑜,107年直轄市議員選舉,第一次賸餘,1080731,當選後與其公務有關之費用支出,張苡柔,M22*******,0.00,50000.00,工資或薪津,金錢,基隆市信義區****,,
220,高嘉瑜,107年直轄市議員選舉,第一次賸餘,1080731,當選後與其公務有關之費用支出,張家惠,M22*******,0.00,30000.00,工資或薪津,金錢,基隆市信義區****,,
221,高嘉瑜,107年直轄市議員選舉,第一次賸餘,1080801,當選後與其公務有關之費用支出,台灣中油,08590459,0.00,930.00,油資,金錢,,,
222,高嘉瑜,107年直轄市議員選舉,第一次賸餘,1080801,當選後與其公務有關之費用支出,誠品生活,27258328,0.00,2488.00,餐飲費用,金錢,,,
223,高嘉瑜,107年直轄市議員選舉,第一次賸餘,1080803,當選後與其公務有關之費用支出,全家,27950138,0.00,30.00,餐飲費用,金錢,,,
224,高嘉瑜,107年直轄市議員選舉,第一次賸餘,1080805,當選後與其公務有關之費用支出,台灣中油,08590444,0.00,500.00,油資,金錢,,,
225,高嘉瑜,107年直轄市議員選舉,第一次賸餘,1080805,當選後與其公務有關之費用支出,君悅食品行,81706695,0.00,355.00,餐飲費用,金錢,,,
226,高嘉瑜,107年直轄市議員選舉,第一次賸餘,1080806,當選後與其公務有關之費用支出,台北市停車管理處,,0.00,80.00,停車費,金錢,,02-2*****,
227,高嘉瑜,107年直轄市議員選舉,第一次賸餘,1080808,當選後與其公務有關之費用支出,順珍烘焙餅家,24569279,0.00,474.00,餐飲費用,金錢,,,
228,高嘉瑜,107年直轄市議員選舉,第一次賸餘,1080809,當選後與其公務有關之費用支出,八方雲集,82384139,0.00,545.00,餐飲費用,金錢,,,
229,高嘉瑜,107年直轄市議員選舉,第一次賸餘,1080814,當選後與其公務有關之費用支出,台北市停車管理處,,0.00,130.00,停車費,金錢,,02-2*****,
230,高嘉瑜,107年直轄市議員選舉,第一次賸餘,1080814,當選後與其公務有關之費用支出,新北市停車管理處,,0.00,170.00,停車費,金錢,,02-2*****,
231,高嘉瑜,107年直轄市議員選舉,第一次賸餘,1080814,當選後與其公務有關之費用支出,燒菓子烘焙坊,09825476,0.00,198.00,餐飲費用,金錢,,,
232,高嘉瑜,107年直轄市議員選舉,第一次賸餘,1080814,當選後與其公務有關之費用支出,全聯,24806420,0.00,451.00,餐飲支出,金錢,,,
233,高嘉瑜,107年直轄市議員選舉,第一次賸餘,1080814,當選後與其公務有關之費用支出,爭鮮,85202766,0.00,102.00,餐飲費用,金錢,,,
234,高嘉瑜,107年直轄市議員選舉,第一次賸餘,1080815,當選後與其公務有關之費用支出,全聯,24806420,0.00,142.00,雜項購置,金錢,,,
235,高嘉瑜,107年直轄市議員選舉,第一次賸餘,1080815,當選後與其公務有關之費用支出,湖砌大廈管理委員會,25633967,0.00,3728.00,租用競選辦事處費用,金錢,,,
236,高嘉瑜,107年直轄市議員選舉,第一次賸餘,1080815,當選後與其公務有關之費用支出,誠品生活,53754169,0.00,333.00,餐飲費用,金錢,,,
237,高嘉瑜,107年直轄市議員選舉,第一次賸餘,1080816,當選後與其公務有關之費用支出,金明堂香行,,0.00,410.00,雜項購置,金錢,,02-2*****,
238,高嘉瑜,107年直轄市議員選舉,第一次賸餘,1080816,當選後與其公務有關之費用支出,新光三越,16091596,0.00,952.00,餐飲費用,金錢,,,
239,高嘉瑜,107年直轄市議員選舉,第一次賸餘,1080816,當選後與其公務有關之費用支出,可不可熟成紅茶,42557438,0.00,355.00,餐飲費用,金錢,,,
240,高嘉瑜,107年直轄市議員選舉,第一次賸餘,1080817,當選後與其公務有關之費用支出,OK,70754939,0.00,53.00,餐飲費用,金錢,,,
241,高嘉瑜,107年直轄市議員選舉,第一次賸餘,1080817,當選後與其公務有關之費用支出,富利餐飲,80541099,0.00,930.00,餐飲費用,金錢,,,
242,高嘉瑜,107年直轄市議員選舉,第一次賸餘,1080818,當選後與其公務有關之費用支出,台灣中油,08590459,0.00,837.00,油資,金錢,,,
243,高嘉瑜,107年直轄市議員選舉,第一次賸餘,1080818,當選後與其公務有關之費用支出,7-11,16091694,0.00,60.00,餐飲費用,金錢,,,
244,高嘉瑜,107年直轄市議員選舉,第一次賸餘,1080818,當選後與其公務有關之費用支出,麥當勞,16094616,0.00,185.00,餐飲費用,金錢,,,
245,高嘉瑜,107年直轄市議員選舉,第一次賸餘,1080819,當選後與其公務有關之費用支出,麥當勞,24806929,0.00,568.00,餐飲費用,金錢,,,
246,高嘉瑜,107年直轄市議員選舉,第一次賸餘,1080820,當選後與其公務有關之費用支出,八方雲集,48900085,0.00,217.00,餐飲費用,金錢,,,
247,高嘉瑜,107年直轄市議員選舉,第一次賸餘,1080820,當選後與其公務有關之費用支出,國光客運,70810572,0.00,810.00,回數票,金錢,,,
248,高嘉瑜,107年直轄市議員選舉,第一次賸餘,1080821,當選後與其公務有關之費用支出,台灣中油,08590444,0.00,500.00,油資,金錢,,,
249,高嘉瑜,107年直轄市議員選舉,第一次賸餘,1080823,當選後與其公務有關之費用支出,7-11,16835610,0.00,200.00,餐飲費用,金錢,,,
250,高嘉瑜,107年直轄市議員選舉,第一次賸餘,1080824,當選後與其公務有關之費用支出,爭鮮,37989029,0.00,55.00,餐飲費用,金錢,,,
251,高嘉瑜,107年直轄市議員選舉,第一次賸餘,1080824,當選後與其公務有關之費用支出,三商巧福,72774974,0.00,165.00,餐飲費用,金錢,,,
252,高嘉瑜,107年直轄市議員選舉,第一次賸餘,1080824,當選後與其公務有關之費用支出,三商巧福,72774974,0.00,258.00,餐飲費用,金錢,,,
253,高嘉瑜,107年直轄市議員選舉,第一次賸餘,1080825,當選後與其公務有關之費用支出,85度c,09980075,0.00,241.00,餐飲費用,金錢,,,
254,高嘉瑜,107年直轄市議員選舉,第一次賸餘,1080825,當選後與其公務有關之費用支出,麥當勞,24806863,0.00,456.00,餐飲費用,金錢,,,
255,高嘉瑜,107年直轄市議員選舉,第一次賸餘,1080826,當選後與其公務有關之費用支出,墊腳石,25124611,0.00,64.00,文具用品費用,金錢,,,
256,高嘉瑜,107年直轄市議員選舉,第一次賸餘,1080826,當選後與其公務有關之費用支出,三商巧福,89397102,0.00,115.00,餐飲費用,金錢,,,
257,高嘉瑜,107年直轄市議員選舉,第一次賸餘,1080827,當選後與其公務有關之費用支出,臺北自來水,,0.00,210.00,水電瓦斯費用,金錢,,(02)*****,
258,高嘉瑜,107年直轄市議員選舉,第一次賸餘,1080827,當選後與其公務有關之費用支出,7-11,16835610,0.00,183.00,餐飲費用,金錢,,,
259,高嘉瑜,107年直轄市議員選舉,第一次賸餘,1080827,當選後與其公務有關之費用支出,誠品生活,53754169,0.00,450.00,餐飲費用,金錢,,,
260,高嘉瑜,107年直轄市議員選舉,第一次賸餘,1080827,當選後與其公務有關之費用支出,誠品生活,53754169,0.00,870.00,餐飲費用,金錢,,,
261,高嘉瑜,107年直轄市議員選舉,第一次賸餘,1080827,當選後與其公務有關之費用支出,誠品生活,53754169,0.00,169.00,餐飲費用,金錢,,,
262,高嘉瑜,107年直轄市議員選舉,第一次賸餘,1080827,當選後與其公務有關之費用支出,好市多,54399012,0.00,318.00,餐飲費用,金錢,,,
263,高嘉瑜,107年直轄市議員選舉,第一次賸餘,1080829,當選後與其公務有關之費用支出,城市車旅,41457880,0.00,60.00,停車費,金錢,,,
264,高嘉瑜,107年直轄市議員選舉,第一次賸餘,1080829,當選後與其公務有關之費用支出,袋袋相傳,53104829,0.00,208.00,文具用品費用,金錢,,,
265,高嘉瑜,107年直轄市議員選舉,第一次賸餘,1080829,當選後與其公務有關之費用支出,麥當勞,53656619,0.00,203.00,餐飲費用,金錢,,,
266,高嘉瑜,107年直轄市議員選舉,第一次賸餘,1080830,當選後與其公務有關之費用支出,詮瑩有限公司,66632246,0.00,9760.00,餐飲費用,金錢,,,
267,高嘉瑜,107年直轄市議員選舉,第一次賸餘,1080830,當選後與其公務有關之費用支出,李其魯,A12*******,0.00,20000.00,獎金或津貼,金錢,臺北市大安區****,,
268,高嘉瑜,107年直轄市議員選舉,第一次賸餘,1080830,當選後與其公務有關之費用支出,高仕儒,C12*******,0.00,22000.00,獎金或津貼,金錢,基隆市信義區****,,
269,高嘉瑜,107年直轄市議員選舉,第一次賸餘,1080830,當選後與其公務有關之費用支出,張昱偉,M12*******,0.00,18000.00,獎金或津貼,金錢,基隆市信義區****,,
270,高嘉瑜,107年直轄市議員選舉,第一次賸餘,1080830,當選後與其公務有關之費用支出,張苡柔,M22*******,0.00,50000.00,工資或薪津,金錢,基隆市信義區****,,
271,高嘉瑜,107年直轄市議員選舉,第一次賸餘,1080830,當選後與其公務有關之費用支出,張家惠,M22*******,0.00,30000.00,工資或薪津,金錢,基隆市信義區****,,
272,高嘉瑜,107年直轄市議員選舉,第一次賸餘,1080831,當選後與其公務有關之費用支出,星巴克,28193598,0.00,185.00,餐飲費用,金錢,,,
273,高嘉瑜,107年直轄市議員選舉,第一次賸餘,1080831,當選後與其公務有關之費用支出,億美商行,82260783,0.00,361.00,餐飲費用,金錢,,,
274,高嘉瑜,107年直轄市議員選舉,第一次賸餘,1080902,當選後與其公務有關之費用支出,立吉購商行,,0.00,299.00,雜項購置,金錢,,0492*****,
275,高嘉瑜,107年直轄市議員選舉,第一次賸餘,1080902,當選後與其公務有關之費用支出,7-11,53018541,0.00,224.00,餐飲費用,金錢,,,
276,高嘉瑜,107年直轄市議員選舉,第一次賸餘,1080903,當選後與其公務有關之費用支出,康寧加油站,23450344,0.00,500.00,油資,金錢,,,
277,高嘉瑜,107年直轄市議員選舉,第一次賸餘,1080904,當選後與其公務有關之費用支出,欣湖瓦斯,,0.00,120.00,瓦斯費用,金錢,,02-2*****,
278,高嘉瑜,107年直轄市議員選舉,第一次賸餘,1080904,當選後與其公務有關之費用支出,新北市停管處,,0.00,50.00,停車費,金錢,,2970*****,
279,高嘉瑜,107年直轄市議員選舉,第一次賸餘,1080904,當選後與其公務有關之費用支出,台北市停管處,,0.00,30.00,停車費,金錢,,02 2*****,
280,高嘉瑜,107年直轄市議員選舉,第一次賸餘,1080904,當選後與其公務有關之費用支出,台灣電力,03795904,0.00,2799.00,電費,金錢,,,
281,高嘉瑜,107年直轄市議員選舉,第一次賸餘,1080904,當選後與其公務有關之費用支出,台灣中油,08590459,0.00,964.00,油資,金錢,,,
282,高嘉瑜,107年直轄市議員選舉,第一次賸餘,1080904,當選後與其公務有關之費用支出,大潤發,80033587,0.00,1408.00,餐飲費用,金錢,,,
283,高嘉瑜,107年直轄市議員選舉,第一次賸餘,1080906,當選後與其公務有關之費用支出,君悅食品行,81706695,0.00,355.00,餐飲費用,金錢,,,
284,高嘉瑜,107年直轄市議員選舉,第一次賸餘,1080907,當選後與其公務有關之費用支出,台灣中油,08590444,0.00,500.00,油資,金錢,,,
285,高嘉瑜,107年直轄市議員選舉,第一次賸餘,1080907,當選後與其公務有關之費用支出,全家,27950138,0.00,107.00,餐飲費用,金錢,,,
286,高嘉瑜,107年直轄市議員選舉,第一次賸餘,1080907,當選後與其公務有關之費用支出,麥當勞,97179760,0.00,340.00,餐飲費用,金錢,,,
287,高嘉瑜,107年直轄市議員選舉,第一次賸餘,1080908,當選後與其公務有關之費用支出,藏壽司松江南京店,38645184,0.00,1580.00,餐飲費用,金錢,,,
288,高嘉瑜,107年直轄市議員選舉,第一次賸餘,1080909,當選後與其公務有關之費用支出,幸福品味,53556436,0.00,409.00,餐飲費用,金錢,,,
289,高嘉瑜,107年直轄市議員選舉,第一次賸餘,1080909,當選後與其公務有關之費用支出,誠品生活,53754169,0.00,1215.00,餐飲費用,金錢,,,
290,高嘉瑜,107年直轄市議員選舉,第一次賸餘,1080909,當選後與其公務有關之費用支出,誠品生活,53754169,0.00,870.00,餐飲費用,金錢,,,
291,高嘉瑜,107年直轄市議員選舉,第一次賸餘,1080910,當選後與其公務有關之費用支出,湖砌大廈管委會,,0.00,3728.00,租用競選辦事處費用,金錢,臺北市內湖區****,,
292,高嘉瑜,107年直轄市議員選舉,第一次賸餘,1080910,當選後與其公務有關之費用支出,國光客運,70810572,0.00,810.00,回數票,金錢,,,
293,高嘉瑜,107年直轄市議員選舉,第一次賸餘,1080911,當選後與其公務有關之費用支出,康寧加油站,23450344,0.00,500.00,油資,金錢,,,
294,高嘉瑜,107年直轄市議員選舉,第一次賸餘,1080911,當選後與其公務有關之費用支出,成祥交通有限公司,72775426,0.00,20.00,停車費,金錢,,,
295,高嘉瑜,107年直轄市議員選舉,第一次賸餘,1080912,當選後與其公務有關之費用支出,麥當勞,96971806,0.00,361.00,餐飲費用,金錢,,,
296,高嘉瑜,107年直轄市議員選舉,第一次賸餘,1080913,當選後與其公務有關之費用支出,三愛停車場,41247230,0.00,150.00,停車費,金錢,,,
297,高嘉瑜,107年直轄市議員選舉,第一次賸餘,1080914,當選後與其公務有關之費用支出,牛犢飲食店,,0.00,2101.00,餐飲費用,金錢,,02-2*****,
298,高嘉瑜,107年直轄市議員選舉,第一次賸餘,1080914,當選後與其公務有關之費用支出,遠東SOGO,16450683,0.00,350.00,餐飲費用,金錢,,,
299,高嘉瑜,107年直轄市議員選舉,第一次賸餘,1080914,當選後與其公務有關之費用支出,三愛停車場,41247230,0.00,75.00,停車費,金錢,,,
300,高嘉瑜,107年直轄市議員選舉,第一次賸餘,1080914,當選後與其公務有關之費用支出,湘鼎有限公司,70657176,0.00,4587.00,餐飲費用,金錢,,,
301,高嘉瑜,107年直轄市議員選舉,第一次賸餘,1080914,當選後與其公務有關之費用支出,京華城,97170634,0.00,1500.00,雜項購置,金錢,,,
302,高嘉瑜,107年直轄市議員選舉,第一次賸餘,1080917,當選後與其公務有關之費用支出,7-11,53018541,0.00,572.00,餐飲費用,金錢,,,
303,高嘉瑜,107年直轄市議員選舉,第一次賸餘,1080918,當選後與其公務有關之費用支出,新北市停管處,,0.00,50.00,停車費,金錢,,2970*****,
304,高嘉瑜,107年直轄市議員選舉,第一次賸餘,1080918,當選後與其公務有關之費用支出,台灣中油,08590459,0.00,799.00,油資,金錢,,,
305,高嘉瑜,107年直轄市議員選舉,第一次賸餘,1080921,當選後與其公務有關之費用支出,麥當勞,24806929,0.00,324.00,餐飲費用,金錢,,,
306,高嘉瑜,107年直轄市議員選舉,第一次賸餘,1080921,當選後與其公務有關之費用支出,三愛停車場,41247230,0.00,100.00,停車費,金錢,,,
307,高嘉瑜,107年直轄市議員選舉,第一次賸餘,1080921,當選後與其公務有關之費用支出,三愛停車場,41247230,0.00,200.00,停車費,金錢,,,
308,高嘉瑜,107年直轄市議員選舉,第一次賸餘,1080922,當選後與其公務有關之費用支出,三愛停車場,41247230,0.00,75.00,停車費,金錢,,,
309,高嘉瑜,107年直轄市議員選舉,第一次賸餘,1080924,當選後與其公務有關之費用支出,麻古茶坊,73701471,0.00,361.00,餐飲費用,金錢,,,
310,高嘉瑜,107年直轄市議員選舉,第一次賸餘,1080925,當選後與其公務有關之費用支出,7-11,27931962,0.00,108.00,餐飲費用,金錢,,,
311,高嘉瑜,107年直轄市議員選舉,第一次賸餘,1080925,當選後與其公務有關之費用支出,三愛停車場,41247230,0.00,75.00,停車費,金錢,,,
312,高嘉瑜,107年直轄市議員選舉,第一次賸餘,1080925,當選後與其公務有關之費用支出,三愛停車場,41247230,0.00,75.00,停車費,金錢,,,
313,高嘉瑜,107年直轄市議員選舉,第一次賸餘,1080925,當選後與其公務有關之費用支出,劉媽媽菜包,54520675,0.00,700.00,餐飲費用,金錢,,,
314,高嘉瑜,107年直轄市議員選舉,第一次賸餘,1080928,當選後與其公務有關之費用支出,好市多,16846757,0.00,477.00,餐飲費用,金錢,,,
315,高嘉瑜,107年直轄市議員選舉,第一次賸餘,1080928,當選後與其公務有關之費用支出,麥當勞,70765555,0.00,185.00,餐飲費用,金錢,,,
316,高嘉瑜,107年直轄市議員選舉,第一次賸餘,1080928,當選後與其公務有關之費用支出,市民大道涮涮鍋,72921808,0.00,583.00,餐飲費用,金錢,,,
317,高嘉瑜,107年直轄市議員選舉,第一次賸餘,1080929,當選後與其公務有關之費用支出,三愛停車場,41247230,0.00,150.00,停車費,金錢,,,
318,高嘉瑜,107年直轄市議員選舉,第一次賸餘,1080929,當選後與其公務有關之費用支出,漢堡王,82322211,0.00,169.00,餐飲費用,金錢,,,
319,高嘉瑜,107年直轄市議員選舉,第一次賸餘,1080930,當選後與其公務有關之費用支出,詮瑩有限公司,66632246,0.00,9460.00,餐飲費用,金錢,,,
320,高嘉瑜,107年直轄市議員選舉,第一次賸餘,1081001,當選後與其公務有關之費用支出,固德汽車股份有限公司,,0.00,300.00,驗車,金錢,,(02)*****,
321,高嘉瑜,107年直轄市議員選舉,第一次賸餘,1081001,當選後與其公務有關之費用支出,台灣中油,08590459,0.00,927.00,油資,金錢,,,
322,高嘉瑜,107年直轄市議員選舉,第一次賸餘,1081001,當選後與其公務有關之費用支出,康寧加油站,23450344,0.00,500.00,油資,金錢,,,
323,高嘉瑜,107年直轄市議員選舉,第一次賸餘,1081001,當選後與其公務有關之費用支出,TOYOTA,23528808,0.00,7038.00,維修宣傳車輛支出,金錢,,,
324,高嘉瑜,107年直轄市議員選舉,第一次賸餘,1081001,當選後與其公務有關之費用支出,幸福品味,53556436,0.00,705.00,餐飲費用,金錢,,,
325,高嘉瑜,107年直轄市議員選舉,第一次賸餘,1081003,當選後與其公務有關之費用支出,宜家家居,28005569,0.00,942.00,餐飲費用,金錢,,,
326,高嘉瑜,107年直轄市議員選舉,第一次賸餘,1081003,當選後與其公務有關之費用支出,大潤發,80033587,0.00,1289.00,餐飲費用,金錢,,,
327,高嘉瑜,107年直轄市議員選舉,第一次賸餘,1081004,當選後與其公務有關之費用支出,麗明花苑,04804711,0.00,2000.00,雜項購置,金錢,,,
328,高嘉瑜,107年直轄市議員選舉,第一次賸餘,1081005,當選後與其公務有關之費用支出,國光客運,70810572,0.00,810.00,回數票,金錢,,,
329,高嘉瑜,107年直轄市議員選舉,第一次賸餘,1081006,當選後與其公務有關之費用支出,漢堡王,82322211,0.00,308.00,餐飲費用,金錢,,,
330,高嘉瑜,107年直轄市議員選舉,第一次賸餘,1081008,當選後與其公務有關之費用支出,台灣中油,08590444,0.00,500.00,油資,金錢,,,
331,高嘉瑜,107年直轄市議員選舉,第一次賸餘,1081011,當選後與其公務有關之費用支出,台灣中油,08590444,0.00,500.00,油資,金錢,,,
332,高嘉瑜,107年直轄市議員選舉,第一次賸餘,1081013,當選後與其公務有關之費用支出,墊腳石,25124611,0.00,74.00,文具用品費用,金錢,,,
333,高嘉瑜,107年直轄市議員選舉,第一次賸餘,1081013,當選後與其公務有關之費用支出,墊腳石,25124611,0.00,63.00,文具用品費用,金錢,,,
334,高嘉瑜,107年直轄市議員選舉,第一次賸餘,1081014,當選後與其公務有關之費用支出,台北市停管處,,0.00,375.00,停車費,金錢,,02 2*****,
335,高嘉瑜,107年直轄市議員選舉,第一次賸餘,1081014,當選後與其公務有關之費用支出,新北市停管處,,0.00,260.00,停車費,金錢,,2970*****,
336,高嘉瑜,107年直轄市議員選舉,第一次賸餘,1081016,當選後與其公務有關之費用支出,中華郵政,,0.00,800.00,郵資,金錢,,02-2*****,
337,高嘉瑜,107年直轄市議員選舉,第一次賸餘,1081016,當選後與其公務有關之費用支出,湖砌大廈管委會,25633967,0.00,3728.00,租用競選辦事處費用,金錢,,,
338,高嘉瑜,107年直轄市議員選舉,第一次賸餘,1081016,當選後與其公務有關之費用支出,紫陽加油站,86492052,0.00,500.00,油資,金錢,,,
339,高嘉瑜,107年直轄市議員選舉,第一次賸餘,1081017,當選後與其公務有關之費用支出,全聯,24806420,0.00,73.00,雜項購置,金錢,,,
340,高嘉瑜,107年直轄市議員選舉,第一次賸餘,1081020,當選後與其公務有關之費用支出,圖圖咖啡,01684380,0.00,540.00,餐飲費用,金錢,,,
341,高嘉瑜,107年直轄市議員選舉,第一次賸餘,1081023,當選後與其公務有關之費用支出,台北市停管處,,0.00,155.00,停車費,金錢,,02 2*****,
342,高嘉瑜,107年直轄市議員選舉,第一次賸餘,1081023,當選後與其公務有關之費用支出,新北市停管處,,0.00,100.00,停車費,金錢,,2970*****,
343,高嘉瑜,107年直轄市議員選舉,第一次賸餘,1081023,當選後與其公務有關之費用支出,台灣電力,03795904,0.00,2832.00,水電瓦斯費用,金錢,,,
344,高嘉瑜,107年直轄市議員選舉,第一次賸餘,1081023,當選後與其公務有關之費用支出,康寧加油站,23450344,0.00,500.00,油資,金錢,,,
345,高嘉瑜,107年直轄市議員選舉,第一次賸餘,1081024,當選後與其公務有關之費用支出,國光客運,70810572,0.00,810.00,回數票,金錢,,,
346,高嘉瑜,107年直轄市議員選舉,第一次賸餘,1081026,當選後與其公務有關之費用支出,7-11,16091694,0.00,197.00,餐飲費用,金錢,,,
347,高嘉瑜,107年直轄市議員選舉,第一次賸餘,1081026,當選後與其公務有關之費用支出,協記加油站,23147934,0.00,500.00,油資,金錢,,,
348,高嘉瑜,107年直轄市議員選舉,第一次賸餘,1081026,當選後與其公務有關之費用支出,50嵐,42418957,0.00,140.00,餐飲費用,金錢,,,
349,高嘉瑜,107年直轄市議員選舉,第一次賸餘,1081026,當選後與其公務有關之費用支出,麥當勞,97179760,0.00,484.00,餐飲費用,金錢,,,
350,高嘉瑜,107年直轄市議員選舉,第一次賸餘,1081027,當選後與其公務有關之費用支出,協記加油站,23147934,0.00,500.00,油資,金錢,,,
351,高嘉瑜,107年直轄市議員選舉,第一次賸餘,1081028,當選後與其公務有關之費用支出,李鵠餅店,,0.00,636.00,餐飲費用,金錢,,02-2*****,
352,高嘉瑜,107年直轄市議員選舉,第一次賸餘,1081030,當選後與其公務有關之費用支出,劉媽媽菜包,54520675,0.00,580.00,餐飲費用,金錢,,,
353,高嘉瑜,107年直轄市議員選舉,第一次賸餘,1081030,當選後與其公務有關之費用支出,詮瑩有限公司,66632246,0.00,8560.00,餐飲費用,金錢,,,
354,高嘉瑜,107年直轄市議員選舉,第一次賸餘,1081030,當選後與其公務有關之費用支出,紫陽加油站,86492052,0.00,500.00,油資,金錢,,,
355,高嘉瑜,107年直轄市議員選舉,第一次賸餘,1081101,當選後與其公務有關之費用支出,麥當勞,53656619,0.00,237.00,餐飲費用,金錢,,,
356,高嘉瑜,107年直轄市議員選舉,第一次賸餘,1081102,當選後與其公務有關之費用支出,紫陽加油站,86492052,0.00,500.00,油資,金錢,,,
357,高嘉瑜,107年直轄市議員選舉,第一次賸餘,1081103,當選後與其公務有關之費用支出,太鼓判小吃店,26337818,0.00,1445.00,餐飲費用,金錢,,,
358,高嘉瑜,107年直轄市議員選舉,第一次賸餘,1081104,當選後與其公務有關之費用支出,欣湖瓦斯,,0.00,120.00,瓦斯費用,金錢,,02-2*****,
359,高嘉瑜,107年直轄市議員選舉,第一次賸餘,1081104,當選後與其公務有關之費用支出,新北市停管處,,0.00,290.00,停車費,金錢,,2970*****,
360,高嘉瑜,107年直轄市議員選舉,第一次賸餘,1081105,當選後與其公務有關之費用支出,全聯,24806420,0.00,65.00,雜項購置,金錢,,,
361,高嘉瑜,107年直轄市議員選舉,第一次賸餘,1081106,當選後與其公務有關之費用支出,協記加油站,23147934,0.00,500.00,油資,金錢,,,
362,高嘉瑜,107年直轄市議員選舉,第一次賸餘,1081106,當選後與其公務有關之費用支出,香傳食品有限公司,54367200,0.00,650.00,餐飲費用,金錢,,,
363,高嘉瑜,107年直轄市議員選舉,第一次賸餘,1081106,當選後與其公務有關之費用支出,小李子餐廳,97123817,0.00,450.00,餐飲費用,金錢,,,
364,高嘉瑜,107年直轄市議員選舉,第一次賸餘,1081108,當選後與其公務有關之費用支出,麗明花苑,04804711,0.00,2000.00,雜項購置,金錢,,,
365,高嘉瑜,107年直轄市議員選舉,第一次賸餘,1081108,當選後與其公務有關之費用支出,麗明花苑,04804711,0.00,2000.00,雜項購置,金錢,,,
366,高嘉瑜,107年直轄市議員選舉,第一次賸餘,1081111,當選後與其公務有關之費用支出,台灣中油,08590444,0.00,500.00,油資,金錢,,,
367,高嘉瑜,107年直轄市議員選舉,第一次賸餘,1081112,當選後與其公務有關之費用支出,台北市停管處,,0.00,280.00,停車費,金錢,,02 2*****,
368,高嘉瑜,107年直轄市議員選舉,第一次賸餘,1081114,當選後與其公務有關之費用支出,協記加油站,23147934,0.00,500.00,油資,金錢,,,
369,高嘉瑜,107年直轄市議員選舉,第一次賸餘,1081115,當選後與其公務有關之費用支出,湖砌大廈管理委員會,25633967,0.00,3728.00,租用競選辦事處費用,金錢,,,
370,高嘉瑜,107年直轄市議員選舉,第一次賸餘,1081115,當選後與其公務有關之費用支出,國光客運,70810572,0.00,810.00,回數票,金錢,,,
371,高嘉瑜,107年直轄市議員選舉,第一次賸餘,1081117,當選後與其公務有關之費用支出,新北市農會希望廣場,25637886,0.00,200.00,停車費,金錢,,,
372,高嘉瑜,107年直轄市議員選舉,第一次賸餘,1081119,當選後與其公務有關之費用支出,中華郵政,,0.00,1000.00,郵資,金錢,,2321*****,
373,高嘉瑜,107年直轄市議員選舉,第一次賸餘,1081119,當選後與其公務有關之費用支出,康寧加油站,23450344,0.00,500.00,油資,金錢,,,
374,高嘉瑜,107年直轄市議員選舉,第一次賸餘,1081121,當選後與其公務有關之費用支出,台北市停管處,,0.00,455.00,停車費,金錢,,02 2*****,
375,高嘉瑜,107年直轄市議員選舉,第一次賸餘,1081124,當選後與其公務有關之費用支出,四海加油站,84246529,0.00,500.00,油資,金錢,,,
376,高嘉瑜,107年直轄市議員選舉,第一次賸餘,1081125,當選後與其公務有關之費用支出,麥當勞,53656619,0.00,148.00,餐飲費用,金錢,,,
377,高嘉瑜,107年直轄市議員選舉,第一次賸餘,1081127,當選後與其公務有關之費用支出,魚金貿易有限公司,31812664,0.00,420.00,餐飲費用,金錢,,,
378,高嘉瑜,107年直轄市議員選舉,第一次賸餘,1081127,當選後與其公務有關之費用支出,紫陽加油站,86492052,0.00,500.00,油資,金錢,,,
379,高嘉瑜,107年直轄市議員選舉,第一次賸餘,1081127,當選後與其公務有關之費用支出,麥當勞,96971989,0.00,230.00,餐飲費用,金錢,,,
380,高嘉瑜,107年直轄市議員選舉,第一次賸餘,1081128,當選後與其公務有關之費用支出,台北市停管處,,0.00,380.00,停車費,金錢,,02 2*****,
381,高嘉瑜,107年直轄市議員選舉,第一次賸餘,1081128,當選後與其公務有關之費用支出,麥當勞,24619307,0.00,163.00,餐飲費用,金錢,,,
382,高嘉瑜,107年直轄市議員選舉,第一次賸餘,1081128,當選後與其公務有關之費用支出,全家超商,51464875,0.00,440.00,雜項購置,金錢,,,
383,高嘉瑜,107年直轄市議員選舉,第一次賸餘,1081129,當選後與其公務有關之費用支出,文采生活館有限公司,24774671,0.00,90.00,雜項購置,金錢,,,
384,高嘉瑜,107年直轄市議員選舉,第一次賸餘,1081129,當選後與其公務有關之費用支出,麥當勞,53656619,0.00,252.00,餐飲費用,金錢,,,
385,高嘉瑜,107年直轄市議員選舉,第一次賸餘,1081130,當選後與其公務有關之費用支出,詮瑩有限公司,66632246,0.00,8800.00,餐飲費用,金錢,,,
386,高嘉瑜,107年直轄市議員選舉,第一次賸餘,1081201,當選後與其公務有關之費用支出,麥當勞,53656619,0.00,173.00,餐飲費用,金錢,,,
387,高嘉瑜,107年直轄市議員選舉,第一次賸餘,1081202,當選後與其公務有關之費用支出,協記加油站,,0.00,500.00,油資,金錢,,02 2*****,
388,高嘉瑜,107年直轄市議員選舉,第一次賸餘,1081202,當選後與其公務有關之費用支出,美七佳蛋糕行,05250076,0.00,420.00,餐飲費用,金錢,,,
389,高嘉瑜,107年直轄市議員選舉,第一次賸餘,1081202,當選後與其公務有關之費用支出,梁社漢排骨飯,75970078,0.00,220.00,餐飲費用,金錢,,,
390,高嘉瑜,107年直轄市議員選舉,第一次賸餘,1081202,當選後與其公務有關之費用支出,和德昌股份有限公司,96976443,0.00,245.00,餐飲費用,金錢,,,
391,高嘉瑜,107年直轄市議員選舉,第一次賸餘,1081203,當選後與其公務有關之費用支出,十合貿易有限公司,,0.00,125.00,餐飲費用,金錢,,02-2*****,
392,高嘉瑜,107年直轄市議員選舉,第一次賸餘,1081205,當選後與其公務有關之費用支出,台灣中油,08590444,0.00,500.00,油資,金錢,,,
393,高嘉瑜,107年直轄市議員選舉,第一次賸餘,1081206,當選後與其公務有關之費用支出,麥當勞,23527603,0.00,245.00,餐飲費用,金錢,,,
394,高嘉瑜,107年直轄市議員選舉,第一次賸餘,1081206,當選後與其公務有關之費用支出,統一超商,27949983,0.00,399.00,雜項購置,金錢,,,
395,高嘉瑜,107年直轄市議員選舉,第一次賸餘,1081206,當選後與其公務有關之費用支出,國光客運,70810572,0.00,810.00,回數票,金錢,,,
396,高嘉瑜,107年直轄市議員選舉,第一次賸餘,1081207,當選後與其公務有關之費用支出,台北市停管處,,0.00,315.00,停車費,金錢,,02 2*****,
397,高嘉瑜,107年直轄市議員選舉,第一次賸餘,1081207,當選後與其公務有關之費用支出,麥當勞,16740115,0.00,354.00,餐飲費用,金錢,,,
398,高嘉瑜,107年直轄市議員選舉,第一次賸餘,1081209,當選後與其公務有關之費用支出,紫陽加油站,86492052,0.00,500.00,油資,金錢,,,
399,高嘉瑜,107年直轄市議員選舉,第一次賸餘,1081212,當選後與其公務有關之費用支出,麗明花苑,04804711,0.00,2000.00,雜項購置,金錢,,,
400,高嘉瑜,107年直轄市議員選舉,第一次賸餘,1081212,當選後與其公務有關之費用支出,全聯,24806420,0.00,73.00,雜項購置,金錢,,,
401,高嘉瑜,107年直轄市議員選舉,第一次賸餘,1081213,當選後與其公務有關之費用支出,湖砌大廈管委會,25633967,0.00,3728.00,租用競選辦事處費用,金錢,,,
402,高嘉瑜,107年直轄市議員選舉,第一次賸餘,1081213,當選後與其公務有關之費用支出,麥當勞,53656619,0.00,194.00,餐飲費用,金錢,,,
403,高嘉瑜,107年直轄市議員選舉,第一次賸餘,1081213,當選後與其公務有關之費用支出,紫陽加油站,86492052,0.00,500.00,油資,金錢,,,
404,高嘉瑜,107年直轄市議員選舉,第一次賸餘,1081214,當選後與其公務有關之費用支出,爭鮮,27754446,0.00,1110.00,餐飲費用,金錢,,,
405,高嘉瑜,107年直轄市議員選舉,第一次賸餘,1081215,當選後與其公務有關之費用支出,台北市停管處,,0.00,235.00,停車費,金錢,,02 2*****,
406,高嘉瑜,107年直轄市議員選舉,第一次賸餘,1081216,當選後與其公務有關之費用支出,美德耐,14339279,0.00,380.00,餐飲費用,金錢,,,
407,高嘉瑜,107年直轄市議員選舉,第一次賸餘,1081217,當選後與其公務有關之費用支出,協記加油站,,0.00,500.00,油資,金錢,,02 2*****,
408,高嘉瑜,107年直轄市議員選舉,第一次賸餘,1081217,當選後與其公務有關之費用支出,麥當勞,53656619,0.00,130.00,餐飲費用,金錢,,,
409,高嘉瑜,107年直轄市議員選舉,第一次賸餘,1081218,當選後與其公務有關之費用支出,墊腳石,12852736,0.00,284.00,文具用品費用,金錢,,,
410,高嘉瑜,107年直轄市議員選舉,第一次賸餘,1081218,當選後與其公務有關之費用支出,墊腳石,25124611,0.00,472.00,文具用品費用,金錢,,,
411,高嘉瑜,107年直轄市議員選舉,第一次賸餘,1081218,當選後與其公務有關之費用支出,光南大批發,80594927,0.00,244.00,文具用品費用,金錢,,,
412,高嘉瑜,107年直轄市議員選舉,第一次賸餘,1081219,當選後與其公務有關之費用支出,臺北自來水事業處,,0.00,199.00,水費,金錢,,(02)*****,
413,高嘉瑜,107年直轄市議員選舉,第一次賸餘,1081219,當選後與其公務有關之費用支出,永業文具行,,0.00,450.00,文具用品費用,金錢,,02-2*****,
414,高嘉瑜,107年直轄市議員選舉,第一次賸餘,1081219,當選後與其公務有關之費用支出,台灣中油,01665932,0.00,500.00,油資,金錢,,,
415,高嘉瑜,107年直轄市議員選舉,第一次賸餘,1081221,當選後與其公務有關之費用支出,台灣中油,08590444,0.00,500.00,油資,金錢,,,
416,高嘉瑜,107年直轄市議員選舉,第一次賸餘,1081221,當選後與其公務有關之費用支出,好市多,16439323,0.00,598.00,餐飲費用,金錢,,,
417,高嘉瑜,107年直轄市議員選舉,第一次賸餘,1081221,當選後與其公務有關之費用支出,好市多,16439323,0.00,258.00,餐飲費用,金錢,,,
418,高嘉瑜,107年直轄市議員選舉,第一次賸餘,1081221,當選後與其公務有關之費用支出,全聯,24806420,0.00,95.00,雜項購置,金錢,,,
419,高嘉瑜,107年直轄市議員選舉,第一次賸餘,1081223,當選後與其公務有關之費用支出,台北市停管處,,0.00,95.00,停車費,金錢,,02 2*****,
420,高嘉瑜,107年直轄市議員選舉,第一次賸餘,1081223,當選後與其公務有關之費用支出,台灣電力公司,03795904,0.00,1374.00,電費,金錢,,,
421,高嘉瑜,107年直轄市議員選舉,第一次賸餘,1081223,當選後與其公務有關之費用支出,台灣中油,08590444,0.00,500.00,油資,金錢,,,
422,高嘉瑜,107年直轄市議員選舉,第一次賸餘,1081224,當選後與其公務有關之費用支出,普客二四股份有限公司,28858068,0.00,80.00,停車費,金錢,,,
423,高嘉瑜,107年直轄市議員選舉,第一次賸餘,1081224,當選後與其公務有關之費用支出,全家,51329668,0.00,120.00,郵寄競選物品,金錢,,,
424,高嘉瑜,107年直轄市議員選舉,第一次賸餘,1081225,當選後與其公務有關之費用支出,台北市環保局,,0.00,273.00,垃圾袋,金錢,,0800*****,
425,高嘉瑜,107年直轄市議員選舉,第一次賸餘,1081226,當選後與其公務有關之費用支出,鋒鍏食品行,30253585,0.00,20.00,餐飲費用,金錢,,,
426,高嘉瑜,107年直轄市議員選舉,第一次賸餘,1081227,當選後與其公務有關之費用支出,穎村食品行,17082188,0.00,95.00,餐飲費用,金錢,,,
427,高嘉瑜,107年直轄市議員選舉,第一次賸餘,1081227,當選後與其公務有關之費用支出,國光客運,70810572,0.00,540.00,回數票,金錢,,,
428,高嘉瑜,107年直轄市議員選舉,第一次賸餘,1081227,當選後與其公務有關之費用支出,統一精工,80990095,0.00,500.00,油資,金錢,,,
429,高嘉瑜,107年直轄市議員選舉,第一次賸餘,1081229,當選後與其公務有關之費用支出,台北市環保局,,0.00,273.00,垃圾袋,金錢,,0800*****,
430,高嘉瑜,107年直轄市議員選舉,第一次賸餘,1081230,當選後與其公務有關之費用支出,中興電工,80029824,0.00,80.00,停車費,金錢,,,
431,高嘉瑜,107年直轄市議員選舉,第一次賸餘,1081231,當選後與其公務有關之費用支出,文采生活館,24774671,0.00,99.00,雜項購置,金錢,,,
432,高嘉瑜,107年直轄市議員選舉,第一次賸餘,1081231,當選後與其公務有關之費用支出,統一精工,80990095,0.00,100.00,油資,金錢,,,
