﻿序號,擬參選人／政黨,選舉名稱,申報序號／年度,交易日期,收支科目,捐贈者／支出對象,身分證／統一編號,收入金額,支出金額,捐贈方式,存入專戶日期,返還/繳庫,支出用途,金錢類,地址,聯絡電話,應揭露之支出對象,支出對象之內部人員姓名,支出對象之內部人員職稱,政黨之內部人員姓名,政黨之內部人員職稱,關係,更正註記,資料更正日期
1,蔡坤叡,111年嘉義市議員選舉,首次申報,1110915,個人捐贈收入,盧重均,N12*******,20000.00,0.00,現金,1110929,,,金錢,嘉義市西區漢****,,,,,,,,,
2,蔡坤叡,111年嘉義市議員選舉,首次申報,1110929,營利事業捐贈收入,石頭餐飲店,98864872,20000.00,0.00,現金,1110929,,,金錢,嘉義市東區林****,,,,,,,,,
3,蔡坤叡,111年嘉義市議員選舉,首次申報,1111001,個人捐贈收入,林愛雀,,20000.00,0.00,現金,1111007,,,金錢,嘉義市西區南****,,,,,,,,,
4,蔡坤叡,111年嘉義市議員選舉,首次申報,1111001,營利事業捐贈收入,詠安企業社,36709632,20000.00,0.00,現金,1111007,,,金錢,嘉義縣民雄鄉****,,,,,,,,,
5,蔡坤叡,111年嘉義市議員選舉,首次申報,1111001,營利事業捐贈收入,中太工業股份有限公司,66535687,50000.00,0.00,現金,1111007,,,金錢,嘉義縣中埔鄉****,,,,,,,,,
6,蔡坤叡,111年嘉義市議員選舉,首次申報,1111001,營利事業捐贈收入,雄仁工業有限公司,86613056,60000.00,0.00,現金,1111007,,,金錢,嘉義縣太保市****,,,,,,,,,
7,蔡坤叡,111年嘉義市議員選舉,首次申報,1111001,營利事業捐贈收入,永隆企業社,98877476,50000.00,0.00,現金,1111007,,,金錢,嘉義市東區安****,,,,,,,,,
8,蔡坤叡,111年嘉義市議員選舉,首次申報,1111012,營利事業捐贈收入,上謙開發建設有限公司,54805200,80000.00,0.00,現金,1111017,,,金錢,嘉義縣中埔鄉****,,,,,,,,,
9,蔡坤叡,111年嘉義市議員選舉,首次申報,1111017,個人捐贈收入,陳資雲,Q12*******,50000.00,0.00,現金,1111017,,,金錢,嘉義市西區興****,,,,,,,,,
10,蔡坤叡,111年嘉義市議員選舉,首次申報,1111019,個人捐贈收入,王瑞豐,,20000.00,0.00,現金,1111021,,,金錢,嘉義縣民雄鄉****,,,,,,,,,
11,蔡坤叡,111年嘉義市議員選舉,首次申報,1111020,個人捐贈收入,董燕輝,,5000.00,0.00,現金,1111020,,,金錢,嘉義市西區福****,,,,,,,,,
12,蔡坤叡,111年嘉義市議員選舉,首次申報,1111020,個人捐贈收入,李惠莉,I20*******,100000.00,0.00,現金,1111027,,,金錢,新竹市龍山東****,,,,,,,,,
13,蔡坤叡,111年嘉義市議員選舉,首次申報,1111021,個人捐贈收入,張原銘,,20000.00,0.00,現金,1111021,,,金錢,嘉義市西區仁****,,,,,,,,,
14,蔡坤叡,111年嘉義市議員選舉,首次申報,1111027,營利事業捐贈收入,嘉南羊乳運銷合作社,06298561,50000.00,0.00,票據,1111027,,,金錢,嘉義縣太保市****,,,,,,,,,
15,蔡坤叡,111年嘉義市議員選舉,首次申報,1111028,個人捐贈收入,林照欽,Q12*******,60000.00,0.00,現金,1111028,,,金錢,嘉義市民權路****,,,,,,,,,
16,蔡坤叡,111年嘉義市議員選舉,首次申報,1111102,個人捐贈收入,黃建勳,,6000.00,0.00,現金,1111102,,,金錢,嘉義市西區玉****,,,,,,,,,
17,蔡坤叡,111年嘉義市議員選舉,首次申報,1111102,營利事業捐贈收入,名鼎建設有限公司,85056546,6000.00,0.00,現金,1111102,已返還,,金錢,嘉義市玉山路****,,,,,,,,,
18,蔡坤叡,111年嘉義市議員選舉,首次申報,1111124,營利事業捐贈收入,炬曜營造有限公司,53841853,100000.00,0.00,現金,1111124,,,金錢,嘉義縣民雄鄉****,,,,,,,,,
