﻿序號,擬參選人／政黨,選舉名稱,申報序號／年度,交易日期,收支科目,捐贈者／支出對象,身分證／統一編號,收入金額,支出金額,捐贈方式,存入專戶日期,返還/繳庫,支出用途,金錢類,地址,聯絡電話,應揭露之支出對象,支出對象之內部人員姓名,支出對象之內部人員職稱,政黨之內部人員姓名,政黨之內部人員職稱,關係,更正註記,資料更正日期
1,游閔吉,111年宜蘭縣冬山鄉鄉民代表選舉,首次申報,1111021,宣傳支出,禾果子設計工作室,49814046,0.00,110000.00,,,,製作競選物品或宣傳廣告費用（文宣設計）,金錢,宜蘭縣冬山鄉****,0933*****,否,,,,,,,
2,游閔吉,111年宜蘭縣冬山鄉鄉民代表選舉,首次申報,1111102,宣傳支出,亞泰廣告社,42056188,0.00,55000.00,,,,製作競選物品或宣傳廣告費用（布旗印刷）,金錢,宜蘭縣冬山鄉****,03-9*****,否,,,,,,,
3,游閔吉,111年宜蘭縣冬山鄉鄉民代表選舉,首次申報,1111106,宣傳支出,佳禾音響舞台,82356274,0.00,15000.00,,,,播放、傳送或刊登宣傳廣告費用,金錢,宜蘭縣羅東鎮****,0932*****,否,,,,,,,
4,游閔吉,111年宜蘭縣冬山鄉鄉民代表選舉,首次申報,1111111,宣傳支出,亞泰廣告社,42056188,0.00,2000.00,,,,製作競選物品或宣傳廣告費用（pvc號碼貼紙）,金錢,宜蘭縣冬山鄉****,03-9*****,否,,,,,,,
