﻿序號,擬參選人／政黨,選舉名稱,申報序號／年度,交易日期,收支科目,捐贈者／支出對象,身分證／統一編號,收入金額,支出金額,捐贈方式,存入專戶日期,返還/繳庫,支出用途,金錢類,地址,聯絡電話,應揭露之支出對象,支出對象之內部人員姓名,支出對象之內部人員職稱,政黨之內部人員姓名,政黨之內部人員職稱,關係,資料更正日期
1,魯明哲,107年直轄市議員選舉,首次申報,1070725,租用競選辦事處支出,飛揚廣告社,37799999,0.00,52400.00,,,,吊掛大帆布,金錢,桃園市桃園區****,0921*****,,,,,,,2021/4/22 下午 04:47:04
2,魯明哲,107年直轄市議員選舉,首次申報,1070730,租用競選辦事處支出,陳綜泰,H12*******,0.00,50000.00,,,,租借空地,金錢,桃園市中壢區****,0953*****,,,,,,,2021/4/22 下午 04:47:04
3,魯明哲,107年直轄市議員選舉,首次申報,1070808,租用宣傳車輛支出,祥益加油站,,0.00,1000.00,,,,宣傳車加油,金錢,桃園市中壢區****,03-4*****,,,,,,,2021/4/22 下午 04:47:04
4,魯明哲,107年直轄市議員選舉,首次申報,1070810,租用宣傳車輛支出,車容坊三富站,,0.00,1528.00,,,,宣傳車加油,金錢,桃園市中壢區****,03-4*****,,,,,,,2021/4/22 下午 04:47:04
5,魯明哲,107年直轄市議員選舉,首次申報,1070810,集會支出,松佳飲料(股)有限公司,,0.00,762.00,,,,黑松純水,金錢,桃園市平鎮區****,03-4*****,,,,,,,2021/4/22 下午 04:47:04
6,魯明哲,107年直轄市議員選舉,首次申報,1070819,交通旅運支出,山隆加油站,,0.00,1000.00,,,,油資,金錢,桃園市中壢區****,03-4*****,,,,,,,2021/4/22 下午 04:47:04
7,魯明哲,107年直轄市議員選舉,首次申報,1070829,宣傳支出,陸光五村管委會(馬小梅),,0.00,24000.00,,,,租用廣告牆面個月,金錢,桃園市中壢區****,0922*****,,,,,,,2021/4/22 下午 04:47:04
8,魯明哲,107年直轄市議員選舉,首次申報,1070829,雜支支出,美商亞太數位潮流科技,,0.00,640.00,,,,Adobe美工軟體月費,金錢,臺北市大安區****,02-8*****,,,,,,,2021/4/22 下午 04:47:04
9,魯明哲,107年直轄市議員選舉,首次申報,1070831,集會支出,台新飲食店,,0.00,660.00,,,,餐飲支出,金錢,桃園市中壢區****,03-4*****,,,,,,,2021/4/22 下午 04:47:04
10,魯明哲,107年直轄市議員選舉,首次申報,1070903,雜支支出,立特佳五金百貨,,0.00,505.00,,,,文具用品費用,金錢,桃園市八德區****,03-3*****,,,,,,,2021/4/22 下午 04:47:04
11,魯明哲,107年直轄市議員選舉,首次申報,1070903,雜支支出,二姐排骨飯,,0.00,230.00,,,,餐飲費用,金錢,桃園市中壢區****,03-4*****,,,,,,,2021/4/22 下午 04:47:04
12,魯明哲,107年直轄市議員選舉,首次申報,1070903,雜支支出,二姐排骨飯,,0.00,340.00,,,,餐飲費用,金錢,桃園市中壢區****,03-4*****,,,,,,,2021/4/22 下午 04:47:04
13,魯明哲,107年直轄市議員選舉,首次申報,1070905,集會支出,阜華商行,,0.00,1200.00,,,,餐飲支出,金錢,桃園市中壢區****,03-4*****,,,,,,,2021/4/22 下午 04:47:04
14,魯明哲,107年直轄市議員選舉,首次申報,1070906,租用宣傳車輛支出,龍田加油站,,0.00,1092.00,,,,宣傳車加油,金錢,桃園市中壢區****,03-4*****,,,,,,,2021/4/22 下午 04:47:04
15,魯明哲,107年直轄市議員選舉,首次申報,1070906,集會支出,華勛小吃店,,0.00,1540.00,,,,餐飲支出,金錢,桃園市中壢區****,03-4*****,,,,,,,2021/4/22 下午 04:47:04
16,魯明哲,107年直轄市議員選舉,首次申報,1070906,交通旅運支出,車容坊三富站,,0.00,1228.00,,,,油資,金錢,桃園市中壢區****,03-4*****,,,,,,,2021/4/22 下午 04:47:04
17,魯明哲,107年直轄市議員選舉,首次申報,1070906,雜支支出,85度C中壢龍慈店,,0.00,120.00,,,,餐飲費用,金錢,桃園市中壢區****,03-4*****,,,,,,,2021/4/22 下午 04:47:04
18,魯明哲,107年直轄市議員選舉,首次申報,1070907,宣傳支出,振豐企業社,,0.00,15000.00,,,,文宣筆一批,金錢,桃園市中壢區****,03-4*****,,,,,,,2021/4/22 下午 04:47:04
19,魯明哲,107年直轄市議員選舉,首次申報,1070907,雜支支出,巧禾小吃店,,0.00,1600.00,,,,餐飲費用,金錢,桃園市八德區****,03-3*****,,,,,,,2021/4/22 下午 04:47:04
20,魯明哲,107年直轄市議員選舉,首次申報,1070908,集會支出,阜華商行,,0.00,1200.00,,,,餐飲支出,金錢,桃園市中壢區****,03-4*****,,,,,,,2021/4/22 下午 04:47:04
21,魯明哲,107年直轄市議員選舉,首次申報,1070908,雜支支出,統一超商三光店,,0.00,142.00,,,,餐飲費用,金錢,桃園市中壢區****,03-4*****,,,,,,,2021/4/22 下午 04:47:04
22,魯明哲,107年直轄市議員選舉,首次申報,1070909,集會支出,御蒸饌(股)有限公司,,0.00,2728.00,,,,餐飲支出,金錢,桃園市中壢區****,03-4*****,,,,,,,2021/4/22 下午 04:47:04
23,魯明哲,107年直轄市議員選舉,首次申報,1070909,雜支支出,李老爹麵飯館,,0.00,3600.00,,,,餐飲費用,金錢,桃園市中壢區****,03-4*****,,,,,,,2021/4/22 下午 04:47:04
24,魯明哲,107年直轄市議員選舉,首次申報,1070910,集會支出,松佳飲料股份有限公司,,0.00,1295.00,,,,飲料,金錢,桃園市平鎮區****,03-4*****,,,,,,,2021/4/22 下午 04:47:04
25,魯明哲,107年直轄市議員選舉,首次申報,1070910,集會支出,巧禾小吃店,,0.00,3150.00,,,,餐飲支出,金錢,桃園市八德區****,03-3*****,,,,,,,2021/4/22 下午 04:47:04
26,魯明哲,107年直轄市議員選舉,首次申報,1070910,集會支出,阜華商行,,0.00,1440.00,,,,餐飲支出,金錢,桃園市中壢區****,03-4*****,,,,,,,2021/4/22 下午 04:47:04
27,魯明哲,107年直轄市議員選舉,首次申報,1070910,雜支支出,爭鮮公司中壢家門市,,0.00,900.00,,,,餐飲費用,金錢,桃園市中壢區****,03-4*****,,,,,,,2021/4/22 下午 04:47:04
28,魯明哲,107年直轄市議員選舉,首次申報,1070911,雜支支出,萊爾富4322分店,,0.00,157.00,,,,餐飲費用,金錢,桃園市中壢區****,03-2*****,,,,,,,2021/4/22 下午 04:47:04
29,魯明哲,107年直轄市議員選舉,首次申報,1070911,雜支支出,華勛小吃店,,0.00,1750.00,,,,餐飲費用,金錢,桃園市中壢區****,03-4*****,,,,,,,2021/4/22 下午 04:47:04
30,魯明哲,107年直轄市議員選舉,首次申報,1070911,雜支支出,財團法人伊甸基金會烘焙咖啡屋,,0.00,4050.00,,,,餐飲費用,金錢,桃園市中壢區****,03-4*****,,,,,,,2021/4/22 下午 04:47:04
31,魯明哲,107年直轄市議員選舉,首次申報,1070913,集會支出,阜華商行,,0.00,2400.00,,,,餐飲支出,金錢,桃園市中壢區****,03-4*****,,,,,,,2021/4/22 下午 04:47:04
32,魯明哲,107年直轄市議員選舉,首次申報,1070913,雜支支出,全家便利店中壢環北店,,0.00,200.00,,,,餐飲費用,金錢,桃園市中壢區****,03-4*****,,,,,,,2021/4/22 下午 04:47:04
33,魯明哲,107年直轄市議員選舉,首次申報,1070914,交通旅運支出,芭里加油站,,0.00,920.00,,,,油資,金錢,桃園市中壢區****,03-4*****,,,,,,,2021/4/22 下午 04:47:04
34,魯明哲,107年直轄市議員選舉,首次申報,1070914,雜支支出,華勛商行,,0.00,260.00,,,,製作競選物品支出（塑膠袋）,金錢,桃園市中壢區****,03-4*****,,,,,,,2021/4/22 下午 04:47:04
35,魯明哲,107年直轄市議員選舉,首次申報,1070914,雜支支出,華勛商行,,0.00,360.00,,,,文具用品費用,金錢,桃園市中壢區****,,,,,,,,2021/4/22 下午 04:47:04
36,魯明哲,107年直轄市議員選舉,首次申報,1070914,雜支支出,二姐排骨飯,,0.00,475.00,,,,餐飲費用,金錢,桃園市中壢區****,03-4*****,,,,,,,2021/4/22 下午 04:47:04
37,魯明哲,107年直轄市議員選舉,首次申報,1070914,雜支支出,松佳飲料(股)有限公司,,0.00,960.00,,,,餐飲費用,金錢,桃園市平鎮區****,03-4*****,,,,,,,2021/4/22 下午 04:47:04
38,魯明哲,107年直轄市議員選舉,首次申報,1070915,雜支支出,全聯福利(普忠店),,0.00,430.00,,,,餐飲費用,金錢,桃園市中壢區****,03-4*****,,,,,,,2021/4/22 下午 04:47:04
39,魯明哲,107年直轄市議員選舉,首次申報,1070915,雜支支出,統一超商華勛店,,0.00,125.00,,,,餐飲費用,金錢,桃園市中壢區****,03-4*****,,,,,,,2021/4/22 下午 04:47:04
40,魯明哲,107年直轄市議員選舉,首次申報,1070915,雜支支出,鄉味便當店,,0.00,1140.00,,,,餐飲費用,金錢,桃園市中壢區****,03-2*****,,,,,,,2021/4/22 下午 04:47:04
41,魯明哲,107年直轄市議員選舉,首次申報,1070915,雜支支出,鄉味便當店,,0.00,600.00,,,,餐飲費用,金錢,桃園市中壢區****,03-2*****,,,,,,,2021/4/22 下午 04:47:04
42,魯明哲,107年直轄市議員選舉,首次申報,1070916,集會支出,波士曼飲食店,,0.00,1958.00,,,,餐飲支出,金錢,桃園市中壢區****,03-4*****,,,,,,,2021/4/22 下午 04:47:04
43,魯明哲,107年直轄市議員選舉,首次申報,1070916,雜支支出,台新飲食店,,0.00,620.00,,,,餐飲費用,金錢,桃園市中壢區****,03-4*****,,,,,,,2021/4/22 下午 04:47:04
44,魯明哲,107年直轄市議員選舉,首次申報,1070916,雜支支出,麥當勞中壢環中二店,,0.00,224.00,,,,餐飲費用,金錢,桃園市中壢區****,03-4*****,,,,,,,2021/4/22 下午 04:47:04
45,魯明哲,107年直轄市議員選舉,首次申報,1070917,集會支出,復華餐廳,,0.00,3000.00,,,,餐飲支出,金錢,桃園市中壢區****,03-4*****,,,,,,,2021/4/22 下午 04:47:04
46,魯明哲,107年直轄市議員選舉,首次申報,1070917,交通旅運支出,中工加油站,,0.00,604.00,,,,油資,金錢,桃園市中壢區****,03-4*****,,,,,,,2021/4/22 下午 04:47:04
47,魯明哲,107年直轄市議員選舉,首次申報,1070917,雜支支出,統一超商新中北店,,0.00,264.00,,,,餐飲費用,金錢,桃園市中壢區****,03-4*****,,,,,,,2021/4/22 下午 04:47:04
48,魯明哲,107年直轄市議員選舉,首次申報,1070917,雜支支出,統一超商瓏慈店,,0.00,218.00,,,,餐飲費用,金錢,桃園市中壢區****,03-4*****,,,,,,,2021/4/22 下午 04:47:04
49,魯明哲,107年直轄市議員選舉,首次申報,1070917,雜支支出,85度C中壢壢中店,,0.00,726.00,,,,餐飲費用,金錢,桃園市中壢區****,03-4*****,,,,,,,2021/4/22 下午 04:47:04
50,魯明哲,107年直轄市議員選舉,首次申報,1070917,雜支支出,統一超商工業區店,,0.00,180.00,,,,餐飲費用,金錢,桃園市中壢區****,03-4*****,,,,,,,2021/4/22 下午 04:47:04
51,魯明哲,107年直轄市議員選舉,首次申報,1070918,集會支出,宏昇飲料有限公司,,0.00,2160.00,,,,飲料一批,金錢,桃園市桃園區****,03-3*****,,,,,,,2021/4/22 下午 04:47:04
52,魯明哲,107年直轄市議員選舉,首次申報,1070918,雜支支出,華勛小吃店,,0.00,2520.00,,,,餐飲費用,金錢,桃園市中壢區****,03-4*****,,,,,,,2021/4/22 下午 04:47:04
53,魯明哲,107年直轄市議員選舉,首次申報,1070919,宣傳支出,振豐企業社,,0.00,17500.00,,,,製作競選物品支出（文宣筆一批）,金錢,桃園市中壢區****,03-4*****,,,,,,,2021/4/22 下午 04:47:04
54,魯明哲,107年直轄市議員選舉,首次申報,1070919,租用宣傳車輛支出,宏昇加油站,,0.00,1000.00,,,,宣傳車加油,金錢,桃園市中壢區****,03-4*****,,,,,,,2021/4/22 下午 04:47:04
55,魯明哲,107年直轄市議員選舉,首次申報,1070919,集會支出,環北海鮮快餐店,,0.00,2660.00,,,,餐飲支出,金錢,桃園市中壢區****,03-4*****,,,,,,,2021/4/22 下午 04:47:04
56,魯明哲,107年直轄市議員選舉,首次申報,1070919,交通旅運支出,龍田加油站,,0.00,924.00,,,,油資,金錢,桃園市中壢區****,03-4*****,,,,,,,2021/4/22 下午 04:47:04
57,魯明哲,107年直轄市議員選舉,首次申報,1070919,雜支支出,統一超商奇采分店,,0.00,1000.00,,,,餐飲費用,金錢,桃園市中壢區****,03-4*****,,,,,,,2021/4/22 下午 04:47:04
58,魯明哲,107年直轄市議員選舉,首次申報,1070920,租用宣傳車輛支出,台亞石油(湖口南下站),,0.00,1298.00,,,,宣傳車加油,金錢,新竹縣湖口鄉****,03-5*****,,,,,,,2021/4/22 下午 04:47:04
59,魯明哲,107年直轄市議員選舉,首次申報,1070920,雜支支出,台新飲食店,,0.00,240.00,,,,餐飲費用,金錢,桃園市中壢區****,03-4*****,,,,,,,2021/4/22 下午 04:47:04
60,魯明哲,107年直轄市議員選舉,首次申報,1070921,雜支支出,鄉味便當店,,0.00,540.00,,,,餐飲費用,金錢,桃園市中壢區****,03-2*****,,,,,,,2021/4/22 下午 04:47:04
61,魯明哲,107年直轄市議員選舉,首次申報,1070922,集會支出,台灣上都餐飲中壢門市,,0.00,715.00,,,,餐飲支出,金錢,桃園市中壢區****,03-4*****,,,,,,,2021/4/22 下午 04:47:04
62,魯明哲,107年直轄市議員選舉,首次申報,1070922,交通旅運支出,松柏加油站,,0.00,1200.00,,,,油資,金錢,桃園市中壢區****,03-4*****,,,,,,,2021/4/22 下午 04:47:04
63,魯明哲,107年直轄市議員選舉,首次申報,1070922,交通旅運支出,龍岡加油站,,0.00,620.00,,,,油資,金錢,桃園市中壢區****,03-4*****,,,,,,,2021/4/22 下午 04:47:04
64,魯明哲,107年直轄市議員選舉,首次申報,1070922,雜支支出,鮮味鍋店,,0.00,640.00,,,,餐飲費用,金錢,桃園市中壢區****,03-4*****,,,,,,,2021/4/22 下午 04:47:04
65,魯明哲,107年直轄市議員選舉,首次申報,1070922,雜支支出,統一超商新街店,,0.00,389.00,,,,餐飲費用,金錢,桃園市中壢區****,03-4*****,,,,,,,2021/4/22 下午 04:47:04
66,魯明哲,107年直轄市議員選舉,首次申報,1070922,雜支支出,二姐排骨飯,,0.00,605.00,,,,餐飲費用,金錢,桃園市中壢區****,03-4*****,,,,,,,2021/4/22 下午 04:47:04
67,魯明哲,107年直轄市議員選舉,首次申報,1070923,租用宣傳車輛支出,富元加油站,,0.00,1240.00,,,,宣傳車加油,金錢,桃園市新屋區****,03-4*****,,,,,,,2021/4/22 下午 04:47:04
68,魯明哲,107年直轄市議員選舉,首次申報,1070923,租用宣傳車輛支出,龍田加油站,,0.00,1152.00,,,,宣傳車加油,金錢,桃園市中壢區****,03-4*****,,,,,,,2021/4/22 下午 04:47:04
69,魯明哲,107年直轄市議員選舉,首次申報,1070923,集會支出,清香雅集小吃店,,0.00,1240.00,,,,餐飲支出,金錢,桃園市中壢區****,03-4*****,,,,,,,2021/4/22 下午 04:47:04
70,魯明哲,107年直轄市議員選舉,首次申報,1070923,雜支支出,二姐排骨飯,,0.00,540.00,,,,餐飲費用,金錢,桃園市中壢區****,03-4*****,,,,,,,2021/4/22 下午 04:47:04
71,魯明哲,107年直轄市議員選舉,首次申報,1070924,雜支支出,安心食品內壢環東門市,,0.00,335.00,,,,餐飲費用,金錢,桃園市中壢區****,03-4*****,,,,,,,2021/4/22 下午 04:47:04
72,魯明哲,107年直轄市議員選舉,首次申報,1070924,雜支支出,榮民飯包,,0.00,420.00,,,,餐飲費用,金錢,桃園市中壢區****,,,,,,,,2021/4/22 下午 04:47:04
73,魯明哲,107年直轄市議員選舉,首次申報,1070925,集會支出,阜華商行,,0.00,1760.00,,,,餐飲支出,金錢,桃園市中壢區****,03-4*****,,,,,,,2021/4/22 下午 04:47:04
74,魯明哲,107年直轄市議員選舉,首次申報,1070925,交通旅運支出,松柏加油站,,0.00,1000.00,,,,油資,金錢,桃園市中壢區****,03-4*****,,,,,,,2021/4/22 下午 04:47:04
75,魯明哲,107年直轄市議員選舉,首次申報,1070926,雜支支出,巧禾小吃店,,0.00,2500.00,,,,餐飲費用,金錢,桃園市八德區****,03-3*****,,,,,,,2021/4/22 下午 04:47:04
76,魯明哲,107年直轄市議員選舉,首次申報,1070926,雜支支出,佰駿資訊企業社,,0.00,2570.00,,,,雜項購置或修繕費用,金錢,桃園市中壢區****,0965*****,,,,,,,2021/4/22 下午 04:47:04
77,魯明哲,107年直轄市議員選舉,首次申報,1070926,雜支支出,佰駿資訊企業社,,0.00,1650.00,,,,電腦手機周邊線材,金錢,桃園市中壢區****,0965*****,,,,,,,2021/4/22 下午 04:47:04
78,魯明哲,107年直轄市議員選舉,首次申報,1070927,雜支支出,阜華商行,,0.00,1120.00,,,,餐飲費用,金錢,桃園市中壢區****,03-4*****,,,,,,,2021/4/22 下午 04:47:04
79,魯明哲,107年直轄市議員選舉,首次申報,1070928,宣傳支出,由申甲有限公司,,0.00,420.00,,,,信封個,金錢,桃園市中壢區****,03-4*****,,,,,,,2021/4/22 下午 04:47:04
80,魯明哲,107年直轄市議員選舉,首次申報,1070928,集會支出,竹庭居素食店,,0.00,2500.00,,,,餐飲支出,金錢,桃園市桃園區****,03-3*****,,,,,,,2021/4/22 下午 04:47:04
81,魯明哲,107年直轄市議員選舉,首次申報,1070928,雜支支出,榮民飯包,,0.00,320.00,,,,餐飲費用,金錢,桃園市中壢區****,03-4*****,,,,,,,2021/4/22 下午 04:47:04
82,魯明哲,107年直轄市議員選舉,首次申報,1070929,租用宣傳車輛支出,嘉尤加油站,,0.00,1000.00,,,,宣傳車加油,金錢,新北市中和區****,02-2*****,,,,,,,2021/4/22 下午 04:47:04
83,魯明哲,107年直轄市議員選舉,首次申報,1070929,集會支出,華勛小吃店,,0.00,2100.00,,,,餐飲支出,金錢,桃園市中壢區****,03-4*****,,,,,,,2021/4/22 下午 04:47:04
84,魯明哲,107年直轄市議員選舉,首次申報,1070929,交通旅運支出,龍岡加油站,,0.00,611.00,,,,油資,金錢,桃園市中壢區****,03-4*****,,,,,,,2021/4/22 下午 04:47:04
85,魯明哲,107年直轄市議員選舉,首次申報,1070929,交通旅運支出,中油公司中壢加油站,,0.00,775.00,,,,油資,金錢,桃園市中壢區****,03-4*****,,,,,,,2021/4/22 下午 04:47:04
86,魯明哲,107年直轄市議員選舉,首次申報,1070929,雜支支出,85度C中壢元化店,,0.00,350.00,,,,餐飲費用,金錢,桃園市中壢區****,03-4*****,,,,,,,2021/4/22 下午 04:47:04
87,魯明哲,107年直轄市議員選舉,首次申報,1070929,雜支支出,美商亞太數位潮流科技,,0.00,640.00,,,,Adobe美工軟體月費,金錢,台北市大安區****,02-8*****,,,,,,,2021/4/22 下午 04:47:04
88,魯明哲,107年直轄市議員選舉,首次申報,1070930,宣傳支出,振宇五金(股)有限公司中壢店,,0.00,6307.00,,,,起字等五金工具,金錢,桃園市中壢區****,03-4*****,,,,,,,2021/4/22 下午 04:47:04
89,魯明哲,107年直轄市議員選舉,首次申報,1070930,租用宣傳車輛支出,龍田加油站,,0.00,124.00,,,,宣傳車加油,金錢,桃園市中壢區****,03-4*****,,,,,,,2021/4/22 下午 04:47:04
90,魯明哲,107年直轄市議員選舉,首次申報,1070930,雜支支出,阜華商行,,0.00,1600.00,,,,餐飲費用,金錢,桃園市中壢區****,03-4*****,,,,,,,2021/4/22 下午 04:47:04
91,魯明哲,107年直轄市議員選舉,首次申報,1071001,集會支出,巧禾小吃店,,0.00,2800.00,,,,餐飲支出,金錢,桃園市八德區****,03-3*****,,,,,,,2021/4/22 下午 04:47:04
92,魯明哲,107年直轄市議員選舉,首次申報,1071002,雜支支出,家樂福桃園內壢店,,0.00,537.00,,,,餐飲費用,金錢,桃園市中壢區****,03-4*****,,,,,,,2021/4/22 下午 04:47:04
93,魯明哲,107年直轄市議員選舉,首次申報,1071002,雜支支出,華勛小吃店,,0.00,1120.00,,,,餐飲費用,金錢,桃園市中壢區****,03-4*****,,,,,,,2021/4/22 下午 04:47:04
94,魯明哲,107年直轄市議員選舉,首次申報,1071003,宣傳支出,鶴屋企業社,,0.00,3575.00,,,,標籤紙一批,金錢,高雄市鳳山區****,07-7*****,,,,,,,2021/4/22 下午 04:47:04
95,魯明哲,107年直轄市議員選舉,首次申報,1071003,集會支出,緣紀小吃店,,0.00,3200.00,,,,餐飲支出,金錢,桃園市中壢區****,03-4*****,,,,,,,2021/4/22 下午 04:47:04
96,魯明哲,107年直轄市議員選舉,首次申報,1071003,交通旅運支出,台灣中油中工加油站,,0.00,1200.00,,,,油資,金錢,桃園市中壢區****,03-4*****,,,,,,,2021/4/22 下午 04:47:04
97,魯明哲,107年直轄市議員選舉,首次申報,1071003,雜支支出,統一超商瓏慈店,,0.00,235.00,,,,餐飲費用,金錢,桃園市中壢區****,03-4*****,,,,,,,2021/4/22 下午 04:47:04
98,魯明哲,107年直轄市議員選舉,首次申報,1071004,宣傳支出,陸光五村管委會,,0.00,1000.00,,,,租用社區電梯廣告,金錢,桃園市中壢區****,0922*****,,,,,,,2021/4/22 下午 04:47:04
99,魯明哲,107年直轄市議員選舉,首次申報,1071004,宣傳支出,精忠社區管委會,,0.00,1000.00,,,,租用社區電梯廣告,金錢,桃園市中壢區****,,,,,,,,2021/4/22 下午 04:47:04
100,魯明哲,107年直轄市議員選舉,首次申報,1071004,雜支支出,阜華商行,,0.00,2000.00,,,,餐飲費用,金錢,桃園市中壢區****,03-4*****,,,,,,,2021/4/22 下午 04:47:04
101,魯明哲,107年直轄市議員選舉,首次申報,1071005,宣傳支出,中華郵政華勛郵局,,0.00,8078.00,,,,邀請卡郵資,金錢,桃園市中壢區****,03-4*****,,,,,,,2021/4/22 下午 04:47:04
102,魯明哲,107年直轄市議員選舉,首次申報,1071005,雜支支出,阜華商行,,0.00,450.00,,,,餐飲費用,金錢,桃園市中壢區****,03-4*****,,,,,,,2021/4/22 下午 04:47:04
103,魯明哲,107年直轄市議員選舉,首次申報,1071006,租用宣傳車輛支出,松柏加油站,,0.00,1200.00,,,,宣傳車加油,金錢,桃園市中壢區****,03-4*****,,,,,,,2021/4/22 下午 04:47:04
104,魯明哲,107年直轄市議員選舉,首次申報,1071006,雜支支出,鬍鬚張中壢環東分店,,0.00,432.00,,,,餐飲費用,金錢,桃園市中壢區****,03-4*****,,,,,,,2021/4/22 下午 04:47:04
105,魯明哲,107年直轄市議員選舉,首次申報,1071007,雜支支出,美廉社中壢華美店,,0.00,1134.00,,,,雜項購置或修繕費用,金錢,桃園市中壢區****,03-4*****,,,,,,,2021/4/22 下午 04:47:04
106,魯明哲,107年直轄市議員選舉,首次申報,1071008,集會支出,甜在心饅頭店,,0.00,8000.00,,,,饅頭點心一批,金錢,桃園市平鎮區****,03-4*****,,,,,,,2021/4/22 下午 04:47:04
107,魯明哲,107年直轄市議員選舉,首次申報,1071008,雜支支出,阜華商行,,0.00,750.00,,,,餐飲費用,金錢,桃園市中壢區****,03-4*****,,,,,,,2021/4/22 下午 04:47:04
108,魯明哲,107年直轄市議員選舉,首次申報,1071008,雜支支出,統一超商華愛分店,,0.00,466.00,,,,餐飲費用,金錢,桃園市中壢區****,03-4*****,,,,,,,2021/4/22 下午 04:47:04
109,魯明哲,107年直轄市議員選舉,首次申報,1071008,雜支支出,二姐排骨飯,,0.00,810.00,,,,餐飲費用,金錢,桃園市中壢區****,03-4*****,,,,,,,2021/4/22 下午 04:47:04
110,魯明哲,107年直轄市議員選舉,首次申報,1071009,宣傳支出,中華郵政華勛郵局,,0.00,23400.00,,,,邀請卡郵資,金錢,桃園市中壢區****,03-4*****,,,,,,,2021/4/22 下午 04:47:04
111,魯明哲,107年直轄市議員選舉,首次申報,1071009,宣傳支出,中華郵政華勛郵局,,0.00,19400.00,,,,邀請卡郵資,金錢,桃園市中壢區****,03-4*****,,,,,,,2021/4/22 下午 04:47:04
112,魯明哲,107年直轄市議員選舉,首次申報,1071010,雜支支出,全聯福利(普忠店),,0.00,480.00,,,,雜項購置或修繕費用,金錢,桃園市中壢區****,03-4*****,,,,,,,2021/4/22 下午 04:47:04
113,魯明哲,107年直轄市議員選舉,首次申報,1071010,雜支支出,二姐排骨飯,,0.00,900.00,,,,餐飲費用,金錢,桃園市中壢區****,03-4*****,,,,,,,2021/4/22 下午 04:47:04
114,魯明哲,107年直轄市議員選舉,首次申報,1071010,雜支支出,OK便利店中壢仁愛店,,0.00,206.00,,,,雜項購置或修繕費用,金錢,桃園市中壢區****,03-2*****,,,,,,,2021/4/22 下午 04:47:04
115,魯明哲,107年直轄市議員選舉,首次申報,1071011,宣傳支出,振豐企業社,,0.00,16000.00,,,,製作競選物品支出（文宣筆一批）,金錢,桃園市中壢區****,03-4*****,,,,,,,2021/4/22 下午 04:47:04
116,魯明哲,107年直轄市議員選舉,首次申報,1071011,集會支出,大江國際購物中心,,0.00,735.00,,,,餐飲支出,金錢,桃園市中壢區****,03-4*****,,,,,,,2021/4/22 下午 04:47:04
117,魯明哲,107年直轄市議員選舉,首次申報,1071011,集會支出,東佳饌,,0.00,3200.00,,,,餐飲支出,金錢,桃園市桃園區****,03-3*****,,,,,,,2021/4/22 下午 04:47:04
118,魯明哲,107年直轄市議員選舉,首次申報,1071011,集會支出,小萍果坊,,0.00,3190.00,,,,水果一批,金錢,桃園市大園區****,03-3*****,,,,,,,2021/4/22 下午 04:47:04
119,魯明哲,107年直轄市議員選舉,首次申報,1071011,雜支支出,石二鍋中壢家樂福店,,0.00,841.00,,,,餐飲費用,金錢,桃園市中壢區****,03-4*****,,,,,,,2021/4/22 下午 04:47:04
120,魯明哲,107年直轄市議員選舉,首次申報,1071012,集會支出,大平洋崇光百貨中壢店,,0.00,2824.00,,,,餐飲支出,金錢,桃園市中壢區****,03-4*****,,,,,,,2021/4/22 下午 04:47:04
121,魯明哲,107年直轄市議員選舉,首次申報,1071012,雜支支出,立得屋五金商店,,0.00,354.00,,,,雜項購置或修繕費用,金錢,桃園市中壢區****,03-4*****,,,,,,,2021/4/22 下午 04:47:04
122,魯明哲,107年直轄市議員選舉,首次申報,1071013,雜支支出,萬家香,,0.00,3050.00,,,,餐飲費用,金錢,桃園市中壢區****,03-4*****,,,,,,,2021/4/22 下午 04:47:04
123,魯明哲,107年直轄市議員選舉,首次申報,1071014,集會支出,阜華商行,,0.00,2100.00,,,,餐飲支出,金錢,桃園市中壢區****,03-4*****,,,,,,,2021/4/22 下午 04:47:04
124,魯明哲,107年直轄市議員選舉,首次申報,1071014,交通旅運支出,龍田加油站,,0.00,1086.00,,,,油資,金錢,桃園市中壢區****,03-4*****,,,,,,,2021/4/22 下午 04:47:04
125,魯明哲,107年直轄市議員選舉,首次申報,1071015,集會支出,華勛小吃店,,0.00,3200.00,,,,餐飲支出,金錢,桃園市中壢區****,03-4*****,,,,,,,2021/4/22 下午 04:47:04
126,魯明哲,107年直轄市議員選舉,首次申報,1071015,雜支支出,由申甲有限公司,,0.00,1001.00,,,,書報雜誌費用,金錢,桃園市中壢區****,03-4*****,,,,,,,2021/4/22 下午 04:47:04
127,魯明哲,107年直轄市議員選舉,首次申報,1071017,集會支出,欣榮興業社,,0.00,900.00,,,,花袋一批,金錢,桃園市中壢區****,03-2*****,,,,,,,2021/4/22 下午 04:47:04
128,魯明哲,107年直轄市議員選舉,首次申報,1071017,雜支支出,坐著做商行,,0.00,1150.00,,,,餐飲費用,金錢,桃園市中壢區****,0989*****,,,,,,,2021/4/22 下午 04:47:04
129,魯明哲,107年直轄市議員選舉,首次申報,1071017,雜支支出,伊曼多食品行,,0.00,1000.00,,,,餐飲費用,金錢,桃園市中壢區****,0972*****,,,,,,,2021/4/22 下午 04:47:04
130,魯明哲,107年直轄市議員選舉,首次申報,1071017,雜支支出,溢得昇有限公司,,0.00,130.00,,,,雜項購置或修繕費用,金錢,桃園市中壢區****,03-4*****,,,,,,,2021/4/22 下午 04:47:04
131,魯明哲,107年直轄市議員選舉,首次申報,1071017,雜支支出,阜華商行,,0.00,1100.00,,,,餐飲費用,金錢,桃園市中壢區****,03-4*****,,,,,,,2021/4/22 下午 04:47:04
132,魯明哲,107年直轄市議員選舉,首次申報,1071018,雜支支出,水富商行,,0.00,3165.00,,,,雜項購置或修繕費用,金錢,桃園市中壢區****,03-4*****,,,,,,,2021/4/22 下午 04:47:04
133,魯明哲,107年直轄市議員選舉,首次申報,1071018,集會支出,登瑞筆業社,24279335,0.00,200000.00,,,,活動用品,金錢,桃園市中壢區****,03-4*****,,,,,,,2021/4/22 下午 04:47:04
134,魯明哲,107年直轄市議員選舉,首次申報,1071019,集會支出,欣和泰企業,,0.00,1494.00,,,,餐飲支出,金錢,桃園市中壢區****,03-4*****,,,,,,,2021/4/22 下午 04:47:04
135,魯明哲,107年直轄市議員選舉,首次申報,1071019,交通旅運支出,車容坊三富站,,0.00,315.00,,,,油資,金錢,桃園市中壢區****,03-4*****,,,,,,,2021/4/22 下午 04:47:04
136,魯明哲,107年直轄市議員選舉,首次申報,1071019,交通旅運支出,車容坊三富站,,0.00,628.00,,,,油資,金錢,桃園市中壢區****,03-4*****,,,,,,,2021/4/22 下午 04:47:04
137,魯明哲,107年直轄市議員選舉,首次申報,1071019,雜支支出,阜華商行,,0.00,535.00,,,,餐飲費用,金錢,桃園市中壢區****,03-4*****,,,,,,,2021/4/22 下午 04:47:04
138,魯明哲,107年直轄市議員選舉,首次申報,1071020,交通旅運支出,泉好加油站,,0.00,630.00,,,,油資,金錢,桃園市大溪區****,03-3*****,,,,,,,2021/4/22 下午 04:47:04
139,魯明哲,107年直轄市議員選舉,首次申報,1071020,雜支支出,添崧商行,,0.00,920.00,,,,餐飲費用,金錢,桃園市中壢區****,03-4*****,,,,,,,2021/4/22 下午 04:47:04
140,魯明哲,107年直轄市議員選舉,首次申報,1071020,雜支支出,麥當勞中壢環中二店,,0.00,392.00,,,,餐飲費用,金錢,桃園市中壢區****,03-4*****,,,,,,,2021/4/22 下午 04:47:04
141,魯明哲,107年直轄市議員選舉,首次申報,1071020,雜支支出,阜華商行,,0.00,1350.00,,,,餐飲費用,金錢,桃園市中壢區****,03-4*****,,,,,,,2021/4/22 下午 04:47:04
142,魯明哲,107年直轄市議員選舉,首次申報,1071020,雜支支出,華勛小吃店,,0.00,1500.00,,,,餐飲費用,金錢,桃園市中壢區****,03-4*****,,,,,,,2021/4/22 下午 04:47:04
143,魯明哲,107年直轄市議員選舉,首次申報,1071020,雜支支出,溢得昇有限公司,,0.00,327.00,,,,雜項購置或修繕費用,金錢,桃園市中壢區****,03-4*****,,,,,,,2021/4/22 下午 04:47:04
144,魯明哲,107年直轄市議員選舉,首次申報,1071021,宣傳支出,新東大時尚國際,,0.00,800.00,,,,東大號碼貼紙,金錢,桃園市中壢區****,03-4*****,,,,,,,2021/4/22 下午 04:47:04
145,魯明哲,107年直轄市議員選舉,首次申報,1071021,租用宣傳車輛支出,龍田加油站,,0.00,1216.00,,,,宣傳車加油,金錢,桃園市中壢區****,03-4*****,,,,,,,2021/4/22 下午 04:47:04
146,魯明哲,107年直轄市議員選舉,首次申報,1071021,集會支出,榮民飯包,,0.00,4000.00,,,,餐飲支出,金錢,桃園市中壢區****,03-4*****,,,,,,,2021/4/22 下午 04:47:04
147,魯明哲,107年直轄市議員選舉,首次申報,1071021,雜支支出,麥德加饅頭店,,0.00,600.00,,,,餐飲費用,金錢,桃園市中壢區****,03-4*****,,,,,,,2021/4/22 下午 04:47:04
148,魯明哲,107年直轄市議員選舉,首次申報,1071021,雜支支出,華勛商行,,0.00,180.00,,,,雜項購置或修繕費用,金錢,桃園市中壢區****,,,,,,,,2021/4/22 下午 04:47:04
149,魯明哲,107年直轄市議員選舉,首次申報,1071021,雜支支出,華勛商行,,0.00,370.00,,,,文具用品費用,金錢,桃園市中壢區****,,,,,,,,2021/4/22 下午 04:47:04
150,魯明哲,107年直轄市議員選舉,首次申報,1071021,集會支出,鄉味便當店,,0.00,1500.00,,,,餐飲支出,金錢,桃園市中壢區****,03-2*****,,,,,,,2021/4/22 下午 04:47:04
151,魯明哲,107年直轄市議員選舉,首次申報,1071021,集會支出,玉豐全食品行,31578745,0.00,66470.00,,,,餐飲支出,金錢,桃園市八德區****,03-3*****,,,,,,,2021/4/22 下午 04:47:04
152,魯明哲,107年直轄市議員選舉,首次申報,1071021,集會支出,金鴻慈惠堂醒獅團,67760887,0.00,40000.00,,,,總部成立熱場表演,金錢,桃園市大溪區****,03-3*****,,,,,,,2021/4/22 下午 04:47:04
153,魯明哲,107年直轄市議員選舉,首次申報,1071022,交通旅運支出,龍田加油站,,0.00,500.00,,,,油資,金錢,桃園市中壢區****,03-4*****,,,,,,,2021/4/22 下午 04:47:04
154,魯明哲,107年直轄市議員選舉,首次申報,1071022,雜支支出,麥當勞中壢環中二店,,0.00,220.00,,,,餐飲費用,金錢,桃園市中壢區****,03-4*****,,,,,,,2021/4/22 下午 04:47:04
155,魯明哲,107年直轄市議員選舉,首次申報,1071022,雜支支出,鄉味便當店,,0.00,1360.00,,,,餐飲費用,金錢,桃園市中壢區****,03-2*****,,,,,,,2021/4/22 下午 04:47:04
156,魯明哲,107年直轄市議員選舉,首次申報,1071022,雜支支出,巧禾小吃店,,0.00,1200.00,,,,餐飲費用,金錢,桃園市八德區****,03-3*****,,,,,,,2021/4/22 下午 04:47:04
157,魯明哲,107年直轄市議員選舉,首次申報,1071023,集會支出,江都涮涮鍋店,,0.00,405.00,,,,餐飲支出,金錢,桃園市桃園區****,03-2*****,,,,,,,2021/4/22 下午 04:47:04
158,魯明哲,107年直轄市議員選舉,首次申報,1071023,集會支出,欣榮興業社,,0.00,15600.00,,,,總部成立活動布棚,金錢,桃園市中壢區****,03-2*****,,,,,,,2021/4/22 下午 04:47:04
159,魯明哲,107年直轄市議員選舉,首次申報,1071023,雜支支出,全聯福利(普忠店),,0.00,360.00,,,,雜項購置或修繕費用,金錢,桃園市中壢區****,03-4*****,,,,,,,2021/4/22 下午 04:47:04
160,魯明哲,107年直轄市議員選舉,首次申報,1071023,雜支支出,馨園餐廳,,0.00,1280.00,,,,餐飲費用,金錢,桃園市中壢區****,03-4*****,,,,,,,2021/4/22 下午 04:47:04
161,魯明哲,107年直轄市議員選舉,首次申報,1071023,雜支支出,禾泰便當,,0.00,1200.00,,,,餐飲費用,金錢,桃園市中壢區****,03-4*****,,,,,,,2021/4/22 下午 04:47:04
162,魯明哲,107年直轄市議員選舉,首次申報,1071024,集會支出,馨園餐廳,,0.00,4760.00,,,,餐飲支出,金錢,桃園市中壢區****,03-4*****,,,,,,,2021/4/22 下午 04:47:04
163,魯明哲,107年直轄市議員選舉,首次申報,1071024,交通旅運支出,樺勛加油站,,0.00,313.00,,,,油資,金錢,桃園市中壢區****,03-4*****,,,,,,,2021/4/22 下午 04:47:04
164,魯明哲,107年直轄市議員選舉,首次申報,1071024,雜支支出,馨園餐廳,,0.00,1350.00,,,,餐飲費用,金錢,桃園市中壢區****,03-4*****,,,,,,,2021/4/22 下午 04:47:04
165,魯明哲,107年直轄市議員選舉,首次申報,1071024,雜支支出,你好包子饅頭店,,0.00,1925.00,,,,餐飲費用,金錢,桃園市中壢區****,03-4*****,,,,,,,2021/4/22 下午 04:47:04
166,魯明哲,107年直轄市議員選舉,首次申報,1071024,集會支出,永昌企業社,09758700,0.00,50000.00,,,,租用設備支出(舞台音響),金錢,新竹縣湖口鄉****,03-5*****,,,,,,,2021/4/22 下午 04:47:04
167,魯明哲,107年直轄市議員選舉,首次申報,1071025,租用宣傳車輛支出,林王股忠德加油站,,0.00,1001.00,,,,宣傳車輛燃料支出,金錢,桃園市八德區****,03-3*****,,,,,,,2021/4/22 下午 04:47:04
168,魯明哲,107年直轄市議員選舉,首次申報,1071025,集會支出,甜在心饅頭店,,0.00,9000.00,,,,餐飲支出,金錢,桃園市平鎮區****,03-4*****,,,,,,,2021/4/22 下午 04:47:04
169,魯明哲,107年直轄市議員選舉,首次申報,1071025,集會支出,你好包子饅頭店,,0.00,20000.00,,,,餐飲支出,金錢,桃園市中壢區****,03-4*****,,,,,,,2021/4/22 下午 04:47:04
170,魯明哲,107年直轄市議員選舉,首次申報,1071025,雜支支出,全聯福利(普忠店),,0.00,360.00,,,,雜項購置或修繕費用,金錢,桃園市中壢區****,03-4*****,,,,,,,2021/4/22 下午 04:47:04
171,魯明哲,107年直轄市議員選舉,首次申報,1071025,雜支支出,大宏豆漿店,,0.00,1390.00,,,,餐飲費用,金錢,桃園市中壢區****,03-4*****,,,,,,,2021/4/22 下午 04:47:04
172,魯明哲,107年直轄市議員選舉,首次申報,1071025,雜支支出,朝天椒麻辣火鍋,,0.00,1620.00,,,,餐飲費用,金錢,桃園市中壢區****,03-4*****,,,,,,,2021/4/22 下午 04:47:04
173,魯明哲,107年直轄市議員選舉,首次申報,1071025,集會支出,鄉味便當店,,0.00,3670.00,,,,餐飲支出,金錢,桃園市中壢區****,03-2*****,,,,,,,2021/4/22 下午 04:47:04
174,魯明哲,107年直轄市議員選舉,首次申報,1071027,宣傳支出,振豐企業社,,0.00,17500.00,,,,國旗筆一批,金錢,桃園市中壢區****,03-4*****,,,,,,,2021/4/22 下午 04:47:04
175,魯明哲,107年直轄市議員選舉,首次申報,1071027,租用宣傳車輛支出,龍田加油站,,0.00,881.00,,,,宣傳車輛燃料支出,金錢,桃園市中壢區****,03-4*****,,,,,,,2021/4/22 下午 04:47:04
176,魯明哲,107年直轄市議員選舉,首次申報,1071027,交通旅運支出,龍田加油站,,0.00,100.00,,,,油資,金錢,桃園市中壢區****,03-4*****,,,,,,,2021/4/22 下午 04:47:04
177,魯明哲,107年直轄市議員選舉,首次申報,1071027,雜支支出,鄉味便當店,,0.00,720.00,,,,餐飲費用,金錢,桃園市中壢區****,03-2*****,,,,,,,2021/4/22 下午 04:47:04
178,魯明哲,107年直轄市議員選舉,首次申報,1071028,雜支支出,統一超商瓏慈店,,0.00,235.00,,,,餐飲費用,金錢,桃園市中壢區****,03-4*****,,,,,,,2021/4/22 下午 04:47:04
179,魯明哲,107年直轄市議員選舉,首次申報,1071028,雜支支出,中壢家樂福店,,0.00,1622.00,,,,雜項購置或修繕費用,金錢,桃園市中壢區****,03-4*****,,,,,,,2021/4/22 下午 04:47:04
180,魯明哲,107年直轄市議員選舉,首次申報,1071028,雜支支出,統一超商新中北店,,0.00,225.00,,,,餐飲費用,金錢,桃園市中壢區****,03-4*****,,,,,,,2021/4/22 下午 04:47:04
181,魯明哲,107年直轄市議員選舉,首次申報,1071028,雜支支出,巧禾小吃店,,0.00,960.00,,,,餐飲費用,金錢,桃園市八德區****,03-3*****,,,,,,,2021/4/22 下午 04:47:04
182,魯明哲,107年直轄市議員選舉,首次申報,1071029,宣傳支出,陸光五村管委會,,0.00,357.00,,,,租用電梯廣告,金錢,桃園市中壢區****,03-2*****,,,,,,,2021/4/22 下午 04:47:04
183,魯明哲,107年直轄市議員選舉,首次申報,1071029,宣傳支出,精忠社區管委會,,0.00,500.00,,,,租用電梯廣告,金錢,桃園市中壢區****,03-4*****,,,,,,,2021/4/22 下午 04:47:04
184,魯明哲,107年直轄市議員選舉,首次申報,1071029,租用宣傳車輛支出,內壢加油站,,0.00,620.00,,,,宣傳車輛燃料支出,金錢,桃園市中壢區****,03-4*****,,,,,,,2021/4/22 下午 04:47:04
185,魯明哲,107年直轄市議員選舉,首次申報,1071029,雜支支出,美商亞太數位潮流科技,,0.00,640.00,,,,Adobe美工軟體月費,金錢,台北市大安區****,02-8*****,,,,,,,2021/4/22 下午 04:47:04
186,魯明哲,107年直轄市議員選舉,首次申報,1071029,雜支支出,鄉味便當店,,0.00,810.00,,,,餐飲費用,金錢,桃園市中壢區****,03-2*****,,,,,,,2021/4/22 下午 04:47:04
187,魯明哲,107年直轄市議員選舉,首次申報,1071030,雜支支出,鄉味便當店,,0.00,1350.00,,,,餐飲費用,金錢,桃園市中壢區****,03-2*****,,,,,,,2021/4/22 下午 04:47:04
188,魯明哲,107年直轄市議員選舉,首次申報,1071030,雜支支出,竣龍飲食店,,0.00,540.00,,,,餐飲費用,金錢,桃園市中壢區****,03-4*****,,,,,,,2021/4/22 下午 04:47:04
189,魯明哲,107年直轄市議員選舉,首次申報,1071031,宣傳支出,振豐企業社,,0.00,15000.00,,,,文宣筆一批,金錢,桃園市中壢區****,03-4*****,,,,,,,2021/4/22 下午 04:47:04
190,魯明哲,107年直轄市議員選舉,首次申報,1071031,交通旅運支出,台灣中油中工加油站,,0.00,906.00,,,,油資,金錢,桃園市中壢區****,03-4*****,,,,,,,2021/4/22 下午 04:47:04
191,魯明哲,107年直轄市議員選舉,首次申報,1071031,雜支支出,龍東飯包,,0.00,1040.00,,,,餐飲費用,金錢,桃園市中壢區****,03-4*****,,,,,,,2021/4/22 下午 04:47:04
192,魯明哲,107年直轄市議員選舉,首次申報,1071031,雜支支出,馨園餐廳,,0.00,960.00,,,,餐飲費用,金錢,桃園市中壢區****,03-4*****,,,,,,,2021/4/22 下午 04:47:04
193,魯明哲,107年直轄市議員選舉,首次申報,1071031,雜支支出,鄉味便當店,,0.00,1120.00,,,,餐飲費用,金錢,桃園市中壢區****,03-2*****,,,,,,,2021/4/22 下午 04:47:04
194,魯明哲,107年直轄市議員選舉,首次申報,1071031,雜支支出,小萍果坊,,0.00,3300.00,,,,餐飲費用,金錢,桃園市大園區****,03-3*****,,,,,,,2021/4/22 下午 04:47:04
195,魯明哲,107年直轄市議員選舉,首次申報,1071031,宣傳支出,百順企業社,78808629,0.00,252000.00,,,,宣傳用PP板一批,金錢,桃園市中壢區****,03-4*****,,,,,,,2021/4/22 下午 04:47:04
196,魯明哲,107年直轄市議員選舉,首次申報,1071101,租用宣傳車輛支出,台灣中油三民路站,,0.00,1414.00,,,,宣傳車加油,金錢,桃園市桃園區****,03-3*****,,,,,,,2021/4/22 下午 04:47:04
197,魯明哲,107年直轄市議員選舉,首次申報,1071101,交通旅運支出,豐興石油中原店,,0.00,1000.00,,,,油資,金錢,桃園市平鎮區****,03-4*****,,,,,,,2021/4/22 下午 04:47:04
198,魯明哲,107年直轄市議員選舉,首次申報,1071101,集會支出,家禾商行,31466072,0.00,86000.00,,,,活動用品一批,金錢,桃園市桃園區****,03-3*****,,,,,,,2021/4/22 下午 04:47:04
199,魯明哲,107年直轄市議員選舉,首次申報,1071102,雜支支出,台新飲食店,,0.00,800.00,,,,餐飲費用,金錢,桃園市中壢區****,03-4*****,,,,,,,2021/4/22 下午 04:47:04
200,魯明哲,107年直轄市議員選舉,首次申報,1071102,雜支支出,龍城燒腊店,,0.00,1275.00,,,,餐飲費用,金錢,桃園市中壢區****,03-4*****,,,,,,,2021/4/22 下午 04:47:04
201,魯明哲,107年直轄市議員選舉,首次申報,1071103,租用競選辦事處支出,泓達音響社,,0.00,6000.00,,,,租用音響一組,金錢,桃園市八德區****,03-3*****,,,,,,,2021/4/22 下午 04:47:04
202,魯明哲,107年直轄市議員選舉,首次申報,1071103,集會支出,饕鮮包子饅頭店,,0.00,1100.00,,,,餐飲支出,金錢,桃園市中壢區****,03-4*****,,,,,,,2021/4/22 下午 04:47:04
203,魯明哲,107年直轄市議員選舉,首次申報,1071103,雜支支出,麥當勞中壢環中二店,,0.00,142.00,,,,餐飲費用,金錢,桃園市中壢區****,03-4*****,,,,,,,2021/4/22 下午 04:47:04
204,魯明哲,107年直轄市議員選舉,首次申報,1071103,雜支支出,華勛商行,,0.00,365.00,,,,雜項購置或修繕費用,金錢,桃園市中壢區****,,,,,,,,2021/4/22 下午 04:47:04
205,魯明哲,107年直轄市議員選舉,首次申報,1071103,雜支支出,馨園餐廳,,0.00,1440.00,,,,餐飲費用,金錢,桃園市中壢區****,03-4*****,,,,,,,2021/4/22 下午 04:47:04
206,魯明哲,107年直轄市議員選舉,首次申報,1071103,雜支支出,龍東飯包,,0.00,1200.00,,,,餐飲費用,金錢,桃園市中壢區****,03-4*****,,,,,,,2021/4/22 下午 04:47:04
207,魯明哲,107年直轄市議員選舉,首次申報,1071104,租用宣傳車輛支出,車容坊三富站,,0.00,1633.00,,,,宣傳車加油,金錢,桃園市中壢區****,03-4*****,,,,,,,2021/4/22 下午 04:47:04
208,魯明哲,107年直轄市議員選舉,首次申報,1071104,交通旅運支出,宏昇加油站,,0.00,700.00,,,,油資,金錢,桃園市中壢區****,03-4*****,,,,,,,2021/4/22 下午 04:47:04
209,魯明哲,107年直轄市議員選舉,首次申報,1071104,雜支支出,霸王雞腿飯,,0.00,800.00,,,,餐飲費用,金錢,桃園市中壢區****,03-4*****,,,,,,,2021/4/22 下午 04:47:04
210,魯明哲,107年直轄市議員選舉,首次申報,1071104,雜支支出,仙貝朶烘焙坊,,0.00,800.00,,,,餐飲費用,金錢,桃園市中壢區****,03-4*****,,,,,,,2021/4/22 下午 04:47:04
211,魯明哲,107年直轄市議員選舉,首次申報,1071105,宣傳支出,中壢華勛郵局,,0.00,1092.00,,,,寄信郵資,金錢,桃園市中壢區****,03-4*****,,,,,,,2021/4/22 下午 04:47:04
212,魯明哲,107年直轄市議員選舉,首次申報,1071105,宣傳支出,振豐企業社,,0.00,15000.00,,,,文宣筆一批,金錢,桃園市中壢區****,03-4*****,,,,,,,2021/4/22 下午 04:47:04
213,魯明哲,107年直轄市議員選舉,首次申報,1071105,集會支出,佳良饅頭店,,0.00,7500.00,,,,餐飲支出,金錢,桃園市中壢區****,03-4*****,,,,,,,2021/4/22 下午 04:47:04
214,魯明哲,107年直轄市議員選舉,首次申報,1071105,雜支支出,黑糖圓圓飲料店,,0.00,651.00,,,,餐飲費用,金錢,桃園市中壢區****,03-4*****,,,,,,,2021/4/22 下午 04:47:04
215,魯明哲,107年直轄市議員選舉,首次申報,1071105,雜支支出,金渼星藝術蛋榚,,0.00,166.00,,,,餐飲費用,金錢,桃園市中壢區****,03-4*****,,,,,,,2021/4/22 下午 04:47:04
216,魯明哲,107年直轄市議員選舉,首次申報,1071105,雜支支出,霸王雞腿飯,,0.00,900.00,,,,餐飲費用,金錢,桃園市中壢區****,03-4*****,,,,,,,2021/4/22 下午 04:47:04
217,魯明哲,107年直轄市議員選舉,首次申報,1071105,宣傳支出,新順包裝開發有限公司,27457327,0.00,86468.00,,,,文宣印刷一批,金錢,桃園市楊梅區****,03-4*****,,,,,,,2021/4/22 下午 04:47:04
218,魯明哲,107年直轄市議員選舉,首次申報,1071105,宣傳支出,家禾商行,31466072,0.00,120000.00,,,,宣導品一批,金錢,桃園市桃園區****,03-3*****,,,,,,,2021/4/22 下午 04:47:04
219,魯明哲,107年直轄市議員選舉,首次申報,1071105,集會支出,環中大閘蟹餐廳,87919870,0.00,12000.00,,,,餐飲支出,金錢,桃園市中壢區****,03-4*****,,,,,,,2021/4/22 下午 04:47:04
220,魯明哲,107年直轄市議員選舉,首次申報,1071106,租用宣傳車輛支出,台灣中油中壢站,,0.00,1228.00,,,,宣傳車加油,金錢,桃園市中壢區****,03-4*****,,,,,,,2021/4/22 下午 04:47:04
221,魯明哲,107年直轄市議員選舉,首次申報,1071106,租用宣傳車輛支出,中油龍潭加油站,,0.00,1000.00,,,,宣傳車加油,金錢,桃園市龍潭區****,03-4*****,,,,,,,2021/4/22 下午 04:47:04
222,魯明哲,107年直轄市議員選舉,首次申報,1071106,交通旅運支出,祥益加油站,,0.00,500.00,,,,油資,金錢,桃園市中壢區****,03-4*****,,,,,,,2021/4/22 下午 04:47:04
223,魯明哲,107年直轄市議員選舉,首次申報,1071106,雜支支出,美廉社中壢華美店,,0.00,1134.00,,,,雜項購置或修繕費用,金錢,桃園市中壢區****,03-4*****,,,,,,,2021/4/22 下午 04:47:04
224,魯明哲,107年直轄市議員選舉,首次申報,1071106,租用競選辦事處支出,東照工程有限公司,24655746,0.00,38000.00,,,,總部水電工程,金錢,桃園市中壢區****,03-4*****,,,,,,,2021/4/22 下午 04:47:04
225,魯明哲,107年直轄市議員選舉,首次申報,1071107,雜支支出,這一鍋(中美店),,0.00,2259.00,,,,餐飲費用,金錢,桃園市中壢區****,03-4*****,,,,,,,2021/4/22 下午 04:47:04
226,魯明哲,107年直轄市議員選舉,首次申報,1071107,雜支支出,金渼星藝術蛋榚,,0.00,190.00,,,,餐飲費用,金錢,桃園市中壢區****,03-4*****,,,,,,,2021/4/22 下午 04:47:04
227,魯明哲,107年直轄市議員選舉,首次申報,1071108,雜支支出,全聯福利中心普忠店,,0.00,745.00,,,,雜項購置或修繕費用,金錢,桃園市中壢區****,03-4*****,,,,,,,2021/4/22 下午 04:47:04
228,魯明哲,107年直轄市議員選舉,首次申報,1071108,雜支支出,溢得昇有限公司,,0.00,340.00,,,,雜項購置或修繕費用,金錢,桃園市中壢區****,03-4*****,,,,,,,2021/4/22 下午 04:47:04
229,魯明哲,107年直轄市議員選舉,首次申報,1071109,宣傳支出,中國國民黨桃園市黨部,,0.00,20000.00,,,,文宣品(幹話樸克牌),金錢,桃園市桃園區****,03-3*****,,,,,,,2021/4/22 下午 04:47:04
230,魯明哲,107年直轄市議員選舉,首次申報,1071109,雜支支出,萊爾富桃鵬店,,0.00,295.00,,,,餐飲費用,金錢,桃園市觀音區****,03-4*****,,,,,,,2021/4/22 下午 04:47:04
231,魯明哲,107年直轄市議員選舉,首次申報,1071110,集會支出,饕鮮包子饅頭店,,0.00,8000.00,,,,餐飲支出,金錢,桃園市中壢區****,03-4*****,,,,,,,2021/4/22 下午 04:47:04
232,魯明哲,107年直轄市議員選舉,首次申報,1071110,集會支出,水珍玥設計工作室,,0.00,5000.00,,,,租用設備支出,金錢,新竹縣新埔鎮****,0937*****,,,,,,,2021/4/22 下午 04:47:04
233,魯明哲,107年直轄市議員選舉,首次申報,1071110,集會支出,冠翊食品有限公司,,0.00,9600.00,,,,餐飲支出,金錢,桃園市平鎮區****,03-4*****,,,,,,,2021/4/22 下午 04:47:04
234,魯明哲,107年直轄市議員選舉,首次申報,1071110,雜支支出,麥當勞中壢環中二店,,0.00,107.00,,,,餐飲費用,金錢,桃園市中壢區****,03-4*****,,,,,,,2021/4/22 下午 04:47:04
235,魯明哲,107年直轄市議員選舉,首次申報,1071110,雜支支出,鑫興科技百貨,,0.00,17000.00,,,,電腦周邊商品,金錢,桃園市中壢區****,03-4*****,,,,,,,2021/4/22 下午 04:47:04
236,魯明哲,107年直轄市議員選舉,首次申報,1071110,雜支支出,良興(股)有限公司中壢中正店,,0.00,4000.00,,,,電腦周邊用品,金錢,桃園市桃園區****,03-4*****,,,,,,,2021/4/22 下午 04:47:04
237,魯明哲,107年直轄市議員選舉,首次申報,1071110,雜支支出,廣興山東饅頭,,0.00,1970.00,,,,餐飲費用,金錢,桃園市中壢區****,03-4*****,,,,,,,2021/4/22 下午 04:47:04
238,魯明哲,107年直轄市議員選舉,首次申報,1071110,雜支支出,好吃包子饅頭店,,0.00,200.00,,,,餐飲費用,金錢,桃園市中壢區****,03-4*****,,,,,,,2021/4/22 下午 04:47:04
239,魯明哲,107年直轄市議員選舉,首次申報,1071111,雜支支出,太平洋崇光白貨中壢店,,0.00,1655.00,,,,餐飲費用,金錢,桃園市中壢區****,03-4*****,,,,,,,2021/4/22 下午 04:47:04
240,魯明哲,107年直轄市議員選舉,首次申報,1071112,交通旅運支出,車容坊三富站,,0.00,210.00,,,,油資,金錢,桃園市中壢區****,03-4*****,,,,,,,2021/4/22 下午 04:47:04
241,魯明哲,107年直轄市議員選舉,首次申報,1071112,交通旅運支出,台灣中油龍岡加油站,,0.00,1000.00,,,,油資,金錢,桃園市中壢區****,03-4*****,,,,,,,2021/4/22 下午 04:47:04
242,魯明哲,107年直轄市議員選舉,首次申報,1071112,雜支支出,蔥肉包專賣店,,0.00,300.00,,,,餐飲費用,金錢,桃園市中壢區****,03-4*****,,,,,,,2021/4/22 下午 04:47:04
243,魯明哲,107年直轄市議員選舉,首次申報,1071112,雜支支出,龍東飯包,,0.00,2080.00,,,,餐飲費用,金錢,桃園市中壢區****,03-4*****,,,,,,,2021/4/22 下午 04:47:04
244,魯明哲,107年直轄市議員選舉,首次申報,1071112,集會支出,飛揚廣播(股)有限公司,89773725,0.00,28335.00,,,,集會活動費用,金錢,桃園市桃園區****,03-2*****,,,,,,,2021/4/22 下午 04:47:04
245,魯明哲,107年直轄市議員選舉,首次申報,1071113,租用宣傳車輛支出,中油龍潭加油站,,0.00,1703.00,,,,宣傳車加油,金錢,桃園市龍潭區****,03-4*****,,,,,,,2021/4/22 下午 04:47:04
246,魯明哲,107年直轄市議員選舉,首次申報,1071113,雜支支出,大江國際購物中心,,0.00,1159.00,,,,餐飲費用,金錢,桃園市中壢區****,03-4*****,,,,,,,2021/4/22 下午 04:47:04
247,魯明哲,107年直轄市議員選舉,首次申報,1071113,雜支支出,龍東飯包,,0.00,1000.00,,,,餐飲費用,金錢,桃園市中壢區****,03-4*****,,,,,,,2021/4/22 下午 04:47:04
248,魯明哲,107年直轄市議員選舉,首次申報,1071113,宣傳支出,登瑞筆業有限公司,24279335,0.00,126000.00,,,,國旗筆,金錢,桃園市中壢區****,03-4*****,,,,,,,2021/4/22 下午 04:47:04
249,魯明哲,107年直轄市議員選舉,首次申報,1071113,宣傳支出,亞洲廣播電台,96876535,0.00,92835.00,,,,FM.電台播告費用,金錢,桃園市桃園區****,03-3*****,,,,,,,2021/4/22 下午 04:47:04
250,魯明哲,107年直轄市議員選舉,首次申報,1071114,租用宣傳車輛支出,車容坊三富站,,0.00,1562.00,,,,宣傳車加油,金錢,桃園市中壢區****,03-4*****,,,,,,,2021/4/22 下午 04:47:04
251,魯明哲,107年直轄市議員選舉,首次申報,1071114,交通旅運支出,林王股忠德加油站,,0.00,1103.00,,,,油資,金錢,桃園市八德區****,03-3*****,,,,,,,2021/4/22 下午 04:47:04
252,魯明哲,107年直轄市議員選舉,首次申報,1071114,雜支支出,金渼星藝術蛋榚,,0.00,230.00,,,,餐飲費用,金錢,桃園市中壢區****,03-4*****,,,,,,,2021/4/22 下午 04:47:04
253,魯明哲,107年直轄市議員選舉,首次申報,1071114,雜支支出,吉興欣業有限公司,,0.00,1100.00,,,,雜項購置或修繕費用,金錢,桃園市中壢區****,03-4*****,,,,,,,2021/4/22 下午 04:47:04
254,魯明哲,107年直轄市議員選舉,首次申報,1071115,租用宣傳車輛支出,車容坊三富站,,0.00,1000.00,,,,宣傳車加油,金錢,桃園市中壢區****,03-4*****,,,,,,,2021/4/22 下午 04:47:04
255,魯明哲,107年直轄市議員選舉,首次申報,1071115,集會支出,饕鮮包子饅頭店,,0.00,9000.00,,,,餐飲支出,金錢,桃園市中壢區****,03-4*****,,,,,,,2021/4/22 下午 04:47:04
256,魯明哲,107年直轄市議員選舉,首次申報,1071115,雜支支出,金渼星藝術蛋榚,,0.00,200.00,,,,餐飲費用,金錢,桃園市中壢區****,03-4*****,,,,,,,2021/4/22 下午 04:47:04
257,魯明哲,107年直轄市議員選舉,首次申報,1071115,雜支支出,花樂發商行,,0.00,550.00,,,,餐飲費用,金錢,桃園市中壢區****,03-4*****,,,,,,,2021/4/22 下午 04:47:04
258,魯明哲,107年直轄市議員選舉,首次申報,1071116,集會支出,水珍玥設計工作室,,0.00,16000.00,,,,租用設備支出,金錢,新竹縣新埔鎮****,0937*****,,,,,,,2021/4/22 下午 04:47:04
259,魯明哲,107年直轄市議員選舉,首次申報,1071116,集會支出,水珍玥設計工作室,,0.00,22000.00,,,,會場佈置及設備(興仁問政),金錢,新竹縣新埔鎮****,0937*****,,,,,,,2021/4/22 下午 04:47:04
260,魯明哲,107年直轄市議員選舉,首次申報,1071116,雜支支出,龍城燒腊店,,0.00,800.00,,,,餐飲費用,金錢,桃園市中壢區****,03-4*****,,,,,,,2021/4/22 下午 04:47:04
261,魯明哲,107年直轄市議員選舉,首次申報,1071116,雜支支出,樺勛加油站,,0.00,500.00,,,,汽機車燃料費用,金錢,桃園市中壢區****,03-4*****,,,,,,,2021/4/22 下午 04:47:04
262,魯明哲,107年直轄市議員選舉,首次申報,1071117,宣傳支出,韋成旗幟印製廠,,0.00,3600.00,,,,後援會會旗,金錢,桃園市中壢區****,03-4*****,,,,,,,2021/4/22 下午 04:47:04
263,魯明哲,107年直轄市議員選舉,首次申報,1071117,雜支支出,麥當勞中壢環中二店,,0.00,122.00,,,,餐飲費用,金錢,桃園市中壢區****,03-4*****,,,,,,,2021/4/22 下午 04:47:04
264,魯明哲,107年直轄市議員選舉,首次申報,1071117,雜支支出,豐屹傳統米食店,,0.00,690.00,,,,餐飲費用,金錢,桃園市中壢區****,03-4*****,,,,,,,2021/4/22 下午 04:47:04
265,魯明哲,107年直轄市議員選舉,首次申報,1071117,雜支支出,圓圓壽司日本料理,,0.00,1350.00,,,,餐飲費用,金錢,桃園市中壢區****,03-4*****,,,,,,,2021/4/22 下午 04:47:04
266,魯明哲,107年直轄市議員選舉,首次申報,1071117,雜支支出,龍城燒腊店,,0.00,1280.00,,,,餐飲費用,金錢,桃園市中壢區****,03-4*****,,,,,,,2021/4/22 下午 04:47:04
267,魯明哲,107年直轄市議員選舉,首次申報,1071120,租用宣傳車輛支出,樺勛加油站,,0.00,1597.00,,,,宣傳車加油,金錢,桃園市中壢區****,03-4*****,,,,,,,2021/4/22 下午 04:47:04
268,魯明哲,107年直轄市議員選舉,首次申報,1071120,集會支出,佳良饅頭店,,0.00,8750.00,,,,餐飲支出,金錢,桃園市中壢區****,03-4*****,,,,,,,2021/4/22 下午 04:47:04
269,魯明哲,107年直轄市議員選舉,首次申報,1071120,雜支支出,壹甲田豬腳店,,0.00,1100.00,,,,餐飲費用,金錢,桃園市中壢區****,03 4*****,,,,,,,2021/4/22 下午 04:47:04
270,魯明哲,107年直轄市議員選舉,首次申報,1071120,宣傳支出,米堤商廣社,29330466,0.00,350000.00,,,,競選大帆布一批,金錢,桃園市平鎮區****,03-4*****,,,,,,,2021/4/22 下午 04:47:04
271,魯明哲,107年直轄市議員選舉,首次申報,1071120,宣傳支出,昌岳創意廣告,69549307,0.00,283500.00,,,,南桃園有線電視廣告費,金錢,桃園市平鎮區****,03-2*****,,,,,,,2021/4/22 下午 04:47:04
272,魯明哲,107年直轄市議員選舉,首次申報,1071120,集會支出,環中大閘蟹餐廳,87919870,0.00,14000.00,,,,餐飲支出,金錢,桃園市中壢區****,03-4*****,,,,,,,2021/4/22 下午 04:47:04
273,魯明哲,107年直轄市議員選舉,首次申報,1071121,集會支出,永珍玥設計工作室,,0.00,25000.00,,,,租用設備支出,金錢,新竹縣新埔鎮****,0937*****,,,,,,,2021/4/22 下午 04:47:04
274,魯明哲,107年直轄市議員選舉,首次申報,1071121,交通旅運支出,台灣中油龍岡加油站,,0.00,740.00,,,,油資,金錢,桃園市中壢區****,03-4*****,,,,,,,2021/4/22 下午 04:47:04
275,魯明哲,107年直轄市議員選舉,首次申報,1071121,交通旅運支出,樺勛加油站,,0.00,1000.00,,,,油資,金錢,桃園市中壢區****,03-4*****,,,,,,,2021/4/22 下午 04:47:04
276,魯明哲,107年直轄市議員選舉,首次申報,1071121,雜支支出,金渼星藝術蛋榚,,0.00,300.00,,,,餐飲費用,金錢,桃園市中壢區****,03-4*****,,,,,,,2021/4/22 下午 04:47:04
277,魯明哲,107年直轄市議員選舉,首次申報,1071121,雜支支出,沛鑫企業社,,0.00,390.00,,,,雜項購置或修繕費用,金錢,桃園市八德區****,0982*****,,,,,,,2021/4/22 下午 04:47:04
278,魯明哲,107年直轄市議員選舉,首次申報,1071121,雜支支出,昱盈文具禮品行,,0.00,600.00,,,,文具用品費用,金錢,桃園市中壢區****,03-4*****,,,,,,,2021/4/22 下午 04:47:04
279,魯明哲,107年直轄市議員選舉,首次申報,1071121,雜支支出,敬華快餐廳,,0.00,1050.00,,,,餐飲費用,金錢,桃園市中壢區****,03-4*****,,,,,,,2021/4/22 下午 04:47:04
280,魯明哲,107年直轄市議員選舉,首次申報,1071121,雜支支出,欣榮興業社,,0.00,1500.00,,,,雜項購置或修繕費用,金錢,桃園市中壢區****,03-2*****,,,,,,,2021/4/22 下午 04:47:04
281,魯明哲,107年直轄市議員選舉,首次申報,1071121,宣傳支出,振豐企業社,,0.00,17500.00,,,,文宣筆一批,金錢,桃園市中壢區****,03-4*****,,,,,,,2021/4/22 下午 04:47:04
282,魯明哲,107年直轄市議員選舉,首次申報,1071121,租用宣傳車輛支出,車容坊三富站,,0.00,1172.00,,,,宣傳車加油,金錢,桃園市中壢區****,03-4*****,,,,,,,2021/4/22 下午 04:47:04
283,魯明哲,107年直轄市議員選舉,首次申報,1071121,租用宣傳車輛支出,龍岡加油站,,0.00,1000.00,,,,宣傳車加油,金錢,桃園市中壢區****,03-4*****,,,,,,,2021/4/22 下午 04:47:04
284,魯明哲,107年直轄市議員選舉,首次申報,1071121,集會支出,楷瑞科技印刷,02626992,0.00,48510.00,,,,集會活動相關費用,金錢,桃園市桃園區****,03-3*****,,,,,,,2021/4/22 下午 04:47:04
285,魯明哲,107年直轄市議員選舉,首次申報,1071121,宣傳支出,楷瑞科技印刷有限公司,02626992,0.00,168000.00,,,,選宣文宣(面紙)一批,金錢,桃園市桃園區****,03-3*****,,,,,,,2021/4/22 下午 04:47:04
286,魯明哲,107年直轄市議員選舉,首次申報,1071121,宣傳支出,米堤廣告社,29330466,0.00,300000.00,,,,大圖輸出、廣傳車燈箱等,金錢,桃園市平鎮區****,03-4*****,,,,,,,2021/4/22 下午 04:47:04
287,魯明哲,107年直轄市議員選舉,首次申報,1071122,租用宣傳車輛支出,龍潭加油站,,0.00,1709.00,,,,宣傳車加油站,金錢,桃園市龍潭區****,03-4*****,,,,,,,2021/4/22 下午 04:47:04
288,魯明哲,107年直轄市議員選舉,首次申報,1071122,集會支出,磚窯雞小吃店,,0.00,5000.00,,,,餐飲支出,金錢,桃園市平鎮區****,03-4*****,,,,,,,2021/4/22 下午 04:47:04
289,魯明哲,107年直轄市議員選舉,首次申報,1071122,雜支支出,統一超商桃園高安門市,,0.00,720.00,,,,餐飲費用,金錢,桃園市平鎮區****,03-2*****,,,,,,,2021/4/22 下午 04:47:04
290,魯明哲,107年直轄市議員選舉,首次申報,1071122,雜支支出,麥德加饅頭店,,0.00,950.00,,,,餐飲費用,金錢,桃園市中壢區****,03-4*****,,,,,,,2021/4/22 下午 04:47:04
291,魯明哲,107年直轄市議員選舉,首次申報,1071122,雜支支出,敬華快餐廳,,0.00,2000.00,,,,餐飲費用,金錢,桃園市中壢區****,03-4*****,,,,,,,2021/4/22 下午 04:47:04
292,魯明哲,107年直轄市議員選舉,首次申報,1071122,宣傳支出,新順包裝開發有限公司,27457327,0.00,6458.00,,,,文宣小卡片,金錢,桃園市楊梅區****,03-4*****,,,,,,,2021/4/22 下午 04:47:04
293,魯明哲,107年直轄市議員選舉,首次申報,1071123,雜支支出,燦坤實業中壢忠孝店,,0.00,499.00,,,,雜項購置或修繕費用,金錢,桃園市中壢區****,03-4*****,,,,,,,2021/4/22 下午 04:47:04
294,魯明哲,107年直轄市議員選舉,首次申報,1071123,雜支支出,敬華快餐廳,,0.00,2000.00,,,,餐飲費用,金錢,桃園市中壢區****,03-4*****,,,,,,,2021/4/22 下午 04:47:04
295,魯明哲,107年直轄市議員選舉,首次申報,1071123,雜支支出,中華郵政(股)有限公司,,0.00,1730.00,,,,政治獻金帳戶存款及滙款手續費,金錢,桃園市中壢區****,03-4*****,,,,,,,2021/4/22 下午 04:47:04
296,魯明哲,107年直轄市議員選舉,首次申報,1071123,宣傳支出,韋成企業社,78826062,0.00,99600.00,,,,宣傳用大立旗、三角戰旗,金錢,桃園市平鎮區****,03-4*****,,,,,,,2021/4/22 下午 04:47:04
297,魯明哲,107年直轄市議員選舉,首次申報,1071124,雜支支出,清香雅集小吃店,,0.00,400.00,,,,餐飲費用,金錢,-****,03-4*****,,,,,,,2021/4/22 下午 04:47:04
298,魯明哲,107年直轄市議員選舉,首次申報,1071124,宣傳支出,安捷廣告有限公司,28942039,0.00,21000.00,,,,中國時報廣告費,金錢,桃園市桃園區****,03-2*****,,,,,,,2021/4/22 下午 04:47:04
299,魯明哲,107年直轄市議員選舉,首次申報,1071125,人事費用支出,魯志麟,A12*******,0.00,20000.00,,,,加班費或值班費,金錢,桃園市中壢區****,0986*****,,,,,,,2021/4/22 下午 04:47:04
300,魯明哲,107年直轄市議員選舉,首次申報,1071125,人事費用支出,魯志楷,A12*******,0.00,20000.00,,,,加班費或值班費,金錢,桃園市中壢區****,0988*****,,,,,,,2021/4/22 下午 04:47:04
301,魯明哲,107年直轄市議員選舉,首次申報,1071125,人事費用支出,楊堯夫,F12*******,0.00,20000.00,,,,加班費或值班費,金錢,桃園市中壢區****,0905*****,,,,,,,2021/4/22 下午 04:47:04
302,魯明哲,107年直轄市議員選舉,首次申報,1071125,人事費用支出,韓順忠,H10*******,0.00,20000.00,,,,加班費或值班費,金錢,桃園市中壢區****,0935*****,,,,,,,2021/4/22 下午 04:47:04
303,魯明哲,107年直轄市議員選舉,首次申報,1071125,人事費用支出,孫桂濱,H10*******,0.00,20000.00,,,,加班費或值班費,金錢,桃園市中壢區****,0937*****,,,,,,,2021/4/22 下午 04:47:04
304,魯明哲,107年直轄市議員選舉,首次申報,1071125,人事費用支出,邱清潭,H12*******,0.00,20000.00,,,,加班費或值班費,金錢,桃園市中壢區****,0932*****,,,,,,,2021/4/22 下午 04:47:04
305,魯明哲,107年直轄市議員選舉,首次申報,1071125,人事費用支出,汪玉山,H12*******,0.00,40000.00,,,,工資或薪津,金錢,桃園市中壢區****,0938*****,,,,,,,2021/4/22 下午 04:47:04
306,魯明哲,107年直轄市議員選舉,首次申報,1071125,人事費用支出,梁素英,H22*******,0.00,60000.00,,,,工資或薪津,金錢,桃園市龍潭區****,0988*****,,,,,,,2021/4/22 下午 04:47:04
307,魯明哲,107年直轄市議員選舉,首次申報,1071125,人事費用支出,汪玉梅,H22*******,0.00,60000.00,,,,工資或薪津,金錢,桃園市中壢區****,0933*****,,,,,,,2021/4/22 下午 04:47:04
308,魯明哲,107年直轄市議員選舉,首次申報,1071125,人事費用支出,張俊久,J12*******,0.00,20000.00,,,,加班費或值班費,金錢,桃園市中壢區****,0911*****,,,,,,,2021/4/22 下午 04:47:04
309,魯明哲,107年直轄市議員選舉,首次申報,1071126,集會支出,印象商圈電視牆公司,54780215,0.00,172200.00,,,,租用設備支出,金錢,桃園市龜山區****,03-3*****,,,,,,,2021/4/22 下午 04:47:04
310,魯明哲,107年直轄市議員選舉,首次申報,1071127,雜支支出,佰駿資訊企業社,,0.00,1650.00,,,,電腦周邊,金錢,桃園市中壢區****,0965*****,,,,,,,2021/4/22 下午 04:47:04
311,魯明哲,107年直轄市議員選舉,首次申報,1071127,宣傳支出,印象商圈電視牆(股)有限公司,80615839,0.00,357000.00,,,,電視牆等廣告,金錢,桃園市龜山區****,03-3*****,,,,,,,2021/4/22 下午 04:47:04
312,魯明哲,107年直轄市議員選舉,首次申報,1071128,租用宣傳車輛支出,車容坊三富站,,0.00,1089.00,,,,宣傳車加油,金錢,桃園市中壢區****,03-4*****,,,,,,,2021/4/22 下午 04:47:04
313,魯明哲,107年直轄市議員選舉,首次申報,1071128,交通旅運支出,中油公司龍岡加油站,,0.00,586.00,,,,油資,金錢,桃園市中壢區****,03-4*****,,,,,,,2021/4/22 下午 04:47:04
314,魯明哲,107年直轄市議員選舉,首次申報,1071128,交通旅運支出,富順流通有限公司,,0.00,788.00,,,,油資,金錢,桃園市中壢區****,03-4*****,,,,,,,2021/4/22 下午 04:47:04
315,魯明哲,107年直轄市議員選舉,首次申報,1071128,交通旅運支出,林王股忠德加油站,,0.00,788.00,,,,油資,金錢,桃園市八德區****,03-3*****,,,,,,,2021/4/22 下午 04:47:04
316,魯明哲,107年直轄市議員選舉,首次申報,1071128,交通旅運支出,中油公司龍岡加油站,,0.00,715.00,,,,油資,金錢,桃園市中壢區****,03-4*****,,,,,,,2021/4/22 下午 04:47:04
317,魯明哲,107年直轄市議員選舉,首次申報,1071128,交通旅運支出,林王股忠德加油站,,0.00,768.00,,,,油資,金錢,桃園市八德區****,03-3*****,,,,,,,2021/4/22 下午 04:47:04
318,魯明哲,107年直轄市議員選舉,首次申報,1071128,交通旅運支出,車容坊三富站,,0.00,791.00,,,,油資,金錢,桃園市中壢區****,03-4*****,,,,,,,2021/4/22 下午 04:47:04
319,魯明哲,107年直轄市議員選舉,首次申報,1071129,雜支支出,環中大閘蟹餐廳,,0.00,10000.00,,,,餐飲費用,金錢,桃園市中壢區****,03-4*****,,,,,,,2021/4/22 下午 04:47:04
320,魯明哲,107年直轄市議員選舉,首次申報,1071129,雜支支出,美商亞太數位潮流科技,,0.00,640.00,,,,Adobe美工軟體月費,金錢,台北市大安區****,02-8*****,,,,,,,2021/4/22 下午 04:47:04
321,魯明哲,107年直轄市議員選舉,首次申報,1071201,宣傳支出,松柏應鷹架有限公司,53212518,0.00,265000.00,,,,廣告鷹架搭設一批,金錢,桃園市平鎮區****,03-4*****,,,,,,,2021/4/22 下午 04:47:04
322,魯明哲,107年直轄市議員選舉,首次申報,1071202,雜支支出,佰家福(股)有限公司,,0.00,1270.00,,,,餐飲費用,金錢,桃園市中壢區****,03-4*****,,,,,,,2021/4/22 下午 04:47:04
323,魯明哲,107年直轄市議員選舉,首次申報,1071203,宣傳支出,新東大時尚國際,27854233,0.00,493000.00,,,,製作競選物品支出（宣傳帽子）,金錢,桃園市中壢區****,03-4*****,,,,,,,2021/4/22 下午 04:47:04
324,魯明哲,107年直轄市議員選舉,首次申報,1071205,宣傳支出,新順包裝開發有限公司,27457327,0.00,124887.00,,,,文宣印刷一批,金錢,桃園市楊梅區****,03-4*****,,,,,,,2021/4/22 下午 04:47:04
325,魯明哲,107年直轄市議員選舉,首次申報,1071205,租用競選辦事處支出,尚成國際有限公司,86784760,0.00,70000.00,,,,裝修競選總部,金錢,新北市新莊區****,02-2*****,,,,,,,2021/4/22 下午 04:47:04
326,魯明哲,107年直轄市議員選舉,首次申報,1071206,租用競選辦事處支出,兆倉通運(股)有限公司,23715324,0.00,8500.00,,,,吊運費,金錢,桃園市大溪區****,03-3*****,,,,,,,2021/4/22 下午 04:47:04
327,魯明哲,107年直轄市議員選舉,首次申報,1071209,雜支支出,環中大閘蟹餐廳,,0.00,12000.00,,,,餐飲費用,金錢,桃園市中壢區****,03-4*****,,,,,,,2021/4/22 下午 04:47:04
328,魯明哲,107年直轄市議員選舉,首次申報,1071210,雜支支出,中華郵政華勛郵局,,0.00,1820.00,,,,邀請卡郵寄費,金錢,桃園市中壢區****,03-4*****,,,,,,,2021/4/22 下午 04:47:04
329,魯明哲,107年直轄市議員選舉,首次申報,1071210,繳庫支出,監察院,03753307,0.00,100000.00,,,,繳庫,金錢,台北市忠孝東****,02-2*****,,,,,,,2021/4/22 下午 04:47:04
330,魯明哲,107年直轄市議員選舉,首次申報,1071210,返還支出,香江餐飲事業(股)公司,84376509,0.00,5000.00,,,,返還,金錢,桃園市中壢區****,03-4*****,,,,,,,2021/4/22 下午 04:47:04
331,魯明哲,107年直轄市議員選舉,首次申報,1071210,返還支出,董元企業(股)有限公司,86832876,0.00,10000.00,,,,返還,金錢,桃園市八德區****,0911*****,,,,,,,2021/4/22 下午 04:47:04
332,魯明哲,107年直轄市議員選舉,首次申報,1071211,雜支支出,樂食煮義飲食店,,0.00,16260.00,,,,餐飲費用,金錢,桃園市中壢區****,03-4*****,,,,,,,2021/4/22 下午 04:47:04
333,魯明哲,107年直轄市議員選舉,首次申報,1071211,宣傳支出,麥格納資訊(股)有限公司,24869825,0.00,224700.00,,,,臉書等社團廣告投放服務,金錢,桃園市平鎮區****,03-2*****,,,,,,,2021/4/22 下午 04:47:04
334,魯明哲,107年直轄市議員選舉,首次申報,1071211,集會支出,聚星整合行銷有限公司,54233168,0.00,300000.00,,,,租用設備支出(活動音響等),金錢,新竹縣竹北市****,0917*****,,,,,,,2021/4/22 下午 04:47:04
335,魯明哲,107年直轄市議員選舉,首次申報,1071213,租用競選辦事處支出,全春雄鋼鐵五金公司,89492942,0.00,36000.00,,,,廣告不銹鋼架加工,金錢,桃園市中壢區****,03-4*****,,,,,,,2021/4/22 下午 04:47:04
336,魯明哲,107年直轄市議員選舉,首次申報,1071214,宣傳支出,成亞策略顧問(股)有限公司,27987091,0.00,25200.00,,,,LINE@帳號費用,金錢,台北市青島東****,02-2*****,,,,,,,2021/4/22 下午 04:47:04
337,魯明哲,107年直轄市議員選舉,首次申報,1071215,雜支支出,蚵仔仁餐飲有限公司,,0.00,10920.00,,,,餐飲費用,金錢,桃園市桃園區****,03-3*****,,,,,,,2021/4/22 下午 04:47:04
338,魯明哲,107年直轄市議員選舉,首次申報,1071217,雜支支出,晨裕商行(坐著作餐廳),,0.00,2940.00,,,,餐飲費用,金錢,桃園市中壢區****,03-4*****,,,,,,,2021/4/22 下午 04:47:04
339,魯明哲,107年直轄市議員選舉,首次申報,1071218,租用競選辦事處支出,信成實業社,42179920,0.00,50000.00,,,,競選總部裝潢拆除、整修、復原,金錢,桃園市中壢區****,03-4*****,,,,,,,2021/4/22 下午 04:47:04
340,魯明哲,107年直轄市議員選舉,首次申報,1071218,租用競選辦事處支出,信成實業社,42179920,0.00,68230.00,,,,競選總部外觀裝修工程,金錢,桃園市中壢區****,03-4*****,,,,,,,2021/4/22 下午 04:47:04
