﻿序號,擬參選人／政黨,選舉名稱,申報序號／年度,交易日期,收支科目,捐贈者／支出對象,身分證／統一編號,收入金額,支出金額,捐贈方式,存入專戶日期,返還/繳庫,支出用途,金錢類,地址,聯絡電話,應揭露之支出對象,支出對象之內部人員姓名,支出對象之內部人員職稱,政黨之內部人員姓名,政黨之內部人員職稱,關係,資料更正日期
1,魯明哲,107年直轄市議員選舉,首次申報,1070808,個人捐贈收入,蘇信旭,R12*******,10000.00,0.00,匯款,1070808,,,金錢,臺南市佳里區****,0916*****,,,,,,,2021/4/22 下午 04:47:04
2,魯明哲,107年直轄市議員選舉,首次申報,1070821,營利事業捐贈收入,薇閣投資有限公司,69695504,300000.00,0.00,匯款,1070821,,,金錢,台中市西屯區****,04-2*****,,,,,,,2021/4/22 下午 04:47:04
3,魯明哲,107年直轄市議員選舉,首次申報,1070828,營利事業捐贈收入,廣倫潔環保(股)公司,70684408,300000.00,0.00,匯款,1070828,,,金錢,桃園市蘆竹區****,03-3*****,,,,,,,2021/4/22 下午 04:47:04
4,魯明哲,107年直轄市議員選舉,首次申報,1070828,個人捐贈收入,練忠平,A12*******,100000.00,0.00,匯款,1070828,,,金錢,桃園市蘆竹區****,0955*****,,,,,,,2021/4/22 下午 04:47:04
5,魯明哲,107年直轄市議員選舉,首次申報,1070828,個人捐贈收入,林美姿,J22*******,50000.00,0.00,匯款,1070828,,,金錢,桃園市中壢區****,0933*****,,,,,,,2021/4/22 下午 04:47:04
6,魯明哲,107年直轄市議員選舉,首次申報,1070828,個人捐贈收入,張淑慧,L22*******,100000.00,0.00,匯款,1070828,,,金錢,桃園市平鎮區****,0926*****,,,,,,,2021/4/22 下午 04:47:04
7,魯明哲,107年直轄市議員選舉,首次申報,1070828,個人捐贈收入,蔡萬豐,N12*******,100000.00,0.00,匯款,1070828,,,金錢,桃園市楊梅區****,0920*****,,,,,,,2021/4/22 下午 04:47:04
8,魯明哲,107年直轄市議員選舉,首次申報,1070828,個人捐贈收入,李文崇,U12*******,50000.00,0.00,匯款,1070828,,,金錢,桃園市中壢區****,0912*****,,,,,,,2021/4/22 下午 04:47:04
9,魯明哲,107年直轄市議員選舉,首次申報,1070917,個人捐贈收入,陳世煌,A12*******,80000.00,0.00,現金,1070917,,,金錢,桃園市龍潭區****,03-4*****,,,,,,,2021/4/22 下午 04:47:04
10,魯明哲,107年直轄市議員選舉,首次申報,1070917,個人捐贈收入,黃頌評,A12*******,80000.00,0.00,現金,1070917,,,金錢,桃園市龍潭區****,03-4*****,,,,,,,2021/4/22 下午 04:47:04
11,魯明哲,107年直轄市議員選舉,首次申報,1070917,個人捐贈收入,吳錫銘,B12*******,80000.00,0.00,現金,1070917,,,金錢,桃園市龍潭區****,03-4*****,,,,,,,2021/4/22 下午 04:47:04
12,魯明哲,107年直轄市議員選舉,首次申報,1070917,個人捐贈收入,柯能騰,E12*******,80000.00,0.00,現金,1070917,,,金錢,桃園市中壢區****,03-4*****,,,,,,,2021/4/22 下午 04:47:04
13,魯明哲,107年直轄市議員選舉,首次申報,1070917,個人捐贈收入,游敬倫,F12*******,80000.00,0.00,現金,1070917,,,金錢,桃園市龍潭區****,03-4*****,,,,,,,2021/4/22 下午 04:47:04
14,魯明哲,107年直轄市議員選舉,首次申報,1070917,個人捐贈收入,黃文奇,H12*******,80000.00,0.00,現金,1070917,,,金錢,桃園市楊梅區****,03-4*****,,,,,,,2021/4/22 下午 04:47:04
15,魯明哲,107年直轄市議員選舉,首次申報,1070917,個人捐贈收入,劉大祥,K12*******,80000.00,0.00,現金,1070917,,,金錢,桃園市中壢區****,03-4*****,,,,,,,2021/4/22 下午 04:47:04
16,魯明哲,107年直轄市議員選舉,首次申報,1070918,個人捐贈收入,彭玉華,A22*******,50000.00,0.00,現金,1070918,,,金錢,桃園市桃園區****,03-3*****,,,,,,,2021/4/22 下午 04:47:04
17,魯明哲,107年直轄市議員選舉,首次申報,1070926,個人捐贈收入,張瓊珠,H22*******,50000.00,0.00,現金,1070926,,,金錢,台北市新生南****,0933*****,,,,,,,2021/4/22 下午 04:47:04
18,魯明哲,107年直轄市議員選舉,首次申報,1070927,個人捐贈收入,郝海宴,Y12*******,100000.00,0.00,匯款,1070927,,,金錢,台北市士林區****,02-2*****,,,,,,,2021/4/22 下午 04:47:04
19,魯明哲,107年直轄市議員選舉,首次申報,1071002,營利事業捐贈收入,道勳企業有限公司,80314735,200000.00,0.00,匯款,1071002,,,金錢,桃園市龍潭區****,0932*****,,,,,,,2021/4/22 下午 04:47:04
20,魯明哲,107年直轄市議員選舉,首次申報,1071008,營利事業捐贈收入,富元加油站有限公司,23175136,300000.00,0.00,匯款,1071008,,,金錢,桃園市新屋區****,03-4*****,,,,,,,2021/4/22 下午 04:47:04
21,魯明哲,107年直轄市議員選舉,首次申報,1071015,個人捐贈收入,劉玉庚,,2000.00,0.00,現金,1071015,,,金錢,桃園市中壢區****,03-4*****,,,,,,,2021/4/22 下午 04:47:04
22,魯明哲,107年直轄市議員選舉,首次申報,1071016,個人捐贈收入,楊超,,1000.00,0.00,現金,1071016,,,金錢,桃園市中壢區****,03-4*****,,,,,,,2021/4/22 下午 04:47:04
23,魯明哲,107年直轄市議員選舉,首次申報,1071017,營利事業捐贈收入,海華建設(股)有限公司,20846081,100000.00,0.00,票據,1071026,已繳庫,,金錢,台北市()民****,02-2*****,,,,,,,2021/4/22 下午 04:47:04
24,魯明哲,107年直轄市議員選舉,首次申報,1071017,營利事業捐贈收入,王佳實業股份有限公司,31300690,50000.00,0.00,現金,1071017,,,金錢,桃園市楊梅區****,03-4*****,,,,,,,2021/4/22 下午 04:47:04
25,魯明哲,107年直轄市議員選舉,首次申報,1071018,個人捐贈收入,許朝陽,H10*******,100000.00,0.00,票據,1071029,,,金錢,桃園市大園區****,0933*****,,,,,,,2021/4/22 下午 04:47:04
26,魯明哲,107年直轄市議員選舉,首次申報,1071018,個人捐贈收入,林建宏,H12*******,100000.00,0.00,匯款,1071018,,,金錢,桃園市中壢區****,03-4*****,,,,,,,2021/4/22 下午 04:47:04
27,魯明哲,107年直轄市議員選舉,首次申報,1071019,個人捐贈收入,謝霑宥,V12*******,100000.00,0.00,匯款,1071019,,,金錢,台東縣卑南鄉****,0986*****,,,,,,,2021/4/22 下午 04:47:04
28,魯明哲,107年直轄市議員選舉,首次申報,1071021,營利事業捐贈收入,統宇電研(股)有限公司,80054055,200000.00,0.00,票據,1071026,,,金錢,桃園市中壢區****,0915*****,,,,,,,2021/4/22 下午 04:47:04
29,魯明哲,107年直轄市議員選舉,首次申報,1071022,個人捐贈收入,孫自謙,,5000.00,0.00,現金,1071022,,,金錢,桃園市中壢區****,0910*****,,,,,,,2021/4/22 下午 04:47:04
30,魯明哲,107年直轄市議員選舉,首次申報,1071022,個人捐贈收入,黃珍妮,A22*******,100000.00,0.00,匯款,1071022,,,金錢,新北市三重區****,0937*****,,,,,,,2021/4/22 下午 04:47:04
31,魯明哲,107年直轄市議員選舉,首次申報,1071023,營利事業捐贈收入,金昌營造有限公司,12601062,300000.00,0.00,匯款,1071023,,,金錢,桃園市桃園區****,0935*****,,,,,,,2021/4/22 下午 04:47:04
32,魯明哲,107年直轄市議員選舉,首次申報,1071023,營利事業捐贈收入,御石有限公司,45888875,10000.00,0.00,現金,1071023,,,金錢,桃園市平鎮區****,04-2*****,,,,,,,2021/4/22 下午 04:47:04
33,魯明哲,107年直轄市議員選舉,首次申報,1071023,營利事業捐贈收入,香江餐飲事業(股)公司,84376509,5000.00,0.00,現金,1071023,已返還,,金錢,桃園市中壢區****,03-4*****,,,,,,,2021/4/22 下午 04:47:04
34,魯明哲,107年直轄市議員選舉,首次申報,1071023,營利事業捐贈收入,董元企業(股)有限公司,86832876,10000.00,0.00,現金,1071023,已返還,,金錢,桃園市八德區****,0911*****,,,,,,,2021/4/22 下午 04:47:04
35,魯明哲,107年直轄市議員選舉,首次申報,1071023,營利事業捐贈收入,宏致電子股份有限公司,97257738,1000000.00,0.00,匯款,1071023,,,金錢,桃園市中壢區****,0936*****,,,,,,,2021/4/22 下午 04:47:04
36,魯明哲,107年直轄市議員選舉,首次申報,1071023,個人捐贈收入,夏德仁,A10*******,5000.00,0.00,現金,1071023,,,金錢,桃園市龜山區****,0916*****,,,,,,,2021/4/22 下午 04:47:04
37,魯明哲,107年直轄市議員選舉,首次申報,1071023,個人捐贈收入,郭昶清,H10*******,5000.00,0.00,現金,1071023,,,金錢,桃園市中壢區****,0989*****,,,,,,,2021/4/22 下午 04:47:04
38,魯明哲,107年直轄市議員選舉,首次申報,1071023,個人捐贈收入,黃萬寶,H10*******,3000.00,0.00,現金,1071023,,,金錢,桃園市中壢區****,0910*****,,,,,,,2021/4/22 下午 04:47:04
39,魯明哲,107年直轄市議員選舉,首次申報,1071023,個人捐贈收入,劉得鏗,H10*******,10000.00,0.00,現金,1071023,,,金錢,桃園市中壢區****,0932*****,,,,,,,2021/4/22 下午 04:47:04
40,魯明哲,107年直轄市議員選舉,首次申報,1071023,個人捐贈收入,游賢金,H10*******,6000.00,0.00,現金,1071023,,,金錢,桃園市中壢區****,0937*****,,,,,,,2021/4/22 下午 04:47:04
41,魯明哲,107年直轄市議員選舉,首次申報,1071023,個人捐贈收入,葉國忠,H10*******,20000.00,0.00,現金,1071023,,,金錢,桃園市中壢區****,0933*****,,,,,,,2021/4/22 下午 04:47:04
42,魯明哲,107年直轄市議員選舉,首次申報,1071023,個人捐贈收入,陳明照,H12*******,20000.00,0.00,現金,1071023,,,金錢,桃園市中壢區****,0910*****,,,,,,,2021/4/22 下午 04:47:04
43,魯明哲,107年直轄市議員選舉,首次申報,1071023,個人捐贈收入,陳明銓,H12*******,20000.00,0.00,現金,1071023,,,金錢,桃園市中壢區****,0910*****,,,,,,,2021/4/22 下午 04:47:04
44,魯明哲,107年直轄市議員選舉,首次申報,1071023,個人捐贈收入,陳明劻,H12*******,20000.00,0.00,現金,1071023,,,金錢,桃園市中壢區****,0936*****,,,,,,,2021/4/22 下午 04:47:04
45,魯明哲,107年直轄市議員選舉,首次申報,1071023,個人捐贈收入,呂正裕,H12*******,10000.00,0.00,現金,1071023,,,金錢,桃園市中壢區****,0988*****,,,,,,,2021/4/22 下午 04:47:04
46,魯明哲,107年直轄市議員選舉,首次申報,1071023,個人捐贈收入,溫亦山,H12*******,1000.00,0.00,現金,1071023,,,金錢,桃園市中壢區****,0933*****,,,,,,,2021/4/22 下午 04:47:04
47,魯明哲,107年直轄市議員選舉,首次申報,1071023,個人捐贈收入,彭子蓮,H20*******,10000.00,0.00,現金,1071023,,,金錢,桃園市中壢區****,03-4*****,,,,,,,2021/4/22 下午 04:47:04
48,魯明哲,107年直轄市議員選舉,首次申報,1071023,個人捐贈收入,宋英華,H20*******,2000.00,0.00,現金,1071023,,,金錢,桃園市中壢區****,0916*****,,,,,,,2021/4/22 下午 04:47:04
49,魯明哲,107年直轄市議員選舉,首次申報,1071023,個人捐贈收入,卓玲,H22*******,20000.00,0.00,現金,1071023,,,金錢,桃園市楊梅區****,0933*****,,,,,,,2021/4/22 下午 04:47:04
50,魯明哲,107年直轄市議員選舉,首次申報,1071023,個人捐贈收入,李強國,T12*******,2000.00,0.00,現金,1071023,,,金錢,桃園市中壢區****,0952*****,,,,,,,2021/4/22 下午 04:47:04
51,魯明哲,107年直轄市議員選舉,首次申報,1071024,個人捐贈收入,林文祥,F12*******,100000.00,0.00,現金,1071024,,,金錢,桃園市中壢區****,0911*****,,,,,,,2021/4/22 下午 04:47:04
52,魯明哲,107年直轄市議員選舉,首次申報,1071024,個人捐贈收入,邢靈燕,H20*******,2000.00,0.00,現金,1071024,,,金錢,桃園市中壢區****,0921*****,,,,,,,2021/4/22 下午 04:47:04
53,魯明哲,107年直轄市議員選舉,首次申報,1071024,個人捐贈收入,張建邦,M10*******,6000.00,0.00,現金,1071024,,,金錢,桃園市中壢區****,0937*****,,,,,,,2021/4/22 下午 04:47:04
54,魯明哲,107年直轄市議員選舉,首次申報,1071025,個人捐贈收入,★鄭結定,N10*******,50000.00,0.00,現金,1071025,,,金錢,桃園市平鎮區****,0937*****,,,,,,,2021/4/22 下午 04:47:04
55,魯明哲,107年直轄市議員選舉,首次申報,1071025,個人捐贈收入,張滄彬,Q10*******,10000.00,0.00,現金,1071025,,,金錢,桃園市中壢區****,0920*****,,,,,,,2021/4/22 下午 04:47:04
56,魯明哲,107年直轄市議員選舉,首次申報,1071026,個人捐贈收入,羅禾淋,H12*******,12000.00,0.00,現金,1071026,,,金錢,桃園市中壢區****,03-4*****,,,,,,,2021/4/22 下午 04:47:04
57,魯明哲,107年直轄市議員選舉,首次申報,1071029,個人捐贈收入,許金屯,H10*******,20000.00,0.00,現金,1071029,,,金錢,桃園市中壢區****,03-4*****,,,,,,,2021/4/22 下午 04:47:04
58,魯明哲,107年直轄市議員選舉,首次申報,1071029,個人捐贈收入,高國樹,H12*******,20000.00,0.00,現金,1071029,,,金錢,桃園市大溪區****,0932*****,,,,,,,2021/4/22 下午 04:47:04
59,魯明哲,107年直轄市議員選舉,首次申報,1071029,個人捐贈收入,葉梅虹,H22*******,10000.00,0.00,現金,1071029,,,金錢,桃園市中壢區****,0988*****,,,,,,,2021/4/22 下午 04:47:04
60,魯明哲,107年直轄市議員選舉,首次申報,1071029,個人捐贈收入,羅秀玉,J22*******,5000.00,0.00,現金,1071029,,,金錢,桃園市桃園區****,0930*****,,,,,,,2021/4/22 下午 04:47:04
61,魯明哲,107年直轄市議員選舉,首次申報,1071029,個人捐贈收入,★鄭結定,N10*******,50000.00,0.00,票據,1071030,,,金錢,桃園市平鎮區****,0937*****,,,,,,,2021/4/22 下午 04:47:04
62,魯明哲,107年直轄市議員選舉,首次申報,1071030,營利事業捐贈收入,兆翔製衣(股)有限公司,84161107,20000.00,0.00,票據,1071030,,,金錢,桃園市八德區****,0937*****,,,,,,,2021/4/22 下午 04:47:04
63,魯明哲,107年直轄市議員選舉,首次申報,1071102,營利事業捐贈收入,佑順加油站(股)有限公司,23504658,50000.00,0.00,現金,1071102,,,金錢,新竹縣竹北市****,03-5*****,,,,,,,2021/4/22 下午 04:47:04
64,魯明哲,107年直轄市議員選舉,首次申報,1071102,個人捐贈收入,謝文卿,H10*******,20000.00,0.00,現金,1071102,,,金錢,桃園市中壢區****,0910*****,,,,,,,2021/4/22 下午 04:47:04
65,魯明哲,107年直轄市議員選舉,首次申報,1071102,個人捐贈收入,潘太良,H12*******,5000.00,0.00,現金,1071102,,,金錢,桃園市中壢區****,0936*****,,,,,,,2021/4/22 下午 04:47:04
66,魯明哲,107年直轄市議員選舉,首次申報,1071102,個人捐贈收入,鍾昌賜,J12*******,100000.00,0.00,現金,1071102,,,金錢,桃園市楊梅區****,0910*****,,,,,,,2021/4/22 下午 04:47:04
67,魯明哲,107年直轄市議員選舉,首次申報,1071105,個人捐贈收入,詹洪明華,,10000.00,0.00,現金,1071105,,,金錢,桃園市平鎮區****,0975*****,,,,,,,2021/4/22 下午 04:47:04
68,魯明哲,107年直轄市議員選舉,首次申報,1071105,個人捐贈收入,陳秉洋,H10*******,20000.00,0.00,現金,1071105,,,金錢,桃園市中壢區****,0953*****,,,,,,,2021/4/22 下午 04:47:04
69,魯明哲,107年直轄市議員選舉,首次申報,1071105,個人捐贈收入,呂芳素,H10*******,100000.00,0.00,票據,1071105,,,金錢,桃園市中壢區****,0933*****,,,,,,,2021/4/22 下午 04:47:04
70,魯明哲,107年直轄市議員選舉,首次申報,1071105,個人捐贈收入,吳建和,H12*******,10000.00,0.00,現金,1071105,,,金錢,桃園市中壢區****,0932*****,,,,,,,2021/4/22 下午 04:47:04
71,魯明哲,107年直轄市議員選舉,首次申報,1071105,個人捐贈收入,徐文華,H20*******,5000.00,0.00,現金,1071105,,,金錢,桃園市中壢區****,0933*****,,,,,,,2021/4/22 下午 04:47:04
72,魯明哲,107年直轄市議員選舉,首次申報,1071105,個人捐贈收入,王秀玉,K20*******,2000.00,0.00,現金,1071105,,,金錢,桃園市中壢區****,0937*****,,,,,,,2021/4/22 下午 04:47:04
73,魯明哲,107年直轄市議員選舉,首次申報,1071107,營利事業捐贈收入,富元加油站有限公司,23175136,30000.00,0.00,票據,1071107,,,金錢,桃園市新屋區****,03-4*****,,,,,,,2021/4/22 下午 04:47:04
74,魯明哲,107年直轄市議員選舉,首次申報,1071108,營利事業捐贈收入,陽明營造(股)公司,84767581,20000.00,0.00,現金,1071108,,,金錢,台北市內湖區****,0937*****,,,,,,,2021/4/22 下午 04:47:04
75,魯明哲,107年直轄市議員選舉,首次申報,1071110,營利事業捐贈收入,鴻益企業(股)有限公司,44921757,20000.00,0.00,票據,1071112,,,金錢,台北市南京東****,0936*****,,,,,,,2021/4/22 下午 04:47:04
76,魯明哲,107年直轄市議員選舉,首次申報,1071112,個人捐贈收入,彭博政,H12*******,5000.00,0.00,現金,1071112,,,金錢,桃園市中壢區****,0937*****,,,,,,,2021/4/22 下午 04:47:04
77,魯明哲,107年直轄市議員選舉,首次申報,1071112,個人捐贈收入,葉怡婷,P22*******,100000.00,0.00,現金,1071112,,,金錢,桃園市桃園區****,0953*****,,,,,,,2021/4/22 下午 04:47:04
78,魯明哲,107年直轄市議員選舉,首次申報,1071114,營利事業捐贈收入,宏賢建設(股)有限公司,28851059,100000.00,0.00,票據,1071122,,,金錢,台北市內湖區****,0937*****,,,,,,,2021/4/22 下午 04:47:04
79,魯明哲,107年直轄市議員選舉,首次申報,1071119,人民團體捐贈收入,桃園市牙醫師公會,,30000.00,0.00,現金,1071119,,,金錢,桃園市中壢區****,4229*****,,,,,,,2021/4/22 下午 04:47:04
80,魯明哲,107年直轄市議員選舉,首次申報,1071119,營利事業捐贈收入,銓昌科技(股)公司,70576560,20000.00,0.00,現金,1071119,,,金錢,桃園市中壢區****,0937*****,,,,,,,2021/4/22 下午 04:47:04
81,魯明哲,107年直轄市議員選舉,首次申報,1071119,個人捐贈收入,羅幼莉,H22*******,5000.00,0.00,現金,1071119,,,金錢,桃園市龍潭區****,0932*****,,,,,,,2021/4/22 下午 04:47:04
82,魯明哲,107年直轄市議員選舉,首次申報,1071119,個人捐贈收入,羅喜旺,T12*******,3600.00,0.00,現金,1071119,,,金錢,桃園市中壢區****,0917*****,,,,,,,2021/4/22 下午 04:47:04
83,魯明哲,107年直轄市議員選舉,首次申報,1071120,個人捐贈收入,楊文通,H10*******,3000.00,0.00,現金,1071120,,,金錢,桃園市中壢區****,0910*****,,,,,,,2021/4/22 下午 04:47:04
84,魯明哲,107年直轄市議員選舉,首次申報,1071120,個人捐贈收入,賴靈欣,H12*******,50000.00,0.00,票據,1071123,,,金錢,桃園市大園區****,0988*****,,,,,,,2021/4/22 下午 04:47:04
85,魯明哲,107年直轄市議員選舉,首次申報,1071120,個人捐贈收入,徐玉富,H12*******,20000.00,0.00,現金,1071120,,,金錢,桃園市中壢區****,0938*****,,,,,,,2021/4/22 下午 04:47:04
86,魯明哲,107年直轄市議員選舉,首次申報,1071123,個人捐贈收入,吳顯桂,A11*******,10000.00,0.00,現金,1071123,,,金錢,桃園市平鎮區****,0935*****,,,,,,,2021/4/22 下午 04:47:04
87,魯明哲,107年直轄市議員選舉,首次申報,1071123,個人捐贈收入,謝兆豐,H12*******,50000.00,0.00,現金,1071123,,,金錢,桃園市中壢區****,0926*****,,,,,,,2021/4/22 下午 04:47:04
88,魯明哲,107年直轄市議員選舉,首次申報,1071123,個人捐贈收入,莊育亮,H12*******,30000.00,0.00,現金,1071123,,,金錢,桃園市中壢區****,03-4*****,,,,,,,2021/4/22 下午 04:47:04
