﻿序號,擬參選人／政黨,選舉名稱,申報序號／年度,交易日期,收支科目,捐贈者／支出對象,身分證／統一編號,收入金額,支出金額,捐贈方式,存入專戶日期,返還/繳庫,支出用途,金錢類,地址,聯絡電話,應揭露之支出對象,支出對象之內部人員姓名,支出對象之內部人員職稱,政黨之內部人員姓名,政黨之內部人員職稱,關係,更正註記,資料更正日期
1,石一佑,111年新北市議員選舉,首次申報,1110708,個人捐贈收入,程進順,,10000.00,0.00,現金,1110708,,,金錢,新北市三重區****,0921*****,,,,,,,,
2,石一佑,111年新北市議員選舉,首次申報,1110708,個人捐贈收入,高永騰,A12*******,80000.00,0.00,現金,1110708,,,金錢,新北市樹林區****,,,,,,,,,
3,石一佑,111年新北市議員選舉,首次申報,1110708,個人捐贈收入,黃敘涓,F22*******,30000.00,0.00,現金,1110708,,,金錢,新北市樹林區****,,,,,,,,,
4,石一佑,111年新北市議員選舉,首次申報,1110719,個人捐贈收入,詹明勲,,3000.00,0.00,匯款,1110719,,,金錢,新北市板橋區****,,,,,,,,,
5,石一佑,111年新北市議員選舉,首次申報,1110721,個人捐贈收入,江正義,,5000.00,0.00,匯款,1110721,,,金錢,新北市板橋區****,,,,,,,,,
6,石一佑,111年新北市議員選舉,首次申報,1110722,個人捐贈收入,莊璧如,,5000.00,0.00,匯款,1110722,,,金錢,新北市板橋區****,,,,,,,,,
7,石一佑,111年新北市議員選舉,首次申報,1110726,個人捐贈收入,葉秋邦,,2000.00,0.00,匯款,1110726,,,金錢,新北市三重區****,,,,,,,,,
8,石一佑,111年新北市議員選舉,首次申報,1110728,個人捐贈收入,高雪卿,,2000.00,0.00,現金,1110728,,,金錢,新北市板橋區****,,,,,,,,,
9,石一佑,111年新北市議員選舉,首次申報,1110909,匿名捐贈,匿名,,2000.00,0.00,匯款,1110909,,,金錢,,,,,,,,,,
10,石一佑,111年新北市議員選舉,首次申報,1110913,營利事業捐贈收入,瓏山林地產股份有限公司,53548577,500000.00,0.00,匯款,1110913,已返還,,金錢,臺北市松山區****,,,,,,,,,
11,石一佑,111年新北市議員選舉,首次申報,1110920,營利事業捐贈收入,瓏山林莒光股份有限公司,53548540,500000.00,0.00,匯款,1110920,,,金錢,臺北市松山區****,,,,,,,,,
12,石一佑,111年新北市議員選舉,首次申報,1110920,營利事業捐贈收入,漢通模具有限公司,80441459,30000.00,0.00,匯款,1110920,,,金錢,新北市土城區****,,,,,,,,,
13,石一佑,111年新北市議員選舉,首次申報,1110920,個人捐贈收入,蔡居福,P10*******,10000.00,0.00,匯款,1110920,,,金錢,新北市板橋區****,,,,,,,,,
14,石一佑,111年新北市議員選舉,首次申報,1110926,個人捐贈收入,謝德慶,,3000.00,0.00,匯款,1110926,,,金錢,新北市板橋區****,02-2*****,,,,,,,,
15,石一佑,111年新北市議員選舉,首次申報,1110928,個人捐贈收入,洪金福,F10*******,100000.00,0.00,匯款,1110928,,,金錢,新北市板橋區****,0988*****,,,,,,,,
16,石一佑,111年新北市議員選舉,首次申報,1111005,匿名捐贈,匿名,,2000.00,0.00,匯款,1111005,,,金錢,,,,,,,,,,
17,石一佑,111年新北市議員選舉,首次申報,1111017,營利事業捐贈收入,映齊貿易有限公司,53084648,10000.00,0.00,匯款,1111017,已返還,,金錢,臺北市中山區****,,,,,,,,,
18,石一佑,111年新北市議員選舉,首次申報,1111017,營利事業捐贈收入,嘉洲汽車材料有限公司,86035181,10000.00,0.00,匯款,1111017,,,金錢,臺北市中山區****,,,,,,,,,
19,石一佑,111年新北市議員選舉,首次申報,1111017,營利事業捐贈收入,響駿實業有限公司,89457662,10000.00,0.00,匯款,1111017,已返還,,金錢,新北市三重區****,,,,,,,,,
20,石一佑,111年新北市議員選舉,首次申報,1111017,個人捐贈收入,楊秀民,A12*******,10000.00,0.00,匯款,1111017,,,金錢,新北市板橋區****,,,,,,,,,
21,石一佑,111年新北市議員選舉,首次申報,1111019,營利事業捐贈收入,漢通模具有限公司,80441459,20000.00,0.00,匯款,1111019,,,金錢,新北市土城區****,,,,,,,,,
22,石一佑,111年新北市議員選舉,首次申報,1111021,個人捐贈收入,蔡明華,,10000.00,0.00,匯款,1111021,,,金錢,新北市板橋區****,0933*****,,,,,,,,
23,石一佑,111年新北市議員選舉,首次申報,1111021,個人捐贈收入,王光蕋,,3000.00,0.00,匯款,1111021,,,金錢,新北市板橋區****,,,,,,,,,
24,石一佑,111年新北市議員選舉,首次申報,1111021,個人捐贈收入,陳奇生,,2000.00,0.00,匯款,1111021,,,金錢,新北市板橋區****,,,,,,,,,
25,石一佑,111年新北市議員選舉,首次申報,1111021,個人捐贈收入,陳池龍,,10000.00,0.00,匯款,1111021,,,金錢,新北市板橋區****,,,,,,,,,
26,石一佑,111年新北市議員選舉,首次申報,1111021,個人捐贈收入,廖本良,,2000.00,0.00,現金,1111021,,,金錢,新北市板橋區****,0928*****,,,,,,,,
27,石一佑,111年新北市議員選舉,首次申報,1111021,個人捐贈收入,吳星助,,10000.00,0.00,現金,1111021,,,金錢,新北市土城區****,0928*****,,,,,,,,
28,石一佑,111年新北市議員選舉,首次申報,1111021,個人捐贈收入,陳良青,,1200.00,0.00,匯款,1111021,,,金錢,新北市板橋區****,,,,,,,,,
29,石一佑,111年新北市議員選舉,首次申報,1111028,個人捐贈收入,簡淑綿,,16888.00,0.00,匯款,1111028,,,金錢,新北市新店區****,0927*****,,,,,,,,
30,石一佑,111年新北市議員選舉,首次申報,1111103,營利事業捐贈收入,金通國際物流有限公司,28224419,10000.00,0.00,匯款,1111103,,,金錢,新北市永和區****,,,,,,,,,
31,石一佑,111年新北市議員選舉,首次申報,1111103,個人捐贈收入,胡書愷,A10*******,10000.00,0.00,匯款,1111103,,,金錢,臺北市中山區****,0928*****,,,,,,,,
32,石一佑,111年新北市議員選舉,首次申報,1111103,個人捐贈收入,孫殿年,Y12*******,10000.00,0.00,匯款,1111103,,,金錢,臺北市中山區****,0932*****,,,,,,,,
33,石一佑,111年新北市議員選舉,首次申報,1111105,個人捐贈收入,張敏玲,,20000.00,0.00,匯款,1111105,,,金錢,新北市板橋區****,0928*****,,,,,,,,
34,石一佑,111年新北市議員選舉,首次申報,1111107,匿名捐贈,匿名,,3000.00,0.00,匯款,1111107,,,金錢,,,,,,,,,,
35,石一佑,111年新北市議員選舉,首次申報,1111109,個人捐贈收入,張書銘,,5000.00,0.00,匯款,1111109,,,金錢,新北市板橋區****,0983*****,,,,,,,,
36,石一佑,111年新北市議員選舉,首次申報,1111109,個人捐贈收入,楊文欽,,2000.00,0.00,現金,1111109,,,金錢,新北市板橋區****,0931*****,,,,,,,,
37,石一佑,111年新北市議員選舉,首次申報,1111109,個人捐贈收入,劉萬得,,2000.00,0.00,匯款,1111109,,,金錢,新北市中和區****,0910*****,,,,,,,,
38,石一佑,111年新北市議員選舉,首次申報,1111109,個人捐贈收入,曾慶忠,,2000.00,0.00,現金,1111109,,,金錢,新北市樹林區****,0952*****,,,,,,,,
39,石一佑,111年新北市議員選舉,首次申報,1111109,個人捐贈收入,陳人豪,,1000.00,0.00,現金,1111109,,,金錢,新北市板橋區****,0222*****,,,,,,,,
40,石一佑,111年新北市議員選舉,首次申報,1111109,個人捐贈收入,陳毅哲,,5000.00,0.00,現金,1111109,,,金錢,新北市板橋區****,0939*****,,,,,,,,
41,石一佑,111年新北市議員選舉,首次申報,1111109,營利事業捐贈收入,美濃油漆工程有限公司,23805423,10000.00,0.00,匯款,1111109,,,金錢,新北市板橋區****,0910*****,,,,,,,,
42,石一佑,111年新北市議員選舉,首次申報,1111109,個人捐贈收入,林逸樺,L12*******,5000.00,0.00,匯款,1111109,,,金錢,臺北市內湖區****,,,,,,,,,
43,石一佑,111年新北市議員選舉,首次申報,1111114,營利事業捐贈收入,泓運興業有限公司,80042523,5000.00,0.00,匯款,1111114,,,金錢,新北市中和區****,,,,,,,,,
44,石一佑,111年新北市議員選舉,首次申報,1111115,匿名捐贈,匿名,,1000.00,0.00,匯款,1111115,,,金錢,,,,,,,,,,
45,石一佑,111年新北市議員選舉,首次申報,1111116,個人捐贈收入,洪淑雅,,3000.00,0.00,匯款,1111116,,,金錢,新北市板橋區****,0933*****,,,,,,,,
46,石一佑,111年新北市議員選舉,首次申報,1111121,個人捐贈收入,施惠貞,,3000.00,0.00,匯款,1111121,,,金錢,新北市板橋區****,0955*****,,,,,,,,
47,石一佑,111年新北市議員選舉,首次申報,1111121,個人捐贈收入,花再發,,3000.00,0.00,匯款,1111121,,,金錢,新北市板橋區****,0935*****,,,,,,,,
48,石一佑,111年新北市議員選舉,首次申報,1111121,個人捐贈收入,鄭德村,,10000.00,0.00,匯款,1111121,,,金錢,新北市板橋區****,0912*****,,,,,,,,
49,石一佑,111年新北市議員選舉,首次申報,1111122,個人捐贈收入,邱顯儒,,5000.00,0.00,匯款,1111122,,,金錢,新北市板橋區****,0939*****,,,,,,,,
50,石一佑,111年新北市議員選舉,首次申報,1111123,營利事業捐贈收入,板新加油站股份有限公司,23362573,50000.00,0.00,匯款,1111123,,,金錢,新北市板橋區****,,,,,,,,,
51,石一佑,111年新北市議員選舉,首次申報,1111125,個人捐贈收入,王淑芬,,500.00,0.00,現金,1111125,,,金錢,新北市板橋區****,,,,,,,,,
52,石一佑,111年新北市議員選舉,首次申報,1111125,個人捐贈收入,曾坤憲,,10000.00,0.00,現金,1111125,,,金錢,新北市板橋區****,,,,,,,,,
53,石一佑,111年新北市議員選舉,首次申報,1111125,個人捐贈收入,盧東祥,,2000.00,0.00,現金,1111205,,,金錢,新北市板橋區****,0919*****,,,,,,,,
54,石一佑,111年新北市議員選舉,首次申報,1111125,營利事業捐贈收入,東寅有限公司,80396068,10000.00,0.00,現金,1111125,已返還,,金錢,新北市板橋區****,0937*****,,,,,,,,
55,石一佑,111年新北市議員選舉,首次申報,1111125,個人捐贈收入,賴達雄,F10*******,100000.00,0.00,現金,1111205,,,金錢,新北市板橋區****,,,,,,,,,
56,石一佑,111年新北市議員選舉,首次申報,1111125,個人捐贈收入,賴賢璁,F12*******,50000.00,0.00,現金,1111205,,,金錢,新北市板橋區****,,,,,,,,,
57,石一佑,111年新北市議員選舉,首次申報,1111125,個人捐贈收入,賴肖萍,F22*******,50000.00,0.00,現金,1111205,,,金錢,新北市板橋區****,,,,,,,,,
