﻿序號,擬參選人／政黨,選舉名稱,申報序號／年度,交易日期,收支科目,捐贈者／支出對象,身分證／統一編號,收入金額,支出金額,支出用途,金錢類,地址,聯絡電話,資料更正日期
1,黃明賢,107年縣(市)議員選舉,首次申報,1071008,租用宣傳車輛支出,藍天使航空科學模型店,90855061,0.00,256000.00,租用宣傳車輛支出,金錢,屏東縣屏東市****,08-7*****,
2,黃明賢,107年縣(市)議員選舉,首次申報,1071126,宣傳支出,冠樺企業社,21634682,0.00,160000.00,製作競選物品支出（物品名稱-請填寫）,金錢,屏東縣屏東市****,08-7*****,
3,黃明賢,107年縣(市)議員選舉,首次申報,1071127,宣傳支出,柏仲廣告企業社,10890495,0.00,200000.00,製作宣傳廣告支出,金錢,屏東縣屏東市****,08-7*****,
4,黃明賢,107年縣(市)議員選舉,首次申報,1071129,宣傳支出,捷郵聯遞企業社,10126984,0.00,110000.00,郵寄競選物品或宣傳廣告支出,金錢,屏東縣屏東市****,0927*****,
5,黃明賢,107年縣(市)議員選舉,首次申報,1071129,宣傳支出,欣欣打字行,17514480,0.00,24000.00,製作宣傳廣告支出,金錢,屏東縣屏東市****,08-7*****,
6,黃明賢,107年縣(市)議員選舉,首次申報,1071221,返還支出,普淨洗衣有限公司,89503595,0.00,10000.00,返還,金錢,屏東縣萬丹鄉****,08-7*****,
