﻿序號,擬參選人／政黨,選舉名稱,申報序號／年度,交易日期,收支科目,捐贈者／支出對象,身分證／統一編號,收入金額,支出金額,捐贈方式,存入專戶日期,返還/繳庫,支出用途,金錢類,地址,聯絡電話,應揭露之支出對象,支出對象之內部人員姓名,支出對象之內部人員職稱,政黨之內部人員姓名,政黨之內部人員職稱,關係,更正註記,資料更正日期
1,張芷珊,111年宜蘭縣議員選舉,首次申報,1111101,營利事業捐贈收入,宜興預拌混擬土股份有限公司,97272457,50000.00,0.00,現金,1111101,,,金錢,宜蘭縣冬山鄉****,03-9*****,,,,,,,,
2,張芷珊,111年宜蘭縣議員選舉,首次申報,1111101,個人捐贈收入,趙世民,H12*******,100000.00,0.00,現金,1111101,,,金錢,宜蘭縣五結鄉****,,,,,,,,,
3,張芷珊,111年宜蘭縣議員選舉,首次申報,1111102,個人捐贈收入,林原楷,G12*******,20000.00,0.00,現金,1111102,,,金錢,宜蘭縣冬山鄉****,,,,,,,,,
4,張芷珊,111年宜蘭縣議員選舉,首次申報,1111107,個人捐贈收入,廖學齡,G10*******,50000.00,0.00,現金,1111107,,,金錢,宜蘭縣羅東鎮****,,,,,,,,,
5,張芷珊,111年宜蘭縣議員選舉,首次申報,1111107,個人捐贈收入,沈子霖,G12*******,20000.00,0.00,現金,1111107,,,金錢,新北市永和區****,,,,,,,,,
6,張芷珊,111年宜蘭縣議員選舉,首次申報,1111117,個人捐贈收入,陳國賢,Y10*******,20000.00,0.00,現金,1111117,,,金錢,臺北市士林區****,,,,,,,,,
7,張芷珊,111年宜蘭縣議員選舉,首次申報,1111118,營利事業捐贈收入,復興福利事業股份有限公司,27426388,30000.00,0.00,現金,1111118,,,金錢,宜蘭縣冬山鄉****,,,,,,,,,
8,張芷珊,111年宜蘭縣議員選舉,首次申報,1111221,其他收入,利息收入,,1.00,0.00,匯款,1111221,,,金錢,,,,,,,,,,
