﻿序號,擬參選人／政黨,選舉名稱,申報序號／年度,交易日期,收支科目,捐贈者／支出對象,身分證／統一編號,收入金額,支出金額,支出用途,金錢類,地址,聯絡電話,資料更正日期
1,林右昌,107年縣(市)長選舉,首次申報,1070719,個人捐贈收入,黃冠豪,Q10*******,100000.00,0.00,,金錢,臺北市松山區****,2717*****,
2,林右昌,107年縣(市)長選舉,首次申報,1070726,個人捐贈收入,陳鴻文,A12*******,100000.00,0.00,,金錢,新北市三重區****,,
3,林右昌,107年縣(市)長選舉,首次申報,1070727,營利事業捐贈收入,元基材料有限公司,23142255,300000.00,0.00,,金錢,基隆市中正區****,3401*****,
4,林右昌,107年縣(市)長選舉,首次申報,1070727,營利事業捐贈收入,居磁工業股份有限公司,96925228,300000.00,0.00,,金錢,基隆市安樂區****,,
5,林右昌,107年縣(市)長選舉,首次申報,1070727,個人捐贈收入,蔡瑞英,C22*******,100000.00,0.00,,金錢,臺北市信義區****,,
6,林右昌,107年縣(市)長選舉,首次申報,1070727,個人捐贈收入,闕映婷,P22*******,100000.00,0.00,,金錢,臺北市文山區****,,
7,林右昌,107年縣(市)長選舉,首次申報,1070730,個人捐贈收入,杜秉倫,C12*******,100000.00,0.00,,金錢,臺北市中正區****,,
8,林右昌,107年縣(市)長選舉,首次申報,1070801,個人捐贈收入,楊智鈞,A12*******,100000.00,0.00,,金錢,臺北市士林區****,,
9,林右昌,107年縣(市)長選舉,首次申報,1070801,個人捐贈收入,曾三垣,Y12*******,100000.00,0.00,,金錢,新北市淡水區****,,
10,林右昌,107年縣(市)長選舉,首次申報,1070803,個人捐贈收入,丁文姿,F22*******,100000.00,0.00,,金錢,新北市永和區****,,
11,林右昌,107年縣(市)長選舉,首次申報,1070803,個人捐贈收入,陳靜怡,L22*******,100000.00,0.00,,金錢,新北市三重區****,,
12,林右昌,107年縣(市)長選舉,首次申報,1070806,個人捐贈收入,賴美君,A22*******,100000.00,0.00,,金錢,新北市泰山區****,,
13,林右昌,107年縣(市)長選舉,首次申報,1070806,個人捐贈收入,王家蘭,A22*******,100000.00,0.00,,金錢,新北市淡水區****,,
14,林右昌,107年縣(市)長選舉,首次申報,1070824,營利事業捐贈收入,華信保險公證人有限公司,86028870,200000.00,0.00,,金錢,臺北市松山區****,,
15,林右昌,107年縣(市)長選舉,首次申報,1070903,人民團體捐贈收入,社團法人基隆市牙醫師公會,,50000.00,0.00,,金錢,基隆市中正路****,2427*****,
16,林右昌,107年縣(市)長選舉,首次申報,1070903,個人捐贈收入,高士振,A12*******,100000.00,0.00,,金錢,臺北市松山區****,0937*****,
17,林右昌,107年縣(市)長選舉,首次申報,1070903,個人捐贈收入,王進興,C10*******,5000.00,0.00,,金錢,基隆市暖暖區****,,
18,林右昌,107年縣(市)長選舉,首次申報,1070903,個人捐贈收入,王文淵,C10*******,100000.00,0.00,,金錢,基隆市暖暖區****,,
19,林右昌,107年縣(市)長選舉,首次申報,1070903,個人捐贈收入,許下文,C10*******,10000.00,0.00,,金錢,基隆市中正區****,0932*****,
20,林右昌,107年縣(市)長選舉,首次申報,1070903,個人捐贈收入,白明鈿,C10*******,100000.00,0.00,,金錢,基隆市仁愛區****,0928*****,
21,林右昌,107年縣(市)長選舉,首次申報,1070903,個人捐贈收入,胡景翔,C12*******,100000.00,0.00,,金錢,基隆市暖暖區****,,
22,林右昌,107年縣(市)長選舉,首次申報,1070903,個人捐贈收入,陳世平,C12*******,100000.00,0.00,,金錢,基隆市仁愛區****,,
23,林右昌,107年縣(市)長選舉,首次申報,1070903,個人捐贈收入,胡澤明,C12*******,100000.00,0.00,,金錢,基隆市暖暖區****,,
24,林右昌,107年縣(市)長選舉,首次申報,1070903,個人捐贈收入,賴建忠,C12*******,10000.00,0.00,,金錢,臺北市士林區****,,
25,林右昌,107年縣(市)長選舉,首次申報,1070903,個人捐贈收入,陳天賜,C12*******,20000.00,0.00,,金錢,基隆市暖暖區****,,
26,林右昌,107年縣(市)長選舉,首次申報,1070903,個人捐贈收入,張益銓,C12*******,50000.00,0.00,,金錢,基隆市安樂區****,2427*****,
27,林右昌,107年縣(市)長選舉,首次申報,1070903,個人捐贈收入,莊朝聰,C12*******,30000.00,0.00,,金錢,新北市三重區****,0989*****,
28,林右昌,107年縣(市)長選舉,首次申報,1070903,個人捐贈收入,楊素貞,C20*******,40000.00,0.00,,金錢,基隆市仁愛區****,0921*****,
29,林右昌,107年縣(市)長選舉,首次申報,1070903,個人捐贈收入,王淑珍,C20*******,100000.00,0.00,,金錢,基隆市暖暖區****,,
30,林右昌,107年縣(市)長選舉,首次申報,1070903,個人捐贈收入,郭瓊霞,C22*******,5000.00,0.00,,金錢,基隆市信義區****,,
31,林右昌,107年縣(市)長選舉,首次申報,1070903,個人捐贈收入,蔡家齊,C22*******,100000.00,0.00,,金錢,臺北市中山區****,0986*****,
32,林右昌,107年縣(市)長選舉,首次申報,1070903,個人捐贈收入,王杏如,C22*******,50000.00,0.00,,金錢,基隆市信義區****,0911*****,
33,林右昌,107年縣(市)長選舉,首次申報,1070903,個人捐贈收入,潘靜怡,C22*******,75000.00,0.00,,金錢,臺北市北投區****,,
34,林右昌,107年縣(市)長選舉,首次申報,1070903,個人捐贈收入,賴姵綺,C22*******,5000.00,0.00,,金錢,基隆市信義區****,0919*****,
35,林右昌,107年縣(市)長選舉,首次申報,1070903,個人捐贈收入,賴瑞騰,F12*******,100000.00,0.00,,金錢,新北市三重區****,0921*****,
36,林右昌,107年縣(市)長選舉,首次申報,1070903,個人捐贈收入,偕寶連,G20*******,20000.00,0.00,,金錢,基隆市七堵區****,0928*****,
37,林右昌,107年縣(市)長選舉,首次申報,1070903,個人捐贈收入,白右筠,G22*******,100000.00,0.00,,金錢,基隆市仁愛區****,0953*****,
38,林右昌,107年縣(市)長選舉,首次申報,1070903,個人捐贈收入,邵秉家,L12*******,50000.00,0.00,,金錢,基隆市中正區****,0958*****,
39,林右昌,107年縣(市)長選舉,首次申報,1070903,個人捐贈收入,陳賜陸,M12*******,50000.00,0.00,,金錢,基隆市中山區****,0935*****,
40,林右昌,107年縣(市)長選舉,首次申報,1070904,個人捐贈收入,黃振國,C12*******,50000.00,0.00,,金錢,基隆市信義區****,,
41,林右昌,107年縣(市)長選舉,首次申報,1070905,個人捐贈收入,王俊傑,C12*******,50000.00,0.00,,金錢,臺北市中山區****,,
42,林右昌,107年縣(市)長選舉,首次申報,1070906,個人捐贈收入,楊文立,C12*******,30000.00,0.00,,金錢,基隆市信義區****,,
43,林右昌,107年縣(市)長選舉,首次申報,1070907,匿名捐贈,無名氏,,5000.00,0.00,,金錢,,,
44,林右昌,107年縣(市)長選舉,首次申報,1070907,匿名捐贈,無名氏,,10000.00,0.00,,金錢,,,
45,林右昌,107年縣(市)長選舉,首次申報,1070907,匿名捐贈,匿名,,10000.00,0.00,,金錢,,,
46,林右昌,107年縣(市)長選舉,首次申報,1070907,匿名捐贈,匿名,,10000.00,0.00,,金錢,,,
47,林右昌,107年縣(市)長選舉,首次申報,1070907,匿名捐贈,匿名,,10000.00,0.00,,金錢,,,
48,林右昌,107年縣(市)長選舉,首次申報,1070907,匿名捐贈,匿名,,10000.00,0.00,,金錢,,,
49,林右昌,107年縣(市)長選舉,首次申報,1070907,匿名捐贈,匿名,,10000.00,0.00,,金錢,,,
50,林右昌,107年縣(市)長選舉,首次申報,1070907,匿名捐贈,匿名,,10000.00,0.00,,金錢,,,
51,林右昌,107年縣(市)長選舉,首次申報,1070907,匿名捐贈,匿名,,10000.00,0.00,,金錢,,,
52,林右昌,107年縣(市)長選舉,首次申報,1070907,匿名捐贈,匿名,,10000.00,0.00,,金錢,,,
53,林右昌,107年縣(市)長選舉,首次申報,1070907,匿名捐贈,匿名,,10000.00,0.00,,金錢,,,
54,林右昌,107年縣(市)長選舉,首次申報,1070907,匿名捐贈,匿名,,10000.00,0.00,,金錢,,,
55,林右昌,107年縣(市)長選舉,首次申報,1070907,匿名捐贈,匿名,,10000.00,0.00,,金錢,,,
56,林右昌,107年縣(市)長選舉,首次申報,1070907,匿名捐贈,匿名,,10000.00,0.00,,金錢,,,
57,林右昌,107年縣(市)長選舉,首次申報,1070907,匿名捐贈,匿名,,10000.00,0.00,,金錢,,,
58,林右昌,107年縣(市)長選舉,首次申報,1070907,匿名捐贈,匿名,,10000.00,0.00,,金錢,,,
59,林右昌,107年縣(市)長選舉,首次申報,1070907,匿名捐贈,匿名,,10000.00,0.00,,金錢,,,
60,林右昌,107年縣(市)長選舉,首次申報,1070907,匿名捐贈,匿名,,10000.00,0.00,,金錢,,,
61,林右昌,107年縣(市)長選舉,首次申報,1070907,匿名捐贈,匿名,,10000.00,0.00,,金錢,,,
62,林右昌,107年縣(市)長選舉,首次申報,1070907,匿名捐贈,匿名,,10000.00,0.00,,金錢,,,
63,林右昌,107年縣(市)長選舉,首次申報,1070907,匿名捐贈,匿名,,10000.00,0.00,,金錢,,,
64,林右昌,107年縣(市)長選舉,首次申報,1070907,匿名捐贈,匿名,,10000.00,0.00,,金錢,,,
65,林右昌,107年縣(市)長選舉,首次申報,1070907,匿名捐贈,匿名,,10000.00,0.00,,金錢,,,
66,林右昌,107年縣(市)長選舉,首次申報,1070907,匿名捐贈,匿名,,10000.00,0.00,,金錢,,,
67,林右昌,107年縣(市)長選舉,首次申報,1070907,匿名捐贈,匿名,,10000.00,0.00,,金錢,,,
68,林右昌,107年縣(市)長選舉,首次申報,1070907,匿名捐贈,匿名,,10000.00,0.00,,金錢,,,
69,林右昌,107年縣(市)長選舉,首次申報,1070907,匿名捐贈,匿名,,10000.00,0.00,,金錢,,,
70,林右昌,107年縣(市)長選舉,首次申報,1070907,匿名捐贈,匿名,,10000.00,0.00,,金錢,,,
71,林右昌,107年縣(市)長選舉,首次申報,1070907,匿名捐贈,匿名,,10000.00,0.00,,金錢,,,
72,林右昌,107年縣(市)長選舉,首次申報,1070907,匿名捐贈,匿名,,10000.00,0.00,,金錢,,,
73,林右昌,107年縣(市)長選舉,首次申報,1070907,匿名捐贈,匿名,,10000.00,0.00,,金錢,,,
74,林右昌,107年縣(市)長選舉,首次申報,1070907,匿名捐贈,匿名,,10000.00,0.00,,金錢,,,
75,林右昌,107年縣(市)長選舉,首次申報,1070907,個人捐贈收入,高承禎,,5000.00,0.00,,金錢,基隆市中山區****,0919*****,
76,林右昌,107年縣(市)長選舉,首次申報,1070907,個人捐贈收入,陳麗螢,,5000.00,0.00,,金錢,基隆市中山區****,0935*****,
77,林右昌,107年縣(市)長選舉,首次申報,1070907,個人捐贈收入,陳瑞坤,,5000.00,0.00,,金錢,基隆市中山區****,0936*****,
78,林右昌,107年縣(市)長選舉,首次申報,1070907,個人捐贈收入,施連福,,5000.00,0.00,,金錢,基隆市信義區****,2466*****,
79,林右昌,107年縣(市)長選舉,首次申報,1070907,個人捐贈收入,史荷芬,,5000.00,0.00,,金錢,基隆市中正區****,0989*****,
80,林右昌,107年縣(市)長選舉,首次申報,1070907,個人捐贈收入,施冠榮,,5000.00,0.00,,金錢,基隆市仁愛區****,2427*****,
81,林右昌,107年縣(市)長選舉,首次申報,1070907,個人捐贈收入,林國韋,,5000.00,0.00,,金錢,基隆市信義區****,0989*****,
82,林右昌,107年縣(市)長選舉,首次申報,1070907,個人捐贈收入,林漢昌,,5000.00,0.00,,金錢,基隆市仁愛區****,2424*****,
83,林右昌,107年縣(市)長選舉,首次申報,1070907,個人捐贈收入,邱雲峯,,5000.00,0.00,,金錢,基隆市仁愛區****,2424*****,
84,林右昌,107年縣(市)長選舉,首次申報,1070907,個人捐贈收入,施重明,,5000.00,0.00,,金錢,基隆市信義區****,0926*****,
85,林右昌,107年縣(市)長選舉,首次申報,1070907,人民團體捐贈收入,基隆市醫師公會,,50000.00,0.00,,金錢,基隆市中正區****,2422*****,
86,林右昌,107年縣(市)長選舉,首次申報,1070907,匿名捐贈,匿名,,10000.00,0.00,,金錢,,,
87,林右昌,107年縣(市)長選舉,首次申報,1070907,匿名捐贈,匿名,,10000.00,0.00,,金錢,,,
88,林右昌,107年縣(市)長選舉,首次申報,1070907,匿名捐贈,匿名,,10000.00,0.00,,金錢,,,
89,林右昌,107年縣(市)長選舉,首次申報,1070907,匿名捐贈,匿名,,10000.00,0.00,,金錢,,,
90,林右昌,107年縣(市)長選舉,首次申報,1070907,匿名捐贈,匿名,,10000.00,0.00,,金錢,,,
91,林右昌,107年縣(市)長選舉,首次申報,1070907,匿名捐贈,匿名,,10000.00,0.00,,金錢,,,
92,林右昌,107年縣(市)長選舉,首次申報,1070907,匿名捐贈,匿名,,10000.00,0.00,,金錢,,,
93,林右昌,107年縣(市)長選舉,首次申報,1070907,匿名捐贈,匿名,,10000.00,0.00,,金錢,,,
94,林右昌,107年縣(市)長選舉,首次申報,1070907,匿名捐贈,匿名,,10000.00,0.00,,金錢,,,
95,林右昌,107年縣(市)長選舉,首次申報,1070907,匿名捐贈,匿名,,10000.00,0.00,,金錢,,,
96,林右昌,107年縣(市)長選舉,首次申報,1070907,匿名捐贈,匿名,,10000.00,0.00,,金錢,,,
97,林右昌,107年縣(市)長選舉,首次申報,1070907,匿名捐贈,匿名,,10000.00,0.00,,金錢,,,
98,林右昌,107年縣(市)長選舉,首次申報,1070907,匿名捐贈,匿名,,10000.00,0.00,,金錢,,,
99,林右昌,107年縣(市)長選舉,首次申報,1070907,匿名捐贈,匿名,,10000.00,0.00,,金錢,,,
100,林右昌,107年縣(市)長選舉,首次申報,1070907,匿名捐贈,匿名,,10000.00,0.00,,金錢,,,
101,林右昌,107年縣(市)長選舉,首次申報,1070907,匿名捐贈,匿名,,10000.00,0.00,,金錢,,,
102,林右昌,107年縣(市)長選舉,首次申報,1070907,匿名捐贈,匿名,,10000.00,0.00,,金錢,,,
103,林右昌,107年縣(市)長選舉,首次申報,1070907,匿名捐贈,匿名,,10000.00,0.00,,金錢,,,
104,林右昌,107年縣(市)長選舉,首次申報,1070907,匿名捐贈,匿名,,10000.00,0.00,,金錢,,,
105,林右昌,107年縣(市)長選舉,首次申報,1070907,匿名捐贈,匿名,,10000.00,0.00,,金錢,,,
106,林右昌,107年縣(市)長選舉,首次申報,1070907,人民團體捐贈收入,基隆市電器裝置職業工會,,20000.00,0.00,,金錢,基隆市信義區****,2428*****,
107,林右昌,107年縣(市)長選舉,首次申報,1070907,人民團體捐贈收入,基隆市保險經代業職業工會,,5000.00,0.00,,金錢,基隆市仁愛區****,02-2*****,
108,林右昌,107年縣(市)長選舉,首次申報,1070907,人民團體捐贈收入,基隆市冷凍空調業職業工會,,5000.00,0.00,,金錢,基隆市仁愛區****,02-2*****,
109,林右昌,107年縣(市)長選舉,首次申報,1070907,人民團體捐贈收入,基隆市西服業職業工會,,5000.00,0.00,,金錢,基隆市仁愛區****,02-2*****,
110,林右昌,107年縣(市)長選舉,首次申報,1070907,人民團體捐贈收入,基隆市園藝花卉業職業工會,,10000.00,0.00,,金錢,基隆市仁愛區****,02-2*****,
111,林右昌,107年縣(市)長選舉,首次申報,1070907,人民團體捐贈收入,基隆市木工業職業工會,,5000.00,0.00,,金錢,基隆市中正區****,02-2*****,
112,林右昌,107年縣(市)長選舉,首次申報,1070907,人民團體捐贈收入,基隆市木工業職業工會,,5000.00,0.00,,金錢,基隆市中正區****,02-2*****,
113,林右昌,107年縣(市)長選舉,首次申報,1070907,人民團體捐贈收入,基隆市全民勞工總工會,,95000.00,0.00,,金錢,基隆市七堵區****,02-2*****,
114,林右昌,107年縣(市)長選舉,首次申報,1070907,匿名捐贈,匿名,,10000.00,0.00,,金錢,,,
115,林右昌,107年縣(市)長選舉,首次申報,1070907,匿名捐贈,匿名,,10000.00,0.00,,金錢,,,
116,林右昌,107年縣(市)長選舉,首次申報,1070907,匿名捐贈,匿名,,10000.00,0.00,,金錢,,,
117,林右昌,107年縣(市)長選舉,首次申報,1070907,匿名捐贈,匿名,,10000.00,0.00,,金錢,,,
118,林右昌,107年縣(市)長選舉,首次申報,1070907,匿名捐贈,匿名,,10000.00,0.00,,金錢,,,
119,林右昌,107年縣(市)長選舉,首次申報,1070907,匿名捐贈,匿名,,10000.00,0.00,,金錢,,,
120,林右昌,107年縣(市)長選舉,首次申報,1070907,匿名捐贈,匿名,,10000.00,0.00,,金錢,,,
121,林右昌,107年縣(市)長選舉,首次申報,1070907,匿名捐贈,匿名,,10000.00,0.00,,金錢,,,
122,林右昌,107年縣(市)長選舉,首次申報,1070907,匿名捐贈,匿名,,10000.00,0.00,,金錢,,,
123,林右昌,107年縣(市)長選舉,首次申報,1070907,匿名捐贈,匿名,,10000.00,0.00,,金錢,,,
124,林右昌,107年縣(市)長選舉,首次申報,1070907,匿名捐贈,匿名,,10000.00,0.00,,金錢,,,
125,林右昌,107年縣(市)長選舉,首次申報,1070907,匿名捐贈,匿名,,10000.00,0.00,,金錢,,,
126,林右昌,107年縣(市)長選舉,首次申報,1070907,匿名捐贈,匿名,,10000.00,0.00,,金錢,,,
127,林右昌,107年縣(市)長選舉,首次申報,1070907,匿名捐贈,匿名,,10000.00,0.00,,金錢,,,
128,林右昌,107年縣(市)長選舉,首次申報,1070907,匿名捐贈,匿名,,10000.00,0.00,,金錢,,,
129,林右昌,107年縣(市)長選舉,首次申報,1070907,匿名捐贈,匿名,,10000.00,0.00,,金錢,,,
130,林右昌,107年縣(市)長選舉,首次申報,1070907,匿名捐贈,匿名,,10000.00,0.00,,金錢,,,
131,林右昌,107年縣(市)長選舉,首次申報,1070907,匿名捐贈,匿名,,10000.00,0.00,,金錢,,,
132,林右昌,107年縣(市)長選舉,首次申報,1070907,匿名捐贈,匿名,,10000.00,0.00,,金錢,,,
133,林右昌,107年縣(市)長選舉,首次申報,1070907,匿名捐贈,匿名,,10000.00,0.00,,金錢,,,
134,林右昌,107年縣(市)長選舉,首次申報,1070907,個人捐贈收入,黎慶福,A11*******,20000.00,0.00,,金錢,新北市新店區****,,
135,林右昌,107年縣(市)長選舉,首次申報,1070907,個人捐贈收入,林育正,A12*******,20000.00,0.00,,金錢,臺北市中山區****,,
136,林右昌,107年縣(市)長選舉,首次申報,1070907,個人捐贈收入,蔡可倫,A12*******,1000.00,0.00,,金錢,臺北市士林區****,,
137,林右昌,107年縣(市)長選舉,首次申報,1070907,個人捐贈收入,王孫斌,A12*******,50000.00,0.00,,金錢,臺北市大安區****,,
138,林右昌,107年縣(市)長選舉,首次申報,1070907,個人捐贈收入,江淑貞,A20*******,20000.00,0.00,,金錢,臺北市大安區****,,
139,林右昌,107年縣(市)長選舉,首次申報,1070907,個人捐贈收入,李偉華,B12*******,50000.00,0.00,,金錢,基隆市安樂區****,,
140,林右昌,107年縣(市)長選舉,首次申報,1070907,個人捐贈收入,楊棟彥,C10*******,50000.00,0.00,,金錢,基隆市七堵區****,,
141,林右昌,107年縣(市)長選舉,首次申報,1070907,個人捐贈收入,江振鈺,C10*******,30000.00,0.00,,金錢,基隆市信義區****,0910*****,
142,林右昌,107年縣(市)長選舉,首次申報,1070907,個人捐贈收入,方金城,C12*******,15000.00,0.00,,金錢,基隆市安樂區****,0927*****,
143,林右昌,107年縣(市)長選舉,首次申報,1070907,個人捐贈收入,陳紹群,C12*******,50000.00,0.00,,金錢,基隆市中山區****,0975*****,
144,林右昌,107年縣(市)長選舉,首次申報,1070907,個人捐贈收入,萬人傑,C12*******,5000.00,0.00,,金錢,基隆市中山區****,,
145,林右昌,107年縣(市)長選舉,首次申報,1070907,個人捐贈收入,王昌派,C12*******,10000.00,0.00,,金錢,基隆市中正區****,0935*****,
146,林右昌,107年縣(市)長選舉,首次申報,1070907,個人捐贈收入,陳慧哲,C22*******,100000.00,0.00,,金錢,臺北市信義區****,0933*****,
147,林右昌,107年縣(市)長選舉,首次申報,1070907,個人捐贈收入,李祥和,F12*******,20000.00,0.00,,金錢,臺北市北投區****,,
148,林右昌,107年縣(市)長選舉,首次申報,1070907,個人捐贈收入,黃建華,G12*******,100000.00,0.00,,金錢,基隆市中正區****,0985*****,
149,林右昌,107年縣(市)長選舉,首次申報,1070907,個人捐贈收入,邱治平,J12*******,20000.00,0.00,,金錢,臺北市大安區****,,
150,林右昌,107年縣(市)長選舉,首次申報,1070907,個人捐贈收入,陳益村,M10*******,50000.00,0.00,,金錢,基隆市中正區****,,
151,林右昌,107年縣(市)長選舉,首次申報,1070907,個人捐贈收入,黃合成,N12*******,5000.00,0.00,,金錢,基隆市信義區****,,
152,林右昌,107年縣(市)長選舉,首次申報,1070907,個人捐贈收入,王式鴻,R12*******,20000.00,0.00,,金錢,臺北市內湖區****,,
153,林右昌,107年縣(市)長選舉,首次申報,1070907,個人捐贈收入,蔡敬山,S10*******,1000.00,0.00,,金錢,臺北市士林區****,,
154,林右昌,107年縣(市)長選舉,首次申報,1070913,個人捐贈收入,陳怡穎,A22*******,2000.00,0.00,,金錢,臺北市中山區****,,
155,林右昌,107年縣(市)長選舉,首次申報,1070913,個人捐贈收入,黃維仁,C12*******,50000.00,0.00,,金錢,基隆市中正區****,,
156,林右昌,107年縣(市)長選舉,首次申報,1070914,營利事業捐贈收入,海灣國際股份有限公司,30885793,100000.00,0.00,,金錢,臺北市松山區****,2762*****,
157,林右昌,107年縣(市)長選舉,首次申報,1070914,個人捐贈收入,江素蘭,U20*******,50000.00,0.00,,金錢,臺北市信義區****,,
158,林右昌,107年縣(市)長選舉,首次申報,1070917,個人捐贈收入,許育銘,C12*******,10000.00,0.00,,金錢,基隆市安樂區****,2422*****,
159,林右昌,107年縣(市)長選舉,首次申報,1070917,個人捐贈收入,李林寶玉,C20*******,10000.00,0.00,,金錢,基隆市安樂區****,2422*****,
160,林右昌,107年縣(市)長選舉,首次申報,1070917,個人捐贈收入,蕭賴鐘,F10*******,10000.00,0.00,,金錢,基隆市安樂區****,2422*****,
161,林右昌,107年縣(市)長選舉,首次申報,1070917,個人捐贈收入,王志偉,F12*******,10000.00,0.00,,金錢,基隆市安樂區****,2422*****,
162,林右昌,107年縣(市)長選舉,首次申報,1070917,個人捐贈收入,李全福,T10*******,10000.00,0.00,,金錢,基隆市安樂區****,2422*****,
163,林右昌,107年縣(市)長選舉,首次申報,1070920,個人捐贈收入,廖國棟,F12*******,5000.00,0.00,,金錢,臺北市內湖區****,,
164,林右昌,107年縣(市)長選舉,首次申報,1070921,營利事業捐贈收入,大中福國企業有限公司,00005700,50000.00,0.00,,金錢,基隆市仁愛區****,2431*****,
165,林右昌,107年縣(市)長選舉,首次申報,1070921,營利事業捐贈收入,亞寶實業有限公司,53788082,50000.00,0.00,,金錢,基隆市安樂區****,2431*****,
166,林右昌,107年縣(市)長選舉,首次申報,1070921,個人捐贈收入,魏子寅,C12*******,100000.00,0.00,,金錢,基隆市仁愛區****,2431*****,
167,林右昌,107年縣(市)長選舉,首次申報,1070921,個人捐贈收入,魏雅庵,C12*******,100000.00,0.00,,金錢,基隆市仁愛區****,2431*****,
168,林右昌,107年縣(市)長選舉,首次申報,1070921,個人捐贈收入,魏于婷,C22*******,100000.00,0.00,,金錢,基隆市仁愛區****,2431*****,
169,林右昌,107年縣(市)長選舉,首次申報,1070921,個人捐贈收入,蕭麗珠,F22*******,100000.00,0.00,,金錢,基隆市仁愛區****,,
170,林右昌,107年縣(市)長選舉,首次申報,1070925,營利事業捐贈收入,佳欣物流股份有限公司,22716562,100000.00,0.00,,金錢,臺北市中山區****,2515*****,
171,林右昌,107年縣(市)長選舉,首次申報,1070926,個人捐贈收入,林琬茹,A22*******,100000.00,0.00,,金錢,臺北市中山區****,0910*****,
172,林右昌,107年縣(市)長選舉,首次申報,1070927,營利事業捐贈收入,上泉混凝土股份有限公司,16878286,100000.00,0.00,,金錢,新北市蘆洲區****,2289*****,
173,林右昌,107年縣(市)長選舉,首次申報,1070927,營利事業捐贈收入,紹惠股份有限公司,20900922,100000.00,0.00,,金錢,基隆市安樂區****,2432*****,
174,林右昌,107年縣(市)長選舉,首次申報,1070927,營利事業捐贈收入,元璋玻璃股份有限公司,22035355,500000.00,0.00,,金錢,基隆市安樂區****,2432*****,
175,林右昌,107年縣(市)長選舉,首次申報,1070927,營利事業捐贈收入,嘉澤端子工業股份有限公司,22244141,100000.00,0.00,,金錢,基隆市安樂區****,2433*****,
176,林右昌,107年縣(市)長選舉,首次申報,1070927,營利事業捐贈收入,泉益加油站股份有限公司大武崙分公司,42965618,100000.00,0.00,,金錢,基隆市安樂區****,4232*****,
177,林右昌,107年縣(市)長選舉,首次申報,1070927,營利事業捐贈收入,信孚壓鑄企業股份有限公司,45097824,100000.00,0.00,,金錢,臺北市大安區****,2431*****,
178,林右昌,107年縣(市)長選舉,首次申報,1070927,營利事業捐贈收入,大中企業行,60383255,100000.00,0.00,,金錢,基隆市仁愛區****,,
179,林右昌,107年縣(市)長選舉,首次申報,1070927,營利事業捐贈收入,漁品軒有限公司,80746683,100000.00,0.00,,金錢,基隆市中正區****,2469*****,
180,林右昌,107年縣(市)長選舉,首次申報,1070927,營利事業捐贈收入,耀集食品工廠股份有限公司,84407030,100000.00,0.00,,金錢,基隆市安樂區****,2433*****,
181,林右昌,107年縣(市)長選舉,首次申報,1070927,個人捐贈收入,楊致一,F12*******,50000.00,0.00,,金錢,基隆市中正區****,0978*****,
182,林右昌,107年縣(市)長選舉,首次申報,1070928,個人捐贈收入,洪芳興,A12*******,100000.00,0.00,,金錢,臺北市內湖區****,2434*****,
183,林右昌,107年縣(市)長選舉,首次申報,1070928,個人捐贈收入,鄭文煜,C10*******,100000.00,0.00,,金錢,臺北市中山區****,2432*****,
184,林右昌,107年縣(市)長選舉,首次申報,1070928,個人捐贈收入,李任堅,C10*******,20000.00,0.00,,金錢,基隆市仁愛區****,2422*****,
185,林右昌,107年縣(市)長選舉,首次申報,1070928,個人捐贈收入,黃仁欽,C10*******,50000.00,0.00,,金錢,基隆市安樂區****,2422*****,
186,林右昌,107年縣(市)長選舉,首次申報,1070928,個人捐贈收入,游春木,C12*******,100000.00,0.00,,金錢,基隆市仁愛區****,0937*****,
187,林右昌,107年縣(市)長選舉,首次申報,1070928,個人捐贈收入,楊致一,F12*******,50000.00,0.00,,金錢,基隆市中正區****,0978*****,
188,林右昌,107年縣(市)長選舉,首次申報,1071001,個人捐贈收入,陳黃美,C20*******,100000.00,0.00,,金錢,基隆市安樂區****,2501*****,
189,林右昌,107年縣(市)長選舉,首次申報,1071003,個人捐贈收入,施雪琳,N22*******,50000.00,0.00,,金錢,基隆市中正區****,0919*****,
190,林右昌,107年縣(市)長選舉,首次申報,1071004,個人捐贈收入,余澤施,A12*******,20000.00,0.00,,金錢,臺北市松山區****,2422*****,
191,林右昌,107年縣(市)長選舉,首次申報,1071008,營利事業捐贈收入,台北世界貿易中心國際貿易大樓股份有限公司,21249034,500000.00,0.00,,金錢,臺北市信義區****,2757*****,
192,林右昌,107年縣(市)長選舉,首次申報,1071008,個人捐贈收入,吳東寶,C10*******,10000.00,0.00,,金錢,基隆市七堵區****,2456*****,
193,林右昌,107年縣(市)長選舉,首次申報,1071009,營利事業捐贈收入,泛台貨櫃運輸股份有限公司,31220423,25000.00,0.00,,金錢,桃園市中壢區****,0928*****,
194,林右昌,107年縣(市)長選舉,首次申報,1071011,人民團體捐贈收入,基隆市手工藝製品業職業工會,,2000.00,0.00,,金錢,基隆市仁愛區****,2428*****,
195,林右昌,107年縣(市)長選舉,首次申報,1071011,營利事業捐贈收入,頌琦工業有限公司,86596330,100000.00,0.00,,金錢,基隆市七堵區****,2452*****,
196,林右昌,107年縣(市)長選舉,首次申報,1071011,營利事業捐贈收入,鎮洲裝卸股份有限公司,97399981,15000.00,0.00,,金錢,基隆市中正區****,,
197,林右昌,107年縣(市)長選舉,首次申報,1071011,個人捐贈收入,黃克平,C12*******,100000.00,0.00,,金錢,基隆市安樂區****,2451*****,
198,林右昌,107年縣(市)長選舉,首次申報,1071011,個人捐贈收入,鄭存庭,F12*******,100000.00,0.00,,金錢,新北市三重區****,,
199,林右昌,107年縣(市)長選舉,首次申報,1071011,個人捐贈收入,陳繐萱,F22*******,100000.00,0.00,,金錢,臺北市中正區****,2451*****,
200,林右昌,107年縣(市)長選舉,首次申報,1071011,個人捐贈收入,熊光宙,H12*******,100000.00,0.00,,金錢,新北市中和區****,,
201,林右昌,107年縣(市)長選舉,首次申報,1071012,個人捐贈收入,陳龍輝,,10000.00,0.00,,金錢,,2430*****,
202,林右昌,107年縣(市)長選舉,首次申報,1071012,人民團體捐贈收入,基隆市金銀珠寶商業同業公會,,1000.00,0.00,,金錢,基隆市仁愛區****,2423*****,
203,林右昌,107年縣(市)長選舉,首次申報,1071012,個人捐贈收入,徐堅貞,D22*******,100000.00,0.00,,金錢,基隆市暖暖區****,2459*****,
204,林右昌,107年縣(市)長選舉,首次申報,1071012,個人捐贈收入,許玉山,J12*******,100000.00,0.00,,金錢,基隆市暖暖區****,2459*****,
205,林右昌,107年縣(市)長選舉,首次申報,1071018,個人捐贈收入,簡巧雲,C20*******,100000.00,0.00,,金錢,基隆市仁愛區****,2428*****,
206,林右昌,107年縣(市)長選舉,首次申報,1071019,營利事業捐贈收入,基隆第一信用合作社,00280902,150000.00,0.00,,金錢,基隆市中正區****,2426*****,
207,林右昌,107年縣(市)長選舉,首次申報,1071019,個人捐贈收入,吳清吉,C10*******,20000.00,0.00,,金錢,基隆市仁愛區****,2428*****,
208,林右昌,107年縣(市)長選舉,首次申報,1071022,個人捐贈收入,鄭喻勻,A22*******,5000.00,0.00,,金錢,基隆市中山區****,0987*****,
209,林右昌,107年縣(市)長選舉,首次申報,1071022,個人捐贈收入,江敏賢,B10*******,20000.00,0.00,,金錢,基隆市信義區****,0910*****,
210,林右昌,107年縣(市)長選舉,首次申報,1071022,個人捐贈收入,連政忠,C10*******,5000.00,0.00,,金錢,基隆市暖暖區****,2457*****,
211,林右昌,107年縣(市)長選舉,首次申報,1071022,個人捐贈收入,吳有財,C10*******,10000.00,0.00,,金錢,基隆市安樂區****,2433*****,
212,林右昌,107年縣(市)長選舉,首次申報,1071022,個人捐贈收入,陳朝南,C10*******,5000.00,0.00,,金錢,基隆市仁愛區****,2427*****,
213,林右昌,107年縣(市)長選舉,首次申報,1071022,個人捐贈收入,張奕輝,C10*******,5000.00,0.00,,金錢,基隆市仁愛區****,2423*****,
214,林右昌,107年縣(市)長選舉,首次申報,1071022,個人捐贈收入,楊錫福,C10*******,5000.00,0.00,,金錢,基隆市仁愛區****,2427*****,
215,林右昌,107年縣(市)長選舉,首次申報,1071022,個人捐贈收入,郭林俊,C10*******,3000.00,0.00,,金錢,基隆市仁愛區****,0910*****,
216,林右昌,107年縣(市)長選舉,首次申報,1071022,個人捐贈收入,高銘隆,C10*******,12000.00,0.00,,金錢,新北市汐止區****,0975*****,
217,林右昌,107年縣(市)長選舉,首次申報,1071022,個人捐贈收入,林裕宸,C10*******,1000.00,0.00,,金錢,基隆市安樂區****,0925*****,
218,林右昌,107年縣(市)長選舉,首次申報,1071022,個人捐贈收入,陳隆,C10*******,10000.00,0.00,,金錢,基隆市信義區****,0910*****,
219,林右昌,107年縣(市)長選舉,首次申報,1071022,個人捐贈收入,廖朝慶,C12*******,3500.00,0.00,,金錢,基隆市安樂區****,0918*****,
220,林右昌,107年縣(市)長選舉,首次申報,1071022,個人捐贈收入,林英貴,C12*******,1000.00,0.00,,金錢,基隆市仁愛區****,0936*****,
221,林右昌,107年縣(市)長選舉,首次申報,1071022,個人捐贈收入,游茗任,C12*******,5000.00,0.00,,金錢,基隆市仁愛區****,2424*****,
222,林右昌,107年縣(市)長選舉,首次申報,1071022,個人捐贈收入,陳仁正,C12*******,5000.00,0.00,,金錢,基隆市仁愛區****,2427*****,
223,林右昌,107年縣(市)長選舉,首次申報,1071022,個人捐贈收入,吳關佑,C12*******,2000.00,0.00,,金錢,基隆市中山區****,0925*****,
224,林右昌,107年縣(市)長選舉,首次申報,1071022,個人捐贈收入,張東隆,C12*******,5000.00,0.00,,金錢,基隆市安樂區****,2434*****,
225,林右昌,107年縣(市)長選舉,首次申報,1071022,個人捐贈收入,李香玉,C20*******,1500.00,0.00,,金錢,基隆市暖暖區****,0911*****,
226,林右昌,107年縣(市)長選舉,首次申報,1071022,個人捐贈收入,李惠婷,C20*******,500.00,0.00,,金錢,基隆市信義區****,2468*****,
227,林右昌,107年縣(市)長選舉,首次申報,1071022,個人捐贈收入,郭淑美,C20*******,5000.00,0.00,,金錢,基隆市仁愛區****,2424*****,
228,林右昌,107年縣(市)長選舉,首次申報,1071022,個人捐贈收入,陳子梅,C20*******,13000.00,0.00,,金錢,基隆市中山區****,0927*****,
229,林右昌,107年縣(市)長選舉,首次申報,1071022,個人捐贈收入,賴寶梅,C20*******,1000.00,0.00,,金錢,基隆市中山區****,0935*****,
230,林右昌,107年縣(市)長選舉,首次申報,1071022,個人捐贈收入,朱心玲,C22*******,500.00,0.00,,金錢,基隆市信義區****,500*****,
231,林右昌,107年縣(市)長選舉,首次申報,1071022,個人捐贈收入,許淑華,C22*******,5000.00,0.00,,金錢,基隆市安樂區****,2424*****,
232,林右昌,107年縣(市)長選舉,首次申報,1071022,個人捐贈收入,陳素昭,C22*******,2000.00,0.00,,金錢,基隆市安樂區****,0935*****,
233,林右昌,107年縣(市)長選舉,首次申報,1071022,個人捐贈收入,鄭正直,F10*******,1000.00,0.00,,金錢,新北市新莊區****,0919*****,
234,林右昌,107年縣(市)長選舉,首次申報,1071022,個人捐贈收入,莊嘉讚,F10*******,1000.00,0.00,,金錢,基隆市中正區****,9193*****,
235,林右昌,107年縣(市)長選舉,首次申報,1071022,個人捐贈收入,許義南,F12*******,2000.00,0.00,,金錢,基隆市仁愛區****,0919*****,
236,林右昌,107年縣(市)長選舉,首次申報,1071022,個人捐贈收入,白杜阿春,F20*******,500.00,0.00,,金錢,基隆市仁愛區****,2462*****,
237,林右昌,107年縣(市)長選舉,首次申報,1071022,個人捐贈收入,涂志銀,G12*******,10000.00,0.00,,金錢,基隆市安樂區****,0937*****,
238,林右昌,107年縣(市)長選舉,首次申報,1071022,個人捐贈收入,曾明珠,J22*******,500.00,0.00,,金錢,基隆市仁愛區****,0921*****,
239,林右昌,107年縣(市)長選舉,首次申報,1071022,個人捐贈收入,湯雅茹,K22*******,1000.00,0.00,,金錢,基隆市中正區****,0923*****,
240,林右昌,107年縣(市)長選舉,首次申報,1071022,個人捐贈收入,林達修,M12*******,1000.00,0.00,,金錢,南投縣竹山鎮****,0939*****,
241,林右昌,107年縣(市)長選舉,首次申報,1071022,個人捐贈收入,胡毓欣,N10*******,2000.00,0.00,,金錢,基隆市仁愛區****,0922*****,
242,林右昌,107年縣(市)長選舉,首次申報,1071022,個人捐贈收入,葉昭良,P12*******,1000.00,0.00,,金錢,新北市新莊區****,0919*****,
243,林右昌,107年縣(市)長選舉,首次申報,1071022,個人捐贈收入,陳霈霖,P22*******,1000.00,0.00,,金錢,臺北市大安區****,0926*****,
244,林右昌,107年縣(市)長選舉,首次申報,1071022,個人捐贈收入,張鈺,R12*******,30000.00,0.00,,金錢,臺北市大同區****,2422*****,
245,林右昌,107年縣(市)長選舉,首次申報,1071022,個人捐贈收入,陳振東,T10*******,2000.00,0.00,,金錢,基隆市仁愛區****,0937*****,
246,林右昌,107年縣(市)長選舉,首次申報,1071022,個人捐贈收入,莊適雅,Y12*******,2000.00,0.00,,金錢,基隆市安樂區****,0921*****,
247,林右昌,107年縣(市)長選舉,首次申報,1071024,個人捐贈收入,林筠,C22*******,100000.00,0.00,,金錢,臺北市南港區****,2424*****,
248,林右昌,107年縣(市)長選舉,首次申報,1071024,個人捐贈收入,廖煜方,T12*******,100000.00,0.00,,金錢,臺北市南港區****,2424*****,
249,林右昌,107年縣(市)長選舉,首次申報,1071026,匿名捐贈,匿名,,10000.00,0.00,,金錢,,,
250,林右昌,107年縣(市)長選舉,首次申報,1071026,匿名捐贈,匿名,,10000.00,0.00,,金錢,,,
251,林右昌,107年縣(市)長選舉,首次申報,1071026,匿名捐贈,匿名,,10000.00,0.00,,金錢,,,
252,林右昌,107年縣(市)長選舉,首次申報,1071026,匿名捐贈,匿名,,6000.00,0.00,,金錢,,,
253,林右昌,107年縣(市)長選舉,首次申報,1071026,匿名捐贈,匿名,,5000.00,0.00,,金錢,,,
254,林右昌,107年縣(市)長選舉,首次申報,1071026,營利事業捐贈收入,中國端子電業股份有限公司,04698269,100000.00,0.00,,金錢,基隆市七堵區****,2452*****,
255,林右昌,107年縣(市)長選舉,首次申報,1071026,個人捐贈收入,李伯毅,A12*******,1500.00,0.00,,金錢,基隆市暖暖區****,0987*****,
256,林右昌,107年縣(市)長選舉,首次申報,1071026,個人捐贈收入,伍秀娟,A20*******,100000.00,0.00,,金錢,基隆市七堵區****,2452*****,
257,林右昌,107年縣(市)長選舉,首次申報,1071026,個人捐贈收入,陳菀婷,A22*******,1000.00,0.00,,金錢,基隆市中山區****,0917*****,
258,林右昌,107年縣(市)長選舉,首次申報,1071026,個人捐贈收入,白良雄,C10*******,3200.00,0.00,,金錢,基隆市七堵區****,0911*****,
259,林右昌,107年縣(市)長選舉,首次申報,1071026,個人捐贈收入,周錦河,C10*******,500.00,0.00,,金錢,基隆市信義區****,0937*****,
260,林右昌,107年縣(市)長選舉,首次申報,1071026,個人捐贈收入,許惟霖,C12*******,500.00,0.00,,金錢,基隆市中正區****,0981*****,
261,林右昌,107年縣(市)長選舉,首次申報,1071026,個人捐贈收入,陳嘉偉,C12*******,6000.00,0.00,,金錢,基隆市暖暖區****,0988*****,
262,林右昌,107年縣(市)長選舉,首次申報,1071026,個人捐贈收入,陳軍佐,C12*******,2500.00,0.00,,金錢,基隆市信義區****,0919*****,
263,林右昌,107年縣(市)長選舉,首次申報,1071026,個人捐贈收入,陳昱希,C12*******,500.00,0.00,,金錢,基隆市仁愛區****,0911*****,
264,林右昌,107年縣(市)長選舉,首次申報,1071026,個人捐贈收入,林英貴,C12*******,3293.00,0.00,,金錢,基隆市仁愛區****,0936*****,
265,林右昌,107年縣(市)長選舉,首次申報,1071026,個人捐贈收入,李奕明,C12*******,20000.00,0.00,,金錢,基隆市中正區****,0975*****,
266,林右昌,107年縣(市)長選舉,首次申報,1071026,個人捐贈收入,林麗卿,C20*******,1000.00,0.00,,金錢,基隆市中正區****,0955*****,
267,林右昌,107年縣(市)長選舉,首次申報,1071026,個人捐贈收入,陳貴美,C20*******,20000.00,0.00,,金錢,基隆市中正區****,0953*****,
268,林右昌,107年縣(市)長選舉,首次申報,1071026,個人捐贈收入,陳麗華,C20*******,2000.00,0.00,,金錢,基隆市信義區****,0911*****,
269,林右昌,107年縣(市)長選舉,首次申報,1071026,個人捐贈收入,張秀雲,C20*******,500.00,0.00,,金錢,基隆市中正區****,0920*****,
270,林右昌,107年縣(市)長選舉,首次申報,1071026,個人捐贈收入,盧千玉,C22*******,500.00,0.00,,金錢,基隆市暖暖區****,0912*****,
271,林右昌,107年縣(市)長選舉,首次申報,1071026,個人捐贈收入,洪惠紋,C22*******,1000.00,0.00,,金錢,基隆市中山區****,0911*****,
272,林右昌,107年縣(市)長選舉,首次申報,1071026,個人捐贈收入,呂玫惠,C22*******,500.00,0.00,,金錢,基隆市仁愛區****,0910*****,
273,林右昌,107年縣(市)長選舉,首次申報,1071026,個人捐贈收入,陳慧娟,C22*******,18000.00,0.00,,金錢,基隆市信義區****,0910*****,
274,林右昌,107年縣(市)長選舉,首次申報,1071026,個人捐贈收入,王杏如,C22*******,500.00,0.00,,金錢,基隆市信義區****,0911*****,
275,林右昌,107年縣(市)長選舉,首次申報,1071026,個人捐贈收入,呂涵君,C22*******,1000.00,0.00,,金錢,基隆市中山區****,0932*****,
276,林右昌,107年縣(市)長選舉,首次申報,1071026,個人捐贈收入,羅素真,C22*******,10000.00,0.00,,金錢,基隆市安樂區****,0928*****,
277,林右昌,107年縣(市)長選舉,首次申報,1071026,個人捐贈收入,賴信亨,F12*******,500.00,0.00,,金錢,基隆市中山區****,0981*****,
278,林右昌,107年縣(市)長選舉,首次申報,1071026,個人捐贈收入,林泓璋,G10*******,1200.00,0.00,,金錢,基隆市安樂區****,0916*****,
279,林右昌,107年縣(市)長選舉,首次申報,1071026,個人捐贈收入,黃教星,G10*******,10000.00,0.00,,金錢,基隆市仁愛區****,0932*****,
280,林右昌,107年縣(市)長選舉,首次申報,1071026,個人捐贈收入,莊林秀琴,G20*******,1000.00,0.00,,金錢,基隆市中正區****,2462*****,
281,林右昌,107年縣(市)長選舉,首次申報,1071026,個人捐贈收入,陳興餘,H12*******,10000.00,0.00,,金錢,基隆市安樂區****,0906*****,
282,林右昌,107年縣(市)長選舉,首次申報,1071026,個人捐贈收入,呂雅惠,L22*******,500.00,0.00,,金錢,基隆市仁愛區****,0936*****,
283,林右昌,107年縣(市)長選舉,首次申報,1071026,個人捐贈收入,李麗霞,P22*******,5000.00,0.00,,金錢,基隆市仁愛區****,0933*****,
284,林右昌,107年縣(市)長選舉,首次申報,1071030,營利事業捐贈收入,寶山建設股份有限公司,11547148,50000.00,0.00,,金錢,臺北市中正區****,2497*****,
285,林右昌,107年縣(市)長選舉,首次申報,1071030,營利事業捐贈收入,三禾倉儲股份有限公司,22890409,200000.00,0.00,,金錢,基隆市暖暖區****,2497*****,
286,林右昌,107年縣(市)長選舉,首次申報,1071030,營利事業捐贈收入,永吉企業股份有限公司,23681056,200000.00,0.00,,金錢,新北市瑞芳區****,2497*****,
287,林右昌,107年縣(市)長選舉,首次申報,1071031,營利事業捐贈收入,驊鑑人力資源管理顧問有限公司,24277771,200000.00,0.00,,金錢,桃園市平鎮區****,,
288,林右昌,107年縣(市)長選舉,首次申報,1071031,營利事業捐贈收入,龍駿工程有限公司,27271407,50000.00,0.00,,金錢,桃園市桃園區****,2497*****,
289,林右昌,107年縣(市)長選舉,首次申報,1071031,個人捐贈收入,陳盈如,A22*******,100000.00,0.00,,金錢,臺北市北投區****,2428*****,
290,林右昌,107年縣(市)長選舉,首次申報,1071031,個人捐贈收入,林一銘,B12*******,100000.00,0.00,,金錢,臺北市大安區****,2709*****,
291,林右昌,107年縣(市)長選舉,首次申報,1071031,個人捐贈收入,林慶華,C10*******,100000.00,0.00,,金錢,基隆市中正區****,2423*****,
292,林右昌,107年縣(市)長選舉,首次申報,1071031,個人捐贈收入,蔣美月,C20*******,100000.00,0.00,,金錢,基隆市仁愛區****,2420*****,
293,林右昌,107年縣(市)長選舉,首次申報,1071031,個人捐贈收入,陳萬田,R10*******,100000.00,0.00,,金錢,臺北市中山區****,0928*****,
294,林右昌,107年縣(市)長選舉,首次申報,1071101,營利事業捐贈收入,信昌投資股份有限公司,22956041,1000000.00,0.00,,金錢,臺北市中山區****,7719*****,
295,林右昌,107年縣(市)長選舉,首次申報,1071101,個人捐贈收入,游錫堃,G10*******,100000.00,0.00,,金錢,新北市永和區****,0966*****,
296,林右昌,107年縣(市)長選舉,首次申報,1071105,營利事業捐贈收入,熙沓興業股份有限公司,13140594,200000.00,0.00,,金錢,臺北市信義區****,2426*****,
297,林右昌,107年縣(市)長選舉,首次申報,1071105,營利事業捐贈收入,兆恩投資有限公司,54010954,200000.00,0.00,,金錢,新北市新莊區****,0935*****,
298,林右昌,107年縣(市)長選舉,首次申報,1071106,個人捐贈收入,呂春益,C10*******,5000.00,0.00,,金錢,基隆市中正區****,0935*****,
299,林右昌,107年縣(市)長選舉,首次申報,1071106,個人捐贈收入,張金祥,C10*******,10000.00,0.00,,金錢,基隆市信義區****,0935*****,
300,林右昌,107年縣(市)長選舉,首次申報,1071106,個人捐贈收入,蔡陳弘,C12*******,10000.00,0.00,,金錢,基隆市仁愛區****,0955*****,
301,林右昌,107年縣(市)長選舉,首次申報,1071106,個人捐贈收入,張溢,C12*******,5000.00,0.00,,金錢,基隆市中山區****,0958*****,
302,林右昌,107年縣(市)長選舉,首次申報,1071106,個人捐贈收入,黃基開,C12*******,5000.00,0.00,,金錢,基隆市安樂區****,,
303,林右昌,107年縣(市)長選舉,首次申報,1071106,個人捐贈收入,安代權,C12*******,50000.00,0.00,,金錢,基隆市中山區****,0963*****,
304,林右昌,107年縣(市)長選舉,首次申報,1071106,個人捐贈收入,蔡新清,C12*******,65000.00,0.00,,金錢,基隆市中正區****,0911*****,
305,林右昌,107年縣(市)長選舉,首次申報,1071106,個人捐贈收入,許建發,C12*******,10000.00,0.00,,金錢,基隆市仁愛區****,0937*****,
306,林右昌,107年縣(市)長選舉,首次申報,1071106,個人捐贈收入,黃忠仁,C12*******,20000.00,0.00,,金錢,基隆市暖暖區****,0917*****,
307,林右昌,107年縣(市)長選舉,首次申報,1071106,個人捐贈收入,黃麗娟,C20*******,10000.00,0.00,,金錢,基隆市仁愛區****,0928*****,
308,林右昌,107年縣(市)長選舉,首次申報,1071106,個人捐贈收入,趙敏雪,C22*******,60000.00,0.00,,金錢,基隆市中正區****,0932*****,
309,林右昌,107年縣(市)長選舉,首次申報,1071106,個人捐贈收入,施泓成,F12*******,10000.00,0.00,,金錢,臺北市信義區****,0919*****,
310,林右昌,107年縣(市)長選舉,首次申報,1071106,個人捐贈收入,林志雄,F12*******,10000.00,0.00,,金錢,基隆市中正區****,0932*****,
311,林右昌,107年縣(市)長選舉,首次申報,1071106,個人捐贈收入,涂志銀,G12*******,20000.00,0.00,,金錢,基隆市安樂區****,0937*****,
312,林右昌,107年縣(市)長選舉,首次申報,1071106,個人捐贈收入,林宏波,U12*******,10000.00,0.00,,金錢,基隆市信義區****,2465*****,
313,林右昌,107年縣(市)長選舉,首次申報,1071107,匿名捐贈,匿名捐款,,6000.00,0.00,,金錢,,,
314,林右昌,107年縣(市)長選舉,首次申報,1071107,匿名捐贈,匿名捐款,,2000.00,0.00,,金錢,,,
315,林右昌,107年縣(市)長選舉,首次申報,1071107,匿名捐贈,匿名捐款,,2500.00,0.00,,金錢,,,
316,林右昌,107年縣(市)長選舉,首次申報,1071107,個人捐贈收入,林清智,A12*******,100000.00,0.00,,金錢,臺北市內湖區****,0938*****,
317,林右昌,107年縣(市)長選舉,首次申報,1071108,個人捐贈收入,李永山,Q10*******,20000.00,0.00,,金錢,嘉義縣鹿草鄉****,0933*****,
318,林右昌,107年縣(市)長選舉,首次申報,1071109,個人捐贈收入,曾健豪,F12*******,100000.00,0.00,,金錢,新北市板橋區****,2246*****,
319,林右昌,107年縣(市)長選舉,首次申報,1071109,個人捐贈收入,古珊绮,V22*******,100000.00,0.00,,金錢,新北市深坑區****,2246*****,
320,林右昌,107年縣(市)長選舉,首次申報,1071110,個人捐贈收入,劉淑貞,R20*******,1000.00,0.00,,金錢,基隆市信義區****,0986*****,
321,林右昌,107年縣(市)長選舉,首次申報,1071111,個人捐贈收入,羅芳瑛,E22*******,1000.00,0.00,,金錢,基隆市中正區****,0929*****,
322,林右昌,107年縣(市)長選舉,首次申報,1071112,個人捐贈收入,莊學能,A12*******,500.00,0.00,,金錢,臺北市大同區****,0932*****,
323,林右昌,107年縣(市)長選舉,首次申報,1071112,個人捐贈收入,連子宇,A12*******,100000.00,0.00,,金錢,臺北市中山區****,2427*****,
324,林右昌,107年縣(市)長選舉,首次申報,1071112,個人捐贈收入,連思婷,A22*******,50000.00,0.00,,金錢,基隆市信義區****,2427*****,
325,林右昌,107年縣(市)長選舉,首次申報,1071112,個人捐贈收入,林芳祺,C10*******,50000.00,0.00,,金錢,基隆市信義區****,2427*****,
326,林右昌,107年縣(市)長選舉,首次申報,1071112,個人捐贈收入,林勝義,C10*******,2000.00,0.00,,金錢,基隆市仁愛區****,0939*****,
327,林右昌,107年縣(市)長選舉,首次申報,1071112,個人捐贈收入,謝皆得,C10*******,500.00,0.00,,金錢,基隆市中正區****,,
328,林右昌,107年縣(市)長選舉,首次申報,1071112,個人捐贈收入,連維城,C10*******,100000.00,0.00,,金錢,臺北市中山區****,2427*****,
329,林右昌,107年縣(市)長選舉,首次申報,1071112,個人捐贈收入,高吉全,C10*******,10000.00,0.00,,金錢,基隆市中正區****,0921*****,
330,林右昌,107年縣(市)長選舉,首次申報,1071112,個人捐贈收入,黃來福,C10*******,2000.00,0.00,,金錢,基隆市安樂區****,0937*****,
331,林右昌,107年縣(市)長選舉,首次申報,1071112,個人捐贈收入,張智涵,C12*******,1000.00,0.00,,金錢,基隆市信義區****,0912*****,
332,林右昌,107年縣(市)長選舉,首次申報,1071112,個人捐贈收入,陳茂森,C12*******,50000.00,0.00,,金錢,基隆市信義區****,2427*****,
333,林右昌,107年縣(市)長選舉,首次申報,1071112,個人捐贈收入,田證丞,C12*******,500.00,0.00,,金錢,基隆市仁愛區****,0987*****,
334,林右昌,107年縣(市)長選舉,首次申報,1071112,個人捐贈收入,呂平貴,C12*******,2000.00,0.00,,金錢,基隆市中正區****,0939*****,
335,林右昌,107年縣(市)長選舉,首次申報,1071112,個人捐贈收入,蔡宗展,C12*******,1000.00,0.00,,金錢,基隆市中正區****,2462*****,
336,林右昌,107年縣(市)長選舉,首次申報,1071112,個人捐贈收入,紀忠慶,C12*******,1000.00,0.00,,金錢,基隆市信義區****,0980*****,
337,林右昌,107年縣(市)長選舉,首次申報,1071112,個人捐贈收入,簡耀庭,C12*******,500.00,0.00,,金錢,新北市三重區****,0908*****,
338,林右昌,107年縣(市)長選舉,首次申報,1071112,個人捐贈收入,羅世偉,C12*******,1000.00,0.00,,金錢,基隆市中山區****,0938*****,
339,林右昌,107年縣(市)長選舉,首次申報,1071112,個人捐贈收入,葉文嘉,C12*******,1000.00,0.00,,金錢,基隆市安樂區****,0917*****,
340,林右昌,107年縣(市)長選舉,首次申報,1071112,個人捐贈收入,廖澤銘,C12*******,500.00,0.00,,金錢,基隆市中正區****,0986*****,
341,林右昌,107年縣(市)長選舉,首次申報,1071112,個人捐贈收入,陳秉揚,C12*******,1000.00,0.00,,金錢,基隆市安樂區****,0952*****,
342,林右昌,107年縣(市)長選舉,首次申報,1071112,個人捐贈收入,張秋美,C20*******,500.00,0.00,,金錢,基隆市信義區****,0972*****,
343,林右昌,107年縣(市)長選舉,首次申報,1071112,個人捐贈收入,陳麗華,C20*******,1000.00,0.00,,金錢,基隆市暖暖區****,0911*****,
344,林右昌,107年縣(市)長選舉,首次申報,1071112,個人捐贈收入,陳麗華,C20*******,1000.00,0.00,,金錢,基隆市暖暖區****,0911*****,
345,林右昌,107年縣(市)長選舉,首次申報,1071112,個人捐贈收入,陳麗華,C20*******,1000.00,0.00,,金錢,基隆市暖暖區****,0911*****,
346,林右昌,107年縣(市)長選舉,首次申報,1071112,個人捐贈收入,鄭恆菊,C22*******,1000.00,0.00,,金錢,基隆市安樂區****,0952*****,
347,林右昌,107年縣(市)長選舉,首次申報,1071112,個人捐贈收入,李晨瑜,C22*******,500.00,0.00,,金錢,基隆市安樂區****,0912*****,
348,林右昌,107年縣(市)長選舉,首次申報,1071112,個人捐贈收入,顏綉綺,C22*******,500.00,0.00,,金錢,基隆市安樂區****,0918*****,
349,林右昌,107年縣(市)長選舉,首次申報,1071112,個人捐贈收入,邵華平,C22*******,500.00,0.00,,金錢,基隆市信義區****,0981*****,
350,林右昌,107年縣(市)長選舉,首次申報,1071112,個人捐贈收入,王杏如,C22*******,1000.00,0.00,,金錢,基隆市信義區****,0911*****,
351,林右昌,107年縣(市)長選舉,首次申報,1071112,個人捐贈收入,駱玥緁,C22*******,1000.00,0.00,,金錢,基隆市仁愛區****,0932*****,
352,林右昌,107年縣(市)長選舉,首次申報,1071112,個人捐贈收入,詹麗貞,C22*******,2000.00,0.00,,金錢,基隆市中山區****,0933*****,
353,林右昌,107年縣(市)長選舉,首次申報,1071112,個人捐贈收入,蘇福能,F10*******,5000.00,0.00,,金錢,基隆市安樂區****,0933*****,
354,林右昌,107年縣(市)長選舉,首次申報,1071112,個人捐贈收入,葉振成,F12*******,1500.00,0.00,,金錢,基隆市安樂區****,0932*****,
355,林右昌,107年縣(市)長選舉,首次申報,1071112,個人捐贈收入,張永煌,F12*******,10000.00,0.00,,金錢,新北市板橋區****,0937*****,
356,林右昌,107年縣(市)長選舉,首次申報,1071112,個人捐贈收入,江嘉慧,F22*******,500.00,0.00,,金錢,基隆市安樂區****,0919*****,
357,林右昌,107年縣(市)長選舉,首次申報,1071112,個人捐贈收入,廖達鵬,K10*******,50000.00,0.00,,金錢,基隆市七堵區****,0933*****,
358,林右昌,107年縣(市)長選舉,首次申報,1071112,個人捐贈收入,廖嘉明,R10*******,1000.00,0.00,,金錢,基隆市安樂區****,0910*****,
359,林右昌,107年縣(市)長選舉,首次申報,1071112,個人捐贈收入,簡美惠,U20*******,1000.00,0.00,,金錢,基隆市中正區****,0922*****,
360,林右昌,107年縣(市)長選舉,首次申報,1071113,個人捐贈收入,朱幸佑,A10*******,100000.00,0.00,,金錢,臺北市大安區****,0937*****,
361,林右昌,107年縣(市)長選舉,首次申報,1071113,個人捐贈收入,朱哲彥,A10*******,100000.00,0.00,,金錢,臺北市大安區****,0932*****,
362,林右昌,107年縣(市)長選舉,首次申報,1071113,個人捐贈收入,蔡陸海,A11*******,100000.00,0.00,,金錢,臺北市萬華區****,0932*****,
363,林右昌,107年縣(市)長選舉,首次申報,1071113,個人捐贈收入,朱紹華,A12*******,100000.00,0.00,,金錢,臺北市大安區****,,
364,林右昌,107年縣(市)長選舉,首次申報,1071113,個人捐贈收入,隋康樂,C10*******,100000.00,0.00,,金錢,基隆市安樂區****,0932*****,
365,林右昌,107年縣(市)長選舉,首次申報,1071113,個人捐贈收入,隋蓓蓓,C22*******,100000.00,0.00,,金錢,基隆市安樂區****,0932*****,
366,林右昌,107年縣(市)長選舉,首次申報,1071113,個人捐贈收入,楊春欽,R10*******,100000.00,0.00,,金錢,臺南市大內區****,0922*****,
367,林右昌,107年縣(市)長選舉,首次申報,1071116,個人捐贈收入,馬鴻鈞,A12*******,100000.00,0.00,,金錢,臺北市大安區****,2420*****,
368,林右昌,107年縣(市)長選舉,首次申報,1071116,個人捐贈收入,林育甄,C22*******,100000.00,0.00,,金錢,基隆市仁愛區****,2420*****,
369,林右昌,107年縣(市)長選舉,首次申報,1071116,個人捐贈收入,曾進春,H10*******,100000.00,0.00,,金錢,新北市瑞芳區****,2496*****,
370,林右昌,107年縣(市)長選舉,首次申報,1071116,個人捐贈收入,張菊花,H20*******,100000.00,0.00,,金錢,基隆市暖暖區****,2496*****,
371,林右昌,107年縣(市)長選舉,首次申報,1071116,個人捐贈收入,廖和圍,P10*******,100000.00,0.00,,金錢,臺北市士林區****,2767*****,
372,林右昌,107年縣(市)長選舉,首次申報,1071116,個人捐贈收入,鄭德昆,U10*******,100000.00,0.00,,金錢,臺北市文山區****,2767*****,
373,林右昌,107年縣(市)長選舉,首次申報,1071119,個人捐贈收入,林何雪英,,2000.00,0.00,,金錢,基隆市仁愛區****,2426*****,
374,林右昌,107年縣(市)長選舉,首次申報,1071119,匿名捐贈,林麗芬,,500.00,0.00,,金錢,,,
375,林右昌,107年縣(市)長選舉,首次申報,1071119,個人捐贈收入,黃昱達,A12*******,100000.00,0.00,,金錢,臺北市中山區****,2533*****,
376,林右昌,107年縣(市)長選舉,首次申報,1071119,個人捐贈收入,黃馨穎,A23*******,100000.00,0.00,,金錢,臺北市中山區****,2533*****,
377,林右昌,107年縣(市)長選舉,首次申報,1071119,個人捐贈收入,呂英世,C10*******,2000.00,0.00,,金錢,基隆市仁愛區****,0921*****,
378,林右昌,107年縣(市)長選舉,首次申報,1071119,個人捐贈收入,林博儀,C10*******,5000.00,0.00,,金錢,基隆市暖暖區****,0921*****,
379,林右昌,107年縣(市)長選舉,首次申報,1071119,個人捐贈收入,游慶龍,C10*******,500.00,0.00,,金錢,基隆市暖暖區****,0938*****,
380,林右昌,107年縣(市)長選舉,首次申報,1071119,個人捐贈收入,林裕宸,C10*******,500.00,0.00,,金錢,基隆市安樂區****,0925*****,
381,林右昌,107年縣(市)長選舉,首次申報,1071119,個人捐贈收入,林本源,C10*******,10000.00,0.00,,金錢,基隆市七堵區****,0912*****,
382,林右昌,107年縣(市)長選舉,首次申報,1071119,個人捐贈收入,林正常,C10*******,50000.00,0.00,,金錢,基隆市信義區****,0921*****,
383,林右昌,107年縣(市)長選舉,首次申報,1071119,個人捐贈收入,林光榮,C10*******,5000.00,0.00,,金錢,基隆市仁愛區****,0910*****,
384,林右昌,107年縣(市)長選舉,首次申報,1071119,個人捐贈收入,蔡維滄,C10*******,1000.00,0.00,,金錢,基隆市仁愛區****,,
385,林右昌,107年縣(市)長選舉,首次申報,1071119,個人捐贈收入,林明志,C12*******,5000.00,0.00,,金錢,基隆市安樂區****,0932*****,
386,林右昌,107年縣(市)長選舉,首次申報,1071119,個人捐贈收入,廖朝慶,C12*******,1500.00,0.00,,金錢,基隆市安樂區****,,
387,林右昌,107年縣(市)長選舉,首次申報,1071119,個人捐贈收入,林坤銘,C12*******,5000.00,0.00,,金錢,基隆市信義區****,0937*****,
388,林右昌,107年縣(市)長選舉,首次申報,1071119,個人捐贈收入,余明貴,C12*******,1000.00,0.00,,金錢,基隆市安樂區****,0939*****,
389,林右昌,107年縣(市)長選舉,首次申報,1071119,個人捐贈收入,曾明華,C22*******,500.00,0.00,,金錢,基隆市中正區****,0930*****,
390,林右昌,107年縣(市)長選舉,首次申報,1071119,個人捐贈收入,黃馨儀,C22*******,500.00,0.00,,金錢,基隆市安樂區****,0922*****,
391,林右昌,107年縣(市)長選舉,首次申報,1071120,個人捐贈收入,周秀黛,,10000.00,0.00,,金錢,新北市三重區****,0952*****,
392,林右昌,107年縣(市)長選舉,首次申報,1071120,個人捐贈收入,張昌榮,K12*******,2000.00,0.00,,金錢,基隆市信義區****,0916*****,
393,林右昌,107年縣(市)長選舉,首次申報,1071121,個人捐贈收入,莊瑞德,A12*******,50000.00,0.00,,金錢,臺北市萬華區****,2552*****,
394,林右昌,107年縣(市)長選舉,首次申報,1071121,個人捐贈收入,林意展,B12*******,100000.00,0.00,,金錢,臺北市大安區****,2552*****,
395,林右昌,107年縣(市)長選舉,首次申報,1071121,個人捐贈收入,黃大銘,C10*******,500.00,0.00,,金錢,基隆市中正區****,0920*****,
396,林右昌,107年縣(市)長選舉,首次申報,1071121,個人捐贈收入,林和毅,C10*******,500.00,0.00,,金錢,基隆市中山區****,2424*****,
397,林右昌,107年縣(市)長選舉,首次申報,1071121,個人捐贈收入,張文金,C12*******,1000.00,0.00,,金錢,基隆市信義區****,1000*****,
398,林右昌,107年縣(市)長選舉,首次申報,1071121,個人捐贈收入,鄒成祥,C12*******,500.00,0.00,,金錢,基隆市安樂區****,0937*****,
399,林右昌,107年縣(市)長選舉,首次申報,1071121,個人捐贈收入,王裕祺,C12*******,1500.00,0.00,,金錢,基隆市中山區****,0953*****,
400,林右昌,107年縣(市)長選舉,首次申報,1071121,個人捐贈收入,林逸鴻,C12*******,5000.00,0.00,,金錢,基隆市仁愛區****,0921*****,
401,林右昌,107年縣(市)長選舉,首次申報,1071121,個人捐贈收入,邱承熙,C12*******,100000.00,0.00,,金錢,基隆市安樂區****,2433*****,
402,林右昌,107年縣(市)長選舉,首次申報,1071121,個人捐贈收入,吳汶珊,C22*******,3500.00,0.00,,金錢,基隆市中正區****,0911*****,
403,林右昌,107年縣(市)長選舉,首次申報,1071121,個人捐贈收入,林慧琴,C22*******,1000.00,0.00,,金錢,基隆市中正區****,0958*****,
404,林右昌,107年縣(市)長選舉,首次申報,1071121,個人捐贈收入,田善稷,C22*******,1000.00,0.00,,金錢,基隆市仁愛區****,0952*****,
405,林右昌,107年縣(市)長選舉,首次申報,1071121,個人捐贈收入,梁正德,E12*******,50000.00,0.00,,金錢,臺北市中正區****,2552*****,
406,林右昌,107年縣(市)長選舉,首次申報,1071121,個人捐贈收入,侯自維,E12*******,20000.00,0.00,,金錢,新北市永和區****,2552*****,
407,林右昌,107年縣(市)長選舉,首次申報,1071121,個人捐贈收入,朱水源,F12*******,100000.00,0.00,,金錢,新北市三重區****,2552*****,
408,林右昌,107年縣(市)長選舉,首次申報,1071121,個人捐贈收入,孟士淵,F12*******,100000.00,0.00,,金錢,臺北市士林區****,2552*****,
409,林右昌,107年縣(市)長選舉,首次申報,1071121,個人捐贈收入,吳性音,F22*******,100000.00,0.00,,金錢,新北市三重區****,2552*****,
410,林右昌,107年縣(市)長選舉,首次申報,1071121,個人捐贈收入,陳玉慧,F22*******,500.00,0.00,,金錢,基隆市安樂區****,0933*****,
411,林右昌,107年縣(市)長選舉,首次申報,1071121,個人捐贈收入,林文棋,G12*******,10000.00,0.00,,金錢,基隆市信義區****,0928*****,
412,林右昌,107年縣(市)長選舉,首次申報,1071121,個人捐贈收入,黃教龍,G12*******,500.00,0.00,,金錢,基隆市安樂區****,0932*****,
413,林右昌,107年縣(市)長選舉,首次申報,1071121,個人捐贈收入,李素卿,G22*******,10000.00,0.00,,金錢,臺北市中山區****,2552*****,
414,林右昌,107年縣(市)長選舉,首次申報,1071121,個人捐贈收入,葉明清,H10*******,100000.00,0.00,,金錢,桃園市中壢區****,2552*****,
415,林右昌,107年縣(市)長選舉,首次申報,1071121,個人捐贈收入,廖家玉,H22*******,20000.00,0.00,,金錢,新北市三重區****,2552*****,
416,林右昌,107年縣(市)長選舉,首次申報,1071121,個人捐贈收入,廖昶超,K12*******,66000.00,0.00,,金錢,臺北市大安區****,2552*****,
417,林右昌,107年縣(市)長選舉,首次申報,1071121,個人捐贈收入,鍾士聖,K12*******,100000.00,0.00,,金錢,新北市三重區****,2552*****,
418,林右昌,107年縣(市)長選舉,首次申報,1071121,個人捐贈收入,鍾雲鶯,K22*******,100000.00,0.00,,金錢,新北市三重區****,2552*****,
419,林右昌,107年縣(市)長選舉,首次申報,1071121,個人捐贈收入,賴炳麟,M10*******,100000.00,0.00,,金錢,基隆市安樂區****,2466*****,
420,林右昌,107年縣(市)長選舉,首次申報,1071121,個人捐贈收入,賴炳鏗,M10*******,100000.00,0.00,,金錢,基隆市中山區****,2466*****,
421,林右昌,107年縣(市)長選舉,首次申報,1071121,個人捐贈收入,賴炳良,M10*******,100000.00,0.00,,金錢,基隆市七堵區****,2466*****,
422,林右昌,107年縣(市)長選舉,首次申報,1071121,個人捐贈收入,賴炳通,M10*******,100000.00,0.00,,金錢,基隆市中山區****,2466*****,
423,林右昌,107年縣(市)長選舉,首次申報,1071121,個人捐贈收入,蕭輔民,N12*******,100000.00,0.00,,金錢,臺北市士林區****,2552*****,
424,林右昌,107年縣(市)長選舉,首次申報,1071121,個人捐贈收入,蕭源都,N12*******,10000.00,0.00,,金錢,基隆市信義區****,0928*****,
425,林右昌,107年縣(市)長選舉,首次申報,1071121,個人捐贈收入,林明鐘,P10*******,1000.00,0.00,,金錢,基隆市安樂區****,0910*****,
426,林右昌,107年縣(市)長選舉,首次申報,1071121,個人捐贈收入,蘇志誠,Q12*******,80000.00,0.00,,金錢,臺北市松山區****,2552*****,
427,林右昌,107年縣(市)長選舉,首次申報,1071121,個人捐贈收入,彭淑慧,Q22*******,50000.00,0.00,,金錢,臺北市內湖區****,,
428,林右昌,107年縣(市)長選舉,首次申報,1071121,個人捐贈收入,張富勝,R12*******,20000.00,0.00,,金錢,臺北市中正區****,2445*****,
429,林右昌,107年縣(市)長選舉,首次申報,1071122,營利事業捐贈收入,鴻鑫發科技有限公司,53936703,200000.00,0.00,,金錢,臺北市松山區****,2789*****,
430,林右昌,107年縣(市)長選舉,首次申報,1071122,營利事業捐贈收入,鴻鑫發科技有限公司,53936703,200000.00,0.00,,金錢,臺北市松山區****,2789*****,
431,林右昌,107年縣(市)長選舉,首次申報,1071123,匿名捐贈,無名氏,,500.00,0.00,,金錢,,,
432,林右昌,107年縣(市)長選舉,首次申報,1071123,匿名捐贈,無名氏,,500.00,0.00,,金錢,,,
433,林右昌,107年縣(市)長選舉,首次申報,1071123,個人捐贈收入,郭人豪,A12*******,100000.00,0.00,,金錢,臺北市松山區****,2706*****,
434,林右昌,107年縣(市)長選舉,首次申報,1071123,個人捐贈收入,廖澤銘,C12*******,500.00,0.00,,金錢,基隆市中正區****,0986*****,
435,林右昌,107年縣(市)長選舉,首次申報,1071123,個人捐贈收入,賴沁渝,C22*******,500.00,0.00,,金錢,基隆市暖暖區****,0912*****,
436,林右昌,107年縣(市)長選舉,首次申報,1071123,個人捐贈收入,黃健峰,F12*******,100000.00,0.00,,金錢,臺北市信義區****,2358*****,
437,林右昌,107年縣(市)長選舉,首次申報,1071123,個人捐贈收入,陳群志,F12*******,100000.00,0.00,,金錢,臺北市大安區****,,
438,林右昌,107年縣(市)長選舉,首次申報,1071123,個人捐贈收入,盧群昱,F12*******,100000.00,0.00,,金錢,臺北市大安區****,,
439,林右昌,107年縣(市)長選舉,首次申報,1071123,個人捐贈收入,蔡裕明,J10*******,1500.00,0.00,,金錢,基隆市中正區****,0910*****,
440,林右昌,107年縣(市)長選舉,首次申報,1071123,個人捐贈收入,陳秀盆,N22*******,5000.00,0.00,,金錢,基隆市中正區****,0939*****,
441,林右昌,107年縣(市)長選舉,首次申報,1071123,個人捐贈收入,賴宜瑛,N22*******,100000.00,0.00,,金錢,臺北市松山區****,2706*****,
442,林右昌,107年縣(市)長選舉,首次申報,1071123,個人捐贈收入,陳羿中,Q12*******,500.00,0.00,,金錢,新竹市東區民****,0919*****,
443,林右昌,107年縣(市)長選舉,首次申報,1071123,個人捐贈收入,林錫祥,U10*******,5000.00,0.00,,金錢,基隆市中正區****,2462*****,
444,林右昌,107年縣(市)長選舉,首次申報,1071221,其他收入,利息收入,,2162.00,0.00,,金錢,,,
