﻿序號,擬參選人／政黨,選舉名稱,申報序號／年度,交易日期,收支科目,捐贈者／支出對象,身分證／統一編號,收入金額,支出金額,支出用途,金錢類,地址,聯絡電話,資料更正日期
1,蔡宜助,107年鄉(鎮、市)長選舉,首次申報,1070907,營利事業捐贈收入,億立營造有限公司,89204359,50000.00,0.00,,金錢,南投縣竹山鎮****,,
2,蔡宜助,107年鄉(鎮、市)長選舉,首次申報,1071001,個人捐贈收入,戴奇昌,N10*******,90000.00,0.00,,金錢,南投縣竹山鎮****,0921*****,
3,蔡宜助,107年鄉(鎮、市)長選舉,首次申報,1071002,營利事業捐贈收入,超卓工業股份有限公司,22508537,100000.00,0.00,,金錢,臺中市西屯區****,0936*****,
4,蔡宜助,107年鄉(鎮、市)長選舉,首次申報,1071008,個人捐贈收入,路聲貴,M10*******,10000.00,0.00,,金錢,南投縣竹山鎮****,0933*****,
5,蔡宜助,107年鄉(鎮、市)長選舉,首次申報,1071009,營利事業捐贈收入,百霖營造有限公司,13071251,60000.00,0.00,,金錢,南投縣竹山鎮****,0937*****,
6,蔡宜助,107年鄉(鎮、市)長選舉,首次申報,1071009,個人捐贈收入,蔡鴻儒,N10*******,2000.00,0.00,,金錢,彰化縣彰化市****,0933*****,
7,蔡宜助,107年鄉(鎮、市)長選舉,首次申報,1071107,個人捐贈收入,楊錫淮,L10*******,100000.00,0.00,,金錢,臺中市大肚區****,049-*****,
8,蔡宜助,107年鄉(鎮、市)長選舉,首次申報,1071112,個人捐贈收入,林福榮,M10*******,6600.00,0.00,,金錢,南投縣竹山鎮****,049-*****,
9,蔡宜助,107年鄉(鎮、市)長選舉,首次申報,1071113,營利事業捐贈收入,潤輝開發有限公司,53870358,50000.00,0.00,,金錢,彰化縣彰化市****,04-7*****,
10,蔡宜助,107年鄉(鎮、市)長選舉,首次申報,1071114,營利事業捐贈收入,能邦工程股份有限公司,25067750,60000.00,0.00,,金錢,宜蘭縣五結鄉****,,
11,蔡宜助,107年鄉(鎮、市)長選舉,首次申報,1071122,營利事業捐贈收入,竹育股份有限公司,61860059,100000.00,0.00,,金錢,南投縣竹山鎮****,049-*****,
