﻿序號,擬參選人／政黨,選舉名稱,申報序號／年度,交易日期,收支科目,捐贈者／支出對象,身分證／統一編號,收入金額,支出金額,捐贈方式,存入專戶日期,返還/繳庫,支出用途,金錢類,地址,聯絡電話,應揭露之支出對象,支出對象之內部人員姓名,支出對象之內部人員職稱,政黨之內部人員姓名,政黨之內部人員職稱,關係,更正註記,資料更正日期
1,王國棟,111年桃園市八德區瑞發里里長選舉,首次申報,1111117,雜支支出,晟華科技有限公司,,0.00,12000.00,,,,雜項購置或修繕費用-椅,金錢,,0966*****,否,,,,,,,
2,王國棟,111年桃園市八德區瑞發里里長選舉,首次申報,1111119,租用宣傳車輛支出,陳佑昇,,0.00,17000.00,,,,租用宣傳車輛費用,金錢,,0919*****,否,,,,,,,
3,王國棟,111年桃園市八德區瑞發里里長選舉,首次申報,1111119,宣傳支出,王瑞洪,,0.00,16000.00,,,,演講或表演費用,金錢,,0907*****,否,,,,,,,
4,王國棟,111年桃園市八德區瑞發里里長選舉,首次申報,1111119,宣傳支出,戴慧娟,,0.00,2000.00,,,,演講或表演費用,金錢,,0935*****,否,,,,,,,
5,王國棟,111年桃園市八德區瑞發里里長選舉,首次申報,1111119,宣傳支出,游明秀,,0.00,2000.00,,,,演講或表演費用,金錢,,0932*****,否,,,,,,,
6,王國棟,111年桃園市八德區瑞發里里長選舉,首次申報,1111119,宣傳支出,陳張麗花,,0.00,2000.00,,,,演講或表演費用,金錢,,0921*****,否,,,,,,,
7,王國棟,111年桃園市八德區瑞發里里長選舉,首次申報,1111119,宣傳支出,田玉蘭,,0.00,2000.00,,,,演講或表演費用,金錢,,0336*****,否,,,,,,,
8,王國棟,111年桃園市八德區瑞發里里長選舉,首次申報,1111119,宣傳支出,王陳美幸,,0.00,2000.00,,,,演講或表演費用,金錢,,0955*****,否,,,,,,,
9,王國棟,111年桃園市八德區瑞發里里長選舉,首次申報,1111119,集會支出,素食早點,,0.00,12000.00,,,,餐飲費用,金錢,桃園市八德區****,0336*****,否,,,,,,,
10,王國棟,111年桃園市八德區瑞發里里長選舉,首次申報,1111119,雜支支出,瑞聯商行,17900510,0.00,1650.00,,,,雜項購置或修繕費用-折疊椅,金錢,,0336*****,否,,,,,,,
11,王國棟,111年桃園市八德區瑞發里里長選舉,首次申報,1111119,集會支出,霖旺企業社,88694821,0.00,5040.00,,,,其他與集會有關之費用-雨衣,金錢,,0422*****,否,,,,,,,
12,王國棟,111年桃園市八德區瑞發里里長選舉,首次申報,1111129,宣傳支出,林毓耀,H12*******,0.00,94864.00,,,,租用廣告看板或車體廣告費用,金錢,桃園市八德區****,0935*****,否,,,,,,,
13,王國棟,111年桃園市八德區瑞發里里長選舉,首次申報,1111206,返還捐贈支出,佳聯通運股份有限公司,90219909,0.00,10000.00,,,,返還,金錢,桃園市八德區****,,否,,,,,,,
