﻿序號,擬參選人／政黨,選舉名稱,申報序號／年度,交易日期,收支科目,捐贈者／支出對象,身分證／統一編號,收入金額,支出金額,支出用途,金錢類,地址,聯絡電話,資料更正日期
1,黃碧妹,107年縣(市)議員選舉,首次申報,1071030,政黨捐贈收入,親民黨,政黨證字第90號,50000.00,0.00,,金錢,台北市長安東****,(02)*****,
2,黃碧妹,107年縣(市)議員選舉,首次申報,1071114,政黨捐贈收入,親民黨,政黨證字第90號,100000.00,0.00,,金錢,台北市長安東****,(02)*****,
3,黃碧妹,107年縣(市)議員選舉,首次申報,1071121,個人捐贈收入,董華澤,V10*******,10000.00,0.00,,金錢,台東市正氣北****,,
4,黃碧妹,107年縣(市)議員選舉,首次申報,1071221,其他收入,政治獻金專戶利息收入,,8.00,0.00,,金錢,,,
