﻿序號,擬參選人／政黨,選舉名稱,申報序號／年度,交易日期,收支科目,捐贈者／支出對象,身分證／統一編號,收入金額,支出金額,支出用途,金錢類,地址,聯絡電話,資料更正日期
1,陳文忠,107年縣(市)議員選舉,首次申報,1071015,宣傳支出,名家廣告社,06292362,0.00,36000.00,租用廣告看板或車體廣告支出,金錢,嘉義縣新港鄉****,05-3*****,
2,陳文忠,107年縣(市)議員選舉,首次申報,1071020,雜支支出,旺旺企業社,26498291,0.00,277.00,文具用品費用,金錢,嘉義縣新港鄉****,05-3*****,
3,陳文忠,107年縣(市)議員選舉,首次申報,1071021,雜支支出,美綺麵包坊,62911507,0.00,7500.00,餐飲費用,金錢,嘉義縣新港鄉****,05-3*****,
4,陳文忠,107年縣(市)議員選舉,首次申報,1071025,宣傳支出,冠羽廣告社,83342539,0.00,1500.00,製作競選物品支出（LED圖燈）,金錢,苗栗縣竹南鎮****,4650*****,
5,陳文忠,107年縣(市)議員選舉,首次申報,1071030,宣傳支出,名家廣告社,06292362,0.00,75900.00,租用廣告看板或車體廣告支出,金錢,嘉義縣新港鄉****,05-3*****,
6,陳文忠,107年縣(市)議員選舉,首次申報,1071113,雜支支出,金長發百貨五金行,37715128,0.00,4053.00,雜項購置或修繕費用,金錢,嘉義縣新港鄉****,05-3*****,
7,陳文忠,107年縣(市)議員選舉,首次申報,1071115,宣傳支出,鴻偉打字行,17162725,0.00,4500.00,製作宣傳廣告支出,金錢,嘉義縣新港鄉****,05-3*****,
8,陳文忠,107年縣(市)議員選舉,首次申報,1071116,宣傳支出,鴻偉打字行,17162725,0.00,4400.00,製作宣傳廣告支出,金錢,嘉義縣新港鄉****,05-3*****,
9,陳文忠,107年縣(市)議員選舉,首次申報,1071116,雜支支出,龍成文具行,98875742,0.00,8470.00,文具用品費用,金錢,嘉義市上海路****,2831*****,
