﻿序號,擬參選人／政黨,選舉名稱,申報序號／年度,交易日期,收支科目,捐贈者／支出對象,身分證／統一編號,收入金額,支出金額,支出用途,金錢類,地址,聯絡電話,資料更正日期
1,蔣家煌,107年縣(市)議員選舉,首次申報,1070914,個人捐贈收入,林育民,T10*******,50000.00,0.00,,金錢,屏東縣屏東市****,08-7*****,
2,蔣家煌,107年縣(市)議員選舉,首次申報,1070914,個人捐贈收入,林建任,T12*******,20000.00,0.00,,金錢,臺南市東區莊****,0911*****,
3,蔣家煌,107年縣(市)議員選舉,首次申報,1070914,個人捐贈收入,洪淑君,T22*******,10000.00,0.00,,金錢,屏東縣長治鄉****,0935*****,
4,蔣家煌,107年縣(市)議員選舉,首次申報,1070920,個人捐贈收入,陳進亮,S12*******,50000.00,0.00,,金錢,高雄市鳥松區****,0932*****,
5,蔣家煌,107年縣(市)議員選舉,首次申報,1070925,營利事業捐贈收入,至茂企業股份有限公司,23356734,20000.00,0.00,,金錢,高雄市三民區****,07-3*****,
6,蔣家煌,107年縣(市)議員選舉,首次申報,1070927,營利事業捐贈收入,祥新交通有限公司,16853004,30000.00,0.00,,金錢,屏東縣屏東市****,08-7*****,
7,蔣家煌,107年縣(市)議員選舉,首次申報,1070927,營利事業捐贈收入,成泰企業股份有限公司,83377728,100000.00,0.00,,金錢,屏東縣屏東市****,08-7*****,
8,蔣家煌,107年縣(市)議員選舉,首次申報,1070927,個人捐贈收入,簡木勳,R12*******,50000.00,0.00,,金錢,屏東縣屏東市****,0937*****,
9,蔣家煌,107年縣(市)議員選舉,首次申報,1070927,個人捐贈收入,陳寶如,T22*******,60000.00,0.00,,金錢,屏東縣屏東市****,0917*****,
10,蔣家煌,107年縣(市)議員選舉,首次申報,1071002,個人捐贈收入,詹玉梅,,20000.00,0.00,,金錢,屏東縣屏東市****,0933*****,
11,蔣家煌,107年縣(市)議員選舉,首次申報,1071006,個人捐贈收入,張觀玉,Q12*******,50000.00,0.00,,金錢,屏東縣長治鄉****,08-7*****,
12,蔣家煌,107年縣(市)議員選舉,首次申報,1071006,個人捐贈收入,陳信中,T12*******,100000.00,0.00,,金錢,屏東縣屏東市****,0931*****,
13,蔣家煌,107年縣(市)議員選舉,首次申報,1071010,營利事業捐贈收入,統固優脂蛋白企業社,99251106,100000.00,0.00,,金錢,屏東縣九如鄉****,08-7*****,
14,蔣家煌,107年縣(市)議員選舉,首次申報,1071010,個人捐贈收入,王宥築,T12*******,30000.00,0.00,,金錢,屏東縣屏東市****,0937*****,
15,蔣家煌,107年縣(市)議員選舉,首次申報,1071010,個人捐贈收入,李崇誌,T12*******,50000.00,0.00,,金錢,屏東縣屏東市****,08-7*****,
16,蔣家煌,107年縣(市)議員選舉,首次申報,1071015,營利事業捐贈收入,豐釧機械股份有限公司,92705167,50000.00,0.00,,金錢,屏東縣屏東市****,08-7*****,
17,蔣家煌,107年縣(市)議員選舉,首次申報,1071015,個人捐贈收入,陳明城,T12*******,30000.00,0.00,,金錢,屏東縣屏東市****,0915*****,
18,蔣家煌,107年縣(市)議員選舉,首次申報,1071018,營利事業捐贈收入,建濠源營造股份有公司,90777827,10000.00,0.00,,金錢,屏東縣屏東市****,08-7*****,
19,蔣家煌,107年縣(市)議員選舉,首次申報,1071022,個人捐贈收入,翁怡鴻,,10000.00,0.00,,金錢,屏東縣屏東市****,0919*****,
20,蔣家煌,107年縣(市)議員選舉,首次申報,1071022,營利事業捐贈收入,水月囍樓有限公司,24876699,100000.00,0.00,,金錢,屏東縣屏東市****,08-7*****,
21,蔣家煌,107年縣(市)議員選舉,首次申報,1071022,營利事業捐贈收入,煌龍建設有限公司,27597170,50000.00,0.00,,金錢,高雄市三民區****,0936*****,
22,蔣家煌,107年縣(市)議員選舉,首次申報,1071022,營利事業捐贈收入,賀傑國際有限公司,80619384,50000.00,0.00,,金錢,屏東縣屏東市****,08-7*****,
23,蔣家煌,107年縣(市)議員選舉,首次申報,1071022,個人捐贈收入,蔡身看,E10*******,50000.00,0.00,,金錢,屏東縣屏東市****,08-7*****,
24,蔣家煌,107年縣(市)議員選舉,首次申報,1071022,個人捐贈收入,鄭惠峰,T12*******,20000.00,0.00,,金錢,屏東縣屏東市****,0913*****,
25,蔣家煌,107年縣(市)議員選舉,首次申報,1071023,個人捐贈收入,吳榮俊,,2000.00,0.00,,金錢,,0912*****,
26,蔣家煌,107年縣(市)議員選舉,首次申報,1071023,個人捐贈收入,鄭宗岳,E12*******,100000.00,0.00,,金錢,屏東縣屏東市****,08-7*****,
27,蔣家煌,107年縣(市)議員選舉,首次申報,1071023,個人捐贈收入,鍾依璇,V22*******,10000.00,0.00,,金錢,屏東縣麟洛鄉****,,
28,蔣家煌,107年縣(市)議員選舉,首次申報,1071024,營利事業捐贈收入,永溙國際有限公司,27425206,50000.00,0.00,,金錢,屏東縣屏東市****,08-7*****,
29,蔣家煌,107年縣(市)議員選舉,首次申報,1071024,個人捐贈收入,鄭武昌,T12*******,50000.00,0.00,,金錢,屏東縣鹽埔鄉****,0936*****,
30,蔣家煌,107年縣(市)議員選舉,首次申報,1071025,營利事業捐贈收入,高茂金屬工業股份有限公司,22809724,200000.00,0.00,,金錢,屏東縣屏東市****,08-7*****,
31,蔣家煌,107年縣(市)議員選舉,首次申報,1071025,個人捐贈收入,謝妃涵,T22*******,20000.00,0.00,,金錢,屏東縣麟洛鄉****,0910*****,
32,蔣家煌,107年縣(市)議員選舉,首次申報,1071026,匿名捐贈,匿名,,5000.00,0.00,,非金錢,,,
33,蔣家煌,107年縣(市)議員選舉,首次申報,1071029,營利事業捐贈收入,鎮新建設有限公司,13193064,50000.00,0.00,,金錢,高雄市苓雅區****,0875*****,
34,蔣家煌,107年縣(市)議員選舉,首次申報,1071029,營利事業捐贈收入,吉普司科技股份有限公司,80431157,100000.00,0.00,,金錢,臺南市東區林****,0956*****,
35,蔣家煌,107年縣(市)議員選舉,首次申報,1071029,個人捐贈收入,胡麗惠,T22*******,20000.00,0.00,,金錢,屏東縣屏東市****,0932*****,
36,蔣家煌,107年縣(市)議員選舉,首次申報,1071029,個人捐贈收入,胡澤良,U12*******,10000.00,0.00,,金錢,屏東縣屏東市****,0918*****,
37,蔣家煌,107年縣(市)議員選舉,首次申報,1071030,營利事業捐贈收入,亦盛實業有限公司,54825509,100000.00,0.00,,金錢,屏東縣萬丹鄉****,08-7*****,
38,蔣家煌,107年縣(市)議員選舉,首次申報,1071030,營利事業捐贈收入,松河電機企業股份有限公司,89376535,66000.00,0.00,,金錢,屏東縣屏東市****,08-7*****,
39,蔣家煌,107年縣(市)議員選舉,首次申報,1071030,個人捐贈收入,趙浩然,L12*******,6000.00,0.00,,金錢,臺中市大肚區****,0937*****,
40,蔣家煌,107年縣(市)議員選舉,首次申報,1071030,個人捐贈收入,林俊宏,Q12*******,50000.00,0.00,,金錢,屏東縣屏東市****,0912*****,
41,蔣家煌,107年縣(市)議員選舉,首次申報,1071030,個人捐贈收入,林國榮,T12*******,10000.00,0.00,,金錢,屏東縣內埔鄉****,0935*****,
42,蔣家煌,107年縣(市)議員選舉,首次申報,1071030,個人捐贈收入,古秀香,T20*******,12000.00,0.00,,金錢,屏東縣屏東市****,0932*****,
43,蔣家煌,107年縣(市)議員選舉,首次申報,1071031,個人捐贈收入,林明俊,T10*******,10000.00,0.00,,金錢,屏東縣屏東市****,0988*****,
44,蔣家煌,107年縣(市)議員選舉,首次申報,1071031,個人捐贈收入,邱智雄,T12*******,10000.00,0.00,,金錢,屏東縣屏東市****,,
45,蔣家煌,107年縣(市)議員選舉,首次申報,1071031,個人捐贈收入,林宗智,T12*******,10000.00,0.00,,金錢,屏東縣屏東市****,,
46,蔣家煌,107年縣(市)議員選舉,首次申報,1071101,個人捐贈收入,朱振豐,E12*******,50000.00,0.00,,金錢,高雄市苓雅區****,08-7*****,
47,蔣家煌,107年縣(市)議員選舉,首次申報,1071102,營利事業捐贈收入,雍東加油站有限公司,12921229,50000.00,0.00,,金錢,屏東縣屏東市****,08-7*****,
48,蔣家煌,107年縣(市)議員選舉,首次申報,1071102,個人捐贈收入,汪呂寶蕉,Q20*******,100000.00,0.00,,金錢,屏東縣屏東市****,08-7*****,
49,蔣家煌,107年縣(市)議員選舉,首次申報,1071102,個人捐贈收入,陳盈利,T12*******,10000.00,0.00,,金錢,屏東縣屏東市****,08-7*****,
50,蔣家煌,107年縣(市)議員選舉,首次申報,1071103,個人捐贈收入,吳勝智,T12*******,10000.00,0.00,,金錢,屏東縣屏東市****,0912*****,
51,蔣家煌,107年縣(市)議員選舉,首次申報,1071103,個人捐贈收入,沈王桂珠,T20*******,50000.00,0.00,,金錢,屏東縣屏東市****,08-7*****,
52,蔣家煌,107年縣(市)議員選舉,首次申報,1071106,營利事業捐贈收入,中洲建設有限公司,89265664,150000.00,0.00,,金錢,高雄市新興區****,08-7*****,
53,蔣家煌,107年縣(市)議員選舉,首次申報,1071108,營利事業捐贈收入,佳源工程股份有限公司,90240500,50000.00,0.00,,金錢,屏東縣麟洛鄉****,08-7*****,
54,蔣家煌,107年縣(市)議員選舉,首次申報,1071108,個人捐贈收入,蘇貴煌,T12*******,80000.00,0.00,,金錢,屏東縣屏東市****,08-7*****,
55,蔣家煌,107年縣(市)議員選舉,首次申報,1071108,個人捐贈收入,曾彥勳,T12*******,20000.00,0.00,,金錢,屏東縣屏東市****,08-7*****,
56,蔣家煌,107年縣(市)議員選舉,首次申報,1071109,個人捐贈收入,鄭世川,T12*******,100000.00,0.00,,金錢,屏東縣九如鄉****,08-7*****,
57,蔣家煌,107年縣(市)議員選舉,首次申報,1071112,營利事業捐贈收入,永晉冠金屬股份有限公司,12838186,100000.00,0.00,,金錢,屏東縣屏東市****,08-7*****,
58,蔣家煌,107年縣(市)議員選舉,首次申報,1071113,個人捐贈收入,洪振華,T12*******,20000.00,0.00,,金錢,屏東縣屏東市****,0932*****,
59,蔣家煌,107年縣(市)議員選舉,首次申報,1071114,個人捐贈收入,董嘉雄,T10*******,10000.00,0.00,,金錢,屏東縣長治鄉****,0921*****,
60,蔣家煌,107年縣(市)議員選舉,首次申報,1071114,個人捐贈收入,徐瑞崗,T12*******,50000.00,0.00,,金錢,屏東縣麟洛鄉****,0937*****,
61,蔣家煌,107年縣(市)議員選舉,首次申報,1071114,個人捐贈收入,郭志忠,T12*******,50000.00,0.00,,金錢,屏東縣屏東市****,0989*****,
62,蔣家煌,107年縣(市)議員選舉,首次申報,1071115,個人捐贈收入,吳崑糖,Q10*******,60000.00,0.00,,金錢,屏東縣屏東市****,0928*****,
63,蔣家煌,107年縣(市)議員選舉,首次申報,1071115,個人捐贈收入,施丞貴,T12*******,50000.00,0.00,,金錢,屏東縣屏東市****,0932*****,
64,蔣家煌,107年縣(市)議員選舉,首次申報,1071122,個人捐贈收入,王英樵,D12*******,50000.00,0.00,,金錢,臺南市安定區****,0982*****,
65,蔣家煌,107年縣(市)議員選舉,首次申報,1071122,個人捐贈收入,朱素芳,T22*******,100000.00,0.00,,金錢,屏東縣屏東市****,08-7*****,
66,蔣家煌,107年縣(市)議員選舉,首次申報,1071220,其他收入,利息收入,,30.00,0.00,,金錢,,,
