﻿序號,擬參選人／政黨,選舉名稱,申報序號／年度,交易日期,收支科目,捐贈者／支出對象,身分證／統一編號,收入金額,支出金額,支出用途,金錢類,地址,聯絡電話,資料更正日期
1,楊宗澧,109年立法委員選舉,首次申報,1080619,雜支支出,7-11,84896987,0.00,162.00,文具用品費用,金錢,,,
2,楊宗澧,109年立法委員選舉,首次申報,1080619,雜支支出,7-11,84896987,0.00,96.00,文具用品費用,金錢,,,
3,楊宗澧,109年立法委員選舉,首次申報,1080619,宣傳支出,徐淑娟,D22*******,0.00,5000.00,製作競選物品支出化妝費,金錢,,,
4,楊宗澧,109年立法委員選舉,首次申報,1080622,雜支支出,錦秀旅行社,61796563,0.00,697.00,旅平險,金錢,,,
5,楊宗澧,109年立法委員選舉,首次申報,1080628,交通旅運支出,大道通運有限公司,19051020,0.00,10000.00,租車,金錢,,,
6,楊宗澧,109年立法委員選舉,首次申報,1080704,雜支支出,中華電信,82536733,0.00,1500.00,雜項購置或修繕費用,金錢,,,
7,楊宗澧,109年立法委員選舉,首次申報,1080707,雜支支出,三民鎖匙店,05375575,0.00,285.00,文具用品費用,金錢,,,
8,楊宗澧,109年立法委員選舉,首次申報,1080708,雜支支出,欣洋電子材料,80596988,0.00,376.00,雜項購置或修繕費用,金錢,,,
9,楊宗澧,109年立法委員選舉,首次申報,1080708,租用競選辦事處支出,陳宏達,B12*******,0.00,20000.00,租金,金錢,臺中市北區****,,
10,楊宗澧,109年立法委員選舉,首次申報,1080708,租用競選辦事處支出,陳宏達,B12*******,0.00,20000.00,押金抵裝潢費用,金錢,臺中市北區北****,,
11,楊宗澧,109年立法委員選舉,首次申報,1080708,租用競選辦事處支出,陳宏達,B12*******,0.00,20000.00,押金沒收,金錢,臺中市北區北****,,
12,楊宗澧,109年立法委員選舉,首次申報,1080708,宣傳支出,王碧玲,N20*******,0.00,20000.00,租用廣告看板或車體廣告支出,金錢,臺中市北區北****,,
13,楊宗澧,109年立法委員選舉,首次申報,1080708,宣傳支出,王碧玲,N20*******,0.00,13000.00,租用廣告看板或車體廣告支出,金錢,臺中市北區北****,,
14,楊宗澧,109年立法委員選舉,首次申報,1080708,宣傳支出,王碧玲,N20*******,0.00,2750.00,租用廣告看板或車體廣告支出,金錢,臺中市北區北****,,
15,楊宗澧,109年立法委員選舉,首次申報,1080709,雜支支出,元華電子,06076189,0.00,90.00,雜項購置或修繕費用,金錢,,,
16,楊宗澧,109年立法委員選舉,首次申報,1080711,交通旅運支出,福懋加油站,13415571,0.00,1525.00,油資,金錢,,,
17,楊宗澧,109年立法委員選舉,首次申報,1080712,交通旅運支出,順豐資產管理,41115195,0.00,250.00,停車費,金錢,,,
18,楊宗澧,109年立法委員選舉,首次申報,1080712,宣傳支出,王紘,B12*******,0.00,3200.00,製作競選物品支出攝影,金錢,,,
19,楊宗澧,109年立法委員選舉,首次申報,1080712,宣傳支出,謝沛汝,F22*******,0.00,3000.00,製作競選物品支出拍照化妝,金錢,,,
20,楊宗澧,109年立法委員選舉,首次申報,1080715,雜支支出,IKEA,54284187,0.00,3504.00,雜項購置或修繕費用,金錢,,,
21,楊宗澧,109年立法委員選舉,首次申報,1080722,交通旅運支出,福懋加油站,13415571,0.00,50.00,油資,金錢,,,
22,楊宗澧,109年立法委員選舉,首次申報,1080722,集會支出,興展商行,39850303,0.00,320.00,餐飲支出,金錢,,,
23,楊宗澧,109年立法委員選舉,首次申報,1080722,雜支支出,興展商行,39850303,0.00,25.00,餐飲費用,金錢,,,
24,楊宗澧,109年立法委員選舉,首次申報,1080722,交通旅運支出,泰欣租車,53837437,0.00,1000.00,搭乘交通工具支出,金錢,,,
25,楊宗澧,109年立法委員選舉,首次申報,1080722,交通旅運支出,中油,77209822,0.00,200.00,油資,金錢,,,
26,楊宗澧,109年立法委員選舉,首次申報,1080722,雜支支出,7-11,89283966,0.00,833.00,餐飲費用,金錢,,,
27,楊宗澧,109年立法委員選舉,首次申報,1080723,雜支支出,振揚書局,87623362,0.00,140.00,文具用品費用,金錢,,,
28,楊宗澧,109年立法委員選舉,首次申報,1080723,雜支支出,振揚書局,87623362,0.00,140.00,文具用品費用,金錢,,,
29,楊宗澧,109年立法委員選舉,首次申報,1080724,雜支支出,冠容電器有限公司,23573676,0.00,17000.00,汽機車燃料費用,金錢,,,
30,楊宗澧,109年立法委員選舉,首次申報,1080724,雜支支出,台灣佳光電訊股份有限公司,97173528,0.00,7200.00,安裝網路,金錢,,,
31,楊宗澧,109年立法委員選舉,首次申報,1080725,雜支支出,全國電子,16320583,0.00,1198.00,雜項購置或修繕費用,金錢,,,
32,楊宗澧,109年立法委員選舉,首次申報,1080730,宣傳支出,郵局,03741302,0.00,28.00,郵寄競選物品或宣傳廣告支出,金錢,,,
33,楊宗澧,109年立法委員選舉,首次申報,1080731,宣傳支出,台灣連線股份有限公司,24556886,0.00,756.00,製作宣傳廣告支出,金錢,,,
34,楊宗澧,109年立法委員選舉,首次申報,1080731,雜支支出,振宇五金,42680057,0.00,471.00,文具用品費用,金錢,,,
35,楊宗澧,109年立法委員選舉,首次申報,1080731,集會支出,北屯後山飯小吃店,99381369,0.00,775.00,餐飲支出,金錢,,,
36,楊宗澧,109年立法委員選舉,首次申報,1080801,宣傳支出,台灣連線股份有限公司,24556886,0.00,840.00,製作宣傳廣告支出,金錢,,,
37,楊宗澧,109年立法委員選舉,首次申報,1080801,集會支出,冠俊生活館,53812436,0.00,930.00,餐飲支出,金錢,,,
38,楊宗澧,109年立法委員選舉,首次申報,1080801,雜支支出,藍新科技,70565326,0.00,915.00,手續費,金錢,,,
39,楊宗澧,109年立法委員選舉,首次申報,1080801,交通旅運支出,國光客運,70810572,0.00,270.00,搭乘交通工具支出,金錢,,,
40,楊宗澧,109年立法委員選舉,首次申報,1080801,雜支支出,大立鎖匙,77938286,0.00,1000.00,雜項購置或修繕費用,金錢,,,
41,楊宗澧,109年立法委員選舉,首次申報,1080801,雜支支出,全聯,80353482,0.00,554.00,餐飲費用,金錢,,,
42,楊宗澧,109年立法委員選舉,首次申報,1080802,宣傳支出,郵局,03741302,0.00,280.00,郵寄競選物品或宣傳廣告支出,金錢,,,
43,楊宗澧,109年立法委員選舉,首次申報,1080803,交通旅運支出,福懋加油站,98961895,0.00,535.00,油資,金錢,,,
44,楊宗澧,109年立法委員選舉,首次申報,1080804,雜支支出,家樂福,27242868,0.00,529.00,餐飲費用,金錢,,,
45,楊宗澧,109年立法委員選舉,首次申報,1080806,宣傳支出,默契有限公司,80462708,0.00,35000.00,製作競選物品支出宣傳品設計費,金錢,臺中市西屯區****,,
46,楊宗澧,109年立法委員選舉,首次申報,1080807,雜支支出,北屯報社,,0.00,240.00,書報雜誌費用,金錢,臺中市北屯區****,,
47,楊宗澧,109年立法委員選舉,首次申報,1080807,雜支支出,富揚文化,28904372,0.00,332.00,文具用品費用,金錢,,,
48,楊宗澧,109年立法委員選舉,首次申報,1080807,租用競選辦事處支出,陳宏達,B12*******,0.00,20000.00,辦公室房租,金錢,臺中市北屯區****,,
49,楊宗澧,109年立法委員選舉,首次申報,1080808,雜支支出,社團法人台灣基地協會,39880587,0.00,700.00,捐款,金錢,,,
50,楊宗澧,109年立法委員選舉,首次申報,1080812,集會支出,逸鄉園,70436479,0.00,1880.00,餐飲支出,金錢,,,
51,楊宗澧,109年立法委員選舉,首次申報,1080812,宣傳支出,石明謹,C12*******,0.00,2000.00,演講或表演支出,金錢,,,
52,楊宗澧,109年立法委員選舉,首次申報,1080813,宣傳支出,郵局,03741302,0.00,736.00,郵寄競選物品或宣傳廣告支出,金錢,,,
53,楊宗澧,109年立法委員選舉,首次申報,1080813,雜支支出,PCHOME,16606102,0.00,1365.00,雜項購置或修繕費用,金錢,,,
54,楊宗澧,109年立法委員選舉,首次申報,1080813,雜支支出,寶雅,43197073,0.00,36.00,文具用品費用,金錢,,,
55,楊宗澧,109年立法委員選舉,首次申報,1080813,雜支支出,寶雅,43197073,0.00,175.00,文具用品費用,金錢,,,
56,楊宗澧,109年立法委員選舉,首次申報,1080813,雜支支出,7-11,70796494,0.00,49.00,餐飲費用,金錢,,,
57,楊宗澧,109年立法委員選舉,首次申報,1080813,雜支支出,啟發鎖印店,77601213,0.00,230.00,文具用品費用,金錢,,,
58,楊宗澧,109年立法委員選舉,首次申報,1080814,交通旅運支出,中油,02980753,0.00,800.00,油資,金錢,,,
59,楊宗澧,109年立法委員選舉,首次申報,1080814,雜支支出,愛之船玩具行,18362588,0.00,500.00,雜項購置或修繕費用,金錢,,,
60,楊宗澧,109年立法委員選舉,首次申報,1080814,雜支支出,全聯,80353482,0.00,904.00,雜項購置或修繕費用,金錢,,,
61,楊宗澧,109年立法委員選舉,首次申報,1080815,雜支支出,寶今行銷,25065649,0.00,248.00,雜項購置或修繕費用,金錢,,,
62,楊宗澧,109年立法委員選舉,首次申報,1080815,雜支支出,丸旬時所,38959255,0.00,500.00,餐飲費用,金錢,,,
63,楊宗澧,109年立法委員選舉,首次申報,1080815,雜支支出,丸旬時所,38959255,0.00,270.00,餐飲費用,金錢,,,
64,楊宗澧,109年立法委員選舉,首次申報,1080815,集會支出,德發飲食店,52283633,0.00,750.00,餐飲支出,金錢,,,
65,楊宗澧,109年立法委員選舉,首次申報,1080816,雜支支出,金冠商店,47265163,0.00,700.00,文具用品費用,金錢,,,
66,楊宗澧,109年立法委員選舉,首次申報,1080817,集會支出,達美樂,27750906,0.00,799.00,餐飲支出,金錢,,,
67,楊宗澧,109年立法委員選舉,首次申報,1080817,雜支支出,振宇五金,42680057,0.00,208.00,文具用品費用,金錢,,,
68,楊宗澧,109年立法委員選舉,首次申報,1080818,雜支支出,7-11,16844195,0.00,78.00,文具用品費用,金錢,,,
69,楊宗澧,109年立法委員選舉,首次申報,1080818,集會支出,三輪車手作烘培坊,47463332,0.00,4500.00,餐飲支出,金錢,,,
70,楊宗澧,109年立法委員選舉,首次申報,1080819,交通旅運支出,福懋加油站,13415571,0.00,1275.00,油資,金錢,,,
71,楊宗澧,109年立法委員選舉,首次申報,1080820,雜支支出,中華電信,52003801,0.00,23.00,電話費,金錢,,,
72,楊宗澧,109年立法委員選舉,首次申報,1080822,集會支出,好運來事業股份有限公司,60271364,0.00,3888.00,餐飲支出,金錢,,,
73,楊宗澧,109年立法委員選舉,首次申報,1080823,雜支支出,金冠商行,47265163,0.00,245.00,文具用品費用,金錢,,,
74,楊宗澧,109年立法委員選舉,首次申報,1080825,宣傳支出,巧思影像輸出社,38866192,0.00,9965.00,製作宣傳廣告支出,金錢,,,
75,楊宗澧,109年立法委員選舉,首次申報,1080827,交通旅運支出,中油,02980753,0.00,1178.00,油資,金錢,,,
76,楊宗澧,109年立法委員選舉,首次申報,1080827,交通旅運支出,盛香投資,45149040,0.00,10.00,停車費,金錢,,,
77,楊宗澧,109年立法委員選舉,首次申報,1080827,交通旅運支出,盛香投資,45149040,0.00,10.00,停車費,金錢,,,
78,楊宗澧,109年立法委員選舉,首次申報,1080831,雜支支出,台新銀行,86519539,0.00,50.00,匯款手續費,金錢,,,
79,楊宗澧,109年立法委員選舉,首次申報,1080901,雜支支出,北屯報社,,0.00,300.00,書報雜誌費用,金錢,臺中市北屯區****,,
80,楊宗澧,109年立法委員選舉,首次申報,1080901,雜支支出,藍新科技,70565326,0.00,1094.00,手續費,金錢,,,
81,楊宗澧,109年立法委員選舉,首次申報,1080910,雜支支出,德發飲食店,52283633,0.00,2000.00,餐飲費用,金錢,,,
82,楊宗澧,109年立法委員選舉,首次申報,1080910,租用競選辦事處支出,陳宏達,B12*******,0.00,20000.00,租用競選辦事處費用,金錢,臺中市北區北****,,
83,楊宗澧,109年立法委員選舉,首次申報,1080912,雜支支出,剛好冰果室,40560210,0.00,505.00,餐飲費用,金錢,,,
84,楊宗澧,109年立法委員選舉,首次申報,1080912,雜支支出,全聯,80353482,0.00,450.00,餐飲費用,金錢,,,
85,楊宗澧,109年立法委員選舉,首次申報,1080912,雜支支出,拿坡里,97308477,0.00,836.00,餐飲費用,金錢,,,
86,楊宗澧,109年立法委員選舉,首次申報,1080915,宣傳支出,莊瑋民,G12*******,0.00,3000.00,製作競選物品支出影像製作,金錢,,,
87,楊宗澧,109年立法委員選舉,首次申報,1080915,宣傳支出,賴柏嘉,L12*******,0.00,3000.00,製作競選物品支出影片製作,金錢,,,
88,楊宗澧,109年立法委員選舉,首次申報,1080917,雜支支出,陳宏達,B12*******,0.00,1660.00,電費,金錢,臺中市北區北****,,
89,楊宗澧,109年立法委員選舉,首次申報,1080917,宣傳支出,張桂銖,U22*******,0.00,10000.00,製作競選物品支出設計費,金錢,,,
90,楊宗澧,109年立法委員選舉,首次申報,1080920,宣傳支出,默契有限公司,80462708,0.00,30000.00,宣傳品設計費,金錢,,,
91,楊宗澧,109年立法委員選舉,首次申報,1080924,集會支出,大吉龍,47532197,0.00,600.00,餐飲支出,金錢,,,
92,楊宗澧,109年立法委員選舉,首次申報,1080925,宣傳支出,台灣連線股份有限公司,24556886,0.00,840.00,製作宣傳廣告支出,金錢,,,
93,楊宗澧,109年立法委員選舉,首次申報,1080925,雜支支出,中華電信,52003801,0.00,81.00,電話費,金錢,,,
94,楊宗澧,109年立法委員選舉,首次申報,1080925,人事費用支出,陳亮羽,L22*******,0.00,38554.00,工資或薪津,金錢,臺中市西區精****,,
95,楊宗澧,109年立法委員選舉,首次申報,1080925,人事費用支出,鄭婉宇,N22*******,0.00,38554.00,工資或薪津,金錢,彰化縣北斗鎮****,,
96,楊宗澧,109年立法委員選舉,首次申報,1080926,雜支支出,健保局,,0.00,4762.00,健保費,金錢,臺中市西屯區****,,
97,楊宗澧,109年立法委員選舉,首次申報,1080926,雜支支出,PCHOME,16606102,0.00,2499.00,雜項購置或修繕費用,金錢,,,
98,楊宗澧,109年立法委員選舉,首次申報,1080930,雜支支出,台新銀行,86519539,0.00,45.00,匯款手續費,金錢,,,
99,楊宗澧,109年立法委員選舉,首次申報,1080930,雜支支出,台新銀行,86519539,0.00,30.00,匯款手續費,金錢,,,
100,楊宗澧,109年立法委員選舉,首次申報,1081001,雜支支出,藍新科技,70565326,0.00,677.00,手續費,金錢,,,
101,楊宗澧,109年立法委員選舉,首次申報,1081018,人事費用支出,陳亮羽,L22*******,0.00,38554.00,薪資,金錢,臺中市西區精****,,
102,楊宗澧,109年立法委員選舉,首次申報,1081018,人事費用支出,鄭婉宇,N22*******,0.00,38554.00,工資或薪津,金錢,彰化縣北斗鎮****,,
103,楊宗澧,109年立法委員選舉,首次申報,1081022,宣傳支出,悅翔數位印刷有限公司,28364136,0.00,13544.00,製作競選物品支出印刷品,金錢,臺中市西區忠****,,
104,楊宗澧,109年立法委員選舉,首次申報,1081115,雜支支出,健保局,,0.00,4762.00,健保費,金錢,臺中市西屯區****,,
105,楊宗澧,109年立法委員選舉,首次申報,1081115,雜支支出,勞保局,,0.00,8314.00,-勞保費,金錢,臺北市中正區****,,
106,楊宗澧,109年立法委員選舉,首次申報,1081115,雜支支出,7-11,53012167,0.00,8.00,文具用品費用,金錢,,,
107,楊宗澧,109年立法委員選舉,首次申報,1081119,宣傳支出,默契有限公司,80462708,0.00,35000.00,製作競選物品支出設計費,金錢,臺中市西屯區****,,
