﻿序號,擬參選人／政黨,選舉名稱,申報序號／年度,交易日期,收支科目,捐贈者／支出對象,身分證／統一編號,收入金額,支出金額,捐贈方式,存入專戶日期,返還/繳庫,支出用途,金錢類,地址,聯絡電話,應揭露之支出對象,支出對象之內部人員姓名,支出對象之內部人員職稱,政黨之內部人員姓名,政黨之內部人員職稱,關係,更正註記,資料更正日期
1,石美智,111年花蓮縣光復鄉鄉民代表選舉,首次申報,1110915,宣傳支出,和平製印社,,0.00,11000.00,,,,製作競選物品或宣傳廣告費用（物品名稱-制服）、帆布,金錢,花蓮縣花蓮市****,,否,,,,,,,
2,石美智,111年花蓮縣光復鄉鄉民代表選舉,首次申報,1110916,宣傳支出,和平製印社,,0.00,5000.00,,,,製作競選物品或宣傳廣告費用（物品名稱-看板）,金錢,花蓮縣花蓮市****,,否,,,,,,,
3,石美智,111年花蓮縣光復鄉鄉民代表選舉,首次申報,1111025,宣傳支出,和平製印社,,0.00,7500.00,,,,製作競選物品或宣傳廣告費用（物品名稱-邀請卡）,金錢,花蓮縣花蓮市****,,否,,,,,,,
4,石美智,111年花蓮縣光復鄉鄉民代表選舉,首次申報,1111028,宣傳支出,和平製印社,,0.00,20250.00,,,,製作競選物品或宣傳廣告費用（物品名稱-旗幟、制服）,金錢,花蓮縣花蓮市****,,否,,,,,,,
5,石美智,111年花蓮縣光復鄉鄉民代表選舉,首次申報,1111125,宣傳支出,海棠事業社,30184223,0.00,57700.00,,,,租用廣告看板或車體廣告費用,金錢,花蓮縣光復鄉****,,否,,,,,,,
6,石美智,111年花蓮縣光復鄉鄉民代表選舉,首次申報,1111127,宣傳支出,和平製印社,,0.00,5400.00,,,,製作競選物品或宣傳廣告費用（物品名稱-彩球）,金錢,花蓮縣花蓮市****,,否,,,,,,,
