﻿序號,擬參選人／政黨,選舉名稱,申報序號／年度,交易日期,收支科目,捐贈者／支出對象,身分證／統一編號,收入金額,支出金額,支出用途,金錢類,地址,聯絡電話,資料更正日期
1,方信淵,107年直轄市議員選舉,首次申報,1070731,個人捐贈收入,黃復才,S12*******,80000.00,0.00,,金錢,高雄市岡山區****,0978*****,
2,方信淵,107年直轄市議員選舉,首次申報,1070806,個人捐贈收入,王正宏,E12*******,16800.00,0.00,,金錢,臺南市仁德區****,0978*****,
3,方信淵,107年直轄市議員選舉,首次申報,1070820,個人捐贈收入,甘麗美,E22*******,8888.00,0.00,,金錢,高雄市岡山區****,0919*****,
4,方信淵,107年直轄市議員選舉,首次申報,1070830,個人捐贈收入,方柏仁,S12*******,30000.00,0.00,,非金錢,高雄市橋頭區****,0986*****,
5,方信淵,107年直轄市議員選舉,首次申報,1070905,營利事業捐贈收入,閩通實業有限公司,24514562,50000.00,0.00,,金錢,高雄市橋頭區****,07-6*****,
6,方信淵,107年直轄市議員選舉,首次申報,1070905,個人捐贈收入,葉慧敏,E29*******,3000.00,0.00,,金錢,高雄市三民區****,0916*****,
7,方信淵,107年直轄市議員選舉,首次申報,1070917,匿名捐贈,匿名,,147.00,0.00,,金錢,,,
8,方信淵,107年直轄市議員選舉,首次申報,1070926,個人捐贈收入,林秋埤,E10*******,8000.00,0.00,,金錢,高雄市楠梓區****,0987*****,
9,方信淵,107年直轄市議員選舉,首次申報,1070926,個人捐贈收入,張國欽,S12*******,20000.00,0.00,,金錢,高雄市燕巢區****,0913*****,
10,方信淵,107年直轄市議員選舉,首次申報,1070926,個人捐贈收入,陸建銘,S12*******,100000.00,0.00,,金錢,高雄市岡山區****,0929*****,
11,方信淵,107年直轄市議員選舉,首次申報,1071009,營利事業捐贈收入,琨慶鋼管鐵材有限公司,70598939,50000.00,0.00,,金錢,高雄市梓官區****,,
12,方信淵,107年直轄市議員選舉,首次申報,1071009,個人捐贈收入,郭寶琴,D22*******,2000.00,0.00,,金錢,臺南市佳里區****,0933*****,
13,方信淵,107年直轄市議員選舉,首次申報,1071009,個人捐贈收入,張和建,L10*******,10000.00,0.00,,金錢,高雄市橋頭區****,0914*****,
14,方信淵,107年直轄市議員選舉,首次申報,1071009,個人捐贈收入,吳青峰,R12*******,5000.00,0.00,,金錢,高雄市橋頭區****,0910*****,
15,方信淵,107年直轄市議員選舉,首次申報,1071009,個人捐贈收入,孫淑美,S20*******,3000.00,0.00,,金錢,高雄市橋頭區****,0919*****,
16,方信淵,107年直轄市議員選舉,首次申報,1071009,個人捐贈收入,洪慧星,T12*******,3000.00,0.00,,金錢,高雄市橋頭區****,0926*****,
17,方信淵,107年直轄市議員選舉,首次申報,1071009,個人捐贈收入,徐毓隆,T12*******,60000.00,0.00,,金錢,高雄市鳥松區****,08-7*****,
18,方信淵,107年直轄市議員選舉,首次申報,1071009,個人捐贈收入,吳州香,T22*******,3600.00,0.00,,金錢,高雄市橋頭區****,0953*****,
19,方信淵,107年直轄市議員選舉,首次申報,1071016,個人捐贈收入,陳致富,S12*******,50000.00,0.00,,金錢,高雄市燕巢區****,0933*****,
20,方信淵,107年直轄市議員選舉,首次申報,1071016,個人捐贈收入,陳林秀琴,S20*******,5000.00,0.00,,金錢,高雄市橋頭區****,07-6*****,
21,方信淵,107年直轄市議員選舉,首次申報,1071016,個人捐贈收入,溫秀琴,S22*******,2000.00,0.00,,金錢,高雄市橋頭區****,0937*****,
22,方信淵,107年直轄市議員選舉,首次申報,1071018,營利事業捐贈收入,東源實業股份有限公司,54209863,40000.00,0.00,,金錢,高雄市橋頭區****,,
23,方信淵,107年直轄市議員選舉,首次申報,1071018,營利事業捐贈收入,大湖製磚股份有限公司,88015204,60000.00,0.00,,金錢,高雄市橋頭區****,07-6*****,
24,方信淵,107年直轄市議員選舉,首次申報,1071024,個人捐贈收入,楊晋源,S12*******,10000.00,0.00,,金錢,高雄市橋頭區****,0983*****,
25,方信淵,107年直轄市議員選舉,首次申報,1071024,個人捐贈收入,范麗如,S22*******,10000.00,0.00,,金錢,高雄市楠梓區****,0912*****,
26,方信淵,107年直轄市議員選舉,首次申報,1071030,個人捐贈收入,洪平森,E10*******,50000.00,0.00,,金錢,高雄市三民區****,07-3*****,
27,方信淵,107年直轄市議員選舉,首次申報,1071030,個人捐贈收入,蔡德昌,E12*******,100000.00,0.00,,金錢,高雄市三民區****,07-2*****,
28,方信淵,107年直轄市議員選舉,首次申報,1071030,個人捐贈收入,李佳霖,S12*******,5000.00,0.00,,金錢,高雄市岡山區****,07-6*****,
29,方信淵,107年直轄市議員選舉,首次申報,1071030,個人捐贈收入,陳景柏,S12*******,50000.00,0.00,,金錢,高雄市鳥松區****,07-6*****,
30,方信淵,107年直轄市議員選舉,首次申報,1071030,個人捐贈收入,陳怡廷,S22*******,100000.00,0.00,,金錢,高雄市岡山區****,07-6*****,
31,方信淵,107年直轄市議員選舉,首次申報,1071030,個人捐贈收入,鄭秀真,S22*******,50000.00,0.00,,金錢,高雄市岡山區****,07-6*****,
32,方信淵,107年直轄市議員選舉,首次申報,1071030,個人捐贈收入,施財明,T12*******,50000.00,0.00,,金錢,高雄市鼓山區****,07-5*****,
33,方信淵,107年直轄市議員選舉,首次申報,1071102,營利事業捐贈收入,東徽企業股份有限公司,88663329,200000.00,0.00,,金錢,岡燕路號****,07-6*****,
34,方信淵,107年直轄市議員選舉,首次申報,1071106,營利事業捐贈收入,萬事達國際旅行社有限公司,89276803,100000.00,0.00,,金錢,高雄市三民區****,07-3*****,
35,方信淵,107年直轄市議員選舉,首次申報,1071106,個人捐贈收入,高如峰,S12*******,100000.00,0.00,,金錢,高雄市橋頭區****,0910*****,
36,方信淵,107年直轄市議員選舉,首次申報,1071106,個人捐贈收入,白杏華,S22*******,100000.00,0.00,,金錢,高雄市橋頭區****,07-6*****,
37,方信淵,107年直轄市議員選舉,首次申報,1071109,個人捐贈收入,李玉文,J12*******,100000.00,0.00,,金錢,高雄市三民區****,0956*****,
38,方信淵,107年直轄市議員選舉,首次申報,1071113,個人捐贈收入,陳繼志,S12*******,20000.00,0.00,,金錢,高雄市岡山區****,07-6*****,
39,方信淵,107年直轄市議員選舉,首次申報,1071114,匿名捐贈,匿名,,2000.00,0.00,,金錢,,,
40,方信淵,107年直轄市議員選舉,首次申報,1071116,個人捐贈收入,李文能,S10*******,10000.00,0.00,,金錢,高雄市梓官區****,0932*****,
41,方信淵,107年直轄市議員選舉,首次申報,1071116,個人捐贈收入,陸寶驎,S10*******,20000.00,0.00,,金錢,高雄市橋頭區****,0912*****,
42,方信淵,107年直轄市議員選舉,首次申報,1071120,個人捐贈收入,余仙才,S10*******,3000.00,0.00,,金錢,高雄市岡山區****,0960*****,
43,方信淵,107年直轄市議員選舉,首次申報,1071123,營利事業捐贈收入,福安汽車商行,36718180,88000.00,0.00,,非金錢,民主街號樓****,07-6*****,
44,方信淵,107年直轄市議員選舉,首次申報,1071123,個人捐贈收入,王三貴,S10*******,3000.00,0.00,,金錢,高雄市橋頭區****,0911*****,
45,方信淵,107年直轄市議員選舉,首次申報,1071123,個人捐贈收入,方揚盛,S12*******,24000.00,0.00,,非金錢,高雄市橋頭區****,0939*****,
46,方信淵,107年直轄市議員選舉,首次申報,1071123,個人捐贈收入,高陳矮,S20*******,2000.00,0.00,,金錢,高雄市橋頭區****,07-6*****,
47,方信淵,107年直轄市議員選舉,首次申報,1071221,其他收入,利息收入,,5.00,0.00,,金錢,,,
