﻿序號,擬參選人／政黨,選舉名稱,申報序號／年度,交易日期,收支科目,捐贈者／支出對象,身分證／統一編號,收入金額,支出金額,捐贈方式,存入專戶日期,返還/繳庫,支出用途,金錢類,地址,聯絡電話,應揭露之支出對象,支出對象之內部人員姓名,支出對象之內部人員職稱,政黨之內部人員姓名,政黨之內部人員職稱,關係,更正註記,資料更正日期
1,柯銓泰,111年臺南市東區裕聖里里長選舉,首次申報,1111001,宣傳支出,潘國美,,0.00,30000.00,,,,廣告招牌設置,金錢,臺南市歸仁區****,,否,,,,,,,
2,柯銓泰,111年臺南市東區裕聖里里長選舉,首次申報,1111023,雜支支出,洪榮川,,0.00,28000.00,,,,舞台費用,金錢,臺南市南區大****,,否,,,,,,,
3,柯銓泰,111年臺南市東區裕聖里里長選舉,首次申報,1111023,雜支支出,吳菁蓉,,0.00,25000.00,,,,臨時打工費用支出,金錢,臺南市中西區****,,否,,,,,,,
4,柯銓泰,111年臺南市東區裕聖里里長選舉,首次申報,1111120,雜支支出,謝錦在,,0.00,25000.00,,,,餐飲費用,金錢,臺南市東區富****,,否,,,,,,,
