﻿序號,擬參選人／政黨,選舉名稱,申報序號／年度,交易日期,收支科目,捐贈者／支出對象,身分證／統一編號,收入金額,支出金額,支出用途,金錢類,地址,聯絡電話,資料更正日期
1,凃淑媚,107年縣(市)議員選舉,首次申報,1070817,雜支支出,員村加油站股份有限公司員村和美加油站,73970550,0.00,100.00,汽機車燃料費用,金錢,彰化縣和美鎮****,,
2,凃淑媚,107年縣(市)議員選舉,首次申報,1070823,雜支支出,台糖加油站,14860590,0.00,1000.00,汽機車燃料費用,金錢,彰化縣溪湖鎮****,,
3,凃淑媚,107年縣(市)議員選舉,首次申報,1070825,雜支支出,龍旺旺百貨物流有限公司,45633120,0.00,379.00,五金用品,金錢,彰化縣鹿港鎮****,,
4,凃淑媚,107年縣(市)議員選舉,首次申報,1070828,雜支支出,台糖加油站,14860590,0.00,1104.00,汽機車燃料費用,金錢,彰化縣溪湖鎮****,,
5,凃淑媚,107年縣(市)議員選舉,首次申報,1070830,雜支支出,龍旺旺百貨物流有限公司,45633120,0.00,180.00,五金用品,金錢,彰化縣鹿港鎮****,,
6,凃淑媚,107年縣(市)議員選舉,首次申報,1070831,公共關係費用支出,德利,59213113,0.00,16000.00,為民服務費用,金錢,彰化縣鹿港鎮****,,
7,凃淑媚,107年縣(市)議員選舉,首次申報,1070831,人事費用支出,洪麗玲,N22*******,0.00,25000.00,工資或薪津,金錢,彰化縣鹿港鎮****,0933*****,
8,凃淑媚,107年縣(市)議員選舉,首次申報,1070901,雜支支出,台灣中油股份有限公司油品行銷事業部台中營業處彰化中華,58075318,0.00,1078.00,汽機車燃料費用,金錢,彰化縣彰化市****,,
9,凃淑媚,107年縣(市)議員選舉,首次申報,1070901,雜支支出,鎰順五金行,78618162,0.00,150.00,製作宣傳廣告支出,金錢,彰化縣鹿港鎮****,0477*****,
10,凃淑媚,107年縣(市)議員選舉,首次申報,1070901,宣傳支出,天喜派報社,99853199,0.00,3000.00,製作宣傳廣告支出,金錢,彰化縣鹿港鎮****,0477*****,
11,凃淑媚,107年縣(市)議員選舉,首次申報,1070902,雜支支出,全聯實業股份有限公司鹿港彰頂分公司,28988442,0.00,256.00,雜貨一批,金錢,彰化縣鹿港鎮****,,
12,凃淑媚,107年縣(市)議員選舉,首次申報,1070903,雜支支出,台糖加油站,14860590,0.00,80.00,汽機車燃料費用,金錢,彰化縣溪湖鎮****,,
13,凃淑媚,107年縣(市)議員選舉,首次申報,1070903,雜支支出,台糖加油站,14860590,0.00,1186.00,汽機車燃料費用,金錢,彰化縣溪湖鎮****,,
14,凃淑媚,107年縣(市)議員選舉,首次申報,1070904,雜支支出,裕興五金行,05941092,0.00,540.00,製作宣傳廣告支出,金錢,彰化縣福興鄉****,0477*****,
15,凃淑媚,107年縣(市)議員選舉,首次申報,1070904,雜支支出,世華石油股份有限公司彰工加油站,09326176,0.00,50.00,汽機車燃料費用,金錢,彰化縣鹿港鎮****,,
16,凃淑媚,107年縣(市)議員選舉,首次申報,1070904,雜支支出,喜美超市彰頂店,38957405,0.00,895.00,雜貨一批,金錢,彰化縣鹿港鎮****,,
17,凃淑媚,107年縣(市)議員選舉,首次申報,1070904,雜支支出,鎰順五金行,78618162,0.00,290.00,製作宣傳廣告支出,金錢,彰化縣鹿港鎮****,0477*****,
18,凃淑媚,107年縣(市)議員選舉,首次申報,1070905,公共關係費用支出,百泓有限公司,28552783,0.00,9200.00,烤肉架,金錢,彰化縣秀水鄉****,0476*****,
19,凃淑媚,107年縣(市)議員選舉,首次申報,1070905,雜支支出,仁和文具,59319283,0.00,120.00,製作宣傳廣告支出,金錢,彰化縣鹿港鎮****,0477*****,
20,凃淑媚,107年縣(市)議員選舉,首次申報,1070905,雜支支出,員村加油站股份有限公司員村和美加油站,73970550,0.00,100.00,汽機車燃料費用,金錢,彰化縣和美鎮****,,
21,凃淑媚,107年縣(市)議員選舉,首次申報,1070905,宣傳支出,天喜派報社,99853199,0.00,3000.00,製作宣傳廣告支出,金錢,彰化縣鹿港鎮****,0477*****,
22,凃淑媚,107年縣(市)議員選舉,首次申報,1070906,雜支支出,億京照相彩色沖印行,95965783,0.00,120.00,製作宣傳廣告支出,金錢,彰化縣鹿港鎮****,0477*****,
23,凃淑媚,107年縣(市)議員選舉,首次申報,1070907,雜支支出,世華石油股份有限公司彰工加油站,09326176,0.00,1000.00,汽機車燃料費用,金錢,彰化縣鹿港鎮****,,
24,凃淑媚,107年縣(市)議員選舉,首次申報,1070908,雜支支出,昇億加油站有限公司,12760650,0.00,500.00,汽機車燃料費用,金錢,嘉義縣太保市****,,
25,凃淑媚,107年縣(市)議員選舉,首次申報,1070908,雜支支出,進來帆布行,45534389,0.00,5600.00,帆布格,金錢,彰化縣鹿港鎮****,,
26,凃淑媚,107年縣(市)議員選舉,首次申報,1070908,雜支支出,阿振美饌股份有限公司,53605794,0.00,600.00,餐飲費用,金錢,彰化縣鹿港鎮****,,
27,凃淑媚,107年縣(市)議員選舉,首次申報,1070910,公共關係費用支出,晉雅堂,05923340,0.00,12000.00,為民服務費用,金錢,彰化縣鹿港鎮****,,
28,凃淑媚,107年縣(市)議員選舉,首次申報,1070910,宣傳支出,紅點印刷社,39764840,0.00,2700.00,製作宣傳廣告支出,金錢,彰化縣溪湖鎮****,0488*****,
29,凃淑媚,107年縣(市)議員選舉,首次申報,1070910,雜支支出,中華電信股份有限公司台灣南區電信分公司彰化營運處,58800108,0.00,2279.00,電信費用,金錢,彰化縣彰化市****,,
30,凃淑媚,107年縣(市)議員選舉,首次申報,1070910,宣傳支出,喬億藝品贈品社,93896220,0.00,50000.00,製作宣傳廣告支出,金錢,彰化縣鹿港鎮****,0477*****,
31,凃淑媚,107年縣(市)議員選舉,首次申報,1070910,公共關係費用支出,喬億藝品贈品社,93896220,0.00,1300.00,妙管家太空瓶,金錢,彰化縣鹿港鎮****,0477*****,
32,凃淑媚,107年縣(市)議員選舉,首次申報,1070910,宣傳支出,天喜派報社,99853199,0.00,4500.00,製作宣傳廣告支出,金錢,彰化縣鹿港鎮****,0477*****,
33,凃淑媚,107年縣(市)議員選舉,首次申報,1070911,宣傳支出,康德禮品行,82395733,0.00,76500.00,製作宣傳廣告支出,金錢,臺中市龍井區****,0426*****,
34,凃淑媚,107年縣(市)議員選舉,首次申報,1070912,雜支支出,喜美超市彰頂店,38957405,0.00,158.00,水果,金錢,彰化縣鹿港鎮****,,
35,凃淑媚,107年縣(市)議員選舉,首次申報,1070912,公共關係費用支出,喬億藝品贈品社,93896220,0.00,6000.00,夢特嬌涼被,金錢,彰化縣鹿港鎮****,,
36,凃淑媚,107年縣(市)議員選舉,首次申報,1070913,雜支支出,全聯實業股份有限公司鹿港彰頂分公司,28988442,0.00,220.00,雜貨一批,金錢,彰化縣鹿港鎮****,,
37,凃淑媚,107年縣(市)議員選舉,首次申報,1070914,雜支支出,台糖加油站,14860590,0.00,100.00,汽機車燃料費用,金錢,彰化縣溪湖鎮****,,
38,凃淑媚,107年縣(市)議員選舉,首次申報,1070914,雜支支出,鹿港加油站有限公司,22933250,0.00,1000.00,汽機車燃料費用,金錢,彰化縣鹿港鎮****,,
39,凃淑媚,107年縣(市)議員選舉,首次申報,1070914,雜支支出,員村加油站股份有限公司員村和美加油站,73970550,0.00,100.00,汽機車燃料費用,金錢,彰化縣和美鎮****,,
40,凃淑媚,107年縣(市)議員選舉,首次申報,1070915,公共關係費用支出,晨光花藝社,14865743,0.00,20000.00,為民服務費用,金錢,彰化縣鹿港鎮****,,
41,凃淑媚,107年縣(市)議員選舉,首次申報,1070915,雜支支出,進來帆布行,45534389,0.00,5600.00,帆布格,金錢,彰化縣鹿港鎮****,,
42,凃淑媚,107年縣(市)議員選舉,首次申報,1070915,雜支支出,仁豐行,58020068,0.00,2700.00,餐飲費用,金錢,彰化縣鹿港鎮****,,
43,凃淑媚,107年縣(市)議員選舉,首次申報,1070915,雜支支出,台灣中油股份有限公司油品行銷事業部台中營業處彰化中華,58075318,0.00,1232.00,汽機車燃料費用,金錢,彰化縣彰化市****,,
44,凃淑媚,107年縣(市)議員選舉,首次申報,1070915,宣傳支出,織夢咖啡商行,72504070,0.00,5000.00,製作宣傳廣告支出,金錢,彰化縣鹿港鎮****,,
45,凃淑媚,107年縣(市)議員選舉,首次申報,1070915,宣傳支出,喬億藝品贈品社,93896220,0.00,11000.00,製作宣傳廣告支出,金錢,彰化縣鹿港鎮****,,
46,凃淑媚,107年縣(市)議員選舉,首次申報,1070917,雜支支出,喜美超市彰頂路,38957405,0.00,658.00,桂格養氣人蔘,金錢,彰化縣鹿港鎮****,,
47,凃淑媚,107年縣(市)議員選舉,首次申報,1070917,雜支支出,喜美超市彰頂店,38957405,0.00,201.00,雜貨一批,金錢,彰化縣鹿港鎮****,,
48,凃淑媚,107年縣(市)議員選舉,首次申報,1070918,雜支支出,永福開發有限公司,28165116,0.00,100.00,汽機車燃料費用,金錢,彰化縣福興鄉****,,
49,凃淑媚,107年縣(市)議員選舉,首次申報,1070919,雜支支出,台糖加油站,14860590,0.00,1154.00,汽機車燃料費用,金錢,彰化縣溪湖鎮****,,
50,凃淑媚,107年縣(市)議員選舉,首次申報,1070921,雜支支出,喜美超市彰頂路,38957405,0.00,231.00,雜貨一批,金錢,彰化縣鹿港鎮****,,
51,凃淑媚,107年縣(市)議員選舉,首次申報,1070923,雜支支出,頂番婆加油站有限公司,28104580,0.00,1206.00,汽機車燃料費用,金錢,彰化縣鹿港鎮****,,
52,凃淑媚,107年縣(市)議員選舉,首次申報,1070923,雜支支出,台灣中油股份有限公司油品行銷事業部台中營業處彰化中華,58075318,0.00,1394.00,汽機車燃料費用,金錢,彰化縣彰化市****,,
53,凃淑媚,107年縣(市)議員選舉,首次申報,1070923,雜支支出,鎰順五金行,78618162,0.00,200.00,鐵線,金錢,彰化縣鹿港鎮****,,
54,凃淑媚,107年縣(市)議員選舉,首次申報,1070925,雜支支出,台糖加油站,14860590,0.00,1179.00,汽機車燃料費用,金錢,彰化縣溪湖鎮****,,
55,凃淑媚,107年縣(市)議員選舉,首次申報,1070925,雜支支出,仁和文具,59319283,0.00,120.00,文具一批,金錢,彰化縣鹿港鎮****,,
56,凃淑媚,107年縣(市)議員選舉,首次申報,1070925,雜支支出,鎰順五金行,78618162,0.00,100.00,鐵線,金錢,彰化縣鹿港鎮****,,
57,凃淑媚,107年縣(市)議員選舉,首次申報,1070927,雜支支出,喜美超市彰頂路,38957405,0.00,497.00,雜貨一批,金錢,彰化縣鹿港鎮****,,
58,凃淑媚,107年縣(市)議員選舉,首次申報,1070927,雜支支出,喜美超市彰頂店,38957405,0.00,598.00,桂格養氣人蔘,金錢,彰化縣鹿港鎮****,,
59,凃淑媚,107年縣(市)議員選舉,首次申報,1070928,雜支支出,頂番婆加油站有限公司,28104580,0.00,165.00,汽機車燃料費用,金錢,彰化縣鹿港鎮****,,
60,凃淑媚,107年縣(市)議員選舉,首次申報,1070928,公共關係費用支出,大嘉鮮花禮儀社,67759642,0.00,20000.00,為民服務費用,金錢,彰化縣鹿港鎮****,,
61,凃淑媚,107年縣(市)議員選舉,首次申報,1070929,雜支支出,台灣中油股份有限公司台中營業處向上路加油站,05576453,0.00,500.00,汽機車燃料費用,金錢,臺中市西區後****,,
62,凃淑媚,107年縣(市)議員選舉,首次申報,1070929,雜支支出,進來帆布行,45534389,0.00,5600.00,帆布格,金錢,彰化縣鹿港鎮****,,
63,凃淑媚,107年縣(市)議員選舉,首次申報,1070930,雜支支出,台灣中油頂番婆加油站,28104580,0.00,1174.00,汽機車燃料費用,金錢,彰化縣鹿港鎮****,,
64,凃淑媚,107年縣(市)議員選舉,首次申報,1070930,公共關係費用支出,德利,59213113,0.00,18000.00,為民服務費用,金錢,彰化縣鹿港鎮****,,
65,凃淑媚,107年縣(市)議員選舉,首次申報,1070930,宣傳支出,織夢咖啡商行,72504070,0.00,5000.00,製作宣傳廣告支出,金錢,彰化縣鹿港鎮****,,
66,凃淑媚,107年縣(市)議員選舉,首次申報,1070930,雜支支出,鎰順五金行,78618162,0.00,100.00,鐵線,金錢,彰化縣鹿港鎮****,,
67,凃淑媚,107年縣(市)議員選舉,首次申報,1070930,公共關係費用支出,喬億藝品贈品社,93896220,0.00,11050.00,藝術盤裝框,金錢,彰化縣鹿港鎮****,,
68,凃淑媚,107年縣(市)議員選舉,首次申報,1070930,人事費用支出,洪麗玲,N22*******,0.00,25000.00,工資或薪津,金錢,彰化縣鹿港鎮****,0933*****,
69,凃淑媚,107年縣(市)議員選舉,首次申報,1071001,公共關係費用支出,晉雅堂,05923340,0.00,11500.00,紅白輓聯,金錢,彰化縣鹿港鎮****,,
70,凃淑媚,107年縣(市)議員選舉,首次申報,1071001,公共關係費用支出,水金鮮花.花環禮儀社,08344339,0.00,25000.00,為民服務費用,金錢,彰化縣秀水鄉****,,
71,凃淑媚,107年縣(市)議員選舉,首次申報,1071001,雜支支出,台糖加油站,14860590,0.00,1365.00,汽機車燃料費用,金錢,彰化縣溪湖鎮****,,
72,凃淑媚,107年縣(市)議員選舉,首次申報,1071001,雜支支出,員村加油站股份有限公司員村和美加油站,73970550,0.00,100.00,汽機車燃料費用,金錢,彰化縣和美鎮****,,
73,凃淑媚,107年縣(市)議員選舉,首次申報,1071001,宣傳支出,康德禮品行,82395733,0.00,72000.00,製作宣傳廣告支出,金錢,臺中市龍井區****,,
74,凃淑媚,107年縣(市)議員選舉,首次申報,1071001,雜支支出,卓錫興,N12*******,0.00,12400.00,綁立帆布看板工資,金錢,彰化縣福興鄉****,0921*****,
75,凃淑媚,107年縣(市)議員選舉,首次申報,1071001,雜支支出,黃淑蓮,N22*******,0.00,30000.00,綁立布條看板工資,金錢,彰化縣鹿港鎮****,0476*****,
76,凃淑媚,107年縣(市)議員選舉,首次申報,1071003,雜支支出,台糖加油站,14860590,0.00,100.00,汽機車燃料費用,金錢,彰化縣溪湖鎮****,,
77,凃淑媚,107年縣(市)議員選舉,首次申報,1071003,雜支支出,喜美超市彰頂店,38957405,0.00,330.00,雜貨一批,金錢,彰化縣鹿港鎮****,,
78,凃淑媚,107年縣(市)議員選舉,首次申報,1071004,公共關係費用支出,晉雅堂,05923340,0.00,12000.00,賀匾,金錢,彰化縣鹿港鎮****,,
79,凃淑媚,107年縣(市)議員選舉,首次申報,1071004,雜支支出,安心食品服務股份有限公司彰化分公司,27311061,0.00,400.00,餐飲費用,金錢,彰化縣彰化市****,,
80,凃淑媚,107年縣(市)議員選舉,首次申報,1071004,雜支支出,仁和文具,59319283,0.00,200.00,影印紙(色),金錢,彰化縣鹿港鎮****,,
81,凃淑媚,107年縣(市)議員選舉,首次申報,1071007,雜支支出,仁棠帆布出租,10958804,0.00,2080.00,桌面,金錢,彰化縣鹿港鎮****,,
82,凃淑媚,107年縣(市)議員選舉,首次申報,1071007,雜支支出,仁棠帆布出租,10958804,0.00,3000.00,餐廚具批,金錢,彰化縣鹿港鎮****,,
83,凃淑媚,107年縣(市)議員選舉,首次申報,1071007,雜支支出,仁棠帆布出租,10958804,0.00,5600.00,桌子,金錢,彰化縣鹿港鎮****,,
84,凃淑媚,107年縣(市)議員選舉,首次申報,1071007,雜支支出,仁棠帆布出租,10958804,0.00,6400.00,椅子,金錢,彰化縣鹿港鎮****,,
85,凃淑媚,107年縣(市)議員選舉,首次申報,1071007,雜支支出,柯厝加油站有限公司,22938699,0.00,1000.00,汽機車燃料費用,金錢,彰化縣鹿港鎮****,,
86,凃淑媚,107年縣(市)議員選舉,首次申報,1071007,雜支支出,進來帆布行,45534389,0.00,6400.00,帆布格,金錢,彰化縣鹿港鎮****,,
87,凃淑媚,107年縣(市)議員選舉,首次申報,1071007,雜支支出,儀立碾米廠,58013290,0.00,2700.00,尖糯米,金錢,彰化縣鹿港鎮****,,
88,凃淑媚,107年縣(市)議員選舉,首次申報,1071007,雜支支出,黃國清,N10*******,0.00,40000.00,餐飲費用,金錢,彰化縣鹿港鎮****,0477*****,
89,凃淑媚,107年縣(市)議員選舉,首次申報,1071008,雜支支出,台糖加油站,14860590,0.00,1390.00,汽機車燃料費用,金錢,彰化縣溪湖鎮****,,
90,凃淑媚,107年縣(市)議員選舉,首次申報,1071008,雜支支出,全聯實業股份有限公司鹿港彰頂分公司,28988442,0.00,320.00,雜貨一批,金錢,彰化縣鹿港鎮****,,
91,凃淑媚,107年縣(市)議員選舉,首次申報,1071011,雜支支出,進來帆布行,45534389,0.00,6400.00,帆布格,金錢,彰化縣鹿港鎮****,,
92,凃淑媚,107年縣(市)議員選舉,首次申報,1071011,雜支支出,龍旺旺百貨物流有限公司,45633120,0.00,180.00,斤塑膠袋,金錢,彰化縣鹿港鎮****,,
93,凃淑媚,107年縣(市)議員選舉,首次申報,1071011,雜支支出,中華電信股份有限公司台灣南區電信分公司彰化營運處,58800108,0.00,2376.00,電信費用,金錢,彰化縣彰化市****,,
94,凃淑媚,107年縣(市)議員選舉,首次申報,1071012,公共關係費用支出,東光花環禮儀部,77090079,0.00,27500.00,為民服務費用,金錢,彰化縣鹿港鎮****,,
95,凃淑媚,107年縣(市)議員選舉,首次申報,1071013,雜支支出,台糖加油站,14860590,0.00,100.00,汽機車燃料費用,金錢,彰化縣溪湖鎮****,,
96,凃淑媚,107年縣(市)議員選舉,首次申報,1071013,雜支支出,台亞石油股份有限公司西螺加油站,15601403,0.00,1032.00,汽機車燃料費用,金錢,雲林縣西螺鎮****,,
97,凃淑媚,107年縣(市)議員選舉,首次申報,1071013,雜支支出,鹿港全成行,58214000,0.00,8000.00,什貨,金錢,彰化縣鹿港鎮****,,
98,凃淑媚,107年縣(市)議員選舉,首次申報,1071014,雜支支出,台灣中油股份有限公司東山服務區加油站,81378692,0.00,990.00,汽機車燃料費用,金錢,臺南市東山區****,,
99,凃淑媚,107年縣(市)議員選舉,首次申報,1071015,雜支支出,台糖加油站,14860590,0.00,1213.00,汽機車燃料費用,金錢,彰化縣溪湖鎮****,,
100,凃淑媚,107年縣(市)議員選舉,首次申報,1071015,公共關係費用支出,晨光花藝社,14865743,0.00,20000.00,為民服務費用,金錢,彰化縣鹿港鎮****,,
101,凃淑媚,107年縣(市)議員選舉,首次申報,1071015,雜支支出,柯厝加油站有限公司,22938699,0.00,1000.00,汽機車燃料費用,金錢,彰化縣鹿港鎮****,,
102,凃淑媚,107年縣(市)議員選舉,首次申報,1071015,雜支支出,鴻群冷凍食品股份有限公司,27896037,0.00,30000.00,鴨肉,金錢,彰化縣大城鄉****,,
103,凃淑媚,107年縣(市)議員選舉,首次申報,1071016,宣傳支出,織夢咖啡商行,72504070,0.00,5000.00,製作宣傳廣告支出,金錢,彰化縣鹿港鎮****,,
104,凃淑媚,107年縣(市)議員選舉,首次申報,1071016,宣傳支出,正騰旺傳播有限公司,84355498,0.00,28909.00,製作宣傳廣告支出,金錢,彰化縣彰化市****,,
105,凃淑媚,107年縣(市)議員選舉,首次申報,1071019,雜支支出,柯厝加油站有限公司,22938699,0.00,100.00,汽機車燃料費用,金錢,彰化縣鹿港鎮****,,
106,凃淑媚,107年縣(市)議員選舉,首次申報,1071020,雜支支出,仁豐行,58020068,0.00,2300.00,餐飲費用,金錢,彰化縣鹿港鎮****,,
107,凃淑媚,107年縣(市)議員選舉,首次申報,1071021,雜支支出,鹿港加油站有限公司,22933250,0.00,1000.00,汽機車燃料費用,金錢,彰化縣鹿港鎮****,,
108,凃淑媚,107年縣(市)議員選舉,首次申報,1071021,雜支支出,台灣楓康超市股份有限公司溪湖分公司,27253127,0.00,140.00,地瓜,金錢,彰化縣溪湖鎮****,,
109,凃淑媚,107年縣(市)議員選舉,首次申報,1071021,雜支支出,頂番婆加油站有限公司,28104580,0.00,1000.00,汽機車燃料費用,金錢,彰化縣鹿港鎮****,,
110,凃淑媚,107年縣(市)議員選舉,首次申報,1071021,雜支支出,喜美超市彰頂店,38957405,0.00,1242.00,雜貨一批,金錢,彰化縣鹿港鎮****,,
111,凃淑媚,107年縣(市)議員選舉,首次申報,1071021,雜支支出,鎰順五金行,78618162,0.00,300.00,噴漆,金錢,彰化縣鹿港鎮****,,
112,凃淑媚,107年縣(市)議員選舉,首次申報,1071023,雜支支出,台糖加油站,14860590,0.00,1380.00,汽機車燃料費用,金錢,彰化縣溪湖鎮****,,
113,凃淑媚,107年縣(市)議員選舉,首次申報,1071023,雜支支出,員村加油站股份有限公司員村和美加油站,73970550,0.00,100.00,汽機車燃料費用,金錢,彰化縣和美鎮****,,
114,凃淑媚,107年縣(市)議員選舉,首次申報,1071023,宣傳支出,天喜派報社,99853199,0.00,12000.00,製作宣傳廣告支出,金錢,彰化縣鹿港鎮****,,
115,凃淑媚,107年縣(市)議員選舉,首次申報,1071023,宣傳支出,天喜派報社,99853199,0.00,6600.00,製作宣傳廣告支出,金錢,彰化縣鹿港鎮****,,
116,凃淑媚,107年縣(市)議員選舉,首次申報,1071025,公共關係費用支出,晉雅堂,05923340,0.00,12000.00,賀匾,金錢,彰化縣鹿港鎮****,,
117,凃淑媚,107年縣(市)議員選舉,首次申報,1071026,公共關係費用支出,東光花環禮儀社,77090079,0.00,4500.00,為民服務費用,金錢,彰化縣鹿港鎮****,,
118,凃淑媚,107年縣(市)議員選舉,首次申報,1071026,宣傳支出,喬億藝品贈品社,93896220,0.00,50000.00,製作宣傳廣告支出,金錢,彰化縣鹿港鎮****,,
119,凃淑媚,107年縣(市)議員選舉,首次申報,1071027,雜支支出,燦坤實業股份有限公司鹿港民權分公司,53672934,0.00,305.00,滑鼠,金錢,彰化縣鹿港鎮****,,
120,凃淑媚,107年縣(市)議員選舉,首次申報,1071027,雜支支出,台灣中油股份有限公司油品行銷事業部台中營業處福興加油,58010672,0.00,150.00,汽機車燃料費用,金錢,彰化縣福興鄉****,,
121,凃淑媚,107年縣(市)議員選舉,首次申報,1071027,雜支支出,台灣中油股份有限公司油品行銷事業部台中營業處福興加油,58010672,0.00,1256.00,汽機車燃料費用,金錢,彰化縣福興鄉****,,
122,凃淑媚,107年縣(市)議員選舉,首次申報,1071028,雜支支出,進來帆布行,45534389,0.00,5600.00,帆布格,金錢,彰化縣鹿港鎮****,,
123,凃淑媚,107年縣(市)議員選舉,首次申報,1071029,雜支支出,鹿港加油站有限公司,22933250,0.00,1000.00,汽機車燃料費用,金錢,彰化縣鹿港鎮****,,
124,凃淑媚,107年縣(市)議員選舉,首次申報,1071030,雜支支出,盛偉資訊,13732289,0.00,3490.00,HP雷射印表機,金錢,彰化縣花壇鄉****,0478*****,
125,凃淑媚,107年縣(市)議員選舉,首次申報,1071030,雜支支出,台灣楓康超市股份有限公司鹿港分公司,28985260,0.00,159.00,餐飲費用,金錢,彰化縣福興鄉****,,
126,凃淑媚,107年縣(市)議員選舉,首次申報,1071031,雜支支出,頂番婆加油站有限公司,28104580,0.00,500.00,汽機車燃料費用,金錢,彰化縣鹿港鎮****,,
127,凃淑媚,107年縣(市)議員選舉,首次申報,1071031,公共關係費用支出,德利,59213113,0.00,20000.00,為民服務費用,金錢,彰化縣鹿港鎮****,,
128,凃淑媚,107年縣(市)議員選舉,首次申報,1071031,人事費用支出,洪麗玲,N22*******,0.00,25000.00,工資或薪津,金錢,彰化縣鹿港鎮****,0933*****,
129,凃淑媚,107年縣(市)議員選舉,首次申報,1071101,宣傳支出,康德禮品行,82395733,0.00,67500.00,製作宣傳廣告支出,金錢,臺中市龍井區****,,
130,凃淑媚,107年縣(市)議員選舉,首次申報,1071102,宣傳支出,織夢咖啡商行,72504070,0.00,5000.00,製作宣傳廣告支出,金錢,彰化縣鹿港鎮****,0477*****,
131,凃淑媚,107年縣(市)議員選舉,首次申報,1071107,宣傳支出,中美錄影電業行,59340315,0.00,600.00,製作宣傳廣告支出,金錢,彰化縣鹿港鎮****,0477*****,
132,凃淑媚,107年縣(市)議員選舉,首次申報,1071110,雜支支出,頂甲飯,95968917,0.00,7980.00,餐飲費用,金錢,彰化縣鹿港鎮****,0477*****,
133,凃淑媚,107年縣(市)議員選舉,首次申報,1071111,雜支支出,龍旺旺百貨物流有限公司,45633120,0.00,181.00,斤塑膠袋,金錢,彰化縣鹿港鎮****,,
134,凃淑媚,107年縣(市)議員選舉,首次申報,1071112,雜支支出,中華電信股份有限公司台灣南區電信分公司彰化營運處,58800108,0.00,2453.00,電信費用,金錢,彰化縣彰化市****,,
135,凃淑媚,107年縣(市)議員選舉,首次申報,1071114,宣傳支出,台灣優紙企業有限公司,80077677,0.00,28193.00,製作宣傳廣告支出,金錢,彰化縣鹿港鎮****,0478*****,
136,凃淑媚,107年縣(市)議員選舉,首次申報,1071115,公共關係費用支出,晉雅堂,05923340,0.00,12000.00,為民服務費用,金錢,彰化縣鹿港鎮****,,
137,凃淑媚,107年縣(市)議員選舉,首次申報,1071115,公共關係費用支出,晨光花藝社,14865743,0.00,16000.00,為民服務費用,金錢,彰化縣鹿港鎮****,,
138,凃淑媚,107年縣(市)議員選舉,首次申報,1071115,雜支支出,燦坤實業股份有限公司鹿港民權分公司,53672934,0.00,4998.00,碳粉夾,金錢,彰化縣鹿港鎮****,,
139,凃淑媚,107年縣(市)議員選舉,首次申報,1071116,雜支支出,台灣電力股份有限公司彰化區營業處,58650608,0.00,7466.00,水電瓦斯費用,金錢,彰化縣彰化市****,,
140,凃淑媚,107年縣(市)議員選舉,首次申報,1071117,雜支支出,龍旺旺百貨物流有限公司,45633120,0.00,595.00,衛生紙,金錢,彰化縣鹿港鎮****,,
141,凃淑媚,107年縣(市)議員選舉,首次申報,1071118,雜支支出,頂甲飯,95968917,0.00,9100.00,便當,金錢,彰化縣鹿港鎮****,,
142,凃淑媚,107年縣(市)議員選舉,首次申報,1071120,雜支支出,仁和文具,53919283,0.00,240.00,文具用品費用,金錢,彰化縣鹿港鎮****,,
143,凃淑媚,107年縣(市)議員選舉,首次申報,1071126,公共關係費用支出,大嘉鮮花禮儀社,67759642,0.00,8000.00,為民服務費用,金錢,彰化縣鹿港鎮****,,
144,凃淑媚,107年縣(市)議員選舉,首次申報,1071127,雜支支出,仁棠帆布出租,10958804,0.00,5000.00,碗盤桌椅餐具,金錢,彰化縣鹿港鎮****,,
145,凃淑媚,107年縣(市)議員選舉,首次申報,1071127,雜支支出,進來帆布行,45534389,0.00,29400.00,搭建帆布,金錢,彰化縣鹿港鎮****,,
146,凃淑媚,107年縣(市)議員選舉,首次申報,1071127,雜支支出,益隆瓦斯行,58032177,0.00,3730.00,水電瓦斯費用,金錢,彰化縣鹿港鎮****,,
147,凃淑媚,107年縣(市)議員選舉,首次申報,1071127,公共關係費用支出,東光花環禮儀社,77090079,0.00,4200.00,為民服務費用,金錢,彰化縣鹿港鎮****,,
148,凃淑媚,107年縣(市)議員選舉,首次申報,1071128,公共關係費用支出,水金鮮花.花環禮儀社,08344339,0.00,18500.00,為民服務費用,金錢,彰化縣秀水鄉****,,
149,凃淑媚,107年縣(市)議員選舉,首次申報,1071129,雜支支出,鼎澄生醫股份有限公司秀傳彰濱店,39760605,0.00,714.00,日用品,金錢,彰化縣鹿港鎮****,,
150,凃淑媚,107年縣(市)議員選舉,首次申報,1071129,公共關係費用支出,劉冬雄,N12*******,0.00,5200.00,訂購花圈,金錢,彰化縣秀水鄉****,0476*****,
151,凃淑媚,107年縣(市)議員選舉,首次申報,1071129,公共關係費用支出,黃雅慧,N22*******,0.00,5400.00,訂購花圈,金錢,彰化縣鹿港鎮****,0477*****,
152,凃淑媚,107年縣(市)議員選舉,首次申報,1071130,公共關係費用支出,德利,59213113,0.00,22000.00,為民服務費用,金錢,彰化縣鹿港鎮****,,
153,凃淑媚,107年縣(市)議員選舉,首次申報,1071130,人事費用支出,洪麗玲,N22*******,0.00,25000.00,工資或薪津,金錢,彰化縣鹿港鎮****,0933*****,
154,凃淑媚,107年縣(市)議員選舉,首次申報,1071203,公共關係費用支出,晨光花藝社,14865743,0.00,18000.00,為民服務費用,金錢,彰化縣鹿港鎮****,,
155,凃淑媚,107年縣(市)議員選舉,首次申報,1071204,雜支支出,巨登加油站股份有限公司,70601435,0.00,1000.00,汽機車燃料費用,金錢,彰化縣和美鎮****,,
156,凃淑媚,107年縣(市)議員選舉,首次申報,1071205,雜支支出,老三企業有限公司,80603518,0.00,5573.00,香煙,金錢,彰化縣彰化市****,,
157,凃淑媚,107年縣(市)議員選舉,首次申報,1071207,公共關係費用支出,新光三越百貨股份有限公司嘉義垂楊分公司,28433921,0.00,2500.00,為民服務費用,金錢,嘉義市西區永****,,
158,凃淑媚,107年縣(市)議員選舉,首次申報,1071207,公共關係費用支出,新光三越百貨股份有限公司嘉義垂楊分公司,28433921,0.00,2500.00,為民服務費用,金錢,嘉義市西區永****,,
159,凃淑媚,107年縣(市)議員選舉,首次申報,1071207,公共關係費用支出,新光三越百貨股份有限公司嘉義垂楊分公司,28433921,0.00,1520.00,為民服務費用,金錢,嘉義市西區永****,,
160,凃淑媚,107年縣(市)議員選舉,首次申報,1071210,雜支支出,中華電信股份有限公司台灣南區電信分公司彰化營運處,58800108,0.00,2524.00,電信費用,金錢,彰化縣彰化市****,,
161,凃淑媚,107年縣(市)議員選舉,首次申報,1071212,公共關係費用支出,峻吉禮儀社,77107965,0.00,36000.00,為民服務費用,金錢,彰化縣鹿港鎮****,,
162,凃淑媚,107年縣(市)議員選舉,首次申報,1071218,公共關係費用支出,晉雅堂,05923340,0.00,14800.00,為民服務費用,金錢,彰化縣鹿港鎮****,,
163,凃淑媚,107年縣(市)議員選舉,首次申報,1071220,人事費用支出,洪麗玲,N22*******,0.00,25000.00,工資或薪津,金錢,彰化縣鹿港鎮****,,
