﻿序號,擬參選人／政黨,選舉名稱,申報序號／年度,交易日期,收支科目,捐贈者／支出對象,身分證／統一編號,收入金額,支出金額,捐贈方式,存入專戶日期,返還/繳庫,支出用途,金錢類,地址,聯絡電話,應揭露之支出對象,支出對象之內部人員姓名,支出對象之內部人員職稱,政黨之內部人員姓名,政黨之內部人員職稱,關係,更正註記,資料更正日期
1,黃家曄,111年新竹市議員選舉,首次申報,1111025,宣傳支出,瀛海矽康科技股份有限公司,27435788,0.00,14805.00,,,,製作競選物品或宣傳廣告費用（物品名稱-口罩）,金錢,南投縣南投市****,,否,,,,,,,
2,黃家曄,111年新竹市議員選舉,首次申報,1111027,宣傳支出,四分之三國際有限公司,90274091,0.00,10000.00,,,,製作競選物品或宣傳廣告費用（物品名稱-環保吸管）,金錢,基隆市安樂區****,,否,,,,,,,
3,黃家曄,111年新竹市議員選舉,首次申報,1111125,人事費用支出,簡詩翰,A12*******,0.00,26500.00,,,,其他因工作酬勞之給付(表演),金錢,新北市三峽區****,,否,,,,,,,
4,黃家曄,111年新竹市議員選舉,首次申報,1111125,集會支出,競選總部,C22*******,0.00,9500.00,,,,租用場地費用,非金錢,新竹市東區光****,,否,,,,,,,
5,黃家曄,111年新竹市議員選舉,首次申報,1111125,人事費用支出,張家毓,L22*******,0.00,13500.00,,,,其他因工作酬勞之給付(表演),金錢,新北市三重區****,,否,,,,,,,
