﻿序號,擬參選人／政黨,選舉名稱,申報序號／年度,交易日期,收支科目,捐贈者／支出對象,身分證／統一編號,收入金額,支出金額,支出用途,金錢類,地址,聯絡電話,資料更正日期
1,黃龍,107年村(里)長選舉,首次申報,1070905,個人捐贈收入,李天輝,,10000.00,0.00,,金錢,,0776*****,
2,黃龍,107年村(里)長選舉,首次申報,1071011,個人捐贈收入,蔣炎輝,,20000.00,0.00,,金錢,,0758*****,
3,黃龍,107年村(里)長選舉,首次申報,1071017,個人捐贈收入,蔡永興,,10000.00,0.00,,金錢,,0910*****,
4,黃龍,107年村(里)長選舉,首次申報,1071017,個人捐贈收入,陳嘉斌,,10000.00,0.00,,金錢,,0752*****,
5,黃龍,107年村(里)長選舉,首次申報,1071017,個人捐贈收入,曾澤和,,10000.00,0.00,,金錢,,0919*****,
6,黃龍,107年村(里)長選舉,首次申報,1071017,個人捐贈收入,沈志宏,,2000.00,0.00,,金錢,,0910*****,
7,黃龍,107年村(里)長選舉,首次申報,1071017,個人捐贈收入,張本皇,,5000.00,0.00,,金錢,,0773*****,
8,黃龍,107年村(里)長選舉,首次申報,1071017,個人捐贈收入,侯哲宏,,10000.00,0.00,,金錢,,0937*****,
9,黃龍,107年村(里)長選舉,首次申報,1071017,個人捐贈收入,劉文澤,,2600.00,0.00,,金錢,,0937*****,
10,黃龍,107年村(里)長選舉,首次申報,1071017,個人捐贈收入,王焜燦,,3000.00,0.00,,金錢,,0909*****,
11,黃龍,107年村(里)長選舉,首次申報,1071017,個人捐贈收入,倪榮隆,,6000.00,0.00,,金錢,,0933*****,
12,黃龍,107年村(里)長選舉,首次申報,1071017,個人捐贈收入,吳正強,,6000.00,0.00,,金錢,,0737*****,
13,黃龍,107年村(里)長選舉,首次申報,1071017,個人捐贈收入,林輝鐸,,3000.00,0.00,,金錢,,0963*****,
14,黃龍,107年村(里)長選舉,首次申報,1071017,個人捐贈收入,林柱榮,,6000.00,0.00,,金錢,,0933*****,
15,黃龍,107年村(里)長選舉,首次申報,1071017,個人捐贈收入,沈進興,,3000.00,0.00,,金錢,,0937*****,
16,黃龍,107年村(里)長選舉,首次申報,1071025,個人捐贈收入,陳芊築,E22*******,36000.00,0.00,,金錢,高雄市左營區****,0926*****,
17,黃龍,107年村(里)長選舉,首次申報,1071107,個人捐贈收入,杜振國,,20000.00,0.00,,金錢,,0927*****,
18,黃龍,107年村(里)長選舉,首次申報,1071121,個人捐贈收入,蔡政勳,,30000.00,0.00,,金錢,,0938*****,
