﻿序號,擬參選人／政黨,選舉名稱,申報序號／年度,交易日期,收支科目,捐贈者／支出對象,身分證／統一編號,收入金額,支出金額,支出用途,金錢類,地址,聯絡電話,資料更正日期
1,江志銘,107年直轄市議員選舉,首次申報,1070615,個人捐贈收入,楊瑞平,B12*******,60000.00,0.00,,金錢,臺北市中山區****,0910*****,
2,江志銘,107年直轄市議員選舉,首次申報,1070615,個人捐贈收入,黃正中,E12*******,20000.00,0.00,,金錢,臺北市內湖區****,0958*****,
3,江志銘,107年直轄市議員選舉,首次申報,1070619,營利事業捐贈收入,所羅馬國際貿易股份有限公司,12677702,60000.00,0.00,,金錢,臺北市內湖區****,2658*****,
4,江志銘,107年直轄市議員選舉,首次申報,1070619,個人捐贈收入,倪元至,A22*******,100000.00,0.00,,金錢,臺北市北投區****,0932*****,
5,江志銘,107年直轄市議員選舉,首次申報,1070622,營利事業捐贈收入,華褘股份有限公司,34604232,60000.00,0.00,,金錢,新北市中和區****,2249*****,
6,江志銘,107年直轄市議員選舉,首次申報,1070626,個人捐贈收入,林後山,P10*******,20000.00,0.00,,金錢,臺北市中山區****,2503*****,
7,江志銘,107年直轄市議員選舉,首次申報,1070627,營利事業捐贈收入,聚峰地板有限公司,23164715,20000.00,0.00,,金錢,臺北市內湖區****,2794*****,
8,江志銘,107年直轄市議員選舉,首次申報,1070627,個人捐贈收入,王金紀,A12*******,20000.00,0.00,,金錢,臺北市內湖區****,0932*****,
9,江志銘,107年直轄市議員選舉,首次申報,1070629,營利事業捐贈收入,統一數位翻譯股份有限公司,12183834,40000.00,0.00,,金錢,臺北市內湖區****,8791*****,
10,江志銘,107年直轄市議員選舉,首次申報,1070629,營利事業捐贈收入,知性國際事業有限公司,70481038,200000.00,0.00,,金錢,臺北市中山區****,2521*****,
11,江志銘,107年直轄市議員選舉,首次申報,1070702,個人捐贈收入,邱進任,F10*******,20000.00,0.00,,金錢,臺北市內湖區****,2792*****,
12,江志銘,107年直轄市議員選舉,首次申報,1070704,營利事業捐贈收入,盛立生技股份有限公司,28698719,100000.00,0.00,,金錢,臺北市內湖區****,2792*****,
13,江志銘,107年直轄市議員選舉,首次申報,1070704,個人捐贈收入,游家彰,A12*******,100000.00,0.00,,金錢,臺北市大安區****,0937*****,
14,江志銘,107年直轄市議員選舉,首次申報,1070705,個人捐贈收入,謝隆智,A12*******,100000.00,0.00,,金錢,新北市三重區****,0932*****,
15,江志銘,107年直轄市議員選舉,首次申報,1070705,個人捐贈收入,謝小雀,N22*******,100000.00,0.00,,金錢,新北市三重區****,2999*****,
16,江志銘,107年直轄市議員選舉,首次申報,1070709,個人捐贈收入,蔡宛妤,A22*******,60000.00,0.00,,金錢,臺北市大安區****,0919*****,
17,江志銘,107年直轄市議員選舉,首次申報,1070709,個人捐贈收入,賴俊憲,Q10*******,40000.00,0.00,,金錢,臺北市大安區****,0935*****,
18,江志銘,107年直轄市議員選舉,首次申報,1070711,個人捐贈收入,白鎧圖,F12*******,100000.00,0.00,,金錢,臺北市內湖區****,0935*****,
19,江志銘,107年直轄市議員選舉,首次申報,1070712,個人捐贈收入,張明輝,A10*******,20000.00,0.00,,金錢,臺北市中山區****,0932*****,
20,江志銘,107年直轄市議員選舉,首次申報,1070713,營利事業捐贈收入,聯發國際餐飲事業股份有限公司,80676602,100000.00,0.00,,金錢,臺北市南港區****,2654*****,
21,江志銘,107年直轄市議員選舉,首次申報,1070716,營利事業捐贈收入,清隆企業股份有限公司,04422973,20000.00,0.00,,金錢,臺北市中山區****,2563*****,
22,江志銘,107年直轄市議員選舉,首次申報,1070716,營利事業捐贈收入,驊鍵有限公司,12458164,100000.00,0.00,,金錢,臺北市松山區****,2717*****,
23,江志銘,107年直轄市議員選舉,首次申報,1070720,個人捐贈收入,吳宗達,A12*******,20000.00,0.00,,金錢,臺北市松山區****,0972*****,
24,江志銘,107年直轄市議員選舉,首次申報,1070723,營利事業捐贈收入,新凱汽車股份有限公司,80198953,40000.00,0.00,,金錢,臺北市內湖區****,7745*****,
25,江志銘,107年直轄市議員選舉,首次申報,1070723,個人捐贈收入,關文乾,F12*******,20000.00,0.00,,金錢,臺北市松山區****,0926*****,
26,江志銘,107年直轄市議員選舉,首次申報,1070726,營利事業捐贈收入,國絡多媒體有限公司,97427396,20000.00,0.00,,金錢,新北市新莊區****,8991*****,
27,江志銘,107年直轄市議員選舉,首次申報,1070726,個人捐贈收入,高兩傳,A10*******,20000.00,0.00,,金錢,臺北市大安區****,0958*****,
28,江志銘,107年直轄市議員選舉,首次申報,1070726,個人捐贈收入,邱宏哲,F10*******,80000.00,0.00,,金錢,臺北市大安區****,2563*****,
29,江志銘,107年直轄市議員選舉,首次申報,1070726,個人捐贈收入,李錦雲,Q20*******,100000.00,0.00,,金錢,臺北市士林區****,0937*****,
30,江志銘,107年直轄市議員選舉,首次申報,1070727,個人捐贈收入,蘇國祐,A12*******,20000.00,0.00,,金錢,臺北市松山區****,0938*****,
31,江志銘,107年直轄市議員選舉,首次申報,1070727,個人捐贈收入,林楊盛,G12*******,50000.00,0.00,,金錢,臺北市南港區****,0931*****,
32,江志銘,107年直轄市議員選舉,首次申報,1070730,個人捐贈收入,李潔心,A22*******,100000.00,0.00,,金錢,臺北市中山區****,0987*****,
33,江志銘,107年直轄市議員選舉,首次申報,1070731,營利事業捐贈收入,怡盛公寓大廈管理維護股份有限公司,27871182,100000.00,0.00,,金錢,高雄市苓雅區****,2695*****,
34,江志銘,107年直轄市議員選舉,首次申報,1070731,營利事業捐贈收入,二葉松國際顧問有限公司,42834834,20000.00,0.00,,金錢,臺北市內湖區****,2632*****,
35,江志銘,107年直轄市議員選舉,首次申報,1070801,營利事業捐贈收入,泉運企業有限公司,04789090,20000.00,0.00,,金錢,臺北市內湖區****,2632*****,
36,江志銘,107年直轄市議員選舉,首次申報,1070801,營利事業捐贈收入,鉅工實業股份有限公司,11730150,50000.00,0.00,,金錢,臺北市中山區****,2507*****,
37,江志銘,107年直轄市議員選舉,首次申報,1070801,營利事業捐贈收入,陽上貿易股份有限公司,12115668,20000.00,0.00,,金錢,新北市汐止區****,2696*****,
38,江志銘,107年直轄市議員選舉,首次申報,1070801,營利事業捐贈收入,計量企業有限公司,12558425,20000.00,0.00,,金錢,臺北市中山區****,0933*****,
39,江志銘,107年直轄市議員選舉,首次申報,1070801,營利事業捐贈收入,蓮華往生事業股份有限公司,16589547,20000.00,0.00,,金錢,臺北市中山區****,2522*****,
40,江志銘,107年直轄市議員選舉,首次申報,1070801,營利事業捐贈收入,評暉企業有限公司,20863742,20000.00,0.00,,金錢,臺北市南港區****,2785*****,
41,江志銘,107年直轄市議員選舉,首次申報,1070801,營利事業捐贈收入,川勝資產顧問有限公司,42864908,20000.00,0.00,,金錢,臺北市北投區****,,
42,江志銘,107年直轄市議員選舉,首次申報,1070801,營利事業捐贈收入,有料良品實業股份有限公司,53542617,20000.00,0.00,,金錢,臺北市南港區****,2651*****,
43,江志銘,107年直轄市議員選舉,首次申報,1070801,營利事業捐贈收入,祥菱機械有限公司,53918830,100000.00,0.00,,金錢,臺北市內湖區****,,
44,江志銘,107年直轄市議員選舉,首次申報,1070801,營利事業捐贈收入,豐成國際投資有限公司,54289541,20000.00,0.00,,金錢,新北市新莊區****,0937*****,
45,江志銘,107年直轄市議員選舉,首次申報,1070801,營利事業捐贈收入,華德企業有限公司,89482579,20000.00,0.00,,金錢,臺北市大同區****,2549*****,
46,江志銘,107年直轄市議員選舉,首次申報,1070801,營利事業捐贈收入,浩信房屋仲介股份有限公司,89564207,20000.00,0.00,,金錢,桃園市桃園區****,03-2*****,
47,江志銘,107年直轄市議員選舉,首次申報,1070801,個人捐贈收入,康義勝,A10*******,20000.00,0.00,,金錢,臺北市信義區****,0939*****,
48,江志銘,107年直轄市議員選舉,首次申報,1070801,個人捐贈收入,李吉祥,A10*******,20000.00,0.00,,金錢,臺北市北投區****,0930*****,
49,江志銘,107年直轄市議員選舉,首次申報,1070801,個人捐贈收入,張秋卿,A10*******,20000.00,0.00,,金錢,臺北市松山區****,0926*****,
50,江志銘,107年直轄市議員選舉,首次申報,1070801,個人捐贈收入,廖金鐘,A11*******,20000.00,0.00,,金錢,臺北市內湖區****,0937*****,
51,江志銘,107年直轄市議員選舉,首次申報,1070801,個人捐贈收入,李清勇,A12*******,20000.00,0.00,,金錢,臺北市大同區****,0937*****,
52,江志銘,107年直轄市議員選舉,首次申報,1070801,個人捐贈收入,陳柏凱,A12*******,20000.00,0.00,,金錢,臺北市大安區****,0930*****,
53,江志銘,107年直轄市議員選舉,首次申報,1070801,個人捐贈收入,簡君全,A12*******,20000.00,0.00,,金錢,新北市新店區****,0936*****,
54,江志銘,107年直轄市議員選舉,首次申報,1070801,個人捐贈收入,陳財源,A12*******,20000.00,0.00,,金錢,臺北市大安區****,0933*****,
55,江志銘,107年直轄市議員選舉,首次申報,1070801,個人捐贈收入,陳文彬,A12*******,20000.00,0.00,,金錢,新北市蘆洲區****,0922*****,
56,江志銘,107年直轄市議員選舉,首次申報,1070801,個人捐贈收入,呂玲達,A22*******,20000.00,0.00,,金錢,臺北市中山區****,0933*****,
57,江志銘,107年直轄市議員選舉,首次申報,1070801,個人捐贈收入,莊司仁奈,A23*******,20000.00,0.00,,金錢,臺北市士林區****,2833*****,
58,江志銘,107年直轄市議員選舉,首次申報,1070801,個人捐贈收入,施尚文,B12*******,20000.00,0.00,,金錢,臺北市中山區****,0932*****,
59,江志銘,107年直轄市議員選舉,首次申報,1070801,個人捐贈收入,林德欣,E12*******,20000.00,0.00,,金錢,新北市板橋區****,0972*****,
60,江志銘,107年直轄市議員選舉,首次申報,1070801,個人捐贈收入,滕青華,E12*******,20000.00,0.00,,金錢,臺北市內湖區****,0921*****,
61,江志銘,107年直轄市議員選舉,首次申報,1070801,個人捐贈收入,潘明泉,F10*******,20000.00,0.00,,金錢,新北市淡水區****,0910*****,
62,江志銘,107年直轄市議員選舉,首次申報,1070801,個人捐贈收入,鄭添全,F10*******,20000.00,0.00,,金錢,臺北市萬華區****,0932*****,
63,江志銘,107年直轄市議員選舉,首次申報,1070801,個人捐贈收入,陳中統,F10*******,20000.00,0.00,,金錢,新北市中和區****,0935*****,
64,江志銘,107年直轄市議員選舉,首次申報,1070801,個人捐贈收入,鄧俊雄,F12*******,20000.00,0.00,,金錢,新北市三重區****,0920*****,
65,江志銘,107年直轄市議員選舉,首次申報,1070801,個人捐贈收入,高偕化,F12*******,20000.00,0.00,,金錢,臺北市大安區****,0937*****,
66,江志銘,107年直轄市議員選舉,首次申報,1070801,個人捐贈收入,呂榮進,F12*******,20000.00,0.00,,金錢,臺北市大安區****,0937*****,
67,江志銘,107年直轄市議員選舉,首次申報,1070801,個人捐贈收入,鄧木榮,F12*******,20000.00,0.00,,金錢,新北市三重區****,0935*****,
68,江志銘,107年直轄市議員選舉,首次申報,1070801,個人捐贈收入,葉信成,K10*******,20000.00,0.00,,金錢,臺北市大同區****,0937*****,
69,江志銘,107年直轄市議員選舉,首次申報,1070801,個人捐贈收入,陳泰然,L10*******,20000.00,0.00,,金錢,新北市蘆洲區****,0922*****,
70,江志銘,107年直轄市議員選舉,首次申報,1070801,個人捐贈收入,黃奕綺,P22*******,40000.00,0.00,,金錢,新北市三重區****,0988*****,
71,江志銘,107年直轄市議員選舉,首次申報,1070801,個人捐贈收入,李少桓,Q10*******,20000.00,0.00,,金錢,臺北市北投區****,0933*****,
72,江志銘,107年直轄市議員選舉,首次申報,1070801,個人捐贈收入,許博鈞,Q10*******,20000.00,0.00,,金錢,新北市三重區****,0911*****,
73,江志銘,107年直轄市議員選舉,首次申報,1070801,個人捐贈收入,陳文煌,R12*******,20000.00,0.00,,金錢,臺北市松山區****,0955*****,
74,江志銘,107年直轄市議員選舉,首次申報,1070801,個人捐贈收入,林彥忠,S12*******,60000.00,0.00,,金錢,臺北市中山區****,0920*****,
75,江志銘,107年直轄市議員選舉,首次申報,1070801,個人捐贈收入,蔡茂寅,T10*******,20000.00,0.00,,金錢,臺北市萬華區****,0955*****,
76,江志銘,107年直轄市議員選舉,首次申報,1070801,個人捐贈收入,陳宗智,U12*******,20000.00,0.00,,金錢,新北市汐止區****,2698*****,
77,江志銘,107年直轄市議員選舉,首次申報,1070802,個人捐贈收入,劉文慶,N10*******,30000.00,0.00,,金錢,臺中市南屯區****,0932*****,
78,江志銘,107年直轄市議員選舉,首次申報,1070806,個人捐贈收入,曹永欽,A10*******,100000.00,0.00,,金錢,新北市中和區****,0936*****,
79,江志銘,107年直轄市議員選舉,首次申報,1070806,個人捐贈收入,陳建安,A12*******,20000.00,0.00,,金錢,臺北市內湖區****,0955*****,
80,江志銘,107年直轄市議員選舉,首次申報,1070806,個人捐贈收入,馬靖佳,A22*******,20000.00,0.00,,金錢,臺北市內湖區****,0933*****,
81,江志銘,107年直轄市議員選舉,首次申報,1070806,個人捐贈收入,鄭旭峰,F12*******,20000.00,0.00,,金錢,臺北市內湖區****,0989*****,
82,江志銘,107年直轄市議員選舉,首次申報,1070806,個人捐贈收入,曹祐銓,F12*******,100000.00,0.00,,金錢,新北市中和區****,0953*****,
83,江志銘,107年直轄市議員選舉,首次申報,1070806,個人捐贈收入,呂昭儀,F22*******,20000.00,0.00,,金錢,臺北市內湖區****,0982*****,
84,江志銘,107年直轄市議員選舉,首次申報,1070806,個人捐贈收入,鄺平偉,Q12*******,20000.00,0.00,,金錢,臺北市內湖區****,0936*****,
85,江志銘,107年直轄市議員選舉,首次申報,1070809,營利事業捐贈收入,鰻鄉餐飲股份有限公司,52364369,500000.00,0.00,,金錢,臺北市內湖區****,8752*****,
86,江志銘,107年直轄市議員選舉,首次申報,1070821,個人捐贈收入,陳銘堯,A10*******,50000.00,0.00,,金錢,臺北市內湖區****,0980*****,
87,江志銘,107年直轄市議員選舉,首次申報,1070821,個人捐贈收入,梁和樹,H10*******,20000.00,0.00,,金錢,桃園市中壢區****,0937*****,
88,江志銘,107年直轄市議員選舉,首次申報,1070824,個人捐贈收入,陳壽美,A20*******,50000.00,0.00,,金錢,臺北市中山區****,2567*****,
89,江志銘,107年直轄市議員選舉,首次申報,1070831,營利事業捐贈收入,真承投資股份有限公司,53693585,100000.00,0.00,,金錢,新北市新莊區****,0988*****,
90,江志銘,107年直轄市議員選舉,首次申報,1070907,個人捐贈收入,沈竹雄,F10*******,40000.00,0.00,,金錢,臺北市中山區****,0987*****,
91,江志銘,107年直轄市議員選舉,首次申報,1070907,個人捐贈收入,陳韋廷,F12*******,60000.00,0.00,,金錢,臺北市松山區****,0914*****,
92,江志銘,107年直轄市議員選舉,首次申報,1070907,個人捐贈收入,陳巍浩,F12*******,100000.00,0.00,,金錢,新北市新莊區****,0911*****,
93,江志銘,107年直轄市議員選舉,首次申報,1070912,個人捐贈收入,王海上,Y10*******,10000.00,0.00,,金錢,臺北市士林區****,0932*****,
94,江志銘,107年直轄市議員選舉,首次申報,1070921,營利事業捐贈收入,坤雄開發有限公司,42651031,200000.00,0.00,,金錢,臺北市中山區****,2771*****,
95,江志銘,107年直轄市議員選舉,首次申報,1070925,營利事業捐贈收入,天下第一味海鮮熱炒,48807975,40000.00,0.00,,金錢,臺北市內湖區****,0988*****,
96,江志銘,107年直轄市議員選舉,首次申報,1070925,營利事業捐贈收入,楊林養生有限公司,52808379,20000.00,0.00,,金錢,臺北市中山區****,0980*****,
97,江志銘,107年直轄市議員選舉,首次申報,1070925,營利事業捐贈收入,合懋興業股份有限公司,80514939,20000.00,0.00,,金錢,臺北市北投區****,2896*****,
98,江志銘,107年直轄市議員選舉,首次申報,1070925,個人捐贈收入,侯瑞光,A11*******,50000.00,0.00,,金錢,臺北市中山區****,0910*****,
99,江志銘,107年直轄市議員選舉,首次申報,1070928,個人捐贈收入,羅碧華,A22*******,100000.00,0.00,,金錢,臺北市內湖區****,0928*****,
100,江志銘,107年直轄市議員選舉,首次申報,1070928,個人捐贈收入,陳武賓,E10*******,10000.00,0.00,,金錢,高雄市苓雅區****,0930*****,
101,江志銘,107年直轄市議員選舉,首次申報,1070930,個人捐贈收入,王純香,P20*******,100000.00,0.00,,金錢,高雄市鳥松區****,,
102,江志銘,107年直轄市議員選舉,首次申報,1070930,個人捐贈收入,陳燕隆,R10*******,100000.00,0.00,,金錢,高雄市仁武區****,,
103,江志銘,107年直轄市議員選舉,首次申報,1071002,營利事業捐贈收入,上登水電工程有限公司,16587415,40000.00,0.00,,金錢,臺北市內湖區****,2792*****,
104,江志銘,107年直轄市議員選舉,首次申報,1071002,營利事業捐贈收入,友聞工業有限公司,89685201,20000.00,0.00,,金錢,新北市汐止區****,2693*****,
105,江志銘,107年直轄市議員選舉,首次申報,1071002,個人捐贈收入,林信東,A12*******,20000.00,0.00,,金錢,臺北市內湖區****,0917*****,
106,江志銘,107年直轄市議員選舉,首次申報,1071002,個人捐贈收入,劉燕如,A22*******,100000.00,0.00,,金錢,臺北市內湖區****,0958*****,
107,江志銘,107年直轄市議員選舉,首次申報,1071002,個人捐贈收入,鄭宜章,F12*******,20000.00,0.00,,金錢,新北市汐止區****,0933*****,
108,江志銘,107年直轄市議員選舉,首次申報,1071002,個人捐贈收入,李儒昇,G12*******,20000.00,0.00,,金錢,臺北市松山區****,0935*****,
109,江志銘,107年直轄市議員選舉,首次申報,1071002,個人捐贈收入,丁素花,P20*******,100000.00,0.00,,金錢,臺北市內湖區****,0958*****,
110,江志銘,107年直轄市議員選舉,首次申報,1071002,個人捐贈收入,楊三寶,Q12*******,20000.00,0.00,,金錢,臺北市南港區****,0937*****,
111,江志銘,107年直轄市議員選舉,首次申報,1071002,個人捐贈收入,郭昆昌,U12*******,100000.00,0.00,,金錢,臺北市內湖區****,0958*****,
112,江志銘,107年直轄市議員選舉,首次申報,1071004,個人捐贈收入,周水美,A22*******,20000.00,0.00,,金錢,臺北市中山區****,0910*****,
113,江志銘,107年直轄市議員選舉,首次申報,1071011,人民團體捐贈收入,社團法人台北市牙醫師公會,,30000.00,0.00,,金錢,台北市中正區****,02-2*****,
114,江志銘,107年直轄市議員選舉,首次申報,1071011,個人捐贈收入,顏啟文,P12*******,40000.00,0.00,,金錢,臺北市內湖區****,0935*****,
115,江志銘,107年直轄市議員選舉,首次申報,1071011,個人捐贈收入,吳仁彬,Q10*******,20000.00,0.00,,金錢,臺北市中正區****,0921*****,
116,江志銘,107年直轄市議員選舉,首次申報,1071012,個人捐贈收入,毛林素娥,R20*******,20000.00,0.00,,金錢,臺南市鹽水區****,0932*****,
117,江志銘,107年直轄市議員選舉,首次申報,1071015,營利事業捐贈收入,承暉精品有限公司,12638737,20000.00,0.00,,金錢,新北市板橋區****,2953*****,
118,江志銘,107年直轄市議員選舉,首次申報,1071015,營利事業捐贈收入,三和不動產經紀有限公司,42705402,20000.00,0.00,,金錢,新北市汐止區****,,
119,江志銘,107年直轄市議員選舉,首次申報,1071015,營利事業捐贈收入,阿田行有限公司,50760005,20000.00,0.00,,金錢,臺北市士林區****,8787*****,
120,江志銘,107年直轄市議員選舉,首次申報,1071015,營利事業捐贈收入,密都飯店有限公司,89443062,20000.00,0.00,,金錢,臺北市中山區****,2506*****,
121,江志銘,107年直轄市議員選舉,首次申報,1071015,個人捐贈收入,羅鴻源,A12*******,20000.00,0.00,,金錢,新北市板橋區****,,
122,江志銘,107年直轄市議員選舉,首次申報,1071015,個人捐贈收入,陳新發,Q10*******,20000.00,0.00,,金錢,嘉義縣六腳鄉****,,
123,江志銘,107年直轄市議員選舉,首次申報,1071015,個人捐贈收入,劉素靜,Q22*******,20000.00,0.00,,金錢,臺北市文山區****,0932*****,
124,江志銘,107年直轄市議員選舉,首次申報,1071015,個人捐贈收入,邱佩冠,Q22*******,40000.00,0.00,,金錢,臺北市大安區****,0928*****,
125,江志銘,107年直轄市議員選舉,首次申報,1071015,個人捐贈收入,林聖哲,T12*******,20000.00,0.00,,金錢,臺北市大安區****,,
126,江志銘,107年直轄市議員選舉,首次申報,1071015,個人捐贈收入,蔡林麗香,T20*******,5000.00,0.00,,金錢,臺北市南港區****,0922*****,
127,江志銘,107年直轄市議員選舉,首次申報,1071015,個人捐贈收入,魏聰文,U12*******,20000.00,0.00,,金錢,新北市新莊區****,,
128,江志銘,107年直轄市議員選舉,首次申報,1071019,個人捐贈收入,陳堡霖,Q10*******,10000.00,0.00,,金錢,臺北市南港區****,2786*****,
129,江志銘,107年直轄市議員選舉,首次申報,1071020,人民團體捐贈收入,新北市陸軍第一特種兵權益促進協會,,2000.00,0.00,,金錢,新北市樹林區****,0935*****,
130,江志銘,107年直轄市議員選舉,首次申報,1071020,人民團體捐贈收入,台灣陸軍第一特種兵權益促進總會,,2000.00,0.00,,金錢,臺南市永康區****,06-2*****,
131,江志銘,107年直轄市議員選舉,首次申報,1071020,營利事業捐贈收入,日中有限公司,04832934,10000.00,0.00,,金錢,臺北市南港區****,2782*****,
132,江志銘,107年直轄市議員選舉,首次申報,1071020,營利事業捐贈收入,展旭營造工程有限公司,24477047,10000.00,0.00,,金錢,新北市中和區****,2698*****,
133,江志銘,107年直轄市議員選舉,首次申報,1071020,營利事業捐贈收入,大紳有限公司,28181501,20000.00,0.00,,金錢,臺北市內湖區****,2792*****,
134,江志銘,107年直轄市議員選舉,首次申報,1071020,營利事業捐贈收入,弁當工場有限公司,52382182,3000.00,0.00,,金錢,臺北市南港區****,2788*****,
135,江志銘,107年直轄市議員選舉,首次申報,1071020,營利事業捐贈收入,府城事業有限公司,80042214,30000.00,0.00,,金錢,新北市樹林區****,2689*****,
136,江志銘,107年直轄市議員選舉,首次申報,1071020,個人捐贈收入,黃景藤,A10*******,2000.00,0.00,,金錢,臺北市內湖區****,2657*****,
137,江志銘,107年直轄市議員選舉,首次申報,1071020,個人捐贈收入,藍錦村,A11*******,3000.00,0.00,,金錢,臺北市內湖區****,2792*****,
138,江志銘,107年直轄市議員選舉,首次申報,1071020,個人捐贈收入,張容彰,A12*******,6000.00,0.00,,金錢,臺北市大安區****,0931*****,
139,江志銘,107年直轄市議員選舉,首次申報,1071020,個人捐贈收入,簡勝郎,F10*******,3000.00,0.00,,金錢,臺北市內湖區****,0936*****,
140,江志銘,107年直轄市議員選舉,首次申報,1071020,個人捐贈收入,林調和,F10*******,6000.00,0.00,,金錢,新北市三重區****,8988*****,
141,江志銘,107年直轄市議員選舉,首次申報,1071020,個人捐贈收入,江士湧,F10*******,5000.00,0.00,,金錢,臺北市內湖區****,0936*****,
142,江志銘,107年直轄市議員選舉,首次申報,1071020,個人捐贈收入,賴金發,F10*******,20000.00,0.00,,金錢,臺北市內湖區****,,
143,江志銘,107年直轄市議員選舉,首次申報,1071020,個人捐贈收入,莊雅如,F22*******,5000.00,0.00,,金錢,新北市三重區****,0922*****,
144,江志銘,107年直轄市議員選舉,首次申報,1071020,個人捐贈收入,楊豐政,G10*******,20000.00,0.00,,金錢,臺北市松山區****,,
145,江志銘,107年直轄市議員選舉,首次申報,1071020,個人捐贈收入,李煜聰,N12*******,6600.00,0.00,,金錢,臺北市南港區****,0910*****,
146,江志銘,107年直轄市議員選舉,首次申報,1071020,個人捐贈收入,許國郎,Q12*******,10000.00,0.00,,金錢,臺北市信義區****,0933*****,
147,江志銘,107年直轄市議員選舉,首次申報,1071022,個人捐贈收入,李秀民,T10*******,100000.00,0.00,,金錢,新北市汐止區****,2518*****,
148,江志銘,107年直轄市議員選舉,首次申報,1071023,營利事業捐贈收入,亦立有限公司,86878485,20000.00,0.00,,金錢,臺北市內湖區****,2797*****,
149,江志銘,107年直轄市議員選舉,首次申報,1071023,個人捐贈收入,李柏鋒,E12*******,3000.00,0.00,,金錢,臺北市文山區****,0920*****,
150,江志銘,107年直轄市議員選舉,首次申報,1071023,個人捐贈收入,張裕彬,P10*******,30000.00,0.00,,金錢,臺北市內湖區****,8791*****,
151,江志銘,107年直轄市議員選舉,首次申報,1071024,個人捐贈收入,林進山,F10*******,30000.00,0.00,,金錢,新北市樹林區****,0939*****,
152,江志銘,107年直轄市議員選舉,首次申報,1071024,個人捐贈收入,張鉻理,P22*******,20000.00,0.00,,金錢,臺北市南港區****,,
153,江志銘,107年直轄市議員選舉,首次申報,1071025,個人捐贈收入,邱玉玲,A22*******,10000.00,0.00,,金錢,臺北市內湖區****,0955*****,
154,江志銘,107年直轄市議員選舉,首次申報,1071026,個人捐贈收入,陳水金,A10*******,18888.00,0.00,,金錢,臺北市內湖區****,0932*****,
155,江志銘,107年直轄市議員選舉,首次申報,1071030,個人捐贈收入,林芳寬,F22*******,100000.00,0.00,,金錢,臺北市內湖區****,0935*****,
156,江志銘,107年直轄市議員選舉,首次申報,1071031,個人捐贈收入,劉宗河,M12*******,20000.00,0.00,,金錢,臺北市士林區****,0935*****,
157,江志銘,107年直轄市議員選舉,首次申報,1071101,個人捐贈收入,邱姿蒨,A22*******,10000.00,0.00,,金錢,臺北市大安區****,0937*****,
158,江志銘,107年直轄市議員選舉,首次申報,1071105,個人捐贈收入,張慶忠,A10*******,50000.00,0.00,,金錢,臺北市內湖區****,0939*****,
159,江志銘,107年直轄市議員選舉,首次申報,1071106,營利事業捐贈收入,楊林養生有限公司,52808379,50000.00,0.00,,金錢,臺北市中山區****,0980*****,
160,江志銘,107年直轄市議員選舉,首次申報,1071107,營利事業捐贈收入,欣協昌企業有限公司,65967399,20000.00,0.00,,金錢,新北市林口區****,2601*****,
161,江志銘,107年直轄市議員選舉,首次申報,1071107,個人捐贈收入,侯尊仁,A12*******,100000.00,0.00,,金錢,臺北市內湖區****,0988*****,
162,江志銘,107年直轄市議員選舉,首次申報,1071107,個人捐贈收入,向可立,A12*******,100000.00,0.00,,金錢,臺北市內湖區****,0935*****,
163,江志銘,107年直轄市議員選舉,首次申報,1071107,個人捐贈收入,羅文德,F12*******,100000.00,0.00,,金錢,臺北市內湖區****,0988*****,
164,江志銘,107年直轄市議員選舉,首次申報,1071107,個人捐贈收入,羅櫻惠,F22*******,100000.00,0.00,,金錢,臺北市內湖區****,0933*****,
165,江志銘,107年直轄市議員選舉,首次申報,1071107,個人捐贈收入,許章賢,Q10*******,60000.00,0.00,,金錢,臺北市中山區****,0935*****,
166,江志銘,107年直轄市議員選舉,首次申報,1071107,個人捐贈收入,李文華,Q22*******,100000.00,0.00,,金錢,臺北市內湖區****,0931*****,
167,江志銘,107年直轄市議員選舉,首次申報,1071112,個人捐贈收入,吳春枰,A10*******,10000.00,0.00,,金錢,臺北市松山區****,0919*****,
168,江志銘,107年直轄市議員選舉,首次申報,1071112,個人捐贈收入,王燦煌,A10*******,10000.00,0.00,,金錢,臺北市內湖區****,0932*****,
169,江志銘,107年直轄市議員選舉,首次申報,1071112,個人捐贈收入,林建和,F12*******,50000.00,0.00,,金錢,新北市淡水區****,,
170,江志銘,107年直轄市議員選舉,首次申報,1071112,個人捐贈收入,林建雄,F12*******,50000.00,0.00,,金錢,新北市淡水區****,,
171,江志銘,107年直轄市議員選舉,首次申報,1071112,個人捐贈收入,林建盛,F12*******,50000.00,0.00,,金錢,新北市淡水區****,,
172,江志銘,107年直轄市議員選舉,首次申報,1071112,個人捐贈收入,劉銘德,F12*******,40000.00,0.00,,金錢,新北市淡水區****,0933*****,
173,江志銘,107年直轄市議員選舉,首次申報,1071112,個人捐贈收入,林陳菊英,F20*******,50000.00,0.00,,金錢,新北市淡水區****,,
174,江志銘,107年直轄市議員選舉,首次申報,1071112,個人捐贈收入,顏娟娟,L22*******,20000.00,0.00,,金錢,宜蘭縣五結鄉****,0972*****,
175,江志銘,107年直轄市議員選舉,首次申報,1071114,個人捐贈收入,呂光淨,Q10*******,6000.00,0.00,,金錢,臺北市內湖區****,0955*****,
176,江志銘,107年直轄市議員選舉,首次申報,1071115,個人捐贈收入,王日新,A10*******,20000.00,0.00,,金錢,臺北市中山區****,2522*****,
177,江志銘,107年直轄市議員選舉,首次申報,1071115,個人捐贈收入,許保生,P10*******,20000.00,0.00,,金錢,臺北市中山區****,0936*****,
178,江志銘,107年直轄市議員選舉,首次申報,1071116,個人捐贈收入,黃文成,F12*******,20000.00,0.00,,金錢,新北市新店區****,0937*****,
179,江志銘,107年直轄市議員選舉,首次申報,1071116,個人捐贈收入,謝明華,R10*******,60000.00,0.00,,金錢,臺北市內湖區****,0910*****,
180,江志銘,107年直轄市議員選舉,首次申報,1071119,個人捐贈收入,林久恩,A10*******,20000.00,0.00,,金錢,臺北市中山區****,0935*****,
181,江志銘,107年直轄市議員選舉,首次申報,1071119,個人捐贈收入,劉月琴,A20*******,20000.00,0.00,,金錢,臺北市中山區****,0935*****,
182,江志銘,107年直轄市議員選舉,首次申報,1071119,個人捐贈收入,陳水生,T12*******,20000.00,0.00,,金錢,臺北市南港區****,0910*****,
183,江志銘,107年直轄市議員選舉,首次申報,1071121,營利事業捐贈收入,楊林養生有限公司,52808379,20000.00,0.00,,金錢,臺北市中山區****,0980*****,
184,江志銘,107年直轄市議員選舉,首次申報,1071121,個人捐贈收入,陳德照,A10*******,100000.00,0.00,,金錢,臺北市松山區****,,
185,江志銘,107年直轄市議員選舉,首次申報,1071121,個人捐贈收入,洪守隆,A10*******,100000.00,0.00,,金錢,臺中市西屯區****,,
186,江志銘,107年直轄市議員選舉,首次申報,1071122,營利事業捐贈收入,鴻鑫發科技有限公司,53936703,50000.00,0.00,,金錢,臺北市松山區****,,
187,江志銘,107年直轄市議員選舉,首次申報,1071122,個人捐贈收入,林宗華,N12*******,6000.00,0.00,,金錢,新北市新莊區****,0932*****,
188,江志銘,107年直轄市議員選舉,首次申報,1071122,個人捐贈收入,許茂煌,Q10*******,10000.00,0.00,,金錢,新北市汐止區****,0932*****,
