﻿序號,擬參選人／政黨,選舉名稱,申報序號／年度,交易日期,收支科目,捐贈者／支出對象,身分證／統一編號,收入金額,支出金額,捐贈方式,存入專戶日期,返還/繳庫,支出用途,金錢類,地址,聯絡電話,應揭露之支出對象,支出對象之內部人員姓名,支出對象之內部人員職稱,政黨之內部人員姓名,政黨之內部人員職稱,關係,更正註記,資料更正日期
1,羅廷瑋,113年立法委員選舉,首次申報,1120613,個人捐贈收入,江建鋅,B12*******,100000.00,0.00,現金,1120613,,,金錢,臺中市南屯區****,04-2*****,,,,,,,,
2,羅廷瑋,113年立法委員選舉,首次申報,1120613,個人捐贈收入,林鴻瑋,N12*******,100000.00,0.00,現金,1120613,,,金錢,臺中市南屯區****,0938*****,,,,,,,,
3,羅廷瑋,113年立法委員選舉,首次申報,1120613,個人捐贈收入,林鴻儒,N12*******,100000.00,0.00,現金,1120613,,,金錢,彰化縣秀水鄉****,0935*****,,,,,,,,
4,羅廷瑋,113年立法委員選舉,首次申報,1120621,其他收入,利息收入,,38.00,0.00,匯款,1120621,,,金錢,,,,,,,,,,
5,羅廷瑋,113年立法委員選舉,首次申報,1120621,營利事業捐贈收入,貫瑩環保有限公司,23938367,300000.00,0.00,匯款,1120621,,,金錢,臺中市神岡區****,0425*****,,,,,,,,
6,羅廷瑋,113年立法委員選舉,首次申報,1120626,個人捐贈收入,洪誌遠,B12*******,5000.00,0.00,現金,1120626,,,金錢,臺中市東區喬****,0983*****,,,,,,,,
7,羅廷瑋,113年立法委員選舉,首次申報,1120703,營利事業捐贈收入,博洛尼亞有限公司,42871817,200000.00,0.00,匯款,1120703,,,金錢,臺中市西區精****,,,,,,,,,
8,羅廷瑋,113年立法委員選舉,首次申報,1120706,營利事業捐贈收入,渥金廣告事業有限公司,90606198,150000.00,0.00,票據,1120710,,,金錢,臺中市西屯區****,0423*****,,,,,,,,
9,羅廷瑋,113年立法委員選舉,首次申報,1120711,個人捐贈收入,楊庭惠,B22*******,30000.00,0.00,現金,1120711,,,金錢,臺中市西區精****,0925*****,,,,,,,,
10,羅廷瑋,113年立法委員選舉,首次申報,1120716,營利事業捐贈收入,鼎冠興業有限公司,61376865,100000.00,0.00,匯款,1120716,,,金錢,臺中市烏日區****,0423*****,,,,,,,,
11,羅廷瑋,113年立法委員選舉,首次申報,1120717,個人捐贈收入,王勝業,L12*******,100000.00,0.00,現金,1120717,,,金錢,臺中市大里區****,0963*****,,,,,,,,
12,羅廷瑋,113年立法委員選舉,首次申報,1120724,營利事業捐贈收入,嬤寶食品有限公司,91042232,100000.00,0.00,匯款,1120724,,,金錢,臺中市大里區****,,,,,,,,,
13,羅廷瑋,113年立法委員選舉,首次申報,1120725,個人捐贈收入,江子靖,B12*******,100000.00,0.00,匯款,1120725,,,金錢,臺中市西屯區****,0423*****,,,,,,,,
14,羅廷瑋,113年立法委員選舉,首次申報,1120725,個人捐贈收入,王郁瑄,M22*******,100000.00,0.00,匯款,1120725,,,金錢,臺中市西屯區****,0423*****,,,,,,,,
15,羅廷瑋,113年立法委員選舉,首次申報,1120805,個人捐贈收入,林育立,B12*******,3000.00,0.00,匯款,1120811,,,金錢,臺中市南區德****,0921*****,,,,,,,,
16,羅廷瑋,113年立法委員選舉,首次申報,1120808,匿名捐贈,匿名8,,200.00,0.00,現金,1120808,,,金錢,,,,,,,,,,
17,羅廷瑋,113年立法委員選舉,首次申報,1120808,個人捐贈收入,萬智國,B12*******,500.00,0.00,匯款,1120811,,,金錢,臺中市東區大****,0923*****,,,,,,,,
18,羅廷瑋,113年立法委員選舉,首次申報,1120808,個人捐贈收入,謝成鑫,B12*******,3000.00,0.00,匯款,1120811,,,金錢,臺中市南區三****,0978*****,,,,,,,,
19,羅廷瑋,113年立法委員選舉,首次申報,1120808,個人捐贈收入,陳以旋,F12*******,100000.00,0.00,匯款,1120808,,,金錢,臺中市西屯區****,0975*****,,,,,,,,
20,羅廷瑋,113年立法委員選舉,首次申報,1120808,個人捐贈收入,陳以倫,F12*******,100000.00,0.00,現金,1120808,,,金錢,臺中市西屯區****,0911*****,,,,,,,,
21,羅廷瑋,113年立法委員選舉,首次申報,1120808,個人捐贈收入,李正行,R12*******,1000.00,0.00,匯款,1120811,,,金錢,臺中市東區精****,0933*****,,,,,,,,
22,羅廷瑋,113年立法委員選舉,首次申報,1120809,個人捐贈收入,吳麗娟,G22*******,100000.00,0.00,現金,1120809,,,金錢,臺中市西屯區****,0935*****,,,,,,,,
23,羅廷瑋,113年立法委員選舉,首次申報,1120809,個人捐贈收入,卓慶能,J12*******,100000.00,0.00,現金,1120809,,,金錢,臺中市西屯區****,0935*****,,,,,,,,
24,羅廷瑋,113年立法委員選舉,首次申報,1120809,個人捐贈收入,李春枝,J22*******,12000.00,0.00,現金,1120809,,,金錢,臺中市潭子區****,0920*****,,,,,,,,
25,羅廷瑋,113年立法委員選舉,首次申報,1120809,個人捐贈收入,邱蘭慧,K22*******,100000.00,0.00,現金,1120809,,,金錢,臺中市南屯區****,0932*****,,,,,,,,
26,羅廷瑋,113年立法委員選舉,首次申報,1120809,個人捐贈收入,黃宗基,M12*******,1000.00,0.00,匯款,1120818,,,金錢,臺中市南區學****,0988*****,,,,,,,,
27,羅廷瑋,113年立法委員選舉,首次申報,1120810,營利事業捐贈收入,頡鋒實業有限公司,24596748,100000.00,0.00,匯款,1120810,,,金錢,臺中市太平區****,0912*****,,,,,,,,
28,羅廷瑋,113年立法委員選舉,首次申報,1120811,匿名捐贈,匿名5,,3000.00,0.00,現金,1120811,,,金錢,,,,,,,,,,
29,羅廷瑋,113年立法委員選舉,首次申報,1120815,個人捐贈收入,陳佑嘉,B12*******,500.00,0.00,匯款,1120818,,,金錢,彰化縣溪州鄉****,0912*****,,,,,,,,
30,羅廷瑋,113年立法委員選舉,首次申報,1120816,匿名捐贈,匿名,,2000.00,0.00,匯款,1120825,,,金錢,,,,,,,,,,
31,羅廷瑋,113年立法委員選舉,首次申報,1120816,營利事業捐贈收入,勁豪汽車玻璃商行,80843806,20000.00,0.00,現金,1120816,,,金錢,臺中市西區五****,0422*****,,,,,,,,
32,羅廷瑋,113年立法委員選舉,首次申報,1120816,營利事業捐贈收入,六合工程開發有限公司,85118584,400000.00,0.00,票據,1120821,,,金錢,臺中市北屯區****,,,,,,,,,
33,羅廷瑋,113年立法委員選舉,首次申報,1120816,個人捐贈收入,張瑋宸,B12*******,3000.00,0.00,現金,1120816,,,金錢,臺中市東區富****,0909*****,,,,,,,,
34,羅廷瑋,113年立法委員選舉,首次申報,1120816,個人捐贈收入,陳俊廷,L12*******,100000.00,0.00,現金,1120816,,,金錢,臺中市北屯區****,0939*****,,,,,,,,
35,羅廷瑋,113年立法委員選舉,首次申報,1120816,個人捐贈收入,池㛄璇,L22*******,100000.00,0.00,現金,1120816,,,金錢,臺中市北屯區****,,,,,,,,,
36,羅廷瑋,113年立法委員選舉,首次申報,1120816,個人捐贈收入,王清樹,Q10*******,10000.00,0.00,現金,1120816,,,金錢,臺中市大里區****,0932*****,,,,,,,,
37,羅廷瑋,113年立法委員選舉,首次申報,1120816,個人捐贈收入,張良宇,Q12*******,500.00,0.00,匯款,1120825,,,金錢,嘉義縣水上鄉****,0929*****,,,,,,,,
38,羅廷瑋,113年立法委員選舉,首次申報,1120817,營利事業捐贈收入,宏海國際管理有限公司,28757266,100000.00,0.00,現金,1120817,,,金錢,新北市板橋區****,0222*****,,,,,,,,
39,羅廷瑋,113年立法委員選舉,首次申報,1120824,營利事業捐贈收入,環久人力資源有限公司,54107824,250000.00,0.00,匯款,1120824,,,金錢,臺中市南區福****,,,,,,,,,
40,羅廷瑋,113年立法委員選舉,首次申報,1120824,營利事業捐贈收入,忠盛國際人力仲介有限公司,70733858,250000.00,0.00,匯款,1120824,,,金錢,臺中市南區福****,,,,,,,,,
41,羅廷瑋,113年立法委員選舉,首次申報,1120824,個人捐贈收入,彭士峯,L12*******,500.00,0.00,匯款,1120901,,,金錢,臺中市西屯區****,0955*****,,,,,,,,
42,羅廷瑋,113年立法委員選舉,首次申報,1120828,個人捐贈收入,曾信華,B12*******,20000.00,0.00,現金,1120828,,,金錢,臺中市西區公****,0910*****,,,,,,,,
43,羅廷瑋,113年立法委員選舉,首次申報,1120901,個人捐贈收入,陳建志,T12*******,1000.00,0.00,匯款,1120908,,,金錢,屏東縣潮州鎮****,0919*****,,,,,,,,
44,羅廷瑋,113年立法委員選舉,首次申報,1120905,個人捐贈收入,顏千庭,L22*******,10000.00,0.00,現金,1120905,,,金錢,臺中市東區練****,0988*****,,,,,,,,
45,羅廷瑋,113年立法委員選舉,首次申報,1120906,個人捐贈收入,許宏銘,B12*******,12000.00,0.00,現金,1120906,,,金錢,臺中市東區信****,0913*****,,,,,,,,
46,羅廷瑋,113年立法委員選舉,首次申報,1120906,個人捐贈收入,洪國峰,L12*******,12000.00,0.00,現金,1120906,,,金錢,臺中市北區進****,0958*****,,,,,,,,
47,羅廷瑋,113年立法委員選舉,首次申報,1120914,個人捐贈收入,余耀東,B12*******,100000.00,0.00,現金,1120914,,,金錢,臺中市北屯區****,0921*****,,,,,,,,
48,羅廷瑋,113年立法委員選舉,首次申報,1120914,個人捐贈收入,蘇瑞彬,B12*******,100000.00,0.00,匯款,1120914,,,金錢,臺中市南區樹****,0937*****,,,,,,,,
49,羅廷瑋,113年立法委員選舉,首次申報,1120914,個人捐贈收入,蘇瑞隆,B12*******,100000.00,0.00,匯款,1120914,,,金錢,臺中市南區樹****,0928*****,,,,,,,,
50,羅廷瑋,113年立法委員選舉,首次申報,1120914,個人捐贈收入,李鎔丞,B12*******,100000.00,0.00,現金,1120914,,,金錢,臺中市太平區****,,,,,,,,,
51,羅廷瑋,113年立法委員選舉,首次申報,1120914,個人捐贈收入,余伯罕,B12*******,100000.00,0.00,現金,1120914,,,金錢,臺中市北屯區****,0921*****,,,,,,,,
52,羅廷瑋,113年立法委員選舉,首次申報,1120914,個人捐贈收入,鄧志郁,L22*******,100000.00,0.00,現金,1120914,,,金錢,臺中市西區忠****,04-2*****,,,,,,,,
53,羅廷瑋,113年立法委員選舉,首次申報,1120914,個人捐贈收入,羅平炳,S10*******,10000.00,0.00,現金,1120914,,,金錢,臺中市中區公****,0928*****,,,,,,,,
54,羅廷瑋,113年立法委員選舉,首次申報,1120914,個人捐贈收入,陳琬琳,T22*******,100000.00,0.00,現金,1120914,,,金錢,臺中市太平區****,0921*****,,,,,,,,
55,羅廷瑋,113年立法委員選舉,首次申報,1120918,政黨捐贈收入,中國國民黨,政黨證字第1號,300000.00,0.00,票據,1120925,,,金錢,台北市中山區****,(02)*****,,,,,,,,
56,羅廷瑋,113年立法委員選舉,首次申報,1120920,個人捐贈收入,康積馨,A22*******,50000.00,0.00,現金,1120920,,,金錢,臺中市太平區****,0928*****,,,,,,,,
57,羅廷瑋,113年立法委員選舉,首次申報,1120920,個人捐贈收入,陳鎭屏,T12*******,200.00,0.00,匯款,1120922,,,金錢,臺中市南區工****,0958*****,,,,,,,,
58,羅廷瑋,113年立法委員選舉,首次申報,1120921,個人捐贈收入,廖麗英,M22*******,6000.00,0.00,匯款,1120928,,,金錢,臺中市南區工****,0928*****,,,,,,,,
59,羅廷瑋,113年立法委員選舉,首次申報,1120922,營利事業捐贈收入,山水蜂蜜股份有限公司,27124068,20000.00,0.00,匯款,1120922,,,金錢,雲林縣土庫鎮****,05-6*****,,,,,,,,
60,羅廷瑋,113年立法委員選舉,首次申報,1120922,個人捐贈收入,顧庭維,B12*******,100000.00,0.00,現金,1120922,,,金錢,臺中市西屯區****,0910*****,,,,,,,,
61,羅廷瑋,113年立法委員選舉,首次申報,1120922,個人捐贈收入,鄭美玲,B22*******,100000.00,0.00,現金,1120922,,,金錢,臺中市南屯區****,,,,,,,,,
62,羅廷瑋,113年立法委員選舉,首次申報,1120922,個人捐贈收入,施義福,N12*******,100000.00,0.00,現金,1120922,,,金錢,臺中市南屯區****,0958*****,,,,,,,,
63,羅廷瑋,113年立法委員選舉,首次申報,1120922,個人捐贈收入,高慕萍,N22*******,100000.00,0.00,現金,1120922,,,金錢,臺中市西屯區****,,,,,,,,,
64,羅廷瑋,113年立法委員選舉,首次申報,1120925,營利事業捐贈收入,寶德人力資源顧問有限公司,84161227,20000.00,0.00,匯款,1120925,,,金錢,臺中市梧棲區****,04-2*****,,,,,,,,
65,羅廷瑋,113年立法委員選舉,首次申報,1120926,營利事業捐贈收入,富康長照股份有限公司附設臺中市私立富康居家長照機構,87215942,20000.00,0.00,匯款,1120926,,,金錢,臺中市大甲區****,04-2*****,,,,,,,,
66,羅廷瑋,113年立法委員選舉,首次申報,1120927,個人捐贈收入,阮氏鳳,,20000.00,0.00,現金,1120927,,,金錢,,0928*****,,,,,,,,
67,羅廷瑋,113年立法委員選舉,首次申報,1120928,營利事業捐贈收入,展鈺人力仲介有限公司,24826349,20000.00,0.00,匯款,1120928,,,金錢,臺中市東區振****,04-2*****,,,,,,,,
68,羅廷瑋,113年立法委員選舉,首次申報,1121002,個人捐贈收入,劉沛晴,M22*******,3000.00,0.00,現金,1121002,,,金錢,臺中市烏日區****,0937*****,,,,,,,,
69,羅廷瑋,113年立法委員選舉,首次申報,1121003,個人捐贈收入,陳素玲,F20*******,3000.00,0.00,匯款,1121003,,,金錢,臺中市東區東****,0923*****,,,,,,,,
70,羅廷瑋,113年立法委員選舉,首次申報,1121004,人民團體捐贈收入,臺中市就業服務商業同業公會,,300000.00,0.00,匯款,1121004,,,金錢,臺中市南區美****,04-2*****,,,,,,,,
71,羅廷瑋,113年立法委員選舉,首次申報,1121006,營利事業捐贈收入,志晟餐飲事業有限公司,24594517,20000.00,0.00,現金,1121006,,,金錢,臺中市北區錦****,04-2*****,,,,,,,,
72,羅廷瑋,113年立法委員選舉,首次申報,1121006,營利事業捐贈收入,御鼎節能科技股份有限公司,25028461,20000.00,0.00,現金,1121006,,,金錢,臺中市烏日區****,0923*****,,,,,,,,
73,羅廷瑋,113年立法委員選舉,首次申報,1121006,營利事業捐贈收入,興龍機電科技股份有限公司,53959867,20000.00,0.00,現金,1121006,,,金錢,臺中市西屯區****,04-2*****,,,,,,,,
74,羅廷瑋,113年立法委員選舉,首次申報,1121006,個人捐贈收入,吳詠緹,H22*******,5000.00,0.00,現金,1121006,,,金錢,臺中市南屯區****,0928*****,,,,,,,,
75,羅廷瑋,113年立法委員選舉,首次申報,1121006,個人捐贈收入,楊招慧,P22*******,500.00,0.00,現金,1121006,,,金錢,臺中市東區進****,0921*****,,,,,,,,
76,羅廷瑋,113年立法委員選舉,首次申報,1121013,匿名捐贈,匿名2,,30.00,0.00,匯款,1121013,,,金錢,,,,,,,,,,
77,羅廷瑋,113年立法委員選舉,首次申報,1121013,匿名捐贈,匿名3,,30.00,0.00,匯款,1121013,,,金錢,,,,,,,,,,
78,羅廷瑋,113年立法委員選舉,首次申報,1121013,匿名捐贈,匿名4,,30.00,0.00,匯款,1121013,,,金錢,,,,,,,,,,
79,羅廷瑋,113年立法委員選舉,首次申報,1121014,個人捐贈收入,楊倬鈞,H12*******,1200.00,0.00,匯款,1121020,,,金錢,臺中市北屯區****,0937*****,,,,,,,,
80,羅廷瑋,113年立法委員選舉,首次申報,1121016,營利事業捐贈收入,傑人文教科技有限公司,80735807,10000.00,0.00,現金,1121016,已返還,,金錢,臺中市西區昇****,,,,,,,,,
81,羅廷瑋,113年立法委員選舉,首次申報,1121016,個人捐贈收入,王辭中,A12*******,100000.00,0.00,現金,1121016,,,金錢,新北市林口區****,0958*****,,,,,,,,
82,羅廷瑋,113年立法委員選舉,首次申報,1121016,個人捐贈收入,廖尚文,B10*******,100000.00,0.00,現金,1121016,,,金錢,臺北市內湖區****,0988*****,,,,,,,,
83,羅廷瑋,113年立法委員選舉,首次申報,1121016,個人捐贈收入,林彥宏,B12*******,100000.00,0.00,現金,1121016,,,金錢,臺中市北屯區****,0921*****,,,,,,,,
84,羅廷瑋,113年立法委員選舉,首次申報,1121016,個人捐贈收入,鄭應娜,B20*******,100000.00,0.00,現金,1121016,,,金錢,新北市林口區****,0911*****,,,,,,,,
85,羅廷瑋,113年立法委員選舉,首次申報,1121016,個人捐贈收入,陳瑛帖,B22*******,20000.00,0.00,現金,1121016,,,金錢,臺中市南區文****,0972*****,,,,,,,,
86,羅廷瑋,113年立法委員選舉,首次申報,1121016,個人捐贈收入,陳錡鈺,E20*******,10000.00,0.00,現金,1121016,,,金錢,臺中市南區新****,0975*****,,,,,,,,
87,羅廷瑋,113年立法委員選舉,首次申報,1121016,個人捐贈收入,黃婕寧,H22*******,100000.00,0.00,現金,1121016,,,金錢,臺北市內湖區****,,,,,,,,,
88,羅廷瑋,113年立法委員選舉,首次申報,1121016,個人捐贈收入,蔡高明,J10*******,100000.00,0.00,現金,1121016,,,金錢,臺北市松山區****,0935*****,,,,,,,,
89,羅廷瑋,113年立法委員選舉,首次申報,1121016,個人捐贈收入,陳國輝,L12*******,100000.00,0.00,現金,1121016,,,金錢,臺中市北區北****,0936*****,,,,,,,,
90,羅廷瑋,113年立法委員選舉,首次申報,1121016,個人捐贈收入,張鴻國,L12*******,20000.00,0.00,現金,1121016,,,金錢,臺中市太平區****,0920*****,,,,,,,,
91,羅廷瑋,113年立法委員選舉,首次申報,1121016,個人捐贈收入,林佳杏,L22*******,100000.00,0.00,現金,1121016,,,金錢,臺中市北屯區****,0921*****,,,,,,,,
92,羅廷瑋,113年立法委員選舉,首次申報,1121016,個人捐贈收入,楊文佑,M12*******,10000.00,0.00,現金,1121016,,,金錢,臺中市大里區****,0932*****,,,,,,,,
93,羅廷瑋,113年立法委員選舉,首次申報,1121016,個人捐贈收入,戴依倫,M22*******,100000.00,0.00,現金,1121016,,,金錢,臺中市西屯區****,0975*****,,,,,,,,
94,羅廷瑋,113年立法委員選舉,首次申報,1121016,個人捐贈收入,劉芸芸,S22*******,100000.00,0.00,現金,1121016,,,金錢,臺中市西區五****,0928*****,,,,,,,,
95,羅廷瑋,113年立法委員選舉,首次申報,1121016,個人捐贈收入,潘建忠,T12*******,100000.00,0.00,現金,1121016,,,金錢,臺中市西屯區****,0926*****,,,,,,,,
96,羅廷瑋,113年立法委員選舉,首次申報,1121016,個人捐贈收入,許生忠,U12*******,100000.00,0.00,現金,1121016,,,金錢,臺北市大安區****,0988*****,,,,,,,,
97,羅廷瑋,113年立法委員選舉,首次申報,1121018,個人捐贈收入,黃穩駿,L12*******,10000.00,0.00,現金,1121018,,,金錢,新竹市東區東****,0919*****,,,,,,,,
98,羅廷瑋,113年立法委員選舉,首次申報,1121019,匿名捐贈,匿名6,,666.00,0.00,現金,1121019,,,金錢,,,,,,,,,,
99,羅廷瑋,113年立法委員選舉,首次申報,1121019,個人捐贈收入,陳淑勤,N22*******,60000.00,0.00,現金,1121019,,,金錢,臺中市南屯區****,0911*****,,,,,,,,
100,羅廷瑋,113年立法委員選舉,首次申報,1121025,營利事業捐贈收入,宥享企業有限公司,82980447,50000.00,0.00,現金,1121025,,,金錢,臺中市南區樹****,0961*****,,,,,,,,
101,羅廷瑋,113年立法委員選舉,首次申報,1121025,個人捐贈收入,曾崇芳,L12*******,10000.00,0.00,現金,1121025,,,金錢,臺中市北區育****,0921*****,,,,,,,,
102,羅廷瑋,113年立法委員選舉,首次申報,1121026,個人捐贈收入,陳元治,A12*******,100000.00,0.00,匯款,1121026,,,金錢,臺中市西區大****,,,,,,,,,
103,羅廷瑋,113年立法委員選舉,首次申報,1121027,個人捐贈收入,葉宗賢,B12*******,83000.00,0.00,現金,1121027,,,金錢,臺中市西區三****,0923*****,,,,,,,,
104,羅廷瑋,113年立法委員選舉,首次申報,1121027,個人捐贈收入,劉人銘,I20*******,60000.00,0.00,現金,1121027,,,金錢,臺中市南屯區****,0911*****,,,,,,,,
105,羅廷瑋,113年立法委員選舉,首次申報,1121030,個人捐贈收入,李淳瑟,A22*******,20000.00,0.00,現金,1121030,,,金錢,臺中市南區南****,0422*****,,,,,,,,
106,羅廷瑋,113年立法委員選舉,首次申報,1121101,營利事業捐贈收入,瑞安開發有限公司,85026255,100000.00,0.00,現金,1121101,已返還,,金錢,臺中市南區德****,0422*****,,,,,,,,
107,羅廷瑋,113年立法委員選舉,首次申報,1121101,個人捐贈收入,張方駿,N12*******,60000.00,0.00,現金,1121101,,,金錢,臺中市南區東****,0918*****,,,,,,,,
108,羅廷瑋,113年立法委員選舉,首次申報,1121101,個人捐贈收入,陳詠丞,N12*******,10000.00,0.00,匯款,1121101,,,金錢,臺中市南區復****,0988*****,,,,,,,,
109,羅廷瑋,113年立法委員選舉,首次申報,1121102,個人捐贈收入,王雪英,,10000.00,0.00,現金,1121102,,,金錢,臺北市北投區****,0922*****,,,,,,,,
110,羅廷瑋,113年立法委員選舉,首次申報,1121102,營利事業捐贈收入,翰坤五金機械有限公司,05592003,30000.00,0.00,匯款,1121102,,,金錢,臺中市東區六****,04-2*****,,,,,,,,
111,羅廷瑋,113年立法委員選舉,首次申報,1121102,營利事業捐贈收入,益昌畜產有限公司,24584834,30000.00,0.00,現金,1121102,,,金錢,臺中市大安區****,0928*****,,,,,,,,
112,羅廷瑋,113年立法委員選舉,首次申報,1121102,營利事業捐贈收入,羱益汽車商行,25254727,200000.00,0.00,匯款,1121102,,,金錢,臺中市大里區****,,,,,,,,,
113,羅廷瑋,113年立法委員選舉,首次申報,1121102,營利事業捐贈收入,國產畜產有限公司,61925601,30000.00,0.00,現金,1121102,,,金錢,臺中市大安區****,0919*****,,,,,,,,
114,羅廷瑋,113年立法委員選舉,首次申報,1121102,個人捐贈收入,蔡純信,A12*******,5000.00,0.00,現金,1121102,,,金錢,臺中市南區美****,0985*****,,,,,,,,
115,羅廷瑋,113年立法委員選舉,首次申報,1121102,個人捐贈收入,何孟航,B12*******,2000.00,0.00,匯款,1121110,,,金錢,臺中市西區五****,0972*****,,,,,,,,
116,羅廷瑋,113年立法委員選舉,首次申報,1121102,個人捐贈收入,紀虹玉,N22*******,2000.00,0.00,現金,1121102,,,金錢,臺中市南區美****,0422*****,,,,,,,,
117,羅廷瑋,113年立法委員選舉,首次申報,1121108,個人捐贈收入,朱康震,,30000.00,0.00,匯款,1121108,,,金錢,新北市新店區****,0939*****,,,,,,,,
118,羅廷瑋,113年立法委員選舉,首次申報,1121108,個人捐贈收入,王衍立,,20000.00,0.00,現金,1121108,,,金錢,臺中市南區福****,0921*****,,,,,,,,
119,羅廷瑋,113年立法委員選舉,首次申報,1121108,營利事業捐贈收入,天壇人力顧問有限公司,28877403,10000.00,0.00,匯款,1121108,已返還,,金錢,臺中市西屯區****,04-2*****,,,,,,,,
120,羅廷瑋,113年立法委員選舉,首次申報,1121108,營利事業捐贈收入,勝宇人力資源管理顧問有限公司,29091845,20000.00,0.00,匯款,1121108,,,金錢,臺中市北屯區****,04-2*****,,,,,,,,
121,羅廷瑋,113年立法委員選舉,首次申報,1121108,營利事業捐贈收入,昂峰建設股份有限公司,53262185,100000.00,0.00,現金,1121108,,,金錢,臺中市西區忠****,0423*****,,,,,,,,
122,羅廷瑋,113年立法委員選舉,首次申報,1121108,個人捐贈收入,吳文進,F12*******,20000.00,0.00,現金,1121108,,,金錢,臺中市中區三****,0935*****,,,,,,,,
123,羅廷瑋,113年立法委員選舉,首次申報,1121108,個人捐贈收入,詹媛斐,F22*******,100000.00,0.00,現金,1121108,,,金錢,臺中市西區大****,0423*****,,,,,,,,
124,羅廷瑋,113年立法委員選舉,首次申報,1121108,個人捐贈收入,林憲俞,L12*******,100000.00,0.00,現金,1121108,,,金錢,臺中市西區大****,0423*****,,,,,,,,
125,羅廷瑋,113年立法委員選舉,首次申報,1121109,個人捐贈收入,王經綻,L12*******,100000.00,0.00,現金,1121109,,,金錢,臺中市西屯區****,,,,,,,,,
126,羅廷瑋,113年立法委員選舉,首次申報,1121110,營利事業捐贈收入,新旺顧問股份有限公司,90359366,20000.00,0.00,現金,1121110,,,金錢,南投縣草屯鎮****,0423*****,,,,,,,,
127,羅廷瑋,113年立法委員選舉,首次申報,1121110,個人捐贈收入,王俊凱,P12*******,10000.00,0.00,匯款,1121110,,,金錢,臺中市南區工****,0953*****,,,,,,,,
128,羅廷瑋,113年立法委員選舉,首次申報,1121111,個人捐贈收入,丁惠林,M22*******,1000.00,0.00,現金,1121111,,,金錢,臺中市南區建****,0933*****,,,,,,,,
129,羅廷瑋,113年立法委員選舉,首次申報,1121114,匿名捐贈,匿名7,,1000.00,0.00,現金,1121114,,,金錢,,,,,,,,,,
130,羅廷瑋,113年立法委員選舉,首次申報,1121114,營利事業捐贈收入,小武國際有限公司,53285624,100000.00,0.00,現金,1121114,,,金錢,臺中市東區十****,0422*****,,,,,,,,
131,羅廷瑋,113年立法委員選舉,首次申報,1121114,個人捐贈收入,吳昆鴻,B12*******,6000.00,0.00,現金,1121114,,,金錢,臺中市東區十****,0970*****,,,,,,,,
132,羅廷瑋,113年立法委員選舉,首次申報,1121120,營利事業捐贈收入,十甲旺股份有限公司,70634626,100000.00,0.00,現金,1121120,已返還,,金錢,臺中市東區十****,0422*****,,,,,,,,
133,羅廷瑋,113年立法委員選舉,首次申報,1121120,個人捐贈收入,曲聲揚,B12*******,100000.00,0.00,現金,1121120,,,金錢,臺中市西屯區****,0910*****,,,,,,,,
134,羅廷瑋,113年立法委員選舉,首次申報,1121120,個人捐贈收入,曲聲遠,B12*******,100000.00,0.00,現金,1121120,,,金錢,臺中市西屯區****,0960*****,,,,,,,,
135,羅廷瑋,113年立法委員選舉,首次申報,1121120,個人捐贈收入,陳怡安,F22*******,20000.00,0.00,現金,1121120,,,金錢,臺北市文山區****,0987*****,,,,,,,,
136,羅廷瑋,113年立法委員選舉,首次申報,1121121,個人捐贈收入,張丙申,A10*******,6000.00,0.00,現金,1121121,,,金錢,臺中市東區振****,0422*****,,,,,,,,
137,羅廷瑋,113年立法委員選舉,首次申報,1121121,個人捐贈收入,謝孟筑,M22*******,300.00,0.00,匯款,1121124,,,金錢,臺中市東區台****,0934*****,,,,,,,,
138,羅廷瑋,113年立法委員選舉,首次申報,1121127,營利事業捐贈收入,台中市私立諾貝爾幼兒園,20388748,100000.00,0.00,票據,1121130,,,金錢,臺中市烏日區****,0423*****,,,,,,,,
139,羅廷瑋,113年立法委員選舉,首次申報,1121127,營利事業捐贈收入,生活家建設有限公司,80089456,200000.00,0.00,匯款,1121127,,,金錢,臺中市南屯區****,,,,,,,,,
140,羅廷瑋,113年立法委員選舉,首次申報,1121127,營利事業捐贈收入,泰順人力仲介有限公司,89719841,50000.00,0.00,匯款,1121127,已返還,,金錢,臺南市東區裕****,06-3*****,,,,,,,,
141,羅廷瑋,113年立法委員選舉,首次申報,1121127,個人捐贈收入,陳吉彰,B12*******,100000.00,0.00,票據,1121212,,,金錢,臺中市潭子區****,0423*****,,,,,,,,
142,羅廷瑋,113年立法委員選舉,首次申報,1121127,個人捐贈收入,林宗賢,B12*******,100000.00,0.00,現金,1121127,,,金錢,臺中市北區國****,0937*****,,,,,,,,
143,羅廷瑋,113年立法委員選舉,首次申報,1121127,個人捐贈收入,余艾珏,B22*******,100000.00,0.00,現金,1121127,,,金錢,臺中市北屯區****,0921*****,,,,,,,,
144,羅廷瑋,113年立法委員選舉,首次申報,1121127,個人捐贈收入,洪美娥,B22*******,100000.00,0.00,現金,1121127,,,金錢,臺中市太平區****,0928*****,,,,,,,,
145,羅廷瑋,113年立法委員選舉,首次申報,1121127,個人捐贈收入,呂永豐,L12*******,100000.00,0.00,票據,1121212,,,金錢,臺中市西區公****,0423*****,,,,,,,,
146,羅廷瑋,113年立法委員選舉,首次申報,1121127,個人捐贈收入,廖冠傑,N12*******,100000.00,0.00,票據,1121212,,,金錢,臺中市南區崇****,0423*****,,,,,,,,
147,羅廷瑋,113年立法委員選舉,首次申報,1121127,個人捐贈收入,施昀廷,N12*******,100000.00,0.00,現金,1121127,,,金錢,臺中市南屯區****,,,,,,,,,
148,羅廷瑋,113年立法委員選舉,首次申報,1121127,個人捐贈收入,呂錫安,N12*******,50000.00,0.00,匯款,1121127,,,金錢,臺南市仁德區****,0933*****,,,,,,,,
149,羅廷瑋,113年立法委員選舉,首次申報,1121127,個人捐贈收入,施品溱,N22*******,100000.00,0.00,現金,1121127,,,金錢,臺中市南屯區****,,,,,,,,,
150,羅廷瑋,113年立法委員選舉,首次申報,1121128,營利事業捐贈收入,臺中市私立小梧桐托嬰中心,87184151,50000.00,0.00,匯款,1121201,,,金錢,臺中市梧棲區****,,,,,,,,,
151,羅廷瑋,113年立法委員選舉,首次申報,1121128,個人捐贈收入,謝佩娟,A22*******,20000.00,0.00,匯款,1121128,,,金錢,臺中市南屯區****,0926*****,,,,,,,,
152,羅廷瑋,113年立法委員選舉,首次申報,1121128,個人捐贈收入,曾信傑,L12*******,20000.00,0.00,現金,1121128,,,金錢,臺中市西屯區****,0937*****,,,,,,,,
153,羅廷瑋,113年立法委員選舉,首次申報,1121128,個人捐贈收入,許美齡,N22*******,10000.00,0.00,現金,1121128,,,金錢,臺中市南區建****,0933*****,,,,,,,,
154,羅廷瑋,113年立法委員選舉,首次申報,1121129,個人捐贈收入,施秀麗,N20*******,100000.00,0.00,現金,1121129,,,金錢,彰化縣秀水鄉****,,,,,,,,,
155,羅廷瑋,113年立法委員選舉,首次申報,1121129,個人捐贈收入,張維志,P12*******,20000.00,0.00,現金,1121129,,,金錢,臺中市中區興****,0926*****,,,,,,,,
156,羅廷瑋,113年立法委員選舉,首次申報,1121203,個人捐贈收入,姚啓平,S12*******,1200.00,0.00,匯款,1121203,,,金錢,新竹市東區龍****,0920*****,,,,,,,,
157,羅廷瑋,113年立法委員選舉,首次申報,1121204,個人捐贈收入,林洲鈁,L12*******,10000.00,0.00,匯款,1121204,,,金錢,彰化縣鹿港鎮****,0905*****,,,,,,,,
158,羅廷瑋,113年立法委員選舉,首次申報,1121205,營利事業捐贈收入,臺中市私立天擎幼兒園,47614583,10000.00,0.00,匯款,1121205,,,金錢,臺中市東區六****,0422*****,,,,,,,,
159,羅廷瑋,113年立法委員選舉,首次申報,1121206,個人捐贈收入,曾梓展,T12*******,20000.00,0.00,現金,1121206,,,金錢,臺中市北區永****,0933*****,,,,,,,,
160,羅廷瑋,113年立法委員選舉,首次申報,1121207,營利事業捐贈收入,長拓流體科技股份有限公司,97542635,50000.00,0.00,匯款,1121207,,,金錢,臺中市東區育****,,,,,,,,,
161,羅廷瑋,113年立法委員選舉,首次申報,1121207,個人捐贈收入,江國梅,A20*******,50000.00,0.00,匯款,1121207,,,金錢,臺中市南屯區****,0423*****,,,,,,,,
162,羅廷瑋,113年立法委員選舉,首次申報,1121207,個人捐贈收入,張博嘉,B12*******,50.00,0.00,匯款,1121215,,,金錢,臺中市南區美****,0966*****,,,,,,,,
163,羅廷瑋,113年立法委員選舉,首次申報,1121207,個人捐贈收入,鄭博文,M12*******,50000.00,0.00,現金,1121207,,,金錢,臺中市西區精****,0932*****,,,,,,,,
164,羅廷瑋,113年立法委員選舉,首次申報,1121207,個人捐贈收入,李明利,P12*******,100000.00,0.00,票據,1121212,,,金錢,臺中市西區康****,0933*****,,,,,,,,
165,羅廷瑋,113年立法委員選舉,首次申報,1121208,營利事業捐贈收入,富康長照股份有限公司附設臺中市私立富康居家長照機構,87215942,30000.00,0.00,匯款,1121208,,,金錢,臺中市大甲區****,04-2*****,,,,,,,,
166,羅廷瑋,113年立法委員選舉,首次申報,1121208,營利事業捐贈收入,黛安娜企業股份有限公司,97354204,50000.00,0.00,現金,1121208,,,金錢,臺中市南區大****,0422*****,,,,,,,,
167,羅廷瑋,113年立法委員選舉,首次申報,1121208,個人捐贈收入,余清華,B10*******,2000.00,0.00,現金,1121208,,,金錢,臺中市東區復****,0952*****,,,,,,,,
168,羅廷瑋,113年立法委員選舉,首次申報,1121208,個人捐贈收入,潘逢榮,B10*******,20000.00,0.00,現金,1121208,,,金錢,臺中市南區美****,0939*****,,,,,,,,
169,羅廷瑋,113年立法委員選舉,首次申報,1121208,個人捐贈收入,賴旭彥,B12*******,20000.00,0.00,現金,1121208,,,金錢,臺中市東區東****,0926*****,,,,,,,,
170,羅廷瑋,113年立法委員選舉,首次申報,1121208,個人捐贈收入,黃秋福,B12*******,50000.00,0.00,現金,1121208,,,金錢,臺中市東區樂****,0919*****,,,,,,,,
171,羅廷瑋,113年立法委員選舉,首次申報,1121208,個人捐贈收入,張卓成,B18*******,30000.00,0.00,現金,1121208,,,金錢,臺中市西屯區****,0931*****,,,,,,,,
172,羅廷瑋,113年立法委員選舉,首次申報,1121208,個人捐贈收入,李大夔,F12*******,20000.00,0.00,現金,1121208,,,金錢,臺中市南屯區****,0912*****,,,,,,,,
173,羅廷瑋,113年立法委員選舉,首次申報,1121208,個人捐贈收入,林鈺琪,K20*******,10000.00,0.00,現金,1121208,,,金錢,臺中市南區工****,0933*****,,,,,,,,
174,羅廷瑋,113年立法委員選舉,首次申報,1121208,個人捐贈收入,林奐丞,L12*******,20000.00,0.00,現金,1121208,,,金錢,臺中市烏日區****,0938*****,,,,,,,,
175,羅廷瑋,113年立法委員選舉,首次申報,1121208,個人捐贈收入,鄭翔寧,N12*******,20000.00,0.00,現金,1121208,,,金錢,臺中市南區忠****,0970*****,,,,,,,,
176,羅廷瑋,113年立法委員選舉,首次申報,1121208,個人捐贈收入,賴俊呈,N12*******,60000.00,0.00,現金,1121208,,,金錢,臺中市南屯區****,0978*****,,,,,,,,
177,羅廷瑋,113年立法委員選舉,首次申報,1121208,個人捐贈收入,陳宥吟,N22*******,10000.00,0.00,現金,1121208,,,金錢,臺中市南區工****,0919*****,,,,,,,,
178,羅廷瑋,113年立法委員選舉,首次申報,1121208,個人捐贈收入,蘇志元,P12*******,30000.00,0.00,現金,1121208,,,金錢,臺中市北屯區****,0938*****,,,,,,,,
179,羅廷瑋,113年立法委員選舉,首次申報,1121208,個人捐贈收入,簡書煜,Q12*******,30000.00,0.00,現金,1121208,,,金錢,臺中市西區忠****,0912*****,,,,,,,,
180,羅廷瑋,113年立法委員選舉,首次申報,1121208,個人捐贈收入,莊麗,R22*******,36000.00,0.00,現金,1121208,,,金錢,臺中市北屯區****,0955*****,,,,,,,,
181,羅廷瑋,113年立法委員選舉,首次申報,1121208,個人捐贈收入,陳俊宏,T12*******,30000.00,0.00,現金,1121208,,,金錢,臺中市西區英****,0975*****,,,,,,,,
182,羅廷瑋,113年立法委員選舉,首次申報,1121211,個人捐贈收入,廖玉明,B10*******,10000.00,0.00,現金,1121211,,,金錢,臺中市南區公****,0932*****,,,,,,,,
183,羅廷瑋,113年立法委員選舉,首次申報,1121211,個人捐贈收入,張雅君,B22*******,3600.00,0.00,現金,1121211,,,金錢,臺中市東區玉****,0923*****,,,,,,,,
184,羅廷瑋,113年立法委員選舉,首次申報,1121211,個人捐贈收入,林子微,B22*******,100.00,0.00,匯款,1121215,,,金錢,臺中市西區三****,0976*****,,,,,,,,
185,羅廷瑋,113年立法委員選舉,首次申報,1121211,個人捐贈收入,王婉梅,R22*******,50000.00,0.00,現金,1121211,,,金錢,臺中市西屯區****,0932*****,,,,,,,,
186,羅廷瑋,113年立法委員選舉,首次申報,1121212,營利事業捐贈收入,寰亞人力仲介股份有限公司,64841036,20000.00,0.00,匯款,1121212,,,金錢,臺南市安南區****,06-3*****,,,,,,,,
187,羅廷瑋,113年立法委員選舉,首次申報,1121212,個人捐贈收入,張添勇,A10*******,50000.00,0.00,匯款,1121212,,,金錢,臺北市中山區****,0225*****,,,,,,,,
188,羅廷瑋,113年立法委員選舉,首次申報,1121212,個人捐贈收入,劉守恭,B10*******,10000.00,0.00,匯款,1121212,,,金錢,臺中市南屯區****,0928*****,,,,,,,,
189,羅廷瑋,113年立法委員選舉,首次申報,1121212,個人捐贈收入,陳盈芳,F22*******,10000.00,0.00,匯款,1121212,,,金錢,臺中市南區德****,0982*****,,,,,,,,
190,羅廷瑋,113年立法委員選舉,首次申報,1121214,人民團體捐贈收入,社團法人臺中市牙醫師公會,,100000.00,0.00,票據,1121219,,,金錢,臺中市南區忠****,04-2*****,,,,,,,,
191,羅廷瑋,113年立法委員選舉,首次申報,1121214,營利事業捐贈收入,新象人力仲介有限公司,16910482,20000.00,0.00,匯款,1121214,,,金錢,臺中市北屯區****,0437*****,,,,,,,,
192,羅廷瑋,113年立法委員選舉,首次申報,1121215,營利事業捐贈收入,青年室內裝修實業有限公司,52939436,2000.00,0.00,現金,1121215,已返還,,金錢,臺中市烏日區****,0423*****,,,,,,,,
193,羅廷瑋,113年立法委員選舉,首次申報,1121215,營利事業捐贈收入,立升國際有限公司,62194907,10000.00,0.00,現金,1121215,,,金錢,臺中市北區山****,0422*****,,,,,,,,
194,羅廷瑋,113年立法委員選舉,首次申報,1121215,營利事業捐贈收入,京鋼企業有限公司,86265486,60000.00,0.00,現金,1121215,,,金錢,臺中市烏日區****,0988*****,,,,,,,,
195,羅廷瑋,113年立法委員選舉,首次申報,1121215,個人捐贈收入,黃木添,B10*******,20000.00,0.00,現金,1121215,,,金錢,臺中市南屯區****,0937*****,,,,,,,,
196,羅廷瑋,113年立法委員選舉,首次申報,1121215,個人捐贈收入,楊積玉,H12*******,3000.00,0.00,現金,1121215,,,金錢,臺中市南區工****,0920*****,,,,,,,,
197,羅廷瑋,113年立法委員選舉,首次申報,1121215,個人捐贈收入,林聰國,K12*******,12000.00,0.00,現金,1121215,,,金錢,臺中市大里區****,0423*****,,,,,,,,
198,羅廷瑋,113年立法委員選舉,首次申報,1121215,個人捐贈收入,黃天佑,N10*******,20000.00,0.00,現金,1121215,,,金錢,臺中市南區復****,0422*****,,,,,,,,
199,羅廷瑋,113年立法委員選舉,首次申報,1121215,個人捐贈收入,張世欣,N12*******,10000.00,0.00,現金,1121215,,,金錢,臺中市南區福****,0910*****,,,,,,,,
200,羅廷瑋,113年立法委員選舉,首次申報,1121215,個人捐贈收入,蔡適良,N12*******,100000.00,0.00,現金,1121215,,,金錢,臺中市南區高****,0910*****,,,,,,,,
201,羅廷瑋,113年立法委員選舉,首次申報,1121215,個人捐贈收入,廖哲強,P12*******,5000.00,0.00,現金,1121215,,,金錢,彰化縣芬園鄉****,0976*****,,,,,,,,
202,羅廷瑋,113年立法委員選舉,首次申報,1121215,個人捐贈收入,丁鴻志,P12*******,10000.00,0.00,匯款,1121215,,,金錢,臺中市西區臺****,04-2*****,,,,,,,,
203,羅廷瑋,113年立法委員選舉,首次申報,1121216,個人捐贈收入,陳思諭,K22*******,1000.00,0.00,匯款,1121222,,,金錢,苗栗縣苗栗市****,0932*****,,,,,,,,
204,羅廷瑋,113年立法委員選舉,首次申報,1121217,個人捐贈收入,游淑雯,B22*******,3000.00,0.00,匯款,1121222,,,金錢,臺中市南區工****,0928*****,,,,,,,,
205,羅廷瑋,113年立法委員選舉,首次申報,1121218,個人捐贈收入,蔡鏘龍,Q12*******,10000.00,0.00,票據,1121222,,,金錢,臺中市東區建****,,,,,,,,,
206,羅廷瑋,113年立法委員選舉,首次申報,1121218,個人捐贈收入,楊玉珍,Y22*******,66000.00,0.00,現金,1121218,,,金錢,臺中市北屯區****,0932*****,,,,,,,,
207,羅廷瑋,113年立法委員選舉,首次申報,1121219,個人捐贈收入,紀虹玉,N22*******,3000.00,0.00,現金,1121219,,,金錢,臺中市南區美****,0422*****,,,,,,,,
208,羅廷瑋,113年立法委員選舉,首次申報,1121220,人民團體捐贈收入,臺中市不動產開發商業同業公會,,20000.00,0.00,現金,1121220,,,金錢,臺中市西屯區****,0422*****,,,,,,,,
209,羅廷瑋,113年立法委員選舉,首次申報,1121220,個人捐贈收入,林筱珍,,20000.00,0.00,現金,1121220,,,金錢,臺中市北區育****,0921*****,,,,,,,,
210,羅廷瑋,113年立法委員選舉,首次申報,1121220,個人捐贈收入,許佩芳,,8000.00,0.00,現金,1121220,,,金錢,臺中市南屯區****,0932*****,,,,,,,,
211,羅廷瑋,113年立法委員選舉,首次申報,1121220,營利事業捐贈收入,華太建設股份有限公司,23113033,14000.00,0.00,現金,1121220,,,金錢,臺中市西區中****,0423*****,,,,,,,,
212,羅廷瑋,113年立法委員選舉,首次申報,1121220,營利事業捐贈收入,龍寶建設股份有限公司,23179610,20000.00,0.00,現金,1121220,,,金錢,臺中市北區館****,,,,,,,,,
213,羅廷瑋,113年立法委員選舉,首次申報,1121220,營利事業捐贈收入,薰漢營造工程股份有限公司,23208609,13000.00,0.00,現金,1121220,,,金錢,臺中市北區忠****,04-2*****,,,,,,,,
214,羅廷瑋,113年立法委員選舉,首次申報,1121220,營利事業捐贈收入,林鼎實業股份有限公司,23471880,14000.00,0.00,現金,1121220,,,金錢,臺中市西區臺****,04-2*****,,,,,,,,
215,羅廷瑋,113年立法委員選舉,首次申報,1121220,營利事業捐贈收入,富盈營造股份有限公司,54129968,10000.00,0.00,現金,1121220,,,金錢,臺中市北區忠****,,,,,,,,,
216,羅廷瑋,113年立法委員選舉,首次申報,1121220,營利事業捐贈收入,呈峰營造股份有限公司,64852223,14000.00,0.00,現金,1121220,,,金錢,臺中市南屯區****,,,,,,,,,
217,羅廷瑋,113年立法委員選舉,首次申報,1121220,營利事業捐贈收入,惠友建設股份有限公司,80244112,14000.00,0.00,現金,1121220,,,金錢,臺中市西區美****,04-2*****,,,,,,,,
218,羅廷瑋,113年立法委員選舉,首次申報,1121220,營利事業捐贈收入,久億營造有限公司,86629064,13000.00,0.00,現金,1121220,,,金錢,臺中市神岡區****,04-2*****,,,,,,,,
219,羅廷瑋,113年立法委員選舉,首次申報,1121220,個人捐贈收入,陳威宇,A12*******,100000.00,0.00,現金,1121220,,,金錢,新北市新店區****,0916*****,,,,,,,,
220,羅廷瑋,113年立法委員選舉,首次申報,1121220,個人捐贈收入,廖文鎮,B12*******,10000.00,0.00,現金,1121220,,,金錢,臺中市南屯區****,0932*****,,,,,,,,
221,羅廷瑋,113年立法委員選舉,首次申報,1121220,個人捐贈收入,張鈞豪,B12*******,16000.00,0.00,現金,1121220,,,金錢,臺中市西屯區****,04-2*****,,,,,,,,
222,羅廷瑋,113年立法委員選舉,首次申報,1121220,個人捐贈收入,張景昱,B12*******,14000.00,0.00,現金,1121220,,,金錢,臺中市南屯區****,04-2*****,,,,,,,,
223,羅廷瑋,113年立法委員選舉,首次申報,1121220,個人捐贈收入,游金洲,B12*******,15000.00,0.00,現金,1121220,,,金錢,臺中市北屯區****,04-2*****,,,,,,,,
224,羅廷瑋,113年立法委員選舉,首次申報,1121220,個人捐贈收入,邱名仕,B12*******,7500.00,0.00,現金,1121220,,,金錢,臺中市南屯區****,04-2*****,,,,,,,,
225,羅廷瑋,113年立法委員選舉,首次申報,1121220,個人捐贈收入,張宜欣,B22*******,10500.00,0.00,現金,1121220,,,金錢,臺中市西屯區****,04-2*****,,,,,,,,
226,羅廷瑋,113年立法委員選舉,首次申報,1121220,個人捐贈收入,林天財,C12*******,14000.00,0.00,現金,1121220,,,金錢,臺中市西屯區****,,,,,,,,,
227,羅廷瑋,113年立法委員選舉,首次申報,1121220,個人捐贈收入,趙樹儀,E12*******,6000.00,0.00,現金,1121220,,,金錢,臺中市北屯區****,0422*****,,,,,,,,
228,羅廷瑋,113年立法委員選舉,首次申報,1121220,個人捐贈收入,張明璋,H12*******,5000.00,0.00,現金,1121220,,,金錢,臺中市中區民****,0937*****,,,,,,,,
229,羅廷瑋,113年立法委員選舉,首次申報,1121220,個人捐贈收入,卓美華,L22*******,5000.00,0.00,現金,1121220,,,金錢,臺中市西屯區****,0423*****,,,,,,,,
230,羅廷瑋,113年立法委員選舉,首次申報,1121220,個人捐贈收入,黄千慧,L22*******,16000.00,0.00,現金,1121220,,,金錢,臺中市太平區****,04-2*****,,,,,,,,
231,羅廷瑋,113年立法委員選舉,首次申報,1121220,個人捐贈收入,陳瑞豐,M12*******,16000.00,0.00,現金,1121220,,,金錢,臺中市西屯區****,04-2*****,,,,,,,,
232,羅廷瑋,113年立法委員選舉,首次申報,1121220,個人捐贈收入,易文仁,M12*******,10000.00,0.00,現金,1121220,,,金錢,臺中市西屯區****,0918*****,,,,,,,,
233,羅廷瑋,113年立法委員選舉,首次申報,1121220,個人捐贈收入,邱譓隆,N10*******,7500.00,0.00,現金,1121220,,,金錢,臺中市西區安****,04-2*****,,,,,,,,
234,羅廷瑋,113年立法委員選舉,首次申報,1121220,個人捐贈收入,葉昱徵,N12*******,14500.00,0.00,現金,1121220,,,金錢,臺中市西區向****,,,,,,,,,
235,羅廷瑋,113年立法委員選舉,首次申報,1121220,個人捐贈收入,張世欣,Q12*******,14000.00,0.00,現金,1121220,,,金錢,臺中市西屯區****,04-2*****,,,,,,,,
236,羅廷瑋,113年立法委員選舉,首次申報,1121220,個人捐贈收入,謝麟兒,Q12*******,14000.00,0.00,現金,1121220,,,金錢,臺中市北區健****,04-2*****,,,,,,,,
237,羅廷瑋,113年立法委員選舉,首次申報,1121220,個人捐贈收入,葉至峰,Q12*******,5000.00,0.00,現金,1121220,,,金錢,臺中市南區文****,0936*****,,,,,,,,
238,羅廷瑋,113年立法委員選舉,首次申報,1121220,個人捐贈收入,顏廷芳,Q22*******,10000.00,0.00,現金,1121220,,,金錢,臺中市西區存****,0935*****,,,,,,,,
239,羅廷瑋,113年立法委員選舉,首次申報,1121220,個人捐贈收入,張玉嬌,U20*******,10000.00,0.00,現金,1121220,,,金錢,臺中市西區五****,,,,,,,,,
240,羅廷瑋,113年立法委員選舉,首次申報,1121221,其他收入,利息收入,,3534.00,0.00,匯款,1121221,,,金錢,,,,,,,,,,
241,羅廷瑋,113年立法委員選舉,首次申報,1121221,個人捐贈收入,林純玲,B22*******,10000.00,0.00,現金,1121221,,,金錢,臺中市南區復****,0422*****,,,,,,,,
242,羅廷瑋,113年立法委員選舉,首次申報,1121221,個人捐贈收入,丁惠林,M22*******,1000.00,0.00,匯款,1121229,,,金錢,臺中市南區建****,0933*****,,,,,,,,
243,羅廷瑋,113年立法委員選舉,首次申報,1121222,個人捐贈收入,彭文和,B12*******,10000.00,0.00,現金,1121222,,,金錢,臺中市西區樂****,0934*****,,,,,,,,
244,羅廷瑋,113年立法委員選舉,首次申報,1121222,個人捐贈收入,游允誠,L12*******,6000.00,0.00,現金,1121222,,,金錢,臺中市東區長****,0932*****,,,,,,,,
245,羅廷瑋,113年立法委員選舉,首次申報,1121222,個人捐贈收入,劉學益,P12*******,30000.00,0.00,現金,1121222,,,金錢,臺中市東區東****,0913*****,,,,,,,,
246,羅廷瑋,113年立法委員選舉,首次申報,1121224,個人捐贈收入,林惠真,B22*******,10000.00,0.00,現金,1121224,,,金錢,臺中市南區復****,0912*****,,,,,,,,
247,羅廷瑋,113年立法委員選舉,首次申報,1121225,個人捐贈收入,林玉偵,L22*******,2000.00,0.00,匯款,1121229,,,金錢,臺中市南區大****,0956*****,,,,,,,,
248,羅廷瑋,113年立法委員選舉,首次申報,1121226,個人捐贈收入,賴政隆,B12*******,100000.00,0.00,現金,1121226,,,金錢,臺中市北屯區****,0913*****,,,,,,,,
249,羅廷瑋,113年立法委員選舉,首次申報,1121226,個人捐贈收入,謝明祐,B12*******,100000.00,0.00,現金,1121226,,,金錢,臺中市南區福****,0926*****,,,,,,,,
250,羅廷瑋,113年立法委員選舉,首次申報,1121226,個人捐贈收入,吳錫儀,G12*******,100000.00,0.00,現金,1121226,,,金錢,臺中市西屯區****,0926*****,,,,,,,,
251,羅廷瑋,113年立法委員選舉,首次申報,1121226,個人捐贈收入,徐思霈,J22*******,100000.00,0.00,現金,1121226,,,金錢,臺中市西屯區****,0926*****,,,,,,,,
252,羅廷瑋,113年立法委員選舉,首次申報,1121226,個人捐贈收入,洪誌翰,L12*******,20000.00,0.00,現金,1121226,,,金錢,臺中市大里區****,0913*****,,,,,,,,
253,羅廷瑋,113年立法委員選舉,首次申報,1121226,個人捐贈收入,鄧政昌,L12*******,100000.00,0.00,現金,1121226,,,金錢,臺中市南屯區****,0913*****,,,,,,,,
254,羅廷瑋,113年立法委員選舉,首次申報,1121226,個人捐贈收入,林妙華,L22*******,100000.00,0.00,現金,1121226,,,金錢,臺中市北屯區****,0913*****,,,,,,,,
255,羅廷瑋,113年立法委員選舉,首次申報,1121226,個人捐贈收入,郭宥辰,M22*******,1000.00,0.00,現金,1121226,,,金錢,臺中市大里區****,0970*****,,,,,,,,
256,羅廷瑋,113年立法委員選舉,首次申報,1121226,個人捐贈收入,李采霓,N22*******,100000.00,0.00,現金,1121226,,,金錢,臺中市南區工****,0928*****,,,,,,,,
257,羅廷瑋,113年立法委員選舉,首次申報,1121226,個人捐贈收入,蔡素惠,N22*******,40000.00,0.00,票據,1130102,,,金錢,臺中市大里區****,0928*****,,,,,,,,
258,羅廷瑋,113年立法委員選舉,首次申報,1121227,個人捐贈收入,楊治中,B10*******,100000.00,0.00,匯款,1121227,,,金錢,臺中市南區仁****,04-2*****,,,,,,,,
259,羅廷瑋,113年立法委員選舉,首次申報,1121227,個人捐贈收入,楊官玉釵,B20*******,100000.00,0.00,匯款,1121227,,,金錢,臺中市南區仁****,04-2*****,,,,,,,,
260,羅廷瑋,113年立法委員選舉,首次申報,1121228,人民團體捐贈收入,台中市不動產估價師公會,,50000.00,0.00,票據,1130108,,,金錢,臺中市西區美****,04-2*****,,,,,,,,
261,羅廷瑋,113年立法委員選舉,首次申報,1121228,營利事業捐贈收入,船慶機械工業股份有限公司,52679733,100000.00,0.00,票據,1130108,,,金錢,臺中市烏日區****,04-2*****,,,,,,,,
262,羅廷瑋,113年立法委員選舉,首次申報,1121228,營利事業捐贈收入,梅華精密工業股份有限公司,57132939,100000.00,0.00,票據,1130103,,,金錢,臺中市大里區****,0424*****,,,,,,,,
263,羅廷瑋,113年立法委員選舉,首次申報,1121228,個人捐贈收入,陳威宇,A12*******,100000.00,0.00,現金,1121228,,,金錢,臺中市南屯區****,0937*****,,,,,,,,
264,羅廷瑋,113年立法委員選舉,首次申報,1121228,個人捐贈收入,李玉芳,A20*******,100000.00,0.00,現金,1121228,,,金錢,臺中市南屯區****,0423*****,,,,,,,,
265,羅廷瑋,113年立法委員選舉,首次申報,1121228,個人捐贈收入,賴清亮,B10*******,10000.00,0.00,現金,1121228,,,金錢,臺中市南屯區****,0932*****,,,,,,,,
266,羅廷瑋,113年立法委員選舉,首次申報,1121228,個人捐贈收入,張立杰,B12*******,100000.00,0.00,現金,1121228,,,金錢,臺中市南屯區****,04-2*****,,,,,,,,
267,羅廷瑋,113年立法委員選舉,首次申報,1121228,個人捐贈收入,巫文傑,B12*******,100000.00,0.00,現金,1121228,,,金錢,臺中市西屯區****,0422*****,,,,,,,,
268,羅廷瑋,113年立法委員選舉,首次申報,1121228,個人捐贈收入,蕭秀嫚,J22*******,100000.00,0.00,現金,1121228,,,金錢,臺中市西屯區****,0937*****,,,,,,,,
269,羅廷瑋,113年立法委員選舉,首次申報,1121228,個人捐贈收入,陳鴻章,K12*******,100000.00,0.00,現金,1121228,,,金錢,臺中市西屯區****,0937*****,,,,,,,,
270,羅廷瑋,113年立法委員選舉,首次申報,1121228,個人捐贈收入,石慧昭,P22*******,100000.00,0.00,現金,1121228,,,金錢,臺中市大里區****,0423*****,,,,,,,,
271,羅廷瑋,113年立法委員選舉,首次申報,1121228,個人捐贈收入,張六秀,Q22*******,3000.00,0.00,現金,1121228,,,金錢,臺中市南區復****,0939*****,,,,,,,,
272,羅廷瑋,113年立法委員選舉,首次申報,1121228,個人捐贈收入,李硯玫,T22*******,100000.00,0.00,現金,1121228,,,金錢,臺中市西屯區****,04-2*****,,,,,,,,
273,羅廷瑋,113年立法委員選舉,首次申報,1121229,個人捐贈收入,簡淑玲,B20*******,20000.00,0.00,現金,1121229,,,金錢,臺中市中區台****,0922*****,,,,,,,,
274,羅廷瑋,113年立法委員選舉,首次申報,1121229,個人捐贈收入,張富娥,B20*******,2000.00,0.00,現金,1121229,,,金錢,臺中市西區梅****,0909*****,,,,,,,,
275,羅廷瑋,113年立法委員選舉,首次申報,1121229,個人捐贈收入,王立昇,M12*******,10000.00,0.00,現金,1121229,,,金錢,臺中市東區大****,0932*****,,,,,,,,
276,羅廷瑋,113年立法委員選舉,首次申報,1121229,個人捐贈收入,謝進隆,N12*******,10000.00,0.00,現金,1121229,,,金錢,彰化縣彰化市****,0472*****,,,,,,,,
277,羅廷瑋,113年立法委員選舉,首次申報,1121229,個人捐贈收入,陳仁能,N12*******,15000.00,0.00,匯款,1130105,,,金錢,臺中市南區忠****,0932*****,,,,,,,,
278,羅廷瑋,113年立法委員選舉,首次申報,1121229,個人捐贈收入,林冠佩,N22*******,3000.00,0.00,匯款,1121229,,,金錢,臺中市西區懷****,0937*****,,,,,,,,
279,羅廷瑋,113年立法委員選舉,首次申報,1121229,個人捐贈收入,徐世聰,Q12*******,10000.00,0.00,現金,1121229,,,金錢,臺中市東區長****,0935*****,,,,,,,,
280,羅廷瑋,113年立法委員選舉,首次申報,1121229,個人捐贈收入,龔竟寬,T12*******,20000.00,0.00,現金,1121229,,,金錢,臺中市烏日區****,0966*****,,,,,,,,
281,羅廷瑋,113年立法委員選舉,首次申報,1121230,營利事業捐贈收入,寰亞人力仲介股份有限公司,64841036,30000.00,0.00,匯款,1121230,,,金錢,臺南市安南區****,0639*****,,,,,,,,
282,羅廷瑋,113年立法委員選舉,首次申報,1130102,個人捐贈收入,康容哲,C12*******,100000.00,0.00,現金,1130102,,,金錢,臺北市內湖區****,0911*****,,,,,,,,
283,羅廷瑋,113年立法委員選舉,首次申報,1130102,個人捐贈收入,楊祝英,E20*******,50000.00,0.00,現金,1130102,,,金錢,高雄市苓雅區****,0928*****,,,,,,,,
284,羅廷瑋,113年立法委員選舉,首次申報,1130102,個人捐贈收入,楊佳倫,R12*******,100000.00,0.00,現金,1130102,,,金錢,臺南市永康區****,0989*****,,,,,,,,
285,羅廷瑋,113年立法委員選舉,首次申報,1130102,個人捐贈收入,陳玄德,U12*******,100000.00,0.00,匯款,1130102,,,金錢,臺北市中山區****,0978*****,,,,,,,,
286,羅廷瑋,113年立法委員選舉,首次申報,1130103,人民團體捐贈收入,台中市不動產估價師公會,,50000.00,0.00,票據,1130108,,,金錢,臺中市西區美****,04-2*****,,,,,,,,
287,羅廷瑋,113年立法委員選舉,首次申報,1130103,個人捐贈收入,鄭雅文,A22*******,10000.00,0.00,匯款,1130109,,,金錢,桃園市龜山區****,0952*****,,,,,,,,
288,羅廷瑋,113年立法委員選舉,首次申報,1130103,個人捐贈收入,紀澄貴,L12*******,80000.00,0.00,現金,1130103,,,金錢,臺中市南區高****,0982*****,,,,,,,,
289,羅廷瑋,113年立法委員選舉,首次申報,1130104,人民團體捐贈收入,臺中市驗光師公會,,10000.00,0.00,現金,1130104,,,金錢,臺中市北屯區****,0900*****,,,,,,,,
290,羅廷瑋,113年立法委員選舉,首次申報,1130104,營利事業捐贈收入,岩谷企業有限公司,53368835,20000.00,0.00,現金,1130104,,,金錢,臺北市中山區****,02-2*****,,,,,,,,
291,羅廷瑋,113年立法委員選舉,首次申報,1130104,個人捐贈收入,林宗達,B12*******,100000.00,0.00,現金,1130104,,,金錢,臺中市太平區****,0427*****,,,,,,,,
292,羅廷瑋,113年立法委員選舉,首次申報,1130104,個人捐贈收入,蔡希瞳,D22*******,8000.00,0.00,現金,1130104,,,金錢,臺中市南屯區****,0965*****,,,,,,,,
293,羅廷瑋,113年立法委員選舉,首次申報,1130104,個人捐贈收入,王威海,J12*******,50000.00,0.00,現金,1130104,,,金錢,臺中市大里區****,0953*****,,,,,,,,
294,羅廷瑋,113年立法委員選舉,首次申報,1130105,人民團體捐贈收入,社團法人臺中市學前教育協會,,22000.00,0.00,現金,1130105,,,金錢,臺中市東區進****,0913*****,,,,,,,,
295,羅廷瑋,113年立法委員選舉,首次申報,1130105,個人捐贈收入,張斯堯,F12*******,50000.00,0.00,匯款,1130105,,,金錢,臺北市萬華區****,02-2*****,,,,,,,,
296,羅廷瑋,113年立法委員選舉,首次申報,1130108,營利事業捐贈收入,惠嘉電實業股份有限公司,16181490,100000.00,0.00,現金,1130108,,,金錢,臺中市外埔區****,04-2*****,,,,,,,,
297,羅廷瑋,113年立法委員選舉,首次申報,1130108,個人捐贈收入,賴墩益,B10*******,10000.00,0.00,現金,1130108,,,金錢,臺中市東區旱****,0910*****,,,,,,,,
298,羅廷瑋,113年立法委員選舉,首次申報,1130108,個人捐贈收入,林雍偉,L12*******,100000.00,0.00,現金,1130108,,,金錢,新北市新店區****,0909*****,,,,,,,,
299,羅廷瑋,113年立法委員選舉,首次申報,1130108,個人捐贈收入,林蓓津,L22*******,100000.00,0.00,現金,1130108,,,金錢,臺中市西屯區****,0936*****,,,,,,,,
300,羅廷瑋,113年立法委員選舉,首次申報,1130109,個人捐贈收入,蘇裔方,B12*******,50000.00,0.00,現金,1130109,,,金錢,臺中市南區忠****,0925*****,,,,,,,,
301,羅廷瑋,113年立法委員選舉,首次申報,1130110,個人捐贈收入,鄧岱賢,A12*******,100000.00,0.00,現金,1130110,,,金錢,新北市板橋區****,0917*****,,,,,,,,
302,羅廷瑋,113年立法委員選舉,首次申報,1130110,個人捐贈收入,林子玄,C22*******,100000.00,0.00,現金,1130110,,,金錢,臺北市中正區****,0911*****,,,,,,,,
303,羅廷瑋,113年立法委員選舉,首次申報,1130110,個人捐贈收入,林桑柔,Q22*******,60000.00,0.00,現金,1130110,,,金錢,臺中市西屯區****,0934*****,,,,,,,,
304,羅廷瑋,113年立法委員選舉,首次申報,1130111,個人捐贈收入,沈佑蓮,L22*******,100000.00,0.00,現金,1130111,,,金錢,臺中市北屯區****,0935*****,,,,,,,,
