﻿序號,擬參選人／政黨,選舉名稱,申報序號／年度,交易日期,收支科目,捐贈者／支出對象,身分證／統一編號,收入金額,支出金額,支出用途,金錢類,地址,聯絡電話,資料更正日期
1,張芳麗,107年縣(市)議員選舉,首次申報,1071013,人民團體捐贈收入,覺修宮老爺廟管理委員會,,6000.00,0.00,,金錢,基隆市義二路****,2427*****,
2,張芳麗,107年縣(市)議員選舉,首次申報,1071014,人民團體捐贈收入,社團法人基隆市舞蹈學會,,2000.00,0.00,,金錢,基隆市仁愛區****,2429*****,
3,張芳麗,107年縣(市)議員選舉,首次申報,1071020,個人捐贈收入,張震威,C12*******,20000.00,0.00,,金錢,基隆市信義區****,,
4,張芳麗,107年縣(市)議員選舉,首次申報,1071020,個人捐贈收入,林知立,C12*******,10000.00,0.00,,金錢,基隆市信義區****,,
5,張芳麗,107年縣(市)議員選舉,首次申報,1071020,個人捐贈收入,張雍容,C22*******,20000.00,0.00,,金錢,臺北市大安區****,,
6,張芳麗,107年縣(市)議員選舉,首次申報,1071022,營利事業捐贈收入,基隆第一信用合作社,00280902,50000.00,0.00,,金錢,基隆市義一路****,,
7,張芳麗,107年縣(市)議員選舉,首次申報,1071022,個人捐贈收入,曾金樹,F12*******,20000.00,0.00,,金錢,基隆市信義區****,,
8,張芳麗,107年縣(市)議員選舉,首次申報,1071024,營利事業捐贈收入,利瑞企業有限公司,84958792,20000.00,0.00,,金錢,基隆市中山區****,,
9,張芳麗,107年縣(市)議員選舉,首次申報,1071024,個人捐贈收入,黃錫安,C20*******,6000.00,0.00,,金錢,基隆市安樂區****,,
10,張芳麗,107年縣(市)議員選舉,首次申報,1071112,個人捐贈收入,劉詠涵,A22*******,100000.00,0.00,,金錢,臺北市基隆路****,,
11,張芳麗,107年縣(市)議員選舉,首次申報,1071112,個人捐贈收入,林淑昱,A22*******,100000.00,0.00,,金錢,臺北市基隆路****,,
12,張芳麗,107年縣(市)議員選舉,首次申報,1071115,個人捐贈收入,張姁平,H22*******,20000.00,0.00,,金錢,桃園市八德區****,,
13,張芳麗,107年縣(市)議員選舉,首次申報,1071122,營利事業捐贈收入,岱豐建設股份有限公司,24439831,70000.00,0.00,,金錢,基隆市中正區****,,
14,張芳麗,107年縣(市)議員選舉,首次申報,1071122,營利事業捐贈收入,聚得有限公司,53960750,30000.00,0.00,,金錢,基隆市暖暖區****,,
15,張芳麗,107年縣(市)議員選舉,首次申報,1071221,其他收入,利息收入,,3.00,0.00,,金錢,,,
