﻿序號,擬參選人／政黨,選舉名稱,申報序號／年度,交易日期,收支科目,捐贈者／支出對象,身分證／統一編號,收入金額,支出金額,支出用途,金錢類,地址,聯絡電話,資料更正日期
1,陳怡珍,107年直轄市議員選舉,首次申報,1070612,個人捐贈收入,許啟揚,P12*******,50000.00,0.00,,金錢,臺南市北區文****,,
2,陳怡珍,107年直轄市議員選舉,首次申報,1070821,個人捐贈收入,鍾碧玉,R22*******,80000.00,0.00,,金錢,臺南市安平區****,,
3,陳怡珍,107年直轄市議員選舉,首次申報,1070823,營利事業捐贈收入,光顯奈米科技(股)公司,28833882,100000.00,0.00,,金錢,臺南市後壁區****,,
4,陳怡珍,107年直轄市議員選舉,首次申報,1070831,個人捐贈收入,陳貞妦,D22*******,30000.00,0.00,,金錢,臺南市安平區****,0922*****,
5,陳怡珍,107年直轄市議員選舉,首次申報,1070903,個人捐贈收入,鍾增榮,T12*******,100000.00,0.00,,金錢,高雄市左營區****,0932*****,
6,陳怡珍,107年直轄市議員選舉,首次申報,1070915,個人捐贈收入,林瑋崑,R12*******,100000.00,0.00,,金錢,臺南市永康區****,,
7,陳怡珍,107年直轄市議員選舉,首次申報,1070915,個人捐贈收入,陳智祥,R12*******,100000.00,0.00,,金錢,臺南市將軍區****,,
8,陳怡珍,107年直轄市議員選舉,首次申報,1070919,個人捐贈收入,張晉嘉,,1000.00,0.00,,金錢,臺南市北區育****,,
9,陳怡珍,107年直轄市議員選舉,首次申報,1070919,個人捐贈收入,蔡惠玉,D20*******,2000.00,0.00,,金錢,臺南市北區育****,,
10,陳怡珍,107年直轄市議員選舉,首次申報,1070919,個人捐贈收入,楊茂泉,R10*******,100000.00,0.00,,金錢,臺南市關廟區****,,
11,陳怡珍,107年直轄市議員選舉,首次申報,1070919,個人捐贈收入,林崇鎰,R12*******,100000.00,0.00,,金錢,臺南市永康區****,,
12,陳怡珍,107年直轄市議員選舉,首次申報,1070919,個人捐贈收入,林世淇,R12*******,100000.00,0.00,,金錢,臺南市永康區****,,
13,陳怡珍,107年直轄市議員選舉,首次申報,1070920,人民團體捐贈收入,台南市不動產開發商業同業公會,,150000.00,0.00,,金錢,台南市建平十****,2978*****,
14,陳怡珍,107年直轄市議員選舉,首次申報,1070921,營利事業捐贈收入,長泓陞營造有限公司,54575122,100000.00,0.00,,金錢,新吉之號樓****,,
15,陳怡珍,107年直轄市議員選舉,首次申報,1071001,個人捐贈收入,林義德,R10*******,20000.00,0.00,,金錢,臺南市東區東****,0932*****,
16,陳怡珍,107年直轄市議員選舉,首次申報,1071003,個人捐贈收入,張人方,E12*******,50000.00,0.00,,金錢,臺南市安平區****,,
17,陳怡珍,107年直轄市議員選舉,首次申報,1071003,個人捐贈收入,張金鐘,Q10*******,50000.00,0.00,,金錢,臺南市安平區****,,
18,陳怡珍,107年直轄市議員選舉,首次申報,1071003,個人捐贈收入,胡富文,R12*******,50000.00,0.00,,金錢,臺南市北區文****,,
19,陳怡珍,107年直轄市議員選舉,首次申報,1071004,個人捐贈收入,卓崑山,,4000.00,0.00,,金錢,臺南市北區文****,,
20,陳怡珍,107年直轄市議員選舉,首次申報,1071004,個人捐贈收入,王東陽,,4000.00,0.00,,金錢,臺南市北區文****,,
21,陳怡珍,107年直轄市議員選舉,首次申報,1071004,個人捐贈收入,許德雄,,4000.00,0.00,,金錢,臺南市北區文****,,
22,陳怡珍,107年直轄市議員選舉,首次申報,1071004,個人捐贈收入,林文旗,D12*******,20000.00,0.00,,金錢,臺南市安南區****,,
23,陳怡珍,107年直轄市議員選舉,首次申報,1071004,個人捐贈收入,紀順天,D12*******,100000.00,0.00,,金錢,臺南市中西區****,,
24,陳怡珍,107年直轄市議員選舉,首次申報,1071004,個人捐贈收入,程雅玲,D22*******,60000.00,0.00,,金錢,臺南市北區大****,0918*****,
25,陳怡珍,107年直轄市議員選舉,首次申報,1071005,個人捐贈收入,黃平野,,5000.00,0.00,,金錢,臺南市北區西****,,
26,陳怡珍,107年直轄市議員選舉,首次申報,1071005,個人捐贈收入,謝銘洲,,10000.00,0.00,,金錢,臺南市北區大****,,
27,陳怡珍,107年直轄市議員選舉,首次申報,1071005,人民團體捐贈收入,社團法人台南市牙醫師公會,,30000.00,0.00,,金錢,臺南市永康區****,06-3*****,
28,陳怡珍,107年直轄市議員選舉,首次申報,1071005,個人捐贈收入,徐和百,D10*******,50000.00,0.00,,金錢,臺南市安南區****,,
29,陳怡珍,107年直轄市議員選舉,首次申報,1071006,匿名捐贈,匿名,,10000.00,0.00,,金錢,,,
30,陳怡珍,107年直轄市議員選舉,首次申報,1071009,個人捐贈收入,呂綉甌,M20*******,20000.00,0.00,,金錢,臺南市北區大****,,
31,陳怡珍,107年直轄市議員選舉,首次申報,1071011,個人捐贈收入,龔吉本,R10*******,100000.00,0.00,,金錢,臺南市白河區****,,
32,陳怡珍,107年直轄市議員選舉,首次申報,1071013,個人捐贈收入,吳明展,,20000.00,0.00,,金錢,臺南市北區北****,,
33,陳怡珍,107年直轄市議員選舉,首次申報,1071013,個人捐贈收入,陳宜孝,,10000.00,0.00,,金錢,臺南市安南區****,,
34,陳怡珍,107年直轄市議員選舉,首次申報,1071013,營利事業捐贈收入,好來成企業社,09058306,6000.00,0.00,,金錢,臺南市安南區****,,
35,陳怡珍,107年直轄市議員選舉,首次申報,1071015,營利事業捐贈收入,緯泰興業有限公司,23968360,20000.00,0.00,,金錢,臺南市北區東****,,
36,陳怡珍,107年直轄市議員選舉,首次申報,1071016,個人捐贈收入,李正雄,R12*******,30000.00,0.00,,金錢,臺南市北區西****,,
37,陳怡珍,107年直轄市議員選舉,首次申報,1071016,個人捐贈收入,吳寶順,U12*******,50000.00,0.00,,金錢,新北市五股區****,,
38,陳怡珍,107年直轄市議員選舉,首次申報,1071017,營利事業捐贈收入,冰點空調冷氣股份有限公司,28782440,300000.00,0.00,,金錢,臺南市安南區****,,
39,陳怡珍,107年直轄市議員選舉,首次申報,1071018,個人捐贈收入,謝守忠,,2000.00,0.00,,金錢,臺南市北區西****,,
40,陳怡珍,107年直轄市議員選舉,首次申報,1071018,營利事業捐贈收入,統亞電子科技(股)公司,23236751,200000.00,0.00,,金錢,臺南市安南區****,,
41,陳怡珍,107年直轄市議員選舉,首次申報,1071018,營利事業捐贈收入,弘順發企業有限公司,28932026,12000.00,0.00,,金錢,臺南市安南區****,,
42,陳怡珍,107年直轄市議員選舉,首次申報,1071019,個人捐贈收入,方家文,,20000.00,0.00,,金錢,臺南市北區長****,,
43,陳怡珍,107年直轄市議員選舉,首次申報,1071019,個人捐贈收入,黃崇銘,,10000.00,0.00,,金錢,臺南市北區大****,,
44,陳怡珍,107年直轄市議員選舉,首次申報,1071020,個人捐贈收入,黃東南,,10000.00,0.00,,金錢,臺南市安南區****,,
45,陳怡珍,107年直轄市議員選舉,首次申報,1071022,個人捐贈收入,王金塗,,20000.00,0.00,,金錢,臺南市北區海****,,
46,陳怡珍,107年直轄市議員選舉,首次申報,1071022,個人捐贈收入,劉伊薰,Q22*******,30000.00,0.00,,金錢,臺南市東區崇****,,
47,陳怡珍,107年直轄市議員選舉,首次申報,1071023,個人捐贈收入,吳孟峰,,6000.00,0.00,,金錢,臺南市北區西****,,
48,陳怡珍,107年直轄市議員選舉,首次申報,1071023,個人捐贈收入,黃宗榮,D12*******,66000.00,0.00,,金錢,臺南市仁德區****,,
49,陳怡珍,107年直轄市議員選舉,首次申報,1071024,個人捐贈收入,吳金河,,30000.00,0.00,,金錢,臺南市北區大****,,
50,陳怡珍,107年直轄市議員選舉,首次申報,1071024,營利事業捐贈收入,寶賀生活館有限公司,24519671,60000.00,0.00,,金錢,高雄市三民區****,,
51,陳怡珍,107年直轄市議員選舉,首次申報,1071024,營利事業捐贈收入,鴻振生活館有限公司,25197141,50000.00,0.00,,金錢,桃園市中壢區****,,
52,陳怡珍,107年直轄市議員選舉,首次申報,1071024,營利事業捐贈收入,寶灃生活館有限公司,27214997,60000.00,0.00,,金錢,高雄市三民區****,,
53,陳怡珍,107年直轄市議員選舉,首次申報,1071024,營利事業捐贈收入,冠帝生活館有限公司,27290333,30000.00,0.00,,金錢,臺中市中區成****,,
54,陳怡珍,107年直轄市議員選舉,首次申報,1071025,個人捐贈收入,許高阿玉,R20*******,100000.00,0.00,,金錢,臺南市北區北****,,
55,陳怡珍,107年直轄市議員選舉,首次申報,1071026,個人捐贈收入,王瑞榮,,5000.00,0.00,,金錢,臺南市北區文****,,
56,陳怡珍,107年直轄市議員選舉,首次申報,1071026,個人捐贈收入,翁國慶,,6000.00,0.00,,金錢,臺南市中西區****,,
57,陳怡珍,107年直轄市議員選舉,首次申報,1071026,個人捐贈收入,邱世雄,N10*******,60000.00,0.00,,金錢,彰化縣田尾鄉****,,
58,陳怡珍,107年直轄市議員選舉,首次申報,1071026,個人捐贈收入,吳賜賢,S10*******,50000.00,0.00,,金錢,臺南市仁德區****,,
59,陳怡珍,107年直轄市議員選舉,首次申報,1071030,個人捐贈收入,辛友仁,,20000.00,0.00,,金錢,臺南市永康區****,,
60,陳怡珍,107年直轄市議員選舉,首次申報,1071030,個人捐贈收入,高柏根,D10*******,10000.00,0.00,,金錢,臺南市北區北****,,
61,陳怡珍,107年直轄市議員選舉,首次申報,1071031,個人捐贈收入,鄭芳郎,,10000.00,0.00,,金錢,臺南市中西區****,,
62,陳怡珍,107年直轄市議員選舉,首次申報,1071031,個人捐贈收入,楊進德,,10000.00,0.00,,金錢,臺南市安南區****,,
63,陳怡珍,107年直轄市議員選舉,首次申報,1071031,個人捐贈收入,岳鵬遠,H12*******,100000.00,0.00,,金錢,新北市新店區****,,
64,陳怡珍,107年直轄市議員選舉,首次申報,1071031,個人捐贈收入,謝永富,R12*******,10000.00,0.00,,金錢,臺南市安平區****,,
65,陳怡珍,107年直轄市議員選舉,首次申報,1071031,個人捐贈收入,呂美玉,X22*******,100000.00,0.00,,金錢,臺北市士林區****,,
66,陳怡珍,107年直轄市議員選舉,首次申報,1071101,個人捐贈收入,余英堅,,20000.00,0.00,,金錢,臺南市北區文****,,
67,陳怡珍,107年直轄市議員選舉,首次申報,1071101,營利事業捐贈收入,坤慶實業股份有限公司,68333671,100000.00,0.00,,金錢,臺南市中西區****,,
68,陳怡珍,107年直轄市議員選舉,首次申報,1071101,個人捐贈收入,郭國泰,R12*******,10000.00,0.00,,金錢,臺南市北區實****,,
69,陳怡珍,107年直轄市議員選舉,首次申報,1071102,個人捐贈收入,陳乾耀,,10000.00,0.00,,金錢,臺南市安南區****,,
70,陳怡珍,107年直轄市議員選舉,首次申報,1071102,營利事業捐贈收入,鑫興鋁業股份有限公司,22594809,100000.00,0.00,,金錢,臺南市安定區****,,
71,陳怡珍,107年直轄市議員選舉,首次申報,1071102,營利事業捐贈收入,大合鑽探技術顧問有限公司,69767838,50000.00,0.00,,金錢,臺南市東區裕****,,
72,陳怡珍,107年直轄市議員選舉,首次申報,1071102,個人捐贈收入,李淑鈴,D22*******,25000.00,0.00,,金錢,臺南市中西區****,,
73,陳怡珍,107年直轄市議員選舉,首次申報,1071103,個人捐贈收入,郭福生,,6000.00,0.00,,金錢,臺南市北區文****,,
74,陳怡珍,107年直轄市議員選舉,首次申報,1071103,營利事業捐贈收入,鈮豪企業股份有限公司,22491016,50000.00,0.00,,金錢,臺南市安南區****,,
75,陳怡珍,107年直轄市議員選舉,首次申報,1071104,個人捐贈收入,陳慧芸,,2600.00,0.00,,金錢,高雄市楠梓區****,,
76,陳怡珍,107年直轄市議員選舉,首次申報,1071104,個人捐贈收入,李榮森,,2000.00,0.00,,金錢,臺南市北區臨****,,
77,陳怡珍,107年直轄市議員選舉,首次申報,1071104,人民團體捐贈收入,台南市延平軟式網球協會,,3000.00,0.00,,金錢,北成路一○○****,2833*****,
78,陳怡珍,107年直轄市議員選舉,首次申報,1071104,個人捐贈收入,蘇玉芳,,3000.00,0.00,,金錢,臺南市中西區****,,
79,陳怡珍,107年直轄市議員選舉,首次申報,1071104,個人捐贈收入,蘇南槙,,3000.00,0.00,,金錢,臺南市中西區****,,
80,陳怡珍,107年直轄市議員選舉,首次申報,1071104,個人捐贈收入,王清輝,,16000.00,0.00,,金錢,臺南市永康區****,,
81,陳怡珍,107年直轄市議員選舉,首次申報,1071104,個人捐贈收入,王燕美,,1600.00,0.00,,金錢,臺南市中西區****,,
82,陳怡珍,107年直轄市議員選舉,首次申報,1071104,個人捐贈收入,王界三,,10000.00,0.00,,金錢,臺南市北區海****,,
83,陳怡珍,107年直轄市議員選舉,首次申報,1071104,個人捐贈收入,陳建廷,,10000.00,0.00,,金錢,臺南市北區公****,,
84,陳怡珍,107年直轄市議員選舉,首次申報,1071104,個人捐贈收入,方崇名,,20000.00,0.00,,金錢,臺南市北區公****,,
85,陳怡珍,107年直轄市議員選舉,首次申報,1071104,個人捐贈收入,謝宜玲,D22*******,60000.00,0.00,,金錢,臺南市北區公****,,
86,陳怡珍,107年直轄市議員選舉,首次申報,1071104,個人捐贈收入,羅雅玲,D22*******,20000.00,0.00,,金錢,臺南市安南區****,,
87,陳怡珍,107年直轄市議員選舉,首次申報,1071104,個人捐贈收入,魏朱雪,N22*******,50000.00,0.00,,金錢,臺南市東區崇****,,
88,陳怡珍,107年直轄市議員選舉,首次申報,1071104,個人捐贈收入,林姿妤,P22*******,20000.00,0.00,,金錢,臺南市安南區****,,
89,陳怡珍,107年直轄市議員選舉,首次申報,1071104,個人捐贈收入,林陳秋英,R20*******,100000.00,0.00,,金錢,臺南市北區和****,,
90,陳怡珍,107年直轄市議員選舉,首次申報,1071104,個人捐贈收入,陳寶珠,R20*******,10000.00,0.00,,金錢,臺南市大內區****,,
91,陳怡珍,107年直轄市議員選舉,首次申報,1071104,個人捐贈收入,謝錦鸞,R20*******,20000.00,0.00,,金錢,臺南市新市區****,,
92,陳怡珍,107年直轄市議員選舉,首次申報,1071105,個人捐贈收入,劉高志,,10000.00,0.00,,金錢,臺南市南區新****,,
93,陳怡珍,107年直轄市議員選舉,首次申報,1071105,營利事業捐贈收入,富鄉電鍍廠股份有限公司,84169826,35000.00,0.00,,金錢,臺南市北區小****,,
94,陳怡珍,107年直轄市議員選舉,首次申報,1071106,個人捐贈收入,邱村國,D10*******,40000.00,0.00,,金錢,臺南市安南區****,,
95,陳怡珍,107年直轄市議員選舉,首次申報,1071106,個人捐贈收入,林龍珠,L22*******,20000.00,0.00,,金錢,新北市板橋區****,,
96,陳怡珍,107年直轄市議員選舉,首次申報,1071107,個人捐贈收入,吳勝雄,,10000.00,0.00,,金錢,臺南市北區長****,,
97,陳怡珍,107年直轄市議員選舉,首次申報,1071107,個人捐贈收入,黃坤山,D12*******,20000.00,0.00,,金錢,臺南市七股區****,,
98,陳怡珍,107年直轄市議員選舉,首次申報,1071108,個人捐贈收入,鄭順東,D12*******,50000.00,0.00,,金錢,臺南市北區北****,,
99,陳怡珍,107年直轄市議員選舉,首次申報,1071109,個人捐贈收入,陳澤彥,A12*******,60000.00,0.00,,金錢,臺南市北區育****,,
100,陳怡珍,107年直轄市議員選舉,首次申報,1071111,個人捐贈收入,羅清拔,D12*******,100000.00,0.00,,金錢,臺南市永康區****,,
101,陳怡珍,107年直轄市議員選舉,首次申報,1071111,個人捐贈收入,吳國嘉,D12*******,10000.00,0.00,,金錢,臺南市北區和****,,
102,陳怡珍,107年直轄市議員選舉,首次申報,1071112,營利事業捐贈收入,八大家營造有限公司,25192032,30000.00,0.00,,金錢,臺南市東區崇****,,
103,陳怡珍,107年直轄市議員選舉,首次申報,1071112,個人捐贈收入,林榮輝,D12*******,10000.00,0.00,,金錢,臺南市東區崇****,,
104,陳怡珍,107年直轄市議員選舉,首次申報,1071112,個人捐贈收入,陳志明,D12*******,10000.00,0.00,,金錢,臺南市北區海****,,
105,陳怡珍,107年直轄市議員選舉,首次申報,1071112,個人捐贈收入,朱博麟,E12*******,10000.00,0.00,,金錢,臺南市北區育****,,
106,陳怡珍,107年直轄市議員選舉,首次申報,1071113,匿名捐贈,孫永銘,,5000.00,0.00,,金錢,,,
107,陳怡珍,107年直轄市議員選舉,首次申報,1071113,匿名捐贈,洪淨薇,,888.00,0.00,,金錢,,,
108,陳怡珍,107年直轄市議員選舉,首次申報,1071113,個人捐贈收入,王銘煌,,3000.00,0.00,,金錢,臺南市北區大****,,
109,陳怡珍,107年直轄市議員選舉,首次申報,1071113,營利事業捐贈收入,聲寶股份有限公司,03607500,200000.00,0.00,,金錢,桃園市龜山區****,,
110,陳怡珍,107年直轄市議員選舉,首次申報,1071113,個人捐贈收入,蘇盟斌,R12*******,20000.00,0.00,,金錢,臺北市大安區****,,
111,陳怡珍,107年直轄市議員選舉,首次申報,1071114,營利事業捐贈收入,瑞特汽車股份有限公司,80332500,100000.00,0.00,,金錢,臺南市永康區****,,
112,陳怡珍,107年直轄市議員選舉,首次申報,1071114,個人捐贈收入,洪兵和,R10*******,100000.00,0.00,,金錢,臺南市新市區****,,
113,陳怡珍,107年直轄市議員選舉,首次申報,1071114,個人捐贈收入,楊全評,S12*******,100000.00,0.00,,金錢,高雄市阿蓮區****,,
114,陳怡珍,107年直轄市議員選舉,首次申報,1071114,個人捐贈收入,王錦俐,S22*******,100000.00,0.00,,金錢,高雄市阿蓮區****,,
115,陳怡珍,107年直轄市議員選舉,首次申報,1071115,匿名捐贈,李永利,,10000.00,0.00,,金錢,,,
116,陳怡珍,107年直轄市議員選舉,首次申報,1071115,匿名捐贈,蘇欽明,,2000.00,0.00,,金錢,,,
117,陳怡珍,107年直轄市議員選舉,首次申報,1071115,營利事業捐贈收入,好帝一食品有限公司,69672278,100000.00,0.00,,金錢,臺南市新市區****,,
118,陳怡珍,107年直轄市議員選舉,首次申報,1071115,營利事業捐贈收入,春園建設股份有限公司,80705141,100000.00,0.00,,金錢,桃園市平鎮區****,,
119,陳怡珍,107年直轄市議員選舉,首次申報,1071115,個人捐贈收入,賴秀勤,Q22*******,66000.00,0.00,,金錢,臺南市安南區****,,
120,陳怡珍,107年直轄市議員選舉,首次申報,1071116,個人捐贈收入,張慶欽,,5000.00,0.00,,金錢,臺南市中西區****,,
121,陳怡珍,107年直轄市議員選舉,首次申報,1071116,個人捐贈收入,林清原,,16000.00,0.00,,金錢,臺南市安南區****,0911*****,
122,陳怡珍,107年直轄市議員選舉,首次申報,1071116,個人捐贈收入,史素惠,,2000.00,0.00,,金錢,臺南市北區大****,,
123,陳怡珍,107年直轄市議員選舉,首次申報,1071116,個人捐贈收入,蘇美綢,,3000.00,0.00,,金錢,臺南市北區大****,,
124,陳怡珍,107年直轄市議員選舉,首次申報,1071116,個人捐贈收入,陳榮木,,3000.00,0.00,,金錢,臺南市北區大****,,
125,陳怡珍,107年直轄市議員選舉,首次申報,1071116,個人捐贈收入,陳春橋,,2000.00,0.00,,金錢,臺南市北區北****,,
126,陳怡珍,107年直轄市議員選舉,首次申報,1071116,營利事業捐贈收入,亞星健康科技有限公司,27378647,100000.00,0.00,,金錢,臺南市仁德區****,,
127,陳怡珍,107年直轄市議員選舉,首次申報,1071116,個人捐贈收入,王華勇,D12*******,10000.00,0.00,,金錢,臺南市東區林****,,
128,陳怡珍,107年直轄市議員選舉,首次申報,1071116,個人捐贈收入,方榮舜,R12*******,30000.00,0.00,,金錢,臺南市安南區****,,
129,陳怡珍,107年直轄市議員選舉,首次申報,1071116,個人捐贈收入,李坤哲,S12*******,1000.00,0.00,,金錢,臺南市安南區****,,
130,陳怡珍,107年直轄市議員選舉,首次申報,1071116,個人捐贈收入,何明德,U12*******,10000.00,0.00,,金錢,臺南市安平區****,,
131,陳怡珍,107年直轄市議員選舉,首次申報,1071117,個人捐贈收入,郭銘城,,10000.00,0.00,,金錢,臺南市北區北****,,
132,陳怡珍,107年直轄市議員選舉,首次申報,1071117,個人捐贈收入,吳思儀,,20000.00,0.00,,金錢,,0919*****,
133,陳怡珍,107年直轄市議員選舉,首次申報,1071117,個人捐贈收入,許庭碩,A12*******,30000.00,0.00,,金錢,臺南市中西區****,,
134,陳怡珍,107年直轄市議員選舉,首次申報,1071118,個人捐贈收入,吳佳南,D12*******,100000.00,0.00,,金錢,臺南市新市區****,,
135,陳怡珍,107年直轄市議員選舉,首次申報,1071119,匿名捐贈,孫永銘,,5000.00,0.00,,金錢,,,
136,陳怡珍,107年直轄市議員選舉,首次申報,1071119,個人捐贈收入,廖英倫,,10000.00,0.00,,金錢,臺南市北區文****,,
137,陳怡珍,107年直轄市議員選舉,首次申報,1071119,營利事業捐贈收入,春園建設股份有限公司,80705141,100000.00,0.00,,金錢,桃園市平鎮區****,,
138,陳怡珍,107年直轄市議員選舉,首次申報,1071119,個人捐贈收入,胡杰誌,D12*******,50000.00,0.00,,金錢,臺南市永康區****,,
139,陳怡珍,107年直轄市議員選舉,首次申報,1071119,個人捐贈收入,陳力毅,R12*******,12000.00,0.00,,金錢,臺南市北區開****,,
140,陳怡珍,107年直轄市議員選舉,首次申報,1071120,個人捐贈收入,侯信宏,,1000.00,0.00,,金錢,臺南市北區大****,,
141,陳怡珍,107年直轄市議員選舉,首次申報,1071120,個人捐贈收入,鄭玉雪,,1000.00,0.00,,金錢,臺南市北區大****,,
142,陳怡珍,107年直轄市議員選舉,首次申報,1071120,個人捐贈收入,李明秀,,1000.00,0.00,,金錢,臺南市安平區****,,
143,陳怡珍,107年直轄市議員選舉,首次申報,1071120,營利事業捐贈收入,好帝一食品有限公司,69672278,100000.00,0.00,,金錢,臺南市新市區****,,
144,陳怡珍,107年直轄市議員選舉,首次申報,1071121,個人捐贈收入,吳忠陽,,5000.00,0.00,,金錢,臺南市北區東****,,
145,陳怡珍,107年直轄市議員選舉,首次申報,1071121,營利事業捐贈收入,春園建設股份有限公司,80705141,50000.00,0.00,,金錢,桃園市平鎮區****,,
146,陳怡珍,107年直轄市議員選舉,首次申報,1071121,個人捐贈收入,黎偉良,F10*******,20000.00,0.00,,金錢,臺南市東區東****,,
147,陳怡珍,107年直轄市議員選舉,首次申報,1071121,個人捐贈收入,郭奕欽,T12*******,30000.00,0.00,,金錢,臺南市北區成****,,
148,陳怡珍,107年直轄市議員選舉,首次申報,1071122,個人捐贈收入,魏盈凱,,3000.00,0.00,,金錢,臺南市新營區****,,
149,陳怡珍,107年直轄市議員選舉,首次申報,1071122,個人捐贈收入,杜瑞焜,,5000.00,0.00,,金錢,臺南市北區育****,,
150,陳怡珍,107年直轄市議員選舉,首次申報,1071122,個人捐贈收入,杜錦津,,5000.00,0.00,,金錢,臺南市北區育****,,
151,陳怡珍,107年直轄市議員選舉,首次申報,1071122,個人捐贈收入,蔡安忠,D10*******,20000.00,0.00,,金錢,臺南市中西區****,,
152,陳怡珍,107年直轄市議員選舉,首次申報,1071122,個人捐贈收入,吳政翰,D12*******,20000.00,0.00,,金錢,臺南市中西區****,,
153,陳怡珍,107年直轄市議員選舉,首次申報,1071122,個人捐贈收入,邱俊達,D12*******,20000.00,0.00,,金錢,臺南市北區忠****,,
154,陳怡珍,107年直轄市議員選舉,首次申報,1071122,個人捐贈收入,張榮芳,R22*******,20000.00,0.00,,金錢,臺南市安平區****,,
155,陳怡珍,107年直轄市議員選舉,首次申報,1071122,個人捐贈收入,朱盈治,R22*******,100000.00,0.00,,金錢,臺南市安南區****,,
156,陳怡珍,107年直轄市議員選舉,首次申報,1071123,個人捐贈收入,蔡承言,,4000.00,0.00,,金錢,臺南市北區公****,,
157,陳怡珍,107年直轄市議員選舉,首次申報,1071123,個人捐贈收入,江明勳,,10000.00,0.00,,金錢,臺南市北區北****,,
158,陳怡珍,107年直轄市議員選舉,首次申報,1071123,個人捐贈收入,林進旺,,6000.00,0.00,,金錢,臺南市永康區****,,
159,陳怡珍,107年直轄市議員選舉,首次申報,1071123,匿名捐贈,吳宗憲,,10000.00,0.00,,金錢,,,
160,陳怡珍,107年直轄市議員選舉,首次申報,1071123,匿名捐贈,黃勝雄,,5000.00,0.00,,金錢,,,
161,陳怡珍,107年直轄市議員選舉,首次申報,1071123,個人捐贈收入,邱昭美,,6600.00,0.00,,金錢,臺南市北區公****,,
162,陳怡珍,107年直轄市議員選舉,首次申報,1071123,營利事業捐贈收入,亞星健康科技有限公司,27378647,100000.00,0.00,,金錢,臺南市仁德區****,,
163,陳怡珍,107年直轄市議員選舉,首次申報,1071123,個人捐贈收入,洪正義,D10*******,20000.00,0.00,,金錢,臺南市中西區****,,
164,陳怡珍,107年直轄市議員選舉,首次申報,1071123,個人捐贈收入,翁文重,E12*******,30000.00,0.00,,金錢,高雄市三民區****,,
165,陳怡珍,107年直轄市議員選舉,首次申報,1071221,其他收入,利息收入,,205.00,0.00,,金錢,,,
