﻿序號,擬參選人／政黨,選舉名稱,申報序號／年度,交易日期,收支科目,捐贈者／支出對象,身分證／統一編號,收入金額,支出金額,捐贈方式,存入專戶日期,返還/繳庫,支出用途,金錢類,地址,聯絡電話,應揭露之支出對象,支出對象之內部人員姓名,支出對象之內部人員職稱,政黨之內部人員姓名,政黨之內部人員職稱,關係,更正註記,資料更正日期
1,李駿南,111年桃園市平鎮區新貴里里長選舉,首次申報,1111003,租用競選辦事處支出,貝特工程行,,0.00,21000.00,,,,裝潢競選辦事處費用,金錢,桃園市平鎮區****,0963*****,否,,,,,,,
2,李駿南,111年桃園市平鎮區新貴里里長選舉,首次申報,1111008,宣傳支出,珍美布行,44681308,0.00,3000.00,,,,製作競選物品或宣傳廣告費用（布匹）,金錢,桃園市中壢區****,03-4*****,否,,,,,,,
3,李駿南,111年桃園市平鎮區新貴里里長選舉,首次申報,1111013,雜支支出,尚威西點麵包工場,29313419,0.00,1120.00,,,,餐飲費用,金錢,桃園市平鎮區****,03-4*****,否,,,,,,,
4,李駿南,111年桃園市平鎮區新貴里里長選舉,首次申報,1111014,宣傳支出,百震實業有限公司,54109689,0.00,16900.00,,,,製作競選物品或宣傳廣告費用（帽子、背心、肩帶）,金錢,桃園市楊梅區****,03-4*****,否,,,,,,,
5,李駿南,111年桃園市平鎮區新貴里里長選舉,首次申報,1111014,雜支支出,長勝書局,78834696,0.00,475.00,,,,文具用品費用,金錢,桃園市平鎮區****,03-4*****,否,,,,,,,
6,李駿南,111年桃園市平鎮區新貴里里長選舉,首次申報,1111016,宣傳支出,鉅虹/群典企業社,,0.00,6600.00,,,,製作競選物品或宣傳廣告費用（布旗、小旗桿、背心）,金錢,桃園市中壢區****,03-4*****,否,,,,,,,
7,李駿南,111年桃園市平鎮區新貴里里長選舉,首次申報,1111022,集會支出,偲特奇活動工程有限公司,54933021,0.00,22400.00,,,,其他與集會有關之費用,金錢,桃園市八德區****,,否,,,,,,,
