﻿序號,擬參選人／政黨,選舉名稱,申報序號／年度,交易日期,收支科目,捐贈者／支出對象,身分證／統一編號,收入金額,支出金額,捐贈方式,存入專戶日期,返還/繳庫,支出用途,金錢類,地址,聯絡電話,應揭露之支出對象,支出對象之內部人員姓名,支出對象之內部人員職稱,政黨之內部人員姓名,政黨之內部人員職稱,關係,更正註記,資料更正日期
1,莊榮欽,111年基隆市議員選舉,首次申報,1110831,宣傳支出,基隆市光華大廈社區管理員會,,0.00,24336.00,,,,租用廣告看板或車體廣告費用,金錢,基隆市仁愛區****,,否,,,,,,,
2,莊榮欽,111年基隆市議員選舉,首次申報,1110930,租用競選辦事處支出,詹盛,F10*******,0.00,100000.00,,,,租用競選辦事處費用,金錢,基隆市仁愛區****,2423*****,否,,,,,,,
3,莊榮欽,111年基隆市議員選舉,首次申報,1111004,宣傳支出,黃麗君,,0.00,10000.00,,,,租用廣告看板或車體廣告費用,金錢,基隆市仁愛區****,0939*****,否,,,,,,,
4,莊榮欽,111年基隆市議員選舉,首次申報,1111010,雜支支出,POYA寶雅,,0.00,269.00,,,,雜項購置或修繕費用,金錢,基隆市信義區****,,否,,,,,,,
5,莊榮欽,111年基隆市議員選舉,首次申報,1111011,宣傳支出,基隆郵局,,0.00,5760.00,,,,郵寄競選物品或宣傳廣告費用,金錢,基隆市仁愛區****,,否,,,,,,,
6,莊榮欽,111年基隆市議員選舉,首次申報,1111011,雜支支出,台灣大創百貨股份有限公司,,0.00,198.00,,,,雜項購置或修繕費用,金錢,基隆市仁愛區****,,否,,,,,,,
7,莊榮欽,111年基隆市議員選舉,首次申報,1111012,宣傳支出,吳孟晉,,0.00,10000.00,,,,租用廣告看板或車體廣告費用,金錢,基隆市仁愛區****,2428*****,否,,,,,,,
8,莊榮欽,111年基隆市議員選舉,首次申報,1111013,宣傳支出,基隆市光華大廈社區管理委員會,,0.00,5940.00,,,,租用廣告看板或車體廣告費用,金錢,基隆市仁愛區****,,否,,,,,,,
9,莊榮欽,111年基隆市議員選舉,首次申報,1111014,宣傳支出,六福傢俱寢飾,,0.00,15000.00,,,,租用廣告看板或車體廣告費用,金錢,基隆市仁愛區****,2425*****,否,,,,,,,
10,莊榮欽,111年基隆市議員選舉,首次申報,1111018,雜支支出,黎明香舖,,0.00,485.00,,,,雜項購置或修繕費用,金錢,基隆市信義區****,2466*****,否,,,,,,,
11,莊榮欽,111年基隆市議員選舉,首次申報,1111019,集會支出,基隆市政府停車管理科,,0.00,17550.00,,,,租用場地費用,金錢,基隆市仁愛區****,,否,,,,,,,
12,莊榮欽,111年基隆市議員選舉,首次申報,1111020,雜支支出,台豐文教有限公司,,0.00,284.00,,,,文具用品費用,金錢,基隆市仁愛區****,,否,,,,,,,
13,莊榮欽,111年基隆市議員選舉,首次申報,1111020,雜支支出,合興木材行,,0.00,28000.00,,,,雜項購置或修繕費用,金錢,基隆市仁愛區****,,否,,,,,,,
14,莊榮欽,111年基隆市議員選舉,首次申報,1111021,雜支支出,潔陞行,,0.00,190.00,,,,雜項購置或修繕費用,金錢,基隆市信義區****,,否,,,,,,,
15,莊榮欽,111年基隆市議員選舉,首次申報,1111023,集會支出,阿秋音響出租店,,0.00,3200.00,,,,租用設備費用,金錢,基隆市信義區****,,否,,,,,,,
16,莊榮欽,111年基隆市議員選舉,首次申報,1111024,交通旅運支出,統一超商,,0.00,320.00,,,,停車費,金錢,基隆市仁愛區****,,否,,,,,,,
17,莊榮欽,111年基隆市議員選舉,首次申報,1111028,宣傳支出,欣欣茶園,00889934,0.00,15500.00,,,,製作競選物品或宣傳廣告費用（茶包）,金錢,,,否,,,,,,,
18,莊榮欽,111年基隆市議員選舉,首次申報,1111031,雜支支出,真福氣自助餐館,,0.00,10000.00,,,,餐飲費用,金錢,,2466*****,否,,,,,,,
19,莊榮欽,111年基隆市議員選舉,首次申報,1111102,宣傳支出,欣欣茶園,,0.00,15500.00,,,,製作競選物品或宣傳廣告費用（茶包）,金錢,基隆市仁愛區****,2428*****,否,,,,,,,
20,莊榮欽,111年基隆市議員選舉,首次申報,1111103,雜支支出,恆順肉品行,85219268,0.00,800.00,,,,餐飲費用,金錢,,,否,,,,,,,
21,莊榮欽,111年基隆市議員選舉,首次申報,1111106,交通旅運支出,悠勢科技股份有限公司海科館,91615759,0.00,100.00,,,,停車費,金錢,,,否,,,,,,,
22,莊榮欽,111年基隆市議員選舉,首次申報,1111108,交通旅運支出,統一超商,,0.00,210.00,,,,停車費,金錢,基隆市仁愛區****,,否,,,,,,,
23,莊榮欽,111年基隆市議員選舉,首次申報,1111109,雜支支出,真福氣自助餐館,72641031,0.00,9500.00,,,,餐飲費用,金錢,,,否,,,,,,,
24,莊榮欽,111年基隆市議員選舉,首次申報,1111111,宣傳支出,天馬行空坊,09829698,0.00,19600.00,,,,製作競選物品或宣傳廣告費用（宣傳帆布）,金錢,,,否,,,,,,,
25,莊榮欽,111年基隆市議員選舉,首次申報,1111114,宣傳支出,天馬行有限公司,00862175,0.00,64000.00,,,,製作競選物品或宣傳廣告費用（宣傳帆布）,金錢,基隆市中山區****,2437*****,否,,,,,,,
26,莊榮欽,111年基隆市議員選舉,首次申報,1111116,雜支支出,仁隆糖果行,00814012,0.00,1250.00,,,,餐飲費用,金錢,,,否,,,,,,,
27,莊榮欽,111年基隆市議員選舉,首次申報,1111117,交通旅運支出,台灣中油,18311272,0.00,1440.00,,,,油資,金錢,,,否,,,,,,,
28,莊榮欽,111年基隆市議員選舉,首次申報,1111118,宣傳支出,天馬行空坊,09829698,0.00,19200.00,,,,製作競選物品或宣傳廣告費用（宣傳帆布）,金錢,,,否,,,,,,,
29,莊榮欽,111年基隆市議員選舉,首次申報,1111118,宣傳支出,天馬行空坊,09829698,0.00,18800.00,,,,租用廣告看板或車體廣告費用,金錢,,,否,,,,,,,
30,莊榮欽,111年基隆市議員選舉,首次申報,1111118,雜支支出,POYA 寶雅,53005150,0.00,458.00,,,,雜項購置或修繕費用,金錢,,,否,,,,,,,
31,莊榮欽,111年基隆市議員選舉,首次申報,1111119,雜支支出,真福氣自助餐館,72641031,0.00,9800.00,,,,餐飲費用,金錢,,,否,,,,,,,
32,莊榮欽,111年基隆市議員選舉,首次申報,1111121,交通旅運支出,統一超商,,0.00,105.00,,,,停車費,金錢,基隆市仁愛區****,,否,,,,,,,
33,莊榮欽,111年基隆市議員選舉,首次申報,1111123,交通旅運支出,統一超商,,0.00,660.00,,,,停車費,金錢,基隆市仁愛區****,,否,,,,,,,
34,莊榮欽,111年基隆市議員選舉,首次申報,1111123,雜支支出,立嘉糕餅,91315676,0.00,435.00,,,,餐飲費用,金錢,,,否,,,,,,,
35,莊榮欽,111年基隆市議員選舉,首次申報,1111123,交通旅運支出,日月亭股份有限公司,91929793,0.00,135.00,,,,停車費,金錢,,,否,,,,,,,
36,莊榮欽,111年基隆市議員選舉,首次申報,1111124,交通旅運支出,日月亭股份有限公司,91929793,0.00,120.00,,,,停車費,金錢,,,否,,,,,,,
37,莊榮欽,111年基隆市議員選舉,首次申報,1111125,宣傳支出,天馬行空坊,09829698,0.00,16000.00,,,,租用廣告看板或車體廣告費用,金錢,,,否,,,,,,,
38,莊榮欽,111年基隆市議員選舉,首次申報,1111125,宣傳支出,天馬行空坊,09829698,0.00,18400.00,,,,製作競選物品或宣傳廣告費用（宣傳帆布）,金錢,,,否,,,,,,,
39,莊榮欽,111年基隆市議員選舉,首次申報,1111125,交通旅運支出,日月亭股份有限公司,91929793,0.00,120.00,,,,停車費,金錢,,,否,,,,,,,
40,莊榮欽,111年基隆市議員選舉,首次申報,1111126,交通旅運支出,日月亭股份有限公司,91929793,0.00,45.00,,,,停車費,金錢,,,否,,,,,,,
41,莊榮欽,111年基隆市議員選舉,首次申報,1111127,租用宣傳車輛支出,梅花企業社,09772105,0.00,9600.00,,,,其他與租用宣傳車輛有關之費用,金錢,,,否,,,,,,,
42,莊榮欽,111年基隆市議員選舉,首次申報,1111127,交通旅運支出,日月亭股份有限公司,91929793,0.00,60.00,,,,停車費,金錢,,,否,,,,,,,
43,莊榮欽,111年基隆市議員選舉,首次申報,1111128,宣傳支出,天馬行有限公司,00862175,0.00,64000.00,,,,製作競選物品或宣傳廣告費用（宣傳帆布）,金錢,基隆市中山區****,2437*****,否,,,,,,,
44,莊榮欽,111年基隆市議員選舉,首次申報,1111128,交通旅運支出,日月亭股份有限公司,91929793,0.00,45.00,,,,停車費,金錢,,,否,,,,,,,
45,莊榮欽,111年基隆市議員選舉,首次申報,1111128,租用宣傳車輛支出,吳玉燕,C22*******,0.00,45500.00,,,,雇用宣傳車輛駕駛費用,金錢,基隆市仁愛區****,,否,,,,,,,
46,莊榮欽,111年基隆市議員選舉,首次申報,1111130,雜支支出,宏宇通信行,,0.00,15000.00,,,,雜項購置或修繕費用,金錢,基隆市仁愛區****,2425*****,否,,,,,,,
47,莊榮欽,111年基隆市議員選舉,首次申報,1111130,交通旅運支出,統一超商,,0.00,105.00,,,,停車費,金錢,基隆市仁愛區****,,否,,,,,,,
48,莊榮欽,111年基隆市議員選舉,首次申報,1111130,雜支支出,潔陞行,08722402,0.00,4450.00,,,,雜項購置或修繕費用,金錢,,,否,,,,,,,
49,莊榮欽,111年基隆市議員選舉,首次申報,1111130,雜支支出,真福氣自助餐館,72641031,0.00,12000.00,,,,餐飲費用,金錢,,,否,,,,,,,
50,莊榮欽,111年基隆市議員選舉,首次申報,1111202,雜支支出,明光電料行,98098077,0.00,13500.00,,,,雜項購置或修繕費用,金錢,,,否,,,,,,,
51,莊榮欽,111年基隆市議員選舉,首次申報,1111206,交通旅運支出,統一超商,,0.00,210.00,,,,停車費,金錢,基隆市仁愛區****,,否,,,,,,,
52,莊榮欽,111年基隆市議員選舉,首次申報,1111226,宣傳支出,華年印刷廠,00296307,0.00,15000.00,,,,製作競選物品或宣傳廣告費用（文宣品）,金錢,,,否,,,,,,,
