﻿序號,擬參選人／政黨,選舉名稱,申報序號／年度,交易日期,收支科目,捐贈者／支出對象,身分證／統一編號,收入金額,支出金額,捐贈方式,存入專戶日期,返還/繳庫,支出用途,金錢類,地址,聯絡電話,應揭露之支出對象,支出對象之內部人員姓名,支出對象之內部人員職稱,政黨之內部人員姓名,政黨之內部人員職稱,關係,更正註記,資料更正日期
1,史雪燕,111年南投縣議員選舉,首次申報,1110609,匿名捐贈,匿名1,,1.00,0.00,現金,1110609,,,金錢,,,,,,,,,,
2,史雪燕,111年南投縣議員選舉,首次申報,1110611,個人捐贈收入,李明倡,,500.00,0.00,現金,1110611,,,金錢,南投縣草屯鎮****,,,,,,,,,
3,史雪燕,111年南投縣議員選舉,首次申報,1110612,個人捐贈收入,趙珮竹,,1000.00,0.00,匯款,1110617,,,金錢,,0958*****,,,,,,,,
4,史雪燕,111年南投縣議員選舉,首次申報,1110612,個人捐贈收入,王娟,,2000.00,0.00,匯款,1110617,,,金錢,,0955*****,,,,,,,,
5,史雪燕,111年南投縣議員選舉,首次申報,1110612,個人捐贈收入,張丹,,1000.00,0.00,匯款,1110617,,,金錢,,0976*****,,,,,,,,
6,史雪燕,111年南投縣議員選舉,首次申報,1110612,個人捐贈收入,盧艷彬,,1000.00,0.00,匯款,1110617,,,金錢,台北市大同區****,0983*****,,,,,,,,
7,史雪燕,111年南投縣議員選舉,首次申報,1110612,匿名捐贈,匿名,,100.00,0.00,現金,1110617,,,金錢,,,,,,,,,,
8,史雪燕,111年南投縣議員選舉,首次申報,1110612,匿名捐贈,匿名捐款,,100.00,0.00,匯款,1110612,,,金錢,,,,,,,,,,
9,史雪燕,111年南投縣議員選舉,首次申報,1110612,匿名捐贈,匿名捐款,,100.00,0.00,匯款,1110612,,,金錢,,,,,,,,,,
10,史雪燕,111年南投縣議員選舉,首次申報,1110612,匿名捐贈,匿名捐款,,100.00,0.00,,1110612,,,金錢,,,,,,,,,,
11,史雪燕,111年南投縣議員選舉,首次申報,1110612,個人捐贈收入,徐春鶯,F23*******,6600.00,0.00,匯款,1110617,,,金錢,新北市中和區****,0958*****,,,,,,,,
12,史雪燕,111年南投縣議員選舉,首次申報,1110612,個人捐贈收入,史滿紅,H29*******,1000.00,0.00,現金,1110617,,,金錢,桃園市龜山區****,0916*****,,,,,,,,
13,史雪燕,111年南投縣議員選舉,首次申報,1110613,個人捐贈收入,劉敏,,200.00,0.00,現金,1110613,,,金錢,苗栗縣苗栗市****,,,,,,,,,
14,史雪燕,111年南投縣議員選舉,首次申報,1110613,個人捐贈收入,許開霞,,200.00,0.00,匯款,1110618,,,金錢,,0977*****,,,,,,,,
15,史雪燕,111年南投縣議員選舉,首次申報,1110613,個人捐贈收入,江素梅,,100.00,0.00,匯款,1110618,,,金錢,,0931*****,,,,,,,,
16,史雪燕,111年南投縣議員選舉,首次申報,1110613,個人捐贈收入,李鳳萍,,1000.00,0.00,匯款,1110618,,,金錢,,0953*****,,,,,,,,
17,史雪燕,111年南投縣議員選舉,首次申報,1110613,個人捐贈收入,周池春,,1000.00,0.00,匯款,1110618,,,金錢,,0983*****,,,,,,,,
18,史雪燕,111年南投縣議員選舉,首次申報,1110613,個人捐贈收入,丁倩,,1000.00,0.00,現金,1110613,,,金錢,苗栗縣苗栗市****,,,,,,,,,
19,史雪燕,111年南投縣議員選舉,首次申報,1110613,匿名捐贈,匿名捐款,,100.00,0.00,匯款,1110613,,,金錢,,,,,,,,,,
20,史雪燕,111年南投縣議員選舉,首次申報,1110613,匿名捐贈,匿名捐款,,1000.00,0.00,匯款,1110613,,,金錢,,,,,,,,,,
21,史雪燕,111年南投縣議員選舉,首次申報,1110613,匿名捐贈,匿名捐款,,1000.00,0.00,匯款,1110613,,,金錢,,,,,,,,,,
22,史雪燕,111年南投縣議員選舉,首次申報,1110613,個人捐贈收入,李孔智,C12*******,10000.00,0.00,匯款,1110618,,,金錢,桃園市中壢區****,0936*****,,,,,,,,
23,史雪燕,111年南投縣議員選舉,首次申報,1110614,個人捐贈收入,張丹,,100.00,0.00,匯款,1110619,,,金錢,,0976*****,,,,,,,,
24,史雪燕,111年南投縣議員選舉,首次申報,1110614,個人捐贈收入,張丹,,100.00,0.00,匯款,1110619,,,金錢,,0976*****,,,,,,,,
25,史雪燕,111年南投縣議員選舉,首次申報,1110614,個人捐贈收入,張丹,,100.00,0.00,匯款,1110619,,,金錢,,0976*****,,,,,,,,
26,史雪燕,111年南投縣議員選舉,首次申報,1110614,匿名捐贈,匿名捐款,,100.00,0.00,匯款,1110614,,,金錢,,,,,,,,,,
27,史雪燕,111年南投縣議員選舉,首次申報,1110614,匿名捐贈,匿名捐款,,100.00,0.00,匯款,1110614,,,金錢,,,,,,,,,,
28,史雪燕,111年南投縣議員選舉,首次申報,1110614,匿名捐贈,匿名捐款,,100.00,0.00,匯款,1110614,,,金錢,,,,,,,,,,
29,史雪燕,111年南投縣議員選舉,首次申報,1110614,匿名捐贈,匿名捐款,,100.00,0.00,匯款,1110614,,,金錢,,,,,,,,,,
30,史雪燕,111年南投縣議員選舉,首次申報,1110614,匿名捐贈,匿名捐款,,100.00,0.00,匯款,1110614,,,金錢,,,,,,,,,,
31,史雪燕,111年南投縣議員選舉,首次申報,1110614,匿名捐贈,匿名捐款,,100.00,0.00,匯款,1110614,,,金錢,,,,,,,,,,
32,史雪燕,111年南投縣議員選舉,首次申報,1110614,匿名捐贈,匿名捐款,,100.00,0.00,匯款,1110614,,,金錢,,,,,,,,,,
33,史雪燕,111年南投縣議員選舉,首次申報,1110614,匿名捐贈,匿名捐款,,100.00,0.00,匯款,1110614,,,金錢,,,,,,,,,,
34,史雪燕,111年南投縣議員選舉,首次申報,1110614,匿名捐贈,匿名捐款,,100.00,0.00,匯款,1110614,,,金錢,,,,,,,,,,
35,史雪燕,111年南投縣議員選舉,首次申報,1110614,匿名捐贈,匿名捐款,,100.00,0.00,匯款,1110614,,,金錢,,,,,,,,,,
36,史雪燕,111年南投縣議員選舉,首次申報,1110614,匿名捐贈,匿名捐款,,100.00,0.00,匯款,1110614,,,金錢,,,,,,,,,,
37,史雪燕,111年南投縣議員選舉,首次申報,1110614,匿名捐贈,匿名捐款,,100.00,0.00,匯款,1110614,,,金錢,,,,,,,,,,
38,史雪燕,111年南投縣議員選舉,首次申報,1110614,匿名捐贈,匿名捐款,,100.00,0.00,匯款,1110614,,,金錢,,,,,,,,,,
39,史雪燕,111年南投縣議員選舉,首次申報,1110614,匿名捐贈,匿名捐款,,100.00,0.00,匯款,1110614,,,金錢,,,,,,,,,,
40,史雪燕,111年南投縣議員選舉,首次申報,1110614,匿名捐贈,匿名捐款,,100.00,0.00,匯款,1110614,,,金錢,,,,,,,,,,
41,史雪燕,111年南投縣議員選舉,首次申報,1110614,匿名捐贈,匿名捐款,,100.00,0.00,匯款,1110614,,,金錢,,,,,,,,,,
42,史雪燕,111年南投縣議員選舉,首次申報,1110614,匿名捐贈,匿名捐款,,100.00,0.00,匯款,1110614,,,金錢,,,,,,,,,,
43,史雪燕,111年南投縣議員選舉,首次申報,1110614,匿名捐贈,匿名捐款,,100.00,0.00,匯款,1110614,,,金錢,,,,,,,,,,
44,史雪燕,111年南投縣議員選舉,首次申報,1110614,匿名捐贈,匿名捐款,,100.00,0.00,匯款,1110614,,,金錢,,,,,,,,,,
45,史雪燕,111年南投縣議員選舉,首次申報,1110614,匿名捐贈,匿名捐款,,100.00,0.00,匯款,1110614,,,金錢,,,,,,,,,,
46,史雪燕,111年南投縣議員選舉,首次申報,1110614,匿名捐贈,匿名捐款,,100.00,0.00,匯款,1110614,,,金錢,,,,,,,,,,
47,史雪燕,111年南投縣議員選舉,首次申報,1110614,匿名捐贈,匿名捐款,,100.00,0.00,匯款,1110614,,,金錢,,,,,,,,,,
48,史雪燕,111年南投縣議員選舉,首次申報,1110614,匿名捐贈,匿名捐款,,100.00,0.00,匯款,1110614,,,金錢,,,,,,,,,,
49,史雪燕,111年南投縣議員選舉,首次申報,1110614,匿名捐贈,匿名捐款,,100.00,0.00,匯款,1110614,,,金錢,,,,,,,,,,
50,史雪燕,111年南投縣議員選舉,首次申報,1110614,匿名捐贈,匿名捐款,,100.00,0.00,匯款,1110614,,,金錢,,,,,,,,,,
51,史雪燕,111年南投縣議員選舉,首次申報,1110614,匿名捐贈,匿名捐款,,100.00,0.00,匯款,1110614,,,金錢,,,,,,,,,,
52,史雪燕,111年南投縣議員選舉,首次申報,1110614,匿名捐贈,匿名捐款,,100.00,0.00,匯款,1110614,,,金錢,,,,,,,,,,
53,史雪燕,111年南投縣議員選舉,首次申報,1110614,匿名捐贈,匿名捐款,,100.00,0.00,匯款,1110614,,,金錢,,,,,,,,,,
54,史雪燕,111年南投縣議員選舉,首次申報,1110614,匿名捐贈,匿名捐款,,100.00,0.00,匯款,1110614,,,金錢,,,,,,,,,,
55,史雪燕,111年南投縣議員選舉,首次申報,1110614,匿名捐贈,匿名捐款,,100.00,0.00,匯款,1110614,,,金錢,,,,,,,,,,
56,史雪燕,111年南投縣議員選舉,首次申報,1110614,匿名捐贈,匿名捐款,,100.00,0.00,匯款,1110614,,,金錢,,,,,,,,,,
57,史雪燕,111年南投縣議員選舉,首次申報,1110614,匿名捐贈,匿名捐款,,100.00,0.00,匯款,1110614,,,金錢,,,,,,,,,,
58,史雪燕,111年南投縣議員選舉,首次申報,1110614,匿名捐贈,匿名捐款,,100.00,0.00,匯款,1110614,,,金錢,,,,,,,,,,
59,史雪燕,111年南投縣議員選舉,首次申報,1110615,匿名捐贈,匿名捐款,,100.00,0.00,匯款,1110615,,,金錢,,,,,,,,,,
60,史雪燕,111年南投縣議員選舉,首次申報,1110615,匿名捐贈,匿名捐款,,100.00,0.00,匯款,1110615,,,金錢,,,,,,,,,,
61,史雪燕,111年南投縣議員選舉,首次申報,1110615,匿名捐贈,匿名捐款,,100.00,0.00,匯款,1110615,,,金錢,,,,,,,,,,
62,史雪燕,111年南投縣議員選舉,首次申報,1110615,匿名捐贈,匿名捐款,,100.00,0.00,匯款,1110615,,,金錢,,,,,,,,,,
63,史雪燕,111年南投縣議員選舉,首次申報,1110615,匿名捐贈,匿名捐款,,100.00,0.00,匯款,1110615,,,金錢,,,,,,,,,,
64,史雪燕,111年南投縣議員選舉,首次申報,1110615,匿名捐贈,匿名捐款,,100.00,0.00,匯款,1110615,,,金錢,,,,,,,,,,
65,史雪燕,111年南投縣議員選舉,首次申報,1110615,匿名捐贈,匿名捐款,,100.00,0.00,匯款,1110615,,,金錢,,,,,,,,,,
66,史雪燕,111年南投縣議員選舉,首次申報,1110615,匿名捐贈,匿名捐款,,100.00,0.00,匯款,1110615,,,金錢,,,,,,,,,,
67,史雪燕,111年南投縣議員選舉,首次申報,1110616,匿名捐贈,匿名3,,100.00,0.00,現金,1110622,,,金錢,,,,,,,,,,
68,史雪燕,111年南投縣議員選舉,首次申報,1110616,個人捐贈收入,鍾銘明,,1000.00,0.00,現金,1110616,,,金錢,新北市永和區****,,,,,,,,,
69,史雪燕,111年南投縣議員選舉,首次申報,1110616,個人捐贈收入,羅建華,,1000.00,0.00,現金,1110616,,,金錢,金門縣金城鎮****,,,,,,,,,
70,史雪燕,111年南投縣議員選舉,首次申報,1110616,個人捐贈收入,曾永紅,,1000.00,0.00,現金,1110616,,,金錢,臺北市信義區****,,,,,,,,,
71,史雪燕,111年南投縣議員選舉,首次申報,1110616,個人捐贈收入,江巧玲,,5000.00,0.00,現金,1110616,,,金錢,彰化縣員林市****,,,,,,,,,
72,史雪燕,111年南投縣議員選舉,首次申報,1110616,個人捐贈收入,劉雅慈,,5000.00,0.00,現金,1110616,,,金錢,臺北市萬華區****,,,,,,,,,
73,史雪燕,111年南投縣議員選舉,首次申報,1110616,個人捐贈收入,楊麗,,500.00,0.00,匯款,1110622,,,金錢,高雄市仁武區****,0908*****,,,,,,,,
74,史雪燕,111年南投縣議員選舉,首次申報,1110616,個人捐贈收入,孫千雲,,600.00,0.00,匯款,1110621,,,金錢,台中市烏日區****,0935*****,,,,,,,,
75,史雪燕,111年南投縣議員選舉,首次申報,1110616,個人捐贈收入,薛秋青,,100.00,0.00,匯款,1110621,,,金錢,嘉義縣朴子市****,0925*****,,,,,,,,
76,史雪燕,111年南投縣議員選舉,首次申報,1110616,匿名捐贈,匿名捐款,,100.00,0.00,匯款,1110616,,,金錢,,,,,,,,,,
77,史雪燕,111年南投縣議員選舉,首次申報,1110616,匿名捐贈,匿名捐款,,100.00,0.00,匯款,1110616,,,金錢,,,,,,,,,,
78,史雪燕,111年南投縣議員選舉,首次申報,1110617,匿名捐贈,匿名捐款,,100.00,0.00,匯款,1110617,,,金錢,,,,,,,,,,
79,史雪燕,111年南投縣議員選舉,首次申報,1110617,個人捐贈收入,李鳳,,1000.00,0.00,匯款,1110622,,,金錢,桃園市龜山區****,0952*****,,,,,,,,
80,史雪燕,111年南投縣議員選舉,首次申報,1110617,匿名捐贈,匿名,,100.00,0.00,匯款,1110617,,,金錢,,,,,,,,,,
81,史雪燕,111年南投縣議員選舉,首次申報,1110617,匿名捐贈,匿名,,100.00,0.00,匯款,1110617,,,金錢,,,,,,,,,,
82,史雪燕,111年南投縣議員選舉,首次申報,1110617,匿名捐贈,匿名,,100.00,0.00,匯款,1110617,,,金錢,,,,,,,,,,
83,史雪燕,111年南投縣議員選舉,首次申報,1110617,匿名捐贈,匿名3,,100.00,0.00,現金,1110622,,,金錢,,,,,,,,,,
84,史雪燕,111年南投縣議員選舉,首次申報,1110618,匿名捐贈,匿名3,,100.00,0.00,現金,1110623,,,金錢,,,,,,,,,,
85,史雪燕,111年南投縣議員選舉,首次申報,1110618,個人捐贈收入,胡海玉,,300.00,0.00,匯款,1110622,,,金錢,彰化縣芬園鄉****,0987*****,,,,,,,,
86,史雪燕,111年南投縣議員選舉,首次申報,1110618,個人捐贈收入,唐浩鈞,A19*******,2000.00,0.00,現金,1110623,,,金錢,彰化縣芬園鄉****,,,,,,,,,
87,史雪燕,111年南投縣議員選舉,首次申報,1110619,匿名捐贈,匿名1,,1000.00,0.00,現金,1110619,,,金錢,,,,,,,,,,
88,史雪燕,111年南投縣議員選舉,首次申報,1110619,匿名捐贈,匿名3,,100.00,0.00,現金,1110624,,,金錢,,,,,,,,,,
89,史雪燕,111年南投縣議員選舉,首次申報,1110619,匿名捐贈,匿名捐款,,100.00,0.00,匯款,1110619,,,金錢,,,,,,,,,,
90,史雪燕,111年南投縣議員選舉,首次申報,1110619,匿名捐贈,匿名捐款,,100.00,0.00,匯款,1110619,,,金錢,,,,,,,,,,
91,史雪燕,111年南投縣議員選舉,首次申報,1110620,個人捐贈收入,古麗,,1000.00,0.00,現金,1110625,,,金錢,嘉義市西區育****,,,,,,,,,
92,史雪燕,111年南投縣議員選舉,首次申報,1110620,個人捐贈收入,許逢英,,1000.00,0.00,匯款,1110620,,,金錢,南投縣名間鄉****,,,,,,,,,
93,史雪燕,111年南投縣議員選舉,首次申報,1110621,個人捐贈收入,解靜萍,,100.00,0.00,現金,1110626,,,金錢,南投縣水里鄉****,,,,,,,,,
94,史雪燕,111年南投縣議員選舉,首次申報,1110622,匿名捐贈,匿名,,100.00,0.00,匯款,1110622,,,金錢,,,,,,,,,,
95,史雪燕,111年南投縣議員選舉,首次申報,1110622,個人捐贈收入,張文建,M12*******,1000.00,0.00,現金,1110627,,,金錢,南投縣南投市****,,,,,,,,,
96,史雪燕,111年南投縣議員選舉,首次申報,1110623,個人捐贈收入,曾婷婷,,100.00,0.00,現金,1110629,,,金錢,南投縣水里鄉****,,,,,,,,,
97,史雪燕,111年南投縣議員選舉,首次申報,1110624,個人捐贈收入,大吉,,100.00,0.00,匯款,1110624,,,金錢,南投縣水里鄉****,0968*****,,,,,,,,
98,史雪燕,111年南投縣議員選舉,首次申報,1110624,匿名捐贈,匿名1,,200.00,0.00,匯款,1110624,,,金錢,,,,,,,,,,
99,史雪燕,111年南投縣議員選舉,首次申報,1110624,個人捐贈收入,鄭氏心,N26*******,100.00,0.00,匯款,1110629,,,金錢,南投縣南投市****,0985*****,,,,,,,,
100,史雪燕,111年南投縣議員選舉,首次申報,1110627,個人捐贈收入,劉茜,,2000.00,0.00,匯款,1110627,,,金錢,臺北市中正區****,0905*****,,,,,,,,
101,史雪燕,111年南投縣議員選舉,首次申報,1110629,個人捐贈收入,盧艷葵,N29*******,500.00,0.00,現金,1110704,,,金錢,彰化縣芬園鄉****,,,,,,,,,
102,史雪燕,111年南投縣議員選舉,首次申報,1110630,個人捐贈收入,賀樺,F29*******,1000.00,0.00,匯款,1110705,,,金錢,新北市新莊區****,0908*****,,,,,,,,
103,史雪燕,111年南投縣議員選舉,首次申報,1110706,營利事業捐贈收入,翰新不綉鋼有限公司,86960040,1000.00,0.00,匯款,1110706,,,金錢,台中市西屯區****,0958*****,,,,,,,,
104,史雪燕,111年南投縣議員選舉,首次申報,1110706,個人捐贈收入,李克昌,P10*******,100000.00,0.00,匯款,1110706,,,金錢,雲林縣林內鄉****,05-5*****,,,,,,,,
105,史雪燕,111年南投縣議員選舉,首次申報,1110712,個人捐贈收入,巫倩怡,,1000.00,0.00,匯款,1110712,,,金錢,桃園市中壢區****,0921*****,,,,,,,,
106,史雪燕,111年南投縣議員選舉,首次申報,1110714,匿名捐贈,匿名,,1000.00,0.00,匯款,1110714,,,金錢,,,,,,,,,,
107,史雪燕,111年南投縣議員選舉,首次申報,1110808,營利事業捐贈收入,暘鎧興業有限公司,54963158,5000.00,0.00,匯款,1110808,已返還,,金錢,南投縣草屯鎮****,0933*****,,,,,,,,
108,史雪燕,111年南投縣議員選舉,首次申報,1110808,個人捐贈收入,曾煥聰,M10*******,10000.00,0.00,現金,1110813,,,金錢,南投縣草屯鎮****,,,,,,,,,
109,史雪燕,111年南投縣議員選舉,首次申報,1111019,營利事業捐贈收入,金典興企業有限公司,80048603,30000.00,0.00,匯款,1111019,,,金錢,南投縣南投市****,0492*****,,,,,,,,
110,史雪燕,111年南投縣議員選舉,首次申報,1111107,個人捐贈收入,白景祿,,2000.00,0.00,匯款,1111107,,,金錢,南投縣南投市****,0985*****,,,,,,,,
111,史雪燕,111年南投縣議員選舉,首次申報,1111111,個人捐贈收入,張黛文,,10000.00,0.00,匯款,1111111,,,金錢,新北市汐止區****,,,,,,,,,
112,史雪燕,111年南投縣議員選舉,首次申報,1111118,個人捐贈收入,劉建軍,,10000.00,0.00,匯款,1111118,,,金錢,臺北市中正區****,02-2*****,,,,,,,,
113,史雪燕,111年南投縣議員選舉,首次申報,1111124,個人捐贈收入,張珍珠,,1500.00,0.00,匯款,1111124,,,金錢,南投縣南投市****,0935*****,,,,,,,,
114,史雪燕,111年南投縣議員選舉,首次申報,1111125,個人捐贈收入,蔣小萌,R29*******,60000.00,0.00,現金,1111202,,,金錢,臺南市新營區****,0931*****,,,,,,,,
