﻿序號,擬參選人／政黨,選舉名稱,申報序號／年度,交易日期,收支科目,捐贈者／支出對象,身分證／統一編號,收入金額,支出金額,捐贈方式,存入專戶日期,返還/繳庫,支出用途,金錢類,地址,聯絡電話,應揭露之支出對象,支出對象之內部人員姓名,支出對象之內部人員職稱,政黨之內部人員姓名,政黨之內部人員職稱,關係,更正註記,資料更正日期
1,蔡宗智,111年南投縣議員選舉,首次申報,1111021,營利事業捐贈收入,金典興企業有限公司,80048603,30000.00,0.00,現金,1111021,,,金錢,南投縣南投市****,04 9*****,,,,,,,,
2,蔡宗智,111年南投縣議員選舉,首次申報,1111124,營利事業捐贈收入,晟茂精密密封元件股份有限公司,28583596,20000.00,0.00,現金,1111130,,,金錢,南投縣南投市****,,,,,,,,,
3,蔡宗智,111年南投縣議員選舉,首次申報,1111124,個人捐贈收入,洪玉玲,L22*******,50000.00,0.00,現金,1111130,,,金錢,臺中市北屯區****,,,,,,,,,
4,蔡宗智,111年南投縣議員選舉,首次申報,1111124,個人捐贈收入,陳德和,Q12*******,100000.00,0.00,現金,1111130,,,金錢,南投縣南投市****,0935*****,,,,,,,,
