﻿序號,擬參選人／政黨,選舉名稱,申報序號／年度,交易日期,收支科目,捐贈者／支出對象,身分證／統一編號,收入金額,支出金額,支出用途,金錢類,地址,聯絡電話,資料更正日期
1,安可宏,107年村(里)長選舉,首次申報,1071009,人事費用支出,呂公仁,E12*******,0.00,45000.00,其他因工作酬勞之給付,金錢,高雄市三民區****,0931*****,
2,安可宏,107年村(里)長選舉,首次申報,1071010,集會支出,呂公仁,,0.00,8000.00,麵包及水,金錢,高雄市三民區****,0936*****,
3,安可宏,107年村(里)長選舉,首次申報,1071015,雜支支出,劉庭偉,,0.00,21000.00,便當,金錢,高雄市三民區****,,
4,安可宏,107年村(里)長選舉,首次申報,1071015,宣傳支出,幸運草旗幟公司,,0.00,26000.00,直布旗文宣,金錢,高雄市三民區****,07-3*****,
5,安可宏,107年村(里)長選舉,首次申報,1071015,宣傳支出,順易利實業有限公司,16734752,0.00,75000.00,口罩宣傳空污防治之用,金錢,基隆市七堵區****,02-2*****,
6,安可宏,107年村(里)長選舉,首次申報,1071015,宣傳支出,都市彩繪公司,16823494,0.00,40000.00,旗座、旗桿文宣,金錢,高雄市三民區****,07-3*****,
7,安可宏,107年村(里)長選舉,首次申報,1071019,宣傳支出,鼎創芸廣告招牌,10247397,0.00,40000.00,大型看板文宣,金錢,高雄市三民區****,07-3*****,
8,安可宏,107年村(里)長選舉,首次申報,1071104,宣傳支出,雙豪食品有限公司,,0.00,27000.00,肉粽及包子,金錢,高雄市三民區****,,
9,安可宏,107年村(里)長選舉,首次申報,1071104,宣傳支出,黃娸禎,,0.00,3000.00,司儀文宣之用,金錢,高雄市三民區****,0985*****,
10,安可宏,107年村(里)長選舉,首次申報,1071104,宣傳支出,李慶傳,,0.00,8000.00,租用舞台車,金錢,高雄市三民區****,0932*****,
11,安可宏,107年村(里)長選舉,首次申報,1071104,宣傳支出,豐台企業3M公司,28596781,0.00,175000.00,菜瓜布文宣,金錢,高雄市三民區****,0932*****,
12,安可宏,107年村(里)長選舉,首次申報,1071224,宣傳支出,競選總部,E10*******,0.00,500.00,便當,非金錢,高雄市三民區****,,
13,安可宏,107年村(里)長選舉,首次申報,1071224,宣傳支出,競選總部,E10*******,0.00,1000.00,直布旗宣傳,非金錢,高雄市三民區****,,
14,安可宏,107年村(里)長選舉,首次申報,1071224,宣傳支出,競選總部,E10*******,0.00,3000.00,肉粽,非金錢,高雄市三民區****,,
15,安可宏,107年村(里)長選舉,首次申報,1071224,宣傳支出,競選總部,E10*******,0.00,5000.00,口罩文宣,非金錢,高雄市三民區****,,
16,安可宏,107年村(里)長選舉,首次申報,1071224,宣傳支出,競選總部,E10*******,0.00,5000.00,口罩文宣,非金錢,高雄市三民區****,,
17,安可宏,107年村(里)長選舉,首次申報,1071224,宣傳支出,競選總部,E10*******,0.00,5000.00,口罩文宣,非金錢,高雄市三民區****,,
18,安可宏,107年村(里)長選舉,首次申報,1071224,宣傳支出,競選總部,E10*******,0.00,5000.00,口罩文宣,非金錢,高雄市三民區****,,
19,安可宏,107年村(里)長選舉,首次申報,1071224,宣傳支出,競選總部,E10*******,0.00,5000.00,菜瓜布文宣,非金錢,高雄市三民區****,,
20,安可宏,107年村(里)長選舉,首次申報,1071224,宣傳支出,競選總部,E10*******,0.00,5000.00,直布旗宣傳,非金錢,高雄市三民區****,,
21,安可宏,107年村(里)長選舉,首次申報,1071224,宣傳支出,競選總部,E10*******,0.00,6000.00,菜瓜布文宣,非金錢,高雄市三民區****,,
22,安可宏,107年村(里)長選舉,首次申報,1071224,宣傳支出,競選總部,E10*******,0.00,6600.00,口罩文宣,非金錢,高雄市三民區****,,
23,安可宏,107年村(里)長選舉,首次申報,1071224,宣傳支出,競選總部,E10*******,0.00,10000.00,看板宣傳,非金錢,高雄市三民區****,,
24,安可宏,107年村(里)長選舉,首次申報,1071224,宣傳支出,競選總部,E10*******,0.00,10000.00,看板宣傳,非金錢,高雄市三民區****,,
25,安可宏,107年村(里)長選舉,首次申報,1071224,宣傳支出,競選總部,E10*******,0.00,10000.00,口罩文宣,非金錢,高雄市三民區****,,
26,安可宏,107年村(里)長選舉,首次申報,1071224,宣傳支出,競選總部,E10*******,0.00,10000.00,菜瓜布文宣,非金錢,高雄市三民區****,,
27,安可宏,107年村(里)長選舉,首次申報,1071224,宣傳支出,競選總部,E10*******,0.00,10000.00,菜瓜布文宣,非金錢,高雄市三民區****,,
28,安可宏,107年村(里)長選舉,首次申報,1071224,宣傳支出,競選總部,E10*******,0.00,10000.00,菜瓜布文宣,非金錢,高雄市三民區****,,
29,安可宏,107年村(里)長選舉,首次申報,1071224,宣傳支出,競選總部,E10*******,0.00,10000.00,直布旗宣傳,非金錢,高雄市三民區****,,
30,安可宏,107年村(里)長選舉,首次申報,1071224,宣傳支出,競選總部,E10*******,0.00,10000.00,看板宣傳,非金錢,高雄市三民區****,,
31,安可宏,107年村(里)長選舉,首次申報,1071224,宣傳支出,競選總部,E10*******,0.00,10000.00,直布旗宣傳,非金錢,高雄市三民區****,,
32,安可宏,107年村(里)長選舉,首次申報,1071224,宣傳支出,競選總部,E10*******,0.00,12000.00,菜瓜布文宣,非金錢,高雄市三民區****,,
33,安可宏,107年村(里)長選舉,首次申報,1071224,宣傳支出,競選總部,E10*******,0.00,20000.00,看板宣傳,非金錢,高雄市三民區****,,
34,安可宏,107年村(里)長選舉,首次申報,1071224,宣傳支出,競選總部,E10*******,0.00,20000.00,口罩文宣,非金錢,高雄市三民區****,,
35,安可宏,107年村(里)長選舉,首次申報,1071224,宣傳支出,競選總部,E10*******,0.00,20000.00,菜瓜布文宣,非金錢,高雄市三民區****,,
36,安可宏,107年村(里)長選舉,首次申報,1071224,宣傳支出,競選總部,E10*******,0.00,20000.00,菜瓜布文宣,非金錢,高雄市三民區****,,
37,安可宏,107年村(里)長選舉,首次申報,1071224,宣傳支出,競選總部,E10*******,0.00,20000.00,菜瓜布文宣,非金錢,高雄市三民區****,,
