﻿序號,擬參選人／政黨,選舉名稱,申報序號／年度,交易日期,收支科目,捐贈者／支出對象,身分證／統一編號,收入金額,支出金額,支出用途,金錢類,地址,聯絡電話,資料更正日期
1,龍畇慈,107年村(里)長選舉,首次申報,1071022,雜支支出,祥龍文具行,02710301,0.00,80.00,文具用品費用,金錢,桃園市龍潭區****,,
2,龍畇慈,107年村(里)長選舉,首次申報,1071022,雜支支出,三和建材五金行,44502311,0.00,300.00,文具用品費用,金錢,桃園市龍潭區****,,
3,龍畇慈,107年村(里)長選舉,首次申報,1071101,宣傳支出,睿揚創新科技有限公司,53866143,0.00,28800.00,製作宣傳廣告支出,金錢,桃園市龍潭區****,,
4,龍畇慈,107年村(里)長選舉,首次申報,1071101,人事費用支出,陳招蘭,H20*******,0.00,15000.00,工資或薪津,金錢,桃園市龍潭區****,,
5,龍畇慈,107年村(里)長選舉,首次申報,1071101,人事費用支出,陳招蘭,H29*******,0.00,10000.00,工資或薪津,金錢,桃園市龍潭區****,,
6,龍畇慈,107年村(里)長選舉,首次申報,1071102,雜支支出,飛遜餐飲管理顧問有限公司,53739626,0.00,489.00,餐飲費用,金錢,臺北市內湖區****,,
7,龍畇慈,107年村(里)長選舉,首次申報,1071103,雜支支出,偉興麵食點心,17482987,0.00,4200.00,餐飲費用,金錢,桃園市龍潭區****,,
8,龍畇慈,107年村(里)長選舉,首次申報,1071103,宣傳支出,聖岳體育用品有限公司,53834473,0.00,3096.00,製作宣傳廣告支出,金錢,桃園市桃園區****,,
9,龍畇慈,107年村(里)長選舉,首次申報,1071103,宣傳支出,航金企業社,99420026,0.00,5000.00,製作競選物品支出~請柬,金錢,桃園市龍潭區****,,
10,龍畇慈,107年村(里)長選舉,首次申報,1071103,人事費用支出,龍美妃,H22*******,0.00,20000.00,工資或薪津,金錢,桃園市龍潭區****,,
11,龍畇慈,107年村(里)長選舉,首次申報,1071104,雜支支出,永祥商行,42360548,0.00,420.00,餐飲費用,金錢,臺北市內湖區****,,
12,龍畇慈,107年村(里)長選舉,首次申報,1071105,人事費用支出,陳興財,J10*******,0.00,20000.00,工資或薪津,金錢,桃園市龍潭區****,,
13,龍畇慈,107年村(里)長選舉,首次申報,1071105,人事費用支出,白心瑀,M22*******,0.00,20000.00,工資或薪津,金錢,桃園市龍潭區****,,
14,龍畇慈,107年村(里)長選舉,首次申報,1071106,雜支支出,均展飲食店,18175706,0.00,2250.00,餐飲費用,金錢,桃園市龍潭區****,,
15,龍畇慈,107年村(里)長選舉,首次申報,1071109,雜支支出,福泰五金行,44864284,0.00,600.00,雜項購置或修繕費用,金錢,桃園市龍潭區****,,
16,龍畇慈,107年村(里)長選舉,首次申報,1071110,雜支支出,宏倉免洗餐具行,17482207,0.00,330.00,雜項購置或修繕費用,金錢,桃園市龍潭區****,,
17,龍畇慈,107年村(里)長選舉,首次申報,1071110,宣傳支出,一心文具行,36468021,0.00,2260.00,製作宣傳廣告支出,金錢,桃園市龍潭區****,,
18,龍畇慈,107年村(里)長選舉,首次申報,1071110,雜支支出,建成免洗餐具行,44562801,0.00,240.00,雜項購置或修繕費用,金錢,桃園市龍潭區****,,
19,龍畇慈,107年村(里)長選舉,首次申報,1071110,雜支支出,建成免洗餐具行,97808418,0.00,1740.00,食材,金錢,桃園市龍潭區****,,
20,龍畇慈,107年村(里)長選舉,首次申報,1071110,雜支支出,高新煤氣行,97810364,0.00,1500.00,水電瓦斯費用,金錢,桃園市龍潭區****,,
21,龍畇慈,107年村(里)長選舉,首次申報,1071110,公共關係費用支出,提原客家小館,98976659,0.00,3500.00,工作人員會餐,金錢,桃園市龍潭區****,,
22,龍畇慈,107年村(里)長選舉,首次申報,1071110,雜支支出,詠宏精品百貨行,98979749,0.00,115.00,雜項購置或修繕費用,金錢,桃園市龍潭區****,,
23,龍畇慈,107年村(里)長選舉,首次申報,1071110,人事費用支出,龍美妃,H22*******,0.00,15000.00,工資或薪津,金錢,桃園市龍潭區****,,
24,龍畇慈,107年村(里)長選舉,首次申報,1071110,人事費用支出,陳招蘭,H29*******,0.00,10000.00,工資或薪津,金錢,桃園市龍潭區****,,
25,龍畇慈,107年村(里)長選舉,首次申報,1071111,雜支支出,新原味豆漿店,34837680,0.00,405.00,餐飲和食材,金錢,桃園市龍潭區****,,
26,龍畇慈,107年村(里)長選舉,首次申報,1071111,雜支支出,合信旺旺貿易有限公司,69428747,0.00,4750.00,餐飲費用,金錢,新北市三重區****,,
27,龍畇慈,107年村(里)長選舉,首次申報,1071111,雜支支出,建成免洗餐具行,97808418,0.00,550.00,雜項購置或修繕費用,金錢,桃園市龍潭區****,,
28,龍畇慈,107年村(里)長選舉,首次申報,1071111,雜支支出,建成免洗餐具行,97810364,0.00,1500.00,水電瓦斯費用,金錢,桃園市龍潭區****,,
29,龍畇慈,107年村(里)長選舉,首次申報,1071111,雜支支出,建成免洗餐具,97810364,0.00,360.00,雜項購置,金錢,桃園市龍潭區****,,
30,龍畇慈,107年村(里)長選舉,首次申報,1071111,集會支出,黃金增,H10*******,0.00,12100.00,租用設備支出,金錢,桃園市龍潭區****,,
31,龍畇慈,107年村(里)長選舉,首次申報,1071111,集會支出,樊德財,J12*******,0.00,10000.00,租用設備支出,金錢,桃園市龍潭區****,,
32,龍畇慈,107年村(里)長選舉,首次申報,1071113,雜支支出,金洋果子烘培屋,10395306,0.00,1051.00,雜項支出,金錢,臺北市內湖區****,,
33,龍畇慈,107年村(里)長選舉,首次申報,1071115,集會支出,偉星麵食點心,17482987,0.00,3360.00,餐飲支出,金錢,桃園市龍潭區****,,
34,龍畇慈,107年村(里)長選舉,首次申報,1071117,雜支支出,偉星麵食點心,17482987,0.00,5300.00,雜項購置或修繕費用,金錢,桃園市龍潭區****,,
35,龍畇慈,107年村(里)長選舉,首次申報,1071120,雜支支出,偉星麵食點心,17482987,0.00,4200.00,餐飲費用-饅頭,金錢,桃園市龍潭區****,,
36,龍畇慈,107年村(里)長選舉,首次申報,1071120,宣傳支出,台灣超級機器人有限公司,28896909,0.00,20700.00,製作宣傳廣告支出,金錢,新竹縣竹東鎮****,,
37,龍畇慈,107年村(里)長選舉,首次申報,1071121,宣傳支出,台灣超級機器人有限公司,28896909,0.00,20000.00,製作宣傳廣告支出,金錢,新竹縣竹東鎮****,,
38,龍畇慈,107年村(里)長選舉,首次申報,1071121,雜支支出,龍興農產行,98986755,0.00,1900.00,食材,金錢,桃園市龍潭區****,,
39,龍畇慈,107年村(里)長選舉,首次申報,1071122,雜支支出,宏倉免洗餐具行,17482207,0.00,1135.00,紙杯等,金錢,桃園市龍潭區****,,
40,龍畇慈,107年村(里)長選舉,首次申報,1071122,宣傳支出,台灣超級機器人有限公司,28896909,0.00,25000.00,製作宣傳廣告支出,金錢,新竹縣竹東鎮****,,
41,龍畇慈,107年村(里)長選舉,首次申報,1071122,雜支支出,青青果菜行,83872987,0.00,490.00,食材,金錢,桃園市龍潭區****,,
42,龍畇慈,107年村(里)長選舉,首次申報,1071123,雜支支出,祥龍文具行,02710301,0.00,24.00,文具用品費用,金錢,桃園市龍潭區****,,
43,龍畇慈,107年村(里)長選舉,首次申報,1071124,雜支支出,青青果菜行,,0.00,375.00,食材,金錢,桃園市龍潭區****,,
44,龍畇慈,107年村(里)長選舉,首次申報,1071124,雜支支出,華盈商店,44959296,0.00,1180.00,食材,金錢,桃園市龍潭區****,,
45,龍畇慈,107年村(里)長選舉,首次申報,1071126,人事費用支出,龍美妃,H22*******,0.00,13000.00,工資或薪津,金錢,桃園市龍潭區****,,
46,龍畇慈,107年村(里)長選舉,首次申報,1071212,雜支支出,祥龍文具行,02710301,0.00,132.00,文具用品費用,金錢,桃園市龍潭區****,,
