﻿序號,擬參選人／政黨,選舉名稱,申報序號／年度,交易日期,收支科目,捐贈者／支出對象,身分證／統一編號,收入金額,支出金額,支出用途,金錢類,地址,聯絡電話,資料更正日期
1,林秉君,107年縣(市)議員選舉,首次申報,1070904,個人捐贈收入,劉幼妹,,10000.00,0.00,,金錢,,0933*****,
2,林秉君,107年縣(市)議員選舉,首次申報,1071021,個人捐贈收入,彭耀威,,10000.00,0.00,,金錢,,0910*****,
3,林秉君,107年縣(市)議員選舉,首次申報,1071021,個人捐贈收入,魏芳鈿,,6000.00,0.00,,金錢,,0928*****,
4,林秉君,107年縣(市)議員選舉,首次申報,1071021,匿名捐贈,匿名,,5000.00,0.00,,金錢,,,
5,林秉君,107年縣(市)議員選舉,首次申報,1071021,營利事業捐贈收入,迦南電器工程有限公司,25178881,50000.00,0.00,,金錢,新竹縣五峰鄉****,,
