﻿序號,擬參選人／政黨,選舉名稱,申報序號／年度,交易日期,收支科目,捐贈者／支出對象,身分證／統一編號,收入金額,支出金額,捐贈方式,存入專戶日期,返還/繳庫,支出用途,金錢類,地址,聯絡電話,應揭露之支出對象,支出對象之內部人員姓名,支出對象之內部人員職稱,政黨之內部人員姓名,政黨之內部人員職稱,關係,更正註記,資料更正日期
1,趙文俊,111年屏東縣議員選舉,首次申報,1110605,個人捐贈收入,邱昱寧,A22*******,2000.00,0.00,現金,1110610,,,金錢,臺北市萬華區****,0912*****,,,,,,,,
2,趙文俊,111年屏東縣議員選舉,首次申報,1110605,個人捐贈收入,陳順祿,B12*******,25000.00,0.00,現金,1110610,,,金錢,高雄市鼓山區****,0916*****,,,,,,,,
3,趙文俊,111年屏東縣議員選舉,首次申報,1110605,個人捐贈收入,黃建興,E12*******,2000.00,0.00,現金,1110610,,,金錢,臺北市大安區****,0938*****,,,,,,,,
4,趙文俊,111年屏東縣議員選舉,首次申報,1110605,個人捐贈收入,廖士魁,S12*******,10000.00,0.00,現金,1110610,,,金錢,屏東縣內埔鄉****,0929*****,,,,,,,,
5,趙文俊,111年屏東縣議員選舉,首次申報,1110605,個人捐贈收入,孫國昌,T12*******,25000.00,0.00,現金,1110610,,,金錢,高雄市三民區****,0935*****,,,,,,,,
6,趙文俊,111年屏東縣議員選舉,首次申報,1110605,個人捐贈收入,林家歆,T22*******,1000.00,0.00,現金,1110610,,,金錢,屏東縣屏東市****,0989*****,,,,,,,,
7,趙文俊,111年屏東縣議員選舉,首次申報,1110605,個人捐贈收入,林雅慧,T22*******,1000.00,0.00,現金,1110610,,,金錢,屏東縣萬巒鄉****,0919*****,,,,,,,,
8,趙文俊,111年屏東縣議員選舉,首次申報,1110606,個人捐贈收入,黃彥妮,,10000.00,0.00,現金,1110612,,,金錢,高雄市三民區****,0978*****,,,,,,,,
9,趙文俊,111年屏東縣議員選舉,首次申報,1110606,個人捐贈收入,謝忠安,D12*******,2000.00,0.00,現金,1110611,,,金錢,臺南市東區府****,0931*****,,,,,,,,
10,趙文俊,111年屏東縣議員選舉,首次申報,1110607,個人捐贈收入,邱偉寧,A12*******,15000.00,0.00,現金,1110612,,,金錢,臺北市大安區****,0968*****,,,,,,,,
11,趙文俊,111年屏東縣議員選舉,首次申報,1110608,個人捐贈收入,鄭治綺,T22*******,1000.00,0.00,現金,1110613,,,金錢,屏東縣屏東市****,0976*****,,,,,,,,
12,趙文俊,111年屏東縣議員選舉,首次申報,1110610,個人捐贈收入,蘇曉雯,K22*******,1000.00,0.00,現金,1110615,,,金錢,屏東縣屏東市****,0980*****,,,,,,,,
13,趙文俊,111年屏東縣議員選舉,首次申報,1110613,匿名捐贈,匿名,,700.00,0.00,現金,1110618,,,金錢,,,,,,,,,,
14,趙文俊,111年屏東縣議員選舉,首次申報,1110614,個人捐贈收入,潘旻真,T22*******,888.00,0.00,現金,1110619,,,金錢,桃園市桃園區****,0912*****,,,,,,,,
15,趙文俊,111年屏東縣議員選舉,首次申報,1110621,其他收入,利息收入,,1.00,0.00,匯款,1110621,,,金錢,,,,,,,,,,
16,趙文俊,111年屏東縣議員選舉,首次申報,1110621,個人捐贈收入,沈麗滿,E22*******,50000.00,0.00,現金,1110705,,,金錢,屏東縣屏東市****,,,,,,,,,
17,趙文俊,111年屏東縣議員選舉,首次申報,1110715,匿名捐贈,匿名,,2000.00,0.00,現金,1110720,,,金錢,,,,,,,,,,
18,趙文俊,111年屏東縣議員選舉,首次申報,1110718,個人捐贈收入,梁淑芳,T22*******,5000.00,0.00,現金,1110723,,,金錢,屏東縣屏東市****,,,,,,,,,
19,趙文俊,111年屏東縣議員選舉,首次申報,1110727,個人捐贈收入,林宇綸,R22*******,10000.00,0.00,現金,1110801,,,金錢,臺南市北區海****,,,,,,,,,
20,趙文俊,111年屏東縣議員選舉,首次申報,1110803,個人捐贈收入,吳東芝,J22*******,20000.00,0.00,現金,1110808,,,金錢,新竹市東區金****,0909*****,,,,,,,,
21,趙文俊,111年屏東縣議員選舉,首次申報,1111005,個人捐贈收入,曾仁德,T12*******,5000.00,0.00,現金,1111010,,,金錢,屏東縣佳冬鄉****,0928*****,,,,,,,,
22,趙文俊,111年屏東縣議員選舉,首次申報,1111023,營利事業捐贈收入,賀氏創意工作室,91948270,20000.00,0.00,現金,1111028,,,金錢,高雄市左營區****,0928*****,,,,,,,,
23,趙文俊,111年屏東縣議員選舉,首次申報,1111023,個人捐贈收入,王智立,J12*******,10000.00,0.00,現金,1111029,,,金錢,新竹縣寶山鄉****,0958*****,,,,,,,,
24,趙文俊,111年屏東縣議員選舉,首次申報,1111023,個人捐贈收入,陳武卿,N12*******,2000.00,0.00,現金,1111028,,,金錢,屏東縣屏東市****,,,,,,,,,
25,趙文俊,111年屏東縣議員選舉,首次申報,1111023,個人捐贈收入,柯姿鳯,N22*******,3000.00,0.00,現金,1111028,,,金錢,彰化縣和美鎮****,,,,,,,,,
26,趙文俊,111年屏東縣議員選舉,首次申報,1111023,個人捐贈收入,張詠斯,S12*******,1000.00,0.00,現金,1111028,,,金錢,屏東縣屏東市****,0938*****,,,,,,,,
27,趙文俊,111年屏東縣議員選舉,首次申報,1111023,個人捐贈收入,潘莉莉,T22*******,2000.00,0.00,現金,1111029,,,金錢,屏東縣屏東市****,0958*****,,,,,,,,
28,趙文俊,111年屏東縣議員選舉,首次申報,1111023,個人捐贈收入,羅汶欣,V22*******,10000.00,0.00,現金,1111028,,,金錢,高雄市大寮區****,,,,,,,,,
29,趙文俊,111年屏東縣議員選舉,首次申報,1111024,匿名捐贈,林欣欣,,1000.00,0.00,現金,1111029,,,金錢,,,,,,,,,,
30,趙文俊,111年屏東縣議員選舉,首次申報,1111024,個人捐贈收入,王文雄,S12*******,10000.00,0.00,現金,1111029,,,金錢,高雄市湖內區****,0921*****,,,,,,,,
31,趙文俊,111年屏東縣議員選舉,首次申報,1111024,個人捐贈收入,張淑娟,T22*******,2000.00,0.00,現金,1111029,,,金錢,屏東縣屏東市****,0915*****,,,,,,,,
32,趙文俊,111年屏東縣議員選舉,首次申報,1111025,匿名捐贈,匿名,,1000.00,0.00,現金,1111030,,,金錢,,,,,,,,,,
33,趙文俊,111年屏東縣議員選舉,首次申報,1111025,匿名捐贈,匿名,,666.00,0.00,現金,1111031,,,金錢,,,,,,,,,,
34,趙文俊,111年屏東縣議員選舉,首次申報,1111025,個人捐贈收入,張詠斯,S12*******,1000.00,0.00,現金,1111030,,,金錢,屏東縣屏東市****,0938*****,,,,,,,,
35,趙文俊,111年屏東縣議員選舉,首次申報,1111026,匿名捐贈,匿名,,1000.00,0.00,現金,1111031,,,金錢,,,,,,,,,,
36,趙文俊,111年屏東縣議員選舉,首次申報,1111026,營利事業捐贈收入,格林企業社,06734493,10000.00,0.00,現金,1111031,,,金錢,高雄市鳥松區****,0936*****,,,,,,,,
37,趙文俊,111年屏東縣議員選舉,首次申報,1111026,個人捐贈收入,吳俊銘,M12*******,25000.00,0.00,現金,1111031,,,金錢,屏東縣屏東市****,0987*****,,,,,,,,
38,趙文俊,111年屏東縣議員選舉,首次申報,1111028,個人捐贈收入,湯瑞科,,20000.00,0.00,現金,1111028,,,金錢,屏東縣麟洛鄉****,,,,,,,,,
39,趙文俊,111年屏東縣議員選舉,首次申報,1111031,匿名捐贈,匿名,,1000.00,0.00,現金,1111105,,,金錢,,,,,,,,,,
40,趙文俊,111年屏東縣議員選舉,首次申報,1111031,個人捐贈收入,黃睿靚,N22*******,10000.00,0.00,現金,1111106,,,金錢,高雄市鼓山區****,0958*****,,,,,,,,
41,趙文俊,111年屏東縣議員選舉,首次申報,1111101,匿名捐贈,黃于庭,,10000.00,0.00,現金,1111106,,,金錢,,,,,,,,,,
42,趙文俊,111年屏東縣議員選舉,首次申報,1111110,個人捐贈收入,俞景和,F12*******,50000.00,0.00,現金,1111110,,,金錢,高雄市苓雅區****,,,,,,,,,
43,趙文俊,111年屏東縣議員選舉,首次申報,1111110,個人捐贈收入,廖美云,S22*******,50000.00,0.00,現金,1111110,,,金錢,高雄市苓雅區****,0722*****,,,,,,,,
44,趙文俊,111年屏東縣議員選舉,首次申報,1111111,個人捐贈收入,黃文翔,D10*******,100000.00,0.00,現金,1111125,,,金錢,屏東縣屏東市****,,,,,,,,,
45,趙文俊,111年屏東縣議員選舉,首次申報,1111111,個人捐贈收入,劉宇真,S22*******,5000.00,0.00,現金,1111116,,,金錢,屏東縣竹田鄉****,0932*****,,,,,,,,
46,趙文俊,111年屏東縣議員選舉,首次申報,1111117,個人捐贈收入,謝勝信,T12*******,10000.00,0.00,現金,1111125,,,金錢,屏東縣內埔鄉****,,,,,,,,,
47,趙文俊,111年屏東縣議員選舉,首次申報,1111117,個人捐贈收入,胡秀妁,T22*******,20000.00,0.00,現金,1111125,,,金錢,屏東縣崁頂鄉****,,,,,,,,,
48,趙文俊,111年屏東縣議員選舉,首次申報,1111117,個人捐贈收入,蕭惠芳,T22*******,30000.00,0.00,現金,1111125,,,金錢,屏東縣屏東市****,0905*****,,,,,,,,
49,趙文俊,111年屏東縣議員選舉,首次申報,1111118,個人捐贈收入,楊茹憶,F22*******,20000.00,0.00,現金,1111125,,,金錢,屏東縣屏東市****,,,,,,,,,
50,趙文俊,111年屏東縣議員選舉,首次申報,1111124,個人捐贈收入,陳文宏,T12*******,100000.00,0.00,現金,1111125,,,金錢,屏東縣屏東市****,,,,,,,,,
51,趙文俊,111年屏東縣議員選舉,首次申報,1111125,個人捐贈收入,陳志豪,E12*******,41000.00,0.00,現金,1111125,,,金錢,高雄市前金區****,,,,,,,,,
52,趙文俊,111年屏東縣議員選舉,首次申報,1111125,個人捐贈收入,張峻誠,E12*******,50000.00,0.00,現金,1111125,,,金錢,高雄市前鎮區****,,,,,,,,,
53,趙文俊,111年屏東縣議員選舉,首次申報,1111125,個人捐贈收入,楊文全,R10*******,50000.00,0.00,現金,1111125,,,金錢,高雄市三民區****,,,,,,,,,
54,趙文俊,111年屏東縣議員選舉,首次申報,1111125,個人捐贈收入,楊倩雯,R22*******,50000.00,0.00,現金,1111125,,,金錢,高雄市三民區****,,,,,,,,,
55,趙文俊,111年屏東縣議員選舉,首次申報,1111125,個人捐贈收入,王雅琪,T22*******,30000.00,0.00,現金,1111125,,,金錢,高雄市左營區****,,,,,,,,,
56,趙文俊,111年屏東縣議員選舉,首次申報,1111125,個人捐贈收入,趙美雲,T22*******,100000.00,0.00,現金,1111125,,,金錢,屏東縣鹽埔鄉****,,,,,,,,,
57,趙文俊,111年屏東縣議員選舉,首次申報,1111221,其他收入,利息收入,,84.00,0.00,匯款,1111221,,,金錢,,,,,,,,,,
