﻿序號,擬參選人／政黨,選舉名稱,申報序號／年度,交易日期,收支科目,捐贈者／支出對象,身分證／統一編號,收入金額,支出金額,支出用途,金錢類,地址,聯絡電話,資料更正日期
1,黃意玲,107年鄉(鎮、市)長選舉,首次申報,1070817,個人捐贈收入,楊聰仁,Q12*******,100000.00,0.00,,金錢,雲林縣古坑鄉****,,
2,黃意玲,107年鄉(鎮、市)長選舉,首次申報,1070822,個人捐贈收入,黃姿詠,P22*******,100000.00,0.00,,金錢,臺中市西屯區****,0911*****,
3,黃意玲,107年鄉(鎮、市)長選舉,首次申報,1070903,個人捐贈收入,林玉梅,,10000.00,0.00,,金錢,臺中市大里區****,0921*****,
4,黃意玲,107年鄉(鎮、市)長選舉,首次申報,1070903,個人捐贈收入,戴利男,,8000.00,0.00,,金錢,雲林縣古坑鄉****,,
5,黃意玲,107年鄉(鎮、市)長選舉,首次申報,1070905,個人捐贈收入,黃正賢,,1000.00,0.00,,金錢,雲林縣斗六市****,,
6,黃意玲,107年鄉(鎮、市)長選舉,首次申報,1070907,個人捐贈收入,陳文嘉,,1000.00,0.00,,金錢,雲林縣斗六市****,,
7,黃意玲,107年鄉(鎮、市)長選舉,首次申報,1070910,匿名捐贈,匿名,,6000.00,0.00,,金錢,,,
8,黃意玲,107年鄉(鎮、市)長選舉,首次申報,1070914,個人捐贈收入,黃耀銜,E10*******,66000.00,0.00,,金錢,高雄市鼓山區****,0972*****,
9,黃意玲,107年鄉(鎮、市)長選舉,首次申報,1070917,個人捐贈收入,程錡,P12*******,50000.00,0.00,,金錢,雲林縣古坑鄉****,,
10,黃意玲,107年鄉(鎮、市)長選舉,首次申報,1070920,個人捐贈收入,黃献明,P12*******,60000.00,0.00,,金錢,雲林縣斗六市****,,
11,黃意玲,107年鄉(鎮、市)長選舉,首次申報,1070921,個人捐贈收入,黃琳喬,P22*******,100000.00,0.00,,金錢,高雄市左營區****,0920*****,
12,黃意玲,107年鄉(鎮、市)長選舉,首次申報,1070926,個人捐贈收入,傅國樑,,2000.00,0.00,,金錢,雲林縣北港鎮****,05-7*****,
13,黃意玲,107年鄉(鎮、市)長選舉,首次申報,1070927,個人捐贈收入,李家光,B10*******,50000.00,0.00,,金錢,臺北市北投區****,,
14,黃意玲,107年鄉(鎮、市)長選舉,首次申報,1070927,個人捐贈收入,黃初雪,P22*******,100000.00,0.00,,金錢,臺北市北投區****,0975*****,
15,黃意玲,107年鄉(鎮、市)長選舉,首次申報,1071001,個人捐贈收入,林張麗雲,P22*******,60000.00,0.00,,金錢,雲林縣古坑鄉****,5821*****,
16,黃意玲,107年鄉(鎮、市)長選舉,首次申報,1071002,個人捐贈收入,簡秋組,,20000.00,0.00,,金錢,雲林縣古坑鄉****,0932*****,
17,黃意玲,107年鄉(鎮、市)長選舉,首次申報,1071002,個人捐贈收入,許在,,1000.00,0.00,,金錢,雲林縣古坑鄉****,0920*****,
18,黃意玲,107年鄉(鎮、市)長選舉,首次申報,1071016,個人捐贈收入,林溪河,P10*******,50000.00,0.00,,金錢,雲林縣古坑鄉****,,
19,黃意玲,107年鄉(鎮、市)長選舉,首次申報,1071023,營利事業捐贈收入,俊成工程行,17456664,10000.00,0.00,,金錢,雲林縣古坑鄉****,,
20,黃意玲,107年鄉(鎮、市)長選舉,首次申報,1071024,個人捐贈收入,劉聰志,,10000.00,0.00,,金錢,雲林縣斗六市****,,
21,黃意玲,107年鄉(鎮、市)長選舉,首次申報,1071025,個人捐贈收入,謝鈺茹,,30000.00,0.00,,金錢,雲林縣斗六市****,0960*****,
22,黃意玲,107年鄉(鎮、市)長選舉,首次申報,1071025,個人捐贈收入,黃千靜,,20000.00,0.00,,金錢,雲林縣斗六市****,0970*****,
23,黃意玲,107年鄉(鎮、市)長選舉,首次申報,1071025,個人捐贈收入,黃千紅,,20000.00,0.00,,金錢,雲林縣古坑鄉****,,
24,黃意玲,107年鄉(鎮、市)長選舉,首次申報,1071025,個人捐贈收入,邱桂蘭,K22*******,100000.00,0.00,,金錢,雲林縣古坑鄉****,,
25,黃意玲,107年鄉(鎮、市)長選舉,首次申報,1071025,個人捐贈收入,黃錦輝,P10*******,100000.00,0.00,,金錢,雲林縣古坑鄉****,,
26,黃意玲,107年鄉(鎮、市)長選舉,首次申報,1071029,個人捐贈收入,蘇恒成,,10000.00,0.00,,金錢,雲林縣元長鄉****,0953*****,
27,黃意玲,107年鄉(鎮、市)長選舉,首次申報,1071030,匿名捐贈,匿名,,10000.00,0.00,,金錢,,,
28,黃意玲,107年鄉(鎮、市)長選舉,首次申報,1071030,匿名捐贈,匿名,,10000.00,0.00,,金錢,,,
29,黃意玲,107年鄉(鎮、市)長選舉,首次申報,1071030,匿名捐贈,匿名,,10000.00,0.00,,金錢,,,
30,黃意玲,107年鄉(鎮、市)長選舉,首次申報,1071030,匿名捐贈,匿名,,10000.00,0.00,,金錢,,,
31,黃意玲,107年鄉(鎮、市)長選舉,首次申報,1071030,匿名捐贈,匿名,,10000.00,0.00,,金錢,,,
32,黃意玲,107年鄉(鎮、市)長選舉,首次申報,1071030,匿名捐贈,匿名,,10000.00,0.00,,金錢,,,
33,黃意玲,107年鄉(鎮、市)長選舉,首次申報,1071030,匿名捐贈,匿名,,10000.00,0.00,,金錢,,,
34,黃意玲,107年鄉(鎮、市)長選舉,首次申報,1071030,匿名捐贈,匿名,,10000.00,0.00,,金錢,,,
35,黃意玲,107年鄉(鎮、市)長選舉,首次申報,1071030,匿名捐贈,匿名,,10000.00,0.00,,金錢,,,
36,黃意玲,107年鄉(鎮、市)長選舉,首次申報,1071030,匿名捐贈,匿名,,5000.00,0.00,,金錢,,,
37,黃意玲,107年鄉(鎮、市)長選舉,首次申報,1071030,匿名捐贈,匿名,,5000.00,0.00,,金錢,,,
38,黃意玲,107年鄉(鎮、市)長選舉,首次申報,1071105,個人捐贈收入,李靜芳,P22*******,2000.00,0.00,,金錢,雲林縣古坑鄉****,05-5*****,
39,黃意玲,107年鄉(鎮、市)長選舉,首次申報,1071119,個人捐贈收入,黃建民,,12000.00,0.00,,金錢,雲林縣古坑鄉****,,
40,黃意玲,107年鄉(鎮、市)長選舉,首次申報,1071221,其他收入,利息收入,,83.00,0.00,,金錢,,,
