﻿序號,擬參選人／政黨,選舉名稱,申報序號／年度,交易日期,收支科目,捐贈者／支出對象,身分證／統一編號,收入金額,支出金額,捐贈方式,存入專戶日期,返還/繳庫,支出用途,金錢類,地址,聯絡電話,應揭露之支出對象,支出對象之內部人員姓名,支出對象之內部人員職稱,政黨之內部人員姓名,政黨之內部人員職稱,關係,更正註記,資料更正日期
1,吳蕙蘭,111年雲林縣議員選舉,首次申報,1111019,營利事業捐贈收入,上欣工程,25496289,100000.00,0.00,現金,1111019,,,金錢,雲林縣麥寮鄉****,05-6*****,,,,,,,,
2,吳蕙蘭,111年雲林縣議員選舉,首次申報,1111019,個人捐贈收入,林坤成,P12*******,100000.00,0.00,現金,1111019,,,金錢,雲林縣麥寮鄉****,0912*****,,,,,,,,
3,吳蕙蘭,111年雲林縣議員選舉,首次申報,1111020,營利事業捐贈收入,首美電六股份有限公司,85064118,200000.00,0.00,匯款,1111020,已返還,,金錢,臺北市士林區****,02-8*****,,,,,,,,
4,吳蕙蘭,111年雲林縣議員選舉,首次申報,1111118,營利事業捐贈收入,長春人造樹脂廠股份有限公司,11384708,26000.00,0.00,匯款,1111118,,,金錢,高雄市大寮區****,07-7*****,,,,,,,,
5,吳蕙蘭,111年雲林縣議員選舉,首次申報,1111118,營利事業捐贈收入,長春石油化學股份有限公司,11384806,3000.00,0.00,匯款,1111118,,,金錢,臺北市中山區****,02-2*****,,,,,,,,
6,吳蕙蘭,111年雲林縣議員選舉,首次申報,1111118,營利事業捐贈收入,大連化學工業股份有限公司,12233428,171000.00,0.00,匯款,1111118,,,金錢,高雄市大寮區****,07-7*****,,,,,,,,
