﻿序號,擬參選人／政黨,選舉名稱,申報序號／年度,交易日期,收支科目,捐贈者／支出對象,身分證／統一編號,收入金額,支出金額,捐贈方式,存入專戶日期,返還/繳庫,支出用途,金錢類,地址,聯絡電話,應揭露之支出對象,支出對象之內部人員姓名,支出對象之內部人員職稱,政黨之內部人員姓名,政黨之內部人員職稱,關係,資料更正日期
1,蕭美琴,109年立法委員選舉,第一次賸餘,1090211,參加公職人員選舉使用支出,中華郵政,,0.00,36.00,,,,郵寄公文,金錢,,0800*****,,,,,,,
2,蕭美琴,109年立法委員選舉,第一次賸餘,1090211,參加公職人員選舉使用支出,中華郵政,,0.00,3890.00,,,,郵寄物品-衣服,金錢,,0800*****,,,,,,,
3,蕭美琴,109年立法委員選舉,第一次賸餘,1090211,參加公職人員選舉使用支出,鄭學鴻,A12*******,0.00,1920.00,,,,工讀生相關支出,金錢,基隆市暖暖區****,0972*****,,,,,,,
4,蕭美琴,109年立法委員選舉,第一次賸餘,1090211,參加公職人員選舉使用支出,江安淩,B22*******,0.00,640.00,,,,工讀生相關支出,金錢,臺中市北屯區****,0975*****,,,,,,,
5,蕭美琴,109年立法委員選舉,第一次賸餘,1090211,參加公職人員選舉使用支出,張智祥,U12*******,0.00,640.00,,,,工讀生相關支出,金錢,花蓮縣豐濱鄉****,0976*****,,,,,,,
6,蕭美琴,109年立法委員選舉,第一次賸餘,1090212,參加公職人員選舉使用支出,中華郵政,,0.00,1090.00,,,,郵寄物品-衣服,金錢,,0800*****,,,,,,,
7,蕭美琴,109年立法委員選舉,第一次賸餘,1090212,參加公職人員選舉使用支出,台灣吉安加油站,22926645,0.00,503.00,,,,油資費用,金錢,,038-*****,,,,,,,
8,蕭美琴,109年立法委員選舉,第一次賸餘,1090212,參加公職人員選舉使用支出,全家超商,23060248,0.00,140.00,,,,停車費用,金錢,,,,,,,,,
9,蕭美琴,109年立法委員選舉,第一次賸餘,1090213,參加公職人員選舉使用支出,花蓮二信,,0.00,30.00,,,,雜項-匯費,金錢,,038-*****,,,,,,,
10,蕭美琴,109年立法委員選舉,第一次賸餘,1090213,參加公職人員選舉使用支出,中華郵政,,0.00,440.00,,,,郵寄物品-衣服,金錢,,0800*****,,,,,,,
11,蕭美琴,109年立法委員選舉,第一次賸餘,1090213,參加公職人員選舉使用支出,林建宏,,0.00,1100.00,,,,一般慰問金-奠儀,金錢,,0910*****,,,,,,,
12,蕭美琴,109年立法委員選舉,第一次賸餘,1090213,參加公職人員選舉使用支出,榮星鮮花店,08163076,0.00,17500.00,,,,聯誼費用,金錢,,038-*****,,,,,,,
13,蕭美琴,109年立法委員選舉,第一次賸餘,1090214,參加公職人員選舉使用支出,中華郵政,,0.00,720.00,,,,郵寄物品-衣服,金錢,,0800*****,,,,,,,
14,蕭美琴,109年立法委員選舉,第一次賸餘,1090214,參加公職人員選舉使用支出,全國加油站,09696016,0.00,900.00,,,,油資費用,金錢,,038-*****,,,,,,,
15,蕭美琴,109年立法委員選舉,第一次賸餘,1090214,參加公職人員選舉使用支出,花現森林餐飲企業有限公司,24867740,0.00,468.00,,,,餐飲費用,金錢,,,,,,,,,
16,蕭美琴,109年立法委員選舉,第一次賸餘,1090214,參加公職人員選舉使用支出,旭莊百貨批發有限公司,37772788,0.00,52.00,,,,雜項購置,金錢,,038-*****,,,,,,,
17,蕭美琴,109年立法委員選舉,第一次賸餘,1090214,參加公職人員選舉使用支出,秀綠義式餐坊,50746031,0.00,2560.00,,,,餐飲費用,金錢,,038-*****,,,,,,,
18,蕭美琴,109年立法委員選舉,第一次賸餘,1090214,參加公職人員選舉使用支出,九乘九文具,53594298,0.00,11.00,,,,文具用品費用,金錢,,038-*****,,,,,,,
19,蕭美琴,109年立法委員選舉,第一次賸餘,1090217,參加公職人員選舉使用支出,可口家常菜,20069499,0.00,2500.00,,,,餐飲費用,金錢,,038-*****,,,,,,,
20,蕭美琴,109年立法委員選舉,第一次賸餘,1090217,參加公職人員選舉使用支出,中華電信,82335709,0.00,950.00,,,,電信費用,金錢,,038-*****,,,,,,,
21,蕭美琴,109年立法委員選舉,第一次賸餘,1090217,參加公職人員選舉使用支出,田莊小吃店,99487291,0.00,15600.00,,,,餐飲費用,金錢,,038-*****,,,,,,,
22,蕭美琴,109年立法委員選舉,第一次賸餘,1090218,參加公職人員選舉使用支出,中華郵政,,0.00,1494.00,,,,郵寄物品-衣服,金錢,,0800*****,,,,,,,
23,蕭美琴,109年立法委員選舉,第一次賸餘,1090218,參加公職人員選舉使用支出,花蓮二信,,0.00,30.00,,,,雜項-匯費,金錢,,038-*****,,,,,,,
24,蕭美琴,109年立法委員選舉,第一次賸餘,1090218,參加公職人員選舉使用支出,中華郵政,,0.00,180.00,,,,郵寄物品-衣服,金錢,,0800*****,,,,,,,
25,蕭美琴,109年立法委員選舉,第一次賸餘,1090218,參加公職人員選舉使用支出,全國加油站,09696016,0.00,900.00,,,,油資費用,金錢,,038-*****,,,,,,,
26,蕭美琴,109年立法委員選舉,第一次賸餘,1090218,參加公職人員選舉使用支出,中華電信,19533364,0.00,13109.00,,,,電信費用,金錢,,038-*****,,,,,,,
27,蕭美琴,109年立法委員選舉,第一次賸餘,1090218,參加公職人員選舉使用支出,潮網科技股份有限公司,25128095,0.00,2021.00,,,,傳送宣傳廣告支出,金錢,,02-2*****,,,,,,,
28,蕭美琴,109年立法委員選舉,第一次賸餘,1090219,參加公職人員選舉使用支出,中華郵政,,0.00,180.00,,,,郵寄物品-衣服,金錢,,0800*****,,,,,,,
29,蕭美琴,109年立法委員選舉,第一次賸餘,1090219,參加公職人員選舉使用支出,全國加油站,09696016,0.00,50.00,,,,油資費用,金錢,,,,,,,,,
30,蕭美琴,109年立法委員選舉,第一次賸餘,1090220,參加公職人員選舉使用支出,花蓮二信,,0.00,30.00,,,,雜項-匯費,金錢,,038-*****,,,,,,,
31,蕭美琴,109年立法委員選舉,第一次賸餘,1090220,參加公職人員選舉使用支出,中華郵政,,0.00,270.00,,,,郵寄物品-衣服,金錢,,0800*****,,,,,,,
32,蕭美琴,109年立法委員選舉,第一次賸餘,1090220,參加公職人員選舉使用支出,中華郵政,,0.00,80.00,,,,郵寄物品費用,金錢,,0800*****,,,,,,,
33,蕭美琴,109年立法委員選舉,第一次賸餘,1090220,參加公職人員選舉使用支出,全家超商,23060248,0.00,130.00,,,,停車費,金錢,,,,,,,,,
34,蕭美琴,109年立法委員選舉,第一次賸餘,1090220,捐贈政治團體或所屬政黨支出,民主進步黨中央黨部,76905744,0.00,564850.00,,,,捐贈政治團體或所屬政黨支出,金錢,臺北市中正區****,02-2*****,,,,,,,
35,蕭美琴,109年立法委員選舉,第一次賸餘,1090221,參加公職人員選舉使用支出,中華郵政,,0.00,180.00,,,,郵寄物品-衣服,金錢,,0800*****,,,,,,,
36,蕭美琴,109年立法委員選舉,第一次賸餘,1090224,參加公職人員選舉使用支出,艾斯可非小館,08665438,0.00,12500.00,,,,餐飲費用,金錢,,038-*****,,,,,,,
37,蕭美琴,109年立法委員選舉,第一次賸餘,1090225,參加公職人員選舉使用支出,勞保局,,0.00,4706.00,,,,雜項購置-勞保費,金錢,,02-2*****,,,,,,,
38,蕭美琴,109年立法委員選舉,第一次賸餘,1090225,參加公職人員選舉使用支出,全國加油站,09696016,0.00,900.00,,,,油資,金錢,,038-*****,,,,,,,
39,蕭美琴,109年立法委員選舉,第一次賸餘,1090225,參加公職人員選舉使用支出,格上租車,12208883,0.00,28000.00,,,,租用公務車輛支出,金錢,,,,,,,,,
40,蕭美琴,109年立法委員選舉,第一次賸餘,1090225,參加公職人員選舉使用支出,全家超商,23060248,0.00,153.00,,,,停車費,金錢,,038-*****,,,,,,,
41,蕭美琴,109年立法委員選舉,第一次賸餘,1090227,參加公職人員選舉使用支出,中華郵政,,0.00,180.00,,,,郵寄物品-衣服,金錢,,0800*****,,,,,,,
42,蕭美琴,109年立法委員選舉,第一次賸餘,1090227,參加公職人員選舉使用支出,東昇茶行,94695897,0.00,65000.00,,,,聯誼費用,金錢,花蓮縣瑞穗鄉****,038-*****,,,,,,,
43,蕭美琴,109年立法委員選舉,第一次賸餘,1090228,參加公職人員選舉使用支出,揪咖檑咖啡館,49781636,0.00,800.00,,,,雜項購置,金錢,,,,,,,,,
44,蕭美琴,109年立法委員選舉,第一次賸餘,1090228,參加公職人員選舉使用支出,不正坊,85210941,0.00,1700.00,,,,餐飲費用,金錢,,038-*****,,,,,,,
45,蕭美琴,109年立法委員選舉,第一次賸餘,1090229,參加公職人員選舉使用支出,花蓮小吃部,08129280,0.00,180.00,,,,餐飲費用,金錢,,038-*****,,,,,,,
46,蕭美琴,109年立法委員選舉,第一次賸餘,1090229,參加公職人員選舉使用支出,全國加油站,09696016,0.00,900.00,,,,油資費用,金錢,,038-*****,,,,,,,
47,蕭美琴,109年立法委員選舉,第一次賸餘,1090229,參加公職人員選舉使用支出,秀綠義式餐坊,50746031,0.00,3660.00,,,,餐飲費用,金錢,,038-*****,,,,,,,
48,蕭美琴,109年立法委員選舉,第一次賸餘,1090229,參加公職人員選舉使用支出,臺富便當店,70958716,0.00,25440.00,,,,餐飲費用,金錢,,038-*****,,,,,,,
49,蕭美琴,109年立法委員選舉,第一次賸餘,1090229,參加公職人員選舉使用支出,春秋麵店,72846436,0.00,2100.00,,,,餐飲費用,金錢,,0920*****,,,,,,,
50,蕭美琴,109年立法委員選舉,第一次賸餘,1090302,參加公職人員選舉使用支出,中華電信,19533364,0.00,920.00,,,,電話網路費用,金錢,,0800*****,,,,,,,
51,蕭美琴,109年立法委員選舉,第一次賸餘,1090303,參加公職人員選舉使用支出,花蓮二信,,0.00,30.00,,,,雜項-匯費,金錢,,038-*****,,,,,,,
52,蕭美琴,109年立法委員選舉,第一次賸餘,1090303,參加公職人員選舉使用支出,連記海產小吃,13972935,0.00,49000.00,,,,活動餐飲費用,金錢,花蓮縣花蓮市****,038-*****,,,,,,,
53,蕭美琴,109年立法委員選舉,第一次賸餘,1090304,參加公職人員選舉使用支出,廖素凌,,0.00,3600.00,,,,聯誼費用,金錢,,0938*****,,,,,,,
54,蕭美琴,109年立法委員選舉,第一次賸餘,1090304,參加公職人員選舉使用支出,健康卡路里早餐店,10624954,0.00,600.00,,,,餐飲費用,金錢,,038-*****,,,,,,,
55,蕭美琴,109年立法委員選舉,第一次賸餘,1090304,參加公職人員選舉使用支出,義發水果行,94741323,0.00,600.00,,,,文康活動費用,金錢,,038-*****,,,,,,,
56,蕭美琴,109年立法委員選舉,第一次賸餘,1090306,參加公職人員選舉使用支出,中華電信,19533364,0.00,1405.00,,,,電話網路費用,金錢,,0800*****,,,,,,,
57,蕭美琴,109年立法委員選舉,第一次賸餘,1090306,參加公職人員選舉使用支出,國雲公寓大廈管理維護(股)公司,82884113,0.00,650.00,,,,停車費用,金錢,,038-*****,,,,,,,
58,蕭美琴,109年立法委員選舉,第一次賸餘,1090310,參加公職人員選舉使用支出,中華郵政,,0.00,28.00,,,,郵寄物品費用,金錢,,0800*****,,,,,,,
59,蕭美琴,109年立法委員選舉,第一次賸餘,1090310,參加公職人員選舉使用支出,中華郵政,,0.00,28.00,,,,郵寄物品費用,金錢,,0800*****,,,,,,,
60,蕭美琴,109年立法委員選舉,第一次賸餘,1090310,參加公職人員選舉使用支出,全國加油站,09696016,0.00,900.00,,,,油資費用,金錢,,038-*****,,,,,,,
61,蕭美琴,109年立法委員選舉,第一次賸餘,1090312,參加公職人員選舉使用支出,北埔小吃店,18062365,0.00,360.00,,,,餐飲費用,金錢,,038-*****,,,,,,,
62,蕭美琴,109年立法委員選舉,第一次賸餘,1090312,參加公職人員選舉使用支出,全國加油站,37770867,0.00,900.00,,,,油資費用,金錢,,038-*****,,,,,,,
63,蕭美琴,109年立法委員選舉,第一次賸餘,1090313,參加公職人員選舉使用支出,衣度空間社,10825690,0.00,30000.00,,,,文康活動費用,金錢,臺東縣臺東市****,089-*****,,,,,,,
64,蕭美琴,109年立法委員選舉,第一次賸餘,1090313,參加公職人員選舉使用支出,東昇茶行,94695897,0.00,65000.00,,,,聯誼費用,金錢,花蓮縣瑞穗鄉****,038-*****,,,,,,,
65,蕭美琴,109年立法委員選舉,第一次賸餘,1090315,參加公職人員選舉使用支出,統一超商,16637822,0.00,5.00,,,,文具用品費用,金錢,,,,,,,,,
66,蕭美琴,109年立法委員選舉,第一次賸餘,1090315,參加公職人員選舉使用支出,統一超商,22555003,0.00,89.00,,,,停車費用,金錢,,,,,,,,,
67,蕭美琴,109年立法委員選舉,第一次賸餘,1090315,參加公職人員選舉使用支出,自立洗車坊,41011733,0.00,400.00,,,,清潔整理費用,金錢,,038-*****,,,,,,,
68,蕭美琴,109年立法委員選舉,第一次賸餘,1090315,參加公職人員選舉使用支出,陳玉蘭,U22*******,0.00,30000.00,,,,薪津,金錢,花蓮縣吉安鄉****,0932*****,,,,,,,
69,蕭美琴,109年立法委員選舉,第一次賸餘,1090316,參加公職人員選舉使用支出,中華郵政,,0.00,36.00,,,,郵寄物品費用,金錢,,0800*****,,,,,,,
70,蕭美琴,109年立法委員選舉,第一次賸餘,1090316,參加公職人員選舉使用支出,泥水工會,,0.00,3374.00,,,,雜項-勞健保費,金錢,,038-*****,,,,,,,
71,蕭美琴,109年立法委員選舉,第一次賸餘,1090316,參加公職人員選舉使用支出,上美倫加油站,16492656,0.00,500.00,,,,油資費用,金錢,,,,,,,,,
72,蕭美琴,109年立法委員選舉,第一次賸餘,1090316,參加公職人員選舉使用支出,桃花源茶鐉,34886979,0.00,584.00,,,,餐飲費用,金錢,,038-*****,,,,,,,
73,蕭美琴,109年立法委員選舉,第一次賸餘,1090318,參加公職人員選舉使用支出,花蓮二信,,0.00,30.00,,,,雜項-匯費,金錢,,038-*****,,,,,,,
74,蕭美琴,109年立法委員選舉,第一次賸餘,1090318,參加公職人員選舉使用支出,精品館容器商行,38839484,0.00,6760.00,,,,購置物品費用,金錢,,04-2*****,,,,,,,
75,蕭美琴,109年立法委員選舉,第一次賸餘,1090318,參加公職人員選舉使用支出,裕芳工藝社,81636116,0.00,4225.00,,,,聯誼費用,金錢,,02-2*****,,,,,,,
76,蕭美琴,109年立法委員選舉,第一次賸餘,1090318,參加公職人員選舉使用支出,台灣電力公司,94374902,0.00,3111.00,,,,水電瓦斯費用,金錢,,,,,,,,,
77,蕭美琴,109年立法委員選舉,第一次賸餘,1090318,參加公職人員選舉使用支出,虹藝禮品社,94832864,0.00,61800.00,,,,製作宣傳廣告支出,金錢,花蓮縣花蓮市****,038-*****,,,,,,,
78,蕭美琴,109年立法委員選舉,第一次賸餘,1090322,參加公職人員選舉使用支出,阿法洛黃金早餐,82178362,0.00,450.00,,,,餐飲費用,金錢,,038-*****,,,,,,,
79,蕭美琴,109年立法委員選舉,第一次賸餘,1090327,參加公職人員選舉使用支出,花蓮二信,,0.00,30.00,,,,雜項-匯費,金錢,,038-*****,,,,,,,
80,蕭美琴,109年立法委員選舉,第一次賸餘,1090327,參加公職人員選舉使用支出,花蓮二信,,0.00,30.00,,,,雜項-匯費,金錢,,038-*****,,,,,,,
81,蕭美琴,109年立法委員選舉,第一次賸餘,1090327,參加公職人員選舉使用支出,淺草堂,39951549,0.00,7200.00,,,,聯誼費用,金錢,,0933*****,,,,,,,
82,蕭美琴,109年立法委員選舉,第一次賸餘,1090327,參加公職人員選舉使用支出,花蓮日日工作室,41467022,0.00,34000.00,,,,委託辦理設計支出,金錢,花蓮縣花蓮市****,038-*****,,,,,,,
83,蕭美琴,109年立法委員選舉,第一次賸餘,1090327,參加公職人員選舉使用支出,奇萊美地股份有限公司,54113972,0.00,6000.00,,,,聯誼費用,金錢,,038-*****,,,,,,,
84,蕭美琴,109年立法委員選舉,第一次賸餘,1090327,參加公職人員選舉使用支出,國雲公寓大廈管理維護(股)公司,82884113,0.00,20.00,,,,停車費用,金錢,,038-*****,,,,,,,
85,蕭美琴,109年立法委員選舉,第一次賸餘,1090401,參加公職人員選舉使用支出,宗霖電器行,67941136,0.00,80000.00,,,,聯誼交際費用,金錢,花蓮縣吉安鄉****,038-*****,,,,,,,
86,蕭美琴,109年立法委員選舉,第一次賸餘,1090401,參加公職人員選舉使用支出,黃聖文,H12*******,0.00,13746.00,,,,工讀生相關支出,金錢,桃園市桃園區****,0913*****,,,,,,,
87,蕭美琴,109年立法委員選舉,第一次賸餘,1090405,參加公職人員選舉使用支出,食驛,41136810,0.00,2100.00,,,,餐飲費用,金錢,,038-*****,,,,,,,
88,蕭美琴,109年立法委員選舉,第一次賸餘,1090405,參加公職人員選舉使用支出,裕芳工藝社,81636116,0.00,4700.00,,,,聯誼費用,金錢,,02-2*****,,,,,,,
89,蕭美琴,109年立法委員選舉,第一次賸餘,1090406,參加公職人員選舉使用支出,中華郵政,,0.00,310.00,,,,停車費用,金錢,,038-*****,,,,,,,
90,蕭美琴,109年立法委員選舉,第一次賸餘,1090406,參加公職人員選舉使用支出,中華郵政,,0.00,120.00,,,,郵寄物品費用,金錢,,038-*****,,,,,,,
91,蕭美琴,109年立法委員選舉,第一次賸餘,1090406,參加公職人員選舉使用支出,中央健保局,,0.00,4120.00,,,,雜項-健保費,金錢,,038-*****,,,,,,,
92,蕭美琴,109年立法委員選舉,第一次賸餘,1090406,參加公職人員選舉使用支出,全福壽葬儀社,09786543,0.00,13800.00,,,,聯誼費用,金錢,花蓮縣吉安鄉****,038-*****,,,,,,,
93,蕭美琴,109年立法委員選舉,第一次賸餘,1090406,參加公職人員選舉使用支出,中華電信,19533364,0.00,224.00,,,,電話網路費用,金錢,,0800*****,,,,,,,
94,蕭美琴,109年立法委員選舉,第一次賸餘,1090406,參加公職人員選舉使用支出,國雲公寓大廈管理維護(股)公司,82884113,0.00,10.00,,,,停車費用,金錢,,038-*****,,,,,,,
95,蕭美琴,109年立法委員選舉,第一次賸餘,1090406,參加公職人員選舉使用支出,容心花店,94807035,0.00,2000.00,,,,聯誼費用,金錢,,038-*****,,,,,,,
96,蕭美琴,109年立法委員選舉,第一次賸餘,1090408,參加公職人員選舉使用支出,專精會計師事務所,38530872,0.00,75000.00,,,,其他因工作酬勞之給付,金錢,臺北市萬華區****,02-2*****,,,,,,,
97,蕭美琴,109年立法委員選舉,第一次賸餘,1090409,參加公職人員選舉使用支出,花蓮二信,,0.00,30.00,,,,雜項-匯費,金錢,,038-*****,,,,,,,
98,蕭美琴,109年立法委員選舉,第一次賸餘,1090409,參加公職人員選舉使用支出,欣正和文具行,41464714,0.00,243.00,,,,文具用品費用,金錢,,038-*****,,,,,,,
99,蕭美琴,109年立法委員選舉,第一次賸餘,1090413,參加公職人員選舉使用支出,中華郵政,,0.00,28.00,,,,郵寄物品費用,金錢,,0800*****,,,,,,,
100,蕭美琴,109年立法委員選舉,第一次賸餘,1090413,參加公職人員選舉使用支出,中華電信,19533364,0.00,371.00,,,,電話網路費用,金錢,,0800*****,,,,,,,
101,蕭美琴,109年立法委員選舉,第一次賸餘,1090413,參加公職人員選舉使用支出,玫瑰園花藝設計茶坊,67948829,0.00,2000.00,,,,聯誼費用,金錢,,038-*****,,,,,,,
102,蕭美琴,109年立法委員選舉,第一次賸餘,1090414,參加公職人員選舉使用支出,花香草盈商行,10835254,0.00,11340.00,,,,文康活動費用,金錢,,,,,,,,,
103,蕭美琴,109年立法委員選舉,第一次賸餘,1090415,參加公職人員選舉使用支出,花蓮二信,,0.00,30.00,,,,雜項-匯費,金錢,,038-*****,,,,,,,
104,蕭美琴,109年立法委員選舉,第一次賸餘,1090415,參加公職人員選舉使用支出,花蓮二信,,0.00,30.00,,,,雜項-匯費,金錢,,038-*****,,,,,,,
105,蕭美琴,109年立法委員選舉,第一次賸餘,1090415,參加公職人員選舉使用支出,淺草堂,39951549,0.00,7200.00,,,,聯誼費用,金錢,,0933*****,,,,,,,
106,蕭美琴,109年立法委員選舉,第一次賸餘,1090415,參加公職人員選舉使用支出,奇萊美地股份有限公司,54113972,0.00,6000.00,,,,聯誼費用,金錢,,038-*****,,,,,,,
107,蕭美琴,109年立法委員選舉,第一次賸餘,1090415,參加公職人員選舉使用支出,陳玉蘭,U22*******,0.00,30000.00,,,,薪津,金錢,花蓮縣吉安鄉****,0932*****,,,,,,,
108,蕭美琴,109年立法委員選舉,第一次賸餘,1090416,參加公職人員選舉使用支出,交通部公路總局,,0.00,6180.00,,,,雜項-燃料稅,金錢,,412-*****,,,,,,,
109,蕭美琴,109年立法委員選舉,第一次賸餘,1090416,參加公職人員選舉使用支出,花蓮縣地方稅務局,,0.00,11230.00,,,,雜項-牌照稅,金錢,,038-*****,,,,,,,
110,蕭美琴,109年立法委員選舉,第一次賸餘,1090416,參加公職人員選舉使用支出,交通部公路總局,,0.00,200.00,,,,雜項-汽車行車執照費,金錢,,412-*****,,,,,,,
111,蕭美琴,109年立法委員選舉,第一次賸餘,1090416,參加公職人員選舉使用支出,商業工會,,0.00,600.00,,,,雜項購置-工會證明,金錢,,0935*****,,,,,,,
112,蕭美琴,109年立法委員選舉,第一次賸餘,1090416,參加公職人員選舉使用支出,泥水工會,,0.00,3374.00,,,,雜項-勞健保費,金錢,,038-*****,,,,,,,
113,蕭美琴,109年立法委員選舉,第一次賸餘,1090417,參加公職人員選舉使用支出,綠育企業社,34889407,0.00,6279.00,,,,電話網路費用,金錢,,038-*****,,,,,,,
114,蕭美琴,109年立法委員選舉,第一次賸餘,1090417,參加公職人員選舉使用支出,容心花店,94807035,0.00,12000.00,,,,聯誼費用,金錢,,038-*****,,,,,,,
115,蕭美琴,109年立法委員選舉,第一次賸餘,1090420,參加公職人員選舉使用支出,中華郵政,,0.00,60.00,,,,郵寄物品費用,金錢,,0800*****,,,,,,,
116,蕭美琴,109年立法委員選舉,第一次賸餘,1090420,參加公職人員選舉使用支出,昕藝花坊,18064146,0.00,1500.00,,,,聯誼費用,金錢,,038-*****,,,,,,,
117,蕭美琴,109年立法委員選舉,第一次賸餘,1090427,參加公職人員選舉使用支出,黃彥儒,U12*******,0.00,3675.00,,,,聯誼費用,金錢,,,,,,,,,
118,蕭美琴,109年立法委員選舉,第一次賸餘,1090430,參加公職人員選舉使用支出,陳威佑,U12*******,0.00,16600.00,,,,臨時人員相關支出,金錢,花蓮縣壽豐鄉****,0918*****,,,,,,,
119,蕭美琴,109年立法委員選舉,第一次賸餘,1090501,參加公職人員選舉使用支出,全福壽葬儀社,09786543,0.00,6000.00,,,,聯誼交際費用,金錢,花蓮縣吉安鄉****,03-8*****,,,,,,,
120,蕭美琴,109年立法委員選舉,第一次賸餘,1090501,參加公職人員選舉使用支出,黃聖文,H12*******,0.00,11139.00,,,,工讀生相關支出,金錢,桃園市桃園區****,0913*****,,,,,,,
121,蕭美琴,109年立法委員選舉,第一次賸餘,1090502,參加公職人員選舉使用支出,泰宜味食館,31790042,0.00,1290.00,,,,餐飲費用,金錢,,03-8*****,,,,,,,
122,蕭美琴,109年立法委員選舉,第一次賸餘,1090502,參加公職人員選舉使用支出,田品商店,82183098,0.00,10000.00,,,,文康活動費用,金錢,,03-8*****,,,,,,,
123,蕭美琴,109年立法委員選舉,第一次賸餘,1090502,參加公職人員選舉使用支出,容心花店,94807035,0.00,1200.00,,,,聯誼交際費用,金錢,,03-8*****,,,,,,,
124,蕭美琴,109年立法委員選舉,第一次賸餘,1090502,參加公職人員選舉使用支出,涂鳳如,U22*******,0.00,3200.00,,,,其他因工作酬勞之給付,金錢,新北市鶯歌區****,0955*****,,,,,,,
125,蕭美琴,109年立法委員選舉,第一次賸餘,1090505,參加公職人員選舉使用支出,晶晶花卉坊,78047868,0.00,1500.00,,,,聯誼交際費用,金錢,花蓮縣花蓮市****,03-8*****,,,,,,,
126,蕭美琴,109年立法委員選舉,第一次賸餘,1090506,參加公職人員選舉使用支出,容心花店,94807035,0.00,1200.00,,,,聯誼交際費用,金錢,,03-8*****,,,,,,,
127,蕭美琴,109年立法委員選舉,第一次賸餘,1090507,參加公職人員選舉使用支出,中華郵政,,0.00,36.00,,,,雜項-郵資,金錢,,0800*****,,,,,,,
128,蕭美琴,109年立法委員選舉,第一次賸餘,1090508,參加公職人員選舉使用支出,統一超商,22555003,0.00,93.00,,,,停車費,金錢,,03-8*****,,,,,,,
129,蕭美琴,109年立法委員選舉,第一次賸餘,1090509,參加公職人員選舉使用支出,吳松原,,0.00,2100.00,,,,一般慰問金,金錢,,0912*****,,,,,,,
130,蕭美琴,109年立法委員選舉,第一次賸餘,1090510,參加公職人員選舉使用支出,黃彥儒,U12*******,0.00,735.00,,,,聯誼費用,金錢,,,,,,,,,
131,蕭美琴,109年立法委員選舉,第一次賸餘,1090515,參加公職人員選舉使用支出,中華郵政,,0.00,44.00,,,,雜項-郵資,金錢,,0800*****,,,,,,,
132,蕭美琴,109年立法委員選舉,第一次賸餘,1090515,參加公職人員選舉使用支出,陳玉蘭,U22*******,0.00,30000.00,,,,薪津,金錢,花蓮縣吉安鄉****,0932*****,,,,,,,
133,蕭美琴,109年立法委員選舉,第一次賸餘,1090516,參加公職人員選舉使用支出,鍾華木匾,20066107,0.00,1000.00,,,,聯誼交際費用,金錢,,03-8*****,,,,,,,
134,蕭美琴,109年立法委員選舉,第一次賸餘,1090517,參加公職人員選舉使用支出,伊江滇緬料理,67934923,0.00,3610.00,,,,餐飲費用,金錢,,03-8*****,,,,,,,
135,蕭美琴,109年立法委員選舉,第一次賸餘,1090518,參加公職人員選舉使用支出,泥水工會,,0.00,3374.00,,,,雜項購置-勞保費,金錢,,03-5*****,,,,,,,
136,蕭美琴,109年立法委員選舉,第一次賸餘,1090518,參加公職人員選舉使用支出,中華郵政,,0.00,36.00,,,,雜項-郵資,金錢,,0800*****,,,,,,,
137,蕭美琴,109年立法委員選舉,第一次賸餘,1090522,參加公職人員選舉使用支出,賴著不走餐飲企業,76964052,0.00,4350.00,,,,餐飲費用,金錢,,03-8*****,,,,,,,
138,蕭美琴,109年立法委員選舉,第一次賸餘,1090523,參加公職人員選舉使用支出,藍山冷熱飲店,94696410,0.00,1560.00,,,,餐飲費用,金錢,,03-8*****,,,,,,,
139,蕭美琴,109年立法委員選舉,第一次賸餘,1090524,參加公職人員選舉使用支出,美食家便當,37993348,0.00,1700.00,,,,餐飲費用,金錢,,03-8*****,,,,,,,
140,蕭美琴,109年立法委員選舉,第一次賸餘,1090525,參加公職人員選舉使用支出,桃花源茶鐉,34886979,0.00,3000.00,,,,餐飲費用,金錢,,03-8*****,,,,,,,
141,蕭美琴,109年立法委員選舉,第一次賸餘,1090528,參加公職人員選舉使用支出,花蓮二信,,0.00,30.00,,,,雜項-匯費,金錢,,03-8*****,,,,,,,
142,蕭美琴,109年立法委員選舉,第一次賸餘,1090528,參加公職人員選舉使用支出,宏昌水果行,92092955,0.00,13650.00,,,,聯誼費用,金錢,,03-8*****,,,,,,,
143,蕭美琴,109年立法委員選舉,第一次賸餘,1090530,參加公職人員選舉使用支出,百里香廚房,85209917,0.00,5000.00,,,,餐飲費用,金錢,,03-8*****,,,,,,,
144,蕭美琴,109年立法委員選舉,第一次賸餘,1090531,參加公職人員選舉使用支出,八丼日式手作料理,49764117,0.00,1800.00,,,,餐飲費用,金錢,,03-8*****,,,,,,,
145,蕭美琴,109年立法委員選舉,第一次賸餘,1090531,參加公職人員選舉使用支出,陳威佑,U12*******,0.00,16600.00,,,,臨時人員相關支出,金錢,花蓮縣壽豐鄉****,0918*****,,,,,,,
146,蕭美琴,109年立法委員選舉,第一次賸餘,1090601,參加公職人員選舉使用支出,全福壽葬儀社,09786543,0.00,9000.00,,,,聯誼交際費用,金錢,花蓮縣吉安鄉****,03-8*****,,,,,,,
147,蕭美琴,109年立法委員選舉,第一次賸餘,1090601,參加公職人員選舉使用支出,黃聖文,H12*******,0.00,11218.00,,,,工讀生相關支出,金錢,桃園市桃園區****,0913*****,,,,,,,
148,蕭美琴,109年立法委員選舉,第一次賸餘,1090602,參加公職人員選舉使用支出,花蓮小吃部,08129280,0.00,1400.00,,,,餐飲費用,金錢,,03-8*****,,,,,,,
149,蕭美琴,109年立法委員選舉,第一次賸餘,1090603,參加公職人員選舉使用支出,花蓮二信,,0.00,30.00,,,,雜項-匯費,金錢,,03-8*****,,,,,,,
150,蕭美琴,109年立法委員選舉,第一次賸餘,1090603,參加公職人員選舉使用支出,楊火土,U10*******,0.00,29500.00,,,,聯誼費用,金錢,花蓮縣鳳林鎮****,0953*****,,,,,,,
151,蕭美琴,109年立法委員選舉,第一次賸餘,1090605,參加公職人員選舉使用支出,文庸水果行,08137943,0.00,400.00,,,,聯誼費用,金錢,,03-8*****,,,,,,,
152,蕭美琴,109年立法委員選舉,第一次賸餘,1090605,參加公職人員選舉使用支出,普傑企業社,20058710,0.00,4562.00,,,,雜項購置費用,金錢,,03-8*****,,,,,,,
153,蕭美琴,109年立法委員選舉,第一次賸餘,1090607,參加公職人員選舉使用支出,小薇餐飲店,41404646,0.00,3000.00,,,,餐飲費用,金錢,,02-2*****,,,,,,,
154,蕭美琴,109年立法委員選舉,第一次賸餘,1090610,參加公職人員選舉使用支出,八丼日式手作料理,49764117,0.00,5000.00,,,,餐飲費用,金錢,,03-8*****,,,,,,,
155,蕭美琴,109年立法委員選舉,第一次賸餘,1090611,參加公職人員選舉使用支出,財團法人石材暨資源產業研究發展中心,08152795,0.00,1700.00,,,,聯誼費用,金錢,,03-8*****,,,,,,,
156,蕭美琴,109年立法委員選舉,第一次賸餘,1090615,捐贈教育、文化、公益、慈善機構或團體支出,花蓮縣滿庭芳公益協會,09651658,0.00,10000.00,,,,捐贈教育、文化、公益、慈善機構或團體支出,金錢,,,,,,,,,
157,蕭美琴,109年立法委員選舉,第一次賸餘,1090615,參加公職人員選舉使用支出,統一超商,16833438,0.00,170.00,,,,雜項-運費,金錢,,,,,,,,,
158,蕭美琴,109年立法委員選舉,第一次賸餘,1090615,參加公職人員選舉使用支出,閩越食堂,82181492,0.00,1315.00,,,,餐飲費用,金錢,,03-8*****,,,,,,,
159,蕭美琴,109年立法委員選舉,第一次賸餘,1090615,參加公職人員選舉使用支出,陳玉蘭,U22*******,0.00,30000.00,,,,薪津,金錢,花蓮縣吉安鄉****,0932*****,,,,,,,
160,蕭美琴,109年立法委員選舉,第一次賸餘,1090616,參加公職人員選舉使用支出,泥水工會,,0.00,3374.00,,,,雜項-勞健保費,金錢,,03-8*****,,,,,,,
161,蕭美琴,109年立法委員選舉,第一次賸餘,1090618,參加公職人員選舉使用支出,東昇茶行,94695897,0.00,65000.00,,,,聯誼費用,金錢,花蓮縣瑞穗鄉****,03-8*****,,,,,,,
162,蕭美琴,109年立法委員選舉,第一次賸餘,1090623,參加公職人員選舉使用支出,富軒西點麵包,78837595,0.00,500.00,,,,聯誼費用,金錢,,03-8*****,,,,,,,
163,蕭美琴,109年立法委員選舉,第一次賸餘,1090626,參加公職人員選舉使用支出,幸福小吃店,62912421,0.00,2860.00,,,,餐飲費用,金錢,,06-2*****,,,,,,,
164,蕭美琴,109年立法委員選舉,第一次賸餘,1090628,參加公職人員選舉使用支出,悟饕池上飯包,54774092,0.00,1630.00,,,,餐飲費用,金錢,,,,,,,,,
165,蕭美琴,109年立法委員選舉,第一次賸餘,1090629,參加公職人員選舉使用支出,自然曲現工作室,82182534,0.00,2400.00,,,,文康活動費用,金錢,,0922*****,,,,,,,
166,蕭美琴,109年立法委員選舉,第一次賸餘,1090701,參加公職人員選舉使用支出,全福壽葬儀社,09786543,0.00,4800.00,,,,聯誼費用,金錢,花蓮縣吉安鄉****,03-8*****,,,,,,,
167,蕭美琴,109年立法委員選舉,第一次賸餘,1090715,參加公職人員選舉使用支出,陳玉蘭,U22*******,0.00,30000.00,,,,薪津,金錢,花蓮縣吉安鄉****,0932*****,,,,,,,
168,蕭美琴,109年立法委員選舉,第一次賸餘,1090716,參加公職人員選舉使用支出,泥水工會,,0.00,3374.00,,,,雜項-勞健保費,金錢,,03-8*****,,,,,,,
169,蕭美琴,109年立法委員選舉,第一次賸餘,1090725,參加公職人員選舉使用支出,一誠教育儀器社,08140449,0.00,1350.00,,,,雜項購置,金錢,,03-8*****,,,,,,,
170,蕭美琴,109年立法委員選舉,第一次賸餘,1090725,參加公職人員選舉使用支出,大紅蕃薑母鴨小吃店,13974693,0.00,6800.00,,,,餐飲費用,金錢,,03-8*****,,,,,,,
171,蕭美琴,109年立法委員選舉,第一次賸餘,1090727,參加公職人員選舉使用支出,竹村日式小館,34891662,0.00,1900.00,,,,餐飲費用,金錢,,03-8*****,,,,,,,
172,蕭美琴,109年立法委員選舉,第一次賸餘,1090727,參加公職人員選舉使用支出,裕芳工藝社,81636116,0.00,3050.00,,,,聯誼費用,金錢,,02-2*****,,,,,,,
173,蕭美琴,109年立法委員選舉,第一次賸餘,1090730,參加公職人員選舉使用支出,晶晶花卉坊,78047868,0.00,16500.00,,,,聯誼費用,金錢,花蓮縣花蓮市****,03-8*****,,,,,,,
174,蕭美琴,109年立法委員選舉,第一次賸餘,1090801,參加公職人員選舉使用支出,全福壽葬儀社,09786543,0.00,9300.00,,,,聯誼交際費用,金錢,,03-8*****,,,,,,,
175,蕭美琴,109年立法委員選舉,第一次賸餘,1090801,參加公職人員選舉使用支出,永美美食館,13965174,0.00,12000.00,,,,餐飲支出,金錢,,03-8*****,,,,,,,
176,蕭美琴,109年立法委員選舉,第一次賸餘,1090801,參加公職人員選舉使用支出,翠仙蘭園,18045916,0.00,2000.00,,,,聯誼交際費用,金錢,,03-8*****,,,,,,,
177,蕭美琴,109年立法委員選舉,第一次賸餘,1090801,參加公職人員選舉使用支出,天山鎖具刻印社,94793335,0.00,200.00,,,,雜項購置-刻印,金錢,,03-8*****,,,,,,,
178,蕭美琴,109年立法委員選舉,第一次賸餘,1090801,參加公職人員選舉使用支出,容心花店,94807035,0.00,1200.00,,,,聯誼交際費用,金錢,,03-8*****,,,,,,,
179,蕭美琴,109年立法委員選舉,第一次賸餘,1090810,參加公職人員選舉使用支出,慶源泰式小館,26788361,0.00,2720.00,,,,餐飲費用,金錢,,03-8*****,,,,,,,
180,蕭美琴,109年立法委員選舉,第一次賸餘,1090810,參加公職人員選舉使用支出,容心花店,94807035,0.00,1200.00,,,,聯誼費用,金錢,,03-8*****,,,,,,,
181,蕭美琴,109年立法委員選舉,第一次賸餘,1090815,參加公職人員選舉使用支出,陳玉蘭,U22*******,0.00,30000.00,,,,薪津,金錢,花蓮縣吉安鄉****,0932*****,,,,,,,
182,蕭美琴,109年立法委員選舉,第一次賸餘,1090817,參加公職人員選舉使用支出,鍋勝牛奶鍋,31600280,0.00,1000.00,,,,餐飲費用,金錢,,03-8*****,,,,,,,
183,蕭美琴,109年立法委員選舉,第一次賸餘,1090818,參加公職人員選舉使用支出,泥水工會,,0.00,3374.00,,,,雜項-勞健保費,金錢,,03-8*****,,,,,,,
184,蕭美琴,109年立法委員選舉,第一次賸餘,1090819,參加公職人員選舉使用支出,慶豐昌加油站,16376501,0.00,1094.00,,,,油資,金錢,,,,,,,,,
185,蕭美琴,109年立法委員選舉,第一次賸餘,1090826,參加公職人員選舉使用支出,牛媽媽的店,29305121,0.00,1580.00,,,,餐飲費用,金錢,,03-8*****,,,,,,,
186,蕭美琴,109年立法委員選舉,第一次賸餘,1090831,參加公職人員選舉使用支出,八丼日式手作料理,49764117,0.00,5000.00,,,,餐飲費用,金錢,,03-8*****,,,,,,,
187,蕭美琴,109年立法委員選舉,第一次賸餘,1090901,參加公職人員選舉使用支出,全福壽葬儀社,09786543,0.00,10800.00,,,,聯誼費用,金錢,花蓮縣吉安鄉****,03-8*****,,,,,,,
188,蕭美琴,109年立法委員選舉,第一次賸餘,1090901,參加公職人員選舉使用支出,翠仙蘭園,18045916,0.00,9000.00,,,,聯誼費用,金錢,,03-8*****,,,,,,,
189,蕭美琴,109年立法委員選舉,第一次賸餘,1090901,參加公職人員選舉使用支出,聯合水果行,78849868,0.00,12000.00,,,,聯誼費用,金錢,,03-8*****,,,,,,,
190,蕭美琴,109年立法委員選舉,第一次賸餘,1090902,參加公職人員選舉使用支出,張奕,F12*******,0.00,27000.00,,,,薪津,金錢,新北市新店區****,0936*****,,,,,,,
191,蕭美琴,109年立法委員選舉,第一次賸餘,1090904,參加公職人員選舉使用支出,中華郵政,,0.00,16.00,,,,雜項-郵資,金錢,,0800*****,,,,,,,
192,蕭美琴,109年立法委員選舉,第一次賸餘,1090909,參加公職人員選舉使用支出,中華郵政,,0.00,36.00,,,,雜項-郵資,金錢,,0800*****,,,,,,,
193,蕭美琴,109年立法委員選舉,第一次賸餘,1090910,參加公職人員選舉使用支出,貓公複合式花意空間室,30205058,0.00,2000.00,,,,聯誼費用,金錢,,03-8*****,,,,,,,
194,蕭美琴,109年立法委員選舉,第一次賸餘,1090915,參加公職人員選舉使用支出,陳玉蘭,U22*******,0.00,30000.00,,,,薪津,金錢,花蓮縣吉安鄉****,0932*****,,,,,,,
195,蕭美琴,109年立法委員選舉,第一次賸餘,1090916,參加公職人員選舉使用支出,泥水工會,,0.00,3374.00,,,,雜項-勞健保費,金錢,,03-8*****,,,,,,,
196,蕭美琴,109年立法委員選舉,第一次賸餘,1090920,參加公職人員選舉使用支出,闔家歡麵食館,64811455,0.00,8140.00,,,,餐飲費用,金錢,,03-8*****,,,,,,,
197,蕭美琴,109年立法委員選舉,第一次賸餘,1090920,參加公職人員選舉使用支出,擷成企業社,92097071,0.00,8000.00,,,,其他因工作酬勞之給付,金錢,,03-8*****,,,,,,,
198,蕭美琴,109年立法委員選舉,第一次賸餘,1090923,參加公職人員選舉使用支出,中華郵政,,0.00,36.00,,,,雜項-郵資,金錢,,0800*****,,,,,,,
199,蕭美琴,109年立法委員選舉,第一次賸餘,1090924,參加公職人員選舉使用支出,容心花店,94807035,0.00,1200.00,,,,聯誼費用,金錢,,03-8*****,,,,,,,
200,蕭美琴,109年立法委員選舉,第一次賸餘,1090925,參加公職人員選舉使用支出,胖叔叔烘培屋有限公司,53391147,0.00,9792.00,,,,聯誼交際費用,金錢,,03-8*****,,,,,,,
201,蕭美琴,109年立法委員選舉,第一次賸餘,1090926,參加公職人員選舉使用支出,花卉營業人,01225175,0.00,2000.00,,,,聯誼交際費用,金錢,,02-2*****,,,,,,,
202,蕭美琴,109年立法委員選舉,第一次賸餘,1091001,參加公職人員選舉使用支出,全福壽葬儀社,09786543,0.00,6000.00,,,,聯誼交際費用,金錢,花蓮縣吉安鄉****,03-8*****,,,,,,,
203,蕭美琴,109年立法委員選舉,第一次賸餘,1091001,參加公職人員選舉使用支出,玉誠花坊,18060373,0.00,2000.00,,,,聯誼交際費用,金錢,,03-8*****,,,,,,,
204,蕭美琴,109年立法委員選舉,第一次賸餘,1091001,參加公職人員選舉使用支出,宗霖電器行,67941136,0.00,4500.00,,,,聯誼費用,金錢,花蓮縣吉安鄉****,03-8*****,,,,,,,
205,蕭美琴,109年立法委員選舉,第一次賸餘,1091001,參加公職人員選舉使用支出,松浦米廠,94678671,0.00,6450.00,,,,聯誼交際費用,金錢,,03-8*****,,,,,,,
206,蕭美琴,109年立法委員選舉,第一次賸餘,1091002,參加公職人員選舉使用支出,張奕,F12*******,0.00,27000.00,,,,薪津,金錢,新北市新店區****,0936*****,,,,,,,
207,蕭美琴,109年立法委員選舉,第一次賸餘,1091005,參加公職人員選舉使用支出,花卉營業人,01224942,0.00,2000.00,,,,聯誼費用,金錢,,02-2*****,,,,,,,
208,蕭美琴,109年立法委員選舉,第一次賸餘,1091008,參加公職人員選舉使用支出,青葉花店,67939461,0.00,1200.00,,,,聯誼交際費用,金錢,,03-8*****,,,,,,,
209,蕭美琴,109年立法委員選舉,第一次賸餘,1091009,參加公職人員選舉使用支出,容心花店,94807035,0.00,1200.00,,,,聯誼交際費用,金錢,,03-8*****,,,,,,,
210,蕭美琴,109年立法委員選舉,第一次賸餘,1091010,參加公職人員選舉使用支出,竹村日式小館,34891662,0.00,3660.00,,,,餐飲支出,金錢,,03-8*****,,,,,,,
211,蕭美琴,109年立法委員選舉,第一次賸餘,1091011,參加公職人員選舉使用支出,時代小苑,06490102,0.00,2000.00,,,,聯誼交際費用,金錢,,2283*****,,,,,,,
212,蕭美琴,109年立法委員選舉,第一次賸餘,1091012,參加公職人員選舉使用支出,中華郵政,,0.00,31.00,,,,雜項-郵資,金錢,,0800*****,,,,,,,
213,蕭美琴,109年立法委員選舉,第一次賸餘,1091012,參加公職人員選舉使用支出,花綠屋,10052245,0.00,1000.00,,,,聯誼交際費用,金錢,,03-8*****,,,,,,,
214,蕭美琴,109年立法委員選舉,第一次賸餘,1091014,參加公職人員選舉使用支出,東昇茶行,94695897,0.00,65000.00,,,,聯誼交際費用,金錢,花蓮縣瑞穗鄉****,03-8*****,,,,,,,
215,蕭美琴,109年立法委員選舉,第一次賸餘,1091015,參加公職人員選舉使用支出,陳玉蘭,U22*******,0.00,30000.00,,,,薪津,金錢,花蓮縣吉安鄉****,0932*****,,,,,,,
216,蕭美琴,109年立法委員選舉,第一次賸餘,1091016,參加公職人員選舉使用支出,泥水工會,,0.00,3374.00,,,,雜項-勞健保費,金錢,,03-8*****,,,,,,,
217,蕭美琴,109年立法委員選舉,第一次賸餘,1091020,參加公職人員選舉使用支出,文鴻企業社,13975237,0.00,8100.00,,,,租用設備支出,金錢,,03-8*****,,,,,,,
218,蕭美琴,109年立法委員選舉,第一次賸餘,1091025,參加公職人員選舉使用支出,福星小吃部,94845299,0.00,7000.00,,,,餐飲支出,金錢,花蓮縣吉安鄉****,03-8*****,,,,,,,
219,蕭美琴,109年立法委員選舉,第一次賸餘,1091030,參加公職人員選舉使用支出,普傑企業社,20058710,0.00,3100.00,,,,雜項-修繕費用,金錢,,03-8*****,,,,,,,
220,蕭美琴,109年立法委員選舉,第一次賸餘,1091030,參加公職人員選舉使用支出,山上企業社,78845639,0.00,7200.00,,,,雜項購置,金錢,,03-8*****,,,,,,,
221,蕭美琴,109年立法委員選舉,第一次賸餘,1091102,參加公職人員選舉使用支出,張奕,F12*******,0.00,27000.00,,,,薪津,金錢,新北市新店區****,0936*****,,,,,,,
222,蕭美琴,109年立法委員選舉,第一次賸餘,1091103,參加公職人員選舉使用支出,西施水果,30209673,0.00,2120.00,,,,聯誼交際費用,金錢,花蓮縣****,03-8*****,,,,,,,
223,蕭美琴,109年立法委員選舉,第一次賸餘,1091105,參加公職人員選舉使用支出,全福壽葬儀社,09786543,0.00,12000.00,,,,聯誼交際費用,金錢,花蓮縣吉安鄉****,03-8*****,,,,,,,
224,蕭美琴,109年立法委員選舉,第一次賸餘,1091105,參加公職人員選舉使用支出,翠仙蘭園,18045916,0.00,8500.00,,,,聯誼交際費用,金錢,,03-8*****,,,,,,,
225,蕭美琴,109年立法委員選舉,第一次賸餘,1091105,參加公職人員選舉使用支出,進春花坊,34889455,0.00,3000.00,,,,聯誼交際費用,金錢,,03-5*****,,,,,,,
226,蕭美琴,109年立法委員選舉,第一次賸餘,1091105,參加公職人員選舉使用支出,宗霖電器行,67941136,0.00,6500.00,,,,聯誼交際費用,金錢,,03-8*****,,,,,,,
227,蕭美琴,109年立法委員選舉,第一次賸餘,1091105,參加公職人員選舉使用支出,上立醫療器材,78047993,0.00,8100.00,,,,雜項購置,金錢,,03-8*****,,,,,,,
228,蕭美琴,109年立法委員選舉,第一次賸餘,1091107,參加公職人員選舉使用支出,福星小吃部,94845299,0.00,5093.00,,,,餐飲費用,金錢,,03-8*****,,,,,,,
229,蕭美琴,109年立法委員選舉,第一次賸餘,1091108,參加公職人員選舉使用支出,玫瑰園花藝設計茶坊,67948829,0.00,2000.00,,,,聯誼交際費用,金錢,,03-8*****,,,,,,,
230,蕭美琴,109年立法委員選舉,第一次賸餘,1091110,參加公職人員選舉使用支出,中華郵政,,0.00,27640.00,,,,雜項-郵資,金錢,,0800*****,,,,,,,
231,蕭美琴,109年立法委員選舉,第一次賸餘,1091110,參加公職人員選舉使用支出,蜆之館,13969333,0.00,1500.00,,,,聯誼交際費用,金錢,,03-8*****,,,,,,,
232,蕭美琴,109年立法委員選舉,第一次賸餘,1091110,參加公職人員選舉使用支出,普傑企業社,20058710,0.00,1700.00,,,,雜項-修繕費用,金錢,,03-8*****,,,,,,,
233,蕭美琴,109年立法委員選舉,第一次賸餘,1091110,參加公職人員選舉使用支出,桃花源茶鐉,34886979,0.00,3000.00,,,,餐飲費用,金錢,,03-8*****,,,,,,,
234,蕭美琴,109年立法委員選舉,第一次賸餘,1091110,參加公職人員選舉使用支出,立川農場股份有限公司,89670039,0.00,72000.00,,,,聯誼交際費用,金錢,花蓮縣壽豐鄉****,03-8*****,,,,,,,
235,蕭美琴,109年立法委員選舉,第一次賸餘,1091111,參加公職人員選舉使用支出,劉家傳手工碳烤豬肉乾,49767135,0.00,2500.00,,,,聯誼交際費用,金錢,,03-8*****,,,,,,,
236,蕭美琴,109年立法委員選舉,第一次賸餘,1091112,參加公職人員選舉使用支出,花蓮二信,,0.00,30.00,,,,雜項-匯費,金錢,,03-8*****,,,,,,,
237,蕭美琴,109年立法委員選舉,第一次賸餘,1091115,參加公職人員選舉使用支出,陳玉蘭,U22*******,0.00,30000.00,,,,薪津,金錢,花蓮縣吉安鄉****,0932*****,,,,,,,
238,蕭美琴,109年立法委員選舉,第一次賸餘,1091117,參加公職人員選舉使用支出,花蓮二信,,0.00,30.00,,,,雜項-匯費,金錢,,03-8*****,,,,,,,
239,蕭美琴,109年立法委員選舉,第一次賸餘,1091117,參加公職人員選舉使用支出,三德和商行,26734632,0.00,31670.00,,,,聯誼交際費用,金錢,新北市中和區****,02-2*****,,,,,,,
240,蕭美琴,109年立法委員選舉,第一次賸餘,1091118,參加公職人員選舉使用支出,泥水工會,,0.00,3374.00,,,,雜項-勞健保費,金錢,,03-8*****,,,,,,,
241,蕭美琴,109年立法委員選舉,第一次賸餘,1091119,參加公職人員選舉使用支出,東昇茶行,94695897,0.00,65000.00,,,,聯誼交際費用,金錢,花蓮縣瑞穗鄉****,03-8*****,,,,,,,
242,蕭美琴,109年立法委員選舉,第一次賸餘,1091120,參加公職人員選舉使用支出,慶豐昌加油站,16376501,0.00,1030.00,,,,油資費用,金錢,,,,,,,,,
243,蕭美琴,109年立法委員選舉,第一次賸餘,1091120,參加公職人員選舉使用支出,玫瑰園花藝設計茶坊,67948829,0.00,2000.00,,,,聯誼交際費用,金錢,,03-8*****,,,,,,,
244,蕭美琴,109年立法委員選舉,第一次賸餘,1091121,參加公職人員選舉使用支出,大紅蕃薑母鴨小吃店,13974693,0.00,1160.00,,,,餐飲費用,金錢,,03-8*****,,,,,,,
245,蕭美琴,109年立法委員選舉,第一次賸餘,1091123,參加公職人員選舉使用支出,全家超商,27231623,0.00,330.00,,,,雜項-宅急便,金錢,,,,,,,,,
246,蕭美琴,109年立法委員選舉,第一次賸餘,1091126,參加公職人員選舉使用支出,東祥綠動車業,72848130,0.00,11000.00,,,,雜項購置,金錢,,03-8*****,,,,,,,
247,蕭美琴,109年立法委員選舉,第一次賸餘,1091127,參加公職人員選舉使用支出,風雅雲集,99834829,0.00,5810.00,,,,餐飲費用,金錢,,03-8*****,,,,,,,
248,蕭美琴,109年立法委員選舉,第一次賸餘,1091129,參加公職人員選舉使用支出,花卉營業人,01225175,0.00,2000.00,,,,聯誼交際費用,金錢,,02-2*****,,,,,,,
249,蕭美琴,109年立法委員選舉,第一次賸餘,1091129,參加公職人員選舉使用支出,冠有食品行,10637825,0.00,8000.00,,,,雜項購置,金錢,,03-8*****,,,,,,,
250,蕭美琴,109年立法委員選舉,第一次賸餘,1091130,參加公職人員選舉使用支出,三德和商行,26734632,0.00,31670.00,,,,聯誼交際費用,金錢,新北市中和區****,02-2*****,,,,,,,
251,蕭美琴,109年立法委員選舉,第一次賸餘,1091201,參加公職人員選舉使用支出,中華郵政,,0.00,60.00,,,,雜項-郵資,金錢,,0800*****,,,,,,,
252,蕭美琴,109年立法委員選舉,第一次賸餘,1091201,參加公職人員選舉使用支出,統一超商,16433361,0.00,130.00,,,,雜項-宅急便,金錢,,,,,,,,,
253,蕭美琴,109年立法委員選舉,第一次賸餘,1091201,參加公職人員選舉使用支出,統一超商,80345224,0.00,340.00,,,,雜項-宅急便,金錢,,,,,,,,,
254,蕭美琴,109年立法委員選舉,第一次賸餘,1091201,參加公職人員選舉使用支出,容心花店,94807035,0.00,1200.00,,,,聯誼交際費用,金錢,,03-8*****,,,,,,,
255,蕭美琴,109年立法委員選舉,第一次賸餘,1091202,參加公職人員選舉使用支出,中華郵政,,0.00,22451.00,,,,雜項-郵資,金錢,,0800*****,,,,,,,
256,蕭美琴,109年立法委員選舉,第一次賸餘,1091202,參加公職人員選舉使用支出,花蓮二信,,0.00,30.00,,,,雜項-匯費,金錢,,03-8*****,,,,,,,
257,蕭美琴,109年立法委員選舉,第一次賸餘,1091202,參加公職人員選舉使用支出,張奕,F12*******,0.00,27000.00,,,,薪津,金錢,新北市新店區****,0936*****,,,,,,,
258,蕭美琴,109年立法委員選舉,第一次賸餘,1091203,參加公職人員選舉使用支出,全福壽葬儀社,09786543,0.00,7500.00,,,,聯誼交際費用,金錢,花蓮縣吉安鄉****,03-8*****,,,,,,,
259,蕭美琴,109年立法委員選舉,第一次賸餘,1091203,參加公職人員選舉使用支出,翠仙蘭園,18045916,0.00,2000.00,,,,聯誼交際費用,金錢,,03-8*****,,,,,,,
260,蕭美琴,109年立法委員選舉,第一次賸餘,1091203,參加公職人員選舉使用支出,立安行,18060182,0.00,2280.00,,,,雜項購置,金錢,,03-8*****,,,,,,,
261,蕭美琴,109年立法委員選舉,第一次賸餘,1091203,參加公職人員選舉使用支出,進春花坊,34889455,0.00,1500.00,,,,聯誼交際費用,金錢,,03-8*****,,,,,,,
262,蕭美琴,109年立法委員選舉,第一次賸餘,1091203,參加公職人員選舉使用支出,圃美行,50741330,0.00,1200.00,,,,聯誼交際費用,金錢,,,,,,,,,
263,蕭美琴,109年立法委員選舉,第一次賸餘,1091203,參加公職人員選舉使用支出,宗霖電器行,67941136,0.00,4000.00,,,,聯誼交際費用,金錢,花蓮縣吉安鄉****,03-8*****,,,,,,,
264,蕭美琴,109年立法委員選舉,第一次賸餘,1091203,參加公職人員選舉使用支出,台灣人的飯包,70963582,0.00,8000.00,,,,餐飲費用,金錢,,03-8*****,,,,,,,
265,蕭美琴,109年立法委員選舉,第一次賸餘,1091203,參加公職人員選舉使用支出,裕芳工藝社,81636116,0.00,2500.00,,,,聯誼交際費用,金錢,,02-2*****,,,,,,,
266,蕭美琴,109年立法委員選舉,第一次賸餘,1091203,參加公職人員選舉使用支出,宏祥活海產,99414143,0.00,1300.00,,,,餐飲費用,金錢,,03-8*****,,,,,,,
267,蕭美琴,109年立法委員選舉,第一次賸餘,1091203,參加公職人員選舉使用支出,吳怡農,L12*******,0.00,10000.00,,,,演講,金錢,臺北市鎮江街****,02-2*****,,,,,,,
268,蕭美琴,109年立法委員選舉,第一次賸餘,1091204,參加公職人員選舉使用支出,進豐企業,30202904,0.00,160.00,,,,雜項購置,金錢,,03-8*****,,,,,,,
269,蕭美琴,109年立法委員選舉,第一次賸餘,1091207,參加公職人員選舉使用支出,中華郵政,,0.00,6150.00,,,,雜項-郵資,金錢,,0800*****,,,,,,,
270,蕭美琴,109年立法委員選舉,第一次賸餘,1091207,參加公職人員選舉使用支出,蜆之館,13969333,0.00,4500.00,,,,聯誼交際費用,金錢,,03-6*****,,,,,,,
271,蕭美琴,109年立法委員選舉,第一次賸餘,1091207,參加公職人員選舉使用支出,上立醫療器材,78047993,0.00,2500.00,,,,雜項購置,金錢,,03-8*****,,,,,,,
272,蕭美琴,109年立法委員選舉,第一次賸餘,1091208,參加公職人員選舉使用支出,花蓮二信,,0.00,30.00,,,,雜項-匯費,金錢,,03-8*****,,,,,,,
273,蕭美琴,109年立法委員選舉,第一次賸餘,1091209,參加公職人員選舉使用支出,嚴献宗,G12*******,0.00,33000.00,,,,薪津,金錢,花蓮縣花蓮市****,0932*****,,,,,,,
274,蕭美琴,109年立法委員選舉,第一次賸餘,1091210,參加公職人員選舉使用支出,鼎園桶子雞,41017336,0.00,6000.00,,,,餐飲費用,金錢,,03-8*****,,,,,,,
275,蕭美琴,109年立法委員選舉,第一次賸餘,1091214,參加公職人員選舉使用支出,寶島種苗園,94760968,0.00,6000.00,,,,聯誼交際費用,金錢,,03-8*****,,,,,,,
276,蕭美琴,109年立法委員選舉,第一次賸餘,1091214,參加公職人員選舉使用支出,容心花店,94807035,0.00,1200.00,,,,聯誼交際費用,金錢,,03-8*****,,,,,,,
277,蕭美琴,109年立法委員選舉,第一次賸餘,1091215,參加公職人員選舉使用支出,陳玉蘭,U22*******,0.00,30000.00,,,,薪津,金錢,花蓮縣吉安鄉****,0932*****,,,,,,,
278,蕭美琴,109年立法委員選舉,第一次賸餘,1091216,參加公職人員選舉使用支出,泥水工會,,0.00,3374.00,,,,雜項-勞健保費,金錢,,03-8*****,,,,,,,
279,蕭美琴,109年立法委員選舉,第一次賸餘,1091216,參加公職人員選舉使用支出,東昇茶行,94695897,0.00,65000.00,,,,聯誼交際費用,金錢,花蓮縣瑞穗鄉****,03-8*****,,,,,,,
280,蕭美琴,109年立法委員選舉,第一次賸餘,1091216,參加公職人員選舉使用支出,宏祥活海產,99414143,0.00,1120.00,,,,餐飲費用,金錢,,03-8*****,,,,,,,
281,蕭美琴,109年立法委員選舉,第一次賸餘,1091217,參加公職人員選舉使用支出,中華郵政,,0.00,36.00,,,,雜項-郵資,金錢,,0800*****,,,,,,,
282,蕭美琴,109年立法委員選舉,第一次賸餘,1091218,參加公職人員選舉使用支出,月食坊餐館,87346108,0.00,3200.00,,,,餐飲費用,金錢,,03-8*****,,,,,,,
283,蕭美琴,109年立法委員選舉,第一次賸餘,1091221,參加公職人員選舉使用支出,中華郵政,,0.00,36.00,,,,雜項-郵資,金錢,,0800*****,,,,,,,
284,蕭美琴,109年立法委員選舉,第一次賸餘,1091221,參加公職人員選舉使用支出,華印企業社,26644506,0.00,7000.00,,,,雜項購置,金錢,,03-8*****,,,,,,,
285,蕭美琴,109年立法委員選舉,第一次賸餘,1091221,參加公職人員選舉使用支出,金花食堂,72645424,0.00,6898.00,,,,餐飲費用,金錢,,03-8*****,,,,,,,
286,蕭美琴,109年立法委員選舉,第一次賸餘,1091222,參加公職人員選舉使用支出,楊雅筑,U22*******,0.00,5000.00,,,,其他因工作酬勞之給付,金錢,花蓮縣花蓮市****,0925*****,,,,,,,
287,蕭美琴,109年立法委員選舉,第一次賸餘,1091231,參加公職人員選舉使用支出,八丼日式手作料理,49764117,0.00,10000.00,,,,餐飲費用,金錢,花蓮縣花蓮市****,03-8*****,,,,,,,
