﻿序號,擬參選人／政黨,選舉名稱,申報序號／年度,交易日期,收支科目,捐贈者／支出對象,身分證／統一編號,收入金額,支出金額,支出用途,金錢類,地址,聯絡電話,資料更正日期
1,蔡錦賢,107年直轄市議員選舉,首次申報,1070905,雜支支出,竹圍鎖印印店,10658969,0.00,376.00,文具用品費用,金錢,新北市淡水區****,,
2,蔡錦賢,107年直轄市議員選舉,首次申報,1070914,宣傳支出,中華郵政,02251777,0.00,36.00,郵寄競選物品或宣傳廣告支出,金錢,新北市淡水區****,,
3,蔡錦賢,107年直轄市議員選舉,首次申報,1070914,雜支支出,淡水第一信用合作社,37098407,0.00,30.00,匯款手續費,金錢,,,
4,蔡錦賢,107年直轄市議員選舉,首次申報,1070920,宣傳支出,紅樹林有線電視股份有限公司,96971616,0.00,180000.00,播送、傳送或刊登宣傳廣告支出,金錢,新北市淡水區****,,
5,蔡錦賢,107年直轄市議員選舉,首次申報,1070925,雜支支出,建美商行,33757195,0.00,4940.00,雜項購置或修繕費用,金錢,新北市淡水區****,,
6,蔡錦賢,107年直轄市議員選舉,首次申報,1070926,宣傳支出,中華郵政,,0.00,56.00,郵寄競選物品或宣傳廣告支出,金錢,新北市淡水區****,,
7,蔡錦賢,107年直轄市議員選舉,首次申報,1070926,雜支支出,中華電信股份有限公司,72620795,0.00,1500.00,電信費用,金錢,,,
8,蔡錦賢,107年直轄市議員選舉,首次申報,1070926,雜支支出,中華電信股份有限公司,72620795,0.00,1500.00,電信費用,金錢,,,
9,蔡錦賢,107年直轄市議員選舉,首次申報,1070926,租用競選辦事處支出,金儀股份有限公司,80353687,0.00,8400.00,租買辦公設備支出,金錢,臺北市士林區****,,
10,蔡錦賢,107年直轄市議員選舉,首次申報,1070928,雜支支出,7-ELEVEN立竹門市,51410908,0.00,11392.00,雜項購置或修繕費用,金錢,新北市淡水區****,,
11,蔡錦賢,107年直轄市議員選舉,首次申報,1070930,雜支支出,摩立屋商行,50663658,0.00,184.00,文具用品費用,金錢,新北市淡水區****,,
12,蔡錦賢,107年直轄市議員選舉,首次申報,1071001,宣傳支出,中華郵政,,0.00,28.00,郵寄競選物品或宣傳廣告支出,金錢,新北市淡水區****,,
13,蔡錦賢,107年直轄市議員選舉,首次申報,1071001,宣傳支出,中華郵政,,0.00,28.00,郵寄競選物品或宣傳廣告支出,金錢,新北市淡水區****,,
14,蔡錦賢,107年直轄市議員選舉,首次申報,1071001,雜支支出,金仙魯肉飯,31533776,0.00,660.00,餐飲費用,金錢,新北市淡水區****,,
15,蔡錦賢,107年直轄市議員選舉,首次申報,1071001,雜支支出,源味滷肉飯,41077404,0.00,290.00,餐飲費用,金錢,新北市淡水區****,,
16,蔡錦賢,107年直轄市議員選舉,首次申報,1071001,雜支支出,興生活商行,42255567,0.00,213.00,文具用品費用,金錢,新北市淡水區****,,
17,蔡錦賢,107年直轄市議員選舉,首次申報,1071001,租用競選辦事處支出,鐘萬發,F10*******,0.00,60000.00,租用競選辦事處費用,金錢,新北市三芝區****,,
18,蔡錦賢,107年直轄市議員選舉,首次申報,1071002,雜支支出,竹圍加油站,96997854,0.00,1719.00,汽機車燃料費用,金錢,,,
19,蔡錦賢,107年直轄市議員選舉,首次申報,1071002,雜支支出,晶淳快餐店,99441140,0.00,265.00,餐飲費用,金錢,新北市淡水區****,,
20,蔡錦賢,107年直轄市議員選舉,首次申報,1071003,雜支支出,頂好,28412783,0.00,683.00,雜項購置或修繕費用,金錢,,,
21,蔡錦賢,107年直轄市議員選舉,首次申報,1071004,宣傳支出,中華郵政,02251805,0.00,352.00,郵寄競選物品或宣傳廣告支出,金錢,,,
22,蔡錦賢,107年直轄市議員選舉,首次申報,1071004,雜支支出,竹圍鎖印店,10658969,0.00,350.00,文具用品費用,金錢,,,
23,蔡錦賢,107年直轄市議員選舉,首次申報,1071004,雜支支出,采緣美食,31539075,0.00,410.00,餐飲費用,金錢,新北市淡水區****,,
24,蔡錦賢,107年直轄市議員選舉,首次申報,1071004,雜支支出,現炒王快餐,41413265,0.00,630.00,餐飲費用,金錢,,,
25,蔡錦賢,107年直轄市議員選舉,首次申報,1071005,宣傳支出,中華郵政,02251805,0.00,1112.00,郵寄競選物品或宣傳廣告支出,金錢,,,
26,蔡錦賢,107年直轄市議員選舉,首次申報,1071005,雜支支出,銓國百貨商品行,19428617,0.00,1108.00,雜項購置或修繕費用,金錢,,,
27,蔡錦賢,107年直轄市議員選舉,首次申報,1071005,雜支支出,育誠書局,20272649,0.00,250.00,文具用品費用,金錢,,,
28,蔡錦賢,107年直轄市議員選舉,首次申報,1071005,雜支支出,育誠書局,20272649,0.00,65.00,文具用品費用,金錢,,,
29,蔡錦賢,107年直轄市議員選舉,首次申報,1071005,宣傳支出,捷盛印務有限公司,27828931,0.00,89775.00,製作競選物品支出 面紙,金錢,新北市新莊區****,,
30,蔡錦賢,107年直轄市議員選舉,首次申報,1071005,宣傳支出,捷盛印務有限公司,27828931,0.00,225225.00,製作競選物品支出 手搖旗關東旗戰旗,金錢,新北市新莊區****,,
31,蔡錦賢,107年直轄市議員選舉,首次申報,1071005,雜支支出,興生活商行,42255567,0.00,138.00,文具用品費用,金錢,,,
32,蔡錦賢,107年直轄市議員選舉,首次申報,1071005,雜支支出,興源五金大賣場,42697108,0.00,45.00,文具用品費用,金錢,,,
33,蔡錦賢,107年直轄市議員選舉,首次申報,1071005,雜支支出,燦坤實業股份有限公司,53012531,0.00,945.00,文具用品費用,金錢,,,
34,蔡錦賢,107年直轄市議員選舉,首次申報,1071005,雜支支出,家樂福股份有限公司,54175723,0.00,249.00,雜項購置或修繕費用,金錢,,,
35,蔡錦賢,107年直轄市議員選舉,首次申報,1071006,雜支支出,禾盈小吃店,72650170,0.00,510.00,餐飲費用,金錢,,,
36,蔡錦賢,107年直轄市議員選舉,首次申報,1071006,雜支支出,民益行香鋪,99409628,0.00,650.00,雜項購置或修繕費用,金錢,,,
37,蔡錦賢,107年直轄市議員選舉,首次申報,1071007,雜支支出,禾盈小吃店,72650170,0.00,1105.00,餐飲費用,金錢,,,
38,蔡錦賢,107年直轄市議員選舉,首次申報,1071008,宣傳支出,中華郵政,02251805,0.00,60.00,郵寄競選物品或宣傳廣告支出,金錢,,,
39,蔡錦賢,107年直轄市議員選舉,首次申報,1071008,雜支支出,淡水第一信用合作社,37098407,0.00,30.00,匯款手續費,金錢,,,
40,蔡錦賢,107年直轄市議員選舉,首次申報,1071009,交通旅運支出,台灣中油,14176232,0.00,2298.00,油資,金錢,,,
41,蔡錦賢,107年直轄市議員選舉,首次申報,1071009,雜支支出,美倫利業有限公司,22377795,0.00,37876.00,背心,金錢,新北市蘆洲區****,,
42,蔡錦賢,107年直轄市議員選舉,首次申報,1071009,宣傳支出,捷盛印務有限公司,27828931,0.00,106785.00,製作宣傳廣告支出,金錢,新北市新莊區****,,
43,蔡錦賢,107年直轄市議員選舉,首次申報,1071009,雜支支出,三芝淡金小吃店,31501654,0.00,8060.00,餐飲費用,金錢,,,
44,蔡錦賢,107年直轄市議員選舉,首次申報,1071009,雜支支出,淡水第一信用合作社,37098407,0.00,30.00,匯款手續費,金錢,,,
45,蔡錦賢,107年直轄市議員選舉,首次申報,1071009,雜支支出,歐明小吃店,98793259,0.00,1360.00,餐飲費用,金錢,,,
46,蔡錦賢,107年直轄市議員選舉,首次申報,1071010,雜支支出,上華商行,10611114,0.00,720.00,餐飲費用,金錢,,,
47,蔡錦賢,107年直轄市議員選舉,首次申報,1071010,雜支支出,銓國百貨商品行,19428617,0.00,59.00,文具用品費用,金錢,,,
48,蔡錦賢,107年直轄市議員選舉,首次申報,1071010,雜支支出,銓國百貨商品行,19428617,0.00,295.00,文具用品費用,金錢,,,
49,蔡錦賢,107年直轄市議員選舉,首次申報,1071010,宣傳支出,鵬達服裝有限公司,24966880,0.00,254520.00,製作競選物品支出  紅背心 彩帶,金錢,臺北市萬華區****,,
50,蔡錦賢,107年直轄市議員選舉,首次申報,1071010,雜支支出,金悅排骨,39955313,0.00,2100.00,餐飲費用,金錢,,,
51,蔡錦賢,107年直轄市議員選舉,首次申報,1071010,雜支支出,摩立屋商行,50649621,0.00,690.00,文具用品費用,金錢,,,
52,蔡錦賢,107年直轄市議員選舉,首次申報,1071010,雜支支出,維書醬飯屋,82118512,0.00,2900.00,餐飲費用,金錢,,,
53,蔡錦賢,107年直轄市議員選舉,首次申報,1071010,雜支支出,高意生活百貨行,99298897,0.00,209.00,雜項購置或修繕費用,金錢,,,
54,蔡錦賢,107年直轄市議員選舉,首次申報,1071011,宣傳支出,中華郵政,02251805,0.00,99.00,郵寄競選物品或宣傳廣告支出,金錢,,,
55,蔡錦賢,107年直轄市議員選舉,首次申報,1071011,雜支支出,梁記港式燒臘店,09959538,0.00,165.00,餐飲費用,金錢,,,
56,蔡錦賢,107年直轄市議員選舉,首次申報,1071011,雜支支出,全國電子股份有限公司,22006252,0.00,289.00,雜項購置或修繕費用,金錢,,,
57,蔡錦賢,107年直轄市議員選舉,首次申報,1071011,宣傳支出,捷盛印務有限公司,27828931,0.00,236250.00,製作競選物品支出   筆 加油棒,金錢,新北市新莊區****,,
58,蔡錦賢,107年直轄市議員選舉,首次申報,1071011,雜支支出,景碩小吃店,30305134,0.00,820.00,餐飲費用,金錢,,,
59,蔡錦賢,107年直轄市議員選舉,首次申報,1071011,雜支支出,興生活商行,42255567,0.00,1249.00,文具用品費用,金錢,,,
60,蔡錦賢,107年直轄市議員選舉,首次申報,1071011,雜支支出,維書醬飯屋,82118512,0.00,1600.00,餐飲費用,金錢,,,
61,蔡錦賢,107年直轄市議員選舉,首次申報,1071011,雜支支出,軒陽企業有限公司,86798265,0.00,5644.00,雜項購置或修繕費用,金錢,,,
62,蔡錦賢,107年直轄市議員選舉,首次申報,1071012,租用宣傳車輛支出,台灣中油,14176232,0.00,102.00,宣傳車輛燃料支出,金錢,,,
63,蔡錦賢,107年直轄市議員選舉,首次申報,1071012,雜支支出,墊腳石,24451594,0.00,230.00,文具用品費用,金錢,,,
64,蔡錦賢,107年直轄市議員選舉,首次申報,1071012,雜支支出,Ccstco,24794037,0.00,1877.00,餐飲費用,金錢,,,
65,蔡錦賢,107年直轄市議員選舉,首次申報,1071012,雜支支出,竹圍小吃店,26579147,0.00,255.00,餐飲費用,金錢,,,
66,蔡錦賢,107年直轄市議員選舉,首次申報,1071012,雜支支出,吉通小吃店,30184011,0.00,840.00,餐飲費用,金錢,,,
67,蔡錦賢,107年直轄市議員選舉,首次申報,1071012,雜支支出,滬家自助餐店,31424550,0.00,10720.00,餐飲費用,金錢,,,
68,蔡錦賢,107年直轄市議員選舉,首次申報,1071012,雜支支出,晉好吃便當,31681776,0.00,130.00,餐飲費用,金錢,,,
69,蔡錦賢,107年直轄市議員選舉,首次申報,1071012,雜支支出,興生活商行,42255567,0.00,54.00,文具用品費用,金錢,,,
70,蔡錦賢,107年直轄市議員選舉,首次申報,1071012,雜支支出,摩立屋商行,50663658,0.00,93.00,文具用品費用,金錢,,,
71,蔡錦賢,107年直轄市議員選舉,首次申報,1071012,雜支支出,維書醬飯屋,82118512,0.00,900.00,餐飲費用,金錢,,,
72,蔡錦賢,107年直轄市議員選舉,首次申報,1071012,雜支支出,歐明小吃店,98793259,0.00,1445.00,餐飲費用,金錢,,,
73,蔡錦賢,107年直轄市議員選舉,首次申報,1071013,雜支支出,阿娥小吃,30173393,0.00,280.00,餐飲費用,金錢,,,
74,蔡錦賢,107年直轄市議員選舉,首次申報,1071013,雜支支出,景碩小吃店,30305134,0.00,800.00,餐飲費用,金錢,,,
75,蔡錦賢,107年直轄市議員選舉,首次申報,1071013,雜支支出,興生活商行,42255567,0.00,907.00,文具用品費用,金錢,,,
76,蔡錦賢,107年直轄市議員選舉,首次申報,1071013,雜支支出,興源五金大賣場,42697108,0.00,880.00,雜項購置或修繕費用,金錢,,,
77,蔡錦賢,107年直轄市議員選舉,首次申報,1071013,雜支支出,興源五金大賣場,42697108,0.00,259.00,雜項購置或修繕費用,金錢,,,
78,蔡錦賢,107年直轄市議員選舉,首次申報,1071013,雜支支出,高意生活百貨行,99298897,0.00,233.00,雜項購置或修繕費用,金錢,,,
79,蔡錦賢,107年直轄市議員選舉,首次申報,1071013,雜支支出,高意生活百貨行,99298897,0.00,85.00,文具用品費用,金錢,,,
80,蔡錦賢,107年直轄市議員選舉,首次申報,1071013,雜支支出,高意生活百貨行,99298897,0.00,200.00,文具用品費用,金錢,,,
81,蔡錦賢,107年直轄市議員選舉,首次申報,1071014,雜支支出,臻吉祥佛具行,14338047,0.00,1319.00,雜項購置或修繕費用,金錢,,,
82,蔡錦賢,107年直轄市議員選舉,首次申報,1071014,交通旅運支出,協溢通運有限公司,16630519,0.00,98500.00,搭乘交通工具支出,金錢,臺北市士林區****,,
83,蔡錦賢,107年直轄市議員選舉,首次申報,1071014,雜支支出,大谷金餐飲小舖,18261224,0.00,395.00,餐飲費用,金錢,,,
84,蔡錦賢,107年直轄市議員選舉,首次申報,1071014,雜支支出,大谷金餐飲小鋪,18261224,0.00,2250.00,餐飲費用,金錢,,,
85,蔡錦賢,107年直轄市議員選舉,首次申報,1071014,雜支支出,頂好,28412783,0.00,1266.00,雜項購置或修繕費用,金錢,,,
86,蔡錦賢,107年直轄市議員選舉,首次申報,1071014,雜支支出,興源五金大賣場,42697108,0.00,65.00,雜項購置或修繕費用,金錢,,,
87,蔡錦賢,107年直轄市議員選舉,首次申報,1071014,集會支出,潔星環保有限公司,53201809,0.00,11550.00,清潔整理支出,金錢,,,
88,蔡錦賢,107年直轄市議員選舉,首次申報,1071014,雜支支出,盈臻商行,67781969,0.00,2085.00,餐飲費用,金錢,,,
89,蔡錦賢,107年直轄市議員選舉,首次申報,1071014,雜支支出,良益行香舖,99409628,0.00,1250.00,雜項購置或修繕費用,金錢,,,
90,蔡錦賢,107年直轄市議員選舉,首次申報,1071015,雜支支出,行家商店,02230936,0.00,1170.00,雜項購置或修繕費用,金錢,,,
91,蔡錦賢,107年直轄市議員選舉,首次申報,1071015,雜支支出,行家商店,02230936,0.00,1170.00,雜項購置或修繕費用,金錢,,,
92,蔡錦賢,107年直轄市議員選舉,首次申報,1071015,返還支出,銘珍食品廠有限公司,07553202,0.00,500000.00,返還,金錢,新北市淡水區****,,
93,蔡錦賢,107年直轄市議員選舉,首次申報,1071015,雜支支出,大谷金餐飲小鋪,18261224,0.00,1170.00,餐飲費用,金錢,,,
94,蔡錦賢,107年直轄市議員選舉,首次申報,1071015,雜支支出,美倫利業有限公司,22377795,0.00,6125.00,背心,金錢,新北市蘆洲區****,,
95,蔡錦賢,107年直轄市議員選舉,首次申報,1071015,雜支支出,三寶妹燒臘小吃店,26760574,0.00,360.00,餐飲費用,金錢,,,
96,蔡錦賢,107年直轄市議員選舉,首次申報,1071015,返還支出,岳泰建設股份有限公司,27754874,0.00,300000.00,返還,金錢,臺北市信義區****,,
97,蔡錦賢,107年直轄市議員選舉,首次申報,1071015,雜支支出,漳益號,33754330,0.00,4500.00,雜項購置或修繕費用,金錢,,,
98,蔡錦賢,107年直轄市議員選舉,首次申報,1071015,雜支支出,盈泰商行,67781969,0.00,570.00,餐飲費用,金錢,,,
99,蔡錦賢,107年直轄市議員選舉,首次申報,1071015,雜支支出,高意生活百貨行,99298897,0.00,59.00,雜項購置或修繕費用,金錢,,,
100,蔡錦賢,107年直轄市議員選舉,首次申報,1071015,宣傳支出,賴麒方,C22*******,0.00,10000.00,郵寄競選物品或宣傳廣告支出,金錢,,,
101,蔡錦賢,107年直轄市議員選舉,首次申報,1071016,雜支支出,頂好,28412783,0.00,385.00,雜項購置或修繕費用,金錢,,,
102,蔡錦賢,107年直轄市議員選舉,首次申報,1071016,雜支支出,阿娥小吃,30173393,0.00,300.00,餐飲費用,金錢,,,
103,蔡錦賢,107年直轄市議員選舉,首次申報,1071016,雜支支出,景碩小吃店,30305134,0.00,1200.00,餐飲費用,金錢,,,
104,蔡錦賢,107年直轄市議員選舉,首次申報,1071016,雜支支出,漳益號,33754330,0.00,7290.00,雜項購置或修繕費用,金錢,,,
105,蔡錦賢,107年直轄市議員選舉,首次申報,1071016,雜支支出,淡水第一信用合作社,37098407,0.00,30.00,匯款手續費,金錢,,,
106,蔡錦賢,107年直轄市議員選舉,首次申報,1071016,雜支支出,瑞生文具行,37509725,0.00,100.00,文具用品費用,金錢,,,
107,蔡錦賢,107年直轄市議員選舉,首次申報,1071016,雜支支出,摩立屋商行,50649621,0.00,441.00,文具用品費用,金錢,,,
108,蔡錦賢,107年直轄市議員選舉,首次申報,1071016,雜支支出,高意生活百貨行,99298897,0.00,112.00,雜項購置或修繕費用,金錢,,,
109,蔡錦賢,107年直轄市議員選舉,首次申報,1071016,雜支支出,高意生活百貨行,99298897,0.00,60.00,文具用品費用,金錢,,,
110,蔡錦賢,107年直轄市議員選舉,首次申報,1071017,雜支支出,達興商行,,0.00,140.00,雜項購置或修繕費用,金錢,新北市石門區****,,
111,蔡錦賢,107年直轄市議員選舉,首次申報,1071017,雜支支出,大谷金餐飲小鋪,18261224,0.00,2000.00,餐飲費用,金錢,,,
112,蔡錦賢,107年直轄市議員選舉,首次申報,1071017,雜支支出,統一超商股份有限公司,22555003,0.00,224.00,雜項購置或修繕費用,金錢,,,
113,蔡錦賢,107年直轄市議員選舉,首次申報,1071017,雜支支出,三芝淡金小吃店,31501654,0.00,18470.00,餐飲費用,金錢,,,
114,蔡錦賢,107年直轄市議員選舉,首次申報,1071018,雜支支出,上雅花坊,02236262,0.00,300.00,雜項購置或修繕費用,金錢,,,
115,蔡錦賢,107年直轄市議員選舉,首次申報,1071018,雜支支出,昕記商號,02236299,0.00,3080.00,雜項購置或修繕費用,金錢,,,
116,蔡錦賢,107年直轄市議員選舉,首次申報,1071018,雜支支出,豐盛果菜行,09691455,0.00,820.00,餐飲費用,金錢,,,
117,蔡錦賢,107年直轄市議員選舉,首次申報,1071018,雜支支出,大龍大商行,10514078,0.00,268.00,雜項購置或修繕費用,金錢,,,
118,蔡錦賢,107年直轄市議員選舉,首次申報,1071018,雜支支出,台灣中油,14176232,0.00,1350.00,汽機車燃料費用,金錢,,,
119,蔡錦賢,107年直轄市議員選舉,首次申報,1071018,雜支支出,大谷金餐飲小鋪,18261224,0.00,2135.00,餐飲費用,金錢,,,
120,蔡錦賢,107年直轄市議員選舉,首次申報,1071018,雜支支出,三寶妹燒臘小吃店,26760574,0.00,460.00,餐飲費用,金錢,,,
121,蔡錦賢,107年直轄市議員選舉,首次申報,1071018,雜支支出,玄旺佛具行,30285926,0.00,690.00,雜項購置或修繕費用,金錢,,,
122,蔡錦賢,107年直轄市議員選舉,首次申報,1071018,雜支支出,益群食品行,33799821,0.00,130.00,雜項購置或修繕費用,金錢,,,
123,蔡錦賢,107年直轄市議員選舉,首次申報,1071018,雜支支出,鄭順成號,37197005,0.00,493.00,雜項購置或修繕費用,金錢,,,
124,蔡錦賢,107年直轄市議員選舉,首次申報,1071018,雜支支出,摩立屋商行,50663658,0.00,150.00,文具用品費用,金錢,,,
125,蔡錦賢,107年直轄市議員選舉,首次申報,1071018,雜支支出,金寶興五金行,73795499,0.00,1280.00,雜項購置或修繕費用,金錢,,,
126,蔡錦賢,107年直轄市議員選舉,首次申報,1071019,集會支出,可口魚丸店,02218291,0.00,3000.00,餐飲支出,金錢,,,
127,蔡錦賢,107年直轄市議員選舉,首次申報,1071019,宣傳支出,中華郵政,02251777,0.00,28.00,郵寄競選物品或宣傳廣告支出,金錢,,,
128,蔡錦賢,107年直轄市議員選舉,首次申報,1071019,宣傳支出,中華郵政,02251777,0.00,200.00,郵寄競選物品或宣傳廣告支出,金錢,,,
129,蔡錦賢,107年直轄市議員選舉,首次申報,1071019,雜支支出,國泰人壽保險股份有限公司,03374707,0.00,3087.00,保險費,金錢,,,
130,蔡錦賢,107年直轄市議員選舉,首次申報,1071019,雜支支出,國泰人壽保險股份有限公司,03374707,0.00,7293.00,保險費,金錢,,,
131,蔡錦賢,107年直轄市議員選舉,首次申報,1071019,雜支支出,阿三哥水果城,14490400,0.00,2000.00,雜項購置或修繕費用,金錢,,,
132,蔡錦賢,107年直轄市議員選舉,首次申報,1071019,集會支出,武雄油飯店,21525360,0.00,14000.00,餐飲支出,金錢,,,
133,蔡錦賢,107年直轄市議員選舉,首次申報,1071019,雜支支出,三寶妹燒臘小吃店,26760574,0.00,300.00,餐飲費用,金錢,,,
134,蔡錦賢,107年直轄市議員選舉,首次申報,1071019,集會支出,來來音響出租行,30315317,0.00,15000.00,租用設備支出,金錢,,,
135,蔡錦賢,107年直轄市議員選舉,首次申報,1071019,集會支出,來來音響出租行,30315317,0.00,10000.00,租用設備支出,金錢,,,
136,蔡錦賢,107年直轄市議員選舉,首次申報,1071019,雜支支出,建美商行,33757195,0.00,9266.00,雜項購置或修繕費用,金錢,,,
137,蔡錦賢,107年直轄市議員選舉,首次申報,1071019,雜支支出,益群食品行,33799821,0.00,1000.00,雜項購置或修繕費用,金錢,,,
138,蔡錦賢,107年直轄市議員選舉,首次申報,1071019,集會支出,幸福外燴,37917433,0.00,30000.00,餐飲支出,金錢,,,
139,蔡錦賢,107年直轄市議員選舉,首次申報,1071019,雜支支出,心生活商行,47977418,0.00,1099.00,文具用品費用,金錢,,,
140,蔡錦賢,107年直轄市議員選舉,首次申報,1071019,集會支出,八里東湖桌椅碗盤電,72694803,0.00,5000.00,租用設備支出,金錢,,,
141,蔡錦賢,107年直轄市議員選舉,首次申報,1071019,雜支支出,金寶興五金行,73795499,0.00,460.00,雜項購置或修繕費用,金錢,,,
142,蔡錦賢,107年直轄市議員選舉,首次申報,1071019,集會支出,芝鄉園餐廳,87782467,0.00,59000.00,餐飲支出,金錢,新北市三芝區****,,
143,蔡錦賢,107年直轄市議員選舉,首次申報,1071019,雜支支出,高意生活百貨行,99298897,0.00,15.00,文具用品費用,金錢,,,
144,蔡錦賢,107年直轄市議員選舉,首次申報,1071019,雜支支出,高意生活百貨行,99298897,0.00,20.00,文具用品費用,金錢,,,
145,蔡錦賢,107年直轄市議員選舉,首次申報,1071020,雜支支出,八里三合發號,,0.00,18200.00,餐飲費用,金錢,新北市八里區****,,
146,蔡錦賢,107年直轄市議員選舉,首次申報,1071020,雜支支出,台灣中油,14176232,0.00,102.00,汽機車燃料費用,金錢,,,
147,蔡錦賢,107年直轄市議員選舉,首次申報,1071020,雜支支出,益聖堂香舖,18456234,0.00,480.00,雜項購置或修繕費用,金錢,,,
148,蔡錦賢,107年直轄市議員選舉,首次申報,1071020,宣傳支出,捷盛印務有限公司,27828931,0.00,771225.00,製作競選物品支出  牙線盒,金錢,新北市新莊區****,,
149,蔡錦賢,107年直轄市議員選舉,首次申報,1071020,雜支支出,景碩小吃店,30305134,0.00,3100.00,餐飲費用,金錢,,,
150,蔡錦賢,107年直轄市議員選舉,首次申報,1071020,雜支支出,建美商行,33757195,0.00,21633.00,雜項購置或修繕費用,金錢,,,
151,蔡錦賢,107年直轄市議員選舉,首次申報,1071020,雜支支出,欣生活商行,41089106,0.00,107.00,文具用品費用,金錢,,,
152,蔡錦賢,107年直轄市議員選舉,首次申報,1071020,雜支支出,欣生活商行,41089106,0.00,246.00,文具用品費用,金錢,,,
153,蔡錦賢,107年直轄市議員選舉,首次申報,1071020,雜支支出,摩立屋商行,50649621,0.00,188.00,文具用品費用,金錢,,,
154,蔡錦賢,107年直轄市議員選舉,首次申報,1071020,租用競選辦事處支出,八里東湖桌椅碗盤店,72694803,0.00,35000.00,租買辦公設備支出,金錢,新北市八里區****,,
155,蔡錦賢,107年直轄市議員選舉,首次申報,1071020,租用競選辦事處支出,順鼎水電材料行,78303281,0.00,5000.00,裝潢競選辦事處支出,金錢,,,
156,蔡錦賢,107年直轄市議員選舉,首次申報,1071020,租用競選辦事處支出,順鼎水電材料行,78303281,0.00,5000.00,裝潢競選辦事處支出,金錢,,,
157,蔡錦賢,107年直轄市議員選舉,首次申報,1071020,租用競選辦事處支出,順鼎水電材料行,78303281,0.00,5000.00,裝潢競選辦事處支出,金錢,,,
158,蔡錦賢,107年直轄市議員選舉,首次申報,1071020,租用競選辦事處支出,世連五金行,90921301,0.00,3000.00,裝潢競選辦事處支出,金錢,,,
159,蔡錦賢,107年直轄市議員選舉,首次申報,1071020,雜支支出,祇芫燒臘店,99085228,0.00,750.00,餐飲費用,金錢,,,
160,蔡錦賢,107年直轄市議員選舉,首次申報,1071021,雜支支出,合昌水果行,02212493,0.00,7500.00,餐飲費用,金錢,,,
161,蔡錦賢,107年直轄市議員選舉,首次申報,1071021,集會支出,全順行,19521727,0.00,4000.00,餐飲支出,金錢,,,
162,蔡錦賢,107年直轄市議員選舉,首次申報,1071021,雜支支出,漳益號,33754330,0.00,720.00,雜項購置或修繕費用,金錢,,,
163,蔡錦賢,107年直轄市議員選舉,首次申報,1071021,雜支支出,瑞成水果行,34906264,0.00,1000.00,餐飲費用,金錢,,,
164,蔡錦賢,107年直轄市議員選舉,首次申報,1071021,雜支支出,瑞生文具行,37509725,0.00,100.00,文具用品費用,金錢,,,
165,蔡錦賢,107年直轄市議員選舉,首次申報,1071021,集會支出,美麗華企業社,37792671,0.00,20000.00,租用設備支出,金錢,,,
166,蔡錦賢,107年直轄市議員選舉,首次申報,1071021,集會支出,蔡家肉粽,41371531,0.00,16250.00,餐飲支出,金錢,,,
167,蔡錦賢,107年直轄市議員選舉,首次申報,1071021,雜支支出,大湖免洗餐具塑膠袋行,99812022,0.00,2412.00,雜項購置或修繕費用,金錢,,,
168,蔡錦賢,107年直轄市議員選舉,首次申報,1071022,雜支支出,八里香家庭五金行,18257093,0.00,3000.00,雜項購置或修繕費用,金錢,,,
169,蔡錦賢,107年直轄市議員選舉,首次申報,1071022,雜支支出,八里香家庭五金行,18257093,0.00,170.00,雜項購置或修繕費用,金錢,,,
170,蔡錦賢,107年直轄市議員選舉,首次申報,1071022,雜支支出,統強百貨商行,41090650,0.00,2193.00,雜項購置或修繕費用,金錢,,,
171,蔡錦賢,107年直轄市議員選舉,首次申報,1071022,雜支支出,統強百貨商行,41090650,0.00,2350.00,雜項購置或修繕費用,金錢,,,
172,蔡錦賢,107年直轄市議員選舉,首次申報,1071022,雜支支出,燦坤,53012531,0.00,839.00,雜項購置或修繕費用,金錢,,,
173,蔡錦賢,107年直轄市議員選舉,首次申報,1071022,雜支支出,順鼎水電材料行,78303281,0.00,180.00,雜項購置或修繕費用,金錢,,,
174,蔡錦賢,107年直轄市議員選舉,首次申報,1071023,雜支支出,花卉營業人,01225864,0.00,600.00,雜項購置或修繕費用,金錢,,,
175,蔡錦賢,107年直轄市議員選舉,首次申報,1071023,雜支支出,益聖堂香舖,18456234,0.00,310.00,雜項購置或修繕費用,金錢,,,
176,蔡錦賢,107年直轄市議員選舉,首次申報,1071023,返還支出,萬林工業有限公司,22316593,0.00,20000.00,返還,金錢,新北市淡水區****,,
177,蔡錦賢,107年直轄市議員選舉,首次申報,1071023,雜支支出,三芝淡金小吃店,31501654,0.00,1750.00,餐飲費用,金錢,,,
178,蔡錦賢,107年直轄市議員選舉,首次申報,1071023,雜支支出,三芝淡金小吃店,31501654,0.00,1400.00,餐飲費用,金錢,,,
179,蔡錦賢,107年直轄市議員選舉,首次申報,1071023,雜支支出,漳益號,33754330,0.00,2280.00,雜項購置或修繕費用,金錢,,,
180,蔡錦賢,107年直轄市議員選舉,首次申報,1071023,雜支支出,甲記商行,92882509,0.00,545.00,雜項購置或修繕費用,金錢,,,
181,蔡錦賢,107年直轄市議員選舉,首次申報,1071023,雜支支出,甲記商行,92882509,0.00,150.00,雜項購置或修繕費用,金錢,,,
182,蔡錦賢,107年直轄市議員選舉,首次申報,1071023,雜支支出,玄聖製香行,92909021,0.00,245.00,雜項購置或修繕費用,金錢,,,
183,蔡錦賢,107年直轄市議員選舉,首次申報,1071023,雜支支出,玄聖製香行,92909021,0.00,75.00,雜項購置或修繕費用,金錢,,,
184,蔡錦賢,107年直轄市議員選舉,首次申報,1071023,雜支支出,玄聖製香行,92909021,0.00,550.00,雜項購置或修繕費用,金錢,,,
185,蔡錦賢,107年直轄市議員選舉,首次申報,1071023,宣傳支出,揚德廣告社,95867235,0.00,1500.00,製作宣傳廣告支出,金錢,,,
186,蔡錦賢,107年直轄市議員選舉,首次申報,1071023,宣傳支出,揚德廣告社,95867235,0.00,10000.00,製作宣傳廣告支出,金錢,,,
187,蔡錦賢,107年直轄市議員選舉,首次申報,1071023,宣傳支出,揚德廣告社,95867235,0.00,6500.00,製作宣傳廣告支出,金錢,,,
188,蔡錦賢,107年直轄市議員選舉,首次申報,1071024,宣傳支出,中華郵政,02251777,0.00,504.00,郵寄競選物品或宣傳廣告支出,金錢,,,
189,蔡錦賢,107年直轄市議員選舉,首次申報,1071024,雜支支出,三寶妹燒臘小吃店,26760574,0.00,540.00,餐飲費用,金錢,,,
190,蔡錦賢,107年直轄市議員選舉,首次申報,1071024,雜支支出,漳益號,33754330,0.00,600.00,雜項購置或修繕費用,金錢,,,
191,蔡錦賢,107年直轄市議員選舉,首次申報,1071024,雜支支出,漳益號,33754330,0.00,4860.00,雜項購置或修繕費用,金錢,,,
192,蔡錦賢,107年直轄市議員選舉,首次申報,1071024,雜支支出,淡水第一信用合作社,37098407,0.00,30.00,匯款手續費,金錢,,,
193,蔡錦賢,107年直轄市議員選舉,首次申報,1071024,雜支支出,摩立屋商行,50663658,0.00,149.00,文具用品費用,金錢,,,
194,蔡錦賢,107年直轄市議員選舉,首次申報,1071025,雜支支出,梁記港式燒臘店,09959538,0.00,370.00,餐飲費用,金錢,,,
195,蔡錦賢,107年直轄市議員選舉,首次申報,1071025,宣傳支出,新明志廣告工程有限公司,16417019,0.00,1050.00,製作宣傳廣告支出,金錢,,,
196,蔡錦賢,107年直轄市議員選舉,首次申報,1071025,雜支支出,美倫利業有限公司,22377795,0.00,557.00,背心,金錢,,,
197,蔡錦賢,107年直轄市議員選舉,首次申報,1071025,雜支支出,7-ELEVEN,24813365,0.00,119.00,雜項購置或修繕費用,金錢,,,
198,蔡錦賢,107年直轄市議員選舉,首次申報,1071025,雜支支出,建美商行,33757195,0.00,4635.00,雜項購置或修繕費用,金錢,,,
199,蔡錦賢,107年直轄市議員選舉,首次申報,1071025,雜支支出,淡水第一信用合作社,37098407,0.00,30.00,匯款手續費,金錢,,,
200,蔡錦賢,107年直轄市議員選舉,首次申報,1071025,雜支支出,欣生活商行,41089106,0.00,50.00,文具用品費用,金錢,,,
201,蔡錦賢,107年直轄市議員選舉,首次申報,1071025,雜支支出,摩立屋商行,50663658,0.00,269.00,文具用品費用,金錢,,,
202,蔡錦賢,107年直轄市議員選舉,首次申報,1071025,雜支支出,達迅網通股份有限公司,70367228,0.00,421.00,文具用品費用,金錢,,,
203,蔡錦賢,107年直轄市議員選舉,首次申報,1071025,租用競選辦事處支出,順鼎水電材料行,78303281,0.00,1000.00,裝潢競選辦事處支出,金錢,,,
204,蔡錦賢,107年直轄市議員選舉,首次申報,1071025,租用競選辦事處支出,順鼎水電材料行,78303281,0.00,5000.00,裝潢競選辦事處支出,金錢,,,
205,蔡錦賢,107年直轄市議員選舉,首次申報,1071025,租用競選辦事處支出,世連五金行,90921301,0.00,3000.00,裝潢競選辦事處支出,金錢,,,
206,蔡錦賢,107年直轄市議員選舉,首次申報,1071025,雜支支出,竹圍加油站,96997854,0.00,1521.00,汽機車燃料費用,金錢,,,
207,蔡錦賢,107年直轄市議員選舉,首次申報,1071025,雜支支出,良益行香舖,99409628,0.00,700.00,雜項購置或修繕費用,金錢,,,
208,蔡錦賢,107年直轄市議員選舉,首次申報,1071025,雜支支出,大湖免洗餐具塑膠袋行,99812022,0.00,450.00,雜項購置或修繕費用,金錢,,,
209,蔡錦賢,107年直轄市議員選舉,首次申報,1071027,雜支支出,八里三合發號,,0.00,21000.00,餐飲費用,金錢,新北市八里區****,,
210,蔡錦賢,107年直轄市議員選舉,首次申報,1071027,雜支支出,合昌水果行,02212493,0.00,2600.00,餐飲費用,金錢,,,
211,蔡錦賢,107年直轄市議員選舉,首次申報,1071027,雜支支出,觀生商號,33786179,0.00,2100.00,餐飲費用,金錢,,,
212,蔡錦賢,107年直轄市議員選舉,首次申報,1071028,雜支支出,銓國百貨商品行,19428617,0.00,177.00,雜項購置或修繕費用,金錢,,,
213,蔡錦賢,107年直轄市議員選舉,首次申報,1071028,雜支支出,美倫利業有限公司,22377795,0.00,1114.00,背心,金錢,,,
214,蔡錦賢,107年直轄市議員選舉,首次申報,1071028,雜支支出,三芝淡金小吃店,31501654,0.00,15415.00,餐飲費用,金錢,,,
215,蔡錦賢,107年直轄市議員選舉,首次申報,1071029,雜支支出,台灣中油,14176232,0.00,1429.00,汽機車燃料費用,金錢,,,
216,蔡錦賢,107年直轄市議員選舉,首次申報,1071029,雜支支出,林蓬工程有限公司,16272301,0.00,139790.00,雜項購置或修繕費用,金錢,新北市淡水區****,,
217,蔡錦賢,107年直轄市議員選舉,首次申報,1071030,雜支支出,善心香舖,02229430,0.00,900.00,雜項購置或修繕費用,金錢,,,
218,蔡錦賢,107年直轄市議員選舉,首次申報,1071030,雜支支出,梁記港式燒臘店,09959538,0.00,550.00,餐飲費用,金錢,,,
219,蔡錦賢,107年直轄市議員選舉,首次申報,1071030,雜支支出,智同企業有限公司,12752928,0.00,10800.00,雜項購置或修繕費用,金錢,,,
220,蔡錦賢,107年直轄市議員選舉,首次申報,1071030,雜支支出,Costco,24794037,0.00,2796.00,餐飲費用,金錢,,,
221,蔡錦賢,107年直轄市議員選舉,首次申報,1071030,雜支支出,淡水第一信用合作社,37098407,0.00,30.00,匯款手續費,金錢,,,
222,蔡錦賢,107年直轄市議員選舉,首次申報,1071030,雜支支出,淡水第一信用合作社,37098407,0.00,30.00,匯款手續費,金錢,,,
223,蔡錦賢,107年直轄市議員選舉,首次申報,1071030,雜支支出,達迅網通股份有限公司,70367228,0.00,1134.00,文具用品費用,金錢,,,
224,蔡錦賢,107年直轄市議員選舉,首次申報,1071030,雜支支出,八里東湖桌椅碗盤店,72694803,0.00,3700.00,雜項購置或修繕費用,金錢,,,
225,蔡錦賢,107年直轄市議員選舉,首次申報,1071030,雜支支出,大湖免洗餐具塑膠袋行,99812022,0.00,900.00,雜項購置或修繕費用,金錢,,,
226,蔡錦賢,107年直轄市議員選舉,首次申報,1071031,宣傳支出,中華郵政,02251777,0.00,240.00,郵寄競選物品或宣傳廣告支出,金錢,,,
227,蔡錦賢,107年直轄市議員選舉,首次申報,1071031,雜支支出,淡水青果行,02256484,0.00,16384.00,餐飲費用,金錢,,,
228,蔡錦賢,107年直轄市議員選舉,首次申報,1071031,雜支支出,三芝淡金小吃店,31501654,0.00,7830.00,餐飲費用,金錢,,,
229,蔡錦賢,107年直轄市議員選舉,首次申報,1071031,雜支支出,集馨村港式燒腊,92889600,0.00,5220.00,餐飲費用,金錢,,,
230,蔡錦賢,107年直轄市議員選舉,首次申報,1071101,宣傳支出,利欣企業社,02133575,0.00,6825.00,製作競選物品支出  旗座,金錢,,,
231,蔡錦賢,107年直轄市議員選舉,首次申報,1071101,雜支支出,淡水第一信用合作社,37098407,0.00,30.00,匯款手續費,金錢,,,
232,蔡錦賢,107年直轄市議員選舉,首次申報,1071101,集會支出,遠東會場佈置企業社,66981341,0.00,224500.00,租用設備支出,金錢,新北市新莊區****,,
233,蔡錦賢,107年直轄市議員選舉,首次申報,1071101,雜支支出,金寶興五金行,73795499,0.00,1800.00,雜項購置或修繕費用,金錢,,,
234,蔡錦賢,107年直轄市議員選舉,首次申報,1071101,雜支支出,中華電信股份有限公司,81691784,0.00,4531.00,電信費用,金錢,,,
235,蔡錦賢,107年直轄市議員選舉,首次申報,1071102,宣傳支出,中華郵政,02251777,0.00,84.00,郵寄競選物品或宣傳廣告支出,金錢,,,
236,蔡錦賢,107年直轄市議員選舉,首次申報,1071102,雜支支出,國泰人壽保險股份有限公司,03374707,0.00,5656.00,團保保險費,金錢,,,
237,蔡錦賢,107年直轄市議員選舉,首次申報,1071102,雜支支出,台灣中油,14176232,0.00,110.00,汽機車燃料費用,金錢,,,
238,蔡錦賢,107年直轄市議員選舉,首次申報,1071102,人事費用支出,賴麒方,C22*******,0.00,15000.00,工資或薪津,金錢,新北市石門區****,,
239,蔡錦賢,107年直轄市議員選舉,首次申報,1071103,雜支支出,八里三合發號,,0.00,17000.00,餐飲費用,金錢,新北市八里區****,,
240,蔡錦賢,107年直轄市議員選舉,首次申報,1071103,雜支支出,台灣中油,14176232,0.00,1534.00,汽機車燃料費用,金錢,,,
241,蔡錦賢,107年直轄市議員選舉,首次申報,1071103,雜支支出,好適書店,37867222,0.00,100.00,文具用品費用,金錢,,,
242,蔡錦賢,107年直轄市議員選舉,首次申報,1071103,雜支支出,阿鎮大師辦桌,37979887,0.00,248370.00,餐飲費用,金錢,新北市淡水區****,,
243,蔡錦賢,107年直轄市議員選舉,首次申報,1071103,雜支支出,摩立屋商行,50663658,0.00,98.00,文具用品費用,金錢,,,
244,蔡錦賢,107年直轄市議員選舉,首次申報,1071104,雜支支出,全國電子股份有限公司,24788627,0.00,2988.00,雜項購置或修繕費用,金錢,,,
245,蔡錦賢,107年直轄市議員選舉,首次申報,1071104,雜支支出,領鮮親親菜菜商行,82202807,0.00,92566.00,餐飲費用,金錢,新北市八里區****,,
246,蔡錦賢,107年直轄市議員選舉,首次申報,1071105,宣傳支出,順易利實業有限公司,16734752,0.00,80000.00,製作競選物品支出  口罩,金錢,臺北市大安區****,,
247,蔡錦賢,107年直轄市議員選舉,首次申報,1071105,雜支支出,美倫利業有限公司,22377795,0.00,1114.00,背心,金錢,,,
248,蔡錦賢,107年直轄市議員選舉,首次申報,1071105,集會支出,晟雄工程有限公司,27411809,0.00,7350.00,租用設備支出,金錢,,,
249,蔡錦賢,107年直轄市議員選舉,首次申報,1071105,雜支支出,頂好,28412783,0.00,1033.00,雜項購置或修繕費用,金錢,,,
250,蔡錦賢,107年直轄市議員選舉,首次申報,1071105,雜支支出,瑞生文具行,37509725,0.00,250.00,文具用品費用,金錢,,,
251,蔡錦賢,107年直轄市議員選舉,首次申報,1071106,雜支支出,台灣中油,14176232,0.00,1477.00,汽機車燃料費用,金錢,,,
252,蔡錦賢,107年直轄市議員選舉,首次申報,1071106,宣傳支出,捷盛印務有限公司,27828931,0.00,673050.00,製作宣傳廣告支出,金錢,新北市新莊區****,,
253,蔡錦賢,107年直轄市議員選舉,首次申報,1071106,雜支支出,益群食品行,33799821,0.00,550.00,餐飲費用,金錢,,,
254,蔡錦賢,107年直轄市議員選舉,首次申報,1071106,雜支支出,振利企業社,50663221,0.00,14500.00,雜項購置或修繕費用,金錢,,,
255,蔡錦賢,107年直轄市議員選舉,首次申報,1071106,雜支支出,摩立屋商行,50663658,0.00,77.00,文具用品費用,金錢,,,
256,蔡錦賢,107年直轄市議員選舉,首次申報,1071106,雜支支出,紅樹林有線電視,96971616,0.00,1299.00,網際網路費用,金錢,,,
257,蔡錦賢,107年直轄市議員選舉,首次申報,1071106,租用宣傳車輛支出,朱春忠,F10*******,0.00,52500.00,租用宣傳車輛支出,金錢,新北市石門區****,,
258,蔡錦賢,107年直轄市議員選舉,首次申報,1071107,宣傳支出,中華郵政,02251777,0.00,165.00,郵寄競選物品或宣傳廣告支出,金錢,,,
259,蔡錦賢,107年直轄市議員選舉,首次申報,1071107,雜支支出,阿田通信工程有限公司,86794768,0.00,3990.00,雜項購置或修繕費用,金錢,,,
260,蔡錦賢,107年直轄市議員選舉,首次申報,1071108,雜支支出,花卉營業人,01226272,0.00,1235.00,雜項購置或修繕費用,金錢,,,
261,蔡錦賢,107年直轄市議員選舉,首次申報,1071108,雜支支出,益聖堂香舖,18456234,0.00,300.00,雜項購置或修繕費用,金錢,,,
262,蔡錦賢,107年直轄市議員選舉,首次申報,1071108,雜支支出,三寶妹燒臘小吃店,26760574,0.00,615.00,餐飲費用,金錢,,,
263,蔡錦賢,107年直轄市議員選舉,首次申報,1071109,宣傳支出,中華郵政,02251777,0.00,28.00,郵寄競選物品或宣傳廣告支出,金錢,,,
264,蔡錦賢,107年直轄市議員選舉,首次申報,1071109,雜支支出,淡水青果行,02256484,0.00,320.00,餐飲費用,金錢,,,
265,蔡錦賢,107年直轄市議員選舉,首次申報,1071109,雜支支出,八里香家庭五金行,18257093,0.00,1380.00,雜項購置或修繕費用,金錢,,,
266,蔡錦賢,107年直轄市議員選舉,首次申報,1071109,雜支支出,全國電子股份有限公司,22006252,0.00,1990.00,雜項購置或修繕費用,金錢,,,
267,蔡錦賢,107年直轄市議員選舉,首次申報,1071109,雜支支出,景碩小吃店,30305134,0.00,6670.00,餐飲費用,金錢,,,
268,蔡錦賢,107年直轄市議員選舉,首次申報,1071109,雜支支出,金寶興五金行,73795499,0.00,1350.00,雜項購置或修繕費用,金錢,,,
269,蔡錦賢,107年直轄市議員選舉,首次申報,1071110,雜支支出,八里三合發號,,0.00,19500.00,餐飲費用,金錢,新北市八里區****,,
270,蔡錦賢,107年直轄市議員選舉,首次申報,1071110,雜支支出,武雄油飯店,21525360,0.00,4200.00,餐飲費用,金錢,,,
271,蔡錦賢,107年直轄市議員選舉,首次申報,1071110,雜支支出,建美商行,33757195,0.00,5347.00,雜項購置或修繕費用,金錢,,,
272,蔡錦賢,107年直轄市議員選舉,首次申報,1071110,雜支支出,台灣中油,33767996,0.00,700.00,汽機車燃料費用,金錢,,,
273,蔡錦賢,107年直轄市議員選舉,首次申報,1071110,雜支支出,鑫儀企業社,72857313,0.00,2800.00,餐飲費用,金錢,,,
274,蔡錦賢,107年直轄市議員選舉,首次申報,1071110,雜支支出,金寶興五金行,73795499,0.00,1200.00,雜項購置或修繕費用,金錢,,,
275,蔡錦賢,107年直轄市議員選舉,首次申報,1071110,雜支支出,芝鄉園餐廳,87782467,0.00,24500.00,餐飲費用,金錢,,,
276,蔡錦賢,107年直轄市議員選舉,首次申報,1071110,雜支支出,大湖免洗餐具塑膠袋行,99812022,0.00,900.00,雜項購置或修繕費用,金錢,,,
277,蔡錦賢,107年直轄市議員選舉,首次申報,1071111,雜支支出,台灣中油,14176232,0.00,1000.00,汽機車燃料費用,金錢,,,
278,蔡錦賢,107年直轄市議員選舉,首次申報,1071111,宣傳支出,微笑廣告企業社,37915202,0.00,914520.00,製作宣傳廣告支出,金錢,新北市淡水區****,,
279,蔡錦賢,107年直轄市議員選舉,首次申報,1071111,人事費用支出,陳滇隆,A12*******,0.00,1200.00,工資或薪津,金錢,新北市淡水區****,,
280,蔡錦賢,107年直轄市議員選舉,首次申報,1071111,人事費用支出,陳建宇,A12*******,0.00,1750.00,工資或薪津,金錢,新北市淡水區****,,
281,蔡錦賢,107年直轄市議員選舉,首次申報,1071111,人事費用支出,傅秋美,A22*******,0.00,18710.00,工資或薪津,金錢,新北市淡水區****,,
282,蔡錦賢,107年直轄市議員選舉,首次申報,1071111,人事費用支出,王聰銘,F10*******,0.00,35000.00,工資或薪津,金錢,新北市淡水區****,,
283,蔡錦賢,107年直轄市議員選舉,首次申報,1071111,人事費用支出,盧進旺,F12*******,0.00,35000.00,工資或薪津,金錢,新北市淡水區****,,
284,蔡錦賢,107年直轄市議員選舉,首次申報,1071111,人事費用支出,黃鋐竣,F12*******,0.00,2450.00,工資或薪津,金錢,新北市淡水區****,,
285,蔡錦賢,107年直轄市議員選舉,首次申報,1071111,人事費用支出,葉美麗,F22*******,0.00,6290.00,工資或薪津,金錢,新北市三芝區****,,
286,蔡錦賢,107年直轄市議員選舉,首次申報,1071111,人事費用支出,李麗香,F22*******,0.00,3640.00,工資或薪津,金錢,新北市淡水區****,,
287,蔡錦賢,107年直轄市議員選舉,首次申報,1071111,人事費用支出,高瑜鎂,F22*******,0.00,19570.00,工資或薪津,金錢,新北市淡水區****,,
288,蔡錦賢,107年直轄市議員選舉,首次申報,1071111,人事費用支出,王寶絹,F22*******,0.00,11350.00,工資或薪津,金錢,臺北市北投區****,,
289,蔡錦賢,107年直轄市議員選舉,首次申報,1071111,人事費用支出,林素屘,G22*******,0.00,4335.00,工資或薪津,金錢,新北市淡水區****,,
290,蔡錦賢,107年直轄市議員選舉,首次申報,1071111,人事費用支出,陳美玲,Y22*******,0.00,6300.00,工資或薪津,金錢,新北市淡水區****,,
291,蔡錦賢,107年直轄市議員選舉,首次申報,1071112,宣傳支出,利欣企業社,02133575,0.00,3413.00,製作競選物品支出  旗座,金錢,,,
292,蔡錦賢,107年直轄市議員選舉,首次申報,1071112,雜支支出,台灣中油,14176232,0.00,1568.00,汽機車燃料費用,金錢,,,
293,蔡錦賢,107年直轄市議員選舉,首次申報,1071112,宣傳支出,順易利實業有限公司,16734752,0.00,32000.00,製作競選物品支出  口罩,金錢,臺北市大安區****,,
294,蔡錦賢,107年直轄市議員選舉,首次申報,1071112,雜支支出,全國電子股份有限公司,22006252,0.00,1990.00,雜項購置或修繕費用,金錢,,,
295,蔡錦賢,107年直轄市議員選舉,首次申報,1071113,宣傳支出,利欣企業社,02251777,0.00,28.00,郵寄競選物品或宣傳廣告支出,金錢,,,
296,蔡錦賢,107年直轄市議員選舉,首次申報,1071113,雜支支出,頂好,28412783,0.00,1462.00,雜項購置或修繕費用,金錢,,,
297,蔡錦賢,107年直轄市議員選舉,首次申報,1071113,雜支支出,淡水第一信用合作社,37098407,0.00,30.00,匯款手續費,金錢,,,
298,蔡錦賢,107年直轄市議員選舉,首次申報,1071113,雜支支出,盈泰商行,67781969,0.00,1700.00,雜項購置或修繕費用,金錢,,,
299,蔡錦賢,107年直轄市議員選舉,首次申報,1071114,雜支支出,梁記港式燒臘店,09959538,0.00,495.00,餐飲費用,金錢,,,
300,蔡錦賢,107年直轄市議員選舉,首次申報,1071114,雜支支出,美康健保藥局,27465473,0.00,160.00,雜項購置或修繕費用,金錢,,,
301,蔡錦賢,107年直轄市議員選舉,首次申報,1071114,雜支支出,淡水第一信用合作社,37098407,0.00,30.00,匯款手續費,金錢,,,
302,蔡錦賢,107年直轄市議員選舉,首次申報,1071114,雜支支出,淡水第一信用合作社,37098407,0.00,30.00,匯款手續費,金錢,,,
303,蔡錦賢,107年直轄市議員選舉,首次申報,1071115,雜支支出,台灣中油,01391309,0.00,1604.00,汽機車燃料費用,金錢,,,
304,蔡錦賢,107年直轄市議員選舉,首次申報,1071115,宣傳支出,中華郵政,02251777,0.00,28.00,郵寄競選物品或宣傳廣告支出,金錢,,,
305,蔡錦賢,107年直轄市議員選舉,首次申報,1071115,雜支支出,台灣中油,14176232,0.00,1000.00,汽機車燃料費用,金錢,,,
306,蔡錦賢,107年直轄市議員選舉,首次申報,1071115,雜支支出,奇展西點麵包店,20479542,0.00,647.00,餐飲費用,金錢,,,
307,蔡錦賢,107年直轄市議員選舉,首次申報,1071115,宣傳支出,簡訊王數位媒體有限公司,28321094,0.00,22818.00,播送、傳送或刊登宣傳廣告支出,金錢,,,
308,蔡錦賢,107年直轄市議員選舉,首次申報,1071115,雜支支出,台灣電力公司,34096996,0.00,3254.00,水電瓦斯費用,金錢,,,
309,蔡錦賢,107年直轄市議員選舉,首次申報,1071115,雜支支出,淡水第一信用合作社,37098407,0.00,30.00,匯款手續費,金錢,,,
310,蔡錦賢,107年直轄市議員選舉,首次申報,1071115,雜支支出,影業達事業股份有限公司,96909986,0.00,3780.00,雜項購置或修繕費用,金錢,,,
311,蔡錦賢,107年直轄市議員選舉,首次申報,1071116,雜支支出,台灣中油,14176232,0.00,585.00,汽機車燃料費用,金錢,,,
312,蔡錦賢,107年直轄市議員選舉,首次申報,1071116,雜支支出,台灣中油,14176232,0.00,1000.00,汽機車燃料費用,金錢,,,
313,蔡錦賢,107年直轄市議員選舉,首次申報,1071116,雜支支出,台灣中油,14176232,0.00,1534.00,汽機車燃料費用,金錢,,,
314,蔡錦賢,107年直轄市議員選舉,首次申報,1071116,雜支支出,台灣中油,14176232,0.00,980.00,汽機車燃料費用,金錢,,,
315,蔡錦賢,107年直轄市議員選舉,首次申報,1071116,雜支支出,淡水第一信用合作社,37098407,0.00,30.00,匯款手續費,金錢,,,
316,蔡錦賢,107年直轄市議員選舉,首次申報,1071116,雜支支出,淡水第一信用合作社,37098407,0.00,30.00,匯款手續費,金錢,,,
317,蔡錦賢,107年直轄市議員選舉,首次申報,1071116,雜支支出,集馨村港式燒腊,92889600,0.00,6280.00,餐飲費用,金錢,,,
318,蔡錦賢,107年直轄市議員選舉,首次申報,1071117,雜支支出,八里三合發號,,0.00,16000.00,餐飲費用,金錢,新北市八里區****,,
319,蔡錦賢,107年直轄市議員選舉,首次申報,1071117,雜支支出,景碩小吃店,30305134,0.00,5430.00,餐飲費用,金錢,,,
320,蔡錦賢,107年直轄市議員選舉,首次申報,1071117,雜支支出,集馨村港式燒腊,92889600,0.00,19200.00,餐飲費用,金錢,,,
321,蔡錦賢,107年直轄市議員選舉,首次申報,1071118,雜支支出,台灣中油,14176232,0.00,785.00,汽機車燃料費用,金錢,,,
322,蔡錦賢,107年直轄市議員選舉,首次申報,1071118,雜支支出,台亞石油,14508627,0.00,700.00,汽機車燃料費用,金錢,,,
323,蔡錦賢,107年直轄市議員選舉,首次申報,1071118,雜支支出,福興行,19443011,0.00,1200.00,雜項購置或修繕費用,金錢,,,
324,蔡錦賢,107年直轄市議員選舉,首次申報,1071118,雜支支出,益群食品行,33799821,0.00,820.00,雜項購置或修繕費用,金錢,,,
325,蔡錦賢,107年直轄市議員選舉,首次申報,1071118,雜支支出,竹圍加油站,96997854,0.00,1110.00,汽機車燃料費用,金錢,,,
326,蔡錦賢,107年直轄市議員選舉,首次申報,1071119,雜支支出,品超餅店,02260473,0.00,1800.00,餐飲費用,金錢,,,
327,蔡錦賢,107年直轄市議員選舉,首次申報,1071119,雜支支出,台灣中油,14176232,0.00,675.00,汽機車燃料費用,金錢,,,
328,蔡錦賢,107年直轄市議員選舉,首次申報,1071119,宣傳支出,安鼎國際廣告有限公司,27644899,0.00,210000.00,製作宣傳廣告支出,金錢,新北市土城區****,,
329,蔡錦賢,107年直轄市議員選舉,首次申報,1071119,宣傳支出,光丞廣告有限公司,28860043,0.00,52290.00,製作宣傳廣告支出,金錢,新北市三芝區****,,
330,蔡錦賢,107年直轄市議員選舉,首次申報,1071119,雜支支出,傳家商行,74945192,0.00,850.00,餐飲費用,金錢,,,
331,蔡錦賢,107年直轄市議員選舉,首次申報,1071120,雜支支出,全國加油站,34898089,0.00,1000.00,汽機車燃料費用,金錢,,,
332,蔡錦賢,107年直轄市議員選舉,首次申報,1071120,租用競選辦事處支出,萬鎧工程行,41097513,0.00,29400.00,裝潢競選辦事處支出,金錢,,,
333,蔡錦賢,107年直轄市議員選舉,首次申報,1071120,人事費用支出,藝想天開創意文化有限公司,53186785,0.00,70000.00,其他因工作酬勞之給付,金錢,新北市淡水區****,,
334,蔡錦賢,107年直轄市議員選舉,首次申報,1071120,集會支出,潔星環保有限公司,53201809,0.00,11550.00,租用設備支出,金錢,臺北市中山區****,,
335,蔡錦賢,107年直轄市議員選舉,首次申報,1071120,集會支出,潔星環保有限公司,53201809,0.00,5250.00,租用設備支出,金錢,,,
336,蔡錦賢,107年直轄市議員選舉,首次申報,1071120,宣傳支出,千勝紙品有限公司,86866657,0.00,1600.00,製作宣傳廣告支出,金錢,,,
337,蔡錦賢,107年直轄市議員選舉,首次申報,1071120,人事費用支出,陳建宇,A12*******,0.00,700.00,工資或薪津,金錢,新北市淡水區****,,
338,蔡錦賢,107年直轄市議員選舉,首次申報,1071120,人事費用支出,傅秋美,A22*******,0.00,2025.00,工資或薪津,金錢,新北市淡水區****,,
339,蔡錦賢,107年直轄市議員選舉,首次申報,1071120,人事費用支出,吳金龍,B12*******,0.00,35000.00,工資或薪津,金錢,新北市淡水區****,,
340,蔡錦賢,107年直轄市議員選舉,首次申報,1071120,人事費用支出,郭蕙慈,C22*******,0.00,4410.00,工資或薪津,金錢,新北市淡水區****,,
341,蔡錦賢,107年直轄市議員選舉,首次申報,1071120,人事費用支出,王聰銘,F10*******,0.00,35000.00,工資或薪津,金錢,新北市淡水區****,,
342,蔡錦賢,107年直轄市議員選舉,首次申報,1071120,人事費用支出,王聰銘,F10*******,0.00,38500.00,工資或薪津,金錢,新北市淡水區****,,
343,蔡錦賢,107年直轄市議員選舉,首次申報,1071120,人事費用支出,盧進旺,F12*******,0.00,38500.00,工資或薪津,金錢,新北市淡水區****,,
344,蔡錦賢,107年直轄市議員選舉,首次申報,1071120,人事費用支出,謝瑋恩,F12*******,0.00,35000.00,工資或薪津,金錢,新北市淡水區****,,
345,蔡錦賢,107年直轄市議員選舉,首次申報,1071120,人事費用支出,盧進旺,F12*******,0.00,35000.00,工資或薪津,金錢,新北市淡水區****,,
346,蔡錦賢,107年直轄市議員選舉,首次申報,1071120,人事費用支出,高瑜鎂,F22*******,0.00,6750.00,工資或薪津,金錢,新北市淡水區****,,
347,蔡錦賢,107年直轄市議員選舉,首次申報,1071120,人事費用支出,王寶絹,F22*******,0.00,5475.00,工資或薪津,金錢,臺北市北投區****,,
348,蔡錦賢,107年直轄市議員選舉,首次申報,1071120,人事費用支出,林怡萱,F22*******,0.00,30000.00,工資或薪津,金錢,新北市淡水區****,,
349,蔡錦賢,107年直轄市議員選舉,首次申報,1071120,人事費用支出,葉美麗,F22*******,0.00,1800.00,工資或薪津,金錢,新北市三芝區****,,
350,蔡錦賢,107年直轄市議員選舉,首次申報,1071120,人事費用支出,陳美玲,Y22*******,0.00,1680.00,工資或薪津,金錢,新北市淡水區****,,
351,蔡錦賢,107年直轄市議員選舉,首次申報,1071121,宣傳支出,中華郵政,02251777,0.00,168.00,郵寄競選物品或宣傳廣告支出,金錢,,,
352,蔡錦賢,107年直轄市議員選舉,首次申報,1071121,雜支支出,梁記港式燒臘店,09959538,0.00,700.00,餐飲費用,金錢,,,
353,蔡錦賢,107年直轄市議員選舉,首次申報,1071121,雜支支出,台灣中油,14176232,0.00,1236.00,汽機車燃料費用,金錢,,,
354,蔡錦賢,107年直轄市議員選舉,首次申報,1071121,雜支支出,八里三和糧商行,18257214,0.00,1185.00,餐飲費用,金錢,,,
355,蔡錦賢,107年直轄市議員選舉,首次申報,1071121,雜支支出,福興行,19443011,0.00,1050.00,雜項購置或修繕費用,金錢,,,
356,蔡錦賢,107年直轄市議員選舉,首次申報,1071121,宣傳支出,捷盛印務有限公司,27828931,0.00,58800.00,製作宣傳廣告支出,金錢,新北市新莊區****,,
357,蔡錦賢,107年直轄市議員選舉,首次申報,1071121,雜支支出,玄旺佛具行,30285926,0.00,415.00,雜項購置或修繕費用,金錢,,,
358,蔡錦賢,107年直轄市議員選舉,首次申報,1071121,雜支支出,東來加油站,70607867,0.00,425.00,汽機車燃料費用,金錢,,,
359,蔡錦賢,107年直轄市議員選舉,首次申報,1071122,雜支支出,花卉營業人,01225864,0.00,1400.00,餐飲費用,金錢,,,
360,蔡錦賢,107年直轄市議員選舉,首次申報,1071122,租用競選辦事處支出,罄輝行,08728433,0.00,10500.00,裝潢競選辦事處支出,金錢,新北市淡水區****,,
361,蔡錦賢,107年直轄市議員選舉,首次申報,1071122,雜支支出,台灣中油,14176232,0.00,1621.00,汽機車燃料費用,金錢,,,
362,蔡錦賢,107年直轄市議員選舉,首次申報,1071122,雜支支出,林蓬工程有限公司,16272301,0.00,17500.00,雜項購置或修繕費用,金錢,,,
363,蔡錦賢,107年直轄市議員選舉,首次申報,1071122,雜支支出,益聖堂香舖,18456234,0.00,600.00,雜項購置或修繕費用,金錢,,,
364,蔡錦賢,107年直轄市議員選舉,首次申報,1071122,雜支支出,三芝淡金小吃店,31501654,0.00,5905.00,餐飲費用,金錢,,,
365,蔡錦賢,107年直轄市議員選舉,首次申報,1071122,雜支支出,興生活商行,42255567,0.00,480.00,雜項購置或修繕費用,金錢,,,
366,蔡錦賢,107年直轄市議員選舉,首次申報,1071122,租用競選辦事處支出,吉利達搭建行,49957732,0.00,69300.00,裝潢競選辦事處支出,金錢,新北市八里區****,,
367,蔡錦賢,107年直轄市議員選舉,首次申報,1071122,租用競選辦事處支出,吉利達搭建行,49957732,0.00,10500.00,裝潢競選辦事處支出,金錢,新北市八里區****,,
368,蔡錦賢,107年直轄市議員選舉,首次申報,1071122,雜支支出,阿田通信工程有限公司,86794768,0.00,13650.00,雜項購置或修繕費用,金錢,新北市淡水區****,,
369,蔡錦賢,107年直轄市議員選舉,首次申報,1071122,雜支支出,良益行香舖,99409628,0.00,2230.00,雜項購置或修繕費用,金錢,,,
370,蔡錦賢,107年直轄市議員選舉,首次申報,1071123,雜支支出,淡水青果行,02256484,0.00,20024.00,餐飲費用,金錢,,,
371,蔡錦賢,107年直轄市議員選舉,首次申報,1071123,雜支支出,台灣中油,14176232,0.00,374.00,汽機車燃料費用,金錢,,,
372,蔡錦賢,107年直轄市議員選舉,首次申報,1071123,雜支支出,武傑企業有限公司,33778488,0.00,3379.00,雜項購置或修繕費用,金錢,,,
373,蔡錦賢,107年直轄市議員選舉,首次申報,1071123,集會支出,遠東會場佈置企業社,66981341,0.00,75000.00,租用設備支出,金錢,新北市新莊區****,,
374,蔡錦賢,107年直轄市議員選舉,首次申報,1071123,雜支支出,瑞錡影印社,99785741,0.00,150.00,文具用品費用,金錢,,,
375,蔡錦賢,107年直轄市議員選舉,首次申報,1071124,雜支支出,八里三合發號,,0.00,18000.00,餐飲費用,金錢,新北市八里區****,,
376,蔡錦賢,107年直轄市議員選舉,首次申報,1071124,集會支出,鼎壹音響有限公司,28552995,0.00,150000.00,租用設備支出,金錢,新北市淡水區****,,
377,蔡錦賢,107年直轄市議員選舉,首次申報,1071124,集會支出,鼎壹音響有限公司,28552995,0.00,6000.00,租用設備支出,金錢,新北市淡水區****,,
378,蔡錦賢,107年直轄市議員選舉,首次申報,1071124,雜支支出,景碩小吃店,30305134,0.00,12650.00,餐飲費用,金錢,,,
379,蔡錦賢,107年直轄市議員選舉,首次申報,1071124,雜支支出,蔡家肉粽,41371531,0.00,75000.00,餐飲費用,金錢,新北市石門區****,,
380,蔡錦賢,107年直轄市議員選舉,首次申報,1071124,雜支支出,領鮮親親菜菜商行,82202807,0.00,88200.00,餐飲費用,金錢,新北市八里區****,,
381,蔡錦賢,107年直轄市議員選舉,首次申報,1071124,雜支支出,芝鄉園,87782467,0.00,34300.00,餐飲費用,金錢,新北市三芝區****,,
382,蔡錦賢,107年直轄市議員選舉,首次申報,1071124,雜支支出,集馨村港式燒腊,92889600,0.00,4580.00,餐飲費用,金錢,,,
383,蔡錦賢,107年直轄市議員選舉,首次申報,1071124,雜支支出,集馨村港式燒腊,92889600,0.00,800.00,餐飲費用,金錢,,,
384,蔡錦賢,107年直轄市議員選舉,首次申報,1071124,人事費用支出,陳滇隆,A12*******,0.00,1360.00,工資或薪津,金錢,新北市淡水區****,,
385,蔡錦賢,107年直轄市議員選舉,首次申報,1071124,人事費用支出,陳建宇,A12*******,0.00,7675.00,工資或薪津,金錢,新北市淡水區****,,
386,蔡錦賢,107年直轄市議員選舉,首次申報,1071124,人事費用支出,傅秋美,A22*******,0.00,13955.00,工資或薪津,金錢,新北市淡水區****,,
387,蔡錦賢,107年直轄市議員選舉,首次申報,1071124,人事費用支出,潘淑婉,A22*******,0.00,2800.00,工資或薪津,金錢,新北市八里區****,,
388,蔡錦賢,107年直轄市議員選舉,首次申報,1071124,人事費用支出,陳玟卉,A22*******,0.00,700.00,工資或薪津,金錢,新北市淡水區****,,
389,蔡錦賢,107年直轄市議員選舉,首次申報,1071124,人事費用支出,吳金龍,B12*******,0.00,35000.00,工資或薪津,金錢,新北市淡水區****,,
390,蔡錦賢,107年直轄市議員選舉,首次申報,1071124,人事費用支出,吳李素禎,C20*******,0.00,840.00,工資或薪津,金錢,新北市八里區****,,
391,蔡錦賢,107年直轄市議員選舉,首次申報,1071124,人事費用支出,謝佩妤,D22*******,0.00,980.00,工資或薪津,金錢,新北市淡水區****,,
392,蔡錦賢,107年直轄市議員選舉,首次申報,1071124,租用宣傳車輛支出,朱春忠,F10*******,0.00,80500.00,租用宣傳車輛支出,金錢,新北市石門區****,,
393,蔡錦賢,107年直轄市議員選舉,首次申報,1071124,人事費用支出,王聰銘,F10*******,0.00,45500.00,工資或薪津,金錢,新北市淡水區****,,
394,蔡錦賢,107年直轄市議員選舉,首次申報,1071124,人事費用支出,盧進旺,F12*******,0.00,45500.00,工資或薪津,金錢,新北市淡水區****,,
395,蔡錦賢,107年直轄市議員選舉,首次申報,1071124,人事費用支出,謝瑋恩,F12*******,0.00,35000.00,工資或薪津,金錢,新北市淡水區****,,
396,蔡錦賢,107年直轄市議員選舉,首次申報,1071124,租用宣傳車輛支出,林志雄,F12*******,0.00,126000.00,租用宣傳車輛支出,金錢,新北市八里區****,,
397,蔡錦賢,107年直轄市議員選舉,首次申報,1071124,人事費用支出,黃鋐竣,F12*******,0.00,8870.00,工資或薪津,金錢,新北市淡水區****,,
398,蔡錦賢,107年直轄市議員選舉,首次申報,1071124,人事費用支出,張勝凱,F12*******,0.00,4760.00,工資或薪津,金錢,新北市八里區****,,
399,蔡錦賢,107年直轄市議員選舉,首次申報,1071124,人事費用支出,鄭志恆,F12*******,0.00,10640.00,工資或薪津,金錢,新北市三芝區****,,
400,蔡錦賢,107年直轄市議員選舉,首次申報,1071124,人事費用支出,陽昭子,F20*******,0.00,1820.00,工資或薪津,金錢,新北市八里區****,,
401,蔡錦賢,107年直轄市議員選舉,首次申報,1071124,人事費用支出,蔡碧月,F20*******,0.00,840.00,工資或薪津,金錢,新北市八里區****,,
402,蔡錦賢,107年直轄市議員選舉,首次申報,1071124,人事費用支出,蔡秀春,F20*******,0.00,280.00,工資或薪津,金錢,新北市八里區****,,
403,蔡錦賢,107年直轄市議員選舉,首次申報,1071124,人事費用支出,陳安,F22*******,0.00,45000.00,工資或薪津,金錢,新北市八里區****,,
404,蔡錦賢,107年直轄市議員選舉,首次申報,1071124,人事費用支出,潘玉琴,F22*******,0.00,60000.00,工資或薪津,金錢,新北市淡水區****,,
405,蔡錦賢,107年直轄市議員選舉,首次申報,1071124,人事費用支出,吳秋容,F22*******,0.00,10640.00,工資或薪津,金錢,新北市三芝區****,,
406,蔡錦賢,107年直轄市議員選舉,首次申報,1071124,人事費用支出,練玉汝,F22*******,0.00,10640.00,工資或薪津,金錢,新北市三芝區****,,
407,蔡錦賢,107年直轄市議員選舉,首次申報,1071124,人事費用支出,葉美麗,F22*******,0.00,10545.00,工資或薪津,金錢,新北市三芝區****,,
408,蔡錦賢,107年直轄市議員選舉,首次申報,1071124,人事費用支出,李麗香,F22*******,0.00,10150.00,工資或薪津,金錢,新北市淡水區****,,
409,蔡錦賢,107年直轄市議員選舉,首次申報,1071124,人事費用支出,洪淑惠,F22*******,0.00,8120.00,工資或薪津,金錢,新北市三芝區****,,
410,蔡錦賢,107年直轄市議員選舉,首次申報,1071124,人事費用支出,江美雲,F22*******,0.00,4200.00,工資或薪津,金錢,新北市三芝區****,,
411,蔡錦賢,107年直轄市議員選舉,首次申報,1071124,人事費用支出,高瑜鎂,F22*******,0.00,15685.00,工資或薪津,金錢,新北市淡水區****,,
412,蔡錦賢,107年直轄市議員選舉,首次申報,1071124,租用宣傳車輛支出,藍恆心,F22*******,0.00,133000.00,租用宣傳車輛支出,金錢,新北市三芝區****,,
413,蔡錦賢,107年直轄市議員選舉,首次申報,1071124,人事費用支出,王寶絹,F22*******,0.00,14080.00,工資或薪津,金錢,臺北市北投區****,,
414,蔡錦賢,107年直轄市議員選舉,首次申報,1071124,人事費用支出,林怡萱,F22*******,0.00,30000.00,工資或薪津,金錢,新北市淡水區****,,
415,蔡錦賢,107年直轄市議員選舉,首次申報,1071124,人事費用支出,蔡碧妮,F29*******,0.00,840.00,工資或薪津,金錢,新北市八里區****,,
416,蔡錦賢,107年直轄市議員選舉,首次申報,1071124,人事費用支出,林素屘,G22*******,0.00,9140.00,工資或薪津,金錢,新北市淡水區****,,
417,蔡錦賢,107年直轄市議員選舉,首次申報,1071124,人事費用支出,楊惠玲,H22*******,0.00,4700.00,工資或薪津,金錢,新北市淡水區****,,
418,蔡錦賢,107年直轄市議員選舉,首次申報,1071124,人事費用支出,王金美,K22*******,0.00,2800.00,工資或薪津,金錢,新北市八里區****,,
419,蔡錦賢,107年直轄市議員選舉,首次申報,1071124,人事費用支出,吳智元,L12*******,0.00,700.00,工資或薪津,金錢,新北市八里區****,,
420,蔡錦賢,107年直轄市議員選舉,首次申報,1071124,人事費用支出,丁錦華,P22*******,0.00,2800.00,工資或薪津,金錢,新北市八里區****,,
421,蔡錦賢,107年直轄市議員選舉,首次申報,1071124,人事費用支出,林黃嬌,Q20*******,0.00,12000.00,工資或薪津,金錢,新北市八里區****,,
422,蔡錦賢,107年直轄市議員選舉,首次申報,1071124,人事費用支出,劉秀英,Q22*******,0.00,10640.00,工資或薪津,金錢,新北市三芝區****,,
423,蔡錦賢,107年直轄市議員選舉,首次申報,1071124,人事費用支出,侯慧卿,Q22*******,0.00,420.00,工資或薪津,金錢,新北市八里區****,,
424,蔡錦賢,107年直轄市議員選舉,首次申報,1071124,人事費用支出,陳碧華,T20*******,0.00,22000.00,工資或薪津,金錢,新北市八里區****,,
425,蔡錦賢,107年直轄市議員選舉,首次申報,1071124,人事費用支出,陳美玲,Y22*******,0.00,12600.00,工資或薪津,金錢,新北市淡水區****,,
426,蔡錦賢,107年直轄市議員選舉,首次申報,1071125,雜支支出,台灣中油,14176232,0.00,600.00,汽機車燃料費用,金錢,,,
427,蔡錦賢,107年直轄市議員選舉,首次申報,1071125,雜支支出,玄旺佛具行,30285926,0.00,500.00,雜項購置或修繕費用,金錢,,,
428,蔡錦賢,107年直轄市議員選舉,首次申報,1071125,雜支支出,阿鎮大師辦桌,37979887,0.00,216000.00,餐飲費用,金錢,新北市淡水區****,,
429,蔡錦賢,107年直轄市議員選舉,首次申報,1071125,人事費用支出,賴麒方,C22*******,0.00,7200.00,工資或薪津,金錢,新北市石門區****,,
430,蔡錦賢,107年直轄市議員選舉,首次申報,1071126,雜支支出,台灣自來水公司,02089445,0.00,1630.00,水電瓦斯費用,金錢,,,
431,蔡錦賢,107年直轄市議員選舉,首次申報,1071126,宣傳支出,中華郵政,02251777,0.00,28.00,郵寄競選物品或宣傳廣告支出,金錢,,,
432,蔡錦賢,107年直轄市議員選舉,首次申報,1071126,雜支支出,台灣中油,14176232,0.00,1511.00,汽機車燃料費用,金錢,,,
433,蔡錦賢,107年直轄市議員選舉,首次申報,1071126,集會支出,上德傳播事業有限公司,30934470,0.00,70400.00,租用設備支出,金錢,臺北市忠孝東****,,
434,蔡錦賢,107年直轄市議員選舉,首次申報,1071126,雜支支出,台灣電力公司,34096996,0.00,2215.00,水電瓦斯費用,金錢,,,
435,蔡錦賢,107年直轄市議員選舉,首次申報,1071126,集會支出,弘民有限公司,50770854,0.00,22575.00,租用設備支出,金錢,,,
436,蔡錦賢,107年直轄市議員選舉,首次申報,1071126,雜支支出,中華電信股份有限公司,81691784,0.00,68.00,水電瓦斯費用,金錢,,,
437,蔡錦賢,107年直轄市議員選舉,首次申報,1071126,雜支支出,中華電信股份有限公司,81691784,0.00,255.00,水電瓦斯費用,金錢,,,
438,蔡錦賢,107年直轄市議員選舉,首次申報,1071126,人事費用支出,馬孝義,F10*******,0.00,40000.00,工資或薪津,金錢,新北市三芝區****,,
439,蔡錦賢,107年直轄市議員選舉,首次申報,1071126,人事費用支出,李玉霞,F20*******,0.00,40000.00,工資或薪津,金錢,新北市三芝區****,,
440,蔡錦賢,107年直轄市議員選舉,首次申報,1071126,人事費用支出,王麗雪,F22*******,0.00,20000.00,工資或薪津,金錢,新北市三芝區****,,
441,蔡錦賢,107年直轄市議員選舉,首次申報,1071126,人事費用支出,江煖,F22*******,0.00,36000.00,工資或薪津,金錢,新北市三芝區****,,
442,蔡錦賢,107年直轄市議員選舉,首次申報,1071127,租用競選辦事處支出,金儀股份有限公司,80353687,0.00,7491.00,租買辦公設備支出,金錢,臺北市****,,
443,蔡錦賢,107年直轄市議員選舉,首次申報,1071128,雜支支出,朝順小吃店,08658513,0.00,71400.00,餐飲費用,金錢,新北市八里區****,,
444,蔡錦賢,107年直轄市議員選舉,首次申報,1071129,雜支支出,淡水第一信用合作社,37098407,0.00,30.00,匯款手續費,金錢,,,
445,蔡錦賢,107年直轄市議員選舉,首次申報,1071129,雜支支出,中華電信股份有限公司,81691784,0.00,9513.00,電信費用,金錢,,,
446,蔡錦賢,107年直轄市議員選舉,首次申報,1071130,宣傳支出,微笑廣告企業社,37915202,0.00,222163.00,製作宣傳廣告支出,金錢,新北市淡水區****,,
447,蔡錦賢,107年直轄市議員選舉,首次申報,1071207,雜支支出,淡水第一信用合作社,37098407,0.00,240.00,匯款手續費,金錢,,,
448,蔡錦賢,107年直轄市議員選舉,首次申報,1071207,雜支支出,中華電信股份有限公司,81691784,0.00,5507.00,電信費用,金錢,,,
