﻿序號,擬參選人／政黨,選舉名稱,申報序號／年度,交易日期,收支科目,捐贈者／支出對象,身分證／統一編號,收入金額,支出金額,支出用途,金錢類,地址,聯絡電話,資料更正日期
1,蔡錦賢,107年直轄市議員選舉,首次申報,1070903,營利事業捐贈收入,廷維工程有限公司,09420756,100000.00,0.00,,金錢,臺北市大安區****,,
2,蔡錦賢,107年直轄市議員選舉,首次申報,1070903,營利事業捐贈收入,廷維工程有限公司,09420756,100000.00,0.00,,金錢,臺北市大安區****,,
3,蔡錦賢,107年直轄市議員選舉,首次申報,1070905,營利事業捐贈收入,淡水第一信用合作社,37098407,200000.00,0.00,,金錢,新北市淡水區****,,
4,蔡錦賢,107年直轄市議員選舉,首次申報,1070912,個人捐贈收入,池匯祥,A12*******,100000.00,0.00,,金錢,新北市蘆洲區****,,
5,蔡錦賢,107年直轄市議員選舉,首次申報,1070912,個人捐贈收入,許鴻璋,K12*******,100000.00,0.00,,金錢,臺北市文山區****,,
6,蔡錦賢,107年直轄市議員選舉,首次申報,1070913,個人捐贈收入,程澤昕,B12*******,100000.00,0.00,,金錢,新北市三重區****,,
7,蔡錦賢,107年直轄市議員選舉,首次申報,1070913,個人捐贈收入,陳美玲,F22*******,100000.00,0.00,,金錢,新北市新店區****,,
8,蔡錦賢,107年直轄市議員選舉,首次申報,1070914,個人捐贈收入,周湘芬,G22*******,100000.00,0.00,,金錢,新北市新店區****,,
9,蔡錦賢,107年直轄市議員選舉,首次申報,1070917,個人捐贈收入,陳倉耀,F12*******,100000.00,0.00,,金錢,新北市淡水區****,,
10,蔡錦賢,107年直轄市議員選舉,首次申報,1070917,個人捐贈收入,鐘惠怡,F22*******,100000.00,0.00,,金錢,新北市三芝區****,,
11,蔡錦賢,107年直轄市議員選舉,首次申報,1070924,個人捐贈收入,李麗卿,F22*******,20000.00,0.00,,金錢,新北市淡水區****,,
12,蔡錦賢,107年直轄市議員選舉,首次申報,1070925,個人捐贈收入,林建明,A10*******,100000.00,0.00,,金錢,新北市淡水區****,,
13,蔡錦賢,107年直轄市議員選舉,首次申報,1070926,營利事業捐贈收入,青鈿營造股份有限公司,86194053,200000.00,0.00,,金錢,新北市板橋區****,,
14,蔡錦賢,107年直轄市議員選舉,首次申報,1070926,個人捐贈收入,林正豐,F12*******,50000.00,0.00,,金錢,新北市淡水區****,,
15,蔡錦賢,107年直轄市議員選舉,首次申報,1071003,個人捐贈收入,翟所領,A10*******,100000.00,0.00,,金錢,臺北市中山區****,,
16,蔡錦賢,107年直轄市議員選舉,首次申報,1071003,個人捐贈收入,翟所容,A10*******,100000.00,0.00,,金錢,臺北市中山區****,,
17,蔡錦賢,107年直轄市議員選舉,首次申報,1071003,個人捐贈收入,徐姍姍,A22*******,100000.00,0.00,,金錢,臺北市中山區****,,
18,蔡錦賢,107年直轄市議員選舉,首次申報,1071003,個人捐贈收入,林碧真,A22*******,100000.00,0.00,,金錢,臺北市中正區****,,
19,蔡錦賢,107年直轄市議員選舉,首次申報,1071004,個人捐贈收入,翟所強,A12*******,100000.00,0.00,,金錢,臺北市中山區****,,
20,蔡錦賢,107年直轄市議員選舉,首次申報,1071004,個人捐贈收入,翟慎倫,A12*******,100000.00,0.00,,金錢,臺北市中山區****,,
21,蔡錦賢,107年直轄市議員選舉,首次申報,1071004,個人捐贈收入,翟慎理,A12*******,100000.00,0.00,,金錢,臺北市中山區****,,
22,蔡錦賢,107年直轄市議員選舉,首次申報,1071004,個人捐贈收入,李月華,A22*******,100000.00,0.00,,金錢,臺北市內湖區****,,
23,蔡錦賢,107年直轄市議員選舉,首次申報,1071004,個人捐贈收入,胡慧君,C22*******,100000.00,0.00,,金錢,臺北市中山區****,,
24,蔡錦賢,107年直轄市議員選舉,首次申報,1071004,個人捐贈收入,廖世創,H10*******,100000.00,0.00,,金錢,臺北市中正區****,,
25,蔡錦賢,107年直轄市議員選舉,首次申報,1071005,營利事業捐贈收入,達麗建設事業股份有限公司,04477420,100000.00,0.00,,金錢,臺北市中山區****,,
26,蔡錦賢,107年直轄市議員選舉,首次申報,1071005,個人捐贈收入,林恩億,F12*******,100000.00,0.00,,金錢,新北市永和區****,,
27,蔡錦賢,107年直轄市議員選舉,首次申報,1071005,個人捐贈收入,林文雯,F22*******,100000.00,0.00,,金錢,新北市中和區****,,
28,蔡錦賢,107年直轄市議員選舉,首次申報,1071005,個人捐贈收入,吳佳玲,F22*******,100000.00,0.00,,金錢,新北市土城區****,,
29,蔡錦賢,107年直轄市議員選舉,首次申報,1071005,個人捐贈收入,林振陸,N10*******,100000.00,0.00,,金錢,新北市中和區****,,
30,蔡錦賢,107年直轄市議員選舉,首次申報,1071005,個人捐贈收入,林正雄,N12*******,100000.00,0.00,,金錢,臺北市大安區****,,
31,蔡錦賢,107年直轄市議員選舉,首次申報,1071008,營利事業捐贈收入,岳泰建設股份有限公司,27754874,300000.00,0.00,,金錢,臺北市信義區****,,
32,蔡錦賢,107年直轄市議員選舉,首次申報,1071011,營利事業捐贈收入,銘珍食品廠有限公司,07553202,500000.00,0.00,,金錢,新北市淡水區****,,
33,蔡錦賢,107年直轄市議員選舉,首次申報,1071011,營利事業捐贈收入,有豐食品股份有限公司,89590248,100000.00,0.00,,金錢,臺北市北投區****,,
34,蔡錦賢,107年直轄市議員選舉,首次申報,1071015,個人捐贈收入,張家麟,A12*******,6000.00,0.00,,金錢,新北市淡水區****,,
35,蔡錦賢,107年直轄市議員選舉,首次申報,1071015,個人捐贈收入,蔡秀菁,F22*******,2000.00,0.00,,金錢,新北市淡水區****,,
36,蔡錦賢,107年直轄市議員選舉,首次申報,1071015,個人捐贈收入,蔡財福,Y10*******,20000.00,0.00,,金錢,新北市淡水區****,,
37,蔡錦賢,107年直轄市議員選舉,首次申報,1071016,營利事業捐贈收入,銘珍食品廠有限公司,07553202,500000.00,0.00,,金錢,新北市淡水區****,,
38,蔡錦賢,107年直轄市議員選舉,首次申報,1071016,營利事業捐贈收入,雅筑建設有限公司,25061236,200000.00,0.00,,金錢,新北市淡水區****,,
39,蔡錦賢,107年直轄市議員選舉,首次申報,1071016,營利事業捐贈收入,岳泰建設股份有限公司,27754874,300000.00,0.00,,金錢,臺北市信義區****,,
40,蔡錦賢,107年直轄市議員選舉,首次申報,1071016,營利事業捐贈收入,辰興開發投資股份有限公司,53331599,500000.00,0.00,,金錢,臺北市中山區****,,
41,蔡錦賢,107年直轄市議員選舉,首次申報,1071016,營利事業捐贈收入,賜福門窗股份有限公司,89359487,60000.00,0.00,,金錢,彰化縣埤頭鄉****,,
42,蔡錦賢,107年直轄市議員選舉,首次申報,1071017,營利事業捐贈收入,萬林工業有限公司,22316593,20000.00,0.00,,金錢,新北市淡水區****,,
43,蔡錦賢,107年直轄市議員選舉,首次申報,1071017,營利事業捐贈收入,勤樸開發有限公司,53855146,1000000.00,0.00,,金錢,新北市新莊區****,,
44,蔡錦賢,107年直轄市議員選舉,首次申報,1071017,個人捐贈收入,黃森茂,F12*******,6000.00,0.00,,金錢,新北市淡水區****,,
45,蔡錦賢,107年直轄市議員選舉,首次申報,1071017,個人捐贈收入,沈雅純,J22*******,3000.00,0.00,,金錢,新北市淡水區****,,
46,蔡錦賢,107年直轄市議員選舉,首次申報,1071018,營利事業捐贈收入,可尼卡實業股份有限公司,23014863,360000.00,0.00,,金錢,臺北市大同區****,,
47,蔡錦賢,107年直轄市議員選舉,首次申報,1071019,個人捐贈收入,林簡碧蓮,F20*******,60000.00,0.00,,金錢,新北市石門區****,,
48,蔡錦賢,107年直轄市議員選舉,首次申報,1071021,個人捐贈收入,林桐龍,F10*******,60000.00,0.00,,金錢,臺北市士林區****,,
49,蔡錦賢,107年直轄市議員選舉,首次申報,1071021,個人捐贈收入,鄭煌仲,F10*******,60000.00,0.00,,金錢,新北市石門區****,,
50,蔡錦賢,107年直轄市議員選舉,首次申報,1071021,個人捐贈收入,孫正乾,F10*******,100000.00,0.00,,金錢,新北市永和區****,,
51,蔡錦賢,107年直轄市議員選舉,首次申報,1071021,個人捐贈收入,孫惟綸,F12*******,100000.00,0.00,,金錢,新北市中和區****,,
52,蔡錦賢,107年直轄市議員選舉,首次申報,1071021,個人捐贈收入,呂清棋,F12*******,100000.00,0.00,,金錢,新北市淡水區****,,
53,蔡錦賢,107年直轄市議員選舉,首次申報,1071021,個人捐贈收入,林文峯,F12*******,60000.00,0.00,,金錢,臺北市士林區****,,
54,蔡錦賢,107年直轄市議員選舉,首次申報,1071021,個人捐贈收入,林文達,F12*******,60000.00,0.00,,金錢,臺北市內湖區****,,
55,蔡錦賢,107年直轄市議員選舉,首次申報,1071022,個人捐贈收入,高錦當,F10*******,100000.00,0.00,,金錢,新北市八里區****,,
56,蔡錦賢,107年直轄市議員選舉,首次申報,1071023,個人捐贈收入,張國龍,A12*******,20000.00,0.00,,金錢,新北市蘆洲區****,,
57,蔡錦賢,107年直轄市議員選舉,首次申報,1071023,個人捐贈收入,吳萬得,F10*******,100000.00,0.00,,金錢,新北市淡水區****,,
58,蔡錦賢,107年直轄市議員選舉,首次申報,1071023,個人捐贈收入,吳佳璋,F12*******,100000.00,0.00,,金錢,新北市淡水區****,,
59,蔡錦賢,107年直轄市議員選舉,首次申報,1071024,營利事業捐贈收入,森碁營造有限公司,04208544,300000.00,0.00,,金錢,臺北市松山區****,,
60,蔡錦賢,107年直轄市議員選舉,首次申報,1071025,個人捐贈收入,宋易展,A12*******,100000.00,0.00,,金錢,臺北市士林區****,,
61,蔡錦賢,107年直轄市議員選舉,首次申報,1071025,個人捐贈收入,宋李碧華,A22*******,100000.00,0.00,,金錢,臺北市士林區****,,
62,蔡錦賢,107年直轄市議員選舉,首次申報,1071027,個人捐贈收入,張鳳梅,C22*******,100000.00,0.00,,金錢,新北市新店區****,,
63,蔡錦賢,107年直轄市議員選舉,首次申報,1071027,個人捐贈收入,陳甄惠,C22*******,100000.00,0.00,,金錢,桃園市大園區****,,
64,蔡錦賢,107年直轄市議員選舉,首次申報,1071027,個人捐贈收入,吳和禧,F12*******,100000.00,0.00,,金錢,新北市淡水區****,,
65,蔡錦賢,107年直轄市議員選舉,首次申報,1071027,個人捐贈收入,吳和錦,F12*******,100000.00,0.00,,金錢,新北市淡水區****,,
66,蔡錦賢,107年直轄市議員選舉,首次申報,1071027,個人捐贈收入,吳宜靜,F22*******,100000.00,0.00,,金錢,新北市淡水區****,,
67,蔡錦賢,107年直轄市議員選舉,首次申報,1071027,個人捐贈收入,吳宜樺,F22*******,100000.00,0.00,,金錢,新北市淡水區****,,
68,蔡錦賢,107年直轄市議員選舉,首次申報,1071028,個人捐贈收入,杜玉芬,A22*******,100000.00,0.00,,金錢,臺北市大同區****,,
69,蔡錦賢,107年直轄市議員選舉,首次申報,1071028,個人捐贈收入,蔣曼君,G22*******,100000.00,0.00,,金錢,臺北市大安區****,,
70,蔡錦賢,107年直轄市議員選舉,首次申報,1071028,個人捐贈收入,許永富,J10*******,3000.00,0.00,,金錢,新北市淡水區****,,
71,蔡錦賢,107年直轄市議員選舉,首次申報,1071028,個人捐贈收入,莊維鑫,R12*******,100000.00,0.00,,金錢,臺北市中山區****,,
72,蔡錦賢,107年直轄市議員選舉,首次申報,1071030,營利事業捐贈收入,元順營造股份有限公司,55701076,200000.00,0.00,,金錢,臺北市士林區****,,
73,蔡錦賢,107年直轄市議員選舉,首次申報,1071030,個人捐贈收入,曾嬿芳,F22*******,3000.00,0.00,,金錢,,,
74,蔡錦賢,107年直轄市議員選舉,首次申報,1071031,營利事業捐贈收入,天台戲院股份有限公司,35078600,200000.00,0.00,,金錢,新北市三重區****,,
75,蔡錦賢,107年直轄市議員選舉,首次申報,1071031,營利事業捐贈收入,艾曼興業股份有限公司,80586433,100000.00,0.00,,金錢,新北市淡水區****,,
76,蔡錦賢,107年直轄市議員選舉,首次申報,1071031,個人捐贈收入,王天才,X10*******,50000.00,0.00,,金錢,臺北市大安區****,,
77,蔡錦賢,107年直轄市議員選舉,首次申報,1071101,個人捐贈收入,陳世哲,F12*******,50000.00,0.00,,金錢,新北市三芝區****,,
78,蔡錦賢,107年直轄市議員選舉,首次申報,1071101,個人捐贈收入,陳世豪,F12*******,50000.00,0.00,,金錢,新北市三芝區****,,
79,蔡錦賢,107年直轄市議員選舉,首次申報,1071103,營利事業捐贈收入,德陽投資股份有限公司,27808626,200000.00,0.00,,金錢,臺北市松山區****,,
80,蔡錦賢,107年直轄市議員選舉,首次申報,1071104,個人捐贈收入,賴寶玉,A22*******,10000.00,0.00,,金錢,新北市八里區****,,
81,蔡錦賢,107年直轄市議員選舉,首次申報,1071105,個人捐贈收入,郭勇昇,A11*******,2000.00,0.00,,金錢,新北市淡水區****,,
82,蔡錦賢,107年直轄市議員選舉,首次申報,1071105,個人捐贈收入,呂錦文,F12*******,20000.00,0.00,,金錢,新北市淡水區****,,
83,蔡錦賢,107年直轄市議員選舉,首次申報,1071106,個人捐贈收入,陳國森,N10*******,50000.00,0.00,,金錢,新北市淡水區****,,
84,蔡錦賢,107年直轄市議員選舉,首次申報,1071107,個人捐贈收入,林柏岑,F12*******,100000.00,0.00,,金錢,新北市土城區****,,
85,蔡錦賢,107年直轄市議員選舉,首次申報,1071112,個人捐贈收入,高添丁,F10*******,50000.00,0.00,,金錢,新北市三芝區****,,
86,蔡錦賢,107年直轄市議員選舉,首次申報,1071112,個人捐贈收入,張仁宏,F12*******,100000.00,0.00,,金錢,新北市林口區****,,
87,蔡錦賢,107年直轄市議員選舉,首次申報,1071113,個人捐贈收入,黃慧如,A20*******,2000.00,0.00,,金錢,新北市淡水區****,,
88,蔡錦賢,107年直轄市議員選舉,首次申報,1071113,個人捐贈收入,高燦圖,F10*******,10000.00,0.00,,金錢,新北市淡水區****,,
89,蔡錦賢,107年直轄市議員選舉,首次申報,1071113,個人捐贈收入,王建凱,P12*******,100000.00,0.00,,金錢,新北市泰山區****,,
90,蔡錦賢,107年直轄市議員選舉,首次申報,1071113,個人捐贈收入,陳開源,T12*******,50000.00,0.00,,金錢,高雄市仁武區****,,
91,蔡錦賢,107年直轄市議員選舉,首次申報,1071113,個人捐贈收入,陳宣羽,T22*******,100000.00,0.00,,金錢,新北市泰山區****,,
92,蔡錦賢,107年直轄市議員選舉,首次申報,1071114,個人捐贈收入,蔡俊宗,F12*******,100000.00,0.00,,金錢,新北市淡水區****,,
93,蔡錦賢,107年直轄市議員選舉,首次申報,1071114,個人捐贈收入,王乃慧,F22*******,100000.00,0.00,,金錢,新北市淡水區****,,
94,蔡錦賢,107年直轄市議員選舉,首次申報,1071114,個人捐贈收入,王尚志,Y10*******,100000.00,0.00,,金錢,新北市八里區****,,
95,蔡錦賢,107年直轄市議員選舉,首次申報,1071115,個人捐贈收入,蔡鈺信,A12*******,100000.00,0.00,,金錢,臺北市大安區****,,
96,蔡錦賢,107年直轄市議員選舉,首次申報,1071115,個人捐贈收入,蔡玉容,Y22*******,100000.00,0.00,,金錢,臺北市大安區****,,
97,蔡錦賢,107年直轄市議員選舉,首次申報,1071116,個人捐贈收入,陳振家,F12*******,100000.00,0.00,,金錢,新北市淡水區****,,
98,蔡錦賢,107年直轄市議員選舉,首次申報,1071116,個人捐贈收入,蔡金德,P12*******,50000.00,0.00,,金錢,新北市淡水區****,,
99,蔡錦賢,107年直轄市議員選舉,首次申報,1071119,營利事業捐贈收入,双胞實業行,37895825,20000.00,0.00,,金錢,新北市三芝區****,,
100,蔡錦賢,107年直轄市議員選舉,首次申報,1071119,個人捐贈收入,郭錦炎,Q12*******,50000.00,0.00,,金錢,新北市淡水區****,,
101,蔡錦賢,107年直轄市議員選舉,首次申報,1071221,其他收入,利息收入,,604.00,0.00,,金錢,,,
