﻿序號,擬參選人／政黨,選舉名稱,申報序號／年度,交易日期,收支科目,捐贈者／支出對象,身分證／統一編號,收入金額,支出金額,捐贈方式,存入專戶日期,返還/繳庫,支出用途,金錢類,地址,聯絡電話,應揭露之支出對象,支出對象之內部人員姓名,支出對象之內部人員職稱,政黨之內部人員姓名,政黨之內部人員職稱,關係,更正註記,資料更正日期
1,山田摩衣,111年新北市議員選舉,第2次賸餘,1130101,支付當選後與其公務有關之費用,聖安鮮花坊,09651854,0.00,12075.00,,,,雜項購置或修繕費用,金錢,新北市板橋區****,,否,,,,,,,
2,山田摩衣,111年新北市議員選舉,第2次賸餘,1130101,支付當選後與其公務有關之費用,台灣連線股份有限公司,24556886,0.00,840.00,,,,電信費用,金錢,臺北市內湖區****,,否,,,,,,,
3,山田摩衣,111年新北市議員選舉,第2次賸餘,1130101,支付當選後與其公務有關之費用,郭與鎮,F10*******,0.00,10000.00,,,,租用場地費用,金錢,新北市板橋區****,,否,,,,,,,
4,山田摩衣,111年新北市議員選舉,第2次賸餘,1130102,支付當選後與其公務有關之費用,信安影音科技有限公司,24710179,0.00,2000.00,,,,雜項購置或修繕費用,金錢,新北市板橋區****,,否,,,,,,,
5,山田摩衣,111年新北市議員選舉,第2次賸餘,1130103,支付當選後與其公務有關之費用,台灣電力股份有限公司台北南區營業處,04860092,0.00,1689.00,,,,水電瓦斯費用,金錢,新北市板橋區****,,否,,,,,,,
6,山田摩衣,111年新北市議員選舉,第2次賸餘,1130103,支付當選後與其公務有關之費用,國園加油站股份有限公司,23541648,0.00,760.00,,,,油資,金錢,新北市三重區****,,否,,,,,,,
7,山田摩衣,111年新北市議員選舉,第2次賸餘,1130103,支付當選後與其公務有關之費用,全家便利商店股份有限公司板橋金巨蛋門市部,31598989,0.00,39.00,,,,雜項購置或修繕費用,金錢,新北市板橋區****,,否,,,,,,,
8,山田摩衣,111年新北市議員選舉,第2次賸餘,1130103,支付當選後與其公務有關之費用,大日開發有限公司民生花市營業所,85358438,0.00,30.00,,,,停車費,金錢,新北市板橋區****,,否,,,,,,,
9,山田摩衣,111年新北市議員選舉,第2次賸餘,1130104,支付當選後與其公務有關之費用,台灣自來水股份有限公司第十二區管理處板橋服務所,01889546,0.00,249.00,,,,水電瓦斯費用,金錢,新北市板橋區****,02-2*****,否,,,,,,,
10,山田摩衣,111年新北市議員選舉,第2次賸餘,1130104,支付當選後與其公務有關之費用,中華電信股份有限公司臺灣北區電信分公司新北營運處,92887342,0.00,939.00,,,,電信費用,金錢,新北市永和區****,,否,,,,,,,
11,山田摩衣,111年新北市議員選舉,第2次賸餘,1130105,支付當選後與其公務有關之費用,光仁加油站有限公司,16932752,0.00,800.00,,,,油資,金錢,新北市板橋區****,,否,,,,,,,
12,山田摩衣,111年新北市議員選舉,第2次賸餘,1130105,支付當選後與其公務有關之費用,凱成汽車電機行,34660402,0.00,2300.00,,,,雜項購置或修繕費用,金錢,新北市板橋區****,,否,,,,,,,
13,山田摩衣,111年新北市議員選舉,第2次賸餘,1130105,支付當選後與其公務有關之費用,黃炳煌,N10*******,0.00,40000.00,,,,工資或薪津,金錢,新北市板橋區****,,否,,,,,,,
14,山田摩衣,111年新北市議員選舉,第2次賸餘,1130106,支付當選後與其公務有關之費用,台灣高速鐵路股份有限公司,16446274,0.00,1340.00,,,,搭乘交通工具費用,金錢,臺北市南港區****,,否,,,,,,,
15,山田摩衣,111年新北市議員選舉,第2次賸餘,1130107,支付當選後與其公務有關之費用,井並瑞工作室,87108605,0.00,4000.00,,,,文康活動費用,金錢,臺中市南屯區****,0917*****,否,,,,,,,
16,山田摩衣,111年新北市議員選舉,第2次賸餘,1130108,支付當選後與其公務有關之費用,光仁加油站有限公司,16932752,0.00,700.00,,,,油資,金錢,新北市板橋區****,,否,,,,,,,
17,山田摩衣,111年新北市議員選舉,第2次賸餘,1130108,支付當選後與其公務有關之費用,奕美科技有限公司,83052670,0.00,2553.00,,,,雜項購置或修繕費用,金錢,臺北市大安區****,02-2*****,否,,,,,,,
18,山田摩衣,111年新北市議員選舉,第2次賸餘,1130109,支付當選後與其公務有關之費用,中華電信股份有限公司臺灣北區電信分公司新北營運處,92887342,0.00,1514.00,,,,電信費用,金錢,新北市永和區****,,否,,,,,,,
19,山田摩衣,111年新北市議員選舉,第2次賸餘,1130110,支付當選後與其公務有關之費用,一零四資訊科技股份有限公司,84598349,0.00,6720.00,,,,雜項購置或修繕費用,金錢,新北市新店區****,,否,,,,,,,
20,山田摩衣,111年新北市議員選舉,第2次賸餘,1130111,支付當選後與其公務有關之費用,中華郵政股份有限公司板橋文化路郵局,33504306,0.00,30.00,,,,雜項購置或修繕費用,金錢,新北市板橋區****,,否,,,,,,,
21,山田摩衣,111年新北市議員選舉,第2次賸餘,1130111,支付當選後與其公務有關之費用,中華郵政股份有限公司板橋文化路郵局,33504306,0.00,30.00,,,,雜項購置或修繕費用,金錢,新北市板橋區****,,否,,,,,,,
22,山田摩衣,111年新北市議員選舉,第2次賸餘,1130112,支付當選後與其公務有關之費用,光仁加油站有限公司,16932752,0.00,710.00,,,,油資,金錢,新北市板橋區****,,否,,,,,,,
23,山田摩衣,111年新北市議員選舉,第2次賸餘,1130114,支付當選後與其公務有關之費用,北基國際股份有限公司,23218091,0.00,830.00,,,,油資,金錢,新北市板橋區****,,否,,,,,,,
24,山田摩衣,111年新北市議員選舉,第2次賸餘,1130115,支付當選後與其公務有關之費用,豐憲生活館有限公司,69293993,0.00,100.00,,,,文具用品費用,金錢,新北市板橋區****,,否,,,,,,,
25,山田摩衣,111年新北市議員選舉,第2次賸餘,1130115,支付當選後與其公務有關之費用,青山洗車店,99820640,0.00,300.00,,,,雜項購置或修繕費用,金錢,新北市板橋區****,,否,,,,,,,
26,山田摩衣,111年新北市議員選舉,第2次賸餘,1130116,支付當選後與其公務有關之費用,光仁加油站有限公司,16932752,0.00,840.00,,,,油資,金錢,新北市板橋區****,,否,,,,,,,
27,山田摩衣,111年新北市議員選舉,第2次賸餘,1130117,支付當選後與其公務有關之費用,誠實精品文具有限公司,54840092,0.00,85.00,,,,文具用品費用,金錢,新北市板橋區****,,否,,,,,,,
28,山田摩衣,111年新北市議員選舉,第2次賸餘,1130117,支付當選後與其公務有關之費用,仕大有限公司,68009491,0.00,689.00,,,,雜項購置或修繕費用,金錢,新北市板橋區****,,否,,,,,,,
29,山田摩衣,111年新北市議員選舉,第2次賸餘,1130117,支付當選後與其公務有關之費用,好品便當店,87305015,0.00,570.00,,,,餐飲費用,金錢,新北市板橋區****,,否,,,,,,,
30,山田摩衣,111年新北市議員選舉,第2次賸餘,1130117,支付當選後與其公務有關之費用,蕙風堂筆墨有限公司麗水店,99356690,0.00,1884.00,,,,文具用品費用,金錢,臺北市大安區****,,否,,,,,,,
31,山田摩衣,111年新北市議員選舉,第2次賸餘,1130118,支付當選後與其公務有關之費用,光仁加油站有限公司,16932752,0.00,800.00,,,,油資,金錢,新北市板橋區****,,否,,,,,,,
32,山田摩衣,111年新北市議員選舉,第2次賸餘,1130118,支付當選後與其公務有關之費用,井並瑞工作室,87108605,0.00,5000.00,,,,文康活動費用,金錢,臺中市南屯區****,0917*****,否,,,,,,,
33,山田摩衣,111年新北市議員選舉,第2次賸餘,1130118,支付當選後與其公務有關之費用,好品便當店,87305015,0.00,1300.00,,,,餐飲費用,金錢,新北市板橋區****,,否,,,,,,,
34,山田摩衣,111年新北市議員選舉,第2次賸餘,1130118,支付當選後與其公務有關之費用,蕙風堂筆墨有限公司麗水店,99356690,0.00,1000.00,,,,文具用品費用,金錢,臺北市大安區****,,否,,,,,,,
35,山田摩衣,111年新北市議員選舉,第2次賸餘,1130118,支付當選後與其公務有關之費用,潘彩鳳,A21*******,0.00,3000.00,,,,工資或薪津,金錢,新北市汐止區****,,否,,,,,,,
36,山田摩衣,111年新北市議員選舉,第2次賸餘,1130118,支付當選後與其公務有關之費用,蔡維謙,F12*******,0.00,3000.00,,,,工資或薪津,金錢,屏東縣潮州鎮****,,否,,,,,,,
37,山田摩衣,111年新北市議員選舉,第2次賸餘,1130118,支付當選後與其公務有關之費用,清水裕美子,FD0*******,0.00,2000.00,,,,工資或薪津,金錢,臺北市士林區****,,否,,,,,,,
38,山田摩衣,111年新北市議員選舉,第2次賸餘,1130118,支付當選後與其公務有關之費用,游錫賢,G10*******,0.00,6000.00,,,,工資或薪津,金錢,新北市永和區****,,否,,,,,,,
39,山田摩衣,111年新北市議員選舉,第2次賸餘,1130118,支付當選後與其公務有關之費用,梁麗美,G20*******,0.00,3000.00,,,,工資或薪津,金錢,新北市永和區****,,否,,,,,,,
40,山田摩衣,111年新北市議員選舉,第2次賸餘,1130118,支付當選後與其公務有關之費用,鄭紅雪,L22*******,0.00,3000.00,,,,工資或薪津,金錢,臺北市大安區****,,否,,,,,,,
41,山田摩衣,111年新北市議員選舉,第2次賸餘,1130120,支付當選後與其公務有關之費用,光仁加油站有限公司,16932752,0.00,630.00,,,,油資,金錢,新北市板橋區****,,否,,,,,,,
42,山田摩衣,111年新北市議員選舉,第2次賸餘,1130121,支付當選後與其公務有關之費用,光仁加油站有限公司,16932752,0.00,730.00,,,,油資,金錢,新北市板橋區****,,否,,,,,,,
43,山田摩衣,111年新北市議員選舉,第2次賸餘,1130123,支付當選後與其公務有關之費用,車容坊股份有限公司民生營業所,92572146,0.00,830.00,,,,油資,金錢,新北市板橋區****,,否,,,,,,,
44,山田摩衣,111年新北市議員選舉,第2次賸餘,1130125,支付當選後與其公務有關之費用,中華郵政股份有限公司板橋文化路郵局,33504306,0.00,3312.00,,,,雜項購置或修繕費用,金錢,新北市板橋區****,,否,,,,,,,
45,山田摩衣,111年新北市議員選舉,第2次賸餘,1130125,支付當選後與其公務有關之費用,岳洋股份有限公司國泰新安營業處,88393579,0.00,150.00,,,,停車費,金錢,臺北市中山區****,,否,,,,,,,
46,山田摩衣,111年新北市議員選舉,第2次賸餘,1130126,支付當選後與其公務有關之費用,光仁加油站有限公司,16932752,0.00,750.00,,,,油資,金錢,新北市板橋區****,,否,,,,,,,
47,山田摩衣,111年新北市議員選舉,第2次賸餘,1130126,支付當選後與其公務有關之費用,中華郵政股份有限公司板橋文化路郵局,33504306,0.00,1104.00,,,,雜項購置或修繕費用,金錢,新北市板橋區****,,否,,,,,,,
48,山田摩衣,111年新北市議員選舉,第2次賸餘,1130129,支付當選後與其公務有關之費用,中華郵政股份有限公司板橋文化路郵局,33504306,0.00,580.00,,,,雜項購置或修繕費用,金錢,新北市板橋區****,,否,,,,,,,
49,山田摩衣,111年新北市議員選舉,第2次賸餘,1130131,支付當選後與其公務有關之費用,光仁加油站有限公司,16932752,0.00,750.00,,,,油資,金錢,新北市板橋區****,,否,,,,,,,
50,山田摩衣,111年新北市議員選舉,第2次賸餘,1130131,支付當選後與其公務有關之費用,中華郵政股份有限公司板橋文化路郵局,33504306,0.00,70.00,,,,雜項購置或修繕費用,金錢,新北市板橋區****,,否,,,,,,,
51,山田摩衣,111年新北市議員選舉,第2次賸餘,1130131,支付當選後與其公務有關之費用,大眾洗車場板橋店,92643753,0.00,350.00,,,,雜項購置或修繕費用,金錢,新北市板橋區****,,否,,,,,,,
52,山田摩衣,111年新北市議員選舉,第2次賸餘,1130201,支付當選後與其公務有關之費用,台灣連線股份有限公司,24556886,0.00,840.00,,,,電信費用,金錢,臺北市內湖區****,,否,,,,,,,
53,山田摩衣,111年新北市議員選舉,第2次賸餘,1130201,支付當選後與其公務有關之費用,中華郵政股份有限公司板橋文化路郵局,33504306,0.00,28.00,,,,雜項購置或修繕費用,金錢,新北市板橋區****,,否,,,,,,,
54,山田摩衣,111年新北市議員選舉,第2次賸餘,1130201,支付當選後與其公務有關之費用,中華電信股份有限公司臺灣北區電信分公司新北營運處,92887342,0.00,939.00,,,,電信費用,金錢,新北市永和區****,,否,,,,,,,
55,山田摩衣,111年新北市議員選舉,第2次賸餘,1130201,支付當選後與其公務有關之費用,郭與鎮,F10*******,0.00,10000.00,,,,租用場地費用,金錢,新北市板橋區****,,否,,,,,,,
56,山田摩衣,111年新北市議員選舉,第2次賸餘,1130203,支付當選後與其公務有關之費用,中華郵政股份有限公司板橋文化路郵局,33504306,0.00,130.00,,,,雜項購置或修繕費用,金錢,新北市板橋區****,,否,,,,,,,
57,山田摩衣,111年新北市議員選舉,第2次賸餘,1130203,支付當選後與其公務有關之費用,宜舍企業股份有限公司板橋環翠營業所,82318981,0.00,150.00,,,,停車費,金錢,新北市板橋區****,,否,,,,,,,
58,山田摩衣,111年新北市議員選舉,第2次賸餘,1130205,支付當選後與其公務有關之費用,光仁加油站有限公司,16932752,0.00,890.00,,,,油資,金錢,新北市板橋區****,,否,,,,,,,
59,山田摩衣,111年新北市議員選舉,第2次賸餘,1130205,支付當選後與其公務有關之費用,黃炳煌,N10*******,0.00,40000.00,,,,工資或薪津,金錢,新北市板橋區****,,否,,,,,,,
60,山田摩衣,111年新北市議員選舉,第2次賸餘,1130206,支付當選後與其公務有關之費用,奕美科技有限公司,83052670,0.00,2184.00,,,,雜項購置或修繕費用,金錢,臺北市大安區****,02-2*****,否,,,,,,,
61,山田摩衣,111年新北市議員選舉,第2次賸餘,1130206,支付當選後與其公務有關之費用,中華電信股份有限公司臺灣北區電信分公司新北營運處,92887342,0.00,1278.00,,,,電信費用,金錢,新北市永和區****,,否,,,,,,,
62,山田摩衣,111年新北市議員選舉,第2次賸餘,1130207,支付當選後與其公務有關之費用,車容坊股份有限公司民生營業所,92572146,0.00,850.00,,,,油資,金錢,新北市板橋區****,,否,,,,,,,
63,山田摩衣,111年新北市議員選舉,第2次賸餘,1130211,支付當選後與其公務有關之費用,國雲公寓大廈管理維護股份有限公司府中汽車場,91933760,0.00,200.00,,,,停車費,金錢,新北市板橋區****,,否,,,,,,,
64,山田摩衣,111年新北市議員選舉,第2次賸餘,1130216,支付當選後與其公務有關之費用,光仁加油站有限公司,16932752,0.00,820.00,,,,油資,金錢,新北市板橋區****,,否,,,,,,,
65,山田摩衣,111年新北市議員選舉,第2次賸餘,1130216,支付當選後與其公務有關之費用,豐憲生活館有限公司,69293993,0.00,612.00,,,,雜項購置或修繕費用,金錢,新北市板橋區****,,否,,,,,,,
66,山田摩衣,111年新北市議員選舉,第2次賸餘,1130219,支付當選後與其公務有關之費用,光仁加油站有限公司,16932752,0.00,764.00,,,,油資,金錢,新北市板橋區****,,否,,,,,,,
67,山田摩衣,111年新北市議員選舉,第2次賸餘,1130220,支付當選後與其公務有關之費用,中華郵政股份有限公司板橋文化路郵局,33504306,0.00,65.00,,,,雜項購置或修繕費用,金錢,新北市板橋區****,,否,,,,,,,
68,山田摩衣,111年新北市議員選舉,第2次賸餘,1130221,支付當選後與其公務有關之費用,光仁加油站有限公司,16932752,0.00,610.00,,,,油資,金錢,新北市板橋區****,,否,,,,,,,
69,山田摩衣,111年新北市議員選舉,第2次賸餘,1130223,支付當選後與其公務有關之費用,光仁加油站有限公司,16932752,0.00,750.00,,,,油資,金錢,新北市板橋區****,,否,,,,,,,
70,山田摩衣,111年新北市議員選舉,第2次賸餘,1130226,支付當選後與其公務有關之費用,鑫玉堂文具股份有限公司雨農分公司,90047569,0.00,119.00,,,,文具用品費用,金錢,新北市板橋區****,02-2*****,否,,,,,,,
71,山田摩衣,111年新北市議員選舉,第2次賸餘,1130227,支付當選後與其公務有關之費用,光仁加油站有限公司,16932752,0.00,780.00,,,,油資,金錢,新北市板橋區****,,否,,,,,,,
72,山田摩衣,111年新北市議員選舉,第2次賸餘,1130227,支付當選後與其公務有關之費用,中華郵政股份有限公司板橋文化路郵局,33504306,0.00,30.00,,,,雜項購置或修繕費用,金錢,新北市板橋區****,,否,,,,,,,
73,山田摩衣,111年新北市議員選舉,第2次賸餘,1130228,支付當選後與其公務有關之費用,宜舍企業股份有限公司板橋環翠營業所,82318981,0.00,150.00,,,,停車費,金錢,新北市板橋區****,,否,,,,,,,
74,山田摩衣,111年新北市議員選舉,第2次賸餘,1130229,支付當選後與其公務有關之費用,青山洗車店,99820640,0.00,300.00,,,,雜項購置或修繕費用,金錢,新北市板橋區****,,否,,,,,,,
75,山田摩衣,111年新北市議員選舉,第2次賸餘,1130301,支付當選後與其公務有關之費用,台灣連線股份有限公司,24556886,0.00,840.00,,,,電信費用,金錢,臺北市內湖區****,,否,,,,,,,
76,山田摩衣,111年新北市議員選舉,第2次賸餘,1130301,支付當選後與其公務有關之費用,獻堂小吃店,26545273,0.00,985.00,,,,餐飲費用,金錢,新北市板橋區****,,否,,,,,,,
77,山田摩衣,111年新北市議員選舉,第2次賸餘,1130301,支付當選後與其公務有關之費用,中華郵政股份有限公司板橋文化路郵局,33504306,0.00,28.00,,,,雜項購置或修繕費用,金錢,新北市板橋區****,,否,,,,,,,
78,山田摩衣,111年新北市議員選舉,第2次賸餘,1130301,支付當選後與其公務有關之費用,郭與鎮,F10*******,0.00,10000.00,,,,租用場地費用,金錢,新北市板橋區****,,否,,,,,,,
79,山田摩衣,111年新北市議員選舉,第2次賸餘,1130302,支付當選後與其公務有關之費用,光鮮花工坊,20275060,0.00,2500.00,,,,雜項購置或修繕費用,金錢,新北市板橋區****,,否,,,,,,,
80,山田摩衣,111年新北市議員選舉,第2次賸餘,1130304,支付當選後與其公務有關之費用,台灣電力股份有限公司台北南區營業處,04860092,0.00,1233.00,,,,水電瓦斯費用,金錢,新北市板橋區****,,否,,,,,,,
81,山田摩衣,111年新北市議員選舉,第2次賸餘,1130304,支付當選後與其公務有關之費用,光仁加油站有限公司,16932752,0.00,910.00,,,,油資,金錢,新北市板橋區****,,否,,,,,,,
82,山田摩衣,111年新北市議員選舉,第2次賸餘,1130306,支付當選後與其公務有關之費用,台灣自來水股份有限公司第十二區管理處板橋服務所,01889546,0.00,237.00,,,,水電瓦斯費用,金錢,新北市板橋區****,02-2*****,否,,,,,,,
83,山田摩衣,111年新北市議員選舉,第2次賸餘,1130306,支付當選後與其公務有關之費用,振掙商行,91791489,0.00,276.00,,,,餐飲費用,金錢,新北市板橋區****,,否,,,,,,,
84,山田摩衣,111年新北市議員選舉,第2次賸餘,1130306,支付當選後與其公務有關之費用,振掙商行,91791489,0.00,55.00,,,,餐飲費用,金錢,新北市板橋區****,,否,,,,,,,
85,山田摩衣,111年新北市議員選舉,第2次賸餘,1130306,支付當選後與其公務有關之費用,中華電信股份有限公司臺灣北區電信分公司新北營運處,92887342,0.00,897.00,,,,電信費用,金錢,新北市永和區****,,否,,,,,,,
86,山田摩衣,111年新北市議員選舉,第2次賸餘,1130307,支付當選後與其公務有關之費用,光仁加油站有限公司,16932752,0.00,950.00,,,,油資,金錢,新北市板橋區****,,否,,,,,,,
87,山田摩衣,111年新北市議員選舉,第2次賸餘,1130309,支付當選後與其公務有關之費用,國際通有限公司,82891120,0.00,225.00,,,,雜項購置或修繕費用,金錢,新北市三重區****,,否,,,,,,,
88,山田摩衣,111年新北市議員選舉,第2次賸餘,1130311,支付當選後與其公務有關之費用,台北市停車管理工程處,01019772,0.00,30.00,,,,停車費,金錢,臺北市信義區****,2759*****,否,,,,,,,
89,山田摩衣,111年新北市議員選舉,第2次賸餘,1130311,支付當選後與其公務有關之費用,光仁加油站有限公司,16932752,0.00,1000.00,,,,油資,金錢,新北市板橋區****,,否,,,,,,,
90,山田摩衣,111年新北市議員選舉,第2次賸餘,1130311,支付當選後與其公務有關之費用,中華電信股份有限公司臺灣北區電信分公司新北營運處,92887342,0.00,929.00,,,,電信費用,金錢,新北市永和區****,,否,,,,,,,
91,山田摩衣,111年新北市議員選舉,第2次賸餘,1130312,支付當選後與其公務有關之費用,中華郵政股份有限公司板橋文化路郵局,33504306,0.00,28.00,,,,雜項購置或修繕費用,金錢,新北市板橋區****,,否,,,,,,,
92,山田摩衣,111年新北市議員選舉,第2次賸餘,1130312,支付當選後與其公務有關之費用,奕美科技有限公司,83052670,0.00,2184.00,,,,雜項購置或修繕費用,金錢,臺北市大安區****,02-2*****,否,,,,,,,
93,山田摩衣,111年新北市議員選舉,第2次賸餘,1130313,支付當選後與其公務有關之費用,宜舍企業股份有限公司板橋環翠營業所,82318981,0.00,150.00,,,,停車費,金錢,新北市板橋區****,,否,,,,,,,
94,山田摩衣,111年新北市議員選舉,第2次賸餘,1130314,支付當選後與其公務有關之費用,中華郵政股份有限公司板橋文化路郵局,33504306,0.00,30.00,,,,雜項購置或修繕費用,金錢,新北市板橋區****,,否,,,,,,,
95,山田摩衣,111年新北市議員選舉,第2次賸餘,1130314,支付當選後與其公務有關之費用,中華郵政股份有限公司板橋文化路郵局,33504306,0.00,30.00,,,,雜項購置或修繕費用,金錢,新北市板橋區****,,否,,,,,,,
96,山田摩衣,111年新北市議員選舉,第2次賸餘,1130314,支付當選後與其公務有關之費用,沅藝蘭園,N10*******,0.00,2000.00,,,,雜項購置或修繕費用,金錢,臺北市延平北****,,否,,,,,,,
97,山田摩衣,111年新北市議員選舉,第2次賸餘,1130318,支付當選後與其公務有關之費用,中華郵政股份有限公司板橋文化路郵局,33504306,0.00,258.00,,,,雜項購置或修繕費用,金錢,新北市板橋區****,,否,,,,,,,
98,山田摩衣,111年新北市議員選舉,第2次賸餘,1130319,支付當選後與其公務有關之費用,百思特國際有限公司,82776183,0.00,510.00,,,,文具用品費用,金錢,臺中市豐原區****,,否,,,,,,,
99,山田摩衣,111年新北市議員選舉,第2次賸餘,1130320,支付當選後與其公務有關之費用,台灣數位寬頻有線電視股份有限公司,97164529,0.00,1500.00,,,,雜項購置或修繕費用,金錢,新北市板橋區****,,否,,,,,,,
100,山田摩衣,111年新北市議員選舉,第2次賸餘,1130321,支付當選後與其公務有關之費用,誠實精品文具有限公司,54840092,0.00,519.00,,,,文具用品費用,金錢,新北市板橋區****,,否,,,,,,,
101,山田摩衣,111年新北市議員選舉,第2次賸餘,1130325,支付當選後與其公務有關之費用,和德昌股份有限公司板橋文化分公司,16740115,0.00,711.00,,,,餐飲費用,金錢,新北市板橋區****,,否,,,,,,,
102,山田摩衣,111年新北市議員選舉,第2次賸餘,1130325,支付當選後與其公務有關之費用,宜舍企業股份有限公司板橋環翠營業所,82318981,0.00,60.00,,,,停車費,金錢,新北市板橋區****,,否,,,,,,,
103,山田摩衣,111年新北市議員選舉,第2次賸餘,1130328,支付當選後與其公務有關之費用,中華郵政股份有限公司板橋文化路郵局,33504306,0.00,130.00,,,,雜項購置或修繕費用,金錢,新北市板橋區****,,否,,,,,,,
104,山田摩衣,111年新北市議員選舉,第2次賸餘,1130401,支付當選後與其公務有關之費用,台灣連線股份有限公司,24556886,0.00,840.00,,,,電信費用,金錢,臺北市內湖區****,,否,,,,,,,
105,山田摩衣,111年新北市議員選舉,第2次賸餘,1130401,支付當選後與其公務有關之費用,中華郵政股份有限公司板橋文化路郵局,33504306,0.00,28.00,,,,雜項購置或修繕費用,金錢,新北市板橋區****,,否,,,,,,,
106,山田摩衣,111年新北市議員選舉,第2次賸餘,1130401,支付當選後與其公務有關之費用,郭與鎮,F10*******,0.00,10000.00,,,,租用場地費用,金錢,新北市板橋區****,,否,,,,,,,
107,山田摩衣,111年新北市議員選舉,第2次賸餘,1130402,支付當選後與其公務有關之費用,大眾洗車場板橋店,92643753,0.00,350.00,,,,雜項購置或修繕費用,金錢,新北市板橋區****,,否,,,,,,,
108,山田摩衣,111年新北市議員選舉,第2次賸餘,1130403,支付當選後與其公務有關之費用,中華郵政股份有限公司板橋文化路郵局,33504306,0.00,72.00,,,,雜項購置或修繕費用,金錢,新北市板橋區****,,否,,,,,,,
109,山田摩衣,111年新北市議員選舉,第2次賸餘,1130403,支付當選後與其公務有關之費用,中華電信股份有限公司臺灣北區電信分公司新北營運處,92887342,0.00,799.00,,,,電信費用,金錢,新北市永和區****,,否,,,,,,,
110,山田摩衣,111年新北市議員選舉,第2次賸餘,1130408,支付當選後與其公務有關之費用,奕美科技有限公司,83052670,0.00,2200.00,,,,雜項購置或修繕費用,金錢,臺北市大安區****,02-2*****,否,,,,,,,
111,山田摩衣,111年新北市議員選舉,第2次賸餘,1130409,支付當選後與其公務有關之費用,晶世界餐廳股份有限公司,34700755,0.00,68040.00,,,,餐飲費用,金錢,新北市中和區****,,否,,,,,,,
112,山田摩衣,111年新北市議員選舉,第2次賸餘,1130409,支付當選後與其公務有關之費用,復欣企業社,66977563,0.00,9100.00,,,,租用設備費用,金錢,新北市新莊區****,,否,,,,,,,
113,山田摩衣,111年新北市議員選舉,第2次賸餘,1130411,支付當選後與其公務有關之費用,中華電信股份有限公司臺灣北區電信分公司新北營運處,92887342,0.00,1129.00,,,,電信費用,金錢,新北市永和區****,,否,,,,,,,
114,山田摩衣,111年新北市議員選舉,第2次賸餘,1130412,支付當選後與其公務有關之費用,中華郵政股份有限公司板橋文化路郵局,33504306,0.00,30.00,,,,雜項購置或修繕費用,金錢,新北市板橋區****,,否,,,,,,,
115,山田摩衣,111年新北市議員選舉,第2次賸餘,1130412,支付當選後與其公務有關之費用,中華郵政股份有限公司板橋文化路郵局,33504306,0.00,28.00,,,,雜項購置或修繕費用,金錢,新北市板橋區****,,否,,,,,,,
116,山田摩衣,111年新北市議員選舉,第2次賸餘,1130424,支付當選後與其公務有關之費用,車容坊股份有限公司民生營業所,92572146,0.00,850.00,,,,油資,金錢,新北市板橋區****,,否,,,,,,,
117,山田摩衣,111年新北市議員選舉,第2次賸餘,1130426,支付當選後與其公務有關之費用,康是美長壽藥局,91668973,0.00,594.00,,,,雜項購置或修繕費用,金錢,新北市三重區****,,否,,,,,,,
118,山田摩衣,111年新北市議員選舉,第2次賸餘,1130430,支付當選後與其公務有關之費用,一東玩具業有限公司,04481959,0.00,3180.00,,,,文康活動費用,金錢,臺北市大同區****,02-2*****,否,,,,,,,
119,山田摩衣,111年新北市議員選舉,第2次賸餘,1130430,支付當選後與其公務有關之費用,中華郵政股份有限公司板橋文化路郵局,33504306,0.00,28.00,,,,雜項購置或修繕費用,金錢,新北市板橋區****,,否,,,,,,,
120,山田摩衣,111年新北市議員選舉,第2次賸餘,1130501,支付當選後與其公務有關之費用,台灣連線股份有限公司,24556886,0.00,840.00,,,,電信費用,金錢,臺北市內湖區****,,否,,,,,,,
121,山田摩衣,111年新北市議員選舉,第2次賸餘,1130501,支付當選後與其公務有關之費用,郭與鎮,F10*******,0.00,10000.00,,,,租用場地費用,金錢,新北市板橋區****,,否,,,,,,,
122,山田摩衣,111年新北市議員選舉,第2次賸餘,1130502,支付當選後與其公務有關之費用,一東玩具業有限公司,04481959,0.00,2270.00,,,,文康活動費用,金錢,臺北市大同區****,02-2*****,否,,,,,,,
123,山田摩衣,111年新北市議員選舉,第2次賸餘,1130503,支付當選後與其公務有關之費用,台灣電力股份有限公司台北南區營業處,04860092,0.00,1466.00,,,,水電瓦斯費用,金錢,新北市板橋區****,,否,,,,,,,
124,山田摩衣,111年新北市議員選舉,第2次賸餘,1130503,支付當選後與其公務有關之費用,莒光綠茶店,34755478,0.00,76.00,,,,餐飲費用,金錢,新北市板橋區****,,否,,,,,,,
125,山田摩衣,111年新北市議員選舉,第2次賸餘,1130503,支付當選後與其公務有關之費用,晟軒企業社,91410361,0.00,285.00,,,,餐飲費用,金錢,新北市板橋區****,,否,,,,,,,
126,山田摩衣,111年新北市議員選舉,第2次賸餘,1130504,支付當選後與其公務有關之費用,一東玩具業有限公司,04481959,0.00,8014.00,,,,文康活動費用,金錢,臺北市大同區****,02-2*****,否,,,,,,,
127,山田摩衣,111年新北市議員選舉,第2次賸餘,1130507,支付當選後與其公務有關之費用,台灣自來水股份有限公司第十二區管理處板橋服務所,01889546,0.00,237.00,,,,水電瓦斯費用,金錢,新北市板橋區****,02-2*****,否,,,,,,,
128,山田摩衣,111年新北市議員選舉,第2次賸餘,1130507,支付當選後與其公務有關之費用,賴言妡,Q22*******,0.00,7709.00,,,,工資或薪津,金錢,新北市板橋區****,,否,,,,,,,
129,山田摩衣,111年新北市議員選舉,第2次賸餘,1130508,支付當選後與其公務有關之費用,中華電信股份有限公司臺灣北區電信分公司新北營運處,92887342,0.00,1691.00,,,,電信費用,金錢,新北市永和區****,,否,,,,,,,
130,山田摩衣,111年新北市議員選舉,第2次賸餘,1130509,支付當選後與其公務有關之費用,奕美科技有限公司,83052670,0.00,2662.00,,,,雜項購置或修繕費用,金錢,臺北市大安區****,02-2*****,否,,,,,,,
131,山田摩衣,111年新北市議員選舉,第2次賸餘,1130513,支付當選後與其公務有關之費用,統一生活事業股份有限公司-新北市第一一六分公司,51910755,0.00,792.00,,,,雜項購置或修繕費用,金錢,新北市板橋區****,02-2*****,否,,,,,,,
132,山田摩衣,111年新北市議員選舉,第2次賸餘,1130514,支付當選後與其公務有關之費用,中華郵政股份有限公司板橋文化路郵局,33504306,0.00,30.00,,,,雜項購置或修繕費用,金錢,新北市板橋區****,,否,,,,,,,
133,山田摩衣,111年新北市議員選舉,第2次賸餘,1130520,支付當選後與其公務有關之費用,中華電信股份有限公司臺灣北區電信分公司新北營運處,92887342,0.00,799.00,,,,電信費用,金錢,新北市永和區****,,否,,,,,,,
134,山田摩衣,111年新北市議員選舉,第2次賸餘,1130531,支付當選後與其公務有關之費用,中華電信股份有限公司臺灣北區電信分公司新北營運處,92887342,0.00,799.00,,,,電信費用,金錢,新北市永和區****,,否,,,,,,,
135,山田摩衣,111年新北市議員選舉,第2次賸餘,1130601,支付當選後與其公務有關之費用,聯合禮品花藝行,19515014,0.00,5970.00,,,,雜項購置或修繕費用,金錢,新北市中和區****,0989*****,否,,,,,,,
136,山田摩衣,111年新北市議員選舉,第2次賸餘,1130601,支付當選後與其公務有關之費用,台灣連線股份有限公司,24556886,0.00,840.00,,,,電信費用,金錢,臺北市內湖區****,,否,,,,,,,
137,山田摩衣,111年新北市議員選舉,第2次賸餘,1130603,支付當選後與其公務有關之費用,郭與鎮,F10*******,0.00,10000.00,,,,租用場地費用,金錢,新北市板橋區****,,否,,,,,,,
138,山田摩衣,111年新北市議員選舉,第2次賸餘,1130604,支付當選後與其公務有關之費用,形亞企業社,09961106,0.00,6150.00,,,,雜項購置或修繕費用,金錢,新北市板橋區****,02-2*****,否,,,,,,,
139,山田摩衣,111年新北市議員選舉,第2次賸餘,1130604,支付當選後與其公務有關之費用,松圓建設股份有限公司,86559004,0.00,462.00,,,,油資,金錢,臺中市烏日區****,,否,,,,,,,
140,山田摩衣,111年新北市議員選舉,第2次賸餘,1130605,支付當選後與其公務有關之費用,中華電信股份有限公司新北營運處,92887342,0.00,1098.00,,,,電信費用,金錢,新北市永和區****,,否,,,,,,,
141,山田摩衣,111年新北市議員選舉,第2次賸餘,1130607,支付當選後與其公務有關之費用,文化攝影社,77799030,0.00,270.00,,,,雜項購置或修繕費用,金錢,新北市板橋區****,02-2*****,否,,,,,,,
142,山田摩衣,111年新北市議員選舉,第2次賸餘,1130607,支付當選後與其公務有關之費用,井並瑞工作室,87108605,0.00,1950.00,,,,文康活動費用,金錢,臺中市南屯區****,0917*****,否,,,,,,,
143,山田摩衣,111年新北市議員選舉,第2次賸餘,1130607,支付當選後與其公務有關之費用,鑫玉堂文具股份有限公司雨農分公司,90047569,0.00,62.00,,,,文具用品費用,金錢,新北市板橋區****,02-2*****,否,,,,,,,
144,山田摩衣,111年新北市議員選舉,第2次賸餘,1130617,支付當選後與其公務有關之費用,奕美科技有限公司,83052670,0.00,2184.00,,,,雜項購置或修繕費用,金錢,臺北市大安區****,02-2*****,否,,,,,,,
145,山田摩衣,111年新北市議員選舉,第2次賸餘,1130618,支付當選後與其公務有關之費用,台灣數位寬頻有線電視股份有限公司,97164529,0.00,1500.00,,,,雜項購置或修繕費用,金錢,新北市土城區****,02-8*****,否,,,,,,,
146,山田摩衣,111年新北市議員選舉,第2次賸餘,1130618,支付當選後與其公務有關之費用,青山洗車店,99820640,0.00,350.00,,,,雜項購置或修繕費用,金錢,新北市板橋區****,,否,,,,,,,
147,山田摩衣,111年新北市議員選舉,第2次賸餘,1130621,支付當選後與其公務有關之費用,中華郵政股份有限公司板橋文化路郵局,33504306,0.00,30.00,,,,雜項購置或修繕費用,金錢,新北市板橋區****,,否,,,,,,,
148,山田摩衣,111年新北市議員選舉,第2次賸餘,1130625,支付當選後與其公務有關之費用,誠實精品文具有限公司,54840092,0.00,519.00,,,,文具用品費用,金錢,新北市板橋區****,,否,,,,,,,
149,山田摩衣,111年新北市議員選舉,第2次賸餘,1130625,支付當選後與其公務有關之費用,建利加油站有限公司,97408969,0.00,690.00,,,,油資,金錢,臺中市大甲區****,,否,,,,,,,
150,山田摩衣,111年新北市議員選舉,第2次賸餘,1130701,支付當選後與其公務有關之費用,郭與鎮,F10*******,0.00,10000.00,,,,租用場地費用,金錢,新北市板橋區****,,否,,,,,,,
151,山田摩衣,111年新北市議員選舉,第2次賸餘,1130702,支付當選後與其公務有關之費用,台灣電力股份有限公司台北南區營業處,04860092,0.00,2047.00,,,,水電瓦斯費用,金錢,新北市板橋區****,,否,,,,,,,
152,山田摩衣,111年新北市議員選舉,第2次賸餘,1130702,支付當選後與其公務有關之費用,中華電信股份有限公司臺灣北區電信分公司新北營運處,92887342,0.00,799.00,,,,電信費用,金錢,新北市永和區****,,否,,,,,,,
153,山田摩衣,111年新北市議員選舉,第2次賸餘,1130703,支付當選後與其公務有關之費用,形亞企業社,09961106,0.00,1100.00,,,,雜項購置或修繕費用,金錢,新北市板橋區****,,否,,,,,,,
154,山田摩衣,111年新北市議員選舉,第2次賸餘,1130703,支付當選後與其公務有關之費用,中華郵政股份有限公司板橋文化路郵局,33504306,0.00,28.00,,,,雜項購置或修繕費用,金錢,新北市板橋區****,,否,,,,,,,
155,山田摩衣,111年新北市議員選舉,第2次賸餘,1130704,支付當選後與其公務有關之費用,台灣自來水股份有限公司第十二區管理處板橋服務所,01889546,0.00,211.00,,,,水電瓦斯費用,金錢,新北市板橋區****,,否,,,,,,,
156,山田摩衣,111年新北市議員選舉,第2次賸餘,1130705,支付當選後與其公務有關之費用,仕大有限公司,68009491,0.00,320.00,,,,文具用品費用,金錢,新北市板橋區****,,否,,,,,,,
157,山田摩衣,111年新北市議員選舉,第2次賸餘,1130705,支付當選後與其公務有關之費用,中華電信股份有限公司臺灣北區電信分公司新北營運處,92887342,0.00,1418.00,,,,電信費用,金錢,新北市永和區****,,否,,,,,,,
158,山田摩衣,111年新北市議員選舉,第2次賸餘,1130705,支付當選後與其公務有關之費用,許德明,R12*******,0.00,5600.00,,,,工資或薪津,金錢,臺北市南港區****,02-2*****,否,,,,,,,
159,山田摩衣,111年新北市議員選舉,第2次賸餘,1130708,支付當選後與其公務有關之費用,長江飲水機企業有限公司,34457864,0.00,2625.00,,,,雜項購置或修繕費用,金錢,新北市板橋區****,,否,,,,,,,
160,山田摩衣,111年新北市議員選舉,第2次賸餘,1130708,支付當選後與其公務有關之費用,奕美科技有限公司,83052670,0.00,2184.00,,,,雜項購置或修繕費用,金錢,臺北市大安區****,02-2*****,否,,,,,,,
161,山田摩衣,111年新北市議員選舉,第2次賸餘,1130711,支付當選後與其公務有關之費用,九乘九股份有限公司,90174369,0.00,456.00,,,,文具用品費用,金錢,新北市板橋區****,02-2*****,否,,,,,,,
162,山田摩衣,111年新北市議員選舉,第2次賸餘,1130715,支付當選後與其公務有關之費用,中華郵政股份有限公司三重中山路郵局,19611190,0.00,28.00,,,,雜項購置或修繕費用,金錢,新北市三重區****,2988*****,否,,,,,,,
163,山田摩衣,111年新北市議員選舉,第2次賸餘,1130715,支付當選後與其公務有關之費用,中華郵政股份有限公司板橋文化路郵局,33504306,0.00,30.00,,,,雜項購置或修繕費用,金錢,新北市板橋區****,,否,,,,,,,
164,山田摩衣,111年新北市議員選舉,第2次賸餘,1130723,支付當選後與其公務有關之費用,六家加油站股份有限公司,13072006,0.00,720.00,,,,油資,金錢,新竹縣竹北市****,,否,,,,,,,
165,山田摩衣,111年新北市議員選舉,第2次賸餘,1130729,支付當選後與其公務有關之費用,青山洗車店,99820640,0.00,350.00,,,,雜項購置或修繕費用,金錢,新北市板橋區****,,否,,,,,,,
166,山田摩衣,111年新北市議員選舉,第2次賸餘,1130801,支付當選後與其公務有關之費用,郭與鎮,F10*******,0.00,10000.00,,,,租用場地費用,金錢,新北市板橋區****,,否,,,,,,,
167,山田摩衣,111年新北市議員選舉,第2次賸餘,1130806,支付當選後與其公務有關之費用,車容坊股份有限公司民生營業所,92572146,0.00,500.00,,,,油資,金錢,新北市板橋區****,,否,,,,,,,
168,山田摩衣,111年新北市議員選舉,第2次賸餘,1130806,支付當選後與其公務有關之費用,中華電信股份有限公司臺灣北區電信分公司新北營運處,92887342,0.00,1063.00,,,,電信費用,金錢,新北市永和區****,,否,,,,,,,
169,山田摩衣,111年新北市議員選舉,第2次賸餘,1130807,支付當選後與其公務有關之費用,三重忠孝路郵局(三重2支),76898167,0.00,28.00,,,,雜項購置或修繕費用,金錢,新北市三重區****,,否,,,,,,,
170,山田摩衣,111年新北市議員選舉,第2次賸餘,1130808,支付當選後與其公務有關之費用,聯合禮品花藝行,19515014,0.00,1648.00,,,,雜項購置或修繕費用,金錢,新北市中和區****,,否,,,,,,,
171,山田摩衣,111年新北市議員選舉,第2次賸餘,1130813,支付當選後與其公務有關之費用,晶叡股份有限公司,70837220,0.00,899.00,,,,油資,金錢,臺北市北投區****,,否,,,,,,,
172,山田摩衣,111年新北市議員選舉,第2次賸餘,1130814,支付當選後與其公務有關之費用,奕美科技有限公司,83052670,0.00,2880.00,,,,雜項購置或修繕費用,金錢,臺北市大安區****,,否,,,,,,,
173,山田摩衣,111年新北市議員選舉,第2次賸餘,1130816,支付當選後與其公務有關之費用,旺旺來食品免洗餐具,73841347,0.00,1370.00,,,,雜項購置或修繕費用,金錢,新竹市光復路****,,否,,,,,,,
174,山田摩衣,111年新北市議員選舉,第2次賸餘,1130819,支付當選後與其公務有關之費用,中華郵政股份有限公司板橋文化路郵局,33504306,0.00,30.00,,,,雜項購置或修繕費用,金錢,新北市板橋區****,,否,,,,,,,
175,山田摩衣,111年新北市議員選舉,第2次賸餘,1130820,支付當選後與其公務有關之費用,遠東百貨股份有限公司-板橋分公司,70768954,0.00,3980.00,,,,雜項購置或修繕費用,金錢,新北市板橋區****,,否,,,,,,,
176,山田摩衣,111年新北市議員選舉,第2次賸餘,1130820,支付當選後與其公務有關之費用,遠東百貨股份有限公司-板橋分公司,70768954,0.00,1375.00,,,,雜項購置或修繕費用,金錢,新北市板橋區****,,否,,,,,,,
177,山田摩衣,111年新北市議員選舉,第2次賸餘,1130823,支付當選後與其公務有關之費用,車容坊股份有限公司民生營業所,92572146,0.00,960.00,,,,油資,金錢,新北市板橋區****,,否,,,,,,,
178,山田摩衣,111年新北市議員選舉,第2次賸餘,1130830,捐贈教育、文化、公益、慈善機構或團體支出,財團法人正常國家文化基金會,72616053,0.00,1500.00,,,,捐贈教育、文化、公益、慈善機構或團體支出,金錢,臺北市中正區****,,否,,,,,,,
179,山田摩衣,111年新北市議員選舉,第2次賸餘,1130901,支付當選後與其公務有關之費用,郭與鎮,F10*******,0.00,10000.00,,,,租用場地費用,金錢,新北市板橋區****,,否,,,,,,,
180,山田摩衣,111年新北市議員選舉,第2次賸餘,1130902,支付當選後與其公務有關之費用,中華電信股份有限公司新北營運處,92887342,0.00,799.00,,,,電信費用,金錢,新北市永和區****,,否,,,,,,,
181,山田摩衣,111年新北市議員選舉,第2次賸餘,1130903,支付當選後與其公務有關之費用,台灣電力公司,04860092,0.00,3018.00,,,,水電瓦斯費用,金錢,臺北市中正區****,,否,,,,,,,
182,山田摩衣,111年新北市議員選舉,第2次賸餘,1130904,支付當選後與其公務有關之費用,中華郵政股份有限公司板橋文化路郵局,15778513,0.00,2510.00,,,,雜項購置或修繕費用,金錢,新北市板橋區****,,否,,,,,,,
183,山田摩衣,111年新北市議員選舉,第2次賸餘,1130904,支付當選後與其公務有關之費用,九乘九股份有限公司,90174369,0.00,587.00,,,,文具用品費用,金錢,新北市板橋區****,02-2*****,否,,,,,,,
184,山田摩衣,111年新北市議員選舉,第2次賸餘,1130905,支付當選後與其公務有關之費用,中華郵政股份有限公司板橋文化路郵局,33504306,0.00,210.00,,,,雜項購置或修繕費用,金錢,新北市板橋區****,,否,,,,,,,
185,山田摩衣,111年新北市議員選舉,第2次賸餘,1130906,支付當選後與其公務有關之費用,中華郵政股份有限公司板橋文化路郵局,33504306,0.00,210.00,,,,雜項購置或修繕費用,金錢,新北市板橋區****,,否,,,,,,,
186,山田摩衣,111年新北市議員選舉,第2次賸餘,1130909,支付當選後與其公務有關之費用,花卉營業人（１７１８）,01225695,0.00,2400.00,,,,雜項購置或修繕費用,金錢,臺北市內湖區****,,否,,,,,,,
187,山田摩衣,111年新北市議員選舉,第2次賸餘,1130909,支付當選後與其公務有關之費用,台灣自來水股份有限公司板橋服務所,01889546,0.00,199.00,,,,水電瓦斯費用,金錢,新北市板橋區****,02-2*****,否,,,,,,,
188,山田摩衣,111年新北市議員選舉,第2次賸餘,1130909,支付當選後與其公務有關之費用,聯合禮品花藝行,19515014,0.00,2766.00,,,,雜項購置或修繕費用,金錢,新北市中和區****,,否,,,,,,,
189,山田摩衣,111年新北市議員選舉,第2次賸餘,1130909,支付當選後與其公務有關之費用,九乘九股份有限公司,90174369,0.00,1248.00,,,,文具用品費用,金錢,新北市板橋區****,02-2*****,否,,,,,,,
190,山田摩衣,111年新北市議員選舉,第2次賸餘,1130909,支付當選後與其公務有關之費用,中華電信股份有限公司新北營運處,92887342,0.00,1226.00,,,,電信費用,金錢,新北市永和區****,,否,,,,,,,
191,山田摩衣,111年新北市議員選舉,第2次賸餘,1130910,支付當選後與其公務有關之費用,中華郵政股份有限公司板橋文化路郵局,33504306,0.00,1250.00,,,,雜項購置或修繕費用,金錢,新北市板橋區****,,否,,,,,,,
192,山田摩衣,111年新北市議員選舉,第2次賸餘,1130910,支付當選後與其公務有關之費用,邑和國際開發有限公司台北延吉營業所,88094946,0.00,900.00,,,,餐飲費用,金錢,臺北市大安區****,,否,,,,,,,
193,山田摩衣,111年新北市議員選舉,第2次賸餘,1130910,支付當選後與其公務有關之費用,車容坊股份有限公司民生營業所,92572146,0.00,827.00,,,,油資,金錢,新北市板橋區****,,否,,,,,,,
194,山田摩衣,111年新北市議員選舉,第2次賸餘,1130911,支付當選後與其公務有關之費用,立昇有限公司,23540535,0.00,6300.00,,,,雜項購置或修繕費用,金錢,新北市板橋區****,,否,,,,,,,
195,山田摩衣,111年新北市議員選舉,第2次賸餘,1130911,支付當選後與其公務有關之費用,奕美科技有限公司,83052670,0.00,2365.00,,,,雜項購置或修繕費用,金錢,臺北市大安區****,02-2*****,否,,,,,,,
196,山田摩衣,111年新北市議員選舉,第2次賸餘,1130911,支付當選後與其公務有關之費用,沐樂國際香氛有限公司,83479041,0.00,199.00,,,,雜項購置或修繕費用,金錢,臺北市大安區****,,否,,,,,,,
197,山田摩衣,111年新北市議員選舉,第2次賸餘,1130912,捐贈教育、文化、公益、慈善機構或團體支出,財團法人正常國家文化基金會,72616053,0.00,10000.00,,,,捐贈教育、文化、公益、慈善機構或團體支出,金錢,臺北市中正區****,,否,,,,,,,
198,山田摩衣,111年新北市議員選舉,第2次賸餘,1130913,支付當選後與其公務有關之費用,中華郵政股份有限公司板橋文化路郵局,33504306,0.00,30.00,,,,雜項購置或修繕費用,金錢,新北市板橋區****,,否,,,,,,,
199,山田摩衣,111年新北市議員選舉,第2次賸餘,1130917,支付當選後與其公務有關之費用,台灣數位寬頻有線電視股份有限公司,97164529,0.00,1500.00,,,,雜項購置或修繕費用,金錢,新北市土城區****,02-8*****,否,,,,,,,
200,山田摩衣,111年新北市議員選舉,第2次賸餘,1130920,支付當選後與其公務有關之費用,健豪印刷事業股份有限公司,09988132,0.00,31530.00,,,,雜項購置或修繕費用,金錢,新北市中和區****,,否,,,,,,,
201,山田摩衣,111年新北市議員選舉,第2次賸餘,1130920,支付當選後與其公務有關之費用,中華郵政股份有限公司板橋文化路郵局,33504306,0.00,30.00,,,,雜項購置或修繕費用,金錢,新北市板橋區****,,否,,,,,,,
202,山田摩衣,111年新北市議員選舉,第2次賸餘,1130924,支付當選後與其公務有關之費用,台北市停車管理工程處,01019772,0.00,100.00,,,,停車費,金錢,臺北市信義區****,2759*****,否,,,,,,,
203,山田摩衣,111年新北市議員選舉,第2次賸餘,1130924,支付當選後與其公務有關之費用,中華郵政股份有限公司板橋文化路郵局,33504306,0.00,72.00,,,,雜項購置或修繕費用,金錢,新北市板橋區****,,否,,,,,,,
204,山田摩衣,111年新北市議員選舉,第2次賸餘,1130924,支付當選後與其公務有關之費用,宜舍企業有限公司板橋環翠營業所,82318981,0.00,150.00,,,,停車費,金錢,新北市板橋區****,02-2*****,否,,,,,,,
205,山田摩衣,111年新北市議員選舉,第2次賸餘,1130925,捐贈教育、文化、公益、慈善機構或團體支出,社團法人新北市板橋客屬會,,0.00,3000.00,,,,捐贈教育、文化、公益、慈善機構或團體支出,金錢,新北市板橋區****,02-2*****,否,,,,,,,
206,山田摩衣,111年新北市議員選舉,第2次賸餘,1131001,支付當選後與其公務有關之費用,吉昌鮮花店,87775965,0.00,1500.00,,,,雜項購置或修繕費用,金錢,新北市板橋區****,02-2*****,否,,,,,,,
207,山田摩衣,111年新北市議員選舉,第2次賸餘,1131001,支付當選後與其公務有關之費用,郭與鎮,F10*******,0.00,10000.00,,,,租用場地費用,金錢,新北市板橋區****,,否,,,,,,,
208,山田摩衣,111年新北市議員選舉,第2次賸餘,1131004,支付當選後與其公務有關之費用,聯合禮品花藝行,19515014,0.00,6181.00,,,,雜項購置或修繕費用,金錢,新北市中和區****,,否,,,,,,,
209,山田摩衣,111年新北市議員選舉,第2次賸餘,1131005,支付當選後與其公務有關之費用,聯合禮品花藝行,19515014,0.00,2866.00,,,,雜項購置或修繕費用,金錢,新北市中和區****,,否,,,,,,,
210,山田摩衣,111年新北市議員選舉,第2次賸餘,1131005,支付當選後與其公務有關之費用,聯合禮品花藝行,19515014,0.00,2984.00,,,,雜項購置或修繕費用,金錢,新北市中和區****,,否,,,,,,,
211,山田摩衣,111年新北市議員選舉,第2次賸餘,1131007,支付當選後與其公務有關之費用,中華郵政股份有限公司板橋文化路郵局,33504306,0.00,28.00,,,,雜項購置或修繕費用,金錢,新北市板橋區****,,否,,,,,,,
212,山田摩衣,111年新北市議員選舉,第2次賸餘,1131007,支付當選後與其公務有關之費用,中華電信股份有限公司新北營運處,92887342,0.00,799.00,,,,電信費用,金錢,新北市永和區****,,否,,,,,,,
213,山田摩衣,111年新北市議員選舉,第2次賸餘,1131008,支付當選後與其公務有關之費用,中華郵政股份有限公司板橋文化路郵局,33504306,0.00,70.00,,,,雜項購置或修繕費用,金錢,新北市板橋區****,,否,,,,,,,
214,山田摩衣,111年新北市議員選舉,第2次賸餘,1131009,支付當選後與其公務有關之費用,奕美科技有限公司,83052670,0.00,2743.00,,,,雜項購置或修繕費用,金錢,臺北市大安區****,02-2*****,否,,,,,,,
215,山田摩衣,111年新北市議員選舉,第2次賸餘,1131009,支付當選後與其公務有關之費用,中華電信股份有限公司新北營運處,92887342,0.00,2030.00,,,,電信費用,金錢,新北市永和區****,,否,,,,,,,
216,山田摩衣,111年新北市議員選舉,第2次賸餘,1131011,支付當選後與其公務有關之費用,中華郵政股份有限公司板橋文化路郵局,33504306,0.00,28.00,,,,雜項購置或修繕費用,金錢,新北市板橋區****,,否,,,,,,,
217,山田摩衣,111年新北市議員選舉,第2次賸餘,1131012,支付當選後與其公務有關之費用,新利昇事業股份有限公司鶯歌國小南門停車場,91668002,0.00,80.00,,,,停車費,金錢,新北市鶯歌區****,02-2*****,否,,,,,,,
218,山田摩衣,111年新北市議員選舉,第2次賸餘,1131012,支付當選後與其公務有關之費用,車容坊股份有限公司民生營業所,92572146,0.00,581.00,,,,油資,金錢,新北市板橋區****,,否,,,,,,,
219,山田摩衣,111年新北市議員選舉,第2次賸餘,1131014,支付當選後與其公務有關之費用,萊爾富國際股份有限公司,23285582,0.00,15.00,,,,其他與交通旅運有關之費用,金錢,臺北市內湖區****,,否,,,,,,,
220,山田摩衣,111年新北市議員選舉,第2次賸餘,1131017,支付當選後與其公務有關之費用,統一超商股份有限公司新北市第五十四分公司,84899886,0.00,288.00,,,,雜項購置或修繕費用,金錢,新北市板橋區****,,否,,,,,,,
221,山田摩衣,111年新北市議員選舉,第2次賸餘,1131025,支付當選後與其公務有關之費用,協合成商行,29283267,0.00,78.00,,,,雜項購置或修繕費用,金錢,新北市板橋區****,02-2*****,否,,,,,,,
222,山田摩衣,111年新北市議員選舉,第2次賸餘,1131028,支付當選後與其公務有關之費用,花語園藝資材婚禮用品,,0.00,150.00,,,,雜項購置或修繕費用,金錢,新北市板橋區****,,否,,,,,,,
223,山田摩衣,111年新北市議員選舉,第2次賸餘,1131028,支付當選後與其公務有關之費用,好品便當店,,0.00,485.00,,,,餐飲費用,金錢,新北市板橋區****,,否,,,,,,,
224,山田摩衣,111年新北市議員選舉,第2次賸餘,1131028,支付當選後與其公務有關之費用,台北市停車管理工程處,01019772,0.00,60.00,,,,停車費,金錢,臺北市信義區****,2759*****,否,,,,,,,
225,山田摩衣,111年新北市議員選舉,第2次賸餘,1131101,支付當選後與其公務有關之費用,郭與鎮,F10*******,0.00,10000.00,,,,租用場地費用,金錢,新北市板橋區****,,否,,,,,,,
226,山田摩衣,111年新北市議員選舉,第2次賸餘,1131105,支付當選後與其公務有關之費用,台灣電力公司,04860092,0.00,2691.00,,,,水電瓦斯費用,金錢,臺北市中正區****,,否,,,,,,,
227,山田摩衣,111年新北市議員選舉,第2次賸餘,1131105,支付當選後與其公務有關之費用,中華電信股份有限公司新北營運處,92887342,0.00,799.00,,,,電信費用,金錢,新北市永和區****,,否,,,,,,,
228,山田摩衣,111年新北市議員選舉,第2次賸餘,1131107,支付當選後與其公務有關之費用,台灣自來水股份有限公司第十二區管理處板橋服務所,01889546,0.00,199.00,,,,水電瓦斯費用,金錢,新北市板橋區****,,否,,,,,,,
229,山田摩衣,111年新北市議員選舉,第2次賸餘,1131108,支付當選後與其公務有關之費用,草地人蚵仔麵線,10007609,0.00,510.00,,,,餐飲費用,金錢,新北市板橋區****,02-2*****,否,,,,,,,
230,山田摩衣,111年新北市議員選舉,第2次賸餘,1131108,支付當選後與其公務有關之費用,中華電信股份有限公司新北營運處,92887342,0.00,1688.00,,,,電信費用,金錢,新北市永和區****,,否,,,,,,,
231,山田摩衣,111年新北市議員選舉,第2次賸餘,1131110,支付當選後與其公務有關之費用,聯合禮品花藝行,19515014,0.00,6434.00,,,,雜項購置或修繕費用,金錢,新北市中和區****,,否,,,,,,,
232,山田摩衣,111年新北市議員選舉,第2次賸餘,1131111,支付當選後與其公務有關之費用,龍恩焢肉飯店,30190652,0.00,300.00,,,,餐飲費用,金錢,新北市新莊區****,8512*****,否,,,,,,,
233,山田摩衣,111年新北市議員選舉,第2次賸餘,1131112,支付當選後與其公務有關之費用,草地人蚵仔麵線,10007609,0.00,340.00,,,,餐飲費用,金錢,新北市板橋區****,02-2*****,否,,,,,,,
234,山田摩衣,111年新北市議員選舉,第2次賸餘,1131113,支付當選後與其公務有關之費用,奕美科技有限公司,83052670,0.00,3923.00,,,,雜項購置或修繕費用,金錢,臺北市大安區****,02-2*****,否,,,,,,,
235,山田摩衣,111年新北市議員選舉,第2次賸餘,1131115,支付當選後與其公務有關之費用,中華郵政股份有限公司板橋文化路郵局,33504306,0.00,30.00,,,,雜項購置或修繕費用,金錢,新北市板橋區****,,否,,,,,,,
236,山田摩衣,111年新北市議員選舉,第2次賸餘,1131118,支付當選後與其公務有關之費用,中華郵政股份有限公司板橋文化路郵局,33504306,0.00,28.00,,,,雜項購置或修繕費用,金錢,新北市板橋區****,,否,,,,,,,
237,山田摩衣,111年新北市議員選舉,第2次賸餘,1131125,支付當選後與其公務有關之費用,中華郵政股份有限公司板橋文化路郵局,33504306,0.00,80.00,,,,雜項購置或修繕費用,金錢,新北市板橋區****,,否,,,,,,,
238,山田摩衣,111年新北市議員選舉,第2次賸餘,1131129,支付當選後與其公務有關之費用,中華電信股份有限公司新北營運處,92887342,0.00,799.00,,,,電信費用,金錢,新北市永和區****,,否,,,,,,,
239,山田摩衣,111年新北市議員選舉,第2次賸餘,1131202,支付當選後與其公務有關之費用,中華郵政股份有限公司板橋江翠郵局,34402144,0.00,56.00,,,,雜項購置或修繕費用,金錢,新北市板橋區****,,否,,,,,,,
240,山田摩衣,111年新北市議員選舉,第2次賸餘,1131202,支付當選後與其公務有關之費用,好品便當店,87305015,0.00,330.00,,,,餐飲費用,金錢,新北市板橋區****,,否,,,,,,,
241,山田摩衣,111年新北市議員選舉,第2次賸餘,1131202,支付當選後與其公務有關之費用,郭與鎮,F10*******,0.00,10000.00,,,,租用場地費用,金錢,新北市板橋區****,,否,,,,,,,
242,山田摩衣,111年新北市議員選舉,第2次賸餘,1131204,支付當選後與其公務有關之費用,福記燒臘,09662515,0.00,225.00,,,,餐飲費用,金錢,新北市板橋區****,,否,,,,,,,
243,山田摩衣,111年新北市議員選舉,第2次賸餘,1131206,支付當選後與其公務有關之費用,仕大有限公司,68009491,0.00,166.00,,,,雜項購置或修繕費用,金錢,新北市板橋區****,,否,,,,,,,
244,山田摩衣,111年新北市議員選舉,第2次賸餘,1131209,支付當選後與其公務有關之費用,柔美茶行,91223304,0.00,198.00,,,,餐飲費用,金錢,新北市板橋區****,,否,,,,,,,
245,山田摩衣,111年新北市議員選舉,第2次賸餘,1131210,支付當選後與其公務有關之費用,奕美科技有限公司,83052670,0.00,4507.00,,,,雜項購置或修繕費用,金錢,臺北市大安區****,02-2*****,否,,,,,,,
246,山田摩衣,111年新北市議員選舉,第2次賸餘,1131211,支付當選後與其公務有關之費用,松德商行,14253455,0.00,1040.00,,,,雜項購置或修繕費用,金錢,新北市板橋區****,,否,,,,,,,
247,山田摩衣,111年新北市議員選舉,第2次賸餘,1131211,支付當選後與其公務有關之費用,超吉小吃店,26196654,0.00,345.00,,,,餐飲費用,金錢,新北市板橋區****,,否,,,,,,,
248,山田摩衣,111年新北市議員選舉,第2次賸餘,1131212,支付當選後與其公務有關之費用,中華郵政股份有限公司板橋文化路郵局,33504306,0.00,30.00,,,,雜項購置或修繕費用,金錢,新北市板橋區****,,否,,,,,,,
249,山田摩衣,111年新北市議員選舉,第2次賸餘,1131212,支付當選後與其公務有關之費用,好品便當店,87305015,0.00,110.00,,,,餐飲費用,金錢,新北市板橋區****,,否,,,,,,,
250,山田摩衣,111年新北市議員選舉,第2次賸餘,1131213,支付當選後與其公務有關之費用,沐新食品有限公司,24266970,0.00,2100.00,,,,雜項購置或修繕費用,金錢,新北市板橋區****,,否,,,,,,,
251,山田摩衣,111年新北市議員選舉,第2次賸餘,1131213,支付當選後與其公務有關之費用,美佳香食品行,34488304,0.00,375.00,,,,雜項購置或修繕費用,金錢,新北市板橋區****,,否,,,,,,,
252,山田摩衣,111年新北市議員選舉,第2次賸餘,1131213,支付當選後與其公務有關之費用,中華電信股份有限公司新北營運處,92887342,0.00,2181.00,,,,電信費用,金錢,新北市永和區****,,否,,,,,,,
253,山田摩衣,111年新北市議員選舉,第2次賸餘,1131216,支付當選後與其公務有關之費用,中華郵政股份有限公司板橋文化路郵局,33504306,0.00,30.00,,,,雜項購置或修繕費用,金錢,新北市板橋區****,,否,,,,,,,
254,山田摩衣,111年新北市議員選舉,第2次賸餘,1131216,支付當選後與其公務有關之費用,吉昌鮮花店,87775965,0.00,2100.00,,,,雜項購置或修繕費用,金錢,新北市板橋區****,02-2*****,否,,,,,,,
255,山田摩衣,111年新北市議員選舉,第2次賸餘,1131216,支付當選後與其公務有關之費用,柔美茶行,91223304,0.00,198.00,,,,餐飲費用,金錢,新北市板橋區****,,否,,,,,,,
256,山田摩衣,111年新北市議員選舉,第2次賸餘,1131216,支付當選後與其公務有關之費用,大豐有線電視股份有限公司,96974228,0.00,1500.00,,,,雜項購置或修繕費用,金錢,新北市土城區****,,否,,,,,,,
257,山田摩衣,111年新北市議員選舉,第2次賸餘,1131217,支付當選後與其公務有關之費用,九乘九股份有限公司,90174369,0.00,1002.00,,,,文具用品費用,金錢,新北市板橋區****,02-2*****,否,,,,,,,
258,山田摩衣,111年新北市議員選舉,第2次賸餘,1131218,支付當選後與其公務有關之費用,府都黃牛肉麵店,26723585,0.00,190.00,,,,餐飲費用,金錢,新北市板橋區****,02-2*****,否,,,,,,,
259,山田摩衣,111年新北市議員選舉,第2次賸餘,1131218,支付當選後與其公務有關之費用,台灣中油（股）公司油品行銷事業部東區營業處礁溪加油站,40020489,0.00,850.00,,,,油資,金錢,宜蘭縣礁溪鄉****,,否,,,,,,,
260,山田摩衣,111年新北市議員選舉,第2次賸餘,1131223,支付當選後與其公務有關之費用,萊爾富國際股份有限公司-第四一六七分公司,24801038,0.00,15.00,,,,雜項購置或修繕費用,金錢,新北市板橋區****,,否,,,,,,,
261,山田摩衣,111年新北市議員選舉,第2次賸餘,1131223,支付當選後與其公務有關之費用,府都黃牛肉麵店,26723585,0.00,180.00,,,,餐飲費用,金錢,新北市板橋區****,02-2*****,否,,,,,,,
262,山田摩衣,111年新北市議員選舉,第2次賸餘,1131223,支付當選後與其公務有關之費用,中華郵政股份有限公司板橋文化路郵局,33504306,0.00,533.00,,,,雜項購置或修繕費用,金錢,新北市板橋區****,,否,,,,,,,
263,山田摩衣,111年新北市議員選舉,第2次賸餘,1131223,支付當選後與其公務有關之費用,好友文具城,83974056,0.00,35.00,,,,文具用品費用,金錢,新北市板橋區****,,否,,,,,,,
264,山田摩衣,111年新北市議員選舉,第2次賸餘,1131223,支付當選後與其公務有關之費用,好友文具城,83974056,0.00,590.00,,,,文具用品費用,金錢,新北市板橋區****,,否,,,,,,,
265,山田摩衣,111年新北市議員選舉,第2次賸餘,1131223,支付當選後與其公務有關之費用,遠通電收股份有限公司,98770235,0.00,356.00,,,,其他與交通旅運有關之費用,金錢,新北市板橋區****,,否,,,,,,,
266,山田摩衣,111年新北市議員選舉,第2次賸餘,1131225,支付當選後與其公務有關之費用,聯合禮品花藝行,19515014,0.00,12126.00,,,,雜項購置或修繕費用,金錢,新北市中和區****,,否,,,,,,,
267,山田摩衣,111年新北市議員選舉,第2次賸餘,1131225,支付當選後與其公務有關之費用,中華郵政股份有限公司板橋文化路郵局,33504306,0.00,920.00,,,,雜項購置或修繕費用,金錢,新北市板橋區****,,否,,,,,,,
268,山田摩衣,111年新北市議員選舉,第2次賸餘,1131225,支付當選後與其公務有關之費用,柔美茶行,91223304,0.00,99.00,,,,餐飲費用,金錢,新北市板橋區****,,否,,,,,,,
269,山田摩衣,111年新北市議員選舉,第2次賸餘,1131230,支付當選後與其公務有關之費用,富澤印刷有限公司,27408966,0.00,114720.00,,,,製作競選物品或宣傳廣告費用,金錢,新北市板橋區****,,否,,,,,,,
270,山田摩衣,111年新北市議員選舉,第2次賸餘,1131230,支付當選後與其公務有關之費用,初義食午義大利麵坊,91245010,0.00,220.00,,,,餐飲費用,金錢,新北市板橋區****,,否,,,,,,,
271,山田摩衣,111年新北市議員選舉,第2次賸餘,1131230,支付當選後與其公務有關之費用,張依婷,E22*******,0.00,20000.00,,,,其他因工作酬勞之給付,金錢,高雄市左營區****,0911*****,否,,,,,,,
272,山田摩衣,111年新北市議員選舉,第2次賸餘,1131231,支付當選後與其公務有關之費用,台灣連線股份有限公司,24556886,0.00,840.00,,,,電信費用,金錢,臺北市內湖區****,,否,,,,,,,
