﻿序號,擬參選人／政黨,選舉名稱,申報序號／年度,交易日期,收支科目,捐贈者／支出對象,身分證／統一編號,收入金額,支出金額,捐贈方式,存入專戶日期,返還/繳庫,支出用途,金錢類,地址,聯絡電話,應揭露之支出對象,支出對象之內部人員姓名,支出對象之內部人員職稱,政黨之內部人員姓名,政黨之內部人員職稱,關係,更正註記,資料更正日期
1,陳秋宏,111年臺南市議員選舉,首次申報,1110712,個人捐贈收入,陳俊銘,,20000.00,0.00,匯款,1110712,,,金錢,台南市東區東****,0623*****,,,,,,,,
2,陳秋宏,111年臺南市議員選舉,首次申報,1110804,營利事業捐贈收入,旭康國際有限公司,54549687,10000.00,0.00,匯款,,已返還,,金錢,臺南市北區海****,,,,,,,,,
3,陳秋宏,111年臺南市議員選舉,首次申報,1110805,個人捐贈收入,陳彥宇,,30000.00,0.00,匯款,1110805,,,金錢,麻豆區麻興路****,0921*****,,,,,,,,
4,陳秋宏,111年臺南市議員選舉,首次申報,1110810,個人捐贈收入,黃偉荃,,500.00,0.00,匯款,1110810,,,金錢,新竹市北區延****,0963*****,,,,,,,,
5,陳秋宏,111年臺南市議員選舉,首次申報,1110819,個人捐贈收入,嚴聖博,,20000.00,0.00,現金,1110819,,,金錢,臺南市東山區****,,,,,,,,,
6,陳秋宏,111年臺南市議員選舉,首次申報,1110823,營利事業捐贈收入,榮瑞鋼構有限公司,27643483,350000.00,0.00,匯款,1110823,,,金錢,臺南市柳營區****,,,,,,,,,
7,陳秋宏,111年臺南市議員選舉,首次申報,1110831,個人捐贈收入,曾俊男,,10000.00,0.00,匯款,1110831,,,金錢,臺南市下營區****,,,,,,,,,
8,陳秋宏,111年臺南市議員選舉,首次申報,1110905,個人捐贈收入,洪宗翰,,30000.00,0.00,匯款,1110905,,,金錢,臺南市下營區****,,,,,,,,,
9,陳秋宏,111年臺南市議員選舉,首次申報,1110907,個人捐贈收入,楊寶仁,,20000.00,0.00,匯款,1110907,,,金錢,臺南市麻豆區****,0910*****,,,,,,,,
10,陳秋宏,111年臺南市議員選舉,首次申報,1110907,個人捐贈收入,楊介仁,,20000.00,0.00,現金,1110907,,,金錢,臺南市下營區****,0910*****,,,,,,,,
11,陳秋宏,111年臺南市議員選舉,首次申報,1110907,個人捐贈收入,范世强,,5000.00,0.00,匯款,1110907,,,金錢,彰化縣員林市****,0972*****,,,,,,,,
12,陳秋宏,111年臺南市議員選舉,首次申報,1110907,個人捐贈收入,范思漢,,500.00,0.00,匯款,1110907,,,金錢,臺南市下營區****,,,,,,,,,
13,陳秋宏,111年臺南市議員選舉,首次申報,1110907,營利事業捐贈收入,龍門大旅社,71710544,100000.00,0.00,匯款,1110907,,,金錢,臺南市官田區****,,,,,,,,,
14,陳秋宏,111年臺南市議員選舉,首次申報,1110907,個人捐贈收入,顏金龍,R12*******,100000.00,0.00,匯款,1110907,,,金錢,臺南市六甲區****,,,,,,,,,
15,陳秋宏,111年臺南市議員選舉,首次申報,1110919,個人捐贈收入,曾俊憲,,20000.00,0.00,匯款,1110919,,,金錢,臺南市下營區****,06-6*****,,,,,,,,
16,陳秋宏,111年臺南市議員選舉,首次申報,1110920,個人捐贈收入,張其逢,,3600.00,0.00,匯款,1110920,,,金錢,臺南市新營區****,0906*****,,,,,,,,
17,陳秋宏,111年臺南市議員選舉,首次申報,1110920,個人捐贈收入,簡靖晟,B12*******,100000.00,0.00,匯款,1110920,,,金錢,臺中市北屯區****,0923*****,,,,,,,,
18,陳秋宏,111年臺南市議員選舉,首次申報,1110920,個人捐贈收入,李文魁,T12*******,100000.00,0.00,匯款,1110920,,,金錢,臺中市北屯區****,0906*****,,,,,,,,
19,陳秋宏,111年臺南市議員選舉,首次申報,1110920,個人捐贈收入,李金叡,T22*******,100000.00,0.00,匯款,1110920,,,金錢,臺中市北屯區****,0906*****,,,,,,,,
20,陳秋宏,111年臺南市議員選舉,首次申報,1110921,個人捐贈收入,蔡政達,,2000.00,0.00,匯款,1110921,,,金錢,臺南市新營區****,,,,,,,,,
21,陳秋宏,111年臺南市議員選舉,首次申報,1110926,營利事業捐贈收入,菖泰實業股份有限公司,22856943,12000.00,0.00,匯款,1110926,,,金錢,臺北市松山區****,,,,,,,,,
22,陳秋宏,111年臺南市議員選舉,首次申報,1110926,個人捐贈收入,陳俊宇,R12*******,60000.00,0.00,現金,,已返還,,金錢,臺南市六甲區****,,,,,,,,,
23,陳秋宏,111年臺南市議員選舉,首次申報,1111005,營利事業捐贈收入,皇達機械有限公司,24912246,20000.00,0.00,現金,,,,金錢,臺南市柳營區****,0932*****,,,,,,,,
24,陳秋宏,111年臺南市議員選舉,首次申報,1111008,個人捐贈收入,蔡添興,,30000.00,0.00,現金,,,,金錢,臺南市新營區****,,,,,,,,,
25,陳秋宏,111年臺南市議員選舉,首次申報,1111010,營利事業捐贈收入,侑銓企業有限公司,91116395,10000.00,0.00,現金,1111010,,,金錢,臺南市麻豆區****,0966*****,,,,,,,,
26,陳秋宏,111年臺南市議員選舉,首次申報,1111012,營利事業捐贈收入,金富發營造有限公司,80000734,100000.00,0.00,現金,,,,金錢,臺南市西港區****,,,,,,,,,
27,陳秋宏,111年臺南市議員選舉,首次申報,1111014,營利事業捐贈收入,震易工程有限公司,85056270,20000.00,0.00,現金,,已返還,,金錢,臺中市清水區****,,,,,,,,,
28,陳秋宏,111年臺南市議員選舉,首次申報,1111014,個人捐贈收入,林淑卿,P22*******,100000.00,0.00,現金,,已返還,,金錢,臺南市六甲區****,,,,,,,,,
29,陳秋宏,111年臺南市議員選舉,首次申報,1111014,個人捐贈收入,顏子琇,R22*******,100000.00,0.00,現金,,已返還,,金錢,臺南市安定區****,,,,,,,,,
30,陳秋宏,111年臺南市議員選舉,首次申報,1111015,個人捐贈收入,吳佳真,F22*******,50000.00,0.00,現金,,,,金錢,新竹市東區文****,,,,,,,,,
31,陳秋宏,111年臺南市議員選舉,首次申報,1111015,個人捐贈收入,林立弘,J12*******,100000.00,0.00,現金,1111015,,,金錢,新竹縣竹北市****,,,,,,,,,
32,陳秋宏,111年臺南市議員選舉,首次申報,1111017,營利事業捐贈收入,立育工程有限公司,53258160,50000.00,0.00,現金,,,,金錢,高雄市仁武區****,,,,,,,,,
33,陳秋宏,111年臺南市議員選舉,首次申報,1111018,個人捐贈收入,李東穎,,20000.00,0.00,匯款,1111018,,,金錢,臺南市安平區****,0919*****,,,,,,,,
34,陳秋宏,111年臺南市議員選舉,首次申報,1111020,營利事業捐贈收入,東纖精密工業股份有限公司,23472678,20000.00,0.00,匯款,1111020,,,金錢,臺南市下營區****,,,,,,,,,
35,陳秋宏,111年臺南市議員選舉,首次申報,1111021,營利事業捐贈收入,大南方資源再生股份有限公司,27224616,100000.00,0.00,現金,,,,金錢,臺南市麻豆區****,,,,,,,,,
36,陳秋宏,111年臺南市議員選舉,首次申報,1111021,營利事業捐贈收入,光榮工程行,37723345,100000.00,0.00,現金,,已返還,,金錢,臺南市六甲區****,0925*****,,,,,,,,
37,陳秋宏,111年臺南市議員選舉,首次申報,1111023,個人捐贈收入,陳原武,,3000.00,0.00,現金,,,,金錢,臺南市麻豆區****,,,,,,,,,
38,陳秋宏,111年臺南市議員選舉,首次申報,1111023,個人捐贈收入,陳昭憲,,3000.00,0.00,現金,,,,金錢,臺南市麻豆區****,,,,,,,,,
39,陳秋宏,111年臺南市議員選舉,首次申報,1111024,個人捐贈收入,陳崑山,,8000.00,0.00,現金,,,,金錢,臺南市新營區****,0911*****,,,,,,,,
40,陳秋宏,111年臺南市議員選舉,首次申報,1111024,個人捐贈收入,陳清波,,10000.00,0.00,現金,1111024,,,金錢,臺南市下營區****,,,,,,,,,
41,陳秋宏,111年臺南市議員選舉,首次申報,1111024,營利事業捐贈收入,光榮工程行,37723345,34000.00,0.00,現金,,已返還,,金錢,臺南市六甲區****,0925*****,,,,,,,,
42,陳秋宏,111年臺南市議員選舉,首次申報,1111024,個人捐贈收入,張如瑩,R22*******,20000.00,0.00,現金,,,,金錢,臺南市善化區****,,,,,,,,,
43,陳秋宏,111年臺南市議員選舉,首次申報,1111025,營利事業捐贈收入,松根企業社,72215114,30000.00,0.00,現金,,,,金錢,臺南市下營區****,,,,,,,,,
44,陳秋宏,111年臺南市議員選舉,首次申報,1111026,個人捐贈收入,林淑鈴,A22*******,100000.00,0.00,匯款,1111026,,,金錢,臺南市北區和****,0929*****,,,,,,,,
45,陳秋宏,111年臺南市議員選舉,首次申報,1111028,個人捐贈收入,王雲祥,,2000.00,0.00,匯款,1111028,,,金錢,臺南市麻豆區****,0657*****,,,,,,,,
46,陳秋宏,111年臺南市議員選舉,首次申報,1111028,個人捐贈收入,陳登瑞,R10*******,100000.00,0.00,匯款,1111028,,,金錢,臺南市下營區****,0928*****,,,,,,,,
47,陳秋宏,111年臺南市議員選舉,首次申報,1111031,個人捐贈收入,李瓊良,,30000.00,0.00,匯款,1111031,,,金錢,臺南市永康區****,,,,,,,,,
48,陳秋宏,111年臺南市議員選舉,首次申報,1111031,個人捐贈收入,劉輝煌,,10000.00,0.00,現金,,,,金錢,臺南市官田區****,,,,,,,,,
49,陳秋宏,111年臺南市議員選舉,首次申報,1111101,個人捐贈收入,曾暉仁,,2000.00,0.00,匯款,1111101,,,金錢,臺南市麻豆區****,,,,,,,,,
50,陳秋宏,111年臺南市議員選舉,首次申報,1111101,個人捐贈收入,陳貞嬌,E22*******,100000.00,0.00,現金,,已返還,,金錢,臺南市下營區****,0921*****,,,,,,,,
51,陳秋宏,111年臺南市議員選舉,首次申報,1111102,個人捐贈收入,林宇綸,,10000.00,0.00,匯款,1111102,,,金錢,臺南市北區海****,,,,,,,,,
52,陳秋宏,111年臺南市議員選舉,首次申報,1111102,人民團體捐贈收入,武德宮,,10000.00,0.00,現金,,已返還,,金錢,臺南市下營區****,,,,,,,,,
53,陳秋宏,111年臺南市議員選舉,首次申報,1111103,個人捐贈收入,林建良,,10000.00,0.00,匯款,1111103,,,金錢,臺南市麻豆區****,,,,,,,,,
54,陳秋宏,111年臺南市議員選舉,首次申報,1111103,個人捐贈收入,賴正順,,10000.00,0.00,現金,1111103,,,金錢,臺南市新營區****,,,,,,,,,
55,陳秋宏,111年臺南市議員選舉,首次申報,1111103,營利事業捐贈收入,武霖管理顧問有限公司,42728405,50000.00,0.00,現金,,已返還,,金錢,新北市淡水區****,,,,,,,,,
56,陳秋宏,111年臺南市議員選舉,首次申報,1111103,個人捐贈收入,李建蘭,A27*******,75000.00,0.00,匯款,1111103,,,金錢,新北市中和區****,05-3*****,,,,,,,,
57,陳秋宏,111年臺南市議員選舉,首次申報,1111103,個人捐贈收入,徐紹展,H12*******,50000.00,0.00,現金,,,,金錢,新北市淡水區****,0905*****,,,,,,,,
58,陳秋宏,111年臺南市議員選舉,首次申報,1111104,個人捐贈收入,林東毅,,10000.00,0.00,現金,1111104,,,金錢,臺南市下營區****,0930*****,,,,,,,,
59,陳秋宏,111年臺南市議員選舉,首次申報,1111104,個人捐贈收入,吳秋木,,10000.00,0.00,匯款,1111104,,,金錢,臺北市松山區****,,,,,,,,,
60,陳秋宏,111年臺南市議員選舉,首次申報,1111104,個人捐贈收入,沈錦堂,,3600.00,0.00,匯款,1111104,,,金錢,臺南市新營區****,0938*****,,,,,,,,
61,陳秋宏,111年臺南市議員選舉,首次申報,1111105,個人捐贈收入,沈龍吉,,5000.00,0.00,現金,,,,金錢,臺南市下營區****,,,,,,,,,
62,陳秋宏,111年臺南市議員選舉,首次申報,1111105,個人捐贈收入,林俊松,,5000.00,0.00,現金,1111105,,,金錢,臺南市下營區****,,,,,,,,,
63,陳秋宏,111年臺南市議員選舉,首次申報,1111105,個人捐贈收入,顏永龍,,5000.00,0.00,現金,1111105,,,金錢,臺南市下營區****,0981*****,,,,,,,,
64,陳秋宏,111年臺南市議員選舉,首次申報,1111105,營利事業捐贈收入,永凱盛興業有限公司,16477472,20000.00,0.00,現金,,,,金錢,高雄市鹽埕區****,,,,,,,,,
65,陳秋宏,111年臺南市議員選舉,首次申報,1111105,營利事業捐贈收入,洽通實業股份有限公司,16523742,20000.00,0.00,現金,,,,金錢,臺南市學甲區****,0678*****,,,,,,,,
66,陳秋宏,111年臺南市議員選舉,首次申報,1111105,營利事業捐贈收入,昇鴻旗幟,40716348,10000.00,0.00,現金,1111105,,,金錢,臺南市佳里區****,,,,,,,,,
67,陳秋宏,111年臺南市議員選舉,首次申報,1111105,個人捐贈收入,劉淑玲,R22*******,50000.00,0.00,現金,,,,金錢,臺南市麻豆區****,,,,,,,,,
68,陳秋宏,111年臺南市議員選舉,首次申報,1111106,個人捐贈收入,吳淑容,,20000.00,0.00,現金,,,,金錢,臺南市麻豆區****,,,,,,,,,
69,陳秋宏,111年臺南市議員選舉,首次申報,1111107,個人捐贈收入,蔡鳳英,,20000.00,0.00,匯款,1111107,,,金錢,高雄市湖內區****,,,,,,,,,
70,陳秋宏,111年臺南市議員選舉,首次申報,1111107,個人捐贈收入,歐陽輝安,,3600.00,0.00,匯款,1111107,,,金錢,臺南市安定區****,0963*****,,,,,,,,
71,陳秋宏,111年臺南市議員選舉,首次申報,1111108,個人捐贈收入,陳盈吉,,2000.00,0.00,匯款,1111108,,,金錢,嘉義縣太保市****,0912*****,,,,,,,,
72,陳秋宏,111年臺南市議員選舉,首次申報,1111112,個人捐贈收入,楊宜璋,,2000.00,0.00,現金,1111112,,,金錢,臺南市下營區****,,,,,,,,,
73,陳秋宏,111年臺南市議員選舉,首次申報,1111112,營利事業捐贈收入,首灃企業股份有限公司,23545969,100000.00,0.00,現金,1111112,,,金錢,臺南市善化區****,0658*****,,,,,,,,
74,陳秋宏,111年臺南市議員選舉,首次申報,1111114,營利事業捐贈收入,參軍牧場,81706105,10000.00,0.00,現金,1111114,,,金錢,臺南市柳營區****,,,,,,,,,
75,陳秋宏,111年臺南市議員選舉,首次申報,1111116,個人捐贈收入,劉錦郎,,30000.00,0.00,匯款,1111116,,,金錢,臺南市大內區****,0928*****,,,,,,,,
76,陳秋宏,111年臺南市議員選舉,首次申報,1111118,個人捐贈收入,姜天瑞,,18000.00,0.00,現金,,,,金錢,臺南市下營區****,,,,,,,,,
77,陳秋宏,111年臺南市議員選舉,首次申報,1111118,個人捐贈收入,王英鐘,R22*******,50000.00,0.00,現金,,,,金錢,臺南市將軍區****,,,,,,,,,
78,陳秋宏,111年臺南市議員選舉,首次申報,1111121,營利事業捐贈收入,勝弘輪胎有限公司,53510967,50000.00,0.00,匯款,1111121,,,金錢,臺南市麻豆區****,0657*****,,,,,,,,
79,陳秋宏,111年臺南市議員選舉,首次申報,1111123,營利事業捐贈收入,海悅地產開發股份有限公司,24493341,100000.00,0.00,匯款,1111123,,,金錢,臺北市松山區****,0287*****,,,,,,,,
80,陳秋宏,111年臺南市議員選舉,首次申報,1111123,營利事業捐贈收入,寶營畜產有限公司,24914103,200000.00,0.00,匯款,,已返還,,金錢,臺南市下營區****,0668*****,,,,,,,,
81,陳秋宏,111年臺南市議員選舉,首次申報,1111123,個人捐贈收入,林福隆,Q12*******,100000.00,0.00,現金,,,,金錢,嘉義縣水上鄉****,,,,,,,,,
82,陳秋宏,111年臺南市議員選舉,首次申報,1111123,個人捐贈收入,温福泉,R12*******,100000.00,0.00,現金,,,,金錢,臺南市玉井區****,,,,,,,,,
83,陳秋宏,111年臺南市議員選舉,首次申報,1111221,其他收入,利息收入,,427.00,0.00,匯款,1111221,,,金錢,,,,,,,,,,
