﻿序號,擬參選人／政黨,選舉名稱,申報序號／年度,交易日期,收支科目,捐贈者／支出對象,身分證／統一編號,收入金額,支出金額,捐贈方式,存入專戶日期,返還/繳庫,支出用途,金錢類,地址,聯絡電話,應揭露之支出對象,支出對象之內部人員姓名,支出對象之內部人員職稱,政黨之內部人員姓名,政黨之內部人員職稱,關係,更正註記,資料更正日期
1,李啓維,111年臺南市議員選舉,首次申報,1110722,個人捐贈收入,何應冠,D12*******,50000.00,0.00,匯款,1110722,,,金錢,臺南市安平區****,,,,,,,,,
2,李啓維,111年臺南市議員選舉,首次申報,1110813,個人捐贈收入,徐培凱,,8888.00,0.00,匯款,1110813,,,金錢,臺南市南區新****,,,,,,,,,
3,李啓維,111年臺南市議員選舉,首次申報,1110817,匿名捐贈,吳靜茹,,1000.00,0.00,匯款,1110817,,,金錢,,,,,,,,,,
4,李啓維,111年臺南市議員選舉,首次申報,1110817,匿名捐贈,賴柏峻,,1000.00,0.00,匯款,1110817,,,金錢,,,,,,,,,,
5,李啓維,111年臺南市議員選舉,首次申報,1110817,匿名捐贈,郭幸枝,,2000.00,0.00,匯款,1110817,,,金錢,,,,,,,,,,
6,李啓維,111年臺南市議員選舉,首次申報,1110817,匿名捐贈,郭珮郁,,2000.00,0.00,匯款,1110817,,,金錢,,,,,,,,,,
7,李啓維,111年臺南市議員選舉,首次申報,1110817,匿名捐贈,沈連欽,,1000.00,0.00,匯款,1110817,,,金錢,,,,,,,,,,
8,李啓維,111年臺南市議員選舉,首次申報,1110817,匿名捐贈,吳逸倫,,1000.00,0.00,匯款,1110817,,,金錢,,,,,,,,,,
9,李啓維,111年臺南市議員選舉,首次申報,1110817,匿名捐贈,鄭喬木,,1000.00,0.00,匯款,1110817,,,金錢,,,,,,,,,,
10,李啓維,111年臺南市議員選舉,首次申報,1110817,匿名捐贈,李綜霖,,1000.00,0.00,匯款,1110817,,,金錢,,,,,,,,,,
11,李啓維,111年臺南市議員選舉,首次申報,1110817,匿名捐贈,魏步旭,,1000.00,0.00,匯款,1110817,,,金錢,,,,,,,,,,
12,李啓維,111年臺南市議員選舉,首次申報,1110817,匿名捐贈,吳政霖,,1000.00,0.00,匯款,1110817,,,金錢,,,,,,,,,,
13,李啓維,111年臺南市議員選舉,首次申報,1110817,匿名捐贈,李典佑,,1000.00,0.00,匯款,1110817,,,金錢,,,,,,,,,,
14,李啓維,111年臺南市議員選舉,首次申報,1110817,匿名捐贈,林宗祐,,1000.00,0.00,匯款,1110817,,,金錢,,,,,,,,,,
15,李啓維,111年臺南市議員選舉,首次申報,1110817,匿名捐贈,蔡忠宏,,1000.00,0.00,匯款,1110817,,,金錢,,,,,,,,,,
16,李啓維,111年臺南市議員選舉,首次申報,1110817,匿名捐贈,陳政文,,1000.00,0.00,匯款,1110817,,,金錢,,,,,,,,,,
17,李啓維,111年臺南市議員選舉,首次申報,1110817,匿名捐贈,林子凱,,1000.00,0.00,匯款,1110817,,,金錢,,,,,,,,,,
18,李啓維,111年臺南市議員選舉,首次申報,1110817,匿名捐贈,黃啟銘,,1000.00,0.00,匯款,1110817,,,金錢,,,,,,,,,,
19,李啓維,111年臺南市議員選舉,首次申報,1110817,個人捐贈收入,陳溥樞,,20000.00,0.00,匯款,1110817,,,金錢,臺南市安平區****,,,,,,,,,
20,李啓維,111年臺南市議員選舉,首次申報,1110825,個人捐贈收入,黃經倫,D12*******,30000.00,0.00,匯款,1110825,,,金錢,臺南市安平區****,,,,,,,,,
21,李啓維,111年臺南市議員選舉,首次申報,1110831,營利事業捐贈收入,東峻自動化有限公司,83188141,50000.00,0.00,匯款,1110831,,,金錢,臺南市官田區****,,,,,,,,,
22,李啓維,111年臺南市議員選舉,首次申報,1110831,營利事業捐贈收入,寬仕工業股份有限公司,97238228,100000.00,0.00,匯款,1110831,,,金錢,臺南市關廟區****,,,,,,,,,
23,李啓維,111年臺南市議員選舉,首次申報,1110905,個人捐贈收入,何世江,D12*******,100000.00,0.00,匯款,1110905,,,金錢,臺中市大雅區****,,,,,,,,,
24,李啓維,111年臺南市議員選舉,首次申報,1111012,個人捐贈收入,徐婉芝,,20000.00,0.00,匯款,1111012,,,金錢,臺南市安平區****,,,,,,,,,
25,李啓維,111年臺南市議員選舉,首次申報,1111015,營利事業捐贈收入,元能股份有限公司,89565917,100000.00,0.00,現金,1111018,,,金錢,臺南市安南區****,,,,,,,,,
26,李啓維,111年臺南市議員選舉,首次申報,1111015,個人捐贈收入,杜逸嵐,D12*******,100000.00,0.00,現金,1111018,,,金錢,臺南市南區體****,,,,,,,,,
27,李啓維,111年臺南市議員選舉,首次申報,1111015,個人捐贈收入,杜逸塵,D12*******,100000.00,0.00,現金,1111018,,,金錢,臺南市南區體****,,,,,,,,,
28,李啓維,111年臺南市議員選舉,首次申報,1111015,個人捐贈收入,潘鳳子,D22*******,60000.00,0.00,現金,1111018,,,金錢,臺南市中西區****,,,,,,,,,
29,李啓維,111年臺南市議員選舉,首次申報,1111016,個人捐贈收入,張建群,,3600.00,0.00,現金,1111018,,,金錢,臺南市安平區****,,,,,,,,,
30,李啓維,111年臺南市議員選舉,首次申報,1111016,個人捐贈收入,胡天開,,20000.00,0.00,現金,1111018,,,金錢,臺南市永康區****,,,,,,,,,
31,李啓維,111年臺南市議員選舉,首次申報,1111016,個人捐贈收入,董光亮,,20000.00,0.00,現金,1111018,,,金錢,臺南市南區金****,,,,,,,,,
32,李啓維,111年臺南市議員選舉,首次申報,1111016,營利事業捐贈收入,台南市私立秀光幼兒園,10196876,20000.00,0.00,現金,1111018,,,金錢,臺南市安平區****,,,,,,,,,
33,李啓維,111年臺南市議員選舉,首次申報,1111016,營利事業捐贈收入,緯泰興業有限公司,23968360,20000.00,0.00,現金,1111018,,,金錢,臺南市東區東****,,,,,,,,,
34,李啓維,111年臺南市議員選舉,首次申報,1111016,個人捐贈收入,賴建宏,S12*******,50000.00,0.00,現金,1111018,,,金錢,臺南市安平區****,,,,,,,,,
35,李啓維,111年臺南市議員選舉,首次申報,1111017,個人捐贈收入,鄭珮榆,E22*******,100000.00,0.00,現金,1111018,,,金錢,臺南市安南區****,,,,,,,,,
36,李啓維,111年臺南市議員選舉,首次申報,1111022,個人捐贈收入,賴國彰,,10000.00,0.00,現金,1111103,,,金錢,臺南市北區忠****,,,,,,,,,
37,李啓維,111年臺南市議員選舉,首次申報,1111022,個人捐贈收入,何春來,,2000.00,0.00,現金,1111103,,,金錢,臺南市安平區****,,,,,,,,,
38,李啓維,111年臺南市議員選舉,首次申報,1111022,個人捐贈收入,蔡金安,,10000.00,0.00,現金,1111103,,,金錢,臺南市安平區****,,,,,,,,,
39,李啓維,111年臺南市議員選舉,首次申報,1111022,個人捐贈收入,李秀珀,,20000.00,0.00,現金,1111103,,,金錢,臺南市安平區****,,,,,,,,,
40,李啓維,111年臺南市議員選舉,首次申報,1111022,營利事業捐贈收入,進松造船有限公司,23566936,50000.00,0.00,現金,1111103,,,金錢,臺南市東區裕****,,,,,,,,,
41,李啓維,111年臺南市議員選舉,首次申報,1111022,營利事業捐贈收入,名度建設股份有限公司,69528112,100000.00,0.00,現金,1111103,,,金錢,臺南市關廟區****,,,,,,,,,
42,李啓維,111年臺南市議員選舉,首次申報,1111022,個人捐贈收入,蔡長育,D10*******,100000.00,0.00,現金,1111103,,,金錢,臺南市安平區****,,,,,,,,,
43,李啓維,111年臺南市議員選舉,首次申報,1111022,個人捐贈收入,陳玠年,D12*******,50000.00,0.00,現金,1111103,,,金錢,臺南市南區新****,,,,,,,,,
44,李啓維,111年臺南市議員選舉,首次申報,1111022,個人捐贈收入,胡富文,R12*******,60000.00,0.00,現金,1111103,,,金錢,臺南市善化區****,,,,,,,,,
45,李啓維,111年臺南市議員選舉,首次申報,1111025,個人捐贈收入,邱讚霖,,20000.00,0.00,匯款,1111025,,,金錢,臺南市安平區****,,,,,,,,,
46,李啓維,111年臺南市議員選舉,首次申報,1111025,營利事業捐贈收入,壹壹參捌企業社,88995170,100000.00,0.00,現金,1111103,,,金錢,臺南市東區東****,,,,,,,,,
47,李啓維,111年臺南市議員選舉,首次申報,1111026,個人捐贈收入,葉滄霖,,10000.00,0.00,現金,1111103,,,金錢,臺南市安平區****,,,,,,,,,
48,李啓維,111年臺南市議員選舉,首次申報,1111026,營利事業捐贈收入,東台英建設有限公司,28088940,10000.00,0.00,現金,1111103,,,金錢,臺南市安平區****,,,,,,,,,
49,李啓維,111年臺南市議員選舉,首次申報,1111026,個人捐贈收入,楊燕和,D10*******,30000.00,0.00,現金,1111103,,,金錢,臺南市北區自****,,,,,,,,,
50,李啓維,111年臺南市議員選舉,首次申報,1111027,個人捐贈收入,葉權儀,,20000.00,0.00,現金,1111103,,,金錢,臺南市東區育****,,,,,,,,,
51,李啓維,111年臺南市議員選舉,首次申報,1111027,營利事業捐贈收入,福安工業股份有限公司,68893891,50000.00,0.00,現金,1111103,,,金錢,臺南市南區新****,,,,,,,,,
52,李啓維,111年臺南市議員選舉,首次申報,1111028,人民團體捐贈收入,社團法人台南市流浪動物愛護協會,,50000.00,0.00,現金,1111103,,,金錢,臺南市安平區****,,,,,,,,,
53,李啓維,111年臺南市議員選舉,首次申報,1111028,人民團體捐贈收入,臺南市不動產開發商業同業公會,,100000.00,0.00,現金,1111103,,,金錢,臺南市安平區****,,,,,,,,,
54,李啓維,111年臺南市議員選舉,首次申報,1111028,個人捐贈收入,陳泓錤,,20000.00,0.00,現金,1111103,,,金錢,臺南市中西區****,,,,,,,,,
55,李啓維,111年臺南市議員選舉,首次申報,1111029,個人捐贈收入,黃國欽,,20000.00,0.00,現金,1111103,,,金錢,臺南市安平區****,,,,,,,,,
56,李啓維,111年臺南市議員選舉,首次申報,1111029,個人捐贈收入,黃敏傑,,10000.00,0.00,現金,1111103,,,金錢,臺南市安平區****,,,,,,,,,
57,李啓維,111年臺南市議員選舉,首次申報,1111029,個人捐贈收入,謝佳霖,,20000.00,0.00,現金,1111103,,,金錢,臺南市安平區****,,,,,,,,,
58,李啓維,111年臺南市議員選舉,首次申報,1111030,個人捐贈收入,林錦彰,,6000.00,0.00,現金,1111103,,,金錢,臺南市南區金****,,,,,,,,,
59,李啓維,111年臺南市議員選舉,首次申報,1111030,個人捐贈收入,高緻行黃錦隆,,6600.00,0.00,現金,1111103,,,金錢,臺南市安平區****,,,,,,,,,
60,李啓維,111年臺南市議員選舉,首次申報,1111031,個人捐贈收入,徐明德,,10000.00,0.00,現金,1111103,,,金錢,臺南市南區健****,,,,,,,,,
61,李啓維,111年臺南市議員選舉,首次申報,1111102,個人捐贈收入,張盧雪,,10000.00,0.00,匯款,1111102,,,金錢,臺南市安平區****,,,,,,,,,
62,李啓維,111年臺南市議員選舉,首次申報,1111103,個人捐贈收入,黃月珍,Q20*******,75000.00,0.00,匯款,1111103,,,金錢,嘉義縣義竹鄉****,,,,,,,,,
63,李啓維,111年臺南市議員選舉,首次申報,1111109,營利事業捐贈收入,李正合興有限公司,54572238,100000.00,0.00,匯款,1111109,,,金錢,臺南市安平區****,,,,,,,,,
64,李啓維,111年臺南市議員選舉,首次申報,1111111,個人捐贈收入,劉上維,,12000.00,0.00,匯款,1111111,,,金錢,臺南市安南區****,,,,,,,,,
65,李啓維,111年臺南市議員選舉,首次申報,1111114,個人捐贈收入,包崇明,,5000.00,0.00,匯款,1111114,,,金錢,臺南市安平區****,,,,,,,,,
66,李啓維,111年臺南市議員選舉,首次申報,1111114,個人捐贈收入,陳俊名,T12*******,100000.00,0.00,匯款,1111114,,,金錢,臺南市安平區****,,,,,,,,,
67,李啓維,111年臺南市議員選舉,首次申報,1111118,個人捐贈收入,張家富,,10000.00,0.00,匯款,1111118,,,金錢,臺南市南區賢****,,,,,,,,,
68,李啓維,111年臺南市議員選舉,首次申報,1111120,個人捐贈收入,蘇欽明,,5000.00,0.00,現金,1111125,,,金錢,臺南市安南區****,,,,,,,,,
69,李啓維,111年臺南市議員選舉,首次申報,1111120,個人捐贈收入,鄭員益,,6000.00,0.00,現金,1111125,,,金錢,,0936*****,,,,,,,,
70,李啓維,111年臺南市議員選舉,首次申報,1111120,個人捐贈收入,洪正義,,20000.00,0.00,現金,1111125,,,金錢,臺南市中西區****,,,,,,,,,
71,李啓維,111年臺南市議員選舉,首次申報,1111120,個人捐贈收入,莊登凱,,30000.00,0.00,現金,1111125,,,金錢,臺南市南區中****,,,,,,,,,
72,李啓維,111年臺南市議員選舉,首次申報,1111120,個人捐贈收入,黃意珊,,20000.00,0.00,現金,1111125,,,金錢,臺南市安平區****,,,,,,,,,
73,李啓維,111年臺南市議員選舉,首次申報,1111120,個人捐贈收入,張厚禮,,6000.00,0.00,現金,1111125,,,金錢,臺南市安平區****,,,,,,,,,
74,李啓維,111年臺南市議員選舉,首次申報,1111120,個人捐贈收入,鄭光成,,6000.00,0.00,現金,1111125,,,金錢,,0936*****,,,,,,,,
75,李啓維,111年臺南市議員選舉,首次申報,1111120,個人捐贈收入,郭章吾,,10000.00,0.00,現金,1111125,,,金錢,臺南市南區新****,,,,,,,,,
76,李啓維,111年臺南市議員選舉,首次申報,1111120,個人捐贈收入,方景南,,10000.00,0.00,現金,1111125,,,金錢,臺南市安南區****,,,,,,,,,
77,李啓維,111年臺南市議員選舉,首次申報,1111120,個人捐贈收入,蘇正仁,,2000.00,0.00,現金,1111125,,,金錢,臺南市中西區****,,,,,,,,,
78,李啓維,111年臺南市議員選舉,首次申報,1111120,個人捐贈收入,洪錦足,,3000.00,0.00,現金,1111125,,,金錢,臺南市安平區****,,,,,,,,,
79,李啓維,111年臺南市議員選舉,首次申報,1111120,營利事業捐贈收入,百邑國際開發股份有限公司,53620438,50000.00,0.00,現金,1111125,,,金錢,臺中市北區太****,,,,,,,,,
80,李啓維,111年臺南市議員選舉,首次申報,1111120,營利事業捐贈收入,新緯建築開發股份有限公司,86787746,50000.00,0.00,現金,1111125,,,金錢,臺中市北區太****,,,,,,,,,
81,李啓維,111年臺南市議員選舉,首次申報,1111120,個人捐贈收入,陳燦煌,D10*******,60000.00,0.00,現金,1111125,,,金錢,臺南市南區新****,,,,,,,,,
82,李啓維,111年臺南市議員選舉,首次申報,1111122,個人捐贈收入,賴國彰,,5000.00,0.00,現金,1111125,,,金錢,臺南市北區忠****,,,,,,,,,
83,李啓維,111年臺南市議員選舉,首次申報,1111122,個人捐贈收入,蔡淞字,,2000.00,0.00,現金,1111125,,,金錢,臺南市安平區****,,,,,,,,,
84,李啓維,111年臺南市議員選舉,首次申報,1111122,個人捐贈收入,黃文淵,,1000.00,0.00,現金,1111125,,,金錢,臺南市永康區****,,,,,,,,,
85,李啓維,111年臺南市議員選舉,首次申報,1111122,個人捐贈收入,黃正雄,,3200.00,0.00,現金,1111125,,,金錢,臺南市東區慶****,,,,,,,,,
86,李啓維,111年臺南市議員選舉,首次申報,1111122,個人捐贈收入,成冠良,D10*******,30000.00,0.00,現金,1111125,,,金錢,臺南市南區賢****,,,,,,,,,
87,李啓維,111年臺南市議員選舉,首次申報,1111122,個人捐贈收入,劉信利,D10*******,20000.00,0.00,現金,1111125,,,金錢,臺南市南區新****,,,,,,,,,
88,李啓維,111年臺南市議員選舉,首次申報,1111123,營利事業捐贈收入,海悅開發股份有限公司,27998528,100000.00,0.00,匯款,1111123,,,金錢,臺北市松山區****,,,,,,,,,
89,李啓維,111年臺南市議員選舉,首次申報,1111125,個人捐贈收入,邱森源,,20000.00,0.00,現金,1111125,,,金錢,臺南市安平區****,,,,,,,,,
90,李啓維,111年臺南市議員選舉,首次申報,1111125,個人捐贈收入,陳珮蓉,,6000.00,0.00,現金,1111125,,,金錢,臺南市南區大****,,,,,,,,,
91,李啓維,111年臺南市議員選舉,首次申報,1111125,營利事業捐贈收入,展旺國際企業有限公司,23832890,100000.00,0.00,現金,1111125,,,金錢,臺南市安平區****,,,,,,,,,
92,李啓維,111年臺南市議員選舉,首次申報,1111125,個人捐贈收入,蘇榮輝,R10*******,50000.00,0.00,現金,1111128,,,金錢,臺南市永康區****,,,,,,,,,
93,李啓維,111年臺南市議員選舉,首次申報,1111221,其他收入,利息收入,,558.00,0.00,匯款,1111221,,,金錢,,,,,,,,,,
