﻿序號,擬參選人／政黨,選舉名稱,申報序號／年度,交易日期,收支科目,捐贈者／支出對象,身分證／統一編號,收入金額,支出金額,捐贈方式,存入專戶日期,返還/繳庫,支出用途,金錢類,地址,聯絡電話,應揭露之支出對象,支出對象之內部人員姓名,支出對象之內部人員職稱,政黨之內部人員姓名,政黨之內部人員職稱,關係,更正註記,資料更正日期
1,吳香君,111年新北市議員選舉,首次申報,1110503,匿名捐贈,匿名,,1.00,0.00,匯款,1110503,,,金錢,,,,,,,,,,
2,吳香君,111年新北市議員選舉,首次申報,1110511,個人捐贈收入,巫文傑,N12*******,20000.00,0.00,匯款,1110511,,,金錢,彰化縣員林市****,0921*****,,,,,,,,
3,吳香君,111年新北市議員選舉,首次申報,1110621,其他收入,利息收入,,1.00,0.00,匯款,1110621,,,金錢,,,,,,,,,,
4,吳香君,111年新北市議員選舉,首次申報,1110823,個人捐贈收入,尤怡婷,,1000.00,0.00,匯款,1110902,,,金錢,,0963*****,,,,,,,,
5,吳香君,111年新北市議員選舉,首次申報,1110823,個人捐贈收入,黃琪茹,,2000.00,0.00,匯款,1110902,,,金錢,,0906*****,,,,,,,,
6,吳香君,111年新北市議員選舉,首次申報,1110823,個人捐贈收入,陳穎宣,,2000.00,0.00,匯款,1110902,,,金錢,,0963*****,,,,,,,,
7,吳香君,111年新北市議員選舉,首次申報,1110823,個人捐贈收入,李宛真,,3000.00,0.00,匯款,1110902,,,金錢,,0955*****,,,,,,,,
8,吳香君,111年新北市議員選舉,首次申報,1110823,個人捐贈收入,何富菁,,888.00,0.00,匯款,1110902,,,金錢,,0933*****,,,,,,,,
9,吳香君,111年新北市議員選舉,首次申報,1110823,個人捐贈收入,李竺庭,,300.00,0.00,匯款,1110902,,,金錢,,0986*****,,,,,,,,
10,吳香君,111年新北市議員選舉,首次申報,1110823,個人捐贈收入,江安中,,1000.00,0.00,匯款,1110902,,,金錢,,0939*****,,,,,,,,
11,吳香君,111年新北市議員選舉,首次申報,1110823,個人捐贈收入,劉嘉豪,,2000.00,0.00,匯款,1110902,,,金錢,,0955*****,,,,,,,,
12,吳香君,111年新北市議員選舉,首次申報,1110824,個人捐贈收入,陳佳昕,,500.00,0.00,匯款,1110902,,,金錢,,0936*****,,,,,,,,
13,吳香君,111年新北市議員選舉,首次申報,1110824,個人捐贈收入,陳妍如,,1000.00,0.00,匯款,1110902,,,金錢,,0921*****,,,,,,,,
14,吳香君,111年新北市議員選舉,首次申報,1110824,個人捐贈收入,陳姿樺,,1000.00,0.00,匯款,1110902,,,金錢,,0929*****,,,,,,,,
15,吳香君,111年新北市議員選舉,首次申報,1110824,個人捐贈收入,王天麟,,1000.00,0.00,匯款,1110902,,,金錢,,0932*****,,,,,,,,
16,吳香君,111年新北市議員選舉,首次申報,1110824,個人捐贈收入,王煜維,,2000.00,0.00,匯款,1110902,,,金錢,,0928*****,,,,,,,,
17,吳香君,111年新北市議員選舉,首次申報,1110824,個人捐贈收入,湯佩姿,,3000.00,0.00,匯款,1110902,,,金錢,,0986*****,,,,,,,,
18,吳香君,111年新北市議員選舉,首次申報,1110824,個人捐贈收入,何品樂,,1000.00,0.00,匯款,1110902,,,金錢,,0910*****,,,,,,,,
19,吳香君,111年新北市議員選舉,首次申報,1110824,個人捐贈收入,楊淳喬,,300.00,0.00,匯款,1110902,,,金錢,,0934*****,,,,,,,,
20,吳香君,111年新北市議員選舉,首次申報,1110824,個人捐贈收入,陳湘宜,,1000.00,0.00,匯款,1110902,,,金錢,,0917*****,,,,,,,,
21,吳香君,111年新北市議員選舉,首次申報,1110824,個人捐贈收入,林淑蓮,,2000.00,0.00,匯款,1110902,,,金錢,,0982*****,,,,,,,,
22,吳香君,111年新北市議員選舉,首次申報,1110824,個人捐贈收入,黃書賢,,2000.00,0.00,匯款,1110902,,,金錢,,0917*****,,,,,,,,
23,吳香君,111年新北市議員選舉,首次申報,1110824,個人捐贈收入,黃昭瑾,,2000.00,0.00,匯款,1110902,,,金錢,,0963*****,,,,,,,,
24,吳香君,111年新北市議員選舉,首次申報,1110824,個人捐贈收入,鄭芮雰,,6000.00,0.00,匯款,1110902,,,金錢,,0918*****,,,,,,,,
25,吳香君,111年新北市議員選舉,首次申報,1110824,個人捐贈收入,林淑芬,,2000.00,0.00,匯款,1110902,,,金錢,,0920*****,,,,,,,,
26,吳香君,111年新北市議員選舉,首次申報,1110824,個人捐贈收入,陳韋靜,,1000.00,0.00,匯款,1110902,,,金錢,,0912*****,,,,,,,,
27,吳香君,111年新北市議員選舉,首次申報,1110824,個人捐贈收入,黃琪茹,,2000.00,0.00,匯款,1110902,,,金錢,,0906*****,,,,,,,,
28,吳香君,111年新北市議員選舉,首次申報,1110824,個人捐贈收入,魏品芸,,3000.00,0.00,匯款,1110902,,,金錢,,0988*****,,,,,,,,
29,吳香君,111年新北市議員選舉,首次申報,1110824,個人捐贈收入,巫宣霖,,2000.00,0.00,匯款,1110902,,,金錢,,0912*****,,,,,,,,
30,吳香君,111年新北市議員選舉,首次申報,1110824,個人捐贈收入,許純純,,2000.00,0.00,匯款,1110902,,,金錢,,0986*****,,,,,,,,
31,吳香君,111年新北市議員選舉,首次申報,1110824,個人捐贈收入,張瓈云,,1500.00,0.00,匯款,1110902,,,金錢,,0972*****,,,,,,,,
32,吳香君,111年新北市議員選舉,首次申報,1110824,個人捐贈收入,魏緣清,,1000.00,0.00,匯款,1110902,,,金錢,,0926*****,,,,,,,,
33,吳香君,111年新北市議員選舉,首次申報,1110824,個人捐贈收入,呂金玲,,2000.00,0.00,匯款,1110902,,,金錢,,0935*****,,,,,,,,
34,吳香君,111年新北市議員選舉,首次申報,1110824,個人捐贈收入,江婉慈,,2000.00,0.00,匯款,1110902,,,金錢,,0972*****,,,,,,,,
35,吳香君,111年新北市議員選舉,首次申報,1110824,其他收入,預付物流款,,1000.00,0.00,匯款,1110902,,,金錢,,,,,,,,,,
36,吳香君,111年新北市議員選舉,首次申報,1110825,其他收入,預付物流款,,1000.00,0.00,匯款,1110902,,,金錢,,,,,,,,,,
37,吳香君,111年新北市議員選舉,首次申報,1110825,個人捐贈收入,高薇欣,,2000.00,0.00,匯款,1110902,,,金錢,,0952*****,,,,,,,,
38,吳香君,111年新北市議員選舉,首次申報,1110825,個人捐贈收入,張寶良,,1000.00,0.00,匯款,1110902,,,金錢,,0979*****,,,,,,,,
39,吳香君,111年新北市議員選舉,首次申報,1110825,個人捐贈收入,陳懷仁,,500.00,0.00,匯款,1110902,,,金錢,,0912*****,,,,,,,,
40,吳香君,111年新北市議員選舉,首次申報,1110825,個人捐贈收入,徐紫婷,,2000.00,0.00,匯款,1110902,,,金錢,,0921*****,,,,,,,,
41,吳香君,111年新北市議員選舉,首次申報,1110825,個人捐贈收入,林㳖瑈,,1000.00,0.00,匯款,1110902,,,金錢,,0987*****,,,,,,,,
42,吳香君,111年新北市議員選舉,首次申報,1110825,個人捐贈收入,温淑琴,,1000.00,0.00,匯款,1110902,,,金錢,,0912*****,,,,,,,,
43,吳香君,111年新北市議員選舉,首次申報,1110825,個人捐贈收入,吳品萱,,1000.00,0.00,匯款,1110902,,,金錢,,0933*****,,,,,,,,
44,吳香君,111年新北市議員選舉,首次申報,1110825,個人捐贈收入,張育綺,,1000.00,0.00,匯款,1110902,,,金錢,,0919*****,,,,,,,,
45,吳香君,111年新北市議員選舉,首次申報,1110825,個人捐贈收入,陳薏心,,1000.00,0.00,匯款,1110902,,,金錢,,0911*****,,,,,,,,
46,吳香君,111年新北市議員選舉,首次申報,1110825,個人捐贈收入,陳韻欣,,500.00,0.00,匯款,1110902,,,金錢,,0937*****,,,,,,,,
47,吳香君,111年新北市議員選舉,首次申報,1110825,政黨捐贈收入,時代力量,政黨證字第267號,200000.00,0.00,匯款,1110825,已返還,,金錢,臺北市大同區****,(02)*****,,,,,,,,
48,吳香君,111年新北市議員選舉,首次申報,1110826,個人捐贈收入,潘俊仰,,500.00,0.00,匯款,1110902,,,金錢,,0970*****,,,,,,,,
49,吳香君,111年新北市議員選舉,首次申報,1110826,個人捐贈收入,黃彥菱,,2000.00,0.00,匯款,1110902,,,金錢,,0900*****,,,,,,,,
50,吳香君,111年新北市議員選舉,首次申報,1110826,個人捐贈收入,余潔茹,,1000.00,0.00,匯款,1110902,,,金錢,,0989*****,,,,,,,,
51,吳香君,111年新北市議員選舉,首次申報,1110826,個人捐贈收入,楊濰籈,,1000.00,0.00,匯款,1110902,,,金錢,,0918*****,,,,,,,,
52,吳香君,111年新北市議員選舉,首次申報,1110826,個人捐贈收入,葉妤貞,,1000.00,0.00,匯款,1110902,,,金錢,,0978*****,,,,,,,,
53,吳香君,111年新北市議員選舉,首次申報,1110826,個人捐贈收入,郭姿妤,,1000.00,0.00,匯款,1110902,,,金錢,,0931*****,,,,,,,,
54,吳香君,111年新北市議員選舉,首次申報,1110826,個人捐贈收入,謝菀婷,,2000.00,0.00,匯款,1110902,,,金錢,,0920*****,,,,,,,,
55,吳香君,111年新北市議員選舉,首次申報,1110826,個人捐贈收入,呂品慧,,1000.00,0.00,匯款,1110902,,,金錢,,0933*****,,,,,,,,
56,吳香君,111年新北市議員選舉,首次申報,1110826,個人捐贈收入,陳筱涵,,300.00,0.00,匯款,1110902,,,金錢,,0979*****,,,,,,,,
57,吳香君,111年新北市議員選舉,首次申報,1110826,個人捐贈收入,胡珊瑜,,1000.00,0.00,匯款,1110902,,,金錢,,0911*****,,,,,,,,
58,吳香君,111年新北市議員選舉,首次申報,1110827,個人捐贈收入,黃宜萍,,100.00,0.00,匯款,1110902,,,金錢,,0922*****,,,,,,,,
59,吳香君,111年新北市議員選舉,首次申報,1110827,個人捐贈收入,張綵芸,,1000.00,0.00,匯款,1110902,,,金錢,,0988*****,,,,,,,,
60,吳香君,111年新北市議員選舉,首次申報,1110827,個人捐贈收入,邱奕嘉,,2000.00,0.00,匯款,1110902,,,金錢,,0975*****,,,,,,,,
61,吳香君,111年新北市議員選舉,首次申報,1110827,個人捐贈收入,吳梓甄,,2000.00,0.00,匯款,1110902,,,金錢,,0928*****,,,,,,,,
62,吳香君,111年新北市議員選舉,首次申報,1110827,個人捐贈收入,謝亞雯,,1000.00,0.00,匯款,1110902,,,金錢,,0930*****,,,,,,,,
63,吳香君,111年新北市議員選舉,首次申報,1110827,個人捐贈收入,黃稜喬,,2000.00,0.00,匯款,1110902,,,金錢,,0911*****,,,,,,,,
64,吳香君,111年新北市議員選舉,首次申報,1110827,個人捐贈收入,胡秩潔,,1000.00,0.00,匯款,1110902,,,金錢,,0972*****,,,,,,,,
65,吳香君,111年新北市議員選舉,首次申報,1110828,個人捐贈收入,李書葶,,1000.00,0.00,匯款,1110902,,,金錢,,0910*****,,,,,,,,
66,吳香君,111年新北市議員選舉,首次申報,1110828,個人捐贈收入,熊翊雯,,1000.00,0.00,匯款,1110902,,,金錢,,0960*****,,,,,,,,
67,吳香君,111年新北市議員選舉,首次申報,1110828,個人捐贈收入,謝佩瑜,,1000.00,0.00,匯款,1110902,,,金錢,,0929*****,,,,,,,,
68,吳香君,111年新北市議員選舉,首次申報,1110828,個人捐贈收入,葉巧柔,,500.00,0.00,匯款,1110902,,,金錢,,0937*****,,,,,,,,
69,吳香君,111年新北市議員選舉,首次申報,1110828,個人捐贈收入,蘇香君,,200.00,0.00,匯款,1110902,,,金錢,,0910*****,,,,,,,,
70,吳香君,111年新北市議員選舉,首次申報,1110828,其他收入,預付物流款,,1000.00,0.00,匯款,1110902,,,金錢,,,,,,,,,,
71,吳香君,111年新北市議員選舉,首次申報,1110828,匿名捐贈,匿名,,5000.00,0.00,匯款,1110828,,,金錢,,,,,,,,,,
72,吳香君,111年新北市議員選舉,首次申報,1110829,個人捐贈收入,黃韋璁,,8000.00,0.00,匯款,1110902,,,金錢,,0919*****,,,,,,,,
73,吳香君,111年新北市議員選舉,首次申報,1110829,個人捐贈收入,林欣怡,,1000.00,0.00,匯款,1110902,,,金錢,,0987*****,,,,,,,,
74,吳香君,111年新北市議員選舉,首次申報,1110829,個人捐贈收入,吳珮華,,1000.00,0.00,匯款,1110902,,,金錢,,0921*****,,,,,,,,
75,吳香君,111年新北市議員選舉,首次申報,1110830,個人捐贈收入,周淑芳,,1000.00,0.00,匯款,1110907,,,金錢,,0930*****,,,,,,,,
76,吳香君,111年新北市議員選舉,首次申報,1110831,個人捐贈收入,蕭莉蓉,,1000.00,0.00,匯款,1110907,,,金錢,,0955*****,,,,,,,,
77,吳香君,111年新北市議員選舉,首次申報,1110831,個人捐贈收入,廖嘉加,,1000.00,0.00,匯款,1110907,,,金錢,,0923*****,,,,,,,,
78,吳香君,111年新北市議員選舉,首次申報,1110831,個人捐贈收入,胡曉菁,,2000.00,0.00,匯款,1110907,,,金錢,,0956*****,,,,,,,,
79,吳香君,111年新北市議員選舉,首次申報,1110831,個人捐贈收入,林惠萱,,1000.00,0.00,匯款,1110907,,,金錢,,0975*****,,,,,,,,
80,吳香君,111年新北市議員選舉,首次申報,1110831,個人捐贈收入,劉凌欣,,1500.00,0.00,匯款,1110907,,,金錢,,0921*****,,,,,,,,
81,吳香君,111年新北市議員選舉,首次申報,1110902,個人捐贈收入,王佑豪,,200.00,0.00,匯款,1110907,,,金錢,,0938*****,,,,,,,,
82,吳香君,111年新北市議員選舉,首次申報,1110902,個人捐贈收入,郭姿妤,,1000.00,0.00,匯款,1110907,,,金錢,,0920*****,,,,,,,,
83,吳香君,111年新北市議員選舉,首次申報,1110902,個人捐贈收入,黃俐瑋,,1000.00,0.00,匯款,1110907,,,金錢,,0928*****,,,,,,,,
84,吳香君,111年新北市議員選舉,首次申報,1110902,個人捐贈收入,尤郁鈞,,2500.00,0.00,匯款,1110907,,,金錢,,0928*****,,,,,,,,
85,吳香君,111年新北市議員選舉,首次申報,1110903,個人捐贈收入,吳佳寰,,1000.00,0.00,匯款,1110907,,,金錢,,0931*****,,,,,,,,
86,吳香君,111年新北市議員選舉,首次申報,1110904,個人捐贈收入,鄭淑君,,2000.00,0.00,匯款,1110907,,,金錢,,0921*****,,,,,,,,
87,吳香君,111年新北市議員選舉,首次申報,1110905,個人捐贈收入,徐楷奉,,3000.00,0.00,匯款,1110914,,,金錢,,0963*****,,,,,,,,
88,吳香君,111年新北市議員選舉,首次申報,1110905,個人捐贈收入,邱俐瑋,,200.00,0.00,匯款,1110914,,,金錢,,0921*****,,,,,,,,
89,吳香君,111年新北市議員選舉,首次申報,1110906,個人捐贈收入,許秋雯,,1000.00,0.00,匯款,1110914,,,金錢,,0930*****,,,,,,,,
90,吳香君,111年新北市議員選舉,首次申報,1110907,個人捐贈收入,陳永隆,,2000.00,0.00,匯款,1110914,,,金錢,,0932*****,,,,,,,,
91,吳香君,111年新北市議員選舉,首次申報,1110909,個人捐贈收入,洪偉誠,,600.00,0.00,匯款,1110914,,,金錢,,0956*****,,,,,,,,
92,吳香君,111年新北市議員選舉,首次申報,1110912,匿名捐贈,匿名,,1000.00,0.00,匯款,1110912,,,金錢,,,,,,,,,,
93,吳香君,111年新北市議員選舉,首次申報,1110913,個人捐贈收入,李靖雯,,1000.00,0.00,匯款,1110922,,,金錢,,0928*****,,,,,,,,
94,吳香君,111年新北市議員選舉,首次申報,1110915,個人捐贈收入,張鈞捷,,1000.00,0.00,匯款,1110922,,,金錢,,0978*****,,,,,,,,
95,吳香君,111年新北市議員選舉,首次申報,1110916,個人捐贈收入,呂宜霏,,10000.00,0.00,匯款,1110922,,,金錢,,0929*****,,,,,,,,
96,吳香君,111年新北市議員選舉,首次申報,1110918,個人捐贈收入,許德蓉,,1000.00,0.00,匯款,1110922,,,金錢,,0937*****,,,,,,,,
97,吳香君,111年新北市議員選舉,首次申報,1110925,個人捐贈收入,賴宇軒,,1000.00,0.00,匯款,1111003,,,金錢,,0983*****,,,,,,,,
98,吳香君,111年新北市議員選舉,首次申報,1110925,個人捐贈收入,林廷州,,500.00,0.00,匯款,1111003,,,金錢,,0932*****,,,,,,,,
99,吳香君,111年新北市議員選舉,首次申報,1110925,個人捐贈收入,蔡育旻,,2000.00,0.00,匯款,1111003,,,金錢,,0983*****,,,,,,,,
100,吳香君,111年新北市議員選舉,首次申報,1110927,個人捐贈收入,張清芳,,2000.00,0.00,匯款,1111003,,,金錢,,0919*****,,,,,,,,
101,吳香君,111年新北市議員選舉,首次申報,1110927,個人捐贈收入,陳瑋玲,,2000.00,0.00,匯款,1111003,,,金錢,,0933*****,,,,,,,,
102,吳香君,111年新北市議員選舉,首次申報,1110929,個人捐贈收入,陳姮霓,,1000.00,0.00,匯款,1111003,,,金錢,,0901*****,,,,,,,,
103,吳香君,111年新北市議員選舉,首次申報,1111002,個人捐贈收入,黃麗紋,,1000.00,0.00,匯款,1111007,,,金錢,,0989*****,,,,,,,,
104,吳香君,111年新北市議員選舉,首次申報,1111006,個人捐贈收入,陳明妤,,100.00,0.00,匯款,1111012,,,金錢,,0902*****,,,,,,,,
105,吳香君,111年新北市議員選舉,首次申報,1111007,個人捐贈收入,呂宜霏,,4000.00,0.00,匯款,1111017,,,金錢,,0929*****,,,,,,,,
106,吳香君,111年新北市議員選舉,首次申報,1111007,個人捐贈收入,許文榮,,500.00,0.00,匯款,1111017,,,金錢,,0972*****,,,,,,,,
107,吳香君,111年新北市議員選舉,首次申報,1111008,個人捐贈收入,邱靖,,3000.00,0.00,匯款,1111017,,,金錢,,0973*****,,,,,,,,
108,吳香君,111年新北市議員選舉,首次申報,1111008,個人捐贈收入,邱菁菁,,2000.00,0.00,匯款,1111017,,,金錢,,0935*****,,,,,,,,
109,吳香君,111年新北市議員選舉,首次申報,1111008,個人捐贈收入,陳證中,,1000.00,0.00,匯款,1111012,,,金錢,,0935*****,,,,,,,,
110,吳香君,111年新北市議員選舉,首次申報,1111010,個人捐贈收入,黃宜婕,,200.00,0.00,匯款,1111012,,,金錢,,0905*****,,,,,,,,
111,吳香君,111年新北市議員選舉,首次申報,1111016,個人捐贈收入,陳思穎,,2000.00,0.00,匯款,1111027,,,金錢,,0988*****,,,,,,,,
112,吳香君,111年新北市議員選舉,首次申報,1111018,個人捐贈收入,許文榮,,300.00,0.00,匯款,1111027,,,金錢,,0972*****,,,,,,,,
113,吳香君,111年新北市議員選舉,首次申報,1111020,個人捐贈收入,陳雅婷,,1000.00,0.00,匯款,1111027,,,金錢,,0932*****,,,,,,,,
114,吳香君,111年新北市議員選舉,首次申報,1111020,個人捐贈收入,江小天,,500.00,0.00,匯款,1111027,,,金錢,,0916*****,,,,,,,,
115,吳香君,111年新北市議員選舉,首次申報,1111020,個人捐贈收入,丁昭均,,1500.00,0.00,匯款,1111027,,,金錢,,0989*****,,,,,,,,
116,吳香君,111年新北市議員選舉,首次申報,1111021,個人捐贈收入,林婉婷,,1000.00,0.00,匯款,1111027,,,金錢,,0919*****,,,,,,,,
117,吳香君,111年新北市議員選舉,首次申報,1111021,個人捐贈收入,吳昀蒨,,1000.00,0.00,匯款,1111027,,,金錢,,0928*****,,,,,,,,
118,吳香君,111年新北市議員選舉,首次申報,1111022,個人捐贈收入,李青錦,,2000.00,0.00,匯款,1111027,,,金錢,,0932*****,,,,,,,,
119,吳香君,111年新北市議員選舉,首次申報,1111024,個人捐贈收入,謝佳穎,,500.00,0.00,匯款,1111027,,,金錢,,0918*****,,,,,,,,
120,吳香君,111年新北市議員選舉,首次申報,1111024,個人捐贈收入,陳聖方,,1000.00,0.00,匯款,1111101,,,金錢,,0939*****,,,,,,,,
121,吳香君,111年新北市議員選舉,首次申報,1111027,個人捐贈收入,王怡勻,,100.00,0.00,匯款,1111101,,,金錢,,0933*****,,,,,,,,
122,吳香君,111年新北市議員選舉,首次申報,1111031,個人捐贈收入,劉慧枝,,2000.00,0.00,匯款,1111107,,,金錢,,0939*****,,,,,,,,
123,吳香君,111年新北市議員選舉,首次申報,1111031,營利事業捐贈收入,達成聚化股份有限公司,22250375,100000.00,0.00,匯款,1111031,,,金錢,高雄市新興區****,,,,,,,,,
124,吳香君,111年新北市議員選舉,首次申報,1111103,個人捐贈收入,范育綺,,1000.00,0.00,匯款,1111107,,,金錢,,0987*****,,,,,,,,
125,吳香君,111年新北市議員選舉,首次申報,1111103,匿名捐贈,匿名,,5000.00,0.00,匯款,1111103,,,金錢,,,,,,,,,,
126,吳香君,111年新北市議員選舉,首次申報,1111107,個人捐贈收入,陳文涓,,1000.00,0.00,匯款,1111111,,,金錢,,0977*****,,,,,,,,
127,吳香君,111年新北市議員選舉,首次申報,1111107,個人捐贈收入,陳思穎,,1000.00,0.00,匯款,1111111,,,金錢,,0988*****,,,,,,,,
128,吳香君,111年新北市議員選舉,首次申報,1111108,個人捐贈收入,呂佳澤,,600.00,0.00,匯款,1111111,,,金錢,,0955*****,,,,,,,,
129,吳香君,111年新北市議員選舉,首次申報,1111111,匿名捐贈,匿名,,1000.00,0.00,匯款,1111117,,,金錢,,,,,,,,,,
130,吳香君,111年新北市議員選舉,首次申報,1111113,個人捐贈收入,徐志成,,4000.00,0.00,匯款,1111116,,,金錢,,0939*****,,,,,,,,
131,吳香君,111年新北市議員選舉,首次申報,1111113,個人捐贈收入,江哲蔚,,1000.00,0.00,匯款,1111116,,,金錢,,0920*****,,,,,,,,
132,吳香君,111年新北市議員選舉,首次申報,1111115,個人捐贈收入,鄭雅云,,100.00,0.00,匯款,1111122,,,金錢,,0963*****,,,,,,,,
133,吳香君,111年新北市議員選舉,首次申報,1111117,個人捐贈收入,郭子綺,,1000.00,0.00,匯款,1111122,,,金錢,,0921*****,,,,,,,,
134,吳香君,111年新北市議員選舉,首次申報,1111121,個人捐贈收入,洪立蓁,,3000.00,0.00,匯款,1111128,,,金錢,,0975*****,,,,,,,,
135,吳香君,111年新北市議員選舉,首次申報,1111121,個人捐贈收入,洪立蓁,,2000.00,0.00,匯款,1111128,,,金錢,,0975*****,,,,,,,,
136,吳香君,111年新北市議員選舉,首次申報,1111122,個人捐贈收入,陳邦原,,1000.00,0.00,匯款,1111128,,,金錢,,0987*****,,,,,,,,
137,吳香君,111年新北市議員選舉,首次申報,1111122,個人捐贈收入,陳邦原,,1000.00,0.00,匯款,1111128,,,金錢,,0987*****,,,,,,,,
138,吳香君,111年新北市議員選舉,首次申報,1111125,匿名捐贈,匿名,,2000.00,0.00,匯款,1111125,,,金錢,,,,,,,,,,
139,吳香君,111年新北市議員選舉,首次申報,1111125,匿名捐贈,匿名,,3000.00,0.00,匯款,1111125,,,金錢,,,,,,,,,,
140,吳香君,111年新北市議員選舉,首次申報,1111221,其他收入,利息收入,,46.00,0.00,匯款,1111221,,,金錢,,,,,,,,,,
