﻿序號,擬參選人／政黨,選舉名稱,申報序號／年度,交易日期,收支科目,捐贈者／支出對象,身分證／統一編號,收入金額,支出金額,支出用途,金錢類,地址,聯絡電話,資料更正日期
1,詹麒叡,107年村(里)長選舉,首次申報,1071103,個人捐贈收入,李慶松,F12*******,36000.00,0.00,,金錢,新北市樹林區****,0978*****,
2,詹麒叡,107年村(里)長選舉,首次申報,1071103,個人捐贈收入,王胡美雲,F20*******,2000.00,0.00,,金錢,新北市樹林區****,0952*****,
3,詹麒叡,107年村(里)長選舉,首次申報,1071103,個人捐贈收入,張雅琇,F22*******,3600.00,0.00,,金錢,新北市樹林區****,0922*****,
4,詹麒叡,107年村(里)長選舉,首次申報,1071103,個人捐贈收入,黃月娥,H20*******,2200.00,0.00,,金錢,新北市樹林區****,0921*****,
5,詹麒叡,107年村(里)長選舉,首次申報,1071103,個人捐贈收入,盧許堯,J10*******,2000.00,0.00,,金錢,新北市樹林區****,0916*****,
6,詹麒叡,107年村(里)長選舉,首次申報,1071103,個人捐贈收入,鄧美燕,J22*******,2000.00,0.00,,金錢,新北市樹林區****,0911*****,
7,詹麒叡,107年村(里)長選舉,首次申報,1071103,個人捐贈收入,胡文俊,K10*******,2000.00,0.00,,金錢,新北市樹林區****,0921*****,
8,詹麒叡,107年村(里)長選舉,首次申報,1071103,個人捐贈收入,譚鳳圓,K20*******,2000.00,0.00,,金錢,新北市樹林區****,0988*****,
9,詹麒叡,107年村(里)長選舉,首次申報,1071103,個人捐贈收入,宋呂麵,K20*******,2000.00,0.00,,金錢,新北市樹林區****,0963*****,
10,詹麒叡,107年村(里)長選舉,首次申報,1071103,個人捐贈收入,鄭明權,Q10*******,2000.00,0.00,,金錢,新北市樹林區****,0933*****,
11,詹麒叡,107年村(里)長選舉,首次申報,1071104,個人捐贈收入,戴金安,F10*******,3600.00,0.00,,金錢,新北市樹林區****,0930*****,
12,詹麒叡,107年村(里)長選舉,首次申報,1071104,個人捐贈收入,呂明輝,F10*******,2000.00,0.00,,金錢,新北市樹林區****,2686*****,
13,詹麒叡,107年村(里)長選舉,首次申報,1071104,個人捐贈收入,盧正斌,F12*******,2000.00,0.00,,金錢,新北市樹林區****,0916*****,
14,詹麒叡,107年村(里)長選舉,首次申報,1071104,個人捐贈收入,陳玲芬,F22*******,2000.00,0.00,,金錢,新北市樹林區****,0953*****,
15,詹麒叡,107年村(里)長選舉,首次申報,1071104,個人捐贈收入,巫再順,N12*******,2000.00,0.00,,金錢,新北市樹林區****,2683*****,
16,詹麒叡,107年村(里)長選舉,首次申報,1071104,個人捐贈收入,張義村,P10*******,2000.00,0.00,,金錢,新北市樹林區****,2681*****,
17,詹麒叡,107年村(里)長選舉,首次申報,1071104,個人捐贈收入,吳芬滿,P22*******,2000.00,0.00,,金錢,新北市樹林區****,0921*****,
18,詹麒叡,107年村(里)長選舉,首次申報,1071104,個人捐贈收入,黃重清,Q10*******,3000.00,0.00,,金錢,新北市樹林區****,0933*****,
19,詹麒叡,107年村(里)長選舉,首次申報,1071104,個人捐贈收入,黃翁玉盞,Q20*******,3000.00,0.00,,金錢,新北市樹林區****,0978*****,
20,詹麒叡,107年村(里)長選舉,首次申報,1071104,個人捐贈收入,徐榮輝,U10*******,2000.00,0.00,,金錢,新北市樹林區****,0935*****,
21,詹麒叡,107年村(里)長選舉,首次申報,1071105,個人捐贈收入,邱淑媛,F22*******,2000.00,0.00,,金錢,新北市樹林區****,0919*****,
22,詹麒叡,107年村(里)長選舉,首次申報,1071105,個人捐贈收入,葉來春,L20*******,1200.00,0.00,,金錢,新北市樹林區****,8686*****,
23,詹麒叡,107年村(里)長選舉,首次申報,1071105,個人捐贈收入,鄭秋敏,P22*******,2000.00,0.00,,金錢,新北市樹林區****,0928*****,
24,詹麒叡,107年村(里)長選舉,首次申報,1071105,個人捐贈收入,劉光誠,Q10*******,2000.00,0.00,,金錢,新北市樹林區****,0932*****,
25,詹麒叡,107年村(里)長選舉,首次申報,1071105,個人捐贈收入,馮春香,S22*******,2000.00,0.00,,金錢,新北市樹林區****,0978*****,
26,詹麒叡,107年村(里)長選舉,首次申報,1071106,個人捐贈收入,廖鄭碧珠,F20*******,2000.00,0.00,,金錢,新北市樹林區****,0939*****,
27,詹麒叡,107年村(里)長選舉,首次申報,1071106,個人捐贈收入,林宜涓,F22*******,2000.00,0.00,,金錢,新北市樹林區****,0989*****,
28,詹麒叡,107年村(里)長選舉,首次申報,1071106,個人捐贈收入,陳清智,Q10*******,1200.00,0.00,,金錢,新北市樹林區****,0922*****,
29,詹麒叡,107年村(里)長選舉,首次申報,1071106,個人捐贈收入,顏姜麗美,R20*******,2000.00,0.00,,金錢,新北市樹林區****,2682*****,
30,詹麒叡,107年村(里)長選舉,首次申報,1071109,個人捐贈收入,陳錦秀,A20*******,1200.00,0.00,,金錢,新北市樹林區****,8685*****,
31,詹麒叡,107年村(里)長選舉,首次申報,1071109,個人捐贈收入,邱鴻樞,C12*******,2000.00,0.00,,金錢,新北市樹林區****,0932*****,
32,詹麒叡,107年村(里)長選舉,首次申報,1071109,個人捐贈收入,王明雄,F10*******,10000.00,0.00,,金錢,新北市樹林區****,0932*****,
33,詹麒叡,107年村(里)長選舉,首次申報,1071109,個人捐贈收入,蔡革非,F12*******,5000.00,0.00,,金錢,新北市樹林區****,0937*****,
34,詹麒叡,107年村(里)長選舉,首次申報,1071109,個人捐贈收入,蔣子敏,F12*******,6000.00,0.00,,金錢,新北市樹林區****,0936*****,
35,詹麒叡,107年村(里)長選舉,首次申報,1071109,個人捐贈收入,康火源,N10*******,3000.00,0.00,,金錢,新北市樹林區****,0933*****,
36,詹麒叡,107年村(里)長選舉,首次申報,1071110,個人捐贈收入,李陳寶珠,F20*******,2000.00,0.00,,金錢,新北市樹林區****,0955*****,
37,詹麒叡,107年村(里)長選舉,首次申報,1071110,個人捐贈收入,王純莉,F22*******,2000.00,0.00,,金錢,新北市樹林區****,0931*****,
38,詹麒叡,107年村(里)長選舉,首次申報,1071110,個人捐贈收入,黃學貴,H10*******,2000.00,0.00,,金錢,新北市樹林區****,0933*****,
39,詹麒叡,107年村(里)長選舉,首次申報,1071110,個人捐贈收入,陳燕琴,P22*******,20000.00,0.00,,金錢,新北市樹林區****,0933*****,
40,詹麒叡,107年村(里)長選舉,首次申報,1071110,個人捐贈收入,呂瑞士,X12*******,2000.00,0.00,,金錢,新北市樹林區****,0933*****,
41,詹麒叡,107年村(里)長選舉,首次申報,1071110,個人捐贈收入,廖郭烈芳,Y20*******,2000.00,0.00,,金錢,新北市樹林區****,0912*****,
42,詹麒叡,107年村(里)長選舉,首次申報,1071111,個人捐贈收入,林邱月卿,F20*******,1200.00,0.00,,金錢,新北市樹林區****,8685*****,
43,詹麒叡,107年村(里)長選舉,首次申報,1071111,個人捐贈收入,桂慈瑀,F22*******,4000.00,0.00,,金錢,新北市樹林區****,0911*****,
44,詹麒叡,107年村(里)長選舉,首次申報,1071111,個人捐贈收入,吳秀紅,F22*******,1000.00,0.00,,金錢,新北市樹林區****,0918*****,
45,詹麒叡,107年村(里)長選舉,首次申報,1071111,個人捐贈收入,沈郭華,F23*******,1000.00,0.00,,金錢,新北市樹林區****,0912*****,
46,詹麒叡,107年村(里)長選舉,首次申報,1071111,個人捐贈收入,章銘仁,G12*******,10000.00,0.00,,金錢,新北市樹林區****,2687*****,
47,詹麒叡,107年村(里)長選舉,首次申報,1071111,個人捐贈收入,陳鄭隨珠,W20*******,1000.00,0.00,,金錢,新北市樹林區****,0921*****,
48,詹麒叡,107年村(里)長選舉,首次申報,1071112,個人捐贈收入,鄧文清,F12*******,500.00,0.00,,金錢,新北市樹林區****,2684*****,
49,詹麒叡,107年村(里)長選舉,首次申報,1071112,個人捐贈收入,游玉鳳,F20*******,1000.00,0.00,,金錢,新北市樹林區****,0912*****,
50,詹麒叡,107年村(里)長選舉,首次申報,1071112,個人捐贈收入,陳碧珠,F22*******,2000.00,0.00,,金錢,新北市樹林區****,0936*****,
51,詹麒叡,107年村(里)長選舉,首次申報,1071112,個人捐贈收入,劉奇鴻,K10*******,2000.00,0.00,,金錢,新北市樹林區****,0937*****,
52,詹麒叡,107年村(里)長選舉,首次申報,1071112,個人捐贈收入,邱惠淑,K22*******,1000.00,0.00,,金錢,新北市樹林區****,0987*****,
53,詹麒叡,107年村(里)長選舉,首次申報,1071112,個人捐贈收入,林秋智,M10*******,2000.00,0.00,,金錢,新北市樹林區****,0958*****,
54,詹麒叡,107年村(里)長選舉,首次申報,1071116,個人捐贈收入,廖振富,F10*******,50000.00,0.00,,金錢,新北市樹林區****,0936*****,
55,詹麒叡,107年村(里)長選舉,首次申報,1071221,其他收入,利息收入,,7.00,0.00,,金錢,,,
