﻿序號,擬參選人／政黨,選舉名稱,申報序號／年度,交易日期,收支科目,捐贈者／支出對象,身分證／統一編號,收入金額,支出金額,捐贈方式,存入專戶日期,返還/繳庫,支出用途,金錢類,地址,聯絡電話,應揭露之支出對象,支出對象之內部人員姓名,支出對象之內部人員職稱,政黨之內部人員姓名,政黨之內部人員職稱,關係,更正註記,資料更正日期
1,朱信強,111年高雄市議員選舉,首次申報,1110807,匿名捐贈,匿名,,200.00,0.00,匯款,1110807,,,金錢,,,,,,,,,,
2,朱信強,111年高雄市議員選舉,首次申報,1110808,個人捐贈收入,吳泳葳,,10000.00,0.00,匯款,1110808,,,金錢,高雄市前金區****,,,,,,,,,
3,朱信強,111年高雄市議員選舉,首次申報,1110808,個人捐贈收入,蕭志英,S22*******,30000.00,0.00,匯款,1110808,,,金錢,臺中市北屯區****,0937*****,,,,,,,,
4,朱信強,111年高雄市議員選舉,首次申報,1110809,個人捐贈收入,趙傳亨,A12*******,50000.00,0.00,現金,1110809,,,金錢,高雄市三民區****,,,,,,,,,
5,朱信強,111年高雄市議員選舉,首次申報,1110810,營利事業捐贈收入,阿宗不動產仲介有限公司,59653809,20000.00,0.00,匯款,1110810,,,金錢,高雄市大寮區****,,,,,,,,,
6,朱信強,111年高雄市議員選舉,首次申報,1110810,個人捐贈收入,林國豐,S12*******,50000.00,0.00,匯款,1110813,,,金錢,高雄市旗山區****,0920*****,,,,,,,,
7,朱信強,111年高雄市議員選舉,首次申報,1110811,營利事業捐贈收入,翔隆整合行銷有限公司,90373162,30000.00,0.00,現金,1110811,,,金錢,高雄市內門區****,07-6*****,,,,,,,,
8,朱信強,111年高雄市議員選舉,首次申報,1110811,個人捐贈收入,王彥崴,H12*******,88888.00,0.00,匯款,1110811,,,金錢,高雄市鳳山區****,,,,,,,,,
9,朱信強,111年高雄市議員選舉,首次申報,1110812,匿名捐贈,匿名,,5000.00,0.00,匯款,1110812,,,金錢,,,,,,,,,,
10,朱信強,111年高雄市議員選舉,首次申報,1110815,個人捐贈收入,李瑞香,S22*******,60000.00,0.00,現金,1110815,,,金錢,高雄市美濃區****,07-6*****,,,,,,,,
11,朱信強,111年高雄市議員選舉,首次申報,1110822,個人捐贈收入,邱瑞珍,,5000.00,0.00,匯款,1110822,,,金錢,高雄市前鎮區****,,,,,,,,,
12,朱信強,111年高雄市議員選舉,首次申報,1110826,營利事業捐贈收入,三本室內裝修有限公司,80013338,100000.00,0.00,票據,1110826,已返還,,金錢,臺中市西區昇****,,,,,,,,,
13,朱信強,111年高雄市議員選舉,首次申報,1110906,個人捐贈收入,鍾銘書,S10*******,10000.00,0.00,現金,1110906,,,金錢,,07-6*****,,,,,,,,
14,朱信強,111年高雄市議員選舉,首次申報,1110907,個人捐贈收入,林享昌,S10*******,50000.00,0.00,匯款,1110907,,,金錢,高雄市美濃區****,,,,,,,,,
15,朱信強,111年高雄市議員選舉,首次申報,1110908,個人捐贈收入,陳正雄,X12*******,100000.00,0.00,匯款,1110908,,,金錢,屏東縣屏東市****,0922*****,,,,,,,,
16,朱信強,111年高雄市議員選舉,首次申報,1110915,營利事業捐贈收入,永吉樓業有限公司,83305274,50000.00,0.00,現金,1110915,已返還,,金錢,屏東縣屏東市****,08-7*****,,,,,,,,
17,朱信強,111年高雄市議員選舉,首次申報,1110916,營利事業捐贈收入,翰田工程有限公司,13168699,100000.00,0.00,匯款,1110916,,,金錢,高雄市大寮區****,,,,,,,,,
18,朱信強,111年高雄市議員選舉,首次申報,1110916,營利事業捐贈收入,百春陽建設股份有限公司,29022587,100000.00,0.00,匯款,1110916,,,金錢,高雄市左營區****,,,,,,,,,
19,朱信強,111年高雄市議員選舉,首次申報,1110919,營利事業捐贈收入,全順海釣場,25880663,10000.00,0.00,匯款,1110919,,,金錢,高雄市鳳山區****,0935*****,,,,,,,,
20,朱信強,111年高雄市議員選舉,首次申報,1110919,個人捐贈收入,張簡元科,S12*******,50000.00,0.00,匯款,1110919,,,金錢,高雄市大寮區****,0927*****,,,,,,,,
21,朱信強,111年高雄市議員選舉,首次申報,1110921,營利事業捐贈收入,高雄市農會,75445407,200000.00,0.00,匯款,1110921,,,金錢,高雄市鳳山區****,07-7*****,,,,,,,,
22,朱信強,111年高雄市議員選舉,首次申報,1110928,個人捐贈收入,黃哲穎,E10*******,100000.00,0.00,匯款,1110928,,,金錢,高雄市美濃區****,0921*****,,,,,,,,
23,朱信強,111年高雄市議員選舉,首次申報,1110928,個人捐贈收入,劉輝光,S12*******,20000.00,0.00,匯款,1110928,,,金錢,高雄市美濃區****,0919*****,,,,,,,,
24,朱信強,111年高雄市議員選舉,首次申報,1111004,營利事業捐贈收入,台灣建士川國際企業股份有限公司,27691983,20000.00,0.00,匯款,1111004,已返還,,金錢,高雄市前金區****,,,,,,,,,
25,朱信強,111年高雄市議員選舉,首次申報,1111006,匿名捐贈,匿名,,2000.00,0.00,匯款,1111006,,,金錢,,,,,,,,,,
26,朱信強,111年高雄市議員選舉,首次申報,1111006,營利事業捐贈收入,達宏機車行,18021392,20000.00,0.00,匯款,1111006,,,金錢,高雄市美濃區****,07-6*****,,,,,,,,
27,朱信強,111年高雄市議員選舉,首次申報,1111006,營利事業捐贈收入,新泉營造股份有限公司,85739583,200000.00,0.00,票據,1111006,,,金錢,高雄市大樹區****,0953*****,,,,,,,,
28,朱信強,111年高雄市議員選舉,首次申報,1111006,個人捐贈收入,高素琳,A22*******,20000.00,0.00,匯款,1111006,,,金錢,臺中市豐原區****,0988*****,,,,,,,,
29,朱信強,111年高雄市議員選舉,首次申報,1111007,個人捐贈收入,黃志賢,,20000.00,0.00,匯款,1111007,,,金錢,高雄市左營區****,0932*****,,,,,,,,
30,朱信強,111年高雄市議員選舉,首次申報,1111011,營利事業捐贈收入,美成磨石地磚行,07907177,20000.00,0.00,現金,1111011,,,金錢,高雄市美濃區****,0911*****,,,,,,,,
31,朱信強,111年高雄市議員選舉,首次申報,1111013,營利事業捐贈收入,沅亨興業股份有限公司,22260140,20000.00,0.00,現金,1111013,,,金錢,高雄市大寮區****,,,,,,,,,
32,朱信強,111年高雄市議員選舉,首次申報,1111013,個人捐贈收入,劉瑞漢,S10*******,20000.00,0.00,現金,1111013,,,金錢,高雄市美濃區****,0935*****,,,,,,,,
33,朱信強,111年高雄市議員選舉,首次申報,1111019,營利事業捐贈收入,東慶汽車有限公司,27289737,20000.00,0.00,現金,1111019,,,金錢,高雄市旗山區****,0910*****,,,,,,,,
34,朱信強,111年高雄市議員選舉,首次申報,1111019,個人捐贈收入,吳啟輝,S12*******,6000.00,0.00,匯款,1111019,,,金錢,高雄市美濃區****,0952*****,,,,,,,,
35,朱信強,111年高雄市議員選舉,首次申報,1111019,個人捐贈收入,吳啟堂,S12*******,6000.00,0.00,匯款,1111019,,,金錢,高雄市美濃區****,0928*****,,,,,,,,
36,朱信強,111年高雄市議員選舉,首次申報,1111021,個人捐贈收入,游國龍,C10*******,10000.00,0.00,匯款,1111021,,,金錢,高雄市前鎮區****,,,,,,,,,
37,朱信強,111年高雄市議員選舉,首次申報,1111021,個人捐贈收入,顏宏典,Q10*******,100000.00,0.00,匯款,1111021,,,金錢,高雄市前鎮區****,07-8*****,,,,,,,,
38,朱信強,111年高雄市議員選舉,首次申報,1111021,個人捐贈收入,顏佩姿,Q22*******,100000.00,0.00,匯款,1111021,,,金錢,高雄市前鎮區****,07-8*****,,,,,,,,
39,朱信強,111年高雄市議員選舉,首次申報,1111022,營利事業捐贈收入,建迪企業股份有限公司,22693907,50000.00,0.00,票據,1111022,,,金錢,新北市新莊區****,02-2*****,,,,,,,,
40,朱信強,111年高雄市議員選舉,首次申報,1111024,個人捐贈收入,黃士元,E12*******,10000.00,0.00,匯款,1111024,,,金錢,,0970*****,,,,,,,,
41,朱信強,111年高雄市議員選舉,首次申報,1111025,個人捐贈收入,蕭美英,S22*******,50000.00,0.00,匯款,1111025,,,金錢,高雄市三民區****,,,,,,,,,
42,朱信強,111年高雄市議員選舉,首次申報,1111026,個人捐贈收入,張弘昌,S10*******,20000.00,0.00,匯款,1111026,,,金錢,桃園市平鎮區****,,,,,,,,,
43,朱信強,111年高雄市議員選舉,首次申報,1111028,營利事業捐贈收入,東安拖吊有限公司,68333899,6000.00,0.00,匯款,1111028,,,金錢,桃園市龍潭區****,03-4*****,,,,,,,,
44,朱信強,111年高雄市議員選舉,首次申報,1111028,個人捐贈收入,劉杰明,S12*******,66000.00,0.00,匯款,1111028,,,金錢,高雄市美濃區****,0920*****,,,,,,,,
45,朱信強,111年高雄市議員選舉,首次申報,1111107,個人捐贈收入,曾展上,S12*******,100000.00,0.00,匯款,1111107,,,金錢,新北市樹林區****,0937*****,,,,,,,,
46,朱信強,111年高雄市議員選舉,首次申報,1111112,營利事業捐贈收入,力楊機電開發股份有限公司,85014997,100000.00,0.00,票據,1111112,,,金錢,臺北市中山區****,,,,,,,,,
47,朱信強,111年高雄市議員選舉,首次申報,1111114,個人捐贈收入,郭文仲,R12*******,100000.00,0.00,現金,1111114,,,金錢,高雄市左營區****,,,,,,,,,
48,朱信強,111年高雄市議員選舉,首次申報,1111114,個人捐贈收入,王義宗,S12*******,100000.00,0.00,現金,1111114,,,金錢,高雄市左營區****,,,,,,,,,
49,朱信強,111年高雄市議員選舉,首次申報,1111114,個人捐贈收入,林榮漢,S12*******,10000.00,0.00,匯款,1111114,,,金錢,高雄市美濃區****,0910*****,,,,,,,,
50,朱信強,111年高雄市議員選舉,首次申報,1111116,營利事業捐贈收入,永榮建設有限公司,24220243,50000.00,0.00,現金,1111116,,,金錢,屏東縣屏東市****,08-7*****,,,,,,,,
51,朱信強,111年高雄市議員選舉,首次申報,1111116,營利事業捐贈收入,恆耀節能設計有限公司,24507963,30000.00,0.00,匯款,1111116,,,金錢,高雄市鼓山區****,07-5*****,,,,,,,,
52,朱信強,111年高雄市議員選舉,首次申報,1111221,其他收入,利息收入,,644.00,0.00,匯款,1111221,,,金錢,,,,,,,,,,
