﻿序號,擬參選人／政黨,選舉名稱,申報序號／年度,交易日期,收支科目,捐贈者／支出對象,身分證／統一編號,收入金額,支出金額,捐贈方式,存入專戶日期,返還/繳庫,支出用途,金錢類,地址,聯絡電話,應揭露之支出對象,支出對象之內部人員姓名,支出對象之內部人員職稱,政黨之內部人員姓名,政黨之內部人員職稱,關係,更正註記,資料更正日期
1,陽昇宏,111年臺東縣議員選舉,首次申報,1110923,匿名捐贈,匿名,,5000.00,0.00,匯款,1110923,,,金錢,,,,,,,,,,
2,陽昇宏,111年臺東縣議員選舉,首次申報,1110924,營利事業捐贈收入,千里達企業有限公司,53118773,20000.00,0.00,匯款,1110924,,,金錢,新北市汐止區****,,,,,,,,,
3,陽昇宏,111年臺東縣議員選舉,首次申報,1111007,個人捐贈收入,張育銓,N12*******,5000.00,0.00,匯款,1111007,,,金錢,臺東縣臺東市****,,,,,,,,,
4,陽昇宏,111年臺東縣議員選舉,首次申報,1111008,匿名捐贈,匿名,,10000.00,0.00,匯款,1111008,,,金錢,,,,,,,,,,
5,陽昇宏,111年臺東縣議員選舉,首次申報,1111010,個人捐贈收入,周禮珠,J20*******,12000.00,0.00,現金,,,,金錢,臺東縣臺東市****,,,,,,,,,
6,陽昇宏,111年臺東縣議員選舉,首次申報,1111011,營利事業捐贈收入,小鳥花路米企業社,81301929,60000.00,0.00,匯款,1111018,,,金錢,臺東縣臺東市****,,,,,,,,,
7,陽昇宏,111年臺東縣議員選舉,首次申報,1111016,個人捐贈收入,陽幸芳,,20000.00,0.00,現金,,,,金錢,臺東縣臺東市****,,,,,,,,,
8,陽昇宏,111年臺東縣議員選舉,首次申報,1111016,個人捐贈收入,陳育騏,,20000.00,0.00,現金,,,,金錢,桃園市中壢區****,,,,,,,,,
9,陽昇宏,111年臺東縣議員選舉,首次申報,1111018,個人捐贈收入,陽明成,,10000.00,0.00,現金,,,,金錢,臺東縣臺東市****,,,,,,,,,
10,陽昇宏,111年臺東縣議員選舉,首次申報,1111019,個人捐贈收入,林淑珍,V22*******,3000.00,0.00,現金,,,,金錢,臺東縣臺東市****,,,,,,,,,
11,陽昇宏,111年臺東縣議員選舉,首次申報,1111021,匿名捐贈,匿名,,10000.00,0.00,現金,,,,金錢,,,,,,,,,,
12,陽昇宏,111年臺東縣議員選舉,首次申報,1111021,個人捐贈收入,李清全,V10*******,8000.00,0.00,現金,,,,金錢,臺東縣臺東市****,,,,,,,,,
13,陽昇宏,111年臺東縣議員選舉,首次申報,1111022,匿名捐贈,匿名,,5000.00,0.00,現金,,,,金錢,,,,,,,,,,
14,陽昇宏,111年臺東縣議員選舉,首次申報,1111022,匿名捐贈,匿名,,1000.00,0.00,現金,,,,金錢,,,,,,,,,,
15,陽昇宏,111年臺東縣議員選舉,首次申報,1111022,個人捐贈收入,楊能光,V12*******,30000.00,0.00,現金,,,,金錢,臺東縣臺東市****,,,,,,,,,
16,陽昇宏,111年臺東縣議員選舉,首次申報,1111023,匿名捐贈,匿名,,2000.00,0.00,現金,,,,金錢,,,,,,,,,,
17,陽昇宏,111年臺東縣議員選舉,首次申報,1111023,個人捐贈收入,陽孟龍,,2800.00,0.00,,,,,非金錢,臺東縣臺東市****,,,,,,,,,
18,陽昇宏,111年臺東縣議員選舉,首次申報,1111025,匿名捐贈,匿名,,1000.00,0.00,現金,,,,金錢,,,,,,,,,,
19,陽昇宏,111年臺東縣議員選舉,首次申報,1111027,匿名捐贈,匿名,,1000.00,0.00,現金,,,,金錢,,,,,,,,,,
20,陽昇宏,111年臺東縣議員選舉,首次申報,1111029,個人捐贈收入,陽清輝,V12*******,20000.00,0.00,現金,,,,金錢,臺東縣臺東市****,,,,,,,,,
21,陽昇宏,111年臺東縣議員選舉,首次申報,1111102,匿名捐贈,匿名,,6000.00,0.00,匯款,1111102,,,金錢,,,,,,,,,,
22,陽昇宏,111年臺東縣議員選舉,首次申報,1111108,匿名捐贈,匿名,,1000.00,0.00,現金,,,,金錢,,,,,,,,,,
23,陽昇宏,111年臺東縣議員選舉,首次申報,1111114,匿名捐贈,匿名,,5666.00,0.00,現金,,,,金錢,,,,,,,,,,
24,陽昇宏,111年臺東縣議員選舉,首次申報,1111114,個人捐贈收入,陳麗娥,V22*******,20000.00,0.00,現金,1111114,,,金錢,臺東縣臺東市****,,,,,,,,,
25,陽昇宏,111年臺東縣議員選舉,首次申報,1111116,匿名捐贈,匿名,,8000.00,0.00,匯款,1111116,,,金錢,,,,,,,,,,
26,陽昇宏,111年臺東縣議員選舉,首次申報,1111116,匿名捐贈,匿名,,3000.00,0.00,現金,,,,金錢,,,,,,,,,,
27,陽昇宏,111年臺東縣議員選舉,首次申報,1111116,匿名捐贈,匿名,,10000.00,0.00,現金,,,,金錢,,,,,,,,,,
28,陽昇宏,111年臺東縣議員選舉,首次申報,1111116,個人捐贈收入,陽議仁,,8640.00,0.00,,,,,非金錢,臺東縣臺東市****,,,,,,,,,
29,陽昇宏,111年臺東縣議員選舉,首次申報,1111119,個人捐贈收入,李志成,,6000.00,0.00,,,,,非金錢,臺東縣臺東市****,,,,,,,,,
30,陽昇宏,111年臺東縣議員選舉,首次申報,1111119,個人捐贈收入,黃士川,,20000.00,0.00,,,,,非金錢,臺東縣臺東市****,,,,,,,,,
31,陽昇宏,111年臺東縣議員選舉,首次申報,1111119,個人捐贈收入,高淑娟,V22*******,3000.00,0.00,現金,,,,金錢,臺東縣臺東市****,,,,,,,,,
32,陽昇宏,111年臺東縣議員選舉,首次申報,1111125,個人捐贈收入,王春惠,,10000.00,0.00,匯款,1111125,,,金錢,臺東縣臺東市****,0926*****,,,,,,,,
33,陽昇宏,111年臺東縣議員選舉,首次申報,1111125,匿名捐贈,匿名,,2000.00,0.00,現金,,,,金錢,,,,,,,,,,
34,陽昇宏,111年臺東縣議員選舉,首次申報,1111125,營利事業捐贈收入,小鳥花路米企業社,81301929,30000.00,0.00,現金,,,,金錢,臺東縣臺東市****,,,,,,,,,
