﻿序號,擬參選人／政黨,選舉名稱,申報序號／年度,交易日期,收支科目,捐贈者／支出對象,身分證／統一編號,收入金額,支出金額,捐贈方式,存入專戶日期,返還/繳庫,支出用途,金錢類,地址,聯絡電話,應揭露之支出對象,支出對象之內部人員姓名,支出對象之內部人員職稱,政黨之內部人員姓名,政黨之內部人員職稱,關係,更正註記,資料更正日期
1,王岢鈺,111年新竹市議員選舉,首次申報,1110629,匿名捐贈,匿名,,6000.00,0.00,匯款,1110708,,,金錢,,,,,,,,,,
2,王岢鈺,111年新竹市議員選舉,首次申報,1110629,個人捐贈收入,葉淑梅,X22*******,1000.00,0.00,匯款,1110708,,,金錢,台中市西屯區****,0930*****,,,,,,,,
3,王岢鈺,111年新竹市議員選舉,首次申報,1110711,個人捐贈收入,林艾璇,J22*******,350.00,0.00,匯款,1110715,,,金錢,新竹縣竹東鎮****,0983*****,,,,,,,,
4,王岢鈺,111年新竹市議員選舉,首次申報,1110712,匿名捐贈,匿名,,500.00,0.00,匯款,1110715,,,金錢,,,,,,,,,,
5,王岢鈺,111年新竹市議員選舉,首次申報,1110713,匿名捐贈,匿名,,500.00,0.00,匯款,1110722,,,金錢,,,,,,,,,,
6,王岢鈺,111年新竹市議員選舉,首次申報,1110713,個人捐贈收入,洪雅婷,Q22*******,888.00,0.00,匯款,1110722,,,金錢,新竹縣寶山鄉****,0932*****,,,,,,,,
7,王岢鈺,111年新竹市議員選舉,首次申報,1110720,個人捐贈收入,李明翰,A12*******,666.00,0.00,匯款,1110729,,,金錢,臺北市中正區****,0933*****,,,,,,,,
8,王岢鈺,111年新竹市議員選舉,首次申報,1110722,匿名捐贈,匿名,,500.00,0.00,現金,1110722,,,金錢,,,,,,,,,,
9,王岢鈺,111年新竹市議員選舉,首次申報,1110806,匿名捐贈,劉家彤,,500.00,0.00,現金,1110806,,,金錢,,,,,,,,,,
10,王岢鈺,111年新竹市議員選舉,首次申報,1110806,個人捐贈收入,林艾璇,J22*******,100.00,0.00,匯款,1110812,,,金錢,新竹縣竹東鎮****,0983*****,,,,,,,,
11,王岢鈺,111年新竹市議員選舉,首次申報,1110812,匿名捐贈,匿名,,500.00,0.00,匯款,1110819,,,金錢,,,,,,,,,,
12,王岢鈺,111年新竹市議員選舉,首次申報,1110819,匿名捐贈,匿名,,1000.00,0.00,現金,1110819,,,金錢,,,,,,,,,,
13,王岢鈺,111年新竹市議員選舉,首次申報,1110819,個人捐贈收入,蔡青淳,E22*******,600.00,0.00,匯款,1110826,,,金錢,高雄市小港區****,0970*****,,,,,,,,
14,王岢鈺,111年新竹市議員選舉,首次申報,1110820,匿名捐贈,匿名,,2000.00,0.00,現金,1110820,,,金錢,,,,,,,,,,
15,王岢鈺,111年新竹市議員選舉,首次申報,1110820,個人捐贈收入,沈美娟,P22*******,1000.00,0.00,匯款,1110826,,,金錢,臺南市北區大****,0936*****,,,,,,,,
16,王岢鈺,111年新竹市議員選舉,首次申報,1110820,個人捐贈收入,王世文,T12*******,3000.00,0.00,匯款,1110826,,,金錢,苗栗縣後龍鎮****,0935*****,,,,,,,,
17,王岢鈺,111年新竹市議員選舉,首次申報,1110821,匿名捐贈,匿名,,7650.00,0.00,現金,1110821,,,金錢,,,,,,,,,,
18,王岢鈺,111年新竹市議員選舉,首次申報,1110821,匿名捐贈,林孟潔,,400.00,0.00,現金,1110821,,,金錢,,,,,,,,,,
19,王岢鈺,111年新竹市議員選舉,首次申報,1110821,匿名捐贈,匿名,,1500.00,0.00,現金,1110821,,,金錢,,,,,,,,,,
20,王岢鈺,111年新竹市議員選舉,首次申報,1110821,個人捐贈收入,徐文錦,J22*******,10000.00,0.00,匯款,1110821,,,金錢,新竹市民生路****,0938*****,,,,,,,,
21,王岢鈺,111年新竹市議員選舉,首次申報,1110821,個人捐贈收入,劉信志,K12*******,10000.00,0.00,匯款,1110821,,,金錢,新竹市民生路****,0938*****,,,,,,,,
22,王岢鈺,111年新竹市議員選舉,首次申報,1110822,個人捐贈收入,林燕屏,J22*******,10000.00,0.00,匯款,1110826,,,金錢,新竹市東區埔****,0960*****,,,,,,,,
23,王岢鈺,111年新竹市議員選舉,首次申報,1110823,匿名捐贈,陳秋華,,1717.00,0.00,現金,1110823,,,金錢,,,,,,,,,,
24,王岢鈺,111年新竹市議員選舉,首次申報,1110823,個人捐贈收入,程思慈,P22*******,1000.00,0.00,匯款,1110826,,,金錢,新竹縣湖口鄉****,0910*****,,,,,,,,
25,王岢鈺,111年新竹市議員選舉,首次申報,1110824,個人捐贈收入,李圓恩,,500.00,0.00,匯款,1110824,,,金錢,,0932*****,,,,,,,,
26,王岢鈺,111年新竹市議員選舉,首次申報,1110825,個人捐贈收入,簡含伃,,10000.00,0.00,匯款,1110825,,,金錢,,0956*****,,,,,,,,
27,王岢鈺,111年新竹市議員選舉,首次申報,1110825,匿名捐贈,匿名,,1000.00,0.00,現金,1110825,,,金錢,,,,,,,,,,
28,王岢鈺,111年新竹市議員選舉,首次申報,1110825,個人捐贈收入,吳虹潔,,10000.00,0.00,匯款,1110825,,,金錢,新北市板橋區****,,,,,,,,,
29,王岢鈺,111年新竹市議員選舉,首次申報,1110825,匿名捐贈,匿名,,1000.00,0.00,現金,1110825,,,金錢,,,,,,,,,,
30,王岢鈺,111年新竹市議員選舉,首次申報,1110829,個人捐贈收入,陳雅君,K22*******,47300.00,0.00,現金,1110829,,,金錢,苗栗縣竹南鎮****,,,,,,,,,
31,王岢鈺,111年新竹市議員選舉,首次申報,1110912,匿名捐贈,匿名,,500.00,0.00,匯款,1110916,,,金錢,,,,,,,,,,
32,王岢鈺,111年新竹市議員選舉,首次申報,1110928,個人捐贈收入,卓淑渝,H22*******,1000.00,0.00,匯款,1111004,,,金錢,新北市五股區****,0936*****,,,,,,,,
33,王岢鈺,111年新竹市議員選舉,首次申報,1110930,匿名捐贈,賴燕卿,,10000.00,0.00,現金,1110930,,,金錢,,,,,,,,,,
34,王岢鈺,111年新竹市議員選舉,首次申報,1111001,匿名捐贈,芳蓉,,3000.00,0.00,現金,1111001,,,金錢,,,,,,,,,,
35,王岢鈺,111年新竹市議員選舉,首次申報,1111006,個人捐贈收入,陳雅君,,3000.00,0.00,匯款,1111006,,,金錢,苗栗縣竹南鎮****,,,,,,,,,
36,王岢鈺,111年新竹市議員選舉,首次申報,1111006,匿名捐贈,匿名,,1000.00,0.00,匯款,1111006,,,金錢,,,,,,,,,,
37,王岢鈺,111年新竹市議員選舉,首次申報,1111007,匿名捐贈,魏琦云,,1000.00,0.00,匯款,1111007,,,金錢,,,,,,,,,,
38,王岢鈺,111年新竹市議員選舉,首次申報,1111010,匿名捐贈,匿名,,2000.00,0.00,匯款,1111010,,,金錢,,,,,,,,,,
39,王岢鈺,111年新竹市議員選舉,首次申報,1111010,匿名捐贈,陳梅芳,,2000.00,0.00,匯款,1111010,,,金錢,,,,,,,,,,
40,王岢鈺,111年新竹市議員選舉,首次申報,1111012,匿名捐贈,匿名,,500.00,0.00,匯款,1111018,,,金錢,,,,,,,,,,
41,王岢鈺,111年新竹市議員選舉,首次申報,1111016,個人捐贈收入,胡玉玫,,2000.00,0.00,匯款,1111016,,,金錢,,0922*****,,,,,,,,
42,王岢鈺,111年新竹市議員選舉,首次申報,1111018,匿名捐贈,匿名,,888.00,0.00,匯款,1111021,,,金錢,,,,,,,,,,
43,王岢鈺,111年新竹市議員選舉,首次申報,1111019,個人捐贈收入,曾仁俊,J12*******,300.00,0.00,匯款,1111025,,,金錢,新竹市東區花****,0928*****,,,,,,,,
44,王岢鈺,111年新竹市議員選舉,首次申報,1111109,個人捐贈收入,高妤貞,,10000.00,0.00,現金,1111109,,,金錢,新北市新店區****,,,,,,,,,
45,王岢鈺,111年新竹市議員選舉,首次申報,1111112,匿名捐贈,林佳蓉,,20.00,0.00,匯款,1111112,,,金錢,,,,,,,,,,
46,王岢鈺,111年新竹市議員選舉,首次申報,1111112,匿名捐贈,匿名,,500.00,0.00,匯款,1111115,,,金錢,,,,,,,,,,
47,王岢鈺,111年新竹市議員選舉,首次申報,1111116,匿名捐贈,彭馨儀,,2000.00,0.00,匯款,1111116,,,金錢,,,,,,,,,,
48,王岢鈺,111年新竹市議員選舉,首次申報,1111124,個人捐贈收入,鄭節雯,,3520.00,0.00,現金,1111202,,,金錢,台中市大里區****,,,,,,,,,
49,王岢鈺,111年新竹市議員選舉,首次申報,1111124,個人捐贈收入,彭妍筑,,580.00,0.00,現金,1111202,,,金錢,新竹縣竹北市****,,,,,,,,,
50,王岢鈺,111年新竹市議員選舉,首次申報,1111124,個人捐贈收入,鄭節雯,,880.00,0.00,現金,1111202,,,金錢,台中市大里區****,,,,,,,,,
51,王岢鈺,111年新竹市議員選舉,首次申報,1111124,個人捐贈收入,劉家彤,,880.00,0.00,現金,1111202,,,金錢,屏東市林森路****,,,,,,,,,
52,王岢鈺,111年新竹市議員選舉,首次申報,1111124,個人捐贈收入,陳韻亘,,580.00,0.00,現金,1111202,,,金錢,桃園市桃園區****,,,,,,,,,
53,王岢鈺,111年新竹市議員選舉,首次申報,1111124,個人捐贈收入,陳君宜,C22*******,1000.00,0.00,匯款,1111125,,,金錢,臺北市信義區****,0953*****,,,,,,,,
54,王岢鈺,111年新竹市議員選舉,首次申報,1111125,個人捐贈收入,謝海菁,,580.00,0.00,現金,1111202,,,金錢,基隆市安樂區****,,,,,,,,,
55,王岢鈺,111年新竹市議員選舉,首次申報,1111125,個人捐贈收入,林佩玹,,880.00,0.00,現金,1111202,,,金錢,台中市沙鹿區****,,,,,,,,,
56,王岢鈺,111年新竹市議員選舉,首次申報,1111125,個人捐贈收入,黃昱凱,,1000.00,0.00,現金,1111202,,,金錢,新竹縣竹北市****,,,,,,,,,
57,王岢鈺,111年新竹市議員選舉,首次申報,1111125,個人捐贈收入,林于暄,,1500.00,0.00,現金,1111202,,,金錢,新竹縣竹北市****,,,,,,,,,
