﻿序號,擬參選人／政黨,選舉名稱,申報序號／年度,交易日期,收支科目,捐贈者／支出對象,身分證／統一編號,收入金額,支出金額,支出用途,金錢類,地址,聯絡電話,資料更正日期
1,夏傳胤,107年鄉(鎮、市)民代表選舉,首次申報,1071111,個人捐贈收入,陳香君,,2000.00,0.00,,金錢,,0952*****,
2,夏傳胤,107年鄉(鎮、市)民代表選舉,首次申報,1071111,匿名捐贈,曾美幸,,2000.00,0.00,,金錢,,,
3,夏傳胤,107年鄉(鎮、市)民代表選舉,首次申報,1071111,匿名捐贈,林坤地,,2000.00,0.00,,金錢,,,
4,夏傳胤,107年鄉(鎮、市)民代表選舉,首次申報,1071111,匿名捐贈,劉芝毓,,2000.00,0.00,,金錢,,,
5,夏傳胤,107年鄉(鎮、市)民代表選舉,首次申報,1071111,個人捐贈收入,楊政德,A12*******,2000.00,0.00,,金錢,宜蘭縣羅東鎮****,,
6,夏傳胤,107年鄉(鎮、市)民代表選舉,首次申報,1071111,個人捐贈收入,陳嘉琦,A22*******,2000.00,0.00,,金錢,臺北市中正區****,,
7,夏傳胤,107年鄉(鎮、市)民代表選舉,首次申報,1071111,個人捐贈收入,宋浩淵,F12*******,2000.00,0.00,,金錢,臺北市內湖區****,,
8,夏傳胤,107年鄉(鎮、市)民代表選舉,首次申報,1071111,個人捐贈收入,蔡政華,F12*******,6000.00,0.00,,金錢,新北市中和區****,,
9,夏傳胤,107年鄉(鎮、市)民代表選舉,首次申報,1071111,個人捐贈收入,連日新,F12*******,2000.00,0.00,,金錢,臺北市內湖區****,,
10,夏傳胤,107年鄉(鎮、市)民代表選舉,首次申報,1071111,個人捐贈收入,熊師瑀,F22*******,2000.00,0.00,,金錢,新北市樹林區****,,
11,夏傳胤,107年鄉(鎮、市)民代表選舉,首次申報,1071111,個人捐贈收入,吳宏一,G12*******,5000.00,0.00,,金錢,臺北市文山區****,,
12,夏傳胤,107年鄉(鎮、市)民代表選舉,首次申報,1071111,個人捐贈收入,邱俊彰,J12*******,2000.00,0.00,,金錢,新北市新店區****,,
13,夏傳胤,107年鄉(鎮、市)民代表選舉,首次申報,1071111,個人捐贈收入,張蓉真,K22*******,2000.00,0.00,,金錢,臺北市文山區****,,
14,夏傳胤,107年鄉(鎮、市)民代表選舉,首次申報,1071111,個人捐贈收入,林淑芬,Q22*******,2000.00,0.00,,金錢,臺北市大安區****,,
15,夏傳胤,107年鄉(鎮、市)民代表選舉,首次申報,1071111,個人捐贈收入,許昭仁,T12*******,2000.00,0.00,,金錢,臺北市大安區****,,
16,夏傳胤,107年鄉(鎮、市)民代表選舉,首次申報,1071111,個人捐贈收入,林姮妤,V22*******,3000.00,0.00,,金錢,臺北市中正區****,,
17,夏傳胤,107年鄉(鎮、市)民代表選舉,首次申報,1071120,匿名捐贈,曾美幸,,2000.00,0.00,,金錢,,,
