﻿序號,擬參選人／政黨,選舉名稱,申報序號／年度,交易日期,收支科目,捐贈者／支出對象,身分證／統一編號,收入金額,支出金額,捐贈方式,存入專戶日期,返還/繳庫,支出用途,金錢類,地址,聯絡電話,應揭露之支出對象,支出對象之內部人員姓名,支出對象之內部人員職稱,政黨之內部人員姓名,政黨之內部人員職稱,關係,更正註記,資料更正日期
1,許志豪,111年雲林縣麥寮鄉鄉長選舉,首次申報,1110914,宣傳支出,高珍企業股份有限公司,84599277,0.00,88536.00,,,,製作競選物品或宣傳廣告費用（物品名稱-包裝飲用水）,金錢,高雄市大樹區****,,否,,,,,,,
2,許志豪,111年雲林縣麥寮鄉鄉長選舉,首次申報,1110920,宣傳支出,鈺泰企業社,72410101,0.00,87000.00,,,,製作競選物品或宣傳廣告費用（物品名稱-帽子）,金錢,雲林縣斗六市****,,否,,,,,,,
3,許志豪,111年雲林縣麥寮鄉鄉長選舉,首次申報,1110930,宣傳支出,林美琴,P22*******,0.00,26500.00,,,,其他與選舉宣傳有關之費用,金錢,雲林縣大埤鄉****,,否,,,,,,,
4,許志豪,111年雲林縣麥寮鄉鄉長選舉,首次申報,1111004,宣傳支出,永易生物科技有限公司,53980876,0.00,80000.00,,,,製作競選物品或宣傳廣告費用（物品名稱-口罩）,金錢,雲林縣褒忠鄉****,,否,,,,,,,
5,許志豪,111年雲林縣麥寮鄉鄉長選舉,首次申報,1111005,宣傳支出,鈺泰企業社,72410101,0.00,75000.00,,,,製作競選物品或宣傳廣告費用（物品名稱-手搖旗）,金錢,雲林縣斗六市****,,否,,,,,,,
6,許志豪,111年雲林縣麥寮鄉鄉長選舉,首次申報,1111012,宣傳支出,永易生物科技有限公司,53980876,0.00,70000.00,,,,製作競選物品或宣傳廣告費用（物品名稱-口罩）,金錢,雲林縣褒忠鄉****,,否,,,,,,,
7,許志豪,111年雲林縣麥寮鄉鄉長選舉,首次申報,1111018,雜支支出,大飯包精緻快餐店,,0.00,3235.00,,,,餐飲費用,金錢,雲林縣麥寮鄉****,,否,,,,,,,
8,許志豪,111年雲林縣麥寮鄉鄉長選舉,首次申報,1111022,雜支支出,大飯包精緻快餐店,,0.00,1530.00,,,,餐飲費用,金錢,雲林縣麥寮鄉****,,否,,,,,,,
9,許志豪,111年雲林縣麥寮鄉鄉長選舉,首次申報,1111029,集會支出,博新企業社,47394259,0.00,127450.00,,,,租用設備費用,金錢,雲林縣斗六市****,,否,,,,,,,
10,許志豪,111年雲林縣麥寮鄉鄉長選舉,首次申報,1111030,宣傳支出,慶昌帆布行,,0.00,10000.00,,,,其他與選舉宣傳有關之費用,金錢,雲林縣麥寮鄉****,,否,,,,,,,
11,許志豪,111年雲林縣麥寮鄉鄉長選舉,首次申報,1111031,宣傳支出,華楓印刷設計,15600755,0.00,84000.00,,,,製作競選物品或宣傳廣告費用（物品名稱-抹布）,金錢,雲林縣斗六市****,,否,,,,,,,
