﻿序號,擬參選人／政黨,選舉名稱,申報序號／年度,交易日期,收支科目,捐贈者／支出對象,身分證／統一編號,收入金額,支出金額,捐贈方式,存入專戶日期,返還/繳庫,支出用途,金錢類,地址,聯絡電話,應揭露之支出對象,支出對象之內部人員姓名,支出對象之內部人員職稱,政黨之內部人員姓名,政黨之內部人員職稱,關係,更正註記,資料更正日期
1,許志豪,111年雲林縣麥寮鄉鄉長選舉,首次申報,1110915,個人捐贈收入,李琳玟,,1000.00,0.00,現金,1110915,,,金錢,雲林縣麥寮鄉****,,,,,,,,,
2,許志豪,111年雲林縣麥寮鄉鄉長選舉,首次申報,1110918,個人捐贈收入,林皓群,,10000.00,0.00,現金,1110918,,,金錢,雲林縣麥寮鄉****,,,,,,,,,
3,許志豪,111年雲林縣麥寮鄉鄉長選舉,首次申報,1110922,個人捐贈收入,林志星,P12*******,100000.00,0.00,現金,1110922,,,金錢,雲林縣褒忠鄉****,,,,,,,,,
4,許志豪,111年雲林縣麥寮鄉鄉長選舉,首次申報,1110930,個人捐贈收入,方銘宏,,20000.00,0.00,現金,1110930,,,金錢,雲林縣虎尾鎮****,,,,,,,,,
5,許志豪,111年雲林縣麥寮鄉鄉長選舉,首次申報,1110930,營利事業捐贈收入,諾蓓爾有限公司,53039124,60000.00,0.00,票據,1110930,,,金錢,雲林縣麥寮鄉****,,,,,,,,,
6,許志豪,111年雲林縣麥寮鄉鄉長選舉,首次申報,1111006,個人捐贈收入,呂陳秀琴,P22*******,30000.00,0.00,現金,1111006,,,金錢,雲林縣麥寮鄉****,,,,,,,,,
7,許志豪,111年雲林縣麥寮鄉鄉長選舉,首次申報,1111024,個人捐贈收入,蔡國和,,5000.00,0.00,現金,1111024,,,金錢,新北市樹林區****,,,,,,,,,
8,許志豪,111年雲林縣麥寮鄉鄉長選舉,首次申報,1111117,營利事業捐贈收入,益大利運通有限公司,16863143,20000.00,0.00,現金,1111117,,,金錢,高雄市鳳山區****,,,,,,,,,
9,許志豪,111年雲林縣麥寮鄉鄉長選舉,首次申報,1111118,個人捐贈收入,謝坤呈,,10000.00,0.00,現金,1111118,,,金錢,彰化縣和美鎮****,,,,,,,,,
