﻿序號,擬參選人／政黨,選舉名稱,申報序號／年度,交易日期,收支科目,捐贈者／支出對象,身分證／統一編號,收入金額,支出金額,捐贈方式,存入專戶日期,返還/繳庫,支出用途,金錢類,地址,聯絡電話,應揭露之支出對象,支出對象之內部人員姓名,支出對象之內部人員職稱,政黨之內部人員姓名,政黨之內部人員職稱,關係,更正註記,資料更正日期
1,廖宜賢,111年南投縣中寮鄉鄉長選舉,首次申報,1110823,宣傳支出,萬隆印刷股份有限公司,86352708,0.00,37000.00,,,,文宣品(濕紙巾、扇子),金錢,南投縣草屯鎮****,,否,,,,,,,
2,廖宜賢,111年南投縣中寮鄉鄉長選舉,首次申報,1110829,宣傳支出,冠佾服裝有限公司,60292001,0.00,19425.00,,,,文宣品(帽子),金錢,,,否,,,,,,,
3,廖宜賢,111年南投縣中寮鄉鄉長選舉,首次申報,1110913,宣傳支出,傳章廣告有限公司,54601629,0.00,60060.00,,,,候選人宣傳布旗,金錢,臺中市烏日區****,,否,,,,,,,
4,廖宜賢,111年南投縣中寮鄉鄉長選舉,首次申報,1110919,集會支出,萬隆印刷股份有限公司,86352708,0.00,7150.00,,,,總部成立邀請函,金錢,南投縣草屯鎮****,,否,,,,,,,
5,廖宜賢,111年南投縣中寮鄉鄉長選舉,首次申報,1110922,租用宣傳車輛支出,建輝建材行,61950848,0.00,7350.00,,,,宣傳車裝訂,金錢,,,否,,,,,,,
6,廖宜賢,111年南投縣中寮鄉鄉長選舉,首次申報,1110923,雜支支出,橙品企業社,10901063,0.00,2495.00,,,,競選團隊聘書,金錢,,,否,,,,,,,
7,廖宜賢,111年南投縣中寮鄉鄉長選舉,首次申報,1110926,宣傳支出,政村廣告設計社,39920764,0.00,4300.00,,,,廣告看板貼圖,金錢,,,否,,,,,,,
8,廖宜賢,111年南投縣中寮鄉鄉長選舉,首次申報,1110927,人事費用支出,汪經偉,M12*******,0.00,11000.00,,,,雇工插旗幟,金錢,南投縣中寮鄉****,,否,,,,,,,
9,廖宜賢,111年南投縣中寮鄉鄉長選舉,首次申報,1111001,雜支支出,金隆糖?行,51395603,0.00,3020.00,,,,家戶拜訪用餅乾、糖果,金錢,,,否,,,,,,,
10,廖宜賢,111年南投縣中寮鄉鄉長選舉,首次申報,1111005,宣傳支出,益興印刷行,87838363,0.00,10000.00,,,,印刷文宣,金錢,,,否,,,,,,,
11,廖宜賢,111年南投縣中寮鄉鄉長選舉,首次申報,1111007,人事費用支出,張宇君,M22*******,0.00,7200.00,,,,雇工發放文宣,金錢,南投縣中寮鄉****,,否,,,,,,,
12,廖宜賢,111年南投縣中寮鄉鄉長選舉,首次申報,1111014,租用宣傳車輛支出,政村廣告設計社,39920764,0.00,19425.00,,,,宣傳車廣告看板施工,金錢,,,否,,,,,,,
13,廖宜賢,111年南投縣中寮鄉鄉長選舉,首次申報,1111014,租用宣傳車輛支出,建輝建材行,61950848,0.00,11550.00,,,,宣傳車裝訂,金錢,,,否,,,,,,,
14,廖宜賢,111年南投縣中寮鄉鄉長選舉,首次申報,1111015,人事費用支出,阮姵涵,M26*******,0.00,3000.00,,,,雇工發放文宣,金錢,南投縣中寮鄉****,,否,,,,,,,
15,廖宜賢,111年南投縣中寮鄉鄉長選舉,首次申報,1111016,人事費用支出,曾雅資,M22*******,0.00,1800.00,,,,雇工發放文宣,金錢,南投縣中寮鄉****,,否,,,,,,,
16,廖宜賢,111年南投縣中寮鄉鄉長選舉,首次申報,1111020,公共關係費用支出,富中園食堂,88497384,0.00,2700.00,,,,總部籌備會志工餐敘,金錢,,,否,,,,,,,
17,廖宜賢,111年南投縣中寮鄉鄉長選舉,首次申報,1111021,宣傳支出,傳章廣告有限公司,54601629,0.00,19688.00,,,,候選人宣傳貼紙,金錢,臺中市烏日區****,,否,,,,,,,
18,廖宜賢,111年南投縣中寮鄉鄉長選舉,首次申報,1111022,宣傳支出,鴻裕廣告社,18142614,0.00,18000.00,,,,候選人宣傳看板,金錢,,,否,,,,,,,
19,廖宜賢,111年南投縣中寮鄉鄉長選舉,首次申報,1111022,雜支支出,復興商店,61362905,0.00,550.00,,,,總部成立祭祀用金紙,金錢,,,否,,,,,,,
20,廖宜賢,111年南投縣中寮鄉鄉長選舉,首次申報,1111022,雜支支出,復興商店,61362905,0.00,200.00,,,,總部成立祭祀用香,金錢,,,否,,,,,,,
21,廖宜賢,111年南投縣中寮鄉鄉長選舉,首次申報,1111023,集會支出,宜欣花店,25226862,0.00,34500.00,,,,總部成立活動相關設備承攬,金錢,南投縣中寮鄉****,,否,,,,,,,
22,廖宜賢,111年南投縣中寮鄉鄉長選舉,首次申報,1111023,集會支出,寶島民俗技藝團,38894768,0.00,12500.00,,,,總部成立獅陣,金錢,,,否,,,,,,,
23,廖宜賢,111年南投縣中寮鄉鄉長選舉,首次申報,1111023,雜支支出,金隆糖?行,51395603,0.00,2500.00,,,,家戶拜訪用餅乾、糖果,金錢,,,否,,,,,,,
24,廖宜賢,111年南投縣中寮鄉鄉長選舉,首次申報,1111023,雜支支出,金隆糖?行,51395603,0.00,2500.00,,,,家戶拜訪用餅乾、糖果,金錢,,,否,,,,,,,
25,廖宜賢,111年南投縣中寮鄉鄉長選舉,首次申報,1111023,交通旅運支出,趴趴假期企業社,72569495,0.00,8000.00,,,,總部成立民眾接駁,金錢,,,否,,,,,,,
26,廖宜賢,111年南投縣中寮鄉鄉長選舉,首次申報,1111023,集會支出,野味小吃部,87840163,0.00,45000.00,,,,總部成立便餐,金錢,南投縣草屯鎮****,,否,,,,,,,
27,廖宜賢,111年南投縣中寮鄉鄉長選舉,首次申報,1111023,集會支出,林旻志,N12*******,0.00,1800.00,,,,總部成立薩克斯風表演,金錢,,,否,,,,,,,
28,廖宜賢,111年南投縣中寮鄉鄉長選舉,首次申報,1111023,集會支出,黃和對,N20*******,0.00,1500.00,,,,總部成立土風舞風表演,金錢,,,否,,,,,,,
29,廖宜賢,111年南投縣中寮鄉鄉長選舉,首次申報,1111023,集會支出,孫瑞娟,N22*******,0.00,1500.00,,,,總部成立鼓隊表演,金錢,,,否,,,,,,,
30,廖宜賢,111年南投縣中寮鄉鄉長選舉,首次申報,1111024,宣傳支出,正福廣告設計印刷,,0.00,8800.00,,,,文宣品(DM、貼紙),金錢,南投縣南投市****,,否,,,,,,,
31,廖宜賢,111年南投縣中寮鄉鄉長選舉,首次申報,1111026,人事費用支出,廖坤雄,M10*******,0.00,375.00,,,,旗幟號碼噴漆雇工,金錢,南投縣中寮鄉****,,否,,,,,,,
32,廖宜賢,111年南投縣中寮鄉鄉長選舉,首次申報,1111026,人事費用支出,湯國振,M12*******,0.00,1500.00,,,,旗幟號碼噴漆雇工,金錢,南投縣中寮鄉****,,否,,,,,,,
33,廖宜賢,111年南投縣中寮鄉鄉長選舉,首次申報,1111027,人事費用支出,余成昌,M12*******,0.00,3750.00,,,,旗幟號碼噴漆雇工,金錢,南投縣國姓鄉****,,否,,,,,,,
34,廖宜賢,111年南投縣中寮鄉鄉長選舉,首次申報,1111027,人事費用支出,陳美智,M22*******,0.00,3750.00,,,,旗幟號碼噴漆雇工,金錢,南投縣中寮鄉****,,否,,,,,,,
35,廖宜賢,111年南投縣中寮鄉鄉長選舉,首次申報,1111027,人事費用支出,李冠慧,M22*******,0.00,3750.00,,,,旗幟號碼噴漆雇工,金錢,南投縣中寮鄉****,,否,,,,,,,
36,廖宜賢,111年南投縣中寮鄉鄉長選舉,首次申報,1111028,雜支支出,金隆糖?行,51395603,0.00,2950.00,,,,家戶拜訪用糖果,金錢,,,否,,,,,,,
37,廖宜賢,111年南投縣中寮鄉鄉長選舉,首次申報,1111028,雜支支出,金隆糖?行,51395603,0.00,370.00,,,,家戶拜訪用糖果,金錢,,,否,,,,,,,
38,廖宜賢,111年南投縣中寮鄉鄉長選舉,首次申報,1111028,雜支支出,金隆糖?行,51395603,0.00,2650.00,,,,家戶拜訪用糖果,金錢,,,否,,,,,,,
39,廖宜賢,111年南投縣中寮鄉鄉長選舉,首次申報,1111029,雜支支出,宜欣花店,25226862,0.00,2000.00,,,,總部擺飾花盆,金錢,南投縣中寮鄉****,,否,,,,,,,
40,廖宜賢,111年南投縣中寮鄉鄉長選舉,首次申報,1111031,宣傳支出,劉三企業社,14155243,0.00,64000.00,,,,文宣品(噴霧式酒精),金錢,雲林縣斗六市****,,否,,,,,,,
41,廖宜賢,111年南投縣中寮鄉鄉長選舉,首次申報,1111031,宣傳支出,政村廣告設計社,39920764,0.00,2625.00,,,,廣告看板施工,金錢,,,否,,,,,,,
42,廖宜賢,111年南投縣中寮鄉鄉長選舉,首次申報,1111101,宣傳支出,正福廣告設計印刷,,0.00,2000.00,,,,廣告用貼紙,金錢,南投縣南投市****,,否,,,,,,,
43,廖宜賢,111年南投縣中寮鄉鄉長選舉,首次申報,1111104,宣傳支出,益興印刷行,87838363,0.00,13000.00,,,,印刷文宣,金錢,,,否,,,,,,,
44,廖宜賢,111年南投縣中寮鄉鄉長選舉,首次申報,1111108,宣傳支出,冠佾服裝有限公司,60292001,0.00,7770.00,,,,文宣品(帽子),金錢,,,否,,,,,,,
45,廖宜賢,111年南投縣中寮鄉鄉長選舉,首次申報,1111113,集會支出,汪經偉,M12*******,0.00,15000.00,,,,北中寮服務處成立便餐,金錢,,,否,,,,,,,
46,廖宜賢,111年南投縣中寮鄉鄉長選舉,首次申報,1111113,集會支出,孫瑞娟,N22*******,0.00,1500.00,,,,北中寮服務處成立鼓陣,金錢,,,否,,,,,,,
47,廖宜賢,111年南投縣中寮鄉鄉長選舉,首次申報,1111119,租用宣傳車輛支出,林數秋,N22*******,0.00,2500.00,,,,車隊遊街拜票雇用鼓車,金錢,,,否,,,,,,,
48,廖宜賢,111年南投縣中寮鄉鄉長選舉,首次申報,1111120,雜支支出,權德商店,61923358,0.00,1460.00,,,,北中寮服務處人員餐費,金錢,,,否,,,,,,,
49,廖宜賢,111年南投縣中寮鄉鄉長選舉,首次申報,1111123,租用宣傳車輛支出,林祐德,M12*******,0.00,2500.00,,,,車隊遊街拜票雇用鼓車,金錢,,,否,,,,,,,
50,廖宜賢,111年南投縣中寮鄉鄉長選舉,首次申報,1111126,雜支支出,香港黎記燒臘店,19241964,0.00,4100.00,,,,各投開票所計票人員便當,金錢,,,否,,,,,,,
51,廖宜賢,111年南投縣中寮鄉鄉長選舉,首次申報,1111126,人事費用支出,張日盛,M10*******,0.00,17500.00,,,,雇用宣傳車司機,金錢,南投縣中寮鄉****,,否,,,,,,,
52,廖宜賢,111年南投縣中寮鄉鄉長選舉,首次申報,1111126,人事費用支出,余成昌,M12*******,0.00,18125.00,,,,雇用宣傳車司機,金錢,南投縣國姓鄉****,,否,,,,,,,
53,廖宜賢,111年南投縣中寮鄉鄉長選舉,首次申報,1111126,人事費用支出,邱雪霞,M22*******,0.00,8000.00,,,,北中寮服務處服務人員,金錢,南投縣中寮鄉****,,否,,,,,,,
54,廖宜賢,111年南投縣中寮鄉鄉長選舉,首次申報,1111126,人事費用支出,吳玉苗,M22*******,0.00,8000.00,,,,北中寮服務處服務人員,金錢,南投縣中寮鄉****,,否,,,,,,,
55,廖宜賢,111年南投縣中寮鄉鄉長選舉,首次申報,1111127,人事費用支出,吳佩慈,K22*******,0.00,19000.00,,,,競選總部服務人員,金錢,南投縣中寮鄉****,,否,,,,,,,
56,廖宜賢,111年南投縣中寮鄉鄉長選舉,首次申報,1111127,人事費用支出,蘇家漢,M12*******,0.00,19000.00,,,,競選總部服務人員,金錢,南投縣中寮鄉****,,否,,,,,,,
57,廖宜賢,111年南投縣中寮鄉鄉長選舉,首次申報,1111128,雜支支出,權德商店,61923358,0.00,1200.00,,,,北中寮服務處日用品,金錢,,,否,,,,,,,
