﻿序號,擬參選人／政黨,選舉名稱,申報序號／年度,交易日期,收支科目,捐贈者／支出對象,身分證／統一編號,收入金額,支出金額,支出用途,金錢類,地址,聯絡電話,資料更正日期
1,黃榮杰,107年縣(市)議員選舉,首次申報,1070910,個人捐贈收入,劉明桓,,100.00,0.00,,金錢,嘉義縣水上鄉****,,
2,黃榮杰,107年縣(市)議員選舉,首次申報,1070910,個人捐贈收入,黃水盛,,20000.00,0.00,,金錢,臺北市和平東****,0922*****,
3,黃榮杰,107年縣(市)議員選舉,首次申報,1070912,匿名捐贈,匿名1,,147.00,0.00,,金錢,,,
4,黃榮杰,107年縣(市)議員選舉,首次申報,1071112,個人捐贈收入,溫英源,,2000.00,0.00,,金錢,嘉義縣水上鄉****,,
5,黃榮杰,107年縣(市)議員選舉,首次申報,1071114,個人捐贈收入,邱國洲,,2000.00,0.00,,金錢,臺北市三軍綜****,0935*****,
6,黃榮杰,107年縣(市)議員選舉,首次申報,1071123,個人捐贈收入,蕭富林,,20000.00,0.00,,金錢,新北市永和區****,0939*****,
