﻿序號,擬參選人／政黨,選舉名稱,申報序號／年度,交易日期,收支科目,捐贈者／支出對象,身分證／統一編號,收入金額,支出金額,支出用途,金錢類,地址,聯絡電話,資料更正日期
1,洪平朗,107年直轄市議員選舉,首次申報,1070911,匿名捐贈,匿名-巫友銘,,147.00,0.00,,金錢,,,
2,洪平朗,107年直轄市議員選舉,首次申報,1071009,個人捐贈收入,梁家華,E22*******,100000.00,0.00,,金錢,高雄市三民區****,,
3,洪平朗,107年直轄市議員選舉,首次申報,1071025,營利事業捐贈收入,博元建設股份有限公司,27543652,100000.00,0.00,,金錢,臺北市中山區****,,
4,洪平朗,107年直轄市議員選舉,首次申報,1071101,營利事業捐贈收入,興璟建設有限公司,27683246,50000.00,0.00,,金錢,高雄市前鎮區****,,
5,洪平朗,107年直轄市議員選舉,首次申報,1071101,個人捐贈收入,李汪成,H12*******,100000.00,0.00,,金錢,高雄市左營區****,,
6,洪平朗,107年直轄市議員選舉,首次申報,1071101,個人捐贈收入,黃文雄,S12*******,100000.00,0.00,,金錢,高雄市鳳山區****,,
7,洪平朗,107年直轄市議員選舉,首次申報,1071119,營利事業捐贈收入,英光企業股份有限公司,23222757,20000.00,0.00,,金錢,高雄市三民區****,,
8,洪平朗,107年直轄市議員選舉,首次申報,1071119,個人捐贈收入,李金龍,T10*******,10000.00,0.00,,金錢,高雄市三民區****,,
9,洪平朗,107年直轄市議員選舉,首次申報,1071119,個人捐贈收入,魏志霖,T12*******,15000.00,0.00,,金錢,高雄市三民區****,,
10,洪平朗,107年直轄市議員選舉,首次申報,1071221,其他收入,利息收入,,20.00,0.00,,金錢,,,
