﻿序號,擬參選人／政黨,選舉名稱,申報序號／年度,交易日期,收支科目,捐贈者／支出對象,身分證／統一編號,收入金額,支出金額,捐贈方式,存入專戶日期,返還/繳庫,支出用途,金錢類,地址,聯絡電話,應揭露之支出對象,支出對象之內部人員姓名,支出對象之內部人員職稱,政黨之內部人員姓名,政黨之內部人員職稱,關係,更正註記,資料更正日期
1,陸淑美,111年高雄市議員選舉,首次申報,1110601,宣傳支出,高紫絜,,0.00,20000.00,,,,租用廣告看板或車體廣告費用,金錢,高雄市岡山區****,0968*****,否,,,,,,,
2,陸淑美,111年高雄市議員選舉,首次申報,1110601,雜支支出,穎昌文化圖書有限公司,,0.00,698.00,,,,文具用品費用,金錢,高雄市岡山區****,,否,,,,,,,
3,陸淑美,111年高雄市議員選舉,首次申報,1110601,宣傳支出,鄭素珍,S22*******,0.00,48000.00,,,,租用廣告看板或車體廣告費用,金錢,高雄市岡山區****,0980*****,否,,,,,,,
4,陸淑美,111年高雄市議員選舉,首次申報,1110602,宣傳支出,仕羴企業有限公司,16479128,0.00,42670.00,,,,租用看板鋼架,金錢,高雄市鼓山區****,,否,,,,,,,
5,陸淑美,111年高雄市議員選舉,首次申報,1110602,宣傳支出,仕羴企業有限公司,16479128,0.00,11760.00,,,,租用看板鋼架,金錢,高雄市鼓山區****,,否,,,,,,,
6,陸淑美,111年高雄市議員選舉,首次申報,1110602,宣傳支出,高紫絜,S22*******,0.00,60000.00,,,,租用廣告看板或車體廣告費用,金錢,高雄市岡山區****,0968*****,否,,,,,,,
7,陸淑美,111年高雄市議員選舉,首次申報,1110606,宣傳支出,蘇偉育,,0.00,10000.00,,,,租用廣告看板或車體廣告費用,金錢,高雄市永安區****,0978*****,否,,,,,,,
8,陸淑美,111年高雄市議員選舉,首次申報,1110606,宣傳支出,劉連春,,0.00,18000.00,,,,租用廣告看板或車體廣告費用,金錢,高雄市岡山區****,,否,,,,,,,
9,陸淑美,111年高雄市議員選舉,首次申報,1110614,雜支支出,宏羚股份有限公司,,0.00,3318.00,,,,文具用品費用,金錢,新北市五股區****,,否,,,,,,,
10,陸淑美,111年高雄市議員選舉,首次申報,1110615,宣傳支出,李宜峯,S22*******,0.00,50000.00,,,,租用廣告看板或車體廣告費用,金錢,高雄市岡山區****,0938*****,否,,,,,,,
11,陸淑美,111年高雄市議員選舉,首次申報,1110616,宣傳支出,顧美勝,T12*******,0.00,40000.00,,,,租用廣告看板或車體廣告費用,金錢,高雄市岡山區****,0988*****,否,,,,,,,
12,陸淑美,111年高雄市議員選舉,首次申報,1110617,宣傳支出,高紫絜,,0.00,7000.00,,,,租用廣告看板或車體廣告費用,金錢,高雄市岡山區****,,否,,,,,,,
13,陸淑美,111年高雄市議員選舉,首次申報,1110620,宣傳支出,林宛聿,,0.00,15000.00,,,,租用廣告看板或車體廣告費用,金錢,高雄市橋頭區****,,否,,,,,,,
14,陸淑美,111年高雄市議員選舉,首次申報,1110620,宣傳支出,李南宏,,0.00,17500.00,,,,租用廣告看板或車體廣告費用,金錢,高雄市梓官區****,,否,,,,,,,
15,陸淑美,111年高雄市議員選舉,首次申報,1110620,宣傳支出,倍適特科技有限公司,53232633,0.00,435408.00,,,,製作競選物品或宣傳廣告費用（物品名稱-帆布含吊卦）,金錢,高雄市苓雅區****,,否,,,,,,,
16,陸淑美,111年高雄市議員選舉,首次申報,1110630,宣傳支出,仕羴企業有限公司,16479128,0.00,237293.00,,,,租用看板鋼架,金錢,高雄市鼓山區****,,否,,,,,,,
17,陸淑美,111年高雄市議員選舉,首次申報,1110630,宣傳支出,仕羴企業有限公司,16479128,0.00,444414.00,,,,租用看板鋼架,金錢,高雄市鼓山區****,,否,,,,,,,
18,陸淑美,111年高雄市議員選舉,首次申報,1110630,宣傳支出,張文祥,S10*******,0.00,40000.00,,,,租用廣告看板或車體廣告費用,金錢,高雄市岡山區****,625-*****,否,,,,,,,
19,陸淑美,111年高雄市議員選舉,首次申報,1110701,雜支支出,穎昌文化圖書有限公司,,0.00,365.00,,,,文具用品費用,金錢,高雄市岡山區****,,否,,,,,,,
20,陸淑美,111年高雄市議員選舉,首次申報,1110701,雜支支出,育才企業行,,0.00,233.00,,,,文具用品費用,金錢,高雄市岡山區****,,否,,,,,,,
21,陸淑美,111年高雄市議員選舉,首次申報,1110701,雜支支出,東齊生鮮超市,,0.00,452.00,,,,雜項購置或修繕費用,金錢,高雄市岡山區****,,否,,,,,,,
22,陸淑美,111年高雄市議員選舉,首次申報,1110701,宣傳支出,倍適特科技有限公司,53232633,0.00,385445.00,,,,製作競選物品或宣傳廣告費用（物品名稱-帆布含吊掛）,金錢,高雄市苓雅區****,,否,,,,,,,
23,陸淑美,111年高雄市議員選舉,首次申報,1110701,宣傳支出,蘇儷梅,S22*******,0.00,40000.00,,,,租用廣告看板或車體廣告費用,金錢,高雄市岡山區****,0953*****,否,,,,,,,
24,陸淑美,111年高雄市議員選舉,首次申報,1110703,雜支支出,東齊生鮮超市,,0.00,1130.00,,,,雜項購置或修繕費用,金錢,高雄市岡山區****,,否,,,,,,,
25,陸淑美,111年高雄市議員選舉,首次申報,1110705,雜支支出,東齊生鮮超市,,0.00,1640.00,,,,雜項購置或修繕費用,金錢,高雄市岡山區****,,否,,,,,,,
26,陸淑美,111年高雄市議員選舉,首次申報,1110706,宣傳支出,倍適特科技有限公司,53232633,0.00,290752.00,,,,製作競選物品或宣傳廣告費用（物品名稱-帆布含吊掛）,金錢,高雄市苓雅區****,,否,,,,,,,
27,陸淑美,111年高雄市議員選舉,首次申報,1110707,雜支支出,金茂豐企業有限公司,,0.00,3400.00,,,,雜項購置或修繕費用,金錢,高雄市燕巢區****,,否,,,,,,,
28,陸淑美,111年高雄市議員選舉,首次申報,1110707,宣傳支出,高珍企業股份有限公司,84599277,0.00,33600.00,,,,製作競選物品或宣傳廣告費用（物品名稱-瓶裝水）,金錢,高雄市大樹區****,,否,,,,,,,
29,陸淑美,111年高雄市議員選舉,首次申報,1110708,雜支支出,岡山電子企業有限公司,,0.00,780.00,,,,雜項購置或修繕費用,金錢,高雄市岡山區****,,否,,,,,,,
30,陸淑美,111年高雄市議員選舉,首次申報,1110713,宣傳支出,倍適特科技有限公司,53232633,0.00,142153.00,,,,製作競選物品或宣傳廣告費用（物品名稱-帆布含吊掛）,金錢,高雄市苓雅區****,,否,,,,,,,
31,陸淑美,111年高雄市議員選舉,首次申報,1110718,雜支支出,佳來企業有限公司,,0.00,318.00,,,,雜項購置或修繕費用,金錢,高雄市岡山區****,,否,,,,,,,
32,陸淑美,111年高雄市議員選舉,首次申報,1110718,交通旅運支出,柳橋加油站股份有限公司,,0.00,1000.00,,,,油資,金錢,高雄市岡山區****,,否,,,,,,,
33,陸淑美,111年高雄市議員選舉,首次申報,1110719,宣傳支出,岡山仁壽路郵局,,0.00,28.00,,,,郵寄競選物品或宣傳廣告費用,金錢,高雄市岡山區****,,否,,,,,,,
34,陸淑美,111年高雄市議員選舉,首次申報,1110723,雜支支出,鳳林九九五金日用品,,0.00,582.00,,,,雜項購置或修繕費用,金錢,高雄市大寮區****,,否,,,,,,,
35,陸淑美,111年高雄市議員選舉,首次申報,1110724,雜支支出,捷順商行,,0.00,730.00,,,,雜項購置或修繕費用,金錢,高雄市大寮區****,,否,,,,,,,
36,陸淑美,111年高雄市議員選舉,首次申報,1110725,交通旅運支出,柳橋加油站股份有限公司,,0.00,1700.00,,,,油資,金錢,高雄市岡山區****,,否,,,,,,,
37,陸淑美,111年高雄市議員選舉,首次申報,1110727,宣傳支出,倍適特科技有限公司,53232633,0.00,43781.00,,,,製作競選物品或宣傳廣告費用（物品名稱-帆布含吊掛）,金錢,高雄市苓雅區****,,否,,,,,,,
38,陸淑美,111年高雄市議員選舉,首次申報,1110728,宣傳支出,岡山仁壽路郵局,,0.00,1000.00,,,,郵寄競選物品或宣傳廣告費用,金錢,高雄市岡山區****,,否,,,,,,,
39,陸淑美,111年高雄市議員選舉,首次申報,1110729,宣傳支出,仕羴企業有限公司,16479128,0.00,189820.00,,,,租用看板鋼架,金錢,高雄市鼓山區****,,否,,,,,,,
40,陸淑美,111年高雄市議員選舉,首次申報,1110729,宣傳支出,高珍企業股份有限公司,84599277,0.00,33600.00,,,,製作競選物品或宣傳廣告費用（物品名稱-瓶裝水）,金錢,高雄市大樹區****,,否,,,,,,,
41,陸淑美,111年高雄市議員選舉,首次申報,1110801,宣傳支出,岡山仁壽路郵局,,0.00,28.00,,,,郵寄競選物品或宣傳廣告費用,金錢,高雄市岡山區****,,否,,,,,,,
42,陸淑美,111年高雄市議員選舉,首次申報,1110801,宣傳支出,南美生醫有限公司,50951686,0.00,664661.00,,,,製作競選物品或宣傳廣告費用（物品名稱-一條根精油貼布）,金錢,高雄市大寮區****,787-*****,否,,,,,,,
43,陸淑美,111年高雄市議員選舉,首次申報,1110804,交通旅運支出,柳橋加油站股份有限公司,,0.00,142.00,,,,油資,金錢,高雄市岡山區****,,否,,,,,,,
44,陸淑美,111年高雄市議員選舉,首次申報,1110809,交通旅運支出,柳橋加油站股份有限公司,,0.00,120.00,,,,油資,金錢,高雄市岡山區****,,否,,,,,,,
45,陸淑美,111年高雄市議員選舉,首次申報,1110811,交通旅運支出,本洲興業有限公司,,0.00,1710.00,,,,油資,金錢,高雄市永安區****,,否,,,,,,,
46,陸淑美,111年高雄市議員選舉,首次申報,1110812,宣傳支出,岡山仁壽路郵局,,0.00,48.00,,,,郵寄競選物品或宣傳廣告費用,金錢,高雄市岡山區****,,否,,,,,,,
47,陸淑美,111年高雄市議員選舉,首次申報,1110812,宣傳支出,倍適特科技有限公司,53232633,0.00,56337.00,,,,製作競選物品或宣傳廣告費用（物品名稱-帆布含吊掛）,金錢,高雄市苓雅區****,,否,,,,,,,
48,陸淑美,111年高雄市議員選舉,首次申報,1110815,宣傳支出,漁歌展業股份有限公司,96961862,0.00,126000.00,,,,車體廣告費用,金錢,臺北市中山區****,,否,,,,,,,
49,陸淑美,111年高雄市議員選舉,首次申報,1110822,宣傳支出,岡山仁壽路郵局,,0.00,1640.00,,,,郵寄競選物品或宣傳廣告費用,金錢,高雄市岡山區****,,否,,,,,,,
50,陸淑美,111年高雄市議員選舉,首次申報,1110830,宣傳支出,岡山仁壽路郵局,,0.00,220.00,,,,郵寄競選物品或宣傳廣告費用,金錢,高雄市岡山區****,,否,,,,,,,
51,陸淑美,111年高雄市議員選舉,首次申報,1110830,雜支支出,岡賓商行,,0.00,1090.00,,,,餐飲費用,金錢,高雄市岡山區****,,否,,,,,,,
52,陸淑美,111年高雄市議員選舉,首次申報,1110831,雜支支出,統銓商行,,0.00,446.00,,,,雜項購置或修繕費用,金錢,高雄市岡山區****,,否,,,,,,,
53,陸淑美,111年高雄市議員選舉,首次申報,1110831,宣傳支出,高珍企業股份有限公司,84599277,0.00,67200.00,,,,製作競選物品或宣傳廣告費用（物品名稱-瓶裝水）,金錢,高雄市大樹區****,,否,,,,,,,
54,陸淑美,111年高雄市議員選舉,首次申報,1110901,租用宣傳車輛支出,柳橋加油站股份有限公司,,0.00,500.00,,,,宣傳車輛燃料費用,金錢,高雄市岡山區****,,否,,,,,,,
55,陸淑美,111年高雄市議員選舉,首次申報,1110901,租用宣傳車輛支出,台灣糖業股份有限公司大社加油站,,0.00,500.00,,,,宣傳車輛燃料費用,金錢,高雄市大社區****,,否,,,,,,,
56,陸淑美,111年高雄市議員選舉,首次申報,1110901,租用宣傳車輛支出,台灣糖業股份有限公司白埔加油站,,0.00,700.00,,,,宣傳車輛燃料費用,金錢,高雄市橋頭區****,,否,,,,,,,
57,陸淑美,111年高雄市議員選舉,首次申報,1110901,租用宣傳車輛支出,前鋒加油站股份有限公司,,0.00,500.00,,,,宣傳車輛燃料費用,金錢,高雄市岡山區****,,否,,,,,,,
58,陸淑美,111年高雄市議員選舉,首次申報,1110901,租用宣傳車輛支出,極臻企業有限公司,45133103,0.00,226800.00,,,,租用宣傳車輛費用,金錢,高雄市左營區****,,否,,,,,,,
59,陸淑美,111年高雄市議員選舉,首次申報,1110902,租用宣傳車輛支出,台灣糖業股份有限公司白埔加油站,,0.00,700.00,,,,宣傳車輛燃料費用,金錢,高雄市橋頭區****,,否,,,,,,,
60,陸淑美,111年高雄市議員選舉,首次申報,1110902,租用宣傳車輛支出,柳橋加油站股份有限公司,,0.00,500.00,,,,宣傳車輛燃料費用,金錢,高雄市岡山區****,,否,,,,,,,
61,陸淑美,111年高雄市議員選舉,首次申報,1110902,租用宣傳車輛支出,柳橋加油站股份有限公司,,0.00,500.00,,,,宣傳車輛燃料費用,金錢,高雄市岡山區****,,否,,,,,,,
62,陸淑美,111年高雄市議員選舉,首次申報,1110902,租用宣傳車輛支出,前鋒加油站股份有限公司,,0.00,500.00,,,,宣傳車輛燃料費用,金錢,高雄市岡山區****,,否,,,,,,,
63,陸淑美,111年高雄市議員選舉,首次申報,1110903,租用宣傳車輛支出,柳橋加油站股份有限公司,,0.00,500.00,,,,宣傳車輛燃料費用,金錢,高雄市岡山區****,,否,,,,,,,
64,陸淑美,111年高雄市議員選舉,首次申報,1110903,租用宣傳車輛支出,台灣糖業股份有限公司大社加油站,,0.00,500.00,,,,宣傳車輛燃料費用,金錢,高雄市大社區****,,否,,,,,,,
65,陸淑美,111年高雄市議員選舉,首次申報,1110904,租用宣傳車輛支出,柳橋加油站股份有限公司,,0.00,500.00,,,,宣傳車輛燃料費用,金錢,高雄市岡山區****,,否,,,,,,,
66,陸淑美,111年高雄市議員選舉,首次申報,1110904,租用宣傳車輛支出,前鋒加油站股份有限公司,,0.00,500.00,,,,宣傳車輛燃料費用,金錢,高雄市岡山區****,,否,,,,,,,
67,陸淑美,111年高雄市議員選舉,首次申報,1110905,租用宣傳車輛支出,前鋒加油站股份有限公司,,0.00,500.00,,,,宣傳車輛燃料費用,金錢,高雄市岡山區****,,否,,,,,,,
68,陸淑美,111年高雄市議員選舉,首次申報,1110905,租用宣傳車輛支出,柳橋加油站股份有限公司,,0.00,500.00,,,,宣傳車輛燃料費用,金錢,高雄市岡山區****,,否,,,,,,,
69,陸淑美,111年高雄市議員選舉,首次申報,1110905,租用宣傳車輛支出,柳橋加油站股份有限公司,,0.00,500.00,,,,宣傳車輛燃料費用,金錢,高雄市岡山區****,,否,,,,,,,
70,陸淑美,111年高雄市議員選舉,首次申報,1110905,租用宣傳車輛支出,台灣糖業股份有限公司白埔加油站,,0.00,700.00,,,,宣傳車輛燃料費用,金錢,高雄市橋頭區****,,否,,,,,,,
71,陸淑美,111年高雄市議員選舉,首次申報,1110906,租用宣傳車輛支出,前鋒加油站股份有限公司,,0.00,500.00,,,,宣傳車輛燃料費用,金錢,高雄市岡山區****,,否,,,,,,,
72,陸淑美,111年高雄市議員選舉,首次申報,1110907,雜支支出,世和小吃店,,0.00,850.00,,,,餐飲費用,金錢,高雄市岡山區****,,否,,,,,,,
73,陸淑美,111年高雄市議員選舉,首次申報,1110907,租用宣傳車輛支出,台灣糖業股份有限公司白埔加油站,,0.00,700.00,,,,宣傳車輛燃料費用,金錢,高雄市橋頭區****,,否,,,,,,,
74,陸淑美,111年高雄市議員選舉,首次申報,1110907,租用宣傳車輛支出,台灣糖業股份有限公司大社加油站,,0.00,500.00,,,,宣傳車輛燃料費用,金錢,高雄市大社區****,,否,,,,,,,
75,陸淑美,111年高雄市議員選舉,首次申報,1110907,租用宣傳車輛支出,柳橋加油站股份有限公司,,0.00,500.00,,,,宣傳車輛燃料費用,金錢,高雄市岡山區****,,否,,,,,,,
76,陸淑美,111年高雄市議員選舉,首次申報,1110907,交通旅運支出,柳橋加油站股份有限公司,,0.00,1000.00,,,,油資,金錢,高雄市岡山區****,,否,,,,,,,
77,陸淑美,111年高雄市議員選舉,首次申報,1110907,宣傳支出,倍適特科技有限公司,53232633,0.00,25198.00,,,,製作競選物品或宣傳廣告費用（物品名稱-車貼.手舉牌）,金錢,高雄市苓雅區****,,否,,,,,,,
78,陸淑美,111年高雄市議員選舉,首次申報,1110908,租用宣傳車輛支出,柳橋加油站股份有限公司,,0.00,500.00,,,,宣傳車輛燃料費用,金錢,高雄市岡山區****,,否,,,,,,,
79,陸淑美,111年高雄市議員選舉,首次申報,1110908,租用宣傳車輛支出,台灣糖業股份有限公司大社加油站,,0.00,500.00,,,,宣傳車輛燃料費用,金錢,高雄市大社區****,,否,,,,,,,
80,陸淑美,111年高雄市議員選舉,首次申報,1110908,雜支支出,世和小吃店,,0.00,960.00,,,,餐飲費用,金錢,高雄市岡山區****,,否,,,,,,,
81,陸淑美,111年高雄市議員選舉,首次申報,1110908,租用宣傳車輛支出,前鋒加油站股份有限公司,,0.00,500.00,,,,宣傳車輛燃料費用,金錢,高雄市岡山區****,,否,,,,,,,
82,陸淑美,111年高雄市議員選舉,首次申報,1110908,雜支支出,悟饕小吃店,,0.00,670.00,,,,餐飲費用,金錢,高雄市岡山區****,,否,,,,,,,
83,陸淑美,111年高雄市議員選舉,首次申報,1110909,租用宣傳車輛支出,台灣糖業股份有限公司大社加油站,,0.00,500.00,,,,宣傳車輛燃料費用,金錢,高雄市大社區****,,否,,,,,,,
84,陸淑美,111年高雄市議員選舉,首次申報,1110909,租用宣傳車輛支出,台灣糖業股份有限公司白埔加油站,,0.00,700.00,,,,宣傳車輛燃料費用,金錢,高雄市橋頭區****,,否,,,,,,,
85,陸淑美,111年高雄市議員選舉,首次申報,1110909,租用宣傳車輛支出,柳橋加油站股份有限公司,,0.00,500.00,,,,宣傳車輛燃料費用,金錢,高雄市岡山區****,,否,,,,,,,
86,陸淑美,111年高雄市議員選舉,首次申報,1110910,租用宣傳車輛支出,柳橋加油站股份有限公司,,0.00,500.00,,,,宣傳車輛燃料費用,金錢,高雄市岡山區****,,否,,,,,,,
87,陸淑美,111年高雄市議員選舉,首次申報,1110910,租用宣傳車輛支出,台灣糖業股份有限公司大社加油站,,0.00,500.00,,,,宣傳車輛燃料費用,金錢,高雄市大社區****,,否,,,,,,,
88,陸淑美,111年高雄市議員選舉,首次申報,1110910,租用宣傳車輛支出,前鋒加油站股份有限公司,,0.00,500.00,,,,宣傳車輛燃料費用,金錢,高雄市岡山區****,,否,,,,,,,
89,陸淑美,111年高雄市議員選舉,首次申報,1110911,租用宣傳車輛支出,前鋒加油站股份有限公司,,0.00,500.00,,,,宣傳車輛燃料費用,金錢,高雄市岡山區****,,否,,,,,,,
90,陸淑美,111年高雄市議員選舉,首次申報,1110911,租用宣傳車輛支出,台灣糖業股份有限公司大社加油站,,0.00,500.00,,,,宣傳車輛燃料費用,金錢,高雄市大社區****,,否,,,,,,,
91,陸淑美,111年高雄市議員選舉,首次申報,1110911,租用宣傳車輛支出,台灣糖業股份有限公司白埔加油站,,0.00,700.00,,,,宣傳車輛燃料費用,金錢,高雄市橋頭區****,,否,,,,,,,
92,陸淑美,111年高雄市議員選舉,首次申報,1110912,租用宣傳車輛支出,台灣糖業股份有限公司大社加油站,,0.00,500.00,,,,宣傳車輛燃料費用,金錢,高雄市大社區****,,否,,,,,,,
93,陸淑美,111年高雄市議員選舉,首次申報,1110912,租用宣傳車輛支出,柳橋加油站股份有限公司,,0.00,500.00,,,,宣傳車輛燃料費用,金錢,高雄市岡山區****,,否,,,,,,,
94,陸淑美,111年高雄市議員選舉,首次申報,1110912,雜支支出,佳來企業有限公司,,0.00,584.00,,,,雜項購置或修繕費用,金錢,高雄市岡山區****,,否,,,,,,,
95,陸淑美,111年高雄市議員選舉,首次申報,1110913,雜支支出,佳來企業有限公司,,0.00,635.00,,,,雜項購置或修繕費用,金錢,高雄市岡山區****,,否,,,,,,,
96,陸淑美,111年高雄市議員選舉,首次申報,1110913,租用宣傳車輛支出,前鋒加油站股份有限公司,,0.00,500.00,,,,宣傳車輛燃料費用,金錢,高雄市岡山區****,,否,,,,,,,
97,陸淑美,111年高雄市議員選舉,首次申報,1110913,雜支支出,世和小吃店,,0.00,305.00,,,,餐飲費用,金錢,高雄市岡山區****,,否,,,,,,,
98,陸淑美,111年高雄市議員選舉,首次申報,1110913,租用宣傳車輛支出,柳橋加油站股份有限公司,,0.00,500.00,,,,宣傳車輛燃料費用,金錢,高雄市岡山區****,,否,,,,,,,
99,陸淑美,111年高雄市議員選舉,首次申報,1110913,租用宣傳車輛支出,台灣糖業股份有限公司大社加油站,,0.00,500.00,,,,宣傳車輛燃料費用,金錢,高雄市大社區****,,否,,,,,,,
100,陸淑美,111年高雄市議員選舉,首次申報,1110913,租用宣傳車輛支出,台灣糖業股份有限公司白埔加油站,,0.00,600.00,,,,宣傳車輛燃料費用,金錢,高雄市橋頭區****,,否,,,,,,,
101,陸淑美,111年高雄市議員選舉,首次申報,1110913,宣傳支出,仕羴企業有限公司,16479128,0.00,34810.00,,,,租用看板鋼架,金錢,高雄市鼓山區****,,否,,,,,,,
102,陸淑美,111年高雄市議員選舉,首次申報,1110914,租用宣傳車輛支出,台灣糖業股份有限公司大社加油站,,0.00,500.00,,,,宣傳車輛燃料費用,金錢,高雄市大社區****,,否,,,,,,,
103,陸淑美,111年高雄市議員選舉,首次申報,1110914,租用宣傳車輛支出,柳橋加油站股份有限公司,,0.00,500.00,,,,宣傳車輛燃料費用,金錢,高雄市岡山區****,,否,,,,,,,
104,陸淑美,111年高雄市議員選舉,首次申報,1110914,雜支支出,世和小吃店,,0.00,900.00,,,,餐飲費用,金錢,高雄市岡山區****,,否,,,,,,,
105,陸淑美,111年高雄市議員選舉,首次申報,1110914,租用宣傳車輛支出,前鋒加油站股份有限公司,,0.00,500.00,,,,宣傳車輛燃料費用,金錢,高雄市岡山區****,,否,,,,,,,
106,陸淑美,111年高雄市議員選舉,首次申報,1110914,雜支支出,穎昌文化圖書有限公司,,0.00,261.00,,,,文具用品費用,金錢,高雄市岡山區****,,否,,,,,,,
107,陸淑美,111年高雄市議員選舉,首次申報,1110914,雜支支出,五福蛋包飯,,0.00,910.00,,,,餐飲費用,金錢,高雄市岡山區****,,否,,,,,,,
108,陸淑美,111年高雄市議員選舉,首次申報,1110915,宣傳支出,岡山仁壽路郵局,,0.00,840.00,,,,郵寄競選物品或宣傳廣告費用,金錢,高雄市岡山區****,,否,,,,,,,
109,陸淑美,111年高雄市議員選舉,首次申報,1110915,雜支支出,世和小吃店,,0.00,255.00,,,,餐飲費用,金錢,高雄市岡山區****,,否,,,,,,,
110,陸淑美,111年高雄市議員選舉,首次申報,1110915,租用宣傳車輛支出,台灣糖業股份有限公司大社加油站,,0.00,500.00,,,,宣傳車輛燃料費用,金錢,高雄市大社區****,,否,,,,,,,
111,陸淑美,111年高雄市議員選舉,首次申報,1110915,租用宣傳車輛支出,台灣糖業股份有限公司白埔加油站,,0.00,700.00,,,,宣傳車輛燃料費用,金錢,高雄市橋頭區****,,否,,,,,,,
112,陸淑美,111年高雄市議員選舉,首次申報,1110916,租用宣傳車輛支出,台灣糖業股份有限公司大社加油站,,0.00,500.00,,,,宣傳車輛燃料費用,金錢,高雄市大社區****,,否,,,,,,,
113,陸淑美,111年高雄市議員選舉,首次申報,1110916,租用宣傳車輛支出,柳橋加油站股份有限公司,,0.00,500.00,,,,宣傳車輛燃料費用,金錢,高雄市岡山區****,,否,,,,,,,
114,陸淑美,111年高雄市議員選舉,首次申報,1110916,雜支支出,世和小吃店,,0.00,335.00,,,,餐飲費用,金錢,高雄市岡山區****,,否,,,,,,,
115,陸淑美,111年高雄市議員選舉,首次申報,1110916,租用宣傳車輛支出,前鋒加油站股份有限公司,,0.00,500.00,,,,宣傳車輛燃料費用,金錢,高雄市岡山區****,,否,,,,,,,
116,陸淑美,111年高雄市議員選舉,首次申報,1110916,宣傳支出,艾普羅行銷市場研究股份有限公司,28829374,0.00,200000.00,,,,委託辦理研究、評估、調查、設計或規劃費用,金錢,臺北市萬華區****,,否,,,,,,,
117,陸淑美,111年高雄市議員選舉,首次申報,1110917,租用宣傳車輛支出,柳橋加油站股份有限公司,,0.00,500.00,,,,宣傳車輛燃料費用,金錢,高雄市岡山區****,,否,,,,,,,
118,陸淑美,111年高雄市議員選舉,首次申報,1110917,租用宣傳車輛支出,台灣糖業股份有限公司大社加油站,,0.00,500.00,,,,宣傳車輛燃料費用,金錢,高雄市大社區****,,否,,,,,,,
119,陸淑美,111年高雄市議員選舉,首次申報,1110917,租用宣傳車輛支出,台灣糖業股份有限公司白埔加油站,,0.00,700.00,,,,宣傳車輛燃料費用,金錢,高雄市橋頭區****,,否,,,,,,,
120,陸淑美,111年高雄市議員選舉,首次申報,1110917,雜支支出,世和小吃店,,0.00,270.00,,,,餐飲費用,金錢,高雄市岡山區****,,否,,,,,,,
121,陸淑美,111年高雄市議員選舉,首次申報,1110917,雜支支出,永丞食品企業行,,0.00,325.00,,,,餐飲費用,金錢,高雄市岡山區****,,否,,,,,,,
122,陸淑美,111年高雄市議員選舉,首次申報,1110918,租用宣傳車輛支出,前鋒加油站股份有限公司,,0.00,500.00,,,,宣傳車輛燃料費用,金錢,高雄市岡山區****,,否,,,,,,,
123,陸淑美,111年高雄市議員選舉,首次申報,1110918,租用宣傳車輛支出,台灣糖業股份有限公司大社加油站,,0.00,500.00,,,,宣傳車輛燃料費用,金錢,高雄市大社區****,,否,,,,,,,
124,陸淑美,111年高雄市議員選舉,首次申報,1110918,租用宣傳車輛支出,柳橋加油站股份有限公司,,0.00,500.00,,,,宣傳車輛燃料費用,金錢,高雄市岡山區****,,否,,,,,,,
125,陸淑美,111年高雄市議員選舉,首次申報,1110919,租用宣傳車輛支出,柳橋加油站股份有限公司,,0.00,500.00,,,,宣傳車輛燃料費用,金錢,高雄市岡山區****,,否,,,,,,,
126,陸淑美,111年高雄市議員選舉,首次申報,1110919,租用宣傳車輛支出,台灣糖業股份有限公司大社加油站,,0.00,500.00,,,,宣傳車輛燃料費用,金錢,高雄市大社區****,,否,,,,,,,
127,陸淑美,111年高雄市議員選舉,首次申報,1110919,租用宣傳車輛支出,台灣糖業股份有限公司白埔加油站,,0.00,600.00,,,,宣傳車輛燃料費用,金錢,高雄市橋頭區****,,否,,,,,,,
128,陸淑美,111年高雄市議員選舉,首次申報,1110919,租用宣傳車輛支出,前鋒加油站股份有限公司,,0.00,500.00,,,,宣傳車輛燃料費用,金錢,高雄市岡山區****,,否,,,,,,,
129,陸淑美,111年高雄市議員選舉,首次申報,1110919,雜支支出,世和小吃店,,0.00,1080.00,,,,餐飲費用,金錢,高雄市岡山區****,,否,,,,,,,
130,陸淑美,111年高雄市議員選舉,首次申報,1110919,宣傳支出,羊秝創意行銷有限公司,83192497,0.00,100000.00,,,,製作競選物品或宣傳廣告費用（物品名稱-文宣印製）,金錢,高雄市左營區****,,否,,,,,,,
131,陸淑美,111年高雄市議員選舉,首次申報,1110920,租用宣傳車輛支出,台灣糖業股份有限公司大社加油站,,0.00,500.00,,,,宣傳車輛燃料費用,金錢,高雄市大社區****,,否,,,,,,,
132,陸淑美,111年高雄市議員選舉,首次申報,1110920,租用宣傳車輛支出,柳橋加油站股份有限公司,,0.00,500.00,,,,宣傳車輛燃料費用,金錢,高雄市岡山區****,,否,,,,,,,
133,陸淑美,111年高雄市議員選舉,首次申報,1110920,雜支支出,世和小吃店,,0.00,1600.00,,,,餐飲費用,金錢,高雄市岡山區****,,否,,,,,,,
134,陸淑美,111年高雄市議員選舉,首次申報,1110921,雜支支出,本家巧廚,,0.00,1170.00,,,,餐飲費用,金錢,高雄市岡山區****,,否,,,,,,,
135,陸淑美,111年高雄市議員選舉,首次申報,1110921,租用宣傳車輛支出,前鋒加油站股份有限公司,,0.00,500.00,,,,宣傳車輛燃料費用,金錢,高雄市岡山區****,,否,,,,,,,
136,陸淑美,111年高雄市議員選舉,首次申報,1110921,租用宣傳車輛支出,柳橋加油站股份有限公司,,0.00,500.00,,,,宣傳車輛燃料費用,金錢,高雄市岡山區****,,否,,,,,,,
137,陸淑美,111年高雄市議員選舉,首次申報,1110921,租用宣傳車輛支出,台灣糖業股份有限公司大社加油站,,0.00,500.00,,,,宣傳車輛燃料費用,金錢,高雄市大社區****,,否,,,,,,,
138,陸淑美,111年高雄市議員選舉,首次申報,1110921,租用宣傳車輛支出,台灣糖業股份有限公司白埔加油站,,0.00,700.00,,,,宣傳車輛燃料費用,金錢,高雄市橋頭區****,,否,,,,,,,
139,陸淑美,111年高雄市議員選舉,首次申報,1110922,租用宣傳車輛支出,台灣糖業股份有限公司大社加油站,,0.00,500.00,,,,宣傳車輛燃料費用,金錢,高雄市大社區****,,否,,,,,,,
140,陸淑美,111年高雄市議員選舉,首次申報,1110922,租用宣傳車輛支出,柳橋加油站股份有限公司,,0.00,500.00,,,,宣傳車輛燃料費用,金錢,高雄市岡山區****,,否,,,,,,,
141,陸淑美,111年高雄市議員選舉,首次申報,1110922,雜支支出,本家巧廚,,0.00,1200.00,,,,餐飲費用,金錢,高雄市岡山區****,,否,,,,,,,
142,陸淑美,111年高雄市議員選舉,首次申報,1110923,雜支支出,本家巧廚,,0.00,1080.00,,,,餐飲費用,金錢,高雄市岡山區****,,否,,,,,,,
143,陸淑美,111年高雄市議員選舉,首次申報,1110923,租用宣傳車輛支出,前鋒加油站股份有限公司,,0.00,500.00,,,,宣傳車輛燃料費用,金錢,高雄市岡山區****,,否,,,,,,,
144,陸淑美,111年高雄市議員選舉,首次申報,1110923,租用宣傳車輛支出,台灣糖業股份有限公司大社加油站,,0.00,500.00,,,,宣傳車輛燃料費用,金錢,高雄市大社區****,,否,,,,,,,
145,陸淑美,111年高雄市議員選舉,首次申報,1110923,租用宣傳車輛支出,台灣糖業股份有限公司白埔加油站,,0.00,700.00,,,,宣傳車輛燃料費用,金錢,高雄市橋頭區****,,否,,,,,,,
146,陸淑美,111年高雄市議員選舉,首次申報,1110923,宣傳支出,倍適特科技有限公司,53232633,0.00,62439.00,,,,製作競選物品或宣傳廣告費用（物品名稱-帆布.旗幟）,金錢,高雄市苓雅區****,,否,,,,,,,
147,陸淑美,111年高雄市議員選舉,首次申報,1110923,宣傳支出,倍適特科技有限公司,53232633,0.00,40090.00,,,,製作競選物品或宣傳廣告費用（物品名稱-帆布含吊掛）,金錢,高雄市苓雅區****,,否,,,,,,,
148,陸淑美,111年高雄市議員選舉,首次申報,1110923,宣傳支出,倍適特科技有限公司,53232633,0.00,149723.00,,,,製作競選物品或宣傳廣告費用（物品名稱-帆布含吊掛）,金錢,高雄市苓雅區****,,否,,,,,,,
149,陸淑美,111年高雄市議員選舉,首次申報,1110924,租用宣傳車輛支出,台灣糖業股份有限公司大社加油站,,0.00,500.00,,,,宣傳車輛燃料費用,金錢,高雄市大社區****,,否,,,,,,,
150,陸淑美,111年高雄市議員選舉,首次申報,1110924,租用宣傳車輛支出,柳橋加油站股份有限公司,,0.00,500.00,,,,宣傳車輛燃料費用,金錢,高雄市岡山區****,,否,,,,,,,
151,陸淑美,111年高雄市議員選舉,首次申報,1110924,租用宣傳車輛支出,前鋒加油站股份有限公司,,0.00,500.00,,,,宣傳車輛燃料費用,金錢,高雄市岡山區****,,否,,,,,,,
152,陸淑美,111年高雄市議員選舉,首次申報,1110924,雜支支出,世和小吃店,,0.00,330.00,,,,餐飲費用,金錢,高雄市岡山區****,,否,,,,,,,
153,陸淑美,111年高雄市議員選舉,首次申報,1110925,租用宣傳車輛支出,柳橋加油站股份有限公司,,0.00,500.00,,,,宣傳車輛燃料費用,金錢,高雄市岡山區****,,否,,,,,,,
154,陸淑美,111年高雄市議員選舉,首次申報,1110925,租用宣傳車輛支出,台灣糖業股份有限公司大社加油站,,0.00,500.00,,,,宣傳車輛燃料費用,金錢,高雄市大社區****,,否,,,,,,,
155,陸淑美,111年高雄市議員選舉,首次申報,1110925,租用宣傳車輛支出,台灣糖業股份有限公司白埔加油站,,0.00,700.00,,,,宣傳車輛燃料費用,金錢,高雄市橋頭區****,,否,,,,,,,
156,陸淑美,111年高雄市議員選舉,首次申報,1110926,租用宣傳車輛支出,台灣糖業股份有限公司大社加油站,,0.00,500.00,,,,宣傳車輛燃料費用,金錢,高雄市大社區****,,否,,,,,,,
157,陸淑美,111年高雄市議員選舉,首次申報,1110926,雜支支出,本家巧廚,,0.00,1170.00,,,,餐飲費用,金錢,高雄市岡山區****,,否,,,,,,,
158,陸淑美,111年高雄市議員選舉,首次申報,1110926,租用宣傳車輛支出,前鋒加油站股份有限公司,,0.00,500.00,,,,宣傳車輛燃料費用,金錢,高雄市岡山區****,,否,,,,,,,
159,陸淑美,111年高雄市議員選舉,首次申報,1110926,宣傳支出,民眾傳播事業有限公司,54635249,0.00,100000.00,,,,播放、傳送或刊登宣傳廣告費用,金錢,高雄市鳳山區****,,否,,,,,,,
160,陸淑美,111年高雄市議員選舉,首次申報,1110927,租用宣傳車輛支出,台灣糖業股份有限公司大社加油站,,0.00,500.00,,,,宣傳車輛燃料費用,金錢,高雄市大社區****,,否,,,,,,,
161,陸淑美,111年高雄市議員選舉,首次申報,1110927,租用宣傳車輛支出,台灣糖業股份有限公司白埔加油站,,0.00,700.00,,,,宣傳車輛燃料費用,金錢,高雄市橋頭區****,,否,,,,,,,
162,陸淑美,111年高雄市議員選舉,首次申報,1110927,租用宣傳車輛支出,柳橋加油站股份有限公司,,0.00,500.00,,,,宣傳車輛燃料費用,金錢,高雄市岡山區****,,否,,,,,,,
163,陸淑美,111年高雄市議員選舉,首次申報,1110927,雜支支出,世和小吃店,,0.00,225.00,,,,餐飲費用,金錢,高雄市岡山區****,,否,,,,,,,
164,陸淑美,111年高雄市議員選舉,首次申報,1110928,租用宣傳車輛支出,前鋒加油站股份有限公司,,0.00,500.00,,,,宣傳車輛燃料費用,金錢,高雄市岡山區****,,否,,,,,,,
165,陸淑美,111年高雄市議員選舉,首次申報,1110928,雜支支出,麥根中式簡餐,,0.00,900.00,,,,餐飲費用,金錢,高雄市岡山區****,,否,,,,,,,
166,陸淑美,111年高雄市議員選舉,首次申報,1110928,租用宣傳車輛支出,柳橋加油站股份有限公司,,0.00,500.00,,,,宣傳車輛燃料費用,金錢,高雄市岡山區****,,否,,,,,,,
167,陸淑美,111年高雄市議員選舉,首次申報,1110928,租用宣傳車輛支出,台灣糖業股份有限公司大社加油站,,0.00,500.00,,,,宣傳車輛燃料費用,金錢,高雄市大社區****,,否,,,,,,,
168,陸淑美,111年高雄市議員選舉,首次申報,1110929,租用宣傳車輛支出,台灣糖業股份有限公司大社加油站,,0.00,500.00,,,,宣傳車輛燃料費用,金錢,高雄市大社區****,,否,,,,,,,
169,陸淑美,111年高雄市議員選舉,首次申報,1110929,租用宣傳車輛支出,台灣糖業股份有限公司白埔加油站,,0.00,700.00,,,,宣傳車輛燃料費用,金錢,高雄市橋頭區****,,否,,,,,,,
170,陸淑美,111年高雄市議員選舉,首次申報,1110929,宣傳支出,岡山郵局,,0.00,2160.00,,,,郵寄競選物品或宣傳廣告費用,金錢,高雄市岡山區****,,否,,,,,,,
171,陸淑美,111年高雄市議員選舉,首次申報,1110929,雜支支出,本家巧廚,,0.00,1080.00,,,,餐飲費用,金錢,高雄市岡山區****,,否,,,,,,,
172,陸淑美,111年高雄市議員選舉,首次申報,1110930,雜支支出,本家巧廚,,0.00,990.00,,,,餐飲費用,金錢,高雄市岡山區****,,否,,,,,,,
173,陸淑美,111年高雄市議員選舉,首次申報,1110930,租用宣傳車輛支出,前鋒加油站股份有限公司,,0.00,500.00,,,,宣傳車輛燃料費用,金錢,高雄市岡山區****,,否,,,,,,,
174,陸淑美,111年高雄市議員選舉,首次申報,1110930,宣傳支出,岡山郵局,,0.00,1228.00,,,,郵寄競選物品或宣傳廣告費用,金錢,高雄市岡山區****,,否,,,,,,,
175,陸淑美,111年高雄市議員選舉,首次申報,1110930,雜支支出,中華電信股份有限公司高雄營運處,,0.00,1156.00,,,,電信費用,金錢,高雄市岡山區****,,否,,,,,,,
176,陸淑美,111年高雄市議員選舉,首次申報,1110930,租用宣傳車輛支出,台灣糖業股份有限公司大社加油站,,0.00,500.00,,,,宣傳車輛燃料費用,金錢,高雄市大社區****,,否,,,,,,,
177,陸淑美,111年高雄市議員選舉,首次申報,1110930,租用宣傳車輛支出,柳橋加油站股份有限公司,,0.00,500.00,,,,宣傳車輛燃料費用,金錢,高雄市岡山區****,,否,,,,,,,
178,陸淑美,111年高雄市議員選舉,首次申報,1110930,宣傳支出,高珍企業股份有限公司,84599277,0.00,29400.00,,,,製作競選物品或宣傳廣告費用（物品名稱-瓶裝水）,金錢,高雄市大樹區****,,否,,,,,,,
179,陸淑美,111年高雄市議員選舉,首次申報,1111001,雜支支出,世和小吃店,,0.00,150.00,,,,餐飲費用,金錢,高雄市岡山區****,,否,,,,,,,
180,陸淑美,111年高雄市議員選舉,首次申報,1111001,租用宣傳車輛支出,台灣糖業股份有限公司大社加油站,,0.00,500.00,,,,宣傳車輛燃料費用,金錢,高雄市大社區****,,否,,,,,,,
181,陸淑美,111年高雄市議員選舉,首次申報,1111001,租用宣傳車輛支出,台灣糖業股份有限公司白埔加油站,,0.00,700.00,,,,宣傳車輛燃料費用,金錢,高雄市橋頭區****,,否,,,,,,,
182,陸淑美,111年高雄市議員選舉,首次申報,1111001,租用宣傳車輛支出,極臻企業有限公司,45133103,0.00,221340.00,,,,租用宣傳車輛費用,金錢,高雄市左營區****,,否,,,,,,,
183,陸淑美,111年高雄市議員選舉,首次申報,1111002,租用宣傳車輛支出,台灣糖業股份有限公司大社加油站,,0.00,500.00,,,,宣傳車輛燃料費用,金錢,高雄市大社區****,,否,,,,,,,
184,陸淑美,111年高雄市議員選舉,首次申報,1111002,租用宣傳車輛支出,前鋒加油站股份有限公司,,0.00,500.00,,,,宣傳車輛燃料費用,金錢,高雄市岡山區****,,否,,,,,,,
185,陸淑美,111年高雄市議員選舉,首次申報,1111002,租用宣傳車輛支出,柳橋加油站股份有限公司,,0.00,500.00,,,,宣傳車輛燃料費用,金錢,高雄市岡山區****,,否,,,,,,,
186,陸淑美,111年高雄市議員選舉,首次申報,1111003,租用宣傳車輛支出,柳橋加油站股份有限公司,,0.00,500.00,,,,宣傳車輛燃料費用,金錢,高雄市岡山區****,,否,,,,,,,
187,陸淑美,111年高雄市議員選舉,首次申報,1111003,租用宣傳車輛支出,前鋒加油站股份有限公司,,0.00,500.00,,,,宣傳車輛燃料費用,金錢,高雄市岡山區****,,否,,,,,,,
188,陸淑美,111年高雄市議員選舉,首次申報,1111003,租用宣傳車輛支出,台灣糖業股份有限公司大社加油站,,0.00,500.00,,,,宣傳車輛燃料費用,金錢,高雄市大社區****,,否,,,,,,,
189,陸淑美,111年高雄市議員選舉,首次申報,1111003,租用宣傳車輛支出,台灣糖業股份有限公司白埔加油站,,0.00,700.00,,,,宣傳車輛燃料費用,金錢,高雄市橋頭區****,,否,,,,,,,
190,陸淑美,111年高雄市議員選舉,首次申報,1111003,宣傳支出,國城塑膠加工廠,88240820,0.00,160000.00,,,,製作競選物品或宣傳廣告費用（物品名稱-垃圾袋）,金錢,高雄市橋頭區****,,否,,,,,,,
191,陸淑美,111年高雄市議員選舉,首次申報,1111004,租用宣傳車輛支出,台灣糖業股份有限公司大社加油站,,0.00,500.00,,,,宣傳車輛燃料費用,金錢,高雄市大社區****,,否,,,,,,,
192,陸淑美,111年高雄市議員選舉,首次申報,1111004,租用宣傳車輛支出,柳橋加油站股份有限公司,,0.00,500.00,,,,宣傳車輛燃料費用,金錢,高雄市岡山區****,,否,,,,,,,
193,陸淑美,111年高雄市議員選舉,首次申報,1111004,雜支支出,寶亮生活館有限公司,,0.00,892.00,,,,雜項購置或修繕費用,金錢,高雄市岡山區****,,否,,,,,,,
194,陸淑美,111年高雄市議員選舉,首次申報,1111004,雜支支出,心心食堂,,0.00,1700.00,,,,餐飲費用,金錢,高雄市岡山區****,,否,,,,,,,
195,陸淑美,111年高雄市議員選舉,首次申報,1111005,雜支支出,悟饕小吃店,,0.00,785.00,,,,餐飲費用,金錢,高雄市岡山區****,,否,,,,,,,
196,陸淑美,111年高雄市議員選舉,首次申報,1111005,租用宣傳車輛支出,柳橋加油站股份有限公司,,0.00,500.00,,,,宣傳車輛燃料費用,金錢,高雄市岡山區****,,否,,,,,,,
197,陸淑美,111年高雄市議員選舉,首次申報,1111005,租用宣傳車輛支出,台灣糖業股份有限公司大社加油站,,0.00,500.00,,,,宣傳車輛燃料費用,金錢,高雄市大社區****,,否,,,,,,,
198,陸淑美,111年高雄市議員選舉,首次申報,1111005,租用宣傳車輛支出,台灣糖業股份有限公司白埔加油站,,0.00,700.00,,,,宣傳車輛燃料費用,金錢,高雄市橋頭區****,,否,,,,,,,
199,陸淑美,111年高雄市議員選舉,首次申報,1111005,租用宣傳車輛支出,前鋒加油站股份有限公司,,0.00,500.00,,,,宣傳車輛燃料費用,金錢,高雄市岡山區****,,否,,,,,,,
200,陸淑美,111年高雄市議員選舉,首次申報,1111005,租用宣傳車輛支出,李乾,S10*******,0.00,36000.00,,,,雇用宣傳車輛駕駛費用,金錢,高雄市橋頭區****,,否,,,,,,,
201,陸淑美,111年高雄市議員選舉,首次申報,1111005,租用宣傳車輛支出,黃世忠,S10*******,0.00,30000.00,,,,雇用宣傳車輛駕駛費用,金錢,高雄市橋頭區****,,否,,,,,,,
202,陸淑美,111年高雄市議員選舉,首次申報,1111005,租用宣傳車輛支出,李三寶,S12*******,0.00,30000.00,,,,雇用宣傳車輛駕駛費用,金錢,高雄市岡山區****,,否,,,,,,,
203,陸淑美,111年高雄市議員選舉,首次申報,1111005,租用宣傳車輛支出,林聰吉,S12*******,0.00,30000.00,,,,雇用宣傳車輛駕駛費用,金錢,高雄市橋頭區****,,否,,,,,,,
204,陸淑美,111年高雄市議員選舉,首次申報,1111005,人事費用支出,金渝倩,S22*******,0.00,16320.00,,,,工資或薪津,金錢,高雄市岡山區****,,否,,,,,,,
205,陸淑美,111年高雄市議員選舉,首次申報,1111006,租用宣傳車輛支出,台灣糖業股份有限公司大社加油站,,0.00,500.00,,,,宣傳車輛燃料費用,金錢,高雄市大社區****,,否,,,,,,,
206,陸淑美,111年高雄市議員選舉,首次申報,1111007,租用宣傳車輛支出,台灣糖業股份有限公司大社加油站,,0.00,500.00,,,,宣傳車輛燃料費用,金錢,高雄市大社區****,,否,,,,,,,
207,陸淑美,111年高雄市議員選舉,首次申報,1111007,租用宣傳車輛支出,台灣糖業股份有限公司白埔加油站,,0.00,700.00,,,,宣傳車輛燃料費用,金錢,高雄市橋頭區****,,否,,,,,,,
208,陸淑美,111年高雄市議員選舉,首次申報,1111007,租用宣傳車輛支出,前鋒加油站股份有限公司,,0.00,500.00,,,,宣傳車輛燃料費用,金錢,高雄市岡山區****,,否,,,,,,,
209,陸淑美,111年高雄市議員選舉,首次申報,1111007,租用宣傳車輛支出,柳橋加油站股份有限公司,,0.00,500.00,,,,宣傳車輛燃料費用,金錢,高雄市岡山區****,,否,,,,,,,
210,陸淑美,111年高雄市議員選舉,首次申報,1111007,宣傳支出,岡山仁壽路郵局,,0.00,252.00,,,,郵寄競選物品或宣傳廣告費用,金錢,高雄市岡山區****,,否,,,,,,,
211,陸淑美,111年高雄市議員選舉,首次申報,1111007,宣傳支出,倍適特科技有限公司,53232633,0.00,29295.00,,,,製作競選物品或宣傳廣告費用（物品名稱-手舉牌.旗幟）,金錢,高雄市苓雅區****,,否,,,,,,,
212,陸淑美,111年高雄市議員選舉,首次申報,1111008,租用宣傳車輛支出,柳橋加油站股份有限公司,,0.00,500.00,,,,宣傳車輛燃料費用,金錢,高雄市岡山區****,,否,,,,,,,
213,陸淑美,111年高雄市議員選舉,首次申報,1111008,租用宣傳車輛支出,前鋒加油站股份有限公司,,0.00,500.00,,,,宣傳車輛燃料費用,金錢,高雄市岡山區****,,否,,,,,,,
214,陸淑美,111年高雄市議員選舉,首次申報,1111008,租用宣傳車輛支出,台灣糖業股份有限公司大社加油站,,0.00,500.00,,,,宣傳車輛燃料費用,金錢,高雄市大社區****,,否,,,,,,,
215,陸淑美,111年高雄市議員選舉,首次申報,1111009,租用宣傳車輛支出,台灣糖業股份有限公司大社加油站,,0.00,500.00,,,,宣傳車輛燃料費用,金錢,高雄市大社區****,,否,,,,,,,
216,陸淑美,111年高雄市議員選舉,首次申報,1111009,租用宣傳車輛支出,台灣糖業股份有限公司白埔加油站,,0.00,700.00,,,,宣傳車輛燃料費用,金錢,高雄市橋頭區****,,否,,,,,,,
217,陸淑美,111年高雄市議員選舉,首次申報,1111009,租用宣傳車輛支出,柳橋加油站股份有限公司,,0.00,500.00,,,,宣傳車輛燃料費用,金錢,高雄市岡山區****,,否,,,,,,,
218,陸淑美,111年高雄市議員選舉,首次申報,1111009,交通旅運支出,柳橋加油站股份有限公司,,0.00,120.00,,,,油資,金錢,高雄市岡山區****,,否,,,,,,,
219,陸淑美,111年高雄市議員選舉,首次申報,1111010,租用宣傳車輛支出,柳橋加油站股份有限公司,,0.00,500.00,,,,宣傳車輛燃料費用,金錢,高雄市岡山區****,,否,,,,,,,
220,陸淑美,111年高雄市議員選舉,首次申報,1111010,租用宣傳車輛支出,台灣糖業股份有限公司大社加油站,,0.00,500.00,,,,宣傳車輛燃料費用,金錢,高雄市大社區****,,否,,,,,,,
221,陸淑美,111年高雄市議員選舉,首次申報,1111011,租用宣傳車輛支出,台灣糖業股份有限公司白埔加油站,,0.00,700.00,,,,宣傳車輛燃料費用,金錢,高雄市橋頭區****,,否,,,,,,,
222,陸淑美,111年高雄市議員選舉,首次申報,1111011,租用宣傳車輛支出,柳橋加油站股份有限公司,,0.00,500.00,,,,宣傳車輛燃料費用,金錢,高雄市岡山區****,,否,,,,,,,
223,陸淑美,111年高雄市議員選舉,首次申報,1111011,租用宣傳車輛支出,柳橋加油站股份有限公司,,0.00,500.00,,,,宣傳車輛燃料費用,金錢,高雄市岡山區****,,否,,,,,,,
224,陸淑美,111年高雄市議員選舉,首次申報,1111011,宣傳支出,岡山仁壽路郵局,,0.00,1120.00,,,,郵寄競選物品或宣傳廣告費用,金錢,高雄市岡山區****,,否,,,,,,,
225,陸淑美,111年高雄市議員選舉,首次申報,1111012,租用宣傳車輛支出,台灣糖業股份有限公司大社加油站,,0.00,500.00,,,,宣傳車輛燃料費用,金錢,高雄市大社區****,,否,,,,,,,
226,陸淑美,111年高雄市議員選舉,首次申報,1111012,租用宣傳車輛支出,前鋒加油站股份有限公司,,0.00,500.00,,,,宣傳車輛燃料費用,金錢,高雄市岡山區****,,否,,,,,,,
227,陸淑美,111年高雄市議員選舉,首次申報,1111012,雜支支出,穎昌文化圖書有限公司,,0.00,614.00,,,,文具用品費用,金錢,高雄市岡山區****,,否,,,,,,,
228,陸淑美,111年高雄市議員選舉,首次申報,1111013,雜支支出,世和小吃店,,0.00,335.00,,,,餐飲費用,金錢,高雄市岡山區****,,否,,,,,,,
229,陸淑美,111年高雄市議員選舉,首次申報,1111013,租用宣傳車輛支出,台灣糖業股份有限公司白埔加油站,,0.00,700.00,,,,宣傳車輛燃料費用,金錢,高雄市橋頭區****,,否,,,,,,,
230,陸淑美,111年高雄市議員選舉,首次申報,1111013,租用宣傳車輛支出,柳橋加油站股份有限公司,,0.00,500.00,,,,宣傳車輛燃料費用,金錢,高雄市岡山區****,,否,,,,,,,
231,陸淑美,111年高雄市議員選舉,首次申報,1111013,租用宣傳車輛支出,柳橋加油站股份有限公司,,0.00,500.00,,,,宣傳車輛燃料費用,金錢,高雄市岡山區****,,否,,,,,,,
232,陸淑美,111年高雄市議員選舉,首次申報,1111013,雜支支出,悟饕小吃店,,0.00,793.00,,,,餐飲費用,金錢,高雄市岡山區****,,否,,,,,,,
233,陸淑美,111年高雄市議員選舉,首次申報,1111014,租用宣傳車輛支出,柳橋加油站股份有限公司,,0.00,500.00,,,,宣傳車輛燃料費用,金錢,高雄市岡山區****,,否,,,,,,,
234,陸淑美,111年高雄市議員選舉,首次申報,1111014,租用宣傳車輛支出,前鋒加油站股份有限公司,,0.00,500.00,,,,宣傳車輛燃料費用,金錢,高雄市岡山區****,,否,,,,,,,
235,陸淑美,111年高雄市議員選舉,首次申報,1111015,租用宣傳車輛支出,前鋒加油站股份有限公司,,0.00,500.00,,,,宣傳車輛燃料費用,金錢,高雄市岡山區****,,否,,,,,,,
236,陸淑美,111年高雄市議員選舉,首次申報,1111015,雜支支出,世和小吃店,,0.00,225.00,,,,餐飲費用,金錢,高雄市岡山區****,,否,,,,,,,
237,陸淑美,111年高雄市議員選舉,首次申報,1111015,雜支支出,佳來企業有限公司,,0.00,1939.00,,,,雜項購置或修繕費用,金錢,高雄市岡山區****,,否,,,,,,,
238,陸淑美,111年高雄市議員選舉,首次申報,1111015,租用宣傳車輛支出,台灣糖業股份有限公司白埔加油站,,0.00,700.00,,,,宣傳車輛燃料費用,金錢,高雄市橋頭區****,,否,,,,,,,
239,陸淑美,111年高雄市議員選舉,首次申報,1111015,租用宣傳車輛支出,台灣糖業股份有限公司大社加油站,,0.00,500.00,,,,宣傳車輛燃料費用,金錢,高雄市大社區****,,否,,,,,,,
240,陸淑美,111年高雄市議員選舉,首次申報,1111015,交通旅運支出,柳橋加油站股份有限公司,,0.00,1000.00,,,,油資,金錢,高雄市岡山區****,,否,,,,,,,
241,陸淑美,111年高雄市議員選舉,首次申報,1111015,雜支支出,寶棨生活館有限公司,,0.00,215.00,,,,雜項購置或修繕費用,金錢,高雄市岡山區****,,否,,,,,,,
242,陸淑美,111年高雄市議員選舉,首次申報,1111016,租用宣傳車輛支出,柳橋加油站股份有限公司,,0.00,500.00,,,,宣傳車輛燃料費用,金錢,高雄市岡山區****,,否,,,,,,,
243,陸淑美,111年高雄市議員選舉,首次申報,1111016,租用宣傳車輛支出,台灣糖業股份有限公司大社加油站,,0.00,500.00,,,,宣傳車輛燃料費用,金錢,高雄市大社區****,,否,,,,,,,
244,陸淑美,111年高雄市議員選舉,首次申報,1111016,雜支支出,中華電信股份有限公司高雄營運處,,0.00,957.00,,,,電信費用,金錢,高雄市岡山區****,,否,,,,,,,
245,陸淑美,111年高雄市議員選舉,首次申報,1111016,雜支支出,世和小吃店,,0.00,255.00,,,,餐飲費用,金錢,高雄市岡山區****,,否,,,,,,,
246,陸淑美,111年高雄市議員選舉,首次申報,1111016,雜支支出,維真西點麵包廠,85742601,0.00,3505.00,,,,餐飲費用,金錢,高雄市岡山區****,,否,,,,,,,
247,陸淑美,111年高雄市議員選舉,首次申報,1111016,雜支支出,協發水果行,88747849,0.00,6070.00,,,,餐飲費用,金錢,高雄市岡山區****,,否,,,,,,,
248,陸淑美,111年高雄市議員選舉,首次申報,1111017,租用宣傳車輛支出,前鋒加油站股份有限公司,,0.00,500.00,,,,宣傳車輛燃料費用,金錢,高雄市岡山區****,,否,,,,,,,
249,陸淑美,111年高雄市議員選舉,首次申報,1111017,租用宣傳車輛支出,台灣糖業股份有限公司大社加油站,,0.00,500.00,,,,宣傳車輛燃料費用,金錢,高雄市大社區****,,否,,,,,,,
250,陸淑美,111年高雄市議員選舉,首次申報,1111017,租用宣傳車輛支出,台灣糖業股份有限公司白埔加油站,,0.00,700.00,,,,宣傳車輛燃料費用,金錢,高雄市橋頭區****,,否,,,,,,,
251,陸淑美,111年高雄市議員選舉,首次申報,1111017,租用宣傳車輛支出,柳橋加油站股份有限公司,,0.00,500.00,,,,宣傳車輛燃料費用,金錢,高雄市岡山區****,,否,,,,,,,
252,陸淑美,111年高雄市議員選舉,首次申報,1111017,交通旅運支出,柳橋加油站股份有限公司,,0.00,1680.00,,,,油資,金錢,高雄市岡山區****,,否,,,,,,,
253,陸淑美,111年高雄市議員選舉,首次申報,1111017,宣傳支出,岡山仁壽路郵局,,0.00,420.00,,,,郵寄競選物品或宣傳廣告費用,金錢,高雄市岡山區****,,否,,,,,,,
254,陸淑美,111年高雄市議員選舉,首次申報,1111017,雜支支出,後紅肉包,67715841,0.00,4000.00,,,,餐飲費用,金錢,高雄市岡山區****,,否,,,,,,,
255,陸淑美,111年高雄市議員選舉,首次申報,1111018,租用宣傳車輛支出,柳橋加油站股份有限公司,,0.00,500.00,,,,宣傳車輛燃料費用,金錢,高雄市岡山區****,,否,,,,,,,
256,陸淑美,111年高雄市議員選舉,首次申報,1111018,租用宣傳車輛支出,台灣糖業股份有限公司白埔加油站,,0.00,700.00,,,,宣傳車輛燃料費用,金錢,高雄市橋頭區****,,否,,,,,,,
257,陸淑美,111年高雄市議員選舉,首次申報,1111018,租用宣傳車輛支出,台灣糖業股份有限公司大社加油站,,0.00,500.00,,,,宣傳車輛燃料費用,金錢,高雄市大社區****,,否,,,,,,,
258,陸淑美,111年高雄市議員選舉,首次申報,1111018,返還捐贈支出,永嘉木業有限公司,84318305,0.00,10000.00,,,,返還,金錢,高雄市楠梓區****,,否,,,,,,,
259,陸淑美,111年高雄市議員選舉,首次申報,1111019,租用宣傳車輛支出,台灣糖業股份有限公司大社加油站,,0.00,500.00,,,,宣傳車輛燃料費用,金錢,高雄市大社區****,,否,,,,,,,
260,陸淑美,111年高雄市議員選舉,首次申報,1111019,租用宣傳車輛支出,前鋒加油站股份有限公司,,0.00,500.00,,,,宣傳車輛燃料費用,金錢,高雄市岡山區****,,否,,,,,,,
261,陸淑美,111年高雄市議員選舉,首次申報,1111019,租用宣傳車輛支出,柳橋加油站股份有限公司,,0.00,500.00,,,,宣傳車輛燃料費用,金錢,高雄市岡山區****,,否,,,,,,,
262,陸淑美,111年高雄市議員選舉,首次申報,1111020,交通旅運支出,柳橋加油站股份有限公司,,0.00,129.00,,,,油資,金錢,高雄市岡山區****,,否,,,,,,,
263,陸淑美,111年高雄市議員選舉,首次申報,1111020,交通旅運支出,柳橋加油站股份有限公司,,0.00,800.00,,,,油資,金錢,高雄市岡山區****,,否,,,,,,,
264,陸淑美,111年高雄市議員選舉,首次申報,1111020,租用宣傳車輛支出,柳橋加油站股份有限公司,,0.00,500.00,,,,宣傳車輛燃料費用,金錢,高雄市岡山區****,,否,,,,,,,
265,陸淑美,111年高雄市議員選舉,首次申報,1111020,租用宣傳車輛支出,台灣糖業股份有限公司大社加油站,,0.00,500.00,,,,宣傳車輛燃料費用,金錢,高雄市大社區****,,否,,,,,,,
266,陸淑美,111年高雄市議員選舉,首次申報,1111020,租用宣傳車輛支出,台灣糖業股份有限公司白埔加油站,,0.00,700.00,,,,宣傳車輛燃料費用,金錢,高雄市橋頭區****,,否,,,,,,,
267,陸淑美,111年高雄市議員選舉,首次申報,1111021,租用宣傳車輛支出,台灣糖業股份有限公司白埔加油站,,0.00,400.00,,,,宣傳車輛燃料費用,金錢,高雄市橋頭區****,,否,,,,,,,
268,陸淑美,111年高雄市議員選舉,首次申報,1111021,租用宣傳車輛支出,柳橋加油站股份有限公司,,0.00,750.00,,,,宣傳車輛燃料費用,金錢,高雄市岡山區****,,否,,,,,,,
269,陸淑美,111年高雄市議員選舉,首次申報,1111021,租用宣傳車輛支出,柳橋加油站股份有限公司,,0.00,457.00,,,,宣傳車輛燃料費用,金錢,高雄市岡山區****,,否,,,,,,,
270,陸淑美,111年高雄市議員選舉,首次申報,1111021,宣傳支出,岡山仁壽路郵局,,0.00,420.00,,,,郵寄競選物品或宣傳廣告費用,金錢,高雄市岡山區****,,否,,,,,,,
271,陸淑美,111年高雄市議員選舉,首次申報,1111022,雜支支出,寶棨生活館有限公司,,0.00,250.00,,,,雜項購置或修繕費用,金錢,高雄市岡山區****,,否,,,,,,,
272,陸淑美,111年高雄市議員選舉,首次申報,1111022,租用宣傳車輛支出,柳橋加油站股份有限公司,,0.00,500.00,,,,宣傳車輛燃料費用,金錢,高雄市岡山區****,,否,,,,,,,
273,陸淑美,111年高雄市議員選舉,首次申報,1111022,租用宣傳車輛支出,台灣糖業股份有限公司白埔加油站,,0.00,600.00,,,,宣傳車輛燃料費用,金錢,高雄市橋頭區****,,否,,,,,,,
274,陸淑美,111年高雄市議員選舉,首次申報,1111022,租用宣傳車輛支出,台灣糖業股份有限公司大社加油站,,0.00,500.00,,,,宣傳車輛燃料費用,金錢,高雄市大社區****,,否,,,,,,,
275,陸淑美,111年高雄市議員選舉,首次申報,1111022,雜支支出,世和小吃店,,0.00,255.00,,,,餐飲費用,金錢,高雄市岡山區****,,否,,,,,,,
276,陸淑美,111年高雄市議員選舉,首次申報,1111023,雜支支出,世和小吃店,,0.00,240.00,,,,餐飲費用,金錢,高雄市岡山區****,,否,,,,,,,
277,陸淑美,111年高雄市議員選舉,首次申報,1111023,雜支支出,佳來企業有限公司,,0.00,225.00,,,,雜項購置或修繕費用,金錢,高雄市岡山區****,,否,,,,,,,
278,陸淑美,111年高雄市議員選舉,首次申報,1111023,租用宣傳車輛支出,台灣糖業股份有限公司大社加油站,,0.00,500.00,,,,宣傳車輛燃料費用,金錢,高雄市大社區****,,否,,,,,,,
279,陸淑美,111年高雄市議員選舉,首次申報,1111023,交通旅運支出,柳橋加油站股份有限公司,,0.00,120.00,,,,油資,金錢,高雄市岡山區****,,否,,,,,,,
280,陸淑美,111年高雄市議員選舉,首次申報,1111023,租用宣傳車輛支出,柳橋加油站股份有限公司,,0.00,500.00,,,,宣傳車輛燃料費用,金錢,高雄市岡山區****,,否,,,,,,,
281,陸淑美,111年高雄市議員選舉,首次申報,1111024,租用宣傳車輛支出,柳橋加油站股份有限公司,,0.00,500.00,,,,宣傳車輛燃料費用,金錢,高雄市岡山區****,,否,,,,,,,
282,陸淑美,111年高雄市議員選舉,首次申報,1111024,租用宣傳車輛支出,柳橋加油站股份有限公司,,0.00,500.00,,,,宣傳車輛燃料費用,金錢,高雄市岡山區****,,否,,,,,,,
283,陸淑美,111年高雄市議員選舉,首次申報,1111024,租用宣傳車輛支出,台灣糖業股份有限公司大社加油站,,0.00,500.00,,,,宣傳車輛燃料費用,金錢,高雄市大社區****,,否,,,,,,,
284,陸淑美,111年高雄市議員選舉,首次申報,1111024,租用宣傳車輛支出,台灣糖業股份有限公司白埔加油站,,0.00,700.00,,,,宣傳車輛燃料費用,金錢,高雄市橋頭區****,,否,,,,,,,
285,陸淑美,111年高雄市議員選舉,首次申報,1111024,雜支支出,佳來企業有限公司,,0.00,225.00,,,,雜項購置或修繕費用,金錢,高雄市岡山區****,,否,,,,,,,
286,陸淑美,111年高雄市議員選舉,首次申報,1111024,雜支支出,世和小吃店,,0.00,255.00,,,,餐飲費用,金錢,高雄市岡山區****,,否,,,,,,,
287,陸淑美,111年高雄市議員選舉,首次申報,1111024,宣傳支出,聯合報股份有限公司,03799802,0.00,31500.00,,,,播放、傳送或刊登宣傳廣告費用,金錢,新北市汐止區****,,否,,,,,,,
288,陸淑美,111年高雄市議員選舉,首次申報,1111024,宣傳支出,自由時報企業股份有限公司,52570683,0.00,25200.00,,,,播放、傳送或刊登宣傳廣告費用,金錢,臺北市內湖區****,,否,,,,,,,
289,陸淑美,111年高雄市議員選舉,首次申報,1111024,宣傳支出,艾勒芬廣告行銷有限公司,53882122,0.00,36500.00,,,,播放、傳送或刊登宣傳廣告費用,金錢,高雄市楠梓區****,,否,,,,,,,
290,陸淑美,111年高雄市議員選舉,首次申報,1111024,返還捐贈支出,海瀚環保有限公司,85034699,0.00,50000.00,,,,返還,金錢,高雄市湖內區****,,否,,,,,,,
291,陸淑美,111年高雄市議員選舉,首次申報,1111025,租用宣傳車輛支出,台灣糖業股份有限公司大社加油站,,0.00,500.00,,,,宣傳車輛燃料費用,金錢,高雄市大社區****,,否,,,,,,,
292,陸淑美,111年高雄市議員選舉,首次申報,1111025,租用宣傳車輛支出,柳橋加油站股份有限公司,,0.00,500.00,,,,宣傳車輛燃料費用,金錢,高雄市岡山區****,,否,,,,,,,
293,陸淑美,111年高雄市議員選舉,首次申報,1111026,租用宣傳車輛支出,柳橋加油站股份有限公司,,0.00,500.00,,,,宣傳車輛燃料費用,金錢,高雄市岡山區****,,否,,,,,,,
294,陸淑美,111年高雄市議員選舉,首次申報,1111026,租用宣傳車輛支出,台灣糖業股份有限公司大社加油站,,0.00,500.00,,,,宣傳車輛燃料費用,金錢,高雄市大社區****,,否,,,,,,,
295,陸淑美,111年高雄市議員選舉,首次申報,1111026,租用宣傳車輛支出,台灣糖業股份有限公司白埔加油站,,0.00,700.00,,,,宣傳車輛燃料費用,金錢,高雄市橋頭區****,,否,,,,,,,
296,陸淑美,111年高雄市議員選舉,首次申報,1111027,租用宣傳車輛支出,台灣糖業股份有限公司大社加油站,,0.00,500.00,,,,宣傳車輛燃料費用,金錢,高雄市大社區****,,否,,,,,,,
297,陸淑美,111年高雄市議員選舉,首次申報,1111027,租用宣傳車輛支出,柳橋加油站股份有限公司,,0.00,500.00,,,,宣傳車輛燃料費用,金錢,高雄市岡山區****,,否,,,,,,,
298,陸淑美,111年高雄市議員選舉,首次申報,1111027,雜支支出,悟饕小吃店,,0.00,1905.00,,,,餐飲費用,金錢,高雄市岡山區****,,否,,,,,,,
299,陸淑美,111年高雄市議員選舉,首次申報,1111028,租用宣傳車輛支出,柳橋加油站股份有限公司,,0.00,500.00,,,,宣傳車輛燃料費用,金錢,高雄市岡山區****,,否,,,,,,,
300,陸淑美,111年高雄市議員選舉,首次申報,1111028,租用宣傳車輛支出,柳橋加油站股份有限公司,,0.00,500.00,,,,宣傳車輛燃料費用,金錢,高雄市岡山區****,,否,,,,,,,
301,陸淑美,111年高雄市議員選舉,首次申報,1111028,租用宣傳車輛支出,台灣糖業股份有限公司大社加油站,,0.00,500.00,,,,宣傳車輛燃料費用,金錢,高雄市大社區****,,否,,,,,,,
302,陸淑美,111年高雄市議員選舉,首次申報,1111028,租用宣傳車輛支出,台灣糖業股份有限公司白埔加油站,,0.00,700.00,,,,宣傳車輛燃料費用,金錢,高雄市橋頭區****,,否,,,,,,,
303,陸淑美,111年高雄市議員選舉,首次申報,1111028,雜支支出,中華電信股份有限公司高雄營運處,,0.00,1045.00,,,,電信費用,金錢,高雄市岡山區****,,否,,,,,,,
304,陸淑美,111年高雄市議員選舉,首次申報,1111029,雜支支出,世和小吃店,,0.00,255.00,,,,餐飲費用,金錢,高雄市岡山區****,,否,,,,,,,
305,陸淑美,111年高雄市議員選舉,首次申報,1111029,租用宣傳車輛支出,台灣糖業股份有限公司大社加油站,,0.00,500.00,,,,宣傳車輛燃料費用,金錢,高雄市大社區****,,否,,,,,,,
306,陸淑美,111年高雄市議員選舉,首次申報,1111029,租用宣傳車輛支出,柳橋加油站股份有限公司,,0.00,500.00,,,,宣傳車輛燃料費用,金錢,高雄市岡山區****,,否,,,,,,,
307,陸淑美,111年高雄市議員選舉,首次申報,1111030,租用宣傳車輛支出,柳橋加油站股份有限公司,,0.00,500.00,,,,宣傳車輛燃料費用,金錢,高雄市岡山區****,,否,,,,,,,
308,陸淑美,111年高雄市議員選舉,首次申報,1111030,租用宣傳車輛支出,柳橋加油站股份有限公司,,0.00,500.00,,,,宣傳車輛燃料費用,金錢,高雄市岡山區****,,否,,,,,,,
309,陸淑美,111年高雄市議員選舉,首次申報,1111030,租用宣傳車輛支出,柳橋加油站股份有限公司,,0.00,500.00,,,,宣傳車輛燃料費用,金錢,高雄市岡山區****,,否,,,,,,,
310,陸淑美,111年高雄市議員選舉,首次申報,1111030,租用宣傳車輛支出,台灣糖業股份有限公司白埔加油站,,0.00,700.00,,,,宣傳車輛燃料費用,金錢,高雄市橋頭區****,,否,,,,,,,
311,陸淑美,111年高雄市議員選舉,首次申報,1111030,雜支支出,世和小吃店,,0.00,225.00,,,,餐飲費用,金錢,高雄市岡山區****,,否,,,,,,,
312,陸淑美,111年高雄市議員選舉,首次申報,1111031,雜支支出,世和小吃店,,0.00,240.00,,,,餐飲費用,金錢,高雄市岡山區****,,否,,,,,,,
313,陸淑美,111年高雄市議員選舉,首次申報,1111031,租用宣傳車輛支出,台灣糖業股份有限公司大社加油站,,0.00,500.00,,,,宣傳車輛燃料費用,金錢,高雄市大社區****,,否,,,,,,,
314,陸淑美,111年高雄市議員選舉,首次申報,1111031,租用宣傳車輛支出,柳橋加油站股份有限公司,,0.00,500.00,,,,宣傳車輛燃料費用,金錢,高雄市岡山區****,,否,,,,,,,
315,陸淑美,111年高雄市議員選舉,首次申報,1111031,雜支支出,賀展淨水股份有限公司,12615657,0.00,7000.00,,,,餐飲費用,金錢,高雄市岡山區****,,否,,,,,,,
316,陸淑美,111年高雄市議員選舉,首次申報,1111101,租用宣傳車輛支出,台灣糖業股份有限公司白埔加油站,,0.00,700.00,,,,宣傳車輛燃料費用,金錢,高雄市橋頭區****,,否,,,,,,,
317,陸淑美,111年高雄市議員選舉,首次申報,1111101,租用宣傳車輛支出,台灣糖業股份有限公司大社加油站,,0.00,500.00,,,,宣傳車輛燃料費用,金錢,高雄市大社區****,,否,,,,,,,
318,陸淑美,111年高雄市議員選舉,首次申報,1111101,交通旅運支出,柳橋加油站股份有限公司,,0.00,120.00,,,,油資,金錢,高雄市岡山區****,,否,,,,,,,
319,陸淑美,111年高雄市議員選舉,首次申報,1111101,雜支支出,瑜碩有限公司岡山店,,0.00,3600.00,,,,餐飲費用,金錢,高雄市岡山區****,,否,,,,,,,
320,陸淑美,111年高雄市議員選舉,首次申報,1111101,雜支支出,金豐茂企業有限公司,12750702,0.00,2200.00,,,,雜項購置或修繕費用,金錢,高雄市燕巢區****,,否,,,,,,,
321,陸淑美,111年高雄市議員選舉,首次申報,1111101,租用宣傳車輛支出,極臻企業有限公司,45133103,0.00,178500.00,,,,租用宣傳車輛費用,金錢,高雄市左營區****,,否,,,,,,,
322,陸淑美,111年高雄市議員選舉,首次申報,1111101,宣傳支出,高珍企業股份有限公司,84599277,0.00,37800.00,,,,製作競選物品或宣傳廣告費用（物品名稱-瓶裝水）,金錢,高雄市大樹區****,,否,,,,,,,
323,陸淑美,111年高雄市議員選舉,首次申報,1111101,宣傳支出,南國有線電視股份有限公司,97170965,0.00,80000.00,,,,播放、傳送或刊登宣傳廣告費用,金錢,高雄市岡山區****,,否,,,,,,,
324,陸淑美,111年高雄市議員選舉,首次申報,1111101,宣傳支出,新新聞報社,99061210,0.00,15000.00,,,,播放、傳送或刊登宣傳廣告費用,金錢,高雄市前金區****,,否,,,,,,,
325,陸淑美,111年高雄市議員選舉,首次申報,1111102,租用宣傳車輛支出,柳橋加油站股份有限公司,,0.00,500.00,,,,宣傳車輛燃料費用,金錢,高雄市岡山區****,,否,,,,,,,
326,陸淑美,111年高雄市議員選舉,首次申報,1111102,租用宣傳車輛支出,柳橋加油站股份有限公司,,0.00,500.00,,,,宣傳車輛燃料費用,金錢,高雄市岡山區****,,否,,,,,,,
327,陸淑美,111年高雄市議員選舉,首次申報,1111102,租用宣傳車輛支出,台灣糖業股份有限公司大社加油站,,0.00,500.00,,,,宣傳車輛燃料費用,金錢,高雄市大社區****,,否,,,,,,,
328,陸淑美,111年高雄市議員選舉,首次申報,1111103,租用宣傳車輛支出,台灣糖業股份有限公司大社加油站,,0.00,500.00,,,,宣傳車輛燃料費用,金錢,高雄市大社區****,,否,,,,,,,
329,陸淑美,111年高雄市議員選舉,首次申報,1111103,租用宣傳車輛支出,台灣糖業股份有限公司白埔加油站,,0.00,700.00,,,,宣傳車輛燃料費用,金錢,高雄市橋頭區****,,否,,,,,,,
330,陸淑美,111年高雄市議員選舉,首次申報,1111103,交通旅運支出,柳橋加油站股份有限公司,,0.00,1000.00,,,,油資,金錢,高雄市岡山區****,,否,,,,,,,
331,陸淑美,111年高雄市議員選舉,首次申報,1111103,租用宣傳車輛支出,柳橋加油站股份有限公司,,0.00,500.00,,,,宣傳車輛燃料費用,金錢,高雄市岡山區****,,否,,,,,,,
332,陸淑美,111年高雄市議員選舉,首次申報,1111103,租用宣傳車輛支出,柳橋加油站股份有限公司,,0.00,500.00,,,,宣傳車輛燃料費用,金錢,高雄市岡山區****,,否,,,,,,,
333,陸淑美,111年高雄市議員選舉,首次申報,1111103,雜支支出,瑜碩有限公司岡山店,,0.00,2700.00,,,,餐飲費用,金錢,高雄市岡山區****,,否,,,,,,,
334,陸淑美,111年高雄市議員選舉,首次申報,1111103,宣傳支出,瑞歐廣告傳播事業有限公司,84200039,0.00,436275.00,,,,製作競選物品或宣傳廣告費用（物品名稱-便條紙）,金錢,高雄市鼓山區****,,否,,,,,,,
335,陸淑美,111年高雄市議員選舉,首次申報,1111104,宣傳支出,岡山仁壽路郵局,,0.00,378.00,,,,郵寄競選物品或宣傳廣告費用,金錢,高雄市岡山區****,,否,,,,,,,
336,陸淑美,111年高雄市議員選舉,首次申報,1111104,租用宣傳車輛支出,台灣糖業股份有限公司大社加油站,,0.00,500.00,,,,宣傳車輛燃料費用,金錢,高雄市大社區****,,否,,,,,,,
337,陸淑美,111年高雄市議員選舉,首次申報,1111104,宣傳支出,德美國際有限公司,59233552,0.00,176084.00,,,,製作競選物品或宣傳廣告費用（物品名稱-帽子.背心）,金錢,高雄市鳳山區****,,否,,,,,,,
338,陸淑美,111年高雄市議員選舉,首次申報,1111105,租用宣傳車輛支出,台灣糖業股份有限公司大社加油站,,0.00,500.00,,,,宣傳車輛燃料費用,金錢,高雄市大社區****,,否,,,,,,,
339,陸淑美,111年高雄市議員選舉,首次申報,1111105,租用宣傳車輛支出,台灣糖業股份有限公司白埔加油站,,0.00,700.00,,,,宣傳車輛燃料費用,金錢,高雄市橋頭區****,,否,,,,,,,
340,陸淑美,111年高雄市議員選舉,首次申報,1111105,租用宣傳車輛支出,柳橋加油站股份有限公司,,0.00,500.00,,,,宣傳車輛燃料費用,金錢,高雄市岡山區****,,否,,,,,,,
341,陸淑美,111年高雄市議員選舉,首次申報,1111105,租用宣傳車輛支出,柳橋加油站股份有限公司,,0.00,500.00,,,,宣傳車輛燃料費用,金錢,高雄市岡山區****,,否,,,,,,,
342,陸淑美,111年高雄市議員選舉,首次申報,1111105,租用宣傳車輛支出,李乾,S10*******,0.00,37200.00,,,,雇用宣傳車輛駕駛費用,金錢,高雄市橋頭區****,,否,,,,,,,
343,陸淑美,111年高雄市議員選舉,首次申報,1111105,租用宣傳車輛支出,黃世忠,S10*******,0.00,31000.00,,,,雇用宣傳車輛駕駛費用,金錢,高雄市橋頭區****,,否,,,,,,,
344,陸淑美,111年高雄市議員選舉,首次申報,1111105,租用宣傳車輛支出,李三寶,S12*******,0.00,31000.00,,,,雇用宣傳車輛駕駛費用,金錢,高雄市岡山區****,,否,,,,,,,
345,陸淑美,111年高雄市議員選舉,首次申報,1111105,租用宣傳車輛支出,林聰吉,S12*******,0.00,31000.00,,,,雇用宣傳車輛駕駛費用,金錢,高雄市橋頭區****,,否,,,,,,,
346,陸淑美,111年高雄市議員選舉,首次申報,1111106,租用宣傳車輛支出,柳橋加油站股份有限公司,,0.00,500.00,,,,宣傳車輛燃料費用,金錢,高雄市岡山區****,,否,,,,,,,
347,陸淑美,111年高雄市議員選舉,首次申報,1111106,租用宣傳車輛支出,台灣糖業股份有限公司大社加油站,,0.00,500.00,,,,宣傳車輛燃料費用,金錢,高雄市大社區****,,否,,,,,,,
348,陸淑美,111年高雄市議員選舉,首次申報,1111106,宣傳支出,剛山派報社,76976607,0.00,44400.00,,,,郵寄競選物品或宣傳廣告費用,金錢,高雄市岡山區****,,否,,,,,,,
349,陸淑美,111年高雄市議員選舉,首次申報,1111106,人事費用支出,金渝倩,S22*******,0.00,18360.00,,,,工資或薪津,金錢,高雄市岡山區****,,否,,,,,,,
350,陸淑美,111年高雄市議員選舉,首次申報,1111107,租用宣傳車輛支出,台灣糖業股份有限公司大社加油站,,0.00,500.00,,,,宣傳車輛燃料費用,金錢,高雄市大社區****,,否,,,,,,,
351,陸淑美,111年高雄市議員選舉,首次申報,1111107,租用宣傳車輛支出,台灣糖業股份有限公司白埔加油站,,0.00,700.00,,,,宣傳車輛燃料費用,金錢,高雄市橋頭區****,,否,,,,,,,
352,陸淑美,111年高雄市議員選舉,首次申報,1111107,租用宣傳車輛支出,柳橋加油站股份有限公司,,0.00,500.00,,,,宣傳車輛燃料費用,金錢,高雄市岡山區****,,否,,,,,,,
353,陸淑美,111年高雄市議員選舉,首次申報,1111107,雜支支出,瑜碩有限公司岡山店,,0.00,2520.00,,,,餐飲費用,金錢,高雄市岡山區****,,否,,,,,,,
354,陸淑美,111年高雄市議員選舉,首次申報,1111107,宣傳支出,竣宥多媒體企業社,10290210,0.00,15000.00,,,,播放、傳送或刊登宣傳廣告費用,金錢,高雄市大寮區****,,否,,,,,,,
355,陸淑美,111年高雄市議員選舉,首次申報,1111107,宣傳支出,倍適特科技有限公司,53232633,0.00,349592.00,,,,製作競選物品或宣傳廣告費用（物品名稱-帆布號碼貼紙含施工）,金錢,高雄市苓雅區****,,否,,,,,,,
356,陸淑美,111年高雄市議員選舉,首次申報,1111108,租用宣傳車輛支出,柳橋加油站股份有限公司,,0.00,500.00,,,,宣傳車輛燃料費用,金錢,高雄市岡山區****,,否,,,,,,,
357,陸淑美,111年高雄市議員選舉,首次申報,1111108,租用宣傳車輛支出,台灣糖業股份有限公司大社加油站,,0.00,500.00,,,,宣傳車輛燃料費用,金錢,高雄市大社區****,,否,,,,,,,
358,陸淑美,111年高雄市議員選舉,首次申報,1111109,租用宣傳車輛支出,台灣糖業股份有限公司大社加油站,,0.00,500.00,,,,宣傳車輛燃料費用,金錢,高雄市大社區****,,否,,,,,,,
359,陸淑美,111年高雄市議員選舉,首次申報,1111109,租用宣傳車輛支出,台灣糖業股份有限公司白埔加油站,,0.00,700.00,,,,宣傳車輛燃料費用,金錢,高雄市橋頭區****,,否,,,,,,,
360,陸淑美,111年高雄市議員選舉,首次申報,1111109,交通旅運支出,柳橋加油站股份有限公司,,0.00,1000.00,,,,油資,金錢,高雄市岡山區****,,否,,,,,,,
361,陸淑美,111年高雄市議員選舉,首次申報,1111109,租用宣傳車輛支出,柳橋加油站股份有限公司,,0.00,500.00,,,,宣傳車輛燃料費用,金錢,高雄市岡山區****,,否,,,,,,,
362,陸淑美,111年高雄市議員選舉,首次申報,1111109,租用宣傳車輛支出,柳橋加油站股份有限公司,,0.00,500.00,,,,宣傳車輛燃料費用,金錢,高雄市岡山區****,,否,,,,,,,
363,陸淑美,111年高雄市議員選舉,首次申報,1111109,雜支支出,瑜碩有限公司岡山店,,0.00,1691.00,,,,餐飲費用,金錢,高雄市岡山區****,,否,,,,,,,
364,陸淑美,111年高雄市議員選舉,首次申報,1111110,宣傳支出,岡山仁壽路郵局,,0.00,560.00,,,,郵寄競選物品或宣傳廣告費用,金錢,高雄市岡山區****,,否,,,,,,,
365,陸淑美,111年高雄市議員選舉,首次申報,1111110,租用宣傳車輛支出,柳橋加油站股份有限公司,,0.00,500.00,,,,宣傳車輛燃料費用,金錢,高雄市岡山區****,,否,,,,,,,
366,陸淑美,111年高雄市議員選舉,首次申報,1111110,租用宣傳車輛支出,台灣糖業股份有限公司大社加油站,,0.00,500.00,,,,宣傳車輛燃料費用,金錢,高雄市大社區****,,否,,,,,,,
367,陸淑美,111年高雄市議員選舉,首次申報,1111110,返還捐贈支出,農生企業股份有限公司,22096182,0.00,100000.00,,,,返還,金錢,高雄市路竹區****,,否,,,,,,,
368,陸淑美,111年高雄市議員選舉,首次申報,1111111,租用宣傳車輛支出,台灣糖業股份有限公司大社加油站,,0.00,500.00,,,,宣傳車輛燃料費用,金錢,高雄市大社區****,,否,,,,,,,
369,陸淑美,111年高雄市議員選舉,首次申報,1111111,租用宣傳車輛支出,台灣糖業股份有限公司白埔加油站,,0.00,700.00,,,,宣傳車輛燃料費用,金錢,高雄市橋頭區****,,否,,,,,,,
370,陸淑美,111年高雄市議員選舉,首次申報,1111111,租用宣傳車輛支出,柳橋加油站股份有限公司,,0.00,500.00,,,,宣傳車輛燃料費用,金錢,高雄市岡山區****,,否,,,,,,,
371,陸淑美,111年高雄市議員選舉,首次申報,1111112,租用宣傳車輛支出,柳橋加油站股份有限公司,,0.00,500.00,,,,宣傳車輛燃料費用,金錢,高雄市岡山區****,,否,,,,,,,
372,陸淑美,111年高雄市議員選舉,首次申報,1111112,租用宣傳車輛支出,柳橋加油站股份有限公司,,0.00,500.00,,,,宣傳車輛燃料費用,金錢,高雄市岡山區****,,否,,,,,,,
373,陸淑美,111年高雄市議員選舉,首次申報,1111112,租用宣傳車輛支出,台灣糖業股份有限公司大社加油站,,0.00,500.00,,,,宣傳車輛燃料費用,金錢,高雄市大社區****,,否,,,,,,,
374,陸淑美,111年高雄市議員選舉,首次申報,1111113,租用宣傳車輛支出,台灣糖業股份有限公司大社加油站,,0.00,500.00,,,,宣傳車輛燃料費用,金錢,高雄市大社區****,,否,,,,,,,
375,陸淑美,111年高雄市議員選舉,首次申報,1111114,租用宣傳車輛支出,台灣糖業股份有限公司大社加油站,,0.00,500.00,,,,宣傳車輛燃料費用,金錢,高雄市大社區****,,否,,,,,,,
376,陸淑美,111年高雄市議員選舉,首次申報,1111114,租用宣傳車輛支出,台灣糖業股份有限公司白埔加油站,,0.00,700.00,,,,宣傳車輛燃料費用,金錢,高雄市橋頭區****,,否,,,,,,,
377,陸淑美,111年高雄市議員選舉,首次申報,1111114,租用宣傳車輛支出,柳橋加油站股份有限公司,,0.00,500.00,,,,宣傳車輛燃料費用,金錢,高雄市岡山區****,,否,,,,,,,
378,陸淑美,111年高雄市議員選舉,首次申報,1111114,租用宣傳車輛支出,柳橋加油站股份有限公司,,0.00,500.00,,,,宣傳車輛燃料費用,金錢,高雄市岡山區****,,否,,,,,,,
379,陸淑美,111年高雄市議員選舉,首次申報,1111114,雜支支出,瑜碩有限公司岡山店,,0.00,2870.00,,,,餐飲費用,金錢,高雄市岡山區****,,否,,,,,,,
380,陸淑美,111年高雄市議員選舉,首次申報,1111115,租用宣傳車輛支出,柳橋加油站股份有限公司,,0.00,500.00,,,,宣傳車輛燃料費用,金錢,高雄市岡山區****,,否,,,,,,,
381,陸淑美,111年高雄市議員選舉,首次申報,1111115,租用宣傳車輛支出,柳橋加油站股份有限公司,,0.00,500.00,,,,宣傳車輛燃料費用,金錢,高雄市岡山區****,,否,,,,,,,
382,陸淑美,111年高雄市議員選舉,首次申報,1111115,租用宣傳車輛支出,台灣糖業股份有限公司白埔加油站,,0.00,700.00,,,,宣傳車輛燃料費用,金錢,高雄市橋頭區****,,否,,,,,,,
383,陸淑美,111年高雄市議員選舉,首次申報,1111115,租用宣傳車輛支出,台灣糖業股份有限公司大社加油站,,0.00,500.00,,,,宣傳車輛燃料費用,金錢,高雄市大社區****,,否,,,,,,,
384,陸淑美,111年高雄市議員選舉,首次申報,1111116,租用宣傳車輛支出,台灣糖業股份有限公司大社加油站,,0.00,500.00,,,,宣傳車輛燃料費用,金錢,高雄市大社區****,,否,,,,,,,
385,陸淑美,111年高雄市議員選舉,首次申報,1111116,雜支支出,瑜碩有限公司岡山店,,0.00,979.00,,,,餐飲費用,金錢,高雄市岡山區****,,否,,,,,,,
386,陸淑美,111年高雄市議員選舉,首次申報,1111116,宣傳支出,高珍企業股份有限公司,84599277,0.00,37800.00,,,,製作競選物品或宣傳廣告費用（物品名稱-瓶裝水）,金錢,高雄市大樹區****,,否,,,,,,,
387,陸淑美,111年高雄市議員選舉,首次申報,1111117,租用宣傳車輛支出,台灣糖業股份有限公司大社加油站,,0.00,500.00,,,,宣傳車輛燃料費用,金錢,高雄市大社區****,,否,,,,,,,
388,陸淑美,111年高雄市議員選舉,首次申報,1111117,租用宣傳車輛支出,台灣糖業股份有限公司白埔加油站,,0.00,700.00,,,,宣傳車輛燃料費用,金錢,高雄市橋頭區****,,否,,,,,,,
389,陸淑美,111年高雄市議員選舉,首次申報,1111117,租用宣傳車輛支出,柳橋加油站股份有限公司,,0.00,650.00,,,,宣傳車輛燃料費用,金錢,高雄市岡山區****,,否,,,,,,,
390,陸淑美,111年高雄市議員選舉,首次申報,1111117,租用宣傳車輛支出,柳橋加油站股份有限公司,,0.00,500.00,,,,宣傳車輛燃料費用,金錢,高雄市岡山區****,,否,,,,,,,
391,陸淑美,111年高雄市議員選舉,首次申報,1111117,宣傳支出,瑞歐廣告傳播事業有限公司,84200039,0.00,310958.00,,,,製作競選物品或宣傳廣告費用（物品名稱-文宣品印製）,金錢,高雄市鼓山區****,,否,,,,,,,
392,陸淑美,111年高雄市議員選舉,首次申報,1111118,租用宣傳車輛支出,柳橋加油站股份有限公司,,0.00,500.00,,,,宣傳車輛燃料費用,金錢,高雄市岡山區****,,否,,,,,,,
393,陸淑美,111年高雄市議員選舉,首次申報,1111118,租用宣傳車輛支出,台灣糖業股份有限公司大社加油站,,0.00,500.00,,,,宣傳車輛燃料費用,金錢,高雄市大社區****,,否,,,,,,,
394,陸淑美,111年高雄市議員選舉,首次申報,1111118,雜支支出,瑜碩有限公司岡山店,,0.00,1690.00,,,,餐飲費用,金錢,高雄市岡山區****,,否,,,,,,,
395,陸淑美,111年高雄市議員選舉,首次申報,1111118,宣傳支出,聯合報股份有限公司,03799802,0.00,31500.00,,,,播放、傳送或刊登宣傳廣告費用,金錢,新北市汐止區****,,否,,,,,,,
396,陸淑美,111年高雄市議員選舉,首次申報,1111118,宣傳支出,瑞歐廣告傳播事業有限公司,84200039,0.00,22260.00,,,,製作競選物品或宣傳廣告費用（物品名稱-圓形貼紙）,金錢,高雄市鼓山區****,,否,,,,,,,
397,陸淑美,111年高雄市議員選舉,首次申報,1111119,租用宣傳車輛支出,台灣糖業股份有限公司大社加油站,,0.00,500.00,,,,宣傳車輛燃料費用,金錢,高雄市大社區****,,否,,,,,,,
398,陸淑美,111年高雄市議員選舉,首次申報,1111119,租用宣傳車輛支出,台灣糖業股份有限公司白埔加油站,,0.00,700.00,,,,宣傳車輛燃料費用,金錢,高雄市橋頭區****,,否,,,,,,,
399,陸淑美,111年高雄市議員選舉,首次申報,1111119,交通旅運支出,柳橋加油站股份有限公司,,0.00,1000.00,,,,油資,金錢,高雄市岡山區****,,否,,,,,,,
400,陸淑美,111年高雄市議員選舉,首次申報,1111119,租用宣傳車輛支出,柳橋加油站股份有限公司,,0.00,500.00,,,,宣傳車輛燃料費用,金錢,高雄市岡山區****,,否,,,,,,,
401,陸淑美,111年高雄市議員選舉,首次申報,1111119,集會支出,後紅肉包,67715841,0.00,4000.00,,,,餐飲費用,金錢,高雄市岡山區****,,否,,,,,,,
402,陸淑美,111年高雄市議員選舉,首次申報,1111119,集會支出,崗中包子,92169573,0.00,14000.00,,,,餐飲費用,金錢,高雄市岡山區****,,否,,,,,,,
403,陸淑美,111年高雄市議員選舉,首次申報,1111120,租用宣傳車輛支出,柳橋加油站股份有限公司,,0.00,500.00,,,,宣傳車輛燃料費用,金錢,高雄市岡山區****,,否,,,,,,,
404,陸淑美,111年高雄市議員選舉,首次申報,1111120,租用宣傳車輛支出,台灣糖業股份有限公司大社加油站,,0.00,500.00,,,,宣傳車輛燃料費用,金錢,高雄市大社區****,,否,,,,,,,
405,陸淑美,111年高雄市議員選舉,首次申報,1111121,租用宣傳車輛支出,台灣糖業股份有限公司大社加油站,,0.00,500.00,,,,宣傳車輛燃料費用,金錢,高雄市大社區****,,否,,,,,,,
406,陸淑美,111年高雄市議員選舉,首次申報,1111121,租用宣傳車輛支出,台灣糖業股份有限公司白埔加油站,,0.00,700.00,,,,宣傳車輛燃料費用,金錢,高雄市橋頭區****,,否,,,,,,,
407,陸淑美,111年高雄市議員選舉,首次申報,1111121,租用宣傳車輛支出,柳橋加油站股份有限公司,,0.00,500.00,,,,宣傳車輛燃料費用,金錢,高雄市岡山區****,,否,,,,,,,
408,陸淑美,111年高雄市議員選舉,首次申報,1111121,租用宣傳車輛支出,柳橋加油站股份有限公司,,0.00,500.00,,,,宣傳車輛燃料費用,金錢,高雄市岡山區****,,否,,,,,,,
409,陸淑美,111年高雄市議員選舉,首次申報,1111121,雜支支出,瑜碩有限公司岡山店,,0.00,4450.00,,,,餐飲費用,金錢,高雄市岡山區****,,否,,,,,,,
410,陸淑美,111年高雄市議員選舉,首次申報,1111121,宣傳支出,華翼國際行銷有限公司,24687418,0.00,20000.00,,,,製作競選物品或宣傳廣告費用（物品名稱-文宣印刷）,金錢,高雄市三民區****,,否,,,,,,,
411,陸淑美,111年高雄市議員選舉,首次申報,1111121,宣傳支出,倍適特科技有限公司,53232633,0.00,108472.00,,,,製作競選物品或宣傳廣告費用（物品名稱-布條.手舉牌）,金錢,高雄市苓雅區****,,否,,,,,,,
412,陸淑美,111年高雄市議員選舉,首次申報,1111121,宣傳支出,春夏制作工作室,87616088,0.00,373800.00,,,,製作競選物品或宣傳廣告費用（物品名稱-扇子）,金錢,高雄市鹽埕區****,,否,,,,,,,
413,陸淑美,111年高雄市議員選舉,首次申報,1111122,租用宣傳車輛支出,柳橋加油站股份有限公司,,0.00,701.00,,,,宣傳車輛燃料費用,金錢,高雄市岡山區****,,否,,,,,,,
414,陸淑美,111年高雄市議員選舉,首次申報,1111122,交通旅運支出,柳橋加油站股份有限公司,,0.00,1000.00,,,,油資,金錢,高雄市岡山區****,,否,,,,,,,
415,陸淑美,111年高雄市議員選舉,首次申報,1111122,租用宣傳車輛支出,台灣糖業股份有限公司大社加油站,,0.00,500.00,,,,宣傳車輛燃料費用,金錢,高雄市大社區****,,否,,,,,,,
416,陸淑美,111年高雄市議員選舉,首次申報,1111122,集會支出,金鶴綜藝社,19671464,0.00,50000.00,,,,租用設備費用,金錢,高雄市岡山區****,,否,,,,,,,
417,陸淑美,111年高雄市議員選舉,首次申報,1111122,集會支出,金鶴綜藝社,19671464,0.00,80000.00,,,,租用設備費用,金錢,高雄市岡山區****,,否,,,,,,,
418,陸淑美,111年高雄市議員選舉,首次申報,1111122,集會支出,金鶴綜藝社,19671464,0.00,10000.00,,,,租用設備費用,金錢,高雄市岡山區****,,否,,,,,,,
419,陸淑美,111年高雄市議員選舉,首次申報,1111123,租用宣傳車輛支出,台灣糖業股份有限公司大社加油站,,0.00,500.00,,,,宣傳車輛燃料費用,金錢,高雄市大社區****,,否,,,,,,,
420,陸淑美,111年高雄市議員選舉,首次申報,1111123,租用宣傳車輛支出,台灣糖業股份有限公司白埔加油站,,0.00,700.00,,,,宣傳車輛燃料費用,金錢,高雄市橋頭區****,,否,,,,,,,
421,陸淑美,111年高雄市議員選舉,首次申報,1111123,交通旅運支出,柳橋加油站股份有限公司,,0.00,1000.00,,,,油資,金錢,高雄市岡山區****,,否,,,,,,,
422,陸淑美,111年高雄市議員選舉,首次申報,1111123,租用宣傳車輛支出,柳橋加油站股份有限公司,,0.00,500.00,,,,宣傳車輛燃料費用,金錢,高雄市岡山區****,,否,,,,,,,
423,陸淑美,111年高雄市議員選舉,首次申報,1111124,租用宣傳車輛支出,柳橋加油站股份有限公司,,0.00,500.00,,,,宣傳車輛燃料費用,金錢,高雄市岡山區****,,否,,,,,,,
424,陸淑美,111年高雄市議員選舉,首次申報,1111124,交通旅運支出,柳橋加油站股份有限公司,,0.00,1000.00,,,,油資,金錢,高雄市岡山區****,,否,,,,,,,
425,陸淑美,111年高雄市議員選舉,首次申報,1111124,租用宣傳車輛支出,台灣糖業股份有限公司大社加油站,,0.00,500.00,,,,宣傳車輛燃料費用,金錢,高雄市大社區****,,否,,,,,,,
426,陸淑美,111年高雄市議員選舉,首次申報,1111124,集會支出,崗中包子,92169573,0.00,4000.00,,,,餐飲費用,金錢,高雄市岡山區****,,否,,,,,,,
427,陸淑美,111年高雄市議員選舉,首次申報,1111125,租用宣傳車輛支出,台灣糖業股份有限公司白埔加油站,,0.00,300.00,,,,宣傳車輛燃料費用,金錢,高雄市橋頭區****,,否,,,,,,,
428,陸淑美,111年高雄市議員選舉,首次申報,1111125,租用宣傳車輛支出,台灣糖業股份有限公司白埔加油站,,0.00,500.00,,,,宣傳車輛燃料費用,金錢,高雄市橋頭區****,,否,,,,,,,
429,陸淑美,111年高雄市議員選舉,首次申報,1111125,雜支支出,瑜碩有限公司岡山店,,0.00,1930.00,,,,餐飲費用,金錢,高雄市岡山區****,,否,,,,,,,
430,陸淑美,111年高雄市議員選舉,首次申報,1111125,集會支出,崗中包子,92169573,0.00,4000.00,,,,餐飲費用,金錢,高雄市岡山區****,,否,,,,,,,
431,陸淑美,111年高雄市議員選舉,首次申報,1111125,租用宣傳車輛支出,李乾,S10*******,0.00,30000.00,,,,雇用宣傳車輛駕駛費用,金錢,高雄市橋頭區****,,否,,,,,,,
432,陸淑美,111年高雄市議員選舉,首次申報,1111125,租用宣傳車輛支出,黃世忠,S10*******,0.00,25000.00,,,,雇用宣傳車輛駕駛費用,金錢,高雄市橋頭區****,,否,,,,,,,
433,陸淑美,111年高雄市議員選舉,首次申報,1111125,租用宣傳車輛支出,林聰吉,S12*******,0.00,25000.00,,,,雇用宣傳車輛駕駛費用,金錢,高雄市橋頭區****,,否,,,,,,,
434,陸淑美,111年高雄市議員選舉,首次申報,1111125,租用宣傳車輛支出,李三寶,S12*******,0.00,25000.00,,,,雇用宣傳車輛駕駛費用,金錢,高雄市岡山區****,,否,,,,,,,
435,陸淑美,111年高雄市議員選舉,首次申報,1111127,人事費用支出,金渝倩,S22*******,0.00,16830.00,,,,工資或薪津,金錢,高雄市岡山區****,,否,,,,,,,
436,陸淑美,111年高雄市議員選舉,首次申報,1111128,宣傳支出,正隆股份有限公司,88685870,0.00,48000.00,,,,製作競選物品或宣傳廣告費用（物品名稱-面紙）,金錢,高雄市燕巢區****,,否,,,,,,,
437,陸淑美,111年高雄市議員選舉,首次申報,1111129,宣傳支出,高珍企業股份有限公司,84599277,0.00,63000.00,,,,製作競選物品或宣傳廣告費用（物品名稱-瓶裝水）,金錢,高雄市大樹區****,,否,,,,,,,
438,陸淑美,111年高雄市議員選舉,首次申報,1111130,宣傳支出,大師科技工程有限公司,80424753,0.00,450000.00,,,,委託辦理研究、評估、調查、設計或規劃費用,金錢,新北市新店區****,,否,,,,,,,
439,陸淑美,111年高雄市議員選舉,首次申報,1111216,宣傳支出,倍適特科技有限公司,53232633,0.00,71925.00,,,,其他與選舉宣傳有關之費用,金錢,高雄市苓雅區****,,否,,,,,,,
