﻿序號,擬參選人／政黨,選舉名稱,申報序號／年度,交易日期,收支科目,捐贈者／支出對象,身分證／統一編號,收入金額,支出金額,捐贈方式,存入專戶日期,返還/繳庫,支出用途,金錢類,地址,聯絡電話,應揭露之支出對象,支出對象之內部人員姓名,支出對象之內部人員職稱,政黨之內部人員姓名,政黨之內部人員職稱,關係,更正註記,資料更正日期
1,陸淑美,111年高雄市議員選舉,首次申報,1110608,營利事業捐贈收入,鑫陽鋼鐵股份有限公司,53235414,500000.00,0.00,匯款,1110608,,,金錢,高雄市橋頭區****,(07)*****,,,,,,,,
2,陸淑美,111年高雄市議員選舉,首次申報,1110621,其他收入,利息收入,,11.00,0.00,匯款,1110621,,,金錢,,,,,,,,,,
3,陸淑美,111年高雄市議員選舉,首次申報,1110713,個人捐贈收入,張力元,H12*******,100000.00,0.00,現金,1110714,,,金錢,高雄市岡山區****,,,,,,,,,
4,陸淑美,111年高雄市議員選舉,首次申報,1110713,個人捐贈收入,曾鐘永,S12*******,100000.00,0.00,現金,1110714,,,金錢,高雄市岡山區****,0910*****,,,,,,,,
5,陸淑美,111年高雄市議員選舉,首次申報,1110713,個人捐贈收入,鄭秀真,S22*******,100000.00,0.00,現金,1110714,,,金錢,高雄市岡山區****,,,,,,,,,
6,陸淑美,111年高雄市議員選舉,首次申報,1110727,營利事業捐贈收入,展億環保科技有限公司,70711480,150000.00,0.00,匯款,1110727,,,金錢,高雄市永安區****,624-*****,,,,,,,,
7,陸淑美,111年高雄市議員選舉,首次申報,1110801,個人捐贈收入,楊水金,,10000.00,0.00,匯款,1110801,,,金錢,高雄市岡山區****,0932*****,,,,,,,,
8,陸淑美,111年高雄市議員選舉,首次申報,1110823,個人捐贈收入,陸高不池,,20000.00,0.00,現金,1110824,,,金錢,高雄市左營區****,0958*****,,,,,,,,
9,陸淑美,111年高雄市議員選舉,首次申報,1110823,個人捐贈收入,曾澄立,,5000.00,0.00,現金,1110824,,,金錢,高雄市鳳山區****,0931*****,,,,,,,,
10,陸淑美,111年高雄市議員選舉,首次申報,1110829,營利事業捐贈收入,福果國際股份有限公司,53243174,200000.00,0.00,匯款,1110829,,,金錢,新北市淡水區****,(07)*****,,,,,,,,
11,陸淑美,111年高雄市議員選舉,首次申報,1110903,個人捐贈收入,卓月春,,2000.00,0.00,現金,1110906,,,金錢,高雄市岡山區****,0952*****,,,,,,,,
12,陸淑美,111年高雄市議員選舉,首次申報,1110906,營利事業捐贈收入,震南鐵線股份有限公司,86540792,100000.00,0.00,現金,1110906,,,金錢,高雄市路竹區****,697-*****,,,,,,,,
13,陸淑美,111年高雄市議員選舉,首次申報,1110908,營利事業捐贈收入,頂立企業有限公司,82868367,200000.00,0.00,匯款,1110908,,,金錢,高雄市梓官區****,(07)*****,,,,,,,,
14,陸淑美,111年高雄市議員選舉,首次申報,1110919,個人捐贈收入,李仰甯,S12*******,30000.00,0.00,現金,1110920,,,金錢,高雄市岡山區****,0958*****,,,,,,,,
15,陸淑美,111年高雄市議員選舉,首次申報,1110921,人民團體捐贈收入,高雄市農會,,200000.00,0.00,匯款,1110921,,,金錢,高雄市鳳山區****,741-*****,,,,,,,,
16,陸淑美,111年高雄市議員選舉,首次申報,1110923,營利事業捐贈收入,台灣牙板企業有限公司,34510158,20000.00,0.00,匯款,1110923,,,金錢,高雄市岡山區****,621-*****,,,,,,,,
17,陸淑美,111年高雄市議員選舉,首次申報,1110926,個人捐贈收入,林子嵐,,1000.00,0.00,匯款,1110926,,,金錢,高雄市梓官區****,0939*****,,,,,,,,
18,陸淑美,111年高雄市議員選舉,首次申報,1110926,營利事業捐贈收入,華泰工業股份有限公司,89338857,100000.00,0.00,現金,1110926,,,金錢,高雄市路竹區****,607-*****,,,,,,,,
19,陸淑美,111年高雄市議員選舉,首次申報,1110930,營利事業捐贈收入,宗美工業股份有限公司,88714919,500000.00,0.00,票據,1110930,,,金錢,高雄市永安區****,621-*****,,,,,,,,
20,陸淑美,111年高雄市議員選舉,首次申報,1110930,個人捐贈收入,賴俊瑋,B10*******,100000.00,0.00,匯款,1110930,,,金錢,高雄市永安區****,691-*****,,,,,,,,
21,陸淑美,111年高雄市議員選舉,首次申報,1110930,個人捐贈收入,賈中漢,E12*******,100000.00,0.00,匯款,1110930,,,金錢,高雄市永安區****,691-*****,,,,,,,,
22,陸淑美,111年高雄市議員選舉,首次申報,1111003,營利事業捐贈收入,東徽企業股份有限公司,88663329,200000.00,0.00,票據,1111003,,,金錢,高雄市岡山區****,622-*****,,,,,,,,
23,陸淑美,111年高雄市議員選舉,首次申報,1111004,個人捐贈收入,盧珮蘭,S22*******,50000.00,0.00,現金,1111006,,,金錢,高雄市岡山區****,0921*****,,,,,,,,
24,陸淑美,111年高雄市議員選舉,首次申報,1111005,個人捐贈收入,顏榮章,S10*******,20000.00,0.00,匯款,1111005,,,金錢,高雄市岡山區****,0928*****,,,,,,,,
25,陸淑美,111年高雄市議員選舉,首次申報,1111006,人民團體捐贈收入,社團法人中華民國空軍航空技術學院校友總會,,2000.00,0.00,現金,1111006,,,金錢,高雄市岡山區****,,,,,,,,,
26,陸淑美,111年高雄市議員選舉,首次申報,1111006,營利事業捐贈收入,鋼驊企業股份有限公司,27420791,100000.00,0.00,現金,1111006,,,金錢,高雄市岡山區****,623-*****,,,,,,,,
27,陸淑美,111年高雄市議員選舉,首次申報,1111006,營利事業捐贈收入,台灣福興工業股份有限公司,75706009,100000.00,0.00,匯款,1111006,,,金錢,高雄市岡山區****,622-*****,,,,,,,,
28,陸淑美,111年高雄市議員選舉,首次申報,1111006,個人捐贈收入,黃富金,S20*******,80000.00,0.00,匯款,1111006,,,金錢,高雄市梓官區****,,,,,,,,,
29,陸淑美,111年高雄市議員選舉,首次申報,1111007,營利事業捐贈收入,鼎笈機電工程有限公司,13144260,100000.00,0.00,票據,1111007,,,金錢,高雄市岡山區****,621-*****,,,,,,,,
30,陸淑美,111年高雄市議員選舉,首次申報,1111007,營利事業捐贈收入,綠建股份有限公司,16821593,100000.00,0.00,匯款,1111007,,,金錢,高雄市阿蓮區****,,,,,,,,,
31,陸淑美,111年高雄市議員選舉,首次申報,1111007,營利事業捐贈收入,佶億工廠股份有限公司,88695716,30000.00,0.00,匯款,1111007,,,金錢,高雄市路竹區****,697-*****,,,,,,,,
32,陸淑美,111年高雄市議員選舉,首次申報,1111009,個人捐贈收入,施薛金枝,S20*******,6000.00,0.00,現金,1111011,,,金錢,臺南市中華西****,(06)*****,,,,,,,,
33,陸淑美,111年高雄市議員選舉,首次申報,1111009,個人捐贈收入,吳月鳳,T20*******,10000.00,0.00,現金,1111011,,,金錢,高雄市岡山區****,0919*****,,,,,,,,
34,陸淑美,111年高雄市議員選舉,首次申報,1111011,個人捐贈收入,余熾俊,H10*******,50000.00,0.00,現金,1111013,,,金錢,高雄市苓雅區****,0932*****,,,,,,,,
35,陸淑美,111年高雄市議員選舉,首次申報,1111011,個人捐贈收入,許水河,S10*******,50000.00,0.00,現金,1111013,,,金錢,高雄市岡山區****,621-*****,,,,,,,,
36,陸淑美,111年高雄市議員選舉,首次申報,1111011,個人捐贈收入,李松隆,S12*******,100000.00,0.00,匯款,1111011,,,金錢,高雄市岡山區****,0935*****,,,,,,,,
37,陸淑美,111年高雄市議員選舉,首次申報,1111011,個人捐贈收入,陳冠瑋,S12*******,50000.00,0.00,匯款,1111011,,,金錢,高雄市燕巢區****,616-*****,,,,,,,,
38,陸淑美,111年高雄市議員選舉,首次申報,1111011,個人捐贈收入,蕭許仙花,S20*******,100000.00,0.00,現金,1111013,,,金錢,高雄市岡山區****,621-*****,,,,,,,,
39,陸淑美,111年高雄市議員選舉,首次申報,1111012,營利事業捐贈收入,鑫尚企業股份有限公司,86611281,50000.00,0.00,現金,1111017,,,金錢,高雄市阿蓮區****,628-*****,,,,,,,,
40,陸淑美,111年高雄市議員選舉,首次申報,1111012,營利事業捐贈收入,彤駿企業有限公司,89659442,100000.00,0.00,現金,1111013,,,金錢,高雄市岡山區****,624-*****,,,,,,,,
41,陸淑美,111年高雄市議員選舉,首次申報,1111012,個人捐贈收入,林森茂,D12*******,66000.00,0.00,匯款,1111012,,,金錢,高雄市鼓山區****,0939*****,,,,,,,,
42,陸淑美,111年高雄市議員選舉,首次申報,1111012,個人捐贈收入,蘇慶仁,S10*******,50000.00,0.00,現金,1111013,,,金錢,高雄市岡山區****,0988*****,,,,,,,,
43,陸淑美,111年高雄市議員選舉,首次申報,1111012,個人捐贈收入,王桂蘭,S20*******,6000.00,0.00,現金,1111013,,,金錢,高雄市岡山區****,0916*****,,,,,,,,
44,陸淑美,111年高雄市議員選舉,首次申報,1111013,個人捐贈收入,蘇德福,,12000.00,0.00,現金,1111018,,,金錢,高雄市岡山區****,625-*****,,,,,,,,
45,陸淑美,111年高雄市議員選舉,首次申報,1111013,個人捐贈收入,江雍正,A12*******,30000.00,0.00,匯款,1111013,,,金錢,高雄市苓雅區****,0933*****,,,,,,,,
46,陸淑美,111年高雄市議員選舉,首次申報,1111013,個人捐贈收入,林榮章,S10*******,30000.00,0.00,匯款,1111013,,,金錢,高雄市岡山區****,0910*****,,,,,,,,
47,陸淑美,111年高雄市議員選舉,首次申報,1111014,個人捐贈收入,鄭翠華,,5000.00,0.00,匯款,1111014,,,金錢,高雄市苓雅區****,0972*****,,,,,,,,
48,陸淑美,111年高雄市議員選舉,首次申報,1111014,營利事業捐贈收入,永嘉木業有限公司,84318305,10000.00,0.00,匯款,1111014,已返還,,金錢,高雄市楠梓區****,361-*****,,,,,,,,
49,陸淑美,111年高雄市議員選舉,首次申報,1111014,營利事業捐贈收入,益展工業股份有限公司,89829798,200000.00,0.00,匯款,1111014,,,金錢,高雄市岡山區****,632-*****,,,,,,,,
50,陸淑美,111年高雄市議員選舉,首次申報,1111014,個人捐贈收入,李彥瑩,E22*******,88000.00,0.00,現金,1111017,,,金錢,臺北市大安區****,0911*****,,,,,,,,
51,陸淑美,111年高雄市議員選舉,首次申報,1111016,個人捐贈收入,林勳雄,,10000.00,0.00,現金,1111017,,,金錢,高雄市岡山區****,626-*****,,,,,,,,
52,陸淑美,111年高雄市議員選舉,首次申報,1111016,營利事業捐贈收入,迪泰營造工程有限公司,13178887,20000.00,0.00,現金,1111017,,,金錢,高雄市前金區****,271-*****,,,,,,,,
53,陸淑美,111年高雄市議員選舉,首次申報,1111016,營利事業捐贈收入,裕潤五金有限公司,53236027,100000.00,0.00,現金,1111017,,,金錢,高雄市岡山區****,628-*****,,,,,,,,
54,陸淑美,111年高雄市議員選舉,首次申報,1111016,營利事業捐贈收入,隆鑫水產貿易有限公司,90503051,100000.00,0.00,現金,1111018,,,金錢,高雄市大寮區****,701-*****,,,,,,,,
55,陸淑美,111年高雄市議員選舉,首次申報,1111016,個人捐贈收入,黃子豪,T12*******,40000.00,0.00,現金,1111017,,,金錢,高雄市前鎮區****,,,,,,,,,
56,陸淑美,111年高雄市議員選舉,首次申報,1111016,個人捐贈收入,黃子銘,T12*******,30000.00,0.00,現金,1111017,,,金錢,高雄市前鎮區****,,,,,,,,,
57,陸淑美,111年高雄市議員選舉,首次申報,1111016,個人捐贈收入,黃子瑋,T12*******,30000.00,0.00,現金,1111017,,,金錢,高雄市前鎮區****,,,,,,,,,
58,陸淑美,111年高雄市議員選舉,首次申報,1111017,個人捐贈收入,徐子圭,,10000.00,0.00,現金,1111018,,,金錢,高雄市岡山區****,0933*****,,,,,,,,
59,陸淑美,111年高雄市議員選舉,首次申報,1111017,個人捐贈收入,江金治,,10000.00,0.00,匯款,1111017,,,金錢,高雄市彌陀區****,0939*****,,,,,,,,
60,陸淑美,111年高雄市議員選舉,首次申報,1111017,個人捐贈收入,張智創,,20000.00,0.00,匯款,1111017,,,金錢,高雄市彌陀區****,0936*****,,,,,,,,
61,陸淑美,111年高雄市議員選舉,首次申報,1111017,個人捐贈收入,呂勇佑,,10000.00,0.00,匯款,1111017,,,金錢,高雄市燕巢區****,616-*****,,,,,,,,
62,陸淑美,111年高雄市議員選舉,首次申報,1111017,個人捐贈收入,吳炳祝,,8000.00,0.00,現金,1111018,,,金錢,高雄市岡山區****,625-*****,,,,,,,,
63,陸淑美,111年高雄市議員選舉,首次申報,1111017,個人捐贈收入,陳麗雪,,16000.00,0.00,現金,1111018,,,金錢,高雄市仁武區****,0988*****,,,,,,,,
64,陸淑美,111年高雄市議員選舉,首次申報,1111017,匿名捐贈,匿名1,,10000.00,0.00,匯款,1111017,,,金錢,,,,,,,,,,
65,陸淑美,111年高雄市議員選舉,首次申報,1111017,營利事業捐贈收入,海瀚環保有限公司,85034699,50000.00,0.00,現金,1111018,已返還,,金錢,高雄市湖內區****,693-*****,,,,,,,,
66,陸淑美,111年高雄市議員選舉,首次申報,1111017,營利事業捐贈收入,喬利鋼鐵工業股份有限公司,86361381,100000.00,0.00,票據,1111019,,,金錢,南投縣草屯鎮****,(049*****,,,,,,,,
67,陸淑美,111年高雄市議員選舉,首次申報,1111017,營利事業捐贈收入,皇橋科技股份有限公司,88746026,8000.00,0.00,現金,1111018,,,金錢,高雄市橋頭區****,612-*****,,,,,,,,
68,陸淑美,111年高雄市議員選舉,首次申報,1111017,營利事業捐贈收入,海諦環保有限公司,89548798,50000.00,0.00,現金,1111018,,,金錢,臺南市仁德區****,(06)*****,,,,,,,,
69,陸淑美,111年高雄市議員選舉,首次申報,1111017,營利事業捐贈收入,海庭環保有限公司,91106164,50000.00,0.00,現金,1111018,,,金錢,高雄市湖內區****,693-*****,,,,,,,,
70,陸淑美,111年高雄市議員選舉,首次申報,1111017,個人捐贈收入,何英翰,S12*******,10000.00,0.00,匯款,1111017,,,金錢,高雄市左營區****,0929*****,,,,,,,,
71,陸淑美,111年高雄市議員選舉,首次申報,1111018,營利事業捐贈收入,恆達顧問有限公司,90286961,50000.00,0.00,匯款,1111018,,,金錢,臺北市信義區****,(02)*****,,,,,,,,
72,陸淑美,111年高雄市議員選舉,首次申報,1111018,個人捐贈收入,王進勝,R10*******,50000.00,0.00,匯款,1111018,,,金錢,高雄市前金區****,216-*****,,,,,,,,
73,陸淑美,111年高雄市議員選舉,首次申報,1111018,個人捐贈收入,許乃婥,R22*******,100000.00,0.00,匯款,1111018,,,金錢,臺北市大同區****,0956*****,,,,,,,,
74,陸淑美,111年高雄市議員選舉,首次申報,1111018,個人捐贈收入,黃建生,S12*******,50000.00,0.00,現金,1111021,,,金錢,高雄市岡山區****,0960*****,,,,,,,,
75,陸淑美,111年高雄市議員選舉,首次申報,1111019,個人捐贈收入,林志隆,,10000.00,0.00,現金,1111021,,,金錢,高雄市燕巢區****,615-*****,,,,,,,,
76,陸淑美,111年高雄市議員選舉,首次申報,1111019,個人捐贈收入,劉英華,,8000.00,0.00,匯款,1111019,,,金錢,高雄市岡山區****,0928*****,,,,,,,,
77,陸淑美,111年高雄市議員選舉,首次申報,1111019,營利事業捐贈收入,威力盛精工股份有限公司,86561304,20000.00,0.00,現金,1111021,,,金錢,高雄市岡山區****,622-*****,,,,,,,,
78,陸淑美,111年高雄市議員選舉,首次申報,1111020,營利事業捐贈收入,安拓實業股份有限公司,22067047,200000.00,0.00,匯款,1111020,,,金錢,高雄市岡山區****,622-*****,,,,,,,,
79,陸淑美,111年高雄市議員選舉,首次申報,1111020,營利事業捐贈收入,和立實業有限公司,56349609,150000.00,0.00,匯款,1111020,,,金錢,高雄市前鎮區****,,,,,,,,,
80,陸淑美,111年高雄市議員選舉,首次申報,1111020,營利事業捐贈收入,龍美工程有限公司,82896700,20000.00,0.00,票據,1111025,,,金錢,高雄市梓官區****,610-*****,,,,,,,,
81,陸淑美,111年高雄市議員選舉,首次申報,1111021,營利事業捐贈收入,益佳行,41293748,100000.00,0.00,現金,1111021,,,金錢,高雄市岡山區****,,,,,,,,,
82,陸淑美,111年高雄市議員選舉,首次申報,1111025,營利事業捐贈收入,國精化學股份有限公司,75975242,200000.00,0.00,匯款,1111025,,,金錢,高雄市永安區****,623-*****,,,,,,,,
83,陸淑美,111年高雄市議員選舉,首次申報,1111025,個人捐贈收入,崔中庭,S12*******,100000.00,0.00,現金,1111026,,,金錢,高雄市岡山區****,0932*****,,,,,,,,
84,陸淑美,111年高雄市議員選舉,首次申報,1111026,個人捐贈收入,簡吉伸,V12*******,20000.00,0.00,現金,1111028,,,金錢,新北市板橋區****,0988*****,,,,,,,,
85,陸淑美,111年高雄市議員選舉,首次申報,1111027,營利事業捐贈收入,永營建設有限公司,24405071,500000.00,0.00,匯款,1111027,,,金錢,高雄市湖內區****,699-*****,,,,,,,,
86,陸淑美,111年高雄市議員選舉,首次申報,1111027,營利事業捐贈收入,威力寶貿易股份有限公司,28283057,200000.00,0.00,匯款,1111027,,,金錢,高雄市前金區****,281-*****,,,,,,,,
87,陸淑美,111年高雄市議員選舉,首次申報,1111028,個人捐贈收入,劉霧淡,,5000.00,0.00,匯款,1111028,,,金錢,高雄市岡山區****,626-*****,,,,,,,,
88,陸淑美,111年高雄市議員選舉,首次申報,1111031,個人捐贈收入,高宏霖,S10*******,20000.00,0.00,現金,1111101,,,金錢,高雄市橋頭區****,0931*****,,,,,,,,
89,陸淑美,111年高雄市議員選舉,首次申報,1111101,營利事業捐贈收入,信成行國際股份有限公司,53045619,100000.00,0.00,匯款,1111101,,,金錢,臺中市西屯區****,(04)*****,,,,,,,,
90,陸淑美,111年高雄市議員選舉,首次申報,1111101,營利事業捐贈收入,聯國金屬工業股份有限公司,76358653,200000.00,0.00,匯款,1111101,,,金錢,高雄市永安區****,691-*****,,,,,,,,
91,陸淑美,111年高雄市議員選舉,首次申報,1111101,營利事業捐贈收入,亮傑貿易股份有限公司,91092106,100000.00,0.00,匯款,1111101,,,金錢,臺中市西屯區****,(04)*****,,,,,,,,
92,陸淑美,111年高雄市議員選舉,首次申報,1111101,個人捐贈收入,劉俊鴻,S12*******,25000.00,0.00,現金,1111103,,,金錢,高雄市岡山區****,0929*****,,,,,,,,
93,陸淑美,111年高雄市議員選舉,首次申報,1111102,個人捐贈收入,王小寬,,3000.00,0.00,匯款,1111102,,,金錢,高雄市燕巢區****,0932*****,,,,,,,,
94,陸淑美,111年高雄市議員選舉,首次申報,1111103,個人捐贈收入,黃老榮,,1000.00,0.00,匯款,1111103,,,金錢,高雄市梓官區****,0928*****,,,,,,,,
95,陸淑美,111年高雄市議員選舉,首次申報,1111103,營利事業捐贈收入,恆懋五金加工廠有限公司,80090799,50000.00,0.00,現金,1111104,,,金錢,高雄市岡山區****,621-*****,,,,,,,,
96,陸淑美,111年高雄市議員選舉,首次申報,1111103,個人捐贈收入,黃煥庭,S12*******,50000.00,0.00,現金,1111104,,,金錢,高雄市苓雅區****,0952*****,,,,,,,,
97,陸淑美,111年高雄市議員選舉,首次申報,1111107,營利事業捐贈收入,農生企業股份有限公司,22096182,100000.00,0.00,匯款,1111107,已返還,,金錢,高雄市路竹區****,695-*****,,,,,,,,
98,陸淑美,111年高雄市議員選舉,首次申報,1111108,營利事業捐贈收入,豪葳實業有限公司,16695786,100000.00,0.00,現金,1111109,,,金錢,高雄市燕巢區****,616-*****,,,,,,,,
99,陸淑美,111年高雄市議員選舉,首次申報,1111108,營利事業捐贈收入,高園營造有限公司,16805778,200000.00,0.00,票據,1111111,,,金錢,高雄市前鎮區****,347-*****,,,,,,,,
100,陸淑美,111年高雄市議員選舉,首次申報,1111109,營利事業捐贈收入,勁展綠能股份有限公司,59210621,300000.00,0.00,票據,1111111,,,金錢,高雄市橋頭區****,612-*****,,,,,,,,
101,陸淑美,111年高雄市議員選舉,首次申報,1111110,個人捐贈收入,蔡弘昌,,2100.00,0.00,匯款,1111110,,,金錢,高雄市岡山區****,622-*****,,,,,,,,
102,陸淑美,111年高雄市議員選舉,首次申報,1111110,個人捐贈收入,吳大安,,10000.00,0.00,匯款,1111110,,,金錢,臺北市中山區****,0905*****,,,,,,,,
103,陸淑美,111年高雄市議員選舉,首次申報,1111110,個人捐贈收入,張明仁,T12*******,50000.00,0.00,現金,1111111,,,金錢,高雄市燕巢區****,0918*****,,,,,,,,
104,陸淑美,111年高雄市議員選舉,首次申報,1111111,匿名捐贈,匿名2,,10000.00,0.00,匯款,1111111,,,金錢,,,,,,,,,,
105,陸淑美,111年高雄市議員選舉,首次申報,1111112,人民團體捐贈收入,社團法人高雄縣醫師公會,,20000.00,0.00,現金,1111114,,,金錢,高雄市鳳山區****,747-*****,,,,,,,,
106,陸淑美,111年高雄市議員選舉,首次申報,1111117,個人捐贈收入,施伯昂,S12*******,30000.00,0.00,匯款,1111117,,,金錢,高雄市岡山區****,0952*****,,,,,,,,
107,陸淑美,111年高雄市議員選舉,首次申報,1111118,個人捐贈收入,董連添,,10000.00,0.00,匯款,1111118,,,金錢,高雄市岡山區****,0933*****,,,,,,,,
108,陸淑美,111年高雄市議員選舉,首次申報,1111118,個人捐贈收入,廖近益,,2000.00,0.00,匯款,1111118,,,金錢,高雄市永安區****,691-*****,,,,,,,,
109,陸淑美,111年高雄市議員選舉,首次申報,1111119,個人捐贈收入,林喬緯,,10000.00,0.00,現金,1111121,,,金錢,高雄市岡山區****,0980*****,,,,,,,,
110,陸淑美,111年高雄市議員選舉,首次申報,1111121,營利事業捐贈收入,海華鋼鐵有限公司,80041165,100000.00,0.00,現金,1111121,,,金錢,高雄市永安區****,623-*****,,,,,,,,
111,陸淑美,111年高雄市議員選舉,首次申報,1111122,個人捐贈收入,王羿窕,,20000.00,0.00,匯款,1111122,,,金錢,高雄市梓官區****,0933*****,,,,,,,,
112,陸淑美,111年高雄市議員選舉,首次申報,1111122,個人捐贈收入,翁仁茂,,20000.00,0.00,現金,1111123,,,金錢,高雄市岡山區****,626-*****,,,,,,,,
113,陸淑美,111年高雄市議員選舉,首次申報,1111123,營利事業捐贈收入,威億工業股份有限公司,28661558,50000.00,0.00,票據,1111125,,,金錢,臺南市仁德區****,621-*****,,,,,,,,
114,陸淑美,111年高雄市議員選舉,首次申報,1111124,個人捐贈收入,廖鳳招,E22*******,50000.00,0.00,匯款,1111124,,,金錢,高雄市鳳山區****,0956*****,,,,,,,,
