﻿序號,擬參選人／政黨,選舉名稱,申報序號／年度,交易日期,收支科目,捐贈者／支出對象,身分證／統一編號,收入金額,支出金額,支出用途,金錢類,地址,聯絡電話,資料更正日期
1,徐瑄灃,107年直轄市議員選舉,首次申報,1070717,個人捐贈收入,錢宣雅,,2000.00,0.00,,金錢,臺中市南屯區****,,
2,徐瑄灃,107年直轄市議員選舉,首次申報,1070726,營利事業捐贈收入,晟溢建設有限公司,97480504,20000.00,0.00,,金錢,臺中市北屯區****,,
3,徐瑄灃,107年直轄市議員選舉,首次申報,1070727,個人捐贈收入,張淦琿,,1000.00,0.00,,金錢,臺中市豐原區****,,
4,徐瑄灃,107年直轄市議員選舉,首次申報,1070727,個人捐贈收入,陳勝標,,20000.00,0.00,,非金錢,臺中市大雅區****,,
5,徐瑄灃,107年直轄市議員選舉,首次申報,1070728,個人捐贈收入,黃志清,L12*******,8000.00,0.00,,非金錢,臺中市大雅區****,0971*****,
6,徐瑄灃,107年直轄市議員選舉,首次申報,1070802,個人捐贈收入,楊三保,,2000.00,0.00,,金錢,臺中市西屯區****,,
7,徐瑄灃,107年直轄市議員選舉,首次申報,1070803,個人捐贈收入,姜廷基,,3000.00,0.00,,金錢,彰化縣大村鄉****,,
8,徐瑄灃,107年直轄市議員選舉,首次申報,1070803,個人捐贈收入,杜國利,,5000.00,0.00,,金錢,新北市樹林區****,,
9,徐瑄灃,107年直轄市議員選舉,首次申報,1070803,個人捐贈收入,劉鼎華,,5000.00,0.00,,金錢,新北市永和區****,,
10,徐瑄灃,107年直轄市議員選舉,首次申報,1070803,個人捐贈收入,吳永光,,5000.00,0.00,,金錢,新竹市東區新****,,
11,徐瑄灃,107年直轄市議員選舉,首次申報,1070803,個人捐贈收入,何憲華,,2000.00,0.00,,金錢,屏東市蘭州街****,,
12,徐瑄灃,107年直轄市議員選舉,首次申報,1070803,個人捐贈收入,王龍軍,,3000.00,0.00,,金錢,臺中市潭子區****,,
13,徐瑄灃,107年直轄市議員選舉,首次申報,1070803,個人捐贈收入,胡國忠,,3000.00,0.00,,金錢,臺中市台中郵****,04-2*****,
14,徐瑄灃,107年直轄市議員選舉,首次申報,1070803,匿名捐贈,匿名,,3000.00,0.00,,金錢,,,
15,徐瑄灃,107年直轄市議員選舉,首次申報,1070803,個人捐贈收入,王欽平,J12*******,3000.00,0.00,,金錢,臺中市豐原區****,0912*****,
16,徐瑄灃,107年直轄市議員選舉,首次申報,1070803,個人捐贈收入,劉仁琮,T10*******,1000.00,0.00,,金錢,臺中市北屯區****,0978*****,
17,徐瑄灃,107年直轄市議員選舉,首次申報,1070806,個人捐贈收入,傅幼慧,,2000.00,0.00,,金錢,臺中市北屯區****,,
18,徐瑄灃,107年直轄市議員選舉,首次申報,1070806,個人捐贈收入,周項章,,5000.00,0.00,,金錢,高雄市苓雅區****,,
19,徐瑄灃,107年直轄市議員選舉,首次申報,1070806,個人捐贈收入,王興宙,,2000.00,0.00,,金錢,臺中市西屯區****,,
20,徐瑄灃,107年直轄市議員選舉,首次申報,1070806,個人捐贈收入,張慶義,,2000.00,0.00,,金錢,高雄市楠梓區****,,
21,徐瑄灃,107年直轄市議員選舉,首次申報,1070806,個人捐贈收入,袁一舟,,6000.00,0.00,,金錢,桃園市中壢區****,,
22,徐瑄灃,107年直轄市議員選舉,首次申報,1070806,個人捐贈收入,陸國華,,3000.00,0.00,,金錢,臺中市北屯區****,,
23,徐瑄灃,107年直轄市議員選舉,首次申報,1070806,匿名捐贈,匿名,,2000.00,0.00,,金錢,,,
24,徐瑄灃,107年直轄市議員選舉,首次申報,1070807,個人捐贈收入,王聖權,,3000.00,0.00,,金錢,高雄市鳳山區****,,
25,徐瑄灃,107年直轄市議員選舉,首次申報,1070807,個人捐贈收入,鄧春生,,3000.00,0.00,,金錢,臺中市西屯區****,,
26,徐瑄灃,107年直轄市議員選舉,首次申報,1070807,個人捐贈收入,夏守榮,,2000.00,0.00,,金錢,新竹縣芎林鄉****,,
27,徐瑄灃,107年直轄市議員選舉,首次申報,1070807,個人捐贈收入,生肄德,,3000.00,0.00,,金錢,臺中市太平區****,,
28,徐瑄灃,107年直轄市議員選舉,首次申報,1070807,個人捐贈收入,梁中興,,2000.00,0.00,,金錢,臺中市南屯區****,,
29,徐瑄灃,107年直轄市議員選舉,首次申報,1070807,個人捐贈收入,林銓興,,3000.00,0.00,,金錢,桃園市楊梅區****,,
30,徐瑄灃,107年直轄市議員選舉,首次申報,1070808,個人捐贈收入,郭弘道,,2000.00,0.00,,金錢,臺中市東區富****,,
31,徐瑄灃,107年直轄市議員選舉,首次申報,1070808,個人捐贈收入,楊約翰,,5000.00,0.00,,金錢,高雄市鳳山區****,,
32,徐瑄灃,107年直轄市議員選舉,首次申報,1070808,個人捐贈收入,查國良,,5000.00,0.00,,金錢,高雄市鳳山區****,,
33,徐瑄灃,107年直轄市議員選舉,首次申報,1070808,個人捐贈收入,鄭舜元,,3000.00,0.00,,金錢,桃園市平鎮區****,,
34,徐瑄灃,107年直轄市議員選舉,首次申報,1070808,個人捐贈收入,范志炘,,3000.00,0.00,,金錢,高雄市楠梓區****,,
35,徐瑄灃,107年直轄市議員選舉,首次申報,1070808,個人捐贈收入,王火炎,,5000.00,0.00,,金錢,高雄市三民區****,,
36,徐瑄灃,107年直轄市議員選舉,首次申報,1070809,個人捐贈收入,張燦明,,5000.00,0.00,,金錢,高雄市鳳山區****,,
37,徐瑄灃,107年直轄市議員選舉,首次申報,1070809,個人捐贈收入,鄭伯昇,,2500.00,0.00,,金錢,桃園市龍潭區****,,
38,徐瑄灃,107年直轄市議員選舉,首次申報,1070809,個人捐贈收入,卓瑞光,,2000.00,0.00,,金錢,臺中市北屯區****,,
39,徐瑄灃,107年直轄市議員選舉,首次申報,1070809,個人捐贈收入,歐陽翊翔,,2000.00,0.00,,金錢,屏東縣屏東市****,,
40,徐瑄灃,107年直轄市議員選舉,首次申報,1070809,匿名捐贈,匿名,,3000.00,0.00,,金錢,,,
41,徐瑄灃,107年直轄市議員選舉,首次申報,1070810,個人捐贈收入,張少康,,6000.00,0.00,,金錢,新竹市中華路****,,
42,徐瑄灃,107年直轄市議員選舉,首次申報,1070810,匿名捐贈,匿名,,5000.00,0.00,,金錢,,,
43,徐瑄灃,107年直轄市議員選舉,首次申報,1070813,個人捐贈收入,楊建平,,5000.00,0.00,,金錢,臺北市北投區****,,
44,徐瑄灃,107年直轄市議員選舉,首次申報,1070813,個人捐贈收入,崔瑞光,,3000.00,0.00,,金錢,桃園市中壢區****,,
45,徐瑄灃,107年直轄市議員選舉,首次申報,1070813,個人捐贈收入,黃秀,,12000.00,0.00,,金錢,臺中市大雅區****,,
46,徐瑄灃,107年直轄市議員選舉,首次申報,1070816,匿名捐贈,匿名,,500.00,0.00,,金錢,,,
47,徐瑄灃,107年直轄市議員選舉,首次申報,1070823,個人捐贈收入,顏君玲,,8000.00,0.00,,金錢,新北市汐止區****,,
48,徐瑄灃,107年直轄市議員選舉,首次申報,1070826,個人捐贈收入,李青梅,,1000.00,0.00,,金錢,臺中市北區進****,,
49,徐瑄灃,107年直轄市議員選舉,首次申報,1070827,個人捐贈收入,顏俊家,,700.00,0.00,,金錢,臺中市太平區****,,
50,徐瑄灃,107年直轄市議員選舉,首次申報,1070827,匿名捐贈,匿名,,5000.00,0.00,,金錢,,,
51,徐瑄灃,107年直轄市議員選舉,首次申報,1070828,個人捐贈收入,連松桂,,20000.00,0.00,,金錢,臺中市潭子區****,,
52,徐瑄灃,107年直轄市議員選舉,首次申報,1070830,匿名捐贈,匿名,,1000.00,0.00,,金錢,,,
53,徐瑄灃,107年直轄市議員選舉,首次申報,1070831,個人捐贈收入,李智誠,,3000.00,0.00,,金錢,,0919*****,
54,徐瑄灃,107年直轄市議員選舉,首次申報,1070904,個人捐贈收入,張玉霞,,6000.00,0.00,,金錢,臺中市神岡區****,,
55,徐瑄灃,107年直轄市議員選舉,首次申報,1070904,個人捐贈收入,潘秋德,,10000.00,0.00,,金錢,臺中市潭子區****,,
56,徐瑄灃,107年直轄市議員選舉,首次申報,1070904,個人捐贈收入,袁大民,,6000.00,0.00,,金錢,臺北市信義區****,,
57,徐瑄灃,107年直轄市議員選舉,首次申報,1070904,個人捐贈收入,陳自榮,,6000.00,0.00,,金錢,新北市新店區****,,
58,徐瑄灃,107年直轄市議員選舉,首次申報,1070905,個人捐贈收入,周江陵,,5000.00,0.00,,金錢,臺中市潭子區****,,
59,徐瑄灃,107年直轄市議員選舉,首次申報,1070910,個人捐贈收入,姜開成,,2000.00,0.00,,金錢,臺南市中西區****,,
60,徐瑄灃,107年直轄市議員選舉,首次申報,1070913,個人捐贈收入,林澄泉,,2000.00,0.00,,金錢,臺中市北屯區****,,
61,徐瑄灃,107年直轄市議員選舉,首次申報,1070913,個人捐贈收入,柯碧麗,,1250.00,0.00,,金錢,彰化縣伸港鄉****,,
62,徐瑄灃,107年直轄市議員選舉,首次申報,1070913,個人捐贈收入,張柯玉善,,1250.00,0.00,,金錢,彰化縣伸港鄉****,,
63,徐瑄灃,107年直轄市議員選舉,首次申報,1070913,個人捐贈收入,柯炎西,,1250.00,0.00,,金錢,臺中市大雅區****,,
64,徐瑄灃,107年直轄市議員選舉,首次申報,1070913,個人捐贈收入,柯桂蓉,,1250.00,0.00,,金錢,臺中市大雅區****,,
65,徐瑄灃,107年直轄市議員選舉,首次申報,1070913,個人捐贈收入,朱鑾英,L22*******,50000.00,0.00,,金錢,臺中市潭子區****,,
66,徐瑄灃,107年直轄市議員選舉,首次申報,1070914,匿名捐贈,匿名,,5000.00,0.00,,金錢,,,
67,徐瑄灃,107年直轄市議員選舉,首次申報,1070921,個人捐贈收入,紀義南,,12000.00,0.00,,金錢,臺中市神岡區****,0425*****,
68,徐瑄灃,107年直轄市議員選舉,首次申報,1070921,個人捐贈收入,楊建平,,2000.00,0.00,,金錢,臺北市北投區****,,
69,徐瑄灃,107年直轄市議員選舉,首次申報,1070921,個人捐贈收入,陳咸嶽,,3600.00,0.00,,金錢,彰化縣彰化市****,,
70,徐瑄灃,107年直轄市議員選舉,首次申報,1070921,個人捐贈收入,黃鈞,,5000.00,0.00,,金錢,,0933*****,
71,徐瑄灃,107年直轄市議員選舉,首次申報,1070925,個人捐贈收入,張志範,,5000.00,0.00,,金錢,臺北市大安區****,,
72,徐瑄灃,107年直轄市議員選舉,首次申報,1070925,個人捐贈收入,婁悌,,10000.00,0.00,,金錢,臺北市內湖區****,,
73,徐瑄灃,107年直轄市議員選舉,首次申報,1070926,個人捐贈收入,潘阿華,,2000.00,0.00,,金錢,臺中市神岡區****,,
74,徐瑄灃,107年直轄市議員選舉,首次申報,1070926,個人捐贈收入,樊成發,,2000.00,0.00,,金錢,臺中市神岡區****,,
75,徐瑄灃,107年直轄市議員選舉,首次申報,1070926,個人捐贈收入,高曉龍,,2000.00,0.00,,金錢,,0965*****,
76,徐瑄灃,107年直轄市議員選舉,首次申報,1070926,個人捐贈收入,李振東,,2000.00,0.00,,金錢,臺中市神岡區****,,
77,徐瑄灃,107年直轄市議員選舉,首次申報,1070926,個人捐贈收入,鄧桃元,,2000.00,0.00,,金錢,臺中市神岡區****,0986*****,
78,徐瑄灃,107年直轄市議員選舉,首次申報,1071001,個人捐贈收入,曾健忠,,1200.00,0.00,,金錢,臺中市潭子區****,,
79,徐瑄灃,107年直轄市議員選舉,首次申報,1071001,個人捐贈收入,殷振林,,5000.00,0.00,,金錢,新北市永和區****,,
80,徐瑄灃,107年直轄市議員選舉,首次申報,1071002,個人捐贈收入,陳敬忠,,5000.00,0.00,,金錢,桃園市中壢區****,,
81,徐瑄灃,107年直轄市議員選舉,首次申報,1071004,匿名捐贈,匿名,,2000.00,0.00,,金錢,,,
82,徐瑄灃,107年直轄市議員選舉,首次申報,1071005,個人捐贈收入,羅吉倫,J12*******,2000.00,0.00,,金錢,臺中市北屯區****,,
83,徐瑄灃,107年直轄市議員選舉,首次申報,1071008,個人捐贈收入,林家鼎,,100.00,0.00,,金錢,臺中市神岡區****,,
84,徐瑄灃,107年直轄市議員選舉,首次申報,1071009,個人捐贈收入,吳小四,,3000.00,0.00,,金錢,臺中市潭子區****,,
85,徐瑄灃,107年直轄市議員選舉,首次申報,1071011,個人捐贈收入,李震緯,,6000.00,0.00,,非金錢,臺中市潭子區****,,
86,徐瑄灃,107年直轄市議員選舉,首次申報,1071017,個人捐贈收入,藍世昌,,30000.00,0.00,,金錢,臺中市潭子區****,,
87,徐瑄灃,107年直轄市議員選舉,首次申報,1071022,個人捐贈收入,張文政,,10000.00,0.00,,金錢,臺中市大雅區****,,
88,徐瑄灃,107年直轄市議員選舉,首次申報,1071029,個人捐贈收入,陳致裕,L10*******,3000.00,0.00,,金錢,臺中市潭子區****,04-2*****,
89,徐瑄灃,107年直轄市議員選舉,首次申報,1071102,個人捐贈收入,陳坤源,B12*******,2000.00,0.00,,金錢,臺中市北屯區****,0979*****,
90,徐瑄灃,107年直轄市議員選舉,首次申報,1071104,個人捐贈收入,邱斐臻,,720.00,0.00,,非金錢,臺中市神岡區****,0919*****,
91,徐瑄灃,107年直轄市議員選舉,首次申報,1071106,個人捐贈收入,李麗珍,B20*******,2000.00,0.00,,金錢,臺中市潭子區****,04-2*****,
92,徐瑄灃,107年直轄市議員選舉,首次申報,1071108,個人捐贈收入,顏俊家,,700.00,0.00,,金錢,臺中市太平區****,,
93,徐瑄灃,107年直轄市議員選舉,首次申報,1071109,個人捐贈收入,莊士誠,,1000.00,0.00,,金錢,臺中市潭子區****,,
94,徐瑄灃,107年直轄市議員選舉,首次申報,1071113,個人捐贈收入,游基道,,300.00,0.00,,金錢,臺中市潭子區****,,
95,徐瑄灃,107年直轄市議員選舉,首次申報,1071114,個人捐贈收入,鄞志銘,,10000.00,0.00,,金錢,臺中市豐原區****,,
96,徐瑄灃,107年直轄市議員選舉,首次申報,1071114,個人捐贈收入,鄧棟良,,3000.00,0.00,,金錢,高雄市苓雅區****,,
97,徐瑄灃,107年直轄市議員選舉,首次申報,1071114,個人捐贈收入,樊自誠,,2000.00,0.00,,金錢,,0911*****,
98,徐瑄灃,107年直轄市議員選舉,首次申報,1071116,個人捐贈收入,許舜南,,3000.00,0.00,,金錢,,0933*****,
99,徐瑄灃,107年直轄市議員選舉,首次申報,1071116,個人捐贈收入,陸富達,,2000.00,0.00,,金錢,,0932*****,
100,徐瑄灃,107年直轄市議員選舉,首次申報,1071116,匿名捐贈,匿名,,5000.00,0.00,,金錢,,,
101,徐瑄灃,107年直轄市議員選舉,首次申報,1071120,個人捐贈收入,鍾肇鈞,,2000.00,0.00,,金錢,高雄市鳳山區****,,
102,徐瑄灃,107年直轄市議員選舉,首次申報,1071122,個人捐贈收入,蘇秋善,,1000.00,0.00,,金錢,臺中市潭子區****,,
103,徐瑄灃,107年直轄市議員選舉,首次申報,1071123,個人捐贈收入,嚴台春,,3000.00,0.00,,金錢,,07-7*****,
104,徐瑄灃,107年直轄市議員選舉,首次申報,1071123,個人捐贈收入,戴志雄,,3000.00,0.00,,金錢,,0932*****,
105,徐瑄灃,107年直轄市議員選舉,首次申報,1071123,個人捐贈收入,林金利,,5000.00,0.00,,金錢,,0933*****,
106,徐瑄灃,107年直轄市議員選舉,首次申報,1071123,個人捐贈收入,李金生,,3000.00,0.00,,金錢,,07-3*****,
107,徐瑄灃,107年直轄市議員選舉,首次申報,1071123,個人捐贈收入,孔平,,2000.00,0.00,,金錢,,0932*****,
108,徐瑄灃,107年直轄市議員選舉,首次申報,1071221,其他收入,利息收入,,17.00,0.00,,金錢,,,
