﻿序號,擬參選人／政黨,選舉名稱,申報序號／年度,交易日期,收支科目,捐贈者／支出對象,身分證／統一編號,收入金額,支出金額,支出用途,金錢類,地址,聯絡電話,資料更正日期
1,黃守達,107年直轄市議員選舉,首次申報,1070516,個人捐贈收入,柯錦堂,B10*******,20000.00,0.00,,金錢,臺中市西區民****,0939*****,
2,黃守達,107年直轄市議員選舉,首次申報,1070528,個人捐贈收入,葉陳惠鈴,B20*******,20000.00,0.00,,金錢,臺中市中區繼****,0982*****,
3,黃守達,107年直轄市議員選舉,首次申報,1070621,其他收入,利息收入,,7.00,0.00,,金錢,,,
4,黃守達,107年直轄市議員選舉,首次申報,1070703,個人捐贈收入,王銘鴻,N12*******,100000.00,0.00,,金錢,臺中市西區忠****,04-2*****,
5,黃守達,107年直轄市議員選舉,首次申報,1070712,匿名捐贈,匿名,,1.00,0.00,,金錢,,,
6,黃守達,107年直轄市議員選舉,首次申報,1070712,個人捐贈收入,陳元治,A12*******,100000.00,0.00,,金錢,臺中市西區台****,04-2*****,
7,黃守達,107年直轄市議員選舉,首次申報,1070712,個人捐贈收入,歐木彬,L10*******,5000.00,0.00,,金錢,臺中市西區建****,0910*****,
8,黃守達,107年直轄市議員選舉,首次申報,1070716,個人捐贈收入,趙秀文,L20*******,100000.00,0.00,,金錢,臺中市北屯區****,,
9,黃守達,107年直轄市議員選舉,首次申報,1070719,個人捐贈收入,劉江泉,N12*******,100000.00,0.00,,金錢,臺中市南屯區****,04-2*****,
10,黃守達,107年直轄市議員選舉,首次申報,1070719,個人捐贈收入,彭國郎,N12*******,100000.00,0.00,,金錢,臺中市西屯區****,04-2*****,
11,黃守達,107年直轄市議員選舉,首次申報,1070724,匿名捐贈,匿名1,,5000.00,0.00,,金錢,,,
12,黃守達,107年直轄市議員選舉,首次申報,1070731,個人捐贈收入,張鎧麟,L12*******,1000.00,0.00,,金錢,臺中市大雅區****,0912*****,
13,黃守達,107年直轄市議員選舉,首次申報,1070807,個人捐贈收入,陳逸芯,N22*******,12800.00,0.00,,金錢,彰化縣北斗鎮****,0934*****,
14,黃守達,107年直轄市議員選舉,首次申報,1070809,個人捐贈收入,洪元茂,L12*******,5000.00,0.00,,金錢,台中市西屯區****,0928*****,
15,黃守達,107年直轄市議員選舉,首次申報,1070814,個人捐贈收入,黃弘岳,L12*******,2000.00,0.00,,金錢,台中市潭子區****,0911*****,
16,黃守達,107年直轄市議員選舉,首次申報,1070815,匿名捐贈,匿名,,2000.00,0.00,,金錢,,,
17,黃守達,107年直轄市議員選舉,首次申報,1070815,營利事業捐贈收入,配得美眼鏡行,87610280,2000.00,0.00,,金錢,台中市西區美****,0937*****,
18,黃守達,107年直轄市議員選舉,首次申報,1070815,個人捐贈收入,張舜雲,L12*******,2000.00,0.00,,金錢,臺中市北屯區****,0910*****,
19,黃守達,107年直轄市議員選舉,首次申報,1070820,個人捐贈收入,侯智皓,B12*******,2000.00,0.00,,金錢,南投縣水里鄉****,0982*****,
20,黃守達,107年直轄市議員選舉,首次申報,1070828,營利事業捐贈收入,和大股份有限公司,52264848,150000.00,0.00,,金錢,臺中市大里區****,,
21,黃守達,107年直轄市議員選舉,首次申報,1070831,個人捐贈收入,裴松毅,E12*******,10000.00,0.00,,金錢,臺北市大安區****,0933*****,
22,黃守達,107年直轄市議員選舉,首次申報,1070905,個人捐贈收入,廖胤雯,B22*******,2800.00,0.00,,金錢,台中市北屯區****,0923*****,
23,黃守達,107年直轄市議員選舉,首次申報,1070909,個人捐贈收入,張文哲,L12*******,500.00,0.00,,金錢,台中市后里區****,0919*****,
24,黃守達,107年直轄市議員選舉,首次申報,1070914,個人捐贈收入,裴松毅,E12*******,10000.00,0.00,,金錢,臺北市大安區****,0933*****,
25,黃守達,107年直轄市議員選舉,首次申報,1070914,個人捐贈收入,張栢瑜,L12*******,5487.00,0.00,,金錢,新竹縣竹北市****,0919*****,
26,黃守達,107年直轄市議員選舉,首次申報,1070917,個人捐贈收入,葉宗衡,N12*******,30000.00,0.00,,金錢,臺中市西區樂****,0926*****,
27,黃守達,107年直轄市議員選舉,首次申報,1070921,營利事業捐贈收入,高鋒工業股份有限公司,55857746,150000.00,0.00,,金錢,臺中市大雅區****,04-2*****,
28,黃守達,107年直轄市議員選舉,首次申報,1070921,個人捐贈收入,賴國弘,B12*******,50000.00,0.00,,金錢,臺中市西區昇****,04-2*****,
29,黃守達,107年直轄市議員選舉,首次申報,1070921,個人捐贈收入,李明哲,R12*******,100000.00,0.00,,金錢,臺中市西區公****,04-2*****,
30,黃守達,107年直轄市議員選舉,首次申報,1070926,個人捐贈收入,林坤賢,C10*******,100000.00,0.00,,金錢,臺中市西區三****,0928*****,
31,黃守達,107年直轄市議員選舉,首次申報,1070930,個人捐贈收入,陳柏諧,L12*******,2000.00,0.00,,金錢,台中市沙鹿區****,0937*****,
32,黃守達,107年直轄市議員選舉,首次申報,1071004,個人捐贈收入,陳福來,B10*******,10000.00,0.00,,金錢,,0932*****,
33,黃守達,107年直轄市議員選舉,首次申報,1071004,個人捐贈收入,楊佳勳,F12*******,2000.00,0.00,,金錢,新北市板橋區****,0988*****,
34,黃守達,107年直轄市議員選舉,首次申報,1071005,個人捐贈收入,簡森垣,M12*******,100000.00,0.00,,金錢,臺中市北屯區****,0916*****,
35,黃守達,107年直轄市議員選舉,首次申報,1071006,個人捐贈收入,陳俞安,B12*******,1200.00,0.00,,金錢,臺中市西區五****,0963*****,
36,黃守達,107年直轄市議員選舉,首次申報,1071006,個人捐贈收入,黃純華,B20*******,1000.00,0.00,,金錢,臺中市西區忠****,0937*****,
37,黃守達,107年直轄市議員選舉,首次申報,1071006,個人捐贈收入,曾錦皇,L12*******,20000.00,0.00,,金錢,臺中市南屯區****,0932*****,
38,黃守達,107年直轄市議員選舉,首次申報,1071008,個人捐贈收入,張裕榮,B12*******,36000.00,0.00,,金錢,台中市北區陜****,0933*****,
39,黃守達,107年直轄市議員選舉,首次申報,1071008,個人捐贈收入,張書豪,B12*******,2000.00,0.00,,金錢,台中市西區公****,0920*****,
40,黃守達,107年直轄市議員選舉,首次申報,1071008,個人捐贈收入,黃俊儀,B12*******,3600.00,0.00,,金錢,台中市西屯區****,0930*****,
41,黃守達,107年直轄市議員選舉,首次申報,1071008,個人捐贈收入,林瓊烟,B20*******,3000.00,0.00,,金錢,臺中市西區中****,0923*****,
42,黃守達,107年直轄市議員選舉,首次申報,1071008,個人捐贈收入,王聖博,V12*******,6000.00,0.00,,金錢,台北市文山區****,0975*****,
43,黃守達,107年直轄市議員選舉,首次申報,1071009,匿名捐贈,匿名,,100.00,0.00,,金錢,,,
44,黃守達,107年直轄市議員選舉,首次申報,1071009,個人捐贈收入,賴冠霖,A12*******,10000.00,0.00,,金錢,,0972*****,
45,黃守達,107年直轄市議員選舉,首次申報,1071009,個人捐贈收入,郭進益,B12*******,2000.00,0.00,,金錢,彰化縣彰化市****,0936*****,
46,黃守達,107年直轄市議員選舉,首次申報,1071012,營利事業捐贈收入,鴻吉汽車行,38834896,3000.00,0.00,,金錢,臺中市西區平****,0923*****,
47,黃守達,107年直轄市議員選舉,首次申報,1071012,個人捐贈收入,張明遠,B10*******,10000.00,0.00,,金錢,臺中市西區忠****,,
48,黃守達,107年直轄市議員選舉,首次申報,1071012,個人捐贈收入,劉昭賢,B12*******,10000.00,0.00,,金錢,臺中市西區向****,0952*****,
49,黃守達,107年直轄市議員選舉,首次申報,1071012,個人捐贈收入,陳道杰,B12*******,16000.00,0.00,,金錢,台中市西區五****,0910*****,
50,黃守達,107年直轄市議員選舉,首次申報,1071012,個人捐贈收入,黃萬鴻,K10*******,6000.00,0.00,,金錢,臺中市西區美****,0932*****,
51,黃守達,107年直轄市議員選舉,首次申報,1071012,個人捐贈收入,吳佶歷,L12*******,6000.00,0.00,,金錢,臺中市西區林****,04-2*****,
52,黃守達,107年直轄市議員選舉,首次申報,1071012,個人捐贈收入,盧一雄,S10*******,32000.00,0.00,,金錢,臺中市西區忠****,0935*****,
53,黃守達,107年直轄市議員選舉,首次申報,1071015,營利事業捐贈收入,宏都投資有限公司,16007346,100000.00,0.00,,金錢,臺中市北屯區****,04-2*****,
54,黃守達,107年直轄市議員選舉,首次申報,1071022,個人捐贈收入,陳金銓,N10*******,60000.00,0.00,,金錢,臺中市西區館****,0952*****,
55,黃守達,107年直轄市議員選舉,首次申報,1071024,營利事業捐贈收入,巨綱企業股份有限公司,16605130,100000.00,0.00,,金錢,臺北市中山區****,,
56,黃守達,107年直轄市議員選舉,首次申報,1071024,營利事業捐贈收入,力強實業股份有限公司,86865398,100000.00,0.00,,金錢,臺北市中山區****,,
57,黃守達,107年直轄市議員選舉,首次申報,1071024,個人捐贈收入,徐佳青,A22*******,100000.00,0.00,,金錢,臺北市文山區****,0926*****,
58,黃守達,107年直轄市議員選舉,首次申報,1071024,個人捐贈收入,王天生,B10*******,100000.00,0.00,,金錢,臺中市西區五****,0911*****,
59,黃守達,107年直轄市議員選舉,首次申報,1071024,個人捐贈收入,徐煌鳴,E12*******,20000.00,0.00,,金錢,臺中市東區東****,,
60,黃守達,107年直轄市議員選舉,首次申報,1071024,個人捐贈收入,陳義倉,N10*******,20000.00,0.00,,金錢,臺中市潭子區****,,
61,黃守達,107年直轄市議員選舉,首次申報,1071024,個人捐贈收入,鄭基杰,N12*******,10000.00,0.00,,金錢,臺中市西屯區****,,
62,黃守達,107年直轄市議員選舉,首次申報,1071025,營利事業捐贈收入,維他露食品股份有限公司,51821108,100000.00,0.00,,金錢,臺中市西屯區****,,
63,黃守達,107年直轄市議員選舉,首次申報,1071026,營利事業捐贈收入,元創國際實業股份有限公司,53420001,50000.00,0.00,,金錢,新北市汐止區****,02-2*****,
64,黃守達,107年直轄市議員選舉,首次申報,1071026,個人捐贈收入,楊陸鴻,E10*******,50000.00,0.00,,金錢,臺中市南區仁****,,
65,黃守達,107年直轄市議員選舉,首次申報,1071026,個人捐贈收入,徐漢龍,N12*******,50000.00,0.00,,金錢,臺中市南區復****,0921*****,
66,黃守達,107年直轄市議員選舉,首次申報,1071026,個人捐贈收入,顏生財,P12*******,50000.00,0.00,,金錢,臺北市中山區****,,
67,黃守達,107年直轄市議員選舉,首次申報,1071029,個人捐贈收入,楊信男,N10*******,20000.00,0.00,,金錢,臺北市大安區****,02-2*****,
68,黃守達,107年直轄市議員選舉,首次申報,1071030,個人捐贈收入,陳家慶,B12*******,1000.00,0.00,,金錢,台中市北區山****,0919*****,
69,黃守達,107年直轄市議員選舉,首次申報,1071102,個人捐贈收入,趙立祥,S12*******,3000.00,0.00,,金錢,,0919*****,
70,黃守達,107年直轄市議員選舉,首次申報,1071105,個人捐贈收入,張舜雲,L12*******,2000.00,0.00,,金錢,台中市北屯區****,0910*****,
71,黃守達,107年直轄市議員選舉,首次申報,1071106,個人捐贈收入,林智廣,K10*******,50000.00,0.00,,金錢,臺中市西區台****,04-2*****,
72,黃守達,107年直轄市議員選舉,首次申報,1071108,個人捐贈收入,陳明仁,G12*******,100000.00,0.00,,金錢,臺中市西屯區****,04-2*****,
73,黃守達,107年直轄市議員選舉,首次申報,1071108,個人捐贈收入,廖以勤,L22*******,21000.00,0.00,,金錢,桃園市蘆竹區****,,
74,黃守達,107年直轄市議員選舉,首次申報,1071108,個人捐贈收入,穆椿松,N10*******,60000.00,0.00,,金錢,臺中市西屯區****,,
75,黃守達,107年直轄市議員選舉,首次申報,1071108,個人捐贈收入,吳東洀,N10*******,20000.00,0.00,,金錢,臺中市西區公****,0911*****,
76,黃守達,107年直轄市議員選舉,首次申報,1071113,個人捐贈收入,林展永,E12*******,100000.00,0.00,,金錢,臺中市西區台****,04-2*****,
77,黃守達,107年直轄市議員選舉,首次申報,1071114,個人捐贈收入,洪聖博,N12*******,100000.00,0.00,,金錢,彰化縣伸港鄉****,,
78,黃守達,107年直轄市議員選舉,首次申報,1071116,個人捐贈收入,陳修雄,A10*******,100000.00,0.00,,金錢,臺中市西區五****,0923*****,
79,黃守達,107年直轄市議員選舉,首次申報,1071120,營利事業捐贈收入,坤聯營造股份有限公司,22667443,30000.00,0.00,,金錢,臺中市西屯區****,,
80,黃守達,107年直轄市議員選舉,首次申報,1071120,個人捐贈收入,吳朝景,B10*******,5000.00,0.00,,金錢,臺中市北屯區****,0939*****,
81,黃守達,107年直轄市議員選舉,首次申報,1071120,個人捐贈收入,簡福榮,M12*******,70000.00,0.00,,金錢,臺中市南屯區****,0958*****,
82,黃守達,107年直轄市議員選舉,首次申報,1071121,個人捐贈收入,藍緯洲,B12*******,20000.00,0.00,,金錢,臺中市西區精****,04-2*****,
83,黃守達,107年直轄市議員選舉,首次申報,1071121,個人捐贈收入,黃奕升,E12*******,100000.00,0.00,,金錢,臺中市西屯區****,,
84,黃守達,107年直轄市議員選舉,首次申報,1071121,個人捐贈收入,許鴻彥,N12*******,50000.00,0.00,,金錢,臺北市文山區****,,
85,黃守達,107年直轄市議員選舉,首次申報,1071121,個人捐贈收入,吳淑蘭,W20*******,50000.00,0.00,,金錢,金門縣金城鎮****,,
86,黃守達,107年直轄市議員選舉,首次申報,1071123,營利事業捐贈收入,普碩企業有限公司,28819045,100000.00,0.00,,金錢,臺中市西區美****,,
87,黃守達,107年直轄市議員選舉,首次申報,1071123,營利事業捐贈收入,石城實業股份有限公司,86117471,50000.00,0.00,,金錢,臺中市西屯區****,04-2*****,
88,黃守達,107年直轄市議員選舉,首次申報,1071123,營利事業捐贈收入,寶鷹企業有限公司,86561141,100000.00,0.00,,金錢,臺中市西屯區****,04-2*****,
89,黃守達,107年直轄市議員選舉,首次申報,1071123,個人捐贈收入,朱瑞乾,B10*******,2000.00,0.00,,金錢,臺中市西區吉****,0933*****,
90,黃守達,107年直轄市議員選舉,首次申報,1071123,個人捐贈收入,李進煌,H12*******,30000.00,0.00,,金錢,臺中市西區林****,04-2*****,
91,黃守達,107年直轄市議員選舉,首次申報,1071123,個人捐贈收入,賴萬清,L10*******,50000.00,0.00,,金錢,臺中市東區十****,0963*****,
92,黃守達,107年直轄市議員選舉,首次申報,1071123,個人捐贈收入,張評造,L12*******,6000.00,0.00,,金錢,臺中市西區太****,04-2*****,
93,黃守達,107年直轄市議員選舉,首次申報,1071123,個人捐贈收入,粘森榮,N12*******,20000.00,0.00,,金錢,臺中市西區五****,0931*****,
94,黃守達,107年直轄市議員選舉,首次申報,1071123,個人捐贈收入,蔡瑞美,R20*******,10000.00,0.00,,金錢,臺中市中區台****,04-2*****,
95,黃守達,107年直轄市議員選舉,首次申報,1071123,個人捐贈收入,賴秋梅,T20*******,10000.00,0.00,,金錢,臺中市西區公****,,
96,黃守達,107年直轄市議員選舉,首次申報,1071221,其他收入,利息收入,,1091.00,0.00,,金錢,,,
