﻿序號,擬參選人／政黨,選舉名稱,申報序號／年度,交易日期,收支科目,捐贈者／支出對象,身分證／統一編號,收入金額,支出金額,捐贈方式,存入專戶日期,返還/繳庫,支出用途,金錢類,地址,聯絡電話,應揭露之支出對象,支出對象之內部人員姓名,支出對象之內部人員職稱,政黨之內部人員姓名,政黨之內部人員職稱,關係,更正註記,資料更正日期
1,吳福田,111年宜蘭縣議員選舉,首次申報,1111023,個人捐贈收入,陳重聰,G10*******,3500.00,0.00,,,,,非金錢,宜蘭縣宜蘭市****,0392*****,,,,,,,,
2,吳福田,111年宜蘭縣議員選舉,首次申報,1111024,營利事業捐贈收入,宜春企業股份有限公司,86151287,500000.00,0.00,匯款,1111024,,,金錢,臺北市內湖區****,0226*****,,,,,,,,
3,吳福田,111年宜蘭縣議員選舉,首次申報,1111025,營利事業捐贈收入,百利服飾,19567053,10000.00,0.00,現金,1111031,,,金錢,宜蘭縣宜蘭市****,0393*****,,,,,,,,
4,吳福田,111年宜蘭縣議員選舉,首次申報,1111025,個人捐贈收入,莊盧隆,G10*******,6000.00,0.00,現金,1111031,,,金錢,宜蘭縣五結鄉****,,,,,,,,,
5,吳福田,111年宜蘭縣議員選舉,首次申報,1111025,個人捐贈收入,林輝男,G10*******,10000.00,0.00,現金,,已返還,,金錢,宜蘭縣宜蘭市****,0919*****,,,,,,,,
6,吳福田,111年宜蘭縣議員選舉,首次申報,1111025,個人捐贈收入,吳坤海,G10*******,5000.00,0.00,現金,1111031,,,金錢,宜蘭縣礁溪鄉****,0392*****,,,,,,,,
7,吳福田,111年宜蘭縣議員選舉,首次申報,1111105,營利事業捐贈收入,蘭田穀王股份有限公司,54109935,50000.00,0.00,現金,1111107,,,金錢,宜蘭縣員山鄉****,0392*****,,,,,,,,
8,吳福田,111年宜蘭縣議員選舉,首次申報,1111105,個人捐贈收入,陳登賢,G10*******,10000.00,0.00,現金,1111107,,,金錢,宜蘭縣宜蘭市****,0921*****,,,,,,,,
9,吳福田,111年宜蘭縣議員選舉,首次申報,1111105,個人捐贈收入,林碧塘,G12*******,3000.00,0.00,現金,1111107,,,金錢,宜蘭縣宜蘭市****,0932*****,,,,,,,,
10,吳福田,111年宜蘭縣議員選舉,首次申報,1111119,其他收入,利息收入,,72.00,0.00,匯款,1111119,,,金錢,,,,,,,,,,
11,吳福田,111年宜蘭縣議員選舉,首次申報,1111119,個人捐贈收入,林信安,G12*******,10000.00,0.00,現金,1111121,,,金錢,新竹市東區新****,0905*****,,,,,,,,
12,吳福田,111年宜蘭縣議員選舉,首次申報,1111120,個人捐贈收入,吳尚緯,G12*******,100000.00,0.00,現金,1111122,,,金錢,宜蘭縣宜蘭市****,0928*****,,,,,,,,
13,吳福田,111年宜蘭縣議員選舉,首次申報,1111221,其他收入,利息收入,,11.00,0.00,匯款,1111221,,,金錢,,,,,,,,,,
