﻿序號,擬參選人／政黨,選舉名稱,申報序號／年度,交易日期,收支科目,捐贈者／支出對象,身分證／統一編號,收入金額,支出金額,捐贈方式,存入專戶日期,返還/繳庫,支出用途,金錢類,地址,聯絡電話,應揭露之支出對象,支出對象之內部人員姓名,支出對象之內部人員職稱,政黨之內部人員姓名,政黨之內部人員職稱,關係,更正註記,資料更正日期
1,蔡成圭,111年臺中市議員選舉,首次申報,1110725,宣傳支出,名偉廣告有限公司,28353503,0.00,3465.00,,,,播放、傳送或刊登宣傳廣告費用,金錢,臺中市東區旱****,04-2*****,否,,,,,,,
2,蔡成圭,111年臺中市議員選舉,首次申報,1110726,雜支支出,安可禮品坊,99919946,0.00,5040.00,,,,雜項購置或修繕費用,金錢,臺中市太平區****,04-2*****,否,,,,,,,
3,蔡成圭,111年臺中市議員選舉,首次申報,1110801,宣傳支出,惠來藝術印刷有限公司,54898278,0.00,98700.00,,,,製作競選物品或宣傳廣告費用（物品名稱-請填寫）,金錢,臺中市西區忠****,0933*****,否,,,,,,,
4,蔡成圭,111年臺中市議員選舉,首次申報,1110815,人事費用支出,林玉霞,G22*******,0.00,35000.00,,,,工資或薪津,金錢,臺中市東勢區****,0917*****,否,,,,,,,
5,蔡成圭,111年臺中市議員選舉,首次申報,1110815,人事費用支出,劉坤增,L10*******,0.00,40000.00,,,,工資或薪津,金錢,臺中市東新盛****,0926*****,否,,,,,,,
6,蔡成圭,111年臺中市議員選舉,首次申報,1110818,雜支支出,利滔股份有限公司,80435533,0.00,23000.00,,,,雜項購置或修繕費用,金錢,桃園市大溪區****,03-3*****,否,,,,,,,
7,蔡成圭,111年臺中市議員選舉,首次申報,1110819,宣傳支出,惠宇廣告社,87633489,0.00,17194.00,,,,播放、傳送或刊登宣傳廣告費用,金錢,臺中市西區公****,04-2*****,否,,,,,,,
8,蔡成圭,111年臺中市議員選舉,首次申報,1110826,宣傳支出,名偉廣告有限公司,28353503,0.00,28859.00,,,,播放、傳送或刊登宣傳廣告費用,金錢,臺中市東區旱****,04-2*****,否,,,,,,,
9,蔡成圭,111年臺中市議員選舉,首次申報,1110829,集會支出,臺中市政府環境保護局,,0.00,2400.00,,,,其他與集會有關之費用,金錢,臺中市西屯區****,,否,,,,,,,
10,蔡成圭,111年臺中市議員選舉,首次申報,1110830,雜支支出,高傳真視聽家電行,99383578,0.00,1600.00,,,,雜項購置或修繕費用,金錢,臺中市東區東****,04-2*****,否,,,,,,,
11,蔡成圭,111年臺中市議員選舉,首次申報,1110903,租用宣傳車輛支出,欣聲企業社,40661738,0.00,7000.00,,,,其他與租用宣傳車輛有關之費用,金錢,臺中市大雅區****,04-2*****,否,,,,,,,
12,蔡成圭,111年臺中市議員選舉,首次申報,1110903,集會支出,益惠企業社,45755559,0.00,38800.00,,,,其他與集會有關之費用,金錢,臺中市東勢區****,04-2*****,否,,,,,,,
13,蔡成圭,111年臺中市議員選舉,首次申報,1110903,集會支出,益惠企業社,45755559,0.00,45000.00,,,,租用設備費用,金錢,臺中市東勢區****,04-2*****,否,,,,,,,
14,蔡成圭,111年臺中市議員選舉,首次申報,1110903,集會支出,益惠企業社,45755559,0.00,75000.00,,,,租用設備費用,金錢,臺中市東勢區****,04-2*****,否,,,,,,,
15,蔡成圭,111年臺中市議員選舉,首次申報,1110903,集會支出,朝統龍獅戰鼓團,47568820,0.00,33000.00,,,,其他與集會有關之費用,金錢,臺中市新社區****,0988*****,否,,,,,,,
16,蔡成圭,111年臺中市議員選舉,首次申報,1110903,集會支出,新協發家俱店,57639205,0.00,9500.00,,,,租用設備費用,金錢,臺中市東勢區****,04-2*****,否,,,,,,,
17,蔡成圭,111年臺中市議員選舉,首次申報,1110905,宣傳支出,荃盛竹架有限公司,53075280,0.00,8400.00,,,,播放、傳送或刊登宣傳廣告費用,金錢,臺中市東區東****,04-2*****,否,,,,,,,
18,蔡成圭,111年臺中市議員選舉,首次申報,1110905,宣傳支出,惠來藝術印刷有限公司,54898278,0.00,140123.00,,,,製作競選物品或宣傳廣告費用（物品名稱-請填寫）,金錢,臺中市西區忠****,0933*****,否,,,,,,,
19,蔡成圭,111年臺中市議員選舉,首次申報,1110906,雜支支出,協合益有限公司,70722634,0.00,84095.00,,,,雜項購置或修繕費用,金錢,臺中市大雅區****,04-2*****,否,,,,,,,
20,蔡成圭,111年臺中市議員選舉,首次申報,1110919,人事費用支出,林玉霞,G22*******,0.00,35000.00,,,,工資或薪津,金錢,臺中市東勢區****,0917*****,否,,,,,,,
21,蔡成圭,111年臺中市議員選舉,首次申報,1110919,人事費用支出,劉坤增,L10*******,0.00,40000.00,,,,工資或薪津,金錢,臺中市東勢區****,0926*****,否,,,,,,,
22,蔡成圭,111年臺中市議員選舉,首次申報,1111008,宣傳支出,惠來藝術印刷有限公司,54898278,0.00,96863.00,,,,製作競選物品或宣傳廣告費用（物品名稱-請填寫）,金錢,臺中市西區忠****,0933*****,否,,,,,,,
23,蔡成圭,111年臺中市議員選舉,首次申報,1111018,人事費用支出,林玉霞,G22*******,0.00,35000.00,,,,工資或薪津,金錢,臺中市東勢區****,3500*****,否,,,,,,,
24,蔡成圭,111年臺中市議員選舉,首次申報,1111018,人事費用支出,劉坤增,L10*******,0.00,40000.00,,,,工資或薪津,金錢,臺中市東勢區****,0926*****,否,,,,,,,
25,蔡成圭,111年臺中市議員選舉,首次申報,1111024,宣傳支出,祥茂汽球館,10568518,0.00,5200.00,,,,製作競選物品或宣傳廣告費用（泡棉棒）,金錢,新北市板橋區****,0933*****,否,,,,,,,
26,蔡成圭,111年臺中市議員選舉,首次申報,1111024,宣傳支出,氣球列車禮品企業社,72453261,0.00,7950.00,,,,製作競選物品或宣傳廣告費用（物品名稱-請填寫）,金錢,臺中市南屯區****,0966*****,否,,,,,,,
27,蔡成圭,111年臺中市議員選舉,首次申報,1111031,宣傳支出,名偉廣告有限公司,28353503,0.00,14910.00,,,,播放、傳送或刊登宣傳廣告費用,金錢,臺中市東區旱****,04-2*****,否,,,,,,,
28,蔡成圭,111年臺中市議員選舉,首次申報,1111101,宣傳支出,鴻慶旗幟有限公司,89361287,0.00,120000.00,,,,製作競選物品或宣傳廣告費用（布條）,金錢,臺中市潭子區****,04-2*****,否,,,,,,,
29,蔡成圭,111年臺中市議員選舉,首次申報,1111103,宣傳支出,惠來藝術印刷有限公司,54898278,0.00,143553.00,,,,製作競選物品或宣傳廣告費用（文宣印製）,金錢,臺中市西區忠****,04-2*****,否,,,,,,,
30,蔡成圭,111年臺中市議員選舉,首次申報,1111117,人事費用支出,林玉霞,G22*******,0.00,35000.00,,,,工資或薪津,金錢,臺中市東勢區****,0917*****,否,,,,,,,
31,蔡成圭,111年臺中市議員選舉,首次申報,1111117,人事費用支出,劉坤增,L10*******,0.00,40000.00,,,,工資或薪津,金錢,臺中市東勢區****,0926*****,否,,,,,,,
32,蔡成圭,111年臺中市議員選舉,首次申報,1111125,雜支支出,競選總部,,0.00,24000.00,,,,,非金錢,臺中市新社區****,,否,,,,,,,
