﻿序號,擬參選人／政黨,選舉名稱,申報序號／年度,交易日期,收支科目,捐贈者／支出對象,身分證／統一編號,收入金額,支出金額,支出用途,金錢類,地址,聯絡電話,資料更正日期
1,陳冠宇,109年立法委員選舉,首次申報,1081128,營利事業捐贈收入,高雄富國製衣（股）,89004063,1000000.00,0.00,,金錢,高雄市楠梓區****,,
2,陳冠宇,109年立法委員選舉,首次申報,1081218,個人捐贈收入,陳怡如,R22*******,50000.00,0.00,,金錢,臺南市佳里區****,,
3,陳冠宇,109年立法委員選舉,首次申報,1081221,其他收入,利息收入,,39.00,0.00,,金錢,,,
4,陳冠宇,109年立法委員選舉,首次申報,1081227,個人捐贈收入,余貴陽,F12*******,100000.00,0.00,,金錢,桃園市大溪區****,,
5,陳冠宇,109年立法委員選舉,首次申報,1081231,營利事業捐贈收入,順昇建設股份有限公司,30919251,400000.00,0.00,,金錢,臺北市大安區****,,
6,陳冠宇,109年立法委員選舉,首次申報,1081231,個人捐贈收入,徐翊娜,A22*******,100000.00,0.00,,金錢,臺北市大安區****,,
