﻿序號,擬參選人／政黨,選舉名稱,申報序號／年度,交易日期,收支科目,捐贈者／支出對象,身分證／統一編號,收入金額,支出金額,支出用途,金錢類,地址,聯絡電話,資料更正日期
1,黃浴沂,107年縣(市)議員選舉,首次申報,1071102,營利事業捐贈收入,巨綱企業股份有限公司,16605130,100000.00,0.00,,金錢,臺北市中山區****,,
2,黃浴沂,107年縣(市)議員選舉,首次申報,1071102,營利事業捐贈收入,巨綱企業股份有限公司,16605130,100000.00,0.00,,金錢,臺北市中山區****,,
3,黃浴沂,107年縣(市)議員選舉,首次申報,1071102,營利事業捐贈收入,嘉瑞開發股份有限公司,24484547,100000.00,0.00,,金錢,臺北市中山區****,,
4,黃浴沂,107年縣(市)議員選舉,首次申報,1071102,營利事業捐贈收入,巨山林資訊科技股份有限公司,53079259,100000.00,0.00,,金錢,臺北市中山區****,,
5,黃浴沂,107年縣(市)議員選舉,首次申報,1071102,營利事業捐贈收入,巨山林資訊科技股份有限公司,53079259,100000.00,0.00,,金錢,臺北市中山區****,,
6,黃浴沂,107年縣(市)議員選舉,首次申報,1071105,營利事業捐贈收入,允誠多媒體股份有限公司,70507712,200000.00,0.00,,金錢,臺北市中山區****,,
7,黃浴沂,107年縣(市)議員選舉,首次申報,1071111,個人捐贈收入,吳振標,,10000.00,0.00,,金錢,宜蘭縣員山鄉****,,
8,黃浴沂,107年縣(市)議員選舉,首次申報,1071111,個人捐贈收入,江素惠,,2800.00,0.00,,非金錢,宜蘭縣員山鄉****,,
9,黃浴沂,107年縣(市)議員選舉,首次申報,1071111,個人捐贈收入,黃阿昌,,2000.00,0.00,,非金錢,宜蘭縣員山鄉****,,
10,黃浴沂,107年縣(市)議員選舉,首次申報,1071111,營利事業捐贈收入,健程企業社,66997940,6000.00,0.00,,金錢,宜蘭縣宜蘭市****,,
11,黃浴沂,107年縣(市)議員選舉,首次申報,1071111,個人捐贈收入,林基財,G10*******,20000.00,0.00,,金錢,宜蘭縣員山鄉****,,
12,黃浴沂,107年縣(市)議員選舉,首次申報,1071111,個人捐贈收入,高俊德,G12*******,20000.00,0.00,,金錢,宜蘭縣員山鄉****,,
13,黃浴沂,107年縣(市)議員選舉,首次申報,1071111,個人捐贈收入,林德清,G12*******,3000.00,0.00,,金錢,宜蘭縣員山鄉****,,
14,黃浴沂,107年縣(市)議員選舉,首次申報,1071111,個人捐贈收入,李錦昌,G12*******,2000.00,0.00,,金錢,宜蘭縣員山鄉****,,
15,黃浴沂,107年縣(市)議員選舉,首次申報,1071112,個人捐贈收入,何銘圳,,2760.00,0.00,,非金錢,宜蘭縣員山鄉****,,
16,黃浴沂,107年縣(市)議員選舉,首次申報,1071112,個人捐贈收入,李申堯,,2000.00,0.00,,非金錢,宜蘭縣員山鄉****,,
17,黃浴沂,107年縣(市)議員選舉,首次申報,1071113,個人捐贈收入,黃瀚敦,,2760.00,0.00,,非金錢,宜蘭縣員山鄉****,,
18,黃浴沂,107年縣(市)議員選舉,首次申報,1071114,營利事業捐贈收入,怡華實業股份有限公司,33144175,50000.00,0.00,,金錢,臺北市內湖路****,,
19,黃浴沂,107年縣(市)議員選舉,首次申報,1071114,營利事業捐贈收入,孝恩股份有限公司,80313356,60000.00,0.00,,金錢,宜蘭縣員山鄉****,,
20,黃浴沂,107年縣(市)議員選舉,首次申報,1071120,個人捐贈收入,吳鋌欽,,2000.00,0.00,,金錢,,0937*****,
21,黃浴沂,107年縣(市)議員選舉,首次申報,1071120,個人捐贈收入,黃金泉,,3000.00,0.00,,金錢,,03-9*****,
22,黃浴沂,107年縣(市)議員選舉,首次申報,1071120,個人捐贈收入,張林素杏,,2000.00,0.00,,金錢,,03-9*****,
23,黃浴沂,107年縣(市)議員選舉,首次申報,1071121,個人捐贈收入,黃來旺,,2000.00,0.00,,金錢,,0937*****,
24,黃浴沂,107年縣(市)議員選舉,首次申報,1071121,個人捐贈收入,江明仁,,3000.00,0.00,,金錢,,03-9*****,
25,黃浴沂,107年縣(市)議員選舉,首次申報,1071121,個人捐贈收入,余吳玉蘭,,2000.00,0.00,,金錢,基隆市中正區****,,
26,黃浴沂,107年縣(市)議員選舉,首次申報,1071121,個人捐贈收入,王得利,,3000.00,0.00,,金錢,,03-9*****,
27,黃浴沂,107年縣(市)議員選舉,首次申報,1071121,個人捐贈收入,張江,G10*******,2000.00,0.00,,金錢,宜蘭縣員山鄉****,,
28,黃浴沂,107年縣(市)議員選舉,首次申報,1071122,個人捐贈收入,謝榮波,,2000.00,0.00,,金錢,宜蘭縣員山鄉****,,
29,黃浴沂,107年縣(市)議員選舉,首次申報,1071122,個人捐贈收入,李麗華,,2000.00,0.00,,金錢,,0910*****,
30,黃浴沂,107年縣(市)議員選舉,首次申報,1071122,個人捐贈收入,方旺煙,,6000.00,0.00,,金錢,宜蘭縣員山鄉****,,
31,黃浴沂,107年縣(市)議員選舉,首次申報,1071123,個人捐贈收入,王新正,,2000.00,0.00,,金錢,宜蘭縣員山鄉****,,
32,黃浴沂,107年縣(市)議員選舉,首次申報,1071123,個人捐贈收入,黃煜驊,,2000.00,0.00,,金錢,桃園市中壢區****,,
33,黃浴沂,107年縣(市)議員選舉,首次申報,1071123,個人捐贈收入,黃寓,,2000.00,0.00,,金錢,宜蘭縣宜蘭市****,,
34,黃浴沂,107年縣(市)議員選舉,首次申報,1071123,個人捐贈收入,林朝昌,,2000.00,0.00,,金錢,宜蘭縣員山鄉****,,
35,黃浴沂,107年縣(市)議員選舉,首次申報,1071221,其他收入,利息收入,,12.00,0.00,,金錢,,,
