﻿序號,擬參選人／政黨,選舉名稱,申報序號／年度,交易日期,收支科目,捐贈者／支出對象,身分證／統一編號,收入金額,支出金額,支出用途,金錢類,地址,聯絡電話,資料更正日期
1,蔡恭泰,107年鄉(鎮、市)長選舉,首次申報,1070907,營利事業捐贈收入,東林貿易股份有限公司,16992462,20000.00,0.00,,金錢,屏東縣萬丹鄉****,,
2,蔡恭泰,107年鄉(鎮、市)長選舉,首次申報,1070907,營利事業捐贈收入,屏東農產股份有限公司,92702838,20000.00,0.00,,金錢,新厝村新生路****,,
3,蔡恭泰,107年鄉(鎮、市)長選舉,首次申報,1071002,個人捐贈收入,邱璿樺,T12*******,66000.00,0.00,,金錢,屏東縣潮州鎮****,08-7*****,
4,蔡恭泰,107年鄉(鎮、市)長選舉,首次申報,1071011,個人捐贈收入,郭貴娥,T20*******,20000.00,0.00,,金錢,屏東縣潮州鎮****,0982*****,
5,蔡恭泰,107年鄉(鎮、市)長選舉,首次申報,1071017,營利事業捐贈收入,福億冷凍食品有限公司,53164017,50000.00,0.00,,金錢,屏東縣潮州鎮****,08-7*****,
6,蔡恭泰,107年鄉(鎮、市)長選舉,首次申報,1071022,個人捐贈收入,賴珍妮,,6000.00,0.00,,金錢,屏東縣潮州鎮****,,
7,蔡恭泰,107年鄉(鎮、市)長選舉,首次申報,1071022,個人捐贈收入,張翊楨,,6000.00,0.00,,金錢,屏東縣潮州鎮****,,
8,蔡恭泰,107年鄉(鎮、市)長選舉,首次申報,1071023,個人捐贈收入,方次郎,,6000.00,0.00,,金錢,屏東縣潮州鎮****,0919*****,
9,蔡恭泰,107年鄉(鎮、市)長選舉,首次申報,1071023,人民團體捐贈收入,屏東縣潮州鎮長青太極拳協會,,6000.00,0.00,,金錢,潮州鎮新生里****,7882*****,
10,蔡恭泰,107年鄉(鎮、市)長選舉,首次申報,1071023,人民團體捐贈收入,屏東縣潮州鎮信誠長青協會,,2000.00,0.00,,金錢,屏東縣潮州鎮****,08-7*****,
11,蔡恭泰,107年鄉(鎮、市)長選舉,首次申報,1071023,人民團體捐贈收入,屏東縣潮州鎮韻律操協進會,,5000.00,0.00,,金錢,潮州鎮永坤路****,7882*****,
12,蔡恭泰,107年鄉(鎮、市)長選舉,首次申報,1071023,個人捐贈收入,程維璋,E10*******,100000.00,0.00,,金錢,高雄市三民區****,08-7*****,
13,蔡恭泰,107年鄉(鎮、市)長選舉,首次申報,1071026,個人捐贈收入,翁初枝,,3000.00,0.00,,金錢,屏東縣潮州鎮****,,
14,蔡恭泰,107年鄉(鎮、市)長選舉,首次申報,1071026,個人捐贈收入,洪秋月,,2000.00,0.00,,金錢,屏東縣潮州鎮****,,
15,蔡恭泰,107年鄉(鎮、市)長選舉,首次申報,1071026,個人捐贈收入,蔡楊杉,,1000.00,0.00,,金錢,屏東縣潮州鎮****,,
16,蔡恭泰,107年鄉(鎮、市)長選舉,首次申報,1071030,營利事業捐贈收入,永昇冷凍食品工業股份有限公司,83606692,60000.00,0.00,,金錢,屏東縣里港鄉****,08-7*****,
17,蔡恭泰,107年鄉(鎮、市)長選舉,首次申報,1071030,個人捐贈收入,林信良,T12*******,50000.00,0.00,,金錢,屏東縣潮州鎮****,,
18,蔡恭泰,107年鄉(鎮、市)長選舉,首次申報,1071106,人民團體捐贈收入,屏東縣潮州鎮全方位研究社,,20000.00,0.00,,金錢,潮州鎮三共里****,7807*****,
19,蔡恭泰,107年鄉(鎮、市)長選舉,首次申報,1071112,營利事業捐贈收入,屏東農產股份有限公司,92702838,20000.00,0.00,,金錢,屏東縣萬巒鄉****,08-7*****,
20,蔡恭泰,107年鄉(鎮、市)長選舉,首次申報,1071113,個人捐贈收入,翁敏傑,T12*******,20000.00,0.00,,金錢,屏東縣潮州鎮****,,
21,蔡恭泰,107年鄉(鎮、市)長選舉,首次申報,1071113,個人捐贈收入,陳韵蓁,X22*******,10000.00,0.00,,金錢,屏東縣潮州鎮****,,
22,蔡恭泰,107年鄉(鎮、市)長選舉,首次申報,1071114,個人捐贈收入,蔡武雄,T10*******,10000.00,0.00,,金錢,屏東縣潮州鎮****,,
23,蔡恭泰,107年鄉(鎮、市)長選舉,首次申報,1071114,個人捐贈收入,莊勝安,T12*******,50000.00,0.00,,金錢,屏東縣潮州鎮****,,
24,蔡恭泰,107年鄉(鎮、市)長選舉,首次申報,1071114,個人捐贈收入,柯秋棻,T22*******,20000.00,0.00,,金錢,,,
25,蔡恭泰,107年鄉(鎮、市)長選舉,首次申報,1071119,個人捐贈收入,曾健強,,3000.00,0.00,,金錢,屏東縣潮州鎮****,0920*****,
26,蔡恭泰,107年鄉(鎮、市)長選舉,首次申報,1071120,個人捐贈收入,洪福枝,S12*******,10000.00,0.00,,金錢,屏東縣潮州鎮****,08-7*****,
