﻿序號,擬參選人／政黨,選舉名稱,申報序號／年度,交易日期,收支科目,捐贈者／支出對象,身分證／統一編號,收入金額,支出金額,支出用途,金錢類,地址,聯絡電話,資料更正日期
1,李煥中,107年村(里)長選舉,首次申報,1070920,個人捐贈收入,張卉嫻,A21*******,16800.00,0.00,,金錢,臺北市松山區****,0981*****,
2,李煥中,107年村(里)長選舉,首次申報,1071002,個人捐贈收入,陳育武,U12*******,100000.00,0.00,,金錢,臺北市松山區****,0932*****,
3,李煥中,107年村(里)長選舉,首次申報,1071026,個人捐贈收入,蔡秋東,,10000.00,0.00,,金錢,臺北市松山區****,02-2*****,
4,李煥中,107年村(里)長選舉,首次申報,1071026,個人捐贈收入,齊致平,A10*******,6000.00,0.00,,金錢,臺北市松山區****,0921*****,
5,李煥中,107年村(里)長選舉,首次申報,1071026,個人捐贈收入,侯維豪,A12*******,20000.00,0.00,,金錢,臺北市中山區****,0932*****,
6,李煥中,107年村(里)長選舉,首次申報,1071026,個人捐贈收入,涂炳深,A12*******,5000.00,0.00,,金錢,臺北市信義區****,02-2*****,
7,李煥中,107年村(里)長選舉,首次申報,1071026,個人捐贈收入,馬美琳,F22*******,10000.00,0.00,,金錢,新北市新店區****,0912*****,
8,李煥中,107年村(里)長選舉,首次申報,1071026,個人捐贈收入,胡秀雲,J22*******,10000.00,0.00,,金錢,新北市中和區****,0935*****,
9,李煥中,107年村(里)長選舉,首次申報,1071026,個人捐贈收入,呂連山,P10*******,10000.00,0.00,,金錢,臺北市松山區****,02-2*****,
10,李煥中,107年村(里)長選舉,首次申報,1071026,個人捐贈收入,李素芳,U22*******,10000.00,0.00,,金錢,新北市新店區****,0910*****,
11,李煥中,107年村(里)長選舉,首次申報,1071106,個人捐贈收入,陳採宴,N22*******,6600.00,0.00,,金錢,臺北市松山區****,0930*****,
12,李煥中,107年村(里)長選舉,首次申報,1071107,個人捐贈收入,吳振發,E12*******,20000.00,0.00,,金錢,臺北市萬華區****,,
13,李煥中,107年村(里)長選舉,首次申報,1071120,個人捐贈收入,林何初枝,G20*******,10000.00,0.00,,金錢,臺北市松山區****,0920*****,
14,李煥中,107年村(里)長選舉,首次申報,1071123,個人捐贈收入,陳敏華,A12*******,30000.00,0.00,,金錢,臺北市內湖區****,0910*****,
15,李煥中,107年村(里)長選舉,首次申報,1071221,其他收入,利息收入,,23.00,0.00,,金錢,,,
