﻿序號,擬參選人／政黨,選舉名稱,申報序號／年度,交易日期,收支科目,捐贈者／支出對象,身分證／統一編號,收入金額,支出金額,支出用途,金錢類,地址,聯絡電話,資料更正日期
1,洪秀錦,107年直轄市議員選舉,首次申報,1070523,個人捐贈收入,戴睿慶,S12*******,100000.00,0.00,,金錢,高雄市大寮區****,,
2,洪秀錦,107年直轄市議員選舉,首次申報,1070608,個人捐贈收入,戴睿品,S22*******,100000.00,0.00,,金錢,高雄市大寮區****,0981*****,
3,洪秀錦,107年直轄市議員選舉,首次申報,1070614,營利事業捐贈收入,富昶工程有限公司,97333790,500000.00,0.00,,金錢,新北市蘆洲區****,8282*****,
4,洪秀錦,107年直轄市議員選舉,首次申報,1070621,其他收入,利息收入,,12.00,0.00,,金錢,,,
5,洪秀錦,107年直轄市議員選舉,首次申報,1070913,個人捐贈收入,陳威良,S12*******,100000.00,0.00,,金錢,高雄市大寮區****,07-7*****,
6,洪秀錦,107年直轄市議員選舉,首次申報,1070913,個人捐贈收入,陳志鈞,X12*******,100000.00,0.00,,金錢,高雄市大寮區****,07-7*****,
7,洪秀錦,107年直轄市議員選舉,首次申報,1070913,個人捐贈收入,陳瑞財,X12*******,100000.00,0.00,,金錢,高雄市大寮區****,07-7*****,
8,洪秀錦,107年直轄市議員選舉,首次申報,1070917,個人捐贈收入,陳星蓮,E22*******,100000.00,0.00,,金錢,高雄市鳥松區****,07-7*****,
9,洪秀錦,107年直轄市議員選舉,首次申報,1070917,個人捐贈收入,陳嘉正,S12*******,100000.00,0.00,,金錢,高雄市鳥松區****,07-7*****,
10,洪秀錦,107年直轄市議員選舉,首次申報,1071022,個人捐贈收入,林金德,E12*******,60000.00,0.00,,金錢,高雄市大寮區****,0933*****,
11,洪秀錦,107年直轄市議員選舉,首次申報,1071025,個人捐贈收入,郭金米,E22*******,10000.00,0.00,,金錢,高雄市大寮區****,0912*****,
12,洪秀錦,107年直轄市議員選舉,首次申報,1071109,營利事業捐贈收入,長春人造樹脂廠股份有限公司,11384708,200000.00,0.00,,金錢,高雄市大寮區****,07-7*****,
13,洪秀錦,107年直轄市議員選舉,首次申報,1071118,個人捐贈收入,吳福星,S12*******,100000.00,0.00,,金錢,高雄市林園區****,0982*****,
14,洪秀錦,107年直轄市議員選舉,首次申報,1071119,營利事業捐贈收入,高煜企業股份有限公司,22525178,20000.00,0.00,,金錢,,07-7*****,
15,洪秀錦,107年直轄市議員選舉,首次申報,1071120,營利事業捐贈收入,聯揚國際開發有限公司高雄忠孝分公司,28543878,100000.00,0.00,,金錢,高雄市新興區****,(07)*****,
16,洪秀錦,107年直轄市議員選舉,首次申報,1071123,個人捐贈收入,王銀惠,E20*******,100000.00,0.00,,金錢,高雄市三民區****,0937*****,
17,洪秀錦,107年直轄市議員選舉,首次申報,1071123,個人捐贈收入,薛良田,S12*******,100000.00,0.00,,金錢,高雄市鼓山區****,0937*****,
18,洪秀錦,107年直轄市議員選舉,首次申報,1071221,其他收入,利息收入,,53.00,0.00,,金錢,,,
