﻿序號,擬參選人／政黨,選舉名稱,申報序號／年度,交易日期,收支科目,捐贈者／支出對象,身分證／統一編號,收入金額,支出金額,支出用途,金錢類,地址,聯絡電話,資料更正日期
1,林岳賢,107年縣(市)議員選舉,首次申報,1070706,宣傳支出,巧品屋,02383947,0.00,25500.00,製作宣傳廣告支出,金錢,宜蘭縣宜蘭市****,,
2,林岳賢,107年縣(市)議員選舉,首次申報,1070720,宣傳支出,巧品屋,02383947,0.00,28000.00,製作宣傳廣告支出,金錢,宜蘭縣宜蘭市****,,
3,林岳賢,107年縣(市)議員選舉,首次申報,1070820,宣傳支出,巧品屋,02383947,0.00,25500.00,製作宣傳廣告支出,金錢,宜蘭縣宜蘭市****,,
4,林岳賢,107年縣(市)議員選舉,首次申報,1070830,宣傳支出,巧品屋,02383947,0.00,25500.00,製作宣傳廣告支出,金錢,宜蘭縣宜蘭市****,,
5,林岳賢,107年縣(市)議員選舉,首次申報,1070912,宣傳支出,巧品屋,02383947,0.00,28000.00,製作宣傳廣告支出,金錢,宜蘭縣宜蘭市****,,
6,林岳賢,107年縣(市)議員選舉,首次申報,1071004,雜支支出,金禾堂文化事業股份有限公司,16665848,0.00,168.00,文具用品費用,金錢,宜蘭縣宜蘭市****,,
7,林岳賢,107年縣(市)議員選舉,首次申報,1071005,雜支支出,蘭語圖書社,70922730,0.00,120.00,文具用品費用,金錢,宜蘭縣宜蘭市****,,
8,林岳賢,107年縣(市)議員選舉,首次申報,1071008,宣傳支出,巧品屋,02383947,0.00,28000.00,製作宣傳廣告支出,金錢,宜蘭縣宜蘭市****,,
9,林岳賢,107年縣(市)議員選舉,首次申報,1071008,宣傳支出,宜蘭郵局,98282828,0.00,16963.00,郵寄競選物品或宣傳廣告支出,金錢,宜蘭縣宜蘭市****,,
10,林岳賢,107年縣(市)議員選舉,首次申報,1071009,宣傳支出,宜蘭郵局,98282828,0.00,97.00,郵寄競選物品或宣傳廣告支出,金錢,宜蘭縣宜蘭市****,,
11,林岳賢,107年縣(市)議員選舉,首次申報,1071012,宣傳支出,宜蘭郵局,98282828,0.00,500.00,郵寄競選物品或宣傳廣告支出,金錢,宜蘭縣宜蘭市****,,
12,林岳賢,107年縣(市)議員選舉,首次申報,1071015,雜支支出,田園鴨莊,10098994,0.00,400.00,餐飲費用,金錢,宜蘭縣宜蘭市****,,
13,林岳賢,107年縣(市)議員選舉,首次申報,1071015,雜支支出,政順企業社,39972328,0.00,475.00,文具用品費用,金錢,宜蘭縣礁溪鄉****,,
14,林岳賢,107年縣(市)議員選舉,首次申報,1071015,雜支支出,粵園小吃店,92918963,0.00,255.00,餐飲費用,金錢,宜蘭縣宜蘭市****,,
15,林岳賢,107年縣(市)議員選舉,首次申報,1071015,宣傳支出,宜蘭郵局,98282828,0.00,1465.00,郵寄競選物品或宣傳廣告支出,金錢,宜蘭縣宜蘭市****,,
16,林岳賢,107年縣(市)議員選舉,首次申報,1071016,宣傳支出,巧品屋,02383947,0.00,21250.00,製作宣傳廣告支出,金錢,宜蘭縣宜蘭市****,,
17,林岳賢,107年縣(市)議員選舉,首次申報,1071016,雜支支出,正揚電器行,02418024,0.00,350.00,雜項購置或修繕費用,金錢,宜蘭縣宜蘭市****,,
18,林岳賢,107年縣(市)議員選舉,首次申報,1071016,雜支支出,田園鴨莊,10098994,0.00,640.00,餐飲費用,金錢,宜蘭縣宜蘭市****,,
19,林岳賢,107年縣(市)議員選舉,首次申報,1071016,雜支支出,財神商店,40541185,0.00,1700.00,雜項購置或修繕費用,金錢,宜蘭縣宜蘭市****,,
20,林岳賢,107年縣(市)議員選舉,首次申報,1071017,雜支支出,悟饕美食部,67903870,0.00,310.00,餐飲費用,金錢,宜蘭縣宜蘭市****,,
21,林岳賢,107年縣(市)議員選舉,首次申報,1071017,雜支支出,金林排骨,72629304,0.00,225.00,餐飲費用,金錢,宜蘭縣宜蘭市****,,
22,林岳賢,107年縣(市)議員選舉,首次申報,1071017,雜支支出,粵園小吃店,92918963,0.00,310.00,餐飲費用,金錢,宜蘭縣宜蘭市****,,
23,林岳賢,107年縣(市)議員選舉,首次申報,1071018,雜支支出,漢記自助餐,02416258,0.00,450.00,餐飲費用,金錢,宜蘭縣宜蘭市****,,
24,林岳賢,107年縣(市)議員選舉,首次申報,1071018,雜支支出,新興加油站,23833053,0.00,1000.00,汽機車燃料費用,金錢,宜蘭縣宜蘭市****,,
25,林岳賢,107年縣(市)議員選舉,首次申報,1071018,雜支支出,捲手創料理,34792473,0.00,210.00,餐飲費用,金錢,宜蘭縣宜蘭市****,,
26,林岳賢,107年縣(市)議員選舉,首次申報,1071018,雜支支出,悟饕美食部,67903870,0.00,490.00,餐飲費用,金錢,宜蘭縣宜蘭市****,,
27,林岳賢,107年縣(市)議員選舉,首次申報,1071018,雜支支出,悟饕美食部,67903870,0.00,170.00,餐飲費用,金錢,宜蘭縣宜蘭市****,,
28,林岳賢,107年縣(市)議員選舉,首次申報,1071018,雜支支出,蘭嶼圖書社,70922730,0.00,56.00,文具用品費用,金錢,宜蘭縣宜蘭市****,,
29,林岳賢,107年縣(市)議員選舉,首次申報,1071018,雜支支出,蘭語圖書涉,70922730,0.00,734.00,文具用品費用,金錢,宜蘭縣宜蘭市****,,
30,林岳賢,107年縣(市)議員選舉,首次申報,1071018,雜支支出,悅園花坊,77021382,0.00,250.00,雜項購置或修繕費用,金錢,宜蘭縣宜蘭市****,,
31,林岳賢,107年縣(市)議員選舉,首次申報,1071019,雜支支出,新興加油站,23833053,0.00,803.00,汽機車燃料費用,金錢,宜蘭縣宜蘭市****,,
32,林岳賢,107年縣(市)議員選舉,首次申報,1071019,雜支支出,新興加油站,23833053,0.00,953.00,汽機車燃料費用,金錢,宜蘭縣宜蘭市****,,
33,林岳賢,107年縣(市)議員選舉,首次申報,1071019,雜支支出,美味飲食店,40161706,0.00,960.00,餐飲費用,金錢,宜蘭縣宜蘭市****,,
34,林岳賢,107年縣(市)議員選舉,首次申報,1071019,雜支支出,美味飲食店,40161706,0.00,400.00,餐飲費用,金錢,宜蘭縣宜蘭市****,,
35,林岳賢,107年縣(市)議員選舉,首次申報,1071019,雜支支出,廣文堂印舗,40316407,0.00,100.00,雜項購置或修繕費用,金錢,宜蘭縣宜蘭市****,,
36,林岳賢,107年縣(市)議員選舉,首次申報,1071019,雜支支出,古一味蝦捲店,70928360,0.00,675.00,餐飲費用,金錢,宜蘭縣宜蘭市****,,
37,林岳賢,107年縣(市)議員選舉,首次申報,1071020,雜支支出,如意行,02387036,0.00,890.00,雜項購置或修繕費用,金錢,宜蘭縣宜蘭市****,,
38,林岳賢,107年縣(市)議員選舉,首次申報,1071020,雜支支出,漢記自助餐,02416258,0.00,600.00,餐飲費用,金錢,宜蘭縣宜蘭市****,,
39,林岳賢,107年縣(市)議員選舉,首次申報,1071020,雜支支出,金禾堂文化事業股放有限公司,16665848,0.00,936.00,文具用品費用,金錢,宜蘭縣宜蘭市****,,
40,林岳賢,107年縣(市)議員選舉,首次申報,1071020,雜支支出,金禾堂文化事業股份有限公司,16665848,0.00,100.00,文具用品費用,金錢,宜蘭縣宜蘭市****,,
41,林岳賢,107年縣(市)議員選舉,首次申報,1071020,雜支支出,御品福隆便當,17936708,0.00,350.00,餐飲費用,金錢,宜蘭縣宜蘭市****,,
42,林岳賢,107年縣(市)議員選舉,首次申報,1071020,雜支支出,新興加油站,23833053,0.00,764.00,汽機車燃料費用,金錢,宜蘭縣宜蘭市****,,
43,林岳賢,107年縣(市)議員選舉,首次申報,1071020,雜支支出,威城福隆便當,26567579,0.00,140.00,餐飲費用,金錢,宜蘭縣宜蘭市****,,
44,林岳賢,107年縣(市)議員選舉,首次申報,1071020,雜支支出,新光明商號,40265809,0.00,150.00,雜項購置或修繕費用,金錢,宜蘭縣宜蘭市****,,
45,林岳賢,107年縣(市)議員選舉,首次申報,1071020,雜支支出,永昌五金行,40521792,0.00,150.00,雜項購置或修繕費用,金錢,宜蘭縣宜蘭市****,,
46,林岳賢,107年縣(市)議員選舉,首次申報,1071020,雜支支出,財神商店,40541185,0.00,1640.00,雜項購置或修繕費用,金錢,宜蘭縣宜蘭市****,,
47,林岳賢,107年縣(市)議員選舉,首次申報,1071020,宣傳支出,夏威夷唱片行,40558832,0.00,300.00,播送、傳送或刊登宣傳廣告支出,金錢,宜蘭縣宜蘭市****,,
48,林岳賢,107年縣(市)議員選舉,首次申報,1071020,雜支支出,金燦興行,40631067,0.00,180.00,雜項購置或修繕費用,金錢,宜蘭縣宜蘭市****,,
49,林岳賢,107年縣(市)議員選舉,首次申報,1071020,集會支出,海味鮮小吃,40968456,0.00,40000.00,餐飲支出,金錢,宜蘭縣頭城鎮****,,
50,林岳賢,107年縣(市)議員選舉,首次申報,1071020,雜支支出,粵園小吃店,92918963,0.00,1040.00,餐飲費用,金錢,宜蘭縣宜蘭市****,,
51,林岳賢,107年縣(市)議員選舉,首次申報,1071021,宣傳支出,威通企業社,34786471,0.00,61000.00,製作宣傳廣告支出,金錢,宜蘭縣壯圍鄉****,,
52,林岳賢,107年縣(市)議員選舉,首次申報,1071021,雜支支出,榮芳號,40629400,0.00,2440.00,雜項購置或修繕費用,金錢,宜蘭縣宜蘭市****,,
53,林岳賢,107年縣(市)議員選舉,首次申報,1071021,雜支支出,全家便利商店,51825300,0.00,85.00,雜項購置或修繕費用,金錢,宜蘭縣宜蘭市****,,
54,林岳賢,107年縣(市)議員選舉,首次申報,1071021,雜支支出,復興老圓環小吃部,72630169,0.00,4550.00,餐飲費用,金錢,宜蘭縣宜蘭市****,,
55,林岳賢,107年縣(市)議員選舉,首次申報,1071021,宣傳支出,元億行,99780181,0.00,30000.00,製作宣傳廣告支出,金錢,宜蘭縣礁溪鄉****,,
56,林岳賢,107年縣(市)議員選舉,首次申報,1071022,雜支支出,金禾堂文化事業股份有限公司,16665848,0.00,47.00,文具用品費用,金錢,宜蘭縣宜蘭市****,,
57,林岳賢,107年縣(市)議員選舉,首次申報,1071022,雜支支出,新興加油站,23833053,0.00,62.00,汽機車燃料費用,金錢,宜蘭縣宜蘭市****,,
58,林岳賢,107年縣(市)議員選舉,首次申報,1071022,雜支支出,宜大事業股份有限公司,25184259,0.00,60.00,文具用品費用,金錢,宜蘭縣宜蘭市****,,
59,林岳賢,107年縣(市)議員選舉,首次申報,1071022,雜支支出,美味飲食店,40161706,0.00,1500.00,餐飲費用,金錢,宜蘭縣宜蘭市****,,
60,林岳賢,107年縣(市)議員選舉,首次申報,1071022,宣傳支出,瑞仲企業社,49813052,0.00,180.00,製作宣傳廣告支出,金錢,宜蘭縣五結鄉****,,
61,林岳賢,107年縣(市)議員選舉,首次申報,1071022,雜支支出,7-11便利商店,53013807,0.00,22.00,影印,金錢,宜蘭縣宜蘭市****,,
62,林岳賢,107年縣(市)議員選舉,首次申報,1071022,雜支支出,金林排骨,72629304,0.00,750.00,餐飲費用,金錢,宜蘭縣宜蘭市****,,
63,林岳賢,107年縣(市)議員選舉,首次申報,1071022,雜支支出,高農鴨莊,92916711,0.00,520.00,餐飲費用,金錢,宜蘭縣宜蘭市****,,
64,林岳賢,107年縣(市)議員選舉,首次申報,1071023,雜支支出,吉利小吃部,02396078,0.00,790.00,餐飲費用,金錢,宜蘭縣宜蘭市****,,
65,林岳賢,107年縣(市)議員選舉,首次申報,1071023,雜支支出,林記廣東粥,14892360,0.00,450.00,餐飲費用,金錢,宜蘭縣宜蘭市****,,
66,林岳賢,107年縣(市)議員選舉,首次申報,1071023,雜支支出,林記廣東粥,14892360,0.00,920.00,餐飲費用,金錢,宜蘭縣宜蘭市****,,
67,林岳賢,107年縣(市)議員選舉,首次申報,1071023,雜支支出,金禾堂文化事業股份有限公司,16665848,0.00,102.00,文具用品費用,金錢,宜蘭縣宜蘭市****,,
68,林岳賢,107年縣(市)議員選舉,首次申報,1071023,雜支支出,原味香臘味店,17933603,0.00,310.00,餐飲費用,金錢,宜蘭縣宜蘭市****,,
69,林岳賢,107年縣(市)議員選舉,首次申報,1071023,雜支支出,慈恩素食館,26784007,0.00,420.00,餐飲費用,金錢,宜蘭縣宜蘭市****,,
70,林岳賢,107年縣(市)議員選舉,首次申報,1071023,雜支支出,食尚丸家商行,31732022,0.00,175.00,餐飲費用,金錢,宜蘭縣宜蘭市****,,
71,林岳賢,107年縣(市)議員選舉,首次申報,1071023,雜支支出,台灣中油,40021918,0.00,120.00,汽機車燃料費用,金錢,宜蘭縣宜蘭市****,,
72,林岳賢,107年縣(市)議員選舉,首次申報,1071023,雜支支出,7-11便利商店,53013807,0.00,40.00,文具用品,金錢,宜蘭縣宜蘭市****,,
73,林岳賢,107年縣(市)議員選舉,首次申報,1071023,雜支支出,光男大批發,53078147,0.00,120.00,雜項購置或修繕費用,金錢,宜蘭縣宜蘭市****,,
74,林岳賢,107年縣(市)議員選舉,首次申報,1071024,宣傳支出,巧品屋,02383947,0.00,15750.00,製作宣傳廣告支出,金錢,宜蘭縣宜蘭市****,,
75,林岳賢,107年縣(市)議員選舉,首次申報,1071024,雜支支出,瑋凱商行,09753846,0.00,150.00,雜項購置或修繕費用,金錢,宜蘭縣宜蘭市****,,
76,林岳賢,107年縣(市)議員選舉,首次申報,1071024,雜支支出,麗昌電料有限公司,23703100,0.00,20.00,雜項購置或修繕費用,金錢,宜蘭縣宜蘭市****,,
77,林岳賢,107年縣(市)議員選舉,首次申報,1071024,雜支支出,宜大生活百貨,37838515,0.00,30.00,文具用品費用,金錢,宜蘭縣宜蘭市****,,
78,林岳賢,107年縣(市)議員選舉,首次申報,1071024,雜支支出,新可口飲食店,40635731,0.00,1725.00,餐飲費用,金錢,宜蘭縣宜蘭市****,,
79,林岳賢,107年縣(市)議員選舉,首次申報,1071024,雜支支出,五味香鹹水鴨園,40648047,0.00,750.00,餐飲費用,金錢,宜蘭縣宜蘭市****,,
80,林岳賢,107年縣(市)議員選舉,首次申報,1071024,雜支支出,大學園日式烏龍麵,40969455,0.00,1240.00,餐飲費用,金錢,宜蘭縣宜蘭市****,,
81,林岳賢,107年縣(市)議員選舉,首次申報,1071024,雜支支出,復興老圓環小吃部,72630169,0.00,210.00,餐飲費用,金錢,宜蘭縣宜蘭市****,,
82,林岳賢,107年縣(市)議員選舉,首次申報,1071024,雜支支出,悅園花坊,77021382,0.00,250.00,雜項購置或修繕費用,金錢,宜蘭縣宜蘭市****,,
83,林岳賢,107年縣(市)議員選舉,首次申報,1071025,雜支支出,中華電信股份有限公司,19562254,0.00,2147.00,電信費用,金錢,宜蘭縣宜蘭市****,,
84,林岳賢,107年縣(市)議員選舉,首次申報,1071025,雜支支出,宜大事業股份有限公司,25184259,0.00,176.00,文具用品費用,金錢,宜蘭縣宜蘭市****,,
85,林岳賢,107年縣(市)議員選舉,首次申報,1071025,雜支支出,慈恩素食館,26784007,0.00,1100.00,餐飲費用,金錢,宜蘭縣宜蘭市****,,
86,林岳賢,107年縣(市)議員選舉,首次申報,1071025,雜支支出,古一味蝦捲店,70928360,0.00,1500.00,餐飲費用,金錢,宜蘭縣宜蘭市****,,
87,林岳賢,107年縣(市)議員選舉,首次申報,1071025,雜支支出,富士瓏光電科技企業社,72628184,0.00,1125.00,雜項購置或修繕費用,金錢,宜蘭縣宜蘭市****,,
88,林岳賢,107年縣(市)議員選舉,首次申報,1071025,宣傳支出,火車頭影印店,99832940,0.00,28300.00,製作宣傳廣告支出,金錢,宜蘭縣宜蘭市****,,
89,林岳賢,107年縣(市)議員選舉,首次申報,1071026,雜支支出,慈恩素食館,26784007,0.00,150.00,餐飲費用,金錢,宜蘭縣宜蘭市****,,
90,林岳賢,107年縣(市)議員選舉,首次申報,1071026,雜支支出,皇品餐飲,70922393,0.00,1750.00,餐飲費用,金錢,宜蘭縣宜蘭市****,,
91,林岳賢,107年縣(市)議員選舉,首次申報,1071026,雜支支出,楊家肉羹,77034534,0.00,1350.00,餐飲費用,金錢,宜蘭縣宜蘭市****,,
92,林岳賢,107年縣(市)議員選舉,首次申報,1071026,雜支支出,產惠水果行,99495588,0.00,110.00,餐飲費用,金錢,宜蘭縣宜蘭市****,,
93,林岳賢,107年縣(市)議員選舉,首次申報,1071027,雜支支出,林記廣東粥,14892360,0.00,1400.00,餐飲費用,金錢,宜蘭縣宜蘭市****,,
94,林岳賢,107年縣(市)議員選舉,首次申報,1071027,雜支支出,金禾堂文化事業股份有限公司,16665848,0.00,207.00,文具用品費用,金錢,宜蘭縣宜蘭市****,,
95,林岳賢,107年縣(市)議員選舉,首次申報,1071027,雜支支出,九九九商行,31736673,0.00,666.00,雜項購置或修繕費用,金錢,宜蘭縣宜蘭市****,,
96,林岳賢,107年縣(市)議員選舉,首次申報,1071027,雜支支出,財神商店,40541185,0.00,2550.00,雜項購置或修繕費用,金錢,宜蘭縣宜蘭市****,,
97,林岳賢,107年縣(市)議員選舉,首次申報,1071027,雜支支出,先鋒行,40569211,0.00,280.00,雜項購置或修繕費用,金錢,宜蘭縣宜蘭市****,,
98,林岳賢,107年縣(市)議員選舉,首次申報,1071027,雜支支出,先鋒行,40569211,0.00,30.00,雜項購置或修繕費用,金錢,宜蘭縣宜蘭市****,,
99,林岳賢,107年縣(市)議員選舉,首次申報,1071027,雜支支出,黃老爹伙房企業社,50679119,0.00,2015.00,餐飲費用,金錢,宜蘭縣宜蘭市****,,
100,林岳賢,107年縣(市)議員選舉,首次申報,1071027,雜支支出,富士瓏光電科技企業社,72628184,0.00,680.00,雜項購置或修繕費用,金錢,宜蘭縣宜蘭市****,,
101,林岳賢,107年縣(市)議員選舉,首次申報,1071027,雜支支出,喜互惠股份有限公司,92934106,0.00,298.00,雜項購置或修繕費用,金錢,宜蘭縣宜蘭市****,,
102,林岳賢,107年縣(市)議員選舉,首次申報,1071027,雜支支出,喜互惠股份有限公司,92934106,0.00,149.00,雜項購置或修繕費用,金錢,宜蘭縣宜蘭市****,,
103,林岳賢,107年縣(市)議員選舉,首次申報,1071028,雜支支出,魔術廚房食坊,49941628,0.00,1100.00,餐飲費用,金錢,宜蘭縣宜蘭市****,,
104,林岳賢,107年縣(市)議員選舉,首次申報,1071028,雜支支出,皇品餐飲,70922393,0.00,1280.00,餐飲費用,金錢,宜蘭縣宜蘭市****,,
105,林岳賢,107年縣(市)議員選舉,首次申報,1071029,雜支支出,田園鴨莊,10098994,0.00,420.00,餐飲費用,金錢,宜蘭縣宜蘭市****,,
106,林岳賢,107年縣(市)議員選舉,首次申報,1071029,雜支支出,文化花苑,13665937,0.00,1400.00,雜項購置或修繕費用,金錢,宜蘭縣宜蘭市****,,
107,林岳賢,107年縣(市)議員選舉,首次申報,1071029,雜支支出,慈恩素食館,26784007,0.00,300.00,餐飲費用,金錢,宜蘭縣宜蘭市****,,
108,林岳賢,107年縣(市)議員選舉,首次申報,1071029,雜支支出,每日香自助餐,41195660,0.00,1400.00,餐飲費用,金錢,宜蘭縣宜蘭市****,,
109,林岳賢,107年縣(市)議員選舉,首次申報,1071029,雜支支出,高農鴨莊,92916711,0.00,1456.00,餐飲費用,金錢,宜蘭縣宜蘭市****,,
110,林岳賢,107年縣(市)議員選舉,首次申報,1071030,集會支出,漢記自助餐,02416258,0.00,1500.00,餐飲支出,金錢,宜蘭縣宜蘭市****,,
111,林岳賢,107年縣(市)議員選舉,首次申報,1071030,雜支支出,文化花苑,13665937,0.00,100.00,雜項購置或修繕費用,金錢,宜蘭縣宜蘭市****,,
112,林岳賢,107年縣(市)議員選舉,首次申報,1071030,交通旅運支出,上德加油站,16332032,0.00,750.00,油資,金錢,宜蘭縣宜蘭市****,,
113,林岳賢,107年縣(市)議員選舉,首次申報,1071030,交通旅運支出,新興加油站,23833053,0.00,98.00,油資,金錢,宜蘭縣宜蘭市****,,
114,林岳賢,107年縣(市)議員選舉,首次申報,1071030,集會支出,大學園日式烏龍面,40969455,0.00,1200.00,餐飲支出,金錢,宜蘭縣宜蘭市****,,
115,林岳賢,107年縣(市)議員選舉,首次申報,1071031,集會支出,順利水果行,09994009,0.00,900.00,餐飲支出,金錢,宜蘭縣宜蘭市****,,
116,林岳賢,107年縣(市)議員選舉,首次申報,1071031,集會支出,御品福隆便當,17936708,0.00,1600.00,餐飲支出,金錢,宜蘭縣宜蘭市****,,
117,林岳賢,107年縣(市)議員選舉,首次申報,1071031,雜支支出,慈恩素食館,26784007,0.00,480.00,餐飲費用,金錢,宜蘭縣宜蘭市****,,
118,林岳賢,107年縣(市)議員選舉,首次申報,1071031,雜支支出,政順企業社,39972328,0.00,1000.00,文具用品費用,金錢,宜蘭縣礁溪鄉****,,
119,林岳賢,107年縣(市)議員選舉,首次申報,1071031,交通旅運支出,台灣中油股份有限公司,40020690,0.00,740.00,油資,金錢,宜蘭縣宜蘭市****,,
120,林岳賢,107年縣(市)議員選舉,首次申報,1071031,雜支支出,榮芳號,40629409,0.00,800.00,雜項購置或修繕費用,金錢,宜蘭縣宜蘭市****,,
121,林岳賢,107年縣(市)議員選舉,首次申報,1071031,雜支支出,悅園花坊,77021382,0.00,250.00,雜項購置或修繕費用,金錢,宜蘭縣宜蘭市****,,
122,林岳賢,107年縣(市)議員選舉,首次申報,1071031,雜支支出,楊家肉羮,77034534,0.00,810.00,餐飲費用,金錢,宜蘭縣宜蘭市****,,
123,林岳賢,107年縣(市)議員選舉,首次申報,1071101,雜支支出,文化花苑,13665937,0.00,50.00,雜項購置或修繕費用,金錢,宜蘭縣宜蘭市****,,
124,林岳賢,107年縣(市)議員選舉,首次申報,1071101,雜支支出,文化花苑,13665937,0.00,150.00,雜項購置或修繕費用,金錢,宜蘭縣宜蘭市****,,
125,林岳賢,107年縣(市)議員選舉,首次申報,1071101,雜支支出,林記廣東粥,14892360,0.00,2475.00,餐飲費用,金錢,宜蘭縣宜蘭市****,,
126,林岳賢,107年縣(市)議員選舉,首次申報,1071101,租用宣傳車輛支出,柏欽汽車企業社,14894509,0.00,2000.00,維修宣傳車輛支出,金錢,宜蘭縣宜蘭市****,,
127,林岳賢,107年縣(市)議員選舉,首次申報,1071101,雜支支出,金禾堂文化事業股份有限公司,16665848,0.00,153.00,文具用品費用,金錢,宜蘭縣宜蘭市****,,
128,林岳賢,107年縣(市)議員選舉,首次申報,1071101,雜支支出,宜大事業股份有限公司,25184259,0.00,10.00,文具用品費用,金錢,宜蘭縣宜蘭市****,,
129,林岳賢,107年縣(市)議員選舉,首次申報,1071101,雜支支出,慈恩素食館,26784007,0.00,505.00,餐飲費用,金錢,宜蘭縣宜蘭市****,,
130,林岳賢,107年縣(市)議員選舉,首次申報,1071101,雜支支出,富士瓏光電科技企業社,72628184,0.00,240.00,雜項購置或修繕費用,金錢,宜蘭縣宜蘭市****,,
131,林岳賢,107年縣(市)議員選舉,首次申報,1071101,雜支支出,喜互惠股份有限公司,92934106,0.00,109.00,雜項購置或修繕費用,金錢,宜蘭縣宜蘭市****,,
132,林岳賢,107年縣(市)議員選舉,首次申報,1071101,雜支支出,東東香飲食店,98073792,0.00,1500.00,餐飲費用,金錢,宜蘭縣宜蘭市****,,
133,林岳賢,107年縣(市)議員選舉,首次申報,1071102,雜支支出,吉利小吃部,02396078,0.00,2250.00,餐飲費用,金錢,宜蘭縣宜蘭市****,,
134,林岳賢,107年縣(市)議員選舉,首次申報,1071102,雜支支出,文化花苑,13665937,0.00,50.00,雜項購置或修繕費用,金錢,宜蘭縣宜蘭市****,,
135,林岳賢,107年縣(市)議員選舉,首次申報,1071102,雜支支出,新生煤氣行,40266461,0.00,1580.00,水電瓦斯費用,金錢,宜蘭縣宜蘭市****,,
136,林岳賢,107年縣(市)議員選舉,首次申報,1071102,雜支支出,新生煤氣行,40266461,0.00,1580.00,餐飲費用,金錢,宜蘭縣宜蘭市****,,
137,林岳賢,107年縣(市)議員選舉,首次申報,1071102,雜支支出,新生煤氣行,40266461,0.00,790.00,水電瓦斯費用,金錢,宜蘭縣宜蘭市****,,
138,林岳賢,107年縣(市)議員選舉,首次申報,1071102,雜支支出,皇品餐飲,70922393,0.00,1920.00,餐飲費用,金錢,宜蘭縣宜蘭市****,,
139,林岳賢,107年縣(市)議員選舉,首次申報,1071102,雜支支出,蘭語圖書攝,70922730,0.00,380.00,文具用品費用,金錢,宜蘭縣宜蘭市****,,
140,林岳賢,107年縣(市)議員選舉,首次申報,1071102,雜支支出,味佳香烤鴨店,99222412,0.00,630.00,餐飲費用,金錢,宜蘭縣宜蘭市****,,
141,林岳賢,107年縣(市)議員選舉,首次申報,1071103,雜支支出,漢記自助餐,02416258,0.00,2250.00,餐飲費用,金錢,宜蘭縣宜蘭市****,,
142,林岳賢,107年縣(市)議員選舉,首次申報,1071103,雜支支出,長鴻企業社,49997100,0.00,140.00,雜項購置或修繕費用,金錢,宜蘭縣宜蘭市****,,
143,林岳賢,107年縣(市)議員選舉,首次申報,1071103,雜支支出,古一味蝦捲店,70928360,0.00,2100.00,餐飲費用,金錢,宜蘭縣宜蘭市****,,
144,林岳賢,107年縣(市)議員選舉,首次申報,1071104,雜支支出,文化花苑,13665937,0.00,100.00,雜項購置或修繕費用,金錢,宜蘭縣宜蘭市****,,
145,林岳賢,107年縣(市)議員選舉,首次申報,1071104,雜支支出,詩情花意館,13670559,0.00,50.00,雜項購置或修繕費用,金錢,宜蘭縣宜蘭市****,,
146,林岳賢,107年縣(市)議員選舉,首次申報,1071104,雜支支出,榮芳號,40629409,0.00,1800.00,雜項購置或修繕費用,金錢,宜蘭縣宜蘭市****,,
147,林岳賢,107年縣(市)議員選舉,首次申報,1071104,雜支支出,皇品餐飲,70922393,0.00,1995.00,餐飲費用,金錢,宜蘭縣宜蘭市****,,
148,林岳賢,107年縣(市)議員選舉,首次申報,1071104,雜支支出,郭鍋牛肉麵,70928376,0.00,520.00,餐飲費用,金錢,宜蘭縣宜蘭市****,,
149,林岳賢,107年縣(市)議員選舉,首次申報,1071104,雜支支出,復興老圓環小吃部,72630169,0.00,560.00,餐飲費用,金錢,宜蘭縣宜蘭市****,,
150,林岳賢,107年縣(市)議員選舉,首次申報,1071104,雜支支出,楊家肉羹,77034534,0.00,1125.00,餐飲費用,金錢,宜蘭縣宜蘭市****,,
151,林岳賢,107年縣(市)議員選舉,首次申報,1071105,雜支支出,兌震企業,10669488,0.00,600.00,雜項購置或修繕費用,金錢,宜蘭縣宜蘭市****,,
152,林岳賢,107年縣(市)議員選舉,首次申報,1071105,雜支支出,文化花苑,13665937,0.00,1850.00,雜項購置或修繕費用,金錢,宜蘭縣宜蘭市****,,
153,林岳賢,107年縣(市)議員選舉,首次申報,1071105,雜支支出,新興加油站,23833053,0.00,662.00,汽機車燃料費用,金錢,宜蘭縣宜蘭市****,,
154,林岳賢,107年縣(市)議員選舉,首次申報,1071105,雜支支出,宜大事業股份有限公司,25184259,0.00,90.00,文具用品費用,金錢,宜蘭縣宜蘭市****,,
155,林岳賢,107年縣(市)議員選舉,首次申報,1071105,雜支支出,自由時報,26569020,0.00,3600.00,書報雜誌費用,金錢,宜蘭縣宜蘭市****,,
156,林岳賢,107年縣(市)議員選舉,首次申報,1071105,雜支支出,品粥到廣東粥,49801669,0.00,1730.00,餐飲費用,金錢,宜蘭縣宜蘭市****,,
157,林岳賢,107年縣(市)議員選舉,首次申報,1071105,雜支支出,光南大批發,53078147,0.00,438.00,雜項購置或修繕費用,金錢,宜蘭縣宜蘭市****,,
158,林岳賢,107年縣(市)議員選舉,首次申報,1071105,雜支支出,東東香飲食店,98073792,0.00,2240.00,餐飲費用,金錢,宜蘭縣宜蘭市****,,
159,林岳賢,107年縣(市)議員選舉,首次申報,1071106,雜支支出,順利水果行,09994009,0.00,600.00,餐飲費用,金錢,宜蘭縣宜蘭市****,,
160,林岳賢,107年縣(市)議員選舉,首次申報,1071106,雜支支出,文化花苑,13665937,0.00,700.00,雜項購置或修繕費用,金錢,宜蘭縣宜蘭市****,,
161,林岳賢,107年縣(市)議員選舉,首次申報,1071106,雜支支出,御粥鄉廣東粥,29287051,0.00,1820.00,餐飲費用,金錢,宜蘭縣宜蘭市****,,
162,林岳賢,107年縣(市)議員選舉,首次申報,1071106,雜支支出,皇品餐飲,70922393,0.00,2040.00,餐飲費用,金錢,宜蘭縣宜蘭市****,,
163,林岳賢,107年縣(市)議員選舉,首次申報,1071106,雜支支出,長生堂蔘藥號,98078190,0.00,340.00,餐飲費用,金錢,宜蘭縣宜蘭市****,,
164,林岳賢,107年縣(市)議員選舉,首次申報,1071107,雜支支出,仁德企業社,,0.00,230.00,餐飲費用,金錢,宜蘭縣宜蘭市****,,
165,林岳賢,107年縣(市)議員選舉,首次申報,1071107,雜支支出,如意行,02387036,0.00,1520.00,餐飲費用,金錢,宜蘭縣宜蘭市****,,
166,林岳賢,107年縣(市)議員選舉,首次申報,1071107,雜支支出,文化花苑,13665937,0.00,50.00,雜項購置或修繕費用,金錢,宜蘭縣宜蘭市****,,
167,林岳賢,107年縣(市)議員選舉,首次申報,1071107,雜支支出,新興加油站,23833053,0.00,500.00,汽機車燃料費用,金錢,宜蘭縣宜蘭市****,,
168,林岳賢,107年縣(市)議員選舉,首次申報,1071107,雜支支出,喜互惠股份有限公司,92934106,0.00,228.00,雜項購置或修繕費用,金錢,宜蘭縣宜蘭市****,,
169,林岳賢,107年縣(市)議員選舉,首次申報,1071108,雜支支出,如意行,02387036,0.00,300.00,餐飲費用,金錢,宜蘭縣宜蘭市****,,
170,林岳賢,107年縣(市)議員選舉,首次申報,1071108,雜支支出,建祥衛生材料行,02393776,0.00,260.00,雜項購置或修繕費用,金錢,宜蘭縣宜蘭市****,,
171,林岳賢,107年縣(市)議員選舉,首次申報,1071108,宣傳支出,瑋凱商行,09753846,0.00,300.00,製作宣傳廣告支出,金錢,宜蘭縣宜蘭市****,,
172,林岳賢,107年縣(市)議員選舉,首次申報,1071108,雜支支出,原味香臘味店,17933603,0.00,335.00,餐飲費用,金錢,宜蘭縣宜蘭市****,,
173,林岳賢,107年縣(市)議員選舉,首次申報,1071108,雜支支出,中華電信,19562254,0.00,1000.00,電信費用,金錢,宜蘭縣宜蘭市****,,
174,林岳賢,107年縣(市)議員選舉,首次申報,1071108,雜支支出,中華電信,19562254,0.00,6000.00,電信費用,金錢,宜蘭縣宜蘭市****,,
175,林岳賢,107年縣(市)議員選舉,首次申報,1071108,雜支支出,食尚丸家商行,31732022,0.00,230.00,餐飲費用,金錢,宜蘭縣宜蘭市****,,
176,林岳賢,107年縣(市)議員選舉,首次申報,1071108,雜支支出,五味香鹹水鴨園,40648047,0.00,650.00,餐飲費用,金錢,宜蘭縣宜蘭市****,,
177,林岳賢,107年縣(市)議員選舉,首次申報,1071109,雜支支出,金安記商行,14894228,0.00,1560.00,餐飲費用,金錢,宜蘭縣宜蘭市****,,
178,林岳賢,107年縣(市)議員選舉,首次申報,1071109,雜支支出,中華電信股份有限公司,19562254,0.00,3088.00,電信費用,金錢,宜蘭縣宜蘭市****,,
179,林岳賢,107年縣(市)議員選舉,首次申報,1071109,雜支支出,新興加油站,23833053,0.00,721.00,汽機車燃料費用,金錢,宜蘭縣宜蘭市****,,
180,林岳賢,107年縣(市)議員選舉,首次申報,1071109,雜支支出,慈恩素食館,26784007,0.00,50.00,餐飲費用,金錢,宜蘭縣宜蘭市****,,
181,林岳賢,107年縣(市)議員選舉,首次申報,1071109,雜支支出,財神商行,40541185,0.00,6620.00,雜項購置或修繕費用,金錢,宜蘭縣宜蘭市****,,
182,林岳賢,107年縣(市)議員選舉,首次申報,1071109,雜支支出,大雅書局,70919989,0.00,50.00,文具用品費用,金錢,宜蘭縣宜蘭市****,,
183,林岳賢,107年縣(市)議員選舉,首次申報,1071109,雜支支出,喜互惠股份有限公司,92934106,0.00,149.00,雜項購置或修繕費用,金錢,宜蘭縣宜蘭市****,,
184,林岳賢,107年縣(市)議員選舉,首次申報,1071110,雜支支出,日順蛋行,09713303,0.00,800.00,餐飲費用,金錢,宜蘭縣員山鄉****,,
185,林岳賢,107年縣(市)議員選舉,首次申報,1071110,雜支支出,文化花苑,13665937,0.00,100.00,雜項購置或修繕費用,金錢,宜蘭縣宜蘭市****,,
186,林岳賢,107年縣(市)議員選舉,首次申報,1071110,雜支支出,九一八商行,39956354,0.00,597.00,雜項購置或修繕費用,金錢,宜蘭縣宜蘭市****,,
187,林岳賢,107年縣(市)議員選舉,首次申報,1071110,雜支支出,台灣中油,40020690,0.00,150.00,汽機車燃料費用,金錢,宜蘭縣員山鄉****,,
188,林岳賢,107年縣(市)議員選舉,首次申報,1071110,雜支支出,金義合,40132409,0.00,200.00,雜項購置或修繕費用,金錢,宜蘭縣宜蘭市****,,
189,林岳賢,107年縣(市)議員選舉,首次申報,1071110,宣傳支出,夏威夷唱片行,40558832,0.00,800.00,播送、傳送或刊登宣傳廣告支出,金錢,宜蘭縣宜蘭市****,,
190,林岳賢,107年縣(市)議員選舉,首次申報,1071110,雜支支出,悅園花坊,77021382,0.00,250.00,雜項購置或修繕費用,金錢,宜蘭縣宜蘭市****,,
191,林岳賢,107年縣(市)議員選舉,首次申報,1071111,雜支支出,同樂加油站,09698767,0.00,325.00,汽機車燃料費用,金錢,宜蘭縣員山鄉****,,
192,林岳賢,107年縣(市)議員選舉,首次申報,1071111,雜支支出,新興加油站,23833053,0.00,668.00,汽機車燃料費用,金錢,宜蘭縣宜蘭市****,,
193,林岳賢,107年縣(市)議員選舉,首次申報,1071112,雜支支出,如意行,02387036,0.00,2120.00,雜項購置或修繕費用,金錢,宜蘭縣宜蘭市****,,
194,林岳賢,107年縣(市)議員選舉,首次申報,1071112,雜支支出,建成五金行,09869059,0.00,640.00,雜項購置或修繕費用,金錢,宜蘭縣宜蘭市****,,
195,林岳賢,107年縣(市)議員選舉,首次申報,1071112,雜支支出,文化花苑,13665937,0.00,50.00,雜項購置或修繕費用,金錢,宜蘭縣宜蘭市****,,
196,林岳賢,107年縣(市)議員選舉,首次申報,1071112,雜支支出,金禾堂文化事業股份有限公司,16665848,0.00,508.00,文具用品費用,金錢,宜蘭縣宜蘭市****,,
197,林岳賢,107年縣(市)議員選舉,首次申報,1071112,雜支支出,全家便利商店,51825300,0.00,45.00,雜項購置或修繕費用,金錢,宜蘭縣宜蘭市****,,
198,林岳賢,107年縣(市)議員選舉,首次申報,1071112,雜支支出,互動鏈股份有限公司,88626738,0.00,65.00,雜項購置或修繕費用,金錢,宜蘭縣宜蘭市****,,
199,林岳賢,107年縣(市)議員選舉,首次申報,1071112,雜支支出,尊將股份有限公司,97372131,0.00,100.00,汽機車燃料費用,金錢,宜蘭縣宜蘭市****,,
200,林岳賢,107年縣(市)議員選舉,首次申報,1071113,雜支支出,日順蛋行,09713303,0.00,1280.00,餐飲費用,金錢,宜蘭縣員山鄉****,,
201,林岳賢,107年縣(市)議員選舉,首次申報,1071113,雜支支出,建成五金行,09869059,0.00,450.00,雜項購置或修繕費用,金錢,宜蘭縣宜蘭市****,,
202,林岳賢,107年縣(市)議員選舉,首次申報,1071113,雜支支出,金禾堂文化事業股份有限公司,16665848,0.00,68.00,文具用品費用,金錢,宜蘭縣宜蘭市****,,
203,林岳賢,107年縣(市)議員選舉,首次申報,1071113,雜支支出,禾昌布莊,37839633,0.00,200.00,雜項購置或修繕費用,金錢,宜蘭縣宜蘭市****,,
204,林岳賢,107年縣(市)議員選舉,首次申報,1071113,雜支支出,台灣中油,40020690,0.00,92.00,汽機車燃料費用,金錢,宜蘭縣員山鄉****,,
205,林岳賢,107年縣(市)議員選舉,首次申報,1071113,雜支支出,台灣中油,40021918,0.00,150.00,汽機車燃料費用,金錢,宜蘭縣宜蘭市****,,
206,林岳賢,107年縣(市)議員選舉,首次申報,1071113,雜支支出,美羅電料有限公司,40542781,0.00,524.00,雜項購置或修繕費用,金錢,宜蘭縣宜蘭市****,,
207,林岳賢,107年縣(市)議員選舉,首次申報,1071113,宣傳支出,先鋒行,40569211,0.00,5200.00,播送、傳送或刊登宣傳廣告支出,金錢,宜蘭縣宜蘭市****,,
208,林岳賢,107年縣(市)議員選舉,首次申報,1071113,雜支支出,光南大批發,53078147,0.00,378.00,雜項購置或修繕費用,金錢,宜蘭縣宜蘭市****,,
209,林岳賢,107年縣(市)議員選舉,首次申報,1071113,雜支支出,尊將股份有限公司,97372131,0.00,100.00,汽機車燃料費用,金錢,宜蘭縣宜蘭市****,,
210,林岳賢,107年縣(市)議員選舉,首次申報,1071113,宣傳支出,宜蘭郵局,98282828,0.00,14277.00,郵寄競選物品或宣傳廣告支出,金錢,宜蘭縣宜蘭市****,,
211,林岳賢,107年縣(市)議員選舉,首次申報,1071114,雜支支出,如意行,02387036,0.00,10.00,餐飲費用,金錢,宜蘭縣宜蘭市****,,
212,林岳賢,107年縣(市)議員選舉,首次申報,1071114,雜支支出,建成五金行,09869059,0.00,970.00,雜項購置或修繕費用,金錢,宜蘭縣宜蘭市****,,
213,林岳賢,107年縣(市)議員選舉,首次申報,1071114,宣傳支出,貝奇達攝影,30341841,0.00,10000.00,製作競選物品支出（物品名稱-活動記錄）,金錢,宜蘭縣五結鄉****,,
214,林岳賢,107年縣(市)議員選舉,首次申報,1071114,雜支支出,蘭語圖書社,70922730,0.00,258.00,文具用品費用,金錢,宜蘭縣宜蘭市****,,
215,林岳賢,107年縣(市)議員選舉,首次申報,1071114,雜支支出,福泰食品企業社,72814624,0.00,2325.00,餐飲費用,金錢,宜蘭縣宜蘭市****,,
216,林岳賢,107年縣(市)議員選舉,首次申報,1071114,雜支支出,喜互惠股份有限公司,92934106,0.00,234.00,雜項購置或修繕費用,金錢,宜蘭縣宜蘭市****,,
217,林岳賢,107年縣(市)議員選舉,首次申報,1071114,雜支支出,喜互惠股份有限公司,92934106,0.00,60.00,雜項購置或修繕費用,金錢,宜蘭縣宜蘭市****,,
218,林岳賢,107年縣(市)議員選舉,首次申報,1071115,租用宣傳車輛支出,同樂加油站,09698767,0.00,110.00,宣傳車輛燃料支出,金錢,宜蘭縣員山鄉****,,
219,林岳賢,107年縣(市)議員選舉,首次申報,1071115,雜支支出,文化花苑,13665937,0.00,50.00,雜項購置或修繕費用,金錢,宜蘭縣宜蘭市****,,
220,林岳賢,107年縣(市)議員選舉,首次申報,1071115,雜支支出,文化花苑,13665937,0.00,50.00,雜項購置或修繕費用,金錢,宜蘭縣宜蘭市****,,
221,林岳賢,107年縣(市)議員選舉,首次申報,1071115,租用宣傳車輛支出,上德加油站,16332032,0.00,657.00,宣傳車輛燃料支出,金錢,宜蘭縣宜蘭市****,,
222,林岳賢,107年縣(市)議員選舉,首次申報,1071115,雜支支出,金禾堂文化事業股份有限公司,16665848,0.00,68.00,文具用品費用,金錢,宜蘭縣宜蘭市****,,
223,林岳賢,107年縣(市)議員選舉,首次申報,1071115,租用宣傳車輛支出,台灣中油,40020690,0.00,600.00,宣傳車輛燃料支出,金錢,宜蘭縣員山鄉****,,
224,林岳賢,107年縣(市)議員選舉,首次申報,1071115,雜支支出,老藤冷凍食品商行,70922099,0.00,1680.00,餐飲費用,金錢,宜蘭縣員山鄉****,,
225,林岳賢,107年縣(市)議員選舉,首次申報,1071115,雜支支出,福泰食品企業社,72814624,0.00,1500.00,餐飲費用,金錢,宜蘭縣宜蘭市****,,
226,林岳賢,107年縣(市)議員選舉,首次申報,1071115,雜支支出,喜互惠股份有限公司,92934106,0.00,85.00,雜項購置或修繕費用,金錢,宜蘭縣宜蘭市****,,
227,林岳賢,107年縣(市)議員選舉,首次申報,1071115,租用宣傳車輛支出,尊將股份有限公司,97372131,0.00,100.00,宣傳車輛燃料支出,金錢,宜蘭縣宜蘭市****,,
228,林岳賢,107年縣(市)議員選舉,首次申報,1071116,雜支支出,如意行,02387036,0.00,870.00,餐飲費用,金錢,宜蘭縣宜蘭市****,,
229,林岳賢,107年縣(市)議員選舉,首次申報,1071116,雜支支出,日順蛋行,09713303,0.00,800.00,餐飲費用,金錢,宜蘭縣員山鄉****,,
230,林岳賢,107年縣(市)議員選舉,首次申報,1071116,雜支支出,文化花苑,13665937,0.00,50.00,雜項購置或修繕費用,金錢,宜蘭縣宜蘭市****,,
231,林岳賢,107年縣(市)議員選舉,首次申報,1071116,雜支支出,文化花苑,13665937,0.00,50.00,雜項購置或修繕費用,金錢,宜蘭縣宜蘭市****,,
232,林岳賢,107年縣(市)議員選舉,首次申報,1071116,租用宣傳車輛支出,台灣中油,40021918,0.00,100.00,宣傳車輛燃料支出,金錢,宜蘭縣宜蘭市****,,
233,林岳賢,107年縣(市)議員選舉,首次申報,1071116,雜支支出,新生煤氣行,40266461,0.00,1580.00,水電瓦斯費用,金錢,宜蘭縣宜蘭市****,,
234,林岳賢,107年縣(市)議員選舉,首次申報,1071116,雜支支出,南興藥房,40641234,0.00,1455.00,雜項購置或修繕費用,金錢,宜蘭縣宜蘭市****,,
235,林岳賢,107年縣(市)議員選舉,首次申報,1071116,租用宣傳車輛支出,尊將股份有限公司,97372131,0.00,100.00,宣傳車輛燃料支出,金錢,宜蘭縣宜蘭市****,,
236,林岳賢,107年縣(市)議員選舉,首次申報,1071117,租用宣傳車輛支出,新興加油站,23833053,0.00,1709.00,宣傳車輛燃料支出,金錢,宜蘭縣宜蘭市****,,
237,林岳賢,107年縣(市)議員選舉,首次申報,1071117,雜支支出,慈恩素食館,26784007,0.00,80.00,餐飲費用,金錢,宜蘭縣宜蘭市****,,
238,林岳賢,107年縣(市)議員選舉,首次申報,1071117,租用宣傳車輛支出,台灣中油,40020690,0.00,750.00,宣傳車輛燃料支出,金錢,宜蘭縣員山鄉****,,
239,林岳賢,107年縣(市)議員選舉,首次申報,1071117,雜支支出,福泰食品企業社,72814624,0.00,1850.00,餐飲費用,金錢,宜蘭縣宜蘭市****,,
240,林岳賢,107年縣(市)議員選舉,首次申報,1071118,雜支支出,金安記商行,14894228,0.00,520.00,餐飲費用,金錢,宜蘭縣宜蘭市****,,
241,林岳賢,107年縣(市)議員選舉,首次申報,1071118,租用宣傳車輛支出,新興加油站,23833053,0.00,594.00,宣傳車輛燃料支出,金錢,宜蘭縣宜蘭市****,,
242,林岳賢,107年縣(市)議員選舉,首次申報,1071118,租用宣傳車輛支出,台灣中油,40021918,0.00,150.00,宣傳車輛燃料支出,金錢,宜蘭縣宜蘭市****,,
243,林岳賢,107年縣(市)議員選舉,首次申報,1071118,雜支支出,悅園花坊,77021382,0.00,250.00,雜項購置或修繕費用,金錢,宜蘭縣宜蘭市****,,
244,林岳賢,107年縣(市)議員選舉,首次申報,1071118,租用宣傳車輛支出,尊將股份有限公司,97372131,0.00,150.00,宣傳車輛燃料支出,金錢,宜蘭縣宜蘭市****,,
245,林岳賢,107年縣(市)議員選舉,首次申報,1071119,雜支支出,如意行,02387036,0.00,771.00,餐飲費用,金錢,宜蘭縣宜蘭市****,,
246,林岳賢,107年縣(市)議員選舉,首次申報,1071119,租用宣傳車輛支出,同樂加油站,09698767,0.00,110.00,宣傳車輛燃料支出,金錢,宜蘭縣員山鄉****,,
247,林岳賢,107年縣(市)議員選舉,首次申報,1071119,租用宣傳車輛支出,台灣中油,40020690,0.00,880.00,宣傳車輛燃料支出,金錢,宜蘭縣員山鄉****,,
248,林岳賢,107年縣(市)議員選舉,首次申報,1071119,雜支支出,新生煤氣行,40266461,0.00,1580.00,餐飲費用,金錢,宜蘭縣宜蘭市****,,
249,林岳賢,107年縣(市)議員選舉,首次申報,1071119,雜支支出,先鋒行,40569211,0.00,296.00,雜項購置或修繕費用,金錢,宜蘭縣宜蘭市****,,
250,林岳賢,107年縣(市)議員選舉,首次申報,1071119,雜支支出,榮芳號,40629409,0.00,1100.00,雜項購置或修繕費用,金錢,宜蘭縣宜蘭市****,,
251,林岳賢,107年縣(市)議員選舉,首次申報,1071119,租用宣傳車輛支出,尊將股份有限公司,97372131,0.00,120.00,宣傳車輛燃料支出,金錢,宜蘭縣宜蘭市****,,
252,林岳賢,107年縣(市)議員選舉,首次申報,1071119,人事費用支出,吳連財,G12*******,0.00,10000.00,工資或薪津,金錢,宜蘭縣宜蘭市****,,
253,林岳賢,107年縣(市)議員選舉,首次申報,1071119,人事費用支出,彭乾龍,G12*******,0.00,10000.00,工資或薪津,金錢,宜蘭縣宜蘭市****,,
254,林岳賢,107年縣(市)議員選舉,首次申報,1071119,人事費用支出,蔡柏樺,G12*******,0.00,7400.00,工資或薪津,金錢,宜蘭縣宜蘭市****,,
255,林岳賢,107年縣(市)議員選舉,首次申報,1071119,人事費用支出,張庭渲,G22*******,0.00,7400.00,工資或薪津,金錢,宜蘭縣羅東鎮****,,
256,林岳賢,107年縣(市)議員選舉,首次申報,1071119,人事費用支出,楊惠玲,G22*******,0.00,10000.00,工資或薪津,金錢,宜蘭縣冬山鄉****,,
257,林岳賢,107年縣(市)議員選舉,首次申報,1071120,雜支支出,日順蛋行,09713303,0.00,800.00,餐飲費用,金錢,宜蘭縣員山鄉****,,
258,林岳賢,107年縣(市)議員選舉,首次申報,1071120,租用宣傳車輛支出,台灣中油,40020690,0.00,1471.00,宣傳車輛燃料支出,金錢,宜蘭縣員山鄉****,,
259,林岳賢,107年縣(市)議員選舉,首次申報,1071120,租用宣傳車輛支出,台灣中油,40021918,0.00,1750.00,宣傳車輛燃料支出,金錢,宜蘭縣宜蘭市****,,
260,林岳賢,107年縣(市)議員選舉,首次申報,1071120,雜支支出,光南大批發,53078147,0.00,149.00,雜項購置或修繕費用,金錢,宜蘭縣宜蘭市****,,
261,林岳賢,107年縣(市)議員選舉,首次申報,1071120,雜支支出,屈臣氏,96975774,0.00,519.00,雜項購置或修繕費用,金錢,宜蘭縣宜蘭市****,,
262,林岳賢,107年縣(市)議員選舉,首次申報,1071120,租用宣傳車輛支出,尊將股份有限公司,97372131,0.00,100.00,宣傳車輛燃料支出,金錢,宜蘭縣宜蘭市****,,
263,林岳賢,107年縣(市)議員選舉,首次申報,1071120,宣傳支出,宜蘭郵局,98282828,0.00,3679.00,郵寄競選物品或宣傳廣告支出,金錢,宜蘭縣宜蘭市****,,
264,林岳賢,107年縣(市)議員選舉,首次申報,1071121,雜支支出,如意行,02387036,0.00,2250.00,餐飲費用,金錢,宜蘭縣宜蘭市****,,
265,林岳賢,107年縣(市)議員選舉,首次申報,1071121,雜支支出,日順蛋行,09713303,0.00,800.00,餐飲費用,金錢,宜蘭縣員山鄉****,,
266,林岳賢,107年縣(市)議員選舉,首次申報,1071121,宣傳支出,嗆斯廣告,13673752,0.00,19600.00,播送、傳送或刊登宣傳廣告支出,金錢,宜蘭縣宜蘭市****,,
267,林岳賢,107年縣(市)議員選舉,首次申報,1071121,雜支支出,金禾堂文化事業股份有限公司,16665848,0.00,456.00,文具用品費用,金錢,宜蘭縣宜蘭市****,,
268,林岳賢,107年縣(市)議員選舉,首次申報,1071121,雜支支出,億品農業資材行,26570390,0.00,1675.00,餐飲費用,金錢,宜蘭縣大同鄉****,,
269,林岳賢,107年縣(市)議員選舉,首次申報,1071121,雜支支出,家福股份有限公司,28970647,0.00,995.00,餐飲費用,金錢,宜蘭縣宜蘭市****,,
270,林岳賢,107年縣(市)議員選舉,首次申報,1071121,雜支支出,財神商行,40541185,0.00,3400.00,雜項購置或修繕費用,金錢,宜蘭縣宜蘭市****,,
271,林岳賢,107年縣(市)議員選舉,首次申報,1071121,雜支支出,福泰食品企業社,72814624,0.00,1300.00,餐飲費用,金錢,宜蘭縣宜蘭市****,,
272,林岳賢,107年縣(市)議員選舉,首次申報,1071122,雜支支出,如意行,02387036,0.00,200.00,餐飲費用,金錢,宜蘭縣宜蘭市****,,
273,林岳賢,107年縣(市)議員選舉,首次申報,1071122,雜支支出,文化花苑,13665937,0.00,50.00,雜項購置或修繕費用,金錢,宜蘭縣宜蘭市****,,
274,林岳賢,107年縣(市)議員選舉,首次申報,1071122,租用宣傳車輛支出,新興加油站,23833053,0.00,1202.00,宣傳車輛燃料支出,金錢,宜蘭縣宜蘭市****,,
275,林岳賢,107年縣(市)議員選舉,首次申報,1071122,租用宣傳車輛支出,台灣中油,40020690,0.00,810.00,宣傳車輛燃料支出,金錢,宜蘭縣員山鄉****,,
276,林岳賢,107年縣(市)議員選舉,首次申報,1071122,租用宣傳車輛支出,台灣中油,40021918,0.00,100.00,宣傳車輛燃料支出,金錢,宜蘭縣宜蘭市****,,
277,林岳賢,107年縣(市)議員選舉,首次申報,1071122,雜支支出,新生煤氣行,40266461,0.00,1580.00,水電瓦斯費用,金錢,宜蘭縣宜蘭市****,,
278,林岳賢,107年縣(市)議員選舉,首次申報,1071122,租用宣傳車輛支出,台灣中油,40565221,0.00,120.00,宣傳車輛燃料支出,金錢,宜蘭縣壯圍鄉****,,
279,林岳賢,107年縣(市)議員選舉,首次申報,1071122,雜支支出,今日臘味店,40634389,0.00,12790.00,餐飲費用,金錢,宜蘭縣宜蘭市****,,
280,林岳賢,107年縣(市)議員選舉,首次申報,1071122,雜支支出,五味香鹹水鴨園,40648047,0.00,4916.00,餐飲費用,金錢,宜蘭縣宜蘭市****,,
281,林岳賢,107年縣(市)議員選舉,首次申報,1071122,雜支支出,福泰食品企業社,72814624,0.00,2325.00,餐飲費用,金錢,宜蘭縣宜蘭市****,,
282,林岳賢,107年縣(市)議員選舉,首次申報,1071122,租用宣傳車輛支出,尊將股份有限公司,97372131,0.00,537.00,宣傳車輛燃料支出,金錢,宜蘭縣宜蘭市****,,
283,林岳賢,107年縣(市)議員選舉,首次申報,1071122,宣傳支出,宜蘭郵局,98282828,0.00,70.00,郵寄競選物品或宣傳廣告支出,金錢,宜蘭縣宜蘭市****,,
284,林岳賢,107年縣(市)議員選舉,首次申報,1071123,雜支支出,如意行,02387036,0.00,130.00,餐飲費用,金錢,宜蘭縣宜蘭市****,,
285,林岳賢,107年縣(市)議員選舉,首次申報,1071123,雜支支出,如意行,02387036,0.00,3000.00,雜項購置或修繕費用,金錢,宜蘭縣宜蘭市****,,
286,林岳賢,107年縣(市)議員選舉,首次申報,1071123,雜支支出,日順蛋行,09713303,0.00,800.00,餐飲費用,金錢,宜蘭縣員山鄉****,,
287,林岳賢,107年縣(市)議員選舉,首次申報,1071123,租用宣傳車輛支出,太山加油站,16272843,0.00,920.00,宣傳車輛燃料支出,金錢,宜蘭縣員山鄉****,,
288,林岳賢,107年縣(市)議員選舉,首次申報,1071123,雜支支出,金禾堂文化事業股份有限公司,16665848,0.00,44.00,文具用品費用,金錢,宜蘭縣宜蘭市****,,
289,林岳賢,107年縣(市)議員選舉,首次申報,1071123,雜支支出,金禾堂文化事業股份有限公司,16665848,0.00,264.00,文具用品費用,金錢,宜蘭縣宜蘭市****,,
290,林岳賢,107年縣(市)議員選舉,首次申報,1071123,租用宣傳車輛支出,新興加油站,23833053,0.00,734.00,宣傳車輛燃料支出,金錢,宜蘭縣宜蘭市****,,
291,林岳賢,107年縣(市)議員選舉,首次申報,1071123,雜支支出,阿麗包子專賣店,26568351,0.00,300.00,餐飲費用,金錢,宜蘭縣宜蘭市****,,
292,林岳賢,107年縣(市)議員選舉,首次申報,1071123,集會支出,慈恩素食館,26784007,0.00,8000.00,餐飲支出,金錢,宜蘭縣宜蘭市****,,
293,林岳賢,107年縣(市)議員選舉,首次申報,1071123,雜支支出,家樂福,28970647,0.00,995.00,雜項購置或修繕費用,金錢,宜蘭縣宜蘭市****,,
294,林岳賢,107年縣(市)議員選舉,首次申報,1071123,雜支支出,政順企業社,39972328,0.00,450.00,文具用品費用,金錢,宜蘭縣礁溪鄉****,,
295,林岳賢,107年縣(市)議員選舉,首次申報,1071123,租用宣傳車輛支出,台灣中油,40021918,0.00,100.00,宣傳車輛燃料支出,金錢,宜蘭縣宜蘭市****,,
296,林岳賢,107年縣(市)議員選舉,首次申報,1071123,租用宣傳車輛支出,台灣中油,40565221,0.00,150.00,宣傳車輛燃料支出,金錢,宜蘭縣壯圍鄉****,,
297,林岳賢,107年縣(市)議員選舉,首次申報,1071123,雜支支出,喜互惠股份有限公司,92934106,0.00,447.00,雜項購置或修繕費用,金錢,宜蘭縣宜蘭市****,,
298,林岳賢,107年縣(市)議員選舉,首次申報,1071123,人事費用支出,吳連財,G12*******,0.00,10000.00,工資或薪津,金錢,宜蘭縣宜蘭市****,,
299,林岳賢,107年縣(市)議員選舉,首次申報,1071123,人事費用支出,彭乾龍,G12*******,0.00,10000.00,工資或薪津,金錢,宜蘭縣宜蘭市****,,
300,林岳賢,107年縣(市)議員選舉,首次申報,1071123,人事費用支出,蔡柏樺,G12*******,0.00,10000.00,工資或薪津,金錢,宜蘭縣宜蘭市****,,
301,林岳賢,107年縣(市)議員選舉,首次申報,1071123,人事費用支出,張庭渲,G22*******,0.00,10000.00,工資或薪津,金錢,宜蘭縣羅東鎮****,,
302,林岳賢,107年縣(市)議員選舉,首次申報,1071123,人事費用支出,楊惠玲,G22*******,0.00,10000.00,工資或薪津,金錢,宜蘭縣冬山鄉****,,
303,林岳賢,107年縣(市)議員選舉,首次申報,1071124,雜支支出,漢記自助餐,02416258,0.00,1125.00,餐飲費用,金錢,宜蘭縣宜蘭市****,,
304,林岳賢,107年縣(市)議員選舉,首次申報,1071124,雜支支出,喜互惠股份有限公司,92934106,0.00,679.00,雜項購置或修繕費用,金錢,宜蘭縣宜蘭市****,,
305,林岳賢,107年縣(市)議員選舉,首次申報,1071124,人事費用支出,童至平,G12*******,0.00,16500.00,工資或薪津,金錢,宜蘭縣宜蘭市****,,
306,林岳賢,107年縣(市)議員選舉,首次申報,1071124,人事費用支出,呂鳳山,G12*******,0.00,16500.00,工資或薪津,金錢,宜蘭縣宜蘭市****,,
307,林岳賢,107年縣(市)議員選舉,首次申報,1071124,人事費用支出,李惠玲,G22*******,0.00,16500.00,工資或薪津,金錢,宜蘭縣壯圍鄉****,,
308,林岳賢,107年縣(市)議員選舉,首次申報,1071124,人事費用支出,吳季紜,G22*******,0.00,16500.00,工資或薪津,金錢,宜蘭縣宜蘭市****,,
309,林岳賢,107年縣(市)議員選舉,首次申報,1071124,人事費用支出,林雪芬,G22*******,0.00,560.00,工資或薪津,金錢,宜蘭縣冬山鄉****,,
310,林岳賢,107年縣(市)議員選舉,首次申報,1071124,人事費用支出,劉怡君,G22*******,0.00,10520.00,工資或薪津,金錢,宜蘭縣蘇澳鎮****,,
311,林岳賢,107年縣(市)議員選舉,首次申報,1071124,人事費用支出,王淑宜,G22*******,0.00,9200.00,工資或薪津,金錢,宜蘭縣員山鄉****,,
312,林岳賢,107年縣(市)議員選舉,首次申報,1071124,人事費用支出,楊宜臻,G22*******,0.00,7760.00,工資或薪津,金錢,宜蘭縣礁溪鄉****,,
313,林岳賢,107年縣(市)議員選舉,首次申報,1071124,人事費用支出,朱耘賞,G22*******,0.00,7040.00,工資或薪津,金錢,宜蘭縣宜蘭市****,,
314,林岳賢,107年縣(市)議員選舉,首次申報,1071124,人事費用支出,林庭憶,S22*******,0.00,7280.00,工資或薪津,金錢,宜蘭縣宜蘭市****,,
315,林岳賢,107年縣(市)議員選舉,首次申報,1071125,雜支支出,御品福隆便當,17936708,0.00,1200.00,餐飲費用,金錢,宜蘭縣宜蘭市****,,
316,林岳賢,107年縣(市)議員選舉,首次申報,1071125,租用宣傳車輛支出,台灣中油,40020690,0.00,453.00,宣傳車輛燃料支出,金錢,宜蘭縣員山鄉****,,
317,林岳賢,107年縣(市)議員選舉,首次申報,1071125,雜支支出,全家便利商店,51825300,0.00,193.00,雜項購置或修繕費用,金錢,宜蘭縣宜蘭市****,,
318,林岳賢,107年縣(市)議員選舉,首次申報,1071126,雜支支出,盈源碗盤出租行,,0.00,16900.00,餐飲費用,金錢,宜蘭縣宜蘭市****,,
319,林岳賢,107年縣(市)議員選舉,首次申報,1071126,雜支支出,皇品餐飲,70922393,0.00,197.00,餐飲費用,金錢,宜蘭縣宜蘭市****,,
320,林岳賢,107年縣(市)議員選舉,首次申報,1071126,雜支支出,悅園花坊,77021382,0.00,250.00,雜項購置或修繕費用,金錢,宜蘭縣宜蘭市****,,
321,林岳賢,107年縣(市)議員選舉,首次申報,1071126,雜支支出,粵園小吃店,92918963,0.00,960.00,餐飲費用,金錢,宜蘭縣宜蘭市****,,
322,林岳賢,107年縣(市)議員選舉,首次申報,1071126,人事費用支出,范朝瑜,A22*******,0.00,16000.00,工資或薪津,金錢,宜蘭縣宜蘭市****,,
323,林岳賢,107年縣(市)議員選舉,首次申報,1071126,人事費用支出,朱美虹,B22*******,0.00,20000.00,工資或薪津,金錢,宜蘭縣宜蘭市****,,
324,林岳賢,107年縣(市)議員選舉,首次申報,1071126,人事費用支出,劉春重,G10*******,0.00,12000.00,工資或薪津,金錢,宜蘭縣宜蘭市****,,
325,林岳賢,107年縣(市)議員選舉,首次申報,1071126,人事費用支出,劉克蘇,G10*******,0.00,106000.00,工資或薪津,金錢,宜蘭縣宜蘭市****,,
326,林岳賢,107年縣(市)議員選舉,首次申報,1071126,人事費用支出,高樹松,G10*******,0.00,36000.00,工資或薪津,金錢,宜蘭縣宜蘭市****,,
327,林岳賢,107年縣(市)議員選舉,首次申報,1071126,租用宣傳車輛支出,盧立偉,G12*******,0.00,33000.00,雇用宣傳車輛駕駛支出,金錢,宜蘭縣宜蘭市****,,
328,林岳賢,107年縣(市)議員選舉,首次申報,1071126,人事費用支出,尤晨胤,G12*******,0.00,40000.00,工資或薪津,金錢,宜蘭縣頭城鎮****,,
329,林岳賢,107年縣(市)議員選舉,首次申報,1071126,人事費用支出,朱昱勳,G12*******,0.00,50000.00,工資或薪津,金錢,宜蘭縣宜蘭市****,,
330,林岳賢,107年縣(市)議員選舉,首次申報,1071126,人事費用支出,蔣錦龍,G12*******,0.00,60000.00,工資或薪津,金錢,宜蘭縣宜蘭市****,,
331,林岳賢,107年縣(市)議員選舉,首次申報,1071126,人事費用支出,陳柏宇,G12*******,0.00,60000.00,工資或薪津,金錢,宜蘭縣宜蘭市****,,
332,林岳賢,107年縣(市)議員選舉,首次申報,1071126,人事費用支出,石匡竣,G12*******,0.00,16000.00,工資或薪津,金錢,宜蘭縣宜蘭市****,,
333,林岳賢,107年縣(市)議員選舉,首次申報,1071126,人事費用支出,周淑真,G20*******,0.00,20000.00,工資或薪津,金錢,宜蘭縣宜蘭市****,,
334,林岳賢,107年縣(市)議員選舉,首次申報,1071126,人事費用支出,黃碧娥,G20*******,0.00,20000.00,工資或薪津,金錢,宜蘭縣宜蘭市****,,
335,林岳賢,107年縣(市)議員選舉,首次申報,1071126,人事費用支出,林愛玉,G20*******,0.00,30000.00,工資或薪津,金錢,宜蘭縣宜蘭市****,,
336,林岳賢,107年縣(市)議員選舉,首次申報,1071126,人事費用支出,江惠玲,G22*******,0.00,31500.00,工資或薪津,金錢,宜蘭縣宜蘭市****,,
337,林岳賢,107年縣(市)議員選舉,首次申報,1071126,人事費用支出,石可青,G22*******,0.00,20000.00,工資或薪津,金錢,宜蘭縣宜蘭市****,,
338,林岳賢,107年縣(市)議員選舉,首次申報,1071126,人事費用支出,戴淑媛,G22*******,0.00,36000.00,工資或薪津,金錢,宜蘭縣宜蘭市****,,
339,林岳賢,107年縣(市)議員選舉,首次申報,1071127,雜支支出,溪太水肥清運清潔行,40586160,0.00,12000.00,雜項購置或修繕費用,金錢,宜蘭縣蘇澳鎮****,,
340,林岳賢,107年縣(市)議員選舉,首次申報,1071127,雜支支出,億豐肉號,70926378,0.00,5270.00,餐飲費用,金錢,宜蘭縣宜蘭市****,,
