﻿序號,擬參選人／政黨,選舉名稱,申報序號／年度,交易日期,收支科目,捐贈者／支出對象,身分證／統一編號,收入金額,支出金額,支出用途,金錢類,地址,聯絡電話,資料更正日期
1,林岳賢,107年縣(市)議員選舉,首次申報,1070629,政黨捐贈收入,中國國民黨,政黨證字第1號,500000.00,0.00,,金錢,台北市中山區****,(02)*****,
2,林岳賢,107年縣(市)議員選舉,首次申報,1070921,個人捐贈收入,梁加宏,Q12*******,147.00,0.00,,金錢,臺中市豐原區****,0911*****,
3,林岳賢,107年縣(市)議員選舉,首次申報,1071102,個人捐贈收入,黃一平,A12*******,60000.00,0.00,,金錢,臺北市內湖區****,,
4,林岳賢,107年縣(市)議員選舉,首次申報,1071115,營利事業捐贈收入,得鈺股份有限公司,27659490,50000.00,0.00,,金錢,宜蘭縣壯圍鄉****,,
5,林岳賢,107年縣(市)議員選舉,首次申報,1071115,個人捐贈收入,林昭東,G10*******,30000.00,0.00,,金錢,宜蘭縣宜蘭市****,,
6,林岳賢,107年縣(市)議員選舉,首次申報,1071120,營利事業捐贈收入,玉星企業股份有限公司,24261102,300000.00,0.00,,金錢,宜蘭縣宜蘭市****,,
