﻿序號,擬參選人／政黨,選舉名稱,申報序號／年度,交易日期,收支科目,捐贈者／支出對象,身分證／統一編號,收入金額,支出金額,捐贈方式,存入專戶日期,返還/繳庫,支出用途,金錢類,地址,聯絡電話,應揭露之支出對象,支出對象之內部人員姓名,支出對象之內部人員職稱,政黨之內部人員姓名,政黨之內部人員職稱,關係,更正註記,資料更正日期
1,黃芳椿,111年苗栗縣議員選舉,首次申報,1110910,雜支支出,明浩五金百貨行,26847805,0.00,600.00,,,,雜項購置或修繕費用,金錢,苗栗縣銅鑼鄉****,,否,,,,,,,
2,黃芳椿,111年苗栗縣議員選舉,首次申報,1110917,雜支支出,開泓百貨精品行,45582179,0.00,429.00,,,,雜項購置或修繕費用,金錢,苗栗縣銅鑼鄉****,,否,,,,,,,
3,黃芳椿,111年苗栗縣議員選舉,首次申報,1110920,雜支支出,明浩五金百貨行,26847805,0.00,530.00,,,,文具用品費用,金錢,苗栗縣銅鑼鄉****,,否,,,,,,,
4,黃芳椿,111年苗栗縣議員選舉,首次申報,1110921,雜支支出,福樂麵店,26847832,0.00,655.00,,,,餐飲費用,金錢,苗栗縣公館鄉****,,否,,,,,,,
5,黃芳椿,111年苗栗縣議員選舉,首次申報,1110922,雜支支出,錦香食品有限公司,53282318,0.00,345.00,,,,餐飲費用,金錢,苗栗縣銅鑼鄉****,,否,,,,,,,
6,黃芳椿,111年苗栗縣議員選舉,首次申報,1110923,宣傳支出,長欣生技股份有限公司,53795324,0.00,39800.00,,,,製作競選物品或宣傳廣告費用（醫用口罩）,金錢,彰化縣彰化市****,,否,,,,,,,
7,黃芳椿,111年苗栗縣議員選舉,首次申報,1110924,交通旅運支出,松豐加油站有限公司,16426880,0.00,800.00,,,,油資,金錢,苗栗縣銅鑼鄉****,,是,黃姵瑄,,,,二親等以內親屬(負責人),,
8,黃芳椿,111年苗栗縣議員選舉,首次申報,1110924,交通旅運支出,松豐加油站有限公司,16426880,0.00,1575.00,,,,油資,金錢,苗栗縣銅鑼鄉****,,是,黃姵瑄,,,,二親等以內親屬(女兒),,
9,黃芳椿,111年苗栗縣議員選舉,首次申報,1110927,交通旅運支出,松豐加油站有限公司,16426880,0.00,1720.00,,,,油資,金錢,苗栗縣銅鑼鄉****,,是,黃姵瑄,,,,二親等以內親屬(女兒),,
10,黃芳椿,111年苗栗縣議員選舉,首次申報,1110930,交通旅運支出,松豐加油站有限公司,16426880,0.00,1461.00,,,,油資,金錢,苗栗縣銅鑼鄉****,,是,黃姵瑄,,,,二親等以內親屬(女兒),,
11,黃芳椿,111年苗栗縣議員選舉,首次申報,1110930,宣傳支出,元鈺實業有限公司,28380749,0.00,36015.00,,,,製作競選物品或宣傳廣告費用（背心及衣服）,金錢,臺中市沙鹿區****,,否,,,,,,,
12,黃芳椿,111年苗栗縣議員選舉,首次申報,1111002,交通旅運支出,松豐加油站有限公司,16426880,0.00,1390.00,,,,油資,金錢,苗栗縣銅鑼鄉****,,是,黃姵瑄,,,,二親等以內親屬(女兒),,
13,黃芳椿,111年苗栗縣議員選舉,首次申報,1111004,交通旅運支出,松豐加油站有限公司,16426880,0.00,1000.00,,,,油資,金錢,苗栗縣銅鑼鄉****,,是,黃姵瑄,,,,二親等以內親屬(女兒),,
14,黃芳椿,111年苗栗縣議員選舉,首次申報,1111004,雜支支出,丹袞企業社,45586604,0.00,140.00,,,,文具用品費用(印章),金錢,苗栗縣苗栗市****,,否,,,,,,,
15,黃芳椿,111年苗栗縣議員選舉,首次申報,1111005,交通旅運支出,松豐加油站有限公司,16426880,0.00,760.00,,,,油資,金錢,苗栗縣銅鑼鄉****,,是,黃姵瑄,,,,二親等以內親屬(女兒),,
16,黃芳椿,111年苗栗縣議員選舉,首次申報,1111005,交通旅運支出,松豐加油站有限公司,16426880,0.00,1350.00,,,,油資,金錢,苗栗縣銅鑼鄉****,,是,黃姵瑄,,,,二親等以內親屬(女兒),,
17,黃芳椿,111年苗栗縣議員選舉,首次申報,1111006,交通旅運支出,松豐加油站有限公司,16426880,0.00,1135.00,,,,油資,金錢,苗栗縣銅鑼鄉****,,是,黃姵瑄,,,,二親等以內親屬(女兒),,
18,黃芳椿,111年苗栗縣議員選舉,首次申報,1111006,宣傳支出,佐宸廣告有限公司,24839914,0.00,50652.00,,,,租用廣告看板或車體廣告費用,金錢,臺中市南區崇****,,否,,,,,,,
19,黃芳椿,111年苗栗縣議員選舉,首次申報,1111007,交通旅運支出,松豐加油站有限公司,16426880,0.00,234.00,,,,油資,金錢,苗栗縣銅鑼鄉****,,是,黃姵瑄,,,,二親等以內親屬(女兒),,
20,黃芳椿,111年苗栗縣議員選舉,首次申報,1111007,宣傳支出,山杰實業有限公司,86156608,0.00,19500.00,,,,製作競選物品或宣傳廣告費用（平面醫療口罩）,金錢,苗栗縣公館鄉****,,否,,,,,,,
21,黃芳椿,111年苗栗縣議員選舉,首次申報,1111008,交通旅運支出,松豐加油站有限公司,16426880,0.00,1570.00,,,,油資,金錢,苗栗縣銅鑼鄉****,,是,黃姵瑄,,,,二親等以內親屬(女兒),,
22,黃芳椿,111年苗栗縣議員選舉,首次申報,1111011,交通旅運支出,松豐加油站有限公司,16426880,0.00,1633.00,,,,油資,金錢,苗栗縣銅鑼鄉****,,是,黃姵瑄,,,,二親等以內親屬(女兒),,
23,黃芳椿,111年苗栗縣議員選舉,首次申報,1111011,宣傳支出,政安影印打字行,25209287,0.00,1500.00,,,,製作競選物品或宣傳廣告費用（口罩文宣）,金錢,苗栗縣公館鄉****,,否,,,,,,,
24,黃芳椿,111年苗栗縣議員選舉,首次申報,1111011,宣傳支出,浤源企業社,25221374,0.00,26400.00,,,,製作競選物品或宣傳廣告費用（廣告鷹架）,金錢,苗栗縣苗栗市****,,否,,,,,,,
25,黃芳椿,111年苗栗縣議員選舉,首次申報,1111012,交通旅運支出,松豐加油站有限公司,16426880,0.00,1700.00,,,,油資,金錢,苗栗縣銅鑼鄉****,,是,黃姵瑄,,,,二親等以內親屬(女兒),,
26,黃芳椿,111年苗栗縣議員選舉,首次申報,1111013,交通旅運支出,松豐加油站有限公司,16426880,0.00,800.00,,,,油資,金錢,苗栗縣銅鑼鄉****,,是,黃姵瑄,,,,二親等以內親屬(女兒),,
27,黃芳椿,111年苗栗縣議員選舉,首次申報,1111013,交通旅運支出,松豐加油站有限公司,16426880,0.00,200.00,,,,油資,金錢,苗栗縣銅鑼鄉****,,是,黃姵瑄,,,,二親等以內親屬(女兒),,
28,黃芳椿,111年苗栗縣議員選舉,首次申報,1111015,交通旅運支出,松豐加油站有限公司,16426880,0.00,1580.00,,,,油資,金錢,苗栗縣銅鑼鄉****,,是,黃姵瑄,,,,二親等以內親屬(女兒),,
29,黃芳椿,111年苗栗縣議員選舉,首次申報,1111016,人事費用支出,謝崴丞,K10*******,0.00,4000.00,,,,工資或薪津,金錢,苗栗縣銅鑼鄉****,,否,,,,,,,
30,黃芳椿,111年苗栗縣議員選舉,首次申報,1111018,交通旅運支出,松豐加油站有限公司,16426880,0.00,1330.00,,,,油資,金錢,苗栗縣銅鑼鄉****,,是,黃姵瑄,,,,二親等以內親屬(女兒),,
31,黃芳椿,111年苗栗縣議員選舉,首次申報,1111020,宣傳支出,卡羅企業社,13353293,0.00,30000.00,,,,製作競選物品或宣傳廣告費用（宣傳單印製）,金錢,苗栗縣苗栗市****,,否,,,,,,,
32,黃芳椿,111年苗栗縣議員選舉,首次申報,1111020,雜支支出,明浩五金百貨行,26847805,0.00,205.00,,,,雜項購置或修繕費用,金錢,苗栗縣銅鑼鄉****,,否,,,,,,,
33,黃芳椿,111年苗栗縣議員選舉,首次申報,1111020,雜支支出,尚味燒臘快餐店,80972625,0.00,1750.00,,,,餐飲費用,金錢,苗栗縣銅鑼鄉****,,否,,,,,,,
34,黃芳椿,111年苗栗縣議員選舉,首次申報,1111021,交通旅運支出,松豐加油站有限公司,16426880,0.00,1130.00,,,,油資,金錢,苗栗縣銅鑼鄉****,,是,黃姵瑄,,,,二親等以內親屬(女兒),,
35,黃芳椿,111年苗栗縣議員選舉,首次申報,1111021,雜支支出,銅鑼水果行,25224127,0.00,1600.00,,,,餐飲費用,金錢,苗栗縣銅鑼鄉****,,否,,,,,,,
36,黃芳椿,111年苗栗縣議員選舉,首次申報,1111021,雜支支出,銅鑼水果行,25224127,0.00,4000.00,,,,雜項購置或修繕費用,金錢,苗栗縣銅鑼鄉****,,否,,,,,,,
37,黃芳椿,111年苗栗縣議員選舉,首次申報,1111021,雜支支出,明浩五金百貨行,26847805,0.00,65.00,,,,雜項購置或修繕費用,金錢,苗栗縣銅鑼鄉****,,否,,,,,,,
38,黃芳椿,111年苗栗縣議員選舉,首次申報,1111022,交通旅運支出,松豐加油站有限公司,16426880,0.00,1620.00,,,,油資,金錢,苗栗縣銅鑼鄉****,,是,黃姵瑄,,,,二親等以內親屬(女兒),,
39,黃芳椿,111年苗栗縣議員選舉,首次申報,1111022,交通旅運支出,松豐加油站有限公司,16426880,0.00,820.00,,,,油資,金錢,苗栗縣銅鑼鄉****,,是,黃姵瑄,,,,二親等以內親屬(女兒),,
40,黃芳椿,111年苗栗縣議員選舉,首次申報,1111022,交通旅運支出,松豐加油站有限公司,16426880,0.00,1548.00,,,,油資,金錢,苗栗縣銅鑼鄉****,,是,黃姵瑄,,,,二親等以內親屬(女兒),,
41,黃芳椿,111年苗栗縣議員選舉,首次申報,1111022,宣傳支出,超群廣告社,21477389,0.00,500.00,,,,製作競選物品或宣傳廣告費用（割字）,金錢,苗栗縣苗栗市****,,否,,,,,,,
42,黃芳椿,111年苗栗縣議員選舉,首次申報,1111022,雜支支出,明浩五金百貨行,26847805,0.00,3000.00,,,,雜項購置或修繕費用,金錢,苗栗縣銅鑼鄉****,,否,,,,,,,
43,黃芳椿,111年苗栗縣議員選舉,首次申報,1111022,雜支支出,永廣記五金行,49788687,0.00,110.00,,,,雜項購置或修繕費用,金錢,苗栗縣銅鑼鄉****,,否,,,,,,,
44,黃芳椿,111年苗栗縣議員選舉,首次申報,1111023,雜支支出,明浩五金百貨行,26847805,0.00,120.00,,,,文具用品費用,金錢,苗栗縣銅鑼鄉****,,否,,,,,,,
45,黃芳椿,111年苗栗縣議員選舉,首次申報,1111023,雜支支出,明浩五金百貨行,26847805,0.00,2000.00,,,,雜項購置或修繕費用,金錢,苗栗縣銅鑼鄉****,,否,,,,,,,
46,黃芳椿,111年苗栗縣議員選舉,首次申報,1111023,公共關係費用支出,香香鮮花店,38983059,0.00,1000.00,,,,為民服務費用,金錢,苗栗縣銅鑼鄉****,,否,,,,,,,
47,黃芳椿,111年苗栗縣議員選舉,首次申報,1111023,集會支出,錦順行,72472788,0.00,6400.00,,,,租用設備費用,金錢,苗栗縣苗栗市****,,否,,,,,,,
48,黃芳椿,111年苗栗縣議員選舉,首次申報,1111023,集會支出,東虹專業燈光音響,98161325,0.00,16000.00,,,,租用設備費用,金錢,苗栗縣銅鑼鄉****,,否,,,,,,,
49,黃芳椿,111年苗栗縣議員選舉,首次申報,1111024,交通旅運支出,松豐加油站有限公司,16426880,0.00,1390.00,,,,油資,金錢,苗栗縣銅鑼鄉****,,是,黃姵瑄,,,,二親等以內親屬(女兒),,
50,黃芳椿,111年苗栗縣議員選舉,首次申報,1111024,交通旅運支出,松豐加油站有限公司,16426880,0.00,890.00,,,,油資,金錢,苗栗縣銅鑼鄉****,,是,黃姵瑄,,,,二親等以內親屬(女兒),,
51,黃芳椿,111年苗栗縣議員選舉,首次申報,1111024,雜支支出,尚味燒臘快餐店,80972625,0.00,1600.00,,,,餐飲費用,金錢,苗栗縣銅鑼鄉****,,否,,,,,,,
52,黃芳椿,111年苗栗縣議員選舉,首次申報,1111025,交通旅運支出,松豐加油站有限公司,16426880,0.00,670.00,,,,油資,金錢,苗栗縣銅鑼鄉****,,是,黃姵瑄,,,,二親等以內親屬(女兒),,
53,黃芳椿,111年苗栗縣議員選舉,首次申報,1111025,交通旅運支出,松豐加油站有限公司,16426880,0.00,1160.00,,,,油資,金錢,苗栗縣銅鑼鄉****,,是,黃姵瑄,,,,二親等以內親屬(女兒),,
54,黃芳椿,111年苗栗縣議員選舉,首次申報,1111026,交通旅運支出,松豐加油站有限公司,16426880,0.00,1140.00,,,,油資,金錢,苗栗縣銅鑼鄉****,,是,黃姵瑄,,,,二親等以內親屬(女兒),,
55,黃芳椿,111年苗栗縣議員選舉,首次申報,1111026,交通旅運支出,松豐加油站有限公司,16426880,0.00,1710.00,,,,油資,金錢,苗栗縣銅鑼鄉****,,是,黃姵瑄,,,,二親等以內親屬(女兒),,
56,黃芳椿,111年苗栗縣議員選舉,首次申報,1111026,雜支支出,壹米食飲食店,26848620,0.00,1750.00,,,,餐飲費用,金錢,苗栗縣銅鑼鄉****,,否,,,,,,,
57,黃芳椿,111年苗栗縣議員選舉,首次申報,1111028,宣傳支出,富軒企業社,09813540,0.00,9000.00,,,,製作競選物品或宣傳廣告費用（帽子）,金錢,新竹縣竹北市****,,否,,,,,,,
58,黃芳椿,111年苗栗縣議員選舉,首次申報,1111028,交通旅運支出,松豐加油站有限公司,16426880,0.00,1365.00,,,,油資,金錢,苗栗縣銅鑼鄉****,,是,黃姵瑄,,,,二親等以內親屬(女兒),,
59,黃芳椿,111年苗栗縣議員選舉,首次申報,1111028,交通旅運支出,松豐加油站有限公司,16426880,0.00,1300.00,,,,油資,金錢,苗栗縣銅鑼鄉****,,是,黃姵瑄,,,,二親等以內親屬(女兒),,
60,黃芳椿,111年苗栗縣議員選舉,首次申報,1111028,交通旅運支出,松豐加油站有限公司,16426880,0.00,800.00,,,,油資,金錢,苗栗縣銅鑼鄉****,,是,黃姵瑄,,,,二親等以內親屬(女兒),,
61,黃芳椿,111年苗栗縣議員選舉,首次申報,1111028,雜支支出,壹米食飲食店,26848620,0.00,1540.00,,,,餐飲費用,金錢,苗栗縣銅鑼鄉****,,否,,,,,,,
62,黃芳椿,111年苗栗縣議員選舉,首次申報,1111029,交通旅運支出,松豐加油站有限公司,16426880,0.00,1030.00,,,,油資,金錢,苗栗縣銅鑼鄉****,,是,黃姵瑄,,,,二親等以內親屬(女兒),,
63,黃芳椿,111年苗栗縣議員選舉,首次申報,1111029,交通旅運支出,松豐加油站有限公司,16426880,0.00,800.00,,,,油資,金錢,苗栗縣銅鑼鄉****,,是,黃姵瑄,,,,二親等以內親屬(女兒),,
64,黃芳椿,111年苗栗縣議員選舉,首次申報,1111029,雜支支出,銅鑼水果行,25224127,0.00,1200.00,,,,餐飲費用,金錢,苗栗縣銅鑼鄉****,,否,,,,,,,
65,黃芳椿,111年苗栗縣議員選舉,首次申報,1111030,交通旅運支出,松豐加油站有限公司,16426880,0.00,605.00,,,,油資,金錢,苗栗縣銅鑼鄉****,,是,黃姵瑄,,,,二親等以內親屬(女兒),,
66,黃芳椿,111年苗栗縣議員選舉,首次申報,1111030,雜支支出,美香園燒臘店,19855527,0.00,1600.00,,,,餐飲費用,金錢,苗栗縣銅鑼鄉****,,否,,,,,,,
67,黃芳椿,111年苗栗縣議員選舉,首次申報,1111030,雜支支出,明浩五金百貨行,26847805,0.00,650.00,,,,雜項購置或修繕費用,金錢,苗栗縣銅鑼鄉****,,否,,,,,,,
68,黃芳椿,111年苗栗縣議員選舉,首次申報,1111030,雜支支出,綠池庭園餐廳,39680321,0.00,2100.00,,,,餐飲費用,金錢,苗栗縣造橋鄉****,,否,,,,,,,
69,黃芳椿,111年苗栗縣議員選舉,首次申報,1111031,交通旅運支出,松豐加油站有限公司,16426880,0.00,1360.00,,,,油資,金錢,苗栗縣銅鑼鄉****,,是,黃姵瑄,,,,二親等以內親屬(女兒),,
70,黃芳椿,111年苗栗縣議員選舉,首次申報,1111031,交通旅運支出,松豐加油站有限公司,16426880,0.00,950.00,,,,油資,金錢,苗栗縣銅鑼鄉****,,是,黃姵瑄,,,,二親等以內親屬(女兒),,
71,黃芳椿,111年苗栗縣議員選舉,首次申報,1111031,宣傳支出,中平印刷廠,98157286,0.00,11930.00,,,,製作競選物品或宣傳廣告費用（印刷費）,金錢,苗栗縣公館鄉****,,否,,,,,,,
72,黃芳椿,111年苗栗縣議員選舉,首次申報,1111101,雜支支出,美香園燒臘店,19855527,0.00,1875.00,,,,餐飲費用,金錢,苗栗縣銅鑼鄉****,,否,,,,,,,
73,黃芳椿,111年苗栗縣議員選舉,首次申報,1111101,公共關係費用支出,香香鮮花店,38983059,0.00,35200.00,,,,為民服務費用,金錢,苗栗縣銅鑼鄉****,,否,,,,,,,
74,黃芳椿,111年苗栗縣議員選舉,首次申報,1111101,公共關係費用支出,香香鮮花店,38983059,0.00,4000.00,,,,為民服務費用,金錢,苗栗縣銅鑼鄉****,,否,,,,,,,
75,黃芳椿,111年苗栗縣議員選舉,首次申報,1111101,公共關係費用支出,香香鮮花店,38983059,0.00,6000.00,,,,為民服務費用,金錢,苗栗縣銅鑼鄉****,,否,,,,,,,
76,黃芳椿,111年苗栗縣議員選舉,首次申報,1111101,公共關係費用支出,香香鮮花店,38983059,0.00,11600.00,,,,為民服務費用,金錢,苗栗縣銅鑼鄉****,,否,,,,,,,
77,黃芳椿,111年苗栗縣議員選舉,首次申報,1111102,交通旅運支出,松豐加油站有限公司,16426880,0.00,1570.00,,,,油資,金錢,苗栗縣銅鑼鄉****,,是,黃姵瑄,,,,二親等以內親屬(女兒),,
78,黃芳椿,111年苗栗縣議員選舉,首次申報,1111102,交通旅運支出,松豐加油站有限公司,16426880,0.00,1110.00,,,,油資,金錢,苗栗縣銅鑼鄉****,,是,黃姵瑄,,,,二親等以內親屬(女兒),,
79,黃芳椿,111年苗栗縣議員選舉,首次申報,1111102,宣傳支出,山杰實業有限公司,86156608,0.00,22200.00,,,,製作競選物品或宣傳廣告費用（平面醫療口罩）,金錢,苗栗縣公館鄉****,,否,,,,,,,
80,黃芳椿,111年苗栗縣議員選舉,首次申報,1111103,交通旅運支出,松豐加油站有限公司,16426880,0.00,1470.00,,,,油資,金錢,苗栗縣銅鑼鄉****,,是,黃姵瑄,,,,二親等以內親屬(女兒),,
81,黃芳椿,111年苗栗縣議員選舉,首次申報,1111103,交通旅運支出,松豐加油站有限公司,16426880,0.00,976.00,,,,油資,金錢,苗栗縣銅鑼鄉****,,是,黃姵瑄,,,,二親等以內親屬(女兒),,
82,黃芳椿,111年苗栗縣議員選舉,首次申報,1111104,交通旅運支出,松豐加油站有限公司,16426880,0.00,1035.00,,,,油資,金錢,苗栗縣銅鑼鄉****,,是,黃姵瑄,,,,二親等以內親屬(女兒),,
83,黃芳椿,111年苗栗縣議員選舉,首次申報,1111104,雜支支出,銅鑼水果行,25224127,0.00,1700.00,,,,餐飲費用,金錢,苗栗縣銅鑼鄉****,,否,,,,,,,
84,黃芳椿,111年苗栗縣議員選舉,首次申報,1111104,公共關係費用支出,香香鮮花店,38983059,0.00,36800.00,,,,為民服務費用,金錢,苗栗縣銅鑼鄉****,,否,,,,,,,
85,黃芳椿,111年苗栗縣議員選舉,首次申報,1111105,宣傳支出,卡羅企業社,13353293,0.00,20000.00,,,,製作競選物品或宣傳廣告費用（傳單印製）,金錢,苗栗縣苗栗市****,,否,,,,,,,
86,黃芳椿,111年苗栗縣議員選舉,首次申報,1111105,交通旅運支出,松豐加油站有限公司,16426880,0.00,650.00,,,,油資,金錢,苗栗縣銅鑼鄉****,,是,黃姵瑄,,,,二親等以內親屬(女兒),,
87,黃芳椿,111年苗栗縣議員選舉,首次申報,1111105,交通旅運支出,松豐加油站有限公司,16426880,0.00,850.00,,,,油資,金錢,苗栗縣銅鑼鄉****,,是,黃姵瑄,,,,二親等以內親屬(女兒),,
88,黃芳椿,111年苗栗縣議員選舉,首次申報,1111105,人事費用支出,黃宏春,K10*******,0.00,24000.00,,,,工資或薪津,金錢,苗栗縣銅鑼鄉****,,否,,,,,,,
89,黃芳椿,111年苗栗縣議員選舉,首次申報,1111106,交通旅運支出,松豐加油站有限公司,16426880,0.00,1440.00,,,,油資,金錢,苗栗縣銅鑼鄉****,,是,黃姵瑄,,,,二親等以內親屬(女兒),,
90,黃芳椿,111年苗栗縣議員選舉,首次申報,1111106,交通旅運支出,松豐加油站有限公司,16426880,0.00,1095.00,,,,油資,金錢,苗栗縣銅鑼鄉****,,是,黃姵瑄,,,,二親等以內親屬(女兒),,
91,黃芳椿,111年苗栗縣議員選舉,首次申報,1111106,雜支支出,壹米食飲食店,26848620,0.00,1920.00,,,,餐飲費用,金錢,苗栗縣銅鑼鄉****,,否,,,,,,,
92,黃芳椿,111年苗栗縣議員選舉,首次申報,1111106,公共關係費用支出,香香鮮花店,38983059,0.00,65600.00,,,,為民服務費用,金錢,苗栗縣銅鑼鄉****,,否,,,,,,,
93,黃芳椿,111年苗栗縣議員選舉,首次申報,1111106,人事費用支出,黃逢春,K12*******,0.00,24000.00,,,,工資或薪津,金錢,苗栗縣銅鑼鄉****,,否,,,,,,,
94,黃芳椿,111年苗栗縣議員選舉,首次申報,1111107,交通旅運支出,松豐加油站有限公司,16426880,0.00,1385.00,,,,油資,金錢,苗栗縣銅鑼鄉****,,是,黃姵瑄,,,,二親等以內親屬(女兒),,
95,黃芳椿,111年苗栗縣議員選舉,首次申報,1111108,交通旅運支出,松豐加油站有限公司,16426880,0.00,1000.00,,,,油資,金錢,苗栗縣銅鑼鄉****,,是,黃姵瑄,,,,二親等以內親屬(女兒),,
96,黃芳椿,111年苗栗縣議員選舉,首次申報,1111108,雜支支出,尚味燒臘快餐店,80972625,0.00,1440.00,,,,餐飲費用,金錢,苗栗縣銅鑼鄉****,,否,,,,,,,
97,黃芳椿,111年苗栗縣議員選舉,首次申報,1111109,交通旅運支出,松豐加油站有限公司,16426880,0.00,893.00,,,,油資,金錢,苗栗縣銅鑼鄉****,,是,黃姵瑄,,,,二親等以內親屬(女兒),,
98,黃芳椿,111年苗栗縣議員選舉,首次申報,1111109,交通旅運支出,松豐加油站有限公司,16426880,0.00,1300.00,,,,油資,金錢,苗栗縣銅鑼鄉****,,是,黃姵瑄,,,,二親等以內親屬(女兒),,
99,黃芳椿,111年苗栗縣議員選舉,首次申報,1111109,雜支支出,明浩五金百貨行,26847805,0.00,130.00,,,,雜項購置或修繕費用,金錢,苗栗縣銅鑼鄉****,,否,,,,,,,
100,黃芳椿,111年苗栗縣議員選舉,首次申報,1111110,交通旅運支出,松豐加油站有限公司,16426880,0.00,800.00,,,,油資,金錢,苗栗縣銅鑼鄉****,,是,黃姵瑄,,,,二親等以內親屬(女兒),,
101,黃芳椿,111年苗栗縣議員選舉,首次申報,1111110,交通旅運支出,松豐加油站有限公司,16426880,0.00,950.00,,,,油資,金錢,苗栗縣銅鑼鄉****,,是,黃姵瑄,,,,二親等以內親屬(女兒),,
102,黃芳椿,111年苗栗縣議員選舉,首次申報,1111110,雜支支出,明浩五金百貨行,26847805,0.00,900.00,,,,文具用品費用,金錢,苗栗縣銅鑼鄉****,,否,,,,,,,
103,黃芳椿,111年苗栗縣議員選舉,首次申報,1111110,人事費用支出,謝威丞,K10*******,0.00,30000.00,,,,工資或薪津,金錢,苗栗縣銅鑼鄉****,,否,,,,,,,
104,黃芳椿,111年苗栗縣議員選舉,首次申報,1111110,人事費用支出,李增輝,K12*******,0.00,35000.00,,,,工資或薪津,金錢,苗栗縣銅鑼鄉****,,否,,,,,,,
105,黃芳椿,111年苗栗縣議員選舉,首次申報,1111110,人事費用支出,張維德,K12*******,0.00,30000.00,,,,工資或薪津,金錢,苗栗縣銅鑼鄉****,,否,,,,,,,
106,黃芳椿,111年苗栗縣議員選舉,首次申報,1111110,人事費用支出,鍾松秀,K12*******,0.00,30000.00,,,,工資或薪津,金錢,苗栗縣銅鑼鄉****,,否,,,,,,,
107,黃芳椿,111年苗栗縣議員選舉,首次申報,1111110,人事費用支出,吳盛祥,K12*******,0.00,50000.00,,,,工資或薪津,金錢,苗栗縣銅鑼鄉****,,否,,,,,,,
108,黃芳椿,111年苗栗縣議員選舉,首次申報,1111111,交通旅運支出,松豐加油站有限公司,16426880,0.00,1330.00,,,,油資,金錢,苗栗縣銅鑼鄉****,,是,黃姵瑄,,,,二親等以內親屬(女兒),,
109,黃芳椿,111年苗栗縣議員選舉,首次申報,1111111,交通旅運支出,松豐加油站有限公司,16426880,0.00,930.00,,,,油資,金錢,苗栗縣銅鑼鄉****,,是,黃姵瑄,,,,二親等以內親屬(女兒),,
110,黃芳椿,111年苗栗縣議員選舉,首次申報,1111112,交通旅運支出,松豐加油站有限公司,16426880,0.00,1579.00,,,,油資,金錢,苗栗縣銅鑼鄉****,,是,黃姵瑄,,,,二親等以內親屬(女兒),,
111,黃芳椿,111年苗栗縣議員選舉,首次申報,1111112,交通旅運支出,松豐加油站有限公司,16426880,0.00,1245.00,,,,油資,金錢,苗栗縣銅鑼鄉****,,是,黃姵瑄,,,,二親等以內親屬(女兒),,
112,黃芳椿,111年苗栗縣議員選舉,首次申報,1111112,人事費用支出,謝崴丞,K10*******,0.00,4000.00,,,,工資或薪津,金錢,苗栗縣銅鑼鄉****,,否,,,,,,,
113,黃芳椿,111年苗栗縣議員選舉,首次申報,1111113,交通旅運支出,松豐加油站有限公司,16426880,0.00,1100.00,,,,油資,金錢,苗栗縣銅鑼鄉****,,是,黃姵瑄,,,,二親等以內親屬(女兒),,
114,黃芳椿,111年苗栗縣議員選舉,首次申報,1111113,交通旅運支出,松豐加油站有限公司,16426880,0.00,1370.00,,,,油資,金錢,苗栗縣銅鑼鄉****,,是,黃姵瑄,,,,二親等以內親屬(女兒),,
115,黃芳椿,111年苗栗縣議員選舉,首次申報,1111114,交通旅運支出,松豐加油站有限公司,16426880,0.00,1500.00,,,,油資,金錢,苗栗縣銅鑼鄉****,,是,黃姵瑄,,,,二親等以內親屬(女兒),,
116,黃芳椿,111年苗栗縣議員選舉,首次申報,1111115,交通旅運支出,松豐加油站有限公司,16426880,0.00,1050.00,,,,油資,金錢,苗栗縣銅鑼鄉****,,是,黃姵瑄,,,,二親等以內親屬(女兒),,
117,黃芳椿,111年苗栗縣議員選舉,首次申報,1111115,宣傳支出,超群廣告社,21477389,0.00,2500.00,,,,製作競選物品或宣傳廣告費用（印刷）,金錢,苗栗縣苗栗市****,,否,,,,,,,
118,黃芳椿,111年苗栗縣議員選舉,首次申報,1111115,雜支支出,壹米食飲食店,26848620,0.00,2400.00,,,,餐飲費用,金錢,苗栗縣銅鑼鄉****,,否,,,,,,,
119,黃芳椿,111年苗栗縣議員選舉,首次申報,1111116,交通旅運支出,松豐加油站有限公司,16426880,0.00,1450.00,,,,油資,金錢,苗栗縣銅鑼鄉****,,是,黃姵瑄,,,,二親等以內親屬(女兒),,
120,黃芳椿,111年苗栗縣議員選舉,首次申報,1111117,雜支支出,明浩五金百貨行,26847805,0.00,150.00,,,,雜項購置或修繕費用,金錢,苗栗縣銅鑼鄉****,,否,,,,,,,
121,黃芳椿,111年苗栗縣議員選舉,首次申報,1111117,宣傳支出,雪花紙業股份有限公司,56616372,0.00,158340.00,,,,製作競選物品或宣傳廣告費用（盒裝面紙）,金錢,臺中市清水區****,,否,,,,,,,
122,黃芳椿,111年苗栗縣議員選舉,首次申報,1111118,交通旅運支出,松豐加油站有限公司,16426880,0.00,1320.00,,,,油資,金錢,苗栗縣銅鑼鄉****,,是,黃姵瑄,,,,二親等以內親屬(女兒),,
123,黃芳椿,111年苗栗縣議員選舉,首次申報,1111118,交通旅運支出,松豐加油站有限公司,16426880,0.00,530.00,,,,油資,金錢,苗栗縣銅鑼鄉****,,是,黃姵瑄,,,,二親等以內親屬(女兒),,
124,黃芳椿,111年苗栗縣議員選舉,首次申報,1111118,交通旅運支出,松豐加油站有限公司,16426880,0.00,850.00,,,,油資,金錢,苗栗縣銅鑼鄉****,,是,黃姵瑄,,,,二親等以內親屬(女兒),,
125,黃芳椿,111年苗栗縣議員選舉,首次申報,1111118,宣傳支出,文山打字印刷行,49773208,0.00,6600.00,,,,製作競選物品或宣傳廣告費用（文宣）,金錢,苗栗縣銅鑼鄉****,,否,,,,,,,
126,黃芳椿,111年苗栗縣議員選舉,首次申報,1111118,公共關係費用支出,文山打字印刷行,49773208,0.00,2160.00,,,,為民服務費用,金錢,苗栗縣銅鑼鄉****,,否,,,,,,,
127,黃芳椿,111年苗栗縣議員選舉,首次申報,1111118,公共關係費用支出,文山打字印刷行,49773208,0.00,1080.00,,,,為民服務費用,金錢,苗栗縣銅鑼鄉****,,否,,,,,,,
128,黃芳椿,111年苗栗縣議員選舉,首次申報,1111119,交通旅運支出,松豐加油站有限公司,16426880,0.00,1020.00,,,,油資,金錢,苗栗縣銅鑼鄉****,,是,黃姵瑄,,,,二親等以內親屬(女兒),,
129,黃芳椿,111年苗栗縣議員選舉,首次申報,1111119,交通旅運支出,松豐加油站有限公司,16426880,0.00,990.00,,,,油資,金錢,苗栗縣銅鑼鄉****,,是,黃姵瑄,,,,二親等以內親屬(女兒),,
130,黃芳椿,111年苗栗縣議員選舉,首次申報,1111119,交通旅運支出,松豐加油站有限公司,16426880,0.00,800.00,,,,油資,金錢,苗栗縣銅鑼鄉****,,是,黃姵瑄,,,,二親等以內親屬(女兒),,
131,黃芳椿,111年苗栗縣議員選舉,首次申報,1111119,交通旅運支出,松豐加油站有限公司,16426880,0.00,1090.00,,,,油資,金錢,苗栗縣銅鑼鄉****,,是,黃姵瑄,,,,二親等以內親屬(女兒),,
132,黃芳椿,111年苗栗縣議員選舉,首次申報,1111119,交通旅運支出,松豐加油站有限公司,16426880,0.00,2270.00,,,,油資,金錢,苗栗縣銅鑼鄉****,,是,黃姵瑄,,,,二親等以內親屬(女兒),,
133,黃芳椿,111年苗栗縣議員選舉,首次申報,1111120,雜支支出,銅鑼水果行,25224127,0.00,1500.00,,,,餐飲費用,金錢,苗栗縣銅鑼鄉****,,否,,,,,,,
134,黃芳椿,111年苗栗縣議員選舉,首次申報,1111120,雜支支出,欣葉文具行,49817000,0.00,150.00,,,,文具用品費用,金錢,苗栗縣銅鑼鄉****,,否,,,,,,,
135,黃芳椿,111年苗栗縣議員選舉,首次申報,1111121,交通旅運支出,松豐加油站有限公司,16426880,0.00,1630.00,,,,油資,金錢,苗栗縣銅鑼鄉****,,是,黃姵瑄,,,,二親等以內親屬(女兒),,
136,黃芳椿,111年苗栗縣議員選舉,首次申報,1111121,交通旅運支出,松豐加油站有限公司,16426880,0.00,1410.00,,,,油資,金錢,苗栗縣銅鑼鄉****,,是,黃姵瑄,,,,二親等以內親屬(女兒),,
137,黃芳椿,111年苗栗縣議員選舉,首次申報,1111121,交通旅運支出,松豐加油站有限公司,16426880,0.00,860.00,,,,油資,金錢,苗栗縣銅鑼鄉****,,是,黃姵瑄,,,,二親等以內親屬(女兒),,
138,黃芳椿,111年苗栗縣議員選舉,首次申報,1111121,交通旅運支出,松豐加油站有限公司,16426880,0.00,770.00,,,,油資,金錢,苗栗縣銅鑼鄉****,,是,黃姵瑄,,,,二親等以內親屬(女兒),,
139,黃芳椿,111年苗栗縣議員選舉,首次申報,1111122,交通旅運支出,松豐加油站有限公司,16426880,0.00,1020.00,,,,油資,金錢,苗栗縣銅鑼鄉****,,是,黃姵瑄,,,,二親等以內親屬(女兒),,
140,黃芳椿,111年苗栗縣議員選舉,首次申報,1111122,雜支支出,尚味燒臘快餐店,80972625,0.00,2800.00,,,,餐飲費用,金錢,苗栗縣銅鑼鄉****,,否,,,,,,,
141,黃芳椿,111年苗栗縣議員選舉,首次申報,1111123,交通旅運支出,松豐加油站有限公司,16426880,0.00,670.00,,,,油資,金錢,苗栗縣銅鑼鄉****,,是,黃姵瑄,,,,二親等以內親屬(女兒),,
142,黃芳椿,111年苗栗縣議員選舉,首次申報,1111123,集會支出,東虹專業燈光音響,98161325,0.00,15000.00,,,,租用設備費用,金錢,苗栗縣銅鑼鄉****,,否,,,,,,,
143,黃芳椿,111年苗栗縣議員選舉,首次申報,1111124,交通旅運支出,松豐加油站有限公司,16426880,0.00,1120.00,,,,油資,金錢,苗栗縣銅鑼鄉****,,是,黃姵瑄,,,,二親等以內親屬(女兒),,
144,黃芳椿,111年苗栗縣議員選舉,首次申報,1111124,交通旅運支出,松豐加油站有限公司,16426880,0.00,900.00,,,,油資,金錢,苗栗縣銅鑼鄉****,,是,黃姵瑄,,,,二親等以內親屬(女兒),,
145,黃芳椿,111年苗栗縣議員選舉,首次申報,1111124,交通旅運支出,松豐加油站有限公司,16426880,0.00,1555.00,,,,油資,金錢,苗栗縣銅鑼鄉****,,是,黃姵瑄,,,,二親等以內親屬(女兒),,
146,黃芳椿,111年苗栗縣議員選舉,首次申報,1111124,交通旅運支出,松豐加油站有限公司,16426880,0.00,1460.00,,,,油資,金錢,苗栗縣銅鑼鄉****,,是,黃姵瑄,,,,二親等以內親屬(女兒),,
147,黃芳椿,111年苗栗縣議員選舉,首次申報,1111125,交通旅運支出,松豐加油站有限公司,16426880,0.00,770.00,,,,油資,金錢,苗栗縣銅鑼鄉****,,是,黃姵瑄,,,,二親等以內親屬(女兒),,
148,黃芳椿,111年苗栗縣議員選舉,首次申報,1111125,雜支支出,大廚快餐亭,47605085,0.00,2240.00,,,,餐飲費用,金錢,苗栗縣苗栗市****,,否,,,,,,,
149,黃芳椿,111年苗栗縣議員選舉,首次申報,1111126,交通旅運支出,松豐加油站有限公司,16426880,0.00,1100.00,,,,油資,金錢,苗栗縣銅鑼鄉****,,是,黃姵瑄,,,,二親等以內親屬(女兒),,
150,黃芳椿,111年苗栗縣議員選舉,首次申報,1111126,雜支支出,尚味燒臘快餐店,80972625,0.00,2000.00,,,,餐飲費用,金錢,苗栗縣銅鑼鄉****,,否,,,,,,,
151,黃芳椿,111年苗栗縣議員選舉,首次申報,1111126,宣傳支出,和靖洋商行,82387261,0.00,60000.00,,,,製作競選物品或宣傳廣告費用（抹布）,金錢,苗栗縣竹南鎮****,,否,,,,,,,
152,黃芳椿,111年苗栗縣議員選舉,首次申報,1111127,交通旅運支出,松豐加油站有限公司,16426880,0.00,1450.00,,,,油資,金錢,苗栗縣銅鑼鄉****,,是,黃姵瑄,,,,二親等以內親屬(女兒),,
153,黃芳椿,111年苗栗縣議員選舉,首次申報,1111127,雜支支出,尚味燒臘快餐店,80972625,0.00,1440.00,,,,餐飲費用,金錢,苗栗縣銅鑼鄉****,,否,,,,,,,
154,黃芳椿,111年苗栗縣議員選舉,首次申報,1111128,雜支支出,香帥便當社,66837867,0.00,800.00,,,,餐飲費用,金錢,苗栗縣銅鑼鄉****,,否,,,,,,,
155,黃芳椿,111年苗栗縣議員選舉,首次申報,1111205,人事費用支出,黃宏春,K10*******,0.00,52000.00,,,,工資或薪津,金錢,苗栗縣銅鑼鄉****,,否,,,,,,,
156,黃芳椿,111年苗栗縣議員選舉,首次申報,1111205,人事費用支出,黃逢春,K12*******,0.00,50000.00,,,,工資或薪津,金錢,苗栗縣銅鑼鄉****,,否,,,,,,,
