﻿序號,擬參選人／政黨,選舉名稱,申報序號／年度,交易日期,收支科目,捐贈者／支出對象,身分證／統一編號,收入金額,支出金額,捐贈方式,存入專戶日期,返還/繳庫,支出用途,金錢類,地址,聯絡電話,應揭露之支出對象,支出對象之內部人員姓名,支出對象之內部人員職稱,政黨之內部人員姓名,政黨之內部人員職稱,關係,更正註記,資料更正日期
1,左翼聯盟,,110,1100115,業務費用支出,蔡美玲,C22*******,0.00,19000.00,,,,租用辦公處所費用,金錢,臺北市信義區****,,否,,,,,,,
2,左翼聯盟,,110,1100126,雜支支出,景欣門第管理委員會,19331228,0.00,4836.00,,,,大樓管理費,金錢,臺北市文山區****,,否,,,,,,,
3,左翼聯盟,,110,1100130,業務費用支出,蔡美玲,C22*******,0.00,19000.00,,,,租用辦公處所費用,金錢,臺北市信義區****,,否,,,,,,,
4,左翼聯盟,,110,1100215,業務費用支出,蔡美玲,C22*******,0.00,19000.00,,,,租用辦公處所費用,金錢,臺北市信義區****,,否,,,,,,,
5,左翼聯盟,,110,1100228,業務費用支出,蔡美玲,C22*******,0.00,19000.00,,,,租用辦公處所費用,金錢,臺北市信義區****,,否,,,,,,,
6,左翼聯盟,,110,1100228,雜支支出,正典商務力中心有限公司,89846826,0.00,8000.00,,,,其他為維持日常運作所必要之相關費用,金錢,臺北市信義區****,,否,,,,,,,
7,左翼聯盟,,110,1100315,業務費用支出,蔡美玲,C22*******,0.00,19000.00,,,,租用辦公處所費用,金錢,臺北市信義區****,,否,,,,,,,
8,左翼聯盟,,110,1100324,雜支支出,景欣門第管理委員會,19331228,0.00,4836.00,,,,大樓管理費,金錢,臺北市文山區****,,否,,,,,,,
9,左翼聯盟,,110,1100330,業務費用支出,蔡美玲,C22*******,0.00,19000.00,,,,租用辦公處所費用,金錢,臺北市信義區****,,否,,,,,,,
10,左翼聯盟,,110,1100415,業務費用支出,蔡美玲,C22*******,0.00,19000.00,,,,租用辦公處所費用,金錢,臺北市信義區****,,否,,,,,,,
11,左翼聯盟,,110,1100430,業務費用支出,蔡美玲,C22*******,0.00,19000.00,,,,租用辦公處所費用,金錢,臺北市信義區****,,否,,,,,,,
12,左翼聯盟,,110,1100505,雜支支出,正典商務力中心有限公司,89846826,0.00,8000.00,,,,其他為維持日常運作所必要之相關費用,金錢,臺北市信義區****,,否,,,,,,,
13,左翼聯盟,,110,1100516,業務費用支出,蔡美玲,C22*******,0.00,19000.00,,,,租用辦公處所費用,金錢,臺北市信義區****,,否,,,,,,,
14,左翼聯盟,,110,1100530,業務費用支出,蔡美玲,C22*******,0.00,19000.00,,,,租用辦公處所費用,金錢,臺北市信義區****,,否,,,,,,,
15,左翼聯盟,,110,1100621,業務費用支出,蔡美玲,C22*******,0.00,19000.00,,,,租用辦公處所費用,金錢,臺北市信義區****,,否,,,,,,,
16,左翼聯盟,,110,1100630,業務費用支出,蔡美玲,C22*******,0.00,19000.00,,,,租用辦公處所費用,金錢,臺北市信義區****,,否,,,,,,,
17,左翼聯盟,,110,1100711,雜支支出,台灣電力公司,04860092,0.00,488.00,,,,水電瓦斯費用,金錢,,,否,,,,,,,
18,左翼聯盟,,110,1100715,業務費用支出,蔡美玲,C22*******,0.00,19000.00,,,,租用辦公處所費用,金錢,臺北市信義區****,,否,,,,,,,
19,左翼聯盟,,110,1100730,業務費用支出,蔡美玲,C22*******,0.00,19000.00,,,,租用辦公處所費用,金錢,臺北市信義區****,,否,,,,,,,
20,左翼聯盟,,110,1100815,業務費用支出,蔡美玲,C22*******,0.00,19000.00,,,,租用辦公處所費用,金錢,臺北市信義區****,,否,,,,,,,
21,左翼聯盟,,110,1100831,業務費用支出,蔡美玲,C22*******,0.00,19000.00,,,,租用辦公處所費用,金錢,臺北市信義區****,,否,,,,,,,
22,左翼聯盟,,110,1100914,業務費用支出,蔡美玲,C22*******,0.00,19000.00,,,,租用辦公處所費用,金錢,臺北市信義區****,,否,,,,,,,
23,左翼聯盟,,110,1101001,業務費用支出,蔡美玲,C22*******,0.00,19000.00,,,,租用辦公處所費用,金錢,臺北市信義區****,,否,,,,,,,
24,左翼聯盟,,110,1101005,雜支支出,正典商務力中心有限公司,89846826,0.00,8013.00,,,,其他為維持日常運作所必要之相關費用,金錢,臺北市信義區****,,否,,,,,,,
25,左翼聯盟,,110,1101005,雜支支出,正典商務力中心有限公司,89846826,0.00,8015.00,,,,其他為維持日常運作所必要之相關費用,金錢,臺北市信義區****,,否,,,,,,,
26,左翼聯盟,,110,1101016,業務費用支出,蔡美玲,C22*******,0.00,19000.00,,,,租用辦公處所費用,金錢,臺北市信義區****,,否,,,,,,,
27,左翼聯盟,,110,1101030,業務費用支出,蔡美玲,C22*******,0.00,19000.00,,,,租用辦公處所費用,金錢,臺北市信義區****,,否,,,,,,,
28,左翼聯盟,,110,1101030,雜支支出,正典商務力中心有限公司,89846826,0.00,8015.00,,,,其他為維持日常運作所必要之相關費用,金錢,臺北市信義區****,,否,,,,,,,
29,左翼聯盟,,110,1101116,業務費用支出,蔡美玲,C22*******,0.00,19000.00,,,,租用辦公處所費用,金錢,臺北市信義區****,,否,,,,,,,
30,左翼聯盟,,110,1101130,業務費用支出,蔡美玲,C22*******,0.00,19000.00,,,,租用辦公處所費用,金錢,臺北市信義區****,,否,,,,,,,
31,左翼聯盟,,110,1101215,業務費用支出,蔡美玲,C22*******,0.00,19000.00,,,,租用辦公處所費用,金錢,臺北市信義區****,,否,,,,,,,
32,左翼聯盟,,110,1101230,業務費用支出,蔡美玲,C22*******,0.00,19000.00,,,,租用辦公處所費用,金錢,臺北市信義區****,,否,,,,,,,
33,左翼聯盟,,110,1101230,雜支支出,正典商務力有限公司,89846826,0.00,16000.00,,,,其他為維持日常運作所必要之相關費用,金錢,臺北市信義區****,,否,,,,,,,
34,左翼聯盟,,110,1101230,雜支支出,正典商務力有限公司,89846826,0.00,40500.00,,,,其他為維持日常運作所必要之相關費用,金錢,臺北市信義區****,,否,,,,,,,
