﻿序號,擬參選人／政黨,選舉名稱,申報序號／年度,交易日期,收支科目,捐贈者／支出對象,身分證／統一編號,收入金額,支出金額,捐贈方式,存入專戶日期,返還/繳庫,支出用途,金錢類,地址,聯絡電話,應揭露之支出對象,支出對象之內部人員姓名,支出對象之內部人員職稱,政黨之內部人員姓名,政黨之內部人員職稱,關係,更正註記,資料更正日期
1,左翼聯盟,,110,1100325,個人捐贈收入,黃德北,L12*******,100000.00,0.00,現金,1100325,,,金錢,臺北市文山區****,,,,,,,,,
2,左翼聯盟,,110,1100331,個人捐贈收入,鍾秀梅,S22*******,100000.00,0.00,現金,1100331,,,金錢,臺南市東區裕****,,,,,,,,,
3,左翼聯盟,,110,1100621,其它收入,利息收入,,4.00,0.00,現金,1100621,,,金錢,,,,,,,,,,
4,左翼聯盟,,110,1100730,個人捐贈收入,黃德北,L12*******,100000.00,0.00,現金,1100730,,,金錢,臺北市文山區****,,,,,,,,,
5,左翼聯盟,,110,1101005,個人捐贈收入,林子文,F10*******,60000.00,0.00,現金,1101005,,,金錢,新北市土城區****,,,,,,,,,
6,左翼聯盟,,110,1101111,個人捐贈收入,傅鴻達,K12*******,100000.00,0.00,現金,1101111,,,金錢,桃園市桃園區****,,,,,,,,,
7,左翼聯盟,,110,1101112,個人捐贈收入,顏坤泉,R10*******,40000.00,0.00,現金,1101112,,,金錢,高雄市前鎮區****,,,,,,,,,
8,左翼聯盟,,110,1101221,其它收入,利息收入,,9.00,0.00,現金,1101221,,,金錢,,,,,,,,,,
