﻿序號,擬參選人／政黨,選舉名稱,申報序號／年度,交易日期,收支科目,捐贈者／支出對象,身分證／統一編號,收入金額,支出金額,支出用途,金錢類,地址,聯絡電話,資料更正日期
1,黃錫墉,107年縣(市)議員選舉,首次申報,1071111,營利事業捐贈收入,罡鼎有限公司,22435802,30000.00,0.00,,金錢,宜蘭縣三星鄉****,,
2,黃錫墉,107年縣(市)議員選舉,首次申報,1071111,營利事業捐贈收入,崧峰實業(股)公司,23093260,30000.00,0.00,,金錢,宜蘭縣冬山鄉****,,
3,黃錫墉,107年縣(市)議員選舉,首次申報,1071111,營利事業捐贈收入,三升農機科技(股)公司,23864098,10000.00,0.00,,金錢,宜蘭縣三星鄉****,,
4,黃錫墉,107年縣(市)議員選舉,首次申報,1071111,營利事業捐贈收入,兆峰實業(股)公司,86766897,30000.00,0.00,,金錢,宜蘭縣冬山鄉****,,
5,黃錫墉,107年縣(市)議員選舉,首次申報,1071111,個人捐贈收入,簡德旺,G10*******,10000.00,0.00,,金錢,宜蘭縣三星鄉****,,
6,黃錫墉,107年縣(市)議員選舉,首次申報,1071111,個人捐贈收入,邱宏麟,G12*******,50000.00,0.00,,金錢,新北市中和區****,,
7,黃錫墉,107年縣(市)議員選舉,首次申報,1071111,個人捐贈收入,邱宏慶,G12*******,50000.00,0.00,,金錢,宜蘭縣羅東鎮****,,
8,黃錫墉,107年縣(市)議員選舉,首次申報,1071111,個人捐贈收入,邱宏裕,G12*******,50000.00,0.00,,金錢,台北市文山區****,,
9,黃錫墉,107年縣(市)議員選舉,首次申報,1071111,個人捐贈收入,蔡淨賢,Q22*******,13000.00,0.00,,金錢,宜蘭縣三星鄉****,,
10,黃錫墉,107年縣(市)議員選舉,首次申報,1071221,其他收入,利息收入,,6.00,0.00,,金錢,,,
