﻿序號,擬參選人／政黨,選舉名稱,申報序號／年度,交易日期,收支科目,捐贈者／支出對象,身分證／統一編號,收入金額,支出金額,捐贈方式,存入專戶日期,返還/繳庫,支出用途,金錢類,地址,聯絡電話,應揭露之支出對象,支出對象之內部人員姓名,支出對象之內部人員職稱,政黨之內部人員姓名,政黨之內部人員職稱,關係,更正註記,資料更正日期
1,蔡宗豪,111年臺南市議員選舉,首次申報,1110525,個人捐贈收入,傅美華,Q22*******,30000.00,0.00,匯款,1110525,,,金錢,臺南市安南區****,0932*****,,,,,,,,
2,蔡宗豪,111年臺南市議員選舉,首次申報,1110526,個人捐贈收入,蔡建男,E12*******,100000.00,0.00,匯款,1110526,,,金錢,臺南市東區裕****,0932*****,,,,,,,,
3,蔡宗豪,111年臺南市議員選舉,首次申報,1110526,個人捐贈收入,張雅菁,R22*******,100000.00,0.00,匯款,1110526,,,金錢,臺南市東區裕****,0937*****,,,,,,,,
4,蔡宗豪,111年臺南市議員選舉,首次申報,1110527,個人捐贈收入,陳俊男,E12*******,50000.00,0.00,匯款,1110527,,,金錢,臺南市學甲區****,0933*****,,,,,,,,
5,蔡宗豪,111年臺南市議員選舉,首次申報,1110527,個人捐贈收入,陳俊男,E12*******,50000.00,0.00,匯款,1110527,,,金錢,臺南市學甲區****,0933*****,,,,,,,,
6,蔡宗豪,111年臺南市議員選舉,首次申報,1110527,個人捐贈收入,莊佳璋,F12*******,50000.00,0.00,匯款,1110527,,,金錢,高雄市旗津區****,0921*****,,,,,,,,
7,蔡宗豪,111年臺南市議員選舉,首次申報,1110601,個人捐贈收入,廖維怡,D22*******,100000.00,0.00,匯款,1110601,,,金錢,臺南市西華街****,0961*****,,,,,,,,
8,蔡宗豪,111年臺南市議員選舉,首次申報,1110602,個人捐贈收入,藺延齡,R22*******,6000.00,0.00,現金,1110602,,,金錢,臺南市東區崇****,0913*****,,,,,,,,
9,蔡宗豪,111年臺南市議員選舉,首次申報,1110606,個人捐贈收入,傅美華,Q22*******,20000.00,0.00,匯款,1110606,,,金錢,臺南市安南區****,0932*****,,,,,,,,
10,蔡宗豪,111年臺南市議員選舉,首次申報,1110609,個人捐贈收入,傅耀輝,D12*******,10000.00,0.00,現金,1110609,,,金錢,臺南市東區東****,0933*****,,,,,,,,
11,蔡宗豪,111年臺南市議員選舉,首次申報,1110610,個人捐贈收入,莊佳璋,F12*******,50000.00,0.00,匯款,1110610,,,金錢,高雄市旗津區****,0921*****,,,,,,,,
12,蔡宗豪,111年臺南市議員選舉,首次申報,1110614,政黨捐贈收入,中國國民黨,政黨證字第1號,100000.00,0.00,現金,1110615,,,金錢,台北市中山區****,(02)*****,,,,,,,,
13,蔡宗豪,111年臺南市議員選舉,首次申報,1110617,個人捐贈收入,曾美絹,R22*******,50000.00,0.00,匯款,1110617,,,金錢,臺南市安南區****,0931*****,,,,,,,,
14,蔡宗豪,111年臺南市議員選舉,首次申報,1110621,其他收入,利息收入,,2.00,0.00,匯款,1110621,,,金錢,,,,,,,,,,
15,蔡宗豪,111年臺南市議員選舉,首次申報,1110711,匿名捐贈,匿名,,500.00,0.00,現金,1110711,,,金錢,,,,,,,,,,
16,蔡宗豪,111年臺南市議員選舉,首次申報,1110803,匿名捐贈,曾芳貞匿名,,1000.00,0.00,匯款,1110803,,,金錢,,,,,,,,,,
17,蔡宗豪,111年臺南市議員選舉,首次申報,1110803,個人捐贈收入,姜丁引,R12*******,100000.00,0.00,票據,1110804,,,金錢,臺南市東區利****,,,,,,,,,
18,蔡宗豪,111年臺南市議員選舉,首次申報,1110815,個人捐贈收入,蔡耀焜,T10*******,100000.00,0.00,匯款,1110815,,,金錢,高雄市鳥松區****,0972*****,,,,,,,,
19,蔡宗豪,111年臺南市議員選舉,首次申報,1110822,個人捐贈收入,李世文,D12*******,20000.00,0.00,匯款,1110822,,,金錢,臺南市安南區****,0937*****,,,,,,,,
20,蔡宗豪,111年臺南市議員選舉,首次申報,1110824,個人捐贈收入,陳秀換,D22*******,100000.00,0.00,匯款,1110824,,,金錢,臺南市南區鯤****,,,,,,,,,
21,蔡宗豪,111年臺南市議員選舉,首次申報,1110825,個人捐贈收入,吳邱玉貞,D20*******,6000.00,0.00,現金,1110825,,,金錢,臺南市北區開****,0623*****,,,,,,,,
22,蔡宗豪,111年臺南市議員選舉,首次申報,1110825,個人捐贈收入,曾立民,R12*******,20000.00,0.00,匯款,1110825,,,金錢,臺南市永康區****,0935*****,,,,,,,,
23,蔡宗豪,111年臺南市議員選舉,首次申報,1110827,個人捐贈收入,林榮輝,D12*******,10000.00,0.00,現金,1110829,,,金錢,臺南市北區海****,0936*****,,,,,,,,
24,蔡宗豪,111年臺南市議員選舉,首次申報,1110827,個人捐贈收入,張慶和,N12*******,10000.00,0.00,現金,1110829,,,金錢,臺南市永康區****,0931*****,,,,,,,,
25,蔡宗豪,111年臺南市議員選舉,首次申報,1110827,個人捐贈收入,蔣世傑,R12*******,100000.00,0.00,現金,1110829,,,金錢,臺南市南區鯤****,0910*****,,,,,,,,
26,蔡宗豪,111年臺南市議員選舉,首次申報,1110827,個人捐贈收入,王織錦,R22*******,20000.00,0.00,現金,1110829,,,金錢,臺南市中西區****,0931*****,,,,,,,,
27,蔡宗豪,111年臺南市議員選舉,首次申報,1110827,個人捐贈收入,劉雅萍,R22*******,100000.00,0.00,現金,1110829,,,金錢,臺南市南區鯤****,0988*****,,,,,,,,
28,蔡宗豪,111年臺南市議員選舉,首次申報,1110828,個人捐贈收入,林石貴珠,D20*******,6000.00,0.00,現金,1110831,,,金錢,臺南市北區頂****,0628*****,,,,,,,,
29,蔡宗豪,111年臺南市議員選舉,首次申報,1110828,個人捐贈收入,翁貞婉,R20*******,20000.00,0.00,現金,1110831,,,金錢,臺南市北區賢****,0915*****,,,,,,,,
30,蔡宗豪,111年臺南市議員選舉,首次申報,1110829,個人捐贈收入,傅浚展,Q12*******,20000.00,0.00,匯款,1110905,,,金錢,臺南市安南區****,0926*****,,,,,,,,
31,蔡宗豪,111年臺南市議員選舉,首次申報,1110830,個人捐贈收入,石琦華,R22*******,10000.00,0.00,現金,1110830,,,金錢,臺南市北區開****,0937*****,,,,,,,,
32,蔡宗豪,111年臺南市議員選舉,首次申報,1110831,個人捐贈收入,曾俊憲,D12*******,50000.00,0.00,現金,1110831,,,金錢,臺南市東區自****,0911*****,,,,,,,,
33,蔡宗豪,111年臺南市議員選舉,首次申報,1110901,個人捐贈收入,曾俊憲,D12*******,50000.00,0.00,現金,1110901,,,金錢,臺南市東區自****,0911*****,,,,,,,,
34,蔡宗豪,111年臺南市議員選舉,首次申報,1110907,個人捐贈收入,呂萬傑,R12*******,66000.00,0.00,匯款,1110907,,,金錢,臺南市官田區****,0937*****,,,,,,,,
35,蔡宗豪,111年臺南市議員選舉,首次申報,1110914,個人捐贈收入,鍾芳華,,2000.00,0.00,現金,1110916,,,金錢,臺南市北區西****,0920*****,,,,,,,,
36,蔡宗豪,111年臺南市議員選舉,首次申報,1110915,匿名捐贈,匿名,,3000.00,0.00,現金,1110915,,,金錢,,,,,,,,,,
37,蔡宗豪,111年臺南市議員選舉,首次申報,1110915,個人捐贈收入,吳秀麗,D20*******,6000.00,0.00,現金,1110916,,,金錢,臺南市中西區****,0958*****,,,,,,,,
38,蔡宗豪,111年臺南市議員選舉,首次申報,1110915,個人捐贈收入,蕭發榮,Q12*******,50000.00,0.00,匯款,1110915,,,金錢,臺南市新營區****,0935*****,,,,,,,,
39,蔡宗豪,111年臺南市議員選舉,首次申報,1110915,個人捐贈收入,蕭發榮,Q12*******,50000.00,0.00,匯款,1110915,,,金錢,臺南市新營區****,0935*****,,,,,,,,
40,蔡宗豪,111年臺南市議員選舉,首次申報,1110916,個人捐贈收入,林綉鳳,P20*******,100000.00,0.00,現金,1110916,,,金錢,臺南市永康區****,0620*****,,,,,,,,
41,蔡宗豪,111年臺南市議員選舉,首次申報,1110919,個人捐贈收入,陳俊名,D12*******,50000.00,0.00,匯款,1110919,,,金錢,臺南市永康區****,0937*****,,,,,,,,
42,蔡宗豪,111年臺南市議員選舉,首次申報,1110928,個人捐贈收入,鐘順和,,5000.00,0.00,現金,1110928,,,金錢,,0932*****,,,,,,,,
43,蔡宗豪,111年臺南市議員選舉,首次申報,1111021,個人捐贈收入,陳建廷,D12*******,60000.00,0.00,現金,1111021,,,金錢,臺南市安南區****,0989*****,,,,,,,,
44,蔡宗豪,111年臺南市議員選舉,首次申報,1111021,個人捐贈收入,稅承國,R12*******,10000.00,0.00,現金,1111021,,,金錢,臺南市安平區****,0933*****,,,,,,,,
45,蔡宗豪,111年臺南市議員選舉,首次申報,1111027,營利事業捐贈收入,星鑽正興旅館有限公司,42930323,10000.00,0.00,現金,1111027,,,金錢,台南市中西區****,0622*****,,,,,,,,
46,蔡宗豪,111年臺南市議員選舉,首次申報,1111031,個人捐贈收入,吳秋治,S20*******,100000.00,0.00,現金,1111031,,,金錢,高雄市苓雅區****,,,,,,,,,
47,蔡宗豪,111年臺南市議員選舉,首次申報,1111107,個人捐贈收入,鄭佑,E12*******,100000.00,0.00,現金,1111107,,,金錢,高雄市苓雅區****,0978*****,,,,,,,,
48,蔡宗豪,111年臺南市議員選舉,首次申報,1111111,個人捐贈收入,劉奎廷,D12*******,20000.00,0.00,現金,1111115,,,金錢,臺南市中西區****,0910*****,,,,,,,,
49,蔡宗豪,111年臺南市議員選舉,首次申報,1111111,個人捐贈收入,王正坤,R12*******,10000.00,0.00,票據,1111115,,,金錢,臺南市東區東****,,,,,,,,,
50,蔡宗豪,111年臺南市議員選舉,首次申報,1111121,匿名捐贈,匿名,,1000.00,0.00,現金,1111121,,,金錢,,,,,,,,,,
51,蔡宗豪,111年臺南市議員選舉,首次申報,1111121,個人捐贈收入,胡靜玲,,6000.00,0.00,現金,1111125,,,金錢,,0960*****,,,,,,,,
52,蔡宗豪,111年臺南市議員選舉,首次申報,1111121,個人捐贈收入,李文誠,R12*******,20000.00,0.00,匯款,1111121,,,金錢,臺南市安平區****,0910*****,,,,,,,,
53,蔡宗豪,111年臺南市議員選舉,首次申報,1111125,個人捐贈收入,葉信成,D12*******,20000.00,0.00,現金,1111125,,,金錢,臺南市北區西****,0932*****,,,,,,,,
54,蔡宗豪,111年臺南市議員選舉,首次申報,1111125,個人捐贈收入,林青怡,D22*******,100000.00,0.00,現金,1111130,,,金錢,臺南市北區北****,0972*****,,,,,,,,
