﻿序號,擬參選人／政黨,選舉名稱,申報序號／年度,交易日期,收支科目,捐贈者／支出對象,身分證／統一編號,收入金額,支出金額,支出用途,金錢類,地址,聯絡電話,資料更正日期
1,陳習珍,107年直轄市議員選舉,首次申報,1070702,個人捐贈收入,邱玉瓊,,1600.00,0.00,,金錢,,0973*****,
2,陳習珍,107年直轄市議員選舉,首次申報,1070718,個人捐贈收入,蔡勵志（釋信願）,P12*******,20000.00,0.00,,金錢,,0988*****,
3,陳習珍,107年直轄市議員選舉,首次申報,1070802,個人捐贈收入,韋如金,L29*******,10000.00,0.00,,金錢,臺中市潭子區****,0910*****,
4,陳習珍,107年直轄市議員選舉,首次申報,1070814,個人捐贈收入,蔡霞慧,S20*******,10000.00,0.00,,金錢,,0925*****,
5,陳習珍,107年直轄市議員選舉,首次申報,1071221,其他收入,利息收入,,6.00,0.00,,金錢,,,
