﻿序號,擬參選人／政黨,選舉名稱,申報序號／年度,交易日期,收支科目,捐贈者／支出對象,身分證／統一編號,收入金額,支出金額,支出用途,金錢類,地址,聯絡電話,資料更正日期
1,郭遠彰,107年縣(市)議員選舉,首次申報,1071004,個人捐贈收入,張維芝,J10*******,3000.00,0.00,,金錢,新竹縣竹東鎮****,,
2,郭遠彰,107年縣(市)議員選舉,首次申報,1071004,個人捐贈收入,鄒運來,J10*******,3000.00,0.00,,金錢,新竹縣竹東鎮****,,
3,郭遠彰,107年縣(市)議員選舉,首次申報,1071004,個人捐贈收入,陳燕明,J10*******,3000.00,0.00,,金錢,新竹縣竹東鎮****,,
4,郭遠彰,107年縣(市)議員選舉,首次申報,1071004,個人捐贈收入,江文煥,J12*******,2000.00,0.00,,金錢,新竹縣竹東鎮****,,
5,郭遠彰,107年縣(市)議員選舉,首次申報,1071004,個人捐贈收入,鄒昌儒,J12*******,6000.00,0.00,,金錢,臺北市內湖區****,,
6,郭遠彰,107年縣(市)議員選舉,首次申報,1071004,個人捐贈收入,陳月蘭,J22*******,1000.00,0.00,,金錢,新竹縣竹東鎮****,,
7,郭遠彰,107年縣(市)議員選舉,首次申報,1071005,個人捐贈收入,陳俊翰,J12*******,6000.00,0.00,,金錢,新竹縣竹東鎮****,,
8,郭遠彰,107年縣(市)議員選舉,首次申報,1071005,個人捐贈收入,巫江志,J12*******,20000.00,0.00,,金錢,新竹縣橫山鄉****,,
9,郭遠彰,107年縣(市)議員選舉,首次申報,1071005,個人捐贈收入,陳羿均,J12*******,6000.00,0.00,,金錢,新竹縣竹東鎮****,,
10,郭遠彰,107年縣(市)議員選舉,首次申報,1071006,個人捐贈收入,郭博文,J10*******,20000.00,0.00,,金錢,新竹縣竹東鎮****,,
11,郭遠彰,107年縣(市)議員選舉,首次申報,1071006,個人捐贈收入,郭光樓,J10*******,10000.00,0.00,,金錢,新竹縣竹東鎮****,,
12,郭遠彰,107年縣(市)議員選舉,首次申報,1071006,個人捐贈收入,羅仁光,J10*******,10000.00,0.00,,金錢,新竹縣竹東鎮****,,
13,郭遠彰,107年縣(市)議員選舉,首次申報,1071006,個人捐贈收入,姜義鎮,J10*******,6600.00,0.00,,金錢,新竹縣竹東鎮****,,
14,郭遠彰,107年縣(市)議員選舉,首次申報,1071007,個人捐贈收入,曾賢明,J10*******,10000.00,0.00,,金錢,新竹縣竹東鎮****,,
15,郭遠彰,107年縣(市)議員選舉,首次申報,1071007,個人捐贈收入,湯智豪,J12*******,5000.00,0.00,,金錢,新竹縣竹東鎮****,,
16,郭遠彰,107年縣(市)議員選舉,首次申報,1071007,個人捐贈收入,邱瑞隆,U10*******,1000.00,0.00,,金錢,新竹縣竹東鎮****,,
17,郭遠彰,107年縣(市)議員選舉,首次申報,1071008,個人捐贈收入,羅正賢,J10*******,1000.00,0.00,,金錢,新竹縣竹東鎮****,,
18,郭遠彰,107年縣(市)議員選舉,首次申報,1071008,個人捐贈收入,曾信慧,J20*******,10000.00,0.00,,金錢,新竹縣竹東鎮****,,
19,郭遠彰,107年縣(市)議員選舉,首次申報,1071009,個人捐贈收入,陳天雄,E10*******,3000.00,0.00,,金錢,高雄市鼓山區****,,
20,郭遠彰,107年縣(市)議員選舉,首次申報,1071009,個人捐贈收入,羅朝明,J10*******,10000.00,0.00,,金錢,新竹縣竹東鎮****,,
21,郭遠彰,107年縣(市)議員選舉,首次申報,1071009,個人捐贈收入,彭兆昌,J10*******,10000.00,0.00,,金錢,新竹縣竹東鎮****,,
22,郭遠彰,107年縣(市)議員選舉,首次申報,1071009,個人捐贈收入,傅子真,N22*******,50000.00,0.00,,金錢,新竹縣竹北市****,,
23,郭遠彰,107年縣(市)議員選舉,首次申報,1071011,個人捐贈收入,何智博,J10*******,100000.00,0.00,,金錢,新竹縣竹東鎮****,,
24,郭遠彰,107年縣(市)議員選舉,首次申報,1071013,個人捐贈收入,彭兆成,J12*******,6000.00,0.00,,金錢,新竹縣竹東鎮****,,
25,郭遠彰,107年縣(市)議員選舉,首次申報,1071014,個人捐贈收入,李偉,J12*******,10000.00,0.00,,金錢,新竹縣竹北市****,,
26,郭遠彰,107年縣(市)議員選舉,首次申報,1071015,營利事業捐贈收入,隆鑫會計事務所,47077036,60000.00,0.00,,金錢,新竹縣竹東鎮****,,
27,郭遠彰,107年縣(市)議員選舉,首次申報,1071015,個人捐贈收入,陳啟堂,J12*******,10000.00,0.00,,金錢,新竹縣竹東鎮****,,
28,郭遠彰,107年縣(市)議員選舉,首次申報,1071016,個人捐贈收入,陳明富,A11*******,8000.00,0.00,,金錢,臺北市松山區****,,
29,郭遠彰,107年縣(市)議員選舉,首次申報,1071017,個人捐贈收入,田偉方,D12*******,2000.00,0.00,,金錢,新竹縣竹東鎮****,,
30,郭遠彰,107年縣(市)議員選舉,首次申報,1071025,個人捐贈收入,龔祐亭,V22*******,10000.00,0.00,,金錢,臺北市大安區****,,
31,郭遠彰,107年縣(市)議員選舉,首次申報,1071103,個人捐贈收入,彭振博,J10*******,5000.00,0.00,,金錢,新竹縣竹東鎮****,,
32,郭遠彰,107年縣(市)議員選舉,首次申報,1071103,個人捐贈收入,姜永隆,J12*******,6600.00,0.00,,金錢,新竹縣竹北市****,,
33,郭遠彰,107年縣(市)議員選舉,首次申報,1071104,個人捐贈收入,蔡憲宗,L10*******,50000.00,0.00,,金錢,新竹縣竹東鎮****,,
34,郭遠彰,107年縣(市)議員選舉,首次申報,1071105,個人捐贈收入,魏增光,J10*******,500.00,0.00,,金錢,新竹縣竹東鎮****,,
35,郭遠彰,107年縣(市)議員選舉,首次申報,1071106,個人捐贈收入,蔡瑞章,J12*******,2000.00,0.00,,金錢,新竹縣竹東鎮****,,
36,郭遠彰,107年縣(市)議員選舉,首次申報,1071106,個人捐贈收入,張書宣,J12*******,6600.00,0.00,,金錢,新竹縣竹東鎮****,,
37,郭遠彰,107年縣(市)議員選舉,首次申報,1071106,個人捐贈收入,江銀政,J12*******,6000.00,0.00,,金錢,新竹縣竹東鎮****,,
38,郭遠彰,107年縣(市)議員選舉,首次申報,1071107,個人捐贈收入,姜文珠,J22*******,2000.00,0.00,,金錢,臺北市松山區****,,
39,郭遠彰,107年縣(市)議員選舉,首次申報,1071123,個人捐贈收入,劉守禮,H10*******,50000.00,0.00,,金錢,桃園市中壢區****,,
40,郭遠彰,107年縣(市)議員選舉,首次申報,1071123,個人捐贈收入,李篤誠,Q12*******,100000.00,0.00,,金錢,新竹縣竹北市****,,
