﻿序號,擬參選人／政黨,選舉名稱,申報序號／年度,交易日期,收支科目,捐贈者／支出對象,身分證／統一編號,收入金額,支出金額,捐贈方式,存入專戶日期,返還/繳庫,支出用途,金錢類,地址,聯絡電話,應揭露之支出對象,支出對象之內部人員姓名,支出對象之內部人員職稱,政黨之內部人員姓名,政黨之內部人員職稱,關係,更正註記,資料更正日期
1,許家蓓,111年臺北市議員選舉,首次申報,1110525,個人捐贈收入,張嫚芳,A22*******,40000.00,0.00,,,,,非金錢,臺北市信義區****,0925*****,,,,,,,,
2,許家蓓,111年臺北市議員選舉,首次申報,1110601,個人捐贈收入,詹淑芬,A22*******,40000.00,0.00,,,,,非金錢,臺北市信義區****,0932*****,,,,,,,,
3,許家蓓,111年臺北市議員選舉,首次申報,1110609,匿名捐贈,匿名,,600.00,0.00,現金,1110609,,,金錢,,,,,,,,,,
4,許家蓓,111年臺北市議員選舉,首次申報,1110615,個人捐贈收入,黃重生,A12*******,100000.00,0.00,現金,1110615,,,金錢,臺北市松山區****,0932*****,,,,,,,,
5,許家蓓,111年臺北市議員選舉,首次申報,1110615,個人捐贈收入,黃重仁,A12*******,100000.00,0.00,現金,1110615,,,金錢,臺北市松山區****,0975*****,,,,,,,,
6,許家蓓,111年臺北市議員選舉,首次申報,1110615,個人捐贈收入,洪献堂,E10*******,22000.00,0.00,,,,,非金錢,臺北市松山區****,0966*****,,,,,,,,
7,許家蓓,111年臺北市議員選舉,首次申報,1110615,個人捐贈收入,簡昭惠,Q22*******,100000.00,0.00,現金,1110615,,,金錢,臺北市士林區****,02-2*****,,,,,,,,
8,許家蓓,111年臺北市議員選舉,首次申報,1110704,營利事業捐贈收入,佳廣國際貿易有限公司,45142476,200000.00,0.00,匯款,1110704,,,金錢,高雄市苓雅區****,07-7*****,,,,,,,,
9,許家蓓,111年臺北市議員選舉,首次申報,1110728,個人捐贈收入,王子慧,Y20*******,50000.00,0.00,現金,1110728,,,金錢,臺北市北投區****,0988*****,,,,,,,,
10,許家蓓,111年臺北市議員選舉,首次申報,1110815,個人捐贈收入,洪忠仁,K12*******,20000.00,0.00,,,,,非金錢,臺北市信義區****,0922*****,,,,,,,,
11,許家蓓,111年臺北市議員選舉,首次申報,1110913,個人捐贈收入,賴玩秀,A22*******,30000.00,0.00,現金,1110913,,,金錢,臺北市中山區****,0939*****,,,,,,,,
12,許家蓓,111年臺北市議員選舉,首次申報,1110922,個人捐贈收入,陳證文,A12*******,100000.00,0.00,現金,1110922,,,金錢,臺北市中正區****,0939*****,,,,,,,,
13,許家蓓,111年臺北市議員選舉,首次申報,1110922,個人捐贈收入,杜芊慧,A90*******,100000.00,0.00,現金,1110922,已繳庫,,金錢,臺北市中正區****,0939*****,,,,,,,,
14,許家蓓,111年臺北市議員選舉,首次申報,1110922,個人捐贈收入,鄭家佩,F22*******,100000.00,0.00,現金,1110922,,,金錢,臺北市中山區****,0937*****,,,,,,,,
15,許家蓓,111年臺北市議員選舉,首次申報,1110926,個人捐贈收入,吳明德,N10*******,10000.00,0.00,現金,1110926,,,金錢,臺中市南區公****,0970*****,,,,,,,,
16,許家蓓,111年臺北市議員選舉,首次申報,1110927,個人捐贈收入,楊振豐,P10*******,100000.00,0.00,匯款,1110927,,,金錢,臺中市北區賴****,0913*****,,,,,,,,
17,許家蓓,111年臺北市議員選舉,首次申報,1111001,個人捐贈收入,吳興森,A10*******,20000.00,0.00,,,,,非金錢,臺北市信義區****,0936*****,,,,,,,,
18,許家蓓,111年臺北市議員選舉,首次申報,1111004,個人捐贈收入,朱日銓,N12*******,50000.00,0.00,匯款,1111017,,,金錢,臺北市大同區****,0935*****,,,,,,,,
19,許家蓓,111年臺北市議員選舉,首次申報,1111005,個人捐贈收入,楊玉霞,,3000.00,0.00,現金,1111005,,,金錢,臺北市大安區****,0937*****,,,,,,,,
20,許家蓓,111年臺北市議員選舉,首次申報,1111005,匿名捐贈,匿名,,1000.00,0.00,匯款,1111005,,,金錢,,,,,,,,,,
21,許家蓓,111年臺北市議員選舉,首次申報,1111006,個人捐贈收入,許八郎,,3000.00,0.00,現金,1111011,,,金錢,,0932*****,,,,,,,,
22,許家蓓,111年臺北市議員選舉,首次申報,1111006,營利事業捐贈收入,水美開發實業股份有限公司,23052232,30000.00,0.00,現金,1111006,,,金錢,臺北市中山區****,2501*****,,,,,,,,
23,許家蓓,111年臺北市議員選舉,首次申報,1111007,個人捐贈收入,許林秀鑾,,3000.00,0.00,現金,1111011,,,金錢,,0910*****,,,,,,,,
24,許家蓓,111年臺北市議員選舉,首次申報,1111007,營利事業捐贈收入,萬濠事業股份有限公司,53776760,200000.00,0.00,匯款,1111007,,,金錢,臺北市信義區****,,,,,,,,,
25,許家蓓,111年臺北市議員選舉,首次申報,1111007,個人捐贈收入,陳茂複,A12*******,200000.00,0.00,票據,1111007,已返還,,金錢,臺北市松山區****,0936*****,,,,,,,,
26,許家蓓,111年臺北市議員選舉,首次申報,1111007,個人捐贈收入,鍾志強,R12*******,2000.00,0.00,匯款,1111017,,,金錢,臺北市文山區****,0936*****,,,,,,,,
27,許家蓓,111年臺北市議員選舉,首次申報,1111008,個人捐贈收入,高戴貴鳳,,2000.00,0.00,現金,1111011,,,金錢,,0987*****,,,,,,,,
28,許家蓓,111年臺北市議員選舉,首次申報,1111008,個人捐贈收入,盧秀美,,10000.00,0.00,現金,1111011,,,金錢,新北市三重區****,0922*****,,,,,,,,
29,許家蓓,111年臺北市議員選舉,首次申報,1111008,個人捐贈收入,陳景松,,5000.00,0.00,現金,1111011,,,金錢,臺北市松山區****,0933*****,,,,,,,,
30,許家蓓,111年臺北市議員選舉,首次申報,1111008,個人捐贈收入,江漢川,,2000.00,0.00,現金,1111011,,,金錢,,2762*****,,,,,,,,
31,許家蓓,111年臺北市議員選舉,首次申報,1111008,個人捐贈收入,黃森彬,,5000.00,0.00,現金,1111011,,,金錢,臺北市松山區****,0968*****,,,,,,,,
32,許家蓓,111年臺北市議員選舉,首次申報,1111008,個人捐贈收入,陳玉翠,,10000.00,0.00,現金,1111011,,,金錢,臺北市松山區****,0928*****,,,,,,,,
33,許家蓓,111年臺北市議員選舉,首次申報,1111008,個人捐贈收入,鍾泇純,,2000.00,0.00,現金,1111011,,,金錢,,0938*****,,,,,,,,
34,許家蓓,111年臺北市議員選舉,首次申報,1111008,個人捐贈收入,侯仕文,D12*******,20000.00,0.00,現金,1111011,,,金錢,新北市蘆洲區****,0932*****,,,,,,,,
35,許家蓓,111年臺北市議員選舉,首次申報,1111008,個人捐贈收入,鍾佩蓁,F22*******,50000.00,0.00,現金,1111011,,,金錢,臺北市中山區****,0988*****,,,,,,,,
36,許家蓓,111年臺北市議員選舉,首次申報,1111011,個人捐贈收入,謝高福 南京公寓市場,,5000.00,0.00,匯款,1111011,已返還,,金錢,臺北市松山區****,0953*****,,,,,,,,
37,許家蓓,111年臺北市議員選舉,首次申報,1111012,個人捐贈收入,楊素蕊,,6000.00,0.00,現金,1111017,,,金錢,,0917*****,,,,,,,,
38,許家蓓,111年臺北市議員選舉,首次申報,1111012,個人捐贈收入,陳劉冬英,,5000.00,0.00,現金,1111017,,,金錢,,2733*****,,,,,,,,
39,許家蓓,111年臺北市議員選舉,首次申報,1111012,個人捐贈收入,葉陳水,,2000.00,0.00,現金,1111017,,,金錢,臺北市信義區****,0989*****,,,,,,,,
40,許家蓓,111年臺北市議員選舉,首次申報,1111012,個人捐贈收入,謝金火,,20000.00,0.00,現金,1111017,,,金錢,臺北市信義區****,0932*****,,,,,,,,
41,許家蓓,111年臺北市議員選舉,首次申報,1111012,營利事業捐贈收入,卓傳股份有限公司,16275757,100000.00,0.00,票據,1111012,,,金錢,新北市三重區****,2973*****,,,,,,,,
42,許家蓓,111年臺北市議員選舉,首次申報,1111012,個人捐贈收入,周陳罔市,R20*******,1000.00,0.00,現金,1111017,,,金錢,臺北市信義區****,2732*****,,,,,,,,
43,許家蓓,111年臺北市議員選舉,首次申報,1111013,個人捐贈收入,溫真郁,F22*******,10000.00,0.00,匯款,1111013,,,金錢,,0933*****,,,,,,,,
44,許家蓓,111年臺北市議員選舉,首次申報,1111013,個人捐贈收入,葉素菊,K20*******,10000.00,0.00,現金,1111017,,,金錢,,0928*****,,,,,,,,
45,許家蓓,111年臺北市議員選舉,首次申報,1111021,個人捐贈收入,林明松,A12*******,20000.00,0.00,匯款,1111021,,,金錢,臺北市大安區****,0932*****,,,,,,,,
46,許家蓓,111年臺北市議員選舉,首次申報,1111024,個人捐贈收入,邱玉標,A11*******,20000.00,0.00,匯款,1111024,,,金錢,臺北市信義區****,0916*****,,,,,,,,
47,許家蓓,111年臺北市議員選舉,首次申報,1111028,個人捐贈收入,曹金葉,,6000.00,0.00,現金,1111028,,,金錢,臺北市信義區****,0928*****,,,,,,,,
48,許家蓓,111年臺北市議員選舉,首次申報,1111031,營利事業捐贈收入,家瑞建設股份有限公司,84704897,200000.00,0.00,匯款,1111031,,,金錢,臺北市信義區****,2759*****,,,,,,,,
49,許家蓓,111年臺北市議員選舉,首次申報,1111104,個人捐贈收入,郭睿家,A22*******,100000.00,0.00,現金,1111104,,,金錢,臺北市松山區****,2715*****,,,,,,,,
50,許家蓓,111年臺北市議員選舉,首次申報,1111107,營利事業捐贈收入,至律開發有限公司,68150602,100000.00,0.00,現金,1111107,已返還,,金錢,新北市汐止區****,2642*****,,,,,,,,
51,許家蓓,111年臺北市議員選舉,首次申報,1111107,個人捐贈收入,陳少逵,A12*******,100000.00,0.00,匯款,1111107,,,金錢,臺北市松山區****,2712*****,,,,,,,,
52,許家蓓,111年臺北市議員選舉,首次申報,1111107,個人捐贈收入,李沅珈,A12*******,50000.00,0.00,現金,1111107,,,金錢,臺北市士林區****,0910*****,,,,,,,,
53,許家蓓,111年臺北市議員選舉,首次申報,1111107,個人捐贈收入,郭于琳,F22*******,100000.00,0.00,現金,1111107,,,金錢,臺北市松山區****,2715*****,,,,,,,,
54,許家蓓,111年臺北市議員選舉,首次申報,1111108,個人捐贈收入,許鴻樹,,3000.00,0.00,現金,1111108,,,金錢,臺北市松山區****,0988*****,,,,,,,,
55,許家蓓,111年臺北市議員選舉,首次申報,1111108,匿名捐贈,陳金鈴,,3000.00,0.00,現金,1111108,,,金錢,,,,,,,,,,
56,許家蓓,111年臺北市議員選舉,首次申報,1111108,個人捐贈收入,袁德來,,3000.00,0.00,現金,1111108,,,金錢,臺北市松山區****,0937*****,,,,,,,,
57,許家蓓,111年臺北市議員選舉,首次申報,1111108,營利事業捐贈收入,曼谷達愛環保有限公司,28446910,20000.00,0.00,現金,1111108,已返還,,金錢,臺北市松山區****,2761*****,,,,,,,,
58,許家蓓,111年臺北市議員選舉,首次申報,1111108,營利事業捐贈收入,大倉捷有限公司,52882840,50000.00,0.00,匯款,1111108,已返還,,金錢,臺北市中山區****,02-2*****,,,,,,,,
59,許家蓓,111年臺北市議員選舉,首次申報,1111109,個人捐贈收入,謝高福,,5000.00,0.00,匯款,1111109,,,金錢,臺北市松山區****,0953*****,,,,,,,,
60,許家蓓,111年臺北市議員選舉,首次申報,1111109,個人捐贈收入,郭秀芝,A20*******,60000.00,0.00,現金,1111111,,,金錢,臺北市信義區****,0955*****,,,,,,,,
61,許家蓓,111年臺北市議員選舉,首次申報,1111109,個人捐贈收入,郭秀芝,A20*******,6000.00,0.00,現金,1111111,,,金錢,臺北市信義區****,0955*****,,,,,,,,
62,許家蓓,111年臺北市議員選舉,首次申報,1111110,營利事業捐贈收入,華峰建設開發股份有限公司,27989703,100000.00,0.00,匯款,1111110,,,金錢,臺北市中山區****,2541*****,,,,,,,,
63,許家蓓,111年臺北市議員選舉,首次申報,1111110,營利事業捐贈收入,陽明營造股份有限公司,84767581,50000.00,0.00,現金,1111111,,,金錢,臺北市內湖區****,02-8*****,,,,,,,,
64,許家蓓,111年臺北市議員選舉,首次申報,1111110,個人捐贈收入,陳茂複,A12*******,100000.00,0.00,現金,1111111,,,金錢,臺北市松山區****,0936*****,,,,,,,,
65,許家蓓,111年臺北市議員選舉,首次申報,1111110,個人捐贈收入,林滄結,B10*******,15000.00,0.00,匯款,1111110,,,金錢,臺北市松山區****,0933*****,,,,,,,,
66,許家蓓,111年臺北市議員選舉,首次申報,1111110,個人捐贈收入,李麗蓁,K22*******,100000.00,0.00,現金,1111111,,,金錢,臺北市南港區****,02-2*****,,,,,,,,
67,許家蓓,111年臺北市議員選舉,首次申報,1111114,個人捐贈收入,翁清騰,A10*******,10000.00,0.00,現金,1111114,,,金錢,臺北市松山區****,0933*****,,,,,,,,
68,許家蓓,111年臺北市議員選舉,首次申報,1111114,個人捐贈收入,林楷傑,C12*******,100000.00,0.00,匯款,1111114,,,金錢,臺中市北屯區****,0932*****,,,,,,,,
69,許家蓓,111年臺北市議員選舉,首次申報,1111115,營利事業捐贈收入,真實建築有限公司,52386390,30000.00,0.00,匯款,1111115,,,金錢,臺北市信義區****,2722*****,,,,,,,,
70,許家蓓,111年臺北市議員選舉,首次申報,1111115,營利事業捐贈收入,詮虹企業有限公司,53423767,8000.00,0.00,,,已返還,,非金錢,新北市蘆洲區****,02-8*****,,,,,,,,
71,許家蓓,111年臺北市議員選舉,首次申報,1111115,營利事業捐贈收入,永真創新股份有限公司,82942079,20000.00,0.00,匯款,1111115,,,金錢,臺北市信義區****,2722*****,,,,,,,,
72,許家蓓,111年臺北市議員選舉,首次申報,1111115,個人捐贈收入,石宜誠,A12*******,20000.00,0.00,匯款,1111115,,,金錢,臺北市松山區****,0935*****,,,,,,,,
73,許家蓓,111年臺北市議員選舉,首次申報,1111115,個人捐贈收入,王俐仁,T22*******,20000.00,0.00,匯款,1111115,,,金錢,臺北市松山區****,0933*****,,,,,,,,
74,許家蓓,111年臺北市議員選舉,首次申報,1111116,個人捐贈收入,許榕芳,N22*******,5000.00,0.00,現金,1111116,,,金錢,臺北市信義區****,8785*****,,,,,,,,
75,許家蓓,111年臺北市議員選舉,首次申報,1111117,個人捐贈收入,吳偉德,,10000.00,0.00,現金,1111117,,,金錢,,0928*****,,,,,,,,
76,許家蓓,111年臺北市議員選舉,首次申報,1111117,個人捐贈收入,吳冬法,,10000.00,0.00,現金,1111117,,,金錢,,0989*****,,,,,,,,
77,許家蓓,111年臺北市議員選舉,首次申報,1111117,個人捐贈收入,蔡名峻,E12*******,30000.00,0.00,匯款,1111117,,,金錢,臺北市內湖區****,0958*****,,,,,,,,
78,許家蓓,111年臺北市議員選舉,首次申報,1111119,個人捐贈收入,黃清保,N12*******,1000.00,0.00,現金,1111119,,,金錢,臺北市信義區****,0935*****,,,,,,,,
79,許家蓓,111年臺北市議員選舉,首次申報,1111121,個人捐贈收入,王碧蓮,,5000.00,0.00,現金,1111121,,,金錢,臺北市信義區****,2345*****,,,,,,,,
80,許家蓓,111年臺北市議員選舉,首次申報,1111121,個人捐贈收入,周國賢,A10*******,5000.00,0.00,匯款,1111121,,,金錢,臺北市信義區****,2720*****,,,,,,,,
81,許家蓓,111年臺北市議員選舉,首次申報,1111121,個人捐贈收入,何姮瑢,A23*******,10000.00,0.00,現金,1111121,,,金錢,臺北市信義區****,0923*****,,,,,,,,
82,許家蓓,111年臺北市議員選舉,首次申報,1111122,營利事業捐贈收入,蕭家牛雜湯小吃店,48784889,30000.00,0.00,現金,1111122,,,金錢,臺北市松山區****,2766*****,,,,,,,,
83,許家蓓,111年臺北市議員選舉,首次申報,1111122,個人捐贈收入,顏文富,A12*******,5000.00,0.00,現金,1111122,,,金錢,臺北市信義區****,0930*****,,,,,,,,
84,許家蓓,111年臺北市議員選舉,首次申報,1111122,個人捐贈收入,顏進財,K12*******,10000.00,0.00,現金,1111122,,,金錢,臺北市信義區****,0932*****,,,,,,,,
85,許家蓓,111年臺北市議員選舉,首次申報,1111123,個人捐贈收入,韓峰鈺,,10000.00,0.00,匯款,1111123,,,金錢,,0968*****,,,,,,,,
86,許家蓓,111年臺北市議員選舉,首次申報,1111125,匿名捐贈,匿名,,5000.00,0.00,現金,1111125,,,金錢,,,,,,,,,,
87,許家蓓,111年臺北市議員選舉,首次申報,1111125,個人捐贈收入,李建興,M12*******,50000.00,0.00,現金,1111125,,,金錢,臺北市士林區****,0933*****,,,,,,,,
88,許家蓓,111年臺北市議員選舉,首次申報,1111125,個人捐贈收入,郭洪金鳳,Y20*******,20000.00,0.00,現金,1111207,,,金錢,臺北市松山區****,0933*****,,,,,,,,
89,許家蓓,111年臺北市議員選舉,首次申報,1111221,其他收入,利息收入,,240.00,0.00,匯款,1111221,,,金錢,,,,,,,,,,
