﻿序號,擬參選人／政黨,選舉名稱,申報序號／年度,交易日期,收支科目,捐贈者／支出對象,身分證／統一編號,收入金額,支出金額,捐贈方式,存入專戶日期,返還/繳庫,支出用途,金錢類,地址,聯絡電話,應揭露之支出對象,支出對象之內部人員姓名,支出對象之內部人員職稱,政黨之內部人員姓名,政黨之內部人員職稱,關係,更正註記,資料更正日期
1,盧玟欣,111年屏東縣議員選舉,首次申報,1111003,宣傳支出,倡泰旗幟服飾工廠,67810850,0.00,31600.00,,,,製作競選物品或宣傳廣告費用（旗幟）,金錢,屏東縣枋寮鄉****,,否,,,,,,,
2,盧玟欣,111年屏東縣議員選舉,首次申報,1111007,宣傳支出,倡泰旗幟服飾工廠,67810850,0.00,22500.00,,,,製作競選物品或宣傳廣告費用（旗幟）,金錢,屏東縣枋寮鄉****,,否,,,,,,,
3,盧玟欣,111年屏東縣議員選舉,首次申報,1111008,宣傳支出,倡泰旗幟服飾工廠,67810850,0.00,22500.00,,,,製作競選物品或宣傳廣告費用（布條）,金錢,屏東縣枋寮鄉****,,否,,,,,,,
4,盧玟欣,111年屏東縣議員選舉,首次申報,1111009,宣傳支出,奇美美工社,90738424,0.00,15000.00,,,,租用廣告看板或車體廣告費用,金錢,屏東縣屏東市****,,否,,,,,,,
5,盧玟欣,111年屏東縣議員選舉,首次申報,1111015,宣傳支出,倡泰旗幟服飾工廠,67810850,0.00,22900.00,,,,製作競選物品或宣傳廣告費用（團隊制服）,金錢,屏東縣枋寮鄉****,,否,,,,,,,
6,盧玟欣,111年屏東縣議員選舉,首次申報,1111020,宣傳支出,倡泰旗幟服飾工廠,67810850,0.00,15600.00,,,,製作競選物品或宣傳廣告費用（背心/小手旗）,金錢,屏東縣枋寮鄉****,,否,,,,,,,
7,盧玟欣,111年屏東縣議員選舉,首次申報,1111028,宣傳支出,倡泰旗幟服飾工廠,,0.00,12000.00,,,,製作競選物品或宣傳廣告費用（小手旗）,金錢,屏東縣枋寮鄉****,,否,,,,,,,
8,盧玟欣,111年屏東縣議員選舉,首次申報,1111030,宣傳支出,倡泰旗幟服飾工廠,67810850,0.00,18000.00,,,,製作競選物品或宣傳廣告費用（帽子）,金錢,屏東縣枋寮鄉****,,否,,,,,,,
9,盧玟欣,111年屏東縣議員選舉,首次申報,1111101,宣傳支出,倡泰旗幟服飾工廠,67810850,0.00,30000.00,,,,製作競選物品或宣傳廣告費用（旗幟）,金錢,屏東縣枋寮鄉****,,否,,,,,,,
10,盧玟欣,111年屏東縣議員選舉,首次申報,1111107,宣傳支出,瑞元藥業有限公司,86271121,0.00,12000.00,,,,宣傳廣告費用（酸痛貼片）,金錢,屏東縣潮州鎮****,,否,,,,,,,
11,盧玟欣,111年屏東縣議員選舉,首次申報,1111118,宣傳支出,壹肆伍貳創意整合有限公司,27227326,0.00,48668.00,,,,製作競選物品或宣傳廣告費用（設計印刷）,金錢,高雄市苓雅區****,,否,,,,,,,
12,盧玟欣,111年屏東縣議員選舉,首次申報,1111127,人事費用支出,王維結,T12*******,0.00,50100.00,,,,工資或薪津,金錢,屏東縣枋山鄉****,,否,,,,,,,
13,盧玟欣,111年屏東縣議員選舉,首次申報,1111130,人事費用支出,尤志魁,T12*******,0.00,30000.00,,,,工資或薪津,金錢,屏東縣車城鄉****,,否,,,,,,,
14,盧玟欣,111年屏東縣議員選舉,首次申報,1120116,返還捐贈支出,王庭建設有限公司,80360580,0.00,70000.00,,,,返還,金錢,高雄市新興區****,,否,,,,,,,
