﻿序號,擬參選人／政黨,選舉名稱,申報序號／年度,交易日期,收支科目,捐贈者／支出對象,身分證／統一編號,收入金額,支出金額,支出用途,金錢類,地址,聯絡電話,資料更正日期
1,陳儀桓,107年直轄市議員選舉,首次申報,1070628,宣傳支出,泛亞聚酯工業股份有限公司,12288529,0.00,12504.00,製作競選物品支出-寶特瓶礦泉水,金錢,臺北市南京東****,,
2,陳儀桓,107年直轄市議員選舉,首次申報,1070701,宣傳支出,簡文輝,H10*******,0.00,10000.00,租用廣告看板或車體廣告支出,金錢,桃園市楊梅區****,,
3,陳儀桓,107年直轄市議員選舉,首次申報,1070716,宣傳支出,東峰科技有限公司,28905772,0.00,20000.00,播送、傳送或刊登宣傳廣告支出,金錢,桃園市楊梅區****,,
4,陳儀桓,107年直轄市議員選舉,首次申報,1070724,租用競選辦事處支出,吳順珠,S20*******,0.00,92000.00,租用競選辦事處費用,金錢,桃園市楊梅區****,,
5,陳儀桓,107年直轄市議員選舉,首次申報,1070801,宣傳支出,泛亞聚酯工業股份有限公司,12288529,0.00,25008.00,製作競選物品支出-寶特瓶礦泉水,金錢,臺北市南京東****,,
6,陳儀桓,107年直轄市議員選舉,首次申報,1070810,人事費用支出,周榮瑛,A22*******,0.00,96000.00,工資或薪津,金錢,桃園市楊梅區****,,
7,陳儀桓,107年直轄市議員選舉,首次申報,1070810,人事費用支出,陳興烘,H10*******,0.00,68000.00,工資或薪津,金錢,桃園市楊梅區****,,
8,陳儀桓,107年直轄市議員選舉,首次申報,1070810,人事費用支出,陳法龍,H12*******,0.00,140000.00,工資或薪津,金錢,桃園市楊梅區****,,
9,陳儀桓,107年直轄市議員選舉,首次申報,1070811,雜支支出,學府圖書文具社,45004972,0.00,16.00,文具用品費用,金錢,桃園市楊梅區****,,
10,陳儀桓,107年直轄市議員選舉,首次申報,1070814,雜支支出,統一瓦斯有限公司,70699021,0.00,645.00,水電瓦斯費用,金錢,桃園市楊梅區****,,
11,陳儀桓,107年直轄市議員選舉,首次申報,1070815,雜支支出,大順行,36474467,0.00,200.00,雜項購置-紙杯,金錢,桃園市楊梅區****,,
12,陳儀桓,107年直轄市議員選舉,首次申報,1070817,雜支支出,東霖實業社,73815919,0.00,1000.00,雜項購置-飲用水,金錢,桃園市楊梅區****,,
13,陳儀桓,107年直轄市議員選舉,首次申報,1070827,宣傳支出,泛亞聚酯工業股份有限公司,12288529,0.00,12504.00,製作競選物品支出-寶特瓶礦泉水,金錢,臺北市南京東****,,
14,陳儀桓,107年直轄市議員選舉,首次申報,1070827,雜支支出,盛興帆布裝潢行,44779013,0.00,3000.00,屏風,金錢,桃園市楊梅區****,,
15,陳儀桓,107年直轄市議員選舉,首次申報,1070830,雜支支出,總裁飯包,41423806,0.00,225.00,餐飲費用,金錢,桃園市楊梅區****,,
16,陳儀桓,107年直轄市議員選舉,首次申報,1070831,雜支支出,鼎勝自助餐,09999497,0.00,1400.00,餐飲費用,金錢,桃園市楊梅區****,,
17,陳儀桓,107年直轄市議員選舉,首次申報,1070831,雜支支出,7-11,16837618,0.00,60.00,餐飲費用,金錢,桃園市楊梅區****,,
18,陳儀桓,107年直轄市議員選舉,首次申報,1070831,雜支支出,大順行,36474467,0.00,650.00,紙杯,金錢,桃園市楊梅區****,,
19,陳儀桓,107年直轄市議員選舉,首次申報,1070903,雜支支出,廷軒飲食店,17483162,0.00,480.00,餐飲費用,金錢,桃園市楊梅區****,,
20,陳儀桓,107年直轄市議員選舉,首次申報,1070903,雜支支出,全聯福利中心,24789251,0.00,1240.00,飲料(宣傳用品),金錢,桃園市楊梅區****,,
21,陳儀桓,107年直轄市議員選舉,首次申報,1070903,雜支支出,一零二池上飯包,37805319,0.00,385.00,餐飲費用,金錢,桃園市楊梅區****,,
22,陳儀桓,107年直轄市議員選舉,首次申報,1070904,雜支支出,鼎勝自助餐,09999497,0.00,350.00,餐飲費用,金錢,桃園市楊梅區****,,
23,陳儀桓,107年直轄市議員選舉,首次申報,1070904,宣傳支出,泛亞聚酯工業股份有限公司,12288529,0.00,25008.00,製作競選物品支出-寶特瓶礦泉水,金錢,臺北市南京東****,,
24,陳儀桓,107年直轄市議員選舉,首次申報,1070904,雜支支出,學府圖書文具社,45004972,0.00,225.00,現金簿,金錢,桃園市楊梅區****,,
25,陳儀桓,107年直轄市議員選舉,首次申報,1070905,雜支支出,全聯福利中心,24789251,0.00,29760.00,飲料(宣傳用品),金錢,桃園市楊梅區****,,
26,陳儀桓,107年直轄市議員選舉,首次申報,1070906,雜支支出,廷軒飲食店,17483162,0.00,170.00,餐飲費用,金錢,桃園市楊梅區****,,
27,陳儀桓,107年直轄市議員選舉,首次申報,1070906,雜支支出,中華電信股份有限公司,19683736,0.00,383.00,電信費用,金錢,桃園市桃園區****,,
28,陳儀桓,107年直轄市議員選舉,首次申報,1070906,雜支支出,芳明小吃店,47999454,0.00,270.00,餐飲費用,金錢,桃園市楊梅區****,,
29,陳儀桓,107年直轄市議員選舉,首次申報,1070906,雜支支出,立即購商行,99834433,0.00,353.00,文具用品費用,金錢,桃園市楊梅區****,,
30,陳儀桓,107年直轄市議員選舉,首次申報,1070906,雜支支出,立即購商行,99834433,0.00,598.00,廷長線,金錢,桃園市楊梅區****,,
31,陳儀桓,107年直轄市議員選舉,首次申報,1070907,雜支支出,總裁飯包,41423806,0.00,280.00,餐飲費用,金錢,桃園市楊梅區****,,
32,陳儀桓,107年直轄市議員選舉,首次申報,1070907,雜支支出,金宴飲食店,87716164,0.00,300.00,餐飲費用,金錢,桃園市楊梅區****,,
33,陳儀桓,107年直轄市議員選舉,首次申報,1070908,雜支支出,快樂家商行,14665127,0.00,366.00,雜項購置,金錢,桃園市楊梅區****,,
34,陳儀桓,107年直轄市議員選舉,首次申報,1070908,雜支支出,廷軒飲食店,17483162,0.00,140.00,餐飲費用,金錢,桃園市楊梅區****,,
35,陳儀桓,107年直轄市議員選舉,首次申報,1070908,雜支支出,君饌池上飯包,30158175,0.00,240.00,餐飲費用,金錢,桃園市蘆竹區****,,
36,陳儀桓,107年直轄市議員選舉,首次申報,1070908,雜支支出,愛客樂華楊梅分公司,60265010,0.00,370.00,雜項購置或修繕費用,金錢,桃園市楊梅區****,,
37,陳儀桓,107年直轄市議員選舉,首次申報,1070909,雜支支出,雅莉嘉自助餐廳,02471028,0.00,2800.00,餐飲費用,金錢,桃園市楊梅區****,,
38,陳儀桓,107年直轄市議員選舉,首次申報,1070910,雜支支出,廷軒飲食店,17483162,0.00,280.00,餐飲費用,金錢,桃園市楊梅區****,,
39,陳儀桓,107年直轄市議員選舉,首次申報,1070910,雜支支出,君饌池上飯包,30158175,0.00,240.00,餐飲費用,金錢,桃園市蘆竹區****,,
40,陳儀桓,107年直轄市議員選舉,首次申報,1070910,人事費用支出,陳瑞香,H20*******,0.00,78000.00,工資或薪津,金錢,桃園市楊梅區****,,
41,陳儀桓,107年直轄市議員選舉,首次申報,1070910,人事費用支出,黃珮玲,H22*******,0.00,84000.00,工資或薪津,金錢,桃園市楊梅區****,,
42,陳儀桓,107年直轄市議員選舉,首次申報,1070910,人事費用支出,池招慧,J22*******,0.00,70000.00,工資或薪津,金錢,桃園市楊梅區****,,
43,陳儀桓,107年直轄市議員選舉,首次申報,1070911,雜支支出,鼎勝自助餐,09999497,0.00,640.00,餐飲費用,金錢,桃園市楊梅區****,,
44,陳儀桓,107年直轄市議員選舉,首次申報,1070911,雜支支出,廷軒飲食店,41423806,0.00,280.00,餐飲費用,金錢,桃園市楊梅區****,,
45,陳儀桓,107年直轄市議員選舉,首次申報,1070912,雜支支出,福記富貴餐廳股份有限公司,16868436,0.00,44100.00,餐飲費用,金錢,桃園市楊梅區****,,
46,陳儀桓,107年直轄市議員選舉,首次申報,1070912,雜支支出,廷軒飲食店,17483162,0.00,280.00,餐飲費用,金錢,桃園市楊梅區****,,
47,陳儀桓,107年直轄市議員選舉,首次申報,1070912,雜支支出,君饌池上飯包,30158175,0.00,400.00,餐飲費用,金錢,桃園市蘆竹區****,,
48,陳儀桓,107年直轄市議員選舉,首次申報,1070912,雜支支出,總裁飯包,41423806,0.00,420.00,餐飲費用,金錢,桃園市楊梅區****,,
49,陳儀桓,107年直轄市議員選舉,首次申報,1070913,雜支支出,君饌池上飯包,30158175,0.00,400.00,餐飲費用,金錢,桃園市蘆竹區****,,
50,陳儀桓,107年直轄市議員選舉,首次申報,1070913,雜支支出,芳明小吃店,47999454,0.00,270.00,餐飲費用,金錢,桃園市楊梅區****,,
51,陳儀桓,107年直轄市議員選舉,首次申報,1070913,宣傳支出,新藝王企業社,95909782,0.00,3000.00,製作宣傳廣告支出,金錢,桃園市楊梅區****,,
52,陳儀桓,107年直轄市議員選舉,首次申報,1070914,雜支支出,鼎勝自助餐,09999497,0.00,350.00,餐飲費用,金錢,桃園市楊梅區****,,
53,陳儀桓,107年直轄市議員選舉,首次申報,1070914,雜支支出,芳明小吃店,47999454,0.00,100.00,餐飲費用,金錢,桃園市楊梅區****,,
54,陳儀桓,107年直轄市議員選舉,首次申報,1070914,雜支支出,三浦壹品豬腳,72767713,0.00,160.00,餐飲費用,金錢,桃園市楊梅區****,,
55,陳儀桓,107年直轄市議員選舉,首次申報,1070915,雜支支出,廷軒飲食台,17483162,0.00,210.00,餐飲費用,金錢,桃園市楊梅區****,,
56,陳儀桓,107年直轄市議員選舉,首次申報,1070915,雜支支出,總裁飯包,41423806,0.00,210.00,餐飲費用,金錢,桃園市楊梅區****,,
57,陳儀桓,107年直轄市議員選舉,首次申報,1070915,雜支支出,學府圖書文具社,45004972,0.00,509.00,文具用品費用,金錢,桃園市楊梅區****,,
58,陳儀桓,107年直轄市議員選舉,首次申報,1070915,雜支支出,健康素食店,95903979,0.00,280.00,餐飲費用,金錢,桃園市楊梅區****,,
59,陳儀桓,107年直轄市議員選舉,首次申報,1070916,雜支支出,雅莉嘉自助餐廳,02471028,0.00,350.00,餐飲費用,金錢,桃園市楊梅區****,,
60,陳儀桓,107年直轄市議員選舉,首次申報,1070916,雜支支出,台灣電力公司,02488533,0.00,618.00,水電瓦斯費用,金錢,桃園市楊梅區****,,
61,陳儀桓,107年直轄市議員選舉,首次申報,1070916,雜支支出,健康美食坊,30140886,0.00,320.00,餐飲費用,金錢,桃園市楊梅區****,,
62,陳儀桓,107年直轄市議員選舉,首次申報,1070917,雜支支出,總裁飯包,41423806,0.00,210.00,餐飲費用,金錢,桃園市楊梅區****,,
63,陳儀桓,107年直轄市議員選舉,首次申報,1070917,雜支支出,三浦壹品豬腳,72767713,0.00,220.00,餐飲費用,金錢,桃園市楊梅區****,,
64,陳儀桓,107年直轄市議員選舉,首次申報,1070917,雜支支出,東霖實業社,73815919,0.00,450.00,雜項購置-飲用水,金錢,桃園市楊梅區****,,
65,陳儀桓,107年直轄市議員選舉,首次申報,1070918,宣傳支出,泛亞聚酯工業股份有限公司,12288529,0.00,25008.00,製作競選物品支出-寶特瓶礦泉水,金錢,臺北市南京東****,,
66,陳儀桓,107年直轄市議員選舉,首次申報,1070918,雜支支出,三好排骨,39994815,0.00,280.00,餐飲費用,金錢,桃園市楊梅區****,,
67,陳儀桓,107年直轄市議員選舉,首次申報,1070918,雜支支出,愛客樂華楊梅分公司,60265010,0.00,384.00,雜項購置或修繕費用,金錢,桃園市楊梅區****,,
68,陳儀桓,107年直轄市議員選舉,首次申報,1070918,租用競選辦事處支出,富利久有限公司,80440698,0.00,3000.00,租買辦公設備支出,金錢,桃園市平鎮區****,,
69,陳儀桓,107年直轄市議員選舉,首次申報,1070919,雜支支出,總裁飯包,41423806,0.00,490.00,餐飲費用,金錢,桃園市楊梅區****,,
70,陳儀桓,107年直轄市議員選舉,首次申報,1070919,雜支支出,總裁飯包,41423806,0.00,210.00,餐飲費用,金錢,桃園市楊梅區****,,
71,陳儀桓,107年直轄市議員選舉,首次申報,1070919,租用宣傳車輛支出,信泰汽車電機行,45025569,0.00,1300.00,維修宣傳車輛支出,金錢,桃園市楊梅區****,,
72,陳儀桓,107年直轄市議員選舉,首次申報,1070919,雜支支出,健康素食店,95903979,0.00,770.00,餐飲費用,金錢,桃園市楊梅區****,,
73,陳儀桓,107年直轄市議員選舉,首次申報,1070921,雜支支出,福廣企業社,36473559,0.00,675.00,餐飲費用,金錢,桃園市楊梅區****,,
74,陳儀桓,107年直轄市議員選舉,首次申報,1070921,雜支支出,芳明小吃店,47999454,0.00,180.00,餐飲費用,金錢,桃園市楊梅區****,,
75,陳儀桓,107年直轄市議員選舉,首次申報,1070922,雜支支出,總裁飯包,41423806,0.00,420.00,餐飲費用,金錢,桃園市楊梅區****,,
76,陳儀桓,107年直轄市議員選舉,首次申報,1070922,雜支支出,芳明小吃店,47999454,0.00,450.00,餐飲費用,金錢,桃園市楊梅區****,,
77,陳儀桓,107年直轄市議員選舉,首次申報,1070923,雜支支出,雅莉嘉自助餐廳,02471028,0.00,280.00,餐飲費用,金錢,桃園市楊梅區****,,
78,陳儀桓,107年直轄市議員選舉,首次申報,1070925,雜支支出,南北合麵食館,01204734,0.00,300.00,餐飲費用,金錢,桃園市楊梅區****,,
79,陳儀桓,107年直轄市議員選舉,首次申報,1070925,雜支支出,芳明小吃店,47999454,0.00,460.00,餐飲費用,金錢,桃園市楊梅區****,,
80,陳儀桓,107年直轄市議員選舉,首次申報,1070925,雜支支出,健康素食店,95903979,0.00,210.00,餐飲費用,金錢,桃園市楊梅區****,,
81,陳儀桓,107年直轄市議員選舉,首次申報,1070926,雜支支出,鼎勝自助餐,09999497,0.00,700.00,餐飲費用,金錢,桃園市楊梅區****,,
82,陳儀桓,107年直轄市議員選舉,首次申報,1070926,雜支支出,總裁飯包,41423806,0.00,350.00,餐飲費用,金錢,桃園市楊梅區****,,
83,陳儀桓,107年直轄市議員選舉,首次申報,1070926,雜支支出,健康素食店,95903979,0.00,420.00,餐飲費用,金錢,桃園市楊梅區****,,
84,陳儀桓,107年直轄市議員選舉,首次申報,1070926,雜支支出,立即購商行,99834433,0.00,373.00,文具用品費用,金錢,桃園市楊梅區****,,
85,陳儀桓,107年直轄市議員選舉,首次申報,1070927,雜支支出,雅莉嘉自助餐廳,02471028,0.00,320.00,餐飲費用,金錢,桃園市楊梅區****,,
86,陳儀桓,107年直轄市議員選舉,首次申報,1070927,租用宣傳車輛支出,車容坊梅新站,10662274,0.00,500.00,宣傳車輛燃料支出,金錢,桃園市楊梅區****,,
87,陳儀桓,107年直轄市議員選舉,首次申報,1070927,雜支支出,快樂家商行,14665127,0.00,180.00,雜項購置或修繕費用,金錢,桃園市楊梅區****,,
88,陳儀桓,107年直轄市議員選舉,首次申報,1070927,宣傳支出,三統包裝材料有限公司,24212068,0.00,1890.00,製作競選物品支出-膠帶,金錢,桃園市楊梅區****,,
89,陳儀桓,107年直轄市議員選舉,首次申報,1070927,宣傳支出,中華電信,3196287,0.00,12000.00,發送電信簡訊支出,金錢,臺北市大安區****,,
90,陳儀桓,107年直轄市議員選舉,首次申報,1070927,雜支支出,巧名灶炊品,37788677,0.00,350.00,餐飲費用,金錢,桃園市楊梅區****,,
91,陳儀桓,107年直轄市議員選舉,首次申報,1070927,租用宣傳車輛支出,中油梅溪加油站,44520394,0.00,590.00,宣傳車輛燃料支出,金錢,桃園市楊梅區****,,
92,陳儀桓,107年直轄市議員選舉,首次申報,1070928,雜支支出,鄰長伯客家大湯圓,02906826,0.00,3080.00,餐飲費用,金錢,桃園市楊梅區****,,
93,陳儀桓,107年直轄市議員選舉,首次申報,1070928,雜支支出,鼎勝自助餐,09999497,0.00,2590.00,餐飲費用,金錢,桃園市楊梅區****,,
94,陳儀桓,107年直轄市議員選舉,首次申報,1070928,雜支支出,鼎勝自助餐,09999497,0.00,4900.00,餐飲費用,金錢,桃園市楊梅區****,,
95,陳儀桓,107年直轄市議員選舉,首次申報,1070928,雜支支出,秉峰客家飯館,10080404,0.00,10240.00,餐飲費用,金錢,桃園市楊梅區****,,
96,陳儀桓,107年直轄市議員選舉,首次申報,1070928,雜支支出,旋成小吃店,14941242,0.00,4000.00,餐飲費用,金錢,桃園市楊梅區****,,
97,陳儀桓,107年直轄市議員選舉,首次申報,1070928,雜支支出,旋成小吃店,14941242,0.00,4000.00,餐飲費用,金錢,桃園市楊梅區****,,
98,陳儀桓,107年直轄市議員選舉,首次申報,1070928,集會支出,元順布棚行,17223595,0.00,35200.00,租用設備支出,金錢,桃園市楊梅區****,,
99,陳儀桓,107年直轄市議員選舉,首次申報,1070928,雜支支出,圓滿意小館,20429699,0.00,4240.00,餐飲費用,金錢,桃園市楊梅區****,,
100,陳儀桓,107年直轄市議員選舉,首次申報,1070928,雜支支出,福廣企業社,36473559,0.00,745.00,餐飲費用,金錢,桃園市楊梅區****,,
101,陳儀桓,107年直轄市議員選舉,首次申報,1070928,集會支出,錦源行,41175377,0.00,12000.00,租用設備支出,金錢,桃園市楊梅區****,,
102,陳儀桓,107年直轄市議員選舉,首次申報,1070928,租用宣傳車輛支出,中油公司梅溪加油站,44520394,0.00,738.00,宣傳車輛燃料支出,金錢,桃園市楊梅區****,,
103,陳儀桓,107年直轄市議員選舉,首次申報,1070928,雜支支出,芳明小吃店,47999454,0.00,7000.00,餐飲費用,金錢,桃園市楊梅區****,,
104,陳儀桓,107年直轄市議員選舉,首次申報,1070928,交通旅運支出,中力通運有限公司,60206245,0.00,20000.00,搭乘交通工具支出,金錢,桃園市中壢區****,,
105,陳儀桓,107年直轄市議員選舉,首次申報,1070928,交通旅運支出,中力通運有限公司,60206245,0.00,21000.00,搭乘交通工具支出,金錢,桃園市中壢區****,,
106,陳儀桓,107年直轄市議員選舉,首次申報,1070928,雜支支出,高榮飯食館,72733828,0.00,3200.00,餐飲費用,金錢,桃園市中壢區****,,
107,陳儀桓,107年直轄市議員選舉,首次申報,1070928,雜支支出,三浦壹品豬腳,72767713,0.00,3200.00,餐飲費用,金錢,桃園市楊梅區****,,
108,陳儀桓,107年直轄市議員選舉,首次申報,1070928,雜支支出,三浦壹品豬腳,72767713,0.00,285.00,餐飲費用,金錢,桃園市楊梅區****,,
109,陳儀桓,107年直轄市議員選舉,首次申報,1070928,雜支支出,林松快餐店,94958238,0.00,3300.00,餐飲費用,金錢,桃園市楊梅區****,,
110,陳儀桓,107年直轄市議員選舉,首次申報,1070928,雜支支出,泉源飲食店,98141314,0.00,3100.00,餐飲費用,金錢,桃園市楊梅區****,,
111,陳儀桓,107年直轄市議員選舉,首次申報,1070928,交通旅運支出,陳淇春,H12*******,0.00,4000.00,搭乘交通工具支出,金錢,桃園市楊梅區****,,
112,陳儀桓,107年直轄市議員選舉,首次申報,1070929,雜支支出,老家食堂,34809734,0.00,600.00,餐飲費用,金錢,桃園市楊梅區****,,
113,陳儀桓,107年直轄市議員選舉,首次申報,1070929,雜支支出,二五五三店HiDeareafe,50640179,0.00,340.00,餐飲費用,金錢,桃園市楊梅區****,,
114,陳儀桓,107年直轄市議員選舉,首次申報,1070929,雜支支出,三浦壹品豬腳,72767713,0.00,255.00,餐飲費用,金錢,桃園市楊梅區****,,
115,陳儀桓,107年直轄市議員選舉,首次申報,1070929,集會支出,富廣滿味樓,99255882,0.00,63000.00,餐飲支出,金錢,桃園市楊梅區****,,
116,陳儀桓,107年直轄市議員選舉,首次申報,1070930,雜支支出,鼎勝自助餐,09999497,0.00,150.00,餐飲費用,金錢,桃園市楊梅區****,,
117,陳儀桓,107年直轄市議員選舉,首次申報,1070930,雜支支出,巧名灶炊品,37788677,0.00,420.00,餐飲費用,金錢,桃園市楊梅區****,,
118,陳儀桓,107年直轄市議員選舉,首次申報,1070930,租用宣傳車輛支出,中油富岡加油站,45027573,0.00,590.00,宣傳車輛燃料支出,金錢,桃園市楊梅區****,,
119,陳儀桓,107年直轄市議員選舉,首次申報,1070930,雜支支出,芳明小吃店,47999454,0.00,450.00,餐飲費用,金錢,桃園市楊梅區****,,
120,陳儀桓,107年直轄市議員選舉,首次申報,1071001,雜支支出,廷軒飲食店,17483162,0.00,170.00,餐飲費用,金錢,桃園市楊梅區****,,
121,陳儀桓,107年直轄市議員選舉,首次申報,1071001,雜支支出,經濟素食,37916096,0.00,190.00,餐飲費用,金錢,桃園市楊梅區****,,
122,陳儀桓,107年直轄市議員選舉,首次申報,1071002,雜支支出,台灣自來水股份有限公司,02446393,0.00,125.00,水電瓦斯費用,金錢,桃園市楊梅區****,,
123,陳儀桓,107年直轄市議員選舉,首次申報,1071002,雜支支出,經濟素食,37916096,0.00,110.00,餐飲費用,金錢,桃園市楊梅區****,,
124,陳儀桓,107年直轄市議員選舉,首次申報,1071002,雜支支出,總裁飯包,41423806,0.00,265.00,餐飲費用,金錢,桃園市楊梅區****,,
125,陳儀桓,107年直轄市議員選舉,首次申報,1071002,雜支支出,健康素食店,95903979,0.00,290.00,餐飲費用,金錢,桃園市楊梅區****,,
126,陳儀桓,107年直轄市議員選舉,首次申報,1071003,宣傳支出,泛亞聚酯工業股份有限公司,12288529,0.00,25008.00,製作競選物品支出-寶特瓶礦泉水,金錢,臺北市南京東****,,
127,陳儀桓,107年直轄市議員選舉,首次申報,1071003,雜支支出,老彭牛肉麵店,30113234,0.00,200.00,餐飲費用,金錢,桃園市楊梅區****,,
128,陳儀桓,107年直轄市議員選舉,首次申報,1071003,雜支支出,巧名灶炊品,37788677,0.00,350.00,餐飲費用,金錢,桃園市楊梅區****,,
129,陳儀桓,107年直轄市議員選舉,首次申報,1071003,雜支支出,三浦壹品豬腳,72767713,0.00,170.00,餐飲費用,金錢,桃園市楊梅區****,,
130,陳儀桓,107年直轄市議員選舉,首次申報,1071003,雜支支出,健康素食店,95903979,0.00,280.00,餐飲費用,金錢,桃園市楊梅區****,,
131,陳儀桓,107年直轄市議員選舉,首次申報,1071004,雜支支出,鼎勝自助餐,09999497,0.00,280.00,餐飲費用,金錢,桃園市楊梅區****,,
132,陳儀桓,107年直轄市議員選舉,首次申報,1071004,租用宣傳車輛支出,中油富岡加油站,45027573,0.00,600.00,宣傳車輛燃料支出,金錢,桃園市楊梅區****,,
133,陳儀桓,107年直轄市議員選舉,首次申報,1071004,雜支支出,三浦壹品豬腳,72767713,0.00,255.00,餐飲費用,金錢,桃園市楊梅區****,,
134,陳儀桓,107年直轄市議員選舉,首次申報,1071005,雜支支出,明發飲食店,02448505,0.00,4500.00,餐飲費用,金錢,桃園市楊梅區****,,
135,陳儀桓,107年直轄市議員選舉,首次申報,1071005,雜支支出,群昌禮品商行,02483538,0.00,35.00,文具用品費用,金錢,桃園市楊梅區****,,
136,陳儀桓,107年直轄市議員選舉,首次申報,1071005,雜支支出,浩德祥飲食店,09663958,0.00,3250.00,餐飲費用,金錢,桃園市楊梅區****,,
137,陳儀桓,107年直轄市議員選舉,首次申報,1071005,雜支支出,旋成小吃店,14941242,0.00,340.00,餐飲費用,金錢,桃園市楊梅區****,,
138,陳儀桓,107年直轄市議員選舉,首次申報,1071005,集會支出,元順布棚行,17223595,0.00,9200.00,租用設備支出,金錢,桃園市楊梅區****,,
139,陳儀桓,107年直轄市議員選舉,首次申報,1071005,雜支支出,中華電信股份有限公司,19683736,0.00,3100.00,電信費用,金錢,桃園市桃園區****,,
140,陳儀桓,107年直轄市議員選舉,首次申報,1071005,雜支支出,總裁飯包,41423806,0.00,560.00,餐飲費用,金錢,桃園市楊梅區****,,
141,陳儀桓,107年直轄市議員選舉,首次申報,1071005,租用宣傳車輛支出,中油富岡加油站,45027573,0.00,500.00,宣傳車輛燃料支出,金錢,桃園市楊梅區****,,
142,陳儀桓,107年直轄市議員選舉,首次申報,1071005,雜支支出,灰熊大雞腿便當,50607066,0.00,700.00,餐飲費用,金錢,桃園市楊梅區****,,
143,陳儀桓,107年直轄市議員選舉,首次申報,1071005,雜支支出,高榮飯食館,72733828,0.00,3200.00,餐飲費用,金錢,桃園市中壢區****,,
144,陳儀桓,107年直轄市議員選舉,首次申報,1071005,集會支出,輝茂企業有限公司,86967108,0.00,3500.00,餐飲支出,金錢,桃園市楊梅區****,,
145,陳儀桓,107年直轄市議員選舉,首次申報,1071005,宣傳支出,余莓莓,A22*******,0.00,3600.00,演講或表演支出,金錢,臺北市士林區****,,
146,陳儀桓,107年直轄市議員選舉,首次申報,1071005,租用競選辦事處支出,陳仁泉,H10*******,0.00,60000.00,租用競選辦事處費用,金錢,桃園市楊梅區****,,
147,陳儀桓,107年直轄市議員選舉,首次申報,1071006,雜支支出,鼎勝自助餐,09999497,0.00,420.00,餐飲費用,金錢,桃園市楊梅區****,,
148,陳儀桓,107年直轄市議員選舉,首次申報,1071006,雜支支出,魏媽媽小吃店,17665509,0.00,110.00,餐飲費用,金錢,桃園市楊梅區****,,
149,陳儀桓,107年直轄市議員選舉,首次申報,1071007,雜支支出,福廣企業社,36473559,0.00,510.00,餐飲費用,金錢,桃園市楊梅區****,,
150,陳儀桓,107年直轄市議員選舉,首次申報,1071007,雜支支出,三浦壹品豬腳,72767713,0.00,490.00,餐飲費用,金錢,桃園市楊梅區****,,
151,陳儀桓,107年直轄市議員選舉,首次申報,1071008,雜支支出,明發飲食店,02448505,0.00,3600.00,餐飲費用,金錢,桃園市楊梅區****,,
152,陳儀桓,107年直轄市議員選舉,首次申報,1071008,集會支出,達成國際有限公司,16386542,0.00,62000.00,租用設備支出 燈光音響,金錢,桃園市新屋區****,,
153,陳儀桓,107年直轄市議員選舉,首次申報,1071008,雜支支出,巧名灶炊品,37788677,0.00,280.00,餐飲費用,金錢,桃園市楊梅區****,,
154,陳儀桓,107年直轄市議員選舉,首次申報,1071008,雜支支出,總裁飯包,41423806,0.00,140.00,餐飲費用,金錢,桃園市楊梅區****,,
155,陳儀桓,107年直轄市議員選舉,首次申報,1071008,雜支支出,總裁飯包,41423806,0.00,140.00,餐飲費用,金錢,桃園市楊梅區****,,
156,陳儀桓,107年直轄市議員選舉,首次申報,1071008,雜支支出,學府圖書文具社,45004972,0.00,120.00,文具用品費用,金錢,桃園市楊梅區****,,
157,陳儀桓,107年直轄市議員選舉,首次申報,1071009,雜支支出,鼎勝自助餐,09999497,0.00,700.00,餐飲費用,金錢,桃園市楊梅區****,,
158,陳儀桓,107年直轄市議員選舉,首次申報,1071009,雜支支出,永饌小吃店,41457690,0.00,350.00,餐飲費用,金錢,桃園市楊梅區****,,
159,陳儀桓,107年直轄市議員選舉,首次申報,1071009,租用競選辦事處支出,振興木材行,44718305,0.00,5000.00,裝潢競選辦事處支出,金錢,桃園市楊梅區****,,
160,陳儀桓,107年直轄市議員選舉,首次申報,1071010,雜支支出,經濟素食,37916096,0.00,350.00,餐飲費用,金錢,桃園市楊梅區****,,
161,陳儀桓,107年直轄市議員選舉,首次申報,1071010,雜支支出,總裁飯包,41423806,0.00,140.00,餐飲費用,金錢,桃園市楊梅區****,,
162,陳儀桓,107年直轄市議員選舉,首次申報,1071010,雜支支出,總裁飯包,41423806,0.00,210.00,餐飲費用,金錢,桃園市楊梅區****,,
163,陳儀桓,107年直轄市議員選舉,首次申報,1071010,租用宣傳車輛支出,中油富岡加油站,45027573,0.00,600.00,宣傳車輛燃料支出,金錢,桃園市楊梅區****,,
164,陳儀桓,107年直轄市議員選舉,首次申報,1071010,租用宣傳車輛支出,佑昌加油站,70505242,0.00,827.00,宣傳車輛燃料支出,金錢,桃園市楊梅區****,,
165,陳儀桓,107年直轄市議員選舉,首次申報,1071011,雜支支出,浩德祥飲食店,09663958,0.00,410.00,餐飲費用,金錢,桃園市楊梅區****,,
166,陳儀桓,107年直轄市議員選舉,首次申報,1071011,雜支支出,鼎勝自助餐,09999497,0.00,400.00,餐飲費用,金錢,桃園市楊梅區****,,
167,陳儀桓,107年直轄市議員選舉,首次申報,1071011,雜支支出,秉峰客家飯館,10080404,0.00,490.00,餐飲費用,金錢,桃園市楊梅區****,,
168,陳儀桓,107年直轄市議員選舉,首次申報,1071011,雜支支出,三浦壹品豬腳,72767713,0.00,95.00,餐飲費用,金錢,桃園市楊梅區****,,
169,陳儀桓,107年直轄市議員選舉,首次申報,1071011,雜支支出,健康素食店,95903979,0.00,210.00,餐飲費用,金錢,桃園市楊梅區****,,
170,陳儀桓,107年直轄市議員選舉,首次申報,1071012,雜支支出,浩德祥飲食店,09663958,0.00,140.00,餐飲費用,金錢,桃園市楊梅區****,,
171,陳儀桓,107年直轄市議員選舉,首次申報,1071012,雜支支出,鼎勝自助餐,09999497,0.00,2100.00,餐飲費用,金錢,桃園市楊梅區****,,
172,陳儀桓,107年直轄市議員選舉,首次申報,1071012,雜支支出,秉峰客家飯館,10080404,0.00,490.00,餐飲費用,金錢,桃園市楊梅區****,,
173,陳儀桓,107年直轄市議員選舉,首次申報,1071012,雜支支出,總裁飯包,41423806,0.00,140.00,餐飲費用,金錢,桃園市楊梅區****,,
174,陳儀桓,107年直轄市議員選舉,首次申報,1071012,雜支支出,金晏飲食店,87716164,0.00,295.00,餐飲費用,金錢,桃園市楊梅區****,,
175,陳儀桓,107年直轄市議員選舉,首次申報,1071012,雜支支出,健康素食店,95903979,0.00,280.00,餐飲費用,金錢,桃園市楊梅區****,,
176,陳儀桓,107年直轄市議員選舉,首次申報,1071012,雜支支出,健康素食店,95903979,0.00,1750.00,餐飲費用,金錢,桃園市楊梅區****,,
177,陳儀桓,107年直轄市議員選舉,首次申報,1071013,雜支支出,秉峰客家飯館,10080404,0.00,420.00,餐飲費用,金錢,桃園市楊梅區****,,
178,陳儀桓,107年直轄市議員選舉,首次申報,1071013,雜支支出,秉峰客家飯館,10080404,0.00,420.00,餐飲費用,金錢,桃園市楊梅區****,,
179,陳儀桓,107年直轄市議員選舉,首次申報,1071013,雜支支出,巧名灶炊品,37788677,0.00,350.00,餐飲費用,金錢,桃園市楊梅區****,,
180,陳儀桓,107年直轄市議員選舉,首次申報,1071013,租用宣傳車輛支出,中油富岡加油站,45027573,0.00,600.00,宣傳車輛燃料支出,金錢,桃園市楊梅區****,,
181,陳儀桓,107年直轄市議員選舉,首次申報,1071013,雜支支出,三浦壹品豬腳,72767713,0.00,445.00,餐飲費用,金錢,桃園市楊梅區****,,
182,陳儀桓,107年直轄市議員選舉,首次申報,1071013,雜支支出,健康素食店,95903979,0.00,280.00,餐飲費用,金錢,桃園市楊梅區****,,
183,陳儀桓,107年直轄市議員選舉,首次申報,1071014,雜支支出,鼎薪飲食店,09974995,0.00,310.00,餐飲費用,金錢,桃園市楊梅區****,,
184,陳儀桓,107年直轄市議員選舉,首次申報,1071014,雜支支出,健康素食店,95903979,0.00,280.00,餐飲費用,金錢,桃園市楊梅區****,,
185,陳儀桓,107年直轄市議員選舉,首次申報,1071015,雜支支出,浩德祥飲食店,09663958,0.00,325.00,餐飲費用,金錢,桃園市楊梅區****,,
186,陳儀桓,107年直轄市議員選舉,首次申報,1071015,雜支支出,秉峰客家飯館,10080404,0.00,280.00,餐飲費用,金錢,桃園市楊梅區****,,
187,陳儀桓,107年直轄市議員選舉,首次申報,1071015,雜支支出,山水民意研究股份有限公司,16135975,0.00,126000.00,電信費用,金錢,臺北市八德路****,,
188,陳儀桓,107年直轄市議員選舉,首次申報,1071015,雜支支出,總裁飯包,41423806,0.00,280.00,餐飲費用,金錢,桃園市楊梅區****,,
189,陳儀桓,107年直轄市議員選舉,首次申報,1071015,租用競選辦事處支出,富利久有限公司,80440698,0.00,3000.00,租買辦公設備支出,金錢,桃園市平鎮區****,,
190,陳儀桓,107年直轄市議員選舉,首次申報,1071016,雜支支出,秉峰客家飯館,10080404,0.00,210.00,餐飲費用,金錢,桃園市楊梅區****,,
191,陳儀桓,107年直轄市議員選舉,首次申報,1071016,租用宣傳車輛支出,台灣中油埔心站,45013022,0.00,600.00,宣傳車輛燃料支出,金錢,桃園市楊梅區****,,
192,陳儀桓,107年直轄市議員選舉,首次申報,1071016,雜支支出,金豬池上飯包店,50599262,0.00,490.00,餐飲費用,金錢,桃園市楊梅區****,,
193,陳儀桓,107年直轄市議員選舉,首次申報,1071016,雜支支出,健康素食店,95903979,0.00,280.00,餐飲費用,金錢,桃園市楊梅區****,,
194,陳儀桓,107年直轄市議員選舉,首次申報,1071017,雜支支出,鼎勝自助餐,09999497,0.00,800.00,餐飲費用,金錢,桃園市楊梅區****,,
195,陳儀桓,107年直轄市議員選舉,首次申報,1071017,雜支支出,秉峰客家飯館,10080404,0.00,490.00,餐飲費用,金錢,桃園市楊梅區****,,
196,陳儀桓,107年直轄市議員選舉,首次申報,1071017,雜支支出,秉峰客家飯館,10080404,0.00,495.00,餐飲費用,金錢,桃園市楊梅區****,,
197,陳儀桓,107年直轄市議員選舉,首次申報,1071017,租用宣傳車輛支出,車容坊梅新站,10662274,0.00,500.00,宣傳車輛燃料支出,金錢,桃園市楊梅區****,,
198,陳儀桓,107年直轄市議員選舉,首次申報,1071017,雜支支出,瑞溪飲食店,29305641,0.00,170.00,餐飲費用,金錢,桃園市楊梅區****,,
199,陳儀桓,107年直轄市議員選舉,首次申報,1071017,雜支支出,總裁飯包,41423806,0.00,210.00,餐飲費用,金錢,桃園市楊梅區****,,
200,陳儀桓,107年直轄市議員選舉,首次申報,1071017,雜支支出,三浦壹品豬腳,72767713,0.00,335.00,餐飲費用,金錢,桃園市楊梅區****,,
201,陳儀桓,107年直轄市議員選舉,首次申報,1071018,雜支支出,三和企業社,09664984,0.00,10000.00,雜項購置或修繕費用 鞭炮,金錢,桃園市平鎮區****,,
202,陳儀桓,107年直轄市議員選舉,首次申報,1071018,雜支支出,秉峰客家飯館,10080404,0.00,210.00,餐飲費用,金錢,桃園市楊梅區****,,
203,陳儀桓,107年直轄市議員選舉,首次申報,1071018,雜支支出,秉峰客家飯館,10080404,0.00,350.00,餐飲費用,金錢,桃園市楊梅區****,,
204,陳儀桓,107年直轄市議員選舉,首次申報,1071018,租用宣傳車輛支出,車容坊梅新站,10662274,0.00,500.00,宣傳車輛燃料支出,金錢,桃園市楊梅區****,,
205,陳儀桓,107年直轄市議員選舉,首次申報,1071018,雜支支出,健康素食店,95903979,0.00,210.00,餐飲費用,金錢,桃園市楊梅區****,,
206,陳儀桓,107年直轄市議員選舉,首次申報,1071018,雜支支出,健康素食店,95903979,0.00,140.00,餐飲費用,金錢,桃園市楊梅區****,,
207,陳儀桓,107年直轄市議員選舉,首次申報,1071019,雜支支出,三和企業社,09664984,0.00,10000.00,雜項購置或修繕費用 鞭炮,金錢,桃園市楊梅區****,,
208,陳儀桓,107年直轄市議員選舉,首次申報,1071019,雜支支出,鼎薪飲食店,09974995,0.00,300.00,餐飲費用,金錢,桃園市楊梅區****,,
209,陳儀桓,107年直轄市議員選舉,首次申報,1071019,雜支支出,秉峰客家飯館,10080404,0.00,280.00,餐飲費用,金錢,桃園市楊梅區****,,
210,陳儀桓,107年直轄市議員選舉,首次申報,1071019,雜支支出,快樂家商行,14665127,0.00,150.00,文具用品費用,金錢,桃園市楊梅區****,,
211,陳儀桓,107年直轄市議員選舉,首次申報,1071019,雜支支出,旋成小吃店,14941242,0.00,1700.00,餐飲費用,金錢,桃園市楊梅區****,,
212,陳儀桓,107年直轄市議員選舉,首次申報,1071019,租用宣傳車輛支出,福懋楊梅加油站,30166463,0.00,680.00,宣傳車輛燃料支出,金錢,桃園市楊梅區****,,
213,陳儀桓,107年直轄市議員選舉,首次申報,1071019,雜支支出,總裁飯包,41423806,0.00,560.00,餐飲費用,金錢,桃園市楊梅區****,,
214,陳儀桓,107年直轄市議員選舉,首次申報,1071019,雜支支出,光華文具行,43684952,0.00,25.00,文具用品費用,金錢,桃園市楊梅區****,,
215,陳儀桓,107年直轄市議員選舉,首次申報,1071019,雜支支出,三浦壹品豬腳,72767713,0.00,95.00,餐飲費用,金錢,桃園市楊梅區****,,
216,陳儀桓,107年直轄市議員選舉,首次申報,1071019,雜支支出,東霖實業社,73815919,0.00,500.00,水電瓦斯費用 飲用水,金錢,桃園市楊梅區****,,
217,陳儀桓,107年直轄市議員選舉,首次申報,1071019,集會支出,富廣滿味樓,99255882,0.00,51975.00,餐飲支出,金錢,桃園市楊梅區****,,
218,陳儀桓,107年直轄市議員選舉,首次申報,1071020,雜支支出,台灣電力公司,02488533,0.00,1535.00,水電瓦斯費用,金錢,桃園市楊梅區****,,
219,陳儀桓,107年直轄市議員選舉,首次申報,1071020,雜支支出,秉峰客家飯館,10080404,0.00,430.00,餐飲費用,金錢,桃園市楊梅區****,,
220,陳儀桓,107年直轄市議員選舉,首次申報,1071020,雜支支出,秉峰客家飯館,10080404,0.00,490.00,餐飲費用,金錢,桃園市楊梅區****,,
221,陳儀桓,107年直轄市議員選舉,首次申報,1071020,雜支支出,福廣企業社,36473559,0.00,240.00,餐飲費用,金錢,桃園市楊梅區****,,
222,陳儀桓,107年直轄市議員選舉,首次申報,1071020,雜支支出,經濟素食,37916096,0.00,510.00,餐飲費用,金錢,桃園市楊梅區****,,
223,陳儀桓,107年直轄市議員選舉,首次申報,1071020,雜支支出,家佳百貨行,41020959,0.00,110.00,文具用品費用,金錢,桃園市楊梅區****,,
224,陳儀桓,107年直轄市議員選舉,首次申報,1071020,雜支支出,德恒行,43713561,0.00,480.00,雜項購置或修繕費用 鐵樂士噴漆,金錢,桃園市楊梅區****,,
225,陳儀桓,107年直轄市議員選舉,首次申報,1071020,租用宣傳車輛支出,柑園加油站有限公司楊梅二站,72805293,0.00,500.00,宣傳車輛燃料支出,金錢,桃園市楊梅區****,,
226,陳儀桓,107年直轄市議員選舉,首次申報,1071020,雜支支出,健康素食店,95903979,0.00,980.00,餐飲費用,金錢,桃園市楊梅區****,,
227,陳儀桓,107年直轄市議員選舉,首次申報,1071021,雜支支出,福廣企業社,36473559,0.00,595.00,餐飲費用,金錢,桃園市楊梅區****,,
228,陳儀桓,107年直轄市議員選舉,首次申報,1071021,雜支支出,芳明小吃店,47999454,0.00,1080.00,餐飲費用,金錢,桃園市楊梅區****,,
229,陳儀桓,107年直轄市議員選舉,首次申報,1071022,雜支支出,秉峰客家飯館,10080404,0.00,350.00,餐飲費用,金錢,桃園市楊梅區****,,
230,陳儀桓,107年直轄市議員選舉,首次申報,1071022,雜支支出,秉峰客家飯館,10080404,0.00,420.00,餐飲費用,金錢,桃園市楊梅區****,,
231,陳儀桓,107年直轄市議員選舉,首次申報,1071022,雜支支出,7-11,16837618,0.00,70.00,餐飲費用,金錢,桃園市新屋區****,,
232,陳儀桓,107年直轄市議員選舉,首次申報,1071022,雜支支出,三統包裝材料有限公司,24212068,0.00,1995.00,文具用品費用,金錢,桃園市楊梅區****,,
233,陳儀桓,107年直轄市議員選舉,首次申報,1071022,雜支支出,巧名灶炊品,37788677,0.00,280.00,餐飲費用,金錢,桃園市楊梅區****,,
234,陳儀桓,107年直轄市議員選舉,首次申報,1071022,租用宣傳車輛支出,台灣中油埔心站,45013022,0.00,598.00,宣傳車輛燃料支出,金錢,桃園市楊梅區****,,
235,陳儀桓,107年直轄市議員選舉,首次申報,1071022,租用宣傳車輛支出,柑園加油站有限公司楊梅二站,72805293,0.00,758.00,宣傳車輛燃料支出,金錢,桃園市楊梅區****,,
236,陳儀桓,107年直轄市議員選舉,首次申報,1071022,雜支支出,健康素食店,95903979,0.00,210.00,餐飲費用,金錢,桃園市楊梅區****,,
237,陳儀桓,107年直轄市議員選舉,首次申報,1071023,雜支支出,中山企業行,02708142,0.00,900.00,雜項購置-電腦刻字,金錢,桃園市龍潭區****,,
238,陳儀桓,107年直轄市議員選舉,首次申報,1071023,雜支支出,秉峰客家飯館,10080404,0.00,420.00,餐飲費用,金錢,桃園市楊梅區****,,
239,陳儀桓,107年直轄市議員選舉,首次申報,1071023,雜支支出,秉峰客家飯館,10080404,0.00,300.00,餐飲費用,金錢,桃園市楊梅區****,,
240,陳儀桓,107年直轄市議員選舉,首次申報,1071023,雜支支出,魏媽媽小吃店,17665509,0.00,110.00,餐飲費用,金錢,桃園市楊梅區****,,
241,陳儀桓,107年直轄市議員選舉,首次申報,1071023,集會支出,詮欣廣告事業有限公司,27831154,0.00,88000.00,製作宣傳廣告支出,金錢,桃園市桃園區****,,
242,陳儀桓,107年直轄市議員選舉,首次申報,1071023,雜支支出,總裁飯包,41423806,0.00,280.00,餐飲費用,金錢,桃園市楊梅區****,,
243,陳儀桓,107年直轄市議員選舉,首次申報,1071023,雜支支出,總裁飯包,41423806,0.00,280.00,餐飲費用,金錢,桃園市楊梅區****,,
244,陳儀桓,107年直轄市議員選舉,首次申報,1071023,雜支支出,健康素食店,95903979,0.00,280.00,餐飲費用,金錢,桃園市楊梅區****,,
245,陳儀桓,107年直轄市議員選舉,首次申報,1071024,雜支支出,秉峰客家飯館,10080404,0.00,350.00,餐飲費用,金錢,桃園市楊梅區****,,
246,陳儀桓,107年直轄市議員選舉,首次申報,1071024,雜支支出,69五金生活館,41247787,0.00,140.00,文具用品費用,金錢,桃園市楊梅區****,,
247,陳儀桓,107年直轄市議員選舉,首次申報,1071024,雜支支出,總裁飯包,41423806,0.00,350.00,餐飲費用,金錢,桃園市楊梅區****,,
248,陳儀桓,107年直轄市議員選舉,首次申報,1071024,雜支支出,揚新麵食館,41448047,0.00,100.00,餐飲費用,金錢,桃園市楊梅區****,,
249,陳儀桓,107年直轄市議員選舉,首次申報,1071024,租用宣傳車輛支出,中油埔心加油站,45013022,0.00,598.00,宣傳車輛燃料支出,金錢,桃園市楊梅區****,,
250,陳儀桓,107年直轄市議員選舉,首次申報,1071024,租用宣傳車輛支出,中油幼獅加油站,89350394,0.00,600.00,宣傳車輛燃料支出,金錢,桃園市楊梅區****,,
251,陳儀桓,107年直轄市議員選舉,首次申報,1071025,雜支支出,鼎勝自助餐,09999497,0.00,200.00,餐飲費用,金錢,桃園市楊梅區****,,
252,陳儀桓,107年直轄市議員選舉,首次申報,1071025,雜支支出,秉峰客家飯館,10080404,0.00,355.00,餐飲費用,金錢,桃園市楊梅區****,,
253,陳儀桓,107年直轄市議員選舉,首次申報,1071025,雜支支出,秉峰客家飯館,10080404,0.00,490.00,餐飲費用,金錢,桃園市楊梅區****,,
254,陳儀桓,107年直轄市議員選舉,首次申報,1071025,雜支支出,三浦壹品豬腳,72767713,0.00,275.00,餐飲費用,金錢,桃園市楊梅區****,,
255,陳儀桓,107年直轄市議員選舉,首次申報,1071025,租用宣傳車輛支出,柑園加油站有限公司楊梅二站,72805293,0.00,656.00,宣傳車輛燃料支出,金錢,桃園市楊梅區****,,
256,陳儀桓,107年直轄市議員選舉,首次申報,1071025,雜支支出,合樂古早味,82082319,0.00,650.00,餐飲費用,金錢,桃園市楊梅區****,,
257,陳儀桓,107年直轄市議員選舉,首次申報,1071025,雜支支出,健康素食店,95903979,0.00,100.00,餐飲費用,金錢,桃園市楊梅區****,,
258,陳儀桓,107年直轄市議員選舉,首次申報,1071026,雜支支出,秉峰客家飯館,10080404,0.00,290.00,餐飲費用,金錢,桃園市楊梅區****,,
259,陳儀桓,107年直轄市議員選舉,首次申報,1071026,雜支支出,秉峰客家飯館,10080404,0.00,430.00,餐飲費用,金錢,桃園市楊梅區****,,
260,陳儀桓,107年直轄市議員選舉,首次申報,1071026,雜支支出,京昱科技有限公司,24632316,0.00,130.00,文具用品費用,金錢,桃園市楊梅區****,,
261,陳儀桓,107年直轄市議員選舉,首次申報,1071026,租用宣傳車輛支出,福懋楊梅加油站,30166463,0.00,878.00,宣傳車輛燃料支出,金錢,桃園市楊梅區****,,
262,陳儀桓,107年直轄市議員選舉,首次申報,1071026,雜支支出,總裁飯包,41423806,0.00,280.00,餐飲費用,金錢,桃園市楊梅區****,,
263,陳儀桓,107年直轄市議員選舉,首次申報,1071026,雜支支出,三浦壹品豬腳,72767713,0.00,190.00,餐飲費用,金錢,桃園市楊梅區****,,
264,陳儀桓,107年直轄市議員選舉,首次申報,1071026,雜支支出,泉源飲食店,98141314,0.00,4500.00,餐飲費用,金錢,桃園市楊梅區****,,
265,陳儀桓,107年直轄市議員選舉,首次申報,1071027,雜支支出,秉峰客家飯館,10080404,0.00,495.00,餐飲費用,金錢,桃園市楊梅區****,,
266,陳儀桓,107年直轄市議員選舉,首次申報,1071027,雜支支出,7-11,16837618,0.00,52.00,餐飲費用,金錢,桃園市楊梅區****,,
267,陳儀桓,107年直轄市議員選舉,首次申報,1071027,雜支支出,瑞溪飲食店,29305641,0.00,150.00,餐飲費用,金錢,桃園市楊梅區****,,
268,陳儀桓,107年直轄市議員選舉,首次申報,1071027,雜支支出,福廣企業社,36473559,0.00,85.00,餐飲費用,金錢,桃園市楊梅區****,,
269,陳儀桓,107年直轄市議員選舉,首次申報,1071027,雜支支出,學府圖書文具社,45004972,0.00,150.00,文具用品費用,金錢,桃園市楊梅區****,,
270,陳儀桓,107年直轄市議員選舉,首次申報,1071027,雜支支出,芳明小吃店,47999454,0.00,200.00,餐飲費用,金錢,桃園市楊梅區****,,
271,陳儀桓,107年直轄市議員選舉,首次申報,1071027,雜支支出,芳明小吃店,47999454,0.00,920.00,餐飲費用,金錢,桃園市楊梅區****,,
272,陳儀桓,107年直轄市議員選舉,首次申報,1071027,租用宣傳車輛支出,柑園加油站有限公司楊梅二站,72805293,0.00,600.00,宣傳車輛燃料支出,金錢,桃園市楊梅區****,,
273,陳儀桓,107年直轄市議員選舉,首次申報,1071027,雜支支出,立即購商行,99834433,0.00,309.00,文具用品費用,金錢,桃園市楊梅區****,,
274,陳儀桓,107年直轄市議員選舉,首次申報,1071028,雜支支出,浩德祥飲食店,09663958,0.00,20.00,餐飲費用,金錢,桃園市楊梅區****,,
275,陳儀桓,107年直轄市議員選舉,首次申報,1071028,雜支支出,鼎勝自助餐,09999497,0.00,560.00,餐飲費用,金錢,桃園市楊梅區****,,
276,陳儀桓,107年直轄市議員選舉,首次申報,1071028,雜支支出,7-11,16837618,0.00,65.00,餐飲費用,金錢,桃園市楊梅區****,,
277,陳儀桓,107年直轄市議員選舉,首次申報,1071028,雜支支出,魏媽媽小吃店,17665509,0.00,110.00,餐飲費用,金錢,桃園市楊梅區****,,
278,陳儀桓,107年直轄市議員選舉,首次申報,1071028,雜支支出,瑞溪飲食店,29305641,0.00,150.00,餐飲費用,金錢,桃園市楊梅區****,,
279,陳儀桓,107年直轄市議員選舉,首次申報,1071028,雜支支出,學府圖書文具社,45004972,0.00,216.00,文具用品費用,金錢,桃園市楊梅區****,,
280,陳儀桓,107年直轄市議員選舉,首次申報,1071028,雜支支出,芳明小吃店,47999454,0.00,400.00,餐飲費用,金錢,桃園市楊梅區****,,
281,陳儀桓,107年直轄市議員選舉,首次申報,1071029,雜支支出,學府圖書文具社,,0.00,120.00,文具用品費用,金錢,桃園市楊梅區****,,
282,陳儀桓,107年直轄市議員選舉,首次申報,1071029,雜支支出,浩德祥飲食店,09663958,0.00,490.00,餐飲費用,金錢,桃園市楊梅區****,,
283,陳儀桓,107年直轄市議員選舉,首次申報,1071029,雜支支出,鼎勝自助餐,09999497,0.00,350.00,餐飲費用,金錢,桃園市楊梅區****,,
284,陳儀桓,107年直轄市議員選舉,首次申報,1071029,租用宣傳車輛支出,北基國際加油站,10035400,0.00,690.00,宣傳車輛燃料支出,金錢,桃園市楊梅區****,,
285,陳儀桓,107年直轄市議員選舉,首次申報,1071029,雜支支出,秉峰客家飯館,10080404,0.00,350.00,餐飲費用,金錢,桃園市楊梅區****,,
286,陳儀桓,107年直轄市議員選舉,首次申報,1071029,集會支出,元順布棚行,17223595,0.00,13600.00,租用設備支出,金錢,桃園市楊梅區****,,
287,陳儀桓,107年直轄市議員選舉,首次申報,1071029,雜支支出,巧名灶炊品37788677,37788677,0.00,840.00,餐飲費用,金錢,桃園市楊梅區****,,
288,陳儀桓,107年直轄市議員選舉,首次申報,1071029,雜支支出,三浦壹品豬腳,72767713,0.00,80.00,餐飲費用,金錢,桃園市楊梅區****,,
289,陳儀桓,107年直轄市議員選舉,首次申報,1071029,租用宣傳車輛支出,柑園加油站有限公司楊梅二站,72805293,0.00,679.00,宣傳車輛燃料支出,金錢,桃園市楊梅區****,,
290,陳儀桓,107年直轄市議員選舉,首次申報,1071030,雜支支出,秉峰客家飯館,10080404,0.00,280.00,餐飲費用,金錢,桃園市楊梅區****,,
291,陳儀桓,107年直轄市議員選舉,首次申報,1071030,雜支支出,秉峰客家飯館,10080404,0.00,490.00,餐飲費用,金錢,桃園市楊梅區****,,
292,陳儀桓,107年直轄市議員選舉,首次申報,1071030,雜支支出,7-11,16837618,0.00,52.00,餐飲費用,金錢,桃園市楊梅區****,,
293,陳儀桓,107年直轄市議員選舉,首次申報,1071030,雜支支出,青雲企業社,19694754,0.00,80.00,鑰匙,金錢,桃園市楊梅區****,,
294,陳儀桓,107年直轄市議員選舉,首次申報,1071030,雜支支出,總裁飯包,41423806,0.00,490.00,餐飲費用,金錢,桃園市楊梅區****,,
295,陳儀桓,107年直轄市議員選舉,首次申報,1071030,雜支支出,灰熊大雞腿便當,50607066,0.00,180.00,餐飲費用,金錢,桃園市楊梅區****,,
296,陳儀桓,107年直轄市議員選舉,首次申報,1071030,雜支支出,東霖實業社,73815919,0.00,300.00,雜項購置-飲用水,金錢,桃園市楊梅區****,,
297,陳儀桓,107年直轄市議員選舉,首次申報,1071030,雜支支出,燦坤實業股份有限公司,80339428,0.00,418.00,文具用品費用,金錢,桃園市楊梅區****,,
298,陳儀桓,107年直轄市議員選舉,首次申報,1071030,集會支出,富廣滿味樓,99255882,0.00,50400.00,餐飲支出,金錢,桃園市楊梅區****,,
299,陳儀桓,107年直轄市議員選舉,首次申報,1071030,人事費用支出,吳年東,J10*******,0.00,37500.00,工資或薪津,金錢,桃園市楊梅區****,,
300,陳儀桓,107年直轄市議員選舉,首次申報,1071031,租用宣傳車輛支出,北基國際加油站,10035400,0.00,680.00,宣傳車輛燃料支出,金錢,桃園市楊梅區****,,
301,陳儀桓,107年直轄市議員選舉,首次申報,1071031,雜支支出,秉峰客家飯館,10080404,0.00,420.00,餐飲費用,金錢,桃園市楊梅區****,,
302,陳儀桓,107年直轄市議員選舉,首次申報,1071031,雜支支出,千翔食品行,14382161,0.00,500.00,糖果,金錢,桃園市中壢區****,,
303,陳儀桓,107年直轄市議員選舉,首次申報,1071031,雜支支出,燦坤實業股份有限公司,28978373,0.00,259.00,文具用品費用,金錢,桃園市楊梅區****,,
304,陳儀桓,107年直轄市議員選舉,首次申報,1071031,雜支支出,福廣企業社,36473559,0.00,705.00,餐飲費用,金錢,桃園市楊梅區****,,
305,陳儀桓,107年直轄市議員選舉,首次申報,1071031,雜支支出,總裁飯包,41423806,0.00,140.00,餐飲費用,金錢,桃園市楊梅區****,,
306,陳儀桓,107年直轄市議員選舉,首次申報,1071031,雜支支出,揚新麵食館,41448047,0.00,220.00,餐飲費用,金錢,桃園市楊梅區****,,
307,陳儀桓,107年直轄市議員選舉,首次申報,1071031,租用宣傳車輛支出,中油富岡加油站,45027573,0.00,679.00,宣傳車輛燃料支出,金錢,桃園市楊梅區****,,
308,陳儀桓,107年直轄市議員選舉,首次申報,1071101,雜支支出,鼎勝自助餐,09999497,0.00,490.00,餐飲費用,金錢,桃園市楊梅區****,,
309,陳儀桓,107年直轄市議員選舉,首次申報,1071101,雜支支出,秉峰客家飯館,10080404,0.00,980.00,餐飲費用,金錢,桃園市楊梅區****,,
310,陳儀桓,107年直轄市議員選舉,首次申報,1071101,雜支支出,旋成小吃店,14941242,0.00,225.00,餐飲費用,金錢,桃園市楊梅區****,,
311,陳儀桓,107年直轄市議員選舉,首次申報,1071101,雜支支出,廷軒飲食店,17483162,0.00,210.00,餐飲費用,金錢,桃園市楊梅區****,,
312,陳儀桓,107年直轄市議員選舉,首次申報,1071101,雜支支出,光華文具行,43684952,0.00,190.00,文具用品費用,金錢,桃園市楊梅區****,,
313,陳儀桓,107年直轄市議員選舉,首次申報,1071101,雜支支出,興一青菓行,78533262,0.00,750.00,水果,金錢,桃園市中壢區****,,
314,陳儀桓,107年直轄市議員選舉,首次申報,1071102,雜支支出,雅莉嘉自助餐廳,02471028,0.00,840.00,餐飲費用,金錢,桃園市楊梅區****,,
315,陳儀桓,107年直轄市議員選舉,首次申報,1071102,雜支支出,雅莉嘉自助餐廳,02471028,0.00,2940.00,餐飲費用,金錢,桃園市楊梅區****,,
316,陳儀桓,107年直轄市議員選舉,首次申報,1071102,雜支支出,秉峰客家飯館,10080404,0.00,210.00,餐飲費用,金錢,桃園市楊梅區****,,
317,陳儀桓,107年直轄市議員選舉,首次申報,1071102,雜支支出,秉峰客家飯館,10080404,0.00,700.00,餐飲費用,金錢,桃園市楊梅區****,,
318,陳儀桓,107年直轄市議員選舉,首次申報,1071102,集會支出,元順布棚行,17223595,0.00,15500.00,租用設備支出,金錢,桃園市楊梅區****,,
319,陳儀桓,107年直轄市議員選舉,首次申報,1071102,雜支支出,廷軒飲食店,17483162,0.00,370.00,餐飲費用,金錢,桃園市楊梅區****,,
320,陳儀桓,107年直轄市議員選舉,首次申報,1071102,雜支支出,新順發企業社,26143025,0.00,1000.00,糖果,金錢,桃園市楊梅區****,,
321,陳儀桓,107年直轄市議員選舉,首次申報,1071102,集會支出,春發禮儀社,29359028,0.00,13000.00,租用設備支出 舞台音響,金錢,桃園市大園區****,,
322,陳儀桓,107年直轄市議員選舉,首次申報,1071102,雜支支出,大順行,36474467,0.00,650.00,紙杯,金錢,桃園市楊梅區****,,
323,陳儀桓,107年直轄市議員選舉,首次申報,1071102,租用宣傳車輛支出,中油梅溪加油站,44520394,0.00,590.00,宣傳車輛燃料支出,金錢,桃園市楊梅區****,,
324,陳儀桓,107年直轄市議員選舉,首次申報,1071102,雜支支出,灰熊大雞腿便當,50607066,0.00,90.00,餐飲費用,金錢,桃園市楊梅區****,,
325,陳儀桓,107年直轄市議員選舉,首次申報,1071102,雜支支出,巧珍餐飲店,83881120,0.00,540.00,餐飲費用,金錢,桃園市楊梅區****,,
326,陳儀桓,107年直轄市議員選舉,首次申報,1071102,雜支支出,健康素食店,95903979,0.00,140.00,餐飲費用,金錢,桃園市楊梅區****,,
327,陳儀桓,107年直轄市議員選舉,首次申報,1071102,雜支支出,健康素食店,95903979,0.00,140.00,餐飲費用,金錢,桃園市楊梅區****,,
328,陳儀桓,107年直轄市議員選舉,首次申報,1071103,雜支支出,鼎勝自助餐,09999497,0.00,840.00,餐飲費用,金錢,桃園市楊梅區****,,
329,陳儀桓,107年直轄市議員選舉,首次申報,1071103,雜支支出,鼎勝自助餐,09999497,0.00,2940.00,餐飲費用,金錢,桃園市楊梅區****,,
330,陳儀桓,107年直轄市議員選舉,首次申報,1071103,雜支支出,秉峰客家飯館,10080404,0.00,210.00,餐飲費用,金錢,桃園市楊梅民****,,
331,陳儀桓,107年直轄市議員選舉,首次申報,1071103,雜支支出,奇美飯食館,17478610,0.00,4140.00,餐飲費用,金錢,桃園市民族路****,,
332,陳儀桓,107年直轄市議員選舉,首次申報,1071103,租用宣傳車輛支出,福懋楊梅加油站,30166463,0.00,1185.00,宣傳車輛燃料支出,金錢,桃園市楊梅區****,,
333,陳儀桓,107年直轄市議員選舉,首次申報,1071103,雜支支出,銀星攝影社,45913136,0.00,80.00,相片,金錢,桃園市楊梅區****,,
334,陳儀桓,107年直轄市議員選舉,首次申報,1071103,租用宣傳車輛支出,柑園加油站有限公司楊梅二站,72805293,0.00,705.00,宣傳車輛燃料支出,金錢,桃園市楊梅區****,,
335,陳儀桓,107年直轄市議員選舉,首次申報,1071103,雜支支出,健康素食店,95903979,0.00,140.00,餐飲費用,金錢,桃園市楊梅區****,,
336,陳儀桓,107年直轄市議員選舉,首次申報,1071104,雜支支出,雅莉嘉自助餐廳,02471028,0.00,120.00,餐飲費用,金錢,桃園市楊梅區****,,
337,陳儀桓,107年直轄市議員選舉,首次申報,1071104,雜支支出,秉峰客家飯館,10080404,0.00,150.00,餐飲費用,金錢,桃園市楊梅區****,,
338,陳儀桓,107年直轄市議員選舉,首次申報,1071104,雜支支出,秉峰客家飯館,10080404,0.00,210.00,餐飲費用,金錢,桃園市楊梅民****,,
339,陳儀桓,107年直轄市議員選舉,首次申報,1071104,雜支支出,緣味食品行,13777031,0.00,270.00,糖果,金錢,桃園市楊梅區****,,
340,陳儀桓,107年直轄市議員選舉,首次申報,1071104,雜支支出,福廣企業社,36473559,0.00,170.00,餐飲費用,金錢,桃園市楊梅區****,,
341,陳儀桓,107年直轄市議員選舉,首次申報,1071104,雜支支出,金鴨鴨肉麵店,41017949,0.00,670.00,餐飲費用,金錢,桃園市楊梅區****,,
342,陳儀桓,107年直轄市議員選舉,首次申報,1071104,雜支支出,芳明小吃店,47999454,0.00,760.00,餐飲費用,金錢,桃園市楊梅區****,,
343,陳儀桓,107年直轄市議員選舉,首次申報,1071104,雜支支出,灰熊大雞腿便當,50607066,0.00,2400.00,餐飲費用,金錢,桃園市楊梅區****,,
344,陳儀桓,107年直轄市議員選舉,首次申報,1071104,租用宣傳車輛支出,柑園加油站有限公司楊梅二站,72805293,0.00,590.00,宣傳車輛燃料支出,金錢,桃園市楊梅區****,,
345,陳儀桓,107年直轄市議員選舉,首次申報,1071105,雜支支出,鼎勝自助餐,09999497,0.00,600.00,餐飲費用,金錢,桃園市楊梅區****,,
346,陳儀桓,107年直轄市議員選舉,首次申報,1071105,雜支支出,鼎勝自助餐,09999497,0.00,400.00,餐飲費用,金錢,桃園市楊梅區****,,
347,陳儀桓,107年直轄市議員選舉,首次申報,1071105,雜支支出,秉峰客家飯館,10080404,0.00,490.00,餐飲費用,金錢,桃園市楊梅區****,,
348,陳儀桓,107年直轄市議員選舉,首次申報,1071105,雜支支出,廷軒飲食店,17483162,0.00,140.00,餐飲費用,金錢,桃園市楊梅區****,,
349,陳儀桓,107年直轄市議員選舉,首次申報,1071105,租用宣傳車輛支出,福懋楊梅加油站,30166463,0.00,612.00,宣傳車輛燃料支出,金錢,桃園市楊梅區****,,
350,陳儀桓,107年直轄市議員選舉,首次申報,1071105,雜支支出,總裁飯包,41423806,0.00,70.00,餐飲費用,金錢,桃園市楊梅區****,,
351,陳儀桓,107年直轄市議員選舉,首次申報,1071105,雜支支出,揚新麵食館,41448047,0.00,220.00,餐飲費用,金錢,桃園市楊梅區****,,
352,陳儀桓,107年直轄市議員選舉,首次申報,1071105,雜支支出,健康素食店,95903979,0.00,70.00,餐飲費用,金錢,桃園市楊梅區****,,
353,陳儀桓,107年直轄市議員選舉,首次申報,1071106,雜支支出,秉峰客家飯館,10080404,0.00,420.00,餐飲費用,金錢,桃園市楊梅區****,,
354,陳儀桓,107年直轄市議員選舉,首次申報,1071106,雜支支出,秉峰客家飯館,10080404,0.00,490.00,餐飲費用,金錢,桃園市楊梅區****,,
355,陳儀桓,107年直轄市議員選舉,首次申報,1071106,雜支支出,新順發快餐店,36470238,0.00,840.00,餐飲費用,金錢,桃園市楊梅區****,,
356,陳儀桓,107年直轄市議員選舉,首次申報,1071106,雜支支出,福廣企業社,36473559,0.00,75.00,餐飲費用,金錢,桃園市楊梅區****,,
357,陳儀桓,107年直轄市議員選舉,首次申報,1071106,雜支支出,巧名灶炊品,37788677,0.00,690.00,餐飲費用,金錢,桃園市楊梅區****,,
358,陳儀桓,107年直轄市議員選舉,首次申報,1071106,雜支支出,總裁飯包,41423806,0.00,155.00,餐飲費用,金錢,桃園市楊梅區****,,
359,陳儀桓,107年直轄市議員選舉,首次申報,1071106,租用宣傳車輛支出,台灣中油埔心站,45013022,0.00,584.00,宣傳車輛燃料支出,金錢,桃園市楊梅區****,,
360,陳儀桓,107年直轄市議員選舉,首次申報,1071107,雜支支出,雅莉嘉自助餐廳,02471028,0.00,140.00,餐飲費用,金錢,桃園市楊梅區****,,
361,陳儀桓,107年直轄市議員選舉,首次申報,1071107,雜支支出,台灣電力公司,02488533,0.00,3140.00,水電瓦斯費用,金錢,桃園市楊梅區****,,
362,陳儀桓,107年直轄市議員選舉,首次申報,1071107,雜支支出,鼎勝自助餐,09999497,0.00,300.00,餐飲費用,金錢,桃園市楊梅區****,,
363,陳儀桓,107年直轄市議員選舉,首次申報,1071107,雜支支出,秉峰客家飯館,10080404,0.00,350.00,餐飲費用,金錢,桃園市楊梅區****,,
364,陳儀桓,107年直轄市議員選舉,首次申報,1071107,雜支支出,秉峰客家飯館,10080404,0.00,490.00,餐飲費用,金錢,桃園市楊梅區****,,
365,陳儀桓,107年直轄市議員選舉,首次申報,1071107,租用宣傳車輛支出,福懋楊梅加油站,30166463,0.00,680.00,宣傳車輛燃料支出,金錢,桃園市楊梅區****,,
366,陳儀桓,107年直轄市議員選舉,首次申報,1071107,雜支支出,林松快餐店,94958238,0.00,240.00,餐飲費用,金錢,桃園市楊梅區****,,
367,陳儀桓,107年直轄市議員選舉,首次申報,1071107,雜支支出,健康素食店,95903979,0.00,660.00,餐飲費用,金錢,桃園市楊梅區****,,
368,陳儀桓,107年直轄市議員選舉,首次申報,1071107,雜支支出,健康素食店,95903979,0.00,90.00,餐飲費用,金錢,桃園市楊梅區****,,
369,陳儀桓,107年直轄市議員選舉,首次申報,1071108,雜支支出,鼎勝自助餐,09999497,0.00,160.00,餐飲費用,金錢,桃園市楊梅區****,,
370,陳儀桓,107年直轄市議員選舉,首次申報,1071108,雜支支出,鼎勝自助餐,09999497,0.00,500.00,餐飲費用,金錢,桃園市楊梅區****,,
371,陳儀桓,107年直轄市議員選舉,首次申報,1071108,雜支支出,秉峰客家飯館,10080404,0.00,420.00,餐飲費用,金錢,桃園市楊梅區****,,
372,陳儀桓,107年直轄市議員選舉,首次申報,1071108,雜支支出,秉峰客家飯館,10080404,0.00,350.00,餐飲費用,金錢,桃園市楊梅區****,,
373,陳儀桓,107年直轄市議員選舉,首次申報,1071108,租用宣傳車輛支出,高油加油站股份有限公司,16375427,0.00,500.00,宣傳車輛燃料支出,金錢,桃園市楊梅區****,,
374,陳儀桓,107年直轄市議員選舉,首次申報,1071108,雜支支出,中華電信股份有限公司,19683736,0.00,4705.00,電信費用,金錢,桃園市桃園區****,,
375,陳儀桓,107年直轄市議員選舉,首次申報,1071108,雜支支出,名肯膠業有限公司,22592387,0.00,2520.00,輕便雨衣,金錢,桃園市平鎮區****,,
376,陳儀桓,107年直轄市議員選舉,首次申報,1071108,租用宣傳車輛支出,東美電機企業社,34827418,0.00,1600.00,維修宣傳車輛支出,金錢,桃園市楊梅區****,,
377,陳儀桓,107年直轄市議員選舉,首次申報,1071108,租用宣傳車輛支出,信泰汽車電機行,45025569,0.00,9500.00,維修宣傳車輛支出,金錢,桃園市楊梅區****,,
378,陳儀桓,107年直轄市議員選舉,首次申報,1071108,集會支出,文薈國際有限公司,52928276,0.00,9923.00,租用設備支出,金錢,臺北市中正區****,,
379,陳儀桓,107年直轄市議員選舉,首次申報,1071108,雜支支出,三浦壹品豬腳,72767713,0.00,190.00,餐飲費用,金錢,桃園市楊梅區****,,
380,陳儀桓,107年直轄市議員選舉,首次申報,1071108,雜支支出,健康素食店,95903979,0.00,330.00,餐飲費用,金錢,桃園市楊梅區****,,
381,陳儀桓,107年直轄市議員選舉,首次申報,1071109,雜支支出,浩德祥飲食店,09663958,0.00,490.00,餐飲費用,金錢,桃園市楊梅區****,,
382,陳儀桓,107年直轄市議員選舉,首次申報,1071109,雜支支出,秉峰客家飯館,10080404,0.00,350.00,餐飲費用,金錢,桃園市楊梅區****,,
383,陳儀桓,107年直轄市議員選舉,首次申報,1071109,雜支支出,總裁飯包,41423806,0.00,140.00,餐飲費用,金錢,桃園市楊梅區****,,
384,陳儀桓,107年直轄市議員選舉,首次申報,1071109,雜支支出,芳明小吃店,47999454,0.00,300.00,餐飲費用,金錢,桃園市龍潭區****,,
385,陳儀桓,107年直轄市議員選舉,首次申報,1071109,雜支支出,灰熊大雞腿便當,50607066,0.00,1500.00,餐飲費用,金錢,桃園市楊梅區****,,
386,陳儀桓,107年直轄市議員選舉,首次申報,1071109,雜支支出,灰熊大雞腿便當,50607066,0.00,1500.00,餐飲費用,金錢,桃園市楊梅區****,,
387,陳儀桓,107年直轄市議員選舉,首次申報,1071109,租用宣傳車輛支出,柑園加油站有限公司楊梅二站,72805293,0.00,672.00,宣傳車輛燃料支出,金錢,桃園市楊梅區****,,
388,陳儀桓,107年直轄市議員選舉,首次申報,1071110,雜支支出,浩德祥飲食店,09663958,0.00,280.00,餐飲費用,金錢,桃園市楊梅區****,,
389,陳儀桓,107年直轄市議員選舉,首次申報,1071110,雜支支出,鼎勝自助餐,09999497,0.00,840.00,餐飲費用,金錢,桃園市楊梅區****,,
390,陳儀桓,107年直轄市議員選舉,首次申報,1071110,雜支支出,秉峰客家飯館,10080404,0.00,420.00,餐飲費用,金錢,桃園市楊梅區****,,
391,陳儀桓,107年直轄市議員選舉,首次申報,1071110,租用宣傳車輛支出,車容坊梅新站,10662274,0.00,77.00,宣傳車輛燃料支出,金錢,桃園市楊梅區****,,
392,陳儀桓,107年直轄市議員選舉,首次申報,1071110,雜支支出,福廣企業社,36473559,0.00,160.00,餐飲費用,金錢,桃園市楊梅區****,,
393,陳儀桓,107年直轄市議員選舉,首次申報,1071110,雜支支出,總裁飯包,41423806,0.00,750.00,餐飲費用,金錢,桃園市楊梅區****,,
394,陳儀桓,107年直轄市議員選舉,首次申報,1071110,雜支支出,民族麵食館,42181382,0.00,255.00,餐飲費用,金錢,桃園市中壢區****,,
395,陳儀桓,107年直轄市議員選舉,首次申報,1071110,租用宣傳車輛支出,柑園加油站有限公司楊梅店,72853175,0.00,690.00,宣傳車輛燃料支出,金錢,桃園市楊梅區****,,
396,陳儀桓,107年直轄市議員選舉,首次申報,1071110,人事費用支出,簡俊明,H12*******,0.00,35100.00,工資或薪津,金錢,桃園市平鎮區****,,
397,陳儀桓,107年直轄市議員選舉,首次申報,1071111,雜支支出,浩德祥飲食店,09663958,0.00,600.00,餐飲費用,金錢,桃園市楊梅區****,,
398,陳儀桓,107年直轄市議員選舉,首次申報,1071111,雜支支出,鼎勝自助餐,09999497,0.00,1120.00,餐飲費用,金錢,桃園市楊梅區****,,
399,陳儀桓,107年直轄市議員選舉,首次申報,1071111,雜支支出,鼎勝自助餐,09999497,0.00,270.00,餐飲費用,金錢,桃園市楊梅區****,,
400,陳儀桓,107年直轄市議員選舉,首次申報,1071111,雜支支出,旋成小吃店,14941242,0.00,310.00,餐飲費用,金錢,桃園市楊梅區****,,
401,陳儀桓,107年直轄市議員選舉,首次申報,1071111,雜支支出,旋成小吃店,14941242,0.00,850.00,餐飲費用,金錢,桃園市楊梅區****,,
402,陳儀桓,107年直轄市議員選舉,首次申報,1071112,雜支支出,鼎勝自助餐,09999497,0.00,490.00,餐飲費用,金錢,桃園市楊梅區****,,
403,陳儀桓,107年直轄市議員選舉,首次申報,1071112,雜支支出,秉峰客家飯館,10080404,0.00,490.00,餐飲費用,金錢,桃園市楊梅區****,,
404,陳儀桓,107年直轄市議員選舉,首次申報,1071112,雜支支出,秉峰客家飯館,10080404,0.00,280.00,餐飲費用,金錢,桃園市楊梅區****,,
405,陳儀桓,107年直轄市議員選舉,首次申報,1071112,雜支支出,新順發快餐店,36470238,0.00,85.00,餐飲費用,金錢,桃園市楊梅區****,,
406,陳儀桓,107年直轄市議員選舉,首次申報,1071112,雜支支出,宏亮餐飲店,41020233,0.00,150.00,餐飲費用,金錢,桃園市楊梅區****,,
407,陳儀桓,107年直轄市議員選舉,首次申報,1071112,雜支支出,總裁飯包,41423806,0.00,840.00,餐飲費用,金錢,桃園市楊梅區****,,
408,陳儀桓,107年直轄市議員選舉,首次申報,1071112,雜支支出,學府圖書文具社,45004972,0.00,216.00,文具用品費用,金錢,桃園市楊梅區****,,
409,陳儀桓,107年直轄市議員選舉,首次申報,1071112,雜支支出,東霖實業社,73815919,0.00,250.00,水電瓦斯費用 飲用水,金錢,桃園市楊梅區****,,
410,陳儀桓,107年直轄市議員選舉,首次申報,1071113,雜支支出,雅莉嘉自助餐廳,02471028,0.00,700.00,餐飲費用,金錢,桃園市楊梅區****,,
411,陳儀桓,107年直轄市議員選舉,首次申報,1071113,雜支支出,浩德祥飲食店,09663958,0.00,280.00,餐飲費用,金錢,桃園市楊梅區****,,
412,陳儀桓,107年直轄市議員選舉,首次申報,1071113,雜支支出,鼎勝自助餐,09999497,0.00,50.00,餐飲費用,金錢,桃園市楊梅區****,,
413,陳儀桓,107年直轄市議員選舉,首次申報,1071113,租用宣傳車輛支出,福懋楊梅加油站,30166463,0.00,699.00,宣傳車輛燃料支出,金錢,桃園市楊梅區****,,
414,陳儀桓,107年直轄市議員選舉,首次申報,1071113,雜支支出,總裁飯包,41423806,0.00,935.00,餐飲費用,金錢,桃園市楊梅區****,,
415,陳儀桓,107年直轄市議員選舉,首次申報,1071113,租用宣傳車輛支出,中油富岡加油站,45027573,0.00,570.00,宣傳車輛燃料支出,金錢,桃園市楊梅區****,,
416,陳儀桓,107年直轄市議員選舉,首次申報,1071113,租用宣傳車輛支出,柑園加油站有限公司楊梅二站,72805293,0.00,75.00,宣傳車輛燃料支出,金錢,桃園市楊梅區****,,
417,陳儀桓,107年直轄市議員選舉,首次申報,1071113,雜支支出,富岡富登商行,80758104,0.00,120.00,文具用品費用,金錢,桃園市楊梅區****,,
418,陳儀桓,107年直轄市議員選舉,首次申報,1071113,雜支支出,健康素食店,95903979,0.00,70.00,餐飲費用,金錢,桃園市楊梅區****,,
419,陳儀桓,107年直轄市議員選舉,首次申報,1071114,雜支支出,聚味坊飲食店,09882428,0.00,700.00,餐飲費用,金錢,桃園市楊梅區****,,
420,陳儀桓,107年直轄市議員選舉,首次申報,1071114,雜支支出,秉峰客家飯館,10080404,0.00,470.00,餐飲費用,金錢,桃園市楊梅區****,,
421,陳儀桓,107年直轄市議員選舉,首次申報,1071114,雜支支出,旋成小吃店,14941242,0.00,230.00,餐飲費用,金錢,桃園市楊梅區****,,
422,陳儀桓,107年直轄市議員選舉,首次申報,1071114,租用宣傳車輛支出,高榮加油站股份有限公司,16375427,0.00,70.00,宣傳車輛燃料支出,金錢,桃園市楊梅區****,,
423,陳儀桓,107年直轄市議員選舉,首次申報,1071114,雜支支出,福廣企業社,36473559,0.00,85.00,餐飲費用,金錢,桃園市楊梅區****,,
424,陳儀桓,107年直轄市議員選舉,首次申報,1071114,雜支支出,總裁飯包,41423806,0.00,840.00,餐飲費用,金錢,桃園市楊梅區****,,
425,陳儀桓,107年直轄市議員選舉,首次申報,1071114,雜支支出,楊新麵食館,41448047,0.00,110.00,餐飲費用,金錢,桃園市楊梅區****,,
426,陳儀桓,107年直轄市議員選舉,首次申報,1071114,雜支支出,三浦壹品豬腳,72767713,0.00,190.00,餐飲費用,金錢,桃園市楊梅區****,,
427,陳儀桓,107年直轄市議員選舉,首次申報,1071114,租用競選辦事處支出,富利久有限公司,80440698,0.00,3000.00,租買辦公設備支出,金錢,桃園市平鎮區****,,
428,陳儀桓,107年直轄市議員選舉,首次申報,1071115,雜支支出,浩德祥飲食店,09663958,0.00,450.00,餐飲費用,金錢,桃園市楊梅區****,,
429,陳儀桓,107年直轄市議員選舉,首次申報,1071115,雜支支出,秉峰客家飯館,10080404,0.00,420.00,餐飲費用,金錢,桃園市楊梅區****,,
430,陳儀桓,107年直轄市議員選舉,首次申報,1071115,雜支支出,旋成小吃店,14941242,0.00,325.00,餐飲費用,金錢,桃園市楊梅區****,,
431,陳儀桓,107年直轄市議員選舉,首次申報,1071115,雜支支出,旋成小吃店,14941242,0.00,1020.00,餐飲費用,金錢,桃園市楊梅區****,,
432,陳儀桓,107年直轄市議員選舉,首次申報,1071115,集會支出,新欣發食品有限公司,16873774,0.00,63180.00,餐飲支出,金錢,高雄市美濃區****,,
433,陳儀桓,107年直轄市議員選舉,首次申報,1071115,雜支支出,中華電信股份有限公司,19683736,0.00,21572.00,電信費用,金錢,桃園市桃園區****,,
434,陳儀桓,107年直轄市議員選舉,首次申報,1071115,租用宣傳車輛支出,福懋楊梅加油站,30166463,0.00,673.00,宣傳車輛燃料支出,金錢,桃園市楊梅區****,,
435,陳儀桓,107年直轄市議員選舉,首次申報,1071115,雜支支出,巧名灶炊品,37788677,0.00,420.00,餐飲費用,金錢,桃園市楊梅區****,,
436,陳儀桓,107年直轄市議員選舉,首次申報,1071115,雜支支出,總裁飯包,41423806,0.00,155.00,餐飲費用,金錢,桃園市楊梅區****,,
437,陳儀桓,107年直轄市議員選舉,首次申報,1071115,雜支支出,總裁飯包,41423806,0.00,1020.00,餐飲費用,金錢,桃園市楊梅區****,,
438,陳儀桓,107年直轄市議員選舉,首次申報,1071115,雜支支出,光華文具行,43684952,0.00,300.00,文具用品費用,金錢,桃園市楊梅區****,,
439,陳儀桓,107年直轄市議員選舉,首次申報,1071115,雜支支出,灰熊大雞腿便當,50607066,0.00,170.00,餐飲費用,金錢,桃園市楊梅區****,,
440,陳儀桓,107年直轄市議員選舉,首次申報,1071116,雜支支出,旋成小吃店,14941242,0.00,1565.00,餐飲費用,金錢,桃園市楊梅區****,,
441,陳儀桓,107年直轄市議員選舉,首次申報,1071116,雜支支出,巧名灶炊品,37788677,0.00,540.00,餐飲費用,金錢,桃園市楊梅區****,,
442,陳儀桓,107年直轄市議員選舉,首次申報,1071116,雜支支出,總裁飯包,41423806,0.00,1020.00,餐飲費用,金錢,桃園市楊梅區****,,
443,陳儀桓,107年直轄市議員選舉,首次申報,1071116,雜支支出,楊新麵食館,41448047,0.00,220.00,餐飲費用,金錢,桃園市楊梅區****,,
444,陳儀桓,107年直轄市議員選舉,首次申報,1071116,雜支支出,灰熊大雞腿便當,50607066,0.00,280.00,餐飲費用,金錢,桃園市楊梅區****,,
445,陳儀桓,107年直轄市議員選舉,首次申報,1071116,租用宣傳車輛支出,柑園加油站有限公司楊梅二站,72805293,0.00,670.00,宣傳車輛燃料支出,金錢,桃園市楊梅區****,,
446,陳儀桓,107年直轄市議員選舉,首次申報,1071116,雜支支出,富岡富登商行,80458104,0.00,537.00,文具用品費用,金錢,桃園市楊梅區****,,
447,陳儀桓,107年直轄市議員選舉,首次申報,1071117,雜支支出,雅莉嘉自助餐廳,02471028,0.00,1680.00,餐飲費用,金錢,桃園市楊梅區****,,
448,陳儀桓,107年直轄市議員選舉,首次申報,1071117,雜支支出,浩德祥飲食店,09663958,0.00,490.00,餐飲費用,金錢,桃園市楊梅區****,,
449,陳儀桓,107年直轄市議員選舉,首次申報,1071117,集會支出,達成國際有限公司,16386542,0.00,10000.00,租用設備支出 燈光音響,金錢,桃園市新屋區****,,
450,陳儀桓,107年直轄市議員選舉,首次申報,1071117,雜支支出,福廣企業社,36473559,0.00,930.00,餐飲費用,金錢,桃園市楊梅區****,,
451,陳儀桓,107年直轄市議員選舉,首次申報,1071117,雜支支出,總裁飯包,41423806,0.00,1020.00,餐飲費用,金錢,桃園市楊梅區****,,
452,陳儀桓,107年直轄市議員選舉,首次申報,1071117,雜支支出,健康素食店,95903979,0.00,70.00,餐飲費用,金錢,桃園市楊梅區****,,
453,陳儀桓,107年直轄市議員選舉,首次申報,1071118,雜支支出,雅莉嘉自助餐廳,02471028,0.00,720.00,餐飲費用,金錢,桃園市楊梅區****,,
454,陳儀桓,107年直轄市議員選舉,首次申報,1071118,雜支支出,浩德祥飲食店,09974995,0.00,5200.00,餐飲費用,金錢,桃園市楊梅區****,,
455,陳儀桓,107年直轄市議員選舉,首次申報,1071118,雜支支出,秉峰客家飯館,10080404,0.00,560.00,餐飲費用,金錢,桃園市楊梅區****,,
456,陳儀桓,107年直轄市議員選舉,首次申報,1071118,集會支出,元順布棚行,17223595,0.00,14400.00,租用設備支出,金錢,桃園市楊梅區****,,
457,陳儀桓,107年直轄市議員選舉,首次申報,1071118,租用宣傳車輛支出,福懋楊梅加油站,30166463,0.00,682.00,宣傳車輛燃料支出,金錢,桃園市楊梅區****,,
458,陳儀桓,107年直轄市議員選舉,首次申報,1071118,租用宣傳車輛支出,中油梅溪加油站,44520394,0.00,725.00,宣傳車輛燃料支出,金錢,桃園市楊梅區****,,
459,陳儀桓,107年直轄市議員選舉,首次申報,1071118,雜支支出,巧珍餐飲店,83881120,0.00,1150.00,餐飲費用,金錢,桃園市楊梅區****,,
460,陳儀桓,107年直轄市議員選舉,首次申報,1071119,雜支支出,浩德祥飲食店,09663958,0.00,4500.00,餐飲費用,金錢,桃園市楊梅區****,,
461,陳儀桓,107年直轄市議員選舉,首次申報,1071119,雜支支出,浩德祥飲食店,09663958,0.00,280.00,餐飲費用,金錢,桃園市楊梅區****,,
462,陳儀桓,107年直轄市議員選舉,首次申報,1071119,雜支支出,秉峰客家飯館,10080404,0.00,490.00,餐飲費用,金錢,桃園市楊梅區****,,
463,陳儀桓,107年直轄市議員選舉,首次申報,1071119,雜支支出,廷軒飲食店,17483162,0.00,210.00,餐飲費用,金錢,桃園市楊梅區****,,
464,陳儀桓,107年直轄市議員選舉,首次申報,1071119,租用宣傳車輛支出,鴻林汽車材料行,31581426,0.00,600.00,維修宣傳車輛支出,金錢,桃園市楊梅區****,,
465,陳儀桓,107年直轄市議員選舉,首次申報,1071119,雜支支出,總裁飯包,41423806,0.00,1020.00,餐飲費用,金錢,桃園市楊梅區****,,
466,陳儀桓,107年直轄市議員選舉,首次申報,1071119,雜支支出,揚新麵食館,41448047,0.00,220.00,餐飲費用,金錢,桃園市楊梅區****,,
467,陳儀桓,107年直轄市議員選舉,首次申報,1071119,雜支支出,光華文具行,43684952,0.00,600.00,文具用品費用,金錢,桃園市楊梅區****,,
468,陳儀桓,107年直轄市議員選舉,首次申報,1071120,雜支支出,浩德祥飲食店,09663958,0.00,4500.00,餐飲費用,金錢,桃園市楊梅區****,,
469,陳儀桓,107年直轄市議員選舉,首次申報,1071120,雜支支出,浩德祥飲食店,09663958,0.00,4500.00,餐飲費用,金錢,桃園市楊梅區****,,
470,陳儀桓,107年直轄市議員選舉,首次申報,1071120,雜支支出,浩德祥飲食店,09663958,0.00,700.00,餐飲費用,金錢,桃園市楊梅區****,,
471,陳儀桓,107年直轄市議員選舉,首次申報,1071120,雜支支出,鼎勝自助餐,09999497,0.00,910.00,餐飲費用,金錢,桃園市楊梅區****,,
472,陳儀桓,107年直轄市議員選舉,首次申報,1071120,租用宣傳車輛支出,車容坊梅新站,10662274,0.00,100.00,宣傳車輛燃料支出,金錢,桃園市楊梅區****,,
473,陳儀桓,107年直轄市議員選舉,首次申報,1071120,雜支支出,快樂家商行,14665127,0.00,98.00,文具用品費用,金錢,桃園市楊梅區****,,
474,陳儀桓,107年直轄市議員選舉,首次申報,1071120,雜支支出,旋成小吃店,14941242,0.00,410.00,餐飲費用,金錢,桃園市楊梅區****,,
475,陳儀桓,107年直轄市議員選舉,首次申報,1071120,雜支支出,旋成小吃店,14941242,0.00,240.00,餐飲費用,金錢,桃園市楊梅區****,,
476,陳儀桓,107年直轄市議員選舉,首次申報,1071120,雜支支出,旋成小吃店,14941242,0.00,4500.00,餐飲費用,金錢,桃園市楊梅區****,,
477,陳儀桓,107年直轄市議員選舉,首次申報,1071120,雜支支出,旋成小吃店,14941242,0.00,4325.00,餐飲費用,金錢,桃園市楊梅區****,,
478,陳儀桓,107年直轄市議員選舉,首次申報,1071120,雜支支出,文揚書局,19699842,0.00,636.00,文具用品費用,金錢,桃園市楊梅區****,,
479,陳儀桓,107年直轄市議員選舉,首次申報,1071120,雜支支出,總裁飯包,41423806,0.00,1020.00,餐飲費用,金錢,桃園市楊梅區****,,
480,陳儀桓,107年直轄市議員選舉,首次申報,1071120,雜支支出,光華文具行,43684952,0.00,150.00,文具用品費用,金錢,桃園市楊梅區****,,
481,陳儀桓,107年直轄市議員選舉,首次申報,1071120,租用宣傳車輛支出,中油富岡加油站,45027573,0.00,556.00,宣傳車輛燃料支出,金錢,桃園市楊梅區****,,
482,陳儀桓,107年直轄市議員選舉,首次申報,1071120,雜支支出,金豬池上飯包店,50599262,0.00,420.00,餐飲費用,金錢,桃園市楊梅區****,,
483,陳儀桓,107年直轄市議員選舉,首次申報,1071120,雜支支出,巧味經濟小吃,72710515,0.00,2000.00,餐飲費用,金錢,桃園市楊梅區****,,
484,陳儀桓,107年直轄市議員選舉,首次申報,1071120,雜支支出,富岡富登商行,80758104,0.00,70.00,垃圾袋,金錢,桃園市楊梅區****,,
485,陳儀桓,107年直轄市議員選舉,首次申報,1071120,雜支支出,健康素食店,95903979,0.00,140.00,餐飲費用,金錢,桃園市楊梅區****,,
486,陳儀桓,107年直轄市議員選舉,首次申報,1071121,雜支支出,台灣自來水股份有限公司,02446393,0.00,129.00,水電瓦斯費用,金錢,桃園市楊梅區****,,
487,陳儀桓,107年直轄市議員選舉,首次申報,1071121,雜支支出,鼎薪飲食店,09974995,0.00,1400.00,餐飲費用,金錢,桃園市楊梅區****,,
488,陳儀桓,107年直轄市議員選舉,首次申報,1071121,雜支支出,鼎勝自助餐,09999497,0.00,2520.00,餐飲費用,金錢,桃園市楊梅區****,,
489,陳儀桓,107年直轄市議員選舉,首次申報,1071121,雜支支出,鼎勝自助餐,09999497,0.00,175.00,餐飲費用,金錢,桃園市楊梅區****,,
490,陳儀桓,107年直轄市議員選舉,首次申報,1071121,雜支支出,秉峰客家飯館,10080404,0.00,3150.00,餐飲費用,金錢,桃園市楊梅區****,,
491,陳儀桓,107年直轄市議員選舉,首次申報,1071121,租用宣傳車輛支出,車容坊梅新站,10662274,0.00,90.00,宣傳車輛燃料支出,金錢,桃園市楊梅區****,,
492,陳儀桓,107年直轄市議員選舉,首次申報,1071121,雜支支出,浩德祥飲食店,1400,0.00,1400.00,餐飲費用,金錢,桃園市楊梅區****,,
493,陳儀桓,107年直轄市議員選舉,首次申報,1071121,雜支支出,旋成小吃店,14941242,0.00,2550.00,餐飲費用,金錢,桃園市楊梅區****,,
494,陳儀桓,107年直轄市議員選舉,首次申報,1071121,雜支支出,旋成小吃店,14941242,0.00,690.00,餐飲費用,金錢,桃園市楊梅區****,,
495,陳儀桓,107年直轄市議員選舉,首次申報,1071121,集會支出,元順布棚行,17223595,0.00,51900.00,租用設備支出,金錢,桃園市楊梅區****,,
496,陳儀桓,107年直轄市議員選舉,首次申報,1071121,租用宣傳車輛支出,福懋楊梅加油站,30166463,0.00,651.00,宣傳車輛燃料支出,金錢,桃園市楊梅區****,,
497,陳儀桓,107年直轄市議員選舉,首次申報,1071121,雜支支出,福廣企業社,36473559,0.00,905.00,餐飲費用,金錢,桃園市楊梅區****,,
498,陳儀桓,107年直轄市議員選舉,首次申報,1071121,雜支支出,總裁飯包,41423806,0.00,1020.00,餐飲費用,金錢,桃園市楊梅區****,,
499,陳儀桓,107年直轄市議員選舉,首次申報,1071121,雜支支出,芳明小吃店,47999454,0.00,4000.00,餐飲費用,金錢,桃園市楊梅區****,,
500,陳儀桓,107年直轄市議員選舉,首次申報,1071121,雜支支出,灰熊大雞腿便當,50607066,0.00,1400.00,餐飲費用,金錢,桃園市楊梅區****,,
501,陳儀桓,107年直轄市議員選舉,首次申報,1071121,雜支支出,筌盛文具有限公司,54002455,0.00,417.00,文具用品費用,金錢,桃園市楊梅區****,,
502,陳儀桓,107年直轄市議員選舉,首次申報,1071121,交通旅運支出,中力通運有限公司,60206245,0.00,24000.00,搭乘交通工具支出,金錢,桃園市中壢區****,,
503,陳儀桓,107年直轄市議員選舉,首次申報,1071121,雜支支出,金宴飲食店,87716164,0.00,2250.00,餐飲費用,金錢,桃園市楊梅區****,,
504,陳儀桓,107年直轄市議員選舉,首次申報,1071121,雜支支出,泉源飲食店,98141314,0.00,2400.00,餐飲費用,金錢,桃園市楊梅區****,,
505,陳儀桓,107年直轄市議員選舉,首次申報,1071121,雜支支出,立即購商行,99834433,0.00,138.00,文具用品費用,金錢,桃園市楊梅區****,,
506,陳儀桓,107年直轄市議員選舉,首次申報,1071122,雜支支出,雅莉嘉自助餐廳,02471028,0.00,3500.00,餐飲費用,金錢,桃園市楊梅區****,,
507,陳儀桓,107年直轄市議員選舉,首次申報,1071122,雜支支出,群昌禮品商行,02483538,0.00,170.00,文具用品費用,金錢,桃園市楊梅區****,,
508,陳儀桓,107年直轄市議員選舉,首次申報,1071122,雜支支出,群昌禮品商行,02483538,0.00,240.00,文具用品費用,金錢,桃園市楊梅區****,,
509,陳儀桓,107年直轄市議員選舉,首次申報,1071122,雜支支出,浩德祥飲食店,09663958,0.00,700.00,餐飲費用,金錢,桃園市楊梅區****,,
510,陳儀桓,107年直轄市議員選舉,首次申報,1071122,雜支支出,浩德祥飲食店,09663958,0.00,420.00,餐飲費用,金錢,桃園市楊梅區****,,
511,陳儀桓,107年直轄市議員選舉,首次申報,1071122,雜支支出,秉峰客家飯館,10080404,0.00,280.00,餐飲費用,金錢,桃園市楊梅區****,,
512,陳儀桓,107年直轄市議員選舉,首次申報,1071122,雜支支出,秉峰客家飯館,10080404,0.00,1050.00,餐飲費用,金錢,桃園市楊梅區****,,
513,陳儀桓,107年直轄市議員選舉,首次申報,1071122,雜支支出,總裁飯包,41423806,0.00,1020.00,餐飲費用,金錢,桃園市楊梅區****,,
514,陳儀桓,107年直轄市議員選舉,首次申報,1071122,雜支支出,金豬池上飯包店,50599262,0.00,700.00,餐飲費用,金錢,桃園市楊梅區****,,
515,陳儀桓,107年直轄市議員選舉,首次申報,1071122,雜支支出,灰熊大雞腿便當,50607066,0.00,700.00,餐飲費用,金錢,桃園市楊梅區****,,
516,陳儀桓,107年直轄市議員選舉,首次申報,1071122,雜支支出,健康素食店,95903979,0.00,70.00,餐飲費用,金錢,桃園市楊梅區****,,
517,陳儀桓,107年直轄市議員選舉,首次申報,1071123,雜支支出,秉峰客家飯館,10080404,0.00,700.00,餐飲費用,金錢,桃園市楊梅區****,,
518,陳儀桓,107年直轄市議員選舉,首次申報,1071123,雜支支出,阿美小吃店,17885031,0.00,420.00,餐飲費用,金錢,桃園市楊梅區****,,
519,陳儀桓,107年直轄市議員選舉,首次申報,1071123,宣傳支出,詮欣廣告事業有限公司,27831154,0.00,87675.00,製作宣傳廣告支出,金錢,桃園市桃園區****,,
520,陳儀桓,107年直轄市議員選舉,首次申報,1071123,雜支支出,鄭師父素食,34945251,0.00,90.00,餐飲費用,金錢,桃園市楊梅區****,,
521,陳儀桓,107年直轄市議員選舉,首次申報,1071123,雜支支出,總裁飯包,41423806,0.00,1020.00,餐飲費用,金錢,桃園市楊梅區****,,
522,陳儀桓,107年直轄市議員選舉,首次申報,1071123,雜支支出,學府圖書文具社,45004972,0.00,900.00,文具用品費用,金錢,桃園市楊梅區****,,
523,陳儀桓,107年直轄市議員選舉,首次申報,1071123,租用宣傳車輛支出,台灣中油埔心站,45013022,0.00,639.00,宣傳車輛燃料支出,金錢,桃園市楊梅區****,,
524,陳儀桓,107年直轄市議員選舉,首次申報,1071123,雜支支出,三浦壹品豬腳,72767713,0.00,245.00,餐飲費用,金錢,桃園市楊梅區****,,
525,陳儀桓,107年直轄市議員選舉,首次申報,1071123,租用宣傳車輛支出,柑園加油站有限公司楊梅二站,72805293,0.00,500.00,宣傳車輛燃料支出,金錢,桃園市楊梅區****,,
526,陳儀桓,107年直轄市議員選舉,首次申報,1071123,雜支支出,巧珍餐飲店,83881120,0.00,90.00,餐飲費用,金錢,桃園市楊梅區****,,
527,陳儀桓,107年直轄市議員選舉,首次申報,1071123,人事費用支出,彭怡君,H22*******,0.00,12525.00,工資或薪津,金錢,桃園市新屋區****,,
528,陳儀桓,107年直轄市議員選舉,首次申報,1071123,人事費用支出,池思芸,H22*******,0.00,12525.00,工資或薪津,金錢,桃園市大溪區****,,
529,陳儀桓,107年直轄市議員選舉,首次申報,1071123,人事費用支出,徐文秀,H22*******,0.00,11025.00,工資或薪津,金錢,桃園市新屋區****,,
530,陳儀桓,107年直轄市議員選舉,首次申報,1071124,雜支支出,秉峰客家飯館,10080404,0.00,560.00,餐飲費用,金錢,桃園市楊梅區****,,
531,陳儀桓,107年直轄市議員選舉,首次申報,1071124,雜支支出,旋成小吃店,14941242,0.00,315.00,餐飲費用,金錢,桃園市楊梅區****,,
532,陳儀桓,107年直轄市議員選舉,首次申報,1071124,雜支支出,總裁飯包,41423806,0.00,280.00,餐飲費用,金錢,桃園市楊梅區****,,
533,陳儀桓,107年直轄市議員選舉,首次申報,1071125,雜支支出,健康素食店,95903979,0.00,885.00,餐飲費用,金錢,桃園市楊梅區****,,
534,陳儀桓,107年直轄市議員選舉,首次申報,1071130,返還支出,欣翔企業有限公司,54105847,0.00,50000.00,返還,金錢,桃園市楊梅區****,,
