﻿序號,擬參選人／政黨,選舉名稱,申報序號／年度,交易日期,收支科目,捐贈者／支出對象,身分證／統一編號,收入金額,支出金額,捐贈方式,存入專戶日期,返還/繳庫,支出用途,金錢類,地址,聯絡電話,應揭露之支出對象,支出對象之內部人員姓名,支出對象之內部人員職稱,政黨之內部人員姓名,政黨之內部人員職稱,關係,更正註記,資料更正日期
1,范格菱,111年新竹縣竹北市市民代表選舉,首次申報,1110923,個人捐贈收入,吳坤隆,N12*******,1450.00,0.00,匯款,1110923,,,金錢,臺北市北投區****,,,,,,,,,
2,范格菱,111年新竹縣竹北市市民代表選舉,首次申報,1110926,個人捐贈收入,曾啟仁,,20000.00,0.00,匯款,1110926,,,金錢,新竹縣竹北市****,,,,,,,,,
3,范格菱,111年新竹縣竹北市市民代表選舉,首次申報,1111125,個人捐贈收入,王麗娟,,2000.00,0.00,匯款,1111125,,,金錢,新竹縣竹北市****,,,,,,,,,
4,范格菱,111年新竹縣竹北市市民代表選舉,首次申報,1111221,其他收入,利息收入,,17.00,0.00,匯款,1111221,,,金錢,,,,,,,,,,
