﻿序號,擬參選人／政黨,選舉名稱,申報序號／年度,交易日期,收支科目,捐贈者／支出對象,身分證／統一編號,收入金額,支出金額,支出用途,金錢類,地址,聯絡電話,資料更正日期
1,阮昭雄,107年直轄市議員選舉,首次申報,1070502,個人捐贈收入,楊秉森,J12*******,10000.00,0.00,,金錢,新竹縣湖口鄉****,,
2,阮昭雄,107年直轄市議員選舉,首次申報,1070502,個人捐贈收入,蔡青冠,Q22*******,100000.00,0.00,,金錢,新北市林口區****,,
3,阮昭雄,107年直轄市議員選舉,首次申報,1070503,個人捐贈收入,劉品洲,C12*******,20000.00,0.00,,金錢,臺北市中山區****,,
4,阮昭雄,107年直轄市議員選舉,首次申報,1070504,個人捐贈收入,李宗賢,Y12*******,30000.00,0.00,,金錢,臺北市北投區****,,
5,阮昭雄,107年直轄市議員選舉,首次申報,1070509,營利事業捐贈收入,新各界企業有限公司,12402015,100000.00,0.00,,金錢,臺北市內湖區****,,
6,阮昭雄,107年直轄市議員選舉,首次申報,1070509,個人捐贈收入,姜義鉦,Y12*******,20000.00,0.00,,金錢,臺北市北投區****,,
7,阮昭雄,107年直轄市議員選舉,首次申報,1070510,個人捐贈收入,徐偉,F12*******,20000.00,0.00,,金錢,新北市板橋區****,,
8,阮昭雄,107年直轄市議員選舉,首次申報,1070521,營利事業捐贈收入,桂達國際有限公司,20926562,60000.00,0.00,,金錢,桃園市楊梅區****,,
9,阮昭雄,107年直轄市議員選舉,首次申報,1070521,個人捐贈收入,陳姮君,M20*******,60000.00,0.00,,金錢,臺北市大安區****,,
10,阮昭雄,107年直轄市議員選舉,首次申報,1070524,營利事業捐贈收入,奧斯卡建設股份有限公司,28708667,300000.00,0.00,,金錢,臺北市中山區****,,
11,阮昭雄,107年直轄市議員選舉,首次申報,1070525,個人捐贈收入,周麗玉,A20*******,100000.00,0.00,,金錢,臺北市大安區****,,
12,阮昭雄,107年直轄市議員選舉,首次申報,1070525,個人捐贈收入,姚仁和,B10*******,100000.00,0.00,,金錢,臺北市大安區****,,
13,阮昭雄,107年直轄市議員選舉,首次申報,1070525,個人捐贈收入,郭永福,F12*******,100000.00,0.00,,金錢,臺北市松山區****,,
14,阮昭雄,107年直轄市議員選舉,首次申報,1070525,個人捐贈收入,范光勳,M10*******,50000.00,0.00,,金錢,臺北市士林區****,,
15,阮昭雄,107年直轄市議員選舉,首次申報,1070528,營利事業捐贈收入,嵩億工業股份有限公司,04666386,100000.00,0.00,,金錢,新北市三重區****,,
16,阮昭雄,107年直轄市議員選舉,首次申報,1070528,營利事業捐贈收入,世樺國際聯運有限公司,22721354,100000.00,0.00,,金錢,臺北市中山區****,,
17,阮昭雄,107年直轄市議員選舉,首次申報,1070528,營利事業捐贈收入,員邦室內裝修設計股份有限公司,36275072,100000.00,0.00,,金錢,臺北市萬華區****,,
18,阮昭雄,107年直轄市議員選舉,首次申報,1070611,個人捐贈收入,周東輝,,10000.00,0.00,,金錢,臺北市南港區****,,
19,阮昭雄,107年直轄市議員選舉,首次申報,1070613,營利事業捐贈收入,家禹環境股份有限公司,24596206,50000.00,0.00,,金錢,臺中市西屯區****,0911*****,
20,阮昭雄,107年直轄市議員選舉,首次申報,1070613,個人捐贈收入,陳鴻傑,A12*******,50000.00,0.00,,金錢,苗栗縣造橋鄉****,0972*****,
21,阮昭雄,107年直轄市議員選舉,首次申報,1070613,個人捐贈收入,許玲王真,B22*******,100000.00,0.00,,金錢,臺中市西屯區****,0911*****,
22,阮昭雄,107年直轄市議員選舉,首次申報,1070613,個人捐贈收入,郭宛玢,F22*******,10000.00,0.00,,金錢,臺北市中山區****,,
23,阮昭雄,107年直轄市議員選舉,首次申報,1070613,個人捐贈收入,劉華成,K12*******,100000.00,0.00,,金錢,苗栗縣公館鄉****,0972*****,
24,阮昭雄,107年直轄市議員選舉,首次申報,1070613,個人捐贈收入,黃泓翔,L12*******,100000.00,0.00,,金錢,臺中市豐原區****,,
25,阮昭雄,107年直轄市議員選舉,首次申報,1070613,個人捐贈收入,辜皇譯,N12*******,50000.00,0.00,,金錢,彰化縣彰化市****,0919*****,
26,阮昭雄,107年直轄市議員選舉,首次申報,1070613,個人捐贈收入,林孟璋,N12*******,100000.00,0.00,,金錢,彰化縣彰化市****,,
27,阮昭雄,107年直轄市議員選舉,首次申報,1070613,個人捐贈收入,林尚永,P12*******,100000.00,0.00,,金錢,雲林縣虎尾鎮****,0932*****,
28,阮昭雄,107年直轄市議員選舉,首次申報,1070620,營利事業捐贈收入,誠融實業有限公司,16142764,100000.00,0.00,,金錢,臺北市內湖區****,0972*****,
29,阮昭雄,107年直轄市議員選舉,首次申報,1070621,其他收入,利息收入,,11.00,0.00,,金錢,,,
30,阮昭雄,107年直轄市議員選舉,首次申報,1070622,個人捐贈收入,何俊龍,E12*******,100000.00,0.00,,金錢,高雄市三民區****,0731*****,
31,阮昭雄,107年直轄市議員選舉,首次申報,1070622,個人捐贈收入,李澤治,M12*******,100000.00,0.00,,金錢,臺中市南屯區****,0911*****,
32,阮昭雄,107年直轄市議員選舉,首次申報,1070622,個人捐贈收入,林炳生,N10*******,100000.00,0.00,,金錢,彰化縣彰化市****,0911*****,
33,阮昭雄,107年直轄市議員選舉,首次申報,1070622,個人捐贈收入,何彥興,S10*******,50000.00,0.00,,金錢,高雄市三民區****,0731*****,
34,阮昭雄,107年直轄市議員選舉,首次申報,1070628,營利事業捐贈收入,中國農業科技股份有限公司,20526101,200000.00,0.00,,金錢,臺北市信義區****,0287*****,
35,阮昭雄,107年直轄市議員選舉,首次申報,1070628,營利事業捐贈收入,道生股份有限公司,84706229,100000.00,0.00,,金錢,新北市永和區****,0287*****,
36,阮昭雄,107年直轄市議員選舉,首次申報,1070628,個人捐贈收入,江道生,F10*******,100000.00,0.00,,金錢,臺北市大安區****,0287*****,
37,阮昭雄,107年直轄市議員選舉,首次申報,1070628,個人捐贈收入,江聿,F22*******,100000.00,0.00,,金錢,臺北市大安區****,0287*****,
38,阮昭雄,107年直轄市議員選舉,首次申報,1070628,個人捐贈收入,江菂,F22*******,100000.00,0.00,,金錢,臺北市大安區****,0287*****,
39,阮昭雄,107年直轄市議員選舉,首次申報,1070702,個人捐贈收入,曾雍威,A12*******,100000.00,0.00,,金錢,臺北市文山區****,0229*****,
40,阮昭雄,107年直轄市議員選舉,首次申報,1070702,個人捐贈收入,林慶瑞,A12*******,50000.00,0.00,,金錢,臺北市文山區****,0229*****,
41,阮昭雄,107年直轄市議員選舉,首次申報,1070702,個人捐贈收入,高慧芬,A22*******,100000.00,0.00,,金錢,臺北市文山區****,0229*****,
42,阮昭雄,107年直轄市議員選舉,首次申報,1070702,個人捐贈收入,陳義聰,D10*******,100000.00,0.00,,金錢,臺北市文山區****,0229*****,
43,阮昭雄,107年直轄市議員選舉,首次申報,1070702,個人捐贈收入,張志峰,F12*******,50000.00,0.00,,金錢,臺北市文山區****,0229*****,
44,阮昭雄,107年直轄市議員選舉,首次申報,1070702,個人捐贈收入,陳芊秀,H22*******,100000.00,0.00,,金錢,臺北市文山區****,0229*****,
45,阮昭雄,107年直轄市議員選舉,首次申報,1070702,個人捐贈收入,洪牧仁,I10*******,50000.00,0.00,,金錢,臺北市文山區****,0229*****,
46,阮昭雄,107年直轄市議員選舉,首次申報,1070702,個人捐贈收入,廖偉民,K12*******,50000.00,0.00,,金錢,臺北市文山區****,0229*****,
47,阮昭雄,107年直轄市議員選舉,首次申報,1070704,個人捐贈收入,吳慶萱,A22*******,100000.00,0.00,,金錢,臺北市中山區****,,
48,阮昭雄,107年直轄市議員選舉,首次申報,1070704,個人捐贈收入,吳劍森,G10*******,100000.00,0.00,,金錢,臺北市中山區****,,
49,阮昭雄,107年直轄市議員選舉,首次申報,1070704,個人捐贈收入,吳肇強,G12*******,100000.00,0.00,,金錢,臺北市中山區****,,
50,阮昭雄,107年直轄市議員選舉,首次申報,1070711,個人捐贈收入,柳光宇,S12*******,10000.00,0.00,,金錢,臺北市文山區****,,
51,阮昭雄,107年直轄市議員選舉,首次申報,1070716,個人捐贈收入,陳萬發,F12*******,50000.00,0.00,,金錢,臺北市萬華區****,0935*****,
52,阮昭雄,107年直轄市議員選舉,首次申報,1070717,營利事業捐贈收入,成昌印刷事業股份有限公司,04339089,100000.00,0.00,,金錢,臺北市大同區****,,
53,阮昭雄,107年直轄市議員選舉,首次申報,1070717,營利事業捐贈收入,亞量科技有限公司,28174939,20000.00,0.00,,金錢,臺北市北投區****,0972*****,
54,阮昭雄,107年直轄市議員選舉,首次申報,1070717,個人捐贈收入,曾銍淅,G12*******,20000.00,0.00,,金錢,宜蘭縣羅東鎮****,,
55,阮昭雄,107年直轄市議員選舉,首次申報,1070717,個人捐贈收入,鄭吉祥,Q10*******,20000.00,0.00,,金錢,臺北市中山區****,0930*****,
56,阮昭雄,107年直轄市議員選舉,首次申報,1070718,個人捐贈收入,陳俊明,A10*******,100000.00,0.00,,金錢,臺北市中山區****,0920*****,
57,阮昭雄,107年直轄市議員選舉,首次申報,1070720,營利事業捐贈收入,斯邦奈有限公司,25034864,40000.00,0.00,,金錢,臺北市松山區****,,
58,阮昭雄,107年直轄市議員選舉,首次申報,1070720,營利事業捐贈收入,瀚柔投資股份有限公司,28867783,40000.00,0.00,,金錢,臺北市松山區****,,
59,阮昭雄,107年直轄市議員選舉,首次申報,1070720,營利事業捐贈收入,中玉投資股份有限公司,54334736,100000.00,0.00,,金錢,臺北市信義區****,0227*****,
60,阮昭雄,107年直轄市議員選舉,首次申報,1070720,個人捐贈收入,黃西田,L12*******,20000.00,0.00,,金錢,臺北市中山區****,0956*****,
61,阮昭雄,107年直轄市議員選舉,首次申報,1070721,個人捐贈收入,甘逸偉,A12*******,8000.00,0.00,,金錢,臺北市文山區****,,
62,阮昭雄,107年直轄市議員選舉,首次申報,1070723,個人捐贈收入,黃敬之,A12*******,20000.00,0.00,,金錢,臺北市松山區****,0972*****,
63,阮昭雄,107年直轄市議員選舉,首次申報,1070723,個人捐贈收入,洪任遠,M12*******,20000.00,0.00,,金錢,臺北市文山區****,,
64,阮昭雄,107年直轄市議員選舉,首次申報,1070723,個人捐贈收入,劉國儒,S12*******,20000.00,0.00,,金錢,新竹縣竹北市****,0988*****,
65,阮昭雄,107年直轄市議員選舉,首次申報,1070724,營利事業捐贈收入,尚慶實業有限公司,84406588,100000.00,0.00,,金錢,桃園市龜山區****,0227*****,
66,阮昭雄,107年直轄市議員選舉,首次申報,1070724,個人捐贈收入,郝廣才,A12*******,100000.00,0.00,,金錢,臺北市中正區****,0223*****,
67,阮昭雄,107年直轄市議員選舉,首次申報,1070724,個人捐贈收入,周伯壽,A12*******,30000.00,0.00,,金錢,臺北市中山區****,0932*****,
68,阮昭雄,107年直轄市議員選舉,首次申報,1070724,個人捐贈收入,魏羣芳,A22*******,100000.00,0.00,,金錢,臺北市大安區****,0223*****,
69,阮昭雄,107年直轄市議員選舉,首次申報,1070724,個人捐贈收入,嚴仁慧,D12*******,100000.00,0.00,,金錢,臺北市大安區****,,
70,阮昭雄,107年直轄市議員選舉,首次申報,1070724,個人捐贈收入,邱群傑,Q12*******,20000.00,0.00,,金錢,臺北市中正區****,,
71,阮昭雄,107年直轄市議員選舉,首次申報,1070725,個人捐贈收入,許淑幸,,20000.00,0.00,,金錢,臺北市文山區****,,
72,阮昭雄,107年直轄市議員選舉,首次申報,1070725,營利事業捐贈收入,立景工程顧問股份有限公司,24341844,20000.00,0.00,,金錢,臺北市信義區****,0227*****,
73,阮昭雄,107年直轄市議員選舉,首次申報,1070725,營利事業捐贈收入,五圓實業有限公司,24902155,30000.00,0.00,,金錢,基隆市暖暖區****,,
74,阮昭雄,107年直轄市議員選舉,首次申報,1070725,營利事業捐贈收入,岳泰建設股份有限公司,27754874,20000.00,0.00,,金錢,臺北市信義區****,,
75,阮昭雄,107年直轄市議員選舉,首次申報,1070725,營利事業捐贈收入,禾騰技術有限公司,54152881,20000.00,0.00,,金錢,新北市新莊區****,0285*****,
76,阮昭雄,107年直轄市議員選舉,首次申報,1070725,個人捐贈收入,方禎璋,A10*******,20000.00,0.00,,金錢,臺北市松山區****,0933*****,
77,阮昭雄,107年直轄市議員選舉,首次申報,1070725,個人捐贈收入,吳巨盟,A12*******,20000.00,0.00,,金錢,臺北市北投區****,0933*****,
78,阮昭雄,107年直轄市議員選舉,首次申報,1070725,個人捐贈收入,黃致豪,A12*******,100000.00,0.00,,金錢,臺北市文山區****,,
79,阮昭雄,107年直轄市議員選舉,首次申報,1070725,個人捐贈收入,張智欽,A12*******,20000.00,0.00,,金錢,臺北市松山區****,0227*****,
80,阮昭雄,107年直轄市議員選舉,首次申報,1070725,個人捐贈收入,李治,A20*******,100000.00,0.00,,金錢,臺北市文山區****,,
81,阮昭雄,107年直轄市議員選舉,首次申報,1070725,個人捐贈收入,黃于珊,A22*******,20000.00,0.00,,金錢,臺北市文山區****,0936*****,
82,阮昭雄,107年直轄市議員選舉,首次申報,1070725,個人捐贈收入,蔡聖昌,C12*******,20000.00,0.00,,金錢,臺北市內湖區****,,
83,阮昭雄,107年直轄市議員選舉,首次申報,1070725,個人捐贈收入,黃嘉怡,E22*******,20000.00,0.00,,金錢,新北市三重區****,,
84,阮昭雄,107年直轄市議員選舉,首次申報,1070725,個人捐贈收入,許又銘,F12*******,20000.00,0.00,,金錢,桃園市大園區****,0338*****,
85,阮昭雄,107年直轄市議員選舉,首次申報,1070725,個人捐贈收入,謝亨如,F22*******,20000.00,0.00,,金錢,新北市中和區****,0920*****,
86,阮昭雄,107年直轄市議員選舉,首次申報,1070725,個人捐贈收入,劉昌坪,H12*******,20000.00,0.00,,金錢,臺北市文山區****,,
87,阮昭雄,107年直轄市議員選舉,首次申報,1070725,個人捐贈收入,鍾傅斌,H12*******,20000.00,0.00,,金錢,桃園市平鎮區****,0963*****,
88,阮昭雄,107年直轄市議員選舉,首次申報,1070725,個人捐贈收入,陳佩君,L22*******,60000.00,0.00,,金錢,臺北市中正區****,0936*****,
89,阮昭雄,107年直轄市議員選舉,首次申報,1070725,個人捐贈收入,蔡啟聖,Q12*******,20000.00,0.00,,金錢,臺北市大安區****,,
90,阮昭雄,107年直轄市議員選舉,首次申報,1070725,個人捐贈收入,江建逸,Q12*******,20000.00,0.00,,金錢,臺北市郵政-****,0937*****,
91,阮昭雄,107年直轄市議員選舉,首次申報,1070725,個人捐贈收入,劉義治,R10*******,40000.00,0.00,,金錢,臺北市內湖區****,,
92,阮昭雄,107年直轄市議員選舉,首次申報,1070725,個人捐贈收入,黃春風,R12*******,60000.00,0.00,,金錢,臺北市大安區****,0227*****,
93,阮昭雄,107年直轄市議員選舉,首次申報,1070725,個人捐贈收入,張承中,Y12*******,20000.00,0.00,,金錢,臺北市大安區****,0920*****,
94,阮昭雄,107年直轄市議員選舉,首次申報,1070726,營利事業捐贈收入,青松開發股份有限公司,53113762,50000.00,0.00,,金錢,臺北市中山區****,彭仲明總*****,
95,阮昭雄,107年直轄市議員選舉,首次申報,1070727,個人捐贈收入,阮世明,T12*******,20000.00,0.00,,金錢,桃園市桃園區****,0933*****,
96,阮昭雄,107年直轄市議員選舉,首次申報,1070801,個人捐贈收入,糜以雍,A12*******,50000.00,0.00,,金錢,臺北市中正區****,,
97,阮昭雄,107年直轄市議員選舉,首次申報,1070803,個人捐贈收入,阮蓓芬,N22*******,50000.00,0.00,,金錢,臺北市文山區****,,
98,阮昭雄,107年直轄市議員選舉,首次申報,1070806,個人捐贈收入,張瀚元,A12*******,5000.00,0.00,,金錢,新北市林口區****,0973*****,
99,阮昭雄,107年直轄市議員選舉,首次申報,1070806,個人捐贈收入,朱秋圓,F22*******,50000.00,0.00,,金錢,臺北市大安區****,0978*****,
100,阮昭雄,107年直轄市議員選舉,首次申報,1070806,個人捐贈收入,江建逸,Q12*******,30000.00,0.00,,金錢,臺北市郵政-****,0937*****,
101,阮昭雄,107年直轄市議員選舉,首次申報,1070807,營利事業捐贈收入,依德股份有限公司,07656431,50000.00,0.00,,金錢,新北市中和區****,0287*****,
102,阮昭雄,107年直轄市議員選舉,首次申報,1070807,個人捐贈收入,翁金珠,E20*******,20000.00,0.00,,金錢,彰化縣員林市****,0471*****,
103,阮昭雄,107年直轄市議員選舉,首次申報,1070808,個人捐贈收入,侯德民,Q10*******,100000.00,0.00,,金錢,臺北市大安區****,0227*****,
104,阮昭雄,107年直轄市議員選舉,首次申報,1070809,營利事業捐贈收入,鎔德股份有限公司,53456020,50000.00,0.00,,金錢,臺北市內湖區****,0287*****,
105,阮昭雄,107年直轄市議員選舉,首次申報,1070810,個人捐贈收入,楊忠翰,F12*******,100000.00,0.00,,金錢,臺北市大安區****,,
106,阮昭雄,107年直轄市議員選舉,首次申報,1070810,個人捐贈收入,江有文,F12*******,100000.00,0.00,,金錢,臺北市南港區****,,
107,阮昭雄,107年直轄市議員選舉,首次申報,1070810,個人捐贈收入,張國華,L12*******,20000.00,0.00,,金錢,臺北市大同區****,0921*****,
108,阮昭雄,107年直轄市議員選舉,首次申報,1070813,營利事業捐贈收入,驊鍵有限公司,12458164,100000.00,0.00,,金錢,臺北市松山區****,0227*****,
109,阮昭雄,107年直轄市議員選舉,首次申報,1070813,個人捐贈收入,黃西田,L12*******,6000.00,0.00,,金錢,臺北市中山區****,,
110,阮昭雄,107年直轄市議員選舉,首次申報,1070813,個人捐贈收入,洪任遠,M12*******,30000.00,0.00,,金錢,臺北市文山區****,,
111,阮昭雄,107年直轄市議員選舉,首次申報,1070814,人民團體捐贈收入,台灣區水管工程工業同業公會,,60000.00,0.00,,金錢,台北市中山區****,02-2*****,
112,阮昭雄,107年直轄市議員選舉,首次申報,1070814,營利事業捐贈收入,新齊實業股份有限公司,23653328,20000.00,0.00,,金錢,高雄市前金區****,,
113,阮昭雄,107年直轄市議員選舉,首次申報,1070814,營利事業捐贈收入,廣德國際資訊有限公司,27321188,20000.00,0.00,,金錢,臺北市中山區****,,
114,阮昭雄,107年直轄市議員選舉,首次申報,1070814,營利事業捐贈收入,聞岷股份有限公司,27572473,20000.00,0.00,,金錢,新北市板橋區****,,
115,阮昭雄,107年直轄市議員選舉,首次申報,1070814,個人捐贈收入,阮允哲,A10*******,100000.00,0.00,,金錢,臺北市松山區****,0936*****,
116,阮昭雄,107年直轄市議員選舉,首次申報,1070814,個人捐贈收入,楊順安,A12*******,20000.00,0.00,,金錢,臺北市萬華區****,0935*****,
117,阮昭雄,107年直轄市議員選舉,首次申報,1070814,個人捐贈收入,林元灝,A12*******,20000.00,0.00,,金錢,臺北市中山區****,,
118,阮昭雄,107年直轄市議員選舉,首次申報,1070814,個人捐贈收入,陶世龍,A12*******,20000.00,0.00,,金錢,桃園市大園區****,0932*****,
119,阮昭雄,107年直轄市議員選舉,首次申報,1070814,個人捐贈收入,陳伯軒,A12*******,10000.00,0.00,,金錢,臺北市松山區****,,
120,阮昭雄,107年直轄市議員選舉,首次申報,1070814,個人捐贈收入,黃小玲,A22*******,100000.00,0.00,,金錢,臺北市南港區****,0988*****,
121,阮昭雄,107年直轄市議員選舉,首次申報,1070814,個人捐贈收入,陳志忠,B12*******,20000.00,0.00,,金錢,臺北市中山區****,0938*****,
122,阮昭雄,107年直轄市議員選舉,首次申報,1070814,個人捐贈收入,彭双全,C10*******,20000.00,0.00,,金錢,臺北市大安區****,0227*****,
123,阮昭雄,107年直轄市議員選舉,首次申報,1070814,個人捐贈收入,林建邦,E12*******,20000.00,0.00,,金錢,臺北市大安區****,0935*****,
124,阮昭雄,107年直轄市議員選舉,首次申報,1070814,個人捐贈收入,林芳蘭,E20*******,20000.00,0.00,,金錢,高雄市鳥松區****,0913*****,
125,阮昭雄,107年直轄市議員選舉,首次申報,1070814,個人捐贈收入,許慶文,F10*******,20000.00,0.00,,金錢,臺北市文山區****,0912*****,
126,阮昭雄,107年直轄市議員選舉,首次申報,1070814,個人捐贈收入,蔡勝義,F10*******,20000.00,0.00,,金錢,臺北市文山區****,0930*****,
127,阮昭雄,107年直轄市議員選舉,首次申報,1070814,個人捐贈收入,尤清宏,F12*******,20000.00,0.00,,金錢,臺北市中山區****,0935*****,
128,阮昭雄,107年直轄市議員選舉,首次申報,1070814,個人捐贈收入,盧志傑,F12*******,20000.00,0.00,,金錢,新北市淡水區****,0970*****,
129,阮昭雄,107年直轄市議員選舉,首次申報,1070814,個人捐贈收入,吳祖彥,F12*******,20000.00,0.00,,金錢,臺北市信義區****,,
130,阮昭雄,107年直轄市議員選舉,首次申報,1070814,個人捐贈收入,黃久芳,F22*******,20000.00,0.00,,金錢,新北市汐止區****,0939*****,
131,阮昭雄,107年直轄市議員選舉,首次申報,1070814,個人捐贈收入,唐敏峰,P12*******,20000.00,0.00,,金錢,新北市三重區****,0913*****,
132,阮昭雄,107年直轄市議員選舉,首次申報,1070814,個人捐贈收入,楊孟儒,R12*******,20000.00,0.00,,金錢,臺北市中正區****,,
133,阮昭雄,107年直轄市議員選舉,首次申報,1070814,個人捐贈收入,呂正信,X12*******,20000.00,0.00,,金錢,臺中市中區自****,,
134,阮昭雄,107年直轄市議員選舉,首次申報,1070815,個人捐贈收入,湛維漢,A12*******,100000.00,0.00,,金錢,臺北市大安區****,,
135,阮昭雄,107年直轄市議員選舉,首次申報,1070815,個人捐贈收入,朱麗玲,A22*******,20000.00,0.00,,金錢,臺北市中山區****,0225*****,
136,阮昭雄,107年直轄市議員選舉,首次申報,1070815,個人捐贈收入,陳正綱,F12*******,10000.00,0.00,,金錢,臺北市大安區****,,
137,阮昭雄,107年直轄市議員選舉,首次申報,1070815,個人捐贈收入,陳慧娜,Y22*******,100000.00,0.00,,金錢,臺北市大安區****,,
138,阮昭雄,107年直轄市議員選舉,首次申報,1070816,營利事業捐贈收入,金泰昌工業有限公司,36034638,30000.00,0.00,,金錢,新北市三重區****,0932*****,
139,阮昭雄,107年直轄市議員選舉,首次申報,1070816,營利事業捐贈收入,慶昇實業有限公司,86021095,30000.00,0.00,,金錢,新北市板橋區****,,
140,阮昭雄,107年直轄市議員選舉,首次申報,1070816,個人捐贈收入,翁仁川,A12*******,10000.00,0.00,,金錢,臺北市中山區****,,
141,阮昭雄,107年直轄市議員選舉,首次申報,1070816,個人捐贈收入,顏惠民,F12*******,30000.00,0.00,,金錢,臺北市內湖區****,,
142,阮昭雄,107年直轄市議員選舉,首次申報,1070816,個人捐贈收入,李宜美,F22*******,30000.00,0.00,,金錢,臺北市中山區****,,
143,阮昭雄,107年直轄市議員選舉,首次申報,1070816,個人捐贈收入,范盛星,H12*******,30000.00,0.00,,金錢,臺北市內湖區****,,
144,阮昭雄,107年直轄市議員選舉,首次申報,1070816,個人捐贈收入,鄭新開,R10*******,60000.00,0.00,,金錢,臺北市萬華區****,0939*****,
145,阮昭雄,107年直轄市議員選舉,首次申報,1070816,個人捐贈收入,韓行一,U12*******,10000.00,0.00,,金錢,臺北市大安區****,,
146,阮昭雄,107年直轄市議員選舉,首次申報,1070817,個人捐贈收入,周明璋,A11*******,60000.00,0.00,,金錢,臺北市南港區****,,
147,阮昭雄,107年直轄市議員選舉,首次申報,1070817,個人捐贈收入,張旭瑩,A12*******,20000.00,0.00,,金錢,新北市蘆洲區****,0228*****,
148,阮昭雄,107年直轄市議員選舉,首次申報,1070817,個人捐贈收入,邱志仁,Q12*******,60000.00,0.00,,金錢,臺北市內湖區****,,
149,阮昭雄,107年直轄市議員選舉,首次申報,1070818,個人捐贈收入,徐俊賢,F12*******,30000.00,0.00,,金錢,臺北市大同區****,,
150,阮昭雄,107年直轄市議員選舉,首次申報,1070820,營利事業捐贈收入,至恩國際行銷股份有限公司,42869586,20000.00,0.00,,金錢,臺北市內湖區****,,
151,阮昭雄,107年直轄市議員選舉,首次申報,1070820,營利事業捐贈收入,鴻鑫發科技有限公司,53936703,100000.00,0.00,,金錢,臺北市南港區****,,
152,阮昭雄,107年直轄市議員選舉,首次申報,1070820,個人捐贈收入,陳彥良,A12*******,50000.00,0.00,,金錢,臺北市松山區****,0935*****,
153,阮昭雄,107年直轄市議員選舉,首次申報,1070820,個人捐贈收入,劉稟洪,E10*******,30000.00,0.00,,金錢,臺北市南港區****,0933*****,
154,阮昭雄,107年直轄市議員選舉,首次申報,1070820,個人捐贈收入,黃明取,F12*******,30000.00,0.00,,金錢,臺北市中山區****,,
155,阮昭雄,107年直轄市議員選舉,首次申報,1070820,個人捐贈收入,蔡娟芬,F22*******,30000.00,0.00,,金錢,臺北市中山區****,0933*****,
156,阮昭雄,107年直轄市議員選舉,首次申報,1070820,個人捐贈收入,曾堃賢,J10*******,100000.00,0.00,,金錢,臺北市中正區****,0977*****,
157,阮昭雄,107年直轄市議員選舉,首次申報,1070820,個人捐贈收入,駱安南,Y12*******,20000.00,0.00,,金錢,台北郵政-號****,,
158,阮昭雄,107年直轄市議員選舉,首次申報,1070822,個人捐贈收入,金文徵,A12*******,30000.00,0.00,,金錢,臺北市大安區****,,
159,阮昭雄,107年直轄市議員選舉,首次申報,1070822,個人捐贈收入,姜禮銘,H12*******,30000.00,0.00,,金錢,新北市板橋區****,0920*****,
160,阮昭雄,107年直轄市議員選舉,首次申報,1070822,個人捐贈收入,阮洪貴枝,X20*******,16000.00,0.00,,金錢,臺北市中山區****,,
161,阮昭雄,107年直轄市議員選舉,首次申報,1070823,營利事業捐贈收入,誠億工程有限公司,16651295,50000.00,0.00,,金錢,新北市三重區****,0988*****,
162,阮昭雄,107年直轄市議員選舉,首次申報,1070830,個人捐贈收入,施嘉和,A10*******,80000.00,0.00,,金錢,臺北市南港區****,0911*****,
163,阮昭雄,107年直轄市議員選舉,首次申報,1070830,個人捐贈收入,王貞雄,R10*******,20000.00,0.00,,金錢,臺北市中正區****,0922*****,
164,阮昭雄,107年直轄市議員選舉,首次申報,1070831,個人捐贈收入,周欣欣,A22*******,100000.00,0.00,,金錢,臺北市松山區****,,
165,阮昭雄,107年直轄市議員選舉,首次申報,1070831,個人捐贈收入,史芳銘,R12*******,100000.00,0.00,,金錢,臺北市松山區****,0953*****,
166,阮昭雄,107年直轄市議員選舉,首次申報,1070831,個人捐贈收入,柯翔鐘,S12*******,100000.00,0.00,,金錢,高雄市鼓山區****,0952*****,
167,阮昭雄,107年直轄市議員選舉,首次申報,1070905,個人捐贈收入,楊金順,G12*******,20000.00,0.00,,金錢,臺北市中正區****,,
168,阮昭雄,107年直轄市議員選舉,首次申報,1070907,匿名捐贈,匿名張淑燕,,3000.00,0.00,,金錢,,,
169,阮昭雄,107年直轄市議員選舉,首次申報,1070911,個人捐贈收入,陳韻文,G22*******,12000.00,0.00,,金錢,臺北市南港區****,0983*****,
170,阮昭雄,107年直轄市議員選舉,首次申報,1070913,營利事業捐贈收入,銘星機械股份有限公司,22590058,20000.00,0.00,,金錢,新北市新莊區****,,
171,阮昭雄,107年直轄市議員選舉,首次申報,1070913,個人捐贈收入,武家安,F10*******,30000.00,0.00,,金錢,臺北市大安區****,,
172,阮昭雄,107年直轄市議員選舉,首次申報,1070917,個人捐贈收入,周朝鵬,T12*******,10000.00,0.00,,金錢,臺北市大安區****,0970*****,
173,阮昭雄,107年直轄市議員選舉,首次申報,1070918,營利事業捐贈收入,協坤營造有限公司,70443886,100000.00,0.00,,金錢,臺北市文山區****,0286*****,
174,阮昭雄,107年直轄市議員選舉,首次申報,1070918,個人捐贈收入,曾羚霖,A22*******,100000.00,0.00,,金錢,臺北市內湖區****,0958*****,
175,阮昭雄,107年直轄市議員選舉,首次申報,1070918,個人捐贈收入,崔信基,E12*******,20000.00,0.00,,金錢,新北市三重區****,0286*****,
176,阮昭雄,107年直轄市議員選舉,首次申報,1070918,個人捐贈收入,彭正中,F12*******,6600.00,0.00,,金錢,新北市新店區****,0935*****,
177,阮昭雄,107年直轄市議員選舉,首次申報,1070918,個人捐贈收入,林念臻,F22*******,100000.00,0.00,,金錢,臺北市中山區****,0225*****,
178,阮昭雄,107年直轄市議員選舉,首次申報,1070918,個人捐贈收入,陳瓊鈴,N22*******,100000.00,0.00,,金錢,新北市新店區****,0958*****,
179,阮昭雄,107年直轄市議員選舉,首次申報,1070919,個人捐贈收入,莊寬裕,T10*******,50000.00,0.00,,金錢,臺北市大安區****,,
180,阮昭雄,107年直轄市議員選舉,首次申報,1070920,人民團體捐贈收入,台北市遊覽車客運商業同業公會,,200000.00,0.00,,金錢,臺北市長安東****,2772*****,
181,阮昭雄,107年直轄市議員選舉,首次申報,1070921,個人捐贈收入,陳麗婷,F22*******,50000.00,0.00,,金錢,臺北市內湖區****,,
182,阮昭雄,107年直轄市議員選舉,首次申報,1070925,個人捐贈收入,袁凡瓔,F22*******,5000.00,0.00,,金錢,臺北市大安區****,0937*****,
183,阮昭雄,107年直轄市議員選舉,首次申報,1070925,個人捐贈收入,徐惠偵,M20*******,5000.00,0.00,,金錢,臺北市大安區****,0937*****,
184,阮昭雄,107年直轄市議員選舉,首次申報,1070926,個人捐贈收入,陳建旭,A12*******,20000.00,0.00,,金錢,臺北市萬華區****,0223*****,
185,阮昭雄,107年直轄市議員選舉,首次申報,1070926,個人捐贈收入,陳美嶧,A22*******,10000.00,0.00,,金錢,臺北市內湖區****,0917*****,
186,阮昭雄,107年直轄市議員選舉,首次申報,1070928,匿名捐贈,匿名00017612,,5000.00,0.00,,金錢,,,
187,阮昭雄,107年直轄市議員選舉,首次申報,1071002,個人捐贈收入,林希穎,J10*******,15000.00,0.00,,金錢,臺北市文山區****,,
188,阮昭雄,107年直轄市議員選舉,首次申報,1071003,匿名捐贈,匿名宋秀玲,,2000.00,0.00,,金錢,,,
189,阮昭雄,107年直轄市議員選舉,首次申報,1071003,個人捐贈收入,謝健良,N12*******,6000.00,0.00,,金錢,彰化縣田中鎮****,,
190,阮昭雄,107年直轄市議員選舉,首次申報,1071004,營利事業捐贈收入,億德興業有限公司,70371166,60000.00,0.00,,金錢,新北市三重區****,,
191,阮昭雄,107年直轄市議員選舉,首次申報,1071004,個人捐贈收入,阮正芳,N10*******,20000.00,0.00,,金錢,臺北市中山區****,,
192,阮昭雄,107年直轄市議員選舉,首次申報,1071005,個人捐贈收入,張耿榮,P12*******,50000.00,0.00,,金錢,臺北市大安區****,,
193,阮昭雄,107年直轄市議員選舉,首次申報,1071006,營利事業捐贈收入,元大人造樹脂廠股份有限公司,12107941,32000.00,0.00,,金錢,臺北市文山區****,0921*****,
194,阮昭雄,107年直轄市議員選舉,首次申報,1071006,個人捐贈收入,王明山,A10*******,10000.00,0.00,,金錢,臺北市大安區****,0939*****,
195,阮昭雄,107年直轄市議員選舉,首次申報,1071006,個人捐贈收入,趙宏裕,A12*******,10000.00,0.00,,金錢,臺北市大安區****,0933*****,
196,阮昭雄,107年直轄市議員選舉,首次申報,1071006,個人捐贈收入,古超,A12*******,2000.00,0.00,,金錢,臺北市信義區****,0936*****,
197,阮昭雄,107年直轄市議員選舉,首次申報,1071006,個人捐贈收入,陳柏宇,A12*******,500.00,0.00,,金錢,臺北市文山區****,0989*****,
198,阮昭雄,107年直轄市議員選舉,首次申報,1071006,個人捐贈收入,朱宗賢,A12*******,1000.00,0.00,,金錢,臺北市文山區****,0933*****,
199,阮昭雄,107年直轄市議員選舉,首次申報,1071006,個人捐贈收入,李逢祥,A12*******,5000.00,0.00,,金錢,臺北市大同區****,,
200,阮昭雄,107年直轄市議員選舉,首次申報,1071006,個人捐贈收入,李俊達,A12*******,2000.00,0.00,,金錢,臺北市文山區****,0919*****,
201,阮昭雄,107年直轄市議員選舉,首次申報,1071006,個人捐贈收入,陳永慶,A12*******,2000.00,0.00,,金錢,臺北市文山區****,0911*****,
202,阮昭雄,107年直轄市議員選舉,首次申報,1071006,個人捐贈收入,蕭麗玉,A20*******,3000.00,0.00,,金錢,新北市深坑區****,0937*****,
203,阮昭雄,107年直轄市議員選舉,首次申報,1071006,個人捐贈收入,張雅鈞,A20*******,1000.00,0.00,,金錢,臺北市文山區****,0953*****,
204,阮昭雄,107年直轄市議員選舉,首次申報,1071006,個人捐贈收入,張云,F10*******,10000.00,0.00,,金錢,臺北市中正區****,0933*****,
205,阮昭雄,107年直轄市議員選舉,首次申報,1071006,個人捐贈收入,簡秀義,F10*******,5000.00,0.00,,金錢,臺北市大安區****,0910*****,
206,阮昭雄,107年直轄市議員選舉,首次申報,1071006,個人捐贈收入,林萬子,F10*******,1000.00,0.00,,金錢,新北市深坑區****,0955*****,
207,阮昭雄,107年直轄市議員選舉,首次申報,1071006,個人捐贈收入,阮文德,F10*******,2000.00,0.00,,金錢,新北市三重區****,0933*****,
208,阮昭雄,107年直轄市議員選舉,首次申報,1071006,個人捐贈收入,徐福進,F10*******,3000.00,0.00,,金錢,臺北市文山區****,0932*****,
209,阮昭雄,107年直轄市議員選舉,首次申報,1071006,個人捐贈收入,陳平和,F12*******,10000.00,0.00,,金錢,新北市土城區****,0921*****,
210,阮昭雄,107年直轄市議員選舉,首次申報,1071006,個人捐贈收入,陳高美美,F20*******,2000.00,0.00,,金錢,臺北市文山區****,,
211,阮昭雄,107年直轄市議員選舉,首次申報,1071006,個人捐贈收入,林春美,F22*******,3000.00,0.00,,金錢,臺北市文山區****,0910*****,
212,阮昭雄,107年直轄市議員選舉,首次申報,1071006,個人捐贈收入,張添福,H10*******,3000.00,0.00,,金錢,臺北市大安區****,0932*****,
213,阮昭雄,107年直轄市議員選舉,首次申報,1071006,個人捐贈收入,劉昌坪,H12*******,5000.00,0.00,,金錢,臺北市文山區****,0917*****,
214,阮昭雄,107年直轄市議員選舉,首次申報,1071006,個人捐贈收入,張建盛,M10*******,1000.00,0.00,,金錢,臺北市文山區****,0910*****,
215,阮昭雄,107年直轄市議員選舉,首次申報,1071006,個人捐贈收入,施清田,N10*******,6000.00,0.00,,金錢,臺北市文山區****,0933*****,
216,阮昭雄,107年直轄市議員選舉,首次申報,1071006,個人捐贈收入,陳永富,P10*******,1000.00,0.00,,金錢,臺北市文山區****,0909*****,
217,阮昭雄,107年直轄市議員選舉,首次申報,1071006,個人捐贈收入,傅傳厚,S10*******,10000.00,0.00,,金錢,臺北市文山區****,0933*****,
218,阮昭雄,107年直轄市議員選舉,首次申報,1071006,個人捐贈收入,陳三家,X12*******,10000.00,0.00,,金錢,臺北市大安區****,0987*****,
219,阮昭雄,107年直轄市議員選舉,首次申報,1071008,人民團體捐贈收入,社團法人台北市牙醫師公會,,30000.00,0.00,,金錢,台北市中正區****,,
220,阮昭雄,107年直轄市議員選舉,首次申報,1071008,人民團體捐贈收入,台灣區水管工程工業同業公會,,60000.00,0.00,,金錢,台北市中山區****,02-2*****,
221,阮昭雄,107年直轄市議員選舉,首次申報,1071008,個人捐贈收入,葉臨軒,A12*******,20000.00,0.00,,金錢,臺北市南港區****,0915*****,
222,阮昭雄,107年直轄市議員選舉,首次申報,1071008,個人捐贈收入,溫御程,A12*******,20000.00,0.00,,金錢,臺北市南港區****,0988*****,
223,阮昭雄,107年直轄市議員選舉,首次申報,1071008,個人捐贈收入,黃世旭,A12*******,30000.00,0.00,,金錢,臺北市中正區****,,
224,阮昭雄,107年直轄市議員選舉,首次申報,1071008,個人捐贈收入,陳柏文,C12*******,20000.00,0.00,,金錢,臺北市南港區****,0918*****,
225,阮昭雄,107年直轄市議員選舉,首次申報,1071008,個人捐贈收入,李元鈞,C12*******,20000.00,0.00,,金錢,臺北市南港區****,0921*****,
226,阮昭雄,107年直轄市議員選舉,首次申報,1071008,個人捐贈收入,陳秋忠,N10*******,10000.00,0.00,,金錢,臺北市大安區****,,
227,阮昭雄,107年直轄市議員選舉,首次申報,1071008,個人捐贈收入,蔡明珠,R20*******,10000.00,0.00,,金錢,臺北市中山區****,0939*****,
228,阮昭雄,107年直轄市議員選舉,首次申報,1071012,個人捐贈收入,李阿萬,L12*******,20000.00,0.00,,金錢,臺北市大安區****,0910*****,
229,阮昭雄,107年直轄市議員選舉,首次申報,1071013,個人捐贈收入,林金茂,K12*******,10000.00,0.00,,金錢,臺北市文山區****,,
230,阮昭雄,107年直轄市議員選舉,首次申報,1071015,個人捐贈收入,高尹煌珠,F22*******,3000.00,0.00,,金錢,臺北市文山區****,0928*****,
231,阮昭雄,107年直轄市議員選舉,首次申報,1071015,個人捐贈收入,李元衡,G10*******,3000.00,0.00,,金錢,臺北市文山區****,0910*****,
232,阮昭雄,107年直轄市議員選舉,首次申報,1071016,個人捐贈收入,黃寶清,A20*******,10000.00,0.00,,金錢,臺北市大安區****,,
233,阮昭雄,107年直轄市議員選舉,首次申報,1071016,個人捐贈收入,阮美霜,N20*******,16900.00,0.00,,金錢,臺北市中山區****,,
234,阮昭雄,107年直轄市議員選舉,首次申報,1071016,個人捐贈收入,許碧足,N22*******,10000.00,0.00,,金錢,臺北市大安區****,,
235,阮昭雄,107年直轄市議員選舉,首次申報,1071016,個人捐贈收入,黃秀賢,Q20*******,5000.00,0.00,,金錢,臺北市大安區****,,
236,阮昭雄,107年直轄市議員選舉,首次申報,1071019,個人捐贈收入,廖淑芳,R22*******,30000.00,0.00,,金錢,臺北市信義區****,0988*****,
237,阮昭雄,107年直轄市議員選舉,首次申報,1071022,匿名捐贈,匿名謝咏庭,,10000.00,0.00,,金錢,,,
238,阮昭雄,107年直轄市議員選舉,首次申報,1071022,營利事業捐贈收入,金協興營造股份有限公司,93693490,200000.00,0.00,,金錢,臺北市中山區****,0225*****,
239,阮昭雄,107年直轄市議員選舉,首次申報,1071023,營利事業捐贈收入,都美建設股份有限公司,27986776,500000.00,0.00,,金錢,新北市新莊區****,,
240,阮昭雄,107年直轄市議員選舉,首次申報,1071023,個人捐贈收入,張晏瑜,A22*******,100000.00,0.00,,金錢,臺北市松山區****,0970*****,
241,阮昭雄,107年直轄市議員選舉,首次申報,1071023,個人捐贈收入,江瑤平,C22*******,100000.00,0.00,,金錢,臺北市內湖區****,0970*****,
242,阮昭雄,107年直轄市議員選舉,首次申報,1071023,個人捐贈收入,林再福,F10*******,20000.00,0.00,,金錢,臺北市南港區****,0227*****,
243,阮昭雄,107年直轄市議員選舉,首次申報,1071023,個人捐贈收入,林慧芳,J22*******,2600.00,0.00,,金錢,澎湖縣馬公市****,0937*****,
244,阮昭雄,107年直轄市議員選舉,首次申報,1071023,個人捐贈收入,李帥良,T12*******,10000.00,0.00,,金錢,臺北市大同區****,0987*****,
245,阮昭雄,107年直轄市議員選舉,首次申報,1071023,個人捐贈收入,陳建揚,Y12*******,30000.00,0.00,,金錢,新北市三重區****,0932*****,
246,阮昭雄,107年直轄市議員選舉,首次申報,1071025,個人捐贈收入,張麗惠,L20*******,30000.00,0.00,,金錢,臺北市中山區****,,
247,阮昭雄,107年直轄市議員選舉,首次申報,1071029,個人捐贈收入,張翠園,M22*******,20000.00,0.00,,金錢,臺北市中山區****,,
248,阮昭雄,107年直轄市議員選舉,首次申報,1071030,個人捐贈收入,陳宗義,A12*******,20000.00,0.00,,金錢,桃園市桃園區****,,
249,阮昭雄,107年直轄市議員選舉,首次申報,1071030,個人捐贈收入,翁國輝,F10*******,10000.00,0.00,,金錢,臺北市文山區****,0963*****,
250,阮昭雄,107年直轄市議員選舉,首次申報,1071101,個人捐贈收入,游翔曦,A12*******,50000.00,0.00,,金錢,臺北市中山區****,,
251,阮昭雄,107年直轄市議員選舉,首次申報,1071101,個人捐贈收入,廖振翔,A12*******,100000.00,0.00,,金錢,臺北市大安區****,,
252,阮昭雄,107年直轄市議員選舉,首次申報,1071101,個人捐贈收入,林振陸,N10*******,100000.00,0.00,,金錢,新北市中和區****,,
253,阮昭雄,107年直轄市議員選舉,首次申報,1071102,匿名捐贈,匿名陳俊彥,,3000.00,0.00,,金錢,,,
254,阮昭雄,107年直轄市議員選舉,首次申報,1071102,個人捐贈收入,林致佑,A22*******,20000.00,0.00,,金錢,臺北市內湖區****,,
255,阮昭雄,107年直轄市議員選舉,首次申報,1071102,個人捐贈收入,蔡聖昌,C12*******,80000.00,0.00,,金錢,臺北市內湖區****,,
256,阮昭雄,107年直轄市議員選舉,首次申報,1071105,營利事業捐贈收入,京站投資控股企業股份有限公司,53957740,200000.00,0.00,,金錢,臺北市大同區****,,
257,阮昭雄,107年直轄市議員選舉,首次申報,1071105,個人捐贈收入,林炯東,A10*******,30000.00,0.00,,金錢,臺北市大同區****,,
258,阮昭雄,107年直轄市議員選舉,首次申報,1071105,個人捐贈收入,邵秀葉,F20*******,10000.00,0.00,,金錢,新北市新莊區****,0229*****,
259,阮昭雄,107年直轄市議員選舉,首次申報,1071105,個人捐贈收入,吳思瑤,F22*******,100000.00,0.00,,金錢,臺北市北投區****,,
260,阮昭雄,107年直轄市議員選舉,首次申報,1071106,個人捐贈收入,羅雅美,T22*******,100000.00,0.00,,金錢,新北市新店區****,,
261,阮昭雄,107年直轄市議員選舉,首次申報,1071107,個人捐贈收入,高志斌,G12*******,5000.00,0.00,,金錢,新北市汐止區****,,
262,阮昭雄,107年直轄市議員選舉,首次申報,1071107,個人捐贈收入,林金陽,M10*******,100000.00,0.00,,金錢,臺北市文山區****,0922*****,
263,阮昭雄,107年直轄市議員選舉,首次申報,1071109,營利事業捐贈收入,國揚實業股份有限公司,11603817,100000.00,0.00,,金錢,臺北市松山區****,,
264,阮昭雄,107年直轄市議員選舉,首次申報,1071109,營利事業捐贈收入,駿傑營造工程股份有限公司,23397799,200000.00,0.00,,金錢,臺北市松山區****,,
265,阮昭雄,107年直轄市議員選舉,首次申報,1071112,營利事業捐贈收入,沅豐企業有限公司,23894754,30000.00,0.00,,金錢,新北市泰山區****,,
266,阮昭雄,107年直轄市議員選舉,首次申報,1071112,個人捐贈收入,張麗華,C20*******,2000.00,0.00,,金錢,臺北市文山區****,0937*****,
267,阮昭雄,107年直轄市議員選舉,首次申報,1071112,個人捐贈收入,黃啟訓,F12*******,20000.00,0.00,,金錢,臺北市大安區****,0979*****,
268,阮昭雄,107年直轄市議員選舉,首次申報,1071112,個人捐贈收入,涂美齡,H22*******,10000.00,0.00,,金錢,臺北市大安區****,,
269,阮昭雄,107年直轄市議員選舉,首次申報,1071113,營利事業捐贈收入,宏賢建設股份有限公司,28851059,100000.00,0.00,,金錢,臺北市內湖區****,,
270,阮昭雄,107年直轄市議員選舉,首次申報,1071113,營利事業捐贈收入,宏賢建設股份有限公司,28851059,100000.00,0.00,,金錢,臺北市內湖區****,,
271,阮昭雄,107年直轄市議員選舉,首次申報,1071113,個人捐贈收入,張順教,R12*******,100000.00,0.00,,金錢,臺北市文山區****,,
272,阮昭雄,107年直轄市議員選舉,首次申報,1071114,營利事業捐贈收入,禾碩開發股份有限公司,53532667,100000.00,0.00,,金錢,臺北市松山區****,,
273,阮昭雄,107年直轄市議員選舉,首次申報,1071116,個人捐贈收入,阮禎民,A10*******,15000.00,0.00,,金錢,臺北市大安區****,0223*****,
274,阮昭雄,107年直轄市議員選舉,首次申報,1071116,個人捐贈收入,鄭碧吟,A20*******,15000.00,0.00,,金錢,臺北市士林區****,0223*****,
275,阮昭雄,107年直轄市議員選舉,首次申報,1071119,匿名捐贈,匿名黃明雄,,6000.00,0.00,,金錢,,,
276,阮昭雄,107年直轄市議員選舉,首次申報,1071119,個人捐贈收入,林萬益,A11*******,20000.00,0.00,,金錢,臺北市中正區****,,
277,阮昭雄,107年直轄市議員選舉,首次申報,1071119,個人捐贈收入,蕭裕耀,A12*******,20000.00,0.00,,金錢,臺北市大安區****,,
278,阮昭雄,107年直轄市議員選舉,首次申報,1071119,個人捐贈收入,廖裕評,A22*******,30000.00,0.00,,金錢,桃園市中壢區****,,
279,阮昭雄,107年直轄市議員選舉,首次申報,1071119,個人捐贈收入,沈玉英,A22*******,50000.00,0.00,,金錢,臺北市士林區****,,
280,阮昭雄,107年直轄市議員選舉,首次申報,1071119,個人捐贈收入,沈玉珍,A22*******,50000.00,0.00,,金錢,臺北市士林區****,,
281,阮昭雄,107年直轄市議員選舉,首次申報,1071119,個人捐贈收入,陳淑芬,C22*******,50000.00,0.00,,金錢,基隆市七堵區****,,
282,阮昭雄,107年直轄市議員選舉,首次申報,1071119,個人捐贈收入,陳志川,F12*******,6000.00,0.00,,金錢,臺北市松山區****,,
283,阮昭雄,107年直轄市議員選舉,首次申報,1071119,個人捐贈收入,廖聰賢,F12*******,20000.00,0.00,,金錢,新北市汐止區****,,
284,阮昭雄,107年直轄市議員選舉,首次申報,1071119,個人捐贈收入,蔡淑芬,Q20*******,50000.00,0.00,,金錢,臺北市文山區****,,
285,阮昭雄,107年直轄市議員選舉,首次申報,1071120,營利事業捐贈收入,台泥資訊股份有限公司,23988289,500000.00,0.00,,金錢,臺北市中山區****,,
286,阮昭雄,107年直轄市議員選舉,首次申報,1071121,個人捐贈收入,林群翔,A12*******,15000.00,0.00,,金錢,臺北市中山區****,,
287,阮昭雄,107年直轄市議員選舉,首次申報,1071121,個人捐贈收入,林明玲,A22*******,15000.00,0.00,,金錢,臺北市中山區****,,
288,阮昭雄,107年直轄市議員選舉,首次申報,1071121,個人捐贈收入,林珊羽,A22*******,15000.00,0.00,,金錢,臺北市士林區****,,
289,阮昭雄,107年直轄市議員選舉,首次申報,1071121,個人捐贈收入,林麗玲,A22*******,15000.00,0.00,,金錢,新北市板橋區****,,
290,阮昭雄,107年直轄市議員選舉,首次申報,1071122,匿名捐贈,匿名洪正平,,3000.00,0.00,,金錢,,,
291,阮昭雄,107年直轄市議員選舉,首次申報,1071122,營利事業捐贈收入,醫美生健康事業有限公司,24461137,2000.00,0.00,,金錢,臺北市中山區****,0980*****,
292,阮昭雄,107年直轄市議員選舉,首次申報,1071122,營利事業捐贈收入,高勁健身事業股份有限公司,28715077,20000.00,0.00,,金錢,臺北市信義區****,8780*****,
293,阮昭雄,107年直轄市議員選舉,首次申報,1071122,個人捐贈收入,藍元傑,A10*******,10000.00,0.00,,金錢,臺北市大同區****,0223*****,
294,阮昭雄,107年直轄市議員選舉,首次申報,1071122,個人捐贈收入,蔡耀宗,A10*******,5000.00,0.00,,金錢,臺北市大同區****,0225*****,
295,阮昭雄,107年直轄市議員選舉,首次申報,1071122,個人捐贈收入,陳德樹,A11*******,5000.00,0.00,,金錢,新北市新店區****,0222*****,
296,阮昭雄,107年直轄市議員選舉,首次申報,1071122,個人捐贈收入,周延陹,A12*******,5000.00,0.00,,金錢,臺北市士林區****,0227*****,
297,阮昭雄,107年直轄市議員選舉,首次申報,1071122,個人捐贈收入,丁瑛玹,A12*******,5000.00,0.00,,金錢,臺北市中山區****,0225*****,
298,阮昭雄,107年直轄市議員選舉,首次申報,1071122,個人捐贈收入,邱垂霖,A12*******,5000.00,0.00,,金錢,臺北市松山區****,0227*****,
299,阮昭雄,107年直轄市議員選舉,首次申報,1071122,個人捐贈收入,郭肇育,A12*******,5000.00,0.00,,金錢,臺北市文山區****,0289*****,
300,阮昭雄,107年直轄市議員選舉,首次申報,1071122,個人捐贈收入,王友本,B10*******,5000.00,0.00,,金錢,臺北市內湖區****,0226*****,
301,阮昭雄,107年直轄市議員選舉,首次申報,1071122,個人捐贈收入,蔡燦薰,C12*******,5000.00,0.00,,金錢,臺北市中正區****,0223*****,
302,阮昭雄,107年直轄市議員選舉,首次申報,1071122,個人捐贈收入,吳金龍,C12*******,5000.00,0.00,,金錢,臺北市士林區****,0227*****,
303,阮昭雄,107年直轄市議員選舉,首次申報,1071122,個人捐贈收入,潘順詮,E12*******,15000.00,0.00,,金錢,臺北市松山區****,,
304,阮昭雄,107年直轄市議員選舉,首次申報,1071122,個人捐贈收入,張榮達,F10*******,5000.00,0.00,,金錢,新北市三重區****,0229*****,
305,阮昭雄,107年直轄市議員選舉,首次申報,1071122,個人捐贈收入,林於賜,F12*******,5000.00,0.00,,金錢,臺北市中正區****,0223*****,
306,阮昭雄,107年直轄市議員選舉,首次申報,1071122,個人捐贈收入,林錦宗,F12*******,5000.00,0.00,,金錢,新北市三重區****,0228*****,
307,阮昭雄,107年直轄市議員選舉,首次申報,1071122,個人捐贈收入,林建正,F12*******,5000.00,0.00,,金錢,新北市中和區****,0229*****,
308,阮昭雄,107年直轄市議員選舉,首次申報,1071122,個人捐贈收入,鄭明偉,F12*******,5000.00,0.00,,金錢,新北市汐止區****,0226*****,
309,阮昭雄,107年直轄市議員選舉,首次申報,1071122,個人捐贈收入,徐文山,G12*******,5000.00,0.00,,金錢,臺北市南港區****,0226*****,
310,阮昭雄,107年直轄市議員選舉,首次申報,1071122,個人捐贈收入,李日益,G12*******,5000.00,0.00,,金錢,臺北市內湖區****,0227*****,
311,阮昭雄,107年直轄市議員選舉,首次申報,1071122,個人捐贈收入,邱創興,K10*******,5000.00,0.00,,金錢,臺北市松山區****,0227*****,
312,阮昭雄,107年直轄市議員選舉,首次申報,1071122,個人捐贈收入,邱文輝,K10*******,5000.00,0.00,,金錢,臺北市信義區****,0227*****,
313,阮昭雄,107年直轄市議員選舉,首次申報,1071122,個人捐贈收入,何苗義,K10*******,5000.00,0.00,,金錢,臺北市大安區****,0227*****,
314,阮昭雄,107年直轄市議員選舉,首次申報,1071122,個人捐贈收入,戴進一,L12*******,10000.00,0.00,,金錢,臺北市中正區****,0223*****,
315,阮昭雄,107年直轄市議員選舉,首次申報,1071122,個人捐贈收入,廖堅凱,P12*******,5000.00,0.00,,金錢,臺北市內湖區****,0226*****,
316,阮昭雄,107年直轄市議員選舉,首次申報,1071122,個人捐贈收入,黃意婷,P22*******,5000.00,0.00,,金錢,臺北市中正區****,0223*****,
317,阮昭雄,107年直轄市議員選舉,首次申報,1071122,個人捐贈收入,劉世彬,Q10*******,5000.00,0.00,,金錢,臺北市信義區****,0227*****,
318,阮昭雄,107年直轄市議員選舉,首次申報,1071122,個人捐贈收入,江松坐,Q10*******,10000.00,0.00,,金錢,臺北市大安區****,,
319,阮昭雄,107年直轄市議員選舉,首次申報,1071122,個人捐贈收入,陳添貴,V10*******,5000.00,0.00,,金錢,臺北市內湖區****,0225*****,
320,阮昭雄,107年直轄市議員選舉,首次申報,1071123,匿名捐贈,匿名陳阿玉,,5000.00,0.00,,金錢,,,
321,阮昭雄,107年直轄市議員選舉,首次申報,1071221,其他收入,利息收入,,154.00,0.00,,金錢,,,
