﻿序號,擬參選人／政黨,選舉名稱,申報序號／年度,交易日期,收支科目,捐贈者／支出對象,身分證／統一編號,收入金額,支出金額,支出用途,金錢類,地址,聯絡電話,資料更正日期
1,丘埔生,107年鄉(鎮、市)長選舉,首次申報,1071116,返還支出,黃錦美,L20*******,0.00,120000.00,返還,金錢,南投縣國姓鄉****,0918*****,
2,丘埔生,107年鄉(鎮、市)長選舉,首次申報,1071117,返還支出,郭文忠,B12*******,0.00,100000.00,返還,金錢,臺中市南屯區****,04-3*****,
3,丘埔生,107年鄉(鎮、市)長選舉,首次申報,1071211,宣傳支出,先峰廣告招牌,19257156,0.00,7500.00,PP板競選看板安裝費(個),金錢,南投縣國姓鄉****,0932*****,
4,丘埔生,107年鄉(鎮、市)長選舉,首次申報,1071211,宣傳支出,先峰廣告招牌,19257156,0.00,16500.00,宣傳車看板製作組裝(輛),金錢,南投縣國姓鄉****,0932*****,
5,丘埔生,107年鄉(鎮、市)長選舉,首次申報,1071211,宣傳支出,先峰廣告招牌,19257156,0.00,45000.00,PP板競選看板(元*個),金錢,南投縣國姓鄉****,0932*****,
