﻿序號,擬參選人／政黨,選舉名稱,申報序號／年度,交易日期,收支科目,捐贈者／支出對象,身分證／統一編號,收入金額,支出金額,捐贈方式,存入專戶日期,返還/繳庫,支出用途,金錢類,地址,聯絡電話,應揭露之支出對象,支出對象之內部人員姓名,支出對象之內部人員職稱,政黨之內部人員姓名,政黨之內部人員職稱,關係,更正註記,資料更正日期
1,陳若翠,113年立法委員選舉,首次申報,1120925,個人捐贈收入,吳榕峯,F12*******,30000.00,0.00,匯款,1120925,,,金錢,臺中市東區東****,0987*****,,,,,,,,
2,陳若翠,113年立法委員選舉,首次申報,1120928,政黨捐贈收入,中國國民黨,政黨證字第1號,300000.00,0.00,票據,1120928,,,金錢,台北市中山區****,(02)*****,,,,,,,,
3,陳若翠,113年立法委員選舉,首次申報,1121001,個人捐贈收入,顏才仁,,6000.00,0.00,匯款,1121001,,,金錢,高雄市鳳山區****,0919*****,,,,,,,,
4,陳若翠,113年立法委員選舉,首次申報,1121002,個人捐贈收入,辛慶福,,10000.00,0.00,匯款,1121002,,,金錢,高雄市大寮區****,0935*****,,,,,,,,
5,陳若翠,113年立法委員選舉,首次申報,1121003,個人捐贈收入,楊士賢,,200.00,0.00,現金,1121003,,,金錢,高雄市三民區****,0910*****,,,,,,,,
6,陳若翠,113年立法委員選舉,首次申報,1121003,匿名捐贈,匿名,,975.00,0.00,匯款,1121003,,,金錢,,,,,,,,,,
7,陳若翠,113年立法委員選舉,首次申報,1121006,個人捐贈收入,袁秋萍,G22*******,100000.00,0.00,匯款,1121006,,,金錢,高雄市苓雅區****,0955*****,,,,,,,,
8,陳若翠,113年立法委員選舉,首次申報,1121010,個人捐贈收入,林昱良,P10*******,50000.00,0.00,票據,1121018,,,金錢,高雄市仁武區****,,,,,,,,,
9,陳若翠,113年立法委員選舉,首次申報,1121011,匿名捐贈,匿名,,196.00,0.00,匯款,1121011,,,金錢,,,,,,,,,,
10,陳若翠,113年立法委員選舉,首次申報,1121016,個人捐贈收入,趙仕清,,1000.00,0.00,現金,1121016,,,金錢,高雄市鼓山區****,,,,,,,,,
11,陳若翠,113年立法委員選舉,首次申報,1121024,營利事業捐贈收入,環球大宇宙太陽能工業有限公司,28929872,30000.00,0.00,匯款,1121024,,,金錢,高雄市鳥松區****,7338*****,,,,,,,,
12,陳若翠,113年立法委員選舉,首次申報,1121026,個人捐贈收入,廖華賢,B12*******,50000.00,0.00,匯款,1121026,,,金錢,高雄市鼓山區****,0921*****,,,,,,,,
13,陳若翠,113年立法委員選舉,首次申報,1121026,個人捐贈收入,廖華賢,B12*******,50000.00,0.00,匯款,1121026,,,金錢,高雄市鼓山區****,0921*****,,,,,,,,
14,陳若翠,113年立法委員選舉,首次申報,1121102,個人捐贈收入,呂翠芬,,20000.00,0.00,現金,1121102,,,金錢,,07-3*****,,,,,,,,
15,陳若翠,113年立法委員選舉,首次申報,1121108,個人捐贈收入,許宏瑋,,5000.00,0.00,現金,1121108,,,金錢,高雄市湖內區****,0937*****,,,,,,,,
16,陳若翠,113年立法委員選舉,首次申報,1121115,個人捐贈收入,林添福,,2000.00,0.00,現金,1121115,,,金錢,,07-3*****,,,,,,,,
17,陳若翠,113年立法委員選舉,首次申報,1121117,匿名捐贈,匿名,,2990.00,0.00,現金,1121117,,,金錢,,,,,,,,,,
18,陳若翠,113年立法委員選舉,首次申報,1121121,個人捐贈收入,陶正發,,10000.00,0.00,現金,1121121,,,金錢,高雄市三民區****,,,,,,,,,
19,陳若翠,113年立法委員選舉,首次申報,1121122,營利事業捐贈收入,五角科技股份有限公司,16480645,50000.00,0.00,匯款,1121122,,,金錢,高雄市三民區****,0975*****,,,,,,,,
20,陳若翠,113年立法委員選舉,首次申報,1121123,個人捐贈收入,陳碩榆,,10000.00,0.00,現金,1121123,,,金錢,高雄市前金區****,0933*****,,,,,,,,
21,陳若翠,113年立法委員選舉,首次申報,1121123,個人捐贈收入,賴詩穎,E22*******,100000.00,0.00,現金,1121123,,,金錢,高雄市仁武區****,0988*****,,,,,,,,
22,陳若翠,113年立法委員選舉,首次申報,1121123,個人捐贈收入,余金龍,P12*******,100000.00,0.00,現金,1121123,,,金錢,高雄市仁武區****,0988*****,,,,,,,,
23,陳若翠,113年立法委員選舉,首次申報,1121127,個人捐贈收入,沈亞莉,,2000.00,0.00,現金,1121127,,,金錢,高雄市前鎮區****,0935*****,,,,,,,,
24,陳若翠,113年立法委員選舉,首次申報,1121127,個人捐贈收入,沈亞蘭,,2000.00,0.00,現金,1121127,,,金錢,高雄市前鎮區****,0935*****,,,,,,,,
25,陳若翠,113年立法委員選舉,首次申報,1121128,個人捐贈收入,王一順發,,800.00,0.00,現金,1121128,,,金錢,,07-7*****,,,,,,,,
26,陳若翠,113年立法委員選舉,首次申報,1121130,個人捐贈收入,邱明華,,30000.00,0.00,現金,1121130,,,金錢,臺北市大安區****,0919*****,,,,,,,,
27,陳若翠,113年立法委員選舉,首次申報,1121201,個人捐贈收入,劉英華,,10000.00,0.00,現金,1121201,,,金錢,,0928*****,,,,,,,,
28,陳若翠,113年立法委員選舉,首次申報,1121202,個人捐贈收入,王玉華,,3000.00,0.00,現金,1121202,,,金錢,,0987*****,,,,,,,,
29,陳若翠,113年立法委員選舉,首次申報,1121205,個人捐贈收入,張瑞欽,E10*******,100000.00,0.00,匯款,1121205,,,金錢,高雄市前金區****,07-2*****,,,,,,,,
30,陳若翠,113年立法委員選舉,首次申報,1121211,個人捐贈收入,林孜晏,,5000.00,0.00,現金,1121211,,,金錢,高雄市鼓山區****,,,,,,,,,
31,陳若翠,113年立法委員選舉,首次申報,1121211,個人捐贈收入,紀美蘭,,5000.00,0.00,現金,1121211,,,金錢,高雄市三民區****,0931*****,,,,,,,,
32,陳若翠,113年立法委員選舉,首次申報,1121211,個人捐贈收入,黃杭生,,1000.00,0.00,現金,1121211,,,金錢,,0931*****,,,,,,,,
33,陳若翠,113年立法委員選舉,首次申報,1121212,個人捐贈收入,陳品臻,,20000.00,0.00,現金,1121212,,,金錢,,0933*****,,,,,,,,
34,陳若翠,113年立法委員選舉,首次申報,1121218,個人捐贈收入,張堯喜,,10000.00,0.00,現金,1121218,,,金錢,高雄市左營區****,0937*****,,,,,,,,
35,陳若翠,113年立法委員選舉,首次申報,1121219,營利事業捐贈收入,慶豐通運有限公司,83421040,100000.00,0.00,現金,1121219,,,金錢,高雄市林園區****,,,,,,,,,
36,陳若翠,113年立法委員選舉,首次申報,1121221,其他收入,利息收入,,209.00,0.00,匯款,1121221,,,金錢,,,,,,,,,,
37,陳若翠,113年立法委員選舉,首次申報,1121225,個人捐贈收入,邱奕強,,20000.00,0.00,現金,1121225,,,金錢,高雄市三民區****,0933*****,,,,,,,,
38,陳若翠,113年立法委員選舉,首次申報,1121225,個人捐贈收入,徐榮盛,,20000.00,0.00,現金,1121225,,,金錢,,3731*****,,,,,,,,
39,陳若翠,113年立法委員選舉,首次申報,1121225,個人捐贈收入,黃桂香,,20000.00,0.00,現金,1121225,,,金錢,高雄市三民區****,,,,,,,,,
40,陳若翠,113年立法委員選舉,首次申報,1121227,人民團體捐贈收入,全國軍公教警消權益保護協會,,3000.00,0.00,現金,1121227,,,金錢,高雄市鳳山區****,,,,,,,,,
41,陳若翠,113年立法委員選舉,首次申報,1121227,個人捐贈收入,蘇秀玉,,1000.00,0.00,現金,1121227,,,金錢,高雄市三民區****,,,,,,,,,
42,陳若翠,113年立法委員選舉,首次申報,1121227,個人捐贈收入,盧麗津,,1000.00,0.00,現金,1121227,,,金錢,高雄市三民區****,,,,,,,,,
43,陳若翠,113年立法委員選舉,首次申報,1121227,個人捐贈收入,王瑞琳,,1000.00,0.00,現金,1121227,,,金錢,高雄市鳥松區****,0921*****,,,,,,,,
44,陳若翠,113年立法委員選舉,首次申報,1121227,個人捐贈收入,謝清香,,1000.00,0.00,現金,1121227,,,金錢,高雄市鳥松區****,,,,,,,,,
45,陳若翠,113年立法委員選舉,首次申報,1121227,個人捐贈收入,廖紫妤,,1000.00,0.00,現金,1121227,,,金錢,臺中市豐原區****,,,,,,,,,
46,陳若翠,113年立法委員選舉,首次申報,1121227,個人捐贈收入,何全進,,1000.00,0.00,現金,1121227,,,金錢,臺中市北區三****,,,,,,,,,
47,陳若翠,113年立法委員選舉,首次申報,1121227,個人捐贈收入,黃俊哲,,1000.00,0.00,現金,1121227,,,金錢,高雄市鳳山區****,,,,,,,,,
48,陳若翠,113年立法委員選舉,首次申報,1121227,個人捐贈收入,陳泉彰,,108.00,0.00,匯款,1121227,,,金錢,,3731*****,,,,,,,,
49,陳若翠,113年立法委員選舉,首次申報,1130102,個人捐贈收入,林建利,A12*******,100000.00,0.00,現金,1130102,,,金錢,臺北市忠孝東****,0988*****,,,,,,,,
50,陳若翠,113年立法委員選舉,首次申報,1130102,個人捐贈收入,胡曉菁,X22*******,100000.00,0.00,現金,1130102,,,金錢,臺北市股牯嶺****,0988*****,,,,,,,,
51,陳若翠,113年立法委員選舉,首次申報,1130108,個人捐贈收入,張簡麗淑,,8800.00,0.00,現金,1130108,,,金錢,高雄市鳳山區****,,,,,,,,,
52,陳若翠,113年立法委員選舉,首次申報,1130108,個人捐贈收入,李東華,,20000.00,0.00,現金,1130108,,,金錢,,3731*****,,,,,,,,
53,陳若翠,113年立法委員選舉,首次申報,1130110,個人捐贈收入,林家銘,,20000.00,0.00,現金,1130110,,,金錢,高雄市前鎮區****,0937*****,,,,,,,,
54,陳若翠,113年立法委員選舉,首次申報,1130112,個人捐贈收入,張本,,2000.00,0.00,現金,1130112,,,金錢,高雄市苓雅區****,0918*****,,,,,,,,
