﻿序號,擬參選人／政黨,選舉名稱,申報序號／年度,交易日期,收支科目,捐贈者／支出對象,身分證／統一編號,收入金額,支出金額,捐贈方式,存入專戶日期,返還/繳庫,支出用途,金錢類,地址,聯絡電話,應揭露之支出對象,支出對象之內部人員姓名,支出對象之內部人員職稱,政黨之內部人員姓名,政黨之內部人員職稱,關係,更正註記,資料更正日期
1,張雪如,111年彰化縣議員選舉,首次申報,1110908,宣傳支出,中華郵政股份有限公司員林郵局,,0.00,1890.00,,,,郵寄競選物品或宣傳廣告費用,金錢,彰化縣員林市****,04-8*****,否,,,,,,,
2,張雪如,111年彰化縣議員選舉,首次申報,1110908,返還捐贈支出,黃明朝,E12*******,0.00,200000.00,,,,返還,金錢,高雄市燕巢區****,,否,,,,,,,
3,張雪如,111年彰化縣議員選舉,首次申報,1110912,宣傳支出,中華郵政股份有限公司員林郵局,60005205,0.00,22062.00,,,,郵寄競選物品或宣傳廣告費用,金錢,彰化縣員林市****,04-8*****,否,,,,,,,
4,張雪如,111年彰化縣議員選舉,首次申報,1110920,宣傳支出,偟格科技有限公司,60206104,0.00,245700.00,,,,製作競選物品或宣傳廣告費用（製作廣告看板）,金錢,臺中市烏日區****,04-2*****,否,,,,,,,
5,張雪如,111年彰化縣議員選舉,首次申報,1110929,宣傳支出,盛世數位文創繪社,40577535,0.00,16500.00,,,,製作競選物品或宣傳廣告費用（物品名稱-文宣信封）,金錢,彰化縣伸港鄉****,,否,,,,,,,
6,張雪如,111年彰化縣議員選舉,首次申報,1111005,雜支支出,振宇五金股份有限公司員林莒光分公司,42690225,0.00,570.00,,,,文具用品費用-鎖式紮帶,金錢,彰化縣員林市****,04-8*****,否,,,,,,,
7,張雪如,111年彰化縣議員選舉,首次申報,1111005,宣傳支出,中華郵政股份有限公司員林郵局,60005205,0.00,364.00,,,,郵寄政治獻金收據,金錢,彰化縣員林市****,04-8*****,否,,,,,,,
8,張雪如,111年彰化縣議員選舉,首次申報,1111005,宣傳支出,三泰電子材料行,60213816,0.00,3200.00,,,,宣傳廣告費用（物品名稱-擴大機、麥克風）,金錢,彰化縣員林鎮****,04-8*****,否,,,,,,,
9,張雪如,111年彰化縣議員選舉,首次申報,1111005,雜支支出,台灣中油股份有限公司油品行銷事業部台中營業處員東路加油站,60263673,0.00,75.00,,,,汽機車燃料費用,金錢,彰化縣員林市****,04+8*****,否,,,,,,,
10,張雪如,111年彰化縣議員選舉,首次申報,1111005,雜支支出,金天下文具股份有限公司員林分公司,82878870,0.00,79.00,,,,文具用品費用,金錢,彰化縣員林市****,04-8*****,否,,,,,,,
11,張雪如,111年彰化縣議員選舉,首次申報,1111008,雜支支出,麥當勞員林中山店,86385530,0.00,859.00,,,,餐飲費用,金錢,彰化縣員林市****,04-8*****,否,,,,,,,
12,張雪如,111年彰化縣議員選舉,首次申報,1111008,雜支支出,咕嚕先生餐飲店,87039663,0.00,785.00,,,,餐飲費用,金錢,彰化縣員林市****,04-8*****,否,,,,,,,
13,張雪如,111年彰化縣議員選舉,首次申報,1111009,雜支支出,協和加油站有限公司,23001797,0.00,90.00,,,,汽機車燃料費用,金錢,彰化縣員林市****,04-8*****,否,,,,,,,
14,張雪如,111年彰化縣議員選舉,首次申報,1111009,雜支支出,大仁食堂,47545762,0.00,1150.00,,,,餐飲費用,金錢,彰化縣大村鄉****,04-8*****,否,,,,,,,
15,張雪如,111年彰化縣議員選舉,首次申報,1111010,雜支支出,八方雲集員林靜修店,25260544,0.00,555.00,,,,餐飲費用,金錢,彰化縣員林市****,04-8*****,否,,,,,,,
16,張雪如,111年彰化縣議員選舉,首次申報,1111011,雜支支出,杰渥珈琲手作坊,82591593,0.00,450.00,,,,餐飲費用,金錢,彰化縣員林市****,0955*****,否,,,,,,,
17,張雪如,111年彰化縣議員選舉,首次申報,1111012,雜支支出,明星加油站有限公司,53271826,0.00,40.00,,,,汽機車燃料費用,金錢,彰化縣大村鄉****,,否,,,,,,,
18,張雪如,111年彰化縣議員選舉,首次申報,1111012,雜支支出,台灣中油股份有限公司油品行銷事業部台中營業處員東路加油站,60263673,0.00,40.00,,,,汽機車燃料費用,金錢,彰化縣員林市****,04+8*****,否,,,,,,,
19,張雪如,111年彰化縣議員選舉,首次申報,1111014,雜支支出,台灣中油股份有限公司油品行銷事業部台中營業處員東路加油站,60263673,0.00,40.00,,,,汽機車燃料費用,金錢,彰化縣員林市****,04-8*****,否,,,,,,,
20,張雪如,111年彰化縣議員選舉,首次申報,1111014,租用競選辦事處支出,永盟通信工程有限公司,84866843,0.00,30000.00,,,,買辦公設備費用-監視設備,金錢,彰化縣員林市****,04-8*****,否,,,,,,,
21,張雪如,111年彰化縣議員選舉,首次申報,1111017,雜支支出,台灣中油股份有限公司油品行銷事業部台中營業處員東路加油站,60263673,0.00,35.00,,,,汽機車燃料費用,金錢,彰化縣員林市****,04-8*****,否,,,,,,,
22,張雪如,111年彰化縣議員選舉,首次申報,1111017,雜支支出,員立加油站有限公司,72443200,0.00,30.00,,,,汽機車燃料費用,金錢,彰化縣員林市****,04-8*****,否,,,,,,,
23,張雪如,111年彰化縣議員選舉,首次申報,1111018,宣傳支出,臺灣中華日報社股份有限公司,03710808,0.00,50000.00,,,,製作競選物品或宣傳廣告費用（物品名稱-勇者無懼-人生典範 系列三書刊）,金錢,臺南市北區西****,06-2*****,否,,,,,,,
24,張雪如,111年彰化縣議員選舉,首次申報,1111024,雜支支出,永裕五金行,60222218,0.00,380.00,,,,雜項購置或修繕費用-鐵絲、噴漆、棉手套,金錢,彰化縣員林市****,04-8*****,否,,,,,,,
25,張雪如,111年彰化縣議員選舉,首次申報,1111025,宣傳支出,中華郵政股份有限公司員林郵局,60005205,0.00,2698.00,,,,郵寄競選物品或宣傳廣告費用,金錢,彰化縣員林市****,04-8*****,否,,,,,,,
26,張雪如,111年彰化縣議員選舉,首次申報,1111026,雜支支出,永裕五金行,60222218,0.00,600.00,,,,雜項購置或修繕費用-鐵絲,金錢,彰化縣員林市****,04-8*****,否,,,,,,,
27,張雪如,111年彰化縣議員選舉,首次申報,1111027,雜支支出,永裕五金行,60222218,0.00,300.00,,,,雜項購置或修繕費用-鐵絲,金錢,彰化縣員林市****,04-8*****,否,,,,,,,
28,張雪如,111年彰化縣議員選舉,首次申報,1111030,宣傳支出,偟格科技有限公司,60206104,0.00,40950.00,,,,製作競選物品或宣傳廣告費用（物品名稱-廣告看板）,金錢,臺中市烏日區****,04-2*****,否,,,,,,,
29,張雪如,111年彰化縣議員選舉,首次申報,1111101,宣傳支出,中華郵政股份有限公司員林郵局,60005205,0.00,76.00,,,,郵寄競選物品或宣傳廣告費用,金錢,彰化縣員林市****,04-8*****,否,,,,,,,
30,張雪如,111年彰化縣議員選舉,首次申報,1111103,租用宣傳車輛支出,田尾歐風租車行,45323650,0.00,15000.00,,,,租用宣傳車輛費用,金錢,彰化縣田尾鄉****,04-8*****,否,,,,,,,
31,張雪如,111年彰化縣議員選舉,首次申報,1111103,人事費用支出,曹永文,N10*******,0.00,4500.00,,,,工資或薪津,金錢,彰化縣員林市****,0930*****,否,,,,,,,
32,張雪如,111年彰化縣議員選舉,首次申報,1111103,人事費用支出,邱郁文,N12*******,0.00,39250.00,,,,工資或薪津,金錢,彰化縣員林市****,0923*****,否,,,,,,,
33,張雪如,111年彰化縣議員選舉,首次申報,1111103,人事費用支出,張耕茗,N12*******,0.00,22077.00,,,,工資或薪津,金錢,彰化縣員林市****,0921*****,否,,,,,,,
34,張雪如,111年彰化縣議員選舉,首次申報,1111103,人事費用支出,謝家虹,N22*******,0.00,34006.00,,,,工資或薪津,金錢,彰化縣員林市****,0987*****,否,,,,,,,
35,張雪如,111年彰化縣議員選舉,首次申報,1111104,宣傳支出,中華郵政股份有限公司員林郵局,60005205,0.00,56.00,,,,郵寄競選物品或宣傳廣告費用,金錢,彰化縣員林市****,04-8*****,否,,,,,,,
36,張雪如,111年彰化縣議員選舉,首次申報,1111104,宣傳支出,三泰電子材料行,60213816,0.00,2800.00,,,,製作競選物品或宣傳廣告費用（物品名稱-音響擴大器）,金錢,彰化縣員林鎮****,04-8*****,否,,,,,,,
37,張雪如,111年彰化縣議員選舉,首次申報,1111105,雜支支出,大彰加油站,16374969,0.00,1000.00,,,,汽機車燃料費用,金錢,彰化縣大村鄉****,04-8*****,否,,,,,,,
38,張雪如,111年彰化縣議員選舉,首次申報,1111105,雜支支出,禾風池上飯包,39789336,0.00,685.00,,,,餐飲費用,金錢,彰化縣員林市****,04-8*****,否,,,,,,,
39,張雪如,111年彰化縣議員選舉,首次申報,1111105,雜支支出,大仁食堂,47545762,0.00,1215.00,,,,餐飲費用,金錢,彰化縣大村鄉****,04-8*****,否,,,,,,,
40,張雪如,111年彰化縣議員選舉,首次申報,1111107,宣傳支出,三泰電子材料行,60213816,0.00,1780.00,,,,製作競選物品或宣傳廣告費用（物品名稱-LED燈條）,金錢,彰化縣員林鎮****,04-8*****,否,,,,,,,
41,張雪如,111年彰化縣議員選舉,首次申報,1111107,雜支支出,大村加油站,97405908,0.00,500.00,,,,汽機車燃料費用,金錢,彰化縣大村鄉****,,否,,,,,,,
42,張雪如,111年彰化縣議員選舉,首次申報,1111108,宣傳支出,偟格科技有限公司,60206104,0.00,2100.00,,,,製作競選物品或宣傳廣告費用（物品名稱-大圖輸出）,金錢,臺中市烏日區****,04-2*****,否,,,,,,,
43,張雪如,111年彰化縣議員選舉,首次申報,1111108,人事費用支出,詹鄢輯,N10*******,0.00,3000.00,,,,工資或薪津,金錢,彰化縣永靖鄉****,,否,,,,,,,
44,張雪如,111年彰化縣議員選舉,首次申報,1111109,雜支支出,八條通鎖匙店,13726174,0.00,2500.00,,,,修繕費用-換電動門遙控器,金錢,彰化縣員林市****,04-8*****,否,,,,,,,
45,張雪如,111年彰化縣議員選舉,首次申報,1111109,宣傳支出,程崴資訊科技有限公司,16019949,0.00,109305.00,,,,製作競選物品或宣傳廣告費用（物品名稱-文宣）,金錢,彰化縣彰化市****,04-7*****,否,,,,,,,
46,張雪如,111年彰化縣議員選舉,首次申報,1111109,宣傳支出,三泰電子材料行,60213816,0.00,2530.00,,,,製作競選物品或宣傳廣告費用（物品名稱-電子材料）,金錢,彰化縣員林鎮****,04-8*****,否,,,,,,,
47,張雪如,111年彰化縣議員選舉,首次申報,1111109,宣傳支出,翔宇專業電腦照相排版打字行,78619325,0.00,11300.00,,,,製作競選物品或宣傳廣告費用（物品名稱-文宣小卡、中空版、名片、貼紙）,金錢,彰化縣大村鄉****,04-8*****,否,,,,,,,
48,張雪如,111年彰化縣議員選舉,首次申報,1111115,宣傳支出,中華郵政股份有限公司員林郵局,60005205,0.00,84.00,,,,郵寄競選物品或宣傳廣告費用,金錢,彰化縣員林市****,04-8*****,否,,,,,,,
49,張雪如,111年彰化縣議員選舉,首次申報,1111115,宣傳支出,翔宇專業電腦照相排版打字行,78619325,0.00,4500.00,,,,製作競選物品或宣傳廣告費用（物品名稱-文宣小卡）,金錢,彰化縣大村鄉****,04-8*****,否,,,,,,,
50,張雪如,111年彰化縣議員選舉,首次申報,1111116,宣傳支出,小蘋果禮品社,38932046,0.00,664000.00,,,,製作競選物品或宣傳廣告費用（物品名稱-造型螢光筆&口罩）,金錢,彰化縣永靖鄉****,0911*****,否,,,,,,,
51,張雪如,111年彰化縣議員選舉,首次申報,1111120,雜支支出,余坤騰牛肉麵,26905678,0.00,870.00,,,,餐飲費用,金錢,彰化縣大村鄉****,,否,,,,,,,
52,張雪如,111年彰化縣議員選舉,首次申報,1111121,宣傳支出,秉濂派報,39733410,0.00,20800.00,,,,播放、傳送或刊登宣傳廣告費用,金錢,彰化縣永靖鄉****,0982*****,否,,,,,,,
53,張雪如,111年彰化縣議員選舉,首次申報,1111122,雜支支出,禾風池上飯包,39789336,0.00,1020.00,,,,餐飲費用,金錢,彰化縣員林鎮****,04-8*****,否,,,,,,,
54,張雪如,111年彰化縣議員選舉,首次申報,1111123,宣傳支出,程崴資訊科技有限公司,16019949,0.00,11550.00,,,,製作競選物品或宣傳廣告費用（物品名稱-A文宣）,金錢,彰化縣彰化市****,04-7*****,否,,,,,,,
55,張雪如,111年彰化縣議員選舉,首次申報,1111123,雜支支出,多多水餃,82508201,0.00,445.00,,,,餐飲費用,金錢,彰化縣員林市****,04-8*****,否,,,,,,,
56,張雪如,111年彰化縣議員選舉,首次申報,1111123,宣傳支出,張雪如競選總部,N22*******,0.00,22660.00,,,,宣傳廣告費用（物品名稱-資料夾、存錢罐）,非金錢,彰化縣員林市****,04-8*****,否,,,,,,,
57,張雪如,111年彰化縣議員選舉,首次申報,1111123,宣傳支出,張雪如競選總部,N22*******,0.00,22660.00,,,,宣傳廣告費用（物品名稱-資料夾、存錢罐）,非金錢,彰化縣員林市****,04-8*****,否,,,,,,,
58,張雪如,111年彰化縣議員選舉,首次申報,1111123,宣傳支出,張雪如競選總部,N22*******,0.00,22660.00,,,,宣傳廣告費用（物品名稱-資料夾、存錢罐）,非金錢,彰化縣員林市****,04-8*****,否,,,,,,,
59,張雪如,111年彰化縣議員選舉,首次申報,1111123,宣傳支出,張雪如競選總部,N22*******,0.00,22660.00,,,,宣傳廣告費用（物品名稱-資料夾、存錢罐）,非金錢,彰化縣員林市****,04-8*****,否,,,,,,,
60,張雪如,111年彰化縣議員選舉,首次申報,1111123,宣傳支出,張雪如競選總部,N22*******,0.00,22660.00,,,,宣傳廣告費用（物品名稱-資料夾、存錢罐）,非金錢,彰化縣員林市****,04-8*****,否,,,,,,,
61,張雪如,111年彰化縣議員選舉,首次申報,1111123,宣傳支出,張雪如競選總部,N22*******,0.00,22660.00,,,,宣傳廣告費用（物品名稱-資料夾、存錢罐）,非金錢,彰化縣員林市****,04-8*****,否,,,,,,,
62,張雪如,111年彰化縣議員選舉,首次申報,1111124,雜支支出,金天下文具股份有限公司員林分公司,82878870,0.00,1040.00,,,,文具用品費用,金錢,彰化縣員林市****,04-8*****,否,,,,,,,
63,張雪如,111年彰化縣議員選舉,首次申報,1111124,雜支支出,金天下文具股份有限公司員林分公司,82878870,0.00,323.00,,,,文具用品費用,金錢,彰化縣員林市****,04-8*****,否,,,,,,,
64,張雪如,111年彰化縣議員選舉,首次申報,1111127,雜支支出,煒筌工作坊,38941586,0.00,3000.00,,,,雜項購置,金錢,彰化縣彰化市****,0930*****,否,,,,,,★,1120104
