﻿序號,擬參選人／政黨,選舉名稱,申報序號／年度,交易日期,收支科目,捐贈者／支出對象,身分證／統一編號,收入金額,支出金額,支出用途,金錢類,地址,聯絡電話,資料更正日期
1,林燕祝,109年立法委員選舉,首次申報,1080510,個人捐贈收入,陳雅婷,D22*******,10000.00,0.00,,金錢,臺南市東區東****,0929*****,
2,林燕祝,109年立法委員選舉,首次申報,1080521,匿名捐贈,匿名,,5000.00,0.00,,金錢,,,
3,林燕祝,109年立法委員選舉,首次申報,1080620,其他收入,利息收入,,3.00,0.00,,金錢,,,
4,林燕祝,109年立法委員選舉,首次申報,1080628,個人捐贈收入,郭勳昌,D12*******,10000.00,0.00,,金錢,臺南市永康區****,0907*****,
5,林燕祝,109年立法委員選舉,首次申報,1080808,個人捐贈收入,林珈汶,Q22*******,10000.00,0.00,,金錢,臺南市永康區****,0930*****,
6,林燕祝,109年立法委員選舉,首次申報,1080821,個人捐贈收入,羅正文,R12*******,2000.00,0.00,,金錢,臺南市永康區****,0956*****,
7,林燕祝,109年立法委員選舉,首次申報,1080826,個人捐贈收入,楊勝凱,R12*******,10000.00,0.00,,金錢,臺南市永康區****,0989*****,
8,林燕祝,109年立法委員選舉,首次申報,1080918,個人捐贈收入,劉水,R10*******,100000.00,0.00,,金錢,臺南市永康區****,0935*****,
9,林燕祝,109年立法委員選舉,首次申報,1080918,個人捐贈收入,李昱緯,R12*******,100000.00,0.00,,金錢,臺南市永康區****,0938*****,
10,林燕祝,109年立法委員選舉,首次申報,1080918,個人捐贈收入,周辰蔚,R12*******,100000.00,0.00,,金錢,臺南市永康區****,0623*****,
11,林燕祝,109年立法委員選舉,首次申報,1080918,個人捐贈收入,楊憲其,R12*******,100000.00,0.00,,金錢,臺南市安平區****,0963*****,
12,林燕祝,109年立法委員選舉,首次申報,1080918,個人捐贈收入,周映廷,R22*******,100000.00,0.00,,金錢,臺南市永康區****,0623*****,
13,林燕祝,109年立法委員選舉,首次申報,1080923,個人捐贈收入,陳明諒,R12*******,100000.00,0.00,,金錢,臺南市永康區****,0620*****,
14,林燕祝,109年立法委員選舉,首次申報,1080923,個人捐贈收入,楊美春,R22*******,100000.00,0.00,,金錢,臺南市永康區****,0620*****,
15,林燕祝,109年立法委員選舉,首次申報,1080925,匿名捐贈,匿名,,1000.00,0.00,,金錢,,,
16,林燕祝,109年立法委員選舉,首次申報,1080925,個人捐贈收入,施文斌,R10*******,10000.00,0.00,,金錢,臺南市永康區****,0932*****,
17,林燕祝,109年立法委員選舉,首次申報,1080927,個人捐贈收入,蔡政翰,R12*******,100000.00,0.00,,金錢,臺南市歸仁區****,0988*****,
18,林燕祝,109年立法委員選舉,首次申報,1080928,個人捐贈收入,莊美貴,P22*******,60000.00,0.00,,金錢,臺南市安平區****,0937*****,
19,林燕祝,109年立法委員選舉,首次申報,1080929,個人捐贈收入,王俐驕,,99.00,0.00,,金錢,臺南市永康區****,0971*****,
20,林燕祝,109年立法委員選舉,首次申報,1080929,個人捐贈收入,鄭春雄,,198.00,0.00,,金錢,臺南市永康區****,0623*****,
21,林燕祝,109年立法委員選舉,首次申報,1080929,個人捐贈收入,陳慶裕,,99.00,0.00,,金錢,臺南市永康區****,0627*****,
22,林燕祝,109年立法委員選舉,首次申報,1080929,個人捐贈收入,柯慧櫻,,99.00,0.00,,金錢,臺南市安南區****,0929*****,
23,林燕祝,109年立法委員選舉,首次申報,1080929,個人捐贈收入,劉金枝,,99.00,0.00,,金錢,臺南市永康區****,0627*****,
24,林燕祝,109年立法委員選舉,首次申報,1080929,個人捐贈收入,方品淳,,99.00,0.00,,金錢,臺南市永康區****,,
25,林燕祝,109年立法委員選舉,首次申報,1080929,個人捐贈收入,薛朝宏,,99.00,0.00,,金錢,臺南市仁德區****,0933*****,
26,林燕祝,109年立法委員選舉,首次申報,1080929,個人捐贈收入,戴銘均,,198.00,0.00,,金錢,臺南市北區大****,0937*****,
27,林燕祝,109年立法委員選舉,首次申報,1080929,個人捐贈收入,毛永強,,99.00,0.00,,金錢,臺南市永康區****,0932*****,
28,林燕祝,109年立法委員選舉,首次申報,1080929,個人捐贈收入,柳植貴,,99.00,0.00,,金錢,臺南市永康區****,0910*****,
29,林燕祝,109年立法委員選舉,首次申報,1080929,個人捐贈收入,李彩婕,,198.00,0.00,,金錢,臺南市南區興****,0927*****,
30,林燕祝,109年立法委員選舉,首次申報,1080929,個人捐贈收入,鄭曉君,,99.00,0.00,,金錢,臺南市麻豆區****,0989*****,
31,林燕祝,109年立法委員選舉,首次申報,1080929,個人捐贈收入,戴銘亨,,99.00,0.00,,金錢,臺南市北區大****,0937*****,
32,林燕祝,109年立法委員選舉,首次申報,1080929,個人捐贈收入,吳秉蓁,,99.00,0.00,,金錢,臺南市永康區****,0960*****,
33,林燕祝,109年立法委員選舉,首次申報,1080929,個人捐贈收入,莊明福,,99.00,0.00,,金錢,臺南市麻豆區****,0929*****,
34,林燕祝,109年立法委員選舉,首次申報,1080929,個人捐贈收入,徐元慶,,99.00,0.00,,金錢,臺南市永康興****,0952*****,
35,林燕祝,109年立法委員選舉,首次申報,1080929,個人捐贈收入,鄭文達,,99.00,0.00,,金錢,臺南市永康區****,0933*****,
36,林燕祝,109年立法委員選舉,首次申報,1080929,個人捐贈收入,張再月,,99.00,0.00,,金錢,臺南市南區大****,0931*****,
37,林燕祝,109年立法委員選舉,首次申報,1080929,個人捐贈收入,朱昆政,,198.00,0.00,,金錢,臺南市新市區****,0936*****,
38,林燕祝,109年立法委員選舉,首次申報,1080929,個人捐贈收入,陳秀英,,99.00,0.00,,金錢,臺南市永康區****,0921*****,
39,林燕祝,109年立法委員選舉,首次申報,1080929,個人捐贈收入,廖國泰,,99.00,0.00,,金錢,臺南市永康區****,0921*****,
40,林燕祝,109年立法委員選舉,首次申報,1080929,個人捐贈收入,周秀香,,99.00,0.00,,金錢,臺南市永康區****,0970*****,
41,林燕祝,109年立法委員選舉,首次申報,1080929,個人捐贈收入,羅月蘭,,99.00,0.00,,金錢,臺南市永康區****,0978*****,
42,林燕祝,109年立法委員選舉,首次申報,1080929,個人捐贈收入,方貴鳳,,99.00,0.00,,金錢,臺南市安南區****,0933*****,
43,林燕祝,109年立法委員選舉,首次申報,1080929,個人捐贈收入,林清平,,198.00,0.00,,金錢,臺南市新市區****,0932*****,
44,林燕祝,109年立法委員選舉,首次申報,1080929,個人捐贈收入,吳義隆,,99.00,0.00,,金錢,臺南市永康區****,0917*****,
45,林燕祝,109年立法委員選舉,首次申報,1080929,個人捐贈收入,吳三安,,99.00,0.00,,金錢,臺南市永康區****,0939*****,
46,林燕祝,109年立法委員選舉,首次申報,1080929,個人捐贈收入,蘇騰豐,,99.00,0.00,,金錢,臺南市永康區****,0623*****,
47,林燕祝,109年立法委員選舉,首次申報,1080929,個人捐贈收入,明逢春,,99.00,0.00,,金錢,臺南市永康區****,0912*****,
48,林燕祝,109年立法委員選舉,首次申報,1080929,個人捐贈收入,鄧友蘭,,99.00,0.00,,金錢,臺南市中西區****,0912*****,
49,林燕祝,109年立法委員選舉,首次申報,1080929,個人捐贈收入,黃麗秋,,99.00,0.00,,金錢,臺南市永康區****,0933*****,
50,林燕祝,109年立法委員選舉,首次申報,1080929,個人捐贈收入,朱莉芳,,99.00,0.00,,金錢,臺南市新化區****,0973*****,
51,林燕祝,109年立法委員選舉,首次申報,1080929,個人捐贈收入,吳國征,,99.00,0.00,,金錢,高雄市左營區****,0972*****,
52,林燕祝,109年立法委員選舉,首次申報,1080929,個人捐贈收入,范明發,,99.00,0.00,,金錢,臺南市北區公****,0928*****,
53,林燕祝,109年立法委員選舉,首次申報,1080929,個人捐贈收入,溫玉姬,,99.00,0.00,,金錢,高雄市岡山區****,0762*****,
54,林燕祝,109年立法委員選舉,首次申報,1080929,個人捐贈收入,楊榮煌,,198.00,0.00,,金錢,臺南市永康區****,0955*****,
55,林燕祝,109年立法委員選舉,首次申報,1080929,個人捐贈收入,陳秀雲,,297.00,0.00,,金錢,高雄市林園區****,0953*****,
56,林燕祝,109年立法委員選舉,首次申報,1080929,匿名捐贈,匿名,,99.00,0.00,,金錢,,,
57,林燕祝,109年立法委員選舉,首次申報,1080929,匿名捐贈,匿名,,198.00,0.00,,金錢,,,
58,林燕祝,109年立法委員選舉,首次申報,1080929,匿名捐贈,匿名,,99.00,0.00,,金錢,,,
59,林燕祝,109年立法委員選舉,首次申報,1080929,營利事業捐贈收入,連高宏有限公司,24426364,10000.00,0.00,,金錢,臺南市永康區****,0920*****,
60,林燕祝,109年立法委員選舉,首次申報,1080929,營利事業捐贈收入,永昇企業社,77063988,3200.00,0.00,,金錢,臺南市新市區****,0928*****,
61,林燕祝,109年立法委員選舉,首次申報,1080929,營利事業捐贈收入,尚聚企業股份有限公司,86408870,20000.00,0.00,,金錢,臺南市新市區****,0935*****,
62,林燕祝,109年立法委員選舉,首次申報,1080929,個人捐贈收入,經旭孝,D10*******,99.00,0.00,,金錢,臺南市左鎮區****,0926*****,
63,林燕祝,109年立法委員選舉,首次申報,1080929,個人捐贈收入,黃武雄,D10*******,99.00,0.00,,金錢,臺南市永康區****,,
64,林燕祝,109年立法委員選舉,首次申報,1080929,個人捐贈收入,邱森源,D10*******,99.00,0.00,,金錢,臺南市東區東****,,
65,林燕祝,109年立法委員選舉,首次申報,1080929,個人捐贈收入,王俊山,D10*******,99.00,0.00,,金錢,臺南市安南區****,0961*****,
66,林燕祝,109年立法委員選舉,首次申報,1080929,個人捐贈收入,黃子庭,D12*******,297.00,0.00,,金錢,臺南市北區開****,0925*****,
67,林燕祝,109年立法委員選舉,首次申報,1080929,個人捐贈收入,胡凌駿,D12*******,198.00,0.00,,金錢,臺南市永康區****,0929*****,
68,林燕祝,109年立法委員選舉,首次申報,1080929,個人捐贈收入,謝健清,D12*******,99.00,0.00,,金錢,臺南市永康區****,0970*****,
69,林燕祝,109年立法委員選舉,首次申報,1080929,個人捐贈收入,陳建宏,D12*******,99.00,0.00,,金錢,臺南市安南區****,0906*****,
70,林燕祝,109年立法委員選舉,首次申報,1080929,個人捐贈收入,吳崇明,D12*******,99.00,0.00,,金錢,臺南市南區中****,0933*****,
71,林燕祝,109年立法委員選舉,首次申報,1080929,個人捐贈收入,劉上駿,D12*******,99.00,0.00,,金錢,臺南市永康區****,,
72,林燕祝,109年立法委員選舉,首次申報,1080929,個人捐贈收入,吳裕嚞,D12*******,2000.00,0.00,,金錢,臺南市東區東****,0956*****,
73,林燕祝,109年立法委員選舉,首次申報,1080929,個人捐贈收入,蔡宜禮,D12*******,99.00,0.00,,金錢,臺南市永康區****,0930*****,
74,林燕祝,109年立法委員選舉,首次申報,1080929,個人捐贈收入,江嵐鑫,D12*******,99.00,0.00,,金錢,臺南市永康區****,0986*****,
75,林燕祝,109年立法委員選舉,首次申報,1080929,個人捐贈收入,施百祿,D12*******,99.00,0.00,,金錢,臺南市南區中****,0905*****,
76,林燕祝,109年立法委員選舉,首次申報,1080929,個人捐贈收入,秦厚芳,D20*******,99.00,0.00,,金錢,臺南市永康區****,0623*****,
77,林燕祝,109年立法委員選舉,首次申報,1080929,個人捐贈收入,王苡芳,D22*******,99.00,0.00,,金錢,臺南市永康區****,0933*****,
78,林燕祝,109年立法委員選舉,首次申報,1080929,個人捐贈收入,陳欣渝,D22*******,99.00,0.00,,金錢,臺南市安平區****,0955*****,
79,林燕祝,109年立法委員選舉,首次申報,1080929,個人捐贈收入,葉惠雀,D22*******,99.00,0.00,,金錢,臺南市永康區****,0926*****,
80,林燕祝,109年立法委員選舉,首次申報,1080929,個人捐贈收入,方櫻諮,D22*******,99.00,0.00,,金錢,臺南市永康區****,0930*****,
81,林燕祝,109年立法委員選舉,首次申報,1080929,個人捐贈收入,王惠蘭,D22*******,99.00,0.00,,金錢,臺南市永康區****,0932*****,
82,林燕祝,109年立法委員選舉,首次申報,1080929,個人捐贈收入,成美雲,D22*******,99.00,0.00,,金錢,臺南市東區裕****,0933*****,
83,林燕祝,109年立法委員選舉,首次申報,1080929,個人捐贈收入,袁美玄,D22*******,99.00,0.00,,金錢,臺南市北區實****,0906*****,
84,林燕祝,109年立法委員選舉,首次申報,1080929,個人捐贈收入,利子嬌,D22*******,99.00,0.00,,金錢,臺南市新化區****,0659*****,
85,林燕祝,109年立法委員選舉,首次申報,1080929,個人捐贈收入,劉薇玲,D22*******,198.00,0.00,,金錢,臺南市東區育****,0916*****,
86,林燕祝,109年立法委員選舉,首次申報,1080929,個人捐贈收入,許王成,E10*******,198.00,0.00,,金錢,高雄市前鎮區****,0907*****,
87,林燕祝,109年立法委員選舉,首次申報,1080929,個人捐贈收入,戴湘台,E10*******,99.00,0.00,,金錢,臺南市永康區****,0961*****,
88,林燕祝,109年立法委員選舉,首次申報,1080929,個人捐贈收入,陳輝煌,E10*******,99.00,0.00,,金錢,高雄市三民區****,0921*****,
89,林燕祝,109年立法委員選舉,首次申報,1080929,個人捐贈收入,文安祿,E12*******,99.00,0.00,,金錢,高雄市岡山區****,0912*****,
90,林燕祝,109年立法委員選舉,首次申報,1080929,個人捐贈收入,許旺盛,E12*******,99.00,0.00,,金錢,臺南市永康區****,0980*****,
91,林燕祝,109年立法委員選舉,首次申報,1080929,個人捐贈收入,謝雄華,E12*******,99.00,0.00,,金錢,臺南市永康區****,0908*****,
92,林燕祝,109年立法委員選舉,首次申報,1080929,個人捐贈收入,鄭清文,E12*******,99.00,0.00,,金錢,高雄市苓雅區****,0933*****,
93,林燕祝,109年立法委員選舉,首次申報,1080929,個人捐贈收入,楊美玲,E22*******,99.00,0.00,,金錢,高雄市楠梓區****,0932*****,
94,林燕祝,109年立法委員選舉,首次申報,1080929,個人捐贈收入,王盈方,E22*******,99.00,0.00,,金錢,臺南市永康區****,0960*****,
95,林燕祝,109年立法委員選舉,首次申報,1080929,個人捐贈收入,李文政,Q12*******,198.00,0.00,,金錢,臺南市永康區****,0952*****,
96,林燕祝,109年立法委員選舉,首次申報,1080929,個人捐贈收入,鄭慶榮,Q12*******,99.00,0.00,,金錢,臺南市永康區****,0939*****,
97,林燕祝,109年立法委員選舉,首次申報,1080929,個人捐贈收入,林樹東,R10*******,99.00,0.00,,金錢,臺南市永康區****,0620*****,
98,林燕祝,109年立法委員選舉,首次申報,1080929,個人捐贈收入,楊萬受,R10*******,99.00,0.00,,金錢,臺南市新化區****,0933*****,
99,林燕祝,109年立法委員選舉,首次申報,1080929,個人捐贈收入,謝坤樹,R10*******,198.00,0.00,,金錢,臺南市永康區****,0627*****,
100,林燕祝,109年立法委員選舉,首次申報,1080929,個人捐贈收入,吳燕霖,R10*******,396.00,0.00,,金錢,臺南市永康區****,0929*****,
101,林燕祝,109年立法委員選舉,首次申報,1080929,個人捐贈收入,胡乾龍,R10*******,99.00,0.00,,金錢,臺南市善化區****,0912*****,
102,林燕祝,109年立法委員選舉,首次申報,1080929,個人捐贈收入,鄭國靖,R10*******,99.00,0.00,,金錢,臺南市永康區****,0620*****,
103,林燕祝,109年立法委員選舉,首次申報,1080929,個人捐贈收入,王水堂,R10*******,99.00,0.00,,金錢,臺南市東區崇****,0958*****,
104,林燕祝,109年立法委員選舉,首次申報,1080929,個人捐贈收入,黃茂寅,R10*******,99.00,0.00,,金錢,臺南市永康區****,0625*****,
105,林燕祝,109年立法委員選舉,首次申報,1080929,個人捐贈收入,楊進步,R10*******,198.00,0.00,,金錢,臺南市東區仁****,0626*****,
106,林燕祝,109年立法委員選舉,首次申報,1080929,個人捐贈收入,侯程寬,R12*******,99.00,0.00,,金錢,臺南市永康區****,0915*****,
107,林燕祝,109年立法委員選舉,首次申報,1080929,個人捐贈收入,林文祥,R12*******,198.00,0.00,,金錢,臺南市新化區****,0937*****,
108,林燕祝,109年立法委員選舉,首次申報,1080929,個人捐贈收入,陳銘菘,R12*******,99.00,0.00,,金錢,臺南市新化區****,0659*****,
109,林燕祝,109年立法委員選舉,首次申報,1080929,個人捐贈收入,王亦文,R12*******,297.00,0.00,,金錢,臺南市永康區****,0972*****,
110,林燕祝,109年立法委員選舉,首次申報,1080929,個人捐贈收入,胡文祥,R12*******,198.00,0.00,,金錢,臺南市善化區****,0936*****,
111,林燕祝,109年立法委員選舉,首次申報,1080929,個人捐贈收入,鄭清全,R12*******,198.00,0.00,,金錢,臺南市山上區****,0986*****,
112,林燕祝,109年立法委員選舉,首次申報,1080929,個人捐贈收入,陳春得,R12*******,99.00,0.00,,金錢,臺南市永康區****,0927*****,
113,林燕祝,109年立法委員選舉,首次申報,1080929,個人捐贈收入,廖建發,R12*******,99.00,0.00,,金錢,臺南市永康區****,0978*****,
114,林燕祝,109年立法委員選舉,首次申報,1080929,個人捐贈收入,李承昌,R12*******,297.00,0.00,,金錢,臺南市永康區****,0982*****,
115,林燕祝,109年立法委員選舉,首次申報,1080929,個人捐贈收入,李鎮國,R12*******,396.00,0.00,,金錢,臺南市永康區****,0926*****,
116,林燕祝,109年立法委員選舉,首次申報,1080929,個人捐贈收入,曾文俊,R12*******,396.00,0.00,,金錢,臺南市永康區****,0955*****,
117,林燕祝,109年立法委員選舉,首次申報,1080929,個人捐贈收入,霍國祥,R12*******,99.00,0.00,,金錢,臺南市永康區****,0936*****,
118,林燕祝,109年立法委員選舉,首次申報,1080929,個人捐贈收入,藍引添,R12*******,198.00,0.00,,金錢,臺南市東區崇****,0960*****,
119,林燕祝,109年立法委員選舉,首次申報,1080929,個人捐贈收入,王興華,R12*******,99.00,0.00,,金錢,臺南市永康區****,0986*****,
120,林燕祝,109年立法委員選舉,首次申報,1080929,個人捐贈收入,張鴻友,R12*******,99.00,0.00,,金錢,臺南市永康區****,0933*****,
121,林燕祝,109年立法委員選舉,首次申報,1080929,個人捐贈收入,李春發,R12*******,198.00,0.00,,金錢,臺南市永康區****,0929*****,
122,林燕祝,109年立法委員選舉,首次申報,1080929,個人捐贈收入,吳深濤,R12*******,297.00,0.00,,金錢,臺南市永康區****,0915*****,
123,林燕祝,109年立法委員選舉,首次申報,1080929,個人捐贈收入,方品鈞,R12*******,99.00,0.00,,金錢,臺南市永康區****,0909*****,
124,林燕祝,109年立法委員選舉,首次申報,1080929,個人捐贈收入,王玖智,R12*******,99.00,0.00,,金錢,臺南市永康區****,0987*****,
125,林燕祝,109年立法委員選舉,首次申報,1080929,個人捐贈收入,王俊雄,R12*******,198.00,0.00,,金錢,臺南市永康區****,0933*****,
126,林燕祝,109年立法委員選舉,首次申報,1080929,個人捐贈收入,周振興,R12*******,99.00,0.00,,金錢,臺南市仁德區****,0932*****,
127,林燕祝,109年立法委員選舉,首次申報,1080929,個人捐贈收入,黃國和,R12*******,99.00,0.00,,金錢,臺南市永康區****,0907*****,
128,林燕祝,109年立法委員選舉,首次申報,1080929,個人捐贈收入,李協益,R12*******,297.00,0.00,,金錢,臺南市新化區****,0955*****,
129,林燕祝,109年立法委員選舉,首次申報,1080929,個人捐贈收入,陳憲志,R12*******,198.00,0.00,,金錢,臺南市安定區****,0912*****,
130,林燕祝,109年立法委員選舉,首次申報,1080929,個人捐贈收入,吳財明,R12*******,99.00,0.00,,金錢,臺南市永康區****,0922*****,
131,林燕祝,109年立法委員選舉,首次申報,1080929,個人捐贈收入,陳金龍,R12*******,99.00,0.00,,金錢,臺南市永康區****,0627*****,
132,林燕祝,109年立法委員選舉,首次申報,1080929,個人捐贈收入,謝金桃,R20*******,99.00,0.00,,金錢,臺南市永康區****,0620*****,
133,林燕祝,109年立法委員選舉,首次申報,1080929,個人捐贈收入,卓家華,R20*******,99.00,0.00,,金錢,臺南市南區健****,0986*****,
134,林燕祝,109年立法委員選舉,首次申報,1080929,個人捐贈收入,毛素娥,R20*******,99.00,0.00,,金錢,臺南市永康區****,0620*****,
135,林燕祝,109年立法委員選舉,首次申報,1080929,個人捐贈收入,陳金蓮,R20*******,198.00,0.00,,金錢,臺南市永康區****,0627*****,
136,林燕祝,109年立法委員選舉,首次申報,1080929,個人捐贈收入,王慧雯,R22*******,99.00,0.00,,金錢,臺南市永康區****,0937*****,
137,林燕祝,109年立法委員選舉,首次申報,1080929,個人捐贈收入,時張玉華,R22*******,198.00,0.00,,金錢,臺南市永康區****,0631*****,
138,林燕祝,109年立法委員選舉,首次申報,1080929,個人捐贈收入,林美惠,R22*******,99.00,0.00,,金錢,臺南市永康區****,0958*****,
139,林燕祝,109年立法委員選舉,首次申報,1080929,個人捐贈收入,侯清燕,R22*******,99.00,0.00,,金錢,臺南市永康區****,0952*****,
140,林燕祝,109年立法委員選舉,首次申報,1080929,個人捐贈收入,朱桃,R22*******,99.00,0.00,,金錢,臺南市永康區****,0963*****,
141,林燕祝,109年立法委員選舉,首次申報,1080929,個人捐贈收入,董明華,R22*******,198.00,0.00,,金錢,臺南市永康區****,0922*****,
142,林燕祝,109年立法委員選舉,首次申報,1080929,個人捐贈收入,許月娥,R22*******,297.00,0.00,,金錢,臺南市永康區****,0912*****,
143,林燕祝,109年立法委員選舉,首次申報,1080929,個人捐贈收入,阮奕嘉,R22*******,396.00,0.00,,金錢,臺南市永康區****,0983*****,
144,林燕祝,109年立法委員選舉,首次申報,1080929,個人捐贈收入,潘秀蘭,R22*******,99.00,0.00,,金錢,臺南市永康區****,0983*****,
145,林燕祝,109年立法委員選舉,首次申報,1080929,個人捐贈收入,陳雅玲,R22*******,99.00,0.00,,金錢,臺南市永康區****,0620*****,
146,林燕祝,109年立法委員選舉,首次申報,1080929,個人捐贈收入,楊淑雅,R22*******,99.00,0.00,,金錢,臺南市永康區****,0620*****,
147,林燕祝,109年立法委員選舉,首次申報,1080929,個人捐贈收入,段麗芬,R22*******,198.00,0.00,,金錢,臺南市新市區****,0979*****,
148,林燕祝,109年立法委員選舉,首次申報,1080929,個人捐贈收入,謝祈全,S12*******,198.00,0.00,,金錢,臺南市永康區****,0916*****,
149,林燕祝,109年立法委員選舉,首次申報,1080929,個人捐贈收入,温良貴,S12*******,198.00,0.00,,金錢,高雄市楠梓區****,0972*****,
150,林燕祝,109年立法委員選舉,首次申報,1080929,個人捐贈收入,石靖好,S20*******,2000.00,0.00,,金錢,臺南市永康區****,0915*****,
151,林燕祝,109年立法委員選舉,首次申報,1080929,個人捐贈收入,劉黃蜜,S20*******,99.00,0.00,,金錢,高雄市永安區****,0723*****,
152,林燕祝,109年立法委員選舉,首次申報,1080929,個人捐贈收入,丁梅英,S22*******,99.00,0.00,,金錢,臺南市永康區****,0623*****,
153,林燕祝,109年立法委員選舉,首次申報,1080929,個人捐贈收入,許嘉真,S22*******,99.00,0.00,,金錢,臺南市東區裕****,0939*****,
154,林燕祝,109年立法委員選舉,首次申報,1080929,個人捐贈收入,鍾美蘭,S22*******,99.00,0.00,,金錢,臺南市永康區****,0933*****,
155,林燕祝,109年立法委員選舉,首次申報,1080929,個人捐贈收入,陳劉美賢,S22*******,99.00,0.00,,金錢,臺南市永康區****,0627*****,
156,林燕祝,109年立法委員選舉,首次申報,1080929,個人捐贈收入,盧碧玉,S22*******,99.00,0.00,,金錢,臺南市永康區****,0929*****,
157,林燕祝,109年立法委員選舉,首次申報,1080929,個人捐贈收入,曾玉箱,S22*******,99.00,0.00,,金錢,臺南市六甲區****,0982*****,
158,林燕祝,109年立法委員選舉,首次申報,1080929,個人捐贈收入,林素貞,S22*******,99.00,0.00,,金錢,臺南市新化區****,0929*****,
159,林燕祝,109年立法委員選舉,首次申報,1080929,個人捐贈收入,盧葉美蓮,S22*******,99.00,0.00,,金錢,高雄市鳳山區****,0976*****,
160,林燕祝,109年立法委員選舉,首次申報,1080929,個人捐贈收入,陳其福,T10*******,99.00,0.00,,金錢,臺南市永康區****,0929*****,
161,林燕祝,109年立法委員選舉,首次申報,1080929,個人捐贈收入,郭廷琦,T12*******,500.00,0.00,,金錢,高雄市左營區****,0734*****,
162,林燕祝,109年立法委員選舉,首次申報,1080929,個人捐贈收入,邱大恭,T12*******,99.00,0.00,,金錢,臺南市西港區****,0679*****,
163,林燕祝,109年立法委員選舉,首次申報,1080929,個人捐贈收入,郭勝利,T12*******,99.00,0.00,,金錢,臺南市安南區****,0920*****,
164,林燕祝,109年立法委員選舉,首次申報,1080929,個人捐贈收入,江陳碧珍,T20*******,99.00,0.00,,金錢,屏東縣長治鄉****,0926*****,
165,林燕祝,109年立法委員選舉,首次申報,1080929,個人捐贈收入,蔡嬌娥,T20*******,99.00,0.00,,金錢,臺南市永康區****,0631*****,
166,林燕祝,109年立法委員選舉,首次申報,1080929,個人捐贈收入,陳豊城,V10*******,99.00,0.00,,金錢,臺南市龍崎區****,0935*****,
167,林燕祝,109年立法委員選舉,首次申報,1080929,個人捐贈收入,胡瑞忠,V12*******,297.00,0.00,,金錢,臺南市永康區****,0910*****,
168,林燕祝,109年立法委員選舉,首次申報,1080929,個人捐贈收入,鄭智陽,X12*******,99.00,0.00,,金錢,臺南市永康區****,0623*****,
169,林燕祝,109年立法委員選舉,首次申報,1080929,個人捐贈收入,林再傳,X12*******,99.00,0.00,,金錢,臺南市永康區****,0620*****,
170,林燕祝,109年立法委員選舉,首次申報,1080929,個人捐贈收入,秦良淑,X22*******,99.00,0.00,,金錢,澎湖縣馬公市****,0919*****,
171,林燕祝,109年立法委員選舉,首次申報,1080930,個人捐贈收入,許永坤,D10*******,5000.00,0.00,,金錢,臺南市北區自****,0933*****,
172,林燕祝,109年立法委員選舉,首次申報,1080930,個人捐贈收入,王志龍,E12*******,50000.00,0.00,,金錢,高雄市左營區****,0952*****,
173,林燕祝,109年立法委員選舉,首次申報,1081001,營利事業捐贈收入,享勵工業股份有限公司,22083406,100000.00,0.00,,金錢,臺南市永康區****,0932*****,
174,林燕祝,109年立法委員選舉,首次申報,1081003,營利事業捐贈收入,南佳工程有限公司,36670783,10000.00,0.00,,金錢,臺南市永康區****,0919*****,
175,林燕祝,109年立法委員選舉,首次申報,1081003,營利事業捐贈收入,龍鋒企業股份有限公司,73653920,100000.00,0.00,,金錢,臺南市永康區****,0623*****,
176,林燕祝,109年立法委員選舉,首次申報,1081003,個人捐贈收入,林崇鎰,R12*******,100000.00,0.00,,金錢,臺南市永康區****,0623*****,
177,林燕祝,109年立法委員選舉,首次申報,1081003,個人捐贈收入,林世淇,R12*******,100000.00,0.00,,金錢,臺南市東區林****,0623*****,
178,林燕祝,109年立法委員選舉,首次申報,1081005,營利事業捐贈收入,隆豐不動產投資有限公司,59123210,100000.00,0.00,,金錢,高雄市苓雅區****,0910*****,
179,林燕祝,109年立法委員選舉,首次申報,1081005,營利事業捐贈收入,金上吉塑膠股份有限公司,89905351,100000.00,0.00,,金錢,臺南市安南區****,0624*****,
180,林燕祝,109年立法委員選舉,首次申報,1081005,個人捐贈收入,劉玉雪,S22*******,100000.00,0.00,,金錢,臺南市歸仁區****,0901*****,
181,林燕祝,109年立法委員選舉,首次申報,1081008,營利事業捐贈收入,隆豐不動產投資有限公司,59123210,200000.00,0.00,,金錢,高雄市苓雅區****,0910*****,
182,林燕祝,109年立法委員選舉,首次申報,1081013,個人捐贈收入,李明德,R12*******,6000.00,0.00,,金錢,臺南市新市區****,0979*****,
183,林燕祝,109年立法委員選舉,首次申報,1081014,個人捐贈收入,黃進學,R12*******,10000.00,0.00,,金錢,臺南市新市區****,0903*****,
184,林燕祝,109年立法委員選舉,首次申報,1081016,個人捐贈收入,陳月勝,,100.00,0.00,,金錢,臺南市仁德區****,0970*****,
185,林燕祝,109年立法委員選舉,首次申報,1081016,個人捐贈收入,莊惠美,,100.00,0.00,,金錢,臺南市永康區****,0956*****,
186,林燕祝,109年立法委員選舉,首次申報,1081016,個人捐贈收入,許景涼,R12*******,5000.00,0.00,,金錢,臺南市永康區****,0921*****,
187,林燕祝,109年立法委員選舉,首次申報,1081016,個人捐贈收入,蔡政賢,R12*******,2000.00,0.00,,金錢,臺南市東區小****,0920*****,
188,林燕祝,109年立法委員選舉,首次申報,1081016,個人捐贈收入,李明德,R12*******,2000.00,0.00,,金錢,臺南市新市區****,0979*****,
189,林燕祝,109年立法委員選舉,首次申報,1081025,個人捐贈收入,曾春江,R12*******,1000.00,0.00,,金錢,臺南市永康區****,0931*****,
190,林燕祝,109年立法委員選舉,首次申報,1081029,營利事業捐贈收入,和緯機械工業股份有限公司,64965747,300000.00,0.00,,金錢,臺南市永康區****,0625*****,
191,林燕祝,109年立法委員選舉,首次申報,1081029,個人捐贈收入,李永碧,R17*******,10000.00,0.00,,金錢,臺南市永康區****,0925*****,
192,林燕祝,109年立法委員選舉,首次申報,1081030,營利事業捐贈收入,上升水電工程有限公司,73679409,10000.00,0.00,,金錢,臺南市永康區****,0627*****,
193,林燕祝,109年立法委員選舉,首次申報,1081030,個人捐贈收入,蘇素涼,R22*******,20000.00,0.00,,金錢,臺南市新市區****,0935*****,
194,林燕祝,109年立法委員選舉,首次申報,1081031,個人捐贈收入,尤英鳳,D22*******,50000.00,0.00,,金錢,臺南市北區文****,0911*****,
195,林燕祝,109年立法委員選舉,首次申報,1081031,個人捐贈收入,林順菊,J20*******,36000.00,0.00,,金錢,新竹市武陵路****,0972*****,
196,林燕祝,109年立法委員選舉,首次申報,1081108,匿名捐贈,匿名,,2000.00,0.00,,金錢,,,
197,林燕祝,109年立法委員選舉,首次申報,1081108,營利事業捐贈收入,大邁印刷有限公司,79974934,10000.00,0.00,,金錢,中央路巷號****,0625*****,
198,林燕祝,109年立法委員選舉,首次申報,1081108,個人捐贈收入,謝明峰,A12*******,100000.00,0.00,,金錢,臺北市內湖區****,,
199,林燕祝,109年立法委員選舉,首次申報,1081108,個人捐贈收入,謝明軒,A12*******,100000.00,0.00,,金錢,臺北市中山區****,,
200,林燕祝,109年立法委員選舉,首次申報,1081108,個人捐贈收入,謝明樹,A12*******,100000.00,0.00,,金錢,臺北市內湖區****,,
201,林燕祝,109年立法委員選舉,首次申報,1081108,個人捐贈收入,陳靜琪,F22*******,100000.00,0.00,,金錢,臺北市內湖區****,,
202,林燕祝,109年立法委員選舉,首次申報,1081108,個人捐贈收入,洪雅芳,L22*******,100000.00,0.00,,金錢,臺北市中山區****,,
203,林燕祝,109年立法委員選舉,首次申報,1081111,匿名捐贈,匿名,,500.00,0.00,,金錢,,,
204,林燕祝,109年立法委員選舉,首次申報,1081111,個人捐贈收入,陳世菖,D10*******,100000.00,0.00,,金錢,臺南市安平區****,0932*****,
205,林燕祝,109年立法委員選舉,首次申報,1081112,個人捐贈收入,李明德,R12*******,11000.00,0.00,,金錢,臺南市新市區****,0979*****,
206,林燕祝,109年立法委員選舉,首次申報,1081114,個人捐贈收入,陳信元,R12*******,10000.00,0.00,,金錢,臺南市永康區****,0927*****,
207,林燕祝,109年立法委員選舉,首次申報,1081115,個人捐贈收入,李典翰,R12*******,1600.00,0.00,,金錢,臺南市永康區****,0972*****,
208,林燕祝,109年立法委員選舉,首次申報,1081118,匿名捐贈,匿名,,500.00,0.00,,金錢,,,
209,林燕祝,109年立法委員選舉,首次申報,1081119,個人捐贈收入,洪德勝,E10*******,100000.00,0.00,,金錢,臺南市永康區****,,
210,林燕祝,109年立法委員選舉,首次申報,1081119,個人捐贈收入,許滄淵,R10*******,10000.00,0.00,,金錢,臺南市新化區****,0932*****,
211,林燕祝,109年立法委員選舉,首次申報,1081119,個人捐贈收入,陳玉賢,S12*******,100000.00,0.00,,金錢,臺南市永康區****,,
212,林燕祝,109年立法委員選舉,首次申報,1081121,人民團體捐贈收入,臺南市大台南不動產開發商業同業公會,,200000.00,0.00,,金錢,臺南市永康區****,06-3*****,
213,林燕祝,109年立法委員選舉,首次申報,1081125,匿名捐贈,匿名,,1000.00,0.00,,金錢,,,
214,林燕祝,109年立法委員選舉,首次申報,1081125,營利事業捐贈收入,宥陞企業社,99131686,6000.00,0.00,,金錢,臺南市永康區****,0973*****,
215,林燕祝,109年立法委員選舉,首次申報,1081125,個人捐贈收入,楊裕聰,D10*******,300.00,0.00,,金錢,臺南市中西區****,0625*****,
216,林燕祝,109年立法委員選舉,首次申報,1081125,個人捐贈收入,黃全騰,R12*******,60000.00,0.00,,金錢,臺南市佳里區****,0982*****,
217,林燕祝,109年立法委員選舉,首次申報,1081126,匿名捐贈,匿名,,500.00,0.00,,金錢,,,
218,林燕祝,109年立法委員選舉,首次申報,1081126,個人捐贈收入,王明欽,,2000.00,0.00,,金錢,臺南市永康區****,0929*****,
219,林燕祝,109年立法委員選舉,首次申報,1081126,匿名捐贈,匿名1,,2000.00,0.00,,金錢,,,
220,林燕祝,109年立法委員選舉,首次申報,1081127,個人捐贈收入,林政賢,,2000.00,0.00,,金錢,桃園市桃園區****,0913*****,
221,林燕祝,109年立法委員選舉,首次申報,1081127,個人捐贈收入,張永龍,D12*******,5000.00,0.00,,金錢,臺南市永康區****,0981*****,
222,林燕祝,109年立法委員選舉,首次申報,1081127,個人捐贈收入,謝水滿,R10*******,10000.00,0.00,,金錢,臺南市永康區****,0936*****,
223,林燕祝,109年立法委員選舉,首次申報,1081127,個人捐贈收入,徐影洹,R12*******,50000.00,0.00,,金錢,臺南市新化區****,0933*****,
224,林燕祝,109年立法委員選舉,首次申報,1081129,匿名捐贈,匿名,,500.00,0.00,,金錢,,,
225,林燕祝,109年立法委員選舉,首次申報,1081129,個人捐贈收入,錢坤志,H12*******,100000.00,0.00,,金錢,臺南市東區裕****,,
226,林燕祝,109年立法委員選舉,首次申報,1081129,個人捐贈收入,張庭禎,R12*******,100000.00,0.00,,金錢,臺南市永康區****,0955*****,
227,林燕祝,109年立法委員選舉,首次申報,1081202,匿名捐贈,匿名,,2000.00,0.00,,金錢,,,
228,林燕祝,109年立法委員選舉,首次申報,1081202,個人捐贈收入,張又懿,,3000.00,0.00,,金錢,臺北市松山區****,0937*****,
229,林燕祝,109年立法委員選舉,首次申報,1081202,營利事業捐贈收入,宜伸企業股份有限公司,72193152,60000.00,0.00,,金錢,臺南市永康區****,0623*****,
230,林燕祝,109年立法委員選舉,首次申報,1081203,個人捐贈收入,吳美惠,,1000.00,0.00,,金錢,臺南市永康區****,0926*****,
231,林燕祝,109年立法委員選舉,首次申報,1081203,匿名捐贈,匿名,,2000.00,0.00,,金錢,,,
232,林燕祝,109年立法委員選舉,首次申報,1081203,個人捐贈收入,曾進田,R10*******,3000.00,0.00,,金錢,臺南市永康區****,,
233,林燕祝,109年立法委員選舉,首次申報,1081204,個人捐贈收入,徐瑞森,,2000.00,0.00,,金錢,臺南市安平區****,,
234,林燕祝,109年立法委員選舉,首次申報,1081204,個人捐贈收入,洪榮章,D12*******,100000.00,0.00,,金錢,臺南市永康區****,0623*****,
235,林燕祝,109年立法委員選舉,首次申報,1081204,個人捐贈收入,李金村,R10*******,10000.00,0.00,,非金錢,臺南市永康區****,0933*****,
236,林燕祝,109年立法委員選舉,首次申報,1081204,個人捐贈收入,陳美香,R20*******,10000.00,0.00,,金錢,臺南市玉井區****,0933*****,
237,林燕祝,109年立法委員選舉,首次申報,1081205,營利事業捐贈收入,兆飛鴻有限公司,45891858,200000.00,0.00,,金錢,臺南市安平區****,,
238,林燕祝,109年立法委員選舉,首次申報,1081205,個人捐贈收入,劉信雄,R10*******,100000.00,0.00,,金錢,臺北市大安區****,,
239,林燕祝,109年立法委員選舉,首次申報,1081206,個人捐贈收入,黃麗秋,,2000.00,0.00,,金錢,臺南市永康區****,,
240,林燕祝,109年立法委員選舉,首次申報,1081207,個人捐贈收入,蔡銓增,B10*******,3000.00,0.00,,金錢,臺南市新市區****,,
241,林燕祝,109年立法委員選舉,首次申報,1081209,個人捐贈收入,郭世賢,D12*******,100000.00,0.00,,金錢,臺南市安南區****,0958*****,
242,林燕祝,109年立法委員選舉,首次申報,1081209,個人捐贈收入,謝賢讀,R10*******,20000.00,0.00,,金錢,臺南市新市區****,0929*****,
243,林燕祝,109年立法委員選舉,首次申報,1081209,個人捐贈收入,蔡茂登,R10*******,10000.00,0.00,,金錢,臺南市新市區****,0912*****,
244,林燕祝,109年立法委員選舉,首次申報,1081209,個人捐贈收入,鄭淑雲,R20*******,3000.00,0.00,,金錢,臺南市新市區****,,
245,林燕祝,109年立法委員選舉,首次申報,1081210,個人捐贈收入,王麗福,R10*******,2000.00,0.00,,金錢,臺南市新化區****,0659*****,
246,林燕祝,109年立法委員選舉,首次申報,1081210,個人捐贈收入,沈水柱,R10*******,5000.00,0.00,,金錢,臺南市新化區****,0928*****,
247,林燕祝,109年立法委員選舉,首次申報,1081211,匿名捐贈,匿名,,2000.00,0.00,,金錢,,,
248,林燕祝,109年立法委員選舉,首次申報,1081211,營利事業捐贈收入,勤晟工業股份有限公司,22273813,300000.00,0.00,,金錢,臺南市安定區****,0659*****,
249,林燕祝,109年立法委員選舉,首次申報,1081211,個人捐贈收入,林進福,R10*******,5000.00,0.00,,金錢,臺南市新化區****,0659*****,
250,林燕祝,109年立法委員選舉,首次申報,1081211,個人捐贈收入,朱忠隆,R10*******,1000.00,0.00,,金錢,臺南市新化區****,0659*****,
251,林燕祝,109年立法委員選舉,首次申報,1081212,營利事業捐贈收入,佳大世界股份有限公司,72072615,200000.00,0.00,,金錢,臺南市永康區****,0625*****,
252,林燕祝,109年立法委員選舉,首次申報,1081212,個人捐贈收入,陳崇能,R10*******,10000.00,0.00,,金錢,臺南市新化區****,0659*****,
253,林燕祝,109年立法委員選舉,首次申報,1081213,匿名捐贈,匿名,,2000.00,0.00,,金錢,,,
254,林燕祝,109年立法委員選舉,首次申報,1081213,營利事業捐贈收入,福昌協益有限公司,54077053,5000.00,0.00,,金錢,臺南市永康區****,0956*****,
255,林燕祝,109年立法委員選舉,首次申報,1081213,營利事業捐贈收入,得禎興業有限公司,97419276,100000.00,0.00,,金錢,臺南市永康區****,,
256,林燕祝,109年立法委員選舉,首次申報,1081216,匿名捐贈,匿名,,2020.00,0.00,,金錢,,,
257,林燕祝,109年立法委員選舉,首次申報,1081216,個人捐贈收入,吳麗雲,P20*******,3000.00,0.00,,金錢,臺南市新化區****,0659*****,
258,林燕祝,109年立法委員選舉,首次申報,1081216,個人捐贈收入,吳孟蓉,T22*******,12000.00,0.00,,金錢,臺南市永康區****,0905*****,
259,林燕祝,109年立法委員選舉,首次申報,1081217,匿名捐贈,匿名,,3000.00,0.00,,金錢,,,
260,林燕祝,109年立法委員選舉,首次申報,1081219,個人捐贈收入,王俊凱,R12*******,6000.00,0.00,,金錢,臺南市新化區****,0928*****,
261,林燕祝,109年立法委員選舉,首次申報,1081220,人民團體捐贈收入,中華民國工商建設研究會,,50000.00,0.00,,金錢,臺北市大安區****,02-2*****,
262,林燕祝,109年立法委員選舉,首次申報,1081220,個人捐贈收入,施來興,,3000.00,0.00,,金錢,臺北市中山區****,0955*****,
263,林燕祝,109年立法委員選舉,首次申報,1081220,營利事業捐贈收入,巨將隆工程股份有限公司,16362289,50000.00,0.00,,金錢,臺南市永康區****,0620*****,
264,林燕祝,109年立法委員選舉,首次申報,1081220,營利事業捐贈收入,宣禹實業股份有限公司,86209422,100000.00,0.00,,金錢,臺南市山上區****,,
265,林燕祝,109年立法委員選舉,首次申報,1081221,其他收入,利息收入,,646.00,0.00,,金錢,,,
266,林燕祝,109年立法委員選舉,首次申報,1081221,營利事業捐贈收入,福隆精工專業股份有限公司,28653831,6000.00,0.00,,金錢,臺南市永康區****,0623*****,
267,林燕祝,109年立法委員選舉,首次申報,1081223,個人捐贈收入,曾建華,T10*******,6600.00,0.00,,金錢,臺南市永康區****,0928*****,
268,林燕祝,109年立法委員選舉,首次申報,1081224,政黨捐贈收入,中國國民黨,政黨證字第1號,100000.00,0.00,,金錢,台北市中山區****,(02)*****,
269,林燕祝,109年立法委員選舉,首次申報,1081225,個人捐贈收入,陳榮泰,R12*******,50000.00,0.00,,金錢,臺南市歸仁區****,,
270,林燕祝,109年立法委員選舉,首次申報,1081225,個人捐贈收入,陳宛榛,R22*******,50000.00,0.00,,金錢,臺南市仁德區****,,
271,林燕祝,109年立法委員選舉,首次申報,1081225,個人捐贈收入,柯秀娥,T22*******,500.00,0.00,,金錢,臺南市永康區****,0919*****,
272,林燕祝,109年立法委員選舉,首次申報,1081227,個人捐贈收入,謝文裕,R10*******,5000.00,0.00,,金錢,臺南市東區富****,0933*****,
273,林燕祝,109年立法委員選舉,首次申報,1081227,個人捐贈收入,林玉雲,R22*******,2000.00,0.00,,金錢,臺南市永康區****,,
274,林燕祝,109年立法委員選舉,首次申報,1081229,個人捐贈收入,郭明陽,R12*******,30000.00,0.00,,金錢,臺南市永康區****,0919*****,
275,林燕祝,109年立法委員選舉,首次申報,1081230,匿名捐贈,匿名,,1000.00,0.00,,金錢,,,
276,林燕祝,109年立法委員選舉,首次申報,1081230,個人捐贈收入,陳淑英,E20*******,1000.00,0.00,,金錢,臺南市永康區****,0630*****,
277,林燕祝,109年立法委員選舉,首次申報,1081230,個人捐贈收入,張蔡枝珍,P22*******,2000.00,0.00,,金錢,臺南市永康區****,0932*****,
278,林燕祝,109年立法委員選舉,首次申報,1081231,營利事業捐贈收入,永登瀝青有限公司,28131778,200000.00,0.00,,金錢,臺南市新市區****,0659*****,
279,林燕祝,109年立法委員選舉,首次申報,1081231,營利事業捐贈收入,佳新鈴木汽車股份有限公司,53166937,100000.00,0.00,,金錢,臺南市東區中****,0625*****,
280,林燕祝,109年立法委員選舉,首次申報,1081231,營利事業捐贈收入,宏潤交通器材股份有限公司,73660984,20000.00,0.00,,金錢,臺南市仁德區****,0627*****,
281,林燕祝,109年立法委員選舉,首次申報,1081231,營利事業捐贈收入,益旺工程行,74950265,20000.00,0.00,,金錢,臺南市永康區****,0623*****,
282,林燕祝,109年立法委員選舉,首次申報,1081231,個人捐贈收入,吳連助,D10*******,100000.00,0.00,,金錢,臺南市北區文****,,
283,林燕祝,109年立法委員選舉,首次申報,1081231,個人捐贈收入,翁茂鍾,D10*******,100000.00,0.00,,金錢,臺南市官田區****,0910*****,
284,林燕祝,109年立法委員選舉,首次申報,1081231,個人捐贈收入,吳淑惠,D22*******,100000.00,0.00,,金錢,臺南市北區文****,,
285,林燕祝,109年立法委員選舉,首次申報,1081231,個人捐贈收入,吳思慧,D22*******,100000.00,0.00,,金錢,臺南市北區文****,,
286,林燕祝,109年立法委員選舉,首次申報,1081231,個人捐贈收入,呂季璇,E22*******,50000.00,0.00,,金錢,臺南市永康區****,0910*****,
287,林燕祝,109年立法委員選舉,首次申報,1081231,個人捐贈收入,宋雅慧,F22*******,100000.00,0.00,,金錢,臺南市永康區****,0620*****,
288,林燕祝,109年立法委員選舉,首次申報,1081231,個人捐贈收入,王志成,P12*******,100000.00,0.00,,金錢,臺南市永康區****,0620*****,
289,林燕祝,109年立法委員選舉,首次申報,1081231,個人捐贈收入,康登春,R10*******,100000.00,0.00,,金錢,臺南市東區中****,0933*****,
290,林燕祝,109年立法委員選舉,首次申報,1081231,個人捐贈收入,林茂弘,R12*******,500.00,0.00,,金錢,臺南市永康區****,0920*****,
291,林燕祝,109年立法委員選舉,首次申報,1090101,個人捐贈收入,楊文誥,R12*******,600.00,0.00,,金錢,臺南市永康區****,0928*****,
292,林燕祝,109年立法委員選舉,首次申報,1090102,個人捐贈收入,李永利,D12*******,12000.00,0.00,,金錢,臺南市新化區****,0659*****,
293,林燕祝,109年立法委員選舉,首次申報,1090103,營利事業捐贈收入,柏宏貿易股份有限公司,22570882,500000.00,0.00,,金錢,臺南市永康區****,,
294,林燕祝,109年立法委員選舉,首次申報,1090103,營利事業捐贈收入,好帝一食品有限公司,69672278,500000.00,0.00,,金錢,臺南市新市區****,,
295,林燕祝,109年立法委員選舉,首次申報,1090103,個人捐贈收入,蔡政翰,R12*******,100000.00,0.00,,金錢,臺南市歸仁區****,0988*****,
296,林燕祝,109年立法委員選舉,首次申報,1090106,匿名捐贈,匿名,,6000.00,0.00,,金錢,,,
297,林燕祝,109年立法委員選舉,首次申報,1090106,匿名捐贈,匿名1,,2000.00,0.00,,金錢,,,
298,林燕祝,109年立法委員選舉,首次申報,1090106,匿名捐贈,匿名2,,5000.00,0.00,,金錢,,,
299,林燕祝,109年立法委員選舉,首次申報,1090106,個人捐贈收入,楊中正,T12*******,3000.00,0.00,,金錢,臺南市東區裕****,0980*****,
300,林燕祝,109年立法委員選舉,首次申報,1090108,個人捐贈收入,王志賢,,2000.00,0.00,,金錢,臺南市永康區****,0919*****,
301,林燕祝,109年立法委員選舉,首次申報,1090109,營利事業捐贈收入,統芳生物科技股份有限公司,86956550,50000.00,0.00,,金錢,臺南市永康區****,0623*****,
302,林燕祝,109年立法委員選舉,首次申報,1090109,個人捐贈收入,鄭添福,S12*******,5000.00,0.00,,金錢,臺南市永康區****,0956*****,
303,林燕祝,109年立法委員選舉,首次申報,1090110,匿名捐贈,匿名,,2000.00,0.00,,金錢,,,
304,林燕祝,109年立法委員選舉,首次申報,1090110,營利事業捐贈收入,豐偉紙器有限公司,73692923,20000.00,0.00,,金錢,臺南市永康區****,0623*****,
305,林燕祝,109年立法委員選舉,首次申報,1090110,個人捐贈收入,吳連助,D10*******,100000.00,0.00,,金錢,臺南市北區文****,,
306,林燕祝,109年立法委員選舉,首次申報,1090110,個人捐贈收入,吳淑惠,D22*******,100000.00,0.00,,金錢,臺南市北區文****,,
307,林燕祝,109年立法委員選舉,首次申報,1090110,個人捐贈收入,宋雅慧,F22*******,100000.00,0.00,,金錢,臺南市永康區****,0620*****,
308,林燕祝,109年立法委員選舉,首次申報,1090110,個人捐贈收入,錢坤志,H12*******,100000.00,0.00,,金錢,臺南市東區裕****,,
309,林燕祝,109年立法委員選舉,首次申報,1090110,個人捐贈收入,葉紫良,R10*******,60000.00,0.00,,金錢,臺南市新化區****,0928*****,
310,林燕祝,109年立法委員選舉,首次申報,1090110,個人捐贈收入,葉翰勳,S12*******,50000.00,0.00,,金錢,臺南市南區國****,0988*****,
311,林燕祝,109年立法委員選舉,首次申報,1090304,匿名捐贈,匿名,,100.00,0.00,,金錢,,,
