﻿序號,擬參選人／政黨,選舉名稱,申報序號／年度,交易日期,收支科目,捐贈者／支出對象,身分證／統一編號,收入金額,支出金額,支出用途,金錢類,地址,聯絡電話,資料更正日期
1,王閔生,107年直轄市議員選舉,首次申報,1070511,匿名捐贈,匿名,,5000.00,0.00,,金錢,,,
2,王閔生,107年直轄市議員選舉,首次申報,1070514,個人捐贈收入,茅元佶,A12*******,10000.00,0.00,,金錢,臺南市中西區****,,
3,王閔生,107年直轄市議員選舉,首次申報,1070517,個人捐贈收入,許修源,A12*******,10000.00,0.00,,金錢,臺北市文山區****,,
4,王閔生,107年直轄市議員選舉,首次申報,1070517,個人捐贈收入,林駿方,A12*******,3000.00,0.00,,金錢,新竹縣竹北市****,,
5,王閔生,107年直轄市議員選舉,首次申報,1070517,個人捐贈收入,徐志明,Q12*******,10000.00,0.00,,金錢,臺北市中正區****,,
6,王閔生,107年直轄市議員選舉,首次申報,1070517,個人捐贈收入,柯玉珍,V20*******,10000.00,0.00,,金錢,新北市三重區****,,
7,王閔生,107年直轄市議員選舉,首次申報,1070520,個人捐贈收入,吳松霖,F12*******,10000.00,0.00,,金錢,新北市板橋區****,,
8,王閔生,107年直轄市議員選舉,首次申報,1070604,個人捐贈收入,吳鵬,A12*******,10000.00,0.00,,金錢,臺北市文山區****,,
9,王閔生,107年直轄市議員選舉,首次申報,1070621,其他收入,利息收入,,14.00,0.00,,金錢,,,
10,王閔生,107年直轄市議員選舉,首次申報,1070621,個人捐贈收入,黃煌文,A12*******,20000.00,0.00,,金錢,桃園市桃園區****,,
11,王閔生,107年直轄市議員選舉,首次申報,1070723,個人捐贈收入,陳立夫,A12*******,100000.00,0.00,,金錢,臺北市文山區****,,
12,王閔生,107年直轄市議員選舉,首次申報,1070802,政黨捐贈收入,民主進步黨,政黨證字第16號,95000.00,0.00,,金錢,台北市北平東****,(02)*****,
13,王閔生,107年直轄市議員選舉,首次申報,1070803,匿名捐贈,匿名,,3000.00,0.00,,金錢,,,
14,王閔生,107年直轄市議員選舉,首次申報,1070803,個人捐贈收入,王泓翔,F12*******,20000.00,0.00,,金錢,新北市板橋區****,,
15,王閔生,107年直轄市議員選舉,首次申報,1070808,個人捐贈收入,李文正,A12*******,20000.00,0.00,,金錢,臺北市大安區****,,
16,王閔生,107年直轄市議員選舉,首次申報,1070809,個人捐贈收入,郭依菁,A22*******,100000.00,0.00,,金錢,新北市三重區****,,
17,王閔生,107年直轄市議員選舉,首次申報,1070813,個人捐贈收入,林宗霖,F12*******,6000.00,0.00,,金錢,新北市中和區****,,
18,王閔生,107年直轄市議員選舉,首次申報,1070821,個人捐贈收入,彭建銘,A10*******,100000.00,0.00,,金錢,新北市中和區****,,
19,王閔生,107年直轄市議員選舉,首次申報,1070823,個人捐贈收入,蘇怡文,E22*******,50000.00,0.00,,金錢,高雄市三民區****,,
20,王閔生,107年直轄市議員選舉,首次申報,1070906,營利事業捐贈收入,水美開發實業股份有限公司,23052232,80000.00,0.00,,金錢,臺北市中山區****,,
21,王閔生,107年直轄市議員選舉,首次申報,1070906,營利事業捐贈收入,春輝營造股份有限公司,30970643,20000.00,0.00,,金錢,臺北市中山區****,,
22,王閔生,107年直轄市議員選舉,首次申報,1070909,個人捐贈收入,官朝永,Q10*******,20000.00,0.00,,金錢,臺北市中正區****,,
23,王閔生,107年直轄市議員選舉,首次申報,1070910,營利事業捐贈收入,奇星精密工業股份有限公司,80138344,100000.00,0.00,,金錢,苗栗縣頭份市****,,
24,王閔生,107年直轄市議員選舉,首次申報,1070910,營利事業捐贈收入,奇星精密工業股份有限公司,80138344,100000.00,0.00,,金錢,苗栗縣頭份市****,,
25,王閔生,107年直轄市議員選舉,首次申報,1070910,個人捐贈收入,朱武雄,A10*******,10000.00,0.00,,金錢,臺北市大安區****,,
26,王閔生,107年直轄市議員選舉,首次申報,1070911,個人捐贈收入,廖林美蓉,F20*******,20000.00,0.00,,金錢,新北市新店區****,,
27,王閔生,107年直轄市議員選舉,首次申報,1070912,個人捐贈收入,鄭仲欽,A12*******,50000.00,0.00,,金錢,臺北市文山區****,,
28,王閔生,107年直轄市議員選舉,首次申報,1070914,匿名捐贈,匿名,,3000.00,0.00,,金錢,,,
29,王閔生,107年直轄市議員選舉,首次申報,1070914,個人捐贈收入,許吉勝,A12*******,5000.00,0.00,,金錢,臺北市文山區****,,
30,王閔生,107年直轄市議員選舉,首次申報,1070914,個人捐贈收入,陳國華,F10*******,3000.00,0.00,,金錢,臺北市大安區****,,
31,王閔生,107年直轄市議員選舉,首次申報,1070917,個人捐贈收入,謝宜臻,A22*******,100000.00,0.00,,金錢,臺北市文山區****,,
32,王閔生,107年直轄市議員選舉,首次申報,1070917,個人捐贈收入,謝榮鴻,S10*******,100000.00,0.00,,金錢,臺北市文山區****,02-2*****,
33,王閔生,107年直轄市議員選舉,首次申報,1070918,個人捐贈收入,呂名峯,F12*******,20000.00,0.00,,金錢,新北市板橋區****,,
34,王閔生,107年直轄市議員選舉,首次申報,1070920,個人捐贈收入,翁依平,A22*******,100000.00,0.00,,金錢,臺北市中山區****,,
35,王閔生,107年直轄市議員選舉,首次申報,1070920,個人捐贈收入,顏國濱,F12*******,10000.00,0.00,,金錢,新北市板橋區****,,
36,王閔生,107年直轄市議員選舉,首次申報,1070921,個人捐贈收入,崔茂源,F12*******,2000.00,0.00,,金錢,新北市新店區****,,
37,王閔生,107年直轄市議員選舉,首次申報,1070926,個人捐贈收入,周彥儒,,20000.00,0.00,,金錢,臺北市大安區****,,
38,王閔生,107年直轄市議員選舉,首次申報,1070926,個人捐贈收入,潘建誠,A12*******,20000.00,0.00,,金錢,臺北市中山區****,,
39,王閔生,107年直轄市議員選舉,首次申報,1070926,個人捐贈收入,劉賢哲,A12*******,20000.00,0.00,,金錢,臺北市大安區****,,
40,王閔生,107年直轄市議員選舉,首次申報,1070926,個人捐贈收入,簡君全,A12*******,100000.00,0.00,,金錢,新北市中和區****,,
41,王閔生,107年直轄市議員選舉,首次申報,1070926,個人捐贈收入,阮堅珉,A12*******,5000.00,0.00,,金錢,新北市永和區****,,
42,王閔生,107年直轄市議員選舉,首次申報,1070926,個人捐贈收入,吳憲忠,E10*******,50000.00,0.00,,金錢,臺北市萬華區****,,
43,王閔生,107年直轄市議員選舉,首次申報,1070926,個人捐贈收入,賴德欽,F17*******,20000.00,0.00,,金錢,臺北市松山區****,,
44,王閔生,107年直轄市議員選舉,首次申報,1070926,個人捐贈收入,曾士哲,Q12*******,10000.00,0.00,,金錢,臺北市文山區****,,
45,王閔生,107年直轄市議員選舉,首次申報,1070927,個人捐贈收入,林順華,F12*******,20000.00,0.00,,金錢,新北市汐止區****,,
46,王閔生,107年直轄市議員選舉,首次申報,1070928,人民團體捐贈收入,台北市藥師公會,,20000.00,0.00,,金錢,臺北市長春路****,2551*****,
47,王閔生,107年直轄市議員選舉,首次申報,1070928,人民團體捐贈收入,台北市牙醫師公會,,50000.00,0.00,,金錢,臺北市忠孝東****,2396*****,
48,王閔生,107年直轄市議員選舉,首次申報,1070928,個人捐贈收入,葉青蓁,Q12*******,20000.00,0.00,,金錢,臺北市文山區****,,
49,王閔生,107年直轄市議員選舉,首次申報,1071002,個人捐贈收入,李雅婷,A20*******,5000.00,0.00,,金錢,臺北市大安區****,,
50,王閔生,107年直轄市議員選舉,首次申報,1071003,個人捐贈收入,劉文慶,N10*******,30000.00,0.00,,金錢,臺北市中正區****,,
51,王閔生,107年直轄市議員選舉,首次申報,1071005,人民團體捐贈收入,中華民國藥師公會全國聯合會,,3000.00,0.00,,金錢,台北市中山區****,02-2*****,
52,王閔生,107年直轄市議員選舉,首次申報,1071005,營利事業捐贈收入,福倫交通股份有限公司,31095184,20000.00,0.00,,金錢,臺北市信義區****,,
53,王閔生,107年直轄市議員選舉,首次申報,1071005,個人捐贈收入,林逢時,A10*******,2000.00,0.00,,金錢,新北市新店區****,,
54,王閔生,107年直轄市議員選舉,首次申報,1071008,匿名捐贈,匿名,,10000.00,0.00,,金錢,,,
55,王閔生,107年直轄市議員選舉,首次申報,1071008,個人捐贈收入,吳永隆,B12*******,10000.00,0.00,,金錢,臺北市文山區****,,
56,王閔生,107年直轄市議員選舉,首次申報,1071009,個人捐贈收入,吳俊德,D12*******,20000.00,0.00,,金錢,臺北市信義區****,,
57,王閔生,107年直轄市議員選舉,首次申報,1071009,個人捐贈收入,高世坤,F10*******,20000.00,0.00,,金錢,臺北市文山區****,,
58,王閔生,107年直轄市議員選舉,首次申報,1071011,匿名捐贈,匿名,,10000.00,0.00,,金錢,,,
59,王閔生,107年直轄市議員選舉,首次申報,1071011,營利事業捐贈收入,媽妳講親子餐飲股份有限公,42651026,20000.00,0.00,,金錢,臺北市內湖區****,,
60,王閔生,107年直轄市議員選舉,首次申報,1071011,營利事業捐贈收入,星醫美學股份有限公司,53317111,20000.00,0.00,,金錢,臺北市中正區****,,
61,王閔生,107年直轄市議員選舉,首次申報,1071015,營利事業捐贈收入,芠心花藝有限公司,27605158,20000.00,0.00,,金錢,新北市板橋區****,,
62,王閔生,107年直轄市議員選舉,首次申報,1071015,營利事業捐贈收入,靜心禮儀有限公司,53186407,20000.00,0.00,,金錢,臺北市大安區****,,
63,王閔生,107年直轄市議員選舉,首次申報,1071015,營利事業捐贈收入,和越花藝股份有限公司,53954379,20000.00,0.00,,金錢,臺北市中山區****,,
64,王閔生,107年直轄市議員選舉,首次申報,1071015,個人捐贈收入,林佳成,A11*******,20000.00,0.00,,金錢,臺北市文山區****,,
65,王閔生,107年直轄市議員選舉,首次申報,1071015,個人捐贈收入,龎有情,A12*******,40000.00,0.00,,金錢,臺北市文山區****,,
66,王閔生,107年直轄市議員選舉,首次申報,1071015,個人捐贈收入,林美容,A22*******,20000.00,0.00,,金錢,桃園市桃園區****,,
67,王閔生,107年直轄市議員選舉,首次申報,1071015,個人捐贈收入,陳貴芬,A22*******,20000.00,0.00,,金錢,新北市新店區****,,
68,王閔生,107年直轄市議員選舉,首次申報,1071015,個人捐贈收入,崔信基,E12*******,20000.00,0.00,,金錢,新北市三重區****,,
69,王閔生,107年直轄市議員選舉,首次申報,1071015,個人捐贈收入,蔡國清,F10*******,20000.00,0.00,,金錢,新北市新店區****,,
70,王閔生,107年直轄市議員選舉,首次申報,1071015,個人捐贈收入,連政鼎,F10*******,20000.00,0.00,,金錢,新北市新店區****,,
71,王閔生,107年直轄市議員選舉,首次申報,1071015,個人捐贈收入,高文吉,F12*******,20000.00,0.00,,金錢,桃園市桃園區****,,
72,王閔生,107年直轄市議員選舉,首次申報,1071015,個人捐贈收入,龐張淑媛,P20*******,10000.00,0.00,,金錢,臺北市文山區****,,
73,王閔生,107年直轄市議員選舉,首次申報,1071015,個人捐贈收入,賴榮杰,R12*******,20000.00,0.00,,金錢,臺北市大安區****,,
74,王閔生,107年直轄市議員選舉,首次申報,1071017,營利事業捐贈收入,世彬建設有限公司,04659218,50000.00,0.00,,金錢,臺北市大安區****,,
75,王閔生,107年直轄市議員選舉,首次申報,1071017,個人捐贈收入,陳鄭美津,A20*******,50000.00,0.00,,金錢,臺北市大安區****,,
76,王閔生,107年直轄市議員選舉,首次申報,1071017,個人捐贈收入,林志昌,B12*******,20000.00,0.00,,金錢,臺北市大安區****,,
77,王閔生,107年直轄市議員選舉,首次申報,1071018,個人捐贈收入,張章得,P10*******,20000.00,0.00,,金錢,臺北市中山區****,,
78,王閔生,107年直轄市議員選舉,首次申報,1071019,個人捐贈收入,黃美齡,T22*******,100000.00,0.00,,金錢,新北市板橋區****,,
79,王閔生,107年直轄市議員選舉,首次申報,1071020,匿名捐贈,匿名,,500.00,0.00,,金錢,,,
80,王閔生,107年直轄市議員選舉,首次申報,1071023,個人捐贈收入,黃羅蜀妹,A20*******,20000.00,0.00,,金錢,臺北市大安區****,,
81,王閔生,107年直轄市議員選舉,首次申報,1071025,個人捐贈收入,徐福進,F10*******,3000.00,0.00,,金錢,臺北市文山區****,,
82,王閔生,107年直轄市議員選舉,首次申報,1071026,個人捐贈收入,劉秀冬,F20*******,100000.00,0.00,,金錢,臺北市文山區****,,
83,王閔生,107年直轄市議員選舉,首次申報,1071026,個人捐贈收入,陳春杏,X22*******,100000.00,0.00,,金錢,臺北市文山區****,,
84,王閔生,107年直轄市議員選舉,首次申報,1071105,個人捐贈收入,李顯榮,R10*******,10000.00,0.00,,金錢,新北市新莊區****,,
85,王閔生,107年直轄市議員選舉,首次申報,1071107,營利事業捐贈收入,詠朋科技股份有限公司,24703070,20000.00,0.00,,金錢,新北市三重區****,,
86,王閔生,107年直轄市議員選舉,首次申報,1071107,營利事業捐贈收入,特源股份有限公司,27868454,30000.00,0.00,,金錢,新北市新莊區****,,
87,王閔生,107年直轄市議員選舉,首次申報,1071107,營利事業捐贈收入,黃金巴頓寵支貿易有限公司,27970042,30000.00,0.00,,金錢,臺北市松山區****,,
88,王閔生,107年直轄市議員選舉,首次申報,1071107,營利事業捐贈收入,青草地食品有限公司,53107797,200000.00,0.00,,金錢,新北市中和區****,,
89,王閔生,107年直轄市議員選舉,首次申報,1071107,個人捐贈收入,李榮堂,A10*******,20000.00,0.00,,金錢,臺北市萬華區****,,
90,王閔生,107年直轄市議員選舉,首次申報,1071107,個人捐贈收入,李厚慶,A12*******,20000.00,0.00,,金錢,臺北市萬華區****,,
91,王閔生,107年直轄市議員選舉,首次申報,1071107,個人捐贈收入,溫斯勇,F12*******,20000.00,0.00,,金錢,臺北市信義區****,,
92,王閔生,107年直轄市議員選舉,首次申報,1071107,個人捐贈收入,林炳仁,Y12*******,20000.00,0.00,,金錢,臺北市士林區****,,
93,王閔生,107年直轄市議員選舉,首次申報,1071108,個人捐贈收入,鄭榮城,N12*******,30000.00,0.00,,金錢,新北市中和區****,,
94,王閔生,107年直轄市議員選舉,首次申報,1071112,人民團體捐贈收入,台北市電氣裝置業職業工會,,10000.00,0.00,,金錢,台北市重慶北****,2812*****,
95,王閔生,107年直轄市議員選舉,首次申報,1071112,營利事業捐贈收入,慶旭機電顧問股份有限公司,22444014,20000.00,0.00,,金錢,臺北市大安區****,,
96,王閔生,107年直轄市議員選舉,首次申報,1071112,個人捐贈收入,陳執中,F12*******,20000.00,0.00,,金錢,新北市板橋區****,,
97,王閔生,107年直轄市議員選舉,首次申報,1071112,個人捐贈收入,黃純偉,K12*******,20000.00,0.00,,金錢,新北市新莊區****,,
98,王閔生,107年直轄市議員選舉,首次申報,1071112,個人捐贈收入,陳金華,P12*******,20000.00,0.00,,金錢,新北市三重區****,,
99,王閔生,107年直轄市議員選舉,首次申報,1071113,個人捐贈收入,詹淑雅,M22*******,100000.00,0.00,,金錢,臺北市中山區****,,
100,王閔生,107年直轄市議員選舉,首次申報,1071113,個人捐贈收入,李素梅,R20*******,20000.00,0.00,,金錢,臺北市中正區****,,
101,王閔生,107年直轄市議員選舉,首次申報,1071115,個人捐贈收入,許茂煌,Q10*******,10000.00,0.00,,金錢,新北市汐止區****,,
102,王閔生,107年直轄市議員選舉,首次申報,1071116,營利事業捐贈收入,蓮華往生事業股份有限公司,16589547,20000.00,0.00,,金錢,臺北市中山區****,,
103,王閔生,107年直轄市議員選舉,首次申報,1071116,營利事業捐贈收入,台玖商行,18412291,10000.00,0.00,,金錢,臺北市文山區****,,
104,王閔生,107年直轄市議員選舉,首次申報,1071116,營利事業捐贈收入,銘裕管理顧問有限公司,42641908,20000.00,0.00,,金錢,基隆市安樂區****,,
105,王閔生,107年直轄市議員選舉,首次申報,1071116,個人捐贈收入,李禮仲,A12*******,20000.00,0.00,,金錢,臺北市南港區****,,
106,王閔生,107年直轄市議員選舉,首次申報,1071116,個人捐贈收入,林育瑄,A12*******,20000.00,0.00,,金錢,臺北市文山區****,,
107,王閔生,107年直轄市議員選舉,首次申報,1071116,個人捐贈收入,簡君學,A22*******,100000.00,0.00,,金錢,臺北市中正區****,,
108,王閔生,107年直轄市議員選舉,首次申報,1071116,個人捐贈收入,蔡勝義,F10*******,5000.00,0.00,,金錢,臺北市文山區****,,
109,王閔生,107年直轄市議員選舉,首次申報,1071116,個人捐贈收入,翁國輝,F10*******,10000.00,0.00,,金錢,臺北市文山區****,,
110,王閔生,107年直轄市議員選舉,首次申報,1071116,個人捐贈收入,吳信忠,F12*******,20000.00,0.00,,金錢,新北市三重區****,,
111,王閔生,107年直轄市議員選舉,首次申報,1071116,個人捐贈收入,彭純惠,J22*******,100000.00,0.00,,金錢,臺北市中正區****,,
112,王閔生,107年直轄市議員選舉,首次申報,1071116,個人捐贈收入,丁度嵐,S12*******,20000.00,0.00,,金錢,新北市永和區****,,
113,王閔生,107年直轄市議員選舉,首次申報,1071116,個人捐贈收入,王智盛,U12*******,20000.00,0.00,,金錢,臺北市文山區****,,
114,王閔生,107年直轄市議員選舉,首次申報,1071119,個人捐贈收入,高錦煌,,12000.00,0.00,,金錢,,0229*****,
115,王閔生,107年直轄市議員選舉,首次申報,1071119,營利事業捐贈收入,華興城有限公司,28818453,20000.00,0.00,,金錢,大同街巷號****,,
116,王閔生,107年直轄市議員選舉,首次申報,1071119,營利事業捐贈收入,德諾室內裝修有限公司,54302122,30000.00,0.00,,金錢,新北市新莊區****,,
117,王閔生,107年直轄市議員選舉,首次申報,1071119,營利事業捐贈收入,禾峰營造股份有限公司,59117836,20000.00,0.00,,金錢,臺北市中正區****,,
118,王閔生,107年直轄市議員選舉,首次申報,1071119,個人捐贈收入,蘇聖修,A12*******,20000.00,0.00,,金錢,臺北市文山區****,,
119,王閔生,107年直轄市議員選舉,首次申報,1071119,個人捐贈收入,陳穎慶,A12*******,20000.00,0.00,,金錢,臺北市大安區****,,
120,王閔生,107年直轄市議員選舉,首次申報,1071119,個人捐贈收入,薛朝輝,A12*******,20000.00,0.00,,金錢,新北市永和區****,,
121,王閔生,107年直轄市議員選舉,首次申報,1071119,個人捐贈收入,章育翔,A12*******,20000.00,0.00,,金錢,新北市板橋區****,,
122,王閔生,107年直轄市議員選舉,首次申報,1071119,個人捐贈收入,李強申,A12*******,20000.00,0.00,,金錢,臺北市中山區****,,
123,王閔生,107年直轄市議員選舉,首次申報,1071119,個人捐贈收入,張凱鈞,A22*******,20000.00,0.00,,金錢,臺北市松山區****,,
124,王閔生,107年直轄市議員選舉,首次申報,1071119,個人捐贈收入,周純如,C22*******,20000.00,0.00,,金錢,臺北市內湖區****,,
125,王閔生,107年直轄市議員選舉,首次申報,1071119,個人捐贈收入,陳君瑋,E12*******,20000.00,0.00,,金錢,高雄市鼓山區****,,
126,王閔生,107年直轄市議員選舉,首次申報,1071119,個人捐贈收入,吳榮貴,F10*******,20000.00,0.00,,金錢,新北市三重區****,,
127,王閔生,107年直轄市議員選舉,首次申報,1071119,個人捐贈收入,洪儒明,F12*******,20000.00,0.00,,金錢,臺北市松山區****,,
128,王閔生,107年直轄市議員選舉,首次申報,1071119,個人捐贈收入,陳裕元,F12*******,20000.00,0.00,,金錢,新北市樹林區****,,
129,王閔生,107年直轄市議員選舉,首次申報,1071119,個人捐贈收入,廖宗武,F12*******,20000.00,0.00,,金錢,新北市新店區****,,
130,王閔生,107年直轄市議員選舉,首次申報,1071119,個人捐贈收入,賴家慶,G12*******,20000.00,0.00,,金錢,臺北市大安區****,,
131,王閔生,107年直轄市議員選舉,首次申報,1071119,個人捐贈收入,簡稜峯,H12*******,100000.00,0.00,,金錢,臺北市信義區****,,
132,王閔生,107年直轄市議員選舉,首次申報,1071119,個人捐贈收入,詹俊彥,M12*******,20000.00,0.00,,金錢,新北市板橋區****,,
133,王閔生,107年直轄市議員選舉,首次申報,1071119,個人捐贈收入,劉慶模,N12*******,10000.00,0.00,,金錢,臺北市文山區****,,
134,王閔生,107年直轄市議員選舉,首次申報,1071119,個人捐贈收入,賴俊憲,Q10*******,20000.00,0.00,,金錢,臺北市大安區****,,
135,王閔生,107年直轄市議員選舉,首次申報,1071119,個人捐贈收入,李少桓,Q10*******,20000.00,0.00,,金錢,臺北市北投區****,,
136,王閔生,107年直轄市議員選舉,首次申報,1071119,個人捐贈收入,陳崑博,S12*******,60000.00,0.00,,金錢,臺北市文山區****,,
137,王閔生,107年直轄市議員選舉,首次申報,1071121,人民團體捐贈收入,臺北市汽車駕駛員職業工會,,10000.00,0.00,,金錢,臺北市內湖區****,,
138,王閔生,107年直轄市議員選舉,首次申報,1071121,人民團體捐贈收入,臺北市大安區永福生活圈社區發展協,,3000.00,0.00,,金錢,臺北市大安區****,2322*****,
139,王閔生,107年直轄市議員選舉,首次申報,1071121,人民團體捐贈收入,臺北市中醫師公會,,30000.00,0.00,,金錢,臺北市青島西****,2314*****,
140,王閔生,107年直轄市議員選舉,首次申報,1071121,營利事業捐贈收入,鼎麗資產管理股份有限公司,24302357,80000.00,0.00,,金錢,臺北市中正區****,,
141,王閔生,107年直轄市議員選舉,首次申報,1071121,營利事業捐贈收入,喫飯食堂,24556921,3000.00,0.00,,金錢,臺北市文山區****,,
142,王閔生,107年直轄市議員選舉,首次申報,1071121,個人捐贈收入,柯明正,A10*******,20000.00,0.00,,金錢,,,
143,王閔生,107年直轄市議員選舉,首次申報,1071121,個人捐贈收入,石康平,A10*******,1000.00,0.00,,金錢,臺北市信義區****,,
144,王閔生,107年直轄市議員選舉,首次申報,1071121,個人捐贈收入,張憲忠,A10*******,3000.00,0.00,,金錢,臺北市文山區****,,
145,王閔生,107年直轄市議員選舉,首次申報,1071121,個人捐贈收入,陳正中,A10*******,1000.00,0.00,,金錢,臺北市大安區****,,
146,王閔生,107年直轄市議員選舉,首次申報,1071121,個人捐贈收入,陳國基,A11*******,20000.00,0.00,,金錢,臺北市大安區****,,
147,王閔生,107年直轄市議員選舉,首次申報,1071121,個人捐贈收入,李明憲,A12*******,10000.00,0.00,,金錢,臺北市大安區****,,
148,王閔生,107年直轄市議員選舉,首次申報,1071121,個人捐贈收入,張正杰,A12*******,1000.00,0.00,,金錢,臺北市大安區****,,
149,王閔生,107年直轄市議員選舉,首次申報,1071121,個人捐贈收入,張勝利,A12*******,30000.00,0.00,,金錢,臺北市文山區****,,
150,王閔生,107年直轄市議員選舉,首次申報,1071121,個人捐贈收入,周財源,A12*******,3000.00,0.00,,金錢,臺北市大安區****,,
151,王閔生,107年直轄市議員選舉,首次申報,1071121,個人捐贈收入,林程羿,A12*******,3000.00,0.00,,金錢,臺北市文山區****,,
152,王閔生,107年直轄市議員選舉,首次申報,1071121,個人捐贈收入,徐玉雄,A12*******,2000.00,0.00,,金錢,臺北市大安區****,,
153,王閔生,107年直轄市議員選舉,首次申報,1071121,個人捐贈收入,黃志浩,A12*******,1000.00,0.00,,金錢,桃園市平鎮區****,,
154,王閔生,107年直轄市議員選舉,首次申報,1071121,個人捐贈收入,梁芬姿,A21*******,3000.00,0.00,,金錢,臺北市大安區****,,
155,王閔生,107年直轄市議員選舉,首次申報,1071121,個人捐贈收入,涂筱珊,A22*******,3000.00,0.00,,金錢,臺北市大安區****,,
156,王閔生,107年直轄市議員選舉,首次申報,1071121,個人捐贈收入,鄭伊婷,C22*******,10000.00,0.00,,金錢,新北市板橋區****,,
157,王閔生,107年直轄市議員選舉,首次申報,1071121,個人捐贈收入,高金源,F10*******,2000.00,0.00,,金錢,臺北市文山區****,,
158,王閔生,107年直轄市議員選舉,首次申報,1071121,個人捐贈收入,林俊德,F10*******,3000.00,0.00,,金錢,新北市永和區****,,
159,王閔生,107年直轄市議員選舉,首次申報,1071121,個人捐贈收入,楊能郎,F10*******,20000.00,0.00,,金錢,,,
160,王閔生,107年直轄市議員選舉,首次申報,1071121,個人捐贈收入,許慶文,F10*******,10000.00,0.00,,金錢,臺北市文山區****,,
161,王閔生,107年直轄市議員選舉,首次申報,1071121,個人捐贈收入,王煜斌,F12*******,10000.00,0.00,,金錢,臺北市大安區****,,
162,王閔生,107年直轄市議員選舉,首次申報,1071121,個人捐贈收入,簡宗宏,F12*******,2000.00,0.00,,金錢,臺北市中山區****,,
163,王閔生,107年直轄市議員選舉,首次申報,1071121,個人捐贈收入,陳高美美,F20*******,2000.00,0.00,,金錢,臺北市文山區****,,
164,王閔生,107年直轄市議員選舉,首次申報,1071121,個人捐贈收入,廖虹雯,F22*******,10000.00,0.00,,金錢,臺北市文山區****,,
165,王閔生,107年直轄市議員選舉,首次申報,1071121,個人捐贈收入,翁秀燕,F22*******,40000.00,0.00,,金錢,新北市新店區****,,
166,王閔生,107年直轄市議員選舉,首次申報,1071121,個人捐贈收入,張添福,H10*******,3000.00,0.00,,金錢,臺北市大安區****,,
167,王閔生,107年直轄市議員選舉,首次申報,1071121,個人捐贈收入,劉若梅,H22*******,100000.00,0.00,,金錢,臺北市大安區****,,
168,王閔生,107年直轄市議員選舉,首次申報,1071121,個人捐贈收入,吳賜陸,N10*******,40000.00,0.00,,金錢,臺北市南港區****,,
169,王閔生,107年直轄市議員選舉,首次申報,1071121,個人捐贈收入,李金城,N12*******,2000.00,0.00,,金錢,臺北市文山區****,,
170,王閔生,107年直轄市議員選舉,首次申報,1071121,個人捐贈收入,林茂樹,N12*******,10000.00,0.00,,金錢,臺北市大安區****,,
171,王閔生,107年直轄市議員選舉,首次申報,1071121,個人捐贈收入,翁敏欽,Q10*******,6600.00,0.00,,金錢,臺北市大安區****,,
172,王閔生,107年直轄市議員選舉,首次申報,1071121,個人捐贈收入,何俊明,Q10*******,10000.00,0.00,,金錢,新北市新店區****,,
173,王閔生,107年直轄市議員選舉,首次申報,1071121,個人捐贈收入,邱慶福,Q12*******,10000.00,0.00,,金錢,新北市新莊區****,,
174,王閔生,107年直轄市議員選舉,首次申報,1071121,個人捐贈收入,陳東良,Q12*******,3000.00,0.00,,金錢,新北市五股區****,,
175,王閔生,107年直轄市議員選舉,首次申報,1071121,個人捐贈收入,康麗玲,Q20*******,3000.00,0.00,,金錢,臺北市信義區****,,
176,王閔生,107年直轄市議員選舉,首次申報,1071121,個人捐贈收入,陳美妃,R22*******,3000.00,0.00,,金錢,臺北市大安區****,,
177,王閔生,107年直轄市議員選舉,首次申報,1071121,個人捐贈收入,鄧有明,Y12*******,3000.00,0.00,,金錢,臺北市北投區****,,
178,王閔生,107年直轄市議員選舉,首次申報,1071122,人民團體捐贈收入,新北市牙醫師公會,,40000.00,0.00,,金錢,新北市板橋區****,,
179,王閔生,107年直轄市議員選舉,首次申報,1071122,營利事業捐贈收入,元大人造樹脂,12107941,20000.00,0.00,,金錢,臺北市文山區****,,
180,王閔生,107年直轄市議員選舉,首次申報,1071122,營利事業捐贈收入,汶達生物科技有限公司,80086036,10000.00,0.00,,金錢,臺北市文山區****,,
181,王閔生,107年直轄市議員選舉,首次申報,1071122,營利事業捐贈收入,神固國際科技工程企業有限公司,80193964,10000.00,0.00,,金錢,臺北市中山區****,,
182,王閔生,107年直轄市議員選舉,首次申報,1071122,個人捐贈收入,胡再黃,A10*******,40000.00,0.00,,金錢,臺北市萬華區****,,
183,王閔生,107年直轄市議員選舉,首次申報,1071122,個人捐贈收入,王人豪,A12*******,10000.00,0.00,,金錢,臺北市信義區****,,
184,王閔生,107年直轄市議員選舉,首次申報,1071122,個人捐贈收入,劉怡岑,A22*******,20000.00,0.00,,金錢,臺北市文山區****,,
185,王閔生,107年直轄市議員選舉,首次申報,1071122,個人捐贈收入,周珊如,A22*******,3000.00,0.00,,金錢,臺北市萬華區****,,
186,王閔生,107年直轄市議員選舉,首次申報,1071122,個人捐贈收入,王珠哖,A22*******,22000.00,0.00,,金錢,臺北市信義區****,,
187,王閔生,107年直轄市議員選舉,首次申報,1071122,個人捐贈收入,謝彥中,C12*******,20000.00,0.00,,金錢,新北市鶯歌區****,,
188,王閔生,107年直轄市議員選舉,首次申報,1071122,個人捐贈收入,黃昭然,F12*******,10000.00,0.00,,金錢,新北市中和區****,,
189,王閔生,107年直轄市議員選舉,首次申報,1071122,個人捐贈收入,傅正源,F12*******,3000.00,0.00,,金錢,新北市土城區****,,
190,王閔生,107年直轄市議員選舉,首次申報,1071122,個人捐贈收入,黃信楨,G12*******,3000.00,0.00,,金錢,臺北市大安區****,,
191,王閔生,107年直轄市議員選舉,首次申報,1071122,個人捐贈收入,許廷鑫,N12*******,100000.00,0.00,,金錢,彰化縣福興鄉****,,
192,王閔生,107年直轄市議員選舉,首次申報,1071122,個人捐贈收入,郭永宗,Q12*******,10000.00,0.00,,金錢,臺北市中山區****,,
193,王閔生,107年直轄市議員選舉,首次申報,1071122,個人捐贈收入,蘇豐期,R12*******,3000.00,0.00,,金錢,臺北市文山區****,,
194,王閔生,107年直轄市議員選舉,首次申報,1071122,個人捐贈收入,鍾佩陵,T22*******,20000.00,0.00,,金錢,臺北市中正區****,,
195,王閔生,107年直轄市議員選舉,首次申報,1071122,個人捐贈收入,江家豪,U12*******,2000.00,0.00,,金錢,新北市三重區****,,
196,王閔生,107年直轄市議員選舉,首次申報,1071122,個人捐贈收入,林宜和,V10*******,6600.00,0.00,,金錢,臺北市大安區****,,
197,王閔生,107年直轄市議員選舉,首次申報,1071122,個人捐贈收入,曹明松,Y10*******,5000.00,0.00,,金錢,新北市三重區****,,
198,王閔生,107年直轄市議員選舉,首次申報,1071123,個人捐贈收入,王日新,A10*******,20000.00,0.00,,金錢,臺北市中山區****,,
199,王閔生,107年直轄市議員選舉,首次申報,1071123,個人捐贈收入,温志強,F12*******,20000.00,0.00,,金錢,新北市板橋區****,,
200,王閔生,107年直轄市議員選舉,首次申報,1071221,其他收入,利息收入,,246.00,0.00,,金錢,,,
