﻿序號,擬參選人／政黨,選舉名稱,申報序號／年度,交易日期,收支科目,捐贈者／支出對象,身分證／統一編號,收入金額,支出金額,捐贈方式,存入專戶日期,返還/繳庫,支出用途,金錢類,地址,聯絡電話,應揭露之支出對象,支出對象之內部人員姓名,支出對象之內部人員職稱,政黨之內部人員姓名,政黨之內部人員職稱,關係,更正註記,資料更正日期
1,林文仲,111年臺中市議員選舉,首次申報,1110921,宣傳支出,合香製菓廠,59523519,0.00,40000.00,,,,製作競選物品或宣傳廣告費用（物品名稱-餅乾）,金錢,彰化縣員林市****,04-8*****,否,,,,,,,
2,林文仲,111年臺中市議員選舉,首次申報,1111020,宣傳支出,合香製菓廠,59523519,0.00,40000.00,,,,製作競選物品或宣傳廣告費用（物品名稱-餅乾）,金錢,彰化縣員林市****,04-8*****,否,,,,,,,
3,林文仲,111年臺中市議員選舉,首次申報,1111102,宣傳支出,尊裕企業有限公司,80084516,0.00,21900.00,,,,製作競選物品或宣傳廣告費用（物品名稱-海報印刷）,金錢,臺中市東區十****,04-2*****,否,,,,,,,
4,林文仲,111年臺中市議員選舉,首次申報,1111202,宣傳支出,尊裕企業有限公司,80084516,0.00,18000.00,,,,製作競選物品或宣傳廣告費用（物品名稱-海報印刷）,金錢,臺中市東區十****,04-2*****,否,,,,,,,
5,林文仲,111年臺中市議員選舉,首次申報,1111207,宣傳支出,岢麗金股份有限公司,80251078,0.00,30000.00,,,,製作競選物品或宣傳廣告費用（物品名稱-海報印刷）,金錢,臺中市東區東****,04-2*****,否,,,,,,,
6,林文仲,111年臺中市議員選舉,首次申報,1111207,宣傳支出,岢麗金股份有限公司,80251078,0.00,20000.00,,,,製作競選物品或宣傳廣告費用（物品名稱-海報印刷）,金錢,臺中市東區東****,04-2*****,否,,,,,,,
7,林文仲,111年臺中市議員選舉,首次申報,1120222,返還捐贈支出,武恩德營造股份有限公司,34301440,0.00,12000.00,,,,返還,金錢,臺中市烏日區****,,否,,,,,,,
