﻿序號,擬參選人／政黨,選舉名稱,申報序號／年度,交易日期,收支科目,捐贈者／支出對象,身分證／統一編號,收入金額,支出金額,捐贈方式,存入專戶日期,返還/繳庫,支出用途,金錢類,地址,聯絡電話,應揭露之支出對象,支出對象之內部人員姓名,支出對象之內部人員職稱,政黨之內部人員姓名,政黨之內部人員職稱,關係,更正註記,資料更正日期
1,陳新安,111年臺中市烏日區烏日里里長選舉,首次申報,1110921,營利事業捐贈收入,仕達投資有限公司,80598037,180000.00,0.00,匯款,1110921,,,金錢,新北市中和區****,,,,,,,,,
2,陳新安,111年臺中市烏日區烏日里里長選舉,首次申報,1110921,個人捐贈收入,柯聰源,F12*******,80000.00,0.00,匯款,1110921,,,金錢,新北市板橋區****,,,,,,,,,
3,陳新安,111年臺中市烏日區烏日里里長選舉,首次申報,1110922,營利事業捐贈收入,研成股份有限公司,70665599,200000.00,0.00,匯款,1110922,,,金錢,新北市新店區****,02-2*****,,,,,,,,
4,陳新安,111年臺中市烏日區烏日里里長選舉,首次申報,1111221,其他收入,利息收入,,46.00,0.00,匯款,1111221,,,金錢,,,,,,,,,,
