﻿序號,擬參選人／政黨,選舉名稱,申報序號／年度,交易日期,收支科目,捐贈者／支出對象,身分證／統一編號,收入金額,支出金額,支出用途,金錢類,地址,聯絡電話,資料更正日期
1,劉曉玫,107年縣(市)長選舉,首次申報,1070512,雜支支出,運達新花店,20054475,0.00,890.00,雜項購置或修繕費用,金錢,花蓮縣花蓮市****,,
2,劉曉玫,107年縣(市)長選舉,首次申報,1070523,租用宣傳車輛支出,佑岩企業有限公司,80556450,0.00,2730.00,維修宣傳車輛支出,金錢,花蓮縣吉安鄉****,,
3,劉曉玫,107年縣(市)長選舉,首次申報,1070525,雜支支出,宗霖電器行,67941136,0.00,2500.00,雜項購置或修繕費用,金錢,花蓮縣吉安鄉****,,
4,劉曉玫,107年縣(市)長選舉,首次申報,1070531,公共關係費用支出,琦翔企業社,49748237,0.00,36700.00,聯誼交際費用-花圈花籃,金錢,花蓮縣新城鄉****,,
5,劉曉玫,107年縣(市)長選舉,首次申報,1070605,返還支出,國興保全股份有限公司,23602623,0.00,300000.00,返還,金錢,臺北市大同區****,,
6,劉曉玫,107年縣(市)長選舉,首次申報,1070620,宣傳支出,茂喬有限公司,42785799,0.00,6250.00,製作競選物品支出（物品名稱-名片）,金錢,桃園市大園區****,0975*****,
7,劉曉玫,107年縣(市)長選舉,首次申報,1070625,雜支支出,集藝屋,15625144,0.00,4700.00,雜項購置或修繕費用,金錢,高雄市苓雅區****,,
8,劉曉玫,107年縣(市)長選舉,首次申報,1070630,宣傳支出,逸鷹工程行,67933993,0.00,51870.00,製作競選物品支出（物品名稱-定點鷹架）,金錢,花蓮縣吉安鄉****,,
9,劉曉玫,107年縣(市)長選舉,首次申報,1070630,宣傳支出,發條鳥有限公司,80206953,0.00,3600.00,製作競選物品支出（物品名稱-背心印刷）,金錢,花蓮縣花蓮市****,,
10,劉曉玫,107年縣(市)長選舉,首次申報,1070702,人事費用支出,王格致,U12*******,0.00,10000.00,工資或薪津,金錢,花蓮縣吉安鄉****,,
11,劉曉玫,107年縣(市)長選舉,首次申報,1070702,人事費用支出,陳聖文,U12*******,0.00,20000.00,工資或薪津,金錢,花蓮縣吉安鄉****,,
12,劉曉玫,107年縣(市)長選舉,首次申報,1070702,人事費用支出,古拉斯.吾木,U12*******,0.00,25000.00,工資或薪津,金錢,花蓮縣花蓮市****,,
13,劉曉玫,107年縣(市)長選舉,首次申報,1070702,人事費用支出,林怡安,U12*******,0.00,90000.00,工資或薪津,金錢,花蓮縣吉安鄉****,,
14,劉曉玫,107年縣(市)長選舉,首次申報,1070705,宣傳支出,林進展,U12*******,0.00,50000.00,租用廣告看板或車體廣告支出,金錢,花蓮縣吉安鄉****,,
15,劉曉玫,107年縣(市)長選舉,首次申報,1070706,租用宣傳車輛支出,佑岩企業有限公司,80556450,0.00,3319.00,維修宣傳車輛支出,金錢,花蓮縣吉安鄉****,,
16,劉曉玫,107年縣(市)長選舉,首次申報,1070720,租用競選辦事處支出,易捷電腦,31658114,0.00,29700.00,租買辦公設備支出,金錢,花蓮縣花蓮市****,0383*****,
17,劉曉玫,107年縣(市)長選舉,首次申報,1070720,人事費用支出,黃子川,U12*******,0.00,9850.00,其他因工作酬勞之給付-夾報薪資,金錢,宜蘭縣冬山鄉****,,
18,劉曉玫,107年縣(市)長選舉,首次申報,1070730,宣傳支出,聖洋科技股份有限公司,28112580,0.00,50400.00,製作宣傳廣告支出LINE@,金錢,臺北市大安區****,,
19,劉曉玫,107年縣(市)長選舉,首次申報,1070730,宣傳支出,正東文化事業股份有限公司,28764891,0.00,100000.00,製作宣傳廣告支出,金錢,花蓮縣花蓮市****,,
20,劉曉玫,107年縣(市)長選舉,首次申報,1070731,宣傳支出,連花廣播電台股份有限公司,27595911,0.00,68000.00,製作宣傳廣告支出,金錢,花蓮縣花蓮市****,,
21,劉曉玫,107年縣(市)長選舉,首次申報,1070731,公共關係費用支出,琦翔企業社,49748237,0.00,16900.00,聯誼交際費用-花圈花籃,金錢,花蓮縣新城鄉****,0383*****,
22,劉曉玫,107年縣(市)長選舉,首次申報,1070731,宣傳支出,逸鷹工程行,67933993,0.00,89250.00,製作競選物品支出（物品名稱-定點鷹架）,金錢,花蓮縣吉安鄉****,,
23,劉曉玫,107年縣(市)長選舉,首次申報,1070731,宣傳支出,擷成企業社,92097071,0.00,34075.00,郵寄競選物品或宣傳廣告支出,金錢,花蓮縣花蓮市****,0383*****,
24,劉曉玫,107年縣(市)長選舉,首次申報,1070805,人事費用支出,賴富庭,F12*******,0.00,45000.00,工資或薪津,金錢,新北市萬里區****,,
25,劉曉玫,107年縣(市)長選舉,首次申報,1070805,人事費用支出,林怡安,U12*******,0.00,45000.00,工資或薪津,金錢,花蓮縣吉安鄉****,,
26,劉曉玫,107年縣(市)長選舉,首次申報,1070805,人事費用支出,古拉斯.吾木,U12*******,0.00,25000.00,工資或薪津,金錢,花蓮縣花蓮市****,,
27,劉曉玫,107年縣(市)長選舉,首次申報,1070805,人事費用支出,陳聖文,U12*******,0.00,10000.00,工資或薪津,金錢,花蓮縣吉安鄉****,,
28,劉曉玫,107年縣(市)長選舉,首次申報,1070806,宣傳支出,正東文化事業股份有限公司,28764891,0.00,20000.00,播送、傳送或刊登宣傳廣告支出,金錢,花蓮縣花蓮市****,0385*****,
29,劉曉玫,107年縣(市)長選舉,首次申報,1070806,人事費用支出,黃克丞,U12*******,0.00,2100.00,工資或薪津,金錢,花蓮縣花蓮市****,,
30,劉曉玫,107年縣(市)長選舉,首次申報,1070806,人事費用支出,郭安柔,U22*******,0.00,1680.00,工資或薪津,金錢,花蓮縣花蓮市****,,
31,劉曉玫,107年縣(市)長選舉,首次申報,1070807,人事費用支出,方彥頻,U22*******,0.00,1500.00,工資或薪津,金錢,花蓮縣吉安鄉****,,
32,劉曉玫,107年縣(市)長選舉,首次申報,1070811,雜支支出,雷譜企業,99418416,0.00,7000.00,雜項購置或修繕費用-小蜜蜂,金錢,花蓮縣吉安鄉****,0385*****,
33,劉曉玫,107年縣(市)長選舉,首次申報,1070815,宣傳支出,色彩創意廣告印刷,24209562,0.00,7350.00,製作競選物品支出（物品名稱-旗幟）,金錢,北縣新莊市復****,,
34,劉曉玫,107年縣(市)長選舉,首次申報,1070815,宣傳支出,五四工作室,30360017,0.00,58706.00,製作競選物品支出（物品名稱-DM）,金錢,新北市三重區****,,
35,劉曉玫,107年縣(市)長選舉,首次申報,1070816,雜支支出,彭明德藝術工作坊,78843082,0.00,19000.00,雜項購置或修繕費用,金錢,花蓮縣花蓮市****,0383*****,
36,劉曉玫,107年縣(市)長選舉,首次申報,1070820,宣傳支出,均安資訊有限公司,29177527,0.00,94500.00,播送、傳送或刊登宣傳廣告支出,金錢,臺北市松山區****,0277*****,
37,劉曉玫,107年縣(市)長選舉,首次申報,1070821,雜支支出,海光茶行,94696538,0.00,10400.00,餐飲費用-茶葉,金錢,花蓮縣瑞穗鄉****,0388*****,
38,劉曉玫,107年縣(市)長選舉,首次申報,1070821,宣傳支出,後山廣播電台股份有限公司,97045714,0.00,50000.00,製作宣傳廣告支出,金錢,花蓮縣花蓮市****,,
39,劉曉玫,107年縣(市)長選舉,首次申報,1070822,人事費用支出,富邦人壽股份有限公司,27935073,0.00,11673.00,工資或薪津-工作人員保險費,金錢,臺北市松山區****,,
40,劉曉玫,107年縣(市)長選舉,首次申報,1070823,宣傳支出,奇智風雅企業,50599501,0.00,66000.00,製作競選物品支出（物品名稱-文宣品）,金錢,花蓮縣吉安鄉****,,
41,劉曉玫,107年縣(市)長選舉,首次申報,1070823,宣傳支出,奇智風雅企業,50599501,0.00,282460.00,製作競選物品支出（物品名稱-文宣品等）,金錢,花蓮縣吉安鄉****,,
42,劉曉玫,107年縣(市)長選舉,首次申報,1070824,宣傳支出,海棠事業社,30184223,0.00,174000.00,製作宣傳廣告支出-競選歌曲,金錢,花蓮縣光復鄉****,0987*****,
43,劉曉玫,107年縣(市)長選舉,首次申報,1070827,人事費用支出,吳麗玉,U22*******,0.00,8000.00,工資或薪津-鼓車,金錢,花蓮縣新城鄉****,,
44,劉曉玫,107年縣(市)長選舉,首次申報,1070829,宣傳支出,頂好企業社,30153707,0.00,44360.00,郵寄競選物品或宣傳廣告支出,金錢,花蓮縣吉安鄉****,0385*****,
45,劉曉玫,107年縣(市)長選舉,首次申報,1070831,返還支出,惠普股份有限公司,12371385,0.00,300000.00,返還,金錢,臺北市大同區****,,
46,劉曉玫,107年縣(市)長選舉,首次申報,1070831,租用宣傳車輛支出,佑岩企業有限公司,80556450,0.00,3000.00,維修宣傳車輛支出,金錢,花蓮縣吉安鄉****,,
47,劉曉玫,107年縣(市)長選舉,首次申報,1070831,人事費用支出,劉及柔,U12*******,0.00,35000.00,工資或薪津,金錢,花蓮縣吉安鄉****,,
48,劉曉玫,107年縣(市)長選舉,首次申報,1070903,人事費用支出,王政捷,F13*******,0.00,11560.00,工資或薪津,金錢,新北市樹林區****,,
49,劉曉玫,107年縣(市)長選舉,首次申報,1070903,人事費用支出,黃克丞,U12*******,0.00,27400.00,工資或薪津,金錢,花蓮縣花蓮市****,,
50,劉曉玫,107年縣(市)長選舉,首次申報,1070903,人事費用支出,郭安柔,U22*******,0.00,27800.00,工資或薪津,金錢,花蓮縣花蓮市****,,
51,劉曉玫,107年縣(市)長選舉,首次申報,1070903,人事費用支出,方彥頻,U22*******,0.00,20500.00,工資或薪津,金錢,花蓮縣吉安鄉****,,
52,劉曉玫,107年縣(市)長選舉,首次申報,1070904,人事費用支出,林琮盛,D12*******,0.00,10000.00,工資或薪津,金錢,臺南市北區文****,,
53,劉曉玫,107年縣(市)長選舉,首次申報,1070904,人事費用支出,賴富庭,F12*******,0.00,45000.00,工資或薪津,金錢,新北市萬里區****,,
54,劉曉玫,107年縣(市)長選舉,首次申報,1070904,人事費用支出,林念婷,F22*******,0.00,30000.00,工資或薪津,金錢,花蓮縣壽豐鄉****,,
55,劉曉玫,107年縣(市)長選舉,首次申報,1070904,人事費用支出,古拉斯.吾木,U12*******,0.00,30000.00,工資或薪津,金錢,花蓮縣花蓮市****,,
56,劉曉玫,107年縣(市)長選舉,首次申報,1070904,人事費用支出,林怡安,U12*******,0.00,45000.00,工資或薪津,金錢,花蓮縣吉安鄉****,,
57,劉曉玫,107年縣(市)長選舉,首次申報,1070904,人事費用支出,陳聖文,U12*******,0.00,10000.00,工資或薪津,金錢,花蓮縣吉安鄉****,,
58,劉曉玫,107年縣(市)長選舉,首次申報,1070904,人事費用支出,王格致,U12*******,0.00,10000.00,工資或薪津,金錢,花蓮縣吉安鄉****,,
59,劉曉玫,107年縣(市)長選舉,首次申報,1070906,宣傳支出,五四工作室,30360017,0.00,28350.00,製作競選物品支出（物品名稱-DM）,金錢,新北市三重區****,,
60,劉曉玫,107年縣(市)長選舉,首次申報,1070907,宣傳支出,奇智風雅企業,50599501,0.00,88515.00,製作競選物品支出（物品名稱-文宣品）,金錢,花蓮縣吉安鄉****,,
61,劉曉玫,107年縣(市)長選舉,首次申報,1070908,宣傳支出,奇智風雅企業,50599501,0.00,325238.00,製作競選物品支出（物品名稱-旗幟等）,金錢,花蓮縣吉安鄉****,,
62,劉曉玫,107年縣(市)長選舉,首次申報,1070930,宣傳支出,洄瀾有線電視股份有限公司,16449841,0.00,300000.00,播送、傳送或刊登宣傳廣告支出,金錢,花蓮縣吉安鄉****,,
63,劉曉玫,107年縣(市)長選舉,首次申報,1071001,宣傳支出,山采廣告社,20062073,0.00,600000.00,製作競選物品支出（物品名稱-定點看板帆布製作）,金錢,花蓮縣吉安鄉****,0385*****,
64,劉曉玫,107年縣(市)長選舉,首次申報,1071001,宣傳支出,坤泰服裝行,94836854,0.00,70000.00,製作競選物品支出（物品名稱-競選服裝）,金錢,花蓮縣花蓮市****,0383*****,
65,劉曉玫,107年縣(市)長選舉,首次申報,1071001,人事費用支出,林琮盛,D12*******,0.00,10000.00,工資或薪津,金錢,臺南市北區文****,,
66,劉曉玫,107年縣(市)長選舉,首次申報,1071001,人事費用支出,賴富庭,F12*******,0.00,48000.00,工資或薪津,金錢,新北市萬里區****,,
67,劉曉玫,107年縣(市)長選舉,首次申報,1071001,人事費用支出,林念婷,F22*******,0.00,30000.00,工資或薪津,金錢,花蓮縣壽豐鄉****,,
68,劉曉玫,107年縣(市)長選舉,首次申報,1071001,人事費用支出,林怡安,U12*******,0.00,45000.00,工資或薪津,金錢,花蓮縣吉安鄉****,,
69,劉曉玫,107年縣(市)長選舉,首次申報,1071001,人事費用支出,王格致,U12*******,0.00,10000.00,工資或薪津,金錢,花蓮縣吉安鄉****,,
70,劉曉玫,107年縣(市)長選舉,首次申報,1071001,人事費用支出,古拉斯.吾木,U12*******,0.00,25000.00,工資或薪津,金錢,花蓮縣花蓮市****,,
71,劉曉玫,107年縣(市)長選舉,首次申報,1071001,人事費用支出,陳聖文,U12*******,0.00,13000.00,工資或薪津,金錢,花蓮縣吉安鄉****,,
72,劉曉玫,107年縣(市)長選舉,首次申報,1071005,宣傳支出,奇智風雅企業,50599501,0.00,415787.00,製作競選物品支出（物品名稱-DM印刷&扇子製作等）,金錢,花蓮縣吉安鄉****,0385*****,
73,劉曉玫,107年縣(市)長選舉,首次申報,1071019,公共關係費用支出,琦翔企業社,49748237,0.00,13000.00,聯誼交際費用-花圈花籃,金錢,花蓮縣新城鄉****,,
74,劉曉玫,107年縣(市)長選舉,首次申報,1071025,宣傳支出,逸鷹工程行,67933993,0.00,237086.00,製作競選物品支出（物品名稱-定點看板鐵架）,金錢,花蓮縣吉安鄉****,0385*****,
75,劉曉玫,107年縣(市)長選舉,首次申報,1071029,宣傳支出,遠景印刷企業有限公司,94849422,0.00,275000.00,製作宣傳廣告支出-文宣,金錢,花蓮縣花蓮市****,0383*****,
76,劉曉玫,107年縣(市)長選舉,首次申報,1071030,宣傳支出,金楓製帽有限公司,80131010,0.00,294000.00,製作競選物品支出（物品名稱-文宣品-帽子）,金錢,雲林縣莿桐鄉****,0557*****,
77,劉曉玫,107年縣(市)長選舉,首次申報,1071105,人事費用支出,林琮盛,D12*******,0.00,10000.00,工資或薪津,金錢,臺南市北區文****,,
78,劉曉玫,107年縣(市)長選舉,首次申報,1071105,人事費用支出,鄭宇恆,E12*******,0.00,29827.00,工資或薪津,金錢,高雄市鼓山區****,,
79,劉曉玫,107年縣(市)長選舉,首次申報,1071105,人事費用支出,賴富庭,F12*******,0.00,48000.00,工資或薪津,金錢,新北市萬里區****,,
80,劉曉玫,107年縣(市)長選舉,首次申報,1071105,人事費用支出,林念婷,F22*******,0.00,30000.00,工資或薪津,金錢,花蓮縣壽豐鄉****,,
81,劉曉玫,107年縣(市)長選舉,首次申報,1071105,人事費用支出,林念婷,F22*******,0.00,30000.00,工資或薪津,金錢,花蓮縣壽豐鄉****,,
82,劉曉玫,107年縣(市)長選舉,首次申報,1071105,人事費用支出,林怡安,U12*******,0.00,45000.00,工資或薪津,金錢,花蓮縣吉安鄉****,,
83,劉曉玫,107年縣(市)長選舉,首次申報,1071105,人事費用支出,王格致,U12*******,0.00,10000.00,工資或薪津,金錢,花蓮縣吉安鄉****,,
84,劉曉玫,107年縣(市)長選舉,首次申報,1071105,人事費用支出,陳聖文,U12*******,0.00,13000.00,工資或薪津,金錢,花蓮縣吉安鄉****,,
85,劉曉玫,107年縣(市)長選舉,首次申報,1071105,人事費用支出,古拉斯.吾木,U12*******,0.00,25000.00,工資或薪津,金錢,花蓮縣花蓮市****,,
86,劉曉玫,107年縣(市)長選舉,首次申報,1071109,宣傳支出,統盈影印社,18057721,0.00,9000.00,製作競選物品支出（物品名稱-DM）,金錢,花蓮縣花蓮市****,,
87,劉曉玫,107年縣(市)長選舉,首次申報,1071110,租用宣傳車輛支出,東威企業社,18048012,0.00,22000.00,維修宣傳車輛支出,金錢,花蓮縣花蓮市****,,
88,劉曉玫,107年縣(市)長選舉,首次申報,1071110,人事費用支出,吳欣穎,N22*******,0.00,7200.00,工資或薪津,金錢,花蓮縣吉安鄉****,,
89,劉曉玫,107年縣(市)長選舉,首次申報,1071110,人事費用支出,吳泓諭,U12*******,0.00,40000.00,工資或薪津,金錢,花蓮縣花蓮市****,,
90,劉曉玫,107年縣(市)長選舉,首次申報,1071110,人事費用支出,賴秋霞,V22*******,0.00,7200.00,工資或薪津,金錢,花蓮縣新城鄉****,,
91,劉曉玫,107年縣(市)長選舉,首次申報,1071111,租用宣傳車輛支出,徐振風,U12*******,0.00,17500.00,雇用宣傳車輛駕駛支出,金錢,花蓮縣玉里鎮****,,
92,劉曉玫,107年縣(市)長選舉,首次申報,1071111,人事費用支出,曾秀珍,U22*******,0.00,8000.00,工資或薪津,金錢,花蓮縣玉里鎮****,,
93,劉曉玫,107年縣(市)長選舉,首次申報,1071111,人事費用支出,黃馨卉,U22*******,0.00,8000.00,工資或薪津,金錢,花蓮縣花蓮市****,,
94,劉曉玫,107年縣(市)長選舉,首次申報,1071112,宣傳支出,擷成企業社,92097071,0.00,79000.00,郵寄競選物品或宣傳廣告支出,金錢,花蓮縣花蓮市****,,
95,劉曉玫,107年縣(市)長選舉,首次申報,1071112,租用宣傳車輛支出,林國顯,M10*******,0.00,5650.00,雇用宣傳車輛駕駛支出,金錢,花蓮縣吉安鄉****,,
96,劉曉玫,107年縣(市)長選舉,首次申報,1071112,租用宣傳車輛支出,陳廣發,U10*******,0.00,4500.00,雇用宣傳車輛駕駛支出,金錢,花蓮縣吉安鄉****,,
97,劉曉玫,107年縣(市)長選舉,首次申報,1071112,租用宣傳車輛支出,張博和,U10*******,0.00,10500.00,雇用宣傳車輛駕駛支出,金錢,花蓮縣吉安鄉****,,
98,劉曉玫,107年縣(市)長選舉,首次申報,1071112,租用宣傳車輛支出,吾木.胡典,U10*******,0.00,10350.00,雇用宣傳車輛駕駛支出,金錢,花蓮縣花蓮市****,,
99,劉曉玫,107年縣(市)長選舉,首次申報,1071112,租用宣傳車輛支出,陳文清,U12*******,0.00,11500.00,雇用宣傳車輛駕駛支出,金錢,花蓮縣壽豐鄉****,,
100,劉曉玫,107年縣(市)長選舉,首次申報,1071112,租用宣傳車輛支出,賴盛章,U12*******,0.00,3000.00,雇用宣傳車輛駕駛支出,金錢,花蓮縣吉安鄉****,,
101,劉曉玫,107年縣(市)長選舉,首次申報,1071112,人事費用支出,盧羽卉,U22*******,0.00,8000.00,其他因工作酬勞之給付,金錢,花蓮縣吉安鄉****,,
102,劉曉玫,107年縣(市)長選舉,首次申報,1071113,雜支支出,一東玩具業有限公司,04481959,0.00,15068.00,雜項購置或修繕費用-汽笛,金錢,臺北市長安西****,0225*****,
103,劉曉玫,107年縣(市)長選舉,首次申報,1071113,宣傳支出,正東文化事業股份有限公司,28764891,0.00,8000.00,製作宣傳廣告支出,金錢,花蓮縣花蓮市****,,
104,劉曉玫,107年縣(市)長選舉,首次申報,1071113,租用宣傳車輛支出,駿森企業社,41465045,0.00,32000.00,維修宣傳車輛支出,金錢,花蓮縣吉安鄉****,,
105,劉曉玫,107年縣(市)長選舉,首次申報,1071113,租用宣傳車輛支出,吾木.胡典,U10*******,0.00,6000.00,雇用宣傳車輛駕駛支出,金錢,花蓮縣花蓮市****,,
106,劉曉玫,107年縣(市)長選舉,首次申報,1071113,租用宣傳車輛支出,簡莉穎,U22*******,0.00,8650.00,租用宣傳車輛支出,金錢,花蓮縣花蓮市****,,
107,劉曉玫,107年縣(市)長選舉,首次申報,1071114,租用宣傳車輛支出,張永昌,U12*******,0.00,20000.00,雇用宣傳車輛駕駛支出,金錢,花蓮縣萬榮鄉****,,
108,劉曉玫,107年縣(市)長選舉,首次申報,1071114,人事費用支出,陳伶伶,U22*******,0.00,4970.00,工資或薪津,金錢,花蓮縣吉安鄉****,,
109,劉曉玫,107年縣(市)長選舉,首次申報,1071115,公共關係費用支出,琦翔企業社,27595911,0.00,72900.00,聯誼交際費用,金錢,花蓮縣新城鄉****,,
110,劉曉玫,107年縣(市)長選舉,首次申報,1071115,宣傳支出,頂好企業社,30153707,0.00,44360.00,郵寄競選物品或宣傳廣告支出,金錢,花蓮縣吉安鄉****,,
111,劉曉玫,107年縣(市)長選舉,首次申報,1071116,集會支出,小倆口食品行,41461364,0.00,41250.00,餐飲支出,金錢,花蓮縣吉安鄉****,,
112,劉曉玫,107年縣(市)長選舉,首次申報,1071116,租用宣傳車輛支出,李錦坤,U10*******,0.00,22000.00,雇用宣傳車輛駕駛支出,金錢,花蓮縣光復鄉****,,
113,劉曉玫,107年縣(市)長選舉,首次申報,1071116,人事費用支出,葉家倫,U12*******,0.00,6000.00,工資或薪津,金錢,花蓮縣花蓮市****,,
114,劉曉玫,107年縣(市)長選舉,首次申報,1071117,宣傳支出,正東文化事業股份有限公司,28764891,0.00,72000.00,播送、傳送或刊登宣傳廣告支出,金錢,花蓮縣花蓮市****,,
115,劉曉玫,107年縣(市)長選舉,首次申報,1071117,宣傳支出,大統印刷行,94825414,0.00,290000.00,製作競選物品支出（物品名稱-文宣DM）,金錢,花蓮縣花蓮市****,0385*****,
116,劉曉玫,107年縣(市)長選舉,首次申報,1071117,租用宣傳車輛支出,秦研行,U10*******,0.00,22000.00,雇用宣傳車輛駕駛支出,金錢,花蓮縣壽豐鄉****,,
117,劉曉玫,107年縣(市)長選舉,首次申報,1071117,租用宣傳車輛支出,徐振風,U12*******,0.00,17500.00,雇用宣傳車輛駕駛支出,金錢,花蓮縣玉里鎮****,,
118,劉曉玫,107年縣(市)長選舉,首次申報,1071118,宣傳支出,頂好企業社,30153707,0.00,35760.00,郵寄競選物品或宣傳廣告支出,金錢,花蓮縣吉安鄉****,,
119,劉曉玫,107年縣(市)長選舉,首次申報,1071118,集會支出,競選總部,V22*******,0.00,75000.00,租用設備支出,非金錢,國興****,,
120,劉曉玫,107年縣(市)長選舉,首次申報,1071118,集會支出,競選總部,V22*******,0.00,29000.00,租用設備支出,非金錢,花蓮縣花蓮市****,,
121,劉曉玫,107年縣(市)長選舉,首次申報,1071119,宣傳支出,洄瀾有線電視股份有限公司,16449841,0.00,200000.00,播送、傳送或刊登宣傳廣告支出,金錢,花蓮縣吉安鄉****,0385*****,
122,劉曉玫,107年縣(市)長選舉,首次申報,1071119,宣傳支出,錦澔燈光音響股份有限公司,53303117,0.00,100000.00,製作宣傳廣告支出,金錢,花蓮縣吉安鄉****,0921*****,
123,劉曉玫,107年縣(市)長選舉,首次申報,1071119,宣傳支出,更生日報股份有限公司,94768687,0.00,368750.00,播送、傳送或刊登宣傳廣告支出,金錢,花蓮縣花蓮市****,,
124,劉曉玫,107年縣(市)長選舉,首次申報,1071119,租用宣傳車輛支出,陳文清,U12*******,0.00,10500.00,雇用宣傳車輛駕駛支出,金錢,花蓮縣壽豐鄉****,,
125,劉曉玫,107年縣(市)長選舉,首次申報,1071119,集會支出,競選總部,V22*******,0.00,75000.00,租用設備支出,非金錢,花蓮縣花蓮市****,,
126,劉曉玫,107年縣(市)長選舉,首次申報,1071120,宣傳支出,連花廣播電台股份有限公司,27595911,0.00,20000.00,播送、傳送或刊登宣傳廣告支出,金錢,花蓮縣花蓮市****,,
127,劉曉玫,107年縣(市)長選舉,首次申報,1071120,租用宣傳車輛支出,非凡光電廣告社,34887689,0.00,19600.00,租用宣傳車輛支出,金錢,花蓮縣吉安鄉****,,
128,劉曉玫,107年縣(市)長選舉,首次申報,1071120,人事費用支出,王振洲,A12*******,0.00,30000.00,工資或薪津,金錢,花蓮縣壽豐鄉****,,
129,劉曉玫,107年縣(市)長選舉,首次申報,1071121,宣傳支出,擷成企業社,92097071,0.00,56000.00,郵寄競選物品或宣傳廣告支出,金錢,花蓮縣花蓮市****,,
130,劉曉玫,107年縣(市)長選舉,首次申報,1071121,租用宣傳車輛支出,許進能,U10*******,0.00,22800.00,租用宣傳車輛支出,金錢,花蓮縣鳳林鎮****,,
131,劉曉玫,107年縣(市)長選舉,首次申報,1071123,宣傳支出,擷成企業社,92097071,0.00,28000.00,郵寄競選物品或宣傳廣告支出,金錢,花蓮縣花蓮市****,,
132,劉曉玫,107年縣(市)長選舉,首次申報,1071124,租用宣傳車輛支出,非凡光電廣告社,34887689,0.00,14000.00,租用宣傳車輛支出,金錢,花蓮縣吉安鄉****,,
133,劉曉玫,107年縣(市)長選舉,首次申報,1071125,宣傳支出,奇智風雅企業,50599501,0.00,31752.00,製作競選物品支出（物品名稱-定點帆布）,金錢,花蓮縣吉安鄉****,,
134,劉曉玫,107年縣(市)長選舉,首次申報,1071126,集會支出,奇雲企業社,50741303,0.00,61000.00,租用設備支出,金錢,花蓮縣花蓮市****,,
135,劉曉玫,107年縣(市)長選舉,首次申報,1071126,租用宣傳車輛支出,鐘享文,O10*******,0.00,50000.00,租用宣傳車輛支出,金錢,花蓮縣光復鄉****,,
136,劉曉玫,107年縣(市)長選舉,首次申報,1071126,人事費用支出,彭敏,U12*******,0.00,35000.00,工資或薪津,金錢,花蓮縣花蓮市****,,
137,劉曉玫,107年縣(市)長選舉,首次申報,1071126,人事費用支出,胡芷瑄,U22*******,0.00,35000.00,工資或薪津,金錢,花蓮縣吉安鄉****,,
138,劉曉玫,107年縣(市)長選舉,首次申報,1071126,人事費用支出,王湘瑜,U22*******,0.00,35000.00,工資或薪津,金錢,花蓮縣吉安鄉****,,
139,劉曉玫,107年縣(市)長選舉,首次申報,1071126,人事費用支出,李心妍,U22*******,0.00,30000.00,工資或薪津,金錢,花蓮縣花蓮市****,,
140,劉曉玫,107年縣(市)長選舉,首次申報,1071127,公共關係費用支出,翠先蘭園,18045916,0.00,47000.00,聯誼交際費用-花,金錢,花蓮縣吉安鄉****,,
141,劉曉玫,107年縣(市)長選舉,首次申報,1071127,人事費用支出,賴家聲,F12*******,0.00,30000.00,工資或薪津,金錢,花蓮縣花蓮市****,,
142,劉曉玫,107年縣(市)長選舉,首次申報,1071127,人事費用支出,張琇茹,F22*******,0.00,30000.00,工資或薪津,金錢,花蓮縣花蓮市****,,
143,劉曉玫,107年縣(市)長選舉,首次申報,1071130,集會支出,東穎通運有限公司,16800041,0.00,153500.00,租用設備支出,金錢,花蓮縣吉安鄉****,,
144,劉曉玫,107年縣(市)長選舉,首次申報,1071130,雜支支出,中華電信股份有限公司花蓮營運處,19533364,0.00,15852.00,電信費用,金錢,花蓮縣花蓮市****,,
145,劉曉玫,107年縣(市)長選舉,首次申報,1071130,人事費用支出,鄭宇恆,E12*******,0.00,39340.00,工資或薪津,金錢,高雄市鼓山區****,,
146,劉曉玫,107年縣(市)長選舉,首次申報,1071201,交通旅運支出,國雲公寓大廈管理維護有限公司,01762646,0.00,31140.00,停車費,金錢,花蓮縣花蓮市****,,
147,劉曉玫,107年縣(市)長選舉,首次申報,1071201,人事費用支出,賴富庭,F12*******,0.00,48000.00,工資或薪津,金錢,新北市萬里區****,,
148,劉曉玫,107年縣(市)長選舉,首次申報,1071201,人事費用支出,陳華強,F12*******,0.00,300000.00,工資或薪津-月,金錢,新北市新店區****,,
149,劉曉玫,107年縣(市)長選舉,首次申報,1071201,人事費用支出,林怡安,U12*******,0.00,45000.00,工資或薪津,金錢,花蓮縣吉安鄉****,,
150,劉曉玫,107年縣(市)長選舉,首次申報,1071201,人事費用支出,陳聖文,U12*******,0.00,13000.00,工資或薪津,金錢,花蓮縣吉安鄉****,,
151,劉曉玫,107年縣(市)長選舉,首次申報,1071201,人事費用支出,古拉斯.吾木,U12*******,0.00,25000.00,工資或薪津,金錢,花蓮縣花蓮市****,,
152,劉曉玫,107年縣(市)長選舉,首次申報,1071205,人事費用支出,林琮盛,D12*******,0.00,10000.00,工資或薪津,金錢,臺南市北區文****,,
153,劉曉玫,107年縣(市)長選舉,首次申報,1071205,人事費用支出,王格致,U12*******,0.00,10000.00,工資或薪津,金錢,花蓮縣吉安鄉****,,
154,劉曉玫,107年縣(市)長選舉,首次申報,1071210,雜支支出,台灣電力公司,03795904,0.00,7471.00,水電瓦斯費用,金錢,臺北市羅斯福****,,
