﻿序號,擬參選人／政黨,選舉名稱,申報序號／年度,交易日期,收支科目,捐贈者／支出對象,身分證／統一編號,收入金額,支出金額,支出用途,金錢類,地址,聯絡電話,資料更正日期
1,霍秀珍,107年村(里)長選舉,首次申報,1071024,個人捐贈收入,經濟黨黨部 主席:張采明,,3300.00,0.00,,非金錢,台北市信義區****,,
2,霍秀珍,107年村(里)長選舉,首次申報,1071027,個人捐贈收入,新北市議員張錦豪候選服務處,,2000.00,0.00,,非金錢,新北市汐止區****,,
3,霍秀珍,107年村(里)長選舉,首次申報,1071027,個人捐贈收入,郭奇旺,P10*******,2100.00,0.00,,非金錢,新北市汐平路****,,
4,霍秀珍,107年村(里)長選舉,首次申報,1071027,個人捐贈收入,曾道義,S10*******,2000.00,0.00,,非金錢,新北市三峽區****,,
5,霍秀珍,107年村(里)長選舉,首次申報,1071027,個人捐贈收入,賴鈺明,U22*******,1200.00,0.00,,非金錢,台北市萬華區****,,
6,霍秀珍,107年村(里)長選舉,首次申報,1071031,個人捐贈收入,新北市廖正良議員服務處,,1200.00,0.00,,非金錢,新北市汐止區****,,
