﻿序號,擬參選人／政黨,選舉名稱,申報序號／年度,交易日期,收支科目,捐贈者／支出對象,身分證／統一編號,收入金額,支出金額,支出用途,金錢類,地址,聯絡電話,資料更正日期
1,張怡,107年鄉(鎮、市)長選舉,首次申報,1071027,宣傳支出,畫塘廣告設計,25885055,0.00,4280.00,製作宣傳廣告支出,金錢,屏東縣恆春鎮****,08-8*****,
2,張怡,107年鄉(鎮、市)長選舉,首次申報,1071031,宣傳支出,畫塘廣告設計,25885055,0.00,6240.00,製作宣傳廣告支出,金錢,屏東縣恆春鎮****,,
3,張怡,107年鄉(鎮、市)長選舉,首次申報,1071108,宣傳支出,畫塘廣告設計,25885055,0.00,3520.00,製作宣傳廣告支出,金錢,屏東縣恆春鎮****,,
4,張怡,107年鄉(鎮、市)長選舉,首次申報,1071117,宣傳支出,鈺銘工作室,36623332,0.00,7900.00,製作宣傳廣告支出,金錢,屏東縣屏東市****,,
5,張怡,107年鄉(鎮、市)長選舉,首次申報,1071121,宣傳支出,自由派報社,25700851,0.00,1200.00,播送、傳送或刊登宣傳廣告支出,金錢,屏東縣恆春鎮****,,
6,張怡,107年鄉(鎮、市)長選舉,首次申報,1071121,宣傳支出,畫塘廣告設計,25885055,0.00,800.00,製作宣傳廣告支出,金錢,屏東縣恆春鎮****,08-8*****,
7,張怡,107年鄉(鎮、市)長選舉,首次申報,1071123,租用宣傳車輛支出,門馬羅企業行,25763948,0.00,6500.00,播送、傳送或刊登宣傳廣告支出,金錢,屏東縣滿州鄉****,08-8*****,
8,張怡,107年鄉(鎮、市)長選舉,首次申報,1071123,租用競選辦事處支出,競選總部,A22*******,0.00,8000.00,租用競選辦事處費用,非金錢,屏東縣恆春鎮****,,
9,張怡,107年鄉(鎮、市)長選舉,首次申報,1071126,宣傳支出,壹鳴工作室,14485547,0.00,23100.00,製作競選物品支出（物品名稱-請填寫）,金錢,屏東縣恆春鎮****,08-8*****,
