﻿序號,擬參選人／政黨,選舉名稱,申報序號／年度,交易日期,收支科目,捐贈者／支出對象,身分證／統一編號,收入金額,支出金額,捐贈方式,存入專戶日期,返還/繳庫,支出用途,金錢類,地址,聯絡電話,應揭露之支出對象,支出對象之內部人員姓名,支出對象之內部人員職稱,政黨之內部人員姓名,政黨之內部人員職稱,關係,更正註記,資料更正日期
1,黄玉芬,111年彰化縣彰化市市長選舉,首次申報,1111003,匿名捐贈,匿名1,,500.00,0.00,匯款,1111003,,,金錢,,,,,,,,,,
2,黄玉芬,111年彰化縣彰化市市長選舉,首次申報,1111012,個人捐贈收入,黃傳灝,N10*******,100000.00,0.00,匯款,1111012,,,金錢,彰化縣彰化市****,,,,,,,,,
3,黄玉芬,111年彰化縣彰化市市長選舉,首次申報,1111012,個人捐贈收入,許淑姿,N20*******,100000.00,0.00,匯款,1111012,,,金錢,彰化縣彰化市****,,,,,,,,,
4,黄玉芬,111年彰化縣彰化市市長選舉,首次申報,1111018,個人捐贈收入,黃智嘉,N12*******,100000.00,0.00,匯款,1111018,,,金錢,桃園市八德區****,,,,,,,,,
5,黄玉芬,111年彰化縣彰化市市長選舉,首次申報,1111025,匿名捐贈,匿名2,,1000.00,0.00,匯款,1111025,,,金錢,,,,,,,,,,
6,黄玉芬,111年彰化縣彰化市市長選舉,首次申報,1111116,個人捐贈收入,陳芊蕙,H22*******,100000.00,0.00,匯款,1111116,,,金錢,桃園市八德區****,,,,,,,,,
7,黄玉芬,111年彰化縣彰化市市長選舉,首次申報,1111122,個人捐贈收入,黃啟賓,N12*******,100000.00,0.00,匯款,1111122,,,金錢,彰化縣彰化市****,,,,,,,,,
8,黄玉芬,111年彰化縣彰化市市長選舉,首次申報,1111125,個人捐贈收入,徐紹展,H12*******,30000.00,0.00,匯款,1111125,,,金錢,新北市淡水區****,,,,,,,,,
9,黄玉芬,111年彰化縣彰化市市長選舉,首次申報,1111221,其他收入,利息收入,,152.00,0.00,匯款,1111221,,,金錢,,,,,,,,,,
