﻿序號,擬參選人／政黨,選舉名稱,申報序號／年度,交易日期,收支科目,捐贈者／支出對象,身分證／統一編號,收入金額,支出金額,捐贈方式,存入專戶日期,返還/繳庫,支出用途,金錢類,地址,聯絡電話,應揭露之支出對象,支出對象之內部人員姓名,支出對象之內部人員職稱,政黨之內部人員姓名,政黨之內部人員職稱,關係,更正註記,資料更正日期
1,林旻勳,111年基隆市議員選舉,首次申報,1110627,個人捐贈收入,簡黛如,F22*******,1000.00,0.00,匯款,1110701,,,金錢,基隆市暖暖區****,0918*****,,,,,,,,
2,林旻勳,111年基隆市議員選舉,首次申報,1110628,個人捐贈收入,蘇錦雲,,2000.00,0.00,匯款,1110701,,,金錢,基隆市暖暖區****,0922*****,,,,,,,,
3,林旻勳,111年基隆市議員選舉,首次申報,1110628,個人捐贈收入,賴文莉,K22*******,3000.00,0.00,匯款,1110701,,,金錢,基隆市暖暖區****,0953*****,,,,,,,,
4,林旻勳,111年基隆市議員選舉,首次申報,1110701,營利事業捐贈收入,鈦伝科技有限公司,28165811,20000.00,0.00,匯款,1110708,已返還,,金錢,基隆市仁愛區****,,,,,,,,,
5,林旻勳,111年基隆市議員選舉,首次申報,1110705,個人捐贈收入,王素秋,,2000.00,0.00,匯款,1110705,,,金錢,基隆市東勢街****,0955*****,,,,,,,,
6,林旻勳,111年基隆市議員選舉,首次申報,1110728,個人捐贈收入,李世綸,,2000.00,0.00,匯款,1110805,,,金錢,基隆市暖暖區****,0911*****,,,,,,,,
7,林旻勳,111年基隆市議員選舉,首次申報,1110803,個人捐贈收入,侯國安,K12*******,2000.00,0.00,匯款,1110812,,,金錢,基隆市暖暖區****,0921*****,,,,,,,,
8,林旻勳,111年基隆市議員選舉,首次申報,1110822,個人捐贈收入,魯袁菲,C22*******,20000.00,0.00,現金,1110822,,,金錢,基隆市暖暖區****,0916*****,,,,,,,,
9,林旻勳,111年基隆市議員選舉,首次申報,1110901,個人捐贈收入,洪建川,F12*******,6000.00,0.00,匯款,1110901,,,金錢,基隆市暖暖區****,,,,,,,,,
10,林旻勳,111年基隆市議員選舉,首次申報,1110914,個人捐贈收入,王文淵,C10*******,100000.00,0.00,匯款,1110914,,,金錢,基隆市暖暖區****,,,,,,,,,
11,林旻勳,111年基隆市議員選舉,首次申報,1111001,個人捐贈收入,童國豪,C12*******,10000.00,0.00,匯款,1111001,,,金錢,基隆市暖暖區****,0981*****,,,,,,,,
12,林旻勳,111年基隆市議員選舉,首次申報,1111018,個人捐贈收入,王進良,C12*******,3000.00,0.00,匯款,1111018,,,金錢,基隆市暖暖區****,,,,,,,,,
13,林旻勳,111年基隆市議員選舉,首次申報,1111021,個人捐贈收入,楊峻丞,C12*******,5000.00,0.00,匯款,1111021,,,金錢,基隆市信義區****,0976*****,,,,,,,,
14,林旻勳,111年基隆市議員選舉,首次申報,1111024,個人捐贈收入,陳志聰,C12*******,20000.00,0.00,匯款,1111024,,,金錢,基隆市暖暖區****,0953*****,,,,,,,,
15,林旻勳,111年基隆市議員選舉,首次申報,1111024,個人捐贈收入,楊榮川,F12*******,3000.00,0.00,匯款,1111024,,,金錢,基隆市暖暖區****,0911*****,,,,,,,,
16,林旻勳,111年基隆市議員選舉,首次申報,1111025,營利事業捐贈收入,鈦伝科技有限公司,28165811,20000.00,0.00,匯款,1111025,已返還,,金錢,基隆市仁愛區****,0224*****,,,,,,,,
17,林旻勳,111年基隆市議員選舉,首次申報,1111025,個人捐贈收入,周添富,C10*******,20000.00,0.00,現金,1111025,,,金錢,基隆市信義區****,,,,,,,,,
18,林旻勳,111年基隆市議員選舉,首次申報,1111026,個人捐贈收入,陸瑛中,C12*******,5000.00,0.00,匯款,1111026,,,金錢,基隆市暖暖區****,02-2*****,,,,,,,,
19,林旻勳,111年基隆市議員選舉,首次申報,1111028,營利事業捐贈收入,漢堡大師,42099779,6000.00,0.00,匯款,1111028,,,金錢,基隆市暖暖區****,02-2*****,,,,,,,,
20,林旻勳,111年基隆市議員選舉,首次申報,1111028,個人捐贈收入,石玉芬,C22*******,10000.00,0.00,匯款,1111028,,,金錢,基隆市暖暖區****,0935*****,,,,,,,,
21,林旻勳,111年基隆市議員選舉,首次申報,1111031,個人捐贈收入,吳丹婕,F22*******,20000.00,0.00,匯款,1111031,,,金錢,基隆市暖暖區****,02-2*****,,,,,,,,
22,林旻勳,111年基隆市議員選舉,首次申報,1111101,營利事業捐贈收入,晶淨科技股份有限公司,12692247,200000.00,0.00,匯款,1111101,已返還,,金錢,臺北市八德路****,02-2*****,,,,,,,,
23,林旻勳,111年基隆市議員選舉,首次申報,1111102,個人捐贈收入,陳嘉和,C12*******,10000.00,0.00,匯款,1111104,,,金錢,基隆市暖暖區****,0938*****,,,,,,,,
24,林旻勳,111年基隆市議員選舉,首次申報,1111102,個人捐贈收入,周姿岑,C22*******,10000.00,0.00,匯款,1111102,,,金錢,基隆市暖暖區****,0983*****,,,,,,,,
25,林旻勳,111年基隆市議員選舉,首次申報,1111105,個人捐贈收入,吳和,,2000.00,0.00,匯款,1111105,,,金錢,新北市瑞芳區****,0911*****,,,,,,,,
26,林旻勳,111年基隆市議員選舉,首次申報,1111105,個人捐贈收入,吳思汎,,2000.00,0.00,現金,1111105,,,金錢,新北市瑞芳區****,0913*****,,,,,,,,
27,林旻勳,111年基隆市議員選舉,首次申報,1111105,營利事業捐贈收入,劉師父筋絡整復,41255316,6600.00,0.00,匯款,1111105,,,金錢,基隆市暖暖區****,0923*****,,,,,,,,
28,林旻勳,111年基隆市議員選舉,首次申報,1111105,個人捐贈收入,余香慧,C22*******,3000.00,0.00,匯款,1111105,,,金錢,基隆市暖暖區****,0902*****,,,,,,,,
29,林旻勳,111年基隆市議員選舉,首次申報,1111105,個人捐贈收入,葉于寧,C22*******,6000.00,0.00,現金,1111109,,,金錢,基隆市暖暖區****,,,,,,,,,
30,林旻勳,111年基隆市議員選舉,首次申報,1111108,營利事業捐贈收入,南隆機車行,60378577,6000.00,0.00,匯款,1111108,,,金錢,基隆市暖暖區****,,,,,,,,,
31,林旻勳,111年基隆市議員選舉,首次申報,1111108,個人捐贈收入,陳美玲,C22*******,10000.00,0.00,匯款,1111108,,,金錢,基隆市暖暖區****,0928*****,,,,,,,,
32,林旻勳,111年基隆市議員選舉,首次申報,1111108,個人捐贈收入,游坤松,G10*******,5000.00,0.00,現金,1111109,,,金錢,基隆市暖暖區****,0919*****,,,,,,,,
33,林旻勳,111年基隆市議員選舉,首次申報,1111109,營利事業捐贈收入,三禾倉儲股份有限公司,22890409,100000.00,0.00,票據,1111111,,,金錢,基隆市暖暖區****,02-2*****,,,,,,,,
34,林旻勳,111年基隆市議員選舉,首次申報,1111109,營利事業捐贈收入,立煜企業股份有限公司,39173205,100000.00,0.00,票據,1111111,,,金錢,基隆市暖暖區****,02-2*****,,,,,,,,
35,林旻勳,111年基隆市議員選舉,首次申報,1111110,個人捐贈收入,柯寶川,F12*******,50000.00,0.00,匯款,1111110,,,金錢,基隆市暖暖區****,02-2*****,,,,,,,,
36,林旻勳,111年基隆市議員選舉,首次申報,1111114,營利事業捐贈收入,和大文化企業有限公司,23238049,10000.00,0.00,現金,1111115,,,金錢,基隆市仁愛區****,02-2*****,,,,,,,,
37,林旻勳,111年基隆市議員選舉,首次申報,1111116,個人捐贈收入,蔡明達,C12*******,3000.00,0.00,匯款,1111117,,,金錢,基隆市仁愛區****,,,,,,,,,
38,林旻勳,111年基隆市議員選舉,首次申報,1111118,個人捐贈收入,黃美雪,,2000.00,0.00,匯款,1111118,,,金錢,基隆市暖暖區****,,,,,,,,,
