﻿序號,擬參選人／政黨,選舉名稱,申報序號／年度,交易日期,收支科目,捐贈者／支出對象,身分證／統一編號,收入金額,支出金額,支出用途,金錢類,地址,聯絡電話,資料更正日期
1,洪巧娟,107年縣(市)議員選舉,首次申報,1070822,匿名捐贈,匿名1,,150.00,0.00,,金錢,,,
2,洪巧娟,107年縣(市)議員選舉,首次申報,1070823,匿名捐贈,匿名2,,2000.00,0.00,,金錢,,,
3,洪巧娟,107年縣(市)議員選舉,首次申報,1070830,個人捐贈收入,曹永宏,A12*******,2000.00,0.00,,金錢,彰化縣田中鎮****,,
4,洪巧娟,107年縣(市)議員選舉,首次申報,1070914,匿名捐贈,匿名3,,500.00,0.00,,金錢,,,
5,洪巧娟,107年縣(市)議員選舉,首次申報,1070918,個人捐贈收入,游銹傾,P12*******,12000.00,0.00,,金錢,彰化縣二林鎮****,,
6,洪巧娟,107年縣(市)議員選舉,首次申報,1071019,個人捐贈收入,林嘉勳,N10*******,20000.00,0.00,,金錢,臺北市八德路****,,
7,洪巧娟,107年縣(市)議員選舉,首次申報,1071022,個人捐贈收入,蔡炳烈,M10*******,100000.00,0.00,,金錢,臺中市北屯區****,,
8,洪巧娟,107年縣(市)議員選舉,首次申報,1071103,個人捐贈收入,李芳玟,M22*******,10000.00,0.00,,金錢,南投縣草屯鎮****,,
9,洪巧娟,107年縣(市)議員選舉,首次申報,1071107,個人捐贈收入,陳森,M20*******,2000.00,0.00,,金錢,南投縣草屯鎮****,,
10,洪巧娟,107年縣(市)議員選舉,首次申報,1071115,營利事業捐贈收入,茂田企業社,34793178,66000.00,0.00,,金錢,宜蘭縣宜蘭市****,,
11,洪巧娟,107年縣(市)議員選舉,首次申報,1071115,個人捐贈收入,江國令,N12*******,2000.00,0.00,,金錢,彰化縣北斗鎮****,,
12,洪巧娟,107年縣(市)議員選舉,首次申報,1071115,政黨捐贈收入,民主進步黨,政黨證字第16號,12000.00,0.00,,金錢,台北市北平東****,(02)*****,
13,洪巧娟,107年縣(市)議員選舉,首次申報,1071122,個人捐贈收入,劉正元,L12*******,20000.00,0.00,,金錢,南投縣草屯鎮****,,
14,洪巧娟,107年縣(市)議員選舉,首次申報,1071122,個人捐贈收入,李翊嘉,M12*******,20000.00,0.00,,金錢,南投縣草屯鎮****,,
15,洪巧娟,107年縣(市)議員選舉,首次申報,1071221,其他收入,利息收入,,4.00,0.00,,金錢,,,
