﻿序號,擬參選人／政黨,選舉名稱,申報序號／年度,交易日期,收支科目,捐贈者／支出對象,身分證／統一編號,收入金額,支出金額,支出用途,金錢類,地址,聯絡電話,資料更正日期
1,林淑完,107年縣(市)議員選舉,首次申報,1071109,營利事業捐贈收入,上昇糧食有限公司,79966420,40000.00,0.00,,金錢,嘉義縣溪口鄉****,,
2,林淑完,107年縣(市)議員選舉,首次申報,1071109,個人捐贈收入,劉顯啓,Q10*******,20000.00,0.00,,金錢,嘉義縣民雄鄉****,,
3,林淑完,107年縣(市)議員選舉,首次申報,1071109,個人捐贈收入,劉人濬,Q12*******,20000.00,0.00,,金錢,嘉義縣民雄鄉****,,
4,林淑完,107年縣(市)議員選舉,首次申報,1071109,個人捐贈收入,張金松,Q12*******,20000.00,0.00,,金錢,嘉義縣民雄鄉****,,
5,林淑完,107年縣(市)議員選舉,首次申報,1071109,個人捐贈收入,黃日,Q20*******,20000.00,0.00,,金錢,嘉義縣民雄鄉****,,
6,林淑完,107年縣(市)議員選舉,首次申報,1071109,個人捐贈收入,何月珠,Q20*******,20000.00,0.00,,金錢,嘉義縣民雄鄉****,,
7,林淑完,107年縣(市)議員選舉,首次申報,1071109,個人捐贈收入,黃瑄珮,Q20*******,20000.00,0.00,,金錢,嘉義縣民雄鄉****,,
8,林淑完,107年縣(市)議員選舉,首次申報,1071109,個人捐贈收入,黃玉蓮,Q22*******,20000.00,0.00,,金錢,嘉義縣民雄鄉****,,
9,林淑完,107年縣(市)議員選舉,首次申報,1071109,個人捐贈收入,黃春足,Q22*******,20000.00,0.00,,金錢,嘉義縣民雄鄉****,,
10,林淑完,107年縣(市)議員選舉,首次申報,1071110,個人捐贈收入,張美戀,K22*******,20000.00,0.00,,金錢,嘉義縣民雄鄉****,,
11,林淑完,107年縣(市)議員選舉,首次申報,1071110,個人捐贈收入,張培濤,L10*******,20000.00,0.00,,金錢,嘉義縣民雄鄉****,,
12,林淑完,107年縣(市)議員選舉,首次申報,1071110,個人捐贈收入,江順德,L10*******,20000.00,0.00,,金錢,嘉義縣民雄鄉****,,
13,林淑完,107年縣(市)議員選舉,首次申報,1071110,個人捐贈收入,江廖彩雲,L20*******,20000.00,0.00,,金錢,嘉義縣民雄鄉****,,
14,林淑完,107年縣(市)議員選舉,首次申報,1071110,個人捐贈收入,蘇俊豪,Q12*******,20000.00,0.00,,金錢,嘉義縣民雄鄉****,,
15,林淑完,107年縣(市)議員選舉,首次申報,1071110,個人捐贈收入,劉振炎,Q12*******,20000.00,0.00,,金錢,嘉義縣民雄鄉****,,
16,林淑完,107年縣(市)議員選舉,首次申報,1071110,個人捐贈收入,周彩霞,Q20*******,20000.00,0.00,,金錢,嘉義市遠東街****,,
17,林淑完,107年縣(市)議員選舉,首次申報,1071110,個人捐贈收入,黃麗娟,R22*******,20000.00,0.00,,金錢,嘉義縣民雄鄉****,,
