﻿序號,擬參選人／政黨,選舉名稱,申報序號／年度,交易日期,收支科目,捐贈者／支出對象,身分證／統一編號,收入金額,支出金額,捐贈方式,存入專戶日期,返還/繳庫,支出用途,金錢類,地址,聯絡電話,應揭露之支出對象,支出對象之內部人員姓名,支出對象之內部人員職稱,政黨之內部人員姓名,政黨之內部人員職稱,關係,更正註記,資料更正日期
1,侯漢廷,111年臺北市議員選舉,首次申報,1110501,租用競選辦事處支出,林簡勤,Y20*******,0.00,15000.00,,,,租用競選辦事處費用,金錢,臺北市士林區****,,否,,,,,,,
2,侯漢廷,111年臺北市議員選舉,首次申報,1110601,人事費用支出,何品立,F12*******,0.00,23324.00,,,,工資或薪津,金錢,新北市五股區****,0983*****,否,,,,,,,
3,侯漢廷,111年臺北市議員選舉,首次申報,1110601,人事費用支出,劉致妤,F22*******,0.00,15000.00,,,,加班費,金錢,臺北市士林區****,0978*****,否,,,,,,,
4,侯漢廷,111年臺北市議員選舉,首次申報,1110601,租用競選辦事處支出,林簡勤,Y20*******,0.00,15000.00,,,,租用競選辦事處費用,金錢,臺北市士林區****,,否,,,,,,,
5,侯漢廷,111年臺北市議員選舉,首次申報,1110623,宣傳支出,漁歌展業股份有限公司,96961862,0.00,12600.00,,,,租用廣告看板或車體廣告費用,金錢,臺北市中山區****,2562*****,否,,,,,,,
6,侯漢廷,111年臺北市議員選舉,首次申報,1110701,人事費用支出,高啓仁,A12*******,0.00,11297.00,,,,加班費,金錢,臺北市北投區****,0910*****,否,,,,,,,
7,侯漢廷,111年臺北市議員選舉,首次申報,1110701,人事費用支出,何品立,F12*******,0.00,25937.00,,,,工資或薪津,金錢,新北市五股區****,0983*****,否,,,,,,,
8,侯漢廷,111年臺北市議員選舉,首次申報,1110701,人事費用支出,劉致妤,F22*******,0.00,15000.00,,,,加班費,金錢,臺北市士林區****,0978*****,否,,,,,,,
9,侯漢廷,111年臺北市議員選舉,首次申報,1110701,租用競選辦事處支出,林簡勤,Y20*******,0.00,15000.00,,,,租用競選辦事處費用,金錢,臺北市士林區****,,否,,,,,,,
10,侯漢廷,111年臺北市議員選舉,首次申報,1110704,雜支支出,中華電信股份有限公司,81691784,0.00,1300.00,,,,電信費用,金錢,臺北市大安區****,,否,,,,,,,
11,侯漢廷,111年臺北市議員選舉,首次申報,1110714,租用宣傳車輛支出,金吉利貨車租賃有限公司,35850105,0.00,153000.00,,,,租用宣傳車輛費用,金錢,臺北市大同區****,02-2*****,否,,,,,,,
12,侯漢廷,111年臺北市議員選舉,首次申報,1110715,雜支支出,中華電信股份有限公司,81691784,0.00,1501.00,,,,電信費用,金錢,臺北市大安區****,,否,,,,,,,
13,侯漢廷,111年臺北市議員選舉,首次申報,1110716,租用競選辦事處支出,葉文達,U10*******,0.00,142900.00,,,,其他與租用競選辦事處有關之費用,金錢,臺北市北投區****,,否,,,,,,,
14,侯漢廷,111年臺北市議員選舉,首次申報,1110718,雜支支出,家福股份有限公司台北天母分公司,23931879,0.00,1320.00,,,,辦公用品-飲用水,金錢,臺北市士林區****,,否,,,,,,,
15,侯漢廷,111年臺北市議員選舉,首次申報,1110801,雜支支出,藍新科技股份有限公司,70565326,0.00,10659.00,,,,網路捐款手續費,金錢,臺北市南港區****,,否,,,,,,,
16,侯漢廷,111年臺北市議員選舉,首次申報,1110801,人事費用支出,陳竑睿,A12*******,0.00,13613.00,,,,工資或薪津,金錢,新北市新店區****,,否,,,,,,,
17,侯漢廷,111年臺北市議員選舉,首次申報,1110801,人事費用支出,高啓仁,A12*******,0.00,20000.00,,,,加班費,金錢,臺北市北投區****,0910*****,否,,,,,,,
18,侯漢廷,111年臺北市議員選舉,首次申報,1110801,人事費用支出,賴宥全,A12*******,0.00,20000.00,,,,加班費,金錢,臺北市萬華區****,0938*****,否,,,,,,,
19,侯漢廷,111年臺北市議員選舉,首次申報,1110801,人事費用支出,劉致妤,F22*******,0.00,15000.00,,,,加班費,金錢,臺北市士林區****,0978*****,否,,,,,,,
20,侯漢廷,111年臺北市議員選舉,首次申報,1110801,租用競選辦事處支出,林簡勤,Y20*******,0.00,15000.00,,,,租用競選辦事處費用,金錢,臺北市士林區****,,否,,,,,,,
21,侯漢廷,111年臺北市議員選舉,首次申報,1110802,雜支支出,台灣電力股份有限公司,03795904,0.00,9444.00,,,,水電瓦斯費用,金錢,臺北市中正區****,,否,,,,,,,
22,侯漢廷,111年臺北市議員選舉,首次申報,1110808,宣傳支出,宗取廣告有限公司,16498005,0.00,235680.00,,,,租用廣告看板及製作帆布,金錢,臺北市大安區****,,否,,,,,,,
23,侯漢廷,111年臺北市議員選舉,首次申報,1110815,雜支支出,中華電信股份有限公司,81691784,0.00,1928.00,,,,電信費用,金錢,臺北市大安區****,,否,,,,,,,
24,侯漢廷,111年臺北市議員選舉,首次申報,1110818,交通旅運支出,昭財投資股份有限公司基河停車場,72958261,0.00,4100.00,,,,停車費,金錢,臺北市士林區****,,否,,,,,,,
25,侯漢廷,111年臺北市議員選舉,首次申報,1110819,宣傳支出,優杰國際事業有限公司,80079915,0.00,29733.00,,,,郵寄競選物品,金錢,臺南市安平區****,,否,,,,,,,
26,侯漢廷,111年臺北市議員選舉,首次申報,1110822,宣傳支出,吸引力廣告設計社,13440620,0.00,61950.00,,,,車體廣告費用,金錢,臺北市大同區****,,否,,,,,,,
27,侯漢廷,111年臺北市議員選舉,首次申報,1110826,宣傳支出,吸引力廣告設計社,13440620,0.00,3000.00,,,,車體廣告費用,金錢,臺北市大同區****,,否,,,,,,,
28,侯漢廷,111年臺北市議員選舉,首次申報,1110826,雜支支出,家福股份有限公司台北天母分公司,23931879,0.00,2130.00,,,,辦公用品-飲用水及運動飲料,金錢,臺北市士林區****,,否,,,,,,,
29,侯漢廷,111年臺北市議員選舉,首次申報,1110828,雜支支出,墊腳石圖書廣場,24451594,0.00,64.00,,,,文具用品費用,金錢,臺北市士林區****,,否,,,,,,,
30,侯漢廷,111年臺北市議員選舉,首次申報,1110830,交通旅運支出,計程車,,0.00,205.00,,,,搭乘交通工具費用,金錢,,TDB-*****,否,,,,,,,
31,侯漢廷,111年臺北市議員選舉,首次申報,1110830,交通旅運支出,計程車,,0.00,330.00,,,,搭乘交通工具費用,金錢,,TDP7*****,否,,,,,,,
32,侯漢廷,111年臺北市議員選舉,首次申報,1110901,雜支支出,臺北自來水事業處,03774909,0.00,441.00,,,,水電瓦斯費用,金錢,臺北市士林區****,02-2*****,否,,,,,,,
33,侯漢廷,111年臺北市議員選舉,首次申報,1110901,宣傳支出,台灣摩菲爾國際股份有限公司,24312453,0.00,168000.00,,,,宣傳廣告費用（物品名稱-公車含製作）,金錢,臺北市中正區****,02-2*****,否,,,,,,,
34,侯漢廷,111年臺北市議員選舉,首次申報,1110901,宣傳支出,台灣摩菲爾國際股份有限公司,24312453,0.00,162750.00,,,,宣傳廣告費用（物品名稱-公車含製作）,金錢,臺北市中正區****,02-2*****,否,,,,,,,
35,侯漢廷,111年臺北市議員選舉,首次申報,1110901,雜支支出,陽明山瓦斯股份有限公司,29705246,0.00,200.00,,,,水電瓦斯費用,金錢,臺北市北投區****,02-2*****,否,,,,,,,
36,侯漢廷,111年臺北市議員選舉,首次申報,1110901,雜支支出,藍新科技股份有限公司,70565326,0.00,6722.00,,,,網路捐款手續費,金錢,臺北市南港區****,,否,,,,,,,
37,侯漢廷,111年臺北市議員選舉,首次申報,1110901,人事費用支出,高啓仁,A12*******,0.00,20146.00,,,,加班費,金錢,臺北市北投區****,0910*****,否,,,,,,,
38,侯漢廷,111年臺北市議員選舉,首次申報,1110901,人事費用支出,賴宥全,A12*******,0.00,21189.00,,,,加班費,金錢,臺北市萬華區****,0938*****,否,,,,,,,
39,侯漢廷,111年臺北市議員選舉,首次申報,1110901,人事費用支出,何品立,F12*******,0.00,7754.00,,,,加班費,金錢,新北市五股區****,0983*****,否,,,,,,,
40,侯漢廷,111年臺北市議員選舉,首次申報,1110901,人事費用支出,劉致妤,F22*******,0.00,15000.00,,,,加班費,金錢,臺北市士林區****,0978*****,否,,,,,,,
41,侯漢廷,111年臺北市議員選舉,首次申報,1110901,人事費用支出,謝育展,J12*******,0.00,6734.00,,,,加班費,金錢,新竹縣新豐鄉****,0978*****,否,,,,,,,
42,侯漢廷,111年臺北市議員選舉,首次申報,1110901,租用競選辦事處支出,林簡勤,Y20*******,0.00,15000.00,,,,租用競選辦事處費用,金錢,臺北市士林區****,,否,,,,,,,
43,侯漢廷,111年臺北市議員選舉,首次申報,1110906,雜支支出,墊腳石圖書廣場,24451594,0.00,301.00,,,,文具用品費用,金錢,臺北市士林區****,,否,,,,,,,
44,侯漢廷,111年臺北市議員選舉,首次申報,1110906,雜支支出,墊腳石圖書廣場,24451594,0.00,105.00,,,,辦公用品,金錢,臺北市士林區****,,否,,,,,,,
45,侯漢廷,111年臺北市議員選舉,首次申報,1110908,交通旅運支出,計程車,,0.00,190.00,,,,搭乘交通工具費用,金錢,,TDG5*****,否,,,,,,,
46,侯漢廷,111年臺北市議員選舉,首次申報,1110908,雜支支出,永昌資訊有限公司,05716927,0.00,360.00,,,,文具用品,金錢,臺北市中正區****,02-2*****,否,,,,,,,
47,侯漢廷,111年臺北市議員選舉,首次申報,1110908,雜支支出,墊腳石圖書廣場,24451594,0.00,160.00,,,,文具用品,金錢,臺北市士林區****,,否,,,,,,,
48,侯漢廷,111年臺北市議員選舉,首次申報,1110908,雜支支出,話題光碟有限公司,27747121,0.00,1000.00,,,,辦公用品,金錢,臺北市中正區****,02-2*****,否,,,,,,,
49,侯漢廷,111年臺北市議員選舉,首次申報,1110908,雜支支出,話題光碟有限公司,27747121,0.00,250.00,,,,文具用品,金錢,臺北市中正區****,02-2*****,否,,,,,,,
50,侯漢廷,111年臺北市議員選舉,首次申報,1110909,雜支支出,蔡元益湯圓紅茶店,14746022,0.00,2000.00,,,,餐飲費用,金錢,臺北市北投區****,02-2*****,否,,,,,,,
51,侯漢廷,111年臺北市議員選舉,首次申報,1110909,雜支支出,家福股份有限公司台北天母分公司,23931879,0.00,360.00,,,,辦公用品,金錢,臺北市士林區****,,否,,,,,,,
52,侯漢廷,111年臺北市議員選舉,首次申報,1110909,雜支支出,三商餐飲股份有限公司士林分公司,27999651,0.00,348.00,,,,餐飲費用,金錢,臺北市士林區****,02-2*****,否,,,,,,,
53,侯漢廷,111年臺北市議員選舉,首次申報,1110909,雜支支出,富利餐飲股份有限公司士林外送分公司,84308947,0.00,1330.00,,,,餐飲費用,金錢,臺北市士林區****,02-2*****,否,,,,,,,
54,侯漢廷,111年臺北市議員選舉,首次申報,1110914,交通旅運支出,計程車,,0.00,235.00,,,,搭乘交通工具費用,金錢,,TAD-*****,否,,,,,,,
55,侯漢廷,111年臺北市議員選舉,首次申報,1110914,交通旅運支出,計程車,,0.00,145.00,,,,搭乘交通工具費用,金錢,,151-*****,否,,,,,,,
56,侯漢廷,111年臺北市議員選舉,首次申報,1110914,交通旅運支出,計程車,,0.00,315.00,,,,搭乘交通工具費用,金錢,,TAJ-*****,否,,,,,,,
57,侯漢廷,111年臺北市議員選舉,首次申報,1110914,雜支支出,網路家庭國際資訊股份有限公司,16606102,0.00,889.00,,,,辦公用品-衛生紙,金錢,臺北市大安區****,02-2*****,否,,,,,,,
58,侯漢廷,111年臺北市議員選舉,首次申報,1110915,雜支支出,中華電信股份有限公司,81691784,0.00,1920.00,,,,電信費用,金錢,臺北市大安區****,,否,,,,,,,
59,侯漢廷,111年臺北市議員選舉,首次申報,1110919,交通旅運支出,昭財投資股份有限公司基河停車場,,0.00,5500.00,,,,停車費,金錢,臺北市士林區****,,否,,,,,,,
60,侯漢廷,111年臺北市議員選舉,首次申報,1110919,雜支支出,士林中正路郵局(臺北73支),,0.00,512.00,,,,郵寄-捐款收據,金錢,臺北市士林區****,(02)*****,否,,,,,,,
61,侯漢廷,111年臺北市議員選舉,首次申報,1110920,雜支支出,士林中正路郵局(臺北73支),,0.00,152.00,,,,郵寄-捐款收據,金錢,臺北市士林區****,(02)*****,否,,,,,,,
62,侯漢廷,111年臺北市議員選舉,首次申報,1110920,交通旅運支出,台灣中油股份有限公司 台灣中油（股）油品行銷事業部台北營業處文林路加油站,77402214,0.00,100.00,,,,油資,金錢,臺北市士林區****,,否,,,,,,,
63,侯漢廷,111年臺北市議員選舉,首次申報,1110921,雜支支出,台灣電力股份有限公司,03795904,0.00,1974.00,,,,水電瓦斯費用,金錢,臺北市中正區****,,否,,,,,,,
64,侯漢廷,111年臺北市議員選舉,首次申報,1110921,交通旅運支出,台灣中油股份有限公司 台灣中油（股）油品行銷事業部台北營業處文林路加油站,77402214,0.00,105.00,,,,油資,金錢,臺北市士林區****,,否,,,,,,,
65,侯漢廷,111年臺北市議員選舉,首次申報,1110921,交通旅運支出,台灣中油股份有限公司 台灣中油（股）油品行銷事業部台北營業處文林路加油站,77402214,0.00,102.00,,,,油資,金錢,臺北市士林區****,,否,,,,,,,
66,侯漢廷,111年臺北市議員選舉,首次申報,1110922,雜支支出,冠閣有限公司,16428959,0.00,27600.00,,,,飲用水,金錢,桃園市桃園區****,03-3*****,否,,,,,,,
67,侯漢廷,111年臺北市議員選舉,首次申報,1110922,交通旅運支出,台灣中油股份有限公司 台灣中油（股）油品行銷事業部台北營業處文林路加油站,77402214,0.00,144.00,,,,油資,金錢,臺北市士林區****,,否,,,,,,,
68,侯漢廷,111年臺北市議員選舉,首次申報,1110922,交通旅運支出,台灣中油股份有限公司 台灣中油（股）油品行銷事業部台北營業處文林路加油站,77402214,0.00,150.00,,,,油資,金錢,臺北市士林區****,,否,,,,,,,
69,侯漢廷,111年臺北市議員選舉,首次申報,1110923,雜支支出,富邦媒體科技股份有限公司,27365925,0.00,1790.00,,,,辦公用品-飲用水,金錢,臺北市內湖區****,,否,,,,,,,
70,侯漢廷,111年臺北市議員選舉,首次申報,1110924,交通旅運支出,台灣中油股份有限公司 台灣中油（股）油品行銷事業部台北營業處文林路加油站,77402214,0.00,74.00,,,,油資,金錢,臺北市士林區****,,否,,,,,,,
71,侯漢廷,111年臺北市議員選舉,首次申報,1110926,雜支支出,士林中正路郵局(臺北73支),,0.00,412.00,,,,郵寄-公文,金錢,臺北市士林區****,(02)*****,否,,,,,,,
72,侯漢廷,111年臺北市議員選舉,首次申報,1110926,交通旅運支出,台灣中油股份有限公司 台灣中油（股）油品行銷事業部台北營業處文林路加油站,77402214,0.00,122.00,,,,油資,金錢,臺北市士林區****,,否,,,,,,,
73,侯漢廷,111年臺北市議員選舉,首次申報,1110926,交通旅運支出,台灣中油股份有限公司 台灣中油（股）油品行銷事業部台北營業處文林路加油站,77402214,0.00,101.00,,,,油資,金錢,臺北市士林區****,,否,,,,,,,
74,侯漢廷,111年臺北市議員選舉,首次申報,1110926,交通旅運支出,台灣中油股份有限公司 台灣中油（股）油品行銷事業部台北營業處文林路加油站,77402214,0.00,800.00,,,,油資,金錢,臺北市士林區****,,否,,,,,,,
75,侯漢廷,111年臺北市議員選舉,首次申報,1110926,交通旅運支出,台灣中油股份有限公司 台灣中油（股）油品行銷事業部台北營業處文林路加油站,77402214,0.00,100.00,,,,油資,金錢,臺北市士林區****,,否,,,,,,,
76,侯漢廷,111年臺北市議員選舉,首次申報,1110927,宣傳支出,漁歌展業股份有限公司,96961862,0.00,246800.00,,,,車體廣告費用,金錢,臺北市中山區****,2562*****,否,,,,,,,
77,侯漢廷,111年臺北市議員選舉,首次申報,1110928,雜支支出,士林中正路郵局(臺北73支),,0.00,28.00,,,,郵寄-公文,金錢,臺北市士林區****,(02)*****,否,,,,,,,
78,侯漢廷,111年臺北市議員選舉,首次申報,1110929,交通旅運支出,台灣中油股份有限公司 台灣中油（股）油品行銷事業部台北營業處文林路加油站,77402214,0.00,140.00,,,,油資,金錢,臺北市士林區****,,否,,,,,,,
79,侯漢廷,111年臺北市議員選舉,首次申報,1110929,交通旅運支出,台灣中油股份有限公司 台灣中油（股）油品行銷事業部台北營業處文林路加油站,77402214,0.00,72.00,,,,油資,金錢,臺北市士林區****,,否,,,,,,,
80,侯漢廷,111年臺北市議員選舉,首次申報,1110929,交通旅運支出,台灣中油股份有限公司 台灣中油（股）油品行銷事業部台北營業處文林路加油站,77402214,0.00,91.00,,,,油資,金錢,臺北市士林區****,,否,,,,,,,
81,侯漢廷,111年臺北市議員選舉,首次申報,1110930,交通旅運支出,台灣中油股份有限公司 台灣中油（股）油品行銷事業部台北營業處文林路加油站,77402214,0.00,130.00,,,,油資,金錢,臺北市士林區****,,否,,,,,,,
82,侯漢廷,111年臺北市議員選舉,首次申報,1110930,交通旅運支出,台灣中油股份有限公司 台灣中油（股）油品行銷事業部台北營業處文林路加油站,77402214,0.00,105.00,,,,油資,金錢,臺北市士林區****,,否,,,,,,,
83,侯漢廷,111年臺北市議員選舉,首次申報,1110930,租用宣傳車輛支出,喜來昌廣告企業社,82362698,0.00,228000.00,,,,租用宣傳車輛費用,金錢,新北市三重區****,0982*****,否,,,,,,,
84,侯漢廷,111年臺北市議員選舉,首次申報,1111001,雜支支出,墊腳石圖書廣場,24451594,0.00,903.00,,,,文具用品費用,金錢,臺北市士林區****,,否,,,,,,,
85,侯漢廷,111年臺北市議員選舉,首次申報,1111001,雜支支出,藍新科技股份有限公司,70565326,0.00,15293.00,,,,網路捐款手續費,金錢,臺北市南港區****,,否,,,,,,,
86,侯漢廷,111年臺北市議員選舉,首次申報,1111001,交通旅運支出,台灣中油股份有限公司 台灣中油（股）油品行銷事業部台北營業處文林路加油站,77402214,0.00,64.00,,,,油資,金錢,臺北市士林區****,,否,,,,,,,
87,侯漢廷,111年臺北市議員選舉,首次申報,1111001,人事費用支出,高啓仁,A12*******,0.00,20000.00,,,,加班費,金錢,臺北市北投區****,0910*****,否,,,,,,,
88,侯漢廷,111年臺北市議員選舉,首次申報,1111001,人事費用支出,黃冠捷,A12*******,0.00,33000.00,,,,工資或薪津,金錢,臺北市內湖區****,0976*****,否,,,,,,,
89,侯漢廷,111年臺北市議員選舉,首次申報,1111001,人事費用支出,賴宥全,A12*******,0.00,18470.00,,,,加班費,金錢,臺北市萬華區****,0938*****,否,,,,,,,
90,侯漢廷,111年臺北市議員選舉,首次申報,1111001,人事費用支出,何品立,F12*******,0.00,10913.00,,,,加班費,金錢,新北市五股區****,0983*****,否,,,,,,,
91,侯漢廷,111年臺北市議員選舉,首次申報,1111001,人事費用支出,劉致妤,F22*******,0.00,15000.00,,,,加班費,金錢,臺北市士林區****,0978*****,否,,,,,,,
92,侯漢廷,111年臺北市議員選舉,首次申報,1111001,人事費用支出,謝育展,J12*******,0.00,12113.00,,,,加班費,金錢,新竹縣新豐鄉****,0978*****,否,,,,,,,
93,侯漢廷,111年臺北市議員選舉,首次申報,1111001,人事費用支出,賴宏彥,N12*******,0.00,10000.00,,,,加班費,金錢,新北市新店區****,0928*****,否,,,,,,,
94,侯漢廷,111年臺北市議員選舉,首次申報,1111001,人事費用支出,朱嵐楨,R22*******,0.00,12856.00,,,,工資或薪津,金錢,新北市板橋區****,0917*****,否,,,,,,,
95,侯漢廷,111年臺北市議員選舉,首次申報,1111001,租用競選辦事處支出,林簡勤,Y20*******,0.00,15000.00,,,,租用競選辦事處費用,金錢,臺北市士林區****,,否,,,,,,,
96,侯漢廷,111年臺北市議員選舉,首次申報,1111002,交通旅運支出,台灣中油股份有限公司 台灣中油（股）油品行銷事業部台北營業處文林路加油站,77402214,0.00,115.00,,,,油資,金錢,臺北市士林區****,,否,,,,,,,
97,侯漢廷,111年臺北市議員選舉,首次申報,1111003,雜支支出,台灣電力股份有限公司,03795904,0.00,14348.00,,,,水電瓦斯費用,金錢,臺北市中正區****,,否,,,,,,,
98,侯漢廷,111年臺北市議員選舉,首次申報,1111003,交通旅運支出,台灣中油股份有限公司 台灣中油（股）油品行銷事業部台北營業處文林路加油站,77402214,0.00,133.00,,,,油資,金錢,臺北市士林區****,,否,,,,,,,
99,侯漢廷,111年臺北市議員選舉,首次申報,1111003,交通旅運支出,台灣中油股份有限公司 台灣中油（股）油品行銷事業部台北營業處文林路加油站,77402214,0.00,98.00,,,,油資,金錢,臺北市士林區****,,否,,,,,,,
100,侯漢廷,111年臺北市議員選舉,首次申報,1111004,交通旅運支出,台灣中油股份有限公司 台灣中油（股）油品行銷事業部台北營業處文林路加油站,77402214,0.00,127.00,,,,油資,金錢,臺北市士林區****,,否,,,,,,,
101,侯漢廷,111年臺北市議員選舉,首次申報,1111005,交通旅運支出,台灣中油股份有限公司 台灣中油（股）油品行銷事業部台北營業處文林路加油站,77402214,0.00,150.00,,,,油資,金錢,臺北市士林區****,,否,,,,,,,
102,侯漢廷,111年臺北市議員選舉,首次申報,1111005,交通旅運支出,台灣中油股份有限公司 台灣中油（股）油品行銷事業部台北營業處文林路加油站,77402214,0.00,117.00,,,,油資,金錢,臺北市士林區****,,否,,,,,,,
103,侯漢廷,111年臺北市議員選舉,首次申報,1111005,交通旅運支出,台灣中油股份有限公司 台灣中油（股）油品行銷事業部台北營業處文林路加油站,77402214,0.00,112.00,,,,油資,金錢,臺北市士林區****,,否,,,,,,,
104,侯漢廷,111年臺北市議員選舉,首次申報,1111006,交通旅運支出,台灣中油股份有限公司 台灣中油（股）油品行銷事業部台北營業處文林路加油站,77402214,0.00,120.00,,,,油資,金錢,臺北市士林區****,,否,,,,,,,
105,侯漢廷,111年臺北市議員選舉,首次申報,1111006,交通旅運支出,台灣中油股份有限公司 台灣中油（股）油品行銷事業部台北營業處文林路加油站,77402214,0.00,112.00,,,,油資,金錢,臺北市士林區****,,否,,,,,,,
106,侯漢廷,111年臺北市議員選舉,首次申報,1111008,交通旅運支出,計程車,,0.00,365.00,,,,搭乘交通工具費用,金錢,,TDG2*****,否,,,,,,,
107,侯漢廷,111年臺北市議員選舉,首次申報,1111008,交通旅運支出,台灣中油股份有限公司 台灣中油（股）油品行銷事業部台北營業處文林路加油站,77402214,0.00,160.00,,,,油資,金錢,臺北市士林區****,,否,,,,,,,
108,侯漢廷,111年臺北市議員選舉,首次申報,1111008,交通旅運支出,台灣中油股份有限公司 台灣中油（股）油品行銷事業部台北營業處文林路加油站,77402214,0.00,500.00,,,,油資,金錢,臺北市士林區****,,否,,,,,,,
109,侯漢廷,111年臺北市議員選舉,首次申報,1111008,交通旅運支出,台灣中油股份有限公司 台灣中油（股）油品行銷事業部台北營業處文林路加油站,77402214,0.00,80.00,,,,油資,金錢,臺北市士林區****,,否,,,,,,,
110,侯漢廷,111年臺北市議員選舉,首次申報,1111009,雜支支出,墊腳石圖書廣場,24451594,0.00,602.00,,,,文具用品,金錢,臺北市士林區****,,否,,,,,,,
111,侯漢廷,111年臺北市議員選舉,首次申報,1111009,雜支支出,墊腳石圖書廣場,24451594,0.00,128.00,,,,辦公用品-隨身碟,金錢,臺北市士林區****,,否,,,,,,,
112,侯漢廷,111年臺北市議員選舉,首次申報,1111009,雜支支出,欣欣攝影禮服社,31089275,0.00,900.00,,,,影印費用,金錢,臺北市士林區****,02-2*****,否,,,,,,,
113,侯漢廷,111年臺北市議員選舉,首次申報,1111011,交通旅運支出,台灣中油股份有限公司 台灣中油（股）油品行銷事業部台北營業處文林路加油站,77402214,0.00,1018.00,,,,油資,金錢,臺北市士林區****,,否,,,,,,,
114,侯漢廷,111年臺北市議員選舉,首次申報,1111011,交通旅運支出,台灣中油股份有限公司 台灣中油（股）油品行銷事業部台北營業處文林路加油站,77402214,0.00,144.00,,,,油資,金錢,臺北市士林區****,,否,,,,,,,
115,侯漢廷,111年臺北市議員選舉,首次申報,1111011,雜支支出,統一超商股份有限公司-台北市第五三一分公司,80339975,0.00,179.00,,,,辦公用品-電池,金錢,臺北市士林區****,,否,,,,,,,
116,侯漢廷,111年臺北市議員選舉,首次申報,1111012,雜支支出,義美股份有限公司士林分公司,28682441,0.00,2093.00,,,,餐飲費用,金錢,,,否,,,,,,,
117,侯漢廷,111年臺北市議員選舉,首次申報,1111012,雜支支出,建華商行,48899025,0.00,1800.00,,,,小國旗,金錢,臺北市北投區****,02-2*****,否,,,,,,,
118,侯漢廷,111年臺北市議員選舉,首次申報,1111012,交通旅運支出,台灣中油股份有限公司 台灣中油（股）油品行銷事業部台北營業處文林路加油站,77402214,0.00,102.00,,,,油資,金錢,臺北市士林區****,,否,,,,,,,
119,侯漢廷,111年臺北市議員選舉,首次申報,1111012,交通旅運支出,台灣中油股份有限公司 台灣中油（股）油品行銷事業部台北營業處文林路加油站,77402214,0.00,160.00,,,,油資,金錢,臺北市士林區****,,否,,,,,,,
120,侯漢廷,111年臺北市議員選舉,首次申報,1111013,交通旅運支出,計程車,,0.00,95.00,,,,搭乘交通工具費用,金錢,,TDG1*****,否,,,,,,,
121,侯漢廷,111年臺北市議員選舉,首次申報,1111013,交通旅運支出,台灣中油股份有限公司 台灣中油（股）油品行銷事業部台北營業處文林路加油站,77402214,0.00,110.00,,,,油資,金錢,臺北市士林區****,,否,,,,,,,
122,侯漢廷,111年臺北市議員選舉,首次申報,1111013,交通旅運支出,台灣中油股份有限公司 台灣中油（股）油品行銷事業部台北營業處文林路加油站,77402214,0.00,78.00,,,,油資,金錢,臺北市士林區****,,否,,,,,,,
123,侯漢廷,111年臺北市議員選舉,首次申報,1111013,交通旅運支出,台灣中油股份有限公司 台灣中油（股）油品行銷事業部台北營業處文林路加油站,77402214,0.00,300.00,,,,油資,金錢,臺北市士林區****,,否,,,,,,,
124,侯漢廷,111年臺北市議員選舉,首次申報,1111013,人事費用支出,鄭亦真,F22*******,0.00,3000.00,,,,工資或薪津,金錢,新北市三重區****,0988*****,否,,,,,,,
125,侯漢廷,111年臺北市議員選舉,首次申報,1111014,雜支支出,上豪五金生活百貨館,25557356,0.00,280.00,,,,辦公用品,金錢,臺北市士林區****,02-2*****,否,,,,,,,
126,侯漢廷,111年臺北市議員選舉,首次申報,1111014,交通旅運支出,台灣中油股份有限公司 台灣中油（股）油品行銷事業部台北營業處文林路加油站,77402214,0.00,143.00,,,,油資,金錢,臺北市士林區****,,否,,,,,,,
127,侯漢廷,111年臺北市議員選舉,首次申報,1111015,雜支支出,墊腳石圖書廣場,24451594,0.00,301.00,,,,文具用品,金錢,臺北市士林區****,,否,,,,,,,
128,侯漢廷,111年臺北市議員選舉,首次申報,1111015,交通旅運支出,台灣中油股份有限公司 台灣中油（股）油品行銷事業部台北營業處文林路加油站,77402214,0.00,82.00,,,,油資,金錢,臺北市士林區****,,否,,,,,,,
129,侯漢廷,111年臺北市議員選舉,首次申報,1111016,雜支支出,布萊梅小吃店,42339102,0.00,130.00,,,,餐飲費用,金錢,臺北市士林區****,,否,,,,,,,
130,侯漢廷,111年臺北市議員選舉,首次申報,1111016,交通旅運支出,台灣中油股份有限公司 台灣中油（股）油品行銷事業部台北營業處文林路加油站,77402214,0.00,155.00,,,,油資,金錢,臺北市士林區****,,否,,,,,,,
131,侯漢廷,111年臺北市議員選舉,首次申報,1111016,交通旅運支出,台灣中油股份有限公司 台灣中油（股）油品行銷事業部台北營業處文林路加油站,77402214,0.00,72.00,,,,油資,金錢,臺北市士林區****,,否,,,,,,,
132,侯漢廷,111年臺北市議員選舉,首次申報,1111016,雜支支出,鳳家小吃店,81726952,0.00,130.00,,,,餐飲費用,金錢,臺北市士林區****,,否,,,,,,,
133,侯漢廷,111年臺北市議員選舉,首次申報,1111017,雜支支出,士林中正路郵局(臺北73支),,0.00,288.00,,,,郵寄-捐款收據,金錢,臺北市士林區****,(02)*****,否,,,,,,,
134,侯漢廷,111年臺北市議員選舉,首次申報,1111017,雜支支出,墊腳石圖書廣場,24451594,0.00,160.00,,,,文具用品費用,金錢,臺北市士林區****,,否,,,,,,,
135,侯漢廷,111年臺北市議員選舉,首次申報,1111017,雜支支出,特力屋股份有限公司-士林分公司,70798872,0.00,999.00,,,,辦公用品-拖把組,金錢,臺北市士林區****,,否,,,,,,,
136,侯漢廷,111年臺北市議員選舉,首次申報,1111017,交通旅運支出,台灣中油股份有限公司 台灣中油（股）油品行銷事業部台北營業處文林路加油站,77402214,0.00,70.00,,,,油資,金錢,臺北市士林區****,,否,,,,,,,
137,侯漢廷,111年臺北市議員選舉,首次申報,1111017,交通旅運支出,台灣中油股份有限公司 台灣中油（股）油品行銷事業部台北營業處文林路加油站,77402214,0.00,110.00,,,,油資,金錢,臺北市士林區****,,否,,,,,,,
138,侯漢廷,111年臺北市議員選舉,首次申報,1111017,雜支支出,中華電信股份有限公司,81691784,0.00,2063.00,,,,電信費用,金錢,臺北市大安區****,,否,,,,,,,
139,侯漢廷,111年臺北市議員選舉,首次申報,1111018,雜支支出,藍色馬克蔬食坊,10382581,0.00,300.00,,,,餐飲費用,金錢,臺北市士林區****,02-8*****,否,,,,,,,
140,侯漢廷,111年臺北市議員選舉,首次申報,1111019,交通旅運支出,台灣中油股份有限公司 台灣中油（股）油品行銷事業部台北營業處文林路加油站,77402214,0.00,143.00,,,,油資,金錢,臺北市士林區****,,否,,,,,,,
141,侯漢廷,111年臺北市議員選舉,首次申報,1111019,交通旅運支出,台灣中油股份有限公司 台灣中油（股）油品行銷事業部台北營業處文林路加油站,77402214,0.00,115.00,,,,油資,金錢,臺北市士林區****,,否,,,,,,,
142,侯漢廷,111年臺北市議員選舉,首次申報,1111020,雜支支出,士林中正路郵局(臺北73支),,0.00,28.00,,,,郵寄-公文,金錢,臺北市士林區****,(02)*****,否,,,,,,,
143,侯漢廷,111年臺北市議員選舉,首次申報,1111020,交通旅運支出,台灣中油股份有限公司 台灣中油（股）油品行銷事業部台北營業處文林路加油站,77402214,0.00,142.00,,,,油資,金錢,臺北市士林區****,,否,,,,,,,
144,侯漢廷,111年臺北市議員選舉,首次申報,1111020,交通旅運支出,台灣中油股份有限公司 台灣中油（股）油品行銷事業部台北營業處文林路加油站,77402214,0.00,913.00,,,,油資,金錢,臺北市士林區****,,否,,,,,,,
145,侯漢廷,111年臺北市議員選舉,首次申報,1111020,交通旅運支出,台灣中油股份有限公司 台灣中油（股）油品行銷事業部台北營業處文林路加油站,77402214,0.00,103.00,,,,油資,金錢,臺北市士林區****,,否,,,,,,,
146,侯漢廷,111年臺北市議員選舉,首次申報,1111021,交通旅運支出,台灣中油股份有限公司 台灣中油（股）油品行銷事業部台北營業處文林路加油站,77402214,0.00,55.00,,,,油資,金錢,臺北市士林區****,,否,,,,,,,
147,侯漢廷,111年臺北市議員選舉,首次申報,1111021,交通旅運支出,台灣中油股份有限公司 台灣中油（股）油品行銷事業部台北營業處文林路加油站,77402214,0.00,132.00,,,,油資,金錢,臺北市士林區****,,否,,,,,,,
148,侯漢廷,111年臺北市議員選舉,首次申報,1111021,雜支支出,誠格企業有限公司,89306665,0.00,270.00,,,,文具用品費用,金錢,臺北市士林區****,02-2*****,否,,,,,,,
149,侯漢廷,111年臺北市議員選舉,首次申報,1111023,宣傳支出,吸引力廣告設計社,13440620,0.00,11813.00,,,,宣傳廣告費用,金錢,臺北市大同區****,02-2*****,否,,,,,,,
150,侯漢廷,111年臺北市議員選舉,首次申報,1111024,雜支支出,網路家庭國際資訊股份有限公司,16606102,0.00,1404.00,,,,辦公用品-水,金錢,臺北市大安區****,02-2*****,否,,,,,,,
151,侯漢廷,111年臺北市議員選舉,首次申報,1111024,雜支支出,網路家庭國際資訊股份有限公司,16606102,0.00,3395.00,,,,辦公用品-小蜜蜂,金錢,臺北市大安區****,02-2*****,否,,,,,,,
152,侯漢廷,111年臺北市議員選舉,首次申報,1111024,雜支支出,墊腳石圖書廣場,24451594,0.00,602.00,,,,文具用品費用,金錢,臺北市士林區****,,否,,,,,,,
153,侯漢廷,111年臺北市議員選舉,首次申報,1111024,交通旅運支出,台灣中油股份有限公司 台灣中油（股）油品行銷事業部台北營業處文林路加油站,77402214,0.00,124.00,,,,油資,金錢,臺北市士林區****,,否,,,,,,,
154,侯漢廷,111年臺北市議員選舉,首次申報,1111025,雜支支出,士林中正路郵局(臺北73支),,0.00,168.00,,,,郵寄-捐款收據,金錢,臺北市士林區****,(02)*****,否,,,,,,,
155,侯漢廷,111年臺北市議員選舉,首次申報,1111025,雜支支出,雅泰文具事業有限公司,16790944,0.00,13860.00,,,,文具用品費用-信封,金錢,臺北市內湖區****,02-2*****,否,,,,,,,
156,侯漢廷,111年臺北市議員選舉,首次申報,1111025,雜支支出,陽明山瓦斯股份有限公司,29705246,0.00,535.00,,,,水電瓦斯費用,金錢,臺北市北投區****,02-2*****,否,,,,,,,
157,侯漢廷,111年臺北市議員選舉,首次申報,1111025,交通旅運支出,台灣中油股份有限公司 台灣中油（股）油品行銷事業部台北營業處文林路加油站,77402214,0.00,64.00,,,,油資,金錢,臺北市士林區****,,否,,,,,,,
158,侯漢廷,111年臺北市議員選舉,首次申報,1111025,交通旅運支出,台灣中油股份有限公司 台灣中油（股）油品行銷事業部台北營業處文林路加油站,77402214,0.00,95.00,,,,油資,金錢,臺北市士林區****,,否,,,,,,,
159,侯漢廷,111年臺北市議員選舉,首次申報,1111025,交通旅運支出,台灣中油股份有限公司 台灣中油（股）油品行銷事業部台北營業處文林路加油站,77402214,0.00,815.00,,,,油資,金錢,臺北市士林區****,,否,,,,,,,
160,侯漢廷,111年臺北市議員選舉,首次申報,1111025,人事費用支出,黃薇,A22*******,0.00,2000.00,,,,工資或薪津,金錢,臺北市北投區****,0983*****,否,,,,,,,
161,侯漢廷,111年臺北市議員選舉,首次申報,1111026,宣傳支出,仟業影印有限公司,28008572,0.00,10500.00,,,,影印費用,金錢,臺北市中正區****,,否,,,,,,,
162,侯漢廷,111年臺北市議員選舉,首次申報,1111026,雜支支出,建華商行,48899025,0.00,2400.00,,,,國旗組(國旗+旗桿+旗座),金錢,臺北市北投區****,02-2*****,否,,,,,,,
163,侯漢廷,111年臺北市議員選舉,首次申報,1111026,交通旅運支出,台灣中油股份有限公司 台灣中油（股）油品行銷事業部台北營業處文林路加油站,77402214,0.00,132.00,,,,油資,金錢,臺北市士林區****,,否,,,,,,,
164,侯漢廷,111年臺北市議員選舉,首次申報,1111027,交通旅運支出,台灣中油股份有限公司 台灣中油（股）油品行銷事業部台北營業處文林路加油站,77402214,0.00,100.00,,,,油資,金錢,臺北市士林區****,,否,,,,,,,
165,侯漢廷,111年臺北市議員選舉,首次申報,1111027,交通旅運支出,台灣中油股份有限公司 台灣中油（股）油品行銷事業部台北營業處文林路加油站,77402214,0.00,127.00,,,,油資,金錢,臺北市士林區****,,否,,,,,,,
166,侯漢廷,111年臺北市議員選舉,首次申報,1111028,交通旅運支出,計程車,,0.00,215.00,,,,搭乘交通工具費用,金錢,,TDH1*****,否,,,,,,,
167,侯漢廷,111年臺北市議員選舉,首次申報,1111028,交通旅運支出,計程車,,0.00,215.00,,,,搭乘交通工具費用,金錢,,TDV-*****,否,,,,,,,
168,侯漢廷,111年臺北市議員選舉,首次申報,1111028,交通旅運支出,台灣中油股份有限公司 台灣中油（股）油品行銷事業部台北營業處文林路加油站,77402214,0.00,149.00,,,,油資,金錢,臺北市士林區****,,否,,,,,,,
169,侯漢廷,111年臺北市議員選舉,首次申報,1111028,交通旅運支出,台灣中油股份有限公司 台灣中油（股）油品行銷事業部台北營業處文林路加油站,77402214,0.00,100.00,,,,油資,金錢,臺北市士林區****,,否,,,,,,,
170,侯漢廷,111年臺北市議員選舉,首次申報,1111028,交通旅運支出,台灣中油股份有限公司 台灣中油（股）油品行銷事業部台北營業處文林路加油站,77402214,0.00,145.00,,,,油資,金錢,臺北市士林區****,,否,,,,,,,
171,侯漢廷,111年臺北市議員選舉,首次申報,1111028,宣傳支出,詩品康妮國際時尚有限公司,83791710,0.00,10500.00,,,,宣傳廣告費用,金錢,新北市土城區****,02-8*****,否,,,,,,,
172,侯漢廷,111年臺北市議員選舉,首次申報,1111028,人事費用支出,簡如紜,A22*******,0.00,1200.00,,,,工資或薪津,金錢,臺北市中正區****,,否,,,,,,,
173,侯漢廷,111年臺北市議員選舉,首次申報,1111029,雜支支出,藍色馬克蔬食坊,10382581,0.00,150.00,,,,餐飲費用,金錢,臺北市士林區****,02-8*****,否,,,,,,,
174,侯漢廷,111年臺北市議員選舉,首次申報,1111029,雜支支出,藍色馬克蔬食坊,10382581,0.00,650.00,,,,餐飲費用,金錢,臺北市士林區****,02-8*****,否,,,,,,,
175,侯漢廷,111年臺北市議員選舉,首次申報,1111029,雜支支出,旺飛鴻企業社,42439171,0.00,380.00,,,,餐飲費用,金錢,臺北市士林區****,02-2*****,否,,,,,,,
176,侯漢廷,111年臺北市議員選舉,首次申報,1111029,交通旅運支出,台灣中油股份有限公司 台灣中油（股）油品行銷事業部台北營業處文林路加油站,77402214,0.00,68.00,,,,油資,金錢,臺北市士林區****,,否,,,,,,,
177,侯漢廷,111年臺北市議員選舉,首次申報,1111029,交通旅運支出,台灣中油股份有限公司 台灣中油（股）油品行銷事業部台北營業處文林路加油站,77402214,0.00,730.00,,,,油資,金錢,臺北市士林區****,,否,,,,,,,
178,侯漢廷,111年臺北市議員選舉,首次申報,1111029,交通旅運支出,台灣中油股份有限公司 台灣中油（股）油品行銷事業部台北營業處文林路加油站,77402214,0.00,83.00,,,,油資,金錢,臺北市士林區****,,否,,,,,,,
179,侯漢廷,111年臺北市議員選舉,首次申報,1111029,交通旅運支出,台灣中油股份有限公司 台灣中油（股）油品行銷事業部台北營業處文林路加油站,77402214,0.00,134.00,,,,油資,金錢,臺北市士林區****,,否,,,,,,,
180,侯漢廷,111年臺北市議員選舉,首次申報,1111030,交通旅運支出,台灣中油股份有限公司 台灣中油（股）油品行銷事業部台北營業處文林路加油站,77402214,0.00,95.00,,,,油資,金錢,臺北市士林區****,,否,,,,,,,
181,侯漢廷,111年臺北市議員選舉,首次申報,1111030,交通旅運支出,台灣中油股份有限公司 台灣中油（股）油品行銷事業部台北營業處文林路加油站,77402214,0.00,126.00,,,,油資,金錢,臺北市士林區****,,否,,,,,,,
182,侯漢廷,111年臺北市議員選舉,首次申報,1111031,雜支支出,荃崴科技有限公司,28005998,0.00,9500.00,,,,雜項購置-行動音箱,金錢,臺北市中山區****,02-2*****,否,,,,,,,
183,侯漢廷,111年臺北市議員選舉,首次申報,1111101,雜支支出,士林中正路郵局(臺北73支),,0.00,328.00,,,,郵寄-捐款收據,金錢,臺北市士林區****,(02)*****,否,,,,,,,
184,侯漢廷,111年臺北市議員選舉,首次申報,1111101,宣傳支出,士林中正路郵局(臺北73支),,0.00,3596.00,,,,宣傳費用-郵寄,金錢,臺北市士林區****,(02)*****,否,,,,,,,
185,侯漢廷,111年臺北市議員選舉,首次申報,1111101,雜支支出,臺北自來水事業處,03774909,0.00,546.00,,,,水電瓦斯費用,金錢,臺北市士林區****,02-2*****,否,,,,,,,
186,侯漢廷,111年臺北市議員選舉,首次申報,1111101,宣傳支出,曜宇國際有限公司,24403643,0.00,3000.00,,,,宣傳廣告費用,金錢,新北市中和區****,02-2*****,否,,,,,,,
187,侯漢廷,111年臺北市議員選舉,首次申報,1111101,宣傳支出,曜宇國際有限公司,24403643,0.00,3150.00,,,,印刷費,金錢,新北市中和區****,02-2*****,否,,,,,,,
188,侯漢廷,111年臺北市議員選舉,首次申報,1111101,宣傳支出,曜宇國際有限公司,24403643,0.00,2000.00,,,,文具用品費用,金錢,新北市中和區****,02-2*****,否,,,,,,,
189,侯漢廷,111年臺北市議員選舉,首次申報,1111101,宣傳支出,曜宇國際有限公司,24403643,0.00,3000.00,,,,ADM折紙,金錢,新北市中和區****,02-2*****,否,,,,,,,
190,侯漢廷,111年臺北市議員選舉,首次申報,1111101,宣傳支出,曜宇國際有限公司,24403643,0.00,14000.00,,,,信封印刷費,金錢,新北市中和區****,02-2*****,否,,,,,,,
191,侯漢廷,111年臺北市議員選舉,首次申報,1111101,宣傳支出,曜宇國際有限公司,24403643,0.00,138600.00,,,,印刷費-A雙面DM,金錢,新北市中和區****,02-2*****,否,,,,,,,
192,侯漢廷,111年臺北市議員選舉,首次申報,1111101,雜支支出,藍新科技股份有限公司,70565326,0.00,14046.00,,,,網路捐款手續費,金錢,臺北市南港區****,,否,,,,,,,
193,侯漢廷,111年臺北市議員選舉,首次申報,1111101,人事費用支出,賴宥全,A12*******,0.00,18182.00,,,,加班費,金錢,臺北市萬華區****,0938*****,否,,,,,,,
194,侯漢廷,111年臺北市議員選舉,首次申報,1111101,人事費用支出,黃冠捷,A12*******,0.00,31050.00,,,,工資或薪津,金錢,臺北市內湖區****,0976*****,否,,,,,,,
195,侯漢廷,111年臺北市議員選舉,首次申報,1111101,人事費用支出,高啓仁,A12*******,0.00,20000.00,,,,加班費,金錢,臺北市北投區****,0910*****,否,,,,,,,
196,侯漢廷,111年臺北市議員選舉,首次申報,1111101,人事費用支出,曹齊安,A13*******,0.00,8033.00,,,,工資或薪津,金錢,臺北市北投區****,0979*****,否,,,,,,,
197,侯漢廷,111年臺北市議員選舉,首次申報,1111101,人事費用支出,何品立,F12*******,0.00,13100.00,,,,加班費,金錢,新北市五股區****,0983*****,否,,,,,,,
198,侯漢廷,111年臺北市議員選舉,首次申報,1111101,人事費用支出,游庭卉,F22*******,0.00,5300.00,,,,工資或薪津,金錢,新北市三峽區****,0923*****,否,,,,,,,
199,侯漢廷,111年臺北市議員選舉,首次申報,1111101,人事費用支出,劉致妤,F22*******,0.00,15000.00,,,,加班費,金錢,臺北市士林區****,0978*****,否,,,,,,,
200,侯漢廷,111年臺北市議員選舉,首次申報,1111101,人事費用支出,簡明宗,H12*******,0.00,8053.00,,,,工資或薪津,金錢,桃園市桃園區****,0910*****,否,,,,,,,
201,侯漢廷,111年臺北市議員選舉,首次申報,1111101,人事費用支出,謝育展,J12*******,0.00,19538.00,,,,加班費,金錢,新竹縣新豐鄉****,0978*****,否,,,,,,,
202,侯漢廷,111年臺北市議員選舉,首次申報,1111101,人事費用支出,賴宏彥,N12*******,0.00,10000.00,,,,加班費,金錢,新北市新店區****,0928*****,否,,,,,,,
203,侯漢廷,111年臺北市議員選舉,首次申報,1111101,人事費用支出,楊侑勳,O10*******,0.00,15264.00,,,,工資或薪津,金錢,新竹市香山區****,0965*****,否,,,,,,,
204,侯漢廷,111年臺北市議員選舉,首次申報,1111101,人事費用支出,李梓睿,P12*******,0.00,6300.00,,,,工資或薪津,金錢,臺北市北投區****,0916*****,否,,,,,,,
205,侯漢廷,111年臺北市議員選舉,首次申報,1111101,人事費用支出,黃羿涵,Q22*******,0.00,6300.00,,,,工資或薪津,金錢,臺北市北投區****,0911*****,否,,,,,,,
206,侯漢廷,111年臺北市議員選舉,首次申報,1111101,人事費用支出,朱嵐楨,R22*******,0.00,5066.00,,,,工資或薪津,金錢,新北市板橋區****,0917*****,否,,,,,,,
207,侯漢廷,111年臺北市議員選舉,首次申報,1111101,租用競選辦事處支出,林簡勤,Y20*******,0.00,15000.00,,,,租用競選辦事處費用,金錢,臺北市士林區****,,否,,,,,,,
208,侯漢廷,111年臺北市議員選舉,首次申報,1111101,人事費用支出,郭梅桂,Y20*******,0.00,30000.00,,,,工資或薪津,金錢,臺北市北投區****,0910*****,否,,,,,,,
209,侯漢廷,111年臺北市議員選舉,首次申報,1111102,雜支支出,台灣電力股份有限公司,03795904,0.00,1961.00,,,,水電瓦斯費用,金錢,臺北市中正區****,,否,,,,,,,
210,侯漢廷,111年臺北市議員選舉,首次申報,1111102,交通旅運支出,台灣中油股份有限公司 台灣中油（股）油品行銷事業部台北營業處文林路加油站,77402214,0.00,146.00,,,,油資,金錢,臺北市士林區****,,否,,,,,,,
211,侯漢廷,111年臺北市議員選舉,首次申報,1111102,交通旅運支出,台灣中油股份有限公司 台灣中油（股）油品行銷事業部台北營業處文林路加油站,77402214,0.00,126.00,,,,油資,金錢,臺北市士林區****,,否,,,,,,,
212,侯漢廷,111年臺北市議員選舉,首次申報,1111102,返還捐贈支出,鼎泰生技顧問有限公司,80162049,0.00,100000.00,,,,返還,金錢,台北市信義區****,,否,,,,,,,
213,侯漢廷,111年臺北市議員選舉,首次申報,1111103,宣傳支出,士林中正路郵局(臺北73支),,0.00,15012.00,,,,宣傳費用-郵寄,金錢,臺北市士林區****,(02)*****,否,,,,,,,
214,侯漢廷,111年臺北市議員選舉,首次申報,1111103,交通旅運支出,台灣中油股份有限公司 台灣中油（股）油品行銷事業部台北營業處文林路加油站,77402214,0.00,119.00,,,,油資,金錢,臺北市士林區****,,否,,,,,,,
215,侯漢廷,111年臺北市議員選舉,首次申報,1111103,交通旅運支出,台灣中油股份有限公司 台灣中油（股）油品行銷事業部台北營業處文林路加油站,77402214,0.00,100.00,,,,油資,金錢,臺北市士林區****,,否,,,,,,,
216,侯漢廷,111年臺北市議員選舉,首次申報,1111104,宣傳支出,士林中正路郵局(臺北73支),,0.00,14040.00,,,,宣傳費用-郵寄,金錢,臺北市士林區****,(02)*****,否,,,,,,,
217,侯漢廷,111年臺北市議員選舉,首次申報,1111104,雜支支出,士林中正路郵局(臺北73支),,0.00,364.00,,,,郵寄-公文,金錢,臺北市士林區****,(02)*****,否,,,,,,,
218,侯漢廷,111年臺北市議員選舉,首次申報,1111104,雜支支出,和德昌股份有限公司-台北士林分公司,23529861,0.00,605.00,,,,餐飲費用,金錢,臺北市士林區****,,否,,,,,,,
219,侯漢廷,111年臺北市議員選舉,首次申報,1111104,交通旅運支出,台灣中油股份有限公司 台灣中油（股）油品行銷事業部台北營業處文林路加油站,77402214,0.00,123.00,,,,油資,金錢,臺北市士林區****,,否,,,,,,,
220,侯漢廷,111年臺北市議員選舉,首次申報,1111104,交通旅運支出,台灣中油股份有限公司 台灣中油（股）油品行銷事業部台北營業處文林路加油站,77402214,0.00,104.00,,,,油資,金錢,臺北市士林區****,,否,,,,,,,
221,侯漢廷,111年臺北市議員選舉,首次申報,1111105,交通旅運支出,台灣中油股份有限公司 台灣中油（股）油品行銷事業部台北營業處文林路加油站,77402214,0.00,54.00,,,,油資,金錢,臺北市士林區****,,否,,,,,,,
222,侯漢廷,111年臺北市議員選舉,首次申報,1111105,交通旅運支出,台灣中油股份有限公司 台灣中油（股）油品行銷事業部台北營業處文林路加油站,77402214,0.00,145.00,,,,油資,金錢,臺北市士林區****,,否,,,,,,,
223,侯漢廷,111年臺北市議員選舉,首次申報,1111105,交通旅運支出,台灣中油股份有限公司 台灣中油（股）油品行銷事業部台北營業處文林路加油站,77402214,0.00,150.00,,,,油資,金錢,臺北市士林區****,,否,,,,,,,
224,侯漢廷,111年臺北市議員選舉,首次申報,1111105,雜支支出,鳳家小吃店,81726952,0.00,130.00,,,,餐飲費用,金錢,臺北市士林區****,,否,,,,,,,
225,侯漢廷,111年臺北市議員選舉,首次申報,1111105,雜支支出,鳳家小吃店,81726952,0.00,600.00,,,,餐飲費用,金錢,臺北市士林區****,,否,,,,,,,
226,侯漢廷,111年臺北市議員選舉,首次申報,1111106,雜支支出,布萊梅小吃店,42339102,0.00,2000.00,,,,餐飲費用,金錢,臺北市士林區****,,否,,,,,,,
227,侯漢廷,111年臺北市議員選舉,首次申報,1111106,雜支支出,陽春小吃店,48936886,0.00,915.00,,,,餐飲費用,金錢,臺北市士林區****,(02)*****,否,,,,,,,
228,侯漢廷,111年臺北市議員選舉,首次申報,1111106,交通旅運支出,台灣中油股份有限公司 台灣中油（股）油品行銷事業部台北營業處文林路加油站,77402214,0.00,85.00,,,,油資,金錢,臺北市士林區****,,否,,,,,,,
229,侯漢廷,111年臺北市議員選舉,首次申報,1111106,人事費用支出,聶光磊,H12*******,0.00,2500.00,,,,工資或薪津,金錢,桃園市蘆竹區****,0938*****,否,,,,,,,
230,侯漢廷,111年臺北市議員選舉,首次申報,1111107,宣傳支出,士林中正路郵局(臺北73支),03741302,0.00,47142.00,,,,宣傳費用-郵寄,金錢,臺北市士林區****,(02)*****,否,,,,,,,
231,侯漢廷,111年臺北市議員選舉,首次申報,1111107,交通旅運支出,台灣中油股份有限公司 台灣中油（股）油品行銷事業部台北營業處文林路加油站,77402214,0.00,210.00,,,,油資,金錢,臺北市士林區****,,否,,,,,,,
232,侯漢廷,111年臺北市議員選舉,首次申報,1111108,宣傳支出,造夢者行銷有限公司,43817398,0.00,500000.00,,,,宣傳廣告費用-網路,金錢,臺北市大同區****,02-2*****,否,,,,,,,
233,侯漢廷,111年臺北市議員選舉,首次申報,1111108,交通旅運支出,台灣中油股份有限公司 台灣中油（股）油品行銷事業部台北營業處文林路加油站,77402214,0.00,120.00,,,,油資,金錢,臺北市士林區****,,否,,,,,,,
234,侯漢廷,111年臺北市議員選舉,首次申報,1111108,交通旅運支出,台灣中油股份有限公司 台灣中油（股）油品行銷事業部台北營業處文林路加油站,77402214,0.00,111.00,,,,油資,金錢,臺北市士林區****,,否,,,,,,,
235,侯漢廷,111年臺北市議員選舉,首次申報,1111108,交通旅運支出,台灣中油股份有限公司 台灣中油（股）油品行銷事業部台北營業處文林路加油站,77402214,0.00,900.00,,,,油資,金錢,臺北市士林區****,,否,,,,,,,
236,侯漢廷,111年臺北市議員選舉,首次申報,1111108,交通旅運支出,台灣中油股份有限公司 台灣中油（股）油品行銷事業部台北營業處文林路加油站,77402214,0.00,90.00,,,,油資,金錢,臺北市士林區****,,否,,,,,,,
237,侯漢廷,111年臺北市議員選舉,首次申報,1111108,交通旅運支出,台灣中油股份有限公司 台灣中油（股）油品行銷事業部台北營業處文林路加油站,77402214,0.00,100.00,,,,油資,金錢,臺北市士林區****,,否,,,,,,,
238,侯漢廷,111年臺北市議員選舉,首次申報,1111108,雜支支出,鑫采邑國際有限公司,80706649,0.00,1890.00,,,,文具用品費用,金錢,新北市土城區****,02-2*****,否,,,,,,,
239,侯漢廷,111年臺北市議員選舉,首次申報,1111108,返還捐贈支出,禾美國際有限公司,82836984,0.00,500.00,,,,返還,金錢,新北市板橋區****,,否,,,,,,,
240,侯漢廷,111年臺北市議員選舉,首次申報,1111108,返還捐贈支出,魚舞有限公司,90473726,0.00,500.00,,,,返還,金錢,新北市新店區****,,否,,,,,,,
241,侯漢廷,111年臺北市議員選舉,首次申報,1111109,雜支支出,士林中正路郵局(臺北73支),,0.00,28.00,,,,郵寄-公文,金錢,臺北市士林區****,(02)*****,否,,,,,,,
242,侯漢廷,111年臺北市議員選舉,首次申報,1111109,雜支支出,士林中正路郵局(臺北73支),,0.00,344.00,,,,郵寄-捐款收據,金錢,臺北市士林區****,(02)*****,否,,,,,,,
243,侯漢廷,111年臺北市議員選舉,首次申報,1111109,雜支支出,墊腳石圖書廣場,24451594,0.00,128.00,,,,辦公用品-隨身碟,金錢,臺北市士林區****,,否,,,,,,,
244,侯漢廷,111年臺北市議員選舉,首次申報,1111109,雜支支出,大師實業有限公司,24743925,0.00,670.00,,,,餐飲費用,金錢,臺北市士林區****,,否,,,,,,,
245,侯漢廷,111年臺北市議員選舉,首次申報,1111109,交通旅運支出,台灣中油股份有限公司 台灣中油（股）油品行銷事業部台北營業處文林路加油站,77402214,0.00,100.00,,,,油資,金錢,臺北市士林區****,,否,,,,,,,
246,侯漢廷,111年臺北市議員選舉,首次申報,1111109,交通旅運支出,台灣中油股份有限公司 台灣中油（股）油品行銷事業部台北營業處文林路加油站,77402214,0.00,96.00,,,,油資,金錢,臺北市士林區****,,否,,,,,,,
247,侯漢廷,111年臺北市議員選舉,首次申報,1111109,雜支支出,鳳家小吃店,81726952,0.00,1010.00,,,,餐飲費用,金錢,臺北市士林區****,,否,,,,,,,
248,侯漢廷,111年臺北市議員選舉,首次申報,1111110,交通旅運支出,台灣中油股份有限公司 台灣中油（股）油品行銷事業部台北營業處文林路加油站,77402214,0.00,121.00,,,,油資,金錢,臺北市士林區****,,否,,,,,,,
249,侯漢廷,111年臺北市議員選舉,首次申報,1111110,交通旅運支出,台灣中油股份有限公司 台灣中油（股）油品行銷事業部台北營業處文林路加油站,77402214,0.00,164.00,,,,油資,金錢,臺北市士林區****,,否,,,,,,,
250,侯漢廷,111年臺北市議員選舉,首次申報,1111110,交通旅運支出,台灣中油股份有限公司 台灣中油（股）油品行銷事業部台北營業處文林路加油站,77402214,0.00,71.00,,,,油資,金錢,臺北市士林區****,,否,,,,,,,
251,侯漢廷,111年臺北市議員選舉,首次申報,1111110,交通旅運支出,台灣中油股份有限公司 台灣中油（股）油品行銷事業部台北營業處文林路加油站,77402214,0.00,563.00,,,,油資,金錢,臺北市士林區****,,否,,,,,,,
252,侯漢廷,111年臺北市議員選舉,首次申報,1111110,交通旅運支出,台灣中油股份有限公司 台灣中油（股）油品行銷事業部台北營業處文林路加油站,77402214,0.00,100.00,,,,油資,金錢,臺北市士林區****,,否,,,,,,,
253,侯漢廷,111年臺北市議員選舉,首次申報,1111111,雜支支出,富邦媒體科技股份有限公司,27365925,0.00,1311.00,,,,辦公用品-衛生紙,金錢,臺北市內湖區****,,否,,,,,,,
254,侯漢廷,111年臺北市議員選舉,首次申報,1111111,雜支支出,富邦媒體科技股份有限公司,27365925,0.00,699.00,,,,辦公用品費用,金錢,臺北市內湖區****,,否,,,,,,,
255,侯漢廷,111年臺北市議員選舉,首次申報,1111111,雜支支出,富邦媒體科技股份有限公司,27365925,0.00,1750.00,,,,辦公用品-飲用水,金錢,臺北市內湖區****,,否,,,,,,,
256,侯漢廷,111年臺北市議員選舉,首次申報,1111111,宣傳支出,聯利有限公司,42640056,0.00,112560.00,,,,宣傳廣告費用-派報,金錢,臺北市松山區****,,否,,,,,,,
257,侯漢廷,111年臺北市議員選舉,首次申報,1111111,交通旅運支出,台灣中油股份有限公司 台灣中油（股）油品行銷事業部台北營業處文林路加油站,77402214,0.00,75.00,,,,油資,金錢,臺北市士林區****,,否,,,,,,,
258,侯漢廷,111年臺北市議員選舉,首次申報,1111111,交通旅運支出,台灣中油股份有限公司 台灣中油（股）油品行銷事業部台北營業處文林路加油站,77402214,0.00,105.00,,,,油資,金錢,臺北市士林區****,,否,,,,,,,
259,侯漢廷,111年臺北市議員選舉,首次申報,1111111,交通旅運支出,台灣中油股份有限公司 台灣中油（股）油品行銷事業部台北營業處文林路加油站,77402214,0.00,140.00,,,,油資,金錢,臺北市士林區****,,否,,,,,,,
260,侯漢廷,111年臺北市議員選舉,首次申報,1111111,交通旅運支出,台灣中油股份有限公司 台灣中油（股）油品行銷事業部台北營業處文林路加油站,77402214,0.00,80.00,,,,油資,金錢,臺北市士林區****,,否,,,,,,,
261,侯漢廷,111年臺北市議員選舉,首次申報,1111111,交通旅運支出,台灣中油股份有限公司 台灣中油（股）油品行銷事業部台北營業處文林路加油站,77402214,0.00,76.00,,,,油資,金錢,臺北市士林區****,,否,,,,,,,
262,侯漢廷,111年臺北市議員選舉,首次申報,1111112,交通旅運支出,台灣中油股份有限公司 台灣中油（股）油品行銷事業部台北營業處文林路加油站,77402214,0.00,111.00,,,,油資,金錢,臺北市士林區****,,否,,,,,,,
263,侯漢廷,111年臺北市議員選舉,首次申報,1111112,交通旅運支出,台灣中油股份有限公司 台灣中油（股）油品行銷事業部台北營業處文林路加油站,77402214,0.00,120.00,,,,油資,金錢,臺北市士林區****,,否,,,,,,,
264,侯漢廷,111年臺北市議員選舉,首次申報,1111112,交通旅運支出,台灣中油股份有限公司 台灣中油（股）油品行銷事業部台北營業處文林路加油站,77402214,0.00,117.00,,,,油資,金錢,臺北市士林區****,,否,,,,,,,
265,侯漢廷,111年臺北市議員選舉,首次申報,1111113,交通旅運支出,台灣中油股份有限公司 台灣中油（股）油品行銷事業部台北營業處文林路加油站,77402214,0.00,69.00,,,,油資,金錢,臺北市士林區****,,否,,,,,,,
266,侯漢廷,111年臺北市議員選舉,首次申報,1111113,交通旅運支出,台灣中油股份有限公司 台灣中油（股）油品行銷事業部台北營業處文林路加油站,77402214,0.00,90.00,,,,油資,金錢,臺北市士林區****,,否,,,,,,,
267,侯漢廷,111年臺北市議員選舉,首次申報,1111114,雜支支出,和德昌股份有限公司-台北士林分公司,23529861,0.00,275.00,,,,餐飲費用,金錢,臺北市士林區****,,否,,,,,,,
268,侯漢廷,111年臺北市議員選舉,首次申報,1111114,雜支支出,和德昌股份有限公司-台北士林分公司,23529861,0.00,299.00,,,,餐飲費用,金錢,臺北市士林區****,,否,,,,,,,
269,侯漢廷,111年臺北市議員選舉,首次申報,1111115,交通旅運支出,計程車,,0.00,345.00,,,,搭乘交通工具費用,金錢,,TDF-*****,否,,,,,,,
270,侯漢廷,111年臺北市議員選舉,首次申報,1111115,交通旅運支出,台灣中油股份有限公司 台灣中油（股）油品行銷事業部台北營業處文林路加油站,77402214,0.00,160.00,,,,油資,金錢,臺北市士林區****,,否,,,,,,,
271,侯漢廷,111年臺北市議員選舉,首次申報,1111115,交通旅運支出,台灣中油股份有限公司 台灣中油（股）油品行銷事業部台北營業處文林路加油站,77402214,0.00,40.00,,,,油資,金錢,臺北市士林區****,,否,,,,,,,
272,侯漢廷,111年臺北市議員選舉,首次申報,1111115,交通旅運支出,台灣中油股份有限公司 台灣中油（股）油品行銷事業部台北營業處文林路加油站,77402214,0.00,945.00,,,,油資,金錢,臺北市士林區****,,否,,,,,,,
273,侯漢廷,111年臺北市議員選舉,首次申報,1111115,交通旅運支出,台灣中油股份有限公司 台灣中油（股）油品行銷事業部台北營業處文林路加油站,77402214,0.00,75.00,,,,油資,金錢,臺北市士林區****,,否,,,,,,,
274,侯漢廷,111年臺北市議員選舉,首次申報,1111115,交通旅運支出,台灣中油股份有限公司 台灣中油（股）油品行銷事業部台北營業處文林路加油站,77402214,0.00,115.00,,,,油資,金錢,臺北市士林區****,,否,,,,,,,
275,侯漢廷,111年臺北市議員選舉,首次申報,1111115,交通旅運支出,台灣中油股份有限公司 台灣中油（股）油品行銷事業部台北營業處文林路加油站,77402214,0.00,140.00,,,,油資,金錢,臺北市士林區****,,否,,,,,,,
276,侯漢廷,111年臺北市議員選舉,首次申報,1111115,交通旅運支出,台灣中油股份有限公司 台灣中油（股）油品行銷事業部台北營業處文林路加油站,77402214,0.00,120.00,,,,油資,金錢,臺北市士林區****,,否,,,,,,,
277,侯漢廷,111年臺北市議員選舉,首次申報,1111115,交通旅運支出,台灣中油股份有限公司 台灣中油（股）油品行銷事業部台北營業處文林路加油站,77402214,0.00,63.00,,,,油資,金錢,臺北市士林區****,,否,,,,,,,
278,侯漢廷,111年臺北市議員選舉,首次申報,1111115,雜支支出,中華電信股份有限公司,81691784,0.00,2359.00,,,,電信費用,金錢,臺北市大安區****,,否,,,,,,,
279,侯漢廷,111年臺北市議員選舉,首次申報,1111116,交通旅運支出,計程車,,0.00,305.00,,,,搭乘交通工具費用,金錢,,TDV2*****,否,,,,,,,
280,侯漢廷,111年臺北市議員選舉,首次申報,1111116,雜支支出,士林中正路郵局(臺北73支),,0.00,364.00,,,,郵寄-公文,金錢,臺北市士林區****,(02)*****,否,,,,,,,
281,侯漢廷,111年臺北市議員選舉,首次申報,1111116,雜支支出,士林中正路郵局(臺北73支),,0.00,96.00,,,,郵寄-捐款收據,金錢,臺北市士林區****,(02)*****,否,,,,,,,
282,侯漢廷,111年臺北市議員選舉,首次申報,1111116,雜支支出,文采生活館有限公司,24774671,0.00,390.00,,,,歡迎光臨地墊費用,金錢,臺北市內湖區****,(02)*****,否,,,,,,,
283,侯漢廷,111年臺北市議員選舉,首次申報,1111117,雜支支出,旺飛鴻企業社,42439171,0.00,570.00,,,,餐飲費用,金錢,臺北市士林區****,02-2*****,否,,,,,,,
284,侯漢廷,111年臺北市議員選舉,首次申報,1111117,雜支支出,旺飛鴻企業社,42439171,0.00,65.00,,,,餐飲費用,金錢,臺北市士林區****,02-2*****,否,,,,,,,
285,侯漢廷,111年臺北市議員選舉,首次申報,1111117,交通旅運支出,台灣中油股份有限公司 台灣中油（股）油品行銷事業部台北營業處文林路加油站,77402214,0.00,73.00,,,,油資,金錢,臺北市士林區****,,否,,,,,,,
286,侯漢廷,111年臺北市議員選舉,首次申報,1111117,交通旅運支出,台灣中油股份有限公司 台灣中油（股）油品行銷事業部台北營業處文林路加油站,77402214,0.00,74.00,,,,油資,金錢,臺北市士林區****,,否,,,,,,,
287,侯漢廷,111年臺北市議員選舉,首次申報,1111117,交通旅運支出,台灣中油股份有限公司 台灣中油（股）油品行銷事業部台北營業處文林路加油站,77402214,0.00,176.00,,,,油資,金錢,臺北市士林區****,,否,,,,,,,
288,侯漢廷,111年臺北市議員選舉,首次申報,1111117,交通旅運支出,台灣中油股份有限公司 台灣中油（股）油品行銷事業部台北營業處文林路加油站,77402214,0.00,134.00,,,,油資,金錢,臺北市士林區****,,否,,,,,,,
289,侯漢廷,111年臺北市議員選舉,首次申報,1111117,雜支支出,一銘文教企業社,99622613,0.00,175.00,,,,文具用品費用,金錢,臺北市士林區****,02-2*****,否,,,,,,,
290,侯漢廷,111年臺北市議員選舉,首次申報,1111118,交通旅運支出,計程車,,0.00,100.00,,,,搭乘交通工具費用,金錢,,TDU8*****,否,,,,,,,
291,侯漢廷,111年臺北市議員選舉,首次申報,1111118,交通旅運支出,計程車,,0.00,130.00,,,,搭乘交通工具費用,金錢,,TDR2*****,否,,,,,,,
292,侯漢廷,111年臺北市議員選舉,首次申報,1111118,宣傳支出,士林中正路郵局(臺北73支),03741302,0.00,720.00,,,,宣傳費用-郵寄,金錢,臺北市士林區****,(02)*****,否,,,,,,,
293,侯漢廷,111年臺北市議員選舉,首次申報,1111118,雜支支出,齊隆小吃店,75914739,0.00,230.00,,,,餐飲費用,金錢,臺北市北投區****,,否,,,,,,,
294,侯漢廷,111年臺北市議員選舉,首次申報,1111118,交通旅運支出,台灣中油股份有限公司 台灣中油（股）油品行銷事業部台北營業處文林路加油站,77402214,0.00,663.00,,,,油資,金錢,臺北市士林區****,,否,,,,,,,
295,侯漢廷,111年臺北市議員選舉,首次申報,1111118,人事費用支出,謝孟芸,A22*******,0.00,6400.00,,,,工資或薪津,金錢,臺北市內湖區****,0922*****,否,,,,,,,
296,侯漢廷,111年臺北市議員選舉,首次申報,1111118,人事費用支出,曹小芸,Z20*******,0.00,16500.00,,,,工資或薪津,金錢,臺北市北投區****,0970*****,否,,,,,,,
297,侯漢廷,111年臺北市議員選舉,首次申報,1111119,交通旅運支出,計程車,,0.00,95.00,,,,搭乘交通工具費用,金錢,,890-*****,否,,,,,,,
298,侯漢廷,111年臺北市議員選舉,首次申報,1111119,交通旅運支出,計程車,,0.00,100.00,,,,搭乘交通工具費用,金錢,,TDA8*****,否,,,,,,,
299,侯漢廷,111年臺北市議員選舉,首次申報,1111119,雜支支出,布萊梅小吃店,42339102,0.00,680.00,,,,餐飲費用,金錢,臺北市士林區****,,否,,,,,,,
300,侯漢廷,111年臺北市議員選舉,首次申報,1111119,雜支支出,布萊梅小吃店,42339102,0.00,790.00,,,,餐飲費用,金錢,臺北市士林區****,,否,,,,,,,
301,侯漢廷,111年臺北市議員選舉,首次申報,1111119,雜支支出,布萊梅小吃店,42339102,0.00,960.00,,,,餐飲費用,金錢,臺北市士林區****,,否,,,,,,,
302,侯漢廷,111年臺北市議員選舉,首次申報,1111119,雜支支出,齊隆小吃店,75914739,0.00,588.00,,,,餐飲費用,金錢,臺北市北投區****,,否,,,,,,,
303,侯漢廷,111年臺北市議員選舉,首次申報,1111119,雜支支出,齊隆小吃店,75914739,0.00,114.00,,,,餐飲費用,金錢,臺北市北投區****,,否,,,,,,,
304,侯漢廷,111年臺北市議員選舉,首次申報,1111119,雜支支出,齊隆小吃店,75914739,0.00,254.00,,,,餐飲費用,金錢,臺北市北投區****,,否,,,,,,,
305,侯漢廷,111年臺北市議員選舉,首次申報,1111119,雜支支出,齊隆小吃店,75914739,0.00,20.00,,,,餐飲費用,金錢,臺北市北投區****,,否,,,,,,,
306,侯漢廷,111年臺北市議員選舉,首次申報,1111119,交通旅運支出,台灣中油股份有限公司 台灣中油（股）油品行銷事業部台北營業處文林路加油站,77402214,0.00,87.00,,,,油資,金錢,臺北市士林區****,,否,,,,,,,
307,侯漢廷,111年臺北市議員選舉,首次申報,1111119,交通旅運支出,台灣中油股份有限公司 台灣中油（股）油品行銷事業部台北營業處文林路加油站,77402214,0.00,91.00,,,,油資,金錢,臺北市士林區****,,否,,,,,,,
308,侯漢廷,111年臺北市議員選舉,首次申報,1111119,交通旅運支出,台灣中油股份有限公司 台灣中油（股）油品行銷事業部台北營業處文林路加油站,77402214,0.00,70.00,,,,油資,金錢,臺北市士林區****,,否,,,,,,,
309,侯漢廷,111年臺北市議員選舉,首次申報,1111119,交通旅運支出,台灣中油股份有限公司 台灣中油（股）油品行銷事業部台北營業處文林路加油站,77402214,0.00,940.00,,,,油資,金錢,臺北市士林區****,,否,,,,,,,
310,侯漢廷,111年臺北市議員選舉,首次申報,1111119,交通旅運支出,台灣中油股份有限公司 台灣中油（股）油品行銷事業部台北營業處文林路加油站,77402214,0.00,124.00,,,,油資,金錢,臺北市士林區****,,否,,,,,,,
311,侯漢廷,111年臺北市議員選舉,首次申報,1111119,人事費用支出,鄭曼清,A22*******,0.00,1300.00,,,,工資或薪津,金錢,臺北市中山區****,0979*****,否,,,,,,,
312,侯漢廷,111年臺北市議員選舉,首次申報,1111119,人事費用支出,賴湘琦,F22*******,0.00,700.00,,,,工資或薪津,金錢,新北市汐止區****,0979*****,否,,,,,,,
313,侯漢廷,111年臺北市議員選舉,首次申報,1111120,雜支支出,和德昌股份有限公司-台北士林分公司,23529861,0.00,176.00,,,,餐飲費用,金錢,臺北市士林區****,,否,,,,,,,
314,侯漢廷,111年臺北市議員選舉,首次申報,1111120,雜支支出,墊腳石圖書廣場,24451594,0.00,129.00,,,,辦公用品-隨身碟,金錢,臺北市士林區****,,否,,,,,,,
315,侯漢廷,111年臺北市議員選舉,首次申報,1111120,交通旅運支出,台灣中油股份有限公司 台灣中油（股）油品行銷事業部台北營業處文林路加油站,77402214,0.00,132.00,,,,油資,金錢,臺北市士林區****,,否,,,,,,,
316,侯漢廷,111年臺北市議員選舉,首次申報,1111120,交通旅運支出,台灣中油股份有限公司 台灣中油（股）油品行銷事業部台北營業處文林路加油站,77402214,0.00,124.00,,,,油資,金錢,臺北市士林區****,,否,,,,,,,
317,侯漢廷,111年臺北市議員選舉,首次申報,1111120,雜支支出,富利餐飲股份有限公司士林外送分公司,84308947,0.00,2328.00,,,,餐飲費用,金錢,臺北市士林區****,02-2*****,否,,,,,,,
318,侯漢廷,111年臺北市議員選舉,首次申報,1111120,人事費用支出,林良安,A22*******,0.00,4100.00,,,,工資或薪津,金錢,基隆市仁愛區****,0926*****,否,,,,,,,
319,侯漢廷,111年臺北市議員選舉,首次申報,1111120,人事費用支出,黃彗珠,F22*******,0.00,6100.00,,,,工資或薪津,金錢,臺北市內湖區****,0975*****,否,,,,,,,
320,侯漢廷,111年臺北市議員選舉,首次申報,1111120,人事費用支出,蔡昀蓁,F22*******,0.00,4100.00,,,,工資或薪津,金錢,新北市鶯歌區****,0970*****,否,,,,,,,
321,侯漢廷,111年臺北市議員選舉,首次申報,1111120,人事費用支出,陳艾妮,H22*******,0.00,3800.00,,,,工資或薪津,金錢,臺北市士林區****,0986*****,否,,,,,,,
322,侯漢廷,111年臺北市議員選舉,首次申報,1111120,人事費用支出,林子寧,P22*******,0.00,4100.00,,,,工資或薪津,金錢,新北市土城區****,0932*****,否,,,,,,,
323,侯漢廷,111年臺北市議員選舉,首次申報,1111121,交通旅運支出,計程車,,0.00,260.00,,,,搭乘交通工具費用,金錢,,TDA8*****,否,,,,,,,
324,侯漢廷,111年臺北市議員選舉,首次申報,1111121,交通旅運支出,計程車,,0.00,270.00,,,,搭乘交通工具費用,金錢,,TDA7*****,否,,,,,,,
325,侯漢廷,111年臺北市議員選舉,首次申報,1111121,交通旅運支出,台灣中油股份有限公司 台灣中油（股）油品行銷事業部台北營業處文林路加油站,77402214,0.00,124.00,,,,油資,金錢,臺北市士林區****,,否,,,,,,,
326,侯漢廷,111年臺北市議員選舉,首次申報,1111121,交通旅運支出,台灣中油股份有限公司 台灣中油（股）油品行銷事業部台北營業處文林路加油站,77402214,0.00,87.00,,,,油資,金錢,臺北市士林區****,,否,,,,,,,
327,侯漢廷,111年臺北市議員選舉,首次申報,1111121,人事費用支出,戴維辰,A12*******,0.00,6000.00,,,,工資或薪津,金錢,臺北市大安區****,,否,,,,,,,
328,侯漢廷,111年臺北市議員選舉,首次申報,1111121,人事費用支出,黃羿涵,Q22*******,0.00,5100.00,,,,工資或薪津,金錢,臺北市北投區****,0911*****,否,,,,,,,
329,侯漢廷,111年臺北市議員選舉,首次申報,1111122,雜支支出,士林中正路郵局(臺北73支),,0.00,96.00,,,,郵寄-捐款收據,金錢,臺北市士林區****,(02)*****,否,,,,,,,
330,侯漢廷,111年臺北市議員選舉,首次申報,1111122,雜支支出,士林中正路郵局(臺北73支),,0.00,28.00,,,,郵寄-公文,金錢,臺北市士林區****,(02)*****,否,,,,,,,
331,侯漢廷,111年臺北市議員選舉,首次申報,1111122,交通旅運支出,計程車,,0.00,170.00,,,,搭乘交通工具費用,金錢,,TDU9*****,否,,,,,,,
332,侯漢廷,111年臺北市議員選舉,首次申報,1111122,交通旅運支出,計程車,,0.00,260.00,,,,搭乘交通工具費用,金錢,,TDR0*****,否,,,,,,,
333,侯漢廷,111年臺北市議員選舉,首次申報,1111122,雜支支出,台灣電力股份有限公司,03795904,0.00,8229.00,,,,水電瓦斯費用,金錢,臺北市中正區****,,否,,,,,,,
334,侯漢廷,111年臺北市議員選舉,首次申報,1111122,交通旅運支出,台灣中油股份有限公司 台灣中油（股）油品行銷事業部台北營業處文林路加油站,77402214,0.00,211.00,,,,油資,金錢,臺北市士林區****,,否,,,,,,,
335,侯漢廷,111年臺北市議員選舉,首次申報,1111122,交通旅運支出,台灣中油股份有限公司 台灣中油（股）油品行銷事業部台北營業處文林路加油站,77402214,0.00,535.00,,,,油資,金錢,臺北市士林區****,,否,,,,,,,
336,侯漢廷,111年臺北市議員選舉,首次申報,1111122,交通旅運支出,台灣中油股份有限公司 台灣中油（股）油品行銷事業部台北營業處文林路加油站,77402214,0.00,1050.00,,,,油資,金錢,臺北市士林區****,,否,,,,,,,
337,侯漢廷,111年臺北市議員選舉,首次申報,1111122,人事費用支出,陳泓學,A12*******,0.00,13264.00,,,,工資或薪津,金錢,臺北市信義區****,0982*****,否,,,,,,,
338,侯漢廷,111年臺北市議員選舉,首次申報,1111122,人事費用支出,張奕凡,F13*******,0.00,14449.00,,,,工資或薪津,金錢,新北市板橋區****,0903*****,否,,,,,,,
339,侯漢廷,111年臺北市議員選舉,首次申報,1111122,人事費用支出,簡明宗,H12*******,0.00,26465.00,,,,工資或薪津,金錢,桃園市桃園區****,0910*****,否,,,,,,,
340,侯漢廷,111年臺北市議員選舉,首次申報,1111122,人事費用支出,李梓睿,P12*******,0.00,16113.00,,,,工資或薪津,金錢,臺北市北投區****,0916*****,否,,,,,,,
341,侯漢廷,111年臺北市議員選舉,首次申報,1111122,人事費用支出,楊雅芸,T22*******,0.00,10296.00,,,,工資或薪津,金錢,臺北市南港區****,0976*****,否,,,,,,,
342,侯漢廷,111年臺北市議員選舉,首次申報,1111123,交通旅運支出,計程車,,0.00,210.00,,,,搭乘交通工具費用,金錢,,667-*****,否,,,,,,,
343,侯漢廷,111年臺北市議員選舉,首次申報,1111123,交通旅運支出,計程車,,0.00,130.00,,,,搭乘交通工具費用,金錢,,TDR0*****,否,,,,,,,
344,侯漢廷,111年臺北市議員選舉,首次申報,1111123,交通旅運支出,計程車,,0.00,120.00,,,,搭乘交通工具費用,金錢,,TDG3*****,否,,,,,,,
345,侯漢廷,111年臺北市議員選舉,首次申報,1111123,交通旅運支出,計程車,,0.00,100.00,,,,搭乘交通工具費用,金錢,,TDL3*****,否,,,,,,,
346,侯漢廷,111年臺北市議員選舉,首次申報,1111123,交通旅運支出,計程車,,0.00,350.00,,,,搭乘交通工具費用,金錢,,212-*****,否,,,,,,,
347,侯漢廷,111年臺北市議員選舉,首次申報,1111123,交通旅運支出,計程車,,0.00,280.00,,,,搭乘交通工具費用,金錢,,TDR2*****,否,,,,,,,
348,侯漢廷,111年臺北市議員選舉,首次申報,1111123,雜支支出,子耘企業社,42354905,0.00,115.00,,,,餐飲費用,金錢,臺北市士林區****,,否,,,,,,,
349,侯漢廷,111年臺北市議員選舉,首次申報,1111123,雜支支出,子耘企業社,42354905,0.00,245.00,,,,餐飲費用,金錢,臺北市士林區****,,否,,,,,,,
350,侯漢廷,111年臺北市議員選舉,首次申報,1111123,交通旅運支出,台灣中油股份有限公司 台灣中油（股）油品行銷事業部台北營業處文林路加油站,77402214,0.00,91.00,,,,油資,金錢,臺北市士林區****,,否,,,,,,,
351,侯漢廷,111年臺北市議員選舉,首次申報,1111124,人事費用支出,徐立凡,L12*******,0.00,8000.00,,,,工資或薪津,金錢,臺中市沙鹿區****,0983*****,否,,,,,,,
352,侯漢廷,111年臺北市議員選舉,首次申報,1111125,雜支支出,和德昌股份有限公司-台北士林分公司,23529861,0.00,362.00,,,,餐飲費用,金錢,臺北市士林區****,,否,,,,,,,
353,侯漢廷,111年臺北市議員選舉,首次申報,1111125,交通旅運支出,台灣中油股份有限公司 台灣中油（股）油品行銷事業部台北營業處文林路加油站,77402214,0.00,950.00,,,,油資,金錢,臺北市士林區****,,否,,,,,,,
354,侯漢廷,111年臺北市議員選舉,首次申報,1111125,人事費用支出,賴宥全,A12*******,0.00,20000.00,,,,加班費,金錢,臺北市萬華區****,0938*****,否,,,,,,,
355,侯漢廷,111年臺北市議員選舉,首次申報,1111125,人事費用支出,高啓仁,A12*******,0.00,20000.00,,,,加班費,金錢,臺北市北投區****,0910*****,否,,,,,,,
356,侯漢廷,111年臺北市議員選舉,首次申報,1111125,人事費用支出,黃冠捷,A12*******,0.00,22443.00,,,,工資或薪津,金錢,臺北市內湖區****,0976*****,否,,,,,,,
357,侯漢廷,111年臺北市議員選舉,首次申報,1111125,人事費用支出,曹齊安,A13*******,0.00,16200.00,,,,工資或薪津,金錢,臺北市北投區****,0979*****,否,,,,,,,
358,侯漢廷,111年臺北市議員選舉,首次申報,1111125,人事費用支出,何品立,F12*******,0.00,14555.00,,,,加班費,金錢,新北市五股區****,0983*****,否,,,,,,,
359,侯漢廷,111年臺北市議員選舉,首次申報,1111125,人事費用支出,劉致妤,F22*******,0.00,12500.00,,,,加班費,金錢,臺北市士林區****,0978*****,否,,,,,,,
360,侯漢廷,111年臺北市議員選舉,首次申報,1111125,人事費用支出,謝育展,J12*******,0.00,23300.00,,,,加班費,金錢,新竹縣新豐鄉****,0978*****,否,,,,,,,
361,侯漢廷,111年臺北市議員選舉,首次申報,1111125,人事費用支出,林啟談,N10*******,0.00,30000.00,,,,工資或薪津,金錢,新北市新莊區****,0989*****,否,,,,,,,
362,侯漢廷,111年臺北市議員選舉,首次申報,1111125,人事費用支出,詹吉益,N12*******,0.00,5700.00,,,,工資或薪津,金錢,彰化縣社頭鄉****,0937*****,否,,,,,,,
363,侯漢廷,111年臺北市議員選舉,首次申報,1111125,人事費用支出,賴宏彥,N12*******,0.00,11800.00,,,,加班費,金錢,新北市新店區****,0928*****,否,,,,,,,
364,侯漢廷,111年臺北市議員選舉,首次申報,1111125,人事費用支出,楊侑勳,O10*******,0.00,15176.00,,,,工資或薪津,金錢,新竹市香山區****,0965*****,否,,,,,,,
365,侯漢廷,111年臺北市議員選舉,首次申報,1111125,人事費用支出,黃助會,P10*******,0.00,5700.00,,,,工資或薪津,金錢,新北市三重區****,0980*****,否,,,,,,,
366,侯漢廷,111年臺北市議員選舉,首次申報,1111125,人事費用支出,郭梅桂,Y20*******,0.00,30000.00,,,,工資或薪津,金錢,臺北市北投區****,0910*****,否,,,,,,,
367,侯漢廷,111年臺北市議員選舉,首次申報,1111126,雜支支出,富利餐飲股份有限公司士林外送分公司,84308947,0.00,2813.00,,,,餐飲費用,金錢,臺北市士林區****,02-2*****,否,,,,,,,
368,侯漢廷,111年臺北市議員選舉,首次申報,1111127,交通旅運支出,台灣中油股份有限公司 台灣中油（股）油品行銷事業部台北營業處文林路加油站,77402214,0.00,156.00,,,,油資,金錢,臺北市士林區****,,否,,,,,,,
369,侯漢廷,111年臺北市議員選舉,首次申報,1111127,交通旅運支出,台灣中油股份有限公司 台灣中油（股）油品行銷事業部台北營業處文林路加油站,77402214,0.00,62.00,,,,油資,金錢,臺北市士林區****,,否,,,,,,,
370,侯漢廷,111年臺北市議員選舉,首次申報,1111128,交通旅運支出,台灣中油股份有限公司 台灣中油（股）油品行銷事業部台北營業處文林路加油站,77402214,0.00,233.00,,,,油資,金錢,臺北市士林區****,,否,,,,,,,
371,侯漢廷,111年臺北市議員選舉,首次申報,1111129,交通旅運支出,台灣中油股份有限公司 台灣中油（股）油品行銷事業部台北營業處文林路加油站,77402214,0.00,99.00,,,,油資,金錢,臺北市士林區****,,否,,,,,,,
372,侯漢廷,111年臺北市議員選舉,首次申報,1111130,公共關係費用支出,瑞興禮品社,37793159,0.00,6233.00,,,,為民服務費用,金錢,桃園市大溪區****,,否,,,,,,,
373,侯漢廷,111年臺北市議員選舉,首次申報,1111130,雜支支出,旺飛鴻企業社,42439171,0.00,435.00,,,,餐飲費用,金錢,臺北市士林區****,02-2*****,否,,,,,,,
374,侯漢廷,111年臺北市議員選舉,首次申報,1111130,交通旅運支出,台灣中油股份有限公司 台灣中油（股）油品行銷事業部台北營業處文林路加油站,77402214,0.00,400.00,,,,油資,金錢,臺北市士林區****,,否,,,,,,,
375,侯漢廷,111年臺北市議員選舉,首次申報,1111201,雜支支出,藍新科技股份有限公司,70565326,0.00,3868.00,,,,網路捐款手續費,金錢,臺北市南港區****,,否,,,,,,,
376,侯漢廷,111年臺北市議員選舉,首次申報,1111201,人事費用支出,高啓仁,A12*******,0.00,20000.00,,,,獎金,金錢,臺北市北投區****,0910*****,否,,,,,,,
377,侯漢廷,111年臺北市議員選舉,首次申報,1111201,人事費用支出,賴宥全,A12*******,0.00,15000.00,,,,獎金,金錢,臺北市萬華區****,0938*****,否,,,,,,,
378,侯漢廷,111年臺北市議員選舉,首次申報,1111201,人事費用支出,何品立,F12*******,0.00,15000.00,,,,獎金,金錢,新北市五股區****,0983*****,否,,,,,,,
379,侯漢廷,111年臺北市議員選舉,首次申報,1111201,人事費用支出,劉致妤,F22*******,0.00,20000.00,,,,獎金,金錢,臺北市士林區****,0978*****,否,,,,,,,
380,侯漢廷,111年臺北市議員選舉,首次申報,1111201,人事費用支出,謝育展,J12*******,0.00,15000.00,,,,獎金,金錢,新竹縣新豐鄉****,0978*****,否,,,,,,,
381,侯漢廷,111年臺北市議員選舉,首次申報,1111201,人事費用支出,賴宏彥,N12*******,0.00,15000.00,,,,獎金,金錢,新北市新店區****,0928*****,否,,,,,,,
382,侯漢廷,111年臺北市議員選舉,首次申報,1111201,租用競選辦事處支出,林簡勤,Y20*******,0.00,15000.00,,,,租用競選辦事處費用,金錢,臺北市士林區****,,否,,,,,,,
383,侯漢廷,111年臺北市議員選舉,首次申報,1111205,交通旅運支出,台灣中油股份有限公司 台灣中油（股）油品行銷事業部台北營業處文林路加油站,77402214,0.00,94.00,,,,油資,金錢,臺北市士林區****,,否,,,,,,,
384,侯漢廷,111年臺北市議員選舉,首次申報,1111207,雜支支出,士林中正路郵局(臺北73支),,0.00,208.00,,,,郵寄-捐款收據,金錢,臺北市士林區****,(02)*****,否,,,,,,,
385,侯漢廷,111年臺北市議員選舉,首次申報,1111207,交通旅運支出,台灣中油股份有限公司 台灣中油（股）油品行銷事業部台北營業處文林路加油站,77402214,0.00,62.00,,,,油資,金錢,臺北市士林區****,,否,,,,,,,
386,侯漢廷,111年臺北市議員選舉,首次申報,1111209,雜支支出,士林中正路郵局(臺北73支),,0.00,252.00,,,,郵寄-公文,金錢,臺北市士林區****,(02)*****,否,,,,,,,
387,侯漢廷,111年臺北市議員選舉,首次申報,1111209,雜支支出,士林中正路郵局(臺北73支),,0.00,336.00,,,,郵寄-捐款收據,金錢,臺北市士林區****,(02)*****,否,,,,,,,
388,侯漢廷,111年臺北市議員選舉,首次申報,1111209,交通旅運支出,和雲行動服務股份有限公司,50885758,0.00,654.00,,,,其他與交通旅運有關之費用,金錢,臺北市中山區****,02-2*****,否,,,,,,,
389,侯漢廷,111年臺北市議員選舉,首次申報,1111209,交通旅運支出,台灣中油股份有限公司 台灣中油（股）油品行銷事業部台北營業處文林路加油站,77402214,0.00,118.00,,,,油資,金錢,臺北市士林區****,,否,,,,,,,
390,侯漢廷,111年臺北市議員選舉,首次申報,1111212,雜支支出,旺飛鴻企業社,42439171,0.00,235.00,,,,餐飲費用,金錢,臺北市士林區****,02-2*****,否,,,,,,,
391,侯漢廷,111年臺北市議員選舉,首次申報,1111213,雜支支出,士林中正路郵局(臺北73支),,0.00,35.00,,,,郵寄-公文,金錢,臺北市士林區****,(02)*****,否,,,,,,,
392,侯漢廷,111年臺北市議員選舉,首次申報,1111213,雜支支出,墊腳石圖書廣場,24451594,0.00,301.00,,,,文具用品費用,金錢,臺北市士林區****,,否,,,,,,,
393,侯漢廷,111年臺北市議員選舉,首次申報,1111213,交通旅運支出,和雲行動服務股份有限公司,50885758,0.00,890.00,,,,其他與交通旅運有關之費用,金錢,臺北市中山區****,02-2*****,否,,,,,,,
394,侯漢廷,111年臺北市議員選舉,首次申報,1111214,交通旅運支出,台灣中油股份有限公司 台灣中油（股）油品行銷事業部台北營業處文林路加油站,77402214,0.00,118.00,,,,油資,金錢,臺北市士林區****,,否,,,,,,,
395,侯漢廷,111年臺北市議員選舉,首次申報,1111214,雜支支出,鑫采邑國際有限公司,80706649,0.00,1995.00,,,,文具用品費用,金錢,新北市土城區****,02-2*****,否,,,,,,,
396,侯漢廷,111年臺北市議員選舉,首次申報,1111215,雜支支出,中華電信股份有限公司,81691784,0.00,2036.00,,,,電信費用,金錢,臺北市大安區****,,否,,,,,,,
397,侯漢廷,111年臺北市議員選舉,首次申報,1111216,雜支支出,子耘企業社,42354905,0.00,300.00,,,,餐飲費用,金錢,臺北市士林區****,,否,,,,,,,
398,侯漢廷,111年臺北市議員選舉,首次申報,1111219,交通旅運支出,台灣中油股份有限公司 台灣中油（股）油品行銷事業部台北營業處文林路加油站,77402214,0.00,89.00,,,,油資,金錢,臺北市士林區****,,否,,,,,,,
399,侯漢廷,111年臺北市議員選舉,首次申報,1111221,雜支支出,臺北自來水事業處,03774909,0.00,546.00,,,,水電瓦斯費用,金錢,臺北市士林區****,02-2*****,否,,,,,,,
400,侯漢廷,111年臺北市議員選舉,首次申報,1111222,交通旅運支出,台灣中油股份有限公司 台灣中油（股）油品行銷事業部台北營業處文林路加油站,77402214,0.00,78.00,,,,油資,金錢,臺北市士林區****,,否,,,,,,,
401,侯漢廷,111年臺北市議員選舉,首次申報,1111223,雜支支出,競選總部,F12*******,0.00,11070.00,,,,飲用水,非金錢,臺北市士林區****,,否,,,,,,,
402,侯漢廷,111年臺北市議員選舉,首次申報,1111224,人事費用支出,賴宥全,A12*******,0.00,11375.00,,,,資遣費,金錢,臺北市萬華區****,0938*****,否,,,,,,,
403,侯漢廷,111年臺北市議員選舉,首次申報,1111224,人事費用支出,何品立,F12*******,0.00,8775.00,,,,資遣費,金錢,新北市五股區****,0983*****,否,,,,,,,
404,侯漢廷,111年臺北市議員選舉,首次申報,1111224,人事費用支出,謝育展,J12*******,0.00,8775.00,,,,資遣費,金錢,新竹縣新豐鄉****,0978*****,否,,,,,,,
405,侯漢廷,111年臺北市議員選舉,首次申報,1111224,人事費用支出,郭梅桂,Y20*******,0.00,6000.00,,,,工資或薪津,金錢,臺北市北投區****,0910*****,否,,,,,,,
