﻿序號,擬參選人／政黨,選舉名稱,申報序號／年度,交易日期,收支科目,捐贈者／支出對象,身分證／統一編號,收入金額,支出金額,捐贈方式,存入專戶日期,返還/繳庫,支出用途,金錢類,地址,聯絡電話,應揭露之支出對象,支出對象之內部人員姓名,支出對象之內部人員職稱,政黨之內部人員姓名,政黨之內部人員職稱,關係,更正註記,資料更正日期
1,鄭安秝,111年高雄市議員選舉,首次申報,1111004,宣傳支出,蒂諾科技事業股份有限公司,70702150,0.00,118466.00,,,,製作競選物品或宣傳廣告費用（物品名稱-布條旗幟）,金錢,臺中市潭子區****,,否,,,,,,,
2,鄭安秝,111年高雄市議員選舉,首次申報,1111004,宣傳支出,中華郵政鳳山郵局,85500028,0.00,21960.00,,,,郵寄競選物品或宣傳廣告費用,金錢,高雄市鳳山區****,,否,,,,,,,
3,鄭安秝,111年高雄市議員選舉,首次申報,1111005,宣傳支出,中華郵政鳳山郵局,85500028,0.00,67140.00,,,,郵寄競選物品或宣傳廣告費用,金錢,高雄市鳳山區****,,否,,,,,,,
4,鄭安秝,111年高雄市議員選舉,首次申報,1111006,宣傳支出,有勝印刷打字行,08502934,0.00,71400.00,,,,製作競選物品或宣傳廣告費用（物品名稱-邀請卡）,金錢,高雄市鳳山區****,,否,,,,,,,
5,鄭安秝,111年高雄市議員選舉,首次申報,1111006,宣傳支出,中華郵政鳳山郵局,85500028,0.00,160952.00,,,,郵寄競選物品或宣傳廣告費用,金錢,高雄市鳳山區****,,否,,,,,,,
6,鄭安秝,111年高雄市議員選舉,首次申報,1111007,宣傳支出,中華郵政鳳山郵局,85500028,0.00,26391.00,,,,郵寄競選物品或宣傳廣告費用,金錢,高雄市鳳山區****,,否,,,,,,,
7,鄭安秝,111年高雄市議員選舉,首次申報,1111109,宣傳支出,旻欣網版印刷有限公司,97250159,0.00,30000.00,,,,製作競選物品或宣傳廣告費用（物品名稱-PP版）,金錢,臺南市仁德區****,,否,,,,,,,
8,鄭安秝,111年高雄市議員選舉,首次申報,1111118,宣傳支出,旻欣網版印刷有限公司,97250159,0.00,16000.00,,,,製作競選物品或宣傳廣告費用（物品名稱-PP版）,金錢,臺南市仁德區****,,否,,,,,,,
9,鄭安秝,111年高雄市議員選舉,首次申報,1111123,宣傳支出,旻欣網版印刷有限公司,97250159,0.00,11000.00,,,,製作競選物品或宣傳廣告費用（物品名稱-PP版）,金錢,臺南市仁德區****,,否,,,,,,,
