﻿序號,擬參選人／政黨,選舉名稱,申報序號／年度,交易日期,收支科目,捐贈者／支出對象,身分證／統一編號,收入金額,支出金額,捐贈方式,存入專戶日期,返還/繳庫,支出用途,金錢類,地址,聯絡電話,應揭露之支出對象,支出對象之內部人員姓名,支出對象之內部人員職稱,政黨之內部人員姓名,政黨之內部人員職稱,關係,更正註記,資料更正日期
1,鄭安秝,111年高雄市議員選舉,首次申報,1110729,匿名捐贈,匿名,,100.00,0.00,匯款,1110729,,,金錢,,,,,,,,,,
2,鄭安秝,111年高雄市議員選舉,首次申報,1111014,匿名捐贈,匿名,,5000.00,0.00,現金,1111014,,,金錢,,,,,,,,,,
3,鄭安秝,111年高雄市議員選舉,首次申報,1111015,匿名捐贈,匿名,,5000.00,0.00,匯款,1111015,,,金錢,,,,,,,,,,
4,鄭安秝,111年高雄市議員選舉,首次申報,1111017,匿名捐贈,匿名2,,5000.00,0.00,匯款,1111017,,,金錢,,,,,,,,,,
5,鄭安秝,111年高雄市議員選舉,首次申報,1111018,匿名捐贈,匿名3,,6000.00,0.00,匯款,1111018,,,金錢,,,,,,,,,,
6,鄭安秝,111年高雄市議員選舉,首次申報,1111020,匿名捐贈,匿名3,,1000.00,0.00,匯款,1111020,,,金錢,,,,,,,,,,
7,鄭安秝,111年高雄市議員選舉,首次申報,1111020,個人捐贈收入,陳俊良,,20000.00,0.00,匯款,1111020,,,金錢,高雄市鳳山區****,,,,,,,,,
8,鄭安秝,111年高雄市議員選舉,首次申報,1111116,個人捐贈收入,黃仕勛,S12*******,100000.00,0.00,現金,1111116,,,金錢,高雄市三民區****,,,,,,,,,
9,鄭安秝,111年高雄市議員選舉,首次申報,1111122,匿名捐贈,匿名3,,1000.00,0.00,匯款,1111122,,,金錢,,,,,,,,,,
10,鄭安秝,111年高雄市議員選舉,首次申報,1111123,個人捐贈收入,郭騰鴻,,20000.00,0.00,現金,1111123,,,金錢,高雄市鼓山區****,,,,,,,,,
11,鄭安秝,111年高雄市議員選舉,首次申報,1111123,個人捐贈收入,郭乃瑜,,20000.00,0.00,現金,1111123,,,金錢,高雄市新興區****,,,,,,,,,
12,鄭安秝,111年高雄市議員選舉,首次申報,1111123,個人捐贈收入,郭清水,,10000.00,0.00,現金,1111123,,,金錢,高雄市鼓山區****,,,,,,,,,
13,鄭安秝,111年高雄市議員選舉,首次申報,1111123,營利事業捐贈收入,台陽營造股份有限公司,49680996,100000.00,0.00,現金,1111123,,,金錢,高雄市苓雅區****,,,,,,,,,
14,鄭安秝,111年高雄市議員選舉,首次申報,1111123,個人捐贈收入,陳重志,S10*******,100000.00,0.00,現金,1111123,,,金錢,高雄市鳳山區****,,,,,,,,,
15,鄭安秝,111年高雄市議員選舉,首次申報,1111123,個人捐贈收入,黃文雄,S12*******,50000.00,0.00,現金,1111123,,,金錢,高雄市鳳山區****,,,,,,,,,
16,鄭安秝,111年高雄市議員選舉,首次申報,1111124,個人捐贈收入,蔡森郎,,20000.00,0.00,現金,1111124,,,金錢,高雄市鳳山區****,,,,,,,,,
17,鄭安秝,111年高雄市議員選舉,首次申報,1111125,個人捐贈收入,郭文賓,,10000.00,0.00,現金,1111125,,,金錢,高雄市鳳山區****,,,,,,,,,
18,鄭安秝,111年高雄市議員選舉,首次申報,1111125,個人捐贈收入,賴淑瑾,,5800.00,0.00,現金,1111125,,,金錢,高雄市新興區****,,,,,,,,,
