﻿序號,擬參選人／政黨,選舉名稱,申報序號／年度,交易日期,收支科目,捐贈者／支出對象,身分證／統一編號,收入金額,支出金額,支出用途,金錢類,地址,聯絡電話,資料更正日期
1,游淑貞,107年鄉(鎮、市)長選舉,首次申報,1070909,匿名捐贈,匿名,,147.00,0.00,,金錢,,,
2,游淑貞,107年鄉(鎮、市)長選舉,首次申報,1071014,個人捐贈收入,彭振國,,5000.00,0.00,,金錢,花蓮縣花蓮市****,,
3,游淑貞,107年鄉(鎮、市)長選舉,首次申報,1071014,個人捐贈收入,陳學毅,,10000.00,0.00,,金錢,花蓮縣吉安鄉****,0921*****,
4,游淑貞,107年鄉(鎮、市)長選舉,首次申報,1071014,個人捐贈收入,詹梅英,,2000.00,0.00,,金錢,花蓮縣吉安鄉****,,
5,游淑貞,107年鄉(鎮、市)長選舉,首次申報,1071014,個人捐贈收入,戴士溢,,3600.00,0.00,,金錢,花蓮縣吉安鄉****,,
6,游淑貞,107年鄉(鎮、市)長選舉,首次申報,1071014,個人捐贈收入,洪真汝,,3000.00,0.00,,金錢,花蓮縣吉安鄉****,,
7,游淑貞,107年鄉(鎮、市)長選舉,首次申報,1071014,個人捐贈收入,陳素香,,3200.00,0.00,,金錢,花蓮縣花蓮市****,,
8,游淑貞,107年鄉(鎮、市)長選舉,首次申報,1071014,個人捐贈收入,許忠惠,,6000.00,0.00,,金錢,宜蘭縣宜蘭市****,,
9,游淑貞,107年鄉(鎮、市)長選舉,首次申報,1071014,個人捐贈收入,范振城,,10000.00,0.00,,金錢,花蓮縣吉安鄉****,,
10,游淑貞,107年鄉(鎮、市)長選舉,首次申報,1071014,個人捐贈收入,高健倫,,5000.00,0.00,,金錢,新北市新店區****,,
11,游淑貞,107年鄉(鎮、市)長選舉,首次申報,1071014,個人捐贈收入,陳添興,,3000.00,0.00,,金錢,花蓮縣吉安鄉****,,
12,游淑貞,107年鄉(鎮、市)長選舉,首次申報,1071014,個人捐贈收入,張朝興,,10000.00,0.00,,金錢,,0918*****,
13,游淑貞,107年鄉(鎮、市)長選舉,首次申報,1071014,個人捐贈收入,謝癸蘭,,10000.00,0.00,,金錢,,0933*****,
14,游淑貞,107年鄉(鎮、市)長選舉,首次申報,1071014,個人捐贈收入,鄧玉生,,6600.00,0.00,,金錢,,0932*****,
15,游淑貞,107年鄉(鎮、市)長選舉,首次申報,1071014,個人捐贈收入,吳勇達,,10000.00,0.00,,金錢,,0921*****,
16,游淑貞,107年鄉(鎮、市)長選舉,首次申報,1071014,個人捐贈收入,溫曼倩,,10000.00,0.00,,金錢,花蓮縣花蓮市****,0937*****,
17,游淑貞,107年鄉(鎮、市)長選舉,首次申報,1071014,個人捐贈收入,陳碧珍,,2000.00,0.00,,金錢,,0920*****,
18,游淑貞,107年鄉(鎮、市)長選舉,首次申報,1071014,個人捐贈收入,林玉鳳,,6000.00,0.00,,金錢,,0932*****,
19,游淑貞,107年鄉(鎮、市)長選舉,首次申報,1071014,個人捐贈收入,游博修,,5000.00,0.00,,金錢,,0385*****,
20,游淑貞,107年鄉(鎮、市)長選舉,首次申報,1071014,個人捐贈收入,吳忠友,R10*******,50000.00,0.00,,金錢,花蓮縣吉安鄉****,0932*****,
21,游淑貞,107年鄉(鎮、市)長選舉,首次申報,1071014,個人捐贈收入,王宇愿,R12*******,50000.00,0.00,,金錢,花蓮縣花蓮市****,0938*****,
22,游淑貞,107年鄉(鎮、市)長選舉,首次申報,1071014,個人捐贈收入,蘇建祥,U10*******,50000.00,0.00,,金錢,花蓮縣花蓮市****,0912*****,
23,游淑貞,107年鄉(鎮、市)長選舉,首次申報,1071014,個人捐贈收入,羅威政,U12*******,20000.00,0.00,,金錢,花蓮縣吉安鄉****,,
24,游淑貞,107年鄉(鎮、市)長選舉,首次申報,1071015,個人捐贈收入,劉祝冠,U22*******,100000.00,0.00,,金錢,花蓮縣花蓮市****,,
25,游淑貞,107年鄉(鎮、市)長選舉,首次申報,1071017,營利事業捐贈收入,香一香企業,34888771,100000.00,0.00,,金錢,花蓮縣吉安鄉****,0918*****,
26,游淑貞,107年鄉(鎮、市)長選舉,首次申報,1071017,營利事業捐贈收入,津吉有限公司,56705310,100000.00,0.00,,金錢,花蓮縣吉安鄉****,0385*****,
27,游淑貞,107年鄉(鎮、市)長選舉,首次申報,1071018,個人捐贈收入,黃早春,,2000.00,0.00,,金錢,,0919*****,
28,游淑貞,107年鄉(鎮、市)長選舉,首次申報,1071023,營利事業捐贈收入,財團法人花蓮縣私立博愛居安廬老人長期照顧中心,83801739,6600.00,0.00,,金錢,花蓮縣吉安鄉****,(03)*****,
29,游淑貞,107年鄉(鎮、市)長選舉,首次申報,1071024,個人捐贈收入,李國明,,3000.00,0.00,,金錢,,0912*****,
30,游淑貞,107年鄉(鎮、市)長選舉,首次申報,1071025,個人捐贈收入,林進福,,12000.00,0.00,,金錢,花蓮縣吉安鄉****,0935*****,
31,游淑貞,107年鄉(鎮、市)長選舉,首次申報,1071025,個人捐贈收入,傅國堂,,3000.00,0.00,,金錢,,0385*****,
32,游淑貞,107年鄉(鎮、市)長選舉,首次申報,1071025,個人捐贈收入,邱映子,,3000.00,0.00,,金錢,,0385*****,
33,游淑貞,107年鄉(鎮、市)長選舉,首次申報,1071025,營利事業捐贈收入,承駿營造有限公司,16429438,20000.00,0.00,,金錢,花蓮縣花蓮市****,0383*****,
34,游淑貞,107年鄉(鎮、市)長選舉,首次申報,1071025,營利事業捐贈收入,維爾康食品店,64805382,10000.00,0.00,,金錢,花蓮縣花蓮市****,0382*****,
35,游淑貞,107年鄉(鎮、市)長選舉,首次申報,1071029,個人捐贈收入,郭政皓,,10000.00,0.00,,金錢,新竹縣竹北市****,0919*****,
36,游淑貞,107年鄉(鎮、市)長選舉,首次申報,1071103,個人捐贈收入,沈色寧,,10000.00,0.00,,非金錢,花蓮縣吉安鄉****,0385*****,
37,游淑貞,107年鄉(鎮、市)長選舉,首次申報,1071108,個人捐贈收入,劉淑鈴,,30000.00,0.00,,金錢,花蓮縣花蓮市****,0928*****,
38,游淑貞,107年鄉(鎮、市)長選舉,首次申報,1071108,個人捐贈收入,江耀坤,,10000.00,0.00,,金錢,,0384*****,
39,游淑貞,107年鄉(鎮、市)長選舉,首次申報,1071109,個人捐贈收入,張強,,2000.00,0.00,,金錢,花蓮縣吉安鄉****,0928*****,
40,游淑貞,107年鄉(鎮、市)長選舉,首次申報,1071109,個人捐贈收入,魏東敏,,5000.00,0.00,,非金錢,花蓮縣花蓮市****,0800*****,
41,游淑貞,107年鄉(鎮、市)長選舉,首次申報,1071116,個人捐贈收入,鍾金龍,,10000.00,0.00,,金錢,,0918*****,
42,游淑貞,107年鄉(鎮、市)長選舉,首次申報,1071117,營利事業捐贈收入,華信昌實業有限公司,80633604,10000.00,0.00,,金錢,花蓮縣吉安鄉****,,
43,游淑貞,107年鄉(鎮、市)長選舉,首次申報,1071118,個人捐贈收入,宋兆蓉,U22*******,36000.00,0.00,,金錢,花蓮縣吉安鄉****,0919*****,
44,游淑貞,107年鄉(鎮、市)長選舉,首次申報,1071119,營利事業捐贈收入,原政藥行,08163532,20000.00,0.00,,金錢,花蓮縣吉安鄉****,0385*****,
45,游淑貞,107年鄉(鎮、市)長選舉,首次申報,1071121,個人捐贈收入,葉連東,U10*******,5000.00,0.00,,金錢,花蓮市睦和街****,0385*****,
46,游淑貞,107年鄉(鎮、市)長選舉,首次申報,1071123,個人捐贈收入,陳靜儀,,6000.00,0.00,,金錢,,0935*****,
