﻿序號,擬參選人／政黨,選舉名稱,申報序號／年度,交易日期,收支科目,捐贈者／支出對象,身分證／統一編號,收入金額,支出金額,支出用途,金錢類,地址,聯絡電話,資料更正日期
1,張玉鳳,107年鄉(鎮、市)民代表選舉,首次申報,1071008,雜支支出,雅客廣場,66816292,0.00,4540.00,文具用品費用,金錢,苗栗縣三義鄉****,037-*****,
2,張玉鳳,107年鄉(鎮、市)民代表選舉,首次申報,1071015,雜支支出,雅客廣場,66816292,0.00,1140.00,文具用品費用,金錢,苗栗縣三義鄉****,037-*****,
3,張玉鳳,107年鄉(鎮、市)民代表選舉,首次申報,1071019,宣傳支出,一極棒廣告工作室,38988266,0.00,28700.00,製作競選物品支出（旗幟制作支）,金錢,苗栗縣銅鑼鄉****,0933*****,
4,張玉鳳,107年鄉(鎮、市)民代表選舉,首次申報,1071020,集會支出,協利爆竹煙火股份有限公司,49699566,0.00,10000.00,煙火產品,金錢,苗栗縣苑裡鎮****,0932*****,
5,張玉鳳,107年鄉(鎮、市)民代表選舉,首次申報,1071020,宣傳支出,先鋒廣告社,66810207,0.00,600.00,製作宣傳廣告支出,金錢,苗栗縣三義鄉****,037-*****,
6,張玉鳳,107年鄉(鎮、市)民代表選舉,首次申報,1071022,宣傳支出,禾樺服裝行,17074151,0.00,4200.00,排汗帽製作,金錢,臺中市沙鹿區****,04-2*****,
7,張玉鳳,107年鄉(鎮、市)民代表選舉,首次申報,1071022,宣傳支出,禾樺服裝行,17074151,0.00,9180.00,背心製作,金錢,臺中市沙鹿區****,04-2*****,
8,張玉鳳,107年鄉(鎮、市)民代表選舉,首次申報,1071022,雜支支出,雅客廣場,66816292,0.00,145.00,文具用品費用,金錢,苗栗縣三義鄉****,037-*****,
9,張玉鳳,107年鄉(鎮、市)民代表選舉,首次申報,1071023,宣傳支出,聖瓦多整合行銷有限公司,53287171,0.00,13440.00,製作宣傳廣告支出,金錢,苗栗縣竹南鎮****,0952*****,
10,張玉鳳,107年鄉(鎮、市)民代表選舉,首次申報,1071031,人事費用支出,范春桂,K12*******,0.00,2000.00,助選人員津貼,金錢,苗栗縣三義鄉****,0905*****,
11,張玉鳳,107年鄉(鎮、市)民代表選舉,首次申報,1071101,宣傳支出,元承實業有限公司,42787023,0.00,19950.00,製作宣傳廣告支出,金錢,西興里金馬路****,04-7*****,
12,張玉鳳,107年鄉(鎮、市)民代表選舉,首次申報,1071101,宣傳支出,先鋒廣告社,66810207,0.00,1400.00,布條,金錢,苗栗縣三義鄉****,037-*****,
13,張玉鳳,107年鄉(鎮、市)民代表選舉,首次申報,1071102,集會支出,長光架蓬行,83355549,0.00,8500.00,棚架,金錢,苗栗縣銅鑼鄉****,037-*****,
14,張玉鳳,107年鄉(鎮、市)民代表選舉,首次申報,1071103,宣傳支出,吳漢民,,0.00,5000.00,表演支出,金錢,苗栗縣三義鄉****,037-*****,
15,張玉鳳,107年鄉(鎮、市)民代表選舉,首次申報,1071103,宣傳支出,黃月梅,,0.00,5000.00,表演支出,金錢,苗栗縣三義鄉****,037-*****,
16,張玉鳳,107年鄉(鎮、市)民代表選舉,首次申報,1071103,宣傳支出,林玉枝,,0.00,5000.00,表演支出,金錢,苗栗縣三義鄉****,0912*****,
17,張玉鳳,107年鄉(鎮、市)民代表選舉,首次申報,1071103,宣傳支出,李蒨怡,,0.00,5000.00,表演支出,金錢,苗栗縣三義鄉****,0912*****,
18,張玉鳳,107年鄉(鎮、市)民代表選舉,首次申報,1071104,宣傳支出,張瑞香,,0.00,5000.00,表演支出,金錢,苗栗縣三義鄉****,0919*****,
19,張玉鳳,107年鄉(鎮、市)民代表選舉,首次申報,1071125,人事費用支出,范倉達,K10*******,0.00,25000.00,服務處人員津貼,金錢,苗栗縣三義鄉****,0975*****,
20,張玉鳳,107年鄉(鎮、市)民代表選舉,首次申報,1071125,人事費用支出,葉立松,K12*******,0.00,2000.00,助選人員津貼,金錢,苗栗縣三義鄉****,0937*****,
21,張玉鳳,107年鄉(鎮、市)民代表選舉,首次申報,1071125,人事費用支出,賴建璋,K12*******,0.00,3000.00,助選人員津貼,金錢,苗栗縣三義鄉****,0981*****,
22,張玉鳳,107年鄉(鎮、市)民代表選舉,首次申報,1071125,人事費用支出,徐瑞儒,K12*******,0.00,1000.00,助選人員津貼,金錢,苗栗縣三義鄉****,0988*****,
23,張玉鳳,107年鄉(鎮、市)民代表選舉,首次申報,1071125,人事費用支出,吳建儒,K12*******,0.00,1000.00,助選人員津貼,金錢,苗栗縣三義鄉****,0988*****,
24,張玉鳳,107年鄉(鎮、市)民代表選舉,首次申報,1071125,人事費用支出,范水源,K12*******,0.00,1000.00,助選人員津貼,金錢,苗栗縣三義鄉****,0975*****,
25,張玉鳳,107年鄉(鎮、市)民代表選舉,首次申報,1071127,宣傳支出,威文打字社,49751289,0.00,25500.00,文宣印刷,金錢,苗栗縣三義鄉****,037-*****,
