﻿序號,擬參選人／政黨,選舉名稱,申報序號／年度,交易日期,收支科目,捐贈者／支出對象,身分證／統一編號,收入金額,支出金額,支出用途,金錢類,地址,聯絡電話,資料更正日期
1,詹為元,109年立法委員選舉,首次申報,1080525,個人捐贈收入,詹為琳,A22*******,1000.00,0.00,,金錢,臺北市北投區****,0935*****,
2,詹為元,109年立法委員選舉,首次申報,1080526,個人捐贈收入,陳姿吟,Q22*******,10000.00,0.00,,金錢,新北市三峽區****,0987*****,
3,詹為元,109年立法委員選舉,首次申報,1080527,匿名捐贈,匿名5,,200.00,0.00,,金錢,,,
4,詹為元,109年立法委員選舉,首次申報,1080527,匿名捐贈,匿名4,,500.00,0.00,,金錢,,,
5,詹為元,109年立法委員選舉,首次申報,1080527,匿名捐贈,匿名6,,100.00,0.00,,金錢,,,
6,詹為元,109年立法委員選舉,首次申報,1080527,個人捐贈收入,丁上程,A12*******,1000.00,0.00,,金錢,臺北市松山區****,0918*****,
7,詹為元,109年立法委員選舉,首次申報,1080527,個人捐贈收入,田方倫,A12*******,500.00,0.00,,金錢,臺北市信義區****,0955*****,
8,詹為元,109年立法委員選舉,首次申報,1080527,個人捐贈收入,張淑娟,B22*******,5000.00,0.00,,金錢,臺北市中山區****,0921*****,
9,詹為元,109年立法委員選舉,首次申報,1080527,個人捐贈收入,吳柏諺,F12*******,800.00,0.00,,金錢,新北市坪林區****,0963*****,
10,詹為元,109年立法委員選舉,首次申報,1080527,個人捐贈收入,蔡以柔,F22*******,3000.00,0.00,,金錢,新北市新店區****,0987*****,
11,詹為元,109年立法委員選舉,首次申報,1080527,個人捐贈收入,朱立君,F22*******,1000.00,0.00,,金錢,臺北市萬華區****,0975*****,
12,詹為元,109年立法委員選舉,首次申報,1080527,個人捐贈收入,李玟萱,F22*******,1000.00,0.00,,金錢,臺中市南區工****,0912*****,
13,詹為元,109年立法委員選舉,首次申報,1080527,個人捐贈收入,黃品維,P12*******,666.00,0.00,,金錢,雲林縣元長鄉****,0937*****,
14,詹為元,109年立法委員選舉,首次申報,1080527,個人捐贈收入,陳姿安,R22*******,2000.00,0.00,,金錢,臺南市安南區****,0912*****,
15,詹為元,109年立法委員選舉,首次申報,1080527,個人捐贈收入,陳秋美,S22*******,888.00,0.00,,金錢,高雄市岡山區****,0953*****,
16,詹為元,109年立法委員選舉,首次申報,1080528,個人捐贈收入,黃苑溰,A22*******,168.00,0.00,,金錢,,0926*****,
17,詹為元,109年立法委員選舉,首次申報,1080528,個人捐贈收入,余勝永,F12*******,2800.00,0.00,,金錢,新北市土城區****,0922*****,
18,詹為元,109年立法委員選舉,首次申報,1080528,個人捐贈收入,高晨峯,F12*******,8888.00,0.00,,金錢,桃園市八德區****,0987*****,
19,詹為元,109年立法委員選舉,首次申報,1080529,個人捐贈收入,武庭旭,,10000.00,0.00,,金錢,新北市深坑區****,0920*****,
20,詹為元,109年立法委員選舉,首次申報,1080529,個人捐贈收入,任珮云,,2000.00,0.00,,金錢,臺北市文山區****,0915*****,
21,詹為元,109年立法委員選舉,首次申報,1080530,個人捐贈收入,陳欣儀,Q22*******,200.00,0.00,,金錢,臺北市中正區****,0930*****,
22,詹為元,109年立法委員選舉,首次申報,1080530,個人捐贈收入,張家瑋,V12*******,100.00,0.00,,金錢,桃園市桃園區****,0966*****,
23,詹為元,109年立法委員選舉,首次申報,1080530,個人捐贈收入,翁紹輝,W10*******,1000.00,0.00,,金錢,金門縣金寧鄉****,0934*****,
24,詹為元,109年立法委員選舉,首次申報,1080531,個人捐贈收入,陳阿幼,,5000.00,0.00,,金錢,新北市新莊區****,0932*****,
25,詹為元,109年立法委員選舉,首次申報,1080531,個人捐贈收入,廖彥豪,F12*******,3600.00,0.00,,金錢,新北市中和區****,,
26,詹為元,109年立法委員選舉,首次申報,1080531,個人捐贈收入,馮天宗,H12*******,100.00,0.00,,金錢,桃園市龍潭區****,0989*****,
27,詹為元,109年立法委員選舉,首次申報,1080601,個人捐贈收入,方恩斌,A13*******,500.00,0.00,,金錢,臺北市北投區****,0987*****,
28,詹為元,109年立法委員選舉,首次申報,1080601,個人捐贈收入,陳偉華,N12*******,1000.00,0.00,,金錢,臺北市文山區****,0937*****,
29,詹為元,109年立法委員選舉,首次申報,1080603,匿名捐贈,匿名3,,500.00,0.00,,金錢,,,
30,詹為元,109年立法委員選舉,首次申報,1080603,個人捐贈收入,張若恩,,3000.00,0.00,,金錢,新北市板橋區****,0936*****,
31,詹為元,109年立法委員選舉,首次申報,1080603,個人捐贈收入,簡春敏,,5000.00,0.00,,金錢,新北市新店區****,0921*****,
32,詹為元,109年立法委員選舉,首次申報,1080603,個人捐贈收入,呂彥芃,A12*******,500.00,0.00,,金錢,,0921*****,
33,詹為元,109年立法委員選舉,首次申報,1080603,個人捐贈收入,馬葉秀珠,B20*******,1000.00,0.00,,金錢,臺北市中正區****,0989*****,
34,詹為元,109年立法委員選舉,首次申報,1080603,個人捐贈收入,姚祥義,B20*******,10000.00,0.00,,金錢,臺北市大安區****,0935*****,
35,詹為元,109年立法委員選舉,首次申報,1080603,個人捐贈收入,黃國書,E12*******,5000.00,0.00,,金錢,高雄市前鎮區****,0921*****,
36,詹為元,109年立法委員選舉,首次申報,1080603,個人捐贈收入,黑快明,E12*******,1000.00,0.00,,金錢,新北市淡水區****,0975*****,
37,詹為元,109年立法委員選舉,首次申報,1080603,個人捐贈收入,林金燦,E12*******,10000.00,0.00,,金錢,臺北市信義區****,0988*****,
38,詹為元,109年立法委員選舉,首次申報,1080603,個人捐贈收入,羅冠仁,F12*******,100.00,0.00,,金錢,新北市永和區****,0970*****,
39,詹為元,109年立法委員選舉,首次申報,1080603,個人捐贈收入,周昌賢,F12*******,1000.00,0.00,,金錢,新北市土城區****,0970*****,
40,詹為元,109年立法委員選舉,首次申報,1080603,個人捐贈收入,黃家偉,F12*******,1000.00,0.00,,金錢,,0921*****,
41,詹為元,109年立法委員選舉,首次申報,1080603,個人捐贈收入,李效玲,F20*******,30000.00,0.00,,金錢,臺北市中正區****,0932*****,
42,詹為元,109年立法委員選舉,首次申報,1080603,個人捐贈收入,蕭宜軒,F22*******,1111.00,0.00,,金錢,,0905*****,
43,詹為元,109年立法委員選舉,首次申報,1080603,個人捐贈收入,林容萱,F22*******,300.00,0.00,,金錢,,0936*****,
44,詹為元,109年立法委員選舉,首次申報,1080603,個人捐贈收入,白一凡,H12*******,1000.00,0.00,,金錢,臺北市中正區****,0922*****,
45,詹為元,109年立法委員選舉,首次申報,1080603,個人捐贈收入,林世強,H12*******,100.00,0.00,,金錢,新北市樹林區****,0939*****,
46,詹為元,109年立法委員選舉,首次申報,1080603,個人捐贈收入,朱蕙蓉,L22*******,1000.00,0.00,,金錢,臺北市大安區****,0932*****,
47,詹為元,109年立法委員選舉,首次申報,1080604,匿名捐贈,匿名2(Carol),,500.00,0.00,,金錢,,,
48,詹為元,109年立法委員選舉,首次申報,1080604,個人捐贈收入,楊植斗,P12*******,2000.00,0.00,,金錢,雲林縣西螺鎮****,0961*****,
49,詹為元,109年立法委員選舉,首次申報,1080605,匿名捐贈,匿名,,2000.00,0.00,,金錢,,,
50,詹為元,109年立法委員選舉,首次申報,1080605,個人捐贈收入,黃忠信,,2000.00,0.00,,金錢,屏東縣南州鄉****,0919*****,
51,詹為元,109年立法委員選舉,首次申報,1080605,個人捐贈收入,夏瑋,F12*******,6000.00,0.00,,金錢,新北市中和區****,0935*****,
52,詹為元,109年立法委員選舉,首次申報,1080606,個人捐贈收入,林宜男,F12*******,5000.00,0.00,,金錢,,,
53,詹為元,109年立法委員選舉,首次申報,1080610,個人捐贈收入,王明月,,5000.00,0.00,,金錢,新北市新莊區****,2993*****,
54,詹為元,109年立法委員選舉,首次申報,1080610,個人捐贈收入,鄒韻婷,F22*******,500.00,0.00,,金錢,臺北市大安區****,0939*****,
55,詹為元,109年立法委員選舉,首次申報,1080621,其他收入,利息收入,,2.00,0.00,,金錢,,,
