﻿序號,擬參選人／政黨,選舉名稱,申報序號／年度,交易日期,收支科目,捐贈者／支出對象,身分證／統一編號,收入金額,支出金額,捐贈方式,存入專戶日期,返還/繳庫,支出用途,金錢類,地址,聯絡電話,應揭露之支出對象,支出對象之內部人員姓名,支出對象之內部人員職稱,政黨之內部人員姓名,政黨之內部人員職稱,關係,更正註記,資料更正日期
1,張之豪,111年基隆市議員選舉,首次申報,1110429,公共關係費用支出,美上美鮮花藝品店,77714531,0.00,28000.00,,,,為民服務費用,金錢,基隆市中和路****,02-2*****,否,,,,,,,
2,張之豪,111年基隆市議員選舉,首次申報,1110429,人事費用支出,黃加樺,C12*******,0.00,27000.00,,,,工資或薪津,金錢,基隆市仁愛區****,,否,,,,,,,
3,張之豪,111年基隆市議員選舉,首次申報,1110512,宣傳支出,金藝泰企業社,87328376,0.00,150000.00,,,,租用廣告看板或車體廣告費用,金錢,基隆市仁愛區****,0910*****,否,,,,,,,
4,張之豪,111年基隆市議員選舉,首次申報,1110517,公共關係費用支出,劉家肉粽富基總店,24391111,0.00,20350.00,,,,聯誼交際費用,金錢,新北市石門區****,,否,,,,,,,
5,張之豪,111年基隆市議員選舉,首次申報,1110520,雜支支出,中華電信股份有限公司,81817257,0.00,1029.00,,,,電信費用,金錢,基隆市安樂區****,,否,,,,,,,
6,張之豪,111年基隆市議員選舉,首次申報,1110524,公共關係費用支出,藝匠花苑,94933791,0.00,2000.00,,,,為民服務費用,金錢,南投縣草屯鎮****,049-*****,否,,,,,,,
7,張之豪,111年基隆市議員選舉,首次申報,1110527,雜支支出,應援科技股份有限公司,83763685,0.00,1162.00,,,,網際網路費用,金錢,臺北市內湖區****,,否,,,,,,,
8,張之豪,111年基隆市議員選舉,首次申報,1110531,公共關係費用支出,美上美鮮花藝品店,77714531,0.00,38000.00,,,,為民服務費用,金錢,基隆市中和路****,02-2*****,否,,,,,,,
9,張之豪,111年基隆市議員選舉,首次申報,1110531,人事費用支出,黃加樺,C12*******,0.00,27000.00,,,,工資或薪津,金錢,基隆市仁愛區****,,否,,,,,,,
10,張之豪,111年基隆市議員選舉,首次申報,1110602,雜支支出,應援科技股份有限公司,83763685,0.00,6169.00,,,,網際網路費用,金錢,臺北市內湖區****,,否,,,,,,,
11,張之豪,111年基隆市議員選舉,首次申報,1110610,雜支支出,應援科技股份有限公司,83763685,0.00,7566.00,,,,網際網路費用,金錢,臺北市內湖區****,,否,,,,,,,
12,張之豪,111年基隆市議員選舉,首次申報,1110617,雜支支出,應援科技股份有限公司,83763685,0.00,1255.00,,,,網際網路費用,金錢,臺北市內湖區****,,否,,,,,,,
13,張之豪,111年基隆市議員選舉,首次申報,1110624,雜支支出,應援科技股份有限公司,83763685,0.00,936.00,,,,網際網路費用,金錢,臺北市內湖區****,,否,,,,,,,
14,張之豪,111年基隆市議員選舉,首次申報,1110627,宣傳支出,邱垂金,N10*******,0.00,110000.00,,,,租用廣告看板或車體廣告費用,金錢,基隆市安樂區****,0928*****,否,,,,,,,
15,張之豪,111年基隆市議員選舉,首次申報,1110630,公共關係費用支出,美上美鮮花藝品店,77714531,0.00,32000.00,,,,為民服務費用,金錢,基隆市中和路****,02-2*****,否,,,,,,,
16,張之豪,111年基隆市議員選舉,首次申報,1110630,雜支支出,應援科技股份有限公司,83763685,0.00,9450.00,,,,網際網路費用,金錢,臺北市內湖區****,,否,,,,,,,
17,張之豪,111年基隆市議員選舉,首次申報,1110630,人事費用支出,黃加樺,C12*******,0.00,27000.00,,,,工資或薪津,金錢,基隆市仁愛區****,,否,,,,,,,
18,張之豪,111年基隆市議員選舉,首次申報,1110701,雜支支出,應援科技股份有限公司,83763685,0.00,1092.00,,,,網際網路費用,金錢,臺北市內湖區****,,否,,,,,,,
19,張之豪,111年基隆市議員選舉,首次申報,1110705,宣傳支出,國光媒體股份有限公司,25109956,0.00,220500.00,,,,租用廣告看板或車體廣告費用,金錢,臺北市中正區****,02-2*****,否,,,,,,,
20,張之豪,111年基隆市議員選舉,首次申報,1110708,雜支支出,應援科技股份有限公司,83763685,0.00,533.00,,,,網際網路費用,金錢,臺北市內湖區****,,否,,,,,,,
21,張之豪,111年基隆市議員選舉,首次申報,1110711,租用競選辦事處支出,許武祥,C12*******,0.00,210000.00,,,,租用競選辦事處費用,金錢,基隆市安樂區****,,否,,,,,,,
22,張之豪,111年基隆市議員選舉,首次申報,1110715,宣傳支出,用心派報社,,0.00,20000.00,,,,郵寄競選物品或宣傳廣告費用,金錢,基隆市新西街****,0971*****,否,,,,,,,
23,張之豪,111年基隆市議員選舉,首次申報,1110715,雜支支出,應援科技股份有限公司,83763685,0.00,2855.00,,,,網際網路費用,金錢,臺北市內湖區****,,否,,,,,,,
24,張之豪,111年基隆市議員選舉,首次申報,1110722,雜支支出,中華電信股份有限公司,81817257,0.00,888.00,,,,電信費用,金錢,基隆市安樂區****,,否,,,,,,,
25,張之豪,111年基隆市議員選舉,首次申報,1110722,雜支支出,中華電信股份有限公司,81817257,0.00,1492.00,,,,電信費用,金錢,基隆市安樂區****,,否,,,,,,,
26,張之豪,111年基隆市議員選舉,首次申報,1110722,雜支支出,中華電信股份有限公司,81817257,0.00,1029.00,,,,電信費用,金錢,基隆市安樂區****,,否,,,,,,,
27,張之豪,111年基隆市議員選舉,首次申報,1110722,雜支支出,應援科技股份有限公司,83763685,0.00,881.00,,,,網際網路費用,金錢,臺北市內湖區****,,否,,,,,,,
28,張之豪,111年基隆市議員選舉,首次申報,1110729,公共關係費用支出,美上美鮮花藝品店,77714531,0.00,26000.00,,,,為民服務費用,金錢,基隆市中和路****,02-2*****,否,,,,,,,
29,張之豪,111年基隆市議員選舉,首次申報,1110729,雜支支出,應援科技股份有限公司,83763685,0.00,823.00,,,,網際網路費用,金錢,臺北市內湖區****,,否,,,,,,,
30,張之豪,111年基隆市議員選舉,首次申報,1110729,人事費用支出,黃加樺,C12*******,0.00,27000.00,,,,工資或薪津,金錢,基隆市仁愛區****,,否,,,,,,,
31,張之豪,111年基隆市議員選舉,首次申報,1110731,公共關係費用支出,鑫隆商行,80886451,0.00,10360.00,,,,為民服務費用,金錢,基隆市安樂區****,2434*****,否,,,,,,,
32,張之豪,111年基隆市議員選舉,首次申報,1110805,雜支支出,應援科技股份有限公司,83763685,0.00,853.00,,,,網際網路費用,金錢,臺北市內湖區****,,否,,,,,,,
33,張之豪,111年基隆市議員選舉,首次申報,1110806,公共關係費用支出,溫莎堡食品股份有限公司,86757855,0.00,1750.00,,,,為民服務費用,金錢,基隆市安樂區****,2432*****,否,,,,,,,
34,張之豪,111年基隆市議員選舉,首次申報,1110811,公共關係費用支出,上其禮品企業有限公司,84190882,0.00,1500.00,,,,為民服務費用,金錢,基隆市仁愛區****,2426*****,否,,,,,,,
35,張之豪,111年基隆市議員選舉,首次申報,1110812,雜支支出,應援科技股份有限公司,83763685,0.00,1855.00,,,,網際網路費用,金錢,臺北市內湖區****,,否,,,,,,,
36,張之豪,111年基隆市議員選舉,首次申報,1110815,宣傳支出,用心派報社,,0.00,10000.00,,,,郵寄競選物品或宣傳廣告費用,金錢,基隆市新西街****,0971*****,否,,,,,,,
37,張之豪,111年基隆市議員選舉,首次申報,1110819,雜支支出,應援科技股份有限公司,83763685,0.00,989.00,,,,網際網路費用,金錢,臺北市內湖區****,,否,,,,,,,
38,張之豪,111年基隆市議員選舉,首次申報,1110826,雜支支出,中華電信股份有限公司,81817257,0.00,1033.00,,,,電信費用,金錢,基隆市安樂區****,,否,,,,,,,
39,張之豪,111年基隆市議員選舉,首次申報,1110826,雜支支出,中華電信股份有限公司,81817257,0.00,1284.00,,,,電信費用,金錢,基隆市安樂區****,,否,,,,,,,
40,張之豪,111年基隆市議員選舉,首次申報,1110826,雜支支出,應援科技股份有限公司,83763685,0.00,1466.00,,,,網際網路費用,金錢,臺北市內湖區****,,否,,,,,,,
41,張之豪,111年基隆市議員選舉,首次申報,1110829,集會支出,可愛影音維修工作室,80877214,0.00,5000.00,,,,租用設備費用,金錢,基隆市忠四路****,2422*****,否,,,,,,,
42,張之豪,111年基隆市議員選舉,首次申報,1110829,集會支出,可愛影音維修工作室,80877214,0.00,7000.00,,,,租用設備費用,金錢,基隆市忠四路****,2422*****,否,,,,,,,
43,張之豪,111年基隆市議員選舉,首次申報,1110831,公共關係費用支出,美上美鮮花藝品店,77714531,0.00,34000.00,,,,為民服務費用,金錢,基隆市中和路****,02-2*****,否,,,,,,,
44,張之豪,111年基隆市議員選舉,首次申報,1110831,公共關係費用支出,鑫隆商行,80886451,0.00,25636.00,,,,為民服務費用,金錢,基隆市安樂區****,2434*****,否,,,,,,,
45,張之豪,111年基隆市議員選舉,首次申報,1110831,人事費用支出,黃加樺,C12*******,0.00,27000.00,,,,工資或薪津,金錢,基隆市仁愛區****,,否,,,,,,,
46,張之豪,111年基隆市議員選舉,首次申報,1110902,雜支支出,應援科技股份有限公司,83763685,0.00,2411.00,,,,網際網路費用,金錢,臺北市內湖區****,,否,,,,,,,
47,張之豪,111年基隆市議員選舉,首次申報,1110908,雜支支出,應援科技股份有限公司,83763685,0.00,3647.00,,,,網際網路費用,金錢,臺北市內湖區****,,否,,,,,,,
48,張之豪,111年基隆市議員選舉,首次申報,1110913,雜支支出,應援科技股份有限公司,83763685,0.00,1061.00,,,,網際網路費用,金錢,臺北市內湖區****,,否,,,,,,,
49,張之豪,111年基隆市議員選舉,首次申報,1110915,宣傳支出,用心派報社,,0.00,20000.00,,,,郵寄競選物品或宣傳廣告費用,金錢,基隆市新西街****,0971*****,否,,,,,,,
50,張之豪,111年基隆市議員選舉,首次申報,1110916,雜支支出,應援科技股份有限公司,83763685,0.00,659.00,,,,網際網路費用,金錢,臺北市內湖區****,,否,,,,,,,
51,張之豪,111年基隆市議員選舉,首次申報,1110920,租用競選辦事處支出,龍安水電行,00713936,0.00,15000.00,,,,裝潢競選辦事處費用,金錢,基隆市安樂路****,,否,,,,,,,
52,張之豪,111年基隆市議員選舉,首次申報,1110920,宣傳支出,軒彩數位影像有限公司,53503065,0.00,11760.00,,,,製作競選物品或宣傳廣告費用（易拉展）,金錢,基隆市安樂區****,,否,,,,,,,
53,張之豪,111年基隆市議員選舉,首次申報,1110920,雜支支出,應援科技股份有限公司,83763685,0.00,157.00,,,,網際網路費用,金錢,臺北市內湖區****,,否,,,,,,,
54,張之豪,111年基隆市議員選舉,首次申報,1110921,宣傳支出,藝泰廣告社,41002214,0.00,216405.00,,,,租用廣告看板或車體廣告費用,金錢,基隆市安樂區****,02-2*****,否,,,,,,,
55,張之豪,111年基隆市議員選舉,首次申報,1110923,宣傳支出,集藝屋,15625144,0.00,12000.00,,,,製作競選物品或宣傳廣告費用（競選背心）,金錢,高雄市苓雅區****,,否,,,,,,,
56,張之豪,111年基隆市議員選舉,首次申報,1110923,公共關係費用支出,美上美鮮花藝品店,77714531,0.00,1200.00,,,,為民服務費用,金錢,基隆市中和路****,02-2*****,否,,,,,,,
57,張之豪,111年基隆市議員選舉,首次申報,1110923,宣傳支出,荷康醫材有限公司,83071395,0.00,525000.00,,,,製作競選物品或宣傳廣告費用（口罩）,金錢,桃園市龜山區****,,否,,,,,,,
58,張之豪,111年基隆市議員選舉,首次申報,1110923,雜支支出,應援科技股份有限公司,83763685,0.00,447.00,,,,網際網路費用,金錢,臺北市內湖區****,,否,,,,,,,
59,張之豪,111年基隆市議員選舉,首次申報,1110927,雜支支出,應援科技股份有限公司,83763685,0.00,619.00,,,,網際網路費用,金錢,臺北市內湖區****,,否,,,,,,,
60,張之豪,111年基隆市議員選舉,首次申報,1110930,公共關係費用支出,美上美鮮花藝品店,77714531,0.00,38000.00,,,,為民服務費用,金錢,基隆市中和路****,02-2*****,否,,,,,,,
61,張之豪,111年基隆市議員選舉,首次申報,1110930,公共關係費用支出,鑫隆商行,80886451,0.00,12756.00,,,,為民服務費用,金錢,基隆市安樂區****,2434*****,否,,,,,,,
62,張之豪,111年基隆市議員選舉,首次申報,1110930,雜支支出,應援科技股份有限公司,83763685,0.00,878.00,,,,網際網路費用,金錢,臺北市內湖區****,,否,,,,,,,
63,張之豪,111年基隆市議員選舉,首次申報,1110930,雜支支出,應援科技股份有限公司,83763685,0.00,15750.00,,,,網際網路費用,金錢,臺北市內湖區****,,否,,,,,,,
64,張之豪,111年基隆市議員選舉,首次申報,1110930,人事費用支出,黃加樺,C12*******,0.00,27000.00,,,,工資或薪津,金錢,基隆市仁愛區****,,否,,,,,,,
65,張之豪,111年基隆市議員選舉,首次申報,1111001,公共關係費用支出,喳吧工作室,37754043,0.00,4500.00,,,,聯誼交際費用,金錢,基隆市中正區****,,否,,,,,,,
66,張之豪,111年基隆市議員選舉,首次申報,1111001,集會支出,可愛影音維修工作室,80877214,0.00,9000.00,,,,租用設備費用,金錢,基隆市忠四路****,2422*****,否,,,,,,,
67,張之豪,111年基隆市議員選舉,首次申報,1111003,宣傳支出,聰德廣告社,81811660,0.00,30750.00,,,,製作競選物品或宣傳廣告費用（廣告看板）,金錢,基隆市南榮路****,,否,,,,,,,
68,張之豪,111年基隆市議員選舉,首次申報,1111003,公共關係費用支出,溫莎堡食品股份有限公司,86757855,0.00,5800.00,,,,為民服務費用,金錢,基隆市安樂區****,2432*****,否,,,,,,,
69,張之豪,111年基隆市議員選舉,首次申報,1111004,雜支支出,應援科技股份有限公司,83763685,0.00,546.00,,,,網際網路費用,金錢,臺北市內湖區****,,否,,,,,,,
70,張之豪,111年基隆市議員選舉,首次申報,1111007,雜支支出,應援科技股份有限公司,83763685,0.00,434.00,,,,網際網路費用,金錢,臺北市內湖區****,,否,,,,,,,
71,張之豪,111年基隆市議員選舉,首次申報,1111011,雜支支出,應援科技股份有限公司,83763685,0.00,738.00,,,,網際網路費用,金錢,臺北市內湖區****,,否,,,,,,,
72,張之豪,111年基隆市議員選舉,首次申報,1111014,雜支支出,應援科技股份有限公司,83763685,0.00,158.00,,,,網際網路費用,金錢,臺北市內湖區****,,否,,,,,,,
73,張之豪,111年基隆市議員選舉,首次申報,1111014,公共關係費用支出,上其禮品企業有限公司,84190882,0.00,5400.00,,,,為民服務費用,金錢,基隆市仁愛區****,2426*****,否,,,,,,,
74,張之豪,111年基隆市議員選舉,首次申報,1111018,雜支支出,應援科技股份有限公司,83763685,0.00,1572.00,,,,網際網路費用,金錢,臺北市內湖區****,,否,,,,,,,
75,張之豪,111年基隆市議員選舉,首次申報,1111021,雜支支出,應援科技股份有限公司,83763685,0.00,88.00,,,,網際網路費用,金錢,臺北市內湖區****,,否,,,,,,,
76,張之豪,111年基隆市議員選舉,首次申報,1111025,雜支支出,中華電信股份有限公司,81817257,0.00,1229.00,,,,電信費用,金錢,基隆市安樂區****,,否,,,,,,,
77,張之豪,111年基隆市議員選舉,首次申報,1111025,雜支支出,中華電信股份有限公司,81817257,0.00,1517.00,,,,電信費用,金錢,基隆市安樂區****,,否,,,,,,,
78,張之豪,111年基隆市議員選舉,首次申報,1111025,雜支支出,中華電信股份有限公司,81817257,0.00,888.00,,,,電信費用,金錢,基隆市安樂區****,,否,,,,,,,
79,張之豪,111年基隆市議員選舉,首次申報,1111025,雜支支出,應援科技股份有限公司,83763685,0.00,374.00,,,,網際網路費用,金錢,臺北市內湖區****,,否,,,,,,,
80,張之豪,111年基隆市議員選舉,首次申報,1111028,公共關係費用支出,美上美鮮花藝品店,77714531,0.00,36000.00,,,,為民服務費用,金錢,基隆市中和路****,02-2*****,否,,,,,,,
81,張之豪,111年基隆市議員選舉,首次申報,1111028,雜支支出,應援科技股份有限公司,83763685,0.00,118.00,,,,網際網路費用,金錢,臺北市內湖區****,,否,,,,,,,
82,張之豪,111年基隆市議員選舉,首次申報,1111028,人事費用支出,黃加樺,C12*******,0.00,27000.00,,,,工資或薪津,金錢,基隆市仁愛區****,,否,,,,,,,
83,張之豪,111年基隆市議員選舉,首次申報,1111031,宣傳支出,用心派報社,,0.00,17500.00,,,,郵寄競選物品或宣傳廣告費用,金錢,基隆市新西街****,0971*****,否,,,,,,,
84,張之豪,111年基隆市議員選舉,首次申報,1111031,宣傳支出,軒彩數位影像有限公司,53503065,0.00,7350.00,,,,製作競選物品或宣傳廣告費用（海報）,金錢,基隆市安樂區****,,否,,,,,,,
85,張之豪,111年基隆市議員選舉,首次申報,1111031,公共關係費用支出,鑫隆商行,80886451,0.00,5568.00,,,,為民服務費用,金錢,基隆市安樂區****,2434*****,否,,,,,,,
86,張之豪,111年基隆市議員選舉,首次申報,1111031,宣傳支出,荷康醫材有限公司,83071395,0.00,210000.00,,,,製作競選物品或宣傳廣告費用（口罩）,金錢,桃園市龜山區****,,否,,,,,,,
87,張之豪,111年基隆市議員選舉,首次申報,1111101,雜支支出,應援科技股份有限公司,83763685,0.00,1187.00,,,,網際網路費用,金錢,臺北市內湖區****,,否,,,,,,,
88,張之豪,111年基隆市議員選舉,首次申報,1111101,人事費用支出,劉若敔,A22*******,0.00,31549.00,,,,工資或薪津,金錢,臺北市南港區****,,否,,,,,,,
89,張之豪,111年基隆市議員選舉,首次申報,1111104,雜支支出,應援科技股份有限公司,83763685,0.00,164.00,,,,網際網路費用,金錢,臺北市內湖區****,,否,,,,,,,
90,張之豪,111年基隆市議員選舉,首次申報,1111105,宣傳支出,UNIQLO CITY LINK 南港店,,0.00,11943.00,,,,製作競選物品或宣傳廣告費用（競選外套）,金錢,臺北市南港區****,,否,,,,,,,
91,張之豪,111年基隆市議員選舉,首次申報,1111108,雜支支出,應援科技股份有限公司,83763685,0.00,253.00,,,,網際網路費用,金錢,臺北市內湖區****,,否,,,,,,,
92,張之豪,111年基隆市議員選舉,首次申報,1111111,雜支支出,應援科技股份有限公司,83763685,0.00,632.00,,,,網際網路費用,金錢,臺北市內湖區****,,否,,,,,,,
93,張之豪,111年基隆市議員選舉,首次申報,1111115,宣傳支出,用心派報社,,0.00,20000.00,,,,郵寄競選物品或宣傳廣告費用,金錢,基隆市新西街****,0971*****,否,,,,,,,
94,張之豪,111年基隆市議員選舉,首次申報,1111115,雜支支出,應援科技股份有限公司,83763685,0.00,786.00,,,,網際網路費用,金錢,臺北市內湖區****,,否,,,,,,,
95,張之豪,111年基隆市議員選舉,首次申報,1111116,宣傳支出,藝泰廣告社,41002214,0.00,127050.00,,,,租用廣告看板或車體廣告費用,金錢,基隆市安樂區****,02-2*****,否,,,,,,,
96,張之豪,111年基隆市議員選舉,首次申報,1111118,雜支支出,應援科技股份有限公司,83763685,0.00,1585.00,,,,網際網路費用,金錢,臺北市內湖區****,,否,,,,,,,
97,張之豪,111年基隆市議員選舉,首次申報,1111122,雜支支出,應援科技股份有限公司,83763685,0.00,599.00,,,,網際網路費用,金錢,臺北市內湖區****,,否,,,,,,,
98,張之豪,111年基隆市議員選舉,首次申報,1111124,雜支支出,中華電信股份有限公司,81817257,0.00,1420.00,,,,電信費用,金錢,基隆市安樂區****,,否,,,,,,,
99,張之豪,111年基隆市議員選舉,首次申報,1111124,雜支支出,中華電信股份有限公司,81817257,0.00,2131.00,,,,電信費用,金錢,基隆市安樂區****,,否,,,,,,,
100,張之豪,111年基隆市議員選舉,首次申報,1111124,雜支支出,中華電信股份有限公司,81817257,0.00,888.00,,,,電信費用,金錢,基隆市安樂區****,,否,,,,,,,
101,張之豪,111年基隆市議員選舉,首次申報,1111125,雜支支出,應援科技股份有限公司,83763685,0.00,2382.00,,,,網際網路費用,金錢,臺北市內湖區****,,否,,,,,,,
102,張之豪,111年基隆市議員選舉,首次申報,1111130,公共關係費用支出,美上美鮮花藝品店,77714531,0.00,42000.00,,,,為民服務費用,金錢,基隆市中和路****,02-2*****,否,,,,,,,
103,張之豪,111年基隆市議員選舉,首次申報,1111130,宣傳支出,金藝泰企業社,87328376,0.00,11700.00,,,,製作競選物品或宣傳廣告費用（廣告布條）,金錢,基隆市仁愛區****,0910*****,否,,,,,,,
104,張之豪,111年基隆市議員選舉,首次申報,1111130,人事費用支出,黃加樺,C12*******,0.00,27000.00,,,,工資或薪津,金錢,基隆市仁愛區****,,否,,,,,,,
105,張之豪,111年基隆市議員選舉,首次申報,1111201,人事費用支出,劉若敔,A22*******,0.00,31549.00,,,,工資或薪津,金錢,臺北市南港區****,,否,,,,,,,
106,張之豪,111年基隆市議員選舉,首次申報,1111205,宣傳支出,品澄國際有限公司,24410356,0.00,100000.00,,,,租用廣告看板或車體廣告費用,金錢,基隆市基金一****,02-2*****,否,,,,,,,
107,張之豪,111年基隆市議員選舉,首次申報,1111226,人事費用支出,黃加樺,C12*******,0.00,27000.00,,,,工資或薪津,金錢,基隆市仁愛區****,,否,,,,,,,
