﻿序號,擬參選人／政黨,選舉名稱,申報序號／年度,交易日期,收支科目,捐贈者／支出對象,身分證／統一編號,收入金額,支出金額,支出用途,金錢類,地址,聯絡電話,資料更正日期
1,鄭銘顯,107年縣(市)議員選舉,首次申報,1070901,宣傳支出,東台有線電視,97177762,0.00,300000.00,製作宣傳廣告支出,金錢,臺東縣臺東市****,,
2,鄭銘顯,107年縣(市)議員選舉,首次申報,1071101,宣傳支出,三洋打字行,12087804,0.00,43850.00,製作宣傳廣告支出,金錢,臺東縣臺東市****,,
3,鄭銘顯,107年縣(市)議員選舉,首次申報,1071114,雜支支出,中華郵政股份有限公司,93507209,0.00,58521.00,郵寄競選物品或宣傳廣告支出,金錢,臺東縣臺東市****,,
4,鄭銘顯,107年縣(市)議員選舉,首次申報,1071114,宣傳支出,犇達資訊有限公司,97376734,0.00,4830.00,製作宣傳廣告支出,金錢,臺東縣臺東市****,,
5,鄭銘顯,107年縣(市)議員選舉,首次申報,1071126,集會支出,娜路彎大酒店股份有限公司,84970424,0.00,82000.00,租用場地支出,金錢,臺東縣臺東市****,,
6,鄭銘顯,107年縣(市)議員選舉,首次申報,1071204,宣傳支出,綠地企業社,14200654,0.00,30000.00,製作宣傳廣告支出,金錢,臺東縣臺東市****,,
