﻿序號,擬參選人／政黨,選舉名稱,申報序號／年度,交易日期,收支科目,捐贈者／支出對象,身分證／統一編號,收入金額,支出金額,支出用途,金錢類,地址,聯絡電話,資料更正日期
1,中華婦女黨,,108,1081124,選務費用支出,金利東國際企業有限公司,89936354,0.00,370.00,其他與選舉有關之費用,金錢,臺北市中正區****,,
2,中華婦女黨,,108,1081129,選務費用支出,金歡喜水果蔬菜店,81796231,0.00,360.00,其他與選舉有關之費用,金錢,臺北市萬華區****,,
3,中華婦女黨,,108,1081129,選務費用支出,府城肉粽店,77918535,0.00,300.00,其他與選舉有關之費用,金錢,臺北市萬華區****,,
4,中華婦女黨,,108,1081130,選務費用支出,昱廚有限公司,28861423,0.00,56280.00,其他與選舉有關之費用,金錢,臺北市大安區****,,
5,中華婦女黨,,108,1081202,選務費用支出,廣東羊城小食,05722110,0.00,960.00,其他與選舉有關之費用,金錢,臺北市中正區****,,
6,中華婦女黨,,108,1081202,選務費用支出,中正自助餐店,78379731,0.00,270.00,其他與選舉有關之費用,金錢,臺北市中正區****,,
7,中華婦女黨,,108,1081202,選務費用支出,中正自助餐店,78379731,0.00,270.00,其他與選舉有關之費用,金錢,臺北市中正區****,,
8,中華婦女黨,,108,1081202,選務費用支出,食藝手創,52596425,0.00,660.00,其他與選舉有關之費用,金錢,臺北市大安區****,,
9,中華婦女黨,,108,1081203,選務費用支出,林媺蕙,A22*******,0.00,890.00,其他與選舉有關之費用,金錢,臺北市中正區****,,
10,中華婦女黨,,108,1081203,選務費用支出,中正自助餐店,78379731,0.00,240.00,其他與選舉有關之費用,金錢,臺北市中正區****,,
11,中華婦女黨,,108,1081203,選務費用支出,廣東羊城小食,05722110,0.00,200.00,其他與選舉有關之費用,金錢,臺北市中正區****,,
12,中華婦女黨,,108,1081203,選務費用支出,林媺蕙,A22*******,0.00,400.00,其他與選舉有關之費用,金錢,臺北市中正區****,,
13,中華婦女黨,,108,1081203,選務費用支出,林媺蕙,A22*******,0.00,155.00,其他與選舉有關之費用,金錢,臺北市中正區****,,
14,中華婦女黨,,108,1081204,選務費用支出,楓木林企業有限公司,16136664,0.00,120.00,其他與選舉有關之費用,金錢,臺北市中正區****,,
15,中華婦女黨,,108,1081204,選務費用支出,廣東羊城小食,05722110,0.00,105.00,其他與選舉有關之費用,金錢,臺北市中正區****,,
16,中華婦女黨,,108,1081205,選務費用支出,中正自助餐店,78379731,0.00,900.00,其他與選舉有關之費用,金錢,臺北市中正區****,,
17,中華婦女黨,,108,1081206,選務費用支出,全家京暉店,51874104,0.00,116.00,其他與選舉有關之費用,金錢,臺北市松山區****,,
18,中華婦女黨,,108,1081206,選務費用支出,林媺蕙,A22*******,0.00,288.00,郵寄競選物品或宣傳廣告費用,金錢,臺北市中正區****,,
19,中華婦女黨,,108,1081206,人事費用支出,林媺蕙,A22*******,0.00,6000.00,工資或薪津,金錢,臺北市中正區****,,
20,中華婦女黨,,108,1081206,人事費用支出,雷聰香,AB2*******,0.00,4900.00,工資或薪津,金錢,臺北市中正區****,,
21,中華婦女黨,,108,1081209,選務費用支出,林媺蕙,A22*******,0.00,80.00,其他與選舉有關之費用,金錢,臺北市中正區****,,
22,中華婦女黨,,108,1081210,選務費用支出,良品牛肉麵館,42349782,0.00,590.00,其他與選舉有關之費用,金錢,臺北市萬華區****,,
23,中華婦女黨,,108,1081210,選務費用支出,食藝手創,52596425,0.00,1280.00,其他與選舉有關之費用,金錢,臺北市大安區****,,
24,中華婦女黨,,108,1081211,選務費用支出,台灣奇茂資訊有限公司,27722439,0.00,3400.00,其他與選舉有關之費用,金錢,臺北市中正區****,,
25,中華婦女黨,,108,1081211,選務費用支出,阿榮小吃店,15637676,0.00,385.00,其他與選舉有關之費用,金錢,臺北市中正區****,,
26,中華婦女黨,,108,1081211,選務費用支出,林媺蕙,A22*******,0.00,195.00,其他與選舉有關之費用,金錢,臺北市中正區****,,
27,中華婦女黨,,108,1081212,選務費用支出,林媺蕙,A22*******,0.00,125.00,其他與選舉有關之費用,金錢,臺北市中正區****,,
28,中華婦女黨,,108,1081213,選務費用支出,林媺蕙,A22*******,0.00,220.00,其他與選舉有關之費用,金錢,臺北市中正區****,,
29,中華婦女黨,,108,1081216,選務費用支出,中正自助餐店,78379731,0.00,800.00,其他與選舉有關之費用,金錢,臺北市中正區****,,
30,中華婦女黨,,108,1081217,選務費用支出,屈臣氏,27238301,0.00,218.00,其他與選舉有關之費用,金錢,臺北市中正區****,,
31,中華婦女黨,,108,1081217,選務費用支出,食藝手創,52596425,0.00,1080.00,其他與選舉有關之費用,金錢,臺北市大安區****,,
32,中華婦女黨,,108,1081217,選務費用支出,林媺蕙,A22*******,0.00,308.00,其他與選舉有關之費用,金錢,臺北市中正區****,,
33,中華婦女黨,,108,1081218,選務費用支出,中正自助餐店,78379731,0.00,360.00,其他與選舉有關之費用,金錢,臺北市中正區****,,
34,中華婦女黨,,108,1081219,選務費用支出,廣東羊城小食,05722110,0.00,1000.00,其他與選舉有關之費用,金錢,臺北市中正區****,,
35,中華婦女黨,,108,1081220,選務費用支出,謝阿姨美食坊,73884274,0.00,2800.00,其他與選舉有關之費用,金錢,臺北市中正區****,,
36,中華婦女黨,,108,1081220,選務費用支出,中正自助餐店,78379731,0.00,80.00,其他與選舉有關之費用,金錢,臺北市中正區****,,
37,中華婦女黨,,108,1081220,選務費用支出,林媺蕙,A22*******,0.00,120.00,其他與選舉有關之費用,金錢,臺北市中正區****,,
38,中華婦女黨,,108,1081220,選務費用支出,林媺蕙,A22*******,0.00,105.00,其他與選舉有關之費用,金錢,臺北市中正區****,,
39,中華婦女黨,,108,1081223,選務費用支出,廣東羊城小食,05722110,0.00,100.00,其他與選舉有關之費用,金錢,臺北市中正區****,,
40,中華婦女黨,,108,1081224,選務費用支出,林媺蕙,A22*******,0.00,150.00,其他與選舉有關之費用,金錢,臺北市中正區****,,
41,中華婦女黨,,108,1081226,選務費用支出,中正便當,78379731,0.00,100.00,其他與選舉有關之費用,金錢,臺北市中正區****,,
42,中華婦女黨,,108,1081227,選務費用支出,中正自助餐店,78379731,0.00,860.00,其他與選舉有關之費用,金錢,臺北市中正區****,,
43,中華婦女黨,,108,1081228,選務費用支出,一之軒食品,25612999,0.00,100.00,其他與選舉有關之費用,金錢,臺北市大同區****,,
44,中華婦女黨,,108,1081230,選務費用支出,廣東羊城小食,05722110,0.00,960.00,其他與選舉有關之費用,金錢,臺北市中正區****,,
45,中華婦女黨,,108,1081231,選務費用支出,宏遠電訊股份有限公司,16087137,0.00,750.00,其他與選舉有關之費用,金錢,新北市新店區****,,
46,中華婦女黨,,108,1081231,選務費用支出,林媺蕙,A22*******,0.00,32.00,郵寄競選物品或宣傳廣告費用,金錢,臺北市中正區****,,
47,中華婦女黨,,108,1081231,選務費用支出,林媺蕙,A22*******,0.00,36.00,其他與選舉有關之費用,金錢,臺北市中正區****,,
48,中華婦女黨,,108,1081231,選務費用支出,金興發生活百貨,53523935,0.00,80.00,其他與選舉有關之費用,金錢,臺北市中正區****,,
49,中華婦女黨,,108,1081231,選務費用支出,林媺蕙,A22*******,0.00,75.00,其他與選舉有關之費用,金錢,臺北市中正區****,,
50,中華婦女黨,,108,1081231,人事費用支出,林媺蕙,A22*******,0.00,6000.00,工資或薪津,金錢,臺北市中正區****,,
51,中華婦女黨,,108,1081231,人事費用支出,雷聰香,AB2*******,0.00,4900.00,工資或薪津,金錢,臺北市中正區****,,
52,中華婦女黨,,108,1081231,選務費用支出,林媺蕙,A22*******,0.00,280.00,其他與選舉有關之費用,金錢,臺北市中正區****,,
53,中華婦女黨,,108,1081231,選務費用支出,林媺蕙,A22*******,0.00,385.00,其他與選舉有關之費用,金錢,臺北市中正區****,,
54,中華婦女黨,,108,1081231,選務費用支出,廣東羊城小食,05722110,0.00,300.00,其他與選舉有關之費用,金錢,臺北市中正區****,,
55,中華婦女黨,,108,1081231,選務費用支出,中正自助餐店,78379731,0.00,360.00,其他與選舉有關之費用,金錢,臺北市中正區****,,
