﻿序號,擬參選人／政黨,選舉名稱,申報序號／年度,交易日期,收支科目,捐贈者／支出對象,身分證／統一編號,收入金額,支出金額,支出用途,金錢類,地址,聯絡電話,資料更正日期
1,陳啟能,107年直轄市議員選舉,首次申報,1070726,個人捐贈收入,許翊芃,A22*******,100000.00,0.00,,金錢,新北市新莊區****,0932*****,
2,陳啟能,107年直轄市議員選舉,首次申報,1070726,個人捐贈收入,張鑽金,F10*******,100000.00,0.00,,金錢,臺北市中山區****,0911*****,
3,陳啟能,107年直轄市議員選舉,首次申報,1070726,個人捐贈收入,駱清琳,F12*******,30000.00,0.00,,金錢,新北市新莊區****,0933*****,
4,陳啟能,107年直轄市議員選舉,首次申報,1070726,個人捐贈收入,林桂紅,F29*******,30000.00,0.00,,金錢,新北市三重區****,,
5,陳啟能,107年直轄市議員選舉,首次申報,1070726,個人捐贈收入,梁嘉第,N12*******,50000.00,0.00,,金錢,新北市蘆洲區****,0958*****,
6,陳啟能,107年直轄市議員選舉,首次申報,1070726,個人捐贈收入,楊石銘,U12*******,30000.00,0.00,,金錢,新北市蘆洲區****,,
7,陳啟能,107年直轄市議員選舉,首次申報,1070727,個人捐贈收入,薜國材,D10*******,10000.00,0.00,,金錢,臺北市文山區****,0921*****,
8,陳啟能,107年直轄市議員選舉,首次申報,1070727,個人捐贈收入,林文程,F12*******,100000.00,0.00,,金錢,新北市三重區****,0936*****,
9,陳啟能,107年直轄市議員選舉,首次申報,1070727,個人捐贈收入,林根慶,F12*******,50000.00,0.00,,金錢,新北市三重區****,0936*****,
10,陳啟能,107年直轄市議員選舉,首次申報,1070727,個人捐贈收入,林柔馨,F22*******,50000.00,0.00,,金錢,新北市三重區****,0936*****,
11,陳啟能,107年直轄市議員選舉,首次申報,1070727,個人捐贈收入,林淑寬,P22*******,100000.00,0.00,,金錢,新北市三重區****,0936*****,
12,陳啟能,107年直轄市議員選舉,首次申報,1070917,個人捐贈收入,高柏森,C12*******,50000.00,0.00,,金錢,新北市三重區****,,
13,陳啟能,107年直轄市議員選舉,首次申報,1070919,個人捐贈收入,陳正萍,Y22*******,50000.00,0.00,,金錢,新北市新店區****,0932*****,
14,陳啟能,107年直轄市議員選舉,首次申報,1070919,個人捐贈收入,陳正芳,Y22*******,75000.00,0.00,,金錢,臺北市士林區****,0922*****,
15,陳啟能,107年直轄市議員選舉,首次申報,1070919,個人捐贈收入,陳正芬,Y22*******,75000.00,0.00,,金錢,新北市新莊區****,0937*****,
16,陳啟能,107年直轄市議員選舉,首次申報,1070927,個人捐贈收入,曾素蘭,N22*******,20000.00,0.00,,金錢,新北市三重區****,0915*****,
17,陳啟能,107年直轄市議員選舉,首次申報,1070928,人民團體捐贈收入,新北市三蘆市場行銷發展協會,,60000.00,0.00,,金錢,新北市蘆洲區****,0935*****,
18,陳啟能,107年直轄市議員選舉,首次申報,1070928,個人捐贈收入,林正雄,P10*******,20000.00,0.00,,金錢,新北市三重區****,0972*****,
19,陳啟能,107年直轄市議員選舉,首次申報,1071002,個人捐贈收入,陳鴻英,A20*******,100000.00,0.00,,金錢,新北市三重區****,2984*****,
20,陳啟能,107年直轄市議員選舉,首次申報,1071002,個人捐贈收入,陳向緯,D12*******,50000.00,0.00,,金錢,臺北市南港區****,0928*****,
21,陳啟能,107年直轄市議員選舉,首次申報,1071002,個人捐贈收入,李逢文,F10*******,100000.00,0.00,,金錢,新北市蘆洲區****,0925*****,
22,陳啟能,107年直轄市議員選舉,首次申報,1071002,個人捐贈收入,朱國僑,F12*******,10000.00,0.00,,金錢,新北市三重區****,,
23,陳啟能,107年直轄市議員選舉,首次申報,1071002,個人捐贈收入,陳世卿,P12*******,60000.00,0.00,,金錢,新北市三重區****,,
24,陳啟能,107年直轄市議員選舉,首次申報,1071003,個人捐贈收入,廖幸福,A10*******,1000.00,0.00,,金錢,新北市蘆洲區****,0933*****,
25,陳啟能,107年直轄市議員選舉,首次申報,1071003,個人捐贈收入,陳俊良,A12*******,12000.00,0.00,,金錢,新北市三重區****,2981*****,
26,陳啟能,107年直轄市議員選舉,首次申報,1071003,個人捐贈收入,李劉月琴,A20*******,30000.00,0.00,,金錢,新北市蘆洲區****,0932*****,
27,陳啟能,107年直轄市議員選舉,首次申報,1071003,個人捐贈收入,鄭金田,F12*******,30000.00,0.00,,金錢,新北市三重區****,0912*****,
28,陳啟能,107年直轄市議員選舉,首次申報,1071003,個人捐贈收入,楊碧玉,F20*******,10000.00,0.00,,金錢,新北市三重區****,2975*****,
29,陳啟能,107年直轄市議員選舉,首次申報,1071003,個人捐贈收入,徐彩雲,F22*******,6000.00,0.00,,金錢,臺北市北投區****,0935*****,
30,陳啟能,107年直轄市議員選舉,首次申報,1071003,個人捐贈收入,吳安,P10*******,20000.00,0.00,,金錢,新北市三重區****,0960*****,
31,陳啟能,107年直轄市議員選舉,首次申報,1071003,個人捐贈收入,潘玉蘭,U22*******,12000.00,0.00,,金錢,新北市三重區****,0919*****,
32,陳啟能,107年直轄市議員選舉,首次申報,1071003,個人捐贈收入,黃永富,Y10*******,50000.00,0.00,,金錢,新北市蘆洲區****,0911*****,
33,陳啟能,107年直轄市議員選舉,首次申報,1071004,營利事業捐贈收入,玖恩建設股份有限公司,29056410,100000.00,0.00,,金錢,臺北市中正區****,0932*****,
34,陳啟能,107年直轄市議員選舉,首次申報,1071004,個人捐贈收入,黃東井,A10*******,36000.00,0.00,,金錢,新北市三重區****,0939*****,
35,陳啟能,107年直轄市議員選舉,首次申報,1071004,個人捐贈收入,賴澤勝,A12*******,10000.00,0.00,,金錢,桃園市龜山區****,0975*****,
36,陳啟能,107年直轄市議員選舉,首次申報,1071004,個人捐贈收入,許秀鳳,A22*******,2000.00,0.00,,金錢,新北市板橋區****,0952*****,
37,陳啟能,107年直轄市議員選舉,首次申報,1071004,個人捐贈收入,江香蒔,A22*******,50000.00,0.00,,金錢,臺北市士林區****,,
38,陳啟能,107年直轄市議員選舉,首次申報,1071004,個人捐贈收入,曾文賢,F12*******,800.00,0.00,,金錢,新北市三重區****,0936*****,
39,陳啟能,107年直轄市議員選舉,首次申報,1071004,個人捐贈收入,羅振忠,G10*******,10000.00,0.00,,金錢,臺北市松山區****,0979*****,
40,陳啟能,107年直轄市議員選舉,首次申報,1071004,個人捐贈收入,蔡重和,P10*******,10000.00,0.00,,金錢,新北市三重區****,0953*****,
41,陳啟能,107年直轄市議員選舉,首次申報,1071004,個人捐贈收入,蔡永生,P12*******,10000.00,0.00,,金錢,新北市蘆洲區****,0920*****,
42,陳啟能,107年直轄市議員選舉,首次申報,1071004,個人捐贈收入,林淑珍,P22*******,1000.00,0.00,,金錢,新北市蘆洲區****,0930*****,
43,陳啟能,107年直轄市議員選舉,首次申報,1071004,個人捐贈收入,江明順,Q10*******,50000.00,0.00,,金錢,臺北市士林區****,0937*****,
44,陳啟能,107年直轄市議員選舉,首次申報,1071004,個人捐贈收入,張峰裕,Q10*******,20000.00,0.00,,金錢,新北市三重區****,0953*****,
45,陳啟能,107年直轄市議員選舉,首次申報,1071004,個人捐贈收入,賴榮顯,Q12*******,60000.00,0.00,,金錢,新北市板橋區****,,
46,陳啟能,107年直轄市議員選舉,首次申報,1071004,個人捐贈收入,楊進興,Y12*******,2000.00,0.00,,金錢,新北市三重區****,0983*****,
47,陳啟能,107年直轄市議員選舉,首次申報,1071005,匿名捐贈,匿名,,5000.00,0.00,,金錢,,,
48,陳啟能,107年直轄市議員選舉,首次申報,1071005,營利事業捐贈收入,無限映像製作有限公司,12661954,50000.00,0.00,,金錢,臺北市中山區****,2502*****,
49,陳啟能,107年直轄市議員選舉,首次申報,1071005,個人捐贈收入,邱英男,A10*******,60000.00,0.00,,金錢,桃園市龜山區****,0922*****,
50,陳啟能,107年直轄市議員選舉,首次申報,1071005,個人捐贈收入,黃太平,A10*******,10000.00,0.00,,金錢,新北市三重區****,0961*****,
51,陳啟能,107年直轄市議員選舉,首次申報,1071005,個人捐贈收入,鄭朝清,F10*******,10000.00,0.00,,金錢,新北市三重區****,2990*****,
52,陳啟能,107年直轄市議員選舉,首次申報,1071005,個人捐贈收入,林志忠,F12*******,100000.00,0.00,,金錢,新北市三重區****,8287*****,
53,陳啟能,107年直轄市議員選舉,首次申報,1071005,個人捐贈收入,鄭鐶塘,F12*******,100000.00,0.00,,金錢,新北市三重區****,8287*****,
54,陳啟能,107年直轄市議員選舉,首次申報,1071005,個人捐贈收入,鄭百超,F12*******,100000.00,0.00,,金錢,新北市三重區****,8287*****,
55,陳啟能,107年直轄市議員選舉,首次申報,1071005,個人捐贈收入,李福田,F12*******,10000.00,0.00,,金錢,新北市蘆洲區****,0933*****,
56,陳啟能,107年直轄市議員選舉,首次申報,1071005,個人捐贈收入,陳萬益,F12*******,2000.00,0.00,,金錢,新北市三重區****,0938*****,
57,陳啟能,107年直轄市議員選舉,首次申報,1071005,個人捐贈收入,莊雅涵,F22*******,5000.00,0.00,,金錢,臺北市萬華區****,0937*****,
58,陳啟能,107年直轄市議員選舉,首次申報,1071005,個人捐贈收入,游民德,G12*******,6000.00,0.00,,金錢,新北市蘆洲區****,0919*****,
59,陳啟能,107年直轄市議員選舉,首次申報,1071005,個人捐贈收入,林明德,P10*******,30000.00,0.00,,金錢,新北市五股區****,0910*****,
60,陳啟能,107年直轄市議員選舉,首次申報,1071005,個人捐贈收入,郭招治,Q22*******,50000.00,0.00,,金錢,新北市蘆洲區****,0989*****,
61,陳啟能,107年直轄市議員選舉,首次申報,1071005,個人捐贈收入,陳顯明,T12*******,12000.00,0.00,,金錢,新北市三重區****,0939*****,
62,陳啟能,107年直轄市議員選舉,首次申報,1071011,人民團體捐贈收入,新北市體健養身協會,,10000.00,0.00,,金錢,新北市三重區****,0926*****,
63,陳啟能,107年直轄市議員選舉,首次申報,1071011,人民團體捐贈收入,新北市牙醫師公會,,30000.00,0.00,,金錢,新北市板橋區****,8961*****,
64,陳啟能,107年直轄市議員選舉,首次申報,1071011,營利事業捐贈收入,大內工業股份有限公司,15009401,6000.00,0.00,,金錢,新北市三重區****,,
65,陳啟能,107年直轄市議員選舉,首次申報,1071011,營利事業捐贈收入,高聖國際汽車有限公司,42650434,20000.00,0.00,,金錢,臺北市內湖區****,2794*****,
66,陳啟能,107年直轄市議員選舉,首次申報,1071011,個人捐贈收入,趙令哲,C12*******,10000.00,0.00,,金錢,新北市三重區****,0955*****,
67,陳啟能,107年直轄市議員選舉,首次申報,1071011,個人捐贈收入,林桂紅,F29*******,6000.00,0.00,,金錢,新北市三重區****,,
68,陳啟能,107年直轄市議員選舉,首次申報,1071015,個人捐贈收入,林信志,F12*******,10000.00,0.00,,金錢,新北市蘆洲區****,0916*****,
69,陳啟能,107年直轄市議員選舉,首次申報,1071015,個人捐贈收入,李盛泰,F12*******,30000.00,0.00,,金錢,新北市三重區****,0933*****,
70,陳啟能,107年直轄市議員選舉,首次申報,1071015,個人捐贈收入,廖苑利,F20*******,20000.00,0.00,,金錢,新北市三重區****,0932*****,
71,陳啟能,107年直轄市議員選舉,首次申報,1071015,個人捐贈收入,沈玉珮,U22*******,60000.00,0.00,,金錢,新北市三重區****,0920*****,
72,陳啟能,107年直轄市議員選舉,首次申報,1071017,個人捐贈收入,趙慶福,K10*******,5000.00,0.00,,金錢,新北市三重區****,,
73,陳啟能,107年直轄市議員選舉,首次申報,1071017,個人捐贈收入,陳竹抱,P22*******,6000.00,0.00,,金錢,新北市蘆洲區****,0911*****,
74,陳啟能,107年直轄市議員選舉,首次申報,1071019,匿名捐贈,匿名,,1000.00,0.00,,非金錢,,,
75,陳啟能,107年直轄市議員選舉,首次申報,1071021,個人捐贈收入,李俊儀,Y12*******,2000.00,0.00,,非金錢,新北市蘆洲區****,,
76,陳啟能,107年直轄市議員選舉,首次申報,1071022,個人捐贈收入,李進賢,F10*******,20000.00,0.00,,金錢,新北市蘆洲區****,0346*****,
77,陳啟能,107年直轄市議員選舉,首次申報,1071023,個人捐贈收入,林俊賢,G10*******,20000.00,0.00,,金錢,新北市三重區****,,
78,陳啟能,107年直轄市議員選舉,首次申報,1071023,個人捐贈收入,陳惠如,N20*******,16000.00,0.00,,金錢,新北市三重區****,2973*****,
79,陳啟能,107年直轄市議員選舉,首次申報,1071024,人民團體捐贈收入,社團法人新北市醫師公會,,20000.00,0.00,,金錢,新北市三重區****,02-2*****,
80,陳啟能,107年直轄市議員選舉,首次申報,1071026,營利事業捐贈收入,虎山實業股份有限公司,34556891,30000.00,0.00,,金錢,新北市瑞芳區****,2496*****,
81,陳啟能,107年直轄市議員選舉,首次申報,1071029,個人捐贈收入,謝振華,F10*******,10000.00,0.00,,金錢,新北市五股區****,0936*****,
82,陳啟能,107年直轄市議員選舉,首次申報,1071029,個人捐贈收入,詹俊賢,F12*******,10000.00,0.00,,金錢,新北市三重區****,0930*****,
83,陳啟能,107年直轄市議員選舉,首次申報,1071101,個人捐贈收入,楊德財,F10*******,1000.00,0.00,,非金錢,新北市蘆洲區****,,
84,陳啟能,107年直轄市議員選舉,首次申報,1071104,個人捐贈收入,李育麒,F12*******,10000.00,0.00,,非金錢,臺北市中山區****,,
85,陳啟能,107年直轄市議員選舉,首次申報,1071106,個人捐贈收入,楊克邦,F12*******,1500.00,0.00,,金錢,新北市三重區****,2986*****,
86,陳啟能,107年直轄市議員選舉,首次申報,1071106,個人捐贈收入,陳冠榮,F12*******,20000.00,0.00,,金錢,新北市三重區****,0922*****,
87,陳啟能,107年直轄市議員選舉,首次申報,1071106,個人捐贈收入,羅月娥,F20*******,100000.00,0.00,,金錢,臺北市中山區****,0911*****,
88,陳啟能,107年直轄市議員選舉,首次申報,1071106,個人捐贈收入,謝劉碧霞,N22*******,60000.00,0.00,,金錢,彰化縣田尾鄉****,0919*****,
89,陳啟能,107年直轄市議員選舉,首次申報,1071106,個人捐贈收入,吳界復,P12*******,10000.00,0.00,,金錢,雲林縣麥寮鄉****,,
90,陳啟能,107年直轄市議員選舉,首次申報,1071106,個人捐贈收入,李淙萌,R12*******,20000.00,0.00,,金錢,新北市三重區****,0939*****,
91,陳啟能,107年直轄市議員選舉,首次申報,1071107,個人捐贈收入,師議鴻,N10*******,2000.00,0.00,,金錢,新北市三重區****,,
92,陳啟能,107年直轄市議員選舉,首次申報,1071108,個人捐贈收入,蔡榮蔚,F12*******,50000.00,0.00,,金錢,新北市三重區****,,
93,陳啟能,107年直轄市議員選舉,首次申報,1071108,個人捐贈收入,蔡榮聰,F12*******,50000.00,0.00,,金錢,新北市三重區****,,
94,陳啟能,107年直轄市議員選舉,首次申報,1071109,個人捐贈收入,游錫堃,G10*******,30000.00,0.00,,金錢,新北市永和區****,0966*****,
95,陳啟能,107年直轄市議員選舉,首次申報,1071112,個人捐贈收入,謝東平,D12*******,20000.00,0.00,,金錢,新北市三重區****,,
96,陳啟能,107年直轄市議員選舉,首次申報,1071112,個人捐贈收入,陳清貴,F10*******,10000.00,0.00,,金錢,新北市五股區****,0918*****,
97,陳啟能,107年直轄市議員選舉,首次申報,1071115,營利事業捐贈收入,莉馨醫學管理顧問有限公司,53420163,100000.00,0.00,,金錢,新北市蘆洲區****,2285*****,
98,陳啟能,107年直轄市議員選舉,首次申報,1071122,人民團體捐贈收入,臺北縣贊天愛心協會,,6000.00,0.00,,金錢,臺北縣三重市****,2973*****,
99,陳啟能,107年直轄市議員選舉,首次申報,1071122,個人捐贈收入,陳文瑞,F10*******,12000.00,0.00,,金錢,新北市三重區****,,
100,陳啟能,107年直轄市議員選舉,首次申報,1071122,個人捐贈收入,林世煌,F10*******,30000.00,0.00,,金錢,新北市三重區****,,
101,陳啟能,107年直轄市議員選舉,首次申報,1071122,個人捐贈收入,陳國華,F12*******,30000.00,0.00,,金錢,新北市三重區****,,
102,陳啟能,107年直轄市議員選舉,首次申報,1071122,個人捐贈收入,石朝康,L10*******,20000.00,0.00,,金錢,新北市三重區****,,
103,陳啟能,107年直轄市議員選舉,首次申報,1071122,個人捐贈收入,楊文龍,Q10*******,3000.00,0.00,,金錢,新北市三重區****,,
104,陳啟能,107年直轄市議員選舉,首次申報,1071123,人民團體捐贈收入,新北市牙醫師公會,,10000.00,0.00,,金錢,新北市板橋區****,,
105,陳啟能,107年直轄市議員選舉,首次申報,1071123,個人捐贈收入,王春益,F10*******,10000.00,0.00,,金錢,新北市三重區****,0910*****,
106,陳啟能,107年直轄市議員選舉,首次申報,1071123,個人捐贈收入,李秀芬,F22*******,5000.00,0.00,,金錢,新北市三重區****,,
107,陳啟能,107年直轄市議員選舉,首次申報,1071123,個人捐贈收入,吳正修,N10*******,3000.00,0.00,,金錢,新北市三重區****,,
