﻿序號,擬參選人／政黨,選舉名稱,申報序號／年度,交易日期,收支科目,捐贈者／支出對象,身分證／統一編號,收入金額,支出金額,支出用途,金錢類,地址,聯絡電話,資料更正日期
1,涂醒哲,107年縣(市)長選舉,首次申報,1070601,個人捐贈收入,江偉志,Q12*******,18000.00,0.00,,非金錢,嘉義縣中埔鄉****,0932*****,
2,涂醒哲,107年縣(市)長選舉,首次申報,1070629,個人捐贈收入,李東原,Q10*******,100000.00,0.00,,金錢,新北市中和區****,,
3,涂醒哲,107年縣(市)長選舉,首次申報,1070701,個人捐贈收入,嚴奇均,I10*******,25000.00,0.00,,非金錢,嘉義市西區建****,,
4,涂醒哲,107年縣(市)長選舉,首次申報,1070701,個人捐贈收入,嚴庚辰,Q12*******,100000.00,0.00,,非金錢,嘉義市新民路****,,
5,涂醒哲,107年縣(市)長選舉,首次申報,1070702,個人捐贈收入,尹相芬,A22*******,100000.00,0.00,,金錢,臺北市中山區****,,
6,涂醒哲,107年縣(市)長選舉,首次申報,1070709,營利事業捐贈收入,仁德醫療社團法人陳仁德醫院,40806122,200000.00,0.00,,金錢,嘉義市林森西****,,
7,涂醒哲,107年縣(市)長選舉,首次申報,1070716,個人捐贈收入,游有恒,H10*******,20000.00,0.00,,金錢,桃園市桃園區****,0937*****,
8,涂醒哲,107年縣(市)長選舉,首次申報,1070716,個人捐贈收入,蔡秋霞,Q20*******,10000.00,0.00,,金錢,臺中市西區大****,0920*****,
9,涂醒哲,107年縣(市)長選舉,首次申報,1070717,個人捐贈收入,賴俊憲,Q10*******,30000.00,0.00,,金錢,臺北市大安區****,,
10,涂醒哲,107年縣(市)長選舉,首次申報,1070719,個人捐贈收入,羅淑芬,P20*******,20000.00,0.00,,金錢,臺北市南港區****,0975*****,
11,涂醒哲,107年縣(市)長選舉,首次申報,1070720,匿名捐贈,蔡黃秀敏,,1000.00,0.00,,金錢,,,
12,涂醒哲,107年縣(市)長選舉,首次申報,1070720,個人捐贈收入,吳明彰,Q10*******,30000.00,0.00,,金錢,嘉義市西區中****,0919*****,
13,涂醒哲,107年縣(市)長選舉,首次申報,1070723,個人捐贈收入,傅柏臺,Q12*******,48000.00,0.00,,非金錢,嘉義市保安二****,,
14,涂醒哲,107年縣(市)長選舉,首次申報,1070724,個人捐贈收入,賴國村,Q10*******,35000.00,0.00,,非金錢,嘉義市西區大****,,
15,涂醒哲,107年縣(市)長選舉,首次申報,1070726,個人捐贈收入,劉俊杰,Q10*******,100000.00,0.00,,金錢,臺北市中山區****,,
16,涂醒哲,107年縣(市)長選舉,首次申報,1070727,營利事業捐贈收入,新泉營造股份有限公司,85739583,500000.00,0.00,,金錢,高雄市大樹區****,,
17,涂醒哲,107年縣(市)長選舉,首次申報,1070727,營利事業捐贈收入,鼎固營造股份有限公司,86920028,500000.00,0.00,,金錢,高雄市橋頭區****,,
18,涂醒哲,107年縣(市)長選舉,首次申報,1070730,個人捐贈收入,呂耀宏,P12*******,100000.00,0.00,,金錢,嘉義市仁愛路****,0978*****,
19,涂醒哲,107年縣(市)長選舉,首次申報,1070803,個人捐贈收入,張昭正,F10*******,20000.00,0.00,,金錢,臺北市中正區****,0933*****,
20,涂醒哲,107年縣(市)長選舉,首次申報,1070806,個人捐贈收入,黃明義,D10*******,100000.00,0.00,,金錢,臺北市大安區****,,
21,涂醒哲,107年縣(市)長選舉,首次申報,1070806,個人捐贈收入,郭進昆,Q12*******,3000.00,0.00,,金錢,嘉義市老藤宅****,0931*****,
22,涂醒哲,107年縣(市)長選舉,首次申報,1070807,個人捐贈收入,蘇元生,Q12*******,3000.00,0.00,,金錢,嘉義市林森東****,0989*****,
23,涂醒哲,107年縣(市)長選舉,首次申報,1070808,個人捐贈收入,李謀進,L10*******,30000.00,0.00,,金錢,臺北市松山區****,,
24,涂醒哲,107年縣(市)長選舉,首次申報,1070810,營利事業捐贈收入,厚聚能源開發股份有限公司,53751402,200000.00,0.00,,金錢,新北市新店區****,,
25,涂醒哲,107年縣(市)長選舉,首次申報,1070810,個人捐贈收入,許雅雯,A22*******,100000.00,0.00,,金錢,嘉義市東區長****,,
26,涂醒哲,107年縣(市)長選舉,首次申報,1070810,個人捐贈收入,鍾政達,B12*******,100000.00,0.00,,金錢,臺北市北投區****,,
27,涂醒哲,107年縣(市)長選舉,首次申報,1070810,個人捐贈收入,王文哲,D12*******,100000.00,0.00,,金錢,臺南市東區勝****,,
28,涂醒哲,107年縣(市)長選舉,首次申報,1070810,個人捐贈收入,黃嘉生,D12*******,100000.00,0.00,,金錢,嘉義市西區福****,,
29,涂醒哲,107年縣(市)長選舉,首次申報,1070810,個人捐贈收入,廖灯華,M12*******,100000.00,0.00,,金錢,嘉義市東區東****,,
30,涂醒哲,107年縣(市)長選舉,首次申報,1070810,個人捐贈收入,林震枝,N10*******,100000.00,0.00,,金錢,嘉義市西區美****,,
31,涂醒哲,107年縣(市)長選舉,首次申報,1070810,個人捐贈收入,謝景祥,N12*******,100000.00,0.00,,金錢,嘉義市東區長****,,
32,涂醒哲,107年縣(市)長選舉,首次申報,1070810,個人捐贈收入,李孔嘉,P12*******,100000.00,0.00,,金錢,臺北市北投區****,,
33,涂醒哲,107年縣(市)長選舉,首次申報,1070810,個人捐贈收入,余幸司,Q10*******,10000.00,0.00,,金錢,高雄市三民區****,,
34,涂醒哲,107年縣(市)長選舉,首次申報,1070810,個人捐贈收入,江成泉,Q10*******,20000.00,0.00,,金錢,臺北市大安區****,0922*****,
35,涂醒哲,107年縣(市)長選舉,首次申報,1070810,個人捐贈收入,黃俊銘,Q12*******,100000.00,0.00,,金錢,嘉義市慶安里****,,
36,涂醒哲,107年縣(市)長選舉,首次申報,1070810,個人捐贈收入,林平章,Q12*******,100000.00,0.00,,金錢,嘉義市東區華****,,
37,涂醒哲,107年縣(市)長選舉,首次申報,1070810,個人捐贈收入,陳林寶秀,Q20*******,1000.00,0.00,,金錢,嘉義市西榮街****,,
38,涂醒哲,107年縣(市)長選舉,首次申報,1070813,個人捐贈收入,陳重光,Q10*******,100000.00,0.00,,金錢,嘉義市垂楊路****,,
39,涂醒哲,107年縣(市)長選舉,首次申報,1070813,個人捐贈收入,林嘉德,Q12*******,50000.00,0.00,,金錢,嘉義市延平街****,,
40,涂醒哲,107年縣(市)長選舉,首次申報,1070814,個人捐贈收入,李青蒼,G10*******,20000.00,0.00,,金錢,臺北市萬華區****,,
41,涂醒哲,107年縣(市)長選舉,首次申報,1070814,個人捐贈收入,黃富源,S10*******,10000.00,0.00,,金錢,臺北市士林區****,,
42,涂醒哲,107年縣(市)長選舉,首次申報,1070815,個人捐贈收入,陳沂含,I20*******,100000.00,0.00,,金錢,嘉義市大雅路****,,
43,涂醒哲,107年縣(市)長選舉,首次申報,1070821,個人捐贈收入,洪品瀚,A12*******,50000.00,0.00,,金錢,臺北市中山區****,0910*****,
44,涂醒哲,107年縣(市)長選舉,首次申報,1070822,營利事業捐贈收入,嘉聯實業股份有限公司,22567325,500000.00,0.00,,金錢,嘉義縣水上鄉****,,
45,涂醒哲,107年縣(市)長選舉,首次申報,1070827,個人捐贈收入,林金淵,Q12*******,20000.00,0.00,,金錢,臺北市中山區****,,
46,涂醒哲,107年縣(市)長選舉,首次申報,1070829,匿名捐贈,匿名者,,10000.00,0.00,,金錢,,,
47,涂醒哲,107年縣(市)長選舉,首次申報,1070829,匿名捐贈,匿名者,,10000.00,0.00,,金錢,,,
48,涂醒哲,107年縣(市)長選舉,首次申報,1070830,匿名捐贈,張瑞紋,,5000.00,0.00,,金錢,,,
49,涂醒哲,107年縣(市)長選舉,首次申報,1070830,個人捐贈收入,林華貞,H10*******,20000.00,0.00,,金錢,新北市三重區****,,
50,涂醒哲,107年縣(市)長選舉,首次申報,1070903,個人捐贈收入,許敏川,P10*******,50000.00,0.00,,金錢,臺北市中山區****,0910*****,
51,涂醒哲,107年縣(市)長選舉,首次申報,1070903,個人捐贈收入,陳秀惠,R22*******,60000.00,0.00,,金錢,臺中市北屯區****,0928*****,
52,涂醒哲,107年縣(市)長選舉,首次申報,1070904,個人捐贈收入,蘇育諒,Q10*******,20000.00,0.00,,金錢,嘉義市東區文****,,
53,涂醒哲,107年縣(市)長選舉,首次申報,1070906,個人捐贈收入,蔡漢格,Q10*******,20000.00,0.00,,金錢,嘉義市東區中****,0933*****,
54,涂醒哲,107年縣(市)長選舉,首次申報,1070907,個人捐贈收入,陳世雄,C10*******,50000.00,0.00,,金錢,新北市新店區****,0910*****,
55,涂醒哲,107年縣(市)長選舉,首次申報,1070907,個人捐贈收入,蕭登斌,N10*******,100000.00,0.00,,金錢,臺北市文山區****,0910*****,
56,涂醒哲,107年縣(市)長選舉,首次申報,1070910,匿名捐贈,匿名者,,10000.00,0.00,,金錢,,,
57,涂醒哲,107年縣(市)長選舉,首次申報,1070910,匿名捐贈,匿名者,,10000.00,0.00,,金錢,,,
58,涂醒哲,107年縣(市)長選舉,首次申報,1070910,匿名捐贈,匿名者,,10000.00,0.00,,金錢,,,
59,涂醒哲,107年縣(市)長選舉,首次申報,1070910,匿名捐贈,匿名者,,10000.00,0.00,,金錢,,,
60,涂醒哲,107年縣(市)長選舉,首次申報,1070910,匿名捐贈,匿名者,,10000.00,0.00,,金錢,,,
61,涂醒哲,107年縣(市)長選舉,首次申報,1070910,匿名捐贈,匿名者,,10000.00,0.00,,金錢,,,
62,涂醒哲,107年縣(市)長選舉,首次申報,1070910,匿名捐贈,匿名者,,10000.00,0.00,,金錢,,,
63,涂醒哲,107年縣(市)長選舉,首次申報,1070910,匿名捐贈,匿名者,,10000.00,0.00,,金錢,,,
64,涂醒哲,107年縣(市)長選舉,首次申報,1070910,匿名捐贈,匿名者,,10000.00,0.00,,金錢,,,
65,涂醒哲,107年縣(市)長選舉,首次申報,1070910,匿名捐贈,匿名者,,10000.00,0.00,,金錢,,,
66,涂醒哲,107年縣(市)長選舉,首次申報,1070910,匿名捐贈,匿名者,,10000.00,0.00,,金錢,,,
67,涂醒哲,107年縣(市)長選舉,首次申報,1070910,匿名捐贈,匿名者,,10000.00,0.00,,金錢,,,
68,涂醒哲,107年縣(市)長選舉,首次申報,1070910,匿名捐贈,匿名者,,10000.00,0.00,,金錢,,,
69,涂醒哲,107年縣(市)長選舉,首次申報,1070910,匿名捐贈,匿名者,,10000.00,0.00,,金錢,,,
70,涂醒哲,107年縣(市)長選舉,首次申報,1070910,匿名捐贈,匿名者,,10000.00,0.00,,金錢,,,
71,涂醒哲,107年縣(市)長選舉,首次申報,1070910,匿名捐贈,匿名者,,10000.00,0.00,,金錢,,,
72,涂醒哲,107年縣(市)長選舉,首次申報,1070910,匿名捐贈,匿名者,,10000.00,0.00,,金錢,,,
73,涂醒哲,107年縣(市)長選舉,首次申報,1070910,匿名捐贈,匿名者,,10000.00,0.00,,金錢,,,
74,涂醒哲,107年縣(市)長選舉,首次申報,1070910,匿名捐贈,匿名者,,10000.00,0.00,,金錢,,,
75,涂醒哲,107年縣(市)長選舉,首次申報,1070910,匿名捐贈,匿名者,,10000.00,0.00,,金錢,,,
76,涂醒哲,107年縣(市)長選舉,首次申報,1070910,個人捐贈收入,蔡漢勳,Q10*******,16888.00,0.00,,金錢,嘉義市東區安****,0937*****,
77,涂醒哲,107年縣(市)長選舉,首次申報,1070912,個人捐贈收入,方孝友,B10*******,100000.00,0.00,,金錢,臺北市信義區****,02-2*****,
78,涂醒哲,107年縣(市)長選舉,首次申報,1070913,個人捐贈收入,黃貴敏,,5000.00,0.00,,金錢,嘉義市和平路****,(05)*****,
79,涂醒哲,107年縣(市)長選舉,首次申報,1070913,個人捐贈收入,莊滄濤,Q10*******,100000.00,0.00,,金錢,嘉義市東區吳****,0958*****,
80,涂醒哲,107年縣(市)長選舉,首次申報,1070914,個人捐贈收入,黃耀宏,P10*******,10000.00,0.00,,金錢,苗栗市玉清里****,0919*****,
81,涂醒哲,107年縣(市)長選舉,首次申報,1070915,個人捐贈收入,邱泰源,Q10*******,50000.00,0.00,,金錢,臺北市中正區****,,
82,涂醒哲,107年縣(市)長選舉,首次申報,1070915,個人捐贈收入,邱裕峰,Q12*******,50000.00,0.00,,金錢,臺南市麻豆區****,,
83,涂醒哲,107年縣(市)長選舉,首次申報,1070917,個人捐贈收入,張麗淑,P20*******,30000.00,0.00,,金錢,臺北市中正區****,0936*****,
84,涂醒哲,107年縣(市)長選舉,首次申報,1070919,營利事業捐贈收入,精美特殊商標企業行,66612240,180000.00,0.00,,非金錢,嘉義市東區新****,(05)*****,
85,涂醒哲,107年縣(市)長選舉,首次申報,1070919,個人捐贈收入,翁珮容,A22*******,6000.00,0.00,,金錢,新北市新店區****,,
86,涂醒哲,107年縣(市)長選舉,首次申報,1070921,匿名捐贈,匿名者,,10000.00,0.00,,金錢,,,
87,涂醒哲,107年縣(市)長選舉,首次申報,1070921,匿名捐贈,匿名者,,10000.00,0.00,,金錢,,,
88,涂醒哲,107年縣(市)長選舉,首次申報,1070921,匿名捐贈,匿名者,,10000.00,0.00,,金錢,,,
89,涂醒哲,107年縣(市)長選舉,首次申報,1070921,匿名捐贈,匿名者,,10000.00,0.00,,金錢,,,
90,涂醒哲,107年縣(市)長選舉,首次申報,1070921,匿名捐贈,匿名者,,10000.00,0.00,,金錢,,,
91,涂醒哲,107年縣(市)長選舉,首次申報,1070921,個人捐贈收入,楊正乾,P10*******,3000.00,0.00,,金錢,新北市板橋區****,0953*****,
92,涂醒哲,107年縣(市)長選舉,首次申報,1070921,個人捐贈收入,涂軒豪,Q12*******,6000.00,0.00,,金錢,嘉義縣水上鄉****,0937*****,
93,涂醒哲,107年縣(市)長選舉,首次申報,1070921,個人捐贈收入,蘇枰,Q20*******,6000.00,0.00,,金錢,嘉義縣水上鄉****,(05)*****,
94,涂醒哲,107年縣(市)長選舉,首次申報,1070922,個人捐贈收入,李清雄,Q10*******,7400.00,0.00,,非金錢,臺南市後壁區****,0916*****,
95,涂醒哲,107年縣(市)長選舉,首次申報,1070925,個人捐贈收入,李煌仁,N12*******,20000.00,0.00,,金錢,嘉義市東區東****,0928*****,
96,涂醒哲,107年縣(市)長選舉,首次申報,1070926,人民團體捐贈收入,社團法人嘉義市牙醫師公會,,200000.00,0.00,,金錢,嘉義市興業西****,(05)*****,
97,涂醒哲,107年縣(市)長選舉,首次申報,1070926,個人捐贈收入,胡招來,Q12*******,100000.00,0.00,,金錢,嘉義縣竹崎鄉****,0937*****,
98,涂醒哲,107年縣(市)長選舉,首次申報,1070927,營利事業捐贈收入,禾利行股份有限公司,03126405,100000.00,0.00,,金錢,臺北市松山區****,(02)*****,
99,涂醒哲,107年縣(市)長選舉,首次申報,1070927,個人捐贈收入,洪吉慧,Q22*******,10000.00,0.00,,金錢,嘉義市東區吳****,0929*****,
100,涂醒哲,107年縣(市)長選舉,首次申報,1070928,匿名捐贈,匿名,,10000.00,0.00,,非金錢,,,
101,涂醒哲,107年縣(市)長選舉,首次申報,1070928,匿名捐贈,匿名,,10000.00,0.00,,非金錢,,,
102,涂醒哲,107年縣(市)長選舉,首次申報,1070929,個人捐贈收入,蕭昌祥,Q10*******,3000.00,0.00,,金錢,嘉義市東區藝****,,
103,涂醒哲,107年縣(市)長選舉,首次申報,1070930,個人捐贈收入,吳敏德,,1600.00,0.00,,金錢,嘉義市東區嘉****,(05)*****,
104,涂醒哲,107年縣(市)長選舉,首次申報,1070930,匿名捐贈,匿名,,10000.00,0.00,,非金錢,,,
105,涂醒哲,107年縣(市)長選舉,首次申報,1070930,個人捐贈收入,呂長松,Q10*******,10000.00,0.00,,金錢,嘉義市西區保****,0921*****,
106,涂醒哲,107年縣(市)長選舉,首次申報,1070930,個人捐贈收入,沈昇益,Q10*******,6000.00,0.00,,金錢,嘉義市東區垂****,0935*****,
107,涂醒哲,107年縣(市)長選舉,首次申報,1070930,個人捐贈收入,楊坤川,Q12*******,20000.00,0.00,,非金錢,嘉義市西區友****,0918*****,
108,涂醒哲,107年縣(市)長選舉,首次申報,1071001,匿名捐贈,匿名,,10000.00,0.00,,金錢,,,
109,涂醒哲,107年縣(市)長選舉,首次申報,1071001,匿名捐贈,匿名,,10000.00,0.00,,金錢,,,
110,涂醒哲,107年縣(市)長選舉,首次申報,1071001,匿名捐贈,匿名,,10000.00,0.00,,金錢,,,
111,涂醒哲,107年縣(市)長選舉,首次申報,1071001,匿名捐贈,匿名,,10000.00,0.00,,金錢,,,
112,涂醒哲,107年縣(市)長選舉,首次申報,1071001,匿名捐贈,匿名,,10000.00,0.00,,金錢,,,
113,涂醒哲,107年縣(市)長選舉,首次申報,1071001,匿名捐贈,匿名,,10000.00,0.00,,金錢,,,
114,涂醒哲,107年縣(市)長選舉,首次申報,1071001,匿名捐贈,匿名,,10000.00,0.00,,金錢,,,
115,涂醒哲,107年縣(市)長選舉,首次申報,1071001,匿名捐贈,匿名,,10000.00,0.00,,金錢,,,
116,涂醒哲,107年縣(市)長選舉,首次申報,1071001,匿名捐贈,匿名,,10000.00,0.00,,金錢,,,
117,涂醒哲,107年縣(市)長選舉,首次申報,1071001,匿名捐贈,匿名,,10000.00,0.00,,金錢,,,
118,涂醒哲,107年縣(市)長選舉,首次申報,1071001,營利事業捐贈收入,鳳鳴廣告有限公司,53630246,200000.00,0.00,,非金錢,嘉義市東區小****,0931*****,
119,涂醒哲,107年縣(市)長選舉,首次申報,1071002,匿名捐贈,匿名,,10000.00,0.00,,非金錢,,,
120,涂醒哲,107年縣(市)長選舉,首次申報,1071002,匿名捐贈,匿名,,10000.00,0.00,,非金錢,,,
121,涂醒哲,107年縣(市)長選舉,首次申報,1071002,匿名捐贈,匿名,,10000.00,0.00,,非金錢,,,
122,涂醒哲,107年縣(市)長選舉,首次申報,1071002,匿名捐贈,匿名,,10000.00,0.00,,非金錢,,,
123,涂醒哲,107年縣(市)長選舉,首次申報,1071002,匿名捐贈,匿名,,10000.00,0.00,,非金錢,,,
124,涂醒哲,107年縣(市)長選舉,首次申報,1071004,匿名捐贈,匿名,,10000.00,0.00,,金錢,,,
125,涂醒哲,107年縣(市)長選舉,首次申報,1071004,匿名捐贈,匿名,,10000.00,0.00,,金錢,,,
126,涂醒哲,107年縣(市)長選舉,首次申報,1071004,匿名捐贈,匿名,,10000.00,0.00,,金錢,,,
127,涂醒哲,107年縣(市)長選舉,首次申報,1071004,匿名捐贈,匿名,,10000.00,0.00,,金錢,,,
128,涂醒哲,107年縣(市)長選舉,首次申報,1071004,匿名捐贈,匿名,,10000.00,0.00,,金錢,,,
129,涂醒哲,107年縣(市)長選舉,首次申報,1071004,匿名捐贈,匿名,,10000.00,0.00,,金錢,,,
130,涂醒哲,107年縣(市)長選舉,首次申報,1071004,匿名捐贈,匿名,,10000.00,0.00,,金錢,,,
131,涂醒哲,107年縣(市)長選舉,首次申報,1071004,匿名捐贈,匿名,,10000.00,0.00,,金錢,,,
132,涂醒哲,107年縣(市)長選舉,首次申報,1071004,匿名捐贈,匿名,,10000.00,0.00,,金錢,,,
133,涂醒哲,107年縣(市)長選舉,首次申報,1071004,匿名捐贈,匿名,,10000.00,0.00,,金錢,,,
134,涂醒哲,107年縣(市)長選舉,首次申報,1071004,匿名捐贈,匿名,,10000.00,0.00,,金錢,,,
135,涂醒哲,107年縣(市)長選舉,首次申報,1071004,匿名捐贈,匿名,,10000.00,0.00,,金錢,,,
136,涂醒哲,107年縣(市)長選舉,首次申報,1071004,匿名捐贈,匿名,,10000.00,0.00,,金錢,,,
137,涂醒哲,107年縣(市)長選舉,首次申報,1071004,匿名捐贈,匿名,,10000.00,0.00,,金錢,,,
138,涂醒哲,107年縣(市)長選舉,首次申報,1071004,匿名捐贈,匿名,,10000.00,0.00,,金錢,,,
139,涂醒哲,107年縣(市)長選舉,首次申報,1071004,匿名捐贈,匿名,,10000.00,0.00,,金錢,,,
140,涂醒哲,107年縣(市)長選舉,首次申報,1071004,匿名捐贈,匿名,,10000.00,0.00,,金錢,,,
141,涂醒哲,107年縣(市)長選舉,首次申報,1071004,匿名捐贈,匿名,,10000.00,0.00,,金錢,,,
142,涂醒哲,107年縣(市)長選舉,首次申報,1071004,匿名捐贈,匿名,,10000.00,0.00,,金錢,,,
143,涂醒哲,107年縣(市)長選舉,首次申報,1071004,匿名捐贈,匿名,,10000.00,0.00,,金錢,,,
144,涂醒哲,107年縣(市)長選舉,首次申報,1071005,匿名捐贈,匿名,,10000.00,0.00,,金錢,,,
145,涂醒哲,107年縣(市)長選舉,首次申報,1071005,個人捐贈收入,曾吳和華,P20*******,100000.00,0.00,,金錢,嘉義市東區成****,,
146,涂醒哲,107年縣(市)長選舉,首次申報,1071005,個人捐贈收入,邵祈誠,Q12*******,50000.00,0.00,,金錢,嘉義市大溪里****,,
147,涂醒哲,107年縣(市)長選舉,首次申報,1071005,個人捐贈收入,楊陳對,Q20*******,100000.00,0.00,,金錢,嘉義縣朴子市****,,
148,涂醒哲,107年縣(市)長選舉,首次申報,1071005,個人捐贈收入,曾玉芳,Q20*******,10000.00,0.00,,金錢,嘉義市西區民****,(05)*****,
149,涂醒哲,107年縣(市)長選舉,首次申報,1071005,個人捐贈收入,謝柯美琴,R20*******,50000.00,0.00,,金錢,嘉義市東區民****,,
150,涂醒哲,107年縣(市)長選舉,首次申報,1071006,個人捐贈收入,黃俊森,Q10*******,100000.00,0.00,,金錢,嘉義縣民雄鄉****,,
151,涂醒哲,107年縣(市)長選舉,首次申報,1071010,個人捐贈收入,沈政光,Q10*******,20000.00,0.00,,金錢,嘉義市東區光****,(05)*****,
152,涂醒哲,107年縣(市)長選舉,首次申報,1071010,個人捐贈收入,蕭宗茂,Q10*******,50000.00,0.00,,金錢,嘉義市西區國****,,
153,涂醒哲,107年縣(市)長選舉,首次申報,1071010,個人捐贈收入,張說,Q22*******,100000.00,0.00,,金錢,嘉義市西區國****,,
154,涂醒哲,107年縣(市)長選舉,首次申報,1071012,營利事業捐贈收入,嘉義秀泰影城股份有限公司,42754199,100000.00,0.00,,金錢,嘉義市西區文****,,
155,涂醒哲,107年縣(市)長選舉,首次申報,1071012,營利事業捐贈收入,合巨建設有限公司,53278222,60000.00,0.00,,金錢,嘉義市西區永****,,
156,涂醒哲,107年縣(市)長選舉,首次申報,1071012,個人捐贈收入,黃英儒,Q12*******,100000.00,0.00,,金錢,嘉義市東區長****,(05)*****,
157,涂醒哲,107年縣(市)長選舉,首次申報,1071012,個人捐贈收入,林聖哲,Q12*******,100000.00,0.00,,金錢,嘉義市東區長****,(05)*****,
158,涂醒哲,107年縣(市)長選舉,首次申報,1071013,人民團體捐贈收入,台灣蕃薯藤協進會,,5000.00,0.00,,金錢,臺北市士林區****,02-2*****,
159,涂醒哲,107年縣(市)長選舉,首次申報,1071013,個人捐贈收入,詹國聖,,2000.00,0.00,,金錢,臺北市大安區****,0927*****,
160,涂醒哲,107年縣(市)長選舉,首次申報,1071013,個人捐贈收入,周泰弘,A10*******,5000.00,0.00,,金錢,臺北市中正區****,0910*****,
161,涂醒哲,107年縣(市)長選舉,首次申報,1071013,個人捐贈收入,簡榮二,A10*******,2000.00,0.00,,金錢,臺北市北投區****,0921*****,
162,涂醒哲,107年縣(市)長選舉,首次申報,1071013,個人捐贈收入,林博洋,A10*******,2000.00,0.00,,金錢,新北市新店區****,0937*****,
163,涂醒哲,107年縣(市)長選舉,首次申報,1071013,個人捐贈收入,高榮真,A10*******,5000.00,0.00,,金錢,臺北市大安區****,0935*****,
164,涂醒哲,107年縣(市)長選舉,首次申報,1071013,個人捐贈收入,周昌億,F10*******,2000.00,0.00,,金錢,臺北市大安區****,0910*****,
165,涂醒哲,107年縣(市)長選舉,首次申報,1071013,個人捐贈收入,高健平,F12*******,2000.00,0.00,,金錢,新北市新莊區****,0933*****,
166,涂醒哲,107年縣(市)長選舉,首次申報,1071013,個人捐贈收入,施永泉,N10*******,2000.00,0.00,,金錢,臺北市大安區****,0937*****,
167,涂醒哲,107年縣(市)長選舉,首次申報,1071013,個人捐贈收入,張志印,N12*******,5000.00,0.00,,金錢,臺北市大安區****,0932*****,
168,涂醒哲,107年縣(市)長選舉,首次申報,1071013,個人捐贈收入,林宜勳,X10*******,2000.00,0.00,,金錢,臺北市信義區****,0910*****,
169,涂醒哲,107年縣(市)長選舉,首次申報,1071013,個人捐贈收入,陳怡君,Y20*******,2000.00,0.00,,金錢,臺北市大安區****,0953*****,
170,涂醒哲,107年縣(市)長選舉,首次申報,1071015,營利事業捐贈收入,寧漢企業股份有限公司,86119323,300000.00,0.00,,金錢,高雄市苓雅區****,,
171,涂醒哲,107年縣(市)長選舉,首次申報,1071016,匿名捐贈,匿名,,1200.00,0.00,,金錢,,,
172,涂醒哲,107年縣(市)長選舉,首次申報,1071016,營利事業捐贈收入,臺灣省嘉南羊乳運銷合作社,06298561,100000.00,0.00,,金錢,嘉義縣太保市****,05-2*****,
173,涂醒哲,107年縣(市)長選舉,首次申報,1071017,個人捐贈收入,王世叡,D10*******,20000.00,0.00,,金錢,臺中市南屯區****,0989*****,
174,涂醒哲,107年縣(市)長選舉,首次申報,1071018,營利事業捐贈收入,寧漢企業股份有限公司,86119323,300000.00,0.00,,金錢,高雄市苓雅區****,,
175,涂醒哲,107年縣(市)長選舉,首次申報,1071022,個人捐贈收入,陳清廣,F10*******,20000.00,0.00,,金錢,臺北市大同區****,,
176,涂醒哲,107年縣(市)長選舉,首次申報,1071023,營利事業捐贈收入,伯享生技股份有限公司,22823084,51650.00,0.00,,非金錢,高雄市岡山區****,,
177,涂醒哲,107年縣(市)長選舉,首次申報,1071023,營利事業捐贈收入,昶旭汽車商行,26498341,50000.00,0.00,,非金錢,嘉義縣水上鄉****,,
178,涂醒哲,107年縣(市)長選舉,首次申報,1071023,個人捐贈收入,謝嘉娟,E22*******,100000.00,0.00,,金錢,嘉義市東區長****,,
179,涂醒哲,107年縣(市)長選舉,首次申報,1071023,個人捐贈收入,胡萬福,F10*******,5000.00,0.00,,金錢,嘉義市東區短****,0932*****,
180,涂醒哲,107年縣(市)長選舉,首次申報,1071023,個人捐贈收入,施達華,Q12*******,51650.00,0.00,,非金錢,臺南市白河區****,,
181,涂醒哲,107年縣(市)長選舉,首次申報,1071024,個人捐贈收入,李少桓,Q10*******,20000.00,0.00,,金錢,臺北市北投區****,0933*****,
182,涂醒哲,107年縣(市)長選舉,首次申報,1071025,匿名捐贈,匿名,,2000.00,0.00,,金錢,,,
183,涂醒哲,107年縣(市)長選舉,首次申報,1071025,匿名捐贈,匿名,,10000.00,0.00,,金錢,,,
184,涂醒哲,107年縣(市)長選舉,首次申報,1071025,個人捐贈收入,黃科元,R12*******,60000.00,0.00,,金錢,嘉義市西區垂****,0932*****,
185,涂醒哲,107年縣(市)長選舉,首次申報,1071026,人民團體捐贈收入,社團法人嘉義市藥師公會,,50000.00,0.00,,金錢,嘉義市友愛路****,2333*****,
186,涂醒哲,107年縣(市)長選舉,首次申報,1071028,個人捐贈收入,林侯雪美,,2000.00,0.00,,金錢,嘉義市西區西****,0910*****,
187,涂醒哲,107年縣(市)長選舉,首次申報,1071028,個人捐贈收入,呂杭貴,,500.00,0.00,,金錢,嘉義市西區中****,(05)*****,
188,涂醒哲,107年縣(市)長選舉,首次申報,1071030,個人捐贈收入,陳建州,Q12*******,100000.00,0.00,,金錢,臺南市東區東****,,
189,涂醒哲,107年縣(市)長選舉,首次申報,1071030,個人捐贈收入,陳建志,Q12*******,100000.00,0.00,,金錢,嘉義市西區興****,,
190,涂醒哲,107年縣(市)長選舉,首次申報,1071030,個人捐贈收入,陳建宏,Q12*******,100000.00,0.00,,金錢,嘉義市西區興****,,
191,涂醒哲,107年縣(市)長選舉,首次申報,1071031,人民團體捐贈收入,台北市嘉義中學校友會,,10000.00,0.00,,金錢,臺北市忠孝東****,,
192,涂醒哲,107年縣(市)長選舉,首次申報,1071031,個人捐贈收入,黃耀宗,N10*******,10000.00,0.00,,金錢,臺北市大安區****,0928*****,
193,涂醒哲,107年縣(市)長選舉,首次申報,1071101,營利事業捐贈收入,嘉義市第三信用合作社,66012800,100000.00,0.00,,金錢,嘉義市西區文****,,
194,涂醒哲,107年縣(市)長選舉,首次申報,1071102,人民團體捐贈收入,嘉義市夢想創新協會,,480000.00,0.00,,金錢,,,
195,涂醒哲,107年縣(市)長選舉,首次申報,1071105,營利事業捐贈收入,元科科技股份有限公司,16902960,50000.00,0.00,,金錢,臺南市永康區****,,
196,涂醒哲,107年縣(市)長選舉,首次申報,1071105,營利事業捐贈收入,億裕通運股份有限公司,96991182,50000.00,0.00,,金錢,高雄市小港區****,,
197,涂醒哲,107年縣(市)長選舉,首次申報,1071105,個人捐贈收入,林翠華,D20*******,50000.00,0.00,,金錢,嘉義市西區西****,,
198,涂醒哲,107年縣(市)長選舉,首次申報,1071105,個人捐贈收入,陳星伃,I20*******,8000.00,0.00,,非金錢,嘉義市西區西****,0921*****,
199,涂醒哲,107年縣(市)長選舉,首次申報,1071105,個人捐贈收入,陳顯榮,Q10*******,100000.00,0.00,,金錢,嘉義市西區西****,,
200,涂醒哲,107年縣(市)長選舉,首次申報,1071106,個人捐贈收入,謝炳忠,,3000.00,0.00,,金錢,嘉義市吳鳳南****,0933*****,
201,涂醒哲,107年縣(市)長選舉,首次申報,1071106,營利事業捐贈收入,元律科技股份有限公司,53888189,50000.00,0.00,,金錢,高雄市苓雅區****,,
202,涂醒哲,107年縣(市)長選舉,首次申報,1071106,個人捐贈收入,廖純義,Q10*******,20000.00,0.00,,金錢,臺北市信義區****,,
203,涂醒哲,107年縣(市)長選舉,首次申報,1071107,個人捐贈收入,陳秀芳,,1000.00,0.00,,金錢,嘉義市吳鳳南****,222-*****,
204,涂醒哲,107年縣(市)長選舉,首次申報,1071107,個人捐贈收入,林恒立,G12*******,10000.00,0.00,,金錢,臺中市西區台****,,
205,涂醒哲,107年縣(市)長選舉,首次申報,1071107,個人捐贈收入,郭義騰,Q12*******,12000.00,0.00,,金錢,嘉義市西區竹****,,
206,涂醒哲,107年縣(市)長選舉,首次申報,1071107,個人捐贈收入,張永璽,Q12*******,3000.00,0.00,,非金錢,嘉義縣大林鎮****,0919*****,
207,涂醒哲,107年縣(市)長選舉,首次申報,1071107,個人捐贈收入,呂炳融,S12*******,25000.00,0.00,,金錢,高雄市小港區****,,
208,涂醒哲,107年縣(市)長選舉,首次申報,1071107,個人捐贈收入,鄭俊麟,T12*******,25000.00,0.00,,金錢,屏東縣竹田鄉****,0978*****,
209,涂醒哲,107年縣(市)長選舉,首次申報,1071108,個人捐贈收入,邱美雲,,1500.00,0.00,,金錢,新北市三峽區****,0919*****,
210,涂醒哲,107年縣(市)長選舉,首次申報,1071108,營利事業捐贈收入,萬國製藥廠股份有限公司,22289266,100000.00,0.00,,金錢,臺南市東區裕****,,
211,涂醒哲,107年縣(市)長選舉,首次申報,1071108,營利事業捐贈收入,能邦工程股份有限公司,25067750,100000.00,0.00,,金錢,宜蘭縣五結鄉****,,
212,涂醒哲,107年縣(市)長選舉,首次申報,1071108,營利事業捐贈收入,力麒建設股份有限公司,86690644,100000.00,0.00,,金錢,臺北市中山區****,,
213,涂醒哲,107年縣(市)長選舉,首次申報,1071108,營利事業捐贈收入,力麒建設股份有限公司,86690644,100000.00,0.00,,金錢,臺北市中山區****,,
214,涂醒哲,107年縣(市)長選舉,首次申報,1071108,個人捐贈收入,侯欽議,A12*******,10000.00,0.00,,金錢,嘉義市西區新****,,
215,涂醒哲,107年縣(市)長選舉,首次申報,1071108,個人捐贈收入,林瑞明,D10*******,10000.00,0.00,,金錢,嘉義市東區文****,,
216,涂醒哲,107年縣(市)長選舉,首次申報,1071108,個人捐贈收入,林翠華,D20*******,50000.00,0.00,,金錢,嘉義市西區西****,(05)*****,
217,涂醒哲,107年縣(市)長選舉,首次申報,1071108,個人捐贈收入,李全春,F12*******,100000.00,0.00,,金錢,臺北市內湖區****,0920*****,
218,涂醒哲,107年縣(市)長選舉,首次申報,1071108,個人捐贈收入,洪美滿,F22*******,100000.00,0.00,,金錢,臺北市內湖區****,0922*****,
219,涂醒哲,107年縣(市)長選舉,首次申報,1071108,個人捐贈收入,丁偉家,I10*******,20000.00,0.00,,金錢,新竹市東區關****,,
220,涂醒哲,107年縣(市)長選舉,首次申報,1071108,個人捐贈收入,陳星伃,I20*******,25000.00,0.00,,金錢,嘉義市西區西****,0921*****,
221,涂醒哲,107年縣(市)長選舉,首次申報,1071108,個人捐贈收入,賴俊良,N12*******,100000.00,0.00,,金錢,彰化縣員林市****,264-*****,
222,涂醒哲,107年縣(市)長選舉,首次申報,1071108,個人捐贈收入,陳俊光,Q12*******,25000.00,0.00,,金錢,嘉義市西區西****,,
223,涂醒哲,107年縣(市)長選舉,首次申報,1071108,個人捐贈收入,顏林秀足,Q20*******,10000.00,0.00,,金錢,嘉義市西區新****,,
224,涂醒哲,107年縣(市)長選舉,首次申報,1071108,個人捐贈收入,林久惠,Q20*******,10000.00,0.00,,金錢,臺北市中山區****,0952*****,
225,涂醒哲,107年縣(市)長選舉,首次申報,1071109,匿名捐贈,匿名,,10000.00,0.00,,金錢,,,
226,涂醒哲,107年縣(市)長選舉,首次申報,1071109,營利事業捐贈收入,聯合電信工程股份有限公司,42041664,50000.00,0.00,,金錢,嘉義市西區世****,0986*****,
227,涂醒哲,107年縣(市)長選舉,首次申報,1071109,營利事業捐贈收入,國際通企業股份有限公司,86535616,50000.00,0.00,,金錢,嘉義市西區友****,0932*****,
228,涂醒哲,107年縣(市)長選舉,首次申報,1071109,個人捐贈收入,陳嘉豪,E12*******,30000.00,0.00,,金錢,嘉義市西區北****,,
229,涂醒哲,107年縣(市)長選舉,首次申報,1071109,個人捐贈收入,李玉對,P20*******,30000.00,0.00,,金錢,嘉義市西區保****,(05)*****,
230,涂醒哲,107年縣(市)長選舉,首次申報,1071109,個人捐贈收入,許瑞景,Q10*******,20000.00,0.00,,金錢,嘉義市西區新****,(05)*****,
231,涂醒哲,107年縣(市)長選舉,首次申報,1071109,個人捐贈收入,陳世賢,Q10*******,20000.00,0.00,,金錢,嘉義市西區北****,(05)*****,
232,涂醒哲,107年縣(市)長選舉,首次申報,1071109,個人捐贈收入,陳照雲,Q20*******,50000.00,0.00,,金錢,嘉義市西區北****,0952*****,
233,涂醒哲,107年縣(市)長選舉,首次申報,1071109,個人捐贈收入,黃麗蓁,Q22*******,20000.00,0.00,,金錢,嘉義市西區漢****,,
234,涂醒哲,107年縣(市)長選舉,首次申報,1071109,個人捐贈收入,黃嘉興,R10*******,30000.00,0.00,,金錢,嘉義市西區文****,0935*****,
235,涂醒哲,107年縣(市)長選舉,首次申報,1071110,個人捐贈收入,葉光耀,,10000.00,0.00,,金錢,嘉義市東區林****,,
236,涂醒哲,107年縣(市)長選舉,首次申報,1071110,個人捐贈收入,戴伊晨,P22*******,4000.00,0.00,,非金錢,新北市林口區****,,
237,涂醒哲,107年縣(市)長選舉,首次申報,1071112,匿名捐贈,蔡炎崇,,1000.00,0.00,,金錢,,,
238,涂醒哲,107年縣(市)長選舉,首次申報,1071112,個人捐贈收入,賴權富,Q12*******,100000.00,0.00,,金錢,嘉義市西區友****,,
239,涂醒哲,107年縣(市)長選舉,首次申報,1071112,個人捐贈收入,劉秀玲,Q20*******,100000.00,0.00,,金錢,嘉義市西區友****,,
240,涂醒哲,107年縣(市)長選舉,首次申報,1071113,人民團體捐贈收入,嘉義市建築師公會,,15000.00,0.00,,非金錢,嘉義市友愛路****,2342*****,
241,涂醒哲,107年縣(市)長選舉,首次申報,1071113,個人捐贈收入,張富美,P22*******,10000.00,0.00,,金錢,新北市新店區****,,
242,涂醒哲,107年縣(市)長選舉,首次申報,1071113,個人捐贈收入,潘榮煌,Q10*******,100000.00,0.00,,金錢,彰化縣員林市****,,
243,涂醒哲,107年縣(市)長選舉,首次申報,1071113,個人捐贈收入,蘇嘉俊,Q10*******,10000.00,0.00,,金錢,臺北市中山區****,,
244,涂醒哲,107年縣(市)長選舉,首次申報,1071113,個人捐贈收入,郭柏林,Q10*******,20000.00,0.00,,金錢,嘉義市東區大****,,
245,涂醒哲,107年縣(市)長選舉,首次申報,1071113,個人捐贈收入,陳淳熙,R10*******,1000.00,0.00,,金錢,新北市新莊區****,,
246,涂醒哲,107年縣(市)長選舉,首次申報,1071114,匿名捐贈,匿名,,10000.00,0.00,,金錢,,,
247,涂醒哲,107年縣(市)長選舉,首次申報,1071114,匿名捐贈,匿名,,10000.00,0.00,,金錢,,,
248,涂醒哲,107年縣(市)長選舉,首次申報,1071114,個人捐贈收入,孫啟峯,D12*******,50000.00,0.00,,金錢,嘉義市西區林****,,
249,涂醒哲,107年縣(市)長選舉,首次申報,1071114,個人捐贈收入,楊淑朱,S22*******,6000.00,0.00,,金錢,嘉義市西區大****,,
250,涂醒哲,107年縣(市)長選舉,首次申報,1071115,人民團體捐贈收入,嘉義市不動產開發商業同業公會,,200000.00,0.00,,金錢,,,
251,涂醒哲,107年縣(市)長選舉,首次申報,1071115,匿名捐贈,陳坤富,,500.00,0.00,,金錢,,,
252,涂醒哲,107年縣(市)長選舉,首次申報,1071116,個人捐贈收入,陳家榮,A10*******,10000.00,0.00,,金錢,新北市新店區****,0916*****,
253,涂醒哲,107年縣(市)長選舉,首次申報,1071116,個人捐贈收入,江伯芳,Q10*******,5000.00,0.00,,金錢,新北市新店區****,0922*****,
254,涂醒哲,107年縣(市)長選舉,首次申報,1071116,個人捐贈收入,蔡水沼,Q10*******,5000.00,0.00,,金錢,臺北市松山區****,0975*****,
255,涂醒哲,107年縣(市)長選舉,首次申報,1071116,個人捐贈收入,謝其勳,Q12*******,100000.00,0.00,,金錢,嘉義市西區杭****,,
256,涂醒哲,107年縣(市)長選舉,首次申報,1071120,匿名捐贈,匿名,,100.00,0.00,,金錢,,,
257,涂醒哲,107年縣(市)長選舉,首次申報,1071120,個人捐贈收入,杜東峻,E12*******,100000.00,0.00,,金錢,嘉義市安樂街****,0930*****,
258,涂醒哲,107年縣(市)長選舉,首次申報,1071121,匿名捐贈,匿名,,10000.00,0.00,,金錢,,,
259,涂醒哲,107年縣(市)長選舉,首次申報,1071121,匿名捐贈,匿名,,10000.00,0.00,,金錢,,,
260,涂醒哲,107年縣(市)長選舉,首次申報,1071121,匿名捐贈,匿名,,10000.00,0.00,,金錢,,,
261,涂醒哲,107年縣(市)長選舉,首次申報,1071121,匿名捐贈,匿名,,10000.00,0.00,,金錢,,,
262,涂醒哲,107年縣(市)長選舉,首次申報,1071121,匿名捐贈,匿名,,10000.00,0.00,,金錢,,,
263,涂醒哲,107年縣(市)長選舉,首次申報,1071121,匿名捐贈,匿名,,10000.00,0.00,,金錢,,,
264,涂醒哲,107年縣(市)長選舉,首次申報,1071121,匿名捐贈,匿名,,10000.00,0.00,,金錢,,,
265,涂醒哲,107年縣(市)長選舉,首次申報,1071121,匿名捐贈,匿名,,10000.00,0.00,,金錢,,,
266,涂醒哲,107年縣(市)長選舉,首次申報,1071121,匿名捐贈,匿名,,10000.00,0.00,,金錢,,,
267,涂醒哲,107年縣(市)長選舉,首次申報,1071121,匿名捐贈,匿名,,10000.00,0.00,,金錢,,,
268,涂醒哲,107年縣(市)長選舉,首次申報,1071121,匿名捐贈,匿名,,10000.00,0.00,,金錢,,,
269,涂醒哲,107年縣(市)長選舉,首次申報,1071121,匿名捐贈,匿名,,10000.00,0.00,,金錢,,,
270,涂醒哲,107年縣(市)長選舉,首次申報,1071121,匿名捐贈,匿名,,10000.00,0.00,,金錢,,,
271,涂醒哲,107年縣(市)長選舉,首次申報,1071121,匿名捐贈,匿名,,10000.00,0.00,,金錢,,,
272,涂醒哲,107年縣(市)長選舉,首次申報,1071121,匿名捐贈,匿名,,10000.00,0.00,,金錢,,,
273,涂醒哲,107年縣(市)長選舉,首次申報,1071121,匿名捐贈,匿名,,10000.00,0.00,,金錢,,,
274,涂醒哲,107年縣(市)長選舉,首次申報,1071121,匿名捐贈,匿名,,10000.00,0.00,,金錢,,,
275,涂醒哲,107年縣(市)長選舉,首次申報,1071121,匿名捐贈,匿名,,10000.00,0.00,,金錢,,,
276,涂醒哲,107年縣(市)長選舉,首次申報,1071121,匿名捐贈,匿名,,10000.00,0.00,,金錢,,,
277,涂醒哲,107年縣(市)長選舉,首次申報,1071121,匿名捐贈,匿名,,10000.00,0.00,,金錢,,,
278,涂醒哲,107年縣(市)長選舉,首次申報,1071121,個人捐贈收入,廖祿培,B10*******,100000.00,0.00,,金錢,臺中市西屯區****,,
279,涂醒哲,107年縣(市)長選舉,首次申報,1071121,個人捐贈收入,劉家發,Q10*******,50000.00,0.00,,金錢,嘉義市西區新****,0935*****,
280,涂醒哲,107年縣(市)長選舉,首次申報,1071121,個人捐贈收入,鍾英傑,Q10*******,3000.00,0.00,,金錢,臺北市松山區****,0910*****,
281,涂醒哲,107年縣(市)長選舉,首次申報,1071121,個人捐贈收入,林岱芸,Q22*******,15000.00,0.00,,非金錢,嘉義市西區車****,,
282,涂醒哲,107年縣(市)長選舉,首次申報,1071122,個人捐贈收入,楊舜博,P12*******,100000.00,0.00,,金錢,嘉義市新榮路****,,
283,涂醒哲,107年縣(市)長選舉,首次申報,1071122,個人捐贈收入,李永隆,Q12*******,20000.00,0.00,,金錢,嘉義市東區林****,,
284,涂醒哲,107年縣(市)長選舉,首次申報,1071122,個人捐贈收入,賴惠淳,Q22*******,10000.00,0.00,,金錢,嘉義市東區忠****,(05)*****,
285,涂醒哲,107年縣(市)長選舉,首次申報,1071123,匿名捐贈,許偉益,,10000.00,0.00,,金錢,,,
286,涂醒哲,107年縣(市)長選舉,首次申報,1071123,個人捐贈收入,陳昱廷,I10*******,100000.00,0.00,,非金錢,嘉義市嘉工街****,,
287,涂醒哲,107年縣(市)長選舉,首次申報,1071123,個人捐贈收入,許有仁,T12*******,20000.00,0.00,,金錢,嘉義市西區新****,(05)*****,
288,涂醒哲,107年縣(市)長選舉,首次申報,1071123,個人捐贈收入,蔡瑜珍,T22*******,100000.00,0.00,,金錢,嘉義市安樂街****,,
289,涂醒哲,107年縣(市)長選舉,首次申報,1071221,其他收入,利息收入,,461.00,0.00,,金錢,,,
