﻿序號,擬參選人／政黨,選舉名稱,申報序號／年度,交易日期,收支科目,捐贈者／支出對象,身分證／統一編號,收入金額,支出金額,支出用途,金錢類,地址,聯絡電話,資料更正日期
1,郭信良,107年直轄市議員選舉,首次申報,1070906,個人捐贈收入,陳品萱,D22*******,100000.00,0.00,,金錢,臺南市安南區****,,
2,郭信良,107年直轄市議員選舉,首次申報,1070914,營利事業捐贈收入,平和環保科技股份有限公司,28371018,300000.00,0.00,,金錢,高雄市岡山區****,,
3,郭信良,107年直轄市議員選舉,首次申報,1070918,個人捐贈收入,林瑋崑,R12*******,100000.00,0.00,,金錢,臺南市永康區****,,
4,郭信良,107年直轄市議員選舉,首次申報,1070918,個人捐贈收入,龔瓊姿,Y22*******,100000.00,0.00,,金錢,臺南市白河區****,,
5,郭信良,107年直轄市議員選舉,首次申報,1070919,個人捐贈收入,林文基,M12*******,100000.00,0.00,,金錢,臺南市永康區****,,
6,郭信良,107年直轄市議員選舉,首次申報,1070920,個人捐贈收入,吳藏安,D10*******,10000.00,0.00,,金錢,臺南市安南區****,,
7,郭信良,107年直轄市議員選舉,首次申報,1070920,個人捐贈收入,陳國豐,D12*******,20000.00,0.00,,金錢,臺南市安南區****,,
8,郭信良,107年直轄市議員選舉,首次申報,1070921,個人捐贈收入,劉春定,,10000.00,0.00,,金錢,臺南市安南區****,,
9,郭信良,107年直轄市議員選舉,首次申報,1070926,營利事業捐贈收入,明皇工業社,47818854,5000.00,0.00,,金錢,臺南市安南區****,,
10,郭信良,107年直轄市議員選舉,首次申報,1070926,個人捐贈收入,郭惠玲,D22*******,3000.00,0.00,,金錢,臺南市安南區****,,
11,郭信良,107年直轄市議員選舉,首次申報,1070928,個人捐贈收入,顏金霸,,5000.00,0.00,,金錢,臺南市安南區****,,
12,郭信良,107年直轄市議員選舉,首次申報,1070930,個人捐贈收入,陳和吉,D10*******,3000.00,0.00,,金錢,臺南市安南區****,,
13,郭信良,107年直轄市議員選舉,首次申報,1070930,個人捐贈收入,黃楊蔘,D12*******,10000.00,0.00,,金錢,臺南市安南區****,,
14,郭信良,107年直轄市議員選舉,首次申報,1070930,個人捐贈收入,邱明堂,D12*******,30000.00,0.00,,金錢,臺南市安南區****,,
15,郭信良,107年直轄市議員選舉,首次申報,1071001,個人捐贈收入,邱智欽,,16000.00,0.00,,非金錢,臺南市安南區****,,
16,郭信良,107年直轄市議員選舉,首次申報,1071001,個人捐贈收入,陳智茂,,18000.00,0.00,,非金錢,臺南市安平區****,,
17,郭信良,107年直轄市議員選舉,首次申報,1071001,個人捐贈收入,郭志安,,10000.00,0.00,,非金錢,臺南市安南區****,,
18,郭信良,107年直轄市議員選舉,首次申報,1071001,個人捐贈收入,林義鈞,D12*******,25000.00,0.00,,金錢,臺南市中西區****,,
19,郭信良,107年直轄市議員選舉,首次申報,1071001,個人捐贈收入,吳宗哲,D12*******,18000.00,0.00,,非金錢,臺南市北區文****,,
20,郭信良,107年直轄市議員選舉,首次申報,1071001,個人捐贈收入,胡富文,R12*******,25000.00,0.00,,金錢,臺南市北區文****,,
21,郭信良,107年直轄市議員選舉,首次申報,1071001,個人捐贈收入,林秋煌,R22*******,100000.00,0.00,,金錢,臺南市新化區****,,
22,郭信良,107年直轄市議員選舉,首次申報,1071002,個人捐贈收入,謝清,,300.00,0.00,,非金錢,臺南市安南區****,,
23,郭信良,107年直轄市議員選舉,首次申報,1071002,個人捐贈收入,甘文坤,E12*******,100000.00,0.00,,金錢,臺南市安南區****,,
24,郭信良,107年直轄市議員選舉,首次申報,1071004,個人捐贈收入,黃平田,,10000.00,0.00,,金錢,臺南市安南區****,,
25,郭信良,107年直轄市議員選舉,首次申報,1071004,營利事業捐贈收入,宏宥有限公司,16277002,70000.00,0.00,,金錢,海環街巷號****,,
26,郭信良,107年直轄市議員選舉,首次申報,1071004,營利事業捐贈收入,良勳建設有限公司,97359094,100000.00,0.00,,金錢,臺南市安南區****,,
27,郭信良,107年直轄市議員選舉,首次申報,1071004,個人捐贈收入,謝天平,D10*******,10000.00,0.00,,金錢,臺南市安南區****,,
28,郭信良,107年直轄市議員選舉,首次申報,1071004,個人捐贈收入,黃平田,D10*******,10000.00,0.00,,金錢,臺南市安南區****,,
29,郭信良,107年直轄市議員選舉,首次申報,1071005,個人捐贈收入,徐和百,D10*******,30000.00,0.00,,金錢,臺南市安南區****,,
30,郭信良,107年直轄市議員選舉,首次申報,1071005,個人捐贈收入,李風儀,R10*******,5000.00,0.00,,金錢,,,
31,郭信良,107年直轄市議員選舉,首次申報,1071005,個人捐贈收入,陳佑全,R12*******,20000.00,0.00,,金錢,臺南市安平區****,,
32,郭信良,107年直轄市議員選舉,首次申報,1071005,個人捐贈收入,謝煌枝,S10*******,100000.00,0.00,,金錢,臺南市安南區****,,
33,郭信良,107年直轄市議員選舉,首次申報,1071008,個人捐贈收入,謝瑞欽,D12*******,30000.00,0.00,,金錢,臺南市安南區****,,
34,郭信良,107年直轄市議員選舉,首次申報,1071008,個人捐贈收入,黃崇銘,D12*******,20000.00,0.00,,金錢,,,
35,郭信良,107年直轄市議員選舉,首次申報,1071008,個人捐贈收入,王證貿,R12*******,50000.00,0.00,,金錢,臺南市佳里區****,,
36,郭信良,107年直轄市議員選舉,首次申報,1071009,營利事業捐贈收入,志昌邱鋼鐵有限公司,86220355,20000.00,0.00,,金錢,,,
37,郭信良,107年直轄市議員選舉,首次申報,1071009,個人捐贈收入,王瑞麟,D10*******,36000.00,0.00,,金錢,臺南市安南區****,,
38,郭信良,107年直轄市議員選舉,首次申報,1071009,個人捐贈收入,呂綉甌,M20*******,20000.00,0.00,,金錢,臺南市北區大****,,
39,郭信良,107年直轄市議員選舉,首次申報,1071009,個人捐贈收入,胡清美,R22*******,10000.00,0.00,,金錢,臺南市安南區****,,
40,郭信良,107年直轄市議員選舉,首次申報,1071010,營利事業捐贈收入,愈騰電機有限公司,79966863,5000.00,0.00,,金錢,臺南市安南區****,,
41,郭信良,107年直轄市議員選舉,首次申報,1071013,個人捐贈收入,鄭琳縈,D22*******,6000.00,0.00,,金錢,臺南市安南區****,,
42,郭信良,107年直轄市議員選舉,首次申報,1071014,營利事業捐贈收入,上華幼兒園,20261707,36000.00,0.00,,金錢,臺南市安南區****,,
43,郭信良,107年直轄市議員選舉,首次申報,1071014,營利事業捐贈收入,慈元興實業有限公司,53617736,20000.00,0.00,,金錢,臺南市安南區****,,
44,郭信良,107年直轄市議員選舉,首次申報,1071014,營利事業捐贈收入,鼎勝能源科技有限公司,64461703,10000.00,0.00,,金錢,臺南市安南區****,,
45,郭信良,107年直轄市議員選舉,首次申報,1071015,個人捐贈收入,陳許素新,,3000.00,0.00,,金錢,臺南市安南區****,,
46,郭信良,107年直轄市議員選舉,首次申報,1071015,營利事業捐贈收入,統亞電子科技股份有限公司,23236751,300000.00,0.00,,金錢,臺南市安南區****,,
47,郭信良,107年直轄市議員選舉,首次申報,1071015,個人捐贈收入,郭春男,D10*******,50000.00,0.00,,金錢,臺南市安南區****,,
48,郭信良,107年直轄市議員選舉,首次申報,1071015,個人捐贈收入,蔡佳龍,D12*******,20000.00,0.00,,金錢,臺南市安南區****,,
49,郭信良,107年直轄市議員選舉,首次申報,1071015,個人捐贈收入,洪崇傑,D12*******,3000.00,0.00,,金錢,臺南市安南區****,,
50,郭信良,107年直轄市議員選舉,首次申報,1071016,個人捐贈收入,林財德,,5000.00,0.00,,金錢,臺南市安南區****,,
51,郭信良,107年直轄市議員選舉,首次申報,1071016,個人捐贈收入,林泓儒,,10000.00,0.00,,金錢,臺南市安南區****,,
52,郭信良,107年直轄市議員選舉,首次申報,1071016,個人捐贈收入,郭金清,,16000.00,0.00,,金錢,臺南市南區南****,,
53,郭信良,107年直轄市議員選舉,首次申報,1071017,個人捐贈收入,吳明憲,D10*******,10000.00,0.00,,金錢,臺南市安南區****,,
54,郭信良,107年直轄市議員選舉,首次申報,1071017,個人捐贈收入,侯德宏,D12*******,100000.00,0.00,,金錢,臺南市安南區****,,
55,郭信良,107年直轄市議員選舉,首次申報,1071017,個人捐贈收入,郭泰良,D12*******,60000.00,0.00,,金錢,臺南市安南區****,,
56,郭信良,107年直轄市議員選舉,首次申報,1071018,個人捐贈收入,施賜禎,,10000.00,0.00,,金錢,臺南市安南區****,,
57,郭信良,107年直轄市議員選舉,首次申報,1071018,個人捐贈收入,陳新福,,3600.00,0.00,,金錢,臺南市安南區****,,
58,郭信良,107年直轄市議員選舉,首次申報,1071018,營利事業捐贈收入,至輝實業股份有限公司,84366869,20000.00,0.00,,金錢,臺南市安南區****,,
59,郭信良,107年直轄市議員選舉,首次申報,1071022,個人捐贈收入,吳魚,,6000.00,0.00,,金錢,臺南市大眾六****,,
60,郭信良,107年直轄市議員選舉,首次申報,1071022,營利事業捐贈收入,穩展金屬興業有限公司,27414931,20000.00,0.00,,金錢,臺南市永康區****,,
61,郭信良,107年直轄市議員選舉,首次申報,1071022,營利事業捐贈收入,詠越綱構營造有限公司,54551022,50000.00,0.00,,金錢,臺南市歸仁區****,,
62,郭信良,107年直轄市議員選舉,首次申報,1071022,營利事業捐贈收入,宏霖工業股份有限公司,69412626,100000.00,0.00,,金錢,臺南市安南區****,,
63,郭信良,107年直轄市議員選舉,首次申報,1071022,個人捐贈收入,曾再生,R12*******,36000.00,0.00,,金錢,臺南市安南區****,,
64,郭信良,107年直轄市議員選舉,首次申報,1071023,營利事業捐贈收入,如保興業股份有限公司,16906136,100000.00,0.00,,金錢,臺南市仁德區****,,
65,郭信良,107年直轄市議員選舉,首次申報,1071023,個人捐贈收入,林義珍,D10*******,60000.00,0.00,,金錢,臺南市安南區****,,
66,郭信良,107年直轄市議員選舉,首次申報,1071023,個人捐贈收入,李保祥,D10*******,100000.00,0.00,,金錢,臺南市安南區****,,
67,郭信良,107年直轄市議員選舉,首次申報,1071023,個人捐贈收入,高耀聰,D10*******,50000.00,0.00,,金錢,臺南市安南區****,,
68,郭信良,107年直轄市議員選舉,首次申報,1071023,個人捐贈收入,鄭振雄,D10*******,20000.00,0.00,,金錢,臺南市北區北****,,
69,郭信良,107年直轄市議員選舉,首次申報,1071023,個人捐贈收入,莊哲仁,D12*******,30000.00,0.00,,金錢,臺南市永康區****,,
70,郭信良,107年直轄市議員選舉,首次申報,1071023,個人捐贈收入,林漢青,D12*******,60000.00,0.00,,金錢,臺南市安南區****,,
71,郭信良,107年直轄市議員選舉,首次申報,1071023,個人捐贈收入,許旭昇,E12*******,100000.00,0.00,,金錢,高雄市鳥松區****,,
72,郭信良,107年直轄市議員選舉,首次申報,1071023,個人捐贈收入,劉佳怡,F22*******,100000.00,0.00,,金錢,新北市新店區****,,
73,郭信良,107年直轄市議員選舉,首次申報,1071023,個人捐贈收入,蔡博如,J12*******,20000.00,0.00,,金錢,臺南市安南區****,,
74,郭信良,107年直轄市議員選舉,首次申報,1071023,個人捐贈收入,楊政富,R12*******,30000.00,0.00,,金錢,臺南市歸仁區****,,
75,郭信良,107年直轄市議員選舉,首次申報,1071023,個人捐贈收入,蘇孟緝,R12*******,20000.00,0.00,,金錢,臺南市安南區****,,
76,郭信良,107年直轄市議員選舉,首次申報,1071023,個人捐贈收入,黃東海,T12*******,10000.00,0.00,,金錢,臺南市安南區****,,
77,郭信良,107年直轄市議員選舉,首次申報,1071024,個人捐贈收入,馮招娣,,3000.00,0.00,,金錢,臺南市安南區****,,
78,郭信良,107年直轄市議員選舉,首次申報,1071024,個人捐贈收入,吳勝義,,10000.00,0.00,,金錢,臺南市安南區****,,
79,郭信良,107年直轄市議員選舉,首次申報,1071024,個人捐贈收入,王偉程,A11*******,100000.00,0.00,,金錢,新北市土城區****,,
80,郭信良,107年直轄市議員選舉,首次申報,1071024,個人捐贈收入,池匯祥,A12*******,100000.00,0.00,,金錢,新北市蘆洲區****,,
81,郭信良,107年直轄市議員選舉,首次申報,1071024,個人捐贈收入,黃志鴻,A12*******,100000.00,0.00,,金錢,臺北市文山區****,,
82,郭信良,107年直轄市議員選舉,首次申報,1071024,個人捐贈收入,程澤昕,B12*******,100000.00,0.00,,金錢,新北市三重區****,,
83,郭信良,107年直轄市議員選舉,首次申報,1071024,個人捐贈收入,楊舜欽,F12*******,100000.00,0.00,,金錢,臺北市松山區****,,
84,郭信良,107年直轄市議員選舉,首次申報,1071024,個人捐贈收入,李永裕,R10*******,20000.00,0.00,,金錢,臺南市安南區****,,
85,郭信良,107年直轄市議員選舉,首次申報,1071025,個人捐贈收入,李桂枝,,3000.00,0.00,,金錢,臺南市安南區****,,
86,郭信良,107年直轄市議員選舉,首次申報,1071025,營利事業捐贈收入,巨豐旅館管理顧問股份有限公司,16156865,500000.00,0.00,,金錢,高雄市鼓山區****,,
87,郭信良,107年直轄市議員選舉,首次申報,1071025,營利事業捐贈收入,冠祥科技有限公司,27905090,60000.00,0.00,,金錢,臺南市永康區****,,
88,郭信良,107年直轄市議員選舉,首次申報,1071025,個人捐贈收入,黃志明,D12*******,3600.00,0.00,,金錢,臺南市安南區****,,
89,郭信良,107年直轄市議員選舉,首次申報,1071026,個人捐贈收入,陳棟樑,,20000.00,0.00,,金錢,臺南市中西區****,,
90,郭信良,107年直轄市議員選舉,首次申報,1071026,個人捐贈收入,黃塗欉,,6000.00,0.00,,金錢,臺南市歸仁區****,,
91,郭信良,107年直轄市議員選舉,首次申報,1071026,個人捐贈收入,洪文仁,,6000.00,0.00,,金錢,臺南市安南區****,,
92,郭信良,107年直轄市議員選舉,首次申報,1071026,個人捐贈收入,林國濱,,2000.00,0.00,,金錢,臺南市安南區****,,
93,郭信良,107年直轄市議員選舉,首次申報,1071026,營利事業捐贈收入,金昶勝有限公司,16877322,30000.00,0.00,,金錢,臺南市安南區****,,
94,郭信良,107年直轄市議員選舉,首次申報,1071026,營利事業捐贈收入,群水環保工程有限公司,80233847,10000.00,0.00,,金錢,臺南市南區新****,,
95,郭信良,107年直轄市議員選舉,首次申報,1071026,個人捐贈收入,郭有益,D10*******,16000.00,0.00,,金錢,臺南市安南區****,,
96,郭信良,107年直轄市議員選舉,首次申報,1071026,個人捐贈收入,郭敏雄,D10*******,10000.00,0.00,,金錢,臺南市北區西****,,
97,郭信良,107年直轄市議員選舉,首次申報,1071026,個人捐贈收入,郭朴煌,D10*******,20000.00,0.00,,金錢,臺南市北區北****,,
98,郭信良,107年直轄市議員選舉,首次申報,1071026,個人捐贈收入,徐鼎堯,D12*******,30000.00,0.00,,金錢,臺南市安南區****,,
99,郭信良,107年直轄市議員選舉,首次申報,1071026,個人捐贈收入,郭桐棨,D12*******,50000.00,0.00,,金錢,臺南市安南區****,,
100,郭信良,107年直轄市議員選舉,首次申報,1071026,個人捐贈收入,林秋雄,F10*******,100000.00,0.00,,金錢,臺南市北區和****,,
101,郭信良,107年直轄市議員選舉,首次申報,1071026,個人捐贈收入,謝正榮,S10*******,100000.00,0.00,,金錢,高雄市前鎮區****,,
102,郭信良,107年直轄市議員選舉,首次申報,1071027,個人捐贈收入,蔡仲義,,10000.00,0.00,,金錢,臺南市安南區****,,
103,郭信良,107年直轄市議員選舉,首次申報,1071027,個人捐贈收入,吳秀媚,,2000.00,0.00,,金錢,臺南市安南區****,,
104,郭信良,107年直轄市議員選舉,首次申報,1071028,營利事業捐贈收入,福川銘建設股份有限公司,25171748,20000.00,0.00,,金錢,臺南市麻豆區****,,
105,郭信良,107年直轄市議員選舉,首次申報,1071028,營利事業捐贈收入,大南方資源再生股份有限公司,27224616,30000.00,0.00,,金錢,臺南市麻豆區****,,
106,郭信良,107年直轄市議員選舉,首次申報,1071028,個人捐贈收入,吳龍德,D10*******,50000.00,0.00,,金錢,臺南市安南區****,,
107,郭信良,107年直轄市議員選舉,首次申報,1071028,個人捐贈收入,楊瑞武,R12*******,10000.00,0.00,,金錢,臺南市安南區****,,
108,郭信良,107年直轄市議員選舉,首次申報,1071029,個人捐贈收入,吳梅雀,,2000.00,0.00,,金錢,臺南市安南區****,,
109,郭信良,107年直轄市議員選舉,首次申報,1071029,個人捐贈收入,吳賜呈,,6000.00,0.00,,金錢,臺南市安南區****,,
110,郭信良,107年直轄市議員選舉,首次申報,1071029,個人捐贈收入,柯天明,,3020.00,0.00,,金錢,臺南市安南區****,,
111,郭信良,107年直轄市議員選舉,首次申報,1071029,個人捐贈收入,吳溪泉,,5000.00,0.00,,金錢,臺南市安南區****,,
112,郭信良,107年直轄市議員選舉,首次申報,1071029,個人捐贈收入,吳明宏,,5000.00,0.00,,金錢,臺南市安南區****,,
113,郭信良,107年直轄市議員選舉,首次申報,1071029,個人捐贈收入,高長安,,6000.00,0.00,,金錢,臺南市安南區****,,
114,郭信良,107年直轄市議員選舉,首次申報,1071029,個人捐贈收入,廖柏林,,10000.00,0.00,,金錢,臺南市安南區****,,
115,郭信良,107年直轄市議員選舉,首次申報,1071029,個人捐贈收入,蘇春步,,3000.00,0.00,,金錢,臺南市安南區****,,
116,郭信良,107年直轄市議員選舉,首次申報,1071029,個人捐贈收入,黃舜澤,,10000.00,0.00,,金錢,臺南市佳里區****,,
117,郭信良,107年直轄市議員選舉,首次申報,1071029,個人捐贈收入,鄭文饒,,10000.00,0.00,,金錢,臺南市安南區****,,
118,郭信良,107年直轄市議員選舉,首次申報,1071029,個人捐贈收入,蕭如卿,,10000.00,0.00,,金錢,臺南市安南區****,,
119,郭信良,107年直轄市議員選舉,首次申報,1071029,營利事業捐贈收入,順利電鍍有限公司,16578844,200000.00,0.00,,金錢,臺南市安南區****,,
120,郭信良,107年直轄市議員選舉,首次申報,1071029,營利事業捐贈收入,合利鋼管有限公司,25007705,12000.00,0.00,,金錢,臺南市安南區****,,
121,郭信良,107年直轄市議員選舉,首次申報,1071029,營利事業捐贈收入,歐鑫度量衡器有限公司,86187258,10000.00,0.00,,金錢,臺南市安中路****,,
122,郭信良,107年直轄市議員選舉,首次申報,1071029,個人捐贈收入,黃玉成,D10*******,30000.00,0.00,,金錢,臺南市安南區****,,
123,郭信良,107年直轄市議員選舉,首次申報,1071029,個人捐贈收入,邱村國,D10*******,40000.00,0.00,,金錢,臺南市安南區****,,
124,郭信良,107年直轄市議員選舉,首次申報,1071029,個人捐贈收入,胡品琪,F22*******,50000.00,0.00,,金錢,新北市鶯歌區****,,
125,郭信良,107年直轄市議員選舉,首次申報,1071030,個人捐贈收入,高傳富,,6000.00,0.00,,金錢,臺南市安南區****,,
126,郭信良,107年直轄市議員選舉,首次申報,1071030,個人捐贈收入,陳維政,,3000.00,0.00,,金錢,臺南市安南區****,,
127,郭信良,107年直轄市議員選舉,首次申報,1071030,個人捐贈收入,莊戊群,,20000.00,0.00,,金錢,臺南市安南區****,,
128,郭信良,107年直轄市議員選舉,首次申報,1071030,個人捐贈收入,王金春,,1000.00,0.00,,金錢,臺南市安南區****,,
129,郭信良,107年直轄市議員選舉,首次申報,1071030,個人捐贈收入,盧榮彬,,3000.00,0.00,,金錢,臺南市南區惠****,,
130,郭信良,107年直轄市議員選舉,首次申報,1071030,個人捐贈收入,林秀芸,,1500.00,0.00,,金錢,臺南市安南區****,,
131,郭信良,107年直轄市議員選舉,首次申報,1071030,個人捐贈收入,廖大方,,5000.00,0.00,,金錢,雲林縣二崙鄉****,,
132,郭信良,107年直轄市議員選舉,首次申報,1071030,營利事業捐贈收入,楊原川記帳及報稅代理人事務所,17949099,50000.00,0.00,,金錢,臺南市東區新****,,
133,郭信良,107年直轄市議員選舉,首次申報,1071030,營利事業捐贈收入,宥盛科技股份有限公司,25059132,20000.00,0.00,,金錢,臺南市六甲區****,,
134,郭信良,107年直轄市議員選舉,首次申報,1071030,營利事業捐贈收入,大泓發建設開發有限公司,28289019,20000.00,0.00,,金錢,臺南市東區裕****,,
135,郭信良,107年直轄市議員選舉,首次申報,1071030,個人捐贈收入,黃瑞欽,D12*******,40000.00,0.00,,金錢,臺南市安南區****,,
136,郭信良,107年直轄市議員選舉,首次申報,1071030,個人捐贈收入,黃森賢,D12*******,40000.00,0.00,,金錢,臺南市安平區****,,
137,郭信良,107年直轄市議員選舉,首次申報,1071030,個人捐贈收入,黃瑞山,D12*******,40000.00,0.00,,金錢,臺南市安平區****,,
138,郭信良,107年直轄市議員選舉,首次申報,1071030,個人捐贈收入,黃瑞碧,D12*******,40000.00,0.00,,金錢,臺南市東區中****,,
139,郭信良,107年直轄市議員選舉,首次申報,1071030,個人捐贈收入,郭建民,D12*******,10000.00,0.00,,金錢,臺南市安南區****,,
140,郭信良,107年直轄市議員選舉,首次申報,1071030,個人捐贈收入,邱碧月,D22*******,40000.00,0.00,,金錢,臺南市安平區****,,
141,郭信良,107年直轄市議員選舉,首次申報,1071030,個人捐贈收入,蔡朝琦,R12*******,10000.00,0.00,,金錢,臺南市安南區****,,
142,郭信良,107年直轄市議員選舉,首次申報,1071030,個人捐贈收入,楊淙德,S10*******,50000.00,0.00,,金錢,臺南市南區仁****,,
143,郭信良,107年直轄市議員選舉,首次申報,1071030,個人捐贈收入,吳泰隆,S12*******,100000.00,0.00,,金錢,臺南市永康區****,,
144,郭信良,107年直轄市議員選舉,首次申報,1071030,個人捐贈收入,陳瓊玫,S22*******,20000.00,0.00,,金錢,,,
145,郭信良,107年直轄市議員選舉,首次申報,1071031,個人捐贈收入,楊文廣,,10000.00,0.00,,金錢,臺南市安南區****,,
146,郭信良,107年直轄市議員選舉,首次申報,1071031,個人捐贈收入,林筆化,,10000.00,0.00,,金錢,,0932*****,
147,郭信良,107年直轄市議員選舉,首次申報,1071031,個人捐贈收入,官文豐,,10000.00,0.00,,金錢,臺南市安南區****,,
148,郭信良,107年直轄市議員選舉,首次申報,1071031,個人捐贈收入,郭有義,,3000.00,0.00,,金錢,臺南市安南區****,,
149,郭信良,107年直轄市議員選舉,首次申報,1071031,個人捐贈收入,戴宏昇,,10000.00,0.00,,金錢,臺南市中西區****,,
150,郭信良,107年直轄市議員選舉,首次申報,1071031,個人捐贈收入,林國明,,2000.00,0.00,,金錢,臺南市安南區****,,
151,郭信良,107年直轄市議員選舉,首次申報,1071031,個人捐贈收入,莊文郎,,2000.00,0.00,,金錢,臺南市安南區****,,
152,郭信良,107年直轄市議員選舉,首次申報,1071031,個人捐贈收入,張觀英,,2000.00,0.00,,金錢,臺南市南區明****,,
153,郭信良,107年直轄市議員選舉,首次申報,1071031,個人捐贈收入,黃安正,,6000.00,0.00,,金錢,臺南市民德路****,,
154,郭信良,107年直轄市議員選舉,首次申報,1071031,個人捐贈收入,高鵬惟,,6000.00,0.00,,金錢,臺南市安南區****,,
155,郭信良,107年直轄市議員選舉,首次申報,1071031,個人捐贈收入,張正容,,1000.00,0.00,,金錢,臺南市安南區****,,
156,郭信良,107年直轄市議員選舉,首次申報,1071031,個人捐贈收入,吳碧雯,,3600.00,0.00,,金錢,臺南市安南區****,,
157,郭信良,107年直轄市議員選舉,首次申報,1071031,營利事業捐贈收入,永翔洗衣企業有限公司,16898190,50000.00,0.00,,金錢,臺南市安南區****,,
158,郭信良,107年直轄市議員選舉,首次申報,1071031,營利事業捐贈收入,豪溢五金企業社,83962565,6000.00,0.00,,金錢,臺南市安南區****,,
159,郭信良,107年直轄市議員選舉,首次申報,1071031,個人捐贈收入,岳鵬遠,H12*******,100000.00,0.00,,金錢,新北市新店區****,,
160,郭信良,107年直轄市議員選舉,首次申報,1071031,個人捐贈收入,陳憲洲,R12*******,20000.00,0.00,,金錢,臺南市佳里區****,,
161,郭信良,107年直轄市議員選舉,首次申報,1071031,個人捐贈收入,呂美玉,X22*******,100000.00,0.00,,金錢,臺北市士林區****,,
162,郭信良,107年直轄市議員選舉,首次申報,1071101,個人捐贈收入,蔡明松,,10000.00,0.00,,金錢,臺南市中西區****,,
163,郭信良,107年直轄市議員選舉,首次申報,1071101,個人捐贈收入,蔡龍興,,20000.00,0.00,,金錢,臺南市安南區****,,
164,郭信良,107年直轄市議員選舉,首次申報,1071101,個人捐贈收入,蔡坤城,,6000.00,0.00,,金錢,臺南市白河區****,,
165,郭信良,107年直轄市議員選舉,首次申報,1071101,個人捐贈收入,莊凱名,,2000.00,0.00,,金錢,臺南市安南區****,,
166,郭信良,107年直轄市議員選舉,首次申報,1071101,營利事業捐贈收入,永仁汽車裝潢行,56902706,10000.00,0.00,,金錢,臺南市東區東****,,
167,郭信良,107年直轄市議員選舉,首次申報,1071101,營利事業捐贈收入,巨舜實業股份有限公司,86836710,30000.00,0.00,,金錢,臺南市安南區****,,
168,郭信良,107年直轄市議員選舉,首次申報,1071101,個人捐贈收入,郭海濱,D10*******,100000.00,0.00,,金錢,臺南市中西區****,,
169,郭信良,107年直轄市議員選舉,首次申報,1071101,個人捐贈收入,魏福成,D12*******,16000.00,0.00,,金錢,臺南市安南區****,,
170,郭信良,107年直轄市議員選舉,首次申報,1071101,個人捐贈收入,許菀育,E22*******,100000.00,0.00,,金錢,嘉義市林森東****,,
171,郭信良,107年直轄市議員選舉,首次申報,1071101,個人捐贈收入,尤聰賢,R12*******,10000.00,0.00,,非金錢,臺南市安南區****,,
172,郭信良,107年直轄市議員選舉,首次申報,1071102,個人捐贈收入,董丁貴,,6000.00,0.00,,金錢,臺南市安南區****,,
173,郭信良,107年直轄市議員選舉,首次申報,1071102,個人捐贈收入,黃連進,,3000.00,0.00,,金錢,臺南市北區大****,,
174,郭信良,107年直轄市議員選舉,首次申報,1071102,個人捐贈收入,鐘銀樹,,2200.00,0.00,,金錢,臺南市安平區****,,
175,郭信良,107年直轄市議員選舉,首次申報,1071102,個人捐贈收入,吳志南,,3000.00,0.00,,金錢,臺南市安定區****,,
176,郭信良,107年直轄市議員選舉,首次申報,1071102,個人捐贈收入,林光彪,,2000.00,0.00,,金錢,臺南市安南區****,,
177,郭信良,107年直轄市議員選舉,首次申報,1071102,個人捐贈收入,郭木田,,2000.00,0.00,,金錢,臺南市西港區****,,
178,郭信良,107年直轄市議員選舉,首次申報,1071102,個人捐贈收入,林信良,D10*******,10000.00,0.00,,金錢,臺南市安南區****,,
179,郭信良,107年直轄市議員選舉,首次申報,1071102,個人捐贈收入,黃龍生,D12*******,20000.00,0.00,,金錢,臺南市安南區****,,
180,郭信良,107年直轄市議員選舉,首次申報,1071102,個人捐贈收入,陳進義,D12*******,10000.00,0.00,,金錢,臺南市安南區****,,
181,郭信良,107年直轄市議員選舉,首次申報,1071102,個人捐贈收入,黃佳瑜,D22*******,20000.00,0.00,,金錢,臺南市中西區****,,
182,郭信良,107年直轄市議員選舉,首次申報,1071102,個人捐贈收入,陳清順,E10*******,10000.00,0.00,,金錢,臺南市安南區****,,
183,郭信良,107年直轄市議員選舉,首次申報,1071102,個人捐贈收入,張家和,R12*******,10000.00,0.00,,金錢,臺南市安南區****,,
184,郭信良,107年直轄市議員選舉,首次申報,1071103,個人捐贈收入,鄭順和,,10000.00,0.00,,金錢,臺南市北區北****,,
185,郭信良,107年直轄市議員選舉,首次申報,1071103,個人捐贈收入,陳榮敏,,20000.00,0.00,,金錢,臺南市中西區****,,
186,郭信良,107年直轄市議員選舉,首次申報,1071103,個人捐贈收入,黃仁呈,,5000.00,0.00,,金錢,臺南市安南區****,,
187,郭信良,107年直轄市議員選舉,首次申報,1071103,個人捐贈收入,許民松,,5000.00,0.00,,金錢,臺南市北區北****,,
188,郭信良,107年直轄市議員選舉,首次申報,1071103,個人捐贈收入,吳國棟,,5000.00,0.00,,金錢,臺南市北區永****,,
189,郭信良,107年直轄市議員選舉,首次申報,1071103,個人捐贈收入,鄭昇茂,,20000.00,0.00,,金錢,臺南市北區公****,,
190,郭信良,107年直轄市議員選舉,首次申報,1071103,個人捐贈收入,許福生,,6000.00,0.00,,金錢,臺南市安南區****,,
191,郭信良,107年直轄市議員選舉,首次申報,1071103,個人捐贈收入,吳景豐,,16000.00,0.00,,金錢,臺南市安南區****,,
192,郭信良,107年直轄市議員選舉,首次申報,1071103,個人捐贈收入,蘇江泉,,10000.00,0.00,,金錢,臺南市安南區****,,
193,郭信良,107年直轄市議員選舉,首次申報,1071103,個人捐贈收入,朱順謙,,3200.00,0.00,,金錢,臺南市安南區****,,
194,郭信良,107年直轄市議員選舉,首次申報,1071103,個人捐贈收入,蘇珠屏,,20000.00,0.00,,金錢,臺南市安南區****,,
195,郭信良,107年直轄市議員選舉,首次申報,1071103,個人捐贈收入,方金清,,2000.00,0.00,,金錢,臺南市安南區****,,
196,郭信良,107年直轄市議員選舉,首次申報,1071103,個人捐贈收入,施永秋,,5000.00,0.00,,金錢,臺南市安南區****,,
197,郭信良,107年直轄市議員選舉,首次申報,1071103,營利事業捐贈收入,漢星不動產仲介經紀有限公司,42914554,50000.00,0.00,,金錢,臺南市安南區****,,
198,郭信良,107年直轄市議員選舉,首次申報,1071103,營利事業捐贈收入,彩洋貿易有限公司,65006674,50000.00,0.00,,金錢,臺南市七股區****,,
199,郭信良,107年直轄市議員選舉,首次申報,1071103,營利事業捐贈收入,東榮機械工廠股份有限公司,73124817,68000.00,0.00,,金錢,臺南市安南區****,,
200,郭信良,107年直轄市議員選舉,首次申報,1071103,個人捐贈收入,劉信利,D10*******,15000.00,0.00,,金錢,臺南市安平區****,,
201,郭信良,107年直轄市議員選舉,首次申報,1071103,個人捐贈收入,吳朝安,D10*******,10000.00,0.00,,金錢,臺南市安南區****,,
202,郭信良,107年直轄市議員選舉,首次申報,1071103,個人捐贈收入,王中賢,D12*******,10000.00,0.00,,金錢,臺南市安南區****,,
203,郭信良,107年直轄市議員選舉,首次申報,1071103,個人捐贈收入,楊士珍,R10*******,16000.00,0.00,,金錢,臺南市安南區****,,
204,郭信良,107年直轄市議員選舉,首次申報,1071103,個人捐贈收入,施富貴,R10*******,10000.00,0.00,,金錢,臺南市麻豆區****,,
205,郭信良,107年直轄市議員選舉,首次申報,1071103,個人捐贈收入,康勝智,R12*******,10000.00,0.00,,金錢,,,
206,郭信良,107年直轄市議員選舉,首次申報,1071103,個人捐贈收入,曾翠玲,T22*******,20000.00,0.00,,金錢,臺南市安南區****,,
207,郭信良,107年直轄市議員選舉,首次申報,1071104,個人捐贈收入,鄭惠玉,,6000.00,0.00,,金錢,臺南市安南區****,,
208,郭信良,107年直轄市議員選舉,首次申報,1071104,個人捐贈收入,陳威名,,10000.00,0.00,,金錢,臺南市新市區****,,
209,郭信良,107年直轄市議員選舉,首次申報,1071104,個人捐贈收入,林竹宏,,6000.00,0.00,,金錢,臺南市安南區****,,
210,郭信良,107年直轄市議員選舉,首次申報,1071104,個人捐贈收入,連聰彬,,20000.00,0.00,,金錢,臺南市柳營區****,,
211,郭信良,107年直轄市議員選舉,首次申報,1071104,個人捐贈收入,楊松茂,,12000.00,0.00,,金錢,臺南市安南區****,,
212,郭信良,107年直轄市議員選舉,首次申報,1071104,個人捐贈收入,毛榮華,,2000.00,0.00,,金錢,臺南市安南區****,,
213,郭信良,107年直轄市議員選舉,首次申報,1071104,個人捐贈收入,黃聖傑,,10000.00,0.00,,金錢,臺南市安南區****,,
214,郭信良,107年直轄市議員選舉,首次申報,1071104,個人捐贈收入,陳品妍,,3000.00,0.00,,金錢,臺南市東區崇****,,
215,郭信良,107年直轄市議員選舉,首次申報,1071104,個人捐贈收入,周俊宏,,20000.00,0.00,,金錢,臺南市永康區****,,
216,郭信良,107年直轄市議員選舉,首次申報,1071104,個人捐贈收入,郭文新,,10000.00,0.00,,金錢,臺南市安南區****,,
217,郭信良,107年直轄市議員選舉,首次申報,1071104,個人捐贈收入,陳郁志,,10000.00,0.00,,金錢,臺南市北區文****,,
218,郭信良,107年直轄市議員選舉,首次申報,1071104,個人捐贈收入,尤聰賢,,20000.00,0.00,,金錢,臺南市安南區****,,
219,郭信良,107年直轄市議員選舉,首次申報,1071104,個人捐贈收入,黎錫誠,,10000.00,0.00,,金錢,臺南市安南區****,,
220,郭信良,107年直轄市議員選舉,首次申報,1071104,個人捐贈收入,黃梅英,,5000.00,0.00,,金錢,臺南市安南區****,,
221,郭信良,107年直轄市議員選舉,首次申報,1071104,營利事業捐贈收入,武常實業社,06504204,30000.00,0.00,,金錢,臺南市安南區****,,
222,郭信良,107年直轄市議員選舉,首次申報,1071104,營利事業捐贈收入,兆緯營造有限公司,16971699,20000.00,0.00,,金錢,嘉義縣水上鄉****,,
223,郭信良,107年直轄市議員選舉,首次申報,1071104,營利事業捐贈收入,永祥玻璃行,28184681,10000.00,0.00,,金錢,臺南市安南區****,,
224,郭信良,107年直轄市議員選舉,首次申報,1071104,營利事業捐贈收入,齊豐實業社,36828074,10000.00,0.00,,金錢,臺南市永康區****,,
225,郭信良,107年直轄市議員選舉,首次申報,1071104,營利事業捐贈收入,勝國鐵工所,73684352,20000.00,0.00,,金錢,永康區中正路****,,
226,郭信良,107年直轄市議員選舉,首次申報,1071104,營利事業捐贈收入,台南泰成興業有限公司,86084366,20000.00,0.00,,金錢,臺南市安南區****,,
227,郭信良,107年直轄市議員選舉,首次申報,1071104,營利事業捐贈收入,誠欲實業股份有限公司,86527019,12000.00,0.00,,金錢,臺南市西港區****,,
228,郭信良,107年直轄市議員選舉,首次申報,1071104,個人捐贈收入,江源川,A12*******,6000.00,0.00,,金錢,臺南市安南區****,,
229,郭信良,107年直轄市議員選舉,首次申報,1071104,個人捐贈收入,王朝來,D10*******,20000.00,0.00,,金錢,臺南市安南區****,,
230,郭信良,107年直轄市議員選舉,首次申報,1071104,個人捐贈收入,楊在根,D10*******,50000.00,0.00,,金錢,臺南市安南區****,,
231,郭信良,107年直轄市議員選舉,首次申報,1071104,個人捐贈收入,林耕儀,D12*******,36000.00,0.00,,金錢,臺南市安南區****,,
232,郭信良,107年直轄市議員選舉,首次申報,1071104,個人捐贈收入,蔡金相,D12*******,10000.00,0.00,,金錢,臺南市安南區****,,
233,郭信良,107年直轄市議員選舉,首次申報,1071104,個人捐贈收入,王振興,D12*******,2000.00,0.00,,金錢,臺南市安南區****,,
234,郭信良,107年直轄市議員選舉,首次申報,1071104,個人捐贈收入,許秋鴻,D12*******,20000.00,0.00,,金錢,臺南市安南區****,,
235,郭信良,107年直轄市議員選舉,首次申報,1071105,個人捐贈收入,吳實錄,,10000.00,0.00,,金錢,臺南市安南區****,,
236,郭信良,107年直轄市議員選舉,首次申報,1071105,個人捐贈收入,謝秀梅,,2000.00,0.00,,金錢,臺南市安南區****,,
237,郭信良,107年直轄市議員選舉,首次申報,1071105,個人捐贈收入,陳錫山,,20000.00,0.00,,金錢,臺南市總安街****,,
238,郭信良,107年直轄市議員選舉,首次申報,1071105,個人捐贈收入,顏國在,,30000.00,0.00,,金錢,臺南市安南區****,,
239,郭信良,107年直轄市議員選舉,首次申報,1071105,個人捐贈收入,邱宏春,,2000.00,0.00,,金錢,臺南市安南區****,,
240,郭信良,107年直轄市議員選舉,首次申報,1071105,個人捐贈收入,黃德真,,10000.00,0.00,,金錢,臺南市安南區****,,
241,郭信良,107年直轄市議員選舉,首次申報,1071105,個人捐贈收入,洪淑珍,,10000.00,0.00,,金錢,臺南市安南區****,,
242,郭信良,107年直轄市議員選舉,首次申報,1071105,個人捐贈收入,黃淑娟,,10000.00,0.00,,金錢,臺南市安南區****,,
243,郭信良,107年直轄市議員選舉,首次申報,1071105,個人捐贈收入,陳嘉祥,,12000.00,0.00,,金錢,臺南市新市區****,,
244,郭信良,107年直轄市議員選舉,首次申報,1071105,個人捐贈收入,杜良泰,,12000.00,0.00,,金錢,臺南市安南區****,,
245,郭信良,107年直轄市議員選舉,首次申報,1071105,個人捐贈收入,康文盛,,16000.00,0.00,,金錢,臺南市安南區****,,
246,郭信良,107年直轄市議員選舉,首次申報,1071105,個人捐贈收入,楊鴻琦,,20000.00,0.00,,金錢,臺南市安南區****,,
247,郭信良,107年直轄市議員選舉,首次申報,1071105,個人捐贈收入,吳忠祿,,10000.00,0.00,,金錢,臺南市安南區****,,
248,郭信良,107年直轄市議員選舉,首次申報,1071105,個人捐贈收入,周金國,,25000.00,0.00,,金錢,臺南市安南區****,,
249,郭信良,107年直轄市議員選舉,首次申報,1071105,個人捐贈收入,周國珍,,25000.00,0.00,,金錢,臺南市安南區****,,
250,郭信良,107年直轄市議員選舉,首次申報,1071105,個人捐贈收入,黃金賢,,20000.00,0.00,,金錢,臺南市安南區****,,
251,郭信良,107年直轄市議員選舉,首次申報,1071105,個人捐贈收入,周國榮,,5000.00,0.00,,金錢,臺南市安南區****,,
252,郭信良,107年直轄市議員選舉,首次申報,1071105,個人捐贈收入,廖慶宗,,600.00,0.00,,金錢,臺南市安南區****,,
253,郭信良,107年直轄市議員選舉,首次申報,1071105,營利事業捐贈收入,百豐真空工業有限公司,22928783,80000.00,0.00,,金錢,臺南市安南區****,,
254,郭信良,107年直轄市議員選舉,首次申報,1071105,營利事業捐贈收入,嘉韙建設有限公司,25035688,100000.00,0.00,,金錢,臺南市安南區****,,
255,郭信良,107年直轄市議員選舉,首次申報,1071105,營利事業捐贈收入,上勝鋼鐵股份有限公司,53621372,10000.00,0.00,,金錢,臺南市安南區****,,
256,郭信良,107年直轄市議員選舉,首次申報,1071105,營利事業捐贈收入,統群營造有限公司,70634040,20000.00,0.00,,金錢,臺南市安定區****,,
257,郭信良,107年直轄市議員選舉,首次申報,1071105,營利事業捐贈收入,廣澤光學股份有限公司,74725731,100000.00,0.00,,金錢,臺南市安定區****,,
258,郭信良,107年直轄市議員選舉,首次申報,1071105,個人捐贈收入,蔡黎玲,D22*******,6600.00,0.00,,金錢,臺南市南區金****,,
259,郭信良,107年直轄市議員選舉,首次申報,1071105,個人捐贈收入,黃湘靜,D22*******,10000.00,0.00,,金錢,臺南市安南區****,,
260,郭信良,107年直轄市議員選舉,首次申報,1071106,個人捐贈收入,李金源,,20000.00,0.00,,金錢,臺南市安南區****,,
261,郭信良,107年直轄市議員選舉,首次申報,1071106,個人捐贈收入,戴欽城,,20000.00,0.00,,金錢,臺南市安南區****,,
262,郭信良,107年直轄市議員選舉,首次申報,1071106,個人捐贈收入,郭倍志,,5000.00,0.00,,金錢,臺南市永康區****,,
263,郭信良,107年直轄市議員選舉,首次申報,1071106,個人捐贈收入,鄭惠月,,6000.00,0.00,,金錢,臺南市安南區****,,
264,郭信良,107年直轄市議員選舉,首次申報,1071106,個人捐贈收入,洪德昆,,3000.00,0.00,,金錢,臺南市安南區****,,
265,郭信良,107年直轄市議員選舉,首次申報,1071106,個人捐贈收入,吳春銀,,12000.00,0.00,,金錢,臺南市七股區****,,
266,郭信良,107年直轄市議員選舉,首次申報,1071106,個人捐贈收入,何清江,,10000.00,0.00,,金錢,臺南市安南區****,,
267,郭信良,107年直轄市議員選舉,首次申報,1071106,個人捐贈收入,洪玉生,,2000.00,0.00,,金錢,臺南市安南區****,,
268,郭信良,107年直轄市議員選舉,首次申報,1071106,個人捐贈收入,郭健德,R12*******,100000.00,0.00,,金錢,臺南市安南區****,,
269,郭信良,107年直轄市議員選舉,首次申報,1071107,個人捐贈收入,黃良碧,,5000.00,0.00,,金錢,臺南市安南區****,,
270,郭信良,107年直轄市議員選舉,首次申報,1071107,個人捐贈收入,李文忠,,10000.00,0.00,,金錢,臺南市安南區****,,
271,郭信良,107年直轄市議員選舉,首次申報,1071107,個人捐贈收入,邱坤煌,,6800.00,0.00,,金錢,臺南市安南區****,,
272,郭信良,107年直轄市議員選舉,首次申報,1071107,個人捐贈收入,蕭源坤,,10000.00,0.00,,金錢,臺南市安南區****,,
273,郭信良,107年直轄市議員選舉,首次申報,1071107,個人捐贈收入,吳其瓦,,5000.00,0.00,,金錢,臺南市安南區****,,
274,郭信良,107年直轄市議員選舉,首次申報,1071107,個人捐贈收入,陳燦齡,D10*******,50000.00,0.00,,金錢,臺南市美南街****,,
275,郭信良,107年直轄市議員選舉,首次申報,1071107,個人捐贈收入,黃日新,D12*******,60000.00,0.00,,金錢,臺南市安南區****,,
276,郭信良,107年直轄市議員選舉,首次申報,1071108,個人捐贈收入,金清源,D10*******,50000.00,0.00,,金錢,臺南市安南區****,,
277,郭信良,107年直轄市議員選舉,首次申報,1071109,個人捐贈收入,陳福利,,1000.00,0.00,,金錢,臺南市七股區****,,
278,郭信良,107年直轄市議員選舉,首次申報,1071109,個人捐贈收入,陳進利,,10000.00,0.00,,金錢,臺南市安南區****,,
279,郭信良,107年直轄市議員選舉,首次申報,1071109,營利事業捐贈收入,台力龍企業股份有限公司,84613138,100000.00,0.00,,金錢,臺南市安平區****,,
280,郭信良,107年直轄市議員選舉,首次申報,1071109,個人捐贈收入,陳澤彥,A12*******,100000.00,0.00,,金錢,臺北市大同區****,,
281,郭信良,107年直轄市議員選舉,首次申報,1071109,個人捐贈收入,鄭倉欣,D12*******,50000.00,0.00,,金錢,臺南市安南區****,,
282,郭信良,107年直轄市議員選舉,首次申報,1071109,個人捐贈收入,翁秀鈴,P22*******,50000.00,0.00,,金錢,臺南市安南區****,,
283,郭信良,107年直轄市議員選舉,首次申報,1071109,個人捐贈收入,郭俊男,S12*******,50000.00,0.00,,金錢,臺南市南區新****,,
284,郭信良,107年直轄市議員選舉,首次申報,1071110,個人捐贈收入,劉秝朋,,3600.00,0.00,,金錢,臺南市安南區****,,
285,郭信良,107年直轄市議員選舉,首次申報,1071110,個人捐贈收入,蔡明福,,5000.00,0.00,,金錢,臺南市安南區****,,
286,郭信良,107年直轄市議員選舉,首次申報,1071110,個人捐贈收入,郭清江,,5000.00,0.00,,金錢,臺南市安南區****,,
287,郭信良,107年直轄市議員選舉,首次申報,1071110,營利事業捐贈收入,成興鑄造股份有限公司,69315552,100000.00,0.00,,金錢,臺南市安南區****,,
288,郭信良,107年直轄市議員選舉,首次申報,1071110,營利事業捐贈收入,國辰科技有限公司,80013007,20000.00,0.00,,金錢,臺南市安南區****,,
289,郭信良,107年直轄市議員選舉,首次申報,1071110,個人捐贈收入,鄭國賓,D12*******,50000.00,0.00,,金錢,臺南市安南區****,,
290,郭信良,107年直轄市議員選舉,首次申報,1071111,個人捐贈收入,黃良洲,,2000.00,0.00,,金錢,高雄市左營區****,,
291,郭信良,107年直轄市議員選舉,首次申報,1071111,個人捐贈收入,黃燈烈,,5000.00,0.00,,金錢,臺南市安南區****,,
292,郭信良,107年直轄市議員選舉,首次申報,1071111,個人捐贈收入,楊松榕,,20000.00,0.00,,金錢,臺南市東區裕****,,
293,郭信良,107年直轄市議員選舉,首次申報,1071112,個人捐贈收入,曾東榮,,5000.00,0.00,,金錢,臺南市安南區****,,
294,郭信良,107年直轄市議員選舉,首次申報,1071112,個人捐贈收入,郭玉女,,6000.00,0.00,,金錢,臺南市安南區****,,
295,郭信良,107年直轄市議員選舉,首次申報,1071112,個人捐贈收入,王明湖,,10000.00,0.00,,金錢,臺南市安南區****,,
296,郭信良,107年直轄市議員選舉,首次申報,1071112,個人捐贈收入,施秀枝,,16000.00,0.00,,金錢,臺南市安南區****,,
297,郭信良,107年直轄市議員選舉,首次申報,1071112,個人捐贈收入,施聖彰,,8000.00,0.00,,金錢,臺南市安南區****,,
298,郭信良,107年直轄市議員選舉,首次申報,1071112,營利事業捐贈收入,柏岩建設有限公司,64306246,16000.00,0.00,,金錢,臺南市安南區****,,
299,郭信良,107年直轄市議員選舉,首次申報,1071112,個人捐贈收入,賴秀勤,Q22*******,30000.00,0.00,,金錢,臺南市安南區****,,
300,郭信良,107年直轄市議員選舉,首次申報,1071112,個人捐贈收入,楊勝文,R12*******,60000.00,0.00,,金錢,臺南市大內區****,,
301,郭信良,107年直轄市議員選舉,首次申報,1071113,個人捐贈收入,黃宗凱,,2000.00,0.00,,金錢,臺南市安南區****,,
302,郭信良,107年直轄市議員選舉,首次申報,1071113,營利事業捐贈收入,建輝玻璃股份有限公司,86626329,10000.00,0.00,,金錢,,,
303,郭信良,107年直轄市議員選舉,首次申報,1071113,個人捐贈收入,張福雄,D12*******,50000.00,0.00,,金錢,臺南市安南區****,,
304,郭信良,107年直轄市議員選舉,首次申報,1071113,個人捐贈收入,蔡平郎,R12*******,100000.00,0.00,,金錢,臺南市安南區****,,
305,郭信良,107年直轄市議員選舉,首次申報,1071113,個人捐贈收入,梁春榮,S10*******,50000.00,0.00,,金錢,臺南市安定區****,,
306,郭信良,107年直轄市議員選舉,首次申報,1071114,個人捐贈收入,郭總智,,10000.00,0.00,,金錢,臺南市安南區****,,
307,郭信良,107年直轄市議員選舉,首次申報,1071114,個人捐贈收入,唐順得,,3600.00,0.00,,金錢,臺南市安南區****,,
308,郭信良,107年直轄市議員選舉,首次申報,1071114,個人捐贈收入,呂宗澤,,2000.00,0.00,,金錢,臺南市安南區****,,
309,郭信良,107年直轄市議員選舉,首次申報,1071114,營利事業捐贈收入,理想冷飲店,37600646,10000.00,0.00,,金錢,臺南市安南區****,,
310,郭信良,107年直轄市議員選舉,首次申報,1071114,營利事業捐贈收入,久盛防設備工程所,40724749,10000.00,0.00,,金錢,臺南市安南區****,,
311,郭信良,107年直轄市議員選舉,首次申報,1071114,營利事業捐贈收入,亞展水電工程行,68323935,100000.00,0.00,,金錢,臺南市東區富****,,
312,郭信良,107年直轄市議員選舉,首次申報,1071114,營利事業捐贈收入,萬佳峰企業有限公司,70679735,10000.00,0.00,,金錢,臺南市安南區****,,
313,郭信良,107年直轄市議員選舉,首次申報,1071114,個人捐贈收入,王新雄,R12*******,50000.00,0.00,,金錢,臺南市安定區****,,
314,郭信良,107年直轄市議員選舉,首次申報,1071115,個人捐贈收入,蘇進輝,,10000.00,0.00,,金錢,臺南市安南區****,,
315,郭信良,107年直轄市議員選舉,首次申報,1071115,個人捐贈收入,沈驛豪,,10000.00,0.00,,金錢,臺南市歸仁區****,,
316,郭信良,107年直轄市議員選舉,首次申報,1071116,個人捐贈收入,張憲明,,5000.00,0.00,,金錢,臺南市安南區****,,
317,郭信良,107年直轄市議員選舉,首次申報,1071116,個人捐贈收入,方天文,,10000.00,0.00,,金錢,臺南市安南區****,,
318,郭信良,107年直轄市議員選舉,首次申報,1071116,個人捐贈收入,鄭祐嘉,,3000.00,0.00,,金錢,臺南市安南區****,,
319,郭信良,107年直轄市議員選舉,首次申報,1071116,個人捐贈收入,林清年,,2000.00,0.00,,金錢,臺南市安南區****,,
320,郭信良,107年直轄市議員選舉,首次申報,1071116,個人捐贈收入,林泰清,,15000.00,0.00,,金錢,臺南市安南區****,,
321,郭信良,107年直轄市議員選舉,首次申報,1071116,個人捐贈收入,莊黃湖月,,3000.00,0.00,,金錢,臺南市安南區****,,
322,郭信良,107年直轄市議員選舉,首次申報,1071116,個人捐贈收入,鄭榮圖,,15000.00,0.00,,金錢,臺南市安南區****,,
323,郭信良,107年直轄市議員選舉,首次申報,1071116,營利事業捐贈收入,成興光學鍍膜廠,17984715,10000.00,0.00,,金錢,臺南市安南區****,,
324,郭信良,107年直轄市議員選舉,首次申報,1071116,營利事業捐贈收入,威福興興業有限公司,89883862,20000.00,0.00,,金錢,臺南市安南區****,,
325,郭信良,107年直轄市議員選舉,首次申報,1071116,個人捐贈收入,歐陽櫻櫻,D22*******,10000.00,0.00,,金錢,,,
326,郭信良,107年直轄市議員選舉,首次申報,1071116,個人捐贈收入,蔡明宜,P12*******,20000.00,0.00,,金錢,臺南市安南區****,,
327,郭信良,107年直轄市議員選舉,首次申報,1071117,個人捐贈收入,張榮源,,30000.00,0.00,,金錢,高雄市新興區****,,
328,郭信良,107年直轄市議員選舉,首次申報,1071117,個人捐贈收入,謝岳松,,10000.00,0.00,,金錢,臺南市安南區****,,
329,郭信良,107年直轄市議員選舉,首次申報,1071118,個人捐贈收入,陳振茂,,20000.00,0.00,,金錢,臺南市安南區****,,
330,郭信良,107年直轄市議員選舉,首次申報,1071118,個人捐贈收入,郭鄉都,,10000.00,0.00,,金錢,臺南市安南區****,,
331,郭信良,107年直轄市議員選舉,首次申報,1071118,個人捐贈收入,郭建良,,20000.00,0.00,,金錢,臺南市安南區****,,
332,郭信良,107年直轄市議員選舉,首次申報,1071119,個人捐贈收入,徐明賢,,30000.00,0.00,,金錢,臺南市安南區****,,
333,郭信良,107年直轄市議員選舉,首次申報,1071119,個人捐贈收入,鄭振賢,,2000.00,0.00,,金錢,臺南市安南區****,,
334,郭信良,107年直轄市議員選舉,首次申報,1071119,個人捐贈收入,劉坤福,,20000.00,0.00,,金錢,高雄市新興區****,,
335,郭信良,107年直轄市議員選舉,首次申報,1071119,個人捐贈收入,黃瑞慶,,10000.00,0.00,,金錢,高雄市三民區****,,
336,郭信良,107年直轄市議員選舉,首次申報,1071119,個人捐贈收入,江福田,D10*******,10000.00,0.00,,金錢,臺南市安南區****,,
337,郭信良,107年直轄市議員選舉,首次申報,1071119,個人捐贈收入,陳怡平,D22*******,50000.00,0.00,,金錢,臺南市安南區****,,
338,郭信良,107年直轄市議員選舉,首次申報,1071120,個人捐贈收入,王天祥,,5000.00,0.00,,金錢,臺南市安南區****,,
339,郭信良,107年直轄市議員選舉,首次申報,1071120,個人捐贈收入,王瑞璋,,3000.00,0.00,,金錢,臺南市安南區****,,
340,郭信良,107年直轄市議員選舉,首次申報,1071120,個人捐贈收入,黃福進,,2000.00,0.00,,金錢,安中路四段巷****,,
341,郭信良,107年直轄市議員選舉,首次申報,1071121,個人捐贈收入,黃丁有,,5000.00,0.00,,金錢,臺南市安南區****,,
342,郭信良,107年直轄市議員選舉,首次申報,1071121,個人捐贈收入,謝明志,,20000.00,0.00,,金錢,臺南市安南區****,,
343,郭信良,107年直轄市議員選舉,首次申報,1071121,營利事業捐贈收入,泳昌企業有限公司,16374258,20000.00,0.00,,金錢,臺南市安南區****,,
344,郭信良,107年直轄市議員選舉,首次申報,1071121,營利事業捐贈收入,瓏豐庭園式景觀餐廳,40888799,30000.00,0.00,,金錢,大眾路號****,,
345,郭信良,107年直轄市議員選舉,首次申報,1071122,個人捐贈收入,蔡女玉,,10000.00,0.00,,金錢,臺南市安南區****,,
346,郭信良,107年直轄市議員選舉,首次申報,1071122,個人捐贈收入,林耀陞,,5000.00,0.00,,金錢,臺南市安南區****,,
347,郭信良,107年直轄市議員選舉,首次申報,1071122,個人捐贈收入,杜國勝,D12*******,5000.00,0.00,,金錢,臺南市安南區****,,
348,郭信良,107年直轄市議員選舉,首次申報,1071122,個人捐贈收入,陳錫全,D12*******,10000.00,0.00,,金錢,臺南市安南區****,,
349,郭信良,107年直轄市議員選舉,首次申報,1071123,個人捐贈收入,李瑞祺,D10*******,50000.00,0.00,,金錢,臺南市安和路****,,
350,郭信良,107年直轄市議員選舉,首次申報,1071221,其他收入,利息收入,,47.00,0.00,,金錢,,,
