﻿序號,擬參選人／政黨,選舉名稱,申報序號／年度,交易日期,收支科目,捐贈者／支出對象,身分證／統一編號,收入金額,支出金額,支出用途,金錢類,地址,聯絡電話,資料更正日期
1,何建樺,107年縣(市)議員選舉,首次申報,1070816,宣傳支出,范振壽,,0.00,10000.00,租用廣告看板或車體廣告支出,金錢,新竹縣湖口鄉****,,
2,何建樺,107年縣(市)議員選舉,首次申報,1070816,宣傳支出,彭玉圓,,0.00,15000.00,租用廣告看板或車體廣告支出,金錢,新竹縣湖口鄉****,,
3,何建樺,107年縣(市)議員選舉,首次申報,1070816,宣傳支出,陳能森,,0.00,25000.00,租用廣告看板或車體廣告支出,金錢,新竹縣湖口鄉****,,
4,何建樺,107年縣(市)議員選舉,首次申報,1070816,宣傳支出,信霖廣告企業有限公司,28567977,0.00,105000.00,租用廣告看板或車體廣告支出,金錢,桃園市桃園區****,,
5,何建樺,107年縣(市)議員選舉,首次申報,1070816,宣傳支出,鍾國華,J12*******,0.00,10000.00,租用廣告看板或車體廣告支出,金錢,新竹縣湖口鄉****,,
6,何建樺,107年縣(市)議員選舉,首次申報,1070818,宣傳支出,黃興旺,,0.00,10000.00,租用廣告看板或車體廣告支出,金錢,新竹縣湖口鄉****,,
7,何建樺,107年縣(市)議員選舉,首次申報,1070820,宣傳支出,彭春梅,,0.00,12000.00,租用廣告看板或車體廣告支出,金錢,新竹縣湖口鄉****,,
8,何建樺,107年縣(市)議員選舉,首次申報,1070913,雜支支出,湖口歲月,10080278,0.00,1600.00,餐飲費用,金錢,新竹縣湖口鄉****,,
9,何建樺,107年縣(市)議員選舉,首次申報,1070917,交通旅運支出,新竹縣公有收費停車場,,0.00,80.00,停車費,金錢,新竹縣竹北市****,03-5*****,
10,何建樺,107年縣(市)議員選舉,首次申報,1070926,交通旅運支出,桃園市路邊收費停車場,,0.00,30.00,停車費,金錢,桃園市桃園區****,03-2*****,
11,何建樺,107年縣(市)議員選舉,首次申報,1070926,宣傳支出,張素梅,J20*******,0.00,10000.00,租用廣告看板或車體廣告支出,金錢,新竹縣湖口鄉****,,
12,何建樺,107年縣(市)議員選舉,首次申報,1070930,人事費用支出,徐慧君,H22*******,0.00,30000.00,其他因工作酬勞之給付,金錢,新竹縣竹北市****,,
13,何建樺,107年縣(市)議員選舉,首次申報,1071006,雜支支出,金正好吃麵線商店,10547275,0.00,480.00,餐飲費用,金錢,新竹縣湖口鄉****,,
14,何建樺,107年縣(市)議員選舉,首次申報,1071008,宣傳支出,中華郵政湖口郵局,,0.00,1396.00,郵寄競選物品或宣傳廣告支出,金錢,新竹縣湖口鄉****,0359*****,
15,何建樺,107年縣(市)議員選舉,首次申報,1071012,宣傳支出,中華郵政湖口郵局,,0.00,1436.00,郵寄競選物品或宣傳廣告支出,金錢,新竹縣湖口鄉****,0359*****,
16,何建樺,107年縣(市)議員選舉,首次申報,1071015,宣傳支出,范振壽,,0.00,7500.00,租用廣告看板或車體廣告支出,金錢,新竹縣湖口鄉****,,
17,何建樺,107年縣(市)議員選舉,首次申報,1071015,宣傳支出,鍾國華,J12*******,0.00,10000.00,租用廣告看板或車體廣告支出,金錢,新竹縣湖口鄉****,,
18,何建樺,107年縣(市)議員選舉,首次申報,1071016,宣傳支出,中華郵政湖口郵局,,0.00,320.00,郵寄競選物品或宣傳廣告支出,金錢,新竹縣湖口鄉****,0359*****,
19,何建樺,107年縣(市)議員選舉,首次申報,1071019,雜支支出,榮億製印社,77983943,0.00,100.00,雜項購置或修繕費用,金錢,新竹縣湖口鄉****,0359*****,
20,何建樺,107年縣(市)議員選舉,首次申報,1071021,宣傳支出,黃章宏,,0.00,3600.00,演講或表演支出,金錢,新竹縣湖口鄉****,0960*****,
21,何建樺,107年縣(市)議員選舉,首次申報,1071021,集會支出,黃建智,,0.00,4000.00,餐飲支出,金錢,新竹縣湖口鄉****,0952*****,
22,何建樺,107年縣(市)議員選舉,首次申報,1071021,宣傳支出,羅琬瑩,,0.00,6000.00,演講或表演支出,金錢,新竹縣湖口鄉****,0952*****,
23,何建樺,107年縣(市)議員選舉,首次申報,1071021,宣傳支出,龍隊/呂理生,,0.00,6600.00,演講或表演支出,金錢,新竹縣湖口鄉****,蘇榮升0*****,
24,何建樺,107年縣(市)議員選舉,首次申報,1071021,集會支出,台星企業社,,0.00,20000.00,租用設備支出,金錢,新竹縣湖口鄉****,,
25,何建樺,107年縣(市)議員選舉,首次申報,1071021,宣傳支出,鍾武,,0.00,2000.00,演講或表演支出,金錢,新竹縣湖口鄉****,,
26,何建樺,107年縣(市)議員選舉,首次申報,1071021,宣傳支出,信勢土風舞班/劉秀羚,,0.00,2000.00,演講或表演支出,金錢,新竹縣湖口鄉****,連絡人曾*****,
27,何建樺,107年縣(市)議員選舉,首次申報,1071021,宣傳支出,東興舞蹈班/翁素春,,0.00,2000.00,演講或表演支出,金錢,新竹縣湖口鄉****,0919*****,
28,何建樺,107年縣(市)議員選舉,首次申報,1071021,宣傳支出,波羅西環保志工協會/邱麗娟,,0.00,2000.00,演講或表演支出,金錢,新竹縣湖口鄉****,0972*****,
29,何建樺,107年縣(市)議員選舉,首次申報,1071021,宣傳支出,家美舞蹈班/曾嫦娥,,0.00,2000.00,演講或表演支出,金錢,新竹縣湖口鄉****,0933*****,
30,何建樺,107年縣(市)議員選舉,首次申報,1071021,宣傳支出,湖鏡社區土風舞蹈班/張月梅,,0.00,2000.00,演講或表演支出,金錢,新竹縣湖口鄉****,,
31,何建樺,107年縣(市)議員選舉,首次申報,1071021,宣傳支出,太鼓-愛樂/甘瑞圓,,0.00,2000.00,演講或表演支出,金錢,新竹縣湖口鄉****,連絡人吳*****,
32,何建樺,107年縣(市)議員選舉,首次申報,1071021,宣傳支出,波羅社區發展協會,,0.00,2000.00,演講或表演支出,金錢,新竹縣湖口鄉****,邱小姐0*****,
33,何建樺,107年縣(市)議員選舉,首次申報,1071021,宣傳支出,三元文化促進協會/張玉惠,,0.00,2000.00,演講或表演支出,金錢,新竹縣湖口鄉****,,
34,何建樺,107年縣(市)議員選舉,首次申報,1071021,宣傳支出,長嶺土風舞蹈班/楊美惠,,0.00,2000.00,演講或表演支出,金錢,新竹縣湖口鄉****,0966*****,
35,何建樺,107年縣(市)議員選舉,首次申報,1071021,宣傳支出,欣華舞蹈班/劉季珠,,0.00,2000.00,演講或表演支出,金錢,新竹縣湖口鄉****,,
36,何建樺,107年縣(市)議員選舉,首次申報,1071021,雜支支出,嘉義火雞肉飯,14813400,0.00,1760.00,餐飲費用,金錢,新竹縣湖口鄉****,03-5*****,
37,何建樺,107年縣(市)議員選舉,首次申報,1071021,宣傳支出,橙影鹿影像工作室,47601378,0.00,65000.00,播送、傳送或刊登宣傳廣告支出,金錢,苗栗縣竹南鎮****,,
38,何建樺,107年縣(市)議員選舉,首次申報,1071021,宣傳支出,橙影鹿影像工作室,47601378,0.00,35000.00,製作宣傳廣告支出,金錢,苗栗縣竹南鎮****,,
39,何建樺,107年縣(市)議員選舉,首次申報,1071022,雜支支出,幸湖飲食店,82009090,0.00,550.00,餐飲費用,金錢,新竹縣湖口鄉****,,
40,何建樺,107年縣(市)議員選舉,首次申報,1071023,雜支支出,佳家自助餐,72791642,0.00,800.00,餐飲費用,金錢,新竹縣湖口鄉****,,
41,何建樺,107年縣(市)議員選舉,首次申報,1071024,雜支支出,尚益飲食店,99012008,0.00,490.00,餐飲費用,金錢,新竹縣湖口鄉****,,
42,何建樺,107年縣(市)議員選舉,首次申報,1071025,雜支支出,美美娜飲食店,46269893,0.00,480.00,餐飲費用,金錢,新竹縣湖口鄉****,,
43,何建樺,107年縣(市)議員選舉,首次申報,1071026,租用競選辦事處支出,原價屋電腦有限公司,37990102,0.00,46970.00,租買辦公設備支出,金錢,新竹市光復路****,,
44,何建樺,107年縣(市)議員選舉,首次申報,1071026,雜支支出,尚益飲食店,99012008,0.00,540.00,餐飲費用,金錢,新竹縣湖口鄉****,,
45,何建樺,107年縣(市)議員選舉,首次申報,1071028,宣傳支出,富光打字行,26667676,0.00,7000.00,製作競選物品支出（DM文宣張）,金錢,新竹縣湖口鄉****,,
46,何建樺,107年縣(市)議員選舉,首次申報,1071028,雜支支出,文饌池上飯包,31593154,0.00,840.00,選舉保證金費（未退回保證金者得以報支）,金錢,新竹縣湖口鄉****,,
47,何建樺,107年縣(市)議員選舉,首次申報,1071028,人事費用支出,范雯雯,J22*******,0.00,1500.00,其他因工作酬勞之給付,金錢,新竹縣湖口鄉****,,
48,何建樺,107年縣(市)議員選舉,首次申報,1071028,人事費用支出,蔡鳳庚,P22*******,0.00,1500.00,其他因工作酬勞之給付,金錢,新北市三重區****,,
49,何建樺,107年縣(市)議員選舉,首次申報,1071029,雜支支出,尚益飲食店,99012008,0.00,560.00,餐飲費用,金錢,新竹縣湖口鄉****,,
50,何建樺,107年縣(市)議員選舉,首次申報,1071030,雜支支出,佳家自助餐,72791642,0.00,880.00,餐飲費用,金錢,新竹縣湖口鄉****,,
51,何建樺,107年縣(市)議員選舉,首次申報,1071030,人事費用支出,徐慧君,H22*******,0.00,30000.00,工資或薪津,金錢,新竹縣竹北市****,,
52,何建樺,107年縣(市)議員選舉,首次申報,1071101,雜支支出,穎川小吃店,14817855,0.00,1350.00,餐飲費用,金錢,新竹縣湖口鄉****,,
53,何建樺,107年縣(市)議員選舉,首次申報,1071102,雜支支出,明家小吃店,13498586,0.00,630.00,餐飲費用,金錢,新竹縣湖口鄉****,,
54,何建樺,107年縣(市)議員選舉,首次申報,1071103,雜支支出,佳家自助餐,72791642,0.00,780.00,餐飲費用,金錢,新竹縣湖口鄉****,,
55,何建樺,107年縣(市)議員選舉,首次申報,1071104,雜支支出,明家小吃店,13498586,0.00,880.00,餐飲費用,金錢,新竹縣湖口鄉****,,
56,何建樺,107年縣(市)議員選舉,首次申報,1071105,雜支支出,尚益飲食店,99012008,0.00,630.00,餐飲費用,金錢,新竹縣湖口鄉****,,
57,何建樺,107年縣(市)議員選舉,首次申報,1071106,雜支支出,粗茶淡飯麵食館,10523344,0.00,560.00,餐飲費用,金錢,新竹縣湖口鄉****,,
58,何建樺,107年縣(市)議員選舉,首次申報,1071106,雜支支出,尚益飲食店,99012008,0.00,170.00,餐飲費用,金錢,新竹縣湖口鄉****,,
59,何建樺,107年縣(市)議員選舉,首次申報,1071107,雜支支出,幸湖飲食店,82009090,0.00,910.00,餐飲費用,金錢,新竹縣湖口鄉****,,
60,何建樺,107年縣(市)議員選舉,首次申報,1071108,雜支支出,豆府花房,41483677,0.00,280.00,餐飲費用,金錢,新竹縣湖口鄉****,,
61,何建樺,107年縣(市)議員選舉,首次申報,1071108,雜支支出,尚益飲食店,99012008,0.00,765.00,餐飲費用,金錢,新竹縣湖口鄉****,,
62,何建樺,107年縣(市)議員選舉,首次申報,1071109,雜支支出,美美娜飲食店,46269893,0.00,980.00,餐飲費用,金錢,新竹縣湖口鄉****,,
63,何建樺,107年縣(市)議員選舉,首次申報,1071110,交通旅運支出,台灣中油新湖口站,47206138,0.00,200.00,油資,金錢,新竹縣湖口鄉****,,
64,何建樺,107年縣(市)議員選舉,首次申報,1071110,雜支支出,福廣飲食店,92940521,0.00,1440.00,餐飲費用,金錢,新竹縣湖口鄉****,,
65,何建樺,107年縣(市)議員選舉,首次申報,1071110,人事費用支出,鄧梅香,H20*******,0.00,1800.00,其他因工作酬勞之給付,金錢,新竹縣湖口鄉****,,
66,何建樺,107年縣(市)議員選舉,首次申報,1071110,人事費用支出,許書維,J12*******,0.00,2200.00,其他因工作酬勞之給付,金錢,新竹縣新豐鄉****,,
67,何建樺,107年縣(市)議員選舉,首次申報,1071110,人事費用支出,王徵,J12*******,0.00,600.00,其他因工作酬勞之給付,金錢,新竹縣湖口鄉****,,
68,何建樺,107年縣(市)議員選舉,首次申報,1071110,人事費用支出,鄒梅英,J20*******,0.00,1800.00,其他因工作酬勞之給付,金錢,新竹縣湖口鄉****,,
69,何建樺,107年縣(市)議員選舉,首次申報,1071110,人事費用支出,詹玉英,J20*******,0.00,1800.00,其他因工作酬勞之給付,金錢,新竹縣湖口鄉****,,
70,何建樺,107年縣(市)議員選舉,首次申報,1071110,人事費用支出,邱秀梅,J20*******,0.00,1800.00,其他因工作酬勞之給付,金錢,新竹縣湖口鄉****,,
71,何建樺,107年縣(市)議員選舉,首次申報,1071110,人事費用支出,范雯雯,J22*******,0.00,1500.00,其他因工作酬勞之給付,金錢,新竹縣湖口鄉****,,
72,何建樺,107年縣(市)議員選舉,首次申報,1071110,人事費用支出,陳思妤,J22*******,0.00,2200.00,其他因工作酬勞之給付,金錢,新竹縣湖口鄉****,,
73,何建樺,107年縣(市)議員選舉,首次申報,1071110,人事費用支出,馮詩涵,J22*******,0.00,2200.00,其他因工作酬勞之給付,金錢,新竹縣新豐鄉****,,
74,何建樺,107年縣(市)議員選舉,首次申報,1071110,人事費用支出,王玫心,J22*******,0.00,1800.00,其他因工作酬勞之給付,金錢,新竹縣湖口鄉****,,
75,何建樺,107年縣(市)議員選舉,首次申報,1071110,人事費用支出,戴秀蓮,J22*******,0.00,1800.00,其他因工作酬勞之給付,金錢,新竹縣湖口鄉****,,
76,何建樺,107年縣(市)議員選舉,首次申報,1071110,人事費用支出,何惠瑀,J22*******,0.00,600.00,其他因工作酬勞之給付,金錢,新竹縣湖口鄉****,,
77,何建樺,107年縣(市)議員選舉,首次申報,1071110,人事費用支出,陳慶瑞,N12*******,0.00,600.00,其他因工作酬勞之給付,金錢,桃園市楊梅區****,,
78,何建樺,107年縣(市)議員選舉,首次申報,1071110,人事費用支出,王家盈,O20*******,0.00,1600.00,其他因工作酬勞之給付,金錢,新竹市明湖路****,,
79,何建樺,107年縣(市)議員選舉,首次申報,1071110,人事費用支出,羅芸庭,O20*******,0.00,1600.00,其他因工作酬勞之給付,金錢,新竹市明湖路****,,
80,何建樺,107年縣(市)議員選舉,首次申報,1071110,人事費用支出,蔡鳳庚,P22*******,0.00,1500.00,其他因工作酬勞之給付,金錢,新北市三重區****,,
81,何建樺,107年縣(市)議員選舉,首次申報,1071111,雜支支出,穎川小吃店,14817855,0.00,1040.00,餐飲費用,金錢,新竹縣湖口鄉****,,
82,何建樺,107年縣(市)議員選舉,首次申報,1071112,雜支支出,穎川小吃店,14817855,0.00,160.00,餐飲費用,金錢,新竹縣湖口鄉****,,
83,何建樺,107年縣(市)議員選舉,首次申報,1071112,雜支支出,美美娜飲食店,46269893,0.00,960.00,餐飲費用,金錢,新竹縣湖口鄉****,,
84,何建樺,107年縣(市)議員選舉,首次申報,1071113,交通旅運支出,新慰加油站,27676688,0.00,100.00,油資,金錢,新竹縣湖口鄉****,,
85,何建樺,107年縣(市)議員選舉,首次申報,1071113,交通旅運支出,台灣中油新湖口站,47206138,0.00,100.00,油資,金錢,新竹縣湖口鄉****,,
86,何建樺,107年縣(市)議員選舉,首次申報,1071113,雜支支出,佳家自助餐,72791642,0.00,800.00,餐飲費用,金錢,新竹縣湖口鄉****,,
87,何建樺,107年縣(市)議員選舉,首次申報,1071114,雜支支出,禾田食坊,31787454,0.00,1040.00,餐飲費用,金錢,新竹縣湖口鄉****,,
88,何建樺,107年縣(市)議員選舉,首次申報,1071115,宣傳支出,得新國際企業有限公司,27656509,0.00,75150.00,製作競選物品支出（味丹享味食光雞汁麵）,金錢,桃園市八德區****,,
89,何建樺,107年縣(市)議員選舉,首次申報,1071115,雜支支出,禾田食坊,31787454,0.00,700.00,餐飲費用,金錢,新竹縣湖口鄉****,,
90,何建樺,107年縣(市)議員選舉,首次申報,1071116,雜支支出,粗茶淡飯麵食館,10523344,0.00,510.00,餐飲費用,金錢,新竹縣湖口鄉****,,
91,何建樺,107年縣(市)議員選舉,首次申報,1071116,雜支支出,石妹風味屋,14813400,0.00,110.00,餐飲費用,金錢,新竹縣湖口鄉****,,
92,何建樺,107年縣(市)議員選舉,首次申報,1071116,宣傳支出,富光打字行,26667676,0.00,17000.00,製作競選物品支出（A文宣包摺張）,金錢,新竹縣湖口鄉****,,
93,何建樺,107年縣(市)議員選舉,首次申報,1071116,交通旅運支出,鴻德(順興)加油站,54121635,0.00,500.00,油資,金錢,新竹縣湖口鄉****,,
94,何建樺,107年縣(市)議員選舉,首次申報,1071116,雜支支出,糖果店,67987998,0.00,125.00,餐飲費用(糖菓),金錢,新竹縣湖口鄉****,,
95,何建樺,107年縣(市)議員選舉,首次申報,1071116,雜支支出,佳家自助餐,72791642,0.00,170.00,餐飲費用,金錢,新竹縣湖口鄉****,,
96,何建樺,107年縣(市)議員選舉,首次申報,1071116,交通旅運支出,台灣中油湖口加油站,82156254,0.00,125.00,油資,金錢,新竹縣湖口鄉****,,
97,何建樺,107年縣(市)議員選舉,首次申報,1071117,雜支支出,嘉義火雞肉飯,14813400,0.00,1800.00,餐飲費用,金錢,新竹縣湖口鄉****,,
98,何建樺,107年縣(市)議員選舉,首次申報,1071118,雜支支出,食奉飲食店,98998669,0.00,975.00,餐飲費用,金錢,新竹縣湖口鄉****,,
99,何建樺,107年縣(市)議員選舉,首次申報,1071119,雜支支出,文饌池上飯包,31593154,0.00,490.00,餐飲費用,金錢,新竹縣湖口鄉****,,
100,何建樺,107年縣(市)議員選舉,首次申報,1071120,雜支支出,粗茶淡飯麵食館,10523344,0.00,1025.00,餐飲費用,金錢,新竹縣湖口鄉****,,
101,何建樺,107年縣(市)議員選舉,首次申報,1071120,交通旅運支出,台灣中油湖口站,46038269,0.00,1200.00,油資,金錢,新竹縣****,,
102,何建樺,107年縣(市)議員選舉,首次申報,1071121,雜支支出,高平屋牛排館,13483704,0.00,1190.00,餐飲費用,金錢,新竹縣湖口鄉****,,
103,何建樺,107年縣(市)議員選舉,首次申報,1071122,租用宣傳車輛支出,翁興原,,0.00,8000.00,租用宣傳車輛支出,金錢,新竹縣湖口鄉****,0938*****,
104,何建樺,107年縣(市)議員選舉,首次申報,1071122,雜支支出,明家小吃店,13498586,0.00,840.00,餐飲費用,金錢,新竹縣湖口鄉****,,
105,何建樺,107年縣(市)議員選舉,首次申報,1071123,集會支出,黃建智,,0.00,8000.00,餐飲支出,金錢,新竹縣湖口鄉****,0952*****,
106,何建樺,107年縣(市)議員選舉,首次申報,1071123,宣傳支出,林右婷,,0.00,24000.00,演講或表演支出,金錢,新竹縣竹東鎮****,0913*****,
107,何建樺,107年縣(市)議員選舉,首次申報,1071123,宣傳支出,建功廣告設計行,02683206,0.00,300.00,製作競選物品支出（銘謝賜票）,金錢,新竹縣湖口鄉****,,
108,何建樺,107年縣(市)議員選舉,首次申報,1071123,雜支支出,明家小吃店,13498586,0.00,980.00,餐飲費用,金錢,新竹縣湖口鄉****,,
109,何建樺,107年縣(市)議員選舉,首次申報,1071123,雜支支出,啟發食品行,67790165,0.00,220.00,餐飲費用(糖菓),金錢,新北市中和區****,,
110,何建樺,107年縣(市)議員選舉,首次申報,1071124,雜支支出,明家小吃店,13498586,0.00,840.00,餐飲費用,金錢,新竹縣湖口鄉****,,
111,何建樺,107年縣(市)議員選舉,首次申報,1071125,人事費用支出,黃俐萍,J22*******,0.00,27900.00,工資或薪津,金錢,新竹縣湖口鄉****,,
112,何建樺,107年縣(市)議員選舉,首次申報,1071125,人事費用支出,曹騰譽,V12*******,0.00,18600.00,工資或薪津,金錢,新竹縣湖口鄉****,,
113,何建樺,107年縣(市)議員選舉,首次申報,1071130,宣傳支出,全利企業社,13495912,0.00,298540.00,租用廣告看板或車體廣告支出,金錢,新竹縣新豐鄉****,,
114,何建樺,107年縣(市)議員選舉,首次申報,1071130,人事費用支出,徐慧君,H22*******,0.00,30000.00,工資或薪津,金錢,新竹縣湖口鄉****,,
115,何建樺,107年縣(市)議員選舉,首次申報,1071207,宣傳支出,誠心企業商行,40982160,0.00,97550.00,製作競選物品支出（背心.POLO衫...如附件）,金錢,新竹縣湖口鄉****,,
116,何建樺,107年縣(市)議員選舉,首次申報,1071224,人事費用支出,徐慧君,H22*******,0.00,30000.00,工資或薪津,金錢,新竹縣湖口鄉****,,
