﻿序號,擬參選人／政黨,選舉名稱,申報序號／年度,交易日期,收支科目,捐贈者／支出對象,身分證／統一編號,收入金額,支出金額,支出用途,金錢類,地址,聯絡電話,資料更正日期
1,何建樺,107年縣(市)議員選舉,首次申報,1070905,匿名捐贈,匿名,,147.00,0.00,,金錢,,,
2,何建樺,107年縣(市)議員選舉,首次申報,1071021,匿名捐贈,葉淑翠,,2000.00,0.00,,金錢,,,
3,何建樺,107年縣(市)議員選舉,首次申報,1071021,匿名捐贈,黃玉丹,,1000.00,0.00,,金錢,,,
4,何建樺,107年縣(市)議員選舉,首次申報,1071021,匿名捐贈,孫珮瑄,,1000.00,0.00,,金錢,,,
5,何建樺,107年縣(市)議員選舉,首次申報,1071021,營利事業捐贈收入,新兆電業行,14823441,6000.00,0.00,,金錢,新竹縣湖口鄉****,,
6,何建樺,107年縣(市)議員選舉,首次申報,1071021,營利事業捐贈收入,祥龍興鋼鐵股份有限公司,86771955,2000.00,0.00,,金錢,新竹縣湖口鄉****,,
7,何建樺,107年縣(市)議員選舉,首次申報,1071021,個人捐贈收入,陳柏全,F12*******,1000.00,0.00,,金錢,桃園市桃園區****,,
8,何建樺,107年縣(市)議員選舉,首次申報,1071021,個人捐贈收入,劉欣宜,F22*******,1000.00,0.00,,金錢,桃園市桃園區****,,
9,何建樺,107年縣(市)議員選舉,首次申報,1071021,個人捐贈收入,黃瑜甄,F22*******,1000.00,0.00,,金錢,桃園市龜山區****,,
10,何建樺,107年縣(市)議員選舉,首次申報,1071021,個人捐贈收入,詹雅芬,H22*******,1000.00,0.00,,金錢,桃園市桃園區****,,
11,何建樺,107年縣(市)議員選舉,首次申報,1071021,個人捐贈收入,周溶權,J10*******,2000.00,0.00,,金錢,新竹縣湖口鄉****,,
12,何建樺,107年縣(市)議員選舉,首次申報,1071021,個人捐贈收入,盧廷熀,J10*******,6000.00,0.00,,金錢,新竹縣湖口鄉****,,
13,何建樺,107年縣(市)議員選舉,首次申報,1071021,個人捐贈收入,何啟杏,J10*******,3000.00,0.00,,金錢,新竹縣湖口鄉****,,
14,何建樺,107年縣(市)議員選舉,首次申報,1071021,個人捐贈收入,無名,J10*******,2000.00,0.00,,金錢,新竹縣湖口鄉****,,
15,何建樺,107年縣(市)議員選舉,首次申報,1071021,個人捐贈收入,盧東楓,J12*******,1000.00,0.00,,金錢,新竹縣湖口鄉****,,
16,何建樺,107年縣(市)議員選舉,首次申報,1071021,個人捐贈收入,余成敏,J12*******,1000.00,0.00,,金錢,新竹縣湖口鄉****,,
17,何建樺,107年縣(市)議員選舉,首次申報,1071021,個人捐贈收入,葉文圭,K12*******,1000.00,0.00,,金錢,苗栗縣公館鄉****,,
18,何建樺,107年縣(市)議員選舉,首次申報,1071021,個人捐贈收入,邱錦昌,K12*******,1000.00,0.00,,金錢,桃園市八德區****,,
19,何建樺,107年縣(市)議員選舉,首次申報,1071021,個人捐贈收入,潘善宏,K12*******,1000.00,0.00,,金錢,苗栗縣文發路****,,
20,何建樺,107年縣(市)議員選舉,首次申報,1071021,個人捐贈收入,何翰明,K12*******,1000.00,0.00,,金錢,,,
21,何建樺,107年縣(市)議員選舉,首次申報,1071021,個人捐贈收入,潘善為,K12*******,1000.00,0.00,,金錢,,,
22,何建樺,107年縣(市)議員選舉,首次申報,1071021,個人捐贈收入,戴繼業,K12*******,1000.00,0.00,,金錢,苗栗縣苗栗市****,,
23,何建樺,107年縣(市)議員選舉,首次申報,1071021,個人捐贈收入,徐巧芸,K20*******,1000.00,0.00,,金錢,新竹縣湖口鄉****,,
24,何建樺,107年縣(市)議員選舉,首次申報,1071021,個人捐贈收入,謝玉嬌,K22*******,1000.00,0.00,,金錢,桃園市楊梅區****,,
25,何建樺,107年縣(市)議員選舉,首次申報,1071107,匿名捐贈,范錦標,,3000.00,0.00,,金錢,,,
26,何建樺,107年縣(市)議員選舉,首次申報,1071107,匿名捐贈,葉富板,,500.00,0.00,,金錢,,,
27,何建樺,107年縣(市)議員選舉,首次申報,1071107,個人捐贈收入,湯國增,H12*******,5000.00,0.00,,金錢,,,
28,何建樺,107年縣(市)議員選舉,首次申報,1071115,個人捐贈收入,呂理全,H12*******,2000.00,0.00,,金錢,,,
29,何建樺,107年縣(市)議員選舉,首次申報,1071115,個人捐贈收入,黃乾銘,J12*******,2000.00,0.00,,金錢,,,
30,何建樺,107年縣(市)議員選舉,首次申報,1071116,個人捐贈收入,張鏡謙,J10*******,3000.00,0.00,,金錢,,,
31,何建樺,107年縣(市)議員選舉,首次申報,1071118,個人捐贈收入,張淵棠,J12*******,10000.00,0.00,,金錢,新竹縣新豐鄉****,,
32,何建樺,107年縣(市)議員選舉,首次申報,1071119,個人捐贈收入,吳文清,,2000.00,0.00,,金錢,,0917*****,
33,何建樺,107年縣(市)議員選舉,首次申報,1071119,個人捐贈收入,胡雲添,,3000.00,0.00,,金錢,,03-5*****,
34,何建樺,107年縣(市)議員選舉,首次申報,1071120,個人捐贈收入,劉聰志,,20000.00,0.00,,金錢,,0906*****,
