﻿序號,擬參選人／政黨,選舉名稱,申報序號／年度,交易日期,收支科目,捐贈者／支出對象,身分證／統一編號,收入金額,支出金額,支出用途,金錢類,地址,聯絡電話,資料更正日期
1,涂權吉,107年直轄市議員選舉,首次申報,1071018,個人捐贈收入,張長榮,F12*******,100000.00,0.00,,金錢,臺北市中華路****,,
2,涂權吉,107年直轄市議員選舉,首次申報,1071021,匿名捐贈,匿名,,1000.00,0.00,,金錢,,,
3,涂權吉,107年直轄市議員選舉,首次申報,1071021,個人捐贈收入,關彥淳,F22*******,100000.00,0.00,,金錢,臺北市中山北****,,
4,涂權吉,107年直轄市議員選舉,首次申報,1071021,個人捐贈收入,張文財,H12*******,10000.00,0.00,,金錢,桃園市大園區****,,
5,涂權吉,107年直轄市議員選舉,首次申報,1071021,個人捐贈收入,曾憲唐,H12*******,2888.00,0.00,,金錢,桃園市平鎮區****,,
6,涂權吉,107年直轄市議員選舉,首次申報,1071021,個人捐贈收入,涂美齡,H22*******,20000.00,0.00,,金錢,桃園市楊梅區****,,
7,涂權吉,107年直轄市議員選舉,首次申報,1071021,個人捐贈收入,廖正井,J10*******,60000.00,0.00,,金錢,臺北市大安區****,,
8,涂權吉,107年直轄市議員選舉,首次申報,1071021,個人捐贈收入,姜玉卿,J22*******,50000.00,0.00,,金錢,臺北市信義區****,,
9,涂權吉,107年直轄市議員選舉,首次申報,1071021,個人捐贈收入,鍾素娥,K22*******,100000.00,0.00,,金錢,臺北市中山北****,,
10,涂權吉,107年直轄市議員選舉,首次申報,1071031,匿名捐贈,匿名,,1000.00,0.00,,金錢,,,
11,涂權吉,107年直轄市議員選舉,首次申報,1071031,個人捐贈收入,羅明禮,K10*******,5800.00,0.00,,金錢,桃園市楊梅區****,,
12,涂權吉,107年直轄市議員選舉,首次申報,1071111,個人捐贈收入,葉雲鈞,H12*******,10000.00,0.00,,金錢,桃園市楊梅區****,,
13,涂權吉,107年直轄市議員選舉,首次申報,1071112,個人捐贈收入,鍾吉昌,H10*******,10000.00,0.00,,金錢,桃園市平鎮區****,,
14,涂權吉,107年直轄市議員選舉,首次申報,1071112,個人捐贈收入,黎為螣,H12*******,5000.00,0.00,,金錢,桃園市楊梅區****,,
15,涂權吉,107年直轄市議員選舉,首次申報,1071113,營利事業捐贈收入,和光工業股份有限公司,97347062,100000.00,0.00,,金錢,新北市瑞芳區****,,
16,涂權吉,107年直轄市議員選舉,首次申報,1071114,營利事業捐贈收入,耀立企業社,01281324,30000.00,0.00,,金錢,桃園市楊梅區****,,
17,涂權吉,107年直轄市議員選舉,首次申報,1071118,個人捐贈收入,涂美齡,H22*******,80000.00,0.00,,金錢,桃園市楊梅區****,,
18,涂權吉,107年直轄市議員選舉,首次申報,1071118,個人捐贈收入,林秋月,H22*******,35000.00,0.00,,金錢,桃園市楊梅區****,,
19,涂權吉,107年直轄市議員選舉,首次申報,1071118,個人捐贈收入,劉延輝,K12*******,100000.00,0.00,,金錢,桃園市楊梅區****,,
