﻿序號,擬參選人／政黨,選舉名稱,申報序號／年度,交易日期,收支科目,捐贈者／支出對象,身分證／統一編號,收入金額,支出金額,捐贈方式,存入專戶日期,返還/繳庫,支出用途,金錢類,地址,聯絡電話,應揭露之支出對象,支出對象之內部人員姓名,支出對象之內部人員職稱,政黨之內部人員姓名,政黨之內部人員職稱,關係,更正註記,資料更正日期
1,邱文威,111年桃園市議員選舉,首次申報,1111020,營利事業捐贈收入,時碩工業股份有限公司,24262159,30000.00,0.00,現金,1111024,,,金錢,新北市汐止區****,0226*****,,,,,,,,
2,邱文威,111年桃園市議員選舉,首次申報,1111020,個人捐贈收入,呂瑞祥,H10*******,10000.00,0.00,現金,1111024,,,金錢,桃園市新屋區****,,,,,,,,,
3,邱文威,111年桃園市議員選舉,首次申報,1111020,個人捐贈收入,田仁聖,H12*******,50000.00,0.00,現金,1111024,,,金錢,桃園市觀音區****,,,,,,,,,
4,邱文威,111年桃園市議員選舉,首次申報,1111020,個人捐贈收入,田逢章,H12*******,20000.00,0.00,現金,1111024,,,金錢,桃園市中壢區****,,,,,,,,,
5,邱文威,111年桃園市議員選舉,首次申報,1111025,營利事業捐贈收入,輔琳生化科技有限公司,84268570,16000.00,0.00,現金,1111027,,,金錢,桃園市新屋區****,,,,,,,,,
6,邱文威,111年桃園市議員選舉,首次申報,1111027,營利事業捐贈收入,輔琳生化科技有限公司,84268570,46000.00,0.00,現金,1111101,,,金錢,桃園市新屋區****,,,,,,,,,
7,邱文威,111年桃園市議員選舉,首次申報,1111103,營利事業捐贈收入,信佳不動產企業社,99783835,3000.00,0.00,現金,1111108,,,金錢,桃園市新屋區****,0349*****,,,,,,,,
8,邱文威,111年桃園市議員選舉,首次申報,1111108,個人捐贈收入,蘇桂蘭,Q22*******,100000.00,0.00,現金,1111108,,,金錢,桃園市平鎮區****,0933*****,,,,,,,,
9,邱文威,111年桃園市議員選舉,首次申報,1111108,個人捐贈收入,蘇椀伶,Q22*******,100000.00,0.00,現金,1111108,,,金錢,桃園市中壢區****,0921*****,,,,,,,,
10,邱文威,111年桃園市議員選舉,首次申報,1111111,個人捐贈收入,羅文燕,H12*******,3000.00,0.00,現金,1111115,,,金錢,桃園市觀音區****,,,,,,,,,
11,邱文威,111年桃園市議員選舉,首次申報,1111114,個人捐贈收入,魏鉦謙,H12*******,100000.00,0.00,現金,1111114,,,金錢,桃園市平鎮區****,,,,,,,,,
12,邱文威,111年桃園市議員選舉,首次申報,1111117,營利事業捐贈收入,啟翔輕金屬股份有限公司,27793807,50000.00,0.00,現金,1111117,,,金錢,桃園市新屋區****,03-4*****,,,,,,,,
13,邱文威,111年桃園市議員選舉,首次申報,1111121,營利事業捐贈收入,聯成鋼鐵股份有限公司,22822748,30000.00,0.00,現金,1111122,,,金錢,桃園市新屋區****,03-4*****,,,,,,,,
