﻿序號,擬參選人／政黨,選舉名稱,申報序號／年度,交易日期,收支科目,捐贈者／支出對象,身分證／統一編號,收入金額,支出金額,支出用途,金錢類,地址,聯絡電話,資料更正日期
1,方俊評,107年縣(市)議員選舉,首次申報,1070606,匿名捐贈,智通數位科技,,1.00,0.00,,金錢,,,
2,方俊評,107年縣(市)議員選舉,首次申報,1070801,個人捐贈收入,陳雅欣,J22*******,1000.00,0.00,,金錢,新竹市東區新****,,
3,方俊評,107年縣(市)議員選舉,首次申報,1070807,個人捐贈收入,林義能,L12*******,1000.00,0.00,,金錢,,,
4,方俊評,107年縣(市)議員選舉,首次申報,1070809,匿名捐贈,匿名,,1000.00,0.00,,金錢,,,
5,方俊評,107年縣(市)議員選舉,首次申報,1070809,匿名捐贈,匿名,,100.00,0.00,,金錢,,,
6,方俊評,107年縣(市)議員選舉,首次申報,1070811,個人捐贈收入,陳美端,S22*******,5000.00,0.00,,金錢,新竹市光復路****,,
7,方俊評,107年縣(市)議員選舉,首次申報,1070830,個人捐贈收入,廖士賢,S12*******,2000.00,0.00,,金錢,新竹市東區長****,,
8,方俊評,107年縣(市)議員選舉,首次申報,1070917,個人捐贈收入,柯菁郁,F22*******,3000.00,0.00,,金錢,新竹市東區光****,,
9,方俊評,107年縣(市)議員選舉,首次申報,1070927,個人捐贈收入,林昇輝,Q12*******,5000.00,0.00,,金錢,,,
10,方俊評,107年縣(市)議員選舉,首次申報,1071004,個人捐贈收入,翁志維,N12*******,1000.00,0.00,,金錢,,,
11,方俊評,107年縣(市)議員選舉,首次申報,1071120,個人捐贈收入,張博智,,10000.00,0.00,,金錢,高雄市三民區****,,
12,方俊評,107年縣(市)議員選舉,首次申報,1071121,個人捐贈收入,邱繼弘,H12*******,100000.00,0.00,,金錢,新竹市關新西****,,
13,方俊評,107年縣(市)議員選舉,首次申報,1071122,個人捐贈收入,王迺岳,X12*******,3000.00,0.00,,金錢,新竹縣竹北市****,,
