﻿序號,擬參選人／政黨,選舉名稱,申報序號／年度,交易日期,收支科目,捐贈者／支出對象,身分證／統一編號,收入金額,支出金額,捐贈方式,存入專戶日期,返還/繳庫,支出用途,金錢類,地址,聯絡電話,應揭露之支出對象,支出對象之內部人員姓名,支出對象之內部人員職稱,政黨之內部人員姓名,政黨之內部人員職稱,關係,更正註記,資料更正日期
1,陳泓維,111年桃園市議員選舉,首次申報,1110429,個人捐贈收入,李心然,,500.00,0.00,匯款,1110505,,,金錢,," un*****",,,,,,,,
2,陳泓維,111年桃園市議員選舉,首次申報,1110429,個人捐贈收入,陳敬儒,,500.00,0.00,匯款,1110505,,,金錢,," un*****",,,,,,,,
3,陳泓維,111年桃園市議員選舉,首次申報,1110430,個人捐贈收入,林俊源,,1000.00,0.00,匯款,1110505,,,金錢,," un*****",,,,,,,,
4,陳泓維,111年桃園市議員選舉,首次申報,1110502,個人捐贈收入,馬瑋健,,3600.00,0.00,匯款,1110502,,,金錢,桃園市龜山區****,,,,,,,,,
5,陳泓維,111年桃園市議員選舉,首次申報,1110510,匿名捐贈,永豐銀行4000400172593,,10000.00,0.00,匯款,1110510,,,金錢,,,,,,,,,,
6,陳泓維,111年桃園市議員選舉,首次申報,1110628,營利事業捐贈收入,庭菘金屬股份有限公司,70369204,20000.00,0.00,匯款,1110628,,,金錢,桃園市龜山區****,,,,,,,,,
7,陳泓維,111年桃園市議員選舉,首次申報,1110705,營利事業捐贈收入,巨將木業股份有限公司,84858956,50000.00,0.00,票據,1110705,,,金錢,桃園市桃園區****,,,,,,,,,
8,陳泓維,111年桃園市議員選舉,首次申報,1111003,匿名捐贈,匿名,,3000.00,0.00,匯款,1111007,,,金錢,,,,,,,,,,
9,陳泓維,111年桃園市議員選舉,首次申報,1111023,營利事業捐贈收入,桃園市私立金儒兒童課後照顧服務中心,50564186,30000.00,0.00,現金,,,,金錢,桃園市龜山區****,,,,,,,,,
10,陳泓維,111年桃園市議員選舉,首次申報,1111023,營利事業捐贈收入,德莉雪司西點麵包店,73812498,10000.00,0.00,現金,,,,金錢,桃園市龜山區****,,,,,,,,,
11,陳泓維,111年桃園市議員選舉,首次申報,1111023,營利事業捐贈收入,聯興糊紙店,97819077,10000.00,0.00,現金,,,,金錢,桃園市桃園區****,,,,,,,,,
12,陳泓維,111年桃園市議員選舉,首次申報,1111023,營利事業捐贈收入,禾豐手感烘焙坊,99840890,10000.00,0.00,現金,,,,金錢,桃園市龜山區****,,,,,,,,,
