﻿序號,擬參選人／政黨,選舉名稱,申報序號／年度,交易日期,收支科目,捐贈者／支出對象,身分證／統一編號,收入金額,支出金額,捐贈方式,存入專戶日期,返還/繳庫,支出用途,金錢類,地址,聯絡電話,應揭露之支出對象,支出對象之內部人員姓名,支出對象之內部人員職稱,政黨之內部人員姓名,政黨之內部人員職稱,關係,更正註記,資料更正日期
1,徐立信,111年臺北市議員選舉,首次申報,1110429,人事費用支出,李茂基,E12*******,0.00,25000.00,,,,工資或薪津,金錢,臺北市萬華區****,0982*****,否,,,,,,,
2,徐立信,111年臺北市議員選舉,首次申報,1110430,雜支支出,新光三越百貨股份有限公司,23932976,0.00,1215.00,,,,餐飲費用,金錢,臺北市中山區****,,否,,,,,,,
3,徐立信,111年臺北市議員選舉,首次申報,1110430,雜支支出,家福股份有限公司台北重慶分公司,27946819,0.00,1176.00,,,,食品,金錢,臺北市大同區****,2553*****,否,,,,,,,
4,徐立信,111年臺北市議員選舉,首次申報,1110430,雜支支出,昇榮免洗餐具有限公司,54729463,0.00,3771.00,,,,雜項購置,金錢,新北市新莊區****,2201*****,否,,,,,,,
5,徐立信,111年臺北市議員選舉,首次申報,1110430,人事費用支出,趙金城,F12*******,0.00,25000.00,,,,工資或薪津,金錢,新北市汐止區****,0911*****,否,,,,,,,
6,徐立信,111年臺北市議員選舉,首次申報,1110430,人事費用支出,李秀英,U22*******,0.00,7200.00,,,,工資或薪津,金錢,臺北市大同區****,0933*****,否,,,,,,,
7,徐立信,111年臺北市議員選舉,首次申報,1110501,雜支支出,攪攪食堂,85366900,0.00,635.00,,,,餐飲費用,金錢,新北市土城區****,2263*****,否,,,,,,,
8,徐立信,111年臺北市議員選舉,首次申報,1110505,雜支支出,台北市農會,48771836,0.00,1535.00,,,,食品,金錢,臺北市文山區****,,否,,,,,,,
9,徐立信,111年臺北市議員選舉,首次申報,1110506,雜支支出,東傑食品有限公司,53208535,0.00,5500.00,,,,食品,金錢,新北市新莊區****,8531*****,否,,,,,,,
10,徐立信,111年臺北市議員選舉,首次申報,1110506,雜支支出,東傑食品有限公司,53208535,0.00,6400.00,,,,飲料等食品,金錢,新北市新莊區****,8531*****,否,,,,,,,
11,徐立信,111年臺北市議員選舉,首次申報,1110506,宣傳支出,陳柏安,A12*******,0.00,12000.00,,,,看板租金,金錢,臺北市中正區****,0908*****,否,,,,,,,
12,徐立信,111年臺北市議員選舉,首次申報,1110506,人事費用支出,張又升,A12*******,0.00,40000.00,,,,工資或薪津,金錢,臺北市中正區****,0933*****,否,,,,,,,
13,徐立信,111年臺北市議員選舉,首次申報,1110506,人事費用支出,李茂基,E12*******,0.00,25000.00,,,,工資或薪津,金錢,臺北市萬華區****,0982*****,否,,,,,,,
14,徐立信,111年臺北市議員選舉,首次申報,1110506,人事費用支出,趙金城,F12*******,0.00,25000.00,,,,工資或薪津,金錢,新北市汐止區****,0911*****,否,,,,,,,
15,徐立信,111年臺北市議員選舉,首次申報,1110506,人事費用支出,李秀英,U22*******,0.00,7200.00,,,,工資或薪津,金錢,臺北市大同區****,0933*****,否,,,,,,,
16,徐立信,111年臺北市議員選舉,首次申報,1110512,宣傳支出,藍格印刷國際企業有限公司,22076600,0.00,2213.00,,,,宣傳品印刷,金錢,臺北市內湖區****,02-2*****,否,,,,,,,
17,徐立信,111年臺北市議員選舉,首次申報,1110514,雜支支出,墊腳石,25124611,0.00,1312.00,,,,文具用品費用,金錢,臺北市中正區****,,否,,,,,,,
18,徐立信,111年臺北市議員選舉,首次申報,1110516,交通旅運支出,臺北大眾捷運股份有限公司,84894989,0.00,10000.00,,,,車資及悠遊卡,金錢,臺北市中山區****,,否,,,,,,,
19,徐立信,111年臺北市議員選舉,首次申報,1110517,人事費用支出,呂紹銑,A12*******,0.00,50000.00,,,,工資或薪津,金錢,臺北市萬華區****,0919*****,否,,,,,,,
20,徐立信,111年臺北市議員選舉,首次申報,1110517,人事費用支出,呂玲嬋,L22*******,0.00,31000.00,,,,工資或薪津,金錢,臺北市萬華區****,0921*****,否,,,,,,,
21,徐立信,111年臺北市議員選舉,首次申報,1110518,雜支支出,家福股份有限公司台北桂林分公司,27946803,0.00,944.00,,,,食品,金錢,臺北市萬華區****,2388*****,否,,,,,,,
22,徐立信,111年臺北市議員選舉,首次申報,1110521,宣傳支出,紫羅蘭沖印有限公司,12686701,0.00,240.00,,,,宣傳照沖印,金錢,臺北市中正區****,2371*****,否,,,,,,,
23,徐立信,111年臺北市議員選舉,首次申報,1110524,雜支支出,家福股份有限公司台北重慶分公司,27946819,0.00,3303.00,,,,食品,金錢,臺北市大同區****,2553*****,否,,,,,,,
24,徐立信,111年臺北市議員選舉,首次申報,1110526,宣傳支出,康森傳播股份有限公司,27556895,0.00,500000.00,,,,宣傳廣告費,金錢,臺北市中正區****,2375*****,否,,,,,,,
25,徐立信,111年臺北市議員選舉,首次申報,1110528,雜支支出,墊腳石,25124611,0.00,677.00,,,,文具用品費用,金錢,臺北市中正區****,,否,,,,,,,
26,徐立信,111年臺北市議員選舉,首次申報,1110528,雜支支出,大潤發,27243775,0.00,1230.00,,,,飲料等食品,金錢,台北市中山區****,,否,,,,,,,
27,徐立信,111年臺北市議員選舉,首次申報,1110530,雜支支出,家福股份有限公司三民分公司,80021077,0.00,1061.00,,,,日用品,金錢,臺北市松山區****,2767*****,否,,,,,,,
28,徐立信,111年臺北市議員選舉,首次申報,1110531,人事費用支出,魏秀娥,L20*******,0.00,3910.00,,,,工資或薪津,金錢,臺北市萬華區****,0919*****,否,,,,,,,
29,徐立信,111年臺北市議員選舉,首次申報,1110601,雜支支出,家福股份有限公司台北重慶分公司,27946819,0.00,2963.00,,,,食品、日用品,金錢,臺北市大同區****,2553*****,否,,,,,,,
30,徐立信,111年臺北市議員選舉,首次申報,1110602,雜支支出,台北市農會,48771836,0.00,960.00,,,,食品,金錢,臺北市文山區****,,否,,,,,,,
31,徐立信,111年臺北市議員選舉,首次申報,1110603,雜支支出,墊腳石,25124611,0.00,244.00,,,,雜項購置費用,金錢,臺北市中正區****,,否,,,,,,,
32,徐立信,111年臺北市議員選舉,首次申報,1110606,宣傳支出,透視主義設計有限公司,80734379,0.00,12000.00,,,,設計競選物品圖檔費用,金錢,臺北市萬華區****,2309*****,否,,,,,,,
33,徐立信,111年臺北市議員選舉,首次申報,1110606,人事費用支出,張又升,A12*******,0.00,40000.00,,,,工資或薪津,金錢,臺北市中正區****,0933*****,否,,,,,,,
34,徐立信,111年臺北市議員選舉,首次申報,1110606,人事費用支出,崔信基,E12*******,0.00,25000.00,,,,工資或薪津,金錢,南投縣草屯鎮****,0931*****,否,,,,,,,
35,徐立信,111年臺北市議員選舉,首次申報,1110606,人事費用支出,李茂基,E12*******,0.00,37500.00,,,,工資或薪津,金錢,臺北市萬華區****,0982*****,否,,,,,,,
36,徐立信,111年臺北市議員選舉,首次申報,1110606,人事費用支出,趙金城,F12*******,0.00,25000.00,,,,工資或薪津,金錢,新北市汐止區****,0911*****,否,,,,,,,
37,徐立信,111年臺北市議員選舉,首次申報,1110606,人事費用支出,王麗淑,F22*******,0.00,5100.00,,,,工資或薪津,金錢,新北市汐止區****,0919*****,否,,,,,,,
38,徐立信,111年臺北市議員選舉,首次申報,1110606,人事費用支出,高郁雯,K22*******,0.00,25000.00,,,,工資或薪津,金錢,臺北市中正區****,0958*****,否,,,,,,,
39,徐立信,111年臺北市議員選舉,首次申報,1110606,人事費用支出,楊明春,M12*******,0.00,25000.00,,,,工資或薪津,金錢,新北市中和區****,0939*****,否,,,,,,,
40,徐立信,111年臺北市議員選舉,首次申報,1110606,人事費用支出,林泰岳,U10*******,0.00,25000.00,,,,工資或薪津,金錢,新北市中和區****,0928*****,否,,,,,,,
41,徐立信,111年臺北市議員選舉,首次申報,1110606,人事費用支出,李秀英,U22*******,0.00,7200.00,,,,工資或薪津,金錢,臺北市大同區****,0933*****,否,,,,,,,
42,徐立信,111年臺北市議員選舉,首次申報,1110607,雜支支出,味王股份有限公司台北營業所,76877640,0.00,19000.00,,,,食品,金錢,新北市三重區****,2995*****,否,,,,,,,
43,徐立信,111年臺北市議員選舉,首次申報,1110611,雜支支出,家福股份有限公司台北桂林分公司,27946803,0.00,7955.00,,,,雜項購置費用暨食品費,金錢,臺北市萬華區****,2388*****,否,,,,,,,
44,徐立信,111年臺北市議員選舉,首次申報,1110613,雜支支出,家福股份有限公司台北桂林分公司,27946803,0.00,30600.00,,,,雜項購置費用,金錢,臺北市萬華區****,2388*****,否,,,,,,,
45,徐立信,111年臺北市議員選舉,首次申報,1110617,人事費用支出,呂紹銑,A12*******,0.00,15000.00,,,,工資或薪津,金錢,臺北市萬華區****,0919*****,否,,,,,,,
46,徐立信,111年臺北市議員選舉,首次申報,1110617,人事費用支出,李茂基,E12*******,0.00,25000.00,,,,工資或薪津,金錢,臺北市萬華區****,0982*****,否,,,,,,,
47,徐立信,111年臺北市議員選舉,首次申報,1110617,人事費用支出,呂玲嬋,L22*******,0.00,31000.00,,,,工資或薪津,金錢,臺北市萬華區****,0921*****,否,,,,,,,
48,徐立信,111年臺北市議員選舉,首次申報,1110618,雜支支出,家福股份有限公司台北桂林分公司,27946803,0.00,2576.00,,,,飲料等食品,金錢,臺北市萬華區****,2388*****,否,,,,,,,
49,徐立信,111年臺北市議員選舉,首次申報,1110618,雜支支出,九乘九文具股份有限公司台北寧夏店,88100145,0.00,454.00,,,,文具用品費用,金錢,臺北市大同區****,2557*****,否,,,,,,,
50,徐立信,111年臺北市議員選舉,首次申報,1110621,人事費用支出,廖敘淳,F22*******,0.00,21262.00,,,,工資或薪津,金錢,新北市五股區****,0931*****,否,,,,,,,
51,徐立信,111年臺北市議員選舉,首次申報,1110623,宣傳支出,永達豐商業有限公司,29146237,0.00,36000.00,,,,製作競選名片費用,金錢,新北市中和區****,2553*****,否,,,,,,,
52,徐立信,111年臺北市議員選舉,首次申報,1110630,雜支支出,家福股份有限公司台北桂林分公司,27946803,0.00,4256.00,,,,雜項購置費用,金錢,臺北市萬華區****,2388*****,否,,,,,,,
53,徐立信,111年臺北市議員選舉,首次申報,1110630,交通旅運支出,臺北大眾捷運股份有限公司,84894989,0.00,1000.00,,,,車資及悠遊卡,金錢,臺北市中山區****,,否,,,,,,,
54,徐立信,111年臺北市議員選舉,首次申報,1110705,交通旅運支出,臺北大眾捷運股份有限公司,84894989,0.00,10000.00,,,,車資及悠遊卡,金錢,臺北市中山區****,,否,,,,,,,
55,徐立信,111年臺北市議員選舉,首次申報,1110706,宣傳支出,安觀國際有限公司,53318765,0.00,50000.00,,,,委託辦理調查費用,金錢,臺北市中山區****,0953*****,否,,,,,,,
56,徐立信,111年臺北市議員選舉,首次申報,1110706,人事費用支出,桂嘉文,A12*******,0.00,7222.00,,,,工資或薪津,金錢,臺北市士林區****,0966*****,否,,,,,,,
57,徐立信,111年臺北市議員選舉,首次申報,1110706,人事費用支出,桂嘉文,A12*******,0.00,25000.00,,,,工資或薪津,金錢,臺北市士林區****,0966*****,否,,,,,,,
58,徐立信,111年臺北市議員選舉,首次申報,1110706,人事費用支出,張又升,A12*******,0.00,40000.00,,,,工資或薪津,金錢,臺北市中正區****,0933*****,否,,,,,,,
59,徐立信,111年臺北市議員選舉,首次申報,1110706,人事費用支出,陳怡蓁,A22*******,0.00,6038.00,,,,工資或薪津,金錢,臺北市萬華區****,0966*****,否,,,,,,,
60,徐立信,111年臺北市議員選舉,首次申報,1110706,人事費用支出,李茂基,E12*******,0.00,25000.00,,,,工資或薪津,金錢,臺北市萬華區****,0982*****,否,,,,,,,
61,徐立信,111年臺北市議員選舉,首次申報,1110706,人事費用支出,崔信基,E12*******,0.00,25000.00,,,,工資或薪津,金錢,南投縣草屯鎮****,0931*****,否,,,,,,,
62,徐立信,111年臺北市議員選舉,首次申報,1110706,人事費用支出,趙金城,F12*******,0.00,25000.00,,,,工資或薪津,金錢,新北市汐止區****,0911*****,否,,,,,,,
63,徐立信,111年臺北市議員選舉,首次申報,1110706,人事費用支出,高郁雯,K22*******,0.00,25000.00,,,,工資或薪津,金錢,臺北市中正區****,0958*****,否,,,,,,,
64,徐立信,111年臺北市議員選舉,首次申報,1110706,人事費用支出,呂玲嬋,L22*******,0.00,14525.00,,,,工資或薪津,金錢,臺北市萬華區****,0921*****,否,,,,,,,
65,徐立信,111年臺北市議員選舉,首次申報,1110706,人事費用支出,楊明春,M12*******,0.00,25000.00,,,,工資或薪津,金錢,新北市中和區****,0939*****,否,,,,,,,
66,徐立信,111年臺北市議員選舉,首次申報,1110706,人事費用支出,林泰岳,U10*******,0.00,25000.00,,,,工資或薪津,金錢,新北市中和區****,0928*****,否,,,,,,,
67,徐立信,111年臺北市議員選舉,首次申報,1110706,人事費用支出,李秀英,U22*******,0.00,17200.00,,,,工資或薪津,金錢,臺北市大同區****,0933*****,否,,,,,,,
68,徐立信,111年臺北市議員選舉,首次申報,1110707,雜支支出,墊腳石,25124611,0.00,1189.00,,,,文具用品費用,金錢,臺北市中正區****,,否,,,,,,,
69,徐立信,111年臺北市議員選舉,首次申報,1110712,雜支支出,羿鴻國際有限公司,53875620,0.00,5198.00,,,,雜項購置費用,金錢,桃園市觀音區****,,否,,,,,,,
70,徐立信,111年臺北市議員選舉,首次申報,1110713,雜支支出,家福股份有限公司台北桂林分公司,27946803,0.00,6349.00,,,,雜項購置費用,金錢,臺北市萬華區****,2388*****,否,,,,,,,
71,徐立信,111年臺北市議員選舉,首次申報,1110714,宣傳支出,鎮城廣告企業社,31950005,0.00,6000.00,,,,製作競選帆布招牌,金錢,臺北市萬華區****,2312*****,否,,,,,,,
72,徐立信,111年臺北市議員選舉,首次申報,1110717,雜支支出,家福股份有限公司台北桂林分公司,27946803,0.00,21043.00,,,,雜項購置暨食品費用,金錢,臺北市萬華區****,2388*****,否,,,,,,,
73,徐立信,111年臺北市議員選舉,首次申報,1110717,人事費用支出,李茂基,E12*******,0.00,25000.00,,,,工資或薪津,金錢,臺北市萬華區****,0982*****,否,,,,,,,
74,徐立信,111年臺北市議員選舉,首次申報,1110717,人事費用支出,呂玲嬋,L22*******,0.00,31000.00,,,,工資或薪津,金錢,臺北市萬華區****,0921*****,否,,,,,,,
75,徐立信,111年臺北市議員選舉,首次申報,1110719,雜支支出,墊腳石,25124611,0.00,566.00,,,,文具用品費用,金錢,臺北市中正區****,,否,,,,,,,
76,徐立信,111年臺北市議員選舉,首次申報,1110719,雜支支出,康是美,27720853,0.00,35.00,,,,雜項購置費用,金錢,臺北市萬華區****,,否,,,,,,,
77,徐立信,111年臺北市議員選舉,首次申報,1110722,宣傳支出,新鑫印刷品行,99975405,0.00,95.00,,,,宣傳品印刷,金錢,臺北市中正區****,2314*****,否,,,,,,,
78,徐立信,111年臺北市議員選舉,首次申報,1110723,雜支支出,臺北農產運銷股份有限公司,04550147,0.00,300.00,,,,食品費用,金錢,臺北市中山區****,,否,,,,,,,
79,徐立信,111年臺北市議員選舉,首次申報,1110723,雜支支出,潤泰創新國際股份有限公司中崙分公司,27243775,0.00,12527.00,,,,雜項購置暨食品費用,金錢,臺北市中山區****,,否,,,,,,,
80,徐立信,111年臺北市議員選舉,首次申報,1110723,交通旅運支出,日月亭股份有限公司中崙營業所,42522092,0.00,20.00,,,,停車費,金錢,臺北市中山區****,,否,,,,,,,
81,徐立信,111年臺北市議員選舉,首次申報,1110723,雜支支出,全家便利商店股份有限公司,51200109,0.00,25.00,,,,飲料費用,金錢,臺北市中正區****,,否,,,,,,,
82,徐立信,111年臺北市議員選舉,首次申報,1110725,交通旅運支出,朝陽公園地下停車場,76548704,0.00,140.00,,,,停車費,金錢,臺北市大同區****,,否,,,,,,,
83,徐立信,111年臺北市議員選舉,首次申報,1110725,人事費用支出,謝雅華,A22*******,0.00,3000.00,,,,其他因工作酬勞之給付,金錢,臺北市大同區****,0931*****,否,,,,,,,
84,徐立信,111年臺北市議員選舉,首次申報,1110727,宣傳支出,鑫鑫工作室,73882640,0.00,63900.00,,,,製作競選帆布廣告,金錢,臺北市中正區****,2388*****,否,,,,,,,
85,徐立信,111年臺北市議員選舉,首次申報,1110727,宣傳支出,新鑫印刷品行,99975405,0.00,63.00,,,,宣傳品印刷,金錢,臺北市中正區****,2314*****,否,,,,,,,
86,徐立信,111年臺北市議員選舉,首次申報,1110731,雜支支出,潤泰創新國際股份有限公司中崙分公司,27243775,0.00,69158.00,,,,雜項購置暨食品費用,金錢,臺北市中山區****,,否,,,,,,,
87,徐立信,111年臺北市議員選舉,首次申報,1110801,宣傳支出,鎮城廣告企業社,31950005,0.00,76440.00,,,,製作競選帆布招牌,金錢,臺北市萬華區****,2312*****,否,,,,,,,
88,徐立信,111年臺北市議員選舉,首次申報,1110803,雜支支出,臺北農產運銷股份有限公司,04550147,0.00,620.00,,,,食品,金錢,臺北市中山區****,,否,,,,,,,
89,徐立信,111年臺北市議員選舉,首次申報,1110804,宣傳支出,鎮城廣告企業社,31950005,0.00,567.00,,,,製作競選帆布廣告,金錢,臺北市萬華區****,2312*****,否,,,,,,,
90,徐立信,111年臺北市議員選舉,首次申報,1110806,雜支支出,康是美,28180469,0.00,62.00,,,,雜項購置費用,金錢,臺北市中山區****,,否,,,,,,,
91,徐立信,111年臺北市議員選舉,首次申報,1110806,人事費用支出,桂嘉文,A12*******,0.00,25000.00,,,,工資或薪津,金錢,臺北市士林區****,0966*****,否,,,,,,,
92,徐立信,111年臺北市議員選舉,首次申報,1110806,人事費用支出,桂嘉文,A12*******,0.00,5000.00,,,,工資或薪津,金錢,臺北市士林區****,0966*****,否,,,,,,,
93,徐立信,111年臺北市議員選舉,首次申報,1110806,人事費用支出,張又升,A12*******,0.00,40000.00,,,,工資或薪津,金錢,臺北市中正區****,0933*****,否,,,,,,,
94,徐立信,111年臺北市議員選舉,首次申報,1110806,人事費用支出,崔信基,E12*******,0.00,25000.00,,,,工資或薪津,金錢,南投縣草屯鎮****,0931*****,否,,,,,,,
95,徐立信,111年臺北市議員選舉,首次申報,1110806,人事費用支出,李茂基,E12*******,0.00,25000.00,,,,工資或薪津,金錢,臺北市萬華區****,0982*****,否,,,,,,,
96,徐立信,111年臺北市議員選舉,首次申報,1110806,人事費用支出,趙金城,F12*******,0.00,25000.00,,,,工資或薪津,金錢,新北市汐止區****,0911*****,否,,,,,,,
97,徐立信,111年臺北市議員選舉,首次申報,1110806,人事費用支出,高郁雯,K22*******,0.00,25000.00,,,,工資或薪津,金錢,臺北市中正區****,0958*****,否,,,,,,,
98,徐立信,111年臺北市議員選舉,首次申報,1110806,人事費用支出,楊明春,M12*******,0.00,25000.00,,,,工資或薪津,金錢,新北市中和區****,0939*****,否,,,,,,,
99,徐立信,111年臺北市議員選舉,首次申報,1110806,人事費用支出,林泰岳,U10*******,0.00,25000.00,,,,工資或薪津,金錢,新北市中和區****,0928*****,否,,,,,,,
100,徐立信,111年臺北市議員選舉,首次申報,1110806,人事費用支出,李秀英,U22*******,0.00,17200.00,,,,工資或薪津,金錢,臺北市大同區****,0933*****,否,,,,,,,
101,徐立信,111年臺北市議員選舉,首次申報,1110808,雜支支出,墊腳石,25124611,0.00,840.00,,,,文具用品費用,金錢,臺北市中正區****,,否,,,,,,,
102,徐立信,111年臺北市議員選舉,首次申報,1110809,雜支支出,京站實業股份有限公司,28710621,0.00,2303.00,,,,餐飲費用,金錢,臺北市大同區****,2182*****,否,,,,,,,
103,徐立信,111年臺北市議員選舉,首次申報,1110809,雜支支出,喜憨兒社會福利基金會,48748322,0.00,30.00,,,,食品,金錢,臺北市中正區****,,否,,,,,,,
104,徐立信,111年臺北市議員選舉,首次申報,1110810,雜支支出,家福股份有限公司台北桂林分公司,27946803,0.00,2456.00,,,,食品,金錢,臺北市萬華區****,2388*****,否,,,,,,,
105,徐立信,111年臺北市議員選舉,首次申報,1110810,雜支支出,家福股份有限公司台北桂林分公司,27946803,0.00,2713.00,,,,食品,金錢,臺北市萬華區****,2388*****,否,,,,,,,
106,徐立信,111年臺北市議員選舉,首次申報,1110810,宣傳支出,新鑫印刷品行,99975405,0.00,63.00,,,,宣傳品印刷,金錢,臺北市中正區****,2314*****,否,,,,,,,
107,徐立信,111年臺北市議員選舉,首次申報,1110811,雜支支出,宏竟有限公司,16254514,0.00,120000.00,,,,雜項購置費用,金錢,桃園市蘆竹區****,0332*****,否,,,,,,,
108,徐立信,111年臺北市議員選舉,首次申報,1110811,雜支支出,文泫生活館有限公司,24563958,0.00,699.00,,,,雜項購置費用,金錢,臺北市萬華區****,8978*****,否,,,,,,,
109,徐立信,111年臺北市議員選舉,首次申報,1110811,雜支支出,順牌製麵店,31965295,0.00,120.00,,,,食品,金錢,臺北市萬華區****,2305*****,否,,,,,,,
110,徐立信,111年臺北市議員選舉,首次申報,1110812,雜支支出,喜憨兒社會福利基金會,48748322,0.00,30.00,,,,食品,金錢,臺北市中正區****,,否,,,,,,,
111,徐立信,111年臺北市議員選舉,首次申報,1110813,雜支支出,壹之鄉排骨,05168512,0.00,3200.00,,,,便當,金錢,臺北市中正區****,2368*****,否,,,,,,,
112,徐立信,111年臺北市議員選舉,首次申報,1110813,雜支支出,家福股份有限公司三民分公司,80021077,0.00,808.00,,,,食品,金錢,臺北市松山區****,2767*****,否,,,,,,,
113,徐立信,111年臺北市議員選舉,首次申報,1110816,雜支支出,順牌製麵店,31965295,0.00,120.00,,,,食品,金錢,臺北市萬華區****,2305*****,否,,,,,,,
114,徐立信,111年臺北市議員選舉,首次申報,1110817,宣傳支出,鎮城廣告企業社,31950005,0.00,1500.00,,,,製作競選帆布,金錢,臺北市萬華區****,2312*****,否,,,,,,,
115,徐立信,111年臺北市議員選舉,首次申報,1110817,人事費用支出,李茂基,E12*******,0.00,25000.00,,,,工資或薪津,金錢,臺北市萬華區****,0982*****,否,,,,,,,
116,徐立信,111年臺北市議員選舉,首次申報,1110817,人事費用支出,呂玲嬋,L22*******,0.00,31000.00,,,,工資或薪津,金錢,臺北市萬華區****,0921*****,否,,,,,,,
117,徐立信,111年臺北市議員選舉,首次申報,1110818,雜支支出,墊腳石,25124611,0.00,3509.00,,,,文具用品費用,金錢,臺北市中正區****,,否,,,,,,,
118,徐立信,111年臺北市議員選舉,首次申報,1110818,交通旅運支出,臺北大眾捷運股份有限公司,84894989,0.00,700.00,,,,車資及悠遊卡,金錢,臺北市中山區****,,否,,,,,,,
119,徐立信,111年臺北市議員選舉,首次申報,1110818,雜支支出,優仕紳企業有限公司,97445079,0.00,674.00,,,,糕餅費用,金錢,臺北市中正區****,,否,,,,,,,
120,徐立信,111年臺北市議員選舉,首次申報,1110820,雜支支出,壹之鄉排骨,05168512,0.00,9500.00,,,,便當,金錢,臺北市中正區****,2368*****,否,,,,,,,
121,徐立信,111年臺北市議員選舉,首次申報,1110821,雜支支出,水龜伯古早味店,48717411,0.00,200.00,,,,餐飲費用,金錢,臺北市北投區****,,否,,,,,,,
122,徐立信,111年臺北市議員選舉,首次申報,1110822,雜支支出,中華郵政股份有限公司,03741302,0.00,28.00,,,,郵資,金錢,臺北市大安區****,,否,,,,,,,
123,徐立信,111年臺北市議員選舉,首次申報,1110822,雜支支出,中華郵政股份有限公司,03741302,0.00,28.00,,,,郵資,金錢,臺北市大安區****,,否,,,,,,,
124,徐立信,111年臺北市議員選舉,首次申報,1110822,雜支支出,中華郵政股份有限公司,03741302,0.00,28.00,,,,郵資,金錢,臺北市大安區****,,否,,,,,,,
125,徐立信,111年臺北市議員選舉,首次申報,1110822,雜支支出,中華郵政股份有限公司,03741302,0.00,28.00,,,,郵資,金錢,臺北市大安區****,,否,,,,,,,
126,徐立信,111年臺北市議員選舉,首次申報,1110822,雜支支出,中華郵政股份有限公司,03741302,0.00,28.00,,,,郵資,金錢,臺北市大安區****,,否,,,,,,,
127,徐立信,111年臺北市議員選舉,首次申報,1110822,雜支支出,中華郵政股份有限公司,03741302,0.00,28.00,,,,郵資,金錢,臺北市大安區****,,否,,,,,,,
128,徐立信,111年臺北市議員選舉,首次申報,1110822,交通旅運支出,葉山車行,15912455,0.00,200.00,,,,車輛維修費,金錢,臺北市萬華區****,2302*****,否,,,,,,,
129,徐立信,111年臺北市議員選舉,首次申報,1110822,返還捐贈支出,皇鼎建設開發股份有限公司,23988653,0.00,100000.00,,,,返還,金錢,臺北市大安區****,,否,,,,,,,
130,徐立信,111年臺北市議員選舉,首次申報,1110823,宣傳支出,鎮城廣告企業社,31950005,0.00,7875.00,,,,製作競選帆布招牌,金錢,臺北市萬華區****,2312*****,否,,,,,,,
131,徐立信,111年臺北市議員選舉,首次申報,1110823,雜支支出,台灣泛亞零售管理顧問股份有限公司西門分公司,83412160,0.00,1101.00,,,,雜項購置費用,金錢,臺北市萬華區****,2331*****,否,,,,,,,
132,徐立信,111年臺北市議員選舉,首次申報,1110824,雜支支出,中華郵政股份有限公司,03741302,0.00,28.00,,,,郵資,金錢,臺北市大安區****,,否,,,,,,,
133,徐立信,111年臺北市議員選舉,首次申報,1110825,人事費用支出,謝雅華,A22*******,0.00,2400.00,,,,其他因工作酬勞之給付,金錢,臺北市大同區****,0931*****,否,,,,,,,
134,徐立信,111年臺北市議員選舉,首次申報,1110827,雜支支出,城市商旅股份有限公司德立莊分公司,24948429,0.00,460.00,,,,餐飲費用,金錢,臺北市中正區****,,否,,,,,,,
135,徐立信,111年臺北市議員選舉,首次申報,1110827,雜支支出,家福股份有限公司台北桂林分公司,27946803,0.00,48000.00,,,,食品,金錢,臺北市萬華區****,2388*****,否,,,,,,,
136,徐立信,111年臺北市議員選舉,首次申報,1110829,雜支支出,臺灣鐵路管理局餐旅服務總所,01636347,0.00,80.00,,,,便當,金錢,基隆市七堵區****,,否,,,,,,,
137,徐立信,111年臺北市議員選舉,首次申報,1110829,宣傳支出,鎮城廣告企業社,31950005,0.00,8820.00,,,,製作競選帆布招牌,金錢,臺北市萬華區****,2312*****,否,,,,,,,
138,徐立信,111年臺北市議員選舉,首次申報,1110831,宣傳支出,鑫鑫工作室,73882640,0.00,62600.00,,,,製作競選帆布廣告,金錢,臺北市中正區****,2388*****,否,,,,,,,
139,徐立信,111年臺北市議員選舉,首次申報,1110902,雜支支出,墊腳石,25124611,0.00,840.00,,,,文具用品費用,金錢,臺北市中正區****,2311*****,否,,,,,,,
140,徐立信,111年臺北市議員選舉,首次申報,1110906,宣傳支出,鎮城廣告企業社,31950005,0.00,4704.00,,,,製作競選帆布招牌,金錢,臺北市萬華區****,2312*****,否,,,,,,,
141,徐立信,111年臺北市議員選舉,首次申報,1110906,人事費用支出,桂嘉文,A12*******,0.00,25000.00,,,,工資或薪津,金錢,臺北市士林區****,0966*****,否,,,,,,,
142,徐立信,111年臺北市議員選舉,首次申報,1110906,人事費用支出,桂嘉文,A12*******,0.00,50000.00,,,,工資或薪津,金錢,臺北市士林區****,0966*****,否,,,,,,,
143,徐立信,111年臺北市議員選舉,首次申報,1110906,人事費用支出,張又升,A12*******,0.00,40000.00,,,,工資或薪津,金錢,臺北市中正區****,0933*****,否,,,,,,,
144,徐立信,111年臺北市議員選舉,首次申報,1110906,人事費用支出,崔信基,E12*******,0.00,25000.00,,,,工資或薪津,金錢,南投縣草屯鎮****,0931*****,否,,,,,,,
145,徐立信,111年臺北市議員選舉,首次申報,1110906,人事費用支出,李茂基,E12*******,0.00,25000.00,,,,工資或薪津,金錢,臺北市萬華區****,0982*****,否,,,,,,,
146,徐立信,111年臺北市議員選舉,首次申報,1110906,人事費用支出,趙金城,F12*******,0.00,25000.00,,,,工資或薪津,金錢,新北市汐止區****,0911*****,否,,,,,,,
147,徐立信,111年臺北市議員選舉,首次申報,1110906,人事費用支出,高郁雯,K22*******,0.00,25000.00,,,,工資或薪津,金錢,臺北市中正區****,0958*****,否,,,,,,,
148,徐立信,111年臺北市議員選舉,首次申報,1110906,人事費用支出,呂玲嬋,L22*******,0.00,11900.00,,,,工資或薪津,金錢,臺北市萬華區****,0921*****,否,,,,,,,
149,徐立信,111年臺北市議員選舉,首次申報,1110906,人事費用支出,楊明春,M12*******,0.00,25000.00,,,,工資或薪津,金錢,新北市中和區****,0939*****,否,,,,,,,
150,徐立信,111年臺北市議員選舉,首次申報,1110906,人事費用支出,林泰岳,U10*******,0.00,25000.00,,,,工資或薪津,金錢,新北市中和區****,0928*****,否,,,,,,,
151,徐立信,111年臺北市議員選舉,首次申報,1110906,人事費用支出,李秀英,U22*******,0.00,17200.00,,,,工資或薪津,金錢,臺北市大同區****,0933*****,否,,,,,,,
152,徐立信,111年臺北市議員選舉,首次申報,1110908,宣傳支出,鎮城廣告企業社,31950005,0.00,1617.00,,,,製作競選帆布招牌,金錢,臺北市萬華區****,2312*****,否,,,,,,,
153,徐立信,111年臺北市議員選舉,首次申報,1110908,宣傳支出,鎮城廣告企業社,31950005,0.00,10080.00,,,,製作競選帆布招牌,金錢,臺北市萬華區****,2312*****,否,,,,,,,
154,徐立信,111年臺北市議員選舉,首次申報,1110910,雜支支出,合翔圖書有限公司,27548946,0.00,812.00,,,,文具用品費用,金錢,臺北市萬華區****,2304*****,否,,,,,,,
155,徐立信,111年臺北市議員選舉,首次申報,1110910,交通旅運支出,臺北大眾捷運股份有限公司,84894989,0.00,1000.00,,,,車資及悠遊卡,金錢,臺北市中山區****,,否,,,,,,,
156,徐立信,111年臺北市議員選舉,首次申報,1110912,雜支支出,百合麵包園,31301699,0.00,250.00,,,,糕餅,金錢,台北市士林區****,2832*****,否,,,,,,,
157,徐立信,111年臺北市議員選舉,首次申報,1110914,雜支支出,家福股份有限公司台北桂林分公司,27946803,0.00,1982.00,,,,雜項購置費用,金錢,臺北市萬華區****,2388*****,否,,,,,,,
158,徐立信,111年臺北市議員選舉,首次申報,1110915,雜支支出,臺北農產運銷股份有限公司,04550147,0.00,620.00,,,,食品,金錢,臺北市中山區****,,否,,,,,,,
159,徐立信,111年臺北市議員選舉,首次申報,1110917,人事費用支出,呂玲嬋,L22*******,0.00,31000.00,,,,工資或薪津,金錢,臺北市萬華區****,0921*****,否,,,,,,,
160,徐立信,111年臺北市議員選舉,首次申報,1110920,雜支支出,億萬里股份有限公司,84127283,0.00,390.00,,,,雜項購置費用,金錢,臺北市萬華區****,,否,,,,,,,
161,徐立信,111年臺北市議員選舉,首次申報,1110921,雜支支出,中華郵政股份有限公司,03741302,0.00,56.00,,,,郵資,金錢,臺北市大安區****,,否,,,,,,,
162,徐立信,111年臺北市議員選舉,首次申報,1110921,雜支支出,中華郵政股份有限公司,03741302,0.00,56.00,,,,郵資,金錢,臺北市大安區****,,否,,,,,,,
163,徐立信,111年臺北市議員選舉,首次申報,1110921,雜支支出,中華郵政股份有限公司,03741302,0.00,336.00,,,,郵資,金錢,臺北市大安區****,,否,,,,,,,
164,徐立信,111年臺北市議員選舉,首次申報,1110921,雜支支出,家福股份有限公司台北桂林分公司,27946803,0.00,2538.00,,,,雜項購置及食品費用,金錢,臺北市萬華區****,2388*****,否,,,,,,,
165,徐立信,111年臺北市議員選舉,首次申報,1110922,雜支支出,盛鑫國際企業有限公司,27340452,0.00,2060.00,,,,餐飲費用,金錢,臺北市士林區****,2836*****,否,,,,,,,
166,徐立信,111年臺北市議員選舉,首次申報,1110923,雜支支出,墊腳石,25124611,0.00,778.00,,,,文具用品費用,金錢,臺北市中正區****,2311*****,否,,,,,,,
167,徐立信,111年臺北市議員選舉,首次申報,1110925,雜支支出,墊腳石,25124611,0.00,1406.00,,,,文具用品費用,金錢,臺北市中正區****,2311*****,否,,,,,,,
168,徐立信,111年臺北市議員選舉,首次申報,1110925,人事費用支出,謝雅華,A22*******,0.00,2400.00,,,,其他因工作酬勞之給付,金錢,臺北市大同區****,0931*****,否,,,,,,,
169,徐立信,111年臺北市議員選舉,首次申報,1110926,雜支支出,中華郵政股份有限公司,03741302,0.00,28.00,,,,郵資,金錢,臺北市大安區****,,否,,,,,,,
170,徐立信,111年臺北市議員選舉,首次申報,1110926,雜支支出,中華郵政股份有限公司,03741302,0.00,28.00,,,,郵資,金錢,臺北市大安區****,,否,,,,,,,
171,徐立信,111年臺北市議員選舉,首次申報,1110928,雜支支出,家福股份有限公司台北桂林分公司,27946803,0.00,1547.00,,,,雜項購置費用,金錢,臺北市萬華區****,2388*****,否,,,,,,,
172,徐立信,111年臺北市議員選舉,首次申報,1110929,雜支支出,50嵐綠茶連鎖專賣店,25570175,0.00,45.00,,,,飲料,金錢,臺北市士林區****,,否,,,,,,,
173,徐立信,111年臺北市議員選舉,首次申報,1110930,宣傳支出,鑫鑫工作室,73882640,0.00,179500.00,,,,製作競選帆布廣告費用,金錢,臺北市中正區****,2388*****,否,,,,,,,
174,徐立信,111年臺北市議員選舉,首次申報,1111003,雜支支出,好運通食材通路股份有限公司,13084740,0.00,1315.00,,,,食品,金錢,新北市林口區****,,否,,,,,,,
175,徐立信,111年臺北市議員選舉,首次申報,1111003,宣傳支出,龍山成衣批發商場自治會,26376184,0.00,4000.00,,,,製作競選背心費用,金錢,臺北市萬華區****,2308*****,否,,,,,,,
176,徐立信,111年臺北市議員選舉,首次申報,1111004,宣傳支出,加祐企業有限公司,70840631,0.00,500000.00,,,,製作競選環保袋費用,金錢,臺北市萬華區****,2305*****,否,,,,,,,
177,徐立信,111年臺北市議員選舉,首次申報,1111004,宣傳支出,優劵行銷有限公司,90577665,0.00,100000.00,,,,競選小禮品費用,金錢,新北市新莊區****,,否,,,,,,,
178,徐立信,111年臺北市議員選舉,首次申報,1111005,雜支支出,潤泰創新國際股份有限公司中崙分公司,27243775,0.00,418.00,,,,食品,金錢,臺北市中山區****,,否,,,,,,,
179,徐立信,111年臺北市議員選舉,首次申報,1111005,雜支支出,美廉社,51165975,0.00,100.00,,,,雜項購置費用,金錢,臺北市中山區****,,否,,,,,,,
180,徐立信,111年臺北市議員選舉,首次申報,1111005,雜支支出,一德鎖印西園路分店,67793682,0.00,1200.00,,,,雜項購置費用,金錢,臺北市萬華區****,2305*****,否,,,,,,,
181,徐立信,111年臺北市議員選舉,首次申報,1111006,宣傳支出,鎮城廣告企業社,31950005,0.00,5119.00,,,,製作競選帆布招牌,金錢,臺北市萬華區****,2312*****,否,,,,,,,
182,徐立信,111年臺北市議員選舉,首次申報,1111006,宣傳支出,鎮城廣告企業社,31950005,0.00,7098.00,,,,製作競選帆布招牌,金錢,臺北市萬華區****,2312*****,否,,,,,,,
183,徐立信,111年臺北市議員選舉,首次申報,1111006,人事費用支出,桂嘉文,A12*******,0.00,25000.00,,,,工資或薪津,金錢,臺北市士林區****,0966*****,否,,,,,,,
184,徐立信,111年臺北市議員選舉,首次申報,1111006,人事費用支出,張又升,A12*******,0.00,40000.00,,,,工資或薪津,金錢,臺北市中正區****,0933*****,否,,,,,,,
185,徐立信,111年臺北市議員選舉,首次申報,1111006,人事費用支出,崔信基,E12*******,0.00,25000.00,,,,工資或薪津,金錢,南投縣草屯鎮****,0931*****,否,,,,,,,
186,徐立信,111年臺北市議員選舉,首次申報,1111006,人事費用支出,李茂基,E12*******,0.00,25000.00,,,,工資或薪津,金錢,臺北市萬華區****,0982*****,否,,,,,,,
187,徐立信,111年臺北市議員選舉,首次申報,1111006,人事費用支出,趙金城,F12*******,0.00,25000.00,,,,工資或薪津,金錢,新北市汐止區****,0911*****,否,,,,,,,
188,徐立信,111年臺北市議員選舉,首次申報,1111006,人事費用支出,邱建軫,F22*******,0.00,48000.00,,,,工資或薪津,金錢,新北市新店區****,0987*****,否,,,,,,,
189,徐立信,111年臺北市議員選舉,首次申報,1111006,人事費用支出,高郁雯,K22*******,0.00,25000.00,,,,工資或薪津,金錢,臺北市中正區****,0958*****,否,,,,,,,
190,徐立信,111年臺北市議員選舉,首次申報,1111006,人事費用支出,魏秀娥,L20*******,0.00,25000.00,,,,工資或薪津,金錢,臺北市萬華區****,0919*****,否,,,,,,,
191,徐立信,111年臺北市議員選舉,首次申報,1111006,人事費用支出,呂玲嬋,L22*******,0.00,12775.00,,,,工資或薪津,金錢,臺北市萬華區****,0921*****,否,,,,,,,
192,徐立信,111年臺北市議員選舉,首次申報,1111006,人事費用支出,楊明春,M12*******,0.00,25000.00,,,,工資或薪津,金錢,新北市中和區****,0939*****,否,,,,,,,
193,徐立信,111年臺北市議員選舉,首次申報,1111006,人事費用支出,林泰岳,U10*******,0.00,25000.00,,,,工資或薪津,金錢,新北市中和區****,0928*****,否,,,,,,,
194,徐立信,111年臺北市議員選舉,首次申報,1111006,人事費用支出,李秀英,U22*******,0.00,17200.00,,,,工資或薪津,金錢,臺北市大同區****,0933*****,否,,,,,,,
195,徐立信,111年臺北市議員選舉,首次申報,1111007,雜支支出,墊腳石,25124611,0.00,768.00,,,,文具用品費用,金錢,臺北市中正區****,,否,,,,,,,
196,徐立信,111年臺北市議員選舉,首次申報,1111008,雜支支出,家福股份有限公司台北桂林分公司,27946803,0.00,2547.00,,,,雜項購置費用,金錢,臺北市萬華區****,2388*****,否,,,,,,,
197,徐立信,111年臺北市議員選舉,首次申報,1111008,雜支支出,六扇門新莊化成店,87317758,0.00,820.00,,,,餐飲費用,金錢,新北市新莊區****,,否,,,,,,,
198,徐立信,111年臺北市議員選舉,首次申報,1111009,雜支支出,肉倉有限公司,42840596,0.00,2449.00,,,,餐飲費用,金錢,臺北市萬華區****,2331*****,否,,,,,,,
199,徐立信,111年臺北市議員選舉,首次申報,1111009,雜支支出,金興發股份有限公司城中分公司,53523935,0.00,15.00,,,,雜項購置費用,金錢,臺北市中正區****,,否,,,,,,,
200,徐立信,111年臺北市議員選舉,首次申報,1111010,雜支支出,康是美,16845379,0.00,1418.00,,,,雜項購置費用,金錢,臺北市中山區****,,否,,,,,,,
201,徐立信,111年臺北市議員選舉,首次申報,1111010,雜支支出,芃芃玩具店,26215723,0.00,3419.00,,,,雜項購置費用,金錢,臺北市大同區****,2556*****,否,,,,,,,
202,徐立信,111年臺北市議員選舉,首次申報,1111010,雜支支出,康是美,28180469,0.00,781.00,,,,雜項購置費用,金錢,臺北市中山區****,,否,,,,,,,
203,徐立信,111年臺北市議員選舉,首次申報,1111012,雜支支出,家見行,01536017,0.00,960.00,,,,雜項購置費用,金錢,臺北市大同區****,2553*****,否,,,,,,,
204,徐立信,111年臺北市議員選舉,首次申報,1111012,返還捐贈支出,勝旺事業有限公司,27608562,0.00,10000.00,,,,返還,金錢,新北市新莊區****,,否,,,,,,,
205,徐立信,111年臺北市議員選舉,首次申報,1111012,交通旅運支出,力揚停車場設備股份有限公司大稻埕營業所,88240595,0.00,40.00,,,,停車費,金錢,臺北市大同區****,,否,,,,,,,
206,徐立信,111年臺北市議員選舉,首次申報,1111013,雜支支出,墊腳石,25124611,0.00,1999.00,,,,雜項購置費用,金錢,臺北市中正區****,,否,,,,,,,
207,徐立信,111年臺北市議員選舉,首次申報,1111013,交通旅運支出,臺北大眾捷運股份有限公司,84894989,0.00,700.00,,,,車資及悠遊卡,金錢,臺北市中山區****,,否,,,,,,,
208,徐立信,111年臺北市議員選舉,首次申報,1111013,雜支支出,優仕紳企業有限公司,97445079,0.00,675.00,,,,糕餅費用,金錢,臺北市中正區****,,否,,,,,,,
209,徐立信,111年臺北市議員選舉,首次申報,1111014,雜支支出,昇華鎖匙號,01103763,0.00,100.00,,,,雜項購置費用,金錢,臺北市中正區****,,否,,,,,,,
210,徐立信,111年臺北市議員選舉,首次申報,1111014,雜支支出,黎明文化事業股份有限公司,03571138,0.00,13600.00,,,,書報雜誌費用,金錢,臺北市中正區****,2382*****,否,,,,,,,
211,徐立信,111年臺北市議員選舉,首次申報,1111014,雜支支出,黎明文化事業股份有限公司,03571138,0.00,22000.00,,,,書報雜誌費用,金錢,臺北市中正區****,2382*****,否,,,,,,,
212,徐立信,111年臺北市議員選舉,首次申報,1111014,交通旅運支出,勇助機車行,42361835,0.00,1900.00,,,,機車維修費,金錢,臺北市萬華區****,2307*****,否,,,,,,,
213,徐立信,111年臺北市議員選舉,首次申報,1111015,雜支支出,五八九有限公司安康營業所,41246197,0.00,199.00,,,,雜項購置費用,金錢,新北市新店區****,2211*****,否,,,,,,,
214,徐立信,111年臺北市議員選舉,首次申報,1111016,雜支支出,鍋癮有限公司,55821500,0.00,370.00,,,,餐飲費用,金錢,臺北市中正區****,,否,,,,,,,
215,徐立信,111年臺北市議員選舉,首次申報,1111017,宣傳支出,加祐企業有限公司,70840631,0.00,279625.00,,,,製作競選環保袋費用,金錢,臺北市萬華區****,2305*****,否,,,,,,,
216,徐立信,111年臺北市議員選舉,首次申報,1111017,雜支支出,統一超商股份有限公司,83152875,0.00,165.00,,,,餐費,金錢,臺北市中正區****,,否,,,,,,,
217,徐立信,111年臺北市議員選舉,首次申報,1111017,宣傳支出,全景社區廣播電台股份有限公司,89972674,0.00,50000.00,,,,宣傳廣告費用,金錢,臺北市信義區****,,否,,,,,,,
218,徐立信,111年臺北市議員選舉,首次申報,1111017,人事費用支出,呂玲嬋,L22*******,0.00,31000.00,,,,工資或薪津,金錢,臺北市萬華區****,0921*****,否,,,,,,,
219,徐立信,111年臺北市議員選舉,首次申報,1111018,雜支支出,家福股份有限公司台北桂林分公司,27946803,0.00,258.00,,,,雜項購置費用,金錢,臺北市萬華區****,2388*****,否,,,,,,,
220,徐立信,111年臺北市議員選舉,首次申報,1111018,雜支支出,家福股份有限公司台北重慶分公司,27946819,0.00,1508.00,,,,雜項購置費用,金錢,臺北市大同區****,2388*****,否,,,,,,,
221,徐立信,111年臺北市議員選舉,首次申報,1111019,雜支支出,大統花生食品行,01420923,0.00,1150.00,,,,食品,金錢,臺北市萬華區****,2305*****,否,,,,,,,
222,徐立信,111年臺北市議員選舉,首次申報,1111019,雜支支出,家福股份有限公司台北桂林分公司,27946803,0.00,546.00,,,,食品,金錢,臺北市萬華區****,2388*****,否,,,,,,,
223,徐立信,111年臺北市議員選舉,首次申報,1111019,雜支支出,家福股份有限公司台北重慶分公司,27946819,0.00,1471.00,,,,雜項購置費用,金錢,臺北市大同區****,2388*****,否,,,,,,,
224,徐立信,111年臺北市議員選舉,首次申報,1111019,交通旅運支出,來安停車場中正營業處,72844401,0.00,45.00,,,,停車費,金錢,新北市新店區****,2915*****,否,,,,,,,
225,徐立信,111年臺北市議員選舉,首次申報,1111020,雜支支出,九九九商行安康店,91257280,0.00,1257.00,,,,文具用品費用,金錢,新北市新店區****,8666*****,否,,,,,,,
226,徐立信,111年臺北市議員選舉,首次申報,1111021,宣傳支出,鎮城廣告企業社,31950005,0.00,39900.00,,,,製作競選帆布招牌,金錢,臺北市萬華區****,2312*****,否,,,,,,,
227,徐立信,111年臺北市議員選舉,首次申報,1111022,雜支支出,臺北農產運銷股份有限公司,04550147,0.00,620.00,,,,食品,金錢,臺北市中山區****,,否,,,,,,,
228,徐立信,111年臺北市議員選舉,首次申報,1111022,雜支支出,芃芃玩具店,26215723,0.00,239.00,,,,雜項購置費用,金錢,臺北市大同區****,2556*****,否,,,,,,,
229,徐立信,111年臺北市議員選舉,首次申報,1111022,雜支支出,尬鍋台北西門店,88173836,0.00,1099.00,,,,餐飲費用,金錢,臺北市萬華區****,,否,,,,,,,
230,徐立信,111年臺北市議員選舉,首次申報,1111023,交通旅運支出,臺北大眾捷運股份有限公司,84894989,0.00,1000.00,,,,車資及悠遊卡,金錢,臺北市中山區****,,否,,,,,,,
231,徐立信,111年臺北市議員選舉,首次申報,1111023,雜支支出,優仕紳企業有限公司,97445079,0.00,675.00,,,,糕餅費用,金錢,臺北市中正區****,,否,,,,,,,
232,徐立信,111年臺北市議員選舉,首次申報,1111024,雜支支出,中華郵政股份有限公司,03741302,0.00,28.00,,,,郵資,金錢,臺北市大安區****,,否,,,,,,,
233,徐立信,111年臺北市議員選舉,首次申報,1111024,交通旅運支出,台北市停車管理工程處,21101573,0.00,20.00,,,,停車費,金錢,臺北市信義區****,,否,,,,,,,
234,徐立信,111年臺北市議員選舉,首次申報,1111024,交通旅運支出,台北市停車管理工程處,21101573,0.00,20.00,,,,停車費,金錢,臺北市信義區****,,否,,,,,,,
235,徐立信,111年臺北市議員選舉,首次申報,1111024,宣傳支出,誠羽色彩創意有限公司,24209562,0.00,35700.00,,,,競選文宣廣告印刷,金錢,新北市新莊區****,,否,,,,,,,
236,徐立信,111年臺北市議員選舉,首次申報,1111024,雜支支出,家福股份有限公司台北新店分公司,27243938,0.00,375.00,,,,雜項購置費用,金錢,新北市新店區****,2388*****,否,,,,,,,
237,徐立信,111年臺北市議員選舉,首次申報,1111024,雜支支出,合翔圖書有限公司,27548946,0.00,820.00,,,,文具用品費用,金錢,臺北市萬華區****,2304*****,否,,,,,,,
238,徐立信,111年臺北市議員選舉,首次申報,1111024,宣傳支出,鎮城廣告企業社,31950005,0.00,63000.00,,,,製作競選布條廣告費用,金錢,臺北市萬華區****,2312*****,否,,,,,,,
239,徐立信,111年臺北市議員選舉,首次申報,1111025,雜支支出,萬大刻印社,05722239,0.00,400.00,,,,文具用品費用,金錢,臺北市中正區****,2331*****,否,,,,,,,
240,徐立信,111年臺北市議員選舉,首次申報,1111025,宣傳支出,龍山成衣批發商場自治會,26376184,0.00,1200.00,,,,製作競選背心費用,金錢,臺北市萬華區****,2308*****,否,,,,,,,
241,徐立信,111年臺北市議員選舉,首次申報,1111025,人事費用支出,謝雅華,A22*******,0.00,3000.00,,,,其他因工作酬勞之給付,金錢,臺北市大同區****,0931*****,否,,,,,,,
242,徐立信,111年臺北市議員選舉,首次申報,1111026,雜支支出,全盛商行,14746472,0.00,1100.00,,,,餐飲費用,金錢,臺北市中正區****,2330*****,否,,,,,,,
243,徐立信,111年臺北市議員選舉,首次申報,1111026,雜支支出,第一餐飲設備有限公司,27317071,0.00,1580.00,,,,雜項購置費用,金錢,臺北市萬華區****,,否,,,,,,,
244,徐立信,111年臺北市議員選舉,首次申報,1111026,雜支支出,淳泉企業有限公司,54981796,0.00,27510.00,,,,雜項購置費用,金錢,新竹市北區光****,,否,,,,,,,
245,徐立信,111年臺北市議員選舉,首次申報,1111027,雜支支出,中華郵政股份有限公司,03741302,0.00,28.00,,,,郵資,金錢,臺北市大安區****,,否,,,,,,,
246,徐立信,111年臺北市議員選舉,首次申報,1111027,雜支支出,芃芃玩具店,26215723,0.00,150.00,,,,雜項購置費用,金錢,臺北市大同區****,2556*****,否,,,,,,,
247,徐立信,111年臺北市議員選舉,首次申報,1111027,宣傳支出,基因庫科技有限公司,80636503,0.00,1200.00,,,,製作競選貼紙費用,金錢,新北市新店區****,2211*****,否,,,,,,,
248,徐立信,111年臺北市議員選舉,首次申報,1111028,雜支支出,中華郵政股份有限公司,03741302,0.00,28.00,,,,郵資,金錢,臺北市大安區****,,否,,,,,,,
249,徐立信,111年臺北市議員選舉,首次申報,1111028,雜支支出,中華郵政股份有限公司,03741302,0.00,28.00,,,,郵資,金錢,臺北市大安區****,,否,,,,,,,
250,徐立信,111年臺北市議員選舉,首次申報,1111028,雜支支出,中華郵政股份有限公司,03741302,0.00,28.00,,,,郵資,金錢,臺北市大安區****,,否,,,,,,,
251,徐立信,111年臺北市議員選舉,首次申報,1111028,雜支支出,中華郵政股份有限公司,03741302,0.00,28.00,,,,郵資,金錢,臺北市大安區****,,否,,,,,,,
252,徐立信,111年臺北市議員選舉,首次申報,1111028,雜支支出,中華郵政股份有限公司,03741302,0.00,28.00,,,,郵資,金錢,臺北市大安區****,,否,,,,,,,
253,徐立信,111年臺北市議員選舉,首次申報,1111028,雜支支出,名亨企業有限公司,50955563,0.00,988.00,,,,餐飲費用,金錢,臺北市萬華區****,2331*****,否,,,,,,,
254,徐立信,111年臺北市議員選舉,首次申報,1111028,雜支支出,昇威包裝材料有限公司,86959445,0.00,3749.00,,,,雜項購置費用,金錢,新北市新莊區****,,否,,,,,,,
255,徐立信,111年臺北市議員選舉,首次申報,1111028,雜支支出,昇威包裝材料有限公司,86959445,0.00,2138.00,,,,雜項購置費用,金錢,新北市新莊區****,,否,,,,,,,
256,徐立信,111年臺北市議員選舉,首次申報,1111028,宣傳支出,新鑫印刷品行,99975405,0.00,32.00,,,,競選文宣影印,金錢,臺北市中正區****,2314*****,否,,,,,,,
257,徐立信,111年臺北市議員選舉,首次申報,1111029,雜支支出,家福股份有限公司台北桂林分公司,27946803,0.00,9708.00,,,,雜項購置費用,金錢,臺北市萬華區****,2388*****,否,,,,,,,
258,徐立信,111年臺北市議員選舉,首次申報,1111029,宣傳支出,傳達派報社,42428688,0.00,31264.00,,,,派報,金錢,臺北市萬華區****,2303*****,否,,,,,,,
259,徐立信,111年臺北市議員選舉,首次申報,1111031,雜支支出,中華郵政股份有限公司,03741302,0.00,140.00,,,,郵資,金錢,臺北市大安區****,,否,,,,,,,
260,徐立信,111年臺北市議員選舉,首次申報,1111031,雜支支出,偉昕企業股份有限公司,22003939,0.00,560.00,,,,雜項購置費用,金錢,新北市八里區****,2610*****,否,,,,,,,
261,徐立信,111年臺北市議員選舉,首次申報,1111031,宣傳支出,北台數網電訊股份有限公司,89625859,0.00,10500.00,,,,傳送宣傳廣告費用,金錢,新北市汐止區****,8252*****,否,,,,,,,
262,徐立信,111年臺北市議員選舉,首次申報,1111101,雜支支出,中華郵政股份有限公司,03741302,0.00,28.00,,,,郵資,金錢,臺北市大安區****,,否,,,,,,,
263,徐立信,111年臺北市議員選舉,首次申報,1111101,雜支支出,中華郵政股份有限公司,03741302,0.00,28.00,,,,郵資,金錢,臺北市大安區****,,否,,,,,,,
264,徐立信,111年臺北市議員選舉,首次申報,1111101,雜支支出,中華郵政股份有限公司,03741302,0.00,28.00,,,,郵資,金錢,臺北市大安區****,,否,,,,,,,
265,徐立信,111年臺北市議員選舉,首次申報,1111101,雜支支出,中華郵政股份有限公司,03741302,0.00,28.00,,,,郵資,金錢,臺北市大安區****,,否,,,,,,,
266,徐立信,111年臺北市議員選舉,首次申報,1111101,雜支支出,中華郵政股份有限公司,03741302,0.00,28.00,,,,郵資,金錢,臺北市大安區****,,否,,,,,,,
267,徐立信,111年臺北市議員選舉,首次申報,1111101,返還捐贈支出,沅立彩色製版印刷股份有限公司,07730093,0.00,50000.00,,,,返還,金錢,台北市士林區****,,否,,,,,,,
268,徐立信,111年臺北市議員選舉,首次申報,1111101,雜支支出,客惟您食品股份有限公司,23386287,0.00,2258.00,,,,食品,金錢,桃園市龜山區****,8200*****,否,,,,,,,
269,徐立信,111年臺北市議員選舉,首次申報,1111101,雜支支出,菘群國際開發有限公司,28725568,0.00,105000.00,,,,飲品,金錢,臺北市中正區****,,否,,,,,,,
270,徐立信,111年臺北市議員選舉,首次申報,1111101,集會支出,松和商行,81621211,0.00,20475.00,,,,競選背心,金錢,臺北市中正區****,2301*****,否,,,,,,,
271,徐立信,111年臺北市議員選舉,首次申報,1111101,集會支出,皇冠盟演藝經紀股份有限公司,90773049,0.00,60000.00,,,,活動規劃、演出等費用,金錢,臺北市士林區****,,否,,,,,,,
272,徐立信,111年臺北市議員選舉,首次申報,1111102,雜支支出,中華郵政股份有限公司,03741302,0.00,140.00,,,,郵資,金錢,臺北市大安區****,,否,,,,,,,
273,徐立信,111年臺北市議員選舉,首次申報,1111102,集會支出,龍山成衣批發商場自治會,26376184,0.00,70000.00,,,,競選帽子,金錢,臺北市萬華區****,2308*****,否,,,,,,,
274,徐立信,111年臺北市議員選舉,首次申報,1111102,雜支支出,家福股份有限公司台北桂林分公司,27946803,0.00,3371.00,,,,雜項購置費用,金錢,臺北市萬華區****,2388*****,否,,,,,,,
275,徐立信,111年臺北市議員選舉,首次申報,1111103,雜支支出,中華郵政股份有限公司,03741302,0.00,140.00,,,,郵資,金錢,臺北市大安區****,,否,,,,,,,
276,徐立信,111年臺北市議員選舉,首次申報,1111103,雜支支出,家福股份有限公司台北新店分公司,27243938,0.00,465.00,,,,雜項購置費用,金錢,新北市新店區****,8919*****,否,,,,,,,
277,徐立信,111年臺北市議員選舉,首次申報,1111104,雜支支出,中華郵政股份有限公司,03741302,0.00,168.00,,,,郵資,金錢,臺北市大安區****,,否,,,,,,,
278,徐立信,111年臺北市議員選舉,首次申報,1111104,雜支支出,喜憨兒烘焙餐廳,17089268,0.00,35.00,,,,食品,金錢,臺北市松山區****,,否,,,,,,,
279,徐立信,111年臺北市議員選舉,首次申報,1111104,交通旅運支出,重陽橋加油站股份有限公司,23720635,0.00,200.00,,,,油資,金錢,新北市三重區****,,否,,,,,,,
280,徐立信,111年臺北市議員選舉,首次申報,1111104,雜支支出,墊腳石許昌店,25124611,0.00,115.00,,,,文具用品費用,金錢,臺北市中正區****,2311*****,否,,,,,,,
281,徐立信,111年臺北市議員選舉,首次申報,1111104,雜支支出,金興發股份有限公司城中分公司,53523935,0.00,44.00,,,,文具用品費用,金錢,臺北市中正區****,,否,,,,,,,
282,徐立信,111年臺北市議員選舉,首次申報,1111104,宣傳支出,阿志有限公司,83987453,0.00,2890.00,,,,印製競選布條,金錢,臺北市中山區****,0918*****,否,,,,,,,
283,徐立信,111年臺北市議員選舉,首次申報,1111105,集會支出,義勇警察大隊,,0.00,6440.00,,,,協勤費,金錢,台北市中正區****,,否,,,,,,,
284,徐立信,111年臺北市議員選舉,首次申報,1111105,集會支出,義勇警察大隊,,0.00,2520.00,,,,協勤費,金錢,台北市中正區****,,否,,,,,,,
285,徐立信,111年臺北市議員選舉,首次申報,1111105,集會支出,東門椅桌店,03255723,0.00,5000.00,,,,租用設備費用,金錢,臺北市中正區****,2341*****,否,,,,,,,
286,徐立信,111年臺北市議員選舉,首次申報,1111105,集會支出,東門椅桌店,03255723,0.00,5000.00,,,,租用設備費用,金錢,臺北市中正區****,2341*****,否,,,,,,,
287,徐立信,111年臺北市議員選舉,首次申報,1111105,集會支出,東門椅桌店,03255723,0.00,2000.00,,,,租用設備費用,金錢,臺北市中正區****,2341*****,否,,,,,,,
288,徐立信,111年臺北市議員選舉,首次申報,1111105,集會支出,蘋果會場佈置企業社,10504445,0.00,7500.00,,,,會場佈置設備費用,金錢,新北市淡水區****,0911*****,否,,,,,,,
289,徐立信,111年臺北市議員選舉,首次申報,1111105,雜支支出,墊腳石台北重南店,12852736,0.00,371.00,,,,文具用品費用,金錢,臺北市中正區****,,否,,,,,,,
290,徐立信,111年臺北市議員選舉,首次申報,1111105,集會支出,鑫富貴多媒體工作室,72872004,0.00,25000.00,,,,租用舞台車費用,金錢,新北市三芝區****,2636*****,否,,,,,,,
291,徐立信,111年臺北市議員選舉,首次申報,1111106,雜支支出,立川衡陽店,50868358,0.00,1200.00,,,,餐飲費用,金錢,臺北市中正區****,,否,,,,,,,
292,徐立信,111年臺北市議員選舉,首次申報,1111106,雜支支出,金興發股份有限公司城中分公司,53523935,0.00,246.00,,,,文具用品費用,金錢,臺北市中正區****,,否,,,,,,,
293,徐立信,111年臺北市議員選舉,首次申報,1111106,人事費用支出,張又升,A12*******,0.00,40000.00,,,,工資或薪津,金錢,臺北市中正區****,0933*****,否,,,,,,,
294,徐立信,111年臺北市議員選舉,首次申報,1111106,人事費用支出,陳昱夫,A12*******,0.00,25000.00,,,,工資或薪津,金錢,臺北市北投區****,0900*****,否,,,,,,,
295,徐立信,111年臺北市議員選舉,首次申報,1111106,人事費用支出,桂嘉文,A12*******,0.00,25000.00,,,,工資或薪津,金錢,臺北市士林區****,0966*****,否,,,,,,,
296,徐立信,111年臺北市議員選舉,首次申報,1111106,人事費用支出,崔信基,E12*******,0.00,25000.00,,,,工資或薪津,金錢,南投縣草屯鎮****,0931*****,否,,,,,,,
297,徐立信,111年臺北市議員選舉,首次申報,1111106,人事費用支出,李茂基,E12*******,0.00,25000.00,,,,工資或薪津,金錢,臺北市萬華區****,0982*****,否,,,,,,,
298,徐立信,111年臺北市議員選舉,首次申報,1111106,人事費用支出,趙金城,F12*******,0.00,25000.00,,,,工資或薪津,金錢,新北市汐止區****,0911*****,否,,,,,,,
299,徐立信,111年臺北市議員選舉,首次申報,1111106,人事費用支出,邱建軫,F22*******,0.00,24425.00,,,,工資或薪津,金錢,新北市新店區****,0987*****,否,,,,,,,
300,徐立信,111年臺北市議員選舉,首次申報,1111106,人事費用支出,高郁雯,K22*******,0.00,25000.00,,,,工資或薪津,金錢,臺北市中正區****,0958*****,否,,,,,,,
301,徐立信,111年臺北市議員選舉,首次申報,1111106,人事費用支出,魏秀娥,L20*******,0.00,25000.00,,,,工資或薪津,金錢,臺北市萬華區****,0919*****,否,,,,,,,
302,徐立信,111年臺北市議員選舉,首次申報,1111106,人事費用支出,楊明春,M12*******,0.00,25000.00,,,,工資或薪津,金錢,新北市中和區****,0939*****,否,,,,,,,
303,徐立信,111年臺北市議員選舉,首次申報,1111106,人事費用支出,林泰岳,U10*******,0.00,25000.00,,,,工資或薪津,金錢,新北市中和區****,0928*****,否,,,,,,,
304,徐立信,111年臺北市議員選舉,首次申報,1111106,人事費用支出,李秀英,U22*******,0.00,17200.00,,,,工資或薪津,金錢,臺北市大同區****,0933*****,否,,,,,,,
305,徐立信,111年臺北市議員選舉,首次申報,1111107,雜支支出,中華郵政股份有限公司,03741302,0.00,28.00,,,,郵資,金錢,臺北市大安區****,,否,,,,,,,
306,徐立信,111年臺北市議員選舉,首次申報,1111107,雜支支出,一之軒食品有限公司和平分店,29218512,0.00,440.00,,,,食品,金錢,臺北市中正區****,,否,,,,,,,
307,徐立信,111年臺北市議員選舉,首次申報,1111108,雜支支出,高憶水電行,02275594,0.00,2760.00,,,,修繕費用,金錢,新北市新店區****,2217*****,否,,,,,,,
308,徐立信,111年臺北市議員選舉,首次申報,1111108,雜支支出,高憶水電行,02275594,0.00,1100.00,,,,修繕費用,金錢,新北市新店區****,2217*****,否,,,,,,,
309,徐立信,111年臺北市議員選舉,首次申報,1111108,雜支支出,瀧安商行,66994731,0.00,74.00,,,,雜項購置費用,金錢,新北市新莊區****,2206*****,否,,,,,,,
310,徐立信,111年臺北市議員選舉,首次申報,1111108,雜支支出,味王股份有限公司台北營業所,76877640,0.00,19000.00,,,,食品,金錢,新北市三重區****,2995*****,否,,,,,,,
311,徐立信,111年臺北市議員選舉,首次申報,1111109,雜支支出,喜憨兒烘焙餐廳,17089268,0.00,15.00,,,,食品,金錢,臺北市松山區****,,否,,,,,,,
312,徐立信,111年臺北市議員選舉,首次申報,1111109,宣傳支出,安觀國際有限公司,53318765,0.00,50000.00,,,,委託辦理調查費用,金錢,臺北市中山區****,0953*****,否,,,,,,,
313,徐立信,111年臺北市議員選舉,首次申報,1111109,交通旅運支出,臺北大眾捷運股份有限公司,84894989,0.00,700.00,,,,車資及悠遊卡,金錢,臺北市中山區****,,否,,,,,,,
314,徐立信,111年臺北市議員選舉,首次申報,1111109,雜支支出,優仕紳企業有限公司,97445079,0.00,675.00,,,,食品,金錢,臺北市中正區****,,否,,,,,,,
315,徐立信,111年臺北市議員選舉,首次申報,1111110,雜支支出,墊腳石許昌店,25124611,0.00,34.00,,,,文具用品費用,金錢,臺北市中正區****,2311*****,否,,,,,,,
316,徐立信,111年臺北市議員選舉,首次申報,1111110,雜支支出,墊腳石許昌店,25124611,0.00,876.00,,,,文具用品費用,金錢,臺北市中正區****,2311*****,否,,,,,,,
317,徐立信,111年臺北市議員選舉,首次申報,1111111,雜支支出,中華郵政股份有限公司,03741302,0.00,44.00,,,,郵資,金錢,臺北市大安區****,,否,,,,,,,
318,徐立信,111年臺北市議員選舉,首次申報,1111111,雜支支出,怡泰餐具行,48999191,0.00,590.00,,,,雜項購置費用,金錢,臺北市中正區****,2309*****,否,,,,,,,
319,徐立信,111年臺北市議員選舉,首次申報,1111111,雜支支出,海頂鮮有限公司,85088028,0.00,4257.00,,,,食品,金錢,彰化縣伸港鄉****,,否,,,,,,,
320,徐立信,111年臺北市議員選舉,首次申報,1111112,雜支支出,皇家帝國麻辣火鍋店,14342963,0.00,2090.00,,,,餐飲費用,金錢,臺北市萬華區****,2314*****,否,,,,,,,
321,徐立信,111年臺北市議員選舉,首次申報,1111112,雜支支出,統一超商股份有限公司,83152875,0.00,54.00,,,,食品,金錢,臺北市中正區****,,否,,,,,,,
322,徐立信,111年臺北市議員選舉,首次申報,1111113,雜支支出,徠徠水餃店,18385484,0.00,335.00,,,,餐費,金錢,臺北市中正區****,,否,,,,,,,
323,徐立信,111年臺北市議員選舉,首次申報,1111113,宣傳支出,優劵行銷有限公司,90577665,0.00,300000.00,,,,宣傳廣告費用,金錢,新北市新莊區****,,否,,,,,,,
324,徐立信,111年臺北市議員選舉,首次申報,1111114,雜支支出,墊腳石許昌店,25124611,0.00,430.00,,,,文具用品費用,金錢,臺北市中正區****,2311*****,否,,,,,,,
325,徐立信,111年臺北市議員選舉,首次申報,1111114,返還捐贈支出,享樂文旅飯店股份有限公司,42617061,0.00,50000.00,,,,返還,金錢,臺北市中正區****,,否,,,,,,,
326,徐立信,111年臺北市議員選舉,首次申報,1111114,雜支支出,昇威包裝材料有限公司,86959445,0.00,1439.00,,,,雜項購置費用,金錢,新北市新莊區****,,否,,,,,,,
327,徐立信,111年臺北市議員選舉,首次申報,1111115,雜支支出,昇華鎖匙號,01103763,0.00,40.00,,,,雜項購置費用,金錢,臺北市中正區****,,否,,,,,,,
328,徐立信,111年臺北市議員選舉,首次申報,1111115,雜支支出,客惟您食品股份有限公司,23386287,0.00,1880.00,,,,食品,金錢,桃園市龜山區****,8200*****,否,,,,,,,
329,徐立信,111年臺北市議員選舉,首次申報,1111115,雜支支出,墊腳石許昌店,25124611,0.00,249.00,,,,文具用品費用,金錢,臺北市中正區****,2311*****,否,,,,,,,
330,徐立信,111年臺北市議員選舉,首次申報,1111116,雜支支出,喜憨兒烘焙餐廳,17089268,0.00,220.00,,,,食品,金錢,臺北市松山區****,,否,,,,,,,
331,徐立信,111年臺北市議員選舉,首次申報,1111117,宣傳支出,速捷翻譯社,01100442,0.00,5900.00,,,,製作郵寄競選文宣聯絡資訊等打字費用,金錢,臺北市中正區****,2331*****,否,,,,,,,
332,徐立信,111年臺北市議員選舉,首次申報,1111117,雜支支出,中華郵政股份有限公司,03741302,0.00,560.00,,,,郵資,金錢,臺北市大安區****,,否,,,,,,,
333,徐立信,111年臺北市議員選舉,首次申報,1111117,雜支支出,中華郵政股份有限公司,03741302,0.00,28.00,,,,郵資,金錢,臺北市大安區****,,否,,,,,,,
334,徐立信,111年臺北市議員選舉,首次申報,1111117,雜支支出,50嵐綠茶連鎖專賣店,25656757,0.00,45.00,,,,飲料,金錢,臺北市中正區****,,否,,,,,,,
335,徐立信,111年臺北市議員選舉,首次申報,1111117,人事費用支出,呂玲嬋,L22*******,0.00,31000.00,,,,工資或薪津,金錢,臺北市萬華區****,0921*****,否,,,,,,,
336,徐立信,111年臺北市議員選舉,首次申報,1111118,雜支支出,中華郵政股份有限公司,03741302,0.00,560.00,,,,郵資,金錢,臺北市大安區****,,否,,,,,,,
337,徐立信,111年臺北市議員選舉,首次申報,1111118,雜支支出,中華郵政股份有限公司,03741302,0.00,560.00,,,,郵資,金錢,臺北市大安區****,,否,,,,,,,
338,徐立信,111年臺北市議員選舉,首次申報,1111118,雜支支出,墊腳石許昌店,25124611,0.00,1001.00,,,,文具用品費用,金錢,臺北市中正區****,2311*****,否,,,,,,,
339,徐立信,111年臺北市議員選舉,首次申報,1111119,雜支支出,昇威包裝材料有限公司,86959445,0.00,336.00,,,,雜項購置費用,金錢,新北市新莊區****,,否,,,,,,,
340,徐立信,111年臺北市議員選舉,首次申報,1111120,雜支支出,昇威包裝材料有限公司,86959445,0.00,3056.00,,,,雜項購置費用,金錢,新北市新莊區****,,否,,,,,,,
341,徐立信,111年臺北市議員選舉,首次申報,1111121,雜支支出,中華郵政股份有限公司,03741302,0.00,560.00,,,,郵資,金錢,臺北市大安區****,,否,,,,,,,
342,徐立信,111年臺北市議員選舉,首次申報,1111121,雜支支出,中華郵政股份有限公司,03741302,0.00,8366.00,,,,郵資,金錢,臺北市大安區****,,否,,,,,,,
343,徐立信,111年臺北市議員選舉,首次申報,1111122,雜支支出,大統花生食品行,01420923,0.00,300.00,,,,食品,金錢,臺北市萬華區****,2305*****,否,,,,,,,
344,徐立信,111年臺北市議員選舉,首次申報,1111122,雜支支出,中華郵政股份有限公司,03741302,0.00,560.00,,,,郵資,金錢,臺北市大安區****,,否,,,,,,,
345,徐立信,111年臺北市議員選舉,首次申報,1111123,雜支支出,中華郵政股份有限公司,03741302,0.00,1680.00,,,,郵資,金錢,臺北市大安區****,,否,,,,,,,
346,徐立信,111年臺北市議員選舉,首次申報,1111123,雜支支出,喜憨兒烘焙餐廳,17089268,0.00,30.00,,,,食品,金錢,臺北市松山區****,,否,,,,,,,
347,徐立信,111年臺北市議員選舉,首次申報,1111123,雜支支出,潤泰創新國際股份有限公司中崙分公司,27243775,0.00,608.00,,,,雜項購置費用,金錢,臺北市中山區****,,否,,,,,,,
348,徐立信,111年臺北市議員選舉,首次申報,1111123,雜支支出,家福股份有限公司台北桂林分公司,27946803,0.00,1251.00,,,,雜項購置費用,金錢,臺北市萬華區****,2388*****,否,,,,,,,
349,徐立信,111年臺北市議員選舉,首次申報,1111124,雜支支出,中華郵政股份有限公司,03741302,0.00,560.00,,,,郵資,金錢,臺北市大安區****,,否,,,,,,,
350,徐立信,111年臺北市議員選舉,首次申報,1111124,雜支支出,McDonalds,54388444,0.00,279.00,,,,食品,金錢,臺北市萬華區****,,否,,,,,,,
351,徐立信,111年臺北市議員選舉,首次申報,1111124,雜支支出,優仕紳企業有限公司,97445079,0.00,43000.00,,,,食品,金錢,臺北市中正區****,,否,,,,,,,
352,徐立信,111年臺北市議員選舉,首次申報,1111125,雜支支出,國防部福利事業管理處信義福利站,00010083,0.00,680.00,,,,食品等雜費,金錢,臺北市信義區****,,否,,,,,,,
353,徐立信,111年臺北市議員選舉,首次申報,1111125,雜支支出,中華郵政股份有限公司,03741302,0.00,560.00,,,,郵資,金錢,臺北市大安區****,,否,,,,,,,
354,徐立信,111年臺北市議員選舉,首次申報,1111125,宣傳支出,傳達派報社,42428688,0.00,36475.00,,,,派報,金錢,臺北市萬華區****,2303*****,否,,,,,,,
355,徐立信,111年臺北市議員選舉,首次申報,1111125,宣傳支出,新鑫印刷品行,99975405,0.00,30.00,,,,宣傳品印刷,金錢,臺北市中正區****,2314*****,否,,,,,,,
356,徐立信,111年臺北市議員選舉,首次申報,1111125,人事費用支出,謝雅華,A22*******,0.00,2400.00,,,,其他因工作酬勞之給付,金錢,臺北市大同區****,0931*****,否,,,,,,,
357,徐立信,111年臺北市議員選舉,首次申報,1111126,雜支支出,統一超商股份有限公司,70765817,0.00,32.00,,,,飲料,金錢,臺北市士林區****,,否,,,,,,,
358,徐立信,111年臺北市議員選舉,首次申報,1111128,雜支支出,中華郵政股份有限公司,03741302,0.00,28.00,,,,郵資,金錢,臺北市大安區****,,否,,,,,,,
359,徐立信,111年臺北市議員選舉,首次申報,1111128,雜支支出,客惟您食品股份有限公司,23386287,0.00,2258.00,,,,食品,金錢,桃園市龜山區****,8200*****,否,,,,,,,
360,徐立信,111年臺北市議員選舉,首次申報,1111128,雜支支出,菘群國際開發有限公司,28725568,0.00,100000.00,,,,雜項購置費用,金錢,臺北市中正區****,,否,,,,,,,
361,徐立信,111年臺北市議員選舉,首次申報,1111129,雜支支出,中華郵政股份有限公司,03741302,0.00,560.00,,,,郵資,金錢,臺北市大安區****,,否,,,,,,,
362,徐立信,111年臺北市議員選舉,首次申報,1111129,雜支支出,中華郵政股份有限公司,03741302,0.00,392.00,,,,郵資,金錢,臺北市大安區****,,否,,,,,,,
363,徐立信,111年臺北市議員選舉,首次申報,1111129,交通旅運支出,臺北大眾捷運股份有限公司,84894989,0.00,300.00,,,,車資及悠遊卡,金錢,臺北市中山區****,,否,,,,,,,
364,徐立信,111年臺北市議員選舉,首次申報,1111129,交通旅運支出,臺北大眾捷運股份有限公司,84894989,0.00,100.00,,,,車資及悠遊卡,金錢,臺北市中山區****,,否,,,,,,,
365,徐立信,111年臺北市議員選舉,首次申報,1111129,雜支支出,優仕紳企業有限公司,97445079,0.00,675.00,,,,食品,金錢,臺北市中正區****,,否,,,,,,,
366,徐立信,111年臺北市議員選舉,首次申報,1111130,雜支支出,中華郵政股份有限公司,03741302,0.00,28.00,,,,郵資,金錢,臺北市大安區****,,否,,,,,,,
367,徐立信,111年臺北市議員選舉,首次申報,1111130,人事費用支出,陳尚猷,A12*******,0.00,8225.00,,,,工資或薪津,金錢,臺北市萬華區****,0978*****,否,,,,,,,
368,徐立信,111年臺北市議員選舉,首次申報,1111130,人事費用支出,陳邱平,C12*******,0.00,2975.00,,,,工資或薪津,金錢,基隆市仁愛區****,0905*****,否,,,,,,,
369,徐立信,111年臺北市議員選舉,首次申報,1111201,雜支支出,中華郵政股份有限公司,03741302,0.00,28.00,,,,郵資,金錢,臺北市大安區****,,否,,,,,,,
370,徐立信,111年臺北市議員選舉,首次申報,1111201,雜支支出,中華郵政股份有限公司,03741302,0.00,28.00,,,,郵資,金錢,臺北市大安區****,,否,,,,,,,
371,徐立信,111年臺北市議員選舉,首次申報,1111201,宣傳支出,鑫鑫工作室,73882640,0.00,143260.00,,,,製作帆布廣告費用,金錢,臺北市中正區****,2388*****,否,,,,,,,
372,徐立信,111年臺北市議員選舉,首次申報,1111202,雜支支出,中華郵政股份有限公司,03741302,0.00,44.00,,,,郵資,金錢,臺北市大安區****,,否,,,,,,,
373,徐立信,111年臺北市議員選舉,首次申報,1111203,雜支支出,家福股份有限公司台北桂林分公司,27946803,0.00,1578.00,,,,雜項購置費用,金錢,臺北市萬華區****,2388*****,否,,,,,,,
374,徐立信,111年臺北市議員選舉,首次申報,1111204,雜支支出,McDonalds,54388444,0.00,514.00,,,,食品,金錢,臺北市萬華區****,,否,,,,,,,
375,徐立信,111年臺北市議員選舉,首次申報,1111205,雜支支出,上易股份有限公司萬大分公司,82918583,0.00,149.00,,,,文具用品費用,金錢,臺北市萬華區****,,否,,,,,,,
376,徐立信,111年臺北市議員選舉,首次申報,1111206,雜支支出,中華郵政股份有限公司,03741302,0.00,84.00,,,,郵資,金錢,臺北市大安區****,,否,,,,,,,
377,徐立信,111年臺北市議員選舉,首次申報,1111206,雜支支出,客惟您食品股份有限公司,23386287,0.00,2258.00,,,,食品,金錢,桃園市龜山區****,8200*****,否,,,,,,,
378,徐立信,111年臺北市議員選舉,首次申報,1111206,交通旅運支出,歐特儀股份有限公司,91176800,0.00,10.00,,,,停車費,金錢,新北市板橋區****,,否,,,,,,,
379,徐立信,111年臺北市議員選舉,首次申報,1111206,人事費用支出,陳柏安,A12*******,0.00,53000.00,,,,工資或薪津,金錢,臺北市中正區****,0908*****,否,,,,,,,
380,徐立信,111年臺北市議員選舉,首次申報,1111206,人事費用支出,桂嘉文,A12*******,0.00,25000.00,,,,工資或薪津,金錢,臺北市士林區****,0966*****,否,,,,,,,
381,徐立信,111年臺北市議員選舉,首次申報,1111206,人事費用支出,李茂基,E12*******,0.00,25000.00,,,,工資或薪津,金錢,臺北市萬華區****,0982*****,否,,,,,,,
382,徐立信,111年臺北市議員選舉,首次申報,1111206,人事費用支出,趙金城,F12*******,0.00,25000.00,,,,工資或薪津,金錢,新北市汐止區****,0911*****,否,,,,,,,
383,徐立信,111年臺北市議員選舉,首次申報,1111206,人事費用支出,邱建軫,F22*******,0.00,35556.00,,,,工資或薪津,金錢,新北市新店區****,0987*****,否,,,,,,,
384,徐立信,111年臺北市議員選舉,首次申報,1111206,人事費用支出,楊明春,M12*******,0.00,25000.00,,,,工資或薪津,金錢,新北市中和區****,0939*****,否,,,,,,,
385,徐立信,111年臺北市議員選舉,首次申報,1111206,人事費用支出,李秀英,U22*******,0.00,17200.00,,,,工資或薪津,金錢,臺北市大同區****,0933*****,否,,,,,,,
386,徐立信,111年臺北市議員選舉,首次申報,1111207,雜支支出,大統花生食品行,01420923,0.00,1020.00,,,,食品,金錢,臺北市萬華區****,2305*****,否,,,,,,,
387,徐立信,111年臺北市議員選舉,首次申報,1111207,雜支支出,家福股份有限公司台北桂林分公司,27946803,0.00,2472.00,,,,雜項購置費用,金錢,臺北市萬華區****,2388*****,否,,,,,,,
388,徐立信,111年臺北市議員選舉,首次申報,1111207,雜支支出,羿鴻國際有限公司,53875620,0.00,5198.00,,,,雜項購置費用,金錢,桃園市觀音區****,,否,,,,,,,
389,徐立信,111年臺北市議員選舉,首次申報,1111208,雜支支出,黎明文化事業股份有限公司,03571138,0.00,13350.00,,,,書報雜誌費用,金錢,臺北市中正區****,2382*****,否,,,,,,,
390,徐立信,111年臺北市議員選舉,首次申報,1111208,雜支支出,中華郵政股份有限公司,03741302,0.00,28.00,,,,郵資,金錢,臺北市大安區****,,否,,,,,,,
391,徐立信,111年臺北市議員選舉,首次申報,1111208,雜支支出,中華郵政股份有限公司,03741302,0.00,28.00,,,,郵資,金錢,臺北市大安區****,,否,,,,,,,
392,徐立信,111年臺北市議員選舉,首次申報,1111208,雜支支出,中華郵政股份有限公司,03741302,0.00,28.00,,,,郵資,金錢,臺北市大安區****,,否,,,,,,,
393,徐立信,111年臺北市議員選舉,首次申報,1111208,宣傳支出,鎮城廣告企業社,31950005,0.00,210000.00,,,,製作帆布廣告費用,金錢,臺北市萬華區****,2312*****,否,,,,,,,
394,徐立信,111年臺北市議員選舉,首次申報,1111209,雜支支出,墊腳石許昌店,25124611,0.00,5291.00,,,,文具用品費用,金錢,臺北市中正區****,2311*****,否,,,,,,,
395,徐立信,111年臺北市議員選舉,首次申報,1111209,雜支支出,芃芃玩具店,26215723,0.00,5590.00,,,,雜項購置費用,金錢,臺北市大同區****,2556*****,否,,,,,,,
396,徐立信,111年臺北市議員選舉,首次申報,1111210,雜支支出,家福股份有限公司台北桂林分公司,27946803,0.00,160.00,,,,食品,金錢,臺北市萬華區****,2388*****,否,,,,,,,
397,徐立信,111年臺北市議員選舉,首次申報,1111211,雜支支出,McDonalds,16098205,0.00,174.00,,,,食品,金錢,臺北市萬華區****,,否,,,,,,,
398,徐立信,111年臺北市議員選舉,首次申報,1111211,雜支支出,家福股份有限公司台北桂林分公司,27946803,0.00,23548.00,,,,飲料,金錢,臺北市萬華區****,2388*****,否,,,,,,,
399,徐立信,111年臺北市議員選舉,首次申報,1111213,雜支支出,中華郵政股份有限公司,03741302,0.00,35.00,,,,郵資,金錢,臺北市大安區****,,否,,,,,,,
400,徐立信,111年臺北市議員選舉,首次申報,1111213,雜支支出,美德耐股份有限公司常德小歇門市部,14339279,0.00,7380.00,,,,餐飲費用,金錢,臺北市中正區****,0800*****,否,,,,,,,
401,徐立信,111年臺北市議員選舉,首次申報,1111214,雜支支出,85度C,54758229,0.00,141.00,,,,餐飲費用,金錢,臺北市萬華區****,,否,,,,,,,
402,徐立信,111年臺北市議員選舉,首次申報,1111216,雜支支出,客惟您食品股份有限公司,23386287,0.00,1134.00,,,,食品,金錢,桃園市龜山區****,8200*****,否,,,,,,,
403,徐立信,111年臺北市議員選舉,首次申報,1111216,雜支支出,墊腳石許昌店,25124611,0.00,1920.00,,,,文具用品費用,金錢,臺北市中正區****,2311*****,否,,,,,,,
404,徐立信,111年臺北市議員選舉,首次申報,1111216,雜支支出,上易股份有限公司萬大分公司,82918583,0.00,318.00,,,,文具用品費用,金錢,臺北市萬華區****,,否,,,,,,,
405,徐立信,111年臺北市議員選舉,首次申報,1111217,人事費用支出,陳尚猷,A12*******,0.00,31025.00,,,,工資或薪津,金錢,臺北市萬華區****,0978*****,否,,,,,,,
406,徐立信,111年臺北市議員選舉,首次申報,1111217,人事費用支出,桂嘉文,A12*******,0.00,10750.00,,,,工資或薪津,金錢,臺北市士林區****,0966*****,否,,,,,,,
407,徐立信,111年臺北市議員選舉,首次申報,1111217,人事費用支出,陳邱平,C12*******,0.00,12250.00,,,,工資或薪津,金錢,基隆市仁愛區****,0905*****,否,,,,,,,
408,徐立信,111年臺北市議員選舉,首次申報,1111217,人事費用支出,王子銘,F12*******,0.00,3325.00,,,,工資或薪津,金錢,基隆市七堵區****,,否,,,,,,,
409,徐立信,111年臺北市議員選舉,首次申報,1111217,人事費用支出,呂玲嬋,L22*******,0.00,31000.00,,,,工資或薪津,金錢,臺北市萬華區****,0921*****,否,,,,,,,
410,徐立信,111年臺北市議員選舉,首次申報,1111219,雜支支出,中華郵政股份有限公司,03741302,0.00,80.00,,,,郵資,金錢,臺北市大安區****,,否,,,,,,,
411,徐立信,111年臺北市議員選舉,首次申報,1111219,雜支支出,中華郵政股份有限公司,03741302,0.00,28.00,,,,郵資,金錢,臺北市大安區****,,否,,,,,,,
412,徐立信,111年臺北市議員選舉,首次申報,1111220,雜支支出,大統花生食品行,01420923,0.00,1150.00,,,,食品,金錢,臺北市萬華區****,2305*****,否,,,,,,,
413,徐立信,111年臺北市議員選舉,首次申報,1111220,雜支支出,易百文具有限公司,52895090,0.00,572.00,,,,文具用品費用,金錢,臺北市中正區****,,否,,,,,,,
414,徐立信,111年臺北市議員選舉,首次申報,1111220,雜支支出,淳泉企業有限公司,54981796,0.00,31120.00,,,,雜項購置費用,金錢,新竹市北區光****,,否,,,,,,,
415,徐立信,111年臺北市議員選舉,首次申報,1111220,宣傳支出,優劵行銷有限公司,90577665,0.00,200000.00,,,,摸彩品,金錢,新北市新莊區****,,否,,,,,,,
416,徐立信,111年臺北市議員選舉,首次申報,1111221,雜支支出,客惟您食品股份有限公司,23386287,0.00,2247.00,,,,食品,金錢,桃園市龜山區****,8200*****,否,,,,,,,
417,徐立信,111年臺北市議員選舉,首次申報,1111221,雜支支出,家福股份有限公司台北桂林分公司,27946803,0.00,2000.00,,,,雜項購置費用,金錢,臺北市萬華區****,2388*****,否,,,,,,,
418,徐立信,111年臺北市議員選舉,首次申報,1111222,雜支支出,百合麵包園,31301699,0.00,250.00,,,,食品,金錢,台北市士林區****,2832*****,否,,,,,,,
419,徐立信,111年臺北市議員選舉,首次申報,1111224,雜支支出,台灣大創百貨股份有限公司台北站前分公司,54345115,0.00,148.00,,,,文具用品費用,金錢,臺北市中正區****,,否,,,,,,,
420,徐立信,111年臺北市議員選舉,首次申報,1111224,雜支支出,光南大批發連鎖店,80594927,0.00,170.00,,,,雜項購置費用,金錢,臺北市中正區****,,否,,,,,,,
421,徐立信,111年臺北市議員選舉,首次申報,1111224,雜支支出,閎喬企業社,81745542,0.00,1070.00,,,,雜項購置費用,金錢,臺北市萬華區****,,否,,,,,,,
