﻿序號,擬參選人／政黨,選舉名稱,申報序號／年度,交易日期,收支科目,捐贈者／支出對象,身分證／統一編號,收入金額,支出金額,捐贈方式,存入專戶日期,返還/繳庫,支出用途,金錢類,地址,聯絡電話,應揭露之支出對象,支出對象之內部人員姓名,支出對象之內部人員職稱,政黨之內部人員姓名,政黨之內部人員職稱,關係,更正註記,資料更正日期
1,廖先翔,111年新北市議員選舉,首次申報,1110627,個人捐贈收入,羅香蘭,F22*******,200.00,0.00,匯款,1110701,,,金錢,新北市汐止區****," 09*****",,,,,,,,
2,廖先翔,111年新北市議員選舉,首次申報,1110629,個人捐贈收入,王雋婷,A22*******,200.00,0.00,匯款,1110708,,,金錢,新北市汐止區****," 09*****",,,,,,,,
3,廖先翔,111年新北市議員選舉,首次申報,1110630,個人捐贈收入,紀素華,E22*******,200.00,0.00,匯款,1110708,,,金錢,新北市汐止區****," 09*****",,,,,,,,
4,廖先翔,111年新北市議員選舉,首次申報,1110701,匿名捐贈,0701跨行轉,,200.00,0.00,匯款,1110701,,,金錢,,,,,,,,,,
5,廖先翔,111年新北市議員選舉,首次申報,1110702,個人捐贈收入,蘇怡文,A22*******,200.00,0.00,匯款,1110708,,,金錢,新北市汐止區****," 09*****",,,,,,,,
6,廖先翔,111年新北市議員選舉,首次申報,1110704,個人捐贈收入,周孟逢,A20*******,50000.00,0.00,現金,1110718,,,金錢,臺北市民權西****,0952*****,,,,,,,,
7,廖先翔,111年新北市議員選舉,首次申報,1110704,個人捐贈收入,沈台喜,E10*******,100000.00,0.00,現金,1110718,,,金錢,臺北市忠孝東****,0935*****,,,,,,,,
8,廖先翔,111年新北市議員選舉,首次申報,1110704,個人捐贈收入,林賴松,F10*******,100000.00,0.00,現金,1110704,,,金錢,新北市汐止區****,,,,,,,,,
9,廖先翔,111年新北市議員選舉,首次申報,1110704,個人捐贈收入,林燕娟,F22*******,30000.00,0.00,現金,1110718,,,金錢,臺北市北平東****,0988*****,,,,,,,,
10,廖先翔,111年新北市議員選舉,首次申報,1110708,個人捐贈收入,黃錦蘭,A22*******,1000.00,0.00,匯款,1110715,,,金錢,新北市汐止區****," 09*****",,,,,,,,
11,廖先翔,111年新北市議員選舉,首次申報,1110708,個人捐贈收入,詹旻融,F12*******,200.00,0.00,匯款,1110715,,,金錢,新北市汐止區****," 09*****",,,,,,,,
12,廖先翔,111年新北市議員選舉,首次申報,1110708,個人捐贈收入,林宥褓,F12*******,1000.00,0.00,匯款,1110715,,,金錢,新北市汐止區****," 09*****",,,,,,,,
13,廖先翔,111年新北市議員選舉,首次申報,1110708,個人捐贈收入,李秀珍,G22*******,1000.00,0.00,匯款,1110715,,,金錢,新北市汐止區****," 09*****",,,,,,,,
14,廖先翔,111年新北市議員選舉,首次申報,1110709,個人捐贈收入,王夢涵,F22*******,200.00,0.00,匯款,1110715,,,金錢,新北市汐止區****," 09*****",,,,,,,,
15,廖先翔,111年新北市議員選舉,首次申報,1110709,個人捐贈收入,李秀雲,F22*******,1000.00,0.00,匯款,1110715,,,金錢,新北市汐止區****," 09*****",,,,,,,,
16,廖先翔,111年新北市議員選舉,首次申報,1110709,個人捐贈收入,丁婕,F22*******,200.00,0.00,匯款,1110715,,,金錢,新北市汐止區****," 09*****",,,,,,,,
17,廖先翔,111年新北市議員選舉,首次申報,1110709,個人捐贈收入,林文智,H12*******,2000.00,0.00,匯款,1110715,,,金錢,新北市汐止區****," 09*****",,,,,,,,
18,廖先翔,111年新北市議員選舉,首次申報,1110709,個人捐贈收入,黃琦雅,Q22*******,400.00,0.00,匯款,1110715,,,金錢,台中市南區建****," 09*****",,,,,,,,
19,廖先翔,111年新北市議員選舉,首次申報,1110710,個人捐贈收入,林定豐,A12*******,200.00,0.00,匯款,1110715,,,金錢,新北市汐止區****," 09*****",,,,,,,,
20,廖先翔,111年新北市議員選舉,首次申報,1110710,個人捐贈收入,黃錦蘭,A22*******,5000.00,0.00,匯款,1110715,,,金錢,新北市汐止區****," 09*****",,,,,,,,
21,廖先翔,111年新北市議員選舉,首次申報,1110710,個人捐贈收入,甯惟軒,F13*******,2000.00,0.00,匯款,1110715,,,金錢,新北市汐止區****," 09*****",,,,,,,,
22,廖先翔,111年新北市議員選舉,首次申報,1110710,個人捐贈收入,莊珮云,J22*******,2000.00,0.00,匯款,1110715,,,金錢,新北市汐止區****," 09*****",,,,,,,,
23,廖先翔,111年新北市議員選舉,首次申報,1110710,個人捐贈收入,徐文正,S12*******,600.00,0.00,匯款,1110715,,,金錢,新北市汐止區****," 09*****",,,,,,,,
24,廖先翔,111年新北市議員選舉,首次申報,1110711,個人捐贈收入,林美香,A21*******,5000.00,0.00,現金,1110718,,,金錢,新北市汐止區****,0933*****,,,,,,,,
25,廖先翔,111年新北市議員選舉,首次申報,1110711,個人捐贈收入,張久里,F10*******,5000.00,0.00,現金,1110718,,,金錢,新北市汐止區****,0986*****,,,,,,,,
26,廖先翔,111年新北市議員選舉,首次申報,1110713,營利事業捐贈收入,大象實業股份有限公司,89791646,300000.00,0.00,匯款,1110713,,,金錢,新北市汐止區****,2693*****,,,,,,,,
27,廖先翔,111年新北市議員選舉,首次申報,1110713,個人捐贈收入,李振竭,A12*******,200.00,0.00,匯款,1110722,,,金錢,新北市汐止區****," 09*****",,,,,,,,
28,廖先翔,111年新北市議員選舉,首次申報,1110714,個人捐贈收入,花俊成,F12*******,10000.00,0.00,匯款,1110714,,,金錢,新北市汐止區****,,,,,,,,,
29,廖先翔,111年新北市議員選舉,首次申報,1110715,個人捐贈收入,陳秋蓉,A22*******,400.00,0.00,匯款,1110722,,,金錢,新北市汐止區****," 09*****",,,,,,,,
30,廖先翔,111年新北市議員選舉,首次申報,1110715,個人捐贈收入,孔寶桂,B22*******,400.00,0.00,現金,1110718,,,金錢,新北市汐止區****,0911*****,,,,,,,,
31,廖先翔,111年新北市議員選舉,首次申報,1110715,個人捐贈收入,紀艷秋,E22*******,1000.00,0.00,現金,1110718,,,金錢,新北市汐止區****,0921*****,,,,,,,,
32,廖先翔,111年新北市議員選舉,首次申報,1110715,個人捐贈收入,陳秋文,Y22*******,200.00,0.00,匯款,1110722,,,金錢,新北市汐止區****," 09*****",,,,,,,,
33,廖先翔,111年新北市議員選舉,首次申報,1110716,個人捐贈收入,林惠冠,F22*******,400.00,0.00,匯款,1110722,,,金錢,新北市汐止區****," 09*****",,,,,,,,
34,廖先翔,111年新北市議員選舉,首次申報,1110716,個人捐贈收入,林映秀,P22*******,400.00,0.00,匯款,1110722,,,金錢,新北市汐止區****," 09*****",,,,,,,,
35,廖先翔,111年新北市議員選舉,首次申報,1110716,個人捐贈收入,方建璋,Q12*******,10000.00,0.00,匯款,1110722,,,金錢,新北市板橋區****," 09*****",,,,,,,,
36,廖先翔,111年新北市議員選舉,首次申報,1110716,個人捐贈收入,鄭緯,X12*******,200.00,0.00,匯款,1110722,,,金錢,新北市汐止區****," 09*****",,,,,,,,
37,廖先翔,111年新北市議員選舉,首次申報,1110716,個人捐贈收入,陳秋文,Y22*******,200.00,0.00,匯款,1110722,,,金錢,新北市汐止區****," 09*****",,,,,,,,
38,廖先翔,111年新北市議員選舉,首次申報,1110717,個人捐贈收入,龔冠彰,A12*******,200.00,0.00,匯款,1110722,,,金錢,新北市汐止區****," 09*****",,,,,,,,
39,廖先翔,111年新北市議員選舉,首次申報,1110717,個人捐贈收入,吳淑美,A22*******,1000.00,0.00,匯款,1110722,,,金錢,新北市汐止區****," 09*****",,,,,,,,
40,廖先翔,111年新北市議員選舉,首次申報,1110717,個人捐贈收入,朱書民,F12*******,200.00,0.00,匯款,1110722,,,金錢,新北市汐止區****," 09*****",,,,,,,,
41,廖先翔,111年新北市議員選舉,首次申報,1110719,個人捐贈收入,王志仁,,1000.00,0.00,現金,1110719,,,金錢,新北市汐止區****,0979*****,,,,,,,,
42,廖先翔,111年新北市議員選舉,首次申報,1110719,個人捐贈收入,葉文燦,B12*******,2000.00,0.00,匯款,1110722,,,金錢,新北市汐止區****," 09*****",,,,,,,,
43,廖先翔,111年新北市議員選舉,首次申報,1110719,個人捐贈收入,陳丕珍,F22*******,800.00,0.00,匯款,1110722,,,金錢,新北市汐止區****," 09*****",,,,,,,,
44,廖先翔,111年新北市議員選舉,首次申報,1110719,個人捐贈收入,陳豐仁,I10*******,200.00,0.00,匯款,1110722,,,金錢,新北市汐止區****," 09*****",,,,,,,,
45,廖先翔,111年新北市議員選舉,首次申報,1110719,個人捐贈收入,陳文輝,T12*******,200.00,0.00,匯款,1110722,,,金錢,新北市汐止區****," 09*****",,,,,,,,
46,廖先翔,111年新北市議員選舉,首次申報,1110721,個人捐贈收入,賴建谷,F12*******,200.00,0.00,匯款,1110729,,,金錢,新北市汐止區****," 09*****",,,,,,,,
47,廖先翔,111年新北市議員選舉,首次申報,1110723,個人捐贈收入,葉佳雯,K22*******,200.00,0.00,匯款,1110729,,,金錢,新北市汐止區****," 09*****",,,,,,,,
48,廖先翔,111年新北市議員選舉,首次申報,1110727,個人捐贈收入,莊渝淵,S12*******,1000.00,0.00,匯款,1110805,,,金錢,新北市板橋區****," 09*****",,,,,,,,
49,廖先翔,111年新北市議員選舉,首次申報,1110728,個人捐贈收入,倪銘和,A12*******,10000.00,0.00,現金,1110812,,,金錢,新北市汐止區****,0938*****,,,,,,,,
50,廖先翔,111年新北市議員選舉,首次申報,1110728,個人捐贈收入,郭時造,C12*******,10000.00,0.00,現金,1110812,,,金錢,新北市汐止區****,0938*****,,,,,,,,
51,廖先翔,111年新北市議員選舉,首次申報,1110729,個人捐贈收入,李家宏,C12*******,200.00,0.00,匯款,1110805,,,金錢,新北市汐止區****," 09*****",,,,,,,,
52,廖先翔,111年新北市議員選舉,首次申報,1110731,個人捐贈收入,石芸嘉,A22*******,200.00,0.00,匯款,1110805,,,金錢,新北市汐止區****," 09*****",,,,,,,,
53,廖先翔,111年新北市議員選舉,首次申報,1110802,個人捐贈收入,吳龍男,C12*******,1000.00,0.00,匯款,1110805,,,金錢,新北市汐止區****," 09*****",,,,,,,,
54,廖先翔,111年新北市議員選舉,首次申報,1110802,個人捐贈收入,蔡美如,L22*******,1000.00,0.00,匯款,1110805,,,金錢,臺北市內湖區****," 09*****",,,,,,,,
55,廖先翔,111年新北市議員選舉,首次申報,1110803,個人捐贈收入,余秉翰,A12*******,20000.00,0.00,匯款,1110812,,,金錢,新北市汐止區****," 09*****",,,,,,,,
56,廖先翔,111年新北市議員選舉,首次申報,1110803,個人捐贈收入,朱業君,A22*******,20000.00,0.00,匯款,1110812,,,金錢,新北市汐止區****," 09*****",,,,,,,,
57,廖先翔,111年新北市議員選舉,首次申報,1110804,個人捐贈收入,王雋婷,A22*******,200.00,0.00,匯款,1110812,,,金錢,新北市汐止區****," 09*****",,,,,,,,
58,廖先翔,111年新北市議員選舉,首次申報,1110804,個人捐贈收入,張志遠,F12*******,200.00,0.00,匯款,1110812,,,金錢,新北市汐止區****," 09*****",,,,,,,,
59,廖先翔,111年新北市議員選舉,首次申報,1110805,個人捐贈收入,陳渝欣,N22*******,200.00,0.00,匯款,1110812,,,金錢,新北市汐止區****," 09*****",,,,,,,,
60,廖先翔,111年新北市議員選舉,首次申報,1110806,匿名捐贈,匿名,,1000.00,0.00,匯款,1110812,,,金錢,,,,,,,,,,
61,廖先翔,111年新北市議員選舉,首次申報,1110809,個人捐贈收入,毛士瑄,A13*******,200.00,0.00,匯款,1110812,,,金錢,新北市汐止區****," 09*****",,,,,,,,
62,廖先翔,111年新北市議員選舉,首次申報,1110809,個人捐贈收入,廖韋維,D12*******,200.00,0.00,匯款,1110812,,,金錢,新北市汐止區****," 09*****",,,,,,,,
63,廖先翔,111年新北市議員選舉,首次申報,1110809,個人捐贈收入,陳艾琳,U22*******,200.00,0.00,匯款,1110812,,,金錢,新北市汐止區****," 09*****",,,,,,,,
64,廖先翔,111年新北市議員選舉,首次申報,1110810,個人捐贈收入,賈幼石,E12*******,400.00,0.00,匯款,1110822,,,金錢,臺北市大安區****," 09*****",,,,,,,,
65,廖先翔,111年新北市議員選舉,首次申報,1110810,個人捐贈收入,陳佩君,F22*******,200.00,0.00,匯款,1110822,,,金錢,新北市汐止區****," 09*****",,,,,,,,
66,廖先翔,111年新北市議員選舉,首次申報,1110813,個人捐贈收入,杜錫源,F12*******,1000.00,0.00,匯款,1110822,,,金錢,新北市汐止區****," 09*****",,,,,,,,
67,廖先翔,111年新北市議員選舉,首次申報,1110814,個人捐贈收入,賴韋君,F22*******,200.00,0.00,匯款,1110822,,,金錢,新北市汐止區****," 09*****",,,,,,,,
68,廖先翔,111年新北市議員選舉,首次申報,1110814,個人捐贈收入,鄭苡恩,H22*******,200.00,0.00,匯款,1110822,,,金錢,新北市汐止區****," 09*****",,,,,,,,
69,廖先翔,111年新北市議員選舉,首次申報,1110815,個人捐贈收入,林冠宇,A12*******,200.00,0.00,匯款,1110822,,,金錢,新北市汐止區****," 09*****",,,,,,,,
70,廖先翔,111年新北市議員選舉,首次申報,1110815,個人捐贈收入,王秀峰,E12*******,2000.00,0.00,現金,1110823,,,金錢,新北市汐止區****,0972*****,,,,,,,,
71,廖先翔,111年新北市議員選舉,首次申報,1110815,個人捐贈收入,陳文秀,E22*******,1000.00,0.00,匯款,1110822,,,金錢,新北市汐止區****," 09*****",,,,,,,,
72,廖先翔,111年新北市議員選舉,首次申報,1110815,個人捐贈收入,簡榮宗,F12*******,100000.00,0.00,匯款,1110822,,,金錢,新北市汐止區****," 09*****",,,,,,,,
73,廖先翔,111年新北市議員選舉,首次申報,1110815,個人捐贈收入,劉美芳,F22*******,200.00,0.00,匯款,1110822,,,金錢,新北市汐止區****," 09*****",,,,,,,,
74,廖先翔,111年新北市議員選舉,首次申報,1110815,個人捐贈收入,陳怡誠,L12*******,1000.00,0.00,匯款,1110822,,,金錢,新北市汐止區****," 09*****",,,,,,,,
75,廖先翔,111年新北市議員選舉,首次申報,1110815,個人捐贈收入,張雅玫,L22*******,200.00,0.00,匯款,1110822,,,金錢,新北市汐止區****," 09*****",,,,,,,,
76,廖先翔,111年新北市議員選舉,首次申報,1110816,個人捐贈收入,丁光昱,V12*******,10000.00,0.00,匯款,1110822,,,金錢,新北市新店區****," 09*****",,,,,,,,
77,廖先翔,111年新北市議員選舉,首次申報,1110817,個人捐贈收入,盧勝昌,A10*******,6000.00,0.00,匯款,1110826,,,金錢,新北市汐止區****," 09*****",,,,,,,,
78,廖先翔,111年新北市議員選舉,首次申報,1110817,個人捐贈收入,廖文揚,F12*******,1000.00,0.00,匯款,1110826,,,金錢,新北市汐止區****," 09*****",,,,,,,,
79,廖先翔,111年新北市議員選舉,首次申報,1110817,個人捐贈收入,韓昌文,J12*******,2000.00,0.00,現金,1110823,,,金錢,新北市汐止區****,0935*****,,,,,,,,
80,廖先翔,111年新北市議員選舉,首次申報,1110817,個人捐贈收入,黃緹韻,P22*******,200.00,0.00,匯款,1110826,,,金錢,臺北市內湖區****," 09*****",,,,,,,,
81,廖先翔,111年新北市議員選舉,首次申報,1110819,個人捐贈收入,簡麗雲,H20*******,5000.00,0.00,現金,1110819,,,金錢,新北市汐止區****,,,,,,,,,
82,廖先翔,111年新北市議員選舉,首次申報,1110820,個人捐贈收入,黨可菁,A22*******,1000.00,0.00,匯款,1110826,,,金錢,新北市汐止區****," 09*****",,,,,,,,
83,廖先翔,111年新北市議員選舉,首次申報,1110820,個人捐贈收入,李皓皓,A22*******,600.00,0.00,匯款,1110826,,,金錢,新北市汐止區****," 09*****",,,,,,,,
84,廖先翔,111年新北市議員選舉,首次申報,1110821,個人捐贈收入,黃淑華,F22*******,4000.00,0.00,匯款,1110826,,,金錢,新北市汐止區****," 09*****",,,,,,,,
85,廖先翔,111年新北市議員選舉,首次申報,1110821,個人捐贈收入,李秀雲,F22*******,2000.00,0.00,匯款,1110826,,,金錢,新北市汐止區****," 09*****",,,,,,,,
86,廖先翔,111年新北市議員選舉,首次申報,1110822,個人捐贈收入,賴蘭英,K22*******,200.00,0.00,現金,1110822,,,金錢,新北市汐止區****,0936*****,,,,,,,,
87,廖先翔,111年新北市議員選舉,首次申報,1110822,個人捐贈收入,吳采潔,P22*******,2000.00,0.00,匯款,1110826,,,金錢,彰化縣北斗鎮****," 09*****",,,,,,,,
88,廖先翔,111年新北市議員選舉,首次申報,1110823,個人捐贈收入,徐婉玲,P22*******,200.00,0.00,匯款,1110826,,,金錢,新北市汐止區****," 09*****",,,,,,,,
89,廖先翔,111年新北市議員選舉,首次申報,1110824,個人捐贈收入,王素華,A21*******,200.00,0.00,匯款,1110902,,,金錢,新北市汐止區****," 09*****",,,,,,,,
90,廖先翔,111年新北市議員選舉,首次申報,1110824,個人捐贈收入,文柔茵,A22*******,2000.00,0.00,現金,1110830,,,金錢,新北市汐止區****,0955*****,,,,,,,,
91,廖先翔,111年新北市議員選舉,首次申報,1110826,個人捐贈收入,闕秀紋,F22*******,12000.00,0.00,現金,1110830,,,金錢,新北市汐止區****,0918*****,,,,,,,,
92,廖先翔,111年新北市議員選舉,首次申報,1110827,個人捐贈收入,張驥葳,F12*******,600.00,0.00,匯款,1110902,,,金錢,新北市汐止區****," 09*****",,,,,,,,
93,廖先翔,111年新北市議員選舉,首次申報,1110829,個人捐贈收入,劉怡伶,J22*******,400.00,0.00,匯款,1110902,,,金錢,新北市汐止區****," 09*****",,,,,,,,
94,廖先翔,111年新北市議員選舉,首次申報,1110831,個人捐贈收入,杜錫源,F12*******,1000.00,0.00,現金,1110907,,,金錢,新北市汐止區****,0986*****,,,,,,,,
95,廖先翔,111年新北市議員選舉,首次申報,1110901,營利事業捐贈收入,皇鼎建設開發股份有限公司,23988653,100000.00,0.00,匯款,1110901,,,金錢,臺北市大安區****,,,,,,,,,
96,廖先翔,111年新北市議員選舉,首次申報,1110901,個人捐贈收入,曾姵華,A22*******,3000.00,0.00,匯款,1110908,,,金錢,新北市汐止區****," 09*****",,,,,,,,
97,廖先翔,111年新北市議員選舉,首次申報,1110902,個人捐贈收入,詹希強,F12*******,5000.00,0.00,匯款,1110908,,,金錢,新北市汐止區****," 09*****",,,,,,,,
98,廖先翔,111年新北市議員選舉,首次申報,1110906,營利事業捐贈收入,統全停車管理有限公司,16618803,50000.00,0.00,匯款,1110906,已返還,,金錢,新北市汐止區****,,,,,,,,,
99,廖先翔,111年新北市議員選舉,首次申報,1110906,個人捐贈收入,廖俊斌,A12*******,100000.00,0.00,現金,1110906,,,金錢,臺北市文山區****,0919*****,,,,,,,,
100,廖先翔,111年新北市議員選舉,首次申報,1110906,個人捐贈收入,廖再生,F12*******,10000.00,0.00,現金,1110906,,,金錢,新北市萬里區****,0936*****,,,,,,,,
101,廖先翔,111年新北市議員選舉,首次申報,1110908,個人捐贈收入,林麗珠,A20*******,2000.00,0.00,現金,1110913,,,金錢,新北市汐止區****,0933*****,,,,,,,,
102,廖先翔,111年新北市議員選舉,首次申報,1110913,個人捐贈收入,蔡信聰,A12*******,10000.00,0.00,現金,1110916,,,金錢,新北市汐止區****,0956*****,,,,,,,,
103,廖先翔,111年新北市議員選舉,首次申報,1110913,個人捐贈收入,康秀玲,C22*******,500.00,0.00,匯款,1110916,,,金錢,新北市汐止區****," 09*****",,,,,,,,
104,廖先翔,111年新北市議員選舉,首次申報,1110913,個人捐贈收入,黃治維,F12*******,100000.00,0.00,現金,1110913,,,金錢,臺北市中正區****,0976*****,,,,,,,,
105,廖先翔,111年新北市議員選舉,首次申報,1110914,個人捐贈收入,陳宜秀,A12*******,1000.00,0.00,匯款,1110916,,,金錢,新北市汐止區****," 09*****",,,,,,,,
106,廖先翔,111年新北市議員選舉,首次申報,1110914,個人捐贈收入,孫耀其,N12*******,1000.00,0.00,匯款,1110920,,,金錢,新北市汐止區****," 09*****",,,,,,,,
107,廖先翔,111年新北市議員選舉,首次申報,1110915,個人捐贈收入,吳明泰,F12*******,200.00,0.00,匯款,1110920,,,金錢,基隆市七堵區****," 09*****",,,,,,,,
108,廖先翔,111年新北市議員選舉,首次申報,1110916,個人捐贈收入,王美純,A20*******,200.00,0.00,現金,1110922,,,金錢,新北市汐止區****,0932*****,,,,,,,,
109,廖先翔,111年新北市議員選舉,首次申報,1110920,營利事業捐贈收入,賢德鋼鐵股份有限公司,16681122,10000.00,0.00,現金,1110922,,,金錢,新北市汐止區****,2694*****,,,,,,,,
110,廖先翔,111年新北市議員選舉,首次申報,1110921,個人捐贈收入,陳香君,A22*******,100.00,0.00,現金,1110922,,,金錢,新北市汐止區****,0925*****,,,,,,,,
111,廖先翔,111年新北市議員選舉,首次申報,1110922,個人捐贈收入,蘇太郎,F10*******,10000.00,0.00,現金,1110922,,,金錢,新北市汐止區****,0935*****,,,,,,,,
112,廖先翔,111年新北市議員選舉,首次申報,1110923,個人捐贈收入,闕偉鈞,A12*******,200.00,0.00,匯款,1110927,,,金錢,臺北市南港區****," 09*****",,,,,,,,
113,廖先翔,111年新北市議員選舉,首次申報,1110923,個人捐贈收入,顏家晟,F12*******,1600.00,0.00,匯款,1110927,,,金錢,新北市汐止區****," 09*****",,,,,,,,
114,廖先翔,111年新北市議員選舉,首次申報,1110926,營利事業捐贈收入,全茂建設股份有限公司,28100923,100000.00,0.00,票據,1111003,已返還,,金錢,臺北市中山區****,,,,,,,,,
115,廖先翔,111年新北市議員選舉,首次申報,1110930,個人捐贈收入,盧勝昌,A10*******,6000.00,0.00,匯款,1111004,,,金錢,新北市汐止區****," 09*****",,,,,,,,
116,廖先翔,111年新北市議員選舉,首次申報,1110930,個人捐贈收入,陳玉婷,C22*******,1000.00,0.00,現金,1111007,,,金錢,新北市汐止區****,0910*****,,,,,,,,
117,廖先翔,111年新北市議員選舉,首次申報,1111003,個人捐贈收入,吳桂媚,,2000.00,0.00,匯款,1111003,,,金錢,新北市汐止區****,8646*****,,,,,,,,
118,廖先翔,111年新北市議員選舉,首次申報,1111004,個人捐贈收入,鄭博仁,A12*******,400.00,0.00,匯款,1111007,,,金錢,新北市汐止區****," 09*****",,,,,,,,
119,廖先翔,111年新北市議員選舉,首次申報,1111004,個人捐贈收入,施秀貞,N22*******,600.00,0.00,匯款,1111007,,,金錢,新北市汐止區****," 09*****",,,,,,,,
120,廖先翔,111年新北市議員選舉,首次申報,1111005,營利事業捐贈收入,東陞國際開發有限公司,80720656,20000.00,0.00,現金,1111007,已返還,,金錢,新北市汐止區****,,,,,,,,,
121,廖先翔,111年新北市議員選舉,首次申報,1111005,營利事業捐贈收入,四海加油站有限公司,84246529,50000.00,0.00,票據,1111017,已返還,,金錢,新北市汐止區****,,,,,,,,,
122,廖先翔,111年新北市議員選舉,首次申報,1111005,個人捐贈收入,劉亦芳,E12*******,200.00,0.00,匯款,1111011,,,金錢,新北市汐止區****," 09*****",,,,,,,,
123,廖先翔,111年新北市議員選舉,首次申報,1111005,個人捐贈收入,張緗琳,P22*******,200.00,0.00,匯款,1111011,,,金錢,新北市汐止區****," 09*****",,,,,,,,
124,廖先翔,111年新北市議員選舉,首次申報,1111006,營利事業捐贈收入,巨豐房屋仲介有限公司,16732157,100000.00,0.00,票據,1111011,,,金錢,新北市汐止區****,,,,,,,,,
125,廖先翔,111年新北市議員選舉,首次申報,1111008,個人捐贈收入,熊德勇,A12*******,200.00,0.00,匯款,1111011,,,金錢,新北市汐止區****," 09*****",,,,,,,,
126,廖先翔,111年新北市議員選舉,首次申報,1111011,個人捐贈收入,鄭裕聰,F12*******,10000.00,0.00,匯款,1111014,,,金錢,新北市汐止區****," 09*****",,,,,,,,
127,廖先翔,111年新北市議員選舉,首次申報,1111012,個人捐贈收入,黃靖堯,F12*******,500.00,0.00,匯款,1111018,,,金錢,新北市汐止區****," 09*****",,,,,,,,
128,廖先翔,111年新北市議員選舉,首次申報,1111013,個人捐贈收入,黃智明,T12*******,5000.00,0.00,現金,,已返還,,金錢,新北市汐止區****,0933*****,,,,,,,,
129,廖先翔,111年新北市議員選舉,首次申報,1111014,營利事業捐贈收入,四海加油站有限公司,84246529,50000.00,0.00,現金,1111014,已返還,,金錢,新北市汐止區****,,,,,,,,,
130,廖先翔,111年新北市議員選舉,首次申報,1111015,個人捐贈收入,周美秀,Q22*******,1000.00,0.00,匯款,1111018,,,金錢,新北市汐止區****," 09*****",,,,,,,,
131,廖先翔,111年新北市議員選舉,首次申報,1111018,營利事業捐贈收入,彩城營造有限公司,89546932,100000.00,0.00,票據,1111025,已返還,,金錢,臺北市信義區****,,,,,,,,,
132,廖先翔,111年新北市議員選舉,首次申報,1111018,個人捐贈收入,詹叡捷,A12*******,200.00,0.00,匯款,1111021,,,金錢,"臺北市文山****"," 09*****",,,,,,,,
133,廖先翔,111年新北市議員選舉,首次申報,1111019,個人捐贈收入,姚譿芳,F23*******,800.00,0.00,匯款,1111025,,,金錢,新北市汐止區****," 09*****",,,,,,,,
134,廖先翔,111年新北市議員選舉,首次申報,1111020,個人捐贈收入,陳成枝,F10*******,3000.00,0.00,現金,1111024,,,金錢,新北市汐止區****,0989*****,,,,,,,,
135,廖先翔,111年新北市議員選舉,首次申報,1111020,個人捐贈收入,黃筱婷,K22*******,200.00,0.00,匯款,1111025,,,金錢,新北市汐止區****," 09*****",,,,,,,,
136,廖先翔,111年新北市議員選舉,首次申報,1111021,營利事業捐贈收入,弘旭送風空調機械股份有限公司,33889702,10000.00,0.00,匯款,1111021,,,金錢,新北市汐止區****,2646*****,,,,,,,,
137,廖先翔,111年新北市議員選舉,首次申報,1111021,個人捐贈收入,翁生財,F12*******,6000.00,0.00,現金,1111024,,,金錢,新北市汐止區****,,,,,,,,,
138,廖先翔,111年新北市議員選舉,首次申報,1111022,個人捐贈收入,林劍豪,A12*******,1000.00,0.00,匯款,1111025,,,金錢,新北市汐止區****," 09*****",,,,,,,,
139,廖先翔,111年新北市議員選舉,首次申報,1111024,個人捐贈收入,白莉穎,P22*******,1000.00,0.00,匯款,1111028,,,金錢,新北市汐止區****,0918*****,,,,,,,,
140,廖先翔,111年新北市議員選舉,首次申報,1111026,個人捐贈收入,陳含笑,C20*******,5000.00,0.00,現金,1111027,,,金錢,新北市汐止區****,0965*****,,,,,,,,
141,廖先翔,111年新北市議員選舉,首次申報,1111027,營利事業捐贈收入,新苑興業股份有限公司,43942987,300000.00,0.00,票據,1111109,,,金錢,臺北市中山區****,,,,,,,,,
142,廖先翔,111年新北市議員選舉,首次申報,1111028,匿名捐贈,10/28跨行轉帳,,1000.00,0.00,匯款,1111028,,,金錢,,,,,,,,,,
143,廖先翔,111年新北市議員選舉,首次申報,1111028,個人捐贈收入,周孟峰,D12*******,2000.00,0.00,現金,1111028,,,金錢,新北市汐止區****,,,,,,,,,
144,廖先翔,111年新北市議員選舉,首次申報,1111030,個人捐贈收入,廖世榮,F12*******,8000.00,0.00,現金,1111031,,,金錢,新北市汐止區****,0937*****,,,,,,,,
145,廖先翔,111年新北市議員選舉,首次申報,1111030,個人捐贈收入,林又慧,F22*******,200.00,0.00,匯款,1111104,,,金錢,臺北市松山區****,0919*****,,,,,,,,
146,廖先翔,111年新北市議員選舉,首次申報,1111031,個人捐贈收入,陳台昀,A12*******,100000.00,0.00,現金,1111031,,,金錢,臺北市中山區****,0935*****,,,,,,,,
147,廖先翔,111年新北市議員選舉,首次申報,1111031,個人捐贈收入,薛其存,A12*******,10000.00,0.00,現金,1111031,,,金錢,新北市汐止區****,,,,,,,,,
148,廖先翔,111年新北市議員選舉,首次申報,1111031,個人捐贈收入,徐淑嬌,A22*******,1000.00,0.00,現金,1111107,,,金錢,新北市汐止區****,0933*****,,,,,,,,
149,廖先翔,111年新北市議員選舉,首次申報,1111031,個人捐贈收入,李如安,E22*******,200.00,0.00,匯款,1111104,,,金錢,新北市汐止區****,0988*****,,,,,,,,
150,廖先翔,111年新北市議員選舉,首次申報,1111101,個人捐贈收入,洪幼臻,,2000.00,0.00,匯款,1111101,,,金錢,新北市汐止區****,0919*****,,,,,,,,
151,廖先翔,111年新北市議員選舉,首次申報,1111101,人民團體捐贈收入,新北市水岸都市永續發展協會,,2000.00,0.00,現金,1111114,,,金錢,新北市汐止區****,8.69*****,,,,,,,,
152,廖先翔,111年新北市議員選舉,首次申報,1111102,個人捐贈收入,李佩穎,F22*******,2000.00,0.00,現金,1111107,,,金錢,新北市汐止區****,0919*****,,,,,,,,
153,廖先翔,111年新北市議員選舉,首次申報,1111103,匿名捐贈,林文俊11/03存入,,700.00,0.00,現金,1111103,,,金錢,,,,,,,,,,
154,廖先翔,111年新北市議員選舉,首次申報,1111103,個人捐贈收入,楊施美鳳,N22*******,100000.00,0.00,匯款,1111103,,,金錢,新北市汐止區****,2693*****,,,,,,,,
155,廖先翔,111年新北市議員選舉,首次申報,1111104,營利事業捐贈收入,新潤興業股份有限公司,16318881,200000.00,0.00,匯款,1111104,已返還,,金錢,臺北市松山區****,2545*****,,,,,,,,
156,廖先翔,111年新北市議員選舉,首次申報,1111104,營利事業捐贈收入,勁群工業股份有限公司,22637716,100000.00,0.00,票據,1111114,,,金錢,新北市汐止區****,2646*****,,,,,,,,
157,廖先翔,111年新北市議員選舉,首次申報,1111104,個人捐贈收入,李國隆,F12*******,20000.00,0.00,現金,1111110,,,金錢,新北市汐止區****,2692*****,,,,,,,,
158,廖先翔,111年新北市議員選舉,首次申報,1111105,人民團體捐贈收入,新北市明日之星歌友協會,,3000.00,0.00,現金,1111108,,,金錢,新北市汐止區****,,,,,,,,,
159,廖先翔,111年新北市議員選舉,首次申報,1111105,個人捐贈收入,楊佳映,,500.00,0.00,現金,1111114,,,金錢,新北市汐止區****,2692*****,,,,,,,,
160,廖先翔,111年新北市議員選舉,首次申報,1111105,個人捐贈收入,楊兆德,,1000.00,0.00,現金,1111114,,,金錢,新北市汐止區****,2692*****,,,,,,,,
161,廖先翔,111年新北市議員選舉,首次申報,1111105,個人捐贈收入,楊永鳳,,500.00,0.00,現金,1111114,,,金錢,新北市汐止明****,,,,,,,,,
162,廖先翔,111年新北市議員選舉,首次申報,1111105,人民團體捐贈收入,新北市汐止區老人會,,3600.00,0.00,現金,1111114,,,金錢,新北市汐止區****,2647*****,,,,,,,,
163,廖先翔,111年新北市議員選舉,首次申報,1111105,人民團體捐贈收入,新北市金萬張廖簡姓宗親會,,6000.00,0.00,現金,1111114,,,金錢,新北市金山區****,2498*****,,,,,,,,
164,廖先翔,111年新北市議員選舉,首次申報,1111105,人民團體捐贈收入,新北市張廖簡宗親總會,,2000.00,0.00,現金,1111114,,,金錢,新北市板橋區****,8953*****,,,,,,,,
165,廖先翔,111年新北市議員選舉,首次申報,1111105,個人捐贈收入,林少桂,A10*******,10000.00,0.00,現金,1111107,,,金錢,新北市汐止區****,0937*****,,,,,,,,
166,廖先翔,111年新北市議員選舉,首次申報,1111105,個人捐贈收入,鄭鈺蓉,A22*******,200.00,0.00,現金,1111108,,,金錢,新北市汐止區****,,,,,,,,,
167,廖先翔,111年新北市議員選舉,首次申報,1111105,個人捐贈收入,周建傳,C12*******,1000.00,0.00,現金,1111108,,,金錢,新北市汐止區****,8691*****,,,,,,,,
168,廖先翔,111年新北市議員選舉,首次申報,1111105,個人捐贈收入,王文賢,F10*******,5000.00,0.00,現金,1111110,,,金錢,新北市汐止區****,0933*****,,,,,,,,
169,廖先翔,111年新北市議員選舉,首次申報,1111105,個人捐贈收入,廖德銘,F10*******,20000.00,0.00,現金,1111110,,,金錢,新北市汐止區****,0912*****,,,,,,,,
170,廖先翔,111年新北市議員選舉,首次申報,1111105,個人捐贈收入,蘇健一,F10*******,5000.00,0.00,現金,1111108,,,金錢,新北市汐止區****,0921*****,,,,,,,,
171,廖先翔,111年新北市議員選舉,首次申報,1111105,個人捐贈收入,王興濬,F10*******,1000.00,0.00,現金,1111108,,,金錢,新北市汐止區****,0928*****,,,,,,,,
172,廖先翔,111年新北市議員選舉,首次申報,1111105,個人捐贈收入,李明育,F10*******,3000.00,0.00,現金,1111110,,,金錢,新北市汐止區****,0939*****,,,,,,,,
173,廖先翔,111年新北市議員選舉,首次申報,1111105,個人捐贈收入,謝慶,F10*******,2000.00,0.00,現金,1111108,,,金錢,新北市汐止區****,0933*****,,,,,,,,
174,廖先翔,111年新北市議員選舉,首次申報,1111105,個人捐贈收入,王保國,F12*******,3000.00,0.00,現金,1111108,,,金錢,新北市汐止區****,0952*****,,,,,,,,
175,廖先翔,111年新北市議員選舉,首次申報,1111105,個人捐贈收入,張輝煌,F12*******,1000.00,0.00,現金,1111108,,,金錢,新北市汐止區****,0911*****,,,,,,,,
176,廖先翔,111年新北市議員選舉,首次申報,1111105,個人捐贈收入,闕宗賢,F12*******,1000.00,0.00,現金,1111110,,,金錢,新北市汐止區****,0939*****,,,,,,,,
177,廖先翔,111年新北市議員選舉,首次申報,1111105,個人捐贈收入,李銘義,F12*******,2000.00,0.00,現金,1111110,,,金錢,新北市汐止區****,0939*****,,,,,,,,
178,廖先翔,111年新北市議員選舉,首次申報,1111105,個人捐贈收入,朱瑞明,F12*******,5000.00,0.00,現金,1111108,,,金錢,新北市汐止區****,0932*****,,,,,,,,
179,廖先翔,111年新北市議員選舉,首次申報,1111105,個人捐贈收入,周金圳,F12*******,36000.00,0.00,現金,1111107,,,金錢,新北市汐止區****,0933*****,,,,,,,,
180,廖先翔,111年新北市議員選舉,首次申報,1111105,個人捐贈收入,吳宗政,F12*******,400.00,0.00,匯款,1111108,,,金錢,新北市汐止區****,0911*****,,,,,,,,
181,廖先翔,111年新北市議員選舉,首次申報,1111105,個人捐贈收入,廖燕嬌,F20*******,3000.00,0.00,現金,1111110,,,金錢,新北市汐止區****,0937*****,,,,,,,,
182,廖先翔,111年新北市議員選舉,首次申報,1111105,個人捐贈收入,蘇王素真,F20*******,6000.00,0.00,現金,1111108,,,金錢,新北市汐止區****,0935*****,,,,,,,,
183,廖先翔,111年新北市議員選舉,首次申報,1111105,個人捐贈收入,蘇阿碧,F20*******,3000.00,0.00,現金,1111108,,,金錢,新北市汐止區****,0907*****,,,,,,,,
184,廖先翔,111年新北市議員選舉,首次申報,1111105,個人捐贈收入,林錦鑌,G12*******,300.00,0.00,現金,1111108,,,金錢,新北市汐止區****,0935*****,,,,,,,,
185,廖先翔,111年新北市議員選舉,首次申報,1111105,個人捐贈收入,林建億,G12*******,8000.00,0.00,現金,1111108,,,金錢,新北市汐止區****,0935*****,,,,,,,,
186,廖先翔,111年新北市議員選舉,首次申報,1111105,個人捐贈收入,楊貴生,H10*******,500.00,0.00,現金,1111108,,,金錢,新北市汐止區****,0916*****,,,,,,,,
187,廖先翔,111年新北市議員選舉,首次申報,1111105,個人捐贈收入,卞成台,H10*******,15000.00,0.00,,,,,非金錢,新北市汐止區****,2646*****,,,,,,,,
188,廖先翔,111年新北市議員選舉,首次申報,1111105,個人捐贈收入,嚴戊坤,P10*******,2000.00,0.00,現金,1111108,,,金錢,新北市汐止區****,0933*****,,,,,,,,
189,廖先翔,111年新北市議員選舉,首次申報,1111105,個人捐贈收入,鄭素珍,Q22*******,3000.00,0.00,現金,1111110,,,金錢,新北市汐止區****,0919*****,,,,,,,,
190,廖先翔,111年新北市議員選舉,首次申報,1111105,個人捐贈收入,陳秀枝,S22*******,2000.00,0.00,現金,1111110,,,金錢,新北市汐止區****,0933*****,,,,,,,,
191,廖先翔,111年新北市議員選舉,首次申報,1111105,個人捐贈收入,劉立國,U12*******,1000.00,0.00,現金,1111108,,,金錢,新北市汐止區****,0918*****,,,,,,,,
192,廖先翔,111年新北市議員選舉,首次申報,1111105,個人捐贈收入,郭廖碧蓮,U20*******,2000.00,0.00,現金,1111110,,,金錢,新北市汐止區****,0963*****,,,,,,,,
193,廖先翔,111年新北市議員選舉,首次申報,1111105,個人捐贈收入,張碧娟,Y22*******,400.00,0.00,匯款,1111108,,,金錢,新北市汐止區****,0955*****,,,,,,,,
194,廖先翔,111年新北市議員選舉,首次申報,1111106,個人捐贈收入,黃杏琇,F22*******,200.00,0.00,匯款,1111111,,,金錢,基隆市七堵區****,0972*****,,,,,,,,
195,廖先翔,111年新北市議員選舉,首次申報,1111106,個人捐贈收入,黃杏琇,F22*******,200.00,0.00,匯款,1111111,,,金錢,基隆市七堵區****,0972*****,,,,,,,,
196,廖先翔,111年新北市議員選舉,首次申報,1111107,個人捐贈收入,陳耑安,A22*******,100000.00,0.00,現金,1111107,,,金錢,新北市汐止區****,,,,,,,,,
197,廖先翔,111年新北市議員選舉,首次申報,1111107,個人捐贈收入,朱琮典,F12*******,50000.00,0.00,現金,1111107,,,金錢,新北市汐止區****,0938*****,,,,,,,,
198,廖先翔,111年新北市議員選舉,首次申報,1111108,個人捐贈收入,王柏傑,F12*******,100000.00,0.00,現金,1111110,,,金錢,新北市汐止區****,0975*****,,,,,,,,
199,廖先翔,111年新北市議員選舉,首次申報,1111108,個人捐贈收入,顏芳洲,P10*******,30000.00,0.00,現金,1111108,,,金錢,臺北市內湖區****,0933*****,,,,,,,,
200,廖先翔,111年新北市議員選舉,首次申報,1111109,個人捐贈收入,張雅音,F22*******,400.00,0.00,匯款,1111115,,,金錢,新北市汐止區****,0925*****,,,,,,,,
201,廖先翔,111年新北市議員選舉,首次申報,1111110,個人捐贈收入,高維宏,,6000.00,0.00,匯款,1111110,,,金錢,新北市汐止區****,0927*****,,,,,,,,
202,廖先翔,111年新北市議員選舉,首次申報,1111110,個人捐贈收入,王美春,A21*******,1000.00,0.00,現金,1111114,,,金錢,新北市汐止區****,0916*****,,,,,,,,
203,廖先翔,111年新北市議員選舉,首次申報,1111110,個人捐贈收入,唐旭蓮,F10*******,10000.00,0.00,現金,1111110,,,金錢,新北市汐止區****,0937*****,,,,,,,,
204,廖先翔,111年新北市議員選舉,首次申報,1111110,個人捐贈收入,賴廷雄,F12*******,10000.00,0.00,現金,1111110,,,金錢,新北市汐止區****,0910*****,,,,,,,,
205,廖先翔,111年新北市議員選舉,首次申報,1111111,個人捐贈收入,吳哲輝,F10*******,20000.00,0.00,現金,1111114,,,金錢,新北市汐止區****,0983*****,,,,,,,,
206,廖先翔,111年新北市議員選舉,首次申報,1111111,個人捐贈收入,蔡培棠,F12*******,6000.00,0.00,現金,1111114,,,金錢,新北市汐止區****,0922*****,,,,,,,,
207,廖先翔,111年新北市議員選舉,首次申報,1111111,個人捐贈收入,周建明,F12*******,20000.00,0.00,現金,1111114,,,金錢,新北市汐止區****,0939*****,,,,,,,,
208,廖先翔,111年新北市議員選舉,首次申報,1111113,個人捐贈收入,廖偉志,F12*******,400.00,0.00,匯款,1111118,,,金錢,新北市汐止區****,0919*****,,,,,,,,
209,廖先翔,111年新北市議員選舉,首次申報,1111113,個人捐贈收入,劉貴蘭,H22*******,200.00,0.00,匯款,1111118,,,金錢,新北市汐止區****,0963*****,,,,,,,,
210,廖先翔,111年新北市議員選舉,首次申報,1111113,個人捐贈收入,吳采潔,P22*******,5000.00,0.00,匯款,1111118,,,金錢,彰化縣北斗鎮****,0928*****,,,,,,,,
211,廖先翔,111年新北市議員選舉,首次申報,1111114,營利事業捐贈收入,禾乾建設股份有限公司,27512308,100000.00,0.00,現金,1111114,已返還,,金錢,新北市鶯歌區****,,,,,,,,,
212,廖先翔,111年新北市議員選舉,首次申報,1111114,營利事業捐贈收入,順合光電有限公司,53422373,3000.00,0.00,現金,1111114,已返還,,金錢,新北市汐止區****,8648*****,,,,,,,,
213,廖先翔,111年新北市議員選舉,首次申報,1111114,營利事業捐贈收入,勁安實業股份有限公司,84669189,20000.00,0.00,現金,1111114,,,金錢,新北市汐止區****,,,,,,,,,
214,廖先翔,111年新北市議員選舉,首次申報,1111114,個人捐贈收入,賴冠廷,A12*******,100000.00,0.00,現金,1111117,,,金錢,新北市汐止區****,,,,,,,,,
215,廖先翔,111年新北市議員選舉,首次申報,1111114,個人捐贈收入,賴俊雄,A12*******,100000.00,0.00,現金,1111117,,,金錢,新北市汐止區****,,,,,,,,,
216,廖先翔,111年新北市議員選舉,首次申報,1111114,個人捐贈收入,張恩慈,A22*******,100000.00,0.00,現金,1111117,,,金錢,新北市汐止區****,,,,,,,,,
217,廖先翔,111年新北市議員選舉,首次申報,1111115,人民團體捐贈收入,新北市貢寮區張廖簡宗親會,,2000.00,0.00,現金,1111118,,,金錢,新北市貢寮區****,2490*****,,,,,,,,
218,廖先翔,111年新北市議員選舉,首次申報,1111115,個人捐贈收入,郭景賢,C12*******,500.00,0.00,匯款,1111118,,,金錢,新北市汐止區****,0937*****,,,,,,,,
219,廖先翔,111年新北市議員選舉,首次申報,1111115,個人捐贈收入,廖德麟,F12*******,1000.00,0.00,現金,1111118,,,金錢,新北市汐止區****,0963*****,,,,,,,,
220,廖先翔,111年新北市議員選舉,首次申報,1111117,營利事業捐贈收入,順合光電有限公司,53422373,3000.00,0.00,現金,1111117,已返還,,金錢,新北市汐止區****,,,,,,,,,
221,廖先翔,111年新北市議員選舉,首次申報,1111117,個人捐贈收入,李美玲,H22*******,3000.00,0.00,匯款,1111122,,,金錢,新北市汐止區****,0975*****,,,,,,,,
222,廖先翔,111年新北市議員選舉,首次申報,1111117,個人捐贈收入,林振福,N10*******,20000.00,0.00,現金,1111117,,,金錢,新北市汐止區****,2647*****,,,,,,,,
223,廖先翔,111年新北市議員選舉,首次申報,1111118,匿名捐贈,匿名2,,5000.00,0.00,現金,1111123,,,金錢,,,,,,,,,,
224,廖先翔,111年新北市議員選舉,首次申報,1111118,營利事業捐贈收入,金鍛工業股份有限公司,00730294,20000.00,0.00,匯款,1111118,已返還,,金錢,新北市萬里區****,2492*****,,,,,,,,
225,廖先翔,111年新北市議員選舉,首次申報,1111120,匿名捐贈,匿名,,3000.00,0.00,現金,1111121,,,金錢,,,,,,,,,,
226,廖先翔,111年新北市議員選舉,首次申報,1111120,個人捐贈收入,王安成,F10*******,20000.00,0.00,現金,1111121,,,金錢,新北市汐止區****,2641*****,,,,,,,,
227,廖先翔,111年新北市議員選舉,首次申報,1111120,個人捐贈收入,呂文訓,F12*******,2000.00,0.00,現金,1111121,,,金錢,新北市汐止區****,0919*****,,,,,,,,
228,廖先翔,111年新北市議員選舉,首次申報,1111121,個人捐贈收入,王昌景,A12*******,3000.00,0.00,現金,1111122,,,金錢,新北市汐止區****,8648*****,,,,,,,,
229,廖先翔,111年新北市議員選舉,首次申報,1111121,個人捐贈收入,吳岱穎,E22*******,600.00,0.00,匯款,1111125,,,金錢,新北市汐止區****,0952*****,,,,,,,,
230,廖先翔,111年新北市議員選舉,首次申報,1111121,個人捐贈收入,謝明蒔,F22*******,1000.00,0.00,匯款,1111125,,,金錢,新北市汐止區****,0911*****,,,,,,,,
231,廖先翔,111年新北市議員選舉,首次申報,1111121,個人捐贈收入,邱富麗,Q20*******,10000.00,0.00,現金,1111121,,,金錢,新北市汐止區****,,,,,,,,,
232,廖先翔,111年新北市議員選舉,首次申報,1111122,匿名捐贈,匿名1,,5000.00,0.00,現金,1111123,,,金錢,,,,,,,,,,
233,廖先翔,111年新北市議員選舉,首次申報,1111122,個人捐贈收入,洪滋遠,A12*******,100000.00,0.00,匯款,1111122,,,金錢,臺北市內湖區****,0935*****,,,,,,,,
234,廖先翔,111年新北市議員選舉,首次申報,1111123,個人捐贈收入,林文正,A12*******,100000.00,0.00,現金,1111123,,,金錢,臺北市信義區****,2765*****,,,,,,,,
235,廖先翔,111年新北市議員選舉,首次申報,1111123,個人捐贈收入,王豫苓,A22*******,200.00,0.00,匯款,1111125,,,金錢,臺北市南港區****,0909*****,,,,,,,,
236,廖先翔,111年新北市議員選舉,首次申報,1111123,個人捐贈收入,楊孫明,F12*******,10000.00,0.00,現金,1111123,,,金錢,新北市汐止區****,,,,,,,,,
237,廖先翔,111年新北市議員選舉,首次申報,1111123,個人捐贈收入,余麗香,P22*******,100000.00,0.00,現金,1111123,,,金錢,新北市汐止區****,0918*****,,,,,,,,
238,廖先翔,111年新北市議員選舉,首次申報,1111124,個人捐贈收入,張光雄,,10000.00,0.00,現金,1111124,,,金錢,新北市汐止區****,2647*****,,,,,,,,
239,廖先翔,111年新北市議員選舉,首次申報,1111124,個人捐贈收入,林國誠,,5000.00,0.00,現金,1111124,,,金錢,新北市汐止區****,2641*****,,,,,,,,
240,廖先翔,111年新北市議員選舉,首次申報,1111124,個人捐贈收入,潘福吉,,2000.00,0.00,現金,1111124,,,金錢,新北市汐止區****,2643*****,,,,,,,,
241,廖先翔,111年新北市議員選舉,首次申報,1111124,個人捐贈收入,劉聰哲,,3000.00,0.00,現金,1111124,,,金錢,新北市汐止區****,2578*****,,,,,,,,
242,廖先翔,111年新北市議員選舉,首次申報,1111124,個人捐贈收入,王文金,,10000.00,0.00,現金,1111124,,,金錢,基隆市安樂區****,2431*****,,,,,,,,
243,廖先翔,111年新北市議員選舉,首次申報,1111124,個人捐贈收入,陳榮耀,,5000.00,0.00,現金,1111124,,,金錢,新北市三重重****,2995*****,,,,,,,,
244,廖先翔,111年新北市議員選舉,首次申報,1111124,營利事業捐贈收入,鼎商貿易有限公司,28877831,14000.00,0.00,現金,1111124,,,金錢,新北市汐止區****,2642*****,,,,,,,,
245,廖先翔,111年新北市議員選舉,首次申報,1111124,營利事業捐贈收入,常滿樓餐坊有限公司,29149277,3000.00,0.00,現金,1111124,已返還,,金錢,新北市汐止區****,,,,,,,,,
246,廖先翔,111年新北市議員選舉,首次申報,1111124,營利事業捐贈收入,崴令國際有限公司,43807547,1000.00,0.00,現金,1111124,已返還,,金錢,臺北市大安區****,2695*****,,,,,,,,
247,廖先翔,111年新北市議員選舉,首次申報,1111124,營利事業捐贈收入,康順資通股份有限公司,83146810,1688.00,0.00,現金,1111124,已返還,,金錢,新北市汐止區****,2696*****,,,,,,,,
248,廖先翔,111年新北市議員選舉,首次申報,1111124,個人捐贈收入,林漢昇,A12*******,30000.00,0.00,現金,1111124,,,金錢,新北市汐止區****,8642*****,,,,,,,,
249,廖先翔,111年新北市議員選舉,首次申報,1111124,個人捐贈收入,吳麗雪,A21*******,3000.00,0.00,現金,1111124,,,金錢,新北市汐止區****,2648*****,,,,,,,,
250,廖先翔,111年新北市議員選舉,首次申報,1111124,個人捐贈收入,郭令澤,F10*******,5000.00,0.00,現金,1111124,,,金錢,新北市汐止區****,2641*****,,,,,,,,
251,廖先翔,111年新北市議員選舉,首次申報,1111124,個人捐贈收入,李正賢,F10*******,3000.00,0.00,現金,1111124,,,金錢,新北市三芝區****,2637*****,,,,,,,,
252,廖先翔,111年新北市議員選舉,首次申報,1111124,個人捐贈收入,林正義,F10*******,10000.00,0.00,現金,1111124,,,金錢,新北市汐止區****,8648*****,,,,,,,,
253,廖先翔,111年新北市議員選舉,首次申報,1111124,個人捐贈收入,游東穎,F12*******,3000.00,0.00,現金,1111124,,,金錢,基隆市中山區****,8696*****,,,,,,,,
254,廖先翔,111年新北市議員選舉,首次申報,1111124,個人捐贈收入,潘福隆,F12*******,2000.00,0.00,現金,1111124,,,金錢,新北市汐止區****,2643*****,,,,,,,,
255,廖先翔,111年新北市議員選舉,首次申報,1111124,個人捐贈收入,陳偉穗,F12*******,5000.00,0.00,現金,1111124,,,金錢,新北市汐止區****,2649*****,,,,,,,,
256,廖先翔,111年新北市議員選舉,首次申報,1111124,個人捐贈收入,陳泳迅,F12*******,2000.00,0.00,現金,1111124,,,金錢,新北市新莊區****,8522*****,,,,,,,,
257,廖先翔,111年新北市議員選舉,首次申報,1111124,個人捐贈收入,唐建雄,F12*******,10000.00,0.00,現金,1111124,,,金錢,宜蘭縣員山鄉****,2642*****,,,,,,,,
258,廖先翔,111年新北市議員選舉,首次申報,1111124,個人捐贈收入,黃易珏,H12*******,2000.00,0.00,現金,1111124,,,金錢,新北市板橋區****,2331*****,,,,,,,,
259,廖先翔,111年新北市議員選舉,首次申報,1111124,個人捐贈收入,王永等,K12*******,20000.00,0.00,現金,1111124,,,金錢,新北市汐止區****,2696*****,,,,,,,,
260,廖先翔,111年新北市議員選舉,首次申報,1111125,個人捐贈收入,熊晨鈞,,1000.00,0.00,現金,1111125,,,金錢,新北市汐止區****,0922*****,,,,,,,,
261,廖先翔,111年新北市議員選舉,首次申報,1111125,個人捐贈收入,詹勝強,,1688.00,0.00,現金,1111125,,,金錢,新北市汐止區****,2696*****,,,,,,,,
262,廖先翔,111年新北市議員選舉,首次申報,1111221,其他收入,利息收入,,368.00,0.00,匯款,1111221,,,金錢,,,,,,,,,,
