﻿序號,擬參選人／政黨,選舉名稱,申報序號／年度,交易日期,收支科目,捐贈者／支出對象,身分證／統一編號,收入金額,支出金額,捐贈方式,存入專戶日期,返還/繳庫,支出用途,金錢類,地址,聯絡電話,應揭露之支出對象,支出對象之內部人員姓名,支出對象之內部人員職稱,政黨之內部人員姓名,政黨之內部人員職稱,關係,更正註記,資料更正日期
1,劉珊伶,111年彰化縣議員選舉,首次申報,1110617,匿名捐贈,匿名,,1000.00,0.00,匯款,1110617,,,金錢,,,,,,,,,,
2,劉珊伶,111年彰化縣議員選舉,首次申報,1110718,個人捐贈收入,陳秀珠,B22*******,100000.00,0.00,現金,1110718,,,金錢,臺中市西區五****,0975*****,,,,,,,,
3,劉珊伶,111年彰化縣議員選舉,首次申報,1110718,個人捐贈收入,楊晴瑄,F22*******,100000.00,0.00,現金,1110718,,,金錢,臺中市西屯區****,0953*****,,,,,,,,
4,劉珊伶,111年彰化縣議員選舉,首次申報,1110724,個人捐贈收入,葉日謙,A12*******,6300.00,0.00,匯款,1110729,,,金錢,臺北市中山區****,0952*****,,,,,,,,
5,劉珊伶,111年彰化縣議員選舉,首次申報,1110801,個人捐贈收入,簡銀來,H10*******,20000.00,0.00,匯款,1110805,,,金錢,新北市新店區****,,,,,,,,,
6,劉珊伶,111年彰化縣議員選舉,首次申報,1110801,個人捐贈收入,鄭淑婉,N22*******,3000.00,0.00,匯款,1110805,,,金錢,彰化縣溪湖鎮****,,,,,,,,,
7,劉珊伶,111年彰化縣議員選舉,首次申報,1110805,營利事業捐贈收入,百大有限公司,11236812,100000.00,0.00,匯款,1110805,,,金錢,臺北市中山區****,,,,,,,,,
8,劉珊伶,111年彰化縣議員選舉,首次申報,1110814,匿名捐贈,匿名,,8000.00,0.00,匯款,1110814,,,金錢,,,,,,,,,,
9,劉珊伶,111年彰化縣議員選舉,首次申報,1110814,個人捐贈收入,蔡志瑋,N12*******,30000.00,0.00,匯款,1110819,,,金錢,彰化縣溪湖鎮****,,,,,,,,,
10,劉珊伶,111年彰化縣議員選舉,首次申報,1110823,個人捐贈收入,劉珊汝,N22*******,10000.00,0.00,匯款,1110823,,,金錢,彰化縣永靖鄉****,,,,,,,,,
11,劉珊伶,111年彰化縣議員選舉,首次申報,1110824,個人捐贈收入,劉珊汝,N22*******,20000.00,0.00,匯款,1110824,,,金錢,彰化縣永靖鄉****,0920*****,,,,,,,,
12,劉珊伶,111年彰化縣議員選舉,首次申報,1110826,營利事業捐贈收入,員投加油站股份有限公司,27401675,50000.00,0.00,票據,1110829,,,金錢,彰化縣員林市****,,,,,,,,,
13,劉珊伶,111年彰化縣議員選舉,首次申報,1110829,營利事業捐贈收入,惠眾建設股份有限公司,53259560,100000.00,0.00,現金,1110829,,,金錢,臺中市西屯區****,,,,,,,,,
14,劉珊伶,111年彰化縣議員選舉,首次申報,1110829,營利事業捐贈收入,惠眾建設股份有限公司,53259560,100000.00,0.00,現金,1110829,,,金錢,臺中市西屯區****,,,,,,,,,
15,劉珊伶,111年彰化縣議員選舉,首次申報,1110831,匿名捐贈,黃榮元,,2000.00,0.00,現金,1110831,,,金錢,,,,,,,,,,
16,劉珊伶,111年彰化縣議員選舉,首次申報,1110922,個人捐贈收入,郭敬尉,N12*******,100000.00,0.00,現金,1110922,,,金錢,彰化縣彰化市****,,,,,,,,,
17,劉珊伶,111年彰化縣議員選舉,首次申報,1110928,個人捐贈收入,葉日謙,A12*******,12600.00,0.00,匯款,1111004,,,金錢,臺北市大安區****,,,,,,,,,
18,劉珊伶,111年彰化縣議員選舉,首次申報,1111005,個人捐贈收入,梁生為,,3000.00,0.00,現金,1111005,,,金錢,彰化縣溪湖鎮****,0933*****,,,,,,,,
19,劉珊伶,111年彰化縣議員選舉,首次申報,1111008,匿名捐贈,匿名,,6000.00,0.00,現金,1111008,,,金錢,,,,,,,,,,
20,劉珊伶,111年彰化縣議員選舉,首次申報,1111014,營利事業捐贈收入,全國豪業有限公司,24272543,50000.00,0.00,現金,1111014,,,金錢,彰化縣溪湖鎮****,0918*****,,,,,,,,
21,劉珊伶,111年彰化縣議員選舉,首次申報,1111015,個人捐贈收入,林淑娜,,20000.00,0.00,現金,1111017,,,金錢,彰化縣員林市****,0926*****,,,,,,,,
22,劉珊伶,111年彰化縣議員選舉,首次申報,1111015,個人捐贈收入,黃振雄,,6000.00,0.00,現金,1111017,,,金錢,彰化縣二林鎮****,0927*****,,,,,,,,
23,劉珊伶,111年彰化縣議員選舉,首次申報,1111015,個人捐贈收入,楊福建,,20000.00,0.00,現金,1111017,,,金錢,彰化縣溪湖鎮****,,,,,,,,,
24,劉珊伶,111年彰化縣議員選舉,首次申報,1111015,個人捐贈收入,楊柏豪,,500.00,0.00,現金,1111017,,,金錢,彰化縣溪湖鎮****,0909*****,,,,,,,,
25,劉珊伶,111年彰化縣議員選舉,首次申報,1111015,個人捐贈收入,施崇邦,,1000.00,0.00,現金,1111017,,,金錢,彰化縣埔鹽鄉****,0958*****,,,,,,,,
26,劉珊伶,111年彰化縣議員選舉,首次申報,1111015,個人捐贈收入,施焜榮,,2500.00,0.00,現金,1111017,,,金錢,彰化縣埔鹽鄉****,0953*****,,,,,,,,
27,劉珊伶,111年彰化縣議員選舉,首次申報,1111015,個人捐贈收入,張聚芳,,2500.00,0.00,現金,1111017,,,金錢,彰化縣埔心鄉****,,,,,,,,,
28,劉珊伶,111年彰化縣議員選舉,首次申報,1111015,匿名捐贈,匿名,,1000.00,0.00,現金,1111017,,,金錢,,,,,,,,,,
29,劉珊伶,111年彰化縣議員選舉,首次申報,1111015,人民團體捐贈收入,彰化縣長期照護發展協會,,5000.00,0.00,現金,1111017,,,金錢,和美鎮孝文路****,04-7*****,,,,,,,,
30,劉珊伶,111年彰化縣議員選舉,首次申報,1111015,個人捐贈收入,張政岳,,6000.00,0.00,現金,1111017,,,金錢,彰化縣員林市****,0936*****,,,,,,,,
31,劉珊伶,111年彰化縣議員選舉,首次申報,1111015,個人捐贈收入,許宋合,,500.00,0.00,現金,1111017,,,金錢,彰化縣埔心鄉****,0987*****,,,,,,,,
32,劉珊伶,111年彰化縣議員選舉,首次申報,1111015,匿名捐贈,施錦蘇,,1000.00,0.00,現金,1111017,,,金錢,,,,,,,,,,
33,劉珊伶,111年彰化縣議員選舉,首次申報,1111015,營利事業捐贈收入,慶益開發股份有限公司,24340275,100000.00,0.00,票據,1111018,,,金錢,臺北市中山區****,,,,,,,,,
34,劉珊伶,111年彰化縣議員選舉,首次申報,1111015,營利事業捐贈收入,大朋營造有限公司,24393292,12000.00,0.00,現金,1111017,,,金錢,彰化縣永靖鄉****,0963*****,,,,,,,,
35,劉珊伶,111年彰化縣議員選舉,首次申報,1111015,個人捐贈收入,許文雄,T12*******,30000.00,0.00,現金,1111017,,,金錢,彰化縣溪湖鎮****,0953*****,,,,,,,,
36,劉珊伶,111年彰化縣議員選舉,首次申報,1111026,營利事業捐贈收入,景安股份有限公司,84080365,20000.00,0.00,匯款,1111101,,,金錢,彰化縣埔心鄉****,,,,,,,,,
37,劉珊伶,111年彰化縣議員選舉,首次申報,1111027,營利事業捐贈收入,東鄉食品股份有限公司,84351726,50000.00,0.00,票據,1111111,,,金錢,彰化縣埔心鄉****,,,,,,,,,
38,劉珊伶,111年彰化縣議員選舉,首次申報,1111102,營利事業捐贈收入,洪門投資股份有限公司,97448575,50000.00,0.00,匯款,1111102,,,金錢,臺北市松山區****,,,,,,,,,
39,劉珊伶,111年彰化縣議員選舉,首次申報,1111109,個人捐贈收入,陳敬斌,N12*******,10000.00,0.00,匯款,1111109,,,金錢,彰化縣埤頭鄉****,0928*****,,,,,,,,
40,劉珊伶,111年彰化縣議員選舉,首次申報,1111112,個人捐贈收入,吳朝陽,N12*******,10000.00,0.00,匯款,1111115,,,金錢,彰化縣埔心鄉****,,,,,,,,,
41,劉珊伶,111年彰化縣議員選舉,首次申報,1111118,個人捐贈收入,張宸榕,,26000.00,0.00,匯款,1111118,已返還,,金錢,彰化縣埔心鄉****,0968*****,,,,,,,,
42,劉珊伶,111年彰化縣議員選舉,首次申報,1111124,個人捐贈收入,許惠雅,P22*******,30000.00,0.00,匯款,1111124,,,金錢,臺北市萬華區****,0988*****,,,,,,,,
43,劉珊伶,111年彰化縣議員選舉,首次申報,1111221,其他收入,利息收入,,62.00,0.00,匯款,1111221,,,金錢,,,,,,,,,,
