﻿序號,擬參選人／政黨,選舉名稱,申報序號／年度,交易日期,收支科目,捐贈者／支出對象,身分證／統一編號,收入金額,支出金額,支出用途,金錢類,地址,聯絡電話,資料更正日期
1,孟文源,107年縣(市)議員選舉,首次申報,1071024,個人捐贈收入,張尉恭,,10000.00,0.00,,金錢,,0988*****,
2,孟文源,107年縣(市)議員選舉,首次申報,1071026,個人捐贈收入,繆淑靖,,6000.00,0.00,,金錢,,0915*****,
3,孟文源,107年縣(市)議員選舉,首次申報,1071026,匿名捐贈,邱榮村,,2000.00,0.00,,金錢,,,
4,孟文源,107年縣(市)議員選舉,首次申報,1071026,個人捐贈收入,邱紹南,,2000.00,0.00,,金錢,,0928*****,
5,孟文源,107年縣(市)議員選舉,首次申報,1071026,個人捐贈收入,李進智,,10000.00,0.00,,金錢,,0935*****,
6,孟文源,107年縣(市)議員選舉,首次申報,1071026,個人捐贈收入,藍淑賢,,3000.00,0.00,,金錢,,0426*****,
7,孟文源,107年縣(市)議員選舉,首次申報,1071026,個人捐贈收入,徐秀華,,2000.00,0.00,,金錢,,0426*****,
8,孟文源,107年縣(市)議員選舉,首次申報,1071026,個人捐贈收入,陳景煌,,3000.00,0.00,,金錢,,0919*****,
9,孟文源,107年縣(市)議員選舉,首次申報,1071026,個人捐贈收入,吳美冠,,8000.00,0.00,,金錢,,0917*****,
10,孟文源,107年縣(市)議員選舉,首次申報,1071026,個人捐贈收入,呂聯慶,K10*******,20000.00,0.00,,金錢,,,
11,孟文源,107年縣(市)議員選舉,首次申報,1071114,營利事業捐贈收入,李綜合醫療社團法人苑裡李綜合醫院,45588624,25000.00,0.00,,金錢,,,
12,孟文源,107年縣(市)議員選舉,首次申報,1071114,營利事業捐贈收入,李綜合醫療社團法人苑裡李綜合醫院,45588624,25000.00,0.00,,金錢,,,
13,孟文源,107年縣(市)議員選舉,首次申報,1071114,營利事業捐贈收入,李綜合醫療社團法人苑裡李綜合醫院,45588624,25000.00,0.00,,金錢,,,
14,孟文源,107年縣(市)議員選舉,首次申報,1071114,營利事業捐贈收入,李綜合醫療社團法人苑裡李綜合醫院,45588624,25000.00,0.00,,金錢,,,
15,孟文源,107年縣(市)議員選舉,首次申報,1071116,個人捐贈收入,方宏豪,K12*******,5000.00,0.00,,金錢,,,
