﻿序號,擬參選人／政黨,選舉名稱,申報序號／年度,交易日期,收支科目,捐贈者／支出對象,身分證／統一編號,收入金額,支出金額,捐贈方式,存入專戶日期,返還/繳庫,支出用途,金錢類,地址,聯絡電話,應揭露之支出對象,支出對象之內部人員姓名,支出對象之內部人員職稱,政黨之內部人員姓名,政黨之內部人員職稱,關係,更正註記,資料更正日期
1,邱若華,113年立法委員選舉,首次申報,1120922,政黨捐贈收入,中國國民黨,政黨證字第1號,300000.00,0.00,票據,1121004,,,金錢,台北市中山區****,(02)*****,,,,,,,,
2,邱若華,113年立法委員選舉,首次申報,1121123,人民團體捐贈收入,社團法人桃園市牙醫師公會,,100000.00,0.00,現金,1121124,,,金錢,桃園市中壢區****,03-4*****,,,,,,,,
3,邱若華,113年立法委員選舉,首次申報,1121130,個人捐贈收入,石焜墉,M12*******,30000.00,0.00,現金,1121201,,,金錢,新北市樹林區****,,,,,,,,,
4,邱若華,113年立法委員選舉,首次申報,1121208,營利事業捐贈收入,冠群峰股份有限公司,84549636,250000.00,0.00,匯款,1121208,,,金錢,桃園市大溪區****,,,,,,,,,
5,邱若華,113年立法委員選舉,首次申報,1121208,營利事業捐贈收入,銓昌砂石股份有限公司,89651997,250000.00,0.00,匯款,1121208,,,金錢,桃園市大溪區****,,,,,,,,,
6,邱若華,113年立法委員選舉,首次申報,1121219,個人捐贈收入,宋月香,H20*******,100000.00,0.00,票據,1121220,,,金錢,桃園市中壢區****,0939*****,,,,,,,,
7,邱若華,113年立法委員選舉,首次申報,1121220,營利事業捐贈收入,旺佳廣告有限公司,50913656,150000.00,0.00,票據,1121220,,,金錢,桃園市中壢區****,03-4*****,,,,,,,,
8,邱若華,113年立法委員選舉,首次申報,1121220,營利事業捐贈收入,龍鎮建設有限公司,82794041,150000.00,0.00,匯款,1121220,已返還,,金錢,桃園市中壢區****,,,,,,,,,
9,邱若華,113年立法委員選舉,首次申報,1121220,個人捐贈收入,陳瑞賢,H22*******,100000.00,0.00,匯款,1121220,,,金錢,桃園市平鎮區****,,,,,,,,,
10,邱若華,113年立法委員選舉,首次申報,1121221,其他收入,利息收入,,628.00,0.00,匯款,1121221,,,金錢,,,,,,,,,,
11,邱若華,113年立法委員選舉,首次申報,1121221,營利事業捐贈收入,尚美實業股份有限公司,43834777,50000.00,0.00,匯款,1121221,,,金錢,新竹縣關西鎮****,03-5*****,,,,,,,,
12,邱若華,113年立法委員選舉,首次申報,1121222,個人捐贈收入,殷東成,H12*******,100000.00,0.00,匯款,1121222,,,金錢,桃園市平鎮區****,0952*****,,,,,,,,
13,邱若華,113年立法委員選舉,首次申報,1121222,個人捐贈收入,鍾迪安,H12*******,100000.00,0.00,匯款,1121222,,,金錢,桃園市中壢區****,0928*****,,,,,,,,
14,邱若華,113年立法委員選舉,首次申報,1121222,個人捐贈收入,黃威霖,H12*******,100000.00,0.00,匯款,1121222,,,金錢,桃園市中壢區****,0927*****,,,,,,,,
15,邱若華,113年立法委員選舉,首次申報,1121222,個人捐贈收入,李宜蓁,V22*******,100000.00,0.00,匯款,1121222,,,金錢,桃園市中壢區****,0912*****,,,,,,,,
16,邱若華,113年立法委員選舉,首次申報,1121226,營利事業捐贈收入,宏宇金屬建材股份有限公司,07166618,500000.00,0.00,匯款,1121226,,,金錢,臺北市中山區****,,,,,,,,,
17,邱若華,113年立法委員選舉,首次申報,1121226,營利事業捐贈收入,誠永營造股份有限公司,16036308,500000.00,0.00,票據,1121226,,,金錢,桃園市中壢區****,,,,,,,,,
18,邱若華,113年立法委員選舉,首次申報,1121226,營利事業捐贈收入,中華電線電纜股份有限公司,35882520,500000.00,0.00,匯款,1121226,已返還,,金錢,臺北市中山區****,,,,,,,,,
19,邱若華,113年立法委員選舉,首次申報,1121226,個人捐贈收入,侯思廷,H22*******,100000.00,0.00,匯款,1121226,,,金錢,桃園市中壢區****,0925*****,,,,,,,,
20,邱若華,113年立法委員選舉,首次申報,1121226,個人捐贈收入,劉昀柔,H22*******,100000.00,0.00,匯款,1121226,,,金錢,桃園市中壢區****,,,,,,,,,
21,邱若華,113年立法委員選舉,首次申報,1121227,個人捐贈收入,蘇義吉,A10*******,100000.00,0.00,匯款,1121227,,,金錢,桃園市大溪區****,0910*****,,,,,,,,
22,邱若華,113年立法委員選舉,首次申報,1121228,營利事業捐贈收入,聯華鋁業股份有限公司,12410036,50000.00,0.00,匯款,1121228,,,金錢,臺北市大安區****,0937*****,,,,,,,,
23,邱若華,113年立法委員選舉,首次申報,1121228,營利事業捐贈收入,瑛陞國際股份有限公司,90485011,50000.00,0.00,匯款,1121228,,,金錢,桃園市八德區****,0937*****,,,,,,,,
24,邱若華,113年立法委員選舉,首次申報,1121228,營利事業捐贈收入,佳鋒精科國際股份有限公司,90638614,50000.00,0.00,匯款,1121228,,,金錢,桃園市中壢區****,0937*****,,,,,,,,
25,邱若華,113年立法委員選舉,首次申報,1121228,個人捐贈收入,陳耀本,H12*******,100000.00,0.00,匯款,1121228,,,金錢,桃園市中壢區****,0986*****,,,,,,,,
26,邱若華,113年立法委員選舉,首次申報,1121229,個人捐贈收入,吳石寶,C12*******,100000.00,0.00,匯款,1121229,,,金錢,桃園市中壢區****,0910*****,,,,,,,,
27,邱若華,113年立法委員選舉,首次申報,1121229,個人捐贈收入,邱桂珠,H22*******,50000.00,0.00,匯款,1121229,,,金錢,桃園市中壢區****,0910*****,,,,,,,,
28,邱若華,113年立法委員選舉,首次申報,1130103,營利事業捐贈收入,五十甲建設開發股份有限公司,28336792,100000.00,0.00,匯款,1130103,,,金錢,桃園市蘆竹區****,0932*****,,,,,,,,
29,邱若華,113年立法委員選舉,首次申報,1130103,營利事業捐贈收入,大鐘印染股份有限公司,57002416,500000.00,0.00,匯款,1130103,,,金錢,桃園市中壢區****,04-2*****,,,,,,,,
30,邱若華,113年立法委員選舉,首次申報,1130103,個人捐贈收入,沈秀芬,E22*******,100000.00,0.00,匯款,1130103,,,金錢,桃園市龜山區****,0911*****,,,,,,,,
31,邱若華,113年立法委員選舉,首次申報,1130103,個人捐贈收入,陳郁文,K22*******,100000.00,0.00,匯款,1130103,,,金錢,桃園市中壢區****,0920*****,,,,,,,,
32,邱若華,113年立法委員選舉,首次申報,1130104,個人捐贈收入,林基崇,F12*******,100000.00,0.00,匯款,1130104,,,金錢,桃園市中壢區****,0989*****,,,,,,,,
33,邱若華,113年立法委員選舉,首次申報,1130104,個人捐贈收入,王騰緯,F12*******,100000.00,0.00,匯款,1130104,,,金錢,桃園市桃園區****,0912*****,,,,,,,,
34,邱若華,113年立法委員選舉,首次申報,1130104,個人捐贈收入,王聿承,F12*******,100000.00,0.00,匯款,1130104,,,金錢,桃園市桃園區****,0920*****,,,,,,,,
35,邱若華,113年立法委員選舉,首次申報,1130104,個人捐贈收入,江明詮,H12*******,100000.00,0.00,匯款,1130104,,,金錢,桃園市中壢區****,,,,,,,,,
36,邱若華,113年立法委員選舉,首次申報,1130104,個人捐贈收入,陳政昇,H12*******,100000.00,0.00,匯款,1130104,,,金錢,桃園市中壢區****,0924*****,,,,,,,,
37,邱若華,113年立法委員選舉,首次申報,1130104,個人捐贈收入,陳淑文,H22*******,100000.00,0.00,匯款,1130104,,,金錢,桃園市平鎮區****,0919*****,,,,,,,,
38,邱若華,113年立法委員選舉,首次申報,1130104,個人捐贈收入,丁原祥,J12*******,100000.00,0.00,匯款,1130104,,,金錢,臺北市大安區****,0930*****,,,,,,,,
39,邱若華,113年立法委員選舉,首次申報,1130105,營利事業捐贈收入,西北地產股份有限公司,89323171,500000.00,0.00,匯款,1130105,,,金錢,桃園市中壢區****,0349*****,,,,,,,,
40,邱若華,113年立法委員選舉,首次申報,1130105,個人捐贈收入,邱懿慧,H22*******,100000.00,0.00,匯款,1130105,,,金錢,桃園市中壢區****,0968*****,,,,,,,,
41,邱若華,113年立法委員選舉,首次申報,1130105,個人捐贈收入,殷佩瑜,H22*******,100000.00,0.00,匯款,1130105,,,金錢,桃園市平鎮區****,0975*****,,,,,,,,
42,邱若華,113年立法委員選舉,首次申報,1130105,個人捐贈收入,阚華,H22*******,100000.00,0.00,匯款,1130105,,,金錢,桃園市觀音區****,0932*****,,,,,,,,
43,邱若華,113年立法委員選舉,首次申報,1130105,個人捐贈收入,邱婉瑜,H22*******,100000.00,0.00,匯款,1130105,,,金錢,桃園市中壢區****,0958*****,,,,,,,,
44,邱若華,113年立法委員選舉,首次申報,1130105,個人捐贈收入,邱鈺雯,H22*******,100000.00,0.00,匯款,1130105,,,金錢,桃園市中壢區****,0931*****,,,,,,,,
45,邱若華,113年立法委員選舉,首次申報,1130105,個人捐贈收入,邱懿德,H22*******,100000.00,0.00,匯款,1130105,,,金錢,桃園市中壢區****,0913*****,,,,,,,,
46,邱若華,113年立法委員選舉,首次申報,1130105,個人捐贈收入,劉君宜,J22*******,100000.00,0.00,匯款,1130105,,,金錢,桃園市桃園區****,0932*****,,,,,,,,
47,邱若華,113年立法委員選舉,首次申報,1130105,個人捐贈收入,洪維新,O10*******,100000.00,0.00,匯款,1130105,,,金錢,桃園市中壢區****,0953*****,,,,,,,,
48,邱若華,113年立法委員選舉,首次申報,1130105,個人捐贈收入,陳淑滿,P22*******,100000.00,0.00,匯款,1130105,,,金錢,桃園市中壢區****,0935*****,,,,,,,,
49,邱若華,113年立法委員選舉,首次申報,1130106,個人捐贈收入,王巧雲,H22*******,100000.00,0.00,匯款,1130106,,,金錢,桃園市中壢區****,0953*****,,,,,,,,
50,邱若華,113年立法委員選舉,首次申報,1130108,個人捐贈收入,吳彬文,H12*******,100000.00,0.00,匯款,1130108,,,金錢,桃園市中壢區****,0919*****,,,,,,,,
51,邱若華,113年立法委員選舉,首次申報,1130108,個人捐贈收入,王碧瑕,H22*******,100000.00,0.00,匯款,1130108,,,金錢,桃園市中壢區****,0919*****,,,,,,,,
52,邱若華,113年立法委員選舉,首次申報,1130108,個人捐贈收入,陳玉倩,N22*******,100000.00,0.00,匯款,1130108,,,金錢,桃園市桃園區****,0927*****,,,,,,,,
53,邱若華,113年立法委員選舉,首次申報,1130109,營利事業捐贈收入,鶴立崗企業有限公司,27815561,800000.00,0.00,匯款,1130109,,,金錢,桃園市平鎮區****,0975*****,,,,,,,,
54,邱若華,113年立法委員選舉,首次申報,1130109,個人捐贈收入,葉斯篪,H10*******,100000.00,0.00,匯款,1130109,,,金錢,桃園市中壢區****,0956*****,,,,,,,,
55,邱若華,113年立法委員選舉,首次申報,1130109,個人捐贈收入,林德獎,H10*******,100000.00,0.00,匯款,1130109,,,金錢,桃園市中壢區****,0909*****,,,,,,,,
56,邱若華,113年立法委員選舉,首次申報,1130109,個人捐贈收入,江松儒,H12*******,100000.00,0.00,匯款,1130109,,,金錢,桃園市中壢區****,0966*****,,,,,,,,
57,邱若華,113年立法委員選舉,首次申報,1130109,個人捐贈收入,劉仁廷,H12*******,100000.00,0.00,匯款,1130109,,,金錢,桃園市桃園區****,0922*****,,,,,,,,
58,邱若華,113年立法委員選舉,首次申報,1130109,個人捐贈收入,殷秉鴻,H12*******,100000.00,0.00,匯款,1130109,,,金錢,桃園市平鎮區****,0981*****,,,,,,,,
59,邱若華,113年立法委員選舉,首次申報,1130109,個人捐贈收入,陳昌興,H12*******,100000.00,0.00,匯款,1130109,,,金錢,桃園市楊梅區****,0955*****,,,,,,,,
60,邱若華,113年立法委員選舉,首次申報,1130109,個人捐贈收入,張敏嬌,H20*******,100000.00,0.00,匯款,1130109,,,金錢,桃園市中壢區****,0956*****,,,,,,,,
61,邱若華,113年立法委員選舉,首次申報,1130109,個人捐贈收入,尹瑞姬,H20*******,100000.00,0.00,匯款,1130109,,,金錢,桃園市中壢區****,0909*****,,,,,,,,
62,邱若華,113年立法委員選舉,首次申報,1130109,個人捐贈收入,劉允文,H22*******,100000.00,0.00,匯款,1130109,,,金錢,桃園市桃園區****,0922*****,,,,,,,,
63,邱若華,113年立法委員選舉,首次申報,1130109,個人捐贈收入,蔡馨文,H22*******,100000.00,0.00,匯款,1130109,,,金錢,桃園市中壢區****,0937*****,,,,,,,,
64,邱若華,113年立法委員選舉,首次申報,1130109,個人捐贈收入,胡瑞芸,H22*******,100000.00,0.00,匯款,1130109,,,金錢,桃園市楊梅區****,0903*****,,,,,,,,
65,邱若華,113年立法委員選舉,首次申報,1130109,個人捐贈收入,劉讚鈞,K12*******,100000.00,0.00,匯款,1130109,,,金錢,桃園市八德區****,0910*****,,,,,,,,
66,邱若華,113年立法委員選舉,首次申報,1130109,個人捐贈收入,葉碧珠,N22*******,100000.00,0.00,匯款,1130109,,,金錢,桃園市桃園區****,0953*****,,,,,,,,
67,邱若華,113年立法委員選舉,首次申報,1130109,個人捐贈收入,張承志,U10*******,100000.00,0.00,匯款,1130109,,,金錢,桃園市蘆竹區****,03-3*****,,,,,,,,
68,邱若華,113年立法委員選舉,首次申報,1130111,個人捐贈收入,高三原,F12*******,100000.00,0.00,匯款,1130111,,,金錢,桃園市平鎮區****,0930*****,,,,,,,,
69,邱若華,113年立法委員選舉,首次申報,1130111,個人捐贈收入,林進營,H12*******,100000.00,0.00,匯款,1130111,,,金錢,桃園市中壢區****,0918*****,,,,,,,,
70,邱若華,113年立法委員選舉,首次申報,1130111,個人捐贈收入,黃盈榛,H22*******,100000.00,0.00,匯款,1130111,,,金錢,桃園市中壢區****,0918*****,,,,,,,,
71,邱若華,113年立法委員選舉,首次申報,1130112,營利事業捐贈收入,天成醫療社團法人天晟醫院,26708183,300000.00,0.00,匯款,1130112,,,金錢,桃園市中壢區****,0922*****,,,,,,,,
