﻿序號,擬參選人／政黨,選舉名稱,申報序號／年度,交易日期,收支科目,捐贈者／支出對象,身分證／統一編號,收入金額,支出金額,捐贈方式,存入專戶日期,返還/繳庫,支出用途,金錢類,地址,聯絡電話,應揭露之支出對象,支出對象之內部人員姓名,支出對象之內部人員職稱,政黨之內部人員姓名,政黨之內部人員職稱,關係,更正註記,資料更正日期
1,黃政傑,111年嘉義縣義竹鄉鄉長選舉,首次申報,1110727,租用競選辦事處支出,三木黑板製造所,72022067,0.00,6300.00,,,,租買辦公設備費用,金錢,臺南市新營區****,,否,,,,,,,
2,黃政傑,111年嘉義縣義竹鄉鄉長選舉,首次申報,1110907,租用宣傳車輛支出,台灣中油義竹站,67019289,0.00,1426.00,,,,宣傳車輛燃料費用,金錢,嘉義縣義竹鄉****,,否,,,,,,,
3,黃政傑,111年嘉義縣義竹鄉鄉長選舉,首次申報,1110909,雜支支出,湧進企業社,85785559,0.00,110.00,,,,雜項購置或修繕費用,金錢,嘉義縣義竹鄉****,,否,,,,,,,
4,黃政傑,111年嘉義縣義竹鄉鄉長選舉,首次申報,1110912,租用宣傳車輛支出,台灣中油義竹站,67019289,0.00,1352.00,,,,宣傳車輛燃料費用,金錢,嘉義縣義竹鄉****,,否,,,,,,,
5,黃政傑,111年嘉義縣義竹鄉鄉長選舉,首次申報,1110917,雜支支出,湧進企業社,85785559,0.00,65.00,,,,雜項購置或修繕費用,金錢,嘉義縣義竹鄉****,,否,,,,,,,
6,黃政傑,111年嘉義縣義竹鄉鄉長選舉,首次申報,1110918,租用宣傳車輛支出,台灣中油義竹站,67019289,0.00,1430.00,,,,宣傳車輛燃料費用,金錢,嘉義縣義竹鄉****,,否,,,,,,,
7,黃政傑,111年嘉義縣義竹鄉鄉長選舉,首次申報,1110919,宣傳支出,東文社印務局,71214405,0.00,390.00,,,,製作競選物品或宣傳廣告費用（物品名稱-小卡）,金錢,臺南市鹽水區****,,否,,,,,,,
8,黃政傑,111年嘉義縣義竹鄉鄉長選舉,首次申報,1110923,宣傳支出,東文社印務局,71214405,0.00,2000.00,,,,製作競選物品或宣傳廣告費用（物品名稱-文宣）,金錢,臺南市鹽水區****,,否,,,,,,,
9,黃政傑,111年嘉義縣義竹鄉鄉長選舉,首次申報,1110924,集會支出,真口味美食,26494801,0.00,30000.00,,,,餐飲費用,金錢,嘉義縣義竹鄉****,,否,,,,,,,
10,黃政傑,111年嘉義縣義竹鄉鄉長選舉,首次申報,1110924,雜支支出,富邦媒體科技股份有限公司,27365925,0.00,1948.00,,,,雜項購置或修繕費用,金錢,臺北市內湖區****,,否,,,,,,,
11,黃政傑,111年嘉義縣義竹鄉鄉長選舉,首次申報,1110925,租用競選辦事處支出,晨瑋環保工程有限公司台中分公司,25109695,0.00,11500.00,,,,其他與租用競選辦事處有關之費用,金錢,文心南路巷號****,,否,,,,,,,
12,黃政傑,111年嘉義縣義竹鄉鄉長選舉,首次申報,1110925,雜支支出,湧進企業社,85785559,0.00,4510.00,,,,雜項購置或修繕費用,金錢,嘉義縣義竹鄉****,,否,,,,,,,
13,黃政傑,111年嘉義縣義竹鄉鄉長選舉,首次申報,1110925,宣傳支出,翁子翔,Q12*******,0.00,8400.00,,,,播放、傳送或刊登宣傳廣告費用,金錢,嘉義縣義竹鄉****,0939*****,否,,,,,,,
14,黃政傑,111年嘉義縣義竹鄉鄉長選舉,首次申報,1110927,租用宣傳車輛支出,台灣中油義竹站,67019289,0.00,1375.00,,,,宣傳車輛燃料費用,金錢,嘉義縣義竹鄉****,,否,,,,,,,
15,黃政傑,111年嘉義縣義竹鄉鄉長選舉,首次申報,1110927,雜支支出,凡龍國際有限公司,83290130,0.00,2070.00,,,,雜項購置或修繕費用,金錢,高雄市三民區****,,否,,,,,,,
16,黃政傑,111年嘉義縣義竹鄉鄉長選舉,首次申報,1110927,雜支支出,湧進企業社,85785559,0.00,150.00,,,,雜項購置或修繕費用,金錢,嘉義縣義竹鄉****,,否,,,,,,,
17,黃政傑,111年嘉義縣義竹鄉鄉長選舉,首次申報,1110929,租用宣傳車輛支出,大新營加油站,84827130,0.00,670.00,,,,租用宣傳車輛費用,金錢,臺南市新營區****,,否,,,,,,,
18,黃政傑,111年嘉義縣義竹鄉鄉長選舉,首次申報,1110929,雜支支出,湧進企業社,85785559,0.00,940.00,,,,雜項購置或修繕費用,金錢,嘉義縣義竹鄉****,,否,,,,,,,
19,黃政傑,111年嘉義縣義竹鄉鄉長選舉,首次申報,1110930,宣傳支出,佑呈開發有限公司,24662275,0.00,45000.00,,,,委託辦理研究、評估、調查、設計或規劃費用,金錢,臺南市東區崇****,,否,,,,,,,
20,黃政傑,111年嘉義縣義竹鄉鄉長選舉,首次申報,1110930,集會支出,真口味美食,26494801,0.00,50000.00,,,,餐飲費用,金錢,嘉義縣義竹鄉****,,否,,,,,,,
21,黃政傑,111年嘉義縣義竹鄉鄉長選舉,首次申報,1111002,租用宣傳車輛支出,台灣中油長榮路站,19788181,0.00,1487.00,,,,宣傳車輛燃料費用,金錢,臺南市新營區****,,否,,,,,,,
22,黃政傑,111年嘉義縣義竹鄉鄉長選舉,首次申報,1111002,租用宣傳車輛支出,台灣中油義竹站,67019289,0.00,135.00,,,,宣傳車輛燃料費用,金錢,嘉義縣義竹鄉****,,否,,,,,,,
23,黃政傑,111年嘉義縣義竹鄉鄉長選舉,首次申報,1111007,租用宣傳車輛支出,台灣中油義竹站,67019289,0.00,1315.00,,,,宣傳車輛燃料費用,金錢,嘉義縣義竹鄉****,,否,,,,,,,
24,黃政傑,111年嘉義縣義竹鄉鄉長選舉,首次申報,1111011,雜支支出,富邦媒體科技股份有限公司,27365925,0.00,1899.00,,,,雜項購置或修繕費用,金錢,臺北市內湖區****,,否,,,,,,,
25,黃政傑,111年嘉義縣義竹鄉鄉長選舉,首次申報,1111011,租用競選辦事處支出,偉業科技企業社,34955686,0.00,5250.00,,,,其他與租用競選辦事處有關之費用,金錢,嘉義縣義竹鄉****,,否,,,,,,,
26,黃政傑,111年嘉義縣義竹鄉鄉長選舉,首次申報,1111011,雜支支出,湧進企業社,85785559,0.00,550.00,,,,雜項購置或修繕費用,金錢,嘉義縣義竹鄉****,,否,,,,,,,
27,黃政傑,111年嘉義縣義竹鄉鄉長選舉,首次申報,1111012,雜支支出,湧進企業社,85785559,0.00,110.00,,,,雜項購置或修繕費用,金錢,嘉義縣義竹鄉****,,否,,,,,,,
28,黃政傑,111年嘉義縣義竹鄉鄉長選舉,首次申報,1111017,租用宣傳車輛支出,台灣中油義竹站,67019289,0.00,810.00,,,,宣傳車輛燃料費用,金錢,嘉義縣義竹鄉****,,否,,,,,,,
29,黃政傑,111年嘉義縣義竹鄉鄉長選舉,首次申報,1111017,雜支支出,湧進企業社,85785559,0.00,50.00,,,,雜項購置或修繕費用,金錢,嘉義縣義竹鄉****,,否,,,,,,,
30,黃政傑,111年嘉義縣義竹鄉鄉長選舉,首次申報,1111018,雜支支出,湧進企業社,85785559,0.00,95.00,,,,雜項購置或修繕費用,金錢,嘉義縣義竹鄉****,,否,,,,,,,
31,黃政傑,111年嘉義縣義竹鄉鄉長選舉,首次申報,1111019,雜支支出,湧進企業社,85785559,0.00,185.00,,,,雜項購置或修繕費用,金錢,嘉義縣義竹鄉****,,否,,,,,,,
32,黃政傑,111年嘉義縣義竹鄉鄉長選舉,首次申報,1111022,租用宣傳車輛支出,台灣中油義竹站,67019289,0.00,1442.00,,,,宣傳車輛燃料費用,金錢,嘉義縣義竹鄉****,,否,,,,,,,
33,黃政傑,111年嘉義縣義竹鄉鄉長選舉,首次申報,1111025,雜支支出,新冠竹商行,34964377,0.00,280.00,,,,文具用品費用,金錢,嘉義縣義竹鄉****,,否,,,,,,,
34,黃政傑,111年嘉義縣義竹鄉鄉長選舉,首次申報,1111026,集會支出,雅豔演藝傳播,06362113,0.00,6000.00,,,,其他與集會有關之費用,金錢,嘉義縣義竹鄉****,,否,,,,,,,
35,黃政傑,111年嘉義縣義竹鄉鄉長選舉,首次申報,1111026,雜支支出,新冠竹商行,34964377,0.00,180.00,,,,文具用品費用,金錢,嘉義縣義竹鄉****,,否,,,,,,,
36,黃政傑,111年嘉義縣義竹鄉鄉長選舉,首次申報,1111026,集會支出,清好口味,47835973,0.00,16000.00,,,,餐飲費用,金錢,嘉義縣義竹鄉****,,否,,,,,,,
37,黃政傑,111年嘉義縣義竹鄉鄉長選舉,首次申報,1111026,宣傳支出,東文社印務局,71214405,0.00,4200.00,,,,製作競選物品或宣傳廣告費用（DM）,金錢,臺南市鹽水區****,,否,,,,,,,
38,黃政傑,111年嘉義縣義竹鄉鄉長選舉,首次申報,1111026,租用宣傳車輛支出,大新營加油站,84827130,0.00,773.00,,,,宣傳車輛燃料費用,金錢,臺南市新營區****,,否,,,,,,,
39,黃政傑,111年嘉義縣義竹鄉鄉長選舉,首次申報,1111026,雜支支出,湧進企業社,85785559,0.00,490.00,,,,雜項購置或修繕費用,金錢,嘉義縣義竹鄉****,,否,,,,,,,
40,黃政傑,111年嘉義縣義竹鄉鄉長選舉,首次申報,1111026,租用宣傳車輛支出,黃智遠,Q12*******,0.00,44000.00,,,,租用宣傳車輛費用,金錢,嘉義縣義竹鄉****,,否,,,,,,,
41,黃政傑,111年嘉義縣義竹鄉鄉長選舉,首次申報,1111027,租用宣傳車輛支出,台灣中油義竹站,67019289,0.00,1060.00,,,,宣傳車輛燃料費用,金錢,嘉義縣義竹鄉****,,否,,,,,,,
42,黃政傑,111年嘉義縣義竹鄉鄉長選舉,首次申報,1111028,雜支支出,湧進企業社,85785559,0.00,2060.00,,,,雜項購置或修繕費用,金錢,嘉義縣義竹鄉****,,否,,,,,,,
43,黃政傑,111年嘉義縣義竹鄉鄉長選舉,首次申報,1111029,宣傳支出,芳琪電子琴行,,0.00,12000.00,,,,演講或表演費用,金錢,嘉義縣義竹鄉****,,否,,,,,,,
44,黃政傑,111年嘉義縣義竹鄉鄉長選舉,首次申報,1111029,集會支出,真口味美食,26494801,0.00,40000.00,,,,餐飲費用,金錢,嘉義縣義竹鄉****,,否,,,,,,,
45,黃政傑,111年嘉義縣義竹鄉鄉長選舉,首次申報,1111029,雜支支出,久承環保有限公司,27281720,0.00,9000.00,,,,雜項購置或修繕費用,金錢,雲林縣斗六市****,,否,,,,,,,
46,黃政傑,111年嘉義縣義竹鄉鄉長選舉,首次申報,1111029,雜支支出,明智早餐店,62909559,0.00,8000.00,,,,餐飲費用,金錢,嘉義縣義竹鄉****,,否,,,,,,,
47,黃政傑,111年嘉義縣義竹鄉鄉長選舉,首次申報,1111029,租用競選辦事處支出,東昇商行,88959028,0.00,54050.00,,,,其他與租用競選辦事處有關之費用,金錢,嘉義縣義竹鄉****,,否,,,,,,,
48,黃政傑,111年嘉義縣義竹鄉鄉長選舉,首次申報,1111029,集會支出,謝佩蓉,R22*******,0.00,4500.00,,,,餐飲費用,金錢,嘉義縣義竹鄉****,,否,,,,,,,
49,黃政傑,111年嘉義縣義竹鄉鄉長選舉,首次申報,1111030,租用宣傳車輛支出,台灣中油義竹站,67019289,0.00,300.00,,,,宣傳車輛燃料費用,金錢,嘉義縣義竹鄉****,,否,,,,,,,
50,黃政傑,111年嘉義縣義竹鄉鄉長選舉,首次申報,1111030,雜支支出,湧進企業社,85785559,0.00,150.00,,,,雜項購置或修繕費用,金錢,嘉義縣義竹鄉****,,否,,,,,,,
51,黃政傑,111年嘉義縣義竹鄉鄉長選舉,首次申報,1111031,租用宣傳車輛支出,台灣中油義竹站,67019289,0.00,600.00,,,,宣傳車輛燃料費用,金錢,嘉義縣義竹鄉****,,否,,,,,,,
52,黃政傑,111年嘉義縣義竹鄉鄉長選舉,首次申報,1111101,雜支支出,學府書局,,0.00,1185.00,,,,文具用品費用,金錢,雲林縣水林鄉****,,否,,,,,,,
53,黃政傑,111年嘉義縣義竹鄉鄉長選舉,首次申報,1111101,雜支支出,新冠竹商行,34964377,0.00,443.00,,,,文具用品費用,金錢,嘉義縣義竹鄉****,,否,,,,,,,
54,黃政傑,111年嘉義縣義竹鄉鄉長選舉,首次申報,1111101,租用宣傳車輛支出,台灣中油義竹站,67019289,0.00,350.00,,,,宣傳車輛燃料費用,金錢,嘉義縣義竹鄉****,,否,,,,,,,
55,黃政傑,111年嘉義縣義竹鄉鄉長選舉,首次申報,1111101,租用宣傳車輛支出,台灣中油義竹站,67019289,0.00,135.00,,,,宣傳車輛燃料費用,金錢,嘉義縣義竹鄉****,,否,,,,,,,
56,黃政傑,111年嘉義縣義竹鄉鄉長選舉,首次申報,1111101,宣傳支出,東文社印務局,71214405,0.00,1920.00,,,,製作競選物品或宣傳廣告費用（文宣）,金錢,臺南市鹽水區****,,否,,,,,,,
57,黃政傑,111年嘉義縣義竹鄉鄉長選舉,首次申報,1111101,宣傳支出,翁子翔,Q12*******,0.00,8400.00,,,,播放、傳送或刊登宣傳廣告費用,金錢,嘉義縣義竹鄉****,0939*****,否,,,,,,,
58,黃政傑,111年嘉義縣義竹鄉鄉長選舉,首次申報,1111102,租用宣傳車輛支出,台灣中油義竹站,67019289,0.00,856.00,,,,宣傳車輛燃料費用,金錢,嘉義縣義竹鄉****,,否,,,,,,,
59,黃政傑,111年嘉義縣義竹鄉鄉長選舉,首次申報,1111102,雜支支出,湧進企業社,85785559,0.00,50.00,,,,雜項購置或修繕費用,金錢,嘉義縣義竹鄉****,,否,,,,,,,
60,黃政傑,111年嘉義縣義竹鄉鄉長選舉,首次申報,1111103,集會支出,家味香,47774878,0.00,600.00,,,,餐飲費用,金錢,嘉義縣義竹鄉****,,否,,,,,,,
61,黃政傑,111年嘉義縣義竹鄉鄉長選舉,首次申報,1111103,租用宣傳車輛支出,台灣中油義竹站,67019289,0.00,360.00,,,,宣傳車輛燃料費用,金錢,嘉義縣義竹鄉****,,否,,,,,,,
62,黃政傑,111年嘉義縣義竹鄉鄉長選舉,首次申報,1111103,租用宣傳車輛支出,台灣中油義竹站,67019289,0.00,1000.00,,,,宣傳車輛燃料費用,金錢,嘉義縣義竹鄉****,,否,,,,,,,
63,黃政傑,111年嘉義縣義竹鄉鄉長選舉,首次申報,1111103,租用宣傳車輛支出,台灣中油義竹站,67019289,0.00,700.00,,,,宣傳車輛燃料費用,金錢,嘉義縣義竹鄉****,,否,,,,,,,
64,黃政傑,111年嘉義縣義竹鄉鄉長選舉,首次申報,1111105,租用宣傳車輛支出,台灣中油義竹站,67019289,0.00,1323.00,,,,宣傳車輛燃料費用,金錢,嘉義縣義竹鄉****,,否,,,,,,,
65,黃政傑,111年嘉義縣義竹鄉鄉長選舉,首次申報,1111105,租用宣傳車輛支出,台灣中油義竹站,67019289,0.00,400.00,,,,宣傳車輛燃料費用,金錢,嘉義縣義竹鄉****,,否,,,,,,,
66,黃政傑,111年嘉義縣義竹鄉鄉長選舉,首次申報,1111105,雜支支出,台灣中油義竹站,67019289,0.00,812.00,,,,汽機車燃料費用,金錢,嘉義縣義竹鄉****,,否,,,,,,,
67,黃政傑,111年嘉義縣義竹鄉鄉長選舉,首次申報,1111106,集會支出,真口味美食,26494801,0.00,15000.00,,,,餐飲費用,金錢,嘉義縣義竹鄉****,,否,,,,,,,
68,黃政傑,111年嘉義縣義竹鄉鄉長選舉,首次申報,1111106,雜支支出,大拇指火雞肉飯,37672113,0.00,1500.00,,,,餐飲費用,金錢,嘉義縣義竹鄉****,,否,,,,,,,
69,黃政傑,111年嘉義縣義竹鄉鄉長選舉,首次申報,1111106,雜支支出,湧進企業社,85785559,0.00,160.00,,,,雜項購置或修繕費用,金錢,嘉義縣義竹鄉****,,否,,,,,,,
70,黃政傑,111年嘉義縣義竹鄉鄉長選舉,首次申報,1111107,集會支出,真口味美食,26494801,0.00,20000.00,,,,餐飲費用,金錢,嘉義縣義竹鄉****,,否,,,,,,,
71,黃政傑,111年嘉義縣義竹鄉鄉長選舉,首次申報,1111107,集會支出,玉新企業社,36672641,0.00,3100.00,,,,租用設備費用,金錢,嘉義縣朴子市****,,否,,,,,,,
72,黃政傑,111年嘉義縣義竹鄉鄉長選舉,首次申報,1111107,租用宣傳車輛支出,台灣中油義竹站,67019289,0.00,745.00,,,,宣傳車輛燃料費用,金錢,嘉義縣義竹鄉****,,否,,,,,,,
73,黃政傑,111年嘉義縣義竹鄉鄉長選舉,首次申報,1111107,租用宣傳車輛支出,台灣中油義竹站,67019289,0.00,650.00,,,,宣傳車輛燃料費用,金錢,嘉義縣義竹鄉****,,否,,,,,,,
74,黃政傑,111年嘉義縣義竹鄉鄉長選舉,首次申報,1111108,宣傳支出,漢林廣告社,14351441,0.00,10500.00,,,,製作競選物品或宣傳廣告費用（文宣）,金錢,臺南市新營區****,,否,,,,,,,
75,黃政傑,111年嘉義縣義竹鄉鄉長選舉,首次申報,1111108,租用宣傳車輛支出,台灣中油義竹站,67019289,0.00,370.00,,,,宣傳車輛燃料費用,金錢,嘉義縣義竹鄉****,,否,,,,,,,
76,黃政傑,111年嘉義縣義竹鄉鄉長選舉,首次申報,1111109,集會支出,真口味美食,26494801,0.00,10000.00,,,,餐飲費用,金錢,嘉義縣義竹鄉****,,否,,,,,,,
77,黃政傑,111年嘉義縣義竹鄉鄉長選舉,首次申報,1111109,租用宣傳車輛支出,台灣中油義竹站,67019289,0.00,807.00,,,,宣傳車輛燃料費用,金錢,嘉義縣義竹鄉****,,否,,,,,,,
78,黃政傑,111年嘉義縣義竹鄉鄉長選舉,首次申報,1111110,租用宣傳車輛支出,台灣中油義竹站,67019289,0.00,130.00,,,,宣傳車輛燃料費用,金錢,嘉義縣義竹鄉****,,否,,,,,,,
79,黃政傑,111年嘉義縣義竹鄉鄉長選舉,首次申報,1111110,租用宣傳車輛支出,台灣中油義竹站,67019289,0.00,550.00,,,,宣傳車輛燃料費用,金錢,嘉義縣義竹鄉****,,否,,,,,,,
80,黃政傑,111年嘉義縣義竹鄉鄉長選舉,首次申報,1111110,租用宣傳車輛支出,台灣中油義竹站,67019289,0.00,400.00,,,,宣傳車輛燃料費用,金錢,嘉義縣義竹鄉****,,否,,,,,,,
81,黃政傑,111年嘉義縣義竹鄉鄉長選舉,首次申報,1111110,集會支出,謝家團膳,85748133,0.00,11000.00,,,,餐飲費用,金錢,嘉義縣義竹鄉****,,否,,,,,,,
82,黃政傑,111年嘉義縣義竹鄉鄉長選舉,首次申報,1111111,宣傳支出,義竹辦事處,,0.00,1200.00,,,,播放、傳送或刊登宣傳廣告費用,金錢,嘉義縣義竹鄉****,,否,,,,,,,
83,黃政傑,111年嘉義縣義竹鄉鄉長選舉,首次申報,1111111,集會支出,大量傳便利商店,06347606,0.00,3420.00,,,,餐飲費用,金錢,嘉義縣義竹鄉****,,否,,,,,,,
84,黃政傑,111年嘉義縣義竹鄉鄉長選舉,首次申報,1111111,集會支出,真口味美食,26494801,0.00,15000.00,,,,餐飲費用,金錢,嘉義縣義竹鄉****,,否,,,,,,,
85,黃政傑,111年嘉義縣義竹鄉鄉長選舉,首次申報,1111112,集會支出,真口味美食,26494801,0.00,36000.00,,,,餐飲費用,金錢,嘉義縣義竹鄉****,,否,,,,,,,
86,黃政傑,111年嘉義縣義竹鄉鄉長選舉,首次申報,1111112,租用宣傳車輛支出,台灣中油義竹站,67019289,0.00,804.00,,,,宣傳車輛燃料費用,金錢,嘉義縣義竹鄉****,,否,,,,,,,
87,黃政傑,111年嘉義縣義竹鄉鄉長選舉,首次申報,1111112,雜支支出,湧進企業社,85785559,0.00,305.00,,,,雜項購置或修繕費用,金錢,嘉義縣義竹鄉****,,否,,,,,,,
88,黃政傑,111年嘉義縣義竹鄉鄉長選舉,首次申報,1111113,租用宣傳車輛支出,台灣中油義竹站,67019289,0.00,400.00,,,,宣傳車輛燃料費用,金錢,嘉義縣義竹鄉****,,否,,,,,,,
89,黃政傑,111年嘉義縣義竹鄉鄉長選舉,首次申報,1111114,租用宣傳車輛支出,台灣中油義竹站,67019289,0.00,650.00,,,,宣傳車輛燃料費用,金錢,嘉義縣義竹鄉****,,否,,,,,,,
90,黃政傑,111年嘉義縣義竹鄉鄉長選舉,首次申報,1111115,集會支出,真口味美食,26494801,0.00,15000.00,,,,餐飲費用,金錢,嘉義縣義竹鄉****,,否,,,,,,,
91,黃政傑,111年嘉義縣義竹鄉鄉長選舉,首次申報,1111115,租用宣傳車輛支出,台灣中油義竹站,67019289,0.00,760.00,,,,宣傳車輛燃料費用,金錢,嘉義縣義竹鄉****,,否,,,,,,,
92,黃政傑,111年嘉義縣義竹鄉鄉長選舉,首次申報,1111115,租用宣傳車輛支出,台灣中油義竹站,67019289,0.00,95.00,,,,宣傳車輛燃料費用,金錢,嘉義縣義竹鄉****,,否,,,,,,,
93,黃政傑,111年嘉義縣義竹鄉鄉長選舉,首次申報,1111116,集會支出,真口味美食,26494801,0.00,12000.00,,,,餐飲費用,金錢,嘉義縣義竹鄉****,,否,,,,,,,
94,黃政傑,111年嘉義縣義竹鄉鄉長選舉,首次申報,1111116,租用宣傳車輛支出,台灣中油義竹站,67019289,0.00,1000.00,,,,宣傳車輛燃料費用,金錢,嘉義縣義竹鄉****,,否,,,,,,,
95,黃政傑,111年嘉義縣義竹鄉鄉長選舉,首次申報,1111116,租用宣傳車輛支出,台灣中油義竹站,67019289,0.00,400.00,,,,宣傳車輛燃料費用,金錢,嘉義縣義竹鄉****,,否,,,,,,,
96,黃政傑,111年嘉義縣義竹鄉鄉長選舉,首次申報,1111116,宣傳支出,東文社印務局,71214405,0.00,9200.00,,,,製作競選物品或宣傳廣告費用（文宣）,金錢,臺南市鹽水區****,,否,,,,,,,
97,黃政傑,111年嘉義縣義竹鄉鄉長選舉,首次申報,1111117,集會支出,真口味美食,26494801,0.00,14000.00,,,,餐飲費用,金錢,嘉義縣義竹鄉****,,否,,,,,,,
98,黃政傑,111年嘉義縣義竹鄉鄉長選舉,首次申報,1111117,租用宣傳車輛支出,台灣中油義竹站,67019289,0.00,650.00,,,,宣傳車輛燃料費用,金錢,嘉義縣義竹鄉****,,否,,,,,,,
99,黃政傑,111年嘉義縣義竹鄉鄉長選舉,首次申報,1111117,租用宣傳車輛支出,台灣中油義竹站,67019289,0.00,146.00,,,,宣傳車輛燃料費用,金錢,嘉義縣義竹鄉****,,否,,,,,,,
100,黃政傑,111年嘉義縣義竹鄉鄉長選舉,首次申報,1111118,集會支出,真口味美食,26494801,0.00,12000.00,,,,餐飲費用,金錢,嘉義縣義竹鄉****,,否,,,,,,,
101,黃政傑,111年嘉義縣義竹鄉鄉長選舉,首次申報,1111118,租用競選辦事處支出,偉業科技企業社,34955686,0.00,14700.00,,,,其他與租用競選辦事處有關之費用,金錢,嘉義縣義竹鄉****,,否,,,,,,,
102,黃政傑,111年嘉義縣義竹鄉鄉長選舉,首次申報,1111118,宣傳支出,東文社印務局,71214405,0.00,5000.00,,,,製作競選物品或宣傳廣告費用（文宣）,金錢,臺南市鹽水區****,,否,,,,,,,
103,黃政傑,111年嘉義縣義竹鄉鄉長選舉,首次申報,1111118,雜支支出,湧進企業社,85785559,0.00,80.00,,,,雜項購置或修繕費用,金錢,嘉義縣義竹鄉****,,否,,,,,,,
104,黃政傑,111年嘉義縣義竹鄉鄉長選舉,首次申報,1111119,集會支出,真口味美食,26494801,0.00,6000.00,,,,餐飲費用,金錢,嘉義縣義竹鄉****,,否,,,,,,,
105,黃政傑,111年嘉義縣義竹鄉鄉長選舉,首次申報,1111119,雜支支出,新冠竹商行,34964377,0.00,150.00,,,,文具用品費用,金錢,嘉義縣義竹鄉****,,否,,,,,,,
106,黃政傑,111年嘉義縣義竹鄉鄉長選舉,首次申報,1111119,雜支支出,新冠竹商行,34964377,0.00,150.00,,,,文具用品費用,金錢,嘉義縣義竹鄉****,,否,,,,,,,
107,黃政傑,111年嘉義縣義竹鄉鄉長選舉,首次申報,1111119,租用宣傳車輛支出,台灣中油義竹站,67019289,0.00,800.00,,,,宣傳車輛燃料費用,金錢,嘉義縣義竹鄉****,,否,,,,,,,
108,黃政傑,111年嘉義縣義竹鄉鄉長選舉,首次申報,1111119,租用宣傳車輛支出,台灣中油義竹站,67019289,0.00,400.00,,,,宣傳車輛燃料費用,金錢,嘉義縣義竹鄉****,,否,,,,,,,
109,黃政傑,111年嘉義縣義竹鄉鄉長選舉,首次申報,1111120,集會支出,生活空間,20179799,0.00,1350.00,,,,餐飲費用,金錢,嘉義縣義竹鄉****,,否,,,,,,,
110,黃政傑,111年嘉義縣義竹鄉鄉長選舉,首次申報,1111120,交通旅運支出,達新遊覽汽車股份股份有限公司,65187648,0.00,3500.00,,,,搭乘交通工具費用,金錢,嘉義市西區垂****,,否,,,,,,,
111,黃政傑,111年嘉義縣義竹鄉鄉長選舉,首次申報,1111120,租用宣傳車輛支出,台灣中油義竹站,67019289,0.00,120.00,,,,宣傳車輛燃料費用,金錢,嘉義縣義竹鄉****,,否,,,,,,,
112,黃政傑,111年嘉義縣義竹鄉鄉長選舉,首次申報,1111120,雜支支出,湧進企業社,85785559,0.00,160.00,,,,雜項購置或修繕費用,金錢,嘉義縣義竹鄉****,,否,,,,,,,
113,黃政傑,111年嘉義縣義竹鄉鄉長選舉,首次申報,1111120,雜支支出,邱秀足,Q22*******,0.00,7000.00,,,,餐飲費用,金錢,嘉義縣義竹鄉****,,否,,,,,,,
114,黃政傑,111年嘉義縣義竹鄉鄉長選舉,首次申報,1111121,集會支出,家味香,47774878,0.00,600.00,,,,餐飲費用,金錢,嘉義縣義竹鄉****,,否,,,,,,,
115,黃政傑,111年嘉義縣義竹鄉鄉長選舉,首次申報,1111121,租用宣傳車輛支出,台灣中油義竹站,67019289,0.00,600.00,,,,宣傳車輛燃料費用,金錢,嘉義縣義竹鄉****,,否,,,,,,,
116,黃政傑,111年嘉義縣義竹鄉鄉長選舉,首次申報,1111121,租用宣傳車輛支出,台灣中油義竹站,67019289,0.00,770.00,,,,宣傳車輛燃料費用,金錢,嘉義縣義竹鄉****,,否,,,,,,,
117,黃政傑,111年嘉義縣義竹鄉鄉長選舉,首次申報,1111122,租用宣傳車輛支出,台灣中油義竹站,67019289,0.00,400.00,,,,宣傳車輛燃料費用,金錢,嘉義縣義竹鄉****,,否,,,,,,,
118,黃政傑,111年嘉義縣義竹鄉鄉長選舉,首次申報,1111122,宣傳支出,東文社印務局,71214405,0.00,3000.00,,,,製作競選物品或宣傳廣告費用（物品名稱-布條）,金錢,臺南市鹽水區****,,否,,,,,,,
119,黃政傑,111年嘉義縣義竹鄉鄉長選舉,首次申報,1111123,集會支出,清好口味,47835973,0.00,16000.00,,,,餐飲費用,金錢,嘉義縣義竹鄉****,,否,,,,,,,
120,黃政傑,111年嘉義縣義竹鄉鄉長選舉,首次申報,1111123,租用宣傳車輛支出,台灣中油義竹站,67019289,0.00,1035.00,,,,宣傳車輛燃料費用,金錢,嘉義縣義竹鄉****,,否,,,,,,,
121,黃政傑,111年嘉義縣義竹鄉鄉長選舉,首次申報,1111123,集會支出,大眾穩定企業,67333604,0.00,6000.00,,,,租用設備費用,金錢,嘉義縣朴子市****,,否,,,,,,,
122,黃政傑,111年嘉義縣義竹鄉鄉長選舉,首次申報,1111123,租用宣傳車輛支出,大新營加油站,84827130,0.00,705.00,,,,宣傳車輛燃料費用,金錢,臺南市新營區****,,否,,,,,,,
123,黃政傑,111年嘉義縣義竹鄉鄉長選舉,首次申報,1111124,返還捐贈支出,楊才賢,A12*******,0.00,50000.00,,,,返還,金錢,臺北市北投區****,,否,,,,,,,
124,黃政傑,111年嘉義縣義竹鄉鄉長選舉,首次申報,1111124,返還捐贈支出,楊才賢,A12*******,0.00,50000.00,,,,返還,金錢,臺北市北投區****,,否,,,,,,,
125,黃政傑,111年嘉義縣義竹鄉鄉長選舉,首次申報,1111124,返還捐贈支出,陳一清,B12*******,0.00,50000.00,,,,返還,金錢,臺北市內湖區****,,否,,,,,,,
126,黃政傑,111年嘉義縣義竹鄉鄉長選舉,首次申報,1111124,返還捐贈支出,陳一清,B12*******,0.00,50000.00,,,,返還,金錢,臺北市內湖區****,,否,,,,,,,
127,黃政傑,111年嘉義縣義竹鄉鄉長選舉,首次申報,1111124,返還捐贈支出,陳政宏,F12*******,0.00,50000.00,,,,返還,金錢,新北市林口區****,,否,,,,,,,
128,黃政傑,111年嘉義縣義竹鄉鄉長選舉,首次申報,1111124,返還捐贈支出,陳政宏,F12*******,0.00,50000.00,,,,返還,金錢,新北市林口區****,,否,,,,,,,
129,黃政傑,111年嘉義縣義竹鄉鄉長選舉,首次申報,1111124,返還捐贈支出,陳蓉卉,F20*******,0.00,50000.00,,,,返還,金錢,新北市林口區****,,否,,,,,,,
130,黃政傑,111年嘉義縣義竹鄉鄉長選舉,首次申報,1111124,返還捐贈支出,陳蓉卉,F20*******,0.00,50000.00,,,,返還,金錢,新北市林口區****,,否,,,,,,,
131,黃政傑,111年嘉義縣義竹鄉鄉長選舉,首次申報,1111124,返還捐贈支出,謝宜紋,F22*******,0.00,50000.00,,,,返還,金錢,新北市新莊區****,,否,,,,,,,
132,黃政傑,111年嘉義縣義竹鄉鄉長選舉,首次申報,1111124,返還捐贈支出,謝宜紋,F22*******,0.00,50000.00,,,,返還,金錢,新北市新莊區****,,否,,,,,,,
133,黃政傑,111年嘉義縣義竹鄉鄉長選舉,首次申報,1111124,返還捐贈支出,黃詩妤,F22*******,0.00,50000.00,,,,返還,金錢,新北市泰山區****,,否,,,,,,,
134,黃政傑,111年嘉義縣義竹鄉鄉長選舉,首次申報,1111124,返還捐贈支出,謝宜紋,F22*******,0.00,40000.00,,,,返還,金錢,新北市新莊區****,,否,,,,,,,
135,黃政傑,111年嘉義縣義竹鄉鄉長選舉,首次申報,1111124,返還捐贈支出,謝宜紋,F22*******,0.00,30000.00,,,,返還,金錢,新北市新莊區****,,否,,,,,,,
136,黃政傑,111年嘉義縣義竹鄉鄉長選舉,首次申報,1111124,返還捐贈支出,朱盈樺,F22*******,0.00,30000.00,,,,返還,金錢,新北市三重區****,,否,,,,,,,
137,黃政傑,111年嘉義縣義竹鄉鄉長選舉,首次申報,1111124,返還捐贈支出,黃詩妤,F22*******,0.00,50000.00,,,,返還,金錢,新北市泰山區****,,否,,,,,,,
138,黃政傑,111年嘉義縣義竹鄉鄉長選舉,首次申報,1111124,返還捐贈支出,林昆賢,H12*******,0.00,100000.00,,,,返還,金錢,新竹市東區公****,,否,,,,,,,
139,黃政傑,111年嘉義縣義竹鄉鄉長選舉,首次申報,1111124,返還捐贈支出,姚燕君,H22*******,0.00,50000.00,,,,返還,金錢,新北市林口區****,,否,,,,,,,
140,黃政傑,111年嘉義縣義竹鄉鄉長選舉,首次申報,1111124,返還捐贈支出,姚燕君,H22*******,0.00,50000.00,,,,返還,金錢,新北市林口區****,,否,,,,,,,
141,黃政傑,111年嘉義縣義竹鄉鄉長選舉,首次申報,1111124,返還捐贈支出,許育祺,Q22*******,0.00,50000.00,,,,返還,金錢,新北市新莊區****,,否,,,,,,,
142,黃政傑,111年嘉義縣義竹鄉鄉長選舉,首次申報,1111124,返還捐贈支出,許育祺,Q22*******,0.00,50000.00,,,,返還,金錢,新北市新莊區****,,否,,,,,,,
143,黃政傑,111年嘉義縣義竹鄉鄉長選舉,首次申報,1111125,雜支支出,大拇指火雞肉飯,37672113,0.00,1500.00,,,,餐飲費用,金錢,嘉義縣義竹鄉****,,否,,,,,,,
144,黃政傑,111年嘉義縣義竹鄉鄉長選舉,首次申報,1111125,租用宣傳車輛支出,台灣中油義竹站,67019289,0.00,600.00,,,,宣傳車輛燃料費用,金錢,嘉義縣義竹鄉****,,否,,,,,,,
145,黃政傑,111年嘉義縣義竹鄉鄉長選舉,首次申報,1111125,租用宣傳車輛支出,台灣中油義竹站,67019289,0.00,350.00,,,,宣傳車輛燃料費用,金錢,嘉義縣義竹鄉****,,否,,,,,,,
146,黃政傑,111年嘉義縣義竹鄉鄉長選舉,首次申報,1111125,租用宣傳車輛支出,台灣中油義竹站,67019289,0.00,650.00,,,,宣傳車輛燃料費用,金錢,嘉義縣義竹鄉****,,否,,,,,,,
147,黃政傑,111年嘉義縣義竹鄉鄉長選舉,首次申報,1111125,雜支支出,葉青,R29*******,0.00,5000.00,,,,餐飲費用,金錢,臺南市柳營區****,,否,,,,,,,
148,黃政傑,111年嘉義縣義竹鄉鄉長選舉,首次申報,1111126,雜支支出,大拇指火雞肉飯,37672113,0.00,560.00,,,,餐飲費用,金錢,嘉義縣義竹鄉****,,否,,,,,,,
149,黃政傑,111年嘉義縣義竹鄉鄉長選舉,首次申報,1111126,雜支支出,八方雲集台南鹽水,40725374,0.00,496.00,,,,餐飲費用,金錢,臺南市鹽水區****,,否,,,,,,,
150,黃政傑,111年嘉義縣義竹鄉鄉長選舉,首次申報,1111126,集會支出,台灣金巨象有限公司,53513248,0.00,6000.00,,,,其他與集會有關之費用,金錢,嘉義縣義竹鄉****,,否,,,,,,,
151,黃政傑,111年嘉義縣義竹鄉鄉長選舉,首次申報,1111126,租用宣傳車輛支出,台灣中油義竹站,67019289,0.00,1422.00,,,,宣傳車輛燃料費用,金錢,嘉義縣義竹鄉****,,否,,,,,,,
152,黃政傑,111年嘉義縣義竹鄉鄉長選舉,首次申報,1111128,租用競選辦事處支出,東昇商行,88959028,0.00,16750.00,,,,其他與租用競選辦事處有關之費用,金錢,嘉義縣義竹鄉****,,否,,,,,,,
153,黃政傑,111年嘉義縣義竹鄉鄉長選舉,首次申報,1111129,宣傳支出,佑呈開發有限公司,24662275,0.00,923317.00,,,,製作競選物品或宣傳廣告費用（物品名稱-廣告設計.網路社群）,金錢,臺南市東區崇****,,否,,,,,,,
