﻿序號,擬參選人／政黨,選舉名稱,申報序號／年度,交易日期,收支科目,捐贈者／支出對象,身分證／統一編號,收入金額,支出金額,支出用途,金錢類,地址,聯絡電話,資料更正日期
1,張曉昀,107年直轄市議員選舉,首次申報,1070924,匿名捐贈,匿名,,146.00,0.00,,金錢,,,
2,張曉昀,107年直轄市議員選舉,首次申報,1070924,個人捐贈收入,黃子齊,L12*******,100000.00,0.00,,金錢,臺中市外埔區****,,
3,張曉昀,107年直轄市議員選舉,首次申報,1070925,個人捐贈收入,余欣俊,H12*******,26000.00,0.00,,金錢,桃園市中壢區****,,
4,張曉昀,107年直轄市議員選舉,首次申報,1071001,個人捐贈收入,彭成德,H12*******,25000.00,0.00,,金錢,桃園市中壢區****,,
5,張曉昀,107年直轄市議員選舉,首次申報,1071009,個人捐贈收入,李國夫,H10*******,2000.00,0.00,,金錢,桃園市中壢區****,,
6,張曉昀,107年直轄市議員選舉,首次申報,1071009,個人捐贈收入,羅明煇,J12*******,10000.00,0.00,,金錢,新竹縣竹北市****,,
7,張曉昀,107年直轄市議員選舉,首次申報,1071010,個人捐贈收入,邱奕進,H12*******,20000.00,0.00,,金錢,桃園市中壢區****,,
8,張曉昀,107年直轄市議員選舉,首次申報,1071010,個人捐贈收入,陳欽維,H12*******,3600.00,0.00,,金錢,桃園市中壢區****,,
9,張曉昀,107年直轄市議員選舉,首次申報,1071011,營利事業捐贈收入,巨鼎物流股份有限公司,86927612,20000.00,0.00,,金錢,桃園市平鎮區****,03-4*****,
10,張曉昀,107年直轄市議員選舉,首次申報,1071011,個人捐贈收入,姜錦琴,H29*******,2000.00,0.00,,金錢,桃園市中壢區****,,
11,張曉昀,107年直轄市議員選舉,首次申報,1071012,營利事業捐贈收入,金車股份有限公司,05007903,19200.00,0.00,,非金錢,臺北市中正區****,,
12,張曉昀,107年直轄市議員選舉,首次申報,1071012,營利事業捐贈收入,威通實業股份有限公司,12846762,10000.00,0.00,,金錢,環中東路號****,0343*****,
13,張曉昀,107年直轄市議員選舉,首次申報,1071013,個人捐贈收入,邱嬌妹,,300.00,0.00,,金錢,,0976*****,
14,張曉昀,107年直轄市議員選舉,首次申報,1071013,個人捐贈收入,林淑貞,,6000.00,0.00,,金錢,桃園市中壢區****,,
15,張曉昀,107年直轄市議員選舉,首次申報,1071013,個人捐贈收入,廖貴清,,1000.00,0.00,,金錢,桃園市中壢區****,,
16,張曉昀,107年直轄市議員選舉,首次申報,1071013,營利事業捐贈收入,瀧鑫開發有限公司,28903958,60000.00,0.00,,金錢,桃園市中壢區****,,
17,張曉昀,107年直轄市議員選舉,首次申報,1071013,營利事業捐贈收入,海珍小館,31578105,6000.00,0.00,,金錢,桃園市中壢區****,,
18,張曉昀,107年直轄市議員選舉,首次申報,1071013,營利事業捐贈收入,益森彩藝工業股份有限公司,34490505,7125.00,0.00,,金錢,桃園市中壢區****,,
19,張曉昀,107年直轄市議員選舉,首次申報,1071013,營利事業捐贈收入,磐宇營造有限公司,42600293,10000.00,0.00,,金錢,桃園市新屋區****,,
20,張曉昀,107年直轄市議員選舉,首次申報,1071013,營利事業捐贈收入,志揚機車行,45044242,1200.00,0.00,,金錢,榮民路號****,,
21,張曉昀,107年直轄市議員選舉,首次申報,1071013,營利事業捐贈收入,辰泰有限公司,54531238,20000.00,0.00,,金錢,桃園市桃園區****,,
22,張曉昀,107年直轄市議員選舉,首次申報,1071013,營利事業捐贈收入,瀧御建設有限公司,69573474,60000.00,0.00,,金錢,桃園市中壢區****,,
23,張曉昀,107年直轄市議員選舉,首次申報,1071013,營利事業捐贈收入,內壢加油站股份有限公司,84793737,20000.00,0.00,,金錢,桃園市中壢區****,,
24,張曉昀,107年直轄市議員選舉,首次申報,1071013,營利事業捐贈收入,松山洋行,95916469,10000.00,0.00,,金錢,桃園市中壢區****,,
25,張曉昀,107年直轄市議員選舉,首次申報,1071013,營利事業捐贈收入,柏霖工程有限公司,97193236,5000.00,0.00,,金錢,桃園市中壢區****,,
26,張曉昀,107年直轄市議員選舉,首次申報,1071013,個人捐贈收入,謝志仲,A12*******,30000.00,0.00,,金錢,桃園市桃園區****,,
27,張曉昀,107年直轄市議員選舉,首次申報,1071013,個人捐贈收入,高玉蓉,B22*******,2000.00,0.00,,金錢,桃園市中壢區****,,
28,張曉昀,107年直轄市議員選舉,首次申報,1071013,個人捐贈收入,阮明慧,B22*******,10000.00,0.00,,金錢,桃園市中壢區****,,
29,張曉昀,107年直轄市議員選舉,首次申報,1071013,個人捐贈收入,劉興源,E10*******,1000.00,0.00,,金錢,桃園市中壢區****,,
30,張曉昀,107年直轄市議員選舉,首次申報,1071013,個人捐贈收入,程丕亮,F12*******,10000.00,0.00,,金錢,桃園市中壢區****,,
31,張曉昀,107年直轄市議員選舉,首次申報,1071013,個人捐贈收入,林德周,H10*******,6000.00,0.00,,金錢,桃園市中壢區****,,
32,張曉昀,107年直轄市議員選舉,首次申報,1071013,個人捐贈收入,黃清官,H10*******,5000.00,0.00,,金錢,桃園市中壢區****,,
33,張曉昀,107年直轄市議員選舉,首次申報,1071013,個人捐贈收入,周為義,H10*******,20000.00,0.00,,金錢,桃園市中壢區****,,
34,張曉昀,107年直轄市議員選舉,首次申報,1071013,個人捐贈收入,謝金木,H10*******,20000.00,0.00,,金錢,桃園市中壢區****,,
35,張曉昀,107年直轄市議員選舉,首次申報,1071013,個人捐贈收入,呂金土,H10*******,20000.00,0.00,,金錢,桃園市中壢區****,,
36,張曉昀,107年直轄市議員選舉,首次申報,1071013,個人捐贈收入,戴興榮,H10*******,2000.00,0.00,,金錢,桃園市中壢區****,,
37,張曉昀,107年直轄市議員選舉,首次申報,1071013,個人捐贈收入,李仁崇,H10*******,1000.00,0.00,,金錢,桃園市中壢區****,,
38,張曉昀,107年直轄市議員選舉,首次申報,1071013,個人捐贈收入,袁明山,H12*******,1000.00,0.00,,金錢,桃園市中壢區****,,
39,張曉昀,107年直轄市議員選舉,首次申報,1071013,個人捐贈收入,何永廉,H12*******,2000.00,0.00,,金錢,桃園市中壢區****,,
40,張曉昀,107年直轄市議員選舉,首次申報,1071013,個人捐贈收入,楊武煌,H12*******,2000.00,0.00,,金錢,桃園市新屋區****,,
41,張曉昀,107年直轄市議員選舉,首次申報,1071013,個人捐贈收入,周廷貴,H12*******,1000.00,0.00,,金錢,桃園市中壢區****,,
42,張曉昀,107年直轄市議員選舉,首次申報,1071013,個人捐贈收入,游乾,H12*******,6000.00,0.00,,金錢,桃園市中壢區****,,
43,張曉昀,107年直轄市議員選舉,首次申報,1071013,個人捐贈收入,張硯翔,H12*******,2000.00,0.00,,金錢,桃園市觀音區****,,
44,張曉昀,107年直轄市議員選舉,首次申報,1071013,個人捐贈收入,邱顯塗,H12*******,10000.00,0.00,,金錢,桃園市中壢區****,,
45,張曉昀,107年直轄市議員選舉,首次申報,1071013,個人捐贈收入,張俊立,H12*******,2000.00,0.00,,金錢,桃園市中壢區****,,
46,張曉昀,107年直轄市議員選舉,首次申報,1071013,個人捐贈收入,袁明強,H12*******,3000.00,0.00,,金錢,桃園市中壢區****,,
47,張曉昀,107年直轄市議員選舉,首次申報,1071013,個人捐贈收入,張鈞維,H12*******,2000.00,0.00,,金錢,桃園市觀音區****,,
48,張曉昀,107年直轄市議員選舉,首次申報,1071013,個人捐贈收入,李春華,H12*******,1000.00,0.00,,金錢,桃園市中壢區****,,
49,張曉昀,107年直轄市議員選舉,首次申報,1071013,個人捐贈收入,陳明達,H12*******,6000.00,0.00,,金錢,桃園市新屋區****,,
50,張曉昀,107年直轄市議員選舉,首次申報,1071013,個人捐贈收入,鍾春增,H12*******,6000.00,0.00,,金錢,桃園市中壢區****,,
51,張曉昀,107年直轄市議員選舉,首次申報,1071013,個人捐贈收入,鍾維論,H12*******,30000.00,0.00,,金錢,桃園市中壢區****,,
52,張曉昀,107年直轄市議員選舉,首次申報,1071013,個人捐贈收入,張明成,H12*******,2000.00,0.00,,金錢,桃園市龍潭區****,,
53,張曉昀,107年直轄市議員選舉,首次申報,1071013,個人捐贈收入,何明炎,H12*******,3000.00,0.00,,金錢,桃園市中壢區****,,
54,張曉昀,107年直轄市議員選舉,首次申報,1071013,個人捐贈收入,鄧淑月,H20*******,3000.00,0.00,,金錢,桃園市中壢區****,,
55,張曉昀,107年直轄市議員選舉,首次申報,1071013,個人捐贈收入,莊卓妙珠,H20*******,2000.00,0.00,,金錢,桃園市中壢區****,,
56,張曉昀,107年直轄市議員選舉,首次申報,1071013,個人捐贈收入,游淇雰,H20*******,2000.00,0.00,,金錢,桃園市中壢區****,,
57,張曉昀,107年直轄市議員選舉,首次申報,1071013,個人捐贈收入,游緣如,H22*******,2000.00,0.00,,金錢,桃園市中壢區****,,
58,張曉昀,107年直轄市議員選舉,首次申報,1071013,個人捐贈收入,黃美娥,H22*******,2000.00,0.00,,金錢,桃園市中壢區****,,
59,張曉昀,107年直轄市議員選舉,首次申報,1071013,個人捐贈收入,黃筱芸,H22*******,2000.00,0.00,,金錢,桃園市中壢區****,,
60,張曉昀,107年直轄市議員選舉,首次申報,1071013,個人捐贈收入,林美華,H22*******,2000.00,0.00,,金錢,桃園市中壢區****,,
61,張曉昀,107年直轄市議員選舉,首次申報,1071013,個人捐贈收入,何惠珠,H22*******,1000.00,0.00,,金錢,桃園市中壢區****,,
62,張曉昀,107年直轄市議員選舉,首次申報,1071013,個人捐贈收入,鍾瑞菁,H22*******,2000.00,0.00,,金錢,桃園市中壢區****,,
63,張曉昀,107年直轄市議員選舉,首次申報,1071013,個人捐贈收入,潘秀茵,H22*******,2000.00,0.00,,金錢,桃園市中壢區****,,
64,張曉昀,107年直轄市議員選舉,首次申報,1071013,個人捐贈收入,袁春英,H22*******,5000.00,0.00,,金錢,桃園市中壢區****,,
65,張曉昀,107年直轄市議員選舉,首次申報,1071013,個人捐贈收入,涂玉玲,J22*******,2000.00,0.00,,金錢,新竹縣關西鎮****,,
66,張曉昀,107年直轄市議員選舉,首次申報,1071013,個人捐贈收入,彭素美,J22*******,2000.00,0.00,,金錢,桃園市中壢區****,,
67,張曉昀,107年直轄市議員選舉,首次申報,1071013,個人捐贈收入,劉維堯,K12*******,5000.00,0.00,,金錢,桃園市平鎮區****,,
68,張曉昀,107年直轄市議員選舉,首次申報,1071013,個人捐贈收入,曾志明,L10*******,12000.00,0.00,,金錢,桃園市中壢區****,,
69,張曉昀,107年直轄市議員選舉,首次申報,1071013,個人捐贈收入,盧瑞明,L12*******,6600.00,0.00,,金錢,桃園市中壢區****,,
70,張曉昀,107年直轄市議員選舉,首次申報,1071013,個人捐贈收入,黃美珠,M22*******,1000.00,0.00,,金錢,桃園市中壢區****,,
71,張曉昀,107年直轄市議員選舉,首次申報,1071013,個人捐贈收入,陳鐘山,N10*******,3000.00,0.00,,金錢,桃園市中壢區****,,
72,張曉昀,107年直轄市議員選舉,首次申報,1071013,個人捐贈收入,姚定基,N12*******,2000.00,0.00,,金錢,桃園市中壢區****,,
73,張曉昀,107年直轄市議員選舉,首次申報,1071013,個人捐贈收入,林秀霞,P20*******,9000.00,0.00,,金錢,桃園市中壢區****,,
74,張曉昀,107年直轄市議員選舉,首次申報,1071013,個人捐贈收入,蕭進寶,Q12*******,3000.00,0.00,,金錢,桃園市中壢區****,,
75,張曉昀,107年直轄市議員選舉,首次申報,1071013,個人捐贈收入,吳永盛,U12*******,3000.00,0.00,,金錢,桃園市中壢區****,,
76,張曉昀,107年直轄市議員選舉,首次申報,1071013,個人捐贈收入,黃瑞英,U20*******,2000.00,0.00,,金錢,桃園市中壢區****,,
77,張曉昀,107年直轄市議員選舉,首次申報,1071013,個人捐贈收入,楊進寶,V12*******,2000.00,0.00,,金錢,桃園市中壢區****,,
78,張曉昀,107年直轄市議員選舉,首次申報,1071014,個人捐贈收入,彭新綱,A10*******,2000.00,0.00,,金錢,,0345*****,
79,張曉昀,107年直轄市議員選舉,首次申報,1071014,個人捐贈收入,許福銘,J12*******,10000.00,0.00,,金錢,,0910*****,
80,張曉昀,107年直轄市議員選舉,首次申報,1071015,個人捐贈收入,陳文漢,A12*******,20000.00,0.00,,金錢,桃園市中壢區****,,
81,張曉昀,107年直轄市議員選舉,首次申報,1071015,個人捐贈收入,黃淑惠,H22*******,60000.00,0.00,,金錢,桃園市中壢區****,,
82,張曉昀,107年直轄市議員選舉,首次申報,1071015,個人捐贈收入,黃淑芬,H22*******,60000.00,0.00,,金錢,桃園市中壢區****,,
83,張曉昀,107年直轄市議員選舉,首次申報,1071016,個人捐贈收入,葉佳鉦,,4000.00,0.00,,金錢,桃園市中壢區****,,
84,張曉昀,107年直轄市議員選舉,首次申報,1071016,營利事業捐贈收入,家林營造工程有限公司,02357700,20000.00,0.00,,金錢,臺北市萬華區****,,
85,張曉昀,107年直轄市議員選舉,首次申報,1071016,個人捐贈收入,陳淑愛,G22*******,2000.00,0.00,,金錢,桃園市楊梅區****,,
86,張曉昀,107年直轄市議員選舉,首次申報,1071016,個人捐贈收入,張雅惠,H22*******,4000.00,0.00,,金錢,桃園市中壢區****,,
87,張曉昀,107年直轄市議員選舉,首次申報,1071016,個人捐贈收入,連悅如,K22*******,4000.00,0.00,,金錢,桃園市中壢區****,,
88,張曉昀,107年直轄市議員選舉,首次申報,1071016,個人捐贈收入,林高雄,P12*******,20000.00,0.00,,金錢,臺北市萬華區****,,
89,張曉昀,107年直轄市議員選舉,首次申報,1071017,個人捐贈收入,陳文雄,P10*******,6000.00,0.00,,金錢,,0910*****,
90,張曉昀,107年直轄市議員選舉,首次申報,1071018,個人捐贈收入,陳冠丞,,10000.00,0.00,,金錢,,0936*****,
91,張曉昀,107年直轄市議員選舉,首次申報,1071018,營利事業捐贈收入,順安保全股份有限公司,80599872,10000.00,0.00,,金錢,桃園市中壢區****,,
92,張曉昀,107年直轄市議員選舉,首次申報,1071018,個人捐贈收入,陳記華,E22*******,2000.00,0.00,,金錢,新竹縣竹北市****,0958*****,
93,張曉昀,107年直轄市議員選舉,首次申報,1071019,個人捐贈收入,黃勝豐,H10*******,20000.00,0.00,,金錢,桃園市平鎮區****,,
94,張曉昀,107年直轄市議員選舉,首次申報,1071020,個人捐贈收入,陳志明,H12*******,2000.00,0.00,,金錢,桃園市中壢區****,0962*****,
95,張曉昀,107年直轄市議員選舉,首次申報,1071020,個人捐贈收入,李金龍,H12*******,2000.00,0.00,,金錢,,0921*****,
96,張曉昀,107年直轄市議員選舉,首次申報,1071020,個人捐贈收入,何永廉,H12*******,2000.00,0.00,,金錢,桃園市中壢區****,0937*****,
97,張曉昀,107年直轄市議員選舉,首次申報,1071020,個人捐贈收入,張能才,T12*******,2000.00,0.00,,金錢,桃園市中壢區****,0932*****,
98,張曉昀,107年直轄市議員選舉,首次申報,1071022,個人捐贈收入,夏瑞祥,,3000.00,0.00,,金錢,桃園市中壢區****,0910*****,
99,張曉昀,107年直轄市議員選舉,首次申報,1071025,營利事業捐贈收入,醇藝媒體廣告行銷有限公司,28532458,4000.00,0.00,,金錢,桃園市平鎮區****,0343*****,
100,張曉昀,107年直轄市議員選舉,首次申報,1071025,個人捐贈收入,鄧承揚,H12*******,50000.00,0.00,,金錢,桃園市中壢區****,,
101,張曉昀,107年直轄市議員選舉,首次申報,1071027,個人捐贈收入,卓志展,,10000.00,0.00,,金錢,新北市鶯歌區****,0937*****,
102,張曉昀,107年直轄市議員選舉,首次申報,1071029,個人捐贈收入,林德周,H10*******,60000.00,0.00,,金錢,桃園市中壢區****,0919*****,
103,張曉昀,107年直轄市議員選舉,首次申報,1071029,個人捐贈收入,吳森曙,J12*******,20000.00,0.00,,金錢,桃園市桃園區****,0913*****,
104,張曉昀,107年直轄市議員選舉,首次申報,1071030,個人捐贈收入,洪志華,,10000.00,0.00,,金錢,桃園市中壢區****,0927*****,
105,張曉昀,107年直轄市議員選舉,首次申報,1071030,個人捐贈收入,游美環,,2000.00,0.00,,金錢,,0937*****,
106,張曉昀,107年直轄市議員選舉,首次申報,1071101,個人捐贈收入,馮春梅,,30000.00,0.00,,金錢,,0910*****,
107,張曉昀,107年直轄市議員選舉,首次申報,1071101,營利事業捐贈收入,超眾餐飲股份有限公司,28317612,20000.00,0.00,,金錢,桃園市中壢區****,0342*****,
108,張曉昀,107年直轄市議員選舉,首次申報,1071101,個人捐贈收入,張琨岳,A12*******,20000.00,0.00,,金錢,桃園市中壢區****,03-4*****,
109,張曉昀,107年直轄市議員選舉,首次申報,1071103,個人捐贈收入,許永昌,,10000.00,0.00,,金錢,,0910*****,
110,張曉昀,107年直轄市議員選舉,首次申報,1071105,個人捐贈收入,高維成,,2000.00,0.00,,金錢,,0937*****,
111,張曉昀,107年直轄市議員選舉,首次申報,1071105,個人捐贈收入,高宇彥,,2000.00,0.00,,金錢,桃園市大溪區****,0928*****,
112,張曉昀,107年直轄市議員選舉,首次申報,1071107,個人捐贈收入,林美華,,3000.00,0.00,,金錢,,0955*****,
113,張曉昀,107年直轄市議員選舉,首次申報,1071107,個人捐贈收入,洪登科,N10*******,1000.00,0.00,,金錢,桃園市楊梅區****,03-4*****,
114,張曉昀,107年直轄市議員選舉,首次申報,1071109,個人捐贈收入,曾義修,J10*******,1000.00,0.00,,金錢,桃園市中壢區****,0342*****,
115,張曉昀,107年直轄市議員選舉,首次申報,1071110,個人捐贈收入,陳廣仁,,6000.00,0.00,,金錢,,0922*****,
116,張曉昀,107年直轄市議員選舉,首次申報,1071112,個人捐贈收入,袁明城,,20000.00,0.00,,金錢,,0932*****,
117,張曉昀,107年直轄市議員選舉,首次申報,1071114,個人捐贈收入,涂丁榮,,3000.00,0.00,,金錢,桃園市中壢區****,0345*****,
118,張曉昀,107年直轄市議員選舉,首次申報,1071114,個人捐贈收入,彭雲華,,5000.00,0.00,,金錢,,0345*****,
119,張曉昀,107年直轄市議員選舉,首次申報,1071114,營利事業捐贈收入,銓昌科技股份有限公司,70576560,20000.00,0.00,,金錢,臺北市大安區****,0227*****,
120,張曉昀,107年直轄市議員選舉,首次申報,1071120,個人捐贈收入,陳盛木,,3000.00,0.00,,金錢,桃園市中壢區****,03-4*****,
