﻿序號,擬參選人／政黨,選舉名稱,申報序號／年度,交易日期,收支科目,捐贈者／支出對象,身分證／統一編號,收入金額,支出金額,支出用途,金錢類,地址,聯絡電話,資料更正日期
1,黃金茂,107年縣(市)議員選舉,首次申報,1071022,個人捐贈收入,蕭嘉興,Q12*******,5000.00,0.00,,金錢,嘉義縣布袋鎮****,,
2,黃金茂,107年縣(市)議員選舉,首次申報,1071029,個人捐贈收入,王宗揚,Q12*******,10000.00,0.00,,金錢,嘉義縣義竹鄉****,,
3,黃金茂,107年縣(市)議員選舉,首次申報,1071029,個人捐贈收入,吳泰局,Q12*******,20000.00,0.00,,金錢,嘉義縣布袋鎮****,,
4,黃金茂,107年縣(市)議員選舉,首次申報,1071029,個人捐贈收入,劉道明,T10*******,10000.00,0.00,,金錢,嘉義縣義竹鄉****,,
5,黃金茂,107年縣(市)議員選舉,首次申報,1071030,營利事業捐贈收入,合騏工業股份有限公司,66338721,20000.00,0.00,,金錢,嘉義縣義竹鄉****,,
6,黃金茂,107年縣(市)議員選舉,首次申報,1071030,個人捐贈收入,柯竣耀,R12*******,6600.00,0.00,,金錢,台南市新營區****,,
7,黃金茂,107年縣(市)議員選舉,首次申報,1071105,營利事業捐贈收入,鳳勝實業股份有限公司,16093742,40000.00,0.00,,非金錢,高雄市仁武區****,,
8,黃金茂,107年縣(市)議員選舉,首次申報,1071105,個人捐贈收入,王文禮,Q12*******,20000.00,0.00,,金錢,嘉義縣義竹鄉****,,
9,黃金茂,107年縣(市)議員選舉,首次申報,1071108,營利事業捐贈收入,森泉食品工業股份有限公司,66346519,150000.00,0.00,,金錢,嘉義縣義竹鄉****,,
10,黃金茂,107年縣(市)議員選舉,首次申報,1071119,個人捐贈收入,李維傑,Q12*******,30000.00,0.00,,金錢,嘉義縣義竹鄉****,,
