﻿序號,擬參選人／政黨,選舉名稱,申報序號／年度,交易日期,收支科目,捐贈者／支出對象,身分證／統一編號,收入金額,支出金額,捐贈方式,存入專戶日期,返還/繳庫,支出用途,金錢類,地址,聯絡電話,應揭露之支出對象,支出對象之內部人員姓名,支出對象之內部人員職稱,政黨之內部人員姓名,政黨之內部人員職稱,關係,更正註記,資料更正日期
1,林美燕,111年臺南市議員選舉,首次申報,1110818,宣傳支出,染舍旗幟廣告設計工作室,20162299,0.00,36000.00,,,,關東旗,金錢,台南市南區國****,0628*****,否,,,,,,,
2,林美燕,111年臺南市議員選舉,首次申報,1110818,租用宣傳車輛支出,詮威汽車修護廠,88964774,0.00,4600.00,,,,維修宣傳車輛費用,金錢,南區國民路巷****,0621*****,否,,,,,,,
3,林美燕,111年臺南市議員選舉,首次申報,1110820,集會支出,大樂屋餐飲店,85581035,0.00,5380.00,,,,餐飲費用,金錢,台南市東區崇****,0626*****,否,,,,,,,
4,林美燕,111年臺南市議員選舉,首次申報,1110820,雜支支出,永坤商行,87862742,0.00,6000.00,,,,免洗餐具,金錢,臺南市南區大****,06-2*****,否,,,,,,,
5,林美燕,111年臺南市議員選舉,首次申報,1110820,租用宣傳車輛支出,李東昌,D10*******,0.00,60000.00,,,,租用宣傳車輛費用,金錢,台南市南區福****,,否,,,,,,,
6,林美燕,111年臺南市議員選舉,首次申報,1110820,租用宣傳車輛支出,陳義吉,D12*******,0.00,60000.00,,,,租用宣傳車輛費用,金錢,東區崇明十一****,0925*****,否,,,,,,,
7,林美燕,111年臺南市議員選舉,首次申報,1110820,人事費用支出,周忠毅,D12*******,0.00,20000.00,,,,工資或薪津,金錢,台南市北區文****,0921*****,否,,,,,,,
8,林美燕,111年臺南市議員選舉,首次申報,1110820,人事費用支出,林筑婷,D22*******,0.00,10000.00,,,,工資或薪津,金錢,台北市中山區****,0982*****,否,,,,,,,
9,林美燕,111年臺南市議員選舉,首次申報,1110820,租用宣傳車輛支出,陳肇禧,R10*******,0.00,30000.00,,,,租用宣傳車輛費用,金錢,台南市南區鯤****,0933*****,否,,,,,,,
10,林美燕,111年臺南市議員選舉,首次申報,1110820,人事費用支出,葉翰龍,R12*******,0.00,10000.00,,,,工資或薪津,金錢,臺南市南區國****,0912*****,是,葉翰龍,,,,二親等以內親屬(子),,
11,林美燕,111年臺南市議員選舉,首次申報,1110820,人事費用支出,葉明源,S10*******,0.00,60000.00,,,,工資或薪津,金錢,臺南市南區國****,0963*****,是,葉明源,,,,配偶(配偶),,
12,林美燕,111年臺南市議員選舉,首次申報,1110820,人事費用支出,鄭芳名,S12*******,0.00,36000.00,,,,工資或薪津,金錢,台南市南區南****,0932*****,否,,,,,,,
13,林美燕,111年臺南市議員選舉,首次申報,1110820,人事費用支出,郭惠美,S20*******,0.00,36000.00,,,,工資或薪津,金錢,台南市南區新****,0978*****,否,,,,,,,
14,林美燕,111年臺南市議員選舉,首次申報,1110821,集會支出,廟口燒烤,10497021,0.00,12500.00,,,,餐飲費用,金錢,台南市南區建****,2238*****,否,,,,,,,
15,林美燕,111年臺南市議員選舉,首次申報,1110822,宣傳支出,仁捷派報社,81481865,0.00,5000.00,,,,郵寄競選物品或宣傳廣告費用,金錢,臺南市南區省****,0626*****,否,,,,,,,
16,林美燕,111年臺南市議員選舉,首次申報,1110824,宣傳支出,仁捷派報社,81481865,0.00,5000.00,,,,郵寄競選物品或宣傳廣告費用,金錢,臺南市南區省****,0626*****,否,,,,,,,
17,林美燕,111年臺南市議員選舉,首次申報,1110826,集會支出,蘭仟花業,13224854,0.00,3000.00,,,,花圈花籃,金錢,台南市大同路****,0626*****,否,,,,,,,
18,林美燕,111年臺南市議員選舉,首次申報,1110830,宣傳支出,仁捷派報社,81481865,0.00,5000.00,,,,郵寄競選物品或宣傳廣告費用,金錢,臺南市南區省****,0626*****,否,,,,,,,
19,林美燕,111年臺南市議員選舉,首次申報,1110830,租用宣傳車輛支出,詮威汽車修護廠,88964774,0.00,2160.00,,,,維修宣傳車輛費用,金錢,南區國民路巷****,0621*****,否,,,,,,,
20,林美燕,111年臺南市議員選舉,首次申報,1110831,雜支支出,南山人壽,22318190,0.00,36912.00,,,,員工保險,金錢,臺南市安平區****,06-3*****,否,,,,,,,
21,林美燕,111年臺南市議員選舉,首次申報,1110901,租用宣傳車輛支出,李東昌,D10*******,0.00,60000.00,,,,租用宣傳車輛費用,金錢,台南市南區福****,,否,,,,,,,
22,林美燕,111年臺南市議員選舉,首次申報,1110901,人事費用支出,李明輝,D10*******,0.00,10000.00,,,,工資或薪津,金錢,台南市南區國****,0939*****,否,,,,,,,
23,林美燕,111年臺南市議員選舉,首次申報,1110901,人事費用支出,周忠毅,D12*******,0.00,20000.00,,,,工資或薪津,金錢,台南市北區文****,0921*****,否,,,,,,,
24,林美燕,111年臺南市議員選舉,首次申報,1110901,租用宣傳車輛支出,陳義吉,D12*******,0.00,60000.00,,,,租用宣傳車輛費用,金錢,東區崇明十一****,0925*****,否,,,,,,,
25,林美燕,111年臺南市議員選舉,首次申報,1110901,人事費用支出,黃滿治,D20*******,0.00,10000.00,,,,工資或薪津,金錢,台南市金華路****,0928*****,否,,,,,,,
26,林美燕,111年臺南市議員選舉,首次申報,1110901,人事費用支出,林筑婷,D22*******,0.00,15000.00,,,,工資或薪津,金錢,台北市中山區****,0982*****,否,,,,,,,
27,林美燕,111年臺南市議員選舉,首次申報,1110901,人事費用支出,李林美吟,D22*******,0.00,5000.00,,,,工資或薪津,金錢,台南市永康區****,0912*****,是,李林美吟,,,,二親等以內親屬(姊),,
28,林美燕,111年臺南市議員選舉,首次申報,1110901,人事費用支出,蘇沛瑜,D22*******,0.00,5000.00,,,,工資或薪津,金錢,臺南市南區金****,0909*****,否,,,,,,,
29,林美燕,111年臺南市議員選舉,首次申報,1110901,人事費用支出,黃志彰,Q12*******,0.00,5000.00,,,,工資或薪津,金錢,台南市南區金****,0956*****,否,,,,,,,
30,林美燕,111年臺南市議員選舉,首次申報,1110901,租用宣傳車輛支出,陳肇禧,R10*******,0.00,30000.00,,,,租用宣傳車輛費用,金錢,台南市南區鯤****,0933*****,否,,,,,,,
31,林美燕,111年臺南市議員選舉,首次申報,1110901,人事費用支出,葉翰龍,R12*******,0.00,10000.00,,,,工資或薪津,金錢,臺南市南區國****,0912*****,是,葉翰龍,,,,二親等以內親屬(子),,
32,林美燕,111年臺南市議員選舉,首次申報,1110901,人事費用支出,呂柏蓉,R22*******,0.00,5000.00,,,,工資或薪津,金錢,臺南市東區崇****,0988*****,是,呂柏蓉,,,,共同生活家屬(媳),,
33,林美燕,111年臺南市議員選舉,首次申報,1110901,人事費用支出,林楊麗梅,R22*******,0.00,5000.00,,,,工資或薪津,金錢,南區國民路巷****,0912*****,否,,,,,,,
34,林美燕,111年臺南市議員選舉,首次申報,1110901,人事費用支出,葉明源,S10*******,0.00,60000.00,,,,工資或薪津,金錢,臺南市南區國****,0963*****,是,葉明源,,,,配偶(配偶),,
35,林美燕,111年臺南市議員選舉,首次申報,1110901,人事費用支出,鄭芳名,S12*******,0.00,36000.00,,,,工資或薪津,金錢,台南市南區南****,0932*****,否,,,,,,,
36,林美燕,111年臺南市議員選舉,首次申報,1110901,人事費用支出,郭惠美,S20*******,0.00,36000.00,,,,工資或薪津,金錢,台南市南區新****,0978*****,否,,,,,,,
37,林美燕,111年臺南市議員選舉,首次申報,1110901,人事費用支出,王宏道,U12*******,0.00,5000.00,,,,工資或薪津,金錢,臺南市安平區****,,否,,,,,,,
38,林美燕,111年臺南市議員選舉,首次申報,1110902,雜支支出,自然來嘉義火雞肉飯,,0.00,3000.00,,,,餐飲費用,金錢,臺南市南區大****,,否,,,,,,,
39,林美燕,111年臺南市議員選舉,首次申報,1110905,雜支支出,吉品紅豆餅,,0.00,1000.00,,,,餐飲費用,金錢,臺南市中西區****,,否,,,,,,,
40,林美燕,111年臺南市議員選舉,首次申報,1110905,集會支出,老夫子小館,20150532,0.00,4000.00,,,,餐飲費用,金錢,臺南市南區大****,0626*****,否,,,,,,,
41,林美燕,111年臺南市議員選舉,首次申報,1110905,租用宣傳車輛支出,詮威汽車修護廠,88964774,0.00,6000.00,,,,維修宣傳車輛費用,金錢,南區國民路巷****,0621*****,否,,,,,,,
42,林美燕,111年臺南市議員選舉,首次申報,1110907,宣傳支出,仁捷派報社,81481865,0.00,5000.00,,,,郵寄競選物品或宣傳廣告費用,金錢,臺南市南區省****,0626*****,否,,,,,,,
43,林美燕,111年臺南市議員選舉,首次申報,1110908,宣傳支出,成達企業社,99507022,0.00,10000.00,,,,製作競選物品或宣傳廣告費用（印刷品）,金錢,台南市新營區****,6659*****,否,,,,,,,
44,林美燕,111年臺南市議員選舉,首次申報,1110908,宣傳支出,成達企業社,99507022,0.00,7200.00,,,,帆布輸出,金錢,台南市新營區****,6659*****,否,,,,,,,
45,林美燕,111年臺南市議員選舉,首次申報,1110909,集會支出,蘭仟花葉,13224854,0.00,3000.00,,,,花圈花籃,金錢,台南市大同路****,0626*****,否,,,,,,,
46,林美燕,111年臺南市議員選舉,首次申報,1110909,宣傳支出,染舍旗幟廣告設計工作室,20162299,0.00,7200.00,,,,布條,金錢,台南市南區國****,0628*****,否,,,,,,,
47,林美燕,111年臺南市議員選舉,首次申報,1110910,集會支出,金光音響燈光舞台企業社,10811942,0.00,60000.00,,,,租用設備費用,金錢,台南市南區灣****,0936*****,否,,,,,,,
48,林美燕,111年臺南市議員選舉,首次申報,1110915,集會支出,阿票姨小吃店,10855259,0.00,120000.00,,,,餐飲費用,金錢,臺南市南區利****,0629*****,否,,,,,,,
49,林美燕,111年臺南市議員選舉,首次申報,1110915,宣傳支出,名人電子器材行,69715184,0.00,9000.00,,,,播放、傳送或刊登宣傳廣告費用,金錢,台南市大智街****,0622*****,否,,,,,,,
50,林美燕,111年臺南市議員選舉,首次申報,1110916,集會支出,蘭仟花葉,13224854,0.00,3000.00,,,,花圈花籃,金錢,台南市大同路****,0626*****,否,,,,,,,
51,林美燕,111年臺南市議員選舉,首次申報,1110916,宣傳支出,仁捷派報社,81481865,0.00,5000.00,,,,郵寄競選物品或宣傳廣告費用,金錢,臺南市南區省****,0626*****,否,,,,,,,
52,林美燕,111年臺南市議員選舉,首次申報,1110916,宣傳支出,競選總部,D22*******,0.00,40000.00,,,,海報,非金錢,臺南市南區國****,,否,,,,,,,
53,林美燕,111年臺南市議員選舉,首次申報,1110916,宣傳支出,競選總部,D22*******,0.00,305000.00,,,,製作競選物品或宣傳廣告費用（便條本）,非金錢,臺南市南區國****,,否,,,,,,,
54,林美燕,111年臺南市議員選舉,首次申報,1110917,雜支支出,瑞興禮品社,37793159,0.00,3390.00,,,,輓聯,金錢,桃園市大溪區****,0339*****,否,,,,,,,
55,林美燕,111年臺南市議員選舉,首次申報,1110917,集會支出,米香便當,99522065,0.00,3600.00,,,,餐飲費用,金錢,台南市永康區****,0623*****,否,,,,,,,
56,林美燕,111年臺南市議員選舉,首次申報,1110920,雜支支出,榮華製帽行,68934008,0.00,15500.00,,,,團體服燙印繡字,金錢,台南市忠義路****,0622*****,否,,,,,,,
57,林美燕,111年臺南市議員選舉,首次申報,1110920,租用宣傳車輛支出,名人電子器材行,69715184,0.00,15000.00,,,,廣播器材,金錢,台南市大智街****,0622*****,否,,,,,,,
58,林美燕,111年臺南市議員選舉,首次申報,1110923,集會支出,蘭仟花葉,13224854,0.00,3000.00,,,,花圈花籃,金錢,台南市大同路****,0626*****,否,,,,,,,
59,林美燕,111年臺南市議員選舉,首次申報,1110925,雜支支出,銀中肉舖,,0.00,480.00,,,,雜項購置或修繕費用,金錢,臺南市中西區****,06-2*****,否,,,,,,,
60,林美燕,111年臺南市議員選舉,首次申報,1110925,雜支支出,競選總部,D22*******,0.00,58500.00,,,,團體制服,非金錢,臺南市南區國****,0628*****,否,,,,,,,
61,林美燕,111年臺南市議員選舉,首次申報,1110927,宣傳支出,仁捷派報社,81481865,0.00,5000.00,,,,郵寄競選物品或宣傳廣告費用,金錢,臺南市南區省****,0626*****,否,,,,,,,
62,林美燕,111年臺南市議員選舉,首次申報,1110928,宣傳支出,中華郵政,,0.00,32.00,,,,郵寄,金錢,臺南市南區金****,06)2*****,否,,,,,,,
63,林美燕,111年臺南市議員選舉,首次申報,1110930,雜支支出,榮華製帽行,68934008,0.00,8480.00,,,,團體服燙印,金錢,台南市忠義路****,0622*****,否,,,,,,,
64,林美燕,111年臺南市議員選舉,首次申報,1110930,集會支出,仁美鮮花店,87861461,0.00,3000.00,,,,花圈花籃,金錢,臺南市南區國****,06-2*****,否,,,,,,,
65,林美燕,111年臺南市議員選舉,首次申報,1110930,雜支支出,永坤商行,87862742,0.00,6000.00,,,,免洗餐具,金錢,臺南市南區大****,06-2*****,否,,,,,,,
66,林美燕,111年臺南市議員選舉,首次申報,1111001,雜支支出,中華電信,69109906,0.00,655.00,,,,電信費用,金錢,台南市西門路****,0800*****,否,,,,,,,
67,林美燕,111年臺南市議員選舉,首次申報,1111001,人事費用支出,李明輝,D10*******,0.00,10000.00,,,,工資或薪津,金錢,台南市南區國****,0939*****,否,,,,,,,
68,林美燕,111年臺南市議員選舉,首次申報,1111001,租用宣傳車輛支出,李東昌,D10*******,0.00,60000.00,,,,租用宣傳車輛費用,金錢,台南市南區福****,,否,,,,,,,
69,林美燕,111年臺南市議員選舉,首次申報,1111001,租用宣傳車輛支出,陳義吉,D12*******,0.00,60000.00,,,,租用宣傳車輛費用,金錢,東區崇明十一****,0925*****,否,,,,,,,
70,林美燕,111年臺南市議員選舉,首次申報,1111001,人事費用支出,周忠毅,D12*******,0.00,20000.00,,,,工資或薪津,金錢,台南市北區文****,0921*****,否,,,,,,,
71,林美燕,111年臺南市議員選舉,首次申報,1111001,人事費用支出,黃滿治,D20*******,0.00,10000.00,,,,工資或薪津,金錢,台南市金華路****,0928*****,否,,,,,,,
72,林美燕,111年臺南市議員選舉,首次申報,1111001,人事費用支出,林筑婷,D22*******,0.00,15000.00,,,,工資或薪津,金錢,台北市中山區****,0982*****,否,,,,,,,
73,林美燕,111年臺南市議員選舉,首次申報,1111001,人事費用支出,李林美吟,D22*******,0.00,5000.00,,,,工資或薪津,金錢,台南市永康區****,0912*****,是,李林美吟,,,,二親等以內親屬(姊),,
74,林美燕,111年臺南市議員選舉,首次申報,1111001,雜支支出,競選總部,D22*******,0.00,41340.00,,,,團體制服,非金錢,臺南市南區國****,0628*****,否,,,,,,,
75,林美燕,111年臺南市議員選舉,首次申報,1111001,宣傳支出,競選總部,D22*******,0.00,122000.00,,,,便條本,非金錢,臺南市南區國****,,否,,,,,,,
76,林美燕,111年臺南市議員選舉,首次申報,1111001,人事費用支出,蘇沛瑜,D22*******,0.00,5000.00,,,,工資或薪津,金錢,臺南市南區金****,0909*****,否,,,,,,,
77,林美燕,111年臺南市議員選舉,首次申報,1111001,宣傳支出,競選總部,D22*******,0.00,16080.00,,,,製作競選物品或宣傳廣告費用（扇子）,非金錢,臺南市南區國****,,否,,,,,,,
78,林美燕,111年臺南市議員選舉,首次申報,1111001,人事費用支出,黃志彰,Q12*******,0.00,5000.00,,,,工資或薪津,金錢,台南市南區金****,0956*****,否,,,,,,,
79,林美燕,111年臺南市議員選舉,首次申報,1111001,租用宣傳車輛支出,陳肇禧,R10*******,0.00,30000.00,,,,租用宣傳車輛費用,金錢,台南市南區鯤****,0933*****,否,,,,,,,
80,林美燕,111年臺南市議員選舉,首次申報,1111001,人事費用支出,葉翰龍,R12*******,0.00,10000.00,,,,工資或薪津,金錢,臺南市南區國****,0912*****,是,葉翰龍,,,,二親等以內親屬(子),,
81,林美燕,111年臺南市議員選舉,首次申報,1111001,人事費用支出,呂柏蓉,R22*******,0.00,5000.00,,,,工資或薪津,金錢,臺南市東區崇****,0988*****,是,呂柏蓉,,,,共同生活家屬(媳),,
82,林美燕,111年臺南市議員選舉,首次申報,1111001,人事費用支出,林楊麗梅,R22*******,0.00,10000.00,,,,工資或薪津,金錢,南區國民路巷****,0912*****,否,,,,,,,
83,林美燕,111年臺南市議員選舉,首次申報,1111001,人事費用支出,葉明源,S10*******,0.00,60000.00,,,,工資或薪津,金錢,臺南市南區國****,0963*****,是,葉明源,,,,配偶(配偶),,
84,林美燕,111年臺南市議員選舉,首次申報,1111001,人事費用支出,鄭芳名,S12*******,0.00,36000.00,,,,工資或薪津,金錢,台南市南區南****,0932*****,否,,,,,,,
85,林美燕,111年臺南市議員選舉,首次申報,1111001,人事費用支出,郭惠美,S20*******,0.00,36000.00,,,,工資或薪津,金錢,台南市南區新****,0978*****,否,,,,,,,
86,林美燕,111年臺南市議員選舉,首次申報,1111001,人事費用支出,王宏道,U12*******,0.00,5000.00,,,,工資或薪津,金錢,臺南市安平區****,,否,,,,,,,
87,林美燕,111年臺南市議員選舉,首次申報,1111003,宣傳支出,競選總部,D22*******,0.00,35250.00,,,,製作競選物品或宣傳廣告費用（宣傳單）,非金錢,臺南市南區國****,,否,,,,,,,
88,林美燕,111年臺南市議員選舉,首次申報,1111004,雜支支出,德晟糖行,,0.00,180.00,,,,雜項購置或修繕費用,金錢,臺南市永康區****,0631*****,否,,,,,,,
89,林美燕,111年臺南市議員選舉,首次申報,1111004,集會支出,蘭仟花葉,13224854,0.00,3000.00,,,,花圈花籃,金錢,台南市大同路****,0626*****,否,,,,,,,
90,林美燕,111年臺南市議員選舉,首次申報,1111008,租用宣傳車輛支出,精博鎖印店,06413302,0.00,240.00,,,,維修宣傳車輛費用,金錢,台南市大同路****,0626*****,否,,,,,,,
91,林美燕,111年臺南市議員選舉,首次申報,1111008,集會支出,露易莎咖啡,81285343,0.00,635.00,,,,餐飲費用,金錢,台南市安平區****,,否,,,,,,,
92,林美燕,111年臺南市議員選舉,首次申報,1111010,雜支支出,古城瓦斯有限公司,53359456,0.00,730.00,,,,瓦斯,金錢,臺南市南區永****,0626*****,否,,,,,,,
93,林美燕,111年臺南市議員選舉,首次申報,1111012,宣傳支出,仁捷派報社,81481865,0.00,5000.00,,,,郵寄競選物品或宣傳廣告費用,金錢,臺南市南區省****,0626*****,否,,,,,,,
94,林美燕,111年臺南市議員選舉,首次申報,1111012,雜支支出,永坤商行,87862742,0.00,900.00,,,,清潔用品,金錢,臺南市南區大****,06-2*****,否,,,,,,,
95,林美燕,111年臺南市議員選舉,首次申報,1111013,宣傳支出,染舍旗幟廣告設計工作室,20162299,0.00,7200.00,,,,布條,金錢,台南市南區國****,0628*****,否,,,,,,,
96,林美燕,111年臺南市議員選舉,首次申報,1111013,雜支支出,榮發佛具百貨,21963754,0.00,15500.00,,,,印製八仙彩,金錢,台南市民權路****,0622*****,否,,,,,,,
97,林美燕,111年臺南市議員選舉,首次申報,1111014,宣傳支出,中華郵政,,0.00,64.00,,,,郵寄競選物品或宣傳廣告費用,金錢,臺南市南區大****,(06)*****,否,,,,,,,
98,林美燕,111年臺南市議員選舉,首次申報,1111014,集會支出,蘭仟花葉,13224854,0.00,3000.00,,,,花圈花籃,金錢,台南市大同路****,0626*****,否,,,,,,,
99,林美燕,111年臺南市議員選舉,首次申報,1111015,雜支支出,揚北生活館,28514162,0.00,45.00,,,,文具用品費用,金錢,,0621*****,否,,,,,,,
100,林美燕,111年臺南市議員選舉,首次申報,1111015,雜支支出,縉騰服飾企業社,41410099,0.00,35150.00,,,,團隊制服,金錢,新北市樹林區****,,否,,,,,,,
101,林美燕,111年臺南市議員選舉,首次申報,1111015,宣傳支出,永坤商行,87862742,0.00,5000.00,,,,調味料,金錢,臺南市南區大****,06-2*****,否,,,,,,,
102,林美燕,111年臺南市議員選舉,首次申報,1111015,租用宣傳車輛支出,詮威汽車修護廠,88964774,0.00,4200.00,,,,維修宣傳車輛費用,金錢,南區國民路巷****,0621*****,否,,,,,,,
103,林美燕,111年臺南市議員選舉,首次申報,1111015,宣傳支出,競選總部,D22*******,0.00,16080.00,,,,製作競選物品或宣傳廣告費用（扇子）,非金錢,臺南市南區國****,,否,,,,,,,
104,林美燕,111年臺南市議員選舉,首次申報,1111015,宣傳支出,競選總部,D22*******,0.00,122000.00,,,,便條本,非金錢,臺南市南區國****,,否,,,,,,,
105,林美燕,111年臺南市議員選舉,首次申報,1111018,宣傳支出,中華郵政,,0.00,11.00,,,,郵寄,金錢,臺南市南區金****,06)2*****,否,,,,,,,
106,林美燕,111年臺南市議員選舉,首次申報,1111020,雜支支出,米格國際lativ,,0.00,7372.00,,,,員工保暖衣,金錢,桃園市八德區****,,否,,,,,,,
107,林美燕,111年臺南市議員選舉,首次申報,1111020,宣傳支出,染舍旗幟廣告設計工作室,20162299,0.00,54000.00,,,,關東旗,金錢,台南市南區國****,0628*****,否,,,,,,,
108,林美燕,111年臺南市議員選舉,首次申報,1111020,宣傳支出,仁捷派報社,81481865,0.00,4000.00,,,,郵寄競選物品或宣傳廣告費用,金錢,臺南市南區省****,0626*****,否,,,,,,,
109,林美燕,111年臺南市議員選舉,首次申報,1111021,返還捐贈支出,璽泰建設有限公司,64805664,0.00,50000.00,,,,返還,金錢,臺南市安平區****,,否,,,,,,,
110,林美燕,111年臺南市議員選舉,首次申報,1111022,集會支出,名東現烤蛋糕,,0.00,200.00,,,,餐飲費用,金錢,臺南市中西區****,2221*****,否,,,,,,,
111,林美燕,111年臺南市議員選舉,首次申報,1111023,租用宣傳車輛支出,台灣中油 國民路站,56956316,0.00,87.00,,,,宣傳車輛燃料費用,金錢,台南市南區國****,,否,,,,,,,
112,林美燕,111年臺南市議員選舉,首次申報,1111023,雜支支出,全國電子,80020865,0.00,689.00,,,,小蜜蜂擴音器,金錢,台南市東區崇****,,否,,,,,,,
113,林美燕,111年臺南市議員選舉,首次申報,1111024,宣傳支出,中華郵政股份有限公司,,0.00,252.00,,,,郵寄競選物品或宣傳廣告費用,金錢,臺南市南區大****,,否,,,,,,,
114,林美燕,111年臺南市議員選舉,首次申報,1111024,租用競選辦事處支出,樂清服務股份有限公司,24767691,0.00,250.00,,,,其他與租用競選辦事處有關之費用,金錢,台南市安南區****,3555*****,否,,,,,,,
115,林美燕,111年臺南市議員選舉,首次申報,1111025,雜支支出,揚北生活館,28514162,0.00,485.00,,,,文具用品費用,金錢,,0621*****,否,,,,,,,
116,林美燕,111年臺南市議員選舉,首次申報,1111025,租用宣傳車輛支出,台灣中油 國民路站,56956316,0.00,500.00,,,,宣傳車輛燃料費用,金錢,台南市南區國****,,否,,,,,,,
117,林美燕,111年臺南市議員選舉,首次申報,1111026,租用宣傳車輛支出,台灣中油,,0.00,80.00,,,,宣傳車輛燃料費用,金錢,臺南市中西區****,,否,,,,,,,
118,林美燕,111年臺南市議員選舉,首次申報,1111026,雜支支出,國民商店,13239694,0.00,69.00,,,,雜項購置或修繕費用,金錢,臺南市南區國****,2693*****,否,,,,,,,
119,林美燕,111年臺南市議員選舉,首次申報,1111026,租用宣傳車輛支出,台灣中油 國民路站,56956316,0.00,500.00,,,,宣傳車輛燃料費用,金錢,台南市南區國****,,否,,,,,,,
120,林美燕,111年臺南市議員選舉,首次申報,1111027,宣傳支出,大林新城社區,,0.00,2400.00,,,,播放、傳送或刊登宣傳廣告費用,金錢,台南市南區大****,2149*****,否,,,,,,,
121,林美燕,111年臺南市議員選舉,首次申報,1111027,雜支支出,朝北生活館有限公司,28345820,0.00,158.00,,,,雜項購置或修繕費用,金錢,台南市安平區****,0629*****,否,,,,,,,
122,林美燕,111年臺南市議員選舉,首次申報,1111027,租用宣傳車輛支出,台灣中油 國民路站,56956316,0.00,88.00,,,,宣傳車輛燃料費用,金錢,台南市南區國****,,否,,,,,,,
123,林美燕,111年臺南市議員選舉,首次申報,1111027,租用宣傳車輛支出,獵狐無線電器材有限公司,86087440,0.00,1229.00,,,,電子零件,金錢,台南市中西區****,0622*****,否,,,,,,,
124,林美燕,111年臺南市議員選舉,首次申報,1111028,宣傳支出,冠庭芳花坊,36611531,0.00,3000.00,,,,花圈花籃,金錢,台南市南區利****,,否,,,,,,,
125,林美燕,111年臺南市議員選舉,首次申報,1111028,宣傳支出,仁捷派報社,81481865,0.00,4000.00,,,,郵寄競選物品或宣傳廣告費用,金錢,臺南市南區省****,0626*****,否,,,,,,,
126,林美燕,111年臺南市議員選舉,首次申報,1111031,宣傳支出,中華郵政股份有限公司,,0.00,252.00,,,,郵寄競選物品或宣傳廣告費用,金錢,臺南市南區大****,,否,,,,,,,
127,林美燕,111年臺南市議員選舉,首次申報,1111031,繳庫支出,監察院,03753307,0.00,100000.00,,,,繳庫,金錢,台北市忠孝東****,,否,,,,,,,
128,林美燕,111年臺南市議員選舉,首次申報,1111101,租用宣傳車輛支出,台灣中油 國民路站,56956316,0.00,500.00,,,,宣傳車輛燃料費用,金錢,台南市南區國****,,否,,,,,,,
129,林美燕,111年臺南市議員選舉,首次申報,1111101,雜支支出,歡喜結婚禮品館,99286597,0.00,9500.00,,,,白手套 包裝袋 貼紙 糖果,金錢,臺南市中西區****,06-2*****,否,,,,,,,
130,林美燕,111年臺南市議員選舉,首次申報,1111101,租用宣傳車輛支出,李東昌,D10*******,0.00,60000.00,,,,租用宣傳車輛費用,金錢,台南市南區福****,,否,,,,,,,
131,林美燕,111年臺南市議員選舉,首次申報,1111101,人事費用支出,李明輝,D10*******,0.00,10000.00,,,,工資或薪津,金錢,台南市南區國****,0939*****,否,,,,,,,
132,林美燕,111年臺南市議員選舉,首次申報,1111101,人事費用支出,周忠毅,D12*******,0.00,20000.00,,,,工資或薪津,金錢,台南市北區文****,0921*****,否,,,,,,,
133,林美燕,111年臺南市議員選舉,首次申報,1111101,租用宣傳車輛支出,陳義吉,D12*******,0.00,60000.00,,,,租用宣傳車輛費用,金錢,東區崇明十一****,0925*****,否,,,,,,,
134,林美燕,111年臺南市議員選舉,首次申報,1111101,人事費用支出,黃滿治,D20*******,0.00,10000.00,,,,工資或薪津,金錢,台南市金華路****,0928*****,否,,,,,,,
135,林美燕,111年臺南市議員選舉,首次申報,1111101,人事費用支出,林筑婷,D22*******,0.00,15000.00,,,,工資或薪津,金錢,臺北市中山區****,,否,,,,,,,
136,林美燕,111年臺南市議員選舉,首次申報,1111101,人事費用支出,李林美吟,D22*******,0.00,5000.00,,,,工資或薪津,金錢,台南市永康區****,0912*****,是,李林美吟,,,,二親等以內親屬(姊),,
137,林美燕,111年臺南市議員選舉,首次申報,1111101,人事費用支出,蘇沛瑜,D22*******,0.00,5000.00,,,,工資或薪津,金錢,臺南市南區金****,0909*****,否,,,,,,,
138,林美燕,111年臺南市議員選舉,首次申報,1111101,宣傳支出,競選總部,D22*******,0.00,152500.00,,,,便條本,非金錢,臺南市南區國****,,否,,,,,,,
139,林美燕,111年臺南市議員選舉,首次申報,1111101,宣傳支出,競選總部,D22*******,0.00,35250.00,,,,製作競選物品或宣傳廣告費用（宣傳單）,非金錢,臺南市南區國****,,否,,,,,,,
140,林美燕,111年臺南市議員選舉,首次申報,1111101,宣傳支出,競選總部,D22*******,0.00,21390.00,,,,製作競選物品或宣傳廣告費用（扇子）,非金錢,臺南市南區國****,,否,,,,,,,
141,林美燕,111年臺南市議員選舉,首次申報,1111101,人事費用支出,黃志彰,Q12*******,0.00,5000.00,,,,工資或薪津,金錢,台南市南區金****,0956*****,否,,,,,,,
142,林美燕,111年臺南市議員選舉,首次申報,1111101,租用宣傳車輛支出,陳肇禧,R10*******,0.00,30000.00,,,,租用宣傳車輛費用,金錢,台南市南區鯤****,0933*****,否,,,,,,,
143,林美燕,111年臺南市議員選舉,首次申報,1111101,人事費用支出,葉翰龍,R12*******,0.00,10000.00,,,,工資或薪津,金錢,南區國民路-****,0912*****,是,葉翰龍,,,,二親等以內親屬(子),,
144,林美燕,111年臺南市議員選舉,首次申報,1111101,人事費用支出,林楊麗梅,R22*******,0.00,5000.00,,,,工資或薪津,金錢,南區國民路巷****,0912*****,否,,,,,,,
145,林美燕,111年臺南市議員選舉,首次申報,1111101,人事費用支出,呂柏蓉,R22*******,0.00,5000.00,,,,工資或薪津,金錢,臺南市東區崇****,0988*****,是,呂柏蓉,,,,共同生活家屬(媳),,
146,林美燕,111年臺南市議員選舉,首次申報,1111101,人事費用支出,葉明源,S10*******,0.00,60000.00,,,,工資或薪津,金錢,臺南市南區國****,0963*****,是,葉明源,,,,配偶(配偶),,
147,林美燕,111年臺南市議員選舉,首次申報,1111101,人事費用支出,鄭芳名,S12*******,0.00,36000.00,,,,工資或薪津,金錢,台南市南區南****,0932*****,否,,,,,,,
148,林美燕,111年臺南市議員選舉,首次申報,1111101,人事費用支出,郭惠美,S20*******,0.00,36000.00,,,,工資或薪津,金錢,台南市南區新****,0978*****,否,,,,,,,
149,林美燕,111年臺南市議員選舉,首次申報,1111101,人事費用支出,王宏道,U12*******,0.00,5000.00,,,,工資或薪津,金錢,臺南市安平區****,,否,,,,,,,
150,林美燕,111年臺南市議員選舉,首次申報,1111102,雜支支出,國華五金行,,0.00,1000.00,,,,白鐵用具,金錢,臺南市****,0626*****,否,,,,,,,
151,林美燕,111年臺南市議員選舉,首次申報,1111102,宣傳支出,競選總部,D22*******,0.00,26250.00,,,,貼紙,非金錢,臺南市南區國****,,否,,,,,,,
152,林美燕,111年臺南市議員選舉,首次申報,1111102,租用宣傳車輛支出,競選總部,D22*******,0.00,30000.00,,,,雇用宣傳車輛駕駛費用,非金錢,臺南市南區國****,0626*****,否,,,,,,,
153,林美燕,111年臺南市議員選舉,首次申報,1111102,租用宣傳車輛支出,競選總部,D22*******,0.00,30000.00,,,,雇用宣傳車輛駕駛費用,非金錢,臺南市南區國****,0626*****,否,,,,,,,
154,林美燕,111年臺南市議員選舉,首次申報,1111103,雜支支出,大林鮮花店,06371669,0.00,1500.00,,,,雜項購置或修繕費用,金錢,,2684*****,否,,,,,,,
155,林美燕,111年臺南市議員選舉,首次申報,1111104,雜支支出,米格國際lativ,,0.00,13747.00,,,,員工保暖衣,金錢,桃園市八德區****,,否,,,,,,,
156,林美燕,111年臺南市議員選舉,首次申報,1111104,宣傳支出,冠庭芳花坊,36611531,0.00,3000.00,,,,花圈花籃,金錢,台南市南區利****,,否,,,,,,,
157,林美燕,111年臺南市議員選舉,首次申報,1111104,租用宣傳車輛支出,台灣中油 國民路站,56956316,0.00,810.00,,,,宣傳車輛燃料費用,金錢,台南市南區國****,,否,,,,,,,
158,林美燕,111年臺南市議員選舉,首次申報,1111105,雜支支出,大台南肉品,26459847,0.00,1200.00,,,,雜項購置或修繕費用,金錢,臺南市永康區****,,否,,,,,,,
159,林美燕,111年臺南市議員選舉,首次申報,1111106,租用宣傳車輛支出,台灣中油 國民路站,56956316,0.00,91.00,,,,宣傳車輛燃料費用,金錢,台南市南區國****,,否,,,,,,,
160,林美燕,111年臺南市議員選舉,首次申報,1111106,租用宣傳車輛支出,台灣中油 國民路站,56956316,0.00,500.00,,,,宣傳車輛燃料費用,金錢,台南市南區國****,,否,,,,,,,
161,林美燕,111年臺南市議員選舉,首次申報,1111108,雜支支出,揚北生活館,,0.00,59.00,,,,電池,金錢,台南市東區大****,,否,,,,,,,
162,林美燕,111年臺南市議員選舉,首次申報,1111108,雜支支出,揚北生活館,,0.00,118.00,,,,電池,金錢,台南市東區大****,,否,,,,,,,
163,林美燕,111年臺南市議員選舉,首次申報,1111108,返還捐贈支出,沛正塑膠廠股份有限公司,69696779,0.00,20000.00,,,,返還,金錢,臺南市南區新****,,否,,,,,,,
164,林美燕,111年臺南市議員選舉,首次申報,1111108,宣傳支出,競選總部,D22*******,0.00,26250.00,,,,,非金錢,臺南市南區國****,,否,,,,,,,
165,林美燕,111年臺南市議員選舉,首次申報,1111109,雜支支出,湘北生活館,64863994,0.00,638.00,,,,好神拖,金錢,台南市東區中****,0630*****,否,,,,,,,
166,林美燕,111年臺南市議員選舉,首次申報,1111110,宣傳支出,中華郵政,,0.00,16.00,,,,郵寄,金錢,臺南市南區金****,06)2*****,否,,,,,,,
167,林美燕,111年臺南市議員選舉,首次申報,1111110,返還捐贈支出,聚盛建設有限公司,53391293,0.00,100000.00,,,,返還,金錢,臺南市南區金****,,否,,,,,,,
168,林美燕,111年臺南市議員選舉,首次申報,1111110,宣傳支出,競選總部,D22*******,0.00,140300.00,,,,便條本,非金錢,臺南市南區國****,,否,,,,,,,
169,林美燕,111年臺南市議員選舉,首次申報,1111111,宣傳支出,競選總部,D22*******,0.00,26250.00,,,,貼紙,非金錢,臺南市南區國****,,否,,,,,,,
170,林美燕,111年臺南市議員選舉,首次申報,1111112,雜支支出,永祥名香企業社,40715312,0.00,9000.00,,,,金紙,金錢,,0931*****,否,,,,,,,
171,林美燕,111年臺南市議員選舉,首次申報,1111112,租用宣傳車輛支出,台灣中油 國民路站,56956316,0.00,500.00,,,,宣傳車輛燃料費用,金錢,台南市南區國****,,否,,,,,,,
172,林美燕,111年臺南市議員選舉,首次申報,1111113,雜支支出,湘北生活館,,0.00,438.00,,,,好神拖布盤,金錢,台南市東區中****,0630*****,否,,,,,,,
173,林美燕,111年臺南市議員選舉,首次申報,1111113,雜支支出,錦利金香店,69548784,0.00,7000.00,,,,香 金紙,金錢,臺南市北區文****,0928*****,否,,,,,,,
174,林美燕,111年臺南市議員選舉,首次申報,1111113,雜支支出,錦利金香店,69548784,0.00,7000.00,,,,香，金紙,金錢,臺南市北區文****,0928*****,否,,,,,,,
175,林美燕,111年臺南市議員選舉,首次申報,1111114,雜支支出,揚北生活館,,0.00,104.00,,,,膠帶,金錢,台南市東區大****,,否,,,,,,,
176,林美燕,111年臺南市議員選舉,首次申報,1111114,雜支支出,揚北生活館,,0.00,99.00,,,,漂白水,金錢,台南市東區大****,,否,,,,,,,
177,林美燕,111年臺南市議員選舉,首次申報,1111115,雜支支出,揚北生活館,,0.00,115.00,,,,綁鋼筋鉛線,金錢,台南市東區大****,,否,,,,,,,
178,林美燕,111年臺南市議員選舉,首次申報,1111115,宣傳支出,中華郵政股份有限公司,,0.00,84.00,,,,郵寄競選物品或宣傳廣告費用,金錢,臺南市南區大****,,否,,,,,,,
179,林美燕,111年臺南市議員選舉,首次申報,1111115,雜支支出,士展資訊用品有限公司,,0.00,2300.00,,,,文具用品費用,金錢,臺南市北區文****,,否,,,,,,,
180,林美燕,111年臺南市議員選舉,首次申報,1111115,雜支支出,士展資訊用品有限公司,,0.00,4600.00,,,,文具用品費用,金錢,臺南市北區文****,,否,,,,,,,
181,林美燕,111年臺南市議員選舉,首次申報,1111116,雜支支出,揚北生活館,,0.00,117.00,,,,束帶,金錢,台南市東區大****,,否,,,,,,,
182,林美燕,111年臺南市議員選舉,首次申報,1111116,雜支支出,森維輕食,,0.00,1481.00,,,,雜項購置或修繕費用,金錢,南區永華路一****,,否,,,,,,,
183,林美燕,111年臺南市議員選舉,首次申報,1111116,宣傳支出,仁捷派報社,81481865,0.00,4000.00,,,,郵寄競選物品或宣傳廣告費用,金錢,臺南市南區省****,0626*****,否,,,,,,,
184,林美燕,111年臺南市議員選舉,首次申報,1111116,返還捐贈支出,東園營造有限公司,90658250,0.00,100000.00,,,,返還,金錢,臺南市鹽水區****,,否,,,,,,,
185,林美燕,111年臺南市議員選舉,首次申報,1111117,宣傳支出,中華郵政股份有限公司,,0.00,84.00,,,,郵寄競選物品或宣傳廣告費用,金錢,臺南市南區大****,,否,,,,,,,
186,林美燕,111年臺南市議員選舉,首次申報,1111117,宣傳支出,進興糖果行,,0.00,1750.00,,,,製作競選物品或宣傳廣告費用（糖果餅乾）,金錢,臺南市中西區****,,否,,,,,,,
187,林美燕,111年臺南市議員選舉,首次申報,1111117,宣傳支出,中華郵政,,0.00,474.00,,,,郵寄競選物品或宣傳廣告費用,金錢,台南市東區東****,2683*****,否,,,,,,,
188,林美燕,111年臺南市議員選舉,首次申報,1111117,集會支出,金華石阿美綠豆湯,09549296,0.00,700.00,,,,餐飲費用,金錢,台南市金華路****,,否,,,,,,,
189,林美燕,111年臺南市議員選舉,首次申報,1111117,宣傳支出,冠庭芳花坊,36611531,0.00,3000.00,,,,花圈花籃,金錢,台南市南區利****,,否,,,,,,,
190,林美燕,111年臺南市議員選舉,首次申報,1111118,租用宣傳車輛支出,台灣中油 國民路站,56956316,0.00,500.00,,,,宣傳車輛燃料費用,金錢,台南市南區國****,,否,,,,,,,
191,林美燕,111年臺南市議員選舉,首次申報,1111118,集會支出,峻北生活館有限公司,79988819,0.00,959.00,,,,延長線,金錢,臺南市南區西****,0629*****,否,,,,,,,
192,林美燕,111年臺南市議員選舉,首次申報,1111118,雜支支出,杏一,99570777,0.00,1310.00,,,,雜項購置或修繕費用,金錢,台南市東區崇****,0633*****,否,,,,,,,
193,林美燕,111年臺南市議員選舉,首次申報,1111119,集會支出,金光舞台燈光音響企業社,10811942,0.00,30000.00,,,,租用設備費用-舞台音響,金錢,臺南市南區灣****,,否,,,,,,,
194,林美燕,111年臺南市議員選舉,首次申報,1111119,集會支出,阿票姨小吃店,10855259,0.00,100000.00,,,,餐飲費用,金錢,臺南市南區利****,0629*****,否,,,,,,,
195,林美燕,111年臺南市議員選舉,首次申報,1111119,租用宣傳車輛支出,台灣中油 國民路站,56956316,0.00,600.00,,,,宣傳車輛燃料費用,金錢,台南市南區國****,,否,,,,,,,
196,林美燕,111年臺南市議員選舉,首次申報,1111119,雜支支出,勝一美食,87845224,0.00,60000.00,,,,餐飲費用,金錢,臺南市金華路****,,否,,,,,,,
197,林美燕,111年臺南市議員選舉,首次申報,1111119,雜支支出,勝一美食店,87845224,0.00,12000.00,,,,餐飲費用,金錢,臺南市南區金****,06-2*****,否,,,,,,,
198,林美燕,111年臺南市議員選舉,首次申報,1111119,宣傳支出,競選總部,D22*******,0.00,21000.00,,,,,非金錢,臺南市南區國****,,否,,,,,,,
199,林美燕,111年臺南市議員選舉,首次申報,1111120,雜支支出,紅面小吃店,,0.00,740.00,,,,餐飲費用,金錢,臺南市東區東****,,否,,,,,,,
200,林美燕,111年臺南市議員選舉,首次申報,1111120,宣傳支出,進興糖果行,68754309,0.00,750.00,,,,糖果,金錢,台南市中西區****,0622*****,否,,,,,,,
201,林美燕,111年臺南市議員選舉,首次申報,1111121,宣傳支出,進興糖果行,,0.00,5560.00,,,,製作競選物品或宣傳廣告費用（糖果）,金錢,臺南市中西區****,,否,,,,,,,
202,林美燕,111年臺南市議員選舉,首次申報,1111122,宣傳支出,中華郵政股份有限公司,,0.00,196.00,,,,郵寄競選物品或宣傳廣告費用,金錢,臺南市南區大****,,否,,,,,,,
203,林美燕,111年臺南市議員選舉,首次申報,1111123,集會支出,金光舞台燈光音響企業社,10811942,0.00,30000.00,,,,租用設備費用-舞台音響,金錢,臺南市南區灣****,,否,,,,,,,
204,林美燕,111年臺南市議員選舉,首次申報,1111123,宣傳支出,進興糖果行,68754309,0.00,2735.00,,,,製作競選物品或宣傳廣告費用（糖果）,金錢,台南市中西區****,0622*****,否,,,,,,,
205,林美燕,111年臺南市議員選舉,首次申報,1111123,宣傳支出,競選總部,D22*******,0.00,903000.00,,,,租用廣告看板或車體廣告費用,非金錢,臺南市南區國****,,否,,,,,,,
206,林美燕,111年臺南市議員選舉,首次申報,1111124,集會支出,阿伯帳篷,10702579,0.00,4000.00,,,,租用設備費用-歐式帳篷 會議桌,金錢,台南市仁德區****,0929*****,否,,,,,,,
207,林美燕,111年臺南市議員選舉,首次申報,1111124,集會支出,金光舞台燈光音響企業社,10811942,0.00,30000.00,,,,租用設備費用-舞台音響,金錢,臺南市南區灣****,,否,,,,,,,
208,林美燕,111年臺南市議員選舉,首次申報,1111125,雜支支出,自然來嘉義火雞肉飯,,0.00,600.00,,,,餐飲費用,金錢,臺南市南區大****,,否,,,,,,,
209,林美燕,111年臺南市議員選舉,首次申報,1111125,集會支出,展望素食桌椅出租社,,0.00,8400.00,,,,租用設備費用,金錢,臺南市東區東****,,否,,,,,,,
210,林美燕,111年臺南市議員選舉,首次申報,1111125,集會支出,金光舞台燈光音響企業社,10811942,0.00,30000.00,,,,租用設備費用-舞台音響,金錢,臺南市南區灣****,,否,,,,,,,
211,林美燕,111年臺南市議員選舉,首次申報,1111125,集會支出,阿票姨小吃店,10855259,0.00,80000.00,,,,餐飲費用,金錢,臺南市南區利****,0629*****,否,,,,,,,
212,林美燕,111年臺南市議員選舉,首次申報,1111125,集會支出,錦利金香店,69548784,0.00,1400.00,,,,其他與集會有關之費用,金錢,台南市北區文****,3501*****,否,,,,,,,
213,林美燕,111年臺南市議員選舉,首次申報,1111125,租用宣傳車輛支出,競選總部,D22*******,0.00,7500.00,,,,,非金錢,臺南市南區國****,06-2*****,否,,,,,,,
214,林美燕,111年臺南市議員選舉,首次申報,1111125,租用宣傳車輛支出,競選總部,D22*******,0.00,30000.00,,,,,非金錢,臺南市南區國****,0626*****,否,,,,,,,
215,林美燕,111年臺南市議員選舉,首次申報,1111125,宣傳支出,競選總部,D22*******,0.00,28847.00,,,,製作競選物品或宣傳廣告費用（小日歷）,非金錢,臺南市南區國****,,否,,,,,,,
216,林美燕,111年臺南市議員選舉,首次申報,1111126,租用宣傳車輛支出,吉翔汽車用品店,36618197,0.00,40400.00,,,,維修宣傳車輛費用,金錢,臺南市南區國****,,否,,,,,,,
217,林美燕,111年臺南市議員選舉,首次申報,1111128,宣傳支出,中華郵政,,0.00,112.00,,,,郵寄競選物品或宣傳廣告費用,金錢,台南市南區大****,2155*****,否,,,,,,,
218,林美燕,111年臺南市議員選舉,首次申報,1111128,租用宣傳車輛支出,台灣中油 國民路站,56956316,0.00,800.00,,,,宣傳車輛燃料費用,金錢,台南市南區國****,,否,,,,,,,
219,林美燕,111年臺南市議員選舉,首次申報,1111129,宣傳支出,富順文具行,36837643,0.00,850.00,,,,製作競選物品或宣傳廣告費用（海報紙）,金錢,臺南市民權路****,0625*****,否,,,,,,,
220,林美燕,111年臺南市議員選舉,首次申報,1111130,雜支支出,正忠排骨飯,,0.00,2660.00,,,,餐飲費用,金錢,臺南市東區中****,,否,,,,,,,
221,林美燕,111年臺南市議員選舉,首次申報,1111130,雜支支出,永坤商行,87862742,0.00,8500.00,,,,清潔用品,金錢,臺南市南區大****,06-2*****,否,,,,,,,
222,林美燕,111年臺南市議員選舉,首次申報,1111201,租用宣傳車輛支出,李東昌,D10*******,0.00,60000.00,,,,租用宣傳車輛費用,金錢,台南市南區福****,,否,,,,,,,
223,林美燕,111年臺南市議員選舉,首次申報,1111201,租用宣傳車輛支出,陳義吉,D12*******,0.00,60000.00,,,,租用宣傳車輛費用,金錢,東區崇明十一****,0925*****,否,,,,,,,
224,林美燕,111年臺南市議員選舉,首次申報,1111201,人事費用支出,林筑婷,D22*******,0.00,10000.00,,,,工資或薪津,金錢,台北市中山區****,0982*****,否,,,,,,,
225,林美燕,111年臺南市議員選舉,首次申報,1111201,人事費用支出,葉翰龍,R12*******,0.00,10000.00,,,,工資或薪津,金錢,臺南市南區國****,0912*****,是,葉翰龍,,,,二親等以內親屬(子),,
226,林美燕,111年臺南市議員選舉,首次申報,1111201,人事費用支出,葉明源,S10*******,0.00,60000.00,,,,工資或薪津,金錢,臺南市南區國****,0963*****,是,葉明源,,,,配偶(配偶),,
227,林美燕,111年臺南市議員選舉,首次申報,1111201,人事費用支出,鄭芳名,S12*******,0.00,36000.00,,,,工資或薪津,金錢,台南市南區南****,0932*****,否,,,,,,,
228,林美燕,111年臺南市議員選舉,首次申報,1111201,人事費用支出,郭惠美,S20*******,0.00,36000.00,,,,工資或薪津,金錢,台南市南區新****,0978*****,否,,,,,,,
229,林美燕,111年臺南市議員選舉,首次申報,1111203,雜支支出,美益行,,0.00,2000.00,,,,餐飲費用,金錢,臺南市南區灣****,,否,,,,,,,
230,林美燕,111年臺南市議員選舉,首次申報,1111203,雜支支出,大樂屋餐飲店,85581035,0.00,11250.00,,,,餐飲費用,金錢,台南市東區崇****,0626*****,否,,,,,,,
231,林美燕,111年臺南市議員選舉,首次申報,1111204,租用宣傳車輛支出,吉翔汽車用品店,36618197,0.00,38600.00,,,,維修宣傳車輛費用,金錢,臺南市南區國****,,否,,,,,,,
232,林美燕,111年臺南市議員選舉,首次申報,1111205,雜支支出,錦利金香店,69548784,0.00,9000.00,,,,香 金紙,金錢,臺南市北區文****,0928*****,否,,,,,,,
233,林美燕,111年臺南市議員選舉,首次申報,1111206,宣傳支出,世榮廣告社,,0.00,23221.00,,,,製作競選物品或宣傳廣告費用（帆布）,金錢,臺南市南區省****,,否,,,,,,,
234,林美燕,111年臺南市議員選舉,首次申報,1111207,租用宣傳車輛支出,德晟汽車企業社,88890400,0.00,2150.00,,,,維修宣傳車輛費用,金錢,台南市東區崇****,2670*****,否,,,,,,,
235,林美燕,111年臺南市議員選舉,首次申報,1111209,宣傳支出,中華郵政,,0.00,32.00,,,,郵寄,金錢,臺南市南區金****,06)2*****,否,,,,,,,
236,林美燕,111年臺南市議員選舉,首次申報,1111212,集會支出,新葡吉喜餅蛋糕,13229767,0.00,700.00,,,,餐飲費用,金錢,,,否,,,,,,,
237,林美燕,111年臺南市議員選舉,首次申報,1111216,雜支支出,群北生活館有限公司,90836092,0.00,75.00,,,,文具用品費用,金錢,台南市中華東****,,否,,,,,,,
238,林美燕,111年臺南市議員選舉,首次申報,1111220,集會支出,廟口燒烤,10497021,0.00,12500.00,,,,餐飲費用,金錢,台南市南區建****,2238*****,否,,,,,,,
239,林美燕,111年臺南市議員選舉,首次申報,1111220,租用宣傳車輛支出,德晟汽車企業社,88890400,0.00,1800.00,,,,維修宣傳車輛費用,金錢,台南市東區崇****,2670*****,否,,,,,,,
240,林美燕,111年臺南市議員選舉,首次申報,1111221,交通旅運支出,旺旺友聯產物保險公司,,0.00,21654.00,,,,汽車保險費,金錢,台南市中西區****,,否,,,,,,,
241,林美燕,111年臺南市議員選舉,首次申報,1111222,租用宣傳車輛支出,台灣中油 國民路站,56956316,0.00,800.00,,,,宣傳車輛燃料費用,金錢,台南市南區國****,,否,,,,,,,
