﻿序號,擬參選人／政黨,選舉名稱,申報序號／年度,交易日期,收支科目,捐贈者／支出對象,身分證／統一編號,收入金額,支出金額,支出用途,金錢類,地址,聯絡電話,資料更正日期
1,李俊俋,109年立法委員選舉,首次申報,1080418,個人捐贈收入,許雅雯,A22*******,100000.00,0.00,,金錢,嘉義市東區大****,0933*****,
2,李俊俋,109年立法委員選舉,首次申報,1080418,個人捐贈收入,鍾政達,B12*******,100000.00,0.00,,金錢,臺北市北投區****,0910*****,
3,李俊俋,109年立法委員選舉,首次申報,1080418,個人捐贈收入,王文哲,D12*******,100000.00,0.00,,金錢,臺南市東區勝****,0922*****,
4,李俊俋,109年立法委員選舉,首次申報,1080418,個人捐贈收入,黃嘉生,D12*******,100000.00,0.00,,金錢,臺南市東區長****,0912*****,
5,李俊俋,109年立法委員選舉,首次申報,1080418,個人捐贈收入,廖灯華,M12*******,100000.00,0.00,,金錢,嘉義市金龍街****,,
6,李俊俋,109年立法委員選舉,首次申報,1080418,個人捐贈收入,林震枝,N10*******,100000.00,0.00,,金錢,嘉義市杭州六****,0928*****,
7,李俊俋,109年立法委員選舉,首次申報,1080418,個人捐贈收入,謝景祥,N12*******,100000.00,0.00,,金錢,嘉義市大雅路****,0910*****,
8,李俊俋,109年立法委員選舉,首次申報,1080418,個人捐贈收入,李孔嘉,P12*******,100000.00,0.00,,金錢,嘉義市吳鳳北****,0915*****,
9,李俊俋,109年立法委員選舉,首次申報,1080418,個人捐贈收入,黃俊銘,Q12*******,100000.00,0.00,,金錢,嘉義市林森東****,0919*****,
10,李俊俋,109年立法委員選舉,首次申報,1080418,個人捐贈收入,林平章,Q12*******,100000.00,0.00,,金錢,嘉義市東區南****,0911*****,
11,李俊俋,109年立法委員選舉,首次申報,1080419,個人捐贈收入,陳火川,P12*******,20000.00,0.00,,金錢,嘉義市仁愛路****,0932*****,
12,李俊俋,109年立法委員選舉,首次申報,1080422,個人捐贈收入,侯諭諶,D10*******,20000.00,0.00,,金錢,臺北市大安區****,0912*****,
13,李俊俋,109年立法委員選舉,首次申報,1080422,個人捐贈收入,丁偉家,I10*******,50000.00,0.00,,金錢,新竹市東區關****,0912*****,
14,李俊俋,109年立法委員選舉,首次申報,1080422,個人捐贈收入,黃亞芬,P22*******,60000.00,0.00,,金錢,嘉義縣太保市****,0932*****,
15,李俊俋,109年立法委員選舉,首次申報,1080422,個人捐贈收入,陳顯榮,Q10*******,60000.00,0.00,,金錢,嘉義市西區書****,0912*****,
16,李俊俋,109年立法委員選舉,首次申報,1080422,個人捐贈收入,顏林秀足,Q20*******,10000.00,0.00,,金錢,嘉義市西區美****,0912*****,
17,李俊俋,109年立法委員選舉,首次申報,1080424,個人捐贈收入,高至男,Q12*******,10000.00,0.00,,金錢,嘉義縣民雄鄉****,0910*****,
18,李俊俋,109年立法委員選舉,首次申報,1080621,其他收入,利息收入,,32.00,0.00,,金錢,,,
