﻿序號,擬參選人／政黨,選舉名稱,申報序號／年度,交易日期,收支科目,捐贈者／支出對象,身分證／統一編號,收入金額,支出金額,支出用途,金錢類,地址,聯絡電話,資料更正日期
1,劉仕傑,107年直轄市議員選舉,首次申報,1070508,個人捐贈收入,林許文珠,F20*******,30000.00,0.00,,金錢,臺北市中正區****,02-2*****,
2,劉仕傑,107年直轄市議員選舉,首次申報,1070511,匿名捐贈,匿名,,500.00,0.00,,金錢,,,
3,劉仕傑,107年直轄市議員選舉,首次申報,1070518,個人捐贈收入,杜元坤,D12*******,100000.00,0.00,,金錢,高雄市前鎮區****,0975*****,
4,劉仕傑,107年直轄市議員選舉,首次申報,1070518,個人捐贈收入,陳樹華,E22*******,100000.00,0.00,,金錢,高雄市前鎮區****,0975*****,
5,劉仕傑,107年直轄市議員選舉,首次申報,1070521,個人捐贈收入,林君豪,A12*******,20000.00,0.00,,金錢,臺北市士林區****,0921*****,
6,劉仕傑,107年直轄市議員選舉,首次申報,1070521,個人捐贈收入,楊哲偉,A12*******,50000.00,0.00,,金錢,臺北市中正區****,0939*****,
7,劉仕傑,107年直轄市議員選舉,首次申報,1070522,匿名捐贈,匿名,,3000.00,0.00,,金錢,,,
8,劉仕傑,107年直轄市議員選舉,首次申報,1070523,匿名捐贈,匿名,,2000.00,0.00,,金錢,,,
9,劉仕傑,107年直轄市議員選舉,首次申報,1070523,個人捐贈收入,黃比聖,F12*******,10000.00,0.00,,金錢,新北市中和區****,0986*****,
10,劉仕傑,107年直轄市議員選舉,首次申報,1070605,匿名捐贈,匿名,,1.00,0.00,,金錢,,,
11,劉仕傑,107年直轄市議員選舉,首次申報,1070608,匿名捐贈,匿名,,500.00,0.00,,金錢,,,
12,劉仕傑,107年直轄市議員選舉,首次申報,1070612,個人捐贈收入,林靖貴,F12*******,1688.00,0.00,,金錢,新北市新莊區****,0903*****,
13,劉仕傑,107年直轄市議員選舉,首次申報,1070619,匿名捐贈,匿名,,10000.00,0.00,,金錢,,,
14,劉仕傑,107年直轄市議員選舉,首次申報,1070619,個人捐贈收入,江苑新,L22*******,20000.00,0.00,,金錢,臺中市豐原區****,04-2*****,
15,劉仕傑,107年直轄市議員選舉,首次申報,1070620,個人捐贈收入,陳逸倫,A12*******,25000.00,0.00,,金錢,臺北市文山區****,0927*****,
16,劉仕傑,107年直轄市議員選舉,首次申報,1070621,其他收入,利息收入,,28.00,0.00,,金錢,,,
17,劉仕傑,107年直轄市議員選舉,首次申報,1070622,個人捐贈收入,邱宜姿,H22*******,2000.00,0.00,,金錢,新竹縣關西鎮****,0952*****,
18,劉仕傑,107年直轄市議員選舉,首次申報,1070630,個人捐贈收入,劉仕豪,E12*******,100000.00,0.00,,金錢,臺北市信義區****,0910*****,
19,劉仕傑,107年直轄市議員選舉,首次申報,1070702,匿名捐贈,匿名,,500.00,0.00,,金錢,,,
20,劉仕傑,107年直轄市議員選舉,首次申報,1070702,個人捐贈收入,湯道謙,J12*******,30000.00,0.00,,金錢,高雄市燕巢區****,0952*****,
21,劉仕傑,107年直轄市議員選舉,首次申報,1070709,匿名捐贈,匿名,,3000.00,0.00,,金錢,,,
22,劉仕傑,107年直轄市議員選舉,首次申報,1070710,個人捐贈收入,張國瑋,A10*******,3000.00,0.00,,金錢,臺北市中正區****,02-2*****,
23,劉仕傑,107年直轄市議員選舉,首次申報,1070710,個人捐贈收入,朱芳儀,D22*******,5000.00,0.00,,金錢,臺南市安平區****,0931*****,
24,劉仕傑,107年直轄市議員選舉,首次申報,1070711,匿名捐贈,匿名,,3000.00,0.00,,金錢,,,
25,劉仕傑,107年直轄市議員選舉,首次申報,1070711,匿名捐贈,匿名,,3000.00,0.00,,金錢,,,
26,劉仕傑,107年直轄市議員選舉,首次申報,1070711,個人捐贈收入,錢清祥,D12*******,15000.00,0.00,,金錢,臺北市士林區****,0988*****,
27,劉仕傑,107年直轄市議員選舉,首次申報,1070712,個人捐贈收入,韓在善,A13*******,500.00,0.00,,金錢,新北市永和區****,0905*****,
28,劉仕傑,107年直轄市議員選舉,首次申報,1070713,匿名捐贈,匿名,,3000.00,0.00,,金錢,,,
29,劉仕傑,107年直轄市議員選舉,首次申報,1070713,個人捐贈收入,李俊銘,R12*******,16000.00,0.00,,金錢,臺南市善化區****,0953*****,
30,劉仕傑,107年直轄市議員選舉,首次申報,1070714,個人捐贈收入,蘇璟斌,H12*******,10000.00,0.00,,金錢,新北市永和區****,0922*****,
31,劉仕傑,107年直轄市議員選舉,首次申報,1070714,個人捐贈收入,李易遠,R12*******,5000.00,0.00,,金錢,臺南市永康區****,0910*****,
32,劉仕傑,107年直轄市議員選舉,首次申報,1070715,個人捐贈收入,張綺文,F22*******,9000.00,0.00,,金錢,新竹市香山區****,0926*****,
33,劉仕傑,107年直轄市議員選舉,首次申報,1070718,人民團體捐贈收入,財團法人報導者文化基金會,,2500.00,0.00,,金錢,台北市中山區****,02-2*****,
34,劉仕傑,107年直轄市議員選舉,首次申報,1070718,個人捐贈收入,陳首翰,A12*******,10000.00,0.00,,金錢,臺北市中山區****,0921*****,
35,劉仕傑,107年直轄市議員選舉,首次申報,1070718,個人捐贈收入,吳偉立,F13*******,6000.00,0.00,,金錢,新北市新莊區****,0953*****,
36,劉仕傑,107年直轄市議員選舉,首次申報,1070719,匿名捐贈,匿名,,6000.00,0.00,,金錢,,,
37,劉仕傑,107年直轄市議員選舉,首次申報,1070719,匿名捐贈,匿名,,3000.00,0.00,,金錢,,,
38,劉仕傑,107年直轄市議員選舉,首次申報,1070719,個人捐贈收入,闕育美,A22*******,15000.00,0.00,,金錢,臺北市內湖區****,0932*****,
39,劉仕傑,107年直轄市議員選舉,首次申報,1070719,個人捐贈收入,王進清,E12*******,1000.00,0.00,,金錢,臺南市東區裕****,0936*****,
40,劉仕傑,107年直轄市議員選舉,首次申報,1070719,個人捐贈收入,陳育仁,E12*******,6000.00,0.00,,金錢,臺北市內湖區****,0900*****,
41,劉仕傑,107年直轄市議員選舉,首次申報,1070719,個人捐贈收入,陳尚志,E12*******,6000.00,0.00,,金錢,新北市新店區****,0955*****,
42,劉仕傑,107年直轄市議員選舉,首次申報,1070719,個人捐贈收入,陳奐宇,L12*******,2000.00,0.00,,金錢,臺中市龍井區****,0911*****,
43,劉仕傑,107年直轄市議員選舉,首次申報,1070720,匿名捐贈,匿名,,3000.00,0.00,,金錢,,,
44,劉仕傑,107年直轄市議員選舉,首次申報,1070720,個人捐贈收入,呂爾浩,A12*******,2000.00,0.00,,金錢,臺北市松山區****,0916*****,
45,劉仕傑,107年直轄市議員選舉,首次申報,1070720,個人捐贈收入,許雅淑,F22*******,3000.00,0.00,,金錢,新北市板橋區****,0922*****,
46,劉仕傑,107年直轄市議員選舉,首次申報,1070721,個人捐贈收入,曾偉綸,A12*******,5000.00,0.00,,金錢,臺中市西屯區****,0988*****,
47,劉仕傑,107年直轄市議員選舉,首次申報,1070721,個人捐贈收入,鄧書華,J22*******,2000.00,0.00,,金錢,臺北市北投區****,0928*****,
48,劉仕傑,107年直轄市議員選舉,首次申報,1070722,個人捐贈收入,楊瑞濱,A12*******,3000.00,0.00,,金錢,臺北市北投區****,0978*****,
49,劉仕傑,107年直轄市議員選舉,首次申報,1070723,個人捐贈收入,黃文傑,D12*******,2000.00,0.00,,金錢,臺北市中山區****,0921*****,
50,劉仕傑,107年直轄市議員選舉,首次申報,1070724,個人捐贈收入,房徐蕙英,A20*******,30000.00,0.00,,金錢,臺北市大安區****,0910*****,
51,劉仕傑,107年直轄市議員選舉,首次申報,1070724,個人捐贈收入,康庭瑜,S22*******,5000.00,0.00,,金錢,臺北市文山區****,0978*****,
52,劉仕傑,107年直轄市議員選舉,首次申報,1070725,營利事業捐贈收入,約瑟芬全球國際有限公司,67038413,100000.00,0.00,,金錢,新北市新莊區****,02-8*****,
53,劉仕傑,107年直轄市議員選舉,首次申報,1070725,個人捐贈收入,房徐蕙英,A20*******,25000.00,0.00,,金錢,臺北市大安區****,0910*****,
54,劉仕傑,107年直轄市議員選舉,首次申報,1070725,個人捐贈收入,闕育美,A22*******,80000.00,0.00,,金錢,臺北市內湖區****,0932*****,
55,劉仕傑,107年直轄市議員選舉,首次申報,1070725,個人捐贈收入,林子堯,J12*******,100000.00,0.00,,金錢,臺北市松山區****,0961*****,
56,劉仕傑,107年直轄市議員選舉,首次申報,1070725,個人捐贈收入,江俊宏,N12*******,100000.00,0.00,,金錢,彰化縣員林市****,0933*****,
57,劉仕傑,107年直轄市議員選舉,首次申報,1070725,個人捐贈收入,張婉如,U22*******,50000.00,0.00,,金錢,新北市中和區****,0953*****,
58,劉仕傑,107年直轄市議員選舉,首次申報,1070726,匿名捐贈,匿名,,10000.00,0.00,,金錢,,,
59,劉仕傑,107年直轄市議員選舉,首次申報,1070726,個人捐贈收入,陳明祺,A12*******,60000.00,0.00,,金錢,臺北市大安區****,02-2*****,
60,劉仕傑,107年直轄市議員選舉,首次申報,1070726,個人捐贈收入,王橞雯,F22*******,20000.00,0.00,,金錢,新北市中和區****,0935*****,
61,劉仕傑,107年直轄市議員選舉,首次申報,1070726,個人捐贈收入,陳世霖,T12*******,100000.00,0.00,,金錢,臺北市北投區****,0928*****,
62,劉仕傑,107年直轄市議員選舉,首次申報,1070802,個人捐贈收入,廖芳潔,M22*******,3000.00,0.00,,金錢,臺北市內湖區****,0918*****,
63,劉仕傑,107年直轄市議員選舉,首次申報,1070804,個人捐贈收入,廖官榆,B12*******,20000.00,0.00,,金錢,臺中市西屯區****,0988*****,
64,劉仕傑,107年直轄市議員選舉,首次申報,1070804,個人捐贈收入,林坤宏,P12*******,1000.00,0.00,,金錢,新北市深坑區****,0975*****,
65,劉仕傑,107年直轄市議員選舉,首次申報,1070808,個人捐贈收入,游連添,G12*******,10000.00,0.00,,金錢,新北市淡水區****,02-2*****,
66,劉仕傑,107年直轄市議員選舉,首次申報,1070812,個人捐贈收入,劉璐娜,N22*******,1200.00,0.00,,金錢,臺北市中正區****,0916*****,
67,劉仕傑,107年直轄市議員選舉,首次申報,1070826,個人捐贈收入,蘇哲弘,M12*******,1000.00,0.00,,金錢,新北市三重區****,0988*****,
68,劉仕傑,107年直轄市議員選舉,首次申報,1070829,匿名捐贈,匿名,,500.00,0.00,,金錢,,,
69,劉仕傑,107年直轄市議員選舉,首次申報,1070829,個人捐贈收入,蔡香威,M22*******,500.00,0.00,,金錢,南投縣埔里鎮****,0973*****,
70,劉仕傑,107年直轄市議員選舉,首次申報,1070830,個人捐贈收入,南光遠,J12*******,7500.00,0.00,,金錢,新竹縣竹北市****,0936*****,
71,劉仕傑,107年直轄市議員選舉,首次申報,1070903,個人捐贈收入,鍾明桓,F12*******,6000.00,0.00,,金錢,新北市中和區****,0912*****,
72,劉仕傑,107年直轄市議員選舉,首次申報,1070905,匿名捐贈,匿名,,10000.00,0.00,,金錢,,,
73,劉仕傑,107年直轄市議員選舉,首次申報,1070911,匿名捐贈,匿名,,5000.00,0.00,,金錢,,,
74,劉仕傑,107年直轄市議員選舉,首次申報,1070912,個人捐贈收入,羅原廷,J12*******,500.00,0.00,,金錢,新竹縣湖口鄉****,0972*****,
75,劉仕傑,107年直轄市議員選舉,首次申報,1070912,個人捐贈收入,黃妃鈴,U22*******,1000.00,0.00,,金錢,花蓮縣新城鄉****,0937*****,
76,劉仕傑,107年直轄市議員選舉,首次申報,1070916,個人捐贈收入,徐月雲,F20*******,20000.00,0.00,,金錢,基隆市暖暖區****,0932*****,
77,劉仕傑,107年直轄市議員選舉,首次申報,1070919,個人捐贈收入,陳彥筑,Q22*******,10000.00,0.00,,金錢,臺北市北投區****,0933*****,
78,劉仕傑,107年直轄市議員選舉,首次申報,1070921,個人捐贈收入,盧瑞堯,R10*******,500.00,0.00,,金錢,高雄市苓雅區****,0922*****,
79,劉仕傑,107年直轄市議員選舉,首次申報,1071001,個人捐贈收入,林明達,N12*******,10000.00,0.00,,金錢,台北市內湖區****,0928*****,
80,劉仕傑,107年直轄市議員選舉,首次申報,1071001,個人捐贈收入,廖永源,T11*******,10000.00,0.00,,金錢,臺北市信義區****,0932*****,
81,劉仕傑,107年直轄市議員選舉,首次申報,1071008,個人捐贈收入,戎義俊,U10*******,3000.00,0.00,,金錢,臺北市北投區****,0912*****,
82,劉仕傑,107年直轄市議員選舉,首次申報,1071011,匿名捐贈,匿名,,5000.00,0.00,,金錢,,,
83,劉仕傑,107年直轄市議員選舉,首次申報,1071016,個人捐贈收入,楊盛安,A12*******,1200.00,0.00,,金錢,臺北市信義區****,,
84,劉仕傑,107年直轄市議員選舉,首次申報,1071016,個人捐贈收入,潘維庭,C12*******,3000.00,0.00,,金錢,基隆市中山區****,,
85,劉仕傑,107年直轄市議員選舉,首次申報,1071016,個人捐贈收入,陳明真,J10*******,10000.00,0.00,,金錢,新北市板橋區****,0936*****,
86,劉仕傑,107年直轄市議員選舉,首次申報,1071016,個人捐贈收入,楊鎮宇,O10*******,3000.00,0.00,,金錢,新竹市香山區****,,
87,劉仕傑,107年直轄市議員選舉,首次申報,1071016,個人捐贈收入,蔡孟哲,R12*******,3000.00,0.00,,金錢,新竹市建中路****,,
88,劉仕傑,107年直轄市議員選舉,首次申報,1071016,個人捐贈收入,葉虹靈,R22*******,6000.00,0.00,,金錢,新北市板橋區****,,
89,劉仕傑,107年直轄市議員選舉,首次申報,1071016,個人捐贈收入,林淑英,S20*******,10000.00,0.00,,金錢,臺北市文山區****,,
90,劉仕傑,107年直轄市議員選舉,首次申報,1071017,匿名捐贈,匿名,,5000.00,0.00,,金錢,,,
91,劉仕傑,107年直轄市議員選舉,首次申報,1071017,匿名捐贈,匿名,,10000.00,0.00,,金錢,,,
92,劉仕傑,107年直轄市議員選舉,首次申報,1071021,匿名捐贈,匿名,,3000.00,0.00,,金錢,,,
93,劉仕傑,107年直轄市議員選舉,首次申報,1071021,個人捐贈收入,戴才詠,,5000.00,0.00,,金錢,臺中市南屯區****,,
94,劉仕傑,107年直轄市議員選舉,首次申報,1071022,個人捐贈收入,曾威仁,S12*******,500.00,0.00,,金錢,高雄市梓官區****,0921*****,
95,劉仕傑,107年直轄市議員選舉,首次申報,1071023,個人捐贈收入,戎義俊,U10*******,4000.00,0.00,,金錢,臺北市北投區****,0912*****,
96,劉仕傑,107年直轄市議員選舉,首次申報,1071029,個人捐贈收入,葉采師,H22*******,500.00,0.00,,金錢,台北市士林區****,0939*****,
97,劉仕傑,107年直轄市議員選舉,首次申報,1071030,個人捐贈收入,彭立賢,T12*******,10000.00,0.00,,金錢,屏東縣潮州鎮****,0926*****,
98,劉仕傑,107年直轄市議員選舉,首次申報,1071101,匿名捐贈,匿名,,5000.00,0.00,,金錢,,,
99,劉仕傑,107年直轄市議員選舉,首次申報,1071103,個人捐贈收入,林維莉,F22*******,1124.00,0.00,,金錢,台南市北區北****,0938*****,
100,劉仕傑,107年直轄市議員選舉,首次申報,1071105,個人捐贈收入,祝麗白,F20*******,10000.00,0.00,,金錢,臺北市北投區****,0912*****,
101,劉仕傑,107年直轄市議員選舉,首次申報,1071106,個人捐贈收入,邱欣悅,F22*******,10000.00,0.00,,金錢,桃園市桃園區****,0972*****,
102,劉仕傑,107年直轄市議員選舉,首次申報,1071106,個人捐贈收入,吳明哲,R12*******,5000.00,0.00,,金錢,臺北市士林區****,0975*****,
103,劉仕傑,107年直轄市議員選舉,首次申報,1071111,匿名捐贈,匿名,,1000.00,0.00,,金錢,,,
104,劉仕傑,107年直轄市議員選舉,首次申報,1071111,個人捐贈收入,胡名孝,T12*******,10000.00,0.00,,金錢,臺北市文山區****,0937*****,
105,劉仕傑,107年直轄市議員選舉,首次申報,1071113,個人捐贈收入,張瑋庭,N12*******,3200.00,0.00,,金錢,新北市樹林區****,0910*****,
106,劉仕傑,107年直轄市議員選舉,首次申報,1071113,個人捐贈收入,戎義俊,U10*******,3000.00,0.00,,金錢,臺北市北投區****,0912*****,
107,劉仕傑,107年直轄市議員選舉,首次申報,1071114,營利事業捐贈收入,字造創意行銷有限公司,42862394,5000.00,0.00,,金錢,台北市北投區****,,
108,劉仕傑,107年直轄市議員選舉,首次申報,1071116,匿名捐贈,匿名,,2000.00,0.00,,金錢,,,
109,劉仕傑,107年直轄市議員選舉,首次申報,1071116,政黨捐贈收入,社會民主黨,政黨證字第269號,10000.00,0.00,,金錢,臺北市中正區****,(02)*****,
110,劉仕傑,107年直轄市議員選舉,首次申報,1071120,匿名捐贈,匿名,,5000.00,0.00,,金錢,,,
111,劉仕傑,107年直轄市議員選舉,首次申報,1071120,個人捐贈收入,張美煜,T20*******,3600.00,0.00,,金錢,新北市新店區****,0920*****,
112,劉仕傑,107年直轄市議員選舉,首次申報,1071120,個人捐贈收入,林允雄,Y10*******,4000.00,0.00,,金錢,臺北市北投區****,0932*****,
113,劉仕傑,107年直轄市議員選舉,首次申報,1071120,個人捐贈收入,徐馨生,Y20*******,1000.00,0.00,,金錢,臺北市士林區****,02-2*****,
114,劉仕傑,107年直轄市議員選舉,首次申報,1071123,個人捐贈收入,蘇仙宜,B22*******,10000.00,0.00,,金錢,台中市西區民****,0987*****,
115,劉仕傑,107年直轄市議員選舉,首次申報,1071221,其他收入,利息收入,,98.00,0.00,,金錢,,,
