﻿序號,擬參選人／政黨,選舉名稱,申報序號／年度,交易日期,收支科目,捐贈者／支出對象,身分證／統一編號,收入金額,支出金額,支出用途,金錢類,地址,聯絡電話,資料更正日期
1,陳玉珍,109年立法委員選舉,首次申報,1081122,宣傳支出,卡登實業股份有限公司,81152744,0.00,30000.00,製作競選物品支出（物品名稱-印刷品）,金錢,高雄市前鎮區****,07-8*****,
2,陳玉珍,109年立法委員選舉,首次申報,1081129,宣傳支出,臺灣銀行股份有限公司,03557311,0.00,30.00,製作競選物品支出（物品名稱-匯費）,金錢,臺北市中正區****,02-2*****,
3,陳玉珍,109年立法委員選舉,首次申報,1081129,雜支支出,佳軒西點麵包坊,20102011,0.00,16000.00,餐飲費用,金錢,金門縣金城鎮****,082-*****,
4,陳玉珍,109年立法委員選舉,首次申報,1081129,宣傳支出,卡登實業股份有限公司,81152744,0.00,280000.00,製作競選物品支出（物品名稱-印刷品）,金錢,高雄市前鎮區****,07-8*****,
5,陳玉珍,109年立法委員選舉,首次申報,1081203,宣傳支出,臺灣銀行股份有限公司,03557311,0.00,30.00,製作競選物品支出（物品名稱-匯費）,金錢,臺北市中正區****,02-2*****,
6,陳玉珍,109年立法委員選舉,首次申報,1081203,宣傳支出,卡登實業股份有限公司,81152744,0.00,150440.00,製作競選物品支出（物品名稱-印刷品）,金錢,高雄市前鎮區****,07-8*****,
7,陳玉珍,109年立法委員選舉,首次申報,1081203,宣傳支出,松和商行,81621211,0.00,9450.00,製作競選物品支出（物品名稱-國旗）,金錢,臺北市中正區****,02-2*****,
8,陳玉珍,109年立法委員選舉,首次申報,1081210,雜支支出,競選總部,W20*******,0.00,5900.00,餐飲費用,非金錢,金門縣金城鎮****,,
9,陳玉珍,109年立法委員選舉,首次申報,1081211,雜支支出,吉祥餐飲,77262065,0.00,2500.00,餐飲費用,金錢,金門縣金城鎮****,082-*****,
10,陳玉珍,109年立法委員選舉,首次申報,1081212,宣傳支出,印坊圖文社,72904955,0.00,14400.00,製作競選物品支出（物品名稱-邀請卡）,金錢,金門縣金城鎮****,082-*****,
11,陳玉珍,109年立法委員選舉,首次申報,1081212,宣傳支出,競選總部,W20*******,0.00,20000.00,製作競選物品支出（物品名稱-宣傳單）,非金錢,金門縣金城鎮****,,
12,陳玉珍,109年立法委員選舉,首次申報,1081213,宣傳支出,競選總部,W20*******,0.00,20000.00,製作競選物品支出（物品名稱-宣傳品）,非金錢,金門縣金城鎮****,,
13,陳玉珍,109年立法委員選舉,首次申報,1081215,租用競選辦事處支出,數技電腦通訊行,20105729,0.00,5000.00,文具用品費用-墨水匣,金錢,金門縣金城鎮****,082-*****,
14,陳玉珍,109年立法委員選舉,首次申報,1081220,宣傳支出,日新數位影像,20100105,0.00,5000.00,製作宣傳廣告支出,金錢,金門縣金城鎮****,082-*****,
15,陳玉珍,109年立法委員選舉,首次申報,1081220,雜支支出,競選總部,W20*******,0.00,5900.00,餐飲費用,非金錢,金門縣金城鎮****,,
16,陳玉珍,109年立法委員選舉,首次申報,1081221,雜支支出,百能文具行,20102429,0.00,4700.00,文具用品費用-膠膜、識別證套,金錢,金門縣金城鎮****,082-*****,
17,陳玉珍,109年立法委員選舉,首次申報,1081221,雜支支出,仙瑋商行,31626541,0.00,8000.00,餐飲費用,金錢,金門縣金湖鎮****,082-*****,
18,陳玉珍,109年立法委員選舉,首次申報,1081221,宣傳支出,金都廣告社,77300146,0.00,5500.00,製作競選物品支出（物品名稱-紅布條）,金錢,金門縣金城鎮****,082-*****,
19,陳玉珍,109年立法委員選舉,首次申報,1081222,宣傳支出,日新數位影像,20100105,0.00,14800.00,製作宣傳廣告支出,金錢,金門縣金城鎮****,082-*****,
20,陳玉珍,109年立法委員選舉,首次申報,1081226,雜支支出,松鶴居日式料理,99774961,0.00,5000.00,餐飲費用,金錢,金門縣金寧鄉****,082-*****,
21,陳玉珍,109年立法委員選舉,首次申報,1081227,宣傳支出,臺灣銀行股份有限公司,03557311,0.00,30.00,製作競選物品支出（物品名稱-匯費）,金錢,臺北市中正區****,02-2*****,
22,陳玉珍,109年立法委員選舉,首次申報,1081227,宣傳支出,臺灣銀行股份有限公司,03557311,0.00,30.00,製作競選物品支出（物品名稱-匯費）,金錢,臺北市中正區****,02-2*****,
23,陳玉珍,109年立法委員選舉,首次申報,1081227,宣傳支出,信宏工程行,26183503,0.00,245340.00,租用廣告看板或車體廣告支出-鷹架,金錢,金門縣金寧鄉****,082-*****,
24,陳玉珍,109年立法委員選舉,首次申報,1081227,雜支支出,一家餐廳,37853748,0.00,10200.00,餐飲費用-便餐,金錢,金門縣金城鎮****,082-*****,
25,陳玉珍,109年立法委員選舉,首次申報,1081227,宣傳支出,松和商行,81621211,0.00,52430.00,製作競選物品支出（物品名稱-手搖國旗）,金錢,臺北市中正區****,02-2*****,
26,陳玉珍,109年立法委員選舉,首次申報,1081227,宣傳支出,巨煬文具有限公司,89691864,0.00,125000.00,製作競選物品支出（物品名稱-筆）,金錢,桃園市八德區****,03-3*****,
27,陳玉珍,109年立法委員選舉,首次申報,1081227,人事費用支出,陳衍利,P22*******,0.00,10000.00,其他因工作酬勞之給付-..競選大會主持人支出,金錢,金門縣金寧鄉****,0980*****,
28,陳玉珍,109年立法委員選舉,首次申報,1081230,雜支支出,競選總部,W20*******,0.00,5900.00,餐飲費用,非金錢,金門縣金城鎮****,,
29,陳玉珍,109年立法委員選舉,首次申報,1081231,宣傳支出,臺灣銀行股份有限公司,03557311,0.00,30.00,製作競選物品支出（物品名稱-匯費）,金錢,臺北市中正區****,02-2*****,
30,陳玉珍,109年立法委員選舉,首次申報,1081231,宣傳支出,臺灣銀行股份有限公司,03557311,0.00,30.00,播送、傳送或刊登宣傳廣告支出-匯費,金錢,臺北市中正區****,02-2*****,
31,陳玉珍,109年立法委員選舉,首次申報,1081231,宣傳支出,康治企業有限公司,16444515,0.00,2500.00,製作競選物品支出（物品名稱-串旗）,金錢,金門縣金寧鄉****,082-*****,
32,陳玉珍,109年立法委員選舉,首次申報,1081231,宣傳支出,金玉堂禮品行,26182954,0.00,18000.00,製作競選物品支出（物品名稱-印刷品）,金錢,金門縣金城鎮****,082-*****,
33,陳玉珍,109年立法委員選舉,首次申報,1081231,宣傳支出,金門時報社,72918901,0.00,100000.00,播送、傳送或刊登宣傳廣告支出,金錢,金門縣金湖鎮****,082-*****,
34,陳玉珍,109年立法委員選舉,首次申報,1081231,宣傳支出,巨煬文具有限公司,89691864,0.00,4029.00,製作競選物品支出（物品名稱-筆的運費）,金錢,桃園市八德區****,03-3*****,
35,陳玉珍,109年立法委員選舉,首次申報,1090101,宣傳支出,競選總部,W20*******,0.00,53750.00,製作競選物品支出（物品名稱-筆）,非金錢,金門縣金城鎮****,,
36,陳玉珍,109年立法委員選舉,首次申報,1090102,宣傳支出,藝文,10607913,0.00,16977.00,製作競選物品支出（物品名稱-通知書）,金錢,金門縣金城鎮****,082-*****,
37,陳玉珍,109年立法委員選舉,首次申報,1090103,雜支支出,聯泰,77266267,0.00,5200.00,餐飲費用,金錢,金門縣金寧鄉****,082-*****,
38,陳玉珍,109年立法委員選舉,首次申報,1090105,宣傳支出,金門日報社,77295002,0.00,7500.00,播送、傳送或刊登宣傳廣告支出-夾報,金錢,金門縣金湖鎮****,0910*****,
39,陳玉珍,109年立法委員選舉,首次申報,1090106,雜支支出,金瑞成貢糖廠八達樓分店,92973965,0.00,49500.00,餐飲費用,金錢,金門縣烈嶼鄉****,082-*****,
40,陳玉珍,109年立法委員選舉,首次申報,1090107,宣傳支出,金門日報社,77295002,0.00,7500.00,播送、傳送或刊登宣傳廣告支出-夾報,金錢,金門縣金湖鎮****,0910*****,
41,陳玉珍,109年立法委員選舉,首次申報,1090108,宣傳支出,金門日報社,77295002,0.00,7500.00,播送、傳送或刊登宣傳廣告支出-夾報,金錢,金門縣金湖鎮****,0910*****,
42,陳玉珍,109年立法委員選舉,首次申報,1090109,雜支支出,臺灣銀行股份有限公司,03557311,0.00,30.00,餐飲費用-礦泉水匯費,金錢,臺北市中正區****,02-2*****,
43,陳玉珍,109年立法委員選舉,首次申報,1090109,宣傳支出,臺灣銀行股份有限公司,03557311,0.00,30.00,製作競選物品支出（物品名稱-濕紙巾匯費）,金錢,臺北市中正區****,02-2*****,
44,陳玉珍,109年立法委員選舉,首次申報,1090109,宣傳支出,臺灣銀行股份有限公司,03557311,0.00,30.00,製作宣傳廣告支出,金錢,臺北市中正區****,02-2*****,
45,陳玉珍,109年立法委員選舉,首次申報,1090109,宣傳支出,臺灣銀行股份有限公司,03557311,0.00,30.00,製作宣傳廣告支出-匯費,金錢,臺北市中正區****,02-2*****,
46,陳玉珍,109年立法委員選舉,首次申報,1090109,宣傳支出,綠光影音整合行銷有限公司,69321956,0.00,120000.00,製作宣傳廣告支出,金錢,新北市板橋區****,0928*****,
47,陳玉珍,109年立法委員選舉,首次申報,1090109,宣傳支出,金門日報社,77295002,0.00,7500.00,播送、傳送或刊登宣傳廣告支出-夾報,金錢,金門縣金湖鎮****,0910*****,
48,陳玉珍,109年立法委員選舉,首次申報,1090109,宣傳支出,杰思股份有限公司,80351007,0.00,353203.00,製作競選物品支出（物品名稱-濕紙巾）,金錢,金門縣金湖鎮****,082-*****,
49,陳玉珍,109年立法委員選舉,首次申報,1090109,雜支支出,埔里龍山泉實業股份有限公司,86760042,0.00,155232.00,餐飲費用-礦泉水,金錢,南投縣埔里鎮****,049-*****,
50,陳玉珍,109年立法委員選舉,首次申報,1090109,宣傳支出,世界窗廣告,87951884,0.00,81000.00,製作宣傳廣告支出,金錢,金門縣金寧鄉****,082-*****,
51,陳玉珍,109年立法委員選舉,首次申報,1090110,宣傳支出,競選總部,W20*******,0.00,15000.00,製作宣傳廣告支出,非金錢,金門縣金城鎮****,,
52,陳玉珍,109年立法委員選舉,首次申報,1090114,集會支出,臺灣銀行股份有限公司,03557311,0.00,30.00,租用設備支出,金錢,臺北市中正區****,02-2*****,
53,陳玉珍,109年立法委員選舉,首次申報,1090114,集會支出,臺灣銀行股份有限公司,03557311,0.00,30.00,集會保證金-匯費,金錢,臺北市中正區****,02-2*****,
54,陳玉珍,109年立法委員選舉,首次申報,1090114,宣傳支出,臺灣銀行股份有限公司,03557311,0.00,30.00,播送、傳送或刊登宣傳廣告支出-匯費,金錢,臺北市中正區****,02-2*****,
55,陳玉珍,109年立法委員選舉,首次申報,1090114,集會支出,臺灣銀行股份有限公司,03557311,0.00,30.00,租用設備支出-匯費,金錢,臺北市中正區****,02-2*****,
56,陳玉珍,109年立法委員選舉,首次申報,1090114,集會支出,新安東京海上產物保險股份有限公司,16834703,0.00,3484.00,集會保證金,金錢,臺北市中山區****,02-8*****,
57,陳玉珍,109年立法委員選舉,首次申報,1090114,集會支出,松暉窗簾帆布材料行,39998663,0.00,23500.00,租用設備支出,金錢,金門縣金城鎮****,082-*****,
58,陳玉珍,109年立法委員選舉,首次申報,1090114,宣傳支出,金門日報社,77295002,0.00,156000.00,播送、傳送或刊登宣傳廣告支出,金錢,金門縣金湖鎮****,082-*****,
59,陳玉珍,109年立法委員選舉,首次申報,1090114,雜支支出,紅龍小吃店,77298057,0.00,46400.00,餐飲費用,金錢,金門縣金湖鎮****,082-*****,
60,陳玉珍,109年立法委員選舉,首次申報,1090114,集會支出,泰華帆布裝璜行,77298465,0.00,130000.00,租用設備支出,金錢,金門縣金湖鎮****,082-*****,
61,陳玉珍,109年立法委員選舉,首次申報,1090114,宣傳支出,卡登實業股份有限公司,81152744,0.00,299800.00,製作宣傳廣告支出,金錢,高雄市前鎮區****,07-8*****,
62,陳玉珍,109年立法委員選舉,首次申報,1090116,宣傳支出,臺灣銀行股份有限公司,03557311,0.00,30.00,製作宣傳廣告支出-匯費,金錢,臺北市中正區****,02-2*****,
63,陳玉珍,109年立法委員選舉,首次申報,1090116,宣傳支出,禾瑾設計,41156441,0.00,36250.00,製作宣傳廣告支出,金錢,金門縣金湖鎮****,082-*****,
64,陳玉珍,109年立法委員選舉,首次申報,1090117,宣傳支出,臺灣銀行股份有限公司,03557311,0.00,30.00,製作競選物品支出（物品名稱-衛生紙匯費）,金錢,臺北市中正區****,02-2*****,
65,陳玉珍,109年立法委員選舉,首次申報,1090117,宣傳支出,杰思股份有限公司,80351007,0.00,366000.00,製作競選物品支出（物品名稱-衛生紙）,金錢,金門縣金湖鎮****,082-*****,
66,陳玉珍,109年立法委員選舉,首次申報,1090117,宣傳支出,卡登實業股份有限公司,81152744,0.00,81210.00,製作競選物品支出（物品名稱-文宣印刷品）,金錢,高雄市前鎮區****,07-8*****,
67,陳玉珍,109年立法委員選舉,首次申報,1090120,宣傳支出,臺灣銀行股份有限公司,03557311,0.00,30.00,製作競選物品支出（物品名稱-文宣印刷品匯費）,金錢,臺北市中正區****,02-2*****,
68,陳玉珍,109年立法委員選舉,首次申報,1090120,宣傳支出,卡登實業股份有限公司,81152744,0.00,200000.00,製作競選物品支出（物品名稱-文宣印刷品）,金錢,高雄市前鎮區****,07-8*****,
