﻿序號,擬參選人／政黨,選舉名稱,申報序號／年度,交易日期,收支科目,捐贈者／支出對象,身分證／統一編號,收入金額,支出金額,捐贈方式,存入專戶日期,返還/繳庫,支出用途,金錢類,地址,聯絡電話,應揭露之支出對象,支出對象之內部人員姓名,支出對象之內部人員職稱,政黨之內部人員姓名,政黨之內部人員職稱,關係,更正註記,資料更正日期
1,李柏坊,111年桃園市議員選舉,首次申報,1110819,交通旅運支出,台灣中油,02712130,0.00,875.00,,,,油資,金錢,,,否,,,,,,,
2,李柏坊,111年桃園市議員選舉,首次申報,1110821,交通旅運支出,台灣中油,44413747,0.00,751.00,,,,油資,金錢,,,否,,,,,,,
3,李柏坊,111年桃園市議員選舉,首次申報,1110821,交通旅運支出,台灣中油,44413747,0.00,1194.00,,,,油資,金錢,,,否,,,,,,,
4,李柏坊,111年桃園市議員選舉,首次申報,1110822,集會支出,福滿堂飲食店,49655862,0.00,38250.00,,,,炒米粉+湯,金錢,桃園市大溪區****,03-3*****,否,,,,,,,
5,李柏坊,111年桃園市議員選舉,首次申報,1110824,交通旅運支出,八德福林加油站,99257832,0.00,500.00,,,,油資,金錢,,,否,,,,,,,
6,李柏坊,111年桃園市議員選舉,首次申報,1110825,交通旅運支出,台灣中油,44413747,0.00,838.00,,,,油資,金錢,,,否,,,,,,,
7,李柏坊,111年桃園市議員選舉,首次申報,1110827,交通旅運支出,台灣中油,43032214,0.00,952.00,,,,油資,金錢,桃園市大溪區****,,否,,,,,,,
8,李柏坊,111年桃園市議員選舉,首次申報,1110829,宣傳支出,十才設計企業社,34938548,0.00,199240.00,,,,筆記本。包裝紙.面紙等印刷品,金錢,桃園市大溪區****,03-3*****,否,,,,,,,
9,李柏坊,111年桃園市議員選舉,首次申報,1110830,交通旅運支出,台灣中油,98249357,0.00,953.00,,,,油資,金錢,,,否,,,,,,,
10,李柏坊,111年桃園市議員選舉,首次申報,1110831,交通旅運支出,台灣中油,43696541,0.00,1455.00,,,,油資,金錢,,,否,,,,,,,
11,李柏坊,111年桃園市議員選舉,首次申報,1110902,交通旅運支出,台灣中油,43032214,0.00,880.00,,,,油資,金錢,桃園市大溪區****,,否,,,,,,,
12,李柏坊,111年桃園市議員選舉,首次申報,1110905,交通旅運支出,台灣中油,43032214,0.00,987.00,,,,油資,金錢,桃園市大溪區****,,否,,,,,,,
13,李柏坊,111年桃園市議員選舉,首次申報,1110909,交通旅運支出,台灣中油,43032214,0.00,997.00,,,,油資,金錢,桃園市大溪區****,,否,,,,,,,
14,李柏坊,111年桃園市議員選舉,首次申報,1110912,交通旅運支出,台灣中油,43032214,0.00,1366.00,,,,油資,金錢,桃園市大溪區****,,否,,,,,,,
15,李柏坊,111年桃園市議員選舉,首次申報,1110912,雜支支出,台灣中油,43032214,0.00,853.00,,,,油資,金錢,桃園市大溪區****,,否,,,,,,,
16,李柏坊,111年桃園市議員選舉,首次申報,1110915,宣傳支出,十才設計企業社,34938548,0.00,199186.00,,,,卡片.包裝紙等印刷品,金錢,桃園市大溪區****,03-3*****,否,,,,,,,
17,李柏坊,111年桃園市議員選舉,首次申報,1110916,交通旅運支出,台灣中油,43032214,0.00,1002.00,,,,油資,金錢,桃園市大溪區****,,否,,,,,,,
18,李柏坊,111年桃園市議員選舉,首次申報,1110917,雜支支出,台灣中油,44413747,0.00,500.00,,,,油資,金錢,,,否,,,,,,,
19,李柏坊,111年桃園市議員選舉,首次申報,1110918,交通旅運支出,台灣中油,43032214,0.00,951.00,,,,油資,金錢,桃園市大溪區****,,否,,,,,,,
20,李柏坊,111年桃園市議員選舉,首次申報,1110918,雜支支出,乙象堂印舖鎖匙店,78539224,0.00,110.00,,,,橡皮章,金錢,,,否,,,,,,,
21,李柏坊,111年桃園市議員選舉,首次申報,1110922,雜支支出,德安堂藥 局,,0.00,275.00,,,,醫藥盒等,金錢,桃園市大溪區****,EZ80*****,否,,,,,,,
22,李柏坊,111年桃園市議員選舉,首次申報,1110923,交通旅運支出,台灣中油,43032214,0.00,958.00,,,,油資,金錢,桃園市大溪區****,,否,,,,,,,
23,李柏坊,111年桃園市議員選舉,首次申報,1110924,交通旅運支出,台灣中油,43032214,0.00,27.00,,,,油資,金錢,桃園市大溪區****,,否,,,,,,,
24,李柏坊,111年桃園市議員選舉,首次申報,1110926,交通旅運支出,台灣中油,43032214,0.00,1379.00,,,,油資,金錢,桃園市大溪區****,,否,,,,,,,
25,李柏坊,111年桃園市議員選舉,首次申報,1110926,交通旅運支出,台灣中油,43032214,0.00,930.00,,,,油資,金錢,桃園市大溪區****,,否,,,,,,,
26,李柏坊,111年桃園市議員選舉,首次申報,1110927,宣傳支出,俏麗之家有限公司,54224273,0.00,99750.00,,,,超細纖維布,金錢,臺中市烏日區****,04-2*****,否,,,,,,,
27,李柏坊,111年桃園市議員選舉,首次申報,1110927,交通旅運支出,山隆加油站,82276743,0.00,500.00,,,,油資,金錢,,,否,,,,,,,
28,李柏坊,111年桃園市議員選舉,首次申報,1110928,雜支支出,乙象堂印舖鎖匙店,78539224,0.00,385.00,,,,橡皮章,金錢,,,否,,,,,,,
29,李柏坊,111年桃園市議員選舉,首次申報,1110928,交通旅運支出,台灣中油,98249357,0.00,966.00,,,,油資,金錢,,,否,,,,,,,
30,李柏坊,111年桃園市議員選舉,首次申報,1110929,雜支支出,上上書局,02708781,0.00,994.00,,,,禮簿.USB等,金錢,,,否,,,,,,,
31,李柏坊,111年桃園市議員選舉,首次申報,1110929,雜支支出,玉丞豐金香行,19963217,0.00,1500.00,,,,金炮,金錢,,,否,,,,,,,
32,李柏坊,111年桃園市議員選舉,首次申報,1110929,交通旅運支出,台灣中油,43032214,0.00,1268.00,,,,油資,金錢,桃園市大溪區****,,否,,,,,,,
33,李柏坊,111年桃園市議員選舉,首次申報,1110929,集會支出,福滿堂飲食店,49655862,0.00,13000.00,,,,炒米粉,金錢,桃園市大溪區****,03-3*****,否,,,,,,,
34,李柏坊,111年桃園市議員選舉,首次申報,1110930,雜支支出,二畝園麵館,,0.00,760.00,,,,便餐費,金錢,,03-3*****,否,,,,,,,
35,李柏坊,111年桃園市議員選舉,首次申報,1110930,宣傳支出,守護家健康生活有限公司,83748952,0.00,70000.00,,,,TB香水衣物香氛袋,金錢,桃園市平鎮區****,,否,,,,,,,
36,李柏坊,111年桃園市議員選舉,首次申報,1111001,交通旅運支出,台灣中油,44413747,0.00,920.00,,,,油資,金錢,,,否,,,,,,,
37,李柏坊,111年桃園市議員選舉,首次申報,1111004,雜支支出,中華電信,02904806,0.00,500.00,,,,電信費用,金錢,,,否,,,,,,,
38,李柏坊,111年桃園市議員選舉,首次申報,1111004,雜支支出,中華電信,02904806,0.00,500.00,,,,電信費用,金錢,,,否,,,,,,,
39,李柏坊,111年桃園市議員選舉,首次申報,1111004,雜支支出,中華電信,02904806,0.00,500.00,,,,電信費用,金錢,,,否,,,,,,,
40,李柏坊,111年桃園市議員選舉,首次申報,1111004,雜支支出,中華電信,02904806,0.00,500.00,,,,電信費用,金錢,,,否,,,,,,,
41,李柏坊,111年桃園市議員選舉,首次申報,1111005,交通旅運支出,台灣中油,43032214,0.00,1162.00,,,,油資,金錢,桃園市大溪區****,,否,,,,,,,
42,李柏坊,111年桃園市議員選舉,首次申報,1111006,宣傳支出,十才設計企業社,34938548,0.00,196360.00,,,,印刷品,金錢,桃園市大溪區****,03-3*****,否,,,,,,,
43,李柏坊,111年桃園市議員選舉,首次申報,1111009,雜支支出,二畝園麵館,,0.00,200.00,,,,便餐費,金錢,,03-3*****,否,,,,,,,
44,李柏坊,111年桃園市議員選舉,首次申報,1111009,交通旅運支出,台灣中油,44413747,0.00,1156.00,,,,油資,金錢,,,否,,,,,,,
45,李柏坊,111年桃園市議員選舉,首次申報,1111011,交通旅運支出,台灣中油,43047309,0.00,995.00,,,,油資,金錢,,,否,,,,,,,
46,李柏坊,111年桃園市議員選舉,首次申報,1111013,交通旅運支出,台灣中油,65060037,0.00,897.00,,,,油資,金錢,,,否,,,,,,,
47,李柏坊,111年桃園市議員選舉,首次申報,1111015,交通旅運支出,台灣中油,43032214,0.00,972.00,,,,油資,金錢,桃園市大溪區****,,否,,,,,,,
48,李柏坊,111年桃園市議員選舉,首次申報,1111016,雜支支出,上上書局,02708781,0.00,570.00,,,,標籤,金錢,,,否,,,,,,,
49,李柏坊,111年桃園市議員選舉,首次申報,1111016,雜支支出,上上書局,02708781,0.00,1070.00,,,,簽字筆.題名簿等,金錢,,,否,,,,,,,
50,李柏坊,111年桃園市議員選舉,首次申報,1111017,雜支支出,龍達飲用水,02714778,0.00,6850.00,,,,開飲機(租)純水.桶,金錢,,,否,,,,,,,
51,李柏坊,111年桃園市議員選舉,首次申報,1111017,雜支支出,舜仁佛具金香舖,17492922,0.00,1100.00,,,,香品,金錢,,,否,,,,,,,
52,李柏坊,111年桃園市議員選舉,首次申報,1111017,交通旅運支出,台灣中油,43032214,0.00,868.00,,,,油資,金錢,桃園市大溪區****,,否,,,,,,,
53,李柏坊,111年桃園市議員選舉,首次申報,1111018,雜支支出,舜仁佛具金香舖,17492922,0.00,400.00,,,,檀香粉.爐灰,金錢,,,否,,,,,,,
54,李柏坊,111年桃園市議員選舉,首次申報,1111018,租用競選辦事處支出,國暉水電衛生材料行,19952611,0.00,1940.00,,,,水電材料,金錢,,,否,,,,,,,
55,李柏坊,111年桃園市議員選舉,首次申報,1111018,雜支支出,久鴻企業社,87589821,0.00,800.00,,,,輕便雨衣,金錢,,,否,,,,,,,
56,李柏坊,111年桃園市議員選舉,首次申報,1111019,交通旅運支出,全國加油站,09831152,0.00,471.00,,,,油資,金錢,,,否,,,,,,,
57,李柏坊,111年桃園市議員選舉,首次申報,1111019,雜支支出,舜仁佛具金香舖,17492922,0.00,850.00,,,,金紙,金錢,,,否,,,,,,,
58,李柏坊,111年桃園市議員選舉,首次申報,1111019,雜支支出,鴻鎰五金行,30245220,0.00,3815.00,,,,交通椎。旋轉拖把等,金錢,,,否,,,,,,,
59,李柏坊,111年桃園市議員選舉,首次申報,1111019,雜支支出,鴻鎰五金行,30245220,0.00,4650.00,,,,喇叭鎖.合成木條等,金錢,,,否,,,,,,,
60,李柏坊,111年桃園市議員選舉,首次申報,1111019,雜支支出,柏銘機械五金行,36499734,0.00,440.00,,,,椅子.矽利康,金錢,,,否,,,,,,,
61,李柏坊,111年桃園市議員選舉,首次申報,1111019,交通旅運支出,台灣中油,43696541,0.00,1230.00,,,,油資,金錢,,,否,,,,,,,
62,李柏坊,111年桃園市議員選舉,首次申報,1111019,交通旅運支出,山隆加油站,66950950,0.00,2096.00,,,,油資,金錢,,,否,,,,,,,
63,李柏坊,111年桃園市議員選舉,首次申報,1111019,雜支支出,萬利來商行,98137445,0.00,105.00,,,,五金百貨,金錢,,,否,,,,,,,
64,李柏坊,111年桃園市議員選舉,首次申報,1111020,雜支支出,上上書局,02708781,0.00,160.00,,,,標籤,金錢,,,否,,,,,,,
65,李柏坊,111年桃園市議員選舉,首次申報,1111020,雜支支出,郵局,84070009,0.00,5724.00,,,,郵資,金錢,,0800*****,否,,,,,,,
66,李柏坊,111年桃園市議員選舉,首次申報,1111020,雜支支出,金鼎香舖,94951002,0.00,500.00,,,,火柱香.環香,金錢,,,否,,,,,,,
67,李柏坊,111年桃園市議員選舉,首次申報,1111020,雜支支出,萬利來商行,98137445,0.00,90.00,,,,五金百貨,金錢,,,否,,,,,,,
68,李柏坊,111年桃園市議員選舉,首次申報,1111021,雜支支出,上上書局,02708781,0.00,249.00,,,,尺.膠台等,金錢,,,否,,,,,,,
69,李柏坊,111年桃園市議員選舉,首次申報,1111021,雜支支出,上上書局,02708781,0.00,2000.00,,,,真好袋,金錢,,,否,,,,,,,
70,李柏坊,111年桃園市議員選舉,首次申報,1111021,雜支支出,上上書局,02708781,0.00,480.00,,,,金點大紅紙,金錢,,,否,,,,,,,
71,李柏坊,111年桃園市議員選舉,首次申報,1111021,雜支支出,上上書局,02708781,0.00,283.00,,,,嘜克筆等,金錢,,,否,,,,,,,
72,李柏坊,111年桃園市議員選舉,首次申報,1111021,雜支支出,上上書局,02708781,0.00,105.00,,,,珍珠板,金錢,,,否,,,,,,,
73,李柏坊,111年桃園市議員選舉,首次申報,1111021,雜支支出,上上書局,02708781,0.00,90.00,,,,筆記本,金錢,,,否,,,,,,,
74,李柏坊,111年桃園市議員選舉,首次申報,1111021,雜支支出,上上書局,02708781,0.00,135.00,,,,透明夾,金錢,,,否,,,,,,,
75,李柏坊,111年桃園市議員選舉,首次申報,1111021,雜支支出,上上書局,02708781,0.00,1166.00,,,,禮簿.電池等,金錢,,,否,,,,,,,
76,李柏坊,111年桃園市議員選舉,首次申報,1111021,雜支支出,上上書局,02708781,0.00,750.00,,,,圓點標籤,金錢,,,否,,,,,,,
77,李柏坊,111年桃園市議員選舉,首次申報,1111021,交通旅運支出,台灣中油,43032214,0.00,921.00,,,,油資,金錢,桃園市大溪區****,,否,,,,,,,
78,李柏坊,111年桃園市議員選舉,首次申報,1111021,雜支支出,萬利來商行,98137445,0.00,45.00,,,,五金百貨,金錢,,,否,,,,,,,
79,李柏坊,111年桃園市議員選舉,首次申報,1111021,雜支支出,萬利來商行,98137445,0.00,30.00,,,,五金百貨,金錢,,,否,,,,,,,
80,李柏坊,111年桃園市議員選舉,首次申報,1111022,交通旅運支出,士香加油站,23559077,0.00,130.00,,,,油資,金錢,,,否,,,,,,,
81,李柏坊,111年桃園市議員選舉,首次申報,1111022,雜支支出,萬利來商行,98137445,0.00,145.00,,,,奇異筆.油漆刷,金錢,,,否,,,,,,,
82,李柏坊,111年桃園市議員選舉,首次申報,1111022,人事費用支出,秦嗣勤,H12*******,0.00,5940.00,,,,臨時人力薪資,金錢,桃園市大溪區****,,否,,,,,,,
83,李柏坊,111年桃園市議員選舉,首次申報,1111022,人事費用支出,秦嗣勵,H12*******,0.00,38640.00,,,,臨時人力薪資,金錢,桃園市大溪區****,0925*****,否,,,,,,,
84,李柏坊,111年桃園市議員選舉,首次申報,1111022,人事費用支出,秦劉明珠,H20*******,0.00,16920.00,,,,臨時人力薪資,金錢,桃園市大溪區****,,否,,,,,,,
85,李柏坊,111年桃園市議員選舉,首次申報,1111022,人事費用支出,古淑由,H22*******,0.00,360.00,,,,臨時人力薪資,金錢,桃園市大溪區****,,否,,,,,,,
86,李柏坊,111年桃園市議員選舉,首次申報,1111022,人事費用支出,劉饒月娥,P20*******,0.00,360.00,,,,臨時人力薪資,金錢,桃園市大溪區****,,否,,,,,,,
87,李柏坊,111年桃園市議員選舉,首次申報,1111023,雜支支出,宏記飲食店,08682422,0.00,1020.00,,,,便當,金錢,,,否,,,,,,,
88,李柏坊,111年桃園市議員選舉,首次申報,1111023,交通旅運支出,台灣中油,43032214,0.00,876.00,,,,油資,金錢,桃園市大溪區****,,否,,,,,,,
89,李柏坊,111年桃園市議員選舉,首次申報,1111023,雜支支出,太豐電機行,43642335,0.00,420.00,,,,燈管,金錢,,,否,,,,,,,
90,李柏坊,111年桃園市議員選舉,首次申報,1111023,租用競選辦事處支出,翊樂企業有限公司,54783901,0.00,3983.00,,,,樂士噴漆.線鋸片,金錢,,,否,,,,,,,
91,李柏坊,111年桃園市議員選舉,首次申報,1111023,雜支支出,埔頂麵飯小館,87594388,0.00,1045.00,,,,肉絲蛋炒飯,金錢,,,否,,,,,,,
92,李柏坊,111年桃園市議員選舉,首次申報,1111023,雜支支出,萬利來商行,98137445,0.00,75.00,,,,膠帶,金錢,,,否,,,,,,,
93,李柏坊,111年桃園市議員選舉,首次申報,1111024,雜支支出,上上書局,02708781,0.00,276.00,,,,雙面膠.膠帶等,金錢,,,否,,,,,,,
94,李柏坊,111年桃園市議員選舉,首次申報,1111024,交通旅運支出,健安加油站,16077433,0.00,101.00,,,,油資,金錢,,,否,,,,,,,
95,李柏坊,111年桃園市議員選舉,首次申報,1111024,集會支出,福益外燴飲食店,42217023,0.00,5000.00,,,,炒米粉+肉焿湯,金錢,桃園市大溪區****,03-3*****,否,,,,,,,
96,李柏坊,111年桃園市議員選舉,首次申報,1111024,集會支出,福益外燴飲食店,42217023,0.00,4800.00,,,,餐點,金錢,桃園市大溪區****,03-3*****,否,,,,,,,
97,李柏坊,111年桃園市議員選舉,首次申報,1111024,雜支支出,美美油漆行,44407294,0.00,1060.00,,,,油漆,金錢,,,否,,,,,,,
98,李柏坊,111年桃園市議員選舉,首次申報,1111024,雜支支出,乙象堂印舖鎖匙店,78539224,0.00,680.00,,,,橡皮章,金錢,,,否,,,,,,,
99,李柏坊,111年桃園市議員選舉,首次申報,1111024,雜支支出,千燈匯企業社,91631717,0.00,9300.00,,,,W投光燈白,金錢,,,否,,,,,,,
100,李柏坊,111年桃園市議員選舉,首次申報,1111024,交通旅運支出,全鋒大溪站,91635729,0.00,135.00,,,,油資,金錢,,,否,,,,,,,
101,李柏坊,111年桃園市議員選舉,首次申報,1111024,雜支支出,萬利來商行,98137445,0.00,255.00,,,,五金百貨,金錢,,,否,,,,,,,
102,李柏坊,111年桃園市議員選舉,首次申報,1111024,雜支支出,萬利來商行,98137445,0.00,95.00,,,,五金百貨,金錢,,,否,,,,,,,
103,李柏坊,111年桃園市議員選舉,首次申報,1111024,人事費用支出,張鳳英,H22*******,0.00,6120.00,,,,臨時人力薪資,金錢,桃園市大溪區****,03-3*****,否,,,,,,,
104,李柏坊,111年桃園市議員選舉,首次申報,1111025,雜支支出,上上書局,02708781,0.00,120.00,,,,壁報紙,金錢,,,否,,,,,,,
105,李柏坊,111年桃園市議員選舉,首次申報,1111025,雜支支出,上上書局,02708781,0.00,530.00,,,,油性筆.電池,金錢,,,否,,,,,,,
106,李柏坊,111年桃園市議員選舉,首次申報,1111025,雜支支出,燦坤3C,27257550,0.00,576.00,,,,隨身碟,金錢,,,否,,,,,,,
107,李柏坊,111年桃園市議員選舉,首次申報,1111025,集會支出,福益外燴飲食店,42217023,0.00,4700.00,,,,炒米粉+肉焿湯,金錢,桃園市大溪區****,03-3*****,否,,,,,,,
108,李柏坊,111年桃園市議員選舉,首次申報,1111025,集會支出,大昌小吃店,82049419,0.00,6570.00,,,,便當,金錢,桃園市大溪區****,03-3*****,否,,,,,,,
109,李柏坊,111年桃園市議員選舉,首次申報,1111025,雜支支出,舜仁佛具金香舖,E20*******,0.00,350.00,,,,斤酥斗,金錢,桃園市大溪區****,,否,,,,,,,
110,李柏坊,111年桃園市議員選舉,首次申報,1111025,人事費用支出,李素勉,F20*******,0.00,3400.00,,,,臨時人力薪資,金錢,桃園市大溪區****,0935*****,否,,,,,,,
111,李柏坊,111年桃園市議員選舉,首次申報,1111025,人事費用支出,彭林秀卿,F20*******,0.00,4210.00,,,,臨時人力薪資,金錢,桃園市大溪區****,03-3*****,否,,,,,,,
112,李柏坊,111年桃園市議員選舉,首次申報,1111025,人事費用支出,藍立程,H12*******,0.00,4500.00,,,,司機,金錢,桃園市大溪區****,0979*****,否,,,,,,,
113,李柏坊,111年桃園市議員選舉,首次申報,1111025,人事費用支出,洪田秀娥,J20*******,0.00,3960.00,,,,臨時人力薪資,金錢,桃園市大溪區****,0970*****,否,,,,,,,
114,李柏坊,111年桃園市議員選舉,首次申報,1111025,人事費用支出,黃麗滿,M22*******,0.00,7650.00,,,,臨時人力薪資,金錢,桃園市大溪區****,0963*****,否,,,,,,,
115,李柏坊,111年桃園市議員選舉,首次申報,1111026,雜支支出,明台產物保險股份有限公司,,0.00,1576.00,,,,團體保險-傷害保險,金錢,,0800*****,否,,,,,,,
116,李柏坊,111年桃園市議員選舉,首次申報,1111026,雜支支出,明台產物保險股份有限公司,,0.00,1576.00,,,,團體保險-傷害保險,金錢,,0800*****,否,,,,,,,
117,李柏坊,111年桃園市議員選舉,首次申報,1111026,雜支支出,上上書局,02708781,0.00,13.00,,,,信封,金錢,,,否,,,,,,,
118,李柏坊,111年桃園市議員選舉,首次申報,1111026,雜支支出,上上書局,02708781,0.00,2955.00,,,,塑楞板.膠帶等,金錢,,,否,,,,,,,
119,李柏坊,111年桃園市議員選舉,首次申報,1111026,集會支出,福益外燴飲食店,42217023,0.00,4900.00,,,,餐點,金錢,桃園市大溪區****,03-3*****,否,,,,,,,
120,李柏坊,111年桃園市議員選舉,首次申報,1111026,人事費用支出,詹錦盛,A12*******,0.00,6000.00,,,,義交-河西（交通指揮),金錢,桃園市大溪區****,0910*****,否,,,,,,,
121,李柏坊,111年桃園市議員選舉,首次申報,1111026,人事費用支出,馮陳春美,A20*******,0.00,1350.00,,,,臨時人力薪資,金錢,桃園市大溪區****,0911*****,否,,,,,,,
122,李柏坊,111年桃園市議員選舉,首次申報,1111026,人事費用支出,楊婷綺,E22*******,0.00,3510.00,,,,臨時人力薪資,金錢,桃園市大溪區****,0903*****,否,,,,,,,
123,李柏坊,111年桃園市議員選舉,首次申報,1111026,人事費用支出,廖玉雲,G22*******,0.00,1350.00,,,,臨時人力薪資,金錢,桃園市大溪區****,0931*****,否,,,,,,,
124,李柏坊,111年桃園市議員選舉,首次申報,1111026,人事費用支出,陳秀玉,H22*******,0.00,13230.00,,,,臨時人力薪資,金錢,桃園市大溪區****,0930*****,否,,,,,,,
125,李柏坊,111年桃園市議員選舉,首次申報,1111026,人事費用支出,胡文堂,J12*******,0.00,19360.00,,,,臨時人力薪資,金錢,桃園市大溪區****,0955*****,否,,,,,,,
126,李柏坊,111年桃園市議員選舉,首次申報,1111026,人事費用支出,甘曼華,J22*******,0.00,4590.00,,,,臨時人力薪資,金錢,桃園市大溪區****,0939*****,否,,,,,,,
127,李柏坊,111年桃園市議員選舉,首次申報,1111026,人事費用支出,洪秋蓉,K20*******,0.00,4680.00,,,,臨時人力薪資,金錢,桃園市大溪區****,0953*****,否,,,,,,,
128,李柏坊,111年桃園市議員選舉,首次申報,1111026,人事費用支出,張櫻珠,S22*******,0.00,5130.00,,,,臨時人力薪資,金錢,桃園市大溪區****,0982*****,否,,,,,,,
129,李柏坊,111年桃園市議員選舉,首次申報,1111026,人事費用支出,洪廉清,X10*******,0.00,630.00,,,,臨時人力薪資,金錢,桃園市大溪區****,0953*****,否,,,,,,,
130,李柏坊,111年桃園市議員選舉,首次申報,1111027,宣傳支出,文邦企業社,17993616,0.00,20000.00,,,,揚聲器,金錢,,,否,,,,,,,
131,李柏坊,111年桃園市議員選舉,首次申報,1111027,雜支支出,大綜飲食店,19699420,0.00,760.00,,,,便當,金錢,,,否,,,,,,,
132,李柏坊,111年桃園市議員選舉,首次申報,1111027,雜支支出,大綜飲食店,19699420,0.00,450.00,,,,招牌便當,金錢,,,否,,,,,,,
133,李柏坊,111年桃園市議員選舉,首次申報,1111027,雜支支出,柏銘機械五金行,36499734,0.00,1000.00,,,,燈組.五金,金錢,,,否,,,,,,,
134,李柏坊,111年桃園市議員選舉,首次申報,1111027,集會支出,福益外燴飲食店,42217023,0.00,4800.00,,,,餐點,金錢,桃園市大溪區****,03-3*****,否,,,,,,,
135,李柏坊,111年桃園市議員選舉,首次申報,1111027,集會支出,福益外燴飲食店,42217023,0.00,4600.00,,,,炒米粉+肉焿湯,金錢,桃園市大溪區****,03-3*****,否,,,,,,,
136,李柏坊,111年桃園市議員選舉,首次申報,1111027,交通旅運支出,台灣中油,43032214,0.00,897.00,,,,油資,金錢,桃園市大溪區****,,否,,,,,,,
137,李柏坊,111年桃園市議員選舉,首次申報,1111027,交通旅運支出,台灣中油,44413747,0.00,650.00,,,,油資,金錢,,,否,,,,,,,
138,李柏坊,111年桃園市議員選舉,首次申報,1111027,返還捐贈支出,家郡建設有限公司,54934345,0.00,100000.00,,,,返還,金錢,桃園市大溪區****,,否,,,,,,,
139,李柏坊,111年桃園市議員選舉,首次申報,1111027,集會支出,大昌小吃店,82049419,0.00,4850.00,,,,便當,金錢,桃園市大溪區****,03-3*****,否,,,,,,,
140,李柏坊,111年桃園市議員選舉,首次申報,1111027,雜支支出,萬利來商行,98137445,0.00,100.00,,,,奇異筆,金錢,,,否,,,,,,,
141,李柏坊,111年桃園市議員選舉,首次申報,1111027,雜支支出,萬利來商行,98137445,0.00,45.00,,,,五金百貨,金錢,,,否,,,,,,,
142,李柏坊,111年桃園市議員選舉,首次申報,1111027,雜支支出,萬利來商行,98137445,0.00,150.00,,,,五金百貨,金錢,,,否,,,,,,,
143,李柏坊,111年桃園市議員選舉,首次申報,1111027,人事費用支出,簡金富,H10*******,0.00,1530.00,,,,臨時人力薪資,金錢,桃園市大溪區****,0925*****,否,,,,,,,
144,李柏坊,111年桃園市議員選舉,首次申報,1111027,人事費用支出,曾繁昇,H12*******,0.00,32850.00,,,,臨時人力薪資,金錢,桃園市大溪區****,0932*****,否,,,,,,,
145,李柏坊,111年桃園市議員選舉,首次申報,1111027,人事費用支出,蔡秀珍,H22*******,0.00,3520.00,,,,臨時人力薪資,金錢,桃園市大溪區****,0919*****,否,,,,,,,
146,李柏坊,111年桃園市議員選舉,首次申報,1111027,人事費用支出,卓金枝,R20*******,0.00,3520.00,,,,臨時人力薪資,金錢,桃園市大溪區****,0952*****,否,,,,,,,
147,李柏坊,111年桃園市議員選舉,首次申報,1111028,宣傳支出,自油時報.聯合報.中國時報大溪辦事處,,0.00,1000.00,,,,夾報,金錢,,03-3*****,否,,,,,,,
148,李柏坊,111年桃園市議員選舉,首次申報,1111028,雜支支出,文軒書局,,0.00,66.00,,,,文具,金錢,桃園市大溪區****,EX48*****,否,,,,,,,
149,李柏坊,111年桃園市議員選舉,首次申報,1111028,宣傳支出,聯合報股份有限公司,,0.00,1000.00,,,,夾報,金錢,,03-3*****,否,,,,,,,
150,李柏坊,111年桃園市議員選舉,首次申報,1111028,交通旅運支出,尚美加油站,01826873,0.00,100.00,,,,油資,金錢,,,否,,,,,,,
151,李柏坊,111年桃園市議員選舉,首次申報,1111028,宣傳支出,建昇通訊企業社,09773759,0.00,10000.00,,,,介壽路號.復興路號,金錢,,,否,,,,,,,
152,李柏坊,111年桃園市議員選舉,首次申報,1111028,雜支支出,舜仁佛具金香舖,17492922,0.00,100.00,,,,H大香,金錢,,,否,,,,,,,
153,李柏坊,111年桃園市議員選舉,首次申報,1111028,雜支支出,上雅飲食店,30118553,0.00,360.00,,,,便當,金錢,,,否,,,,,,,
154,李柏坊,111年桃園市議員選舉,首次申報,1111028,集會支出,鴻鎰五金行,30245220,0.00,680.00,,,,噴壼。酒精等,金錢,,,否,,,,,,,
155,李柏坊,111年桃園市議員選舉,首次申報,1111028,雜支支出,柏銘機械五金行,36499734,0.00,900.00,,,,塑膠竹椅把.木柄畚斗,金錢,,,否,,,,,,,
156,李柏坊,111年桃園市議員選舉,首次申報,1111028,集會支出,福益外燴飲食店,42217023,0.00,4700.00,,,,餐點,金錢,桃園市大溪區****,03-3*****,否,,,,,,,
157,李柏坊,111年桃園市議員選舉,首次申報,1111028,宣傳支出,大洋國際電子材料有限公司,80584033,0.00,6400.00,,,,廣播器材,金錢,,,否,,,,,,,
158,李柏坊,111年桃園市議員選舉,首次申報,1111028,集會支出,晨瑋興業有限公司,84070009,0.00,6300.00,,,,流動廁所清潔維護,金錢,,03-4*****,否,,,,,,,
159,李柏坊,111年桃園市議員選舉,首次申報,1111028,集會支出,晨瑋興業有限公司,84070009,0.00,6300.00,,,,流動廁所清潔維護,金錢,,,否,,,,,,,
160,李柏坊,111年桃園市議員選舉,首次申報,1111028,雜支支出,三友餐飲企業社,87395727,0.00,1360.00,,,,黃金幸福粽,金錢,,,否,,,,,,,
161,李柏坊,111年桃園市議員選舉,首次申報,1111028,集會支出,久鴻企業社,87589821,0.00,4300.00,,,,輕便雨衣.黑垃圾袋,金錢,,,否,,,,,,,
162,李柏坊,111年桃園市議員選舉,首次申報,1111028,雜支支出,萬利來商行,98137445,0.00,45.00,,,,紅包袋,金錢,,,否,,,,,,,
163,李柏坊,111年桃園市議員選舉,首次申報,1111028,雜支支出,萬利來商行,98137445,0.00,138.00,,,,五金百貨,金錢,,,否,,,,,,,
164,李柏坊,111年桃園市議員選舉,首次申報,1111028,雜支支出,萬利來商行,98137445,0.00,50.00,,,,五金百貨,金錢,,,否,,,,,,,
165,李柏坊,111年桃園市議員選舉,首次申報,1111028,雜支支出,一食代自助餐店,98989079,0.00,400.00,,,,便當,金錢,,,否,,,,,,,
166,李柏坊,111年桃園市議員選舉,首次申報,1111028,雜支支出,大綜飲食店,E20*******,0.00,760.00,,,,便當,金錢,桃園市大溪區****,,否,,,,,,,
167,李柏坊,111年桃園市議員選舉,首次申報,1111028,雜支支出,大綜飲食店,E20*******,0.00,950.00,,,,便當,金錢,桃園市大溪區****,,否,,,,,,,
168,李柏坊,111年桃園市議員選舉,首次申報,1111028,雜支支出,詹三龍,H12*******,0.00,10000.00,,,,監視系統主機.硬碟等,金錢,,0932*****,否,,,,,,,
169,李柏坊,111年桃園市議員選舉,首次申報,1111028,人事費用支出,廖興祥,H12*******,0.00,29010.00,,,,臨時人力薪資,金錢,桃園市龍潭區****,0989*****,否,,,,,,,
170,李柏坊,111年桃園市議員選舉,首次申報,1111028,人事費用支出,謝添寶,P12*******,0.00,28000.00,,,,臨時人力薪資,金錢,桃園市大溪區****,0937*****,否,,,,,,,
171,李柏坊,111年桃園市議員選舉,首次申報,1111028,人事費用支出,鐘雪真,S20*******,0.00,2520.00,,,,臨時人力薪資,金錢,桃園市大溪區****,0932*****,否,,,,,,,
172,李柏坊,111年桃園市議員選舉,首次申報,1111029,集會支出,詠發商行,01731124,0.00,12000.00,,,,塑膠椅,金錢,桃園市大溪區****,,否,,,,,,,
173,李柏坊,111年桃園市議員選舉,首次申報,1111029,集會支出,詠發商行,01731124,0.00,8000.00,,,,塑膠椅張,金錢,桃園市大溪區****,,否,,,,,,,
174,李柏坊,111年桃園市議員選舉,首次申報,1111029,雜支支出,佑采聯社,16861525,0.00,64.00,,,,耐熱袋,金錢,,,否,,,,,,,
175,李柏坊,111年桃園市議員選舉,首次申報,1111029,雜支支出,大綜飲食店,19699420,0.00,600.00,,,,雞腿便當,金錢,,,否,,,,,,,
176,李柏坊,111年桃園市議員選舉,首次申報,1111029,交通旅運支出,士香加油站,23559077,0.00,100.00,,,,油資,金錢,,,否,,,,,,,
177,李柏坊,111年桃園市議員選舉,首次申報,1111029,雜支支出,麥香港式燒臘,29256114,0.00,550.00,,,,便當,金錢,,,否,,,,,,,
178,李柏坊,111年桃園市議員選舉,首次申報,1111029,雜支支出,上雅飲食店,30118553,0.00,180.00,,,,便當,金錢,,,否,,,,,,,
179,李柏坊,111年桃園市議員選舉,首次申報,1111029,集會支出,玄勝龍獅團,30168883,0.00,98000.00,,,,舞獅表演,金錢,桃園市大溪區****,,否,,,,,,,
180,李柏坊,111年桃園市議員選舉,首次申報,1111029,集會支出,鴻鎰五金行,30245220,0.00,70.00,,,,警示帶,金錢,,,否,,,,,,,
181,李柏坊,111年桃園市議員選舉,首次申報,1111029,集會支出,福益外燴飲食店,42217023,0.00,4700.00,,,,炒米粉+肉焿湯,金錢,桃園市大溪區****,03-3*****,否,,,,,,,
182,李柏坊,111年桃園市議員選舉,首次申報,1111029,集會支出,福益外燴飲食店,42217023,0.00,4800.00,,,,炒米粉+肉焿湯,金錢,桃園市大溪區****,03-3*****,否,,,,,,,
183,李柏坊,111年桃園市議員選舉,首次申報,1111029,交通旅運支出,台灣中油,44413747,0.00,710.00,,,,油資,金錢,,,否,,,,,,,
184,李柏坊,111年桃園市議員選舉,首次申報,1111029,雜支支出,明台產物保險股份有限公司,47300252,0.00,2334.00,,,,公共意外責任保險,金錢,新竹市東區北****,,否,,,,,,,
185,李柏坊,111年桃園市議員選舉,首次申報,1111029,集會支出,福滿堂飲食店,49655862,0.00,115000.00,,,,炒米粉.肉粳湯.場租,金錢,桃園市大溪區****,03-3*****,否,,,,,,,
186,李柏坊,111年桃園市議員選舉,首次申報,1111029,集會支出,僑愛遊覽股份有限公司,49731995,0.00,31500.00,,,,租車費,金錢,桃園市八德區****,03-3*****,否,,,,,,,
187,李柏坊,111年桃園市議員選舉,首次申報,1111029,宣傳支出,宏興帆布鐵架行,67722815,0.00,52500.00,,,,高圓棚架帆布.歐帳（河東),金錢,桃園市大溪區****,,否,,,,,,,
188,李柏坊,111年桃園市議員選舉,首次申報,1111029,宣傳支出,宏興帆布鐵架行,67722815,0.00,52000.00,,,,高圓棚架帆布。歐帳(河西),金錢,桃園市大溪區****,,否,,,,,,,
189,李柏坊,111年桃園市議員選舉,首次申報,1111029,交通旅運支出,泉好加油站,80045789,0.00,100.00,,,,油資,金錢,,,否,,,,,,,
190,李柏坊,111年桃園市議員選舉,首次申報,1111029,雜支支出,上雅飲食店,87395727,0.00,910.00,,,,便當,金錢,,,否,,,,,,,
191,李柏坊,111年桃園市議員選舉,首次申報,1111029,集會支出,震溪龍獅團,87409709,0.00,2000.00,,,,藝陣演出,金錢,桃園市大溪區****,,否,,,,,,,
192,李柏坊,111年桃園市議員選舉,首次申報,1111029,集會支出,震溪龍獅團,87409709,0.00,8000.00,,,,河東戰鼓演出,金錢,桃園市大溪區****,,否,,,,,,,
193,李柏坊,111年桃園市議員選舉,首次申報,1111029,集會支出,震溪龍獅團,87409709,0.00,8000.00,,,,河東祥獅演出,金錢,桃園市大溪區****,,否,,,,,,,
194,李柏坊,111年桃園市議員選舉,首次申報,1111029,集會支出,震溪龍獅團,87409709,0.00,8000.00,,,,河西祥獅演出,金錢,桃園市大溪區****,,否,,,,,,,
195,李柏坊,111年桃園市議員選舉,首次申報,1111029,集會支出,震溪龍獅團,87409709,0.00,8000.00,,,,河西戰鼓演出,金錢,桃園市大溪區****,,否,,,,,,,
196,李柏坊,111年桃園市議員選舉,首次申報,1111029,宣傳支出,法樂八企業社,87424188,0.00,16000.00,,,,充氣拱門（河東.河西）,金錢,,,否,,,,,,,
197,李柏坊,111年桃園市議員選舉,首次申報,1111029,宣傳支出,呂百理,F12*******,0.00,6000.00,,,,樂友國際團表演,金錢,桃園市大溪區****,0935*****,否,,,,,,,
198,李柏坊,111年桃園市議員選舉,首次申報,1111029,集會支出,呂百理,F12*******,0.00,6000.00,,,,成立表演-樂友國樂團,金錢,桃園市大溪區****,0935*****,否,,,,,,,
199,李柏坊,111年桃園市議員選舉,首次申報,1111029,人事費用支出,王吟晨,F22*******,0.00,10000.00,,,,主持費二場~河東.河西,金錢,桃園市中壢區****,0989*****,否,,,,,,,
200,李柏坊,111年桃園市議員選舉,首次申報,1111029,人事費用支出,劉宜玫,F22*******,0.00,1530.00,,,,臨時人力薪資,金錢,桃園市大溪區****,0965*****,否,,,,,,,
201,李柏坊,111年桃園市議員選舉,首次申報,1111029,人事費用支出,朱子明,H12*******,0.00,7200.00,,,,主持費二場~河東.河西,金錢,桃園市大溪區****,0912*****,否,,,,,,,
202,李柏坊,111年桃園市議員選舉,首次申報,1111029,集會支出,江衍雄,H12*******,0.00,8000.00,,,,月眉花鼓隊,金錢,,0933*****,否,,,,,,,
203,李柏坊,111年桃園市議員選舉,首次申報,1111029,人事費用支出,蔡仁雄,H12*******,0.00,8000.00,,,,僑愛社區巡守隊-交通指揮,金錢,桃園市大溪區****,0936*****,否,,,,,,,
204,李柏坊,111年桃園市議員選舉,首次申報,1111029,集會支出,邱齡葳,H22*******,0.00,6000.00,,,,仁善樂活舞蹈班-成立表演,金錢,,0965*****,否,,,,,,,
205,李柏坊,111年桃園市議員選舉,首次申報,1111029,集會支出,古佳樺,H22*******,0.00,6000.00,,,,琳達恋舞坊-成立表演,金錢,,0912*****,否,,,,,,,
206,李柏坊,111年桃園市議員選舉,首次申報,1111029,集會支出,段如儀,H22*******,0.00,6000.00,,,,成之表演-彩虹太鼓團,金錢,,0928*****,否,,,,,,,
207,李柏坊,111年桃園市議員選舉,首次申報,1111029,集會支出,張    詩,J12*******,0.00,8000.00,,,,雅麗音樂工室-成立表演,金錢,,0912*****,否,,,,,,,
208,李柏坊,111年桃園市議員選舉,首次申報,1111029,集會支出,大溪健康快樂隊-陳碧琴,S20*******,0.00,6000.00,,,,大溪健康快樂隊-成立表演,金錢,,0910*****,否,,,,,,,
209,李柏坊,111年桃園市議員選舉,首次申報,1111029,公共關係費用支出,李玉錢,T20*******,0.00,6000.00,,,,崎頂社區發展協會-樂活舞動班,金錢,桃園市八德區****,0937*****,否,,,,,,,
210,李柏坊,111年桃園市議員選舉,首次申報,1111030,雜支支出,冠龍小吃店,,0.00,750.00,,,,牛肉麵,金錢,,03-3*****,否,,,,,,,
211,李柏坊,111年桃園市議員選舉,首次申報,1111030,雜支支出,宏記飲食店,08682422,0.00,1040.00,,,,便當,金錢,,,否,,,,,,,
212,李柏坊,111年桃園市議員選舉,首次申報,1111030,交通旅運支出,士香加油站,23559077,0.00,500.00,,,,油資,金錢,,,否,,,,,,,
213,李柏坊,111年桃園市議員選舉,首次申報,1111030,雜支支出,麥香港式燒臘,29256114,0.00,315.00,,,,便當,金錢,,,否,,,,,,,
214,李柏坊,111年桃園市議員選舉,首次申報,1111030,雜支支出,麥香港式燒臘,29256114,0.00,190.00,,,,便當,金錢,,,否,,,,,,,
215,李柏坊,111年桃園市議員選舉,首次申報,1111030,雜支支出,興融飲食店,29314825,0.00,180.00,,,,便當,金錢,,,否,,,,,,,
216,李柏坊,111年桃園市議員選舉,首次申報,1111030,雜支支出,興融飲食店,29314825,0.00,180.00,,,,便當,金錢,,,否,,,,,,,
217,李柏坊,111年桃園市議員選舉,首次申報,1111030,雜支支出,興融飲食店,29314825,0.00,900.00,,,,便 當,金錢,,,否,,,,,,,
218,李柏坊,111年桃園市議員選舉,首次申報,1111030,交通旅運支出,台灣中油,43032214,0.00,745.00,,,,油資,金錢,桃園市大溪區****,,否,,,,,,,
219,李柏坊,111年桃園市議員選舉,首次申報,1111030,雜支支出,明台產物保險股份有限公司,47300252,0.00,2334.00,,,,公共意外責任保險,金錢,新竹市東區北****,,否,,,,,,,
220,李柏坊,111年桃園市議員選舉,首次申報,1111030,雜支支出,明台產物保險股份有限公司,47300252,0.00,2334.00,,,,公共意外責任保險,金錢,新竹市東區北****,,否,,,,,,,
221,李柏坊,111年桃園市議員選舉,首次申報,1111030,雜支支出,明台產物保險股份有限公司,47300252,0.00,2334.00,,,,公共意外責任保險,金錢,新竹市東區北****,,否,,,,,,,
222,李柏坊,111年桃園市議員選舉,首次申報,1111031,雜支支出,大綜飲食店,19699420,0.00,475.00,,,,便當,金錢,,,否,,,,,,,
223,李柏坊,111年桃園市議員選舉,首次申報,1111031,雜支支出,麥香港式燒臘,29256114,0.00,405.00,,,,便當,金錢,,,否,,,,,,,
224,李柏坊,111年桃園市議員選舉,首次申報,1111031,雜支支出,興融飲食店,29314825,0.00,1175.00,,,,便 當,金錢,,,否,,,,,,,
225,李柏坊,111年桃園市議員選舉,首次申報,1111101,雜支支出,上上書局,02708781,0.00,75.00,,,,美工刀.迴紋針,金錢,,,否,,,,,,,
226,李柏坊,111年桃園市議員選舉,首次申報,1111101,雜支支出,大綜飲食店,19699420,0.00,500.00,,,,便當,金錢,,,否,,,,,,,
227,李柏坊,111年桃園市議員選舉,首次申報,1111101,集會支出,國暉水電衛生材料行,19952611,0.00,300.00,,,,水電材料,金錢,,,否,,,,,,,
228,李柏坊,111年桃園市議員選舉,首次申報,1111101,集會支出,柏銘機械五金行,19952611,0.00,320.00,,,,竹子.膠布,金錢,,,否,,,,,,,
229,李柏坊,111年桃園市議員選舉,首次申報,1111101,雜支支出,家樂福,28990587,0.00,115.00,,,,抽取式衛生紙,金錢,,,否,,,,,,,
230,李柏坊,111年桃園市議員選舉,首次申報,1111101,雜支支出,麥香港式燒臘,29256114,0.00,500.00,,,,便當,金錢,,,否,,,,,,,
231,李柏坊,111年桃園市議員選舉,首次申報,1111101,雜支支出,麥香港式燒臘,29256114,0.00,835.00,,,,便當,金錢,,,否,,,,,,,
232,李柏坊,111年桃園市議員選舉,首次申報,1111101,集會支出,大昌小吃店,82049419,0.00,5990.00,,,,便當,金錢,桃園市大溪區****,03-3*****,否,,,,,,,
233,李柏坊,111年桃園市議員選舉,首次申報,1111102,雜支支出,上上書局,02708781,0.00,1386.00,,,,釘書機.題名簿等,金錢,,,否,,,,,,,
234,李柏坊,111年桃園市議員選舉,首次申報,1111102,雜支支出,大綜飲店,19699420,0.00,380.00,,,,便當,金錢,,,否,,,,,,,
235,李柏坊,111年桃園市議員選舉,首次申報,1111102,雜支支出,上雅飲食店,30118553,0.00,640.00,,,,便 當,金錢,,,否,,,,,,,
236,李柏坊,111年桃園市議員選舉,首次申報,1111102,交通旅運支出,台灣中油,44413747,0.00,1270.00,,,,油資,金錢,,,否,,,,,,,
237,李柏坊,111年桃園市議員選舉,首次申報,1111103,返還捐贈支出,侯俊仲,,0.00,30000.00,,,,返還,金錢,臺北市松山區****,,否,,,,,,,
238,李柏坊,111年桃園市議員選舉,首次申報,1111103,集會支出,大溪區農會一德倉儲區,,0.00,14400.00,,,,白麵,金錢,,03-3*****,否,,,,,,,
239,李柏坊,111年桃園市議員選舉,首次申報,1111103,雜支支出,大綜飲食店,19699420,0.00,300.00,,,,便當,金錢,,,否,,,,,,,
240,李柏坊,111年桃園市議員選舉,首次申報,1111103,雜支支出,大綜飲食店,19699420,0.00,475.00,,,,便當,金錢,,,否,,,,,,,
241,李柏坊,111年桃園市議員選舉,首次申報,1111103,交通旅運支出,士香加油站,23559077,0.00,1050.00,,,,油資,金錢,,,否,,,,,,,
242,李柏坊,111年桃園市議員選舉,首次申報,1111103,交通旅運支出,士香加油站,23559077,0.00,180.00,,,,油資,金錢,,,否,,,,,,,
243,李柏坊,111年桃園市議員選舉,首次申報,1111103,雜支支出,秋水台越小吃,72744249,0.00,500.00,,,,便當,金錢,,,否,,,,,,,
244,李柏坊,111年桃園市議員選舉,首次申報,1111103,雜支支出,埔頂麵飯小館,87594388,0.00,1320.00,,,,牛肉燴飯等,金錢,,,否,,,,,,,
245,李柏坊,111年桃園市議員選舉,首次申報,1111103,雜支支出,萬利來商行,98137445,0.00,225.00,,,,橡皮圈,金錢,,,否,,,,,,,
246,李柏坊,111年桃園市議員選舉,首次申報,1111104,雜支支出,上上書局,02708781,0.00,188.00,,,,護貝膜,金錢,,,否,,,,,,,
247,李柏坊,111年桃園市議員選舉,首次申報,1111104,雜支支出,麥香港式燒臘,29256114,0.00,740.00,,,,便當,金錢,,,否,,,,,,,
248,李柏坊,111年桃園市議員選舉,首次申報,1111104,集會支出,上雅飲食店,30118553,0.00,920.00,,,,便當,金錢,,,否,,,,,,,
249,李柏坊,111年桃園市議員選舉,首次申報,1111104,集會支出,兩津魯肉飯,41234657,0.00,770.00,,,,便當,金錢,,,否,,,,,,,
250,李柏坊,111年桃園市議員選舉,首次申報,1111104,集會支出,人間美味魯肉飯,41447011,0.00,75.00,,,,便當,金錢,,,否,,,,,,,
251,李柏坊,111年桃園市議員選舉,首次申報,1111105,雜支支出,文軒書局,,0.00,272.00,,,,文具,金錢,桃園市大溪區****,GZ48*****,否,,,,,,,
252,李柏坊,111年桃園市議員選舉,首次申報,1111105,雜支支出,麥香港式燒臘,29256114,0.00,1050.00,,,,便當,金錢,,,否,,,,,,,
253,李柏坊,111年桃園市議員選舉,首次申報,1111105,集會支出,上雅飲食店,30118558,0.00,1530.00,,,,便當,金錢,,,否,,,,,,,
254,李柏坊,111年桃園市議員選舉,首次申報,1111105,集會支出,兩津魯肉飯,41234657,0.00,120.00,,,,便當,金錢,,,否,,,,,,,
255,李柏坊,111年桃園市議員選舉,首次申報,1111105,交通旅運支出,台灣中油,43032214,0.00,1360.00,,,,油資,金錢,桃園市大溪區****,,否,,,,,,,
256,李柏坊,111年桃園市議員選舉,首次申報,1111106,雜支支出,冠龍小吃店,,0.00,974.00,,,,招牌鍋貼等,金錢,,03-3*****,否,,,,,,,
257,李柏坊,111年桃園市議員選舉,首次申報,1111106,雜支支出,冠龍小吃店,,0.00,132.00,,,,韭菜鍋貼等,金錢,,03-3*****,否,,,,,,,
258,李柏坊,111年桃園市議員選舉,首次申報,1111106,雜支支出,現炒黃牛肉,29256114,0.00,500.00,,,,便當,金錢,桃園市大溪區****,03-3*****,否,,,,,,,
259,李柏坊,111年桃園市議員選舉,首次申報,1111106,交通旅運支出,台灣中油,43032214,0.00,1062.00,,,,油資,金錢,桃園市大溪區****,,否,,,,,,,
260,李柏坊,111年桃園市議員選舉,首次申報,1111106,雜支支出,生活百貨有限公司,54923213,0.00,100.00,,,,紙杯,金錢,,,否,,,,,,,
261,李柏坊,111年桃園市議員選舉,首次申報,1111106,雜支支出,秋水台越小吃,72744249,0.00,500.00,,,,便當,金錢,,,否,,,,,,,
262,李柏坊,111年桃園市議員選舉,首次申報,1111106,集會支出,埔頂麵飯小館,87594388,0.00,950.00,,,,肉絲蛋炒飯,金錢,,,否,,,,,,,
263,李柏坊,111年桃園市議員選舉,首次申報,1111107,雜支支出,郵局,,0.00,1016.00,,,,郵資,金錢,,0800*****,否,,,,,,,
264,李柏坊,111年桃園市議員選舉,首次申報,1111107,雜支支出,上上書局,02708781,0.00,2319.00,,,,電池.美工刀等,金錢,,,否,,,,,,,
265,李柏坊,111年桃園市議員選舉,首次申報,1111107,雜支支出,麥香港式燒臘,29256114,0.00,1260.00,,,,便當,金錢,,,否,,,,,,,
266,李柏坊,111年桃園市議員選舉,首次申報,1111107,集會支出,興融飲食店,29314825,0.00,1260.00,,,,便當,金錢,,,否,,,,,,,
267,李柏坊,111年桃園市議員選舉,首次申報,1111107,雜支支出,鴻鎰五金行,30245220,0.00,140.00,,,,橡皮筋.膠帶,金錢,,,否,,,,,,,
268,李柏坊,111年桃園市議員選舉,首次申報,1111107,集會支出,福益外燴飲食店,42217023,0.00,4900.00,,,,餐點,金錢,桃園市大溪區****,03-3*****,否,,,,,,,
269,李柏坊,111年桃園市議員選舉,首次申報,1111107,交通旅運支出,台灣中油,43032214,0.00,910.00,,,,油資,金錢,桃園市大溪區****,,否,,,,,,,
270,李柏坊,111年桃園市議員選舉,首次申報,1111107,返還捐贈支出,建漢實業股份有限公司,43630350,0.00,10000.00,,,,返還,金錢,桃園市大溪區****,,否,,,,,,,
271,李柏坊,111年桃園市議員選舉,首次申報,1111107,集會支出,廣穎味糕餅舖,44408907,0.00,190.00,,,,麵包,金錢,,,否,,,,,,,
272,李柏坊,111年桃園市議員選舉,首次申報,1111107,集會支出,廣穎味糕餅舖,44408907,0.00,490.00,,,,麵包,金錢,,,否,,,,,,,
273,李柏坊,111年桃園市議員選舉,首次申報,1111107,返還捐贈支出,旺泰股份有限公司,50919743,0.00,200000.00,,,,返還,金錢,桃園市平鎮區****,,否,,,,,,,
274,李柏坊,111年桃園市議員選舉,首次申報,1111107,集會支出,丸山咖啡,82034387,0.00,15000.00,,,,餐費,金錢,,03-3*****,否,,,,,,,
275,李柏坊,111年桃園市議員選舉,首次申報,1111107,雜支支出,萬利來商行,98137445,0.00,40.00,,,,五金工具,金錢,,,否,,,,,,,
276,李柏坊,111年桃園市議員選舉,首次申報,1111107,集會支出,黃明田,H12*******,0.00,80000.00,,,,河西-餐食費,金錢,桃園市大溪區****,03-3*****,否,,,,,,,
277,李柏坊,111年桃園市議員選舉,首次申報,1111107,人事費用支出,陳怡如,H22*******,0.00,1080.00,,,,發文宣,金錢,桃園市大溪區****,0928*****,否,,,,,,,
278,李柏坊,111年桃園市議員選舉,首次申報,1111108,雜支支出,郵局,,0.00,112.00,,,,郵資,金錢,,0800*****,否,,,,,,,
279,李柏坊,111年桃園市議員選舉,首次申報,1111108,集會支出,桃園市市庫,,0.00,150.00,,,,場地設施使用費規費,金錢,,03-3*****,否,,,,,,,
280,李柏坊,111年桃園市議員選舉,首次申報,1111108,集會支出,桃園市市庫,,0.00,150.00,,,,場地設施使用費規費,金錢,,3882*****,否,,,,,,,
281,李柏坊,111年桃園市議員選舉,首次申報,1111108,集會支出,桃園市市庫,,0.00,90.00,,,,場地設施使用費規費,金錢,,3882*****,否,,,,,,,
282,李柏坊,111年桃園市議員選舉,首次申報,1111108,集會支出,桃園市市庫,,0.00,90.00,,,,場地設施使用費規費,金錢,,3882*****,否,,,,,,,
283,李柏坊,111年桃園市議員選舉,首次申報,1111108,雜支支出,大綜飲食店,19699420,0.00,770.00,,,,便當,金錢,,,否,,,,,,,
284,李柏坊,111年桃園市議員選舉,首次申報,1111108,集會支出,福益外燴飲食店,42217023,0.00,4500.00,,,,炒米粉+肉焿湯,金錢,桃園市大溪區****,03-3*****,否,,,,,,,
285,李柏坊,111年桃園市議員選舉,首次申報,1111108,交通旅運支出,台灣中油,43032214,0.00,700.00,,,,油資,金錢,桃園市大溪區****,,否,,,,,,,
286,李柏坊,111年桃園市議員選舉,首次申報,1111108,集會支出,大昌小吃店,82049419,0.00,6570.00,,,,便當,金錢,桃園市大溪區****,03-3*****,否,,,,,,,
287,李柏坊,111年桃園市議員選舉,首次申報,1111108,雜支支出,萬利來商行,98137445,0.00,175.00,,,,掛勾.強力膠,金錢,,,否,,,,,,,
288,李柏坊,111年桃園市議員選舉,首次申報,1111108,集會支出,簡玉完,H20*******,0.00,172170.00,,,,河東問政說明會餐點便當,金錢,桃園市大溪區****,03-3*****,否,,,,,,,
289,李柏坊,111年桃園市議員選舉,首次申報,1111109,宣傳支出,自油時報.聯合報.中國時報大溪辦事處,,0.00,1000.00,,,,夾報,金錢,,03-3*****,否,,,,,,,
290,李柏坊,111年桃園市議員選舉,首次申報,1111109,交通旅運支出,尚美加油站,01826873,0.00,111.00,,,,油資,金錢,,,否,,,,,,,
291,李柏坊,111年桃園市議員選舉,首次申報,1111109,雜支支出,大綜飲食店,19699420,0.00,1180.00,,,,便當,金錢,,,否,,,,,,,
292,李柏坊,111年桃園市議員選舉,首次申報,1111109,交通旅運支出,士香加油站,23559077,0.00,210.00,,,,油資,金錢,,,否,,,,,,,
293,李柏坊,111年桃園市議員選舉,首次申報,1111109,交通旅運支出,士香加油站,23559077,0.00,26.00,,,,油資,金錢,,,否,,,,,,,
294,李柏坊,111年桃園市議員選舉,首次申報,1111109,集會支出,興融飲食店,29314825,0.00,145.00,,,,便當,金錢,,,否,,,,,,,
295,李柏坊,111年桃園市議員選舉,首次申報,1111109,集會支出,里長伯小吃店,30386776,0.00,1200.00,,,,便當,金錢,,,否,,,,,,,
296,李柏坊,111年桃園市議員選舉,首次申報,1111109,集會支出,福益外燴飲食店,42217023,0.00,5000.00,,,,餐點,金錢,桃園市大溪區****,03-3*****,否,,,,,,,
297,李柏坊,111年桃園市議員選舉,首次申報,1111109,交通旅運支出,台灣中油,43032214,0.00,1246.00,,,,油資,金錢,桃園市大溪區****,,否,,,,,,,
298,李柏坊,111年桃園市議員選舉,首次申報,1111109,交通旅運支出,台灣中油,43032220,0.00,72.00,,,,油資,金錢,,,否,,,,,,,
299,李柏坊,111年桃園市議員選舉,首次申報,1111109,返還捐贈支出,順匯實業有限公司,54941009,0.00,100000.00,,,,返還,金錢,桃園市大溪區****,,否,,,,,,,
300,李柏坊,111年桃園市議員選舉,首次申報,1111109,雜支支出,全元商行,72738041,0.00,80.00,,,,五金工具,金錢,,,否,,,,,,,
301,李柏坊,111年桃園市議員選舉,首次申報,1111109,交通旅運支出,泉好加油站,80045789,0.00,67.00,,,,油資,金錢,,,否,,,,,,,
302,李柏坊,111年桃園市議員選舉,首次申報,1111109,交通旅運支出,泉好加油站,80045789,0.00,754.00,,,,油資,金錢,,,否,,,,,,,
303,李柏坊,111年桃園市議員選舉,首次申報,1111109,交通旅運支出,泉好加油站,80045789,0.00,100.00,,,,油資,金錢,,,否,,,,,,,
304,李柏坊,111年桃園市議員選舉,首次申報,1111109,交通旅運支出,一德加油站,84077798,0.00,1332.00,,,,油資,金錢,,,否,,,,,,,
305,李柏坊,111年桃園市議員選舉,首次申報,1111109,交通旅運支出,宏通實業有限公司,86604401,0.00,776.00,,,,油資,金錢,,,否,,,,,,,
306,李柏坊,111年桃園市議員選舉,首次申報,1111110,宣傳支出,聯合報僑愛辦事處,,0.00,1500.00,,,,夾報,金錢,,03-3*****,否,,,,,,,
307,李柏坊,111年桃園市議員選舉,首次申報,1111110,雜支支出,阿英小吃店,,0.00,360.00,,,,招牌鍋貼等,金錢,,03-3*****,否,,,,,,,
308,李柏坊,111年桃園市議員選舉,首次申報,1111110,雜支支出,現炒黃牛肉,,0.00,500.00,,,,便當,金錢,,03-3*****,否,,,,,,,
309,李柏坊,111年桃園市議員選舉,首次申報,1111110,交通旅運支出,尚美加油站,01826873,0.00,500.00,,,,油資,金錢,,,否,,,,,,,
310,李柏坊,111年桃園市議員選舉,首次申報,1111110,集會支出,宏記飲食店,08682422,0.00,1980.00,,,,便當,金錢,,,否,,,,,,,
311,李柏坊,111年桃園市議員選舉,首次申報,1111110,集會支出,里長伯小吃店,30386776,0.00,2800.00,,,,便當,金錢,,,否,,,,,,,
312,李柏坊,111年桃園市議員選舉,首次申報,1111110,集會支出,福益外燴飲食店,42217023,0.00,4900.00,,,,炒米粉+肉焿湯,金錢,桃園市大溪區****,03-3*****,否,,,,,,,
313,李柏坊,111年桃園市議員選舉,首次申報,1111110,交通旅運支出,台灣中油,44413747,0.00,700.00,,,,油資,金錢,,,否,,,,,,,
314,李柏坊,111年桃園市議員選舉,首次申報,1111110,雜支支出,郵局,84070009,0.00,266.00,,,,郵資,金錢,,0800*****,否,,,,,,,
315,李柏坊,111年桃園市議員選舉,首次申報,1111110,雜支支出,金鼎香舖,94951002,0.00,100.00,,,,香,金錢,,,否,,,,,,,
316,李柏坊,111年桃園市議員選舉,首次申報,1111110,人事費用支出,張文山,F12*******,0.00,2000.00,,,,綁旗幟面,金錢,桃園市大溪區****,0936*****,否,,,,,,,
317,李柏坊,111年桃園市議員選舉,首次申報,1111110,人事費用支出,莊佳靜,H22*******,0.00,4140.00,,,,臨時人力薪資,金錢,桃園市大溪區****,0989*****,否,,,,,,,
318,李柏坊,111年桃園市議員選舉,首次申報,1111110,人事費用支出,林緯嘉,R12*******,0.00,4140.00,,,,臨時人力薪資,金錢,桃園市大溪區****,0902*****,否,,,,,,,
319,李柏坊,111年桃園市議員選舉,首次申報,1111111,交通旅運支出,全國加油站,09831152,0.00,456.00,,,,油資,金錢,,,否,,,,,,,
320,李柏坊,111年桃園市議員選舉,首次申報,1111111,交通旅運支出,台灣中油,16227405,0.00,100.00,,,,油資,金錢,,,否,,,,,,,
321,李柏坊,111年桃園市議員選舉,首次申報,1111111,雜支支出,大綜飲食店,19699420,0.00,1660.00,,,,便當,金錢,,,否,,,,,,,
322,李柏坊,111年桃園市議員選舉,首次申報,1111111,交通旅運支出,台灣中油,23559077,0.00,400.00,,,,油資,金錢,,,否,,,,,,,
323,李柏坊,111年桃園市議員選舉,首次申報,1111111,集會支出,福益外燴飲食店,42217023,0.00,4700.00,,,,餐點,金錢,桃園市大溪區****,03-3*****,否,,,,,,,
324,李柏坊,111年桃園市議員選舉,首次申報,1111111,集會支出,福益外燴飲食店,42217023,0.00,4800.00,,,,炒米粉+肉焿湯,金錢,桃園市大溪區****,03-3*****,否,,,,,,,
325,李柏坊,111年桃園市議員選舉,首次申報,1111111,集會支出,大昌小吃店,82049419,0.00,5400.00,,,,便當,金錢,桃園市大溪區****,03-3*****,否,,,,,,,
326,李柏坊,111年桃園市議員選舉,首次申報,1111111,交通旅運支出,山隆加油站,82276743,0.00,516.00,,,,油資,金錢,,,否,,,,,,,
327,李柏坊,111年桃園市議員選舉,首次申報,1111111,雜支支出,郵局,84070009,0.00,28.00,,,,郵資,金錢,,0800*****,否,,,,,,,
328,李柏坊,111年桃園市議員選舉,首次申報,1111111,宣傳支出,大山禮 品商行,85376082,0.00,317100.00,,,,志工背心.帽子.布條等,金錢,桃園市中壢區****,0931*****,否,,,,,,,
329,李柏坊,111年桃園市議員選舉,首次申報,1111111,集會支出,胖二哥傳統美食專賣店,87413703,0.00,1080.00,,,,菜包,金錢,,,否,,,,,,,
330,李柏坊,111年桃園市議員選舉,首次申報,1111111,人事費用支出,許鈞媛,H22*******,0.00,4440.00,,,,臨時人力薪資,金錢,桃園市大溪區****,0927*****,否,,,,,,,
331,李柏坊,111年桃園市議員選舉,首次申報,1111111,人事費用支出,蔡于瑄,U22*******,0.00,4690.00,,,,臨時人力薪資,金錢,桃園市大溪區****,,否,,,,,,,
332,李柏坊,111年桃園市議員選舉,首次申報,1111112,雜支支出,現炒黃牛肉,,0.00,300.00,,,,便當,金錢,,03-3*****,否,,,,,,,
333,李柏坊,111年桃園市議員選舉,首次申報,1111112,雜支支出,上上書局,02708781,0.00,2145.00,,,,USB.夾鏈袋,金錢,,,否,,,,,,,
334,李柏坊,111年桃園市議員選舉,首次申報,1111112,交通旅運支出,士香加油站,23559077,0.00,100.00,,,,油資,金錢,,,否,,,,,,,
335,李柏坊,111年桃園市議員選舉,首次申報,1111112,集會支出,上雅飲食店,30118553,0.00,740.00,,,,便當,金錢,,,否,,,,,,,
336,李柏坊,111年桃園市議員選舉,首次申報,1111112,集會支出,上雅飲食店,30118553,0.00,200.00,,,,便當,金錢,,,否,,,,,,,
337,李柏坊,111年桃園市議員選舉,首次申報,1111112,集會支出,福益外燴飲食店,42217023,0.00,4600.00,,,,餐點,金錢,桃園市大溪區****,03-3*****,否,,,,,,,
338,李柏坊,111年桃園市議員選舉,首次申報,1111112,集會支出,福益外燴飲食店,42217023,0.00,5000.00,,,,炒米粉+肉焿湯,金錢,桃園市大溪區****,03-3*****,否,,,,,,,
339,李柏坊,111年桃園市議員選舉,首次申報,1111112,交通旅運支出,台灣中油,43032214,0.00,700.00,,,,油資,金錢,桃園市大溪區****,,否,,,,,,,
340,李柏坊,111年桃園市議員選舉,首次申報,1111112,雜支支出,秋水台越小吃,72744249,0.00,70.00,,,,便當,金錢,,,否,,,,,,,
341,李柏坊,111年桃園市議員選舉,首次申報,1111112,交通旅運支出,泉好加油站,80045789,0.00,100.00,,,,油資,金錢,,,否,,,,,,,
342,李柏坊,111年桃園市議員選舉,首次申報,1111112,雜支支出,萬利來商行,98137445,0.00,40.00,,,,五金百貨,金錢,,,否,,,,,,,
343,李柏坊,111年桃園市議員選舉,首次申報,1111112,雜支支出,1香港黎記燒臘,E20*******,0.00,575.00,,,,便當,金錢,桃園市大溪區****,,否,,,,,,,
344,李柏坊,111年桃園市議員選舉,首次申報,1111113,雜支支出,冠龍小吃店,,0.00,260.00,,,,魚丸湯，招牌鍋貼,金錢,,03-3*****,否,,,,,,,
345,李柏坊,111年桃園市議員選舉,首次申報,1111113,雜支支出,德安堂藥局,,0.00,323.00,,,,小護士等,金錢,桃園市大溪區****,HB80*****,否,,,,,,,
346,李柏坊,111年桃園市議員選舉,首次申報,1111113,交通旅運支出,健安加油站,16077433,0.00,420.00,,,,油資,金錢,,,否,,,,,,,
347,李柏坊,111年桃園市議員選舉,首次申報,1111113,交通旅運支出,士香加油站,23559077,0.00,500.00,,,,油資,金錢,,,否,,,,,,,
348,李柏坊,111年桃園市議員選舉,首次申報,1111113,交通旅運支出,士香加油站,23559077,0.00,500.00,,,,油資,金錢,,,否,,,,,,,
349,李柏坊,111年桃園市議員選舉,首次申報,1111113,集會支出,興融飲食店,29314825,0.00,750.00,,,,便當,金錢,,,否,,,,,,,
350,李柏坊,111年桃園市議員選舉,首次申報,1111113,雜支支出,秋水台越小吃,72744249,0.00,700.00,,,,便當,金錢,,,否,,,,,,,
351,李柏坊,111年桃園市議員選舉,首次申報,1111113,雜支支出,展宏自助餐,85400978,0.00,1200.00,,,,便當,金錢,,,否,,,,,,,
352,李柏坊,111年桃園市議員選舉,首次申報,1111114,集會支出,阿弟仔小吃店,10038785,0.00,8000.00,,,,餐點,金錢,,03-3*****,否,,,,,,,
353,李柏坊,111年桃園市議員選舉,首次申報,1111114,雜支支出,舜仁佛具金香舖,17492922,0.00,150.00,,,,金香等,金錢,,,否,,,,,,,
354,李柏坊,111年桃園市議員選舉,首次申報,1111114,雜支支出,麥香港式燒臘,29256114,0.00,980.00,,,,便當,金錢,,,否,,,,,,,
355,李柏坊,111年桃園市議員選舉,首次申報,1111114,集會支出,興融飲食店,29314825,0.00,1080.00,,,,便當,金錢,,,否,,,,,,,
356,李柏坊,111年桃園市議員選舉,首次申報,1111114,集會支出,兩津魯肉飯,41234657,0.00,415.00,,,,便當,金錢,,,否,,,,,,,
357,李柏坊,111年桃園市議員選舉,首次申報,1111114,集會支出,萬福燒臘店,41430124,0.00,1300.00,,,,便當,金錢,,,否,,,,,,,
358,李柏坊,111年桃園市議員選舉,首次申報,1111114,集會支出,福益外燴飲食店,42217023,0.00,4500.00,,,,炒米粉+肉焿湯,金錢,桃園市大溪區****,03-3*****,否,,,,,,,
359,李柏坊,111年桃園市議員選舉,首次申報,1111114,集會支出,廣穎味糕餅舖,44408907,0.00,570.00,,,,麵包,金錢,,,否,,,,,,,
360,李柏坊,111年桃園市議員選舉,首次申報,1111114,交通旅運支出,台灣中油,44413747,0.00,1430.00,,,,油資,金錢,,,否,,,,,,,
361,李柏坊,111年桃園市議員選舉,首次申報,1111114,交通旅運支出,台灣中油,44413747,0.00,700.00,,,,油資,金錢,,,否,,,,,,,
362,李柏坊,111年桃園市議員選舉,首次申報,1111114,交通旅運支出,台灣中油,44413747,0.00,720.00,,,,油資,金錢,,,否,,,,,,,
363,李柏坊,111年桃園市議員選舉,首次申報,1111114,集會支出,溪口亭食堂,44417167,0.00,10000.00,,,,餐點,金錢,,03-3*****,否,,,,,,,
364,李柏坊,111年桃園市議員選舉,首次申報,1111114,雜支支出,秋水台越小吃,72744249,0.00,400.00,,,,便當,金錢,,,否,,,,,,,
365,李柏坊,111年桃園市議員選舉,首次申報,1111114,交通旅運支出,山隆加油站,82276743,0.00,456.00,,,,油資,金錢,,,否,,,,,,,
366,李柏坊,111年桃園市議員選舉,首次申報,1111114,宣傳支出,強護實業有限公司,83136910,0.00,105000.00,,,,口罩,金錢,彰化縣埤頭鄉****,,否,,,,,,,
367,李柏坊,111年桃園市議員選舉,首次申報,1111114,宣傳支出,貝奇廣告國際有限公司,83274743,0.00,6300.00,,,,手持式字幕板,金錢,,,否,,,,,,,
368,李柏坊,111年桃園市議員選舉,首次申報,1111115,宣傳支出,自油時報.聯合報.中國時報大溪辦事處,,0.00,1000.00,,,,夾報,金錢,,03-3*****,否,,,,,,,
369,李柏坊,111年桃園市議員選舉,首次申報,1111115,宣傳支出,聯合報僑愛辦事處,,0.00,1000.00,,,,夾報,金錢,,03-3*****,否,,,,,,,
370,李柏坊,111年桃園市議員選舉,首次申報,1111115,集會支出,金玉飲食店,20428930,0.00,8000.00,,,,餐點,金錢,,03-3*****,否,,,,,,,
371,李柏坊,111年桃園市議員選舉,首次申報,1111115,交通旅運支出,士香加油站,23559077,0.00,500.00,,,,油資,金錢,,,否,,,,,,,
372,李柏坊,111年桃園市議員選舉,首次申報,1111115,交通旅運支出,士香加油站,23559077,0.00,50.00,,,,油資,金錢,,,否,,,,,,,
373,李柏坊,111年桃園市議員選舉,首次申報,1111115,宣傳支出,超聯捷股份有限公司,28702621,0.00,282870.00,,,,熱壓不織布袋.L夾彩印,金錢,臺北市中山區****,02-2*****,否,,,,,,,
374,李柏坊,111年桃園市議員選舉,首次申報,1111115,雜支支出,麥香港式燒臘,29256114,0.00,1530.00,,,,便當,金錢,,,否,,,,,,,
375,李柏坊,111年桃園市議員選舉,首次申報,1111115,集會支出,上雅飲食店,30118553,0.00,1340.00,,,,便當,金錢,,,否,,,,,,,
376,李柏坊,111年桃園市議員選舉,首次申報,1111115,集會支出,福益外燴飲食店,42217023,0.00,4800.00,,,,炒米粉+肉焿湯,金錢,桃園市大溪區****,03-3*****,否,,,,,,,
377,李柏坊,111年桃園市議員選舉,首次申報,1111115,交通旅運支出,台灣中油,43032214,0.00,740.00,,,,油資,金錢,桃園市大溪區****,,否,,,,,,,
378,李柏坊,111年桃園市議員選舉,首次申報,1111115,集會支出,溪口亭食堂,44417167,0.00,15000.00,,,,餐點,金錢,,03-3*****,否,,,,,,,
379,李柏坊,111年桃園市議員選舉,首次申報,1111115,集會支出,大昌小吃店,82049419,0.00,4770.00,,,,便當,金錢,桃園市大溪區****,03-3*****,否,,,,,,,
380,李柏坊,111年桃園市議員選舉,首次申報,1111115,集會支出,胖二哥傳統美食專賣店,87413703,0.00,720.00,,,,菜包,金錢,,,否,,,,,,,
381,李柏坊,111年桃園市議員選舉,首次申報,1111116,雜支支出,文具,,0.00,200.00,,,,文具,金錢,桃園市大溪區****,GZ48*****,否,,,,,,,
382,李柏坊,111年桃園市議員選舉,首次申報,1111116,雜支支出,冠龍小吃店,,0.00,95.00,,,,招牌鍋貼,金錢,,03-3*****,否,,,,,,,
383,李柏坊,111年桃園市議員選舉,首次申報,1111116,交通旅運支出,全國加油站,09831152,0.00,813.00,,,,油資,金錢,,,否,,,,,,,
384,李柏坊,111年桃園市議員選舉,首次申報,1111116,集會支出,八德饅頭店,19697871,0.00,9280.00,,,,白甜切饅頭,金錢,,,否,,,,,,,
385,李柏坊,111年桃園市議員選舉,首次申報,1111116,雜支支出,大綜飲食店,19699420,0.00,1805.00,,,,便當,金錢,,,否,,,,,,,
386,李柏坊,111年桃園市議員選舉,首次申報,1111116,交通旅運支出,士香加油站,23559077,0.00,100.00,,,,油資,金錢,,,否,,,,,,,
387,李柏坊,111年桃園市議員選舉,首次申報,1111116,雜支支出,鴻鎰五金行,30245220,0.00,150.00,,,,膠帶,金錢,,,否,,,,,,,
388,李柏坊,111年桃園市議員選舉,首次申報,1111116,集會支出,福益外燴飲食店,42217023,0.00,5000.00,,,,炒米粉+肉焿湯,金錢,桃園市大溪區****,03-3*****,否,,,,,,,
389,李柏坊,111年桃園市議員選舉,首次申報,1111116,集會支出,福益外燴飲食店,42217023,0.00,5000.00,,,,炒米粉+肉焿湯,金錢,桃園市大溪區****,03-3*****,否,,,,,,,
390,李柏坊,111年桃園市議員選舉,首次申報,1111116,人事費用支出,李吳阿雪,H12*******,0.00,720.00,,,,臨時人力薪資,金錢,桃園市大溪區****,,否,,,,,,,
391,李柏坊,111年桃園市議員選舉,首次申報,1111117,交通旅運支出,台灣中油,02712130,0.00,700.00,,,,油資,金錢,,,否,,,,,,,
392,李柏坊,111年桃園市議員選舉,首次申報,1111117,交通旅運支出,全國加油站,09831152,0.00,532.00,,,,油資,金錢,,,否,,,,,,,
393,李柏坊,111年桃園市議員選舉,首次申報,1111117,交通旅運支出,功宏加油站,16227405,0.00,100.00,,,,油資,金錢,,,否,,,,,,,
394,李柏坊,111年桃園市議員選舉,首次申報,1111117,交通旅運支出,功宏加油站,16227405,0.00,94.00,,,,油資,金錢,,,否,,,,,,,
395,李柏坊,111年桃園市議員選舉,首次申報,1111117,雜支支出,大綜飲食店,19699420,0.00,1965.00,,,,便當,金錢,,,否,,,,,,,
396,李柏坊,111年桃園市議員選舉,首次申報,1111117,交通旅運支出,士香加油站,23559077,0.00,500.00,,,,油資,金錢,,,否,,,,,,,
397,李柏坊,111年桃園市議員選舉,首次申報,1111117,交通旅運支出,士香加油站,23559077,0.00,100.00,,,,油資,金錢,,,否,,,,,,,
398,李柏坊,111年桃園市議員選舉,首次申報,1111117,雜支支出,上雅飲食店,30118553,0.00,630.00,,,,便當,金錢,,,否,,,,,,,
399,李柏坊,111年桃園市議員選舉,首次申報,1111117,雜支支出,上雅飲食店,30118553,0.00,270.00,,,,便當,金錢,,,否,,,,,,,
400,李柏坊,111年桃園市議員選舉,首次申報,1111117,雜支支出,兩津魯肉飯,41234657,0.00,390.00,,,,便當,金錢,,,否,,,,,,,
401,李柏坊,111年桃園市議員選舉,首次申報,1111117,集會支出,福益外燴飲食店,42217023,0.00,4800.00,,,,炒米粉+肉焿湯,金錢,桃園市大溪區****,03-3*****,否,,,,,,,
402,李柏坊,111年桃園市議員選舉,首次申報,1111117,集會支出,福益外燴飲食店,42217023,0.00,4900.00,,,,餐點,金錢,桃園市大溪區****,03-3*****,否,,,,,,,
403,李柏坊,111年桃園市議員選舉,首次申報,1111117,集會支出,福益外燴飲食店,42217023,0.00,4700.00,,,,餐點,金錢,桃園市大溪區****,03-3*****,否,,,,,,,
404,李柏坊,111年桃園市議員選舉,首次申報,1111117,雜支支出,金鼎香舖,94951002,0.00,350.00,,,,香,金錢,,,否,,,,,,,
405,李柏坊,111年桃園市議員選舉,首次申報,1111118,交通旅運支出,士香加油站,23559077,0.00,500.00,,,,油資,金錢,,,否,,,,,,,
406,李柏坊,111年桃園市議員選舉,首次申報,1111118,雜支支出,麥香港式燒臘,29256114,0.00,1695.00,,,,便當,金錢,,,否,,,,,,,
407,李柏坊,111年桃園市議員選舉,首次申報,1111118,雜支支出,里長伯小吃店,30386776,0.00,2500.00,,,,炒米粉.湯,金錢,,,否,,,,,,,
408,李柏坊,111年桃園市議員選舉,首次申報,1111118,集會支出,福益外燴飲食店,42217023,0.00,5000.00,,,,炒米粉+肉焿湯,金錢,桃園市大溪區****,03-3*****,否,,,,,,,
409,李柏坊,111年桃園市議員選舉,首次申報,1111118,交通旅運支出,台灣中油,43032214,0.00,1449.00,,,,油資,金錢,桃園市大溪區****,,否,,,,,,,
410,李柏坊,111年桃園市議員選舉,首次申報,1111118,集會支出,大昌小吃店,82049419,0.00,6300.00,,,,便當,金錢,桃園市大溪區****,03-3*****,否,,,,,,,
411,李柏坊,111年桃園市議員選舉,首次申報,1111118,宣傳支出,太和廣告有限公司,83303971,0.00,70000.00,,,,廣告費,金錢,桃園市大溪一****,0918*****,否,,,,,,,
412,李柏坊,111年桃園市議員選舉,首次申報,1111118,宣傳支出,大山禮品商行,85376082,0.00,139125.00,,,,志工背心.布條.國旗等,金錢,桃園市中壢區****,0931*****,否,,,,,,,
413,李柏坊,111年桃園市議員選舉,首次申報,1111118,雜支支出,金鋒大溪站,91635729,0.00,50.00,,,,油資,金錢,,,否,,,,,,,
414,李柏坊,111年桃園市議員選舉,首次申報,1111118,雜支支出,萬利來商行,98137445,0.00,95.00,,,,燈管,金錢,,,否,,,,,,,
415,李柏坊,111年桃園市議員選舉,首次申報,1111118,人事費用支出,林瑞珠,H22*******,0.00,1260.00,,,,臨時人力薪資,金錢,桃園市大溪區****,0988*****,否,,,,,,,
416,李柏坊,111年桃園市議員選舉,首次申報,1111119,交通旅運支出,尚美加油站,01826873,0.00,850.00,,,,油資,金錢,,,否,,,,,,,
417,李柏坊,111年桃園市議員選舉,首次申報,1111119,雜支支出,上上書局,02708781,0.00,685.00,,,,護貝膜.膠帶,金錢,,,否,,,,,,,
418,李柏坊,111年桃園市議員選舉,首次申報,1111119,交通旅運支出,士香加油站,23559077,0.00,90.00,,,,油資,金錢,,,否,,,,,,,
419,李柏坊,111年桃園市議員選舉,首次申報,1111119,交通旅運支出,士香加油站,23559077,0.00,500.00,,,,油資,金錢,,,否,,,,,,,
420,李柏坊,111年桃園市議員選舉,首次申報,1111119,交通旅運支出,士香加油站,23559077,0.00,100.00,,,,油資,金錢,,,否,,,,,,,
421,李柏坊,111年桃園市議員選舉,首次申報,1111119,雜支支出,麥香港式燒臘,29256114,0.00,1625.00,,,,便當,金錢,,,否,,,,,,,
422,李柏坊,111年桃園市議員選舉,首次申報,1111119,雜支支出,上雅飲食店,30118553,0.00,360.00,,,,便當,金錢,,,否,,,,,,,
423,李柏坊,111年桃園市議員選舉,首次申報,1111119,雜支支出,上雅飲食店,30118553,0.00,270.00,,,,便當,金錢,,,否,,,,,,,
424,李柏坊,111年桃園市議員選舉,首次申報,1111119,集會支出,福益外燴飲食店,42217023,0.00,4500.00,,,,炒米粉+肉焿湯,金錢,桃園市大溪區****,03-3*****,否,,,,,,,
425,李柏坊,111年桃園市議員選舉,首次申報,1111119,交通旅運支出,台灣中油,43032214,0.00,1295.00,,,,油資,金錢,桃園市大溪區****,,否,,,,,,,
426,李柏坊,111年桃園市議員選舉,首次申報,1111119,雜支支出,秋水台越小吃,72744249,0.00,760.00,,,,便當,金錢,,,否,,,,,,,
427,李柏坊,111年桃園市議員選舉,首次申報,1111119,雜支支出,萬利來商行,98137445,0.00,25.00,,,,五金百貨,金錢,,,否,,,,,,,
428,李柏坊,111年桃園市議員選舉,首次申報,1111119,人事費用支出,陳松興,F12*******,0.00,4140.00,,,,臨時人力薪資,金錢,桃園市龍潭區****,0932*****,否,,,,,,,
429,李柏坊,111年桃園市議員選舉,首次申報,1111119,人事費用支出,陳香玲,H22*******,0.00,810.00,,,,發文宣,金錢,桃園市大溪區****,0928*****,否,,,,,,,
430,李柏坊,111年桃園市議員選舉,首次申報,1111120,雜支支出,上上書局,02708781,0.00,1450.00,,,,夾鏈袋,金錢,,,否,,,,,,,
431,李柏坊,111年桃園市議員選舉,首次申報,1111120,交通旅運支出,全國加油站,09831152,0.00,127.00,,,,油資,金錢,,,否,,,,,,,
432,李柏坊,111年桃園市議員選舉,首次申報,1111120,交通旅運支出,功宏加油站,16227405,0.00,100.00,,,,油資,金錢,,,否,,,,,,,
433,李柏坊,111年桃園市議員選舉,首次申報,1111120,雜支支出,文軒書 局,19688417,0.00,68.00,,,,文具,金錢,,,否,,,,,,,
434,李柏坊,111年桃園市議員選舉,首次申報,1111120,雜支支出,麥香港式燒臘,29256114,0.00,600.00,,,,便當,金錢,,,否,,,,,,,
435,李柏坊,111年桃園市議員選舉,首次申報,1111120,雜支支出,興融飲食店,29314825,0.00,825.00,,,,便當,金錢,,,否,,,,,,,
436,李柏坊,111年桃園市議員選舉,首次申報,1111120,集會支出,福益外燴飲食店,42217023,0.00,4800.00,,,,餐點,金錢,桃園市大溪區****,03-3*****,否,,,,,,,
437,李柏坊,111年桃園市議員選舉,首次申報,1111120,集會支出,福益外燴飲食店,42217023,0.00,4800.00,,,,炒米粉+肉焿湯,金錢,桃園市大溪區****,03-3*****,否,,,,,,,
438,李柏坊,111年桃園市議員選舉,首次申報,1111120,交通旅運支出,台灣中油,43032214,0.00,1346.00,,,,油資,金錢,桃園市大溪區****,,否,,,,,,,
439,李柏坊,111年桃園市議員選舉,首次申報,1111120,交通旅運支出,台灣中油,43032214,0.00,810.00,,,,油資,金錢,桃園市大溪區****,,否,,,,,,,
440,李柏坊,111年桃園市議員選舉,首次申報,1111120,雜支支出,香港黎記燒臘,85187630,0.00,420.00,,,,便當,金錢,,,否,,,,,,,
441,李柏坊,111年桃園市議員選舉,首次申報,1111120,雜支支出,埔頂麵飯小館,87594388,0.00,1545.00,,,,咖哩燴飯等,金錢,,,否,,,,,,,
442,李柏坊,111年桃園市議員選舉,首次申報,1111120,雜支支出,小企鵝飲食店,91812533,0.00,1080.00,,,,便當,金錢,,,否,,,,,,,
443,李柏坊,111年桃園市議員選舉,首次申報,1111121,宣傳支出,自油時報.聯合報.中國時報大溪辦事處,,0.00,1000.00,,,,夾報,金錢,,03-3*****,否,,,,,,,
444,李柏坊,111年桃園市議員選舉,首次申報,1111121,雜支支出,上上書局,02708781,0.00,220.00,,,,嘜克筆.釘書針,金錢,,,否,,,,,,,
445,李柏坊,111年桃園市議員選舉,首次申報,1111121,雜支支出,舜仁佛具金香舖,17492922,0.00,200.00,,,,祭祀用品,金錢,,,否,,,,,,,
446,李柏坊,111年桃園市議員選舉,首次申報,1111121,雜支支出,大綜飲食店,19699420,0.00,1935.00,,,,便當,金錢,,,否,,,,,,,
447,李柏坊,111年桃園市議員選舉,首次申報,1111121,宣傳支出,十才設計企業社,34938548,0.00,199242.00,,,,文宣品設計.多媒體設計規劃等印刷品,金錢,桃園市大溪區****,03-3*****,否,,,,,,,
448,李柏坊,111年桃園市議員選舉,首次申報,1111121,交通旅運支出,台灣中油,44413747,0.00,700.00,,,,油資,金錢,,,否,,,,,,,
449,李柏坊,111年桃園市議員選舉,首次申報,1111121,交通旅運支出,山隆加油站,82276743,0.00,500.00,,,,油資,金錢,,,否,,,,,,,
450,李柏坊,111年桃園市議員選舉,首次申報,1111121,宣傳支出,欣新健康股份有限公司,83149458,0.00,63000.00,,,,雙鋼印平面口罩,金錢,彰化縣田中鎮****,,否,,,,,,,
451,李柏坊,111年桃園市議員選舉,首次申報,1111121,集會支出,晨瑋興業有限公司,84070009,0.00,6300.00,,,,流動廁所清潔維護,金錢,,03-4*****,否,,,,,,,
452,李柏坊,111年桃園市議員選舉,首次申報,1111122,宣傳支出,自油時報.聯合報.中國時報大溪辦事處,,0.00,1000.00,,,,夾報,金錢,,03-3*****,否,,,,,,,
453,李柏坊,111年桃園市議員選舉,首次申報,1111122,宣傳支出,聯合報僑愛辦事處,,0.00,1000.00,,,,夾報,金錢,,03-3*****,否,,,,,,,
454,李柏坊,111年桃園市議員選舉,首次申報,1111122,雜支支出,上上書局,02708781,0.00,789.00,,,,膠帶.紅紙等,金錢,,,否,,,,,,,
455,李柏坊,111年桃園市議員選舉,首次申報,1111122,交通旅運支出,全國加油站,09831152,0.00,100.00,,,,油資,金錢,,,否,,,,,,,
456,李柏坊,111年桃園市議員選舉,首次申報,1111122,交通旅運支出,全國加油站,09831152,0.00,100.00,,,,油資,金錢,,,否,,,,,,,
457,李柏坊,111年桃園市議員選舉,首次申報,1111122,集會支出,祥鍀雜糧行,10595727,0.00,1150.00,,,,花生粉.糖粉,金錢,,,否,,,,,,,
458,李柏坊,111年桃園市議員選舉,首次申報,1111122,雜支支出,舜仁佛具金香舖,17492922,0.00,200.00,,,,祭祀用品,金錢,,,否,,,,,,,
459,李柏坊,111年桃園市議員選舉,首次申報,1111122,雜支支出,大綜飲食店,19699420,0.00,1000.00,,,,便當,金錢,,,否,,,,,,,
460,李柏坊,111年桃園市議員選舉,首次申報,1111122,交通旅運支出,士香加油站,23559077,0.00,500.00,,,,油資,金錢,,,否,,,,,,,
461,李柏坊,111年桃園市議員選舉,首次申報,1111122,交通旅運支出,士香加油站,23559077,0.00,170.00,,,,油資,金錢,,,否,,,,,,,
462,李柏坊,111年桃園市議員選舉,首次申報,1111122,雜支支出,麥香港式燒臘,29256114,0.00,1320.00,,,,便當,金錢,,,否,,,,,,,
463,李柏坊,111年桃園市議員選舉,首次申報,1111122,雜支支出,里長伯小吃店,30386776,0.00,2160.00,,,,便當,金錢,,,否,,,,,,,
464,李柏坊,111年桃園市議員選舉,首次申報,1111122,宣傳支出,TOYOTA,36432447,0.00,3000.00,,,,噴漆.板金,金錢,,3882*****,否,,,,,,,
465,李柏坊,111年桃園市議員選舉,首次申報,1111122,雜支支出,秋水台越小吃,72744249,0.00,300.00,,,,便當,金錢,,,否,,,,,,,
466,李柏坊,111年桃園市議員選舉,首次申報,1111122,集會支出,大昌小吃店,82049419,0.00,6480.00,,,,便當,金錢,桃園市大溪區****,03-3*****,否,,,,,,,
467,李柏坊,111年桃園市議員選舉,首次申報,1111122,雜支支出,山隆加油站,82276743,0.00,191.00,,,,油資,金錢,,,否,,,,,,,
468,李柏坊,111年桃園市議員選舉,首次申報,1111122,雜支支出,郵局,84070009,0.00,240.00,,,,郵資,金錢,,0800*****,否,,,,,,,
469,李柏坊,111年桃園市議員選舉,首次申報,1111122,雜支支出,埔頂麵飯小館,87594388,0.00,570.00,,,,牛肉燴飯等,金錢,,,否,,,,,,,
470,李柏坊,111年桃園市議員選舉,首次申報,1111122,人事費用支出,詹碧霞,F22*******,0.00,10080.00,,,,發文宣,金錢,桃園市大溪區****,0955*****,否,,,,,,,
471,李柏坊,111年桃園市議員選舉,首次申報,1111122,人事費用支出,蔡秀華,H20*******,0.00,10170.00,,,,發文宣,金錢,桃園市大溪區****,0955*****,否,,,,,,,
472,李柏坊,111年桃園市議員選舉,首次申報,1111123,宣傳支出,自油時報.聯合報.中國時報大溪辦事處,,0.00,1000.00,,,,夾報,金錢,,03-3*****,否,,,,,,,
473,李柏坊,111年桃園市議員選舉,首次申報,1111123,宣傳支出,聯合報僑愛辦事處,,0.00,1000.00,,,,夾報,金錢,,03-3*****,否,,,,,,,
474,李柏坊,111年桃園市議員選舉,首次申報,1111123,雜支支出,中華電信股份有限公司,19683736,0.00,646.00,,,,電話費,金錢,,,否,,,,,,,
475,李柏坊,111年桃園市議員選舉,首次申報,1111123,雜支支出,中華電信股份有限公司,19683736,0.00,531.00,,,,電話費,金錢,,,否,,,,,,,
476,李柏坊,111年桃園市議員選舉,首次申報,1111123,雜支支出,中華電信股份有限公司,19683736,0.00,358.00,,,,電話費,金錢,,,否,,,,,,,
477,李柏坊,111年桃園市議員選舉,首次申報,1111123,雜支支出,中華電信股份有限公司,19683736,0.00,406.00,,,,電話費,金錢,,,否,,,,,,,
478,李柏坊,111年桃園市議員選舉,首次申報,1111123,雜支支出,文軒書 局,19688417,0.00,48.00,,,,文具,金錢,,,否,,,,,,,
479,李柏坊,111年桃園市議員選舉,首次申報,1111123,雜支支出,大綜飲食店,19699420,0.00,1425.00,,,,便當,金錢,,,否,,,,,,,
480,李柏坊,111年桃園市議員選舉,首次申報,1111123,交通旅運支出,士香加油站,23559077,0.00,500.00,,,,油資,金錢,,,否,,,,,,,
481,李柏坊,111年桃園市議員選舉,首次申報,1111123,雜支支出,麥香港式燒臘,29256114,0.00,1260.00,,,,便當,金錢,,,否,,,,,,,
482,李柏坊,111年桃園市議員選舉,首次申報,1111123,交通旅運支出,山隆加油站,82276743,0.00,483.00,,,,油資,金錢,,,否,,,,,,,
483,李柏坊,111年桃園市議員選舉,首次申報,1111123,交通旅運支出,鼎益加油站,86970103,0.00,917.00,,,,油資,金錢,,,否,,,,,,,
484,李柏坊,111年桃園市議員選舉,首次申報,1111123,宣傳支出,黃睿國,H10*******,0.00,5000.00,,,,問政說明會搭棚,金錢,桃園市大溪區****,0932*****,否,,,,,,,
485,李柏坊,111年桃園市議員選舉,首次申報,1111123,人事費用支出,林柏宇,H12*******,0.00,2880.00,,,,發文宣,金錢,桃園市八德區****,0933*****,否,,,,,,,
486,李柏坊,111年桃園市議員選舉,首次申報,1111123,人事費用支出,張月霞,H22*******,0.00,4500.00,,,,發文宣,金錢,桃園市八德區****,0933*****,否,,,,,,,
487,李柏坊,111年桃園市議員選舉,首次申報,1111123,人事費用支出,王惠美,H22*******,0.00,1170.00,,,,發文宣,金錢,桃園市大溪區****,03-3*****,否,,,,,,,
488,李柏坊,111年桃園市議員選舉,首次申報,1111123,人事費用支出,羅春暖,H22*******,0.00,5850.00,,,,發文宣,金錢,桃園市大溪區****,0922*****,否,,,,,,,
489,李柏坊,111年桃園市議員選舉,首次申報,1111124,雜支支出,冠龍小吃店,,0.00,630.00,,,,招牌鍋貼等,金錢,,03-3*****,否,,,,,,,
490,李柏坊,111年桃園市議員選舉,首次申報,1111124,交通旅運支出,健安加油站,16077433,0.00,1100.00,,,,油資,金錢,,,否,,,,,,,
491,李柏坊,111年桃園市議員選舉,首次申報,1111124,雜支支出,大綜飲食店,19699420,0.00,1650.00,,,,便當,金錢,,,否,,,,,,,
492,李柏坊,111年桃園市議員選舉,首次申報,1111124,雜支支出,士香加油站,23559077,0.00,500.00,,,,油資,金錢,,,否,,,,,,,
493,李柏坊,111年桃園市議員選舉,首次申報,1111124,交通旅運支出,士香加油站,23559077,0.00,550.00,,,,油資,金錢,,,否,,,,,,,
494,李柏坊,111年桃園市議員選舉,首次申報,1111124,雜支支出,上雅飲食店,30118553,0.00,180.00,,,,便當,金錢,,,否,,,,,,,
495,李柏坊,111年桃園市議員選舉,首次申報,1111124,集會支出,鴻鎰五金行,30245220,0.00,1000.00,,,,輕便雨衣,金錢,,,否,,,,,,,
496,李柏坊,111年桃園市議員選舉,首次申報,1111124,雜支支出,兩津魯肉飯,41234657,0.00,250.00,,,,便當,金錢,,,否,,,,,,,
497,李柏坊,111年桃園市議員選舉,首次申報,1111124,集會支出,福益外燴飲食店,42217023,0.00,5000.00,,,,餐點,金錢,桃園市大溪區****,03-3*****,否,,,,,,,
498,李柏坊,111年桃園市議員選舉,首次申報,1111124,集會支出,福益外燴飲食店,42217023,0.00,4700.00,,,,炒米粉+肉焿湯,金錢,桃園市大溪區****,03-3*****,否,,,,,,,
499,李柏坊,111年桃園市議員選舉,首次申報,1111124,交通旅運支出,台灣中油,43032214,0.00,950.00,,,,油資,金錢,桃園市大溪區****,,否,,,,,,,
500,李柏坊,111年桃園市議員選舉,首次申報,1111124,交通旅運支出,宏通實業有限公司,86604401,0.00,100.00,,,,油資,金錢,,,否,,,,,,,
501,李柏坊,111年桃園市議員選舉,首次申報,1111124,雜支支出,甜八度餐飲,91586403,0.00,2520.00,,,,飯糰。紫米漿,金錢,,,否,,,,,,,
502,李柏坊,111年桃園市議員選舉,首次申報,1111124,人事費用支出,呂傳斌,H12*******,0.00,3510.00,,,,發文宣,金錢,桃園市大溪區****,0910*****,否,,,,,,,
503,李柏坊,111年桃園市議員選舉,首次申報,1111124,人事費用支出,江麗蘭,H22*******,0.00,14310.00,,,,發文宣,金錢,桃園市大溪區****,0910*****,否,,,,,,,
504,李柏坊,111年桃園市議員選舉,首次申報,1111124,人事費用支出,鍾山保,J12*******,0.00,7500.00,,,,水電工作費用,金錢,桃園市大溪區****,0903*****,否,,,,,,,
505,李柏坊,111年桃園市議員選舉,首次申報,1111124,人事費用支出,陳森河,Q12*******,0.00,2500.00,,,,遊行指揮交通,金錢,桃園市大溪區****,03-3*****,否,,,,,,,
506,李柏坊,111年桃園市議員選舉,首次申報,1111125,交通旅運支出,全國加油站,09831152,0.00,810.00,,,,油資,金錢,,,否,,,,,,,
507,李柏坊,111年桃園市議員選舉,首次申報,1111125,交通旅運支出,全國加油站,09831152,0.00,225.00,,,,油資,金錢,,,否,,,,,,,
508,李柏坊,111年桃園市議員選舉,首次申報,1111125,交通旅運支出,士香加油站,23559077,0.00,600.00,,,,油資,金錢,,,否,,,,,,,
509,李柏坊,111年桃園市議員選舉,首次申報,1111125,集會支出,東亨 行,25690592,0.00,3000.00,,,,棉花糖機含備料,金錢,,,否,,,,,,,
510,李柏坊,111年桃園市議員選舉,首次申報,1111125,集會支出,東亨行,25690592,0.00,9000.00,,,,爆米花機含備料,金錢,,,否,,,,,,,
511,李柏坊,111年桃園市議員選舉,首次申報,1111125,雜支支出,麥香港式燒臘,29256114,0.00,770.00,,,,便當,金錢,,,否,,,,,,,
512,李柏坊,111年桃園市議員選舉,首次申報,1111125,宣傳支出,TOYOTA,36432447,0.00,7966.00,,,,噴漆.板金,金錢,,,否,,,,,,,
513,李柏坊,111年桃園市議員選舉,首次申報,1111125,集會支出,福益外燴飲食店,42217023,0.00,4800.00,,,,炒米粉+肉焿湯,金錢,桃園市大溪區****,03-3*****,否,,,,,,,
514,李柏坊,111年桃園市議員選舉,首次申報,1111125,集會支出,福益外燴飲食店,42217023,0.00,4900.00,,,,餐點,金錢,桃園市大溪區****,03-3*****,否,,,,,,,
515,李柏坊,111年桃園市議員選舉,首次申報,1111125,集會支出,福滿堂飲食店,49655862,0.00,127700.00,,,,炒米粉.貢丸湯.場地租金,金錢,桃園市大溪區****,03-3*****,否,,,,,,,
516,李柏坊,111年桃園市議員選舉,首次申報,1111125,集會支出,大昌小吃店,82049419,0.00,6390.00,,,,便當,金錢,桃園市大溪區****,03-3*****,否,,,,,,,
517,李柏坊,111年桃園市議員選舉,首次申報,1111125,宣傳支出,震溪龍獅團,87409709,0.00,8500.00,,,,戰敼表演,金錢,桃園市大溪區****,,否,,,,,,,
518,李柏坊,111年桃園市議員選舉,首次申報,1111125,集會支出,震溪龍獅團,87409709,0.00,8500.00,,,,祥獅表演,金錢,桃園市大溪區****,,否,,,,,,,
519,李柏坊,111年桃園市議員選舉,首次申報,1111125,雜支支出,甜八度餐飲,91586403,0.00,2520.00,,,,飯糰。紫米漿,金錢,,,否,,,,,,,
520,李柏坊,111年桃園市議員選舉,首次申報,1111125,集會支出,大中全遊覽車客運,96911527,0.00,20000.00,,,,車資,金錢,桃園市平鎮區****,03-4*****,否,,,,,,,
521,李柏坊,111年桃園市議員選舉,首次申報,1111125,人事費用支出,詹錦盛,A12*******,0.00,3600.00,,,,選前之夜-交通管制,金錢,桃園市大溪區****,0910*****,否,,,,,,,
522,李柏坊,111年桃園市議員選舉,首次申報,1111125,人事費用支出,徐仲麟,F12*******,0.00,52020.00,,,,臨時人力薪資,金錢,桃園市大溪區****,0989*****,否,,,,,,,
523,李柏坊,111年桃園市議員選舉,首次申報,1111125,人事費用支出,簡傳益,H10*******,0.00,5000.00,,,,遊行-協助指揮交通,金錢,桃園市大溪區****,0920*****,否,,,,,,,
524,李柏坊,111年桃園市議員選舉,首次申報,1111125,租用宣傳車輛支出,鄧國華,H12*******,0.00,1600.00,,,,汽車打腊美容（刮傷),金錢,,0932*****,否,,,,,,,
525,李柏坊,111年桃園市議員選舉,首次申報,1111125,集會支出,張皓翔,H12*******,0.00,17000.00,,,,選前之夜~呂學彥舞獅,金錢,,0926*****,否,,,,,,,
526,李柏坊,111年桃園市議員選舉,首次申報,1111125,人事費用支出,宋永謙,H12*******,0.00,12000.00,,,,宋老師永恆工作室~歌唱班,金錢,桃園市大溪區****,0928*****,否,,,,,,,
527,李柏坊,111年桃園市議員選舉,首次申報,1111125,人事費用支出,藍聰盛,H12*******,0.00,21960.00,,,,發文宣,金錢,桃園市大溪區****,0928*****,否,,,,,,,
528,李柏坊,111年桃園市議員選舉,首次申報,1111125,集會支出,鍾文亮,K10*******,0.00,10000.00,,,,選前之夜表演-大嵙崁絲竹樂團,金錢,,0910*****,否,,,,,,,
529,李柏坊,111年桃園市議員選舉,首次申報,1111126,交通旅運支出,健安加油站,16077433,0.00,510.00,,,,油資,金錢,,,否,,,,,,,
530,李柏坊,111年桃園市議員選舉,首次申報,1111126,集會支出,福益外燴飲食店,42217023,0.00,4900.00,,,,炒米粉+肉焿湯,金錢,桃園市大溪區****,03-3*****,否,,,,,,,
531,李柏坊,111年桃園市議員選舉,首次申報,1111126,雜支支出,明台產物保險股份有限公司,47300252,0.00,2334.00,,,,公共意外責任保險,金錢,新竹市東區北****,,否,,,,,,,
532,李柏坊,111年桃園市議員選舉,首次申報,1111126,雜支支出,明台產物保險股份有限公司,47300252,0.00,10669.00,,,,公共意外責任保險,金錢,新竹市東區北****,,否,,,,,,,
533,李柏坊,111年桃園市議員選舉,首次申報,1111126,雜支支出,明台產物保險股份有限公司,47300252,0.00,2334.00,,,,公共意外責任保險,金錢,新竹市東區北****,,否,,,,,,,
534,李柏坊,111年桃園市議員選舉,首次申報,1111126,雜支支出,明台產物保險股份有限公司,47300252,0.00,10660.00,,,,公共意外責任保險,金錢,新竹市東區北****,,否,,,,,,,
535,李柏坊,111年桃園市議員選舉,首次申報,1111126,雜支支出,明台產物保險股份有限公司,47300252,0.00,323.00,,,,公共意外責任保險,金錢,新竹市東區北****,,否,,,,,,,
536,李柏坊,111年桃園市議員選舉,首次申報,1111126,雜支支出,明台產物保險股份有限公司,47300252,0.00,323.00,,,,公共意外責任保險,金錢,新竹市東區北****,,否,,,,,,,
537,李柏坊,111年桃園市議員選舉,首次申報,1111126,雜支支出,明台產物保險股份有限公司,47300252,0.00,323.00,,,,公共意外責任保險,金錢,新竹市東區北****,,否,,,,,,,
538,李柏坊,111年桃園市議員選舉,首次申報,1111126,雜支支出,明台產物保險股份有限公司,47300252,0.00,323.00,,,,公共意外責任保險,金錢,新竹市東區北****,,否,,,,,,,
539,李柏坊,111年桃園市議員選舉,首次申報,1111126,交通旅運支出,山隆加油站,82276743,0.00,406.00,,,,油資,金錢,,,否,,,,,,,
540,李柏坊,111年桃園市議員選舉,首次申報,1111126,雜支支出,胖二哥傳統美食專賣店,87413703,0.00,1220.00,,,,菜包.肉粽,金錢,,,否,,,,,,,
541,李柏坊,111年桃園市議員選舉,首次申報,1111127,集會支出,福益外燴飲食店,42217023,0.00,5000.00,,,,餐點,金錢,桃園市大溪區****,03-3*****,否,,,,,,,
542,李柏坊,111年桃園市議員選舉,首次申報,1111127,集會支出,玉軒樓小館,99460883,0.00,7000.00,,,,餐點,金錢,,,否,,,,,,,
543,李柏坊,111年桃園市議員選舉,首次申報,1111127,人事費用支出,蔡麗卿,E20*******,0.00,60000.00,,,,/-/行政工作費用,金錢,桃園市大溪區****,0916*****,否,,,,,,,
544,李柏坊,111年桃園市議員選舉,首次申報,1111127,人事費用支出,俆仲麟,F12*******,0.00,8000.00,,,,清理善後費用,金錢,桃園市大溪區****,0989*****,否,,,,,,,
545,李柏坊,111年桃園市議員選舉,首次申報,1111127,人事費用支出,鍾山保,F12*******,0.00,26000.00,,,,大鼓工作費用,金錢,桃園市大溪區****,0903*****,否,,,,,,,
546,李柏坊,111年桃園市議員選舉,首次申報,1111127,雜支支出,林文鎮,P12*******,0.00,1150.00,,,,早餐,金錢,桃園市大溪區****,,否,,,,,,,
547,李柏坊,111年桃園市議員選舉,首次申報,1111128,集會支出,詠發商行,01731124,0.00,9000.00,,,,椅子,金錢,桃園市大溪區****,,否,,,,,,,
548,李柏坊,111年桃園市議員選舉,首次申報,1111128,集會支出,詠發商行,01731124,0.00,50500.00,,,,帳篷.歐帳,金錢,桃園市大溪區****,0937*****,否,,,,,,,
549,李柏坊,111年桃園市議員選舉,首次申報,1111128,集會支出,詠發商行,01731124,0.00,25000.00,,,,椅子.拱門等,金錢,桃園市大溪區****,0937*****,否,,,,,,,
550,李柏坊,111年桃園市議員選舉,首次申報,1111128,交通旅運支出,台灣中油,44413747,0.00,946.00,,,,油資,金錢,,,否,,,,,,,
551,李柏坊,111年桃園市議員選舉,首次申報,1111128,集會支出,簡李玉燕,H22*******,0.00,133000.00,,,,河西問政說明會餐點,金錢,桃園市大溪區****,0955*****,否,,,,,,,
552,李柏坊,111年桃園市議員選舉,首次申報,1111129,宣傳支出,乙象堂印舖鎖匙店,78539224,0.00,3000.00,,,,印刷品-銘謝賜票,金錢,,,否,,,,,,,
553,李柏坊,111年桃園市議員選舉,首次申報,1111129,雜支支出,萬利來商行,98137445,0.00,240.00,,,,五金百貨,金錢,,,否,,,,,,,
554,李柏坊,111年桃園市議員選舉,首次申報,1111129,宣傳支出,張家瑄,F12*******,0.00,20000.00,,,,牆面廣告租金-介壽路號,金錢,桃園市大溪區****,0963*****,否,,,,,,,
555,李柏坊,111年桃園市議員選舉,首次申報,1111129,租用競選辦事處支出,李    賢,H11*******,0.00,30000.00,,,,租用介壽路號~倉 庫,金錢,桃園市大溪區****,0932*****,否,,,,,,,
556,李柏坊,111年桃園市議員選舉,首次申報,1111129,租用宣傳車輛支出,曾繁昇,H12*******,0.00,3240.00,,,,謝票-宣傳車司機,金錢,桃園市大溪區****,0932*****,否,,,,,,,
557,李柏坊,111年桃園市議員選舉,首次申報,1111130,雜支支出,明台產物保險股份有限公司,,0.00,8322.00,,,,團體保險-傷害保險,金錢,,0800*****,否,,,,,,,
558,李柏坊,111年桃園市議員選舉,首次申報,1111130,返還捐贈支出,曾文敬,,0.00,30000.00,,,,返還,金錢,桃園市蘆竹區****,,否,,,,,,,
559,李柏坊,111年桃園市議員選舉,首次申報,1111130,交通旅運支出,山隆加油站,82276743,0.00,703.00,,,,油資,金錢,,,否,,,,,,,
560,李柏坊,111年桃園市議員選舉,首次申報,1111130,雜支支出,郵局,84070009,0.00,80.00,,,,郵資,金錢,,0800*****,否,,,,,,,
561,李柏坊,111年桃園市議員選舉,首次申報,1111130,租用競選辦事處支出,藍財利,H10*******,0.00,30000.00,,,,租用競選辦事處費用,金錢,桃園市大溪區****,0932*****,否,,,,,,,
562,李柏坊,111年桃園市議員選舉,首次申報,1111130,人事費用支出,李鎮豪,H12*******,0.00,120000.00,,,,總部成立.問政說明會.集會遊行.選前之夜等,金錢,桃園市大溪區****,0903*****,否,,,,,,,
563,李柏坊,111年桃園市議員選舉,首次申報,1111130,人事費用支出,黃銘彥,H12*******,0.00,75000.00,,,,吉普車遊行-三天,金錢,桃園市大溪區****,0928*****,否,,,,,,,
564,李柏坊,111年桃園市議員選舉,首次申報,1111130,人事費用支出,羅美玲,H22*******,0.00,85000.00,,,,/-/總部行政工作費用,金錢,桃園市大溪區****,0928*****,否,,,,,,,
565,李柏坊,111年桃園市議員選舉,首次申報,1111130,租用競選辦事處支出,林文鎮,P12*******,0.00,63000.00,,,,租用競選辦事處費用,金錢,桃園市大溪區****,03-3*****,否,,,,,,,
566,李柏坊,111年桃園市議員選舉,首次申報,1111202,交通旅運支出,台灣中油,43032214,0.00,1447.00,,,,油資,金錢,桃園市大溪區****,,否,,,,,,,
567,李柏坊,111年桃園市議員選舉,首次申報,1111202,交通旅運支出,台灣中油,44413747,0.00,925.00,,,,油資,金錢,,,否,,,,,,,
568,李柏坊,111年桃園市議員選舉,首次申報,1111202,人事費用支出,簡金富,H10*******,0.00,60000.00,,,,議員司機,金錢,桃園市大溪區****,0925*****,否,,,,,,,
569,李柏坊,111年桃園市議員選舉,首次申報,1111205,人事費用支出,李建基,C12*******,0.00,5000.00,,,,油漆~復原還屋,金錢,桃園市龍潭區****,0908*****,否,,,,,,,
570,李柏坊,111年桃園市議員選舉,首次申報,1111207,雜支支出,簡大哥甘蔗鴨,26594668,0.00,6000.00,,,,滷味,金錢,桃園市大溪區****,03-3*****,否,,,,,,,
571,李柏坊,111年桃園市議員選舉,首次申報,1111207,宣傳支出,順億鷹架工程行,30299301,0.00,525000.00,,,,鷹架工程,金錢,桃園市大溪區****,0928*****,否,,,,,,,
572,李柏坊,111年桃園市議員選舉,首次申報,1111208,交通旅運支出,尚美加油站,01826873,0.00,545.00,,,,油資,金錢,,,否,,,,,,,
573,李柏坊,111年桃園市議員選舉,首次申報,1111208,雜支支出,中華電信股份有限公司,19683736,0.00,449.00,,,,電話費,金錢,,,否,,,,,,,
574,李柏坊,111年桃園市議員選舉,首次申報,1111208,雜支支出,中華電信股份有限公司,19683736,0.00,336.00,,,,電話費,金錢,,,否,,,,,,,
575,李柏坊,111年桃園市議員選舉,首次申報,1111208,雜支支出,中華電信股份有限公司,19683736,0.00,915.00,,,,電話費,金錢,,,否,,,,,,,
576,李柏坊,111年桃園市議員選舉,首次申報,1111208,雜支支出,中華電信股份有限公司,19683736,0.00,375.00,,,,電話費,金錢,,,否,,,,,,,
577,李柏坊,111年桃園市議員選舉,首次申報,1111208,交通旅運支出,山隆加油站,82276743,0.00,498.00,,,,油資,金錢,,,否,,,,,,,
578,李柏坊,111年桃園市議員選舉,首次申報,1111210,宣傳支出,十才設計企業社,34938548,0.00,198800.00,,,,活動設計企劃.文宣設計,金錢,桃園市大溪區****,03-3*****,否,,,,,,,
579,李柏坊,111年桃園市議員選舉,首次申報,1111210,人事費用支出,李坤龍,H12*******,0.00,150000.00,,,,掛看板.綁旗幟。油漆.宣傳車佈置.集會遊行等,金錢,桃園市大溪區****,0937*****,否,,,,,,,
580,李柏坊,111年桃園市議員選舉,首次申報,1111212,交通旅運支出,士香加油站,23559077,0.00,500.00,,,,油資,金錢,,,否,,,,,,,
581,李柏坊,111年桃園市議員選舉,首次申報,1111213,交通旅運支出,台灣中油,43032214,0.00,943.00,,,,油資,金錢,桃園市大溪區****,,否,,,,,,,
