﻿序號,擬參選人／政黨,選舉名稱,申報序號／年度,交易日期,收支科目,捐贈者／支出對象,身分證／統一編號,收入金額,支出金額,捐贈方式,存入專戶日期,返還/繳庫,支出用途,金錢類,地址,聯絡電話,應揭露之支出對象,支出對象之內部人員姓名,支出對象之內部人員職稱,政黨之內部人員姓名,政黨之內部人員職稱,關係,更正註記,資料更正日期
1,鄭碧玉,111年苗栗縣議員選舉,首次申報,1111016,個人捐贈收入,廖煥維,,3000.00,0.00,現金,1111018,,,金錢,苗栗縣頭屋鄉****,0912*****,,,,,,,★,1120310
2,鄭碧玉,111年苗栗縣議員選舉,首次申報,1111016,個人捐贈收入,管增忠,K10*******,100000.00,0.00,現金,1111018,,,金錢,苗栗縣公館鄉****,,,,,,,,★,1120310
3,鄭碧玉,111年苗栗縣議員選舉,首次申報,1111016,個人捐贈收入,管世鉦,K12*******,100000.00,0.00,現金,1111018,,,金錢,苗栗縣公館鄉****,0922*****,,,,,,,★,1120310
4,鄭碧玉,111年苗栗縣議員選舉,首次申報,1111016,個人捐贈收入,羅國霖,K12*******,100000.00,0.00,現金,1111018,,,金錢,苗栗縣苗栗市****,,,,,,,,★,1120310
5,鄭碧玉,111年苗栗縣議員選舉,首次申報,1111016,個人捐贈收入,羅郁淩,K22*******,100000.00,0.00,現金,1111018,,,金錢,苗栗縣公館鄉****,0922*****,,,,,,,★,1120310
6,鄭碧玉,111年苗栗縣議員選舉,首次申報,1111020,個人捐贈收入,劉秀英,J20*******,30000.00,0.00,匯款,1111020,,,金錢,桃園市平鎮區****,0932*****,,,,,,,★,1120310
7,鄭碧玉,111年苗栗縣議員選舉,首次申報,1111021,個人捐贈收入,鍾智鵬,K12*******,5000.00,0.00,現金,1111021,,,金錢,苗栗縣苗栗市****,,,,,,,,,
8,鄭碧玉,111年苗栗縣議員選舉,首次申報,1111026,個人捐贈收入,林賢坤,K12*******,50000.00,0.00,現金,1111026,,,金錢,苗栗縣苗栗市****,0910*****,,,,,,,,
9,鄭碧玉,111年苗栗縣議員選舉,首次申報,1111028,個人捐贈收入,鄭中德,K10*******,50000.00,0.00,現金,1111028,,,金錢,苗栗縣苗栗市****,0910*****,,,,,,,,
10,鄭碧玉,111年苗栗縣議員選舉,首次申報,1111108,個人捐贈收入,朱銘錱,K10*******,10000.00,0.00,現金,1111108,,,金錢,苗栗縣公館鄉****,0978*****,,,,,,,,
11,鄭碧玉,111年苗栗縣議員選舉,首次申報,1111108,個人捐贈收入,羅國郡,K12*******,100000.00,0.00,現金,1111108,,,金錢,苗栗縣苗栗市****,0970*****,,,,,,,,
12,鄭碧玉,111年苗栗縣議員選舉,首次申報,1111108,個人捐贈收入,張偉琳,K22*******,100000.00,0.00,現金,1111108,,,金錢,苗栗縣苗栗市****,,,,,,,,,
13,鄭碧玉,111年苗栗縣議員選舉,首次申報,1111110,個人捐贈收入,歐瑞生,T12*******,100000.00,0.00,現金,1111111,,,金錢,苗栗縣苗栗市****,0932*****,,,,,,,★,1120310
14,鄭碧玉,111年苗栗縣議員選舉,首次申報,1111110,個人捐贈收入,歐又齊,T12*******,100000.00,0.00,現金,1111111,,,金錢,苗栗縣苗栗市****,0928*****,,,,,,,★,1120310
15,鄭碧玉,111年苗栗縣議員選舉,首次申報,1111110,個人捐贈收入,潘秋慧,T22*******,100000.00,0.00,現金,1111111,,,金錢,苗栗縣苗栗市****,0939*****,,,,,,,★,1120310
16,鄭碧玉,111年苗栗縣議員選舉,首次申報,1111112,個人捐贈收入,吳文琳,K12*******,3600.00,0.00,現金,1111114,,,金錢,苗栗縣苗栗市****,0912*****,,,,,,,★,1120310
17,鄭碧玉,111年苗栗縣議員選舉,首次申報,1111115,營利事業捐贈收入,錦泰科技工程有限公司,16978335,20000.00,0.00,現金,1111118,,,金錢,苗栗縣苗栗市****,037-*****,,,,,,,★,1120310
18,鄭碧玉,111年苗栗縣議員選舉,首次申報,1111125,個人捐贈收入,謝志明,K12*******,2000.00,0.00,現金,1111125,,,金錢,苗栗縣苗栗市****,0912*****,,,,,,,,
