﻿序號,擬參選人／政黨,選舉名稱,申報序號／年度,交易日期,收支科目,捐贈者／支出對象,身分證／統一編號,收入金額,支出金額,支出用途,金錢類,地址,聯絡電話,資料更正日期
1,鄭小塔,107年村(里)長選舉,首次申報,1070830,個人捐贈收入,李文英,Z20*******,50000.00,0.00,,金錢,臺北市北投區****,0955*****,
2,鄭小塔,107年村(里)長選舉,首次申報,1070831,個人捐贈收入,劉自強,A11*******,100000.00,0.00,,非金錢,基隆市中山區****,,
3,鄭小塔,107年村(里)長選舉,首次申報,1070904,個人捐贈收入,陳春秋,,1000.00,0.00,,金錢,,0929*****,
4,鄭小塔,107年村(里)長選舉,首次申報,1070922,個人捐贈收入,梁珊華,,5000.00,0.00,,金錢,,0922*****,
5,鄭小塔,107年村(里)長選舉,首次申報,1071108,個人捐贈收入,張家榮,,12000.00,0.00,,金錢,臺北市大安區****,0912*****,
6,鄭小塔,107年村(里)長選舉,首次申報,1071114,個人捐贈收入,廖惠慶,,10000.00,0.00,,金錢,臺北市士林區****,,
7,鄭小塔,107年村(里)長選舉,首次申報,1071115,個人捐贈收入,周威均,B12*******,50000.00,0.00,,金錢,臺中市南區復****,0937*****,
8,鄭小塔,107年村(里)長選舉,首次申報,1071121,個人捐贈收入,張玴銘,,8000.00,0.00,,金錢,新北市中和區****,0921*****,
9,鄭小塔,107年村(里)長選舉,首次申報,1071122,個人捐贈收入,陳惠雯,,5000.00,0.00,,金錢,新北市汐止區****,,
10,鄭小塔,107年村(里)長選舉,首次申報,1071221,其他收入,利息收入,,3.00,0.00,,金錢,,,
