﻿序號,擬參選人／政黨,選舉名稱,申報序號／年度,交易日期,收支科目,捐贈者／支出對象,身分證／統一編號,收入金額,支出金額,捐贈方式,存入專戶日期,返還/繳庫,支出用途,金錢類,地址,聯絡電話,應揭露之支出對象,支出對象之內部人員姓名,支出對象之內部人員職稱,政黨之內部人員姓名,政黨之內部人員職稱,關係,更正註記,資料更正日期
1,詹木根,111年彰化縣議員選舉,首次申報,1111101,個人捐贈收入,涂懿真,,18000.00,0.00,現金,1111109,,,金錢,彰化縣永靖鄉****,0482*****,,,,,,,,
2,詹木根,111年彰化縣議員選舉,首次申報,1111101,個人捐贈收入,陳宥丞,,18000.00,0.00,現金,1111109,,,金錢,彰化縣永靖鄉****,0482*****,,,,,,,,
3,詹木根,111年彰化縣議員選舉,首次申報,1111102,個人捐贈收入,邱志成,,20000.00,0.00,現金,1111110,,,金錢,彰化縣埔心鄉****,0482*****,,,,,,,,
4,詹木根,111年彰化縣議員選舉,首次申報,1111102,個人捐贈收入,張伯光,,10000.00,0.00,現金,1111110,,,金錢,彰化縣永靖鄉****,0482*****,,,,,,,,
5,詹木根,111年彰化縣議員選舉,首次申報,1111107,個人捐贈收入,張伯光,,10000.00,0.00,現金,1111114,,,金錢,彰化縣永靖鄉****,0482*****,,,,,,,,
6,詹木根,111年彰化縣議員選舉,首次申報,1111115,個人捐贈收入,詹宥棚,,10000.00,0.00,現金,1111121,,,金錢,彰化縣永靖鄉****,0482*****,,,,,,,,
7,詹木根,111年彰化縣議員選舉,首次申報,1111117,個人捐贈收入,詹宥棚,,10000.00,0.00,現金,1111124,,,金錢,彰化縣永靖鄉****,0482*****,,,,,,,,
8,詹木根,111年彰化縣議員選舉,首次申報,1111124,個人捐贈收入,葉冠成,,16000.00,0.00,現金,1111207,,,金錢,彰化縣和美鎮****,0475*****,,,,,,,,
9,詹木根,111年彰化縣議員選舉,首次申報,1111221,其他收入,結息,,33.00,0.00,匯款,,,,金錢,,,,,,,,,,
