﻿序號,擬參選人／政黨,選舉名稱,申報序號／年度,交易日期,收支科目,捐贈者／支出對象,身分證／統一編號,收入金額,支出金額,捐贈方式,存入專戶日期,返還/繳庫,支出用途,金錢類,地址,聯絡電話,應揭露之支出對象,支出對象之內部人員姓名,支出對象之內部人員職稱,政黨之內部人員姓名,政黨之內部人員職稱,關係,更正註記,資料更正日期
1,王育敏,111年嘉義縣縣長選舉,首次申報,1110825,宣傳支出,鳳鳴廣告有限公司,53630246,0.00,170130.00,,,,租用廣告看板或車體廣告費用,金錢,嘉義市東區蘭****,,否,,,,,,,
2,王育敏,111年嘉義縣縣長選舉,首次申報,1110902,公共關係費用支出,財團法人若竹兒教育基金會附設嘉義縣私立若竹兒智能發展中心,09116100,0.00,15615.00,,,,聯誼交際費用,金錢,嘉義縣民雄鄉****,,否,,,,,,,
3,王育敏,111年嘉義縣縣長選舉,首次申報,1110907,雜支支出,中華郵政,H12*******,0.00,570.00,,,,郵寄禮盒代墊費用,金錢,桃園市桃園區****,,否,,,,,,,
4,王育敏,111年嘉義縣縣長選舉,首次申報,1110922,交通旅運支出,台灣中油,,0.00,6128.00,,,,油資,金錢,嘉義縣太保市****,,否,,,,,,,
5,王育敏,111年嘉義縣縣長選舉,首次申報,1110922,交通旅運支出,昤靖車業材料行,,0.00,1050.00,,,,其他與交通旅運有關之費用(公務車維修),金錢,臺南市佳里區****,,否,,,,,,,
6,王育敏,111年嘉義縣縣長選舉,首次申報,1110922,交通旅運支出,台灣中油,,0.00,180.00,,,,其他與交通旅運有關之費用(洗車),金錢,嘉義縣太保市****,,否,,,,,,,
7,王育敏,111年嘉義縣縣長選舉,首次申報,1110922,交通旅運支出,嘉義區漁會漁產品直銷中心附設停車場,,0.00,40.00,,,,停車費,金錢,嘉義縣布袋鎮****,,否,,,,,,,
8,王育敏,111年嘉義縣縣長選舉,首次申報,1110922,雜支支出,好鄰居商店,06344235,0.00,4000.00,,,,文具用品費用,金錢,嘉義縣朴子市****,,否,,,,,,,
9,王育敏,111年嘉義縣縣長選舉,首次申報,1110922,租用競選辦事處支出,全美空調工程行,06367481,0.00,78000.00,,,,裝潢競選辦事處費用(空調設備),金錢,嘉義縣朴子市****,,否,,,,,,,
10,王育敏,111年嘉義縣縣長選舉,首次申報,1110922,租用競選辦事處支出,嘉慶電料社,06555532,0.00,5000.00,,,,裝潢競選辦事處費用(安裝日光燈),金錢,臺南市新營區****,,否,,,,,,,
11,王育敏,111年嘉義縣縣長選舉,首次申報,1110922,雜支支出,超全電子音響專賣店,13632129,0.00,1300.00,,,,雜項購置或修繕費用,金錢,嘉義縣朴子市****,,否,,,,,,,
12,王育敏,111年嘉義縣縣長選舉,首次申報,1110922,租用競選辦事處支出,長青企業,25898782,0.00,25000.00,,,,租買辦公設備費用(辦公桌椅),金錢,嘉義縣義竹鄉****,,否,,,,,,,
13,王育敏,111年嘉義縣縣長選舉,首次申報,1110922,雜支支出,第一吳進益香鋪,36769504,0.00,910.00,,,,雜項購置或修繕費用,金錢,嘉義縣朴子市****,,否,,,,,,,
14,王育敏,111年嘉義縣縣長選舉,首次申報,1110922,宣傳支出,參陸零影像工作室,47860819,0.00,41830.00,,,,候選人個人及團體形象照,金錢,嘉義縣太保市****,,否,,,,,,,
15,王育敏,111年嘉義縣縣長選舉,首次申報,1110922,宣傳支出,鳳鳴廣告有限公司,53630246,0.00,160129.00,,,,租用廣告看板或車體廣告費用,金錢,嘉義市東區蘭****,,否,,,,,,,
16,王育敏,111年嘉義縣縣長選舉,首次申報,1110922,宣傳支出,網讚策略有限公司,54878456,0.00,136530.00,,,,播放、傳送或刊登宣傳廣告費用,金錢,新北市板橋區****,,否,,,,,,,
17,王育敏,111年嘉義縣縣長選舉,首次申報,1110922,租用競選辦事處支出,元興汽車修配所,66368533,0.00,900.00,,,,租買辦公設備費用,金錢,嘉義縣朴子市****,,否,,,,,,,
18,王育敏,111年嘉義縣縣長選舉,首次申報,1110922,租用競選辦事處支出,德豐電器行,66581231,0.00,5320.00,,,,裝潢競選辦事處費用(日光燈),金錢,嘉義縣朴子市****,,否,,,,,,,
19,王育敏,111年嘉義縣縣長選舉,首次申報,1110922,租用競選辦事處支出,阿榮五金鎖匙店,66648628,0.00,240.00,,,,租買辦公設備費用,金錢,嘉義縣朴子市****,,否,,,,,,,
20,王育敏,111年嘉義縣縣長選舉,首次申報,1110922,租用競選辦事處支出,東興行,67169104,0.00,265.00,,,,租買辦公設備費用,金錢,嘉義縣朴子市****,,否,,,,,,,
21,王育敏,111年嘉義縣縣長選舉,首次申報,1110926,租用宣傳車輛支出,仁有電腦四輪定位,,0.00,22100.00,,,,維修宣傳車輛費用,金錢,嘉義縣朴子市****,,否,,,,,,,
22,王育敏,111年嘉義縣縣長選舉,首次申報,1110927,雜支支出,慶晉行,66360357,0.00,2800.00,,,,餐飲費用,金錢,嘉義縣朴子市****,,否,,,,,,,
23,王育敏,111年嘉義縣縣長選舉,首次申報,1111004,宣傳支出,鑫泉實業股份有限公司,16256127,0.00,29350.00,,,,製作競選物品或宣傳廣告費用（礦泉水）,金錢,高雄市三民區****,,否,,,,,,,
24,王育敏,111年嘉義縣縣長選舉,首次申報,1111004,人事費用支出,台灣菸酒公司,17164884,0.00,900.00,,,,防疫酒精,金錢,嘉義縣朴子市****,,否,,,,,,,
25,王育敏,111年嘉義縣縣長選舉,首次申報,1111006,交通旅運支出,台灣中油,,0.00,5991.00,,,,油資,金錢,嘉義縣太保市****,,否,,,,,,,
26,王育敏,111年嘉義縣縣長選舉,首次申報,1111006,交通旅運支出,仁有電腦四輪定位,,0.00,300.00,,,,其他與交通旅運有關之費用(公務車維修),金錢,嘉義縣朴子市****,,否,,,,,,,
27,王育敏,111年嘉義縣縣長選舉,首次申報,1111006,宣傳支出,正港廣播電台股份有限公司,80380489,0.00,69030.00,,,,播放、傳送或刊登宣傳廣告費用,金錢,嘉義市西區德****,,否,,,,,,,
28,王育敏,111年嘉義縣縣長選舉,首次申報,1111006,宣傳支出,光宇企業社,85556556,0.00,112514.00,,,,製作競選物品或宣傳廣告費用(聯合競選看板製作）,金錢,嘉義市西區垂****,,否,,,,,,,
29,王育敏,111年嘉義縣縣長選舉,首次申報,1111011,宣傳支出,炫目科技有限公司,83132668,0.00,53374.00,,,,製作競選物品或宣傳廣告費用（口罩）,金錢,嘉義縣中埔鄉****,,否,,,,,,,
30,王育敏,111年嘉義縣縣長選舉,首次申報,1111011,宣傳支出,光宇企業社,85556556,0.00,58880.00,,,,製作競選物品或宣傳廣告費用（手搖旗）,金錢,嘉義市西區垂****,,否,,,,,,,
31,王育敏,111年嘉義縣縣長選舉,首次申報,1111024,繳庫支出,監察院,03753307,0.00,20000.00,,,,繳庫,金錢,台北市忠孝東****,,否,,,,,,,
32,王育敏,111年嘉義縣縣長選舉,首次申報,1111026,雜支支出,三新自動門科技有限公司,,0.00,1230.00,,,,雜項購置或修繕費用(選辦自動門維修),金錢,嘉義市西區劉****,,否,,,,,,,
33,王育敏,111年嘉義縣縣長選舉,首次申報,1111026,雜支支出,正豐印鋪鎖匙,,0.00,200.00,,,,雜項購置或修繕費用((配鑰匙),金錢,嘉義縣朴子市****,,否,,,,,,,
34,王育敏,111年嘉義縣縣長選舉,首次申報,1111026,交通旅運支出,台灣中油,,0.00,7068.00,,,,油資,金錢,嘉義縣太保市****,,否,,,,,,,
35,王育敏,111年嘉義縣縣長選舉,首次申報,1111026,宣傳支出,三大打字社,06316548,0.00,57870.00,,,,製作競選物品或宣傳廣告費用（文宣印刷）,金錢,嘉義縣大林鎮****,,否,,,,,,,
36,王育敏,111年嘉義縣縣長選舉,首次申報,1111026,租用競選辦事處支出,嘉慶電料社,06555532,0.00,600.00,,,,裝潢競選辦事處費用(安裝腳架),金錢,臺南市新營區****,,否,,,,,,,
37,王育敏,111年嘉義縣縣長選舉,首次申報,1111026,雜支支出,嘉義垂楊路火雞肉飯,09580296,0.00,6970.00,,,,餐飲費用,金錢,嘉義縣朴子市****,,否,,,,,,,
38,王育敏,111年嘉義縣縣長選舉,首次申報,1111026,宣傳支出,鑫泉實業股份有限公司,16256127,0.00,20000.00,,,,製作競選物品或宣傳廣告費用（礦泉水）,金錢,高雄市三民區****,,否,,,,,,,
39,王育敏,111年嘉義縣縣長選舉,首次申報,1111026,雜支支出,天睿商行,25747624,0.00,815.00,,,,雜項購置或修繕費用,金錢,嘉義縣朴子市****,,否,,,,,,,
40,王育敏,111年嘉義縣縣長選舉,首次申報,1111026,雜支支出,第一吳進益金香舖,36769504,0.00,450.00,,,,雜項購置或修繕費用,金錢,嘉義縣朴子市****,,否,,,,,,,
41,王育敏,111年嘉義縣縣長選舉,首次申報,1111026,租用競選辦事處支出,德豐電器行,66581231,0.00,1700.00,,,,裝潢競選辦事處費用,金錢,嘉義縣朴子市****,,否,,,,,,,
42,王育敏,111年嘉義縣縣長選舉,首次申報,1111026,雜支支出,中華電信股份有限公司,93949275,0.00,180.00,,,,電信費用,金錢,嘉義市西區中****,,否,,,,,,,
43,王育敏,111年嘉義縣縣長選舉,首次申報,1111026,租用宣傳車輛支出,李麒麟,Q10*******,0.00,2581.00,,,,雇用宣傳車輛駕駛費用,金錢,嘉義縣竹崎鄉****,,否,,,,,,,
44,王育敏,111年嘉義縣縣長選舉,首次申報,1111026,租用宣傳車輛支出,吳榮芳,Q12*******,0.00,24516.00,,,,雇用宣傳車輛駕駛費用,金錢,嘉義縣六腳鄉****,,否,,,,,,,
45,王育敏,111年嘉義縣縣長選舉,首次申報,1111101,宣傳支出,王育敏,E22*******,0.00,46000.00,,,,租用廣告看板或車體廣告費用,非金錢,嘉義縣中埔鄉****,0925*****,否,,,,,,,
46,王育敏,111年嘉義縣縣長選舉,首次申報,1111107,租用宣傳車輛支出,TOYOTA,,0.00,8244.00,,,,維修宣傳車輛費用,金錢,嘉義縣朴子市****,,否,,,,,,,
47,王育敏,111年嘉義縣縣長選舉,首次申報,1111107,租用宣傳車輛支出,台灣中油,,0.00,12142.00,,,,宣傳車輛燃料費用,金錢,嘉義縣太保市****,,否,,,,,,,
48,王育敏,111年嘉義縣縣長選舉,首次申報,1111115,交通旅運支出,台灣中油,,0.00,4078.00,,,,油資,金錢,嘉義縣太保市****,,否,,,,,,,
49,王育敏,111年嘉義縣縣長選舉,首次申報,1111115,交通旅運支出,台灣中油,,0.00,150.00,,,,其他與交通旅運有關之費用(洗車),金錢,嘉義縣太保市****,,否,,,,,,,
50,王育敏,111年嘉義縣縣長選舉,首次申報,1111115,租用宣傳車輛支出,台灣中油,,0.00,4690.00,,,,宣傳車輛燃料費用,金錢,嘉義縣太保市****,,否,,,,,,,
51,王育敏,111年嘉義縣縣長選舉,首次申報,1111115,租用宣傳車輛支出,德豐電器行,,0.00,185.00,,,,其他與租用宣傳車輛有關之費用(裝設音響),金錢,嘉義縣朴子市****,,否,,,,,,,
52,王育敏,111年嘉義縣縣長選舉,首次申報,1111115,租用宣傳車輛支出,新裕興五金行,,0.00,270.00,,,,其他與租用宣傳車輛有關之費用(裝設音響),金錢,嘉義縣朴子市****,,否,,,,,,,
53,王育敏,111年嘉義縣縣長選舉,首次申報,1111115,租用宣傳車輛支出,仁有電腦四輪定位,,0.00,2500.00,,,,維修宣傳車輛費用,金錢,嘉義縣朴子市****,,否,,,,,,,
54,王育敏,111年嘉義縣縣長選舉,首次申報,1111115,租用宣傳車輛支出,全勝吊車行,,0.00,2000.00,,,,其他與租用宣傳車輛有關之費用(拖吊),金錢,嘉義市西區友****,,否,,,,,,,
55,王育敏,111年嘉義縣縣長選舉,首次申報,1111115,公共關係費用支出,昇暉文藝行,,0.00,800.00,,,,聯誼交際費用(歸寧喜幛),金錢,嘉義縣梅山鄉****,,否,,,,,,,
56,王育敏,111年嘉義縣縣長選舉,首次申報,1111115,宣傳支出,也是行銷有限公司,80124453,0.00,30000.00,,,,播放、傳送或刊登宣傳廣告費用,金錢,嘉義市東區蘭****,,否,,,,,,,
57,王育敏,111年嘉義縣縣長選舉,首次申報,1111116,宣傳支出,臺灣中華日報社股份有限公司,,0.00,10030.00,,,,播放、傳送或刊登宣傳廣告費用,金錢,臺南市北區西****,,否,,,,,,,
58,王育敏,111年嘉義縣縣長選舉,首次申報,1111117,雜支支出,東宏池上飯包,06364457,0.00,1600.00,,,,餐飲費用,金錢,嘉義縣朴子市****,,否,,,,,,,
59,王育敏,111年嘉義縣縣長選舉,首次申報,1111118,交通旅運支出,台灣中油,,0.00,11176.00,,,,油資,金錢,嘉義縣太保市****,,否,,,,,,,
60,王育敏,111年嘉義縣縣長選舉,首次申報,1111118,雜支支出,好鄰居商店,06344235,0.00,6453.00,,,,雜項購置或修繕費用,金錢,嘉義縣朴子市****,,否,,,,,,,
61,王育敏,111年嘉義縣縣長選舉,首次申報,1111118,租用競選辦事處支出,勝利汽車保養廠,06352728,0.00,20000.00,,,,裝潢競選辦事處費用(拆除裝潢),金錢,嘉義縣朴子市****,,否,,,,,,,
62,王育敏,111年嘉義縣縣長選舉,首次申報,1111118,雜支支出,嘉義垂楊路火雞肉飯,09580296,0.00,6740.00,,,,餐飲費用,金錢,嘉義縣朴子市****,,否,,,,,,,
63,王育敏,111年嘉義縣縣長選舉,首次申報,1111118,雜支支出,阿秋水果專賣店,10118540,0.00,2143.00,,,,餐飲費用,金錢,嘉義縣朴子市****,,否,,,,,,,
64,王育敏,111年嘉義縣縣長選舉,首次申報,1111118,雜支支出,包如意鴨肉飯,10408647,0.00,2450.00,,,,餐飲費用,金錢,嘉義縣朴子市****,,否,,,,,,,
65,王育敏,111年嘉義縣縣長選舉,首次申報,1111118,雜支支出,自然豬小排飯,25836766,0.00,8240.00,,,,餐飲費用,金錢,嘉義縣朴子市****,,否,,,,,,,
66,王育敏,111年嘉義縣縣長選舉,首次申報,1111118,雜支支出,有志牛肉麵,62932019,0.00,2765.00,,,,餐飲費用,金錢,嘉義縣朴子市****,,否,,,,,,,
67,王育敏,111年嘉義縣縣長選舉,首次申報,1111118,雜支支出,台灣電力公司,66019000,0.00,6132.00,,,,水電瓦斯費用,金錢,嘉義市東區垂****,,否,,,,,,,
68,王育敏,111年嘉義縣縣長選舉,首次申報,1111118,雜支支出,廟口小排飯,81943965,0.00,1485.00,,,,餐飲費用,金錢,嘉義縣朴子市****,,否,,,,,,,
69,王育敏,111年嘉義縣縣長選舉,首次申報,1111123,交通旅運支出,台灣中油,,0.00,6673.00,,,,油資,金錢,嘉義縣太保市****,,否,,,,,,,
70,王育敏,111年嘉義縣縣長選舉,首次申報,1111123,租用宣傳車輛支出,台灣中油,,0.00,8606.00,,,,宣傳車輛燃料費用,金錢,嘉義縣太保市****,,否,,,,,,,
71,王育敏,111年嘉義縣縣長選舉,首次申報,1111123,雜支支出,獵狐無線電器材有限公司,,0.00,788.00,,,,雜項購置或修繕費用(麥克風電池),金錢,臺南市中西區****,,否,,,,,,,
72,王育敏,111年嘉義縣縣長選舉,首次申報,1111123,交通旅運支出,台灣中油,,0.00,180.00,,,,其他與交通旅運有關之費用(洗車),金錢,嘉義縣太保市****,,否,,,,,,,
73,王育敏,111年嘉義縣縣長選舉,首次申報,1111123,雜支支出,全聯福利中心,,0.00,126.00,,,,雜項購置或修繕費用(麥克風電池),金錢,嘉義縣朴子市****,,否,,,,,,,
74,王育敏,111年嘉義縣縣長選舉,首次申報,1111123,雜支支出,中華電信股份有限公司,93949275,0.00,5793.00,,,,電信費用,金錢,嘉義市西區中****,,否,,,,,,,
75,王育敏,111年嘉義縣縣長選舉,首次申報,1111123,雜支支出,三才自助餐,99569357,0.00,2640.00,,,,餐飲費用,金錢,嘉義縣朴子市****,,否,,,,,,,
76,王育敏,111年嘉義縣縣長選舉,首次申報,1111123,租用宣傳車輛支出,吳榮芳,Q12*******,0.00,40000.00,,,,雇用宣傳車輛駕駛費用,金錢,嘉義縣六腳鄉****,,否,,,,,,,
77,王育敏,111年嘉義縣縣長選舉,首次申報,1111124,雜支支出,張記廣式燒臘店,25537015,0.00,2560.00,,,,餐飲費用,金錢,嘉義縣朴子市****,,否,,,,,,,
78,王育敏,111年嘉義縣縣長選舉,首次申報,1111126,公共關係費用支出,馬鳴山鎮安宮管理委員會,,0.00,23509.00,,,,聯誼交際費用,金錢,雲林縣褒忠鄉****,,否,,,,,,,
79,王育敏,111年嘉義縣縣長選舉,首次申報,1111127,雜支支出,東池小吃部,40768324,0.00,2465.00,,,,餐飲費用,金錢,嘉義縣朴子市****,,否,,,,,,,
80,王育敏,111年嘉義縣縣長選舉,首次申報,1111202,公共關係費用支出,大林花環禮儀社,66568321,0.00,34545.00,,,,聯誼交際費用(賀當選花束),金錢,嘉義縣大林鎮****,,否,,,,,,,
