﻿序號,擬參選人／政黨,選舉名稱,申報序號／年度,交易日期,收支科目,捐贈者／支出對象,身分證／統一編號,收入金額,支出金額,支出用途,金錢類,地址,聯絡電話,資料更正日期
1,陳永福,107年直轄市議員選舉,首次申報,1070901,宣傳支出,心雅服裝行,15995103,0.00,3166.00,製作競選物品支出（背心）,金錢,臺北市萬華區****,(02)*****,
2,陳永福,107年直轄市議員選舉,首次申報,1070902,雜支支出,新北市第三分公司,22656207,0.00,100.00,文具用品費用,金錢,新北市新店區****,,
3,陳永福,107年直轄市議員選舉,首次申報,1070903,雜支支出,華太書局,33820352,0.00,1085.00,文具用品費用,金錢,,,
4,陳永福,107年直轄市議員選舉,首次申報,1070904,雜支支出,統一超商百福店,22656207,0.00,16.00,文具用品費用,金錢,新北市新店區****,,
5,陳永福,107年直轄市議員選舉,首次申報,1070905,雜支支出,華太書局,33820351,0.00,204.00,文具用品費用,金錢,,,
6,陳永福,107年直轄市議員選舉,首次申報,1070907,雜支支出,正陽照相器材有限公司,23890075,0.00,200.00,鏡頭蓋,金錢,,,
7,陳永福,107年直轄市議員選舉,首次申報,1070910,宣傳支出,刷樂國際股份有限公司,86257802,0.00,60000.00,製作競選物品支出（牙線棒盒）,金錢,臺中市南區忠****,,
8,陳永福,107年直轄市議員選舉,首次申報,1070918,雜支支出,華太書局,33820351,0.00,120.00,文具用品費用,金錢,,,
9,陳永福,107年直轄市議員選舉,首次申報,1070921,雜支支出,台灣佳能資訊股份有限公司,29075423,0.00,2950.00,雜項購置或修繕費用,金錢,臺北市中正區****,(02)*****,
10,陳永福,107年直轄市議員選舉,首次申報,1070925,雜支支出,正陽照相器材有限公司,23890075,0.00,5200.00,雜項購置或修繕費用,金錢,,,
11,陳永福,107年直轄市議員選舉,首次申報,1070925,集會支出,家圳實業有限公司,70490389,0.00,11000.00,餐飲支出,金錢,新北市三重區****,,
12,陳永福,107年直轄市議員選舉,首次申報,1070928,宣傳支出,泰豪廣告企業社,41081723,0.00,7000.00,製作宣傳廣告支出,金錢,新北市板橋區****,,
13,陳永福,107年直轄市議員選舉,首次申報,1071001,雜支支出,台北贏家專業影印社,31848375,0.00,2268.00,文具用品費用,金錢,,,
14,陳永福,107年直轄市議員選舉,首次申報,1071003,宣傳支出,泰豪廣告企業社,41081723,0.00,5000.00,製作宣傳廣告支出,金錢,新北市板橋區****,,
15,陳永福,107年直轄市議員選舉,首次申報,1071004,宣傳支出,泰豪廣告企業社,41081723,0.00,44000.00,製作宣傳廣告支出,金錢,新北市板橋區****,,
16,陳永福,107年直轄市議員選舉,首次申報,1071008,交通旅運支出,瑞源有限公司,42717569,0.00,10000.00,停車費,金錢,,,
17,陳永福,107年直轄市議員選舉,首次申報,1071009,雜支支出,燦坤實業股份有限公司,27939556,0.00,444.00,電池,金錢,,,
18,陳永福,107年直轄市議員選舉,首次申報,1071009,雜支支出,創裕資訊有限公司,28639326,0.00,500.00,電腦修繕費,金錢,,,
19,陳永福,107年直轄市議員選舉,首次申報,1071009,雜支支出,日日強煤氣有限公司,38003920,0.00,6090.00,水電瓦斯費用,金錢,,,
20,陳永福,107年直轄市議員選舉,首次申報,1071010,雜支支出,一等水電材料有限公司,80183810,0.00,714.00,雜項購置或修繕費用,金錢,,,
21,陳永福,107年直轄市議員選舉,首次申報,1071011,宣傳支出,泰豪廣告企業社,41081723,0.00,50400.00,製作宣傳廣告支出,金錢,新北市板橋區****,,
22,陳永福,107年直轄市議員選舉,首次申報,1071011,公共關係費用支出,閣再來餐廳有限公司,53179692,0.00,9427.00,聯誼交際費用,金錢,新北市新店區****,,
23,陳永福,107年直轄市議員選舉,首次申報,1071012,雜支支出,特力屋股份有限公司,27240290,0.00,1825.00,雜項購置或修繕費用,金錢,,,
24,陳永福,107年直轄市議員選舉,首次申報,1071012,雜支支出,文揚國際有限公司,27300037,0.00,9450.00,雜項購置或修繕費用,金錢,新北市三重區****,,
25,陳永福,107年直轄市議員選舉,首次申報,1071012,雜支支出,一等水電材料有限公司,80183810,0.00,5198.00,雜項購置或修繕費用,金錢,新北市新店區****,,
26,陳永福,107年直轄市議員選舉,首次申報,1071012,雜支支出,鴻輝通信有限公司,86201189,0.00,15000.00,雜項購置或修繕費用,金錢,,,
27,陳永福,107年直轄市議員選舉,首次申報,1071012,雜支支出,平新宏業有限公司,86944400,0.00,2520.00,V蓄電池,金錢,,,
28,陳永福,107年直轄市議員選舉,首次申報,1071013,雜支支出,油水發企業有限公司,05406541,0.00,25000.00,油漆工程,金錢,臺北市南港區****,,
29,陳永福,107年直轄市議員選舉,首次申報,1071013,雜支支出,大潤發新店分公司,70789389,0.00,291.00,文具用品費用,金錢,,,
30,陳永福,107年直轄市議員選舉,首次申報,1071014,雜支支出,全家新店新百合,24795964,0.00,420.00,文具用品費用,金錢,,,
31,陳永福,107年直轄市議員選舉,首次申報,1071015,雜支支出,一等水電材料有限公司,80183810,0.00,1050.00,雜項購置或修繕費用,金錢,新北市新店區****,,
32,陳永福,107年直轄市議員選舉,首次申報,1071016,宣傳支出,心雅服裝行,15995103,0.00,20580.00,製作競選物品支出（背心、帽子）,金錢,臺北市萬華區****,(02)*****,
33,陳永福,107年直轄市議員選舉,首次申報,1071017,雜支支出,祥霖企業有限公司,14090973,0.00,6500.00,文具用品費用,金錢,,,
34,陳永福,107年直轄市議員選舉,首次申報,1071017,宣傳支出,達樂斯整合行銷有限公司,28189222,0.00,600000.00,製作宣傳廣告支出,金錢,新北市新店區****,(02)*****,
35,陳永福,107年直轄市議員選舉,首次申報,1071018,宣傳支出,泰豪廣告企業社,41081723,0.00,35700.00,製作宣傳廣告支出,金錢,新北市板橋區****,(02)*****,
36,陳永福,107年直轄市議員選舉,首次申報,1071022,宣傳支出,刷樂國際股份有限公司,86257802,0.00,343500.00,製作競選物品支出（牙線棒盒）,金錢,臺中市南區忠****,,
37,陳永福,107年直轄市議員選舉,首次申報,1071023,雜支支出,玉山銀行北新分行,,0.00,30.00,手續費,金錢,,,
38,陳永福,107年直轄市議員選舉,首次申報,1071023,返還支出,葆霖建設股份有限公司,29118443,0.00,200000.00,返還,金錢,新北市新店區****,0955*****,
39,陳永福,107年直轄市議員選舉,首次申報,1071024,宣傳支出,泰豪廣告企業社,41081723,0.00,50000.00,製作宣傳廣告支出,金錢,新北市板橋區****,(02)*****,
40,陳永福,107年直轄市議員選舉,首次申報,1071024,雜支支出,新鴻電腦有限公司,53718312,0.00,15000.00,雜項購置或修繕費用,金錢,,,
41,陳永福,107年直轄市議員選舉,首次申報,1071026,宣傳支出,刷樂國際股份有限公司,86257802,0.00,343500.00,製作競選物品支出（牙線棒盒）,金錢,臺中市南區忠****,(04)*****,
42,陳永福,107年直轄市議員選舉,首次申報,1071030,宣傳支出,正豪廣告企業社,10586109,0.00,85208.00,製作宣傳廣告支出,金錢,新北市新莊區****,(02)*****,
43,陳永福,107年直轄市議員選舉,首次申報,1071030,宣傳支出,正豪廣告企業社,10586109,0.00,8610.00,製作宣傳廣告支出,金錢,新北市新莊區****,(02)*****,
44,陳永福,107年直轄市議員選舉,首次申報,1071031,人事費用支出,高傳生,A12*******,0.00,40000.00,工資或薪津,金錢,臺北市文山區****,,
45,陳永福,107年直轄市議員選舉,首次申報,1071031,人事費用支出,黃豐凱,A12*******,0.00,40000.00,工資或薪津,金錢,新北市新店區****,,
46,陳永福,107年直轄市議員選舉,首次申報,1071031,人事費用支出,王炳根,A12*******,0.00,43342.00,工資或薪津,金錢,新北市新店區****,,
47,陳永福,107年直轄市議員選舉,首次申報,1071031,人事費用支出,廖玉華,F22*******,0.00,20000.00,工資或薪津,金錢,新北市新店區****,,
48,陳永福,107年直轄市議員選舉,首次申報,1071031,人事費用支出,鍾阿群,F26*******,0.00,14000.00,工資或薪津,金錢,新北市新店區****,,
49,陳永福,107年直轄市議員選舉,首次申報,1071031,人事費用支出,程愛娟,H22*******,0.00,10400.00,工資或薪津,金錢,桃園市八德區****,,
50,陳永福,107年直轄市議員選舉,首次申報,1071031,人事費用支出,林墩欀,L12*******,0.00,40000.00,工資或薪津,金錢,新北市新店區****,,
51,陳永福,107年直轄市議員選舉,首次申報,1071101,宣傳支出,心雅服裝行,15995103,0.00,1937.00,製作競選物品支出（背心）,金錢,臺北市萬華區****,(02)*****,
52,陳永福,107年直轄市議員選舉,首次申報,1071101,宣傳支出,熙田廣告股份有限公司,22855986,0.00,290000.00,製作宣傳廣告支出,金錢,臺北市南港區****,(02)*****,
53,陳永福,107年直轄市議員選舉,首次申報,1071102,宣傳支出,大立塑膠行,36065343,0.00,150000.00,製作競選物品支出（帆布）,金錢,新北市中和區****,(02)*****,
54,陳永福,107年直轄市議員選舉,首次申報,1071102,宣傳支出,大立塑膠行,36065343,0.00,150000.00,製作競選物品支出（帆布）,金錢,新北市中和區****,(02)*****,
55,陳永福,107年直轄市議員選舉,首次申報,1071105,宣傳支出,心雅服裝行,15995103,0.00,29296.00,製作競選物品支出（背心、帽子）,金錢,臺北市萬華區****,(02)*****,
56,陳永福,107年直轄市議員選舉,首次申報,1071106,宣傳支出,熙田廣告股份有限公司,22855986,0.00,290000.00,製作宣傳廣告支出,金錢,臺北市南港區****,(02)*****,
57,陳永福,107年直轄市議員選舉,首次申報,1071108,宣傳支出,正豪廣告企業社,10586109,0.00,10080.00,製作宣傳廣告支出,金錢,新北市新莊區****,(02)*****,
58,陳永福,107年直轄市議員選舉,首次申報,1071108,宣傳支出,刷樂國際股份有限公司,86257802,0.00,120000.00,製作競選物品支出（牙線棒盒）,金錢,臺中市南區忠****,(04)*****,
59,陳永福,107年直轄市議員選舉,首次申報,1071113,雜支支出,玉山銀行北新分行,,0.00,30.00,手續費,金錢,,,
60,陳永福,107年直轄市議員選舉,首次申報,1071113,宣傳支出,心雅服裝行,15995103,0.00,36750.00,製作競選物品支出（帽子）,金錢,臺北市萬華區****,(02)*****,
61,陳永福,107年直轄市議員選舉,首次申報,1071113,返還支出,興合建設股份有限公司,27309683,0.00,100000.00,返還,金錢,新北市板橋區****,(02)*****,
62,陳永福,107年直轄市議員選舉,首次申報,1071114,宣傳支出,刷樂國際股份有限公司,86257802,0.00,6000.00,製作競選物品支出（牙線棒盒）,金錢,臺中市南區忠****,(04)*****,
63,陳永福,107年直轄市議員選舉,首次申報,1071115,宣傳支出,熙田廣告股份有限公司,22855986,0.00,290000.00,製作宣傳廣告支出,金錢,臺北市南港區****,(02)*****,
64,陳永福,107年直轄市議員選舉,首次申報,1071116,宣傳支出,刷樂國際股份有限公司,86257802,0.00,54000.00,製作競選物品支出（牙線棒盒）,金錢,臺中市南區忠****,(04)*****,
