﻿序號,擬參選人／政黨,選舉名稱,申報序號／年度,交易日期,收支科目,捐贈者／支出對象,身分證／統一編號,收入金額,支出金額,支出用途,金錢類,地址,聯絡電話,資料更正日期
1,李柏毅,107年直轄市議員選舉,首次申報,1070628,個人捐贈收入,周水煌,A12*******,100000.00,0.00,,金錢,臺北市大安區****,0910*****,
2,李柏毅,107年直轄市議員選舉,首次申報,1070628,個人捐贈收入,顧家如,A22*******,100000.00,0.00,,金錢,臺北市大安區****,0982*****,
3,李柏毅,107年直轄市議員選舉,首次申報,1070705,匿名捐贈,匿名,,2000.00,0.00,,金錢,,,
4,李柏毅,107年直轄市議員選舉,首次申報,1070725,營利事業捐贈收入,仟鑽股份有限公司,24421425,150000.00,0.00,,金錢,臺中市大里區****,04-2*****,
5,李柏毅,107年直轄市議員選舉,首次申報,1070725,營利事業捐贈收入,金正股份有限公司,45147970,150000.00,0.00,,金錢,臺中市大里區****,,
6,李柏毅,107年直轄市議員選舉,首次申報,1070726,個人捐贈收入,陳蕭繡貞,Q20*******,3000.00,0.00,,金錢,高雄市楠梓區****,07-3*****,
7,李柏毅,107年直轄市議員選舉,首次申報,1070730,個人捐贈收入,陳志仁,E10*******,20000.00,0.00,,金錢,臺北市大安區****,0935*****,
8,李柏毅,107年直轄市議員選舉,首次申報,1070801,營利事業捐贈收入,協勝發鋼鐵廠股份有限公司,79254702,200000.00,0.00,,金錢,高雄市小港區****,07-8*****,
9,李柏毅,107年直轄市議員選舉,首次申報,1070815,個人捐贈收入,張建宗,C12*******,3600.00,0.00,,金錢,高雄市楠梓區****,02-2*****,
10,李柏毅,107年直轄市議員選舉,首次申報,1070816,個人捐贈收入,周淑慧,M20*******,100000.00,0.00,,金錢,高雄市苓雅區****,0935*****,
11,李柏毅,107年直轄市議員選舉,首次申報,1070822,個人捐贈收入,陳合發,E10*******,20000.00,0.00,,金錢,高雄市楠梓區****,,
12,李柏毅,107年直轄市議員選舉,首次申報,1070822,個人捐贈收入,魏大倉,E12*******,100000.00,0.00,,金錢,高雄市左營區****,,
13,李柏毅,107年直轄市議員選舉,首次申報,1070822,個人捐贈收入,陳招治,P22*******,60000.00,0.00,,金錢,高雄市鼓山區****,,
14,李柏毅,107年直轄市議員選舉,首次申報,1070822,個人捐贈收入,蔡永豐,Q10*******,100000.00,0.00,,金錢,高雄市左營區****,,
15,李柏毅,107年直轄市議員選舉,首次申報,1070822,個人捐贈收入,張銘欽,Q12*******,20000.00,0.00,,金錢,高雄市鳳山區****,,
16,李柏毅,107年直轄市議員選舉,首次申報,1070822,個人捐贈收入,李武哲,S12*******,100000.00,0.00,,金錢,高雄市左營區****,,
17,李柏毅,107年直轄市議員選舉,首次申報,1070823,營利事業捐贈收入,燕巢靜和醫療社團法人燕巢靜和醫院,17664776,200000.00,0.00,,金錢,高雄縣燕巢鄉****,,
18,李柏毅,107年直轄市議員選舉,首次申報,1070823,個人捐贈收入,陳宜霖,E12*******,100000.00,0.00,,金錢,高雄市左營區****,,
19,李柏毅,107年直轄市議員選舉,首次申報,1070823,個人捐贈收入,戴瑞慶,E12*******,100000.00,0.00,,金錢,高雄市楠梓區****,0939*****,
20,李柏毅,107年直轄市議員選舉,首次申報,1070823,個人捐贈收入,王義宗,S12*******,20000.00,0.00,,金錢,高雄市左營區****,,
21,李柏毅,107年直轄市議員選舉,首次申報,1070823,個人捐贈收入,張文懋,S12*******,100000.00,0.00,,金錢,高雄市三民區****,,
22,李柏毅,107年直轄市議員選舉,首次申報,1070823,個人捐贈收入,林素嬿,S22*******,100000.00,0.00,,金錢,高雄市楠梓區****,0922*****,
23,李柏毅,107年直轄市議員選舉,首次申報,1070827,營利事業捐贈收入,城揚建設股份有限公司,16822994,100000.00,0.00,,金錢,高雄市三民區****,,
24,李柏毅,107年直轄市議員選舉,首次申報,1070828,營利事業捐贈收入,城揚建設股份有限公司,16822994,100000.00,0.00,,金錢,高雄市三民區****,,
25,李柏毅,107年直轄市議員選舉,首次申報,1070829,營利事業捐贈收入,勝偕建設股份有限公司,27206482,100000.00,0.00,,金錢,高雄市鼓山區****,07-5*****,
26,李柏毅,107年直轄市議員選舉,首次申報,1070830,營利事業捐贈收入,城揚建設股份有限公司,16822994,100000.00,0.00,,金錢,高雄市三民區****,,
27,李柏毅,107年直轄市議員選舉,首次申報,1070831,營利事業捐贈收入,金洲海洋科技股份有限公司,91871595,100000.00,0.00,,金錢,高雄市前鎮區****,,
28,李柏毅,107年直轄市議員選舉,首次申報,1070904,營利事業捐贈收入,城揚建設股份有限公司,16822994,100000.00,0.00,,金錢,高雄市三民區****,,
29,李柏毅,107年直轄市議員選舉,首次申報,1070904,個人捐贈收入,賴麗仰,E22*******,100000.00,0.00,,金錢,高雄市鼓山區****,,
30,李柏毅,107年直轄市議員選舉,首次申報,1070905,營利事業捐贈收入,城揚建設股份有限公司,16822994,100000.00,0.00,,金錢,高雄市三民區****,,
31,李柏毅,107年直轄市議員選舉,首次申報,1070906,營利事業捐贈收入,城揚建設股份有限公司,16822994,100000.00,0.00,,金錢,高雄市三民區****,,
32,李柏毅,107年直轄市議員選舉,首次申報,1070910,營利事業捐贈收入,隆昊企業股份有限公司,76472155,100000.00,0.00,,金錢,高雄市岡山區****,,
33,李柏毅,107年直轄市議員選舉,首次申報,1070914,營利事業捐贈收入,慈陽金屬工業股份公司,88656170,100000.00,0.00,,金錢,高雄市永安區****,,
34,李柏毅,107年直轄市議員選舉,首次申報,1070917,營利事業捐贈收入,冠億建設實業有限公司,70407426,50000.00,0.00,,金錢,高雄市前金區****,,
35,李柏毅,107年直轄市議員選舉,首次申報,1070918,營利事業捐贈收入,慈陽金屬工業股份公司,88656170,100000.00,0.00,,金錢,高雄市永安區****,,
36,李柏毅,107年直轄市議員選舉,首次申報,1070918,個人捐贈收入,方瓊玉,T20*******,100000.00,0.00,,非金錢,高雄市左營區****,,
37,李柏毅,107年直轄市議員選舉,首次申報,1070920,營利事業捐贈收入,瑞泰水泥製品股份有限公司,83716939,100000.00,0.00,,金錢,高雄市林園區****,,
38,李柏毅,107年直轄市議員選舉,首次申報,1070920,營利事業捐贈收入,鼎宇建設股份有限公司,86442286,100000.00,0.00,,金錢,高雄市前鎮區****,,
39,李柏毅,107年直轄市議員選舉,首次申報,1070920,營利事業捐贈收入,慈陽金屬工業股份公司,88656170,100000.00,0.00,,金錢,高雄市永安區****,,
40,李柏毅,107年直轄市議員選舉,首次申報,1070925,人民團體捐贈收入,高雄市中醫師公會,,50000.00,0.00,,金錢,高雄市明華路****,07-5*****,
41,李柏毅,107年直轄市議員選舉,首次申報,1070925,營利事業捐贈收入,盛田營造有限公司,86978999,200000.00,0.00,,金錢,臺南市東區府****,,
42,李柏毅,107年直轄市議員選舉,首次申報,1070925,個人捐贈收入,邱政賢,D12*******,100000.00,0.00,,金錢,臺南市中西區****,06-2*****,
43,李柏毅,107年直轄市議員選舉,首次申報,1070925,個人捐贈收入,薛玉美,S22*******,100000.00,0.00,,金錢,臺南市中西區****,06-2*****,
44,李柏毅,107年直轄市議員選舉,首次申報,1070926,營利事業捐贈收入,東山林工程有限公司,54822643,100000.00,0.00,,金錢,高雄市三民區****,,
45,李柏毅,107年直轄市議員選舉,首次申報,1070926,營利事業捐贈收入,瑞泰水泥製品股份有限公司,83716939,100000.00,0.00,,金錢,高雄市林園區****,,
46,李柏毅,107年直轄市議員選舉,首次申報,1070926,個人捐贈收入,陳侑祝,E10*******,100000.00,0.00,,金錢,高雄市鳥松區****,,
47,李柏毅,107年直轄市議員選舉,首次申報,1070926,個人捐贈收入,陳侑益,E10*******,100000.00,0.00,,金錢,高雄市鳥松區****,,
48,李柏毅,107年直轄市議員選舉,首次申報,1070926,個人捐贈收入,陳家豐,E12*******,100000.00,0.00,,金錢,高雄市三民區****,,
49,李柏毅,107年直轄市議員選舉,首次申報,1071002,營利事業捐贈收入,京承能源股份有限公司,42617111,150000.00,0.00,,金錢,臺北市中山區****,,
50,李柏毅,107年直轄市議員選舉,首次申報,1071002,個人捐贈收入,陳正誠,E12*******,30000.00,0.00,,金錢,高雄市左營區****,,
51,李柏毅,107年直轄市議員選舉,首次申報,1071005,個人捐贈收入,黃冠曄,E12*******,50000.00,0.00,,金錢,高雄市前金區****,,
52,李柏毅,107年直轄市議員選舉,首次申報,1071005,個人捐贈收入,劉順權,S12*******,50000.00,0.00,,金錢,高雄市鳳山區****,,
53,李柏毅,107年直轄市議員選舉,首次申報,1071005,個人捐贈收入,許名誼,S22*******,50000.00,0.00,,金錢,高雄市苓雅區****,,
54,李柏毅,107年直轄市議員選舉,首次申報,1071009,營利事業捐贈收入,永鑫能源股份有限公司,53911029,150000.00,0.00,,金錢,臺北市中山區****,,
55,李柏毅,107年直轄市議員選舉,首次申報,1071009,個人捐贈收入,張榮哲,D12*******,100000.00,0.00,,金錢,臺南市東區府****,,
56,李柏毅,107年直轄市議員選舉,首次申報,1071009,個人捐贈收入,張萬安,D12*******,100000.00,0.00,,金錢,臺南市東區府****,,
57,李柏毅,107年直轄市議員選舉,首次申報,1071015,個人捐贈收入,李金池,B12*******,80000.00,0.00,,金錢,臺中市南屯區****,,
58,李柏毅,107年直轄市議員選舉,首次申報,1071016,個人捐贈收入,陳棍杰,,6000.00,0.00,,金錢,高雄市楠梓區****,,
59,李柏毅,107年直轄市議員選舉,首次申報,1071016,個人捐贈收入,湯孟翰,C12*******,50000.00,0.00,,金錢,臺北市中山區****,,
60,李柏毅,107年直轄市議員選舉,首次申報,1071016,個人捐贈收入,陳燕隆,R10*******,100000.00,0.00,,金錢,高雄市新興區****,,
61,李柏毅,107年直轄市議員選舉,首次申報,1071017,個人捐贈收入,譚宇軒,A12*******,100000.00,0.00,,金錢,臺北市中山區****,,
62,李柏毅,107年直轄市議員選舉,首次申報,1071017,個人捐贈收入,黃文松,S10*******,100000.00,0.00,,金錢,高雄市岡山區****,,
63,李柏毅,107年直轄市議員選舉,首次申報,1071017,個人捐贈收入,蔡子元,T22*******,100000.00,0.00,,非金錢,高雄市三民區****,,
64,李柏毅,107年直轄市議員選舉,首次申報,1071017,個人捐贈收入,蔡思棠,T22*******,95000.00,0.00,,非金錢,高雄市鼓山區****,,
65,李柏毅,107年直轄市議員選舉,首次申報,1071022,個人捐贈收入,余李麗卿,E20*******,30000.00,0.00,,金錢,高雄市左營區****,,
66,李柏毅,107年直轄市議員選舉,首次申報,1071022,個人捐贈收入,謝蔡素卿,E20*******,10000.00,0.00,,金錢,高雄市左營區****,,
67,李柏毅,107年直轄市議員選舉,首次申報,1071022,個人捐贈收入,許政治,S10*******,100000.00,0.00,,金錢,高雄市橋頭區****,,
68,李柏毅,107年直轄市議員選舉,首次申報,1071022,個人捐贈收入,許政瀚,S12*******,100000.00,0.00,,金錢,高雄市橋頭區****,,
69,李柏毅,107年直轄市議員選舉,首次申報,1071022,個人捐贈收入,許安沂,S22*******,100000.00,0.00,,金錢,高雄市橋頭區****,,
70,李柏毅,107年直轄市議員選舉,首次申報,1071023,個人捐贈收入,張金腰,E20*******,2000.00,0.00,,金錢,高雄市左營區****,,
71,李柏毅,107年直轄市議員選舉,首次申報,1071025,營利事業捐贈收入,博元建設股份有限公司,27543652,700000.00,0.00,,金錢,臺北市大同區****,,
72,李柏毅,107年直轄市議員選舉,首次申報,1071025,個人捐贈收入,郭笠農,T12*******,100000.00,0.00,,金錢,高雄市楠梓區****,,
73,李柏毅,107年直轄市議員選舉,首次申報,1071026,個人捐贈收入,蕭裕正,A12*******,30000.00,0.00,,金錢,高雄市鼓山區****,,
74,李柏毅,107年直轄市議員選舉,首次申報,1071030,個人捐贈收入,劉淑芳,E22*******,100000.00,0.00,,金錢,高雄市左營區****,,
75,李柏毅,107年直轄市議員選舉,首次申報,1071030,個人捐贈收入,王添福,P12*******,50000.00,0.00,,金錢,高雄市左營區****,,
76,李柏毅,107年直轄市議員選舉,首次申報,1071030,個人捐贈收入,邱金英,S20*******,10000.00,0.00,,金錢,高雄市左營區****,,
77,李柏毅,107年直轄市議員選舉,首次申報,1071031,營利事業捐贈收入,金駿營造股份有限公司,54003659,100000.00,0.00,,金錢,高雄市鼓山區****,,
78,李柏毅,107年直轄市議員選舉,首次申報,1071031,個人捐贈收入,尤瑜文,B12*******,100000.00,0.00,,金錢,高雄市左營區****,,
79,李柏毅,107年直轄市議員選舉,首次申報,1071031,個人捐贈收入,汪仁博,E12*******,100000.00,0.00,,金錢,高雄市左營區****,,
80,李柏毅,107年直轄市議員選舉,首次申報,1071031,個人捐贈收入,林千微,L22*******,100000.00,0.00,,金錢,高雄市左營區****,,
81,李柏毅,107年直轄市議員選舉,首次申報,1071031,個人捐贈收入,陳義祥,N12*******,100000.00,0.00,,金錢,高雄市左營區****,,
82,李柏毅,107年直轄市議員選舉,首次申報,1071031,個人捐贈收入,陳寶全,X10*******,50000.00,0.00,,金錢,高雄市苓雅區****,,
83,李柏毅,107年直轄市議員選舉,首次申報,1071101,營利事業捐贈收入,勝偕建設股份有限公司,27206482,50000.00,0.00,,金錢,高雄市鼓山區****,,
84,李柏毅,107年直轄市議員選舉,首次申報,1071101,營利事業捐贈收入,北京建設股份有限公司,84731424,100000.00,0.00,,金錢,高雄市三民區****,,
85,李柏毅,107年直轄市議員選舉,首次申報,1071101,營利事業捐贈收入,都巿建設股份有限公司,86053928,100000.00,0.00,,金錢,高雄市左營區****,,
86,李柏毅,107年直轄市議員選舉,首次申報,1071101,個人捐贈收入,王冠翔,E12*******,50000.00,0.00,,金錢,高雄市鼓山區****,,
87,李柏毅,107年直轄市議員選舉,首次申報,1071101,個人捐贈收入,蘇宥彤,E22*******,50000.00,0.00,,金錢,高雄市鼓山區****,,
88,李柏毅,107年直轄市議員選舉,首次申報,1071101,個人捐贈收入,曾土城,Q10*******,50000.00,0.00,,金錢,高雄市左營區****,,
89,李柏毅,107年直轄市議員選舉,首次申報,1071102,營利事業捐贈收入,柏文健康事業股份有限公司,27693238,100000.00,0.00,,金錢,高雄市左營區****,,
90,李柏毅,107年直轄市議員選舉,首次申報,1071105,人民團體捐贈收入,社團法人高雄縣醫師公會,,20000.00,0.00,,金錢,鳳山市光復路****,,
91,李柏毅,107年直轄市議員選舉,首次申報,1071105,營利事業捐贈收入,環台法律事務所,78650872,3000.00,0.00,,金錢,高雄市前金區****,,
92,李柏毅,107年直轄市議員選舉,首次申報,1071105,個人捐贈收入,翁啟騰,X10*******,50000.00,0.00,,金錢,高雄市苓雅區****,,
93,李柏毅,107年直轄市議員選舉,首次申報,1071107,個人捐贈收入,謝明錢,E10*******,100000.00,0.00,,金錢,高雄市前鎮區****,,
94,李柏毅,107年直轄市議員選舉,首次申報,1071108,個人捐贈收入,葉家家,,1000.00,0.00,,金錢,高雄市左營區****,,
95,李柏毅,107年直轄市議員選舉,首次申報,1071108,個人捐贈收入,黃進雄,E10*******,20000.00,0.00,,金錢,高雄市鼓山區****,,
96,李柏毅,107年直轄市議員選舉,首次申報,1071108,個人捐贈收入,李永堂,E12*******,100000.00,0.00,,金錢,高雄市楠梓區****,,
97,李柏毅,107年直轄市議員選舉,首次申報,1071108,個人捐贈收入,李婉菁,E22*******,6888.00,0.00,,金錢,高雄市鼓山區****,,
98,李柏毅,107年直轄市議員選舉,首次申報,1071108,個人捐贈收入,李麗裕,Q10*******,20000.00,0.00,,金錢,臺北市松山區****,,
99,李柏毅,107年直轄市議員選舉,首次申報,1071116,個人捐贈收入,蘇金桃,,6168.00,0.00,,金錢,高雄市左營區****,,
100,李柏毅,107年直轄市議員選舉,首次申報,1071116,個人捐贈收入,高進吉,E12*******,100000.00,0.00,,金錢,高雄市前金區****,,
101,李柏毅,107年直轄市議員選舉,首次申報,1071116,個人捐贈收入,高毓臨,E22*******,100000.00,0.00,,金錢,高雄市前金區****,,
102,李柏毅,107年直轄市議員選舉,首次申報,1071119,個人捐贈收入,周淑宜,E22*******,10000.00,0.00,,金錢,高雄市楠梓區****,,
103,李柏毅,107年直轄市議員選舉,首次申報,1071120,營利事業捐贈收入,以銓企業有限公司,80450626,10000.00,0.00,,金錢,屏東縣長治鄉****,,
104,李柏毅,107年直轄市議員選舉,首次申報,1071120,個人捐贈收入,張婷婷,A22*******,100000.00,0.00,,金錢,臺北市中山區****,,
105,李柏毅,107年直轄市議員選舉,首次申報,1071120,個人捐贈收入,陳寶蓮,F22*******,100000.00,0.00,,金錢,臺北市中山區****,,
106,李柏毅,107年直轄市議員選舉,首次申報,1071121,個人捐贈收入,吳玉珍,,5000.00,0.00,,金錢,高雄市前鎮區****,,
107,李柏毅,107年直轄市議員選舉,首次申報,1071121,營利事業捐贈收入,台北世界貿易中心國際貿易大樓股份有限公司,21249034,100000.00,0.00,,金錢,臺北市信義區****,,
108,李柏毅,107年直轄市議員選舉,首次申報,1071122,營利事業捐贈收入,台北世界貿易中心國際貿易大樓股份有限公司,21249034,100000.00,0.00,,金錢,臺北市信義區****,,
109,李柏毅,107年直轄市議員選舉,首次申報,1071221,其他收入,利息收入,,853.00,0.00,,金錢,,,
