﻿序號,擬參選人／政黨,選舉名稱,申報序號／年度,交易日期,收支科目,捐贈者／支出對象,身分證／統一編號,收入金額,支出金額,支出用途,金錢類,地址,聯絡電話,資料更正日期
1,莊銘淵,107年村(里)長選舉,首次申報,1070903,個人捐贈收入,蔡珊珊,,3000.00,0.00,,金錢,新北市永和區****,,
2,莊銘淵,107年村(里)長選舉,首次申報,1070903,個人捐贈收入,江素昭,,3000.00,0.00,,金錢,新北市永和區****,,
3,莊銘淵,107年村(里)長選舉,首次申報,1070903,個人捐贈收入,林麗玉,,3000.00,0.00,,金錢,新北市永和區****,,
4,莊銘淵,107年村(里)長選舉,首次申報,1070903,個人捐贈收入,葉金定,,3000.00,0.00,,金錢,新北市永和區****,,
5,莊銘淵,107年村(里)長選舉,首次申報,1070903,匿名捐贈,匿名,,147.00,0.00,,金錢,,,
6,莊銘淵,107年村(里)長選舉,首次申報,1070906,個人捐贈收入,吳茂霖,,30000.00,0.00,,金錢,新北市永和區****,,
7,莊銘淵,107年村(里)長選舉,首次申報,1070912,匿名捐贈,匿名,,168.00,0.00,,金錢,,,
8,莊銘淵,107年村(里)長選舉,首次申報,1071024,個人捐贈收入,詹百春,,2000.00,0.00,,金錢,新北市永和區****,,
9,莊銘淵,107年村(里)長選舉,首次申報,1071026,個人捐贈收入,周玉蘭,,2000.00,0.00,,金錢,新北市永和區****,,
10,莊銘淵,107年村(里)長選舉,首次申報,1071105,個人捐贈收入,翁秀藝,,2000.00,0.00,,金錢,新北市永和區****,,
11,莊銘淵,107年村(里)長選舉,首次申報,1071105,個人捐贈收入,張大偉,E12*******,6000.00,0.00,,金錢,,,
12,莊銘淵,107年村(里)長選舉,首次申報,1071109,個人捐贈收入,劉智嘉,,2000.00,0.00,,金錢,臺北市萬華區****,,
13,莊銘淵,107年村(里)長選舉,首次申報,1071114,個人捐贈收入,何文茂,,6000.00,0.00,,金錢,新北市永和區****,,
14,莊銘淵,107年村(里)長選舉,首次申報,1071115,個人捐贈收入,莊炎財,N10*******,3000.00,0.00,,金錢,,,
15,莊銘淵,107年村(里)長選舉,首次申報,1071119,個人捐贈收入,鄭素華,,2000.00,0.00,,金錢,新北市永和區****,,
16,莊銘淵,107年村(里)長選舉,首次申報,1071119,個人捐贈收入,林嵩烈,F12*******,10000.00,0.00,,金錢,,,
17,莊銘淵,107年村(里)長選舉,首次申報,1071207,其他收入,利息收入,,6.00,0.00,,金錢,,,
