﻿序號,擬參選人／政黨,選舉名稱,申報序號／年度,交易日期,收支科目,捐贈者／支出對象,身分證／統一編號,收入金額,支出金額,支出用途,金錢類,地址,聯絡電話,資料更正日期
1,吳文忠,107年鄉(鎮、市)長選舉,首次申報,1071102,宣傳支出,嘉晉數位有限公司,54606758,0.00,92000.00,製作競選物品支出-人形立牌.選舉文宣及海報,金錢,臺中市西屯區****,0977*****,
2,吳文忠,107年鄉(鎮、市)長選舉,首次申報,1071102,宣傳支出,嘉晉數位有限公司,54606758,0.00,92000.00,製作宣傳廣告支出,金錢,臺中市西屯區****,0977*****,
3,吳文忠,107年鄉(鎮、市)長選舉,首次申報,1071105,宣傳支出,嘉晉數位有限公司,54606758,0.00,96000.00,製作宣傳廣告支出,金錢,臺中市西屯區****,0977*****,
4,吳文忠,107年鄉(鎮、市)長選舉,首次申報,1071218,雜支支出,登山飲食店,61833624,0.00,4000.00,餐飲費用-便當,金錢,南投縣仁愛鄉****,049-*****,
