﻿序號,擬參選人／政黨,選舉名稱,申報序號／年度,交易日期,收支科目,捐贈者／支出對象,身分證／統一編號,收入金額,支出金額,捐贈方式,存入專戶日期,返還/繳庫,支出用途,金錢類,地址,聯絡電話,應揭露之支出對象,支出對象之內部人員姓名,支出對象之內部人員職稱,政黨之內部人員姓名,政黨之內部人員職稱,關係,更正註記,資料更正日期
1,陳錦祥,111年臺北市議員選舉,首次申報,1110624,匿名捐贈,陳致翔電話為空號,,6000.00,0.00,匯款,1110624,,,金錢,,,,,,,,,,
2,陳錦祥,111年臺北市議員選舉,首次申報,1110722,個人捐贈收入,林育丞,F12*******,10000.00,0.00,現金,1110722,,,金錢,新北市新店區****,0916*****,,,,,,,,
3,陳錦祥,111年臺北市議員選舉,首次申報,1110803,個人捐贈收入,林孟儒,P22*******,30000.00,0.00,現金,1110810,,,金錢,臺北市中正區****,0958*****,,,,,,,,
4,陳錦祥,111年臺北市議員選舉,首次申報,1110808,匿名捐贈,凃瀚傑查詢不到電話,,10000.00,0.00,匯款,1110808,,,金錢,,,,,,,,,,
5,陳錦祥,111年臺北市議員選舉,首次申報,1110809,個人捐贈收入,葉皓,,30000.00,0.00,匯款,1110809,,,金錢,臺北市大安區****,0922*****,,,,,,,,
6,陳錦祥,111年臺北市議員選舉,首次申報,1110825,匿名捐贈,匿名,,20000.00,0.00,匯款,1110825,已繳庫,,金錢,,,,,,,,,,
7,陳錦祥,111年臺北市議員選舉,首次申報,1110825,個人捐贈收入,許家菁,A22*******,20000.00,0.00,匯款,1110825,,,金錢,臺北市大安區****,0933*****,,,,,,,,
8,陳錦祥,111年臺北市議員選舉,首次申報,1110825,個人捐贈收入,黃文華,F10*******,60000.00,0.00,現金,1110825,,,金錢,臺北市大安區****,0965*****,,,,,,,,
9,陳錦祥,111年臺北市議員選舉,首次申報,1110825,個人捐贈收入,賴威勳,F12*******,60000.00,0.00,現金,1110825,,,金錢,臺北市大安區****,0926*****,,,,,,,,
10,陳錦祥,111年臺北市議員選舉,首次申報,1110906,個人捐贈收入,宋光景,T10*******,10000.00,0.00,匯款,1110906,,,金錢,臺北市文山區****,2933*****,,,,,,,,
11,陳錦祥,111年臺北市議員選舉,首次申報,1110907,營利事業捐贈收入,皇家可口股份有限公司,22265497,100000.00,0.00,匯款,1110907,,,金錢,臺北市中正區****,6619*****,,,,,,,,
12,陳錦祥,111年臺北市議員選舉,首次申報,1110907,營利事業捐贈收入,建坤營造事業股份有限公司,40645581,500000.00,0.00,匯款,1110907,,,金錢,臺北市內湖區****,2796*****,,,,,,,,
13,陳錦祥,111年臺北市議員選舉,首次申報,1110907,個人捐贈收入,蔣金英,G22*******,100000.00,0.00,現金,1110907,,,金錢,臺北市松山區****,0928*****,,,,,,,,
14,陳錦祥,111年臺北市議員選舉,首次申報,1110907,個人捐贈收入,李政霖,H12*******,100000.00,0.00,現金,1110907,,,金錢,桃園市平鎮區****,0917*****,,,,,,,,
15,陳錦祥,111年臺北市議員選舉,首次申報,1110907,個人捐贈收入,蔡沇佑,J22*******,100000.00,0.00,現金,1110907,,,金錢,臺北市中山區****,0989*****,,,,,,,,
16,陳錦祥,111年臺北市議員選舉,首次申報,1110907,個人捐贈收入,何俊興,Q12*******,100000.00,0.00,現金,1110907,,,金錢,臺北市松山區****,0933*****,,,,,,,,
17,陳錦祥,111年臺北市議員選舉,首次申報,1110908,個人捐贈收入,徐櫻瑛,A22*******,100000.00,0.00,現金,1110908,,,金錢,臺北市大安區****,0953*****,,,,,,,,
18,陳錦祥,111年臺北市議員選舉,首次申報,1110908,個人捐贈收入,張秋香,J20*******,30000.00,0.00,匯款,1110908,,,金錢,臺北市松山區****,0958*****,,,,,,,,
19,陳錦祥,111年臺北市議員選舉,首次申報,1110914,個人捐贈收入,成之絪,F22*******,50000.00,0.00,現金,1110914,,,金錢,臺北市大安區****,0910*****,,,,,,,,
20,陳錦祥,111年臺北市議員選舉,首次申報,1110919,個人捐贈收入,黃暉庭,D10*******,100000.00,0.00,現金,1110919,,,金錢,臺北市大安區****,2701*****,,,,,,,,
21,陳錦祥,111年臺北市議員選舉,首次申報,1110923,個人捐贈收入,曹坤茂,Q10*******,100000.00,0.00,現金,1110923,,,金錢,嘉義縣中埔鄉****,2701*****,,,,,,,,
22,陳錦祥,111年臺北市議員選舉,首次申報,1110926,個人捐贈收入,陳韋佑,A12*******,50000.00,0.00,現金,1110926,,,金錢,基隆市七堵區****,0918*****,,,,,,,,
23,陳錦祥,111年臺北市議員選舉,首次申報,1110926,個人捐贈收入,蔡美玲,F22*******,5000.00,0.00,匯款,1110926,,,金錢,臺北市文山區****,8661*****,,,,,,,,
24,陳錦祥,111年臺北市議員選舉,首次申報,1110926,個人捐贈收入,李建寬,H12*******,100000.00,0.00,匯款,1110926,已返還,,金錢,桃園市蘆竹區****,0938*****,,,,,,,,
25,陳錦祥,111年臺北市議員選舉,首次申報,1110927,營利事業捐贈收入,德運建設股份有限公司,86153551,500000.00,0.00,票據,1110927,,,金錢,臺北市信義區****,2378*****,,,,,,,,
26,陳錦祥,111年臺北市議員選舉,首次申報,1111003,個人捐贈收入,周文斌,A12*******,5000.00,0.00,匯款,1111003,,,金錢,臺北市大安區****,0910*****,,,,,,,,
27,陳錦祥,111年臺北市議員選舉,首次申報,1111003,個人捐贈收入,周文琪,A22*******,5000.00,0.00,匯款,1111003,,,金錢,臺北市大安區****,0910*****,,,,,,,,
28,陳錦祥,111年臺北市議員選舉,首次申報,1111003,個人捐贈收入,王成斌,E12*******,100000.00,0.00,匯款,1111003,,,金錢,臺北市士林區****,0981*****,,,,,,,,
29,陳錦祥,111年臺北市議員選舉,首次申報,1111003,個人捐贈收入,林炳宇,N12*******,2000.00,0.00,現金,1111003,,,金錢,臺北市大安區****,0932*****,,,,,,,,
30,陳錦祥,111年臺北市議員選舉,首次申報,1111003,個人捐贈收入,楊文墅,W10*******,10000.00,0.00,現金,1111003,,,金錢,臺北市中山區****,0972*****,,,,,,,,
31,陳錦祥,111年臺北市議員選舉,首次申報,1111004,個人捐贈收入,許振聲,A10*******,100000.00,0.00,票據,1111004,,,金錢,臺北市中正區****,,,,,,,,,
32,陳錦祥,111年臺北市議員選舉,首次申報,1111004,個人捐贈收入,張慶中,A11*******,30000.00,0.00,現金,1111004,,,金錢,臺北市士林區****,0932*****,,,,,,,,
33,陳錦祥,111年臺北市議員選舉,首次申報,1111004,個人捐贈收入,廖晏瑋,H12*******,30000.00,0.00,現金,1111004,,,金錢,臺北市大安區****,0920*****,,,,,,,,
34,陳錦祥,111年臺北市議員選舉,首次申報,1111005,營利事業捐贈收入,基泰建設股份有限公司,12251662,200000.00,0.00,匯款,1111005,,,金錢,臺北市中正區****,2383*****,,,,,,,,
35,陳錦祥,111年臺北市議員選舉,首次申報,1111005,營利事業捐贈收入,圓鋼金屬有限公司,97102735,50000.00,0.00,匯款,1111005,已返還,,金錢,臺北市南港區****,0928*****,,,,,,,,
36,陳錦祥,111年臺北市議員選舉,首次申報,1111005,個人捐贈收入,蔡忠霖,N12*******,5000.00,0.00,匯款,1111005,,,金錢,彰化縣員林市****,0963*****,,,,,,,,
37,陳錦祥,111年臺北市議員選舉,首次申報,1111006,個人捐贈收入,駱統,D12*******,100000.00,0.00,匯款,1111006,,,金錢,臺北市松山區****,0905*****,,,,,,,,
38,陳錦祥,111年臺北市議員選舉,首次申報,1111006,個人捐贈收入,李念庭,P22*******,100000.00,0.00,匯款,1111006,,,金錢,桃園市蘆竹區****,0938*****,,,,,,,,
39,陳錦祥,111年臺北市議員選舉,首次申報,1111007,個人捐贈收入,翁仁闊,A12*******,100000.00,0.00,匯款,1111007,,,金錢,新北市永和區****,,,,,,,,,
40,陳錦祥,111年臺北市議員選舉,首次申報,1111007,個人捐贈收入,謝承恕,A22*******,100000.00,0.00,匯款,1111007,,,金錢,臺北市大安區****,,,,,,,,,
41,陳錦祥,111年臺北市議員選舉,首次申報,1111007,個人捐贈收入,陳今惇,A22*******,100000.00,0.00,匯款,1111007,,,金錢,新北市板橋區****,,,,,,,,,
42,陳錦祥,111年臺北市議員選舉,首次申報,1111007,個人捐贈收入,賴文千,B22*******,100000.00,0.00,匯款,1111007,,,金錢,臺北市中正區****,,,,,,,,,
43,陳錦祥,111年臺北市議員選舉,首次申報,1111007,個人捐贈收入,陳徐呈,C12*******,100000.00,0.00,匯款,1111007,,,金錢,基隆市信義區****,,,,,,,,,
44,陳錦祥,111年臺北市議員選舉,首次申報,1111007,個人捐贈收入,陳玉玲,F22*******,100000.00,0.00,匯款,1111007,,,金錢,新北市深坑區****,,,,,,,,,
45,陳錦祥,111年臺北市議員選舉,首次申報,1111007,個人捐贈收入,李麒麃,H12*******,100000.00,0.00,匯款,1111007,,,金錢,臺北市內湖區****,,,,,,,,,
46,陳錦祥,111年臺北市議員選舉,首次申報,1111007,個人捐贈收入,劉靜香,H22*******,100000.00,0.00,匯款,1111007,,,金錢,新北市板橋區****,,,,,,,,,
47,陳錦祥,111年臺北市議員選舉,首次申報,1111007,個人捐贈收入,蔡珮怡,J22*******,100000.00,0.00,匯款,1111007,,,金錢,臺北市北投區****,,,,,,,,,
48,陳錦祥,111年臺北市議員選舉,首次申報,1111007,個人捐贈收入,陸秀華,P22*******,100000.00,0.00,匯款,1111007,,,金錢,臺北市信義區****,,,,,,,,,
49,陳錦祥,111年臺北市議員選舉,首次申報,1111011,營利事業捐贈收入,張昌明建築師事務所,78274770,35000.00,0.00,匯款,1111011,已返還,,金錢,臺北市大安區****,2707*****,,,,,,,,
50,陳錦祥,111年臺北市議員選舉,首次申報,1111011,個人捐贈收入,楊桂枝,A20*******,20000.00,0.00,匯款,1111011,,,金錢,臺北市文山區****,,,,,,,,,
51,陳錦祥,111年臺北市議員選舉,首次申報,1111011,個人捐贈收入,鄭伯峰,F12*******,100000.00,0.00,匯款,1111011,,,金錢,臺北市大同區****,0930*****,,,,,,,,
52,陳錦祥,111年臺北市議員選舉,首次申報,1111012,個人捐贈收入,陳傳宗,D12*******,100000.00,0.00,匯款,1111012,,,金錢,臺北市松山區****,2711*****,,,,,,,,
53,陳錦祥,111年臺北市議員選舉,首次申報,1111012,個人捐贈收入,陳忠雄,N10*******,100000.00,0.00,匯款,1111012,,,金錢,臺北市大安區****,0922*****,,,,,,,,
54,陳錦祥,111年臺北市議員選舉,首次申報,1111013,個人捐贈收入,王山頌,B12*******,30000.00,0.00,匯款,1111013,,,金錢,臺北市大安區****,0936*****,,,,,,,,
55,陳錦祥,111年臺北市議員選舉,首次申報,1111014,個人捐贈收入,石承弘,A12*******,20000.00,0.00,匯款,1111014,,,金錢,臺北市大安區****,0989*****,,,,,,,,
56,陳錦祥,111年臺北市議員選舉,首次申報,1111017,匿名捐贈,匿名陳致翔,,6000.00,0.00,匯款,1111017,,,金錢,,,,,,,,,,
57,陳錦祥,111年臺北市議員選舉,首次申報,1111017,個人捐贈收入,劉金蓮,F20*******,12000.00,0.00,匯款,1111017,,,金錢,臺北市文山區****,0932*****,,,,,,,,
58,陳錦祥,111年臺北市議員選舉,首次申報,1111017,個人捐贈收入,陳鴻榮,G10*******,50000.00,0.00,匯款,1111017,,,金錢,臺北市松山區****,2765*****,,,,,,,,
59,陳錦祥,111年臺北市議員選舉,首次申報,1111018,個人捐贈收入,邱月霜,A20*******,50000.00,0.00,匯款,1111018,,,金錢,臺北市大安區****,0910*****,,,,,,,,
60,陳錦祥,111年臺北市議員選舉,首次申報,1111019,個人捐贈收入,蕭淑媛,,10000.00,0.00,現金,1111019,,,金錢,臺北市大安區****,0939*****,,,,,,,,
61,陳錦祥,111年臺北市議員選舉,首次申報,1111019,個人捐贈收入,何淑華,,2000.00,0.00,現金,1111019,,,金錢,臺北市信義區****,2758*****,,,,,,,,
62,陳錦祥,111年臺北市議員選舉,首次申報,1111019,個人捐贈收入,周宏勳,A12*******,50000.00,0.00,匯款,1111019,,,金錢,臺北市大安區****,0932*****,,,,,,,,
63,陳錦祥,111年臺北市議員選舉,首次申報,1111019,個人捐贈收入,王韋智,A12*******,58888.00,0.00,匯款,1111019,,,金錢,臺北市信義區****,0955*****,,,,,,,,
64,陳錦祥,111年臺北市議員選舉,首次申報,1111020,個人捐贈收入,曾庭浩,A13*******,50000.00,0.00,匯款,1111020,,,金錢,新北市新店區****,0956*****,,,,,,,,
65,陳錦祥,111年臺北市議員選舉,首次申報,1111020,個人捐贈收入,謝美雲,A21*******,10000.00,0.00,匯款,1111020,,,金錢,臺北市內湖區****,0932*****,,,,,,,,
66,陳錦祥,111年臺北市議員選舉,首次申報,1111021,營利事業捐贈收入,拓福營造有限公司,12393016,50000.00,0.00,匯款,1111021,,,金錢,新北市板橋區****,0930*****,,,,,,,,
67,陳錦祥,111年臺北市議員選舉,首次申報,1111021,營利事業捐贈收入,偉泓船務代理股份有限公司,27699628,100000.00,0.00,匯款,1111021,,,金錢,臺北市松山區****,8773*****,,,,,,,,
68,陳錦祥,111年臺北市議員選舉,首次申報,1111021,營利事業捐贈收入,信頂股份有限公司,84121555,50000.00,0.00,匯款,1111021,,,金錢,臺北市信義區****,0955*****,,,,,,,,
69,陳錦祥,111年臺北市議員選舉,首次申報,1111021,個人捐贈收入,習允中,L12*******,100000.00,0.00,匯款,1111021,,,金錢,臺北市大安區****,0935*****,,,,,,,,
70,陳錦祥,111年臺北市議員選舉,首次申報,1111023,個人捐贈收入,林麗文,C22*******,20000.00,0.00,匯款,1111023,,,金錢,臺北市大安區****,0918*****,,,,,,,,
71,陳錦祥,111年臺北市議員選舉,首次申報,1111024,人民團體捐贈收入,社團法人中華民國天山八卦寮道德協會,,36000.00,0.00,匯款,1111024,已返還,,金錢,臺北市文山區****,0937*****,,,,,,,,
72,陳錦祥,111年臺北市議員選舉,首次申報,1111024,營利事業捐贈收入,贊泰建設股份有限公司,12388230,200000.00,0.00,匯款,1111024,,,金錢,臺北市松山區****,0932*****,,,,,,,,
73,陳錦祥,111年臺北市議員選舉,首次申報,1111024,營利事業捐贈收入,新美齊股份有限公司,22006274,1000000.00,0.00,匯款,1111024,,,金錢,臺北市內湖區****,0920*****,,,,,,,,
74,陳錦祥,111年臺北市議員選舉,首次申報,1111024,營利事業捐贈收入,慈恩園寶塔諴業股份有限公司,22874724,100000.00,0.00,匯款,1111024,,,金錢,臺北市信義區****,2378*****,,,,,,,,
75,陳錦祥,111年臺北市議員選舉,首次申報,1111024,營利事業捐贈收入,宇勝開發實業有限公司,54667641,10000.00,0.00,匯款,1111024,,,金錢,臺北市士林區****,0900*****,,,,,,,,
76,陳錦祥,111年臺北市議員選舉,首次申報,1111024,個人捐贈收入,徐紹哲,A12*******,50000.00,0.00,匯款,1111024,,,金錢,臺北市南港區****,0928*****,,,,,,,,
77,陳錦祥,111年臺北市議員選舉,首次申報,1111024,個人捐贈收入,鄭錫聰,A12*******,6000.00,0.00,匯款,1111024,,,金錢,臺北市文山區****,0972*****,,,,,,,,
78,陳錦祥,111年臺北市議員選舉,首次申報,1111024,個人捐贈收入,周耿勛,A12*******,100000.00,0.00,匯款,1111024,,,金錢,臺北市中山區****,0927*****,,,,,,,,
79,陳錦祥,111年臺北市議員選舉,首次申報,1111024,個人捐贈收入,方裕文,A12*******,100000.00,0.00,匯款,1111024,,,金錢,新北市樹林區****,0930*****,,,,,,,,
80,陳錦祥,111年臺北市議員選舉,首次申報,1111024,個人捐贈收入,毛碧玲,A20*******,10000.00,0.00,匯款,1111024,,,金錢,臺北市大安區****,0910*****,,,,,,,,
81,陳錦祥,111年臺北市議員選舉,首次申報,1111024,個人捐贈收入,方莉軫,A22*******,100000.00,0.00,匯款,1111024,,,金錢,新北市樹林區****,0955*****,,,,,,,,
82,陳錦祥,111年臺北市議員選舉,首次申報,1111024,個人捐贈收入,何依華,C22*******,16000.00,0.00,匯款,1111024,,,金錢,臺北市信義區****,0938*****,,,,,,,,
83,陳錦祥,111年臺北市議員選舉,首次申報,1111024,個人捐贈收入,方涂純,P20*******,100000.00,0.00,匯款,1111024,,,金錢,新北市樹林區****,0930*****,,,,,,,,
84,陳錦祥,111年臺北市議員選舉,首次申報,1111024,個人捐贈收入,丁文祥,T12*******,50000.00,0.00,票據,1111024,,,金錢,臺北市大安區****,0935*****,,,,,,,,
85,陳錦祥,111年臺北市議員選舉,首次申報,1111025,營利事業捐贈收入,全國加油站股份有限公司,22958907,200000.00,0.00,票據,1111025,,,金錢,臺北市文山區****,0960*****,,,,,,,,
86,陳錦祥,111年臺北市議員選舉,首次申報,1111025,個人捐贈收入,胡瑞,A12*******,20000.00,0.00,匯款,1111025,,,金錢,臺北市大安區****,,,,,,,,,
87,陳錦祥,111年臺北市議員選舉,首次申報,1111025,個人捐贈收入,高海燕,A20*******,50000.00,0.00,匯款,1111025,,,金錢,臺北市文山區****,0912*****,,,,,,,,
88,陳錦祥,111年臺北市議員選舉,首次申報,1111025,個人捐贈收入,葉价彬,M12*******,20000.00,0.00,匯款,1111025,,,金錢,臺北市文山區****,0922*****,,,,,,,,
89,陳錦祥,111年臺北市議員選舉,首次申報,1111025,個人捐贈收入,王琪仁,N12*******,10000.00,0.00,匯款,1111025,,,金錢,彰化縣福興鄉****,0965*****,,,,,,,,
90,陳錦祥,111年臺北市議員選舉,首次申報,1111025,個人捐贈收入,黃瑞貞,V20*******,100000.00,0.00,匯款,1111025,,,金錢,臺北市大安區****,0910*****,,,,,,,,
91,陳錦祥,111年臺北市議員選舉,首次申報,1111026,營利事業捐贈收入,璞真建設股份有限公司,80293577,100000.00,0.00,匯款,1111026,,,金錢,臺北市大安區****,,,,,,,,,
92,陳錦祥,111年臺北市議員選舉,首次申報,1111026,個人捐贈收入,高志嘉,A12*******,100000.00,0.00,匯款,1111026,,,金錢,臺北市大安區****,2777*****,,,,,,,,
93,陳錦祥,111年臺北市議員選舉,首次申報,1111026,個人捐贈收入,高志君,A12*******,100000.00,0.00,匯款,1111026,,,金錢,臺北市大安區****,2777*****,,,,,,,,
94,陳錦祥,111年臺北市議員選舉,首次申報,1111026,個人捐贈收入,高劉碧玉,A20*******,100000.00,0.00,匯款,1111026,,,金錢,臺北市大安區****,2777*****,,,,,,,,
95,陳錦祥,111年臺北市議員選舉,首次申報,1111026,個人捐贈收入,梁旅珠,A22*******,100000.00,0.00,匯款,1111026,,,金錢,臺北市大安區****,2777*****,,,,,,,,
96,陳錦祥,111年臺北市議員選舉,首次申報,1111026,個人捐贈收入,姜羽凡,A22*******,30000.00,0.00,匯款,1111026,,,金錢,臺北市中山區****,0916*****,,,,,,,,
97,陳錦祥,111年臺北市議員選舉,首次申報,1111026,個人捐贈收入,邱毓英,E22*******,100000.00,0.00,匯款,1111026,,,金錢,臺北市大安區****,2777*****,,,,,,,,
98,陳錦祥,111年臺北市議員選舉,首次申報,1111027,營利事業捐贈收入,康紀食品有限公司,70519935,100000.00,0.00,匯款,1111027,已返還,,金錢,臺北市文山區****,0937*****,,,,,,,,
99,陳錦祥,111年臺北市議員選舉,首次申報,1111027,個人捐贈收入,陳清瑜,A12*******,20000.00,0.00,匯款,1111027,,,金錢,新北市五股區****,0982*****,,,,,,,,
100,陳錦祥,111年臺北市議員選舉,首次申報,1111027,個人捐贈收入,張祖蕙,A22*******,20000.00,0.00,匯款,1111027,,,金錢,新北市板橋區****,0932*****,,,,,,,,
101,陳錦祥,111年臺北市議員選舉,首次申報,1111027,個人捐贈收入,賴仁壽,G12*******,40000.00,0.00,匯款,1111027,,,金錢,新北市五股區****,0913*****,,,,,,,,
102,陳錦祥,111年臺北市議員選舉,首次申報,1111027,個人捐贈收入,林月卿,V20*******,20000.00,0.00,匯款,1111027,,,金錢,臺北市文山區****,0921*****,,,,,,,,
103,陳錦祥,111年臺北市議員選舉,首次申報,1111028,營利事業捐贈收入,晨達企業股份有限公司,30861201,100000.00,0.00,匯款,1111028,,,金錢,臺北市信義區****,2732*****,,,,,,,,
104,陳錦祥,111年臺北市議員選舉,首次申報,1111028,個人捐贈收入,劉炳坤,A10*******,20000.00,0.00,匯款,1111028,,,金錢,臺北市大安區****,0933*****,,,,,,,,
105,陳錦祥,111年臺北市議員選舉,首次申報,1111028,個人捐贈收入,薩文蕙,E22*******,50000.00,0.00,匯款,1111028,,,金錢,臺北市文山區****,0933*****,,,,,,,,
106,陳錦祥,111年臺北市議員選舉,首次申報,1111028,個人捐贈收入,陳勝源,H12*******,5000.00,0.00,匯款,1111028,,,金錢,臺北市大安區****,0937*****,,,,,,,,
107,陳錦祥,111年臺北市議員選舉,首次申報,1111028,個人捐贈收入,何達村,Q10*******,100000.00,0.00,匯款,1111028,,,金錢,臺北市信義區****,2732*****,,,,,,,,
108,陳錦祥,111年臺北市議員選舉,首次申報,1111031,營利事業捐贈收入,江盛企業有限公司,03592627,20000.00,0.00,匯款,1111031,已返還,,金錢,臺北市大安區****,0910*****,,,,,,,,
109,陳錦祥,111年臺北市議員選舉,首次申報,1111031,營利事業捐贈收入,六德建設股份有限公司,23222588,100000.00,0.00,匯款,1111031,,,金錢,臺北市中正區****,0936*****,,,,,,,,
110,陳錦祥,111年臺北市議員選舉,首次申報,1111031,營利事業捐贈收入,久舜營造股份有限公司,84548046,500000.00,0.00,票據,1111031,,,金錢,臺北市內湖區****,2796*****,,,,,,,,
111,陳錦祥,111年臺北市議員選舉,首次申報,1111031,個人捐贈收入,陳甄惠,C22*******,100000.00,0.00,匯款,1111031,,,金錢,桃園市大園區****,2726*****,,,,,,,,
112,陳錦祥,111年臺北市議員選舉,首次申報,1111031,個人捐贈收入,薛碧絢,E20*******,100000.00,0.00,匯款,1111031,,,金錢,臺北市大安區****,2726*****,,,,,,,,
113,陳錦祥,111年臺北市議員選舉,首次申報,1111031,個人捐贈收入,高慈瑤,F22*******,100000.00,0.00,匯款,1111031,,,金錢,新北市土城區****,,,,,,,,,
114,陳錦祥,111年臺北市議員選舉,首次申報,1111031,個人捐贈收入,張昌明,R12*******,35000.00,0.00,匯款,1111031,,,金錢,臺北市大安區****,2707*****,,,,,,,,
115,陳錦祥,111年臺北市議員選舉,首次申報,1111031,個人捐贈收入,王成基,Y10*******,10000.00,0.00,匯款,1111031,,,金錢,臺北市文山區****,0928*****,,,,,,,,
116,陳錦祥,111年臺北市議員選舉,首次申報,1111101,個人捐贈收入,陳錫秋,M10*******,12000.00,0.00,匯款,1111101,,,金錢,臺北市大安區****,0910*****,,,,,,,,
117,陳錦祥,111年臺北市議員選舉,首次申報,1111102,營利事業捐贈收入,昇立建設股份有限公司,86887941,200000.00,0.00,匯款,1111102,,,金錢,臺北市大同區****,2552*****,,,,,,,,
118,陳錦祥,111年臺北市議員選舉,首次申報,1111103,營利事業捐贈收入,巴迪資產管理股份有限公司,53116851,100000.00,0.00,匯款,1111103,已返還,,金錢,新北市永和區****,,,,,,,,,
119,陳錦祥,111年臺北市議員選舉,首次申報,1111103,個人捐贈收入,魯麗峯,A20*******,3000.00,0.00,匯款,1111103,,,金錢,新北市永和區****,0938*****,,,,,,,,
120,陳錦祥,111年臺北市議員選舉,首次申報,1111103,個人捐贈收入,陳萬居,P12*******,100000.00,0.00,匯款,1111103,,,金錢,臺北市文山區****,0937*****,,,,,,,,
121,陳錦祥,111年臺北市議員選舉,首次申報,1111104,營利事業捐贈收入,欣隆建設股份有限公司,23823371,300000.00,0.00,匯款,1111104,,,金錢,臺北市大安區****,2755*****,,,,,,,,
122,陳錦祥,111年臺北市議員選舉,首次申報,1111104,營利事業捐贈收入,偉聯船務代理股份有限公司,24338340,200000.00,0.00,匯款,1111104,,,金錢,臺北市松山區****,8773*****,,,,,,,,
123,陳錦祥,111年臺北市議員選舉,首次申報,1111104,營利事業捐贈收入,偉泓船務代理股份有限公司,27699628,100000.00,0.00,匯款,1111104,,,金錢,臺北市松山區****,8773*****,,,,,,,,
124,陳錦祥,111年臺北市議員選舉,首次申報,1111104,營利事業捐贈收入,聖得福建設開發股份有限公司,89455382,150000.00,0.00,票據,1111104,,,金錢,臺北市內湖區****,0918*****,,,,,,,,
125,陳錦祥,111年臺北市議員選舉,首次申報,1111105,個人捐贈收入,蔡宗學,A12*******,10000.00,0.00,匯款,1111105,,,金錢,臺北市大安區****,0956*****,,,,,,,,
126,陳錦祥,111年臺北市議員選舉,首次申報,1111107,營利事業捐贈收入,耐斯資融股份有限公司,12852742,300000.00,0.00,匯款,1111107,,,金錢,臺北市大安區****,,,,,,,,,
127,陳錦祥,111年臺北市議員選舉,首次申報,1111107,個人捐贈收入,林淑美,R22*******,50000.00,0.00,匯款,1111107,,,金錢,臺北市大安區****,0937*****,,,,,,,,
128,陳錦祥,111年臺北市議員選舉,首次申報,1111108,營利事業捐贈收入,上陽投資股份有限公司,16291406,400000.00,0.00,匯款,1111108,,,金錢,臺北市大安區****,2777*****,,,,,,,,
129,陳錦祥,111年臺北市議員選舉,首次申報,1111108,營利事業捐贈收入,鼎陽投資股份有限公司,16292073,400000.00,0.00,匯款,1111108,,,金錢,臺北市大安區****,2777*****,,,,,,,,
130,陳錦祥,111年臺北市議員選舉,首次申報,1111108,營利事業捐贈收入,成陽投資企業股份有限公司,16618395,200000.00,0.00,匯款,1111108,,,金錢,臺北市大安區****,2777*****,,,,,,,,
131,陳錦祥,111年臺北市議員選舉,首次申報,1111108,個人捐贈收入,馬友樂,A12*******,100000.00,0.00,匯款,1111108,,,金錢,臺北市松山區****,0925*****,,,,,,,,
132,陳錦祥,111年臺北市議員選舉,首次申報,1111109,個人捐贈收入,郭靜華,A22*******,70000.00,0.00,匯款,1111109,,,金錢,桃園市桃園區****,0952*****,,,,,,,,
133,陳錦祥,111年臺北市議員選舉,首次申報,1111109,個人捐贈收入,王美珠,C20*******,10000.00,0.00,匯款,1111109,,,金錢,臺北市松山區****,0935*****,,,,,,,,
134,陳錦祥,111年臺北市議員選舉,首次申報,1111109,個人捐贈收入,黃以嘉,E20*******,5000.00,0.00,匯款,1111109,,,金錢,臺北市大安區****,2708*****,,,,,,,,
135,陳錦祥,111年臺北市議員選舉,首次申報,1111110,營利事業捐贈收入,艾澌克企業股份有限公司,28199066,50000.00,0.00,匯款,1111110,,,金錢,新北市汐止區****,0912*****,,,,,,,,
136,陳錦祥,111年臺北市議員選舉,首次申報,1111110,個人捐贈收入,荊偉政,T12*******,60000.00,0.00,匯款,1111110,,,金錢,臺北市大安區****,2771*****,,,,,,,,
137,陳錦祥,111年臺北市議員選舉,首次申報,1111111,營利事業捐贈收入,盛德營造股份有限公司,60295491,120000.00,0.00,票據,1111111,,,金錢,臺北市信義區****,,,,,,,,,
138,陳錦祥,111年臺北市議員選舉,首次申報,1111111,營利事業捐贈收入,盛德營造股份有限公司,60295491,80000.00,0.00,匯款,1111111,,,金錢,臺北市信義區****,2346*****,,,,,,,,
139,陳錦祥,111年臺北市議員選舉,首次申報,1111111,營利事業捐贈收入,瑞榮興業股份有限公司,80504051,50000.00,0.00,匯款,1111111,,,金錢,臺北市士林區****,8861*****,,,,,,,,
140,陳錦祥,111年臺北市議員選舉,首次申報,1111111,個人捐贈收入,潘長芳,G10*******,2000.00,0.00,匯款,1111111,,,金錢,臺北市大安區****,0921*****,,,,,,,,
141,陳錦祥,111年臺北市議員選舉,首次申報,1111111,個人捐贈收入,童韻如,H22*******,20000.00,0.00,匯款,1111111,,,金錢,臺北市大安區****,0928*****,,,,,,,,
142,陳錦祥,111年臺北市議員選舉,首次申報,1111111,個人捐贈收入,黃聖志,T10*******,50000.00,0.00,匯款,1111111,,,金錢,臺北市大安區****,0932*****,,,,,,,,
143,陳錦祥,111年臺北市議員選舉,首次申報,1111114,營利事業捐贈收入,昭城建設有限公司,86302905,50000.00,0.00,匯款,1111114,,,金錢,臺北市大同區****,0922*****,,,,,,,,
144,陳錦祥,111年臺北市議員選舉,首次申報,1111115,個人捐贈收入,楊淑惠,A20*******,5000.00,0.00,匯款,1111115,,,金錢,臺北市大安區****,2754*****,,,,,,,,
145,陳錦祥,111年臺北市議員選舉,首次申報,1111115,個人捐贈收入,楊桂枝,A20*******,10000.00,0.00,現金,1111115,,,金錢,臺北市文山區****,,,,,,,,,
146,陳錦祥,111年臺北市議員選舉,首次申報,1111116,個人捐贈收入,王樹枝,M20*******,10000.00,0.00,匯款,1111116,,,金錢,臺北市文山區****,0933*****,,,,,,,,
147,陳錦祥,111年臺北市議員選舉,首次申報,1111117,營利事業捐贈收入,億安建設股份有限公司,28736734,50000.00,0.00,匯款,1111117,已返還,,金錢,新北市新店區****,2918*****,,,,,,,,
148,陳錦祥,111年臺北市議員選舉,首次申報,1111117,個人捐贈收入,石德鴻,A12*******,10000.00,0.00,匯款,1111117,,,金錢,臺北市文山區****,0935*****,,,,,,,,
149,陳錦祥,111年臺北市議員選舉,首次申報,1111117,個人捐贈收入,陳淑芬,A21*******,100000.00,0.00,匯款,1111117,,,金錢,新北市新莊區****,0973*****,,,,,,,,
150,陳錦祥,111年臺北市議員選舉,首次申報,1111117,個人捐贈收入,許銘顯,D10*******,6000.00,0.00,匯款,1111117,,,金錢,臺北市文山區****,0935*****,,,,,,,,
151,陳錦祥,111年臺北市議員選舉,首次申報,1111117,個人捐贈收入,顏邦智,U12*******,10000.00,0.00,匯款,1111117,,,金錢,新北市中和區****,0928*****,,,,,,,,
152,陳錦祥,111年臺北市議員選舉,首次申報,1111118,營利事業捐贈收入,得立康健國際股份有限公司,90641218,100000.00,0.00,匯款,1111118,,,金錢,屏東縣屏東市****,0873*****,,,,,,,,
153,陳錦祥,111年臺北市議員選舉,首次申報,1111118,個人捐贈收入,黃介廷,A12*******,2000.00,0.00,匯款,1111118,,,金錢,新北市八里區****,0955*****,,,,,,,,
154,陳錦祥,111年臺北市議員選舉,首次申報,1111118,個人捐贈收入,陳金讓,F10*******,30000.00,0.00,匯款,1111118,,,金錢,臺北市信義區****,,,,,,,,,
155,陳錦祥,111年臺北市議員選舉,首次申報,1111121,營利事業捐贈收入,偉浩工程有限公司,07722798,50000.00,0.00,票據,1111121,,,金錢,臺北市大安區****,0930*****,,,,,,,,
156,陳錦祥,111年臺北市議員選舉,首次申報,1111121,個人捐贈收入,張棟樑,Q10*******,10000.00,0.00,匯款,1111121,,,金錢,臺北市大安區****,0973*****,,,,,,,,
157,陳錦祥,111年臺北市議員選舉,首次申報,1111122,營利事業捐贈收入,億東營造股份有限公司,86251390,50000.00,0.00,匯款,1111122,,,金錢,新北市新店區****,2918*****,,,,,,,,
158,陳錦祥,111年臺北市議員選舉,首次申報,1111122,個人捐贈收入,張長慶,A12*******,6000.00,0.00,匯款,1111122,,,金錢,新北市汐止區****,0932*****,,,,,,,,
159,陳錦祥,111年臺北市議員選舉,首次申報,1111122,個人捐贈收入,彭家瑞,H12*******,20000.00,0.00,匯款,1111122,,,金錢,桃園市中壢區****,0921*****,,,,,,,,
160,陳錦祥,111年臺北市議員選舉,首次申報,1111122,個人捐贈收入,黃振仁,M10*******,10000.00,0.00,匯款,1111122,,,金錢,臺北市文山區****,0930*****,,,,,,,,
161,陳錦祥,111年臺北市議員選舉,首次申報,1111123,營利事業捐贈收入,恆光橋環保工程有限公司,27750194,100000.00,0.00,匯款,1111123,,,金錢,臺北市文山區****,,,,,,,,,
162,陳錦祥,111年臺北市議員選舉,首次申報,1111123,個人捐贈收入,馮定亞,A20*******,6600.00,0.00,匯款,1111123,,,金錢,高雄市前鎮區****,0753*****,,,,,,,,
163,陳錦祥,111年臺北市議員選舉,首次申報,1111123,個人捐贈收入,張惠雯,E22*******,50000.00,0.00,匯款,1111123,,,金錢,臺中市西屯區****,,,,,,,,,
164,陳錦祥,111年臺北市議員選舉,首次申報,1111123,個人捐贈收入,黃秀榕,H20*******,5000.00,0.00,匯款,1111123,,,金錢,臺北市信義區****,0958*****,,,,,,,,
165,陳錦祥,111年臺北市議員選舉,首次申報,1111123,個人捐贈收入,劉佳鈞,K12*******,50000.00,0.00,匯款,1111123,,,金錢,臺北市中正區****,0934*****,,,,,,,,
166,陳錦祥,111年臺北市議員選舉,首次申報,1111123,個人捐贈收入,林子瑋,P12*******,50000.00,0.00,匯款,1111123,,,金錢,臺中市龍井區****,,,,,,,,,
167,陳錦祥,111年臺北市議員選舉,首次申報,1111123,個人捐贈收入,黃文志,P12*******,20000.00,0.00,匯款,1111123,,,金錢,臺北市大安區****,0933*****,,,,,,,,
168,陳錦祥,111年臺北市議員選舉,首次申報,1111123,個人捐贈收入,林巧薇,P22*******,50000.00,0.00,匯款,1111123,,,金錢,臺中市西屯區****,,,,,,,,,
169,陳錦祥,111年臺北市議員選舉,首次申報,1111125,個人捐贈收入,楊巧蓮,A20*******,3000.00,0.00,匯款,1111125,,,金錢,臺北市文山區****,0921*****,,,,,,,,
170,陳錦祥,111年臺北市議員選舉,首次申報,1111221,其他收入,利息收入,,2191.00,0.00,匯款,1111221,,,金錢,,,,,,,,,,
