﻿序號,擬參選人／政黨,選舉名稱,申報序號／年度,交易日期,收支科目,捐贈者／支出對象,身分證／統一編號,收入金額,支出金額,支出用途,金錢類,地址,聯絡電話,資料更正日期
1,詹坤金,107年鄉(鎮、市)長選舉,首次申報,1071019,個人捐贈收入,潘誠義,,3000.00,0.00,,金錢,苗栗縣卓蘭鎮****,,
2,詹坤金,107年鄉(鎮、市)長選舉,首次申報,1071020,個人捐贈收入,潘誠義,,3000.00,0.00,,金錢,苗栗縣卓蘭鎮****,,
3,詹坤金,107年鄉(鎮、市)長選舉,首次申報,1071020,營利事業捐贈收入,欣福興營造有限公司,16259969,55000.00,0.00,,金錢,臺中市大里區****,,
4,詹坤金,107年鄉(鎮、市)長選舉,首次申報,1071020,營利事業捐贈收入,松穎實業有限公司,24875262,12000.00,0.00,,金錢,,,
5,詹坤金,107年鄉(鎮、市)長選舉,首次申報,1071020,營利事業捐贈收入,統日實業股份有限公司,84079228,100000.00,0.00,,金錢,苗栗縣卓蘭鎮****,,
6,詹坤金,107年鄉(鎮、市)長選舉,首次申報,1071030,個人捐贈收入,詹勳正,K12*******,52000.00,0.00,,金錢,苗栗縣卓蘭鎮****,,
7,詹坤金,107年鄉(鎮、市)長選舉,首次申報,1071030,個人捐贈收入,吳孟霖,P12*******,95000.00,0.00,,金錢,雲林縣四湖鄉****,,
