﻿序號,擬參選人／政黨,選舉名稱,申報序號／年度,交易日期,收支科目,捐贈者／支出對象,身分證／統一編號,收入金額,支出金額,支出用途,金錢類,地址,聯絡電話,資料更正日期
1,李國安,107年直轄市議員選舉,首次申報,1070923,匿名捐贈,匿名,,147.00,0.00,,金錢,,,
2,李國安,107年直轄市議員選舉,首次申報,1071018,個人捐贈收入,呂學峰,H12*******,2688.00,0.00,,金錢,,,
3,李國安,107年直轄市議員選舉,首次申報,1071020,個人捐贈收入,龔泰禧,H12*******,6600.00,0.00,,金錢,,,
4,李國安,107年直轄市議員選舉,首次申報,1071025,個人捐贈收入,徐仲逸,H12*******,6000.00,0.00,,金錢,桃園市桃園區****,0933*****,
5,李國安,107年直轄市議員選舉,首次申報,1071123,個人捐贈收入,吳幸眉,H22*******,8800.00,0.00,,金錢,,,
