﻿序號,擬參選人／政黨,選舉名稱,申報序號／年度,交易日期,收支科目,捐贈者／支出對象,身分證／統一編號,收入金額,支出金額,捐贈方式,存入專戶日期,返還/繳庫,支出用途,金錢類,地址,聯絡電話,應揭露之支出對象,支出對象之內部人員姓名,支出對象之內部人員職稱,政黨之內部人員姓名,政黨之內部人員職稱,關係,更正註記,資料更正日期
1,徐弘庭,111年臺北市議員選舉,首次申報,1110510,宣傳支出,花卉營業人（3307）,01224318,0.00,21500.00,,,,製作競選物品或宣傳廣告費用（康乃馨）,金錢,臺北市內湖區****,,否,,,,,,,
2,徐弘庭,111年臺北市議員選舉,首次申報,1110601,雜支支出,藍新科技股份有限公司,70565326,0.00,3702.00,,,,行動支付捐款交易手續費,金錢,臺北市南港區****,02-2*****,否,,,,,,,
3,徐弘庭,111年臺北市議員選舉,首次申報,1110602,宣傳支出,埔興企業股份有限公司,23181708,0.00,118650.00,,,,製作競選物品或宣傳廣告費用（客製化瓶水）,金錢,南投縣埔里鎮****,049-*****,否,,,,,,,
4,徐弘庭,111年臺北市議員選舉,首次申報,1110620,宣傳支出,漁歌展業股份有限公司,96961862,0.00,262080.00,,,,車體廣告費用,金錢,臺北市中山區****,02-2*****,否,,,,,,,
5,徐弘庭,111年臺北市議員選舉,首次申報,1110701,雜支支出,藍新科技股份有限公司,70565326,0.00,2258.00,,,,行動支付捐款交易手續費,金錢,臺北市南港區****,02-2*****,否,,,,,,,
6,徐弘庭,111年臺北市議員選舉,首次申報,1110712,租用宣傳車輛支出,瑞樺汽車有限公司,86506680,0.00,21500.00,,,,維修宣傳車輛費用,金錢,臺北市中山區****,02-2*****,否,,,,,,,
7,徐弘庭,111年臺北市議員選舉,首次申報,1110715,租用宣傳車輛支出,魔術小巴國際行銷有限公司,24384596,0.00,75600.00,,,,宣傳車外觀設計輸出、烤漆等,金錢,新北市新莊區****,02-2*****,否,,,,,,,
8,徐弘庭,111年臺北市議員選舉,首次申報,1110718,宣傳支出,大禾企業社,73896285,0.00,205035.00,,,,製作競選物品或宣傳廣告費用（卡片、名片等）,金錢,臺北市大同區****,02-2*****,否,,,,,,,
9,徐弘庭,111年臺北市議員選舉,首次申報,1110719,宣傳支出,天宇視覺設計,19256699,0.00,634725.00,,,,製作競選物品或宣傳廣告費用（不織布環保袋）,金錢,臺中市西屯區****,0922*****,否,,,,,,,
10,徐弘庭,111年臺北市議員選舉,首次申報,1110720,宣傳支出,新隆廣告社,81764033,0.00,143661.00,,,,製作競選物品或宣傳廣告費用（戶外看板）,金錢,臺北市文山區****,02-2*****,否,,,,,,,
11,徐弘庭,111年臺北市議員選舉,首次申報,1110725,宣傳支出,張豫豪,U12*******,0.00,36200.00,,,,委託辦理研究、評估、調查、設計或規劃費用,金錢,桃園市平鎮區****,03-4*****,否,,,,,,,
12,徐弘庭,111年臺北市議員選舉,首次申報,1110726,宣傳支出,埔興企業股份有限公司,23181708,0.00,64575.00,,,,製作競選物品或宣傳廣告費用（客製化瓶水）,金錢,南投縣埔里鎮****,049-*****,否,,,,,,,
13,徐弘庭,111年臺北市議員選舉,首次申報,1110801,雜支支出,藍新科技股份有限公司,70565326,0.00,250.00,,,,行動支付捐款交易手續費,金錢,臺北市南港區****,02-2*****,否,,,,,,,
14,徐弘庭,111年臺北市議員選舉,首次申報,1110819,宣傳支出,恩提網絡股份有限公司,24975017,0.00,56700.00,,,,其他與選舉宣傳有關之費用,金錢,臺北市南港區****,0921*****,否,,,,,,,
15,徐弘庭,111年臺北市議員選舉,首次申報,1110821,宣傳支出,大橡科技有限公司,82818310,0.00,37800.00,,,,其他與選舉宣傳有關之費用,金錢,臺北市中正區****,,否,,,,,,,
16,徐弘庭,111年臺北市議員選舉,首次申報,1110831,宣傳支出,新隆廣告社,81764033,0.00,95491.00,,,,製作競選物品或宣傳廣告費用（戶外看板）,金錢,臺北市文山區****,02-2*****,否,,,,,,,
17,徐弘庭,111年臺北市議員選舉,首次申報,1110901,雜支支出,藍新科技股份有限公司,70565326,0.00,388.00,,,,行動支付捐款交易手續費,金錢,臺北市南港區****,02-2*****,否,,,,,,,
18,徐弘庭,111年臺北市議員選舉,首次申報,1110902,宣傳支出,台灣摩菲爾國際股份有限公司,24312453,0.00,489825.00,,,,車體廣告費用,金錢,臺北市中正區****,02-2*****,否,,,,,,,
19,徐弘庭,111年臺北市議員選舉,首次申報,1110905,宣傳支出,新隆廣告社,81764033,0.00,158277.00,,,,製作競選物品或宣傳廣告費用（戶外看板）,金錢,臺北市文山區****,02-2*****,否,,,,,,,
20,徐弘庭,111年臺北市議員選舉,首次申報,1110908,宣傳支出,大安文山有線電視股份有限公司,97172470,0.00,450000.00,,,,播放、傳送或刊登宣傳廣告費用,金錢,臺北市文山區****,02-5*****,否,,,,,,,
21,徐弘庭,111年臺北市議員選舉,首次申報,1110912,宣傳支出,台灣摩菲爾國際股份有限公司,24312453,0.00,9450.00,,,,車體廣告費用,金錢,臺北市中正區****,02-2*****,否,,,,,,,
22,徐弘庭,111年臺北市議員選舉,首次申報,1110919,宣傳支出,旭邦整合行銷股份有限公司,69315574,0.00,316462.00,,,,社區電梯廣告費用,金錢,臺北市中正區****,02-2*****,否,,,,,,,
23,徐弘庭,111年臺北市議員選舉,首次申報,1110927,宣傳支出,英屬維京群島商沙威隆國際股份有限公司,54398837,0.00,329700.00,,,,製作競選物品或宣傳廣告費用（抗菌濕巾）,金錢,臺北市松山區****,02-8*****,否,,,,,,,
24,徐弘庭,111年臺北市議員選舉,首次申報,1110929,宣傳支出,大禾企業社,73896285,0.00,130778.00,,,,製作競選物品或宣傳廣告費用（貼紙、海報、布條等）,金錢,臺北市大同區****,02-2*****,否,,,,,,,
25,徐弘庭,111年臺北市議員選舉,首次申報,1111001,雜支支出,藍新科技股份有限公司,70565326,0.00,2660.00,,,,行動支付捐款交易手續費,金錢,臺北市南港區****,02-2*****,否,,,,,,,
26,徐弘庭,111年臺北市議員選舉,首次申報,1111003,人事費用支出,龍冠尹,F12*******,0.00,40000.00,,,,工資或薪津,金錢,新北市新店區****,0987*****,否,,,,,,,
27,徐弘庭,111年臺北市議員選舉,首次申報,1111003,租用競選辦事處支出,施興鈞,K12*******,0.00,120000.00,,,,租用競選辦事處費用,金錢,臺北市文山區****,0928*****,否,,,,,,,
28,徐弘庭,111年臺北市議員選舉,首次申報,1111007,宣傳支出,彥星傳播事業有限公司,89471475,0.00,210000.00,,,,播放、傳送或刊登宣傳廣告費用,金錢,臺北市信義區****,02-8*****,否,,,,,,,
29,徐弘庭,111年臺北市議員選舉,首次申報,1111014,宣傳支出,旺寶生醫股份有限公司,90835832,0.00,637792.00,,,,製作競選物品或宣傳廣告費用（立體口罩）,金錢,臺南市仁德區****,07-7*****,否,,,,,,,
30,徐弘庭,111年臺北市議員選舉,首次申報,1111017,宣傳支出,松和商行,81621211,0.00,30240.00,,,,製作競選物品或宣傳廣告費用（手搖旗）,金錢,臺北市中正區****,02-2*****,否,,,,,,,
31,徐弘庭,111年臺北市議員選舉,首次申報,1111017,宣傳支出,新隆廣告社,81764033,0.00,127964.00,,,,製作競選物品或宣傳廣告費用（戶外看板）,金錢,臺北市文山區****,02-2*****,否,,,,,,,
32,徐弘庭,111年臺北市議員選舉,首次申報,1111024,宣傳支出,恩提網絡股份有限公司,24975017,0.00,84613.00,,,,委託辦理研究、評估、調查、設計或規劃費用,金錢,臺北市南港區****,0921*****,否,,,,,,,
33,徐弘庭,111年臺北市議員選舉,首次申報,1111024,宣傳支出,三竹資訊股份有限公司,86136982,0.00,100000.00,,,,發送電信簡訊費用,金錢,臺北市中山區****,02-2*****,否,,,,,,,
34,徐弘庭,111年臺北市議員選舉,首次申報,1111031,宣傳支出,大禾企業社,73896285,0.00,169222.00,,,,製作競選物品或宣傳廣告費用（貼紙、酷卡、關東旗等）,金錢,臺北市大同區****,02-2*****,否,,,,,,,
35,徐弘庭,111年臺北市議員選舉,首次申報,1111101,宣傳支出,中華郵政股份有限公司臺北大龍峒郵局,03741302,0.00,82080.00,,,,郵寄競選物品,金錢,臺北市大同區****,02-2*****,否,,,,,,,
36,徐弘庭,111年臺北市議員選舉,首次申報,1111101,宣傳支出,廣聚科技股份有限公司,13121457,0.00,189000.00,,,,播放、傳送或刊登宣傳廣告費用,金錢,新北市新莊區****,02-2*****,否,,,,,,,
37,徐弘庭,111年臺北市議員選舉,首次申報,1111101,雜支支出,藍新科技股份有限公司,70565326,0.00,287.00,,,,行動支付捐款交易手續費,金錢,臺北市南港區****,02-2*****,否,,,,,,,
38,徐弘庭,111年臺北市議員選舉,首次申報,1111101,人事費用支出,杜丞左,A12*******,0.00,4650.00,,,,工資或薪津,金錢,臺北市大安區****,0920*****,否,,,,,,,
39,徐弘庭,111年臺北市議員選舉,首次申報,1111101,人事費用支出,馬彥光,A22*******,0.00,17800.00,,,,工資或薪津,金錢,臺北市松山區****,0989*****,否,,,,,,,
40,徐弘庭,111年臺北市議員選舉,首次申報,1111101,人事費用支出,李吟軒,A23*******,0.00,4800.00,,,,工資或薪津,金錢,臺北市信義區****,0938*****,否,,,,,,,
41,徐弘庭,111年臺北市議員選舉,首次申報,1111101,人事費用支出,陳偉強,F12*******,0.00,6900.00,,,,工資或薪津,金錢,新北市新店區****,0915*****,否,,,,,,,
42,徐弘庭,111年臺北市議員選舉,首次申報,1111101,人事費用支出,龍冠尹,F12*******,0.00,40000.00,,,,工資或薪津,金錢,新北市新店區****,0987*****,否,,,,,,,
43,徐弘庭,111年臺北市議員選舉,首次申報,1111101,人事費用支出,詹皇志,H12*******,0.00,1650.00,,,,工資或薪津,金錢,桃園市八德區****,0958*****,否,,,,,,,
44,徐弘庭,111年臺北市議員選舉,首次申報,1111101,人事費用支出,施唯揚,Q12*******,0.00,5150.00,,,,工資或薪津,金錢,新北市新莊區****,0933*****,否,,,,,,,
45,徐弘庭,111年臺北市議員選舉,首次申報,1111106,集會支出,梁社漢排骨文山指南店,88289457,0.00,4600.00,,,,餐飲費用,金錢,臺北市文山區****,02-8*****,否,,,,,,,
46,徐弘庭,111年臺北市議員選舉,首次申報,1111106,集會支出,梅子素粽,98875478,0.00,12800.00,,,,餐飲費用,金錢,嘉義市東區林****,05-2*****,否,,,,,,,
47,徐弘庭,111年臺北市議員選舉,首次申報,1111106,集會支出,許軒凱,A12*******,0.00,15000.00,,,,其他與集會有關之費用,金錢,臺北市文山區****,0921*****,否,,,,,,,
48,徐弘庭,111年臺北市議員選舉,首次申報,1111106,宣傳支出,競選總部,A12*******,0.00,60000.00,,,,其他與選舉宣傳有關之費用,非金錢,臺北市文山區****,02-8*****,否,,,,,,,
49,徐弘庭,111年臺北市議員選舉,首次申報,1111106,集會支出,李珮媜,F20*******,0.00,6000.00,,,,其他與集會有關之費用,金錢,新北市新店區****,0920*****,否,,,,,,,
50,徐弘庭,111年臺北市議員選舉,首次申報,1111108,宣傳支出,埔興企業股份有限公司,23181708,0.00,80325.00,,,,製作競選物品或宣傳廣告費用（客製化瓶水）,金錢,南投縣埔里鎮****,049-*****,否,,,,,,,
51,徐弘庭,111年臺北市議員選舉,首次申報,1111110,宣傳支出,旺寶生醫股份有限公司,90835832,0.00,115500.00,,,,製作競選物品或宣傳廣告費用（立體口罩）,金錢,臺南市仁德區****,07-7*****,否,,,,,,,
52,徐弘庭,111年臺北市議員選舉,首次申報,1111112,集會支出,津隆益包子饅頭,,0.00,9000.00,,,,餐飲費用,金錢,臺北市信義區****,02-3*****,否,,,,,,,
53,徐弘庭,111年臺北市議員選舉,首次申報,1111112,集會支出,梅子素粽,98875478,0.00,8000.00,,,,餐飲費用,金錢,嘉義市東區林****,05-2*****,否,,,,,,,
54,徐弘庭,111年臺北市議員選舉,首次申報,1111112,集會支出,郭音蘭,M22*******,0.00,5000.00,,,,其他與集會有關之費用,金錢,臺北市文山區****,0921*****,否,,,,,,,
55,徐弘庭,111年臺北市議員選舉,首次申報,1111115,宣傳支出,喬商廣告股份有限公司,23289139,0.00,1197840.00,,,,播放、傳送或刊登宣傳廣告費用,金錢,臺北市信義區****,02-8*****,否,,,,,,,
56,徐弘庭,111年臺北市議員選舉,首次申報,1111115,宣傳支出,新隆廣告社,81764033,0.00,261639.00,,,,製作競選物品或宣傳廣告費用（戶外看板）,金錢,臺北市文山區****,02-2*****,否,,,,,,,
57,徐弘庭,111年臺北市議員選舉,首次申報,1111115,宣傳支出,彥星傳播事業有限公司,89471475,0.00,61253.00,,,,播放、傳送或刊登宣傳廣告費用,金錢,臺北市信義區****,02-8*****,否,,,,,,,
58,徐弘庭,111年臺北市議員選舉,首次申報,1111117,返還捐贈支出,陞泰工業股份有限公司,22382729,0.00,100000.00,,,,返還,金錢,新北市林口區****,,否,,,,,,,
59,徐弘庭,111年臺北市議員選舉,首次申報,1111117,返還捐贈支出,長品國際人力仲介有限公司,54977890,0.00,20000.00,,,,返還,金錢,新竹縣湖口鄉****,,否,,,,,,,
60,徐弘庭,111年臺北市議員選舉,首次申報,1111117,返還捐贈支出,志成棺木有限公司,96999889,0.00,50000.00,,,,返還,金錢,臺北市中山區****,,否,,,,,,,
61,徐弘庭,111年臺北市議員選舉,首次申報,1111118,宣傳支出,優立迅有限公司,25148043,0.00,113240.00,,,,播放、傳送或刊登宣傳廣告費用,金錢,臺北市內湖區****,02-8*****,否,,,,,,,
62,徐弘庭,111年臺北市議員選舉,首次申報,1111118,集會支出,主題設計工程有限公司,54271325,0.00,353268.00,,,,租用設備費用,金錢,新北市樹林區****,0956*****,否,,,,,,,
63,徐弘庭,111年臺北市議員選舉,首次申報,1111121,返還捐贈支出,元亨文創娛樂有限公司,24555155,0.00,200000.00,,,,返還,金錢,臺北市內湖區****,,否,,,,,,,
64,徐弘庭,111年臺北市議員選舉,首次申報,1111121,返還捐贈支出,橙豐國際實業有限公司,54173794,0.00,100000.00,,,,返還,金錢,臺北市大安區****,,否,,,,,,,
65,徐弘庭,111年臺北市議員選舉,首次申報,1111121,宣傳支出,大禾企業社,73896285,0.00,300000.00,,,,製作競選物品或宣傳廣告費用（酷卡等）,金錢,臺北市大同區****,02-2*****,否,,,,,,,
66,徐弘庭,111年臺北市議員選舉,首次申報,1111121,返還捐贈支出,天毓資產管理股份有限公司,83772805,0.00,200000.00,,,,返還,金錢,臺北市大安區****,,否,,,,,,,
67,徐弘庭,111年臺北市議員選舉,首次申報,1111122,宣傳支出,育朋廣告有限公司,82809522,0.00,155600.00,,,,播放、傳送或刊登宣傳廣告費用,金錢,臺北市文山區****,02-2*****,否,,,,,,,
68,徐弘庭,111年臺北市議員選舉,首次申報,1111124,宣傳支出,台灣摩菲爾國際股份有限公司,24312453,0.00,46725.00,,,,車體廣告費用,金錢,臺北市中正區****,02-2*****,否,,,,,,,
69,徐弘庭,111年臺北市議員選舉,首次申報,1111124,宣傳支出,漁歌展業股份有限公司,96961862,0.00,12600.00,,,,車體廣告費用,金錢,臺北市中山區****,02-2*****,否,,,,,,,
70,徐弘庭,111年臺北市議員選舉,首次申報,1111128,宣傳支出,三竹資訊股份有限公司,86136982,0.00,459497.00,,,,發送電信簡訊費用,金錢,臺北市中山區****,02-2*****,否,,,,,,,
71,徐弘庭,111年臺北市議員選舉,首次申報,1111201,宣傳支出,職人聚落股份有限公司,61844592,0.00,122115.00,,,,委託辦理研究、評估、調查、設計或規劃費用,金錢,臺北市中山區****,02-8*****,否,,,,,,,
72,徐弘庭,111年臺北市議員選舉,首次申報,1111201,雜支支出,藍新科技股份有限公司,70565326,0.00,4610.00,,,,行動支付捐款交易手續費,金錢,臺北市南港區****,02-2*****,否,,,,,,,
73,徐弘庭,111年臺北市議員選舉,首次申報,1111201,人事費用支出,杜丞左,A12*******,0.00,15800.00,,,,工資或薪津,金錢,臺北市大安區****,0920*****,否,,,,,,,
74,徐弘庭,111年臺北市議員選舉,首次申報,1111201,人事費用支出,沈中天,A12*******,0.00,5200.00,,,,工資或薪津,金錢,新北市新店區****,0922*****,否,,,,,,,
75,徐弘庭,111年臺北市議員選舉,首次申報,1111201,人事費用支出,馬彥光,A22*******,0.00,39800.00,,,,工資或薪津,金錢,臺北市松山區****,0989*****,否,,,,,,,
76,徐弘庭,111年臺北市議員選舉,首次申報,1111201,人事費用支出,林杏純,A22*******,0.00,3400.00,,,,工資或薪津,金錢,臺北市文山區****,0905*****,否,,,,,,,
77,徐弘庭,111年臺北市議員選舉,首次申報,1111201,人事費用支出,林家亦,A22*******,0.00,3000.00,,,,工資或薪津,金錢,臺北市文山區****,0921*****,否,,,,,,,
78,徐弘庭,111年臺北市議員選舉,首次申報,1111201,人事費用支出,陳寶貝,A22*******,0.00,20000.00,,,,獎金或津貼,金錢,臺北市文山區****,0953*****,否,,,,,,,
79,徐弘庭,111年臺北市議員選舉,首次申報,1111201,人事費用支出,李吟軒,A23*******,0.00,12700.00,,,,工資或薪津,金錢,臺北市信義區****,0938*****,否,,,,,,,
80,徐弘庭,111年臺北市議員選舉,首次申報,1111201,人事費用支出,譚仲彣,E12*******,0.00,8400.00,,,,工資或薪津,金錢,彰化縣彰化市****,0963*****,否,,,,,,,
81,徐弘庭,111年臺北市議員選舉,首次申報,1111201,人事費用支出,陳偉強,F12*******,0.00,1400.00,,,,工資或薪津,金錢,新北市新店區****,0915*****,否,,,,,,,
82,徐弘庭,111年臺北市議員選舉,首次申報,1111201,人事費用支出,龍冠尹,F12*******,0.00,40000.00,,,,工資或薪津,金錢,新北市新店區****,0987*****,否,,,,,,,
83,徐弘庭,111年臺北市議員選舉,首次申報,1111201,人事費用支出,郭湘琳,F22*******,0.00,20000.00,,,,獎金或津貼,金錢,新北市泰山區****,0916*****,否,,,,,,,
84,徐弘庭,111年臺北市議員選舉,首次申報,1111201,人事費用支出,陳柔綿,F22*******,0.00,3900.00,,,,工資或薪津,金錢,臺北市文山區****,0938*****,否,,,,,,,
85,徐弘庭,111年臺北市議員選舉,首次申報,1111201,人事費用支出,游正宏,H12*******,0.00,20000.00,,,,獎金或津貼,金錢,臺北市文山區****,0930*****,否,,,,,,,
86,徐弘庭,111年臺北市議員選舉,首次申報,1111201,人事費用支出,詹皇志,H12*******,0.00,9700.00,,,,工資或薪津,金錢,桃園市八德區****,0958*****,否,,,,,,,
87,徐弘庭,111年臺北市議員選舉,首次申報,1111201,人事費用支出,游唯欣,H22*******,0.00,20000.00,,,,獎金或津貼,金錢,臺北市文山區****,0985*****,否,,,,,,,
88,徐弘庭,111年臺北市議員選舉,首次申報,1111201,人事費用支出,李逸虹,H22*******,0.00,20000.00,,,,獎金或津貼,金錢,臺北市文山區****,0988*****,否,,,,,,,
89,徐弘庭,111年臺北市議員選舉,首次申報,1111201,人事費用支出,劉富滿,J22*******,0.00,20000.00,,,,獎金或津貼,金錢,臺北市文山區****,0912*****,否,,,,,,,
90,徐弘庭,111年臺北市議員選舉,首次申報,1111201,雜支支出,施興鈞,K12*******,0.00,11435.00,,,,水電瓦斯費用,金錢,臺北市文山區****,0928*****,否,,,,,,,
91,徐弘庭,111年臺北市議員選舉,首次申報,1111201,人事費用支出,施唯揚,Q12*******,0.00,23600.00,,,,工資或薪津,金錢,新北市新莊區****,0933*****,否,,,,,,,
92,徐弘庭,111年臺北市議員選舉,首次申報,1111201,人事費用支出,張瑞芳,Q22*******,0.00,20000.00,,,,獎金或津貼,金錢,臺北市文山區****,0933*****,否,,,,,,,
93,徐弘庭,111年臺北市議員選舉,首次申報,1111201,人事費用支出,張筱蘭,S20*******,0.00,12000.00,,,,獎金或津貼,金錢,臺北市文山區****,0911*****,否,,,,,,,
94,徐弘庭,111年臺北市議員選舉,首次申報,1111201,人事費用支出,滕秋明,S20*******,0.00,10000.00,,,,獎金或津貼,金錢,臺北市文山區****,0918*****,否,,,,,,,
95,徐弘庭,111年臺北市議員選舉,首次申報,1111201,人事費用支出,蔡宜庭,X22*******,0.00,20000.00,,,,獎金或津貼,金錢,臺北市文山區****,0938*****,否,,,,,,,
96,徐弘庭,111年臺北市議員選舉,首次申報,1111205,返還捐贈支出,瑞軒鑽石企業有限公司,69532853,0.00,100000.00,,,,返還,金錢,桃園市中壢區****,,否,,,,,,,
97,徐弘庭,111年臺北市議員選舉,首次申報,1111205,人事費用支出,林碧玉,A21*******,0.00,560000.00,,,,工資或薪津,金錢,臺北市文山區****,0937*****,否,,,,,,,
98,徐弘庭,111年臺北市議員選舉,首次申報,1111219,租用宣傳車輛支出,美修汽車商行,31333685,0.00,42000.00,,,,租用宣傳車輛費用,金錢,臺北市士林區****,02-2*****,否,,,,,,,
99,徐弘庭,111年臺北市議員選舉,首次申報,1111220,宣傳支出,大禾企業社,73896285,0.00,171059.00,,,,製作競選物品或宣傳廣告費用（DM、布條、指引牌等）,金錢,臺北市大同區****,02-2*****,否,,,,,,,
100,徐弘庭,111年臺北市議員選舉,首次申報,1111220,宣傳支出,新隆廣告社,81764033,0.00,256326.00,,,,製作競選物品或宣傳廣告費用（戶外看板）,金錢,臺北市文山區****,02-2*****,否,,,,,,,
101,徐弘庭,111年臺北市議員選舉,首次申報,1111220,宣傳支出,陳冠安,T12*******,0.00,50000.00,,,,委託辦理研究、評估、調查、設計或規劃費用,金錢,屏東縣東港鎮****,0919*****,否,,,,,,,
102,徐弘庭,111年臺北市議員選舉,首次申報,1111221,人事費用支出,沙帥,A12*******,0.00,40000.00,,,,獎金或津貼,金錢,臺北市信義區****,0917*****,否,,,,,,,
103,徐弘庭,111年臺北市議員選舉,首次申報,1111221,人事費用支出,林碧玉,A21*******,0.00,40000.00,,,,獎金或津貼,金錢,臺北市文山區****,0937*****,否,,,,,,,
104,徐弘庭,111年臺北市議員選舉,首次申報,1111221,人事費用支出,龍冠尹,F12*******,0.00,40000.00,,,,獎金或津貼,金錢,新北市新店區****,0987*****,否,,,,,,,
105,徐弘庭,111年臺北市議員選舉,首次申報,1111221,人事費用支出,黃月鳳,H22*******,0.00,40000.00,,,,獎金或津貼,金錢,臺北市文山區****,0930*****,否,,,,,,,
106,徐弘庭,111年臺北市議員選舉,首次申報,1111221,人事費用支出,李若涵,H22*******,0.00,40000.00,,,,獎金或津貼,金錢,高雄市三民區****,0922*****,否,,,,,,,
107,徐弘庭,111年臺北市議員選舉,首次申報,1111221,人事費用支出,林依靜,R22*******,0.00,35000.00,,,,獎金或津貼,金錢,臺北市文山區****,0921*****,否,,,,,,,
108,徐弘庭,111年臺北市議員選舉,首次申報,1111221,人事費用支出,梁文貴,U12*******,0.00,50000.00,,,,獎金或津貼,金錢,臺北市信義區****,0952*****,否,,,,,,,
109,徐弘庭,111年臺北市議員選舉,首次申報,1111222,租用宣傳車輛支出,公賀汽車商行,10353045,0.00,24000.00,,,,維修宣傳車輛費用,金錢,臺北市文山區****,02-2*****,否,,,,,,,
110,徐弘庭,111年臺北市議員選舉,首次申報,1111223,人事費用支出,龍冠尹,F12*******,0.00,40000.00,,,,工資或薪津,金錢,新北市新店區****,0987*****,否,,,,,,,
