﻿序號,擬參選人／政黨,選舉名稱,申報序號／年度,交易日期,收支科目,捐贈者／支出對象,身分證／統一編號,收入金額,支出金額,支出用途,金錢類,地址,聯絡電話,資料更正日期
1,張立傑,107年直轄市議員選舉,首次申報,1070724,公共關係費用支出,大森鮮花店,20323128,0.00,2450.00,為民服務費用,金錢,臺中市神岡區****,04-2*****,
2,張立傑,107年直轄市議員選舉,首次申報,1070815,公共關係費用支出,成美鮮花店,17056800,0.00,3300.00,為民服務費用,金錢,臺中市神岡區****,04-2*****,
3,張立傑,107年直轄市議員選舉,首次申報,1070815,宣傳支出,台灣優紙企業有限公司,80077677,0.00,60480.00,製作宣傳廣告支出,金錢,彰化縣鹿港鎮****,0478*****,
4,張立傑,107年直轄市議員選舉,首次申報,1070830,宣傳支出,自由時報廣告費,,0.00,3400.00,製作宣傳廣告支出,金錢,臺中市大雅區****,0425*****,
5,張立傑,107年直轄市議員選舉,首次申報,1070830,公共關係費用支出,大森鮮花店,20323128,0.00,7008928.00,為民服務費用,金錢,臺中市神岡區****,04-2*****,
6,張立傑,107年直轄市議員選舉,首次申報,1070901,雜支支出,影印及裝訂,26959483,0.00,200.00,雜項購置或修繕費用,金錢,臺中市豐原區****,,
7,張立傑,107年直轄市議員選舉,首次申報,1070903,宣傳支出,自由時報廣告費,,0.00,4600.00,製作宣傳廣告支出,金錢,臺中市大雅區****,0425*****,
8,張立傑,107年直轄市議員選舉,首次申報,1070904,雜支支出,亞蝶園藝,25312711,0.00,3000.00,組合蘭花,金錢,臺中市神岡區****,0425*****,
9,張立傑,107年直轄市議員選舉,首次申報,1070904,雜支支出,三商書局,55956339,0.00,60.00,文具用品費用,金錢,臺中市神岡區****,0425*****,
10,張立傑,107年直轄市議員選舉,首次申報,1070904,宣傳支出,郵局,78950548,0.00,28.00,郵寄競選物品或宣傳廣告支出,金錢,臺中市神岡區****,,
11,張立傑,107年直轄市議員選舉,首次申報,1070905,雜支支出,一度讚排骨飯,99865759,0.00,140.00,餐飲費用,金錢,臺中市神岡區****,0425*****,
12,張立傑,107年直轄市議員選舉,首次申報,1070906,雜支支出,四季香嘉義火雞肉飯,15670421,0.00,110.00,餐飲費用,金錢,臺中市神岡區****,0425*****,
13,張立傑,107年直轄市議員選舉,首次申報,1070910,宣傳支出,自由時報廣告費,,0.00,1200.00,製作宣傳廣告支出,金錢,臺中市大雅區****,0425*****,
14,張立傑,107年直轄市議員選舉,首次申報,1070910,雜支支出,阿本禮儀社,21850344,0.00,2700.00,雜項購置或修繕費用,金錢,臺中市神岡區****,0425*****,
15,張立傑,107年直轄市議員選舉,首次申報,1070910,雜支支出,勤美影印店,26959483,0.00,450.00,雜項購置或修繕費用,金錢,臺中市豐原區****,,
16,張立傑,107年直轄市議員選舉,首次申報,1070910,宣傳支出,郵局,78950548,0.00,5008.00,郵寄競選物品或宣傳廣告支出,金錢,臺中市神岡區****,0425*****,
17,張立傑,107年直轄市議員選舉,首次申報,1070911,租用宣傳車輛支出,和信電子材料行,87824059,0.00,3050.00,維修宣傳車輛支出,金錢,南投縣草屯鎮****,0492*****,
18,張立傑,107年直轄市議員選舉,首次申報,1070911,雜支支出,一度讚排骨飯,99865759,0.00,1280.00,餐飲費用,金錢,臺中市神岡區****,0425*****,
19,張立傑,107年直轄市議員選舉,首次申報,1070911,返還支出,陳恩禎,L12*******,0.00,60000.00,返還,金錢,臺中市神岡區****,,
20,張立傑,107年直轄市議員選舉,首次申報,1070911,返還支出,謝明智,P12*******,0.00,100000.00,返還,金錢,嘉義縣民雄鄉****,,
21,張立傑,107年直轄市議員選舉,首次申報,1070912,雜支支出,勤美影印店,26959483,0.00,300.00,影印及裝訂,金錢,臺中市豐原區****,,
22,張立傑,107年直轄市議員選舉,首次申報,1070912,雜支支出,聯成食油行,55052579,0.00,320.00,餅乾、糖果,金錢,臺中市大雅區****,0425*****,
23,張立傑,107年直轄市議員選舉,首次申報,1070912,雜支支出,梅寶排骨飯店,97873888,0.00,195.00,餐飲費用,金錢,臺中市神岡區****,0425*****,
24,張立傑,107年直轄市議員選舉,首次申報,1070912,雜支支出,吉豐金香舖,98704566,0.00,2200.00,尺八仙彩,金錢,臺中市神岡區****,0425*****,
25,張立傑,107年直轄市議員選舉,首次申報,1070913,雜支支出,三聖佛具行,98843096,0.00,50.00,金紙,金錢,臺中市神岡區****,0425*****,
26,張立傑,107年直轄市議員選舉,首次申報,1070914,雜支支出,志瑋水果行,25427930,0.00,310.00,水果,金錢,臺中市大雅區****,0425*****,
27,張立傑,107年直轄市議員選舉,首次申報,1070914,雜支支出,德鎰金香舖,81991608,0.00,130.00,金紙炮,金錢,臺中市大雅區****,0425*****,
28,張立傑,107年直轄市議員選舉,首次申報,1070915,雜支支出,四季香嘉義火雞肉飯,15670421,0.00,140.00,餐飲費用,金錢,臺中市神岡區****,0425*****,
29,張立傑,107年直轄市議員選舉,首次申報,1070915,雜支支出,三聖佛具行,98843096,0.00,1160.00,金紙香,金錢,臺中市神岡區****,0425*****,
30,張立傑,107年直轄市議員選舉,首次申報,1070916,雜支支出,瑞景水果行,,0.00,550.00,水果(果),金錢,,,
31,張立傑,107年直轄市議員選舉,首次申報,1070917,宣傳支出,郵局,,0.00,252.00,郵寄競選物品或宣傳廣告支出,金錢,臺中市神岡區****,0425*****,
32,張立傑,107年直轄市議員選舉,首次申報,1070917,雜支支出,一度讚排骨飯,99865759,0.00,210.00,餐飲費用,金錢,臺中市神岡區****,0425*****,
33,張立傑,107年直轄市議員選舉,首次申報,1070918,雜支支出,亞蝶園藝,25312711,0.00,3000.00,組合蘭花,金錢,臺中市神岡區****,0425*****,
34,張立傑,107年直轄市議員選舉,首次申報,1070918,雜支支出,梅寶排骨飯店,97873888,0.00,320.00,餐飲費用,金錢,臺中市神岡區****,0425*****,
35,張立傑,107年直轄市議員選舉,首次申報,1070919,雜支支出,梅寶排骨飯店,97873888,0.00,340.00,餐飲費用,金錢,臺中市神岡區****,0425*****,
36,張立傑,107年直轄市議員選舉,首次申報,1070920,雜支支出,一度讚排骨飯,99865759,0.00,260.00,餐飲費用,金錢,臺中市神ㄤ區****,0425*****,
37,張立傑,107年直轄市議員選舉,首次申報,1070921,雜支支出,禮來行,,0.00,25200.00,文具用品費用,金錢,臺中市大雅區****,0425*****,
38,張立傑,107年直轄市議員選舉,首次申報,1070921,雜支支出,梅寶排骨飯店,97873888,0.00,65.00,餐飲費用,金錢,臺中市神岡區****,0456*****,
39,張立傑,107年直轄市議員選舉,首次申報,1070922,雜支支出,梅寶排骨飯店,97873888,0.00,170.00,餐飲費用,金錢,臺中市神岡區****,0456*****,
40,張立傑,107年直轄市議員選舉,首次申報,1070924,雜支支出,馥毓商行,99680198,0.00,1260.00,文具用品費用,金錢,臺中市大雅區****,0425*****,
41,張立傑,107年直轄市議員選舉,首次申報,1070925,宣傳支出,震權生活館,45678316,0.00,30000.00,製作競選物品支出-衣服,金錢,臺中市潭子區****,04-2*****,
42,張立傑,107年直轄市議員選舉,首次申報,1070925,雜支支出,梅寶排骨飯店,97873888,0.00,340.00,餐飲費用,金錢,臺中市神岡區****,0456*****,
43,張立傑,107年直轄市議員選舉,首次申報,1070927,宣傳支出,郵局,,0.00,152.00,郵寄競選物品或宣傳廣告支出,金錢,臺中市神岡區****,0425*****,
44,張立傑,107年直轄市議員選舉,首次申報,1070928,雜支支出,鴻賓書城,08290967,0.00,199.00,文具用品費用,金錢,臺中市神岡區****,0425*****,
45,張立傑,107年直轄市議員選舉,首次申報,1070928,宣傳支出,大東文具印刷行,97935097,0.00,270000.00,製作宣傳廣告支出,金錢,臺中市博館二****,0423*****,
46,張立傑,107年直轄市議員選舉,首次申報,1070928,雜支支出,一度讚排骨飯,99865759,0.00,1320.00,餐飲費用,金錢,臺中市神岡區****,0425*****,
47,張立傑,107年直轄市議員選舉,首次申報,1070929,公共關係費用支出,大森鮮花店,20323128,0.00,1400.00,為民服務費用,金錢,臺中市神岡區****,04-2*****,
48,張立傑,107年直轄市議員選舉,首次申報,1070929,雜支支出,梅寶排骨飯店,97873888,0.00,255.00,餐飲費用,金錢,臺中市神岡區****,0425*****,
49,張立傑,107年直轄市議員選舉,首次申報,1070930,雜支支出,大潭子鮮花店,05757665,0.00,3500.00,花圈、花環,金錢,臺中市潭子區****,0425*****,
50,張立傑,107年直轄市議員選舉,首次申報,1070930,雜支支出,亞蝶園藝,25312711,0.00,3000.00,組合蘭花,金錢,臺中市神岡區****,0425*****,
51,張立傑,107年直轄市議員選舉,首次申報,1071001,雜支支出,玉順油漆行,18320899,0.00,960.00,雜項購置或修繕費用,金錢,臺中市大雅區****,0425*****,
52,張立傑,107年直轄市議員選舉,首次申報,1071001,雜支支出,八方水餃美食店,25249719,0.00,380.00,餐飲費用,金錢,臺中市神岡區****,0425*****,
53,張立傑,107年直轄市議員選舉,首次申報,1071001,返還支出,伯鑫工具股份有限公司,55982771,0.00,500000.00,返還,金錢,臺中市神岡區****,04-2*****,
54,張立傑,107年直轄市議員選舉,首次申報,1071001,雜支支出,一度讚排骨飯,99865759,0.00,1150.00,餐飲費用,金錢,臺中市神岡區****,0425*****,
55,張立傑,107年直轄市議員選舉,首次申報,1071002,宣傳支出,郵局,,0.00,535.00,郵寄競選物品或宣傳廣告支出,金錢,臺中市神岡區****,0425*****,
56,張立傑,107年直轄市議員選舉,首次申報,1071002,雜支支出,八方水餃美食店,25249719,0.00,245.00,餐飲費用,金錢,臺中市神岡區****,0425*****,
57,張立傑,107年直轄市議員選舉,首次申報,1071003,雜支支出,芊禾糖果小舖,,0.00,800.00,餅乾,金錢,臺中市神岡區****,0938*****,
58,張立傑,107年直轄市議員選舉,首次申報,1071003,雜支支出,芊禾糖果小舖,,0.00,400.00,餅乾,金錢,臺中市神岡區****,0938*****,
59,張立傑,107年直轄市議員選舉,首次申報,1071003,雜支支出,四季香嘉義火雞肉飯,15670421,0.00,210.00,餐飲費用,金錢,臺中市神岡區****,0425*****,
60,張立傑,107年直轄市議員選舉,首次申報,1071004,宣傳支出,郵局,,0.00,700.00,郵寄競選物品或宣傳廣告支出,金錢,臺中市大雅區****,0425*****,
61,張立傑,107年直轄市議員選舉,首次申報,1071004,雜支支出,社口回味燒臘快餐,47609723,0.00,210.00,餐飲費用,金錢,臺中市神岡區****,0425*****,
62,張立傑,107年直轄市議員選舉,首次申報,1071004,宣傳支出,台灣優紙企業有限公司,80077677,0.00,15225.00,製作宣傳廣告支出,金錢,彰化縣鹿港鎮****,0478*****,
63,張立傑,107年直轄市議員選舉,首次申報,1071005,宣傳支出,郵局,,0.00,5036.00,郵寄競選物品或宣傳廣告支出,金錢,臺中市神岡區****,0425*****,
64,張立傑,107年直轄市議員選舉,首次申報,1071006,雜支支出,八方水餃美食店,25249719,0.00,405.00,餐飲費用,金錢,臺中市神岡區****,0425*****,
65,張立傑,107年直轄市議員選舉,首次申報,1071008,雜支支出,亞蝶園藝,25312711,0.00,3000.00,組合蘭花,金錢,臺中市神岡區****,0425*****,
66,張立傑,107年直轄市議員選舉,首次申報,1071008,雜支支出,社口回味燒臘快餐,47609723,0.00,1280.00,餐飲費用,金錢,臺中市神岡區****,0425*****,
67,張立傑,107年直轄市議員選舉,首次申報,1071009,雜支支出,四季香嘉義火雞肉飯,15670421,0.00,210.00,餐飲費用,金錢,臺中市神岡區****,0425*****,
68,張立傑,107年直轄市議員選舉,首次申報,1071009,雜支支出,優仕鎖匙行,90931048,0.00,50.00,雜項購置或修繕費用,金錢,臺中市神岡區****,0425*****,
69,張立傑,107年直轄市議員選舉,首次申報,1071009,雜支支出,再興筒仔米糕,98857555,0.00,1975.00,餐飲費用,金錢,臺中市大雅區****,0425*****,
70,張立傑,107年直轄市議員選舉,首次申報,1071011,宣傳支出,郵局,,0.00,224.00,郵寄競選物品或宣傳廣告支出,金錢,臺中市大雅區****,0456*****,
71,張立傑,107年直轄市議員選舉,首次申報,1071011,宣傳支出,郵局,,0.00,580.00,郵寄競選物品或宣傳廣告支出,金錢,臺中市神岡區****,0425*****,
72,張立傑,107年直轄市議員選舉,首次申報,1071011,雜支支出,四季香嘉義火雞肉飯,15670421,0.00,1140.00,餐飲費用,金錢,臺中市神岡區****,0425*****,
73,張立傑,107年直轄市議員選舉,首次申報,1071011,宣傳支出,大東文具印刷行,97935097,0.00,40000.00,製作宣傳廣告支出,金錢,臺中市博館二****,0423*****,
74,張立傑,107年直轄市議員選舉,首次申報,1071011,返還支出,王丕羅,L10*******,0.00,10000.00,返還,金錢,臺中市神岡區****,,
75,張立傑,107年直轄市議員選舉,首次申報,1071012,宣傳支出,台灣優紙企業有限公司,80077677,0.00,16170.00,製作宣傳廣告支出,金錢,彰化縣鹿港鎮****,0478*****,
76,張立傑,107年直轄市議員選舉,首次申報,1071013,雜支支出,亞蝶園藝,,0.00,3000.00,組合蘭花,金錢,臺中市神岡區****,0425*****,
77,張立傑,107年直轄市議員選舉,首次申報,1071013,雜支支出,梅寶排骨飯店,97873888,0.00,180.00,餐飲費用,金錢,臺中市神岡區****,0425*****,
78,張立傑,107年直轄市議員選舉,首次申報,1071014,雜支支出,聯成食油行,55052579,0.00,1200.00,雜項購置或修繕費用,金錢,臺中市大雅區****,0425*****,
79,張立傑,107年直轄市議員選舉,首次申報,1071015,雜支支出,大潭子鮮花店,05757665,0.00,3500.00,花圈、花環,金錢,臺中市潭子區****,0425*****,
80,張立傑,107年直轄市議員選舉,首次申報,1071015,雜支支出,勤美影印店,26959483,0.00,400.00,影印及裝訂,金錢,臺中市豐原區****,,
81,張立傑,107年直轄市議員選舉,首次申報,1071015,雜支支出,明成文具行,39655815,0.00,75.00,文具用品費用,金錢,臺中市大雅區****,0425*****,
82,張立傑,107年直轄市議員選舉,首次申報,1071015,宣傳支出,大東文具印刷行,97935097,0.00,42000.00,製作宣傳廣告支出,金錢,臺中市博館二****,0423*****,
83,張立傑,107年直轄市議員選舉,首次申報,1071016,雜支支出,鴻賓書城,08290967,0.00,200.00,文具用品費用,金錢,臺中市神岡區****,0425*****,
84,張立傑,107年直轄市議員選舉,首次申報,1071016,宣傳支出,新一代時報股份有限公司,45882210,0.00,125000.00,製作宣傳廣告支出,金錢,臺中市西屯區****,0427*****,
85,張立傑,107年直轄市議員選舉,首次申報,1071016,宣傳支出,新一代時報股份有限公司,45882210,0.00,50000.00,製作宣傳廣告支出,金錢,臺中市西屯區****,0427*****,
86,張立傑,107年直轄市議員選舉,首次申報,1071016,雜支支出,梅寶排骨飯店,97873888,0.00,195.00,餐飲費用,金錢,臺中市神岡區****,0425*****,
87,張立傑,107年直轄市議員選舉,首次申報,1071017,宣傳支出,郵局,,0.00,17006.00,郵寄競選物品或宣傳廣告支出,金錢,臺中市神岡區****,0425*****,
88,張立傑,107年直轄市議員選舉,首次申報,1071017,雜支支出,加吉利實業股份有限公司,28557886,0.00,189120.00,雜項購置或修繕費用,金錢,南投縣草屯鎮****,0492*****,
89,張立傑,107年直轄市議員選舉,首次申報,1071018,宣傳支出,郵局,,0.00,1060.00,郵寄競選物品或宣傳廣告支出,金錢,臺中市大雅區****,0425*****,
90,張立傑,107年直轄市議員選舉,首次申報,1071018,雜支支出,鴻賓書城,08290967,0.00,588.00,文具用品費用,金錢,臺中市神岡區****,0425*****,
91,張立傑,107年直轄市議員選舉,首次申報,1071018,雜支支出,誠信布莊百貨行,13800933,0.00,1168.00,雜項購置或修繕費用,金錢,臺中市大雅區****,0425*****,
92,張立傑,107年直轄市議員選舉,首次申報,1071018,雜支支出,聯成食油行,55052579,0.00,350.00,雜項購置或修繕費用,金錢,臺中市大雅區****,0425*****,
93,張立傑,107年直轄市議員選舉,首次申報,1071018,雜支支出,一度讚排骨飯,99865759,0.00,1300.00,餐飲費用,金錢,臺中市神岡區****,0425*****,
94,張立傑,107年直轄市議員選舉,首次申報,1071019,宣傳支出,自由時報廣告費,,0.00,13200.00,製作宣傳廣告支出,金錢,臺中市大雅區****,0425*****,
95,張立傑,107年直轄市議員選舉,首次申報,1071019,雜支支出,粒粒甜水果大賣場,45578029,0.00,654.00,雜項購置或修繕費用,金錢,臺中市神岡區****,0425*****,
96,張立傑,107年直轄市議員選舉,首次申報,1071019,雜支支出,聯成食油行,55052579,0.00,270.00,餅乾、糖果,金錢,臺中市大雅區****,0425*****,
97,張立傑,107年直轄市議員選舉,首次申報,1071019,雜支支出,梅寶排骨飯店,97873888,0.00,390.00,餐飲費用,金錢,臺中市神岡區****,0425*****,
98,張立傑,107年直轄市議員選舉,首次申報,1071019,雜支支出,三聖佛具行,98843096,0.00,500.00,雜項購置或修繕費用,金錢,臺中市神岡區****,0425*****,
99,張立傑,107年直轄市議員選舉,首次申報,1071020,雜支支出,鴻賓書城,08290967,0.00,151.00,文具用品費用,金錢,臺中市神岡區****,0425*****,
100,張立傑,107年直轄市議員選舉,首次申報,1071020,雜支支出,鴻賓書城,08290967,0.00,64.00,文具用品費用,金錢,臺中市神岡區****,0425*****,
101,張立傑,107年直轄市議員選舉,首次申報,1071020,雜支支出,優仕鎖匙行,90931048,0.00,2100.00,印章(號碼章),金錢,臺中市神岡區****,0425*****,
102,張立傑,107年直轄市議員選舉,首次申報,1071020,雜支支出,梅寶排骨飯店,97873888,0.00,195.00,餐飲費用,金錢,臺中市神岡區****,0425*****,
103,張立傑,107年直轄市議員選舉,首次申報,1071020,雜支支出,一度讚排骨飯,99865759,0.00,420.00,餐飲費用,金錢,臺中市神岡區****,0425*****,
104,張立傑,107年直轄市議員選舉,首次申報,1071020,雜支支出,一度讚排骨飯,99865759,0.00,1475.00,餐飲費用,金錢,臺中市神岡區****,0425*****,
105,張立傑,107年直轄市議員選舉,首次申報,1071022,宣傳支出,郵局,,0.00,774.00,郵寄競選物品或宣傳廣告支出,金錢,臺中市大雅區****,0425*****,
106,張立傑,107年直轄市議員選舉,首次申報,1071022,宣傳支出,郵局,,0.00,504.00,郵寄競選物品或宣傳廣告支出,金錢,臺中市神岡區****,0425*****,
107,張立傑,107年直轄市議員選舉,首次申報,1071022,雜支支出,鴻賓書城,08290967,0.00,64.00,文具用品費用,金錢,臺中市神岡區****,0425*****,
108,張立傑,107年直轄市議員選舉,首次申報,1071022,雜支支出,豐洲鮮花店,20302453,0.00,2400.00,花圈、花環,金錢,臺中市神岡區****,0452*****,
109,張立傑,107年直轄市議員選舉,首次申報,1071022,雜支支出,梅寶排骨飯店,97873888,0.00,130.00,餐飲費用,金錢,臺中市神岡區****,0425*****,
110,張立傑,107年直轄市議員選舉,首次申報,1071022,雜支支出,一度讚排骨飯,99865759,0.00,1300.00,餐飲費用,金錢,臺中市神岡區****,0425*****,
111,張立傑,107年直轄市議員選舉,首次申報,1071023,宣傳支出,郵局,,0.00,2318.00,郵寄競選物品或宣傳廣告支出,金錢,臺中市神岡區****,0425*****,
112,張立傑,107年直轄市議員選舉,首次申報,1071023,雜支支出,倫欣行,14426409,0.00,1500.00,自粘貼紙,金錢,臺中市豐原區****,0425*****,
113,張立傑,107年直轄市議員選舉,首次申報,1071023,雜支支出,冠祤生活館有限公司,54606526,0.00,149.00,雜項購置或修繕費用,金錢,臺中市西屯區****,0423*****,
114,張立傑,107年直轄市議員選舉,首次申報,1071023,雜支支出,三商書店,55956339,0.00,63.00,文具用品費用,金錢,臺中市神岡區****,0425*****,
115,張立傑,107年直轄市議員選舉,首次申報,1071023,宣傳支出,台灣優紙企業有限公司,80077677,0.00,32340.00,製作宣傳廣告支出,金錢,彰化縣鹿港鎮****,0478*****,
116,張立傑,107年直轄市議員選舉,首次申報,1071023,雜支支出,梅寶排骨飯店,97873888,0.00,225.00,餐飲費用,金錢,臺中市神岡區****,0425*****,
117,張立傑,107年直轄市議員選舉,首次申報,1071023,宣傳支出,大東文具印刷行,97935097,0.00,300000.00,製作宣傳廣告支出,金錢,臺中市博館二****,0423*****,
118,張立傑,107年直轄市議員選舉,首次申報,1071024,雜支支出,鴻賓書城,08290967,0.00,96.00,文具用品費用,金錢,臺中市神岡區****,0425*****,
119,張立傑,107年直轄市議員選舉,首次申報,1071024,雜支支出,鴻賓書城,08290967,0.00,70.00,文具用品費用,金錢,臺中市神岡區****,0425*****,
120,張立傑,107年直轄市議員選舉,首次申報,1071024,雜支支出,來一刻中式速食,08315123,0.00,270.00,餐飲費用,金錢,臺中市大雅區****,0425*****,
121,張立傑,107年直轄市議員選舉,首次申報,1071024,雜支支出,文毅小吃店,21456096,0.00,15000.00,餐飲費用,金錢,臺中市大雅區****,0425*****,
122,張立傑,107年直轄市議員選舉,首次申報,1071024,雜支支出,豐原文具百貨有限公司,28527455,0.00,575.00,雜項購置或修繕費用,金錢,臺中市豐原區****,0425*****,
123,張立傑,107年直轄市議員選舉,首次申報,1071024,雜支支出,鎰成五金行,45780945,0.00,15.00,雜項購置或修繕費用,金錢,臺中市豐原區****,0425*****,
124,張立傑,107年直轄市議員選舉,首次申報,1071024,雜支支出,梅寶排骨飯店,97873888,0.00,580.00,餐飲費用,金錢,臺中市神岡區****,0425*****,
125,張立傑,107年直轄市議員選舉,首次申報,1071024,宣傳支出,大東文具印刷行,97935097,0.00,12000.00,製作宣傳廣告支出,金錢,臺中市博館二****,0423*****,
126,張立傑,107年直轄市議員選舉,首次申報,1071025,雜支支出,喬豐水電工程行,,0.00,1300.00,雜項購置或修繕費用,金錢,臺中市神岡區****,,
127,張立傑,107年直轄市議員選舉,首次申報,1071025,雜支支出,鴻賓書城,08290967,0.00,200.00,文具用品費用,金錢,臺中市神岡區****,0425*****,
128,張立傑,107年直轄市議員選舉,首次申報,1071025,公共關係費用支出,大森鮮花店,20323128,0.00,4300.00,為民服務費用,金錢,臺中市神岡區****,04-2*****,
129,張立傑,107年直轄市議員選舉,首次申報,1071025,雜支支出,八方水餃美食店,25249719,0.00,177.00,餐飲費用,金錢,臺中市神岡區****,0425*****,
130,張立傑,107年直轄市議員選舉,首次申報,1071025,宣傳支出,震權生活館,45678316,0.00,30000.00,製作競選物品支出-衣服,金錢,臺中市潭子區****,04-2*****,
131,張立傑,107年直轄市議員選舉,首次申報,1071026,雜支支出,鴻賓書城,08290967,0.00,3450.00,文具用品費用,金錢,臺中市神岡區****,0425*****,
132,張立傑,107年直轄市議員選舉,首次申報,1071026,雜支支出,政義碗皿行,55053016,0.00,3500.00,餐飲費用,金錢,臺中市豐原區****,0425*****,
133,張立傑,107年直轄市議員選舉,首次申報,1071026,雜支支出,梅寶排骨飯店,97873888,0.00,740.00,餐飲費用,金錢,臺中市神岡區****,0425*****,
134,張立傑,107年直轄市議員選舉,首次申報,1071026,雜支支出,上永廣告便利店,99079128,0.00,500.00,文具用品費用,金錢,臺中市北屯區****,0422*****,
135,張立傑,107年直轄市議員選舉,首次申報,1071027,雜支支出,鴻賓書城,08290967,0.00,100.00,文具用品費用,金錢,臺中市神岡區****,0425*****,
136,張立傑,107年直轄市議員選舉,首次申報,1071027,宣傳支出,新一代時報股份有限公司,45882210,0.00,75000.00,製作宣傳廣告支出,金錢,臺中市西屯區****,0427*****,
137,張立傑,107年直轄市議員選舉,首次申報,1071027,雜支支出,三商書店,55956339,0.00,470.00,文具用品費用,金錢,臺中市神岡區****,0425*****,
138,張立傑,107年直轄市議員選舉,首次申報,1071027,雜支支出,梅寶排骨飯店,97873888,0.00,1916.00,餐飲費用,金錢,臺中市神岡區****,0425*****,
139,張立傑,107年直轄市議員選舉,首次申報,1071027,雜支支出,美佶鐵板麵,98859012,0.00,1260.00,餐飲費用,金錢,臺中市大雅區****,0425*****,
140,張立傑,107年直轄市議員選舉,首次申報,1071027,雜支支出,一度讚排骨飯,99865759,0.00,1360.00,餐飲費用,金錢,臺中市神岡區****,0425*****,
141,張立傑,107年直轄市議員選舉,首次申報,1071028,雜支支出,亞蝶園藝,,0.00,3000.00,組合蘭花,金錢,臺中市神岡區****,0425*****,
142,張立傑,107年直轄市議員選舉,首次申報,1071028,雜支支出,錦香珍包子饅頭專賣店,17388322,0.00,904.00,包子、粽子,金錢,臺中市大雅區****,0425*****,
143,張立傑,107年直轄市議員選舉,首次申報,1071028,集會支出,宏明鐵架行,21420416,0.00,25200.00,租用設備支出,金錢,臺中市神岡區****,0425*****,
144,張立傑,107年直轄市議員選舉,首次申報,1071028,集會支出,大友桌椅出租行,25418691,0.00,15200.00,租用設備支出,金錢,臺中市神岡區****,0425*****,
145,張立傑,107年直轄市議員選舉,首次申報,1071028,租用宣傳車輛支出,奇凡企業社,39808782,0.00,60000.00,維修宣傳車輛支出,金錢,臺中市神岡區****,0425*****,
146,張立傑,107年直轄市議員選舉,首次申報,1071028,雜支支出,天龍水果行,40661456,0.00,1000.00,水果籃,金錢,臺中市大雅區****,0933*****,
147,張立傑,107年直轄市議員選舉,首次申報,1071028,集會支出,神采飛揚氣球館,45452611,0.00,6000.00,租用設備支出,金錢,臺中市豐原區****,0425*****,
148,張立傑,107年直轄市議員選舉,首次申報,1071028,集會支出,寶島音響器材行,87826021,0.00,8500.00,租用設備支出,金錢,南投市彰南路****,0492*****,
149,張立傑,107年直轄市議員選舉,首次申報,1071028,集會支出,寶島音響器材行,87826021,0.00,8500.00,攝影及錄音,金錢,南投市彰南路****,0492*****,
150,張立傑,107年直轄市議員選舉,首次申報,1071028,雜支支出,梅寶排骨飯店,97873888,0.00,14400.00,餐飲費用,金錢,臺中市神岡區****,0425*****,
151,張立傑,107年直轄市議員選舉,首次申報,1071028,雜支支出,梅寶排骨飯店,97873888,0.00,150.00,餐飲費用,金錢,臺中市神岡區****,0425*****,
152,張立傑,107年直轄市議員選舉,首次申報,1071029,雜支支出,鴻賓書城,08290967,0.00,419.00,文具用品費用,金錢,臺中市神岡區****,0425*****,
153,張立傑,107年直轄市議員選舉,首次申報,1071029,交通旅運支出,海洲通運有限公司,13187794,0.00,8000.00,搭乘交通工具支出,金錢,臺中市豐原區****,0425*****,
154,張立傑,107年直轄市議員選舉,首次申報,1071029,雜支支出,津彩食堂,47280994,0.00,1170.00,餐飲費用,金錢,臺中市神岡區****,0425*****,
155,張立傑,107年直轄市議員選舉,首次申報,1071029,雜支支出,津彩食堂,47280994,0.00,1360.00,餐飲費用,金錢,臺中市神岡區****,0425*****,
156,張立傑,107年直轄市議員選舉,首次申報,1071029,雜支支出,政義碗皿行,55053016,0.00,6000.00,餐飲費用,金錢,臺中市豐原區****,0425*****,
157,張立傑,107年直轄市議員選舉,首次申報,1071029,集會支出,泳旺鮮花園藝店,67971145,0.00,12000.00,清潔整理支出,金錢,臺中市神岡區****,0425*****,
158,張立傑,107年直轄市議員選舉,首次申報,1071029,宣傳支出,大東文具印刷行,97935097,0.00,6000.00,製作宣傳廣告支出,金錢,臺中市博館二****,0423*****,
159,張立傑,107年直轄市議員選舉,首次申報,1071030,宣傳支出,郵局,,0.00,56.00,郵寄競選物品或宣傳廣告支出,金錢,臺中市大雅區****,0425*****,
160,張立傑,107年直轄市議員選舉,首次申報,1071030,雜支支出,鴻賓書城,08290967,0.00,136.00,文具用品費用,金錢,臺中市神岡區****,0425*****,
161,張立傑,107年直轄市議員選舉,首次申報,1071030,雜支支出,津彩食堂,47280994,0.00,550.00,餐飲費用,金錢,臺中市神岡區****,0425*****,
162,張立傑,107年直轄市議員選舉,首次申報,1071030,雜支支出,聯成食油行,55052579,0.00,1135.00,雜項購置或修繕費用,金錢,臺中市大雅區****,0425*****,
163,張立傑,107年直轄市議員選舉,首次申報,1071030,雜支支出,梅寶排骨飯店,97873888,0.00,1640.00,餐飲費用,金錢,臺中市神岡區****,0425*****,
164,張立傑,107年直轄市議員選舉,首次申報,1071031,雜支支出,仟大鮮花店,14427408,0.00,3150.00,花圈、花環,金錢,臺中市大雅區****,0425*****,
165,張立傑,107年直轄市議員選舉,首次申報,1071031,雜支支出,社口回味燒臘快餐,47609723,0.00,1280.00,餐飲費用,金錢,臺中市神岡區****,0425*****,
166,張立傑,107年直轄市議員選舉,首次申報,1071031,宣傳支出,大東文具印刷行,97935097,0.00,5000.00,製作宣傳廣告支出,金錢,臺中市博館二****,0423*****,
167,張立傑,107年直轄市議員選舉,首次申報,1071031,宣傳支出,大東文具印刷行,97935097,0.00,5400.00,製作宣傳廣告支出,金錢,臺中市博館二****,0423*****,
168,張立傑,107年直轄市議員選舉,首次申報,1071031,雜支支出,一度讚排骨飯,99865759,0.00,1575.00,餐飲費用,金錢,臺中市神岡區****,0425*****,
169,張立傑,107年直轄市議員選舉,首次申報,1071101,雜支支出,大潭子鮮花店,05757665,0.00,400.00,花圈、花環,金錢,臺中市潭子區****,0425*****,
170,張立傑,107年直轄市議員選舉,首次申報,1071101,雜支支出,鴻賓書城,08290967,0.00,100.00,文具用品費用,金錢,臺中市神岡區****,0425*****,
171,張立傑,107年直轄市議員選舉,首次申報,1071101,雜支支出,津彩食堂,47280994,0.00,560.00,餐飲費用,金錢,臺中市神岡區****,0425*****,
172,張立傑,107年直轄市議員選舉,首次申報,1071101,雜支支出,梅寶排骨飯店,97873888,0.00,450.00,餐飲費用,金錢,臺中市神岡區****,0425*****,
173,張立傑,107年直轄市議員選舉,首次申報,1071101,雜支支出,梅寶排骨飯店,97873888,0.00,510.00,餐飲費用,金錢,臺中市神岡區****,0425*****,
174,張立傑,107年直轄市議員選舉,首次申報,1071102,雜支支出,何金妹,,0.00,350.00,競選背心繡字,金錢,臺中市大雅區****,,
175,張立傑,107年直轄市議員選舉,首次申報,1071102,宣傳支出,郵局,,0.00,420.00,郵寄競選物品或宣傳廣告支出,金錢,臺中市神岡區****,0425*****,
176,張立傑,107年直轄市議員選舉,首次申報,1071102,雜支支出,三民鎖匙店,05375575,0.00,50.00,雜項購置或修繕費用,金錢,臺中市北區三****,0422*****,
177,張立傑,107年直轄市議員選舉,首次申報,1071102,租用競選辦事處支出,宏明鐵架行,21420416,0.00,4200.00,租用競選辦事處費用,金錢,臺中市神岡區****,0425*****,
178,張立傑,107年直轄市議員選舉,首次申報,1071102,雜支支出,元華電子材料有限公司,54262450,0.00,280.00,雜項購置或修繕費用,金錢,臺中市西屯區****,0427*****,
179,張立傑,107年直轄市議員選舉,首次申報,1071102,雜支支出,梅寶排骨飯店,97873888,0.00,425.00,餐飲費用,金錢,臺中市神岡區****,0425*****,
180,張立傑,107年直轄市議員選舉,首次申報,1071102,雜支支出,梅寶排骨飯店,97873888,0.00,390.00,餐飲費用,金錢,臺中市神岡區****,0425*****,
181,張立傑,107年直轄市議員選舉,首次申報,1071102,雜支支出,再興筒仔米糕,98857555,0.00,185.00,餐飲費用,金錢,臺中市大雅區****,0425*****,
182,張立傑,107年直轄市議員選舉,首次申報,1071103,雜支支出,東興鮮花禮儀社(大潭子),22702826,0.00,2000.00,蘭花,金錢,臺中市潭子區****,0425*****,
183,張立傑,107年直轄市議員選舉,首次申報,1071103,雜支支出,梅寶排骨飯店,97873888,0.00,1050.00,餐飲費用,金錢,臺中市神岡區****,0456*****,
184,張立傑,107年直轄市議員選舉,首次申報,1071103,雜支支出,梅寶排骨飯店,97873888,0.00,240.00,餐飲費用,金錢,臺中市神岡區****,0425*****,
185,張立傑,107年直轄市議員選舉,首次申報,1071103,雜支支出,梅寶排骨飯店,97873888,0.00,510.00,餐飲費用,金錢,臺中市神岡區****,0425*****,
186,張立傑,107年直轄市議員選舉,首次申報,1071104,集會支出,老振芳美食園,,0.00,25000.00,餐飲支出,金錢,臺中市大雅區****,0425*****,
187,張立傑,107年直轄市議員選舉,首次申報,1071104,雜支支出,天龍水果行,40661456,0.00,490.00,水果籃,金錢,臺中市大雅區****,0933*****,
188,張立傑,107年直轄市議員選舉,首次申報,1071104,雜支支出,德鎰金香舖,81991608,0.00,1350.00,金爐及金紙,金錢,臺中市大雅區****,0425*****,
189,張立傑,107年直轄市議員選舉,首次申報,1071104,雜支支出,梅寶排骨飯店,97873888,0.00,1050.00,餐飲費用,金錢,臺中市神岡區****,0425*****,
190,張立傑,107年直轄市議員選舉,首次申報,1071104,雜支支出,梅寶排骨飯店,97873888,0.00,510.00,餐飲費用,金錢,臺中市神岡區****,0425*****,
191,張立傑,107年直轄市議員選舉,首次申報,1071104,雜支支出,梅寶排骨飯店,97873888,0.00,280.00,餐飲費用,金錢,臺中市神岡區****,0425*****,
192,張立傑,107年直轄市議員選舉,首次申報,1071104,雜支支出,梅寶排骨飯店,97873888,0.00,260.00,餐飲費用,金錢,臺中市神岡區****,0425*****,
193,張立傑,107年直轄市議員選舉,首次申報,1071104,雜支支出,美佶鐵板麵,98859012,0.00,1350.00,餐飲費用,金錢,臺中市大雅區****,0425*****,
194,張立傑,107年直轄市議員選舉,首次申報,1071105,宣傳支出,郵局,,0.00,2232.00,郵寄競選物品或宣傳廣告支出,金錢,臺中市神岡區****,0425*****,
195,張立傑,107年直轄市議員選舉,首次申報,1071105,宣傳支出,郵局,,0.00,672.00,郵寄競選物品或宣傳廣告支出,金錢,臺中市大雅區****,0425*****,
196,張立傑,107年直轄市議員選舉,首次申報,1071105,雜支支出,鴻賓書城,08290967,0.00,50.00,文具用品費用,金錢,臺中市神岡區****,0425*****,
197,張立傑,107年直轄市議員選舉,首次申報,1071105,雜支支出,東興鮮花禮儀社(大潭子),22702826,0.00,2000.00,蘭花,金錢,臺中市潭子區****,0425*****,
198,張立傑,107年直轄市議員選舉,首次申報,1071105,雜支支出,亞蝶園藝,25312711,0.00,3000.00,組合蘭花,金錢,臺中市神岡區****,0425*****,
199,張立傑,107年直轄市議員選舉,首次申報,1071105,雜支支出,驊展商行,45455785,0.00,440.00,雜項購置或修繕費用,金錢,臺中市大雅區****,0425*****,
200,張立傑,107年直轄市議員選舉,首次申報,1071105,雜支支出,津彩食堂,47280994,0.00,375.00,餐飲費用,金錢,臺中市神岡區****,0425*****,
201,張立傑,107年直轄市議員選舉,首次申報,1071105,雜支支出,梅寶排骨飯店,97873888,0.00,585.00,餐飲費用,金錢,臺中市神岡區****,0425*****,
202,張立傑,107年直轄市議員選舉,首次申報,1071105,雜支支出,上永廣告便利店,99079128,0.00,500.00,雜項購置或修繕費用,金錢,臺中市北屯區****,0422*****,
203,張立傑,107年直轄市議員選舉,首次申報,1071106,雜支支出,鴻賓書城,08290967,0.00,160.00,文具用品費用,金錢,臺中市神岡區****,0425*****,
204,張立傑,107年直轄市議員選舉,首次申報,1071106,雜支支出,家樂福,29058775,0.00,360.00,泡麵,金錢,臺中市豐原區****,0425*****,
205,張立傑,107年直轄市議員選舉,首次申報,1071106,雜支支出,津彩食堂,47280994,0.00,350.00,餐飲費用,金錢,臺中市神岡區****,0425*****,
206,張立傑,107年直轄市議員選舉,首次申報,1071106,雜支支出,梅寶排骨飯店,97873888,0.00,455.00,餐飲費用,金錢,臺中市神岡區****,0425*****,
207,張立傑,107年直轄市議員選舉,首次申報,1071107,雜支支出,尤加力花店,13429337,0.00,1400.00,花圈、花環,金錢,臺中市大雅區****,0425*****,
208,張立傑,107年直轄市議員選舉,首次申報,1071107,租用競選辦事處支出,宏明鐵架行,21420416,0.00,1000.00,租用競選辦事處費用,金錢,臺中市神岡區****,0425*****,
209,張立傑,107年直轄市議員選舉,首次申報,1071107,交通旅運支出,北基國際加油站,46925341,0.00,1575.00,油資(RBW-),金錢,,,
210,張立傑,107年直轄市議員選舉,首次申報,1071107,雜支支出,津彩食堂,47280994,0.00,980.00,餐飲費用,金錢,臺中市神岡區****,0425*****,
211,張立傑,107年直轄市議員選舉,首次申報,1071107,雜支支出,津彩食堂,47280994,0.00,70.00,餐飲費用,金錢,臺中市神岡區****,0425*****,
212,張立傑,107年直轄市議員選舉,首次申報,1071108,宣傳支出,郵局,,0.00,84.00,郵寄競選物品或宣傳廣告支出,金錢,臺中市大雅區****,0425*****,
213,張立傑,107年直轄市議員選舉,首次申報,1071108,宣傳支出,郵局,,0.00,448.00,郵寄競選物品或宣傳廣告支出,金錢,臺中市大雅區****,0425*****,
214,張立傑,107年直轄市議員選舉,首次申報,1071108,雜支支出,鴻賓書城,08290967,0.00,288.00,文具用品費用,金錢,臺中市神岡區****,0425*****,
215,張立傑,107年直轄市議員選舉,首次申報,1071108,雜支支出,天龍水果行,40661456,0.00,500.00,水果籃,金錢,臺中市大雅區****,0933*****,
216,張立傑,107年直轄市議員選舉,首次申報,1071108,宣傳支出,震權生活館,45678316,0.00,30000.00,製作競選物品支出-衣服,金錢,臺中市潭子區****,04-2*****,
217,張立傑,107年直轄市議員選舉,首次申報,1071108,雜支支出,津彩食堂,47280994,0.00,280.00,餐飲費用,金錢,臺中市神岡區****,0425*****,
218,張立傑,107年直轄市議員選舉,首次申報,1071108,雜支支出,津彩食堂,47280994,0.00,570.00,餐飲費用,金錢,臺中市神岡區****,0425*****,
219,張立傑,107年直轄市議員選舉,首次申報,1071108,雜支支出,聯成食油行,55052579,0.00,120.00,糖果,金錢,臺中市大雅區****,0425*****,
220,張立傑,107年直轄市議員選舉,首次申報,1071108,雜支支出,大昌水果行,77575242,0.00,500.00,水果禮盒,金錢,臺中市果菜市****,0424*****,
221,張立傑,107年直轄市議員選舉,首次申報,1071109,集會支出,文毅小吃店,21456096,0.00,15000.00,餐飲支出,金錢,臺中市大雅區****,0425*****,
222,張立傑,107年直轄市議員選舉,首次申報,1071109,宣傳支出,新一代時報股份有限公司,45882210,0.00,25000.00,製作宣傳廣告支出,金錢,臺中市西屯區****,0427*****,
223,張立傑,107年直轄市議員選舉,首次申報,1071109,雜支支出,津彩食堂,47280994,0.00,380.00,餐飲費用,金錢,臺中市神岡區****,0425*****,
224,張立傑,107年直轄市議員選舉,首次申報,1071109,雜支支出,津彩食堂,47280994,0.00,475.00,餐飲費用,金錢,臺中市神岡區****,0425*****,
225,張立傑,107年直轄市議員選舉,首次申報,1071110,雜支支出,八方水餃美食店,25249719,0.00,675.00,餐飲費用,金錢,臺中市神岡區****,0425*****,
226,張立傑,107年直轄市議員選舉,首次申報,1071110,交通旅運支出,台灣中油(豐交站),33255040,0.00,1513.00,油資,金錢,臺中市****,,
227,張立傑,107年直轄市議員選舉,首次申報,1071110,雜支支出,菩提圓素食,72582841,0.00,1175.00,餐飲費用,金錢,臺中市神岡區****,0425*****,
228,張立傑,107年直轄市議員選舉,首次申報,1071110,雜支支出,梅寶排骨飯店,97873888,0.00,2700.00,餐飲費用,金錢,臺中市神岡區****,0425*****,
229,張立傑,107年直轄市議員選舉,首次申報,1071111,集會支出,老振芳美食園,,0.00,30000.00,餐飲支出,金錢,臺中市大雅區****,0425*****,
230,張立傑,107年直轄市議員選舉,首次申報,1071111,雜支支出,鴻賓書城,08290967,0.00,160.00,文具用品費用,金錢,臺中市神岡區****,0425*****,
231,張立傑,107年直轄市議員選舉,首次申報,1071111,雜支支出,威尼斯藝術文化廣場有限公司,25157231,0.00,160.00,文具用品費用,金錢,臺中市神岡區****,0425*****,
232,張立傑,107年直轄市議員選舉,首次申報,1071111,雜支支出,津彩食堂,47280994,0.00,340.00,餐飲費用,金錢,臺中市神岡區****,0425*****,
233,張立傑,107年直轄市議員選舉,首次申報,1071112,雜支支出,鴻賓書城,08290967,0.00,160.00,文具用品費用,金錢,臺中市神岡區****,0425*****,
234,張立傑,107年直轄市議員選舉,首次申報,1071112,雜支支出,鴻賓書城,08290967,0.00,128.00,文具用品費用,金錢,臺中市神岡區****,0425*****,
235,張立傑,107年直轄市議員選舉,首次申報,1071112,雜支支出,亞蝶園藝,25312711,0.00,3000.00,組合蘭花,金錢,臺中市神岡區****,0425*****,
236,張立傑,107年直轄市議員選舉,首次申報,1071112,宣傳支出,神采飛揚氣球館,45452611,0.00,3500.00,製作宣傳廣告支出,金錢,臺中市豐原區****,0425*****,
237,張立傑,107年直轄市議員選舉,首次申報,1071112,宣傳支出,神采飛揚氣球館,45452611,0.00,6000.00,製作宣傳廣告支出,金錢,臺中市豐原區****,0425*****,
238,張立傑,107年直轄市議員選舉,首次申報,1071112,雜支支出,津彩食堂,47280994,0.00,350.00,餐飲費用,金錢,臺中市神岡區****,0425*****,
239,張立傑,107年直轄市議員選舉,首次申報,1071112,雜支支出,一度讚排骨飯,99865759,0.00,525.00,餐飲費用,金錢,臺中市神岡區****,0425*****,
240,張立傑,107年直轄市議員選舉,首次申報,1071113,宣傳支出,自由時報廣告費,,0.00,9900.00,製作宣傳廣告支出,金錢,臺中市大雅區****,0425*****,
241,張立傑,107年直轄市議員選舉,首次申報,1071113,宣傳支出,郵局,,0.00,3589.00,郵寄競選物品或宣傳廣告支出,金錢,臺中市神岡區****,0425*****,
242,張立傑,107年直轄市議員選舉,首次申報,1071113,交通旅運支出,建發加油站有限公司(科雅加油站),23519210,0.00,1598.00,油資(RBW-),金錢,臺中市大雅區****,0425*****,
243,張立傑,107年直轄市議員選舉,首次申報,1071113,雜支支出,三祝行,55015301,0.00,1890.00,雜項購置或修繕費用,金錢,臺中市大雅區****,0425*****,
244,張立傑,107年直轄市議員選舉,首次申報,1071113,雜支支出,梅寶排骨飯店,97873888,0.00,195.00,餐飲費用,金錢,臺中市神岡區****,0425*****,
245,張立傑,107年直轄市議員選舉,首次申報,1071113,雜支支出,梅寶排骨飯店,97873888,0.00,520.00,餐飲費用,金錢,臺中市神岡區****,0425*****,
246,張立傑,107年直轄市議員選舉,首次申報,1071113,宣傳支出,大東文具印刷行,97935097,0.00,69780.00,製作宣傳廣告支出,金錢,臺中市博館二****,0423*****,
247,張立傑,107年直轄市議員選舉,首次申報,1071114,宣傳支出,郵局,,0.00,140.00,郵寄競選物品或宣傳廣告支出,金錢,臺中市大雅區****,0425*****,
248,張立傑,107年直轄市議員選舉,首次申報,1071114,雜支支出,鴻賓書城,08290967,0.00,144.00,文具用品費用,金錢,臺中市神岡區****,0425*****,
249,張立傑,107年直轄市議員選舉,首次申報,1071114,雜支支出,鴻賓書城,08290967,0.00,160.00,文具用品費用,金錢,臺中市神岡區****,0425*****,
250,張立傑,107年直轄市議員選舉,首次申報,1071114,雜支支出,鴻賓書城,08290967,0.00,466.00,文具用品費用,金錢,臺中市神岡區****,0425*****,
251,張立傑,107年直轄市議員選舉,首次申報,1071114,雜支支出,立路香鋪,19847484,0.00,500.00,雜項購置或修繕費用,金錢,臺中市神岡區****,0425*****,
252,張立傑,107年直轄市議員選舉,首次申報,1071114,集會支出,文毅小吃店,21456096,0.00,6000.00,餐飲支出,金錢,臺中市大雅區****,0425*****,
253,張立傑,107年直轄市議員選舉,首次申報,1071114,交通旅運支出,台大加油站(股)有限公司神岡營業處,38230391,0.00,1584.00,油資(AJR-),金錢,臺中市神岡區****,0425*****,
254,張立傑,107年直轄市議員選舉,首次申報,1071114,交通旅運支出,台大加油站(股)有限公司神岡營業處,38284273,0.00,416.00,油資(AJR-),金錢,臺中市神岡區****,0425*****,
255,張立傑,107年直轄市議員選舉,首次申報,1071114,雜支支出,津彩食堂,47280994,0.00,665.00,餐飲費用,金錢,臺中市神岡區****,0425*****,
256,張立傑,107年直轄市議員選舉,首次申報,1071114,集會支出,福二行,55641649,0.00,10500.00,餐飲支出,金錢,臺中市大雅區****,0425*****,
257,張立傑,107年直轄市議員選舉,首次申報,1071114,雜支支出,東星商店,55853690,0.00,600.00,雜項購置或修繕費用,金錢,臺中市神岡區****,0425*****,
258,張立傑,107年直轄市議員選舉,首次申報,1071114,雜支支出,梅寶排骨飯店,97873888,0.00,390.00,餐飲費用,金錢,臺中市神岡區****,0425*****,
259,張立傑,107年直轄市議員選舉,首次申報,1071115,雜支支出,大潭子鮮花店,05757665,0.00,400.00,花圈、花環,金錢,臺中市潭子區****,0425*****,
260,張立傑,107年直轄市議員選舉,首次申報,1071115,雜支支出,鴻賓書城,08290967,0.00,200.00,文具用品費用,金錢,臺中市神岡區****,0425*****,
261,張立傑,107年直轄市議員選舉,首次申報,1071115,雜支支出,來一刻中式速食,08315123,0.00,270.00,餐飲費用,金錢,臺中市大雅區****,0425*****,
262,張立傑,107年直轄市議員選舉,首次申報,1071115,集會支出,蔡家鄉池上飯包,45433381,0.00,18000.00,餐飲支出,金錢,臺中市西屯路****,0424*****,
263,張立傑,107年直轄市議員選舉,首次申報,1071115,雜支支出,聯成食油行,55052579,0.00,1610.00,雜項購置或修繕費用,金錢,臺中市大雅區****,0425*****,
264,張立傑,107年直轄市議員選舉,首次申報,1071115,雜支支出,梅寶排骨飯店,97873888,0.00,585.00,餐飲費用,金錢,臺中市神岡區****,0425*****,
265,張立傑,107年直轄市議員選舉,首次申報,1071115,雜支支出,梅寶排骨飯店,97873888,0.00,455.00,餐飲費用,金錢,臺中市神岡區****,0425*****,
266,張立傑,107年直轄市議員選舉,首次申報,1071116,宣傳支出,自由時報廣告費,,0.00,1200.00,製作宣傳廣告支出,金錢,臺中市大雅區****,0425*****,
267,張立傑,107年直轄市議員選舉,首次申報,1071116,雜支支出,阿本禮儀社,21850344,0.00,3300.00,花圈、花環,金錢,臺中市神岡區****,0425*****,
268,張立傑,107年直轄市議員選舉,首次申報,1071116,雜支支出,津彩食堂,47280994,0.00,1090.00,餐飲費用,金錢,臺中市神岡區****,0425*****,
269,張立傑,107年直轄市議員選舉,首次申報,1071116,雜支支出,津彩食堂,47280994,0.00,475.00,餐飲費用,金錢,臺中市神岡區****,0425*****,
270,張立傑,107年直轄市議員選舉,首次申報,1071116,交通旅運支出,向上加油站,59778146,0.00,1704.00,油資(RBW-),金錢,臺中市****,,
271,張立傑,107年直轄市議員選舉,首次申報,1071116,宣傳支出,大東文具印刷行,97935097,0.00,1600.00,製作宣傳廣告支出,金錢,臺中市博館二****,0423*****,
272,張立傑,107年直轄市議員選舉,首次申報,1071116,雜支支出,美佶鐵板麵,98859012,0.00,340.00,餐飲費用,金錢,臺中市大雅區****,0425*****,
273,張立傑,107年直轄市議員選舉,首次申報,1071117,集會支出,巧成自助餐(便當),,0.00,2880.00,餐飲費用,金錢,臺中市神岡區****,0425*****,
274,張立傑,107年直轄市議員選舉,首次申報,1071117,集會支出,阿華便當,,0.00,3440.00,餐飲費用,金錢,臺中市大雅區****,0425*****,
275,張立傑,107年直轄市議員選舉,首次申報,1071117,集會支出,台視彩色相片快速沖洗社,,0.00,22500.00,包子,金錢,臺中市神岡區****,0425*****,
276,張立傑,107年直轄市議員選舉,首次申報,1071117,集會支出,心悅煙火,,0.00,6200.00,扇形煙火,金錢,臺中市豐原區****,0981*****,
277,張立傑,107年直轄市議員選舉,首次申報,1071117,雜支支出,鴻賓書城,08290967,0.00,312.00,文具用品費用,金錢,臺中市神岡區****,0425*****,
278,張立傑,107年直轄市議員選舉,首次申報,1071117,雜支支出,鴻賓書城,08290967,0.00,530.00,文具用品費用,金錢,臺中市神岡區****,0425*****,
279,張立傑,107年直轄市議員選舉,首次申報,1071117,雜支支出,鴻賓書城,08290967,0.00,299.00,文具用品費用,金錢,臺中市神岡區****,0425*****,
280,張立傑,107年直轄市議員選舉,首次申報,1071117,集會支出,天慈製麵店,09306278,0.00,400.00,餐飲費用,金錢,彰化縣芬園鄉****,0492*****,
281,張立傑,107年直轄市議員選舉,首次申報,1071117,交通旅運支出,長鴻通雲遊覽有限公司,16524411,0.00,60000.00,搭乘交通工具支出,金錢,臺中市神岡區****,0425*****,
282,張立傑,107年直轄市議員選舉,首次申報,1071117,集會支出,宏明鐵架行,21420416,0.00,19600.00,搭宮庭帳、會議桌、椅子,金錢,臺中市神岡區****,0425*****,
283,張立傑,107年直轄市議員選舉,首次申報,1071117,集會支出,興富發快餐店,21497890,0.00,4250.00,餐飲費用,金錢,臺中市大雅區****,0425*****,
284,張立傑,107年直轄市議員選舉,首次申報,1071117,集會支出,興富發快餐店,21497890,0.00,4250.00,餐飲費用,金錢,臺中市大雅區****,0425*****,
285,張立傑,107年直轄市議員選舉,首次申報,1071117,集會支出,興富發快餐店,21497890,0.00,3230.00,餐飲費用,金錢,臺中市大雅區****,0425*****,
286,張立傑,107年直轄市議員選舉,首次申報,1071117,集會支出,巧成自助餐(便當),25230063,0.00,5600.00,餐飲費用,金錢,臺中市神岡區****,0425*****,
287,張立傑,107年直轄市議員選舉,首次申報,1071117,集會支出,巧成自助餐(便當),25230063,0.00,5600.00,餐飲費用,金錢,臺中市神岡區****,0425*****,
288,張立傑,107年直轄市議員選舉,首次申報,1071117,集會支出,巧成自助餐(便當),25230063,0.00,5600.00,餐飲費用,金錢,臺中市神岡區****,0425*****,
289,張立傑,107年直轄市議員選舉,首次申報,1071117,集會支出,巧成自助餐(便當),25230063,0.00,5600.00,餐飲費用,金錢,臺中市神岡區****,0425*****,
290,張立傑,107年直轄市議員選舉,首次申報,1071117,集會支出,巧成自助餐(便當),25230063,0.00,5600.00,餐飲費用,金錢,臺中市神岡區****,0425*****,
291,張立傑,107年直轄市議員選舉,首次申報,1071117,集會支出,巧成自助餐(便當),25230063,0.00,5600.00,餐飲費用,金錢,臺中市神岡區****,0425*****,
292,張立傑,107年直轄市議員選舉,首次申報,1071117,集會支出,佳佳萬巒豬腳,25277186,0.00,5920.00,餐飲費用,金錢,臺中市大雅區****,0425*****,
293,張立傑,107年直轄市議員選舉,首次申報,1071117,集會支出,佳佳萬巒豬腳,25277186,0.00,5280.00,餐飲費用,金錢,臺中市大雅區****,0425*****,
294,張立傑,107年直轄市議員選舉,首次申報,1071117,集會支出,佳佳萬巒豬腳,25277186,0.00,6980.00,餐飲費用,金錢,臺中市大雅區****,0425*****,
295,張立傑,107年直轄市議員選舉,首次申報,1071117,雜支支出,家樂福股份有限公司豐原分公司,29058775,0.00,3260.00,雜項購置或修繕費用,金錢,臺中市豐原區****,0425*****,
296,張立傑,107年直轄市議員選舉,首次申報,1071117,集會支出,巧成自助餐(便當),38773928,0.00,2070.00,餐飲費用,金錢,臺中市神岡區****,0425*****,
297,張立傑,107年直轄市議員選舉,首次申報,1071117,雜支支出,小管商行,38854604,0.00,1090.00,飲料,金錢,臺中市大雅區****,0425*****,
298,張立傑,107年直轄市議員選舉,首次申報,1071117,集會支出,奇凡企業社,39808782,0.00,46500.00,鼓陣、戰車,金錢,臺中市神岡區****,0425*****,
299,張立傑,107年直轄市議員選舉,首次申報,1071117,雜支支出,天龍水果行,40661456,0.00,530.00,水果籃,金錢,臺中市大雅區****,0933*****,
300,張立傑,107年直轄市議員選舉,首次申報,1071117,集會支出,神采飛揚氣球館,45452611,0.00,6000.00,租用設備支出,金錢,臺中市豐原區****,0425*****,
301,張立傑,107年直轄市議員選舉,首次申報,1071117,集會支出,真味珍美食餐飲店,45540100,0.00,4000.00,餐飲費用,金錢,臺中市大雅區****,0425*****,
302,張立傑,107年直轄市議員選舉,首次申報,1071117,集會支出,定樂有限公司,53053878,0.00,1380.00,輕便雨衣,金錢,臺中市神岡區****,0425*****,
303,張立傑,107年直轄市議員選舉,首次申報,1071117,集會支出,勝霖藥品股份有限公司豐原三豐分公司,53845892,0.00,540.00,醫藥箱,金錢,臺中市豐原區****,,
304,張立傑,107年直轄市議員選舉,首次申報,1071117,集會支出,正忠排骨飯學士店,54105380,0.00,42690.00,餐飲費用,金錢,臺中市北區學****,,
305,張立傑,107年直轄市議員選舉,首次申報,1071117,集會支出,政義碗皿行,55053016,0.00,28350.00,餐飲支出,金錢,臺中市豐原區****,0425*****,
306,張立傑,107年直轄市議員選舉,首次申報,1071117,集會支出,禾豐五金商行,72541130,0.00,1015.00,輕便雨衣,金錢,臺中市神岡區****,0425*****,
307,張立傑,107年直轄市議員選舉,首次申報,1071117,集會支出,躉福商行,72542665,0.00,27000.00,餐飲費用,金錢,臺中市豐原區****,0425*****,
308,張立傑,107年直轄市議員選舉,首次申報,1071117,雜支支出,大昌水果行,77575242,0.00,3600.00,水果箱,金錢,臺中市西屯區****,0424*****,
309,張立傑,107年直轄市議員選舉,首次申報,1071117,集會支出,全聯福利中心台中神岡分公司,80350892,0.00,868.00,輕便雨衣,金錢,臺中市神岡區****,0425*****,
310,張立傑,107年直轄市議員選舉,首次申報,1071117,雜支支出,煒記食府,82425785,0.00,3825.00,餐飲費用,金錢,臺中市龍井區****,0426*****,
311,張立傑,107年直轄市議員選舉,首次申報,1071117,集會支出,寶島音響器材行,87826021,0.00,8500.00,舞台車音響,金錢,南投市彰南路****,0492*****,
312,張立傑,107年直轄市議員選舉,首次申報,1071117,集會支出,寶島音響器材行,87826021,0.00,8500.00,攝影及錄音,金錢,南投市彰南路****,0492*****,
313,張立傑,107年直轄市議員選舉,首次申報,1071117,集會支出,梅寶排骨飯店,97873888,0.00,13440.00,餐飲費用,金錢,臺中市神岡區****,0425*****,
314,張立傑,107年直轄市議員選舉,首次申報,1071117,雜支支出,梅寶排骨飯店,97873888,0.00,490.00,餐飲費用,金錢,臺中市神岡區****,0425*****,
315,張立傑,107年直轄市議員選舉,首次申報,1071118,雜支支出,瑞景水果行,,0.00,491.00,水果籃,金錢,臺中市神岡區****,,
316,張立傑,107年直轄市議員選舉,首次申報,1071118,雜支支出,富壽媒氣有限公司,35379818,0.00,800.00,瓦斯,金錢,臺中市神岡區****,0425*****,
317,張立傑,107年直轄市議員選舉,首次申報,1071118,宣傳支出,神采飛揚氣球館,45452611,0.00,4000.00,製作宣傳廣告支出,金錢,臺中市豐原區****,0425*****,
318,張立傑,107年直轄市議員選舉,首次申報,1071118,宣傳支出,神采飛揚氣球館,45452611,0.00,3500.00,製作宣傳廣告支出,金錢,臺中市豐原區****,0425*****,
319,張立傑,107年直轄市議員選舉,首次申報,1071118,雜支支出,社口回味燒臘快餐,47609723,0.00,700.00,餐飲費用,金錢,臺中市神岡區****,0425*****,
320,張立傑,107年直轄市議員選舉,首次申報,1071118,雜支支出,社口回味燒臘快餐,47609723,0.00,70.00,餐飲費用,金錢,臺中市神岡區****,0425*****,
321,張立傑,107年直轄市議員選舉,首次申報,1071118,雜支支出,梅寶排骨飯店,97873888,0.00,340.00,餐飲費用,金錢,臺中市神岡區****,0425*****,
322,張立傑,107年直轄市議員選舉,首次申報,1071119,雜支支出,三和花店,08322551,0.00,1400.00,花圈、花環,金錢,臺中市大雅區****,0425*****,
323,張立傑,107年直轄市議員選舉,首次申報,1071119,雜支支出,四季香嘉義火雞肉飯,15670421,0.00,560.00,餐飲費用,金錢,臺中市神岡區****,0425*****,
324,張立傑,107年直轄市議員選舉,首次申報,1071119,交通旅運支出,台大加油站(股)有限公司神岡營業處,15683988,0.00,450.00,油資(AJR-),金錢,臺中市神岡區****,0425*****,
325,張立傑,107年直轄市議員選舉,首次申報,1071119,雜支支出,天龍水果行,40661456,0.00,500.00,水果籃,金錢,臺中市大雅區****,0933*****,
326,張立傑,107年直轄市議員選舉,首次申報,1071119,雜支支出,津彩食堂,47280994,0.00,95.00,餐飲費用,金錢,臺中市神岡區****,0425*****,
327,張立傑,107年直轄市議員選舉,首次申報,1071119,雜支支出,津彩食堂,47280994,0.00,1475.00,餐飲費用,金錢,臺中市神岡區****,0425*****,
328,張立傑,107年直轄市議員選舉,首次申報,1071119,交通旅運支出,安祥加油站股份有限公司,70512644,0.00,1658.00,油資(RBW-),金錢,臺中市****,,
329,張立傑,107年直轄市議員選舉,首次申報,1071119,雜支支出,梅寶排骨飯店,97873888,0.00,455.00,餐飲費用,金錢,臺中市神岡區****,0425*****,
330,張立傑,107年直轄市議員選舉,首次申報,1071120,宣傳支出,郵局,,0.00,54.00,郵寄競選物品或宣傳廣告支出,金錢,臺中市神岡區****,0425*****,
331,張立傑,107年直轄市議員選舉,首次申報,1071120,雜支支出,花卉營業人1220(右)攤位,01225479,0.00,3500.00,蘭花一盆,金錢,臺北市新湖三****,0227*****,
332,張立傑,107年直轄市議員選舉,首次申報,1071120,雜支支出,四季香嘉義火雞肉飯,15670421,0.00,350.00,餐飲費用,金錢,臺中市神岡區****,0425*****,
333,張立傑,107年直轄市議員選舉,首次申報,1071120,雜支支出,亞蝶園藝,25312711,0.00,3000.00,組合蘭花,金錢,臺中市神岡區****,0425*****,
334,張立傑,107年直轄市議員選舉,首次申報,1071120,雜支支出,梅寶排骨飯店,97873888,0.00,450.00,餐飲費用,金錢,臺中市神岡區****,0425*****,
335,張立傑,107年直轄市議員選舉,首次申報,1071121,雜支支出,喬豐水電工程行,,0.00,1200.00,雜項購置或修繕費用,金錢,臺中市神岡區****,,
336,張立傑,107年直轄市議員選舉,首次申報,1071121,返還支出,東山大寶寺,,0.00,20000.00,返還,金錢,臺中市請水區****,04-2*****,
337,張立傑,107年直轄市議員選舉,首次申報,1071121,雜支支出,鴻運行免洗餐具,13806155,0.00,24.00,手提袋,金錢,臺中市大雅區****,0425*****,
338,張立傑,107年直轄市議員選舉,首次申報,1071121,雜支支出,巧成自助餐(便當),25230063,0.00,225.00,餐飲費用,金錢,臺中市神岡區****,0425*****,
339,張立傑,107年直轄市議員選舉,首次申報,1071121,雜支支出,巧成自助餐(便當),25230063,0.00,450.00,餐飲費用,金錢,臺中市神岡區****,0425*****,
340,張立傑,107年直轄市議員選舉,首次申報,1071121,宣傳支出,大東文具印刷行,97935097,0.00,8500.00,製作宣傳廣告支出,金錢,臺中市博館二****,0423*****,
341,張立傑,107年直轄市議員選舉,首次申報,1071122,宣傳支出,郵局,,0.00,228.00,郵寄競選物品或宣傳廣告支出,金錢,臺中市大雅區****,0425*****,
342,張立傑,107年直轄市議員選舉,首次申報,1071122,雜支支出,喬豐水電工程行,,0.00,1200.00,雜項購置或修繕費用,金錢,臺中市神岡區****,,
343,張立傑,107年直轄市議員選舉,首次申報,1071122,交通旅運支出,台大加油站(股)有限公司神岡營業處,15683988,0.00,1000.00,油資(AJR-),金錢,臺中市神岡區****,0425*****,
344,張立傑,107年直轄市議員選舉,首次申報,1071122,集會支出,世安美食料理,17778102,0.00,6200.00,餐飲支出,金錢,臺中市大雅區****,0425*****,
345,張立傑,107年直轄市議員選舉,首次申報,1071122,雜支支出,巧成自助餐(便當),25230063,0.00,750.00,餐飲費用,金錢,臺中市神岡區****,0425*****,
346,張立傑,107年直轄市議員選舉,首次申報,1071122,雜支支出,巧成自助餐(便當),25230063,0.00,375.00,餐飲費用,金錢,臺中市神岡區****,0425*****,
347,張立傑,107年直轄市議員選舉,首次申報,1071122,雜支支出,天龍水果行,40661456,0.00,500.00,水果籃,金錢,臺中市大雅區****,0933*****,
348,張立傑,107年直轄市議員選舉,首次申報,1071122,雜支支出,天龍水果行,40661456,0.00,2000.00,水果籃,金錢,臺中市大雅區****,0933*****,
349,張立傑,107年直轄市議員選舉,首次申報,1071122,雜支支出,隆昌行,55259208,0.00,50.00,白手套,金錢,臺中市神岡區****,0425*****,
350,張立傑,107年直轄市議員選舉,首次申報,1071122,雜支支出,銘恩香舖,67964952,0.00,500.00,環保炮,金錢,臺中市大雅區****,0425*****,
351,張立傑,107年直轄市議員選舉,首次申報,1071122,雜支支出,銘恩香舖,67964952,0.00,600.00,環保炮,金錢,臺中市大雅區****,0425*****,
352,張立傑,107年直轄市議員選舉,首次申報,1071122,雜支支出,德鎰金香舖,81991608,0.00,120.00,環保炮,金錢,臺中市大雅區****,0425*****,
353,張立傑,107年直轄市議員選舉,首次申報,1071122,集會支出,寶島音響器材行,87826021,0.00,8500.00,攝影器材租賃,金錢,南投市彰南路****,0492*****,
354,張立傑,107年直轄市議員選舉,首次申報,1071122,集會支出,梅寶排骨飯店,97873888,0.00,7000.00,餐飲支出,金錢,臺中市神岡區****,0425*****,
355,張立傑,107年直轄市議員選舉,首次申報,1071122,雜支支出,美佶鐵板麵,98859012,0.00,1210.00,餐飲費用,金錢,臺中市大雅區****,0425*****,
356,張立傑,107年直轄市議員選舉,首次申報,1071123,交通旅運支出,新生加油站股份有限公司,16667395,0.00,1172.00,油資(RBW-),金錢,臺中市****,,
357,張立傑,107年直轄市議員選舉,首次申報,1071123,集會支出,巧成自助餐(便當),25230063,0.00,3200.00,餐飲支出,金錢,臺中市神岡區****,0425*****,
358,張立傑,107年直轄市議員選舉,首次申報,1071123,集會支出,寶島音響器材行,87826021,0.00,8500.00,攝影器材租賃,金錢,南投市彰南路****,0492*****,
359,張立傑,107年直轄市議員選舉,首次申報,1071124,集會支出,宏明鐵架行,21420416,0.00,2400.00,租用設備支出,金錢,臺中市神岡區****,0425*****,
360,張立傑,107年直轄市議員選舉,首次申報,1071124,集會支出,文毅小吃店,21456096,0.00,6000.00,餐飲支出,金錢,臺中市大雅區****,0425*****,
361,張立傑,107年直轄市議員選舉,首次申報,1071125,交通旅運支出,台灣中油(公益路站),77210216,0.00,586.00,油資(RBW-),金錢,臺中市****,,
362,張立傑,107年直轄市議員選舉,首次申報,1071126,宣傳支出,展騰室內裝潢企業社,45235657,0.00,11970.00,製作宣傳廣告支出,金錢,臺中市神岡區****,0425*****,
363,張立傑,107年直轄市議員選舉,首次申報,1071126,公共關係費用支出,政義碗皿行,55053016,0.00,33000.00,文康活動費用,金錢,臺中市豐原市****,0425*****,
364,張立傑,107年直轄市議員選舉,首次申報,1071126,雜支支出,全聯福利中心台中神岡分公司,80350892,0.00,408.00,泡麵,金錢,,0425*****,
365,張立傑,107年直轄市議員選舉,首次申報,1071127,雜支支出,鴻賓書城,08290967,0.00,48.00,文具用品費用,金錢,臺中市神岡區****,0425*****,
366,張立傑,107年直轄市議員選舉,首次申報,1071127,雜支支出,巧成自助餐(便當),25230063,0.00,150.00,餐飲費用,金錢,臺中市神岡區****,0425*****,
367,張立傑,107年直轄市議員選舉,首次申報,1071128,公共關係費用支出,大森鮮花店,20323128,0.00,9600.00,為民服務費用,金錢,臺中市神岡區****,04-2*****,
368,張立傑,107年直轄市議員選舉,首次申報,1071130,宣傳支出,郵局,,0.00,688.00,郵寄競選物品或宣傳廣告支出,金錢,臺中市大雅區****,,
369,張立傑,107年直轄市議員選舉,首次申報,1071130,雜支支出,大潭子鮮花店,05757665,0.00,4550.00,花圈、花環,金錢,臺中市潭子區****,0425*****,
370,張立傑,107年直轄市議員選舉,首次申報,1071130,雜支支出,坤成花環總店,08323670,0.00,4800.00,花圈、花環,金錢,臺中市神岡區****,0425*****,
371,張立傑,107年直轄市議員選舉,首次申報,1071130,雜支支出,標嫂鮮花店,45276973,0.00,19100.00,花圈、花環,金錢,臺中市潭子區****,0425*****,
372,張立傑,107年直轄市議員選舉,首次申報,1071205,宣傳支出,名鴻廣告工程有限公司,24592089,0.00,2100000.00,租用廣告看板或車體廣告支出,金錢,臺中市沙鹿區****,0426*****,
373,張立傑,107年直轄市議員選舉,首次申報,1071205,雜支支出,亞蝶園藝,25312711,0.00,3000.00,組合蘭花,金錢,臺中市神岡區****,0425*****,
374,張立傑,107年直轄市議員選舉,首次申報,1071207,公共關係費用支出,政義美食行有限公司,53058254,0.00,30400.00,聯誼交際費用,金錢,臺中市神岡區****,0425*****,
375,張立傑,107年直轄市議員選舉,首次申報,1071210,公共關係費用支出,阿本禮儀社,21850344,0.00,2400.00,為民服務費用,金錢,臺中市神岡區****,04-2*****,
376,張立傑,107年直轄市議員選舉,首次申報,1071218,公共關係費用支出,豐洲鮮花店,20302453,0.00,2100.00,為民服務費用,金錢,臺中市神岡區****,04-2*****,
377,張立傑,107年直轄市議員選舉,首次申報,1071218,雜支支出,金讚鮮果行,40582848,0.00,300.00,水果,金錢,臺中市豐園區****,0931*****,
378,張立傑,107年直轄市議員選舉,首次申報,1071219,雜支支出,致華有限公司,27274740,0.00,2938.00,文具用品費用,金錢,臺中市西屯區****,04-2*****,
379,張立傑,107年直轄市議員選舉,首次申報,1071225,返還支出,福耀有限公司,54108942,0.00,40000.00,返還,金錢,臺中市西屯區****,,
380,張立傑,107年直轄市議員選舉,首次申報,1071225,返還支出,展鋮企業有限公司,89237788,0.00,20000.00,返還,金錢,臺中市神岡區****,04-2*****,
381,張立傑,107年直轄市議員選舉,首次申報,1071225,返還支出,蔡清奇,L10*******,0.00,100000.00,返還,金錢,臺中市神岡區****,04-2*****,
382,張立傑,107年直轄市議員選舉,首次申報,1071225,返還支出,蔡羅乙,L20*******,0.00,100000.00,返還,金錢,臺中市神岡區****,04-2*****,
