﻿序號,擬參選人／政黨,選舉名稱,申報序號／年度,交易日期,收支科目,捐贈者／支出對象,身分證／統一編號,收入金額,支出金額,捐贈方式,存入專戶日期,返還/繳庫,支出用途,金錢類,地址,聯絡電話,應揭露之支出對象,支出對象之內部人員姓名,支出對象之內部人員職稱,政黨之內部人員姓名,政黨之內部人員職稱,關係,更正註記,資料更正日期
1,黃適超,111年宜蘭縣羅東鎮鎮長選舉,首次申報,1110520,營利事業捐贈收入,穩誠房屋,19581512,30000.00,0.00,現金,1110520,,,金錢,宜蘭縣羅東鎮****,,,,,,,,,
2,黃適超,111年宜蘭縣羅東鎮鎮長選舉,首次申報,1110526,個人捐贈收入,陳澈煥,,20000.00,0.00,匯款,1110526,,,金錢,,0933*****,,,,,,,,
3,黃適超,111年宜蘭縣羅東鎮鎮長選舉,首次申報,1110613,個人捐贈收入,游能俊,G12*******,100000.00,0.00,現金,1110613,,,金錢,宜蘭縣羅東鎮****,0395*****,,,,,,,,
4,黃適超,111年宜蘭縣羅東鎮鎮長選舉,首次申報,1110621,其他收入,利息收入,,5.00,0.00,匯款,1110621,,,金錢,,,,,,,,,,
5,黃適超,111年宜蘭縣羅東鎮鎮長選舉,首次申報,1110622,個人捐贈收入,謝文偉,G12*******,50000.00,0.00,匯款,1110622,,,金錢,宜蘭縣壯圍鄉****,0920*****,,,,,,,,
6,黃適超,111年宜蘭縣羅東鎮鎮長選舉,首次申報,1110629,個人捐贈收入,游家豪,G12*******,20000.00,0.00,現金,1110629,,,金錢,宜蘭縣壯圍鄉****,0933*****,,,,,,,,
7,黃適超,111年宜蘭縣羅東鎮鎮長選舉,首次申報,1110711,營利事業捐贈收入,三研興業股份有限公司,12370604,60000.00,0.00,現金,1110711,,,金錢,新北市新店區****,,,,,,,,,
8,黃適超,111年宜蘭縣羅東鎮鎮長選舉,首次申報,1110720,個人捐贈收入,林纘祺,G10*******,3600.00,0.00,現金,1110720,,,金錢,宜蘭縣羅東鎮****,,,,,,,,,
9,黃適超,111年宜蘭縣羅東鎮鎮長選舉,首次申報,1110801,個人捐贈收入,賴文專,G12*******,30000.00,0.00,現金,1110801,,,金錢,宜蘭縣五結鄉****,0932*****,,,,,,,,
10,黃適超,111年宜蘭縣羅東鎮鎮長選舉,首次申報,1110801,個人捐贈收入,吳永輝,G12*******,5000.00,0.00,現金,1110801,,,金錢,宜蘭縣三星鄉****,0921*****,,,,,,,,
11,黃適超,111年宜蘭縣羅東鎮鎮長選舉,首次申報,1110801,個人捐贈收入,李志祥,G12*******,30000.00,0.00,現金,1110801,,,金錢,宜蘭縣五結鄉****,0913*****,,,,,,,,
12,黃適超,111年宜蘭縣羅東鎮鎮長選舉,首次申報,1110801,個人捐贈收入,林月霞,G22*******,30000.00,0.00,現金,1110801,,,金錢,宜蘭縣羅東鎮****,0972*****,,,,,,,,
13,黃適超,111年宜蘭縣羅東鎮鎮長選舉,首次申報,1110810,營利事業捐贈收入,圓昕行,87377592,100000.00,0.00,現金,1110810,,,金錢,宜蘭縣羅東鎮****,,,,,,,,,
14,黃適超,111年宜蘭縣羅東鎮鎮長選舉,首次申報,1110825,個人捐贈收入,林秀香,F22*******,100000.00,0.00,現金,1110825,,,金錢,臺北市信義區****,0932*****,,,,,,,,
15,黃適超,111年宜蘭縣羅東鎮鎮長選舉,首次申報,1110825,個人捐贈收入,謝委呈,V12*******,100000.00,0.00,現金,1110825,,,金錢,臺北市信義區****,0932*****,,,,,,,,
16,黃適超,111年宜蘭縣羅東鎮鎮長選舉,首次申報,1110830,營利事業捐贈收入,大增建設股份有限公司,04890096,100000.00,0.00,現金,1110830,,,金錢,臺北市文山區****,,,,,,,,,
17,黃適超,111年宜蘭縣羅東鎮鎮長選舉,首次申報,1110830,營利事業捐贈收入,元旺建設股份有限公司,12954305,100000.00,0.00,現金,1110830,,,金錢,臺北市中山區****,,,,,,,,,
18,黃適超,111年宜蘭縣羅東鎮鎮長選舉,首次申報,1110830,營利事業捐贈收入,耕薪都市更新股份有限公司,28175141,80000.00,0.00,現金,1110830,,,金錢,臺北市松山區****,,,,,,,,,
19,黃適超,111年宜蘭縣羅東鎮鎮長選舉,首次申報,1110830,個人捐贈收入,許宇傑,F12*******,100000.00,0.00,現金,1110830,,,金錢,基隆市暖暖區****,0932*****,,,,,,,,
20,黃適超,111年宜蘭縣羅東鎮鎮長選舉,首次申報,1110830,個人捐贈收入,陳秋雄,G12*******,100000.00,0.00,現金,1110830,,,金錢,臺北市內湖區****,0932*****,,,,,,,,
21,黃適超,111年宜蘭縣羅東鎮鎮長選舉,首次申報,1110830,個人捐贈收入,林培元,J12*******,66000.00,0.00,現金,1110830,,,金錢,新北市中和區****,0910*****,,,,,,,,
22,黃適超,111年宜蘭縣羅東鎮鎮長選舉,首次申報,1110830,個人捐贈收入,施振榮,J12*******,66000.00,0.00,現金,1110830,,,金錢,新竹市東區高****,0912*****,,,,,,,,
23,黃適超,111年宜蘭縣羅東鎮鎮長選舉,首次申報,1110830,個人捐贈收入,邱淑玲,J22*******,100000.00,0.00,現金,1110830,,,金錢,臺北市大安區****,0933*****,,,,,,,,
24,黃適超,111年宜蘭縣羅東鎮鎮長選舉,首次申報,1110830,個人捐贈收入,鍾俊宏,S12*******,66000.00,0.00,現金,1110830,,,金錢,臺北市文山區****,0933*****,,,,,,,,
25,黃適超,111年宜蘭縣羅東鎮鎮長選舉,首次申報,1110830,個人捐贈收入,李太源,S12*******,100000.00,0.00,現金,1110830,,,金錢,臺北市南港區****,0911*****,,,,,,,,
26,黃適超,111年宜蘭縣羅東鎮鎮長選舉,首次申報,1110830,個人捐贈收入,楊添理,V12*******,66000.00,0.00,現金,1110830,,,金錢,臺北市松山區****,0919*****,,,,,,,,
27,黃適超,111年宜蘭縣羅東鎮鎮長選舉,首次申報,1110831,營利事業捐贈收入,傳昇室內裝修有限公司,89502929,100000.00,0.00,現金,1110831,,,金錢,新北市三重區****,,,,,,,,,
28,黃適超,111年宜蘭縣羅東鎮鎮長選舉,首次申報,1110905,營利事業捐贈收入,宇晟機械工程股份有限公司,86524168,150000.00,0.00,現金,1110905,已返還,,金錢,新北市中和區****,,,,,,,,,
29,黃適超,111年宜蘭縣羅東鎮鎮長選舉,首次申報,1110906,營利事業捐贈收入,吉利展精機股份有限公司,70532228,200000.00,0.00,匯款,1110906,,,金錢,桃園市平鎮區****,,,,,,,,,
30,黃適超,111年宜蘭縣羅東鎮鎮長選舉,首次申報,1110910,營利事業捐贈收入,京棧建設有限公司,25039869,200000.00,0.00,票據,1110912,已返還,,金錢,宜蘭縣五結鄉****,,,,,,,,,
31,黃適超,111年宜蘭縣羅東鎮鎮長選舉,首次申報,1110910,個人捐贈收入,陸文芳,G10*******,50000.00,0.00,票據,1110912,,,金錢,宜蘭縣五結鄉****,,,,,,,,,
32,黃適超,111年宜蘭縣羅東鎮鎮長選舉,首次申報,1110914,個人捐贈收入,張謙明,,20000.00,0.00,匯款,1110914,,,金錢,宜蘭縣三星鄉****,,,,,,,,,
33,黃適超,111年宜蘭縣羅東鎮鎮長選舉,首次申報,1110914,個人捐贈收入,林鍏佑,G12*******,100000.00,0.00,現金,1110914,,,金錢,宜蘭縣礁溪鄉****,,,,,,,,,
34,黃適超,111年宜蘭縣羅東鎮鎮長選舉,首次申報,1110914,個人捐贈收入,林韋均,G12*******,100000.00,0.00,現金,1110914,,,金錢,宜蘭縣礁溪鄉****,0988*****,,,,,,,,
35,黃適超,111年宜蘭縣羅東鎮鎮長選舉,首次申報,1110914,個人捐贈收入,林玉騰,G12*******,100000.00,0.00,現金,1110914,,,金錢,宜蘭縣礁溪鄉****,0988*****,,,,,,,,
36,黃適超,111年宜蘭縣羅東鎮鎮長選舉,首次申報,1110915,個人捐贈收入,林義方,G10*******,29000.00,0.00,現金,1110915,,,金錢,宜蘭縣五結鄉****,0939*****,,,,,,,,
37,黃適超,111年宜蘭縣羅東鎮鎮長選舉,首次申報,1110916,個人捐贈收入,林雅瑩,A22*******,30000.00,0.00,現金,1110916,,,金錢,宜蘭縣宜蘭市****,9363*****,,,,,,,,
38,黃適超,111年宜蘭縣羅東鎮鎮長選舉,首次申報,1110916,個人捐贈收入,王維昌,F10*******,30000.00,0.00,現金,1110916,,,金錢,宜蘭縣羅東鎮****,9562*****,,,,,,,,
39,黃適超,111年宜蘭縣羅東鎮鎮長選舉,首次申報,1110916,個人捐贈收入,游憲廷,G12*******,10000.00,0.00,現金,1110916,,,金錢,宜蘭縣宜蘭市****,0936*****,,,,,,,,
40,黃適超,111年宜蘭縣羅東鎮鎮長選舉,首次申報,1110920,個人捐贈收入,賴秀玲,G22*******,100000.00,0.00,現金,1110920,,,金錢,宜蘭縣羅東鎮****,0937*****,,,,,,,,
41,黃適超,111年宜蘭縣羅東鎮鎮長選舉,首次申報,1110920,個人捐贈收入,林麗華,G22*******,100000.00,0.00,現金,1110920,,,金錢,宜蘭縣羅東鎮****,0937*****,,,,,,,,
42,黃適超,111年宜蘭縣羅東鎮鎮長選舉,首次申報,1110921,營利事業捐贈收入,宇晟機械工程股份有限公司,86524168,150000.00,0.00,匯款,1110921,已返還,,金錢,新北市中和區****,,,,,,,,,
43,黃適超,111年宜蘭縣羅東鎮鎮長選舉,首次申報,1110922,營利事業捐贈收入,永基木工業股份有限公司,40597357,200000.00,0.00,匯款,1110922,,,金錢,新北市永和區****,,,,,,,,,
44,黃適超,111年宜蘭縣羅東鎮鎮長選舉,首次申報,1110926,營利事業捐贈收入,松穎營造有限公司,23566485,200000.00,0.00,匯款,1110926,,,金錢,宜蘭縣五結鄉****,9506*****,,,,,,,,
45,黃適超,111年宜蘭縣羅東鎮鎮長選舉,首次申報,1110927,個人捐贈收入,張詠勝,H12*******,50000.00,0.00,現金,1110927,,,金錢,桃園市龍潭區****,0989*****,,,,,,,,
46,黃適超,111年宜蘭縣羅東鎮鎮長選舉,首次申報,1110928,個人捐贈收入,蔡明哲,,20000.00,0.00,現金,1110928,,,金錢,宜蘭縣羅東鎮****,0911*****,,,,,,,,
47,黃適超,111年宜蘭縣羅東鎮鎮長選舉,首次申報,1110928,個人捐贈收入,黃秋銘,,5000.00,0.00,現金,1110928,,,金錢,宜蘭縣羅東鎮****,0963*****,,,,,,,,
48,黃適超,111年宜蘭縣羅東鎮鎮長選舉,首次申報,1110928,個人捐贈收入,賴怡安,,20000.00,0.00,匯款,1110928,,,金錢,宜蘭縣五結鄉****,0910*****,,,,,,,,
49,黃適超,111年宜蘭縣羅東鎮鎮長選舉,首次申報,1110930,個人捐贈收入,李龍墉,,10000.00,0.00,票據,1111003,,,金錢,宜蘭縣羅東鎮****,0963*****,,,,,,,,
50,黃適超,111年宜蘭縣羅東鎮鎮長選舉,首次申報,1111003,個人捐贈收入,陳威禎,,6000.00,0.00,現金,1111003,,,金錢,宜蘭縣羅東鎮****,0912*****,,,,,,,,
51,黃適超,111年宜蘭縣羅東鎮鎮長選舉,首次申報,1111003,個人捐贈收入,洪佳華,,10000.00,0.00,現金,1111003,,,金錢,新北市中和區****,,,,,,,,,
52,黃適超,111年宜蘭縣羅東鎮鎮長選舉,首次申報,1111003,營利事業捐贈收入,世亞電機股份有限公司,23808982,10000.00,0.00,現金,1111003,,,金錢,宜蘭縣羅東鎮****,,,,,,,,,
53,黃適超,111年宜蘭縣羅東鎮鎮長選舉,首次申報,1111005,個人捐贈收入,柯漢周,,20000.00,0.00,現金,1111005,,,金錢,臺北市中山區****,0932*****,,,,,,,,
54,黃適超,111年宜蘭縣羅東鎮鎮長選舉,首次申報,1111005,個人捐贈收入,王信庸,G10*******,50000.00,0.00,匯款,1111005,,,金錢,宜蘭縣羅東鎮****,,,,,,,,,
55,黃適超,111年宜蘭縣羅東鎮鎮長選舉,首次申報,1111007,個人捐贈收入,江建宏,G12*******,100000.00,0.00,現金,1111007,,,金錢,宜蘭縣頭城鎮****,,,,,,,,,
56,黃適超,111年宜蘭縣羅東鎮鎮長選舉,首次申報,1111012,個人捐贈收入,李承修,,20000.00,0.00,現金,1111012,,,金錢,宜蘭縣五結鄉****,0975*****,,,,,,,,
57,黃適超,111年宜蘭縣羅東鎮鎮長選舉,首次申報,1111012,個人捐贈收入,張謙一,,20000.00,0.00,現金,1111012,,,金錢,宜蘭縣羅東鎮****,,,,,,,,,
58,黃適超,111年宜蘭縣羅東鎮鎮長選舉,首次申報,1111012,個人捐贈收入,韓億玫,,12000.00,0.00,現金,1111012,,,金錢,宜蘭縣五結鄉****,,,,,,,,,
59,黃適超,111年宜蘭縣羅東鎮鎮長選舉,首次申報,1111012,個人捐贈收入,張健祥,,10000.00,0.00,現金,1111012,,,金錢,宜蘭縣冬山鄉****,,,,,,,,,
60,黃適超,111年宜蘭縣羅東鎮鎮長選舉,首次申報,1111012,營利事業捐贈收入,正帆企業社,42094818,27000.00,0.00,現金,1111012,,,金錢,宜蘭縣五結鄉****,,,,,,,,,
61,黃適超,111年宜蘭縣羅東鎮鎮長選舉,首次申報,1111012,個人捐贈收入,李國祥,A11*******,36000.00,0.00,現金,1111012,,,金錢,宜蘭縣羅東鎮****,,,,,,,,,
62,黃適超,111年宜蘭縣羅東鎮鎮長選舉,首次申報,1111012,個人捐贈收入,賴民亮,G10*******,50000.00,0.00,現金,1111012,,,金錢,臺北市松山區****,,,,,,,,,
63,黃適超,111年宜蘭縣羅東鎮鎮長選舉,首次申報,1111012,個人捐贈收入,李信德,G12*******,100000.00,0.00,現金,1111012,,,金錢,宜蘭縣五結鄉****,0910*****,,,,,,,,
64,黃適超,111年宜蘭縣羅東鎮鎮長選舉,首次申報,1111012,個人捐贈收入,王讚邦,G12*******,30000.00,0.00,現金,1111012,,,金錢,宜蘭縣五結鄉****,,,,,,,,,
65,黃適超,111年宜蘭縣羅東鎮鎮長選舉,首次申報,1111012,個人捐贈收入,陳明生,G12*******,100000.00,0.00,現金,1111012,,,金錢,宜蘭縣五結鄉****,,,,,,,,,
66,黃適超,111年宜蘭縣羅東鎮鎮長選舉,首次申報,1111012,個人捐贈收入,陳世寅,G12*******,100000.00,0.00,現金,1111012,,,金錢,新竹縣竹北市****,,,,,,,,,
67,黃適超,111年宜蘭縣羅東鎮鎮長選舉,首次申報,1111013,營利事業捐贈收入,同興實業股份有限公司,03625107,50000.00,0.00,現金,1111013,,,金錢,臺北市中正區****,,,,,,,,,
68,黃適超,111年宜蘭縣羅東鎮鎮長選舉,首次申報,1111014,個人捐贈收入,吳枝財,,10000.00,0.00,現金,1111014,,,金錢,宜蘭縣羅東鎮****,,,,,,,,,
69,黃適超,111年宜蘭縣羅東鎮鎮長選舉,首次申報,1111014,個人捐贈收入,鄭永祥,,6000.00,0.00,現金,1111014,,,金錢,宜蘭縣宜蘭市****,,,,,,,,,
70,黃適超,111年宜蘭縣羅東鎮鎮長選舉,首次申報,1111014,營利事業捐贈收入,蘭陽愛琴海商務旅館股份有限公司,80126038,36000.00,0.00,現金,1111014,,,金錢,宜蘭縣五結鄉****,,,,,,,,,
71,黃適超,111年宜蘭縣羅東鎮鎮長選舉,首次申報,1111014,個人捐贈收入,鐘宇平,G12*******,30000.00,0.00,現金,1111014,,,金錢,宜蘭縣五結鄉****,0938*****,,,,,,,,
72,黃適超,111年宜蘭縣羅東鎮鎮長選舉,首次申報,1111017,個人捐贈收入,方維琳,,20000.00,0.00,現金,1111017,,,金錢,宜蘭縣五結鄉****,,,,,,,,,
73,黃適超,111年宜蘭縣羅東鎮鎮長選舉,首次申報,1111017,個人捐贈收入,李兆峯,G12*******,50000.00,0.00,現金,1111017,,,金錢,宜蘭縣員山鄉****,,,,,,,,,
74,黃適超,111年宜蘭縣羅東鎮鎮長選舉,首次申報,1111017,個人捐贈收入,林義豐,G12*******,60000.00,0.00,現金,1111017,,,金錢,宜蘭縣冬山鄉****,,,,,,,,,
75,黃適超,111年宜蘭縣羅東鎮鎮長選舉,首次申報,1111017,個人捐贈收入,郭秋梧,G12*******,50000.00,0.00,現金,1111017,,,金錢,宜蘭縣宜蘭市****,0988*****,,,,,,,,
76,黃適超,111年宜蘭縣羅東鎮鎮長選舉,首次申報,1111017,個人捐贈收入,李宏志,G12*******,30000.00,0.00,現金,1111017,,,金錢,宜蘭縣羅東鎮****,0910*****,,,,,,,,
77,黃適超,111年宜蘭縣羅東鎮鎮長選舉,首次申報,1111017,個人捐贈收入,林淑芬,G22*******,50000.00,0.00,現金,1111017,,,金錢,宜蘭縣羅東鎮****,,,,,,,,,
78,黃適超,111年宜蘭縣羅東鎮鎮長選舉,首次申報,1111018,營利事業捐贈收入,慶益開發股份有限公司,24340275,100000.00,0.00,票據,1111020,,,金錢,臺北市中山區****,,,,,,,,,
79,黃適超,111年宜蘭縣羅東鎮鎮長選舉,首次申報,1111018,營利事業捐贈收入,能邦工程股份有限公司,25067750,100000.00,0.00,票據,1111020,,,金錢,宜蘭縣五結鄉****,,,,,,,,,
80,黃適超,111年宜蘭縣羅東鎮鎮長選舉,首次申報,1111018,營利事業捐贈收入,力方開發事業股份有限公司,59159899,100000.00,0.00,票據,1111020,,,金錢,臺北市中山區****,,,,,,,,,
81,黃適超,111年宜蘭縣羅東鎮鎮長選舉,首次申報,1111018,營利事業捐贈收入,力麒建設股份有限公司,86690644,100000.00,0.00,票據,1111020,,,金錢,臺北市中山區****,,,,,,,,,
82,黃適超,111年宜蘭縣羅東鎮鎮長選舉,首次申報,1111019,營利事業捐贈收入,宏祥工程顧問有限公司,13159354,100000.00,0.00,現金,1111020,,,金錢,宜蘭縣羅東鎮****,,,,,,,,,
83,黃適超,111年宜蘭縣羅東鎮鎮長選舉,首次申報,1111019,營利事業捐贈收入,中暘企業有限公司,86220221,82000.00,0.00,現金,1111020,,,金錢,宜蘭縣五結鄉****,,,,,,,,,
84,黃適超,111年宜蘭縣羅東鎮鎮長選舉,首次申報,1111020,營利事業捐贈收入,瑞丞企業社,50712166,50000.00,0.00,現金,1111020,,,金錢,宜蘭縣蘇澳鎮****,,,,,,,,,
85,黃適超,111年宜蘭縣羅東鎮鎮長選舉,首次申報,1111021,個人捐贈收入,李枝全,G12*******,100000.00,0.00,匯款,1111021,,,金錢,新北市汐止區****,,,,,,,,,
86,黃適超,111年宜蘭縣羅東鎮鎮長選舉,首次申報,1111025,個人捐贈收入,張明忠,,5000.00,0.00,現金,1111025,,,金錢,宜蘭縣羅東鎮****,,,,,,,,,
87,黃適超,111年宜蘭縣羅東鎮鎮長選舉,首次申報,1111025,個人捐贈收入,劉銀凱,E12*******,50000.00,0.00,現金,1111025,,,金錢,宜蘭縣宜蘭市****,0988*****,,,,,,,,
88,黃適超,111年宜蘭縣羅東鎮鎮長選舉,首次申報,1111025,個人捐贈收入,呂秀美,H22*******,10000.00,0.00,現金,1111025,,,金錢,桃園市八德區****,,,,,,,,,
89,黃適超,111年宜蘭縣羅東鎮鎮長選舉,首次申報,1111025,個人捐贈收入,顏娟娟,L22*******,100000.00,0.00,現金,1111025,,,金錢,宜蘭縣宜蘭市****,,,,,,,,,
90,黃適超,111年宜蘭縣羅東鎮鎮長選舉,首次申報,1111026,匿名捐贈,匿名1,,1000.00,0.00,匯款,1111026,,,金錢,,,,,,,,,,
91,黃適超,111年宜蘭縣羅東鎮鎮長選舉,首次申報,1111026,營利事業捐贈收入,葛納蘭影片有限公司,96966655,20000.00,0.00,匯款,1111026,,,金錢,臺北市大安區****,,,,,,,,,
92,黃適超,111年宜蘭縣羅東鎮鎮長選舉,首次申報,1111026,個人捐贈收入,張正仁,G12*******,20000.00,0.00,匯款,1111026,,,金錢,臺北市中山區****,0932*****,,,,,,,,
93,黃適超,111年宜蘭縣羅東鎮鎮長選舉,首次申報,1111027,營利事業捐贈收入,京樂企業社,91144884,20000.00,0.00,現金,1111028,,,金錢,宜蘭縣羅東鎮****,,,,,,,,,
94,黃適超,111年宜蘭縣羅東鎮鎮長選舉,首次申報,1111027,個人捐贈收入,陳文欽,G12*******,30001.00,0.00,匯款,1111027,,,金錢,宜蘭縣羅東鎮****,,,,,,,,,
95,黃適超,111年宜蘭縣羅東鎮鎮長選舉,首次申報,1111028,個人捐贈收入,張志宏,,10000.00,0.00,現金,1111028,,,金錢,宜蘭縣宜蘭市****,,,,,,,,,
96,黃適超,111年宜蘭縣羅東鎮鎮長選舉,首次申報,1111028,營利事業捐贈收入,宜興預拌混凝土股份有限公司,97272457,100000.00,0.00,現金,1111028,,,金錢,宜蘭縣冬山鄉****,,,,,,,,,
97,黃適超,111年宜蘭縣羅東鎮鎮長選舉,首次申報,1111028,個人捐贈收入,李興和,G12*******,100000.00,0.00,現金,1111028,,,金錢,宜蘭縣冬山鄉****,,,,,,,,,
98,黃適超,111年宜蘭縣羅東鎮鎮長選舉,首次申報,1111028,個人捐贈收入,林贊壽,G12*******,100000.00,0.00,現金,1111028,,,金錢,宜蘭縣冬山鄉****,,,,,,,,,
99,黃適超,111年宜蘭縣羅東鎮鎮長選舉,首次申報,1111028,個人捐贈收入,邱木圳,G12*******,50000.00,0.00,現金,1111028,,,金錢,宜蘭縣五結鄉****,0910*****,,,,,,,,
100,黃適超,111年宜蘭縣羅東鎮鎮長選舉,首次申報,1111031,個人捐贈收入,羅國鶴,,6000.00,0.00,現金,1111031,,,金錢,宜蘭縣羅東鎮****,,,,,,,,,
101,黃適超,111年宜蘭縣羅東鎮鎮長選舉,首次申報,1111031,個人捐贈收入,李水旺,,2000.00,0.00,現金,1111031,,,金錢,宜蘭縣五結鄉****,,,,,,,,,
102,黃適超,111年宜蘭縣羅東鎮鎮長選舉,首次申報,1111031,營利事業捐贈收入,台灣老康泰銀髮服務股份有限公司,42965589,3000.00,0.00,現金,1111031,,,金錢,宜蘭縣羅東鎮****,,,,,,,,,
103,黃適超,111年宜蘭縣羅東鎮鎮長選舉,首次申報,1111031,營利事業捐贈收入,金澤冷凍水產有限公司,70641892,30000.00,0.00,現金,1111031,,,金錢,宜蘭縣五結鄉****,,,,,,,,,
104,黃適超,111年宜蘭縣羅東鎮鎮長選舉,首次申報,1111031,個人捐贈收入,尤皓正,F12*******,90000.00,0.00,現金,1111031,,,金錢,新北市土城區****,,,,,,,,,
105,黃適超,111年宜蘭縣羅東鎮鎮長選舉,首次申報,1111031,個人捐贈收入,尤冠蓉,F22*******,60000.00,0.00,現金,1111031,,,金錢,新北市土城區****,,,,,,,,,
106,黃適超,111年宜蘭縣羅東鎮鎮長選舉,首次申報,1111031,個人捐贈收入,謝漢池,G10*******,6000.00,0.00,現金,1111031,,,金錢,宜蘭縣羅東鎮****,,,,,,,,,
107,黃適超,111年宜蘭縣羅東鎮鎮長選舉,首次申報,1111031,個人捐贈收入,楊世楹,R12*******,50000.00,0.00,現金,1111031,,,金錢,宜蘭縣蘇澳鎮****,0982*****,,,,,,,,
108,黃適超,111年宜蘭縣羅東鎮鎮長選舉,首次申報,1111101,個人捐贈收入,趙世杰,A13*******,100000.00,0.00,現金,1111101,,,金錢,宜蘭縣冬山鄉****,,,,,,,,,
109,黃適超,111年宜蘭縣羅東鎮鎮長選舉,首次申報,1111101,個人捐贈收入,蔡永椿,G12*******,100000.00,0.00,現金,1111101,,,金錢,宜蘭縣五結鄉****,,,,,,,,,
110,黃適超,111年宜蘭縣羅東鎮鎮長選舉,首次申報,1111101,個人捐贈收入,吳進福,G12*******,10000.00,0.00,現金,1111101,,,金錢,宜蘭縣宜蘭市****,,,,,,,,,
111,黃適超,111年宜蘭縣羅東鎮鎮長選舉,首次申報,1111101,個人捐贈收入,林馮碧珠,G20*******,10000.00,0.00,現金,1111101,,,金錢,宜蘭縣羅東鎮****,,,,,,,,,
112,黃適超,111年宜蘭縣羅東鎮鎮長選舉,首次申報,1111101,個人捐贈收入,葉春佑,P12*******,100000.00,0.00,現金,1111101,,,金錢,雲林縣古坑鄉****,,,,,,,,,
113,黃適超,111年宜蘭縣羅東鎮鎮長選舉,首次申報,1111104,個人捐贈收入,黃婷鈺,,16000.00,0.00,現金,1111104,,,金錢,宜蘭縣羅東鎮****,,,,,,,,,
114,黃適超,111年宜蘭縣羅東鎮鎮長選舉,首次申報,1111104,個人捐贈收入,游國慶,,3000.00,0.00,現金,1111104,,,金錢,宜蘭縣五結鄉****,,,,,,,,,
115,黃適超,111年宜蘭縣羅東鎮鎮長選舉,首次申報,1111104,個人捐贈收入,耿芬,,30000.00,0.00,票據,1111104,,,金錢,宜蘭縣五結鄉****,,,,,,,,,
116,黃適超,111年宜蘭縣羅東鎮鎮長選舉,首次申報,1111104,個人捐贈收入,謝錦鎮,F12*******,30000.00,0.00,現金,1111104,,,金錢,新北市新店區****,0936*****,,,,,,,,
117,黃適超,111年宜蘭縣羅東鎮鎮長選舉,首次申報,1111104,個人捐贈收入,簡茂男,G10*******,100000.00,0.00,現金,1111104,,,金錢,新北市五股區****,,,,,,,,,
118,黃適超,111年宜蘭縣羅東鎮鎮長選舉,首次申報,1111104,個人捐贈收入,簡銘杉,G12*******,10000.00,0.00,現金,1111104,,,金錢,宜蘭縣宜蘭市****,,,,,,,,,
119,黃適超,111年宜蘭縣羅東鎮鎮長選舉,首次申報,1111107,人民團體捐贈收入,宜蘭縣總工會,,10000.00,0.00,現金,1111108,,,金錢,宜蘭市環河路****,9322*****,,,,,,,,
120,黃適超,111年宜蘭縣羅東鎮鎮長選舉,首次申報,1111107,營利事業捐贈收入,喬洲開發股份有限公司,40597700,50000.00,0.00,現金,1111107,,,金錢,宜蘭縣三星鄉****,,,,,,,,,
121,黃適超,111年宜蘭縣羅東鎮鎮長選舉,首次申報,1111107,營利事業捐贈收入,喜互惠股份有限公司,86622169,100000.00,0.00,現金,1111107,,,金錢,宜蘭縣員山鄉****,,,,,,,,,
122,黃適超,111年宜蘭縣羅東鎮鎮長選舉,首次申報,1111107,個人捐贈收入,鄭國忠,E10*******,20000.00,0.00,現金,1111107,,,金錢,臺北市中山區****,,,,,,,,,
123,黃適超,111年宜蘭縣羅東鎮鎮長選舉,首次申報,1111107,個人捐贈收入,廖學鈴,G10*******,30000.00,0.00,現金,1111107,,,金錢,宜蘭縣羅東鎮****,,,,,,,,,
124,黃適超,111年宜蘭縣羅東鎮鎮長選舉,首次申報,1111107,個人捐贈收入,游勝發,G12*******,20000.00,0.00,現金,1111107,,,金錢,宜蘭縣羅東鎮****,,,,,,,,,
125,黃適超,111年宜蘭縣羅東鎮鎮長選舉,首次申報,1111107,個人捐贈收入,卓武銳,G12*******,20000.00,0.00,現金,1111107,,,金錢,宜蘭縣冬山鄉****,,,,,,,,,
126,黃適超,111年宜蘭縣羅東鎮鎮長選舉,首次申報,1111107,個人捐贈收入,黃曉晴,G22*******,6000.00,0.00,現金,1111107,,,金錢,桃園市桃園區****,,,,,,,,,
127,黃適超,111年宜蘭縣羅東鎮鎮長選舉,首次申報,1111107,個人捐贈收入,吳玉雯,G22*******,3000.00,0.00,現金,1111107,,,金錢,宜蘭縣羅東鎮****,0955*****,,,,,,,,
128,黃適超,111年宜蘭縣羅東鎮鎮長選舉,首次申報,1111107,個人捐贈收入,黃寶誼,R22*******,20000.00,0.00,現金,1111107,,,金錢,宜蘭縣羅東鎮****,0913*****,,,,,,,,
129,黃適超,111年宜蘭縣羅東鎮鎮長選舉,首次申報,1111109,個人捐贈收入,藍張謙謙,N20*******,60000.00,0.00,現金,1111109,,,金錢,宜蘭縣五結鄉****,,,,,,,,,
130,黃適超,111年宜蘭縣羅東鎮鎮長選舉,首次申報,1111111,營利事業捐贈收入,金卯事業有限公司,28906575,30000.00,0.00,現金,1111111,已返還,,金錢,宜蘭縣五結鄉****,,,,,,,,,
131,黃適超,111年宜蘭縣羅東鎮鎮長選舉,首次申報,1111111,個人捐贈收入,陳昭榮,U12*******,50000.00,0.00,現金,1111111,,,金錢,臺北市內湖區****,,,,,,,,,
132,黃適超,111年宜蘭縣羅東鎮鎮長選舉,首次申報,1111115,個人捐贈收入,余宗漢,,10000.00,0.00,現金,1111115,,,金錢,宜蘭縣冬山鄉****,,,,,,,,,
133,黃適超,111年宜蘭縣羅東鎮鎮長選舉,首次申報,1111115,個人捐贈收入,張崐峯,,3000.00,0.00,現金,1111115,,,金錢,宜蘭縣羅東鎮****,,,,,,,,,
134,黃適超,111年宜蘭縣羅東鎮鎮長選舉,首次申報,1111115,個人捐贈收入,劉金章,,3000.00,0.00,現金,1111115,,,金錢,宜蘭縣羅東鎮****,,,,,,,,,
135,黃適超,111年宜蘭縣羅東鎮鎮長選舉,首次申報,1111115,營利事業捐贈收入,盛昌貨運有限公司,28103914,10000.00,0.00,現金,1111115,,,金錢,宜蘭縣五結鄉****,,,,,,,,,
136,黃適超,111年宜蘭縣羅東鎮鎮長選舉,首次申報,1111115,營利事業捐贈收入,暐唐建設有限公司,53860422,100000.00,0.00,現金,1111115,已返還,,金錢,宜蘭縣冬山鄉****,,,,,,,,,
137,黃適超,111年宜蘭縣羅東鎮鎮長選舉,首次申報,1111115,個人捐贈收入,吳添勝,F12*******,50000.00,0.00,現金,1111115,,,金錢,宜蘭縣五結鄉****,0919*****,,,,,,,,
138,黃適超,111年宜蘭縣羅東鎮鎮長選舉,首次申報,1111115,個人捐贈收入,吳冠緯,G12*******,20000.00,0.00,現金,1111115,,,金錢,宜蘭縣羅東鎮****,0975*****,,,,,,,,
139,黃適超,111年宜蘭縣羅東鎮鎮長選舉,首次申報,1111115,個人捐贈收入,陳金波,G12*******,20000.00,0.00,現金,1111115,,,金錢,宜蘭縣羅東鎮****,,,,,,,,,
140,黃適超,111年宜蘭縣羅東鎮鎮長選舉,首次申報,1111115,個人捐贈收入,簡鈺倫,G12*******,30000.00,0.00,現金,1111115,,,金錢,宜蘭縣冬山鄉****,,,,,,,,,
141,黃適超,111年宜蘭縣羅東鎮鎮長選舉,首次申報,1111115,個人捐贈收入,林棟良,G12*******,30000.00,0.00,現金,1111115,,,金錢,新北市樹林區****,,,,,,,,,
142,黃適超,111年宜蘭縣羅東鎮鎮長選舉,首次申報,1111115,個人捐贈收入,許毓珊,G22*******,36000.00,0.00,現金,1111115,,,金錢,宜蘭縣五結鄉****,,,,,,,,,
143,黃適超,111年宜蘭縣羅東鎮鎮長選舉,首次申報,1111115,個人捐贈收入,呂天祿,H10*******,50000.00,0.00,現金,1111115,,,金錢,宜蘭縣五結鄉****,0937*****,,,,,,,,
144,黃適超,111年宜蘭縣羅東鎮鎮長選舉,首次申報,1111116,個人捐贈收入,陳瑤玲,A22*******,100000.00,0.00,現金,1111116,,,金錢,宜蘭縣五結鄉****,,,,,,,,,
145,黃適超,111年宜蘭縣羅東鎮鎮長選舉,首次申報,1111116,個人捐贈收入,王接傳,G10*******,20000.00,0.00,現金,1111116,,,金錢,宜蘭縣五結鄉****,,,,,,,,,
146,黃適超,111年宜蘭縣羅東鎮鎮長選舉,首次申報,1111116,個人捐贈收入,楊錫惟,G12*******,10000.00,0.00,現金,1111116,,,金錢,宜蘭縣羅東鎮****,,,,,,,,,
147,黃適超,111年宜蘭縣羅東鎮鎮長選舉,首次申報,1111116,個人捐贈收入,胡嘉麟,G12*******,100000.00,0.00,現金,1111116,,,金錢,宜蘭縣羅東鎮****,,,,,,,,,
148,黃適超,111年宜蘭縣羅東鎮鎮長選舉,首次申報,1111117,個人捐贈收入,陳信仁,,10000.00,0.00,現金,1111117,,,金錢,宜蘭縣三星鄉****,,,,,,,,,
149,黃適超,111年宜蘭縣羅東鎮鎮長選舉,首次申報,1111117,營利事業捐贈收入,宜蘭餅食品有限公司,80059903,20000.00,0.00,現金,1111117,,,金錢,宜蘭縣羅東鎮****,,,,,,,,,
150,黃適超,111年宜蘭縣羅東鎮鎮長選舉,首次申報,1111117,個人捐贈收入,江宏銓,G12*******,10000.00,0.00,現金,1111117,,,金錢,宜蘭縣五結鄉****,,,,,,,,,
151,黃適超,111年宜蘭縣羅東鎮鎮長選舉,首次申報,1111117,個人捐贈收入,林毓秀,G22*******,12000.00,0.00,現金,1111117,,,金錢,宜蘭縣五結鄉****,,,,,,,,,
152,黃適超,111年宜蘭縣羅東鎮鎮長選舉,首次申報,1111117,個人捐贈收入,簡敏芳,G22*******,6000.00,0.00,現金,1111117,,,金錢,宜蘭縣壯圍鄉****,,,,,,,,,
153,黃適超,111年宜蘭縣羅東鎮鎮長選舉,首次申報,1111118,個人捐贈收入,陳惠婷,,20000.00,0.00,現金,1111118,,,金錢,臺北市中山區****,,,,,,,,,
154,黃適超,111年宜蘭縣羅東鎮鎮長選舉,首次申報,1111122,個人捐贈收入,林忠吉,,5000.00,0.00,現金,1111122,,,金錢,宜蘭縣五結鄉****,,,,,,,,,
155,黃適超,111年宜蘭縣羅東鎮鎮長選舉,首次申報,1111122,營利事業捐贈收入,安鼎股份有限公司,27658817,100000.00,0.00,現金,1111122,已返還,,金錢,宜蘭縣羅東鎮****,,,,,,,,,
156,黃適超,111年宜蘭縣羅東鎮鎮長選舉,首次申報,1111122,個人捐贈收入,陳金芳,G10*******,30000.00,0.00,現金,1111122,,,金錢,宜蘭縣羅東鎮****,,,,,,,,,
157,黃適超,111年宜蘭縣羅東鎮鎮長選舉,首次申報,1111122,個人捐贈收入,鄭正忠,G12*******,100000.00,0.00,現金,1111122,,,金錢,宜蘭縣羅東鎮****,,,,,,,,,
158,黃適超,111年宜蘭縣羅東鎮鎮長選舉,首次申報,1111122,個人捐贈收入,洪慶應,G12*******,20000.00,0.00,現金,1111122,,,金錢,宜蘭縣蘇澳鎮****,,,,,,,,,
159,黃適超,111年宜蘭縣羅東鎮鎮長選舉,首次申報,1111122,個人捐贈收入,黃貴蘭,G22*******,12000.00,0.00,現金,1111122,,,金錢,宜蘭縣羅東鎮****,,,,,,,,,
160,黃適超,111年宜蘭縣羅東鎮鎮長選舉,首次申報,1111122,個人捐贈收入,陳國賢,Y10*******,30000.00,0.00,現金,1111122,,,金錢,臺北市士林區****,,,,,,,,,
161,黃適超,111年宜蘭縣羅東鎮鎮長選舉,首次申報,1111123,個人捐贈收入,陳建富,G12*******,100000.00,0.00,現金,1111123,,,金錢,宜蘭縣羅東鎮****,,,,,,,,,
162,黃適超,111年宜蘭縣羅東鎮鎮長選舉,首次申報,1111125,個人捐贈收入,賴煥墉,,2000.00,0.00,現金,1111125,,,金錢,宜蘭縣羅東鎮****,,,,,,,,,
163,黃適超,111年宜蘭縣羅東鎮鎮長選舉,首次申報,1111125,個人捐贈收入,王鳳英,A22*******,30000.00,0.00,現金,1111125,,,金錢,宜蘭縣頭城鎮****,,,,,,,,,
164,黃適超,111年宜蘭縣羅東鎮鎮長選舉,首次申報,1111125,個人捐贈收入,林家漢,G12*******,100000.00,0.00,現金,1111125,,,金錢,宜蘭縣宜蘭市****,,,,,,,,,
165,黃適超,111年宜蘭縣羅東鎮鎮長選舉,首次申報,1111125,個人捐贈收入,吳春榮,G12*******,5000.00,0.00,現金,1111125,,,金錢,宜蘭縣宜蘭市****,,,,,,,,,
166,黃適超,111年宜蘭縣羅東鎮鎮長選舉,首次申報,1111125,個人捐贈收入,盧九太,G12*******,100000.00,0.00,現金,1111125,,,金錢,宜蘭縣五結鄉****,,,,,,,,,
167,黃適超,111年宜蘭縣羅東鎮鎮長選舉,首次申報,1111125,個人捐贈收入,張益禎,G12*******,100000.00,0.00,現金,1111125,,,金錢,宜蘭縣頭城鎮****,,,,,,,,,
168,黃適超,111年宜蘭縣羅東鎮鎮長選舉,首次申報,1111125,個人捐贈收入,黃俊奇,G12*******,20000.00,0.00,現金,1111125,,,金錢,宜蘭縣羅東鎮****,,,,,,,,,
169,黃適超,111年宜蘭縣羅東鎮鎮長選舉,首次申報,1111125,個人捐贈收入,吳阿碧,G20*******,10000.00,0.00,匯款,1111125,,,金錢,宜蘭縣壯圍鄉****,,,,,,,,,
170,黃適超,111年宜蘭縣羅東鎮鎮長選舉,首次申報,1111125,個人捐贈收入,黃秀玉,G22*******,100000.00,0.00,現金,1111125,,,金錢,宜蘭縣頭城鎮****,,,,,,,,,
171,黃適超,111年宜蘭縣羅東鎮鎮長選舉,首次申報,1111125,個人捐贈收入,盧衍太,M12*******,100000.00,0.00,現金,1111125,,,金錢,宜蘭縣五結鄉****,,,,,,,,,
172,黃適超,111年宜蘭縣羅東鎮鎮長選舉,首次申報,1111125,個人捐贈收入,吳厚德,N12*******,100000.00,0.00,現金,1111125,,,金錢,彰化縣溪湖鎮****,,,,,,,,,
173,黃適超,111年宜蘭縣羅東鎮鎮長選舉,首次申報,1111125,個人捐贈收入,黃鵬禧,U12*******,50000.00,0.00,現金,1111125,,,金錢,宜蘭縣宜蘭市****,,,,,,,,,
