﻿序號,擬參選人／政黨,選舉名稱,申報序號／年度,交易日期,收支科目,捐贈者／支出對象,身分證／統一編號,收入金額,支出金額,捐贈方式,存入專戶日期,返還/繳庫,支出用途,金錢類,地址,聯絡電話,應揭露之支出對象,支出對象之內部人員姓名,支出對象之內部人員職稱,政黨之內部人員姓名,政黨之內部人員職稱,關係,更正註記,資料更正日期
1,郭金雀,111年嘉義縣議員選舉,首次申報,1111006,個人捐贈收入,王春智,,10000.00,0.00,匯款,1111006,,,金錢,高雄市小港區****,,,,,,,,,
2,郭金雀,111年嘉義縣議員選舉,首次申報,1111006,個人捐贈收入,李瑤,,10000.00,0.00,匯款,1111006,,,金錢,高雄市小港區****,,,,,,,,,
3,郭金雀,111年嘉義縣議員選舉,首次申報,1111006,個人捐贈收入,詹大賓,,10000.00,0.00,匯款,1111006,,,金錢,高雄市小港區****,,,,,,,,,
4,郭金雀,111年嘉義縣議員選舉,首次申報,1111011,個人捐贈收入,王志宗,,10000.00,0.00,匯款,1111011,,,金錢,高雄市小港區****,,,,,,,,,
5,郭金雀,111年嘉義縣議員選舉,首次申報,1111011,個人捐贈收入,吳姿瑩,,10000.00,0.00,匯款,1111011,,,金錢,高雄市小港區****,,,,,,,,,
6,郭金雀,111年嘉義縣議員選舉,首次申報,1111011,個人捐贈收入,呂炳昆,,10000.00,0.00,匯款,1111011,,,金錢,高雄市小港區****,,,,,,,,,
7,郭金雀,111年嘉義縣議員選舉,首次申報,1111019,個人捐贈收入,郭振明,R12*******,30000.00,0.00,匯款,1111019,,,金錢,臺南市關廟區****,,,,,,,,,
8,郭金雀,111年嘉義縣議員選舉,首次申報,1111025,營利事業捐贈收入,力楊機電開發股份有限公司,85014997,100000.00,0.00,票據,1111103,,,金錢,臺北市吉林路****,,,,,,,,,
9,郭金雀,111年嘉義縣議員選舉,首次申報,1111123,個人捐贈收入,黃陳滿,D20*******,80000.00,0.00,匯款,1111123,,,金錢,高雄市鳳山區****,,,,,,,,,
10,郭金雀,111年嘉義縣議員選舉,首次申報,1111123,個人捐贈收入,黃江山,R10*******,80000.00,0.00,匯款,1111123,,,金錢,高雄市鳳山區****,,,,,,,,,
11,郭金雀,111年嘉義縣議員選舉,首次申報,1111123,個人捐贈收入,黃鴻遠,R12*******,90000.00,0.00,匯款,1111123,,,金錢,高雄市鳳山區****,,,,,,,,,
