﻿序號,擬參選人／政黨,選舉名稱,申報序號／年度,交易日期,收支科目,捐贈者／支出對象,身分證／統一編號,收入金額,支出金額,捐贈方式,存入專戶日期,返還/繳庫,支出用途,金錢類,地址,聯絡電話,應揭露之支出對象,支出對象之內部人員姓名,支出對象之內部人員職稱,政黨之內部人員姓名,政黨之內部人員職稱,關係,更正註記,資料更正日期
1,彭筆達,111年桃園市平鎮區平安里里長選舉,首次申報,1111123,個人捐贈收入,申章堂,,2000.00,0.00,現金,1111205,,,金錢,,03-4*****,,,,,,,,
2,彭筆達,111年桃園市平鎮區平安里里長選舉,首次申報,1111123,個人捐贈收入,李榮祥,,3000.00,0.00,現金,1111205,,,金錢,,03-4*****,,,,,,,,
3,彭筆達,111年桃園市平鎮區平安里里長選舉,首次申報,1111123,個人捐贈收入,黎春蘭,,2000.00,0.00,現金,1111205,,,金錢,,03-4*****,,,,,,,,
4,彭筆達,111年桃園市平鎮區平安里里長選舉,首次申報,1111123,個人捐贈收入,鍾銹茶,,6600.00,0.00,現金,1111205,,,金錢,,03-4*****,,,,,,,,
5,彭筆達,111年桃園市平鎮區平安里里長選舉,首次申報,1111123,個人捐贈收入,彭初發,,2000.00,0.00,現金,1111205,,,金錢,,03-4*****,,,,,,,,
6,彭筆達,111年桃園市平鎮區平安里里長選舉,首次申報,1111123,個人捐贈收入,李榮芳,,1200.00,0.00,現金,1111205,,,金錢,,03-4*****,,,,,,,,
7,彭筆達,111年桃園市平鎮區平安里里長選舉,首次申報,1111123,個人捐贈收入,温秀妹,,1000.00,0.00,現金,1111205,,,金錢,,03-4*****,,,,,,,,
8,彭筆達,111年桃園市平鎮區平安里里長選舉,首次申報,1111123,個人捐贈收入,何瑞寶,,2000.00,0.00,現金,1111205,,,金錢,,03-4*****,,,,,,,,
9,彭筆達,111年桃園市平鎮區平安里里長選舉,首次申報,1111123,個人捐贈收入,范建次,,2000.00,0.00,現金,1111205,,,金錢,,03-4*****,,,,,,,,
10,彭筆達,111年桃園市平鎮區平安里里長選舉,首次申報,1111123,個人捐贈收入,莊煥堂,,2600.00,0.00,現金,1111205,,,金錢,,03-4*****,,,,,,,,
11,彭筆達,111年桃園市平鎮區平安里里長選舉,首次申報,1111123,個人捐贈收入,王興郁,,1000.00,0.00,現金,1111205,,,金錢,,03-4*****,,,,,,,,
12,彭筆達,111年桃園市平鎮區平安里里長選舉,首次申報,1111123,個人捐贈收入,吳翠華,,3600.00,0.00,現金,1111205,,,金錢,,03-4*****,,,,,,,,
13,彭筆達,111年桃園市平鎮區平安里里長選舉,首次申報,1111123,個人捐贈收入,鍾金章,,1000.00,0.00,現金,1111205,,,金錢,,03-4*****,,,,,,,,
14,彭筆達,111年桃園市平鎮區平安里里長選舉,首次申報,1111123,個人捐贈收入,黃繼弘,,2000.00,0.00,現金,1111205,,,金錢,,03-4*****,,,,,,,,
15,彭筆達,111年桃園市平鎮區平安里里長選舉,首次申報,1111123,個人捐贈收入,陳育睿,,1000.00,0.00,現金,1111205,,,金錢,,03-4*****,,,,,,,,
16,彭筆達,111年桃園市平鎮區平安里里長選舉,首次申報,1111123,個人捐贈收入,楊范金鳳,,1000.00,0.00,現金,1111205,,,金錢,,03-4*****,,,,,,,,
17,彭筆達,111年桃園市平鎮區平安里里長選舉,首次申報,1111123,個人捐贈收入,涂有本,,3000.00,0.00,現金,1111205,,,金錢,,03-4*****,,,,,,,,
18,彭筆達,111年桃園市平鎮區平安里里長選舉,首次申報,1111123,個人捐贈收入,王興彬,,3600.00,0.00,現金,1111205,,,金錢,,0937*****,,,,,,,,
19,彭筆達,111年桃園市平鎮區平安里里長選舉,首次申報,1111123,個人捐贈收入,張金樑,,1000.00,0.00,現金,1111205,,,金錢,,03-4*****,,,,,,,,
20,彭筆達,111年桃園市平鎮區平安里里長選舉,首次申報,1111123,個人捐贈收入,邱炫明,,1000.00,0.00,現金,1111205,,,金錢,,03-4*****,,,,,,,,
21,彭筆達,111年桃園市平鎮區平安里里長選舉,首次申報,1111123,匿名捐贈,匿名,,1000.00,0.00,現金,1111205,,,金錢,,,,,,,,,,
22,彭筆達,111年桃園市平鎮區平安里里長選舉,首次申報,1111123,個人捐贈收入,許寶城,,1000.00,0.00,現金,1111205,,,金錢,,03-4*****,,,,,,,,
23,彭筆達,111年桃園市平鎮區平安里里長選舉,首次申報,1111123,個人捐贈收入,王富永,,2000.00,0.00,現金,1111205,,,金錢,,0910*****,,,,,,,,
24,彭筆達,111年桃園市平鎮區平安里里長選舉,首次申報,1111123,個人捐贈收入,鄧彩虹,,1000.00,0.00,現金,1111205,,,金錢,,03-4*****,,,,,,,,
25,彭筆達,111年桃園市平鎮區平安里里長選舉,首次申報,1111123,個人捐贈收入,廖運輝,,3000.00,0.00,現金,1111205,,,金錢,,0928*****,,,,,,,,
26,彭筆達,111年桃園市平鎮區平安里里長選舉,首次申報,1111123,個人捐贈收入,彭武安,,2000.00,0.00,現金,1111205,,,金錢,,03-4*****,,,,,,,,
27,彭筆達,111年桃園市平鎮區平安里里長選舉,首次申報,1111123,個人捐贈收入,許秀榮,,2000.00,0.00,現金,1111205,,,金錢,,03-4*****,,,,,,,,
28,彭筆達,111年桃園市平鎮區平安里里長選舉,首次申報,1111123,個人捐贈收入,王梁春妹,,2000.00,0.00,現金,1111205,,,金錢,,03-4*****,,,,,,,,
29,彭筆達,111年桃園市平鎮區平安里里長選舉,首次申報,1111123,個人捐贈收入,陳英源,,3000.00,0.00,現金,1111205,,,金錢,,03-4*****,,,,,,,,
30,彭筆達,111年桃園市平鎮區平安里里長選舉,首次申報,1111123,個人捐贈收入,蘇藍秀暖,,3000.00,0.00,現金,1111205,,,金錢,,03-4*****,,,,,,,,
31,彭筆達,111年桃園市平鎮區平安里里長選舉,首次申報,1111123,個人捐贈收入,陳瑞珠,,1000.00,0.00,現金,1111205,,,金錢,,03-4*****,,,,,,,,
32,彭筆達,111年桃園市平鎮區平安里里長選舉,首次申報,1111123,個人捐贈收入,鄒永僖,,1200.00,0.00,現金,1111205,,,金錢,,03-4*****,,,,,,,,
33,彭筆達,111年桃園市平鎮區平安里里長選舉,首次申報,1111123,個人捐贈收入,陳宗錡,,1000.00,0.00,現金,1111205,,,金錢,,03-4*****,,,,,,,,
34,彭筆達,111年桃園市平鎮區平安里里長選舉,首次申報,1111123,個人捐贈收入,陳文秀,,2000.00,0.00,現金,1111205,,,金錢,,03-4*****,,,,,,,,
35,彭筆達,111年桃園市平鎮區平安里里長選舉,首次申報,1111123,個人捐贈收入,古玉蘭,,2000.00,0.00,現金,1111205,,,金錢,,0963*****,,,,,,,,
36,彭筆達,111年桃園市平鎮區平安里里長選舉,首次申報,1111123,個人捐贈收入,邱創煥,,500.00,0.00,現金,1111205,,,金錢,,03-4*****,,,,,,,,
37,彭筆達,111年桃園市平鎮區平安里里長選舉,首次申報,1111123,個人捐贈收入,蘇漢儒,,1000.00,0.00,現金,1111205,,,金錢,,03-4*****,,,,,,,,
38,彭筆達,111年桃園市平鎮區平安里里長選舉,首次申報,1111123,營利事業捐贈收入,新松仁農產加工股份有限公司,28927348,5600.00,0.00,,,,,非金錢,桃園市楊梅區****,,,,,,,,,
39,彭筆達,111年桃園市平鎮區平安里里長選舉,首次申報,1111123,營利事業捐贈收入,常紘企業社,82258581,2000.00,0.00,現金,1111205,,,金錢,桃園市平鎮區****,,,,,,,,,
40,彭筆達,111年桃園市平鎮區平安里里長選舉,首次申報,1111123,營利事業捐贈收入,恩歆宇商行,91301075,2000.00,0.00,現金,1111205,,,金錢,,0933*****,,,,,,,,
