﻿序號,擬參選人／政黨,選舉名稱,申報序號／年度,交易日期,收支科目,捐贈者／支出對象,身分證／統一編號,收入金額,支出金額,支出用途,金錢類,地址,聯絡電話,資料更正日期
1,魏筠,107年直轄市議員選舉,首次申報,1070612,個人捐贈收入,鄭義和,A10*******,100000.00,0.00,,金錢,臺北市信義區****,0935*****,
2,魏筠,107年直轄市議員選舉,首次申報,1070613,匿名捐贈,匿名,,1.00,0.00,,金錢,,,
3,魏筠,107年直轄市議員選舉,首次申報,1070613,個人捐贈收入,陳冠名,A12*******,1000.00,0.00,,金錢,桃園市中壢區****,0937*****,
4,魏筠,107年直轄市議員選舉,首次申報,1070615,匿名捐贈,匿名,,500.00,0.00,,金錢,,,
5,魏筠,107年直轄市議員選舉,首次申報,1070619,個人捐贈收入,吳文瑞,H12*******,50000.00,0.00,,金錢,桃園市龍潭區****,0936*****,
6,魏筠,107年直轄市議員選舉,首次申報,1070620,個人捐贈收入,黃政增,H10*******,6000.00,0.00,,金錢,,0919*****,
7,魏筠,107年直轄市議員選舉,首次申報,1070620,個人捐贈收入,陳鄭權,H10*******,10000.00,0.00,,金錢,桃園市桃園區****,0939*****,
8,魏筠,107年直轄市議員選舉,首次申報,1070621,其他收入,利息收入,,2.00,0.00,,金錢,,,
9,魏筠,107年直轄市議員選舉,首次申報,1070623,個人捐贈收入,彭世斌,H12*******,1000.00,0.00,,金錢,桃園市中壢區****,0928*****,
10,魏筠,107年直轄市議員選舉,首次申報,1070625,個人捐贈收入,杜明臨,A12*******,100000.00,0.00,,金錢,新北市汐止區****,0919*****,
11,魏筠,107年直轄市議員選舉,首次申報,1070627,個人捐贈收入,李芳翰,H12*******,1000.00,0.00,,金錢,桃園市龍潭區****,0925*****,
12,魏筠,107年直轄市議員選舉,首次申報,1070704,營利事業捐贈收入,祥譽有限公司,45067011,20000.00,0.00,,金錢,桃園市中壢區****,,
13,魏筠,107年直轄市議員選舉,首次申報,1070712,個人捐贈收入,黃宗和,F10*******,100000.00,0.00,,金錢,新北市永和區****,0986*****,
14,魏筠,107年直轄市議員選舉,首次申報,1070712,個人捐贈收入,黃義敦,F12*******,100000.00,0.00,,金錢,新北市永和區****,0986*****,
15,魏筠,107年直轄市議員選舉,首次申報,1070716,個人捐贈收入,謝孟璋,Y12*******,100000.00,0.00,,金錢,臺北市中正區****,0936*****,
16,魏筠,107年直轄市議員選舉,首次申報,1070717,營利事業捐贈收入,小人國企業股份有限公司,07682557,300000.00,0.00,,金錢,桃園市龍潭區****,03-4*****,
17,魏筠,107年直轄市議員選舉,首次申報,1070801,個人捐贈收入,魏新道,U10*******,2000.00,0.00,,金錢,桃園市八德區****,0926*****,
18,魏筠,107年直轄市議員選舉,首次申報,1070802,個人捐贈收入,劉坤億,N12*******,100000.00,0.00,,金錢,桃園市大園區****,0920*****,
19,魏筠,107年直轄市議員選舉,首次申報,1070803,個人捐贈收入,陳培榮,Q12*******,500.00,0.00,,金錢,桃園市龍潭區****,03-4*****,
20,魏筠,107年直轄市議員選舉,首次申報,1070804,個人捐贈收入,葉雲開,H10*******,5000.00,0.00,,金錢,桃園市龍潭區****,0926*****,
21,魏筠,107年直轄市議員選舉,首次申報,1070804,個人捐贈收入,陳介程,Y12*******,10000.00,0.00,,金錢,桃園市龍潭區****,0937*****,
22,魏筠,107年直轄市議員選舉,首次申報,1070813,個人捐贈收入,溫光士,H10*******,5000.00,0.00,,金錢,桃園市龍潭區****,0919*****,
23,魏筠,107年直轄市議員選舉,首次申報,1070823,個人捐贈收入,黃富,H10*******,100000.00,0.00,,金錢,桃園市龍潭區****,0910*****,
24,魏筠,107年直轄市議員選舉,首次申報,1070830,個人捐贈收入,陳榮昌,N12*******,100000.00,0.00,,金錢,桃園市蘆竹區****,,
25,魏筠,107年直轄市議員選舉,首次申報,1070903,個人捐贈收入,魏廷善,A10*******,12000.00,0.00,,金錢,桃園市龍潭區****,03-4*****,
26,魏筠,107年直轄市議員選舉,首次申報,1070905,個人捐贈收入,魏釷沛,H12*******,100000.00,0.00,,金錢,桃園市平鎮區****,0933*****,
27,魏筠,107年直轄市議員選舉,首次申報,1070908,營利事業捐贈收入,自由倉儲股份有限公司,23089651,50000.00,0.00,,金錢,桃園市楊梅區****,03-4*****,
28,魏筠,107年直轄市議員選舉,首次申報,1070908,個人捐贈收入,黃女容,H20*******,10000.00,0.00,,金錢,桃園市中壢區****,0933*****,
29,魏筠,107年直轄市議員選舉,首次申報,1070910,營利事業捐贈收入,良邦建材有限公司,80223123,100000.00,0.00,,金錢,桃園市龍潭區****,03-4*****,
30,魏筠,107年直轄市議員選舉,首次申報,1070910,個人捐贈收入,林永慶,F12*******,1000.00,0.00,,金錢,新北市五股區****,0958*****,
31,魏筠,107年直轄市議員選舉,首次申報,1070910,個人捐贈收入,劉崑亮,N10*******,20000.00,0.00,,金錢,桃園市龍潭區****,0932*****,
32,魏筠,107年直轄市議員選舉,首次申報,1070911,個人捐贈收入,周德盈,A12*******,50000.00,0.00,,金錢,臺北市中正區****,03-4*****,
33,魏筠,107年直轄市議員選舉,首次申報,1070911,個人捐贈收入,趙永堂,A12*******,2000.00,0.00,,金錢,桃園市龍潭區****,03-4*****,
34,魏筠,107年直轄市議員選舉,首次申報,1070912,個人捐贈收入,翁慶容,H22*******,10000.00,0.00,,金錢,桃園市龍潭區****,0933*****,
35,魏筠,107年直轄市議員選舉,首次申報,1070912,個人捐贈收入,莊國輝,Q10*******,100000.00,0.00,,金錢,臺北市中山區****,02-2*****,
36,魏筠,107年直轄市議員選舉,首次申報,1070917,個人捐贈收入,鍾朝俊,H10*******,20000.00,0.00,,金錢,桃園市中壢區****,0933*****,
37,魏筠,107年直轄市議員選舉,首次申報,1070925,個人捐贈收入,陳宏正,A10*******,300000.00,0.00,,金錢,臺北市大安區****,02-2*****,
38,魏筠,107年直轄市議員選舉,首次申報,1070925,個人捐贈收入,呂學祺,H12*******,100000.00,0.00,,金錢,桃園市桃園區****,0960*****,
39,魏筠,107年直轄市議員選舉,首次申報,1070925,個人捐贈收入,魏道佳,H12*******,10000.00,0.00,,金錢,桃園市中壢區****,0972*****,
40,魏筠,107年直轄市議員選舉,首次申報,1070926,個人捐贈收入,魏新召,H10*******,30000.00,0.00,,金錢,桃園市龍潭區****,03-4*****,
41,魏筠,107年直轄市議員選舉,首次申報,1070926,個人捐贈收入,魏道誠,H12*******,30000.00,0.00,,金錢,桃園市龍潭區****,0927*****,
42,魏筠,107年直轄市議員選舉,首次申報,1070927,個人捐贈收入,許勝鈞,A10*******,5000.00,0.00,,金錢,桃園市龍潭區****,03-4*****,
43,魏筠,107年直轄市議員選舉,首次申報,1070927,個人捐贈收入,呂學萬,H12*******,100000.00,0.00,,金錢,桃園市蘆竹區****,0960*****,
44,魏筠,107年直轄市議員選舉,首次申報,1070927,個人捐贈收入,范佐超,H12*******,1200.00,0.00,,金錢,桃園市龍潭區****,0912*****,
45,魏筠,107年直轄市議員選舉,首次申報,1070928,個人捐贈收入,黃興漩,H10*******,60000.00,0.00,,金錢,桃園市龍潭區****,03-4*****,
46,魏筠,107年直轄市議員選舉,首次申報,1071001,個人捐贈收入,魏新明,H10*******,20000.00,0.00,,金錢,桃園市龍潭區****,03-4*****,
47,魏筠,107年直轄市議員選舉,首次申報,1071001,個人捐贈收入,魏新榮,H10*******,10000.00,0.00,,金錢,桃園市龍潭區****,0932*****,
48,魏筠,107年直轄市議員選舉,首次申報,1071001,個人捐贈收入,魏新源,K10*******,50000.00,0.00,,金錢,桃園市平鎮區****,02-2*****,
49,魏筠,107年直轄市議員選舉,首次申報,1071003,個人捐贈收入,魏新偉,Y12*******,6600.00,0.00,,金錢,臺北市信義區****,0936*****,
50,魏筠,107年直轄市議員選舉,首次申報,1071004,個人捐贈收入,王超群,P12*******,18000.00,0.00,,金錢,桃園市中壢區****,03-4*****,
51,魏筠,107年直轄市議員選舉,首次申報,1071005,個人捐贈收入,陳宏正,A10*******,100000.00,0.00,,金錢,臺北市大安區****,02-2*****,
52,魏筠,107年直轄市議員選舉,首次申報,1071008,個人捐贈收入,溫朝炎,H10*******,20000.00,0.00,,金錢,桃園市觀音區****,0921*****,
53,魏筠,107年直轄市議員選舉,首次申報,1071008,個人捐贈收入,魏新浮,H12*******,10000.00,0.00,,金錢,桃園市桃園區****,0912*****,
54,魏筠,107年直轄市議員選舉,首次申報,1071009,個人捐贈收入,張碧蓮,H20*******,5000.00,0.00,,金錢,桃園市平鎮區****,,
55,魏筠,107年直轄市議員選舉,首次申報,1071011,個人捐贈收入,陳志宜,A12*******,100000.00,0.00,,金錢,臺北市大安區****,02-2*****,
56,魏筠,107年直轄市議員選舉,首次申報,1071011,個人捐贈收入,葉伯陽,H12*******,10000.00,0.00,,金錢,桃園市中壢區****,0936*****,
57,魏筠,107年直轄市議員選舉,首次申報,1071015,營利事業捐贈收入,富澧興業有限公司,23158191,10000.00,0.00,,金錢,桃園市龍潭區****,03-4*****,
58,魏筠,107年直轄市議員選舉,首次申報,1071015,個人捐贈收入,楊鄧今華,H20*******,10000.00,0.00,,金錢,桃園市中壢區****,03-4*****,
59,魏筠,107年直轄市議員選舉,首次申報,1071016,個人捐贈收入,張至善,L12*******,5000.00,0.00,,金錢,桃園市龍潭區****,0932*****,
60,魏筠,107年直轄市議員選舉,首次申報,1071017,個人捐贈收入,黃柏蓉,N22*******,100000.00,0.00,,金錢,桃園市平鎮區****,0910*****,
61,魏筠,107年直轄市議員選舉,首次申報,1071017,個人捐贈收入,陳信銘,Q10*******,50000.00,0.00,,金錢,高雄市前鎮區****,0918*****,
62,魏筠,107年直轄市議員選舉,首次申報,1071018,匿名捐贈,匿名,,310.00,0.00,,金錢,,,
63,魏筠,107年直轄市議員選舉,首次申報,1071019,個人捐贈收入,鍾玉珍,H22*******,6000.00,0.00,,金錢,桃園市中壢區****,03-4*****,
64,魏筠,107年直轄市議員選舉,首次申報,1071023,個人捐贈收入,陳志廷,A12*******,100000.00,0.00,,金錢,臺北市大安區****,02-2*****,
65,魏筠,107年直轄市議員選舉,首次申報,1071024,個人捐贈收入,陳柏宇,H12*******,10000.00,0.00,,金錢,桃園市平鎮區****,0934*****,
66,魏筠,107年直轄市議員選舉,首次申報,1071026,個人捐贈收入,邱莊秀美,H22*******,20000.00,0.00,,金錢,桃園市大園區****,0905*****,
67,魏筠,107年直轄市議員選舉,首次申報,1071029,匿名捐贈,匿名,,6000.00,0.00,,金錢,,,
68,魏筠,107年直轄市議員選舉,首次申報,1071029,個人捐贈收入,陳慶土,H10*******,3000.00,0.00,,金錢,桃園市龍潭區****,,
69,魏筠,107年直轄市議員選舉,首次申報,1071029,個人捐贈收入,廖振瑚,H10*******,2000.00,0.00,,金錢,桃園市龍潭區****,,
70,魏筠,107年直轄市議員選舉,首次申報,1071029,個人捐贈收入,姜仁棠,H10*******,100.00,0.00,,金錢,桃園市龍潭區****,,
71,魏筠,107年直轄市議員選舉,首次申報,1071029,個人捐贈收入,魏道駿,H12*******,5000.00,0.00,,金錢,新北市新店區****,,
72,魏筠,107年直轄市議員選舉,首次申報,1071029,個人捐贈收入,楊仕鉦,H12*******,1000.00,0.00,,金錢,桃園市龍潭區****,,
73,魏筠,107年直轄市議員選舉,首次申報,1071029,個人捐贈收入,黃俊才,H12*******,2000.00,0.00,,金錢,桃園市龍潭區****,,
74,魏筠,107年直轄市議員選舉,首次申報,1071029,個人捐贈收入,陳培榮,Q12*******,200.00,0.00,,金錢,桃園市龍潭區****,,
75,魏筠,107年直轄市議員選舉,首次申報,1071030,營利事業捐贈收入,原林環保有限公司,42591962,20000.00,0.00,,金錢,桃園市中壢區****,,
76,魏筠,107年直轄市議員選舉,首次申報,1071031,營利事業捐贈收入,五惠食品廠股份有限公司,43672793,30000.00,0.00,,金錢,桃園市龍潭區****,03-4*****,
77,魏筠,107年直轄市議員選舉,首次申報,1071101,個人捐贈收入,黃新城,H12*******,100000.00,0.00,,金錢,桃園市中壢區****,03-4*****,
78,魏筠,107年直轄市議員選舉,首次申報,1071102,營利事業捐贈收入,康郡開發股份有限公司,45000976,300000.00,0.00,,金錢,新北市鶯歌區****,0928*****,
79,魏筠,107年直轄市議員選舉,首次申報,1071102,個人捐贈收入,謝碧麗,G22*******,100000.00,0.00,,金錢,桃園市龍潭區****,03-4*****,
80,魏筠,107年直轄市議員選舉,首次申報,1071105,營利事業捐贈收入,寶聚新能源科技有限公司,45091119,50000.00,0.00,,金錢,桃園市新屋區****,0933*****,
81,魏筠,107年直轄市議員選舉,首次申報,1071105,個人捐贈收入,鄭麗華,A20*******,10000.00,0.00,,金錢,桃園市新屋區****,0935*****,
82,魏筠,107年直轄市議員選舉,首次申報,1071107,個人捐贈收入,江雯莉,H20*******,20000.00,0.00,,金錢,桃園市龍潭區****,03-4*****,
83,魏筠,107年直轄市議員選舉,首次申報,1071112,營利事業捐贈收入,廣至股份有限公司,22120583,10000.00,0.00,,金錢,桃園市龍潭區****,0931*****,
84,魏筠,107年直轄市議員選舉,首次申報,1071112,營利事業捐贈收入,泳昇機械股份有限公司,44402468,10000.00,0.00,,金錢,桃園市大溪區****,0983*****,
85,魏筠,107年直轄市議員選舉,首次申報,1071112,個人捐贈收入,謝和宇,H12*******,25000.00,0.00,,金錢,桃園市龍潭區****,0921*****,
86,魏筠,107年直轄市議員選舉,首次申報,1071112,個人捐贈收入,謝和智,H12*******,25000.00,0.00,,金錢,桃園市龍潭區****,0921*****,
87,魏筠,107年直轄市議員選舉,首次申報,1071112,個人捐贈收入,蔡邱雪雲,H20*******,6000.00,0.00,,金錢,桃園市龍潭區****,03-4*****,
88,魏筠,107年直轄市議員選舉,首次申報,1071112,個人捐贈收入,蔡明錡,H22*******,5000.00,0.00,,金錢,桃園市龍潭區****,03-4*****,
89,魏筠,107年直轄市議員選舉,首次申報,1071114,人民團體捐贈收入,桃園縣牙醫師公會,,30000.00,0.00,,金錢,桃園縣中壢市****,03-4*****,
90,魏筠,107年直轄市議員選舉,首次申報,1071114,個人捐贈收入,林正欽,A12*******,20000.00,0.00,,金錢,桃園市中壢區****,0932*****,
91,魏筠,107年直轄市議員選舉,首次申報,1071114,個人捐贈收入,黃兆永,H12*******,20000.00,0.00,,金錢,桃園市中壢區****,0938*****,
92,魏筠,107年直轄市議員選舉,首次申報,1071115,營利事業捐贈收入,台全電機股份有限公司,11824327,50000.00,0.00,,金錢,臺北市松山區****,0932*****,
93,魏筠,107年直轄市議員選舉,首次申報,1071115,營利事業捐贈收入,生揚化工原料股份有限公司,16275530,10000.00,0.00,,金錢,桃園市龍潭區****,0933*****,
94,魏筠,107年直轄市議員選舉,首次申報,1071115,營利事業捐贈收入,承申營造工程有限公司,70353168,12000.00,0.00,,金錢,臺北市內湖區****,0919*****,
95,魏筠,107年直轄市議員選舉,首次申報,1071115,個人捐贈收入,吳采緹,F22*******,30000.00,0.00,,金錢,桃園市龜山區****,0922*****,
96,魏筠,107年直轄市議員選舉,首次申報,1071115,個人捐贈收入,宋雲堅,H12*******,20000.00,0.00,,金錢,臺北市大安區****,0955*****,
97,魏筠,107年直轄市議員選舉,首次申報,1071116,營利事業捐贈收入,台全金屬股份有限公司,14000488,50000.00,0.00,,金錢,臺北市松山區****,0932*****,
98,魏筠,107年直轄市議員選舉,首次申報,1071116,個人捐贈收入,張順來,P10*******,10000.00,0.00,,金錢,桃園市龍潭區****,0910*****,
99,魏筠,107年直轄市議員選舉,首次申報,1071117,個人捐贈收入,魏傅玉靜,H20*******,30000.00,0.00,,金錢,桃園市楊梅區****,03-4*****,
100,魏筠,107年直轄市議員選舉,首次申報,1071118,個人捐贈收入,彭新澍,H12*******,5000.00,0.00,,金錢,桃園市楊梅區****,0919*****,
101,魏筠,107年直轄市議員選舉,首次申報,1071119,營利事業捐贈收入,上禾林室內設計有限公司,69555412,100000.00,0.00,,金錢,桃園市桃園區****,03-3*****,
102,魏筠,107年直轄市議員選舉,首次申報,1071119,營利事業捐贈收入,道霖有限公司,80006358,30000.00,0.00,,金錢,桃園市龍潭區****,0916*****,
103,魏筠,107年直轄市議員選舉,首次申報,1071119,個人捐贈收入,楊智安,H12*******,100000.00,0.00,,金錢,臺北市中正區****,0922*****,
104,魏筠,107年直轄市議員選舉,首次申報,1071119,個人捐贈收入,潘智雄,J10*******,3000.00,0.00,,金錢,桃園市龍潭區****,0987*****,
105,魏筠,107年直轄市議員選舉,首次申報,1071121,個人捐贈收入,曾盛宗,H12*******,20000.00,0.00,,金錢,桃園市平鎮區****,0932*****,
106,魏筠,107年直轄市議員選舉,首次申報,1071122,個人捐贈收入,林浩健,H12*******,10000.00,0.00,,金錢,桃園市中壢區****,0921*****,
