﻿序號,擬參選人／政黨,選舉名稱,申報序號／年度,交易日期,收支科目,捐贈者／支出對象,身分證／統一編號,收入金額,支出金額,支出用途,金錢類,地址,聯絡電話,資料更正日期
1,張永和,107年村(里)長選舉,首次申報,1070827,雜支支出,高雄市三民區公所,76000108,0.00,50000.00,選舉保證金費（未退回保證金者得以報支）,金錢,高雄市三民區****,07-3*****,
2,張永和,107年村(里)長選舉,首次申報,1070926,雜支支出,益豐化工廠股份有限公司,38077507,0.00,1000.00,雜項購置或修繕費用,金錢,新北市新店區****,,
3,張永和,107年村(里)長選舉,首次申報,1071008,雜支支出,台灣電力公司,,0.00,2244.00,水電瓦斯費用,金錢,高雄市三民區****,,
4,張永和,107年村(里)長選舉,首次申報,1071012,宣傳支出,名佑實業社,,0.00,875.00,郵寄競選物品或宣傳廣告支出,金錢,高雄市前鎮區****,3226*****,
5,張永和,107年村(里)長選舉,首次申報,1071013,雜支支出,台灣自來水有限公司,,0.00,734.00,水電瓦斯費用,金錢,高雄市三民區****,,
6,張永和,107年村(里)長選舉,首次申報,1071025,雜支支出,現代手作坊,45801596,0.00,1200.00,雜項購置或修繕費用,金錢,彰化縣彰安里****,7228*****,
7,張永和,107年村(里)長選舉,首次申報,1071026,宣傳支出,名佑實業社,98723424,0.00,700.00,郵寄競選物品或宣傳廣告支出,金錢,高雄市前鎮區****,3226*****,
8,張永和,107年村(里)長選舉,首次申報,1071108,宣傳支出,名佑實業社,98723424,0.00,630.00,郵寄競選物品或宣傳廣告支出,金錢,高雄市前鎮區****,3226*****,
9,張永和,107年村(里)長選舉,首次申報,1071117,集會支出,陸戰企業社,41295611,0.00,12000.00,舞臺車,金錢,高雄市楠梓區****,,
10,張永和,107年村(里)長選舉,首次申報,1071206,雜支支出,台灣電力公司,,0.00,1703.00,水電瓦斯費用,金錢,高雄市三民區****,,
11,張永和,107年村(里)長選舉,首次申報,1071213,雜支支出,台灣自來水有限公司,,0.00,776.00,水電瓦斯費用,金錢,高雄市三民區****,,
12,張永和,107年村(里)長選舉,首次申報,1071223,集會支出,寒軒美饌會館股份有限公司,24517977,0.00,29600.00,餐飲支出,金錢,高雄市三民區****,07-3*****,
