﻿序號,擬參選人／政黨,選舉名稱,申報序號／年度,交易日期,收支科目,捐贈者／支出對象,身分證／統一編號,收入金額,支出金額,捐贈方式,存入專戶日期,返還/繳庫,支出用途,金錢類,地址,聯絡電話,應揭露之支出對象,支出對象之內部人員姓名,支出對象之內部人員職稱,政黨之內部人員姓名,政黨之內部人員職稱,關係,更正註記,資料更正日期
1,李芳儒,111年臺北市議員選舉,首次申報,1110913,營利事業捐贈收入,海得電子股份有限公司,69924577,20000.00,0.00,匯款,1110913,,,金錢,臺南市南區仁****,06-2*****,,,,,,,,
2,李芳儒,111年臺北市議員選舉,首次申報,1110923,營利事業捐贈收入,基泰建設股份有限公司,12251662,100000.00,0.00,匯款,1110923,,,金錢,衡陽路號樓****,0223*****,,,,,,,,
3,李芳儒,111年臺北市議員選舉,首次申報,1110923,個人捐贈收入,魏爾彰,A12*******,50000.00,0.00,匯款,1110923,,,金錢,臺北市南港區****,0910*****,,,,,,,,
4,李芳儒,111年臺北市議員選舉,首次申報,1110930,個人捐贈收入,鄭立中,F12*******,20000.00,0.00,匯款,1110930,,,金錢,新北市三重區****,,,,,,,,,
5,李芳儒,111年臺北市議員選舉,首次申報,1111002,個人捐贈收入,萬俊顯,U12*******,10000.00,0.00,匯款,1111002,,,金錢,臺北市文山區****,0937*****,,,,,,,,
6,李芳儒,111年臺北市議員選舉,首次申報,1111003,個人捐贈收入,蔡麗淑,A22*******,6000.00,0.00,匯款,1111003,,,金錢,臺北市萬華區****,,,,,,,,,
7,李芳儒,111年臺北市議員選舉,首次申報,1111012,營利事業捐贈收入,富業實業股份有限公司,16865970,100000.00,0.00,票據,1111012,,,金錢,新北市三重區****,02-2*****,,,,,,,,
8,李芳儒,111年臺北市議員選舉,首次申報,1111019,個人捐贈收入,周惠民,V12*******,10000.00,0.00,匯款,1111019,,,金錢,新北市新莊區****,0930*****,,,,,,,,
9,李芳儒,111年臺北市議員選舉,首次申報,1111021,營利事業捐贈收入,森騰營造股份有限公司,53503179,200000.00,0.00,匯款,1111021,已返還,,金錢,臺北市北投區****,(02)*****,,,,,,,,
10,李芳儒,111年臺北市議員選舉,首次申報,1111024,個人捐贈收入,謝新啟,,20000.00,0.00,匯款,1111024,,,金錢,臺北市士林區****,0939*****,,,,,,,,
11,李芳儒,111年臺北市議員選舉,首次申報,1111104,個人捐贈收入,黃昭條,A10*******,5000.00,0.00,匯款,1111104,,,金錢,臺北市南港區****,0286*****,,,,,,,,
12,李芳儒,111年臺北市議員選舉,首次申報,1111105,個人捐贈收入,黃志榮,,30000.00,0.00,匯款,1111105,,,金錢,,0915*****,,,,,,,,
13,李芳儒,111年臺北市議員選舉,首次申報,1111105,個人捐贈收入,杜悟隆,U10*******,8888.00,0.00,匯款,1111105,,,金錢,臺北市南港區****,0227*****,,,,,,,,
14,李芳儒,111年臺北市議員選舉,首次申報,1111107,個人捐贈收入,蔡永清,,5000.00,0.00,匯款,1111107,,,金錢,,0968*****,,,,,,,,
15,李芳儒,111年臺北市議員選舉,首次申報,1111221,其他收入,利息收入,,122.00,0.00,匯款,1111221,,,金錢,,,,,,,,,,
