﻿序號,擬參選人／政黨,選舉名稱,申報序號／年度,交易日期,收支科目,捐贈者／支出對象,身分證／統一編號,收入金額,支出金額,支出用途,金錢類,地址,聯絡電話,資料更正日期
1,何淑峯,107年直轄市議員選舉,首次申報,1070703,個人捐贈收入,邱秋林,D10*******,50000.00,0.00,,金錢,新北市新店區****,,
2,何淑峯,107年直轄市議員選舉,首次申報,1070726,個人捐贈收入,呂世喜,K12*******,100000.00,0.00,,金錢,新北市永和區****,,
3,何淑峯,107年直轄市議員選舉,首次申報,1070803,個人捐贈收入,簡雯玲,F22*******,100000.00,0.00,,金錢,新北市新莊區****,0920*****,
4,何淑峯,107年直轄市議員選舉,首次申報,1070803,個人捐贈收入,林中藝,L10*******,10000.00,0.00,,金錢,新北市新莊區****,0915*****,
5,何淑峯,107年直轄市議員選舉,首次申報,1070803,個人捐贈收入,楊渝慶,Q12*******,30000.00,0.00,,金錢,新北市泰山區****,0936*****,
6,何淑峯,107年直轄市議員選舉,首次申報,1070803,個人捐贈收入,何健源,Q12*******,30000.00,0.00,,金錢,新北市林口區****,0932*****,
7,何淑峯,107年直轄市議員選舉,首次申報,1070807,個人捐贈收入,林東佑,B12*******,30000.00,0.00,,金錢,新北市新莊區****,0933*****,
8,何淑峯,107年直轄市議員選舉,首次申報,1070813,個人捐贈收入,柳文能,F12*******,50000.00,0.00,,金錢,新北市中和區****,0939*****,
9,何淑峯,107年直轄市議員選舉,首次申報,1070814,個人捐贈收入,何竹山,Q12*******,50000.00,0.00,,金錢,新北市五股區****,2293*****,
10,何淑峯,107年直轄市議員選舉,首次申報,1070817,個人捐贈收入,李文彤,A10*******,50000.00,0.00,,金錢,新北市新莊區****,2903*****,
11,何淑峯,107年直轄市議員選舉,首次申報,1070823,個人捐贈收入,蔡崴丞,N12*******,40000.00,0.00,,金錢,新北市泰山區****,0981*****,
12,何淑峯,107年直轄市議員選舉,首次申報,1070823,個人捐贈收入,簡鴻鉗,P10*******,100000.00,0.00,,金錢,新北市泰山區****,0988*****,
13,何淑峯,107年直轄市議員選舉,首次申報,1070823,個人捐贈收入,吳雙霖,P12*******,50000.00,0.00,,金錢,新北市三重區****,0937*****,
14,何淑峯,107年直轄市議員選舉,首次申報,1070823,個人捐贈收入,王家琪,Q22*******,20000.00,0.00,,金錢,新北市新莊區****,2992*****,
15,何淑峯,107年直轄市議員選舉,首次申報,1070827,個人捐贈收入,章東恕,C12*******,10000.00,0.00,,金錢,新北市新莊區****,2902*****,
16,何淑峯,107年直轄市議員選舉,首次申報,1070827,個人捐贈收入,簡石成,Q10*******,10000.00,0.00,,金錢,新北市新莊區****,0963*****,
17,何淑峯,107年直轄市議員選舉,首次申報,1070827,個人捐贈收入,何俊明,Q10*******,10000.00,0.00,,金錢,新北市新店區****,0936*****,
18,何淑峯,107年直轄市議員選舉,首次申報,1070827,個人捐贈收入,邱慶福,Q12*******,10000.00,0.00,,金錢,新北市新莊區****,2901*****,
19,何淑峯,107年直轄市議員選舉,首次申報,1070827,個人捐贈收入,郭永宗,Q12*******,20000.00,0.00,,金錢,臺北市內湖區****,2523*****,
20,何淑峯,107年直轄市議員選舉,首次申報,1070827,個人捐贈收入,陳霖松,Q12*******,10000.00,0.00,,金錢,新北市新莊區****,0928*****,
21,何淑峯,107年直轄市議員選舉,首次申報,1070827,個人捐贈收入,賴春足,Q22*******,10000.00,0.00,,金錢,新北市新莊區****,,
22,何淑峯,107年直轄市議員選舉,首次申報,1070828,個人捐贈收入,陳建均,E12*******,50000.00,0.00,,金錢,桃園市龜山區****,0933*****,
23,何淑峯,107年直轄市議員選舉,首次申報,1070828,個人捐贈收入,葉榮欽,N12*******,100000.00,0.00,,金錢,新北市新莊區****,0939*****,
24,何淑峯,107年直轄市議員選舉,首次申報,1070831,營利事業捐贈收入,偉凱機電工程有限公司,36055041,10000.00,0.00,,金錢,新北市五股區****,2294*****,
25,何淑峯,107年直轄市議員選舉,首次申報,1070831,營利事業捐贈收入,禾啟股份有限公司,80444667,10000.00,0.00,,金錢,新北市五股區****,2299*****,
26,何淑峯,107年直轄市議員選舉,首次申報,1070831,個人捐贈收入,張春和,F12*******,50000.00,0.00,,金錢,新北市樹林區****,0928*****,
27,何淑峯,107年直轄市議員選舉,首次申報,1070903,人民團體捐贈收入,新北市新莊區綠家園推廣協會,,20000.00,0.00,,金錢,新北市新莊區****,2993*****,
28,何淑峯,107年直轄市議員選舉,首次申報,1070903,營利事業捐贈收入,聚實建設有限公司,42565388,100000.00,0.00,,金錢,桃園市桃園區****,03-3*****,
29,何淑峯,107年直轄市議員選舉,首次申報,1070907,個人捐贈收入,陳振謙,,10000.00,0.00,,金錢,新北市新莊區****,,
30,何淑峯,107年直轄市議員選舉,首次申報,1070907,營利事業捐贈收入,力鑫橡膠實業廠,18071224,10000.00,0.00,,金錢,新北市新莊區****,,
31,何淑峯,107年直轄市議員選舉,首次申報,1070907,營利事業捐贈收入,山樺塑膠股份有限公司,22915936,10000.00,0.00,,金錢,新北市新莊區****,,
32,何淑峯,107年直轄市議員選舉,首次申報,1070907,營利事業捐贈收入,鴻緯精密工業股份有限公司,86421156,10000.00,0.00,,金錢,新北市新莊區****,,
33,何淑峯,107年直轄市議員選舉,首次申報,1070908,個人捐贈收入,周朝陽,A10*******,100000.00,0.00,,非金錢,新北市板橋區****,0932*****,
34,何淑峯,107年直轄市議員選舉,首次申報,1070910,個人捐贈收入,鍾平,,20000.00,0.00,,金錢,新北市新莊區****,,
35,何淑峯,107年直轄市議員選舉,首次申報,1070910,個人捐贈收入,陳韋名,A12*******,100000.00,0.00,,金錢,桃園市中壢區****,,
36,何淑峯,107年直轄市議員選舉,首次申報,1070910,個人捐贈收入,歐明郎,F12*******,30000.00,0.00,,金錢,新北市新莊區****,,
37,何淑峯,107年直轄市議員選舉,首次申報,1070911,個人捐贈收入,張宏尉,A12*******,100000.00,0.00,,金錢,新北市新莊區****,,
38,何淑峯,107年直轄市議員選舉,首次申報,1070911,個人捐贈收入,施春成,Q12*******,50000.00,0.00,,金錢,新北市五股區****,,
39,何淑峯,107年直轄市議員選舉,首次申報,1070911,個人捐贈收入,陳田蓉,Q22*******,50000.00,0.00,,金錢,新北市五股區****,,
40,何淑峯,107年直轄市議員選舉,首次申報,1070914,營利事業捐贈收入,卓揚五金股份有限公司,22887039,100000.00,0.00,,金錢,新北市新莊區****,,
41,何淑峯,107年直轄市議員選舉,首次申報,1070914,個人捐贈收入,謝官翰,A12*******,100000.00,0.00,,金錢,新北市三重區****,,
42,何淑峯,107年直轄市議員選舉,首次申報,1070914,個人捐贈收入,邱建銘,D12*******,100000.00,0.00,,金錢,新北市三重區****,,
43,何淑峯,107年直轄市議員選舉,首次申報,1070914,個人捐贈收入,游儲宇,F12*******,100000.00,0.00,,金錢,新北市三重區****,,
44,何淑峯,107年直轄市議員選舉,首次申報,1070914,個人捐贈收入,陳俊男,P12*******,30000.00,0.00,,金錢,新北市泰山區****,,
45,何淑峯,107年直轄市議員選舉,首次申報,1070914,個人捐贈收入,吳聰賢,P12*******,100000.00,0.00,,金錢,新北市三重區****,,
46,何淑峯,107年直轄市議員選舉,首次申報,1070914,個人捐贈收入,林美慧,V22*******,100000.00,0.00,,金錢,新北市三重區****,,
47,何淑峯,107年直轄市議員選舉,首次申報,1070917,個人捐贈收入,黃正中,,10000.00,0.00,,金錢,新北市新莊區****,,
48,何淑峯,107年直轄市議員選舉,首次申報,1070917,個人捐贈收入,楊進貴,,30000.00,0.00,,金錢,新北市新莊區****,,
49,何淑峯,107年直轄市議員選舉,首次申報,1070917,個人捐贈收入,江隆昌,,30000.00,0.00,,金錢,新北市新莊區****,,
50,何淑峯,107年直轄市議員選舉,首次申報,1070917,個人捐贈收入,陳金憲,,10000.00,0.00,,金錢,新北市泰山區****,,
51,何淑峯,107年直轄市議員選舉,首次申報,1070917,個人捐贈收入,林燦忠,,10000.00,0.00,,金錢,新北市新莊區****,,
52,何淑峯,107年直轄市議員選舉,首次申報,1070917,個人捐贈收入,陳貴玉,,10000.00,0.00,,金錢,新北市新莊區****,,
53,何淑峯,107年直轄市議員選舉,首次申報,1070917,個人捐贈收入,林中崙,,20000.00,0.00,,金錢,新北市中和區****,,
54,何淑峯,107年直轄市議員選舉,首次申報,1070917,個人捐贈收入,張湘慈,,10000.00,0.00,,金錢,新北市新莊區****,,
55,何淑峯,107年直轄市議員選舉,首次申報,1070917,個人捐贈收入,劉東懋,,10000.00,0.00,,金錢,新北市樹林區****,,
56,何淑峯,107年直轄市議員選舉,首次申報,1070917,營利事業捐贈收入,祥泰超硬金屬有限公司,34048670,50000.00,0.00,,金錢,新北市新莊區****,,
57,何淑峯,107年直轄市議員選舉,首次申報,1070917,個人捐贈收入,吳侑勳,A12*******,100000.00,0.00,,金錢,臺北市士林區****,,
58,何淑峯,107年直轄市議員選舉,首次申報,1070917,個人捐贈收入,陳清文,Q10*******,100000.00,0.00,,金錢,新北市板橋區****,,
59,何淑峯,107年直轄市議員選舉,首次申報,1070917,個人捐贈收入,王振明,Q12*******,10000.00,0.00,,金錢,,,
60,何淑峯,107年直轄市議員選舉,首次申報,1070918,個人捐贈收入,許勝峰,A12*******,100000.00,0.00,,金錢,新北市三重區****,2999*****,
61,何淑峯,107年直轄市議員選舉,首次申報,1070918,個人捐贈收入,謝秉倫,A12*******,50000.00,0.00,,金錢,新北市淡水區****,,
62,何淑峯,107年直轄市議員選舉,首次申報,1070918,個人捐贈收入,黃敏強,F12*******,50000.00,0.00,,金錢,新北市淡水區****,,
63,何淑峯,107年直轄市議員選舉,首次申報,1070919,個人捐贈收入,蕭家財,,10000.00,0.00,,金錢,新北市泰山區****,,
64,何淑峯,107年直轄市議員選舉,首次申報,1070919,個人捐贈收入,黃卉嫻,,12000.00,0.00,,金錢,新北市三重區****,,
65,何淑峯,107年直轄市議員選舉,首次申報,1070919,個人捐贈收入,周天給,,10000.00,0.00,,金錢,新北市新莊區****,,
66,何淑峯,107年直轄市議員選舉,首次申報,1070919,營利事業捐贈收入,華昱精密科技有限公司,24421874,30000.00,0.00,,金錢,新北市新莊區****,2206*****,
67,何淑峯,107年直轄市議員選舉,首次申報,1070919,營利事業捐贈收入,吉泰建築開發有限公司,27514489,100000.00,0.00,,金錢,新北市板橋區****,,
68,何淑峯,107年直轄市議員選舉,首次申報,1070919,個人捐贈收入,徐龍兒,F12*******,10000.00,0.00,,金錢,新北市新莊區****,,
69,何淑峯,107年直轄市議員選舉,首次申報,1070919,個人捐贈收入,陳莉羚,G22*******,30000.00,0.00,,非金錢,,,
70,何淑峯,107年直轄市議員選舉,首次申報,1070919,個人捐贈收入,藍琦傑,H10*******,10000.00,0.00,,金錢,新北市泰山區****,,
71,何淑峯,107年直轄市議員選舉,首次申報,1070919,個人捐贈收入,陳明堂,Q10*******,50000.00,0.00,,金錢,新北市新莊區****,2206*****,
72,何淑峯,107年直轄市議員選舉,首次申報,1070920,營利事業捐贈收入,萬安國際保全股份有限公司,53506268,30000.00,0.00,,金錢,新北市新莊區****,,
73,何淑峯,107年直轄市議員選舉,首次申報,1070925,個人捐贈收入,何茂宏,,10000.00,0.00,,金錢,新北市泰山區****,,
74,何淑峯,107年直轄市議員選舉,首次申報,1070925,個人捐贈收入,許絨絨,,20000.00,0.00,,金錢,新北市樹林區****,,
75,何淑峯,107年直轄市議員選舉,首次申報,1070925,個人捐贈收入,羅淑玲,,10000.00,0.00,,金錢,新北市新莊區****,2996*****,
76,何淑峯,107年直轄市議員選舉,首次申報,1070925,個人捐贈收入,邱啟照,,20000.00,0.00,,金錢,新北市新莊區****,2276*****,
77,何淑峯,107年直轄市議員選舉,首次申報,1070925,個人捐贈收入,羅淑玲,,10000.00,0.00,,金錢,新北市新莊區****,,
78,何淑峯,107年直轄市議員選舉,首次申報,1070928,營利事業捐贈收入,力揚紙業股份有限公司,34461728,300000.00,0.00,,金錢,新北市五股區****,,
79,何淑峯,107年直轄市議員選舉,首次申報,1071001,個人捐贈收入,蔡惠鈴,F22*******,20000.00,0.00,,非金錢,新北市新莊區****,,
80,何淑峯,107年直轄市議員選舉,首次申報,1071001,個人捐贈收入,李孟穎,P12*******,20000.00,0.00,,非金錢,新北市新莊區****,,
81,何淑峯,107年直轄市議員選舉,首次申報,1071003,個人捐贈收入,陳金隆,F10*******,20000.00,0.00,,金錢,新北市新莊區****,,
82,何淑峯,107年直轄市議員選舉,首次申報,1071005,個人捐贈收入,林秀姿,F22*******,20000.00,0.00,,非金錢,新北市新莊區****,,
83,何淑峯,107年直轄市議員選舉,首次申報,1071009,個人捐贈收入,陳莉羚,G22*******,20000.00,0.00,,非金錢,,,
84,何淑峯,107年直轄市議員選舉,首次申報,1071009,個人捐贈收入,李鳴燿,P12*******,20000.00,0.00,,非金錢,新北市新莊區****,,
85,何淑峯,107年直轄市議員選舉,首次申報,1071015,個人捐贈收入,高維偵,A22*******,20000.00,0.00,,非金錢,臺北市士林區****,,
86,何淑峯,107年直轄市議員選舉,首次申報,1071016,營利事業捐贈收入,弘華企業股份有限公司,35268469,40000.00,0.00,,金錢,新北市新莊區****,2202*****,
87,何淑峯,107年直轄市議員選舉,首次申報,1071016,個人捐贈收入,盧盛頓,Q12*******,30000.00,0.00,,金錢,新北市新莊區****,0919*****,
88,何淑峯,107年直轄市議員選舉,首次申報,1071017,營利事業捐贈收入,盈泰科技股份有限公司,33238407,100000.00,0.00,,金錢,新北市中和區****,,
89,何淑峯,107年直轄市議員選舉,首次申報,1071019,營利事業捐贈收入,福昌工業股份有限公司,22511977,30000.00,0.00,,金錢,新北市新莊區****,,
90,何淑峯,107年直轄市議員選舉,首次申報,1071023,個人捐贈收入,黃錫聰,,30000.00,0.00,,金錢,新北市三重區****,,
91,何淑峯,107年直轄市議員選舉,首次申報,1071025,個人捐贈收入,黃雅芬,,10000.00,0.00,,金錢,新北市新莊區****,,
92,何淑峯,107年直轄市議員選舉,首次申報,1071025,個人捐贈收入,吳重慶,,3000.00,0.00,,金錢,新北市新莊區****,,
93,何淑峯,107年直轄市議員選舉,首次申報,1071027,營利事業捐贈收入,懋旭股份有限公司,16027357,20000.00,0.00,,金錢,新北市新莊區****,,
94,何淑峯,107年直轄市議員選舉,首次申報,1071027,個人捐贈收入,黃雍宗,F12*******,50000.00,0.00,,金錢,臺北市南港區****,,
95,何淑峯,107年直轄市議員選舉,首次申報,1071029,匿名捐贈,林清田,,10000.00,0.00,,金錢,,,
96,何淑峯,107年直轄市議員選舉,首次申報,1071029,匿名捐贈,賴俊憲,,3000.00,0.00,,金錢,,,
97,何淑峯,107年直轄市議員選舉,首次申報,1071030,營利事業捐贈收入,達建工業股份有限公司,35341911,60000.00,0.00,,金錢,新北市新莊區****,8521*****,
98,何淑峯,107年直轄市議員選舉,首次申報,1071030,個人捐贈收入,楊俊傑,R12*******,20000.00,0.00,,金錢,新北市新莊區****,,
99,何淑峯,107年直轄市議員選舉,首次申報,1071102,個人捐贈收入,劉芝敏,F22*******,10000.00,0.00,,金錢,新北市新莊區****,,
100,何淑峯,107年直轄市議員選舉,首次申報,1071105,個人捐贈收入,陳田蓉,,20000.00,0.00,,金錢,新北市五股區****,,
101,何淑峯,107年直轄市議員選舉,首次申報,1071105,個人捐贈收入,邵秀葉,F20*******,10000.00,0.00,,金錢,新北市新莊區****,,
102,何淑峯,107年直轄市議員選舉,首次申報,1071105,個人捐贈收入,施月女,Q22*******,68000.00,0.00,,金錢,新北市五股區****,,
103,何淑峯,107年直轄市議員選舉,首次申報,1071106,個人捐贈收入,劉弈廷,A12*******,66000.00,0.00,,金錢,臺北市中正區****,,
104,何淑峯,107年直轄市議員選舉,首次申報,1071107,人民團體捐贈收入,社團法人新北市醫師公會,,20000.00,0.00,,金錢,新北市三重區****,02-2*****,
105,何淑峯,107年直轄市議員選舉,首次申報,1071107,營利事業捐贈收入,大慶票券金融股份有限公司,97172915,100000.00,0.00,,金錢,臺北市松山區****,,
106,何淑峯,107年直轄市議員選舉,首次申報,1071108,個人捐贈收入,林清合,R10*******,46000.00,0.00,,金錢,新北市蘆洲區****,,
107,何淑峯,107年直轄市議員選舉,首次申報,1071111,個人捐贈收入,盧秀雲,,10000.00,0.00,,金錢,新北市新莊區****,,
108,何淑峯,107年直轄市議員選舉,首次申報,1071111,個人捐贈收入,劉柏秀,,10000.00,0.00,,金錢,桃園市龜山區****,,
109,何淑峯,107年直轄市議員選舉,首次申報,1071111,個人捐贈收入,劉燕臻,M22*******,50000.00,0.00,,金錢,新北市新莊區****,,
110,何淑峯,107年直轄市議員選舉,首次申報,1071112,匿名捐贈,江淑鈴,,10000.00,0.00,,金錢,,,
111,何淑峯,107年直轄市議員選舉,首次申報,1071113,營利事業捐贈收入,鋐冠企業股份有限公司,86224845,20000.00,0.00,,金錢,新北市三重區****,,
112,何淑峯,107年直轄市議員選舉,首次申報,1071114,營利事業捐贈收入,力揚紙業股份有限公司,34461728,200000.00,0.00,,金錢,新北市五股區****,,
113,何淑峯,107年直轄市議員選舉,首次申報,1071114,個人捐贈收入,張聰盛,F12*******,100000.00,0.00,,金錢,新北市板橋區****,,
114,何淑峯,107年直轄市議員選舉,首次申報,1071115,個人捐贈收入,林淑珠,,20000.00,0.00,,金錢,新北市泰山區****,,
115,何淑峯,107年直轄市議員選舉,首次申報,1071115,個人捐贈收入,陳文甲,,20000.00,0.00,,金錢,新北市林口區****,,
116,何淑峯,107年直轄市議員選舉,首次申報,1071115,個人捐贈收入,古彩琴,,20000.00,0.00,,金錢,新北市新莊區****,,
117,何淑峯,107年直轄市議員選舉,首次申報,1071115,個人捐贈收入,汪耀崇,Q12*******,30000.00,0.00,,金錢,新北市泰山區****,,
118,何淑峯,107年直轄市議員選舉,首次申報,1071119,營利事業捐贈收入,悅翔地政士事務所,31754030,300000.00,0.00,,金錢,新北市新莊區****,,
119,何淑峯,107年直轄市議員選舉,首次申報,1071120,個人捐贈收入,陳頤仙,,1000.00,0.00,,金錢,新北市新莊區****,,
120,何淑峯,107年直轄市議員選舉,首次申報,1071120,個人捐贈收入,林棟良,,15000.00,0.00,,金錢,新北市新莊區****,,
121,何淑峯,107年直轄市議員選舉,首次申報,1071121,個人捐贈收入,黃宏德,,5000.00,0.00,,金錢,新北市新莊區****,,
122,何淑峯,107年直轄市議員選舉,首次申報,1071122,個人捐贈收入,許茂煌,,10000.00,0.00,,金錢,新北市汐止區****,,
123,何淑峯,107年直轄市議員選舉,首次申報,1071123,個人捐贈收入,吳恒毅,,3000.00,0.00,,金錢,新北市三重區****,,
124,何淑峯,107年直轄市議員選舉,首次申報,1071123,個人捐贈收入,范姜杏,,2000.00,0.00,,金錢,新竹縣湖口鄉****,,
125,何淑峯,107年直轄市議員選舉,首次申報,1071123,個人捐贈收入,楊永昌,F12*******,100000.00,0.00,,金錢,新北市新莊區****,,
126,何淑峯,107年直轄市議員選舉,首次申報,1071123,個人捐贈收入,何淑如,Q22*******,100000.00,0.00,,金錢,新北市新莊區****,,
