﻿序號,擬參選人／政黨,選舉名稱,申報序號／年度,交易日期,收支科目,捐贈者／支出對象,身分證／統一編號,收入金額,支出金額,捐贈方式,存入專戶日期,返還/繳庫,支出用途,金錢類,地址,聯絡電話,應揭露之支出對象,支出對象之內部人員姓名,支出對象之內部人員職稱,政黨之內部人員姓名,政黨之內部人員職稱,關係,更正註記,資料更正日期
1,曹禎富,111年桃園市桃園區中泰里里長選舉,首次申報,1111014,個人捐贈收入,蔡佶翰,W10*******,1000.00,0.00,匯款,1111014,,,金錢,金門縣金湖鎮****,0931*****,,,,,,,,
2,曹禎富,111年桃園市桃園區中泰里里長選舉,首次申報,1111018,個人捐贈收入,鄧力維,A12*******,20000.00,0.00,匯款,1111018,,,金錢,桃園市桃園區****,0977*****,,,,,,,,
3,曹禎富,111年桃園市桃園區中泰里里長選舉,首次申報,1111029,個人捐贈收入,蘇介一,H10*******,2000.00,0.00,現金,,,,金錢,桃園市桃園區****,0937*****,,,,,,,,
4,曹禎富,111年桃園市桃園區中泰里里長選舉,首次申報,1111029,個人捐贈收入,王順豹,S12*******,2000.00,0.00,現金,,,,金錢,桃園市桃園區****,0939*****,,,,,,,,
