﻿序號,擬參選人／政黨,選舉名稱,申報序號／年度,交易日期,收支科目,捐贈者／支出對象,身分證／統一編號,收入金額,支出金額,捐贈方式,存入專戶日期,返還/繳庫,支出用途,金錢類,地址,聯絡電話,應揭露之支出對象,支出對象之內部人員姓名,支出對象之內部人員職稱,政黨之內部人員姓名,政黨之內部人員職稱,關係,更正註記,資料更正日期
1,廖秋蓉,111年雲林縣莿桐鄉鄉長選舉,首次申報,1110801,租用競選辦事處支出,林獻堂,P12*******,0.00,60000.00,,,,房屋租金,金錢,雲林縣西螺鎮****,0937*****,否,,,,,,,
2,廖秋蓉,111年雲林縣莿桐鄉鄉長選舉,首次申報,1110809,租用競選辦事處支出,中華電信股份有限公司,63501100,0.00,1000.00,,,,臨時電話安裝,金錢,雲林縣斗六市****,0800*****,否,,,,,,,
3,廖秋蓉,111年雲林縣莿桐鄉鄉長選舉,首次申報,1110809,租用競選辦事處支出,中華電信股份有限公司,63501100,0.00,1000.00,,,,臨時電話安裝,金錢,雲林縣斗六市****,0800*****,否,,,,,,,
4,廖秋蓉,111年雲林縣莿桐鄉鄉長選舉,首次申報,1110818,租用競選辦事處支出,佳聯有線電視股份有限公司,97176779,0.00,1000.00,,,,有線安裝費,金錢,雲林縣虎尾鎮****,4495*****,否,,,,,,,
5,廖秋蓉,111年雲林縣莿桐鄉鄉長選舉,首次申報,1110818,租用競選辦事處支出,佳聯有線電視股份有限公司,97176779,0.00,1620.00,,,,收訊月租費,金錢,雲林縣虎尾鎮****,4495*****,否,,,,,,,
6,廖秋蓉,111年雲林縣莿桐鄉鄉長選舉,首次申報,1110829,宣傳支出,天皇贈品行,18135536,0.00,20000.00,,,,廣告宣傳筆,金錢,南投縣竹山鎮****,049-*****,否,,,,,,,
7,廖秋蓉,111年雲林縣莿桐鄉鄉長選舉,首次申報,1110829,交通旅運支出,台灣中油股份有限公司,21801689,0.00,898.00,,,,候選人交通車,金錢,雲林縣斗六市****,05-5*****,否,,,,,,,
8,廖秋蓉,111年雲林縣莿桐鄉鄉長選舉,首次申報,1110903,雜支支出,大三元港式燒臘,15605702,0.00,80.00,,,,志工便當,金錢,雲林縣莿桐鄉****,05-5*****,否,,,,,,,
9,廖秋蓉,111年雲林縣莿桐鄉鄉長選舉,首次申報,1110904,雜支支出,佳龍水果行,38783453,0.00,1000.00,,,,請神尊敬拜用,金錢,雲林縣莿桐鄉****,05-5*****,否,,,,,,,
10,廖秋蓉,111年雲林縣莿桐鄉鄉長選舉,首次申報,1110904,雜支支出,貳木餐盒,82492518,0.00,160.00,,,,志工便當,金錢,雲林縣莿桐鄉****,05-5*****,否,,,,,,,
11,廖秋蓉,111年雲林縣莿桐鄉鄉長選舉,首次申報,1110905,雜支支出,天送鐘錶刻印行,63038807,0.00,1200.00,,,,刻內監木章,金錢,雲林縣莿桐鄉****,05-5*****,否,,,,,,,
12,廖秋蓉,111年雲林縣莿桐鄉鄉長選舉,首次申報,1110905,租用競選辦事處支出,中華電信股份有限公司,63501100,0.00,75.00,,,,電話費,金錢,雲林縣斗六市****,0800*****,否,,,,,,,
13,廖秋蓉,111年雲林縣莿桐鄉鄉長選舉,首次申報,1110905,租用競選辦事處支出,中華電信股份有限公司,63501100,0.00,75.00,,,,電話費,金錢,雲林縣斗六市****,0800*****,否,,,,,,,
14,廖秋蓉,111年雲林縣莿桐鄉鄉長選舉,首次申報,1110908,交通旅運支出,台灣中油股份有限公司,21801689,0.00,1047.00,,,,候選人交通車,金錢,雲林縣斗六市****,05-5*****,否,,,,,,,
15,廖秋蓉,111年雲林縣莿桐鄉鄉長選舉,首次申報,1110909,雜支支出,林小秋,39929511,0.00,85.00,,,,志工便當,金錢,雲林縣莿桐鄉****,05-5*****,否,,,,,,,
16,廖秋蓉,111年雲林縣莿桐鄉鄉長選舉,首次申報,1110910,雜支支出,貳木餐盒,82492518,0.00,80.00,,,,志工便當,金錢,雲林縣莿桐鄉****,05-5*****,否,,,,,,,
17,廖秋蓉,111年雲林縣莿桐鄉鄉長選舉,首次申報,1110910,人事費用支出,程美惠,P22*******,0.00,7400.00,,,,月份工資,金錢,雲林縣莿桐鄉****,0922*****,否,,,,,,,
18,廖秋蓉,111年雲林縣莿桐鄉鄉長選舉,首次申報,1110911,雜支支出,慧汝小吃部,38776853,0.00,80.00,,,,志工便當,金錢,雲林縣莿桐鄉****,05-5*****,否,,,,,,,
19,廖秋蓉,111年雲林縣莿桐鄉鄉長選舉,首次申報,1110911,雜支支出,貳木餐盒,82492518,0.00,160.00,,,,志工便當,金錢,雲林縣莿桐鄉****,05-5*****,否,,,,,,,
20,廖秋蓉,111年雲林縣莿桐鄉鄉長選舉,首次申報,1110914,雜支支出,勝華五金行,88825773,0.00,130.00,,,,切片，石筆,金錢,雲林縣莿桐鄉****,05-5*****,否,,,,,,,
21,廖秋蓉,111年雲林縣莿桐鄉鄉長選舉,首次申報,1110915,雜支支出,勝華五金行,88825773,0.00,115.00,,,,切片,金錢,雲林縣莿桐鄉****,05-5*****,否,,,,,,,
22,廖秋蓉,111年雲林縣莿桐鄉鄉長選舉,首次申報,1110916,租用宣傳車輛支出,裕農濃機行,25373694,0.00,400.00,,,,發電機維修,金錢,雲林縣莿桐鄉****,05-5*****,否,,,,,,,
23,廖秋蓉,111年雲林縣莿桐鄉鄉長選舉,首次申報,1110917,交通旅運支出,台灣中油股份有限公司,21801689,0.00,1042.00,,,,候選人交通車,金錢,雲林縣斗六市****,05-5*****,否,,,,,,,
24,廖秋蓉,111年雲林縣莿桐鄉鄉長選舉,首次申報,1110917,雜支支出,慧汝小吃部,38776853,0.00,80.00,,,,志工便當,金錢,雲林縣莿桐鄉****,05-5*****,否,,,,,,,
25,廖秋蓉,111年雲林縣莿桐鄉鄉長選舉,首次申報,1110919,租用競選辦事處支出,台灣電力股份有限公司,64991225,0.00,1401.00,,,,服務處電費,金錢,臺北市羅斯福****,,否,,,,,,,
26,廖秋蓉,111年雲林縣莿桐鄉鄉長選舉,首次申報,1110920,雜支支出,全聯福利中心,90886114,0.00,114.00,,,,蚊香,金錢,莿桐和平分公****,05-5*****,否,,,,,,,
27,廖秋蓉,111年雲林縣莿桐鄉鄉長選舉,首次申報,1110921,租用競選辦事處支出,傳奇書局,75465050,0.00,499.00,,,,文具用品,金錢,雲林縣莿桐鄉****,05-5*****,否,,,,,,,
28,廖秋蓉,111年雲林縣莿桐鄉鄉長選舉,首次申報,1110922,租用宣傳車輛支出,裕農濃機行,25373694,0.00,450.00,,,,發電機維修,金錢,雲林縣莿桐鄉****,05-5*****,否,,,,,,,
29,廖秋蓉,111年雲林縣莿桐鄉鄉長選舉,首次申報,1110923,雜支支出,賣俗俗五金商行,25491480,0.00,280.00,,,,垃圾袋等,金錢,雲林縣莿桐鄉****,05-5*****,否,,,,,,,
30,廖秋蓉,111年雲林縣莿桐鄉鄉長選舉,首次申報,1110923,租用競選辦事處支出,健保特約大美社區藥局,47587805,0.00,500.00,,,,酒精-消毒用,金錢,雲林縣莿桐鄉****,05-5*****,否,,,,,,,
31,廖秋蓉,111年雲林縣莿桐鄉鄉長選舉,首次申報,1110924,宣傳支出,斗六旗幟社,78918724,0.00,37500.00,,,,宣傳帽子,金錢,雲林縣斗六市****,05-5*****,否,,,,,,,
32,廖秋蓉,111年雲林縣莿桐鄉鄉長選舉,首次申報,1110926,租用競選辦事處支出,東隆商行,63158400,0.00,500.00,,,,服務處用香菸,金錢,雲林縣莿桐鄉****,05-5*****,否,,,,,,,
33,廖秋蓉,111年雲林縣莿桐鄉鄉長選舉,首次申報,1110927,租用宣傳車輛支出,翔鴻加油站有限公司,12813164,0.00,1711.00,,,,宣傳車汽油,金錢,雲林縣莿桐鄉****,05-5*****,否,,,,,,,
34,廖秋蓉,111年雲林縣莿桐鄉鄉長選舉,首次申報,1110927,交通旅運支出,台灣中油股份有限公司,21801689,0.00,1049.00,,,,候選人交通車,金錢,雲林縣斗六市****,05-5*****,否,,,,,,,
35,廖秋蓉,111年雲林縣莿桐鄉鄉長選舉,首次申報,1110927,租用宣傳車輛支出,勝華五金行,88825773,0.00,160.00,,,,發電機用,金錢,雲林縣莿桐鄉****,05-5*****,否,,,,,,,
36,廖秋蓉,111年雲林縣莿桐鄉鄉長選舉,首次申報,1110930,宣傳支出,天皇贈品行,18135536,0.00,20000.00,,,,廣告宣傳筆,金錢,南投縣竹山鎮****,049-*****,否,,,,,,,
37,廖秋蓉,111年雲林縣莿桐鄉鄉長選舉,首次申報,1110930,雜支支出,大家好自助餐,77823566,0.00,11200.00,,,,/~/便當,金錢,雲林縣莿桐鄉****,05-5*****,否,,,,,,,
38,廖秋蓉,111年雲林縣莿桐鄉鄉長選舉,首次申報,1111002,租用宣傳車輛支出,翔鴻加油站有限公司,12813164,0.00,994.00,,,,宣傳車汽油,金錢,雲林縣莿桐鄉****,05-5*****,否,,,,,,,
39,廖秋蓉,111年雲林縣莿桐鄉鄉長選舉,首次申報,1111005,雜支支出,利昌金香舖,45676062,0.00,1550.00,,,,香環，金紙等,金錢,雲林縣莿桐鄉****,05-5*****,否,,,,,,,
40,廖秋蓉,111年雲林縣莿桐鄉鄉長選舉,首次申報,1111005,租用競選辦事處支出,中華電信股份有限公司,63501100,0.00,509.00,,,,電話費,金錢,雲林縣斗六市****,0800*****,否,,,,,,,
41,廖秋蓉,111年雲林縣莿桐鄉鄉長選舉,首次申報,1111005,租用競選辦事處支出,中華電信股份有限公司,63501100,0.00,787.00,,,,電話費,金錢,雲林縣斗六市****,0800*****,否,,,,,,,
42,廖秋蓉,111年雲林縣莿桐鄉鄉長選舉,首次申報,1111007,租用宣傳車輛支出,翔鴻加油站有限公司,12813164,0.00,1700.00,,,,宣傳車汽油,金錢,雲林縣莿桐鄉****,05-5*****,否,,,,,,,
43,廖秋蓉,111年雲林縣莿桐鄉鄉長選舉,首次申報,1111007,集會支出,建宏禮儀社,88835364,0.00,10700.00,,,,活動搭設帳篷,金錢,雲林縣莿桐鄉****,05-5*****,否,,,,,,,
44,廖秋蓉,111年雲林縣莿桐鄉鄉長選舉,首次申報,1111008,交通旅運支出,台灣中油股份有限公司,21801689,0.00,1051.00,,,,候選人交通車,金錢,雲林縣斗六市****,05-5*****,否,,,,,,,
45,廖秋蓉,111年雲林縣莿桐鄉鄉長選舉,首次申報,1111008,集會支出,宏紳企業社,39711154,0.00,8000.00,,,,活動搭設舞台,金錢,雲林縣斗六市****,05-5*****,否,,,,,,,
46,廖秋蓉,111年雲林縣莿桐鄉鄉長選舉,首次申報,1111008,集會支出,清江飯店,63241225,0.00,3000.00,,,,活動餐點,金錢,雲林縣莿桐鄉****,05-5*****,否,,,,,,,
47,廖秋蓉,111年雲林縣莿桐鄉鄉長選舉,首次申報,1111009,雜支支出,慧汝小吃部,38776853,0.00,660.00,,,,志工便當,金錢,雲林縣莿桐鄉****,05-5*****,否,,,,,,,
48,廖秋蓉,111年雲林縣莿桐鄉鄉長選舉,首次申報,1111009,雜支支出,貳木餐盒,82492518,0.00,160.00,,,,志工便當,金錢,雲林縣莿桐鄉****,05-5*****,否,,,,,,,
49,廖秋蓉,111年雲林縣莿桐鄉鄉長選舉,首次申報,1111010,租用競選辦事處支出,中華電信股份有限公司,63501100,0.00,145.00,,,,電話費,金錢,雲林縣斗六市****,0800*****,否,,,,,,,
50,廖秋蓉,111年雲林縣莿桐鄉鄉長選舉,首次申報,1111011,人事費用支出,周雁軫,A22*******,0.00,10000.00,,,,月份工資,金錢,雲林縣斗南鎮****,0932*****,否,,,,,,,
51,廖秋蓉,111年雲林縣莿桐鄉鄉長選舉,首次申報,1111011,人事費用支出,程美惠,P22*******,0.00,22000.00,,,,月份工資,金錢,雲林縣莿桐鄉****,0922*****,否,,,,,,,
52,廖秋蓉,111年雲林縣莿桐鄉鄉長選舉,首次申報,1111013,租用宣傳車輛支出,翔鴻加油站有限公司,12813164,0.00,828.00,,,,宣傳車汽油,金錢,雲林縣莿桐鄉****,05-5*****,否,,,,,,,
53,廖秋蓉,111年雲林縣莿桐鄉鄉長選舉,首次申報,1111015,交通旅運支出,台灣中油股份有限公司,63023852,0.00,1282.00,,,,候選人交通車,金錢,雲林縣莿桐鄉****,05-5*****,否,,,,,,,
54,廖秋蓉,111年雲林縣莿桐鄉鄉長選舉,首次申報,1111015,宣傳支出,斗六旗幟社,78918724,0.00,66000.00,,,,宣傳布條,金錢,雲林縣斗六市****,05-5*****,否,,,,,,,
55,廖秋蓉,111年雲林縣莿桐鄉鄉長選舉,首次申報,1111020,宣傳支出,福田企業社,10900472,0.00,30000.00,,,,帆布廣告看板,金錢,雲林縣斗六市****,05-5*****,否,,,,,,,
56,廖秋蓉,111年雲林縣莿桐鄉鄉長選舉,首次申報,1111020,集會支出,舜駿商行,17459655,0.00,4050.00,,,,活動用飲料,金錢,雲林縣斗六市****,05-5*****,否,,,,,,,
57,廖秋蓉,111年雲林縣莿桐鄉鄉長選舉,首次申報,1111020,租用宣傳車輛支出,福懋中正加油站,39760627,0.00,1016.00,,,,宣傳車汽油,金錢,雲林縣莿桐鄉****,05-5*****,否,,,,,,,
58,廖秋蓉,111年雲林縣莿桐鄉鄉長選舉,首次申報,1111021,宣傳支出,天皇贈品行,18135536,0.00,20000.00,,,,廣告宣傳筆,金錢,南投縣竹山鎮****,049-*****,否,,,,,,,
59,廖秋蓉,111年雲林縣莿桐鄉鄉長選舉,首次申報,1111021,交通旅運支出,台灣中油股份有限公司,63023852,0.00,1221.00,,,,候選人交通車,金錢,雲林縣莿桐鄉****,05-5*****,否,,,,,,,
60,廖秋蓉,111年雲林縣莿桐鄉鄉長選舉,首次申報,1111025,集會支出,銓興企業社,98941809,0.00,10000.00,,,,聯合座談會議,金錢,雲林縣西螺鎮****,0933*****,否,,,,,,,
61,廖秋蓉,111年雲林縣莿桐鄉鄉長選舉,首次申報,1111026,租用宣傳車輛支出,福懋中正加油站,39760627,0.00,955.00,,,,宣傳車汽油,金錢,雲林縣莿桐鄉****,05-5*****,否,,,,,,,
62,廖秋蓉,111年雲林縣莿桐鄉鄉長選舉,首次申報,1111028,宣傳支出,華楓印刷設計,15600750,0.00,35200.00,,,,宣傳文宣,金錢,雲林縣斗六市****,05-5*****,否,,,,,,,
63,廖秋蓉,111年雲林縣莿桐鄉鄉長選舉,首次申報,1111029,租用宣傳車輛支出,福懋中正加油站,39760627,0.00,1036.00,,,,宣傳車汽油,金錢,雲林縣莿桐鄉****,05-5*****,否,,,,,,,
64,廖秋蓉,111年雲林縣莿桐鄉鄉長選舉,首次申報,1111029,交通旅運支出,台灣中油股份有限公司,63023852,0.00,1000.00,,,,候選人交通車,金錢,雲林縣莿桐鄉****,05-5*****,否,,,,,,,
65,廖秋蓉,111年雲林縣莿桐鄉鄉長選舉,首次申報,1111030,集會支出,清江飯店,63241225,0.00,1400.00,,,,按戶拜訪晚餐,金錢,雲林縣莿桐鄉****,05-5*****,否,,,,,,,
66,廖秋蓉,111年雲林縣莿桐鄉鄉長選舉,首次申報,1111030,集會支出,清江飯店,63241225,0.00,2200.00,,,,按戶拜訪點心,金錢,雲林縣莿桐鄉****,05-5*****,否,,,,,,,
67,廖秋蓉,111年雲林縣莿桐鄉鄉長選舉,首次申報,1111030,雜支支出,清江飯店,63241225,0.00,140.00,,,,志工午餐,金錢,雲林縣莿桐鄉****,05-5*****,否,,,,,,,
68,廖秋蓉,111年雲林縣莿桐鄉鄉長選舉,首次申報,1111031,交通旅運支出,台灣中油股份有限公司,21801689,0.00,1204.00,,,,候選人交通車,金錢,雲林縣斗六市****,05-5*****,否,,,,,,,
69,廖秋蓉,111年雲林縣莿桐鄉鄉長選舉,首次申報,1111101,租用宣傳車輛支出,台灣中油股份有限公司,63023852,0.00,950.00,,,,宣傳車汽油,金錢,雲林縣莿桐鄉****,05-5*****,否,,,,,,,
70,廖秋蓉,111年雲林縣莿桐鄉鄉長選舉,首次申報,1111102,租用競選辦事處支出,中華電信股份有限公司,63501100,0.00,733.00,,,,電話費,金錢,雲林縣斗六市****,0800*****,否,,,,,,,
71,廖秋蓉,111年雲林縣莿桐鄉鄉長選舉,首次申報,1111102,租用競選辦事處支出,中華電信股份有限公司,63501100,0.00,677.00,,,,電話費,金錢,雲林縣斗六市****,0800*****,否,,,,,,,
72,廖秋蓉,111年雲林縣莿桐鄉鄉長選舉,首次申報,1111103,宣傳支出,斗六旗幟社,78918724,0.00,42500.00,,,,宣傳關東旗,金錢,雲林縣斗六市****,05-5*****,否,,,,,,,
73,廖秋蓉,111年雲林縣莿桐鄉鄉長選舉,首次申報,1111104,租用宣傳車輛支出,福懋中正加油站,39760627,0.00,548.00,,,,宣傳車汽油,金錢,雲林縣莿桐鄉****,05-5*****,否,,,,,,,
74,廖秋蓉,111年雲林縣莿桐鄉鄉長選舉,首次申報,1111104,租用宣傳車輛支出,台灣中油股份有限公司,63023852,0.00,850.00,,,,宣傳車汽油,金錢,雲林縣莿桐鄉****,05-5*****,否,,,,,,,
75,廖秋蓉,111年雲林縣莿桐鄉鄉長選舉,首次申報,1111105,集會支出,統一超商(股)公司,53027529,0.00,585.00,,,,造勢活動-雨衣,金錢,晟安店****,02-4*****,否,,,,,,,
76,廖秋蓉,111年雲林縣莿桐鄉鄉長選舉,首次申報,1111105,集會支出,白陽有限公司,96862407,0.00,900.00,,,,造勢活動-雨衣,金錢,雲林縣莿桐鄉****,05-5*****,否,,,,,,,
77,廖秋蓉,111年雲林縣莿桐鄉鄉長選舉,首次申報,1111105,集會支出,梅景便當食品工廠,97626368,0.00,10000.00,,,,造勢晚會活動,金錢,雲林縣西螺鎮****,05-5*****,否,,,,,,,
78,廖秋蓉,111年雲林縣莿桐鄉鄉長選舉,首次申報,1111107,雜支支出,大三元港式燒臘,15605702,0.00,10210.00,,,,至志工便當,金錢,雲林縣莿桐鄉****,05-5*****,否,,,,,,,
79,廖秋蓉,111年雲林縣莿桐鄉鄉長選舉,首次申報,1111107,租用宣傳車輛支出,台灣中油股份有限公司,63023852,0.00,1000.00,,,,宣傳車汽油,金錢,雲林縣莿桐鄉****,05-5*****,否,,,,,,,
80,廖秋蓉,111年雲林縣莿桐鄉鄉長選舉,首次申報,1111107,人事費用支出,程美惠,P22*******,0.00,22000.00,,,,月份工資,金錢,雲林縣莿桐鄉****,0922*****,否,,,,,,,
81,廖秋蓉,111年雲林縣莿桐鄉鄉長選舉,首次申報,1111108,宣傳支出,賣俗俗五金商行,25491480,0.00,320.00,,,,膠帶,金錢,雲林縣莿桐鄉****,05-5*****,否,,,,,,,
82,廖秋蓉,111年雲林縣莿桐鄉鄉長選舉,首次申報,1111110,租用宣傳車輛支出,台灣中油股份有限公司,63023852,0.00,1000.00,,,,宣傳車汽油,金錢,雲林縣莿桐鄉****,05-5*****,否,,,,,,,
83,廖秋蓉,111年雲林縣莿桐鄉鄉長選舉,首次申報,1111111,人事費用支出,周雁軫,A22*******,0.00,10000.00,,,,月份工資,金錢,雲林縣斗南鎮****,0932*****,否,,,,,,,
84,廖秋蓉,111年雲林縣莿桐鄉鄉長選舉,首次申報,1111112,交通旅運支出,台灣中油股份有限公司,63023852,0.00,1249.00,,,,候選人交通車,金錢,雲林縣莿桐鄉****,05-5*****,否,,,,,,,
85,廖秋蓉,111年雲林縣莿桐鄉鄉長選舉,首次申報,1111113,租用宣傳車輛支出,台灣中油股份有限公司,63023852,0.00,1000.00,,,,宣傳車汽油,金錢,雲林縣莿桐鄉****,05-5*****,否,,,,,,,
86,廖秋蓉,111年雲林縣莿桐鄉鄉長選舉,首次申報,1111114,租用宣傳車輛支出,福懋中正加油站,39760627,0.00,1043.00,,,,宣傳車汽油,金錢,雲林縣莿桐鄉****,05-5*****,否,,,,,,,
87,廖秋蓉,111年雲林縣莿桐鄉鄉長選舉,首次申報,1111114,租用競選辦事處支出,台灣電力股份有限公司,64991225,0.00,10448.00,,,,服務處電費,金錢,臺北市羅斯福****,,否,,,,,,,
88,廖秋蓉,111年雲林縣莿桐鄉鄉長選舉,首次申報,1111117,租用宣傳車輛支出,台灣中油股份有限公司,63023852,0.00,1000.00,,,,宣傳車汽油,金錢,雲林縣莿桐鄉****,05-5*****,否,,,,,,,
89,廖秋蓉,111年雲林縣莿桐鄉鄉長選舉,首次申報,1111119,交通旅運支出,台灣中油股份有限公司,63023852,0.00,1679.00,,,,候選人交通車,金錢,雲林縣莿桐鄉****,05-5*****,否,,,,,,,
90,廖秋蓉,111年雲林縣莿桐鄉鄉長選舉,首次申報,1111120,租用宣傳車輛支出,台灣中油股份有限公司,63023852,0.00,970.00,,,,宣傳車汽油,金錢,雲林縣莿桐鄉****,05-5*****,否,,,,,,,
91,廖秋蓉,111年雲林縣莿桐鄉鄉長選舉,首次申報,1111120,集會支出,清江飯店,63241225,0.00,1890.00,,,,按戶拜訪晚餐,金錢,雲林縣莿桐鄉****,05-5*****,否,,,,,,,
92,廖秋蓉,111年雲林縣莿桐鄉鄉長選舉,首次申報,1111120,雜支支出,大家好自助餐,77823566,0.00,30730.00,,,,/~/便當,金錢,雲林縣莿桐鄉****,05-5*****,否,,,,,,,
93,廖秋蓉,111年雲林縣莿桐鄉鄉長選舉,首次申報,1111120,雜支支出,貳木餐盒,82492518,0.00,980.00,,,,志工便當,金錢,雲林縣莿桐鄉****,05-5*****,否,,,,,,,
94,廖秋蓉,111年雲林縣莿桐鄉鄉長選舉,首次申報,1111121,租用宣傳車輛支出,台灣中油股份有限公司,63023852,0.00,700.00,,,,宣傳車汽油,金錢,雲林縣莿桐鄉****,05-5*****,否,,,,,,,
95,廖秋蓉,111年雲林縣莿桐鄉鄉長選舉,首次申報,1111122,交通旅運支出,台灣中油股份有限公司,63023852,0.00,1009.00,,,,候選人交通車,金錢,雲林縣莿桐鄉****,05-5*****,否,,,,,,,
96,廖秋蓉,111年雲林縣莿桐鄉鄉長選舉,首次申報,1111123,租用宣傳車輛支出,台灣中油股份有限公司,63023852,0.00,900.00,,,,宣傳車汽油,金錢,雲林縣莿桐鄉****,05-5*****,否,,,,,,,
97,廖秋蓉,111年雲林縣莿桐鄉鄉長選舉,首次申報,1111125,租用宣傳車輛支出,台灣中油股份有限公司,63023852,0.00,600.00,,,,宣傳車汽油,金錢,雲林縣莿桐鄉****,05-5*****,否,,,,,,,
98,廖秋蓉,111年雲林縣莿桐鄉鄉長選舉,首次申報,1111126,雜支支出,梅景便當食品工廠,97626368,0.00,5600.00,,,,便當,金錢,雲林縣西螺鎮****,05-5*****,否,,,,,,,
99,廖秋蓉,111年雲林縣莿桐鄉鄉長選舉,首次申報,1111127,交通旅運支出,台灣中油股份有限公司,63023852,0.00,995.00,,,,候選人交通車,金錢,雲林縣莿桐鄉****,05-5*****,否,,,,,,,
100,廖秋蓉,111年雲林縣莿桐鄉鄉長選舉,首次申報,1111128,租用宣傳車輛支出,洪進結,P12*******,0.00,36000.00,,,,廣告車司機,金錢,雲林縣莿桐鄉****,0989*****,否,,,,,,,
101,廖秋蓉,111年雲林縣莿桐鄉鄉長選舉,首次申報,1111129,交通旅運支出,台灣中油股份有限公司,63023852,0.00,1322.00,,,,交通車用汽油,金錢,雲林縣莿桐鄉****,05-5*****,否,,,,,,,
102,廖秋蓉,111年雲林縣莿桐鄉鄉長選舉,首次申報,1111130,雜支支出,大三元港式燒臘,15605702,0.00,4660.00,,,,/~/便當,金錢,雲林縣莿桐鄉****,05-5*****,否,,,,,,,
103,廖秋蓉,111年雲林縣莿桐鄉鄉長選舉,首次申報,1111130,雜支支出,大家好自助餐,77823566,0.00,11340.00,,,,/~/便當,金錢,雲林縣莿桐鄉****,05-5*****,否,,,,,,,
104,廖秋蓉,111年雲林縣莿桐鄉鄉長選舉,首次申報,1111130,租用競選辦事處支出,佳聯有線電視股份有限公司,97176779,0.00,252.00,,,,收訊月租費,金錢,雲林縣虎尾鎮****,4495*****,否,,,,,,,
105,廖秋蓉,111年雲林縣莿桐鄉鄉長選舉,首次申報,1111130,人事費用支出,周雁軫,A22*******,0.00,10000.00,,,,月份工資,金錢,雲林縣斗南鎮****,0932*****,否,,,,,,,
106,廖秋蓉,111年雲林縣莿桐鄉鄉長選舉,首次申報,1111130,人事費用支出,程美惠,P22*******,0.00,22000.00,,,,月份工資,金錢,雲林縣莿桐鄉****,0922*****,否,,,,,,,
107,廖秋蓉,111年雲林縣莿桐鄉鄉長選舉,首次申報,1111202,集會支出,重星企業社,45828379,0.00,16000.00,,,,帳篷、桌椅租用,金錢,雲林縣斗六市****,0920*****,否,,,,,,,
108,廖秋蓉,111年雲林縣莿桐鄉鄉長選舉,首次申報,1111203,交通旅運支出,台灣中油股份有限公司,21801689,0.00,1649.00,,,,交通車用汽油,金錢,雲林縣斗六市****,05-5*****,否,,,,,,,
109,廖秋蓉,111年雲林縣莿桐鄉鄉長選舉,首次申報,1111205,租用競選辦事處支出,中華電信股份有限公司,63501100,0.00,649.00,,,,電話費,金錢,雲林縣斗六市****,0800*****,否,,,,,,,
110,廖秋蓉,111年雲林縣莿桐鄉鄉長選舉,首次申報,1111205,租用競選辦事處支出,中華電信股份有限公司,63501100,0.00,871.00,,,,電話費,金錢,雲林縣斗六市****,0800*****,否,,,,,,,
111,廖秋蓉,111年雲林縣莿桐鄉鄉長選舉,首次申報,1111206,集會支出,梅景便當食品工廠,97626368,0.00,60000.00,,,,自助餐點,金錢,雲林縣西螺鎮****,05-5*****,否,,,,,,,
112,廖秋蓉,111年雲林縣莿桐鄉鄉長選舉,首次申報,1111215,租用競選辦事處支出,中華電信股份有限公司,63501100,0.00,273.00,,,,電話費,金錢,雲林縣斗六市****,0800*****,否,,,,,,,
113,廖秋蓉,111年雲林縣莿桐鄉鄉長選舉,首次申報,1111215,租用競選辦事處支出,中華電信股份有限公司,63501100,0.00,436.00,,,,電話費,金錢,雲林縣斗六市****,0800*****,否,,,,,,,
