﻿序號,擬參選人／政黨,選舉名稱,申報序號／年度,交易日期,收支科目,捐贈者／支出對象,身分證／統一編號,收入金額,支出金額,支出用途,金錢類,地址,聯絡電話,資料更正日期
1,林旻勳,107年縣(市)議員選舉,首次申報,1070808,個人捐贈收入,王文淵,C10*******,300000.00,0.00,,金錢,基隆市暖暖區****,0926*****,
2,林旻勳,107年縣(市)議員選舉,首次申報,1070810,營利事業捐贈收入,永勝達建設股份有限公司,53928252,200000.00,0.00,,金錢,臺北市中山區****,,
3,林旻勳,107年縣(市)議員選舉,首次申報,1070813,個人捐贈收入,王文淵,C10*******,100000.00,0.00,,金錢,基隆市暖暖區****,0926*****,
4,林旻勳,107年縣(市)議員選舉,首次申報,1070813,個人捐贈收入,江蘭芬,C22*******,100000.00,0.00,,金錢,基隆市暖暖區****,0919*****,
5,林旻勳,107年縣(市)議員選舉,首次申報,1070814,匿名捐贈,匿名,,1.00,0.00,,金錢,,,
6,林旻勳,107年縣(市)議員選舉,首次申報,1070816,營利事業捐贈收入,必九有限公司,09468934,20000.00,0.00,,金錢,東勢街巷號****,02-2*****,
7,林旻勳,107年縣(市)議員選舉,首次申報,1070816,個人捐贈收入,李文村,A12*******,100000.00,0.00,,金錢,臺北市北投區****,0952*****,
8,林旻勳,107年縣(市)議員選舉,首次申報,1070919,個人捐贈收入,陳佳興,,2000.00,0.00,,金錢,,0934*****,
9,林旻勳,107年縣(市)議員選舉,首次申報,1071003,個人捐贈收入,任怡靜,C20*******,2000.00,0.00,,金錢,基隆市暖暖區****,02-2*****,
10,林旻勳,107年縣(市)議員選舉,首次申報,1071004,個人捐贈收入,許天璋,F10*******,20000.00,0.00,,金錢,基隆市暖暖區****,0933*****,
11,林旻勳,107年縣(市)議員選舉,首次申報,1071005,個人捐贈收入,陳智誠,N12*******,10000.00,0.00,,金錢,基隆市暖暖區****,0932*****,
12,林旻勳,107年縣(市)議員選舉,首次申報,1071018,營利事業捐贈收入,三禾倉儲股份有限公司,22890409,100000.00,0.00,,金錢,基隆市暖暖區****,02-2*****,
13,林旻勳,107年縣(市)議員選舉,首次申報,1071018,營利事業捐贈收入,立煜企業股份有限公司,39173205,50000.00,0.00,,金錢,基隆市暖暖區****,02-2*****,
14,林旻勳,107年縣(市)議員選舉,首次申報,1071019,個人捐贈收入,紀華捷,C10*******,5000.00,0.00,,金錢,基隆市安樂區****,02-2*****,
15,林旻勳,107年縣(市)議員選舉,首次申報,1071105,個人捐贈收入,林添瑞,F12*******,88000.00,0.00,,金錢,新北市土城區****,0953*****,
16,林旻勳,107年縣(市)議員選舉,首次申報,1071106,匿名捐贈,吳文喜,,5000.00,0.00,,金錢,,,
17,林旻勳,107年縣(市)議員選舉,首次申報,1071108,營利事業捐贈收入,潗億企業有限公司,00903056,20000.00,0.00,,金錢,基隆市信義區****,02-2*****,
18,林旻勳,107年縣(市)議員選舉,首次申報,1071122,個人捐贈收入,李祥和,F12*******,20000.00,0.00,,金錢,臺北市北投區****,0933*****,
19,林旻勳,107年縣(市)議員選舉,首次申報,1071221,其他收入,利息收入,,15.00,0.00,,金錢,,,
