﻿序號,擬參選人／政黨,選舉名稱,申報序號／年度,交易日期,收支科目,捐贈者／支出對象,身分證／統一編號,收入金額,支出金額,支出用途,金錢類,地址,聯絡電話,資料更正日期
1,劉世賢,107年直轄市議員選舉,首次申報,1070611,個人捐贈收入,沈炳憲,T12*******,2000.00,0.00,,金錢,,,
2,劉世賢,107年直轄市議員選舉,首次申報,1070622,個人捐贈收入,洪清泉,E12*******,10000.00,0.00,,金錢,,,
3,劉世賢,107年直轄市議員選舉,首次申報,1070625,個人捐贈收入,陳金稟,X20*******,8000.00,0.00,,金錢,,,
4,劉世賢,107年直轄市議員選舉,首次申報,1070626,個人捐贈收入,陳源宏,S12*******,12000.00,0.00,,金錢,,,
5,劉世賢,107年直轄市議員選舉,首次申報,1070627,個人捐贈收入,林憲章,E10*******,2000.00,0.00,,金錢,,,
6,劉世賢,107年直轄市議員選舉,首次申報,1070627,個人捐贈收入,凃耀隆,E12*******,10000.00,0.00,,金錢,,,
7,劉世賢,107年直轄市議員選舉,首次申報,1070627,個人捐贈收入,凃子萱,E22*******,2000.00,0.00,,金錢,,,
8,劉世賢,107年直轄市議員選舉,首次申報,1070627,個人捐贈收入,蔡惠,P20*******,6000.00,0.00,,金錢,,,
9,劉世賢,107年直轄市議員選舉,首次申報,1070627,個人捐贈收入,劉順發,R10*******,6000.00,0.00,,金錢,,,
10,劉世賢,107年直轄市議員選舉,首次申報,1070627,個人捐贈收入,蔡麗香,R20*******,2000.00,0.00,,金錢,,,
11,劉世賢,107年直轄市議員選舉,首次申報,1070627,個人捐贈收入,陳朝木,S10*******,50000.00,0.00,,金錢,高雄市鳳山區****,,
12,劉世賢,107年直轄市議員選舉,首次申報,1070627,個人捐贈收入,陳美君,S22*******,2000.00,0.00,,金錢,,,
13,劉世賢,107年直轄市議員選舉,首次申報,1070627,個人捐贈收入,張每華,T20*******,2000.00,0.00,,金錢,,,
14,劉世賢,107年直轄市議員選舉,首次申報,1070628,個人捐贈收入,吳寶田,E12*******,6000.00,0.00,,金錢,,,
15,劉世賢,107年直轄市議員選舉,首次申報,1070705,個人捐贈收入,黃煜升,Q12*******,2000.00,0.00,,金錢,,,
16,劉世賢,107年直轄市議員選舉,首次申報,1070705,個人捐贈收入,李美雲,Q22*******,6000.00,0.00,,金錢,,,
17,劉世賢,107年直轄市議員選舉,首次申報,1070709,個人捐贈收入,洪美金,S22*******,6666.00,0.00,,金錢,,,
18,劉世賢,107年直轄市議員選舉,首次申報,1070710,個人捐贈收入,賴秋卿,F20*******,10000.00,0.00,,金錢,,,
19,劉世賢,107年直轄市議員選舉,首次申報,1070713,個人捐贈收入,呂綉治,E20*******,2000.00,0.00,,金錢,,,
20,劉世賢,107年直轄市議員選舉,首次申報,1070713,個人捐贈收入,王清柔,Q10*******,3000.00,0.00,,金錢,,,
21,劉世賢,107年直轄市議員選舉,首次申報,1070720,個人捐贈收入,林英雄,R12*******,5000.00,0.00,,金錢,,,
22,劉世賢,107年直轄市議員選舉,首次申報,1070720,個人捐贈收入,陳盈存,S12*******,60000.00,0.00,,金錢,高雄市鳳山區****,,
23,劉世賢,107年直轄市議員選舉,首次申報,1070720,個人捐贈收入,簡進國,T10*******,3000.00,0.00,,金錢,,,
24,劉世賢,107年直轄市議員選舉,首次申報,1070726,個人捐贈收入,曾雅慧,,3000.00,0.00,,金錢,高雄市仁武區****,,
25,劉世賢,107年直轄市議員選舉,首次申報,1070726,個人捐贈收入,曾惠蘭,,3000.00,0.00,,金錢,高雄市仁武區****,,
26,劉世賢,107年直轄市議員選舉,首次申報,1070808,個人捐贈收入,蕭啟東,Q10*******,6000.00,0.00,,金錢,,,
27,劉世賢,107年直轄市議員選舉,首次申報,1070904,營利事業捐贈收入,劦茂金屬股份有限公司,86176787,500000.00,0.00,,金錢,高雄市岡山區****,,
28,劉世賢,107年直轄市議員選舉,首次申報,1070905,個人捐贈收入,吳登清,D10*******,5000.00,0.00,,金錢,,,
29,劉世賢,107年直轄市議員選舉,首次申報,1070905,個人捐贈收入,張碧珠,U22*******,10000.00,0.00,,金錢,,,
30,劉世賢,107年直轄市議員選舉,首次申報,1070907,營利事業捐贈收入,葳特旅館有限公司,28960970,10000.00,0.00,,金錢,高雄市鳳山區****,,
31,劉世賢,107年直轄市議員選舉,首次申報,1070911,營利事業捐贈收入,龍豪通運股份有限公司,72155256,50000.00,0.00,,金錢,高雄市鳳山區****,,
32,劉世賢,107年直轄市議員選舉,首次申報,1070913,個人捐贈收入,郭建能,E12*******,2000.00,0.00,,金錢,,,
33,劉世賢,107年直轄市議員選舉,首次申報,1070913,個人捐贈收入,蔡秋霞,S22*******,10000.00,0.00,,金錢,,,
34,劉世賢,107年直轄市議員選舉,首次申報,1070918,個人捐贈收入,陳正誠,E12*******,20000.00,0.00,,金錢,,,
35,劉世賢,107年直轄市議員選舉,首次申報,1070918,個人捐贈收入,孫金棧,S12*******,20000.00,0.00,,金錢,,,
36,劉世賢,107年直轄市議員選舉,首次申報,1070918,個人捐贈收入,韓國清,S12*******,6000.00,0.00,,金錢,,,
37,劉世賢,107年直轄市議員選舉,首次申報,1070918,個人捐贈收入,張朝欽,T12*******,2000.00,0.00,,金錢,,,
38,劉世賢,107年直轄市議員選舉,首次申報,1070918,個人捐贈收入,劉春菊,T20*******,6000.00,0.00,,金錢,,,
39,劉世賢,107年直轄市議員選舉,首次申報,1070921,個人捐贈收入,郭金龍,R12*******,30000.00,0.00,,金錢,,,
40,劉世賢,107年直轄市議員選舉,首次申報,1070925,營利事業捐贈收入,本揚國際有限公司,53892352,100000.00,0.00,,金錢,高雄市三民區****,,
41,劉世賢,107年直轄市議員選舉,首次申報,1070925,營利事業捐贈收入,順升昌企業股份有限公司,84431670,20000.00,0.00,,金錢,高雄市大社區****,,
42,劉世賢,107年直轄市議員選舉,首次申報,1070925,個人捐贈收入,巫奉鉑,N12*******,2000.00,0.00,,金錢,,,
43,劉世賢,107年直轄市議員選舉,首次申報,1070925,個人捐贈收入,曾秀蘭,R20*******,6000.00,0.00,,金錢,,,
44,劉世賢,107年直轄市議員選舉,首次申報,1070925,個人捐贈收入,林景煌,S10*******,2000.00,0.00,,金錢,,,
45,劉世賢,107年直轄市議員選舉,首次申報,1070925,個人捐贈收入,黃慶忠,S12*******,3000.00,0.00,,金錢,,,
46,劉世賢,107年直轄市議員選舉,首次申報,1070925,個人捐贈收入,張居峰,S12*******,10000.00,0.00,,金錢,,,
47,劉世賢,107年直轄市議員選舉,首次申報,1070925,個人捐贈收入,楊睿杰,S12*******,3000.00,0.00,,金錢,,,
48,劉世賢,107年直轄市議員選舉,首次申報,1070925,個人捐贈收入,楊東生,S12*******,5000.00,0.00,,金錢,,,
49,劉世賢,107年直轄市議員選舉,首次申報,1070927,個人捐贈收入,薛永波,E12*******,100000.00,0.00,,金錢,高雄市三民區****,,
50,劉世賢,107年直轄市議員選舉,首次申報,1070927,個人捐贈收入,洪寀妮,E22*******,5000.00,0.00,,金錢,,,
51,劉世賢,107年直轄市議員選舉,首次申報,1070927,個人捐贈收入,况忻玹,H22*******,10000.00,0.00,,金錢,,,
52,劉世賢,107年直轄市議員選舉,首次申報,1070927,個人捐贈收入,張土泉,R10*******,2000.00,0.00,,金錢,,,
53,劉世賢,107年直轄市議員選舉,首次申報,1071002,個人捐贈收入,陳源宏,S12*******,8000.00,0.00,,金錢,,,
54,劉世賢,107年直轄市議員選舉,首次申報,1071004,個人捐贈收入,陳麗安,E22*******,10000.00,0.00,,金錢,,,
55,劉世賢,107年直轄市議員選舉,首次申報,1071005,個人捐贈收入,柯明輝,E12*******,2000.00,0.00,,金錢,,,
56,劉世賢,107年直轄市議員選舉,首次申報,1071005,個人捐贈收入,李瑞勝,S10*******,10000.00,0.00,,金錢,,,
57,劉世賢,107年直轄市議員選舉,首次申報,1071005,個人捐贈收入,張秀連,S22*******,6000.00,0.00,,金錢,,,
58,劉世賢,107年直轄市議員選舉,首次申報,1071008,個人捐贈收入,蔡豐全,S12*******,10000.00,0.00,,金錢,,,
59,劉世賢,107年直轄市議員選舉,首次申報,1071011,個人捐贈收入,紀貴蘭,S22*******,20000.00,0.00,,金錢,,,
60,劉世賢,107年直轄市議員選舉,首次申報,1071015,個人捐贈收入,劉順發,E10*******,5000.00,0.00,,金錢,,,
61,劉世賢,107年直轄市議員選舉,首次申報,1071022,個人捐贈收入,陳盈存,S12*******,40000.00,0.00,,金錢,高雄市鳳山區****,,
62,劉世賢,107年直轄市議員選舉,首次申報,1071025,個人捐贈收入,劉憲同,S10*******,50000.00,0.00,,金錢,高雄市鼓山區****,,
63,劉世賢,107年直轄市議員選舉,首次申報,1071106,個人捐贈收入,王國峰,S12*******,10000.00,0.00,,金錢,,,
