﻿序號,擬參選人／政黨,選舉名稱,申報序號／年度,交易日期,收支科目,捐贈者／支出對象,身分證／統一編號,收入金額,支出金額,支出用途,金錢類,地址,聯絡電話,資料更正日期
1,鄭俊雄,107年縣(市)議員選舉,首次申報,1071008,個人捐贈收入,黃重明,,6600.00,0.00,,金錢,,0921*****,
2,鄭俊雄,107年縣(市)議員選舉,首次申報,1071008,個人捐贈收入,黃財源,,5000.00,0.00,,金錢,,0932*****,
3,鄭俊雄,107年縣(市)議員選舉,首次申報,1071008,個人捐贈收入,陳國協,,6000.00,0.00,,金錢,,0936*****,
4,鄭俊雄,107年縣(市)議員選舉,首次申報,1071008,個人捐贈收入,陳明傑,,2000.00,0.00,,金錢,,0912*****,
5,鄭俊雄,107年縣(市)議員選舉,首次申報,1071008,個人捐贈收入,林輝壎,,10000.00,0.00,,金錢,,0939*****,
6,鄭俊雄,107年縣(市)議員選舉,首次申報,1071008,個人捐贈收入,蕭輝恩,,6600.00,0.00,,金錢,,0919*****,
7,鄭俊雄,107年縣(市)議員選舉,首次申報,1071008,個人捐贈收入,陳財發,,10000.00,0.00,,金錢,,0487*****,
8,鄭俊雄,107年縣(市)議員選舉,首次申報,1071008,個人捐贈收入,林俊陸,N10*******,10000.00,0.00,,金錢,彰化縣二水鄉****,0936*****,
9,鄭俊雄,107年縣(市)議員選舉,首次申報,1071008,個人捐贈收入,葉仁進,N12*******,6000.00,0.00,,金錢,彰化縣田中鎮****,0937*****,
10,鄭俊雄,107年縣(市)議員選舉,首次申報,1071008,個人捐贈收入,施麗花,N22*******,6000.00,0.00,,金錢,彰化縣田中鎮****,0931*****,
11,鄭俊雄,107年縣(市)議員選舉,首次申報,1071008,個人捐贈收入,吳聰明,P10*******,10000.00,0.00,,金錢,彰化縣田中鎮****,,
12,鄭俊雄,107年縣(市)議員選舉,首次申報,1071009,個人捐贈收入,曾振源,A10*******,50000.00,0.00,,金錢,彰化縣田中鎮****,0487*****,
13,鄭俊雄,107年縣(市)議員選舉,首次申報,1071009,個人捐贈收入,楊永吉,N10*******,100000.00,0.00,,金錢,彰化縣溪州鄉****,0937*****,
14,鄭俊雄,107年縣(市)議員選舉,首次申報,1071009,個人捐贈收入,蔡彩蘭,N20*******,100000.00,0.00,,金錢,彰化縣溪州鄉****,0963*****,
15,鄭俊雄,107年縣(市)議員選舉,首次申報,1071011,個人捐贈收入,邱宏諭,,3600.00,0.00,,金錢,,0919*****,
16,鄭俊雄,107年縣(市)議員選舉,首次申報,1071011,個人捐贈收入,張國重,,2000.00,0.00,,金錢,,0937*****,
17,鄭俊雄,107年縣(市)議員選舉,首次申報,1071011,個人捐贈收入,錢志民,,3600.00,0.00,,金錢,,0952*****,
18,鄭俊雄,107年縣(市)議員選舉,首次申報,1071011,個人捐贈收入,陳宇笙,,6000.00,0.00,,金錢,彰化縣田中鎮****,0931*****,
19,鄭俊雄,107年縣(市)議員選舉,首次申報,1071011,匿名捐贈,匿名,,3600.00,0.00,,金錢,,,
20,鄭俊雄,107年縣(市)議員選舉,首次申報,1071011,營利事業捐贈收入,慶安景觀工程有限公司,80320568,50000.00,0.00,,金錢,彰化縣員林市****,0932*****,
21,鄭俊雄,107年縣(市)議員選舉,首次申報,1071024,個人捐贈收入,孫樹霖,,8000.00,0.00,,金錢,,0937*****,
22,鄭俊雄,107年縣(市)議員選舉,首次申報,1071024,個人捐贈收入,陳景光,,20000.00,0.00,,金錢,,0921*****,
23,鄭俊雄,107年縣(市)議員選舉,首次申報,1071024,個人捐贈收入,劉秀玲,M22*******,2000.00,0.00,,金錢,彰化縣田中鎮****,0911*****,
24,鄭俊雄,107年縣(市)議員選舉,首次申報,1071024,個人捐贈收入,錢廷凱,N12*******,20000.00,0.00,,金錢,彰化縣員林市****,0910*****,
25,鄭俊雄,107年縣(市)議員選舉,首次申報,1071024,個人捐贈收入,余明澤,N12*******,6000.00,0.00,,金錢,彰化縣北斗鎮****,0980*****,
26,鄭俊雄,107年縣(市)議員選舉,首次申報,1071112,個人捐贈收入,蕭銘欽,,10000.00,0.00,,金錢,,0928*****,
27,鄭俊雄,107年縣(市)議員選舉,首次申報,1071112,個人捐贈收入,陳冠廷,,20000.00,0.00,,金錢,,0938*****,
28,鄭俊雄,107年縣(市)議員選舉,首次申報,1071112,個人捐贈收入,曾志新,,6000.00,0.00,,金錢,,0920*****,
29,鄭俊雄,107年縣(市)議員選舉,首次申報,1071112,個人捐贈收入,林信能,,20000.00,0.00,,金錢,,0928*****,
30,鄭俊雄,107年縣(市)議員選舉,首次申報,1071112,個人捐贈收入,游勝發,,6000.00,0.00,,金錢,,0933*****,
31,鄭俊雄,107年縣(市)議員選舉,首次申報,1071112,個人捐贈收入,邱錫錪,,30000.00,0.00,,金錢,,0910*****,
32,鄭俊雄,107年縣(市)議員選舉,首次申報,1071112,營利事業捐贈收入,正新製米股份有限公司,86607580,30000.00,0.00,,金錢,彰化縣田中鎮****,0487*****,
33,鄭俊雄,107年縣(市)議員選舉,首次申報,1071112,個人捐贈收入,劉振東,N12*******,50000.00,0.00,,金錢,彰化縣田中鎮****,0938*****,
34,鄭俊雄,107年縣(市)議員選舉,首次申報,1071112,個人捐贈收入,張美霞,N22*******,11000.00,0.00,,金錢,彰化縣田中鎮****,0921*****,
35,鄭俊雄,107年縣(市)議員選舉,首次申報,1071114,個人捐贈收入,鄭永柱,N10*******,50000.00,0.00,,金錢,彰化縣田中鎮****,0487*****,
