﻿序號,擬參選人／政黨,選舉名稱,申報序號／年度,交易日期,收支科目,捐贈者／支出對象,身分證／統一編號,收入金額,支出金額,支出用途,金錢類,地址,聯絡電話,資料更正日期
1,王映心,107年直轄市議員選舉,首次申報,1070626,個人捐贈收入,許又升,A12*******,10000.00,0.00,,金錢,臺北市大安區****,0930*****,
2,王映心,107年直轄市議員選舉,首次申報,1070713,個人捐贈收入,許又升,A12*******,10000.00,0.00,,金錢,臺北市大安區****,0930*****,
3,王映心,107年直轄市議員選舉,首次申報,1070713,個人捐贈收入,楊光美,A27*******,10000.00,0.00,,金錢,臺北市大安區****,0958*****,
4,王映心,107年直轄市議員選舉,首次申報,1070720,匿名捐贈,匿名,,1.00,0.00,,金錢,,,
5,王映心,107年直轄市議員選舉,首次申報,1070806,個人捐贈收入,許又升,A12*******,10000.00,0.00,,金錢,臺北市大安區****,0930*****,
6,王映心,107年直轄市議員選舉,首次申報,1070806,個人捐贈收入,楊光美,A27*******,10000.00,0.00,,金錢,臺北市大安區****,0958*****,
7,王映心,107年直轄市議員選舉,首次申報,1070809,個人捐贈收入,蔡松伯,,1000.00,0.00,,金錢,高雄市大寮區****,0912*****,
8,王映心,107年直轄市議員選舉,首次申報,1070817,個人捐贈收入,黃瑞如,,1000.00,0.00,,金錢,臺北市內湖區****,0912*****,
9,王映心,107年直轄市議員選舉,首次申報,1070827,個人捐贈收入,卓禹成,,1000.00,0.00,,金錢,臺北市大安區****,0912*****,
10,王映心,107年直轄市議員選舉,首次申報,1070905,個人捐贈收入,許又升,A12*******,10000.00,0.00,,金錢,臺北市大安區****,0930*****,
11,王映心,107年直轄市議員選舉,首次申報,1070905,個人捐贈收入,楊光美,A27*******,10000.00,0.00,,金錢,臺北市大安區****,0958*****,
12,王映心,107年直轄市議員選舉,首次申報,1070906,個人捐贈收入,林昇慶,,1000.00,0.00,,金錢,新北市中和區****,0911*****,
13,王映心,107年直轄市議員選舉,首次申報,1070907,匿名捐贈,匿名,,1000.00,0.00,,金錢,,,
14,王映心,107年直轄市議員選舉,首次申報,1070908,個人捐贈收入,高福辰,,3000.00,0.00,,金錢,,0938*****,
15,王映心,107年直轄市議員選舉,首次申報,1070913,個人捐贈收入,江岳勳,,500.00,0.00,,金錢,臺北市中山區****,0921*****,
16,王映心,107年直轄市議員選舉,首次申報,1070917,營利事業捐贈收入,法築實業有限公司,42849148,5000.00,0.00,,金錢,臺北市士林區****,0910*****,
17,王映心,107年直轄市議員選舉,首次申報,1070921,個人捐贈收入,范萬基,,3000.00,0.00,,金錢,臺北市文山區****,0932*****,
18,王映心,107年直轄市議員選舉,首次申報,1070925,個人捐贈收入,林鵬飛,,1000.00,0.00,,金錢,新北市新店區****,0939*****,
19,王映心,107年直轄市議員選舉,首次申報,1070927,個人捐贈收入,潘桂芳,,6000.00,0.00,,金錢,臺北市文山區****,0953*****,
20,王映心,107年直轄市議員選舉,首次申報,1071001,個人捐贈收入,王昭方,,1000.00,0.00,,金錢,新北市板橋區****,0958*****,
21,王映心,107年直轄市議員選舉,首次申報,1071001,個人捐贈收入,邱紀維,,5000.00,0.00,,金錢,臺中市東區旱****,0918*****,
22,王映心,107年直轄市議員選舉,首次申報,1071009,個人捐贈收入,林珂莆,,5000.00,0.00,,金錢,基隆市暖暖區****,0910*****,
23,王映心,107年直轄市議員選舉,首次申報,1071009,個人捐贈收入,陸韋翰,,10000.00,0.00,,金錢,高雄市鹽埕區****,0928*****,
24,王映心,107年直轄市議員選舉,首次申報,1071009,個人捐贈收入,劉威良,,1200.00,0.00,,金錢,臺北市萬華區****,(02)*****,
25,王映心,107年直轄市議員選舉,首次申報,1071009,個人捐贈收入,羅勝彥,,2000.00,0.00,,金錢,臺北市中山區****,0911*****,
26,王映心,107年直轄市議員選舉,首次申報,1071009,個人捐贈收入,張興旺,,5000.00,0.00,,金錢,臺北市中正區****,0935*****,
27,王映心,107年直轄市議員選舉,首次申報,1071009,個人捐贈收入,張興旺,,5000.00,0.00,,金錢,臺北市中正區****,0935*****,
28,王映心,107年直轄市議員選舉,首次申報,1071009,個人捐贈收入,陳燦龍,,3000.00,0.00,,金錢,臺北市士林區****,0935*****,
29,王映心,107年直轄市議員選舉,首次申報,1071009,個人捐贈收入,黃瑜君,,5000.00,0.00,,金錢,臺北市中山區****,0935*****,
30,王映心,107年直轄市議員選舉,首次申報,1071009,個人捐贈收入,蔡勁甫,,3000.00,0.00,,金錢,新北市板橋區****,0910*****,
31,王映心,107年直轄市議員選舉,首次申報,1071009,個人捐贈收入,官俊彥,A12*******,30000.00,0.00,,金錢,臺北市文山區****,0963*****,
32,王映心,107年直轄市議員選舉,首次申報,1071009,個人捐贈收入,詹育豪,A12*******,30000.00,0.00,,金錢,臺北市文山區****,0975*****,
33,王映心,107年直轄市議員選舉,首次申報,1071011,個人捐贈收入,蔡憲銘,,6000.00,0.00,,金錢,高雄市仁武區****,0917*****,
34,王映心,107年直轄市議員選舉,首次申報,1071013,個人捐贈收入,廖方瑜,,100.00,0.00,,金錢,新北市中和區****,0918*****,
35,王映心,107年直轄市議員選舉,首次申報,1071013,個人捐贈收入,羅勝彥,,4000.00,0.00,,金錢,臺北市中山區****,0911*****,
36,王映心,107年直轄市議員選舉,首次申報,1071013,個人捐贈收入,陳俊光,,3000.00,0.00,,金錢,臺北市松山區****,0939*****,
37,王映心,107年直轄市議員選舉,首次申報,1071013,個人捐贈收入,高志仁,,9000.00,0.00,,金錢,臺北市北投區****,0928*****,
38,王映心,107年直轄市議員選舉,首次申報,1071013,個人捐贈收入,陳儀深,,10000.00,0.00,,金錢,臺北市士林區****,0932*****,
39,王映心,107年直轄市議員選舉,首次申報,1071013,個人捐贈收入,黃弘杰,,3000.00,0.00,,金錢,宜蘭縣羅東鎮****,0935*****,
40,王映心,107年直轄市議員選舉,首次申報,1071013,個人捐贈收入,吳振威,,3000.00,0.00,,金錢,臺北市中山區****,0952*****,
41,王映心,107年直轄市議員選舉,首次申報,1071013,個人捐贈收入,林孫傳,,1500.00,0.00,,金錢,臺北市北投區****,(02)*****,
42,王映心,107年直轄市議員選舉,首次申報,1071013,個人捐贈收入,林文成,,1500.00,0.00,,金錢,臺北市北投區****,(02)*****,
43,王映心,107年直轄市議員選舉,首次申報,1071013,匿名捐贈,匿名,,10000.00,0.00,,金錢,,,
44,王映心,107年直轄市議員選舉,首次申報,1071013,匿名捐贈,大法壇,,2000.00,0.00,,金錢,,,
45,王映心,107年直轄市議員選舉,首次申報,1071016,個人捐贈收入,黃馨儀,,1500.00,0.00,,金錢,桃園市蘆竹區****,0968*****,
46,王映心,107年直轄市議員選舉,首次申報,1071030,個人捐贈收入,許又升,,10000.00,0.00,,金錢,臺北市大安區****,0930*****,
47,王映心,107年直轄市議員選舉,首次申報,1071030,個人捐贈收入,楊光美,,10000.00,0.00,,金錢,臺北市大安區****,0958*****,
48,王映心,107年直轄市議員選舉,首次申報,1071031,個人捐贈收入,賴淑美,,6000.00,0.00,,金錢,臺北市北投區****,0926*****,
49,王映心,107年直轄市議員選舉,首次申報,1071105,匿名捐贈,匿名,,10000.00,0.00,,金錢,,,
50,王映心,107年直轄市議員選舉,首次申報,1071106,個人捐贈收入,林勉,,20000.00,0.00,,非金錢,臺北市萬華區****,02-2*****,
51,王映心,107年直轄市議員選舉,首次申報,1071106,個人捐贈收入,詹舜翔,A12*******,30000.00,0.00,,非金錢,新北市中和區****,0912*****,
52,王映心,107年直轄市議員選舉,首次申報,1071107,個人捐贈收入,施特朗,,1974.00,0.00,,金錢,臺北市中正區****,0910*****,
53,王映心,107年直轄市議員選舉,首次申報,1071107,個人捐贈收入,唐志慧,,3000.00,0.00,,金錢,臺北市北投區****,0937*****,
54,王映心,107年直轄市議員選舉,首次申報,1071107,個人捐贈收入,許英一,,5000.00,0.00,,金錢,新北市板橋區****,0910*****,
55,王映心,107年直轄市議員選舉,首次申報,1071108,個人捐贈收入,徐月雲,,7000.00,0.00,,金錢,基隆市暖暖區****,0932*****,
56,王映心,107年直轄市議員選舉,首次申報,1071108,個人捐贈收入,張恩欣,,5000.00,0.00,,金錢,臺北市文山區****,0922*****,
57,王映心,107年直轄市議員選舉,首次申報,1071108,匿名捐贈,匿名,,1000.00,0.00,,金錢,,,
58,王映心,107年直轄市議員選舉,首次申報,1071108,匿名捐贈,匿名,,3000.00,0.00,,金錢,,,
59,王映心,107年直轄市議員選舉,首次申報,1071108,個人捐贈收入,詹育豪,A12*******,70000.00,0.00,,金錢,臺北市文山區****,0975*****,
60,王映心,107年直轄市議員選舉,首次申報,1071112,個人捐贈收入,徐月雲,F20*******,13000.00,0.00,,非金錢,基隆市暖暖區****,0932*****,
61,王映心,107年直轄市議員選舉,首次申報,1071113,個人捐贈收入,周建佑,,1688.00,0.00,,金錢,臺中市西區台****,0919*****,
62,王映心,107年直轄市議員選舉,首次申報,1071114,個人捐贈收入,楊秋貞,,3000.00,0.00,,金錢,臺北市士林區****,0921*****,
63,王映心,107年直轄市議員選舉,首次申報,1071115,個人捐贈收入,陳怡安,,1000.00,0.00,,金錢,南投縣竹山鎮****,0983*****,
64,王映心,107年直轄市議員選舉,首次申報,1071116,個人捐贈收入,徐紹展,,10000.00,0.00,,金錢,,0910*****,
65,王映心,107年直轄市議員選舉,首次申報,1071119,個人捐贈收入,陳春旭,,3600.00,0.00,,金錢,新竹市東區水****,0916*****,
66,王映心,107年直轄市議員選舉,首次申報,1071119,個人捐贈收入,詹雅晴,,1500.00,0.00,,金錢,臺北市大安區****,0921*****,
67,王映心,107年直轄市議員選舉,首次申報,1071120,個人捐贈收入,李東霖,,2000.00,0.00,,金錢,臺中市龍井區****,0916*****,
68,王映心,107年直轄市議員選舉,首次申報,1071122,個人捐贈收入,陳依君,,5000.00,0.00,,金錢,新北市中和區****,(02)*****,
69,王映心,107年直轄市議員選舉,首次申報,1071123,個人捐贈收入,林青昭,,3000.00,0.00,,金錢,新北市汐止區****,0939*****,
70,王映心,107年直轄市議員選舉,首次申報,1071123,個人捐贈收入,邱亮瑋,,190.00,0.00,,金錢,高雄市左營區****,(07)*****,
71,王映心,107年直轄市議員選舉,首次申報,1071123,匿名捐贈,陳源輝,,2000.00,0.00,,金錢,,,
72,王映心,107年直轄市議員選舉,首次申報,1071123,個人捐贈收入,曾匯閎,,3000.00,0.00,,金錢,,0939*****,
73,王映心,107年直轄市議員選舉,首次申報,1071123,匿名捐贈,張素鐘,,1000.00,0.00,,金錢,,,
74,王映心,107年直轄市議員選舉,首次申報,1071123,個人捐贈收入,周育生,,2000.00,0.00,,金錢,臺北市大安區****,0980*****,
75,王映心,107年直轄市議員選舉,首次申報,1071123,個人捐贈收入,徐月雲,,10000.00,0.00,,金錢,基隆市暖暖區****,0932*****,
76,王映心,107年直轄市議員選舉,首次申報,1071123,匿名捐贈,匿名,,3000.00,0.00,,金錢,,,
77,王映心,107年直轄市議員選舉,首次申報,1071123,個人捐贈收入,許又升,A12*******,10000.00,0.00,,金錢,臺北市大安區****,0930*****,
78,王映心,107年直轄市議員選舉,首次申報,1071123,個人捐贈收入,楊光美,A27*******,10000.00,0.00,,金錢,臺北市大安區****,0958*****,
79,王映心,107年直轄市議員選舉,首次申報,1071221,其他收入,利息收入,,14.00,0.00,,金錢,,,
