﻿序號,擬參選人／政黨,選舉名稱,申報序號／年度,交易日期,收支科目,捐贈者／支出對象,身分證／統一編號,收入金額,支出金額,支出用途,金錢類,地址,聯絡電話,資料更正日期
1,張維倩,107年直轄市議員選舉,首次申報,1070901,個人捐贈收入,李榮崇,Q12*******,30000.00,0.00,,金錢,新北市中和區****,,
2,張維倩,107年直轄市議員選舉,首次申報,1070912,個人捐贈收入,郭詩岳,A12*******,20000.00,0.00,,金錢,臺北市松山區****,,
3,張維倩,107年直轄市議員選舉,首次申報,1070912,個人捐贈收入,李國威,C12*******,5000.00,0.00,,金錢,新北市中和區****,,
4,張維倩,107年直轄市議員選舉,首次申報,1070912,個人捐贈收入,謝錫明,N10*******,20000.00,0.00,,金錢,新北市中和區****,,
5,張維倩,107年直轄市議員選舉,首次申報,1070914,個人捐贈收入,徐彬,F12*******,100000.00,0.00,,金錢,新北市中和區****,,
6,張維倩,107年直轄市議員選舉,首次申報,1070914,個人捐贈收入,廉瑞珍,J22*******,100000.00,0.00,,金錢,新北市中和區****,,
7,張維倩,107年直轄市議員選舉,首次申報,1070920,個人捐贈收入,張福源,F12*******,100000.00,0.00,,金錢,新北市中和區****,,
8,張維倩,107年直轄市議員選舉,首次申報,1070926,營利事業捐贈收入,冠輝建設股份有限公司,29155122,60000.00,0.00,,金錢,新北市中和區****,,
9,張維倩,107年直轄市議員選舉,首次申報,1071001,營利事業捐贈收入,富麗營造有限公司,97405631,100000.00,0.00,,金錢,新北市中和區****,,
10,張維倩,107年直轄市議員選舉,首次申報,1071004,營利事業捐贈收入,綠友建設股份有限公司,24276668,100000.00,0.00,,金錢,新北市中和區****,,
11,張維倩,107年直轄市議員選舉,首次申報,1071005,個人捐贈收入,游任德,F10*******,10000.00,0.00,,金錢,新北市中和區****,,
12,張維倩,107年直轄市議員選舉,首次申報,1071008,營利事業捐贈收入,富鎮公業有限公司,13078901,30000.00,0.00,,金錢,新北市樹林區****,,
13,張維倩,107年直轄市議員選舉,首次申報,1071009,個人捐贈收入,張東川,F10*******,3000.00,0.00,,金錢,新北市中和區****,,
14,張維倩,107年直轄市議員選舉,首次申報,1071009,個人捐贈收入,陳永南,G10*******,3000.00,0.00,,金錢,新北市中和區****,,
15,張維倩,107年直轄市議員選舉,首次申報,1071011,人民團體捐贈收入,社團法人新北市牙醫師公會,,30000.00,0.00,,金錢,新北市板橋區****,8961*****,
16,張維倩,107年直轄市議員選舉,首次申報,1071011,個人捐贈收入,范進瑞,F10*******,2500.00,0.00,,非金錢,新北市中和區****,,
17,張維倩,107年直轄市議員選舉,首次申報,1071012,個人捐贈收入,林渙章,F10*******,3000.00,0.00,,金錢,新北市中和區****,,
18,張維倩,107年直轄市議員選舉,首次申報,1071012,個人捐贈收入,范進瑞,F10*******,30000.00,0.00,,金錢,新北市中和區****,,
19,張維倩,107年直轄市議員選舉,首次申報,1071013,個人捐贈收入,蔡政龍,J12*******,2200.00,0.00,,非金錢,新北市中和區****,,
20,張維倩,107年直轄市議員選舉,首次申報,1071013,個人捐贈收入,許寶銅,N12*******,2500.00,0.00,,非金錢,新北市中和區****,,
21,張維倩,107年直轄市議員選舉,首次申報,1071014,人民團體捐贈收入,新北市水電裝置業職業工會,,30000.00,0.00,,金錢,新北市板橋區****,2251*****,
22,張維倩,107年直轄市議員選舉,首次申報,1071014,人民團體捐贈收入,台灣區電氣工程工業同業公會,,30000.00,0.00,,金錢,台北市松江路****,2571*****,
23,張維倩,107年直轄市議員選舉,首次申報,1071014,人民團體捐贈收入,台灣區水管工程工業同業公會,,60000.00,0.00,,金錢,台北市中山區****,02-2*****,
24,張維倩,107年直轄市議員選舉,首次申報,1071014,個人捐贈收入,李俊鎧,A11*******,3000.00,0.00,,金錢,新北市中和區****,,
25,張維倩,107年直轄市議員選舉,首次申報,1071014,個人捐贈收入,蔡寶南,A12*******,10000.00,0.00,,金錢,新北市中和區****,,
26,張維倩,107年直轄市議員選舉,首次申報,1071014,個人捐贈收入,林清松,F10*******,10000.00,0.00,,金錢,新北市中和區****,,
27,張維倩,107年直轄市議員選舉,首次申報,1071014,個人捐贈收入,陳池文,F10*******,10000.00,0.00,,金錢,新北市中和區****,,
28,張維倩,107年直轄市議員選舉,首次申報,1071014,個人捐贈收入,孫昆忠,F10*******,20000.00,0.00,,金錢,桃園市桃園區****,,
29,張維倩,107年直轄市議員選舉,首次申報,1071014,個人捐贈收入,林青陽,F10*******,10000.00,0.00,,金錢,新北市中和區****,,
30,張維倩,107年直轄市議員選舉,首次申報,1071014,個人捐贈收入,林清芳,F12*******,10000.00,0.00,,金錢,新北市中和區****,,
31,張維倩,107年直轄市議員選舉,首次申報,1071014,個人捐贈收入,林清和,F12*******,10000.00,0.00,,金錢,新北市中和區****,,
32,張維倩,107年直轄市議員選舉,首次申報,1071014,個人捐贈收入,林清吉,F12*******,10000.00,0.00,,金錢,新北市中和區****,,
33,張維倩,107年直轄市議員選舉,首次申報,1071014,個人捐贈收入,簡健國,F12*******,20000.00,0.00,,金錢,新北市中和區****,,
34,張維倩,107年直轄市議員選舉,首次申報,1071014,個人捐贈收入,郭鴻樟,G12*******,100000.00,0.00,,金錢,新北市中和區****,,
35,張維倩,107年直轄市議員選舉,首次申報,1071014,個人捐贈收入,林秋悅,M22*******,100000.00,0.00,,金錢,新北市中和區****,,
36,張維倩,107年直轄市議員選舉,首次申報,1071014,個人捐贈收入,許瑞曰,N10*******,20000.00,0.00,,金錢,新北市中和區****,,
37,張維倩,107年直轄市議員選舉,首次申報,1071014,個人捐贈收入,邱聰週,N12*******,3000.00,0.00,,金錢,新北市中和區****,,
38,張維倩,107年直轄市議員選舉,首次申報,1071014,個人捐贈收入,黃聰孟,Q10*******,100000.00,0.00,,金錢,新北市中和區****,,
39,張維倩,107年直轄市議員選舉,首次申報,1071014,個人捐贈收入,蘇進財,Q12*******,100000.00,0.00,,金錢,新北市中和區****,,
40,張維倩,107年直轄市議員選舉,首次申報,1071014,個人捐贈收入,林居祿,S10*******,3000.00,0.00,,金錢,新北市中和區****,,
41,張維倩,107年直轄市議員選舉,首次申報,1071014,個人捐贈收入,歐添裕,S10*******,10000.00,0.00,,金錢,新北市中和區****,,
42,張維倩,107年直轄市議員選舉,首次申報,1071014,個人捐贈收入,吳林,V10*******,10000.00,0.00,,金錢,新北市中和區****,,
43,張維倩,107年直轄市議員選舉,首次申報,1071017,匿名捐贈,匿名,,10000.00,0.00,,金錢,,,
44,張維倩,107年直轄市議員選舉,首次申報,1071017,人民團體捐贈收入,台灣區水管工程工業同業公會,,60000.00,0.00,,金錢,台北市中山區****,02-2*****,
45,張維倩,107年直轄市議員選舉,首次申報,1071017,營利事業捐贈收入,興霖食品股份有限公司,02486752,10000.00,0.00,,金錢,南投縣南投市****,,
46,張維倩,107年直轄市議員選舉,首次申報,1071017,營利事業捐贈收入,金三元汽車股份有限公司,13110352,50000.00,0.00,,金錢,新北市中和區****,,
47,張維倩,107年直轄市議員選舉,首次申報,1071017,營利事業捐贈收入,北欣企業有限公司,54348794,50000.00,0.00,,金錢,臺北市中山區****,,
48,張維倩,107年直轄市議員選舉,首次申報,1071017,營利事業捐贈收入,振勝水電材料有限公司,84215531,10000.00,0.00,,金錢,新北市中和區****,,
49,張維倩,107年直轄市議員選舉,首次申報,1071017,個人捐贈收入,葉莉璟,A22*******,12000.00,0.00,,金錢,新北市中和區****,,
50,張維倩,107年直轄市議員選舉,首次申報,1071017,個人捐贈收入,林阿貞,F10*******,5000.00,0.00,,金錢,新北市中和區****,,
51,張維倩,107年直轄市議員選舉,首次申報,1071017,個人捐贈收入,林良祺,M12*******,20000.00,0.00,,金錢,新北市中和區****,,
52,張維倩,107年直轄市議員選舉,首次申報,1071017,個人捐贈收入,陳素美,M22*******,2000.00,0.00,,金錢,新北市中和區****,,
53,張維倩,107年直轄市議員選舉,首次申報,1071017,個人捐贈收入,李兆嘉,R12*******,100000.00,0.00,,金錢,新北市板橋區****,,
54,張維倩,107年直轄市議員選舉,首次申報,1071030,個人捐贈收入,吳鑑凌,K22*******,6000.00,0.00,,金錢,新北市中和區****,,
55,張維倩,107年直轄市議員選舉,首次申報,1071030,個人捐贈收入,陳春夏,N12*******,6000.00,0.00,,金錢,新北市中和區****,,
56,張維倩,107年直轄市議員選舉,首次申報,1071102,營利事業捐贈收入,承穩實業有限公司,52459604,300000.00,0.00,,金錢,臺北市大同區****,,
57,張維倩,107年直轄市議員選舉,首次申報,1071105,個人捐贈收入,林秋梅,S22*******,1000.00,0.00,,金錢,新北市中和區****,,
58,張維倩,107年直轄市議員選舉,首次申報,1071109,個人捐贈收入,張湘緹,H22*******,30000.00,0.00,,金錢,新北市三重區****,,
59,張維倩,107年直轄市議員選舉,首次申報,1071109,個人捐贈收入,林翠鶯,P22*******,3000.00,0.00,,金錢,新北市中和區****,,
60,張維倩,107年直轄市議員選舉,首次申報,1071110,匿名捐贈,匿名1,,10000.00,0.00,,金錢,,,
61,張維倩,107年直轄市議員選舉,首次申報,1071112,個人捐贈收入,楊舒婷,F22*******,50000.00,0.00,,金錢,新北市中和區****,,
62,張維倩,107年直轄市議員選舉,首次申報,1071112,個人捐贈收入,張森彬,M10*******,20000.00,0.00,,金錢,新北市新莊區****,,
63,張維倩,107年直轄市議員選舉,首次申報,1071112,個人捐贈收入,洪永華,N12*******,5000.00,0.00,,金錢,新北市中和區****,,
64,張維倩,107年直轄市議員選舉,首次申報,1071112,個人捐贈收入,黃山粽,P10*******,2000.00,0.00,,金錢,新北市中和區****,,
65,張維倩,107年直轄市議員選舉,首次申報,1071112,個人捐贈收入,吳同益,T10*******,10000.00,0.00,,金錢,新北市中和區****,,
66,張維倩,107年直轄市議員選舉,首次申報,1071113,個人捐贈收入,楊錦芳,F22*******,3000.00,0.00,,金錢,新北市三重區****,,
67,張維倩,107年直轄市議員選舉,首次申報,1071113,個人捐贈收入,楊聖中,H12*******,100000.00,0.00,,金錢,臺北市大安區****,,
68,張維倩,107年直轄市議員選舉,首次申報,1071114,匿名捐贈,匿名2,,5000.00,0.00,,金錢,,,
69,張維倩,107年直轄市議員選舉,首次申報,1071114,營利事業捐贈收入,全懋營造有限公司,23090094,100000.00,0.00,,金錢,新北市中和區****,,
70,張維倩,107年直轄市議員選舉,首次申報,1071114,個人捐贈收入,盧進益,A10*******,2000.00,0.00,,金錢,新北市中和區****,,
71,張維倩,107年直轄市議員選舉,首次申報,1071114,個人捐贈收入,黃一宸,A12*******,100000.00,0.00,,金錢,新北市中和區****,,
72,張維倩,107年直轄市議員選舉,首次申報,1071118,營利事業捐贈收入,全懋營造有限公司,23090094,100000.00,0.00,,金錢,新北市中和區****,,
73,張維倩,107年直轄市議員選舉,首次申報,1071118,個人捐贈收入,范淑芬,H22*******,6000.00,0.00,,金錢,新北市中和區****,,
74,張維倩,107年直轄市議員選舉,首次申報,1071120,營利事業捐贈收入,駿慶塑膠股份有限公司,23442529,12000.00,0.00,,金錢,桃園市平鎮區****,,
75,張維倩,107年直轄市議員選舉,首次申報,1071120,個人捐贈收入,羅永宜,A12*******,100000.00,0.00,,金錢,臺北市內湖區****,,
76,張維倩,107年直轄市議員選舉,首次申報,1071120,個人捐贈收入,羅李阿昭,A20*******,100000.00,0.00,,金錢,臺北市內湖區****,,
77,張維倩,107年直轄市議員選舉,首次申報,1071121,營利事業捐贈收入,美亞鋼鐵廠股份有限公司,44680700,500000.00,0.00,,金錢,臺北市大同區****,,
78,張維倩,107年直轄市議員選舉,首次申報,1071123,個人捐贈收入,簡文劉,F10*******,100000.00,0.00,,金錢,新北市中和區****,,
79,張維倩,107年直轄市議員選舉,首次申報,1071221,其他收入,利息收入,,43.00,0.00,,金錢,,,
