﻿序號,擬參選人／政黨,選舉名稱,申報序號／年度,交易日期,收支科目,捐贈者／支出對象,身分證／統一編號,收入金額,支出金額,支出用途,金錢類,地址,聯絡電話,資料更正日期
1,陳文新,107年鄉(鎮、市)長選舉,首次申報,1071113,營利事業捐贈收入,喬洲開發股份有限公司,40597700,20000.00,0.00,,金錢,宜蘭縣三星鄉****,,
2,陳文新,107年鄉(鎮、市)長選舉,首次申報,1071113,營利事業捐贈收入,兆峰實業股份有限公司,86766897,30000.00,0.00,,金錢,宜蘭縣冬山鄉****,,
3,陳文新,107年鄉(鎮、市)長選舉,首次申報,1071113,營利事業捐贈收入,華瑞廣告有限公司,89449782,10000.00,0.00,,金錢,臺北市信義區****,,
4,陳文新,107年鄉(鎮、市)長選舉,首次申報,1071113,個人捐贈收入,林建奮,G12*******,30000.00,0.00,,金錢,宜蘭縣三星鄉****,,
5,陳文新,107年鄉(鎮、市)長選舉,首次申報,1071116,個人捐贈收入,呂鳳珠,G22*******,100000.00,0.00,,金錢,宜蘭縣三星鄉****,,
