﻿序號,擬參選人／政黨,選舉名稱,申報序號／年度,交易日期,收支科目,捐贈者／支出對象,身分證／統一編號,收入金額,支出金額,捐贈方式,存入專戶日期,返還/繳庫,支出用途,金錢類,地址,聯絡電話,應揭露之支出對象,支出對象之內部人員姓名,支出對象之內部人員職稱,政黨之內部人員姓名,政黨之內部人員職稱,關係,更正註記,資料更正日期
1,江欣怡,111年基隆市議員選舉,首次申報,1110610,個人捐贈收入,陳薇仲,C22*******,30000.00,0.00,匯款,1110610,,,金錢,基隆市安樂區****,,,,,,,,,
2,江欣怡,111年基隆市議員選舉,首次申報,1110610,個人捐贈收入,黃國昌,F12*******,100000.00,0.00,現金,1110610,,,金錢,新北市汐止區****,,,,,,,,,
3,江欣怡,111年基隆市議員選舉,首次申報,1110614,匿名捐贈,線上捐款測試,,1.00,0.00,匯款,1110614,,,金錢,,,,,,,,,,
4,江欣怡,111年基隆市議員選舉,首次申報,1110615,匿名捐贈,李昭成,,1000.00,0.00,匯款,1110615,,,金錢,,,,,,,,,,
5,江欣怡,111年基隆市議員選舉,首次申報,1110615,匿名捐贈,田柏升,,2000.00,0.00,現金,1110621,,,金錢,,,,,,,,,,
6,江欣怡,111年基隆市議員選舉,首次申報,1110615,匿名捐贈,蕭上農,,3000.00,0.00,匯款,1110622,,,金錢,,,,,,,,,,
7,江欣怡,111年基隆市議員選舉,首次申報,1110615,匿名捐贈,汪雨葶,,100.00,0.00,匯款,1110622,,,金錢,,,,,,,,,,
8,江欣怡,111年基隆市議員選舉,首次申報,1110618,匿名捐贈,國中同學,,100.00,0.00,匯款,1110618,,,金錢,,,,,,,,,,
9,江欣怡,111年基隆市議員選舉,首次申報,1110618,個人捐贈收入,呂瓊珠,Q22*******,5000.00,0.00,匯款,1110618,,,金錢,桃園市平鎮區****,,,,,,,,,
10,江欣怡,111年基隆市議員選舉,首次申報,1110620,個人捐贈收入,陳薇仲,C22*******,30000.00,0.00,匯款,1110620,,,金錢,基隆市安樂區****,,,,,,,,,
11,江欣怡,111年基隆市議員選舉,首次申報,1110621,匿名捐贈,匿名,,1000.00,0.00,匯款,1110627,,,金錢,,,,,,,,,,
12,江欣怡,111年基隆市議員選舉,首次申報,1110621,其他收入,利息收入,,8.00,0.00,匯款,1110621,,,金錢,,,,,,,,,,
13,江欣怡,111年基隆市議員選舉,首次申報,1110622,個人捐贈收入,陳淑真,C22*******,20000.00,0.00,現金,1110622,,,金錢,基隆市中山區****,,,,,,,,,
14,江欣怡,111年基隆市議員選舉,首次申報,1110624,個人捐贈收入,施驊格,A12*******,5000.00,0.00,匯款,1110630,,,金錢,臺北市士林區****,,,,,,,,,
15,江欣怡,111年基隆市議員選舉,首次申報,1110630,匿名捐贈,中租同事,,3000.00,0.00,匯款,1110630,,,金錢,,,,,,,,,,
16,江欣怡,111年基隆市議員選舉,首次申報,1110705,個人捐贈收入,王宣凱,F12*******,1000.00,0.00,現金,1110705,,,金錢,桃園市桃園區****,,,,,,,,,
17,江欣怡,111年基隆市議員選舉,首次申報,1110712,匿名捐贈,郭育伶,,500.00,0.00,匯款,1110719,,,金錢,,,,,,,,,,
18,江欣怡,111年基隆市議員選舉,首次申報,1110712,個人捐贈收入,歐新匯,H12*******,2000.00,0.00,匯款,1110712,,,金錢,桃園市中壢區****,,,,,,,,,
19,江欣怡,111年基隆市議員選舉,首次申報,1110713,匿名捐贈,林昕慧,,500.00,0.00,匯款,1110719,,,金錢,,,,,,,,,,
20,江欣怡,111年基隆市議員選舉,首次申報,1110713,匿名捐贈,匿名,,9999.00,0.00,匯款,1110719,,,金錢,,,,,,,,,,
21,江欣怡,111年基隆市議員選舉,首次申報,1110713,匿名捐贈,譚英瑛,,500.00,0.00,匯款,1110720,,,金錢,,,,,,,,,,
22,江欣怡,111年基隆市議員選舉,首次申報,1110714,匿名捐贈,蘇育萱,,500.00,0.00,匯款,1110720,,,金錢,,,,,,,,,,
23,江欣怡,111年基隆市議員選舉,首次申報,1110714,匿名捐贈,Janny,,300.00,0.00,匯款,1110714,,,金錢,,,,,,,,,,
24,江欣怡,111年基隆市議員選舉,首次申報,1110715,匿名捐贈,匿名,,500.00,0.00,匯款,1110721,,,金錢,,,,,,,,,,
25,江欣怡,111年基隆市議員選舉,首次申報,1110715,個人捐贈收入,江士耀,A12*******,10000.00,0.00,匯款,1110715,,,金錢,新北市汐止區****,,,,,,,,,
26,江欣怡,111年基隆市議員選舉,首次申報,1110715,個人捐贈收入,黃怡菁,A22*******,1000.00,0.00,匯款,1110721,,,金錢,臺北市松山區****,,,,,,,,,
27,江欣怡,111年基隆市議員選舉,首次申報,1110715,個人捐贈收入,蕭冠祐,S12*******,1500.00,0.00,匯款,1110715,,,金錢,臺東縣臺東市****,,,,,,,,,
28,江欣怡,111年基隆市議員選舉,首次申報,1110715,個人捐贈收入,陳錦玲,T22*******,3000.00,0.00,匯款,1110721,,,金錢,新竹市東區東****,,,,,,,,,
29,江欣怡,111年基隆市議員選舉,首次申報,1110719,個人捐贈收入,林彧謙,H22*******,500.00,0.00,匯款,1110719,,,金錢,新北市汐止區****,,,,,,,,,
30,江欣怡,111年基隆市議員選舉,首次申報,1110721,個人捐贈收入,陳丹,C22*******,10000.00,0.00,匯款,1110721,,,金錢,臺北市松山區****,,,,,,,,,
31,江欣怡,111年基隆市議員選舉,首次申報,1110725,個人捐贈收入,蔡志宏,R10*******,50000.00,0.00,匯款,1110725,,,金錢,彰化縣彰化市****,,,,,,,,,
32,江欣怡,111年基隆市議員選舉,首次申報,1110727,匿名捐贈,王浩,,1000.00,0.00,現金,1110727,,,金錢,,,,,,,,,,
33,江欣怡,111年基隆市議員選舉,首次申報,1110803,個人捐贈收入,江文龍,A12*******,100000.00,0.00,現金,1110803,,,金錢,臺北市信義區****,,,,,,,,,
34,江欣怡,111年基隆市議員選舉,首次申報,1110803,個人捐贈收入,孫齊駿,A12*******,100000.00,0.00,現金,1110803,,,金錢,新北市汐止區****,,,,,,,,,
35,江欣怡,111年基隆市議員選舉,首次申報,1110803,個人捐贈收入,孫明薇,A22*******,100000.00,0.00,現金,1110803,,,金錢,臺北市信義區****,,,,,,,,,
36,江欣怡,111年基隆市議員選舉,首次申報,1110803,個人捐贈收入,蘇懷德,H12*******,100000.00,0.00,匯款,1110803,已返還,,金錢,臺北市信義區****,,,,,,,,,
37,江欣怡,111年基隆市議員選舉,首次申報,1110804,匿名捐贈,匿名,,1000.00,0.00,現金,1110811,,,金錢,,,,,,,,,,
38,江欣怡,111年基隆市議員選舉,首次申報,1110804,個人捐贈收入,李雅琳,C22*******,1000.00,0.00,匯款,1110811,,,金錢,基隆市七堵區****,,,,,,,,,
39,江欣怡,111年基隆市議員選舉,首次申報,1110805,個人捐贈收入,江靜怡,A23*******,1000.00,0.00,匯款,1110805,,,金錢,臺北市信義區****,,,,,,,,,
40,江欣怡,111年基隆市議員選舉,首次申報,1110809,匿名捐贈,李堃滄,,1000.00,0.00,現金,1110809,,,金錢,,,,,,,,,,
41,江欣怡,111年基隆市議員選舉,首次申報,1110809,匿名捐贈,黃詩雅,,1000.00,0.00,現金,1110809,,,金錢,,,,,,,,,,
42,江欣怡,111年基隆市議員選舉,首次申報,1110809,匿名捐贈,蘇育萱,,300.00,0.00,現金,1110809,,,金錢,,,,,,,,,,
43,江欣怡,111年基隆市議員選舉,首次申報,1110809,匿名捐贈,陳小恩,,500.00,0.00,現金,1110809,,,金錢,,,,,,,,,,
44,江欣怡,111年基隆市議員選舉,首次申報,1110809,匿名捐贈,黃淥,,2000.00,0.00,現金,1110809,,,金錢,,,,,,,,,,
45,江欣怡,111年基隆市議員選舉,首次申報,1110811,匿名捐贈,匿名,,1000.00,0.00,匯款,1110817,,,金錢,,,,,,,,,,
46,江欣怡,111年基隆市議員選舉,首次申報,1110817,匿名捐贈,蕭上農,,3000.00,0.00,匯款,1110823,,,金錢,,,,,,,,,,
47,江欣怡,111年基隆市議員選舉,首次申報,1110818,匿名捐贈,邱建誌,,500.00,0.00,匯款,1110825,,,金錢,,,,,,,,,,
48,江欣怡,111年基隆市議員選舉,首次申報,1110818,個人捐贈收入,張鑫隆,F12*******,10000.00,0.00,匯款,1110824,,,金錢,新北市永和區****,,,,,,,,,
49,江欣怡,111年基隆市議員選舉,首次申報,1110823,匿名捐贈,潘忠政,,2000.00,0.00,匯款,1110829,,,金錢,,,,,,,,,,
50,江欣怡,111年基隆市議員選舉,首次申報,1110824,政黨捐贈收入,時代力量,政黨證字第267號,120000.00,0.00,匯款,1110824,已返還,,金錢,臺北市大同區****,(02)*****,,,,,,,,
51,江欣怡,111年基隆市議員選舉,首次申報,1110827,個人捐贈收入,陳淑美,C22*******,10000.00,0.00,匯款,1110827,,,金錢,臺北市萬華區****,,,,,,,,,
52,江欣怡,111年基隆市議員選舉,首次申報,1110830,個人捐贈收入,劉孟如,C22*******,3000.00,0.00,現金,1110906,,,金錢,臺北市松山區****,,,,,,,,,
53,江欣怡,111年基隆市議員選舉,首次申報,1110905,匿名捐贈,蕭上農,,3000.00,0.00,匯款,1110912,,,金錢,,,,,,,,,,
54,江欣怡,111年基隆市議員選舉,首次申報,1110908,匿名捐贈,匿名,,1000.00,0.00,匯款,1110914,,,金錢,,,,,,,,,,
55,江欣怡,111年基隆市議員選舉,首次申報,1110915,匿名捐贈,王嵩音,,10000.00,0.00,匯款,1110922,,,金錢,,,,,,,,,,
56,江欣怡,111年基隆市議員選舉,首次申報,1110916,個人捐贈收入,嚴榆,A22*******,10000.00,0.00,匯款,1110922,,,金錢,臺北市中山區****,,,,,,,,,
57,江欣怡,111年基隆市議員選舉,首次申報,1110918,個人捐贈收入,古明君,J22*******,3000.00,0.00,匯款,1110926,,,金錢,新竹縣竹北市****,,,,,,,,,
58,江欣怡,111年基隆市議員選舉,首次申報,1110919,個人捐贈收入,張衞航,F12*******,3000.00,0.00,匯款,1110926,,,金錢,新北市淡水區****,,,,,,,,,
59,江欣怡,111年基隆市議員選舉,首次申報,1110920,個人捐贈收入,鄭明綺,N12*******,4000.00,0.00,匯款,1110926,,,金錢,彰化縣彰化市****,,,,,,,,,
60,江欣怡,111年基隆市議員選舉,首次申報,1110923,匿名捐贈,匿名,,1000.00,0.00,現金,1110923,,,金錢,,,,,,,,,,
61,江欣怡,111年基隆市議員選舉,首次申報,1110923,匿名捐贈,張龍僑,,5000.00,0.00,現金,1110923,,,金錢,,,,,,,,,,
62,江欣怡,111年基隆市議員選舉,首次申報,1110923,匿名捐贈,林亦謙,,9000.00,0.00,現金,1110923,,,金錢,,,,,,,,,,
63,江欣怡,111年基隆市議員選舉,首次申報,1110923,個人捐贈收入,陳薇仲,C22*******,20000.00,0.00,現金,1110923,,,金錢,基隆市安樂區****,,,,,,,,,
64,江欣怡,111年基隆市議員選舉,首次申報,1110928,匿名捐贈,募款餐會,,4000.00,0.00,現金,1110928,,,金錢,,,,,,,,,,
65,江欣怡,111年基隆市議員選舉,首次申報,1110928,匿名捐贈,募款餐會,,8500.00,0.00,現金,1110928,,,金錢,,,,,,,,,,
66,江欣怡,111年基隆市議員選舉,首次申報,1110930,個人捐贈收入,賴維鈞,A12*******,2000.00,0.00,匯款,1111006,,,金錢,高雄市鳳山區****,,,,,,,,,
67,江欣怡,111年基隆市議員選舉,首次申報,1111007,匿名捐贈,許文榮,,300.00,0.00,匯款,1111013,,,金錢,,,,,,,,,,
68,江欣怡,111年基隆市議員選舉,首次申報,1111022,匿名捐贈,姑姑,,2000.00,0.00,現金,1111028,,,金錢,,,,,,,,,,
69,江欣怡,111年基隆市議員選舉,首次申報,1111022,個人捐贈收入,黃筱媛,L22*******,3600.00,0.00,現金,1111022,,,金錢,臺中市大里區****,,,,,,,,,
70,江欣怡,111年基隆市議員選舉,首次申報,1111028,個人捐贈收入,巫宛蓉,A22*******,50000.00,0.00,現金,1111028,,,金錢,臺北市松山區****,,,,,,,,,
71,江欣怡,111年基隆市議員選舉,首次申報,1111028,個人捐贈收入,劉宸睿,C12*******,50000.00,0.00,現金,1111028,,,金錢,基隆市中山區****,,,,,,,,,
72,江欣怡,111年基隆市議員選舉,首次申報,1111102,匿名捐贈,陳柏廷,,2000.00,0.00,匯款,1111108,,,金錢,,,,,,,,,,
73,江欣怡,111年基隆市議員選舉,首次申報,1111110,個人捐贈收入,彭仁郁,J22*******,10000.00,0.00,匯款,1111116,,,金錢,臺北市大安區****,,,,,,,,,
74,江欣怡,111年基隆市議員選舉,首次申報,1111113,匿名捐贈,王睿賢,,500.00,0.00,現金,1111121,,,金錢,,,,,,,,,,
75,江欣怡,111年基隆市議員選舉,首次申報,1111113,個人捐贈收入,翟本喬,A12*******,48140.00,0.00,,,,,非金錢,臺北市大安區****,,,,,,,,,
76,江欣怡,111年基隆市議員選舉,首次申報,1111221,其他收入,利息收入,,530.00,0.00,匯款,1111221,,,金錢,,,,,,,,,,
