﻿序號,擬參選人／政黨,選舉名稱,申報序號／年度,交易日期,收支科目,捐贈者／支出對象,身分證／統一編號,收入金額,支出金額,支出用途,金錢類,地址,聯絡電話,資料更正日期
1,吳金輝,107年鄉(鎮、市)長選舉,首次申報,1070924,個人捐贈收入,游詩孄,,8000.00,0.00,,金錢,嘉義縣竹崎鄉****,,
2,吳金輝,107年鄉(鎮、市)長選舉,首次申報,1070924,個人捐贈收入,蔡倢妤,,8000.00,0.00,,金錢,嘉義縣竹崎鄉****,,
3,吳金輝,107年鄉(鎮、市)長選舉,首次申報,1070925,匿名捐贈,沈寁堉,,10000.00,0.00,,金錢,,,
4,吳金輝,107年鄉(鎮、市)長選舉,首次申報,1070926,匿名捐贈,吳玉妹,,8000.00,0.00,,金錢,,,
5,吳金輝,107年鄉(鎮、市)長選舉,首次申報,1070926,個人捐贈收入,吳俊宏,,10000.00,0.00,,金錢,嘉義縣竹崎鄉****,,
6,吳金輝,107年鄉(鎮、市)長選舉,首次申報,1070927,個人捐贈收入,魏志明,,2000.00,0.00,,金錢,嘉義縣竹崎鄉****,,
7,吳金輝,107年鄉(鎮、市)長選舉,首次申報,1070928,個人捐贈收入,劉國輝,,550.00,0.00,,非金錢,嘉義縣竹崎鄉****,,
8,吳金輝,107年鄉(鎮、市)長選舉,首次申報,1070928,營利事業捐贈收入,鄉之味餐廳,06321423,2400.00,0.00,,非金錢,中華路號****,,
9,吳金輝,107年鄉(鎮、市)長選舉,首次申報,1070930,個人捐贈收入,廖進田,P12*******,10000.00,0.00,,金錢,,,
10,吳金輝,107年鄉(鎮、市)長選舉,首次申報,1070930,個人捐贈收入,林秋來,Q10*******,3600.00,0.00,,金錢,,,
11,吳金輝,107年鄉(鎮、市)長選舉,首次申報,1070930,個人捐贈收入,温永易,Q12*******,6000.00,0.00,,金錢,,,
12,吳金輝,107年鄉(鎮、市)長選舉,首次申報,1070930,個人捐贈收入,林崑正,Q12*******,2000.00,0.00,,金錢,,,
13,吳金輝,107年鄉(鎮、市)長選舉,首次申報,1070930,個人捐贈收入,李嘉豐,Q12*******,2000.00,0.00,,金錢,,,
14,吳金輝,107年鄉(鎮、市)長選舉,首次申報,1070930,個人捐贈收入,邱銘亮,Q12*******,10000.00,0.00,,金錢,,,
15,吳金輝,107年鄉(鎮、市)長選舉,首次申報,1070930,個人捐贈收入,林家華,Q12*******,15000.00,0.00,,非金錢,,,
16,吳金輝,107年鄉(鎮、市)長選舉,首次申報,1070930,個人捐贈收入,張偉俊,Q12*******,10000.00,0.00,,金錢,,,
17,吳金輝,107年鄉(鎮、市)長選舉,首次申報,1070930,個人捐贈收入,郭秀燕,S22*******,2000.00,0.00,,金錢,,,
18,吳金輝,107年鄉(鎮、市)長選舉,首次申報,1071001,匿名捐贈,林正成,,2000.00,0.00,,金錢,,,
19,吳金輝,107年鄉(鎮、市)長選舉,首次申報,1071002,營利事業捐贈收入,中翔企業行,78457481,7500.00,0.00,,非金錢,,,
20,吳金輝,107年鄉(鎮、市)長選舉,首次申報,1071003,個人捐贈收入,黃長彬,Q12*******,7000.00,0.00,,非金錢,,,
21,吳金輝,107年鄉(鎮、市)長選舉,首次申報,1071022,營利事業捐贈收入,誠一傢俱,34956910,12000.00,0.00,,金錢,,,
22,吳金輝,107年鄉(鎮、市)長選舉,首次申報,1071111,匿名捐贈,林舜卿,,10000.00,0.00,,金錢,,,
23,吳金輝,107年鄉(鎮、市)長選舉,首次申報,1071113,個人捐贈收入,陳盈志,,3000.00,0.00,,金錢,嘉義縣番路鄉****,,
