﻿序號,擬參選人／政黨,選舉名稱,申報序號／年度,交易日期,收支科目,捐贈者／支出對象,身分證／統一編號,收入金額,支出金額,捐贈方式,存入專戶日期,返還/繳庫,支出用途,金錢類,地址,聯絡電話,應揭露之支出對象,支出對象之內部人員姓名,支出對象之內部人員職稱,政黨之內部人員姓名,政黨之內部人員職稱,關係,更正註記,資料更正日期
1,王文怡,111年臺東縣議員選舉,首次申報,1110713,個人捐贈收入,劉恒昌,A12*******,50000.00,0.00,現金,1110713,,,金錢,臺北市中山區****,,,,,,,,,
2,王文怡,111年臺東縣議員選舉,首次申報,1110727,個人捐贈收入,陳玉娟,V22*******,50000.00,0.00,現金,1110727,,,金錢,臺東縣臺東市****,,,,,,,,,
3,王文怡,111年臺東縣議員選舉,首次申報,1110728,營利事業捐贈收入,光鈦國際工業股份有限公司,97366601,50000.00,0.00,現金,1110728,,,金錢,桃園市蘆竹區****,03-3*****,,,,,,,,
4,王文怡,111年臺東縣議員選舉,首次申報,1110905,個人捐贈收入,陳俊伊,A12*******,30000.00,0.00,現金,1110905,,,金錢,臺東縣臺東市****,,,,,,,,,
5,王文怡,111年臺東縣議員選舉,首次申報,1110918,個人捐贈收入,黃姿瑛,R22*******,10000.00,0.00,現金,1110918,,,金錢,新竹縣竹北市****,,,,,,,,,
6,王文怡,111年臺東縣議員選舉,首次申報,1111021,營利事業捐贈收入,樂世旅行社有限公司,53948378,5000.00,0.00,現金,1111021,已返還,,金錢,臺北市中正區****,,,,,,,,,
7,王文怡,111年臺東縣議員選舉,首次申報,1111028,營利事業捐贈收入,詮豐營造有限公司,90672366,20000.00,0.00,現金,1111028,已返還,,金錢,臺東縣臺東市****,,,,,,,,,
8,王文怡,111年臺東縣議員選舉,首次申報,1111104,個人捐贈收入,王靖雲,V22*******,5000.00,0.00,現金,1111104,,,金錢,臺東縣臺東市****,,,,,,,,,
9,王文怡,111年臺東縣議員選舉,首次申報,1111110,個人捐贈收入,林昱翰,T12*******,20000.00,0.00,現金,1111110,,,金錢,新竹市東區關****,,,,,,,,,
10,王文怡,111年臺東縣議員選舉,首次申報,1111110,個人捐贈收入,邱文佩,V22*******,5000.00,0.00,現金,1111110,,,金錢,臺東縣卑南鄉****,,,,,,,,,
11,王文怡,111年臺東縣議員選舉,首次申報,1111111,個人捐贈收入,吳勇政,V12*******,5000.00,0.00,現金,1111111,,,金錢,臺東縣臺東市****,,,,,,,,,
12,王文怡,111年臺東縣議員選舉,首次申報,1111115,個人捐贈收入,江俊嶙,Q12*******,10000.00,0.00,現金,1111115,,,金錢,新北市烏來區****,,,,,,,,,
13,王文怡,111年臺東縣議員選舉,首次申報,1111116,個人捐贈收入,何玲玲,P22*******,50000.00,0.00,現金,1111116,,,金錢,臺北市民生東****,,,,,,,,,
14,王文怡,111年臺東縣議員選舉,首次申報,1111117,個人捐贈收入,朱瑞陽,H12*******,30000.00,0.00,現金,1111117,,,金錢,新北市新莊區****,,,,,,,,,
15,王文怡,111年臺東縣議員選舉,首次申報,1111221,其他收入,利息收入,,371.00,0.00,匯款,1111221,,,金錢,,,,,,,,,,
16,王文怡,111年臺東縣議員選舉,首次申報,1120105,其他收入,利息收入,,80.00,0.00,匯款,1120105,,,金錢,,,,,,,,,,
