﻿序號,擬參選人／政黨,選舉名稱,申報序號／年度,交易日期,收支科目,捐贈者／支出對象,身分證／統一編號,收入金額,支出金額,支出用途,金錢類,地址,聯絡電話,資料更正日期
1,曾紀嚴,107年縣(市)議員選舉,首次申報,1070906,匿名捐贈,匿名,,147.00,0.00,,金錢,,,
2,曾紀嚴,107年縣(市)議員選舉,首次申報,1071016,個人捐贈收入,林富貴,F12*******,50000.00,0.00,,金錢,基隆市信義區****,,
3,曾紀嚴,107年縣(市)議員選舉,首次申報,1071018,個人捐贈收入,傅宗華,C10*******,60000.00,0.00,,金錢,新北市樹林區****,,
4,曾紀嚴,107年縣(市)議員選舉,首次申報,1071021,人民團體捐贈收入,基隆曾氏宗親會,,20000.00,0.00,,金錢,基隆市孝一路****,02-2*****,
5,曾紀嚴,107年縣(市)議員選舉,首次申報,1071022,營利事業捐贈收入,有限責任基隆第一信用合作社,00280902,30000.00,0.00,,金錢,基隆市中正區****,02-2*****,
6,曾紀嚴,107年縣(市)議員選舉,首次申報,1071024,營利事業捐贈收入,德新車業有限公司,16508480,5000.00,0.00,,非金錢,基隆市仁愛區****,02-2*****,
7,曾紀嚴,107年縣(市)議員選舉,首次申報,1071024,個人捐贈收入,王冀高,Q12*******,20000.00,0.00,,金錢,基隆市仁愛區****,02-2*****,
8,曾紀嚴,107年縣(市)議員選舉,首次申報,1071031,個人捐贈收入,李德賢,P10*******,12000.00,0.00,,金錢,臺北市中山區****,,
9,曾紀嚴,107年縣(市)議員選舉,首次申報,1071031,個人捐贈收入,曾志達,R10*******,3600.00,0.00,,金錢,基隆市七堵區****,,
10,曾紀嚴,107年縣(市)議員選舉,首次申報,1071103,個人捐贈收入,章金元,A10*******,100000.00,0.00,,金錢,新北市汐止區****,,
11,曾紀嚴,107年縣(市)議員選舉,首次申報,1071106,個人捐贈收入,吳文喜,C10*******,5000.00,0.00,,金錢,基隆市仁愛區****,,
12,曾紀嚴,107年縣(市)議員選舉,首次申報,1071221,其他收入,利息收入,,2.00,0.00,,金錢,,,
