﻿序號,擬參選人／政黨,選舉名稱,申報序號／年度,交易日期,收支科目,捐贈者／支出對象,身分證／統一編號,收入金額,支出金額,捐贈方式,存入專戶日期,返還/繳庫,支出用途,金錢類,地址,聯絡電話,應揭露之支出對象,支出對象之內部人員姓名,支出對象之內部人員職稱,政黨之內部人員姓名,政黨之內部人員職稱,關係,更正註記,資料更正日期
1,曹喜斌,111年宜蘭縣羅東鎮鎮民代表選舉,首次申報,1110902,雜支支出,玉豐股份有限公司,23267661,0.00,5400.00,,,,餐飲費用,金錢,宜蘭縣羅東鎮****,03-9*****,否,,,,,,,
2,曹喜斌,111年宜蘭縣羅東鎮鎮民代表選舉,首次申報,1111122,宣傳支出,統業廣告社,19581111,0.00,81590.00,,,,製作競選物品(競選看板帆布工程),金錢,宜蘭縣員山鄉****,03-9*****,否,,,,,,,
3,曹喜斌,111年宜蘭縣羅東鎮鎮民代表選舉,首次申報,1111205,宣傳支出,約瑟國際有限公司,54693795,0.00,110145.00,,,,製作競選物品（廣告口罩）,金錢,臺北市松山區****,02-8*****,否,,,,,,,
4,曹喜斌,111年宜蘭縣羅東鎮鎮民代表選舉,首次申報,1111215,宣傳支出,欣美彩色印刷廠,40605384,0.00,34150.00,,,,製作競選文宣,金錢,宜蘭縣羅東鎮****,03-9*****,否,,,,,,,
5,曹喜斌,111年宜蘭縣羅東鎮鎮民代表選舉,首次申報,1111222,集會支出,宏銘棚架舞台企業,31494443,0.00,28980.00,,,,租用設備費用,金錢,宜蘭縣礁溪鄉****,03-9*****,否,,,,,,,
