﻿序號,擬參選人／政黨,選舉名稱,申報序號／年度,交易日期,收支科目,捐贈者／支出對象,身分證／統一編號,收入金額,支出金額,支出用途,金錢類,地址,聯絡電話,資料更正日期
1,陳昭煜,107年縣(市)議員選舉,首次申報,1070828,營利事業捐贈收入,寬業有限公司,23077846,30000.00,0.00,,金錢,臺中市北屯區****,04-2*****,
2,陳昭煜,107年縣(市)議員選舉,首次申報,1070917,個人捐贈收入,江旭俊,L12*******,100000.00,0.00,,金錢,臺中市潭子區****,0910*****,
3,陳昭煜,107年縣(市)議員選舉,首次申報,1070923,政黨捐贈收入,民主進步黨,政黨證字第16號,12000.00,0.00,,金錢,台北市北平東****,(02)*****,
4,陳昭煜,107年縣(市)議員選舉,首次申報,1070930,個人捐贈收入,陳瑞芬,M22*******,50000.00,0.00,,金錢,臺北市北投區****,0933*****,
5,陳昭煜,107年縣(市)議員選舉,首次申報,1071023,個人捐贈收入,呂元惟,M12*******,100000.00,0.00,,金錢,花蓮縣玉里鎮****,0919*****,
6,陳昭煜,107年縣(市)議員選舉,首次申報,1071023,個人捐贈收入,呂志純,M22*******,50000.00,0.00,,金錢,臺北市北投區****,0919*****,
7,陳昭煜,107年縣(市)議員選舉,首次申報,1071026,個人捐贈收入,盧伯誠,T10*******,20000.00,0.00,,金錢,臺北市大安區****,,
8,陳昭煜,107年縣(市)議員選舉,首次申報,1071102,營利事業捐贈收入,和陽投資有限公司,80515445,30000.00,0.00,,金錢,新北市新店區****,0229*****,
9,陳昭煜,107年縣(市)議員選舉,首次申報,1071108,個人捐贈收入,陳慧玲,M22*******,30000.00,0.00,,金錢,新竹市明湖路****,0922*****,
10,陳昭煜,107年縣(市)議員選舉,首次申報,1071111,營利事業捐贈收入,竹泰加油站股份有限公司,16227094,50000.00,0.00,,金錢,南投縣竹山鎮****,,
11,陳昭煜,107年縣(市)議員選舉,首次申報,1071112,個人捐贈收入,陳昭融,M10*******,100000.00,0.00,,金錢,臺北市文山區****,0933*****,
12,陳昭煜,107年縣(市)議員選舉,首次申報,1071114,匿名捐贈,林大明,,2000.00,0.00,,金錢,,,
13,陳昭煜,107年縣(市)議員選舉,首次申報,1071123,個人捐贈收入,吳銘雄,L12*******,30000.00,0.00,,金錢,臺中市潭子區****,02-2*****,
