﻿序號,擬參選人／政黨,選舉名稱,申報序號／年度,交易日期,收支科目,捐贈者／支出對象,身分證／統一編號,收入金額,支出金額,支出用途,金錢類,地址,聯絡電話,資料更正日期
1,楊啓邦,107年直轄市議員選舉,首次申報,1070918,宣傳支出,陳志生,,0.00,10000.00,播送、傳送或刊登宣傳廣告支出,金錢,臺中市豐原區****,0923*****,
2,楊啓邦,107年直轄市議員選舉,首次申報,1070919,雜支支出,富邦產物保險股份有限公司,,0.00,2968.00,宣傳車保險,金錢,臺中市沙鹿區****,04-3*****,
3,楊啓邦,107年直轄市議員選舉,首次申報,1070930,宣傳支出,隆亮企業社,20326700,0.00,152250.00,製作競選物品支出-洗衣精,金錢,臺中市大安區****,04-2*****,
4,楊啓邦,107年直轄市議員選舉,首次申報,1070930,雜支支出,陳信任刻印,45704004,0.00,140.00,文具用品費用-刻印,金錢,臺中市大甲區****,04-2*****,
5,楊啓邦,107年直轄市議員選舉,首次申報,1071006,租用宣傳車輛支出,永強汽車修配廠,,0.00,12000.00,維修宣傳車輛支出,金錢,臺中市大甲區****,0926*****,
6,楊啓邦,107年直轄市議員選舉,首次申報,1071006,雜支支出,大甲區液化煤氣有限公司,70600317,0.00,4100.00,廚房用品,金錢,臺中市大甲區****,0426*****,
7,楊啓邦,107年直轄市議員選舉,首次申報,1071008,雜支支出,富邦產物保險股份有限公司,,0.00,672.00,宣傳車保險,金錢,臺中市沙鹿區****,04-3*****,
8,楊啓邦,107年直轄市議員選舉,首次申報,1071010,雜支支出,康惠芬,,0.00,2650.00,餐飲費用,金錢,臺中市大甲區****,,
9,楊啓邦,107年直轄市議員選舉,首次申報,1071010,雜支支出,楊啓邦競選總部,,0.00,27541.00,廚房用品,金錢,臺中市大甲區****,2688*****,
10,楊啓邦,107年直轄市議員選舉,首次申報,1071010,雜支支出,孝德獸肉店,234140,0.00,1750.00,餐飲費用,金錢,臺中市大甲區****,0426*****,
11,楊啓邦,107年直轄市議員選舉,首次申報,1071010,雜支支出,大甲區液化煤氣有限公司,70600317,0.00,4100.00,廚房用品,金錢,臺中市大甲區****,0426*****,
12,楊啓邦,107年直轄市議員選舉,首次申報,1071011,集會支出,楊啓邦競選總部,,0.00,10242.00,工作人員保險,金錢,臺中市大甲區****,0426*****,
13,楊啓邦,107年直轄市議員選舉,首次申報,1071011,宣傳支出,中華郵政,,0.00,528.00,郵寄競選物品或宣傳廣告支出,金錢,臺中市大甲區****,04-2*****,
14,楊啓邦,107年直轄市議員選舉,首次申報,1071012,宣傳支出,競選總部,L12*******,0.00,22374.00,製作宣傳廣告支出,非金錢,臺中市大甲區****,04-2*****,
15,楊啓邦,107年直轄市議員選舉,首次申報,1071013,雜支支出,叮噹商行,05828129,0.00,12000.00,餐飲費用,金錢,臺中市大甲區****,04-2*****,
16,楊啓邦,107年直轄市議員選舉,首次申報,1071013,集會支出,榮吉書局,13421840,0.00,800.00,造勢喇叭,金錢,臺中市大甲區****,0426*****,
17,楊啓邦,107年直轄市議員選舉,首次申報,1071014,宣傳支出,中華郵政,,0.00,384.00,郵寄競選物品或宣傳廣告支出,金錢,臺中市大甲區****,04-2*****,
18,楊啓邦,107年直轄市議員選舉,首次申報,1071014,交通旅運支出,合鋒加油站,80550596,0.00,1373.00,油資,金錢,臺中市外埔區****,04-2*****,
19,楊啓邦,107年直轄市議員選舉,首次申報,1071016,宣傳支出,育騰禮品商行,14805719,0.00,227500.00,製作競選物品支出-文宣筆,金錢,臺中市清水區****,04-2*****,
20,楊啓邦,107年直轄市議員選舉,首次申報,1071016,雜支支出,大甲區液化煤氣有限公司,70600317,0.00,3280.00,廚房用品,金錢,臺中市大甲區****,0426*****,
21,楊啓邦,107年直轄市議員選舉,首次申報,1071017,宣傳支出,中華郵政,,0.00,210.00,郵寄競選物品或宣傳廣告支出,金錢,臺中市大甲區****,04-2*****,
22,楊啓邦,107年直轄市議員選舉,首次申報,1071019,宣傳支出,林榮祥,,0.00,10000.00,竹架補強及修建樹木,金錢,臺中市外埔區****,0911*****,
23,楊啓邦,107年直轄市議員選舉,首次申報,1071019,宣傳支出,陳志生,,0.00,10400.00,播送、傳送或刊登宣傳廣告支出,金錢,臺中市豐原區****,0923*****,
24,楊啓邦,107年直轄市議員選舉,首次申報,1071020,雜支支出,楊啓邦競選總部,,0.00,16924.00,廚房用品,金錢,臺中市大甲區****,0426*****,
25,楊啓邦,107年直轄市議員選舉,首次申報,1071020,宣傳支出,林榮祥,,0.00,22300.00,竹架廣告看板架,金錢,臺中市外埔區****,0911*****,
26,楊啓邦,107年直轄市議員選舉,首次申報,1071020,雜支支出,阿娟黑土豬肉店,09301816,0.00,3500.00,餐飲費用,金錢,臺中市大甲區****,0426*****,
27,楊啓邦,107年直轄市議員選舉,首次申報,1071020,宣傳支出,慈帝禮品行,17059047,0.00,4800.00,製作競選物品支出（配帶電繡）,金錢,臺中市大甲區****,0426*****,
28,楊啓邦,107年直轄市議員選舉,首次申報,1071023,租用宣傳車輛支出,永強汽車修配廠,,0.00,13850.00,維修宣傳車輛支出,金錢,臺中市大甲區****,0926*****,
29,楊啓邦,107年直轄市議員選舉,首次申報,1071023,交通旅運支出,易鋐加油站,24390892,0.00,2903.00,油資,金錢,苗栗縣苑裡鎮****,,
30,楊啓邦,107年直轄市議員選舉,首次申報,1071025,集會支出,阿娟黑土豬肉店,09301816,0.00,2280.00,餐飲支出,金錢,臺中市大甲區****,0426*****,
31,楊啓邦,107年直轄市議員選舉,首次申報,1071025,集會支出,文昌免洗餐具,38957833,0.00,3800.00,餐飲支出,金錢,臺中市大甲區****,0426*****,
32,楊啓邦,107年直轄市議員選舉,首次申報,1071025,集會支出,甜蜜蜜青果行,39855779,0.00,1179.00,餐飲支出,金錢,臺中市后里區****,0958*****,
33,楊啓邦,107年直轄市議員選舉,首次申報,1071027,集會支出,環村獸肉店,05796724,0.00,12000.00,餐飲支出,金錢,臺中市大甲區****,0426*****,
34,楊啓邦,107年直轄市議員選舉,首次申報,1071027,雜支支出,安裕商店,56084121,0.00,6400.00,餐飲費用-飲料,金錢,臺中市大安區****,0426*****,
35,楊啓邦,107年直轄市議員選舉,首次申報,1071027,集會支出,李灝諺,L12*******,0.00,12600.00,餐飲費用,金錢,臺中市大甲區****,,
36,楊啓邦,107年直轄市議員選舉,首次申報,1071028,集會支出,兆豐產物保險股份有限公司,,0.00,14000.00,集會活動公共意外險,金錢,臺中市沙鹿區****,04-2*****,
37,楊啓邦,107年直轄市議員選舉,首次申報,1071028,集會支出,千益音響企業社,25214556,0.00,15000.00,租用設備支出,金錢,臺中市大甲區****,0911*****,
38,楊啓邦,107年直轄市議員選舉,首次申報,1071028,集會支出,日星企業社,45321365,0.00,7000.00,租用設備支出-舞台,金錢,臺中市大安區****,0937*****,
39,楊啓邦,107年直轄市議員選舉,首次申報,1071028,集會支出,藏愛花坊,45404560,0.00,6000.00,場地佈置,金錢,臺中市大甲區****,04-2*****,
40,楊啓邦,107年直轄市議員選舉,首次申報,1071028,集會支出,一品手工包子坊,45678527,0.00,1030.00,餐飲支出,金錢,臺中市大甲區****,0426*****,
41,楊啓邦,107年直轄市議員選舉,首次申報,1071028,集會支出,富安美食店,47443316,0.00,27000.00,租用設備支出,金錢,臺中市大甲區****,0910*****,
42,楊啓邦,107年直轄市議員選舉,首次申報,1071028,集會支出,楊啓邦競選總部,L12*******,0.00,40000.00,租用場地支出,金錢,臺中市大甲區****,04-2*****,
43,楊啓邦,107年直轄市議員選舉,首次申報,1071031,雜支支出,楊啓邦競選總部,,0.00,29098.00,廚房用品,金錢,臺中市大甲區****,0426*****,
44,楊啓邦,107年直轄市議員選舉,首次申報,1071031,雜支支出,富邦產物保險股份有限公司,,0.00,2997.00,宣傳車保險,金錢,臺中市沙鹿區****,04-3*****,
45,楊啓邦,107年直轄市議員選舉,首次申報,1071031,宣傳支出,天麗旗幟有限公司,16531644,0.00,4330.00,旗幟配件,金錢,嘉義市福民里****,0528*****,
46,楊啓邦,107年直轄市議員選舉,首次申報,1071031,租用宣傳車輛支出,日星企業社,45321365,0.00,8000.00,租用宣傳車輛支出,金錢,臺中市大安區****,0937*****,
47,楊啓邦,107年直轄市議員選舉,首次申報,1071031,集會支出,昇宏花藝圃,76639839,0.00,18000.00,場地佈置整理支出,金錢,臺中市大安區****,04-2*****,
48,楊啓邦,107年直轄市議員選舉,首次申報,1071101,交通旅運支出,三霙股份有限公司,96905953,0.00,17143.00,油資,金錢,臺中市外埔區****,04-2*****,
49,楊啓邦,107年直轄市議員選舉,首次申報,1071101,交通旅運支出,幼獅加油站,97487339,0.00,1130.00,油資,金錢,臺中市大甲區****,04-2*****,
50,楊啓邦,107年直轄市議員選舉,首次申報,1071102,租用宣傳車輛支出,永強汽車修配廠,,0.00,10950.00,維修宣傳車輛支出,金錢,臺中市大甲區****,0926*****,
51,楊啓邦,107年直轄市議員選舉,首次申報,1071102,宣傳支出,利欣隆生醫科技有限公司,89219873,0.00,152250.00,製作競選物品支出-洗衣精,金錢,臺中市大安區****,04-2*****,
52,楊啓邦,107年直轄市議員選舉,首次申報,1071103,雜支支出,林東新商店,55689354,0.00,40320.00,餐飲費用,金錢,臺中市大甲區****,04-2*****,
53,楊啓邦,107年直轄市議員選舉,首次申報,1071103,宣傳支出,中國旗幟社,84002376,0.00,171300.00,製作競選物品支出-旗幟、帽子、背心,金錢,臺中市沙鹿區****,04-2*****,
54,楊啓邦,107年直轄市議員選舉,首次申報,1071107,交通旅運支出,福懋加油站,99122075,0.00,116.00,油資,金錢,臺中市大甲區****,04-2*****,
55,楊啓邦,107年直轄市議員選舉,首次申報,1071113,租用宣傳車輛支出,永強汽車修配廠,,0.00,15000.00,維修宣傳車輛支出,金錢,臺中市大甲區****,0926*****,
56,楊啓邦,107年直轄市議員選舉,首次申報,1071113,宣傳支出,競選總部,L12*******,0.00,71775.00,製作宣傳廣告支出,非金錢,臺中市大甲區****,04-2*****,
57,楊啓邦,107年直轄市議員選舉,首次申報,1071114,交通旅運支出,中南加油站,16193643,0.00,162.00,油資,金錢,臺中市大甲區****,04-2*****,
58,楊啓邦,107年直轄市議員選舉,首次申報,1071114,雜支支出,安裕商店,56084121,0.00,6600.00,餐飲費用,金錢,臺中市大安區****,04-2*****,
59,楊啓邦,107年直轄市議員選舉,首次申報,1071115,租用宣傳車輛支出,大甲廣告社,45644055,0.00,60000.00,租用宣傳車輛支出,金錢,臺中市大甲區****,04-2*****,
60,楊啓邦,107年直轄市議員選舉,首次申報,1071116,雜支支出,芫崧食品有限公司,28757744,0.00,1305.00,餐飲費用,金錢,臺中市大甲區****,04-2*****,
61,楊啓邦,107年直轄市議員選舉,首次申報,1071116,交通旅運支出,台灣中油,56044803,0.00,9109.00,油資,金錢,臺中市大甲區****,0800*****,
62,楊啓邦,107年直轄市議員選舉,首次申報,1071117,宣傳支出,同懋實業股份有限公司,86975156,0.00,82250.00,製作競選物品支出-小水,金錢,臺中市大甲區****,04-2*****,
63,楊啓邦,107年直轄市議員選舉,首次申報,1071118,集會支出,楊啓邦競選總部,,0.00,4130.00,文具用品及五金費用,金錢,臺中市大甲區****,04-2*****,
64,楊啓邦,107年直轄市議員選舉,首次申報,1071118,交通旅運支出,甲東加油站,84200636,0.00,75.00,油資,金錢,臺中市外埔區****,04-2*****,
65,楊啓邦,107年直轄市議員選舉,首次申報,1071119,宣傳支出,大甲廣告社,45644055,0.00,40250.00,製作宣傳廣告支出,金錢,臺中市大甲區****,04-2*****,
66,楊啓邦,107年直轄市議員選舉,首次申報,1071120,雜支支出,楊啓邦競選總部,,0.00,19670.00,餐飲費用,金錢,臺中市大甲區****,04-2*****,
67,楊啓邦,107年直轄市議員選舉,首次申報,1071120,雜支支出,楊啓邦競選總部,,0.00,8049.00,文具用品及餐飲費用,金錢,臺中市大甲區****,04-2*****,
68,楊啓邦,107年直轄市議員選舉,首次申報,1071120,雜支支出,松美水菓行,,0.00,1120.00,餐飲費用,金錢,臺中市大甲區****,04-2*****,
69,楊啓邦,107年直轄市議員選舉,首次申報,1071120,集會支出,冠泓生活館有限公司,60201136,0.00,4216.00,清潔整理及活動雜支,金錢,臺中市大甲區****,04-2*****,
70,楊啓邦,107年直轄市議員選舉,首次申報,1071121,宣傳支出,中華郵政,,0.00,1590.00,郵寄競選物品,金錢,臺中市大甲區****,04-2*****,
71,楊啓邦,107年直轄市議員選舉,首次申報,1071121,宣傳支出,台灣優紙企業有限公司,80077677,0.00,159469.00,製作競選物品支出-面紙,金錢,彰化縣鹿港鎮****,04-7*****,
72,楊啓邦,107年直轄市議員選舉,首次申報,1071122,宣傳支出,駿億特殊印刷行,13809097,0.00,57015.00,製作宣傳廣告支出,金錢,臺中市外埔區****,04-2*****,
73,楊啓邦,107年直轄市議員選舉,首次申報,1071122,返還支出,丞泰建設開發有限公司,25177927,0.00,300000.00,返還,金錢,臺中市外埔區****,04-2*****,
74,楊啓邦,107年直轄市議員選舉,首次申報,1071122,返還支出,集璟工程顧問有限公司,27375058,0.00,40000.00,返還,金錢,臺中市豐原區****,04-2*****,
75,楊啓邦,107年直轄市議員選舉,首次申報,1071122,集會支出,瑋文商行,45685554,0.00,6015.00,清潔整理支出,金錢,臺中市大甲區****,04-2*****,
76,楊啓邦,107年直轄市議員選舉,首次申報,1071122,宣傳支出,十全廣告社,56667168,0.00,265948.00,製作宣傳廣告支出,金錢,臺中市大甲區****,04-2*****,
77,楊啓邦,107年直轄市議員選舉,首次申報,1071123,租用宣傳車輛支出,永強汽車修配廠,,0.00,8800.00,維修宣傳車輛支出,金錢,臺中市大甲區****,0926*****,
78,楊啓邦,107年直轄市議員選舉,首次申報,1071123,雜支支出,楊啓邦競選總部,,0.00,7905.00,餐飲費用,金錢,臺中市大甲區****,04-2*****,
79,楊啓邦,107年直轄市議員選舉,首次申報,1071123,雜支支出,楊啓邦競選總部,,0.00,20303.00,廚房五金及餐飲費用,金錢,臺中市大甲區****,04-2*****,
80,楊啓邦,107年直轄市議員選舉,首次申報,1071123,交通旅運支出,順天加油站,16214099,0.00,5959.00,油資,金錢,臺中市大甲區****,04-2*****,
81,楊啓邦,107年直轄市議員選舉,首次申報,1071123,雜支支出,豐茂菓菜行,17389286,0.00,34118.00,餐飲費用,金錢,臺中市大甲區****,04-2*****,
82,楊啓邦,107年直轄市議員選舉,首次申報,1071124,租用宣傳車輛支出,順天加油站,16214099,0.00,42158.00,宣傳車輛燃料支出,金錢,臺中市大甲區****,04-2*****,
83,楊啓邦,107年直轄市議員選舉,首次申報,1071125,雜支支出,佳勝電氣有限公司,60567015,0.00,31925.00,服務處水電修繕費用,金錢,臺中市外埔區****,04-2*****,
84,楊啓邦,107年直轄市議員選舉,首次申報,1071126,宣傳支出,皇溢服飾店,25230155,0.00,30700.00,製作競選物品支出-工作服,金錢,臺中市大甲區****,04-2*****,
85,楊啓邦,107年直轄市議員選舉,首次申報,1071126,集會支出,富安美食店,47443316,0.00,26000.00,租用設備支出,金錢,臺中市大甲區****,0910*****,
86,楊啓邦,107年直轄市議員選舉,首次申報,1071130,租用宣傳車輛支出,三霙股份有限公司,96905953,0.00,14640.00,宣傳車輛燃料支出,金錢,臺中市外埔區****,04-2*****,
