﻿序號,擬參選人／政黨,選舉名稱,申報序號／年度,交易日期,收支科目,捐贈者／支出對象,身分證／統一編號,收入金額,支出金額,支出用途,金錢類,地址,聯絡電話,資料更正日期
1,張森霖,107年鄉(鎮、市)長選舉,首次申報,1070710,雜支支出,德譽科技有限公司,24651896,0.00,38700.00,雜項購置或修繕費用,金錢,宜蘭縣宜蘭市****,,
2,張森霖,107年鄉(鎮、市)長選舉,首次申報,1070715,宣傳支出,吳懿菱,G22*******,0.00,12000.00,租用廣告看板或車體廣告支出,金錢,宜蘭縣宜蘭市****,,
3,張森霖,107年鄉(鎮、市)長選舉,首次申報,1070718,雜支支出,漢麟貿易有限公司,53180558,0.00,2700.00,雜項購置或修繕費用,金錢,新北市五股區****,,
4,張森霖,107年鄉(鎮、市)長選舉,首次申報,1070719,宣傳支出,中華郵政股份有限公司,40402108,0.00,3720.00,郵寄競選物品或宣傳廣告支出,金錢,宜蘭縣宜蘭市****,,
5,張森霖,107年鄉(鎮、市)長選舉,首次申報,1070722,宣傳支出,林顯丞,G12*******,0.00,6000.00,租用廣告看板或車體廣告支出,金錢,宜蘭縣宜蘭市****,,
6,張森霖,107年鄉(鎮、市)長選舉,首次申報,1070723,宣傳支出,中華郵政股份有限公司,40402108,0.00,332.00,郵寄競選物品或宣傳廣告支出,金錢,宜蘭縣宜蘭市****,,
7,張森霖,107年鄉(鎮、市)長選舉,首次申報,1070725,交通旅運支出,台灣中油員山站,40020690,0.00,1000.00,油資,金錢,宜蘭縣員山鄉****,,
8,張森霖,107年鄉(鎮、市)長選舉,首次申報,1070727,雜支支出,義興文具行,40265630,0.00,236.00,文具用品費用,金錢,宜蘭縣宜蘭市****,,
9,張森霖,107年鄉(鎮、市)長選舉,首次申報,1070727,雜支支出,義興文具行,40265630,0.00,446.00,文具用品費用,金錢,宜蘭縣宜蘭市****,,
10,張森霖,107年鄉(鎮、市)長選舉,首次申報,1070727,雜支支出,程思遠,G12*******,0.00,13500.00,雜項購置或修繕費用,金錢,宜蘭縣員山鄉****,,
11,張森霖,107年鄉(鎮、市)長選舉,首次申報,1070728,公共關係費用支出,宜蘭家庭扶助中心,40642557,0.00,5000.00,聯誼交際費用,金錢,宜蘭縣宜蘭市****,,
12,張森霖,107年鄉(鎮、市)長選舉,首次申報,1070728,公共關係費用支出,愛娃舞蹈團,95926826,0.00,6000.00,集會支出,金錢,宜蘭縣宜蘭市****,,
13,張森霖,107年鄉(鎮、市)長選舉,首次申報,1070728,公共關係費用支出,李文欽,G10*******,0.00,3600.00,集會支出,金錢,宜蘭縣礁溪鄉****,,
14,張森霖,107年鄉(鎮、市)長選舉,首次申報,1070728,公共關係費用支出,朱麗雲,G22*******,0.00,3600.00,集會支出,金錢,宜蘭縣宜蘭市****,,
15,張森霖,107年鄉(鎮、市)長選舉,首次申報,1070728,集會支出,林妙憶,G22*******,0.00,35000.00,餐飲支出,金錢,宜蘭縣員山鄉****,,
16,張森霖,107年鄉(鎮、市)長選舉,首次申報,1070807,雜支支出,台灣大寬頻,08173729,0.00,1197.00,網際網路費用,金錢,宜蘭縣宜蘭市****,,
17,張森霖,107年鄉(鎮、市)長選舉,首次申報,1070809,交通旅運支出,台灣中油宜蘭站,40021918,0.00,1000.00,油資,金錢,宜蘭縣宜蘭市****,,
18,張森霖,107年鄉(鎮、市)長選舉,首次申報,1070812,交通旅運支出,台灣中油新興加油站,23833053,0.00,962.00,油資,金錢,宜蘭縣宜蘭市****,,
19,張森霖,107年鄉(鎮、市)長選舉,首次申報,1070816,雜支支出,光南大批發,53078147,0.00,240.00,文具用品費用,金錢,宜蘭縣宜蘭市****,,
20,張森霖,107年鄉(鎮、市)長選舉,首次申報,1070817,雜支支出,楊習敏,24651896,0.00,4400.00,雜項購置或修繕費用,金錢,宜蘭縣宜蘭市****,,
21,張森霖,107年鄉(鎮、市)長選舉,首次申報,1070818,交通旅運支出,台灣中油上德加油站,16332032,0.00,500.00,油資,金錢,宜蘭縣宜蘭市****,,
22,張森霖,107年鄉(鎮、市)長選舉,首次申報,1070818,交通旅運支出,台灣中油員山站,40020690,0.00,1000.00,油資,金錢,宜蘭縣員山鄉****,,
23,張森霖,107年鄉(鎮、市)長選舉,首次申報,1070824,交通旅運支出,台灣中油宜蘭站,40021918,0.00,1000.00,油資,金錢,宜蘭縣宜蘭市****,,
24,張森霖,107年鄉(鎮、市)長選舉,首次申報,1070827,雜支支出,長鑫傢俱行,41194521,0.00,3400.00,雜項購置或修繕費用,金錢,宜蘭縣宜蘭市****,,
25,張森霖,107年鄉(鎮、市)長選舉,首次申報,1070827,交通旅運支出,尊將股份有限公司,97372131,0.00,1000.00,油資,金錢,宜蘭縣宜蘭市****,,
26,張森霖,107年鄉(鎮、市)長選舉,首次申報,1070827,宣傳支出,千越廣告社,99833048,0.00,5220.00,製作宣傳廣告支出,金錢,宜蘭縣宜蘭市****,,
27,張森霖,107年鄉(鎮、市)長選舉,首次申報,1070828,雜支支出,中華電信,19562254,0.00,249.00,電信費用,金錢,宜蘭縣宜蘭市****,,
28,張森霖,107年鄉(鎮、市)長選舉,首次申報,1070830,交通旅運支出,台灣中油員山站,40020690,0.00,1000.00,油資,金錢,宜蘭縣員山鄉****,,
29,張森霖,107年鄉(鎮、市)長選舉,首次申報,1070831,人事費用支出,林山富,F12*******,0.00,20000.00,工資或薪津,金錢,宜蘭縣宜蘭市****,,
30,張森霖,107年鄉(鎮、市)長選舉,首次申報,1070831,人事費用支出,潘弘峻,G12*******,0.00,24000.00,工資或薪津,金錢,宜蘭縣員山鄉****,,
31,張森霖,107年鄉(鎮、市)長選舉,首次申報,1070831,人事費用支出,吳定華,G12*******,0.00,25000.00,工資或薪津,金錢,宜蘭縣宜蘭市****,,
32,張森霖,107年鄉(鎮、市)長選舉,首次申報,1070831,人事費用支出,賴潔,G22*******,0.00,22000.00,工資或薪津,金錢,宜蘭縣宜蘭市****,,
33,張森霖,107年鄉(鎮、市)長選舉,首次申報,1070831,人事費用支出,吳欣華,G22*******,0.00,15000.00,工資或薪津,金錢,宜蘭縣員山鄉****,,
34,張森霖,107年鄉(鎮、市)長選舉,首次申報,1070902,交通旅運支出,台灣中油宜蘭站,40021918,0.00,1000.00,油資,金錢,宜蘭縣宜蘭市****,,
35,張森霖,107年鄉(鎮、市)長選舉,首次申報,1070902,交通旅運支出,台灣中油宜蘭站,40021918,0.00,1000.00,油資,金錢,宜蘭縣宜蘭市****,,
36,張森霖,107年鄉(鎮、市)長選舉,首次申報,1070904,宣傳支出,張丁允,G22*******,0.00,6000.00,租用廣告看板或車體廣告支出,金錢,宜蘭縣宜蘭市****,,
37,張森霖,107年鄉(鎮、市)長選舉,首次申報,1070905,交通旅運支出,台灣中油宜蘭站,40021918,0.00,1000.00,油資,金錢,宜蘭縣宜蘭市****,,
38,張森霖,107年鄉(鎮、市)長選舉,首次申報,1070905,雜支支出,義興文具行,40265630,0.00,140.00,文具用品費用,金錢,宜蘭縣宜蘭市****,,
39,張森霖,107年鄉(鎮、市)長選舉,首次申報,1070907,宣傳支出,中華郵政,40402108,0.00,2370.00,郵寄競選物品或宣傳廣告支出,金錢,宜蘭縣宜蘭市****,,
40,張森霖,107年鄉(鎮、市)長選舉,首次申報,1070908,交通旅運支出,台灣中油員山站,40020690,0.00,1000.00,油資,金錢,宜蘭縣員山鄉****,,
41,張森霖,107年鄉(鎮、市)長選舉,首次申報,1070910,宣傳支出,創鑫廣告企業社,41191708,0.00,11543.00,租用廣告看板或車體廣告支出,金錢,宜蘭縣宜蘭市****,,
42,張森霖,107年鄉(鎮、市)長選舉,首次申報,1070911,宣傳支出,印象派企業社,17452506,0.00,54240.00,製作競選物品支出（邀請卡.DM.手卡.錄影及*相片）,金錢,新北市土城區****,,
43,張森霖,107年鄉(鎮、市)長選舉,首次申報,1070911,交通旅運支出,台灣中油宜蘭站,40021918,0.00,1000.00,油資,金錢,宜蘭縣宜蘭市****,,
44,張森霖,107年鄉(鎮、市)長選舉,首次申報,1070911,宣傳支出,皓達工業有限公司,86267288,0.00,151460.00,製作競選物品支出（面紙.礦泉水.白色T-shit）,金錢,新北市土城區****,02-2*****,
45,張森霖,107年鄉(鎮、市)長選舉,首次申報,1070912,雜支支出,台灣大寬頻,02518254,0.00,3100.00,電信費用,金錢,宜蘭縣宜蘭市****,,
46,張森霖,107年鄉(鎮、市)長選舉,首次申報,1070913,雜支支出,中興保全,22819624,0.00,13020.00,保全系統(/-/),金錢,宜蘭縣羅東鎮****,,
47,張森霖,107年鄉(鎮、市)長選舉,首次申報,1070915,交通旅運支出,台灣中油宜蘭站,40021918,0.00,1000.00,油資,金錢,宜蘭縣宜蘭市****,,
48,張森霖,107年鄉(鎮、市)長選舉,首次申報,1070917,雜支支出,台灣自來水公司,02383622,0.00,452.00,水電瓦斯費用,金錢,宜蘭縣宜蘭市****,,
49,張森霖,107年鄉(鎮、市)長選舉,首次申報,1070917,雜支支出,台灣電力公司,40408406,0.00,14048.00,水電瓦斯費用,金錢,宜蘭縣宜蘭市****,,
50,張森霖,107年鄉(鎮、市)長選舉,首次申報,1070917,雜支支出,台灣電力公司,40408406,0.00,249.00,水電瓦斯費用,金錢,宜蘭縣宜蘭市****,,
51,張森霖,107年鄉(鎮、市)長選舉,首次申報,1070918,交通旅運支出,台灣中油宜蘭站,40021918,0.00,1000.00,油資,金錢,宜蘭縣宜蘭市****,,
52,張森霖,107年鄉(鎮、市)長選舉,首次申報,1070921,交通旅運支出,台灣中油宜蘭站,40021918,0.00,1000.00,油資,金錢,宜蘭縣宜蘭市****,,
53,張森霖,107年鄉(鎮、市)長選舉,首次申報,1070922,交通旅運支出,台灣中油宜蘭站,40021918,0.00,1000.00,油資,金錢,宜蘭縣宜蘭市****,,
54,張森霖,107年鄉(鎮、市)長選舉,首次申報,1070925,交通旅運支出,台灣中油宜蘭站,40021918,0.00,1000.00,油資,金錢,宜蘭縣宜蘭市****,,
55,張森霖,107年鄉(鎮、市)長選舉,首次申報,1070925,雜支支出,義興文具行,40265630,0.00,280.00,文具用品費用,金錢,宜蘭縣宜蘭市****,,
56,張森霖,107年鄉(鎮、市)長選舉,首次申報,1070925,雜支支出,魏楊瑞生,G12*******,0.00,69000.00,雜項購置或修繕費用,金錢,宜蘭縣宜蘭市****,,
57,張森霖,107年鄉(鎮、市)長選舉,首次申報,1070925,宣傳支出,吳陳節女,L20*******,0.00,15000.00,租用廣告看板或車體廣告支出,金錢,宜蘭縣宜蘭市****,,
58,張森霖,107年鄉(鎮、市)長選舉,首次申報,1070926,雜支支出,宜蘭市公所,,0.00,500.00,廢棄物清理,金錢,宜蘭縣宜蘭市****,,
59,張森霖,107年鄉(鎮、市)長選舉,首次申報,1070926,雜支支出,宜賢五金行,77028717,0.00,1490.00,雜項購置或修繕費用,金錢,宜蘭縣宜蘭市****,,
60,張森霖,107年鄉(鎮、市)長選舉,首次申報,1070929,租用競選辦事處支出,大眾裝潢材料行,19561403,0.00,8000.00,裝潢競選辦事處支出,金錢,宜蘭縣宜蘭市****,,
61,張森霖,107年鄉(鎮、市)長選舉,首次申報,1070930,人事費用支出,林山富,F12*******,0.00,20000.00,工資或薪津,金錢,宜蘭縣宜蘭市****,,
62,張森霖,107年鄉(鎮、市)長選舉,首次申報,1070930,人事費用支出,潘弘峻,G12*******,0.00,24000.00,工資或薪津,金錢,宜蘭縣員山鄉****,,
63,張森霖,107年鄉(鎮、市)長選舉,首次申報,1070930,人事費用支出,吳定華,G12*******,0.00,25000.00,工資或薪津,金錢,宜蘭縣宜蘭市****,,
64,張森霖,107年鄉(鎮、市)長選舉,首次申報,1070930,人事費用支出,賴潔,G22*******,0.00,22000.00,工資或薪津,金錢,宜蘭縣宜蘭市****,,
65,張森霖,107年鄉(鎮、市)長選舉,首次申報,1070930,人事費用支出,吳欣華,G22*******,0.00,15000.00,工資或薪津,金錢,宜蘭縣員山鄉****,,
66,張森霖,107年鄉(鎮、市)長選舉,首次申報,1071001,宣傳支出,好幫手廣告企業社,09818355,0.00,20000.00,租用廣告看板或車體廣告支出,金錢,宜蘭縣員山鄉****,,
67,張森霖,107年鄉(鎮、市)長選舉,首次申報,1071003,雜支支出,張立松,G12*******,0.00,3500.00,雜項購置或修繕費用,金錢,宜蘭縣宜蘭市****,,
68,張森霖,107年鄉(鎮、市)長選舉,首次申報,1071004,交通旅運支出,台灣中油宜蘭站,40021918,0.00,1000.00,油資,金錢,宜蘭縣宜蘭市****,,
69,張森霖,107年鄉(鎮、市)長選舉,首次申報,1071004,雜支支出,新時代書局,40550677,0.00,2100.00,文具用品費用,金錢,宜蘭縣宜蘭市****,,
70,張森霖,107年鄉(鎮、市)長選舉,首次申報,1071007,交通旅運支出,台灣中油宜蘭站,40021918,0.00,1000.00,油資,金錢,宜蘭縣宜蘭市****,,
71,張森霖,107年鄉(鎮、市)長選舉,首次申報,1071008,雜支支出,台灣電力公司,40408406,0.00,13897.00,水電瓦斯費用,金錢,宜蘭縣宜蘭市****,,
72,張森霖,107年鄉(鎮、市)長選舉,首次申報,1071009,雜支支出,仁德企業社,02396181,0.00,8700.00,雜項購置或修繕費用,金錢,宜蘭縣宜蘭市****,,
73,張森霖,107年鄉(鎮、市)長選舉,首次申報,1071009,交通旅運支出,台灣中油宜蘭站,40021918,0.00,500.00,油資,金錢,宜蘭縣宜蘭市****,,
74,張森霖,107年鄉(鎮、市)長選舉,首次申報,1071010,交通旅運支出,台灣中油宜蘭站,40021918,0.00,1000.00,油資,金錢,宜蘭縣宜蘭市****,,
75,張森霖,107年鄉(鎮、市)長選舉,首次申報,1071010,租用競選辦事處支出,吳銘坤,G12*******,0.00,27000.00,裝潢競選辦事處支出,金錢,宜蘭縣礁溪鄉****,,
76,張森霖,107年鄉(鎮、市)長選舉,首次申報,1071011,雜支支出,中華電信,19562254,0.00,2500.00,電信費用,金錢,宜蘭縣宜蘭市****,,
77,張森霖,107年鄉(鎮、市)長選舉,首次申報,1071011,交通旅運支出,台灣中油宜蘭站,40021918,0.00,1000.00,油資,金錢,宜蘭縣宜蘭市****,,
78,張森霖,107年鄉(鎮、市)長選舉,首次申報,1071011,宣傳支出,中華郵政股份有限公司,40402108,0.00,13136.00,郵寄競選物品或宣傳廣告支出,金錢,宜蘭縣宜蘭市****,,
79,張森霖,107年鄉(鎮、市)長選舉,首次申報,1071012,宣傳支出,中華郵政股份有限公司,40402108,0.00,5947.00,郵寄競選物品或宣傳廣告支出,金錢,宜蘭縣宜蘭市****,,
80,張森霖,107年鄉(鎮、市)長選舉,首次申報,1071013,租用競選辦事處支出,光輝燈飾,92913720,0.00,87600.00,裝潢競選辦事處支出,金錢,宜蘭縣宜蘭市****,,
81,張森霖,107年鄉(鎮、市)長選舉,首次申報,1071015,雜支支出,水順五金行,02391019,0.00,435.00,雜項購置或修繕費用,金錢,宜蘭縣宜蘭市****,,
82,張森霖,107年鄉(鎮、市)長選舉,首次申報,1071015,宣傳支出,先鋒行,40569211,0.00,16000.00,播送、傳送或刊登宣傳廣告支出,金錢,宜蘭縣宜蘭市****,,
83,張森霖,107年鄉(鎮、市)長選舉,首次申報,1071015,宣傳支出,邁阿密企業社,77022333,0.00,1000.00,播送、傳送或刊登宣傳廣告支出,金錢,宜蘭縣宜蘭市****,,
84,張森霖,107年鄉(鎮、市)長選舉,首次申報,1071015,宣傳支出,邁阿密企業社,77022333,0.00,250.00,播送、傳送或刊登宣傳廣告支出,金錢,宜蘭縣宜蘭市****,,
85,張森霖,107年鄉(鎮、市)長選舉,首次申報,1071016,雜支支出,松大快速印刷,19570888,0.00,2800.00,文具用品費用,金錢,宜蘭縣宜蘭市****,,
86,張森霖,107年鄉(鎮、市)長選舉,首次申報,1071017,交通旅運支出,台灣中油同樂加油站,09698767,0.00,1000.00,油資,金錢,宜蘭縣員山鄉****,,
87,張森霖,107年鄉(鎮、市)長選舉,首次申報,1071022,宣傳支出,瑞勝企業社,31737292,0.00,36800.00,租用廣告看板或車體廣告支出,金錢,宜蘭縣員山鄉****,,
88,張森霖,107年鄉(鎮、市)長選舉,首次申報,1071022,宣傳支出,口孝狼音樂工作室,77030544,0.00,1000.00,製作競選物品支出（落地式喇叭架）,金錢,宜蘭縣礁溪鄉****,,
89,張森霖,107年鄉(鎮、市)長選舉,首次申報,1071023,宣傳支出,嗆斯廣告,13673752,0.00,19600.00,郵寄競選物品或宣傳廣告支出,金錢,宜蘭縣宜蘭市****,,
90,張森霖,107年鄉(鎮、市)長選舉,首次申報,1071024,雜支支出,中興保全股份有限公司,71038021,0.00,1575.00,雜項購置或修繕費用,金錢,宜蘭縣羅東鎮****,,
91,張森霖,107年鄉(鎮、市)長選舉,首次申報,1071025,宣傳支出,社團法人中華音樂著作權協會,19321052,0.00,4200.00,播送、傳送或刊登宣傳廣告支出,金錢,臺北市中山區****,,
92,張森霖,107年鄉(鎮、市)長選舉,首次申報,1071025,雜支支出,藍新科技股份有限公司,70565326,0.00,25.00,電信費用,金錢,臺北市南港區****,,
93,張森霖,107年鄉(鎮、市)長選舉,首次申報,1071027,宣傳支出,真真照相館,40559776,0.00,3000.00,播送、傳送或刊登宣傳廣告支出,金錢,宜蘭縣宜蘭市****,,
94,張森霖,107年鄉(鎮、市)長選舉,首次申報,1071031,交通旅運支出,台灣中油宜蘭站,40021918,0.00,1000.00,油資,金錢,宜蘭縣宜蘭市****,,
95,張森霖,107年鄉(鎮、市)長選舉,首次申報,1071031,雜支支出,先鋒行,40569211,0.00,2100.00,雜項購置或修繕費用,金錢,宜蘭縣宜蘭市****,,
96,張森霖,107年鄉(鎮、市)長選舉,首次申報,1071031,宣傳支出,千越廣告社,99833048,0.00,2400.00,製作競選物品支出（帆布貼號碼吊車及材料）,金錢,宜蘭縣宜蘭市****,,
97,張森霖,107年鄉(鎮、市)長選舉,首次申報,1071031,人事費用支出,林山富,F12*******,0.00,20000.00,工資或薪津,金錢,宜蘭縣宜蘭市****,,
98,張森霖,107年鄉(鎮、市)長選舉,首次申報,1071031,人事費用支出,吳定華,G12*******,0.00,25000.00,工資或薪津,金錢,宜蘭縣宜蘭市****,,
99,張森霖,107年鄉(鎮、市)長選舉,首次申報,1071031,人事費用支出,潘弘峻,G12*******,0.00,26000.00,工資或薪津,金錢,宜蘭縣員山鄉****,,
100,張森霖,107年鄉(鎮、市)長選舉,首次申報,1071031,人事費用支出,賴潔,G22*******,0.00,23000.00,工資或薪津,金錢,宜蘭縣宜蘭市****,,
101,張森霖,107年鄉(鎮、市)長選舉,首次申報,1071031,人事費用支出,吳欣華,G22*******,0.00,18000.00,工資或薪津,金錢,宜蘭縣員山鄉****,,
102,張森霖,107年鄉(鎮、市)長選舉,首次申報,1071101,集會支出,音匠音響實業社,92924085,0.00,9500.00,租用設備支出,金錢,宜蘭縣宜蘭市****,,
103,張森霖,107年鄉(鎮、市)長選舉,首次申報,1071103,交通旅運支出,台灣中油宜蘭站,40021918,0.00,1000.00,油資,金錢,宜蘭縣宜蘭市****,,
104,張森霖,107年鄉(鎮、市)長選舉,首次申報,1071103,宣傳支出,宜蘭中山廣播股份有限公司,89822654,0.00,58000.00,播送、傳送或刊登宣傳廣告支出,金錢,宜蘭縣宜蘭市****,,
105,張森霖,107年鄉(鎮、市)長選舉,首次申報,1071105,雜支支出,台灣電力公司,40408406,0.00,15223.00,水電瓦斯費用,金錢,宜蘭縣宜蘭市****,,
106,張森霖,107年鄉(鎮、市)長選舉,首次申報,1071106,雜支支出,台灣大寬頻,8173729,0.00,1197.00,電信費用,金錢,宜蘭縣宜蘭市****,,
107,張森霖,107年鄉(鎮、市)長選舉,首次申報,1071108,交通旅運支出,台灣中油員山站,40021918,0.00,1000.00,油資,金錢,宜蘭縣員山鄉****,,
108,張森霖,107年鄉(鎮、市)長選舉,首次申報,1071111,交通旅運支出,農田股份有限公司,16039945,0.00,1000.00,油資,金錢,宜蘭縣壯圍鄉****,,
109,張森霖,107年鄉(鎮、市)長選舉,首次申報,1071112,雜支支出,台灣電力公司,40408406,0.00,15458.00,水電瓦斯費用,金錢,宜蘭縣宜蘭市****,,
110,張森霖,107年鄉(鎮、市)長選舉,首次申報,1071112,雜支支出,藍新科技股份有限公司,70565326,0.00,46.00,電信費用,金錢,臺北市南港區****,,
111,張森霖,107年鄉(鎮、市)長選舉,首次申報,1071113,交通旅運支出,台灣中油員山站,40021918,0.00,481.00,油資,金錢,宜蘭縣宜蘭市****,,
112,張森霖,107年鄉(鎮、市)長選舉,首次申報,1071114,雜支支出,中華郵政,,0.00,195.00,劃撥手續費,金錢,宜蘭縣宜蘭市****,,
113,張森霖,107年鄉(鎮、市)長選舉,首次申報,1071114,交通旅運支出,台灣中油員山站,40020690,0.00,500.00,油資,金錢,宜蘭縣員山鄉****,,
114,張森霖,107年鄉(鎮、市)長選舉,首次申報,1071115,雜支支出,中華電信,19562254,0.00,1572.00,電信費用,金錢,宜蘭縣宜蘭市****,,
115,張森霖,107年鄉(鎮、市)長選舉,首次申報,1071115,雜支支出,中華電信,19562254,0.00,5762.00,網際網路費用,金錢,宜蘭縣宜蘭市****,,
116,張森霖,107年鄉(鎮、市)長選舉,首次申報,1071115,交通旅運支出,台灣中油員山站,40020690,0.00,610.00,油資,金錢,宜蘭縣員山鄉****,,
117,張森霖,107年鄉(鎮、市)長選舉,首次申報,1071116,交通旅運支出,台灣中油新興加油站,23833053,0.00,500.00,油資,金錢,宜蘭縣宜蘭市****,,
118,張森霖,107年鄉(鎮、市)長選舉,首次申報,1071116,交通旅運支出,台灣中油宜蘭站,40021918,0.00,570.00,油資,金錢,宜蘭縣宜蘭市****,,
119,張森霖,107年鄉(鎮、市)長選舉,首次申報,1071116,交通旅運支出,台灣中油宜蘭站,40021918,0.00,1000.00,油資,金錢,宜蘭縣宜蘭市****,,
120,張森霖,107年鄉(鎮、市)長選舉,首次申報,1071117,交通旅運支出,台灣中油上德加油站,16332032,0.00,340.00,油資,金錢,宜蘭縣宜蘭市****,,
121,張森霖,107年鄉(鎮、市)長選舉,首次申報,1071117,交通旅運支出,台灣中油員山站,40020690,0.00,300.00,油資,金錢,宜蘭縣宜蘭市****,,
122,張森霖,107年鄉(鎮、市)長選舉,首次申報,1071118,交通旅運支出,台灣中油太山加油站,16272843,0.00,500.00,油資,金錢,宜蘭縣員山鄉****,,
123,張森霖,107年鄉(鎮、市)長選舉,首次申報,1071119,交通旅運支出,台灣中油宜蘭站,40021918,0.00,1368.00,油資,金錢,宜蘭縣宜蘭市****,,
124,張森霖,107年鄉(鎮、市)長選舉,首次申報,1071120,交通旅運支出,台灣中油宜蘭站,40021918,0.00,324.00,油資,金錢,宜蘭縣宜蘭市****,,
125,張森霖,107年鄉(鎮、市)長選舉,首次申報,1071121,交通旅運支出,台灣中油太山加油站,16272843,0.00,1000.00,油資,金錢,宜蘭縣員山鄉****,,
126,張森霖,107年鄉(鎮、市)長選舉,首次申報,1071121,宣傳支出,謝佳辰,G12*******,0.00,30000.00,製作競選物品支出（旗子）,金錢,宜蘭縣宜蘭市****,,
127,張森霖,107年鄉(鎮、市)長選舉,首次申報,1071122,宣傳支出,卡衛視覺廣告設計,14900853,0.00,5000.00,製作宣傳廣告支出,金錢,宜蘭縣宜蘭市****,,
128,張森霖,107年鄉(鎮、市)長選舉,首次申報,1071122,交通旅運支出,台灣中油太山加油站,16272843,0.00,750.00,油資,金錢,宜蘭縣員山鄉****,,
129,張森霖,107年鄉(鎮、市)長選舉,首次申報,1071122,交通旅運支出,台灣中油員山站,40020690,0.00,656.00,油資,金錢,宜蘭縣員山鄉****,,
130,張森霖,107年鄉(鎮、市)長選舉,首次申報,1071122,交通旅運支出,台灣中油宜蘭站,40021918,0.00,700.00,油資,金錢,宜蘭縣宜蘭市****,,
131,張森霖,107年鄉(鎮、市)長選舉,首次申報,1071123,雜支支出,四興紙店,00014577,0.00,5590.00,雜項購置或修繕費用,金錢,宜蘭縣宜蘭市****,,
132,張森霖,107年鄉(鎮、市)長選舉,首次申報,1071123,宣傳支出,印象派企業社,17452506,0.00,179790.00,製作競選物品支出（手卡.邀請函及文宣）,金錢,新北市土城區****,,
133,張森霖,107年鄉(鎮、市)長選舉,首次申報,1071123,雜支支出,吉泰能源有限公司,25052222,0.00,11450.00,水電瓦斯費用,金錢,宜蘭縣宜蘭市****,,
134,張森霖,107年鄉(鎮、市)長選舉,首次申報,1071123,租用宣傳車輛支出,瑞勝企業社,31737292,0.00,18500.00,租用宣傳車輛支出,金錢,宜蘭縣員山鄉****,,
135,張森霖,107年鄉(鎮、市)長選舉,首次申報,1071123,宣傳支出,儷新影印行,40644443,0.00,37000.00,製作競選物品支出（地圖.街道圖等）,金錢,宜蘭縣宜蘭市****,,
136,張森霖,107年鄉(鎮、市)長選舉,首次申報,1071123,宣傳支出,大圖廣告企業社,40973394,0.00,4200.00,製作宣傳廣告支出,金錢,宜蘭縣宜蘭市****,,
137,張森霖,107年鄉(鎮、市)長選舉,首次申報,1071123,宣傳支出,皓達工業有限公司,86267288,0.00,88250.00,製作競選物品支出（布條.直布旗.手拿國旗及統計表）,金錢,新北市土城區****,,
138,張森霖,107年鄉(鎮、市)長選舉,首次申報,1071123,人事費用支出,林山富,F12*******,0.00,20000.00,工資或薪津,金錢,宜蘭縣宜蘭市****,,
139,張森霖,107年鄉(鎮、市)長選舉,首次申報,1071123,人事費用支出,潘弘峻,G12*******,0.00,30000.00,工資或薪津,金錢,宜蘭縣員山鄉****,,
140,張森霖,107年鄉(鎮、市)長選舉,首次申報,1071123,人事費用支出,吳定華,G12*******,0.00,30000.00,工資或薪津,金錢,宜蘭縣宜蘭市****,,
141,張森霖,107年鄉(鎮、市)長選舉,首次申報,1071123,人事費用支出,吳欣華,G22*******,0.00,20000.00,工資或薪津,金錢,宜蘭縣員山鄉****,,
142,張森霖,107年鄉(鎮、市)長選舉,首次申報,1071123,人事費用支出,賴潔,G22*******,0.00,25000.00,工資或薪津,金錢,宜蘭縣宜蘭市****,,
143,張森霖,107年鄉(鎮、市)長選舉,首次申報,1071123,人事費用支出,黃婉真,G22*******,0.00,25000.00,工資或薪津,金錢,宜蘭縣宜蘭市****,,
144,張森霖,107年鄉(鎮、市)長選舉,首次申報,1071123,人事費用支出,黃姵瑜,G22*******,0.00,25000.00,工資或薪津,金錢,宜蘭縣宜蘭市****,,
