﻿序號,擬參選人／政黨,選舉名稱,申報序號／年度,交易日期,收支科目,捐贈者／支出對象,身分證／統一編號,收入金額,支出金額,捐贈方式,存入專戶日期,返還/繳庫,支出用途,金錢類,地址,聯絡電話,應揭露之支出對象,支出對象之內部人員姓名,支出對象之內部人員職稱,政黨之內部人員姓名,政黨之內部人員職稱,關係,更正註記,資料更正日期
1,吳志剛,111年臺北市議員選舉,首次申報,1110610,營利事業捐贈收入,璞毅開發股份有限公司,24969042,500000.00,0.00,匯款,1110610,,,金錢,臺北市內湖區****,,,,,,,,,
2,吳志剛,111年臺北市議員選舉,首次申報,1110621,其他收入,利息收入,,2.00,0.00,現金,1110621,,,金錢,,,,,,,,,,
3,吳志剛,111年臺北市議員選舉,首次申報,1110715,個人捐贈收入,張碧琴,F22*******,30000.00,0.00,現金,1110715,,,金錢,臺北市中正區****,0939*****,,,,,,,,
4,吳志剛,111年臺北市議員選舉,首次申報,1110816,營利事業捐贈收入,鴻億實業股份有限公司,72109562,300000.00,0.00,匯款,1110816,,,金錢,臺北市中山區****,2713*****,,,,,,,,
5,吳志剛,111年臺北市議員選舉,首次申報,1110816,營利事業捐贈收入,大鋒水電工程股份有限公司,96998474,500000.00,0.00,匯款,1110816,已返還,,金錢,臺北市大安區****,,,,,,,,,
6,吳志剛,111年臺北市議員選舉,首次申報,1110816,個人捐贈收入,李德治,A12*******,80000.00,0.00,匯款,1110816,,,金錢,臺北市大安區****,2713*****,,,,,,,,
7,吳志剛,111年臺北市議員選舉,首次申報,1110816,個人捐贈收入,陳若珣,C22*******,30000.00,0.00,匯款,1110816,,,金錢,臺北市松山區****,,,,,,,,,
8,吳志剛,111年臺北市議員選舉,首次申報,1110816,個人捐贈收入,陳怡敏,F22*******,30000.00,0.00,匯款,1110816,,,金錢,新北市三重區****,2977*****,,,,,,,,
9,吳志剛,111年臺北市議員選舉,首次申報,1110816,個人捐贈收入,黃筱婷,F22*******,30000.00,0.00,匯款,1110816,,,金錢,新北市中和區****,0989*****,,,,,,,,
10,吳志剛,111年臺北市議員選舉,首次申報,1110816,個人捐贈收入,熊進緯,L12*******,80000.00,0.00,匯款,1110816,,,金錢,桃園市桃園區****,,,,,,,,,
11,吳志剛,111年臺北市議員選舉,首次申報,1110816,個人捐贈收入,洪千里,N20*******,80000.00,0.00,匯款,1110816,,,金錢,臺北市中正區****,2713*****,,,,,,,,
12,吳志剛,111年臺北市議員選舉,首次申報,1110816,個人捐贈收入,李茂盛,R10*******,80000.00,0.00,匯款,1110816,,,金錢,臺北市中正區****,2713*****,,,,,,,,
13,吳志剛,111年臺北市議員選舉,首次申報,1110816,個人捐贈收入,李美慧,R22*******,30000.00,0.00,匯款,1110816,,,金錢,新北市中和區****,2248*****,,,,,,,,
14,吳志剛,111年臺北市議員選舉,首次申報,1110817,匿名捐贈,王梧州,,10000.00,0.00,現金,1110817,,,金錢,,,,,,,,,,
15,吳志剛,111年臺北市議員選舉,首次申報,1110817,個人捐贈收入,周芬蘭,A22*******,30000.00,0.00,匯款,1110817,,,金錢,臺北市中山區****,2503*****,,,,,,,,
16,吳志剛,111年臺北市議員選舉,首次申報,1110817,個人捐贈收入,曾士倩,F22*******,30000.00,0.00,匯款,1110817,,,金錢,臺北市大安區****,0928*****,,,,,,,,
17,吳志剛,111年臺北市議員選舉,首次申報,1110817,個人捐贈收入,宋文彬,J10*******,100000.00,0.00,匯款,1110817,,,金錢,新北市中和區****,,,,,,,,,
18,吳志剛,111年臺北市議員選舉,首次申報,1110819,個人捐贈收入,陳民雄,N10*******,100000.00,0.00,現金,1110819,,,金錢,臺北市萬華區****,0921*****,,,,,,,,
19,吳志剛,111年臺北市議員選舉,首次申報,1110907,營利事業捐贈收入,萬華企業股份有限公司,15415013,300000.00,0.00,票據,1110912,,,金錢,臺北市萬華區****,,,,,,,,,
20,吳志剛,111年臺北市議員選舉,首次申報,1110914,個人捐贈收入,呂主萬,A10*******,20000.00,0.00,現金,1110915,,,金錢,臺北市大安區****,0390*****,,,,,,,,
21,吳志剛,111年臺北市議員選舉,首次申報,1110916,個人捐贈收入,郭明鑑,F12*******,100000.00,0.00,匯款,1110916,,,金錢,臺北市信義區****,0932*****,,,,,,,,
22,吳志剛,111年臺北市議員選舉,首次申報,1110916,個人捐贈收入,林素華,Z20*******,100000.00,0.00,匯款,1110916,,,金錢,新北市板橋區****,,,,,,,,,
23,吳志剛,111年臺北市議員選舉,首次申報,1110920,人民團體捐贈收入,中華民國雜誌事業協會,,10000.00,0.00,匯款,1110920,,,金錢,臺北市中正區****,,,,,,,,,
24,吳志剛,111年臺北市議員選舉,首次申報,1110921,個人捐贈收入,蕭慈聖,A12*******,10000.00,0.00,現金,1110921,,,金錢,臺北市中正區****,,,,,,,,,
25,吳志剛,111年臺北市議員選舉,首次申報,1110921,個人捐贈收入,方劉玉珠,E20*******,10000.00,0.00,現金,1110921,,,金錢,臺北市中正區****,,,,,,,,,
26,吳志剛,111年臺北市議員選舉,首次申報,1110923,個人捐贈收入,陳志復,H12*******,100000.00,0.00,匯款,1110923,,,金錢,新北市新店區****,,,,,,,,,
27,吳志剛,111年臺北市議員選舉,首次申報,1110923,個人捐贈收入,殷智勇,L12*******,100000.00,0.00,匯款,1110923,,,金錢,臺北市文山區****,,,,,,,,,
28,吳志剛,111年臺北市議員選舉,首次申報,1110926,營利事業捐贈收入,中國開發資產管理股份有限公司,84460055,100000.00,0.00,匯款,1110926,,,金錢,臺北市松山區****,(02)*****,,,,,,,,
29,吳志剛,111年臺北市議員選舉,首次申報,1110926,個人捐贈收入,張紹賢,A12*******,50000.00,0.00,匯款,1110926,,,金錢,臺北市士林區****,,,,,,,,,
30,吳志剛,111年臺北市議員選舉,首次申報,1110926,個人捐贈收入,張紹強,A12*******,50000.00,0.00,匯款,1110926,,,金錢,臺北市士林區****,,,,,,,,,
31,吳志剛,111年臺北市議員選舉,首次申報,1110927,個人捐贈收入,陳希聖,A12*******,50000.00,0.00,匯款,1110927,,,金錢,臺北市中山區****,0911*****,,,,,,,,
32,吳志剛,111年臺北市議員選舉,首次申報,1110927,個人捐贈收入,趙麗娟,A22*******,100000.00,0.00,現金,1110927,,,金錢,臺北市大安區****,2707*****,,,,,,,,
33,吳志剛,111年臺北市議員選舉,首次申報,1110927,個人捐贈收入,薛昌煒,F10*******,100000.00,0.00,匯款,1110927,,,金錢,臺北市中正區****,,,,,,,,,
34,吳志剛,111年臺北市議員選舉,首次申報,1110928,個人捐贈收入,陳希聖,A12*******,50000.00,0.00,匯款,1110928,,,金錢,臺北市中山區****,0911*****,,,,,,,,
35,吳志剛,111年臺北市議員選舉,首次申報,1110929,個人捐贈收入,劉積瑄,A12*******,20000.00,0.00,現金,1110929,,,金錢,臺北市中正區****,0920*****,,,,,,,,
36,吳志剛,111年臺北市議員選舉,首次申報,1111003,個人捐贈收入,甘國甫,A12*******,20000.00,0.00,匯款,1111003,,,金錢,臺北市中山區****,,,,,,,,,
37,吳志剛,111年臺北市議員選舉,首次申報,1111003,個人捐贈收入,陳宜玲,A22*******,50000.00,0.00,匯款,1111003,,,金錢,臺北市松山區****,,,,,,,,,
38,吳志剛,111年臺北市議員選舉,首次申報,1111003,個人捐贈收入,陳宜玲,A22*******,30000.00,0.00,現金,1111003,,,金錢,臺北市松山區****,,,,,,,,,
39,吳志剛,111年臺北市議員選舉,首次申報,1111003,個人捐贈收入,蕭秀貞,H22*******,80000.00,0.00,匯款,1111003,,,金錢,新北市新店區****,0910*****,,,,,,,,
40,吳志剛,111年臺北市議員選舉,首次申報,1111003,個人捐贈收入,郭曉青,R22*******,80000.00,0.00,匯款,1111003,,,金錢,臺南市西港區****,,,,,,,,,
41,吳志剛,111年臺北市議員選舉,首次申報,1111006,營利事業捐贈收入,烈光企業股份有限公司,43686543,100000.00,0.00,匯款,1111006,,,金錢,桃園市中壢區****,(03)*****,,,,,,,,
42,吳志剛,111年臺北市議員選舉,首次申報,1111013,個人捐贈收入,鄧崑耀,E10*******,100000.00,0.00,匯款,1111013,,,金錢,高雄市三民區****,,,,,,,,,
43,吳志剛,111年臺北市議員選舉,首次申報,1111013,個人捐贈收入,鄧江貴,E12*******,100000.00,0.00,匯款,1111013,,,金錢,高雄市左營區****,,,,,,,,,
44,吳志剛,111年臺北市議員選舉,首次申報,1111013,個人捐贈收入,鄧邦君,E22*******,100000.00,0.00,匯款,1111013,,,金錢,高雄市三民區****,,,,,,,,,
45,吳志剛,111年臺北市議員選舉,首次申報,1111013,個人捐贈收入,吳運東,H10*******,100000.00,0.00,匯款,1111013,,,金錢,臺北市大安區****,,,,,,,,,
46,吳志剛,111年臺北市議員選舉,首次申報,1111017,個人捐贈收入,李秋慧,A22*******,100000.00,0.00,現金,1111017,,,金錢,臺北市松山區****,2767*****,,,,,,,,
47,吳志剛,111年臺北市議員選舉,首次申報,1111017,個人捐贈收入,釋天嶽,F12*******,100000.00,0.00,匯款,1111017,,,金錢,桃園市桃園區****,,,,,,,,,
48,吳志剛,111年臺北市議員選舉,首次申報,1111017,個人捐贈收入,林欣筠,F22*******,100000.00,0.00,現金,1111017,,,金錢,新北市三重區****,,,,,,,,,
49,吳志剛,111年臺北市議員選舉,首次申報,1111018,營利事業捐贈收入,信歐國際貿易股份有限公司,12365623,100000.00,0.00,匯款,1111018,,,金錢,臺北市中山區****,,,,,,,,,
50,吳志剛,111年臺北市議員選舉,首次申報,1111018,個人捐贈收入,翁錦芳,X22*******,20000.00,0.00,現金,1111018,,,金錢,臺北市中山區****,2501*****,,,,,,,,
51,吳志剛,111年臺北市議員選舉,首次申報,1111019,個人捐贈收入,吳蔡秀珍,A20*******,100000.00,0.00,現金,1111019,,,金錢,臺北市中山區****,,,,,,,,,
52,吳志剛,111年臺北市議員選舉,首次申報,1111020,個人捐贈收入,林茂雄,P10*******,100000.00,0.00,現金,1111020,,,金錢,臺北市信義區****,8780*****,,,,,,,,
53,吳志剛,111年臺北市議員選舉,首次申報,1111020,個人捐贈收入,林楊麗芬,P20*******,100000.00,0.00,現金,1111020,,,金錢,臺北市信義區****,8780*****,,,,,,,,
54,吳志剛,111年臺北市議員選舉,首次申報,1111021,個人捐贈收入,陳莘昀,N22*******,60000.00,0.00,匯款,1111021,,,金錢,臺北市信義區****,0926*****,,,,,,,,
55,吳志剛,111年臺北市議員選舉,首次申報,1111024,個人捐贈收入,詹鈴權,N10*******,50000.00,0.00,票據,1111027,,,金錢,臺北市萬華區****,,,,,,,,,
56,吳志剛,111年臺北市議員選舉,首次申報,1111025,個人捐贈收入,吳聖洪,L20*******,20000.00,0.00,匯款,1111025,,,金錢,臺北市中正區****,0910*****,,,,,,,,
57,吳志剛,111年臺北市議員選舉,首次申報,1111026,匿名捐贈,黃嬋娟,,3000.00,0.00,現金,1111026,,,金錢,,,,,,,,,,
58,吳志剛,111年臺北市議員選舉,首次申報,1111026,匿名捐贈,黃桂華,,3000.00,0.00,現金,1111026,,,金錢,,,,,,,,,,
59,吳志剛,111年臺北市議員選舉,首次申報,1111026,個人捐贈收入,林進輝,A10*******,100000.00,0.00,現金,1111026,,,金錢,臺北市大安區****,,,,,,,,,
60,吳志剛,111年臺北市議員選舉,首次申報,1111026,個人捐贈收入,林哲豪,A12*******,100000.00,0.00,現金,1111026,,,金錢,新北市淡水區****,,,,,,,,,
61,吳志剛,111年臺北市議員選舉,首次申報,1111026,個人捐贈收入,王素貞,A20*******,100000.00,0.00,現金,1111026,,,金錢,臺北市信義區****,,,,,,,,,
62,吳志剛,111年臺北市議員選舉,首次申報,1111026,個人捐贈收入,黃心怡,A22*******,100000.00,0.00,現金,1111026,,,金錢,臺北市文山區****,,,,,,,,,
63,吳志剛,111年臺北市議員選舉,首次申報,1111026,個人捐贈收入,林經捷,F12*******,100000.00,0.00,現金,1111026,,,金錢,臺北市士林區****,,,,,,,,,
64,吳志剛,111年臺北市議員選舉,首次申報,1111026,個人捐贈收入,游雪珍,F22*******,100000.00,0.00,現金,1111026,,,金錢,新北市土城區****,,,,,,,,,
65,吳志剛,111年臺北市議員選舉,首次申報,1111026,個人捐贈收入,蔣曼君,G22*******,100000.00,0.00,現金,1111026,,,金錢,臺北市大安區****,,,,,,,,,
66,吳志剛,111年臺北市議員選舉,首次申報,1111026,個人捐贈收入,蔣曼文,G22*******,100000.00,0.00,現金,1111026,,,金錢,臺北市信義區****,,,,,,,,,
67,吳志剛,111年臺北市議員選舉,首次申報,1111026,個人捐贈收入,高宛玲,H22*******,100000.00,0.00,現金,1111026,,,金錢,新北市汐止區****,,,,,,,,,
68,吳志剛,111年臺北市議員選舉,首次申報,1111026,個人捐贈收入,林立鴻,U12*******,100000.00,0.00,現金,1111026,,,金錢,臺北市南港區****,,,,,,,,,
69,吳志剛,111年臺北市議員選舉,首次申報,1111027,個人捐贈收入,盧正德,F10*******,20000.00,0.00,匯款,1111027,,,金錢,臺北市士林區****,,,,,,,,,
70,吳志剛,111年臺北市議員選舉,首次申報,1111031,匿名捐贈,鍾大鵬,,5000.00,0.00,匯款,1111031,,,金錢,,,,,,,,,,
71,吳志剛,111年臺北市議員選舉,首次申報,1111031,匿名捐贈,楊豐榮,,2000.00,0.00,匯款,1111031,,,金錢,,,,,,,,,,
72,吳志剛,111年臺北市議員選舉,首次申報,1111031,個人捐贈收入,林文進,R12*******,20000.00,0.00,匯款,1111031,,,金錢,臺北市中山區****,2506*****,,,,,,,,
73,吳志剛,111年臺北市議員選舉,首次申報,1111101,個人捐贈收入,黃書瑋,A10*******,100000.00,0.00,匯款,1111101,,,金錢,臺北市萬華區****,0910*****,,,,,,,,
74,吳志剛,111年臺北市議員選舉,首次申報,1111102,匿名捐贈,陳美女,,3000.00,0.00,匯款,1111102,,,金錢,,,,,,,,,,
75,吳志剛,111年臺北市議員選舉,首次申報,1111102,營利事業捐贈收入,住商實業股份有限公司,23147575,300000.00,0.00,票據,1111102,,,金錢,臺北市大安區****,,,,,,,,,
76,吳志剛,111年臺北市議員選舉,首次申報,1111102,個人捐贈收入,楊廖波治,P20*******,30000.00,0.00,現金,1111102,,,金錢,臺北市大安區****,,,,,,,,,
77,吳志剛,111年臺北市議員選舉,首次申報,1111102,個人捐贈收入,歐淑貞,P22*******,50000.00,0.00,現金,1111102,,,金錢,臺北市中山區****,,,,,,,,,
78,吳志剛,111年臺北市議員選舉,首次申報,1111103,匿名捐贈,陳信宏,,6000.00,0.00,現金,1111103,,,金錢,,,,,,,,,,
79,吳志剛,111年臺北市議員選舉,首次申報,1111104,營利事業捐贈收入,憨農有限公司,24858502,10000.00,0.00,匯款,1111104,已返還,,金錢,臺南市白河區****,0975*****,,,,,,,,
80,吳志剛,111年臺北市議員選舉,首次申報,1111104,營利事業捐贈收入,昇立建設股份有限公司,86887941,100000.00,0.00,現金,1111104,,,金錢,臺北市大同區****,2552*****,,,,,,,,
81,吳志剛,111年臺北市議員選舉,首次申報,1111106,個人捐贈收入,李家仁,A12*******,6000.00,0.00,現金,1111107,,,金錢,臺北市北投區****,2332*****,,,,,,,,
82,吳志剛,111年臺北市議員選舉,首次申報,1111106,個人捐贈收入,游秀鑾,F20*******,12000.00,0.00,現金,1111107,,,金錢,臺北市大同區****,0952*****,,,,,,,,
83,吳志剛,111年臺北市議員選舉,首次申報,1111106,個人捐贈收入,范佐雙,H10*******,500.00,0.00,現金,1111107,,,金錢,新北市深坑區****,0910*****,,,,,,,,
84,吳志剛,111年臺北市議員選舉,首次申報,1111106,個人捐贈收入,李秋香,H20*******,20000.00,0.00,現金,1111107,,,金錢,臺北市松山區****,,,,,,,,,
85,吳志剛,111年臺北市議員選舉,首次申報,1111106,個人捐贈收入,蔡長智,Q10*******,40000.00,0.00,現金,1111107,,,金錢,臺北市大安區****,0930*****,,,,,,,,
86,吳志剛,111年臺北市議員選舉,首次申報,1111106,個人捐贈收入,鄭育青,S12*******,2000.00,0.00,現金,1111107,,,金錢,臺北市萬華區****,2302*****,,,,,,,,
87,吳志剛,111年臺北市議員選舉,首次申報,1111106,個人捐贈收入,李夢萍,Y22*******,3000.00,0.00,現金,1111107,,,金錢,臺北市中正區****,0935*****,,,,,,,,
88,吳志剛,111年臺北市議員選舉,首次申報,1111107,匿名捐贈,台北市公有水源市場,,2000.00,0.00,匯款,1111107,,,金錢,,,,,,,,,,
89,吳志剛,111年臺北市議員選舉,首次申報,1111108,營利事業捐贈收入,蟻力股份有限公司,54316857,300000.00,0.00,匯款,1111108,,,金錢,臺北市內湖區****,2658*****,,,,,,,,
90,吳志剛,111年臺北市議員選舉,首次申報,1111108,個人捐贈收入,曾怡菁,A22*******,100000.00,0.00,匯款,1111108,,,金錢,臺北市信義區****,,,,,,,,,
91,吳志剛,111年臺北市議員選舉,首次申報,1111108,個人捐贈收入,張春敏,F22*******,100000.00,0.00,匯款,1111108,,,金錢,新北市中和區****,,,,,,,,,
92,吳志剛,111年臺北市議員選舉,首次申報,1111108,個人捐贈收入,陳文心,N22*******,100000.00,0.00,匯款,1111108,,,金錢,新北市板橋區****,,,,,,,,,
93,吳志剛,111年臺北市議員選舉,首次申報,1111108,個人捐贈收入,黃秀娟,X22*******,100000.00,0.00,匯款,1111108,,,金錢,澎湖縣馬公市****,,,,,,,,,
94,吳志剛,111年臺北市議員選舉,首次申報,1111109,營利事業捐贈收入,朝家投資股份有限公司,16838428,50000.00,0.00,票據,1111109,,,金錢,臺北市中正區****,,,,,,,,,
95,吳志剛,111年臺北市議員選舉,首次申報,1111109,營利事業捐贈收入,富業實業股份有限公司,16865970,100000.00,0.00,票據,1111109,,,金錢,新北市三重區****,,,,,,,,,
96,吳志剛,111年臺北市議員選舉,首次申報,1111109,個人捐贈收入,陳月梅,A20*******,6000.00,0.00,現金,1111109,,,金錢,臺北市萬華區****,2309*****,,,,,,,,
97,吳志剛,111年臺北市議員選舉,首次申報,1111109,個人捐贈收入,蔡淑敏,A22*******,100000.00,0.00,匯款,1111109,,,金錢,新北市三重區****,,,,,,,,,
98,吳志剛,111年臺北市議員選舉,首次申報,1111110,營利事業捐贈收入,超宇網際網路國際股份有限公司,27770641,80000.00,0.00,票據,1111110,,,金錢,臺北市萬華區****,,,,,,,,,
99,吳志剛,111年臺北市議員選舉,首次申報,1111111,營利事業捐贈收入,岳泰建設股份有限公司,27754874,100000.00,0.00,票據,1111111,,,金錢,臺北市信義區****,2736*****,,,,,,,,
100,吳志剛,111年臺北市議員選舉,首次申報,1111111,個人捐贈收入,鄭銘峰,B12*******,100000.00,0.00,現金,1111111,,,金錢,臺北市大安區****,,,,,,,,,
101,吳志剛,111年臺北市議員選舉,首次申報,1111111,個人捐贈收入,陳士凱,B12*******,100000.00,0.00,匯款,1111111,,,金錢,臺中市南屯區****,,,,,,,,,
102,吳志剛,111年臺北市議員選舉,首次申報,1111111,個人捐贈收入,葉丞凱,F12*******,100000.00,0.00,現金,1111111,,,金錢,新竹縣湖口鄉****,,,,,,,,,
103,吳志剛,111年臺北市議員選舉,首次申報,1111111,個人捐贈收入,葉丞恩,F12*******,100000.00,0.00,現金,1111111,,,金錢,新竹縣湖口鄉****,,,,,,,,,
104,吳志剛,111年臺北市議員選舉,首次申報,1111111,個人捐贈收入,楊慰芬,H22*******,100000.00,0.00,現金,1111111,,,金錢,新竹縣湖口鄉****,,,,,,,,,
105,吳志剛,111年臺北市議員選舉,首次申報,1111111,個人捐贈收入,吳耀焜,L10*******,100000.00,0.00,現金,1111111,,,金錢,臺北市大安區****,,,,,,,,,
106,吳志剛,111年臺北市議員選舉,首次申報,1111111,個人捐贈收入,陳勳森,N10*******,100000.00,0.00,現金,1111111,,,金錢,新北市汐止區****,,,,,,,,,
107,吳志剛,111年臺北市議員選舉,首次申報,1111111,個人捐贈收入,陳宇涵,N12*******,100000.00,0.00,現金,1111111,,,金錢,新北市汐止區****,,,,,,,,,
108,吳志剛,111年臺北市議員選舉,首次申報,1111111,個人捐贈收入,陳寶勳,N12*******,100000.00,0.00,現金,1111111,,,金錢,新北市汐止區****,,,,,,,,,
109,吳志剛,111年臺北市議員選舉,首次申報,1111114,個人捐贈收入,吳俊彥,A10*******,50000.00,0.00,現金,1111114,,,金錢,臺北市中山區****,0921*****,,,,,,,,
110,吳志剛,111年臺北市議員選舉,首次申報,1111114,個人捐贈收入,徐浩源,L12*******,15000.00,0.00,匯款,1111114,,,金錢,臺北市內湖區****,0910*****,,,,,,,,
111,吳志剛,111年臺北市議員選舉,首次申報,1111117,個人捐贈收入,柯佳安,A10*******,10000.00,0.00,現金,1111117,,,金錢,臺北市萬華區****,0968*****,,,,,,,,
112,吳志剛,111年臺北市議員選舉,首次申報,1111121,營利事業捐贈收入,久津實業股份有限公司,59003799,200000.00,0.00,票據,1111121,,,金錢,彰化縣福興鄉****,,,,,,,,,
113,吳志剛,111年臺北市議員選舉,首次申報,1111121,個人捐贈收入,紀淳獻,A12*******,10000.00,0.00,現金,1111124,,,金錢,臺北市萬華區****,0968*****,,,,,,,,
114,吳志剛,111年臺北市議員選舉,首次申報,1111121,個人捐贈收入,陳惠群,A21*******,100000.00,0.00,匯款,1111121,,,金錢,臺北市中正區****,,,,,,,,,
115,吳志剛,111年臺北市議員選舉,首次申報,1111121,個人捐贈收入,吳文輝,R10*******,10000.00,0.00,匯款,1111121,,,金錢,臺南市白河區****,0975*****,,,,,,,,
116,吳志剛,111年臺北市議員選舉,首次申報,1111121,個人捐贈收入,張顥獻,T12*******,6000.00,0.00,現金,1111121,,,金錢,臺北市中山區****,0938*****,,,,,,,,
117,吳志剛,111年臺北市議員選舉,首次申報,1111121,個人捐贈收入,李夢萍,Y22*******,7000.00,0.00,匯款,1111121,,,金錢,臺北市中正區****,0935*****,,,,,,,,
118,吳志剛,111年臺北市議員選舉,首次申報,1111123,匿名捐贈,趙麗雲,,2000.00,0.00,匯款,1111123,,,金錢,,,,,,,,,,
119,吳志剛,111年臺北市議員選舉,首次申報,1111125,營利事業捐贈收入,首笠建設股份有限公司,83466518,100000.00,0.00,現金,1111125,已返還,,金錢,新北市三芝區****,0933*****,,,,,,,,
120,吳志剛,111年臺北市議員選舉,首次申報,1111126,個人捐贈收入,蔡鈺娟,F22*******,12000.00,0.00,匯款,1111126,已返還,,金錢,臺北市萬華區****,0955*****,,,,,,,,
121,吳志剛,111年臺北市議員選舉,首次申報,1111221,其他收入,利息收入,,2493.00,0.00,現金,1111221,,,金錢,,,,,,,,,,
