﻿序號,擬參選人／政黨,選舉名稱,申報序號／年度,交易日期,收支科目,捐贈者／支出對象,身分證／統一編號,收入金額,支出金額,捐贈方式,存入專戶日期,返還/繳庫,支出用途,金錢類,地址,聯絡電話,應揭露之支出對象,支出對象之內部人員姓名,支出對象之內部人員職稱,政黨之內部人員姓名,政黨之內部人員職稱,關係,更正註記,資料更正日期
1,吳發勝,111年新竹縣議員選舉,首次申報,1110923,營利事業捐贈收入,權亞石材股份有限公司,47181262,100000.00,0.00,匯款,1110923,,,金錢,新竹縣湖口鄉****,,,,,,,,,
2,吳發勝,111年新竹縣議員選舉,首次申報,1111026,個人捐贈收入,楊連興,H12*******,100000.00,0.00,匯款,1111026,,,金錢,桃園市桃園區****,0321*****,,,,,,,,
3,吳發勝,111年新竹縣議員選舉,首次申報,1111118,個人捐贈收入,王興德,A12*******,12000.00,0.00,現金,1111202,,,金錢,新北市板橋區****,,,,,,,,,
4,吳發勝,111年新竹縣議員選舉,首次申報,1111118,個人捐贈收入,王前淵,F12*******,6000.00,0.00,現金,1111202,,,金錢,新北市土城區****,,,,,,,,,
5,吳發勝,111年新竹縣議員選舉,首次申報,1111118,個人捐贈收入,關博允,F12*******,10000.00,0.00,現金,1111202,,,金錢,新北市汐止區****,,,,,,,,,
6,吳發勝,111年新竹縣議員選舉,首次申報,1111118,個人捐贈收入,陳泓道,F12*******,6000.00,0.00,現金,1111202,,,金錢,新北市三重區****,,,,,,,,,
7,吳發勝,111年新竹縣議員選舉,首次申報,1111118,個人捐贈收入,王淑怡,F22*******,6000.00,0.00,現金,1111202,,,金錢,新北市土城區****,,,,,,,,,
8,吳發勝,111年新竹縣議員選舉,首次申報,1111119,個人捐贈收入,吳祥羽,,12000.00,0.00,現金,1111202,,,金錢,新竹縣關西鎮****,,,,,,,,,
9,吳發勝,111年新竹縣議員選舉,首次申報,1111119,個人捐贈收入,魏正雄,H10*******,12000.00,0.00,現金,1111202,,,金錢,桃園市龍潭區****,,,,,,,,,
10,吳發勝,111年新竹縣議員選舉,首次申報,1111119,個人捐贈收入,魏村海,H10*******,12000.00,0.00,現金,1111202,,,金錢,桃園市龍潭區****,0932*****,,,,,,,,
11,吳發勝,111年新竹縣議員選舉,首次申報,1111120,個人捐贈收入,詹智棻,,5000.00,0.00,現金,1111202,,,金錢,桃園市平鎮區****,,,,,,,,,
12,吳發勝,111年新竹縣議員選舉,首次申報,1111121,個人捐贈收入,吳素琴,,6000.00,0.00,現金,1111202,,,金錢,新竹縣竹北市****,0919*****,,,,,,,,
13,吳發勝,111年新竹縣議員選舉,首次申報,1111121,個人捐贈收入,江湘梅,M22*******,3000.00,0.00,現金,1111202,,,金錢,,,,,,,,,,
14,吳發勝,111年新竹縣議員選舉,首次申報,1111122,個人捐贈收入,江敏欣,,8000.00,0.00,現金,1111202,,,金錢,臺北市士林區****,,,,,,,,,
15,吳發勝,111年新竹縣議員選舉,首次申報,1111122,個人捐贈收入,黃于倩,H22*******,8000.00,0.00,現金,1111202,,,金錢,桃園市平鎮區****,,,,,,,,,
16,吳發勝,111年新竹縣議員選舉,首次申報,1111123,個人捐贈收入,張澤翔,,30000.00,0.00,現金,1111202,,,金錢,新竹縣竹北市****,,,,,,,,,
