﻿序號,擬參選人／政黨,選舉名稱,申報序號／年度,交易日期,收支科目,捐贈者／支出對象,身分證／統一編號,收入金額,支出金額,捐贈方式,存入專戶日期,返還/繳庫,支出用途,金錢類,地址,聯絡電話,應揭露之支出對象,支出對象之內部人員姓名,支出對象之內部人員職稱,政黨之內部人員姓名,政黨之內部人員職稱,關係,資料更正日期
1,許家蓓,107年直轄市議員選舉,首次申報,1070505,人事費用支出,鍾柏庭,A12*******,0.00,8000.00,,,,工資或薪津,金錢,臺北市文山區****,,,,,,,,2021/8/2 下午 03:45:51
2,許家蓓,107年直轄市議員選舉,首次申報,1070505,人事費用支出,李鴻珠,A22*******,0.00,6750.00,,,,工資或薪津,金錢,臺北市信義區****,,,,,,,,2021/8/2 下午 03:45:51
3,許家蓓,107年直轄市議員選舉,首次申報,1070505,人事費用支出,高維志,F12*******,0.00,6750.00,,,,工資或薪津,金錢,臺北市大同區****,,,,,,,,2021/8/2 下午 03:45:51
4,許家蓓,107年直轄市議員選舉,首次申報,1070512,人事費用支出,鍾柏庭,A12*******,0.00,11200.00,,,,工資或薪津,金錢,臺北市文山區****,,,,,,,,2021/8/2 下午 03:45:51
5,許家蓓,107年直轄市議員選舉,首次申報,1070512,人事費用支出,李鴻珠,A22*******,0.00,9450.00,,,,工資或薪津,金錢,臺北市信義區****,,,,,,,,2021/8/2 下午 03:45:51
6,許家蓓,107年直轄市議員選舉,首次申報,1070512,人事費用支出,高維志,F12*******,0.00,9450.00,,,,工資或薪津,金錢,臺北市大同區****,,,,,,,,2021/8/2 下午 03:45:51
7,許家蓓,107年直轄市議員選舉,首次申報,1070519,人事費用支出,鍾柏庭,A12*******,0.00,11200.00,,,,工資或薪津,金錢,臺北市文山區****,,,,,,,,2021/8/2 下午 03:45:51
8,許家蓓,107年直轄市議員選舉,首次申報,1070519,人事費用支出,李鴻珠,A22*******,0.00,9450.00,,,,工資或薪津,金錢,臺北市信義區****,,,,,,,,2021/8/2 下午 03:45:51
9,許家蓓,107年直轄市議員選舉,首次申報,1070519,人事費用支出,高維志,F12*******,0.00,9450.00,,,,工資或薪津,金錢,臺北市大同區****,,,,,,,,2021/8/2 下午 03:45:51
10,許家蓓,107年直轄市議員選舉,首次申報,1070526,人事費用支出,鍾柏庭,A12*******,0.00,11200.00,,,,工資或薪津,金錢,臺北市文山區****,,,,,,,,2021/8/2 下午 03:45:51
11,許家蓓,107年直轄市議員選舉,首次申報,1070526,人事費用支出,李鴻珠,A22*******,0.00,9450.00,,,,工資或薪津,金錢,臺北市信義區****,,,,,,,,2021/8/2 下午 03:45:51
12,許家蓓,107年直轄市議員選舉,首次申報,1070526,人事費用支出,高維志,F12*******,0.00,9450.00,,,,工資或薪津,金錢,臺北市大同區****,,,,,,,,2021/8/2 下午 03:45:51
13,許家蓓,107年直轄市議員選舉,首次申報,1070602,人事費用支出,鍾柏庭,A12*******,0.00,11200.00,,,,工資或薪津,金錢,臺北市文山區****,,,,,,,,2021/8/2 下午 03:45:51
14,許家蓓,107年直轄市議員選舉,首次申報,1070602,人事費用支出,李鴻珠,A22*******,0.00,9450.00,,,,工資或薪津,金錢,臺北市信義區****,,,,,,,,2021/8/2 下午 03:45:51
15,許家蓓,107年直轄市議員選舉,首次申報,1070602,人事費用支出,高維志,F12*******,0.00,9450.00,,,,工資或薪津,金錢,臺北市大同區****,,,,,,,,2021/8/2 下午 03:45:51
16,許家蓓,107年直轄市議員選舉,首次申報,1070609,人事費用支出,鍾柏庭,A12*******,0.00,11200.00,,,,工資或薪津,金錢,臺北市文山區****,,,,,,,,2021/8/2 下午 03:45:51
17,許家蓓,107年直轄市議員選舉,首次申報,1070609,人事費用支出,李鴻珠,A22*******,0.00,9450.00,,,,工資或薪津,金錢,臺北市信義區****,,,,,,,,2021/8/2 下午 03:45:51
18,許家蓓,107年直轄市議員選舉,首次申報,1070609,人事費用支出,高維志,F12*******,0.00,9450.00,,,,工資或薪津,金錢,臺北市大同區****,,,,,,,,2021/8/2 下午 03:45:51
19,許家蓓,107年直轄市議員選舉,首次申報,1070616,人事費用支出,鍾柏庭,A12*******,0.00,11200.00,,,,工資或薪津,金錢,臺北市文山區****,,,,,,,,2021/8/2 下午 03:45:51
20,許家蓓,107年直轄市議員選舉,首次申報,1070616,人事費用支出,李鴻珠,A22*******,0.00,9450.00,,,,工資或薪津,金錢,臺北市信義區****,,,,,,,,2021/8/2 下午 03:45:51
21,許家蓓,107年直轄市議員選舉,首次申報,1070616,人事費用支出,高維志,F12*******,0.00,9450.00,,,,工資或薪津,金錢,臺北市大同區****,,,,,,,,2021/8/2 下午 03:45:51
22,許家蓓,107年直轄市議員選舉,首次申報,1070623,人事費用支出,鍾柏庭,A12*******,0.00,11200.00,,,,工資或薪津,金錢,臺北市文山區****,,,,,,,,2021/8/2 下午 03:45:51
23,許家蓓,107年直轄市議員選舉,首次申報,1070623,人事費用支出,李鴻珠,A22*******,0.00,9450.00,,,,工資或薪津,金錢,臺北市信義區****,,,,,,,,2021/8/2 下午 03:45:51
24,許家蓓,107年直轄市議員選舉,首次申報,1070623,人事費用支出,高維志,F12*******,0.00,9450.00,,,,工資或薪津,金錢,臺北市大同區****,,,,,,,,2021/8/2 下午 03:45:51
25,許家蓓,107年直轄市議員選舉,首次申報,1070630,人事費用支出,鍾柏庭,A12*******,0.00,11200.00,,,,工資或薪津,金錢,臺北市文山區****,,,,,,,,2021/8/2 下午 03:45:51
26,許家蓓,107年直轄市議員選舉,首次申報,1070630,人事費用支出,李鴻珠,A22*******,0.00,9450.00,,,,工資或薪津,金錢,臺北市信義區****,,,,,,,,2021/8/2 下午 03:45:51
27,許家蓓,107年直轄市議員選舉,首次申報,1070630,人事費用支出,高維志,F12*******,0.00,9450.00,,,,工資或薪津,金錢,臺北市大同區****,,,,,,,,2021/8/2 下午 03:45:51
28,許家蓓,107年直轄市議員選舉,首次申報,1070707,人事費用支出,鍾柏庭,A12*******,0.00,11200.00,,,,工資或薪津,金錢,臺北市文山區****,,,,,,,,2021/8/2 下午 03:45:51
29,許家蓓,107年直轄市議員選舉,首次申報,1070707,人事費用支出,李鴻珠,A22*******,0.00,9450.00,,,,工資或薪津,金錢,臺北市信義區****,,,,,,,,2021/8/2 下午 03:45:51
30,許家蓓,107年直轄市議員選舉,首次申報,1070707,人事費用支出,高維志,F12*******,0.00,9450.00,,,,工資或薪津,金錢,臺北市大同區****,,,,,,,,2021/8/2 下午 03:45:51
31,許家蓓,107年直轄市議員選舉,首次申報,1070708,集會支出,麥詩專業烘焙坊,29231705,0.00,15000.00,,,,餐飲支出,金錢,臺北市南港區****,,,,,,,,2021/8/2 下午 03:45:51
32,許家蓓,107年直轄市議員選舉,首次申報,1070714,人事費用支出,鍾柏庭,A12*******,0.00,11200.00,,,,工資或薪津,金錢,臺北市文山區****,,,,,,,,2021/8/2 下午 03:45:51
33,許家蓓,107年直轄市議員選舉,首次申報,1070714,人事費用支出,李鴻珠,A22*******,0.00,9450.00,,,,工資或薪津,金錢,臺北市信義區****,,,,,,,,2021/8/2 下午 03:45:51
34,許家蓓,107年直轄市議員選舉,首次申報,1070714,人事費用支出,高維志,F12*******,0.00,9450.00,,,,工資或薪津,金錢,臺北市大同區****,,,,,,,,2021/8/2 下午 03:45:51
35,許家蓓,107年直轄市議員選舉,首次申報,1070721,人事費用支出,鍾柏庭,A12*******,0.00,11200.00,,,,工資或薪津,金錢,臺北市文山區****,,,,,,,,2021/8/2 下午 03:45:51
36,許家蓓,107年直轄市議員選舉,首次申報,1070721,人事費用支出,李鴻珠,A22*******,0.00,9450.00,,,,工資或薪津,金錢,臺北市信義區****,,,,,,,,2021/8/2 下午 03:45:51
37,許家蓓,107年直轄市議員選舉,首次申報,1070721,人事費用支出,高維志,F12*******,0.00,9450.00,,,,工資或薪津,金錢,臺北市大同區****,,,,,,,,2021/8/2 下午 03:45:51
38,許家蓓,107年直轄市議員選舉,首次申報,1070728,人事費用支出,鍾柏庭,A12*******,0.00,11200.00,,,,工資或薪津,金錢,臺北市文山區****,,,,,,,,2021/8/2 下午 03:45:51
39,許家蓓,107年直轄市議員選舉,首次申報,1070728,人事費用支出,李鴻珠,A22*******,0.00,9450.00,,,,工資或薪津,金錢,臺北市信義區****,,,,,,,,2021/8/2 下午 03:45:51
40,許家蓓,107年直轄市議員選舉,首次申報,1070728,人事費用支出,高維志,F12*******,0.00,9450.00,,,,工資或薪津,金錢,臺北市大同區****,,,,,,,,2021/8/2 下午 03:45:51
41,許家蓓,107年直轄市議員選舉,首次申報,1070804,人事費用支出,鍾柏庭,A12*******,0.00,11200.00,,,,工資或薪津,金錢,臺北市文山區****,,,,,,,,2021/8/2 下午 03:45:51
42,許家蓓,107年直轄市議員選舉,首次申報,1070804,人事費用支出,李鴻珠,A22*******,0.00,9450.00,,,,工資或薪津,金錢,臺北市信義區****,,,,,,,,2021/8/2 下午 03:45:51
43,許家蓓,107年直轄市議員選舉,首次申報,1070804,人事費用支出,高維志,F12*******,0.00,9450.00,,,,工資或薪津,金錢,臺北市大同區****,,,,,,,,2021/8/2 下午 03:45:51
44,許家蓓,107年直轄市議員選舉,首次申報,1070810,集會支出,彩蝶宴有限公司,28180051,0.00,83630.00,,,,餐飲支出,金錢,臺北市信義區****,,,,,,,,2021/8/2 下午 03:45:51
45,許家蓓,107年直轄市議員選舉,首次申報,1070811,人事費用支出,鍾柏庭,A12*******,0.00,11200.00,,,,工資或薪津,金錢,臺北市文山區****,,,,,,,,2021/8/2 下午 03:45:51
46,許家蓓,107年直轄市議員選舉,首次申報,1070811,人事費用支出,李鴻珠,A22*******,0.00,9450.00,,,,工資或薪津,金錢,臺北市信義區****,,,,,,,,2021/8/2 下午 03:45:51
47,許家蓓,107年直轄市議員選舉,首次申報,1070811,人事費用支出,高維志,F12*******,0.00,9450.00,,,,工資或薪津,金錢,臺北市大同區****,,,,,,,,2021/8/2 下午 03:45:51
48,許家蓓,107年直轄市議員選舉,首次申報,1070818,人事費用支出,鍾柏庭,A12*******,0.00,11200.00,,,,工資或薪津,金錢,臺北市文山區****,,,,,,,,2021/8/2 下午 03:45:51
49,許家蓓,107年直轄市議員選舉,首次申報,1070818,人事費用支出,李鴻珠,A22*******,0.00,9450.00,,,,工資或薪津,金錢,臺北市信義區****,,,,,,,,2021/8/2 下午 03:45:51
50,許家蓓,107年直轄市議員選舉,首次申報,1070818,人事費用支出,高維志,F12*******,0.00,9450.00,,,,工資或薪津,金錢,臺北市大同區****,,,,,,,,2021/8/2 下午 03:45:51
51,許家蓓,107年直轄市議員選舉,首次申報,1070825,人事費用支出,鍾柏庭,A12*******,0.00,11200.00,,,,工資或薪津,金錢,臺北市文山區****,,,,,,,,2021/8/2 下午 03:45:51
52,許家蓓,107年直轄市議員選舉,首次申報,1070825,人事費用支出,李鴻珠,A22*******,0.00,9450.00,,,,工資或薪津,金錢,臺北市信義區****,,,,,,,,2021/8/2 下午 03:45:51
53,許家蓓,107年直轄市議員選舉,首次申報,1070825,人事費用支出,高維志,F12*******,0.00,9450.00,,,,工資或薪津,金錢,臺北市大同區****,,,,,,,,2021/8/2 下午 03:45:51
54,許家蓓,107年直轄市議員選舉,首次申報,1070901,人事費用支出,鍾柏庭,A12*******,0.00,11200.00,,,,工資或薪津,金錢,臺北市文山區****,,,,,,,,2021/8/2 下午 03:45:51
55,許家蓓,107年直轄市議員選舉,首次申報,1070901,人事費用支出,李鴻珠,A22*******,0.00,9450.00,,,,工資或薪津,金錢,臺北市信義區****,,,,,,,,2021/8/2 下午 03:45:51
56,許家蓓,107年直轄市議員選舉,首次申報,1070901,人事費用支出,高維志,F12*******,0.00,9450.00,,,,工資或薪津,金錢,臺北市大同區****,,,,,,,,2021/8/2 下午 03:45:51
57,許家蓓,107年直轄市議員選舉,首次申報,1070904,交通旅運支出,台灣中油,01802160,0.00,500.00,,,,油資,金錢,,,,,,,,,2021/8/2 下午 03:45:51
58,許家蓓,107年直轄市議員選舉,首次申報,1070907,宣傳支出,奇摩國際企業有限公司,28083419,0.00,157500.00,,,,製作宣傳廣告支出,金錢,臺北市萬華區****,,,,,,,,2021/8/2 下午 03:45:51
59,許家蓓,107年直轄市議員選舉,首次申報,1070908,人事費用支出,鍾柏庭,A12*******,0.00,11200.00,,,,工資或薪津,金錢,臺北市文山區****,,,,,,,,2021/8/2 下午 03:45:51
60,許家蓓,107年直轄市議員選舉,首次申報,1070908,人事費用支出,李鴻珠,A22*******,0.00,9450.00,,,,工資或薪津,金錢,臺北市信義區****,,,,,,,,2021/8/2 下午 03:45:51
61,許家蓓,107年直轄市議員選舉,首次申報,1070908,人事費用支出,高維志,F12*******,0.00,9450.00,,,,工資或薪津,金錢,臺北市大同區****,,,,,,,,2021/8/2 下午 03:45:51
62,許家蓓,107年直轄市議員選舉,首次申報,1070911,交通旅運支出,台灣中油,33836255,0.00,500.00,,,,油資,金錢,,,,,,,,,2021/8/2 下午 03:45:51
63,許家蓓,107年直轄市議員選舉,首次申報,1070912,交通旅運支出,台灣中油,01802160,0.00,500.00,,,,油資,金錢,,,,,,,,,2021/8/2 下午 03:45:51
64,許家蓓,107年直轄市議員選舉,首次申報,1070914,交通旅運支出,台灣中油,01802160,0.00,500.00,,,,油資,金錢,,,,,,,,,2021/8/2 下午 03:45:51
65,許家蓓,107年直轄市議員選舉,首次申報,1070915,人事費用支出,鍾柏庭,A12*******,0.00,11200.00,,,,工資或薪津,金錢,臺北市文山區****,,,,,,,,2021/8/2 下午 03:45:51
66,許家蓓,107年直轄市議員選舉,首次申報,1070915,人事費用支出,李鴻珠,A22*******,0.00,9450.00,,,,工資或薪津,金錢,臺北市信義區****,,,,,,,,2021/8/2 下午 03:45:51
67,許家蓓,107年直轄市議員選舉,首次申報,1070915,人事費用支出,高維志,F12*******,0.00,9450.00,,,,工資或薪津,金錢,臺北市大同區****,,,,,,,,2021/8/2 下午 03:45:51
68,許家蓓,107年直轄市議員選舉,首次申報,1070916,交通旅運支出,台灣中油,01113283,0.00,500.00,,,,油資,金錢,,,,,,,,,2021/8/2 下午 03:45:51
69,許家蓓,107年直轄市議員選舉,首次申報,1070918,交通旅運支出,台灣中油,01802160,0.00,500.00,,,,油資,金錢,,,,,,,,,2021/8/2 下午 03:45:51
70,許家蓓,107年直轄市議員選舉,首次申報,1070919,宣傳支出,采毓活動整合行銷有限公司,69394710,0.00,305550.00,,,,製作宣傳廣告支出,金錢,新北市三重區****,,,,,,,,2021/8/2 下午 03:45:51
71,許家蓓,107年直轄市議員選舉,首次申報,1070922,人事費用支出,鍾柏庭,A12*******,0.00,11200.00,,,,工資或薪津,金錢,臺北市文山區****,,,,,,,,2021/8/2 下午 03:45:51
72,許家蓓,107年直轄市議員選舉,首次申報,1070922,人事費用支出,李鴻珠,A22*******,0.00,9450.00,,,,工資或薪津,金錢,臺北市信義區****,,,,,,,,2021/8/2 下午 03:45:51
73,許家蓓,107年直轄市議員選舉,首次申報,1070922,人事費用支出,高維志,F12*******,0.00,9450.00,,,,工資或薪津,金錢,臺北市大同區****,,,,,,,,2021/8/2 下午 03:45:51
74,許家蓓,107年直轄市議員選舉,首次申報,1070928,交通旅運支出,台灣中油,01113283,0.00,500.00,,,,油資,金錢,,,,,,,,,2021/8/2 下午 03:45:51
75,許家蓓,107年直轄市議員選舉,首次申報,1070929,人事費用支出,鍾柏庭,A12*******,0.00,11200.00,,,,工資或薪津,金錢,臺北市文山區****,,,,,,,,2021/8/2 下午 03:45:51
76,許家蓓,107年直轄市議員選舉,首次申報,1070929,人事費用支出,李鴻珠,A22*******,0.00,9450.00,,,,工資或薪津,金錢,臺北市信義區****,,,,,,,,2021/8/2 下午 03:45:51
77,許家蓓,107年直轄市議員選舉,首次申報,1070929,人事費用支出,高維志,F12*******,0.00,9450.00,,,,工資或薪津,金錢,臺北市大同區****,,,,,,,,2021/8/2 下午 03:45:51
78,許家蓓,107年直轄市議員選舉,首次申報,1071001,交通旅運支出,台灣中油,01113299,0.00,600.00,,,,油資,金錢,,,,,,,,,2021/8/2 下午 03:45:51
79,許家蓓,107年直轄市議員選舉,首次申報,1071001,宣傳支出,奇摩國際企業有限公司,28083419,0.00,183750.00,,,,製作宣傳廣告支出,金錢,臺北市萬華區****,,,,,,,,2021/8/2 下午 03:45:51
80,許家蓓,107年直轄市議員選舉,首次申報,1071002,交通旅運支出,台灣中油,78334051,0.00,500.00,,,,油資,金錢,,,,,,,,,2021/8/2 下午 03:45:51
81,許家蓓,107年直轄市議員選舉,首次申報,1071003,宣傳支出,睛艷廣告社,26242670,0.00,47387.00,,,,製作宣傳廣告支出,金錢,新北市中和區****,,,,,,,,2021/8/2 下午 03:45:51
82,許家蓓,107年直轄市議員選舉,首次申報,1071003,宣傳支出,睛艷廣告社,26242670,0.00,223938.00,,,,製作宣傳廣告支出,金錢,新北市中和區****,,,,,,,,2021/8/2 下午 03:45:51
83,許家蓓,107年直轄市議員選舉,首次申報,1071004,交通旅運支出,台灣中油,01802160,0.00,500.00,,,,油資,金錢,,,,,,,,,2021/8/2 下午 03:45:51
84,許家蓓,107年直轄市議員選舉,首次申報,1071004,返還支出,馥霖股份有限公司,24321256,0.00,200000.00,,,,返還,金錢,臺北市松山區****,,,,,,,,2021/8/2 下午 03:45:51
85,許家蓓,107年直轄市議員選舉,首次申報,1071004,返還支出,興鴻暘建設股份有限公司,27916322,0.00,100000.00,,,,返還,金錢,臺北市松山區****,,,,,,,,2021/8/2 下午 03:45:51
86,許家蓓,107年直轄市議員選舉,首次申報,1071004,返還支出,興鴻暘建設股份有限公司,27916322,0.00,50000.00,,,,返還,金錢,臺北市松山區****,,,,,,,,2021/8/2 下午 03:45:51
87,許家蓓,107年直轄市議員選舉,首次申報,1071004,返還支出,森原建設股份有限公司,29075280,0.00,100000.00,,,,返還,金錢,臺北市松山區****,,,,,,,,2021/8/2 下午 03:45:51
88,許家蓓,107年直轄市議員選舉,首次申報,1071004,返還支出,森原建設股份有限公司,29075280,0.00,50000.00,,,,返還,金錢,臺北市松山區****,,,,,,,,2021/8/2 下午 03:45:51
89,許家蓓,107年直轄市議員選舉,首次申報,1071004,雜支支出,第一商業銀行股份有限公司-松貿分公司,70802242,0.00,30.00,,,,手續費,金錢,臺北市信義區****,,,,,,,,2021/8/2 下午 03:45:51
90,許家蓓,107年直轄市議員選舉,首次申報,1071004,雜支支出,第一商業銀行股份有限公司-松貿分公司,70802242,0.00,30.00,,,,手續費,金錢,臺北市信義區****,,,,,,,,2021/8/2 下午 03:45:51
91,許家蓓,107年直轄市議員選舉,首次申報,1071004,雜支支出,第一商業銀行股份有限公司-松貿分公司,70802242,0.00,30.00,,,,手續費,金錢,臺北市信義區****,,,,,,,,2021/8/2 下午 03:45:51
92,許家蓓,107年直轄市議員選舉,首次申報,1071004,交通旅運支出,台灣中油,78334051,0.00,600.00,,,,油資,金錢,,,,,,,,,2021/8/2 下午 03:45:51
93,許家蓓,107年直轄市議員選舉,首次申報,1071005,交通旅運支出,台灣中油,01802160,0.00,500.00,,,,油資,金錢,,,,,,,,,2021/8/2 下午 03:45:51
94,許家蓓,107年直轄市議員選舉,首次申報,1071006,交通旅運支出,台灣中油,01802112,0.00,600.00,,,,油資,金錢,,,,,,,,,2021/8/2 下午 03:45:51
95,許家蓓,107年直轄市議員選舉,首次申報,1071006,人事費用支出,鍾柏庭,A12*******,0.00,11200.00,,,,工資或薪津,金錢,臺北市文山區****,,,,,,,,2021/8/2 下午 03:45:51
96,許家蓓,107年直轄市議員選舉,首次申報,1071006,人事費用支出,李鴻珠,A22*******,0.00,9450.00,,,,工資或薪津,金錢,臺北市信義區****,,,,,,,,2021/8/2 下午 03:45:51
97,許家蓓,107年直轄市議員選舉,首次申報,1071006,人事費用支出,高維志,F12*******,0.00,9450.00,,,,工資或薪津,金錢,臺北市大同區****,,,,,,,,2021/8/2 下午 03:45:51
98,許家蓓,107年直轄市議員選舉,首次申報,1071007,宣傳支出,良傑派報社,30306696,0.00,5350.00,,,,製作宣傳廣告支出,金錢,新北市新店區****,,,,,,,,2021/8/2 下午 03:45:51
99,許家蓓,107年直轄市議員選舉,首次申報,1071011,交通旅運支出,台灣中油,78334051,0.00,600.00,,,,油資,金錢,,,,,,,,,2021/8/2 下午 03:45:51
100,許家蓓,107年直轄市議員選舉,首次申報,1071011,交通旅運支出,台灣中油,78334051,0.00,150.00,,,,油資,金錢,,,,,,,,,2021/8/2 下午 03:45:51
101,許家蓓,107年直轄市議員選舉,首次申報,1071012,宣傳支出,育利印刷事業有限公司,24234226,0.00,56700.00,,,,製作宣傳廣告支出,金錢,新北市中和區****,,,,,,,,2021/8/2 下午 03:45:51
102,許家蓓,107年直轄市議員選舉,首次申報,1071012,宣傳支出,睛艷廣告社,26242670,0.00,30765.00,,,,製作宣傳廣告支出,金錢,新北市中和區****,,,,,,,,2021/8/2 下午 03:45:51
103,許家蓓,107年直轄市議員選舉,首次申報,1071013,交通旅運支出,純精加油站,97488528,0.00,150.00,,,,油資,金錢,,,,,,,,,2021/8/2 下午 03:45:51
104,許家蓓,107年直轄市議員選舉,首次申報,1071013,人事費用支出,鍾柏庭,A12*******,0.00,11200.00,,,,工資或薪津,金錢,臺北市文山區****,,,,,,,,2021/8/2 下午 03:45:51
105,許家蓓,107年直轄市議員選舉,首次申報,1071013,人事費用支出,李鴻珠,A22*******,0.00,9450.00,,,,工資或薪津,金錢,臺北市信義區****,,,,,,,,2021/8/2 下午 03:45:51
106,許家蓓,107年直轄市議員選舉,首次申報,1071013,人事費用支出,高維志,F12*******,0.00,9450.00,,,,工資或薪津,金錢,臺北市大同區****,,,,,,,,2021/8/2 下午 03:45:51
107,許家蓓,107年直轄市議員選舉,首次申報,1071014,交通旅運支出,廣進加油站廣進站,09895063,0.00,935.00,,,,油資,金錢,,,,,,,,,2021/8/2 下午 03:45:51
108,許家蓓,107年直轄市議員選舉,首次申報,1071015,集會支出,睛艷廣告社,26242670,0.00,89723.00,,,,租用場地支出,金錢,新北市中和區****,,,,,,,,2021/8/2 下午 03:45:51
109,許家蓓,107年直轄市議員選舉,首次申報,1071016,交通旅運支出,台灣中油,01113299,0.00,600.00,,,,油資,金錢,,,,,,,,,2021/8/2 下午 03:45:51
110,許家蓓,107年直轄市議員選舉,首次申報,1071017,返還支出,老達利貿易股份有限公司,03185902,0.00,200000.00,,,,返還,金錢,臺北市南港區****,,,,,,,,2021/8/2 下午 03:45:51
111,許家蓓,107年直轄市議員選舉,首次申報,1071017,雜支支出,第一商業銀行股份有限公司-松貿分公司,70802242,0.00,30.00,,,,手續費,金錢,臺北市信義區****,,,,,,,,2021/8/2 下午 03:45:51
112,許家蓓,107年直轄市議員選舉,首次申報,1071019,宣傳支出,三竹資訊股份有限公司,86136982,0.00,8000.00,,,,發送電信簡訊支出,金錢,臺北市新生北****,,,,,,,,2021/8/2 下午 03:45:51
113,許家蓓,107年直轄市議員選舉,首次申報,1071020,人事費用支出,鍾柏庭,A12*******,0.00,11200.00,,,,工資或薪津,金錢,臺北市文山區****,,,,,,,,2021/8/2 下午 03:45:51
114,許家蓓,107年直轄市議員選舉,首次申報,1071020,人事費用支出,李鴻珠,A22*******,0.00,9450.00,,,,工資或薪津,金錢,臺北市信義區****,,,,,,,,2021/8/2 下午 03:45:51
115,許家蓓,107年直轄市議員選舉,首次申報,1071020,人事費用支出,高維志,F12*******,0.00,9450.00,,,,工資或薪津,金錢,臺北市大同區****,,,,,,,,2021/8/2 下午 03:45:51
116,許家蓓,107年直轄市議員選舉,首次申報,1071021,宣傳支出,呂期棠,A12*******,0.00,62000.00,,,,製作宣傳廣告支出,金錢,臺北市中正區****,,,,,,,,2021/8/2 下午 03:45:51
117,許家蓓,107年直轄市議員選舉,首次申報,1071023,交通旅運支出,台灣中油,01606343,0.00,850.00,,,,油資,金錢,,,,,,,,,2021/8/2 下午 03:45:51
118,許家蓓,107年直轄市議員選舉,首次申報,1071025,雜支支出,大目汽車用品有限公司,20981804,0.00,3800.00,,,,雜項購置或修繕費用,金錢,臺北市健康路****,,,,,,,,2021/8/2 下午 03:45:51
119,許家蓓,107年直轄市議員選舉,首次申報,1071025,雜支支出,大目汽車用品有限公司,20981804,0.00,11900.00,,,,雜項購置或修繕費用,金錢,臺北市健康路****,,,,,,,,2021/8/2 下午 03:45:51
120,許家蓓,107年直轄市議員選舉,首次申報,1071026,宣傳支出,航冠企業有限公司,89425515,0.00,3150.00,,,,製作宣傳廣告支出,金錢,臺北市信義區****,,,,,,,,2021/8/2 下午 03:45:51
121,許家蓓,107年直轄市議員選舉,首次申報,1071027,人事費用支出,鍾柏庭,A12*******,0.00,11200.00,,,,工資或薪津,金錢,臺北市文山區****,,,,,,,,2021/8/2 下午 03:45:51
122,許家蓓,107年直轄市議員選舉,首次申報,1071027,人事費用支出,李鴻珠,A22*******,0.00,9450.00,,,,工資或薪津,金錢,臺北市信義區****,,,,,,,,2021/8/2 下午 03:45:51
123,許家蓓,107年直轄市議員選舉,首次申報,1071027,人事費用支出,高維志,F12*******,0.00,9450.00,,,,工資或薪津,金錢,臺北市大同區****,,,,,,,,2021/8/2 下午 03:45:51
124,許家蓓,107年直轄市議員選舉,首次申報,1071029,交通旅運支出,台灣中油,78334051,0.00,500.00,,,,油資,金錢,,,,,,,,,2021/8/2 下午 03:45:51
125,許家蓓,107年直轄市議員選舉,首次申報,1071030,宣傳支出,威朋大數據股份有限公司,28892170,0.00,105000.00,,,,製作宣傳廣告支出,金錢,臺北市松山區****,,,,,,,,2021/8/2 下午 03:45:51
126,許家蓓,107年直轄市議員選舉,首次申報,1071101,宣傳支出,奇摩國際企業有限公司,28083419,0.00,204750.00,,,,製作宣傳廣告支出,金錢,臺北市萬華區****,,,,,,,,2021/8/2 下午 03:45:51
127,許家蓓,107年直轄市議員選舉,首次申報,1071102,交通旅運支出,台灣中油,01802160,0.00,500.00,,,,油資,金錢,,,,,,,,,2021/8/2 下午 03:45:51
128,許家蓓,107年直轄市議員選舉,首次申報,1071102,宣傳支出,愛台客企業社,37874552,0.00,5600.00,,,,製作宣傳廣告支出,金錢,新北市淡水區****,,,,,,,,2021/8/2 下午 03:45:51
129,許家蓓,107年直轄市議員選舉,首次申報,1071103,交通旅運支出,台灣中油,01802160,0.00,500.00,,,,油資,金錢,,,,,,,,,2021/8/2 下午 03:45:51
130,許家蓓,107年直轄市議員選舉,首次申報,1071103,人事費用支出,鍾柏庭,A12*******,0.00,11200.00,,,,工資或薪津,金錢,臺北市文山區****,,,,,,,,2021/8/2 下午 03:45:51
131,許家蓓,107年直轄市議員選舉,首次申報,1071103,人事費用支出,李鴻珠,A22*******,0.00,9450.00,,,,工資或薪津,金錢,臺北市信義區****,,,,,,,,2021/8/2 下午 03:45:51
132,許家蓓,107年直轄市議員選舉,首次申報,1071103,人事費用支出,高維志,F12*******,0.00,9450.00,,,,工資或薪津,金錢,臺北市大同區****,,,,,,,,2021/8/2 下午 03:45:51
133,許家蓓,107年直轄市議員選舉,首次申報,1071105,交通旅運支出,台灣中油,01113299,0.00,600.00,,,,油資,金錢,,,,,,,,,2021/8/2 下午 03:45:51
134,許家蓓,107年直轄市議員選舉,首次申報,1071105,交通旅運支出,台灣中油,01802160,0.00,500.00,,,,油資,金錢,,,,,,,,,2021/8/2 下午 03:45:51
135,許家蓓,107年直轄市議員選舉,首次申報,1071105,交通旅運支出,台灣中油,78334051,0.00,700.00,,,,油資,金錢,,,,,,,,,2021/8/2 下午 03:45:51
136,許家蓓,107年直轄市議員選舉,首次申報,1071106,交通旅運支出,台灣中油,01802160,0.00,500.00,,,,油資,金錢,,,,,,,,,2021/8/2 下午 03:45:51
137,許家蓓,107年直轄市議員選舉,首次申報,1071107,交通旅運支出,台灣中油,01802112,0.00,589.00,,,,油資,金錢,,,,,,,,,2021/8/2 下午 03:45:51
138,許家蓓,107年直轄市議員選舉,首次申報,1071107,交通旅運支出,台灣中油,01802160,0.00,500.00,,,,油資,金錢,,,,,,,,,2021/8/2 下午 03:45:51
139,許家蓓,107年直轄市議員選舉,首次申報,1071107,宣傳支出,速博快速印刷事業有限公司,80059755,0.00,53130.00,,,,製作宣傳廣告支出,金錢,新北市土城區****,,,,,,,,2021/8/2 下午 03:45:51
140,許家蓓,107年直轄市議員選舉,首次申報,1071108,交通旅運支出,台灣中油,01802160,0.00,500.00,,,,油資,金錢,,,,,,,,,2021/8/2 下午 03:45:51
141,許家蓓,107年直轄市議員選舉,首次申報,1071110,交通旅運支出,台灣中油,01606343,0.00,600.00,,,,油資,金錢,,,,,,,,,2021/8/2 下午 03:45:51
142,許家蓓,107年直轄市議員選舉,首次申報,1071110,交通旅運支出,台灣中油,01802160,0.00,500.00,,,,油資,金錢,,,,,,,,,2021/8/2 下午 03:45:51
143,許家蓓,107年直轄市議員選舉,首次申報,1071110,人事費用支出,鍾柏庭,A12*******,0.00,11200.00,,,,工資或薪津,金錢,臺北市文山區****,,,,,,,,2021/8/2 下午 03:45:51
144,許家蓓,107年直轄市議員選舉,首次申報,1071110,人事費用支出,李鴻珠,A22*******,0.00,9450.00,,,,工資或薪津,金錢,臺北市信義區****,,,,,,,,2021/8/2 下午 03:45:51
145,許家蓓,107年直轄市議員選舉,首次申報,1071110,人事費用支出,高維志,F12*******,0.00,9450.00,,,,工資或薪津,金錢,臺北市大同區****,,,,,,,,2021/8/2 下午 03:45:51
146,許家蓓,107年直轄市議員選舉,首次申報,1071111,交通旅運支出,台灣中油,01802160,0.00,500.00,,,,油資,金錢,,,,,,,,,2021/8/2 下午 03:45:51
147,許家蓓,107年直轄市議員選舉,首次申報,1071113,宣傳支出,頂好國際企業社,72926542,0.00,10806.00,,,,製作宣傳廣告支出,金錢,臺北市文山區****,,,,,,,,2021/8/2 下午 03:45:51
148,許家蓓,107年直轄市議員選舉,首次申報,1071114,交通旅運支出,台灣中油,01113299,0.00,600.00,,,,油資,金錢,,,,,,,,,2021/8/2 下午 03:45:51
149,許家蓓,107年直轄市議員選舉,首次申報,1071114,交通旅運支出,台灣中油,01802160,0.00,130.00,,,,油資,金錢,,,,,,,,,2021/8/2 下午 03:45:51
150,許家蓓,107年直轄市議員選舉,首次申報,1071114,交通旅運支出,台灣中油,01802160,0.00,500.00,,,,油資,金錢,,,,,,,,,2021/8/2 下午 03:45:51
151,許家蓓,107年直轄市議員選舉,首次申報,1071114,雜支支出,大目汽車用品有限公司,20981804,0.00,300.00,,,,雜項購置或修繕費用,金錢,臺北市健康路****,,,,,,,,2021/8/2 下午 03:45:51
152,許家蓓,107年直轄市議員選舉,首次申報,1071115,交通旅運支出,台灣中油,01802160,0.00,500.00,,,,油資,金錢,,,,,,,,,2021/8/2 下午 03:45:51
153,許家蓓,107年直轄市議員選舉,首次申報,1071115,宣傳支出,錢進科技有限公司,28850072,0.00,69825.00,,,,製作宣傳廣告支出,金錢,臺北市中山區****,,,,,,,,2021/8/2 下午 03:45:51
154,許家蓓,107年直轄市議員選舉,首次申報,1071116,交通旅運支出,台灣中油,01606343,0.00,700.00,,,,油資,金錢,,,,,,,,,2021/8/2 下午 03:45:51
155,許家蓓,107年直轄市議員選舉,首次申報,1071116,宣傳支出,睛艷廣告社,26242670,0.00,10800.00,,,,製作宣傳廣告支出,金錢,新北市中和區****,,,,,,,,2021/8/2 下午 03:45:51
156,許家蓓,107年直轄市議員選舉,首次申報,1071116,交通旅運支出,台灣中油,78334051,0.00,600.00,,,,油資,金錢,,,,,,,,,2021/8/2 下午 03:45:51
157,許家蓓,107年直轄市議員選舉,首次申報,1071117,交通旅運支出,台灣中油,01802160,0.00,500.00,,,,油資,金錢,,,,,,,,,2021/8/2 下午 03:45:51
158,許家蓓,107年直轄市議員選舉,首次申報,1071117,人事費用支出,鍾柏庭,A12*******,0.00,11200.00,,,,工資或薪津,金錢,臺北市文山區****,,,,,,,,2021/8/2 下午 03:45:51
159,許家蓓,107年直轄市議員選舉,首次申報,1071117,人事費用支出,李鴻珠,A22*******,0.00,9450.00,,,,工資或薪津,金錢,臺北市信義區****,,,,,,,,2021/8/2 下午 03:45:51
160,許家蓓,107年直轄市議員選舉,首次申報,1071117,人事費用支出,高維志,F12*******,0.00,9450.00,,,,工資或薪津,金錢,臺北市大同區****,,,,,,,,2021/8/2 下午 03:45:51
161,許家蓓,107年直轄市議員選舉,首次申報,1071118,交通旅運支出,台灣中油,01113283,0.00,600.00,,,,油資,金錢,,,,,,,,,2021/8/2 下午 03:45:51
162,許家蓓,107年直轄市議員選舉,首次申報,1071118,交通旅運支出,台灣中油,01802160,0.00,500.00,,,,油資,金錢,,,,,,,,,2021/8/2 下午 03:45:51
163,許家蓓,107年直轄市議員選舉,首次申報,1071119,交通旅運支出,台灣中油,01113299,0.00,500.00,,,,油資,金錢,,,,,,,,,2021/8/2 下午 03:45:51
164,許家蓓,107年直轄市議員選舉,首次申報,1071119,宣傳支出,全聯派報社,26368972,0.00,19369.00,,,,製作宣傳廣告支出,金錢,臺北市中正區****,,,,,,,,2021/8/2 下午 03:45:51
165,許家蓓,107年直轄市議員選舉,首次申報,1071119,交通旅運支出,台灣中油,78334051,0.00,600.00,,,,油資,金錢,,,,,,,,,2021/8/2 下午 03:45:51
166,許家蓓,107年直轄市議員選舉,首次申報,1071120,交通旅運支出,台灣中油,01113283,0.00,500.00,,,,油資,金錢,,,,,,,,,2021/8/2 下午 03:45:51
167,許家蓓,107年直轄市議員選舉,首次申報,1071121,交通旅運支出,台灣中油,01113299,0.00,500.00,,,,油資,金錢,,,,,,,,,2021/8/2 下午 03:45:51
168,許家蓓,107年直轄市議員選舉,首次申報,1071122,交通旅運支出,台灣中油,01802160,0.00,500.00,,,,油資,金錢,,,,,,,,,2021/8/2 下午 03:45:51
169,許家蓓,107年直轄市議員選舉,首次申報,1071123,交通旅運支出,台灣中油,01802160,0.00,500.00,,,,油資,金錢,,,,,,,,,2021/8/2 下午 03:45:51
170,許家蓓,107年直轄市議員選舉,首次申報,1071123,人事費用支出,鍾柏庭,A12*******,0.00,9600.00,,,,工資或薪津,金錢,臺北市文山區****,,,,,,,,2021/8/2 下午 03:45:51
171,許家蓓,107年直轄市議員選舉,首次申報,1071123,人事費用支出,李鴻珠,A22*******,0.00,8100.00,,,,工資或薪津,金錢,臺北市信義區****,,,,,,,,2021/8/2 下午 03:45:51
172,許家蓓,107年直轄市議員選舉,首次申報,1071123,人事費用支出,高維志,F12*******,0.00,8100.00,,,,工資或薪津,金錢,臺北市大同區****,,,,,,,,2021/8/2 下午 03:45:51
173,許家蓓,107年直轄市議員選舉,首次申報,1071125,宣傳支出,立鑫整合行銷有限公司,25118890,0.00,300000.00,,,,製作宣傳廣告支出,金錢,臺北市文山區****,,,,,,,,2021/8/2 下午 03:45:51
174,許家蓓,107年直轄市議員選舉,首次申報,1071126,宣傳支出,立鑫整合行銷有限公司,25118890,0.00,300000.00,,,,製作宣傳廣告支出,金錢,臺北市文山區****,,,,,,,,2021/8/2 下午 03:45:51
175,許家蓓,107年直轄市議員選舉,首次申報,1071127,宣傳支出,立鑫整合行銷有限公司,25118890,0.00,270000.00,,,,製作宣傳廣告支出,金錢,臺北市文山區****,,,,,,,,2021/8/2 下午 03:45:51
176,許家蓓,107年直轄市議員選舉,首次申報,1071128,宣傳支出,睛艷廣告社,26242670,0.00,21350.00,,,,製作宣傳廣告支出,金錢,新北市中和區****,,,,,,,,2021/8/2 下午 03:45:51
177,許家蓓,107年直轄市議員選舉,首次申報,1071205,宣傳支出,奈思布雷表演工作室,42287879,0.00,158760.00,,,,製作宣傳廣告支出,金錢,臺北市內湖區****,,,,,,,,2021/8/2 下午 03:45:51
178,許家蓓,107年直轄市議員選舉,首次申報,1071206,宣傳支出,趨勢民意調查股份有限公司,53121236,0.00,200000.00,,,,委託辦理研究、評估、調查、設計或規劃支出,金錢,臺北市信義區****,,,,,,,,2021/8/2 下午 03:45:51
179,許家蓓,107年直轄市議員選舉,首次申報,1071206,宣傳支出,趨勢民意調查股份有限公司,53121236,0.00,259336.00,,,,委託辦理研究、評估、調查、設計或規劃支出,金錢,臺北市信義區****,,,,,,,,2021/8/2 下午 03:45:51
180,許家蓓,107年直轄市議員選舉,首次申報,1071222,宣傳支出,良傑派報社,30306696,0.00,200100.00,,,,製作宣傳廣告支出,金錢,新北市新店區****,,,,,,,,2021/8/2 下午 03:45:51
181,許家蓓,107年直轄市議員選舉,首次申報,1080131,返還支出,豪景商行,10343407,0.00,100000.00,,,,返還,金錢,臺北市大安區****,,,,,,,,2021/8/2 下午 03:45:51
182,許家蓓,107年直轄市議員選舉,首次申報,1080212,返還支出,信達光電科技有限公司,28821345,0.00,10000.00,,,,返還,金錢,新竹市東區復****,,,,,,,,2021/8/2 下午 03:45:51
183,許家蓓,107年直轄市議員選舉,首次申報,1080215,返還支出,遠洋流體裝卸設備有限公司,53767241,0.00,20000.00,,,,返還,金錢,臺北市松山區****,,,,,,,,2021/8/2 下午 03:45:51
184,許家蓓,107年直轄市議員選舉,首次申報,1080215,返還支出,兆勁科技股份有限公司,89549446,0.00,300000.00,,,,返還,金錢,苗栗縣竹南鎮****,,,,,,,,2021/8/2 下午 03:45:51
