﻿序號,擬參選人／政黨,選舉名稱,申報序號／年度,交易日期,收支科目,捐贈者／支出對象,身分證／統一編號,收入金額,支出金額,支出用途,金錢類,地址,聯絡電話,資料更正日期
1,林峻輔,107年鄉(鎮、市)長選舉,首次申報,1071024,營利事業捐贈收入,彙麥企業有限公司,16309341,60000.00,0.00,,金錢,臺北市信義區****,,
2,林峻輔,107年鄉(鎮、市)長選舉,首次申報,1071024,營利事業捐贈收入,勇鑫工程顧問有限公司,86529564,60000.00,0.00,,金錢,宜蘭縣宜蘭市****,,
3,林峻輔,107年鄉(鎮、市)長選舉,首次申報,1071024,個人捐贈收入,魏卉欣,F22*******,2000.00,0.00,,金錢,新北市淡水區****,,
4,林峻輔,107年鄉(鎮、市)長選舉,首次申報,1071024,個人捐贈收入,廖學鈴,G10*******,50000.00,0.00,,金錢,宜蘭縣羅東鎮****,,
5,林峻輔,107年鄉(鎮、市)長選舉,首次申報,1071024,個人捐贈收入,林志維,G10*******,50000.00,0.00,,金錢,宜蘭縣冬山鄉****,,
6,林峻輔,107年鄉(鎮、市)長選舉,首次申報,1071025,營利事業捐贈收入,億昌加油站股份有限公司,16201685,10000.00,0.00,,金錢,宜蘭縣三星鄉****,,
7,林峻輔,107年鄉(鎮、市)長選舉,首次申報,1071026,個人捐贈收入,劉建智,G10*******,20000.00,0.00,,金錢,宜蘭縣冬山鄉****,,
8,林峻輔,107年鄉(鎮、市)長選舉,首次申報,1071031,個人捐贈收入,林枝祥,G10*******,10000.00,0.00,,金錢,宜蘭縣冬山鄉****,0920*****,
9,林峻輔,107年鄉(鎮、市)長選舉,首次申報,1071107,個人捐贈收入,李新枝,G12*******,6000.00,0.00,,金錢,宜蘭縣冬山鄉****,0920*****,
10,林峻輔,107年鄉(鎮、市)長選舉,首次申報,1071107,個人捐贈收入,吳逸羚,G22*******,10000.00,0.00,,金錢,宜蘭縣宜蘭市****,,
11,林峻輔,107年鄉(鎮、市)長選舉,首次申報,1071109,營利事業捐贈收入,宜興預拌混凝土股份有限公司,97272457,100000.00,0.00,,金錢,宜蘭縣冬山鄉****,,
12,林峻輔,107年鄉(鎮、市)長選舉,首次申報,1071114,個人捐贈收入,李茂雄,G10*******,1124.00,0.00,,金錢,宜蘭縣冬山鄉****,,
13,林峻輔,107年鄉(鎮、市)長選舉,首次申報,1071115,個人捐贈收入,林苓,F22*******,20000.00,0.00,,金錢,宜蘭縣冬山鄉****,,
14,林峻輔,107年鄉(鎮、市)長選舉,首次申報,1071115,個人捐贈收入,陳金章,G10*******,3000.00,0.00,,金錢,宜蘭縣冬山鄉****,,
15,林峻輔,107年鄉(鎮、市)長選舉,首次申報,1071115,個人捐贈收入,魏暐庭,G12*******,2000.00,0.00,,金錢,新竹縣竹北市****,,
16,林峻輔,107年鄉(鎮、市)長選舉,首次申報,1071121,個人捐贈收入,黃進興,G10*******,6000.00,0.00,,金錢,宜蘭縣冬山鄉****,0395*****,
17,林峻輔,107年鄉(鎮、市)長選舉,首次申報,1071123,個人捐贈收入,陳昱豪,G12*******,60000.00,0.00,,金錢,宜蘭縣羅東鎮****,,
18,林峻輔,107年鄉(鎮、市)長選舉,首次申報,1071123,個人捐贈收入,周振村,G12*******,6000.00,0.00,,金錢,宜蘭縣礁溪鄉****,,
