﻿序號,擬參選人／政黨,選舉名稱,申報序號／年度,交易日期,收支科目,捐贈者／支出對象,身分證／統一編號,收入金額,支出金額,捐贈方式,存入專戶日期,返還/繳庫,支出用途,金錢類,地址,聯絡電話,應揭露之支出對象,支出對象之內部人員姓名,支出對象之內部人員職稱,政黨之內部人員姓名,政黨之內部人員職稱,關係,更正註記,資料更正日期
1,林京玲,111年臺中市議員選舉,首次申報,1110916,繳庫支出,監察院,03753307,0.00,50000.00,,,,繳庫,金錢,台北市忠孝東****,,否,,,,,,,
2,林京玲,111年臺中市議員選舉,首次申報,1111115,宣傳支出,東森新媒體控股股份有限公司,24328949,0.00,70560.00,,,,製作競選物品或宣傳廣告費用（物品名稱-請填寫）,金錢,臺北市大安區****,0255*****,否,,,,,,,
3,林京玲,111年臺中市議員選舉,首次申報,1111118,宣傳支出,瀛海矽康科技股份有限公司,27435788,0.00,344593.00,,,,製作競選物品或宣傳廣告費用（物品名稱-口罩）,金錢,南投縣南投市****,,否,,,,,,,
4,林京玲,111年臺中市議員選舉,首次申報,1111222,宣傳支出,首席帆布實業有限公司,23541703,0.00,175000.00,,,,製作競選物品或宣傳廣告費用（物品名稱-請填寫）,金錢,臺中市南屯區****,0423*****,否,,,,,,,
