﻿序號,擬參選人／政黨,選舉名稱,申報序號／年度,交易日期,收支科目,捐贈者／支出對象,身分證／統一編號,收入金額,支出金額,捐贈方式,存入專戶日期,返還/繳庫,支出用途,金錢類,地址,聯絡電話,應揭露之支出對象,支出對象之內部人員姓名,支出對象之內部人員職稱,政黨之內部人員姓名,政黨之內部人員職稱,關係,更正註記,資料更正日期
1,董俊良,111年新北市議員選舉,首次申報,1110809,匿名捐贈,匿名1,,1000.00,0.00,匯款,1110809,,,金錢,,,,,,,,,,
2,董俊良,111年新北市議員選舉,首次申報,1110919,匿名捐贈,匿名2,,1000.00,0.00,匯款,1110919,,,金錢,,,,,,,,,,
3,董俊良,111年新北市議員選舉,首次申報,1110920,匿名捐贈,匿名3,,5000.00,0.00,匯款,1110920,,,金錢,,,,,,,,,,
4,董俊良,111年新北市議員選舉,首次申報,1111006,匿名捐贈,匿名4,,1200.00,0.00,匯款,1111006,,,金錢,,,,,,,,,,
5,董俊良,111年新北市議員選舉,首次申報,1111017,個人捐贈收入,賈爽梅,A22*******,100000.00,0.00,現金,1111017,,,金錢,臺北市大安區****,,,,,,,,,
6,董俊良,111年新北市議員選舉,首次申報,1111105,個人捐贈收入,孫格偉,,5000.00,0.00,現金,1111111,,,金錢,臺北市大安區****,,,,,,,,,
7,董俊良,111年新北市議員選舉,首次申報,1111105,個人捐贈收入,孫格一,,10000.00,0.00,現金,1111111,,,金錢,臺北市大安區****,,,,,,,,,
8,董俊良,111年新北市議員選舉,首次申報,1111107,個人捐贈收入,朱淑蘭,,10000.00,0.00,現金,1111111,,,金錢,新北市中和區****,,,,,,,,,
9,董俊良,111年新北市議員選舉,首次申報,1111221,其他收入,利息收入,,59.00,0.00,匯款,1111221,,,金錢,,,,,,,,,,
