﻿序號,擬參選人／政黨,選舉名稱,申報序號／年度,交易日期,收支科目,捐贈者／支出對象,身分證／統一編號,收入金額,支出金額,捐贈方式,存入專戶日期,返還/繳庫,支出用途,金錢類,地址,聯絡電話,應揭露之支出對象,支出對象之內部人員姓名,支出對象之內部人員職稱,政黨之內部人員姓名,政黨之內部人員職稱,關係,更正註記,資料更正日期
1,易乃文,113年立法委員選舉,首次申報,1121122,匿名捐贈,0920***021,,1000.00,0.00,現金,1121122,,,金錢,,,,,,,,,,
2,易乃文,113年立法委員選舉,首次申報,1121130,個人捐贈收入,張永剛,,3000.00,0.00,現金,1121130,,,金錢,新北市新店區****,0921*****,,,,,,,,
3,易乃文,113年立法委員選舉,首次申報,1121130,個人捐贈收入,洪昌吉,,20000.00,0.00,現金,1121130,,,金錢,臺中市西屯區****,0909*****,,,,,,,,
4,易乃文,113年立法委員選舉,首次申報,1121204,個人捐贈收入,林富傢,,10000.00,0.00,現金,1121204,,,金錢,臺中市龍井區****,0989*****,,,,,,,,
5,易乃文,113年立法委員選舉,首次申報,1121204,個人捐贈收入,李美賢,,16888.00,0.00,現金,1121204,,,金錢,臺南市仁德區****,0971*****,,,,,,,,
6,易乃文,113年立法委員選舉,首次申報,1121208,個人捐贈收入,曹昌貴,,2000.00,0.00,現金,1121208,,,金錢,基隆市仁愛區****,02-2*****,,,,,,,,
7,易乃文,113年立法委員選舉,首次申報,1121208,個人捐贈收入,邵尚明,,3000.00,0.00,現金,1121208,,,金錢,臺北市松山區****,0970*****,,,,,,,,
8,易乃文,113年立法委員選舉,首次申報,1121217,個人捐贈收入,顧鈞詠,,1000.00,0.00,現金,1121217,,,金錢,高雄市仁武區****,0929*****,,,,,,,,
9,易乃文,113年立法委員選舉,首次申報,1121221,其他收入,利息收入,,16.00,0.00,匯款,1121221,,,金錢,,,,,,,,,,
10,易乃文,113年立法委員選舉,首次申報,1121221,個人捐贈收入,陳正雄,,10000.00,0.00,現金,1121221,,,金錢,臺中市西區綠****,0932*****,,,,,,,,
11,易乃文,113年立法委員選舉,首次申報,1121223,個人捐贈收入,梁鶴齡,F12*******,60000.00,0.00,現金,1121223,,,金錢,臺中市北區梅****,0915*****,,,,,,,,
12,易乃文,113年立法委員選舉,首次申報,1130112,個人捐贈收入,徐嘉鴻,,2000.00,0.00,現金,1130112,,,金錢,新北市汐止區****,0910*****,,,,,,,,
