﻿序號,擬參選人／政黨,選舉名稱,申報序號／年度,交易日期,收支科目,捐贈者／支出對象,身分證／統一編號,收入金額,支出金額,捐贈方式,存入專戶日期,返還/繳庫,支出用途,金錢類,地址,聯絡電話,應揭露之支出對象,支出對象之內部人員姓名,支出對象之內部人員職稱,政黨之內部人員姓名,政黨之內部人員職稱,關係,更正註記,資料更正日期
1,游正英,111年桃園市復興區區長選舉,首次申報,1110923,宣傳支出,原林文化商行,47995062,0.00,105000.00,,,,製作參選人背心及帽子,金錢,桃園市復興區****,0910*****,否,,,,,,,
2,游正英,111年桃園市復興區區長選舉,首次申報,1110923,宣傳支出,原林文化商行,47995062,0.00,65240.00,,,,製作參選人帆布、A海報,金錢,桃園市復興區****,0910*****,否,,,,,,,
3,游正英,111年桃園市復興區區長選舉,首次申報,1111021,租用競選辦事處支出,邱志平,H12*******,0.00,110000.00,,,,租用競選辦事處,金錢,桃園市復興區****,0338*****,否,,,,,,,
4,游正英,111年桃園市復興區區長選舉,首次申報,1111025,集會支出,宏興帆布鐵架行,67722815,0.00,89600.00,,,,成立大會現場布置,金錢,桃園市大溪區****,0932*****,否,,,,,,,
5,游正英,111年桃園市復興區區長選舉,首次申報,1111025,人事費用支出,林沛緹,H22*******,0.00,5000.00,,,,成立大會主持人費用,金錢,桃園市復興區****,0926*****,否,,,,,,,
6,游正英,111年桃園市復興區區長選舉,首次申報,1111123,集會支出,祥富企業社,37816195,0.00,32000.00,,,,造勢會場布置,金錢,桃園市復興區****,0338*****,否,,,,,,,
7,游正英,111年桃園市復興區區長選舉,首次申報,1111123,集會支出,璟翔音響舞台社,82148369,0.00,12000.00,,,,舞台車,金錢,新北市鶯歌區****,0936*****,否,,,,,,,
8,游正英,111年桃園市復興區區長選舉,首次申報,1111123,人事費用支出,林沛緹,H22*******,0.00,5000.00,,,,造勢大會主持人費用,金錢,桃園市復興區****,0926*****,否,,,,,,,
9,游正英,111年桃園市復興區區長選舉,首次申報,1111125,集會支出,祥富企業社,37816195,0.00,38000.00,,,,造勢會場布置,金錢,桃園市復興區****,0338*****,否,,,,,,,
10,游正英,111年桃園市復興區區長選舉,首次申報,1111125,集會支出,璟翔音響舞台社,82148369,0.00,12000.00,,,,舞台車,金錢,新北市鶯歌區****,0936*****,否,,,,,,,
11,游正英,111年桃園市復興區區長選舉,首次申報,1111125,人事費用支出,洪松義,G12*******,0.00,5000.00,,,,造勢大會主持人費用,金錢,桃園市復興區****,0920*****,否,,,,,,,
