﻿序號,擬參選人／政黨,選舉名稱,申報序號／年度,交易日期,收支科目,捐贈者／支出對象,身分證／統一編號,收入金額,支出金額,捐贈方式,存入專戶日期,返還/繳庫,支出用途,金錢類,地址,聯絡電話,應揭露之支出對象,支出對象之內部人員姓名,支出對象之內部人員職稱,政黨之內部人員姓名,政黨之內部人員職稱,關係,更正註記,資料更正日期
1,賀光卍,111年桃園市桃園區龍鳳里里長選舉,首次申報,1110822,個人捐贈收入,賴宇泰,,4000.00,0.00,現金,1110901,,,金錢,,0937*****,,,,,,,,
2,賀光卍,111年桃園市桃園區龍鳳里里長選舉,首次申報,1110822,人民團體捐贈收入,台南市政府環境保護局工會,,5000.00,0.00,現金,1110901,,,金錢,,0913*****,,,,,,,,
3,賀光卍,111年桃園市桃園區龍鳳里里長選舉,首次申報,1110822,人民團體捐贈收入,桃園市環保局政府企業工會,,3000.00,0.00,現金,1110901,,,金錢,,03-3*****,,,,,,,,
4,賀光卍,111年桃園市桃園區龍鳳里里長選舉,首次申報,1110822,個人捐贈收入,曾皇凱,,1200.00,0.00,現金,1110901,,,金錢,,0902*****,,,,,,,,
5,賀光卍,111年桃園市桃園區龍鳳里里長選舉,首次申報,1110822,個人捐贈收入,楊俊華,,3000.00,0.00,現金,1110901,,,金錢,,0921*****,,,,,,,,
6,賀光卍,111年桃園市桃園區龍鳳里里長選舉,首次申報,1110822,個人捐贈收入,郭鳳嬌,,1500.00,0.00,現金,1110901,,,金錢,,0349*****,,,,,,,,
7,賀光卍,111年桃園市桃園區龍鳳里里長選舉,首次申報,1110822,個人捐贈收入,靳家齊,,1000.00,0.00,現金,1110901,,,金錢,,0903*****,,,,,,,,
8,賀光卍,111年桃園市桃園區龍鳳里里長選舉,首次申報,1110822,個人捐贈收入,段林芬,,6000.00,0.00,現金,1110901,,,金錢,,0936*****,,,,,,,,
9,賀光卍,111年桃園市桃園區龍鳳里里長選舉,首次申報,1110822,個人捐贈收入,羅臺盛,,1000.00,0.00,現金,1110901,,,金錢,,0911*****,,,,,,,,
10,賀光卍,111年桃園市桃園區龍鳳里里長選舉,首次申報,1110822,個人捐贈收入,蘇家源,,5000.00,0.00,現金,1110901,,,金錢,,0932*****,,,,,,,,
11,賀光卍,111年桃園市桃園區龍鳳里里長選舉,首次申報,1110822,人民團體捐贈收入,台北市公園路燈管理工程處企業工會,,5000.00,0.00,現金,1110901,,,金錢,台北市中正區****,0223*****,,,,,,,,
12,賀光卍,111年桃園市桃園區龍鳳里里長選舉,首次申報,1110822,人民團體捐贈收入,桃市產業總工會,,2000.00,0.00,現金,1110901,,,金錢,桃園市八德區****,0336*****,,,,,,,,
13,賀光卍,111年桃園市桃園區龍鳳里里長選舉,首次申報,1110822,個人捐贈收入,賴啟仁,,3000.00,0.00,現金,1110901,,,金錢,,0338*****,,,,,,,,
14,賀光卍,111年桃園市桃園區龍鳳里里長選舉,首次申報,1110822,個人捐贈收入,葉貴英,,5000.00,0.00,現金,1110901,,,金錢,,0960*****,,,,,,,,
15,賀光卍,111年桃園市桃園區龍鳳里里長選舉,首次申報,1110824,個人捐贈收入,劉荷雲,,20000.00,0.00,現金,1110901,,,金錢,,0333*****,,,,,,,,
16,賀光卍,111年桃園市桃園區龍鳳里里長選舉,首次申報,1110902,個人捐贈收入,陳秀英,,12000.00,0.00,現金,1110902,,,金錢,,0933*****,,,,,,,,
17,賀光卍,111年桃園市桃園區龍鳳里里長選舉,首次申報,1110911,個人捐贈收入,高陳美珠,,2000.00,0.00,現金,1110923,,,金錢,,0937*****,,,,,,,,
18,賀光卍,111年桃園市桃園區龍鳳里里長選舉,首次申報,1110915,個人捐贈收入,游其文,,5000.00,0.00,現金,1110923,,,金錢,,0921*****,,,,,,,,
19,賀光卍,111年桃園市桃園區龍鳳里里長選舉,首次申報,1110917,個人捐贈收入,許乃尹,,1000.00,0.00,現金,1110923,,,金錢,,0976*****,,,,,,,,
20,賀光卍,111年桃園市桃園區龍鳳里里長選舉,首次申報,1110919,個人捐贈收入,黃素英,,6000.00,0.00,現金,1110923,,,金錢,,0928*****,,,,,,,,
21,賀光卍,111年桃園市桃園區龍鳳里里長選舉,首次申報,1110920,個人捐贈收入,王念蜀,,8888.00,0.00,現金,1110923,,,金錢,桃園市桃園區****,,,,,,,,,
22,賀光卍,111年桃園市桃園區龍鳳里里長選舉,首次申報,1110921,個人捐贈收入,林淑真,,11000.00,0.00,現金,1110923,,,金錢,,0933*****,,,,,,,,
23,賀光卍,111年桃園市桃園區龍鳳里里長選舉,首次申報,1110924,個人捐贈收入,白惠君,,10000.00,0.00,現金,1111004,,,金錢,桃園市桃園區****,0928*****,,,,,,,,
24,賀光卍,111年桃園市桃園區龍鳳里里長選舉,首次申報,1111004,人民團體捐贈收入,桃園市產業總工會,,5000.00,0.00,現金,1111004,,,金錢,桃園市八德區****,0336*****,,,,,,,,
25,賀光卍,111年桃園市桃園區龍鳳里里長選舉,首次申報,1111019,個人捐贈收入,劉嘉珠,,3000.00,0.00,現金,1111020,,,金錢,,0918*****,,,,,,,,
26,賀光卍,111年桃園市桃園區龍鳳里里長選舉,首次申報,1111024,個人捐贈收入,賴美英,,1000.00,0.00,現金,1111025,,,金錢,桃園市桃園區****,,,,,,,,,
27,賀光卍,111年桃園市桃園區龍鳳里里長選舉,首次申報,1111024,個人捐贈收入,杜津珠,,10000.00,0.00,現金,1111025,,,金錢,,0910*****,,,,,,,,
28,賀光卍,111年桃園市桃園區龍鳳里里長選舉,首次申報,1111024,人民團體捐贈收入,台北市環保局企業工會,,10000.00,0.00,現金,1111025,,,金錢,台北市萬華區****,0223*****,,,,,,,,
29,賀光卍,111年桃園市桃園區龍鳳里里長選舉,首次申報,1111025,個人捐贈收入,洪小英,,2000.00,0.00,匯款,1111025,,,金錢,,0921*****,,,,,,,,
30,賀光卍,111年桃園市桃園區龍鳳里里長選舉,首次申報,1111025,個人捐贈收入,孫則芳,,6000.00,0.00,匯款,1111026,,,金錢,,0223*****,,,,,,,,
31,賀光卍,111年桃園市桃園區龍鳳里里長選舉,首次申報,1111026,個人捐贈收入,邱澄南,,1000.00,0.00,現金,1111027,,,金錢,,0926*****,,,,,,,,
32,賀光卍,111年桃園市桃園區龍鳳里里長選舉,首次申報,1111027,個人捐贈收入,林深靖,,5000.00,0.00,現金,1111101,,,金錢,,0910*****,,,,,,,,
33,賀光卍,111年桃園市桃園區龍鳳里里長選舉,首次申報,1111027,個人捐贈收入,陳一聲,,2000.00,0.00,現金,1111101,,,金錢,,0972*****,,,,,,,,
34,賀光卍,111年桃園市桃園區龍鳳里里長選舉,首次申報,1111029,個人捐贈收入,張寶里,,2000.00,0.00,現金,1111101,,,金錢,桃園市桃園區****,,,,,,,,,
35,賀光卍,111年桃園市桃園區龍鳳里里長選舉,首次申報,1111029,個人捐贈收入,陳奕璋,,5000.00,0.00,現金,1111101,,,金錢,新北市板橋區****,,,,,,,,,
36,賀光卍,111年桃園市桃園區龍鳳里里長選舉,首次申報,1111031,人民團體捐贈收入,工作傷害受害人協會,,50000.00,0.00,匯款,1111031,,,金錢,臺北市松山區****,0225*****,,,,,,,,
37,賀光卍,111年桃園市桃園區龍鳳里里長選舉,首次申報,1111105,個人捐贈收入,林佩蓉,,10000.00,0.00,現金,1111110,,,金錢,,0939*****,,,,,,,,
38,賀光卍,111年桃園市桃園區龍鳳里里長選舉,首次申報,1111107,個人捐贈收入,劉孟芬,,5000.00,0.00,現金,1111109,,,金錢,,0921*****,,,,,,,,
39,賀光卍,111年桃園市桃園區龍鳳里里長選舉,首次申報,1111109,個人捐贈收入,何秀枝,,6600.00,0.00,現金,1111110,,,金錢,,0932*****,,,,,,,,
40,賀光卍,111年桃園市桃園區龍鳳里里長選舉,首次申報,1111110,個人捐贈收入,潘忠政,,2000.00,0.00,匯款,1111110,,,金錢,,0985*****,,,,,,,,
41,賀光卍,111年桃園市桃園區龍鳳里里長選舉,首次申報,1111115,個人捐贈收入,楊麗龍,,3000.00,0.00,現金,1111116,,,金錢,新北市三重區****,,,,,,,,,
42,賀光卍,111年桃園市桃園區龍鳳里里長選舉,首次申報,1111115,個人捐贈收入,劉佑銘,,3000.00,0.00,現金,1111116,,,金錢,台市文山區指****,,,,,,,,,
43,賀光卍,111年桃園市桃園區龍鳳里里長選舉,首次申報,1111117,個人捐贈收入,翁妍欣,,1000.00,0.00,匯款,1111117,,,金錢,,0939*****,,,,,,,,
44,賀光卍,111年桃園市桃園區龍鳳里里長選舉,首次申報,1111123,個人捐贈收入,張王筱玲,,2000.00,0.00,現金,1111124,,,金錢,桃園市桃園區****,,,,,,,,,
