﻿序號,擬參選人／政黨,選舉名稱,申報序號／年度,交易日期,收支科目,捐贈者／支出對象,身分證／統一編號,收入金額,支出金額,支出用途,金錢類,地址,聯絡電話,資料更正日期
1,謝希誠,107年縣(市)議員選舉,首次申報,1070830,宣傳支出,巨龍企業商行,10532815,0.00,51000.00,製作競選物品支出（牙籤盒）,金錢,新竹縣新豐鄉****,,
2,謝希誠,107年縣(市)議員選舉,首次申報,1070830,人事費用支出,歐斯本,A12*******,0.00,28650.00,工資或薪津,金錢,新竹市關新里****,,
3,謝希誠,107年縣(市)議員選舉,首次申報,1070830,人事費用支出,任致遠,J12*******,0.00,31550.00,工資或薪津,金錢,新竹市關新里****,,
4,謝希誠,107年縣(市)議員選舉,首次申報,1070905,宣傳支出,巨龍企業商行,10532815,0.00,27000.00,製作競選物品支出（環保袋）,金錢,新竹縣湖口鄉****,,
5,謝希誠,107年縣(市)議員選舉,首次申報,1070915,宣傳支出,知名度禮藝品企業商行,26144397,0.00,25000.00,製作競選物品支出（筆）,金錢,新竹縣新豐鄉****,,
6,謝希誠,107年縣(市)議員選舉,首次申報,1070930,宣傳支出,巨龍企業商行,10532815,0.00,24000.00,製作競選物品支出（牙籤盒),金錢,新竹縣湖口鄉****,,
7,謝希誠,107年縣(市)議員選舉,首次申報,1070930,人事費用支出,歐斯本,A12*******,0.00,28650.00,工資或薪津,金錢,新竹市東區關****,,
8,謝希誠,107年縣(市)議員選舉,首次申報,1070930,人事費用支出,任致遠,J12*******,0.00,31550.00,工資或薪津,金錢,新竹市關新里****,,
9,謝希誠,107年縣(市)議員選舉,首次申報,1071005,人事費用支出,歐斯本,A12*******,0.00,28650.00,工資或薪津,金錢,新竹市關新里****,,
10,謝希誠,107年縣(市)議員選舉,首次申報,1071005,人事費用支出,任致遠,J12*******,0.00,31550.00,工資或薪津,金錢,新竹市東區關****,,
11,謝希誠,107年縣(市)議員選舉,首次申報,1071005,人事費用支出,孫佩華,J22*******,0.00,103770.00,工資或薪津(...月),金錢,新竹縣寶山鄉****,,
12,謝希誠,107年縣(市)議員選舉,首次申報,1071007,集會支出,宗益餐飲企業社,29262170,0.00,37500.00,餐飲支出,金錢,新竹市仁德街****,,
