﻿序號,擬參選人／政黨,選舉名稱,申報序號／年度,交易日期,收支科目,捐贈者／支出對象,身分證／統一編號,收入金額,支出金額,支出用途,金錢類,地址,聯絡電話,資料更正日期
1,劉熒隆,107年直轄市議員選舉,首次申報,1071017,個人捐贈收入,王世吉,,3000.00,0.00,,非金錢,,0980*****,
2,劉熒隆,107年直轄市議員選舉,首次申報,1071023,營利事業捐贈收入,竑羿有限公司,54059647,36000.00,0.00,,金錢,臺南市永康區****,06-2*****,
3,劉熒隆,107年直轄市議員選舉,首次申報,1071025,個人捐贈收入,李德遠,,2500.00,0.00,,非金錢,,0910*****,
4,劉熒隆,107年直轄市議員選舉,首次申報,1071026,個人捐贈收入,劉招金,,2500.00,0.00,,非金錢,,0933*****,
5,劉熒隆,107年直轄市議員選舉,首次申報,1071026,個人捐贈收入,羅玉蘭,,3500.00,0.00,,非金錢,,0989*****,
6,劉熒隆,107年直轄市議員選舉,首次申報,1071026,個人捐贈收入,劉邦晃,,8750.00,0.00,,非金錢,,0916*****,
7,劉熒隆,107年直轄市議員選舉,首次申報,1071028,個人捐贈收入,李傳森,,12000.00,0.00,,非金錢,,0932*****,
8,劉熒隆,107年直轄市議員選舉,首次申報,1071101,個人捐贈收入,許祥安,,3000.00,0.00,,金錢,,0963*****,
9,劉熒隆,107年直轄市議員選舉,首次申報,1071101,個人捐贈收入,宋淑貞,,10000.00,0.00,,金錢,,0988*****,
10,劉熒隆,107年直轄市議員選舉,首次申報,1071101,個人捐贈收入,朱慶銘,,2000.00,0.00,,金錢,,0931*****,
11,劉熒隆,107年直轄市議員選舉,首次申報,1071101,營利事業捐贈收入,桃園市私立頂尖幼兒園,14549578,5000.00,0.00,,金錢,桃園市龍潭區****,03-4*****,
12,劉熒隆,107年直轄市議員選舉,首次申報,1071101,個人捐贈收入,葉步煒,H12*******,60000.00,0.00,,金錢,桃園市龍潭區****,0932*****,
13,劉熒隆,107年直轄市議員選舉,首次申報,1071101,個人捐贈收入,羅仕浮,J12*******,60000.00,0.00,,金錢,桃園市龍潭區****,0932*****,
14,劉熒隆,107年直轄市議員選舉,首次申報,1071102,個人捐贈收入,賴季圓,,3000.00,0.00,,金錢,桃園市龍潭區****,0910*****,
15,劉熒隆,107年直轄市議員選舉,首次申報,1071102,個人捐贈收入,劉吳秋妹,,2000.00,0.00,,金錢,,03-4*****,
16,劉熒隆,107年直轄市議員選舉,首次申報,1071102,個人捐贈收入,黃明榮,,10000.00,0.00,,金錢,桃園市龍潭區****,0930*****,
17,劉熒隆,107年直轄市議員選舉,首次申報,1071102,個人捐贈收入,劉峻華,,3000.00,0.00,,金錢,桃園市龍潭區****,03-4*****,
18,劉熒隆,107年直轄市議員選舉,首次申報,1071102,個人捐贈收入,許翔,,1000.00,0.00,,金錢,,03-4*****,
19,劉熒隆,107年直轄市議員選舉,首次申報,1071102,營利事業捐贈收入,洄游創生有限公司,69579505,20000.00,0.00,,金錢,桃園市龍潭區****,,
20,劉熒隆,107年直轄市議員選舉,首次申報,1071103,個人捐贈收入,鄧瑞梅,,1000.00,0.00,,金錢,,0922*****,
21,劉熒隆,107年直轄市議員選舉,首次申報,1071103,個人捐贈收入,張運煥,,3000.00,0.00,,金錢,,0937*****,
22,劉熒隆,107年直轄市議員選舉,首次申報,1071103,個人捐贈收入,葉逢其,,1000.00,0.00,,金錢,,03-4*****,
23,劉熒隆,107年直轄市議員選舉,首次申報,1071103,個人捐贈收入,黃益美,,10000.00,0.00,,金錢,,0937*****,
24,劉熒隆,107年直轄市議員選舉,首次申報,1071103,個人捐贈收入,古兆憲,,2000.00,0.00,,金錢,,0937*****,
25,劉熒隆,107年直轄市議員選舉,首次申報,1071103,個人捐贈收入,劉天水,H10*******,10000.00,0.00,,金錢,桃園市龍潭區****,03-4*****,
26,劉熒隆,107年直轄市議員選舉,首次申報,1071103,個人捐贈收入,鄧湘全,H12*******,10000.00,0.00,,金錢,臺北市大安區****,02-2*****,
27,劉熒隆,107年直轄市議員選舉,首次申報,1071104,個人捐贈收入,劉森隆,,20000.00,0.00,,金錢,,03-4*****,
28,劉熒隆,107年直轄市議員選舉,首次申報,1071104,營利事業捐贈收入,坤鉅起重工程有限公司,70885263,5000.00,0.00,,金錢,桃園市平鎮區****,03-4*****,
29,劉熒隆,107年直轄市議員選舉,首次申報,1071104,個人捐贈收入,劉育恩,H12*******,20000.00,0.00,,金錢,桃園市龍潭區****,0928*****,
30,劉熒隆,107年直轄市議員選舉,首次申報,1071104,個人捐贈收入,劉玉珍,H20*******,20000.00,0.00,,金錢,,0928*****,
31,劉熒隆,107年直轄市議員選舉,首次申報,1071105,個人捐贈收入,王卉倫,,3000.00,0.00,,金錢,桃園市龍潭區****,0955*****,
32,劉熒隆,107年直轄市議員選舉,首次申報,1071105,個人捐贈收入,謝和德,,12000.00,0.00,,金錢,,0939*****,
33,劉熒隆,107年直轄市議員選舉,首次申報,1071105,個人捐贈收入,劉火詳,,2000.00,0.00,,金錢,,0919*****,
34,劉熒隆,107年直轄市議員選舉,首次申報,1071105,個人捐贈收入,徐貞妹,,1000.00,0.00,,金錢,,03-4*****,
35,劉熒隆,107年直轄市議員選舉,首次申報,1071105,個人捐贈收入,劉修養,H10*******,3000.00,0.00,,金錢,桃園市龍潭區****,0910*****,
36,劉熒隆,107年直轄市議員選舉,首次申報,1071105,個人捐贈收入,李秀霖,H10*******,30000.00,0.00,,金錢,桃園市龍潭區****,03-4*****,
37,劉熒隆,107年直轄市議員選舉,首次申報,1071105,個人捐贈收入,梁添松,H12*******,10000.00,0.00,,金錢,桃園市龍潭區****,03-4*****,
38,劉熒隆,107年直轄市議員選舉,首次申報,1071105,個人捐贈收入,廖緯璿,H12*******,10000.00,0.00,,金錢,桃園市平鎮區****,0935*****,
39,劉熒隆,107年直轄市議員選舉,首次申報,1071105,個人捐贈收入,劉瑞玲,H22*******,30000.00,0.00,,金錢,,0932*****,
40,劉熒隆,107年直轄市議員選舉,首次申報,1071105,個人捐贈收入,黃書宗,P10*******,2000.00,0.00,,金錢,桃園市龍潭區****,0932*****,
41,劉熒隆,107年直轄市議員選舉,首次申報,1071106,個人捐贈收入,謝新巧,,3000.00,0.00,,金錢,,0989*****,
42,劉熒隆,107年直轄市議員選舉,首次申報,1071106,個人捐贈收入,鍾兆清,,5000.00,0.00,,金錢,,0921*****,
43,劉熒隆,107年直轄市議員選舉,首次申報,1071106,個人捐贈收入,柳福來,,2000.00,0.00,,金錢,,0911*****,
44,劉熒隆,107年直轄市議員選舉,首次申報,1071106,個人捐贈收入,劉禎煥,,6000.00,0.00,,金錢,,0920*****,
45,劉熒隆,107年直轄市議員選舉,首次申報,1071106,個人捐贈收入,劉興善,,10000.00,0.00,,金錢,,0901*****,
46,劉熒隆,107年直轄市議員選舉,首次申報,1071106,營利事業捐贈收入,大昌八八國際開發有限公司,24851780,10000.00,0.00,,金錢,桃園市龍潭區****,03-4*****,
47,劉熒隆,107年直轄市議員選舉,首次申報,1071106,營利事業捐贈收入,五惠食品廠股份有限公司,43672793,30000.00,0.00,,金錢,桃園市龍潭區****,,
48,劉熒隆,107年直轄市議員選舉,首次申報,1071106,營利事業捐贈收入,中壢汽車客運股份有限公司,44962285,10000.00,0.00,,金錢,桃園市中壢區****,03-4*****,
49,劉熒隆,107年直轄市議員選舉,首次申報,1071106,個人捐贈收入,陳孔偉,H12*******,60000.00,0.00,,金錢,桃園市龍潭區****,0988*****,
50,劉熒隆,107年直轄市議員選舉,首次申報,1071107,營利事業捐贈收入,新航保麗龍股份有限公司,43949476,30000.00,0.00,,金錢,中山南路巷弄****,03-4*****,
51,劉熒隆,107年直轄市議員選舉,首次申報,1071107,個人捐贈收入,梁興盛,H12*******,50000.00,0.00,,金錢,桃園市龍潭區****,0933*****,
52,劉熒隆,107年直轄市議員選舉,首次申報,1071108,營利事業捐贈收入,盛安木材五金行,36494560,3000.00,0.00,,金錢,桃園市龍潭區****,0936*****,
53,劉熒隆,107年直轄市議員選舉,首次申報,1071109,個人捐贈收入,張南珍,,2000.00,0.00,,金錢,,0932*****,
54,劉熒隆,107年直轄市議員選舉,首次申報,1071109,個人捐贈收入,邱金山,,2000.00,0.00,,金錢,,0975*****,
55,劉熒隆,107年直轄市議員選舉,首次申報,1071109,個人捐贈收入,潘先忠,,1000.00,0.00,,金錢,,0931*****,
56,劉熒隆,107年直轄市議員選舉,首次申報,1071109,個人捐贈收入,張素珍,,2000.00,0.00,,金錢,,0917*****,
57,劉熒隆,107年直轄市議員選舉,首次申報,1071109,個人捐贈收入,鄧仁春,,3000.00,0.00,,金錢,,0939*****,
58,劉熒隆,107年直轄市議員選舉,首次申報,1071110,個人捐贈收入,邱月蘭,,1000.00,0.00,,金錢,,0928*****,
59,劉熒隆,107年直轄市議員選舉,首次申報,1071110,個人捐贈收入,陳文相,,1000.00,0.00,,金錢,桃園市龍潭區****,0932*****,
60,劉熒隆,107年直轄市議員選舉,首次申報,1071110,個人捐贈收入,高平華,,1000.00,0.00,,金錢,,0931*****,
61,劉熒隆,107年直轄市議員選舉,首次申報,1071110,個人捐贈收入,黃金章,,2000.00,0.00,,金錢,,0933*****,
62,劉熒隆,107年直轄市議員選舉,首次申報,1071110,個人捐贈收入,梅富程,,1000.00,0.00,,金錢,,0963*****,
63,劉熒隆,107年直轄市議員選舉,首次申報,1071110,個人捐贈收入,羅濟德,,1000.00,0.00,,金錢,,0916*****,
64,劉熒隆,107年直轄市議員選舉,首次申報,1071110,個人捐贈收入,戴金沐,,1000.00,0.00,,金錢,,0910*****,
65,劉熒隆,107年直轄市議員選舉,首次申報,1071110,個人捐贈收入,謝達成,,2000.00,0.00,,金錢,,0929*****,
66,劉熒隆,107年直轄市議員選舉,首次申報,1071110,個人捐贈收入,連松嬌,,2000.00,0.00,,金錢,,0921*****,
67,劉熒隆,107年直轄市議員選舉,首次申報,1071110,個人捐贈收入,張泰治,,2000.00,0.00,,金錢,,0928*****,
68,劉熒隆,107年直轄市議員選舉,首次申報,1071110,個人捐贈收入,邱秋煒,,3000.00,0.00,,金錢,,0928*****,
69,劉熒隆,107年直轄市議員選舉,首次申報,1071110,個人捐贈收入,張寶樹,,1000.00,0.00,,金錢,,0937*****,
70,劉熒隆,107年直轄市議員選舉,首次申報,1071111,個人捐贈收入,鍾隆國,,3000.00,0.00,,金錢,,0936*****,
71,劉熒隆,107年直轄市議員選舉,首次申報,1071111,個人捐贈收入,徐建富,,2000.00,0.00,,金錢,,0939*****,
72,劉熒隆,107年直轄市議員選舉,首次申報,1071111,個人捐贈收入,劉時利,,5000.00,0.00,,金錢,,0937*****,
73,劉熒隆,107年直轄市議員選舉,首次申報,1071111,個人捐贈收入,黃武勇,,3000.00,0.00,,金錢,,0911*****,
74,劉熒隆,107年直轄市議員選舉,首次申報,1071111,個人捐贈收入,鍾秉樺,,3000.00,0.00,,金錢,,0936*****,
75,劉熒隆,107年直轄市議員選舉,首次申報,1071111,個人捐贈收入,宋文英,,2000.00,0.00,,金錢,,03-4*****,
76,劉熒隆,107年直轄市議員選舉,首次申報,1071111,個人捐贈收入,葉金榮,,2000.00,0.00,,金錢,,03-4*****,
77,劉熒隆,107年直轄市議員選舉,首次申報,1071111,個人捐贈收入,劉信雄,,3000.00,0.00,,金錢,,0909*****,
78,劉熒隆,107年直轄市議員選舉,首次申報,1071111,個人捐贈收入,劉修甲,,3000.00,0.00,,金錢,,0932*****,
79,劉熒隆,107年直轄市議員選舉,首次申報,1071111,個人捐贈收入,劉得星,,2000.00,0.00,,金錢,,0972*****,
80,劉熒隆,107年直轄市議員選舉,首次申報,1071111,個人捐贈收入,劉古良妹,,1000.00,0.00,,金錢,,03-4*****,
81,劉熒隆,107年直轄市議員選舉,首次申報,1071111,個人捐贈收入,劉中海,,1000.00,0.00,,金錢,,03-4*****,
82,劉熒隆,107年直轄市議員選舉,首次申報,1071111,個人捐贈收入,劉中海,,2000.00,0.00,,金錢,,03-4*****,
83,劉熒隆,107年直轄市議員選舉,首次申報,1071112,個人捐贈收入,張羅英桂,,1000.00,0.00,,金錢,,03-4*****,
84,劉熒隆,107年直轄市議員選舉,首次申報,1071112,個人捐贈收入,劉廷忠,,2000.00,0.00,,金錢,,03-4*****,
85,劉熒隆,107年直轄市議員選舉,首次申報,1071112,個人捐贈收入,劉世明,,1000.00,0.00,,金錢,,0932*****,
86,劉熒隆,107年直轄市議員選舉,首次申報,1071112,個人捐贈收入,古育樹,,5000.00,0.00,,金錢,,0989*****,
87,劉熒隆,107年直轄市議員選舉,首次申報,1071112,個人捐贈收入,林坤益,,3000.00,0.00,,金錢,,0912*****,
88,劉熒隆,107年直轄市議員選舉,首次申報,1071112,個人捐贈收入,張蕙玲,,1000.00,0.00,,金錢,,0921*****,
89,劉熒隆,107年直轄市議員選舉,首次申報,1071112,個人捐贈收入,張寶臣,,2000.00,0.00,,金錢,,03-4*****,
90,劉熒隆,107年直轄市議員選舉,首次申報,1071112,個人捐贈收入,張寶坤,,8000.00,0.00,,金錢,,0932*****,
91,劉熒隆,107年直轄市議員選舉,首次申報,1071112,個人捐贈收入,施建敏,C12*******,60000.00,0.00,,金錢,桃園市龍潭區****,0919*****,
92,劉熒隆,107年直轄市議員選舉,首次申報,1071112,個人捐贈收入,劉慧君,H22*******,30000.00,0.00,,金錢,桃園市龍潭區****,0933*****,
93,劉熒隆,107年直轄市議員選舉,首次申報,1071113,個人捐贈收入,劉晉嘉,,2000.00,0.00,,金錢,,0932*****,
94,劉熒隆,107年直轄市議員選舉,首次申報,1071113,個人捐贈收入,劉邦宗,,2000.00,0.00,,金錢,,0912*****,
95,劉熒隆,107年直轄市議員選舉,首次申報,1071113,個人捐贈收入,謝吳祥,,2000.00,0.00,,金錢,,0937*****,
96,劉熒隆,107年直轄市議員選舉,首次申報,1071113,個人捐贈收入,吳玉鑑,,1000.00,0.00,,金錢,,0926*****,
97,劉熒隆,107年直轄市議員選舉,首次申報,1071113,個人捐贈收入,劉天欽,,3000.00,0.00,,金錢,,0937*****,
98,劉熒隆,107年直轄市議員選舉,首次申報,1071113,個人捐贈收入,劉家燦,,5000.00,0.00,,金錢,,03-4*****,
99,劉熒隆,107年直轄市議員選舉,首次申報,1071113,個人捐贈收入,蔡榮生,,3000.00,0.00,,金錢,,0931*****,
100,劉熒隆,107年直轄市議員選舉,首次申報,1071113,個人捐贈收入,陳永澤,D12*******,50000.00,0.00,,金錢,桃園市龍潭區****,0921*****,
101,劉熒隆,107年直轄市議員選舉,首次申報,1071114,個人捐贈收入,葉陳秀梅,,1000.00,0.00,,金錢,,03-4*****,
102,劉熒隆,107年直轄市議員選舉,首次申報,1071114,個人捐贈收入,陳淑珍,,1000.00,0.00,,金錢,,0921*****,
103,劉熒隆,107年直轄市議員選舉,首次申報,1071115,個人捐贈收入,劉錦漢,,8000.00,0.00,,金錢,,03-4*****,
104,劉熒隆,107年直轄市議員選舉,首次申報,1071115,個人捐贈收入,徐振宏,,2000.00,0.00,,金錢,,0932*****,
105,劉熒隆,107年直轄市議員選舉,首次申報,1071115,個人捐贈收入,古宏安,H12*******,20000.00,0.00,,金錢,桃園市龍潭區****,0972*****,
106,劉熒隆,107年直轄市議員選舉,首次申報,1071116,個人捐贈收入,劉智仁,,1000.00,0.00,,金錢,,0935*****,
107,劉熒隆,107年直轄市議員選舉,首次申報,1071116,個人捐贈收入,古雲鴻,,2000.00,0.00,,金錢,,0919*****,
108,劉熒隆,107年直轄市議員選舉,首次申報,1071116,個人捐贈收入,古昇東,,2000.00,0.00,,金錢,,0912*****,
109,劉熒隆,107年直轄市議員選舉,首次申報,1071117,個人捐贈收入,潘智雄,,3000.00,0.00,,金錢,,0987*****,
110,劉熒隆,107年直轄市議員選舉,首次申報,1071118,營利事業捐贈收入,金洲機械工程有限公司,28502216,10000.00,0.00,,金錢,桃園市平鎮區****,03-4*****,
111,劉熒隆,107年直轄市議員選舉,首次申報,1071119,個人捐贈收入,徐秀珠,H22*******,50000.00,0.00,,金錢,桃園市龍潭區****,0930*****,
112,劉熒隆,107年直轄市議員選舉,首次申報,1071120,營利事業捐贈收入,華倫食品行,70906892,50000.00,0.00,,金錢,臺南市永康區****,0960*****,
113,劉熒隆,107年直轄市議員選舉,首次申報,1071120,個人捐贈收入,蘇致源,H12*******,100000.00,0.00,,金錢,臺北市文山區****,0932*****,
114,劉熒隆,107年直轄市議員選舉,首次申報,1071121,營利事業捐贈收入,信通交通器材(股)有限公司,11455272,50000.00,0.00,,金錢,桃園市龍潭區****,,
115,劉熒隆,107年直轄市議員選舉,首次申報,1071121,個人捐贈收入,鄭惠如,F22*******,50000.00,0.00,,金錢,桃園市龍潭區****,03-4*****,
116,劉熒隆,107年直轄市議員選舉,首次申報,1071121,個人捐贈收入,邱子軒,H12*******,50000.00,0.00,,金錢,桃園市龍潭區****,03-4*****,
117,劉熒隆,107年直轄市議員選舉,首次申報,1071122,營利事業捐贈收入,大展聯合法律事務所,14290677,30000.00,0.00,,金錢,臺北市中正區****,02-2*****,
118,劉熒隆,107年直轄市議員選舉,首次申報,1071122,營利事業捐贈收入,嘉順營造有限公司,43870787,12000.00,0.00,,金錢,桃園市龍潭區****,03-4*****,
119,劉熒隆,107年直轄市議員選舉,首次申報,1071123,營利事業捐贈收入,生揚化工原料股份有限公司,16275530,10000.00,0.00,,金錢,桃園市龍潭區****,03-4*****,
