﻿序號,擬參選人／政黨,選舉名稱,申報序號／年度,交易日期,收支科目,捐贈者／支出對象,身分證／統一編號,收入金額,支出金額,捐贈方式,存入專戶日期,返還/繳庫,支出用途,金錢類,地址,聯絡電話,應揭露之支出對象,支出對象之內部人員姓名,支出對象之內部人員職稱,政黨之內部人員姓名,政黨之內部人員職稱,關係,更正註記,資料更正日期
1,徐沄臻,111年苗栗縣議員選舉,首次申報,1110701,營利事業捐贈收入,匯呈科技有限公司,83711218,200000.00,0.00,匯款,1110701,已返還,,金錢,新竹市東區綠****,,,,,,,,,
2,徐沄臻,111年苗栗縣議員選舉,首次申報,1110705,營利事業捐贈收入,業順太陽光有限公司,24893304,350000.00,0.00,匯款,1110705,,,金錢,新竹市香山區****,0353*****,,,,,,,,
3,徐沄臻,111年苗栗縣議員選舉,首次申報,1110708,個人捐贈收入,徐傑輝,H12*******,30000.00,0.00,匯款,1110708,,,金錢,臺北市大同區****,,,,,,,,,
4,徐沄臻,111年苗栗縣議員選舉,首次申報,1110721,匿名捐贈,匿名,,10000.00,0.00,匯款,1110802,,,金錢,,,,,,,,,,
5,徐沄臻,111年苗栗縣議員選舉,首次申報,1110722,營利事業捐贈收入,龍固有限公司,24820990,20000.00,0.00,匯款,1110722,,,金錢,臺中市南屯區****,,,,,,,,,
6,徐沄臻,111年苗栗縣議員選舉,首次申報,1110722,營利事業捐贈收入,雲電能源股份有限公司,90379659,100000.00,0.00,匯款,1110722,,,金錢,臺北市內湖區****,,,,,,,,,
7,徐沄臻,111年苗栗縣議員選舉,首次申報,1110823,匿名捐贈,匿名1,,5000.00,0.00,現金,1110829,,,金錢,,,,,,,,,,
8,徐沄臻,111年苗栗縣議員選舉,首次申報,1110913,匿名捐贈,匿名,,10000.00,0.00,現金,1110913,,,金錢,,,,,,,,,,
9,徐沄臻,111年苗栗縣議員選舉,首次申報,1110913,匿名捐贈,匿名,,8000.00,0.00,現金,1110913,,,金錢,,,,,,,,,,
10,徐沄臻,111年苗栗縣議員選舉,首次申報,1110913,匿名捐贈,匿名,,2000.00,0.00,現金,1110913,,,金錢,,,,,,,,,,
11,徐沄臻,111年苗栗縣議員選舉,首次申報,1110915,個人捐贈收入,鄭立偉,,10000.00,0.00,現金,1110921,,,金錢,,0975*****,,,,,,,,
12,徐沄臻,111年苗栗縣議員選舉,首次申報,1110915,個人捐贈收入,陳咸穎,,10000.00,0.00,現金,1110921,,,金錢,,0913*****,,,,,,,,
13,徐沄臻,111年苗栗縣議員選舉,首次申報,1110915,個人捐贈收入,鄭興鎧,,30000.00,0.00,現金,1110921,,,金錢,,0931*****,,,,,,,,
14,徐沄臻,111年苗栗縣議員選舉,首次申報,1110915,個人捐贈收入,洪文進,,10000.00,0.00,現金,1110921,,,金錢,新竹市香山區****,0933*****,,,,,,,,
15,徐沄臻,111年苗栗縣議員選舉,首次申報,1110915,個人捐贈收入,徐培林,,9000.00,0.00,現金,1110921,,,金錢,,0981*****,,,,,,,,
16,徐沄臻,111年苗栗縣議員選舉,首次申報,1110915,個人捐贈收入,徐騏暉,,8000.00,0.00,現金,1110921,,,金錢,,0988*****,,,,,,,,
17,徐沄臻,111年苗栗縣議員選舉,首次申報,1110915,個人捐贈收入,馮仁宏,,20000.00,0.00,現金,1110930,,,金錢,,0932*****,,,,,,,,
18,徐沄臻,111年苗栗縣議員選舉,首次申報,1110915,匿名捐贈,匿名,,10000.00,0.00,現金,1110921,,,金錢,,,,,,,,,,
19,徐沄臻,111年苗栗縣議員選舉,首次申報,1110915,匿名捐贈,匿名1,,5000.00,0.00,現金,1110921,,,金錢,,,,,,,,,,
20,徐沄臻,111年苗栗縣議員選舉,首次申報,1110915,個人捐贈收入,陳世毅,,10000.00,0.00,匯款,1110915,,,金錢,新竹市香山區****,0931*****,,,,,,,,
21,徐沄臻,111年苗栗縣議員選舉,首次申報,1110915,營利事業捐贈收入,聯興空氣系統實業有限公司,13043087,30000.00,0.00,現金,1110919,,,金錢,桃園市蘆竹區****,0932*****,,,,,,,,
22,徐沄臻,111年苗栗縣議員選舉,首次申報,1110915,營利事業捐贈收入,瑩欣科技有限公司,42561411,20000.00,0.00,現金,1110915,,,金錢,新竹縣竹東鎮****,0988*****,,,,,,,,
23,徐沄臻,111年苗栗縣議員選舉,首次申報,1110915,營利事業捐贈收入,喬力科技有限公司,42751904,100000.00,0.00,匯款,1110920,,,金錢,新竹市金竹里****,,,,,,,,,
24,徐沄臻,111年苗栗縣議員選舉,首次申報,1110915,營利事業捐贈收入,聖開實業有限公司,54109169,10000.00,0.00,現金,1110921,,,金錢,新竹市香山區****,0912*****,,,,,,,,
25,徐沄臻,111年苗栗縣議員選舉,首次申報,1110915,營利事業捐贈收入,禾毓科技有限公司,69684788,10000.00,0.00,現金,1110915,已返還,,金錢,新竹縣竹北市****,,,,,,,,,
26,徐沄臻,111年苗栗縣議員選舉,首次申報,1110915,營利事業捐贈收入,昊奇工程有限公司,90449698,8000.00,0.00,現金,1110921,,,金錢,高雄市楠梓區****,0960*****,,,,,,,,
27,徐沄臻,111年苗栗縣議員選舉,首次申報,1110915,營利事業捐贈收入,實易不動產股份有限公司,90468218,20000.00,0.00,現金,1110915,已返還,,金錢,新竹市東區公****,,,,,,,,,
28,徐沄臻,111年苗栗縣議員選舉,首次申報,1110915,個人捐贈收入,牛太毅,J12*******,50000.00,0.00,現金,1110921,,,金錢,新竹市高翠路****,,,,,,,,,
29,徐沄臻,111年苗栗縣議員選舉,首次申報,1110915,個人捐贈收入,朱文鐘,J12*******,8000.00,0.00,現金,1110921,,,金錢,新竹市香山區****,0988*****,,,,,,,,
30,徐沄臻,111年苗栗縣議員選舉,首次申報,1110915,個人捐贈收入,林哲民,L12*******,20000.00,0.00,匯款,1110921,,,金錢,臺中市烏日區****,0972*****,,,,,,,,
31,徐沄臻,111年苗栗縣議員選舉,首次申報,1110916,匿名捐贈,匿名,,5000.00,0.00,匯款,1110916,,,金錢,,,,,,,,,,
32,徐沄臻,111年苗栗縣議員選舉,首次申報,1110921,匿名捐贈,匿名,,10000.00,0.00,匯款,1110921,,,金錢,,,,,,,,,,
33,徐沄臻,111年苗栗縣議員選舉,首次申報,1110921,匿名捐贈,匿名3,,8000.00,0.00,現金,1110921,,,金錢,,,,,,,,,,
34,徐沄臻,111年苗栗縣議員選舉,首次申報,1110921,匿名捐贈,匿名3,,8000.00,0.00,現金,1110921,,,金錢,,,,,,,,,,
35,徐沄臻,111年苗栗縣議員選舉,首次申報,1110921,匿名捐贈,匿名3,,3000.00,0.00,現金,1110921,,,金錢,,,,,,,,,,
36,徐沄臻,111年苗栗縣議員選舉,首次申報,1110921,匿名捐贈,匿名3,,9000.00,0.00,現金,1110921,,,金錢,,,,,,,,,,
37,徐沄臻,111年苗栗縣議員選舉,首次申報,1110921,匿名捐贈,匿名3,,6000.00,0.00,現金,1110921,,,金錢,,,,,,,,,,
38,徐沄臻,111年苗栗縣議員選舉,首次申報,1111005,營利事業捐贈收入,花瘋欉林鍋物,88719978,15000.00,0.00,現金,1111006,,,金錢,苗栗縣頭份市****,,,,,,,,,
39,徐沄臻,111年苗栗縣議員選舉,首次申報,1111006,匿名捐贈,匿名2,,9000.00,0.00,現金,1111006,,,金錢,,,,,,,,,,
40,徐沄臻,111年苗栗縣議員選舉,首次申報,1111006,營利事業捐贈收入,艾菲爾寢具,13355264,10000.00,0.00,匯款,1111006,,,金錢,苗栗縣苗栗市****,0981*****,,,,,,,,
41,徐沄臻,111年苗栗縣議員選舉,首次申報,1111124,匿名捐贈,匿名1,,6000.00,0.00,現金,1111124,,,金錢,,,,,,,,,,
42,徐沄臻,111年苗栗縣議員選舉,首次申報,1111221,其他收入,利息收入,,66.00,0.00,匯款,1111221,,,金錢,,,,,,,,,,
