﻿序號,擬參選人／政黨,選舉名稱,申報序號／年度,交易日期,收支科目,捐贈者／支出對象,身分證／統一編號,收入金額,支出金額,捐贈方式,存入專戶日期,返還/繳庫,支出用途,金錢類,地址,聯絡電話,應揭露之支出對象,支出對象之內部人員姓名,支出對象之內部人員職稱,政黨之內部人員姓名,政黨之內部人員職稱,關係,更正註記,資料更正日期
1,高子羚,111年嘉義縣議員選舉,首次申報,1111016,宣傳支出,嘉鋒鷹架有限公司,83778596,0.00,15000.00,,,,租用廣告看板或車體廣告費用,金錢,嘉義縣民雄鄉****,05-2*****,否,,,,,,,
2,高子羚,111年嘉義縣議員選舉,首次申報,1111105,宣傳支出,博覽書局,77547176,0.00,3400.00,,,,製作競選物品或宣傳廣告費用（物品名稱-請填寫）文宣DM,金錢,雲林縣虎尾鎮****,05-6*****,否,,,,,,,
3,高子羚,111年嘉義縣議員選舉,首次申報,1111107,宣傳支出,仕妮雅企業有限公司,80563115,0.00,6392.00,,,,製作競選物品或宣傳廣告費用（物品名稱-請填寫）口罩,金錢,臺中市北區光****,04-2*****,否,,,,,,,
4,高子羚,111年嘉義縣議員選舉,首次申報,1111110,宣傳支出,惠敏打字行,87974113,0.00,5800.00,,,,文宣DM,金錢,嘉義縣太保市****,05-2*****,否,,,,,,,
5,高子羚,111年嘉義縣議員選舉,首次申報,1111111,宣傳支出,博覽書局,77547176,0.00,9600.00,,,,製作競選物品或宣傳廣告費用（物品名稱-請填寫）口罩,金錢,雲林縣虎尾鎮****,0563*****,否,,,,,,,
