﻿序號,擬參選人／政黨,選舉名稱,申報序號／年度,交易日期,收支科目,捐贈者／支出對象,身分證／統一編號,收入金額,支出金額,捐贈方式,存入專戶日期,返還/繳庫,支出用途,金錢類,地址,聯絡電話,應揭露之支出對象,支出對象之內部人員姓名,支出對象之內部人員職稱,政黨之內部人員姓名,政黨之內部人員職稱,關係,更正註記,資料更正日期
1,陳品宏,111年雲林縣斗六市市民代表選舉,首次申報,1110818,雜支支出,競選總部,E12*******,0.00,1300.00,,,,餐飲費用,非金錢,雲林縣斗六市****,0985*****,否,,,,,,,
2,陳品宏,111年雲林縣斗六市市民代表選舉,首次申報,1110818,雜支支出,競選總部,E12*******,0.00,1300.00,,,,餐飲費用,非金錢,雲林縣斗六市****,0985*****,否,,,,,,,
3,陳品宏,111年雲林縣斗六市市民代表選舉,首次申報,1110818,雜支支出,競選總部,E12*******,0.00,1040.00,,,,餐飲費用,非金錢,雲林縣斗六市****,0985*****,否,,,,,,,
4,陳品宏,111年雲林縣斗六市市民代表選舉,首次申報,1110818,雜支支出,競選總部,E12*******,0.00,2600.00,,,,餐飲費用,非金錢,雲林縣斗六市****,0985*****,否,,,,,,,
5,陳品宏,111年雲林縣斗六市市民代表選舉,首次申報,1110818,雜支支出,競選總部,E12*******,0.00,1560.00,,,,餐飲費用,非金錢,雲林縣斗六市****,0985*****,否,,,,,,,
6,陳品宏,111年雲林縣斗六市市民代表選舉,首次申報,1110818,雜支支出,競選總部,E12*******,0.00,1690.00,,,,餐飲費用,非金錢,雲林縣斗六市****,0985*****,否,,,,,,,
7,陳品宏,111年雲林縣斗六市市民代表選舉,首次申報,1110818,宣傳支出,競選總部,E12*******,0.00,2000.00,,,,製作競選物品或宣傳廣告費用（物品名稱-請填寫）,非金錢,雲林縣斗六市****,0985*****,否,,,,,,,
8,陳品宏,111年雲林縣斗六市市民代表選舉,首次申報,1110818,宣傳支出,競選總部,E12*******,0.00,10000.00,,,,製作競選物品或宣傳廣告費用（物品名稱-請填寫）,非金錢,雲林縣斗六市****,0985*****,否,,,,,,,
9,陳品宏,111年雲林縣斗六市市民代表選舉,首次申報,1110818,集會支出,競選總部,E12*******,0.00,9000.00,,,,餐飲費用,非金錢,雲林縣斗六市****,0985*****,否,,,,,,,
10,陳品宏,111年雲林縣斗六市市民代表選舉,首次申報,1110818,宣傳支出,競選總部,E12*******,0.00,5000.00,,,,製作競選物品或宣傳廣告費用（物品名稱-請填寫）,非金錢,雲林縣斗六市****,0985*****,否,,,,,,,
11,陳品宏,111年雲林縣斗六市市民代表選舉,首次申報,1110821,交通旅運支出,福懋加油站,,0.00,1000.00,,,,油資,金錢,雲林縣斗六市****,05 5*****,否,,,,,,,
12,陳品宏,111年雲林縣斗六市市民代表選舉,首次申報,1110821,宣傳支出,叢林廣告,10846479,0.00,101748.00,,,,租用廣告看板或車體廣告費用,金錢,臺南市新營區****,0663*****,否,,,,,,,
13,陳品宏,111年雲林縣斗六市市民代表選舉,首次申報,1110822,租用宣傳車輛支出,上允車業部,,0.00,5000.00,,,,維修宣傳車輛費用,金錢,雲林縣虎尾鎮****,0563*****,否,,,,,,,
14,陳品宏,111年雲林縣斗六市市民代表選舉,首次申報,1110823,雜支支出,小茶齋-斗六店,,0.00,200.00,,,,餐飲費用,金錢,雲林縣斗六市****,05 5*****,否,,,,,,,
15,陳品宏,111年雲林縣斗六市市民代表選舉,首次申報,1110823,宣傳支出,奇泓企業社,72604330,0.00,70000.00,,,,租用廣告看板或車體廣告費用,金錢,雲林縣斗南鎮****,05 5*****,否,,,,,,,
16,陳品宏,111年雲林縣斗六市市民代表選舉,首次申報,1110826,宣傳支出,雲林縣斗六戶政事務所,,0.00,15.00,,,,其他與選舉宣傳有關之費用,金錢,雲林縣斗六市****,05 5*****,否,,,,,,,
17,陳品宏,111年雲林縣斗六市市民代表選舉,首次申報,1110827,租用宣傳車輛支出,詠豐電子企業有限公司,,0.00,555.00,,,,維修宣傳車輛費用,金錢,雲林縣斗六市****,0553*****,否,,,,,,,
18,陳品宏,111年雲林縣斗六市市民代表選舉,首次申報,1110827,交通旅運支出,台灣中油新豐站,,0.00,200.00,,,,油資,金錢,新竹縣湖口鄉****,0355*****,否,,,,,,,
19,陳品宏,111年雲林縣斗六市市民代表選舉,首次申報,1110827,交通旅運支出,台灣中油新豐站,,0.00,130.00,,,,油資,金錢,新竹縣湖口鄉****,0355*****,否,,,,,,,
20,陳品宏,111年雲林縣斗六市市民代表選舉,首次申報,1110827,交通旅運支出,台灣中油佳得美斗六站(加盟),,0.00,1000.00,,,,油資,金錢,雲林縣斗六市****,0553*****,否,,,,,,,
21,陳品宏,111年雲林縣斗六市市民代表選舉,首次申報,1110827,交通旅運支出,昇祐工作室,,0.00,200.00,,,,其他與交通旅運有關之費用,金錢,雲林縣斗六市****,0553*****,否,,,,,,,
22,陳品宏,111年雲林縣斗六市市民代表選舉,首次申報,1110827,交通旅運支出,台灣中油新豐站,,0.00,496.00,,,,油資,金錢,新竹縣湖口鄉****,0355*****,否,,,,,,,
23,陳品宏,111年雲林縣斗六市市民代表選舉,首次申報,1110828,租用競選辦事處支出,鈺齊生活館有限公司,,0.00,575.00,,,,裝潢競選辦事處費用,金錢,雲林縣斗六市****,0555*****,否,,,,,,,
24,陳品宏,111年雲林縣斗六市市民代表選舉,首次申報,1110829,交通旅運支出,台灣中油仁德北上站,,0.00,1000.00,,,,油資,金錢,臺南市仁德區****,06 2*****,否,,,,,,,
25,陳品宏,111年雲林縣斗六市市民代表選舉,首次申報,1110830,租用宣傳車輛支出,正大水電材料行,,0.00,3187.00,,,,其他與租用宣傳車輛有關之費用,金錢,雲林縣斗六市****,05-5*****,否,,,,,,,
26,陳品宏,111年雲林縣斗六市市民代表選舉,首次申報,1110830,宣傳支出,健豪印刷,,0.00,7252.00,,,,製作競選物品或宣傳廣告費用（物品名稱-請填寫）,金錢,臺中市西區忠****,04-2*****,否,,,,,,,
27,陳品宏,111年雲林縣斗六市市民代表選舉,首次申報,1110831,宣傳支出,健豪印刷,,0.00,1360.00,,,,製作競選物品或宣傳廣告費用（物品名稱-請填寫）,金錢,臺中市西區忠****,04-2*****,否,,,,,,,
28,陳品宏,111年雲林縣斗六市市民代表選舉,首次申報,1110901,雜支支出,斗六上豪火雞肉飯,,0.00,320.00,,,,餐飲費用,金錢,雲林縣斗六市****,0553*****,否,,,,,,,
29,陳品宏,111年雲林縣斗六市市民代表選舉,首次申報,1110901,宣傳支出,優是數位文創有限公司,,0.00,1560.00,,,,製作競選物品或宣傳廣告費用（物品名稱-請填寫）,金錢,新北市板橋區****,0222*****,否,,,,,,,
30,陳品宏,111年雲林縣斗六市市民代表選舉,首次申報,1110901,宣傳支出,奇泓企業社,72604330,0.00,120000.00,,,,租用廣告看板或車體廣告費用,金錢,雲林縣斗南鎮****,05 5*****,否,,,,,,,
31,陳品宏,111年雲林縣斗六市市民代表選舉,首次申報,1110901,宣傳支出,競選總部,E12*******,0.00,891.00,,,,製作競選物品或宣傳廣告費用（物品名稱-請填寫）,非金錢,雲林縣斗六市****,0985*****,否,,,,,,,
32,陳品宏,111年雲林縣斗六市市民代表選舉,首次申報,1110901,宣傳支出,競選總部,E12*******,0.00,3960.00,,,,製作競選物品或宣傳廣告費用（物品名稱-請填寫）,非金錢,雲林縣斗六市****,0985*****,否,,,,,,,
33,陳品宏,111年雲林縣斗六市市民代表選舉,首次申報,1110904,租用競選辦事處支出,好日盛有限公司,,0.00,730.00,,,,裝潢競選辦事處費用,金錢,雲林縣斗六市****,0552*****,否,,,,,,,
34,陳品宏,111年雲林縣斗六市市民代表選舉,首次申報,1110904,宣傳支出,競選總部,E12*******,0.00,3600.00,,,,製作競選物品或宣傳廣告費用（物品名稱-請填寫）,非金錢,雲林縣斗六市****,0985*****,否,,,,,,,
35,陳品宏,111年雲林縣斗六市市民代表選舉,首次申報,1110905,雜支支出,斗六上豪火雞肉飯,,0.00,255.00,,,,餐飲費用,金錢,雲林縣斗六市****,0553*****,否,,,,,,,
36,陳品宏,111年雲林縣斗六市市民代表選舉,首次申報,1110905,租用競選辦事處支出,黑金剛廣告股份有限公司,,0.00,5555.00,,,,裝潢競選辦事處費用,金錢,臺北市大同區****,0277*****,否,,,,,,,
37,陳品宏,111年雲林縣斗六市市民代表選舉,首次申報,1110905,宣傳支出,奇泓企業社,72604330,0.00,80000.00,,,,租用廣告看板或車體廣告費用,金錢,雲林縣斗南鎮****,05 5*****,否,,,,,,,
38,陳品宏,111年雲林縣斗六市市民代表選舉,首次申報,1110905,宣傳支出,競選總部,E12*******,0.00,3000.00,,,,製作競選物品或宣傳廣告費用（物品名稱-請填寫）,非金錢,雲林縣斗六市****,0985*****,否,,,,,,,
39,陳品宏,111年雲林縣斗六市市民代表選舉,首次申報,1110906,交通旅運支出,台灣中油斗六站,,0.00,1439.00,,,,油資,金錢,雲林縣斗六市****,05 5*****,否,,,,,,,
40,陳品宏,111年雲林縣斗六市市民代表選舉,首次申報,1110907,雜支支出,紅茶幫鎮北店,,0.00,50.00,,,,餐飲費用,金錢,雲林縣斗六市****,05 5*****,否,,,,,,,
41,陳品宏,111年雲林縣斗六市市民代表選舉,首次申報,1110908,雜支支出,清心福全西平店,,0.00,50.00,,,,餐飲費用,金錢,雲林縣斗六市****,05 5*****,否,,,,,,,
42,陳品宏,111年雲林縣斗六市市民代表選舉,首次申報,1110908,宣傳支出,叢林廣告,10846479,0.00,4851.00,,,,其他與選舉宣傳有關之費用,金錢,臺南市新營區****,0663*****,否,,,,,,,
43,陳品宏,111年雲林縣斗六市市民代表選舉,首次申報,1110908,宣傳支出,競選總部,E12*******,0.00,19800.00,,,,製作競選物品或宣傳廣告費用（物品名稱-請填寫）,非金錢,雲林縣斗六市****,0985*****,否,,,,,,,
44,陳品宏,111年雲林縣斗六市市民代表選舉,首次申報,1110911,交通旅運支出,台灣中油府前加油站,,0.00,420.00,,,,油資,金錢,臺南市中西區****,06 2*****,否,,,,,,,
45,陳品宏,111年雲林縣斗六市市民代表選舉,首次申報,1110911,交通旅運支出,台灣中油府前加油站,,0.00,420.00,,,,油資,金錢,臺南市中西區****,06 2*****,否,,,,,,,
46,陳品宏,111年雲林縣斗六市市民代表選舉,首次申報,1110911,雜支支出,冬瓜幫斗六店,,0.00,381.00,,,,餐飲費用,金錢,雲林縣斗六市****,05 5*****,否,,,,,,,
47,陳品宏,111年雲林縣斗六市市民代表選舉,首次申報,1110911,宣傳支出,競選總部,E12*******,0.00,990.00,,,,製作競選物品或宣傳廣告費用（物品名稱-請填寫）,非金錢,雲林縣斗六市****,0985*****,否,,,,,,,
48,陳品宏,111年雲林縣斗六市市民代表選舉,首次申報,1110912,雜支支出,斗六上豪雞肉飯,,0.00,830.00,,,,餐飲費用,金錢,雲林縣斗六市****,0553*****,否,,,,,,,
49,陳品宏,111年雲林縣斗六市市民代表選舉,首次申報,1110912,宣傳支出,斗六鎖匙,,0.00,320.00,,,,其他與選舉宣傳有關之費用,金錢,雲林縣斗六市****,0553*****,否,,,,,,,
50,陳品宏,111年雲林縣斗六市市民代表選舉,首次申報,1110913,宣傳支出,派對貿易有限公司,,0.00,6000.00,,,,其他與選舉宣傳有關之費用,金錢,臺北市士林區****,0228*****,否,,,,,,,
51,陳品宏,111年雲林縣斗六市市民代表選舉,首次申報,1110913,交通旅運支出,統一精工(斗南二站),,0.00,1428.00,,,,油資,金錢,雲林縣斗南鎮****,0559*****,否,,,,,,,
52,陳品宏,111年雲林縣斗六市市民代表選舉,首次申報,1110914,租用競選辦事處支出,詠豐電子企業有限公司,,0.00,3205.00,,,,裝潢競選辦事處費用,金錢,雲林縣斗六市****,0553*****,否,,,,,,,
53,陳品宏,111年雲林縣斗六市市民代表選舉,首次申報,1110914,交通旅運支出,福懋加油站,,0.00,120.00,,,,油資,金錢,雲林縣斗六市****,05 5*****,否,,,,,,,
54,陳品宏,111年雲林縣斗六市市民代表選舉,首次申報,1110915,雜支支出,清心福全斗南文元店,,0.00,90.00,,,,餐飲費用,金錢,雲林縣斗南鎮****,05 5*****,否,,,,,,,
55,陳品宏,111年雲林縣斗六市市民代表選舉,首次申報,1110916,交通旅運支出,福懋加油站,,0.00,1238.00,,,,油資,金錢,雲林縣斗六市****,05 5*****,否,,,,,,,
56,陳品宏,111年雲林縣斗六市市民代表選舉,首次申報,1110916,交通旅運支出,台灣中油斗六站,,0.00,125.00,,,,油資,金錢,雲林縣斗六市****,05 5*****,否,,,,,,,
57,陳品宏,111年雲林縣斗六市市民代表選舉,首次申報,1110916,交通旅運支出,台灣中油 台大湖口站,,0.00,123.00,,,,油資,金錢,新竹縣湖口鄉****,03 5*****,否,,,,,,,
58,陳品宏,111年雲林縣斗六市市民代表選舉,首次申報,1110917,租用競選辦事處支出,鈺齊生活館有限公司,,0.00,970.00,,,,裝潢競選辦事處費用,金錢,雲林縣斗六市****,0555*****,否,,,,,,,
59,陳品宏,111年雲林縣斗六市市民代表選舉,首次申報,1110917,雜支支出,斗六上豪火雞肉飯,,0.00,795.00,,,,餐飲費用,金錢,雲林縣斗六市****,0553*****,否,,,,,,,
60,陳品宏,111年雲林縣斗六市市民代表選舉,首次申報,1110917,交通旅運支出,台灣中油新豐站,,0.00,731.00,,,,油資,金錢,新竹縣湖口鄉****,0355*****,否,,,,,,,
61,陳品宏,111年雲林縣斗六市市民代表選舉,首次申報,1110917,交通旅運支出,台灣中油新豐站,,0.00,200.00,,,,油資,金錢,新竹縣湖口鄉****,0355*****,否,,,,,,,
62,陳品宏,111年雲林縣斗六市市民代表選舉,首次申報,1110917,雜支支出,斗六上豪雞肉飯,,0.00,285.00,,,,餐飲費用,金錢,雲林縣斗六市****,05 5*****,否,,,,,,,
63,陳品宏,111年雲林縣斗六市市民代表選舉,首次申報,1110918,租用競選辦事處支出,鈺齊生活館有限公司,,0.00,401.00,,,,裝潢競選辦事處費用,金錢,雲林縣斗六市****,0555*****,否,,,,,,,
64,陳品宏,111年雲林縣斗六市市民代表選舉,首次申報,1110919,租用宣傳車輛支出,振宇五金,,0.00,9980.00,,,,其他與租用宣傳車輛有關之費用,金錢,雲林縣斗六市****,0553*****,否,,,,,,,
65,陳品宏,111年雲林縣斗六市市民代表選舉,首次申報,1110919,租用競選辦事處支出,全美建材行,,0.00,2100.00,,,,其他與租用競選辦事處有關之費用,金錢,雲林縣斗六市****,0552*****,否,,,,,,,
66,陳品宏,111年雲林縣斗六市市民代表選舉,首次申報,1110919,交通旅運支出,統一精工,,0.00,1511.00,,,,油資,金錢,雲林縣斗六市****,05 5*****,否,,,,,,,
67,陳品宏,111年雲林縣斗六市市民代表選舉,首次申報,1110919,租用宣傳車輛支出,寶雅居家五金,,0.00,6382.00,,,,其他與租用宣傳車輛有關之費用,金錢,雲林縣斗六市****,0553*****,否,,,,,,,
68,陳品宏,111年雲林縣斗六市市民代表選舉,首次申報,1110919,租用競選辦事處支出,宸鴻五金行,,0.00,270.00,,,,其他與租用競選辦事處有關之費用,金錢,雲林縣斗六市****,0553*****,否,,,,,,,
69,陳品宏,111年雲林縣斗六市市民代表選舉,首次申報,1110919,雜支支出,鈺齊生活館有限公司,,0.00,27.00,,,,餐飲費用,金錢,雲林縣斗六市****,0555*****,否,,,,,,,
70,陳品宏,111年雲林縣斗六市市民代表選舉,首次申報,1110919,租用宣傳車輛支出,詠豐電子企業有限公司,,0.00,1115.00,,,,其他與租用宣傳車輛有關之費用,金錢,雲林縣斗六市****,0553*****,否,,,,,,,
71,陳品宏,111年雲林縣斗六市市民代表選舉,首次申報,1110919,租用競選辦事處支出,振宇五金股份有限公司斗六上海分店,,0.00,10.00,,,,裝潢競選辦事處費用,金錢,雲林縣斗六市****,0553*****,否,,,,,,,
72,陳品宏,111年雲林縣斗六市市民代表選舉,首次申報,1110919,租用競選辦事處支出,鈺齊生活館有限公司,,0.00,513.00,,,,裝潢競選辦事處費用,金錢,雲林縣斗六市****,0555*****,否,,,,,,,
73,陳品宏,111年雲林縣斗六市市民代表選舉,首次申報,1110919,交通旅運支出,統一精工,,0.00,398.00,,,,油資,金錢,雲林縣斗六市****,0553*****,否,,,,,,,
74,陳品宏,111年雲林縣斗六市市民代表選舉,首次申報,1110919,交通旅運支出,統一精工,,0.00,950.00,,,,油資,金錢,雲林縣斗六市****,0553*****,否,,,,,,,
75,陳品宏,111年雲林縣斗六市市民代表選舉,首次申報,1110919,租用競選辦事處支出,富豪鋁門窗企業社,,0.00,3600.00,,,,其他與租用競選辦事處有關之費用,金錢,雲林縣斗六市****,0553*****,否,,,,,,,
76,陳品宏,111年雲林縣斗六市市民代表選舉,首次申報,1110920,雜支支出,鈺齊生活館有限公司,,0.00,144.00,,,,餐飲費用,金錢,雲林縣斗六市****,0555*****,否,,,,,,,
77,陳品宏,111年雲林縣斗六市市民代表選舉,首次申報,1110920,租用競選辦事處支出,鈺齊生活館有限公司,,0.00,760.00,,,,其他與租用競選辦事處有關之費用,金錢,雲林縣斗六市****,0555*****,否,,,,,,,
78,陳品宏,111年雲林縣斗六市市民代表選舉,首次申報,1110920,租用宣傳車輛支出,好日盛有限公司,,0.00,1369.00,,,,其他與租用宣傳車輛有關之費用,金錢,雲林縣斗六市****,0552*****,否,,,,,,,
79,陳品宏,111年雲林縣斗六市市民代表選舉,首次申報,1110920,租用競選辦事處支出,昇祐工作室,,0.00,800.00,,,,其他與租用競選辦事處有關之費用,金錢,雲林縣斗六市****,0553*****,否,,,,,,,
80,陳品宏,111年雲林縣斗六市市民代表選舉,首次申報,1110920,租用宣傳車輛支出,詠豐電子企業有限公司,,0.00,342.00,,,,其他與租用宣傳車輛有關之費用,金錢,雲林縣斗六市****,0553*****,否,,,,,,,
81,陳品宏,111年雲林縣斗六市市民代表選舉,首次申報,1110920,租用宣傳車輛支出,振宇五金,,0.00,267.00,,,,其他與租用宣傳車輛有關之費用,金錢,雲林縣斗六市****,0553*****,否,,,,,,,
82,陳品宏,111年雲林縣斗六市市民代表選舉,首次申報,1110920,雜支支出,清心福全西平店,,0.00,291.00,,,,餐飲費用,金錢,雲林縣斗六市****,05 5*****,否,,,,,,,
83,陳品宏,111年雲林縣斗六市市民代表選舉,首次申報,1110921,租用宣傳車輛支出,好日盛有限公司,,0.00,370.00,,,,其他與租用宣傳車輛有關之費用,金錢,雲林縣斗六市****,0552*****,否,,,,,,,
84,陳品宏,111年雲林縣斗六市市民代表選舉,首次申報,1110921,租用宣傳車輛支出,好日盛有限公司,,0.00,488.00,,,,其他與租用宣傳車輛有關之費用,金錢,雲林縣斗六市****,0552*****,否,,,,,,,
85,陳品宏,111年雲林縣斗六市市民代表選舉,首次申報,1110921,雜支支出,鈺齊生活館有限公司,,0.00,585.00,,,,餐飲費用,金錢,雲林縣斗六市****,0555*****,否,,,,,,,
86,陳品宏,111年雲林縣斗六市市民代表選舉,首次申報,1110921,租用宣傳車輛支出,全美建材行,,0.00,420.00,,,,其他與租用宣傳車輛有關之費用,金錢,雲林縣斗六市****,0552*****,否,,,,,,,
87,陳品宏,111年雲林縣斗六市市民代表選舉,首次申報,1110921,宣傳支出,競選總部,E12*******,0.00,19800.00,,,,,非金錢,雲林縣斗六市****,0985*****,否,,,,,,,
88,陳品宏,111年雲林縣斗六市市民代表選舉,首次申報,1110922,雜支支出,鈺齊生活館有限公司,,0.00,552.00,,,,餐飲費用,金錢,雲林縣斗六市****,0555*****,否,,,,,,,
89,陳品宏,111年雲林縣斗六市市民代表選舉,首次申報,1110922,租用競選辦事處支出,鈺齊生活館有限公司,,0.00,159.00,,,,裝潢競選辦事處費用,金錢,雲林縣斗六市****,0555*****,否,,,,,,,
90,陳品宏,111年雲林縣斗六市市民代表選舉,首次申報,1110922,租用宣傳車輛支出,好日盛有限公司,,0.00,159.00,,,,其他與租用宣傳車輛有關之費用,金錢,雲林縣斗六市****,0552*****,否,,,,,,,
91,陳品宏,111年雲林縣斗六市市民代表選舉,首次申報,1110922,交通旅運支出,福懋加油站,,0.00,135.00,,,,油資,金錢,雲林縣斗六市****,05 5*****,否,,,,,,,
92,陳品宏,111年雲林縣斗六市市民代表選舉,首次申報,1110922,宣傳支出,快樂工坊有限公司,,0.00,21420.00,,,,製作競選物品或宣傳廣告費用（物品名稱-請填寫）,金錢,臺北市士林區****,0228*****,否,,,,,,,
93,陳品宏,111年雲林縣斗六市市民代表選舉,首次申報,1110923,宣傳支出,富國金紙店,,0.00,15900.00,,,,其他與選舉宣傳有關之費用,金錢,雲林縣斗六市****,0933*****,否,,,,,,,
94,陳品宏,111年雲林縣斗六市市民代表選舉,首次申報,1110923,交通旅運支出,真岡大旅社,,0.00,3600.00,,,,差旅膳宿費用,金錢,雲林縣斗六市****,0553*****,否,,,,,,,
95,陳品宏,111年雲林縣斗六市市民代表選舉,首次申報,1110923,租用競選辦事處支出,好日盛有限公司,,0.00,159.00,,,,其他與租用競選辦事處有關之費用,金錢,雲林縣斗六市****,0552*****,否,,,,,,,
96,陳品宏,111年雲林縣斗六市市民代表選舉,首次申報,1110923,租用競選辦事處支出,好日盛有限公司,,0.00,1240.00,,,,裝潢競選辦事處費用,金錢,雲林縣斗六市****,0552*****,否,,,,,,,
97,陳品宏,111年雲林縣斗六市市民代表選舉,首次申報,1110923,租用競選辦事處支出,正發企業社,,0.00,3000.00,,,,其他與租用競選辦事處有關之費用,金錢,雲林縣斗六市****,0552*****,否,,,,,,,
98,陳品宏,111年雲林縣斗六市市民代表選舉,首次申報,1110923,交通旅運支出,台灣中油府前加油站,,0.00,898.00,,,,油資,金錢,臺南市中西區****,06 2*****,否,,,,,,,
99,陳品宏,111年雲林縣斗六市市民代表選舉,首次申報,1110923,宣傳支出,競選總部,E12*******,0.00,4000.00,,,,製作競選物品或宣傳廣告費用（物品名稱-請填寫）,非金錢,雲林縣斗六市****,0985*****,否,,,,,,,
100,陳品宏,111年雲林縣斗六市市民代表選舉,首次申報,1110923,宣傳支出,競選總部,E12*******,0.00,6500.00,,,,製作競選物品或宣傳廣告費用（物品名稱-請填寫）,非金錢,雲林縣斗六市****,0985*****,否,,,,,,,
101,陳品宏,111年雲林縣斗六市市民代表選舉,首次申報,1110924,集會支出,鈺齊生活館有限公司,,0.00,798.00,,,,餐飲費用,金錢,雲林縣斗六市****,0555*****,否,,,,,,,
102,陳品宏,111年雲林縣斗六市市民代表選舉,首次申報,1110924,雜支支出,鈺齊生活有限公司,,0.00,200.00,,,,餐飲費用,金錢,雲林縣斗六市****,0555*****,否,,,,,,,
103,陳品宏,111年雲林縣斗六市市民代表選舉,首次申報,1110924,集會支出,翔順興交通股份有限公司,,0.00,24000.00,,,,其他與集會有關之費用,金錢,臺中市南屯區****,0424*****,否,,,,,,,
104,陳品宏,111年雲林縣斗六市市民代表選舉,首次申報,1110924,交通旅運支出,台灣中油斗六站,,0.00,890.00,,,,油資,金錢,雲林縣斗六市****,05 5*****,否,,,,,,,
105,陳品宏,111年雲林縣斗六市市民代表選舉,首次申報,1110924,集會支出,新光小吃部,,0.00,6200.00,,,,餐飲費用,金錢,雲林縣斗南鎮****,0559*****,否,,,,,,,
106,陳品宏,111年雲林縣斗六市市民代表選舉,首次申報,1110924,交通旅運支出,真岡大旅社,,0.00,2600.00,,,,差旅膳宿費用,金錢,雲林縣斗六市****,0553*****,否,,,,,,,
107,陳品宏,111年雲林縣斗六市市民代表選舉,首次申報,1110924,集會支出,鈺齊生活館有限公司,,0.00,657.00,,,,其他與集會有關之費用,金錢,雲林縣斗六市****,0555*****,否,,,,,,,
108,陳品宏,111年雲林縣斗六市市民代表選舉,首次申報,1110925,集會支出,全聯福利中心-斗六上海店,,0.00,1778.00,,,,餐飲費用,金錢,雲林縣斗六市****,0553*****,否,,,,,,,
109,陳品宏,111年雲林縣斗六市市民代表選舉,首次申報,1110925,雜支支出,白巷子連鎖加盟事業-雲林斗六店,,0.00,350.00,,,,餐飲費用,金錢,雲林縣斗六市****,0553*****,否,,,,,,,
110,陳品宏,111年雲林縣斗六市市民代表選舉,首次申報,1110925,雜支支出,柒樂食堂,,0.00,1275.00,,,,餐飲費用,金錢,雲林縣斗六市****,0553*****,否,,,,,,,
111,陳品宏,111年雲林縣斗六市市民代表選舉,首次申報,1110925,交通旅運支出,台灣中油斗六站,,0.00,1639.00,,,,油資,金錢,雲林縣斗六市****,05 5*****,否,,,,,,,
112,陳品宏,111年雲林縣斗六市市民代表選舉,首次申報,1110925,交通旅運支出,中油茄冬加油站,,0.00,1431.00,,,,油資,金錢,桃園市八德區****,0336*****,否,,,,,,,
113,陳品宏,111年雲林縣斗六市市民代表選舉,首次申報,1110925,租用宣傳車輛支出,振宇五金,,0.00,10154.00,,,,其他與租用宣傳車輛有關之費用,金錢,雲林縣斗六市****,0553*****,否,,,,,,,
114,陳品宏,111年雲林縣斗六市市民代表選舉,首次申報,1110925,集會支出,鈺創生活館有限公司,,0.00,411.00,,,,其他與集會有關之費用,金錢,雲林縣斗六市****,0555*****,否,,,,,,,
115,陳品宏,111年雲林縣斗六市市民代表選舉,首次申報,1110925,集會支出,光南大批發-斗六民生店,,0.00,204.00,,,,其他與集會有關之費用,金錢,雲林縣斗六市****,05 5*****,否,,,,,,,
116,陳品宏,111年雲林縣斗六市市民代表選舉,首次申報,1110925,交通旅運支出,台灣中油斗六站,,0.00,955.00,,,,油資,金錢,雲林縣斗六市****,05 5*****,否,,,,,,,
117,陳品宏,111年雲林縣斗六市市民代表選舉,首次申報,1110925,交通旅運支出,台灣中油斗六站,,0.00,92.00,,,,油資,金錢,雲林縣斗六市****,05 5*****,否,,,,,,,
118,陳品宏,111年雲林縣斗六市市民代表選舉,首次申報,1110925,交通旅運支出,台灣中油斗六站,,0.00,111.00,,,,油資,金錢,雲林縣斗六市****,05 5*****,否,,,,,,,
119,陳品宏,111年雲林縣斗六市市民代表選舉,首次申報,1110925,宣傳支出,競選總部,E12*******,0.00,1800.00,,,,製作競選物品或宣傳廣告費用（物品名稱-請填寫）,非金錢,雲林縣斗六市****,0985*****,否,,,,,,,
120,陳品宏,111年雲林縣斗六市市民代表選舉,首次申報,1110925,集會支出,競選總部,E12*******,0.00,1052.00,,,,餐飲費用,非金錢,雲林縣斗六市****,0985*****,否,,,,,,,
121,陳品宏,111年雲林縣斗六市市民代表選舉,首次申報,1110925,宣傳支出,競選總部,E12*******,0.00,600.00,,,,製作競選物品或宣傳廣告費用（物品名稱-請填寫）,非金錢,雲林縣斗六市****,0985*****,否,,,,,,,
122,陳品宏,111年雲林縣斗六市市民代表選舉,首次申報,1110925,集會支出,競選總部,E12*******,0.00,810.00,,,,餐飲費用,非金錢,雲林縣斗六市****,0985*****,否,,,,,,,
123,陳品宏,111年雲林縣斗六市市民代表選舉,首次申報,1110925,集會支出,競選總部,E12*******,0.00,1000.00,,,,餐飲費用,非金錢,雲林縣斗六市****,0985*****,否,,,,,,,
124,陳品宏,111年雲林縣斗六市市民代表選舉,首次申報,1110926,雜支支出,正發企業社,,0.00,15400.00,,,,雜項購置或修繕費用,金錢,雲林縣斗六市****,0552*****,否,,,,,,,
125,陳品宏,111年雲林縣斗六市市民代表選舉,首次申報,1110926,交通旅運支出,福懋加油站,,0.00,1392.00,,,,油資,金錢,雲林縣斗六市****,05 5*****,否,,,,,,,
126,陳品宏,111年雲林縣斗六市市民代表選舉,首次申報,1110927,雜支支出,麥當勞-斗六雲林,,0.00,33.00,,,,餐飲費用,金錢,雲林縣斗六市****,05 5*****,否,,,,,,,
127,陳品宏,111年雲林縣斗六市市民代表選舉,首次申報,1110928,雜支支出,紅茶洋行府文店,,0.00,161.00,,,,餐飲費用,金錢,雲林縣斗六市****,0553*****,否,,,,,,,
128,陳品宏,111年雲林縣斗六市市民代表選舉,首次申報,1111001,交通旅運支出,台灣中油新豐站,,0.00,598.00,,,,油資,金錢,新竹縣湖口鄉****,0355*****,否,,,,,,,
129,陳品宏,111年雲林縣斗六市市民代表選舉,首次申報,1111001,雜支支出,涮乃葉 斗六家樂福店,,0.00,480.00,,,,餐飲費用,金錢,雲林縣斗六市****,05 5*****,否,,,,,,,
130,陳品宏,111年雲林縣斗六市市民代表選舉,首次申報,1111001,宣傳支出,詠豐電子企業有限公司,,0.00,25.00,,,,其他與選舉宣傳有關之費用,金錢,雲林縣斗六市****,0553*****,否,,,,,,,
131,陳品宏,111年雲林縣斗六市市民代表選舉,首次申報,1111001,宣傳支出,奇泓企業社,72604330,0.00,80000.00,,,,租用廣告看板或車體廣告費用,金錢,雲林縣斗南鎮****,05 5*****,否,,,,,,,
132,陳品宏,111年雲林縣斗六市市民代表選舉,首次申報,1111002,交通旅運支出,福懋百利加油站,,0.00,313.00,,,,油資,金錢,雲林縣斗六市****,0555*****,否,,,,,,,
133,陳品宏,111年雲林縣斗六市市民代表選舉,首次申報,1111002,交通旅運支出,台灣中油 日升站(加盟),,0.00,1090.00,,,,油資,金錢,雲林縣斗六市****,05 5*****,否,,,,,,,
134,陳品宏,111年雲林縣斗六市市民代表選舉,首次申報,1111002,交通旅運支出,福懋百利加油站,,0.00,117.00,,,,油資,金錢,雲林縣斗六市****,0555*****,否,,,,,,,
135,陳品宏,111年雲林縣斗六市市民代表選舉,首次申報,1111002,雜支支出,鈺齊生活館有限公司,,0.00,81.00,,,,餐飲費用,金錢,雲林縣斗六市****,0555*****,否,,,,,,,
136,陳品宏,111年雲林縣斗六市市民代表選舉,首次申報,1111002,宣傳支出,重星企業社,,0.00,13600.00,,,,租用廣告看板或車體廣告費用,金錢,雲林縣斗六市****,0920*****,否,,,,,,,
137,陳品宏,111年雲林縣斗六市市民代表選舉,首次申報,1111002,宣傳支出,重星企業社,,0.00,13600.00,,,,租用廣告看板或車體廣告費用,金錢,雲林縣斗六市****,0920*****,否,,,,,,,
138,陳品宏,111年雲林縣斗六市市民代表選舉,首次申報,1111003,雜支支出,大眾鴨肉羹,,0.00,280.00,,,,餐飲費用,金錢,雲林縣斗六市****,0553*****,否,,,,,,,
139,陳品宏,111年雲林縣斗六市市民代表選舉,首次申報,1111003,交通旅運支出,福懋加油站,,0.00,100.00,,,,油資,金錢,雲林縣斗六市****,05 5*****,否,,,,,,,
140,陳品宏,111年雲林縣斗六市市民代表選舉,首次申報,1111003,雜支支出,鈺齊生活館有限公司,,0.00,39.00,,,,餐飲費用,金錢,雲林縣斗六市****,0555*****,否,,,,,,,
141,陳品宏,111年雲林縣斗六市市民代表選舉,首次申報,1111003,交通旅運支出,台灣中油 日升站(加盟),,0.00,1116.00,,,,油資,金錢,雲林縣斗六市****,05 5*****,否,,,,,,,
142,陳品宏,111年雲林縣斗六市市民代表選舉,首次申報,1111003,宣傳支出,奇泓企業社,72604330,0.00,120000.00,,,,製作競選物品或宣傳廣告費用（物品名稱-請填寫）,金錢,雲林縣斗南鎮****,05 5*****,否,,,,,,,
143,陳品宏,111年雲林縣斗六市市民代表選舉,首次申報,1111004,雜支支出,味饌米香館,,0.00,900.00,,,,餐飲費用,金錢,雲林縣斗六市****,05 5*****,否,,,,,,,
144,陳品宏,111年雲林縣斗六市市民代表選舉,首次申報,1111004,雜支支出,鈺齊生活館有限公司,,0.00,71.00,,,,餐飲費用,金錢,雲林縣斗六市****,0555*****,否,,,,,,,
145,陳品宏,111年雲林縣斗六市市民代表選舉,首次申報,1111004,宣傳支出,詠豐電子企業有限公司,,0.00,25.00,,,,其他與選舉宣傳有關之費用,金錢,雲林縣斗六市****,0553*****,否,,,,,,,
146,陳品宏,111年雲林縣斗六市市民代表選舉,首次申報,1111004,交通旅運支出,台灣中油 日升站(加盟),,0.00,1000.00,,,,油資,金錢,雲林縣斗六市****,05 5*****,否,,,,,,,
147,陳品宏,111年雲林縣斗六市市民代表選舉,首次申報,1111005,交通旅運支出,福懋加油站,,0.00,203.00,,,,油資,金錢,雲林縣斗六市****,05 5*****,否,,,,,,,
148,陳品宏,111年雲林縣斗六市市民代表選舉,首次申報,1111005,雜支支出,麥鋪早餐店,,0.00,135.00,,,,餐飲費用,金錢,雲林縣斗六市****,0553*****,否,,,,,,,
149,陳品宏,111年雲林縣斗六市市民代表選舉,首次申報,1111006,交通旅運支出,台灣中油 日升站(加盟),,0.00,926.00,,,,油資,金錢,雲林縣斗六市****,05 5*****,否,,,,,,,
150,陳品宏,111年雲林縣斗六市市民代表選舉,首次申報,1111006,雜支支出,鈺齊生活館有限公司,,0.00,100.00,,,,餐飲費用,金錢,雲林縣斗六市****,0555*****,否,,,,,,,
151,陳品宏,111年雲林縣斗六市市民代表選舉,首次申報,1111007,宣傳支出,競選總部,E12*******,0.00,19800.00,,,,,非金錢,雲林縣斗六市****,098*****,否,,,,,,,
152,陳品宏,111年雲林縣斗六市市民代表選舉,首次申報,1111008,交通旅運支出,台灣中油新豐站,,0.00,1050.00,,,,油資,金錢,新竹縣湖口鄉****,0355*****,否,,,,,,,
153,陳品宏,111年雲林縣斗六市市民代表選舉,首次申報,1111008,交通旅運支出,台灣中油新豐站,,0.00,200.00,,,,其他與交通旅運有關之費用,金錢,新竹縣湖口鄉****,0355*****,否,,,,,,,
154,陳品宏,111年雲林縣斗六市市民代表選舉,首次申報,1111008,交通旅運支出,百祥加油站,,0.00,100.00,,,,油資,金錢,新竹市香山區****,03 5*****,否,,,,,,,
155,陳品宏,111年雲林縣斗六市市民代表選舉,首次申報,1111008,交通旅運支出,百祥加油站,,0.00,788.00,,,,油資,金錢,新竹市香山區****,03 5*****,否,,,,,,,
156,陳品宏,111年雲林縣斗六市市民代表選舉,首次申報,1111008,宣傳支出,好日盛有限公司,,0.00,63.00,,,,其他與選舉宣傳有關之費用,金錢,雲林縣斗六市****,0552*****,否,,,,,,,
157,陳品宏,111年雲林縣斗六市市民代表選舉,首次申報,1111008,宣傳支出,好日盛有限公司,,0.00,30.00,,,,其他與選舉宣傳有關之費用,金錢,雲林縣斗六市****,0552*****,否,,,,,,,
158,陳品宏,111年雲林縣斗六市市民代表選舉,首次申報,1111008,宣傳支出,振宇五金,,0.00,125.00,,,,其他與選舉宣傳有關之費用,金錢,雲林縣斗六市****,0553*****,否,,,,,,,
159,陳品宏,111年雲林縣斗六市市民代表選舉,首次申報,1111009,交通旅運支出,福懋加油站,,0.00,190.00,,,,油資,金錢,雲林縣斗六市****,05 5*****,否,,,,,,,
160,陳品宏,111年雲林縣斗六市市民代表選舉,首次申報,1111009,交通旅運支出,福懋加油站,,0.00,115.00,,,,油資,金錢,雲林縣斗六市****,05 5*****,否,,,,,,,
161,陳品宏,111年雲林縣斗六市市民代表選舉,首次申報,1111009,交通旅運支出,台灣中油斗六站,,0.00,500.00,,,,油資,金錢,雲林縣斗六市****,05 5*****,否,,,,,,,
162,陳品宏,111年雲林縣斗六市市民代表選舉,首次申報,1111009,雜支支出,盺釉輕食店,,0.00,1288.00,,,,餐飲費用,金錢,雲林縣斗六市****,0553*****,否,,,,,,,
163,陳品宏,111年雲林縣斗六市市民代表選舉,首次申報,1111010,雜支支出,味饌米香館,,0.00,750.00,,,,餐飲費用,金錢,雲林縣斗六市****,05 5*****,否,,,,,,,
164,陳品宏,111年雲林縣斗六市市民代表選舉,首次申報,1111010,雜支支出,皓富裕商行,,0.00,2120.00,,,,餐飲費用,金錢,雲林縣斗六市****,0553*****,否,,,,,,,
165,陳品宏,111年雲林縣斗六市市民代表選舉,首次申報,1111010,雜支支出,麥當勞-斗六雲林,,0.00,130.00,,,,餐飲費用,金錢,雲林縣斗六市****,05 5*****,否,,,,,,,
166,陳品宏,111年雲林縣斗六市市民代表選舉,首次申報,1111010,交通旅運支出,福懋百利加油站,,0.00,1474.00,,,,油資,金錢,雲林縣斗六市****,0555*****,否,,,,,,,
167,陳品宏,111年雲林縣斗六市市民代表選舉,首次申報,1111011,雜支支出,斗六上豪雞肉飯,,0.00,825.00,,,,餐飲費用,金錢,雲林縣斗六市****,05 5*****,否,,,,,,,
168,陳品宏,111年雲林縣斗六市市民代表選舉,首次申報,1111012,雜支支出,嚐香企業社,,0.00,1200.00,,,,餐飲費用,金錢,雲林縣斗六市****,0553*****,否,,,,,,,
169,陳品宏,111年雲林縣斗六市市民代表選舉,首次申報,1111012,雜支支出,味饌米香館,,0.00,1275.00,,,,餐飲費用,金錢,雲林縣斗六市****,05 5*****,否,,,,,,,
170,陳品宏,111年雲林縣斗六市市民代表選舉,首次申報,1111012,宣傳支出,競選總部,E12*******,0.00,2000.00,,,,製作競選物品或宣傳廣告費用（物品名稱-請填寫）,非金錢,雲林縣斗六市****,0985*****,否,,,,,,,
171,陳品宏,111年雲林縣斗六市市民代表選舉,首次申報,1111013,雜支支出,潘家台北涼麵,,0.00,385.00,,,,餐飲費用,金錢,雲林縣斗六市****,0961*****,否,,,,,,,
172,陳品宏,111年雲林縣斗六市市民代表選舉,首次申報,1111013,雜支支出,味饌米香館,,0.00,300.00,,,,餐飲費用,金錢,雲林縣斗六市****,05 5*****,否,,,,,,,
173,陳品宏,111年雲林縣斗六市市民代表選舉,首次申報,1111013,雜支支出,圓石禪飲 斗六民生店,,0.00,233.00,,,,餐飲費用,金錢,雲林縣斗六市****,05 5*****,否,,,,,,,
174,陳品宏,111年雲林縣斗六市市民代表選舉,首次申報,1111013,交通旅運支出,福懋加油站,,0.00,883.00,,,,油資,金錢,雲林縣斗六市****,05 5*****,否,,,,,,,
175,陳品宏,111年雲林縣斗六市市民代表選舉,首次申報,1111013,交通旅運支出,福懋加油站,,0.00,261.00,,,,油資,金錢,雲林縣斗六市****,05 5*****,否,,,,,,,
176,陳品宏,111年雲林縣斗六市市民代表選舉,首次申報,1111013,雜支支出,清心福全西平店,,0.00,317.00,,,,餐飲費用,金錢,雲林縣斗六市****,05 5*****,否,,,,,,,
177,陳品宏,111年雲林縣斗六市市民代表選舉,首次申報,1111013,宣傳支出,競選總部,E12*******,0.00,5000.00,,,,製作競選物品或宣傳廣告費用（物品名稱-請填寫）,非金錢,雲林縣斗六市****,0985*****,否,,,,,,,
178,陳品宏,111年雲林縣斗六市市民代表選舉,首次申報,1111014,雜支支出,味饌米香館,,0.00,1050.00,,,,餐飲費用,金錢,雲林縣斗六市****,05 5*****,否,,,,,,,
179,陳品宏,111年雲林縣斗六市市民代表選舉,首次申報,1111014,宣傳支出,好日盛有限公司,,0.00,1545.00,,,,其他與選舉宣傳有關之費用,金錢,雲林縣斗六市****,0552*****,否,,,,,,,
180,陳品宏,111年雲林縣斗六市市民代表選舉,首次申報,1111014,雜支支出,鈺齊生活館有限公司,,0.00,144.00,,,,餐飲費用,金錢,雲林縣斗六市****,0555*****,否,,,,,,,
181,陳品宏,111年雲林縣斗六市市民代表選舉,首次申報,1111015,宣傳支出,詠豐電子企業有限公司,,0.00,330.00,,,,其他與選舉宣傳有關之費用,金錢,雲林縣斗六市****,0553*****,否,,,,,,,
182,陳品宏,111年雲林縣斗六市市民代表選舉,首次申報,1111015,宣傳支出,好日盛有限公司,,0.00,360.00,,,,其他與選舉宣傳有關之費用,金錢,雲林縣斗六市****,0552*****,否,,,,,,,
183,陳品宏,111年雲林縣斗六市市民代表選舉,首次申報,1111015,雜支支出,必勝客-雲林斗六店,,0.00,309.00,,,,餐飲費用,金錢,雲林縣斗六市****,05 5*****,否,,,,,,,
184,陳品宏,111年雲林縣斗六市市民代表選舉,首次申報,1111015,雜支支出,麥當勞-斗六雲林,,0.00,505.00,,,,餐飲費用,金錢,雲林縣斗六市****,05 5*****,否,,,,,,,
185,陳品宏,111年雲林縣斗六市市民代表選舉,首次申報,1111015,雜支支出,全州韓二石 豆腐·石鍋專門店 斗六店,,0.00,780.00,,,,餐飲費用,金錢,雲林縣斗六市****,0553*****,否,,,,,,,
186,陳品宏,111年雲林縣斗六市市民代表選舉,首次申報,1111015,交通旅運支出,台灣中油新豐站,,0.00,658.00,,,,油資,金錢,新竹縣湖口鄉****,0355*****,否,,,,,,,
187,陳品宏,111年雲林縣斗六市市民代表選舉,首次申報,1111015,宣傳支出,健豪印刷,,0.00,14000.00,,,,製作競選物品或宣傳廣告費用（物品名稱-請填寫）,金錢,臺中市西區忠****,04-2*****,否,,,,,,,
188,陳品宏,111年雲林縣斗六市市民代表選舉,首次申報,1111015,宣傳支出,健豪印刷,,0.00,780.00,,,,製作競選物品或宣傳廣告費用（物品名稱-請填寫）,金錢,臺中市西區忠****,04-2*****,否,,,,,,,
189,陳品宏,111年雲林縣斗六市市民代表選舉,首次申報,1111015,宣傳支出,健豪印刷,,0.00,550.00,,,,製作競選物品或宣傳廣告費用（物品名稱-請填寫）,金錢,臺中市西區忠****,04-2*****,否,,,,,,,
190,陳品宏,111年雲林縣斗六市市民代表選舉,首次申報,1111015,宣傳支出,競選總部,E12*******,0.00,3600.00,,,,製作競選物品或宣傳廣告費用（物品名稱-請填寫）,非金錢,雲林縣斗六市****,0985*****,否,,,,,,,
191,陳品宏,111年雲林縣斗六市市民代表選舉,首次申報,1111016,交通旅運支出,台灣中油斗六站,,0.00,100.00,,,,油資,金錢,雲林縣斗六市****,05 5*****,否,,,,,,,
192,陳品宏,111年雲林縣斗六市市民代表選舉,首次申報,1111016,交通旅運支出,台灣中油 雅虎站,,0.00,1288.00,,,,油資,金錢,雲林縣斗六市****,05 5*****,否,,,,,,,
193,陳品宏,111年雲林縣斗六市市民代表選舉,首次申報,1111016,交通旅運支出,台灣中油佳得美斗六站(加盟),,0.00,1150.00,,,,油資,金錢,雲林縣斗六市****,0553*****,否,,,,,,,
194,陳品宏,111年雲林縣斗六市市民代表選舉,首次申報,1111016,交通旅運支出,台灣中油佳得美斗六站(加盟),,0.00,235.00,,,,油資,金錢,雲林縣斗六市****,0553*****,否,,,,,,,
195,陳品宏,111年雲林縣斗六市市民代表選舉,首次申報,1111016,交通旅運支出,台糖加油站-文化站,,0.00,121.00,,,,油資,金錢,雲林縣斗六市****,0553*****,否,,,,,,,
196,陳品宏,111年雲林縣斗六市市民代表選舉,首次申報,1111017,雜支支出,金鮮田水果商行,,0.00,1300.00,,,,雜項購置或修繕費用,金錢,雲林縣斗六市****,0553*****,否,,,,,,,
197,陳品宏,111年雲林縣斗六市市民代表選舉,首次申報,1111017,雜支支出,鈺齊生活館有限公司,,0.00,154.00,,,,餐飲費用,金錢,雲林縣斗六市****,0555*****,否,,,,,,,
198,陳品宏,111年雲林縣斗六市市民代表選舉,首次申報,1111018,雜支支出,正發企業社,,0.00,2500.00,,,,雜項購置或修繕費用,金錢,雲林縣斗六市****,0552*****,否,,,,,,,
199,陳品宏,111年雲林縣斗六市市民代表選舉,首次申報,1111018,雜支支出,正發企業社,,0.00,3000.00,,,,雜項購置或修繕費用,金錢,雲林縣斗六市****,0552*****,否,,,,,,,
200,陳品宏,111年雲林縣斗六市市民代表選舉,首次申報,1111018,交通旅運支出,福懋百利加油站,,0.00,700.00,,,,油資,金錢,雲林縣斗六市****,0555*****,否,,,,,,,
201,陳品宏,111年雲林縣斗六市市民代表選舉,首次申報,1111018,雜支支出,鈺齊生活有限公司,,0.00,19.00,,,,餐飲費用,金錢,雲林縣斗六市****,0555*****,否,,,,,,,
202,陳品宏,111年雲林縣斗六市市民代表選舉,首次申報,1111019,雜支支出,新世紀書局,,0.00,63.00,,,,文具用品費用,金錢,雲林縣斗六市****,0553*****,否,,,,,,,
203,陳品宏,111年雲林縣斗六市市民代表選舉,首次申報,1111020,宣傳支出,大川行,,0.00,420.00,,,,委託辦理研究、評估、調查、設計或規劃費用,金錢,雲林縣斗六市****,05 5*****,否,,,,,,,
204,陳品宏,111年雲林縣斗六市市民代表選舉,首次申報,1111020,宣傳支出,全美建材行,,0.00,420.00,,,,委託辦理研究、評估、調查、設計或規劃費用,金錢,雲林縣斗六市****,0552*****,否,,,,,,,
205,陳品宏,111年雲林縣斗六市市民代表選舉,首次申報,1111020,交通旅運支出,福懋加油站,,0.00,105.00,,,,油資,金錢,雲林縣斗六市****,05 5*****,否,,,,,,,
206,陳品宏,111年雲林縣斗六市市民代表選舉,首次申報,1111020,交通旅運支出,台灣中油新豐站,,0.00,889.00,,,,油資,金錢,新竹縣湖口鄉****,0355*****,否,,,,,,,
207,陳品宏,111年雲林縣斗六市市民代表選舉,首次申報,1111020,交通旅運支出,福懋加油站,,0.00,1432.00,,,,油資,金錢,雲林縣斗六市****,05 5*****,否,,,,,,,
208,陳品宏,111年雲林縣斗六市市民代表選舉,首次申報,1111021,雜支支出,雨村生態農場,,0.00,4780.00,,,,餐飲費用,金錢,雲林縣斗六市****,05 5*****,否,,,,,,,
209,陳品宏,111年雲林縣斗六市市民代表選舉,首次申報,1111021,雜支支出,鈺齊生活館有限公司,,0.00,144.00,,,,餐飲費用,金錢,雲林縣斗六市****,0555*****,否,,,,,,,
210,陳品宏,111年雲林縣斗六市市民代表選舉,首次申報,1111021,交通旅運支出,台灣中油斗六站,,0.00,700.00,,,,油資,金錢,雲林縣斗六市****,05 5*****,否,,,,,,,
211,陳品宏,111年雲林縣斗六市市民代表選舉,首次申報,1111021,交通旅運支出,台灣中油斗六站,,0.00,53.00,,,,油資,金錢,雲林縣斗六市****,05 5*****,否,,,,,,,
212,陳品宏,111年雲林縣斗六市市民代表選舉,首次申報,1111021,交通旅運支出,台灣中油斗六站,,0.00,583.00,,,,油資,金錢,雲林縣斗六市****,05 5*****,否,,,,,,,
213,陳品宏,111年雲林縣斗六市市民代表選舉,首次申報,1111022,雜支支出,鈺齊生活館有限公司,,0.00,46.00,,,,餐飲費用,金錢,雲林縣斗六市****,0555*****,否,,,,,,,
214,陳品宏,111年雲林縣斗六市市民代表選舉,首次申報,1111022,雜支支出,鈺齊生活館有限公司,,0.00,125.00,,,,餐飲費用,金錢,雲林縣斗六市****,0555*****,否,,,,,,,
215,陳品宏,111年雲林縣斗六市市民代表選舉,首次申報,1111022,宣傳支出,左營美術社,,0.00,4900.00,,,,製作競選物品或宣傳廣告費用（物品名稱-請填寫）,金錢,高雄市左營區****,0758*****,否,,,,,,,
216,陳品宏,111年雲林縣斗六市市民代表選舉,首次申報,1111022,雜支支出,味饌米香館,,0.00,6000.00,,,,餐飲費用,金錢,雲林縣斗六市****,05 5*****,否,,,,,,,
217,陳品宏,111年雲林縣斗六市市民代表選舉,首次申報,1111022,集會支出,愛家日用五金百貨廣場,,0.00,390.00,,,,其他與集會有關之費用,金錢,雲林縣斗六市****,05 5*****,否,,,,,,,
218,陳品宏,111年雲林縣斗六市市民代表選舉,首次申報,1111022,宣傳支出,競選總部,E12*******,0.00,2000.00,,,,其他與選舉宣傳有關之費用,非金錢,雲林縣斗六市****,0985*****,否,,,,,,,
219,陳品宏,111年雲林縣斗六市市民代表選舉,首次申報,1111023,雜支支出,巴登咖啡專賣店,,0.00,180.00,,,,餐飲費用,金錢,雲林縣古坑鄉****,0552*****,否,,,,,,,
220,陳品宏,111年雲林縣斗六市市民代表選舉,首次申報,1111024,雜支支出,飛翔商行五美茶果茶,,0.00,300.00,,,,餐飲費用,金錢,雲林縣斗六市****,0553*****,否,,,,,,,
221,陳品宏,111年雲林縣斗六市市民代表選舉,首次申報,1111025,交通旅運支出,台灣中油 日升站(加盟),,0.00,500.00,,,,油資,金錢,雲林縣斗六市****,05 5*****,否,,,,,,,
222,陳品宏,111年雲林縣斗六市市民代表選舉,首次申報,1111025,雜支支出,得正 #斗六中山計劃,,0.00,90.00,,,,餐飲費用,金錢,雲林縣斗六市****,05 5*****,否,,,,,,,
223,陳品宏,111年雲林縣斗六市市民代表選舉,首次申報,1111025,雜支支出,麥當勞-斗六雲林,,0.00,306.00,,,,餐飲費用,金錢,雲林縣斗六市****,05 5*****,否,,,,,,,
224,陳品宏,111年雲林縣斗六市市民代表選舉,首次申報,1111026,交通旅運支出,台灣中油斗南交流道站,,0.00,1270.00,,,,油資,金錢,雲林縣斗南鎮****,05 5*****,否,,,,,,,
225,陳品宏,111年雲林縣斗六市市民代表選舉,首次申報,1111027,交通旅運支出,台灣中油 日升站(加盟),,0.00,1110.00,,,,油資,金錢,雲林縣斗六市****,05 5*****,否,,,,,,,
226,陳品宏,111年雲林縣斗六市市民代表選舉,首次申報,1111027,雜支支出,味饌米香館,,0.00,1530.00,,,,餐飲費用,金錢,雲林縣斗六市****,05 5*****,否,,,,,,,
227,陳品宏,111年雲林縣斗六市市民代表選舉,首次申報,1111028,雜支支出,清心福全西平店,,0.00,242.00,,,,餐飲費用,金錢,雲林縣斗六市****,05 5*****,否,,,,,,,
228,陳品宏,111年雲林縣斗六市市民代表選舉,首次申報,1111029,雜支支出,龜記茗品-斗六中山店,,0.00,334.00,,,,餐飲費用,金錢,雲林縣斗六市****,05 5*****,否,,,,,,,
229,陳品宏,111年雲林縣斗六市市民代表選舉,首次申報,1111029,雜支支出,味饌米香館,,0.00,1500.00,,,,餐飲費用,金錢,雲林縣斗六市****,05 5*****,否,,,,,,,
230,陳品宏,111年雲林縣斗六市市民代表選舉,首次申報,1111029,雜支支出,大眾鴨肉羹,,0.00,500.00,,,,餐飲費用,金錢,雲林縣斗六市****,0553*****,否,,,,,,,
231,陳品宏,111年雲林縣斗六市市民代表選舉,首次申報,1111029,交通旅運支出,福懋加油站,,0.00,120.00,,,,油資,金錢,雲林縣斗六市****,05 5*****,否,,,,,,,
232,陳品宏,111年雲林縣斗六市市民代表選舉,首次申報,1111030,宣傳支出,健豪印刷,,0.00,12770.00,,,,郵寄競選物品或宣傳廣告費用,金錢,臺中市西區忠****,04-2*****,否,,,,,,,
233,陳品宏,111年雲林縣斗六市市民代表選舉,首次申報,1111030,雜支支出,三媽臭臭鍋文化店,,0.00,1050.00,,,,餐飲費用,金錢,雲林縣斗六市****,0553*****,否,,,,,,,
234,陳品宏,111年雲林縣斗六市市民代表選舉,首次申報,1111030,交通旅運支出,福懋吉祥加油站,,0.00,1409.00,,,,油資,金錢,雲林縣斗六市****,05 5*****,否,,,,,,,
235,陳品宏,111年雲林縣斗六市市民代表選舉,首次申報,1111031,雜支支出,日日裝茶（斗六縣府店),,0.00,246.00,,,,餐飲費用,金錢,雲林縣斗六市****,05 5*****,否,,,,,,,
236,陳品宏,111年雲林縣斗六市市民代表選舉,首次申報,1111101,雜支支出,白巷子 WHITE ALLEY 斗六上海店,,0.00,247.00,,,,餐飲費用,金錢,雲林縣斗六市****,05 5*****,否,,,,,,,
237,陳品宏,111年雲林縣斗六市市民代表選舉,首次申報,1111101,交通旅運支出,台灣中油 日升站(加盟),,0.00,240.00,,,,油資,金錢,雲林縣斗六市****,05 5*****,否,,,,,,,
238,陳品宏,111年雲林縣斗六市市民代表選舉,首次申報,1111101,雜支支出,鈺齊生活館有限公司,,0.00,125.00,,,,餐飲費用,金錢,雲林縣斗六市****,0555*****,否,,,,,,,
239,陳品宏,111年雲林縣斗六市市民代表選舉,首次申報,1111102,交通旅運支出,台灣中油 雅虎站,,0.00,205.00,,,,油資,金錢,雲林縣斗六市****,05 5*****,否,,,,,,,
240,陳品宏,111年雲林縣斗六市市民代表選舉,首次申報,1111102,交通旅運支出,台灣中油 雅虎站,,0.00,1000.00,,,,油資,金錢,雲林縣斗六市****,05 5*****,否,,,,,,,
241,陳品宏,111年雲林縣斗六市市民代表選舉,首次申報,1111102,宣傳支出,琴觀股份有限公司,23642998,0.00,68544.00,,,,製作競選物品或宣傳廣告費用（物品名稱-請填寫）,金錢,高雄市前鎮區****,0770*****,否,,,,,,,
242,陳品宏,111年雲林縣斗六市市民代表選舉,首次申報,1111103,交通旅運支出,北新地下停車場,,0.00,135.00,,,,停車費,金錢,新北市新店區****,02 8*****,否,,,,,,,
243,陳品宏,111年雲林縣斗六市市民代表選舉,首次申報,1111103,交通旅運支出,百祥加油站,,0.00,100.00,,,,其他與交通旅運有關之費用,金錢,新竹市香山區****,03 5*****,否,,,,,,,
244,陳品宏,111年雲林縣斗六市市民代表選舉,首次申報,1111103,交通旅運支出,百祥加油站,,0.00,1156.00,,,,油資,金錢,新竹市香山區****,03 5*****,否,,,,,,,
245,陳品宏,111年雲林縣斗六市市民代表選舉,首次申報,1111103,雜支支出,圓石禪飲 斗六民生店,,0.00,316.00,,,,餐飲費用,金錢,雲林縣斗六市****,05 5*****,否,,,,,,,
246,陳品宏,111年雲林縣斗六市市民代表選舉,首次申報,1111103,交通旅運支出,台灣中油 雅虎站,,0.00,175.00,,,,油資,金錢,雲林縣斗六市****,05 5*****,否,,,,,,,
247,陳品宏,111年雲林縣斗六市市民代表選舉,首次申報,1111103,集會支出,鈺齊生活館有限公司,,0.00,144.00,,,,其他與集會有關之費用,金錢,雲林縣斗六市****,0555*****,否,,,,,,,
248,陳品宏,111年雲林縣斗六市市民代表選舉,首次申報,1111104,交通旅運支出,台灣中油 日升站(加盟),,0.00,1025.00,,,,油資,金錢,雲林縣斗六市****,05 5*****,否,,,,,,,
249,陳品宏,111年雲林縣斗六市市民代表選舉,首次申報,1111104,交通旅運支出,台灣中油 日升站(加盟),,0.00,187.00,,,,油資,金錢,雲林縣斗六市****,05 5*****,否,,,,,,,
250,陳品宏,111年雲林縣斗六市市民代表選舉,首次申報,1111104,雜支支出,7-ELEVEN 朱丹灣門市,,0.00,51.00,,,,餐飲費用,金錢,雲林縣斗六市****,05 5*****,否,,,,,,,
251,陳品宏,111年雲林縣斗六市市民代表選舉,首次申報,1111104,雜支支出,清心福全西平店,,0.00,287.00,,,,餐飲費用,金錢,雲林縣斗六市****,05 5*****,否,,,,,,,
252,陳品宏,111年雲林縣斗六市市民代表選舉,首次申報,1111105,雜支支出,白巷子連鎖加盟事業-雲林斗六店,,0.00,161.00,,,,餐飲費用,金錢,雲林縣斗六市****,0553*****,否,,,,,,,
253,陳品宏,111年雲林縣斗六市市民代表選舉,首次申報,1111105,集會支出,鈺齊生活館有限公司,,0.00,144.00,,,,餐飲費用,金錢,雲林縣斗六市****,0555*****,否,,,,,,,
254,陳品宏,111年雲林縣斗六市市民代表選舉,首次申報,1111106,交通旅運支出,福懋加油站,,0.00,100.00,,,,油資,金錢,雲林縣斗六市****,05 5*****,否,,,,,,,
255,陳品宏,111年雲林縣斗六市市民代表選舉,首次申報,1111106,集會支出,鈺齊生活館有限公司,,0.00,144.00,,,,餐飲費用,金錢,雲林縣斗六市****,0555*****,否,,,,,,,
256,陳品宏,111年雲林縣斗六市市民代表選舉,首次申報,1111106,交通旅運支出,久井企業股份有限公司,,0.00,1327.00,,,,油資,金錢,臺南市永康區****,06 3*****,否,,,,,,,
257,陳品宏,111年雲林縣斗六市市民代表選舉,首次申報,1111107,雜支支出,清心福全西平店,,0.00,100.00,,,,餐飲費用,金錢,雲林縣斗六市****,05 5*****,否,,,,,,,
258,陳品宏,111年雲林縣斗六市市民代表選舉,首次申報,1111107,雜支支出,鈺齊生活館有限公司,,0.00,183.00,,,,餐飲費用,金錢,雲林縣斗六市****,0555*****,否,,,,,,,
259,陳品宏,111年雲林縣斗六市市民代表選舉,首次申報,1111107,雜支支出,老賴茶棧斗六民生店,,0.00,240.00,,,,餐飲費用,金錢,雲林縣斗六市****,05 5*****,否,,,,,,,
260,陳品宏,111年雲林縣斗六市市民代表選舉,首次申報,1111108,雜支支出,小雀幸Cher Cha,,0.00,172.00,,,,餐飲費用,金錢,雲林縣斗六市****,05 5*****,否,,,,,,,
261,陳品宏,111年雲林縣斗六市市民代表選舉,首次申報,1111108,宣傳支出,明傳影印企業行,,0.00,4200.00,,,,製作競選物品或宣傳廣告費用（物品名稱-請填寫）,金錢,雲林縣斗六市****,05 5*****,否,,,,,,,
262,陳品宏,111年雲林縣斗六市市民代表選舉,首次申報,1111108,交通旅運支出,台灣中油 雅虎站,,0.00,80.00,,,,油資,金錢,雲林縣斗六市****,05 5*****,否,,,,,,,
263,陳品宏,111年雲林縣斗六市市民代表選舉,首次申報,1111108,交通旅運支出,福懋加油站,,0.00,110.00,,,,油資,金錢,雲林縣斗六市****,05 5*****,否,,,,,,,
264,陳品宏,111年雲林縣斗六市市民代表選舉,首次申報,1111110,交通旅運支出,福懋加油站,,0.00,100.00,,,,油資,金錢,雲林縣斗六市****,05 5*****,否,,,,,,,
265,陳品宏,111年雲林縣斗六市市民代表選舉,首次申報,1111110,交通旅運支出,台灣中油斗六站,,0.00,450.00,,,,油資,金錢,雲林縣斗六市****,05 5*****,否,,,,,,,
266,陳品宏,111年雲林縣斗六市市民代表選舉,首次申報,1111110,雜支支出,龜記茗品-斗六中山店,,0.00,242.00,,,,餐飲費用,金錢,雲林縣斗六市****,05 5*****,否,,,,,,,
267,陳品宏,111年雲林縣斗六市市民代表選舉,首次申報,1111110,雜支支出,鈺齊生活館有限公司,,0.00,29.00,,,,餐飲費用,金錢,雲林縣斗六市****,0555*****,否,,,,,,,
268,陳品宏,111年雲林縣斗六市市民代表選舉,首次申報,1111111,交通旅運支出,福懋加油站,,0.00,835.00,,,,油資,金錢,雲林縣斗六市****,05 5*****,否,,,,,,,
269,陳品宏,111年雲林縣斗六市市民代表選舉,首次申報,1111111,雜支支出,清原冷泡茶中山店,,0.00,226.00,,,,餐飲費用,金錢,雲林縣斗六市****,05 5*****,否,,,,,,,
270,陳品宏,111年雲林縣斗六市市民代表選舉,首次申報,1111112,雜支支出,可不可熟成紅茶-雲林斗六店,,0.00,302.00,,,,餐飲費用,金錢,雲林縣斗六市****,05 5*****,否,,,,,,,
271,陳品宏,111年雲林縣斗六市市民代表選舉,首次申報,1111114,交通旅運支出,台灣中油 雅虎站,,0.00,914.00,,,,油資,金錢,雲林縣斗六市****,05 5*****,否,,,,,,,
272,陳品宏,111年雲林縣斗六市市民代表選舉,首次申報,1111114,交通旅運支出,台灣中油 雅虎站,,0.00,200.00,,,,油資,金錢,雲林縣斗六市****,05 5*****,否,,,,,,,
273,陳品宏,111年雲林縣斗六市市民代表選舉,首次申報,1111114,雜支支出,清心福全西平店,,0.00,242.00,,,,餐飲費用,金錢,雲林縣斗六市****,05 5*****,否,,,,,,,
274,陳品宏,111年雲林縣斗六市市民代表選舉,首次申報,1111114,雜支支出,清心福全西平店,,0.00,196.00,,,,餐飲費用,金錢,雲林縣斗六市****,05 5*****,否,,,,,,,
275,陳品宏,111年雲林縣斗六市市民代表選舉,首次申報,1111115,雜支支出,圓石禪飲 斗六民生店,,0.00,426.00,,,,餐飲費用,金錢,雲林縣斗六市****,05 5*****,否,,,,,,,
276,陳品宏,111年雲林縣斗六市市民代表選舉,首次申報,1111116,宣傳支出,遠播企業社,,0.00,760.00,,,,製作競選物品或宣傳廣告費用（物品名稱-請填寫）,金錢,雲林縣斗六市****,0553*****,否,,,,,,,
277,陳品宏,111年雲林縣斗六市市民代表選舉,首次申報,1111117,交通旅運支出,福懋加油站,,0.00,90.00,,,,油資,金錢,雲林縣斗六市****,05 5*****,否,,,,,,,
278,陳品宏,111年雲林縣斗六市市民代表選舉,首次申報,1111117,交通旅運支出,福懋加油站,,0.00,110.00,,,,油資,金錢,雲林縣斗六市****,05 5*****,否,,,,,,,
279,陳品宏,111年雲林縣斗六市市民代表選舉,首次申報,1111117,雜支支出,日日裝茶（斗六縣府店),,0.00,281.00,,,,餐飲費用,金錢,雲林縣斗六市****,05 5*****,否,,,,,,,
280,陳品宏,111年雲林縣斗六市市民代表選舉,首次申報,1111117,宣傳支出,振宇五金,,0.00,174.00,,,,郵寄競選物品或宣傳廣告費用,金錢,雲林縣斗六市****,0553*****,否,,,,,,,
281,陳品宏,111年雲林縣斗六市市民代表選舉,首次申報,1111118,雜支支出,小茶齋-斗六店,,0.00,261.00,,,,餐飲費用,金錢,雲林縣斗六市****,05 5*****,否,,,,,,,
282,陳品宏,111年雲林縣斗六市市民代表選舉,首次申報,1111118,交通旅運支出,台灣中油斗六站,,0.00,350.00,,,,油資,金錢,雲林縣斗六市****,05 5*****,否,,,,,,,
283,陳品宏,111年雲林縣斗六市市民代表選舉,首次申報,1111118,交通旅運支出,台灣中油斗六站,,0.00,950.00,,,,油資,金錢,雲林縣斗六市****,05 5*****,否,,,,,,,
284,陳品宏,111年雲林縣斗六市市民代表選舉,首次申報,1111119,雜支支出,清心福全西平店,,0.00,196.00,,,,餐飲費用,金錢,雲林縣斗六市****,05 5*****,否,,,,,,,
285,陳品宏,111年雲林縣斗六市市民代表選舉,首次申報,1111121,交通旅運支出,台灣中油 雅虎站,,0.00,200.00,,,,油資,金錢,雲林縣斗六市****,05 5*****,否,,,,,,,
286,陳品宏,111年雲林縣斗六市市民代表選舉,首次申報,1111121,交通旅運支出,台灣中油 雅虎站,,0.00,800.00,,,,油資,金錢,雲林縣斗六市****,05 5*****,否,,,,,,,
287,陳品宏,111年雲林縣斗六市市民代表選舉,首次申報,1111121,交通旅運支出,台灣中油 雅虎站,,0.00,100.00,,,,油資,金錢,雲林縣斗六市****,05 5*****,否,,,,,,,
288,陳品宏,111年雲林縣斗六市市民代表選舉,首次申報,1111121,雜支支出,白巷子連鎖加盟事業-雲林斗六店,,0.00,161.00,,,,餐飲費用,金錢,雲林縣斗六市****,0553*****,否,,,,,,,
289,陳品宏,111年雲林縣斗六市市民代表選舉,首次申報,1111122,交通旅運支出,台灣中油斗六站,,0.00,60.00,,,,油資,金錢,雲林縣斗六市****,05 5*****,否,,,,,,,
290,陳品宏,111年雲林縣斗六市市民代表選舉,首次申報,1111122,交通旅運支出,台灣中油斗六站,,0.00,86.00,,,,油資,金錢,雲林縣斗六市****,05 5*****,否,,,,,,,
291,陳品宏,111年雲林縣斗六市市民代表選舉,首次申報,1111122,雜支支出,迷客夏Milksha 雲林斗六店,,0.00,357.00,,,,餐飲費用,金錢,雲林縣斗六市****,0553*****,否,,,,,,,
292,陳品宏,111年雲林縣斗六市市民代表選舉,首次申報,1111124,雜支支出,迷客夏Milksha 雲林斗六店,,0.00,232.00,,,,餐飲費用,金錢,雲林縣斗六市****,0553*****,否,,,,,,,
293,陳品宏,111年雲林縣斗六市市民代表選舉,首次申報,1111124,交通旅運支出,台灣中油斗六站,,0.00,84.00,,,,油資,金錢,雲林縣斗六市****,05 5*****,否,,,,,,,
294,陳品宏,111年雲林縣斗六市市民代表選舉,首次申報,1111124,交通旅運支出,台灣中油斗六站,,0.00,104.00,,,,油資,金錢,雲林縣斗六市****,05 5*****,否,,,,,,,
295,陳品宏,111年雲林縣斗六市市民代表選舉,首次申報,1111124,交通旅運支出,福懋加油站,,0.00,305.00,,,,油資,金錢,雲林縣斗六市****,05 5*****,否,,,,,,,
296,陳品宏,111年雲林縣斗六市市民代表選舉,首次申報,1111124,交通旅運支出,福懋加油站,,0.00,718.00,,,,油資,金錢,雲林縣斗六市****,05 5*****,否,,,,,,,
297,陳品宏,111年雲林縣斗六市市民代表選舉,首次申報,1111125,交通旅運支出,台灣中油斗六站,,0.00,82.00,,,,油資,金錢,雲林縣斗六市****,05 5*****,否,,,,,,,
298,陳品宏,111年雲林縣斗六市市民代表選舉,首次申報,1111125,交通旅運支出,福懋加油站,,0.00,250.00,,,,油資,金錢,雲林縣斗六市****,05 5*****,否,,,,,,,
299,陳品宏,111年雲林縣斗六市市民代表選舉,首次申報,1111125,雜支支出,清心福全西平店,,0.00,272.00,,,,餐飲費用,金錢,雲林縣斗六市****,05 5*****,否,,,,,,,
300,陳品宏,111年雲林縣斗六市市民代表選舉,首次申報,1111125,雜支支出,白巷子連鎖加盟事業-雲林斗六店,,0.00,204.00,,,,餐飲費用,金錢,雲林縣斗六市****,0553*****,否,,,,,,,
301,陳品宏,111年雲林縣斗六市市民代表選舉,首次申報,1111125,雜支支出,7-ELEVEN 山好門市,,0.00,165.00,,,,餐飲費用,金錢,雲林縣斗六市****,05 5*****,否,,,,,,,
302,陳品宏,111年雲林縣斗六市市民代表選舉,首次申報,1111127,雜支支出,7-ELEVEN 上慶門市,,0.00,49.00,,,,餐飲費用,金錢,雲林縣斗六市****,05 5*****,否,,,,,,,
303,陳品宏,111年雲林縣斗六市市民代表選舉,首次申報,1111127,雜支支出,7-ELEVEn 保庄門市,,0.00,175.00,,,,餐飲費用,金錢,雲林縣斗六市****,05 5*****,否,,,,,,,
304,陳品宏,111年雲林縣斗六市市民代表選舉,首次申報,1111201,雜支支出,清心福全西平店,,0.00,196.00,,,,餐飲費用,金錢,雲林縣斗六市****,05 5*****,否,,,,,,,
305,陳品宏,111年雲林縣斗六市市民代表選舉,首次申報,1111201,雜支支出,清心福全西平店,,0.00,150.00,,,,餐飲費用,金錢,雲林縣斗六市****,05 5*****,否,,,,,,,
