﻿序號,擬參選人／政黨,選舉名稱,申報序號／年度,交易日期,收支科目,捐贈者／支出對象,身分證／統一編號,收入金額,支出金額,捐贈方式,存入專戶日期,返還/繳庫,支出用途,金錢類,地址,聯絡電話,應揭露之支出對象,支出對象之內部人員姓名,支出對象之內部人員職稱,政黨之內部人員姓名,政黨之內部人員職稱,關係,更正註記,資料更正日期
1,鄭美琴,111年新竹縣議員選舉,首次申報,1111008,人事費用支出,溫進忠,J12*******,0.00,9600.00,,,,工資或薪津,金錢,新竹縣竹北市****,,否,,,,,,,
2,鄭美琴,111年新竹縣議員選舉,首次申報,1111008,人事費用支出,魏妤瑄,J22*******,0.00,9600.00,,,,工資或薪津,金錢,新竹縣竹北市****,,否,,,,,,,
3,鄭美琴,111年新竹縣議員選舉,首次申報,1111008,人事費用支出,章淑琳,V20*******,0.00,10400.00,,,,工資或薪津,金錢,新竹縣竹北市****,,否,,,,,,,
4,鄭美琴,111年新竹縣議員選舉,首次申報,1111018,宣傳支出,零壹捌文創禮品商行,26669409,0.00,117960.00,,,,製作競選物品或宣傳廣告費用（物品名稱-請填寫）,金錢,新竹縣竹北市****,,否,,,,,,,
5,鄭美琴,111年新竹縣議員選舉,首次申報,1111021,交通旅運支出,台灣中油府前站,02794462,0.00,1100.00,,,,油資,金錢,,,否,,,,,,,
6,鄭美琴,111年新竹縣議員選舉,首次申報,1111021,宣傳支出,世輝米粉工業社,40997086,0.00,31200.00,,,,製作競選物品或宣傳廣告費用（物品名稱-請填寫）,金錢,新竹市南勢里****,03-5*****,否,,,,,,,
7,鄭美琴,111年新竹縣議員選舉,首次申報,1111025,人事費用支出,溫進忠,J12*******,0.00,8400.00,,,,工資或薪津,金錢,新竹縣竹北市****,,否,,,,,,,
8,鄭美琴,111年新竹縣議員選舉,首次申報,1111025,人事費用支出,魏妤瑄,J22*******,0.00,8400.00,,,,工資或薪津,金錢,新竹縣竹北市****,,否,,,,,,,
9,鄭美琴,111年新竹縣議員選舉,首次申報,1111025,人事費用支出,章淑琳,V20*******,0.00,9600.00,,,,工資或薪津,金錢,新竹縣竹北市****,,否,,,,,,,
10,鄭美琴,111年新竹縣議員選舉,首次申報,1111027,宣傳支出,健豪印刷事業股份有限公司,16332027,0.00,31500.00,,,,製作競選物品或宣傳廣告費用（物品名稱-請填寫）,金錢,新竹縣竹北市****,,否,,,,,,,
11,鄭美琴,111年新竹縣議員選舉,首次申報,1111027,宣傳支出,世輝米粉工業社,40997086,0.00,62400.00,,,,製作競選物品或宣傳廣告費用（物品名稱-請填寫）,金錢,新竹市南勢里****,03-5*****,否,,,,,,,
12,鄭美琴,111年新竹縣議員選舉,首次申報,1111028,雜支支出,和發商行發商行,42168439,0.00,5846.00,,,,雜項購置或修繕費用,金錢,新竹縣竹北市****,,否,,,,,,,
13,鄭美琴,111年新竹縣議員選舉,首次申報,1111028,宣傳支出,奇思家文創事業有限公司家文創事業有限公司,42770043,0.00,2000.00,,,,製作競選物品或宣傳廣告費用（物品名稱-請填寫）,金錢,民富里經國路****,,否,,,,,,,
14,鄭美琴,111年新竹縣議員選舉,首次申報,1111030,交通旅運支出,十興加油站興加油站,02782698,0.00,747.00,,,,油資,金錢,,,否,,,,,,,
15,鄭美琴,111年新竹縣議員選舉,首次申報,1111030,宣傳支出,大鍵印刷有限公司印刷有限公司,84178775,0.00,103226.00,,,,製作競選物品或宣傳廣告費用（物品名稱-請填寫）,金錢,臺中市大肚區****,04-2*****,否,,,,,,,
16,鄭美琴,111年新竹縣議員選舉,首次申報,1111031,宣傳支出,世輝米粉工業社,40997086,0.00,62400.00,,,,製作競選物品或宣傳廣告費用（物品名稱-請填寫）,金錢,新竹市南勢里****,03-5*****,否,,,,,,,
17,鄭美琴,111年新竹縣議員選舉,首次申報,1111101,宣傳支出,百震實業有限公司實業有限公司,54109689,0.00,117000.00,,,,製作競選物品或宣傳廣告費用（物品名稱-請填寫）,金錢,高上里青年路****,03-4*****,否,,,,,,,
18,鄭美琴,111年新竹縣議員選舉,首次申報,1111102,集會支出,小林煎餅股份有限公司,55718920,0.00,8160.00,,,,其他與集會有關之費用,金錢,南京西路號樓****,,否,,,,,,,
19,鄭美琴,111年新竹縣議員選舉,首次申報,1111104,雜支支出,和發商行,42168439,0.00,4480.00,,,,雜項購置或修繕費用,金錢,新竹縣竹北市****,,否,,,,,,,
20,鄭美琴,111年新竹縣議員選舉,首次申報,1111104,雜支支出,珍倆相好商行相好商行,73846981,0.00,6500.00,,,,雜項購置或修繕費用,金錢,新竹市自由路****,,否,,,,,,,
21,鄭美琴,111年新竹縣議員選舉,首次申報,1111105,雜支支出,吉佶小吃店,31785462,0.00,10500.00,,,,餐飲費用,金錢,新竹縣竹北市****,,否,,,,,,,
22,鄭美琴,111年新竹縣議員選舉,首次申報,1111105,雜支支出,和發商行,42168439,0.00,2200.00,,,,雜項購置或修繕費用,金錢,新竹縣竹北市****,,否,,,,,,,
23,鄭美琴,111年新竹縣議員選舉,首次申報,1111105,集會支出,萬泰鮮花店,47096505,0.00,18000.00,,,,其他與集會有關之費用,金錢,新竹縣竹北市****,,否,,,,,,,
24,鄭美琴,111年新竹縣議員選舉,首次申報,1111105,集會支出,萬泰鮮花店,47096505,0.00,16000.00,,,,其他與集會有關之費用,金錢,新竹縣竹北市****,,否,,,,,,,
25,鄭美琴,111年新竹縣議員選舉,首次申報,1111107,宣傳支出,世輝米粉工業社,40997086,0.00,62400.00,,,,製作競選物品或宣傳廣告費用（物品名稱-請填寫）,金錢,新竹市南勢里****,03-5*****,否,,,,,,,
26,鄭美琴,111年新竹縣議員選舉,首次申報,1111109,宣傳支出,世輝米粉工業社,40997086,0.00,39000.00,,,,製作競選物品或宣傳廣告費用（物品名稱-請填寫）,金錢,新竹市南勢里****,03-5*****,否,,,,,,,
27,鄭美琴,111年新竹縣議員選舉,首次申報,1111110,宣傳支出,世輝米粉工業社,40997086,0.00,62400.00,,,,製作競選物品或宣傳廣告費用（物品名稱-請填寫）,金錢,新竹市南勢里****,03-5*****,否,,,,,,,
28,鄭美琴,111年新竹縣議員選舉,首次申報,1111110,人事費用支出,溫進忠,J12*******,0.00,6000.00,,,,工資或薪津,金錢,新竹縣竹北市****,,否,,,,,,,
29,鄭美琴,111年新竹縣議員選舉,首次申報,1111111,雜支支出,和發商行,42168439,0.00,530.00,,,,雜項購置或修繕費用,金錢,新竹縣竹北市****,,否,,,,,,,
30,鄭美琴,111年新竹縣議員選舉,首次申報,1111114,宣傳支出,世輝米粉工業社,40997086,0.00,70200.00,,,,製作競選物品或宣傳廣告費用（物品名稱-請填寫）,金錢,新竹市南勢里****,03-5*****,否,,,,,,,
31,鄭美琴,111年新竹縣議員選舉,首次申報,1111115,宣傳支出,世輝米粉工業社,40997086,0.00,62400.00,,,,製作競選物品或宣傳廣告費用（物品名稱-請填寫）,金錢,新竹市南勢里****,03-5*****,否,,,,,,,
32,鄭美琴,111年新竹縣議員選舉,首次申報,1111115,人事費用支出,魏妤瑄,J22*******,0.00,15200.00,,,,工資或薪津,金錢,新竹縣竹北市****,,否,,,,,,,
33,鄭美琴,111年新竹縣議員選舉,首次申報,1111115,人事費用支出,章淑琳,V20*******,0.00,20000.00,,,,工資或薪津,金錢,新竹縣竹北市****,,否,,,,,,,
34,鄭美琴,111年新竹縣議員選舉,首次申報,1111116,交通旅運支出,台灣中油竹北站,46038330,0.00,1042.00,,,,油資,金錢,,,否,,,,,,,
35,鄭美琴,111年新竹縣議員選舉,首次申報,1111117,宣傳支出,世輝米粉工業社,40997086,0.00,66300.00,,,,製作競選物品或宣傳廣告費用（物品名稱-請填寫）,金錢,新竹市南勢里****,03-5*****,否,,,,,,,
36,鄭美琴,111年新竹縣議員選舉,首次申報,1111117,交通旅運支出,民德加油站,97189057,0.00,710.00,,,,油資,金錢,,,否,,,,,,,
37,鄭美琴,111年新竹縣議員選舉,首次申報,1111119,交通旅運支出,正成成加油站,22937544,0.00,500.00,,,,油資,金錢,,,否,,,,,,,
38,鄭美琴,111年新竹縣議員選舉,首次申報,1111121,宣傳支出,暄鼎廣告社廣告社,09625272,0.00,24000.00,,,,租用廣告看板或車體廣告費用,金錢,新竹縣竹北文****,03-5*****,否,,,,,,,
39,鄭美琴,111年新竹縣議員選舉,首次申報,1111121,宣傳支出,世輝米粉工業社,40997086,0.00,68640.00,,,,製作競選物品或宣傳廣告費用（物品名稱-請填寫）,金錢,新竹市南勢里****,03-5*****,否,,,,,,,
40,鄭美琴,111年新竹縣議員選舉,首次申報,1111121,交通旅運支出,台灣中油竹北站,46038330,0.00,810.00,,,,油資,金錢,,,否,,,,,,,
41,鄭美琴,111年新竹縣議員選舉,首次申報,1111122,雜支支出,和發商行,42168439,0.00,1460.00,,,,雜項購置或修繕費用,金錢,新竹縣竹北市****,,否,,,,,,,
42,鄭美琴,111年新竹縣議員選舉,首次申報,1111122,宣傳支出,涔宇科技有限公司科技有限公司,54818351,0.00,389550.00,,,,製作競選物品或宣傳廣告費用（物品名稱-請填寫）,金錢,埔前里中華路****,03-5*****,否,,,,,,,
43,鄭美琴,111年新竹縣議員選舉,首次申報,1111122,宣傳支出,韋成整合行銷企業社,82017227,0.00,48000.00,,,,製作競選物品或宣傳廣告費用（物品名稱-請填寫）,金錢,新竹縣竹東鎮****,03-5*****,否,,,,,,,
44,鄭美琴,111年新竹縣議員選舉,首次申報,1111123,交通旅運支出,佑順加油站,23504658,0.00,776.00,,,,油資,金錢,,,否,,,,,,,
45,鄭美琴,111年新竹縣議員選舉,首次申報,1111123,宣傳支出,世輝米粉工業社,40997086,0.00,23400.00,,,,製作競選物品或宣傳廣告費用（物品名稱-請填寫）,金錢,新竹市南勢里****,03-5*****,否,,,,,,,
46,鄭美琴,111年新竹縣議員選舉,首次申報,1111123,雜支支出,大元商行商行,49945770,0.00,3000.00,,,,雜項購置或修繕費用,金錢,新竹縣竹北市****,,否,,,,,,,
47,鄭美琴,111年新竹縣議員選舉,首次申報,1111124,宣傳支出,世輝米粉工業社,40997086,0.00,15600.00,,,,製作競選物品或宣傳廣告費用（物品名稱-請填寫）,金錢,新竹市南勢里****,03-5*****,否,,,,,,,
48,鄭美琴,111年新竹縣議員選舉,首次申報,1111124,交通旅運支出,台灣中油竹北站,46038330,0.00,730.00,,,,油資,金錢,,,否,,,,,,,
49,鄭美琴,111年新竹縣議員選舉,首次申報,1111124,人事費用支出,林招治,G20*******,0.00,6000.00,,,,工資或薪津,金錢,新竹縣竹北市****,,否,,,,,,,
50,鄭美琴,111年新竹縣議員選舉,首次申報,1111124,人事費用支出,范光郎,J10*******,0.00,4500.00,,,,工資或薪津,金錢,新竹縣竹北市****,,否,,,,,,,
51,鄭美琴,111年新竹縣議員選舉,首次申報,1111124,人事費用支出,邱張春李,J20*******,0.00,4000.00,,,,工資或薪津,金錢,新竹縣竹北市****,,否,,,,,,,
52,鄭美琴,111年新竹縣議員選舉,首次申報,1111124,人事費用支出,陳任妹,J20*******,0.00,6000.00,,,,工資或薪津,金錢,新竹縣竹北市****,,否,,,,,,,
53,鄭美琴,111年新竹縣議員選舉,首次申報,1111124,人事費用支出,蘇美蓮,P22*******,0.00,3000.00,,,,工資或薪津,金錢,新竹縣竹北市****,,否,,,,,,,
54,鄭美琴,111年新竹縣議員選舉,首次申報,1111124,人事費用支出,陳明藤,P22*******,0.00,3000.00,,,,工資或薪津,金錢,新竹縣竹北市****,,否,,,,,,,
55,鄭美琴,111年新竹縣議員選舉,首次申報,1111124,人事費用支出,林金碖,R20*******,0.00,4000.00,,,,工資或薪津,金錢,新竹縣竹北市****,,否,,,,,,,
56,鄭美琴,111年新竹縣議員選舉,首次申報,1111125,雜支支出,大成商行,14819946,0.00,7520.00,,,,餐飲費用,金錢,新竹縣竹北市****,,否,,,,,,,
57,鄭美琴,111年新竹縣議員選舉,首次申報,1111125,交通旅運支出,台灣中油竹北站,46038330,0.00,730.00,,,,油資,金錢,,,否,,,,,,,
58,鄭美琴,111年新竹縣議員選舉,首次申報,1111125,人事費用支出,魏妤瑄,J22*******,0.00,8400.00,,,,工資或薪津,金錢,新竹縣竹北市****,,否,,,,,,,
59,鄭美琴,111年新竹縣議員選舉,首次申報,1111125,人事費用支出,章淑琳,V20*******,0.00,10600.00,,,,工資或薪津,金錢,新竹縣竹北市****,,否,,,,,,,
60,鄭美琴,111年新竹縣議員選舉,首次申報,1111126,雜支支出,和發商行,42168439,0.00,1000.00,,,,雜項購置或修繕費用,金錢,新竹縣竹北市****,,否,,,,,,,
61,鄭美琴,111年新竹縣議員選舉,首次申報,1111126,人事費用支出,鄭明義,J10*******,0.00,25800.00,,,,工資或薪津,金錢,新仁和街號和****,,否,,,,,,,
62,鄭美琴,111年新竹縣議員選舉,首次申報,1111126,人事費用支出,李建昌,J12*******,0.00,11250.00,,,,工資或薪津,金錢,新竹縣竹北市****,,否,,,,,,,
