﻿序號,擬參選人／政黨,選舉名稱,申報序號／年度,交易日期,收支科目,捐贈者／支出對象,身分證／統一編號,收入金額,支出金額,捐贈方式,存入專戶日期,返還/繳庫,支出用途,金錢類,地址,聯絡電話,應揭露之支出對象,支出對象之內部人員姓名,支出對象之內部人員職稱,政黨之內部人員姓名,政黨之內部人員職稱,關係,更正註記,資料更正日期
1,劉秋霞,111年桃園市大園區青峰里里長選舉,首次申報,1111018,宣傳支出,福明禮品社,31568330,0.00,24000.00,,,,選舉立旗,金錢,桃園市大園區****,0927*****,否,,,,,,,
2,劉秋霞,111年桃園市大園區青峰里里長選舉,首次申報,1111027,宣傳支出,巨磊印刷品有限公司,16492889,0.00,11100.00,,,,邀請卡、宣傳單,金錢,桃園市大園區****,03-3*****,否,,,,,,,
3,劉秋霞,111年桃園市大園區青峰里里長選舉,首次申報,1111105,宣傳支出,永興食品廠,43765259,0.00,7200.00,,,,麵條,金錢,桃園市大園區****,03-3*****,否,,,,,,,
4,劉秋霞,111年桃園市大園區青峰里里長選舉,首次申報,1111109,宣傳支出,永興食品廠,43765259,0.00,16800.00,,,,麵條,金錢,桃園市大園區****,03-3*****,否,,,,,,,
