﻿序號,擬參選人／政黨,選舉名稱,申報序號／年度,交易日期,收支科目,捐贈者／支出對象,身分證／統一編號,收入金額,支出金額,捐贈方式,存入專戶日期,返還/繳庫,支出用途,金錢類,地址,聯絡電話,應揭露之支出對象,支出對象之內部人員姓名,支出對象之內部人員職稱,政黨之內部人員姓名,政黨之內部人員職稱,關係,更正註記,資料更正日期
1,袁慧心,111年桃園市議員選舉,首次申報,1110831,人事費用支出,李丞穎,H12*******,0.00,15000.00,,,,工資或薪津,金錢,桃園市八德區****,,否,,,,,,,
2,袁慧心,111年桃園市議員選舉,首次申報,1110831,人事費用支出,游文慶,H12*******,0.00,15000.00,,,,工資或薪津,金錢,桃園市桃園區****,,否,,,,,,,
3,袁慧心,111年桃園市議員選舉,首次申報,1110831,人事費用支出,陳育德,Q12*******,0.00,30000.00,,,,工資或薪津,金錢,桃園市桃園區****,,否,,,,,,,
4,袁慧心,111年桃園市議員選舉,首次申報,1110903,雜支支出,銓成五金行,,0.00,1600.00,,,,雜項購置或修繕費用,金錢,桃園市八德區****,,否,,,,,,,
5,袁慧心,111年桃園市議員選舉,首次申報,1110906,雜支支出,全聯福利中心,,0.00,590.00,,,,雜項購置或修繕費用,金錢,桃園市桃園區****,,否,,,,,,,
6,袁慧心,111年桃園市議員選舉,首次申報,1110908,雜支支出,馳森小吃店,,0.00,150.00,,,,餐飲費用,金錢,桃園市桃園區****,03-2*****,否,,,,,,,
7,袁慧心,111年桃園市議員選舉,首次申報,1110909,雜支支出,梁社漢排骨飯,,0.00,325.00,,,,餐飲費用,金錢,桃園市桃園區****,,否,,,,,,,
8,袁慧心,111年桃園市議員選舉,首次申報,1110911,雜支支出,梁社漢排骨飯,,0.00,1192.00,,,,餐飲費用,金錢,桃園市桃園區****,,否,,,,,,,
9,袁慧心,111年桃園市議員選舉,首次申報,1110914,雜支支出,梁社漢排骨飯,,0.00,115.00,,,,餐飲費用,金錢,桃園市桃園區****,,否,,,,,,,
10,袁慧心,111年桃園市議員選舉,首次申報,1110919,雜支支出,國強向陽小吃,,0.00,295.00,,,,餐飲費用,金錢,桃園市桃園區****,,否,,,,,,,
11,袁慧心,111年桃園市議員選舉,首次申報,1110919,人事費用支出,廖英信,N12*******,0.00,26600.00,,,,工資或薪津,金錢,桃園市桃園區****,,否,,,,,,,
12,袁慧心,111年桃園市議員選舉,首次申報,1110921,雜支支出,梁社漢排骨飯,,0.00,195.00,,,,餐飲費用,金錢,桃園市桃園區****,,否,,,,,,,
13,袁慧心,111年桃園市議員選舉,首次申報,1110923,雜支支出,85度C,,0.00,445.00,,,,餐飲費用,金錢,桃園市桃園區****,,否,,,,,,,
14,袁慧心,111年桃園市議員選舉,首次申報,1110927,人事費用支出,嚴亞孟,H12*******,0.00,12000.00,,,,工資或薪津,金錢,桃園市中壢區****,,否,,,,,,,
15,袁慧心,111年桃園市議員選舉,首次申報,1110928,雜支支出,旌寶五金百貨行,,0.00,320.00,,,,雜項購置或修繕費用,金錢,桃園市桃園區****,,否,,,,,,,
16,袁慧心,111年桃園市議員選舉,首次申報,1110930,人事費用支出,游文慶,H12*******,0.00,15000.00,,,,工資或薪津,金錢,桃園市桃園區****,,否,,,,,,,
17,袁慧心,111年桃園市議員選舉,首次申報,1110930,人事費用支出,李丞穎,H12*******,0.00,15000.00,,,,工資或薪津,金錢,桃園市八德區****,,否,,,,,,,
18,袁慧心,111年桃園市議員選舉,首次申報,1110930,人事費用支出,徐翊慈,H22*******,0.00,21000.00,,,,工資或薪津,金錢,桃園市八德區****,,否,,,,,,,
19,袁慧心,111年桃園市議員選舉,首次申報,1110930,人事費用支出,陳育德,Q12*******,0.00,30000.00,,,,工資或薪津,金錢,桃園市桃園區****,,否,,,,,,,
20,袁慧心,111年桃園市議員選舉,首次申報,1111002,雜支支出,可不可熟成紅茶,,0.00,45.00,,,,餐飲費用,金錢,桃園市桃園區****,,否,,,,,,,
21,袁慧心,111年桃園市議員選舉,首次申報,1111002,公共關係費用支出,桃園市嘉義同鄉會,49899109,0.00,2000.00,,,,聯誼交際費用,金錢,桃園市桃園區****,,否,,,,,,,
22,袁慧心,111年桃園市議員選舉,首次申報,1111003,公共關係費用支出,桃園市愛心義剪協會,,0.00,1000.00,,,,聯誼交際費用,金錢,桃園市桃園區****,,否,,,,,,,
23,袁慧心,111年桃園市議員選舉,首次申報,1111004,人事費用支出,譚筱蓉,F22*******,0.00,10000.00,,,,工資或薪津,金錢,桃園市桃園區****,,否,,,,,,,
24,袁慧心,111年桃園市議員選舉,首次申報,1111005,雜支支出,銓成五金行,,0.00,350.00,,,,雜項購置或修繕費用,金錢,桃園市八德區****,,否,,,,,,,
25,袁慧心,111年桃園市議員選舉,首次申報,1111005,雜支支出,陞展百貨商行,,0.00,580.00,,,,文具用品費用,金錢,桃園市平鎮區****,,否,,,,,,,
26,袁慧心,111年桃園市議員選舉,首次申報,1111007,雜支支出,應有盡有商行有限公司,,0.00,520.00,,,,雜項購置或修繕費用,金錢,桃園市中壢區****,,否,,,,,,,
27,袁慧心,111年桃園市議員選舉,首次申報,1111007,雜支支出,鴻振生活館有限公司,,0.00,122.00,,,,文具用品費用,金錢,桃園市中壢區****,,否,,,,,,,
28,袁慧心,111年桃園市議員選舉,首次申報,1111008,雜支支出,玥盛股份有限公司,,0.00,92.00,,,,雜項購置或修繕費用,金錢,桃園市桃園區****,,否,,,,,,,
29,袁慧心,111年桃園市議員選舉,首次申報,1111010,雜支支出,全家便利商店,,0.00,228.00,,,,餐飲費用,金錢,桃園市桃園區****,,否,,,,,,,
30,袁慧心,111年桃園市議員選舉,首次申報,1111011,雜支支出,麵包同話,,0.00,136.00,,,,餐飲費用,金錢,桃園市桃園區****,,否,,,,,,,
31,袁慧心,111年桃園市議員選舉,首次申報,1111012,雜支支出,台西農產,,0.00,173.00,,,,餐飲費用,金錢,桃園市桃園區****,,否,,,,,,,
32,袁慧心,111年桃園市議員選舉,首次申報,1111012,雜支支出,陞展百貨商行,,0.00,834.00,,,,文具用品費用,金錢,桃園市平鎮區****,,否,,,,,,,
33,袁慧心,111年桃園市議員選舉,首次申報,1111013,雜支支出,川德五金股份有限公司,,0.00,425.00,,,,雜項購置或修繕費用,金錢,桃園市桃園區****,,否,,,,,,,
34,袁慧心,111年桃園市議員選舉,首次申報,1111014,雜支支出,全家便利商店,,0.00,205.00,,,,餐飲費用,金錢,桃園市桃園區****,,否,,,,,,,
35,袁慧心,111年桃園市議員選舉,首次申報,1111014,雜支支出,來來擔子麵,,0.00,230.00,,,,餐飲費用,金錢,桃園市桃園區****,,否,,,,,,,
36,袁慧心,111年桃園市議員選舉,首次申報,1111014,雜支支出,齊展商行,,0.00,150.00,,,,雜項購置或修繕費用,金錢,桃園市桃園區****,,否,,,,,,,
37,袁慧心,111年桃園市議員選舉,首次申報,1111017,雜支支出,林家腿庫飯,,0.00,430.00,,,,餐飲費用,金錢,桃園市桃園區****,,否,,,,,,,
38,袁慧心,111年桃園市議員選舉,首次申報,1111018,雜支支出,全家便利商店,,0.00,112.00,,,,餐飲費用,金錢,桃園市桃園區****,,否,,,,,,,
39,袁慧心,111年桃園市議員選舉,首次申報,1111020,雜支支出,台西農產,,0.00,313.00,,,,餐飲費用,金錢,桃園市桃園區****,,否,,,,,,,
40,袁慧心,111年桃園市議員選舉,首次申報,1111021,雜支支出,將文書局,,0.00,160.00,,,,文具用品費用,金錢,桃園市桃園區****,,否,,,,,,,
41,袁慧心,111年桃園市議員選舉,首次申報,1111021,雜支支出,全家便利商店,,0.00,70.00,,,,餐飲費用,金錢,桃園市桃園區****,,否,,,,,,,
42,袁慧心,111年桃園市議員選舉,首次申報,1111021,宣傳支出,大器光電企業社,82041227,0.00,45000.00,,,,租用廣告看板或車體廣告費用,金錢,桃園市桃園區****,,否,,,,,,,
43,袁慧心,111年桃園市議員選舉,首次申報,1111022,雜支支出,全家便利商店,,0.00,45.00,,,,餐飲費用,金錢,桃園市桃園區****,,否,,,,,,,
44,袁慧心,111年桃園市議員選舉,首次申報,1111023,交通旅運支出,全國加油站,,0.00,2000.00,,,,油資,金錢,桃園市桃園區****,,否,,,,,,,
45,袁慧心,111年桃園市議員選舉,首次申報,1111023,雜支支出,陞展百貨商行,,0.00,625.00,,,,雜項購置或修繕費用,金錢,桃園市平鎮區****,,否,,,,,,,
46,袁慧心,111年桃園市議員選舉,首次申報,1111024,雜支支出,齊展商行,,0.00,524.00,,,,雜項購置或修繕費用,金錢,桃園市中壢區****,,否,,,,,,,
47,袁慧心,111年桃園市議員選舉,首次申報,1111025,雜支支出,久豐企業社,,0.00,338.00,,,,文具用品費用,金錢,新北市三重區****,,否,,,,,,,
48,袁慧心,111年桃園市議員選舉,首次申報,1111026,雜支支出,全聯福利中心,,0.00,64.00,,,,雜項購置或修繕費用,金錢,桃園市桃園區****,,否,,,,,,,
49,袁慧心,111年桃園市議員選舉,首次申報,1111026,雜支支出,來電鶯書局,,0.00,25.00,,,,文具用品費用,金錢,桃園市桃園區****,,否,,,,,,,
50,袁慧心,111年桃園市議員選舉,首次申報,1111027,雜支支出,台西農產,,0.00,213.00,,,,餐飲費用,金錢,桃園市桃園區****,,否,,,,,,,
51,袁慧心,111年桃園市議員選舉,首次申報,1111027,雜支支出,鴻儀生活館有限公司,,0.00,407.00,,,,雜項購置或修繕費用,金錢,桃園市桃園區****,,否,,,,,,,
52,袁慧心,111年桃園市議員選舉,首次申報,1111030,人事費用支出,陳谷銘,Q12*******,0.00,30000.00,,,,工資或薪津,金錢,桃園市桃園區****,,否,,,,,,,
53,袁慧心,111年桃園市議員選舉,首次申報,1111031,人事費用支出,李丞穎,H12*******,0.00,15000.00,,,,工資或薪津,金錢,桃園市八德區****,,否,,,,,,,
54,袁慧心,111年桃園市議員選舉,首次申報,1111031,人事費用支出,游文慶,H12*******,0.00,15000.00,,,,工資或薪津,金錢,桃園市桃園區****,,否,,,,,,,
55,袁慧心,111年桃園市議員選舉,首次申報,1111031,人事費用支出,嚴亞孟,H12*******,0.00,30000.00,,,,工資或薪津,金錢,桃園市中壢區****,,否,,,,,,,
56,袁慧心,111年桃園市議員選舉,首次申報,1111031,人事費用支出,徐翊慈,H22*******,0.00,20000.00,,,,工資或薪津,金錢,桃園市八德區****,,否,,,,,,,
57,袁慧心,111年桃園市議員選舉,首次申報,1111031,人事費用支出,陳育德,Q12*******,0.00,30000.00,,,,工資或薪津,金錢,桃園市桃園區****,,否,,,,,,,
58,袁慧心,111年桃園市議員選舉,首次申報,1111101,宣傳支出,北泰廣告社,,0.00,4000.00,,,,製作競選物品或宣傳廣告費用（帆布廣告）,金錢,桃園市桃園區****,,否,,,,,,,
59,袁慧心,111年桃園市議員選舉,首次申報,1111101,宣傳支出,北泰廣告社,,0.00,4000.00,,,,製作競選物品或宣傳廣告費用（帆布廣告）,金錢,桃園市桃園區****,,否,,,,,,,
60,袁慧心,111年桃園市議員選舉,首次申報,1111101,宣傳支出,北泰廣告社,,0.00,4000.00,,,,製作競選物品或宣傳廣告費用（帆布廣告）,金錢,桃園市桃園區****,,否,,,,,,,
61,袁慧心,111年桃園市議員選舉,首次申報,1111101,宣傳支出,北泰廣告社,,0.00,4000.00,,,,製作競選物品或宣傳廣告費用（帆布廣告）,金錢,桃園市桃園區****,,否,,,,,,,
62,袁慧心,111年桃園市議員選舉,首次申報,1111101,宣傳支出,北泰廣告社,,0.00,4000.00,,,,製作競選物品或宣傳廣告費用（帆布廣告）,金錢,桃園市桃園區****,,否,,,,,,,
63,袁慧心,111年桃園市議員選舉,首次申報,1111102,人事費用支出,譚筱蓉,F22*******,0.00,15000.00,,,,工資或薪津,金錢,桃園市桃園區****,,否,,,,,,,
64,袁慧心,111年桃園市議員選舉,首次申報,1111105,雜支支出,合歡港式燒臘快餐店,,0.00,245.00,,,,餐飲費用,金錢,桃園市桃園區****,,否,,,,,,,
65,袁慧心,111年桃園市議員選舉,首次申報,1111107,雜支支出,合歡港式燒臘快餐店,,0.00,515.00,,,,餐飲費用,金錢,桃園市桃園區****,,否,,,,,,,
66,袁慧心,111年桃園市議員選舉,首次申報,1111108,雜支支出,劉媽媽嘉義火雞肉飯,,0.00,1300.00,,,,餐飲費用,金錢,桃園市桃園區****,,否,,,,,,,
67,袁慧心,111年桃園市議員選舉,首次申報,1111108,雜支支出,寬記香鋪,,0.00,550.00,,,,雜項購置或修繕費用,金錢,桃園市桃園區****,,否,,,,,,,
68,袁慧心,111年桃園市議員選舉,首次申報,1111109,雜支支出,星光牛肉麵店,,0.00,180.00,,,,餐飲費用,金錢,桃園市桃園區****,,否,,,,,,,
69,袁慧心,111年桃園市議員選舉,首次申報,1111110,雜支支出,燦坤,,0.00,238.00,,,,雜項購置或修繕費用,金錢,桃園市桃園區****,,否,,,,,,,
70,袁慧心,111年桃園市議員選舉,首次申報,1111110,雜支支出,旌寶五金百貨行,,0.00,90.00,,,,文具用品費用,金錢,桃園市桃園區****,,否,,,,,,,
71,袁慧心,111年桃園市議員選舉,首次申報,1111111,雜支支出,全家便利商店,,0.00,98.00,,,,餐飲費用,金錢,桃園市桃園區****,,否,,,,,,,
72,袁慧心,111年桃園市議員選舉,首次申報,1111112,雜支支出,好朋友有限公司,,0.00,350.00,,,,文具用品費用,金錢,桃園市桃園區****,,否,,,,,,,
73,袁慧心,111年桃園市議員選舉,首次申報,1111112,雜支支出,鴻儀生活館有限公司,,0.00,449.00,,,,雜項購置或修繕費用,金錢,桃園市桃園區****,,否,,,,,,,
74,袁慧心,111年桃園市議員選舉,首次申報,1111112,雜支支出,正一排骨桃園總店,,0.00,420.00,,,,餐飲費用,金錢,桃園市桃園區****,,否,,,,,,,
75,袁慧心,111年桃園市議員選舉,首次申報,1111113,宣傳支出,大金旗幟商行,82041227,0.00,30000.00,,,,製作競選物品或宣傳廣告費用（PP版）,金錢,桃園市桃園區****,,否,,,,,,,
76,袁慧心,111年桃園市議員選舉,首次申報,1111113,人事費用支出,趙健鈴,H12*******,0.00,3000.00,,,,工資或薪津,金錢,桃園市桃園區****,,否,,,,,,,
77,袁慧心,111年桃園市議員選舉,首次申報,1111113,人事費用支出,吳振蓉,H20*******,0.00,1000.00,,,,工資或薪津,金錢,桃園市桃園區****,,否,,,,,,,
78,袁慧心,111年桃園市議員選舉,首次申報,1111113,人事費用支出,劉瑞珍,J20*******,0.00,6000.00,,,,工資或薪津,金錢,桃園市桃園區****,,否,,,,,,,
79,袁慧心,111年桃園市議員選舉,首次申報,1111113,人事費用支出,呂吉滕,S10*******,0.00,3000.00,,,,工資或薪津,金錢,桃園市桃園區****,,否,,,,,,,
80,袁慧心,111年桃園市議員選舉,首次申報,1111114,雜支支出,四海遊龍,,0.00,700.00,,,,餐飲費用,金錢,桃園市桃園區****,,否,,,,,,,
81,袁慧心,111年桃園市議員選舉,首次申報,1111115,雜支支出,進福港式燒臘店,,0.00,700.00,,,,餐飲費用,金錢,桃園市桃園區****,,否,,,,,,,
82,袁慧心,111年桃園市議員選舉,首次申報,1111115,雜支支出,卓家龍安食堂,,0.00,990.00,,,,餐飲費用,金錢,桃園市桃園區****,,否,,,,,,,
83,袁慧心,111年桃園市議員選舉,首次申報,1111115,雜支支出,齊展商行,,0.00,190.00,,,,文具用品費用,金錢,桃園市桃園區****,,否,,,,,,,
84,袁慧心,111年桃園市議員選舉,首次申報,1111115,雜支支出,全家便利商店,,0.00,280.00,,,,餐飲費用,金錢,桃園市桃園區****,,否,,,,,,,
85,袁慧心,111年桃園市議員選舉,首次申報,1111116,雜支支出,合順園冰城,,0.00,400.00,,,,餐飲費用,金錢,桃園市桃園區****,,否,,,,,,,
86,袁慧心,111年桃園市議員選舉,首次申報,1111116,交通旅運支出,全國加油站,,0.00,90.00,,,,油資,金錢,桃園市桃園區****,,否,,,,,,,
87,袁慧心,111年桃園市議員選舉,首次申報,1111117,雜支支出,好朋友有限公司,,0.00,500.00,,,,雜項購置或修繕費用,金錢,桃園市桃園區****,,否,,,,,,,
88,袁慧心,111年桃園市議員選舉,首次申報,1111118,交通旅運支出,台亞石油加油站,,0.00,1000.00,,,,油資,金錢,桃園市龜山區****,,否,,,,,,,
89,袁慧心,111年桃園市議員選舉,首次申報,1111118,雜支支出,雙龍食品店,,0.00,900.00,,,,餐飲費用,金錢,桃園市桃園區****,,否,,,,,,,
90,袁慧心,111年桃園市議員選舉,首次申報,1111119,雜支支出,好朋友有限公司,,0.00,225.00,,,,雜項購置或修繕費用,金錢,桃園市桃園區****,,否,,,,,,,
91,袁慧心,111年桃園市議員選舉,首次申報,1111119,雜支支出,燦坤,,0.00,238.00,,,,雜項購置或修繕費用,金錢,桃園市桃園區****,,否,,,,,,,
92,袁慧心,111年桃園市議員選舉,首次申報,1111119,交通旅運支出,全家宏加油站,,0.00,570.00,,,,油資,金錢,桃園市桃園區****,,否,,,,,,,
93,袁慧心,111年桃園市議員選舉,首次申報,1111120,雜支支出,大南平小吃便當,,0.00,1500.00,,,,餐飲費用,金錢,桃園市桃園區****,,否,,,,,,,
94,袁慧心,111年桃園市議員選舉,首次申報,1111121,雜支支出,合歡港式燒臘快餐店,,0.00,155.00,,,,餐飲費用,金錢,桃園市桃園區****,,否,,,,,,,
95,袁慧心,111年桃園市議員選舉,首次申報,1111121,雜支支出,粒豐飲食店,,0.00,300.00,,,,餐飲費用,金錢,桃園市桃園區****,,否,,,,,,,
96,袁慧心,111年桃園市議員選舉,首次申報,1111121,雜支支出,粒豐飲食店,,0.00,95.00,,,,餐飲費用,金錢,桃園市桃園區****,,否,,,,,,,
97,袁慧心,111年桃園市議員選舉,首次申報,1111121,交通旅運支出,昇捷建設股份有限公司,,0.00,30.00,,,,停車費,金錢,桃園市桃園區****,,否,,,,,,,
98,袁慧心,111年桃園市議員選舉,首次申報,1111121,交通旅運支出,立特事業有限公司,,0.00,45.00,,,,停車費,金錢,桃園市桃園區****,,否,,,,,,,
99,袁慧心,111年桃園市議員選舉,首次申報,1111122,交通旅運支出,昇捷建設股份有限公司,,0.00,90.00,,,,停車費,金錢,桃園市桃園區****,,否,,,,,,,
100,袁慧心,111年桃園市議員選舉,首次申報,1111122,交通旅運支出,昇捷建設股份有限公司,,0.00,75.00,,,,停車費,金錢,桃園市桃園區****,,否,,,,,,,
101,袁慧心,111年桃園市議員選舉,首次申報,1111122,交通旅運支出,昇捷建設股份有限公司,,0.00,210.00,,,,停車費,金錢,桃園市桃園區****,,否,,,,,,,
102,袁慧心,111年桃園市議員選舉,首次申報,1111122,交通旅運支出,寶慶加油站,,0.00,1000.00,,,,油資,金錢,桃園市桃園區****,,否,,,,,,,
103,袁慧心,111年桃園市議員選舉,首次申報,1111122,雜支支出,卓家龍安食堂,,0.00,990.00,,,,餐飲費用,金錢,桃園市桃園區****,,否,,,,,,,
104,袁慧心,111年桃園市議員選舉,首次申報,1111123,交通旅運支出,立特事業有限公司,,0.00,30.00,,,,停車費,金錢,桃園市桃園區****,,否,,,,,,,
105,袁慧心,111年桃園市議員選舉,首次申報,1111123,交通旅運支出,日月亭股份有限公司,,0.00,315.00,,,,停車費,金錢,桃園市桃園區****,,否,,,,,,,
106,袁慧心,111年桃園市議員選舉,首次申報,1111123,雜支支出,新志祥商行,,0.00,300.00,,,,雜項購置或修繕費用,金錢,桃園市桃園區****,,否,,,,,,,
107,袁慧心,111年桃園市議員選舉,首次申報,1111123,交通旅運支出,全國加油站,,0.00,300.00,,,,油資,金錢,桃園市桃園區****,,否,,,,,,,
108,袁慧心,111年桃園市議員選舉,首次申報,1111123,交通旅運支出,北基朝陽加油站,,0.00,500.00,,,,油資,金錢,桃園市桃園區****,,否,,,,,,,
109,袁慧心,111年桃園市議員選舉,首次申報,1111123,交通旅運支出,北基朝陽加油站,,0.00,574.00,,,,油資,金錢,桃園市桃園區****,,否,,,,,,,
110,袁慧心,111年桃園市議員選舉,首次申報,1111124,宣傳支出,報社,,0.00,10000.00,,,,播放、傳送或刊登宣傳廣告費用,金錢,桃園市桃園區****,,否,,,,,,,
111,袁慧心,111年桃園市議員選舉,首次申報,1111125,交通旅運支出,全方位文中站,,0.00,30.00,,,,停車費,金錢,桃園市桃園區****,,否,,,,,,,
112,袁慧心,111年桃園市議員選舉,首次申報,1111125,交通旅運支出,昇捷建設股份有限公司,,0.00,40.00,,,,停車費,金錢,桃園市桃園區****,,否,,,,,,,
113,袁慧心,111年桃園市議員選舉,首次申報,1111125,交通旅運支出,昇捷建設股份有限公司,,0.00,45.00,,,,停車費,金錢,桃園市桃園區****,,否,,,,,,,
114,袁慧心,111年桃園市議員選舉,首次申報,1111128,宣傳支出,北泰廣告社,,0.00,3000.00,,,,製作競選物品或宣傳廣告費用（帆布廣告）,金錢,桃園市桃園區****,,否,,,,,,,
115,袁慧心,111年桃園市議員選舉,首次申報,1111128,人事費用支出,譚筱蓉,F22*******,0.00,15000.00,,,,工資或薪津,金錢,桃園市桃園區****,,否,,,,,,,
116,袁慧心,111年桃園市議員選舉,首次申報,1111128,人事費用支出,嚴亞孟,H12*******,0.00,30000.00,,,,工資或薪津,金錢,桃園市中壢區****,,否,,,,,,,
117,袁慧心,111年桃園市議員選舉,首次申報,1111130,人事費用支出,游文慶,H12*******,0.00,15000.00,,,,工資或薪津,金錢,桃園市桃園區****,,否,,,,,,,
118,袁慧心,111年桃園市議員選舉,首次申報,1111130,人事費用支出,李丞穎,H12*******,0.00,15000.00,,,,工資或薪津,金錢,桃園市八德區****,,否,,,,,,,
119,袁慧心,111年桃園市議員選舉,首次申報,1111130,人事費用支出,徐翊慈,H22*******,0.00,30000.00,,,,工資或薪津,金錢,桃園市八德區****,,否,,,,,,,
120,袁慧心,111年桃園市議員選舉,首次申報,1111130,人事費用支出,陳育德,Q12*******,0.00,30000.00,,,,工資或薪津,金錢,桃園市桃園區****,,否,,,,,,,
121,袁慧心,111年桃園市議員選舉,首次申報,1120222,返還捐贈支出,東森警備保全股份有限公司,28639917,0.00,10000.00,,,,返還,金錢,桃園市中壢區****,,否,,,,,,,
122,袁慧心,111年桃園市議員選舉,首次申報,1120222,返還捐贈支出,萬安國際保全(股)公司,53506268,0.00,12000.00,,,,返還,金錢,臺南市北區北****,,否,,,,,,,
