﻿序號,擬參選人／政黨,選舉名稱,申報序號／年度,交易日期,收支科目,捐贈者／支出對象,身分證／統一編號,收入金額,支出金額,支出用途,金錢類,地址,聯絡電話,資料更正日期
1,陳冠宇,107年鄉(鎮、市)民代表選舉,首次申報,1070827,個人捐贈收入,王浩宇,O10*******,50000.00,0.00,,金錢,桃園市中壢區****,0988*****,
2,陳冠宇,107年鄉(鎮、市)民代表選舉,首次申報,1070914,匿名捐贈,匿名,,147.00,0.00,,金錢,,,
3,陳冠宇,107年鄉(鎮、市)民代表選舉,首次申報,1070918,個人捐贈收入,黃建瑞,,3000.00,0.00,,金錢,新竹縣竹北市****,0912*****,
4,陳冠宇,107年鄉(鎮、市)民代表選舉,首次申報,1071221,其他收入,利息收入,,1.00,0.00,,金錢,,,
