﻿序號,擬參選人／政黨,選舉名稱,申報序號／年度,交易日期,收支科目,捐贈者／支出對象,身分證／統一編號,收入金額,支出金額,支出用途,金錢類,地址,聯絡電話,資料更正日期
1,顏聖冠,107年直轄市議員選舉,首次申報,1070511,人事費用支出,黃世豪,P12*******,0.00,20000.00,工資,金錢,臺北市萬華區****,,
2,顏聖冠,107年直轄市議員選舉,首次申報,1070516,宣傳支出,金鑽廣告社,90928347,0.00,85800.00,租用廣告看板或車體廣告支出,金錢,新北市汐止區****,2361*****,
3,顏聖冠,107年直轄市議員選舉,首次申報,1070517,雜支支出,吉士美食品行,83939381,0.00,600.00,餐飲費用,金錢,,,
4,顏聖冠,107年直轄市議員選舉,首次申報,1070519,雜支支出,霸王川菜餐廳股份有限公司,07642676,0.00,16467.00,餐飲費用,金錢,,,
5,顏聖冠,107年直轄市議員選舉,首次申報,1070520,宣傳支出,金鑽廣告社,90928347,0.00,51710.00,租用廣告看板或車體廣告支出,金錢,新北市汐止區****,02-2*****,
6,顏聖冠,107年直轄市議員選舉,首次申報,1070520,人事費用支出,王耀宗,A13*******,0.00,3600.00,工資或薪津,金錢,臺北市萬華區****,0938*****,
7,顏聖冠,107年直轄市議員選舉,首次申報,1070525,雜支支出,凱都食品有限公司,42690512,0.00,620.00,餐飲費用,金錢,,,
8,顏聖冠,107年直轄市議員選舉,首次申報,1070527,交通旅運支出,台灣中油股份有限公司,01802133,0.00,1007.00,油資,金錢,,,
9,顏聖冠,107年直轄市議員選舉,首次申報,1070530,人事費用支出,白友義,A11*******,0.00,8800.00,工資,金錢,臺北市萬華區****,0926*****,
10,顏聖冠,107年直轄市議員選舉,首次申報,1070530,人事費用支出,吳仁寶,A12*******,0.00,2200.00,工資,金錢,臺北市萬華區****,0939*****,
11,顏聖冠,107年直轄市議員選舉,首次申報,1070530,人事費用支出,王瑞賓,A12*******,0.00,4800.00,工資,金錢,臺北市萬華區****,0917*****,
12,顏聖冠,107年直轄市議員選舉,首次申報,1070530,人事費用支出,張國城,A12*******,0.00,2400.00,工資,金錢,新北市中和區****,0933*****,
13,顏聖冠,107年直轄市議員選舉,首次申報,1070530,人事費用支出,王義銘,F12*******,0.00,2400.00,工資,金錢,臺北市萬華區****,,
14,顏聖冠,107年直轄市議員選舉,首次申報,1070531,交通旅運支出,台灣中油股份有限公司,01490119,0.00,1000.00,油資,金錢,,,
15,顏聖冠,107年直轄市議員選舉,首次申報,1070531,雜支支出,新合發糕餅行,15383602,0.00,18900.00,餐飲費用,金錢,臺北市萬華區****,02-2*****,
16,顏聖冠,107年直轄市議員選舉,首次申報,1070531,宣傳支出,金鑽廣告社,90928347,0.00,55350.00,租用廣告看板或車體廣告支出,金錢,新北市汐止區****,02-2*****,
17,顏聖冠,107年直轄市議員選舉,首次申報,1070531,集會支出,黃世豪,P12*******,0.00,20000.00,租用場地支出,金錢,臺北市萬華區****,02-2*****,
18,顏聖冠,107年直轄市議員選舉,首次申報,1070601,人事費用支出,鍾朝雄,A10*******,0.00,35000.00,因工作酬勞之給付,金錢,臺北市大安區****,0925*****,
19,顏聖冠,107年直轄市議員選舉,首次申報,1070601,人事費用支出,鄭朝貴,A12*******,0.00,34000.00,因工作酬勞之給付,金錢,臺北市萬華區****,0920*****,
20,顏聖冠,107年直轄市議員選舉,首次申報,1070601,人事費用支出,陳宥翔,A12*******,0.00,34000.00,因工作酬勞之給付,金錢,臺北市萬華區****,0920*****,
21,顏聖冠,107年直轄市議員選舉,首次申報,1070601,人事費用支出,黃彥傑,A12*******,0.00,30000.00,因工作酬勞之給付,金錢,臺北市萬華區****,,
22,顏聖冠,107年直轄市議員選舉,首次申報,1070601,人事費用支出,邱詩音,N22*******,0.00,25000.00,因工作酬勞之給付,金錢,臺北市萬華區****,,
23,顏聖冠,107年直轄市議員選舉,首次申報,1070601,人事費用支出,顏廖千惠,P20*******,0.00,32000.00,工資或薪津,金錢,臺北市中正區****,2396*****,
24,顏聖冠,107年直轄市議員選舉,首次申報,1070604,公共關係費用支出,富邦媒體科技股份有限公司,27365925,0.00,2097.00,聯誼交際費用,金錢,臺北市內湖區****,,
25,顏聖冠,107年直轄市議員選舉,首次申報,1070605,宣傳支出,金鑽廣告社,90928347,0.00,69220.00,租用廣告看板或車體廣告支出,金錢,新北市汐止區****,02-2*****,
26,顏聖冠,107年直轄市議員選舉,首次申報,1070610,交通旅運支出,台灣中油股份有限公司,77144976,0.00,1030.00,油資,金錢,,,
27,顏聖冠,107年直轄市議員選舉,首次申報,1070611,人事費用支出,黃世豪,P12*******,0.00,20000.00,工資,金錢,臺北市萬華區****,,
28,顏聖冠,107年直轄市議員選舉,首次申報,1070612,宣傳支出,金鑽廣告社,90928347,0.00,64670.00,租用廣告看板或車體廣告支出,金錢,新北市汐止區****,02-2*****,
29,顏聖冠,107年直轄市議員選舉,首次申報,1070613,雜支支出,統一生活事業股份有限公司,89589328,0.00,654.00,枇杷軟喉糖等,金錢,,,
30,顏聖冠,107年直轄市議員選舉,首次申報,1070615,交通旅運支出,台灣中油股份有限公司,01802160,0.00,993.00,油資,金錢,,,
31,顏聖冠,107年直轄市議員選舉,首次申報,1070615,雜支支出,膳亨企業有限公司,27740529,0.00,120.00,餐飲費用,金錢,,,
32,顏聖冠,107年直轄市議員選舉,首次申報,1070615,雜支支出,千荷田有限公司,28713850,0.00,609.00,餐飲費用,金錢,,,
33,顏聖冠,107年直轄市議員選舉,首次申報,1070616,雜支支出,富邦媒體科技股份有限公司,27365925,0.00,1023.00,餐飲費用,金錢,臺北市內湖區****,,
34,顏聖冠,107年直轄市議員選舉,首次申報,1070620,交通旅運支出,台灣中油股份有限公司,01113283,0.00,997.00,油資,金錢,,,
35,顏聖冠,107年直轄市議員選舉,首次申報,1070620,雜支支出,愛說話眼鏡有限公司,42681507,0.00,350.00,雜項購置或修繕費用,金錢,,,
36,顏聖冠,107年直轄市議員選舉,首次申報,1070620,雜支支出,7-ELEVEN,53650143,0.00,110.00,餐飲費用,金錢,,,
37,顏聖冠,107年直轄市議員選舉,首次申報,1070621,雜支支出,富邦媒體科技股份有限公司,27365925,0.00,980.00,餐飲費用,金錢,臺北市內湖區****,,
38,顏聖冠,107年直轄市議員選舉,首次申報,1070621,公共關係費用支出,富邦媒體科技股份有限公司,27365925,0.00,14976.00,聯誼交際費用,金錢,臺北市內湖區****,,
39,顏聖冠,107年直轄市議員選舉,首次申報,1070621,雜支支出,富邦媒體科技股份有限公司,27365925,0.00,947.00,餐飲費用,金錢,臺北市內湖區****,,
40,顏聖冠,107年直轄市議員選舉,首次申報,1070621,公共關係費用支出,富邦媒體科技股份有限公司,27365925,0.00,6656.00,聯誼交際費用,金錢,臺北市內湖區****,,
41,顏聖冠,107年直轄市議員選舉,首次申報,1070623,雜支支出,青草地食品有限公司,53107797,0.00,670.00,餐飲費用,金錢,,,
42,顏聖冠,107年直轄市議員選舉,首次申報,1070625,雜支支出,青草地食品有限公司,53107797,0.00,450.00,餐飲費用,金錢,,,
43,顏聖冠,107年直轄市議員選舉,首次申報,1070625,雜支支出,中華電信股份有限公司,81691784,0.00,823.00,電信費用,金錢,,123*****,
44,顏聖冠,107年直轄市議員選舉,首次申報,1070625,雜支支出,中華電信股份有限公司,81691784,0.00,2062.00,電信費用,金錢,,123*****,
45,顏聖冠,107年直轄市議員選舉,首次申報,1070625,雜支支出,中華電信股份有限公司,81691784,0.00,1802.00,電信費用,金錢,,123*****,
46,顏聖冠,107年直轄市議員選舉,首次申報,1070625,雜支支出,中華電信股份有限公司,81691784,0.00,943.00,電信費用,金錢,,123*****,
47,顏聖冠,107年直轄市議員選舉,首次申報,1070627,雜支支出,7-ELEVEN,27949983,0.00,90.00,餐飲費用,金錢,,,
48,顏聖冠,107年直轄市議員選舉,首次申報,1070628,交通旅運支出,台灣中油股份有限公司,77144976,0.00,292.00,油資,金錢,,,
49,顏聖冠,107年直轄市議員選舉,首次申報,1070628,交通旅運支出,台灣中油股份有限公司,77144976,0.00,960.00,油資,金錢,,,
50,顏聖冠,107年直轄市議員選舉,首次申報,1070628,宣傳支出,金鑽廣告社,90928347,0.00,51000.00,租用廣告看板或車體廣告支出,金錢,新北市汐止區****,02-2*****,
51,顏聖冠,107年直轄市議員選舉,首次申報,1070629,宣傳支出,中華郵政股份有限公司,,0.00,88.00,郵寄競選物品或宣傳廣告支出,金錢,,,
52,顏聖冠,107年直轄市議員選舉,首次申報,1070629,宣傳支出,中華郵政股份有限公司,4137838,0.00,88.00,郵寄競選物品或宣傳廣告支出,金錢,,,
53,顏聖冠,107年直轄市議員選舉,首次申報,1070629,交通旅運支出,台灣中油股份有限公司,77144976,0.00,194.00,油資,金錢,,,
54,顏聖冠,107年直轄市議員選舉,首次申報,1070630,交通旅運支出,台灣中油股份有限公司,01606300,0.00,486.00,油資,金錢,,,
55,顏聖冠,107年直轄市議員選舉,首次申報,1070630,雜支支出,新合發糕餅行,15383602,0.00,17100.00,餐飲費用,金錢,臺北市萬華區****,02-2*****,
56,顏聖冠,107年直轄市議員選舉,首次申報,1070630,集會支出,黃世豪,P12*******,0.00,20000.00,租用場地支出,金錢,臺北市萬華區****,02-2*****,
57,顏聖冠,107年直轄市議員選舉,首次申報,1070701,人事費用支出,鍾朝雄,A10*******,0.00,35000.00,因工作酬勞之給付,金錢,臺北市大安區****,0925*****,
58,顏聖冠,107年直轄市議員選舉,首次申報,1070701,人事費用支出,鄭朝貴,A12*******,0.00,34000.00,因工作酬勞之給付,金錢,臺北市萬華區****,,
59,顏聖冠,107年直轄市議員選舉,首次申報,1070701,人事費用支出,陳宥翔,A12*******,0.00,34000.00,因工作酬勞之給付,金錢,臺北市萬華區****,,
60,顏聖冠,107年直轄市議員選舉,首次申報,1070701,人事費用支出,黃彥傑,A12*******,0.00,30000.00,因工作酬勞之給付,金錢,臺北市萬華區****,,
61,顏聖冠,107年直轄市議員選舉,首次申報,1070701,人事費用支出,邱詩音,N22*******,0.00,25000.00,因工作酬勞之給付,金錢,臺北市萬華區****,,
62,顏聖冠,107年直轄市議員選舉,首次申報,1070701,人事費用支出,顏廖千惠,P20*******,0.00,32000.00,工資或薪津,金錢,臺北市中正區****,2396*****,
63,顏聖冠,107年直轄市議員選舉,首次申報,1070706,宣傳支出,中華郵政股份有限公司,4137838,0.00,80.00,郵寄競選物品或宣傳廣告支出,金錢,,,
64,顏聖冠,107年直轄市議員選舉,首次申報,1070706,宣傳支出,金鑽廣告社,90928347,0.00,51860.00,租用廣告看板或車體廣告支出,金錢,新北市汐止區****,02-2*****,
65,顏聖冠,107年直轄市議員選舉,首次申報,1070708,雜支支出,佳瑪進口精品生活館,54848427,0.00,538.00,雜項購置或修繕費用,金錢,,,
66,顏聖冠,107年直轄市議員選舉,首次申報,1070709,雜支支出,梅摩睿有限公司,42706303,0.00,106.00,餐飲費用,金錢,,,
67,顏聖冠,107年直轄市議員選舉,首次申報,1070711,雜支支出,梅摩睿有限公司,42706303,0.00,106.00,餐飲費用,金錢,,,
68,顏聖冠,107年直轄市議員選舉,首次申報,1070711,人事費用支出,黃世豪,P12*******,0.00,20000.00,工資,金錢,臺北市萬華區****,,
69,顏聖冠,107年直轄市議員選舉,首次申報,1070719,雜支支出,7-ELEVEN,27949983,0.00,35.00,餐飲費用,金錢,,,
70,顏聖冠,107年直轄市議員選舉,首次申報,1070719,雜支支出,7-ELEVEN,27949983,0.00,92.00,餐飲費用,金錢,,,
71,顏聖冠,107年直轄市議員選舉,首次申報,1070719,雜支支出,許燕斌手作烘焙,42706303,0.00,106.00,餐飲費用,金錢,,,
72,顏聖冠,107年直轄市議員選舉,首次申報,1070719,雜支支出,7-ELEVEN,53650143,0.00,699.00,餐飲費用,金錢,,,
73,顏聖冠,107年直轄市議員選舉,首次申報,1070719,交通旅運支出,台灣中油股份有限公司,77144976,0.00,141.00,油資,金錢,,,
74,顏聖冠,107年直轄市議員選舉,首次申報,1070719,雜支支出,億萬里股份有限公司,84127283,0.00,249.00,雜項購置或修繕費用,金錢,,,
75,顏聖冠,107年直轄市議員選舉,首次申報,1070722,宣傳支出,金鑽廣告社,90928347,0.00,63860.00,租用廣告看板或車體廣告支出,金錢,新北市汐止區****,02-2*****,
76,顏聖冠,107年直轄市議員選舉,首次申報,1070725,交通旅運支出,正好停股份有限公司,42552150,0.00,60.00,停車費,金錢,,,
77,顏聖冠,107年直轄市議員選舉,首次申報,1070725,雜支支出,中華電信股份有限公司,81691784,0.00,504.00,電信費用,金錢,,123*****,
78,顏聖冠,107年直轄市議員選舉,首次申報,1070725,雜支支出,中華電信股份有限公司,81691784,0.00,857.00,電信費用,金錢,,123*****,
79,顏聖冠,107年直轄市議員選舉,首次申報,1070725,雜支支出,中華電信股份有限公司,81691784,0.00,1879.00,電信費用,金錢,,123*****,
80,顏聖冠,107年直轄市議員選舉,首次申報,1070725,雜支支出,中華電信股份有限公司,81691784,0.00,1951.00,電信費用,金錢,,123*****,
81,顏聖冠,107年直轄市議員選舉,首次申報,1070725,返還支出,朱清泉,A10*******,0.00,16800.00,返還,金錢,臺北市萬華區****,0955*****,
82,顏聖冠,107年直轄市議員選舉,首次申報,1070726,租用競選辦事處支出,張惠芳,A20*******,0.00,200000.00,房屋租賃契約與支出證明單 ( --至-- ),金錢,臺北市萬華區****,2382*****,
83,顏聖冠,107年直轄市議員選舉,首次申報,1070727,雜支支出,統一生活事業股份有限公司,89608486,0.00,100.00,雜項購置或修繕費用,金錢,,,
84,顏聖冠,107年直轄市議員選舉,首次申報,1070729,宣傳支出,金鑽廣告社,90928347,0.00,59714.00,租用廣告看板或車體廣告支出,金錢,新北市汐止區****,02-2*****,
85,顏聖冠,107年直轄市議員選舉,首次申報,1070731,雜支支出,新合發糕餅行,15383602,0.00,23100.00,餐飲費用,金錢,臺北市萬華區****,2306*****,
86,顏聖冠,107年直轄市議員選舉,首次申報,1070731,雜支支出,7-ELEVEN,27949983,0.00,92.00,餐飲費用,金錢,,,
87,顏聖冠,107年直轄市議員選舉,首次申報,1070731,交通旅運支出,台灣中油股份有限公司,77144976,0.00,486.00,油資,金錢,,,
88,顏聖冠,107年直轄市議員選舉,首次申報,1070731,集會支出,黃世豪,P12*******,0.00,20000.00,租用場地支出,金錢,臺北市萬華區****,02-2*****,
89,顏聖冠,107年直轄市議員選舉,首次申報,1070801,雜支支出,韻宇有限公司,23315164,0.00,1780.00,雜項購置或修繕費用,金錢,,,
90,顏聖冠,107年直轄市議員選舉,首次申報,1070801,人事費用支出,鍾朝雄,A10*******,0.00,35000.00,因工作酬勞之給付,金錢,臺北市大安區****,0925*****,
91,顏聖冠,107年直轄市議員選舉,首次申報,1070801,人事費用支出,鄭朝貴,A12*******,0.00,34000.00,因工作酬勞之給付,金錢,臺北市萬華區****,0920*****,
92,顏聖冠,107年直轄市議員選舉,首次申報,1070801,人事費用支出,陳宥翔,A12*******,0.00,34000.00,因工作酬勞之給付,金錢,臺北市萬華區****,0920*****,
93,顏聖冠,107年直轄市議員選舉,首次申報,1070801,人事費用支出,黃彥傑,A12*******,0.00,30000.00,其他因工作酬勞之給付,金錢,臺北市萬華區****,0930*****,
94,顏聖冠,107年直轄市議員選舉,首次申報,1070801,人事費用支出,邱詩音,N22*******,0.00,25000.00,因工作酬勞之給付,金錢,臺北市萬華區****,0963*****,
95,顏聖冠,107年直轄市議員選舉,首次申報,1070801,人事費用支出,顏廖千惠,P20*******,0.00,32000.00,工資或薪津,金錢,臺北市中正區****,2396*****,
96,顏聖冠,107年直轄市議員選舉,首次申報,1070802,交通旅運支出,台灣中油股份有限公司,77144976,0.00,972.00,油資,金錢,,,
97,顏聖冠,107年直轄市議員選舉,首次申報,1070804,雜支支出,7-ELEVEN,16432927,0.00,95.00,餐飲費用,金錢,,,
98,顏聖冠,107年直轄市議員選舉,首次申報,1070804,雜支支出,統一生活事業股份有限公司,28690786,0.00,319.00,雜項購置或修繕費用,金錢,,,
99,顏聖冠,107年直轄市議員選舉,首次申報,1070805,交通旅運支出,台灣中油股份有限公司,77144976,0.00,486.00,油資,金錢,,,
100,顏聖冠,107年直轄市議員選舉,首次申報,1070807,交通旅運支出,台灣中油股份有限公司,77144976,0.00,491.00,油資,金錢,,,
101,顏聖冠,107年直轄市議員選舉,首次申報,1070808,交通旅運支出,台灣中油股份有限公司,77144976,0.00,486.00,油資,金錢,,,
102,顏聖冠,107年直轄市議員選舉,首次申報,1070808,交通旅運支出,台灣中油股份有限公司,77144976,0.00,170.00,油資,金錢,,,
103,顏聖冠,107年直轄市議員選舉,首次申報,1070810,交通旅運支出,台灣中油股份有限公司,77144976,0.00,486.00,油資,金錢,,,
104,顏聖冠,107年直轄市議員選舉,首次申報,1070811,交通旅運支出,台灣中油股份有限公司,77144976,0.00,970.00,油資,金錢,,,
105,顏聖冠,107年直轄市議員選舉,首次申報,1070811,人事費用支出,黃世豪,P12*******,0.00,20000.00,工資,金錢,臺北市萬華區****,,
106,顏聖冠,107年直轄市議員選舉,首次申報,1070812,交通旅運支出,台灣中油股份有限公司,01391315,0.00,972.00,油資,金錢,,,
107,顏聖冠,107年直轄市議員選舉,首次申報,1070814,交通旅運支出,台灣中油股份有限公司,77144976,0.00,486.00,油資,金錢,,,
108,顏聖冠,107年直轄市議員選舉,首次申報,1070815,交通旅運支出,台灣中油股份有限公司,38443075,0.00,972.00,油資,金錢,,,
109,顏聖冠,107年直轄市議員選舉,首次申報,1070817,交通旅運支出,台灣中油股份有限公司,01490119,0.00,903.00,油資,金錢,,,
110,顏聖冠,107年直轄市議員選舉,首次申報,1070818,雜支支出,7-ELEVEN,27930680,0.00,45.00,餐飲費用,金錢,,,
111,顏聖冠,107年直轄市議員選舉,首次申報,1070818,交通旅運支出,台灣中油股份有限公司,77144976,0.00,486.00,油資,金錢,,,
112,顏聖冠,107年直轄市議員選舉,首次申報,1070819,雜支支出,鑫鍋涮涮鍋,42404222,0.00,1170.00,餐飲費用,金錢,,,
113,顏聖冠,107年直轄市議員選舉,首次申報,1070820,交通旅運支出,台灣中油股份有限公司,77144976,0.00,972.00,油資,金錢,,,
114,顏聖冠,107年直轄市議員選舉,首次申報,1070822,雜支支出,一之軒食品有限公司,42441227,0.00,70.00,餐飲費用,金錢,,,
115,顏聖冠,107年直轄市議員選舉,首次申報,1070823,交通旅運支出,台灣中油股份有限公司,01113283,0.00,972.00,油資,金錢,,,
116,顏聖冠,107年直轄市議員選舉,首次申報,1070823,交通旅運支出,台灣中油股份有限公司,01489458,0.00,900.00,油資,金錢,,,
117,顏聖冠,107年直轄市議員選舉,首次申報,1070826,交通旅運支出,台灣中油股份有限公司,77144976,0.00,973.00,油資,金錢,,,
118,顏聖冠,107年直轄市議員選舉,首次申報,1070827,雜支支出,中華電信股份有限公司,81691784,0.00,971.00,電信費用,金錢,,123*****,
119,顏聖冠,107年直轄市議員選舉,首次申報,1070827,雜支支出,中華電信股份有限公司,81691784,0.00,641.00,電信費用,金錢,,123*****,
120,顏聖冠,107年直轄市議員選舉,首次申報,1070827,雜支支出,中華電信股份有限公司,81691784,0.00,1888.00,電信費用,金錢,,123*****,
121,顏聖冠,107年直轄市議員選舉,首次申報,1070827,雜支支出,中華電信股份有限公司,81691784,0.00,1897.00,電信費用,金錢,,123*****,
122,顏聖冠,107年直轄市議員選舉,首次申報,1070829,交通旅運支出,台灣中油股份有限公司,01113283,0.00,972.00,油資,金錢,,,
123,顏聖冠,107年直轄市議員選舉,首次申報,1070831,交通旅運支出,臺北市停車管理工程處,,0.00,125.00,停車費,金錢,,,
124,顏聖冠,107年直轄市議員選舉,首次申報,1070831,雜支支出,新合發糕餅行,15383602,0.00,23960.00,餐飲費用,金錢,臺北市萬華區****,2306*****,
125,顏聖冠,107年直轄市議員選舉,首次申報,1070831,宣傳支出,中華郵政股份有限公司,4137838,0.00,80.00,郵寄競選物品或宣傳廣告支出,金錢,,,
126,顏聖冠,107年直轄市議員選舉,首次申報,1070831,集會支出,黃世豪,P12*******,0.00,20000.00,租用場地支出,金錢,臺北市萬華區****,02-2*****,
127,顏聖冠,107年直轄市議員選舉,首次申報,1070901,人事費用支出,鍾朝雄,A10*******,0.00,35000.00,因工作酬勞之給付,金錢,臺北市大安區****,0925*****,
128,顏聖冠,107年直轄市議員選舉,首次申報,1070901,人事費用支出,鄭朝貴,A12*******,0.00,34000.00,因工作酬勞之給付,金錢,臺北市萬華區****,0920*****,
129,顏聖冠,107年直轄市議員選舉,首次申報,1070901,人事費用支出,陳宥翔,A12*******,0.00,34000.00,因工作酬勞之給付,金錢,臺北市萬華區****,0920*****,
130,顏聖冠,107年直轄市議員選舉,首次申報,1070901,人事費用支出,黃彥傑,A12*******,0.00,30000.00,其他因工作酬勞之給付,金錢,臺北市萬華區****,0930*****,
131,顏聖冠,107年直轄市議員選舉,首次申報,1070901,人事費用支出,邱詩音,N22*******,0.00,25000.00,因工作酬勞之給付,金錢,臺北市萬華區****,0963*****,
132,顏聖冠,107年直轄市議員選舉,首次申報,1070901,人事費用支出,顏廖千惠,P20*******,0.00,32000.00,工資或薪津,金錢,臺北市中正區****,2396*****,
133,顏聖冠,107年直轄市議員選舉,首次申報,1070902,交通旅運支出,台灣中油股份有限公司,01802128,0.00,1000.00,油資,金錢,,,
134,顏聖冠,107年直轄市議員選舉,首次申報,1070902,交通旅運支出,台灣中油股份有限公司,77144976,0.00,500.00,油資,金錢,,,
135,顏聖冠,107年直轄市議員選舉,首次申報,1070905,交通旅運支出,台灣中油股份有限公司,77144976,0.00,300.00,油資,金錢,,,
136,顏聖冠,107年直轄市議員選舉,首次申報,1070906,交通旅運支出,台灣中油股份有限公司,77144976,0.00,700.00,油資,金錢,,,
137,顏聖冠,107年直轄市議員選舉,首次申報,1070907,交通旅運支出,山隆加油站,48894197,0.00,950.00,油資,金錢,,,
138,顏聖冠,107年直轄市議員選舉,首次申報,1070907,交通旅運支出,台灣中油股份有限公司,77144981,0.00,1000.00,油資,金錢,,,
139,顏聖冠,107年直轄市議員選舉,首次申報,1070907,雜支支出,優仕紳企業有限公司,97445079,0.00,137.00,餐飲費用,金錢,,,
140,顏聖冠,107年直轄市議員選舉,首次申報,1070908,交通旅運支出,台灣中油股份有限公司,77144976,0.00,1000.00,油資,金錢,,,
141,顏聖冠,107年直轄市議員選舉,首次申報,1070910,雜支支出,FamilyMart,53006806,0.00,30.00,餐飲費用,金錢,,,
142,顏聖冠,107年直轄市議員選舉,首次申報,1070910,交通旅運支出,台灣中油股份有限公司,77144976,0.00,1392.00,油資,金錢,,,
143,顏聖冠,107年直轄市議員選舉,首次申報,1070910,租用競選辦事處支出,郭勝雄,E10*******,0.00,98000.00,裝潢競選辦事處支出,金錢,臺北市萬華區****,2306*****,
144,顏聖冠,107年直轄市議員選舉,首次申報,1070911,交通旅運支出,台灣中油股份有限公司,77144981,0.00,1000.00,油資,金錢,,,
145,顏聖冠,107年直轄市議員選舉,首次申報,1070911,人事費用支出,黃世豪,P12*******,0.00,20000.00,工資,金錢,臺北市萬華區****,,
146,顏聖冠,107年直轄市議員選舉,首次申報,1070912,交通旅運支出,台灣中油股份有限公司,77144976,0.00,1016.00,油資,金錢,,,
147,顏聖冠,107年直轄市議員選舉,首次申報,1070913,宣傳支出,中華郵政股份有限公司,4137838,0.00,88.00,郵寄競選物品或宣傳廣告支出,金錢,,,
148,顏聖冠,107年直轄市議員選舉,首次申報,1070913,交通旅運支出,台灣中油股份有限公司,77144976,0.00,1000.00,油資,金錢,,,
149,顏聖冠,107年直轄市議員選舉,首次申報,1070914,交通旅運支出,台灣中油股份有限公司,08590465,0.00,1000.00,油資,金錢,,,
150,顏聖冠,107年直轄市議員選舉,首次申報,1070916,交通旅運支出,台灣中油股份有限公司,01489458,0.00,1000.00,油資,金錢,,,
151,顏聖冠,107年直轄市議員選舉,首次申報,1070917,交通旅運支出,台灣中油股份有限公司,01802133,0.00,1023.00,油資,金錢,,,
152,顏聖冠,107年直轄市議員選舉,首次申報,1070917,宣傳支出,中華郵政股份有限公司,4137838,0.00,35.00,郵寄競選物品或宣傳廣告支出,金錢,,,
153,顏聖冠,107年直轄市議員選舉,首次申報,1070918,交通旅運支出,台灣中油股份有限公司,1113283,0.00,1000.00,油資,金錢,,,
154,顏聖冠,107年直轄市議員選舉,首次申報,1070919,雜支支出,7-ELEVEN,27949983,0.00,43.00,餐飲費用,金錢,,,
155,顏聖冠,107年直轄市議員選舉,首次申報,1070919,雜支支出,聯陳企業有限公司,84418775,0.00,3600.00,雜項購置或修繕費用,金錢,,,
156,顏聖冠,107年直轄市議員選舉,首次申報,1070920,交通旅運支出,台灣中油股份有限公司,77144976,0.00,1000.00,油資,金錢,,,
157,顏聖冠,107年直轄市議員選舉,首次申報,1070920,宣傳支出,金鑽廣告社,90928347,0.00,32000.00,租用廣告看板或車體廣告支出,金錢,新北市汐止區****,02-2*****,
158,顏聖冠,107年直轄市議員選舉,首次申報,1070921,交通旅運支出,山隆加油站,48894197,0.00,990.00,油資,金錢,,,
159,顏聖冠,107年直轄市議員選舉,首次申報,1070925,雜支支出,蜜可頌食品股份有限公司,52661142,0.00,165.00,餐飲費用,金錢,,,
160,顏聖冠,107年直轄市議員選舉,首次申報,1070925,交通旅運支出,台灣中油股份有限公司,77144976,0.00,1023.00,油資,金錢,,,
161,顏聖冠,107年直轄市議員選舉,首次申報,1070927,交通旅運支出,台灣中油股份有限公司,01490119,0.00,1000.00,油資,金錢,,,
162,顏聖冠,107年直轄市議員選舉,首次申報,1070928,雜支支出,蜜可頌食品股份有限公司,52661142,0.00,50.00,餐飲費用,金錢,,,
163,顏聖冠,107年直轄市議員選舉,首次申報,1070928,雜支支出,中華電信股份有限公司,81691784,0.00,1015.00,電信費用,金錢,,123*****,
164,顏聖冠,107年直轄市議員選舉,首次申報,1070928,雜支支出,中華電信股份有限公司,81691784,0.00,1918.00,電信費用,金錢,,123*****,
165,顏聖冠,107年直轄市議員選舉,首次申報,1070928,雜支支出,中華電信股份有限公司,81691784,0.00,1850.00,電信費用,金錢,,123*****,
166,顏聖冠,107年直轄市議員選舉,首次申報,1070929,交通旅運支出,台灣中油股份有限公司,01113283,0.00,500.00,油資,金錢,,,
167,顏聖冠,107年直轄市議員選舉,首次申報,1070929,交通旅運支出,台灣中油股份有限公司,77144976,0.00,1000.00,油資,金錢,,,
168,顏聖冠,107年直轄市議員選舉,首次申報,1070929,交通旅運支出,台灣中油股份有限公司,77144981,0.00,1000.00,油資,金錢,,,
169,顏聖冠,107年直轄市議員選舉,首次申報,1070930,交通旅運支出,台灣中油股份有限公司,01802128,0.00,775.00,油資,金錢,,,
170,顏聖冠,107年直轄市議員選舉,首次申報,1070930,雜支支出,新合發糕餅行,15383602,0.00,27190.00,餐飲費用,金錢,臺北市萬華區****,2306*****,
171,顏聖冠,107年直轄市議員選舉,首次申報,1070930,交通旅運支出,台灣中油股份有限公司,77144981,0.00,1000.00,油資,金錢,,,
172,顏聖冠,107年直轄市議員選舉,首次申報,1070930,雜支支出,McDonalds,97169600,0.00,252.00,餐飲費用,金錢,,,
173,顏聖冠,107年直轄市議員選舉,首次申報,1070930,集會支出,黃世豪,P12*******,0.00,20000.00,租用場地支出,金錢,臺北市萬華區****,02-2*****,
174,顏聖冠,107年直轄市議員選舉,首次申報,1071001,雜支支出,7-ELEVEN,22660912,0.00,250.00,餐飲費用,金錢,,,
175,顏聖冠,107年直轄市議員選舉,首次申報,1071001,人事費用支出,鍾朝雄,A10*******,0.00,35000.00,因工作酬勞之給付,金錢,臺北市大安區****,0925*****,
176,顏聖冠,107年直轄市議員選舉,首次申報,1071001,人事費用支出,鄭朝貴,A12*******,0.00,34000.00,因工作酬勞之給付,金錢,臺北市萬華區****,0920*****,
177,顏聖冠,107年直轄市議員選舉,首次申報,1071001,人事費用支出,陳宥翔,A12*******,0.00,34000.00,因工作酬勞之給付,金錢,臺北市萬華區****,0920*****,
178,顏聖冠,107年直轄市議員選舉,首次申報,1071001,人事費用支出,邱詩音,N22*******,0.00,25000.00,因工作酬勞之給付,金錢,臺北市萬華區****,0963*****,
179,顏聖冠,107年直轄市議員選舉,首次申報,1071001,人事費用支出,顏廖千惠,P20*******,0.00,32000.00,工資或薪津,金錢,臺北市中正區****,2396*****,
180,顏聖冠,107年直轄市議員選舉,首次申報,1071002,雜支支出,7-ELEVEN,22555658,0.00,895.00,餐飲費用,金錢,,,
181,顏聖冠,107年直轄市議員選舉,首次申報,1071002,雜支支出,FamilyMart,70758436,0.00,58.00,餐飲費用,金錢,,,
182,顏聖冠,107年直轄市議員選舉,首次申報,1071002,交通旅運支出,台灣中油股份有限公司,77144981,0.00,1000.00,油資,金錢,,,
183,顏聖冠,107年直轄市議員選舉,首次申報,1071003,交通旅運支出,台灣中油股份有限公司,77144981,0.00,1000.00,油資,金錢,,,
184,顏聖冠,107年直轄市議員選舉,首次申報,1071005,交通旅運支出,台灣中油股份有限公司,77144976,0.00,1000.00,油資,金錢,,,
185,顏聖冠,107年直轄市議員選舉,首次申報,1071005,雜支支出,7-ELEVEN,96977962,0.00,88.00,餐飲費用,金錢,,,
186,顏聖冠,107年直轄市議員選舉,首次申報,1071006,交通旅運支出,台灣中油股份有限公司,01113283,0.00,1000.00,油資,金錢,,,
187,顏聖冠,107年直轄市議員選舉,首次申報,1071006,雜支支出,墊晟石圖書股份有限公司,12852736,0.00,131.00,文具用品費用,金錢,,,
188,顏聖冠,107年直轄市議員選舉,首次申報,1071006,雜支支出,7-ELEVEN,70821819,0.00,146.00,餐飲費用,金錢,,,
189,顏聖冠,107年直轄市議員選舉,首次申報,1071007,雜支支出,易百文具有限公司,52895098,0.00,111.00,文具用品費用,金錢,,,
190,顏聖冠,107年直轄市議員選舉,首次申報,1071007,雜支支出,青草地食品有限公司,53107797,0.00,480.00,餐飲費用,金錢,,,
191,顏聖冠,107年直轄市議員選舉,首次申報,1071007,交通旅運支出,台灣中油股份有限公司,77144976,0.00,1000.00,油資,金錢,,,
192,顏聖冠,107年直轄市議員選舉,首次申報,1071008,雜支支出,7-ELEVEN,28410618,0.00,109.00,餐飲費用,金錢,,,
193,顏聖冠,107年直轄市議員選舉,首次申報,1071008,雜支支出,蜜可頌食品股份有限公司,52661142,0.00,115.00,餐飲費用,金錢,,,
194,顏聖冠,107年直轄市議員選舉,首次申報,1071008,交通旅運支出,台灣中油股份有限公司,77144976,0.00,600.00,油資,金錢,,,
195,顏聖冠,107年直轄市議員選舉,首次申報,1071008,雜支支出,中華電信股份有限公司,81691784,0.00,641.00,電信費用,金錢,,123*****,
196,顏聖冠,107年直轄市議員選舉,首次申報,1071009,交通旅運支出,山隆加油站,48894197,0.00,1037.00,油資,金錢,,,
197,顏聖冠,107年直轄市議員選舉,首次申報,1071009,雜支支出,蜜可頌食品股份有限公司,52661142,0.00,165.00,餐飲費用,金錢,,,
198,顏聖冠,107年直轄市議員選舉,首次申報,1071009,交通旅運支出,台灣中油股份有限公司,77144981,0.00,1000.00,油資,金錢,,,
199,顏聖冠,107年直轄市議員選舉,首次申報,1071010,雜支支出,寶源文具有限公司,04577672,0.00,180.00,文具用品費用,金錢,,,
200,顏聖冠,107年直轄市議員選舉,首次申報,1071010,交通旅運支出,台灣中油股份有限公司,77144981,0.00,1000.00,油資,金錢,,,
201,顏聖冠,107年直轄市議員選舉,首次申報,1071011,人事費用支出,黃世豪,P12*******,0.00,20000.00,工資,金錢,臺北市萬華區****,,
202,顏聖冠,107年直轄市議員選舉,首次申報,1071012,交通旅運支出,西歐加油站,143242297,0.00,1000.00,油資,金錢,,,
203,顏聖冠,107年直轄市議員選舉,首次申報,1071012,交通旅運支出,聯華能源(股)公司,21505646,0.00,1000.00,油資,金錢,,,
204,顏聖冠,107年直轄市議員選舉,首次申報,1071012,雜支支出,7-ELEVEN,28410618,0.00,150.00,餐飲費用,金錢,,,
205,顏聖冠,107年直轄市議員選舉,首次申報,1071012,雜支支出,啾妹商行,42432249,0.00,75.00,餐飲費用,金錢,,,
206,顏聖冠,107年直轄市議員選舉,首次申報,1071012,雜支支出,億萬里股份有限公司,84127283,0.00,207.00,雜項購置或修繕費用,金錢,,,
207,顏聖冠,107年直轄市議員選舉,首次申報,1071013,集會支出,清潔阿姨(鍾朝雄),,0.00,500.00,清潔整理支出,金錢,臺北市萬華區****,,
208,顏聖冠,107年直轄市議員選舉,首次申報,1071013,雜支支出,一郎餐飲有限公司,,0.00,20000.00,餐飲費用,金錢,臺北市中正區****,2305*****,
209,顏聖冠,107年直轄市議員選舉,首次申報,1071013,雜支支出,新峯五金行,19504728,0.00,550.00,文具用品費用,金錢,,,
210,顏聖冠,107年直轄市議員選舉,首次申報,1071013,雜支支出,冠悅精品商行,25536395,0.00,238.00,雜項購置或修繕費用,金錢,,,
211,顏聖冠,107年直轄市議員選舉,首次申報,1071013,雜支支出,統一生活事業股份有限公司,28195580,0.00,385.00,雜項購置或修繕費用,金錢,,,
212,顏聖冠,107年直轄市議員選舉,首次申報,1071014,雜支支出,康青龍台北濟南店,42432120,0.00,45.00,餐飲費用,金錢,,,
213,顏聖冠,107年直轄市議員選舉,首次申報,1071015,雜支支出,文泫生活館有限公司,24563958,0.00,197.00,雜項購置,金錢,,,
214,顏聖冠,107年直轄市議員選舉,首次申報,1071015,雜支支出,鉦梅小吃店,41374426,0.00,528.00,餐飲費用,金錢,,,
215,顏聖冠,107年直轄市議員選舉,首次申報,1071015,雜支支出,蜜可頌食品股份有限公司,52661142,0.00,130.00,餐飲費用,金錢,,,
216,顏聖冠,107年直轄市議員選舉,首次申報,1071015,交通旅運支出,台灣中油股份有限公司,77144981,0.00,945.00,油資,金錢,,,
217,顏聖冠,107年直轄市議員選舉,首次申報,1071015,交通旅運支出,台灣中油股份有限公司,77506365,0.00,1000.00,油資,金錢,,,
218,顏聖冠,107年直轄市議員選舉,首次申報,1071015,雜支支出,億萬里股份有限公司,84127283,0.00,316.00,雜項購置或修繕費用,金錢,,,
219,顏聖冠,107年直轄市議員選舉,首次申報,1071015,宣傳支出,三竹資訊股份有限公司,86136982,0.00,2000.00,發送電信簡訊支出,金錢,,02-2*****,
220,顏聖冠,107年直轄市議員選舉,首次申報,1071016,雜支支出,優仕紳企業有限公司,97445079,0.00,124.00,餐飲費用,金錢,,,
221,顏聖冠,107年直轄市議員選舉,首次申報,1071017,雜支支出,米角日式餐館,31954620,0.00,300.00,餐飲費用,金錢,,,
222,顏聖冠,107年直轄市議員選舉,首次申報,1071017,交通旅運支出,山隆加油站,48894197,0.00,1000.00,油資,金錢,,,
223,顏聖冠,107年直轄市議員選舉,首次申報,1071017,雜支支出,布列德麵包股份有限公司,72796169,0.00,145.00,餐飲費用,金錢,,,
224,顏聖冠,107年直轄市議員選舉,首次申報,1071018,雜支支出,吳黃義〔攤位編號151〕建萬0134號阿義魯肉飯,15907299,0.00,640.00,餐飲費用,金錢,,,
225,顏聖冠,107年直轄市議員選舉,首次申報,1071018,雜支支出,萬王鎖印行,18413307,0.00,1600.00,餐飲費用,金錢,,,
226,顏聖冠,107年直轄市議員選舉,首次申報,1071018,雜支支出,花菁鮮花店,4553616,0.00,450.00,文具用品費用,金錢,,,
227,顏聖冠,107年直轄市議員選舉,首次申報,1071018,交通旅運支出,台灣中油股份有限公司,77144981,0.00,1000.00,油資,金錢,,,
228,顏聖冠,107年直轄市議員選舉,首次申報,1071018,雜支支出,興育聖文化事業有限公司,84747087,0.00,115.00,文具用品費用,金錢,,,
229,顏聖冠,107年直轄市議員選舉,首次申報,1071018,雜支支出,優仕紳企業有限公司,97445079,0.00,117.00,餐飲費用,金錢,,,
230,顏聖冠,107年直轄市議員選舉,首次申報,1071019,雜支支出,FamilyMart,16437079,0.00,165.00,餐飲費用,金錢,,,
231,顏聖冠,107年直轄市議員選舉,首次申報,1071019,雜支支出,米角日式餐館,31954620,0.00,300.00,餐飲費用,金錢,,,
232,顏聖冠,107年直轄市議員選舉,首次申報,1071019,宣傳支出,中華郵政股份有限公司,4137838,0.00,1064.00,郵寄競選物品或宣傳廣告支出,金錢,,,
233,顏聖冠,107年直轄市議員選舉,首次申報,1071019,雜支支出,布列德麵包股份有限公司,72796169,0.00,156.00,餐飲費用,金錢,,,
234,顏聖冠,107年直轄市議員選舉,首次申報,1071019,宣傳支出,三竹資訊股份有限公司,86136982,0.00,3000.00,發送電信簡訊支出,金錢,,2536*****,
235,顏聖冠,107年直轄市議員選舉,首次申報,1071020,雜支支出,吳黃義〔攤位編號151〕建萬0134號阿義魯肉飯,15907299,0.00,480.00,餐飲費用,金錢,,,
236,顏聖冠,107年直轄市議員選舉,首次申報,1071020,雜支支出,米角日式餐館,31954620,0.00,400.00,餐飲費用,金錢,,,
237,顏聖冠,107年直轄市議員選舉,首次申報,1071020,交通旅運支出,台灣中油股份有限公司,77144976,0.00,1000.00,油資,金錢,,,
238,顏聖冠,107年直轄市議員選舉,首次申報,1071021,雜支支出,馬家莊便當,17536512,0.00,595.00,餐飲費用,金錢,,2314*****,
239,顏聖冠,107年直轄市議員選舉,首次申報,1071021,交通旅運支出,台灣中油股份有限公司,77145010,0.00,1000.00,油資,金錢,,,
240,顏聖冠,107年直轄市議員選舉,首次申報,1071022,雜支支出,一肥仔商行,,0.00,540.00,餐飲費用,金錢,臺北市萬華區****,2388*****,
241,顏聖冠,107年直轄市議員選舉,首次申報,1071022,交通旅運支出,台灣中油股份有限公司,77144981,0.00,1000.00,油資,金錢,,,
242,顏聖冠,107年直轄市議員選舉,首次申報,1071022,雜支支出,優仕紳企業有限公司,97445079,0.00,220.00,餐飲費用,金錢,,,
243,顏聖冠,107年直轄市議員選舉,首次申報,1071022,人事費用支出,魏祥勝,J12*******,0.00,7200.00,其他因工作酬勞之給付,金錢,臺北市萬華區****,0935*****,
244,顏聖冠,107年直轄市議員選舉,首次申報,1071023,雜支支出,一肥仔商行,,0.00,360.00,餐飲費用,金錢,臺北市萬華區****,2388*****,
245,顏聖冠,107年直轄市議員選舉,首次申報,1071023,交通旅運支出,台灣中油股份有限公司,77144981,0.00,1000.00,油資,金錢,,,
246,顏聖冠,107年直轄市議員選舉,首次申報,1071023,雜支支出,億萬里股份有限公司,84127283,0.00,211.00,雜項購置,金錢,,,
247,顏聖冠,107年直轄市議員選舉,首次申報,1071023,雜支支出,競選總部,A22*******,0.00,2000.00,文具筆等,非金錢,臺北市中正區****,02-2*****,
248,顏聖冠,107年直轄市議員選舉,首次申報,1071024,雜支支出,一肥仔商行,,0.00,630.00,餐飲費用,金錢,臺北市萬華區****,2388*****,
249,顏聖冠,107年直轄市議員選舉,首次申報,1071024,雜支支出,統一超商股份有限公司,22555003,0.00,474.00,雜項購置,金錢,,,
250,顏聖冠,107年直轄市議員選舉,首次申報,1071024,交通旅運支出,台灣中油股份有限公司,35051073,0.00,1000.00,油資,金錢,,,
251,顏聖冠,107年直轄市議員選舉,首次申報,1071024,返還支出,享樂文旅飯店股份有限公司,42617061,0.00,50000.00,返還,金錢,臺北市中正區****,2361*****,
252,顏聖冠,107年直轄市議員選舉,首次申報,1071024,雜支支出,城市享茶有限公司,42832012,0.00,71.00,餐飲費用,金錢,,,
253,顏聖冠,107年直轄市議員選舉,首次申報,1071024,交通旅運支出,台灣中油股份有限公司,77144981,0.00,1005.00,油資,金錢,,,
254,顏聖冠,107年直轄市議員選舉,首次申報,1071024,雜支支出,興育聖文化事業有限公司,84747087,0.00,195.00,文具用品費用,金錢,,,
255,顏聖冠,107年直轄市議員選舉,首次申報,1071025,雜支支出,一肥仔商行,,0.00,720.00,餐飲費用,金錢,臺北市萬華區****,2388*****,
256,顏聖冠,107年直轄市議員選舉,首次申報,1071025,雜支支出,鳳興五金行,05702331,0.00,1000.00,雜項購置或修繕費用,金錢,,,
257,顏聖冠,107年直轄市議員選舉,首次申報,1071025,雜支支出,文泫生活館有限公司,24563958,0.00,234.00,文具用品費用,金錢,,,
258,顏聖冠,107年直轄市議員選舉,首次申報,1071025,雜支支出,米角日式餐館,31954620,0.00,900.00,餐飲費用,金錢,,,
259,顏聖冠,107年直轄市議員選舉,首次申報,1071025,雜支支出,中華電信股份有限公司,81691784,0.00,1227.00,電信費用,金錢,,123*****,
260,顏聖冠,107年直轄市議員選舉,首次申報,1071025,雜支支出,中華電信股份有限公司,81691784,0.00,1873.00,電信費用,金錢,,123*****,
261,顏聖冠,107年直轄市議員選舉,首次申報,1071025,雜支支出,中華電信股份有限公司,81691784,0.00,1799.00,電信費用,金錢,,123*****,
262,顏聖冠,107年直轄市議員選舉,首次申報,1071025,雜支支出,中華電信股份有限公司,81691784,0.00,748.00,電信費用,金錢,,123*****,
263,顏聖冠,107年直轄市議員選舉,首次申報,1071025,人事費用支出,王瑞賓,A12*******,0.00,1500.00,工資或薪津,金錢,臺北市萬華區****,0917*****,
264,顏聖冠,107年直轄市議員選舉,首次申報,1071026,雜支支出,吳黃義〔攤位編號151〕建萬0134號阿義魯肉飯,15907299,0.00,400.00,餐飲費用,金錢,,,
265,顏聖冠,107年直轄市議員選舉,首次申報,1071026,雜支支出,米角日式餐館,31954620,0.00,420.00,餐飲費用,金錢,,,
266,顏聖冠,107年直轄市議員選舉,首次申報,1071026,交通旅運支出,台灣中油股份有限公司,77144981,0.00,1000.00,油資,金錢,,,
267,顏聖冠,107年直轄市議員選舉,首次申報,1071026,雜支支出,優仕紳企業有限公司,97445079,0.00,200.00,餐飲費用,金錢,,,
268,顏聖冠,107年直轄市議員選舉,首次申報,1071026,雜支支出,優仕紳企業有限公司,97445079,0.00,200.00,餐飲費用,金錢,,,
269,顏聖冠,107年直轄市議員選舉,首次申報,1071027,雜支支出,吳黃義〔攤位編號151〕建萬0134號阿義魯肉飯,15907299,0.00,400.00,餐飲費用,金錢,,,
270,顏聖冠,107年直轄市議員選舉,首次申報,1071027,雜支支出,文泫生活館有限公司,24563958,0.00,234.00,文具用品費用,金錢,,,
271,顏聖冠,107年直轄市議員選舉,首次申報,1071027,雜支支出,原北站免煎嗲點心舖,48870060,0.00,720.00,餐飲費用,金錢,,,
272,顏聖冠,107年直轄市議員選舉,首次申報,1071027,雜支支出,山隆加油站,48894197,0.00,681.00,餐飲費用,金錢,,,
273,顏聖冠,107年直轄市議員選舉,首次申報,1071027,交通旅運支出,台灣中油股份有限公司,77144981,0.00,1000.00,油資,金錢,,,
274,顏聖冠,107年直轄市議員選舉,首次申報,1071027,雜支支出,興育聖文化事業有限公司,84747087,0.00,75.00,文具用品費用,金錢,,,
275,顏聖冠,107年直轄市議員選舉,首次申報,1071028,雜支支出,原北站免煎嗲點心舖,48870060,0.00,720.00,餐飲費用,金錢,,,
276,顏聖冠,107年直轄市議員選舉,首次申報,1071028,人事費用支出,王瑞賓,A12*******,0.00,2000.00,工資或薪津,金錢,臺北市萬華區****,0917*****,
277,顏聖冠,107年直轄市議員選舉,首次申報,1071029,雜支支出,台灣電力公司,03765704,0.00,2780.00,水電費用,金錢,,1911*****,
278,顏聖冠,107年直轄市議員選舉,首次申報,1071029,雜支支出,原北站免煎嗲點心舖,48870060,0.00,630.00,餐飲費用,金錢,,,
279,顏聖冠,107年直轄市議員選舉,首次申報,1071029,雜支支出,原北站免煎嗲點心舖,48870060,0.00,630.00,餐飲費用,金錢,,,
280,顏聖冠,107年直轄市議員選舉,首次申報,1071029,交通旅運支出,山隆加油站,48894197,0.00,520.00,油資,金錢,,,
281,顏聖冠,107年直轄市議員選舉,首次申報,1071029,交通旅運支出,台灣中油股份有限公司,77144981,0.00,1023.00,油資,金錢,,,
282,顏聖冠,107年直轄市議員選舉,首次申報,1071029,雜支支出,優仕紳企業有限公司,97445079,0.00,224.00,餐飲費用,金錢,,,
283,顏聖冠,107年直轄市議員選舉,首次申報,1071030,雜支支出,一肥仔商行,,0.00,360.00,餐飲費用,金錢,臺北市萬華區****,2388*****,
284,顏聖冠,107年直轄市議員選舉,首次申報,1071030,返還支出,新台國際網路報業有限公司,27572207,0.00,6000.00,返還,金錢,臺北市中正區****,02-2*****,
285,顏聖冠,107年直轄市議員選舉,首次申報,1071030,雜支支出,米角日式餐館,31954620,0.00,1000.00,餐飲費用,金錢,,,
286,顏聖冠,107年直轄市議員選舉,首次申報,1071030,雜支支出,雅鴿文創(股)公司陸軍聯誼廳,42467318,0.00,1271.00,餐飲費用,金錢,,,
287,顏聖冠,107年直轄市議員選舉,首次申報,1071030,雜支支出,蜜可頌食品股份有限公司,52661142,0.00,220.00,餐飲費用,金錢,,,
288,顏聖冠,107年直轄市議員選舉,首次申報,1071031,雜支支出,新合發糕餅行,15383602,0.00,23960.00,餐飲費用,金錢,臺北市萬華區****,2306*****,
289,顏聖冠,107年直轄市議員選舉,首次申報,1071031,雜支支出,原北站免煎嗲點心舖,48870060,0.00,630.00,餐飲費用,金錢,,,
290,顏聖冠,107年直轄市議員選舉,首次申報,1071031,雜支支出,統一生活事業股份有限公司,89608486,0.00,902.00,餐飲費用,金錢,,,
291,顏聖冠,107年直轄市議員選舉,首次申報,1071031,宣傳支出,金鑽廣告社,90928347,0.00,14816.00,租用廣告看板或車體廣告支出,金錢,新北市汐止區****,02-2*****,
292,顏聖冠,107年直轄市議員選舉,首次申報,1071031,集會支出,黃世豪,P12*******,0.00,20000.00,租用場地支出,金錢,臺北市萬華區****,02-2*****,
293,顏聖冠,107年直轄市議員選舉,首次申報,1071101,雜支支出,吳黃義〔攤位編號151〕建萬0134號阿義魯肉飯,15907299,0.00,560.00,餐飲費用,金錢,,,
294,顏聖冠,107年直轄市議員選舉,首次申報,1071101,雜支支出,馬家莊便當,17536512,0.00,720.00,餐飲費用,金錢,,,
295,顏聖冠,107年直轄市議員選舉,首次申報,1071101,雜支支出,六安堂國藥號,20518405,0.00,10000.00,餐飲費用,金錢,臺北市中正區****,2391*****,
296,顏聖冠,107年直轄市議員選舉,首次申報,1071101,宣傳支出,中華郵政股份有限公司,4137838,0.00,504.00,郵寄競選物品或宣傳廣告支出,金錢,臺北市信義區****,,
297,顏聖冠,107年直轄市議員選舉,首次申報,1071101,交通旅運支出,山隆加油站,48894197,0.00,580.00,油資,金錢,,,
298,顏聖冠,107年直轄市議員選舉,首次申報,1071101,雜支支出,蜜可頌食品股份有限公司,52661142,0.00,245.00,餐飲費用,金錢,,,
299,顏聖冠,107年直轄市議員選舉,首次申報,1071101,人事費用支出,鍾朝雄,A10*******,0.00,35000.00,工資或薪津,金錢,臺北市大安區****,0925*****,
300,顏聖冠,107年直轄市議員選舉,首次申報,1071101,人事費用支出,陳宥翔,A12*******,0.00,34000.00,工資或薪津,金錢,臺北市萬華區****,0920*****,
301,顏聖冠,107年直轄市議員選舉,首次申報,1071101,人事費用支出,鄭朝貴,A12*******,0.00,34000.00,工資或薪津,金錢,臺北市萬華區****,0920*****,
302,顏聖冠,107年直轄市議員選舉,首次申報,1071101,人事費用支出,邱詩音,N22*******,0.00,25000.00,工資或薪津,金錢,臺北市萬華區****,0963*****,
303,顏聖冠,107年直轄市議員選舉,首次申報,1071101,人事費用支出,顏廖千惠,P20*******,0.00,32000.00,工資或薪津,金錢,臺北市中正區****,2396*****,
304,顏聖冠,107年直轄市議員選舉,首次申報,1071102,交通旅運支出,台灣中油股份有限公司,01113283,0.00,1000.00,油資,金錢,,,
305,顏聖冠,107年直轄市議員選舉,首次申報,1071102,雜支支出,馬家莊便當,17536512,0.00,2430.00,餐飲費用,金錢,,,
306,顏聖冠,107年直轄市議員選舉,首次申報,1071102,交通旅運支出,台灣中油股份有限公司,77144976,0.00,1000.00,油資,金錢,,,
307,顏聖冠,107年直轄市議員選舉,首次申報,1071102,雜支支出,優仕紳企業有限公司,97445079,0.00,140.00,餐飲費用,金錢,,,
308,顏聖冠,107年直轄市議員選舉,首次申報,1071102,租用宣傳車輛支出,林國明,K12*******,0.00,30000.00,雇用宣傳車輛駕駛支出,金錢,臺北市萬華區****,0953*****,
309,顏聖冠,107年直轄市議員選舉,首次申報,1071103,雜支支出,馬家莊便當,17536512,0.00,720.00,餐飲費用,金錢,,,
310,顏聖冠,107年直轄市議員選舉,首次申報,1071103,交通旅運支出,山隆加油站,48894197,0.00,599.00,油資,金錢,,,
311,顏聖冠,107年直轄市議員選舉,首次申報,1071103,交通旅運支出,台灣中油股份有限公司,77144981,0.00,1000.00,油資,金錢,,,
312,顏聖冠,107年直轄市議員選舉,首次申報,1071103,宣傳支出,鍾朝雄,A10*******,0.00,1500.00,發送電信簡訊支出,金錢,,0925*****,
313,顏聖冠,107年直轄市議員選舉,首次申報,1071104,雜支支出,吳黃義〔攤位編號151〕建萬0134號阿義魯肉飯,15907299,0.00,1280.00,餐飲費用,金錢,,,
314,顏聖冠,107年直轄市議員選舉,首次申報,1071105,雜支支出,國榮小吃店,01107796,0.00,710.00,餐飲費用,金錢,,,
315,顏聖冠,107年直轄市議員選舉,首次申報,1071105,雜支支出,吳黃義〔攤位編號151〕建萬0134號阿義魯肉飯,15907299,0.00,720.00,餐飲費用,金錢,,,
316,顏聖冠,107年直轄市議員選舉,首次申報,1071107,交通旅運支出,台灣中油股份有限公司,01606343,0.00,1000.00,油資,金錢,,,
317,顏聖冠,107年直轄市議員選舉,首次申報,1071107,雜支支出,馬家莊便當,17536512,0.00,1180.00,餐飲費用,金錢,,,
318,顏聖冠,107年直轄市議員選舉,首次申報,1071107,雜支支出,文泫生活館有限公司,24563958,0.00,284.00,文具用品費用,金錢,,,
319,顏聖冠,107年直轄市議員選舉,首次申報,1071108,雜支支出,允信塑膠行(邱詩音),,0.00,865.00,雜項購置,金錢,臺北市萬華區****,2305*****,
320,顏聖冠,107年直轄市議員選舉,首次申報,1071108,雜支支出,吳黃義〔攤位編號151〕建萬0134號阿義魯肉飯,15907299,0.00,560.00,餐飲費用,金錢,,,
321,顏聖冠,107年直轄市議員選舉,首次申報,1071108,雜支支出,六安堂國藥號,20518405,0.00,10000.00,餐飲費用,金錢,臺北市中正區****,2391*****,
322,顏聖冠,107年直轄市議員選舉,首次申報,1071108,雜支支出,原北站免煎嗲點心舖,48870060,0.00,900.00,餐飲費用,金錢,,,
323,顏聖冠,107年直轄市議員選舉,首次申報,1071109,交通旅運支出,台灣中油股份有限公司,01315062,0.00,1000.00,油資,金錢,,,
324,顏聖冠,107年直轄市議員選舉,首次申報,1071109,雜支支出,文泫生活館有限公司,24563958,0.00,195.00,雜項購置或修繕費用,金錢,,,
325,顏聖冠,107年直轄市議員選舉,首次申報,1071109,雜支支出,原北站免煎嗲點心舖,48870060,0.00,1350.00,餐飲費用,金錢,,,
326,顏聖冠,107年直轄市議員選舉,首次申報,1071109,交通旅運支出,台灣中油股份有限公司,77144976,0.00,538.00,油資,金錢,,,
327,顏聖冠,107年直轄市議員選舉,首次申報,1071110,雜支支出,原北站免煎嗲點心舖,48870060,0.00,1200.00,餐飲費用,金錢,,,
328,顏聖冠,107年直轄市議員選舉,首次申報,1071110,交通旅運支出,山隆加油站,48894197,0.00,580.00,油資,金錢,,,
329,顏聖冠,107年直轄市議員選舉,首次申報,1071110,交通旅運支出,台灣中油股份有限公司,77144981,0.00,1000.00,油資,金錢,,,
330,顏聖冠,107年直轄市議員選舉,首次申報,1071111,雜支支出,巧婦超市,23315164,0.00,110.00,雜項購置或修繕費用,金錢,,,
331,顏聖冠,107年直轄市議員選舉,首次申報,1071111,雜支支出,原北站免煎嗲點心舖,48870060,0.00,1710.00,餐飲費用,金錢,,,
332,顏聖冠,107年直轄市議員選舉,首次申報,1071111,交通旅運支出,山隆加油站,48894204,0.00,450.00,油資,金錢,,,
333,顏聖冠,107年直轄市議員選舉,首次申報,1071111,人事費用支出,黃世豪,P12*******,0.00,20000.00,工資,金錢,臺北市萬華區****,,
334,顏聖冠,107年直轄市議員選舉,首次申報,1071112,雜支支出,原北站免煎嗲點心舖,48870060,0.00,1260.00,餐飲費用,金錢,,,
335,顏聖冠,107年直轄市議員選舉,首次申報,1071112,雜支支出,7-ELEVEN,53028034,0.00,119.00,雜項購置或修繕費用,金錢,,,
336,顏聖冠,107年直轄市議員選舉,首次申報,1071112,交通旅運支出,台灣中油股份有限公司,77144981,0.00,1000.00,油資,金錢,,,
337,顏聖冠,107年直轄市議員選舉,首次申報,1071112,雜支支出,億萬里股份有限公司,84127283,0.00,138.00,雜項購置或修繕費用,金錢,,,
338,顏聖冠,107年直轄市議員選舉,首次申報,1071112,租用宣傳車輛支出,林國明,K12*******,0.00,30000.00,雇用宣傳車輛駕駛支出,金錢,臺北市萬華區****,0953*****,
339,顏聖冠,107年直轄市議員選舉,首次申報,1071113,雜支支出,吳黃義〔攤位編號151〕建萬0134號阿義魯肉飯,15907299,0.00,800.00,餐飲費用,金錢,,,
340,顏聖冠,107年直轄市議員選舉,首次申報,1071113,雜支支出,吳黃義〔攤位編號151〕建萬0134號阿義魯肉飯,17536512,0.00,180.00,餐飲費用,金錢,,,
341,顏聖冠,107年直轄市議員選舉,首次申報,1071113,交通旅運支出,山隆加油站,48894197,0.00,543.00,油資,金錢,,,
342,顏聖冠,107年直轄市議員選舉,首次申報,1071113,雜支支出,虎糾小吃店,50571460,0.00,1560.00,餐飲費用,金錢,,,
343,顏聖冠,107年直轄市議員選舉,首次申報,1071113,宣傳支出,頂好國際企業社,72926542,0.00,12780.00,播送、傳送或刊登宣傳廣告支出,金錢,臺北市文山區****,2930*****,
344,顏聖冠,107年直轄市議員選舉,首次申報,1071113,交通旅運支出,台灣中油股份有限公司,77144981,0.00,950.00,油資,金錢,,,
345,顏聖冠,107年直轄市議員選舉,首次申報,1071114,雜支支出,馬家莊便當,17536512,0.00,1350.00,餐飲費用,金錢,,,
346,顏聖冠,107年直轄市議員選舉,首次申報,1071114,租用宣傳車輛支出,泰裕事業有限公司,28836831,0.00,7300.00,維修宣傳車輛支出,金錢,臺北市萬華區****,2304*****,
347,顏聖冠,107年直轄市議員選舉,首次申報,1071115,宣傳支出,前進科技有限公司,28850072,0.00,71663.00,租用廣告看板或車體廣告支出,金錢,臺北市中山區****,2731*****,
348,顏聖冠,107年直轄市議員選舉,首次申報,1071115,雜支支出,原北站免煎嗲點心舖,48870060,0.00,1080.00,餐飲費用,金錢,,,
349,顏聖冠,107年直轄市議員選舉,首次申報,1071115,雜支支出,山隆加油站,48894197,0.00,667.00,餐飲費用,金錢,,,
350,顏聖冠,107年直轄市議員選舉,首次申報,1071115,交通旅運支出,台灣中油股份有限公司,77144976,0.00,1000.00,油資,金錢,,,
351,顏聖冠,107年直轄市議員選舉,首次申報,1071115,雜支支出,吉野家,84311470,0.00,301.00,餐飲費用,金錢,,,
352,顏聖冠,107年直轄市議員選舉,首次申報,1071116,雜支支出,馬家莊便當,17536512,0.00,1440.00,餐飲費用,金錢,,,
353,顏聖冠,107年直轄市議員選舉,首次申報,1071116,雜支支出,文泫生活館有限公司,24563958,0.00,699.00,餐飲費用,金錢,,,
354,顏聖冠,107年直轄市議員選舉,首次申報,1071116,交通旅運支出,山隆加油站,48894197,0.00,410.00,油資,金錢,,,
355,顏聖冠,107年直轄市議員選舉,首次申報,1071117,雜支支出,文泫生活館有限公司,24563958,0.00,396.00,文具用品費用,金錢,,,
356,顏聖冠,107年直轄市議員選舉,首次申報,1071117,雜支支出,米角日式餐館,31954620,0.00,2150.00,餐飲費用,金錢,,,
357,顏聖冠,107年直轄市議員選舉,首次申報,1071117,交通旅運支出,台灣中油股份有限公司,77144981,0.00,1000.00,油資,金錢,,,
358,顏聖冠,107年直轄市議員選舉,首次申報,1071117,交通旅運支出,台灣中油股份有限公司,77144981,0.00,900.00,油資,金錢,,,
359,顏聖冠,107年直轄市議員選舉,首次申報,1071117,人事費用支出,白友義,A11*******,0.00,2000.00,工資或薪津,金錢,臺北市萬華區****,0926*****,
360,顏聖冠,107年直轄市議員選舉,首次申報,1071117,人事費用支出,王群雄,A12*******,0.00,1500.00,工資或薪津,金錢,臺北市萬華區****,0985*****,
361,顏聖冠,107年直轄市議員選舉,首次申報,1071117,人事費用支出,王瑞賓,A12*******,0.00,1500.00,工資或薪津,金錢,臺北市萬華區****,0917*****,
362,顏聖冠,107年直轄市議員選舉,首次申報,1071117,人事費用支出,李漢卿,A13*******,0.00,1500.00,工資或薪津,金錢,臺北市大同區****,0900*****,
363,顏聖冠,107年直轄市議員選舉,首次申報,1071118,雜支支出,文泫生活館有限公司,24563958,0.00,662.00,雜項購置或修繕費用,金錢,,,
364,顏聖冠,107年直轄市議員選舉,首次申報,1071118,雜支支出,古早小吃店,42403461,0.00,290.00,餐飲費用,金錢,,,
365,顏聖冠,107年直轄市議員選舉,首次申報,1071118,雜支支出,古早小吃店,42403461,0.00,2480.00,餐飲費用,金錢,,,
366,顏聖冠,107年直轄市議員選舉,首次申報,1071118,交通旅運支出,台灣中油股份有限公司,77145010,0.00,1000.00,油資,金錢,,,
367,顏聖冠,107年直轄市議員選舉,首次申報,1071118,人事費用支出,白友義,A11*******,0.00,2000.00,工資或薪津,金錢,臺北市萬華區****,0926*****,
368,顏聖冠,107年直轄市議員選舉,首次申報,1071118,人事費用支出,王群雄,A12*******,0.00,1500.00,工資或薪津,金錢,臺北市萬華區****,0985*****,
369,顏聖冠,107年直轄市議員選舉,首次申報,1071118,人事費用支出,王瑞賓,A12*******,0.00,1500.00,工資或薪津,金錢,臺北市萬華區****,0917*****,
370,顏聖冠,107年直轄市議員選舉,首次申報,1071118,人事費用支出,李漢卿,A13*******,0.00,1500.00,工資或薪津,金錢,臺北市大同區****,0900*****,
371,顏聖冠,107年直轄市議員選舉,首次申報,1071119,宣傳支出,全聯派報社,26368972,0.00,15557.00,播送、傳送或刊登宣傳廣告支出,金錢,臺北市中正區****,2368*****,
372,顏聖冠,107年直轄市議員選舉,首次申報,1071119,雜支支出,FamilyMart,70758436,0.00,105.00,文具用品費用,金錢,,,
373,顏聖冠,107年直轄市議員選舉,首次申報,1071119,交通旅運支出,台灣中油股份有限公司,77144981,0.00,1000.00,油資,金錢,,,
374,顏聖冠,107年直轄市議員選舉,首次申報,1071120,宣傳支出,文良打字行,088555517,0.00,2000.00,製作宣傳廣告支出,金錢,,,
375,顏聖冠,107年直轄市議員選舉,首次申報,1071120,雜支支出,馬家莊便當,17536512,0.00,3040.00,餐飲費用,金錢,,,
376,顏聖冠,107年直轄市議員選舉,首次申報,1071120,雜支支出,85度C-美食達人股份有限公司,54758229,0.00,196.00,餐飲費用,金錢,,,
377,顏聖冠,107年直轄市議員選舉,首次申報,1071120,雜支支出,FamilyMart,70758436,0.00,273.00,雜項購置或修繕費用,金錢,,,
378,顏聖冠,107年直轄市議員選舉,首次申報,1071120,雜支支出,杭南小吃店,77902490,0.00,430.00,餐飲費用,金錢,,,
379,顏聖冠,107年直轄市議員選舉,首次申報,1071120,租用競選辦事處支出,億萬里股份有限公司,84127283,0.00,1950.00,租買辦公設備支出,金錢,,,
380,顏聖冠,107年直轄市議員選舉,首次申報,1071120,雜支支出,興育聖文化事業有限公司,84747087,0.00,90.00,文具用品費用,金錢,,,
381,顏聖冠,107年直轄市議員選舉,首次申報,1071120,宣傳支出,金鑽廣告社,90928347,0.00,75000.00,製作宣傳廣告支出,金錢,新北市汐止區****,2361*****,
382,顏聖冠,107年直轄市議員選舉,首次申報,1071120,宣傳支出,金鑽廣告社,90928347,0.00,75000.00,製作宣傳廣告支出,金錢,新北市汐止區****,2361*****,
383,顏聖冠,107年直轄市議員選舉,首次申報,1071121,交通旅運支出,台灣中油股份有限公司,01802133,0.00,1000.00,油資,金錢,,,
384,顏聖冠,107年直轄市議員選舉,首次申報,1071121,雜支支出,文泫生活館有限公司,24563958,0.00,297.00,雜項購置,金錢,,,
385,顏聖冠,107年直轄市議員選舉,首次申報,1071121,雜支支出,古早小吃店,42403461,0.00,1600.00,餐飲費用,金錢,,,
386,顏聖冠,107年直轄市議員選舉,首次申報,1071121,雜支支出,原北站免煎嗲點心舖,48870060,0.00,1350.00,餐飲費用,金錢,,,
387,顏聖冠,107年直轄市議員選舉,首次申報,1071121,交通旅運支出,山隆加油站,48894197,0.00,370.00,油資,金錢,,,
388,顏聖冠,107年直轄市議員選舉,首次申報,1071121,交通旅運支出,台灣中油股份有限公司,77145010,0.00,1000.00,油資,金錢,,,
389,顏聖冠,107年直轄市議員選舉,首次申報,1071121,宣傳支出,綠色和平廣播股份有限公司,89339531,0.00,60000.00,播送、傳送或刊登宣傳廣告支出,金錢,新北市三重區****,2973*****,
390,顏聖冠,107年直轄市議員選舉,首次申報,1071121,人事費用支出,白友義,A11*******,0.00,3000.00,工資或薪津,金錢,臺北市萬華區****,0926*****,
391,顏聖冠,107年直轄市議員選舉,首次申報,1071121,人事費用支出,王瑞賓,A12*******,0.00,2300.00,工資或薪津,金錢,臺北市萬華區****,0917*****,
392,顏聖冠,107年直轄市議員選舉,首次申報,1071121,人事費用支出,李漢卿,A13*******,0.00,2300.00,工資或薪津,金錢,臺北市大同區****,0900*****,
393,顏聖冠,107年直轄市議員選舉,首次申報,1071122,宣傳支出,文良打字行,08555517,0.00,2000.00,製作宣傳廣告支出,金錢,,,
394,顏聖冠,107年直轄市議員選舉,首次申報,1071122,雜支支出,古早小吃店,42403461,0.00,1350.00,餐飲費用,金錢,,,
395,顏聖冠,107年直轄市議員選舉,首次申報,1071122,雜支支出,原北站免煎嗲點心舖,48870060,0.00,2250.00,餐飲費用,金錢,,,
396,顏聖冠,107年直轄市議員選舉,首次申報,1071122,雜支支出,億萬里股份有限公司,84127283,0.00,218.00,雜項購置,金錢,,,
397,顏聖冠,107年直轄市議員選舉,首次申報,1071122,集會支出,郭石源,A12*******,0.00,141500.00,租用設備、工資支出,金錢,臺北市萬華區****,2381*****,
398,顏聖冠,107年直轄市議員選舉,首次申報,1071123,宣傳支出,蓋洛普徵信股份有限公司,23904850,0.00,64000.00,委託辦理研究、評估、調查、設計或規劃支出,金錢,臺北市松山區****,02-2*****,
399,顏聖冠,107年直轄市議員選舉,首次申報,1071123,雜支支出,古早小吃店,42403461,0.00,1120.00,餐飲費用,金錢,,,
400,顏聖冠,107年直轄市議員選舉,首次申報,1071123,雜支支出,原北站免煎嗲點心舖,48870060,0.00,1400.00,餐飲費用,金錢,,,
401,顏聖冠,107年直轄市議員選舉,首次申報,1071123,雜支支出,原北站免煎嗲點心舖,48870060,0.00,3300.00,餐飲費用,金錢,,,
402,顏聖冠,107年直轄市議員選舉,首次申報,1071123,交通旅運支出,台灣中油股份有限公司,77144976,0.00,1000.00,油資,金錢,,,
403,顏聖冠,107年直轄市議員選舉,首次申報,1071123,交通旅運支出,古早小吃店,77145010,0.00,630.00,油資,金錢,,,
404,顏聖冠,107年直轄市議員選舉,首次申報,1071125,交通旅運支出,台灣中油股份有限公司,01315062,0.00,1000.00,油資,金錢,,,
405,顏聖冠,107年直轄市議員選舉,首次申報,1071126,雜支支出,中華電信股份有限公司,81691784,0.00,892.00,電信費用,金錢,,123*****,
406,顏聖冠,107年直轄市議員選舉,首次申報,1071126,雜支支出,中華電信股份有限公司,81691784,0.00,2317.00,電信費用,金錢,,123*****,
407,顏聖冠,107年直轄市議員選舉,首次申報,1071126,雜支支出,中華電信股份有限公司,81691784,0.00,1857.00,電信費用,金錢,,123*****,
408,顏聖冠,107年直轄市議員選舉,首次申報,1071126,雜支支出,中華電信股份有限公司,81691784,0.00,1144.00,電信費用,金錢,,123*****,
409,顏聖冠,107年直轄市議員選舉,首次申報,1071126,人事費用支出,林國明,K12*******,0.00,36000.00,工資或薪津,金錢,臺北市萬華區****,0953*****,
410,顏聖冠,107年直轄市議員選舉,首次申報,1071128,交通旅運支出,台灣中油股份有限公司,01606343,0.00,966.00,油資,金錢,,,
411,顏聖冠,107年直轄市議員選舉,首次申報,1071128,雜支支出,虎糾小吃店,50571460,0.00,720.00,餐飲費用,金錢,,,
412,顏聖冠,107年直轄市議員選舉,首次申報,1071129,租用宣傳車輛支出,泰裕事業有限公司,28836831,0.00,7800.00,維修宣傳車輛支出,金錢,臺北市萬華區****,,
413,顏聖冠,107年直轄市議員選舉,首次申報,1071130,雜支支出,新合發糕餅行,15383602,0.00,23160.00,餐飲費用,金錢,臺北市萬華區****,2306*****,
414,顏聖冠,107年直轄市議員選舉,首次申報,1071130,集會支出,黃世豪,P12*******,0.00,20000.00,租用場地支出,金錢,臺北市萬華區****,02-2*****,
415,顏聖冠,107年直轄市議員選舉,首次申報,1071201,人事費用支出,鍾朝雄,A10*******,0.00,35000.00,工資或薪津,金錢,臺北市大安區****,0925*****,
416,顏聖冠,107年直轄市議員選舉,首次申報,1071201,人事費用支出,陳宥翔,A12*******,0.00,35000.00,工資或薪津,金錢,臺北市萬華區****,0920*****,
417,顏聖冠,107年直轄市議員選舉,首次申報,1071201,人事費用支出,鄭朝貴,A12*******,0.00,35000.00,工資或薪津,金錢,臺北市萬華區****,0920*****,
418,顏聖冠,107年直轄市議員選舉,首次申報,1071201,人事費用支出,邱詩音,N22*******,0.00,25000.00,工資或薪津,金錢,臺北市萬華區****,0963*****,
419,顏聖冠,107年直轄市議員選舉,首次申報,1071201,人事費用支出,顏廖千惠,P20*******,0.00,32000.00,工資或薪津,金錢,臺北市中正區****,2396*****,
420,顏聖冠,107年直轄市議員選舉,首次申報,1071211,雜支支出,聯運股份有限公司,31142406,0.00,19500.00,餐飲費用,金錢,新北市泰山區****,02-2*****,
421,顏聖冠,107年直轄市議員選舉,首次申報,1071211,雜支支出,儀璿食品有限公司,84941385,0.00,40000.00,餐飲費用,金錢,臺北市大安區****,02-8*****,
422,顏聖冠,107年直轄市議員選舉,首次申報,1071211,雜支支出,儀璿食品有限公司,84941385,0.00,40000.00,餐飲費用,金錢,臺北市大安區****,02-8*****,
423,顏聖冠,107年直轄市議員選舉,首次申報,1071211,雜支支出,儀璿食品有限公司,84941385,0.00,40000.00,餐飲費用,金錢,臺北市大安區****,02-8*****,
424,顏聖冠,107年直轄市議員選舉,首次申報,1071211,人事費用支出,黃世豪,P12*******,0.00,20000.00,工資,金錢,臺北市萬華區****,,
425,顏聖冠,107年直轄市議員選舉,首次申報,1071212,雜支支出,聯運股份有限公司,31142406,0.00,32000.00,餐飲費用,金錢,新北市泰山區****,02-2*****,
426,顏聖冠,107年直轄市議員選舉,首次申報,1071219,雜支支出,文泫生活館有限公司,24563958,0.00,359.00,雜項購置,金錢,,,
427,顏聖冠,107年直轄市議員選舉,首次申報,1071222,雜支支出,台灣電力公司,03765704,0.00,5180.00,水電費用,金錢,,1911*****,
428,顏聖冠,107年直轄市議員選舉,首次申報,1071222,雜支支出,台灣電力公司,03765704,0.00,2374.00,水電費用,金錢,,1911*****,
429,顏聖冠,107年直轄市議員選舉,首次申報,1071222,雜支支出,臺北自來水事業處,03774909,0.00,478.00,水電費用,金錢,,02-8*****,
430,顏聖冠,107年直轄市議員選舉,首次申報,1071222,雜支支出,新合發糕餅行,15383602,0.00,20340.00,餐飲費用,金錢,臺北市萬華區****,2306*****,
