﻿序號,擬參選人／政黨,選舉名稱,申報序號／年度,交易日期,收支科目,捐贈者／支出對象,身分證／統一編號,收入金額,支出金額,捐贈方式,存入專戶日期,返還/繳庫,支出用途,金錢類,地址,聯絡電話,應揭露之支出對象,支出對象之內部人員姓名,支出對象之內部人員職稱,政黨之內部人員姓名,政黨之內部人員職稱,關係,更正註記,資料更正日期
1,黃偉群,111年桃園市議員選舉,首次申報,1110713,個人捐贈收入,葉采潔,,500.00,0.00,匯款,1110722,,,金錢,臺南市南區喜****,+886*****,,,,,,,,
2,黃偉群,111年桃園市議員選舉,首次申報,1110715,個人捐贈收入,吳俊宏,H12*******,6000.00,0.00,現金,1110722,,,金錢,桃園市桃園區****,0916*****,,,,,,,,
3,黃偉群,111年桃園市議員選舉,首次申報,1110729,個人捐贈收入,丁祖望,,3000.00,0.00,匯款,1110805,,,金錢,嘉義市東區立****,+886*****,,,,,,,,
4,黃偉群,111年桃園市議員選舉,首次申報,1110731,個人捐贈收入,黃柏毅,,3000.00,0.00,匯款,1110805,,,金錢,桃園市中壢區****,+886*****,,,,,,,,
5,黃偉群,111年桃園市議員選舉,首次申報,1110809,個人捐贈收入,賴順吉,,300.00,0.00,匯款,1110812,,,金錢,桃園市龜山區****,+886*****,,,,,,,,
6,黃偉群,111年桃園市議員選舉,首次申報,1110810,個人捐贈收入,羅凱葳,,500.00,0.00,匯款,1110819,,,金錢,高雄市小港區****,+886*****,,,,,,,,
7,黃偉群,111年桃園市議員選舉,首次申報,1110819,匿名捐贈,匿名3,,3000.00,0.00,匯款,1110826,,,金錢,,,,,,,,,,
8,黃偉群,111年桃園市議員選舉,首次申報,1110907,匿名捐贈,匿名1,,1030.00,0.00,匯款,1110907,,,金錢,,,,,,,,,,
9,黃偉群,111年桃園市議員選舉,首次申報,1111005,匿名捐贈,匿名3,,1000.00,0.00,現金,1111005,,,金錢,,,,,,,,,,
10,黃偉群,111年桃園市議員選舉,首次申報,1111008,個人捐贈收入,朱天季,,3000.00,0.00,匯款,1111011,,,金錢,臺北市中正區****,+886*****,,,,,,,,
11,黃偉群,111年桃園市議員選舉,首次申報,1111016,個人捐贈收入,呂紀騰,,10000.00,0.00,匯款,1111025,,,金錢,新北市新莊區****,,,,,,,,,
12,黃偉群,111年桃園市議員選舉,首次申報,1111031,匿名捐贈,匿名,,888.00,0.00,匯款,1111104,,,金錢,,,,,,,,,,
13,黃偉群,111年桃園市議員選舉,首次申報,1111104,個人捐贈收入,吳政霖,,10000.00,0.00,匯款,1111108,,,金錢,桃園市龜山區****,0282*****,,,,,,,,
14,黃偉群,111年桃園市議員選舉,首次申報,1111104,匿名捐贈,匿名2,,1000.00,0.00,現金,1111104,,,金錢,,,,,,,,,,
15,黃偉群,111年桃園市議員選舉,首次申報,1111106,人民團體捐贈收入,桃園市讓愛飛揚公益慈善協會,,6000.00,0.00,現金,,,,金錢,桃園市桃園區****,03-3*****,,,,,,,,
16,黃偉群,111年桃園市議員選舉,首次申報,1111106,個人捐贈收入,梁聿鳴,H12*******,10000.00,0.00,現金,,,,金錢,桃園市桃園區****,,,,,,,,,
17,黃偉群,111年桃園市議員選舉,首次申報,1111107,匿名捐贈,匿名3,,2000.00,0.00,現金,,,,金錢,,,,,,,,,,
18,黃偉群,111年桃園市議員選舉,首次申報,1111107,營利事業捐贈收入,廉喬金屬股份有限公司,22113154,50000.00,0.00,現金,,,,金錢,桃園市龜山區****,,,,,,,,,
19,黃偉群,111年桃園市議員選舉,首次申報,1111107,營利事業捐贈收入,順紘實業有限公司,27583366,5000.00,0.00,現金,,,,金錢,新北市新莊區****,0335*****,,,,,,,,
20,黃偉群,111年桃園市議員選舉,首次申報,1111107,營利事業捐贈收入,野松實業股份有限公司,34256661,2000.00,0.00,現金,,,,金錢,桃園市龜山區****,0332*****,,,,,,,,
21,黃偉群,111年桃園市議員選舉,首次申報,1111107,營利事業捐贈收入,浤益國際科技有限公司,42593103,30000.00,0.00,現金,,,,金錢,桃園市龜山區****,,,,,,,,,
22,黃偉群,111年桃園市議員選舉,首次申報,1111107,營利事業捐贈收入,全通電業工程有限公司,42771211,30000.00,0.00,現金,,,,金錢,桃園市龜山區****,0331*****,,,,,,,,
23,黃偉群,111年桃園市議員選舉,首次申報,1111107,營利事業捐贈收入,兆豐藝品店,49077808,50000.00,0.00,現金,,,,金錢,桃園市龜山區****,,,,,,,,,
24,黃偉群,111年桃園市議員選舉,首次申報,1111107,營利事業捐贈收入,心富開發有限公司,53825832,10000.00,0.00,現金,,,,金錢,桃園市桃園區****,,,,,,,,,
25,黃偉群,111年桃園市議員選舉,首次申報,1111107,營利事業捐贈收入,如田企業有限公司,61861297,30000.00,0.00,現金,,,,金錢,桃園市龜山區****,,,,,,,,,
26,黃偉群,111年桃園市議員選舉,首次申報,1111107,營利事業捐贈收入,禾群重機械有限公司,66493856,3000.00,0.00,現金,,,,金錢,新北市樹林區****,0932*****,,,,,,,,
27,黃偉群,111年桃園市議員選舉,首次申報,1111107,營利事業捐贈收入,幼翔實業有限公司,86786916,3000.00,0.00,現金,,,,金錢,桃園市龜山區****,,,,,,,,,
28,黃偉群,111年桃園市議員選舉,首次申報,1111221,其他收入,利息收入,,4.00,0.00,匯款,1111221,,,金錢,,,,,,,,,,
