﻿序號,擬參選人／政黨,選舉名稱,申報序號／年度,交易日期,收支科目,捐贈者／支出對象,身分證／統一編號,收入金額,支出金額,支出用途,金錢類,地址,聯絡電話,資料更正日期
1,吳正國,107年鄉(鎮、市)長選舉,首次申報,1071030,個人捐贈收入,粘惠姿,Q22*******,100000.00,0.00,,金錢,臺中市東區信****,0437*****,
2,吳正國,107年鄉(鎮、市)長選舉,首次申報,1071108,營利事業捐贈收入,環偉實業股份有限公司,12251277,50000.00,0.00,,金錢,南投縣南投市****,0492*****,
3,吳正國,107年鄉(鎮、市)長選舉,首次申報,1071113,個人捐贈收入,謝樹木,F12*******,50000.00,0.00,,金錢,新北市林口區****,0928*****,
4,吳正國,107年鄉(鎮、市)長選舉,首次申報,1071113,個人捐贈收入,石益成,M10*******,60000.00,0.00,,金錢,南投縣草屯鎮****,0935*****,
5,吳正國,107年鄉(鎮、市)長選舉,首次申報,1071114,個人捐贈收入,洪慶利,N12*******,30000.00,0.00,,金錢,新北市蘆洲區****,0910*****,
6,吳正國,107年鄉(鎮、市)長選舉,首次申報,1071121,營利事業捐贈收入,合光機電工業有限公司,06034386,30000.00,0.00,,金錢,南投縣草屯鎮****,,
7,吳正國,107年鄉(鎮、市)長選舉,首次申報,1071121,營利事業捐贈收入,翰永興業股份有限公司,28654732,50000.00,0.00,,金錢,新北市永和區****,,
8,吳正國,107年鄉(鎮、市)長選舉,首次申報,1071221,其他收入,利息收入,,4.00,0.00,,金錢,,,
