﻿序號,擬參選人／政黨,選舉名稱,申報序號／年度,交易日期,收支科目,捐贈者／支出對象,身分證／統一編號,收入金額,支出金額,支出用途,金錢類,地址,聯絡電話,資料更正日期
1,謝維洲,107年直轄市議員選舉,首次申報,1070427,宣傳支出,郵局-北投明德,,0.00,1200.00,郵寄競選物品或宣傳廣告支出,金錢,臺北市北投區****,,
2,謝維洲,107年直轄市議員選舉,首次申報,1070427,宣傳支出,綠色和平廣播股份有限公司,89339531,0.00,50000.00,製作宣傳廣告支出,金錢,新北市三重區****,,
3,謝維洲,107年直轄市議員選舉,首次申報,1070502,宣傳支出,明昶國際有限公司,53726220,0.00,184685.00,製作宣傳廣告支出,金錢,新北市中和區****,,
4,謝維洲,107年直轄市議員選舉,首次申報,1070504,雜支支出,麗翔園藝有限公司,53715568,0.00,105000.00,康乃馨,金錢,新北市淡水區****,,
5,謝維洲,107年直轄市議員選舉,首次申報,1070507,雜支支出,立春企業有限公司,80552573,0.00,998.00,影印紙,金錢,新北市蘆洲區****,,
6,謝維洲,107年直轄市議員選舉,首次申報,1070507,租用競選辦事處支出,林張碧霞,A20*******,0.00,57000.00,租用競選辦事處費用,金錢,臺北市士林區****,,
7,謝維洲,107年直轄市議員選舉,首次申報,1070510,租用宣傳車輛支出,關渡汽車有限公司,80649057,0.00,450.00,宣傳車驗車費,金錢,臺北市北投區****,,
8,謝維洲,107年直轄市議員選舉,首次申報,1070510,雜支支出,裕芳工藝社,81636116,0.00,1200.00,雜項購置或修繕費用,金錢,,,
9,謝維洲,107年直轄市議員選舉,首次申報,1070516,租用競選辦事處支出,立春企業有限公司,80552573,0.00,1365.00,影印機月租費,金錢,新北市蘆洲區****,,
10,謝維洲,107年直轄市議員選舉,首次申報,1070523,雜支支出,光清電器行,31310347,0.00,2000.00,雜項購置或修繕費用,金錢,臺北市士林區****,,
11,謝維洲,107年直轄市議員選舉,首次申報,1070525,雜支支出,金采客家小館,25670483,0.00,2190.00,餐費,金錢,臺北市士林區****,,
12,謝維洲,107年直轄市議員選舉,首次申報,1070528,租用競選辦事處支出,寬林有限公司,23631768,0.00,8000.00,碎紙機,金錢,臺北市士林區****,,
13,謝維洲,107年直轄市議員選舉,首次申報,1070531,人事費用支出,林昀蓁,A22*******,0.00,23000.00,工資或薪津,金錢,臺北市北投區****,,
14,謝維洲,107年直轄市議員選舉,首次申報,1070605,租用競選辦事處支出,林張碧霞,A20*******,0.00,57000.00,租用競選辦事處費用,金錢,臺北市士林區****,,
15,謝維洲,107年直轄市議員選舉,首次申報,1070605,人事費用支出,賴立文,K22*******,0.00,10000.00,工資或薪津,金錢,新竹市東區錦****,,
16,謝維洲,107年直轄市議員選舉,首次申報,1070607,宣傳支出,熊組有限公司,24772738,0.00,20000.00,演講或表演支出,金錢,臺北市中山區****,,
17,謝維洲,107年直轄市議員選舉,首次申報,1070607,集會支出,一流彌月油飯,31813328,0.00,9000.00,餐飲支出,金錢,臺北市大安區****,,
18,謝維洲,107年直轄市議員選舉,首次申報,1070613,集會支出,台北市政府環保局,,0.00,3000.00,租用設備支出,金錢,,流動廁所*****,
19,謝維洲,107年直轄市議員選舉,首次申報,1070615,雜支支出,立春企業有限公司,80552573,0.00,1365.00,影印機月租費,金錢,新北市蘆洲區****,,
20,謝維洲,107年直轄市議員選舉,首次申報,1070615,返還支出,謝進明,F12*******,0.00,50000.00,返還,金錢,新北市樹林區****,,
21,謝維洲,107年直轄市議員選舉,首次申報,1070621,宣傳支出,成昌印刷事業股份有限公司,,0.00,11500.00,製作競選物品支出（物品名稱-文宣）,金錢,臺北市大同區****,,
22,謝維洲,107年直轄市議員選舉,首次申報,1070625,人事費用支出,林昀蓁,A22*******,0.00,15000.00,工資或薪津,金錢,臺北市北投區****,,
23,謝維洲,107年直轄市議員選舉,首次申報,1070627,雜支支出,中華電信股份有限公司,81691784,0.00,1891.00,辦公室電話費,金錢,臺北市大安區****,,
24,謝維洲,107年直轄市議員選舉,首次申報,1070701,雜支支出,台灣電力公司,31096199,0.00,5129.00,電費,金錢,臺北市士林區****,,
25,謝維洲,107年直轄市議員選舉,首次申報,1070703,交通旅運支出,台灣高鐵,16446274,0.00,1415.00,車資,金錢,臺北市南港區****,,
26,謝維洲,107年直轄市議員選舉,首次申報,1070705,租用競選辦事處支出,林張碧霞,A20*******,0.00,57000.00,租用競選辦事處費用,金錢,臺北市士林區****,,
27,謝維洲,107年直轄市議員選舉,首次申報,1070706,雜支支出,台亞石油,21590045,0.00,1453.00,油資,金錢,新北市三重區****,,
28,謝維洲,107年直轄市議員選舉,首次申報,1070708,交通旅運支出,台灣高鐵,16446274,0.00,1460.00,車資,金錢,臺北市南港區****,,
29,謝維洲,107年直轄市議員選舉,首次申報,1070708,交通旅運支出,台灣高鐵,16446274,0.00,1460.00,車資,金錢,臺北市南港區****,,
30,謝維洲,107年直轄市議員選舉,首次申報,1070709,雜支支出,中華電信股份有限公司,81691784,0.00,769.00,辦公室電話費,金錢,臺北市大安區****,,
31,謝維洲,107年直轄市議員選舉,首次申報,1070713,雜支支出,台灣中油,48894160,0.00,1509.00,油資,金錢,臺北市北投區****,,
32,謝維洲,107年直轄市議員選舉,首次申報,1070713,雜支支出,詮虹企業有限公司,53423767,0.00,32500.00,製作競選物品支出（物品名稱-水）,金錢,新北市蘆洲區****,,
33,謝維洲,107年直轄市議員選舉,首次申報,1070719,雜支支出,百齡國小,,0.00,3000.00,租借場地,金錢,臺北市士林區****,,
34,謝維洲,107年直轄市議員選舉,首次申報,1070719,雜支支出,中華電信股份有限公司,81691784,0.00,2779.00,辦公室電話費,金錢,臺北市大安區****,,
35,謝維洲,107年直轄市議員選舉,首次申報,1070719,雜支支出,中華電信股份有限公司,81691784,0.00,151.00,辦公室電話費,金錢,臺北市大安區****,,
36,謝維洲,107年直轄市議員選舉,首次申報,1070720,雜支支出,立春企業有限公司,,0.00,1365.00,印表機月租費,金錢,新北市蘆洲區****,,
37,謝維洲,107年直轄市議員選舉,首次申報,1070720,雜支支出,金采客家小館,25670483,0.00,1710.00,餐費,金錢,臺北市士林區****,,
38,謝維洲,107年直轄市議員選舉,首次申報,1070723,雜支支出,金采客家小館,25670483,0.00,1190.00,餐費,金錢,臺北市士林區****,,
39,謝維洲,107年直轄市議員選舉,首次申報,1070724,雜支支出,美麗和服文化學舍,,0.00,3000.00,浴衣租借,金錢,臺北市中山區****,,
40,謝維洲,107年直轄市議員選舉,首次申報,1070725,交通旅運支出,萬隆交通股份有限公司,,0.00,370.00,車資,金錢,臺北市大安區****,,
41,謝維洲,107年直轄市議員選舉,首次申報,1070725,雜支支出,東峰行,01416646,0.00,8800.00,工作服,金錢,臺北市萬華區****,,
42,謝維洲,107年直轄市議員選舉,首次申報,1070725,宣傳支出,佳引實業有限公司,97103517,0.00,9450.00,製作競選物品支出（物品名稱-易拉展海報）,金錢,臺北市中山區****,,
43,謝維洲,107年直轄市議員選舉,首次申報,1070726,雜支支出,鑫囍小吃店,26343327,0.00,3800.00,餐費,金錢,臺北市中山區****,,
44,謝維洲,107年直轄市議員選舉,首次申報,1070727,返還支出,川山科技有限公司,24930342,0.00,40000.00,返還,金錢,新北市三重區****,,
45,謝維洲,107年直轄市議員選舉,首次申報,1070727,雜支支出,真實娛樂活動工作室,26367306,0.00,10000.00,演講或表演支出,金錢,臺北市中正區****,,
46,謝維洲,107年直轄市議員選舉,首次申報,1070727,雜支支出,璞園餐飲事業有限公司,53763625,0.00,224576.00,餐費,金錢,臺北市士林區****,,
47,謝維洲,107年直轄市議員選舉,首次申報,1070727,宣傳支出,英傑哆股份有限公司,53925403,0.00,84000.00,平面拍攝,金錢,臺北市南港區****,,
48,謝維洲,107年直轄市議員選舉,首次申報,1070727,人事費用支出,賴立文,K22*******,0.00,10000.00,工資或薪津,金錢,新竹市東區錦****,,
49,謝維洲,107年直轄市議員選舉,首次申報,1070730,人事費用支出,林昀蓁,A22*******,0.00,15000.00,工資或薪津,金錢,臺北市北投區****,,
50,謝維洲,107年直轄市議員選舉,首次申報,1070731,雜支支出,郵局-文林,,0.00,604.00,郵寄競選物品或宣傳廣告支出,金錢,臺北市士林區****,,
51,謝維洲,107年直轄市議員選舉,首次申報,1070731,雜支支出,郵局-文林,,0.00,1200.00,郵寄競選物品或宣傳廣告支出,金錢,臺北市士林區****,,
52,謝維洲,107年直轄市議員選舉,首次申報,1070801,雜支支出,北投文林郵局,,0.00,28.00,郵寄競選物品或宣傳廣告支出,金錢,臺北市北投區****,,
53,謝維洲,107年直轄市議員選舉,首次申報,1070801,雜支支出,中華電信股份有限公司,,0.00,2616.00,電話費,金錢,臺北市金山南****,,
54,謝維洲,107年直轄市議員選舉,首次申報,1070801,雜支支出,中華電信股份有限公司,,0.00,1727.00,電話費,金錢,臺北市金山南****,2834*****,
55,謝維洲,107年直轄市議員選舉,首次申報,1070801,雜支支出,花卉營業人1220右攤位,01225479,0.00,1500.00,高架花籃,金錢,臺北市內湖區****,,
56,謝維洲,107年直轄市議員選舉,首次申報,1070801,雜支支出,中華電信,81691784,0.00,567.00,電話費,金錢,臺北市金山南****,,
57,謝維洲,107年直轄市議員選舉,首次申報,1070802,租用競選辦事處支出,林張碧霞,A20*******,0.00,57000.00,房租支出,金錢,臺北市士林區****,,
58,謝維洲,107年直轄市議員選舉,首次申報,1070803,雜支支出,陽裕太陽神,,0.00,285.00,車資,金錢,臺北市****,,
59,謝維洲,107年直轄市議員選舉,首次申報,1070803,雜支支出,永鑫餐館,31948705,0.00,5670.00,餐費,金錢,臺北市中正區****,,
60,謝維洲,107年直轄市議員選舉,首次申報,1070806,雜支支出,花卉營業人1220右攤位,01225479,0.00,1500.00,高架花籃,金錢,臺北市內湖區****,,
61,謝維洲,107年直轄市議員選舉,首次申報,1070807,雜支支出,北投文林郵局,,0.00,56.00,郵寄競選物品或宣傳廣告支出,金錢,臺北市北投區****,,
62,謝維洲,107年直轄市議員選舉,首次申報,1070807,雜支支出,台灣中油,01490119,0.00,1413.00,油資,金錢,臺北市中正區****,,
63,謝維洲,107年直轄市議員選舉,首次申報,1070808,雜支支出,北投文林郵局,,0.00,28.00,郵寄競選物品或宣傳廣告支出,金錢,臺北市北投區****,,
64,謝維洲,107年直轄市議員選舉,首次申報,1070808,雜支支出,得機通訊行,,0.00,13800.00,公務機,金錢,臺北市士林區****,,
65,謝維洲,107年直轄市議員選舉,首次申報,1070808,宣傳支出,三竹資訊股份有限公司,86136982,0.00,20000.00,發送電信簡訊支出,金錢,臺北市中山區****,,
66,謝維洲,107年直轄市議員選舉,首次申報,1070809,租用競選辦事處支出,臺北自來水事業處,03774909,0.00,213.00,水費,金錢,臺北市士林區****,,
67,謝維洲,107年直轄市議員選舉,首次申報,1070809,雜支支出,應安停車場,80158495,0.00,50.00,停車費,金錢,臺北市大安區****,,
68,謝維洲,107年直轄市議員選舉,首次申報,1070810,雜支支出,花卉營業人1220(右)攤位,01225479,0.00,2000.00,蘭花,金錢,臺北市中山區****,,
69,謝維洲,107年直轄市議員選舉,首次申報,1070813,雜支支出,北投文林郵局,,0.00,32.00,郵寄競選物品或宣傳廣告支出,金錢,臺北市北投區****,,
70,謝維洲,107年直轄市議員選舉,首次申報,1070813,雜支支出,北投文林郵局,,0.00,38.00,郵寄競選物品或宣傳廣告支出,金錢,臺北市北投區****,,
71,謝維洲,107年直轄市議員選舉,首次申報,1070813,雜支支出,北投文林郵局,,0.00,38.00,郵寄競選物品或宣傳廣告支出,金錢,臺北市北投區****,,
72,謝維洲,107年直轄市議員選舉,首次申報,1070813,雜支支出,新華小吃店,94910312,0.00,3586.00,餐費,金錢,臺北市中山區****,,
73,謝維洲,107年直轄市議員選舉,首次申報,1070814,雜支支出,家樂福,23931879,0.00,2484.00,服務處用品,金錢,臺北市****,,
74,謝維洲,107年直轄市議員選舉,首次申報,1070814,雜支支出,台灣中油,77402191,0.00,1000.00,油資,金錢,臺北市****,,
75,謝維洲,107年直轄市議員選舉,首次申報,1070815,雜支支出,台灣電力公司,,0.00,11096.00,電費,金錢,,,
76,謝維洲,107年直轄市議員選舉,首次申報,1070815,雜支支出,臺北自來水事業處,03774909,0.00,208.00,水費,金錢,臺北市士林區****,,
77,謝維洲,107年直轄市議員選舉,首次申報,1070815,雜支支出,全聯福利中心,53019942,0.00,117.00,服務處用品,金錢,臺北市****,,
78,謝維洲,107年直轄市議員選舉,首次申報,1070815,雜支支出,中華電信股份有限公司,81691784,0.00,160.00,電話費,金錢,臺北市大安區****,,
79,謝維洲,107年直轄市議員選舉,首次申報,1070816,雜支支出,金采客家小館,25670483,0.00,1600.00,餐費,金錢,臺北市士林區****,,
80,謝維洲,107年直轄市議員選舉,首次申報,1070817,雜支支出,立春企業有限公司,80552573,0.00,1365.00,影印機保養,金錢,新北市蘆洲區****,,
81,謝維洲,107年直轄市議員選舉,首次申報,1070819,雜支支出,紅茶店,,0.00,220.00,飲料,金錢,,,
82,謝維洲,107年直轄市議員選舉,首次申報,1070820,雜支支出,亞毅企業有限公司,,0.00,6912.00,服務處燈具,金錢,新北市蘆洲區****,,
83,謝維洲,107年直轄市議員選舉,首次申報,1070820,雜支支出,POYA寶雅,24811471,0.00,326.00,掃街手拿袋,金錢,臺北市士林區****,,
84,謝維洲,107年直轄市議員選舉,首次申報,1070820,雜支支出,廟東手機配件行,47597959,0.00,1945.00,行車紀錄器,金錢,臺中市豐原區****,,
85,謝維洲,107年直轄市議員選舉,首次申報,1070821,雜支支出,通和小吃店,,0.00,1520.00,餐費,金錢,臺北市士林區****,,
86,謝維洲,107年直轄市議員選舉,首次申報,1070821,雜支支出,士林後港郵局,,0.00,84.00,郵寄競選物品或宣傳廣告支出,金錢,臺北市****,,
87,謝維洲,107年直轄市議員選舉,首次申報,1070821,雜支支出,金采客家小館,25670483,0.00,1760.00,餐費,金錢,臺北市士林區****,,
88,謝維洲,107年直轄市議員選舉,首次申報,1070822,雜支支出,萬枝修配鎖匙刻印店,01227785,0.00,200.00,鑰匙,金錢,臺北市中山區****,,
89,謝維洲,107年直轄市議員選舉,首次申報,1070822,雜支支出,台灣中油,77402191,0.00,967.00,油資,金錢,臺北市****,,
90,謝維洲,107年直轄市議員選舉,首次申報,1070823,雜支支出,美樂帝彩色沖印有限公司,,0.00,90.00,大頭照,金錢,臺北市士林區****,,
91,謝維洲,107年直轄市議員選舉,首次申報,1070823,雜支支出,良羐有限公司,12946690,0.00,88200.00,製作競選物品支出（物品名稱-筆）,金錢,新北市深坑區****,,
92,謝維洲,107年直轄市議員選舉,首次申報,1070823,雜支支出,台壽帕股份有限公司,50799563,0.00,6000.00,餐費,金錢,臺北市大安區****,,
93,謝維洲,107年直轄市議員選舉,首次申報,1070827,雜支支出,松園茶業行有限公司,31323716,0.00,2200.00,茶葉,金錢,臺北市士林區****,,
94,謝維洲,107年直轄市議員選舉,首次申報,1070827,宣傳支出,佳引實業有限公司,97103517,0.00,1050.00,製作競選物品支出（物品名稱-手舉牌）,金錢,臺北市中山區****,,
95,謝維洲,107年直轄市議員選舉,首次申報,1070830,雜支支出,東峰行,01416646,0.00,7200.00,製作競選物品支出（物品名稱-團體服）,金錢,臺北市萬華區****,,
96,謝維洲,107年直轄市議員選舉,首次申報,1070830,宣傳支出,東峰行,01416646,0.00,7200.00,製作競選物品支出（物品名稱-團體服）,金錢,臺北市西園路****,,
97,謝維洲,107年直轄市議員選舉,首次申報,1070830,雜支支出,金采客家小館,25670483,0.00,1900.00,餐費,金錢,臺北市士林區****,,
98,謝維洲,107年直轄市議員選舉,首次申報,1070830,雜支支出,佩蓉蔬果行,27193590,0.00,141.00,老人共餐水果,金錢,臺北市士林區****,,
99,謝維洲,107年直轄市議員選舉,首次申報,1070831,雜支支出,郵局,,0.00,392.00,郵寄競選物品或宣傳廣告支出,金錢,,,
100,謝維洲,107年直轄市議員選舉,首次申報,1070831,人事費用支出,王冠友,A12*******,0.00,7200.00,工資或薪津,金錢,臺北市士林區****,,
101,謝維洲,107年直轄市議員選舉,首次申報,1070831,人事費用支出,林昀蓁,A22*******,0.00,3750.00,工資或薪津,金錢,臺北市北投區****,,
102,謝維洲,107年直轄市議員選舉,首次申報,1070831,人事費用支出,王玟雅,A22*******,0.00,5100.00,工資或薪津,金錢,臺北市士林區****,,
103,謝維洲,107年直轄市議員選舉,首次申報,1070831,人事費用支出,劉麗惠,X22*******,0.00,30000.00,工資或薪津,金錢,屏東縣屏東市****,,
104,謝維洲,107年直轄市議員選舉,首次申報,1070903,租用競選辦事處支出,林張碧霞,A20*******,0.00,57000.00,租用競選辦事處費用,金錢,臺北市士林區****,,
105,謝維洲,107年直轄市議員選舉,首次申報,1070907,雜支支出,文林郵局,,0.00,204.00,郵資,金錢,,,
106,謝維洲,107年直轄市議員選舉,首次申報,1070907,公共關係費用支出,花卉營業人,01225479,0.00,2500.00,聯誼交際費用-蘭花,金錢,臺北市內湖區****,,
107,謝維洲,107年直轄市議員選舉,首次申報,1070907,公共關係費用支出,花卉營業人,01225479,0.00,3000.00,聯誼交際費用,金錢,臺北市內湖區****,2658*****,
108,謝維洲,107年直轄市議員選舉,首次申報,1070910,交通旅運支出,計程車乘車證明,,0.00,300.00,搭乘交通工具支出,金錢,,,
109,謝維洲,107年直轄市議員選舉,首次申報,1070910,公共關係費用支出,建忠鮮花部,,0.00,1200.00,聯誼交際費用,金錢,臺北市士林區****,2810*****,
110,謝維洲,107年直轄市議員選舉,首次申報,1070910,雜支支出,士林郵局,,0.00,110.00,郵資,金錢,臺北市****,,
111,謝維洲,107年直轄市議員選舉,首次申報,1070910,公共關係費用支出,花卉營業人1220(右)攤位,01225479,0.00,2500.00,聯誼交際費用-高架花籃,金錢,臺北市內湖區****,,
112,謝維洲,107年直轄市議員選舉,首次申報,1070910,雜支支出,金采客家小館,25670483,0.00,1900.00,餐飲費用,金錢,臺北市士林區****,2838*****,
113,謝維洲,107年直轄市議員選舉,首次申報,1070911,雜支支出,統一超商,16847593,0.00,791.00,雜項購置或修繕費用,金錢,,,
114,謝維洲,107年直轄市議員選舉,首次申報,1070911,雜支支出,統一超商,23825434,0.00,1247.00,垃圾袋,金錢,,,
115,謝維洲,107年直轄市議員選舉,首次申報,1070911,雜支支出,佩蓉蔬果行,27193590,0.00,700.00,餐飲費用,金錢,臺北市士林區****,,
116,謝維洲,107年直轄市議員選舉,首次申報,1070911,返還支出,誠美建築開發股份有限公司,28178739,0.00,100000.00,返還,金錢,臺北市松山區****,,
117,謝維洲,107年直轄市議員選舉,首次申報,1070911,雜支支出,中華電信,8161784,0.00,1269.00,電信費用,金錢,臺北市大安區****,,
118,謝維洲,107年直轄市議員選舉,首次申報,1070911,雜支支出,中華電信,81691784,0.00,570.00,電信費用,金錢,臺北市大安區****,,
119,謝維洲,107年直轄市議員選舉,首次申報,1070912,雜支支出,文林郵局,,0.00,100.00,郵票,金錢,,,
120,謝維洲,107年直轄市議員選舉,首次申報,1070913,雜支支出,大同綜合訊電,28715816,0.00,650.00,雜項購置或修繕費用,金錢,,,
121,謝維洲,107年直轄市議員選舉,首次申報,1070913,交通旅運支出,芝山加油站,86740476,0.00,1290.00,油資,金錢,,,
122,謝維洲,107年直轄市議員選舉,首次申報,1070914,公共關係費用支出,建忠鮮花部,,0.00,1200.00,高架花籃,金錢,臺北市士林區****,,
123,謝維洲,107年直轄市議員選舉,首次申報,1070914,雜支支出,南村麵館,25680433,0.00,1015.00,餐飲費用,金錢,臺北市信義區****,,
124,謝維洲,107年直轄市議員選舉,首次申報,1070915,公共關係費用支出,蘭雅鮮花庄,77427968,0.00,1200.00,聯誼交際費用,金錢,臺北市士林區****,,
125,謝維洲,107年直轄市議員選舉,首次申報,1070917,交通旅運支出,台灣高鐵,,0.00,520.00,搭乘交通工具支出,金錢,,,
126,謝維洲,107年直轄市議員選舉,首次申報,1070917,交通旅運支出,山海大飯店,53281330,0.00,1600.00,差旅膳宿支出,金錢,嘉義縣朴子市****,,
127,謝維洲,107年直轄市議員選舉,首次申報,1070917,交通旅運支出,山海大飯店,53281330,0.00,5004.00,差旅膳宿支出,金錢,嘉義縣朴子市****,,
128,謝維洲,107年直轄市議員選舉,首次申報,1070917,租用競選辦事處支出,立春企業有限公司,80552573,0.00,1365.00,租買辦公設備支出,金錢,,印表機租*****,
129,謝維洲,107年直轄市議員選舉,首次申報,1070917,宣傳支出,樺慶國際有限公司,96907002,0.00,168000.00,製作競選物品支出（物品名稱-面紙）,金錢,臺中市西屯區****,,
130,謝維洲,107年直轄市議員選舉,首次申報,1070918,交通旅運支出,台灣高鐵,,0.00,520.00,搭乘交通工具支出,金錢,,,
131,謝維洲,107年直轄市議員選舉,首次申報,1070918,交通旅運支出,計程車乘車證明,,0.00,320.00,搭乘交通工具支出,金錢,,,
132,謝維洲,107年直轄市議員選舉,首次申報,1070918,公共關係費用支出,建忠鮮花部,,0.00,1200.00,聯誼交際費用,金錢,臺北市士林區****,,
133,謝維洲,107年直轄市議員選舉,首次申報,1070918,公共關係費用支出,建忠鮮花部,,0.00,1500.00,聯誼交際費用,金錢,臺北市士林區****,,
134,謝維洲,107年直轄市議員選舉,首次申報,1070918,交通旅運支出,山隆加油站,02770270,0.00,1015.00,油資,金錢,,,
135,謝維洲,107年直轄市議員選舉,首次申報,1070918,雜支支出,墊腳石,24451594,0.00,94.00,文具用品費用,金錢,,,
136,謝維洲,107年直轄市議員選舉,首次申報,1070918,雜支支出,宥棧越式料理,41690401,0.00,830.00,餐飲費用,金錢,新北市新莊區****,,
137,謝維洲,107年直轄市議員選舉,首次申報,1070919,返還支出,環保世界企業有限公司,70511032,0.00,100000.00,返還,金錢,臺北市北投區****,,
138,謝維洲,107年直轄市議員選舉,首次申報,1070919,雜支支出,中華電信,81691784,0.00,138.00,電信費用,金錢,臺北市大安區****,,
139,謝維洲,107年直轄市議員選舉,首次申報,1070919,雜支支出,中華電信,81691784,0.00,582.00,電信費用,金錢,臺北市大安區****,,
140,謝維洲,107年直轄市議員選舉,首次申報,1070919,雜支支出,中華電信,81691784,0.00,3123.00,電信費用,金錢,臺北市大安區****,,
141,謝維洲,107年直轄市議員選舉,首次申報,1070919,返還支出,豐聖投資股份有限公司,97444901,0.00,30000.00,返還,金錢,臺北市大安區****,,
142,謝維洲,107年直轄市議員選舉,首次申報,1070920,宣傳支出,文林郵局,,0.00,161.00,郵寄競選物品或宣傳廣告支出,金錢,,,
143,謝維洲,107年直轄市議員選舉,首次申報,1070920,宣傳支出,讚點子數位行銷有限公司,53684875,0.00,104525.00,製作宣傳廣告支出,金錢,新北市板橋區****,,
144,謝維洲,107年直轄市議員選舉,首次申報,1070921,宣傳支出,文林郵局,,0.00,128.00,郵寄競選物品或宣傳廣告支出,金錢,,,
145,謝維洲,107年直轄市議員選舉,首次申報,1070922,雜支支出,海旺角小吃店,25610850,0.00,1290.00,餐飲費用,金錢,臺北市士林區****,,
146,謝維洲,107年直轄市議員選舉,首次申報,1070923,交通旅運支出,台灣中油,33931201,0.00,1440.00,油資,金錢,,,
147,謝維洲,107年直轄市議員選舉,首次申報,1070925,公共關係費用支出,建忠鮮花部,,0.00,1200.00,聯誼交際費用,金錢,臺北市士林區****,,
148,謝維洲,107年直轄市議員選舉,首次申報,1070925,宣傳支出,泰嵩禮品旗幟社,01838527,0.00,800.00,製作競選物品支出（物品名稱-背帶）,金錢,臺北市士林區****,,
149,謝維洲,107年直轄市議員選舉,首次申報,1070925,雜支支出,都可流行生活飲品,17767885,0.00,231.00,餐飲費用,金錢,,,
150,謝維洲,107年直轄市議員選舉,首次申報,1070925,宣傳支出,詮虹企業有限公司,53423767,0.00,36595.00,製作競選物品支出（物品名稱-飲品）,金錢,新北市蘆洲區****,,
151,謝維洲,107年直轄市議員選舉,首次申報,1070926,宣傳支出,明德郵局,,0.00,84.00,郵寄競選物品或宣傳廣告支出,金錢,,,
152,謝維洲,107年直轄市議員選舉,首次申報,1070928,宣傳支出,明德郵局,,0.00,708.00,郵寄競選物品或宣傳廣告支出,金錢,,,
153,謝維洲,107年直轄市議員選舉,首次申報,1070928,雜支支出,川秀藥局,01395207,0.00,90.00,雜項購置或修繕費用,金錢,臺北市北投區****,,
154,謝維洲,107年直轄市議員選舉,首次申報,1070930,交通旅運支出,明德郵局,77402185,0.00,2023.00,油資,金錢,,,
155,謝維洲,107年直轄市議員選舉,首次申報,1070930,人事費用支出,王冠友,A12*******,0.00,3300.00,工資或薪津,金錢,臺北市士林區****,,
156,謝維洲,107年直轄市議員選舉,首次申報,1070930,人事費用支出,鍾佳伯,A12*******,0.00,10000.00,工資或薪津,金錢,新北市新莊區****,,
157,謝維洲,107年直轄市議員選舉,首次申報,1070930,人事費用支出,林昀蓁,A22*******,0.00,10000.00,工資或薪津,金錢,臺北市北投區****,,
158,謝維洲,107年直轄市議員選舉,首次申報,1070930,人事費用支出,王玟雅,A22*******,0.00,1000.00,工資或薪津,金錢,臺北市士林區****,,
159,謝維洲,107年直轄市議員選舉,首次申報,1070930,人事費用支出,朱誼臻,P22*******,0.00,15000.00,工資或薪津,金錢,臺北市內湖區****,,
160,謝維洲,107年直轄市議員選舉,首次申報,1070930,人事費用支出,林延鳳,T22*******,0.00,35000.00,工資或薪津,金錢,新北市新莊區****,,
161,謝維洲,107年直轄市議員選舉,首次申報,1070930,人事費用支出,劉麗惠,X22*******,0.00,30000.00,工資或薪津,金錢,屏東縣屏東市****,,
162,謝維洲,107年直轄市議員選舉,首次申報,1071001,宣傳支出,文林郵局,,0.00,68.00,郵寄競選物品或宣傳廣告支出,金錢,,,
163,謝維洲,107年直轄市議員選舉,首次申報,1071002,交通旅運支出,西歐加油站,16285093,0.00,1343.00,油資,金錢,,,
164,謝維洲,107年直轄市議員選舉,首次申報,1071002,雜支支出,家樂福,23931879,0.00,252.00,雜項購置或修繕費用,金錢,,,
165,謝維洲,107年直轄市議員選舉,首次申報,1071003,雜支支出,7-ELEVEN,16436711,0.00,215.00,雜項購置或修繕費用,金錢,,,
166,謝維洲,107年直轄市議員選舉,首次申報,1071003,交通旅運支出,國園加油站,23541648,0.00,1000.00,油資,金錢,,,
167,謝維洲,107年直轄市議員選舉,首次申報,1071003,返還支出,社團法人台灣長工會,48789195,0.00,100000.00,返還,金錢,臺北市大同區****,,
168,謝維洲,107年直轄市議員選舉,首次申報,1071003,雜支支出,享杜蔬果行,48957994,0.00,305.00,餐飲費用,金錢,臺北市士林區****,,
169,謝維洲,107年直轄市議員選舉,首次申報,1071003,租用競選辦事處支出,林張碧霞,A20*******,0.00,57000.00,租用競選辦事處費用,金錢,臺北市士林區****,,
170,謝維洲,107年直轄市議員選舉,首次申報,1071004,宣傳支出,裕芳工藝社,81636116,0.00,2400.00,製作競選物品支出（物品名稱-中堂）,金錢,,,
171,謝維洲,107年直轄市議員選舉,首次申報,1071005,宣傳支出,文林郵局,,0.00,42.00,郵寄競選物品或宣傳廣告支出,金錢,,,
172,謝維洲,107年直轄市議員選舉,首次申報,1071005,交通旅運支出,計程車乘車證明,,0.00,130.00,搭乘交通工具支出,金錢,,2759*****,
173,謝維洲,107年直轄市議員選舉,首次申報,1071005,公共關係費用支出,建忠鮮花部,,0.00,1200.00,聯誼交際費用,金錢,臺北市士林區****,,
174,謝維洲,107年直轄市議員選舉,首次申報,1071005,雜支支出,霸金薑母鴨店,42427055,0.00,1080.00,餐飲費用,金錢,臺北市士林區****,,
175,謝維洲,107年直轄市議員選舉,首次申報,1071005,雜支支出,中華電信,81691784,0.00,1174.00,電信費用,金錢,臺北市大安區****,,
176,謝維洲,107年直轄市議員選舉,首次申報,1071005,雜支支出,中華電信,81691784,0.00,2416.00,電信費用,金錢,臺北市大安區****,,
177,謝維洲,107年直轄市議員選舉,首次申報,1071005,雜支支出,中華電信,81691784,0.00,163.00,電信費用,金錢,臺北市大安區****,,
178,謝維洲,107年直轄市議員選舉,首次申報,1071006,雜支支出,金采客家小館,25670483,0.00,2400.00,餐飲費用,金錢,臺北市士林區****,,
179,謝維洲,107年直轄市議員選舉,首次申報,1071007,交通旅運支出,台灣中油,02097304,0.00,1495.00,油資,金錢,,,
180,謝維洲,107年直轄市議員選舉,首次申報,1071007,交通旅運支出,聯永物業股份有限公司,72935660,0.00,30.00,油資,金錢,,,
181,謝維洲,107年直轄市議員選舉,首次申報,1071008,宣傳支出,明德郵局,,0.00,48.00,郵寄競選物品或宣傳廣告支出,金錢,,,
182,謝維洲,107年直轄市議員選舉,首次申報,1071008,宣傳支出,裕芳工藝社,,0.00,1200.00,製作競選物品支出（物品名稱-中堂）,金錢,,,
183,謝維洲,107年直轄市議員選舉,首次申報,1071008,雜支支出,曉平家常菜,77429059,0.00,1080.00,餐飲費用,金錢,臺北市士林區****,,
184,謝維洲,107年直轄市議員選舉,首次申報,1071008,雜支支出,一緯文教企業社,99622613,0.00,175.00,文具用品費用,金錢,臺北市士林區****,,
185,謝維洲,107年直轄市議員選舉,首次申報,1071009,雜支支出,美樂蒂彩色印刷有限公司,,0.00,40.00,雜項購置或修繕費用,金錢,臺北市士林區****,,
186,謝維洲,107年直轄市議員選舉,首次申報,1071009,宣傳支出,明德郵局,,0.00,24.00,郵寄競選物品或宣傳廣告支出,金錢,,,
187,謝維洲,107年直轄市議員選舉,首次申報,1071009,公共關係費用支出,花卉營業人1220(右)攤位,01225479,0.00,3000.00,聯誼交際費用,金錢,,,
188,謝維洲,107年直轄市議員選舉,首次申報,1071009,公共關係費用支出,花卉營業人1220(右)攤位,01225479,0.00,4000.00,聯誼交際費用,金錢,臺北市內湖區****,,
189,謝維洲,107年直轄市議員選舉,首次申報,1071010,雜支支出,金采客家小館,25670483,0.00,2350.00,餐飲費用,金錢,臺北市士林區****,,
190,謝維洲,107年直轄市議員選舉,首次申報,1071011,雜支支出,林記大鐤小吃店,48753400,0.00,510.00,餐飲費用,金錢,臺北市北投區****,,
191,謝維洲,107年直轄市議員選舉,首次申報,1071012,公共關係費用支出,建忠鮮花部,,0.00,1200.00,聯誼交際費用,金錢,臺北市士林區****,,
192,謝維洲,107年直轄市議員選舉,首次申報,1071012,公共關係費用支出,建忠鮮花部,,0.00,1200.00,聯誼交際費用,金錢,臺北市士林區****,,
193,謝維洲,107年直轄市議員選舉,首次申報,1071012,雜支支出,臻進水電行,,0.00,110.00,雜項購置或修繕費用,金錢,臺北市士林區****,,
194,謝維洲,107年直轄市議員選舉,首次申報,1071012,交通旅運支出,計程車乘車證明,,0.00,85.00,搭乘交通工具支出,金錢,,,
195,謝維洲,107年直轄市議員選舉,首次申報,1071012,公共關係費用支出,建忠鮮花店,,0.00,3000.00,聯誼交際費用,金錢,臺北市士林區****,,
196,謝維洲,107年直轄市議員選舉,首次申報,1071012,公共關係費用支出,花卉營業人1220(右)攤位,01225479,0.00,2500.00,聯誼交際費用,金錢,,,
197,謝維洲,107年直轄市議員選舉,首次申報,1071012,公共關係費用支出,花卉營業人1220(右)攤位,01225479,0.00,1500.00,聯誼交際費用,金錢,,,
198,謝維洲,107年直轄市議員選舉,首次申報,1071012,雜支支出,國勝傳統小吃店,13832647,0.00,600.00,餐飲費用,金錢,臺北市士林區****,,
199,謝維洲,107年直轄市議員選舉,首次申報,1071012,交通旅運支出,芝山加油站,86740476,0.00,2019.00,油資,金錢,,,
200,謝維洲,107年直轄市議員選舉,首次申報,1071013,公共關係費用支出,建忠鮮花部,,0.00,2000.00,聯誼交際費用,金錢,臺北市士林區****,,
201,謝維洲,107年直轄市議員選舉,首次申報,1071013,公共關係費用支出,建忠鮮花部,,0.00,1200.00,聯誼交際費用,金錢,臺北市士林區****,,
202,謝維洲,107年直轄市議員選舉,首次申報,1071013,雜支支出,7-ELEVEN,,0.00,432.00,雜項購置或修繕費用-垃圾袋,金錢,,,
203,謝維洲,107年直轄市議員選舉,首次申報,1071013,雜支支出,北投文林郵局,,0.00,28.00,郵寄競選物品或宣傳廣告支出,金錢,臺北市北投區****,,
204,謝維洲,107年直轄市議員選舉,首次申報,1071013,公共關係費用支出,花卉營業人1220(右)攤位,01225479,0.00,3000.00,聯誼交際費用,金錢,,,
205,謝維洲,107年直轄市議員選舉,首次申報,1071013,雜支支出,北投市場245攤位,01368644,0.00,400.00,餐飲費用,金錢,臺北市北投區****,,
206,謝維洲,107年直轄市議員選舉,首次申報,1071013,集會支出,新勝利音響企業社,34770409,0.00,12000.00,租用設備支出-搭架,金錢,新北市土城區****,,
207,謝維洲,107年直轄市議員選舉,首次申報,1071013,集會支出,新勝利音響企業社,34770409,0.00,13000.00,租用設備支出,金錢,新北市土城區****,,
208,謝維洲,107年直轄市議員選舉,首次申報,1071013,集會支出,新勝利音響企業社,34770409,0.00,10000.00,租用設備支出-舞台屋頂,金錢,新北市土城區****,,
209,謝維洲,107年直轄市議員選舉,首次申報,1071013,集會支出,新勝利音響企業社,34770409,0.00,6000.00,租用設備支出,金錢,新北市土城區****,,
210,謝維洲,107年直轄市議員選舉,首次申報,1071013,集會支出,新勝利音響企業社,34770409,0.00,7000.00,租用設備支出-桌椅租借,金錢,新北市土城區****,,
211,謝維洲,107年直轄市議員選舉,首次申報,1071013,集會支出,忠誠號,38493258,0.00,780.00,餐飲支出,金錢,臺北市士林區****,,
212,謝維洲,107年直轄市議員選舉,首次申報,1071013,集會支出,朋如岳商行,42486981,0.00,730.00,餐飲支出,金錢,臺北市士林區****,,
213,謝維洲,107年直轄市議員選舉,首次申報,1071013,雜支支出,全聯福利中心,51828101,0.00,409.00,雜項購置或修繕費用,金錢,,,
214,謝維洲,107年直轄市議員選舉,首次申報,1071013,雜支支出,上大五金水電材料,83910737,0.00,315.00,雜項購置或修繕費用,金錢,臺北市士林區****,,
215,謝維洲,107年直轄市議員選舉,首次申報,1071013,人事費用支出,賴立文,K22*******,0.00,10000.00,工資或薪津,金錢,新竹市東區錦****,,
216,謝維洲,107年直轄市議員選舉,首次申報,1071014,交通旅運支出,台灣中油,02097304,0.00,1466.00,油資,金錢,,,
217,謝維洲,107年直轄市議員選舉,首次申報,1071014,雜支支出,芝山鵝肉店,26238850,0.00,1200.00,餐飲費用,金錢,臺北市士林區****,,
218,謝維洲,107年直轄市議員選舉,首次申報,1071015,宣傳支出,明德郵局,,0.00,50.00,郵寄競選物品或宣傳廣告支出,金錢,,,
219,謝維洲,107年直轄市議員選舉,首次申報,1071015,雜支支出,文帥印刷品行,81657809,0.00,240.00,文具用品費用,金錢,臺北市北投區****,,
220,謝維洲,107年直轄市議員選舉,首次申報,1071016,雜支支出,臺北自來水事業處,03774909,0.00,235.00,水電瓦斯費用,金錢,臺北市士林區****,,
221,謝維洲,107年直轄市議員選舉,首次申報,1071016,雜支支出,台灣電力公司,31096199,0.00,11718.00,水電瓦斯費用,金錢,臺北市士林區****,,
222,謝維洲,107年直轄市議員選舉,首次申報,1071016,交通旅運支出,憂庭電機股份有限公司,31892364,0.00,60.00,停車費,金錢,臺北市北投區****,,
223,謝維洲,107年直轄市議員選舉,首次申報,1071016,租用競選辦事處支出,立春企業有限公司,80552573,0.00,1365.00,租辦公設備支出-影印機,金錢,新北市蘆洲區****,,
224,謝維洲,107年直轄市議員選舉,首次申報,1071016,交通旅運支出,芝山加油站,86740476,0.00,1300.00,油資,金錢,,,
225,謝維洲,107年直轄市議員選舉,首次申報,1071017,交通旅運支出,計程車乘車證明,,0.00,75.00,搭乘交通工具支出,金錢,,,
226,謝維洲,107年直轄市議員選舉,首次申報,1071017,交通旅運支出,台灣中油,01606300,0.00,2016.00,油資,金錢,,,
227,謝維洲,107年直轄市議員選舉,首次申報,1071017,雜支支出,墊腳石,24451594,0.00,24.00,文具用品費用,金錢,,,
228,謝維洲,107年直轄市議員選舉,首次申報,1071017,雜支支出,墊腳石,24451594,0.00,250.00,文具用品費用,金錢,,,
229,謝維洲,107年直轄市議員選舉,首次申報,1071017,雜支支出,泰倉國際有限公司,52364831,0.00,6072.00,餐飲費用,金錢,臺北市大安區****,,
230,謝維洲,107年直轄市議員選舉,首次申報,1071017,交通旅運支出,台灣中油,77402214,0.00,140.00,油資,金錢,,,
231,謝維洲,107年直轄市議員選舉,首次申報,1071018,宣傳支出,文林郵局,,0.00,73.00,郵寄競選物品或宣傳廣告支出,金錢,,,
232,謝維洲,107年直轄市議員選舉,首次申報,1071018,交通旅運支出,城市車旅,42545525,0.00,50.00,停車費,金錢,,,
233,謝維洲,107年直轄市議員選舉,首次申報,1071018,交通旅運支出,城市車旅,42545525,0.00,50.00,停車費,金錢,,,
234,謝維洲,107年直轄市議員選舉,首次申報,1071018,交通旅運支出,台灣中油,77402191,0.00,673.00,油資,金錢,,,
235,謝維洲,107年直轄市議員選舉,首次申報,1071018,宣傳支出,三竹資訊,86136982,0.00,20000.00,發送電信簡訊支出,金錢,臺北市中山區****,,
236,謝維洲,107年直轄市議員選舉,首次申報,1071018,雜支支出,鬍鬚張,89976290,0.00,285.00,餐飲費用,金錢,,,
237,謝維洲,107年直轄市議員選舉,首次申報,1071019,交通旅運支出,台灣高鐵,,0.00,1490.00,搭乘交通工具支出,金錢,,,
238,謝維洲,107年直轄市議員選舉,首次申報,1071019,交通旅運支出,台灣高鐵,,0.00,1490.00,搭乘交通工具支出,金錢,,,
239,謝維洲,107年直轄市議員選舉,首次申報,1071019,雜支支出,日祥企業社,01833142,0.00,70.00,雜項購置或修繕費用,金錢,臺北市士林區****,,
240,謝維洲,107年直轄市議員選舉,首次申報,1071019,雜支支出,百合麵包園,31301699,0.00,460.00,餐飲費用,金錢,臺北市士林區****,,
241,謝維洲,107年直轄市議員選舉,首次申報,1071019,雜支支出,百合麵包園,31301699,0.00,1770.00,餐飲費用,金錢,臺北市士林區****,,
242,謝維洲,107年直轄市議員選舉,首次申報,1071019,雜支支出,裕星小吃店,31901048,0.00,950.00,餐飲費用,金錢,臺北市士林區****,,
243,謝維洲,107年直轄市議員選舉,首次申報,1071020,交通旅運支出,台灣高鐵,,0.00,1490.00,搭乘交通工具支出,金錢,,,
244,謝維洲,107年直轄市議員選舉,首次申報,1071020,交通旅運支出,台灣高鐵,,0.00,1490.00,搭乘交通工具支出,金錢,,,
245,謝維洲,107年直轄市議員選舉,首次申報,1071020,宣傳支出,真實娛樂活動工作室,26367306,0.00,10000.00,演講或表演支出,金錢,臺北市中正區****,,
246,謝維洲,107年直轄市議員選舉,首次申報,1071020,交通旅運支出,歐特儀股份有限公司,31939184,0.00,1000.00,停車費,金錢,,,
247,謝維洲,107年直轄市議員選舉,首次申報,1071020,交通旅運支出,都會生活開發股份公司高雄分公司,53433300,0.00,5400.00,差旅膳宿支出,金錢,高雄市新興區****,,
248,謝維洲,107年直轄市議員選舉,首次申報,1071020,交通旅運支出,DUAKAOHSIUNG,53433300,0.00,5400.00,差旅膳宿支出,金錢,高雄市新興區****,,
249,謝維洲,107年直轄市議員選舉,首次申報,1071021,雜支支出,鴻發百貨行,31218496,0.00,80.00,雜項購置或修繕費用,金錢,臺北市北投區****,,
250,謝維洲,107年直轄市議員選舉,首次申報,1071022,交通旅運支出,台灣中油,02097304,0.00,1500.00,油資,金錢,,,
251,謝維洲,107年直轄市議員選舉,首次申報,1071023,宣傳支出,文林郵局,,0.00,32.00,郵寄競選物品或宣傳廣告支出,金錢,,,
252,謝維洲,107年直轄市議員選舉,首次申報,1071023,雜支支出,日祥企業社,01833142,0.00,140.00,雜項購置或修繕費用-噴漆,金錢,臺北市士林區****,,
253,謝維洲,107年直轄市議員選舉,首次申報,1071024,雜支支出,利旺食品行,13462237,0.00,5000.00,餐飲費用,金錢,臺北市士林區****,,
254,謝維洲,107年直轄市議員選舉,首次申報,1071024,交通旅運支出,台亞石油,21590045,0.00,1089.00,油資,金錢,,,
255,謝維洲,107年直轄市議員選舉,首次申報,1071025,交通旅運支出,皇冠大車隊,,0.00,325.00,搭乘交通工具支出,金錢,,,
256,謝維洲,107年直轄市議員選舉,首次申報,1071025,交通旅運支出,台灣中油,01391292,0.00,1758.00,油資,金錢,,,
257,謝維洲,107年直轄市議員選舉,首次申報,1071025,雜支支出,華珍企業有限公司,11652077,0.00,825.00,雜項購置或修繕費用,金錢,臺北市士林區****,,
258,謝維洲,107年直轄市議員選舉,首次申報,1071025,雜支支出,承真有限公司,53558841,0.00,180.00,雜項購置或修繕費用,金錢,臺北市北投區****,,
259,謝維洲,107年直轄市議員選舉,首次申報,1071025,交通旅運支出,台灣中油,77402191,0.00,1256.00,油資,金錢,,,
260,謝維洲,107年直轄市議員選舉,首次申報,1071025,交通旅運支出,芝山加油站,86740476,0.00,300.00,油資,金錢,,,
261,謝維洲,107年直轄市議員選舉,首次申報,1071025,交通旅運支出,芝山加油站,86740476,0.00,665.00,油資,金錢,,,
262,謝維洲,107年直轄市議員選舉,首次申報,1071026,雜支支出,芝山加油站,02447674,0.00,3000.00,餐飲費用,金錢,新北市五股區****,,
263,謝維洲,107年直轄市議員選舉,首次申報,1071026,交通旅運支出,芝山加油站,86740476,0.00,140.00,油資,金錢,,,
264,謝維洲,107年直轄市議員選舉,首次申報,1071026,宣傳支出,力罕廣告企業有限公司,89977994,0.00,800.00,製作競選物品支出（物品名稱-號碼貼紙(電腦刻字)）,金錢,臺北市北投區****,,
265,謝維洲,107年直轄市議員選舉,首次申報,1071028,雜支支出,長欣五金行,01381175,0.00,170.00,雜項購置或修繕費用,金錢,臺北市北投區****,,
266,謝維洲,107年直轄市議員選舉,首次申報,1071028,交通旅運支出,中興電工,80029824,0.00,160.00,停車費,金錢,臺北市南港區****,,
267,謝維洲,107年直轄市議員選舉,首次申報,1071028,雜支支出,燦坤,80328718,0.00,848.00,雜項購置或修繕費用,金錢,臺北市北投區****,,
268,謝維洲,107年直轄市議員選舉,首次申報,1071029,交通旅運支出,台灣中油,02097304,0.00,1524.00,油資,金錢,,,
269,謝維洲,107年直轄市議員選舉,首次申報,1071029,公共關係費用支出,天地花坊,15915397,0.00,7852.00,聯誼交際費用,金錢,臺北市萬華區****,,
270,謝維洲,107年直轄市議員選舉,首次申報,1071029,宣傳支出,讚點子數位行銷有限公司,53684875,0.00,98680.00,製作宣傳廣告支出,金錢,新北市板橋區****,,
271,謝維洲,107年直轄市議員選舉,首次申報,1071030,交通旅運支出,台灣中油,01391309,0.00,150.00,油資,金錢,,,
272,謝維洲,107年直轄市議員選舉,首次申報,1071030,雜支支出,上大五金水電材料行,83910737,0.00,578.00,雜項購置或修繕費用,金錢,臺北市士林區****,,
273,謝維洲,107年直轄市議員選舉,首次申報,1071030,交通旅運支出,芝山加油站,86740476,0.00,675.00,油資,金錢,,,
274,謝維洲,107年直轄市議員選舉,首次申報,1071030,交通旅運支出,芝山加油站,86740476,0.00,1273.00,油資,金錢,,,
275,謝維洲,107年直轄市議員選舉,首次申報,1071030,宣傳支出,力罕廣告企業有限公司,89977994,0.00,20000.00,製作競選物品支出（物品名稱-號碼貼紙(電腦刻字)）,金錢,臺北市北投區****,,
276,謝維洲,107年直轄市議員選舉,首次申報,1071030,宣傳支出,佳引實業有限公司,97103517,0.00,1512.00,製作競選物品支出（物品名稱-海報）,金錢,臺北市中山區****,,
277,謝維洲,107年直轄市議員選舉,首次申報,1071031,宣傳支出,成昌印刷事業股份有限公司,04339089,0.00,55650.00,製作競選物品支出（物品名稱-印刷費）,金錢,臺北市士林區****,,
278,謝維洲,107年直轄市議員選舉,首次申報,1071031,雜支支出,承真有限公司,53558841,0.00,327.00,雜項購置或修繕費用,金錢,臺北市北投區****,,
279,謝維洲,107年直轄市議員選舉,首次申報,1071031,雜支支出,中華電信,81691784,0.00,146.00,電信費用,金錢,臺北市大安區****,,
280,謝維洲,107年直轄市議員選舉,首次申報,1071031,雜支支出,中華電信,81691784,0.00,1746.00,電信費用,金錢,臺北市大安區****,,
281,謝維洲,107年直轄市議員選舉,首次申報,1071031,雜支支出,中華電信,81691784,0.00,2956.00,電信費用,金錢,臺北市大安區****,,
282,謝維洲,107年直轄市議員選舉,首次申報,1071031,交通旅運支出,芝山加油站,86740476,0.00,1700.00,油資,金錢,,,
283,謝維洲,107年直轄市議員選舉,首次申報,1071031,宣傳支出,佳引實業有限公司,97103517,0.00,3129.00,製作競選物品支出（物品名稱-PVC合成板）,金錢,臺北市中山區****,,
284,謝維洲,107年直轄市議員選舉,首次申報,1071031,宣傳支出,佳引實業有限公司,97103517,0.00,1187.00,製作競選物品支出（物品名稱-海報）,金錢,臺北市中山區****,,
285,謝維洲,107年直轄市議員選舉,首次申報,1071031,人事費用支出,鍾佳伯,A12*******,0.00,10000.00,工資或薪津,金錢,新北市新莊區****,,
286,謝維洲,107年直轄市議員選舉,首次申報,1071031,人事費用支出,張立旻,A12*******,0.00,3000.00,工資或薪津,金錢,臺北市北投區****,,
287,謝維洲,107年直轄市議員選舉,首次申報,1071031,人事費用支出,李奇達,A12*******,0.00,3000.00,工資或薪津,金錢,新北市新莊區****,,
288,謝維洲,107年直轄市議員選舉,首次申報,1071031,人事費用支出,王冠友,A12*******,0.00,450.00,工資或薪津,金錢,臺北市士林區****,,
289,謝維洲,107年直轄市議員選舉,首次申報,1071031,人事費用支出,林昀蓁,A22*******,0.00,38700.00,工資或薪津,金錢,臺北市北投區****,,
290,謝維洲,107年直轄市議員選舉,首次申報,1071031,人事費用支出,胡雅玟,A22*******,0.00,3000.00,工資或薪津,金錢,臺北市北投區****,,
291,謝維洲,107年直轄市議員選舉,首次申報,1071031,人事費用支出,王玟雅,A22*******,0.00,3600.00,工資或薪津,金錢,臺北市士林區****,,
292,謝維洲,107年直轄市議員選舉,首次申報,1071031,人事費用支出,賴泓維,F12*******,0.00,3000.00,工資或薪津,金錢,新北市泰山區****,,
293,謝維洲,107年直轄市議員選舉,首次申報,1071031,租用宣傳車輛支出,林禮邕,F12*******,0.00,30000.00,雇用宣傳車輛駕駛支出,金錢,新北市石碇區****,,
294,謝維洲,107年直轄市議員選舉,首次申報,1071031,人事費用支出,鄭春芳,N22*******,0.00,3000.00,工資或薪津,金錢,臺北市士林區****,,
295,謝維洲,107年直轄市議員選舉,首次申報,1071031,人事費用支出,林延鳳,T22*******,0.00,3000.00,工資或薪津,金錢,新北市新莊區****,,
296,謝維洲,107年直轄市議員選舉,首次申報,1071031,人事費用支出,劉麗惠,X22*******,0.00,30000.00,工資或薪津,金錢,屏東縣屏東市****,,
297,謝維洲,107年直轄市議員選舉,首次申報,1071101,公共關係費用支出,花卉營業人1220(右)攤位,01225479,0.00,2000.00,聯誼交際費用,金錢,,,
298,謝維洲,107年直轄市議員選舉,首次申報,1071101,公共關係費用支出,彩龍舞蹈服裝工作室,10371655,0.00,1500.00,文康活動費用,金錢,臺北市萬華區****,,
299,謝維洲,107年直轄市議員選舉,首次申報,1071101,雜支支出,一流彌月油飯,31813328,0.00,3500.00,餐飲費用,金錢,臺北市中正區****,,
300,謝維洲,107年直轄市議員選舉,首次申報,1071102,公共關係費用支出,建忠鮮花部,,0.00,1200.00,聯誼交際費用,金錢,,,
301,謝維洲,107年直轄市議員選舉,首次申報,1071102,宣傳支出,泰嵩禮品旗幟社,01838527,0.00,1000.00,製作競選物品支出（物品名稱-背帶）,金錢,臺北市士林區****,2881*****,
302,謝維洲,107年直轄市議員選舉,首次申報,1071102,宣傳支出,良羐有限公司,12946690,0.00,33000.00,製作競選物品支出（物品名稱-筆）,金錢,新北市深坑區****,,
303,謝維洲,107年直轄市議員選舉,首次申報,1071102,雜支支出,文揚國際有限公司,27300037,0.00,2835.00,雜項購置或修繕費用,金錢,新北市三重區****,,
304,謝維洲,107年直轄市議員選舉,首次申報,1071102,雜支支出,冠德圖書文具社,31327924,0.00,56.00,文具用品費用,金錢,臺北市士林區****,,
305,謝維洲,107年直轄市議員選舉,首次申報,1071102,交通旅運支出,憂庭電機股份有限公司,31892364,0.00,30.00,停車費,金錢,臺北市北投區****,,
306,謝維洲,107年直轄市議員選舉,首次申報,1071102,宣傳支出,明昶國際有限公司,53726220,0.00,18900.00,租用廣告看板或車體廣告支出,金錢,新北市中和區****,,
307,謝維洲,107年直轄市議員選舉,首次申報,1071102,宣傳支出,明昶國際有限公司,53726220,0.00,322037.00,租用廣告看板或車體廣告支出,金錢,新北市中和區****,,
308,謝維洲,107年直轄市議員選舉,首次申報,1071102,交通旅運支出,關渡大業加油站,70576604,0.00,700.00,油資,金錢,,,
309,謝維洲,107年直轄市議員選舉,首次申報,1071102,交通旅運支出,台灣中油,77402191,0.00,1274.00,油資,金錢,,,
310,謝維洲,107年直轄市議員選舉,首次申報,1071102,交通旅運支出,芝山加油站,86740476,0.00,1107.00,油資,金錢,,,
311,謝維洲,107年直轄市議員選舉,首次申報,1071103,公共關係費用支出,建忠鮮花部,,0.00,1200.00,聯誼交際費用,金錢,,,
312,謝維洲,107年直轄市議員選舉,首次申報,1071103,雜支支出,慶祥機車行,01401496,0.00,250.00,雜項購置或修繕費用,金錢,臺北市北投區****,,
313,謝維洲,107年直轄市議員選舉,首次申報,1071103,交通旅運支出,西歐加油站,16285093,0.00,172.00,油資,金錢,,,
314,謝維洲,107年直轄市議員選舉,首次申報,1071103,雜支支出,金采客家小館,25670483,0.00,1200.00,餐飲費用,金錢,臺北市士林區****,,
315,謝維洲,107年直轄市議員選舉,首次申報,1071104,公共關係費用支出,建忠鮮花部,,0.00,1200.00,聯誼交際費用,金錢,,,
316,謝維洲,107年直轄市議員選舉,首次申報,1071104,交通旅運支出,台灣中油,02097304,0.00,1385.00,油資,金錢,,,
317,謝維洲,107年直轄市議員選舉,首次申報,1071104,公共關係費用支出,天地花坊,15915397,0.00,8843.00,聯誼交際費用,金錢,臺北市萬華區****,,
318,謝維洲,107年直轄市議員選舉,首次申報,1071104,雜支支出,鴻發百貨行,31218496,0.00,480.00,雜項購置或修繕費用,金錢,臺北市北投區****,,
319,謝維洲,107年直轄市議員選舉,首次申報,1071105,交通旅運支出,西歐加油站,16285093,0.00,171.00,油資,金錢,,,
320,謝維洲,107年直轄市議員選舉,首次申報,1071105,交通旅運支出,城市車旅,42545525,0.00,50.00,停車費,金錢,,,
321,謝維洲,107年直轄市議員選舉,首次申報,1071105,交通旅運支出,台灣中油,77402214,0.00,1300.00,油資,金錢,,,
322,謝維洲,107年直轄市議員選舉,首次申報,1071105,宣傳支出,渥世達有限公司,80012204,0.00,60000.00,製作競選物品支出（物品名稱-暖暖包）,金錢,臺中市潭子區****,,
323,謝維洲,107年直轄市議員選舉,首次申報,1071105,交通旅運支出,芝山加油站,86740476,0.00,750.00,油資,金錢,,,
324,謝維洲,107年直轄市議員選舉,首次申報,1071105,租用競選辦事處支出,林張碧霞,A20*******,0.00,57000.00,租用競選辦事處費用,金錢,臺北市士林區****,,
325,謝維洲,107年直轄市議員選舉,首次申報,1071106,雜支支出,康是美,42860522,0.00,105.00,雜項購置或修繕費用,金錢,,,
326,謝維洲,107年直轄市議員選舉,首次申報,1071106,交通旅運支出,昭財投資股份有限公司,72958261,0.00,50.00,停車費,金錢,臺北市士林區****,,
327,謝維洲,107年直轄市議員選舉,首次申報,1071106,交通旅運支出,昭財投資股份有限公司,72958261,0.00,50.00,停車費,金錢,臺北市士林區****,,
328,謝維洲,107年直轄市議員選舉,首次申報,1071107,交通旅運支出,計程車乘車證明,,0.00,295.00,停車費,金錢,,,
329,謝維洲,107年直轄市議員選舉,首次申報,1071107,宣傳支出,連花廣播電台股份有限公司,27595911,0.00,71500.00,製作宣傳廣告支出,金錢,花蓮縣花蓮市****,,
330,謝維洲,107年直轄市議員選舉,首次申報,1071107,返還支出,天承生活事業股份有限公司,27745670,0.00,60000.00,返還,金錢,臺北市北投區****,,
331,謝維洲,107年直轄市議員選舉,首次申報,1071107,交通旅運支出,城市車旅,42545525,0.00,100.00,停車費,金錢,,,
332,謝維洲,107年直轄市議員選舉,首次申報,1071107,交通旅運支出,士東市場自治會,81757820,0.00,40.00,停車費,金錢,臺北市士林區****,,
333,謝維洲,107年直轄市議員選舉,首次申報,1071107,宣傳支出,台北流行廣播股份有限公司,89469581,0.00,50000.00,播送、傳送或刊登宣傳廣告支出,金錢,臺北市中正區****,,
334,謝維洲,107年直轄市議員選舉,首次申報,1071108,交通旅運支出,台灣中油,,0.00,1300.00,油資,金錢,,,
335,謝維洲,107年直轄市議員選舉,首次申報,1071108,公共關係費用支出,花卉營業人1220(右)攤位,01225479,0.00,2000.00,聯誼交際費用,金錢,,,
336,謝維洲,107年直轄市議員選舉,首次申報,1071108,交通旅運支出,台灣中油,01391309,0.00,95.00,油資,金錢,,,
337,謝維洲,107年直轄市議員選舉,首次申報,1071108,交通旅運支出,石牌愛心加油站,70837220,0.00,55.00,油資,金錢,,,
338,謝維洲,107年直轄市議員選舉,首次申報,1071109,公共關係費用支出,建忠鮮花部,,0.00,1200.00,聯誼交際費用,金錢,,,
339,謝維洲,107年直轄市議員選舉,首次申報,1071109,公共關係費用支出,建忠鮮花部,,0.00,1200.00,聯誼交際費用,金錢,,,
340,謝維洲,107年直轄市議員選舉,首次申報,1071109,公共關係費用支出,花卉營業人1220(右)攤位,01225479,0.00,3600.00,聯誼交際費用,金錢,臺北市內湖區****,,
341,謝維洲,107年直轄市議員選舉,首次申報,1071109,交通旅運支出,台灣中油,33931201,0.00,1392.00,油資,金錢,,,
342,謝維洲,107年直轄市議員選舉,首次申報,1071109,雜支支出,美樂蒂彩色沖印有限公司,86037147,0.00,80.00,雜項購置或修繕費用,金錢,臺北市士林區****,,
343,謝維洲,107年直轄市議員選舉,首次申報,1071109,交通旅運支出,FOMOSA承德加油站,99991720,0.00,700.00,油資,金錢,,,
344,謝維洲,107年直轄市議員選舉,首次申報,1071110,公共關係費用支出,建忠鮮花部,,0.00,1200.00,聯誼交際費用,金錢,,,
345,謝維洲,107年直轄市議員選舉,首次申報,1071110,公共關係費用支出,花卉營業人1220(右)攤位,01225479,0.00,4800.00,聯誼交際費用,金錢,臺北市內湖區****,,
346,謝維洲,107年直轄市議員選舉,首次申報,1071110,交通旅運支出,國園加油站,23541648,0.00,1000.00,油資,金錢,,,
347,謝維洲,107年直轄市議員選舉,首次申報,1071110,交通旅運支出,普客二四停車場股份有限公司,28858068,0.00,40.00,停車費,金錢,臺北市松江路****,,
348,謝維洲,107年直轄市議員選舉,首次申報,1071110,交通旅運支出,昭財投資股份有限公司,72958261,0.00,50.00,停車費,金錢,,,
349,謝維洲,107年直轄市議員選舉,首次申報,1071111,公共關係費用支出,建忠鮮花部,,0.00,1200.00,聯誼交際費用,金錢,,,
350,謝維洲,107年直轄市議員選舉,首次申報,1071111,雜支支出,金采客家小館,25670483,0.00,2300.00,餐飲費用,金錢,臺北市士林區****,,
351,謝維洲,107年直轄市議員選舉,首次申報,1071111,交通旅運支出,台灣中油,77402191,0.00,1265.00,油資,金錢,,,
352,謝維洲,107年直轄市議員選舉,首次申報,1071111,交通旅運支出,芝山加油站,86740476,0.00,145.00,油資,金錢,,,
353,謝維洲,107年直轄市議員選舉,首次申報,1071112,公共關係費用支出,建忠鮮花部,,0.00,1200.00,聯誼交際費用,金錢,,,
354,謝維洲,107年直轄市議員選舉,首次申報,1071112,公共關係費用支出,建忠鮮花部,,0.00,1200.00,聯誼交際費用,金錢,,,
355,謝維洲,107年直轄市議員選舉,首次申報,1071112,公共關係費用支出,花卉營業人1220(右)攤位,01225479,0.00,2000.00,聯誼交際費用,金錢,,,
356,謝維洲,107年直轄市議員選舉,首次申報,1071112,宣傳支出,台灣中油,01838527,0.00,1000.00,製作競選物品支出（物品名稱-布條）,金錢,臺北市士林區****,,
357,謝維洲,107年直轄市議員選舉,首次申報,1071112,雜支支出,富偉機車行,15853934,0.00,250.00,汽機車燃料費用-機油,金錢,臺北市士林區****,,
358,謝維洲,107年直轄市議員選舉,首次申報,1071112,雜支支出,天鍋宴餐飲有限公司,50785532,0.00,1350.00,餐飲費用,金錢,,,
359,謝維洲,107年直轄市議員選舉,首次申報,1071112,宣傳支出,頂好國際企業社,72926542,0.00,11345.00,郵寄競選物品或宣傳廣告支出,金錢,臺北市文山區****,,
360,謝維洲,107年直轄市議員選舉,首次申報,1071112,雜支支出,中華電信,81691784,0.00,526.00,電信費用,金錢,臺北市大安區****,,
361,謝維洲,107年直轄市議員選舉,首次申報,1071112,雜支支出,中華電信股份有限公司,81691784,0.00,526.00,電信費用,金錢,,,
362,謝維洲,107年直轄市議員選舉,首次申報,1071112,交通旅運支出,芝山加油站,86740476,0.00,760.00,油資,金錢,,,
363,謝維洲,107年直轄市議員選舉,首次申報,1071112,宣傳支出,力罕廣告企業有限公司,89977994,0.00,500.00,製作競選物品支出（物品名稱-電腦割字）,金錢,臺北市北投區****,,
364,謝維洲,107年直轄市議員選舉,首次申報,1071113,公共關係費用支出,花卉營業人1220(右)攤位,01225479,0.00,2500.00,聯誼交際費用,金錢,,,
365,謝維洲,107年直轄市議員選舉,首次申報,1071113,雜支支出,尊賢小吃,17744737,0.00,700.00,餐飲費用,金錢,臺北市北投區****,,
366,謝維洲,107年直轄市議員選舉,首次申報,1071113,交通旅運支出,凱旭行銷顧問(股)有限公司,38521022,0.00,45.00,停車費,金錢,,,
367,謝維洲,107年直轄市議員選舉,首次申報,1071113,交通旅運支出,石牌愛心加油站,70837220,0.00,161.00,油資,金錢,,,
368,謝維洲,107年直轄市議員選舉,首次申報,1071113,交通旅運支出,中興電工,80029824,0.00,60.00,停車費,金錢,臺北市南港區****,,
369,謝維洲,107年直轄市議員選舉,首次申報,1071114,交通旅運支出,計程車乘車證明,,0.00,320.00,搭乘交通工具支出,金錢,,2727*****,
370,謝維洲,107年直轄市議員選舉,首次申報,1071114,公共關係費用支出,建忠鮮花部,,0.00,1200.00,聯誼交際費用,金錢,,,
371,謝維洲,107年直轄市議員選舉,首次申報,1071114,宣傳支出,永慶海報廣告企劃有限公司,28163721,0.00,16380.00,郵寄競選物品或宣傳廣告支出,金錢,新北市蘆洲區****,,
372,謝維洲,107年直轄市議員選舉,首次申報,1071114,交通旅運支出,台灣聯通,81671886,0.00,50.00,停車費,金錢,,,
373,謝維洲,107年直轄市議員選舉,首次申報,1071115,集會支出,臺北市政府環境保護局,,0.00,3000.00,租用設備支出,金錢,,,
374,謝維洲,107年直轄市議員選舉,首次申報,1071115,交通旅運支出,台灣中油,01391309,0.00,25.00,油資,金錢,,,
375,謝維洲,107年直轄市議員選舉,首次申報,1071115,交通旅運支出,台灣中油,01391309,0.00,141.00,油資,金錢,,,
376,謝維洲,107年直轄市議員選舉,首次申報,1071115,雜支支出,家樂福,23931879,0.00,278.00,雜項購置或修繕費用,金錢,,,
377,謝維洲,107年直轄市議員選舉,首次申報,1071115,宣傳支出,錢進科技有限公司,28850072,0.00,72275.00,製作宣傳廣告支出,金錢,臺北市中山區****,,
378,謝維洲,107年直轄市議員選舉,首次申報,1071115,返還支出,德沅實業有限公司,42821922,0.00,10000.00,返還,金錢,臺北市士林區****,,
379,謝維洲,107年直轄市議員選舉,首次申報,1071115,交通旅運支出,台灣中油,77402191,0.00,951.00,油資,金錢,,,
380,謝維洲,107年直轄市議員選舉,首次申報,1071115,宣傳支出,渥世達有限公司,80012204,0.00,60480.00,製作競選物品支出（物品名稱-暖暖包）,金錢,臺中市潭子區****,,
381,謝維洲,107年直轄市議員選舉,首次申報,1071115,宣傳支出,渥世達有限公司,80012204,0.00,3600.00,製作競選物品支出（物品名稱-暖暖包）,金錢,臺中市潭子區****,,
382,謝維洲,107年直轄市議員選舉,首次申報,1071115,交通旅運支出,中興電工,80029824,0.00,80.00,停車費,金錢,臺北市南港區****,,
383,謝維洲,107年直轄市議員選舉,首次申報,1071115,交通旅運支出,芝山加油站,86740476,0.00,650.00,油資,金錢,,,
384,謝維洲,107年直轄市議員選舉,首次申報,1071116,雜支支出,7-ELEVEN,,0.00,540.00,雜項購置或修繕費用,金錢,,,
385,謝維洲,107年直轄市議員選舉,首次申報,1071116,公共關係費用支出,建忠鮮花部,,0.00,1200.00,聯誼交際費用,金錢,,,
386,謝維洲,107年直轄市議員選舉,首次申報,1071116,交通旅運支出,劍潭海外青年活動中心,04124221,0.00,180.00,停車費,金錢,臺北市士林區****,,
387,謝維洲,107年直轄市議員選舉,首次申報,1071116,交通旅運支出,西歐加油站,22745790,0.00,299.00,油資,金錢,,,
388,謝維洲,107年直轄市議員選舉,首次申報,1071116,雜支支出,家樂福,24306749,0.00,711.00,餐飲費用,金錢,,,
389,謝維洲,107年直轄市議員選舉,首次申報,1071116,交通旅運支出,台灣中油,33931201,0.00,398.00,油資,金錢,,,
390,謝維洲,107年直轄市議員選舉,首次申報,1071116,雜支支出,承真有限公司,53558841,0.00,42.00,雜項購置或修繕費用,金錢,臺北市北投區****,,
391,謝維洲,107年直轄市議員選舉,首次申報,1071117,交通旅運支出,計程車乘車證明,,0.00,230.00,搭乘交通工具支出,金錢,,,
392,謝維洲,107年直轄市議員選舉,首次申報,1071117,雜支支出,墊腳石,,0.00,960.00,文具用品費用,金錢,,,
393,謝維洲,107年直轄市議員選舉,首次申報,1071117,公共關係費用支出,建忠鮮花部,,0.00,1200.00,聯誼交際費用,金錢,,,
394,謝維洲,107年直轄市議員選舉,首次申報,1071117,雜支支出,西歐加油站,18379027,0.00,1490.00,餐飲費用,金錢,臺北市北投區****,,
395,謝維洲,107年直轄市議員選舉,首次申報,1071117,雜支支出,靚媽燒肉飯,25597028,0.00,250.00,餐飲費用,金錢,臺北市士林區****,,
396,謝維洲,107年直轄市議員選舉,首次申報,1071117,雜支支出,MODAVITA,52531140,0.00,363.00,餐飲費用,金錢,,,
397,謝維洲,107年直轄市議員選舉,首次申報,1071117,宣傳支出,渥世達有限公司,80012204,0.00,76752.00,製作競選物品支出（物品名稱-暖暖包）,金錢,臺中市潭子區****,,
398,謝維洲,107年直轄市議員選舉,首次申報,1071117,交通旅運支出,芝山加油站,86740476,0.00,152.00,油資,金錢,,,
399,謝維洲,107年直轄市議員選舉,首次申報,1071118,交通旅運支出,台灣中油,77402191,0.00,950.00,油資,金錢,,,
400,謝維洲,107年直轄市議員選舉,首次申報,1071118,交通旅運支出,芝山加油站,86740476,0.00,650.00,油資,金錢,,,
401,謝維洲,107年直轄市議員選舉,首次申報,1071118,交通旅運支出,芝山加油站,86740476,0.00,1860.00,油資,金錢,,,
402,謝維洲,107年直轄市議員選舉,首次申報,1071119,宣傳支出,福運廣告有限公司,,0.00,5040.00,郵寄競選物品或宣傳廣告支出,金錢,臺北市大安區****,,
403,謝維洲,107年直轄市議員選舉,首次申報,1071119,交通旅運支出,大龍國小地下停車場,,0.00,30.00,停車費,金錢,,,
404,謝維洲,107年直轄市議員選舉,首次申報,1071119,宣傳支出,明德郵局,,0.00,49.00,郵寄競選物品或宣傳廣告支出,金錢,,,
405,謝維洲,107年直轄市議員選舉,首次申報,1071119,交通旅運支出,台灣中油,02097304,0.00,1517.00,油資,金錢,,,
406,謝維洲,107年直轄市議員選舉,首次申報,1071119,雜支支出,金采客家小館,25670483,0.00,1900.00,餐飲費用,金錢,,,
407,謝維洲,107年直轄市議員選舉,首次申報,1071119,宣傳支出,育文行,49688266,0.00,8300.00,製作競選物品支出（物品名稱-文宣）,金錢,,,
408,謝維洲,107年直轄市議員選舉,首次申報,1071119,交通旅運支出,中興電工,80029824,0.00,30.00,停車費,金錢,,,
409,謝維洲,107年直轄市議員選舉,首次申報,1071119,交通旅運支出,中興電工,80029824,0.00,60.00,停車費,金錢,,,
410,謝維洲,107年直轄市議員選舉,首次申報,1071120,雜支支出,萊客精緻西點麵包,17086852,0.00,210.00,餐飲費用,金錢,,,
411,謝維洲,107年直轄市議員選舉,首次申報,1071120,宣傳支出,立鑫整合行銷有限公司,25118890,0.00,300000.00,播送、傳送或刊登宣傳廣告支出,金錢,臺北市文山區****,,
412,謝維洲,107年直轄市議員選舉,首次申報,1071120,雜支支出,金采客家小館,25670483,0.00,4360.00,餐飲費用,金錢,,,
413,謝維洲,107年直轄市議員選舉,首次申報,1071120,交通旅運支出,石牌愛心加油站,70837220,0.00,134.00,油資,金錢,,,
414,謝維洲,107年直轄市議員選舉,首次申報,1071120,集會支出,競選總部,F12*******,0.00,105690.00,其它,非金錢,臺北市士林區****,,
415,謝維洲,107年直轄市議員選舉,首次申報,1071120,集會支出,競選總部,F12*******,0.00,149400.00,餐飲支出,非金錢,臺北市士林區****,,
416,謝維洲,107年直轄市議員選舉,首次申報,1071121,宣傳支出,明德郵局,,0.00,2200.00,郵寄競選物品或宣傳廣告支出,金錢,,,
417,謝維洲,107年直轄市議員選舉,首次申報,1071121,雜支支出,華珍企業有限公司,11652077,0.00,785.00,雜項購置或修繕費用,金錢,,,
418,謝維洲,107年直轄市議員選舉,首次申報,1071121,宣傳支出,芳生派報社,17742196,0.00,80000.00,郵寄競選物品或宣傳廣告支出,金錢,臺北市北投區****,,
419,謝維洲,107年直轄市議員選舉,首次申報,1071121,宣傳支出,立鑫整合行銷有限公司,25118890,0.00,500000.00,播送、傳送或刊登宣傳廣告支出,金錢,臺北市文山區****,,
420,謝維洲,107年直轄市議員選舉,首次申報,1071121,宣傳支出,立鑫整合行銷有限公司,25118890,0.00,900000.00,播送、傳送或刊登宣傳廣告支出,金錢,臺北市文山區****,,
421,謝維洲,107年直轄市議員選舉,首次申報,1071121,交通旅運支出,關渡大業加油站,70576604,0.00,640.00,油資,金錢,,,
422,謝維洲,107年直轄市議員選舉,首次申報,1071121,交通旅運支出,台灣中油,77402191,0.00,1050.00,油資,金錢,臺北市****,,
423,謝維洲,107年直轄市議員選舉,首次申報,1071122,公共關係費用支出,花卉營業人1220(右)攤位,01225479,0.00,2000.00,聯誼交際費用,金錢,,,
424,謝維洲,107年直轄市議員選舉,首次申報,1071122,交通旅運支出,西歐加油站,16285093,0.00,125.00,油資,金錢,,,
425,謝維洲,107年直轄市議員選舉,首次申報,1071123,交通旅運支出,台灣中油,01113283,0.00,550.00,油資,金錢,,,
426,謝維洲,107年直轄市議員選舉,首次申報,1071123,宣傳支出,立鑫整合行銷有限公司,25118890,0.00,150000.00,製作宣傳廣告支出,金錢,臺北市文山區****,,
427,謝維洲,107年直轄市議員選舉,首次申報,1071123,雜支支出,金采客家小館,25670483,0.00,2200.00,餐飲費用,金錢,,,
428,謝維洲,107年直轄市議員選舉,首次申報,1071123,交通旅運支出,石牌愛心加油站,70837220,0.00,100.00,油資,金錢,,,
429,謝維洲,107年直轄市議員選舉,首次申報,1071123,交通旅運支出,成佳財企業有限公司文林停車場,72940903,0.00,90.00,停車費,金錢,,,
430,謝維洲,107年直轄市議員選舉,首次申報,1071123,交通旅運支出,台灣中油,77402214,0.00,1800.00,油資,金錢,臺北市****,,
431,謝維洲,107年直轄市議員選舉,首次申報,1071123,雜支支出,OKmart,80201015,0.00,117.00,雜項購置或修繕費用,金錢,,,
432,謝維洲,107年直轄市議員選舉,首次申報,1071127,宣傳支出,詮虹企業有限公司,,0.00,1000.00,製作競選物品支出（物品名稱-標籤紙）,金錢,新北市蘆洲區****,,
433,謝維洲,107年直轄市議員選舉,首次申報,1071127,租用競選辦事處支出,立春企業有限公司,80552573,0.00,1365.00,影印機月租,金錢,新北市蘆洲區****,,
434,謝維洲,107年直轄市議員選舉,首次申報,1071127,宣傳支出,中華電信股份有限公司,81691784,0.00,94483.00,播送、傳送或刊登宣傳廣告支出,金錢,臺北市大安區****,,
435,謝維洲,107年直轄市議員選舉,首次申報,1071128,公共關係費用支出,建忠鮮花部,,0.00,1200.00,聯誼交際費用,金錢,,,
436,謝維洲,107年直轄市議員選舉,首次申報,1071129,雜支支出,群英汽車材料精品社,31852503,0.00,14800.00,雜項購置或修繕費用,金錢,,,
437,謝維洲,107年直轄市議員選舉,首次申報,1071130,交通旅運支出,台灣中油,01315056,0.00,1354.00,油資,金錢,,,
438,謝維洲,107年直轄市議員選舉,首次申報,1071130,宣傳支出,讚點子數位行銷有限公司,53684875,0.00,73757.00,播送、傳送或刊登宣傳廣告支出,金錢,新北市板橋區****,,
439,謝維洲,107年直轄市議員選舉,首次申報,1071130,租用宣傳車輛支出,范光泉,A10*******,0.00,46000.00,雇用宣傳車輛駕駛支出,金錢,臺北市內湖區****,,
440,謝維洲,107年直轄市議員選舉,首次申報,1071130,人事費用支出,鍾佳伯,A12*******,0.00,10000.00,工資或薪津,金錢,新北市新莊區****,,
441,謝維洲,107年直轄市議員選舉,首次申報,1071130,人事費用支出,張立旻,A12*******,0.00,3000.00,工資或薪津,金錢,臺北市北投區****,,
442,謝維洲,107年直轄市議員選舉,首次申報,1071130,人事費用支出,李奇達,A12*******,0.00,3000.00,工資或薪津,金錢,新北市新莊區****,,
443,謝維洲,107年直轄市議員選舉,首次申報,1071130,人事費用支出,胡雅玟,A22*******,0.00,3000.00,工資或薪津,金錢,臺北市北投區****,,
444,謝維洲,107年直轄市議員選舉,首次申報,1071130,人事費用支出,王玟雅,A22*******,0.00,3600.00,工資或薪津,金錢,臺北市士林區****,,
445,謝維洲,107年直轄市議員選舉,首次申報,1071130,人事費用支出,林昀蓁,A22*******,0.00,44400.00,工資或薪津,金錢,臺北市北投區****,,
446,謝維洲,107年直轄市議員選舉,首次申報,1071130,租用宣傳車輛支出,林禮邕,F12*******,0.00,65000.00,雇用宣傳車輛駕駛支出,金錢,新北市石碇區****,,
447,謝維洲,107年直轄市議員選舉,首次申報,1071130,人事費用支出,賴泓維,F12*******,0.00,3000.00,工資或薪津,金錢,新北市泰山區****,,
448,謝維洲,107年直轄市議員選舉,首次申報,1071130,人事費用支出,鄭春芳,N22*******,0.00,3000.00,工資或薪津,金錢,臺北市士林區****,,
449,謝維洲,107年直轄市議員選舉,首次申報,1071130,人事費用支出,林延鳳,T22*******,0.00,3000.00,工資或薪津,金錢,新北市新莊區****,,
450,謝維洲,107年直轄市議員選舉,首次申報,1071130,人事費用支出,劉麗惠,X22*******,0.00,30000.00,工資或薪津,金錢,屏東縣屏東市****,,
451,謝維洲,107年直轄市議員選舉,首次申報,1071201,租用宣傳車輛支出,美修汽車商行,31333685,0.00,44000.00,租用宣傳車輛支出,金錢,臺北市士林區****,,
452,謝維洲,107年直轄市議員選舉,首次申報,1071201,租用宣傳車輛支出,美修汽車商行,31333685,0.00,14000.00,租用宣傳車輛支出,金錢,臺北市士林區****,,
453,謝維洲,107年直轄市議員選舉,首次申報,1071205,人事費用支出,李奇達,A12*******,0.00,45000.00,工資或薪津,金錢,新北市新莊區****,,
454,謝維洲,107年直轄市議員選舉,首次申報,1071205,人事費用支出,張立旻,A12*******,0.00,40000.00,工資或薪津,金錢,臺北市北投區****,,
455,謝維洲,107年直轄市議員選舉,首次申報,1071205,租用競選辦事處支出,林張碧霞,A20*******,0.00,57000.00,租用競選辦事處費用,金錢,臺北市士林區****,,
456,謝維洲,107年直轄市議員選舉,首次申報,1071205,人事費用支出,胡雅玟,A22*******,0.00,35000.00,工資或薪津,金錢,臺北市北投區****,,
457,謝維洲,107年直轄市議員選舉,首次申報,1071205,人事費用支出,賴泓維,F12*******,0.00,35000.00,工資或薪津,金錢,新北市泰山區****,,
458,謝維洲,107年直轄市議員選舉,首次申報,1071205,人事費用支出,鄭春芳,N22*******,0.00,35000.00,工資或薪津,金錢,臺北市士林區****,,
459,謝維洲,107年直轄市議員選舉,首次申報,1071205,人事費用支出,林延鳳,T22*******,0.00,45000.00,工資或薪津,金錢,新北市新莊區****,,
460,謝維洲,107年直轄市議員選舉,首次申報,1071210,交通旅運支出,嘟嘟房,50739812,0.00,290.00,停車費,金錢,,,
461,謝維洲,107年直轄市議員選舉,首次申報,1071212,雜支支出,台灣電力公司,31096199,0.00,11793.00,水電瓦斯費用,金錢,臺北市士林區****,,
462,謝維洲,107年直轄市議員選舉,首次申報,1071212,雜支支出,中華電信,81691784,0.00,3246.00,電信費用,金錢,臺北市大安區****,,
463,謝維洲,107年直轄市議員選舉,首次申報,1071212,雜支支出,中華電信,81691784,0.00,2398.00,電信費用,金錢,臺北市大安區****,,
464,謝維洲,107年直轄市議員選舉,首次申報,1071212,雜支支出,中華電信,81691784,0.00,1074.00,電信費用,金錢,臺北市大安區****,,
465,謝維洲,107年直轄市議員選舉,首次申報,1071213,交通旅運支出,台灣中油,77402191,0.00,1090.00,油資,金錢,,,
466,謝維洲,107年直轄市議員選舉,首次申報,1071219,雜支支出,金采客家小館,25670483,0.00,1370.00,餐飲費用,金錢,臺北市士林區****,,
