﻿序號,擬參選人／政黨,選舉名稱,申報序號／年度,交易日期,收支科目,捐贈者／支出對象,身分證／統一編號,收入金額,支出金額,支出用途,金錢類,地址,聯絡電話,資料更正日期
1,黃秀滿,107年村(里)長選舉,首次申報,1071116,個人捐贈收入,郭東和,,3000.00,0.00,,非金錢,桃園市平鎮區****,,
2,黃秀滿,107年村(里)長選舉,首次申報,1071116,個人捐贈收入,宋連福,,3600.00,0.00,,非金錢,桃園市平鎮區****,0937*****,
3,黃秀滿,107年村(里)長選舉,首次申報,1071116,個人捐贈收入,陳富美,,600.00,0.00,,非金錢,桃園市平鎮區****,0980*****,
4,黃秀滿,107年村(里)長選舉,首次申報,1071116,個人捐贈收入,呂玉玲,,1000.00,0.00,,非金錢,桃園市平鎮區****,4015*****,
5,黃秀滿,107年村(里)長選舉,首次申報,1071116,個人捐贈收入,宋傳敦,,1000.00,0.00,,非金錢,桃園市平鎮區****,0921*****,
6,黃秀滿,107年村(里)長選舉,首次申報,1071116,個人捐贈收入,范光榮,,2000.00,0.00,,非金錢,桃園市平鎮區****,0912*****,
7,黃秀滿,107年村(里)長選舉,首次申報,1071116,個人捐贈收入,梁瓊安,,500.00,0.00,,非金錢,桃園市平鎮區****,0972*****,
8,黃秀滿,107年村(里)長選舉,首次申報,1071116,個人捐贈收入,黃正銘,,2100.00,0.00,,非金錢,桃園市平鎮區****,0910*****,
9,黃秀滿,107年村(里)長選舉,首次申報,1071116,個人捐贈收入,方天賜,,600.00,0.00,,非金錢,桃園市平鎮區****,0925*****,
10,黃秀滿,107年村(里)長選舉,首次申報,1071116,個人捐贈收入,宋連福,,3500.00,0.00,,非金錢,桃園市平鎮區****,4915*****,
11,黃秀滿,107年村(里)長選舉,首次申報,1071116,個人捐贈收入,林素玉,,500.00,0.00,,非金錢,桃園市平鎮區****,4936*****,
