﻿序號,擬參選人／政黨,選舉名稱,申報序號／年度,交易日期,收支科目,捐贈者／支出對象,身分證／統一編號,收入金額,支出金額,支出用途,金錢類,地址,聯絡電話,資料更正日期
1,謝秀蓉,107年直轄市議員選舉,首次申報,1070810,個人捐贈收入,謝銀妹,H20*******,90000.00,0.00,,金錢,新竹縣湖口鄉****,0966*****,
2,謝秀蓉,107年直轄市議員選舉,首次申報,1070829,個人捐贈收入,廖文志,J12*******,90000.00,0.00,,金錢,新竹縣湖口鄉****,0911*****,
3,謝秀蓉,107年直轄市議員選舉,首次申報,1070903,個人捐贈收入,徐美娟,H22*******,90000.00,0.00,,金錢,桃園市新屋區****,0910*****,
4,謝秀蓉,107年直轄市議員選舉,首次申報,1070913,匿名捐贈,王永剛,,1000.00,0.00,,金錢,,,
5,謝秀蓉,107年直轄市議員選舉,首次申報,1070916,匿名捐贈,王伯東,,2000.00,0.00,,金錢,,,
6,謝秀蓉,107年直轄市議員選舉,首次申報,1070918,個人捐贈收入,姜岳宏,,20000.00,0.00,,金錢,桃園市新屋區****,,
7,謝秀蓉,107年直轄市議員選舉,首次申報,1070918,個人捐贈收入,謝文海,H12*******,90000.00,0.00,,金錢,新竹縣湖口鄉****,,
8,謝秀蓉,107年直轄市議員選舉,首次申報,1070921,個人捐贈收入,莊添加,,10000.00,0.00,,金錢,桃園市楊梅區****,0927*****,
9,謝秀蓉,107年直轄市議員選舉,首次申報,1070921,個人捐贈收入,朱金樓,,10000.00,0.00,,金錢,,0910*****,
10,謝秀蓉,107年直轄市議員選舉,首次申報,1070921,個人捐贈收入,朱文良,,10000.00,0.00,,金錢,,0932*****,
11,謝秀蓉,107年直轄市議員選舉,首次申報,1070921,個人捐贈收入,林銓彬,,6000.00,0.00,,金錢,桃園市桃園區****,0933*****,
12,謝秀蓉,107年直轄市議員選舉,首次申報,1070921,個人捐贈收入,黃玉美,,2000.00,0.00,,金錢,桃園市楊梅區****,0347*****,
13,謝秀蓉,107年直轄市議員選舉,首次申報,1070921,個人捐贈收入,謝同泰,,2000.00,0.00,,金錢,桃園市楊梅區****,4828*****,
14,謝秀蓉,107年直轄市議員選舉,首次申報,1070921,個人捐贈收入,謝駿三,,5000.00,0.00,,金錢,桃園市楊梅區****,0347*****,
15,謝秀蓉,107年直轄市議員選舉,首次申報,1070921,個人捐贈收入,彭士洮,,10000.00,0.00,,金錢,桃園市新屋區****,0932*****,
16,謝秀蓉,107年直轄市議員選舉,首次申報,1070921,個人捐贈收入,謝乾源,,2000.00,0.00,,金錢,,0347*****,
17,謝秀蓉,107年直轄市議員選舉,首次申報,1070921,個人捐贈收入,謝宏烇,,2000.00,0.00,,金錢,桃園市楊梅區****,0347*****,
18,謝秀蓉,107年直轄市議員選舉,首次申報,1070921,個人捐贈收入,彭宇忠,,2000.00,0.00,,金錢,桃園市楊梅區****,,
19,謝秀蓉,107年直轄市議員選舉,首次申報,1070921,個人捐贈收入,鄭瑞珍,,6000.00,0.00,,金錢,新竹縣湖口鄉****,0937*****,
20,謝秀蓉,107年直轄市議員選舉,首次申報,1070921,個人捐贈收入,謝禎漢,,3000.00,0.00,,金錢,桃園市楊梅區****,0921*****,
21,謝秀蓉,107年直轄市議員選舉,首次申報,1070921,個人捐贈收入,謝禎雷,,3000.00,0.00,,金錢,桃園市龍潭區****,0347*****,
22,謝秀蓉,107年直轄市議員選舉,首次申報,1070921,個人捐贈收入,曾訓德,,10000.00,0.00,,金錢,桃園市楊梅區****,0933*****,
23,謝秀蓉,107年直轄市議員選舉,首次申報,1070921,個人捐贈收入,陳桂桃,,10000.00,0.00,,金錢,桃園市桃園區****,0333*****,
24,謝秀蓉,107年直轄市議員選舉,首次申報,1070921,個人捐贈收入,謝檜傭,,3000.00,0.00,,金錢,桃園市楊梅區****,0919*****,
25,謝秀蓉,107年直轄市議員選舉,首次申報,1070921,匿名捐贈,謝在英,,2000.00,0.00,,金錢,,,
26,謝秀蓉,107年直轄市議員選舉,首次申報,1070921,個人捐贈收入,蔡革非,,5000.00,0.00,,金錢,新北市樹林區****,0937*****,
27,謝秀蓉,107年直轄市議員選舉,首次申報,1070921,個人捐贈收入,謝慶川,,3000.00,0.00,,金錢,桃園市龍潭區****,,
28,謝秀蓉,107年直轄市議員選舉,首次申報,1070921,個人捐贈收入,黨貴香,A20*******,3000.00,0.00,,金錢,桃園市楊梅區****,0930*****,
29,謝秀蓉,107年直轄市議員選舉,首次申報,1070921,個人捐贈收入,黃貴煌,F12*******,60000.00,0.00,,金錢,桃園市楊梅區****,,
30,謝秀蓉,107年直轄市議員選舉,首次申報,1070921,個人捐贈收入,謝在華,H10*******,5000.00,0.00,,金錢,桃園市新屋區****,0347*****,
31,謝秀蓉,107年直轄市議員選舉,首次申報,1070921,個人捐贈收入,鍾朝本,H10*******,2000.00,0.00,,金錢,桃園市楊梅區****,0347*****,
32,謝秀蓉,107年直轄市議員選舉,首次申報,1070921,個人捐贈收入,劉家聲,H10*******,2000.00,0.00,,金錢,桃園市楊梅區****,,
33,謝秀蓉,107年直轄市議員選舉,首次申報,1070921,個人捐贈收入,盧明榮,H10*******,5000.00,0.00,,金錢,桃園市楊梅區****,0347*****,
34,謝秀蓉,107年直轄市議員選舉,首次申報,1070921,個人捐贈收入,歐見楊,H12*******,2000.00,0.00,,金錢,桃園市楊梅區****,4728*****,
35,謝秀蓉,107年直轄市議員選舉,首次申報,1070921,個人捐贈收入,陳在榮,H12*******,6000.00,0.00,,金錢,桃園市楊梅區****,0921*****,
36,謝秀蓉,107年直轄市議員選舉,首次申報,1070921,個人捐贈收入,呂學烈,H12*******,50000.00,0.00,,金錢,桃園市楊梅區****,0919*****,
37,謝秀蓉,107年直轄市議員選舉,首次申報,1070924,個人捐贈收入,邱聲爐,,2000.00,0.00,,金錢,桃園市楊梅區****,0347*****,
38,謝秀蓉,107年直轄市議員選舉,首次申報,1070924,個人捐贈收入,許廚師,,1000.00,0.00,,金錢,桃園市楊梅區****,0328*****,
39,謝秀蓉,107年直轄市議員選舉,首次申報,1070930,個人捐贈收入,謝清文,H12*******,2000.00,0.00,,金錢,桃園市新屋區****,,
40,謝秀蓉,107年直轄市議員選舉,首次申報,1071001,個人捐贈收入,吳東霖,,10000.00,0.00,,金錢,桃園市桃園區****,3327*****,
41,謝秀蓉,107年直轄市議員選舉,首次申報,1071001,個人捐贈收入,何啟勳,H12*******,10000.00,0.00,,金錢,桃園市桃園區****,0333*****,
42,謝秀蓉,107年直轄市議員選舉,首次申報,1071011,個人捐贈收入,劉兆國,H12*******,5000.00,0.00,,金錢,桃園市平鎮區****,0926*****,
43,謝秀蓉,107年直轄市議員選舉,首次申報,1071015,個人捐贈收入,呂學隆,H10*******,2000.00,0.00,,金錢,桃園市新屋區****,03-4*****,
44,謝秀蓉,107年直轄市議員選舉,首次申報,1071016,個人捐贈收入,鄭炎福,,2000.00,0.00,,金錢,桃園市楊梅區****,0910*****,
45,謝秀蓉,107年直轄市議員選舉,首次申報,1071016,個人捐贈收入,陳照勳,H10*******,2000.00,0.00,,金錢,桃園市楊梅區****,0936*****,
46,謝秀蓉,107年直轄市議員選舉,首次申報,1071022,人民團體捐贈收入,桃園市楊梅區藝術文化協會,,3000.00,0.00,,金錢,桃園市楊梅區****,4786*****,
47,謝秀蓉,107年直轄市議員選舉,首次申報,1071023,個人捐贈收入,謝宏,,2000.00,0.00,,金錢,,0347*****,
48,謝秀蓉,107年直轄市議員選舉,首次申報,1071025,個人捐贈收入,徐石全,,3600.00,0.00,,金錢,富豐里新明街****,,
49,謝秀蓉,107年直轄市議員選舉,首次申報,1071028,營利事業捐贈收入,展鴻營造有限公司,89352230,5000.00,0.00,,金錢,桃園市楊梅區****,0910*****,
50,謝秀蓉,107年直轄市議員選舉,首次申報,1071031,個人捐贈收入,陳春維,,2000.00,0.00,,金錢,桃園市楊梅區****,0347*****,
51,謝秀蓉,107年直轄市議員選舉,首次申報,1071102,個人捐贈收入,廖金來,,1000.00,0.00,,金錢,桃園市楊梅區****,0347*****,
52,謝秀蓉,107年直轄市議員選舉,首次申報,1071105,個人捐贈收入,范芳治,,5000.00,0.00,,金錢,新竹縣湖口鄉****,0932*****,
53,謝秀蓉,107年直轄市議員選舉,首次申報,1071105,個人捐贈收入,曾增毓,,2000.00,0.00,,金錢,桃園市楊梅區****,0937*****,
54,謝秀蓉,107年直轄市議員選舉,首次申報,1071107,個人捐贈收入,許黃芳美,,16000.00,0.00,,金錢,桃園市楊梅區****,0913*****,
55,謝秀蓉,107年直轄市議員選舉,首次申報,1071113,個人捐贈收入,吳立發,,1000.00,0.00,,金錢,桃園市楊梅區****,0937*****,
56,謝秀蓉,107年直轄市議員選舉,首次申報,1071113,個人捐贈收入,謝彩源,,2000.00,0.00,,金錢,桃園市楊梅區****,0347*****,
57,謝秀蓉,107年直轄市議員選舉,首次申報,1071117,個人捐贈收入,林齊民,,10000.00,0.00,,金錢,,0936*****,
58,謝秀蓉,107年直轄市議員選舉,首次申報,1071117,營利事業捐贈收入,全順機械有限公司,86560712,10000.00,0.00,,金錢,,,
59,謝秀蓉,107年直轄市議員選舉,首次申報,1071123,個人捐贈收入,徐緒烽,,2000.00,0.00,,金錢,桃園市楊梅區****,03-4*****,
