﻿序號,擬參選人／政黨,選舉名稱,申報序號／年度,交易日期,收支科目,捐贈者／支出對象,身分證／統一編號,收入金額,支出金額,捐贈方式,存入專戶日期,返還/繳庫,支出用途,金錢類,地址,聯絡電話,應揭露之支出對象,支出對象之內部人員姓名,支出對象之內部人員職稱,政黨之內部人員姓名,政黨之內部人員職稱,關係,更正註記,資料更正日期
1,林百瑞,111年花蓮縣花蓮市市民代表選舉,首次申報,1111031,營利事業捐贈收入,弘勝興實業股份有限公司,12690297,50000.00,0.00,匯款,1111031,,,金錢,新北市板橋區****,,,,,,,,,
2,林百瑞,111年花蓮縣花蓮市市民代表選舉,首次申報,1111103,個人捐贈收入,宋振宇,U12*******,5000.00,0.00,現金,,,,金錢,花蓮縣花蓮市****,0935*****,,,,,,,,
3,林百瑞,111年花蓮縣花蓮市市民代表選舉,首次申報,1111121,匿名捐贈,匿名,,2000.00,0.00,匯款,1111121,,,金錢,,,,,,,,,,
4,林百瑞,111年花蓮縣花蓮市市民代表選舉,首次申報,1111124,個人捐贈收入,包念華,G22*******,20000.00,0.00,匯款,1111124,,,金錢,花蓮縣花蓮市****,,,,,,,,,
