﻿序號,擬參選人／政黨,選舉名稱,申報序號／年度,交易日期,收支科目,捐贈者／支出對象,身分證／統一編號,收入金額,支出金額,捐贈方式,存入專戶日期,返還/繳庫,支出用途,金錢類,地址,聯絡電話,應揭露之支出對象,支出對象之內部人員姓名,支出對象之內部人員職稱,政黨之內部人員姓名,政黨之內部人員職稱,關係,更正註記,資料更正日期
1,伍麗華,113年立法委員選舉,首次申報,1120704,個人捐贈收入,利文正,T12*******,50000.00,0.00,匯款,1120704,,,金錢,屏東縣屏東市****,0935*****,,,,,,,,
2,伍麗華,113年立法委員選舉,首次申報,1120710,個人捐贈收入,余榮昌,G10*******,100000.00,0.00,匯款,1120710,,,金錢,臺北市大安區****,0932*****,,,,,,,,
3,伍麗華,113年立法委員選舉,首次申報,1120711,營利事業捐贈收入,銳視光電股份有限公司,80601856,1000000.00,0.00,匯款,1120711,,,金錢,新竹縣竹北市****,0356*****,,,,,,,,
4,伍麗華,113年立法委員選舉,首次申報,1120721,營利事業捐贈收入,福園投資股份有限公司,86517770,500000.00,0.00,匯款,1120721,,,金錢,苗栗縣竹南鎮****,037-*****,,,,,,,,
5,伍麗華,113年立法委員選舉,首次申報,1120731,匿名捐贈,匿名,,1.00,0.00,匯款,1120731,,,金錢,,,,,,,,,,
6,伍麗華,113年立法委員選舉,首次申報,1120802,政黨捐贈收入,民主進步黨,政黨證字第16號,1000000.00,0.00,匯款,1120802,,,金錢,台北市北平東****,(02)*****,,,,,,,,
7,伍麗華,113年立法委員選舉,首次申報,1120811,人民團體捐贈收入,中華民國全國建築師公會,,80000.00,0.00,票據,1120817,,,金錢,台北市基隆路****,02-2*****,,,,,,,,
8,伍麗華,113年立法委員選舉,首次申報,1120822,個人捐贈收入,朱家儀,F22*******,100000.00,0.00,匯款,1120822,,,金錢,臺北市中正區****,0912*****,,,,,,,,
9,伍麗華,113年立法委員選舉,首次申報,1120911,匿名捐贈,匿名22,,1000.00,0.00,匯款,1120911,,,金錢,,,,,,,,,,
10,伍麗華,113年立法委員選舉,首次申報,1120913,個人捐贈收入,張倍卿,R22*******,100000.00,0.00,現金,1120913,,,金錢,臺北市中正區****,0912*****,,,,,,,,
11,伍麗華,113年立法委員選舉,首次申報,1120918,個人捐贈收入,邱金英,M22*******,100000.00,0.00,匯款,1120918,,,金錢,屏東縣屏東市****,0935*****,,,,,,,,
12,伍麗華,113年立法委員選舉,首次申報,1120918,個人捐贈收入,高志偉,T12*******,25000.00,0.00,匯款,1120918,,,金錢,屏東縣瑪家鄉****,0982*****,,,,,,,,
13,伍麗華,113年立法委員選舉,首次申報,1120927,營利事業捐贈收入,晶成能源股份有限公司,50850580,100000.00,0.00,匯款,1120927,,,金錢,新北市土城區****,0226*****,,,,,,,,
14,伍麗華,113年立法委員選舉,首次申報,1121002,個人捐贈收入,陳志傑,G12*******,2900.00,0.00,匯款,1121002,,,金錢,新竹市東區綠****,0921*****,,,,,,,,
15,伍麗華,113年立法委員選舉,首次申報,1121003,個人捐贈收入,顏志光,A12*******,60000.00,0.00,匯款,1121003,,,金錢,臺北市松山區****,0988*****,,,,,,,,
16,伍麗華,113年立法委員選舉,首次申報,1121004,匿名捐贈,匿名25,,10000.00,0.00,匯款,1121004,,,金錢,,,,,,,,,,
17,伍麗華,113年立法委員選舉,首次申報,1121004,匿名捐贈,匿名24,,6000.00,0.00,匯款,1121004,,,金錢,,,,,,,,,,
18,伍麗華,113年立法委員選舉,首次申報,1121011,個人捐贈收入,朱鴻達,S12*******,20000.00,0.00,匯款,1121011,,,金錢,新北市三重區****,0989*****,,,,,,,,
19,伍麗華,113年立法委員選舉,首次申報,1121012,個人捐贈收入,陳妍臻,A22*******,100000.00,0.00,現金,1121013,,,金錢,臺北市大安區****,0919*****,,,,,,,,
20,伍麗華,113年立法委員選舉,首次申報,1121012,個人捐贈收入,黃文翔,D10*******,100000.00,0.00,現金,1121013,,,金錢,屏東縣屏東市****,0919*****,,,,,,,,
21,伍麗華,113年立法委員選舉,首次申報,1121012,個人捐贈收入,黃寬如,D12*******,100000.00,0.00,現金,1121013,,,金錢,仁慈里鄰仁慈****,0919*****,,,,,,,,
22,伍麗華,113年立法委員選舉,首次申報,1121012,個人捐贈收入,黃洪𤆬治,D20*******,100000.00,0.00,現金,1121013,,,金錢,臺南市北區中****,0919*****,,,,,,,,
23,伍麗華,113年立法委員選舉,首次申報,1121012,個人捐贈收入,楊于文,D22*******,100000.00,0.00,現金,1121013,,,金錢,屏東縣屏東市****,0919*****,,,,,,,,
24,伍麗華,113年立法委員選舉,首次申報,1121012,個人捐贈收入,邵秀葉,F20*******,30000.00,0.00,匯款,1121012,,,金錢,新北市新莊區****,0930*****,,,,,,,,
25,伍麗華,113年立法委員選舉,首次申報,1121012,個人捐贈收入,林立穎,N12*******,100000.00,0.00,現金,1121013,,,金錢,新竹縣竹北市****,0919*****,,,,,,,,
26,伍麗華,113年立法委員選舉,首次申報,1121012,個人捐贈收入,林弘璋,N12*******,100000.00,0.00,現金,1121013,,,金錢,新竹市東區埔****,0919*****,,,,,,,,
27,伍麗華,113年立法委員選舉,首次申報,1121012,個人捐贈收入,黃寬誠,T12*******,100000.00,0.00,現金,1121013,,,金錢,屏東縣屏東市****,0919*****,,,,,,,,
28,伍麗華,113年立法委員選舉,首次申報,1121012,個人捐贈收入,于淳文,T22*******,100000.00,0.00,現金,1121013,,,金錢,屏東縣屏東市****,0919*****,,,,,,,,
29,伍麗華,113年立法委員選舉,首次申報,1121012,個人捐贈收入,黃培芬,T22*******,100000.00,0.00,現金,1121013,,,金錢,高雄市苓雅區****,0919*****,,,,,,,,
30,伍麗華,113年立法委員選舉,首次申報,1121013,個人捐贈收入,林春枝,,6000.00,0.00,匯款,1121013,,,金錢,屏東縣春日鄉****,0976*****,,,,,,,,
31,伍麗華,113年立法委員選舉,首次申報,1121013,個人捐贈收入,游俊興,,5000.00,0.00,匯款,1121013,,,金錢,新北市烏來區****,0935*****,,,,,,,,
32,伍麗華,113年立法委員選舉,首次申報,1121016,個人捐贈收入,陳永森,T12*******,100000.00,0.00,現金,1121016,,,金錢,屏東縣屏東市****,0933*****,,,,,,,,
33,伍麗華,113年立法委員選舉,首次申報,1121023,匿名捐贈,匿名,,10000.00,0.00,現金,1121030,,,金錢,,,,,,,,,,
34,伍麗華,113年立法委員選舉,首次申報,1121024,匿名捐贈,匿名1,,10000.00,0.00,現金,1121030,,,金錢,,,,,,,,,,
35,伍麗華,113年立法委員選舉,首次申報,1121024,匿名捐贈,匿名2,,10000.00,0.00,現金,1121030,,,金錢,,,,,,,,,,
36,伍麗華,113年立法委員選舉,首次申報,1121024,匿名捐贈,匿名3,,10000.00,0.00,現金,1121030,,,金錢,,,,,,,,,,
37,伍麗華,113年立法委員選舉,首次申報,1121025,匿名捐贈,匿名4,,10000.00,0.00,現金,1121030,,,金錢,,,,,,,,,,
38,伍麗華,113年立法委員選舉,首次申報,1121030,個人捐贈收入,李重仁,V12*******,40000.00,0.00,現金,1121030,,,金錢,臺北市松山區****,0933*****,,,,,,,,
39,伍麗華,113年立法委員選舉,首次申報,1121110,個人捐贈收入,田天財,T12*******,5000.00,0.00,匯款,1121110,,,金錢,屏東縣三地門****,0963*****,,,,,,,,
40,伍麗華,113年立法委員選舉,首次申報,1121113,個人捐贈收入,邱韻祥,A12*******,20000.00,0.00,匯款,1121113,,,金錢,臺北市大安區****,0936*****,,,,,,,,
41,伍麗華,113年立法委員選舉,首次申報,1121114,個人捐贈收入,邱文祥,T12*******,50000.00,0.00,票據,1121116,,,金錢,屏東縣潮州鎮****,0935*****,,,,,,,,
42,伍麗華,113年立法委員選舉,首次申報,1121115,匿名捐贈,匿名27,,7450.00,0.00,匯款,1121115,,,金錢,,,,,,,,,,
43,伍麗華,113年立法委員選舉,首次申報,1121116,個人捐贈收入,杜照明,T12*******,10000.00,0.00,現金,1121116,,,金錢,屏東縣長治鄉****,0937*****,,,,,,,,
44,伍麗華,113年立法委員選舉,首次申報,1121120,個人捐贈收入,林進川,T10*******,100000.00,0.00,匯款,1121120,,,金錢,屏東縣潮州鎮****,0932*****,,,,,,,,
45,伍麗華,113年立法委員選舉,首次申報,1121121,人民團體捐贈收入,社團法人屏東縣牙醫師公會,,80000.00,0.00,現金,1121121,,,金錢,屏東縣屏東市****,7239*****,,,,,,,,
46,伍麗華,113年立法委員選舉,首次申報,1121121,個人捐贈收入,林婉婷,L22*******,100000.00,0.00,匯款,1121121,,,金錢,宜蘭縣礁溪鄉****,0285*****,,,,,,,,
47,伍麗華,113年立法委員選舉,首次申報,1121121,個人捐贈收入,廖金賜,P12*******,100000.00,0.00,匯款,1121121,,,金錢,臺北市文山區****,0285*****,,,,,,,,
48,伍麗華,113年立法委員選舉,首次申報,1121122,營利事業捐贈收入,益將工程技術顧問有限公司,25191651,500000.00,0.00,匯款,1121122,,,金錢,苗栗縣苗栗市****,0373*****,,,,,,,,
49,伍麗華,113年立法委員選舉,首次申報,1121126,個人捐贈收入,李嘉慶,T12*******,10000.00,0.00,現金,1121208,,,金錢,屏東縣長治鄉****,0912*****,,,,,,,,
50,伍麗華,113年立法委員選舉,首次申報,1121126,個人捐贈收入,樂歌安．督達里茂,T22*******,10000.00,0.00,匯款,1121126,,,金錢,屏東縣瑪家鄉****,0934*****,,,,,,,,
51,伍麗華,113年立法委員選舉,首次申報,1121127,個人捐贈收入,董浩然,S12*******,20000.00,0.00,匯款,1121127,,,金錢,屏東縣來義鄉****,0980*****,,,,,,,,
52,伍麗華,113年立法委員選舉,首次申報,1121127,個人捐贈收入,林福祥,S12*******,100000.00,0.00,匯款,1121127,,,金錢,高雄市茂林區****,0929*****,,,,,,,,
53,伍麗華,113年立法委員選舉,首次申報,1121127,個人捐贈收入,彭昭銘,T12*******,5000.00,0.00,匯款,1121127,,,金錢,屏東縣瑪家鄉****,0913*****,,,,,,,,
54,伍麗華,113年立法委員選舉,首次申報,1121127,個人捐贈收入,彭瓊慧,T22*******,10000.00,0.00,匯款,1121127,,,金錢,屏東縣瑪家鄉****,0987*****,,,,,,,,
55,伍麗華,113年立法委員選舉,首次申報,1121201,個人捐贈收入,彭成功,U12*******,10000.00,0.00,匯款,1121201,,,金錢,花蓮縣鳳林鎮****,0939*****,,,,,,,,
56,伍麗華,113年立法委員選舉,首次申報,1121204,營利事業捐贈收入,新亞保全股份有限公司,54266250,50000.00,0.00,匯款,1121204,已返還,,金錢,南投縣埔里鎮****,0492*****,,,,,,,,
57,伍麗華,113年立法委員選舉,首次申報,1121205,匿名捐贈,匿名5,,3000.00,0.00,匯款,1121205,,,金錢,,,,,,,,,,
58,伍麗華,113年立法委員選舉,首次申報,1121205,個人捐贈收入,張冬月,T22*******,25000.00,0.00,匯款,1121205,,,金錢,屏東縣瑪家鄉****,0906*****,,,,,,,,
59,伍麗華,113年立法委員選舉,首次申報,1121206,匿名捐贈,匿名28,,5000.00,0.00,匯款,1121206,,,金錢,,,,,,,,,,
60,伍麗華,113年立法委員選舉,首次申報,1121206,個人捐贈收入,吳鴻康,J12*******,100000.00,0.00,匯款,1121206,,,金錢,桃園市大園區****,0939*****,,,,,,,,
61,伍麗華,113年立法委員選舉,首次申報,1121208,匿名捐贈,匿名6,,1000.00,0.00,匯款,1121208,,,金錢,,,,,,,,,,
62,伍麗華,113年立法委員選舉,首次申報,1121211,營利事業捐贈收入,睿成科技有限公司,28763719,100000.00,0.00,匯款,1121211,已返還,,金錢,新竹市北區中****,0352*****,,,,,,,,
63,伍麗華,113年立法委員選舉,首次申報,1121211,個人捐贈收入,傅淑美,T20*******,12000.00,0.00,匯款,1121211,,,金錢,屏東縣獅子鄉****,0928*****,,,,,,,,
64,伍麗華,113年立法委員選舉,首次申報,1121212,匿名捐贈,匿名31,,7055.00,0.00,匯款,1121212,,,金錢,,,,,,,,,,
65,伍麗華,113年立法委員選舉,首次申報,1121213,匿名捐贈,匿名30,,5500.00,0.00,匯款,1121213,,,金錢,,,,,,,,,,
66,伍麗華,113年立法委員選舉,首次申報,1121214,個人捐贈收入,李敏德,T12*******,5000.00,0.00,匯款,1121214,,,金錢,屏東縣屏東市****,0919*****,,,,,,,,
67,伍麗華,113年立法委員選舉,首次申報,1121218,匿名捐贈,匿名9,,1000.00,0.00,匯款,1121218,,,金錢,,,,,,,,,,
68,伍麗華,113年立法委員選舉,首次申報,1121218,匿名捐贈,匿名10,,1000.00,0.00,匯款,1121218,,,金錢,,,,,,,,,,
69,伍麗華,113年立法委員選舉,首次申報,1121218,個人捐贈收入,張達敏,T12*******,20000.00,0.00,匯款,1121218,,,金錢,屏東縣來義鄉****,0937*****,,,,,,,,
70,伍麗華,113年立法委員選舉,首次申報,1121220,個人捐贈收入,李欣容,A22*******,14500.00,0.00,匯款,1121220,,,金錢,臺北市大安區****,0988*****,,,,,,,,
71,伍麗華,113年立法委員選舉,首次申報,1121221,其他收入,利息收入,,3534.00,0.00,匯款,1121221,,,金錢,,,,,,,,,,
72,伍麗華,113年立法委員選舉,首次申報,1121221,個人捐贈收入,劉芬琿,,3600.00,0.00,匯款,1121221,,,金錢,臺中市北區忠****,0423*****,,,,,,,,
73,伍麗華,113年立法委員選舉,首次申報,1121221,營利事業捐贈收入,台灣里卡多鐵路有限公司,83225096,100000.00,0.00,匯款,1121221,已繳庫,,金錢,臺北市中正區****,0289*****,,,,,,,,
74,伍麗華,113年立法委員選舉,首次申報,1121222,個人捐贈收入,張佑安,L12*******,50000.00,0.00,匯款,1121222,,,金錢,臺中市北屯區****,0936*****,,,,,,,,
75,伍麗華,113年立法委員選舉,首次申報,1121222,個人捐贈收入,陳義章,N12*******,20000.00,0.00,匯款,1121222,,,金錢,臺中市南屯區****,0934*****,,,,,,,,
76,伍麗華,113年立法委員選舉,首次申報,1121223,個人捐贈收入,江鴻佑,B12*******,100000.00,0.00,匯款,1121223,,,金錢,臺中市北屯區****,0928*****,,,,,,,,
77,伍麗華,113年立法委員選舉,首次申報,1121225,匿名捐贈,匿名12,,2000.00,0.00,匯款,1121225,,,金錢,,,,,,,,,,
78,伍麗華,113年立法委員選舉,首次申報,1121225,個人捐贈收入,洪辰羽,T22*******,100000.00,0.00,匯款,1121225,,,金錢,屏東縣潮州鎮****,0905*****,,,,,,,,
79,伍麗華,113年立法委員選舉,首次申報,1121225,個人捐贈收入,賴建勳,U12*******,50000.00,0.00,匯款,1121225,,,金錢,花蓮縣花蓮市****,0912*****,,,,,,,,
80,伍麗華,113年立法委員選舉,首次申報,1121225,個人捐贈收入,周惠民,V12*******,10000.00,0.00,匯款,1121225,,,金錢,新北市新莊區****,0930*****,,,,,,,,
81,伍麗華,113年立法委員選舉,首次申報,1121226,人民團體捐贈收入,花蓮縣牙醫師公會,,100000.00,0.00,匯款,1121226,,,金錢,花蓮縣花蓮市****,03-8*****,,,,,,,,
82,伍麗華,113年立法委員選舉,首次申報,1121226,匿名捐贈,匿名7,,10000.00,0.00,匯款,1121226,,,金錢,,,,,,,,,,
83,伍麗華,113年立法委員選舉,首次申報,1121226,個人捐贈收入,王斌偉,A12*******,100000.00,0.00,匯款,1121226,,,金錢,臺北市中正區****,0937*****,,,,,,,,
84,伍麗華,113年立法委員選舉,首次申報,1121226,個人捐贈收入,余承恩,H12*******,100000.00,0.00,匯款,1121226,,,金錢,桃園市楊梅區****,0973*****,,,,,,,,
85,伍麗華,113年立法委員選舉,首次申報,1121226,個人捐贈收入,趙允中,Q12*******,100000.00,0.00,匯款,1121226,,,金錢,嘉義市東區雅****,0958*****,,,,,,,,
86,伍麗華,113年立法委員選舉,首次申報,1121226,個人捐贈收入,景如.法拉卡斯,T12*******,10000.00,0.00,匯款,1121226,,,金錢,屏東縣瑪家鄉****,0982*****,,,,,,,,
87,伍麗華,113年立法委員選舉,首次申報,1121226,個人捐贈收入,王金蘭,T22*******,10000.00,0.00,匯款,1121226,,,金錢,屏東縣瑪家鄉****,0985*****,,,,,,,,
88,伍麗華,113年立法委員選舉,首次申報,1121226,個人捐贈收入,余忠德,V12*******,100000.00,0.00,匯款,1121226,,,金錢,桃園市觀音區****,0981*****,,,,,,,,
89,伍麗華,113年立法委員選舉,首次申報,1121227,營利事業捐贈收入,晶成能源股份有限公司,50850580,50000.00,0.00,匯款,1121227,,,金錢,新北市土城區****,0226*****,,,,,,,,
90,伍麗華,113年立法委員選舉,首次申報,1121228,匿名捐贈,匿名8,,2500.00,0.00,匯款,1121228,,,金錢,,,,,,,,,,
91,伍麗華,113年立法委員選舉,首次申報,1121228,營利事業捐贈收入,順華興企業有限公司,54114655,100000.00,0.00,匯款,1121228,,,金錢,桃園市觀音區****,0347*****,,,,,,,,
92,伍麗華,113年立法委員選舉,首次申報,1121228,營利事業捐贈收入,眾貿有限公司,89548544,100000.00,0.00,匯款,1121228,,,金錢,桃園市觀音區****,03-3*****,,,,,,,,
93,伍麗華,113年立法委員選舉,首次申報,1121228,個人捐贈收入,謝旻妤,J22*******,100000.00,0.00,匯款,1121228,,,金錢,新竹縣竹北市****,0937*****,,,,,,,,
94,伍麗華,113年立法委員選舉,首次申報,1121229,個人捐贈收入,林湘怡,J22*******,100000.00,0.00,匯款,1121229,,,金錢,新竹縣竹北市****,0970*****,,,,,,,,
95,伍麗華,113年立法委員選舉,首次申報,1121229,個人捐贈收入,陳和妹,V20*******,10000.00,0.00,匯款,1121229,,,金錢,屏東縣春日鄉****,0930*****,,,,,,,,
96,伍麗華,113年立法委員選舉,首次申報,1121231,個人捐贈收入,曾巧忻,T22*******,30000.00,0.00,匯款,1130102,,,金錢,屏東縣屏東市****,0920*****,,,,,,,,
97,伍麗華,113年立法委員選舉,首次申報,1121231,個人捐贈收入,曾巧忻,T22*******,30000.00,0.00,現金,1130102,,,金錢,屏東縣屏東市****,0920*****,,,,,,,,
98,伍麗華,113年立法委員選舉,首次申報,1130101,匿名捐贈,匿名14,,10000.00,0.00,現金,1130101,,,金錢,,,,,,,,,,
99,伍麗華,113年立法委員選舉,首次申報,1130101,個人捐贈收入,邱靜宜,N22*******,50000.00,0.00,匯款,1130101,,,金錢,桃園市龜山區****,0936*****,,,,,,,,
100,伍麗華,113年立法委員選舉,首次申報,1130102,匿名捐贈,匿名16,,5000.00,0.00,匯款,1130102,,,金錢,,,,,,,,,,
101,伍麗華,113年立法委員選舉,首次申報,1130102,匿名捐贈,匿名17,,6000.00,0.00,匯款,1130102,,,金錢,,,,,,,,,,
102,伍麗華,113年立法委員選舉,首次申報,1130102,個人捐贈收入,邱子恒,A22*******,90000.00,0.00,匯款,1130102,,,金錢,臺北市大安區****,0978*****,,,,,,,,
103,伍麗華,113年立法委員選舉,首次申報,1130102,個人捐贈收入,洪貞玲,L22*******,5000.00,0.00,匯款,1130102,,,金錢,新北市中和區****,0233*****,,,,,,,,
104,伍麗華,113年立法委員選舉,首次申報,1130102,個人捐贈收入,林進丁,T10*******,20000.00,0.00,匯款,1130102,,,金錢,屏東縣獅子鄉****,0910*****,,,,,,,,
105,伍麗華,113年立法委員選舉,首次申報,1130104,匿名捐贈,匿名18,,5800.00,0.00,匯款,1130104,,,金錢,,,,,,,,,,
106,伍麗華,113年立法委員選舉,首次申報,1130105,匿名捐贈,匿名19,,1000.00,0.00,匯款,1130105,,,金錢,,,,,,,,,,
107,伍麗華,113年立法委員選舉,首次申報,1130105,個人捐贈收入,徐天友,T12*******,10000.00,0.00,匯款,1130105,,,金錢,屏東縣瑪家鄉****,0921*****,,,,,,,,
108,伍麗華,113年立法委員選舉,首次申報,1130105,個人捐贈收入,伊斯立段.阿讓,U12*******,20000.00,0.00,匯款,1130105,,,金錢,花蓮縣卓溪鄉****,0978*****,,,,,,,,
109,伍麗華,113年立法委員選舉,首次申報,1130107,匿名捐贈,匿名20,,1000.00,0.00,匯款,1130107,,,金錢,,,,,,,,,,
110,伍麗華,113年立法委員選舉,首次申報,1130108,匿名捐贈,匿名21,,10000.00,0.00,匯款,1130108,,,金錢,,,,,,,,,,
111,伍麗華,113年立法委員選舉,首次申報,1130108,匿名捐贈,匿名35,,5000.00,0.00,匯款,1130108,,,金錢,,,,,,,,,,
112,伍麗華,113年立法委員選舉,首次申報,1130108,匿名捐贈,匿名34,,1450.00,0.00,匯款,1130108,,,金錢,,,,,,,,,,
113,伍麗華,113年立法委員選舉,首次申報,1130108,營利事業捐贈收入,強匠冷凍食品股份有限公司,89715916,50000.00,0.00,匯款,1130108,,,金錢,屏東縣內埔鄉****,08-7*****,,,,,,,,
114,伍麗華,113年立法委員選舉,首次申報,1130108,個人捐贈收入,張玲綺,A22*******,30000.00,0.00,匯款,1130108,,,金錢,臺北市中山區****,0939*****,,,,,,,,
115,伍麗華,113年立法委員選舉,首次申報,1130108,個人捐贈收入,王瑞豪,E12*******,30000.00,0.00,匯款,1130108,,,金錢,高雄市仁武區****,0979*****,,,,,,,,
116,伍麗華,113年立法委員選舉,首次申報,1130108,個人捐贈收入,陳香英,H20*******,20000.00,0.00,匯款,1130108,,,金錢,宜蘭縣大同鄉****,0925*****,,,,,,,,
117,伍麗華,113年立法委員選舉,首次申報,1130108,個人捐贈收入,羅仕軒,J12*******,25000.00,0.00,匯款,1130108,,,金錢,新竹市東區公****,0912*****,,,,,,,,
118,伍麗華,113年立法委員選舉,首次申報,1130108,個人捐贈收入,陳峻鵬,T12*******,30000.00,0.00,匯款,1130108,,,金錢,屏東縣來義鄉****,0972*****,,,,,,,,
119,伍麗華,113年立法委員選舉,首次申報,1130108,個人捐贈收入,劉雪花,T22*******,10000.00,0.00,匯款,1130108,,,金錢,屏東縣來義鄉****,0932*****,,,,,,,,
120,伍麗華,113年立法委員選舉,首次申報,1130109,匿名捐贈,匿名33,,6000.00,0.00,匯款,1130109,,,金錢,,,,,,,,,,
121,伍麗華,113年立法委員選舉,首次申報,1130110,個人捐贈收入,江聰培,N12*******,50000.00,0.00,匯款,1130110,,,金錢,新竹縣竹北市****,0935*****,,,,,,,,
122,伍麗華,113年立法委員選舉,首次申報,1130111,個人捐贈收入,江聰培,N12*******,50000.00,0.00,匯款,1130111,,,金錢,新竹縣竹北市****,0935*****,,,,,,,,
123,伍麗華,113年立法委員選舉,首次申報,1130112,匿名捐贈,匿名36,,3000.00,0.00,匯款,1130112,,,金錢,,,,,,,,,,
124,伍麗華,113年立法委員選舉,首次申報,1130112,匿名捐贈,匿名32,,2000.00,0.00,匯款,1130112,,,金錢,,,,,,,,,,
125,伍麗華,113年立法委員選舉,首次申報,1130112,個人捐贈收入,林義勇,,6000.00,0.00,匯款,1130117,,,金錢,屏東縣瑪家鄉****,0910*****,,,,,,,,
126,伍麗華,113年立法委員選舉,首次申報,1130112,個人捐贈收入,孔佳薇,K22*******,10000.00,0.00,匯款,1130112,,,金錢,桃園市八德區****,0921*****,,,,,,,,
127,伍麗華,113年立法委員選舉,首次申報,1130112,個人捐贈收入,陸宥熹,T22*******,98000.00,0.00,匯款,1130112,,,金錢,屏東縣瑪家鄉****,0919*****,,,,,,,,
128,伍麗華,113年立法委員選舉,首次申報,1130112,個人捐贈收入,鴻狄,U22*******,20000.00,0.00,匯款,1130112,,,金錢,臺東縣臺東市****,0223*****,,,,,,,,
