﻿序號,擬參選人／政黨,選舉名稱,申報序號／年度,交易日期,收支科目,捐贈者／支出對象,身分證／統一編號,收入金額,支出金額,支出用途,金錢類,地址,聯絡電話,資料更正日期
1,林正峰,107年直轄市議員選舉,首次申報,1070526,宣傳支出,龜崙口廣告創意社,10081678,0.00,5400.00,廣告帆布,金錢,桃園市龜山區****,0332*****,
2,林正峰,107年直轄市議員選舉,首次申報,1070529,宣傳支出,龜崙口廣告創意社,10081678,0.00,5400.00,廣告帆布,金錢,桃園市龜山區****,0332*****,
3,林正峰,107年直轄市議員選舉,首次申報,1070530,宣傳支出,康百克影印行,033595935,0.00,6000.00,名片,金錢,桃園市龜山區****,0335*****,
4,林正峰,107年直轄市議員選舉,首次申報,1070603,交通旅運支出,日隆加油站,23079470,0.00,1010.00,油資,金錢,桃園市桃園區****,03 3*****,
5,林正峰,107年直轄市議員選舉,首次申報,1070608,宣傳支出,康百克影印行,17887559,0.00,6000.00,二折名片,金錢,桃園市龜山區****,0335*****,
6,林正峰,107年直轄市議員選舉,首次申報,1070614,宣傳支出,康百克影印行,17887559,0.00,5000.00,A印刷單,金錢,桃園市桃園區****,0335*****,
7,林正峰,107年直轄市議員選舉,首次申報,1070617,交通旅運支出,台灣中油龜山站,43031587,0.00,959.00,油資,金錢,桃園市龜山區****,03 3*****,
8,林正峰,107年直轄市議員選舉,首次申報,1070620,宣傳支出,龜崙口廣告創意社,10081678,0.00,5600.00,製作宣傳廣告支出,金錢,桃園市龜山區****,0332*****,
9,林正峰,107年直轄市議員選舉,首次申報,1070627,宣傳支出,龜崙口廣告創意社,10081678,0.00,5400.00,製作宣傳廣告支出,金錢,桃園市龜山區****,0332*****,
10,林正峰,107年直轄市議員選舉,首次申報,1070708,宣傳支出,福明禮品社,31568330,0.00,75000.00,製作競選物品支出（帽子）,金錢,桃園市大園區****,0927*****,
11,林正峰,107年直轄市議員選舉,首次申報,1070714,宣傳支出,康百克影印行,17887559,0.00,5500.00,大圖輸出,金錢,桃園市龜山區****,0335*****,
12,林正峰,107年直轄市議員選舉,首次申報,1070715,交通旅運支出,龍田加油站,86092458,0.00,748.00,油資,金錢,桃園市中壢區****,0346*****,
13,林正峰,107年直轄市議員選舉,首次申報,1070723,宣傳支出,龜崙口廣告創意社,10081673,0.00,4800.00,廣告文宣,金錢,桃園市龜山區****,0332*****,
14,林正峰,107年直轄市議員選舉,首次申報,1070723,交通旅運支出,龍田加油站,86092458,0.00,754.00,油資,金錢,桃園市中壢區****,0346*****,
15,林正峰,107年直轄市議員選舉,首次申報,1070725,宣傳支出,龜崙口廣告創意社,10081678,0.00,5400.00,廣告帆布,金錢,桃園市龜山區****,0332*****,
16,林正峰,107年直轄市議員選舉,首次申報,1070725,宣傳支出,福明禮品社,31568330,0.00,75000.00,製作競選物品支出（帽子）,金錢,桃園市大園區****,0927*****,
17,林正峰,107年直轄市議員選舉,首次申報,1070729,交通旅運支出,龍田加油站,86092458,0.00,541.00,油資,金錢,桃園市中壢區****,0346*****,
18,林正峰,107年直轄市議員選舉,首次申報,1070729,交通旅運支出,台灣中油三民路加油站,98249357,0.00,970.00,油資,金錢,桃園市桃園區****,03 3*****,
19,林正峰,107年直轄市議員選舉,首次申報,1070801,交通旅運支出,翔大加油站,53050176,0.00,618.00,油資,金錢,桃園市龜山區****,0335*****,
20,林正峰,107年直轄市議員選舉,首次申報,1070803,交通旅運支出,翔大加油站,53050176,0.00,1372.00,油資,金錢,桃園市龜山區****,03 3*****,
21,林正峰,107年直轄市議員選舉,首次申報,1070803,交通旅運支出,翔大加油站,53050176,0.00,1012.00,油資,金錢,桃園市龜山區****,03 3*****,
22,林正峰,107年直轄市議員選舉,首次申報,1070806,交通旅運支出,龍田加油站,86092458,0.00,768.00,油資,金錢,桃園市中壢區****,0346*****,
23,林正峰,107年直轄市議員選舉,首次申報,1070808,宣傳支出,福明禮品社,31568330,0.00,75000.00,製作競選物品支出（帽子）,金錢,桃園市大園區****,0927*****,
24,林正峰,107年直轄市議員選舉,首次申報,1070809,交通旅運支出,翔大加油站,53050176,0.00,950.00,油資,金錢,桃園市龜山區****,03 3*****,
25,林正峰,107年直轄市議員選舉,首次申報,1070812,交通旅運支出,龍田加油站,86092458,0.00,835.00,油資,金錢,桃園市中壢區****,0346*****,
26,林正峰,107年直轄市議員選舉,首次申報,1070816,交通旅運支出,台灣中油龜山站,43031587,0.00,894.00,油資,金錢,桃園市龜山區****,03 3*****,
27,林正峰,107年直轄市議員選舉,首次申報,1070820,交通旅運支出,龍田加油站,86092458,0.00,753.00,油資,金錢,桃園市中壢區****,0346*****,
28,林正峰,107年直轄市議員選舉,首次申報,1070821,宣傳支出,龜崙口廣告創意社,10081678,0.00,5400.00,廣告帆布,金錢,桃園市龜山區****,0332*****,
29,林正峰,107年直轄市議員選舉,首次申報,1070821,宣傳支出,康百克影印行,17887559,0.00,6000.00,名片,金錢,桃園市龜山區****,0335*****,
30,林正峰,107年直轄市議員選舉,首次申報,1070822,交通旅運支出,台灣中油三民路,98249357,0.00,1000.00,油資,金錢,桃園市桃園區****,03 3*****,
31,林正峰,107年直轄市議員選舉,首次申報,1070825,宣傳支出,福明禮品社,31568330,0.00,75000.00,製作競選物品支出（帽子）,金錢,桃園市大園區****,0927*****,
32,林正峰,107年直轄市議員選舉,首次申報,1070825,交通旅運支出,龍田加油站,86092458,0.00,1372.00,油資,金錢,桃園市中壢區****,0346*****,
33,林正峰,107年直轄市議員選舉,首次申報,1070827,交通旅運支出,龍田加油站,86092458,0.00,716.00,油資,金錢,桃園市中壢區****,0346*****,
34,林正峰,107年直轄市議員選舉,首次申報,1070828,宣傳支出,龜崙口廣告創意社,10081678,0.00,5800.00,廣告文宣,金錢,桃園市龜山區****,0332*****,
35,林正峰,107年直轄市議員選舉,首次申報,1070828,交通旅運支出,翔大加油站,53050176,0.00,1000.00,油資,金錢,桃園市龜山區****,03 3*****,
36,林正峰,107年直轄市議員選舉,首次申報,1070831,交通旅運支出,翔大加油站,53050176,0.00,980.00,油資,金錢,桃園市龜山區****,03 3*****,
37,林正峰,107年直轄市議員選舉,首次申報,1070908,宣傳支出,康百克影印行,17887559,0.00,5000.00,單面印刷,金錢,桃園市龜山區****,0335*****,
38,林正峰,107年直轄市議員選舉,首次申報,1070908,交通旅運支出,翔大加油站,53050176,0.00,1000.00,油資,金錢,桃園市龜山區****,03 3*****,
39,林正峰,107年直轄市議員選舉,首次申報,1070919,宣傳支出,龜崙口廣告創意社,10081678,0.00,5300.00,廣告帆布,金錢,桃園市龜山區****,0332*****,
40,林正峰,107年直轄市議員選舉,首次申報,1070921,交通旅運支出,南強加油站,70489828,0.00,1472.00,油資,金錢,桃園市龜山區****,0332*****,
41,林正峰,107年直轄市議員選舉,首次申報,1070922,宣傳支出,龜崙口廣告創意社,10081678,0.00,5400.00,廣告帆布,金錢,桃園市龜山區****,0332*****,
42,林正峰,107年直轄市議員選舉,首次申報,1070926,宣傳支出,彤綵印刷企業社,30253190,0.00,116760.00,製作競選物品支出（物品名稱-扇子）,金錢,新北市土城區****,02 2*****,
43,林正峰,107年直轄市議員選舉,首次申報,1070926,交通旅運支出,車容坊林口加油站,98971079,0.00,870.00,油資,金錢,桃園市龜山區****,0331*****,
44,林正峰,107年直轄市議員選舉,首次申報,1071001,雜支支出,陳添興米店,43275226,0.00,4800.00,餐飲費用,金錢,桃園市龜山區****,0332*****,
45,林正峰,107年直轄市議員選舉,首次申報,1071004,雜支支出,五一八有限公司迴龍營業所,42216848,0.00,2097.00,雜項購置或修繕費用,金錢,桃園市龜山區****,0282*****,
46,林正峰,107年直轄市議員選舉,首次申報,1071005,雜支支出,永裕文具行,43873124,0.00,5200.00,辦公用品文具,金錢,桃園市桃園區****,3365*****,
47,林正峰,107年直轄市議員選舉,首次申報,1071005,雜支支出,好朋友有限公司,86420332,0.00,912.00,雜項購置或修繕費用,金錢,桃園市桃園區****,0333*****,
48,林正峰,107年直轄市議員選舉,首次申報,1071010,宣傳支出,佳玲舞台燈光音響社,34957755,0.00,5000.00,租用廣告看板或車體廣告支出,金錢,嘉義縣朴子市****,0537*****,
49,林正峰,107年直轄市議員選舉,首次申報,1071010,集會支出,唯寶企業社,98120471,0.00,5025.00,餐飲支出,金錢,桃園市龜山區****,0332*****,
50,林正峰,107年直轄市議員選舉,首次申報,1071011,雜支支出,山頂企業社,43918065,0.00,2000.00,廁所化糞池清理,金錢,桃園市龜山區****,4391*****,
51,林正峰,107年直轄市議員選舉,首次申報,1071015,雜支支出,萬利興號,33333508,0.00,1315.00,免洗餐具,金錢,新北市三峽區****,0226*****,
52,林正峰,107年直轄市議員選舉,首次申報,1071015,雜支支出,中華電信桃園營運處龜山服務中心,37939680,0.00,500.00,電信費用,金錢,桃園市龜山區****,0800*****,
53,林正峰,107年直轄市議員選舉,首次申報,1071015,雜支支出,中華電信桃園營運處龜山服務中心,37939680,0.00,500.00,電信費用,金錢,桃園市龜山區****,0800*****,
54,林正峰,107年直轄市議員選舉,首次申報,1071015,雜支支出,中華電信桃園營運處龜山服務中心,37939680,0.00,3000.00,電信費用,金錢,桃園市龜山區****,0800*****,
55,林正峰,107年直轄市議員選舉,首次申報,1071015,宣傳支出,中華郵政,44026788,0.00,35046.00,郵寄競選物品,金錢,桃園市龜山區****,0331*****,
56,林正峰,107年直轄市議員選舉,首次申報,1071015,交通旅運支出,翔大加油站,53050176,0.00,1115.00,油資,金錢,桃園市龜山區****,0335*****,
57,林正峰,107年直轄市議員選舉,首次申報,1071016,雜支支出,譁琪商行,18165756,0.00,400.00,免洗杯,金錢,桃園市龜山區****,0332*****,
58,林正峰,107年直轄市議員選舉,首次申報,1071016,雜支支出,順記商店,43933360,0.00,5000.00,餐飲費用,金錢,桃園市桃園區****,0333*****,
59,林正峰,107年直轄市議員選舉,首次申報,1071016,宣傳支出,影城數位影印店,49897545,0.00,1350.00,製作宣傳廣告支出,金錢,桃園市龜山區****,0335*****,
60,林正峰,107年直轄市議員選舉,首次申報,1071017,宣傳支出,龜崙口廣告創意社,10081678,0.00,5760.00,製作競選物品支出（物品名稱-舉牌）,金錢,桃園市龜山區****,0332*****,
61,林正峰,107年直轄市議員選舉,首次申報,1071017,宣傳支出,康百克影印行,17887559,0.00,6000.00,名片,金錢,桃園市龜山區****,0335*****,
62,林正峰,107年直轄市議員選舉,首次申報,1071017,雜支支出,三龍魚丸食品店,26619437,0.00,4400.00,餐飲費用,金錢,桃園市桃園區****,0333*****,
63,林正峰,107年直轄市議員選舉,首次申報,1071017,雜支支出,環欣商行,34811611,0.00,4400.00,餐飲費用,金錢,桃園市龜山區****,0332*****,
64,林正峰,107年直轄市議員選舉,首次申報,1071017,雜支支出,陳添興米店,43275226,0.00,2720.00,餐飲費用,金錢,桃園市龜山區****,0332*****,
65,林正峰,107年直轄市議員選舉,首次申報,1071017,雜支支出,順記商店,43933360,0.00,5000.00,餐飲費用,金錢,桃園市桃園區****,0333*****,
66,林正峰,107年直轄市議員選舉,首次申報,1071017,雜支支出,順記商店,43933360,0.00,5000.00,餐飲費用,金錢,桃園市桃園區****,0333*****,
67,林正峰,107年直轄市議員選舉,首次申報,1071017,雜支支出,順記商店,43933360,0.00,3725.00,餐飲費用,金錢,桃園市龜山區****,0333*****,
68,林正峰,107年直轄市議員選舉,首次申報,1071017,宣傳支出,天毅企業有限公司,84645666,0.00,339507.00,環保袋,金錢,新北市三峽區****,0226*****,
69,林正峰,107年直轄市議員選舉,首次申報,1071017,宣傳支出,天毅企業有限公司,84645666,0.00,349388.00,環保袋,金錢,新北市三峽區****,0226*****,
70,林正峰,107年直轄市議員選舉,首次申報,1071018,雜支支出,陳添興米店,43275226,0.00,1350.00,餐飲費用,金錢,桃園市龜山區****,0332*****,
71,林正峰,107年直轄市議員選舉,首次申報,1071018,雜支支出,昇輝食品行,70881490,0.00,10000.00,餐飲費用,金錢,桃園市龜山區****,0332*****,
72,林正峰,107年直轄市議員選舉,首次申報,1071018,宣傳支出,天毅企業有限公司,84645666,0.00,115500.00,環保袋,金錢,新北市三峽區****,0226*****,
73,林正峰,107年直轄市議員選舉,首次申報,1071019,雜支支出,勝聰煤氣行,49978125,0.00,4860.00,餐飲費用,金錢,桃園市龜山區****,0335*****,
74,林正峰,107年直轄市議員選舉,首次申報,1071020,雜支支出,順記商店,43933360,0.00,5000.00,餐飲費用,金錢,桃園市桃園區****,0333*****,
75,林正峰,107年直轄市議員選舉,首次申報,1071020,宣傳支出,中華郵政股份有限公司桃園郵局局,80750270,0.00,1460.00,郵寄競選物品或宣傳廣告支出,金錢,桃園市桃園區****,,
76,林正峰,107年直轄市議員選舉,首次申報,1071021,雜支支出,三龍魚丸食品店,26619437,0.00,3080.00,餐飲費用,金錢,桃園市桃園區****,0333*****,
77,林正峰,107年直轄市議員選舉,首次申報,1071021,雜支支出,順記商店,43933360,0.00,5000.00,餐飲費用,金錢,桃園市桃園區****,0333*****,
78,林正峰,107年直轄市議員選舉,首次申報,1071022,雜支支出,三龍魚丸食品店,26619437,0.00,3080.00,餐飲費用,金錢,桃園市桃園區****,0333*****,
79,林正峰,107年直轄市議員選舉,首次申報,1071022,雜支支出,阿宏米行,30174344,0.00,3100.00,餐飲費用,金錢,新北市泰山區****,0222*****,
80,林正峰,107年直轄市議員選舉,首次申報,1071022,雜支支出,順記商店,43933360,0.00,5000.00,餐飲費用,金錢,桃園市桃園區****,0333*****,
81,林正峰,107年直轄市議員選舉,首次申報,1071023,雜支支出,富滿青果行,14666293,0.00,600.00,餐飲費用,金錢,桃園市龜山區****,0332*****,
82,林正峰,107年直轄市議員選舉,首次申報,1071023,雜支支出,上禾味,24877727,0.00,1145.00,餐飲費用,金錢,桃園市龜山區****,0335*****,
83,林正峰,107年直轄市議員選舉,首次申報,1071023,雜支支出,三龍魚丸食品店,26619437,0.00,4400.00,餐飲費用,金錢,桃園市桃園區****,0333*****,
84,林正峰,107年直轄市議員選舉,首次申報,1071023,雜支支出,三龍魚丸食品店,26619437,0.00,1600.00,餐飲費用,金錢,桃園市桃園區****,0333*****,
85,林正峰,107年直轄市議員選舉,首次申報,1071023,雜支支出,環欣商行,34811611,0.00,2600.00,餐飲費用,金錢,桃園市龜山區****,0332*****,
86,林正峰,107年直轄市議員選舉,首次申報,1071023,雜支支出,億昌食品行,43951438,0.00,1600.00,餐飲費用,金錢,桃園市桃園區****,0333*****,
87,林正峰,107年直轄市議員選舉,首次申報,1071024,雜支支出,三龍魚丸食品店,26619437,0.00,4400.00,餐飲費用,金錢,桃園市桃園區****,0333*****,
88,林正峰,107年直轄市議員選舉,首次申報,1071024,交通旅運支出,台灣中油龜山站,43031587,0.00,850.00,油資,金錢,桃園市龜山區****,03 3*****,
89,林正峰,107年直轄市議員選舉,首次申報,1071024,雜支支出,順記商店,43933360,0.00,5000.00,餐飲費用,金錢,桃園市桃園區****,0333*****,
90,林正峰,107年直轄市議員選舉,首次申報,1071024,雜支支出,順記商店,43933360,0.00,5000.00,餐飲費用,金錢,桃園市桃園區****,0333*****,
91,林正峰,107年直轄市議員選舉,首次申報,1071024,雜支支出,勝聰煤氣行,49978125,0.00,2430.00,餐飲費用,金錢,桃園市龜山區****,0335*****,
92,林正峰,107年直轄市議員選舉,首次申報,1071024,交通旅運支出,翔大加油站,53050176,0.00,1430.00,油資,金錢,桃園市龜山區****,0335*****,
93,林正峰,107年直轄市議員選舉,首次申報,1071024,雜支支出,林耀卿,R10*******,0.00,10640.00,餐飲費用,金錢,臺南市白河區****,0932*****,
94,林正峰,107年直轄市議員選舉,首次申報,1071025,雜支支出,順記商店,43933360,0.00,5000.00,餐飲費用,金錢,桃園市桃園區****,0333*****,
95,林正峰,107年直轄市議員選舉,首次申報,1071025,雜支支出,順記商店,43933360,0.00,5000.00,餐飲費用,金錢,桃園市桃園區****,0333*****,
96,林正峰,107年直轄市議員選舉,首次申報,1071025,交通旅運支出,翔大加油站,53050176,0.00,900.00,油資,金錢,桃園市龜山區****,0335*****,
97,林正峰,107年直轄市議員選舉,首次申報,1071025,雜支支出,大信青果行,73804758,0.00,5000.00,餐飲費用,金錢,桃園市龜山區****,0332*****,
98,林正峰,107年直轄市議員選舉,首次申報,1071026,雜支支出,宏欣商行,10648800,0.00,1751.00,雜項購置或修繕費用,金錢,桃園市龜山區****,0331*****,
99,林正峰,107年直轄市議員選舉,首次申報,1071026,宣傳支出,佳玲舞台燈光音響社,34957755,0.00,5000.00,租用廣告看板或車體廣告支出,金錢,嘉義縣朴子市****,0537*****,
100,林正峰,107年直轄市議員選舉,首次申報,1071026,交通旅運支出,台灣中油龜山站,43031587,0.00,650.00,油資,金錢,桃園市龜山區****,0332*****,
101,林正峰,107年直轄市議員選舉,首次申報,1071026,宣傳支出,中華郵政股份有限公司龜山郵局,43895181,0.00,1000.00,郵寄競選物品或宣傳廣告支出,金錢,桃園市龜山區****,,
102,林正峰,107年直轄市議員選舉,首次申報,1071026,集會支出,竣美飲食店,49696511,0.00,4900.00,餐飲支出,金錢,桃園市龜山區****,0333*****,
103,林正峰,107年直轄市議員選舉,首次申報,1071026,宣傳支出,影城數位影印店,49897545,0.00,1968.00,製作宣傳廣告支出,金錢,桃園市龜山區****,0335*****,
104,林正峰,107年直轄市議員選舉,首次申報,1071026,雜支支出,勝聰煤氣行,49978125,0.00,2430.00,餐飲費用,金錢,桃園市龜山區****,0335*****,
105,林正峰,107年直轄市議員選舉,首次申報,1071027,雜支支出,禾豐糧行,30112214,0.00,4800.00,餐飲費用,金錢,桃園市龜山區****,0332*****,
106,林正峰,107年直轄市議員選舉,首次申報,1071027,雜支支出,環欣商行,34811611,0.00,3920.00,餐飲費用,金錢,桃園市龜山區****,0332*****,
107,林正峰,107年直轄市議員選舉,首次申報,1071027,宣傳支出,佳玲舞台燈光音響社,34957755,0.00,5000.00,租用廣告看板或車體廣告支出,金錢,嘉義縣朴子市****,0537*****,
108,林正峰,107年直轄市議員選舉,首次申報,1071027,雜支支出,陳添興米店,43275226,0.00,2700.00,餐飲費用,金錢,桃園市龜山區****,0332*****,
109,林正峰,107年直轄市議員選舉,首次申報,1071027,集會支出,竣美飲食店,49696511,0.00,4900.00,餐飲支出,金錢,桃園市龜山區****,0333*****,
110,林正峰,107年直轄市議員選舉,首次申報,1071027,雜支支出,勝聰煤氣行,49978125,0.00,2430.00,餐飲費用,金錢,桃園市龜山區****,0335*****,
111,林正峰,107年直轄市議員選舉,首次申報,1071027,集會支出,桃園市龜山區舊路社區發展協會,99227710,0.00,3000.00,租用場地支出,金錢,桃園市龜山區****,0910*****,
112,林正峰,107年直轄市議員選舉,首次申報,1071027,人事費用支出,沈麗幼,P22*******,0.00,33500.00,工資或薪津,金錢,桃園市大溪區****,,
113,林正峰,107年直轄市議員選舉,首次申報,1071027,人事費用支出,陳淑女,S22*******,0.00,13000.00,工資或薪津,金錢,桃園市龜山區****,,
114,林正峰,107年直轄市議員選舉,首次申報,1071028,宣傳支出,龜崙口廣告創意社,10081678,0.00,6900.00,製作競選物品支出（物品名稱-文宣貼紙）,金錢,桃園市龜山區****,0332*****,
115,林正峰,107年直轄市議員選舉,首次申報,1071028,集會支出,喜洋洋企業社,10556549,0.00,5000.00,租用設備支出,金錢,桃園市桃園區****,0933*****,
116,林正峰,107年直轄市議員選舉,首次申報,1071028,集會支出,喜洋洋企業社,10556549,0.00,5000.00,租用設備支出,金錢,桃園市桃園區****,0933*****,
117,林正峰,107年直轄市議員選舉,首次申報,1071028,集會支出,上禾味,24877727,0.00,3530.00,餐飲支出,金錢,桃園市龜山區****,0335*****,
118,林正峰,107年直轄市議員選舉,首次申報,1071028,集會支出,上禾味,24877727,0.00,1810.00,餐飲支出,金錢,桃園市龜山區****,0335*****,
119,林正峰,107年直轄市議員選舉,首次申報,1071028,雜支支出,環欣商行,34811611,0.00,3400.00,餐飲費用,金錢,桃園市龜山區****,0332*****,
120,林正峰,107年直轄市議員選舉,首次申報,1071028,宣傳支出,佳玲舞台燈光音響社,34957755,0.00,5000.00,舞台音響車,金錢,嘉義縣朴子市****,0537*****,
121,林正峰,107年直轄市議員選舉,首次申報,1071028,宣傳支出,佳玲舞台燈光音響社,34957755,0.00,5000.00,舞台音響,金錢,嘉義縣朴子市****,0537*****,
122,林正峰,107年直轄市議員選舉,首次申報,1071028,雜支支出,振豐煤氣行,43242794,0.00,5040.00,餐飲費用,金錢,桃園市龜山區****,0282*****,
123,林正峰,107年直轄市議員選舉,首次申報,1071028,雜支支出,隆益商號,43624441,0.00,1840.00,餐飲費用,金錢,桃園市桃園區****,0333*****,
124,林正峰,107年直轄市議員選舉,首次申報,1071028,雜支支出,泰順藥師藥局,43906075,0.00,500.00,口罩,金錢,桃園市龜山區****,0332*****,
125,林正峰,107年直轄市議員選舉,首次申報,1071028,雜支支出,泰順藥師藥局,43906075,0.00,500.00,口罩,金錢,桃園市龜山區****,0332*****,
126,林正峰,107年直轄市議員選舉,首次申報,1071028,雜支支出,順記商店,43933360,0.00,5000.00,餐飲費用,金錢,桃園市桃園區****,0333*****,
127,林正峰,107年直轄市議員選舉,首次申報,1071028,雜支支出,順記商店,43933360,0.00,5000.00,餐飲費用,金錢,桃園市桃園區****,0333*****,
128,林正峰,107年直轄市議員選舉,首次申報,1071028,雜支支出,順記商店,43933360,0.00,5000.00,餐飲費用,金錢,桃園市桃園區****,0333*****,
129,林正峰,107年直轄市議員選舉,首次申報,1071028,集會支出,竣美飲食店,49696511,0.00,4900.00,餐飲支出,金錢,桃園市龜山區****,0333*****,
130,林正峰,107年直轄市議員選舉,首次申報,1071028,雜支支出,勝聰煤氣行,49978125,0.00,2430.00,餐飲費用,金錢,桃園市龜山區****,0335*****,
131,林正峰,107年直轄市議員選舉,首次申報,1071028,人事費用支出,李春蜂,H22*******,0.00,34000.00,工資或薪津,金錢,桃園市大溪區****,,
132,林正峰,107年直轄市議員選舉,首次申報,1071029,雜支支出,大家健康素食店,13251280,0.00,1050.00,餐飲費用,金錢,桃園市龜山區****,0335*****,
133,林正峰,107年直轄市議員選舉,首次申報,1071029,雜支支出,協訊國際華亞分公司,27506761,0.00,3500.00,電信費用,金錢,桃園市龜山區****,,
134,林正峰,107年直轄市議員選舉,首次申報,1071029,交通旅運支出,台灣中油龜山站,43031587,0.00,600.00,油資,金錢,桃園市龜山區****,0332*****,
135,林正峰,107年直轄市議員選舉,首次申報,1071029,交通旅運支出,翔大加油站,53050176,0.00,1300.00,油資,金錢,桃園市龜山區****,0335*****,
136,林正峰,107年直轄市議員選舉,首次申報,1071030,雜支支出,順記商店,43933360,0.00,5000.00,餐飲費用,金錢,桃園市桃園區****,0333*****,
137,林正峰,107年直轄市議員選舉,首次申報,1071030,雜支支出,順記商店,43933360,0.00,5000.00,餐飲費用,金錢,桃園市桃園區****,0333*****,
138,林正峰,107年直轄市議員選舉,首次申報,1071030,雜支支出,順記商店,43933360,0.00,5000.00,餐飲費用,金錢,桃園市桃園區****,0333*****,
139,林正峰,107年直轄市議員選舉,首次申報,1071030,雜支支出,登富包裝材行,47995513,0.00,480.00,雜項購置或修繕費用,金錢,桃園市桃園區****,0333*****,
140,林正峰,107年直轄市議員選舉,首次申報,1071030,雜支支出,登富包裝材行,47995513,0.00,1490.00,雜項購置或修繕費用,金錢,桃園市桃園區****,0333*****,
141,林正峰,107年直轄市議員選舉,首次申報,1071030,雜支支出,登富包裝材行,47995513,0.00,960.00,雜項購置或修繕費用,金錢,桃園市桃園區****,0333*****,
142,林正峰,107年直轄市議員選舉,首次申報,1071030,雜支支出,勝聰煤氣行,49978125,0.00,4050.00,餐飲費用,金錢,桃園市龜山區****,0335*****,
143,林正峰,107年直轄市議員選舉,首次申報,1071030,人事費用支出,李春蜂,H22*******,0.00,45500.00,工資或薪津,金錢,桃園市大溪區****,,
144,林正峰,107年直轄市議員選舉,首次申報,1071030,人事費用支出,沈蜜幼,P22*******,0.00,38000.00,工資或薪津,金錢,桃園市大溪區****,,
145,林正峰,107年直轄市議員選舉,首次申報,1071031,雜支支出,三龍魚丸食品店,26619437,0.00,4400.00,餐飲費用,金錢,桃園市桃園區****,0333*****,
146,林正峰,107年直轄市議員選舉,首次申報,1071031,雜支支出,三龍魚丸食品店,26619437,0.00,4400.00,餐飲費用,金錢,桃園市桃園區****,0333*****,
147,林正峰,107年直轄市議員選舉,首次申報,1071031,交通旅運支出,台灣中油龜山站,43031587,0.00,1000.00,油資,金錢,桃園市龜山區****,0332*****,
148,林正峰,107年直轄市議員選舉,首次申報,1071031,雜支支出,順記商店,43933360,0.00,3050.00,餐飲費用,金錢,桃園市桃園區****,0333*****,
149,林正峰,107年直轄市議員選舉,首次申報,1071031,雜支支出,順記商店,43933360,0.00,5000.00,餐飲費用,金錢,桃園市桃園區****,0333*****,
150,林正峰,107年直轄市議員選舉,首次申報,1071031,宣傳支出,影城數位影印店,49897545,0.00,1050.00,製作宣傳廣告支出,金錢,桃園市龜山區****,0335*****,
151,林正峰,107年直轄市議員選舉,首次申報,1071031,宣傳支出,天毅企業有限公司,84645666,0.00,4620.00,環保袋,金錢,新北市三峽區****,0226*****,
152,林正峰,107年直轄市議員選舉,首次申報,1071031,雜支支出,林耀卿,R10*******,0.00,7410.00,餐飲費用,金錢,臺南市白河區****,0932*****,
153,林正峰,107年直轄市議員選舉,首次申報,1071101,雜支支出,勝聰煤氣行,49978125,0.00,2430.00,餐飲費用,金錢,桃園市龜山區****,0335*****,
154,林正峰,107年直轄市議員選舉,首次申報,1071101,雜支支出,大信青果行,73804758,0.00,4870.00,餐飲費用,金錢,桃園市龜山區****,0332*****,
155,林正峰,107年直轄市議員選舉,首次申報,1071101,人事費用支出,陳淑女,S22*******,0.00,16500.00,工資或薪津,金錢,桃園市龜山區****,,
156,林正峰,107年直轄市議員選舉,首次申報,1071103,集會支出,喜洋洋企業社,10556549,0.00,5000.00,租用設備支出,金錢,桃園市桃園區****,0933*****,
157,林正峰,107年直轄市議員選舉,首次申報,1071103,集會支出,竣美飲食店,49696511,0.00,4900.00,餐飲支出,金錢,桃園市龜山區****,0333*****,
158,林正峰,107年直轄市議員選舉,首次申報,1071103,雜支支出,勝聰煤氣行,49978125,0.00,2280.00,餐飲費用,金錢,桃園市龜山區****,0335*****,
159,林正峰,107年直轄市議員選舉,首次申報,1071104,雜支支出,環欣商行,34811611,0.00,2400.00,餐飲費用,金錢,桃園市龜山區****,0332*****,
160,林正峰,107年直轄市議員選舉,首次申報,1071104,雜支支出,日盛五金行,43047407,0.00,725.00,雜項購置或修繕費用,金錢,桃園市龜山區****,0332*****,
161,林正峰,107年直轄市議員選舉,首次申報,1071104,雜支支出,陳添興米店,43275226,0.00,4800.00,餐飲費用,金錢,桃園市龜山區****,0332*****,
162,林正峰,107年直轄市議員選舉,首次申報,1071104,集會支出,竣美飲食店,49696511,0.00,4900.00,餐飲支出,金錢,桃園市龜山區****,0333*****,
163,林正峰,107年直轄市議員選舉,首次申報,1071104,雜支支出,大信青果行,73804758,0.00,5100.00,餐飲費用,金錢,桃園市龜山區****,0332*****,
164,林正峰,107年直轄市議員選舉,首次申報,1071104,人事費用支出,梁秋蓉,R22*******,0.00,15000.00,工資或薪津,金錢,桃園市龜山區****,0935*****,
165,林正峰,107年直轄市議員選舉,首次申報,1071105,雜支支出,禾豐糧行,30112214,0.00,4800.00,餐飲費用,金錢,桃園市龜山區****,0332*****,
166,林正峰,107年直轄市議員選舉,首次申報,1071105,雜支支出,順記商店,43933360,0.00,5000.00,餐飲費用,金錢,桃園市桃園區****,0333*****,
167,林正峰,107年直轄市議員選舉,首次申報,1071105,雜支支出,勝聰煤氣行,49978125,0.00,3800.00,餐飲費用,金錢,桃園市龜山區****,0335*****,
168,林正峰,107年直轄市議員選舉,首次申報,1071105,雜支支出,昇輝食品行,70881490,0.00,25000.00,餐飲費用,金錢,桃園市龜山區****,0332*****,
169,林正峰,107年直轄市議員選舉,首次申報,1071108,集會支出,喜洋洋企業社,10556549,0.00,5000.00,租用設備支出,金錢,桃園市桃園區****,0933*****,
170,林正峰,107年直轄市議員選舉,首次申報,1071108,雜支支出,禾豐糧行,30112214,0.00,4800.00,餐飲費用,金錢,桃園市龜山區****,0332*****,
171,林正峰,107年直轄市議員選舉,首次申報,1071108,雜支支出,環欣商行,34811611,0.00,3900.00,餐飲費用,金錢,桃園市龜山區****,0332*****,
172,林正峰,107年直轄市議員選舉,首次申報,1071109,集會支出,龜山區公所,,0.00,4000.00,租用場地支出,金錢,桃園市龜山區****,0332*****,
173,林正峰,107年直轄市議員選舉,首次申報,1071109,宣傳支出,影城數位影印店,49897545,0.00,1100.00,製作宣傳廣告支出,金錢,桃園市龜山區****,0335*****,
174,林正峰,107年直轄市議員選舉,首次申報,1071109,雜支支出,勝聰煤氣行,49978125,0.00,2280.00,餐飲費用,金錢,桃園市龜山區****,0335*****,
175,林正峰,107年直轄市議員選舉,首次申報,1071109,人事費用支出,沈周育素,F22*******,0.00,3000.00,工資或薪津,金錢,桃園市大溪區****,,
176,林正峰,107年直轄市議員選舉,首次申報,1071109,人事費用支出,紀添明,L12*******,0.00,14000.00,工資或薪津,金錢,桃園市龜山區****,,
177,林正峰,107年直轄市議員選舉,首次申報,1071109,人事費用支出,沈何秀素,N22*******,0.00,3000.00,工資或薪津,金錢,桃園市大溪區****,,
178,林正峰,107年直轄市議員選舉,首次申報,1071109,雜支支出,林耀卿,R10*******,0.00,9390.00,餐飲費用,金錢,臺南市白河區****,0932*****,
179,林正峰,107年直轄市議員選舉,首次申報,1071110,宣傳支出,影城數位影印店,49897545,0.00,2480.00,製作宣傳廣告支出,金錢,桃園市龜山區****,0335*****,
180,林正峰,107年直轄市議員選舉,首次申報,1071110,雜支支出,勝聰煤氣行,49978125,0.00,1520.00,餐飲費用,金錢,桃園市龜山區****,0335*****,
181,林正峰,107年直轄市議員選舉,首次申報,1071110,雜支支出,昇輝食品行,70881490,0.00,25000.00,餐飲費用,金錢,桃園市龜山區****,0332*****,
182,林正峰,107年直轄市議員選舉,首次申報,1071111,雜支支出,陳添興米店,43275226,0.00,5000.00,餐飲費用,金錢,桃園市龜山區****,0332*****,
183,林正峰,107年直轄市議員選舉,首次申報,1071112,雜支支出,順記商店,43933360,0.00,5000.00,餐飲費用,金錢,桃園市桃園區****,0333*****,
184,林正峰,107年直轄市議員選舉,首次申報,1071112,雜支支出,勝聰煤氣行,49978125,0.00,3800.00,餐飲費用,金錢,桃園市龜山區****,0335*****,
185,林正峰,107年直轄市議員選舉,首次申報,1071112,雜支支出,大信青果行,73804758,0.00,5000.00,餐飲費用,金錢,桃園市龜山區****,0332*****,
186,林正峰,107年直轄市議員選舉,首次申報,1071112,宣傳支出,中華郵政股份有限公司桃園郵局局,80750270,0.00,1022.00,郵寄競選物品或宣傳廣告支出,金錢,桃園市桃園區****,,
187,林正峰,107年直轄市議員選舉,首次申報,1071112,宣傳支出,天毅企業有限公司,84645666,0.00,9240.00,環保袋,金錢,新北市三峽區****,02-2*****,
188,林正峰,107年直轄市議員選舉,首次申報,1071112,雜支支出,唯寶企業社,98120471,0.00,4950.00,餐飲費用,金錢,桃園市龜山區****,0332*****,
189,林正峰,107年直轄市議員選舉,首次申報,1071113,宣傳支出,龜崙口廣告創意社,10081678,0.00,6300.00,製作競選物品支出（物品名稱-文宣印刷）,金錢,桃園市龜山區****,0332*****,
190,林正峰,107年直轄市議員選舉,首次申報,1071113,雜支支出,三龍魚丸食品店,26619437,0.00,4400.00,餐飲費用,金錢,桃園市桃園區****,0333*****,
191,林正峰,107年直轄市議員選舉,首次申報,1071113,雜支支出,禾豐糧行,30112214,0.00,4800.00,餐飲費用,金錢,桃園市龜山區****,0332*****,
192,林正峰,107年直轄市議員選舉,首次申報,1071113,宣傳支出,中華郵政股份有限公司龜山郵局,43895181,0.00,1515.00,郵寄競選物品或宣傳廣告支出,金錢,桃園市龜山區****,,
193,林正峰,107年直轄市議員選舉,首次申報,1071113,雜支支出,順記商店,43933360,0.00,715.00,餐飲費用,金錢,桃園市桃園區****,0333*****,
194,林正峰,107年直轄市議員選舉,首次申報,1071113,宣傳支出,影城數位影印店,49897545,0.00,6420.00,製作宣傳廣告支出,金錢,桃園市龜山區****,0335*****,
195,林正峰,107年直轄市議員選舉,首次申報,1071113,宣傳支出,影城數位影印店,49897545,0.00,1510.00,製作宣傳廣告支出,金錢,桃園市龜山區****,0335*****,
196,林正峰,107年直轄市議員選舉,首次申報,1071113,宣傳支出,影城數位影印店,49897545,0.00,880.00,製作宣傳廣告支出,金錢,桃園市龜山區****,0335*****,
197,林正峰,107年直轄市議員選舉,首次申報,1071114,雜支支出,譁琪商行,18165756,0.00,3000.00,餐飲費用,金錢,桃園市龜山區****,0332*****,
198,林正峰,107年直轄市議員選舉,首次申報,1071114,宣傳支出,影城數位影印店,49897545,0.00,320.00,製作宣傳廣告支出,金錢,桃園市龜山區****,0335*****,
199,林正峰,107年直轄市議員選舉,首次申報,1071114,宣傳支出,影城數位影印店,49897545,0.00,4100.00,製作宣傳廣告支出,金錢,桃園市龜山區****,0335*****,
200,林正峰,107年直轄市議員選舉,首次申報,1071114,宣傳支出,中華郵政股份有限公司桃園郵局局,80750270,0.00,1915.00,郵寄競選物品或宣傳廣告支出,金錢,桃園市桃園區****,,
201,林正峰,107年直轄市議員選舉,首次申報,1071115,集會支出,喜洋洋企業社,10556549,0.00,5000.00,租用設備支出,金錢,桃園市桃園區****,0933*****,
202,林正峰,107年直轄市議員選舉,首次申報,1071115,宣傳支出,影城數位影印店,49897545,0.00,5000.00,製作宣傳廣告支出,金錢,桃園市龜山區****,0335*****,
203,林正峰,107年直轄市議員選舉,首次申報,1071115,雜支支出,勝聰煤氣行,49978125,0.00,3800.00,餐飲費用,金錢,桃園市龜山區****,0335*****,
204,林正峰,107年直轄市議員選舉,首次申報,1071115,返還支出,協裕環保股份有限公司,53359548,0.00,50000.00,返還,金錢,桃園市觀音區****,0921*****,
205,林正峰,107年直轄市議員選舉,首次申報,1071115,雜支支出,昇輝食品行,70881490,0.00,17000.00,餐飲費用,金錢,桃園市龜山區****,0332*****,
206,林正峰,107年直轄市議員選舉,首次申報,1071116,雜支支出,三龍魚丸食品店,26619437,0.00,4400.00,餐飲費用,金錢,桃園市桃園區****,0333*****,
207,林正峰,107年直轄市議員選舉,首次申報,1071116,集會支出,陳添興米店,43275226,0.00,5000.00,糯米,金錢,桃園市龜山區****,0332*****,
208,林正峰,107年直轄市議員選舉,首次申報,1071116,宣傳支出,中華郵政股份有限公司龜山文化郵局,44026788,0.00,6184.00,郵寄競選物品或宣傳廣告支出,金錢,桃園市龜山區****,0331*****,
209,林正峰,107年直轄市議員選舉,首次申報,1071116,宣傳支出,影城數位影印店,49897545,0.00,4200.00,製作宣傳廣告支出,金錢,桃園市龜山區****,0335*****,
210,林正峰,107年直轄市議員選舉,首次申報,1071116,宣傳支出,影城數位影印店,49897545,0.00,2550.00,製作宣傳廣告支出,金錢,桃園市龜山區****,0335*****,
211,林正峰,107年直轄市議員選舉,首次申報,1071116,人事費用支出,沈何秀素,N22*******,0.00,3000.00,工資或薪津,金錢,桃園市大溪區****,,
212,林正峰,107年直轄市議員選舉,首次申報,1071117,雜支支出,大家健康素食店,13251280,0.00,700.00,餐飲費用,金錢,桃園市龜山區****,0335*****,
213,林正峰,107年直轄市議員選舉,首次申報,1071117,雜支支出,禾豐糧行,30112214,0.00,4800.00,餐飲費用,金錢,桃園市龜山區****,0332*****,
214,林正峰,107年直轄市議員選舉,首次申報,1071117,雜支支出,環欣商行,34811611,0.00,2300.00,餐飲費用,金錢,桃園市龜山區****,0332*****,
215,林正峰,107年直轄市議員選舉,首次申報,1071117,雜支支出,陳添興米店,43275226,0.00,2700.00,餐飲費用,金錢,桃園市龜山區****,0332*****,
216,林正峰,107年直轄市議員選舉,首次申報,1071117,宣傳支出,影城數位影印店,49897545,0.00,3000.00,製作宣傳廣告支出,金錢,桃園市龜山區****,0335*****,
217,林正峰,107年直轄市議員選舉,首次申報,1071117,雜支支出,勝聰煤氣行,49978125,0.00,3800.00,餐飲費用,金錢,桃園市龜山區****,0335*****,
218,林正峰,107年直轄市議員選舉,首次申報,1071117,集會支出,得悅園便當店,72733138,0.00,4940.00,餐飲支出,金錢,桃園市龜山區****,0339*****,
219,林正峰,107年直轄市議員選舉,首次申報,1071118,雜支支出,三龍魚丸食品店,26619437,0.00,2640.00,餐飲費用,金錢,桃園市桃園區****,0333*****,
220,林正峰,107年直轄市議員選舉,首次申報,1071118,雜支支出,三龍魚丸食品店,26619437,0.00,2640.00,餐飲費用,金錢,桃園市桃園區****,0333*****,
221,林正峰,107年直轄市議員選舉,首次申報,1071118,集會支出,樸園飲食店,36406813,0.00,4900.00,餐飲支出,金錢,桃園市龜山區****,0332*****,
222,林正峰,107年直轄市議員選舉,首次申報,1071118,集會支出,竣美食飲店,49696511,0.00,4900.00,餐飲支出,金錢,桃園市龜山區****,0333*****,
223,林正峰,107年直轄市議員選舉,首次申報,1071118,集會支出,尚穎商行,82027745,0.00,5000.00,餐飲支出,金錢,桃園市龜山區****,0331*****,
224,林正峰,107年直轄市議員選舉,首次申報,1071118,雜支支出,林耀卿,R10*******,0.00,8060.00,餐飲費用,金錢,臺南市白河區****,0932*****,
225,林正峰,107年直轄市議員選舉,首次申報,1071119,雜支支出,三龍魚丸食品店,26619437,0.00,2640.00,餐飲費用,金錢,桃園市桃園區****,0333*****,
226,林正峰,107年直轄市議員選舉,首次申報,1071119,宣傳支出,中華郵政股份有限公司龜山文化郵局,44026788,0.00,20397.00,郵寄競選物品或宣傳廣告支出,金錢,桃園市龜山區****,0331*****,
227,林正峰,107年直轄市議員選舉,首次申報,1071120,雜支支出,大家健康素食店,13251280,0.00,2310.00,餐飲費用,金錢,桃園市龜山區****,0335*****,
228,林正峰,107年直轄市議員選舉,首次申報,1071120,雜支支出,紅磚小饅頭,26615538,0.00,4725.00,餐飲費用,金錢,桃園市八德區****,0336*****,
229,林正峰,107年直轄市議員選舉,首次申報,1071120,宣傳支出,影城數位影印店,49897545,0.00,1200.00,製作宣傳廣告支出,金錢,桃園市龜山區****,0335*****,
230,林正峰,107年直轄市議員選舉,首次申報,1071120,宣傳支出,影城數位影印店,49897545,0.00,2100.00,製作宣傳廣告支出,金錢,桃園市龜山區****,0335*****,
231,林正峰,107年直轄市議員選舉,首次申報,1071121,集會支出,喜洋洋企業社,10556549,0.00,5000.00,租用設備支出,金錢,桃園市桃園區****,0933*****,
232,林正峰,107年直轄市議員選舉,首次申報,1071121,雜支支出,勝聰煤氣行,49978125,0.00,2280.00,餐飲費用,金錢,桃園市龜山區****,0335*****,
233,林正峰,107年直轄市議員選舉,首次申報,1071122,集會支出,竣美飲食店,49696511,0.00,4900.00,餐飲支出,金錢,桃園市龜山區****,0333*****,
234,林正峰,107年直轄市議員選舉,首次申報,1071122,宣傳支出,影城數位影印店,49897545,0.00,2080.00,製作宣傳廣告支出,金錢,桃園市龜山區****,0335*****,
235,林正峰,107年直轄市議員選舉,首次申報,1071122,雜支支出,勝聰煤氣行,49978125,0.00,1520.00,餐飲費用,金錢,桃園市龜山區****,0335*****,
236,林正峰,107年直轄市議員選舉,首次申報,1071123,宣傳支出,龜崙口廣告創意社,10081678,0.00,6600.00,製作競選物品支出（物品名稱-海報）,金錢,桃園市龜山區****,0332*****,
237,林正峰,107年直轄市議員選舉,首次申報,1071123,集會支出,紅磚小饅頭,26615538,0.00,4995.00,餐飲支出,金錢,桃園市八德區****,0336*****,
238,林正峰,107年直轄市議員選舉,首次申報,1071123,雜支支出,陳添興米店,43275226,0.00,810.00,餐飲費用,金錢,桃園市龜山區****,0332*****,
239,林正峰,107年直轄市議員選舉,首次申報,1071123,宣傳支出,影城數位影印店,49897545,0.00,1250.00,製作宣傳廣告支出,金錢,桃園市龜山區****,0335*****,
240,林正峰,107年直轄市議員選舉,首次申報,1071123,宣傳支出,影城數位影印店,49897545,0.00,600.00,製作宣傳廣告支出,金錢,桃園市龜山區****,0335*****,
241,林正峰,107年直轄市議員選舉,首次申報,1071123,人事費用支出,李春蜂,H22*******,0.00,56500.00,工資或薪津,金錢,桃園市大溪區****,,
242,林正峰,107年直轄市議員選舉,首次申報,1071123,人事費用支出,廖慶和,P10*******,0.00,110500.00,工資或薪津,金錢,桃園市龜山區****,0910*****,
243,林正峰,107年直轄市議員選舉,首次申報,1071123,人事費用支出,陳淑女,S22*******,0.00,26000.00,工資或薪津,金錢,桃園市龜山區****,,
244,林正峰,107年直轄市議員選舉,首次申報,1071124,集會支出,明真帆布行,14958593,0.00,5000.00,租用設備支出,金錢,桃園市龜山區****,0332*****,
245,林正峰,107年直轄市議員選舉,首次申報,1071124,集會支出,明真帆布行,14958593,0.00,5000.00,租用設備支出,金錢,桃園市龜山區****,0332*****,
246,林正峰,107年直轄市議員選舉,首次申報,1071124,集會支出,明真帆布行,14958593,0.00,5000.00,租用設備支出,金錢,桃園市龜山區****,0332*****,
247,林正峰,107年直轄市議員選舉,首次申報,1071124,集會支出,明真帆布行,14958593,0.00,5000.00,租用設備支出,金錢,桃園市龜山區****,0332*****,
248,林正峰,107年直轄市議員選舉,首次申報,1071124,集會支出,明真帆布行,14958593,0.00,5000.00,租用設備支出,金錢,桃園市龜山區****,0332*****,
249,林正峰,107年直轄市議員選舉,首次申報,1071124,集會支出,明真帆布行,14958593,0.00,5000.00,租用設備支出,金錢,桃園市龜山區****,0332*****,
250,林正峰,107年直轄市議員選舉,首次申報,1071124,集會支出,明真帆布行,14958593,0.00,5000.00,租用設備支出,金錢,桃園市龜山區****,0332*****,
251,林正峰,107年直轄市議員選舉,首次申報,1071124,集會支出,明真帆布行,14958593,0.00,5000.00,租用設備支出,金錢,桃園市龜山區****,0332*****,
252,林正峰,107年直轄市議員選舉,首次申報,1071124,集會支出,明真帆布行,14958593,0.00,5000.00,租用設備支出,金錢,桃園市龜山區****,0332*****,
253,林正峰,107年直轄市議員選舉,首次申報,1071124,集會支出,明真帆布行,14958593,0.00,5000.00,租用設備支出,金錢,桃園市龜山區****,0332*****,
254,林正峰,107年直轄市議員選舉,首次申報,1071124,集會支出,明真帆布行,14958593,0.00,5000.00,租用設備支出,金錢,桃園市龜山區****,0332*****,
255,林正峰,107年直轄市議員選舉,首次申報,1071124,集會支出,明真帆布行,14958593,0.00,5000.00,租用設備支出,金錢,桃園市龜山區****,0332*****,
256,林正峰,107年直轄市議員選舉,首次申報,1071124,集會支出,明真帆布行,14958593,0.00,5000.00,租用設備支出,金錢,桃園市龜山區****,0332*****,
257,林正峰,107年直轄市議員選舉,首次申報,1071124,集會支出,明真帆布行,14958593,0.00,3700.00,租用設備支出,金錢,桃園市龜山區****,0332*****,
258,林正峰,107年直轄市議員選舉,首次申報,1071124,集會支出,得悅園便當店,72733138,0.00,4940.00,餐飲支出,金錢,桃園市龜山區****,0339*****,
259,林正峰,107年直轄市議員選舉,首次申報,1071124,人事費用支出,呂煌春,H12*******,0.00,75000.00,工資或薪津,金錢,桃園市龜山區****,0952*****,
260,林正峰,107年直轄市議員選舉,首次申報,1071124,人事費用支出,沈蜜幼,P22*******,0.00,63000.00,工資或薪津,金錢,桃園市大溪區****,,
261,林正峰,107年直轄市議員選舉,首次申報,1071125,雜支支出,尚興企業社,13768552,0.00,5000.00,餐飲費用,金錢,桃園市蘆竹區****,0332*****,
262,林正峰,107年直轄市議員選舉,首次申報,1071125,雜支支出,尚興企業社,13768552,0.00,5000.00,餐飲費用,金錢,桃園市蘆竹區****,0332*****,
263,林正峰,107年直轄市議員選舉,首次申報,1071125,雜支支出,尚興企業社,13768552,0.00,5000.00,餐飲費用,金錢,桃園市蘆竹區****,0332*****,
264,林正峰,107年直轄市議員選舉,首次申報,1071125,雜支支出,尚興企業社,13768552,0.00,5000.00,餐飲費用,金錢,桃園市蘆竹區****,0332*****,
265,林正峰,107年直轄市議員選舉,首次申報,1071125,雜支支出,尚興企業社,13768552,0.00,5000.00,餐飲費用,金錢,桃園市蘆竹區****,0332*****,
266,林正峰,107年直轄市議員選舉,首次申報,1071125,雜支支出,尚興企業社,13768552,0.00,5000.00,餐飲費用,金錢,桃園市蘆竹區****,0332*****,
267,林正峰,107年直轄市議員選舉,首次申報,1071126,雜支支出,順記商店,43933360,0.00,4050.00,餐飲費用,金錢,桃園市桃園區****,0333*****,
268,林正峰,107年直轄市議員選舉,首次申報,1071126,人事費用支出,梁秋蓉,R22*******,0.00,22000.00,工資或薪津,金錢,桃園市龜山區****,,
269,林正峰,107年直轄市議員選舉,首次申報,1071206,宣傳支出,全禾企業有限公司,89584490,0.00,12540.00,製作宣傳廣告支出,金錢,桃園市龜山區****,0335*****,
