﻿序號,擬參選人／政黨,選舉名稱,申報序號／年度,交易日期,收支科目,捐贈者／支出對象,身分證／統一編號,收入金額,支出金額,支出用途,金錢類,地址,聯絡電話,資料更正日期
1,黃淑鈴,107年縣(市)議員選舉,首次申報,1070803,個人捐贈收入,吳紀狀,A11*******,100000.00,0.00,,金錢,臺北市內湖區****,,
2,黃淑鈴,107年縣(市)議員選舉,首次申報,1070803,個人捐贈收入,吳佳平,P10*******,100000.00,0.00,,金錢,臺北市內湖區****,,
3,黃淑鈴,107年縣(市)議員選舉,首次申報,1070830,個人捐贈收入,黃水綢,P20*******,100000.00,0.00,,金錢,臺北市內湖區****,,
4,黃淑鈴,107年縣(市)議員選舉,首次申報,1070911,個人捐贈收入,林萩定,P22*******,100000.00,0.00,,金錢,臺北市內湖區****,,
5,黃淑鈴,107年縣(市)議員選舉,首次申報,1070921,個人捐贈收入,郭金定,P10*******,100000.00,0.00,,金錢,臺北市內湖區****,,
6,黃淑鈴,107年縣(市)議員選舉,首次申報,1070921,個人捐贈收入,黃旭宏,P12*******,100000.00,0.00,,金錢,臺北市大安區****,,
7,黃淑鈴,107年縣(市)議員選舉,首次申報,1071026,營利事業捐贈收入,優翔實業有限公司,80656535,60000.00,0.00,,金錢,臺北市士林區****,,
8,黃淑鈴,107年縣(市)議員選舉,首次申報,1071026,個人捐贈收入,張一正,A12*******,100000.00,0.00,,金錢,臺中市南區三****,,
9,黃淑鈴,107年縣(市)議員選舉,首次申報,1071026,個人捐贈收入,張婷茵,A22*******,100000.00,0.00,,金錢,臺北市內湖區****,,
10,黃淑鈴,107年縣(市)議員選舉,首次申報,1071030,營利事業捐贈收入,郭師傅食品企業有限公司,53729198,20000.00,0.00,,金錢,臺北市大同區****,,
11,黃淑鈴,107年縣(市)議員選舉,首次申報,1071030,個人捐贈收入,張云,F10*******,20000.00,0.00,,金錢,臺北市中正區****,,
12,黃淑鈴,107年縣(市)議員選舉,首次申報,1071030,個人捐贈收入,蔡紀珍,M10*******,10000.00,0.00,,金錢,南投縣魚池鄉****,,
13,黃淑鈴,107年縣(市)議員選舉,首次申報,1071106,個人捐贈收入,沈尊嚴,P10*******,100000.00,0.00,,金錢,雲林縣斗南鎮****,05-5*****,
14,黃淑鈴,107年縣(市)議員選舉,首次申報,1071123,營利事業捐贈收入,滿固農業生物科技股份有限公司,22690900,100000.00,0.00,,金錢,雲林縣西螺鎮****,,
15,黃淑鈴,107年縣(市)議員選舉,首次申報,1071123,營利事業捐贈收入,旭聯科技股份有限公司,97042940,100000.00,0.00,,金錢,高雄市新興區****,,
16,黃淑鈴,107年縣(市)議員選舉,首次申報,1071123,個人捐贈收入,鄭秀如,I20*******,100000.00,0.00,,金錢,臺北市信義區****,,
17,黃淑鈴,107年縣(市)議員選舉,首次申報,1071123,個人捐贈收入,黃乃徽,P12*******,51500.00,0.00,,金錢,雲林縣西螺鎮****,,
18,黃淑鈴,107年縣(市)議員選舉,首次申報,1071123,個人捐贈收入,黃乃徽,P12*******,36000.00,0.00,,金錢,雲林縣西螺鎮****,,
19,黃淑鈴,107年縣(市)議員選舉,首次申報,1071123,個人捐贈收入,胡開懷,Q12*******,100000.00,0.00,,金錢,臺北市信義區****,,
20,黃淑鈴,107年縣(市)議員選舉,首次申報,1071221,其他收入,利息收入,,239.00,0.00,,金錢,,,
