﻿序號,擬參選人／政黨,選舉名稱,申報序號／年度,交易日期,收支科目,捐贈者／支出對象,身分證／統一編號,收入金額,支出金額,捐贈方式,存入專戶日期,返還/繳庫,支出用途,金錢類,地址,聯絡電話,應揭露之支出對象,支出對象之內部人員姓名,支出對象之內部人員職稱,政黨之內部人員姓名,政黨之內部人員職稱,關係,更正註記,資料更正日期
1,陳長志,113年立法委員選舉,首次申報,1121013,匿名捐贈,匿名6,,200.00,0.00,匯款,1121013,,,金錢,,,,,,,,,,
2,陳長志,113年立法委員選舉,首次申報,1121013,個人捐贈收入,邱芯怡,,3000.00,0.00,匯款,1121013,,,金錢,,0921*****,,,,,,,,
3,陳長志,113年立法委員選舉,首次申報,1121013,個人捐贈收入,賴宇庭,T22*******,10000.00,0.00,現金,1121013,,,金錢,臺中市大里區****,0988*****,,,,,,,,
4,陳長志,113年立法委員選舉,首次申報,1121014,匿名捐贈,匿名9,,2666.00,0.00,匯款,1121014,,,金錢,,,,,,,,,,
5,陳長志,113年立法委員選舉,首次申報,1121014,匿名捐贈,匿名7,,500.00,0.00,匯款,1121014,,,金錢,,,,,,,,,,
6,陳長志,113年立法委員選舉,首次申報,1121014,匿名捐贈,匿名8,,600.00,0.00,匯款,1121014,,,金錢,,,,,,,,,,
7,陳長志,113年立法委員選舉,首次申報,1121014,個人捐贈收入,張曜樽,,3000.00,0.00,匯款,1121014,,,金錢,,0916*****,,,,,,,,
8,陳長志,113年立法委員選舉,首次申報,1121014,匿名捐贈,匿名10,,6000.00,0.00,匯款,1121014,,,金錢,,,,,,,,,,
9,陳長志,113年立法委員選舉,首次申報,1121015,匿名捐贈,匿名11,,300.00,0.00,匯款,1121015,,,金錢,,,,,,,,,,
10,陳長志,113年立法委員選舉,首次申報,1121016,個人捐贈收入,呂昇融,,5000.00,0.00,匯款,1121016,,,金錢,,0907*****,,,,,,,,
11,陳長志,113年立法委員選舉,首次申報,1121017,個人捐贈收入,范揚鑫,,5000.00,0.00,匯款,1121017,,,金錢,,0952*****,,,,,,,,
12,陳長志,113年立法委員選舉,首次申報,1121019,匿名捐贈,匿名12,,168.00,0.00,匯款,1121019,,,金錢,,,,,,,,,,
13,陳長志,113年立法委員選舉,首次申報,1121024,匿名捐贈,匿名13,,2000.00,0.00,匯款,1121024,,,金錢,,,,,,,,,,
14,陳長志,113年立法委員選舉,首次申報,1121118,匿名捐贈,匿名15,,3000.00,0.00,匯款,1121118,,,金錢,,,,,,,,,,
15,陳長志,113年立法委員選舉,首次申報,1121119,匿名捐贈,匿名14,,100.00,0.00,匯款,1121119,,,金錢,,,,,,,,,,
16,陳長志,113年立法委員選舉,首次申報,1121124,匿名捐贈,匿名,,888.00,0.00,現金,1121124,,,金錢,,,,,,,,,,
17,陳長志,113年立法委員選舉,首次申報,1121126,匿名捐贈,匿名1,,3000.00,0.00,現金,1121126,,,金錢,,,,,,,,,,
18,陳長志,113年立法委員選舉,首次申報,1121126,個人捐贈收入,賴宇庭,T22*******,10000.00,0.00,現金,1121126,,,金錢,臺中市大里區****,0988*****,,,,,,,,
19,陳長志,113年立法委員選舉,首次申報,1121210,個人捐贈收入,賴宇庭,T22*******,30000.00,0.00,,,,,非金錢,臺中市大里區****,0988*****,,,,,,,,
20,陳長志,113年立法委員選舉,首次申報,1121215,匿名捐贈,匿名2,,200.00,0.00,現金,1121215,,,金錢,,,,,,,,,,
21,陳長志,113年立法委員選舉,首次申報,1121219,匿名捐贈,匿名3,,1000.00,0.00,現金,1121219,,,金錢,,,,,,,,,,
22,陳長志,113年立法委員選舉,首次申報,1121220,匿名捐贈,匿名4,,100.00,0.00,現金,1121220,,,金錢,,,,,,,,,,
23,陳長志,113年立法委員選舉,首次申報,1121220,匿名捐贈,匿名5,,1000.00,0.00,現金,1121220,,,金錢,,,,,,,,,,
24,陳長志,113年立法委員選舉,首次申報,1121221,個人捐贈收入,李余祥,,10000.00,0.00,現金,1121221,,,金錢,,0937*****,,,,,,,,
25,陳長志,113年立法委員選舉,首次申報,1130102,個人捐贈收入,許治豪,,100.00,0.00,現金,1130102,,,金錢,,0909*****,,,,,,,,
26,陳長志,113年立法委員選舉,首次申報,1130112,匿名捐贈,匿名16,,2000.00,0.00,匯款,1130112,,,金錢,,,,,,,,,,
