﻿序號,擬參選人／政黨,選舉名稱,申報序號／年度,交易日期,收支科目,捐贈者／支出對象,身分證／統一編號,收入金額,支出金額,支出用途,金錢類,地址,聯絡電話,資料更正日期
1,陳永德,107年直轄市議員選舉,首次申報,1070518,營利事業捐贈收入,巴森營造股份有限公司,63052005,300000.00,0.00,,金錢,永樂街號樓之****,(07)*****,
2,陳永德,107年直轄市議員選舉,首次申報,1070621,其他收入,利息收入,,45.00,0.00,,金錢,,,
3,陳永德,107年直轄市議員選舉,首次申報,1070628,營利事業捐贈收入,微風美饌股份有限公司,53534026,100000.00,0.00,,金錢,臺北市信義區****,,
4,陳永德,107年直轄市議員選舉,首次申報,1070712,個人捐贈收入,陶承漢,,20000.00,0.00,,金錢,臺北市松山區****,0920*****,
5,陳永德,107年直轄市議員選舉,首次申報,1070723,營利事業捐贈收入,凱銳光電股份有限公司,27420770,1000000.00,0.00,,金錢,陽光街號樓之****,02-5*****,
6,陳永德,107年直轄市議員選舉,首次申報,1070808,營利事業捐贈收入,璞永建設股份有限公司,80151872,150000.00,0.00,,金錢,臺北市松山區****,02-2*****,
7,陳永德,107年直轄市議員選舉,首次申報,1070822,營利事業捐贈收入,達麗建設事業股份有限公司,04477420,100000.00,0.00,,金錢,民生東路二段****,,
8,陳永德,107年直轄市議員選舉,首次申報,1070829,個人捐贈收入,李一宏,F12*******,100000.00,0.00,,金錢,臺北市中正區****,,
9,陳永德,107年直轄市議員選舉,首次申報,1070829,個人捐贈收入,李汪春,F20*******,100000.00,0.00,,金錢,新北市土城區****,,
10,陳永德,107年直轄市議員選舉,首次申報,1070829,個人捐贈收入,李以文,F22*******,100000.00,0.00,,金錢,臺北市大安區****,,
11,陳永德,107年直轄市議員選舉,首次申報,1070907,營利事業捐贈收入,水立方國際開發股份有限公司,13115835,500000.00,0.00,,金錢,臺北市大安區****,,
12,陳永德,107年直轄市議員選舉,首次申報,1070927,個人捐贈收入,施俊明,B12*******,10000.00,0.00,,金錢,臺北市北投區****,02-2*****,
13,陳永德,107年直轄市議員選舉,首次申報,1070927,個人捐贈收入,蔡淑暖,L22*******,10000.00,0.00,,金錢,臺中市西屯區****,02-8*****,
14,陳永德,107年直轄市議員選舉,首次申報,1071003,個人捐贈收入,連建吉,A10*******,100000.00,0.00,,金錢,臺北市大安區****,02-2*****,
15,陳永德,107年直轄市議員選舉,首次申報,1071003,個人捐贈收入,鄭桂春,A20*******,100000.00,0.00,,金錢,臺北市大安區****,02-2*****,
16,陳永德,107年直轄市議員選舉,首次申報,1071015,營利事業捐贈收入,躍眾營造股份有限公司,16698313,100000.00,0.00,,金錢,臺北市文山區****,02-2*****,
17,陳永德,107年直轄市議員選舉,首次申報,1071015,營利事業捐贈收入,岳泰建設股份有限公司,27754874,300000.00,0.00,,金錢,臺北市信義區****,02-2*****,
18,陳永德,107年直轄市議員選舉,首次申報,1071015,營利事業捐贈收入,日鑫開發股份有限公司,80647699,200000.00,0.00,,金錢,臺北市中山區****,02-2*****,
19,陳永德,107年直轄市議員選舉,首次申報,1071017,人民團體捐贈收入,社團法人台北市牙醫師公會,,30000.00,0.00,,金錢,台北市中正區****,,
20,陳永德,107年直轄市議員選舉,首次申報,1071017,個人捐贈收入,林菊珍,T20*******,10000.00,0.00,,金錢,臺北市松山區****,0963*****,
21,陳永德,107年直轄市議員選舉,首次申報,1071019,個人捐贈收入,林世湖,A12*******,100000.00,0.00,,金錢,臺北市中山區****,0935*****,
22,陳永德,107年直轄市議員選舉,首次申報,1071022,營利事業捐贈收入,岳泰建設股份有限公司,27754874,300000.00,0.00,,金錢,臺北市信義區****,02-2*****,
23,陳永德,107年直轄市議員選舉,首次申報,1071026,個人捐贈收入,林鼎城,F12*******,100000.00,0.00,,金錢,臺北市敦化南****,02-2*****,
24,陳永德,107年直轄市議員選舉,首次申報,1071026,個人捐贈收入,林淑敏,F22*******,100000.00,0.00,,金錢,臺北市敦化南****,02-2*****,
25,陳永德,107年直轄市議員選舉,首次申報,1071026,個人捐贈收入,林霈晴,F22*******,100000.00,0.00,,金錢,臺北市敦化南****,02-2*****,
26,陳永德,107年直轄市議員選舉,首次申報,1071029,個人捐贈收入,李游秀,A20*******,30000.00,0.00,,金錢,臺北市八德路****,0910*****,
27,陳永德,107年直轄市議員選舉,首次申報,1071030,個人捐贈收入,鄭聰江,A10*******,100000.00,0.00,,金錢,臺北市信義區****,02-2*****,
28,陳永德,107年直轄市議員選舉,首次申報,1071030,個人捐贈收入,吳春枰,A10*******,10000.00,0.00,,金錢,臺北市信義路****,,
29,陳永德,107年直轄市議員選舉,首次申報,1071030,個人捐贈收入,鍾潔儀,H20*******,5000.00,0.00,,金錢,臺北市信義區****,0955*****,
30,陳永德,107年直轄市議員選舉,首次申報,1071031,匿名捐贈,徐滿浩,,1000.00,0.00,,金錢,,,
31,陳永德,107年直轄市議員選舉,首次申報,1071101,營利事業捐贈收入,日喜建設股份有限公司,84782437,100000.00,0.00,,金錢,臺北市中山區****,02-2*****,
32,陳永德,107年直轄市議員選舉,首次申報,1071101,營利事業捐贈收入,通盈通運股份有限公司,86379220,100000.00,0.00,,金錢,新北市新莊區****,02-8*****,
33,陳永德,107年直轄市議員選舉,首次申報,1071101,個人捐贈收入,楊澤世,A10*******,100000.00,0.00,,金錢,臺北市信義區****,02-2*****,
34,陳永德,107年直轄市議員選舉,首次申報,1071101,個人捐贈收入,林晨,H12*******,100000.00,0.00,,金錢,臺北市信義區****,02-2*****,
35,陳永德,107年直轄市議員選舉,首次申報,1071102,營利事業捐贈收入,維逸有限公司,28208142,30000.00,0.00,,金錢,新北市永和區****,0936*****,
36,陳永德,107年直轄市議員選舉,首次申報,1071105,營利事業捐贈收入,京站投資控股企業股份有限公司,53957740,200000.00,0.00,,金錢,臺北市大同區****,,
37,陳永德,107年直轄市議員選舉,首次申報,1071106,營利事業捐贈收入,法農室內裝修工程有限公司,80307093,200000.00,0.00,,金錢,新北市板橋區****,02-2*****,
38,陳永德,107年直轄市議員選舉,首次申報,1071108,個人捐贈收入,林彭月,J20*******,6000.00,0.00,,金錢,臺北市民族東****,02-2*****,
39,陳永德,107年直轄市議員選舉,首次申報,1071109,個人捐贈收入,周國賢,A10*******,200000.00,0.00,,金錢,臺北市信義區****,,
40,陳永德,107年直轄市議員選舉,首次申報,1071112,個人捐贈收入,林暉智,A12*******,6000.00,0.00,,金錢,臺北市信義區****,0920*****,
41,陳永德,107年直轄市議員選舉,首次申報,1071113,匿名捐贈,劉妙錦,,10000.00,0.00,,金錢,,,
42,陳永德,107年直轄市議員選舉,首次申報,1071113,營利事業捐贈收入,宏錦建設股份有限公司,80673231,100000.00,0.00,,金錢,臺北市內湖區****,,
43,陳永德,107年直轄市議員選舉,首次申報,1071114,營利事業捐贈收入,泰隆開發投資股份有限公司,16137354,1000000.00,0.00,,金錢,臺北市中山區****,,
44,陳永德,107年直轄市議員選舉,首次申報,1071114,營利事業捐贈收入,全億投資股份有限公司,23220097,300000.00,0.00,,金錢,臺北市信義區****,0930*****,
45,陳永德,107年直轄市議員選舉,首次申報,1071114,個人捐贈收入,蕭俊河,A12*******,100000.00,0.00,,金錢,新北市汐止區****,02-2*****,
46,陳永德,107年直轄市議員選舉,首次申報,1071114,個人捐贈收入,廖助修,F10*******,100000.00,0.00,,金錢,新北市新店區****,02-2*****,
47,陳永德,107年直轄市議員選舉,首次申報,1071114,個人捐贈收入,蔣曼文,G22*******,100000.00,0.00,,金錢,臺北市信義區****,02-2*****,
48,陳永德,107年直轄市議員選舉,首次申報,1071115,個人捐贈收入,周國賢,A10*******,100000.00,0.00,,金錢,臺北市信義區****,0933*****,
49,陳永德,107年直轄市議員選舉,首次申報,1071115,個人捐贈收入,周陳秀真,F20*******,100000.00,0.00,,金錢,臺北市信義區****,02-2*****,
50,陳永德,107年直轄市議員選舉,首次申報,1071119,個人捐贈收入,羅文玲,M22*******,30000.00,0.00,,金錢,臺北市松山區****,0970*****,
51,陳永德,107年直轄市議員選舉,首次申報,1071120,營利事業捐贈收入,鴻榮染整機械股份有限公司,33956928,100000.00,0.00,,金錢,新北市樹林區****,02-2*****,
52,陳永德,107年直轄市議員選舉,首次申報,1071120,營利事業捐贈收入,齊軒金屬工程有限公司,53775615,50000.00,0.00,,金錢,新北市汐止區****,02-2*****,
53,陳永德,107年直轄市議員選舉,首次申報,1071221,其他收入,利息收入,,727.00,0.00,,金錢,,,
