﻿序號,擬參選人／政黨,選舉名稱,申報序號／年度,交易日期,收支科目,捐贈者／支出對象,身分證／統一編號,收入金額,支出金額,支出用途,金錢類,地址,聯絡電話,資料更正日期
1,李眉蓁,107年直轄市議員選舉,首次申報,1070605,宣傳支出,泓錕廣告企業有限公司,28604749,0.00,160000.00,製作宣傳廣告支出,金錢,高雄市前鎮區****,07-7*****,
2,李眉蓁,107年直轄市議員選舉,首次申報,1070622,宣傳支出,泓錕廣告企業有限公司,28604749,0.00,180000.00,製作宣傳廣告支出,金錢,高雄市前鎮區****,07-7*****,
3,李眉蓁,107年直轄市議員選舉,首次申報,1070628,宣傳支出,馬吉廣告企劃社,98716676,0.00,8000.00,製作競選物品支出（物品名稱-宣傳原子筆）,金錢,高雄市三民區****,,
4,李眉蓁,107年直轄市議員選舉,首次申報,1070629,宣傳支出,馬吉廣告企劃社,98716676,0.00,8000.00,製作競選物品支出（物品名稱-宣傳原子筆）,金錢,高雄市三民區****,,
5,李眉蓁,107年直轄市議員選舉,首次申報,1070630,宣傳支出,馬吉廣告企劃社,98716676,0.00,7000.00,製作競選物品支出（物品名稱-宣傳原子筆）,金錢,高雄市三民區****,,
6,李眉蓁,107年直轄市議員選舉,首次申報,1070716,宣傳支出,馬吉廣告企劃社,98716676,0.00,9000.00,製作競選物品支出（物品名稱-宣傳原子筆）,金錢,高雄市三民區****,,
7,李眉蓁,107年直轄市議員選舉,首次申報,1070717,宣傳支出,馬吉廣告企劃社,98716676,0.00,9000.00,製作競選物品支出（物品名稱-宣傳原子筆）,金錢,高雄市三民區****,,
8,李眉蓁,107年直轄市議員選舉,首次申報,1070719,宣傳支出,馬吉廣告企劃社,98716676,0.00,6000.00,製作競選物品支出（物品名稱-宣傳原子筆）,金錢,高雄市三民區****,,
9,李眉蓁,107年直轄市議員選舉,首次申報,1070815,宣傳支出,泓錕廣告企業有限公司,28604749,0.00,80000.00,製作宣傳廣告支出,金錢,高雄市前鎮區****,07-7*****,
10,李眉蓁,107年直轄市議員選舉,首次申報,1070815,集會支出,就要創意事業有限公司,53889461,0.00,184748.00,租用設備支出(活動硬體),金錢,高雄市鳳山區****,07-7*****,
11,李眉蓁,107年直轄市議員選舉,首次申報,1070817,宣傳支出,中華郵政股份有限公司,03741302,0.00,150.00,郵寄競選物品或宣傳廣告支出,金錢,高雄市新興區****,,
12,李眉蓁,107年直轄市議員選舉,首次申報,1070820,宣傳支出,阡辰有限公司,45113514,0.00,17000.00,製作競選物品支出（物品名稱-宣傳拉鍊袋個）,金錢,彰化縣鹿港鎮****,0913*****,
13,李眉蓁,107年直轄市議員選舉,首次申報,1070822,宣傳支出,泓錕廣告企業有限公司,28604749,0.00,150000.00,製作宣傳廣告支出,金錢,高雄市前鎮區****,07-7*****,
14,李眉蓁,107年直轄市議員選舉,首次申報,1070822,宣傳支出,馬吉廣告企劃社,98716676,0.00,8000.00,製作競選物品支出（物品名稱-宣傳原子筆）,金錢,高雄市三民區****,,
15,李眉蓁,107年直轄市議員選舉,首次申報,1070823,宣傳支出,馬吉廣告企劃社,98716676,0.00,9000.00,製作競選物品支出（物品名稱-宣傳原子筆）,金錢,高雄市三民區****,,
16,李眉蓁,107年直轄市議員選舉,首次申報,1070824,宣傳支出,馬吉廣告企劃社,98716676,0.00,9000.00,製作競選物品支出（物品名稱-宣傳原子筆）,金錢,高雄市三民區****,,
17,李眉蓁,107年直轄市議員選舉,首次申報,1070828,宣傳支出,馬吉廣告企劃社,98716676,0.00,9000.00,製作競選物品支出（物品名稱-宣傳原子筆）,金錢,高雄市三民區****,,
18,李眉蓁,107年直轄市議員選舉,首次申報,1070828,宣傳支出,馬吉廣告企劃社,98716676,0.00,8000.00,製作競選物品支出（物品名稱-宣傳原子筆）,金錢,高雄市三民區****,,
19,李眉蓁,107年直轄市議員選舉,首次申報,1070831,人事費用支出,周俊榮,E12*******,0.00,40000.00,工資或薪津,金錢,高雄市楠梓區****,,
20,李眉蓁,107年直轄市議員選舉,首次申報,1070904,宣傳支出,中華郵政股份有限公司,03741302,0.00,147.00,郵寄競選物品或宣傳廣告支出,金錢,高雄市新興區****,,
21,李眉蓁,107年直轄市議員選舉,首次申報,1070904,宣傳支出,健豪印刷事業股份有限公司,57936795,0.00,45000.00,製作競選物品支出（物品名稱-文宣印刷）,金錢,高雄市左營區****,,
22,李眉蓁,107年直轄市議員選舉,首次申報,1070906,宣傳支出,中華郵政股份有限公司,03741302,0.00,183.00,郵寄競選物品或宣傳廣告支出,金錢,高雄市新興區****,,
23,李眉蓁,107年直轄市議員選舉,首次申報,1070907,宣傳支出,中華郵政股份有限公司,03741302,0.00,367.00,郵寄競選物品或宣傳廣告支出,金錢,高雄市新興區****,,
24,李眉蓁,107年直轄市議員選舉,首次申報,1070910,宣傳支出,格瑞整合行銷有限公司,24520380,0.00,6825.00,播送、傳送或刊登宣傳廣告支出,金錢,高雄市三民區****,,
25,李眉蓁,107年直轄市議員選舉,首次申報,1070910,宣傳支出,格瑞整合行銷有限公司,24520380,0.00,40950.00,播送、傳送或刊登宣傳廣告支出,金錢,高雄市三民區****,,
26,李眉蓁,107年直轄市議員選舉,首次申報,1070910,宣傳支出,格瑞整合行銷有限公司,24520380,0.00,36750.00,播送、傳送或刊登宣傳廣告支出,金錢,高雄市三民區****,,
27,李眉蓁,107年直轄市議員選舉,首次申報,1070910,宣傳支出,泓錕廣告企業有限公司,28604749,0.00,83712.00,製作競選物品支出（物品名稱-廣告帆布製作）,金錢,高雄市前鎮區****,,
28,李眉蓁,107年直轄市議員選舉,首次申報,1070910,宣傳支出,益祥企業行,76482338,0.00,5910.00,製作競選物品支出（物品名稱-文宣印刷）,金錢,高雄市鳥松區****,,
29,李眉蓁,107年直轄市議員選舉,首次申報,1070911,宣傳支出,元承實業有限公司,42787023,0.00,30450.00,製作競選物品支出（物品名稱-菜瓜布文宣）,金錢,彰化縣彰化市****,,
30,李眉蓁,107年直轄市議員選舉,首次申報,1070911,宣傳支出,健豪印刷事業股份有限公司,57936795,0.00,105000.00,製作競選物品支出（物品名稱-文宣印刷）,金錢,高雄市左營區****,,
31,李眉蓁,107年直轄市議員選舉,首次申報,1070912,宣傳支出,中華郵政股份有限公司,03741302,0.00,70.00,郵寄競選物品或宣傳廣告支出,金錢,高雄市新興區****,,
32,李眉蓁,107年直轄市議員選舉,首次申報,1070913,雜支支出,咚咚飲料店,41281237,0.00,400.00,餐飲費用,金錢,高雄市左營區****,,
33,李眉蓁,107年直轄市議員選舉,首次申報,1070917,宣傳支出,馬吉廣告企劃社,98716676,0.00,9000.00,製作競選物品支出（物品名稱-宣傳原子筆）,金錢,高雄市三民區****,,
34,李眉蓁,107年直轄市議員選舉,首次申報,1070918,宣傳支出,馬吉廣告企劃社,98716676,0.00,9000.00,製作競選物品支出（物品名稱-宣傳原子筆）,金錢,高雄市三民區****,,
35,李眉蓁,107年直轄市議員選舉,首次申報,1070919,宣傳支出,馬吉廣告企劃社,98716676,0.00,7000.00,製作競選物品支出（物品名稱-宣傳原子筆）,金錢,高雄市三民區****,,
36,李眉蓁,107年直轄市議員選舉,首次申報,1070921,宣傳支出,博弘企業社,18009989,0.00,3700.00,製作競選物品支出（物品名稱-宣傳背包）,金錢,高雄市大寮區****,,
37,李眉蓁,107年直轄市議員選舉,首次申報,1070921,人事費用支出,趙胤翔,E12*******,0.00,40000.00,工資或薪津,金錢,高雄市苓雅區****,,
38,李眉蓁,107年直轄市議員選舉,首次申報,1070925,集會支出,三商美邦人壽保險股份有限公司,84443471,0.00,5085.00,集會活動團體意外險,金錢,臺北市中山區****,,
39,李眉蓁,107年直轄市議員選舉,首次申報,1070927,宣傳支出,健豪印刷事業股份有限公司,57936795,0.00,105000.00,製作競選物品支出（物品名稱-文宣印刷）,金錢,高雄市左營區****,,
40,李眉蓁,107年直轄市議員選舉,首次申報,1070928,人事費用支出,李明俊,E12*******,0.00,6000.00,其他因工作酬勞之給付,金錢,高雄市左營區****,,
41,李眉蓁,107年直轄市議員選舉,首次申報,1070930,人事費用支出,周俊榮,E12*******,0.00,40000.00,工資或薪津,金錢,高雄市楠梓區****,,
42,李眉蓁,107年直轄市議員選舉,首次申報,1071001,雜支支出,冬粉王,41306949,0.00,1130.00,餐飲費用,金錢,高雄市鹽埕區****,,
43,李眉蓁,107年直轄市議員選舉,首次申報,1071002,宣傳支出,承裕企業社,69911496,0.00,4800.00,製作競選物品支出（物品名稱-總部成立邀請卡）,金錢,高雄市三民區****,,
44,李眉蓁,107年直轄市議員選舉,首次申報,1071005,人事費用支出,詹勳富,B12*******,0.00,10200.00,工資或薪津,金錢,臺中市豐原區****,,
45,李眉蓁,107年直轄市議員選舉,首次申報,1071005,人事費用支出,黃煒哲,E12*******,0.00,1500.00,工資或薪津,金錢,高雄市三民區****,,
46,李眉蓁,107年直轄市議員選舉,首次申報,1071005,人事費用支出,蔡沛芳,F22*******,0.00,1275.00,工資或薪津,金錢,新北市土城區****,,
47,李眉蓁,107年直轄市議員選舉,首次申報,1071005,人事費用支出,牛畇禎,N22*******,0.00,2985.00,工資或薪津,金錢,彰化縣和美鎮****,,
48,李眉蓁,107年直轄市議員選舉,首次申報,1071005,人事費用支出,劉庭豪,S12*******,0.00,2100.00,工資或薪津,金錢,高雄市鳳山區****,,
49,李眉蓁,107年直轄市議員選舉,首次申報,1071005,人事費用支出,鄭名澔,SC3*******,0.00,1275.00,工資或薪津,金錢,高雄市大社區****,,
50,李眉蓁,107年直轄市議員選舉,首次申報,1071006,集會支出,家有中式快餐,38655513,0.00,10500.00,餐飲支出,金錢,高雄市楠梓區****,,
51,李眉蓁,107年直轄市議員選舉,首次申報,1071006,集會支出,高登意象創意整合行銷有限公司,53899025,0.00,15300.00,餐飲支出,金錢,高雄市左營區****,,
52,李眉蓁,107年直轄市議員選舉,首次申報,1071006,集會支出,承達交通有限公司,84734870,0.00,18375.00,交通遊覽車資,金錢,高雄市三民區****,,
53,李眉蓁,107年直轄市議員選舉,首次申報,1071006,人事費用支出,潘紀璋,E12*******,0.00,5430.00,工資或薪津,金錢,高雄市三民區****,,
54,李眉蓁,107年直轄市議員選舉,首次申報,1071006,人事費用支出,李嘉明,R12*******,0.00,3150.00,工資或薪津,金錢,桃園市桃園區****,,
55,李眉蓁,107年直轄市議員選舉,首次申報,1071006,人事費用支出,楊子儀,T12*******,0.00,1500.00,工資或薪津,金錢,高雄市岡山區****,,
56,李眉蓁,107年直轄市議員選舉,首次申報,1071008,宣傳支出,馬吉廣告企劃社,98716676,0.00,9000.00,製作競選物品支出（物品名稱-宣傳原子筆）,金錢,高雄市三民區****,,
57,李眉蓁,107年直轄市議員選舉,首次申報,1071009,宣傳支出,中華郵政股份有限公司,03741302,0.00,28548.00,郵寄競選物品或宣傳廣告支出,金錢,高雄市新興區****,,
58,李眉蓁,107年直轄市議員選舉,首次申報,1071009,宣傳支出,馬吉廣告企劃社,98716676,0.00,9000.00,製作競選物品支出（物品名稱-宣傳原子筆）,金錢,高雄市三民區****,,
59,李眉蓁,107年直轄市議員選舉,首次申報,1071010,宣傳支出,格瑞整合行銷有限公司,24520380,0.00,6825.00,播送、傳送或刊登宣傳廣告支出,金錢,高雄市三民區****,,
60,李眉蓁,107年直轄市議員選舉,首次申報,1071010,宣傳支出,格瑞整合行銷有限公司,24520380,0.00,31500.00,播送、傳送或刊登宣傳廣告支出,金錢,高雄市三民區****,,
61,李眉蓁,107年直轄市議員選舉,首次申報,1071010,宣傳支出,格瑞整合行銷有限公司,24520380,0.00,40950.00,播送、傳送或刊登宣傳廣告支出,金錢,高雄市三民區****,,
62,李眉蓁,107年直轄市議員選舉,首次申報,1071010,集會支出,宇豐冷凍食品行,57909262,0.00,11000.00,餐飲支出,金錢,高雄市三民區****,,
63,李眉蓁,107年直轄市議員選舉,首次申報,1071010,人事費用支出,楊天芸,A22*******,0.00,555.00,工資或薪津,金錢,臺北市文山區****,,
64,李眉蓁,107年直轄市議員選舉,首次申報,1071010,人事費用支出,楊秉豐,E12*******,0.00,3500.00,工資或薪津,金錢,臺中市后里區****,,
65,李眉蓁,107年直轄市議員選舉,首次申報,1071010,人事費用支出,李廣宣,E12*******,0.00,6300.00,工資或薪津,金錢,高雄市三民區****,,
66,李眉蓁,107年直轄市議員選舉,首次申報,1071011,宣傳支出,中華郵政股份有限公司,03741302,0.00,171288.00,郵寄競選物品或宣傳廣告支出,金錢,高雄市新興區****,,
67,李眉蓁,107年直轄市議員選舉,首次申報,1071011,宣傳支出,蘋果劇團,17013893,0.00,50000.00,演講或表演支出,金錢,新北市三重區****,,
68,李眉蓁,107年直轄市議員選舉,首次申報,1071011,宣傳支出,馬吉廣告企劃社,98716676,0.00,8000.00,製作競選物品支出（物品名稱-宣傳原子筆）,金錢,高雄市三民區****,,
69,李眉蓁,107年直轄市議員選舉,首次申報,1071011,人事費用支出,趙胤翔,E12*******,0.00,30000.00,工資或薪津,金錢,高雄市苓雅區****,,
70,李眉蓁,107年直轄市議員選舉,首次申報,1071012,宣傳支出,台灣優紙企業有限公司,80077677,0.00,18900.00,製作競選物品支出（物品名稱-廣告濕紙巾）,金錢,彰化縣鹿港鎮****,,
71,李眉蓁,107年直轄市議員選舉,首次申報,1071012,宣傳支出,台灣優紙企業有限公司,80077677,0.00,52500.00,製作競選物品支出（物品名稱-廣告面紙）,金錢,彰化縣鹿港鎮****,,
72,李眉蓁,107年直轄市議員選舉,首次申報,1071012,宣傳支出,馬吉廣告企劃社,98716676,0.00,9000.00,製作競選物品支出（物品名稱-宣傳原子筆）,金錢,高雄市三民區****,,
73,李眉蓁,107年直轄市議員選舉,首次申報,1071013,宣傳支出,馬吉廣告企劃社,98716676,0.00,9000.00,製作競選物品支出（物品名稱-宣傳原子筆）,金錢,高雄市三民區****,,
74,李眉蓁,107年直轄市議員選舉,首次申報,1071015,宣傳支出,大棠實業有限公司,16867247,0.00,55600.00,製作競選物品支出（物品名稱-文宣帽）,金錢,高雄市仁武區****,,
75,李眉蓁,107年直轄市議員選舉,首次申報,1071015,宣傳支出,泓錕廣告企業有限公司,28604749,0.00,206000.00,製作競選物品支出（物品名稱-廣告帆布製作）,金錢,高雄市前鎮區****,,
76,李眉蓁,107年直轄市議員選舉,首次申報,1071016,集會支出,國泰世紀產物保險股份有限公司,84445772,0.00,10262.00,集會活動團體意外險,金錢,臺北市大安區****,,
77,李眉蓁,107年直轄市議員選舉,首次申報,1071017,集會支出,手的包子,47719186,0.00,7500.00,餐飲支出,金錢,高雄市橋頭區****,,
78,李眉蓁,107年直轄市議員選舉,首次申報,1071017,集會支出,老連長綜藝工作室,67704865,0.00,25000.00,租用設備支出,金錢,高雄市大社區****,,
79,李眉蓁,107年直轄市議員選舉,首次申報,1071017,集會支出,友助企業行,67714195,0.00,12800.00,租用設備支出,金錢,高雄市梓官區****,,
80,李眉蓁,107年直轄市議員選舉,首次申報,1071017,集會支出,承達交通有限公司,84734870,0.00,34650.00,交通遊覽車資,金錢,高雄市三民區****,,
81,李眉蓁,107年直轄市議員選舉,首次申報,1071017,人事費用支出,李明俊,E12*******,0.00,20000.00,其他因工作酬勞之給付,金錢,高雄市左營區****,,
82,李眉蓁,107年直轄市議員選舉,首次申報,1071017,人事費用支出,王成文,V12*******,0.00,10000.00,工資或薪津,金錢,高雄市三民區****,,
83,李眉蓁,107年直轄市議員選舉,首次申報,1071018,雜支支出,元富廣式燒臘店,41295801,0.00,1235.00,餐飲費用,金錢,高雄市左營區****,,
84,李眉蓁,107年直轄市議員選舉,首次申報,1071018,雜支支出,山湖郊登山用品行,57933690,0.00,3875.00,雜項購置,金錢,高雄市左營區****,,
85,李眉蓁,107年直轄市議員選舉,首次申報,1071018,宣傳支出,采豐數位股份有限公司,80168326,0.00,3600.00,製作競選物品支出（物品名稱-宣傳服）,金錢,新北市中和區****,,
86,李眉蓁,107年直轄市議員選舉,首次申報,1071018,宣傳支出,采豐數位股份有限公司,80168326,0.00,5571.00,製作競選物品支出（物品名稱-宣傳服）,金錢,新北市中和區****,,
87,李眉蓁,107年直轄市議員選舉,首次申報,1071018,人事費用支出,蔣吉芯,B20*******,0.00,5000.00,工資或薪津,金錢,高雄市楠梓區****,,
88,李眉蓁,107年直轄市議員選舉,首次申報,1071018,人事費用支出,李明俊,E12*******,0.00,30000.00,工資或薪津,金錢,高雄市左營區****,,
89,李眉蓁,107年直轄市議員選舉,首次申報,1071018,人事費用支出,莊美代,E22*******,0.00,5400.00,工資或薪津,金錢,高雄市左營區****,,
90,李眉蓁,107年直轄市議員選舉,首次申報,1071018,人事費用支出,黃祺禎,S22*******,0.00,6000.00,工資或薪津,金錢,高雄市鳳山區****,,
91,李眉蓁,107年直轄市議員選舉,首次申報,1071019,宣傳支出,台灣優紙企業有限公司,80077677,0.00,105315.00,製作競選物品支出（物品名稱-廣告濕紙巾）,金錢,彰化縣鹿港鎮****,,
92,李眉蓁,107年直轄市議員選舉,首次申報,1071019,人事費用支出,李明俊,E12*******,0.00,8000.00,其他因工作酬勞之給付,金錢,高雄市左營區****,0986*****,
93,李眉蓁,107年直轄市議員選舉,首次申報,1071022,集會支出,亞潘音響社,10205657,0.00,20000.00,租用設備支出,金錢,高雄市三民區****,,
94,李眉蓁,107年直轄市議員選舉,首次申報,1071022,雜支支出,光南大批發連鎖店,80595030,0.00,834.00,文具用品費用,金錢,高雄市新興區****,,
95,李眉蓁,107年直轄市議員選舉,首次申報,1071023,集會支出,邑昇企業行,41325235,0.00,6000.00,租用設備支出,金錢,高雄市楠梓區****,,
96,李眉蓁,107年直轄市議員選舉,首次申報,1071023,宣傳支出,健豪印刷事業股份有限公司,57936795,0.00,105000.00,製作競選物品支出（物品名稱-文宣印刷）,金錢,高雄市左營區****,,
97,李眉蓁,107年直轄市議員選舉,首次申報,1071023,人事費用支出,塗慧宜,E22*******,0.00,20000.00,工資或薪津,金錢,高雄市左營區****,,
98,李眉蓁,107年直轄市議員選舉,首次申報,1071026,宣傳支出,豐輝國際企業有限公司,28596781,0.00,16000.00,製作競選物品支出（物品名稱-宣傳濾水網）,金錢,高雄市三民區****,,
99,李眉蓁,107年直轄市議員選舉,首次申報,1071027,人事費用支出,張詠祺,E22*******,0.00,6000.00,工資或薪津,金錢,高雄市左營區****,,
100,李眉蓁,107年直轄市議員選舉,首次申報,1071029,雜支支出,偉大吉新室內裝修工程行,06917649,0.00,3400.00,雜項購置或修繕費用,金錢,高雄市楠梓區****,,
101,李眉蓁,107年直轄市議員選舉,首次申報,1071029,宣傳支出,允徠企業有限公司,16106508,0.00,19118.00,製作競選物品支出（物品名稱-競選T桖）,金錢,高雄市楠梓區****,,
102,李眉蓁,107年直轄市議員選舉,首次申報,1071031,人事費用支出,詹勳富,B12*******,0.00,23170.00,工資或薪津,金錢,臺中市豐原區****,,
103,李眉蓁,107年直轄市議員選舉,首次申報,1071031,人事費用支出,周俊榮,E12*******,0.00,40000.00,工資或薪津,金錢,高雄市楠梓區****,,
104,李眉蓁,107年直轄市議員選舉,首次申報,1071101,宣傳支出,馬吉廣告企劃社,98716676,0.00,9000.00,製作競選物品支出（物品名稱-宣傳原子筆）,金錢,高雄市三民區****,,
105,李眉蓁,107年直轄市議員選舉,首次申報,1071102,宣傳支出,星瑋企業行,14247406,0.00,1900.00,製作競選物品支出（物品名稱-宣傳袋）,金錢,高雄市左營區****,07-3*****,
106,李眉蓁,107年直轄市議員選舉,首次申報,1071102,宣傳支出,大棠實業有限公司,16867247,0.00,38809.00,製作競選物品支出（物品名稱-宣傳帽子）,金錢,高雄市仁武區****,07-3*****,
107,李眉蓁,107年直轄市議員選舉,首次申報,1071102,宣傳支出,馬吉廣告企劃社,98716676,0.00,9000.00,製作競選物品支出（物品名稱-宣傳原子筆）,金錢,高雄市三民區****,,
108,李眉蓁,107年直轄市議員選舉,首次申報,1071102,人事費用支出,王靚慧,T22*******,0.00,5000.00,工資或薪津,金錢,高雄市三民區****,,
109,李眉蓁,107年直轄市議員選舉,首次申報,1071103,宣傳支出,馬吉廣告企劃社,98716676,0.00,9000.00,製作競選物品支出（物品名稱-宣傳原子筆）,金錢,高雄市三民區****,,
110,李眉蓁,107年直轄市議員選舉,首次申報,1071104,宣傳支出,馬吉廣告企劃社,98716676,0.00,9000.00,製作競選物品支出（物品名稱-宣傳原子筆）,金錢,高雄市三民區****,,
111,李眉蓁,107年直轄市議員選舉,首次申報,1071105,宣傳支出,豐輝國際企業有限公司,,0.00,9600.00,製作競選物品支出（物品名稱-宣傳濾水網）,金錢,高雄市三民區****,,
112,李眉蓁,107年直轄市議員選舉,首次申報,1071105,宣傳支出,大廣企業社,17095780,0.00,9000.00,郵寄競選物品或宣傳廣告支出,金錢,高雄市鳳山區****,,
113,李眉蓁,107年直轄市議員選舉,首次申報,1071105,宣傳支出,大廣企業社,17095780,0.00,9000.00,郵寄競選物品或宣傳廣告支出,金錢,高雄市鳳山區****,,
114,李眉蓁,107年直轄市議員選舉,首次申報,1071105,宣傳支出,大廣企業社,17095780,0.00,9000.00,郵寄競選物品或宣傳廣告支出,金錢,高雄市鳳山區****,,
115,李眉蓁,107年直轄市議員選舉,首次申報,1071105,宣傳支出,豐輝國際企業有限公司,28596781,0.00,14400.00,製作競選物品支出（物品名稱-宣傳濾水網）,金錢,高雄市三民區****,07-3*****,
116,李眉蓁,107年直轄市議員選舉,首次申報,1071105,宣傳支出,馬吉廣告企劃社,98716676,0.00,8000.00,製作競選物品支出（物品名稱-宣傳原子筆）,金錢,高雄市三民區****,,
117,李眉蓁,107年直轄市議員選舉,首次申報,1071105,人事費用支出,沈幸潔,B22*******,0.00,20000.00,工資或薪津,金錢,高雄市左營區****,,
118,李眉蓁,107年直轄市議員選舉,首次申報,1071105,人事費用支出,陳寬融,E12*******,0.00,5385.00,工資或薪津,金錢,高雄市鼓山區****,,
119,李眉蓁,107年直轄市議員選舉,首次申報,1071105,人事費用支出,蔡沛芳,F22*******,0.00,5925.00,工資或薪津,金錢,新北市土城區****,,
120,李眉蓁,107年直轄市議員選舉,首次申報,1071105,人事費用支出,張容菁,I20*******,0.00,4560.00,工資或薪津,金錢,嘉義市文化路****,,
121,李眉蓁,107年直轄市議員選舉,首次申報,1071105,人事費用支出,李嘉明,R12*******,0.00,3360.00,工資或薪津,金錢,桃園市同德六****,,
122,李眉蓁,107年直轄市議員選舉,首次申報,1071105,人事費用支出,劉庭豪,S12*******,0.00,21045.00,工資或薪津,金錢,高雄市鳳山區****,,
123,李眉蓁,107年直轄市議員選舉,首次申報,1071105,人事費用支出,鄭名澔,SC3*******,0.00,7350.00,工資或薪津,金錢,高雄市大社區****,,
124,李眉蓁,107年直轄市議員選舉,首次申報,1071106,宣傳支出,天翼企業社,15536950,0.00,4500.00,播送、傳送或刊登宣傳廣告支出,金錢,高雄市鳳山區****,,
125,李眉蓁,107年直轄市議員選舉,首次申報,1071106,宣傳支出,天翼企業社,15536950,0.00,2700.00,播送、傳送或刊登宣傳廣告支出,金錢,高雄市鳳山區****,,
126,李眉蓁,107年直轄市議員選舉,首次申報,1071106,宣傳支出,大廣企業社,17095780,0.00,9000.00,郵寄競選物品或宣傳廣告支出,金錢,高雄市鳳山區****,,
127,李眉蓁,107年直轄市議員選舉,首次申報,1071106,宣傳支出,大廣企業社,17095780,0.00,9000.00,郵寄競選物品或宣傳廣告支出,金錢,高雄市鳳山區****,,
128,李眉蓁,107年直轄市議員選舉,首次申報,1071106,宣傳支出,大廣企業社,17095780,0.00,9000.00,郵寄競選物品或宣傳廣告支出,金錢,高雄市鳳山區****,,
129,李眉蓁,107年直轄市議員選舉,首次申報,1071106,宣傳支出,健豪印刷事業股份有限公司,57936795,0.00,105000.00,製作競選物品支出（物品名稱-文宣印刷）,金錢,高雄市左營區****,,
130,李眉蓁,107年直轄市議員選舉,首次申報,1071106,集會支出,三商美邦人壽保險股份有限公司,84443471,0.00,17462.00,集會活動團體意外險,金錢,臺北市中山區****,,
131,李眉蓁,107年直轄市議員選舉,首次申報,1071106,人事費用支出,李卓勳,S12*******,0.00,5640.00,工資或薪津,金錢,高雄市鳥松區****,,
132,李眉蓁,107年直轄市議員選舉,首次申報,1071106,人事費用支出,梁筑琪,S22*******,0.00,30000.00,工資或薪津,金錢,高雄市鳳山區****,,
133,李眉蓁,107年直轄市議員選舉,首次申報,1071107,宣傳支出,大廣企業社,17095780,0.00,9000.00,郵寄競選物品或宣傳廣告支出,金錢,高雄市鳳山區****,,
134,李眉蓁,107年直轄市議員選舉,首次申報,1071107,宣傳支出,大廣企業社,17095780,0.00,9000.00,郵寄競選物品或宣傳廣告支出,金錢,高雄市鳳山區****,,
135,李眉蓁,107年直轄市議員選舉,首次申報,1071107,宣傳支出,大廣企業社,17095780,0.00,9000.00,郵寄競選物品或宣傳廣告支出,金錢,高雄市鳳山區****,,
136,李眉蓁,107年直轄市議員選舉,首次申報,1071107,人事費用支出,李廣宣,E12*******,0.00,1898.00,工資或薪津,金錢,高雄市三民區****,,
137,李眉蓁,107年直轄市議員選舉,首次申報,1071107,人事費用支出,張鈞,E12*******,0.00,975.00,工資或薪津,金錢,高雄市仁武區****,,
138,李眉蓁,107年直轄市議員選舉,首次申報,1071107,人事費用支出,吳鍵睿,V12*******,0.00,975.00,工資或薪津,金錢,新北市土城區****,,
139,李眉蓁,107年直轄市議員選舉,首次申報,1071108,宣傳支出,大廣企業社,17095780,0.00,2270.00,郵寄競選物品或宣傳廣告支出,金錢,高雄市鳳山區****,,
140,李眉蓁,107年直轄市議員選舉,首次申報,1071108,宣傳支出,大廣企業社,17095780,0.00,9000.00,郵寄競選物品或宣傳廣告支出,金錢,高雄市鳳山區****,,
141,李眉蓁,107年直轄市議員選舉,首次申報,1071108,宣傳支出,大廣企業社,17095780,0.00,9000.00,郵寄競選物品或宣傳廣告支出,金錢,高雄市鳳山區****,,
142,李眉蓁,107年直轄市議員選舉,首次申報,1071108,宣傳支出,豐輝國際企業有限公司,28596781,0.00,9600.00,製作競選物品支出（物品名稱-過濾網文宣）,金錢,高雄市三民區****,,
143,李眉蓁,107年直轄市議員選舉,首次申報,1071109,宣傳支出,泓錕廣告企業有限公司,28604749,0.00,103000.00,製作宣傳廣告支出,金錢,高雄市前鎮區****,,
144,李眉蓁,107年直轄市議員選舉,首次申報,1071109,宣傳支出,泓錕廣告企業有限公司,28604749,0.00,340000.00,製作宣傳廣告支出,金錢,高雄市前鎮區****,,
145,李眉蓁,107年直轄市議員選舉,首次申報,1071109,宣傳支出,豐鴻衛材有限公司,55873252,0.00,30450.00,製作競選物品支出（物品名稱-菜瓜布文宣）,金錢,彰化縣鹿港鎮****,,
146,李眉蓁,107年直轄市議員選舉,首次申報,1071109,人事費用支出,潘紀璋,E12*******,0.00,13427.00,工資或薪津,金錢,高雄市三民區****,,
147,李眉蓁,107年直轄市議員選舉,首次申報,1071110,人事費用支出,楊子蒝,E12*******,0.00,3000.00,工資或薪津,金錢,高雄市楠梓區****,,
148,李眉蓁,107年直轄市議員選舉,首次申報,1071110,人事費用支出,王成文,V12*******,0.00,10000.00,工資或薪津,金錢,高雄市三民區****,,
149,李眉蓁,107年直轄市議員選舉,首次申報,1071111,人事費用支出,黃煒哲,E12*******,0.00,2280.00,工資或薪津,金錢,高雄市三民區****,,
150,李眉蓁,107年直轄市議員選舉,首次申報,1071112,宣傳支出,格瑞整合行銷有限公司,24520380,0.00,31500.00,播送、傳送或刊登宣傳廣告支出,金錢,高雄市三民區****,,
151,李眉蓁,107年直轄市議員選舉,首次申報,1071112,宣傳支出,格瑞整合行銷有限公司,24520380,0.00,6825.00,播送、傳送或刊登宣傳廣告支出,金錢,高雄市三民區****,,
152,李眉蓁,107年直轄市議員選舉,首次申報,1071112,宣傳支出,格瑞整合行銷有限公司,24520380,0.00,40950.00,播送、傳送或刊登宣傳廣告支出,金錢,高雄市三民區****,,
153,李眉蓁,107年直轄市議員選舉,首次申報,1071112,人事費用支出,牛畇幀,N22*******,0.00,8820.00,工資或薪津,金錢,彰化縣和美鎮****,,
154,李眉蓁,107年直轄市議員選舉,首次申報,1071113,租用宣傳車輛支出,順烽汽車電機行,07832697,0.00,5800.00,維修宣傳車輛支出,金錢,高雄市左營區****,,
155,李眉蓁,107年直轄市議員選舉,首次申報,1071113,宣傳支出,大棠實業有限公司,16867247,0.00,21525.00,製作競選物品支出（物品名稱-文宣帽）,金錢,高雄市仁武區****,,
156,李眉蓁,107年直轄市議員選舉,首次申報,1071113,宣傳支出,豐鴻衛材有限公司,55873252,0.00,30450.00,製作競選物品支出（物品名稱-菜瓜布文宣）,金錢,彰化縣鹿港鎮****,,
157,李眉蓁,107年直轄市議員選舉,首次申報,1071113,人事費用支出,蕭國基,E10*******,0.00,6000.00,獎金或津貼,金錢,高雄市左營區****,,
158,李眉蓁,107年直轄市議員選舉,首次申報,1071113,人事費用支出,葉崇賓,E12*******,0.00,6000.00,獎金或津貼,金錢,高雄市左營區****,,
159,李眉蓁,107年直轄市議員選舉,首次申報,1071113,人事費用支出,黃薏庭,M22*******,0.00,6000.00,獎金或津貼,金錢,高雄市楠梓區****,,
160,李眉蓁,107年直轄市議員選舉,首次申報,1071113,人事費用支出,張守先,S12*******,0.00,6000.00,獎金或津貼,金錢,高雄市燕巢區****,,
161,李眉蓁,107年直轄市議員選舉,首次申報,1071115,人事費用支出,陳玟珮,E22*******,0.00,3030.00,工資或薪津,金錢,高雄市左營區****,,
162,李眉蓁,107年直轄市議員選舉,首次申報,1071116,集會支出,友助企業行,67714195,0.00,2000.00,租用設備支出,金錢,高雄市梓官區****,,
163,李眉蓁,107年直轄市議員選舉,首次申報,1071117,人事費用支出,王啟丞,E12*******,0.00,795.00,工資或薪津,金錢,高雄市三民區****,,
164,李眉蓁,107年直轄市議員選舉,首次申報,1071117,集會支出,競選總部,E22*******,0.00,15000.00,餐飲支出,非金錢,高雄市左營區****,,
165,李眉蓁,107年直轄市議員選舉,首次申報,1071117,宣傳支出,競選總部,E22*******,0.00,60000.00,製作競選物品支出（物品名稱-貼布廣告文宣）,非金錢,高雄市左營區****,,
166,李眉蓁,107年直轄市議員選舉,首次申報,1071119,宣傳支出,大棠實業有限公司,16867247,0.00,5700.00,製作競選物品支出（物品名稱-文宣帽）,金錢,高雄市仁武區****,,
167,李眉蓁,107年直轄市議員選舉,首次申報,1071119,宣傳支出,大廣企業社,17095780,0.00,2248.00,播送、傳送或刊登宣傳廣告支出,金錢,高雄市鳳山區****,,
168,李眉蓁,107年直轄市議員選舉,首次申報,1071119,集會支出,就要創意事業有限公司,53889461,0.00,55000.00,租用設備支出,金錢,高雄市鳳山區****,,
169,李眉蓁,107年直轄市議員選舉,首次申報,1071120,宣傳支出,中華郵政股份有限公司,03741302,0.00,41515.00,郵寄競選物品,金錢,高雄市新興區****,,
170,李眉蓁,107年直轄市議員選舉,首次申報,1071120,宣傳支出,大廣企業社,17095780,0.00,1580.00,郵寄競選物品或宣傳廣告支出,金錢,高雄市鳳山區****,,
171,李眉蓁,107年直轄市議員選舉,首次申報,1071121,宣傳支出,天翼企業社,15536950,0.00,2715.00,郵寄競選物品或宣傳廣告支出,金錢,高雄市鳳山區****,,
172,李眉蓁,107年直轄市議員選舉,首次申報,1071121,宣傳支出,天翼企業社,15536950,0.00,5000.00,郵寄競選物品或宣傳廣告支出,金錢,高雄市鳳山區****,,
173,李眉蓁,107年直轄市議員選舉,首次申報,1071121,宣傳支出,天翼企業社,15536950,0.00,5000.00,郵寄競選物品或宣傳廣告支出,金錢,高雄市鳳山區****,,
174,李眉蓁,107年直轄市議員選舉,首次申報,1071122,宣傳支出,天翼企業社,15536950,0.00,5000.00,郵寄競選物品或宣傳廣告支出,金錢,高雄市鳳山區****,,
175,李眉蓁,107年直轄市議員選舉,首次申報,1071122,宣傳支出,天翼企業社,15536950,0.00,5000.00,郵寄競選物品或宣傳廣告支出,金錢,高雄市鳳山區****,,
176,李眉蓁,107年直轄市議員選舉,首次申報,1071123,宣傳支出,中華郵政股份有限公司,03741302,0.00,100.00,郵寄競選物品或宣傳廣告支出,金錢,高雄市新興區****,,
177,李眉蓁,107年直轄市議員選舉,首次申報,1071124,雜支支出,家有中式快餐,38655513,0.00,1400.00,餐飲費用,金錢,高雄市楠梓區****,,
178,李眉蓁,107年直轄市議員選舉,首次申報,1071124,雜支支出,家有中式快餐,38655513,0.00,1680.00,餐飲費用,金錢,高雄市楠梓區****,,
179,李眉蓁,107年直轄市議員選舉,首次申報,1071124,集會支出,采新宴會服務有限公司,80365635,0.00,20000.00,餐飲支出,金錢,高雄市鳥松區****,,
180,李眉蓁,107年直轄市議員選舉,首次申報,1071126,集會支出,三商美邦人壽保險股份有限公司,84443471,0.00,1452.00,集會活動團體意外險,金錢,臺北市中山區****,,
181,李眉蓁,107年直轄市議員選舉,首次申報,1071127,人事費用支出,趙胤翔,E12*******,0.00,30000.00,工資或薪津,金錢,高雄市鳳山區****,,
182,李眉蓁,107年直轄市議員選舉,首次申報,1071129,宣傳支出,泓錕廣告企業有限公司,28604749,0.00,350000.00,製作宣傳廣告支出,金錢,高雄市前鎮區****,07-7*****,
183,李眉蓁,107年直轄市議員選舉,首次申報,1071129,人事費用支出,周俊榮,E12*******,0.00,40000.00,工資或薪津,金錢,高雄市楠梓區****,,
184,李眉蓁,107年直轄市議員選舉,首次申報,1071129,人事費用支出,林晏德,E12*******,0.00,4790.00,工資或薪津,金錢,高雄市三民區****,,
185,李眉蓁,107年直轄市議員選舉,首次申報,1071129,人事費用支出,賴葦駿,E12*******,0.00,10410.00,工資或薪津,金錢,高雄市三民區****,,
186,李眉蓁,107年直轄市議員選舉,首次申報,1071129,人事費用支出,陳寬融,E12*******,0.00,11790.00,工資或薪津,金錢,高雄市鼓山區****,,
187,李眉蓁,107年直轄市議員選舉,首次申報,1071129,人事費用支出,李卓勳,S12*******,0.00,37980.00,工資或薪津,金錢,高雄市鳥松區****,,
188,李眉蓁,107年直轄市議員選舉,首次申報,1071129,人事費用支出,林姿霆,S22*******,0.00,4640.00,工資或薪津,金錢,高雄市楠梓區****,,
189,李眉蓁,107年直轄市議員選舉,首次申報,1071129,人事費用支出,蔡昌叡,T12*******,0.00,15230.00,工資或薪津,金錢,高雄市三民區****,,
190,李眉蓁,107年直轄市議員選舉,首次申報,1071130,人事費用支出,潘紀璋,E12*******,0.00,18540.00,工資或薪津,金錢,高雄市三民區****,,
191,李眉蓁,107年直轄市議員選舉,首次申報,1071130,人事費用支出,唐維,E12*******,0.00,2970.00,工資或薪津,金錢,高雄市路竹區****,,
192,李眉蓁,107年直轄市議員選舉,首次申報,1071130,人事費用支出,李廣宣,E12*******,0.00,7840.00,工資或薪津,金錢,高雄市三民區****,,
193,李眉蓁,107年直轄市議員選舉,首次申報,1071130,人事費用支出,黃煒哲,E12*******,0.00,5260.00,工資或薪津,金錢,高雄市三民區****,,
194,李眉蓁,107年直轄市議員選舉,首次申報,1071130,人事費用支出,潘紀璋,E12*******,0.00,6000.00,工資或薪津,金錢,高雄市三民區****,,
195,李眉蓁,107年直轄市議員選舉,首次申報,1071130,人事費用支出,劉庭豪,S12*******,0.00,24560.00,工資或薪津,金錢,高雄市鳳山區****,,
196,李眉蓁,107年直轄市議員選舉,首次申報,1071130,人事費用支出,梁筑琪,S22*******,0.00,30000.00,加班費或值班費,金錢,高雄市鳳山區****,,
197,李眉蓁,107年直轄市議員選舉,首次申報,1071130,人事費用支出,吳鍵睿,V12*******,0.00,2020.00,工資或薪津,金錢,新北市土城區****,,
198,李眉蓁,107年直轄市議員選舉,首次申報,1071203,人事費用支出,沈幸潔,B22*******,0.00,12880.00,工資或薪津,金錢,高雄市左營區****,,
199,李眉蓁,107年直轄市議員選舉,首次申報,1071203,人事費用支出,陳玟珮,E22*******,0.00,6140.00,工資或薪津,金錢,高雄市左營區****,,
200,李眉蓁,107年直轄市議員選舉,首次申報,1071204,人事費用支出,蔡沛芳,F22*******,0.00,10150.00,工資或薪津,金錢,新北市土城區****,,
201,李眉蓁,107年直轄市議員選舉,首次申報,1071204,人事費用支出,鄭名澔,SC3*******,0.00,11920.00,工資或薪津,金錢,高雄市大社區****,,
202,李眉蓁,107年直轄市議員選舉,首次申報,1071205,人事費用支出,蔡昌叡,T12*******,0.00,10000.00,工資或薪津,金錢,高雄市三民區****,,
203,李眉蓁,107年直轄市議員選舉,首次申報,1071206,人事費用支出,張守先,S12*******,0.00,28000.00,工資或薪津,金錢,高雄市燕巢區****,,
204,李眉蓁,107年直轄市議員選舉,首次申報,1071206,人事費用支出,梁筑琪,S22*******,0.00,21600.00,工資或薪津,金錢,高雄市鳳山區****,,
205,李眉蓁,107年直轄市議員選舉,首次申報,1071207,宣傳支出,泓錕廣告企業有限公司,28604749,0.00,300000.00,製作宣傳廣告支出,金錢,高雄市前鎮區****,07-7*****,
206,李眉蓁,107年直轄市議員選舉,首次申報,1071207,人事費用支出,張容菁,I20*******,0.00,9260.00,工資或薪津,金錢,嘉義市文化路****,,
207,李眉蓁,107年直轄市議員選舉,首次申報,1071207,人事費用支出,趙梣瑋,R22*******,0.00,2640.00,工資或薪津,金錢,高雄市左營區****,,
208,李眉蓁,107年直轄市議員選舉,首次申報,1071210,人事費用支出,楊天芸,A22*******,0.00,4815.00,工資或薪津,金錢,臺北市文山區****,,
209,李眉蓁,107年直轄市議員選舉,首次申報,1071210,人事費用支出,牛畇幀,N22*******,0.00,6360.00,工資或薪津,金錢,彰化縣和美鎮****,,
210,李眉蓁,107年直轄市議員選舉,首次申報,1071210,人事費用支出,楊子儀,T12*******,0.00,810.00,工資或薪津,金錢,高雄市岡山區****,,
211,李眉蓁,107年直轄市議員選舉,首次申報,1071211,人事費用支出,王啟丞,E12*******,0.00,1980.00,工資或薪津,金錢,高雄市三民區****,,
212,李眉蓁,107年直轄市議員選舉,首次申報,1071211,人事費用支出,李嘉明,R12*******,0.00,6130.00,工資或薪津,金錢,桃園市同德六****,,
213,李眉蓁,107年直轄市議員選舉,首次申報,1071224,宣傳支出,泓錕廣告企業社,17373019,0.00,400000.00,製作宣傳廣告支出,金錢,高雄市前鎮區****,07-7*****,
