﻿序號,擬參選人／政黨,選舉名稱,申報序號／年度,交易日期,收支科目,捐贈者／支出對象,身分證／統一編號,收入金額,支出金額,支出用途,金錢類,地址,聯絡電話,資料更正日期
1,謝衣鳯,109年立法委員選舉,首次申報,1080826,宣傳支出,佐爾視覺設計社,09310569,0.00,211313.00,扇子-版 支,金錢,彰化縣員林市****,04-8*****,
2,謝衣鳯,109年立法委員選舉,首次申報,1080826,宣傳支出,台灣優紙企業有限公司,80077677,0.00,299250.00,濕紙巾-萬包,金錢,彰化縣鹿港鎮****,04-7*****,
3,謝衣鳯,109年立法委員選舉,首次申報,1080828,宣傳支出,金麗尚有限公司,24434673,0.00,290928.00,溼紙巾 - 包,金錢,臺中市西屯區****,04-2*****,
4,謝衣鳯,109年立法委員選舉,首次申報,1080831,人事費用支出,王韋勝,A12*******,0.00,450.00,二林區月份工時人員薪資,金錢,彰化縣大城鄉****,,
5,謝衣鳯,109年立法委員選舉,首次申報,1080831,人事費用支出,宮業美,B22*******,0.00,7500.00,二林區月份工時人員薪資,金錢,彰化縣大城鄉****,,
6,謝衣鳯,109年立法委員選舉,首次申報,1080831,人事費用支出,張雁惠,B22*******,0.00,2250.00,二林區月份工時人員薪資,金錢,彰化縣永靖鄉****,,
7,謝衣鳯,109年立法委員選舉,首次申報,1080831,人事費用支出,張哲誠,C12*******,0.00,2550.00,二林區月份工時人員薪資,金錢,彰化縣芳苑鄉****,,
8,謝衣鳯,109年立法委員選舉,首次申報,1080831,人事費用支出,張志遠,F12*******,0.00,1650.00,二林區月份工時人員薪資,金錢,新北市板橋區****,,
9,謝衣鳯,109年立法委員選舉,首次申報,1080831,人事費用支出,周玉鈴,F22*******,0.00,3150.00,二林區月份工時人員薪資,金錢,彰化縣竹塘鄉****,,
10,謝衣鳯,109年立法委員選舉,首次申報,1080831,人事費用支出,梁洳毓,F23*******,0.00,6375.00,溪湖區月份工時人員薪資,金錢,彰化縣溪湖鎮****,,
11,謝衣鳯,109年立法委員選舉,首次申報,1080831,人事費用支出,蕭素欗,H22*******,0.00,300.00,北斗區月份工時人員 薪資,金錢,彰化縣溪州鄉****,,
12,謝衣鳯,109年立法委員選舉,首次申報,1080831,人事費用支出,謝春梅,K22*******,0.00,900.00,二林區月份工時人員薪資,金錢,彰化縣芳苑鄉****,,
13,謝衣鳯,109年立法委員選舉,首次申報,1080831,人事費用支出,薛美雲,L20*******,0.00,3150.00,二林區月份工時人員薪資,金錢,彰化縣竹塘鄉****,,
14,謝衣鳯,109年立法委員選舉,首次申報,1080831,人事費用支出,孫台香,L22*******,0.00,2850.00,二林區月份工時人員薪資,金錢,彰化縣芳苑鄉****,,
15,謝衣鳯,109年立法委員選舉,首次申報,1080831,人事費用支出,高崇晏,M12*******,0.00,600.00,二林區月份工時人員薪資,金錢,彰化縣二林鎮****,,
16,謝衣鳯,109年立法委員選舉,首次申報,1080831,人事費用支出,林暐智,M12*******,0.00,750.00,二林區月份工時人員薪資,金錢,彰化縣二林鎮****,,
17,謝衣鳯,109年立法委員選舉,首次申報,1080831,人事費用支出,林羽柔,M22*******,0.00,2475.00,二林區月份工時人員薪資,金錢,彰化縣二林鎮****,,
18,謝衣鳯,109年立法委員選舉,首次申報,1080831,人事費用支出,林勝宏,N10*******,0.00,1200.00,二林區月份工時人員薪資,金錢,彰化縣芳苑鄉****,,
19,謝衣鳯,109年立法委員選舉,首次申報,1080831,人事費用支出,林建輝,N10*******,0.00,1500.00,二林區月份工時人員薪資,金錢,彰化縣芳苑鄉****,,
20,謝衣鳯,109年立法委員選舉,首次申報,1080831,人事費用支出,洪山河,N12*******,0.00,2850.00,二林區月份工時人員薪資,金錢,彰化縣芳苑鄉****,,
21,謝衣鳯,109年立法委員選舉,首次申報,1080831,人事費用支出,孫忠華,N12*******,0.00,6525.00,溪湖區月份工時人員薪資,金錢,彰化縣埤頭鄉****,,
22,謝衣鳯,109年立法委員選舉,首次申報,1080831,人事費用支出,劉政緯,N12*******,0.00,1050.00,二林區月份工時人員薪資,金錢,彰化縣永靖鄉****,,
23,謝衣鳯,109年立法委員選舉,首次申報,1080831,人事費用支出,劉政廷,N12*******,0.00,600.00,二林區月份工時人員薪資,金錢,彰化縣永靖鄉****,,
24,謝衣鳯,109年立法委員選舉,首次申報,1080831,人事費用支出,彭詰閔,N12*******,0.00,450.00,二林區月份工時人員薪資,金錢,彰化縣二林鎮****,,
25,謝衣鳯,109年立法委員選舉,首次申報,1080831,人事費用支出,歐文州,N12*******,0.00,6300.00,二林區月份工時人員薪資,金錢,彰化縣竹塘鄉****,,
26,謝衣鳯,109年立法委員選舉,首次申報,1080831,人事費用支出,張益嘉,N12*******,0.00,300.00,二林區月份工時人員薪資,金錢,彰化縣二林鎮****,,
27,謝衣鳯,109年立法委員選舉,首次申報,1080831,人事費用支出,陳裕璋,N12*******,0.00,300.00,二林區月份工時人員薪資,金錢,彰化縣大城鄉****,,
28,謝衣鳯,109年立法委員選舉,首次申報,1080831,人事費用支出,洪昇煌,N12*******,0.00,675.00,二林區月份工時人員薪資,金錢,彰化縣二林鎮****,,
29,謝衣鳯,109年立法委員選舉,首次申報,1080831,人事費用支出,陳宥彣,N12*******,0.00,825.00,二林區月份工時人員薪資,金錢,彰化縣二林鎮****,,
30,謝衣鳯,109年立法委員選舉,首次申報,1080831,人事費用支出,張麗香,N20*******,0.00,3000.00,二林區月份工時人員薪資,金錢,彰化縣大城鄉****,,
31,謝衣鳯,109年立法委員選舉,首次申報,1080831,人事費用支出,洪秀蓮,N20*******,0.00,225.00,二林區月份工時人員薪資,金錢,彰化縣二林鎮****,,
32,謝衣鳯,109年立法委員選舉,首次申報,1080831,人事費用支出,林桂東,N20*******,0.00,1200.00,二林區月份工時人員薪資,金錢,彰化縣芳苑鄉****,,
33,謝衣鳯,109年立法委員選舉,首次申報,1080831,人事費用支出,徐宇玟,N22*******,0.00,8400.00,溪湖區月份工時人員薪資,金錢,彰化縣溪湖鎮****,,
34,謝衣鳯,109年立法委員選舉,首次申報,1080831,人事費用支出,謝佳均,N22*******,0.00,2025.00,溪湖區月份工時人員薪資,金錢,彰化縣溪湖鎮****,,
35,謝衣鳯,109年立法委員選舉,首次申報,1080831,人事費用支出,黃金生,N22*******,0.00,2100.00,二林區月份工時人員薪資,金錢,彰化縣芳苑鄉****,,
36,謝衣鳯,109年立法委員選舉,首次申報,1080831,人事費用支出,許阿密,N22*******,0.00,3150.00,二林區月份工時人員薪資,金錢,彰化縣竹塘鄉****,,
37,謝衣鳯,109年立法委員選舉,首次申報,1080831,人事費用支出,林怡瑄,N22*******,0.00,825.00,北斗區月份工時人員 薪資,金錢,彰化縣溪州鄉****,,
38,謝衣鳯,109年立法委員選舉,首次申報,1080831,人事費用支出,林淑娟,N22*******,0.00,7650.00,北斗區月份工時人員 薪資,金錢,彰化縣埤頭鄉****,,
39,謝衣鳯,109年立法委員選舉,首次申報,1080831,人事費用支出,邱淑惠,N22*******,0.00,525.00,北斗區月份工時人員 薪資,金錢,彰化縣溪州鄉****,,
40,謝衣鳯,109年立法委員選舉,首次申報,1080831,人事費用支出,張婷婷,N22*******,0.00,525.00,北斗區月份工時人員 薪資,金錢,彰化縣埔心鄉****,,
41,謝衣鳯,109年立法委員選舉,首次申報,1080831,人事費用支出,邱翊萱,N22*******,0.00,7900.00,北斗區月份工時人員 薪資,金錢,彰化縣田尾鄉****,,
42,謝衣鳯,109年立法委員選舉,首次申報,1080831,人事費用支出,邱熠葶,N22*******,0.00,8100.00,北斗區月份工時人員 薪資,金錢,彰化縣田尾鄉****,,
43,謝衣鳯,109年立法委員選舉,首次申報,1080831,人事費用支出,劉美君,N22*******,0.00,9150.00,溪湖區月份工時人員薪資,金錢,彰化縣埤頭鄉****,,
44,謝衣鳯,109年立法委員選舉,首次申報,1080831,人事費用支出,謝純瑜,N22*******,0.00,5625.00,溪湖區月份工時人員薪資,金錢,彰化縣溪湖鎮****,,
45,謝衣鳯,109年立法委員選舉,首次申報,1080831,人事費用支出,張暥昕,N22*******,0.00,300.00,溪湖區月份工時人員薪資,金錢,彰化縣溪湖鎮****,,
46,謝衣鳯,109年立法委員選舉,首次申報,1080831,人事費用支出,謝瀞文(司機),N22*******,0.00,3300.00,溪湖區月份工時人員薪資,金錢,彰化縣埔心鄉****,,
47,謝衣鳯,109年立法委員選舉,首次申報,1080831,人事費用支出,楊宥心,N22*******,0.00,1650.00,溪湖區月份工時人員薪資,金錢,彰化縣員林市****,,
48,謝衣鳯,109年立法委員選舉,首次申報,1080831,人事費用支出,許凱蒂,N22*******,0.00,1200.00,溪湖區月份工時人員薪資,金錢,彰化縣埔心鄉****,,
49,謝衣鳯,109年立法委員選舉,首次申報,1080831,人事費用支出,黃詩評,N22*******,0.00,450.00,溪湖區月份工時人員薪資,金錢,彰化縣埔心鄉****,,
50,謝衣鳯,109年立法委員選舉,首次申報,1080831,人事費用支出,林雅惠,N22*******,0.00,1825.00,北斗區月份工時人員 薪資,金錢,彰化縣埤頭鄉****,,
51,謝衣鳯,109年立法委員選舉,首次申報,1080831,人事費用支出,林素娥,N22*******,0.00,3300.00,北斗區月份工時人員 薪資,金錢,彰化縣溪州鄉****,,
52,謝衣鳯,109年立法委員選舉,首次申報,1080831,人事費用支出,盧金花,N22*******,0.00,1050.00,二林區月份工時人員薪資,金錢,彰化縣二林鎮****,,
53,謝衣鳯,109年立法委員選舉,首次申報,1080831,人事費用支出,廖麗鳳,N22*******,0.00,3075.00,二林區月份工時人員薪資,金錢,彰化縣大城鄉****,,
54,謝衣鳯,109年立法委員選舉,首次申報,1080831,人事費用支出,陳宜君,N22*******,0.00,525.00,二林區月份工時人員薪資,金錢,彰化縣大城鄉****,,
55,謝衣鳯,109年立法委員選舉,首次申報,1080831,人事費用支出,盧昱晴,N22*******,0.00,300.00,二林區月份工時人員薪資,金錢,彰化縣二林鎮****,,
56,謝衣鳯,109年立法委員選舉,首次申報,1080831,人事費用支出,洪玉嬌,N22*******,0.00,750.00,二林區月份工時人員薪資,金錢,彰化縣二林鎮****,,
57,謝衣鳯,109年立法委員選舉,首次申報,1080831,人事費用支出,王瓊華,N22*******,0.00,225.00,二林區月份工時人員薪資,金錢,彰化縣二林鎮****,,
58,謝衣鳯,109年立法委員選舉,首次申報,1080831,人事費用支出,陳寶春,N22*******,0.00,3000.00,二林區月份工時人員薪資,金錢,彰化縣二林鎮****,,
59,謝衣鳯,109年立法委員選舉,首次申報,1080831,人事費用支出,洪歆茹,N22*******,0.00,2175.00,二林區月份工時人員薪資,金錢,彰化縣芳苑鄉****,,
60,謝衣鳯,109年立法委員選舉,首次申報,1080831,人事費用支出,楊于萱,N22*******,0.00,1650.00,二林區月份工時人員薪資,金錢,彰化縣二林鎮****,,
61,謝衣鳯,109年立法委員選舉,首次申報,1080831,人事費用支出,林雅玲,P22*******,0.00,3525.00,二林區月份工時人員薪資,金錢,臺中市北屯區****,,
62,謝衣鳯,109年立法委員選舉,首次申報,1080831,人事費用支出,蔡明惠,P22*******,0.00,2325.00,二林區月份工時人員薪資,金錢,彰化縣大城鄉****,,
63,謝衣鳯,109年立法委員選舉,首次申報,1080831,人事費用支出,邱美英,T22*******,0.00,3525.00,二林區月份工時人員薪資,金錢,彰化縣大城鄉****,,
64,謝衣鳯,109年立法委員選舉,首次申報,1080901,宣傳支出,金順紙業有限公司,13036488,0.00,450450.00,面紙-抽-萬盒,金錢,彰化縣花壇鄉****,04-7*****,
65,謝衣鳯,109年立法委員選舉,首次申報,1080901,宣傳支出,原體燈光音響行,67740980,0.00,18000.00,租用音響一式,金錢,彰化縣員林市****,04-8*****,
66,謝衣鳯,109年立法委員選舉,首次申報,1080901,宣傳支出,龍光音響工作室,80824809,0.00,20000.00,租用音響一式,金錢,彰化縣彰化市****,04-7*****,
67,謝衣鳯,109年立法委員選舉,首次申報,1080909,宣傳支出,尚禾雅企業社,99939318,0.00,567000.00,環保袋-萬個,金錢,彰化縣北斗鎮****,04-8*****,
68,謝衣鳯,109年立法委員選舉,首次申報,1080910,宣傳支出,佐爾視覺設計社,09310569,0.00,165375.00,扇子-萬支,金錢,彰化縣員林市****,04-8*****,
69,謝衣鳯,109年立法委員選舉,首次申報,1080911,宣傳支出,優朋國際股份有限公司,28843848,0.00,110000.00,簡訊費-通../則,金錢,臺北市內湖區****,02-8*****,
70,謝衣鳯,109年立法委員選舉,首次申報,1080923,宣傳支出,台灣優紙企業有限公司,80077677,0.00,110250.00,大寶包面紙-萬包*.,金錢,彰化縣鹿港鎮****,04-7*****,
71,謝衣鳯,109年立法委員選舉,首次申報,1080926,宣傳支出,金順紙業有限公司,13036488,0.00,579600.00,面紙抽-萬盒,金錢,彰化縣花壇鄉****,04-7*****,
72,謝衣鳯,109年立法委員選舉,首次申報,1080926,雜支支出,旺坤股份有限公司,27381973,0.00,65200.00,背心 -件 @,金錢,南投縣平山里****,049-*****,
73,謝衣鳯,109年立法委員選舉,首次申報,1080927,宣傳支出,大眾旗幟廣告社,98952100,0.00,65000.00,小國旗-萬支 @.,金錢,彰化縣員林市****,04-8*****,
74,謝衣鳯,109年立法委員選舉,首次申報,1080930,人事費用支出,林煜傑,A13*******,0.00,775.00,北斗區月份工時人員薪資,金錢,彰化縣溪州鄉****,,
75,謝衣鳯,109年立法委員選舉,首次申報,1080930,人事費用支出,林煜傑,A13*******,0.00,700.00,北斗區月份工時人員薪資,金錢,彰化縣溪州鄉****,,
76,謝衣鳯,109年立法委員選舉,首次申報,1080930,人事費用支出,張美桂,A22*******,0.00,1950.00,二林區月份工時人員薪資,金錢,彰化縣芳苑鄉****,,
77,謝衣鳯,109年立法委員選舉,首次申報,1080930,人事費用支出,彭志明,B12*******,0.00,4000.00,二林區物資配送人員-月份,金錢,彰化縣大城鄉****,0953*****,
78,謝衣鳯,109年立法委員選舉,首次申報,1080930,人事費用支出,張雁惠,B22*******,0.00,6800.00,二林區月份工時人員薪資,金錢,彰化縣永靖鄉****,,
79,謝衣鳯,109年立法委員選舉,首次申報,1080930,人事費用支出,宮業美,B22*******,0.00,20600.00,二林區月份工時人員薪資,金錢,彰化縣大城鄉****,,
80,謝衣鳯,109年立法委員選舉,首次申報,1080930,人事費用支出,張哲誠,C12*******,0.00,6950.00,二林區月份工時人員薪資,金錢,彰化縣芳苑鄉****,,
81,謝衣鳯,109年立法委員選舉,首次申報,1080930,人事費用支出,張志遠,F12*******,0.00,450.00,二林區月份工時人員薪資,金錢,新北市板橋區****,,
82,謝衣鳯,109年立法委員選舉,首次申報,1080930,人事費用支出,周玉鈴,F22*******,0.00,11350.00,二林區月份工時人員薪資,金錢,彰化縣竹塘鄉****,,
83,謝衣鳯,109年立法委員選舉,首次申報,1080930,人事費用支出,梁洳毓,F23*******,0.00,4950.00,溪湖區月份工時人員薪資,金錢,彰化縣溪湖鎮****,,
84,謝衣鳯,109年立法委員選舉,首次申報,1080930,人事費用支出,蕭素欗,H22*******,0.00,6375.00,北斗區月份工時人員薪資,金錢,彰化縣溪州鄉****,,
85,謝衣鳯,109年立法委員選舉,首次申報,1080930,人事費用支出,謝春梅,K22*******,0.00,7700.00,二林區月份工時人員薪資,金錢,彰化縣芳苑鄉****,,
86,謝衣鳯,109年立法委員選舉,首次申報,1080930,人事費用支出,黃彥倫,L12*******,0.00,700.00,北斗區月份工時人員薪資,金錢,彰化縣溪州鄉****,,
87,謝衣鳯,109年立法委員選舉,首次申報,1080930,人事費用支出,黃彥倫,L12*******,0.00,775.00,北斗區月份工時人員薪資,金錢,彰化縣溪州鄉****,,
88,謝衣鳯,109年立法委員選舉,首次申報,1080930,人事費用支出,薛美雲,L20*******,0.00,11350.00,二林區月份工時人員薪資,金錢,彰化縣竹塘鄉****,,
89,謝衣鳯,109年立法委員選舉,首次申報,1080930,人事費用支出,孫台香,L22*******,0.00,7500.00,二林區月份工時人員薪資,金錢,彰化縣芳苑鄉****,,
90,謝衣鳯,109年立法委員選舉,首次申報,1080930,人事費用支出,桑順英,L22*******,0.00,2250.00,溪湖區月份工時人員薪資,金錢,彰化縣溪湖鎮****,,
91,謝衣鳯,109年立法委員選舉,首次申報,1080930,人事費用支出,楊明芳,LD0*******,0.00,450.00,北斗區月份工時人員薪資,金錢,彰化縣溪州鄉****,,
92,謝衣鳯,109年立法委員選舉,首次申報,1080930,人事費用支出,高崇晏,M12*******,0.00,1125.00,二林區月份工時人員薪資,金錢,彰化縣二林鎮****,,
93,謝衣鳯,109年立法委員選舉,首次申報,1080930,人事費用支出,林羽柔,M22*******,0.00,825.00,二林區月份工時人員薪資,金錢,彰化縣二林鎮****,,
94,謝衣鳯,109年立法委員選舉,首次申報,1080930,人事費用支出,蔡美貞,M22*******,0.00,775.00,北斗區月份工時人員薪資,金錢,彰化縣溪州鄉****,,
95,謝衣鳯,109年立法委員選舉,首次申報,1080930,人事費用支出,蔡美貞,M22*******,0.00,700.00,北斗區月份工時人員薪資,金錢,彰化縣溪州鄉****,,
96,謝衣鳯,109年立法委員選舉,首次申報,1080930,人事費用支出,楊耀文,N10*******,0.00,450.00,溪湖區月份工時人員薪資,金錢,彰化縣溪湖鎮****,,
97,謝衣鳯,109年立法委員選舉,首次申報,1080930,人事費用支出,楊政賢,N10*******,0.00,450.00,溪湖區月份工時人員薪資,金錢,彰化縣溪湖鎮****,,
98,謝衣鳯,109年立法委員選舉,首次申報,1080930,人事費用支出,楊金源,N10*******,0.00,1350.00,溪湖區月份工時人員薪資,金錢,彰化縣溪湖鎮****,,
99,謝衣鳯,109年立法委員選舉,首次申報,1080930,人事費用支出,黃朝順,N10*******,0.00,450.00,溪湖區月份工時人員薪資,金錢,彰化縣溪湖鎮****,,
100,謝衣鳯,109年立法委員選舉,首次申報,1080930,人事費用支出,楊國楨,N10*******,0.00,450.00,溪湖區月份工時人員薪資,金錢,彰化縣溪湖鎮****,,
101,謝衣鳯,109年立法委員選舉,首次申報,1080930,人事費用支出,楊友吉,N10*******,0.00,450.00,溪湖區月份工時人員薪資,金錢,彰化縣溪湖鎮****,,
102,謝衣鳯,109年立法委員選舉,首次申報,1080930,人事費用支出,楊慶芳,N10*******,0.00,450.00,溪湖區月份工時人員薪資,金錢,彰化縣溪湖鎮****,,
103,謝衣鳯,109年立法委員選舉,首次申報,1080930,人事費用支出,徐明祥,N10*******,0.00,450.00,溪湖區月份工時人員薪資,金錢,彰化縣溪湖鎮****,,
104,謝衣鳯,109年立法委員選舉,首次申報,1080930,人事費用支出,詹允謃,N10*******,0.00,1300.00,二林區月份工時人員薪資,金錢,彰化縣芳苑鄉****,,
105,謝衣鳯,109年立法委員選舉,首次申報,1080930,人事費用支出,林勝宏,N10*******,0.00,2450.00,二林區月份工時人員薪資,金錢,彰化縣芳苑鄉****,,
106,謝衣鳯,109年立法委員選舉,首次申報,1080930,人事費用支出,劉政緯,N12*******,0.00,2650.00,二林區月份工時人員薪資,金錢,彰化縣永靖鄉****,,
107,謝衣鳯,109年立法委員選舉,首次申報,1080930,人事費用支出,洪河鎮,N12*******,0.00,1850.00,二林區月份工時人員薪資,金錢,彰化縣芳苑鄉****,,
108,謝衣鳯,109年立法委員選舉,首次申報,1080930,人事費用支出,歐文州,N12*******,0.00,22300.00,二林區月份工時人員薪資,金錢,彰化縣竹塘鄉****,,
109,謝衣鳯,109年立法委員選舉,首次申報,1080930,人事費用支出,洪誠豐,N12*******,0.00,6000.00,二林區物資配送人員-月份,金錢,彰化縣芳苑鄉****,0916*****,
110,謝衣鳯,109年立法委員選舉,首次申報,1080930,人事費用支出,李浚新,N12*******,0.00,6000.00,二林區物資配送人員-月份,金錢,彰化縣芳苑鄉****,,
111,謝衣鳯,109年立法委員選舉,首次申報,1080930,人事費用支出,歐文州,N12*******,0.00,3000.00,二林區物資配送人員-月份,金錢,彰化縣竹塘鄉****,0928*****,
112,謝衣鳯,109年立法委員選舉,首次申報,1080930,人事費用支出,楊榮富,N12*******,0.00,3300.00,二林區月份工時人員薪資,金錢,彰化縣芳苑鄉****,,
113,謝衣鳯,109年立法委員選舉,首次申報,1080930,人事費用支出,洪山河,N12*******,0.00,6000.00,二林區月份工時人員薪資,金錢,彰化縣芳苑鄉****,,
114,謝衣鳯,109年立法委員選舉,首次申報,1080930,人事費用支出,洪昇煌,N12*******,0.00,975.00,二林區月份工時人員薪資,金錢,彰化縣二林鎮****,,
115,謝衣鳯,109年立法委員選舉,首次申報,1080930,人事費用支出,陳裕璋,N12*******,0.00,450.00,二林區月份工時人員薪資,金錢,彰化縣大城鄉****,,
116,謝衣鳯,109年立法委員選舉,首次申報,1080930,人事費用支出,張益嘉,N12*******,0.00,600.00,二林區月份工時人員薪資,金錢,彰化縣二林鎮****,,
117,謝衣鳯,109年立法委員選舉,首次申報,1080930,人事費用支出,孫忠華,N12*******,0.00,3750.00,溪湖區月份工時人員薪資,金錢,彰化縣埤頭鄉****,,
118,謝衣鳯,109年立法委員選舉,首次申報,1080930,人事費用支出,洪見成,N12*******,0.00,450.00,溪湖區月份工時人員薪資,金錢,彰化縣溪湖鎮****,,
119,謝衣鳯,109年立法委員選舉,首次申報,1080930,人事費用支出,劉祥益(司機),N12*******,0.00,7800.00,溪湖區月份工時人員薪資,金錢,彰化縣溪湖鎮****,,
120,謝衣鳯,109年立法委員選舉,首次申報,1080930,人事費用支出,謝清揮,N12*******,0.00,5625.00,北斗區月份工時人員薪資,金錢,彰化縣溪州鄉****,,
121,謝衣鳯,109年立法委員選舉,首次申報,1080930,人事費用支出,鄭佩宜,N12*******,0.00,7050.00,北斗區月份工時人員薪資,金錢,彰化縣溪州鄉****,,
122,謝衣鳯,109年立法委員選舉,首次申報,1080930,人事費用支出,陳鍚星,N12*******,0.00,450.00,溪湖區月份工時人員薪資,金錢,彰化縣溪湖鎮****,,
123,謝衣鳯,109年立法委員選舉,首次申報,1080930,人事費用支出,鐘朝威(司機),N12*******,0.00,6000.00,溪湖區月份工時人員薪資,金錢,彰化縣埔心鄉****,,
124,謝衣鳯,109年立法委員選舉,首次申報,1080930,人事費用支出,曾仕丞,N12*******,0.00,700.00,北斗區月份工時人員薪資,金錢,彰化縣溪州鄉****,,
125,謝衣鳯,109年立法委員選舉,首次申報,1080930,人事費用支出,顏浩倫,N12*******,0.00,700.00,北斗區月份工時人員薪資,金錢,彰化縣溪州鄉****,,
126,謝衣鳯,109年立法委員選舉,首次申報,1080930,人事費用支出,邱瀚緯,N12*******,0.00,700.00,北斗區月份工時人員薪資,金錢,彰化縣溪州鄉****,,
127,謝衣鳯,109年立法委員選舉,首次申報,1080930,人事費用支出,陳柏旭,N12*******,0.00,700.00,北斗區月份工時人員薪資,金錢,彰化縣溪州鄉****,,
128,謝衣鳯,109年立法委員選舉,首次申報,1080930,人事費用支出,曾仕丞,N12*******,0.00,775.00,北斗區月份工時人員薪資,金錢,彰化縣溪州鄉****,,
129,謝衣鳯,109年立法委員選舉,首次申報,1080930,人事費用支出,顏浩倫,N12*******,0.00,775.00,北斗區月份工時人員薪資,金錢,彰化縣溪州鄉****,,
130,謝衣鳯,109年立法委員選舉,首次申報,1080930,人事費用支出,邱瀚緯,N12*******,0.00,775.00,北斗區月份工時人員薪資,金錢,彰化縣溪州鄉****,,
131,謝衣鳯,109年立法委員選舉,首次申報,1080930,人事費用支出,陳柏旭,N12*******,0.00,775.00,北斗區月份工時人員薪資,金錢,彰化縣溪州鄉****,,
132,謝衣鳯,109年立法委員選舉,首次申報,1080930,人事費用支出,陳玉蘭,N20*******,0.00,775.00,北斗區月份工時人員薪資,金錢,彰化縣溪州鄉****,,
133,謝衣鳯,109年立法委員選舉,首次申報,1080930,人事費用支出,黃陳邁,N20*******,0.00,775.00,北斗區月份工時人員薪資,金錢,彰化縣溪州鄉****,,
134,謝衣鳯,109年立法委員選舉,首次申報,1080930,人事費用支出,黃陳邁,N20*******,0.00,1075.00,北斗區月份工時人員薪資,金錢,彰化縣溪州鄉****,,
135,謝衣鳯,109年立法委員選舉,首次申報,1080930,人事費用支出,陳玉蘭,N20*******,0.00,1075.00,北斗區月份工時人員薪資,金錢,彰化縣溪州鄉****,,
136,謝衣鳯,109年立法委員選舉,首次申報,1080930,人事費用支出,鄭有真,N20*******,0.00,450.00,溪湖區月份工時人員薪資,金錢,彰化縣溪湖鎮****,,
137,謝衣鳯,109年立法委員選舉,首次申報,1080930,人事費用支出,陳李素綿,N20*******,0.00,5400.00,溪湖區月份工時人員薪資,金錢,彰化縣溪湖鎮****,,
138,謝衣鳯,109年立法委員選舉,首次申報,1080930,人事費用支出,林桂蘭,N20*******,0.00,450.00,溪湖區月份工時人員薪資,金錢,彰化縣溪湖鎮****,,
139,謝衣鳯,109年立法委員選舉,首次申報,1080930,人事費用支出,陳李素綿,N20*******,0.00,4425.00,溪湖區月份工時人員薪資,金錢,彰化縣溪湖鎮****,,
140,謝衣鳯,109年立法委員選舉,首次申報,1080930,人事費用支出,賴秀葉,N20*******,0.00,1350.00,溪湖區月份工時人員薪資,金錢,彰化縣溪湖鎮****,,
141,謝衣鳯,109年立法委員選舉,首次申報,1080930,人事費用支出,張麗香,N20*******,0.00,10175.00,二林區月份工時人員薪資,金錢,彰化縣大城鄉****,,
142,謝衣鳯,109年立法委員選舉,首次申報,1080930,人事費用支出,洪燕雪,N20*******,0.00,600.00,二林區月份工時人員薪資,金錢,彰化縣竹塘鄉****,,
143,謝衣鳯,109年立法委員選舉,首次申報,1080930,人事費用支出,林京,N20*******,0.00,600.00,二林區月份工時人員薪資,金錢,彰化縣大城鄉****,,
144,謝衣鳯,109年立法委員選舉,首次申報,1080930,人事費用支出,洪秀蓮,N20*******,0.00,2925.00,二林區月份工時人員薪資,金錢,彰化縣二林鎮****,,
145,謝衣鳯,109年立法委員選舉,首次申報,1080930,人事費用支出,林儷縑,N20*******,0.00,225.00,二林區月份工時人員薪資,金錢,彰化縣二林鎮****,,
146,謝衣鳯,109年立法委員選舉,首次申報,1080930,人事費用支出,林秀月,N20*******,0.00,450.00,二林區月份工時人員薪資,金錢,彰化縣二林鎮****,,
147,謝衣鳯,109年立法委員選舉,首次申報,1080930,人事費用支出,林桂東,N20*******,0.00,7450.00,二林區月份工時人員薪資,金錢,彰化縣芳苑鄉****,,
148,謝衣鳯,109年立法委員選舉,首次申報,1080930,人事費用支出,洪玉寶,N20*******,0.00,1300.00,二林區月份工時人員薪資,金錢,彰化縣芳苑鄉****,,
149,謝衣鳯,109年立法委員選舉,首次申報,1080930,人事費用支出,林鳳珠,N22*******,0.00,900.00,二林區月份工時人員薪資,金錢,彰化縣芳苑鄉****,,
150,謝衣鳯,109年立法委員選舉,首次申報,1080930,人事費用支出,許阿密,N22*******,0.00,11500.00,二林區月份工時人員薪資,金錢,彰化縣竹塘鄉****,,
151,謝衣鳯,109年立法委員選舉,首次申報,1080930,人事費用支出,廖沛綺,N22*******,0.00,600.00,二林區月份工時人員薪資,金錢,彰化縣竹塘鄉****,,
152,謝衣鳯,109年立法委員選舉,首次申報,1080930,人事費用支出,莊詠甯,N22*******,0.00,600.00,二林區月份工時人員薪資,金錢,彰化縣竹塘鄉****,,
153,謝衣鳯,109年立法委員選舉,首次申報,1080930,人事費用支出,黃金生,N22*******,0.00,5350.00,二林區月份工時人員薪資,金錢,彰化縣芳苑鄉****,,
154,謝衣鳯,109年立法委員選舉,首次申報,1080930,人事費用支出,洪淑芬,N22*******,0.00,3150.00,二林區月份工時人員薪資,金錢,彰化縣芳苑鄉****,,
155,謝衣鳯,109年立法委員選舉,首次申報,1080930,人事費用支出,黃佳翎,N22*******,0.00,450.00,北斗區月份工時人員薪資,金錢,彰化縣田尾鄉****,,
156,謝衣鳯,109年立法委員選舉,首次申報,1080930,人事費用支出,詹婉如,N22*******,0.00,450.00,北斗區月份工時人員薪資,金錢,彰化縣永靖鄉****,,
157,謝衣鳯,109年立法委員選舉,首次申報,1080930,人事費用支出,陳麗君,N22*******,0.00,750.00,北斗區月份工時人員薪資,金錢,彰化縣溪州鄉****,,
158,謝衣鳯,109年立法委員選舉,首次申報,1080930,人事費用支出,張以昕,N22*******,0.00,450.00,北斗區月份工時人員薪資,金錢,彰化縣北斗鎮****,,
159,謝衣鳯,109年立法委員選舉,首次申報,1080930,人事費用支出,林雅惠,N22*******,0.00,14225.00,北斗區月份工時人員薪資,金錢,彰化縣溪州鄉****,,
160,謝衣鳯,109年立法委員選舉,首次申報,1080930,人事費用支出,林素娥,N22*******,0.00,13200.00,北斗區月份工時人員薪資,金錢,彰化縣溪州鄉****,,
161,謝衣鳯,109年立法委員選舉,首次申報,1080930,人事費用支出,林怡瑄,N22*******,0.00,6300.00,北斗區月份工時人員薪資,金錢,彰化縣溪州鄉****,,
162,謝衣鳯,109年立法委員選舉,首次申報,1080930,人事費用支出,林淑娟,N22*******,0.00,7600.00,北斗區月份工時人員薪資,金錢,彰化縣埤頭鄉****,,
163,謝衣鳯,109年立法委員選舉,首次申報,1080930,人事費用支出,邱翊萱,N22*******,0.00,5275.00,北斗區月份工時人員薪資,金錢,彰化縣田尾鄉****,,
164,謝衣鳯,109年立法委員選舉,首次申報,1080930,人事費用支出,陳佳宜,N22*******,0.00,1350.00,北斗區月份工時人員薪資,金錢,彰化縣北斗鎮****,,
165,謝衣鳯,109年立法委員選舉,首次申報,1080930,人事費用支出,陳寶春,N22*******,0.00,8400.00,二林區月份工時人員薪資,金錢,彰化縣二林鎮****,,
166,謝衣鳯,109年立法委員選舉,首次申報,1080930,人事費用支出,陳冠妤,N22*******,0.00,1350.00,二林區月份工時人員薪資,金錢,彰化縣二林鎮****,,
167,謝衣鳯,109年立法委員選舉,首次申報,1080930,人事費用支出,陳憶萱,N22*******,0.00,1350.00,二林區月份工時人員薪資,金錢,彰化縣二林鎮****,,
168,謝衣鳯,109年立法委員選舉,首次申報,1080930,人事費用支出,盧金花,N22*******,0.00,2850.00,二林區月份工時人員薪資,金錢,彰化縣二林鎮****,,
169,謝衣鳯,109年立法委員選舉,首次申報,1080930,人事費用支出,洪玉嬌,N22*******,0.00,900.00,二林區月份工時人員薪資,金錢,彰化縣二林鎮****,,
170,謝衣鳯,109年立法委員選舉,首次申報,1080930,人事費用支出,王瓊華,N22*******,0.00,3600.00,二林區月份工時人員薪資,金錢,彰化縣二林鎮****,,
171,謝衣鳯,109年立法委員選舉,首次申報,1080930,人事費用支出,洪賢春,N22*******,0.00,1050.00,二林區月份工時人員薪資,金錢,彰化縣二林鎮****,,
172,謝衣鳯,109年立法委員選舉,首次申報,1080930,人事費用支出,廖麗鳳,N22*******,0.00,8450.00,二林區月份工時人員薪資,金錢,彰化縣大城鄉****,,
173,謝衣鳯,109年立法委員選舉,首次申報,1080930,人事費用支出,陳宜君,N22*******,0.00,1425.00,二林區月份工時人員薪資,金錢,彰化縣大城鄉****,,
174,謝衣鳯,109年立法委員選舉,首次申報,1080930,人事費用支出,洪歆茹,N22*******,0.00,1275.00,二林區月份工時人員薪資,金錢,彰化縣芳苑鄉****,,
175,謝衣鳯,109年立法委員選舉,首次申報,1080930,人事費用支出,楊于萱,N22*******,0.00,600.00,二林區月份工時人員薪資,金錢,彰化縣二林鎮****,,
176,謝衣鳯,109年立法委員選舉,首次申報,1080930,人事費用支出,徐宇玟,N22*******,0.00,5550.00,溪湖區月份工時人員薪資,金錢,彰化縣溪湖鎮****,,
177,謝衣鳯,109年立法委員選舉,首次申報,1080930,人事費用支出,謝佳均,N22*******,0.00,2925.00,溪湖區月份工時人員薪資,金錢,彰化縣溪湖鎮****,,
178,謝衣鳯,109年立法委員選舉,首次申報,1080930,人事費用支出,劉美君,N22*******,0.00,8025.00,溪湖區月份工時人員薪資,金錢,彰化縣埤頭鄉****,,
179,謝衣鳯,109年立法委員選舉,首次申報,1080930,人事費用支出,周彩花,N22*******,0.00,1275.00,溪湖區月份工時人員薪資,金錢,彰化縣溪湖鎮****,,
180,謝衣鳯,109年立法委員選舉,首次申報,1080930,人事費用支出,楊麗鈴,N22*******,0.00,2100.00,溪湖區月份工時人員薪資,金錢,彰化縣溪湖鎮****,,
181,謝衣鳯,109年立法委員選舉,首次申報,1080930,人事費用支出,謝純瑜,N22*******,0.00,1725.00,溪湖區月份工時人員薪資,金錢,彰化縣溪湖鎮****,,
182,謝衣鳯,109年立法委員選舉,首次申報,1080930,人事費用支出,張暥昕,N22*******,0.00,1800.00,溪湖區月份工時人員薪資,金錢,彰化縣溪湖鎮****,,
183,謝衣鳯,109年立法委員選舉,首次申報,1080930,人事費用支出,王翊君,N22*******,0.00,1125.00,北斗區月份工時人員薪資,金錢,彰化縣溪州鄉****,,
184,謝衣鳯,109年立法委員選舉,首次申報,1080930,人事費用支出,鄭佩宜,N22*******,0.00,1875.00,北斗區月份工時人員薪資,金錢,彰化縣北斗鎮****,,
185,謝衣鳯,109年立法委員選舉,首次申報,1080930,人事費用支出,洪麗玲,N22*******,0.00,5400.00,溪湖區月份工時人員薪資,金錢,彰化縣鹿港鎮****,,
186,謝衣鳯,109年立法委員選舉,首次申報,1080930,人事費用支出,周彩花,N22*******,0.00,2700.00,溪湖區月份工時人員薪資,金錢,彰化縣溪湖鎮****,,
187,謝衣鳯,109年立法委員選舉,首次申報,1080930,人事費用支出,魏秀香,N22*******,0.00,2250.00,溪湖區月份工時人員薪資,金錢,彰化縣溪湖鎮****,,
188,謝衣鳯,109年立法委員選舉,首次申報,1080930,人事費用支出,巫秀麗,N22*******,0.00,450.00,溪湖區月份工時人員薪資,金錢,彰化縣溪湖鎮****,,
189,謝衣鳯,109年立法委員選舉,首次申報,1080930,人事費用支出,許瀞文,N22*******,0.00,6300.00,溪湖區月份工時人員薪資,金錢,彰化縣埔心鄉****,,
190,謝衣鳯,109年立法委員選舉,首次申報,1080930,人事費用支出,許宥心,N22*******,0.00,3450.00,溪湖區月份工時人員薪資,金錢,彰化縣溪州鄉****,,
191,謝衣鳯,109年立法委員選舉,首次申報,1080930,人事費用支出,黃詩評,N22*******,0.00,1050.00,溪湖區月份工時人員薪資,金錢,彰化縣埔心鄉****,,
192,謝衣鳯,109年立法委員選舉,首次申報,1080930,人事費用支出,許凱蒂,N22*******,0.00,3150.00,溪湖區月份工時人員薪資,金錢,彰化縣埔心鄉****,,
193,謝衣鳯,109年立法委員選舉,首次申報,1080930,人事費用支出,黃逸香,N22*******,0.00,3000.00,溪湖區月份工時人員薪資,金錢,彰化縣大村鄉****,,
194,謝衣鳯,109年立法委員選舉,首次申報,1080930,人事費用支出,程莎莉,N22*******,0.00,900.00,溪湖區月份工時人員薪資,金錢,彰化縣溪湖鎮****,,
195,謝衣鳯,109年立法委員選舉,首次申報,1080930,人事費用支出,許瀞文,N22*******,0.00,4650.00,溪湖區月份工時人員薪資,金錢,彰化縣埔心鄉****,,
196,謝衣鳯,109年立法委員選舉,首次申報,1080930,人事費用支出,許宥心,N22*******,0.00,5100.00,溪湖區月份工時人員薪資,金錢,彰化縣溪州鄉****,,
197,謝衣鳯,109年立法委員選舉,首次申報,1080930,人事費用支出,黃詩評,N22*******,0.00,3150.00,溪湖區月份工時人員薪資,金錢,彰化縣埔心鄉****,,
198,謝衣鳯,109年立法委員選舉,首次申報,1080930,人事費用支出,楊凱筑,N22*******,0.00,5850.00,溪湖區月份工時人員薪資,金錢,彰化縣溪湖鎮****,,
199,謝衣鳯,109年立法委員選舉,首次申報,1080930,人事費用支出,鄭佩宜,N22*******,0.00,1150.00,北斗區月份工時人員薪資,金錢,彰化縣北斗鎮****,,
200,謝衣鳯,109年立法委員選舉,首次申報,1080930,人事費用支出,王翊君,N22*******,0.00,1150.00,北斗區月份工時人員薪資,金錢,彰化縣溪州鄉****,,
201,謝衣鳯,109年立法委員選舉,首次申報,1080930,人事費用支出,王碧如,N22*******,0.00,700.00,北斗區月份工時人員薪資,金錢,彰化縣員林市****,,
202,謝衣鳯,109年立法委員選舉,首次申報,1080930,人事費用支出,謝秀雯,N22*******,0.00,700.00,北斗區月份工時人員薪資,金錢,彰化縣埤頭鄉****,,
203,謝衣鳯,109年立法委員選舉,首次申報,1080930,人事費用支出,黃淑娟,N22*******,0.00,700.00,北斗區月份工時人員薪資,金錢,彰化縣溪州鄉****,,
204,謝衣鳯,109年立法委員選舉,首次申報,1080930,人事費用支出,杜慈惠,N22*******,0.00,700.00,北斗區月份工時人員薪資,金錢,彰化縣溪州鄉****,,
205,謝衣鳯,109年立法委員選舉,首次申報,1080930,人事費用支出,鄭佩宜,N22*******,0.00,1300.00,北斗區月份工時人員薪資,金錢,彰化縣北斗鎮****,,
206,謝衣鳯,109年立法委員選舉,首次申報,1080930,人事費用支出,王翊君,N22*******,0.00,1300.00,北斗區月份工時人員 薪資,金錢,彰化縣埤頭鄉****,,
207,謝衣鳯,109年立法委員選舉,首次申報,1080930,人事費用支出,王碧如,N22*******,0.00,850.00,北斗區月份工時人員薪資,金錢,彰化縣員林市****,,
208,謝衣鳯,109年立法委員選舉,首次申報,1080930,人事費用支出,謝秀雯,N22*******,0.00,850.00,北斗區月份工時人員薪資,金錢,彰化縣埤頭鄉****,,
209,謝衣鳯,109年立法委員選舉,首次申報,1080930,人事費用支出,黃淑娟,N22*******,0.00,925.00,北斗區月份工時人員薪資,金錢,彰化縣溪州鄉****,,
210,謝衣鳯,109年立法委員選舉,首次申報,1080930,人事費用支出,杜慈惠,N22*******,0.00,775.00,北斗區月份工時人員薪資,金錢,彰化縣溪州鄉****,,
211,謝衣鳯,109年立法委員選舉,首次申報,1080930,人事費用支出,廖秀芬,N29*******,0.00,700.00,北斗區月份工時人員薪資,金錢,彰化縣溪州鄉****,,
212,謝衣鳯,109年立法委員選舉,首次申報,1080930,人事費用支出,廖秀芬,N29*******,0.00,925.00,北斗區月份工時人員薪資,金錢,彰化縣溪州鄉****,,
213,謝衣鳯,109年立法委員選舉,首次申報,1080930,人事費用支出,林雅玲,P22*******,0.00,600.00,二林區月份工時人員薪資,金錢,臺中市北屯區****,,
214,謝衣鳯,109年立法委員選舉,首次申報,1080930,人事費用支出,蔡明惠,P22*******,0.00,9575.00,二林區月份工時人員薪資,金錢,彰化縣大城鄉****,,
215,謝衣鳯,109年立法委員選舉,首次申報,1080930,人事費用支出,林甜粉,P22*******,0.00,600.00,二林區月份工時人員薪資,金錢,彰化縣二林鎮****,,
216,謝衣鳯,109年立法委員選舉,首次申報,1080930,人事費用支出,郭早菁,Q22*******,0.00,9950.00,二林區月份工時人員薪資,金錢,彰化縣大城鄉****,,
217,謝衣鳯,109年立法委員選舉,首次申報,1080930,人事費用支出,邱美英,T22*******,0.00,9950.00,二林區月份工時人員薪資,金錢,彰化縣大城鄉****,,
218,謝衣鳯,109年立法委員選舉,首次申報,1080930,人事費用支出,林鈺琇,T22*******,0.00,300.00,二林區月份工時人員薪資,金錢,彰化縣二林鎮****,,
219,謝衣鳯,109年立法委員選舉,首次申報,1080930,人事費用支出,謝玉妹,T22*******,0.00,2100.00,二林區月份工時人員薪資,金錢,彰化縣芳苑鄉****,,
220,謝衣鳯,109年立法委員選舉,首次申報,1081002,雜支支出,彩星旗幟廣告有限公司,80606563,0.00,273000.00,志工背心-千件,金錢,彰化縣田尾鄉****,04-8*****,
221,謝衣鳯,109年立法委員選舉,首次申報,1081003,雜支支出,彩星旗幟廣告有限公司,80606563,0.00,84000.00,拜票紅綾-條,金錢,彰化縣田尾鄉****,04-8*****,
222,謝衣鳯,109年立法委員選舉,首次申報,1081004,宣傳支出,網迅雲端股份有限公司,54116197,0.00,67500.00,荷葉扇-支,金錢,桃園市中壢區****,03-4*****,
223,謝衣鳯,109年立法委員選舉,首次申報,1081004,宣傳支出,台灣優紙企業有限公司,80077677,0.00,598500.00,濕紙巾方型包-萬包,金錢,彰化縣鹿港鎮****,04-7*****,
224,謝衣鳯,109年立法委員選舉,首次申報,1081009,宣傳支出,國榮廣告材料行,06145290,0.00,41397.00,廣告帆布拆除工資,金錢,南投縣竹山鎮****,049-*****,
225,謝衣鳯,109年立法委員選舉,首次申報,1081014,雜支支出,雅雯學生製服專賣店,09319864,0.00,6000.00,紅菱電繡-三條,金錢,彰化縣永靖鄉****,04-8*****,
226,謝衣鳯,109年立法委員選舉,首次申報,1081016,宣傳支出,溪州鄉農會,60740508,0.00,24000.00,廣告看板租金,金錢,彰化縣溪州鄉****,04-8*****,
227,謝衣鳯,109年立法委員選舉,首次申報,1081017,宣傳支出,城市廣播股份有限公司,16872781,0.00,150030.00,廣告費,金錢,臺中市南區忠****,04-2*****,
228,謝衣鳯,109年立法委員選舉,首次申報,1081021,宣傳支出,銓訸工程行,38926038,0.00,99895.00,戶外廣告鷹架搭架費用,金錢,彰化縣溪湖鎮****,0963*****,
229,謝衣鳯,109年立法委員選舉,首次申報,1081022,宣傳支出,尚禾雅企業社,99939318,0.00,11340.00,打火機一批,金錢,彰化縣北斗鎮****,04-8*****,
230,謝衣鳯,109年立法委員選舉,首次申報,1081025,雜支支出,正新廣告社,20347466,0.00,4800.00,舞台車帆布,金錢,彰化縣北斗鎮****,04-8*****,
231,謝衣鳯,109年立法委員選舉,首次申報,1081025,宣傳支出,席垚企業股份有限公司,80566561,0.00,42000.00,文宣一批,金錢,彰化縣員林市****,0912*****,
232,謝衣鳯,109年立法委員選舉,首次申報,1081028,雜支支出,正新廣告社,20347466,0.00,13990.00,舞台帆布,金錢,彰化縣北斗鎮****,04-8*****,
233,謝衣鳯,109年立法委員選舉,首次申報,1081028,集會支出,松軒傳統藝術工作室,45516811,0.00,98000.00,成立大會-醒獅機鼓表演,金錢,彰化縣芳苑鄉****,04-8*****,
234,謝衣鳯,109年立法委員選舉,首次申報,1081030,宣傳支出,中國廣播股份有限公司,03708205,0.00,90030.00,廣告播出,金錢,臺北市中山區****,02-2*****,
235,謝衣鳯,109年立法委員選舉,首次申報,1081030,雜支支出,正新廣告社,20347466,0.00,2600.00,人型立牌輸出+鐵架,金錢,彰化縣北斗鎮****,04-8*****,
236,謝衣鳯,109年立法委員選舉,首次申報,1081104,宣傳支出,國榮廣告材料行,06145290,0.00,69920.00,帆布輸出,金錢,南投縣竹山鎮****,049-*****,
237,謝衣鳯,109年立法委員選舉,首次申報,1081107,雜支支出,昜城電子科技,78164921,0.00,7200.00,服務處喊話器更換電池及維修,金錢,彰化縣員林市****,04-8*****,
238,謝衣鳯,109年立法委員選舉,首次申報,1081108,雜支支出,味豐實業社,06020643,0.00,16000.00,餐盒-埤頭場,金錢,彰化縣埤頭鄉****,,
239,謝衣鳯,109年立法委員選舉,首次申報,1081108,雜支支出,津口味餐飲店,17685385,0.00,8000.00,餐盒-埔鹽場,金錢,彰化縣埔鹽鄉****,04-8*****,
240,謝衣鳯,109年立法委員選舉,首次申報,1081108,雜支支出,津口味餐飲店,17685385,0.00,8000.00,餐盒-埔鹽場,金錢,彰化縣埔鹽鄉****,04-8*****,
241,謝衣鳯,109年立法委員選舉,首次申報,1081108,雜支支出,美華商店,24165229,0.00,20000.00,肉粽-二林場,金錢,彰化縣二林鎮****,04-8*****,
242,謝衣鳯,109年立法委員選舉,首次申報,1081108,宣傳支出,金立揚實業社,38761388,0.00,4000.00,音響租賃-埔鹽場,金錢,彰化縣埔鹽鄉****,0919*****,
243,謝衣鳯,109年立法委員選舉,首次申報,1081108,雜支支出,阿順海產店,39656440,0.00,20000.00,滷湯-芳苑場,金錢,彰化縣芳苑鄉****,04-8*****,
244,謝衣鳯,109年立法委員選舉,首次申報,1081108,雜支支出,家興宴席包辦行,39763271,0.00,35000.00,大鍋菜-竹塘場,金錢,彰化縣竹塘鄉****,0937*****,
245,謝衣鳯,109年立法委員選舉,首次申報,1081108,雜支支出,永吉鐵架布帆出租,39768634,0.00,5900.00,R圓拱帳棚、塑膠椅、圓桌-埤頭場,金錢,彰化縣埤頭鄉****,04-8*****,
246,謝衣鳯,109年立法委員選舉,首次申報,1081108,雜支支出,合興珍食品股份有限公司,53078792,0.00,14400.00,餐盒-溪州場,金錢,彰化縣北斗鎮****,04-8*****,
247,謝衣鳯,109年立法委員選舉,首次申報,1081108,雜支支出,合興珍食品股份有限公司,53078792,0.00,25000.00,餐盒-大城場,金錢,彰化縣北斗鎮****,04-8*****,
248,謝衣鳯,109年立法委員選舉,首次申報,1081108,雜支支出,陳義發餅行,59796829,0.00,20000.00,餐盒-溪湖場,金錢,彰化縣溪湖鎮****,04-8*****,
249,謝衣鳯,109年立法委員選舉,首次申報,1081108,雜支支出,合香飲食店,60236374,0.00,20000.00,魯湯-埔心場,金錢,彰化縣埔心鄉****,04-8*****,
250,謝衣鳯,109年立法委員選舉,首次申報,1081108,雜支支出,原福岡日本料理,67753555,0.00,20000.00,餐盒-北斗場,金錢,彰化縣北斗鎮****,04-8*****,
251,謝衣鳯,109年立法委員選舉,首次申報,1081125,集會支出,原聲電子琴車服務社,06017149,0.00,36000.00,舞台車-大城、竹塘,金錢,彰化縣二林鎮****,04-8*****,
252,謝衣鳯,109年立法委員選舉,首次申報,1081125,集會支出,原聲電子琴車服務社,06017149,0.00,24000.00,舞台車-二林、芳苑 音樂政見會,金錢,彰化縣二林鎮****,04-8*****,
253,謝衣鳯,109年立法委員選舉,首次申報,1081125,集會支出,廣味香美食館,25362916,0.00,50000.00,餐盒-二林 音樂政見會,金錢,彰化縣二林鎮****,04-8*****,
254,謝衣鳯,109年立法委員選舉,首次申報,1081125,集會支出,廣味香美食館,25362916,0.00,30000.00,餐盒-芳苑 音樂政見會,金錢,彰化縣二林鎮****,04-8*****,
255,謝衣鳯,109年立法委員選舉,首次申報,1081125,集會支出,家興宴席包辦行,39763271,0.00,86900.00,餐盒-大城、竹塘 音樂政見會,金錢,彰化縣竹塘鄉****,0937*****,
256,謝衣鳯,109年立法委員選舉,首次申報,1081125,集會支出,偉勝行,45281271,0.00,10000.00,租用椅子千張-大城鄉,金錢,彰化縣二林鎮****,04-8*****,
257,謝衣鳯,109年立法委員選舉,首次申報,1081125,集會支出,竹塘阿來碗盤,59103875,0.00,13000.00,租用椅子張-竹塘鄉,金錢,彰化縣竹塘鄉****,04-8*****,
258,謝衣鳯,109年立法委員選舉,首次申報,1081125,集會支出,金峰鮮花禮儀社,80816189,0.00,17100.00,租用桌椅-二林、芳苑 音樂政見會,金錢,彰化縣二林鎮****,04-8*****,
259,謝衣鳯,109年立法委員選舉,首次申報,1081130,宣傳支出,金麗尚有限公司,24434673,0.00,500000.00,溼紙巾 - 包,金錢,臺中市西屯區****,04-2*****,
260,謝衣鳯,109年立法委員選舉,首次申報,1081130,雜支支出,聯邦商業銀行員林分行,27251367,0.00,30.00,匯費-金麗尚有限公司,金錢,彰化縣員林市****,04-8*****,
261,謝衣鳯,109年立法委員選舉,首次申報,1081205,雜支支出,長昇彩藝股份有限公司,70626766,0.00,133848.00,保麗卷-餅乾包裝袋萬個,金錢,嘉義市北湖里****,05-2*****,
262,謝衣鳯,109年立法委員選舉,首次申報,1081209,宣傳支出,國榮廣告材料行,06145290,0.00,18900.00,人型立牌 (號碼電腦割字),金錢,南投縣竹山鎮****,049-*****,
263,謝衣鳯,109年立法委員選舉,首次申報,1081210,宣傳支出,正新廣告社,20347466,0.00,15780.00,音樂政見會、後援會等  帆布輸出,金錢,彰化縣北斗鎮****,04-8*****,
264,謝衣鳯,109年立法委員選舉,首次申報,1081210,宣傳支出,正新廣告社,20347466,0.00,21180.00,廣告車帆布輸出台,金錢,彰化縣北斗鎮****,04-8*****,
265,謝衣鳯,109年立法委員選舉,首次申報,1081211,宣傳支出,國榮廣告材料行,06145290,0.00,160650.00,戶外大型廣告帆布 (填 寫號碼含吊車),金錢,南投縣竹山鎮****,049-*****,
266,謝衣鳯,109年立法委員選舉,首次申報,1081213,宣傳支出,國榮廣告材料行,06145290,0.00,72865.00,帆布破損-重新輸出  竹塘競選總部成立-帆布輸出,金錢,南投縣竹山鎮****,049-*****,
267,謝衣鳯,109年立法委員選舉,首次申報,1081217,宣傳支出,國榮廣告材料行,06145290,0.00,286584.00,廣告噴圖-帆布輸出,金錢,南投縣竹山鎮****,049-*****,
268,謝衣鳯,109年立法委員選舉,首次申報,1081219,宣傳支出,尚禾雅企業社,99939318,0.00,655200.00,排汗帽-頂,金錢,彰化縣北斗鎮****,04-8*****,
269,謝衣鳯,109年立法委員選舉,首次申報,1081219,宣傳支出,尚禾雅企業社,99939318,0.00,168000.00,加油棒手電筒支,金錢,彰化縣北斗鎮****,04-8*****,
270,謝衣鳯,109年立法委員選舉,首次申報,1081220,宣傳支出,彰美廣告工作室,09235324,0.00,297000.00,口罩萬包,金錢,彰化縣彰化市****,04-7*****,
271,謝衣鳯,109年立法委員選舉,首次申報,1081220,宣傳支出,貞伶清潔廣告企業社,93899009,0.00,94500.00,吊掛人型立板工資,金錢,彰化縣社頭鄉****,04-8*****,
272,謝衣鳯,109年立法委員選舉,首次申報,1081220,宣傳支出,貞伶清潔廣告企業社,93899009,0.00,66150.00,人型立板-補貼紙工資,金錢,彰化縣社頭鄉****,04-8*****,
273,謝衣鳯,109年立法委員選舉,首次申報,1081225,宣傳支出,高登派報社,82580890,0.00,45240.00,派報份,金錢,彰化縣彰化市****,04-7*****,
274,謝衣鳯,109年立法委員選舉,首次申報,1081225,宣傳支出,強利有限公司,84234333,0.00,135000.00,口罩萬包,金錢,彰化縣和美鎮****,04-7*****,
275,謝衣鳯,109年立法委員選舉,首次申報,1081227,宣傳支出,中華郵政股份有限公司,03741302,0.00,4068.00,寄/邀請卡、黨員一封信 郵資,金錢,彰化縣埔心鄉****,,
276,謝衣鳯,109年立法委員選舉,首次申報,1081227,人事費用支出,陳禾富,N12*******,0.00,14000.00,溪州區-北斗鎮綁旗幟工資,金錢,彰化縣北斗鎮****,0979*****,
277,謝衣鳯,109年立法委員選舉,首次申報,1081230,宣傳支出,中華郵政股份有限公司,03741302,0.00,4057.00,寄/邀請卡、黨員一封信 郵資,金錢,彰化縣埔心鄉****,,
278,謝衣鳯,109年立法委員選舉,首次申報,1081231,人事費用支出,張美桂,A22*******,0.00,1500.00,二林區月份工時人員薪資-芳苑鄉,金錢,彰化縣芳苑鄉****,,
279,謝衣鳯,109年立法委員選舉,首次申報,1081231,人事費用支出,卓欣儀,A23*******,0.00,6000.00,二林區月份工時人員薪資-芳苑鄉,金錢,彰化縣芳苑鄉****,,
280,謝衣鳯,109年立法委員選舉,首次申報,1081231,人事費用支出,呂紀云,B22*******,0.00,1050.00,二林區月份工時人員薪資-芳苑鄉,金錢,彰化縣芳苑鄉****,,
281,謝衣鳯,109年立法委員選舉,首次申報,1081231,人事費用支出,宮業美,B22*******,0.00,21300.00,二林區月份工時人員薪資-大城鄉,金錢,彰化縣大城鄉****,,
282,謝衣鳯,109年立法委員選舉,首次申報,1081231,人事費用支出,張雁惠,B22*******,0.00,1800.00,二林區月份工時人員薪資-芳苑鄉,金錢,彰化縣永靖鄉****,,
283,謝衣鳯,109年立法委員選舉,首次申報,1081231,人事費用支出,張哲誠,C12*******,0.00,2700.00,二林區月份工時人員薪資-芳苑鄉,金錢,彰化縣芳苑鄉****,,
284,謝衣鳯,109年立法委員選舉,首次申報,1081231,人事費用支出,卓詩敏,C22*******,0.00,750.00,二林區月份工時人員薪資-芳苑鄉,金錢,彰化縣芳苑鄉****,,
285,謝衣鳯,109年立法委員選舉,首次申報,1081231,人事費用支出,蘇佳蓉,F22*******,0.00,2475.00,二林區月份工時人員薪資-大城鄉,金錢,彰化縣二林鎮****,,
286,謝衣鳯,109年立法委員選舉,首次申報,1081231,人事費用支出,周玉鈴,F22*******,0.00,3750.00,二林區月份工時人員薪資-竹塘鄉,金錢,彰化縣竹塘鄉****,,
287,謝衣鳯,109年立法委員選舉,首次申報,1081231,人事費用支出,林辰芳,F23*******,0.00,600.00,二林區月份工時人員薪資-二林鎮,金錢,彰化縣二林鎮****,,
288,謝衣鳯,109年立法委員選舉,首次申報,1081231,人事費用支出,謝春梅,K22*******,0.00,750.00,二林區月份工時人員薪資-芳苑鄉,金錢,彰化縣芳苑鄉****,,
289,謝衣鳯,109年立法委員選舉,首次申報,1081231,人事費用支出,薛美雲,L20*******,0.00,3900.00,二林區月份工時人員薪資-竹塘鄉,金錢,彰化縣竹塘鄉****,,
290,謝衣鳯,109年立法委員選舉,首次申報,1081231,人事費用支出,林怡馨,L22*******,0.00,750.00,二林區月份工時人員薪資-芳苑鄉,金錢,彰化縣芳苑鄉****,,
291,謝衣鳯,109年立法委員選舉,首次申報,1081231,人事費用支出,孫台香,L22*******,0.00,3900.00,二林區月份工時人員薪資-芳苑鄉,金錢,彰化縣芳苑鄉****,,
292,謝衣鳯,109年立法委員選舉,首次申報,1081231,人事費用支出,黃稜喬,L22*******,0.00,525.00,二林區月份工時人員薪資-二林鎮,金錢,彰化縣芳苑鄉****,,
293,謝衣鳯,109年立法委員選舉,首次申報,1081231,人事費用支出,張瑋庭,L26*******,0.00,38175.00,溪湖區月份工時人員薪資,金錢,彰化縣溪湖鎮****,,
294,謝衣鳯,109年立法委員選舉,首次申報,1081231,人事費用支出,林勝宏,N10*******,0.00,1650.00,二林區月份工時人員薪資-芳苑鄉,金錢,彰化縣芳苑鄉****,,
295,謝衣鳯,109年立法委員選舉,首次申報,1081231,人事費用支出,劉政緯,N12*******,0.00,750.00,二林區月份工時人員薪資-芳苑鄉,金錢,彰化縣永靖鄉****,,
296,謝衣鳯,109年立法委員選舉,首次申報,1081231,人事費用支出,黃宗洧,N12*******,0.00,1800.00,二林區月份工時人員薪資-芳苑鄉,金錢,彰化縣芳苑鄉****,,
297,謝衣鳯,109年立法委員選舉,首次申報,1081231,人事費用支出,歐文州,N12*******,0.00,12000.00,二林區月份工時人員薪資-竹塘鄉,金錢,彰化縣竹塘鄉****,,
298,謝衣鳯,109年立法委員選舉,首次申報,1081231,人事費用支出,洪誠豐,N12*******,0.00,5250.00,二林區月份工時人員薪資-二林鎮,金錢,彰化縣芳苑鄉****,,
299,謝衣鳯,109年立法委員選舉,首次申報,1081231,人事費用支出,陳碧福,N12*******,0.00,600.00,二林區月份工時人員薪資-二林鎮,金錢,彰化縣芳苑鄉****,,
300,謝衣鳯,109年立法委員選舉,首次申報,1081231,人事費用支出,楊榮富,N12*******,0.00,4050.00,二林區月份工時人員薪資-芳苑鄉,金錢,彰化縣芳苑鄉****,,
301,謝衣鳯,109年立法委員選舉,首次申報,1081231,人事費用支出,洪山河,N12*******,0.00,6000.00,二林區月份工時人員薪資-芳苑鄉,金錢,彰化縣芳苑鄉****,,
302,謝衣鳯,109年立法委員選舉,首次申報,1081231,人事費用支出,林桂東,N20*******,0.00,3150.00,二林區月份工時人員薪資-芳苑鄉,金錢,彰化縣芳苑鄉****,,
303,謝衣鳯,109年立法委員選舉,首次申報,1081231,人事費用支出,林儷縑,N20*******,0.00,1950.00,二林區月份工時人員薪資-二林鎮,金錢,彰化縣二林鎮****,,
304,謝衣鳯,109年立法委員選舉,首次申報,1081231,人事費用支出,洪秀蓮,N20*******,0.00,12075.00,二林區月份工時人員薪資-二林鎮,金錢,彰化縣二林鎮****,,
305,謝衣鳯,109年立法委員選舉,首次申報,1081231,人事費用支出,陳李素綿,N20*******,0.00,13800.00,溪湖區月份工時人員薪資,金錢,彰化縣溪湖鎮****,,
306,謝衣鳯,109年立法委員選舉,首次申報,1081231,人事費用支出,林京,N20*******,0.00,4575.00,二林區月份工時人員薪資-大城鄉,金錢,彰化縣大城鄉****,,
307,謝衣鳯,109年立法委員選舉,首次申報,1081231,人事費用支出,張麗香,N20*******,0.00,7725.00,二林區月份工時人員薪資-大城鄉,金錢,彰化縣大城鄉****,,
308,謝衣鳯,109年立法委員選舉,首次申報,1081231,人事費用支出,謝采真,N20*******,0.00,4050.00,溪湖區月份工時人員薪資,金錢,彰化縣溪湖鎮****,,
309,謝衣鳯,109年立法委員選舉,首次申報,1081231,人事費用支出,林雅惠,N22*******,0.00,17775.00,北斗區月份工時人員薪資,金錢,彰化縣溪州鄉****,,
310,謝衣鳯,109年立法委員選舉,首次申報,1081231,人事費用支出,林素娥,N22*******,0.00,19800.00,北斗區月份工時人員薪資,金錢,彰化縣溪州鄉****,,
311,謝衣鳯,109年立法委員選舉,首次申報,1081231,人事費用支出,林淑娟,N22*******,0.00,8625.00,北斗區月份工時人員薪資,金錢,彰化縣埤頭鄉****,,
312,謝衣鳯,109年立法委員選舉,首次申報,1081231,人事費用支出,邱淑惠,N22*******,0.00,7350.00,北斗區月份工時人員薪資,金錢,彰化縣溪州鄉****,,
313,謝衣鳯,109年立法委員選舉,首次申報,1081231,人事費用支出,鄭佩宜,N22*******,0.00,600.00,北斗區月份工時人員薪資,金錢,彰化縣北斗鎮****,,
314,謝衣鳯,109年立法委員選舉,首次申報,1081231,人事費用支出,陳佳宜,N22*******,0.00,1050.00,北斗區月份工時人員薪資,金錢,彰化縣北斗鎮****,,
315,謝衣鳯,109年立法委員選舉,首次申報,1081231,人事費用支出,張惠雯,N22*******,0.00,18525.00,北斗區月份工時人員薪資,金錢,彰化縣溪州鄉****,,
316,謝衣鳯,109年立法委員選舉,首次申報,1081231,人事費用支出,詹凱玲,N22*******,0.00,4725.00,溪湖區月份工時人員薪資,金錢,彰化縣二林鎮****,,
317,謝衣鳯,109年立法委員選舉,首次申報,1081231,人事費用支出,蔡立姝,N22*******,0.00,2700.00,溪湖區月份工時人員薪資,金錢,彰化縣溪湖鎮****,,
318,謝衣鳯,109年立法委員選舉,首次申報,1081231,人事費用支出,廖麗鳳,N22*******,0.00,2400.00,二林區月份工時人員薪資-大城鄉,金錢,彰化縣大城鄉****,,
319,謝衣鳯,109年立法委員選舉,首次申報,1081231,人事費用支出,李若菁,N22*******,0.00,750.00,二林區月份工時人員薪資-芳苑鄉,金錢,彰化縣芳苑鄉****,,
320,謝衣鳯,109年立法委員選舉,首次申報,1081231,人事費用支出,蔡彩玉,N22*******,0.00,7800.00,二林區月份工時人員薪資-大城鄉,金錢,彰化縣二林鎮****,,
321,謝衣鳯,109年立法委員選舉,首次申報,1081231,人事費用支出,廖麗芬,N22*******,0.00,1050.00,二林區月份工時人員薪資-大城鄉,金錢,彰化縣大城鄉****,,
322,謝衣鳯,109年立法委員選舉,首次申報,1081231,人事費用支出,許阿密,N22*******,0.00,6450.00,二林區月份工時人員薪資-竹塘鄉,金錢,彰化縣竹塘鄉****,,
323,謝衣鳯,109年立法委員選舉,首次申報,1081231,人事費用支出,周彩花,N22*******,0.00,1500.00,溪湖區月份工時人員薪資,金錢,彰化縣溪湖鎮****,,
324,謝衣鳯,109年立法委員選舉,首次申報,1081231,人事費用支出,楊麗鈴,N22*******,0.00,12000.00,溪湖區月份工時人員薪資,金錢,彰化縣溪湖鎮****,,
325,謝衣鳯,109年立法委員選舉,首次申報,1081231,人事費用支出,劉美君,N22*******,0.00,20025.00,溪湖區月份工時人員薪資,金錢,彰化縣埤頭鄉****,,
326,謝衣鳯,109年立法委員選舉,首次申報,1081231,人事費用支出,徐宇玟,N22*******,0.00,5325.00,溪湖區月份工時人員薪資,金錢,彰化縣溪湖鎮****,,
327,謝衣鳯,109年立法委員選舉,首次申報,1081231,人事費用支出,謝佳均,N22*******,0.00,4425.00,溪湖區月份工時人員薪資,金錢,彰化縣溪湖鎮****,,
328,謝衣鳯,109年立法委員選舉,首次申報,1081231,人事費用支出,謝純瑜,N22*******,0.00,825.00,溪湖區月份工時人員薪資,金錢,彰化縣溪湖鎮****,,
329,謝衣鳯,109年立法委員選舉,首次申報,1081231,人事費用支出,張暥昕,N22*******,0.00,2175.00,溪湖區月份工時人員薪資,金錢,彰化縣溪湖鎮****,,
330,謝衣鳯,109年立法委員選舉,首次申報,1081231,人事費用支出,尤贊惟,N22*******,0.00,300.00,二林區月份工時人員薪資-芳苑鄉,金錢,彰化縣芳苑鄉****,,
331,謝衣鳯,109年立法委員選舉,首次申報,1081231,人事費用支出,陳宜君,N22*******,0.00,7950.00,二林區月份工時人員薪資-大城鄉,金錢,彰化縣大城鄉****,,
332,謝衣鳯,109年立法委員選舉,首次申報,1081231,人事費用支出,林鳳珠,N22*******,0.00,1050.00,二林區月份工時人員薪資-芳苑鄉,金錢,彰化縣芳苑鄉****,,
333,謝衣鳯,109年立法委員選舉,首次申報,1081231,人事費用支出,賴惠美,N22*******,0.00,4875.00,溪湖區月份工時人員薪資,金錢,彰化縣埔心鄉****,,
334,謝衣鳯,109年立法委員選舉,首次申報,1081231,人事費用支出,洪素琴,N22*******,0.00,3600.00,溪湖區月份工時人員薪資,金錢,彰化縣埔心鄉****,,
335,謝衣鳯,109年立法委員選舉,首次申報,1081231,人事費用支出,盧金花,N22*******,0.00,1875.00,二林區月份工時人員薪資-二林鎮,金錢,彰化縣二林鎮****,,
336,謝衣鳯,109年立法委員選舉,首次申報,1081231,人事費用支出,洪賢春,N22*******,0.00,3375.00,二林區月份工時人員薪資-二林鎮,金錢,彰化縣二林鎮****,,
337,謝衣鳯,109年立法委員選舉,首次申報,1081231,人事費用支出,王瓊華,N22*******,0.00,15675.00,二林區月份工時人員薪資-二林鎮,金錢,彰化縣二林鎮****,,
338,謝衣鳯,109年立法委員選舉,首次申報,1081231,人事費用支出,陳冠妤,N22*******,0.00,750.00,二林區月份工時人員薪資-二林鎮,金錢,彰化縣二林鎮****,,
339,謝衣鳯,109年立法委員選舉,首次申報,1081231,人事費用支出,陳憶萱,N22*******,0.00,750.00,二林區月份工時人員薪資-二林鎮,金錢,彰化縣二林鎮****,,
340,謝衣鳯,109年立法委員選舉,首次申報,1081231,人事費用支出,陳寶春,N22*******,0.00,27750.00,二林區月份工時人員薪資-二林鎮,金錢,彰化縣二林鎮****,,
341,謝衣鳯,109年立法委員選舉,首次申報,1081231,人事費用支出,林雅莉,N22*******,0.00,3000.00,二林區月份工時人員薪資-二林鎮,金錢,彰化縣二林鎮****,,
342,謝衣鳯,109年立法委員選舉,首次申報,1081231,人事費用支出,洪香婷,N22*******,0.00,3375.00,二林區月份工時人員薪資-二林鎮,金錢,彰化縣二林鎮****,,
343,謝衣鳯,109年立法委員選舉,首次申報,1081231,人事費用支出,鐘宜蓁,N22*******,0.00,825.00,二林區月份工時人員薪資-二林鎮,金錢,彰化縣二林鎮****,,
344,謝衣鳯,109年立法委員選舉,首次申報,1081231,人事費用支出,林月玲,N22*******,0.00,1050.00,二林區月份工時人員薪資-二林鎮,金錢,彰化縣二林鎮****,,
345,謝衣鳯,109年立法委員選舉,首次申報,1081231,人事費用支出,林玉娟,N22*******,0.00,1125.00,二林區月份工時人員薪資-二林鎮,金錢,彰化縣二林鎮****,,
346,謝衣鳯,109年立法委員選舉,首次申報,1081231,人事費用支出,林秋霜,N22*******,0.00,150.00,二林區月份工時人員薪資-二林鎮,金錢,彰化縣二林鎮****,,
347,謝衣鳯,109年立法委員選舉,首次申報,1081231,人事費用支出,王紫蔓,N22*******,0.00,300.00,二林區月份工時人員薪資-二林鎮,金錢,彰化縣二林鎮****,,
348,謝衣鳯,109年立法委員選舉,首次申報,1081231,人事費用支出,黃金生,N22*******,0.00,4200.00,二林區月份工時人員薪資-芳苑鄉,金錢,彰化縣芳苑鄉****,,
349,謝衣鳯,109年立法委員選舉,首次申報,1081231,人事費用支出,柯貴戀,N29*******,0.00,525.00,北斗區月份工時人員薪資,金錢,彰化縣溪州鄉****,,
350,謝衣鳯,109年立法委員選舉,首次申報,1081231,人事費用支出,顏麗芳,N29*******,0.00,525.00,北斗區月份工時人員薪資,金錢,彰化縣溪州鄉****,,
351,謝衣鳯,109年立法委員選舉,首次申報,1081231,人事費用支出,黃曉雯,NB2*******,0.00,525.00,北斗區月份工時人員薪資,金錢,彰化縣溪州鄉****,,
352,謝衣鳯,109年立法委員選舉,首次申報,1081231,人事費用支出,蔡明惠,P22*******,0.00,10425.00,二林區月份工時人員薪資-大城鄉,金錢,彰化縣大城鄉****,,
353,謝衣鳯,109年立法委員選舉,首次申報,1081231,人事費用支出,饒千鎂,P22*******,0.00,2850.00,二林區月份工時人員薪資-二林鎮,金錢,彰化縣二林鎮****,,
354,謝衣鳯,109年立法委員選舉,首次申報,1081231,人事費用支出,張萍,P22*******,0.00,525.00,二林區月份工時人員薪資-二林鎮,金錢,彰化縣芳苑鄉****,,
355,謝衣鳯,109年立法委員選舉,首次申報,1081231,人事費用支出,陳嘉華,Q22*******,0.00,2250.00,二林區月份工時人員薪資-芳苑鄉,金錢,彰化縣芳苑鄉****,,
356,謝衣鳯,109年立法委員選舉,首次申報,1081231,人事費用支出,郭早菁,Q22*******,0.00,4125.00,二林區月份工時人員薪資-大城鄉,金錢,彰化縣大城鄉****,,
357,謝衣鳯,109年立法委員選舉,首次申報,1081231,人事費用支出,陸海蘭,Q22*******,0.00,1500.00,溪湖區月份工時人員薪資,金錢,彰化縣埔心鄉****,,
358,謝衣鳯,109年立法委員選舉,首次申報,1081231,人事費用支出,朱美魚,T20*******,0.00,600.00,二林區月份工時人員薪資-二林鎮,金錢,彰化縣芳苑鄉****,,
359,謝衣鳯,109年立法委員選舉,首次申報,1081231,人事費用支出,邱美英,T22*******,0.00,9000.00,二林區月份工時人員薪資-大城鄉,金錢,彰化縣大城鄉****,,
360,謝衣鳯,109年立法委員選舉,首次申報,1081231,人事費用支出,林靜枝,T22*******,0.00,1800.00,二林區月份工時人員薪資-芳苑鄉,金錢,彰化縣芳苑鄉****,,
361,謝衣鳯,109年立法委員選舉,首次申報,1081231,人事費用支出,謝玉妹,T22*******,0.00,1650.00,二林區月份工時人員薪資-芳苑鄉,金錢,彰化縣芳苑鄉****,,
362,謝衣鳯,109年立法委員選舉,首次申報,1081231,人事費用支出,林憶仁,V12*******,0.00,750.00,二林區月份工時人員薪資-芳苑鄉,金錢,彰化縣芳苑鄉****,,
363,謝衣鳯,109年立法委員選舉,首次申報,1081231,人事費用支出,林思雨,V22*******,0.00,2250.00,二林區月份工時人員薪資-芳苑鄉,金錢,彰化縣芳苑鄉****,,
364,謝衣鳯,109年立法委員選舉,首次申報,1081231,人事費用支出,林春菊,V22*******,0.00,1650.00,二林區月份工時人員薪資-芳苑鄉,金錢,彰化縣芳苑鄉****,,
365,謝衣鳯,109年立法委員選舉,首次申報,1090101,宣傳支出,城市廣播股份有限公司,16872781,0.00,32000.00,廣告費,金錢,臺中市南區忠****,04-2*****,
366,謝衣鳯,109年立法委員選舉,首次申報,1090102,宣傳支出,中華郵政股份有限公司,03741302,0.00,2311.00,芳苑鄉-寄黨員一封信及邀請卡 郵資,金錢,彰化縣芳苑鄉****,04-8*****,
367,謝衣鳯,109年立法委員選舉,首次申報,1090102,宣傳支出,彩星旗幟廣告有限公司,80606563,0.00,420000.00,旗幟(韓版).號次版,金錢,彰化縣田尾鄉****,04-8*****,
368,謝衣鳯,109年立法委員選舉,首次申報,1090102,集會支出,台灣糖業股份有限公司中彰區處,99880386,0.00,22057.00,/ 造勢活動場地租金,金錢,彰化縣溪湖鎮****,04-8*****,
369,謝衣鳯,109年立法委員選舉,首次申報,1090103,宣傳支出,彩星旗幟廣告有限公司,80606563,0.00,210000.00,小手旗萬支,金錢,彰化縣田尾鄉****,04-8*****,
370,謝衣鳯,109年立法委員選舉,首次申報,1090104,人事費用支出,傅志升,N12*******,0.00,15750.00,溪州區-埤頭鄉綁旗幟工資,金錢,彰化縣埤頭鄉****,0982*****,
371,謝衣鳯,109年立法委員選舉,首次申報,1090106,人事費用支出,陳禾富,N12*******,0.00,13500.00,溪州區-北斗鎮綁布條工資,金錢,彰化縣北斗鎮****,0979*****,
372,謝衣鳯,109年立法委員選舉,首次申報,1090106,人事費用支出,劉恩榐,N12*******,0.00,2400.00,北斗鎮-綁布條工資,金錢,彰化縣溪州鄉****,0989*****,
373,謝衣鳯,109年立法委員選舉,首次申報,1090107,宣傳支出,明奇食品有限公司,86175892,0.00,568684.00,牛奶夾心酥餅乾包,金錢,彰化縣田尾鄉****,04-8*****,
374,謝衣鳯,109年立法委員選舉,首次申報,1090107,租用宣傳車輛支出,施銘堯,N10*******,0.00,21000.00,廣告宣傳車..~.,金錢,彰化縣埔鹽鄉****,,
375,謝衣鳯,109年立法委員選舉,首次申報,1090107,租用宣傳車輛支出,施銘堯,N10*******,0.00,21000.00,廣告宣傳車..~.,金錢,彰化縣埔鹽鄉****,,
376,謝衣鳯,109年立法委員選舉,首次申報,1090107,租用宣傳車輛支出,黃敏忠,N12*******,0.00,16000.00,廣告宣傳車..~.,金錢,彰化縣溪州鄉****,,
377,謝衣鳯,109年立法委員選舉,首次申報,1090107,租用宣傳車輛支出,陳品勝,N12*******,0.00,21000.00,廣告宣傳車..~.,金錢,彰化縣二林鎮****,,
378,謝衣鳯,109年立法委員選舉,首次申報,1090107,租用宣傳車輛支出,陳秋豐,N12*******,0.00,21000.00,廣告宣傳車..~.,金錢,彰化縣芳苑鄉****,,
379,謝衣鳯,109年立法委員選舉,首次申報,1090107,租用宣傳車輛支出,林菜籃,N12*******,0.00,21000.00,廣告宣傳車..~.,金錢,彰化縣大城鄉****,,
380,謝衣鳯,109年立法委員選舉,首次申報,1090107,租用宣傳車輛支出,詹進松,N12*******,0.00,21000.00,廣告宣傳車..~.,金錢,彰化縣竹塘鄉****,,
381,謝衣鳯,109年立法委員選舉,首次申報,1090107,租用宣傳車輛支出,黃敏忠,N12*******,0.00,16000.00,廣告宣傳車..~.,金錢,彰化縣溪州鄉****,,
382,謝衣鳯,109年立法委員選舉,首次申報,1090107,租用宣傳車輛支出,黃見來,N12*******,0.00,21000.00,廣告宣傳車..~.,金錢,彰化縣溪州鄉****,,
383,謝衣鳯,109年立法委員選舉,首次申報,1090107,租用宣傳車輛支出,孫義華,N12*******,0.00,21000.00,廣告宣傳車..~.,金錢,彰化縣埤頭鄉****,,
384,謝衣鳯,109年立法委員選舉,首次申報,1090107,租用宣傳車輛支出,李順良,N12*******,0.00,21000.00,廣告宣傳車..~.,金錢,彰化縣溪湖鎮****,,
385,謝衣鳯,109年立法委員選舉,首次申報,1090107,租用宣傳車輛支出,游金章,N12*******,0.00,21000.00,廣告宣傳車..~.,金錢,彰化縣埔心鄉****,,
386,謝衣鳯,109年立法委員選舉,首次申報,1090107,租用宣傳車輛支出,黃見來,N12*******,0.00,21000.00,廣告宣傳車..~.,金錢,彰化縣溪州鄉****,,
387,謝衣鳯,109年立法委員選舉,首次申報,1090107,租用宣傳車輛支出,孫義華,N12*******,0.00,21000.00,廣告宣傳車..~.,金錢,彰化縣埤頭鄉****,,
388,謝衣鳯,109年立法委員選舉,首次申報,1090107,租用宣傳車輛支出,陳品勝,N12*******,0.00,21000.00,廣告宣傳車..~.,金錢,彰化縣二林鎮****,,
389,謝衣鳯,109年立法委員選舉,首次申報,1090107,租用宣傳車輛支出,陳秋豐,N12*******,0.00,21000.00,廣告宣傳車..~.,金錢,彰化縣芳苑鄉****,,
390,謝衣鳯,109年立法委員選舉,首次申報,1090107,租用宣傳車輛支出,林菜籃,N12*******,0.00,21000.00,廣告宣傳車..~.,金錢,彰化縣大城鄉****,,
391,謝衣鳯,109年立法委員選舉,首次申報,1090107,租用宣傳車輛支出,詹進松,N12*******,0.00,21000.00,廣告宣傳車..~.,金錢,彰化縣竹塘鄉****,,
392,謝衣鳯,109年立法委員選舉,首次申報,1090107,租用宣傳車輛支出,李順良,N12*******,0.00,21000.00,廣告宣傳車..~.,金錢,彰化縣溪湖鎮****,,
393,謝衣鳯,109年立法委員選舉,首次申報,1090107,租用宣傳車輛支出,游金章,N12*******,0.00,21000.00,廣告宣傳車..~.,金錢,彰化縣埔心鄉****,,
394,謝衣鳯,109年立法委員選舉,首次申報,1090107,租用宣傳車輛支出,張淑惠,P22*******,0.00,21000.00,廣告宣傳車..~.,金錢,彰化縣溪州鄉****,,
395,謝衣鳯,109年立法委員選舉,首次申報,1090107,租用宣傳車輛支出,張淑惠,P22*******,0.00,21000.00,廣告宣傳車..~.,金錢,彰化縣溪州鄉****,,
396,謝衣鳯,109年立法委員選舉,首次申報,1090108,人事費用支出,李來環,N10*******,0.00,31790.00,溪州區-溪州鄉綁旗幟、布條,金錢,彰化縣溪州鄉****,0931*****,
397,謝衣鳯,109年立法委員選舉,首次申報,1090109,人事費用支出,宮業美,B22*******,0.00,9900.00,二林區-大城鄉綁布條工資,金錢,彰化縣大城鄉****,,
398,謝衣鳯,109年立法委員選舉,首次申報,1090109,人事費用支出,陳再發,N10*******,0.00,14970.00,溪湖區-綁布條工資,金錢,彰化縣埔鹽鄉****,,
399,謝衣鳯,109年立法委員選舉,首次申報,1090109,人事費用支出,張明台,N12*******,0.00,13650.00,溪湖區-綁布條工資,金錢,彰化縣埔心鄉****,,
400,謝衣鳯,109年立法委員選舉,首次申報,1090109,人事費用支出,洪誠豐,N12*******,0.00,1500.00,二林區-綁布條工資,金錢,彰化縣芳苑鄉****,,
401,謝衣鳯,109年立法委員選舉,首次申報,1090109,人事費用支出,吳家慶,N12*******,0.00,24960.00,二林區-芳苑鄉綁布條工資,金錢,彰化縣芳苑鄉****,,
402,謝衣鳯,109年立法委員選舉,首次申報,1090109,人事費用支出,劉祥益,N12*******,0.00,17100.00,溪湖區-綁布條工資,金錢,彰化縣溪湖鎮****,,
403,謝衣鳯,109年立法委員選舉,首次申報,1090109,人事費用支出,洪誠豐,N12*******,0.00,25920.00,二林區-綁布條工資,金錢,彰化縣芳苑鄉****,,
404,謝衣鳯,109年立法委員選舉,首次申報,1090109,人事費用支出,許阿密,N22*******,0.00,9240.00,二林區-竹塘綁條工資,金錢,彰化縣竹塘鄉****,,
405,謝衣鳯,109年立法委員選舉,首次申報,1090111,集會支出,原體燈光音響行,67740980,0.00,17500.00,開票日租用LED燈光,金錢,彰化縣員林市****,04-8*****,
406,謝衣鳯,109年立法委員選舉,首次申報,1090111,集會支出,原體燈光音響行,67740980,0.00,17500.00,開票日租用LED燈光 音響,金錢,彰化縣員林市****,04-8*****,
407,謝衣鳯,109年立法委員選舉,首次申報,1090111,集會支出,龍光音響工作室,80824809,0.00,30000.00,開票日租用LED電視牆,金錢,彰化縣彰化市****,04-7*****,
408,謝衣鳯,109年立法委員選舉,首次申報,1090311,返還支出,鉅城營造有限公司,70611807,0.00,100000.00,返還,金錢,彰化縣永靖鄉****,,
