﻿序號,擬參選人／政黨,選舉名稱,申報序號／年度,交易日期,收支科目,捐贈者／支出對象,身分證／統一編號,收入金額,支出金額,支出用途,金錢類,地址,聯絡電話,資料更正日期
1,汪志冰,107年直轄市議員選舉,首次申報,1070516,個人捐贈收入,陳星光,Y12*******,2800.00,0.00,,金錢,臺北市士林區****,2831*****,
2,汪志冰,107年直轄市議員選舉,首次申報,1070520,營利事業捐贈收入,大正室內裝修工程有限公司,27349806,100000.00,0.00,,金錢,臺北市大安區****,0227*****,
3,汪志冰,107年直轄市議員選舉,首次申報,1070613,營利事業捐贈收入,誠品貿易有限公司,27337766,50000.00,0.00,,金錢,臺北市士林區****,,
4,汪志冰,107年直轄市議員選舉,首次申報,1070614,個人捐贈收入,李建源,E12*******,30000.00,0.00,,金錢,臺北市北投區****,02-2*****,
5,汪志冰,107年直轄市議員選舉,首次申報,1070614,個人捐贈收入,張堅鎮,P10*******,50000.00,0.00,,金錢,臺北市內湖區****,02-2*****,
6,汪志冰,107年直轄市議員選舉,首次申報,1070723,個人捐贈收入,翁國富,A12*******,100000.00,0.00,,金錢,臺北市北投區****,0922*****,
7,汪志冰,107年直轄市議員選舉,首次申報,1070723,個人捐贈收入,何林淑治,P20*******,100000.00,0.00,,金錢,臺北市北投區****,0918*****,
8,汪志冰,107年直轄市議員選舉,首次申報,1070723,個人捐贈收入,何佩娟,Y22*******,100000.00,0.00,,金錢,臺北市北投區****,0918*****,
9,汪志冰,107年直轄市議員選舉,首次申報,1070808,營利事業捐贈收入,璞昌營造股份有限公司,55911559,100000.00,0.00,,金錢,松山區民生東****,2577*****,
10,汪志冰,107年直轄市議員選舉,首次申報,1070817,個人捐贈收入,金玥玥,A22*******,100000.00,0.00,,金錢,士林區中山北****,0927*****,
11,汪志冰,107年直轄市議員選舉,首次申報,1070817,個人捐贈收入,姜玫如,F20*******,100000.00,0.00,,金錢,士林區中山北****,2503*****,
12,汪志冰,107年直轄市議員選舉,首次申報,1070821,個人捐贈收入,陳信誠,N10*******,50000.00,0.00,,金錢,臺北市大同區****,02-2*****,
13,汪志冰,107年直轄市議員選舉,首次申報,1070827,營利事業捐贈收入,富業實業股份有限公司,16865970,200000.00,0.00,,金錢,臺北市松山區****,02-2*****,
14,汪志冰,107年直轄市議員選舉,首次申報,1070828,個人捐贈收入,高崇雲,R10*******,3000.00,0.00,,金錢,臺北市松山區****,0912*****,
15,汪志冰,107年直轄市議員選舉,首次申報,1070830,個人捐贈收入,仇福初,Y10*******,6000.00,0.00,,金錢,臺北市松山區****,0918*****,
16,汪志冰,107年直轄市議員選舉,首次申報,1070901,個人捐贈收入,王光天,Y10*******,2000.00,0.00,,金錢,新北市淡水區****,0933*****,
17,汪志冰,107年直轄市議員選舉,首次申報,1070903,個人捐贈收入,廖國智,P12*******,100000.00,0.00,,金錢,臺北市大安區****,0938*****,
18,汪志冰,107年直轄市議員選舉,首次申報,1070905,個人捐贈收入,閻小蓉,J20*******,20000.00,0.00,,金錢,臺北市中山區****,02-2*****,
19,汪志冰,107年直轄市議員選舉,首次申報,1070910,個人捐贈收入,白錦松,A10*******,100000.00,0.00,,金錢,臺北市大安區****,02-2*****,
20,汪志冰,107年直轄市議員選舉,首次申報,1070912,營利事業捐贈收入,守一國際有限公司,27592386,20000.00,0.00,,金錢,桃園市平鎮區****,0937*****,
21,汪志冰,107年直轄市議員選舉,首次申報,1070912,個人捐贈收入,李翰紳,Y10*******,5000.00,0.00,,金錢,臺北市士林區****,0921*****,
22,汪志冰,107年直轄市議員選舉,首次申報,1070913,個人捐贈收入,劉又誠,Y12*******,100000.00,0.00,,金錢,臺北市士林區****,2395*****,
23,汪志冰,107年直轄市議員選舉,首次申報,1070913,個人捐贈收入,劉雪懿,Y22*******,100000.00,0.00,,金錢,臺北市士林區****,2395*****,
24,汪志冰,107年直轄市議員選舉,首次申報,1070918,營利事業捐贈收入,宏普建設股份有限公司,23113054,60000.00,0.00,,金錢,臺北市大安區****,02-2*****,
25,汪志冰,107年直轄市議員選舉,首次申報,1070918,個人捐贈收入,顧長永,D10*******,20000.00,0.00,,金錢,高雄市左營區****,0920*****,
26,汪志冰,107年直轄市議員選舉,首次申報,1070920,個人捐贈收入,錢彩雲,F20*******,20000.00,0.00,,金錢,臺北市大安區****,02-2*****,
27,汪志冰,107年直轄市議員選舉,首次申報,1070921,營利事業捐贈收入,海嘉廣告股份有限公司,27314790,100000.00,0.00,,金錢,臺北市松山區****,6600*****,
28,汪志冰,107年直轄市議員選舉,首次申報,1070925,個人捐贈收入,黃能來,E22*******,30000.00,0.00,,金錢,臺北市士林區****,2871*****,
29,汪志冰,107年直轄市議員選舉,首次申報,1070930,個人捐贈收入,汪義彬,F10*******,10000.00,0.00,,金錢,桃園市中壢區****,0928*****,
30,汪志冰,107年直轄市議員選舉,首次申報,1071002,個人捐贈收入,田正平,A12*******,20000.00,0.00,,金錢,臺北市松山區****,0919*****,
31,汪志冰,107年直轄市議員選舉,首次申報,1071002,個人捐贈收入,簡俊卿,G10*******,100000.00,0.00,,金錢,臺北市松山區****,2761*****,
32,汪志冰,107年直轄市議員選舉,首次申報,1071002,個人捐贈收入,羅純慧,V22*******,20000.00,0.00,,金錢,臺北市士林區****,0916*****,
33,汪志冰,107年直轄市議員選舉,首次申報,1071005,個人捐贈收入,戴啟珩,A21*******,100000.00,0.00,,金錢,臺北市南港區****,0933*****,
34,汪志冰,107年直轄市議員選舉,首次申報,1071005,個人捐贈收入,黃嘉敏,H12*******,50000.00,0.00,,金錢,臺北市信義區****,0920*****,
35,汪志冰,107年直轄市議員選舉,首次申報,1071005,個人捐贈收入,李正言,H12*******,6000.00,0.00,,金錢,臺北市中山區****,(02)*****,
36,汪志冰,107年直轄市議員選舉,首次申報,1071008,人民團體捐贈收入,社團法人台北市牙醫師公會,,50000.00,0.00,,金錢,台北市中正區****,,
37,汪志冰,107年直轄市議員選舉,首次申報,1071008,個人捐贈收入,許瑀庭,A22*******,100000.00,0.00,,金錢,臺北市文山區****,0958*****,
38,汪志冰,107年直轄市議員選舉,首次申報,1071008,個人捐贈收入,陳菂儀,D22*******,100000.00,0.00,,金錢,臺北市北投區****,0933*****,
39,汪志冰,107年直轄市議員選舉,首次申報,1071008,個人捐贈收入,楊慶吾,F12*******,100000.00,0.00,,金錢,臺北市北投區****,0958*****,
40,汪志冰,107年直轄市議員選舉,首次申報,1071008,個人捐贈收入,邱廖祥,G12*******,100000.00,0.00,,金錢,臺北市北投區****,0912*****,
41,汪志冰,107年直轄市議員選舉,首次申報,1071008,個人捐贈收入,曾雅玳,Q22*******,100000.00,0.00,,金錢,新北市板橋區****,0958*****,
42,汪志冰,107年直轄市議員選舉,首次申報,1071008,個人捐贈收入,胡蕙欣,U22*******,100000.00,0.00,,金錢,花蓮縣鳳林鎮****,0983*****,
43,汪志冰,107年直轄市議員選舉,首次申報,1071009,個人捐贈收入,張巍懷,A12*******,100000.00,0.00,,金錢,臺北市文山區****,0921*****,
44,汪志冰,107年直轄市議員選舉,首次申報,1071009,個人捐贈收入,周炫君,C22*******,100000.00,0.00,,金錢,臺北市文山區****,0921*****,
45,汪志冰,107年直轄市議員選舉,首次申報,1071009,個人捐贈收入,黃志強,N12*******,100000.00,0.00,,金錢,新北市板橋區****,0983*****,
46,汪志冰,107年直轄市議員選舉,首次申報,1071009,個人捐贈收入,張美慧,N22*******,100000.00,0.00,,金錢,新北市板橋區****,0970*****,
47,汪志冰,107年直轄市議員選舉,首次申報,1071011,個人捐贈收入,鍾佩儒,A22*******,10000.00,0.00,,金錢,臺北市北投區****,0972*****,
48,汪志冰,107年直轄市議員選舉,首次申報,1071012,個人捐贈收入,何偉群,Y12*******,20000.00,0.00,,金錢,臺北市士林區****,0939*****,
49,汪志冰,107年直轄市議員選舉,首次申報,1071015,營利事業捐贈收入,成鳴空調有限公司,27427627,100000.00,0.00,,金錢,臺北市內湖區****,0936*****,
50,汪志冰,107年直轄市議員選舉,首次申報,1071015,營利事業捐贈收入,春輝營造股份有限公司,30970643,50000.00,0.00,,金錢,臺北市中山區****,0939*****,
51,汪志冰,107年直轄市議員選舉,首次申報,1071015,營利事業捐贈收入,保強建設開發股份有限公司,97477873,100000.00,0.00,,金錢,臺北市大同區****,2555*****,
52,汪志冰,107年直轄市議員選舉,首次申報,1071017,人民團體捐贈收入,台北市廣告服務業職業工會,,3000.00,0.00,,金錢,北投區明德路****,2820*****,
53,汪志冰,107年直轄市議員選舉,首次申報,1071017,營利事業捐贈收入,快意管理顧問股份有限公司,52470690,10000.00,0.00,,金錢,臺北市士林區****,2883*****,
54,汪志冰,107年直轄市議員選舉,首次申報,1071017,個人捐贈收入,陳漢國,A12*******,10000.00,0.00,,金錢,新北市蘆洲區****,0909*****,
55,汪志冰,107年直轄市議員選舉,首次申報,1071017,個人捐贈收入,吳長恩,A12*******,10000.00,0.00,,金錢,新北市淡水區****,0958*****,
56,汪志冰,107年直轄市議員選舉,首次申報,1071017,個人捐贈收入,李建德,A12*******,5000.00,0.00,,金錢,臺北市士林區****,2832*****,
57,汪志冰,107年直轄市議員選舉,首次申報,1071017,個人捐贈收入,李麗娥,A21*******,2000.00,0.00,,金錢,臺北市北投區****,0933*****,
58,汪志冰,107年直轄市議員選舉,首次申報,1071017,個人捐贈收入,洪義豐,E10*******,3000.00,0.00,,金錢,新北市新店區****,0931*****,
59,汪志冰,107年直轄市議員選舉,首次申報,1071017,個人捐贈收入,曾以安,E20*******,2000.00,0.00,,金錢,臺北市北投區****,0922*****,
60,汪志冰,107年直轄市議員選舉,首次申報,1071017,個人捐贈收入,楊芸蘋,E20*******,6000.00,0.00,,金錢,臺北市士林區****,0910*****,
61,汪志冰,107年直轄市議員選舉,首次申報,1071017,個人捐贈收入,林國楨,F10*******,1000.00,0.00,,金錢,臺北市士林區****,0989*****,
62,汪志冰,107年直轄市議員選舉,首次申報,1071017,個人捐贈收入,蕭玉珠,F22*******,1000.00,0.00,,金錢,臺北市北投區****,02-2*****,
63,汪志冰,107年直轄市議員選舉,首次申報,1071017,個人捐贈收入,范仁達,K12*******,20000.00,0.00,,金錢,新北市板橋區****,0909*****,
64,汪志冰,107年直轄市議員選舉,首次申報,1071017,個人捐贈收入,陳龍月,P10*******,3000.00,0.00,,金錢,臺北市北投區****,0913*****,
65,汪志冰,107年直轄市議員選舉,首次申報,1071017,個人捐贈收入,吳金潭,P12*******,30000.00,0.00,,金錢,臺北市大安區****,0960*****,
66,汪志冰,107年直轄市議員選舉,首次申報,1071017,個人捐贈收入,齊茂吉,Q10*******,5000.00,0.00,,金錢,臺北市士林區****,0910*****,
67,汪志冰,107年直轄市議員選舉,首次申報,1071017,個人捐贈收入,魏憶龍,Q12*******,20000.00,0.00,,金錢,臺北市大安區****,0932*****,
68,汪志冰,107年直轄市議員選舉,首次申報,1071017,個人捐贈收入,陳鴻祺,Y10*******,10000.00,0.00,,金錢,臺北市北投區****,0987*****,
69,汪志冰,107年直轄市議員選舉,首次申報,1071017,個人捐贈收入,涂序強,Y10*******,2000.00,0.00,,金錢,臺北市北投區****,0916*****,
70,汪志冰,107年直轄市議員選舉,首次申報,1071023,個人捐贈收入,李忠義,Y10*******,10000.00,0.00,,金錢,臺北市士林區****,0963*****,
71,汪志冰,107年直轄市議員選舉,首次申報,1071025,營利事業捐贈收入,禾碩開發股份有限公司,53532667,100000.00,0.00,,金錢,臺北市松山區****,2767*****,
72,汪志冰,107年直轄市議員選舉,首次申報,1071025,營利事業捐贈收入,莊曜投資有限公司,54320557,100000.00,0.00,,金錢,臺北市內湖區****,2796*****,
73,汪志冰,107年直轄市議員選舉,首次申報,1071026,人民團體捐贈收入,社團法人台北市醫事檢驗師公會,,10000.00,0.00,,金錢,中正區羅斯福****,02-2*****,
74,汪志冰,107年直轄市議員選舉,首次申報,1071026,人民團體捐贈收入,台北市藥師公會,,30000.00,0.00,,金錢,臺北市長春路****,2551*****,
75,汪志冰,107年直轄市議員選舉,首次申報,1071026,營利事業捐贈收入,瑞林電機股份有限公司,84629820,200000.00,0.00,,金錢,新竹縣湖口鄉****,,
76,汪志冰,107年直轄市議員選舉,首次申報,1071026,個人捐贈收入,徐憶中,A10*******,10000.00,0.00,,金錢,新北市永和區****,02-2*****,
77,汪志冰,107年直轄市議員選舉,首次申報,1071026,個人捐贈收入,龍陵生,A10*******,5000.00,0.00,,金錢,臺北市士林區****,0938*****,
78,汪志冰,107年直轄市議員選舉,首次申報,1071026,個人捐贈收入,徐慶鼎,A11*******,6000.00,0.00,,金錢,臺北市士林區****,0988*****,
79,汪志冰,107年直轄市議員選舉,首次申報,1071026,個人捐贈收入,龍建旭,A12*******,20000.00,0.00,,金錢,臺北市大安區****,0919*****,
80,汪志冰,107年直轄市議員選舉,首次申報,1071026,個人捐贈收入,周伯雄,A12*******,12000.00,0.00,,金錢,臺北市北投區****,0936*****,
81,汪志冰,107年直轄市議員選舉,首次申報,1071026,個人捐贈收入,江文章,A12*******,100000.00,0.00,,金錢,臺北市萬華區****,2381*****,
82,汪志冰,107年直轄市議員選舉,首次申報,1071026,個人捐贈收入,江文忠,A12*******,100000.00,0.00,,金錢,新北市板橋區****,0935*****,
83,汪志冰,107年直轄市議員選舉,首次申報,1071026,個人捐贈收入,吳承諺,A12*******,10000.00,0.00,,金錢,臺北市北投區****,0935*****,
84,汪志冰,107年直轄市議員選舉,首次申報,1071026,個人捐贈收入,高杉政,A12*******,100000.00,0.00,,金錢,臺北市士林區****,2777*****,
85,汪志冰,107年直轄市議員選舉,首次申報,1071026,個人捐贈收入,張智琦,A20*******,5000.00,0.00,,金錢,臺北市中正區****,0955*****,
86,汪志冰,107年直轄市議員選舉,首次申報,1071026,個人捐贈收入,譚秋英,A20*******,20000.00,0.00,,金錢,臺北市中山區****,0933*****,
87,汪志冰,107年直轄市議員選舉,首次申報,1071026,個人捐贈收入,宗景宜,A20*******,2000.00,0.00,,金錢,臺北市松山區****,0910*****,
88,汪志冰,107年直轄市議員選舉,首次申報,1071026,個人捐贈收入,林婉秋,A22*******,3000.00,0.00,,金錢,臺北市北投區****,2827*****,
89,汪志冰,107年直轄市議員選舉,首次申報,1071026,個人捐贈收入,柯經一,B12*******,3000.00,0.00,,金錢,臺中市西區柳****,0933*****,
90,汪志冰,107年直轄市議員選舉,首次申報,1071026,個人捐贈收入,蕭郁臻,F22*******,20000.00,0.00,,金錢,臺北市大安區****,0939*****,
91,汪志冰,107年直轄市議員選舉,首次申報,1071026,個人捐贈收入,蔡秀明,H10*******,3000.00,0.00,,金錢,臺北市北投區****,0937*****,
92,汪志冰,107年直轄市議員選舉,首次申報,1071026,個人捐贈收入,范台珍,H20*******,10000.00,0.00,,金錢,臺北市北投區****,0928*****,
93,汪志冰,107年直轄市議員選舉,首次申報,1071026,個人捐贈收入,薛群秀,H22*******,2000.00,0.00,,金錢,臺北市士林區****,0936*****,
94,汪志冰,107年直轄市議員選舉,首次申報,1071026,個人捐贈收入,江繆金照,J20*******,100000.00,0.00,,金錢,臺北市萬華區****,2383*****,
95,汪志冰,107年直轄市議員選舉,首次申報,1071026,個人捐贈收入,鍾斐爾,L22*******,3200.00,0.00,,金錢,臺北市士林區****,0921*****,
96,汪志冰,107年直轄市議員選舉,首次申報,1071026,個人捐贈收入,許文化,M10*******,2000.00,0.00,,金錢,臺北市士林區****,0937*****,
97,汪志冰,107年直轄市議員選舉,首次申報,1071026,個人捐贈收入,王秀華,N20*******,30000.00,0.00,,金錢,臺北市士林區****,0932*****,
98,汪志冰,107年直轄市議員選舉,首次申報,1071026,個人捐贈收入,林義騰,P20*******,20000.00,0.00,,金錢,臺北市北投區****,0989*****,
99,汪志冰,107年直轄市議員選舉,首次申報,1071026,個人捐贈收入,孫昭平,Q10*******,2000.00,0.00,,金錢,臺北市士林區****,0919*****,
100,汪志冰,107年直轄市議員選舉,首次申報,1071026,個人捐贈收入,汪迎仙,U20*******,10000.00,0.00,,金錢,桃園市蘆竹區****,0912*****,
101,汪志冰,107年直轄市議員選舉,首次申報,1071026,個人捐贈收入,賴永順,V10*******,2000.00,0.00,,金錢,臺北市北投區****,0916*****,
102,汪志冰,107年直轄市議員選舉,首次申報,1071026,個人捐贈收入,李台山,W10*******,10000.00,0.00,,金錢,臺北市大安區****,0922*****,
103,汪志冰,107年直轄市議員選舉,首次申報,1071026,個人捐贈收入,葉尊麟,Y10*******,3000.00,0.00,,金錢,新北市淡水區****,0932*****,
104,汪志冰,107年直轄市議員選舉,首次申報,1071026,個人捐贈收入,楊靜塵,Y10*******,5000.00,0.00,,金錢,臺北市北投區****,0926*****,
105,汪志冰,107年直轄市議員選舉,首次申報,1071026,個人捐贈收入,鄧有明,Y12*******,3000.00,0.00,,金錢,臺北市北投區****,0933*****,
106,汪志冰,107年直轄市議員選舉,首次申報,1071026,個人捐贈收入,何楊阿媛,Y20*******,2000.00,0.00,,金錢,臺北市北投區****,0910*****,
107,汪志冰,107年直轄市議員選舉,首次申報,1071026,個人捐贈收入,曾胡世芳,Y20*******,1000.00,0.00,,金錢,臺北市士林區****,0922*****,
108,汪志冰,107年直轄市議員選舉,首次申報,1071030,營利事業捐贈收入,辣十九國際開發有限公司,50752791,50000.00,0.00,,金錢,臺北市信義區****,02-2*****,
109,汪志冰,107年直轄市議員選舉,首次申報,1071030,營利事業捐贈收入,中鼎國際開發有限公司,52878091,50000.00,0.00,,金錢,臺北市大安區****,0912*****,
110,汪志冰,107年直轄市議員選舉,首次申報,1071030,營利事業捐贈收入,聯英事業有限公司,53748879,100000.00,0.00,,金錢,臺北市大安區****,0922*****,
111,汪志冰,107年直轄市議員選舉,首次申報,1071030,個人捐贈收入,王文成,A12*******,20000.00,0.00,,金錢,新北市中和區****,0939*****,
112,汪志冰,107年直轄市議員選舉,首次申報,1071030,個人捐贈收入,潘鄭淑霞,D20*******,2000.00,0.00,,金錢,臺北市北投區****,0928*****,
113,汪志冰,107年直轄市議員選舉,首次申報,1071030,個人捐贈收入,林許惠珍,E20*******,100000.00,0.00,,金錢,臺北市大安區****,0928*****,
114,汪志冰,107年直轄市議員選舉,首次申報,1071030,個人捐贈收入,花文龍,F10*******,20000.00,0.00,,金錢,臺北市南港區****,0921*****,
115,汪志冰,107年直轄市議員選舉,首次申報,1071030,個人捐贈收入,蕭富生,F12*******,20000.00,0.00,,金錢,新北市中和區****,0935*****,
116,汪志冰,107年直轄市議員選舉,首次申報,1071030,個人捐贈收入,林學淵,G10*******,100000.00,0.00,,金錢,臺北市大安區****,2703*****,
117,汪志冰,107年直轄市議員選舉,首次申報,1071030,個人捐贈收入,謝慶煌,J10*******,20000.00,0.00,,金錢,新北市林口區****,0932*****,
118,汪志冰,107年直轄市議員選舉,首次申報,1071030,個人捐贈收入,王淇斌,J10*******,100000.00,0.00,,金錢,新竹市民富街****,03-5*****,
119,汪志冰,107年直轄市議員選舉,首次申報,1071030,個人捐贈收入,王淇壽,J12*******,100000.00,0.00,,金錢,新竹市民富街****,0910*****,
120,汪志冰,107年直轄市議員選舉,首次申報,1071030,個人捐贈收入,張耀明,U10*******,2000.00,0.00,,金錢,臺北市北投區****,0916*****,
121,汪志冰,107年直轄市議員選舉,首次申報,1071030,個人捐贈收入,洪水定,Y10*******,3000.00,0.00,,金錢,新北市八里區****,0928*****,
122,汪志冰,107年直轄市議員選舉,首次申報,1071030,個人捐贈收入,顏嘉宏,Y10*******,10000.00,0.00,,金錢,臺北市北投區****,0932*****,
123,汪志冰,107年直轄市議員選舉,首次申報,1071030,個人捐贈收入,黃添寶,Y10*******,10000.00,0.00,,金錢,臺北市北投區****,0932*****,
124,汪志冰,107年直轄市議員選舉,首次申報,1071030,個人捐贈收入,陳照宏,Y10*******,20000.00,0.00,,金錢,臺北市北投區****,0933*****,
125,汪志冰,107年直轄市議員選舉,首次申報,1071030,個人捐贈收入,楊德壽,Y12*******,20000.00,0.00,,金錢,臺北市北投區****,0937*****,
126,汪志冰,107年直轄市議員選舉,首次申報,1071030,個人捐贈收入,陳秋萍,Y22*******,2000.00,0.00,,金錢,新北市淡水區****,0963*****,
127,汪志冰,107年直轄市議員選舉,首次申報,1071031,個人捐贈收入,祝文定,A12*******,10000.00,0.00,,金錢,臺北市士林區****,0922*****,
128,汪志冰,107年直轄市議員選舉,首次申報,1071101,個人捐贈收入,顏鳳嬌,A22*******,100000.00,0.00,,金錢,臺北市中山區****,,
129,汪志冰,107年直轄市議員選舉,首次申報,1071101,個人捐贈收入,關淑君,E20*******,100000.00,0.00,,金錢,臺北市內湖區****,0939*****,
130,汪志冰,107年直轄市議員選舉,首次申報,1071102,人民團體捐贈收入,台北市保全公會,,100000.00,0.00,,金錢,中山區長春路****,02 2*****,
131,汪志冰,107年直轄市議員選舉,首次申報,1071102,營利事業捐贈收入,瀚昇有限公司,80509653,50000.00,0.00,,金錢,臺北市士林區****,,
132,汪志冰,107年直轄市議員選舉,首次申報,1071102,個人捐贈收入,賴丹羽,A12*******,20000.00,0.00,,金錢,新北市新店區****,0988*****,
133,汪志冰,107年直轄市議員選舉,首次申報,1071102,個人捐贈收入,陳李滿,F20*******,100000.00,0.00,,金錢,新北市中和區****,0928*****,
134,汪志冰,107年直轄市議員選舉,首次申報,1071105,個人捐贈收入,王秀明,E12*******,100000.00,0.00,,金錢,新北市新店區****,0937*****,
135,汪志冰,107年直轄市議員選舉,首次申報,1071107,個人捐贈收入,張昭然,B10*******,20000.00,0.00,,金錢,臺北市中山區****,2586*****,
136,汪志冰,107年直轄市議員選舉,首次申報,1071107,個人捐贈收入,顏志成,Y12*******,1000.00,0.00,,金錢,臺北市士林區****,0932*****,
137,汪志冰,107年直轄市議員選舉,首次申報,1071108,個人捐贈收入,陳惠珍,F20*******,2000.00,0.00,,金錢,臺北市北投區****,0926*****,
138,汪志冰,107年直轄市議員選舉,首次申報,1071109,個人捐贈收入,馬世衡,A10*******,10000.00,0.00,,金錢,臺北市內湖區****,0961*****,
139,汪志冰,107年直轄市議員選舉,首次申報,1071109,個人捐贈收入,王英華,Y10*******,100000.00,0.00,,金錢,臺北市士林區****,0911*****,
140,汪志冰,107年直轄市議員選舉,首次申報,1071110,個人捐贈收入,蔡曜駿,J12*******,2000.00,0.00,,金錢,臺北市士林區****,0916*****,
141,汪志冰,107年直轄市議員選舉,首次申報,1071112,個人捐贈收入,蘇碧玉,X22*******,2000.00,0.00,,金錢,臺北市士林區****,0978*****,
142,汪志冰,107年直轄市議員選舉,首次申報,1071113,個人捐贈收入,楊宜玲,F22*******,2000.00,0.00,,金錢,臺北市士林區****,0955*****,
143,汪志冰,107年直轄市議員選舉,首次申報,1071114,營利事業捐贈收入,勝芳紙業有限公司,89458162,20000.00,0.00,,金錢,新北市八里區****,0935*****,
144,汪志冰,107年直轄市議員選舉,首次申報,1071114,個人捐贈收入,王信翰,F13*******,20000.00,0.00,,金錢,新北市蘆洲區****,0928*****,
145,汪志冰,107年直轄市議員選舉,首次申報,1071115,個人捐贈收入,蔡清樺,A12*******,50000.00,0.00,,金錢,臺北市士林區****,0988*****,
146,汪志冰,107年直轄市議員選舉,首次申報,1071119,個人捐贈收入,林光洋,L10*******,60000.00,0.00,,金錢,臺北市中正區****,0932*****,
147,汪志冰,107年直轄市議員選舉,首次申報,1071122,人民團體捐贈收入,台北市廢棄物清除處理商業同業公會,,100000.00,0.00,,金錢,臺北市北投區****,02-2*****,
148,汪志冰,107年直轄市議員選舉,首次申報,1071122,營利事業捐贈收入,宏錦建設股份有限公司,80673231,100000.00,0.00,,金錢,臺北市內湖區****,0935*****,
149,汪志冰,107年直轄市議員選舉,首次申報,1071122,個人捐贈收入,彭雄飛,A10*******,1000.00,0.00,,金錢,臺北市士林區****,0912*****,
150,汪志冰,107年直轄市議員選舉,首次申報,1071122,個人捐贈收入,毛修羽,A12*******,2200.00,0.00,,金錢,臺北市士林區****,0918*****,
151,汪志冰,107年直轄市議員選舉,首次申報,1071122,個人捐贈收入,隆蕙芬,A22*******,2200.00,0.00,,金錢,臺北市士林區****,0918*****,
152,汪志冰,107年直轄市議員選舉,首次申報,1071122,個人捐贈收入,廖姿雅,E22*******,20000.00,0.00,,金錢,臺北市北投區****,0930*****,
153,汪志冰,107年直轄市議員選舉,首次申報,1071122,個人捐贈收入,吳第明,J12*******,50000.00,0.00,,金錢,臺北市中山區****,2567*****,
154,汪志冰,107年直轄市議員選舉,首次申報,1071122,個人捐贈收入,陳素秋,L20*******,2200.00,0.00,,金錢,臺北市士林區****,0933*****,
155,汪志冰,107年直轄市議員選舉,首次申報,1071122,個人捐贈收入,白呂素梅,L22*******,100000.00,0.00,,金錢,臺中市西屯區****,0989*****,
156,汪志冰,107年直轄市議員選舉,首次申報,1071122,個人捐贈收入,白啟宏,N12*******,100000.00,0.00,,金錢,臺中市西屯區****,0989*****,
157,汪志冰,107年直轄市議員選舉,首次申報,1071122,個人捐贈收入,白靖宏,N12*******,100000.00,0.00,,金錢,臺中市西屯區****,0989*****,
158,汪志冰,107年直轄市議員選舉,首次申報,1071122,個人捐贈收入,賴秋鴻,Y10*******,66000.00,0.00,,金錢,臺北市士林區****,0987*****,
159,汪志冰,107年直轄市議員選舉,首次申報,1071123,個人捐贈收入,余致力,C10*******,16666.00,0.00,,金錢,臺北市士林區****,0910*****,
160,汪志冰,107年直轄市議員選舉,首次申報,1071221,其他收入,利息收入,,10.00,0.00,,金錢,,,
