﻿序號,擬參選人／政黨,選舉名稱,申報序號／年度,交易日期,收支科目,捐贈者／支出對象,身分證／統一編號,收入金額,支出金額,捐贈方式,存入專戶日期,返還/繳庫,支出用途,金錢類,地址,聯絡電話,應揭露之支出對象,支出對象之內部人員姓名,支出對象之內部人員職稱,政黨之內部人員姓名,政黨之內部人員職稱,關係,更正註記,資料更正日期
1,游智彬,111年桃園市議員選舉,首次申報,1110728,匿名捐贈,藍新金流測試,,1.00,0.00,匯款,,,,金錢,,,,,,,,,,
2,游智彬,111年桃園市議員選舉,首次申報,1110807,個人捐贈收入,韓亞玲,H22*******,10000.00,0.00,匯款,1110807,,,金錢,臺北市北投區****,0927*****,,,,,,,,
3,游智彬,111年桃園市議員選舉,首次申報,1110808,個人捐贈收入,臺建中,,1000.00,0.00,匯款,1110808,,,金錢,南投縣南投市****,04-9*****,,,,,,,,
4,游智彬,111年桃園市議員選舉,首次申報,1110808,個人捐贈收入,孫格一,A12*******,5000.00,0.00,現金,1110808,,,金錢,臺北市大安區****,,,,,,,,,
5,游智彬,111年桃園市議員選舉,首次申報,1110808,個人捐贈收入,韓朱美招,H20*******,5000.00,0.00,現金,1110808,,,金錢,臺北市北投區****,0939*****,,,,,,,,
6,游智彬,111年桃園市議員選舉,首次申報,1110809,個人捐贈收入,王顥穎,,1000.00,0.00,匯款,1110809,,,金錢,桃園市龍潭區****,0953*****,,,,,,,,
7,游智彬,111年桃園市議員選舉,首次申報,1110811,個人捐贈收入,林宥任,,10000.00,0.00,匯款,1110811,,,金錢,臺北市信義區****,,,,,,,,,
8,游智彬,111年桃園市議員選舉,首次申報,1110811,個人捐贈收入,王柏靈,,20000.00,0.00,匯款,1110811,,,金錢,新竹縣竹北市****,0932*****,,,,,,,,
9,游智彬,111年桃園市議員選舉,首次申報,1110811,個人捐贈收入,游麗華,H22*******,20000.00,0.00,匯款,1110811,,,金錢,桃園市龍潭區****,03-4*****,,,,,,,,
10,游智彬,111年桃園市議員選舉,首次申報,1110811,個人捐贈收入,李坤致,R12*******,20000.00,0.00,現金,1110811,,,金錢,新北市板橋區****,0970*****,,,,,,,,
11,游智彬,111年桃園市議員選舉,首次申報,1110817,個人捐贈收入,左曉明,E10*******,20000.00,0.00,匯款,1110817,,,金錢,臺北市松山區****,0928*****,,,,,,,,
12,游智彬,111年桃園市議員選舉,首次申報,1110818,個人捐贈收入,吳尚忠,H10*******,50000.00,0.00,匯款,1110818,,,金錢,桃園市中壢區****,0963*****,,,,,,,,
13,游智彬,111年桃園市議員選舉,首次申報,1110819,個人捐贈收入,鄭慧玲,F22*******,3000.00,0.00,匯款,1110819,,,金錢,新北市新莊區****,0920*****,,,,,,,,
14,游智彬,111年桃園市議員選舉,首次申報,1110819,個人捐贈收入,康聖鴻,N12*******,10000.00,0.00,匯款,1110819,,,金錢,新北市新莊區****,0915*****,,,,,,,,
15,游智彬,111年桃園市議員選舉,首次申報,1110830,個人捐贈收入,吳春波,C10*******,10000.00,0.00,現金,,,,金錢,桃園市桃園區****,0911*****,,,,,,,,
16,游智彬,111年桃園市議員選舉,首次申報,1110830,個人捐贈收入,吳宗賢,H12*******,10000.00,0.00,現金,,,,金錢,桃園市桃園區****,0911*****,,,,,,,,
17,游智彬,111年桃園市議員選舉,首次申報,1110912,個人捐贈收入,黃小紅,,10000.00,0.00,匯款,1110912,,,金錢,桃園市蘆竹區****,0966*****,,,,,,,,
18,游智彬,111年桃園市議員選舉,首次申報,1110915,個人捐贈收入,詹燮鳳,J20*******,10000.00,0.00,匯款,1110915,,,金錢,桃園市龍潭區****,0917*****,,,,,,,,
19,游智彬,111年桃園市議員選舉,首次申報,1110919,個人捐贈收入,潘熙華,H12*******,10000.00,0.00,現金,,,,金錢,桃園市中壢區****,0913*****,,,,,,,,
20,游智彬,111年桃園市議員選舉,首次申報,1110927,個人捐贈收入,劉菁華,,2000.00,0.00,匯款,1110927,,,金錢,桃園市龍潭區****,0912*****,,,,,,,,
21,游智彬,111年桃園市議員選舉,首次申報,1110928,營利事業捐贈收入,寰宇人力仲介有限公司,53982733,30000.00,0.00,現金,,,,金錢,桃園市中壢區****,0910*****,,,,,,,,
22,游智彬,111年桃園市議員選舉,首次申報,1110928,營利事業捐贈收入,千又有限公司,83251100,30000.00,0.00,現金,,,,金錢,桃園市桃園區****,03-3*****,,,,,,,,
23,游智彬,111年桃園市議員選舉,首次申報,1111003,個人捐贈收入,林美枝,,10000.00,0.00,匯款,1111003,,,金錢,桃園市桃園區****,0926*****,,,,,,,,
24,游智彬,111年桃園市議員選舉,首次申報,1111005,個人捐贈收入,謝然之,S12*******,10000.00,0.00,匯款,1111005,,,金錢,高雄市苓雅區****,0909*****,,,,,,,,
25,游智彬,111年桃園市議員選舉,首次申報,1111012,個人捐贈收入,廖明川,H12*******,20000.00,0.00,匯款,1111012,,,金錢,桃園市桃園區****,0932*****,,,,,,,,
26,游智彬,111年桃園市議員選舉,首次申報,1111013,個人捐贈收入,董志盛,H12*******,1500.00,0.00,匯款,1111013,,,金錢,桃園市八德區****,0910*****,,,,,,,,
27,游智彬,111年桃園市議員選舉,首次申報,1111014,個人捐贈收入,陳榮盛,E12*******,100000.00,0.00,匯款,1111014,,,金錢,新北市板橋區****,0911*****,,,,,,,,
28,游智彬,111年桃園市議員選舉,首次申報,1111030,個人捐贈收入,于子婷,H29*******,5000.00,0.00,匯款,1111030,,,金錢,桃園市中壢區****,0968*****,,,,,,,,
29,游智彬,111年桃園市議員選舉,首次申報,1111103,個人捐贈收入,莊活力,,2000.00,0.00,匯款,1111103,,,金錢,桃園市楊梅區****,0928*****,,,,,,,,
30,游智彬,111年桃園市議員選舉,首次申報,1111103,個人捐贈收入,董志盛,H12*******,2000.00,0.00,匯款,1111103,,,金錢,桃園市八德區****,0910*****,,,,,,,,
31,游智彬,111年桃園市議員選舉,首次申報,1111104,個人捐贈收入,萬若萍,,5000.00,0.00,匯款,1111104,,,金錢,新北市新店區****,0939*****,,,,,,,,
32,游智彬,111年桃園市議員選舉,首次申報,1111106,個人捐贈收入,吳婉如,,20000.00,0.00,匯款,1111106,,,金錢,桃園市中壢區****,0912*****,,,,,,,,
33,游智彬,111年桃園市議員選舉,首次申報,1111106,匿名捐贈,匿名A,,8200.00,0.00,現金,,,,金錢,,,,,,,,,,
34,游智彬,111年桃園市議員選舉,首次申報,1111106,個人捐贈收入,朱淑蘭,A21*******,1000.00,0.00,現金,,,,金錢,臺北市萬華區****,0983*****,,,,,,,,
35,游智彬,111年桃園市議員選舉,首次申報,1111107,個人捐贈收入,楊程宇,,20000.00,0.00,匯款,1111107,,,金錢,臺北市大安區****,,,,,,,,,
36,游智彬,111年桃園市議員選舉,首次申報,1111107,匿名捐贈,三蘆廖淑惠,,3000.00,0.00,匯款,1111107,,,金錢,捐款人地址不****,,,,,,,,,
37,游智彬,111年桃園市議員選舉,首次申報,1111108,個人捐贈收入,林懿萱,,2000.00,0.00,匯款,1111108,,,金錢,高雄市鼓山區****,0910*****,,,,,,,,
38,游智彬,111年桃園市議員選舉,首次申報,1111109,個人捐贈收入,蔡德樑,,10000.00,0.00,匯款,1111109,,,金錢,臺北市內湖區****,0910*****,,,,,,,,
39,游智彬,111年桃園市議員選舉,首次申報,1111109,個人捐贈收入,單宏義,D12*******,1.00,0.00,匯款,1111109,,,金錢,臺南市東區崇****,0920*****,,,,,,,,
40,游智彬,111年桃園市議員選舉,首次申報,1111110,匿名捐贈,馮喜,,1200.00,0.00,匯款,1111110,,,金錢,捐款人地址不****,,,,,,,,,
41,游智彬,111年桃園市議員選舉,首次申報,1111111,個人捐贈收入,陳睿淵,,2000.00,0.00,匯款,1111111,,,金錢,桃園市中壢區****,0955*****,,,,,,,,
42,游智彬,111年桃園市議員選舉,首次申報,1111111,個人捐贈收入,李東晃,,500.00,0.00,匯款,1111111,,,金錢,新北市淡水區****,0939*****,,,,,,,,
43,游智彬,111年桃園市議員選舉,首次申報,1111111,個人捐贈收入,張仲凱,,500.00,0.00,匯款,,,,金錢,新北市蘆洲區****,0918*****,,,,,,,,
44,游智彬,111年桃園市議員選舉,首次申報,1111111,個人捐贈收入,鄭舜文,V12*******,10000.00,0.00,匯款,1111111,,,金錢,桃園市中壢區****,0933*****,,,,,,,,
45,游智彬,111年桃園市議員選舉,首次申報,1111112,個人捐贈收入,尤麗萍,,500.00,0.00,匯款,1111112,,,金錢,桃園市桃園區****,0921*****,,,,,,,,
46,游智彬,111年桃園市議員選舉,首次申報,1111112,匿名捐贈,匿名8129414976,,182.00,0.00,匯款,1111112,,,金錢,,,,,,,,,,
47,游智彬,111年桃園市議員選舉,首次申報,1111112,個人捐贈收入,李天文,,8000.00,0.00,匯款,1111112,,,金錢,,07-8*****,,,,,,,,
48,游智彬,111年桃園市議員選舉,首次申報,1111112,個人捐贈收入,顏嘉延,L12*******,300.00,0.00,匯款,1111112,,,金錢,臺中市北區博****,0968*****,,,,,,,,
49,游智彬,111年桃園市議員選舉,首次申報,1111113,個人捐贈收入,黃沛涵,,1000.00,0.00,匯款,1111113,,,金錢,,0970*****,,,,,,,,
50,游智彬,111年桃園市議員選舉,首次申報,1111114,個人捐贈收入,賀珮華,,500.00,0.00,匯款,1111114,,,金錢,桃園市桃園區****,0922*****,,,,,,,,
51,游智彬,111年桃園市議員選舉,首次申報,1111114,匿名捐贈,匿名,,500.00,0.00,匯款,1111114,,,金錢,捐款人地址不****,,,,,,,,,
52,游智彬,111年桃園市議員選舉,首次申報,1111114,個人捐贈收入,吳政昇,,888.00,0.00,匯款,1111114,,,金錢,新北市三重區****,0958*****,,,,,,,,
53,游智彬,111年桃園市議員選舉,首次申報,1111114,個人捐贈收入,陳紘璿,,1000.00,0.00,匯款,1111114,,,金錢,臺北市松山區****,,,,,,,,,
54,游智彬,111年桃園市議員選舉,首次申報,1111114,個人捐贈收入,劉亞宸,B12*******,1000.00,0.00,匯款,1111114,,,金錢,臺中市神岡區****,0980*****,,,,,,,,
55,游智彬,111年桃園市議員選舉,首次申報,1111114,個人捐贈收入,朱康震,H12*******,3000.00,0.00,匯款,1111114,,,金錢,臺北市文山區****,0939*****,,,,,,,,
56,游智彬,111年桃園市議員選舉,首次申報,1111114,個人捐贈收入,曾燕雪,H22*******,2000.00,0.00,匯款,1111114,,,金錢,臺南市永康區****,0928*****,,,,,,,,
57,游智彬,111年桃園市議員選舉,首次申報,1111115,個人捐贈收入,吳承祐,,500.00,0.00,匯款,1111115,,,金錢,高雄市岡山區****,0986*****,,,,,,,,
58,游智彬,111年桃園市議員選舉,首次申報,1111115,個人捐贈收入,梁悅慈,,2000.00,0.00,匯款,1111115,,,金錢,臺中市北屯區****,0975*****,,,,,,,,
59,游智彬,111年桃園市議員選舉,首次申報,1111115,個人捐贈收入,王主恩,,200.00,0.00,匯款,1111115,,,金錢,高雄市三民區****,0912*****,,,,,,,,
60,游智彬,111年桃園市議員選舉,首次申報,1111115,個人捐贈收入,許美連,,500.00,0.00,匯款,1111115,,,金錢,桃園市八德區****,0936*****,,,,,,,,
61,游智彬,111年桃園市議員選舉,首次申報,1111115,匿名捐贈,馮喜,,2600.00,0.00,匯款,1111115,,,金錢,捐款人地址不****,,,,,,,,,
62,游智彬,111年桃園市議員選舉,首次申報,1111115,個人捐贈收入,朱品宣,,1000.00,0.00,匯款,1111115,,,金錢,桃園市桃園區****,0963*****,,,,,,,,
63,游智彬,111年桃園市議員選舉,首次申報,1111115,個人捐贈收入,郝蓓玫,,600.00,0.00,匯款,1111115,,,金錢,臺中市北區篤****,0921*****,,,,,,,,
64,游智彬,111年桃園市議員選舉,首次申報,1111115,營利事業捐贈收入,岳豐科技股份有限公司,45911735,100000.00,0.00,現金,1111115,,,金錢,桃園市新屋區****,,,,,,,,,
65,游智彬,111年桃園市議員選舉,首次申報,1111115,個人捐贈收入,陳隆堅,A12*******,50000.00,0.00,匯款,1111115,,,金錢,台北市基隆路****,0939*****,,,,,,,,
66,游智彬,111年桃園市議員選舉,首次申報,1111115,個人捐贈收入,曾柏仁,R12*******,1000.00,0.00,匯款,1111115,,,金錢,新北市板橋區****,0922*****,,,,,,,,
67,游智彬,111年桃園市議員選舉,首次申報,1111115,個人捐贈收入,林中一,U12*******,2000.00,0.00,匯款,1111115,,,金錢,臺北市中山區****,0932*****,,,,,,,,
68,游智彬,111年桃園市議員選舉,首次申報,1111116,個人捐贈收入,吳彥儒,,500.00,0.00,匯款,1111116,,,金錢,桃園市龍潭區****,0937*****,,,,,,,,
69,游智彬,111年桃園市議員選舉,首次申報,1111116,匿名捐贈,武顯貴,,2000.00,0.00,匯款,1111116,,,金錢,,,,,,,,,,
70,游智彬,111年桃園市議員選舉,首次申報,1111116,匿名捐贈,楊志慧,,3000.00,0.00,匯款,1111116,,,金錢,,,,,,,,,,
71,游智彬,111年桃園市議員選舉,首次申報,1111116,營利事業捐贈收入,嘉速美整形外科醫美診所,72958558,3800.00,0.00,匯款,1111116,,,金錢,臺北市大安區****,02-2*****,,,,,,,,
72,游智彬,111年桃園市議員選舉,首次申報,1111116,個人捐贈收入,楊凱鈞,A12*******,2000.00,0.00,匯款,1111116,,,金錢,臺北市中正區****,0910*****,,,,,,,,
73,游智彬,111年桃園市議員選舉,首次申報,1111117,個人捐贈收入,陳詳翔,,280.00,0.00,匯款,1111117,,,金錢,桃園市中壢區****,0901*****,,,,,,,,
74,游智彬,111年桃園市議員選舉,首次申報,1111117,個人捐贈收入,趙正文,,300.00,0.00,匯款,1111117,,,金錢,桃園市中壢區****,,,,,,,,,
75,游智彬,111年桃園市議員選舉,首次申報,1111117,個人捐贈收入,高酈珍,,1000.00,0.00,匯款,1111117,,,金錢,桃園市蘆竹區****,0926*****,,,,,,,,
76,游智彬,111年桃園市議員選舉,首次申報,1111117,匿名捐贈,匿名8230009479,,666.00,0.00,匯款,1111117,,,金錢,捐款人地址不****,,,,,,,,,
77,游智彬,111年桃園市議員選舉,首次申報,1111118,個人捐贈收入,王書邨,,5000.00,0.00,匯款,1111118,,,金錢,臺北市文山區****,0972*****,,,,,,,,
78,游智彬,111年桃園市議員選舉,首次申報,1111118,匿名捐贈,施麗敏,,500.00,0.00,匯款,1111118,,,金錢,,,,,,,,,,
79,游智彬,111年桃園市議員選舉,首次申報,1111119,個人捐贈收入,曾祥,,10000.00,0.00,匯款,1111119,,,金錢,臺北市松山區****,0932*****,,,,,,,,
80,游智彬,111年桃園市議員選舉,首次申報,1111119,個人捐贈收入,陸中鍾,,1000.00,0.00,匯款,1111119,,,金錢,桃園市蘆竹區****,0955*****,,,,,,,,
81,游智彬,111年桃園市議員選舉,首次申報,1111119,個人捐贈收入,許雅惠,,2000.00,0.00,匯款,1111119,,,金錢,桃園市中壢區****,0926*****,,,,,,,,
82,游智彬,111年桃園市議員選舉,首次申報,1111121,匿名捐贈,曹文開,,10000.00,0.00,匯款,1111121,,,金錢,捐款人地址不****,,,,,,,,,
83,游智彬,111年桃園市議員選舉,首次申報,1111122,個人捐贈收入,袁運基,F12*******,100000.00,0.00,匯款,1111122,,,金錢,臺北市中正區****,0921*****,,,,,,,,
84,游智彬,111年桃園市議員選舉,首次申報,1111123,個人捐贈收入,喬宗念,,8000.00,0.00,匯款,1111123,,,金錢,南投縣埔里鎮****,049-*****,,,,,,,,
85,游智彬,111年桃園市議員選舉,首次申報,1111124,匿名捐贈,匿名9520650610,,600.00,0.00,匯款,1111124,,,金錢,捐款人地址不****,,,,,,,,,
86,游智彬,111年桃園市議員選舉,首次申報,1111124,個人捐贈收入,陳麗玲,H22*******,50000.00,0.00,匯款,1111124,,,金錢,桃園市蘆竹區****,0910*****,,,,,,,,
87,游智彬,111年桃園市議員選舉,首次申報,1111124,個人捐贈收入,陳麗玲,H22*******,50000.00,0.00,匯款,1111124,,,金錢,桃園市蘆竹區****,0910*****,,,,,,,,
