﻿序號,擬參選人／政黨,選舉名稱,申報序號／年度,交易日期,收支科目,捐贈者／支出對象,身分證／統一編號,收入金額,支出金額,支出用途,金錢類,地址,聯絡電話,資料更正日期
1,曾正生,107年縣(市)議員選舉,首次申報,1070720,宣傳支出,謝八軍,19194982,0.00,18000.00,製作宣傳廣告支出,金錢,頭份市蟠桃里****,,
2,曾正生,107年縣(市)議員選舉,首次申報,1070724,宣傳支出,大洋汽車電機行,19852535,0.00,1100.00,製作宣傳廣告支出,金錢,頭份市土牛里****,,
3,曾正生,107年縣(市)議員選舉,首次申報,1070724,宣傳支出,大洋汽車電機行,19852535,0.00,1700.00,製作宣傳廣告支出,金錢,頭份市土牛里****,,
4,曾正生,107年縣(市)議員選舉,首次申報,1070728,雜支支出,金玉堂,53061531,0.00,1235.00,文具用品費用,金錢,苗栗縣****,,
5,曾正生,107年縣(市)議員選舉,首次申報,1070728,交通旅運支出,新華加油站,84980990,0.00,1365.00,油資,金錢,,,
6,曾正生,107年縣(市)議員選舉,首次申報,1070731,雜支支出,豐陽自助餐,72469550,0.00,480.00,餐飲費用,金錢,,,
7,曾正生,107年縣(市)議員選舉,首次申報,1070801,雜支支出,三灣小吃,47601237,0.00,1140.00,餐飲費用,金錢,苗栗縣****,,
8,曾正生,107年縣(市)議員選舉,首次申報,1070802,雜支支出,好口味小吃店,,0.00,215.00,餐飲費用,金錢,,037-*****,
9,曾正生,107年縣(市)議員選舉,首次申報,1070802,雜支支出,小時光冷飲店,47435224,0.00,363.00,餐飲費用,金錢,,,
10,曾正生,107年縣(市)議員選舉,首次申報,1070802,宣傳支出,銘聯印刷廠,50543129,0.00,5800.00,製作宣傳廣告支出,金錢,,,
11,曾正生,107年縣(市)議員選舉,首次申報,1070803,交通旅運支出,新華加油站,84980990,0.00,1450.00,油資,金錢,,,
12,曾正生,107年縣(市)議員選舉,首次申報,1070804,交通旅運支出,三灣加油站,49740404,0.00,1000.00,油資,金錢,苗栗縣****,,
13,曾正生,107年縣(市)議員選舉,首次申報,1070807,宣傳支出,林梁喜,K12*******,0.00,13000.00,製作宣傳廣告支出,金錢,苗栗縣****,,
14,曾正生,107年縣(市)議員選舉,首次申報,1070808,宣傳支出,曾盛方,K12*******,0.00,13000.00,製作宣傳廣告支出,金錢,苗栗縣****,,
15,曾正生,107年縣(市)議員選舉,首次申報,1070812,交通旅運支出,新華加油站,84980990,0.00,1280.00,油資,金錢,,,
16,曾正生,107年縣(市)議員選舉,首次申報,1070813,雜支支出,閎偉企業社,39869231,0.00,1300.00,網際網路費用,金錢,,,
17,曾正生,107年縣(市)議員選舉,首次申報,1070814,宣傳支出,銘聯印刷廠,50543129,0.00,4500.00,製作宣傳廣告支出,金錢,,,
18,曾正生,107年縣(市)議員選舉,首次申報,1070820,雜支支出,金玉堂堂,53061531,0.00,624.00,網際網路費用,金錢,苗栗縣****,,
19,曾正生,107年縣(市)議員選舉,首次申報,1070820,交通旅運支出,新華加油站,84980990,0.00,1200.00,油資,金錢,,,
20,曾正生,107年縣(市)議員選舉,首次申報,1070822,宣傳支出,超群廣告社,21477389,0.00,47070.00,製作宣傳廣告支出,金錢,苗栗縣福麗里****,,
21,曾正生,107年縣(市)議員選舉,首次申報,1070824,交通旅運支出,新華加油站,84980990,0.00,1500.00,油資,金錢,,,
22,曾正生,107年縣(市)議員選舉,首次申報,1070825,雜支支出,振宇五金有限公司,42677031,0.00,2262.00,水電瓦斯費用,金錢,,,
23,曾正生,107年縣(市)議員選舉,首次申報,1070826,雜支支出,基隆廟口,45252487,0.00,3000.00,餐飲費用,金錢,苗栗縣****,,
24,曾正生,107年縣(市)議員選舉,首次申報,1070827,雜支支出,豐陽自助餐,72469550,0.00,2400.00,餐飲費用,金錢,,,
25,曾正生,107年縣(市)議員選舉,首次申報,1070827,雜支支出,豐陽自助餐,72469550,0.00,880.00,餐飲費用,金錢,,,
26,曾正生,107年縣(市)議員選舉,首次申報,1070828,雜支支出,豐陽自助餐,72469550,0.00,350.00,餐飲費用,金錢,,,
27,曾正生,107年縣(市)議員選舉,首次申報,1070829,雜支支出,順發行,49739498,0.00,70.00,雜項購置或修繕費用,金錢,,,
28,曾正生,107年縣(市)議員選舉,首次申報,1070829,雜支支出,豐陽自助餐,72469550,0.00,1150.00,餐飲費用,金錢,,,
29,曾正生,107年縣(市)議員選舉,首次申報,1070829,雜支支出,豐陽自助餐,72469550,0.00,350.00,餐飲費用,金錢,,,
30,曾正生,107年縣(市)議員選舉,首次申報,1070831,雜支支出,振宇五金有限公司,42677031,0.00,63.00,雜項購置或修繕費用,金錢,,,
31,曾正生,107年縣(市)議員選舉,首次申報,1070831,雜支支出,金玉堂堂,53061531,0.00,960.00,文具用品費用,金錢,苗栗縣****,,
32,曾正生,107年縣(市)議員選舉,首次申報,1070902,交通旅運支出,新華加油站,84980990,0.00,1400.00,油資,金錢,,,
33,曾正生,107年縣(市)議員選舉,首次申報,1070905,交通旅運支出,車亭加油站,39751802,0.00,1000.00,油資,金錢,,,
34,曾正生,107年縣(市)議員選舉,首次申報,1070905,宣傳支出,銘聯印刷廠,50543129,0.00,7600.00,製作宣傳廣告支出,金錢,,,
35,曾正生,107年縣(市)議員選舉,首次申報,1070906,宣傳支出,超群廣告社,21477389,0.00,20000.00,製作宣傳廣告支出,金錢,,,
36,曾正生,107年縣(市)議員選舉,首次申報,1070906,宣傳支出,宏信百貨行,50075476,0.00,2500.00,製作宣傳廣告支出,金錢,,,
37,曾正生,107年縣(市)議員選舉,首次申報,1070906,雜支支出,天天來水果行,80973265,0.00,1280.00,雜項購置或修繕費用,金錢,,,
38,曾正生,107年縣(市)議員選舉,首次申報,1070906,雜支支出,好食刻飯包,82379473,0.00,520.00,餐飲費用,金錢,,,
39,曾正生,107年縣(市)議員選舉,首次申報,1070906,雜支支出,好食刻飯包,82379473,0.00,765.00,餐飲費用,金錢,,,
40,曾正生,107年縣(市)議員選舉,首次申報,1070907,雜支支出,爭鮮,28711641,0.00,2070.00,餐飲費用,金錢,,,
41,曾正生,107年縣(市)議員選舉,首次申報,1070907,雜支支出,瑞元刻印,92852934,0.00,120.00,文具用品費用,金錢,,,
42,曾正生,107年縣(市)議員選舉,首次申報,1070909,交通旅運支出,新華加油站,84980990,0.00,1600.00,油資,金錢,,,
43,曾正生,107年縣(市)議員選舉,首次申報,1070910,雜支支出,龍邦企業社,98963774,0.00,3500.00,雜項購置或修繕費用,金錢,,,
44,曾正生,107年縣(市)議員選舉,首次申報,1070911,雜支支出,振宇五金有限公司,42677031,0.00,174.00,雜項購置或修繕費用,金錢,,,
45,曾正生,107年縣(市)議員選舉,首次申報,1070911,雜支支出,豐陽自助餐,72469550,0.00,380.00,餐飲費用,金錢,,,
46,曾正生,107年縣(市)議員選舉,首次申報,1070912,雜支支出,豐陽自助餐,72469550,0.00,580.00,餐飲費用,金錢,,,
47,曾正生,107年縣(市)議員選舉,首次申報,1070913,宣傳支出,太平洋日報,16292236,0.00,2000.00,製作宣傳廣告支出,金錢,臺北市****,,
48,曾正生,107年縣(市)議員選舉,首次申報,1070913,交通旅運支出,車亭加油站,39751802,0.00,1200.00,油資,金錢,,,
49,曾正生,107年縣(市)議員選舉,首次申報,1070914,宣傳支出,聯合報,39665476,0.00,3000.00,製作宣傳廣告支出,金錢,苗栗縣****,,
50,曾正生,107年縣(市)議員選舉,首次申報,1070916,雜支支出,振宇五金有限公司,42677031,0.00,190.00,雜項購置或修繕費用,金錢,,,
51,曾正生,107年縣(市)議員選舉,首次申報,1070917,宣傳支出,信德百貨行,50154401,0.00,420.00,製作競選物品支出（物品名稱-請填寫）,金錢,,,
52,曾正生,107年縣(市)議員選舉,首次申報,1070918,交通旅運支出,新華加油站,84980990,0.00,1500.00,油資,金錢,,,
53,曾正生,107年縣(市)議員選舉,首次申報,1070919,宣傳支出,銘聯印刷廠,50543129,0.00,7000.00,製作宣傳廣告支出,金錢,,,
54,曾正生,107年縣(市)議員選舉,首次申報,1070925,雜支支出,龍邦企業社,98963774,0.00,3500.00,雜項購置或修繕費用,金錢,,,
55,曾正生,107年縣(市)議員選舉,首次申報,1070926,宣傳支出,元鈺企業社,28380749,0.00,18375.00,製作宣傳廣告支出,金錢,,,
56,曾正生,107年縣(市)議員選舉,首次申報,1070928,宣傳支出,筌盈企業社,25477889,0.00,1200.00,製作宣傳廣告支出,金錢,,,
57,曾正生,107年縣(市)議員選舉,首次申報,1070930,雜支支出,三光企業社,50004001,0.00,3000.00,餐飲費用,金錢,,,
58,曾正生,107年縣(市)議員選舉,首次申報,1071002,交通旅運支出,車亭加油站,39751802,0.00,1000.00,油資,金錢,,,
59,曾正生,107年縣(市)議員選舉,首次申報,1071002,宣傳支出,快又美,83348230,0.00,1500.00,製作競選物品支出（物品名稱-請填寫）,金錢,,,
60,曾正生,107年縣(市)議員選舉,首次申報,1071002,交通旅運支出,新華加油站,84980990,0.00,1660.00,油資,金錢,,,
61,曾正生,107年縣(市)議員選舉,首次申報,1071007,集會支出,李記客家菜,,0.00,16000.00,餐飲支出,金錢,新北市中和區****,02-2*****,
62,曾正生,107年縣(市)議員選舉,首次申報,1071007,集會支出,欣龍,49811792,0.00,10000.00,租用設備支出,金錢,苗栗縣****,,
63,曾正生,107年縣(市)議員選舉,首次申報,1071007,宣傳支出,宏信百貨行,50075476,0.00,150.00,製作宣傳廣告支出,金錢,,,
64,曾正生,107年縣(市)議員選舉,首次申報,1071007,雜支支出,金玉堂堂,53061531,0.00,760.00,文具用品費用,金錢,苗栗縣****,,
65,曾正生,107年縣(市)議員選舉,首次申報,1071007,集會支出,將喝,72599961,0.00,2800.00,餐飲支出,金錢,苗栗縣****,,
66,曾正生,107年縣(市)議員選舉,首次申報,1071007,集會支出,一流,98158530,0.00,10000.00,租用設備支出,金錢,苗栗縣****,,
67,曾正生,107年縣(市)議員選舉,首次申報,1071007,集會支出,競選總部,K12*******,0.00,350.00,餐飲支出,非金錢,苗栗縣頭份市****,,
68,曾正生,107年縣(市)議員選舉,首次申報,1071007,雜支支出,競選總部,K12*******,0.00,1000.00,講臺,非金錢,苗栗縣頭份市****,,
69,曾正生,107年縣(市)議員選舉,首次申報,1071007,集會支出,競選總部,K12*******,0.00,170.00,餐飲支出,非金錢,苗栗縣頭份市****,,
70,曾正生,107年縣(市)議員選舉,首次申報,1071007,集會支出,林紋均,K22*******,0.00,3575.00,餐飲支出,金錢,苗栗縣****,,
71,曾正生,107年縣(市)議員選舉,首次申報,1071009,交通旅運支出,車亭加油站,39751802,0.00,1000.00,油資,金錢,,,
72,曾正生,107年縣(市)議員選舉,首次申報,1071010,雜支支出,瑞元刻印,92852934,0.00,90.00,文具用品費用,金錢,,,
73,曾正生,107年縣(市)議員選舉,首次申報,1071012,交通旅運支出,逢濱加油站,70507614,0.00,1000.00,油資,金錢,,,
74,曾正生,107年縣(市)議員選舉,首次申報,1071013,交通旅運支出,新華加油站,84980990,0.00,1600.00,油資,金錢,,,
75,曾正生,107年縣(市)議員選舉,首次申報,1071014,交通旅運支出,中油加油站,50016174,0.00,1100.00,油資,金錢,,,
76,曾正生,107年縣(市)議員選舉,首次申報,1071014,租用競選辦事處支出,築尚建設,54254557,0.00,66000.00,租用競選辦事處費用,金錢,苗栗縣頭份市****,,
77,曾正生,107年縣(市)議員選舉,首次申報,1071014,雜支支出,香港榮華,92847237,0.00,600.00,餐飲費用,金錢,苗栗縣****,,
78,曾正生,107年縣(市)議員選舉,首次申報,1071015,雜支支出,基隆廟口,45252487,0.00,770.00,餐飲費用,金錢,苗栗縣****,,
79,曾正生,107年縣(市)議員選舉,首次申報,1071015,雜支支出,香港榮華,92847237,0.00,820.00,餐飲費用,金錢,苗栗縣忠孝里****,,
80,曾正生,107年縣(市)議員選舉,首次申報,1071016,交通旅運支出,車亭加油站,39751802,0.00,962.00,油資,金錢,,,
81,曾正生,107年縣(市)議員選舉,首次申報,1071016,宣傳支出,宏信百貨行,50075476,0.00,1200.00,製作宣傳廣告支出,金錢,,,
82,曾正生,107年縣(市)議員選舉,首次申報,1071016,宣傳支出,銘聯印刷廠,50543129,0.00,2700.00,製作競選物品支出（物品名稱-請填寫）,金錢,,,
83,曾正生,107年縣(市)議員選舉,首次申報,1071016,雜支支出,香港榮華便當,92847237,0.00,700.00,餐飲費用,金錢,,,
84,曾正生,107年縣(市)議員選舉,首次申報,1071018,交通旅運支出,和昌加油站,22809772,0.00,116.00,油資,金錢,,,
85,曾正生,107年縣(市)議員選舉,首次申報,1071018,雜支支出,四海遊龍,25213888,0.00,240.00,餐飲費用,金錢,,,
86,曾正生,107年縣(市)議員選舉,首次申報,1071018,雜支支出,振宇五金有限公司,42677031,0.00,370.00,雜項購置或修繕費用,金錢,,,
87,曾正生,107年縣(市)議員選舉,首次申報,1071019,交通旅運支出,車亭加油站,39751802,0.00,1100.00,油資,金錢,,,
88,曾正生,107年縣(市)議員選舉,首次申報,1071019,交通旅運支出,車亭加油站,39751802,0.00,1000.00,油資,金錢,,,
89,曾正生,107年縣(市)議員選舉,首次申報,1071019,宣傳支出,宏信百貨行,50075476,0.00,300.00,製作宣傳廣告支出,金錢,,,
90,曾正生,107年縣(市)議員選舉,首次申報,1071019,雜支支出,好食刻飯包,82379473,0.00,1000.00,餐飲費用,金錢,,,
91,曾正生,107年縣(市)議員選舉,首次申報,1071019,交通旅運支出,新華加油站,84980990,0.00,1500.00,油資,金錢,,,
92,曾正生,107年縣(市)議員選舉,首次申報,1071020,雜支支出,千荔企業社,13489881,0.00,212.00,雜項購置或修繕費用,金錢,,,
93,曾正生,107年縣(市)議員選舉,首次申報,1071020,雜支支出,大嘉利便利商店,38816433,0.00,169.00,文具用品費用,金錢,,,
94,曾正生,107年縣(市)議員選舉,首次申報,1071021,交通旅運支出,百盛加油站,28496523,0.00,500.00,油資,金錢,,,
95,曾正生,107年縣(市)議員選舉,首次申報,1071021,交通旅運支出,車亭加油站,39751802,0.00,1270.00,油資,金錢,,,
96,曾正生,107年縣(市)議員選舉,首次申報,1071021,雜支支出,蔡小慧,47603158,0.00,285.00,雜項購置或修繕費用,金錢,苗栗縣****,,
97,曾正生,107年縣(市)議員選舉,首次申報,1071021,交通旅運支出,中]油加油站,50016174,0.00,500.00,油資,金錢,,,
98,曾正生,107年縣(市)議員選舉,首次申報,1071022,交通旅運支出,車亭加油站,39751802,0.00,810.00,油資,金錢,,,
99,曾正生,107年縣(市)議員選舉,首次申報,1071022,雜支支出,好食刻飯.包,82379473,0.00,415.00,餐飲費用,金錢,,,
100,曾正生,107年縣(市)議員選舉,首次申報,1071023,交通旅運支出,車亭加油站,39751802,0.00,1100.00,油資,金錢,,,
101,曾正生,107年縣(市)議員選舉,首次申報,1071023,雜支支出,豐陽自助餐,72469550,0.00,525.00,餐飲費用,金錢,,,
102,曾正生,107年縣(市)議員選舉,首次申報,1071024,雜支支出,豐陽自助餐,72469550,0.00,375.00,餐飲費用,金錢,,,
103,曾正生,107年縣(市)議員選舉,首次申報,1071025,雜支支出,小時光冷飲店,47435224,0.00,480.00,餐飲費用,金錢,苗栗縣****,,
104,曾正生,107年縣(市)議員選舉,首次申報,1071025,雜支支出,小時光冷飲店,47435224,0.00,750.00,雜項購置或修繕費用,金錢,,,
105,曾正生,107年縣(市)議員選舉,首次申報,1071025,宣傳支出,宏高廣告社,76922574,0.00,3200.00,製作宣傳廣告支出,金錢,,,
106,曾正生,107年縣(市)議員選舉,首次申報,1071026,雜支支出,85度C,09314256,0.00,1270.00,餐飲費用,金錢,苗栗縣****,,
107,曾正生,107年縣(市)議員選舉,首次申報,1071026,雜支支出,好食刻飯包,82379473,0.00,435.00,餐飲費用,金錢,,,
108,曾正生,107年縣(市)議員選舉,首次申報,1071026,雜支支出,好食刻飯包,82379473,0.00,80.00,餐飲費用,金錢,,,
109,曾正生,107年縣(市)議員選舉,首次申報,1071026,雜支支出,香港榮華,92847237,0.00,720.00,餐飲費用,金錢,苗栗縣****,,
110,曾正生,107年縣(市)議員選舉,首次申報,1071027,交通旅運支出,車亭加油站,39751802,0.00,360.00,油資,金錢,,,
111,曾正生,107年縣(市)議員選舉,首次申報,1071027,宣傳支出,普威企業社,80074215,0.00,200.00,製作宣傳廣告支出,金錢,,,
112,曾正生,107年縣(市)議員選舉,首次申報,1071027,交通旅運支出,十方加油站,89706141,0.00,2000.00,油資,金錢,,,
113,曾正生,107年縣(市)議員選舉,首次申報,1071029,交通旅運支出,車亭加油站,39751802,0.00,1000.00,油資,金錢,苗栗縣****,,
114,曾正生,107年縣(市)議員選舉,首次申報,1071030,交通旅運支出,車亭加油站,39751802,0.00,1070.00,油資,金錢,,,
115,曾正生,107年縣(市)議員選舉,首次申報,1071031,雜支支出,豐陽自助餐,72469550,0.00,960.00,餐飲費用,金錢,,,
116,曾正生,107年縣(市)議員選舉,首次申報,1071101,宣傳支出,超群廣告社,21477389,0.00,93000.00,製作宣傳廣告支出,金錢,苗栗縣苗栗市****,,
117,曾正生,107年縣(市)議員選舉,首次申報,1071101,雜支支出,好食刻飯包,82379473,0.00,570.00,餐飲費用,金錢,,,
118,曾正生,107年縣(市)議員選舉,首次申報,1071102,雜支支出,大嘉利便利商店,38816433,0.00,40.00,汽機車燃料費用,金錢,苗栗縣****,,
119,曾正生,107年縣(市)議員選舉,首次申報,1071102,雜支支出,上等池上便當,38985866,0.00,250.00,餐飲費用,金錢,,,
120,曾正生,107年縣(市)議員選舉,首次申報,1071102,雜支支出,蔡小慧,47603158,0.00,210.00,雜項購置或修繕費用,金錢,苗栗縣****,,
121,曾正生,107年縣(市)議員選舉,首次申報,1071102,交通旅運支出,新華加油站,84980990,0.00,1000.00,油資,金錢,,,
122,曾正生,107年縣(市)議員選舉,首次申報,1071103,雜支支出,民興商行,14228549,0.00,360.00,文具用品費用,金錢,,,
123,曾正生,107年縣(市)議員選舉,首次申報,1071103,宣傳支出,大樹商行,26849677,0.00,900.00,製作宣傳廣告支出,金錢,,,
124,曾正生,107年縣(市)議員選舉,首次申報,1071103,雜支支出,大嘉利便利商店,38816433,0.00,85.00,文具用品費用,金錢,,,
125,曾正生,107年縣(市)議員選舉,首次申報,1071103,雜支支出,自強鮮肉,38991656,0.00,65.00,餐飲費用,金錢,,,
126,曾正生,107年縣(市)議員選舉,首次申報,1071103,雜支支出,好食刻飯包,82379473,0.00,560.00,餐飲費用,金錢,,,
127,曾正生,107年縣(市)議員選舉,首次申報,1071104,雜支支出,喜悅城,17337422,0.00,120.00,餐飲費用,金錢,苗栗縣****,,
128,曾正生,107年縣(市)議員選舉,首次申報,1071104,交通旅運支出,頭份加油站,50025202,0.00,500.00,油資,金錢,苗栗縣****,,
129,曾正生,107年縣(市)議員選舉,首次申報,1071104,交通旅運支出,十方加油站,89706141,0.00,1000.00,油資,金錢,,,
130,曾正生,107年縣(市)議員選舉,首次申報,1071105,交通旅運支出,福懋加油站,21404680,0.00,500.00,油資,金錢,,,
131,曾正生,107年縣(市)議員選舉,首次申報,1071105,雜支支出,大大豆漿,26850863,0.00,63.00,餐飲費用,金錢,,,
132,曾正生,107年縣(市)議員選舉,首次申報,1071106,交通旅運支出,車亭加油站,39751802,0.00,1600.00,油資,金錢,,,
133,曾正生,107年縣(市)議員選舉,首次申報,1071107,雜支支出,喜悅城小吃店,17337422,0.00,180.00,餐飲費用,金錢,,,
134,曾正生,107年縣(市)議員選舉,首次申報,1071107,雜支支出,喜悅城小吃店,17337422,0.00,185.00,餐飲費用,金錢,,,
135,曾正生,107年縣(市)議員選舉,首次申報,1071107,雜支支出,上等池上便ˋ當,38985866,0.00,50.00,餐飲費用,金錢,,,
136,曾正生,107年縣(市)議員選舉,首次申報,1071108,雜支支出,喜悅城小吃店,17337422,0.00,160.00,餐飲費用,金錢,,,
137,曾正生,107年縣(市)議員選舉,首次申報,1071108,雜支支出,電力公司,49813617,0.00,9348.00,水電瓦斯費用,金錢,苗栗縣****,,
138,曾正生,107年縣(市)議員選舉,首次申報,1071109,雜支支出,上等池上便ˋ當,38985866,0.00,1520.00,餐飲費用,金錢,,,
139,曾正生,107年縣(市)議員選舉,首次申報,1071109,交通旅運支出,頭份加油站,50025202,0.00,1700.00,油資,金錢,苗栗縣****,,
140,曾正生,107年縣(市)議員選舉,首次申報,1071110,雜支支出,上等池上便ˋ當,38985866,0.00,1200.00,餐飲費用,金錢,,,
141,曾正生,107年縣(市)議員選舉,首次申報,1071111,交通旅運支出,車亭加油站,39751802,0.00,220.00,油資,金錢,,,
142,曾正生,107年縣(市)議員選舉,首次申報,1071111,交通旅運支出,車亭加油站,39751802,0.00,1080.00,油資,金錢,,,
143,曾正生,107年縣(市)議員選舉,首次申報,1071111,雜支支出,中港肉原店,47595050,0.00,175.00,餐飲費用,金錢,,,
144,曾正生,107年縣(市)議員選舉,首次申報,1071111,宣傳支出,宏信百貨行,50075476,0.00,200.00,製作宣傳廣告支出,金錢,,,
145,曾正生,107年縣(市)議員選舉,首次申報,1071111,宣傳支出,欣正五金,76923911,0.00,480.00,製作宣傳廣告支出,金錢,,,
146,曾正生,107年縣(市)議員選舉,首次申報,1071112,雜支支出,育民農機行,38814420,0.00,350.00,文具用品費用,金錢,,,
147,曾正生,107年縣(市)議員選舉,首次申報,1071112,雜支支出,上等池上便當,38985866,0.00,1125.00,餐飲費用,金錢,,,
148,曾正生,107年縣(市)議員選舉,首次申報,1071112,交通旅運支出,車亭加油站,39751802,0.00,1000.00,油資,金錢,,,
149,曾正生,107年縣(市)議員選舉,首次申報,1071112,宣傳支出,成功體育用品,50538049,0.00,360.00,製作宣傳廣告支出,金錢,,,
150,曾正生,107年縣(市)議員選舉,首次申報,1071113,雜支支出,大大豆漿,26850863,0.00,98.00,餐飲費用,金錢,,,
151,曾正生,107年縣(市)議員選舉,首次申報,1071113,雜支支出,上等池上便當,38985866,0.00,250.00,餐飲費用,金錢,,,
152,曾正生,107年縣(市)議員選舉,首次申報,1071113,交通旅運支出,車亭加油站,39751802,0.00,1000.00,油資,金錢,,,
153,曾正生,107年縣(市)議員選舉,首次申報,1071113,雜支支出,振宇五金有限公司,42677031,0.00,375.00,雜項購置或修繕費用,金錢,,,
154,曾正生,107年縣(市)議員選舉,首次申報,1071113,雜支支出,振宇五金有限公司,42677031,0.00,435.00,雜項購置或修繕費用,金錢,,,
155,曾正生,107年縣(市)議員選舉,首次申報,1071113,宣傳支出,銘聯印刷廠,50543129,0.00,9500.00,製作宣傳廣告支出,金錢,,,
156,曾正生,107年縣(市)議員選舉,首次申報,1071113,宣傳支出,競選總部,K12*******,0.00,8000.00,餐飲支出,非金錢,苗栗縣頭份市****,,
157,曾正生,107年縣(市)議員選舉,首次申報,1071113,宣傳支出,競選總部,K12*******,0.00,6000.00,鞭炮,非金錢,苗栗縣頭份市****,,
158,曾正生,107年縣(市)議員選舉,首次申報,1071113,宣傳支出,競選總部,K12*******,0.00,6000.00,彩帶,非金錢,苗栗縣頭份市****,,
159,曾正生,107年縣(市)議員選舉,首次申報,1071113,宣傳支出,競選總部,K12*******,0.00,4000.00,茶葉,非金錢,苗栗縣頭份市****,,
160,曾正生,107年縣(市)議員選舉,首次申報,1071114,雜支支出,上等池上便當,38985866,0.00,1440.00,餐飲費用,金錢,,,
161,曾正生,107年縣(市)議員選舉,首次申報,1071115,雜支支出,上等池上便當,38985866,0.00,1575.00,餐飲費用,金錢,,,
162,曾正生,107年縣(市)議員選舉,首次申報,1071115,交通旅運支出,車亭加油站,39751802,0.00,1870.00,油資,金錢,,,
163,曾正生,107年縣(市)議員選舉,首次申報,1071115,交通旅運支出,逢濱加油站,70507614,0.00,1000.00,油資,金錢,,,
164,曾正生,107年縣(市)議員選舉,首次申報,1071116,雜支支出,林紀燒臘,21815282,0.00,215.00,餐飲費用,金錢,苗栗縣****,,
165,曾正生,107年縣(市)議員選舉,首次申報,1071116,雜支支出,弘高廣告社,76922574,0.00,4000.00,網際網路費用,金錢,,,
166,曾正生,107年縣(市)議員選舉,首次申報,1071117,集會支出,李記客家菜,,0.00,12000.00,餐飲支出,金錢,新北市中和區****,02-2*****,
167,曾正生,107年縣(市)議員選舉,首次申報,1071117,雜支支出,上等池上便當,38985866,0.00,1275.00,餐飲費用,金錢,,,
168,曾正生,107年縣(市)議員選舉,首次申報,1071117,交通旅運支出,新華加油站,84980990,0.00,1000.00,油資,金錢,,,
169,曾正生,107年縣(市)議員選舉,首次申報,1071118,集會支出,李記客家菜,,0.00,16000.00,餐飲支出,金錢,新北市中和區****,02-2*****,
170,曾正生,107年縣(市)議員選舉,首次申報,1071118,雜支支出,永昇小吃,19851923,0.00,2680.00,餐飲費用,金錢,,,
171,曾正生,107年縣(市)議員選舉,首次申報,1071118,雜支支出,上等池上便ˋ當,38985866,0.00,1200.00,餐飲費用,金錢,,,
172,曾正生,107年縣(市)議員選舉,首次申報,1071119,集會支出,李記客家菜,,0.00,12000.00,餐飲支出,金錢,新北市中和區****,02-2*****,
173,曾正生,107年縣(市)議員選舉,首次申報,1071119,雜支支出,林紀燒臘,21815282,0.00,170.00,餐飲費用,金錢,苗栗縣****,,
174,曾正生,107年縣(市)議員選舉,首次申報,1071119,集會支出,一流印刷,98158530,0.00,1500.00,租用設備支出,金錢,,,
175,曾正生,107年縣(市)議員選舉,首次申報,1071120,集會支出,范香樓,21450298,0.00,18000.00,餐飲支出,金錢,,,
176,曾正生,107年縣(市)議員選舉,首次申報,1071120,交通旅運支出,和昌加油站,22809772,0.00,250.00,油資,金錢,,,
177,曾正生,107年縣(市)議員選舉,首次申報,1071120,雜支支出,上等池上便當,38985866,0.00,1600.00,餐飲費用,金錢,,,
178,曾正生,107年縣(市)議員選舉,首次申報,1071120,交通旅運支出,車亭加油站,39751802,0.00,1000.00,油資,金錢,,,
