﻿序號,擬參選人／政黨,選舉名稱,申報序號／年度,交易日期,收支科目,捐贈者／支出對象,身分證／統一編號,收入金額,支出金額,捐贈方式,存入專戶日期,返還/繳庫,支出用途,金錢類,地址,聯絡電話,應揭露之支出對象,支出對象之內部人員姓名,支出對象之內部人員職稱,政黨之內部人員姓名,政黨之內部人員職稱,關係,更正註記,資料更正日期
1,江明宗,111年臺南市議員選舉,首次申報,1110427,個人捐贈收入,廖建謀,P12*******,1000.00,0.00,匯款,1110427,,,金錢,臺南市北區公****,,,,,,,,,
2,江明宗,111年臺南市議員選舉,首次申報,1110429,個人捐贈收入,王向榮,A12*******,1000.00,0.00,匯款,1110429,,,金錢,新北市板橋區****,0916*****,,,,,,,,
3,江明宗,111年臺南市議員選舉,首次申報,1110501,匿名捐贈,黃進成,,100.00,0.00,現金,1110505,,,金錢,,,,,,,,,,
4,江明宗,111年臺南市議員選舉,首次申報,1110501,個人捐贈收入,陳韋辰,D12*******,1000.00,0.00,現金,1110505,,,金錢,臺南市北區北****,,,,,,,,,
5,江明宗,111年臺南市議員選舉,首次申報,1110501,個人捐贈收入,常丞曜,R12*******,3000.00,0.00,現金,1110505,,,金錢,,,,,,,,,,
6,江明宗,111年臺南市議員選舉,首次申報,1110503,個人捐贈收入,康哲豪,R12*******,2000.00,0.00,現金,1110510,,,金錢,台南市新市區****,,,,,,,,,
7,江明宗,111年臺南市議員選舉,首次申報,1110504,個人捐贈收入,黃瑋諭,B12*******,500.00,0.00,現金,1110510,,,金錢,臺中市潭子區****,,,,,,,,,
8,江明宗,111年臺南市議員選舉,首次申報,1110505,個人捐贈收入,張豐證,M12*******,3000.00,0.00,現金,1110510,,,金錢,新竹市東區東****,,,,,,,,,
9,江明宗,111年臺南市議員選舉,首次申報,1110506,個人捐贈收入,陳昱甫,C12*******,5000.00,0.00,現金,1110510,,,金錢,新北市蘆洲區****,,,,,,,,,
10,江明宗,111年臺南市議員選舉,首次申報,1110506,個人捐贈收入,賴欣梅,F22*******,2000.00,0.00,匯款,1110506,,,金錢,,,,,,,,,,
11,江明宗,111年臺南市議員選舉,首次申報,1110509,個人捐贈收入,丘靜娟,R22*******,1000.00,0.00,匯款,1110509,,,金錢,,,,,,,,,,
12,江明宗,111年臺南市議員選舉,首次申報,1110513,個人捐贈收入,龐凱齡,T22*******,600.00,0.00,匯款,1110513,,,金錢,臺南市北區北****,,,,,,,,,
13,江明宗,111年臺南市議員選舉,首次申報,1110514,個人捐贈收入,李建佑,R12*******,1000.00,0.00,現金,1110520,,,金錢,臺南市安平區****,,,,,,,,,
14,江明宗,111年臺南市議員選舉,首次申報,1110514,個人捐贈收入,黃于芸,R22*******,1000.00,0.00,現金,1110520,,,金錢,臺南市中西區****,,,,,,,,,
15,江明宗,111年臺南市議員選舉,首次申報,1110516,個人捐贈收入,葉勁逸,D12*******,3000.00,0.00,現金,1110520,,,金錢,臺南市北區西****,,,,,,,,,
16,江明宗,111年臺南市議員選舉,首次申報,1110519,匿名捐贈,王明瑞,,1000.00,0.00,現金,1110527,,,金錢,,,,,,,,,,
17,江明宗,111年臺南市議員選舉,首次申報,1110522,個人捐贈收入,楊喆,D12*******,500.00,0.00,現金,1110527,,,金錢,臺南市安平區****,,,,,,,,,
18,江明宗,111年臺南市議員選舉,首次申報,1110527,個人捐贈收入,王薏茜,D22*******,3000.00,0.00,現金,1110602,,,金錢,臺北市大安區****,,,,,,,,,
19,江明宗,111年臺南市議員選舉,首次申報,1110528,個人捐贈收入,林奕志,D12*******,500.00,0.00,現金,1110602,,,金錢,臺南市安南區****,,,,,,,,,
20,江明宗,111年臺南市議員選舉,首次申報,1110528,個人捐贈收入,鄭新國,E12*******,3000.00,0.00,匯款,1110528,,,金錢,臺南市南區喜****,,,,,,,,,
21,江明宗,111年臺南市議員選舉,首次申報,1110528,個人捐贈收入,黃良德,R12*******,300.00,0.00,現金,1110602,,,金錢,臺南市佳里區****,,,,,,,,,
22,江明宗,111年臺南市議員選舉,首次申報,1110528,個人捐贈收入,蔡佳晏,R22*******,3000.00,0.00,現金,1110602,,,金錢,臺北市北投區****,,,,,,,,,
23,江明宗,111年臺南市議員選舉,首次申報,1110528,個人捐贈收入,楊淨如,T22*******,500.00,0.00,現金,1110602,,,金錢,臺南市永康區****,,,,,,,,,
24,江明宗,111年臺南市議員選舉,首次申報,1110529,個人捐贈收入,許育誠,R12*******,1500.00,0.00,現金,1110602,,,金錢,臺南市安南區****,,,,,,,,,
25,江明宗,111年臺南市議員選舉,首次申報,1110607,個人捐贈收入,洪士勛,D12*******,2500.00,0.00,現金,1110610,,,金錢,臺南市東區東****,,,,,,,,,
26,江明宗,111年臺南市議員選舉,首次申報,1110612,個人捐贈收入,潘雪明,L22*******,2000.00,0.00,現金,1110613,,,金錢,臺南市東區生****,,,,,,,,,
27,江明宗,111年臺南市議員選舉,首次申報,1110614,個人捐贈收入,黃于芸,R22*******,1000.00,0.00,現金,1110617,,,金錢,臺南市中西區****,,,,,,,,,
28,江明宗,111年臺南市議員選舉,首次申報,1110619,個人捐贈收入,紀廷運,F12*******,1000.00,0.00,現金,1110624,,,金錢,新北市樹林區****,,,,,,,,,
29,江明宗,111年臺南市議員選舉,首次申報,1110624,個人捐贈收入,游博宇,G12*******,500.00,0.00,現金,1110701,,,金錢,臺北市大同區****,,,,,,,,,
30,江明宗,111年臺南市議員選舉,首次申報,1110627,個人捐贈收入,謝孟宇,D12*******,100.00,0.00,現金,1110701,,,金錢,臺南市東區富****,,,,,,,,,
31,江明宗,111年臺南市議員選舉,首次申報,1110628,個人捐贈收入,李冠緯,D12*******,3000.00,0.00,現金,1110701,,,金錢,臺南市永康區****,,,,,,,,,
32,江明宗,111年臺南市議員選舉,首次申報,1110630,個人捐贈收入,王明樹,J12*******,1000.00,0.00,現金,1110708,,,金錢,新竹市北區舊****,,,,,,,,,
33,江明宗,111年臺南市議員選舉,首次申報,1110701,個人捐贈收入,張詩予,R12*******,500.00,0.00,現金,1110708,,,金錢,新北市新莊區****,,,,,,,,,
34,江明宗,111年臺南市議員選舉,首次申報,1110703,個人捐贈收入,朱純美,R22*******,3000.00,0.00,匯款,1110704,,,金錢,,0987*****,,,,,,,,
35,江明宗,111年臺南市議員選舉,首次申報,1110704,個人捐贈收入,楊宗祐,D12*******,500.00,0.00,現金,1110708,,,金錢,臺南市北區北****,,,,,,,,,
36,江明宗,111年臺南市議員選舉,首次申報,1110704,個人捐贈收入,趙韞博,F12*******,1500.00,0.00,現金,1110708,,,金錢,臺北市大安區****,,,,,,,,,
37,江明宗,111年臺南市議員選舉,首次申報,1110711,個人捐贈收入,林峻凱,L12*******,1000.00,0.00,現金,1110715,,,金錢,臺中市清水區****,,,,,,,,,
38,江明宗,111年臺南市議員選舉,首次申報,1110713,個人捐贈收入,楊智凱,T12*******,500.00,0.00,現金,1110722,,,金錢,臺南市北區北****,,,,,,,,,
39,江明宗,111年臺南市議員選舉,首次申報,1110714,個人捐贈收入,黃于芸,R22*******,1000.00,0.00,現金,1110722,,,金錢,臺南市中西區****,,,,,,,,,
40,江明宗,111年臺南市議員選舉,首次申報,1110715,個人捐贈收入,陳紹萍,D22*******,1000.00,0.00,現金,1110722,,,金錢,新北市中和區****,,,,,,,,,
41,江明宗,111年臺南市議員選舉,首次申報,1110719,個人捐贈收入,黃惠鈴,D22*******,1000.00,0.00,現金,1110720,,,金錢,臺南市東區崇****,,,,,,,,,
42,江明宗,111年臺南市議員選舉,首次申報,1110720,個人捐贈收入,宋雅庭,S22*******,500.00,0.00,現金,1110729,,,金錢,臺南市歸仁區****,,,,,,,,,
43,江明宗,111年臺南市議員選舉,首次申報,1110731,個人捐贈收入,王奕翔,E12*******,100.00,0.00,現金,1110805,,,金錢,高雄市左營區****,,,,,,,,,
44,江明宗,111年臺南市議員選舉,首次申報,1110801,個人捐贈收入,余子廉,T12*******,10000.00,0.00,現金,1110805,,,金錢,屏東縣南州鄉****,,,,,,,,,
45,江明宗,111年臺南市議員選舉,首次申報,1110805,個人捐贈收入,劉邦宏,D12*******,3000.00,0.00,現金,1110812,,,金錢,新竹縣竹北市****,,,,,,,,,
46,江明宗,111年臺南市議員選舉,首次申報,1110807,個人捐贈收入,趙韞博,F12*******,1200.00,0.00,現金,1110812,,,金錢,臺北市大安區****,,,,,,,,,
47,江明宗,111年臺南市議員選舉,首次申報,1110809,匿名捐贈,匿名,,600.00,0.00,現金,1110812,,,金錢,,,,,,,,,,
48,江明宗,111年臺南市議員選舉,首次申報,1110810,個人捐贈收入,廖貴美,M22*******,2000.00,0.00,現金,1110819,,,金錢,臺南市永康區****,,,,,,,,,
49,江明宗,111年臺南市議員選舉,首次申報,1110811,個人捐贈收入,蔡坤峰,D12*******,2000.00,0.00,現金,1110819,,,金錢,臺南市南區水****,,,,,,,,,
50,江明宗,111年臺南市議員選舉,首次申報,1110814,個人捐贈收入,黃于芸,R22*******,1000.00,0.00,現金,1110819,,,金錢,臺南市中西區****,,,,,,,,,
51,江明宗,111年臺南市議員選舉,首次申報,1110816,個人捐贈收入,蔡立璿,B22*******,1000.00,0.00,現金,1110818,,,金錢,臺南市安平區****,,,,,,,,,
52,江明宗,111年臺南市議員選舉,首次申報,1110823,個人捐贈收入,林孟巧,C22*******,2000.00,0.00,現金,1110826,,,金錢,新竹市東區金****,,,,,,,,,
53,江明宗,111年臺南市議員選舉,首次申報,1110826,個人捐贈收入,撒景賢,J12*******,1000.00,0.00,現金,1110902,,,金錢,新北市新店區****,,,,,,,,,
54,江明宗,111年臺南市議員選舉,首次申報,1110827,個人捐贈收入,陳恕行,R10*******,3000.00,0.00,現金,1110902,,,金錢,臺南市中西區****,,,,,,,,,
55,江明宗,111年臺南市議員選舉,首次申報,1110903,個人捐贈收入,陳俊男,F12*******,3000.00,0.00,現金,1110908,,,金錢,新北市鶯歌區****,,,,,,,,,
56,江明宗,111年臺南市議員選舉,首次申報,1110906,個人捐贈收入,許力生,C12*******,1000.00,0.00,現金,1110908,,,金錢,臺南市安南區****,,,,,,,,,
57,江明宗,111年臺南市議員選舉,首次申報,1110906,個人捐贈收入,蕭漍華,R12*******,1000.00,0.00,現金,1110908,,,金錢,臺南市北區公****,,,,,,,,,
58,江明宗,111年臺南市議員選舉,首次申報,1110908,營利事業捐贈收入,子陽能源股份有限公司,82768661,10000.00,0.00,現金,1110913,,,金錢,臺南市永康區****,,,,,,,,,
59,江明宗,111年臺南市議員選舉,首次申報,1110909,個人捐贈收入,陳石佳,A12*******,50000.00,0.00,現金,1110913,,,金錢,臺北市北投區****,,,,,,,,,
60,江明宗,111年臺南市議員選舉,首次申報,1110914,個人捐贈收入,林正鴻,A12*******,600.00,0.00,現金,1110920,,,金錢,臺北市松山區****,,,,,,,,,
61,江明宗,111年臺南市議員選舉,首次申報,1110915,個人捐贈收入,黃于芸,R22*******,1000.00,0.00,現金,1110920,,,金錢,臺南市中西區****,,,,,,,,,
62,江明宗,111年臺南市議員選舉,首次申報,1110918,匿名捐贈,匿名,,6000.00,0.00,現金,1110919,,,金錢,,,,,,,,,,
63,江明宗,111年臺南市議員選舉,首次申報,1110920,匿名捐贈,匿名,,1000.00,0.00,現金,1110921,,,金錢,,,,,,,,,,
64,江明宗,111年臺南市議員選舉,首次申報,1110920,個人捐贈收入,陳重運,D12*******,300.00,0.00,現金,1110923,,,金錢,臺南市安南區****,,,,,,,,,
65,江明宗,111年臺南市議員選舉,首次申報,1110921,個人捐贈收入,陳柏樺,M12*******,2000.00,0.00,現金,1110927,,,金錢,南投縣信義鄉****,,,,,,,,,
66,江明宗,111年臺南市議員選舉,首次申報,1110923,個人捐贈收入,莊有騰,N12*******,1500.00,0.00,現金,1110927,,,金錢,臺北市文山區****,,,,,,,,,
67,江明宗,111年臺南市議員選舉,首次申報,1110925,個人捐贈收入,蔡孟青,D12*******,1000.00,0.00,現金,1110926,,,金錢,臺南市南區喜****,,,,,,,,,
68,江明宗,111年臺南市議員選舉,首次申報,1110925,個人捐贈收入,楊素琴,V20*******,3000.00,0.00,現金,1110926,,,金錢,臺南市安平區****,,,,,,,,,
69,江明宗,111年臺南市議員選舉,首次申報,1110927,個人捐贈收入,楊文舜,D12*******,1000.00,0.00,現金,1110930,,,金錢,臺南市中西區****,,,,,,,,,
70,江明宗,111年臺南市議員選舉,首次申報,1111008,營利事業捐贈收入,子陽能源股份有限公司,82768661,10000.00,0.00,現金,1111011,,,金錢,臺南市仁德區****,,,,,,,,,
71,江明宗,111年臺南市議員選舉,首次申報,1111010,個人捐贈收入,邱嬿如,D22*******,1000.00,0.00,現金,1111014,,,金錢,臺南市仁德區****,,,,,,,,,
72,江明宗,111年臺南市議員選舉,首次申報,1111011,匿名捐贈,匿名,,100.00,0.00,現金,1111014,,,金錢,,,,,,,,,,
73,江明宗,111年臺南市議員選舉,首次申報,1111012,匿名捐贈,匿名,,1000.00,0.00,現金,1111018,,,金錢,,,,,,,,,,
74,江明宗,111年臺南市議員選舉,首次申報,1111012,個人捐贈收入,江育廷,C12*******,500.00,0.00,現金,1111018,,,金錢,新竹縣竹北市****,,,,,,,,,
75,江明宗,111年臺南市議員選舉,首次申報,1111012,個人捐贈收入,張月娟,U20*******,20000.00,0.00,現金,1111018,,,金錢,新竹市東區大****,,,,,,,,,
76,江明宗,111年臺南市議員選舉,首次申報,1111013,個人捐贈收入,劉怡君,D22*******,2000.00,0.00,匯款,1111013,,,金錢,臺南市安南區****,,,,,,,,,
77,江明宗,111年臺南市議員選舉,首次申報,1111015,個人捐贈收入,黃于芸,R22*******,1000.00,0.00,現金,1111018,,,金錢,臺南市中西區****,,,,,,,,,
78,江明宗,111年臺南市議員選舉,首次申報,1111017,個人捐贈收入,李世偉,R12*******,2000.00,0.00,匯款,1111017,,,金錢,臺南市北區富****,,,,,,,,,
79,江明宗,111年臺南市議員選舉,首次申報,1111020,個人捐贈收入,方俊仁,R12*******,5000.00,0.00,匯款,1111020,,,金錢,臺南市佳里區****,,,,,,,,,
80,江明宗,111年臺南市議員選舉,首次申報,1111021,個人捐贈收入,李柏鋒,F12*******,50000.00,0.00,現金,1111025,,,金錢,桃園市桃園區****,,,,,,,,,
81,江明宗,111年臺南市議員選舉,首次申報,1111022,匿名捐贈,匿名,,2000.00,0.00,現金,1111025,,,金錢,,,,,,,,,,
82,江明宗,111年臺南市議員選舉,首次申報,1111022,營利事業捐贈收入,倡昇有限公司,27480100,3000.00,0.00,現金,1111025,,,金錢,新北市新莊區****,,,,,,,,,
83,江明宗,111年臺南市議員選舉,首次申報,1111102,個人捐贈收入,周慧君,G22*******,3000.00,0.00,現金,1111108,,,金錢,臺北市大安區****,,,,,,,,,
84,江明宗,111年臺南市議員選舉,首次申報,1111106,個人捐贈收入,葉瀚中,R12*******,500.00,0.00,現金,1111111,,,金錢,臺南市永康區****,,,,,,,,,
85,江明宗,111年臺南市議員選舉,首次申報,1111108,營利事業捐贈收入,子陽能源股份有限公司,82768661,10000.00,0.00,現金,1111111,,,金錢,臺南市仁德區****,,,,,,,,,
86,江明宗,111年臺南市議員選舉,首次申報,1111115,個人捐贈收入,黃于芸,R22*******,1000.00,0.00,現金,1111118,,,金錢,臺南市中西區****,,,,,,,,,
87,江明宗,111年臺南市議員選舉,首次申報,1111124,個人捐贈收入,林正偉,D12*******,3000.00,0.00,現金,1111125,,,金錢,臺南市北區武****,,,,,,,,,
