﻿序號,擬參選人／政黨,選舉名稱,申報序號／年度,交易日期,收支科目,捐贈者／支出對象,身分證／統一編號,收入金額,支出金額,支出用途,金錢類,地址,聯絡電話,資料更正日期
1,林國成,107年直轄市議員選舉,首次申報,1070701,雜支支出,昇逸商行,81747231,0.00,5760.00,餐飲費用,金錢,臺北市大同區****,,
2,林國成,107年直轄市議員選舉,首次申報,1070707,公共關係費用支出,皓園花藝社,02209075,0.00,8000.00,為民服務費用,金錢,臺北市中山區****,,
3,林國成,107年直轄市議員選舉,首次申報,1070725,雜支支出,輝鴻商行,12413499,0.00,3850.00,餐飲費用,金錢,臺北市中山區****,,
4,林國成,107年直轄市議員選舉,首次申報,1070731,雜支支出,昇逸商行,81747231,0.00,2880.00,餐飲費用,金錢,臺北市大同區****,,
5,林國成,107年直轄市議員選舉,首次申報,1070801,雜支支出,可味豆漿店,01346656,0.00,2180.00,餐飲費用,金錢,臺北市中山區****,,
6,林國成,107年直轄市議員選舉,首次申報,1070801,租用競選辦事處支出,徐寶銅,H10*******,0.00,200000.00,租用競選辦事處費用,金錢,臺北市中山區****,,
7,林國成,107年直轄市議員選舉,首次申報,1070808,雜支支出,北平都一處有限公司,29072066,0.00,3322.00,餐飲費用,金錢,臺北市信義區****,,
8,林國成,107年直轄市議員選舉,首次申報,1070810,雜支支出,幾何學團體企業社中正營業所,42539973,0.00,53550.00,雜項購置或修繕費用(團隊服),金錢,臺北市中正區****,,
9,林國成,107年直轄市議員選舉,首次申報,1070811,人事費用支出,王建平,A10*******,0.00,20000.00,其他因工作酬勞之給付,金錢,臺北市中山區****,,
10,林國成,107年直轄市議員選舉,首次申報,1070811,人事費用支出,劉韋志,A12*******,0.00,10000.00,獎金或津貼,金錢,臺北市大同區****,,
11,林國成,107年直轄市議員選舉,首次申報,1070811,人事費用支出,劉森雄,A12*******,0.00,10000.00,獎金或津貼,金錢,臺北市中山區****,,
12,林國成,107年直轄市議員選舉,首次申報,1070811,人事費用支出,梁永辰,A22*******,0.00,20000.00,其他因工作酬勞之給付,金錢,臺北市中山區****,,
13,林國成,107年直轄市議員選舉,首次申報,1070811,人事費用支出,蘇如勳,N10*******,0.00,15000.00,其他因工作酬勞之給付,金錢,臺北市大同區****,,
14,林國成,107年直轄市議員選舉,首次申報,1070811,人事費用支出,吳進義,P12*******,0.00,10000.00,獎金或津貼,金錢,新北市蘆洲區****,,
15,林國成,107年直轄市議員選舉,首次申報,1070811,人事費用支出,施國榮,R10*******,0.00,15000.00,其他因工作酬勞之給付,金錢,臺北市中山區****,,
16,林國成,107年直轄市議員選舉,首次申報,1070816,宣傳支出,群羿堂策略整合行銷有限公司,24959240,0.00,73500.00,製作宣傳廣告支出,金錢,臺北市中正區****,,
17,林國成,107年直轄市議員選舉,首次申報,1070823,雜支支出,全聯實業股份有限公司台北吉林分公司,16846829,0.00,1683.00,餐飲費用,金錢,臺北市中山區****,,
18,林國成,107年直轄市議員選舉,首次申報,1070823,雜支支出,勝勝小舖,26340807,0.00,1030.00,雜項購置或修繕費用,金錢,臺北市中山區****,,
19,林國成,107年直轄市議員選舉,首次申報,1070824,雜支支出,祖嘉企業有限公司,84684512,0.00,2000.00,雜項購置或修繕費用,金錢,新北市樹林區****,,
20,林國成,107年直轄市議員選舉,首次申報,1070825,雜支支出,豐饒薌舍,42363622,0.00,1345.00,餐飲費用,金錢,臺北市大同區****,,
21,林國成,107年直轄市議員選舉,首次申報,1070827,雜支支出,輝鴻商行,12413499,0.00,9850.00,餐飲費用,金錢,臺北市中山區****,,
22,林國成,107年直轄市議員選舉,首次申報,1070829,雜支支出,中華電信股份有限公司台北營運處台北北區服務中心,42405290,0.00,2000.00,電信費用(接電費),金錢,臺北市中山區****,,
23,林國成,107年直轄市議員選舉,首次申報,1070831,雜支支出,昇逸商行,,0.00,8000.00,餐飲費用,金錢,臺北市大同區****,,
24,林國成,107年直轄市議員選舉,首次申報,1070831,雜支支出,昇逸商行,81747231,0.00,7480.00,餐飲費用,金錢,臺北市大同區****,,
25,林國成,107年直轄市議員選舉,首次申報,1070901,雜支支出,智通數位科技股份有限公司,42646755,0.00,244.00,第三方支付手續費,金錢,臺北市南港區****,,
26,林國成,107年直轄市議員選舉,首次申報,1070902,租用宣傳車輛支出,格上汽車租賃股份有限公司,72800987,0.00,20000.00,租用宣傳車輛支出,金錢,新北市新店區****,,
27,林國成,107年直轄市議員選舉,首次申報,1070903,雜支支出,誠羽色彩創意有限公司,24209562,0.00,2520.00,雜項購置或修繕費用(旗座),金錢,新北市新莊區****,,
28,林國成,107年直轄市議員選舉,首次申報,1070903,宣傳支出,雅祥生活有限公司,56631900,0.00,36750.00,製作競選物品支出（不織布毛巾）,金錢,彰化縣大村鄉****,,
29,林國成,107年直轄市議員選舉,首次申報,1070903,租用宣傳車輛支出,格上汽車租賃股份有限公司,72800987,0.00,20000.00,租用宣傳車輛支出,金錢,新北市新店區****,,
30,林國成,107年直轄市議員選舉,首次申報,1070903,人事費用支出,潘彥妤,F22*******,0.00,11000.00,其他因工作酬勞之給付,金錢,臺北市中山區****,,
31,林國成,107年直轄市議員選舉,首次申報,1070905,雜支支出,台灣電力股份有限公司,03795904,0.00,774.00,水電瓦斯費用,金錢,臺北市中正區****,,
32,林國成,107年直轄市議員選舉,首次申報,1070905,雜支支出,台灣電力股份有限公司,03795904,0.00,572.00,水電瓦斯費用,金錢,臺北市中正區****,,
33,林國成,107年直轄市議員選舉,首次申報,1070905,雜支支出,台發鎖印五金行,72916615,0.00,1000.00,雜項購置或修繕費用,金錢,臺北市中山區****,,
34,林國成,107年直轄市議員選舉,首次申報,1070910,租用競選辦事處支出,東昇空調有限公司,22021275,0.00,105000.00,租買辦公設備支出(冷氣機租賃費用),金錢,臺北市萬華區****,,
35,林國成,107年直轄市議員選舉,首次申報,1070910,雜支支出,誠羽色彩創意有限公司,24209562,0.00,3780.00,雜項購置或修繕費用(旗座),金錢,新北市新莊區****,,
36,林國成,107年直轄市議員選舉,首次申報,1070911,雜支支出,味軒自助餐,77486945,0.00,685.00,餐飲費用,金錢,臺北市中山區****,,
37,林國成,107年直轄市議員選舉,首次申報,1070911,宣傳支出,刷樂國際股份有限公司,86257802,0.00,100000.00,製作競選物品支出（牙線包）,金錢,臺中市南區忠****,,
38,林國成,107年直轄市議員選舉,首次申報,1070911,人事費用支出,王建平,A10*******,0.00,20000.00,其他因工作酬勞之給付,金錢,臺北市中山區****,,
39,林國成,107年直轄市議員選舉,首次申報,1070911,人事費用支出,劉韋志,A12*******,0.00,10000.00,獎金或津貼,金錢,臺北市大同區****,,
40,林國成,107年直轄市議員選舉,首次申報,1070911,人事費用支出,劉森雄,A12*******,0.00,10000.00,獎金或津貼,金錢,臺北市中山區****,,
41,林國成,107年直轄市議員選舉,首次申報,1070911,人事費用支出,吳致弦,A12*******,0.00,2850.00,其他因工作酬勞之給付,金錢,臺北市大安區****,,
42,林國成,107年直轄市議員選舉,首次申報,1070911,人事費用支出,左佳橒,A22*******,0.00,15000.00,其他因工作酬勞之給付,金錢,臺北市中山區****,,
43,林國成,107年直轄市議員選舉,首次申報,1070911,人事費用支出,梁永辰,A22*******,0.00,20000.00,其他因工作酬勞之給付,金錢,臺北市中山區****,,
44,林國成,107年直轄市議員選舉,首次申報,1070911,人事費用支出,蘇如勳,N10*******,0.00,15000.00,其他因工作酬勞之給付,金錢,臺北市大同區****,,
45,林國成,107年直轄市議員選舉,首次申報,1070911,人事費用支出,吳進義,P12*******,0.00,10000.00,獎金或津貼,金錢,新北市蘆洲區****,,
46,林國成,107年直轄市議員選舉,首次申報,1070911,人事費用支出,施國榮,R10*******,0.00,15000.00,其他因工作酬勞之給付,金錢,臺北市中山區****,,
47,林國成,107年直轄市議員選舉,首次申報,1070911,人事費用支出,林秀金,T20*******,0.00,20000.00,其他因工作酬勞之給付,金錢,臺北市大同區****,,
48,林國成,107年直轄市議員選舉,首次申報,1070911,人事費用支出,林秀倚,T22*******,0.00,20000.00,其他因工作酬勞之給付,金錢,臺北市中山區****,,
49,林國成,107年直轄市議員選舉,首次申報,1070912,雜支支出,味軒自助餐,77486945,0.00,500.00,餐飲費用,金錢,臺北市中山區****,,
50,林國成,107年直轄市議員選舉,首次申報,1070912,人事費用支出,歐峻丞,L12*******,0.00,20000.00,其他因工作酬勞之給付,金錢,臺中市潭子區****,,
51,林國成,107年直轄市議員選舉,首次申報,1070913,雜支支出,味軒自助餐,77486945,0.00,1000.00,餐飲費用,金錢,臺北市中山區****,,
52,林國成,107年直轄市議員選舉,首次申報,1070916,宣傳支出,強葳實業有限公司,89588881,0.00,228900.00,製作競選物品支出（面紙、菜瓜布）,金錢,臺北市中山區****,,
53,林國成,107年直轄市議員選舉,首次申報,1070917,雜支支出,味軒自助餐,77486945,0.00,95.00,餐飲費用,金錢,臺北市中山區****,,
54,林國成,107年直轄市議員選舉,首次申報,1070917,雜支支出,味軒自助餐,77486945,0.00,750.00,餐飲費用,金錢,臺北市中山區****,,
55,林國成,107年直轄市議員選舉,首次申報,1070917,雜支支出,味軒自助餐,77486945,0.00,250.00,餐飲費用,金錢,臺北市中山區****,,
56,林國成,107年直轄市議員選舉,首次申報,1070918,宣傳支出,宜鋐有限公司,12938740,0.00,4300.00,製作競選物品支出（標籤貼紙）,金錢,新北市中和區****,,
57,林國成,107年直轄市議員選舉,首次申報,1070919,雜支支出,堤芙莉麵包坊,42283536,0.00,2312.00,餐飲費用,金錢,臺北市北投區****,,
58,林國成,107年直轄市議員選舉,首次申報,1070919,雜支支出,味軒自助餐,77486945,0.00,1000.00,餐飲費用,金錢,臺北市中山區****,,
59,林國成,107年直轄市議員選舉,首次申報,1070919,雜支支出,味軒自助餐,77486945,0.00,285.00,餐飲費用,金錢,臺北市中山區****,,
60,林國成,107年直轄市議員選舉,首次申報,1070919,雜支支出,味軒自助餐,77486945,0.00,290.00,餐飲費用,金錢,臺北市中山區****,,
61,林國成,107年直轄市議員選舉,首次申報,1070920,宣傳支出,雅祥生活有限公司,56631900,0.00,36750.00,製作競選物品支出（不織布毛巾）,金錢,彰化縣大村鄉****,,
62,林國成,107年直轄市議員選舉,首次申報,1070920,雜支支出,翔煒水電材料有限公司,89941552,0.00,36000.00,雜項購置或修繕費用,金錢,臺北市大同區****,,
63,林國成,107年直轄市議員選舉,首次申報,1070921,宣傳支出,潤嘉實業有限公司,27807773,0.00,256200.00,製作競選物品支出（活動背心、手搖旗、日本扇）,金錢,新北市中和區****,,
64,林國成,107年直轄市議員選舉,首次申報,1070921,宣傳支出,双秝廣告有限公司,54298160,0.00,525000.00,製作宣傳廣告支出,金錢,新北市土城區****,,
65,林國成,107年直轄市議員選舉,首次申報,1070921,宣傳支出,誠采實業股份有限公司,70463067,0.00,66413.00,製作競選物品支出（飲用水、背心）,金錢,新北市樹林區****,,
66,林國成,107年直轄市議員選舉,首次申報,1070921,雜支支出,味軒自助餐,77486945,0.00,635.00,餐飲費用,金錢,臺北市中山區****,,
67,林國成,107年直轄市議員選舉,首次申報,1070922,宣傳支出,順基國際有限公司,84793645,0.00,105000.00,製作競選物品支出（胖卡車）,金錢,新北市三重區****,,
68,林國成,107年直轄市議員選舉,首次申報,1070924,雜支支出,佳味珍香舖,12480096,0.00,1000.00,雜項購置或修繕費用,金錢,臺北市中山區****,,
69,林國成,107年直轄市議員選舉,首次申報,1070925,雜支支出,輝鴻商行,12413499,0.00,14950.00,餐飲費用,金錢,臺北市中山區****,,
70,林國成,107年直轄市議員選舉,首次申報,1070925,雜支支出,味軒自助餐,77486945,0.00,540.00,餐飲費用,金錢,臺北市中山區****,,
71,林國成,107年直轄市議員選舉,首次申報,1070926,宣傳支出,中華郵政股份有限公司,03741302,0.00,60555.00,郵寄競選物品或宣傳廣告支出,金錢,臺北市大安區****,,
72,林國成,107年直轄市議員選舉,首次申報,1070926,宣傳支出,潤嘉實業有限公司,27807773,0.00,94500.00,製作競選物品支出（手提袋）,金錢,新北市中和區****,,
73,林國成,107年直轄市議員選舉,首次申報,1070926,租用競選辦事處支出,九麗裝潢工程,70930648,0.00,84000.00,裝潢競選辦事處支出,金錢,宜蘭縣宜蘭市****,,
74,林國成,107年直轄市議員選舉,首次申報,1070926,雜支支出,味軒自助餐,77486945,0.00,645.00,餐飲費用,金錢,臺北市中山區****,,
75,林國成,107年直轄市議員選舉,首次申報,1070927,宣傳支出,中華郵政股份有限公司,03741302,0.00,9273.00,郵寄競選物品或宣傳廣告支出,金錢,臺北市大安區****,,
76,林國成,107年直轄市議員選舉,首次申報,1070927,雜支支出,誠羽色彩創意有限公司,24209562,0.00,5775.00,雜項購置或修繕費用(旗座),金錢,新北市新莊區****,,
77,林國成,107年直轄市議員選舉,首次申報,1070927,宣傳支出,誠采實業股份有限公司,70463067,0.00,65625.00,製作競選物品支出（飲用水）,金錢,新北市樹林區****,,
78,林國成,107年直轄市議員選舉,首次申報,1070927,宣傳支出,刷樂國際股份有限公司,86257802,0.00,200000.00,製作競選物品支出（牙線棒）,金錢,臺中市南區忠****,,
79,林國成,107年直轄市議員選舉,首次申報,1070928,雜支支出,味軒自助餐,77486945,0.00,700.00,餐飲費用,金錢,臺北市中山區****,,
80,林國成,107年直轄市議員選舉,首次申報,1070930,雜支支出,他家小吃店,12232602,0.00,7000.00,餐飲費用,金錢,臺北市中山區****,,
81,林國成,107年直轄市議員選舉,首次申報,1071001,租用宣傳車輛支出,格上汽車租賃股份有限公司,72800987,0.00,20000.00,租用宣傳車輛支出,金錢,新北市新店區****,,
82,林國成,107年直轄市議員選舉,首次申報,1071001,雜支支出,味軒自助餐,77486945,0.00,500.00,餐飲費用,金錢,臺北市中山區****,,
83,林國成,107年直轄市議員選舉,首次申報,1071001,人事費用支出,莊于嶔,A12*******,0.00,15000.00,其他因工作酬勞之給付,金錢,臺北市中山區****,,
84,林國成,107年直轄市議員選舉,首次申報,1071001,人事費用支出,左佳橒,A22*******,0.00,20000.00,其他因工作酬勞之給付,金錢,臺北市中山區****,,
85,林國成,107年直轄市議員選舉,首次申報,1071002,宣傳支出,中華郵政股份有限公司,03741302,0.00,1200.00,郵寄競選物品或宣傳廣告支出,金錢,臺北市大安區****,,
86,林國成,107年直轄市議員選舉,首次申報,1071002,集會支出,臺北市政府環境保護局,03774605,0.00,3000.00,租用設備支出,金錢,臺北市信義區****,,
87,林國成,107年直轄市議員選舉,首次申報,1071002,租用競選辦事處支出,承錄實業有限公司,13089273,0.00,18690.00,租買辦公設備支出,金錢,臺北市大安區****,,
88,林國成,107年直轄市議員選舉,首次申報,1071002,雜支支出,味軒自助餐,77486945,0.00,230.00,餐飲費用,金錢,臺北市中山區****,,
89,林國成,107年直轄市議員選舉,首次申報,1071002,雜支支出,味軒自助餐,77486945,0.00,290.00,餐飲費用,金錢,臺北市中山區****,,
90,林國成,107年直轄市議員選舉,首次申報,1071002,人事費用支出,張鑫盛,A10*******,0.00,20000.00,其他因工作酬勞之給付,金錢,新北市蘆洲區****,,
91,林國成,107年直轄市議員選舉,首次申報,1071002,人事費用支出,李威寬,A12*******,0.00,25000.00,其他因工作酬勞之給付,金錢,新北市三峽區****,,
92,林國成,107年直轄市議員選舉,首次申報,1071002,人事費用支出,潘彥妤,F22*******,0.00,25000.00,其他因工作酬勞之給付,金錢,臺北市中山區****,,
93,林國成,107年直轄市議員選舉,首次申報,1071003,租用宣傳車輛支出,格上汽車租賃股份有限公司,72800987,0.00,20000.00,租用宣傳車輛支出,金錢,新北市新店區****,,
94,林國成,107年直轄市議員選舉,首次申報,1071004,雜支支出,味軒自助餐,77486945,0.00,50.00,餐飲費用,金錢,臺北市中山區****,,
95,林國成,107年直轄市議員選舉,首次申報,1071005,人事費用支出,陳繹敬,S12*******,0.00,15000.00,其他因工作酬勞之給付,金錢,高雄市鳳山區****,,
96,林國成,107年直轄市議員選舉,首次申報,1071006,交通旅運支出,台灣中油新生北路站,01315062,0.00,700.00,油資,金錢,臺北市中山區****,,
97,林國成,107年直轄市議員選舉,首次申報,1071006,交通旅運支出,台灣中油吉林路站,01317126,0.00,500.00,油資,金錢,臺北市中山區****,,
98,林國成,107年直轄市議員選舉,首次申報,1071007,集會支出,同益肉店,01141513,0.00,48210.00,餐飲支出,金錢,臺北市大同區****,,
99,林國成,107年直轄市議員選舉,首次申報,1071007,雜支支出,東瀛池上飯包店,14713612,0.00,1500.00,餐飲費用,金錢,臺北市中山區****,,
100,林國成,107年直轄市議員選舉,首次申報,1071007,集會支出,天王節目製作工作室,18073222,0.00,132741.00,租用設備支出,金錢,新北市三重區****,,
101,林國成,107年直轄市議員選舉,首次申報,1071007,集會支出,永樂町蔬果店,42278196,0.00,19200.00,餐飲支出,金錢,臺北市大同區****,,
102,林國成,107年直轄市議員選舉,首次申報,1071007,交通旅運支出,大都會汽車客運股份有限公司,80653426,0.00,4800.00,搭乘交通工具支出,金錢,臺北市內湖區****,,
103,林國成,107年直轄市議員選舉,首次申報,1071008,雜支支出,吉利餐盒店,10332555,0.00,1650.00,餐飲費用,金錢,臺北市中山區****,,
104,林國成,107年直轄市議員選舉,首次申報,1071008,雜支支出,大吉成食品行,12424186,0.00,1600.00,餐飲費用,金錢,臺北市中山區****,,
105,林國成,107年直轄市議員選舉,首次申報,1071008,雜支支出,宜鋐有限公司,12938740,0.00,6227.00,文具用品費用,金錢,新北市中和區****,,
106,林國成,107年直轄市議員選舉,首次申報,1071008,雜支支出,賀眾企業股份有限公司,35880332,0.00,300.00,餐飲費用,金錢,新北市五股區****,,
107,林國成,107年直轄市議員選舉,首次申報,1071008,交通旅運支出,台灣中油民權西路站,77506365,0.00,500.00,油資,金錢,臺北市大同區****,,
108,林國成,107年直轄市議員選舉,首次申報,1071009,交通旅運支出,台灣中油新生北路站,01315062,0.00,500.00,油資,金錢,臺北市中山區****,,
109,林國成,107年直轄市議員選舉,首次申報,1071009,宣傳支出,中華郵政股份有限公司,03741302,0.00,792.00,郵寄競選物品或宣傳廣告支出,金錢,臺北市大安區****,,
110,林國成,107年直轄市議員選舉,首次申報,1071009,雜支支出,吉利餐盒店,10332555,0.00,1960.00,餐飲費用,金錢,臺北市中山區****,,
111,林國成,107年直轄市議員選舉,首次申報,1071009,雜支支出,佳味珍香舖,12480996,0.00,1200.00,雜項購置或修繕費用,金錢,臺北市中山區****,,
112,林國成,107年直轄市議員選舉,首次申報,1071009,雜支支出,何師父燒臘店,25560774,0.00,1900.00,餐飲費用,金錢,臺北市中山區****,,
113,林國成,107年直轄市議員選舉,首次申報,1071009,雜支支出,味軒自助餐,77486945,0.00,385.00,餐飲費用,金錢,臺北市中山區****,,
114,林國成,107年直轄市議員選舉,首次申報,1071009,宣傳支出,漁歌展業股份有限公司,96961862,0.00,193200.00,租用廣告看板或車體廣告支出,金錢,臺北市中山區****,,
115,林國成,107年直轄市議員選舉,首次申報,1071010,雜支支出,吉利餐盒店,10332555,0.00,1630.00,餐飲費用,金錢,臺北市中山區****,,
116,林國成,107年直轄市議員選舉,首次申報,1071010,交通旅運支出,台灣中油濱江加油站,97085406,0.00,500.00,油資,金錢,臺北市中山區****,,
117,林國成,107年直轄市議員選舉,首次申報,1071011,交通旅運支出,台灣中油新生北路站,01315062,0.00,500.00,油資,金錢,臺北市中山區****,,
118,林國成,107年直轄市議員選舉,首次申報,1071011,宣傳支出,山水民意研究股份有限公司,16135975,0.00,136500.00,委託辦理研究、評估、調查、設計或規劃支出,金錢,臺北市松山區****,,
119,林國成,107年直轄市議員選舉,首次申報,1071011,雜支支出,呂記香菇肉粥店,42398827,0.00,1960.00,餐飲費用,金錢,臺北市中山區****,,
120,林國成,107年直轄市議員選舉,首次申報,1071011,人事費用支出,王建平,A10*******,0.00,20000.00,其他因工作酬勞之給付,金錢,臺北市中山區****,,
121,林國成,107年直轄市議員選舉,首次申報,1071011,人事費用支出,劉韋志,A12*******,0.00,10000.00,獎金或津貼,金錢,臺北市大同區****,,
122,林國成,107年直轄市議員選舉,首次申報,1071011,人事費用支出,劉森雄,A12*******,0.00,10000.00,獎金或津貼,金錢,臺北市中山區****,,
123,林國成,107年直轄市議員選舉,首次申報,1071011,人事費用支出,梁永辰,A22*******,0.00,20000.00,其他因工作酬勞之給付,金錢,臺北市中山區****,,
124,林國成,107年直轄市議員選舉,首次申報,1071011,人事費用支出,周佳瑢,F22*******,0.00,3450.00,其他因工作酬勞之給付,金錢,臺北市大同區****,,
125,林國成,107年直轄市議員選舉,首次申報,1071011,人事費用支出,蘇如勳,N10*******,0.00,15000.00,其他因工作酬勞之給付,金錢,臺北市大同區****,,
126,林國成,107年直轄市議員選舉,首次申報,1071011,人事費用支出,吳進義,P12*******,0.00,10000.00,獎金或津貼,金錢,新北市蘆洲區****,,
127,林國成,107年直轄市議員選舉,首次申報,1071011,人事費用支出,施國榮,R10*******,0.00,15000.00,其他因工作酬勞之給付,金錢,臺北市中山區****,,
128,林國成,107年直轄市議員選舉,首次申報,1071012,雜支支出,滋美珍肉脯店,12127881,0.00,1720.00,餐飲費用,金錢,臺北市中山區****,,
129,林國成,107年直轄市議員選舉,首次申報,1071012,雜支支出,東瀛池上飯包店,14713612,0.00,1760.00,餐飲費用,金錢,臺北市中山區****,,
130,林國成,107年直轄市議員選舉,首次申報,1071013,雜支支出,胃得適小吃店,21758661,0.00,1850.00,餐飲費用,金錢,臺北市中山區****,,
131,林國成,107年直轄市議員選舉,首次申報,1071013,雜支支出,福運轉小吃店,42532423,0.00,1680.00,餐飲費用,金錢,臺北市中山區****,,
132,林國成,107年直轄市議員選舉,首次申報,1071014,雜支支出,蜜世界鮮果專賣店,01334125,0.00,1900.00,餐飲費用,金錢,臺北市中山區****,,
133,林國成,107年直轄市議員選舉,首次申報,1071014,雜支支出,新鮮採水果專賣店,26392993,0.00,1650.00,餐飲費用,金錢,臺北市中山區****,,
134,林國成,107年直轄市議員選舉,首次申報,1071015,雜支支出,吉林鐵板小吃店,38553277,0.00,1800.00,餐飲費用,金錢,臺北市中山區****,,
135,林國成,107年直轄市議員選舉,首次申報,1071015,雜支支出,吉林鐵板小吃店,38553277,0.00,1900.00,餐飲費用,金錢,臺北市中山區****,,
136,林國成,107年直轄市議員選舉,首次申報,1071015,宣傳支出,強葳實業有限公司,89588881,0.00,127050.00,製作競選物品支出（面紙）,金錢,臺北市中山區****,,
137,林國成,107年直轄市議員選舉,首次申報,1071015,人事費用支出,郭家瑋,A13*******,0.00,16000.00,其他因工作酬勞之給付,金錢,臺北市中山區****,,
138,林國成,107年直轄市議員選舉,首次申報,1071015,人事費用支出,蔡兆興,N12*******,0.00,18000.00,其他因工作酬勞之給付,金錢,臺北市中山區****,,
139,林國成,107年直轄市議員選舉,首次申報,1071016,雜支支出,焢大王,25597961,0.00,1600.00,餐飲費用,金錢,臺北市中山區****,,
140,林國成,107年直轄市議員選舉,首次申報,1071017,雜支支出,味軒自助餐,77486945,0.00,600.00,餐飲費用,金錢,臺北市中山區****,,
141,林國成,107年直轄市議員選舉,首次申報,1071018,雜支支出,千翔美食餐坊,14331298,0.00,1600.00,餐飲費用,金錢,臺北市中山區****,,
142,林國成,107年直轄市議員選舉,首次申報,1071018,雜支支出,何師父燒臘店,25560774,0.00,1760.00,餐飲費用,金錢,臺北市中山區****,,
143,林國成,107年直轄市議員選舉,首次申報,1071018,雜支支出,必購網電子商務有限公司,42695299,0.00,1800.00,雜項購置或修繕費用(識別證套+鍊條),金錢,臺北市大同區****,,
144,林國成,107年直轄市議員選舉,首次申報,1071018,雜支支出,味軒自助餐,77486945,0.00,140.00,餐飲費用,金錢,臺北市中山區****,,
145,林國成,107年直轄市議員選舉,首次申報,1071018,雜支支出,中華電信股份有限公司,81691784,0.00,1291.00,電信費用,金錢,臺北市大安區****,,
146,林國成,107年直轄市議員選舉,首次申報,1071018,宣傳支出,強葳實業有限公司,89588881,0.00,105000.00,製作競選物品支出（廣告面紙）,金錢,臺北市中山區****,,
147,林國成,107年直轄市議員選舉,首次申報,1071018,宣傳支出,中華電信股份有限公司,90922483,0.00,36000.00,發送電信簡訊支出,金錢,臺北市中山區****,,
148,林國成,107年直轄市議員選舉,首次申報,1071019,宣傳支出,中華郵政股份有限公司,03741302,0.00,23990.00,郵寄競選物品或宣傳廣告支出,金錢,臺北市大安區****,,
149,林國成,107年直轄市議員選舉,首次申報,1071019,雜支支出,泰利商行,42239568,0.00,5000.00,雜項購置或修繕費用,金錢,新北市三重區****,,
150,林國成,107年直轄市議員選舉,首次申報,1071019,雜支支出,味軒自助餐,77486945,0.00,410.00,餐飲費用,金錢,臺北市中山區****,,
151,林國成,107年直轄市議員選舉,首次申報,1071020,公共關係費用支出,皓園花藝社,02209075,0.00,3000.00,為民服務費用,金錢,臺北市中山區****,,
152,林國成,107年直轄市議員選舉,首次申報,1071020,雜支支出,吉林鐵板小吃店,38553277,0.00,1780.00,餐飲費用,金錢,臺北市中山區****,,
153,林國成,107年直轄市議員選舉,首次申報,1071020,雜支支出,山雞王好吃雞肉小吃店,81733692,0.00,1860.00,餐飲費用,金錢,臺北市中山區****,,
154,林國成,107年直轄市議員選舉,首次申報,1071021,雜支支出,銘記美食店,15661725,0.00,1750.00,餐飲費用,金錢,臺北市中山區****,,
155,林國成,107年直轄市議員選舉,首次申報,1071021,雜支支出,呂記香菇肉粥店,42398827,0.00,1580.00,餐飲費用,金錢,臺北市中山區****,,
156,林國成,107年直轄市議員選舉,首次申報,1071022,雜支支出,賀眾企業股份有限公司,35880332,0.00,300.00,餐飲費用,金錢,新北市五股區****,,
157,林國成,107年直轄市議員選舉,首次申報,1071022,雜支支出,味軒自助餐,77486945,0.00,280.00,餐飲費用,金錢,臺北市中山區****,,
158,林國成,107年直轄市議員選舉,首次申報,1071022,雜支支出,味軒自助餐,77486945,0.00,430.00,餐飲費用,金錢,臺北市中山區****,,
159,林國成,107年直轄市議員選舉,首次申報,1071023,雜支支出,佳味珍香舖,12480996,0.00,950.00,雜項購置或修繕費用,金錢,臺北市中山區****,,
160,林國成,107年直轄市議員選舉,首次申報,1071023,租用競選辦事處支出,九麗裝潢工程,70930648,0.00,12000.00,裝潢競選辦事處支出,金錢,宜蘭縣宜蘭市****,,
161,林國成,107年直轄市議員選舉,首次申報,1071023,雜支支出,味軒自助餐,77486945,0.00,330.00,餐飲費用,金錢,臺北市中山區****,,
162,林國成,107年直轄市議員選舉,首次申報,1071024,宣傳支出,強葳國際有限公司,27954964,0.00,115500.00,製作競選物品支出（廣告面紙）,金錢,臺北市中山區****,,
163,林國成,107年直轄市議員選舉,首次申報,1071025,雜支支出,輝鴻商行,12413499,0.00,1050.00,餐飲費用,金錢,臺北市中山區****,,
164,林國成,107年直轄市議員選舉,首次申報,1071025,雜支支出,味軒自助餐,77486945,0.00,1530.00,餐飲費用,金錢,臺北市中山區****,,
165,林國成,107年直轄市議員選舉,首次申報,1071026,雜支支出,誠羽色彩創意有限公司,24209562,0.00,5775.00,雜項購置或修繕費用,金錢,新北市新莊區****,,
166,林國成,107年直轄市議員選舉,首次申報,1071026,雜支支出,味軒自助餐,77486945,0.00,1100.00,餐飲費用,金錢,臺北市中山區****,,
167,林國成,107年直轄市議員選舉,首次申報,1071026,宣傳支出,刷樂國際股份有限公司,86257802,0.00,50000.00,製作競選物品支出（牙線棒）,金錢,臺中市南區忠****,,
168,林國成,107年直轄市議員選舉,首次申報,1071027,雜支支出,欣濱江商行,01340766,0.00,1060.00,雜項購置或修繕費用,金錢,臺北市中山區****,,
169,林國成,107年直轄市議員選舉,首次申報,1071027,雜支支出,吉利餐盒店,10332555,0.00,1850.00,餐飲費用,金錢,臺北市中山區****,,
170,林國成,107年直轄市議員選舉,首次申報,1071027,雜支支出,吉利餐盒店,10332555,0.00,1700.00,餐飲費用,金錢,臺北市中山區****,,
171,林國成,107年直轄市議員選舉,首次申報,1071028,雜支支出,吉利餐盒店,10332555,0.00,1800.00,餐飲費用,金錢,臺北市中山區****,,
172,林國成,107年直轄市議員選舉,首次申報,1071028,雜支支出,東瀛池上飯包店,14713612,0.00,1600.00,餐飲費用,金錢,臺北市中山區****,,
173,林國成,107年直轄市議員選舉,首次申報,1071028,集會支出,天王節目製作工作室,18073222,0.00,95340.00,租用設備支出,金錢,新北市三重區****,,
174,林國成,107年直轄市議員選舉,首次申報,1071029,雜支支出,勝鴻食品行,07716888,0.00,6000.00,餐飲費用,金錢,臺北市大同區****,,
175,林國成,107年直轄市議員選舉,首次申報,1071029,宣傳支出,吸引力廣告設計社,13440620,0.00,515885.00,製作競選物品支出（文宣品、帆布廣告、大圖輸出）,金錢,臺北市大同區****,,
176,林國成,107年直轄市議員選舉,首次申報,1071029,宣傳支出,誠采實業股份有限公司,70463067,0.00,52500.00,製作競選物品支出（瓶裝水）,金錢,新北市樹林區****,,
177,林國成,107年直轄市議員選舉,首次申報,1071029,雜支支出,味軒自助餐,77486945,0.00,130.00,餐飲費用,金錢,臺北市中山區****,,
178,林國成,107年直轄市議員選舉,首次申報,1071030,宣傳支出,雅祥生活有限公司,56631900,0.00,3675.00,製作競選物品支出（不織布毛巾）,金錢,彰化縣大村鄉****,,
179,林國成,107年直轄市議員選舉,首次申報,1071030,雜支支出,味軒自助餐,77486945,0.00,200.00,餐飲費用,金錢,臺北市中山區****,,
180,林國成,107年直轄市議員選舉,首次申報,1071030,宣傳支出,刷樂國際股份有限公司,86257802,0.00,50000.00,製作競選物品支出（牙線棒+攜帶盒）,金錢,臺中市南區忠****,,
181,林國成,107年直轄市議員選舉,首次申報,1071031,集會支出,臺北市政府環境保護局,03774605,0.00,3000.00,租用設備支出,金錢,臺北市信義區****,,
182,林國成,107年直轄市議員選舉,首次申報,1071031,雜支支出,得富萊聯合有限公司,61934101,0.00,2100.00,雜項購置或修繕費用,金錢,臺中市西屯區****,,
183,林國成,107年直轄市議員選舉,首次申報,1071031,雜支支出,味軒自助餐,77486945,0.00,855.00,餐飲費用,金錢,臺北市中山區****,,
184,林國成,107年直轄市議員選舉,首次申報,1071031,雜支支出,昇逸商行,81747231,0.00,5040.00,餐飲費用,金錢,臺北市大同區****,,
185,林國成,107年直轄市議員選舉,首次申報,1071031,宣傳支出,全景社區廣播電台股份有限公司,89972674,0.00,100000.00,播送、傳送或刊登宣傳廣告支出,金錢,臺北市信義區****,,
186,林國成,107年直轄市議員選舉,首次申報,1071101,宣傳支出,威旭數位媒體有限公司,24304664,0.00,50000.00,製作宣傳廣告支出,金錢,臺北市中山區****,,
187,林國成,107年直轄市議員選舉,首次申報,1071101,雜支支出,焢大王,25597961,0.00,1800.00,餐飲費用,金錢,臺北市中山區****,,
188,林國成,107年直轄市議員選舉,首次申報,1071101,雜支支出,呂記香菇肉粥店,42398827,0.00,1500.00,餐飲費用,金錢,臺北市中山區****,,
189,林國成,107年直轄市議員選舉,首次申報,1071101,租用宣傳車輛支出,格上汽車租賃股份有限公司,72800987,0.00,20000.00,租用宣傳車輛支出,金錢,新北市新店區****,,
190,林國成,107年直轄市議員選舉,首次申報,1071101,宣傳支出,大安文山有線電視股份有限公司,97172470,0.00,550000.00,播送、傳送或刊登宣傳廣告支出,金錢,臺北市文山區****,,
191,林國成,107年直轄市議員選舉,首次申報,1071101,人事費用支出,張鑫盛,A10*******,0.00,20000.00,其他因工作酬勞之給付,金錢,新北市蘆洲區****,,
192,林國成,107年直轄市議員選舉,首次申報,1071101,人事費用支出,莊于嶔,A12*******,0.00,15000.00,其他因工作酬勞之給付,金錢,臺北市中山區****,,
193,林國成,107年直轄市議員選舉,首次申報,1071101,人事費用支出,李威寬,A12*******,0.00,11000.00,其他因工作酬勞之給付,金錢,新北市三峽區****,,
194,林國成,107年直轄市議員選舉,首次申報,1071101,人事費用支出,左佳橒,A22*******,0.00,20000.00,其他因工作酬勞之給付,金錢,臺北市中山區****,,
195,林國成,107年直轄市議員選舉,首次申報,1071101,人事費用支出,潘彥妤,F22*******,0.00,25000.00,其他因工作酬勞之給付,金錢,臺北市中山區****,,
196,林國成,107年直轄市議員選舉,首次申報,1071102,雜支支出,大吉成食品行,12424186,0.00,1650.00,餐飲費用,金錢,臺北市中山區****,,
197,林國成,107年直轄市議員選舉,首次申報,1071102,雜支支出,吉林鐵板小吃店,38553277,0.00,1680.00,餐飲費用,金錢,臺北市中山區****,,
198,林國成,107年直轄市議員選舉,首次申報,1071102,宣傳支出,誠采實業股份有限公司,70463067,0.00,9450.00,製作競選物品支出（瓶裝水）,金錢,新北市樹林區****,,
199,林國成,107年直轄市議員選舉,首次申報,1071103,雜支支出,何師父燒臘店,25560774,0.00,1800.00,餐飲費用,金錢,臺北市中山區****,,
200,林國成,107年直轄市議員選舉,首次申報,1071103,雜支支出,何師父燒臘店,25560774,0.00,1700.00,餐飲費用,金錢,臺北市中山區****,,
201,林國成,107年直轄市議員選舉,首次申報,1071103,租用宣傳車輛支出,格上汽車租賃股份有限公司,72800987,0.00,20000.00,租用宣傳車輛支出,金錢,新北市新店區****,,
202,林國成,107年直轄市議員選舉,首次申報,1071104,雜支支出,胃得適小吃店,21758661,0.00,1650.00,餐飲費用,金錢,臺北市中山區****,,
203,林國成,107年直轄市議員選舉,首次申報,1071104,雜支支出,胃得適小吃店,21758661,0.00,1950.00,餐飲費用,金錢,臺北市中山區****,,
204,林國成,107年直轄市議員選舉,首次申報,1071105,雜支支出,大吉成食品行,12424186,0.00,1500.00,餐飲費用,金錢,臺北市中山區****,,
205,林國成,107年直轄市議員選舉,首次申報,1071105,雜支支出,千翔美食餐坊,14331298,0.00,1650.00,餐飲費用,金錢,臺北市中山區****,,
206,林國成,107年直轄市議員選舉,首次申報,1071105,雜支支出,賀眾企業股份有限公司,35880332,0.00,300.00,餐飲費用,金錢,新北市五股區****,,
207,林國成,107年直轄市議員選舉,首次申報,1071105,雜支支出,津生小吃店,38461404,0.00,1100.00,餐飲費用,金錢,臺北市中山區****,,
208,林國成,107年直轄市議員選舉,首次申報,1071105,人事費用支出,陳繹敬,S12*******,0.00,25000.00,其他因工作酬勞之給付,金錢,高雄市鳳山區****,,
209,林國成,107年直轄市議員選舉,首次申報,1071106,雜支支出,台灣電力股份有限公司,03795904,0.00,24084.00,水電瓦斯費用,金錢,臺北市中正區****,,
210,林國成,107年直轄市議員選舉,首次申報,1071106,雜支支出,台灣電力股份有限公司,03795904,0.00,11594.00,水電瓦斯費用,金錢,臺北市中正區****,,
211,林國成,107年直轄市議員選舉,首次申報,1071106,雜支支出,銘記美食店,15661725,0.00,1550.00,餐飲費用,金錢,臺北市中山區****,,
212,林國成,107年直轄市議員選舉,首次申報,1071106,宣傳支出,誠采實業股份有限公司,70463067,0.00,39375.00,製作競選物品支出（瓶裝水）,金錢,新北市樹林區****,,
213,林國成,107年直轄市議員選舉,首次申報,1071106,雜支支出,山雞王好吃雞肉小吃店,81733692,0.00,2000.00,餐飲費用,金錢,臺北市中山區****,,
214,林國成,107年直轄市議員選舉,首次申報,1071107,雜支支出,胃得適小吃店,21758661,0.00,1700.00,餐飲費用,金錢,臺北市中山區****,,
215,林國成,107年直轄市議員選舉,首次申報,1071107,雜支支出,吉林鐵板小吃店,38553277,0.00,1950.00,餐飲費用,金錢,臺北市中山區****,,
216,林國成,107年直轄市議員選舉,首次申報,1071108,雜支支出,佳味珍香舖,12480996,0.00,900.00,雜項購置或修繕費用,金錢,臺北市中山區****,,
217,林國成,107年直轄市議員選舉,首次申報,1071108,宣傳支出,宜鋐有限公司,12938740,0.00,6450.00,製作競選物品支出（標籤貼紙）,金錢,新北市中和區****,,
218,林國成,107年直轄市議員選舉,首次申報,1071108,雜支支出,胃得適小吃店,21758661,0.00,1460.00,餐飲費用,金錢,臺北市中山區****,,
219,林國成,107年直轄市議員選舉,首次申報,1071108,雜支支出,松江七七巷口老麵店,42531825,0.00,1500.00,餐飲費用,金錢,臺北市中山區****,,
220,林國成,107年直轄市議員選舉,首次申報,1071108,雜支支出,味軒自助餐,77486945,0.00,200.00,餐飲費用,金錢,臺北市中山區****,,
221,林國成,107年直轄市議員選舉,首次申報,1071109,雜支支出,吉利餐盒店,10332555,0.00,1700.00,餐飲費用,金錢,臺北市中山區****,,
222,林國成,107年直轄市議員選舉,首次申報,1071109,雜支支出,大吉成食品行,12424186,0.00,1900.00,餐飲費用,金錢,臺北市中山區****,,
223,林國成,107年直轄市議員選舉,首次申報,1071109,雜支支出,宜鋐有限公司,12938740,0.00,977.00,文具用品費用,金錢,新北市中和區****,,
224,林國成,107年直轄市議員選舉,首次申報,1071109,雜支支出,味軒自助餐,77486945,0.00,490.00,餐飲費用,金錢,臺北市中山區****,,
225,林國成,107年直轄市議員選舉,首次申報,1071110,交通旅運支出,台灣中油建國北路站,01606337,0.00,1200.00,油資,金錢,臺北市中山區****,,
226,林國成,107年直轄市議員選舉,首次申報,1071110,雜支支出,吉林鐵板小吃店,38553277,0.00,1400.00,餐飲費用,金錢,臺北市中山區****,,
227,林國成,107年直轄市議員選舉,首次申報,1071110,雜支支出,津仙小吃店,81717840,0.00,1690.00,餐飲費用,金錢,臺北市中山區****,,
228,林國成,107年直轄市議員選舉,首次申報,1071110,雜支支出,山雞王好吃雞肉小吃店,81733692,0.00,1700.00,餐飲費用,金錢,臺北市中山區****,,
229,林國成,107年直轄市議員選舉,首次申報,1071110,人事費用支出,鄭明裕,F12*******,0.00,6000.00,其他因工作酬勞之給付,金錢,新北市中和區****,,
230,林國成,107年直轄市議員選舉,首次申報,1071111,雜支支出,吉利餐盒店,10332555,0.00,1900.00,餐飲費用,金錢,臺北市中山區****,,
231,林國成,107年直轄市議員選舉,首次申報,1071111,雜支支出,何師父燒臘店,25560774,0.00,1900.00,餐飲費用,金錢,臺北市中山區****,,
232,林國成,107年直轄市議員選舉,首次申報,1071111,人事費用支出,王建平,A10*******,0.00,20000.00,其他因工作酬勞之給付,金錢,臺北市中山區****,,
233,林國成,107年直轄市議員選舉,首次申報,1071111,人事費用支出,劉韋志,A12*******,0.00,10000.00,獎金或津貼,金錢,臺北市大同區****,,
234,林國成,107年直轄市議員選舉,首次申報,1071111,人事費用支出,劉森雄,A12*******,0.00,10000.00,獎金或津貼,金錢,臺北市中山區****,,
235,林國成,107年直轄市議員選舉,首次申報,1071111,人事費用支出,梁永辰,A22*******,0.00,20000.00,其他因工作酬勞之給付,金錢,臺北市中山區****,,
236,林國成,107年直轄市議員選舉,首次申報,1071111,人事費用支出,蘇如勳,N10*******,0.00,15000.00,其他因工作酬勞之給付,金錢,臺北市大同區****,,
237,林國成,107年直轄市議員選舉,首次申報,1071111,人事費用支出,吳進義,P12*******,0.00,10000.00,獎金或津貼,金錢,新北市蘆洲區****,,
238,林國成,107年直轄市議員選舉,首次申報,1071111,人事費用支出,施國榮,R10*******,0.00,15000.00,其他因工作酬勞之給付,金錢,臺北市中山區****,,
239,林國成,107年直轄市議員選舉,首次申報,1071112,宣傳支出,中華郵政股份有限公司,03741302,0.00,3752.00,郵寄競選物品或宣傳廣告支出,金錢,臺北市大安區****,,
240,林國成,107年直轄市議員選舉,首次申報,1071112,雜支支出,大吉成食品行,12424186,0.00,1500.00,餐飲費用,金錢,臺北市中山區****,,
241,林國成,107年直轄市議員選舉,首次申報,1071112,返還支出,謙禧投資有限公司,12933225,0.00,100000.00,返還,金錢,臺北市大同區****,,
242,林國成,107年直轄市議員選舉,首次申報,1071112,返還支出,義祥加油站有限公司,12966169,0.00,50000.00,返還,金錢,臺北市內湖區****,,
243,林國成,107年直轄市議員選舉,首次申報,1071112,雜支支出,榮計食品行,17767196,0.00,1000.00,餐飲費用,金錢,臺北市中山區****,,
244,林國成,107年直轄市議員選舉,首次申報,1071112,返還支出,上海正義生命服務有限公司,25148347,0.00,36000.00,返還,金錢,臺北市中山區****,,
245,林國成,107年直轄市議員選舉,首次申報,1071112,返還支出,維星投資股份有限公司,27311978,0.00,50000.00,返還,金錢,臺北市松山區****,,
246,林國成,107年直轄市議員選舉,首次申報,1071112,返還支出,金瑞昇鋁業有限公司,28002232,0.00,10000.00,返還,金錢,臺北市中山區****,,
247,林國成,107年直轄市議員選舉,首次申報,1071112,返還支出,裕寶國際股份有限公司,28677685,0.00,25000.00,返還,金錢,臺北市信義區****,,
248,林國成,107年直轄市議員選舉,首次申報,1071112,雜支支出,味軒自助餐,77486945,0.00,225.00,餐飲費用,金錢,臺北市中山區****,,
249,林國成,107年直轄市議員選舉,首次申報,1071112,返還支出,黃純靜有限公司,86138975,0.00,10000.00,返還,金錢,臺北市大同區****,,
250,林國成,107年直轄市議員選舉,首次申報,1071112,返還支出,正時實業股份有限公司,86161969,0.00,10000.00,返還,金錢,臺北市大同區****,,
251,林國成,107年直轄市議員選舉,首次申報,1071112,返還支出,昭城建設有限公司,86302905,0.00,30000.00,返還,金錢,臺北市大同區****,,
252,林國成,107年直轄市議員選舉,首次申報,1071112,返還支出,惠爾國際有限公司,86696871,0.00,28000.00,返還,金錢,臺北市中山區****,,
253,林國成,107年直轄市議員選舉,首次申報,1071113,雜支支出,大吉成食品行,12424186,0.00,1400.00,餐飲費用,金錢,臺北市中山區****,,
254,林國成,107年直轄市議員選舉,首次申報,1071113,雜支支出,雞腿王盒餐專門店,81718123,0.00,1400.00,餐飲費用,金錢,臺北市中山區****,,
255,林國成,107年直轄市議員選舉,首次申報,1071113,雜支支出,山雞王好吃雞肉小吃店,81733692,0.00,1800.00,餐飲費用,金錢,臺北市中山區****,,
256,林國成,107年直轄市議員選舉,首次申報,1071114,宣傳支出,中華郵政股份有限公司,03741302,0.00,10080.00,郵寄競選物品或宣傳廣告支出,金錢,臺北市大安區****,,
257,林國成,107年直轄市議員選舉,首次申報,1071114,宣傳支出,山水民意研究股份有限公司,16135975,0.00,126000.00,委託辦理研究、評估、調查、設計或規劃支出,金錢,臺北市松山區****,,
258,林國成,107年直轄市議員選舉,首次申報,1071114,雜支支出,胃得適小吃店,21758661,0.00,1500.00,餐飲費用,金錢,臺北市中山區****,,
259,林國成,107年直轄市議員選舉,首次申報,1071114,返還支出,恩庭護理之家,31978947,0.00,5000.00,返還,金錢,臺北市中山區****,,
260,林國成,107年直轄市議員選舉,首次申報,1071114,雜支支出,吉林鐵板小吃店,38553277,0.00,1700.00,餐飲費用,金錢,臺北市中山區****,,
261,林國成,107年直轄市議員選舉,首次申報,1071114,宣傳支出,大禾企業社,73896285,0.00,50500.00,製作競選物品支出（文宣）,金錢,臺北市大同區****,,
262,林國成,107年直轄市議員選舉,首次申報,1071115,宣傳支出,中華郵政股份有限公司,03741302,0.00,4000.00,郵寄競選物品或宣傳廣告支出,金錢,臺北市大安區****,,
263,林國成,107年直轄市議員選舉,首次申報,1071115,雜支支出,胃得適小吃店,21758661,0.00,1900.00,餐飲費用,金錢,臺北市中山區****,,
264,林國成,107年直轄市議員選舉,首次申報,1071115,雜支支出,山雞王好吃雞肉小吃店,81733692,0.00,1700.00,餐飲費用,金錢,臺北市中山區****,,
265,林國成,107年直轄市議員選舉,首次申報,1071115,人事費用支出,詹明憲,A12*******,0.00,10000.00,其他因工作酬勞之給付,金錢,臺北市中山區****,,
266,林國成,107年直轄市議員選舉,首次申報,1071115,人事費用支出,郭家瑋,A13*******,0.00,25000.00,其他因工作酬勞之給付,金錢,臺北市中山區****,,
267,林國成,107年直轄市議員選舉,首次申報,1071115,人事費用支出,周佳瑢,F22*******,0.00,4400.00,其他因工作酬勞之給付,金錢,臺北市大同區****,,
268,林國成,107年直轄市議員選舉,首次申報,1071116,宣傳支出,中華郵政股份有限公司,03741302,0.00,3600.00,郵寄競選物品或宣傳廣告支出,金錢,臺北市大安區****,,
269,林國成,107年直轄市議員選舉,首次申報,1071116,雜支支出,大吉成食品行,12424186,0.00,1800.00,餐飲費用,金錢,臺北市中山區****,,
270,林國成,107年直轄市議員選舉,首次申報,1071116,雜支支出,賀眾企業股份有限公司,35880332,0.00,300.00,餐飲費用,金錢,新北市五股區****,,
271,林國成,107年直轄市議員選舉,首次申報,1071116,雜支支出,呂記香菇肉粥店,42398827,0.00,1600.00,餐飲費用,金錢,臺北市中山區****,,
272,林國成,107年直轄市議員選舉,首次申報,1071116,雜支支出,雞腿王盒餐專門店,81718123,0.00,1800.00,餐飲費用,金錢,臺北市中山區****,,
273,林國成,107年直轄市議員選舉,首次申報,1071116,雜支支出,山雞王好吃雞肉小吃店,81733692,0.00,1500.00,餐飲費用,金錢,臺北市中山區****,,
274,林國成,107年直轄市議員選舉,首次申報,1071117,雜支支出,大吉成食品行,12424186,0.00,1700.00,餐飲費用,金錢,臺北市中山區****,,
275,林國成,107年直轄市議員選舉,首次申報,1071117,雜支支出,學府燒臘部,12424448,0.00,1700.00,餐飲費用,金錢,臺北市中山區****,,
276,林國成,107年直轄市議員選舉,首次申報,1071117,宣傳支出,吸引力廣告設計社,13440620,0.00,500000.00,製作宣傳廣告支出,金錢,臺北市大同區****,,
277,林國成,107年直轄市議員選舉,首次申報,1071118,雜支支出,何師父燒臘店,25560774,0.00,1800.00,餐飲費用,金錢,臺北市中山區****,,
278,林國成,107年直轄市議員選舉,首次申報,1071118,雜支支出,吉林精緻小館,72921342,0.00,1950.00,餐飲費用,金錢,臺北市中山區****,,
279,林國成,107年直轄市議員選舉,首次申報,1071119,宣傳支出,中華郵政股份有限公司,03741302,0.00,2804.00,郵寄競選物品或宣傳廣告支出,金錢,臺北市大安區****,,
280,林國成,107年直轄市議員選舉,首次申報,1071119,雜支支出,味軒自助餐,77486945,0.00,1260.00,餐飲費用,金錢,臺北市中山區****,,
281,林國成,107年直轄市議員選舉,首次申報,1071120,交通旅運支出,台灣中油大直加油站,01315056,0.00,500.00,油資,金錢,臺北市中山區****,,
282,林國成,107年直轄市議員選舉,首次申報,1071120,交通旅運支出,台灣中油新生北路站,01315062,0.00,650.00,油資,金錢,臺北市中山區****,,
283,林國成,107年直轄市議員選舉,首次申報,1071120,交通旅運支出,台灣中油新生北路站,01315062,0.00,625.00,油資,金錢,臺北市中山區****,,
284,林國成,107年直轄市議員選舉,首次申報,1071120,交通旅運支出,台灣中油新生北路站,01315062,0.00,500.00,油資,金錢,臺北市中山區****,,
285,林國成,107年直轄市議員選舉,首次申報,1071120,宣傳支出,吸引力廣告設計社,13440620,0.00,800000.00,製作競選物品支出（大圖輸出、電腦割字、帆布廣告、舉牌、旗幟、背板)）,金錢,臺北市大同區****,,
286,林國成,107年直轄市議員選舉,首次申報,1071120,雜支支出,吉林精緻小館,72921342,0.00,1400.00,餐飲費用,金錢,臺北市中山區****,,
287,林國成,107年直轄市議員選舉,首次申報,1071120,雜支支出,吉林鐵板小吃店,72921342,0.00,1950.00,餐飲費用,金錢,臺北市中山區****,,
288,林國成,107年直轄市議員選舉,首次申報,1071120,交通旅運支出,台灣中油民權西路站,77506365,0.00,500.00,油資,金錢,臺北市大同區****,,
289,林國成,107年直轄市議員選舉,首次申報,1071120,宣傳支出,椿億廣告工程有限公司,80157221,0.00,131040.00,製作宣傳廣告支出,金錢,臺北市大同區****,,
290,林國成,107年直轄市議員選舉,首次申報,1071121,交通旅運支出,台灣中油新生北路站,01315062,0.00,300.00,油資,金錢,臺北市中山區****,,
291,林國成,107年直轄市議員選舉,首次申報,1071121,交通旅運支出,台灣中油民權西路站,77506365,0.00,300.00,油資,金錢,臺北市大同區****,,
292,林國成,107年直轄市議員選舉,首次申報,1071122,雜支支出,佳味珍香舖,12480996,0.00,1000.00,雜項購置或修繕費用,金錢,臺北市中山區****,,
293,林國成,107年直轄市議員選舉,首次申報,1071122,雜支支出,津仙小吃店,81717840,0.00,1500.00,餐飲費用,金錢,臺北市中山區****,,
294,林國成,107年直轄市議員選舉,首次申報,1071123,交通旅運支出,台灣中油新生北路站,01315062,0.00,306.00,油資,金錢,臺北市中山區****,,
295,林國成,107年直轄市議員選舉,首次申報,1071123,交通旅運支出,台灣中油建國北路站,01606337,0.00,70.00,油資,金錢,臺北市中山區****,,
296,林國成,107年直轄市議員選舉,首次申報,1071123,人事費用支出,袁潔,A29*******,0.00,30000.00,其他因工作酬勞之給付,金錢,臺北市大同區****,,
297,林國成,107年直轄市議員選舉,首次申報,1071124,交通旅運支出,台灣中油新生北路站,01315062,0.00,1374.00,油資,金錢,臺北市中山區****,,
298,林國成,107年直轄市議員選舉,首次申報,1071124,雜支支出,世慶食品有限公司,24451692,0.00,6930.00,餐飲費用,金錢,臺北市內湖區****,,
299,林國成,107年直轄市議員選舉,首次申報,1071124,人事費用支出,蔡兆興,N12*******,0.00,35000.00,其他因工作酬勞之給付,金錢,臺北市中山區****,,
300,林國成,107年直轄市議員選舉,首次申報,1071125,交通旅運支出,台灣中油新生北路站,01315062,0.00,480.00,油資,金錢,臺北市中山區****,,
301,林國成,107年直轄市議員選舉,首次申報,1071126,雜支支出,臺北自來水事業處,03774909,0.00,1615.00,水電瓦斯費用,金錢,臺北市松山區****,,
302,林國成,107年直轄市議員選舉,首次申報,1071126,雜支支出,味軒自助餐,77486945,0.00,1000.00,餐飲費用,金錢,臺北市中山區****,,
303,林國成,107年直轄市議員選舉,首次申報,1071126,人事費用支出,潘彥妤,F22*******,0.00,25000.00,其他因工作酬勞之給付,金錢,臺北市中山區****,,
304,林國成,107年直轄市議員選舉,首次申報,1071126,人事費用支出,蕭裕融,T12*******,0.00,20000.00,其他因工作酬勞之給付,金錢,屏東縣枋山鄉****,,
305,林國成,107年直轄市議員選舉,首次申報,1071126,人事費用支出,文景鋒,U12*******,0.00,20000.00,其他因工作酬勞之給付,金錢,花蓮縣新城鄉****,,
