﻿序號,擬參選人／政黨,選舉名稱,申報序號／年度,交易日期,收支科目,捐贈者／支出對象,身分證／統一編號,收入金額,支出金額,支出用途,金錢類,地址,聯絡電話,資料更正日期
1,黃鉦凱,107年縣(市)議員選舉,首次申報,1071027,營利事業捐贈收入,北歐工坊複合式餐廳,10175680,60000.00,0.00,,金錢,嘉義縣朴子市****,(05)*****,
2,黃鉦凱,107年縣(市)議員選舉,首次申報,1071027,營利事業捐贈收入,奕泰環保科技有限公司,42577080,40000.00,0.00,,金錢,嘉義縣朴子市****,(05)*****,
3,黃鉦凱,107年縣(市)議員選舉,首次申報,1071027,個人捐贈收入,于義正,A12*******,40000.00,0.00,,金錢,臺北市北投區****,0933*****,
4,黃鉦凱,107年縣(市)議員選舉,首次申報,1071027,個人捐贈收入,王連應,P12*******,50000.00,0.00,,金錢,臺中市西屯區****,(04)*****,
5,黃鉦凱,107年縣(市)議員選舉,首次申報,1071027,個人捐贈收入,侯朝欽,Q10*******,40000.00,0.00,,金錢,嘉義市東區仁****,0937*****,
6,黃鉦凱,107年縣(市)議員選舉,首次申報,1071027,個人捐贈收入,蔡文紹,Q12*******,50000.00,0.00,,金錢,嘉義縣六腳鄉****,0988*****,
7,黃鉦凱,107年縣(市)議員選舉,首次申報,1071027,個人捐贈收入,蔡易餘,Q12*******,100000.00,0.00,,金錢,嘉義縣太保市****,0928*****,
8,黃鉦凱,107年縣(市)議員選舉,首次申報,1071027,個人捐贈收入,侯信國,Q12*******,20000.00,0.00,,金錢,嘉義縣六腳鄉****,0910*****,
