﻿序號,擬參選人／政黨,選舉名稱,申報序號／年度,交易日期,收支科目,捐贈者／支出對象,身分證／統一編號,收入金額,支出金額,支出用途,金錢類,地址,聯絡電話,資料更正日期
1,朱秋隆,107年鄉(鎮、市)長選舉,首次申報,1071011,營利事業捐贈收入,建懋投資股份有限公司,89944811,200000.00,0.00,,金錢,臺北市忠孝東****,,
2,朱秋隆,107年鄉(鎮、市)長選舉,首次申報,1071015,營利事業捐贈收入,欣岳營造有限公司,53486988,100000.00,0.00,,金錢,苗栗縣後龍鎮****,,
3,朱秋隆,107年鄉(鎮、市)長選舉,首次申報,1071018,營利事業捐贈收入,荃威營造有限公司,80216397,100000.00,0.00,,金錢,苗栗縣苗栗市****,,
4,朱秋隆,107年鄉(鎮、市)長選舉,首次申報,1071025,個人捐贈收入,趙李坤,K12*******,100000.00,0.00,,金錢,苗栗縣後龍鎮****,,
5,朱秋隆,107年鄉(鎮、市)長選舉,首次申報,1071221,其他收入,利息收入,,3.00,0.00,,金錢,,,
