﻿序號,擬參選人／政黨,選舉名稱,申報序號／年度,交易日期,收支科目,捐贈者／支出對象,身分證／統一編號,收入金額,支出金額,支出用途,金錢類,地址,聯絡電話,資料更正日期
1,王燕惠,107年直轄市議員選舉,首次申報,1071017,個人捐贈收入,張文馨,R22*******,10000.00,0.00,,金錢,桃園市平鎮區****,,
2,王燕惠,107年直轄市議員選舉,首次申報,1071025,個人捐贈收入,黃清圖,N12*******,50000.00,0.00,,金錢,桃園市平鎮區****,,
3,王燕惠,107年直轄市議員選舉,首次申報,1071025,個人捐贈收入,蔡長利,P12*******,12000.00,0.00,,金錢,桃園市平鎮區****,,
4,王燕惠,107年直轄市議員選舉,首次申報,1071026,個人捐贈收入,徐志豪,H12*******,50000.00,0.00,,金錢,桃園市大園區****,,
5,王燕惠,107年直轄市議員選舉,首次申報,1071118,個人捐贈收入,陳文盛,H12*******,6000.00,0.00,,金錢,桃園市中壢區****,,
6,王燕惠,107年直轄市議員選舉,首次申報,1071118,個人捐贈收入,謝秉宏,H12*******,2000.00,0.00,,金錢,桃園市平鎮區****,,
7,王燕惠,107年直轄市議員選舉,首次申報,1071119,個人捐贈收入,盧謝菊緞,H20*******,2000.00,0.00,,金錢,桃園市平鎮區****,,
8,王燕惠,107年直轄市議員選舉,首次申報,1071120,個人捐贈收入,彭鼎福,K10*******,2000.00,0.00,,金錢,桃園市平鎮區****,,
9,王燕惠,107年直轄市議員選舉,首次申報,1071121,個人捐贈收入,呂芳炳,H12*******,8000.00,0.00,,金錢,桃園市中壢區****,,
