﻿序號,擬參選人／政黨,選舉名稱,申報序號／年度,交易日期,收支科目,捐贈者／支出對象,身分證／統一編號,收入金額,支出金額,捐贈方式,存入專戶日期,返還/繳庫,支出用途,金錢類,地址,聯絡電話,應揭露之支出對象,支出對象之內部人員姓名,支出對象之內部人員職稱,政黨之內部人員姓名,政黨之內部人員職稱,關係,更正註記,資料更正日期
1,簡慈坊,111年雲林縣議員選舉,首次申報,1111011,個人捐贈收入,何俊雄,,10000.00,0.00,匯款,1111011,,,金錢,雲林縣斗南鎮****,,,,,,,,,
2,簡慈坊,111年雲林縣議員選舉,首次申報,1111017,個人捐贈收入,楊四乾,,3000.00,0.00,匯款,1111017,,,金錢,雲林縣斗南鎮****,,,,,,,,,
3,簡慈坊,111年雲林縣議員選舉,首次申報,1111018,個人捐贈收入,沈武雄,P12*******,50000.00,0.00,匯款,1111018,,,金錢,雲林縣斗南鎮****,05-5*****,,,,,,,,
4,簡慈坊,111年雲林縣議員選舉,首次申報,1111024,個人捐贈收入,姚吉祥,E12*******,2000.00,0.00,匯款,1111024,,,金錢,雲林縣大埤鄉****,,,,,,,,,
5,簡慈坊,111年雲林縣議員選舉,首次申報,1111101,個人捐贈收入,林重仁,,10000.00,0.00,匯款,1111101,,,金錢,雲林縣斗六市****,05-5*****,,,,,,,,
6,簡慈坊,111年雲林縣議員選舉,首次申報,1111102,個人捐贈收入,沈尊嚴,P10*******,10000.00,0.00,匯款,1111102,,,金錢,雲林縣斗南鎮****,,,,,,,,,
7,簡慈坊,111年雲林縣議員選舉,首次申報,1111119,個人捐贈收入,楊淑鈴,,2800.00,0.00,現金,1111119,,,金錢,雲林縣斗六市****,,,,,,,,,
8,簡慈坊,111年雲林縣議員選舉,首次申報,1111221,其他收入,利息收入,,9.00,0.00,現金,1111221,,,金錢,,,,,,,,,,
