﻿序號,擬參選人／政黨,選舉名稱,申報序號／年度,交易日期,收支科目,捐贈者／支出對象,身分證／統一編號,收入金額,支出金額,捐贈方式,存入專戶日期,返還/繳庫,支出用途,金錢類,地址,聯絡電話,應揭露之支出對象,支出對象之內部人員姓名,支出對象之內部人員職稱,政黨之內部人員姓名,政黨之內部人員職稱,關係,更正註記,資料更正日期
1,孫造雄,111年臺中市議員選舉,首次申報,1110810,匿名捐贈,匿名1,,6000.00,0.00,匯款,1110810,,,金錢,,,,,,,,,,
2,孫造雄,111年臺中市議員選舉,首次申報,1110817,營利事業捐贈收入,原鄉工程行,40640642,10000.00,0.00,匯款,1110817,,,金錢,臺中市太平區****,0977*****,,,,,,,,
3,孫造雄,111年臺中市議員選舉,首次申報,1110922,政黨捐贈收入,民主進步黨,政黨證字第16號,500000.00,0.00,匯款,1110922,,,金錢,臺北市中正區****,(02)*****,,,,,,,,
4,孫造雄,111年臺中市議員選舉,首次申報,1111221,其他收入,利息收入,,18.00,0.00,匯款,1111221,,,金錢,,,,,,,,,,
