﻿序號,擬參選人／政黨,選舉名稱,申報序號／年度,交易日期,收支科目,捐贈者／支出對象,身分證／統一編號,收入金額,支出金額,支出用途,金錢類,地址,聯絡電話,資料更正日期
1,陳幸富,107年直轄市議員選舉,首次申報,1070912,個人捐贈收入,鄭文明,K12*******,10000.00,0.00,,金錢,新北市板橋區****,0932*****,
2,陳幸富,107年直轄市議員選舉,首次申報,1070913,個人捐贈收入,陳正祥,,10000.00,0.00,,金錢,新北市板橋區****,0978*****,
3,陳幸富,107年直轄市議員選舉,首次申報,1070913,個人捐贈收入,時漢華,,3000.00,0.00,,金錢,高雄市楠梓區****,0931*****,
4,陳幸富,107年直轄市議員選舉,首次申報,1070914,個人捐贈收入,何智仁,,3000.00,0.00,,金錢,台中市烏日區****,042-*****,
5,陳幸富,107年直轄市議員選舉,首次申報,1070927,個人捐贈收入,劉川本,,3000.00,0.00,,金錢,台南市仁德區****,0982*****,
6,陳幸富,107年直轄市議員選舉,首次申報,1071030,個人捐贈收入,曾志浚,,3000.00,0.00,,金錢,新北市汐止區****,0922*****,
