﻿序號,擬參選人／政黨,選舉名稱,申報序號／年度,交易日期,收支科目,捐贈者／支出對象,身分證／統一編號,收入金額,支出金額,捐贈方式,存入專戶日期,返還/繳庫,支出用途,金錢類,地址,聯絡電話,應揭露之支出對象,支出對象之內部人員姓名,支出對象之內部人員職稱,政黨之內部人員姓名,政黨之內部人員職稱,關係,更正註記,資料更正日期
1,蘇錦雄,111年新北市議員選舉,首次申報,1110802,宣傳支出,文探資訊股份有限公司,,0.00,1796.00,,,,製作競選物品或宣傳廣告費用（彩色信封）,金錢,新北市新莊區****,,否,,,,,,,
2,蘇錦雄,111年新北市議員選舉,首次申報,1110817,宣傳支出,文探資訊股份有限公司,,0.00,788.00,,,,製作競選物品或宣傳廣告費用（小海報）,金錢,新北市新莊區****,,否,,,,,,,
3,蘇錦雄,111年新北市議員選舉,首次申報,1110817,宣傳支出,文探資訊股份有限公司,,0.00,1827.00,,,,製作競選物品或宣傳廣告費用（年曆卡）,金錢,新北市新莊區****,,否,,,,,,,
4,蘇錦雄,111年新北市議員選舉,首次申報,1110818,集會支出,聚光工作坊股份有限公司,,0.00,2100.00,,,,租用設備費用,金錢,臺北市南港區****,,否,,,,,,,
5,蘇錦雄,111年新北市議員選舉,首次申報,1110901,租用競選辦事處支出,林志偉,F12*******,0.00,114000.00,,,,租用競選辦事處費用,金錢,新北市樹林區****,,否,,,,,,,
6,蘇錦雄,111年新北市議員選舉,首次申報,1110918,宣傳支出,藝都廣告社,,0.00,22181.00,,,,製作競選物品或宣傳廣告費用（帆布）,金錢,新北市新莊區****,,否,,,,,,,
7,蘇錦雄,111年新北市議員選舉,首次申報,1110920,雜支支出,鼎勳貿易商行,,0.00,709.00,,,,文具用品費用,金錢,彰化縣鹿港鎮****,,否,,,,,,,
8,蘇錦雄,111年新北市議員選舉,首次申報,1110921,宣傳支出,雅柏企業社,,0.00,30000.00,,,,製作競選物品或宣傳廣告費用（帽子）,金錢,新北市板橋區****,,否,,,,,,,
9,蘇錦雄,111年新北市議員選舉,首次申報,1111011,集會支出,新北市三重區公所,,0.00,390.00,,,,租用場地費用,金錢,新北市三重區****,,否,,,,,,,
10,蘇錦雄,111年新北市議員選舉,首次申報,1111013,租用宣傳車輛支出,台灣中油股份有限公司,,0.00,1000.00,,,,宣傳車輛燃料費用,金錢,新北市樹林區****,,否,,,,,,,
11,蘇錦雄,111年新北市議員選舉,首次申報,1111014,租用宣傳車輛支出,吉利貨車出租行,76905744,0.00,45000.00,,,,租用宣傳車輛費用,金錢,新北市汐止區****,,否,,,,,,,
12,蘇錦雄,111年新北市議員選舉,首次申報,1111018,租用宣傳車輛支出,台亞石油股份有限公司,,0.00,1000.00,,,,宣傳車輛燃料費用,金錢,新北市板橋區****,,否,,,,,,,
13,蘇錦雄,111年新北市議員選舉,首次申報,1111018,宣傳支出,華碩影印裝訂打字行,,0.00,2260.00,,,,製作競選物品或宣傳廣告費用（宣傳品印刷）,金錢,新北市新莊區****,,否,,,,,,,
14,蘇錦雄,111年新北市議員選舉,首次申報,1111019,宣傳支出,樹林樹新路郵局,,0.00,2865.00,,,,郵寄競選物品或宣傳廣告費用,金錢,新北市樹林區****,,否,,,,,,,
15,蘇錦雄,111年新北市議員選舉,首次申報,1111022,集會支出,Solo音樂工作室,,0.00,2000.00,,,,租用設備費用,金錢,新北市新莊區****,,否,,,,,,,
16,蘇錦雄,111年新北市議員選舉,首次申報,1111024,租用宣傳車輛支出,台亞石油股份有限公司,,0.00,1000.00,,,,宣傳車輛燃料費用,金錢,新北市新莊區****,,否,,,,,,,
17,蘇錦雄,111年新北市議員選舉,首次申報,1111024,宣傳支出,樹林樹新路郵局,,0.00,194.00,,,,郵寄競選物品或宣傳廣告費用,金錢,新北市樹林區****,,否,,,,,,,
18,蘇錦雄,111年新北市議員選舉,首次申報,1111025,租用競選辦事處支出,藝都廣告社,,0.00,18000.00,,,,裝潢競選辦事處費用,金錢,新北市新莊區****,,否,,,,,,,
19,蘇錦雄,111年新北市議員選舉,首次申報,1111026,宣傳支出,華碩影印裝訂打字行,,0.00,2500.00,,,,製作競選物品或宣傳廣告費用（宣傳品印刷）,金錢,新北市新莊區****,,否,,,,,,,
20,蘇錦雄,111年新北市議員選舉,首次申報,1111026,宣傳支出,笙祐數位影像有限公司,,0.00,2646.00,,,,製作競選物品或宣傳廣告費用（手舉牌）,金錢,新北市新莊區****,,否,,,,,,,
21,蘇錦雄,111年新北市議員選舉,首次申報,1111027,租用宣傳車輛支出,台亞石油股份有限公司,,0.00,1000.00,,,,宣傳車輛燃料費用,金錢,新北市八里區****,,否,,,,,,,
22,蘇錦雄,111年新北市議員選舉,首次申報,1111027,集會支出,聚光工作坊股份有限公司,,0.00,20475.00,,,,租用設備費用,金錢,臺北市南港區****,,否,,,,,,,
23,蘇錦雄,111年新北市議員選舉,首次申報,1111027,雜支支出,欣禾便當店,,0.00,1050.00,,,,餐飲費用,金錢,新北市樹林區****,,否,,,,,,,
24,蘇錦雄,111年新北市議員選舉,首次申報,1111028,集會支出,Solo音樂工作室,,0.00,7000.00,,,,租用設備費用,金錢,新北市新莊區****,,否,,,,,,,
25,蘇錦雄,111年新北市議員選舉,首次申報,1111028,宣傳支出,莉姬舞蹈團,,0.00,6000.00,,,,演講或表演費用,金錢,新北市林口區****,,否,,,,,,,
26,蘇錦雄,111年新北市議員選舉,首次申報,1111028,宣傳支出,珍愛文化藝術團,,0.00,6000.00,,,,演講或表演費用,金錢,新北市新店區****,,否,,,,,,,
27,蘇錦雄,111年新北市議員選舉,首次申報,1111028,宣傳支出,左岸藝術團,,0.00,6000.00,,,,演講或表演費用,金錢,新北市八里區****,,否,,,,,,,
28,蘇錦雄,111年新北市議員選舉,首次申報,1111028,宣傳支出,比西里岸旅北文化藝術團,,0.00,6000.00,,,,演講或表演費用,金錢,新北市板橋區****,,否,,,,,,,
29,蘇錦雄,111年新北市議員選舉,首次申報,1111028,宣傳支出,葛瑪蘭文化藝術團,,0.00,6000.00,,,,演講或表演費用,金錢,新北市鶯歌區****,,否,,,,,,,
30,蘇錦雄,111年新北市議員選舉,首次申報,1111028,宣傳支出,葛瑪蘭文化藝術團,,0.00,6000.00,,,,演講或表演費用,金錢,新北市樹林區****,,否,,,,,,,
31,蘇錦雄,111年新北市議員選舉,首次申報,1111028,宣傳支出,伊督丐文化藝術團,,0.00,6000.00,,,,演講或表演費用,金錢,新北市板橋區****,,否,,,,,,,
32,蘇錦雄,111年新北市議員選舉,首次申報,1111028,宣傳支出,阿勒斯飛躍原舞團,,0.00,6000.00,,,,演講或表演費用,金錢,新北市三峽區****,,否,,,,,,,
33,蘇錦雄,111年新北市議員選舉,首次申報,1111028,宣傳支出,拉拉桑,,0.00,6000.00,,,,演講或表演費用,金錢,新北市泰山區****,,否,,,,,,,
34,蘇錦雄,111年新北市議員選舉,首次申報,1111028,宣傳支出,林口區原住民族發展協進會婦女會,,0.00,6000.00,,,,演講或表演費用,金錢,新北市林口區****,,否,,,,,,,
35,蘇錦雄,111年新北市議員選舉,首次申報,1111028,集會支出,富邦產物保險股份有限公司,,0.00,10953.00,,,,其他與集會有關之費用,金錢,臺北市中山區****,,否,,,,,,,
36,蘇錦雄,111年新北市議員選舉,首次申報,1111029,集會支出,新北市交通義勇警察大隊樹林中隊,,0.00,6000.00,,,,其他與集會有關之費用,金錢,新北市中和區****,,否,,,,,,,
37,蘇錦雄,111年新北市議員選舉,首次申報,1111029,宣傳支出,MAFANA樂團,,0.00,25000.00,,,,演講或表演費用,金錢,屏東縣屏東市****,,否,,,,,,,
38,蘇錦雄,111年新北市議員選舉,首次申報,1111029,宣傳支出,沈清雄,,0.00,4000.00,,,,演講或表演費用,金錢,新北市板橋區****,,否,,,,,,,
39,蘇錦雄,111年新北市議員選舉,首次申報,1111029,宣傳支出,巴奈．葛六,,0.00,6000.00,,,,演講或表演費用,金錢,花蓮縣光復鄉****,,否,,,,,,,
40,蘇錦雄,111年新北市議員選舉,首次申報,1111029,集會支出,奧司卡展覽有限公司,,0.00,14490.00,,,,其他與集會有關之費用,金錢,桃園市桃園區****,,否,,,,,,,
41,蘇錦雄,111年新北市議員選舉,首次申報,1111029,宣傳支出,徐艷婷,,0.00,5000.00,,,,演講或表演費用,金錢,高雄市鹽埕區****,,否,,,,,,,
42,蘇錦雄,111年新北市議員選舉,首次申報,1111031,宣傳支出,樹林實業有限公司,,0.00,4281.00,,,,製作競選物品或宣傳廣告費用（帆布）,金錢,新北市土城區****,,否,,,,,,,
43,蘇錦雄,111年新北市議員選舉,首次申報,1111031,租用競選辦事處支出,中嘉寬頻,,0.00,1797.00,,,,其他與租用競選辦事處有關之費用,金錢,新北市樹林區****,,否,,,,,,,
44,蘇錦雄,111年新北市議員選舉,首次申報,1111031,宣傳支出,大豐旗幟有限公司,22480165,0.00,58800.00,,,,製作競選物品或宣傳廣告費用（關東旗、橫布條、手搖旗）,金錢,新北市汐止區****,,否,,,,,,,
45,蘇錦雄,111年新北市議員選舉,首次申報,1111031,交通旅運支出,左右旅行社股份有限公司,52410048,0.00,117500.00,,,,其他與交通旅運有關之費用,金錢,臺北市大安區****,,否,,,,,,,
46,蘇錦雄,111年新北市議員選舉,首次申報,1111101,租用競選辦事處支出,藝都廣告社,,0.00,24465.00,,,,裝潢競選辦事處費用,金錢,新北市新莊區****,,否,,,,,,,
47,蘇錦雄,111年新北市議員選舉,首次申報,1111101,宣傳支出,樹林樹新路郵局,,0.00,28.00,,,,郵寄競選物品或宣傳廣告費用,金錢,新北市樹林區****,,否,,,,,,,
48,蘇錦雄,111年新北市議員選舉,首次申報,1111101,宣傳支出,樹林樹新路郵局,,0.00,63.00,,,,郵寄競選物品或宣傳廣告費用,金錢,新北市樹林區****,,否,,,,,,,
49,蘇錦雄,111年新北市議員選舉,首次申報,1111102,宣傳支出,樹林樹新路郵局,,0.00,28.00,,,,郵寄競選物品或宣傳廣告費用,金錢,新北市樹林區****,,否,,,,,,,
50,蘇錦雄,111年新北市議員選舉,首次申報,1111102,租用宣傳車輛支出,台亞石油股份有限公司,,0.00,1000.00,,,,宣傳車輛燃料費用,金錢,新北市新莊區****,,否,,,,,,,
51,蘇錦雄,111年新北市議員選舉,首次申報,1111104,租用宣傳車輛支出,台灣中油股份有限公司,,0.00,1000.00,,,,宣傳車輛燃料費用,金錢,新北市樹林區****,,否,,,,,,,
52,蘇錦雄,111年新北市議員選舉,首次申報,1111104,宣傳支出,潤嘉實業有限公司,,0.00,13650.00,,,,製作競選物品或宣傳廣告費用（帽子）,金錢,新北市中和區****,,否,,,,,,,
53,蘇錦雄,111年新北市議員選舉,首次申報,1111107,租用宣傳車輛支出,笙豐汽車材料行,,0.00,4500.00,,,,維修宣傳車輛費用,金錢,新北市樹林區****,,否,,,,,,,
54,蘇錦雄,111年新北市議員選舉,首次申報,1111108,宣傳支出,樹林樹新路郵局,,0.00,44.00,,,,郵寄競選物品或宣傳廣告費用,金錢,新北市樹林區****,,否,,,,,,,
55,蘇錦雄,111年新北市議員選舉,首次申報,1111109,集會支出,Solo音樂工作室,,0.00,3000.00,,,,租用設備費用,金錢,新北市新莊區****,,否,,,,,,,
56,蘇錦雄,111年新北市議員選舉,首次申報,1111109,租用宣傳車輛支出,信誠加油站實業有限公司,,0.00,1331.00,,,,宣傳車輛燃料費用,金錢,新北市五股區****,,否,,,,,,,
57,蘇錦雄,111年新北市議員選舉,首次申報,1111109,宣傳支出,文探資訊股份有限公司,,0.00,2594.00,,,,製作競選物品或宣傳廣告費用（貼紙）,金錢,新北市新莊區****,,否,,,,,,,
58,蘇錦雄,111年新北市議員選舉,首次申報,1111110,宣傳支出,樹林樹新路郵局,,0.00,60.00,,,,郵寄競選物品或宣傳廣告費用,金錢,新北市樹林區****,,否,,,,,,,
59,蘇錦雄,111年新北市議員選舉,首次申報,1111112,宣傳支出,鄭新龍,,0.00,15000.00,,,,演講或表演費用,金錢,新北市板橋區****,,否,,,,,,,
60,蘇錦雄,111年新北市議員選舉,首次申報,1111114,宣傳支出,樹林樹新路郵局,,0.00,67.00,,,,郵寄競選物品或宣傳廣告費用,金錢,新北市樹林區****,,否,,,,,,,
61,蘇錦雄,111年新北市議員選舉,首次申報,1111114,宣傳支出,藝都廣告社,,0.00,1050.00,,,,製作競選物品或宣傳廣告費用（貼紙）,金錢,新北市新莊區****,,否,,,,,,,
62,蘇錦雄,111年新北市議員選舉,首次申報,1111114,租用宣傳車輛支出,台灣中油股份有限公司,,0.00,1000.00,,,,宣傳車輛燃料費用,金錢,新北市新店區****,,否,,,,,,,
63,蘇錦雄,111年新北市議員選舉,首次申報,1111114,租用競選辦事處支出,台灣自來水股份有限公司,,0.00,209.00,,,,其他與租用競選辦事處有關之費用,金錢,新北市樹林區****,,否,,,,,,,
64,蘇錦雄,111年新北市議員選舉,首次申報,1111115,租用宣傳車輛支出,高加加油站,,0.00,500.00,,,,宣傳車輛燃料費用,金錢,新北市中和區****,,否,,,,,,,
65,蘇錦雄,111年新北市議員選舉,首次申報,1111115,宣傳支出,樹林郵局,,0.00,2602.00,,,,郵寄競選物品或宣傳廣告費用,金錢,新北市樹林區****,,否,,,,,,,
66,蘇錦雄,111年新北市議員選舉,首次申報,1111116,租用宣傳車輛支出,高加加油站,,0.00,1000.00,,,,宣傳車輛燃料費用,金錢,新北市中和區****,,否,,,,,,,
67,蘇錦雄,111年新北市議員選舉,首次申報,1111117,租用宣傳車輛支出,永錡彭厝加油站股份有限公司,,0.00,500.00,,,,宣傳車輛燃料費用,金錢,新北市樹林區****,,否,,,,,,,
68,蘇錦雄,111年新北市議員選舉,首次申報,1111118,租用宣傳車輛支出,台亞石油股份有限公司,,0.00,1386.00,,,,宣傳車輛燃料費用,金錢,新北市新莊區****,,否,,,,,,,
69,蘇錦雄,111年新北市議員選舉,首次申報,1111118,宣傳支出,樹林郵局,,0.00,360.00,,,,郵寄競選物品或宣傳廣告費用,金錢,新北市樹林區****,,否,,,,,,,
70,蘇錦雄,111年新北市議員選舉,首次申報,1111120,宣傳支出,藝都廣告社,,0.00,1260.00,,,,製作競選物品或宣傳廣告費用（貼紙）,金錢,新北市新莊區****,,否,,,,,,,
71,蘇錦雄,111年新北市議員選舉,首次申報,1111121,租用宣傳車輛支出,台灣中油股份有限公司,,0.00,1362.00,,,,宣傳車輛燃料費用,金錢,新北市樹林區****,,否,,,,,,,
72,蘇錦雄,111年新北市議員選舉,首次申報,1111121,宣傳支出,樹林樹新路郵局,,0.00,118.00,,,,郵寄競選物品或宣傳廣告費用,金錢,新北市樹林區****,,否,,,,,,,
73,蘇錦雄,111年新北市議員選舉,首次申報,1111122,宣傳支出,樹林樹新路郵局,,0.00,35.00,,,,郵寄競選物品或宣傳廣告費用,金錢,新北市樹林區****,,否,,,,,,,
74,蘇錦雄,111年新北市議員選舉,首次申報,1111122,租用宣傳車輛支出,台亞石油股份有限公司,,0.00,1000.00,,,,宣傳車輛燃料費用,金錢,新北市土城區****,,否,,,,,,,
75,蘇錦雄,111年新北市議員選舉,首次申報,1111122,宣傳支出,華碩影印裝訂打字行,,0.00,680.00,,,,製作競選物品或宣傳廣告費用（DM）,金錢,新北市新莊區****,,否,,,,,,,
76,蘇錦雄,111年新北市議員選舉,首次申報,1111124,租用宣傳車輛支出,台亞石油股份有限公司,,0.00,500.00,,,,宣傳車輛燃料費用,金錢,新北市新莊區****,,否,,,,,,,
77,蘇錦雄,111年新北市議員選舉,首次申報,1111129,租用競選辦事處支出,台灣電力公司,,0.00,3048.00,,,,其他與租用競選辦事處有關之費用,金錢,臺北市中正區****,,否,,,,,,,
78,蘇錦雄,111年新北市議員選舉,首次申報,1111202,租用競選辦事處支出,台灣電力公司,,0.00,2251.00,,,,其他與租用競選辦事處有關之費用,金錢,臺北市中正區****,,否,,,,,,,
79,蘇錦雄,111年新北市議員選舉,首次申報,1111202,租用競選辦事處支出,台灣自來水公司,,0.00,594.00,,,,其他與租用競選辦事處有關之費用,金錢,新北市樹林區****,,否,,,,,,,
