﻿序號,擬參選人／政黨,選舉名稱,申報序號／年度,交易日期,收支科目,捐贈者／支出對象,身分證／統一編號,收入金額,支出金額,捐贈方式,存入專戶日期,返還/繳庫,支出用途,金錢類,地址,聯絡電話,應揭露之支出對象,支出對象之內部人員姓名,支出對象之內部人員職稱,政黨之內部人員姓名,政黨之內部人員職稱,關係,更正註記,資料更正日期
1,蘇錦雄,111年新北市議員選舉,首次申報,1110829,個人捐贈收入,江振耀,,16000.00,0.00,現金,1110829,,,金錢,臺北市士林區****,,,,,,,,,
2,蘇錦雄,111年新北市議員選舉,首次申報,1110922,政黨捐贈收入,民主進步黨,政黨證字第16號,500000.00,0.00,匯款,1110922,,,金錢,台北市北平東****,(02)*****,,,,,,,,
3,蘇錦雄,111年新北市議員選舉,首次申報,1111006,個人捐贈收入,鄭玉蘭,,2000.00,0.00,現金,1111006,,,金錢,臺北市大同區****,0906*****,,,,,,,,
4,蘇錦雄,111年新北市議員選舉,首次申報,1111006,個人捐贈收入,田豐妹,,2000.00,0.00,現金,1111006,,,金錢,新北市永和區****,0921*****,,,,,,,,
5,蘇錦雄,111年新北市議員選舉,首次申報,1111006,個人捐贈收入,郭秀蘭,,20000.00,0.00,現金,1111006,,,金錢,新北市三峽區****,0958*****,,,,,,,,
6,蘇錦雄,111年新北市議員選舉,首次申報,1111006,個人捐贈收入,徐俊豪,V12*******,3000.00,0.00,現金,1111006,,,金錢,臺東縣東河鄉****,0965*****,,,,,,,,
7,蘇錦雄,111年新北市議員選舉,首次申報,1111007,個人捐贈收入,李欣容,A22*******,14500.00,0.00,現金,1111007,,,金錢,桃園市楊梅區****,,,,,,,,,
8,蘇錦雄,111年新北市議員選舉,首次申報,1111007,個人捐贈收入,楊珺詠,A22*******,3000.00,0.00,現金,1111007,,,金錢,臺北市大安區****,,,,,,,,,
9,蘇錦雄,111年新北市議員選舉,首次申報,1111020,個人捐贈收入,陳秀蓉,,10000.00,0.00,匯款,1111020,,,金錢,新北市八里區****,0978*****,,,,,,,,
10,蘇錦雄,111年新北市議員選舉,首次申報,1111024,個人捐贈收入,吳李萬金,,12000.00,0.00,現金,1111024,,,金錢,新北市鶯歌區****,,,,,,,,,
11,蘇錦雄,111年新北市議員選舉,首次申報,1111024,個人捐贈收入,廖文通,,6000.00,0.00,現金,1111024,,,金錢,新北市新莊區****,,,,,,,,,
12,蘇錦雄,111年新北市議員選舉,首次申報,1111024,個人捐贈收入,陳進富,,6000.00,0.00,現金,1111024,,,金錢,新北市板橋區****,,,,,,,,,
13,蘇錦雄,111年新北市議員選舉,首次申報,1111024,個人捐贈收入,陳忠明,,12000.00,0.00,現金,1111024,,,金錢,新北市樹林區****,,,,,,,,,
14,蘇錦雄,111年新北市議員選舉,首次申報,1111024,個人捐贈收入,林宇軒,,3000.00,0.00,現金,1111024,,,金錢,新北市樹林區****,,,,,,,,,
15,蘇錦雄,111年新北市議員選舉,首次申報,1111024,個人捐贈收入,蔡毓梅,,2000.00,0.00,現金,1111024,,,金錢,新北市林口區****,,,,,,,,,
16,蘇錦雄,111年新北市議員選舉,首次申報,1111024,個人捐贈收入,周柏劭,,12000.00,0.00,現金,1111024,,,金錢,新北市樹林區****,,,,,,,,,
17,蘇錦雄,111年新北市議員選舉,首次申報,1111101,個人捐贈收入,宋慶祥,,3000.00,0.00,現金,1111101,,,金錢,桃園市龍潭區****,,,,,,,,,
18,蘇錦雄,111年新北市議員選舉,首次申報,1111101,個人捐贈收入,林棟良,,3600.00,0.00,現金,1111101,,,金錢,新北市樹林區****,,,,,,,,,
19,蘇錦雄,111年新北市議員選舉,首次申報,1111101,個人捐贈收入,林棟良,,10000.00,0.00,現金,1111101,,,金錢,新北市樹林區****,,,,,,,,,
20,蘇錦雄,111年新北市議員選舉,首次申報,1111101,個人捐贈收入,廖國棟,,10000.00,0.00,現金,1111101,,,金錢,臺北市中正區****,,,,,,,,,
21,蘇錦雄,111年新北市議員選舉,首次申報,1111103,個人捐贈收入,陳秀蓉,,300.00,0.00,現金,1111103,,,金錢,新北市蘆洲區****,,,,,,,,,
