﻿序號,擬參選人／政黨,選舉名稱,申報序號／年度,交易日期,收支科目,捐贈者／支出對象,身分證／統一編號,收入金額,支出金額,捐贈方式,存入專戶日期,返還/繳庫,支出用途,金錢類,地址,聯絡電話,應揭露之支出對象,支出對象之內部人員姓名,支出對象之內部人員職稱,政黨之內部人員姓名,政黨之內部人員職稱,關係,資料更正日期
1,親民黨,,109,1090102,捐贈其推薦之公職候選人競選費用支出,石人仁,A12*******,0.00,200000.00,,,,捐贈其推薦之公職候選人競選費用,金錢,新北市板橋區****,,,,,,,,
2,親民黨,,109,1090528,人事費用支出,馬傑明,H10*******,0.00,50000.00,,,,工資或薪津,金錢,桃園市桃園區****,,,,,,,,
3,親民黨,,109,1090528,人事費用支出,魏志中,E12*******,0.00,25000.00,,,,工資或薪津,金錢,新北市新莊區****,,,,,,,,
4,親民黨,,109,1090528,人事費用支出,楊雲黛,F20*******,0.00,53000.00,,,,工資或薪津,金錢,臺北市信義區****,,,,,,,,
5,親民黨,,109,1090528,人事費用支出,張慶輝,G10*******,0.00,20000.00,,,,工資或薪津,金錢,臺北市內湖區****,,,,,,,,
6,親民黨,,109,1090528,人事費用支出,吳麗珠,H20*******,0.00,52000.00,,,,工資或薪津,金錢,新北市林口區****,,,,,,,,
7,親民黨,,109,1090528,人事費用支出,陳淑禎,D22*******,0.00,65000.00,,,,工資或薪津,金錢,新北市板橋區****,,,,,,,,
8,親民黨,,109,1090528,人事費用支出,張再生,F10*******,0.00,30000.00,,,,工資或薪津,金錢,新北市中和區****,,,,,,,,
9,親民黨,,109,1090528,人事費用支出,王汝森,A12*******,0.00,47000.00,,,,工資或薪津,金錢,新北市樹林區****,,,,,,,,
10,親民黨,,109,1090528,人事費用支出,鍾連勝,S12*******,0.00,45000.00,,,,工資或薪津,金錢,新北市中和區****,,,,,,,,
11,親民黨,,109,1090528,人事費用支出,包慧娟,L22*******,0.00,50000.00,,,,工資或薪津,金錢,新北市板橋區****,,,,,,,,
12,親民黨,,109,1090528,人事費用支出,葉松吉,R10*******,0.00,40000.00,,,,工資或薪津,金錢,臺北市信義區****,,,,,,,,
13,親民黨,,109,1090528,人事費用支出,陳宏義,W10*******,0.00,75000.00,,,,工資或薪津,金錢,臺北市文山區****,,,,,,,,
14,親民黨,,109,1090528,人事費用支出,洪毓彬,E12*******,0.00,58000.00,,,,工資或薪津,金錢,高雄市前鎮區****,,,,,,,,
15,親民黨,,109,1090528,人事費用支出,時蓓蓓,V22*******,0.00,50000.00,,,,工資或薪津,金錢,新北市泰山區****,,,,,,,,
16,親民黨,,109,1090528,人事費用支出,張美玉,V22*******,0.00,46000.00,,,,工資或薪津,金錢,新北市三重區****,,,,,,,,
17,親民黨,,109,1090528,人事費用支出,陳翊,F12*******,0.00,3000.00,,,,工資或薪津,金錢,新北市林口區****,,,,,,,,
18,親民黨,,109,1090528,人事費用支出,黎建南,E10*******,0.00,25000.00,,,,工資或薪津,金錢,高雄市新興區****,,,,,,,,
19,親民黨,,109,1090528,人事費用支出,張碩文,P12*******,0.00,75000.00,,,,工資或薪津,金錢,新北市三重區****,,,,,,,,
20,親民黨,,109,1090630,人事費用支出,馬傑明,H10*******,0.00,50000.00,,,,工資或薪津,金錢,桃園市桃園區****,,,,,,,,
21,親民黨,,109,1090630,人事費用支出,魏志中,E12*******,0.00,25000.00,,,,工資或薪津,金錢,新北市新莊區****,,,,,,,,
22,親民黨,,109,1090630,人事費用支出,楊雲黛,F20*******,0.00,53000.00,,,,工資或薪津,金錢,臺北市信義區****,,,,,,,,
23,親民黨,,109,1090630,人事費用支出,張慶輝,G10*******,0.00,20000.00,,,,工資或薪津,金錢,臺北市內湖區****,,,,,,,,
24,親民黨,,109,1090630,人事費用支出,吳麗珠,H20*******,0.00,52000.00,,,,工資或薪津,金錢,新北市林口區****,,,,,,,,
25,親民黨,,109,1090630,人事費用支出,陳淑禎,D22*******,0.00,65000.00,,,,工資或薪津,金錢,新北市板橋區****,,,,,,,,
26,親民黨,,109,1090630,人事費用支出,張再生,F10*******,0.00,30000.00,,,,工資或薪津,金錢,新北市中和區****,,,,,,,,
27,親民黨,,109,1090630,人事費用支出,王汝森,A12*******,0.00,47000.00,,,,工資或薪津,金錢,新北市樹林區****,,,,,,,,
28,親民黨,,109,1090630,人事費用支出,鍾連勝,S12*******,0.00,45000.00,,,,工資或薪津,金錢,新北市中和區****,,,,,,,,
29,親民黨,,109,1090630,人事費用支出,包慧娟,L22*******,0.00,50000.00,,,,工資或薪津,金錢,新北市板橋區****,,,,,,,,
30,親民黨,,109,1090630,人事費用支出,葉松吉,R10*******,0.00,40000.00,,,,工資或薪津,金錢,臺北市信義區****,,,,,,,,
31,親民黨,,109,1090630,人事費用支出,陳宏義,W10*******,0.00,75000.00,,,,工資或薪津,金錢,臺北市文山區****,,,,,,,,
32,親民黨,,109,1090630,人事費用支出,洪毓彬,E12*******,0.00,58000.00,,,,工資或薪津,金錢,高雄市前鎮區****,,,,,,,,
33,親民黨,,109,1090630,人事費用支出,時蓓蓓,V22*******,0.00,50000.00,,,,工資或薪津,金錢,新北市泰山區****,,,,,,,,
34,親民黨,,109,1090630,人事費用支出,張美玉,V22*******,0.00,46000.00,,,,工資或薪津,金錢,新北市三重區****,,,,,,,,
35,親民黨,,109,1090630,人事費用支出,陳翊,F12*******,0.00,3000.00,,,,工資或薪津,金錢,新北市林口區****,,,,,,,,
36,親民黨,,109,1090630,人事費用支出,黎建南,E10*******,0.00,25000.00,,,,工資或薪津,金錢,高雄市新興區****,,,,,,,,
37,親民黨,,109,1090630,人事費用支出,張碩文,P12*******,0.00,75000.00,,,,工資或薪津,金錢,新北市三重區****,,,,,,,,
38,親民黨,,109,1090630,人事費用支出,李逸鵬,A12*******,0.00,3000.00,,,,工資或薪津,金錢,新北市林口區****,,,,,,,,
