﻿序號,擬參選人／政黨,選舉名稱,申報序號／年度,交易日期,收支科目,捐贈者／支出對象,身分證／統一編號,收入金額,支出金額,捐贈方式,存入專戶日期,返還/繳庫,支出用途,金錢類,地址,聯絡電話,應揭露之支出對象,支出對象之內部人員姓名,支出對象之內部人員職稱,政黨之內部人員姓名,政黨之內部人員職稱,關係,更正註記,資料更正日期
1,張惟晴,111年高雄市議員選舉,首次申報,1110930,個人捐贈收入,林家旺,F12*******,100000.00,0.00,匯款,1110930,,,金錢,新北市淡水區****,0921*****,,,,,,,,
2,張惟晴,111年高雄市議員選舉,首次申報,1111017,營利事業捐贈收入,天興實業股份有限公司,81470092,60000.00,0.00,現金,1111017,,,金錢,高雄市大社區****,,,,,,,,,
3,張惟晴,111年高雄市議員選舉,首次申報,1111018,匿名捐贈,王彥程,,6688.00,0.00,匯款,1111018,,,金錢,,,,,,,,,,
4,張惟晴,111年高雄市議員選舉,首次申報,1111121,個人捐贈收入,蔡政諺,E12*******,100000.00,0.00,現金,1111130,,,金錢,高雄市三民區****,0936*****,,,,,,,,
5,張惟晴,111年高雄市議員選舉,首次申報,1111122,個人捐贈收入,林孟貴,E20*******,10000.00,0.00,現金,1111201,,,金錢,高雄市左營區****,0910*****,,,,,,,,
6,張惟晴,111年高雄市議員選舉,首次申報,1111122,政黨捐贈收入,中國國民黨,政黨證字第1號,50000.00,0.00,現金,1111202,,,金錢,台北市中山區****,(02)*****,,,,,,,,
