﻿序號,擬參選人／政黨,選舉名稱,申報序號／年度,交易日期,收支科目,捐贈者／支出對象,身分證／統一編號,收入金額,支出金額,支出用途,金錢類,地址,聯絡電話,資料更正日期
1,陳錦錠,107年直轄市議員選舉,首次申報,1070917,匿名捐贈,匿名,,147.00,0.00,,金錢,,,
2,陳錦錠,107年直轄市議員選舉,首次申報,1071008,個人捐贈收入,黃希文,A12*******,100000.00,0.00,,金錢,臺北市信義區****,02-6*****,
3,陳錦錠,107年直轄市議員選舉,首次申報,1071008,個人捐贈收入,曾俊盛,T12*******,100000.00,0.00,,金錢,臺北市信義區****,02-6*****,
4,陳錦錠,107年直轄市議員選舉,首次申報,1071022,個人捐贈收入,紀淳獻,A12*******,500.00,0.00,,金錢,新北市中和區****,0933*****,
5,陳錦錠,107年直轄市議員選舉,首次申報,1071022,個人捐贈收入,陳游玉秀,F20*******,3600.00,0.00,,金錢,新北市中和區****,0958*****,
6,陳錦錠,107年直轄市議員選舉,首次申報,1071022,個人捐贈收入,王義玲,F22*******,2000.00,0.00,,金錢,新北市中和區****,2945*****,
7,陳錦錠,107年直轄市議員選舉,首次申報,1071022,個人捐贈收入,蔡文興,G10*******,3000.00,0.00,,金錢,新北市新莊區****,0932*****,
8,陳錦錠,107年直轄市議員選舉,首次申報,1071022,個人捐贈收入,倪寶奎,N10*******,20000.00,0.00,,金錢,新北市中和區****,0932*****,
9,陳錦錠,107年直轄市議員選舉,首次申報,1071022,個人捐贈收入,施永福,V10*******,5000.00,0.00,,金錢,新北市中和區****,0912*****,
10,陳錦錠,107年直轄市議員選舉,首次申報,1071023,營利事業捐贈收入,泰隆窯業股份有限公司,36529293,200000.00,0.00,,金錢,新北市鶯歌區****,2679*****,
11,陳錦錠,107年直轄市議員選舉,首次申報,1071023,個人捐贈收入,陳政吉,F10*******,10000.00,0.00,,金錢,新北市樹林區****,0933*****,
12,陳錦錠,107年直轄市議員選舉,首次申報,1071023,個人捐贈收入,周錦瑞,F10*******,100000.00,0.00,,金錢,新北市淡水區****,2622*****,
13,陳錦錠,107年直轄市議員選舉,首次申報,1071024,人民團體捐贈收入,社團法人新北市醫師公會,,20000.00,0.00,,金錢,新北市三重區****,02-2*****,
14,陳錦錠,107年直轄市議員選舉,首次申報,1071024,營利事業捐贈收入,希德欣業有限公司,68713309,100000.00,0.00,,金錢,臺北市信義區****,02-8*****,
15,陳錦錠,107年直轄市議員選舉,首次申報,1071025,營利事業捐贈收入,大慶票券金融股份有限公司,97172915,200000.00,0.00,,金錢,臺北市中山區****,2581*****,
16,陳錦錠,107年直轄市議員選舉,首次申報,1071031,營利事業捐贈收入,蘿曼仕旅舘股份有限公司,80118136,50000.00,0.00,,金錢,新北市永和區****,8921*****,
17,陳錦錠,107年直轄市議員選舉,首次申報,1071101,個人捐贈收入,欒胡秀珍,F22*******,5000.00,0.00,,金錢,新北市中和區****,2223*****,
18,陳錦錠,107年直轄市議員選舉,首次申報,1071102,營利事業捐贈收入,龍吉堂紙品有限公司,89662349,100000.00,0.00,,金錢,新北市中和區****,2223*****,
19,陳錦錠,107年直轄市議員選舉,首次申報,1071105,個人捐贈收入,張彩琳,A22*******,100000.00,0.00,,金錢,新北市三重區****,2299*****,
20,陳錦錠,107年直轄市議員選舉,首次申報,1071105,個人捐贈收入,施春成,Q12*******,50000.00,0.00,,金錢,新北市三重區****,2299*****,
21,陳錦錠,107年直轄市議員選舉,首次申報,1071105,個人捐贈收入,汪忠平,Q12*******,50000.00,0.00,,金錢,臺北市松山區****,2299*****,
22,陳錦錠,107年直轄市議員選舉,首次申報,1071105,個人捐贈收入,施月女,Q22*******,40000.00,0.00,,金錢,新北市三重區****,2299*****,
23,陳錦錠,107年直轄市議員選舉,首次申報,1071106,個人捐贈收入,劉玠廷,A12*******,80000.00,0.00,,金錢,新北市萬里區****,2299*****,
24,陳錦錠,107年直轄市議員選舉,首次申報,1071108,個人捐贈收入,張美錤,Q20*******,20000.00,0.00,,金錢,臺北市和平西****,2690*****,
25,陳錦錠,107年直轄市議員選舉,首次申報,1071108,個人捐贈收入,林清合,R10*******,60000.00,0.00,,金錢,新北市蘆洲區****,2690*****,
26,陳錦錠,107年直轄市議員選舉,首次申報,1071112,個人捐贈收入,朱錦市,E20*******,20000.00,0.00,,金錢,臺北市北投區****,0933*****,
27,陳錦錠,107年直轄市議員選舉,首次申報,1071112,個人捐贈收入,陳素招,Q20*******,2000.00,0.00,,金錢,新北市板橋區****,0982*****,
28,陳錦錠,107年直轄市議員選舉,首次申報,1071120,個人捐贈收入,留莊育,A11*******,20000.00,0.00,,金錢,臺北市松山區****,0933*****,
29,陳錦錠,107年直轄市議員選舉,首次申報,1071120,個人捐贈收入,林其德,F12*******,5000.00,0.00,,金錢,新北市三重區****,0955*****,
30,陳錦錠,107年直轄市議員選舉,首次申報,1071121,個人捐贈收入,朱華火,J10*******,1000.00,0.00,,金錢,新北市永和區****,,
31,陳錦錠,107年直轄市議員選舉,首次申報,1071122,個人捐贈收入,呂東霖,F12*******,100000.00,0.00,,金錢,臺北市信義區****,,
