﻿序號,擬參選人／政黨,選舉名稱,申報序號／年度,交易日期,收支科目,捐贈者／支出對象,身分證／統一編號,收入金額,支出金額,捐贈方式,存入專戶日期,返還/繳庫,支出用途,金錢類,地址,聯絡電話,應揭露之支出對象,支出對象之內部人員姓名,支出對象之內部人員職稱,政黨之內部人員姓名,政黨之內部人員職稱,關係,更正註記,資料更正日期
1,呂美玲,111年基隆市議員選舉,首次申報,1110920,匿名捐贈,匿名,,1.00,0.00,現金,1110920,,,金錢,,,,,,,,,,
2,呂美玲,111年基隆市議員選舉,首次申報,1110923,個人捐贈收入,俞桂明,C22*******,10000.00,0.00,現金,1110923,,,金錢,基隆市中正區****,0975*****,,,,,,,,
3,呂美玲,111年基隆市議員選舉,首次申報,1110927,匿名捐贈,匿名,,3000.00,0.00,現金,1110927,,,金錢,,,,,,,,,,
4,呂美玲,111年基隆市議員選舉,首次申報,1110928,匿名捐贈,匿名,,5000.00,0.00,現金,1110928,,,金錢,,,,,,,,,,
5,呂美玲,111年基隆市議員選舉,首次申報,1110929,個人捐贈收入,洪紹傑,C12*******,20000.00,0.00,現金,1110929,,,金錢,基隆市中正區****,02-2*****,,,,,,,,
6,呂美玲,111年基隆市議員選舉,首次申報,1111005,匿名捐贈,匿名,,1000.00,0.00,現金,1111005,,,金錢,,,,,,,,,,
7,呂美玲,111年基隆市議員選舉,首次申報,1111015,匿名捐贈,匿名,,10000.00,0.00,現金,1111015,,,金錢,,,,,,,,,,
8,呂美玲,111年基隆市議員選舉,首次申報,1111019,個人捐贈收入,陳聯昌,C10*******,6000.00,0.00,現金,1111019,,,金錢,基隆市中正區****,0910*****,,,,,,,,
9,呂美玲,111年基隆市議員選舉,首次申報,1111020,匿名捐贈,匿名,,1000.00,0.00,現金,1111020,,,金錢,,,,,,,,,,
10,呂美玲,111年基隆市議員選舉,首次申報,1111020,匿名捐贈,匿名1,,1000.00,0.00,現金,1111020,,,金錢,,,,,,,,,,
11,呂美玲,111年基隆市議員選舉,首次申報,1111020,個人捐贈收入,劉秀美,L20*******,10000.00,0.00,現金,1111020,,,金錢,基隆市中正區****,0922*****,,,,,,,,
12,呂美玲,111年基隆市議員選舉,首次申報,1111023,匿名捐贈,匿名,,10000.00,0.00,現金,1111023,,,金錢,,,,,,,,,,
13,呂美玲,111年基隆市議員選舉,首次申報,1111031,個人捐贈收入,曹瑞宋,C10*******,6000.00,0.00,現金,1111031,,,金錢,基隆市中正區****,0937*****,,,,,,,,
14,呂美玲,111年基隆市議員選舉,首次申報,1111031,個人捐贈收入,陳素瓊,P22*******,3000.00,0.00,現金,1111031,,,金錢,基隆市信義區****,0933*****,,,,,,,,
15,呂美玲,111年基隆市議員選舉,首次申報,1111117,個人捐贈收入,許義南,F12*******,2000.00,0.00,現金,1111117,,,金錢,基隆市仁愛區****,,,,,,,,,
16,呂美玲,111年基隆市議員選舉,首次申報,1111118,營利事業捐贈收入,有限責任基隆第一信用合作社,00280902,30000.00,0.00,票據,1111121,,,金錢,基隆市中正區****,02-2*****,,,,,,,,
17,呂美玲,111年基隆市議員選舉,首次申報,1111124,匿名捐贈,匿名,,2000.00,0.00,現金,1111124,,,金錢,,,,,,,,,,
18,呂美玲,111年基隆市議員選舉,首次申報,1111221,其他收入,利息收入,,95.00,0.00,匯款,1111221,,,金錢,,,,,,,,,,
