﻿序號,擬參選人／政黨,選舉名稱,申報序號／年度,交易日期,收支科目,捐贈者／支出對象,身分證／統一編號,收入金額,支出金額,支出用途,金錢類,地址,聯絡電話,資料更正日期
1,劉美芳,107年直轄市議員選舉,首次申報,1071015,個人捐贈收入,郭智仁,G12*******,30000.00,0.00,,金錢,新北市板橋區****,,
2,劉美芳,107年直轄市議員選舉,首次申報,1071016,個人捐贈收入,陳明達,F12*******,10000.00,0.00,,金錢,新北市板橋區****,,
3,劉美芳,107年直轄市議員選舉,首次申報,1071023,個人捐贈收入,陳莉莉,D22*******,100000.00,0.00,,金錢,台南市民族路****,,
4,劉美芳,107年直轄市議員選舉,首次申報,1071028,人民團體捐贈收入,新北市板橋區婦女愛心服務會,,10000.00,0.00,,金錢,新北市板橋區****,,
5,劉美芳,107年直轄市議員選舉,首次申報,1071028,人民團體捐贈收入,新北市板橋區弘揚孝道會,,5000.00,0.00,,金錢,新北市板橋區****,,
6,劉美芳,107年直轄市議員選舉,首次申報,1071028,人民團體捐贈收入,新北市板橋區三民社區發展協會,,2000.00,0.00,,金錢,新北市板橋區****,,
7,劉美芳,107年直轄市議員選舉,首次申報,1071028,匿名捐贈,匿名,,2000.00,0.00,,金錢,,,
8,劉美芳,107年直轄市議員選舉,首次申報,1071028,營利事業捐贈收入,寶佳室內裝修工程行,26728358,20000.00,0.00,,金錢,新北市三峽區****,,
9,劉美芳,107年直轄市議員選舉,首次申報,1071028,個人捐贈收入,呂羅麗華,A20*******,100000.00,0.00,,金錢,新北市板橋區****,,
10,劉美芳,107年直轄市議員選舉,首次申報,1071028,個人捐贈收入,王志銘,F10*******,20000.00,0.00,,金錢,新北市板橋區****,,
11,劉美芳,107年直轄市議員選舉,首次申報,1071028,個人捐贈收入,陳俊榮,F12*******,26000.00,0.00,,金錢,新北市板橋區****,,
12,劉美芳,107年直轄市議員選舉,首次申報,1071028,個人捐贈收入,王燕光,F12*******,20000.00,0.00,,金錢,新北市板橋區****,,
13,劉美芳,107年直轄市議員選舉,首次申報,1071028,個人捐贈收入,吳賴月哖,K22*******,12000.00,0.00,,金錢,新北市板橋區****,,
14,劉美芳,107年直轄市議員選舉,首次申報,1071028,個人捐贈收入,呂永聰,N10*******,2000.00,0.00,,金錢,新北市板橋區****,,
15,劉美芳,107年直轄市議員選舉,首次申報,1071028,個人捐贈收入,陳秀雄,R10*******,4000.00,0.00,,金錢,新北市板橋區****,,
16,劉美芳,107年直轄市議員選舉,首次申報,1071029,人民團體捐贈收入,新北市彰化同鄉總會,,100000.00,0.00,,金錢,台北市中正區****,,
17,劉美芳,107年直轄市議員選舉,首次申報,1071029,營利事業捐贈收入,霖勵建設股份有限公司,16400024,150000.00,0.00,,金錢,新北市板橋區****,,
18,劉美芳,107年直轄市議員選舉,首次申報,1071029,營利事業捐贈收入,新昌建設股份有限公司,86631505,150000.00,0.00,,金錢,新北市板橋區****,,
19,劉美芳,107年直轄市議員選舉,首次申報,1071029,個人捐贈收入,楊元鈴,A22*******,20000.00,0.00,,金錢,新北市板橋區****,,
20,劉美芳,107年直轄市議員選舉,首次申報,1071029,個人捐贈收入,呂紹平,G12*******,20000.00,0.00,,金錢,新北市板橋區****,,
21,劉美芳,107年直轄市議員選舉,首次申報,1071029,個人捐贈收入,姚玉如,T22*******,20000.00,0.00,,金錢,新北市板橋區****,,
22,劉美芳,107年直轄市議員選舉,首次申報,1071108,人民團體捐贈收入,社團法人新北市牙醫師公會,,30000.00,0.00,,金錢,新北市板橋區****,,
23,劉美芳,107年直轄市議員選舉,首次申報,1071109,匿名捐贈,匿名,,1000.00,0.00,,金錢,,,
24,劉美芳,107年直轄市議員選舉,首次申報,1071112,營利事業捐贈收入,金協興營造股份有限公司,93693490,300000.00,0.00,,金錢,台北市民生東****,,
25,劉美芳,107年直轄市議員選舉,首次申報,1071112,個人捐贈收入,黃鐘鞍,A12*******,12000.00,0.00,,金錢,新北市板橋區****,,
26,劉美芳,107年直轄市議員選舉,首次申報,1071113,營利事業捐贈收入,國揚實業股份有限公司,11603817,200000.00,0.00,,金錢,台北市民生東****,,
27,劉美芳,107年直轄市議員選舉,首次申報,1071119,個人捐贈收入,吳明威,A12*******,100000.00,0.00,,金錢,新北市大安區****,,
28,劉美芳,107年直轄市議員選舉,首次申報,1071119,個人捐贈收入,紀淳獻,A12*******,600.00,0.00,,金錢,新北市板橋區****,,
29,劉美芳,107年直轄市議員選舉,首次申報,1071119,個人捐贈收入,高毓鍵,A22*******,100000.00,0.00,,金錢,新北市板橋區****,,
30,劉美芳,107年直轄市議員選舉,首次申報,1071119,個人捐贈收入,蔡信崇,E12*******,20000.00,0.00,,金錢,高雄市苓雅區****,,
31,劉美芳,107年直轄市議員選舉,首次申報,1071119,個人捐贈收入,林繼益,F10*******,50000.00,0.00,,金錢,新北市板橋區****,,
32,劉美芳,107年直轄市議員選舉,首次申報,1071119,個人捐贈收入,吳哲嘉,F10*******,1000.00,0.00,,金錢,新北市板橋區****,,
33,劉美芳,107年直轄市議員選舉,首次申報,1071119,個人捐贈收入,陳來興,F10*******,3000.00,0.00,,金錢,新北市板橋區****,,
34,劉美芳,107年直轄市議員選舉,首次申報,1071119,個人捐贈收入,楊榮弘,F12*******,100000.00,0.00,,金錢,新北市板橋區****,,
35,劉美芳,107年直轄市議員選舉,首次申報,1071119,個人捐贈收入,賴文斌,F12*******,100000.00,0.00,,金錢,新北市板橋區****,,
36,劉美芳,107年直轄市議員選舉,首次申報,1071119,個人捐贈收入,賴文傑,F12*******,100000.00,0.00,,金錢,新竹縣竹北市****,,
37,劉美芳,107年直轄市議員選舉,首次申報,1071119,個人捐贈收入,呂芳誠,F12*******,100000.00,0.00,,金錢,新北市板橋區****,,
38,劉美芳,107年直轄市議員選舉,首次申報,1071119,個人捐贈收入,楊榮恭,F12*******,100000.00,0.00,,金錢,新北市板橋區****,,
39,劉美芳,107年直轄市議員選舉,首次申報,1071119,個人捐贈收入,楊錦花,F22*******,100000.00,0.00,,金錢,新北市板橋區****,,
40,劉美芳,107年直轄市議員選舉,首次申報,1071119,個人捐贈收入,楊錦秀,F22*******,100000.00,0.00,,金錢,新北市板橋區****,,
41,劉美芳,107年直轄市議員選舉,首次申報,1071119,個人捐贈收入,呂竺穎,F22*******,100000.00,0.00,,金錢,台北市大安區****,,
42,劉美芳,107年直轄市議員選舉,首次申報,1071119,個人捐贈收入,吳佳銘,H12*******,30000.00,0.00,,金錢,新北市板橋區****,,
43,劉美芳,107年直轄市議員選舉,首次申報,1071119,個人捐贈收入,潘芳玲,J22*******,100000.00,0.00,,金錢,新北市板橋區****,,
44,劉美芳,107年直轄市議員選舉,首次申報,1071119,個人捐贈收入,潘啟慶,K12*******,100000.00,0.00,,金錢,新北市板橋區****,,
45,劉美芳,107年直轄市議員選舉,首次申報,1071119,個人捐贈收入,沈德惠,R10*******,1000.00,0.00,,金錢,新北市板橋區****,,
46,劉美芳,107年直轄市議員選舉,首次申報,1071120,人民團體捐贈收入,社團法人新北市醫師公會,,20000.00,0.00,,金錢,新北市三重區****,,
47,劉美芳,107年直轄市議員選舉,首次申報,1071120,個人捐贈收入,王信鈞,B12*******,12000.00,0.00,,金錢,新北市板橋區****,,
48,劉美芳,107年直轄市議員選舉,首次申報,1071120,個人捐贈收入,蔡承翰,D12*******,12000.00,0.00,,金錢,新北市板橋區****,,
49,劉美芳,107年直轄市議員選舉,首次申報,1071120,個人捐贈收入,吳得利,F12*******,50000.00,0.00,,金錢,新北市板橋區****,,
50,劉美芳,107年直轄市議員選舉,首次申報,1071120,個人捐贈收入,黃文鵬,F12*******,12000.00,0.00,,金錢,新北市新莊區****,,
51,劉美芳,107年直轄市議員選舉,首次申報,1071120,個人捐贈收入,吳尚榮,N12*******,12000.00,0.00,,金錢,新北市板橋區****,,
52,劉美芳,107年直轄市議員選舉,首次申報,1071121,個人捐贈收入,林庭安,G22*******,6000.00,0.00,,金錢,新北市板橋區****,,
53,劉美芳,107年直轄市議員選舉,首次申報,1071122,個人捐贈收入,葉家瑋,N12*******,10000.00,0.00,,金錢,新北市板橋區****,,
54,劉美芳,107年直轄市議員選舉,首次申報,1071123,個人捐贈收入,劉炳盛,F10*******,100000.00,0.00,,金錢,新北市板橋區****,,
55,劉美芳,107年直轄市議員選舉,首次申報,1071123,個人捐贈收入,郭祐福,F10*******,50000.00,0.00,,金錢,新北市板橋區****,,
56,劉美芳,107年直轄市議員選舉,首次申報,1071123,個人捐贈收入,李志中,F12*******,100000.00,0.00,,金錢,新北市中和區****,,
57,劉美芳,107年直轄市議員選舉,首次申報,1071123,個人捐贈收入,楊友邦,F20*******,100000.00,0.00,,金錢,新北市板橋區****,,
58,劉美芳,107年直轄市議員選舉,首次申報,1071123,個人捐贈收入,林綠涓,F22*******,10000.00,0.00,,金錢,新北市板橋區****,,
59,劉美芳,107年直轄市議員選舉,首次申報,1071123,個人捐贈收入,李志文,F22*******,100000.00,0.00,,金錢,新北市中和區****,,
60,劉美芳,107年直轄市議員選舉,首次申報,1071123,個人捐贈收入,卓萬福,S10*******,13000.00,0.00,,金錢,新北市板橋區****,,
61,劉美芳,107年直轄市議員選舉,首次申報,1071221,其他收入,存款息,,362.00,0.00,,金錢,,,
