﻿序號,擬參選人／政黨,選舉名稱,申報序號／年度,交易日期,收支科目,捐贈者／支出對象,身分證／統一編號,收入金額,支出金額,捐贈方式,存入專戶日期,返還/繳庫,支出用途,金錢類,地址,聯絡電話,應揭露之支出對象,支出對象之內部人員姓名,支出對象之內部人員職稱,政黨之內部人員姓名,政黨之內部人員職稱,關係,更正註記,資料更正日期
1,楊妙月,111年彰化縣議員選舉,首次申報,1110816,營利事業捐贈收入,華鉬實業股份有限公司,16803770,50000.00,0.00,匯款,1110816,,,金錢,彰化縣鹿港鎮****,04-7*****,,,,,,,,
2,楊妙月,111年彰化縣議員選舉,首次申報,1110818,營利事業捐贈收入,宇翔羽毛有限公司,28402764,100000.00,0.00,匯款,1110818,,,金錢,彰化縣鹿港鎮****,04-7*****,,,,,,,,
3,楊妙月,111年彰化縣議員選舉,首次申報,1110825,營利事業捐贈收入,麥箖企業股份有限公司,80003140,100000.00,0.00,匯款,1110825,,,金錢,彰化縣福興鄉****,,,,,,,,,
4,楊妙月,111年彰化縣議員選舉,首次申報,1110916,營利事業捐贈收入,芫利實業有限公司,96997566,50000.00,0.00,匯款,1110916,,,金錢,彰化縣鹿港鎮****,04-7*****,,,,,,,,
5,楊妙月,111年彰化縣議員選舉,首次申報,1110923,營利事業捐贈收入,加盟工業有限公司,59362491,20000.00,0.00,匯款,1110923,,,金錢,彰化縣福興鄉****,,,,,,,,,
6,楊妙月,111年彰化縣議員選舉,首次申報,1110923,個人捐贈收入,吳佾達,N12*******,6000.00,0.00,匯款,1110923,,,金錢,彰化縣和美鎮****,,,,,,,,,
7,楊妙月,111年彰化縣議員選舉,首次申報,1110928,營利事業捐贈收入,鍍威精密股份有限公司,90525793,10000.00,0.00,匯款,1110928,已返還,,金錢,彰化縣鹿港鎮****,,,,,,,,,
8,楊妙月,111年彰化縣議員選舉,首次申報,1110930,營利事業捐贈收入,物格股份有限公司,16575467,100000.00,0.00,匯款,1110930,,,金錢,彰化縣鹿港鎮****,,,,,,,,,
9,楊妙月,111年彰化縣議員選舉,首次申報,1111004,個人捐贈收入,黃榮蒼,N10*******,60000.00,0.00,現金,1111004,,,金錢,福興鄉郵局信****,,,,,,,,,
10,楊妙月,111年彰化縣議員選舉,首次申報,1111005,個人捐贈收入,陳永聰,N12*******,20000.00,0.00,匯款,1111005,,,金錢,彰化縣福興鄉****,,,,,,,,,
11,楊妙月,111年彰化縣議員選舉,首次申報,1111005,個人捐贈收入,楊錦治,N22*******,100000.00,0.00,匯款,1111005,,,金錢,彰化縣鹿港鎮****,,,,,,,,,
12,楊妙月,111年彰化縣議員選舉,首次申報,1111018,營利事業捐贈收入,錡興科技股份有限公司,80396454,50000.00,0.00,匯款,1111018,,,金錢,彰化縣鹿港鎮****,,,,,,,,,
13,楊妙月,111年彰化縣議員選舉,首次申報,1111021,營利事業捐贈收入,美傢家具股份有限公司,59314267,20000.00,0.00,匯款,1111021,,,金錢,彰化縣芳苑鄉****,,,,,,,,,
14,楊妙月,111年彰化縣議員選舉,首次申報,1111024,個人捐贈收入,粘仁禧,N12*******,100000.00,0.00,匯款,1111024,,,金錢,彰化縣福興鄉****,,,,,,,,,
15,楊妙月,111年彰化縣議員選舉,首次申報,1111025,營利事業捐贈收入,三發製網股份有限公司,55978642,50000.00,0.00,票據,1111027,,,金錢,臺中市大雅區****,,,,,,,,,
16,楊妙月,111年彰化縣議員選舉,首次申報,1111025,營利事業捐贈收入,曆陽企業有限公司,80082290,30000.00,0.00,票據,1111027,,,金錢,彰化縣鹿港鎮****,,,,,,,,,
17,楊妙月,111年彰化縣議員選舉,首次申報,1111110,營利事業捐贈收入,台彰纖維股份有限公司,13054247,20000.00,0.00,現金,1111110,,,金錢,彰化縣鹿港鎮****,,,,,,,,,
18,楊妙月,111年彰化縣議員選舉,首次申報,1111110,營利事業捐贈收入,平光電著塗裝股份有限公司,23274467,20000.00,0.00,現金,1111110,,,金錢,彰化縣鹿港鎮****,,,,,,,,,
19,楊妙月,111年彰化縣議員選舉,首次申報,1111110,營利事業捐贈收入,永美紙器有限公司,24852850,20000.00,0.00,現金,1111110,,,金錢,彰化縣鹿港鎮****,,,,,,,,,
20,楊妙月,111年彰化縣議員選舉,首次申報,1111110,營利事業捐贈收入,啟新工業社,26933457,2000.00,0.00,現金,1111110,,,金錢,彰化縣秀水鄉****,,,,,,,,,
21,楊妙月,111年彰化縣議員選舉,首次申報,1111110,營利事業捐贈收入,瑞瓏紙器有限公司,27309564,6000.00,0.00,現金,1111110,,,金錢,彰化縣福興鄉****,,,,,,,,,
22,楊妙月,111年彰化縣議員選舉,首次申報,1111110,營利事業捐贈收入,富美盛科技材料股份有限公司,42745777,6000.00,0.00,現金,1111110,,,金錢,彰化縣鹿港鎮****,,,,,,,,,
23,楊妙月,111年彰化縣議員選舉,首次申報,1111110,營利事業捐贈收入,長懋塑膠工業股份有限公司,97403577,100000.00,0.00,現金,1111110,,,金錢,彰化縣鹿港鎮****,,,,,,,,,
24,楊妙月,111年彰化縣議員選舉,首次申報,1111110,個人捐贈收入,柯懿庭,J22*******,6000.00,0.00,現金,1111110,,,金錢,彰化縣鹿港鎮****,,,,,,,,,
25,楊妙月,111年彰化縣議員選舉,首次申報,1111110,個人捐贈收入,張秀詩,L22*******,20000.00,0.00,現金,1111110,,,金錢,彰化縣鹿港鎮****,,,,,,,,,
26,楊妙月,111年彰化縣議員選舉,首次申報,1111110,個人捐贈收入,洪魏,N10*******,3600.00,0.00,現金,1111110,,,金錢,彰化縣鹿港鎮****,,,,,,,,,
27,楊妙月,111年彰化縣議員選舉,首次申報,1111110,個人捐贈收入,楊再興,N10*******,10000.00,0.00,票據,1111111,,,金錢,彰化縣鹿港鎮****,,,,,,,,,
28,楊妙月,111年彰化縣議員選舉,首次申報,1111110,個人捐贈收入,郭坤發,N12*******,6000.00,0.00,現金,1111110,,,金錢,彰化縣福興鄉****,,,,,,,,,
29,楊妙月,111年彰化縣議員選舉,首次申報,1111110,個人捐贈收入,施能超,N12*******,20000.00,0.00,現金,1111110,,,金錢,彰化縣鹿港鎮****,,,,,,,,,
30,楊妙月,111年彰化縣議員選舉,首次申報,1111110,個人捐贈收入,莊東陽,N12*******,20000.00,0.00,現金,1111110,,,金錢,彰化縣鹿港鎮****,,,,,,,,,
31,楊妙月,111年彰化縣議員選舉,首次申報,1111110,個人捐贈收入,許宗凱,N12*******,6000.00,0.00,現金,1111110,,,金錢,彰化縣鹿港鎮****,,,,,,,,,
32,楊妙月,111年彰化縣議員選舉,首次申報,1111110,個人捐贈收入,施志忠,N12*******,30000.00,0.00,現金,1111110,,,金錢,彰化縣鹿港鎮****,,,,,,,,,
33,楊妙月,111年彰化縣議員選舉,首次申報,1111110,個人捐贈收入,董銘豪,N12*******,5000.00,0.00,現金,1111110,,,金錢,彰化縣鹿港鎮****,,,,,,,,,
34,楊妙月,111年彰化縣議員選舉,首次申報,1111110,個人捐贈收入,洪光台,N12*******,50000.00,0.00,現金,1111110,,,金錢,彰化縣鹿港鎮****,,,,,,,,,
35,楊妙月,111年彰化縣議員選舉,首次申報,1111110,個人捐贈收入,呂慧真,N22*******,6000.00,0.00,現金,1111110,,,金錢,彰化縣鹿港鎮****,,,,,,,,,
36,楊妙月,111年彰化縣議員選舉,首次申報,1111110,個人捐贈收入,連姿安,N22*******,20000.00,0.00,現金,1111110,,,金錢,彰化縣鹿港鎮****,,,,,,,,,
37,楊妙月,111年彰化縣議員選舉,首次申報,1111110,個人捐贈收入,黃祈雯,N22*******,20000.00,0.00,現金,1111110,,,金錢,彰化縣鹿港鎮****,,,,,,,,,
38,楊妙月,111年彰化縣議員選舉,首次申報,1111110,個人捐贈收入,蔡宜珊,N22*******,100000.00,0.00,現金,1111110,,,金錢,台北市士林區****,,,,,,,,,
39,楊妙月,111年彰化縣議員選舉,首次申報,1111110,個人捐贈收入,鄭穎玲,N22*******,20000.00,0.00,現金,1111110,,,金錢,彰化縣鹿港鎮****,,,,,,,,,
40,楊妙月,111年彰化縣議員選舉,首次申報,1111110,個人捐贈收入,王慶元,R12*******,25000.00,0.00,現金,1111110,,,金錢,彰化縣鹿港鎮****,,,,,,,,,
41,楊妙月,111年彰化縣議員選舉,首次申報,1111116,個人捐贈收入,黃振彥,N12*******,15250.00,0.00,匯款,1111116,,,金錢,彰化縣鹿港鎮****,,,,,,,,,
42,楊妙月,111年彰化縣議員選舉,首次申報,1111121,營利事業捐贈收入,億鼎企業有限公司,28050711,10000.00,0.00,現金,1111121,,,金錢,彰化縣福興鄉****,,,,,,,,,
43,楊妙月,111年彰化縣議員選舉,首次申報,1111121,個人捐贈收入,吳烘森,J12*******,20000.00,0.00,現金,1111121,,,金錢,新竹縣芎林鄉****,,,,,,,,,
44,楊妙月,111年彰化縣議員選舉,首次申報,1111121,個人捐贈收入,陳麗如,N20*******,10000.00,0.00,現金,1111121,,,金錢,彰化縣鹿港鎮****,,,,,,,,,
45,楊妙月,111年彰化縣議員選舉,首次申報,1111121,個人捐贈收入,黃郁玲,N22*******,100000.00,0.00,現金,1111121,,,金錢,彰化縣福興鄉****,,,,,,,,,
46,楊妙月,111年彰化縣議員選舉,首次申報,1111122,個人捐贈收入,楊麗卿,N22*******,50000.00,0.00,現金,1111122,,,金錢,彰化縣溪湖鎮****,,,,,,,,,
47,楊妙月,111年彰化縣議員選舉,首次申報,1111123,個人捐贈收入,梁存孝,N12*******,50000.00,0.00,現金,1111123,,,金錢,彰化縣鹿港鎮****,,,,,,,,,
48,楊妙月,111年彰化縣議員選舉,首次申報,1111125,營利事業捐贈收入,高新電鍍有限公司,24647985,20000.00,0.00,現金,1111125,,,金錢,彰化縣鹿港鎮****,,,,,,,,,
49,楊妙月,111年彰化縣議員選舉,首次申報,1111125,營利事業捐贈收入,鴻都金屬企業股份有限公司,82926346,5000.00,0.00,現金,1111125,,,金錢,彰化縣鹿港鎮****,,,,,,,,,
50,楊妙月,111年彰化縣議員選舉,首次申報,1111125,營利事業捐贈收入,台灣新吉利衛浴設備股份有限公司,89491802,6000.00,0.00,現金,1111125,,,金錢,彰化縣秀水鄉****,,,,,,,,,
51,楊妙月,111年彰化縣議員選舉,首次申報,1111125,個人捐贈收入,楊坤松,N10*******,6000.00,0.00,現金,1111125,,,金錢,彰化縣福興鄉****,,,,,,,,,
52,楊妙月,111年彰化縣議員選舉,首次申報,1111125,個人捐贈收入,黃忠仁,N10*******,6000.00,0.00,現金,1111125,,,金錢,彰化縣鹿港鎮****,,,,,,,,,
53,楊妙月,111年彰化縣議員選舉,首次申報,1111221,其他收入,利息收入,,16.00,0.00,匯款,1111221,,,金錢,,,,,,,,,,
