﻿序號,擬參選人／政黨,選舉名稱,申報序號／年度,交易日期,收支科目,捐贈者／支出對象,身分證／統一編號,收入金額,支出金額,捐贈方式,存入專戶日期,返還/繳庫,支出用途,金錢類,地址,聯絡電話,應揭露之支出對象,支出對象之內部人員姓名,支出對象之內部人員職稱,政黨之內部人員姓名,政黨之內部人員職稱,關係,更正註記,資料更正日期
1,陳明義,111年新北市議員選舉,首次申報,1110614,營利事業捐贈收入,鴻維濾材科技股份有限公司,16400690,100000.00,0.00,匯款,1110614,,,金錢,苗栗縣竹南鎮****,0374*****,,,,,,,,
2,陳明義,111年新北市議員選舉,首次申報,1110614,營利事業捐贈收入,愛科濾淨實業股份有限公司,29033281,100000.00,0.00,匯款,1110614,,,金錢,新北市三重區****,0285*****,,,,,,,,
3,陳明義,111年新北市議員選舉,首次申報,1110614,營利事業捐贈收入,綠欣國際開發股份有限公司,66804471,100000.00,0.00,匯款,1110614,,,金錢,新北市三重區****,0229*****,,,,,,,,
4,陳明義,111年新北市議員選舉,首次申報,1110621,其他收入,利息收入,,13.00,0.00,現金,1110621,,,金錢,,,,,,,,,,
5,陳明義,111年新北市議員選舉,首次申報,1110624,個人捐贈收入,杜化仁,A10*******,30000.00,0.00,現金,1110628,,,金錢,新北市八里區****,0939*****,,,,,,,,
6,陳明義,111年新北市議員選舉,首次申報,1110707,營利事業捐贈收入,國原營造股份有限公司,33857130,500000.00,0.00,票據,1110711,,,金錢,新北市新莊區****,0285*****,,,,,,,,
7,陳明義,111年新北市議員選舉,首次申報,1110707,營利事業捐贈收入,亞昕國際開發股份有限公司,89961389,500000.00,0.00,票據,1110711,,,金錢,新北市新莊區****,0285*****,,,,,,,,
8,陳明義,111年新北市議員選舉,首次申報,1110713,營利事業捐贈收入,先鋒材料科技股份有限公司,28891448,1000000.00,0.00,匯款,1110713,,,金錢,新北市五股區****,0222*****,,,,,,,,
9,陳明義,111年新北市議員選舉,首次申報,1110803,個人捐贈收入,吳坤霖,S12*******,30000.00,0.00,現金,1110805,,,金錢,新北市五股區****,0916*****,,,,,,,,
10,陳明義,111年新北市議員選舉,首次申報,1110804,匿名捐贈,匿名2,,2000.00,0.00,匯款,1110810,,,金錢,,,,,,,,,,
11,陳明義,111年新北市議員選舉,首次申報,1110804,匿名捐贈,匿名3,,100.00,0.00,匯款,1110810,,,金錢,,,,,,,,,,
12,陳明義,111年新北市議員選舉,首次申報,1110804,營利事業捐贈收入,兆利科技工業股份有限公司,27393491,400000.00,0.00,票據,1110819,,,金錢,新北市新莊區****,2298*****,,,,,,,,
13,陳明義,111年新北市議員選舉,首次申報,1110804,營利事業捐贈收入,漢電科技有限公司,83076589,20000.00,0.00,匯款,1110810,,,金錢,新北市五股區****,0222*****,,,,,,,,
14,陳明義,111年新北市議員選舉,首次申報,1110804,個人捐贈收入,楊岳憬,A12*******,100000.00,0.00,匯款,1110804,,,金錢,臺北市大同區****,0225*****,,,,,,,,
15,陳明義,111年新北市議員選舉,首次申報,1110804,個人捐贈收入,楊濠隆,A12*******,100000.00,0.00,匯款,1110804,,,金錢,臺北市大同區****,0225*****,,,,,,,,
16,陳明義,111年新北市議員選舉,首次申報,1110804,個人捐贈收入,楊惟超,A12*******,100000.00,0.00,匯款,1110804,,,金錢,臺北市大同區****,0225*****,,,,,,,,
17,陳明義,111年新北市議員選舉,首次申報,1110804,個人捐贈收入,謝鎔竹,A22*******,2000.00,0.00,現金,1110805,,,金錢,新北市五股區****,0968*****,,,,,,,,
18,陳明義,111年新北市議員選舉,首次申報,1110804,個人捐贈收入,周譽文,F12*******,2000.00,0.00,匯款,1110810,,,金錢,,0935*****,,,,,,,,
19,陳明義,111年新北市議員選舉,首次申報,1110804,個人捐贈收入,陳品妃,F22*******,1000.00,0.00,匯款,1110810,,,金錢,,0979*****,,,,,,,,
20,陳明義,111年新北市議員選舉,首次申報,1110804,個人捐贈收入,徐尤玲,F22*******,20000.00,0.00,匯款,1110810,,,金錢,新北市林口區****,0988*****,,,,,,,,
21,陳明義,111年新北市議員選舉,首次申報,1110804,個人捐贈收入,謝斌,J12*******,2000.00,0.00,匯款,1110810,,,金錢,新北市五股區****,0936*****,,,,,,,,
22,陳明義,111年新北市議員選舉,首次申報,1110804,個人捐贈收入,柳吉遠,Q12*******,2000.00,0.00,匯款,1110810,,,金錢,新北市汐止區****,0926*****,,,,,,,,
23,陳明義,111年新北市議員選舉,首次申報,1110804,個人捐贈收入,潘瑜婕,T20*******,10000.00,0.00,匯款,1110810,,,金錢,新北市五股區****,0937*****,,,,,,,,
24,陳明義,111年新北市議員選舉,首次申報,1110805,匿名捐贈,匿名4,,100.00,0.00,匯款,1110811,,,金錢,,,,,,,,,,
25,陳明義,111年新北市議員選舉,首次申報,1110805,個人捐贈收入,連培君,A22*******,300.00,0.00,匯款,1110811,,,金錢,,0953*****,,,,,,,,
26,陳明義,111年新北市議員選舉,首次申報,1110805,個人捐贈收入,李進賢,F10*******,20000.00,0.00,匯款,1110805,,,金錢,桃園市中壢區****,0346*****,,,,,,,,
27,陳明義,111年新北市議員選舉,首次申報,1110805,個人捐贈收入,王雅麗,F22*******,20000.00,0.00,匯款,1110811,,,金錢,,0933*****,,,,,,,,
28,陳明義,111年新北市議員選舉,首次申報,1110807,個人捐贈收入,陳世任,F12*******,1000.00,0.00,匯款,1110815,,,金錢,新北市五股區****,0955*****,,,,,,,,
29,陳明義,111年新北市議員選舉,首次申報,1110807,個人捐贈收入,黃美惠,Q22*******,1000.00,0.00,匯款,1110815,,,金錢,新北市五股區****,0918*****,,,,,,,,
30,陳明義,111年新北市議員選舉,首次申報,1110808,個人捐贈收入,賴桂秋,,6000.00,0.00,匯款,1110808,,,金錢,新北市五股區****,,,,,,,,,
31,陳明義,111年新北市議員選舉,首次申報,1110809,個人捐贈收入,林立騰,A12*******,100000.00,0.00,現金,1110817,,,金錢,新北市林口區****,0916*****,,,,,,,,
32,陳明義,111年新北市議員選舉,首次申報,1110809,個人捐贈收入,蔡秉棋,J12*******,100000.00,0.00,現金,1110817,,,金錢,新北市土城區****,0920*****,,,,,,,,
33,陳明義,111年新北市議員選舉,首次申報,1110810,個人捐贈收入,李翊誠,P12*******,600.00,0.00,匯款,1110817,,,金錢,新北市五股區****,0935*****,,,,,,,,
34,陳明義,111年新北市議員選舉,首次申報,1110810,個人捐贈收入,危湘連,U22*******,800.00,0.00,匯款,1110816,,,金錢,新北市五股區****,0222*****,,,,,,,,
35,陳明義,111年新北市議員選舉,首次申報,1110811,匿名捐贈,匿名1,,2000.00,0.00,匯款,1110811,,,金錢,,,,,,,,,,
36,陳明義,111年新北市議員選舉,首次申報,1110811,個人捐贈收入,翁靜如,F22*******,2000.00,0.00,匯款,1110812,,,金錢,新北市五股區****,0984*****,,,,,,,,
37,陳明義,111年新北市議員選舉,首次申報,1110812,個人捐贈收入,楊愷崴,A12*******,100000.00,0.00,現金,1110819,,,金錢,新北市新店區****,0987*****,,,,,,,,
38,陳明義,111年新北市議員選舉,首次申報,1110812,個人捐贈收入,陳世燈,A12*******,100000.00,0.00,現金,1110819,,,金錢,新北市三重區****,0939*****,,,,,,,,
39,陳明義,111年新北市議員選舉,首次申報,1110812,個人捐贈收入,李致琳,A22*******,100000.00,0.00,現金,1110819,,,金錢,臺北市士林區****,0975*****,,,,,,,,
40,陳明義,111年新北市議員選舉,首次申報,1110812,個人捐贈收入,林宜嬪,A22*******,100000.00,0.00,現金,1110819,,,金錢,臺北市內湖區****,0922*****,,,,,,,,
41,陳明義,111年新北市議員選舉,首次申報,1110812,個人捐贈收入,鄭應娜,B20*******,100000.00,0.00,現金,1110819,,,金錢,新北市林口區****,0911*****,,,,,,,,
42,陳明義,111年新北市議員選舉,首次申報,1110812,個人捐贈收入,缪文強,F12*******,100000.00,0.00,現金,1110819,,,金錢,新北市林口區****,0939*****,,,,,,,,
43,陳明義,111年新北市議員選舉,首次申報,1110812,個人捐贈收入,張華宗,F12*******,100000.00,0.00,現金,1110819,,,金錢,臺北市大同區****,0939*****,,,,,,,,
44,陳明義,111年新北市議員選舉,首次申報,1110812,個人捐贈收入,宋湘嵐,H22*******,100000.00,0.00,現金,1110819,,,金錢,新北市汐止區****,0910*****,,,,,,,,
45,陳明義,111年新北市議員選舉,首次申報,1110812,個人捐贈收入,林志賢,J12*******,100000.00,0.00,現金,1110819,,,金錢,新北市板橋區****,0916*****,,,,,,,,
46,陳明義,111年新北市議員選舉,首次申報,1110812,個人捐贈收入,徐永亮,L12*******,100000.00,0.00,現金,1110819,,,金錢,臺北市松山區****,0955*****,,,,,,,,
47,陳明義,111年新北市議員選舉,首次申報,1110815,個人捐贈收入,黃肇伯,F12*******,1000.00,0.00,匯款,1110822,,,金錢,新北市五股區****,0927*****,,,,,,,,
48,陳明義,111年新北市議員選舉,首次申報,1110816,個人捐贈收入,謝貞滿,H20*******,2000.00,0.00,匯款,1110816,,,金錢,新北市五股區****,0937*****,,,,,,,,
49,陳明義,111年新北市議員選舉,首次申報,1110817,個人捐贈收入,莊永聖,F12*******,100000.00,0.00,現金,1110819,,,金錢,新北市林口區****,0936*****,,,,,,,,
50,陳明義,111年新北市議員選舉,首次申報,1110817,個人捐贈收入,陳銘鴻,F12*******,100000.00,0.00,現金,1110819,,,金錢,新北市林口區****,0953*****,,,,,,,,
51,陳明義,111年新北市議員選舉,首次申報,1110818,個人捐贈收入,林曲時,F10*******,10000.00,0.00,現金,1110819,,,金錢,新北市林口區****,0988*****,,,,,,,,
52,陳明義,111年新北市議員選舉,首次申報,1110826,營利事業捐贈收入,漢森廣告事業有限公司,69629110,300000.00,0.00,匯款,1110826,,,金錢,桃園市桃園區****,0331*****,,,,,,,,
53,陳明義,111年新北市議員選舉,首次申報,1110830,營利事業捐贈收入,寶麟廣告有限公司,69629462,300000.00,0.00,匯款,1110830,,,金錢,臺北市信義區****,0331*****,,,,,,,,
54,陳明義,111年新北市議員選舉,首次申報,1110830,營利事業捐贈收入,漢乙廣告事業有限公司,69630242,300000.00,0.00,匯款,1110830,,,金錢,桃園市桃園區****,0331*****,,,,,,,,
55,陳明義,111年新北市議員選舉,首次申報,1110831,營利事業捐贈收入,鏵塑股份有限公司,70737714,100000.00,0.00,匯款,1110831,,,金錢,新北市五股區****,2294*****,,,,,,,,
56,陳明義,111年新北市議員選舉,首次申報,1110901,個人捐贈收入,陳國忠,A12*******,20000.00,0.00,現金,1110907,,,金錢,新北市新莊區****,0932*****,,,,,,,,
57,陳明義,111年新北市議員選舉,首次申報,1110901,個人捐贈收入,謝美月,E22*******,5000.00,0.00,現金,1110914,,,金錢,新北市林口區****,0976*****,,,,,,,,
58,陳明義,111年新北市議員選舉,首次申報,1110905,營利事業捐贈收入,光鈦國際工業股份有限公司,97366601,60000.00,0.00,匯款,1110905,,,金錢,桃園市蘆竹區****,0331*****,,,,,,,,
59,陳明義,111年新北市議員選舉,首次申報,1110912,個人捐贈收入,李志偉,K12*******,2000.00,0.00,匯款,1110919,,,金錢,新北市林口區****,0932*****,,,,,,,,
60,陳明義,111年新北市議員選舉,首次申報,1110913,營利事業捐贈收入,凱太企業有限公司,86091606,50000.00,0.00,票據,1110923,,,金錢,新北市中和區****,0282*****,,,,,,,,
61,陳明義,111年新北市議員選舉,首次申報,1110913,個人捐贈收入,廖錦盈,P12*******,50000.00,0.00,現金,1110921,,,金錢,新北市林口區****,0226*****,,,,,,,,
62,陳明義,111年新北市議員選舉,首次申報,1110915,個人捐贈收入,徐佳君,F22*******,100000.00,0.00,匯款,1110921,,,金錢,新北市板橋區****,0910*****,,,,,,,,
63,陳明義,111年新北市議員選舉,首次申報,1110915,個人捐贈收入,陳嘉尚,Q12*******,10000.00,0.00,匯款,1110915,,,金錢,新北市三重區****,0987*****,,,,,,,,
64,陳明義,111年新北市議員選舉,首次申報,1110916,個人捐贈收入,徐士翔,F12*******,100000.00,0.00,匯款,1110916,,,金錢,新北市板橋區****,0229*****,,,,,,,,
65,陳明義,111年新北市議員選舉,首次申報,1110922,個人捐贈收入,黃彥誠,A12*******,50000.00,0.00,匯款,1110922,,,金錢,臺北市中山區****,0972*****,,,,,,,,
66,陳明義,111年新北市議員選舉,首次申報,1110923,營利事業捐贈收入,柏炬股份有限公司,86168822,20000.00,0.00,匯款,1110923,,,金錢,新北市五股區****,0222*****,,,,,,,,
67,陳明義,111年新北市議員選舉,首次申報,1110923,個人捐贈收入,林宴夙,A20*******,100000.00,0.00,匯款,1110923,,,金錢,臺北市大同區****,0225*****,,,,,,,,
68,陳明義,111年新北市議員選舉,首次申報,1110927,個人捐贈收入,陳啟祥,K12*******,20000.00,0.00,匯款,1111003,,,金錢,臺北市內湖區****,0928*****,,,,,,,,
69,陳明義,111年新北市議員選舉,首次申報,1110927,個人捐贈收入,莊大忠,M12*******,1000.00,0.00,匯款,1111003,,,金錢,新北市五股區****,0955*****,,,,,,,,
70,陳明義,111年新北市議員選舉,首次申報,1110929,個人捐贈收入,林純德,F10*******,80000.00,0.00,匯款,1110929,,,金錢,新北市八里區****,0226*****,,,,,,,,
71,陳明義,111年新北市議員選舉,首次申報,1111001,營利事業捐贈收入,千慶投資股份有限公司,84966879,500000.00,0.00,票據,1111006,,,金錢,新北市蘆洲區****,0222*****,,,,,,,,
72,陳明義,111年新北市議員選舉,首次申報,1111003,個人捐贈收入,廖日興,A10*******,100000.00,0.00,匯款,1111003,,,金錢,臺北市士林區****,0932*****,,,,,,,,
73,陳明義,111年新北市議員選舉,首次申報,1111003,個人捐贈收入,王立文,A12*******,30000.00,0.00,現金,1111005,,,金錢,新北市新莊區****,0932*****,,,,,,,,
74,陳明義,111年新北市議員選舉,首次申報,1111003,個人捐贈收入,林宗男,F10*******,50000.00,0.00,現金,1111005,,,金錢,新北市三重區****,0910*****,,,,,,,,
75,陳明義,111年新北市議員選舉,首次申報,1111004,營利事業捐贈收入,定泰建設股份有限公司,80646220,100000.00,0.00,現金,1111005,已返還,,金錢,桃園市桃園區****,0333*****,,,,,,,,
76,陳明義,111年新北市議員選舉,首次申報,1111005,營利事業捐贈收入,環泰企業股份有限公司,12529007,100000.00,0.00,票據,1111017,,,金錢,桃園市蘆竹區****,0321*****,,,,,,,,
77,陳明義,111年新北市議員選舉,首次申報,1111006,營利事業捐贈收入,正遠保險經紀人股份有限公司,50969258,30000.00,0.00,票據,1111017,,,金錢,新北市三重區****,0285*****,,,,,,,,
78,陳明義,111年新北市議員選舉,首次申報,1111006,個人捐贈收入,巫信宗,F12*******,30000.00,0.00,現金,1111014,,,金錢,新北市三重區****,0918*****,,,,,,,,
79,陳明義,111年新北市議員選舉,首次申報,1111007,個人捐贈收入,顏元博,X10*******,60000.00,0.00,匯款,1111007,,,金錢,臺北市大安區****,0932*****,,,,,,,,
80,陳明義,111年新北市議員選舉,首次申報,1111011,營利事業捐贈收入,寶絢科技股份有限公司,53461522,20000.00,0.00,現金,1111014,已返還,,金錢,新北市林口區****,0226*****,,,,,,,,
81,陳明義,111年新北市議員選舉,首次申報,1111011,個人捐贈收入,潘奇男,A12*******,20000.00,0.00,現金,1111014,,,金錢,新北市林口區****,0933*****,,,,,,,,
82,陳明義,111年新北市議員選舉,首次申報,1111011,個人捐贈收入,黃宏進,F12*******,100000.00,0.00,匯款,1111011,,,金錢,新北市新莊區****,0936*****,,,,,,,,
83,陳明義,111年新北市議員選舉,首次申報,1111012,個人捐贈收入,王泓升,N12*******,6000.00,0.00,現金,1111014,,,金錢,新北市林口區****,0938*****,,,,,,,,
84,陳明義,111年新北市議員選舉,首次申報,1111013,個人捐贈收入,卓蹺,L10*******,100000.00,0.00,現金,1111014,,,金錢,新北市五股區****,0928*****,,,,,,,,
85,陳明義,111年新北市議員選舉,首次申報,1111014,營利事業捐贈收入,永基新能源股份有限公司,28789844,20000.00,0.00,票據,1111027,,,金錢,新北市永和區****,0229*****,,,,,,,,
86,陳明義,111年新北市議員選舉,首次申報,1111014,個人捐贈收入,李宗儒,F12*******,20000.00,0.00,票據,1111027,,,金錢,新北市板橋區****,0930*****,,,,,,,,
87,陳明義,111年新北市議員選舉,首次申報,1111014,個人捐贈收入,江誠榮,S10*******,60000.00,0.00,票據,1111027,,,金錢,臺北市大安區****,0935*****,,,,,,,,
88,陳明義,111年新北市議員選舉,首次申報,1111017,個人捐贈收入,何幸弘,A12*******,50000.00,0.00,匯款,1111024,,,金錢,新北市新莊區****,0987*****,,,,,,,,
89,陳明義,111年新北市議員選舉,首次申報,1111019,營利事業捐贈收入,竣達實業股份有限公司,28408606,100000.00,0.00,票據,1111025,,,金錢,新北市三重區****,0229*****,,,,,,,,
90,陳明義,111年新北市議員選舉,首次申報,1111019,營利事業捐贈收入,永基新能源股份有限公司,28789844,30000.00,0.00,匯款,1111019,,,金錢,新北市永和區****,0229*****,,,,,,,,
91,陳明義,111年新北市議員選舉,首次申報,1111021,個人捐贈收入,林啟榮,F12*******,3000.00,0.00,匯款,1111027,,,金錢,新北市五股區****,0989*****,,,,,,,,
92,陳明義,111年新北市議員選舉,首次申報,1111021,個人捐贈收入,黃建璋,F12*******,20000.00,0.00,匯款,1111027,,,金錢,新北市林口區****,0933*****,,,,,,,,
93,陳明義,111年新北市議員選舉,首次申報,1111021,個人捐贈收入,林麗梅,V20*******,3000.00,0.00,匯款,1111027,,,金錢,新北市五股區****,0222*****,,,,,,,,
94,陳明義,111年新北市議員選舉,首次申報,1111025,營利事業捐贈收入,宏林營造廠股份有限公司,04684005,200000.00,0.00,匯款,1111025,,,金錢,臺北市中正區****,0223*****,,,,,,,,
95,陳明義,111年新北市議員選舉,首次申報,1111025,營利事業捐贈收入,穩達商貿運籌股份有限公司,54738603,100000.00,0.00,票據,1111102,已返還,,金錢,新北市林口區****,0226*****,,,,,,,,
96,陳明義,111年新北市議員選舉,首次申報,1111026,營利事業捐贈收入,通松有限公司,86273970,100000.00,0.00,現金,1111101,,,金錢,新北市三重區****,0222*****,,,,,,,,
97,陳明義,111年新北市議員選舉,首次申報,1111028,營利事業捐贈收入,勝昌製藥廠股份有限公司,18930007,200000.00,0.00,匯款,1111028,,,金錢,臺北市中正區****,0223*****,,,,,,,,
98,陳明義,111年新北市議員選舉,首次申報,1111028,營利事業捐贈收入,崇源建設股份有限公司,84449778,100000.00,0.00,匯款,1111028,,,金錢,新北市汐止區****,0225*****,,,,,,,,
99,陳明義,111年新北市議員選舉,首次申報,1111028,個人捐贈收入,蕭劭君,F22*******,20000.00,0.00,匯款,1111104,,,金錢,,0926*****,,,,,,,,
100,陳明義,111年新北市議員選舉,首次申報,1111031,個人捐贈收入,汪圳泉,A11*******,50000.00,0.00,匯款,1111031,,,金錢,臺北市中山區****,0937*****,,,,,,,,
101,陳明義,111年新北市議員選舉,首次申報,1111031,個人捐贈收入,王肇興,A12*******,10000.00,0.00,現金,1111101,,,金錢,臺北市大安區****,0919*****,,,,,,,,
102,陳明義,111年新北市議員選舉,首次申報,1111031,個人捐贈收入,邱怡嘒,F22*******,100000.00,0.00,現金,1111101,,,金錢,新北市樹林區****,0226*****,,,,,,,,
103,陳明義,111年新北市議員選舉,首次申報,1111031,個人捐贈收入,李銘章,G10*******,10000.00,0.00,現金,1111101,,,金錢,臺北市中山區****,0926*****,,,,,,,,
104,陳明義,111年新北市議員選舉,首次申報,1111031,個人捐贈收入,唐妙英,Q20*******,25000.00,0.00,現金,1111101,,,金錢,臺北市大同區****,0910*****,,,,,,,,
105,陳明義,111年新北市議員選舉,首次申報,1111101,營利事業捐贈收入,莊巨食品股份有限公司,12842885,10000.00,0.00,現金,1111102,,,金錢,新北市林口區****,0226*****,,,,,,,,
106,陳明義,111年新北市議員選舉,首次申報,1111101,營利事業捐贈收入,建義建設開發股份有限公司,28404670,200000.00,0.00,匯款,1111101,,,金錢,新北市新莊區****,0285*****,,,,,,,,
107,陳明義,111年新北市議員選舉,首次申報,1111101,營利事業捐贈收入,炎洲股份有限公司,35894259,100000.00,0.00,票據,1111109,,,金錢,臺北市內湖區****,0281*****,,,,,,,,
108,陳明義,111年新北市議員選舉,首次申報,1111101,營利事業捐贈收入,欣鴻空調工程有限公司,54732397,6000.00,0.00,現金,1111102,,,金錢,新北市林口區****,0226*****,,,,,,,,
109,陳明義,111年新北市議員選舉,首次申報,1111101,個人捐贈收入,方志堯,A12*******,20000.00,0.00,現金,1111104,,,金錢,新北市林口區****,0983*****,,,,,,,,
110,陳明義,111年新北市議員選舉,首次申報,1111101,個人捐贈收入,林廷洋,K12*******,100000.00,0.00,匯款,1111101,,,金錢,苗栗縣竹南鎮****,0933*****,,,,,,,,
111,陳明義,111年新北市議員選舉,首次申報,1111101,個人捐贈收入,王泓升,N12*******,4000.00,0.00,現金,1111102,,,金錢,新北市林口區****,0938*****,,,,,,,,
112,陳明義,111年新北市議員選舉,首次申報,1111103,匿名捐贈,陳世領,,3600.00,0.00,匯款,1111103,,,金錢,,,,,,,,,,
113,陳明義,111年新北市議員選舉,首次申報,1111103,營利事業捐贈收入,振鑫投資股份有限公司,24743684,300000.00,0.00,匯款,1111103,,,金錢,臺北市中山區****,0277*****,,,,,,,,
114,陳明義,111年新北市議員選舉,首次申報,1111103,營利事業捐贈收入,盈寶建設股份有限公司,66905962,80000.00,0.00,現金,1111104,已返還,,金錢,新北市五股區****,0282*****,,,,,,,,
115,陳明義,111年新北市議員選舉,首次申報,1111103,個人捐贈收入,李金生,E10*******,100000.00,0.00,匯款,1111103,,,金錢,臺北市北投區****,0277*****,,,,,,,,
116,陳明義,111年新北市議員選舉,首次申報,1111103,個人捐贈收入,王得明,F12*******,100000.00,0.00,現金,1111104,,,金錢,臺北市中山區****,0935*****,,,,,,,,
117,陳明義,111年新北市議員選舉,首次申報,1111103,個人捐贈收入,林綉金,G20*******,3000.00,0.00,現金,1111108,,,金錢,新北市深坑區****,0910*****,,,,,,,,
118,陳明義,111年新北市議員選舉,首次申報,1111103,個人捐贈收入,王玉媚,N22*******,10000.00,0.00,現金,1111108,,,金錢,新北市五股區****,0903*****,,,,,,,,
119,陳明義,111年新北市議員選舉,首次申報,1111103,個人捐贈收入,邱更久,U12*******,100000.00,0.00,匯款,1111103,,,金錢,花蓮縣吉安鄉****,0277*****,,,,,,,,
120,陳明義,111年新北市議員選舉,首次申報,1111104,個人捐贈收入,李承歡,F22*******,100000.00,0.00,現金,1111110,,,金錢,新北市林口區****,0919*****,,,,,,,,
121,陳明義,111年新北市議員選舉,首次申報,1111104,個人捐贈收入,李路加,P22*******,100000.00,0.00,現金,1111110,,,金錢,新北市林口區****,0919*****,,,,,,,,
122,陳明義,111年新北市議員選舉,首次申報,1111105,營利事業捐贈收入,通盈通運股份有限公司,86379220,100000.00,0.00,票據,1111109,,,金錢,新北市新莊區****,0282*****,,,,,,,,
123,陳明義,111年新北市議員選舉,首次申報,1111105,個人捐贈收入,胥小蝶,A22*******,50000.00,0.00,現金,1111110,,,金錢,臺北市信義區****,0933*****,,,,,,,,
124,陳明義,111年新北市議員選舉,首次申報,1111105,個人捐贈收入,王阿祈,F12*******,6000.00,0.00,現金,1111111,,,金錢,新北市林口區****,0939*****,,,,,,,,
125,陳明義,111年新北市議員選舉,首次申報,1111105,個人捐贈收入,鐘進福,F12*******,2000.00,0.00,現金,1111111,,,金錢,新北市林口區****,0921*****,,,,,,,,
126,陳明義,111年新北市議員選舉,首次申報,1111105,個人捐贈收入,黃彥竣,F12*******,500.00,0.00,匯款,1111111,,,金錢,新北市五股區****,0978*****,,,,,,,,
127,陳明義,111年新北市議員選舉,首次申報,1111105,個人捐贈收入,方利順,G12*******,10000.00,0.00,現金,1111108,,,金錢,新北市五股區****,0935*****,,,,,,,,
128,陳明義,111年新北市議員選舉,首次申報,1111105,個人捐贈收入,張惠貞,G20*******,5000.00,0.00,現金,1111111,,,金錢,新北市林口區****,0912*****,,,,,,,,
129,陳明義,111年新北市議員選舉,首次申報,1111105,個人捐贈收入,范宏肇,J12*******,1000.00,0.00,現金,1111111,,,金錢,新北市林口區****,0963*****,,,,,,,,
130,陳明義,111年新北市議員選舉,首次申報,1111105,個人捐贈收入,鍾阿霞,L20*******,3000.00,0.00,現金,1111108,,,金錢,新北市五股區****,0282*****,,,,,,,,
131,陳明義,111年新北市議員選舉,首次申報,1111105,個人捐贈收入,蘇鳳儀,T22*******,50000.00,0.00,現金,1111110,,,金錢,新北市林口區****,0918*****,,,,,,,,
132,陳明義,111年新北市議員選舉,首次申報,1111106,營利事業捐贈收入,鋁祥發實業有限公司,97236050,100000.00,0.00,票據,1111111,,,金錢,新北市林口區****,0226*****,,,,,,,,
133,陳明義,111年新北市議員選舉,首次申報,1111106,個人捐贈收入,葉垂昇,F12*******,5000.00,0.00,匯款,1111114,,,金錢,新北市林口區****,0932*****,,,,,,,,
134,陳明義,111年新北市議員選舉,首次申報,1111108,個人捐贈收入,李崇岩,A12*******,50000.00,0.00,匯款,1111108,,,金錢,臺北市中山區****,0933*****,,,,,,,,
135,陳明義,111年新北市議員選舉,首次申報,1111110,營利事業捐贈收入,豐和國際投資股份有限公司,25124555,200000.00,0.00,票據,1111116,,,金錢,新北市林口區****,0223*****,,,,,,,,
136,陳明義,111年新北市議員選舉,首次申報,1111110,營利事業捐贈收入,森城建設股份有限公司,27102141,200000.00,0.00,票據,1111116,,,金錢,臺北市大安區****,0227*****,,,,,,,,
137,陳明義,111年新北市議員選舉,首次申報,1111110,營利事業捐贈收入,耘成建設股份有限公司,27989181,200000.00,0.00,票據,1111116,,,金錢,新北市林口區****,0223*****,,,,,,,,
138,陳明義,111年新北市議員選舉,首次申報,1111110,個人捐贈收入,林惠珠,A22*******,100000.00,0.00,票據,1111116,,,金錢,臺北市大同區****,0223*****,,,,,,,,
139,陳明義,111年新北市議員選舉,首次申報,1111110,個人捐贈收入,蕭漢森,F12*******,100000.00,0.00,票據,1111116,,,金錢,臺北市信義區****,0223*****,,,,,,,,
140,陳明義,111年新北市議員選舉,首次申報,1111110,個人捐贈收入,陳秀錦,F22*******,100000.00,0.00,票據,1111116,,,金錢,臺北市內湖區****,0223*****,,,,,,,,
141,陳明義,111年新北市議員選舉,首次申報,1111110,個人捐贈收入,謝建國,N12*******,100000.00,0.00,票據,1111115,,,金錢,新北市林口區****,0223*****,,,,,,,,
142,陳明義,111年新北市議員選舉,首次申報,1111111,個人捐贈收入,蔡秀梅,F22*******,6000.00,0.00,現金,1111115,,,金錢,新北市新店區****,0928*****,,,,,,,,
143,陳明義,111年新北市議員選舉,首次申報,1111111,個人捐贈收入,王美鳳,N22*******,10000.00,0.00,現金,1111115,,,金錢,新北市五股區****,0972*****,,,,,,,,
144,陳明義,111年新北市議員選舉,首次申報,1111111,個人捐贈收入,唐國泰,R12*******,50000.00,0.00,匯款,1111111,,,金錢,臺中市北屯區****,0931*****,,,,,,,,
145,陳明義,111年新北市議員選舉,首次申報,1111112,個人捐贈收入,游阿梅,G20*******,50000.00,0.00,現金,1111116,,,金錢,新北市五股區****,0932*****,,,,,,,,
146,陳明義,111年新北市議員選舉,首次申報,1111115,個人捐贈收入,張百義,F12*******,100000.00,0.00,現金,1111117,,,金錢,新北市五股區****,0911*****,,,,,,,,
147,陳明義,111年新北市議員選舉,首次申報,1111116,營利事業捐贈收入,鼎富科技有限公司,90506677,20000.00,0.00,匯款,1111116,,,金錢,新北市泰山區****,0229*****,,,,,,,,
148,陳明義,111年新北市議員選舉,首次申報,1111116,個人捐贈收入,孫殿年,Y12*******,50000.00,0.00,匯款,1111116,,,金錢,臺北市中山區****,0932*****,,,,,,,,
149,陳明義,111年新北市議員選舉,首次申報,1111117,人民團體捐贈收入,社團法人新北市醫師公會,,20000.00,0.00,票據,1111118,,,金錢,新北市三重區****,02-2*****,,,,,,,,
150,陳明義,111年新北市議員選舉,首次申報,1111117,匿名捐贈,匿名5,,3600.00,0.00,匯款,1111123,,,金錢,,,,,,,,,,
151,陳明義,111年新北市議員選舉,首次申報,1111117,營利事業捐贈收入,宏錦建設股份有限公司,80673231,200000.00,0.00,匯款,1111117,,,金錢,臺北市內湖區****,0227*****,,,,,,,,
152,陳明義,111年新北市議員選舉,首次申報,1111117,個人捐贈收入,潘瑆蓉,A20*******,2000.00,0.00,現金,1111123,,,金錢,新北市林口區****,0972*****,,,,,,,,
153,陳明義,111年新北市議員選舉,首次申報,1111117,個人捐贈收入,陳永祥,F10*******,10000.00,0.00,現金,1111117,,,金錢,新北市五股區****,0988*****,,,,,,,,
154,陳明義,111年新北市議員選舉,首次申報,1111117,個人捐贈收入,陳金平,F12*******,10000.00,0.00,現金,1111117,,,金錢,新北市五股區****,0918*****,,,,,,,,
155,陳明義,111年新北市議員選舉,首次申報,1111118,營利事業捐贈收入,東昱物流股份有限公司,56708956,100000.00,0.00,票據,1111124,,,金錢,新北市土城區****,0226*****,,,,,,,,
156,陳明義,111年新北市議員選舉,首次申報,1111120,個人捐贈收入,賴建志,D12*******,10000.00,0.00,現金,1111123,,,金錢,臺北市大同區****,0921*****,,,,,,,,
157,陳明義,111年新北市議員選舉,首次申報,1111120,個人捐贈收入,郭榮冠,U10*******,10000.00,0.00,現金,1111123,,,金錢,臺北市松山區****,0978*****,,,,,,,,
158,陳明義,111年新北市議員選舉,首次申報,1111120,個人捐贈收入,林長信,V10*******,2000.00,0.00,現金,1111124,,,金錢,新北市林口區****,0905*****,,,,,,,,
159,陳明義,111年新北市議員選舉,首次申報,1111121,個人捐贈收入,曾明仁,A11*******,50000.00,0.00,匯款,1111121,,,金錢,新北市新莊區****,0285*****,,,,,,,,
160,陳明義,111年新北市議員選舉,首次申報,1111121,個人捐贈收入,曾明仁,A11*******,50000.00,0.00,匯款,1111121,,,金錢,新北市新莊區****,0285*****,,,,,,,,
161,陳明義,111年新北市議員選舉,首次申報,1111121,個人捐贈收入,林進財,P12*******,80000.00,0.00,現金,1111123,,,金錢,新北市三重區****,0933*****,,,,,,,,
162,陳明義,111年新北市議員選舉,首次申報,1111121,個人捐贈收入,吳秋菊,P22*******,50000.00,0.00,現金,1111123,,,金錢,新北市泰山區****,0939*****,,,,,,,,
163,陳明義,111年新北市議員選舉,首次申報,1111121,個人捐贈收入,王桂珍,V22*******,2000.00,0.00,現金,1111123,,,金錢,新北市鶯歌區****,0919*****,,,,,,,,
164,陳明義,111年新北市議員選舉,首次申報,1111123,人民團體捐贈收入,新北市新莊區廠商協進會,,50000.00,0.00,現金,1111124,,,金錢,新北市新莊區****,2299*****,,,,,,,,
165,陳明義,111年新北市議員選舉,首次申報,1111123,營利事業捐贈收入,佳能企業股份有限公司,11394902,200000.00,0.00,匯款,1111123,,,金錢,新北市新莊區****,0285*****,,,,,,,,
166,陳明義,111年新北市議員選舉,首次申報,1111123,營利事業捐贈收入,運時通家具股份有限公司,22589236,100000.00,0.00,現金,1111124,,,金錢,新北市五股區****,0222*****,,,,,,,,
167,陳明義,111年新北市議員選舉,首次申報,1111123,個人捐贈收入,李金鳳,K22*******,100000.00,0.00,現金,1111124,,,金錢,新北市板橋區****,0286*****,,,,,,,,
168,陳明義,111年新北市議員選舉,首次申報,1111125,營利事業捐贈收入,隆興纖維股份有限公司,22560076,100000.00,0.00,現金,1111128,,,金錢,新北市五股區****,0222*****,,,,,,,,
169,陳明義,111年新北市議員選舉,首次申報,1111125,個人捐贈收入,李俊民,D10*******,10000.00,0.00,現金,1111201,,,金錢,新北市林口區****,0955*****,,,,,,,,
170,陳明義,111年新北市議員選舉,首次申報,1111125,個人捐贈收入,陳隆德,F12*******,60000.00,0.00,現金,1111201,,,金錢,新北市林口區****,0952*****,,,,,,,,
171,陳明義,111年新北市議員選舉,首次申報,1111125,個人捐贈收入,許杏花,L22*******,2000.00,0.00,現金,1111201,,,金錢,新北市林口區****,0935*****,,,,,,,,
172,陳明義,111年新北市議員選舉,首次申報,1111221,其他收入,利息收入,,7276.00,0.00,現金,1111221,,,金錢,,,,,,,,,,
