﻿序號,擬參選人／政黨,選舉名稱,申報序號／年度,交易日期,收支科目,捐贈者／支出對象,身分證／統一編號,收入金額,支出金額,捐贈方式,存入專戶日期,返還/繳庫,支出用途,金錢類,地址,聯絡電話,應揭露之支出對象,支出對象之內部人員姓名,支出對象之內部人員職稱,政黨之內部人員姓名,政黨之內部人員職稱,關係,更正註記,資料更正日期
1,李我要單列族名我的布農族名字是Savungaz Valincinan,113年立法委員選舉,首次申報,1120424,個人捐贈收入,陳曦 Taruh Payu,A12*******,500.00,0.00,匯款,1120428,,,金錢,基隆市安樂區****,0912*****,,,,,,,,
2,李我要單列族名我的布農族名字是Savungaz Valincinan,113年立法委員選舉,首次申報,1120424,個人捐贈收入,師彥方,A22*******,3000.00,0.00,匯款,1120428,,,金錢,新北市淡水區****,0955*****,,,,,,,,
3,李我要單列族名我的布農族名字是Savungaz Valincinan,113年立法委員選舉,首次申報,1120424,個人捐贈收入,吳誌賢,F12*******,3000.00,0.00,匯款,1120428,,,金錢,彰化縣鹿港鎮****,0919*****,,,,,,,,
4,李我要單列族名我的布農族名字是Savungaz Valincinan,113年立法委員選舉,首次申報,1120424,個人捐贈收入,呂家沁,F22*******,100.00,0.00,匯款,1120428,,,金錢,新北市永和區****,0955*****,,,,,,,,
5,李我要單列族名我的布農族名字是Savungaz Valincinan,113年立法委員選舉,首次申報,1120424,個人捐贈收入,陳妤寧,F22*******,500.00,0.00,匯款,1120428,,,金錢,新北市樹林區****,0988*****,,,,,,,,
6,李我要單列族名我的布農族名字是Savungaz Valincinan,113年立法委員選舉,首次申報,1120424,個人捐贈收入,林玟圻,I10*******,100.00,0.00,匯款,1120428,,,金錢,嘉義市東區忠****,0928*****,,,,,,,,
7,李我要單列族名我的布農族名字是Savungaz Valincinan,113年立法委員選舉,首次申報,1120424,個人捐贈收入,黃約農 Dumas Temu,L12*******,500.00,0.00,匯款,1120428,,,金錢,臺北市大安區****,0989*****,,,,,,,,
8,李我要單列族名我的布農族名字是Savungaz Valincinan,113年立法委員選舉,首次申報,1120424,個人捐贈收入,蔡維哲,L12*******,6000.00,0.00,匯款,1120428,,,金錢,臺北市中正區****,0961*****,,,,,,,,
9,李我要單列族名我的布農族名字是Savungaz Valincinan,113年立法委員選舉,首次申報,1120424,個人捐贈收入,吳學儒,N12*******,2000.00,0.00,匯款,1120428,,,金錢,臺東縣臺東市****,0955*****,,,,,,,,
10,李我要單列族名我的布農族名字是Savungaz Valincinan,113年立法委員選舉,首次申報,1120425,匿名捐贈,匿名,,500.00,0.00,匯款,1120428,,,金錢,,,,,,,,,,
11,李我要單列族名我的布農族名字是Savungaz Valincinan,113年立法委員選舉,首次申報,1120425,個人捐贈收入,郭復齊,A12*******,1000.00,0.00,匯款,1120428,,,金錢,臺南市永康區****,0952*****,,,,,,,,
12,李我要單列族名我的布農族名字是Savungaz Valincinan,113年立法委員選舉,首次申報,1120425,個人捐贈收入,陳紹雍,A12*******,1000.00,0.00,匯款,1120428,,,金錢,花蓮縣花蓮市****,0963*****,,,,,,,,
13,李我要單列族名我的布農族名字是Savungaz Valincinan,113年立法委員選舉,首次申報,1120425,個人捐贈收入,丁德競,A22*******,5000.00,0.00,匯款,1120428,,,金錢,高雄市鹽埕區****,0915*****,,,,,,,,
14,李我要單列族名我的布農族名字是Savungaz Valincinan,113年立法委員選舉,首次申報,1120425,個人捐贈收入,孔繁芸,C22*******,1000.00,0.00,匯款,1120428,,,金錢,臺北市士林區****,0926*****,,,,,,,,
15,李我要單列族名我的布農族名字是Savungaz Valincinan,113年立法委員選舉,首次申報,1120425,個人捐贈收入,吳奕柔,D22*******,500.00,0.00,匯款,1120428,,,金錢,臺南市東區文****,0978*****,,,,,,,,
16,李我要單列族名我的布農族名字是Savungaz Valincinan,113年立法委員選舉,首次申報,1120425,個人捐贈收入,呂偉福,E12*******,1000.00,0.00,匯款,1120428,,,金錢,高雄市三民區****,0929*****,,,,,,,,
17,李我要單列族名我的布農族名字是Savungaz Valincinan,113年立法委員選舉,首次申報,1120425,個人捐贈收入,甫岱．嘎厄迪,E12*******,300.00,0.00,匯款,1120428,,,金錢,花蓮縣壽豐鄉****,0916*****,,,,,,,,
18,李我要單列族名我的布農族名字是Savungaz Valincinan,113年立法委員選舉,首次申報,1120425,個人捐贈收入,張鑫隆,F12*******,3000.00,0.00,匯款,1120428,,,金錢,新北市永和區****,0910*****,,,,,,,,
19,李我要單列族名我的布農族名字是Savungaz Valincinan,113年立法委員選舉,首次申報,1120425,個人捐贈收入,周宇修,F12*******,3000.00,0.00,匯款,1120428,,,金錢,新北市新店區****,0917*****,,,,,,,,
20,李我要單列族名我的布農族名字是Savungaz Valincinan,113年立法委員選舉,首次申報,1120425,個人捐贈收入,Bakan Walis,F22*******,3000.00,0.00,匯款,1120428,,,金錢,南投縣仁愛鄉****,0911*****,,,,,,,,
21,李我要單列族名我的布農族名字是Savungaz Valincinan,113年立法委員選舉,首次申報,1120425,個人捐贈收入,童華玉,H22*******,541.00,0.00,匯款,1120428,,,金錢,臺南市東區東****,0935*****,,,,,,,,
22,李我要單列族名我的布農族名字是Savungaz Valincinan,113年立法委員選舉,首次申報,1120425,個人捐贈收入,蔡家芯,K22*******,100.00,0.00,匯款,1120428,,,金錢,桃園市中壢區****,0922*****,,,,,,,,
23,李我要單列族名我的布農族名字是Savungaz Valincinan,113年立法委員選舉,首次申報,1120425,個人捐贈收入,王又甯,L22*******,3000.00,0.00,匯款,1120428,,,金錢,台中市沙鹿區****,0966*****,,,,,,,,
24,李我要單列族名我的布農族名字是Savungaz Valincinan,113年立法委員選舉,首次申報,1120425,個人捐贈收入,詹凱智,N12*******,3000.00,0.00,匯款,1120428,,,金錢,臺南市安南區****,0972*****,,,,,,,,
25,李我要單列族名我的布農族名字是Savungaz Valincinan,113年立法委員選舉,首次申報,1120425,個人捐贈收入,呂沛宜,O20*******,1000.00,0.00,匯款,1120428,,,金錢,新竹縣竹北市****,0965*****,,,,,,,,
26,李我要單列族名我的布農族名字是Savungaz Valincinan,113年立法委員選舉,首次申報,1120425,個人捐贈收入,李偉銘,P12*******,500.00,0.00,匯款,1120428,,,金錢,新北市永和區****,0923*****,,,,,,,,
27,李我要單列族名我的布農族名字是Savungaz Valincinan,113年立法委員選舉,首次申報,1120425,個人捐贈收入,哖芮蓁,P22*******,2000.00,0.00,匯款,1120428,,,金錢,臺北市松山區****,0970*****,,,,,,,,
28,李我要單列族名我的布農族名字是Savungaz Valincinan,113年立法委員選舉,首次申報,1120425,個人捐贈收入,林盈劭,R22*******,1000.00,0.00,匯款,1120428,,,金錢,臺南市麻豆區****,0912*****,,,,,,,,
29,李我要單列族名我的布農族名字是Savungaz Valincinan,113年立法委員選舉,首次申報,1120425,個人捐贈收入,黃永豐,S12*******,10000.00,0.00,匯款,1120428,,,金錢,高雄市鹽埕區****,0928*****,,,,,,,,
30,李我要單列族名我的布農族名字是Savungaz Valincinan,113年立法委員選舉,首次申報,1120425,個人捐贈收入,鐘仁杰,T12*******,500.00,0.00,匯款,1120428,,,金錢,金門縣金城鎮****,0981*****,,,,,,,,
31,李我要單列族名我的布農族名字是Savungaz Valincinan,113年立法委員選舉,首次申報,1120425,個人捐贈收入,吳皓宇,U12*******,1000.00,0.00,匯款,1120428,,,金錢,臺東縣臺東市****,0978*****,,,,,,,,
32,李我要單列族名我的布農族名字是Savungaz Valincinan,113年立法委員選舉,首次申報,1120425,個人捐贈收入,陳雲雀,U22*******,1000.00,0.00,匯款,1120428,,,金錢,花蓮縣玉里鎮****,0976*****,,,,,,,,
33,李我要單列族名我的布農族名字是Savungaz Valincinan,113年立法委員選舉,首次申報,1120425,個人捐贈收入,Ciwang Teyra,U22*******,5000.00,0.00,匯款,1120428,,,金錢,花蓮縣秀林鄉****,0912*****,,,,,,,,
34,李我要單列族名我的布農族名字是Savungaz Valincinan,113年立法委員選舉,首次申報,1120425,個人捐贈收入,王紀瑤,V22*******,1000.00,0.00,匯款,1120428,,,金錢,臺東縣海端鄉****,0955*****,,,,,,,,
35,李我要單列族名我的布農族名字是Savungaz Valincinan,113年立法委員選舉,首次申報,1120426,個人捐贈收入,吳啓華,M12*******,10000.00,0.00,匯款,1120505,,,金錢,臺南市永康區****,0921*****,,,,,,,,
36,李我要單列族名我的布農族名字是Savungaz Valincinan,113年立法委員選舉,首次申報,1120426,個人捐贈收入,花大鈞,N12*******,1000.00,0.00,匯款,1120505,,,金錢,臺東縣臺東市****,0939*****,,,,,,,,
37,李我要單列族名我的布農族名字是Savungaz Valincinan,113年立法委員選舉,首次申報,1120426,個人捐贈收入,姚美芳,T22*******,3000.00,0.00,匯款,1120428,,,金錢,台中市北屯區****,0932*****,,,,,,,,
38,李我要單列族名我的布農族名字是Savungaz Valincinan,113年立法委員選舉,首次申報,1120427,個人捐贈收入,阮以杰,E12*******,1000.00,0.00,匯款,1120505,,,金錢,花蓮縣花蓮市****,0929*****,,,,,,,,
39,李我要單列族名我的布農族名字是Savungaz Valincinan,113年立法委員選舉,首次申報,1120427,個人捐贈收入,吳翊瑋,O10*******,500.00,0.00,匯款,1120505,,,金錢,臺北市中山區****,0933*****,,,,,,,,
40,李我要單列族名我的布農族名字是Savungaz Valincinan,113年立法委員選舉,首次申報,1120430,個人捐贈收入,黃譯民,A13*******,500.00,0.00,匯款,1120505,,,金錢,臺北市內湖區****,0906*****,,,,,,,,
41,李我要單列族名我的布農族名字是Savungaz Valincinan,113年立法委員選舉,首次申報,1120430,個人捐贈收入,姫敏•烏杜夫,D22*******,3000.00,0.00,匯款,1120505,,,金錢,新竹縣竹東鎮****,0963*****,,,,,,,,
42,李我要單列族名我的布農族名字是Savungaz Valincinan,113年立法委員選舉,首次申報,1120430,個人捐贈收入,黃亮瑜,H22*******,6000.00,0.00,匯款,1120505,,,金錢,高雄市鼓山區****,0973*****,,,,,,,,
43,李我要單列族名我的布農族名字是Savungaz Valincinan,113年立法委員選舉,首次申報,1120430,個人捐贈收入,吳佳玲,J22*******,1000.00,0.00,匯款,1120505,,,金錢,新竹市東區瑞****,0978*****,,,,,,,,
44,李我要單列族名我的布農族名字是Savungaz Valincinan,113年立法委員選舉,首次申報,1120430,個人捐贈收入,Kuljelje Turivuan,T12*******,1000.00,0.00,匯款,1120505,,,金錢,屏東縣枋山鄉****,0915*****,,,,,,,,
45,李我要單列族名我的布農族名字是Savungaz Valincinan,113年立法委員選舉,首次申報,1120430,個人捐贈收入,林家群,T12*******,1000.00,0.00,匯款,1120505,,,金錢,屏東縣滿州鄉****,0983*****,,,,,,,,
46,李我要單列族名我的布農族名字是Savungaz Valincinan,113年立法委員選舉,首次申報,1120430,個人捐贈收入,張芷菱,T22*******,1000.00,0.00,匯款,1120505,,,金錢,高雄市鳥松區****,0972*****,,,,,,,,
47,李我要單列族名我的布農族名字是Savungaz Valincinan,113年立法委員選舉,首次申報,1120501,個人捐贈收入,楊劭楷,A12*******,1000.00,0.00,匯款,1120505,,,金錢,臺北市南港區****,0910*****,,,,,,,,
48,李我要單列族名我的布農族名字是Savungaz Valincinan,113年立法委員選舉,首次申報,1120501,個人捐贈收入,廖貽得,F12*******,500.00,0.00,匯款,1120505,,,金錢,屏東縣內埔鄉****,0955*****,,,,,,,,
49,李我要單列族名我的布農族名字是Savungaz Valincinan,113年立法委員選舉,首次申報,1120501,個人捐贈收入,蔡逸帆,G22*******,10000.00,0.00,匯款,1120505,,,金錢,臺北市士林區****,0935*****,,,,,,,,
50,李我要單列族名我的布農族名字是Savungaz Valincinan,113年立法委員選舉,首次申報,1120503,個人捐贈收入,黃佳平,E12*******,500.00,0.00,匯款,1120512,,,金錢,臺南市北區長****,0937*****,,,,,,,,
51,李我要單列族名我的布農族名字是Savungaz Valincinan,113年立法委員選舉,首次申報,1120503,個人捐贈收入,田芷涵,H22*******,100.00,0.00,匯款,1120512,,,金錢,新竹縣尖石鄉****,0905*****,,,,,,,,
52,李我要單列族名我的布農族名字是Savungaz Valincinan,113年立法委員選舉,首次申報,1120503,個人捐贈收入,張瑜庭,S22*******,1000.00,0.00,匯款,1120512,,,金錢,桃園市桃園區****,0929*****,,,,,,,,
53,李我要單列族名我的布農族名字是Savungaz Valincinan,113年立法委員選舉,首次申報,1120504,個人捐贈收入,黃靜秀,B22*******,500.00,0.00,匯款,1120512,,,金錢,台中市西屯區****,0911*****,,,,,,,,
54,李我要單列族名我的布農族名字是Savungaz Valincinan,113年立法委員選舉,首次申報,1120505,個人捐贈收入,潘師典。Shih-Tien Pan,T12*******,6600.00,0.00,匯款,1120512,,,金錢,臺南市永康區****,0921*****,,,,,,,,
55,李我要單列族名我的布農族名字是Savungaz Valincinan,113年立法委員選舉,首次申報,1120507,個人捐贈收入,艾君羽,B22*******,100.00,0.00,匯款,1120512,,,金錢,新北市永和區****,0978*****,,,,,,,,
56,李我要單列族名我的布農族名字是Savungaz Valincinan,113年立法委員選舉,首次申報,1120507,個人捐贈收入,張育雯,F22*******,3000.00,0.00,匯款,1120512,,,金錢,新北市淡水區****,0972*****,,,,,,,,
57,李我要單列族名我的布農族名字是Savungaz Valincinan,113年立法委員選舉,首次申報,1120507,個人捐贈收入,葉明政,N12*******,300.00,0.00,匯款,1120512,,,金錢,新竹縣竹北市****,0961*****,,,,,,,,
58,李我要單列族名我的布農族名字是Savungaz Valincinan,113年立法委員選舉,首次申報,1120508,個人捐贈收入,周曉禎,H22*******,2000.00,0.00,匯款,1120512,,,金錢,屏東縣三地門****,0910*****,,,,,,,,
59,李我要單列族名我的布農族名字是Savungaz Valincinan,113年立法委員選舉,首次申報,1120508,個人捐贈收入,謝頤箴,N22*******,500.00,0.00,匯款,1120512,,,金錢,新北市蘆洲區****,0975*****,,,,,,,,
60,李我要單列族名我的布農族名字是Savungaz Valincinan,113年立法委員選舉,首次申報,1120508,個人捐贈收入,孤伊．撒薩卡嵐,T12*******,1000.00,0.00,匯款,1120512,,,金錢,屏東縣瑪家鄉****,0985*****,,,,,,,,
61,李我要單列族名我的布農族名字是Savungaz Valincinan,113年立法委員選舉,首次申報,1120509,個人捐贈收入,康佳萱,A22*******,500.00,0.00,匯款,1120512,,,金錢,新北市汐止區****,0972*****,,,,,,,,
62,李我要單列族名我的布農族名字是Savungaz Valincinan,113年立法委員選舉,首次申報,1120509,個人捐贈收入,許景昌,N12*******,10000.00,0.00,匯款,1120512,,,金錢,高雄市楠梓區****,0933*****,,,,,,,,
63,李我要單列族名我的布農族名字是Savungaz Valincinan,113年立法委員選舉,首次申報,1120509,個人捐贈收入,萬懷軒,U22*******,100.00,0.00,匯款,1120512,,,金錢,花蓮縣吉安鄉****,0955*****,,,,,,,,
64,李我要單列族名我的布農族名字是Savungaz Valincinan,113年立法委員選舉,首次申報,1120510,個人捐贈收入,謝博剛,I10*******,6000.00,0.00,匯款,1120519,,,金錢,新北市汐止區****,0939*****,,,,,,,,
65,李我要單列族名我的布農族名字是Savungaz Valincinan,113年立法委員選舉,首次申報,1120510,個人捐贈收入,高堃豪,S12*******,1000.00,0.00,匯款,1120519,,,金錢,新北市三重區****,0929*****,,,,,,,,
66,李我要單列族名我的布農族名字是Savungaz Valincinan,113年立法委員選舉,首次申報,1120510,個人捐贈收入,林頌恩,T22*******,10000.00,0.00,匯款,1120519,,,金錢,臺東縣臺東市****,0931*****,,,,,,,,
67,李我要單列族名我的布農族名字是Savungaz Valincinan,113年立法委員選舉,首次申報,1120511,個人捐贈收入,林峰寧,D22*******,500.00,0.00,匯款,1120519,,,金錢,臺南市東區台****,0986*****,,,,,,,,
68,李我要單列族名我的布農族名字是Savungaz Valincinan,113年立法委員選舉,首次申報,1120521,個人捐贈收入,王瀚瑨,A13*******,100.00,0.00,匯款,1120526,,,金錢,桃園市觀音區****,0931*****,,,,,,,,
69,李我要單列族名我的布農族名字是Savungaz Valincinan,113年立法委員選舉,首次申報,1120521,個人捐贈收入,何宇軒,G12*******,3000.00,0.00,匯款,1120526,,,金錢,新北市汐止區****,0928*****,,,,,,,,
70,李我要單列族名我的布農族名字是Savungaz Valincinan,113年立法委員選舉,首次申報,1120522,個人捐贈收入,黃守璵,F12*******,3000.00,0.00,匯款,1120526,,,金錢,臺北市大同區****,0918*****,,,,,,,,
71,李我要單列族名我的布農族名字是Savungaz Valincinan,113年立法委員選舉,首次申報,1120522,個人捐贈收入,李旻穎,P12*******,500.00,0.00,匯款,1120526,,,金錢,新北市永和區****,0937*****,,,,,,,,
72,李我要單列族名我的布農族名字是Savungaz Valincinan,113年立法委員選舉,首次申報,1120522,個人捐贈收入,侯駿弘,Q12*******,500.00,0.00,匯款,1120526,,,金錢,嘉義縣朴子市****,0939*****,,,,,,,,
73,李我要單列族名我的布農族名字是Savungaz Valincinan,113年立法委員選舉,首次申報,1120523,匿名捐贈,匿名,,400.00,0.00,匯款,1120526,,,金錢,,,,,,,,,,
74,李我要單列族名我的布農族名字是Savungaz Valincinan,113年立法委員選舉,首次申報,1120523,個人捐贈收入,吳允翔,F12*******,100.00,0.00,匯款,1120526,,,金錢,新北市板橋區****,0975*****,,,,,,,,
75,李我要單列族名我的布農族名字是Savungaz Valincinan,113年立法委員選舉,首次申報,1120524,個人捐贈收入,劉勁昀,F12*******,5000.00,0.00,匯款,1120602,,,金錢,臺北市大同區****,0909*****,,,,,,,,
76,李我要單列族名我的布農族名字是Savungaz Valincinan,113年立法委員選舉,首次申報,1120524,個人捐贈收入,陳佩甄,F22*******,10000.00,0.00,匯款,1120602,,,金錢,新北市汐止區****,0920*****,,,,,,,,
77,李我要單列族名我的布農族名字是Savungaz Valincinan,113年立法委員選舉,首次申報,1120526,個人捐贈收入,梁吟萱,A22*******,100.00,0.00,匯款,1120602,,,金錢,台中市西屯區****,0988*****,,,,,,,,
78,李我要單列族名我的布農族名字是Savungaz Valincinan,113年立法委員選舉,首次申報,1120530,個人捐贈收入,林采薇,G22*******,500.00,0.00,匯款,1120602,,,金錢,台中市龍井區****,0793*****,,,,,,,,
79,李我要單列族名我的布農族名字是Savungaz Valincinan,113年立法委員選舉,首次申報,1120531,個人捐贈收入,林念婷,F22*******,3000.00,0.00,匯款,1120609,,,金錢,新北市樹林區****,0970*****,,,,,,,,
80,李我要單列族名我的布農族名字是Savungaz Valincinan,113年立法委員選舉,首次申報,1120531,個人捐贈收入,吳培文,G12*******,500.00,0.00,匯款,1120609,,,金錢,宜蘭縣羅東鎮****,0911*****,,,,,,,,
81,李我要單列族名我的布農族名字是Savungaz Valincinan,113年立法委員選舉,首次申報,1120601,個人捐贈收入,郭佩珊,I20*******,2000.00,0.00,匯款,1120609,,,金錢,嘉義市東區荖****,0981*****,,,,,,,,
82,李我要單列族名我的布農族名字是Savungaz Valincinan,113年立法委員選舉,首次申報,1120601,個人捐贈收入,鍾令旋,L22*******,1000.00,0.00,匯款,1120609,,,金錢,台中市霧峰區****,0919*****,,,,,,,,
83,李我要單列族名我的布農族名字是Savungaz Valincinan,113年立法委員選舉,首次申報,1120601,個人捐贈收入,黃雅鴻,Q22*******,500.00,0.00,匯款,1120609,,,金錢,花蓮縣花蓮市****,0918*****,,,,,,,,
84,李我要單列族名我的布農族名字是Savungaz Valincinan,113年立法委員選舉,首次申報,1120604,個人捐贈收入,陳曦 Taruh Payu,A12*******,500.00,0.00,匯款,1120609,,,金錢,基隆市安樂區****,0912*****,,,,,,,,
85,李我要單列族名我的布農族名字是Savungaz Valincinan,113年立法委員選舉,首次申報,1120606,個人捐贈收入,高慧君,Q22*******,3000.00,0.00,匯款,1120609,,,金錢,嘉義縣阿里山****,0925*****,,,,,,,,
86,李我要單列族名我的布農族名字是Savungaz Valincinan,113年立法委員選舉,首次申報,1120609,個人捐贈收入,黃時得,F12*******,3600.00,0.00,匯款,1120616,,,金錢,臺北市大安區****,0920*****,,,,,,,,
87,李我要單列族名我的布農族名字是Savungaz Valincinan,113年立法委員選舉,首次申報,1120609,個人捐贈收入,萬懷軒,U22*******,100.00,0.00,匯款,1120616,,,金錢,花蓮縣吉安鄉****,0955*****,,,,,,,,
88,李我要單列族名我的布農族名字是Savungaz Valincinan,113年立法委員選舉,首次申報,1120621,其他收入,利息收入,,48.00,0.00,匯款,1120621,,,金錢,,,,,,,,,,
89,李我要單列族名我的布農族名字是Savungaz Valincinan,113年立法委員選舉,首次申報,1120622,個人捐贈收入,侯駿弘,Q12*******,500.00,0.00,匯款,1120630,,,金錢,嘉義縣朴子市****,0939*****,,,,,,,,
90,李我要單列族名我的布農族名字是Savungaz Valincinan,113年立法委員選舉,首次申報,1120623,個人捐贈收入,吳允翔,F12*******,100.00,0.00,匯款,1120630,,,金錢,新北市板橋區****,0975*****,,,,,,,,
91,李我要單列族名我的布農族名字是Savungaz Valincinan,113年立法委員選舉,首次申報,1120626,個人捐贈收入,葉亦倫,A12*******,3000.00,0.00,匯款,1120630,,,金錢,臺北市北投區****,0909*****,,,,,,,,
92,李我要單列族名我的布農族名字是Savungaz Valincinan,113年立法委員選舉,首次申報,1120627,匿名捐贈,匿名,,2000.00,0.00,匯款,1120630,,,金錢,,,,,,,,,,
93,李我要單列族名我的布農族名字是Savungaz Valincinan,113年立法委員選舉,首次申報,1120627,匿名捐贈,吳俊霖,,2000.00,0.00,匯款,1120627,,,金錢,,,,,,,,,,
94,李我要單列族名我的布農族名字是Savungaz Valincinan,113年立法委員選舉,首次申報,1120627,匿名捐贈,李昀岳,,500.00,0.00,匯款,1120627,,,金錢,,,,,,,,,,
95,李我要單列族名我的布農族名字是Savungaz Valincinan,113年立法委員選舉,首次申報,1120627,匿名捐贈,吳琪瑤,,500.00,0.00,匯款,1120627,,,金錢,,,,,,,,,,
96,李我要單列族名我的布農族名字是Savungaz Valincinan,113年立法委員選舉,首次申報,1120627,匿名捐贈,黃仲任,,500.00,0.00,匯款,1120627,,,金錢,,,,,,,,,,
97,李我要單列族名我的布農族名字是Savungaz Valincinan,113年立法委員選舉,首次申報,1120627,匿名捐贈,李博雄,,2000.00,0.00,匯款,1120627,,,金錢,,,,,,,,,,
98,李我要單列族名我的布農族名字是Savungaz Valincinan,113年立法委員選舉,首次申報,1120627,匿名捐贈,匿名,,2000.00,0.00,匯款,1120630,,,金錢,,,,,,,,,,
99,李我要單列族名我的布農族名字是Savungaz Valincinan,113年立法委員選舉,首次申報,1120627,匿名捐贈,kuljelje patiya 陳政頴,,500.00,0.00,匯款,1120627,,,金錢,,,,,,,,,,
100,李我要單列族名我的布農族名字是Savungaz Valincinan,113年立法委員選舉,首次申報,1120627,匿名捐贈,陳雅芬,,1500.00,0.00,匯款,1120627,,,金錢,,,,,,,,,,
101,李我要單列族名我的布農族名字是Savungaz Valincinan,113年立法委員選舉,首次申報,1120627,匿名捐贈,林桓瑜,,500.00,0.00,匯款,1120627,,,金錢,,,,,,,,,,
102,李我要單列族名我的布農族名字是Savungaz Valincinan,113年立法委員選舉,首次申報,1120627,匿名捐贈,嚴毅昇,,500.00,0.00,匯款,1120627,,,金錢,,,,,,,,,,
103,李我要單列族名我的布農族名字是Savungaz Valincinan,113年立法委員選舉,首次申報,1120627,匿名捐贈,吳學儒,,1000.00,0.00,匯款,1120627,,,金錢,,,,,,,,,,
104,李我要單列族名我的布農族名字是Savungaz Valincinan,113年立法委員選舉,首次申報,1120627,匿名捐贈,賴品瑀,,500.00,0.00,匯款,1120627,,,金錢,,,,,,,,,,
105,李我要單列族名我的布農族名字是Savungaz Valincinan,113年立法委員選舉,首次申報,1120627,個人捐贈收入,楊蟬蓉,C22*******,1000.00,0.00,匯款,1120630,,,金錢,,0912*****,,,,,,,,
106,李我要單列族名我的布農族名字是Savungaz Valincinan,113年立法委員選舉,首次申報,1120627,個人捐贈收入,謝宛臻,F22*******,1450.00,0.00,匯款,1120630,,,金錢,,0955*****,,,,,,,,
107,李我要單列族名我的布農族名字是Savungaz Valincinan,113年立法委員選舉,首次申報,1120627,個人捐贈收入,梁束朱,S22*******,2100.00,0.00,匯款,1120630,,,金錢,屏東縣潮州鎮****,0911*****,,,,,,,,
108,李我要單列族名我的布農族名字是Savungaz Valincinan,113年立法委員選舉,首次申報,1120627,個人捐贈收入,Cegaw Lakadrangila古馥維,V12*******,2000.00,0.00,匯款,1120630,,,金錢,,0913*****,,,,,,,,
109,李我要單列族名我的布農族名字是Savungaz Valincinan,113年立法委員選舉,首次申報,1120628,匿名捐贈,余東栩,,1000.00,0.00,匯款,1120628,,,金錢,,,,,,,,,,
110,李我要單列族名我的布農族名字是Savungaz Valincinan,113年立法委員選舉,首次申報,1120628,匿名捐贈,周子琳,,500.00,0.00,匯款,1120628,,,金錢,,,,,,,,,,
111,李我要單列族名我的布農族名字是Savungaz Valincinan,113年立法委員選舉,首次申報,1120628,匿名捐贈,松芳古,,2000.00,0.00,匯款,1120628,,,金錢,,,,,,,,,,
112,李我要單列族名我的布農族名字是Savungaz Valincinan,113年立法委員選舉,首次申報,1120628,匿名捐贈,楊宬律,,500.00,0.00,匯款,1120628,,,金錢,,,,,,,,,,
113,李我要單列族名我的布農族名字是Savungaz Valincinan,113年立法委員選舉,首次申報,1120628,匿名捐贈,陳嘉惠,,500.00,0.00,匯款,1120628,,,金錢,,,,,,,,,,
114,李我要單列族名我的布農族名字是Savungaz Valincinan,113年立法委員選舉,首次申報,1120628,匿名捐贈,陳雅芬,,1000.00,0.00,匯款,1120628,,,金錢,,,,,,,,,,
115,李我要單列族名我的布農族名字是Savungaz Valincinan,113年立法委員選舉,首次申報,1120628,匿名捐贈,胡光伶,,1500.00,0.00,匯款,1120628,,,金錢,,,,,,,,,,
116,李我要單列族名我的布農族名字是Savungaz Valincinan,113年立法委員選舉,首次申報,1120628,匿名捐贈,連巧臻,,1000.00,0.00,匯款,1120628,,,金錢,,,,,,,,,,
117,李我要單列族名我的布農族名字是Savungaz Valincinan,113年立法委員選舉,首次申報,1120628,匿名捐贈,侯駿弘,,2000.00,0.00,匯款,1120628,,,金錢,,,,,,,,,,
118,李我要單列族名我的布農族名字是Savungaz Valincinan,113年立法委員選舉,首次申報,1120628,個人捐贈收入,林妮臻,T22*******,500.00,0.00,匯款,1120707,,,金錢,屏東縣屏東市****,0975*****,,,,,,,,
119,李我要單列族名我的布農族名字是Savungaz Valincinan,113年立法委員選舉,首次申報,1120629,匿名捐贈,江昱欣,,2000.00,0.00,匯款,1120629,,,金錢,,,,,,,,,,
120,李我要單列族名我的布農族名字是Savungaz Valincinan,113年立法委員選舉,首次申報,1120629,匿名捐贈,江永勝,,1000.00,0.00,匯款,1120629,,,金錢,,,,,,,,,,
121,李我要單列族名我的布農族名字是Savungaz Valincinan,113年立法委員選舉,首次申報,1120629,匿名捐贈,蔡政道,,500.00,0.00,匯款,1120629,,,金錢,,,,,,,,,,
122,李我要單列族名我的布農族名字是Savungaz Valincinan,113年立法委員選舉,首次申報,1120630,匿名捐贈,游以德,,500.00,0.00,匯款,1120630,,,金錢,,,,,,,,,,
123,李我要單列族名我的布農族名字是Savungaz Valincinan,113年立法委員選舉,首次申報,1120630,匿名捐贈,鄭百騰,,500.00,0.00,匯款,1120630,,,金錢,,,,,,,,,,
124,李我要單列族名我的布農族名字是Savungaz Valincinan,113年立法委員選舉,首次申報,1120630,個人捐贈收入,林念婷,F22*******,3000.00,0.00,匯款,1120707,,,金錢,新北市樹林區****,0970*****,,,,,,,,
125,李我要單列族名我的布農族名字是Savungaz Valincinan,113年立法委員選舉,首次申報,1120701,個人捐贈收入,黃雅鴻,Q22*******,500.00,0.00,匯款,1120707,,,金錢,花蓮縣花蓮市****,0918*****,,,,,,,,
126,李我要單列族名我的布農族名字是Savungaz Valincinan,113年立法委員選舉,首次申報,1120702,個人捐贈收入,張宸晧,F12*******,3000.00,0.00,匯款,1120707,,,金錢,新北市中和區****,0983*****,,,,,,,,
127,李我要單列族名我的布農族名字是Savungaz Valincinan,113年立法委員選舉,首次申報,1120709,匿名捐贈,匿名,,500.00,0.00,匯款,1120714,,,金錢,,,,,,,,,,
128,李我要單列族名我的布農族名字是Savungaz Valincinan,113年立法委員選舉,首次申報,1120709,匿名捐贈,曾巧忻,,1000.00,0.00,匯款,1120709,,,金錢,,,,,,,,,,
129,李我要單列族名我的布農族名字是Savungaz Valincinan,113年立法委員選舉,首次申報,1120709,匿名捐贈,連柳巧蓁拿告,,1000.00,0.00,匯款,1120709,,,金錢,,,,,,,,,,
130,李我要單列族名我的布農族名字是Savungaz Valincinan,113年立法委員選舉,首次申報,1120709,個人捐贈收入,萬懷軒,U22*******,100.00,0.00,匯款,1120714,,,金錢,花蓮縣吉安鄉****,0955*****,,,,,,,,
131,李我要單列族名我的布農族名字是Savungaz Valincinan,113年立法委員選舉,首次申報,1120711,匿名捐贈,吳彥霖,,500.00,0.00,匯款,1120711,,,金錢,,,,,,,,,,
132,李我要單列族名我的布農族名字是Savungaz Valincinan,113年立法委員選舉,首次申報,1120712,匿名捐贈,鍾令旋,,500.00,0.00,匯款,1120712,,,金錢,,,,,,,,,,
133,李我要單列族名我的布農族名字是Savungaz Valincinan,113年立法委員選舉,首次申報,1120712,匿名捐贈,馬賴,,500.00,0.00,匯款,1120712,,,金錢,,,,,,,,,,
134,李我要單列族名我的布農族名字是Savungaz Valincinan,113年立法委員選舉,首次申報,1120713,匿名捐贈,郭冠妙,,500.00,0.00,匯款,1120713,,,金錢,,,,,,,,,,
135,李我要單列族名我的布農族名字是Savungaz Valincinan,113年立法委員選舉,首次申報,1120714,匿名捐贈,賴昱伸,,500.00,0.00,匯款,1120714,,,金錢,,,,,,,,,,
136,李我要單列族名我的布農族名字是Savungaz Valincinan,113年立法委員選舉,首次申報,1120714,匿名捐贈,高婉茹,,500.00,0.00,匯款,1120714,,,金錢,,,,,,,,,,
137,李我要單列族名我的布農族名字是Savungaz Valincinan,113年立法委員選舉,首次申報,1120714,個人捐贈收入,高婉茹,T22*******,200.00,0.00,匯款,1120721,,,金錢,屏東縣萬巒鄉****,0903*****,,,,,,,,
138,李我要單列族名我的布農族名字是Savungaz Valincinan,113年立法委員選舉,首次申報,1120718,匿名捐贈,匿名,,3000.00,0.00,匯款,1120721,,,金錢,,,,,,,,,,
139,李我要單列族名我的布農族名字是Savungaz Valincinan,113年立法委員選舉,首次申報,1120719,匿名捐贈,胡光君,,1000.00,0.00,匯款,1120719,,,金錢,,,,,,,,,,
140,李我要單列族名我的布農族名字是Savungaz Valincinan,113年立法委員選舉,首次申報,1120720,匿名捐贈,李嘉薇,,1000.00,0.00,匯款,1120720,,,金錢,,,,,,,,,,
141,李我要單列族名我的布農族名字是Savungaz Valincinan,113年立法委員選舉,首次申報,1120720,匿名捐贈,黃千洵,,500.00,0.00,匯款,1120720,,,金錢,,,,,,,,,,
142,李我要單列族名我的布農族名字是Savungaz Valincinan,113年立法委員選舉,首次申報,1120720,匿名捐贈,鍾雨絜,,500.00,0.00,匯款,1120720,,,金錢,,,,,,,,,,
143,李我要單列族名我的布農族名字是Savungaz Valincinan,113年立法委員選舉,首次申報,1120722,個人捐贈收入,侯駿弘,Q12*******,500.00,0.00,匯款,1120728,,,金錢,嘉義縣朴子市****,0939*****,,,,,,,,
144,李我要單列族名我的布農族名字是Savungaz Valincinan,113年立法委員選舉,首次申報,1120723,個人捐贈收入,吳允翔,F12*******,100.00,0.00,匯款,1120728,,,金錢,新北市板橋區****,0975*****,,,,,,,,
145,李我要單列族名我的布農族名字是Savungaz Valincinan,113年立法委員選舉,首次申報,1120727,匿名捐贈,吳明季,,1000.00,0.00,匯款,1120727,,,金錢,,,,,,,,,,
146,李我要單列族名我的布農族名字是Savungaz Valincinan,113年立法委員選舉,首次申報,1120727,匿名捐贈,王盈心,,500.00,0.00,匯款,1120727,,,金錢,,,,,,,,,,
147,李我要單列族名我的布農族名字是Savungaz Valincinan,113年立法委員選舉,首次申報,1120727,匿名捐贈,彭仁郁,,2000.00,0.00,匯款,1120727,,,金錢,,,,,,,,,,
148,李我要單列族名我的布農族名字是Savungaz Valincinan,113年立法委員選舉,首次申報,1120727,個人捐贈收入,陳徹,B12*******,100.00,0.00,匯款,1120804,,,金錢,臺北市中山區****,0988*****,,,,,,,,
149,李我要單列族名我的布農族名字是Savungaz Valincinan,113年立法委員選舉,首次申報,1120727,個人捐贈收入,田芷涵,H22*******,300.00,0.00,匯款,1120804,,,金錢,新竹縣尖石鄉****,0905*****,,,,,,,,
150,李我要單列族名我的布農族名字是Savungaz Valincinan,113年立法委員選舉,首次申報,1120728,匿名捐贈,翁勤雯,,500.00,0.00,匯款,1120728,,,金錢,,,,,,,,,,
151,李我要單列族名我的布農族名字是Savungaz Valincinan,113年立法委員選舉,首次申報,1120729,匿名捐贈,匿名,,3000.00,0.00,匯款,1120804,,,金錢,,,,,,,,,,
152,李我要單列族名我的布農族名字是Savungaz Valincinan,113年立法委員選舉,首次申報,1120730,個人捐贈收入,林念婷,F22*******,3000.00,0.00,匯款,1120804,,,金錢,新北市樹林區****,0970*****,,,,,,,,
153,李我要單列族名我的布農族名字是Savungaz Valincinan,113年立法委員選舉,首次申報,1120731,個人捐贈收入,鄭智偉,A12*******,1600.00,0.00,匯款,1120804,,,金錢,臺北市中正區****,0917*****,,,,,,,,
154,李我要單列族名我的布農族名字是Savungaz Valincinan,113年立法委員選舉,首次申報,1120801,個人捐贈收入,黃雅鴻,Q22*******,500.00,0.00,匯款,1120804,,,金錢,花蓮縣花蓮市****,0918*****,,,,,,,,
155,李我要單列族名我的布農族名字是Savungaz Valincinan,113年立法委員選舉,首次申報,1120806,匿名捐贈,許恩恩,,1000.00,0.00,匯款,1120806,,,金錢,,,,,,,,,,
156,李我要單列族名我的布農族名字是Savungaz Valincinan,113年立法委員選舉,首次申報,1120806,個人捐贈收入,李馨慈,T22*******,10000.00,0.00,匯款,1120811,,,金錢,屏東縣長治鄉****,0917*****,,,,,,,,
157,李我要單列族名我的布農族名字是Savungaz Valincinan,113年立法委員選舉,首次申報,1120807,匿名捐贈,匿名,,5000.00,0.00,匯款,1120811,,,金錢,,,,,,,,,,
158,李我要單列族名我的布農族名字是Savungaz Valincinan,113年立法委員選舉,首次申報,1120809,個人捐贈收入,萬懷軒,U22*******,100.00,0.00,匯款,1120818,,,金錢,花蓮縣吉安鄉****,0955*****,,,,,,,,
159,李我要單列族名我的布農族名字是Savungaz Valincinan,113年立法委員選舉,首次申報,1120814,個人捐贈收入,高婉茹,T22*******,200.00,0.00,匯款,1120818,,,金錢,屏東縣萬巒鄉****,0903*****,,,,,,,,
160,李我要單列族名我的布農族名字是Savungaz Valincinan,113年立法委員選舉,首次申報,1120815,個人捐贈收入,蔡喻安,I20*******,3000.00,0.00,匯款,1120818,,,金錢,嘉義縣布袋鎮****,0970*****,,,,,,,,
161,李我要單列族名我的布農族名字是Savungaz Valincinan,113年立法委員選舉,首次申報,1120817,匿名捐贈,高鈺庭,,1500.00,0.00,匯款,1120817,,,金錢,,,,,,,,,,
162,李我要單列族名我的布農族名字是Savungaz Valincinan,113年立法委員選舉,首次申報,1120818,個人捐贈收入,Aping Istanda,V22*******,5000.00,0.00,匯款,1120825,,,金錢,高雄市楠梓區****,0913*****,,,,,,,,
163,李我要單列族名我的布農族名字是Savungaz Valincinan,113年立法委員選舉,首次申報,1120821,匿名捐贈,吳佳臻,,1000.00,0.00,匯款,1120821,,,金錢,,,,,,,,,,
164,李我要單列族名我的布農族名字是Savungaz Valincinan,113年立法委員選舉,首次申報,1120821,匿名捐贈,林欣怡,,1000.00,0.00,匯款,1120821,,,金錢,,,,,,,,,,
165,李我要單列族名我的布農族名字是Savungaz Valincinan,113年立法委員選舉,首次申報,1120822,個人捐贈收入,侯駿弘,Q12*******,500.00,0.00,匯款,1120825,,,金錢,嘉義縣朴子市****,0939*****,,,,,,,,
166,李我要單列族名我的布農族名字是Savungaz Valincinan,113年立法委員選舉,首次申報,1120823,匿名捐贈,匿名,,3000.00,0.00,匯款,1120901,,,金錢,,,,,,,,,,
167,李我要單列族名我的布農族名字是Savungaz Valincinan,113年立法委員選舉,首次申報,1120823,個人捐贈收入,楊曉珞,A22*******,1000.00,0.00,匯款,1120901,,,金錢,新北市淡水區****,0930*****,,,,,,,,
168,李我要單列族名我的布農族名字是Savungaz Valincinan,113年立法委員選舉,首次申報,1120823,個人捐贈收入,黃佳平,E12*******,200.00,0.00,匯款,1120901,,,金錢,臺南市北區長****,0937*****,,,,,,,,
169,李我要單列族名我的布農族名字是Savungaz Valincinan,113年立法委員選舉,首次申報,1120823,個人捐贈收入,賴品瑀,F22*******,1717.00,0.00,匯款,1120901,,,金錢,新北市永和區****,0926*****,,,,,,,,
170,李我要單列族名我的布農族名字是Savungaz Valincinan,113年立法委員選舉,首次申報,1120823,個人捐贈收入,吳函紜,R22*******,500.00,0.00,匯款,1120901,,,金錢,臺南市中西區****,0958*****,,,,,,,,
171,李我要單列族名我的布農族名字是Savungaz Valincinan,113年立法委員選舉,首次申報,1120824,個人捐贈收入,吳允翔,F12*******,100.00,0.00,匯款,1120901,,,金錢,新北市板橋區****,0975*****,,,,,,,,
172,李我要單列族名我的布農族名字是Savungaz Valincinan,113年立法委員選舉,首次申報,1120824,個人捐贈收入,翁勤雯,T22*******,500.00,0.00,匯款,1120901,,,金錢,南投縣魚池鄉****,0912*****,,,,,,,,
173,李我要單列族名我的布農族名字是Savungaz Valincinan,113年立法委員選舉,首次申報,1120825,匿名捐贈,匿名,,5000.00,0.00,匯款,1120825,,,金錢,,,,,,,,,,
174,李我要單列族名我的布農族名字是Savungaz Valincinan,113年立法委員選舉,首次申報,1120827,個人捐贈收入,Mua Takiscibanan Istandaa,S22*******,2000.00,0.00,匯款,1120901,,,金錢,高雄市楠梓區****,0920*****,,,,,,,,
175,李我要單列族名我的布農族名字是Savungaz Valincinan,113年立法委員選舉,首次申報,1120827,個人捐贈收入,彌亞芬,V22*******,5000.00,0.00,匯款,1120901,,,金錢,臺東縣蘭嶼鄉****,0960*****,,,,,,,,
176,李我要單列族名我的布農族名字是Savungaz Valincinan,113年立法委員選舉,首次申報,1120830,個人捐贈收入,林念婷,F22*******,3000.00,0.00,匯款,1120908,,,金錢,新北市樹林區****,0970*****,,,,,,,,
177,李我要單列族名我的布農族名字是Savungaz Valincinan,113年立法委員選舉,首次申報,1120901,個人捐贈收入,黃雅鴻,Q22*******,500.00,0.00,匯款,1120908,,,金錢,花蓮縣花蓮市****,0918*****,,,,,,,,
178,李我要單列族名我的布農族名字是Savungaz Valincinan,113年立法委員選舉,首次申報,1120904,匿名捐贈,匿名,,500.00,0.00,匯款,1120908,,,金錢,,,,,,,,,,
179,李我要單列族名我的布農族名字是Savungaz Valincinan,113年立法委員選舉,首次申報,1120904,匿名捐贈,谷拉斯.吾木,,500.00,0.00,匯款,1120904,,,金錢,,,,,,,,,,
180,李我要單列族名我的布農族名字是Savungaz Valincinan,113年立法委員選舉,首次申報,1120904,個人捐贈收入,沈慧娥,A22*******,5000.00,0.00,匯款,1120908,,,金錢,臺北市內湖區****,0955*****,,,,,,,,
181,李我要單列族名我的布農族名字是Savungaz Valincinan,113年立法委員選舉,首次申報,1120904,個人捐贈收入,陳靜宜,A22*******,500.00,0.00,匯款,1120908,,,金錢,臺東縣東河鄉****,0921*****,,,,,,,,
182,李我要單列族名我的布農族名字是Savungaz Valincinan,113年立法委員選舉,首次申報,1120904,個人捐贈收入,翁嘉瑩,D22*******,500.00,0.00,匯款,1120908,,,金錢,臺南市東區裕****,0956*****,,,,,,,,
183,李我要單列族名我的布農族名字是Savungaz Valincinan,113年立法委員選舉,首次申報,1120904,個人捐贈收入,林鴻瑞,K12*******,2000.00,0.00,匯款,1120908,,,金錢,苗栗縣後龍鎮****,0972*****,,,,,,,,
184,李我要單列族名我的布農族名字是Savungaz Valincinan,113年立法委員選舉,首次申報,1120904,個人捐贈收入,侯駿弘,Q12*******,1000.00,0.00,匯款,1120908,,,金錢,嘉義縣朴子市****,0939*****,,,,,,,,
185,李我要單列族名我的布農族名字是Savungaz Valincinan,113年立法委員選舉,首次申報,1120904,個人捐贈收入,目尼·杜達利茂,T22*******,3000.00,0.00,匯款,1120908,,,金錢,屏東縣瑪家鄉****,0977*****,,,,,,,,
186,李我要單列族名我的布農族名字是Savungaz Valincinan,113年立法委員選舉,首次申報,1120904,個人捐贈收入,吳皓宇,U12*******,1000.00,0.00,匯款,1120908,,,金錢,臺東縣臺東市****,0978*****,,,,,,,,
187,李我要單列族名我的布農族名字是Savungaz Valincinan,113年立法委員選舉,首次申報,1120904,個人捐贈收入,谷拉斯.吾木,U12*******,1000.00,0.00,匯款,1120908,,,金錢,花蓮縣光復鄉****,0954*****,,,,,,,,
188,李我要單列族名我的布農族名字是Savungaz Valincinan,113年立法委員選舉,首次申報,1120904,個人捐贈收入,杜婉珍,U22*******,1000.00,0.00,匯款,1120908,,,金錢,臺北市士林區****,0988*****,,,,,,,,
189,李我要單列族名我的布農族名字是Savungaz Valincinan,113年立法委員選舉,首次申報,1120904,個人捐贈收入,趙慶華,Y22*******,1000.00,0.00,匯款,1120908,,,金錢,臺南市中西區****,0932*****,,,,,,,,
190,李我要單列族名我的布農族名字是Savungaz Valincinan,113年立法委員選舉,首次申報,1120905,匿名捐贈,匿名,,3000.00,0.00,匯款,1120908,,,金錢,,,,,,,,,,
191,李我要單列族名我的布農族名字是Savungaz Valincinan,113年立法委員選舉,首次申報,1120905,個人捐贈收入,楊士青,A12*******,3000.00,0.00,匯款,1120908,,,金錢,新北市永和區****,0938*****,,,,,,,,
192,李我要單列族名我的布農族名字是Savungaz Valincinan,113年立法委員選舉,首次申報,1120905,個人捐贈收入,黃天建,F12*******,5000.00,0.00,匯款,1120908,,,金錢,臺北市中山區****,0910*****,,,,,,,,
193,李我要單列族名我的布農族名字是Savungaz Valincinan,113年立法委員選舉,首次申報,1120906,個人捐贈收入,Bakan Walis,F22*******,35000.00,0.00,匯款,1120915,,,金錢,南投縣仁愛鄉****,0911*****,,,,,,,,
194,李我要單列族名我的布農族名字是Savungaz Valincinan,113年立法委員選舉,首次申報,1120907,匿名捐贈,匿名,,500.00,0.00,匯款,1120907,,,金錢,,,,,,,,,,
195,李我要單列族名我的布農族名字是Savungaz Valincinan,113年立法委員選舉,首次申報,1120907,個人捐贈收入,侯揚洵,D22*******,500.00,0.00,匯款,1120915,,,金錢,EUnion****,0968*****,,,,,,,,
196,李我要單列族名我的布農族名字是Savungaz Valincinan,113年立法委員選舉,首次申報,1120908,個人捐贈收入,陳曦 Taruh Payu,A12*******,1000.00,0.00,匯款,1120915,,,金錢,基隆市安樂區****,0912*****,,,,,,,,
197,李我要單列族名我的布農族名字是Savungaz Valincinan,113年立法委員選舉,首次申報,1120909,個人捐贈收入,康佳萱,,3500.00,0.00,匯款,1120915,,,金錢,基隆市七堵區****,0972*****,,,,,,,,
198,李我要單列族名我的布農族名字是Savungaz Valincinan,113年立法委員選舉,首次申報,1120909,匿名捐贈,江維盛,,1000.00,0.00,匯款,1120909,,,金錢,,,,,,,,,,
199,李我要單列族名我的布農族名字是Savungaz Valincinan,113年立法委員選舉,首次申報,1120909,個人捐贈收入,萬懷軒,U22*******,100.00,0.00,匯款,1120915,,,金錢,花蓮縣吉安鄉****,0955*****,,,,,,,,
200,李我要單列族名我的布農族名字是Savungaz Valincinan,113年立法委員選舉,首次申報,1120910,個人捐贈收入,周曉禎,H22*******,2000.00,0.00,匯款,1120915,,,金錢,屏東縣三地門****,0910*****,,,,,,,,
201,李我要單列族名我的布農族名字是Savungaz Valincinan,113年立法委員選舉,首次申報,1120912,個人捐贈收入,林秉嶔,F12*******,3000.00,0.00,匯款,1120915,,,金錢,花蓮縣花蓮市****,0922*****,,,,,,,,
202,李我要單列族名我的布農族名字是Savungaz Valincinan,113年立法委員選舉,首次申報,1120919,個人捐贈收入,陳君瑋,E12*******,40000.00,0.00,匯款,1120919,,,金錢,臺北市中正區****,,,,,,,,,
203,李我要單列族名我的布農族名字是Savungaz Valincinan,113年立法委員選舉,首次申報,1120922,個人捐贈收入,侯駿弘,Q12*******,500.00,0.00,匯款,1120928,,,金錢,嘉義縣朴子市****,0939*****,,,,,,,,
204,李我要單列族名我的布農族名字是Savungaz Valincinan,113年立法委員選舉,首次申報,1120924,個人捐贈收入,吳允翔,F12*******,100.00,0.00,匯款,1120928,,,金錢,新北市板橋區****,0975*****,,,,,,,,
205,李我要單列族名我的布農族名字是Savungaz Valincinan,113年立法委員選舉,首次申報,1120926,匿名捐贈,王靜嫺,,500.00,0.00,匯款,1120926,,,金錢,,,,,,,,,,
206,李我要單列族名我的布農族名字是Savungaz Valincinan,113年立法委員選舉,首次申報,1120927,個人捐贈收入,林幸萱,V22*******,3000.00,0.00,匯款,1121006,,,金錢,新竹縣北埔鄉****,0975*****,,,,,,,,
207,李我要單列族名我的布農族名字是Savungaz Valincinan,113年立法委員選舉,首次申報,1120930,個人捐贈收入,林念婷,F22*******,3000.00,0.00,匯款,1121006,,,金錢,新北市樹林區****,0970*****,,,,,,,,
208,李我要單列族名我的布農族名字是Savungaz Valincinan,113年立法委員選舉,首次申報,1121001,個人捐贈收入,黃雅鴻,Q22*******,500.00,0.00,匯款,1121006,,,金錢,花蓮縣花蓮市****,0918*****,,,,,,,,
209,李我要單列族名我的布農族名字是Savungaz Valincinan,113年立法委員選舉,首次申報,1121004,個人捐贈收入,Lameru Kacaw,U12*******,3000.00,0.00,匯款,1121013,,,金錢,花蓮縣花蓮市****,0928*****,,,,,,,,
210,李我要單列族名我的布農族名字是Savungaz Valincinan,113年立法委員選舉,首次申報,1121005,匿名捐贈,蔡韻如,,600.00,0.00,匯款,1121005,,,金錢,,,,,,,,,,
211,李我要單列族名我的布農族名字是Savungaz Valincinan,113年立法委員選舉,首次申報,1121005,匿名捐贈,劉澄真,,500.00,0.00,匯款,1121005,,,金錢,,,,,,,,,,
212,李我要單列族名我的布農族名字是Savungaz Valincinan,113年立法委員選舉,首次申報,1121005,個人捐贈收入,劉澄真,L22*******,500.00,0.00,匯款,1121013,,,金錢,臺北市中正區****,0932*****,,,,,,,,
213,李我要單列族名我的布農族名字是Savungaz Valincinan,113年立法委員選舉,首次申報,1121006,匿名捐贈,蔡可韻,,1980.00,0.00,匯款,1121006,,,金錢,,,,,,,,,,
214,李我要單列族名我的布農族名字是Savungaz Valincinan,113年立法委員選舉,首次申報,1121006,個人捐贈收入,范宇翔,B12*******,2000.00,0.00,匯款,1121013,,,金錢,台中市西屯區****,0986*****,,,,,,,,
215,李我要單列族名我的布農族名字是Savungaz Valincinan,113年立法委員選舉,首次申報,1121009,個人捐贈收入,萬懷軒,U22*******,100.00,0.00,匯款,1121013,,,金錢,花蓮縣吉安鄉****,0955*****,,,,,,,,
216,李我要單列族名我的布農族名字是Savungaz Valincinan,113年立法委員選舉,首次申報,1121010,個人捐贈收入,周曉禎,H22*******,2000.00,0.00,匯款,1121013,,,金錢,屏東縣三地門****,0910*****,,,,,,,,
217,李我要單列族名我的布農族名字是Savungaz Valincinan,113年立法委員選舉,首次申報,1121014,匿名捐贈,劉亭均,,1500.00,0.00,匯款,1121014,,,金錢,,,,,,,,,,
218,李我要單列族名我的布農族名字是Savungaz Valincinan,113年立法委員選舉,首次申報,1121015,匿名捐贈,馬賴婉瑜,,500.00,0.00,匯款,1121015,,,金錢,,,,,,,,,,
219,李我要單列族名我的布農族名字是Savungaz Valincinan,113年立法委員選舉,首次申報,1121016,匿名捐贈,匿名,,2000.00,0.00,匯款,1121020,,,金錢,,,,,,,,,,
220,李我要單列族名我的布農族名字是Savungaz Valincinan,113年立法委員選舉,首次申報,1121016,個人捐贈收入,蕭新晟,D12*******,6000.00,0.00,匯款,1121020,,,金錢,臺北市內湖區****,0900*****,,,,,,,,
221,李我要單列族名我的布農族名字是Savungaz Valincinan,113年立法委員選舉,首次申報,1121016,個人捐贈收入,郭雪芬,S22*******,1000.00,0.00,匯款,1121020,,,金錢,新北市蘆洲區****,0986*****,,,,,,,,
222,李我要單列族名我的布農族名字是Savungaz Valincinan,113年立法委員選舉,首次申報,1121017,匿名捐贈,莊雅筑,,1980.00,0.00,匯款,1121017,,,金錢,,,,,,,,,,
223,李我要單列族名我的布農族名字是Savungaz Valincinan,113年立法委員選舉,首次申報,1121017,匿名捐贈,陳方隅,,1650.00,0.00,匯款,1121017,,,金錢,,,,,,,,,,
224,李我要單列族名我的布農族名字是Savungaz Valincinan,113年立法委員選舉,首次申報,1121017,個人捐贈收入,傅可恩,A16*******,3000.00,0.00,匯款,1121020,,,金錢,花蓮縣壽豐鄉****,0912*****,,,,,,,,
225,李我要單列族名我的布農族名字是Savungaz Valincinan,113年立法委員選舉,首次申報,1121017,個人捐贈收入,張鑫隆,F12*******,20000.00,0.00,匯款,1121020,,,金錢,新北市永和區****,0910*****,,,,,,,,
226,李我要單列族名我的布農族名字是Savungaz Valincinan,113年立法委員選舉,首次申報,1121018,匿名捐贈,胡光君,,530.00,0.00,匯款,1121018,,,金錢,,,,,,,,,,
227,李我要單列族名我的布農族名字是Savungaz Valincinan,113年立法委員選舉,首次申報,1121018,匿名捐贈,安梓濱 pasuya e yasiungu,,530.00,0.00,匯款,1121018,,,金錢,,,,,,,,,,
228,李我要單列族名我的布農族名字是Savungaz Valincinan,113年立法委員選舉,首次申報,1121018,匿名捐贈,匿名,,1045.00,0.00,匯款,1121027,,,金錢,,,,,,,,,,
229,李我要單列族名我的布農族名字是Savungaz Valincinan,113年立法委員選舉,首次申報,1121018,匿名捐贈,杜詩雅,,1000.00,0.00,匯款,1121018,,,金錢,,,,,,,,,,
230,李我要單列族名我的布農族名字是Savungaz Valincinan,113年立法委員選舉,首次申報,1121018,個人捐贈收入,何雅筠,U22*******,500.00,0.00,匯款,1121027,,,金錢,花蓮縣吉安鄉****,0975*****,,,,,,,,
231,李我要單列族名我的布農族名字是Savungaz Valincinan,113年立法委員選舉,首次申報,1121018,個人捐贈收入,郭文彬,Y12*******,10000.00,0.00,匯款,1121027,,,金錢,臺北市大安區****,0910*****,,,,,,,,
232,李我要單列族名我的布農族名字是Savungaz Valincinan,113年立法委員選舉,首次申報,1121020,匿名捐贈,馬賴,,515.00,0.00,匯款,1121020,,,金錢,,,,,,,,,,
233,李我要單列族名我的布農族名字是Savungaz Valincinan,113年立法委員選舉,首次申報,1121020,個人捐贈收入,羅正心,H10*******,3000.00,0.00,匯款,1121027,,,金錢,花蓮縣吉安鄉****,0920*****,,,,,,,,
234,李我要單列族名我的布農族名字是Savungaz Valincinan,113年立法委員選舉,首次申報,1121022,個人捐贈收入,侯駿弘,Q12*******,500.00,0.00,匯款,1121027,,,金錢,嘉義縣朴子市****,0939*****,,,,,,,,
235,李我要單列族名我的布農族名字是Savungaz Valincinan,113年立法委員選舉,首次申報,1121024,匿名捐贈,匿名,,1000.00,0.00,匯款,1121027,,,金錢,,,,,,,,,,
236,李我要單列族名我的布農族名字是Savungaz Valincinan,113年立法委員選舉,首次申報,1121024,匿名捐贈,薛翰駿,,2480.00,0.00,匯款,1121024,,,金錢,,,,,,,,,,
237,李我要單列族名我的布農族名字是Savungaz Valincinan,113年立法委員選舉,首次申報,1121024,匿名捐贈,葉桑如,,700.00,0.00,匯款,1121024,,,金錢,,,,,,,,,,
238,李我要單列族名我的布農族名字是Savungaz Valincinan,113年立法委員選舉,首次申報,1121024,匿名捐贈,匿名,,500.00,0.00,匯款,1121027,,,金錢,,,,,,,,,,
239,李我要單列族名我的布農族名字是Savungaz Valincinan,113年立法委員選舉,首次申報,1121024,匿名捐贈,林亭邑,,2300.00,0.00,匯款,1121024,,,金錢,,,,,,,,,,
240,李我要單列族名我的布農族名字是Savungaz Valincinan,113年立法委員選舉,首次申報,1121024,匿名捐贈,施凱智,,1150.00,0.00,匯款,1121024,,,金錢,,,,,,,,,,
241,李我要單列族名我的布農族名字是Savungaz Valincinan,113年立法委員選舉,首次申報,1121024,匿名捐贈,鄭雅文,,1000.00,0.00,匯款,1121024,,,金錢,,,,,,,,,,
242,李我要單列族名我的布農族名字是Savungaz Valincinan,113年立法委員選舉,首次申報,1121024,匿名捐贈,彭仁郁,,515.00,0.00,匯款,1121024,,,金錢,,,,,,,,,,
243,李我要單列族名我的布農族名字是Savungaz Valincinan,113年立法委員選舉,首次申報,1121024,匿名捐贈,林韋翰,,500.00,0.00,匯款,1121024,,,金錢,,,,,,,,,,
244,李我要單列族名我的布農族名字是Savungaz Valincinan,113年立法委員選舉,首次申報,1121024,個人捐贈收入,林韋翰,A12*******,6000.00,0.00,匯款,1121027,,,金錢,花蓮縣壽豐鄉****,0933*****,,,,,,,,
245,李我要單列族名我的布農族名字是Savungaz Valincinan,113年立法委員選舉,首次申報,1121024,個人捐贈收入,吳允翔,F12*******,100.00,0.00,匯款,1121027,,,金錢,新北市板橋區****,0975*****,,,,,,,,
246,李我要單列族名我的布農族名字是Savungaz Valincinan,113年立法委員選舉,首次申報,1121024,個人捐贈收入,汪仁傑,F12*******,500.00,0.00,匯款,1121027,,,金錢,臺東縣臺東市****,0937*****,,,,,,,,
247,李我要單列族名我的布農族名字是Savungaz Valincinan,113年立法委員選舉,首次申報,1121024,個人捐贈收入,花季謙,F12*******,3000.00,0.00,匯款,1121027,,,金錢,臺北市大同區****,0988*****,,,,,,,,
248,李我要單列族名我的布農族名字是Savungaz Valincinan,113年立法委員選舉,首次申報,1121024,個人捐贈收入,李文窈,F22*******,500.00,0.00,匯款,1121027,,,金錢,臺北市士林區****,0980*****,,,,,,,,
249,李我要單列族名我的布農族名字是Savungaz Valincinan,113年立法委員選舉,首次申報,1121024,個人捐贈收入,林沛霆,G12*******,500.00,0.00,匯款,1121027,,,金錢,新北市新莊區****,0932*****,,,,,,,,
250,李我要單列族名我的布農族名字是Savungaz Valincinan,113年立法委員選舉,首次申報,1121024,個人捐贈收入,盛浩偉,H12*******,1000.00,0.00,匯款,1121027,,,金錢,臺北市松山區****,0917*****,,,,,,,,
251,李我要單列族名我的布農族名字是Savungaz Valincinan,113年立法委員選舉,首次申報,1121024,個人捐贈收入,魏子翔,M12*******,3600.00,0.00,匯款,1121027,,,金錢,南投縣埔里鎮****,0919*****,,,,,,,,
252,李我要單列族名我的布農族名字是Savungaz Valincinan,113年立法委員選舉,首次申報,1121024,個人捐贈收入,吳幸如,M22*******,20000.00,0.00,匯款,1121027,,,金錢,屏東縣內埔鄉****,0916*****,,,,,,,,
253,李我要單列族名我的布農族名字是Savungaz Valincinan,113年立法委員選舉,首次申報,1121024,個人捐贈收入,碧•伊斯南冠•巴拉菲,S22*******,1000.00,0.00,匯款,1121027,,,金錢,高雄市那瑪夏****,0985*****,,,,,,,,
254,李我要單列族名我的布農族名字是Savungaz Valincinan,113年立法委員選舉,首次申報,1121025,匿名捐贈,匿名,,6000.00,0.00,匯款,1121027,,,金錢,,,,,,,,,,
255,李我要單列族名我的布農族名字是Savungaz Valincinan,113年立法委員選舉,首次申報,1121025,匿名捐贈,匿名,,6000.00,0.00,匯款,1121027,,,金錢,,,,,,,,,,
256,李我要單列族名我的布農族名字是Savungaz Valincinan,113年立法委員選舉,首次申報,1121025,匿名捐贈,申靜懿,,3600.00,0.00,匯款,1121025,,,金錢,,,,,,,,,,
257,李我要單列族名我的布農族名字是Savungaz Valincinan,113年立法委員選舉,首次申報,1121025,匿名捐贈,潘儀,,1000.00,0.00,匯款,1121025,,,金錢,,,,,,,,,,
258,李我要單列族名我的布農族名字是Savungaz Valincinan,113年立法委員選舉,首次申報,1121025,匿名捐贈,邱伊翎,,3630.00,0.00,匯款,1121025,,,金錢,,,,,,,,,,
259,李我要單列族名我的布農族名字是Savungaz Valincinan,113年立法委員選舉,首次申報,1121025,匿名捐贈,林慈偉,,500.00,0.00,匯款,1121025,,,金錢,,,,,,,,,,
260,李我要單列族名我的布農族名字是Savungaz Valincinan,113年立法委員選舉,首次申報,1121025,匿名捐贈,胡博硯,,1150.00,0.00,匯款,1121025,,,金錢,,,,,,,,,,
261,李我要單列族名我的布農族名字是Savungaz Valincinan,113年立法委員選舉,首次申報,1121025,匿名捐贈,廖胤雯,,500.00,0.00,匯款,1121025,,,金錢,,,,,,,,,,
262,李我要單列族名我的布農族名字是Savungaz Valincinan,113年立法委員選舉,首次申報,1121025,匿名捐贈,王曉丹,,1980.00,0.00,匯款,1121025,,,金錢,,,,,,,,,,
263,李我要單列族名我的布農族名字是Savungaz Valincinan,113年立法委員選舉,首次申報,1121025,個人捐贈收入,裴家騏,A11*******,10000.00,0.00,匯款,1121103,,,金錢,屏東縣屏東市****,0921*****,,,,,,,,
264,李我要單列族名我的布農族名字是Savungaz Valincinan,113年立法委員選舉,首次申報,1121025,個人捐贈收入,李王清,A12*******,1000.00,0.00,匯款,1121103,,,金錢,臺北市中山區****,0931*****,,,,,,,,
265,李我要單列族名我的布農族名字是Savungaz Valincinan,113年立法委員選舉,首次申報,1121025,個人捐贈收入,王婷瑩,A22*******,1000.00,0.00,匯款,1121103,,,金錢,新北市淡水區****,0918*****,,,,,,,,
266,李我要單列族名我的布農族名字是Savungaz Valincinan,113年立法委員選舉,首次申報,1121025,個人捐贈收入,莊人傑,D12*******,1000.00,0.00,匯款,1121103,,,金錢,臺南市東區崇****,0929*****,,,,,,,,
267,李我要單列族名我的布農族名字是Savungaz Valincinan,113年立法委員選舉,首次申報,1121025,個人捐贈收入,洪偉修,E12*******,5000.00,0.00,匯款,1121103,,,金錢,臺北市士林區****,0911*****,,,,,,,,
268,李我要單列族名我的布農族名字是Savungaz Valincinan,113年立法委員選舉,首次申報,1121025,個人捐贈收入,王曉丹,F22*******,3000.00,0.00,匯款,1121103,,,金錢,新北市新店區****,0963*****,,,,,,,,
269,李我要單列族名我的布農族名字是Savungaz Valincinan,113年立法委員選舉,首次申報,1121025,個人捐贈收入,黃寶到,F28*******,1000.00,0.00,匯款,1121103,,,金錢,新北市淡水區****,0966*****,,,,,,,,
270,李我要單列族名我的布農族名字是Savungaz Valincinan,113年立法委員選舉,首次申報,1121025,個人捐贈收入,李珮瑜,G22*******,800.00,0.00,匯款,1121103,,,金錢,宜蘭縣羅東鎮****,0972*****,,,,,,,,
271,李我要單列族名我的布農族名字是Savungaz Valincinan,113年立法委員選舉,首次申報,1121025,個人捐贈收入,陳俐婷,I20*******,6666.00,0.00,匯款,1121103,,,金錢,臺北市大安區****,0966*****,,,,,,,,
272,李我要單列族名我的布農族名字是Savungaz Valincinan,113年立法委員選舉,首次申報,1121025,個人捐贈收入,黃弘任,L12*******,500.00,0.00,匯款,1121103,,,金錢,台中市太平區****,0912*****,,,,,,,,
273,李我要單列族名我的布農族名字是Savungaz Valincinan,113年立法委員選舉,首次申報,1121025,個人捐贈收入,陳明楷,N12*******,600.00,0.00,匯款,1121103,,,金錢,臺北市中正區****,0925*****,,,,,,,,
274,李我要單列族名我的布農族名字是Savungaz Valincinan,113年立法委員選舉,首次申報,1121025,個人捐贈收入,胡博硯,N12*******,2000.00,0.00,匯款,1121103,,,金錢,新北市三重區****,0910*****,,,,,,,,
275,李我要單列族名我的布農族名字是Savungaz Valincinan,113年立法委員選舉,首次申報,1121025,個人捐贈收入,王信翰,N12*******,1000.00,0.00,匯款,1121103,,,金錢,花蓮縣新城鄉****,0911*****,,,,,,,,
276,李我要單列族名我的布農族名字是Savungaz Valincinan,113年立法委員選舉,首次申報,1121025,個人捐贈收入,Pasuya e Yasiungu,Q12*******,2000.00,0.00,匯款,1121103,,,金錢,花蓮縣壽豐鄉****,0913*****,,,,,,,,
277,李我要單列族名我的布農族名字是Savungaz Valincinan,113年立法委員選舉,首次申報,1121025,個人捐贈收入,陳品州,T12*******,1000.00,0.00,匯款,1121103,,,金錢,臺東縣臺東市****,0922*****,,,,,,,,
278,李我要單列族名我的布農族名字是Savungaz Valincinan,113年立法委員選舉,首次申報,1121025,個人捐贈收入,許凱文,V12*******,1000.00,0.00,匯款,1121103,,,金錢,臺東縣海端鄉****,0925*****,,,,,,,,
279,李我要單列族名我的布農族名字是Savungaz Valincinan,113年立法委員選舉,首次申報,1121026,匿名捐贈,歐陽芃,,500.00,0.00,匯款,1121026,,,金錢,,,,,,,,,,
280,李我要單列族名我的布農族名字是Savungaz Valincinan,113年立法委員選舉,首次申報,1121026,匿名捐贈,邱奕然,,500.00,0.00,匯款,1121026,,,金錢,,,,,,,,,,
281,李我要單列族名我的布農族名字是Savungaz Valincinan,113年立法委員選舉,首次申報,1121026,個人捐贈收入,陳叔倬,J12*******,500.00,0.00,匯款,1121103,,,金錢,台中市北區館****,0955*****,,,,,,,,
282,李我要單列族名我的布農族名字是Savungaz Valincinan,113年立法委員選舉,首次申報,1121026,個人捐贈收入,楊雅婷,L22*******,1000.00,0.00,匯款,1121103,,,金錢,臺北市大安區****,0922*****,,,,,,,,
283,李我要單列族名我的布農族名字是Savungaz Valincinan,113年立法委員選舉,首次申報,1121026,個人捐贈收入,吳欣陽,S12*******,20000.00,0.00,匯款,1121103,,,金錢,臺北市中正區****,0970*****,,,,,,,,
284,李我要單列族名我的布農族名字是Savungaz Valincinan,113年立法委員選舉,首次申報,1121027,匿名捐贈,陳蔚,,1000.00,0.00,匯款,1121027,,,金錢,,,,,,,,,,
285,李我要單列族名我的布農族名字是Savungaz Valincinan,113年立法委員選舉,首次申報,1121027,個人捐贈收入,吳佩珍,E22*******,1000.00,0.00,匯款,1121103,,,金錢,臺北市文山區****,0963*****,,,,,,,,
286,李我要單列族名我的布農族名字是Savungaz Valincinan,113年立法委員選舉,首次申報,1121027,個人捐贈收入,Kumu Walis,M22*******,1000.00,0.00,匯款,1121103,,,金錢,台中市清水區****,0975*****,,,,,,,,
287,李我要單列族名我的布農族名字是Savungaz Valincinan,113年立法委員選舉,首次申報,1121027,個人捐贈收入,陳蔚,T12*******,2000.00,0.00,匯款,1121103,,,金錢,高雄市鳥松區****,0928*****,,,,,,,,
288,李我要單列族名我的布農族名字是Savungaz Valincinan,113年立法委員選舉,首次申報,1121027,個人捐贈收入,Sra Manpo Ciwidian,U12*******,2000.00,0.00,匯款,1121103,,,金錢,花蓮縣玉里鎮****,0934*****,,,,,,,,
289,李我要單列族名我的布農族名字是Savungaz Valincinan,113年立法委員選舉,首次申報,1121027,個人捐贈收入,林幸萱,V22*******,3000.00,0.00,匯款,1121103,,,金錢,新竹縣北埔鄉****,0975*****,,,,,,,,
290,李我要單列族名我的布農族名字是Savungaz Valincinan,113年立法委員選舉,首次申報,1121028,個人捐贈收入,范宇翔,B12*******,2000.00,0.00,匯款,1121103,,,金錢,台中市西屯區****,0986*****,,,,,,,,
291,李我要單列族名我的布農族名字是Savungaz Valincinan,113年立法委員選舉,首次申報,1121029,個人捐贈收入,高曉珊,D22*******,600.00,0.00,匯款,1121103,,,金錢,花蓮縣壽豐鄉****,0921*****,,,,,,,,
292,李我要單列族名我的布農族名字是Savungaz Valincinan,113年立法委員選舉,首次申報,1121029,個人捐贈收入,李奇芳,E12*******,3000.00,0.00,匯款,1121103,,,金錢,高雄市三民區****,0910*****,,,,,,,,
293,李我要單列族名我的布農族名字是Savungaz Valincinan,113年立法委員選舉,首次申報,1121030,個人捐贈收入,張立心,A12*******,100000.00,0.00,匯款,1121030,,,金錢,臺北市信義區****,,,,,,,,,
294,李我要單列族名我的布農族名字是Savungaz Valincinan,113年立法委員選舉,首次申報,1121030,個人捐贈收入,張啟平,E12*******,100000.00,0.00,匯款,1121030,,,金錢,臺北市信義區****,0933*****,,,,,,,,
295,李我要單列族名我的布農族名字是Savungaz Valincinan,113年立法委員選舉,首次申報,1121031,個人捐贈收入,姚竹音,A22*******,5000.00,0.00,匯款,1121103,,,金錢,新北市永和區****,0953*****,,,,,,,,
296,李我要單列族名我的布農族名字是Savungaz Valincinan,113年立法委員選舉,首次申報,1121101,個人捐贈收入,黃雅鴻,Q22*******,500.00,0.00,匯款,1121110,,,金錢,花蓮縣花蓮市****,0918*****,,,,,,,,
297,李我要單列族名我的布農族名字是Savungaz Valincinan,113年立法委員選舉,首次申報,1121101,個人捐贈收入,楊凱琳,T22*******,1000.00,0.00,匯款,1121110,,,金錢,臺東縣成功鎮****,0937*****,,,,,,,,
298,李我要單列族名我的布農族名字是Savungaz Valincinan,113年立法委員選舉,首次申報,1121103,個人捐贈收入,蔡文宜,H22*******,10000.00,0.00,匯款,1121110,,,金錢,臺北市大安區****,0927*****,,,,,,,,
299,李我要單列族名我的布農族名字是Savungaz Valincinan,113年立法委員選舉,首次申報,1121103,個人捐贈收入,李馨慈,T22*******,10000.00,0.00,匯款,1121110,,,金錢,南投縣信義鄉****,0917*****,,,,,,,,
300,李我要單列族名我的布農族名字是Savungaz Valincinan,113年立法委員選舉,首次申報,1121104,個人捐贈收入,戴興盛,U12*******,3000.00,0.00,匯款,1121110,,,金錢,花蓮縣花蓮市****,0939*****,,,,,,,,
301,李我要單列族名我的布農族名字是Savungaz Valincinan,113年立法委員選舉,首次申報,1121105,個人捐贈收入,凃又文,H22*******,5000.00,0.00,匯款,1121110,,,金錢,臺北市松山區****,0920*****,,,,,,,,
302,李我要單列族名我的布農族名字是Savungaz Valincinan,113年立法委員選舉,首次申報,1121109,營利事業捐贈收入,愛樂饗寶企業社,88359283,500.00,0.00,匯款,1121117,,,金錢,臺北市文山區****,0988*****,,,,,,,,
303,李我要單列族名我的布農族名字是Savungaz Valincinan,113年立法委員選舉,首次申報,1121109,個人捐贈收入,施克和,A12*******,20000.00,0.00,匯款,1121117,,,金錢,臺北市內湖區****,0932*****,,,,,,,,
304,李我要單列族名我的布農族名字是Savungaz Valincinan,113年立法委員選舉,首次申報,1121109,個人捐贈收入,簡智隆,U12*******,60000.00,0.00,匯款,1121109,,,金錢,花蓮縣萬榮鄉****,0988*****,,,,,,,,
305,李我要單列族名我的布農族名字是Savungaz Valincinan,113年立法委員選舉,首次申報,1121110,匿名捐贈,曾靖雯,,500.00,0.00,匯款,1121110,,,金錢,,,,,,,,,,
306,李我要單列族名我的布農族名字是Savungaz Valincinan,113年立法委員選舉,首次申報,1121110,匿名捐贈,麥家綸,,500.00,0.00,匯款,1121110,,,金錢,,,,,,,,,,
307,李我要單列族名我的布農族名字是Savungaz Valincinan,113年立法委員選舉,首次申報,1121110,匿名捐贈,高蓁誼,,500.00,0.00,匯款,1121110,,,金錢,,,,,,,,,,
308,李我要單列族名我的布農族名字是Savungaz Valincinan,113年立法委員選舉,首次申報,1121110,匿名捐贈,匿名,,3650.00,0.00,匯款,1121117,,,金錢,,,,,,,,,,
309,李我要單列族名我的布農族名字是Savungaz Valincinan,113年立法委員選舉,首次申報,1121110,個人捐贈收入,楊濬瑄,D22*******,1000.00,0.00,匯款,1121117,,,金錢,臺東縣臺東市****,0936*****,,,,,,,,
310,李我要單列族名我的布農族名字是Savungaz Valincinan,113年立法委員選舉,首次申報,1121111,個人捐贈收入,王凱強,G12*******,1798.00,0.00,匯款,1121117,,,金錢,宜蘭縣員山鄉****,0981*****,,,,,,,,
311,李我要單列族名我的布農族名字是Savungaz Valincinan,113年立法委員選舉,首次申報,1121111,個人捐贈收入,王凱強,G12*******,3000.00,0.00,匯款,1121117,,,金錢,宜蘭縣員山鄉****,0981*****,,,,,,,,
312,李我要單列族名我的布農族名字是Savungaz Valincinan,113年立法委員選舉,首次申報,1121111,個人捐贈收入,Yapasuyongu Akuyana,J12*******,3000.00,0.00,匯款,1121117,,,金錢,臺北市松山區****,0919*****,,,,,,,,
313,李我要單列族名我的布農族名字是Savungaz Valincinan,113年立法委員選舉,首次申報,1121112,個人捐贈收入,李秋葵,A22*******,1000.00,0.00,匯款,1121117,,,金錢,新北市三重區****,0934*****,,,,,,,,
314,李我要單列族名我的布農族名字是Savungaz Valincinan,113年立法委員選舉,首次申報,1121112,個人捐贈收入,吳佳玲,J22*******,1000.00,0.00,匯款,1121117,,,金錢,新竹市東區瑞****,0978*****,,,,,,,,
315,李我要單列族名我的布農族名字是Savungaz Valincinan,113年立法委員選舉,首次申報,1121114,個人捐贈收入,黃炤愷,A12*******,1798.00,0.00,匯款,1121117,,,金錢,臺北市中正區****,(530*****,,,,,,,,
316,李我要單列族名我的布農族名字是Savungaz Valincinan,113年立法委員選舉,首次申報,1121114,個人捐贈收入,Mulas Ismahasan陳慧君,S22*******,3000.00,0.00,匯款,1121117,,,金錢,臺北市內湖區****,0911*****,,,,,,,,
317,李我要單列族名我的布農族名字是Savungaz Valincinan,113年立法委員選舉,首次申報,1121115,匿名捐贈,匿名,,5000.00,0.00,匯款,1121124,,,金錢,,,,,,,,,,
318,李我要單列族名我的布農族名字是Savungaz Valincinan,113年立法委員選舉,首次申報,1121115,匿名捐贈,魏玉菁,,500.00,0.00,匯款,1121115,,,金錢,,,,,,,,,,
319,李我要單列族名我的布農族名字是Savungaz Valincinan,113年立法委員選舉,首次申報,1121115,個人捐贈收入,蔡尚文,E12*******,3000.00,0.00,匯款,1121124,,,金錢,臺北市中山區****,0928*****,,,,,,,,
320,李我要單列族名我的布農族名字是Savungaz Valincinan,113年立法委員選舉,首次申報,1121115,個人捐贈收入,石秀珉,S22*******,1000.00,0.00,匯款,1121124,,,金錢,高雄市三民區****,0975*****,,,,,,,,
321,李我要單列族名我的布農族名字是Savungaz Valincinan,113年立法委員選舉,首次申報,1121116,匿名捐贈,謝筱君,,500.00,0.00,匯款,1121116,,,金錢,,,,,,,,,,
322,李我要單列族名我的布農族名字是Savungaz Valincinan,113年立法委員選舉,首次申報,1121116,個人捐贈收入,黃繼正,,10000.00,0.00,匯款,1121116,,,金錢,臺北市中正區****,0970*****,,,,,,,,
323,李我要單列族名我的布農族名字是Savungaz Valincinan,113年立法委員選舉,首次申報,1121117,匿名捐贈,匿名,,1000.00,0.00,匯款,1121117,,,金錢,,,,,,,,,,
324,李我要單列族名我的布農族名字是Savungaz Valincinan,113年立法委員選舉,首次申報,1121117,個人捐贈收入,陳曦 Taruh Payu,A12*******,3000.00,0.00,匯款,1121124,,,金錢,基隆市安樂區****,0912*****,,,,,,,,
325,李我要單列族名我的布農族名字是Savungaz Valincinan,113年立法委員選舉,首次申報,1121119,個人捐贈收入,彭仁郁,J22*******,10000.00,0.00,匯款,1121124,,,金錢,臺北市南港區****,0921*****,,,,,,,,
326,李我要單列族名我的布農族名字是Savungaz Valincinan,113年立法委員選舉,首次申報,1121121,匿名捐贈,簡意林,,500.00,0.00,匯款,1121121,,,金錢,,,,,,,,,,
327,李我要單列族名我的布農族名字是Savungaz Valincinan,113年立法委員選舉,首次申報,1121121,匿名捐贈,賴柔蒨,,600.00,0.00,匯款,1121121,,,金錢,,,,,,,,,,
328,李我要單列族名我的布農族名字是Savungaz Valincinan,113年立法委員選舉,首次申報,1121122,個人捐贈收入,林思廷,L22*******,3650.00,0.00,匯款,1121201,,,金錢,臺東縣臺東市****,0912*****,,,,,,,,
329,李我要單列族名我的布農族名字是Savungaz Valincinan,113年立法委員選舉,首次申報,1121122,個人捐贈收入,侯駿弘,Q12*******,500.00,0.00,匯款,1121201,,,金錢,嘉義縣朴子市****,0939*****,,,,,,,,
330,李我要單列族名我的布農族名字是Savungaz Valincinan,113年立法委員選舉,首次申報,1121123,匿名捐贈,周曉禎,,500.00,0.00,匯款,1121123,,,金錢,,,,,,,,,,
331,李我要單列族名我的布農族名字是Savungaz Valincinan,113年立法委員選舉,首次申報,1121123,個人捐贈收入,劉邦俊,J12*******,10000.00,0.00,匯款,1121201,,,金錢,新竹縣五峰鄉****,0955*****,,,,,,,,
332,李我要單列族名我的布農族名字是Savungaz Valincinan,113年立法委員選舉,首次申報,1121123,個人捐贈收入,瓦旦·格尤,J12*******,10000.00,0.00,匯款,1121201,,,金錢,新竹縣五峰鄉****,0955*****,,,,,,,,
333,李我要單列族名我的布農族名字是Savungaz Valincinan,113年立法委員選舉,首次申報,1121127,個人捐贈收入,盧冠霖,A13*******,3000.00,0.00,匯款,1121201,,,金錢,臺北市內湖區****,0932*****,,,,,,,,
334,李我要單列族名我的布農族名字是Savungaz Valincinan,113年立法委員選舉,首次申報,1121127,個人捐贈收入,林幸萱,V22*******,3000.00,0.00,匯款,1121201,,,金錢,新竹縣北埔鄉****,0975*****,,,,,,,,
335,李我要單列族名我的布農族名字是Savungaz Valincinan,113年立法委員選舉,首次申報,1121129,匿名捐贈,匿名,,200.00,0.00,匯款,1121208,,,金錢,,,,,,,,,,
336,李我要單列族名我的布農族名字是Savungaz Valincinan,113年立法委員選舉,首次申報,1121129,匿名捐贈,吳昀慶,,1000.00,0.00,匯款,1121129,,,金錢,,,,,,,,,,
337,李我要單列族名我的布農族名字是Savungaz Valincinan,113年立法委員選舉,首次申報,1121129,匿名捐贈,匿名,,5000.00,0.00,匯款,1121129,,,金錢,,,,,,,,,,
338,李我要單列族名我的布農族名字是Savungaz Valincinan,113年立法委員選舉,首次申報,1121129,個人捐贈收入,史鎧瑜,A22*******,3000.00,0.00,匯款,1121208,,,金錢,Rivers****,(718*****,,,,,,,,
339,李我要單列族名我的布農族名字是Savungaz Valincinan,113年立法委員選舉,首次申報,1121129,個人捐贈收入,吳昀慶,D12*******,2000.00,0.00,匯款,1121208,,,金錢,臺北市文山區****,0976*****,,,,,,,,
340,李我要單列族名我的布農族名字是Savungaz Valincinan,113年立法委員選舉,首次申報,1121129,個人捐贈收入,陳軍鈞,Q22*******,2000.00,0.00,匯款,1121208,,,金錢,臺南市永康區****,0929*****,,,,,,,,
341,李我要單列族名我的布農族名字是Savungaz Valincinan,113年立法委員選舉,首次申報,1121129,個人捐贈收入,劉尉楷,U12*******,1000.00,0.00,匯款,1121208,,,金錢,花蓮縣鳳林鎮****,0912*****,,,,,,,,
342,李我要單列族名我的布農族名字是Savungaz Valincinan,113年立法委員選舉,首次申報,1121129,個人捐贈收入,陳慧艶,U22*******,2024.00,0.00,匯款,1121208,,,金錢,新北市八里區****,0980*****,,,,,,,,
343,李我要單列族名我的布農族名字是Savungaz Valincinan,113年立法委員選舉,首次申報,1121130,匿名捐贈,華進丁,,1000.00,0.00,匯款,1121130,,,金錢,,,,,,,,,,
344,李我要單列族名我的布農族名字是Savungaz Valincinan,113年立法委員選舉,首次申報,1121130,個人捐贈收入,林岑,A22*******,1000.00,0.00,匯款,1121208,,,金錢,臺東縣東河鄉****,0956*****,,,,,,,,
345,李我要單列族名我的布農族名字是Savungaz Valincinan,113年立法委員選舉,首次申報,1121130,個人捐贈收入,邱亭儒,F22*******,500.00,0.00,匯款,1121208,,,金錢,台中市北屯區****,0928*****,,,,,,,,
346,李我要單列族名我的布農族名字是Savungaz Valincinan,113年立法委員選舉,首次申報,1121201,個人捐贈收入,王時齊,B22*******,10000.00,0.00,匯款,1121208,,,金錢,臺北市松山區****,0961*****,,,,,,,,
347,李我要單列族名我的布農族名字是Savungaz Valincinan,113年立法委員選舉,首次申報,1121201,個人捐贈收入,黃雅鴻,Q22*******,500.00,0.00,匯款,1121208,,,金錢,花蓮縣花蓮市****,0918*****,,,,,,,,
348,李我要單列族名我的布農族名字是Savungaz Valincinan,113年立法委員選舉,首次申報,1121201,個人捐贈收入,台邦．撒沙勒,T12*******,3000.00,0.00,匯款,1121208,,,金錢,屏東縣瑪家鄉****,0921*****,,,,,,,,
349,李我要單列族名我的布農族名字是Savungaz Valincinan,113年立法委員選舉,首次申報,1121202,匿名捐贈,鄭宇智,,500.00,0.00,匯款,1121202,,,金錢,,,,,,,,,,
350,李我要單列族名我的布農族名字是Savungaz Valincinan,113年立法委員選舉,首次申報,1121205,匿名捐贈,林峰寧,,1200.00,0.00,匯款,1121205,,,金錢,,,,,,,,,,
351,李我要單列族名我的布農族名字是Savungaz Valincinan,113年立法委員選舉,首次申報,1121205,個人捐贈收入,甫岱．嘎厄迪,E12*******,1000.00,0.00,匯款,1121205,,,金錢,花蓮縣壽豐鄉****,0916*****,,,,,,,,
352,李我要單列族名我的布農族名字是Savungaz Valincinan,113年立法委員選舉,首次申報,1121205,個人捐贈收入,陳奕宏,T12*******,3000.00,0.00,匯款,1121208,,,金錢,屏東縣屏東市****,0975*****,,,,,,,,
353,李我要單列族名我的布農族名字是Savungaz Valincinan,113年立法委員選舉,首次申報,1121206,匿名捐贈,匿名,,1393.00,0.00,匯款,1121206,,,金錢,,,,,,,,,,
354,李我要單列族名我的布農族名字是Savungaz Valincinan,113年立法委員選舉,首次申報,1121206,個人捐贈收入,曾嘉芊,A22*******,500.00,0.00,匯款,1121215,,,金錢,花蓮縣花蓮市****,0955*****,,,,,,,,
355,李我要單列族名我的布農族名字是Savungaz Valincinan,113年立法委員選舉,首次申報,1121206,個人捐贈收入,林庭鳳,F22*******,1000.00,0.00,匯款,1121215,,,金錢,新北市金山區****,0963*****,,,,,,,,
356,李我要單列族名我的布農族名字是Savungaz Valincinan,113年立法委員選舉,首次申報,1121206,個人捐贈收入,吳琪瑤,T22*******,2000.00,0.00,匯款,1121215,,,金錢,高雄市杉林區****,0921*****,,,,,,,,
357,李我要單列族名我的布農族名字是Savungaz Valincinan,113年立法委員選舉,首次申報,1121212,匿名捐贈,匿名,,2000.00,0.00,匯款,1121215,,,金錢,,,,,,,,,,
358,李我要單列族名我的布農族名字是Savungaz Valincinan,113年立法委員選舉,首次申報,1121212,匿名捐贈,匿名,,10000.00,0.00,匯款,1121212,,,金錢,,,,,,,,,,
359,李我要單列族名我的布農族名字是Savungaz Valincinan,113年立法委員選舉,首次申報,1121212,匿名捐贈,匿名,,500.00,0.00,匯款,1121212,,,金錢,,,,,,,,,,
360,李我要單列族名我的布農族名字是Savungaz Valincinan,113年立法委員選舉,首次申報,1121212,個人捐贈收入,林華慶,,2000.00,0.00,匯款,1121212,,,金錢,,0932*****,,,,,,,,
361,李我要單列族名我的布農族名字是Savungaz Valincinan,113年立法委員選舉,首次申報,1121212,匿名捐贈,匿名,,1000.00,0.00,匯款,1121212,,,金錢,,,,,,,,,,
362,李我要單列族名我的布農族名字是Savungaz Valincinan,113年立法委員選舉,首次申報,1121212,匿名捐贈,匿名,,1000.00,0.00,匯款,1121212,,,金錢,,,,,,,,,,
363,李我要單列族名我的布農族名字是Savungaz Valincinan,113年立法委員選舉,首次申報,1121212,匿名捐贈,程莉茜,,600.00,0.00,匯款,1121212,,,金錢,,,,,,,,,,
364,李我要單列族名我的布農族名字是Savungaz Valincinan,113年立法委員選舉,首次申報,1121212,匿名捐贈,李孟穎,,500.00,0.00,匯款,1121212,,,金錢,,,,,,,,,,
365,李我要單列族名我的布農族名字是Savungaz Valincinan,113年立法委員選舉,首次申報,1121212,匿名捐贈,陳芸霠,,500.00,0.00,匯款,1121212,,,金錢,,,,,,,,,,
366,李我要單列族名我的布農族名字是Savungaz Valincinan,113年立法委員選舉,首次申報,1121212,匿名捐贈,張瀞文,,500.00,0.00,匯款,1121212,,,金錢,,,,,,,,,,
367,李我要單列族名我的布農族名字是Savungaz Valincinan,113年立法委員選舉,首次申報,1121212,匿名捐贈,黃瀚慧,,500.00,0.00,匯款,1121212,,,金錢,,,,,,,,,,
368,李我要單列族名我的布農族名字是Savungaz Valincinan,113年立法委員選舉,首次申報,1121212,匿名捐贈,曾秀鑾,,500.00,0.00,匯款,1121212,,,金錢,,,,,,,,,,
369,李我要單列族名我的布農族名字是Savungaz Valincinan,113年立法委員選舉,首次申報,1121212,個人捐贈收入,許玉楚,A23*******,1000.00,0.00,匯款,1121215,,,金錢,臺北市內湖區****,0954*****,,,,,,,,
370,李我要單列族名我的布農族名字是Savungaz Valincinan,113年立法委員選舉,首次申報,1121212,個人捐贈收入,陳昱豪,E12*******,2000.00,0.00,匯款,1121215,,,金錢,花蓮縣壽豐鄉****,0975*****,,,,,,,,
371,李我要單列族名我的布農族名字是Savungaz Valincinan,113年立法委員選舉,首次申報,1121212,個人捐贈收入,沈世祐,O10*******,1000.00,0.00,匯款,1121215,,,金錢,新竹市東區民****,0911*****,,,,,,,,
372,李我要單列族名我的布農族名字是Savungaz Valincinan,113年立法委員選舉,首次申報,1121212,個人捐贈收入,李政霖,Q12*******,1000.00,0.00,匯款,1121215,已返還,,金錢,嘉義縣中埔鄉****,0979*****,,,,,,,,
373,李我要單列族名我的布農族名字是Savungaz Valincinan,113年立法委員選舉,首次申報,1121212,個人捐贈收入,林偉明,V12*******,600.00,0.00,匯款,1121215,,,金錢,臺東縣達仁鄉****,0977*****,,,,,,,,
374,李我要單列族名我的布農族名字是Savungaz Valincinan,113年立法委員選舉,首次申報,1121212,個人捐贈收入,陳祈宏,V12*******,1798.00,0.00,匯款,1121215,,,金錢,臺東縣長濱鄉****,0978*****,,,,,,,,
375,李我要單列族名我的布農族名字是Savungaz Valincinan,113年立法委員選舉,首次申報,1121212,個人捐贈收入,邱瓊玉,V22*******,10000.00,0.00,匯款,1121215,,,金錢,台中市大雅區****,0935*****,,,,,,,,
376,李我要單列族名我的布農族名字是Savungaz Valincinan,113年立法委員選舉,首次申報,1121213,匿名捐贈,匿名,,1000.00,0.00,匯款,1121222,,,金錢,,,,,,,,,,
377,李我要單列族名我的布農族名字是Savungaz Valincinan,113年立法委員選舉,首次申報,1121213,匿名捐贈,吳星慧,,600.00,0.00,匯款,1121213,,,金錢,,,,,,,,,,
378,李我要單列族名我的布農族名字是Savungaz Valincinan,113年立法委員選舉,首次申報,1121213,匿名捐贈,李郁欣,,1000.00,0.00,匯款,1121213,,,金錢,,,,,,,,,,
379,李我要單列族名我的布農族名字是Savungaz Valincinan,113年立法委員選舉,首次申報,1121213,匿名捐贈,匿名,,3000.00,0.00,匯款,1121213,,,金錢,,,,,,,,,,
380,李我要單列族名我的布農族名字是Savungaz Valincinan,113年立法委員選舉,首次申報,1121213,匿名捐贈,匿名,,5000.00,0.00,匯款,1121213,,,金錢,,,,,,,,,,
381,李我要單列族名我的布農族名字是Savungaz Valincinan,113年立法委員選舉,首次申報,1121213,匿名捐贈,匿名,,1600.00,0.00,匯款,1121213,,,金錢,,,,,,,,,,
382,李我要單列族名我的布農族名字是Savungaz Valincinan,113年立法委員選舉,首次申報,1121213,匿名捐贈,Lanaw Lipay,,1100.00,0.00,匯款,1121213,,,金錢,,,,,,,,,,
383,李我要單列族名我的布農族名字是Savungaz Valincinan,113年立法委員選舉,首次申報,1121213,個人捐贈收入,鄭智偉,A12*******,1000.00,0.00,匯款,1121222,,,金錢,臺北市大安區****,0917*****,,,,,,,,
384,李我要單列族名我的布農族名字是Savungaz Valincinan,113年立法委員選舉,首次申報,1121213,個人捐贈收入,陳步洲,A12*******,1000.00,0.00,匯款,1121222,,,金錢,臺北市大安區****,0936*****,,,,,,,,
385,李我要單列族名我的布農族名字是Savungaz Valincinan,113年立法委員選舉,首次申報,1121213,個人捐贈收入,鍾艾凌,F22*******,1000.00,0.00,匯款,1121222,,,金錢,臺北市中正區****,0970*****,,,,,,,,
386,李我要單列族名我的布農族名字是Savungaz Valincinan,113年立法委員選舉,首次申報,1121213,個人捐贈收入,葉王靖,O10*******,300.00,0.00,匯款,1121222,,,金錢,新北市新店區****,0921*****,,,,,,,,
387,李我要單列族名我的布農族名字是Savungaz Valincinan,113年立法委員選舉,首次申報,1121213,個人捐贈收入,江河清,S12*******,1450.00,0.00,匯款,1121222,,,金錢,高雄市大社區****,0979*****,,,,,,,,
388,李我要單列族名我的布農族名字是Savungaz Valincinan,113年立法委員選舉,首次申報,1121214,匿名捐贈,李芃萱,,1700.00,0.00,匯款,1121214,,,金錢,,,,,,,,,,
389,李我要單列族名我的布農族名字是Savungaz Valincinan,113年立法委員選舉,首次申報,1121214,匿名捐贈,匿名,,1000.00,0.00,匯款,1121214,,,金錢,,,,,,,,,,
390,李我要單列族名我的布農族名字是Savungaz Valincinan,113年立法委員選舉,首次申報,1121214,匿名捐贈,匿名,,1000.00,0.00,匯款,1121214,,,金錢,,,,,,,,,,
391,李我要單列族名我的布農族名字是Savungaz Valincinan,113年立法委員選舉,首次申報,1121214,個人捐贈收入,喬蘭雅,A22*******,1000.00,0.00,匯款,1121222,,,金錢,新北市新店區****,0905*****,,,,,,,,
392,李我要單列族名我的布農族名字是Savungaz Valincinan,113年立法委員選舉,首次申報,1121214,個人捐贈收入,吳學儒,N12*******,3000.00,0.00,匯款,1121222,,,金錢,臺東縣臺東市****,0955*****,,,,,,,,
393,李我要單列族名我的布農族名字是Savungaz Valincinan,113年立法委員選舉,首次申報,1121214,個人捐贈收入,賴冠妤,N22*******,500.00,0.00,匯款,1121222,,,金錢,台中市南屯區****,0933*****,,,,,,,,
394,李我要單列族名我的布農族名字是Savungaz Valincinan,113年立法委員選舉,首次申報,1121214,個人捐贈收入,侯駿弘,Q12*******,2000.00,0.00,匯款,1121222,,,金錢,嘉義縣朴子市****,0939*****,,,,,,,,
395,李我要單列族名我的布農族名字是Savungaz Valincinan,113年立法委員選舉,首次申報,1121214,個人捐贈收入,蘇筠芷,R22*******,1200.00,0.00,匯款,1121222,,,金錢,高雄市鳥松區****,0934*****,,,,,,,,
396,李我要單列族名我的布農族名字是Savungaz Valincinan,113年立法委員選舉,首次申報,1121214,個人捐贈收入,周浩伊,U12*******,1069.00,0.00,匯款,1121222,,,金錢,臺北市中山區****,0905*****,,,,,,,,
397,李我要單列族名我的布農族名字是Savungaz Valincinan,113年立法委員選舉,首次申報,1121215,匿名捐贈,匿名,,1000.00,0.00,匯款,1121222,,,金錢,,,,,,,,,,
398,李我要單列族名我的布農族名字是Savungaz Valincinan,113年立法委員選舉,首次申報,1121215,匿名捐贈,温孟儒,,600.00,0.00,匯款,1121215,,,金錢,,,,,,,,,,
399,李我要單列族名我的布農族名字是Savungaz Valincinan,113年立法委員選舉,首次申報,1121215,匿名捐贈,璽固馬耀,,1000.00,0.00,匯款,1121215,,,金錢,,,,,,,,,,
400,李我要單列族名我的布農族名字是Savungaz Valincinan,113年立法委員選舉,首次申報,1121215,個人捐贈收入,林書羽,A22*******,3000.00,0.00,匯款,1121222,,,金錢,新北市永和區****,0917*****,,,,,,,,
401,李我要單列族名我的布農族名字是Savungaz Valincinan,113年立法委員選舉,首次申報,1121215,個人捐贈收入,温孟儒,M22*******,3000.00,0.00,匯款,1121222,,,金錢,南投縣埔里鎮****,0955*****,,,,,,,,
402,李我要單列族名我的布農族名字是Savungaz Valincinan,113年立法委員選舉,首次申報,1121216,匿名捐贈,徐靜,,500.00,0.00,匯款,1121216,,,金錢,,,,,,,,,,
403,李我要單列族名我的布農族名字是Savungaz Valincinan,113年立法委員選舉,首次申報,1121217,匿名捐贈,余桂榕,,1600.00,0.00,匯款,1121217,,,金錢,,,,,,,,,,
404,李我要單列族名我的布農族名字是Savungaz Valincinan,113年立法委員選舉,首次申報,1121217,匿名捐贈,匿名,,2000.00,0.00,匯款,1121222,,,金錢,,,,,,,,,,
405,李我要單列族名我的布農族名字是Savungaz Valincinan,113年立法委員選舉,首次申報,1121217,匿名捐贈,匿名,,9999.00,0.00,匯款,1121222,,,金錢,,,,,,,,,,
406,李我要單列族名我的布農族名字是Savungaz Valincinan,113年立法委員選舉,首次申報,1121217,個人捐贈收入,吳宜津,F22*******,10000.00,0.00,匯款,1121222,,,金錢,新北市新店區****,0919*****,,,,,,,,
407,李我要單列族名我的布農族名字是Savungaz Valincinan,113年立法委員選舉,首次申報,1121217,個人捐贈收入,陳佩甄,F22*******,10000.00,0.00,匯款,1121222,,,金錢,臺北市大安區****,0920*****,,,,,,,,
408,李我要單列族名我的布農族名字是Savungaz Valincinan,113年立法委員選舉,首次申報,1121217,個人捐贈收入,蔡維哲,L12*******,3000.00,0.00,匯款,1121222,,,金錢,臺北市中正區****,0961*****,,,,,,,,
409,李我要單列族名我的布農族名字是Savungaz Valincinan,113年立法委員選舉,首次申報,1121217,個人捐贈收入,林宏瑋,U12*******,1000.00,0.00,匯款,1121222,,,金錢,新北市永和區****,0988*****,,,,,,,,
410,李我要單列族名我的布農族名字是Savungaz Valincinan,113年立法委員選舉,首次申報,1121218,匿名捐贈,匿名,,9999.00,0.00,匯款,1121222,,,金錢,,,,,,,,,,
411,李我要單列族名我的布農族名字是Savungaz Valincinan,113年立法委員選舉,首次申報,1121218,營利事業捐贈收入,舒米恩工作室,26756902,100000.00,0.00,匯款,1121218,,,金錢,新北市樹林區****,,,,,,,,,
412,李我要單列族名我的布農族名字是Savungaz Valincinan,113年立法委員選舉,首次申報,1121218,個人捐贈收入,李沛澐,A23*******,2024.00,0.00,匯款,1121222,,,金錢,台中市南屯區****,0972*****,,,,,,,,
413,李我要單列族名我的布農族名字是Savungaz Valincinan,113年立法委員選舉,首次申報,1121218,個人捐贈收入,松柏睿,M12*******,1000.00,0.00,匯款,1121222,,,金錢,新北市永和區****,0921*****,,,,,,,,
414,李我要單列族名我的布農族名字是Savungaz Valincinan,113年立法委員選舉,首次申報,1121219,個人捐贈收入,吳誌賢,F12*******,3000.00,0.00,匯款,1121222,,,金錢,彰化縣鹿港鎮****,0919*****,,,,,,,,
415,李我要單列族名我的布農族名字是Savungaz Valincinan,113年立法委員選舉,首次申報,1121219,個人捐贈收入,何沛臻,F22*******,3000.00,0.00,匯款,1121222,,,金錢,臺北市中山區****,0928*****,,,,,,,,
416,李我要單列族名我的布農族名字是Savungaz Valincinan,113年立法委員選舉,首次申報,1121219,個人捐贈收入,黃弘任,L12*******,500.00,0.00,匯款,1121222,,,金錢,台中市大里區****,0912*****,,,,,,,,
417,李我要單列族名我的布農族名字是Savungaz Valincinan,113年立法委員選舉,首次申報,1121219,個人捐贈收入,Ingay Tali,U12*******,10000.00,0.00,匯款,1121222,,,金錢,臺南市北區臺****,0987*****,,,,,,,,
418,李我要單列族名我的布農族名字是Savungaz Valincinan,113年立法委員選舉,首次申報,1121221,其他收入,利息收入,,151.00,0.00,匯款,1121221,,,金錢,,,,,,,,,,
419,李我要單列族名我的布農族名字是Savungaz Valincinan,113年立法委員選舉,首次申報,1121221,匿名捐贈,匿名,,1000.00,0.00,現金,1121221,,,金錢,,,,,,,,,,
420,李我要單列族名我的布農族名字是Savungaz Valincinan,113年立法委員選舉,首次申報,1121221,個人捐贈收入,王曦,A22*******,6000.00,0.00,匯款,1121229,,,金錢,新北市鶯歌區****,0988*****,,,,,,,,
421,李我要單列族名我的布農族名字是Savungaz Valincinan,113年立法委員選舉,首次申報,1121222,匿名捐贈,匿名,,3000.00,0.00,現金,1121222,,,金錢,,,,,,,,,,
422,李我要單列族名我的布農族名字是Savungaz Valincinan,113年立法委員選舉,首次申報,1121222,匿名捐贈,田靜怡,,500.00,0.00,匯款,1121222,,,金錢,,,,,,,,,,
423,李我要單列族名我的布農族名字是Savungaz Valincinan,113年立法委員選舉,首次申報,1121222,個人捐贈收入,阿發瓦特·阿汶薄薄,L12*******,10000.00,0.00,匯款,1121229,,,金錢,彰化縣彰化市****,0922*****,,,,,,,,
424,李我要單列族名我的布農族名字是Savungaz Valincinan,113年立法委員選舉,首次申報,1121222,個人捐贈收入,侯駿弘,Q12*******,500.00,0.00,匯款,1121229,,,金錢,嘉義縣朴子市****,0939*****,,,,,,,,
425,李我要單列族名我的布農族名字是Savungaz Valincinan,113年立法委員選舉,首次申報,1121222,個人捐贈收入,蘇崇閔,Q12*******,1000.00,0.00,匯款,1121229,,,金錢,嘉義縣水上鄉****,0905*****,,,,,,,,
426,李我要單列族名我的布農族名字是Savungaz Valincinan,113年立法委員選舉,首次申報,1121223,個人捐贈收入,Ciwang Teyra,U22*******,10000.00,0.00,匯款,1121229,,,金錢,臺北市大安區****,0912*****,,,,,,,,
427,李我要單列族名我的布農族名字是Savungaz Valincinan,113年立法委員選舉,首次申報,1121229,個人捐贈收入,簡冠盈,A22*******,300.00,0.00,匯款,1130105,,,金錢,臺北市中山區****,0987*****,,,,,,,,
428,李我要單列族名我的布農族名字是Savungaz Valincinan,113年立法委員選舉,首次申報,1121230,個人捐贈收入,鍾敏儀,L22*******,3000.00,0.00,匯款,1130105,,,金錢,台中市霧峰區****,0912*****,,,,,,,,
429,李我要單列族名我的布農族名字是Savungaz Valincinan,113年立法委員選舉,首次申報,1121230,個人捐贈收入,何偉文,V12*******,3650.00,0.00,匯款,1130105,,,金錢,台中市大里區****,0963*****,,,,,,,,
430,李我要單列族名我的布農族名字是Savungaz Valincinan,113年立法委員選舉,首次申報,1121231,個人捐贈收入,葉宇芳,K22*******,1000.00,0.00,匯款,1130105,,,金錢,新北市新莊區****,0936*****,,,,,,,,
431,李我要單列族名我的布農族名字是Savungaz Valincinan,113年立法委員選舉,首次申報,1130101,個人捐贈收入,黃雅鴻,Q22*******,500.00,0.00,匯款,1130105,,,金錢,花蓮縣花蓮市****,0918*****,,,,,,,,
432,李我要單列族名我的布農族名字是Savungaz Valincinan,113年立法委員選舉,首次申報,1130102,匿名捐贈,匿名,,1000.00,0.00,匯款,1130102,,,金錢,,,,,,,,,,
433,李我要單列族名我的布農族名字是Savungaz Valincinan,113年立法委員選舉,首次申報,1130102,營利事業捐贈收入,舒米恩工作室,26756902,76000.00,0.00,匯款,1130102,,,金錢,新北市樹林區****,,,,,,,,,
434,李我要單列族名我的布農族名字是Savungaz Valincinan,113年立法委員選舉,首次申報,1130104,匿名捐贈,匿名,,1000.00,0.00,匯款,1130109,,,金錢,,,,,,,,,,
435,李我要單列族名我的布農族名字是Savungaz Valincinan,113年立法委員選舉,首次申報,1130105,匿名捐贈,邱琮皓,,2200.00,0.00,匯款,1130105,,,金錢,,,,,,,,,,
436,李我要單列族名我的布農族名字是Savungaz Valincinan,113年立法委員選舉,首次申報,1130105,個人捐贈收入,吳玉麗,P22*******,500.00,0.00,匯款,1130109,,,金錢,新北市新莊區****,0932*****,,,,,,,,
437,李我要單列族名我的布農族名字是Savungaz Valincinan,113年立法委員選舉,首次申報,1130105,個人捐贈收入,馬賴婉瑜,U22*******,2222.00,0.00,匯款,1130109,,,金錢,花蓮縣吉安鄉****,0912*****,,,,,,,,
438,李我要單列族名我的布農族名字是Savungaz Valincinan,113年立法委員選舉,首次申報,1130105,個人捐贈收入,張琴慧,Y22*******,10000.00,0.00,匯款,1130109,,,金錢,臺南市北區育****,0989*****,,,,,,,,
439,李我要單列族名我的布農族名字是Savungaz Valincinan,113年立法委員選舉,首次申報,1130106,個人捐贈收入,陳巧筠,V22*******,1000.00,0.00,匯款,1130109,,,金錢,臺北市中正區****,0932*****,,,,,,,,
440,李我要單列族名我的布農族名字是Savungaz Valincinan,113年立法委員選舉,首次申報,1130107,匿名捐贈,匿名,,1000.00,0.00,匯款,1130107,,,金錢,,,,,,,,,,
441,李我要單列族名我的布農族名字是Savungaz Valincinan,113年立法委員選舉,首次申報,1130108,匿名捐贈,邱琮皓,,1100.00,0.00,匯款,1130108,,,金錢,,,,,,,,,,
442,李我要單列族名我的布農族名字是Savungaz Valincinan,113年立法委員選舉,首次申報,1130110,匿名捐贈,歐佳霖,,1000.00,0.00,匯款,1130110,,,金錢,,,,,,,,,,
443,李我要單列族名我的布農族名字是Savungaz Valincinan,113年立法委員選舉,首次申報,1130110,個人捐贈收入,戴宛靜,A22*******,2000.00,0.00,匯款,1130112,,,金錢,臺北市文山區****,0982*****,,,,,,,,
444,李我要單列族名我的布農族名字是Savungaz Valincinan,113年立法委員選舉,首次申報,1130111,匿名捐贈,賴昱伸,,1000.00,0.00,匯款,1130111,,,金錢,,,,,,,,,,
