﻿序號,擬參選人／政黨,選舉名稱,申報序號／年度,交易日期,收支科目,捐贈者／支出對象,身分證／統一編號,收入金額,支出金額,支出用途,金錢類,地址,聯絡電話,資料更正日期
1,李宗智,107年直轄市議員選舉,首次申報,1070816,人事費用支出,顏志成,R10*******,0.00,25000.00,工資或薪津,金錢,臺南市新營區****,,
2,李宗智,107年直轄市議員選舉,首次申報,1070829,交通旅運支出,歐悅國際公司,27474135,0.00,1400.00,差旅膳宿支出,金錢,,,
3,李宗智,107年直轄市議員選舉,首次申報,1070829,雜支支出,台南選委會,69650318,0.00,200000.00,選舉保證金費（未退回保證金者得以報支）,金錢,臺南市安平區****,,
4,李宗智,107年直轄市議員選舉,首次申報,1070830,交通旅運支出,台亞石油,72769819,0.00,1606.00,油資,金錢,,,
5,李宗智,107年直轄市議員選舉,首次申報,1070913,交通旅運支出,台亞石油,10018161,0.00,1604.00,油資,金錢,,,
6,李宗智,107年直轄市議員選舉,首次申報,1070916,人事費用支出,顏志成,R10*******,0.00,25000.00,工資或薪津,金錢,臺南市新營區****,,
7,李宗智,107年直轄市議員選舉,首次申報,1070919,交通旅運支出,台亞石油,10017450,0.00,1461.00,油資,金錢,,,
8,李宗智,107年直轄市議員選舉,首次申報,1070920,雜支支出,新營蜜餞行,72204587,0.00,1500.00,餐飲費用,金錢,,,
9,李宗智,107年直轄市議員選舉,首次申報,1070922,交通旅運支出,台灣中油,33931201,0.00,1601.00,油資,金錢,,,
10,李宗智,107年直轄市議員選舉,首次申報,1071001,交通旅運支出,台灣中油,33931201,0.00,1596.00,油資,金錢,,,
11,李宗智,107年直轄市議員選舉,首次申報,1071004,雜支支出,台電,,0.00,6619.00,水電瓦斯費用,金錢,臺南市新營區****,,
12,李宗智,107年直轄市議員選舉,首次申報,1071010,交通旅運支出,台灣中油,33931201,0.00,1112.00,油資,金錢,,,
13,李宗智,107年直轄市議員選舉,首次申報,1071013,交通旅運支出,台灣中油,33931201,0.00,1689.00,油資,金錢,,,
14,李宗智,107年直轄市議員選舉,首次申報,1071016,人事費用支出,顏志成,R10*******,0.00,25000.00,工資或薪津,金錢,臺南市新營區****,,
15,李宗智,107年直轄市議員選舉,首次申報,1071020,雜支支出,億買商行,20353234,0.00,208.00,文具用品費用,金錢,,,
16,李宗智,107年直轄市議員選舉,首次申報,1071024,交通旅運支出,台大ㄧ加油站,80621396,0.00,1000.00,油資,金錢,,,
17,李宗智,107年直轄市議員選舉,首次申報,1071027,交通旅運支出,台灣中油,33931201,0.00,1469.00,油資,金錢,,,
18,李宗智,107年直轄市議員選舉,首次申報,1071101,交通旅運支出,台灣中油,33931201,0.00,1095.00,油資,金錢,,,
19,李宗智,107年直轄市議員選舉,首次申報,1071109,宣傳支出,中國時報,,0.00,30000.00,播送、傳送或刊登宣傳廣告支出,金錢,N臺南縣新營****,,
20,李宗智,107年直轄市議員選舉,首次申報,1071115,宣傳支出,南天有線電視,,0.00,20000.00,播送、傳送或刊登宣傳廣告支出,金錢,N臺南縣新營****,06-6*****,
21,李宗智,107年直轄市議員選舉,首次申報,1071116,交通旅運支出,嘉尤加油站,16187797,0.00,1000.00,油資,金錢,,,
22,李宗智,107年直轄市議員選舉,首次申報,1071116,人事費用支出,顏志成,R10*******,0.00,25000.00,工資或薪津,金錢,臺南市新營區****,,
23,李宗智,107年直轄市議員選舉,首次申報,1071119,宣傳支出,中國時報,,0.00,24500.00,播送、傳送或刊登宣傳廣告支出,金錢,N臺南縣鹽水****,06-6*****,
24,李宗智,107年直轄市議員選舉,首次申報,1071120,交通旅運支出,歐悅國際公司,28312258,0.00,1668.00,差旅膳宿支出,金錢,,,
25,李宗智,107年直轄市議員選舉,首次申報,1071120,交通旅運支出,台大ㄧ加油站,80621396,0.00,1558.00,油資,金錢,,,
26,李宗智,107年直轄市議員選舉,首次申報,1071123,交通旅運支出,歐悅國際公司,28312258,0.00,1438.00,差旅膳宿支出,金錢,,,
27,李宗智,107年直轄市議員選舉,首次申報,1071124,宣傳支出,叢林廣告,,0.00,18946.00,租用廣告看板或車體廣告支出,金錢,N臺南縣新營****,06-6*****,
28,李宗智,107年直轄市議員選舉,首次申報,1071129,宣傳支出,龍宏印刷有限公司,72205903,0.00,150000.00,製作宣傳廣告支出,金錢,N臺南縣新營****,06-6*****,
