﻿序號,擬參選人／政黨,選舉名稱,申報序號／年度,交易日期,收支科目,捐贈者／支出對象,身分證／統一編號,收入金額,支出金額,捐贈方式,存入專戶日期,返還/繳庫,支出用途,金錢類,地址,聯絡電話,應揭露之支出對象,支出對象之內部人員姓名,支出對象之內部人員職稱,政黨之內部人員姓名,政黨之內部人員職稱,關係,更正註記,資料更正日期
1,梁梅瑛,111年屏東縣議員選舉,首次申報,1110516,宣傳支出,成記廣告行,09116740,0.00,12400.00,,,,製作競選物品或宣傳廣告費用（廣告布條）,金錢,屏東縣屏東市****,,否,,,,,,,
2,梁梅瑛,111年屏東縣議員選舉,首次申報,1110520,租用競選辦事處支出,歐麗卿,,0.00,16000.00,,,,租用競選辦事處費用,金錢,屏東縣屏東市****,,否,,,,,,,
3,梁梅瑛,111年屏東縣議員選舉,首次申報,1110521,租用競選辦事處支出,歐麗卿,,0.00,16000.00,,,,租用競選辦事處費用,金錢,屏東縣屏東市****,,否,,,,,,,
4,梁梅瑛,111年屏東縣議員選舉,首次申報,1110523,租用競選辦事處支出,歐麗卿,,0.00,16000.00,,,,租用競選辦事處費用,金錢,屏東縣屏東市****,,否,,,,,,,
5,梁梅瑛,111年屏東縣議員選舉,首次申報,1110523,雜支支出,台灣電力股份有限公司,03795904,0.00,5831.00,,,,水電瓦斯費用,金錢,屏東縣屏東市****,08-7*****,否,,,,,,,
6,梁梅瑛,111年屏東縣議員選舉,首次申報,1110525,雜支支出,屏寶生活館有限公司,56918117,0.00,59.00,,,,文具用品費用,金錢,屏東縣屏東市****,,否,,,,,,,
7,梁梅瑛,111年屏東縣議員選舉,首次申報,1110526,雜支支出,行家五金百貨行,25705217,0.00,67.00,,,,餐飲費用,金錢,屏東縣屏東市****,,否,,,,,,,
8,梁梅瑛,111年屏東縣議員選舉,首次申報,1110527,雜支支出,金吉利五金百貨行,36702194,0.00,39.00,,,,餐飲費用,金錢,屏東縣屏東市****,08-7*****,否,,,,,,,
9,梁梅瑛,111年屏東縣議員選舉,首次申報,1110610,租用競選辦事處支出,歐麗卿,,0.00,16000.00,,,,租用競選辦事處費用,金錢,屏東縣屏東市****,,否,,,,,,,
10,梁梅瑛,111年屏東縣議員選舉,首次申報,1110610,人事費用支出,劉美華,O20*******,0.00,20000.00,,,,工資或薪津,金錢,新竹市光復路****,,否,,,,,,,
11,梁梅瑛,111年屏東縣議員選舉,首次申報,1110610,人事費用支出,陳子潔,S22*******,0.00,20000.00,,,,工資或薪津,金錢,屏東縣屏東市****,,否,,,,,,,
12,梁梅瑛,111年屏東縣議員選舉,首次申報,1110610,人事費用支出,吳琳媮,T22*******,0.00,26000.00,,,,工資或薪津,金錢,屏東縣屏東市****,,否,,,,,,,
13,梁梅瑛,111年屏東縣議員選舉,首次申報,1110610,人事費用支出,羅卉姍,T22*******,0.00,15000.00,,,,工資或薪津,金錢,屏東縣屏東市****,,否,,,,,,,
14,梁梅瑛,111年屏東縣議員選舉,首次申報,1110612,雜支支出,屏寶生活館有限公司,56918117,0.00,508.00,,,,餐飲費用,金錢,屏東縣屏東市****,,否,,,,,,,
15,梁梅瑛,111年屏東縣議員選舉,首次申報,1110614,雜支支出,笑笑笑國際股份有限公司,89430806,0.00,727.00,,,,文具用品費用,金錢,屏東縣屏東市****,,否,,,,,,,
16,梁梅瑛,111年屏東縣議員選舉,首次申報,1110615,雜支支出,小太陽咖啡有限公司屏東仁愛店,28352074,0.00,356.00,,,,餐飲費用,金錢,屏東縣屏東仁****,,否,,,,,,,
17,梁梅瑛,111年屏東縣議員選舉,首次申報,1110617,租用宣傳車輛支出,台灣中油股份有限公司(屏東忠孝路加油站,90974849,0.00,100.00,,,,宣傳車輛燃料費用,金錢,屏東縣屏東市****,08-7*****,否,,,,,,,
18,梁梅瑛,111年屏東縣議員選舉,首次申報,1110620,租用競選辦事處支出,歐麗卿,,0.00,16000.00,,,,租用競選辦事處費用,金錢,屏東縣屏東市****,,否,,,,,,,
19,梁梅瑛,111年屏東縣議員選舉,首次申報,1110623,雜支支出,台灣電力股份有限公司,03795904,0.00,8605.00,,,,水電瓦斯費用,金錢,屏東縣屏東市****,08-7*****,否,,,,,,,
20,梁梅瑛,111年屏東縣議員選舉,首次申報,1110623,公共關係費用支出,偉盛蘭園,25702507,0.00,2500.00,,,,聯誼交際費用,金錢,屏東縣長治鄉****,08-7*****,否,,,,,,,
21,梁梅瑛,111年屏東縣議員選舉,首次申報,1110627,租用競選辦事處支出,歐麗卿,,0.00,16000.00,,,,租用競選辦事處費用,金錢,屏東縣屏東市****,,否,,,,,,,
22,梁梅瑛,111年屏東縣議員選舉,首次申報,1110627,公共關係費用支出,大魯閣開發股份有限公司-高雄分公司,24797920,0.00,1780.00,,,,聯誼交際費用,金錢,高雄市前鎮區****,,否,,,,,,,
23,梁梅瑛,111年屏東縣議員選舉,首次申報,1110627,公共關係費用支出,大魯閣開發股份有限公司-高雄分公司,24797920,0.00,650.00,,,,聯誼交際費用,金錢,高雄市前鎮區****,,否,,,,,,,
24,梁梅瑛,111年屏東縣議員選舉,首次申報,1110704,雜支支出,全部十元店,99247309,0.00,110.00,,,,雜項購置或修繕費用,金錢,屏東縣屏東市****,08-7*****,否,,,,,,,
25,梁梅瑛,111年屏東縣議員選舉,首次申報,1110705,租用競選辦事處支出,歐麗卿,,0.00,16000.00,,,,租用競選辦事處費用,金錢,屏東縣屏東市****,,否,,,,,,,
26,梁梅瑛,111年屏東縣議員選舉,首次申報,1110707,雜支支出,欣欣打字行,17514480,0.00,7.00,,,,文具用品費用,金錢,屏東縣屏東市****,,否,,,,,,,
27,梁梅瑛,111年屏東縣議員選舉,首次申報,1110707,宣傳支出,鈺銘工作室,36623332,0.00,2200.00,,,,製作競選物品或宣傳廣告費用（物品名稱-邀請函）,金錢,屏東縣屏東市****,0872*****,否,,,,,,,
28,梁梅瑛,111年屏東縣議員選舉,首次申報,1110707,雜支支出,金晁企業有限公司屏東民生店,36845025,0.00,174.00,,,,餐飲費用,金錢,屏東縣屏東市****,,否,,,,,,,
29,梁梅瑛,111年屏東縣議員選舉,首次申報,1110709,雜支支出,老眷村涼麵,47928418,0.00,255.00,,,,餐飲費用,金錢,屏東縣屏東市****,,否,,,,,,,
30,梁梅瑛,111年屏東縣議員選舉,首次申報,1110709,雜支支出,伶銘文創事業有限公司,57560609,0.00,219.00,,,,文具用品費用,金錢,屏東縣屏東市****,08-7*****,否,,,,,,,
31,梁梅瑛,111年屏東縣議員選舉,首次申報,1110709,雜支支出,惠文堂文具有限公司,79414807,0.00,520.00,,,,文具用品費用,金錢,屏東縣屏東市****,08-7*****,否,,,,,,,
32,梁梅瑛,111年屏東縣議員選舉,首次申報,1110709,雜支支出,花媽流行包包,85935945,0.00,200.00,,,,文具用品費用,金錢,臺南市北區公****,,否,,,,,,,
33,梁梅瑛,111年屏東縣議員選舉,首次申報,1110709,雜支支出,上海皮箱店,90020506,0.00,200.00,,,,文具用品費用,金錢,屏東縣屏東市****,,否,,,,,,,
34,梁梅瑛,111年屏東縣議員選舉,首次申報,1110710,雜支支出,宜家家居(股)公司高雄分公司,28206094,0.00,693.00,,,,餐飲費用,金錢,高雄市前鎮區****,,否,,,,,,,
35,梁梅瑛,111年屏東縣議員選舉,首次申報,1110710,雜支支出,宜家家居(股)公司高雄分公司,28206094,0.00,218.00,,,,雜項購置或修繕費用,金錢,高雄市前鎮區****,,否,,,,,,,
36,梁梅瑛,111年屏東縣議員選舉,首次申報,1110710,人事費用支出,宋炘明,E12*******,0.00,20000.00,,,,工資或薪津,金錢,高雄市三民區****,,否,,,,,,,
37,梁梅瑛,111年屏東縣議員選舉,首次申報,1110710,人事費用支出,王佑鑫,E12*******,0.00,20000.00,,,,工資或薪津,金錢,高雄市鼓山區****,,否,,,,,,,
38,梁梅瑛,111年屏東縣議員選舉,首次申報,1110710,人事費用支出,劉美華,O20*******,0.00,20000.00,,,,工資或薪津,金錢,新竹市光復路****,,否,,,,,,,
39,梁梅瑛,111年屏東縣議員選舉,首次申報,1110710,人事費用支出,陳子潔,S22*******,0.00,20000.00,,,,工資或薪津,金錢,屏東縣屏東市****,,否,,,,,,,
40,梁梅瑛,111年屏東縣議員選舉,首次申報,1110710,人事費用支出,盧啟村,T10*******,0.00,30000.00,,,,工資或薪津,金錢,屏東縣霧臺鄉****,,否,,,,,,,
41,梁梅瑛,111年屏東縣議員選舉,首次申報,1110710,人事費用支出,鍾宜昌,T12*******,0.00,30000.00,,,,工資或薪津,金錢,屏東縣九如鄉****,,否,,,,,,,
42,梁梅瑛,111年屏東縣議員選舉,首次申報,1110710,人事費用支出,黃方畇,T22*******,0.00,30000.00,,,,工資或薪津,金錢,屏東縣屏東市****,,否,,,,,,,
43,梁梅瑛,111年屏東縣議員選舉,首次申報,1110710,人事費用支出,吳琳媮,T22*******,0.00,26000.00,,,,工資或薪津,金錢,屏東縣屏東市****,,否,,,,,,,
44,梁梅瑛,111年屏東縣議員選舉,首次申報,1110710,人事費用支出,羅卉姍,T22*******,0.00,30000.00,,,,工資或薪津,金錢,屏東縣屏東市****,,否,,,,,,,
45,梁梅瑛,111年屏東縣議員選舉,首次申報,1110711,雜支支出,東泰煤氣行,19975184,0.00,200.00,,,,餐飲費用,金錢,屏東縣屏東市****,08-7*****,否,,,,,,,
46,梁梅瑛,111年屏東縣議員選舉,首次申報,1110711,雜支支出,金吉利五金百貨行,36702194,0.00,180.00,,,,文具用品費用,金錢,屏東縣屏東市****,08-7*****,否,,,,,,,
47,梁梅瑛,111年屏東縣議員選舉,首次申報,1110711,雜支支出,金吉利五金百貨行,36702194,0.00,300.00,,,,文具用品費用,金錢,屏東縣屏東市****,08-7*****,否,,,,,,,
48,梁梅瑛,111年屏東縣議員選舉,首次申報,1110711,雜支支出,台灣中油股份有限公司(屏東忠孝路加油站,90974849,0.00,100.00,,,,汽機車燃料費用,金錢,屏東縣屏東市****,08-7*****,否,,,,,,,
49,梁梅瑛,111年屏東縣議員選舉,首次申報,1110713,宣傳支出,成記廣告行,09116740,0.00,1200.00,,,,製作競選物品或宣傳廣告費用（物品名稱-布條）,金錢,屏東縣屏東市****,0873*****,否,,,,,,,
50,梁梅瑛,111年屏東縣議員選舉,首次申報,1110714,宣傳支出,成記廣告行,09116740,0.00,12000.00,,,,製作競選物品或宣傳廣告費用（物品名稱-布條）,金錢,屏東縣屏東市****,0873*****,否,,,,,,,
51,梁梅瑛,111年屏東縣議員選舉,首次申報,1110714,雜支支出,屏寶生活館有限公司,56918117,0.00,509.00,,,,餐飲費用,金錢,屏東縣屏東市****,,否,,,,,,,
52,梁梅瑛,111年屏東縣議員選舉,首次申報,1110715,雜支支出,真好味自助餐,76771745,0.00,1600.00,,,,餐飲費用,金錢,屏東縣屏東市****,0873*****,否,,,,,,,
53,梁梅瑛,111年屏東縣議員選舉,首次申報,1110717,租用競選辦事處支出,歐麗卿,,0.00,16000.00,,,,租用競選辦事處費用,金錢,屏東縣屏東市****,,否,,,,,,,
54,梁梅瑛,111年屏東縣議員選舉,首次申報,1110719,雜支支出,立豐鎖匙行,90726953,0.00,150.00,,,,文具用品費用,金錢,屏東縣屏東市****,0873*****,否,,,,,,,
55,梁梅瑛,111年屏東縣議員選舉,首次申報,1110720,雜支支出,真好味自助餐,76771745,0.00,1780.00,,,,餐飲費用,金錢,屏東縣屏東市****,0873*****,否,,,,,,,
56,梁梅瑛,111年屏東縣議員選舉,首次申報,1110721,雜支支出,佳佳自助餐,10461706,0.00,780.00,,,,餐飲費用,金錢,屏東縣屏東市****,780*****,否,,,,,,,
57,梁梅瑛,111年屏東縣議員選舉,首次申報,1110721,雜支支出,御宴餐館,10898264,0.00,130.00,,,,餐飲費用,金錢,屏東縣屏東市****,0873*****,否,,,,,,,
58,梁梅瑛,111年屏東縣議員選舉,首次申報,1110721,雜支支出,伶銘文創事業有限公司,57560609,0.00,128.00,,,,文具用品費用,金錢,屏東縣屏東市****,08-7*****,否,,,,,,,
59,梁梅瑛,111年屏東縣議員選舉,首次申報,1110721,雜支支出,笑笑笑國際股份有限公司,89430806,0.00,798.00,,,,文具用品費用,金錢,屏東縣屏東市****,,否,,,,,,,
60,梁梅瑛,111年屏東縣議員選舉,首次申報,1110722,租用競選辦事處支出,歐麗卿,,0.00,16000.00,,,,租用競選辦事處費用,金錢,屏東縣屏東市****,,否,,,,,,,
61,梁梅瑛,111年屏東縣議員選舉,首次申報,1110722,雜支支出,御宴餐館,10898264,0.00,210.00,,,,餐飲費用,金錢,屏東縣屏東市****,0873*****,否,,,,,,,
62,梁梅瑛,111年屏東縣議員選舉,首次申報,1110723,雜支支出,健民自助餐,15704055,0.00,170.00,,,,餐飲費用,金錢,屏東縣屏東市****,,否,,,,,,,
63,梁梅瑛,111年屏東縣議員選舉,首次申報,1110724,雜支支出,台灣電力股份有限公司,03795904,0.00,13751.00,,,,水電瓦斯費用,金錢,屏東縣屏東市****,08-7*****,否,,,,,,,
64,梁梅瑛,111年屏東縣議員選舉,首次申報,1110724,雜支支出,上正鎖匙店,78799353,0.00,250.00,,,,文具用品費用,金錢,屏東縣屏東市****,0872*****,否,,,,,,,
65,梁梅瑛,111年屏東縣議員選舉,首次申報,1110725,雜支支出,食米屋炒飯館,40825583,0.00,145.00,,,,餐飲費用,金錢,屏東縣屏東市****,0873*****,否,,,,,,,
66,梁梅瑛,111年屏東縣議員選舉,首次申報,1110725,雜支支出,立豐鎖匙行,90726953,0.00,100.00,,,,文具用品費用,金錢,屏東縣屏東市****,0873*****,否,,,,,,,
67,梁梅瑛,111年屏東縣議員選舉,首次申報,1110725,雜支支出,劉媽媽便當,90774997,0.00,180.00,,,,餐飲費用,金錢,屏東縣屏東市****,,否,,,,,,,
68,梁梅瑛,111年屏東縣議員選舉,首次申報,1110726,雜支支出,御宴餐館,10898264,0.00,280.00,,,,餐飲費用,金錢,屏東縣屏東市****,0873*****,否,,,,,,,
69,梁梅瑛,111年屏東縣議員選舉,首次申報,1110726,雜支支出,伶銘文創事業有限公司,57560609,0.00,80.00,,,,文具用品費用,金錢,屏東縣屏東市****,08-7*****,否,,,,,,,
70,梁梅瑛,111年屏東縣議員選舉,首次申報,1110727,宣傳支出,中華郵政股份有限公司,03741302,0.00,264.00,,,,郵寄競選物品或宣傳廣告費用,金錢,屏東縣屏東市****,08-7*****,否,,,,,,,
71,梁梅瑛,111年屏東縣議員選舉,首次申報,1110730,雜支支出,阿雄麵館,25803300,0.00,600.00,,,,餐飲費用,金錢,屏東縣屏東市****,0873*****,否,,,,,,,
72,梁梅瑛,111年屏東縣議員選舉,首次申報,1110730,雜支支出,阿雄麵館,25803300,0.00,160.00,,,,餐飲費用,金錢,屏東縣屏東市****,,否,,,,,,,
73,梁梅瑛,111年屏東縣議員選舉,首次申報,1110731,租用競選辦事處支出,歐麗卿,,0.00,16000.00,,,,租用競選辦事處費用,金錢,屏東縣屏東市****,,否,,,,,,,
74,梁梅瑛,111年屏東縣議員選舉,首次申報,1110731,公共關係費用支出,漢神名店百貨股份有限公司,23827290,0.00,3730.00,,,,聯誼交際費用,金錢,高雄市前金區****,07-2*****,否,,,,,,,
75,梁梅瑛,111年屏東縣議員選舉,首次申報,1110806,雜支支出,台灣中油股份有限公司(屏東忠孝路加油站,90974849,0.00,115.00,,,,汽機車燃料費用,金錢,屏東縣屏東市****,08-7*****,否,,,,,,,
76,梁梅瑛,111年屏東縣議員選舉,首次申報,1110809,租用宣傳車輛支出,祥成汽車保養廠,08002240,0.00,8450.00,,,,維修宣傳車輛費用,金錢,屏東縣屏東市****,08-7*****,否,,,,,,,
77,梁梅瑛,111年屏東縣議員選舉,首次申報,1110809,雜支支出,寶雅-屏東自由店,27919778,0.00,4460.00,,,,雜項購置或修繕費用,金錢,屏東縣屏東市****,,否,,,,,,,
78,梁梅瑛,111年屏東縣議員選舉,首次申報,1110810,雜支支出,金吉利五金百貨行,36702194,0.00,220.00,,,,雜項購置或修繕費用,金錢,屏東縣屏東市****,08-7*****,否,,,,,,,
79,梁梅瑛,111年屏東縣議員選舉,首次申報,1110810,人事費用支出,宋炘明,E12*******,0.00,20000.00,,,,工資或薪津,金錢,高雄市三民區****,,否,,,,,,,
80,梁梅瑛,111年屏東縣議員選舉,首次申報,1110810,人事費用支出,王佑鑫,E12*******,0.00,20000.00,,,,工資或薪津,金錢,高雄市鼓山區****,,否,,,,,,,
81,梁梅瑛,111年屏東縣議員選舉,首次申報,1110810,人事費用支出,劉美華,O20*******,0.00,20000.00,,,,工資或薪津,金錢,新竹市光復路****,,否,,,,,,,
82,梁梅瑛,111年屏東縣議員選舉,首次申報,1110810,人事費用支出,詹郁姍,Q22*******,0.00,35000.00,,,,工資或薪津,金錢,屏東縣屏東市****,0915*****,否,,,,,,,
83,梁梅瑛,111年屏東縣議員選舉,首次申報,1110810,人事費用支出,陳子潔,S22*******,0.00,20000.00,,,,工資或薪津,金錢,屏東縣屏東市****,,否,,,,,,,
84,梁梅瑛,111年屏東縣議員選舉,首次申報,1110810,人事費用支出,盧啟村,T10*******,0.00,30000.00,,,,工資或薪津,金錢,屏東縣霧臺鄉****,,否,,,,,,,
85,梁梅瑛,111年屏東縣議員選舉,首次申報,1110810,人事費用支出,鍾宜昌,T12*******,0.00,30000.00,,,,工資或薪津,金錢,屏東縣九如鄉****,,否,,,,,,,
86,梁梅瑛,111年屏東縣議員選舉,首次申報,1110810,人事費用支出,黃方畇,T22*******,0.00,30000.00,,,,工資或薪津,金錢,屏東縣屏東市****,,否,,,,,,,
87,梁梅瑛,111年屏東縣議員選舉,首次申報,1110810,人事費用支出,吳琳媮,T22*******,0.00,26000.00,,,,工資或薪津,金錢,屏東縣屏東市****,,否,,,,,,,
88,梁梅瑛,111年屏東縣議員選舉,首次申報,1110810,人事費用支出,羅卉姍,T22*******,0.00,30000.00,,,,工資或薪津,金錢,屏東縣屏東市****,,否,,,,,,,
89,梁梅瑛,111年屏東縣議員選舉,首次申報,1110811,雜支支出,泉湧企業,18155949,0.00,1800.00,,,,餐飲費用,金錢,屏東縣九如鄉****,,否,,,,,,,
90,梁梅瑛,111年屏東縣議員選舉,首次申報,1110814,雜支支出,旺來興企業股份有限公司,83299033,0.00,1821.00,,,,餐飲費用,金錢,高雄市苓雅區****,,否,,,,,,,
91,梁梅瑛,111年屏東縣議員選舉,首次申報,1110817,租用競選辦事處支出,歐麗卿,,0.00,16000.00,,,,租用競選辦事處費用,金錢,屏東縣屏東市****,,否,,,,,,,
92,梁梅瑛,111年屏東縣議員選舉,首次申報,1110819,雜支支出,台灣中油股份有限公司(屏東忠孝路加油站,90974849,0.00,110.00,,,,汽機車燃料費用,金錢,屏東縣屏東市****,08-7*****,否,,,,,,,
93,梁梅瑛,111年屏東縣議員選舉,首次申報,1110822,雜支支出,台灣電力股份有限公司,03795904,0.00,19337.00,,,,水電瓦斯費用,金錢,屏東縣屏東市****,08-7*****,否,,,,,,,
94,梁梅瑛,111年屏東縣議員選舉,首次申報,1110824,雜支支出,食米屋炒飯館,40825583,0.00,1150.00,,,,餐飲費用,金錢,屏東縣屏東市****,0873*****,否,,,,,,,
95,梁梅瑛,111年屏東縣議員選舉,首次申報,1110827,租用競選辦事處支出,歐麗卿,,0.00,16000.00,,,,租用競選辦事處費用,金錢,屏東縣屏東市****,,否,,,,,,,
96,梁梅瑛,111年屏東縣議員選舉,首次申報,1110828,集會支出,布穀鳥麵包坊,18150389,0.00,10000.00,,,,餐飲費用(點心餐盒),金錢,屏東縣枋寮鄉****,,否,,,,,,,
97,梁梅瑛,111年屏東縣議員選舉,首次申報,1110830,租用競選辦事處支出,歐麗卿,,0.00,16000.00,,,,租用競選辦事處費用,金錢,屏東縣屏東市****,,否,,,,,,,
98,梁梅瑛,111年屏東縣議員選舉,首次申報,1110830,宣傳支出,捷郵聯遞企業社,10126984,0.00,26250.00,,,,郵寄競選物品或宣傳廣告費用,金錢,勝利里廣東路****,0927*****,否,,,,,,,
99,梁梅瑛,111年屏東縣議員選舉,首次申報,1110831,雜支支出,聯合報屏東分社,,0.00,600.00,,,,書報雜誌費用,金錢,屏東縣屏東市****,0775*****,否,,,,,,,
100,梁梅瑛,111年屏東縣議員選舉,首次申報,1110831,雜支支出,台灣中油股份有限公司(屏東忠孝路加油站,90974849,0.00,95.00,,,,汽機車燃料費用,金錢,屏東縣屏東市****,08-7*****,否,,,,,,,
101,梁梅瑛,111年屏東縣議員選舉,首次申報,1110831,雜支支出,香遠出版社北區店,99539381,0.00,20.00,,,,文具用品費用,金錢,屏東縣屏東市****,08-7*****,否,,,,,,,
102,梁梅瑛,111年屏東縣議員選舉,首次申報,1110831,雜支支出,香遠出版社北區店,99539381,0.00,20.00,,,,文具用品費用,金錢,屏東縣屏東市****,08-7*****,否,,,,,,,
103,梁梅瑛,111年屏東縣議員選舉,首次申報,1110901,集會支出,布穀鳥麵包坊,18150389,0.00,10240.00,,,,餐飲費用(點心餐盒),金錢,屏東縣枋寮鄉****,,否,,,,,,,
104,梁梅瑛,111年屏東縣議員選舉,首次申報,1110902,宣傳支出,展冕企業社,98719202,0.00,120.00,,,,製作競選物品或宣傳廣告費用（物品名稱-海報印刷）,金錢,高雄市武信街****,,否,,,,,,,
105,梁梅瑛,111年屏東縣議員選舉,首次申報,1110903,雜支支出,龍田食品有限公司屏東營業所,10119626,0.00,258.00,,,,餐飲費用,金錢,屏東縣屏東市****,,否,,,,,,,
106,梁梅瑛,111年屏東縣議員選舉,首次申報,1110903,雜支支出,金吉利五金百貨行,36702194,0.00,80.00,,,,雜項購置或修繕費用,金錢,屏東縣屏東市****,08-7*****,否,,,,,,,
107,梁梅瑛,111年屏東縣議員選舉,首次申報,1110903,雜支支出,食米屋炒飯館,40825583,0.00,410.00,,,,餐飲費用,金錢,屏東縣屏東市****,0873*****,否,,,,,,,
108,梁梅瑛,111年屏東縣議員選舉,首次申報,1110903,雜支支出,榮耀商行,47919889,0.00,1500.00,,,,文具用品費用,金錢,屏東縣瑪家鄉****,,否,,,,,,,
109,梁梅瑛,111年屏東縣議員選舉,首次申報,1110904,雜支支出,屏寶生活館有限公司,56918117,0.00,987.00,,,,雜項購置或修繕費用,金錢,屏東縣屏東市****,,否,,,,,,,
110,梁梅瑛,111年屏東縣議員選舉,首次申報,1110905,雜支支出,行家五金百貨行,25705217,0.00,1053.00,,,,餐飲費用,金錢,屏東縣屏東市****,,否,,,,,,,
111,梁梅瑛,111年屏東縣議員選舉,首次申報,1110906,雜支支出,東泰煤氣行,19975184,0.00,650.00,,,,餐飲費用,金錢,屏東縣屏東市****,08-7*****,否,,,,,,,
112,梁梅瑛,111年屏東縣議員選舉,首次申報,1110906,雜支支出,金吉利五金百貨行,36702194,0.00,54.00,,,,餐飲費用,金錢,屏東縣屏東市****,08-7*****,否,,,,,,,
113,梁梅瑛,111年屏東縣議員選舉,首次申報,1110906,雜支支出,旺來興企業股份有限公司本館店,84168333,0.00,3019.00,,,,餐飲費用,金錢,高雄市鳥松區****,,否,,,,,,,
114,梁梅瑛,111年屏東縣議員選舉,首次申報,1110906,雜支支出,立豐鎖匙行,90726953,0.00,230.00,,,,文具用品費用,金錢,屏東縣屏東市****,0873*****,否,,,,,,,
115,梁梅瑛,111年屏東縣議員選舉,首次申報,1110906,交通旅運支出,台灣中油股份有限公司忠孝路加油站,90974849,0.00,3000.00,,,,油資,金錢,屏東縣屏東市****,08-7*****,否,,,,,,,
116,梁梅瑛,111年屏東縣議員選舉,首次申報,1110907,雜支支出,真便宜汽車精品百貨,80109360,0.00,499.00,,,,雜項購置或修繕費用,金錢,屏東縣屏東市****,,否,,,,,,,
117,梁梅瑛,111年屏東縣議員選舉,首次申報,1110908,宣傳支出,統一速達股份有限公司屏東營業區,18158811,0.00,210.00,,,,郵寄競選物品或宣傳廣告費用,金錢,屏東縣屏東市****,,否,,,,,,,
118,梁梅瑛,111年屏東縣議員選舉,首次申報,1110908,宣傳支出,永大廣告行銷有限公司,24365850,0.00,2800.00,,,,製作競選物品或宣傳廣告費用（物品名稱-文宣）,金錢,屏東縣屏東市****,08-7*****,否,,,,,,,
119,梁梅瑛,111年屏東縣議員選舉,首次申報,1110908,雜支支出,惠恩藥局,76783806,0.00,3730.00,,,,雜項購置或修繕費用,金錢,屏東縣屏東市****,,否,,,,,,,
120,梁梅瑛,111年屏東縣議員選舉,首次申報,1110909,集會支出,慈和宮保生大帝,,0.00,2000.00,,,,租用場地費用,金錢,屏東縣屏東市****,08-7*****,否,,,,,,,
121,梁梅瑛,111年屏東縣議員選舉,首次申報,1110909,雜支支出,金吉利五金百貨行,36702194,0.00,20.00,,,,雜項購置或修繕費用,金錢,屏東縣屏東市****,08-7*****,否,,,,,,,
122,梁梅瑛,111年屏東縣議員選舉,首次申報,1110909,交通旅運支出,台灣中油股份有限公司,90974849,0.00,3000.00,,,,油資,金錢,屏東縣屏東市****,08-7*****,否,,,,,,,
123,梁梅瑛,111年屏東縣議員選舉,首次申報,1110910,雜支支出,金吉利五金百貨行,36702194,0.00,75.00,,,,雜項購置或修繕費用,金錢,屏東縣屏東市****,08-7*****,否,,,,,,,
124,梁梅瑛,111年屏東縣議員選舉,首次申報,1110910,雜支支出,金吉利五金百貨行,36702194,0.00,150.00,,,,雜項購置或修繕費用,金錢,屏東縣屏東市****,08-7*****,否,,,,,,,
125,梁梅瑛,111年屏東縣議員選舉,首次申報,1110910,雜支支出,金吉利五金百貨行,36702194,0.00,109.00,,,,文具用品費用,金錢,屏東縣屏東市****,08-7*****,否,,,,,,,
126,梁梅瑛,111年屏東縣議員選舉,首次申報,1110910,租用宣傳車輛支出,台灣中油股份有限公司(屏東忠孝路加油站,90974849,0.00,3000.00,,,,宣傳車輛燃料費用,金錢,屏東縣屏東市****,08-7*****,否,,,,,,,
127,梁梅瑛,111年屏東縣議員選舉,首次申報,1110910,人事費用支出,宋炘明,E12*******,0.00,20000.00,,,,工資或薪津,金錢,高雄市三民區****,,否,,,,,,,
128,梁梅瑛,111年屏東縣議員選舉,首次申報,1110910,人事費用支出,王佑鑫,E12*******,0.00,20000.00,,,,工資或薪津,金錢,高雄市鼓山區****,,否,,,,,,,
129,梁梅瑛,111年屏東縣議員選舉,首次申報,1110910,人事費用支出,劉美華,O20*******,0.00,25000.00,,,,工資或薪津,金錢,新竹市光復路****,,否,,,,,,,
130,梁梅瑛,111年屏東縣議員選舉,首次申報,1110910,人事費用支出,詹郁姍,Q22*******,0.00,35000.00,,,,工資或薪津,金錢,屏東縣屏東市****,0915*****,否,,,,,,,
131,梁梅瑛,111年屏東縣議員選舉,首次申報,1110910,人事費用支出,陳子潔,S22*******,0.00,20000.00,,,,工資或薪津,金錢,屏東縣屏東市****,,否,,,,,,,
132,梁梅瑛,111年屏東縣議員選舉,首次申報,1110910,人事費用支出,盧啟村,T10*******,0.00,30000.00,,,,工資或薪津,金錢,屏東縣霧臺鄉****,,否,,,,,,,
133,梁梅瑛,111年屏東縣議員選舉,首次申報,1110910,人事費用支出,邱祖念,T12*******,0.00,30000.00,,,,工資或薪津,金錢,屏東縣屏東市****,,否,,,,,,,
134,梁梅瑛,111年屏東縣議員選舉,首次申報,1110910,人事費用支出,鍾宜昌,T12*******,0.00,30000.00,,,,工資或薪津,金錢,屏東縣九如鄉****,,否,,,,,,,
135,梁梅瑛,111年屏東縣議員選舉,首次申報,1110910,人事費用支出,黃方畇,T22*******,0.00,30000.00,,,,工資或薪津,金錢,屏東縣屏東市****,,否,,,,,,,
136,梁梅瑛,111年屏東縣議員選舉,首次申報,1110910,人事費用支出,羅卉姍,T22*******,0.00,30000.00,,,,工資或薪津,金錢,屏東縣屏東市****,,否,,,,,,,
137,梁梅瑛,111年屏東縣議員選舉,首次申報,1110910,人事費用支出,吳琳媮,T22*******,0.00,26000.00,,,,工資或薪津,金錢,屏東縣屏東市****,,否,,,,,,,
138,梁梅瑛,111年屏東縣議員選舉,首次申報,1110913,公共關係費用支出,全聯福利中心,70759152,0.00,5000.00,,,,文康活動費用,金錢,屏東縣屏東市****,,否,,,,,,,
139,梁梅瑛,111年屏東縣議員選舉,首次申報,1110914,雜支支出,金吉利五金百貨行,36702194,0.00,127.00,,,,餐飲費用,金錢,屏東縣屏東市****,08-7*****,否,,,,,,,
140,梁梅瑛,111年屏東縣議員選舉,首次申報,1110914,公共關係費用支出,全聯福利中心,70759152,0.00,5000.00,,,,文康活動費用,金錢,屏東縣屏東市****,,否,,,,,,,
141,梁梅瑛,111年屏東縣議員選舉,首次申報,1110915,宣傳支出,屏東東山河社區管理委員會,,0.00,8000.00,,,,租用廣告看板或車體廣告費用,金錢,屏東縣屏東市****,08-7*****,否,,,,,,,
142,梁梅瑛,111年屏東縣議員選舉,首次申報,1110915,集會支出,布穀鳥麵包坊,18150389,0.00,10000.00,,,,餐飲費用(點心餐盒),金錢,屏東縣枋寮鄉****,,否,,,,,,,
143,梁梅瑛,111年屏東縣議員選舉,首次申報,1110915,雜支支出,金吉利五金百貨行,36702194,0.00,54.00,,,,餐飲費用,金錢,屏東縣屏東市****,08-7*****,否,,,,,,,
144,梁梅瑛,111年屏東縣議員選舉,首次申報,1110915,雜支支出,燦坤實業股份有限公司屏東新中正營業所,69568009,0.00,895.00,,,,雜項購置或修繕費用,金錢,屏東縣屏東市****,,否,,,,,,,
145,梁梅瑛,111年屏東縣議員選舉,首次申報,1110915,宣傳支出,台大打字行,90742497,0.00,200.00,,,,製作競選物品或宣傳廣告費用（物品名稱-文宣）,金錢,屏東縣屏東市****,0873*****,否,,,,,,,
146,梁梅瑛,111年屏東縣議員選舉,首次申報,1110916,雜支支出,和德昌股份有限公司屏東民生分公司,16837791,0.00,266.00,,,,餐飲費用,金錢,屏東縣屏東市****,,否,,,,,,,
147,梁梅瑛,111年屏東縣議員選舉,首次申報,1110916,租用宣傳車輛支出,台灣中油股份有限公司(屏東忠孝路加油站,90974849,0.00,3000.00,,,,宣傳車輛燃料費用,金錢,屏東縣屏東市****,08-7*****,否,,,,,,,
148,梁梅瑛,111年屏東縣議員選舉,首次申報,1110916,租用宣傳車輛支出,台灣中油股份有限公司(屏東忠孝路加油站,90974849,0.00,3000.00,,,,宣傳車輛燃料費用,金錢,屏東縣屏東市****,08-7*****,否,,,,,,,
149,梁梅瑛,111年屏東縣議員選舉,首次申報,1110916,租用宣傳車輛支出,台灣中油股份有限公司(屏東忠孝路加油站,90974849,0.00,3000.00,,,,宣傳車輛燃料費用,金錢,屏東縣屏東市****,08-7*****,否,,,,,,,
150,梁梅瑛,111年屏東縣議員選舉,首次申報,1110916,租用宣傳車輛支出,台灣中油股份有限公司,91720909,0.00,200.00,,,,宣傳車輛燃料費用,金錢,屏東縣屏東市****,08-7*****,否,,,,,,,
151,梁梅瑛,111年屏東縣議員選舉,首次申報,1110917,雜支支出,金吉利五金百貨行,36702194,0.00,45.00,,,,餐飲費用,金錢,屏東縣屏東市****,08-7*****,否,,,,,,,
152,梁梅瑛,111年屏東縣議員選舉,首次申報,1110917,雜支支出,金吉利五金百貨行,36702194,0.00,50.00,,,,文具用品費用,金錢,屏東縣屏東市****,08-7*****,否,,,,,,,
153,梁梅瑛,111年屏東縣議員選舉,首次申報,1110917,雜支支出,明鋒泉水行,83833839,0.00,400.00,,,,餐飲費用,金錢,屏東縣長治鄉****,0933*****,否,,,,,,,
154,梁梅瑛,111年屏東縣議員選舉,首次申報,1110917,雜支支出,笑笑笑國際股份有限公司,89430806,0.00,676.00,,,,文具用品費用,金錢,屏東縣屏東市****,,否,,,,,,,
155,梁梅瑛,111年屏東縣議員選舉,首次申報,1110917,交通旅運支出,台灣中油股份有限公司,90974849,0.00,102.00,,,,油資,金錢,屏東縣屏東市****,08-7*****,否,,,,,,,
156,梁梅瑛,111年屏東縣議員選舉,首次申報,1110919,雜支支出,金吉利五金百貨行,36702194,0.00,200.00,,,,雜項購置或修繕費用,金錢,屏東縣屏東市****,08-7*****,否,,,,,,,
157,梁梅瑛,111年屏東縣議員選舉,首次申報,1110919,雜支支出,立豐鎖匙行,90726953,0.00,990.00,,,,文具用品費用,金錢,屏東縣屏東市****,,否,,,,,,,
158,梁梅瑛,111年屏東縣議員選舉,首次申報,1110919,雜支支出,立豐鎖匙行,90726953,0.00,130.00,,,,雜項購置或修繕費用,金錢,屏東縣屏東市****,,否,,,,,,,
159,梁梅瑛,111年屏東縣議員選舉,首次申報,1110920,租用競選辦事處支出,歐麗卿,,0.00,16000.00,,,,租用競選辦事處費用,金錢,屏東縣屏東市****,,否,,,,,,,
160,梁梅瑛,111年屏東縣議員選舉,首次申報,1110920,雜支支出,欣欣打字行,17514480,0.00,250.00,,,,文具用品費用,金錢,屏東縣屏東市****,,否,,,,,,,
161,梁梅瑛,111年屏東縣議員選舉,首次申報,1110920,雜支支出,金吉利五金百貨行,36702194,0.00,89.00,,,,餐飲費用,金錢,屏東縣屏東市****,08-7*****,否,,,,,,,
162,梁梅瑛,111年屏東縣議員選舉,首次申報,1110920,宣傳支出,日鴻企業社,87666474,0.00,7500.00,,,,製作競選物品或宣傳廣告費用（物品名稱-貼紙）,金錢,屏東縣屏東市****,0872*****,否,,,,,,,
163,梁梅瑛,111年屏東縣議員選舉,首次申報,1110921,雜支支出,凱揚糖果屋,14489488,0.00,1400.00,,,,餐飲費用,金錢,屏東縣屏東市****,0873*****,否,,,,,,,
164,梁梅瑛,111年屏東縣議員選舉,首次申報,1110921,宣傳支出,網路家庭國際資訊股份有限公司,16606102,0.00,1000.00,,,,發送電信簡訊費用,金錢,臺北市大安區****,(02)*****,否,,,,,,,
165,梁梅瑛,111年屏東縣議員選舉,首次申報,1110921,雜支支出,金吉利五金百貨行,36702194,0.00,229.00,,,,餐飲費用,金錢,屏東縣屏東市****,08-7*****,否,,,,,,,
166,梁梅瑛,111年屏東縣議員選舉,首次申報,1110921,雜支支出,日鴻企業社,87666474,0.00,2800.00,,,,文具用品費用,金錢,屏東縣屏東市****,0872*****,否,,,,,,,
167,梁梅瑛,111年屏東縣議員選舉,首次申報,1110921,租用宣傳車輛支出,台灣中油股份有限公司(屏東忠孝路加油站,90974849,0.00,100.00,,,,宣傳車輛燃料費用,金錢,屏東縣屏東市****,08-7*****,否,,,,,,,
168,梁梅瑛,111年屏東縣議員選舉,首次申報,1110922,租用競選辦事處支出,歐麗卿,,0.00,16000.00,,,,租用競選辦事處費用,金錢,屏東縣屏東市****,,否,,,,,,,
169,梁梅瑛,111年屏東縣議員選舉,首次申報,1110922,雜支支出,楊信記家具行,07998383,0.00,2700.00,,,,雜項購置或修繕費用,金錢,屏東縣屏東市****,08-7*****,否,,,,,,,
170,梁梅瑛,111年屏東縣議員選舉,首次申報,1110922,雜支支出,東泰煤氣行,19975184,0.00,200.00,,,,餐飲費用,金錢,屏東縣屏東市****,08-7*****,否,,,,,,,
171,梁梅瑛,111年屏東縣議員選舉,首次申報,1110922,雜支支出,東泰煤氣行,19975184,0.00,500.00,,,,餐飲費用,金錢,屏東縣屏東市****,08-7*****,否,,,,,,,
172,梁梅瑛,111年屏東縣議員選舉,首次申報,1110922,宣傳支出,自由時報,52570683,0.00,750.00,,,,製作競選物品或宣傳廣告費用（物品名稱-布條）,金錢,屏東縣屏東市****,08-7*****,否,,,,,,,
173,梁梅瑛,111年屏東縣議員選舉,首次申報,1110923,宣傳支出,網路家庭國際資訊股份有限公司,16606102,0.00,3000.00,,,,發送電信簡訊費用,金錢,臺北市大安區****,02-2*****,否,,,,,,,
174,梁梅瑛,111年屏東縣議員選舉,首次申報,1110923,宣傳支出,永大廣告行銷有限公司,24365850,0.00,375.00,,,,製作競選物品或宣傳廣告費用（物品名稱-布條）,金錢,屏東縣屏東市****,08-7*****,否,,,,,,,
175,梁梅瑛,111年屏東縣議員選舉,首次申報,1110923,雜支支出,順發電腦股份有限公司屏東分公司,28979794,0.00,349.00,,,,文具用品費用,金錢,屏東縣屏東市****,,否,,,,,,,
176,梁梅瑛,111年屏東縣議員選舉,首次申報,1110923,雜支支出,金吉利五金百貨行,36702194,0.00,39.00,,,,餐飲費用,金錢,屏東縣屏東市****,08-7*****,否,,,,,,,
177,梁梅瑛,111年屏東縣議員選舉,首次申報,1110923,雜支支出,旺來昌實業股份有限公司內埔店,47756718,0.00,2232.00,,,,餐飲費用,金錢,屏東縣內埔鄉****,,否,,,,,,,
178,梁梅瑛,111年屏東縣議員選舉,首次申報,1110923,集會支出,屏東縣屏東市昌黎殿,80895249,0.00,2000.00,,,,租用場地費用,金錢,屏東縣屏東市****,0873*****,否,,,,,,,
179,梁梅瑛,111年屏東縣議員選舉,首次申報,1110923,宣傳支出,台大打字行,90742497,0.00,2280.00,,,,製作競選物品或宣傳廣告費用（物品名稱-文宣）,金錢,屏東縣屏東市****,08-7*****,否,,,,,,,
180,梁梅瑛,111年屏東縣議員選舉,首次申報,1110923,交通旅運支出,台灣中油股份有限公司,90974849,0.00,1483.00,,,,油資,金錢,屏東縣屏東市****,08-7*****,否,,,,,,,
181,梁梅瑛,111年屏東縣議員選舉,首次申報,1110924,雜支支出,全聯福利中心屏東自由分公司,28438361,0.00,37.00,,,,餐飲費用,金錢,屏東縣屏東市****,,否,,,,,,,
182,梁梅瑛,111年屏東縣議員選舉,首次申報,1110924,雜支支出,食米屋炒飯館,40825583,0.00,600.00,,,,餐飲費用,金錢,屏東縣屏東市****,0873*****,否,,,,,,,
183,梁梅瑛,111年屏東縣議員選舉,首次申報,1110925,雜支支出,金吉利五金百貨行,36702194,0.00,225.00,,,,文具用品費用,金錢,屏東縣屏東市****,08-7*****,否,,,,,,,
184,梁梅瑛,111年屏東縣議員選舉,首次申報,1110925,雜支支出,旺來興企業公司凱旋分公司,83299033,0.00,3190.00,,,,餐飲費用,金錢,高雄市苓雅區****,,否,,,,,,,
185,梁梅瑛,111年屏東縣議員選舉,首次申報,1110927,租用競選辦事處支出,歐麗卿,,0.00,16000.00,,,,租用競選辦事處費用,金錢,屏東縣屏東市****,,否,,,,,,,
186,梁梅瑛,111年屏東縣議員選舉,首次申報,1110927,雜支支出,清河設計有限公司,54608833,0.00,4515.00,,,,文具用品費用,金錢,彰化縣員林市****,,否,,,,,,,
187,梁梅瑛,111年屏東縣議員選舉,首次申報,1110928,宣傳支出,中華郵政股份有限公司,03741302,0.00,720.00,,,,郵寄競選物品或宣傳廣告費用,金錢,屏東縣屏東市****,08-7*****,否,,,,,,,
188,梁梅瑛,111年屏東縣議員選舉,首次申報,1110928,宣傳支出,成記廣告行,09116740,0.00,12500.00,,,,製作競選物品或宣傳廣告費用（物品名稱-布條）,金錢,屏東縣屏東市****,08-7*****,否,,,,,,,
189,梁梅瑛,111年屏東縣議員選舉,首次申報,1110928,雜支支出,九乘九文具股份有限公司-屏東民生分公司,50927238,0.00,94.00,,,,文具用品費用,金錢,屏東縣屏東市****,,否,,,,,,,
190,梁梅瑛,111年屏東縣議員選舉,首次申報,1110928,公共關係費用支出,全聯福利中心,70759152,0.00,3000.00,,,,文康活動費用,金錢,屏東縣屏東市****,,否,,,,,,,
191,梁梅瑛,111年屏東縣議員選舉,首次申報,1110928,雜支支出,鑫韋企業有限公司屏東分公司,90657626,0.00,527.00,,,,雜項購置或修繕費用,金錢,屏東縣屏東市****,,否,,,,,,,
192,梁梅瑛,111年屏東縣議員選舉,首次申報,1110928,租用宣傳車輛支出,台灣中油股份有限公司(屏東忠孝路加油站,90974849,0.00,95.00,,,,宣傳車輛燃料費用,金錢,屏東縣屏東市****,08-7*****,否,,,,,,,
193,梁梅瑛,111年屏東縣議員選舉,首次申報,1110928,宣傳支出,急印夢工場,95993444,0.00,3700.00,,,,製作競選物品或宣傳廣告費用（物品名稱-文宣）,金錢,屏東縣屏東市****,08-7*****,否,,,,,,,
194,梁梅瑛,111年屏東縣議員選舉,首次申報,1110929,雜支支出,星宇禮品行,13323159,0.00,3600.00,,,,文具用品費用,金錢,高雄市大樹區****,07-6*****,否,,,,,,,
195,梁梅瑛,111年屏東縣議員選舉,首次申報,1110929,雜支支出,協成免洗餐具行,34950556,0.00,340.00,,,,餐飲費用,金錢,屏東縣屏東市****,08-7*****,否,,,,,,,
196,梁梅瑛,111年屏東縣議員選舉,首次申報,1110929,雜支支出,協成免洗餐具行,34950556,0.00,90.00,,,,餐飲費用,金錢,屏東縣屏東市****,,否,,,,,,,
197,梁梅瑛,111年屏東縣議員選舉,首次申報,1110929,交通旅運支出,台灣中油股份有限公司,90974849,0.00,3000.00,,,,油資,金錢,屏東縣屏東市****,08-7*****,否,,,,,,,
198,梁梅瑛,111年屏東縣議員選舉,首次申報,1110929,雜支支出,香遠出版社北區店,99539381,0.00,640.00,,,,文具用品費用,金錢,屏東縣屏東市****,08-7*****,否,,,,,,,
199,梁梅瑛,111年屏東縣議員選舉,首次申報,1110930,集會支出,屏東市鎮溪宮管理委員會,,0.00,2000.00,,,,租用場地費用,金錢,屏東縣屏東市****,08-7*****,否,,,,,,,
200,梁梅瑛,111年屏東縣議員選舉,首次申報,1110930,雜支支出,聯合報屏東分社,03799802,0.00,600.00,,,,書報雜誌費用,金錢,屏東縣屏東市****,0875*****,否,,,,,,,
201,梁梅瑛,111年屏東縣議員選舉,首次申報,1110930,租用宣傳車輛支出,中華賓士汽車股份有限公司,27254890,0.00,35180.00,,,,維修宣傳車輛費用,金錢,臺中市西屯區****,04-2*****,否,,,,,,,
202,梁梅瑛,111年屏東縣議員選舉,首次申報,1110930,雜支支出,金吉利五金百貨行,36702194,0.00,486.00,,,,雜項購置或修繕費用,金錢,屏東縣屏東市****,08-7*****,否,,,,,,,
203,梁梅瑛,111年屏東縣議員選舉,首次申報,1110930,雜支支出,金吉利五金百貨行,36702194,0.00,714.00,,,,雜項購置或修繕費用,金錢,屏東縣屏東市****,08-7*****,否,,,,,,,
204,梁梅瑛,111年屏東縣議員選舉,首次申報,1110930,雜支支出,九乘九文具股份有限公司-屏東民生分公司,50927238,0.00,313.00,,,,文具用品費用,金錢,屏東縣屏東市****,,否,,,,,,,
205,梁梅瑛,111年屏東縣議員選舉,首次申報,1110930,雜支支出,富貴模特兒衣架,91759951,0.00,336.00,,,,文具用品費用,金錢,屏東縣屏東市****,,否,,,,,,,
206,梁梅瑛,111年屏東縣議員選舉,首次申報,1110930,雜支支出,香遠出版社北區店,99539381,0.00,75.00,,,,文具用品費用,金錢,屏東縣屏東市****,08-7*****,否,,,,,,,
207,梁梅瑛,111年屏東縣議員選舉,首次申報,1110930,雜支支出,香遠出版社北區店,99539381,0.00,15.00,,,,文具用品費用,金錢,屏東縣屏東市****,08-7*****,否,,,,,,,
208,梁梅瑛,111年屏東縣議員選舉,首次申報,1110930,雜支支出,香遠出版社北區店,99539381,0.00,1000.00,,,,文具用品費用,金錢,屏東縣屏東市****,08-7*****,否,,,,,,,
209,梁梅瑛,111年屏東縣議員選舉,首次申報,1111001,集會支出,布穀鳥麵包坊,18150389,0.00,10000.00,,,,餐飲費用(點心餐盒),金錢,屏東縣枋寮鄉****,,否,,,,,,,
210,梁梅瑛,111年屏東縣議員選舉,首次申報,1111001,租用宣傳車輛支出,中山停車場,19975950,0.00,170.00,,,,其他與租用宣傳車輛有關之費用(停車費),金錢,屏東縣屏東市****,,否,,,,,,,
211,梁梅瑛,111年屏東縣議員選舉,首次申報,1111001,雜支支出,水月囍樓有限公司,24876699,0.00,286000.00,,,,餐飲費用,金錢,屏東縣屏東市****,08-7*****,否,,,,,,,
212,梁梅瑛,111年屏東縣議員選舉,首次申報,1111001,雜支支出,宏威洗衣名店,40774727,0.00,450.00,,,,雜項購置或修繕費用,金錢,屏東縣屏東市****,0876*****,否,,,,,,,
213,梁梅瑛,111年屏東縣議員選舉,首次申報,1111003,集會支出,屏東市天朝宮管理委員會,,0.00,1000.00,,,,租用場地費用,金錢,屏東縣屏東市****,0875*****,否,,,,,,,
214,梁梅瑛,111年屏東縣議員選舉,首次申報,1111004,雜支支出,大吉液化煤氣行,81355918,0.00,200.00,,,,餐飲費用,金錢,屏東縣屏東市****,,否,,,,,,,
215,梁梅瑛,111年屏東縣議員選舉,首次申報,1111004,宣傳支出,香遠出版社北區店,99539381,0.00,284.00,,,,製作競選物品或宣傳廣告費用（物品名稱-文宣影印）,金錢,屏東縣屏東市****,08-7*****,否,,,,,,,
216,梁梅瑛,111年屏東縣議員選舉,首次申報,1111005,雜支支出,龍田食品有限公司屏東營業所,10119626,0.00,800.00,,,,餐飲費用,金錢,屏東縣屏東市****,,否,,,,,,,
217,梁梅瑛,111年屏東縣議員選舉,首次申報,1111005,雜支支出,協成免洗餐具行,34950556,0.00,75.00,,,,餐飲費用,金錢,屏東縣屏東市****,,否,,,,,,,
218,梁梅瑛,111年屏東縣議員選舉,首次申報,1111005,雜支支出,金吉利五金百貨行,36702194,0.00,209.00,,,,餐飲費用,金錢,屏東縣屏東市****,08-7*****,否,,,,,,,
219,梁梅瑛,111年屏東縣議員選舉,首次申報,1111005,雜支支出,人友印刷社,67827141,0.00,150.00,,,,文具用品費用,金錢,屏東縣屏東市****,,否,,,,,,,
220,梁梅瑛,111年屏東縣議員選舉,首次申報,1111005,宣傳支出,急印夢工場,95993444,0.00,1000.00,,,,製作競選物品或宣傳廣告費用（物品名稱-海報）,金錢,屏東縣屏東市****,08-7*****,否,,,,,,,
221,梁梅瑛,111年屏東縣議員選舉,首次申報,1111006,宣傳支出,中華郵政股份有限公司,03741302,0.00,120.00,,,,郵寄競選物品或宣傳廣告費用,金錢,屏東縣屏東市****,08-7*****,否,,,,,,,
222,梁梅瑛,111年屏東縣議員選舉,首次申報,1111006,雜支支出,笑笑笑國際股份有限公司,89430806,0.00,451.00,,,,文具用品費用,金錢,屏東縣屏東市****,,否,,,,,,,
223,梁梅瑛,111年屏東縣議員選舉,首次申報,1111006,雜支支出,立豐鎖匙行,90726953,0.00,600.00,,,,文具用品費用,金錢,屏東縣屏東市****,,否,,,,,,,
224,梁梅瑛,111年屏東縣議員選舉,首次申報,1111007,雜支支出,金吉利五金百貨行,36702194,0.00,110.00,,,,文具用品費用,金錢,屏東縣屏東市****,08-7*****,否,,,,,,,
225,梁梅瑛,111年屏東縣議員選舉,首次申報,1111007,雜支支出,金晁企業有限公司屏東民生店,36845025,0.00,222.00,,,,餐飲費用,金錢,屏東縣屏東市****,,否,,,,,,,
226,梁梅瑛,111年屏東縣議員選舉,首次申報,1111007,雜支支出,旺來興企業公司凱旋分公司,83299033,0.00,865.00,,,,餐飲費用,金錢,高雄市苓雅區****,,否,,,,,,,
227,梁梅瑛,111年屏東縣議員選舉,首次申報,1111007,雜支支出,順記食品原料行,90739330,0.00,95.00,,,,餐飲費用,金錢,屏東縣屏東市****,08-7*****,否,,,,,,,
228,梁梅瑛,111年屏東縣議員選舉,首次申報,1111008,雜支支出,東泰煤氣行,19975184,0.00,1300.00,,,,水電瓦斯費用,金錢,屏東縣屏東市****,08-7*****,否,,,,,,,
229,梁梅瑛,111年屏東縣議員選舉,首次申報,1111008,雜支支出,長耀商行,81220399,0.00,255.00,,,,雜項購置或修繕費用,金錢,屏東縣屏東市****,,否,,,,,,,
230,梁梅瑛,111年屏東縣議員選舉,首次申報,1111008,雜支支出,及印夢工廠,95993444,0.00,650.00,,,,文具用品費用,金錢,屏東縣屏東市****,,否,,,,,,,
231,梁梅瑛,111年屏東縣議員選舉,首次申報,1111009,雜支支出,涵馥堂美術用品社,78790472,0.00,440.00,,,,文具用品費用,金錢,屏東縣屏東市****,,否,,,,,,,
232,梁梅瑛,111年屏東縣議員選舉,首次申報,1111010,人事費用支出,宋炘明,E12*******,0.00,20000.00,,,,工資或薪津,金錢,高雄市三民區****,,否,,,,,,,
233,梁梅瑛,111年屏東縣議員選舉,首次申報,1111010,人事費用支出,王佑鑫,E12*******,0.00,20000.00,,,,工資或薪津,金錢,高雄市鼓山區****,,否,,,,,,,
234,梁梅瑛,111年屏東縣議員選舉,首次申報,1111010,人事費用支出,劉美華,O20*******,0.00,25000.00,,,,工資或薪津,金錢,新竹市光復路****,,否,,,,,,,
235,梁梅瑛,111年屏東縣議員選舉,首次申報,1111010,人事費用支出,詹郁姍,Q22*******,0.00,35000.00,,,,工資或薪津,金錢,屏東縣屏東市****,0915*****,否,,,,,,,
236,梁梅瑛,111年屏東縣議員選舉,首次申報,1111010,人事費用支出,陳子潔,S22*******,0.00,20000.00,,,,工資或薪津,金錢,屏東縣屏東市****,,否,,,,,,,
237,梁梅瑛,111年屏東縣議員選舉,首次申報,1111010,人事費用支出,盧啟村,T10*******,0.00,30000.00,,,,工資或薪津,金錢,屏東縣霧臺鄉****,,否,,,,,,,
238,梁梅瑛,111年屏東縣議員選舉,首次申報,1111010,人事費用支出,邱祖念,T12*******,0.00,30000.00,,,,工資或薪津,金錢,屏東縣屏東市****,,否,,,,,,,
239,梁梅瑛,111年屏東縣議員選舉,首次申報,1111010,人事費用支出,鍾宜昌,T12*******,0.00,30000.00,,,,工資或薪津,金錢,屏東縣九如鄉****,,否,,,,,,,
240,梁梅瑛,111年屏東縣議員選舉,首次申報,1111010,人事費用支出,黃方畇,T22*******,0.00,30000.00,,,,工資或薪津,金錢,屏東縣屏東市****,,否,,,,,,,
241,梁梅瑛,111年屏東縣議員選舉,首次申報,1111010,人事費用支出,羅卉姍,T22*******,0.00,30000.00,,,,工資或薪津,金錢,屏東縣屏東市****,,否,,,,,,,
242,梁梅瑛,111年屏東縣議員選舉,首次申報,1111010,人事費用支出,吳琳媮,T22*******,0.00,26000.00,,,,工資或薪津,金錢,屏東縣屏東市****,,否,,,,,,,
243,梁梅瑛,111年屏東縣議員選舉,首次申報,1111010,人事費用支出,羅雪芬,T22*******,0.00,20000.00,,,,工資或薪津,金錢,屏東縣屏東市****,,否,,,,,,,
244,梁梅瑛,111年屏東縣議員選舉,首次申報,1111011,雜支支出,佳盈自助餐,36731233,0.00,90.00,,,,餐飲費用,金錢,屏東縣屏東市****,,否,,,,,,,
245,梁梅瑛,111年屏東縣議員選舉,首次申報,1111011,雜支支出,興薑母鴨,81289896,0.00,1780.00,,,,餐飲費用,金錢,屏東縣屏東市****,08-7*****,否,,,,,,,
246,梁梅瑛,111年屏東縣議員選舉,首次申報,1111011,雜支支出,電統電子材料行,90762866,0.00,500.00,,,,雜項購置或修繕費用,金錢,屏東縣屏東市****,0873*****,否,,,,,,,
247,梁梅瑛,111年屏東縣議員選舉,首次申報,1111011,租用宣傳車輛支出,台灣中油股份有限公司(屏東忠孝路加油站,90974849,0.00,140.00,,,,宣傳車輛燃料費用,金錢,屏東縣屏東市****,08-7*****,否,,,,,,,
248,梁梅瑛,111年屏東縣議員選舉,首次申報,1111012,雜支支出,佳盈自助餐,36731233,0.00,100.00,,,,餐飲費用,金錢,屏東縣屏東市****,,否,,,,,,,
249,梁梅瑛,111年屏東縣議員選舉,首次申報,1111013,租用競選辦事處支出,歐麗卿,,0.00,16000.00,,,,租用競選辦事處費用,金錢,屏東縣屏東市****,,否,,,,,,,
250,梁梅瑛,111年屏東縣議員選舉,首次申報,1111013,雜支支出,金吉利五金百貨行,36702194,0.00,60.00,,,,雜項購置或修繕費用,金錢,屏東縣屏東市****,08-7*****,否,,,,,,,
251,梁梅瑛,111年屏東縣議員選舉,首次申報,1111013,雜支支出,食米屋炒飯館,40825583,0.00,1100.00,,,,餐飲費用,金錢,屏東縣屏東市****,0873*****,否,,,,,,,
252,梁梅瑛,111年屏東縣議員選舉,首次申報,1111013,宣傳支出,金福一企業有限公司,80368915,0.00,17010.00,,,,製作競選物品或宣傳廣告費用（物品名稱-客製礦泉水）,金錢,高雄市鼓山區****,0731*****,否,,,,,,,
253,梁梅瑛,111年屏東縣議員選舉,首次申報,1111014,集會支出,屏東市北極殿福德祠管理委員會,,0.00,2000.00,,,,租用場地費用,金錢,屏東縣屏東市****,,否,,,,,,,
254,梁梅瑛,111年屏東縣議員選舉,首次申報,1111014,雜支支出,麥當勞屏東自由餐廳,70815041,0.00,255.00,,,,餐飲費用,金錢,屏東縣屏東市****,,否,,,,,,,
255,梁梅瑛,111年屏東縣議員選舉,首次申報,1111014,雜支支出,啟順食品有限公司,80469667,0.00,522.00,,,,餐飲費用,金錢,屏東縣屏東市****,,否,,,,,,,
256,梁梅瑛,111年屏東縣議員選舉,首次申報,1111014,宣傳支出,急印夢工場,95993444,0.00,400.00,,,,製作競選物品或宣傳廣告費用（物品名稱-海報）,金錢,屏東縣屏東市****,08-7*****,否,,,,,,,
257,梁梅瑛,111年屏東縣議員選舉,首次申報,1111014,雜支支出,八大昌文具行,98933435,0.00,70.00,,,,文具用品費用,金錢,屏東縣屏東市****,,否,,,,,,,
258,梁梅瑛,111年屏東縣議員選舉,首次申報,1111015,宣傳支出,中華郵政股份有限公司,03741302,0.00,4500.00,,,,郵寄競選物品或宣傳廣告費用,金錢,屏東縣屏東市****,08-7*****,否,,,,,,,
259,梁梅瑛,111年屏東縣議員選舉,首次申報,1111015,宣傳支出,中華郵政股份有限公司,03741302,0.00,2444.00,,,,郵寄競選物品或宣傳廣告費用,金錢,屏東縣屏東市****,08-7*****,否,,,,,,,
260,梁梅瑛,111年屏東縣議員選舉,首次申報,1111015,雜支支出,鈺銘企業社,36623332,0.00,20.00,,,,文具用品費用,金錢,屏東縣屏東市****,,否,,,,,,,
261,梁梅瑛,111年屏東縣議員選舉,首次申報,1111015,雜支支出,食米屋炒飯館,40825583,0.00,90.00,,,,餐飲費用,金錢,屏東縣屏東市****,0873*****,否,,,,,,,
262,梁梅瑛,111年屏東縣議員選舉,首次申報,1111015,雜支支出,台大打字行,90742497,0.00,1300.00,,,,文具用品費用,金錢,屏東縣屏東市****,,否,,,,,,,
263,梁梅瑛,111年屏東縣議員選舉,首次申報,1111015,租用宣傳車輛支出,台灣中油股份有限公司,90974849,0.00,3000.00,,,,宣傳車輛燃料費用,金錢,屏東縣屏東市****,08-7*****,否,,,,,,,
264,梁梅瑛,111年屏東縣議員選舉,首次申報,1111015,人事費用支出,周羿瑄,B22*******,0.00,1200.00,,,,工資或薪津,金錢,屏東縣內埔鄉****,0981*****,否,,,,,,,
265,梁梅瑛,111年屏東縣議員選舉,首次申報,1111015,人事費用支出,徐秉諭,E12*******,0.00,1200.00,,,,工資或薪津,金錢,高雄市鼓山區****,0922*****,否,,,,,,,
266,梁梅瑛,111年屏東縣議員選舉,首次申報,1111015,人事費用支出,陳垣佑,T12*******,0.00,1200.00,,,,工資或薪津,金錢,屏東縣內埔鄉****,0909*****,否,,,,,,,
267,梁梅瑛,111年屏東縣議員選舉,首次申報,1111015,人事費用支出,鍾怡雯,T22*******,0.00,1200.00,,,,工資或薪津,金錢,屏東縣屏東市****,0963*****,否,,,,,,,
268,梁梅瑛,111年屏東縣議員選舉,首次申報,1111016,交通旅運支出,台灣中油股份有限公司,90974849,0.00,3000.00,,,,油資,金錢,屏東縣屏東市****,08-7*****,否,,,,,,,
269,梁梅瑛,111年屏東縣議員選舉,首次申報,1111017,宣傳支出,網路家庭國際資訊股份有限公司,16606102,0.00,2000.00,,,,發送電信簡訊費用,金錢,臺北市大安區****,02-2*****,否,,,,,,,
270,梁梅瑛,111年屏東縣議員選舉,首次申報,1111017,公共關係費用支出,大成禮品店,90012908,0.00,350.00,,,,聯誼交際費用,金錢,屏東縣屏東市****,,否,,,,,,,
271,梁梅瑛,111年屏東縣議員選舉,首次申報,1111018,宣傳支出,中華郵政股份有限公司,03741302,0.00,64.00,,,,郵寄競選物品或宣傳廣告費用,金錢,屏東縣屏東市****,08-7*****,否,,,,,,,
272,梁梅瑛,111年屏東縣議員選舉,首次申報,1111018,宣傳支出,中華郵政股份有限公司,03741302,0.00,734.00,,,,郵寄競選物品或宣傳廣告費用,金錢,屏東縣屏東市****,08-7*****,否,,,,,,,
273,梁梅瑛,111年屏東縣議員選舉,首次申報,1111018,雜支支出,歌得文具大武店,13610841,0.00,80.00,,,,文具用品費用,金錢,屏東縣屏東市****,,否,,,,,,,
274,梁梅瑛,111年屏東縣議員選舉,首次申報,1111018,交通旅運支出,台灣中油股份有限公司,90974849,0.00,1505.00,,,,油資,金錢,屏東縣屏東市****,08-7*****,否,,,,,,,
275,梁梅瑛,111年屏東縣議員選舉,首次申報,1111018,雜支支出,香遠出版社北區店,99539381,0.00,107.00,,,,文具用品費用,金錢,屏東縣屏東市****,08-7*****,否,,,,,,,
276,梁梅瑛,111年屏東縣議員選舉,首次申報,1111019,宣傳支出,中華郵政股份有限公司,03741302,0.00,1083.00,,,,郵寄競選物品或宣傳廣告費用,金錢,屏東縣屏東市****,08-7*****,否,,,,,,,
277,梁梅瑛,111年屏東縣議員選舉,首次申報,1111019,宣傳支出,中華郵政股份有限公司,03741302,0.00,13.00,,,,郵寄競選物品或宣傳廣告費用,金錢,屏東縣屏東市****,08-7*****,否,,,,,,,
278,梁梅瑛,111年屏東縣議員選舉,首次申報,1111019,宣傳支出,水福生技股份有限公司,69364498,0.00,42000.00,,,,製作競選物品或宣傳廣告費用（物品名稱-口罩）,金錢,桃園市蘆竹區****,0335*****,否,,,,,,,
279,梁梅瑛,111年屏東縣議員選舉,首次申報,1111019,雜支支出,旺來興企業公司凱旋分公司,83299033,0.00,334.00,,,,餐飲費用,金錢,高雄市苓雅區****,,否,,,,,,,
280,梁梅瑛,111年屏東縣議員選舉,首次申報,1111019,宣傳支出,影傑有限公司,86867895,0.00,6000.00,,,,其他與選舉宣傳有關之費用,金錢,臺北市萬華區****,0223*****,否,,,,,,,
281,梁梅瑛,111年屏東縣議員選舉,首次申報,1111020,宣傳支出,中華郵政股份有限公司,03741302,0.00,13.00,,,,郵寄競選物品或宣傳廣告費用,金錢,屏東縣屏東市****,08-7*****,否,,,,,,,
282,梁梅瑛,111年屏東縣議員選舉,首次申報,1111020,雜支支出,金吉利五金百貨行,36702194,0.00,216.00,,,,雜項購置或修繕費用,金錢,屏東縣屏東市****,08-7*****,否,,,,,,,
283,梁梅瑛,111年屏東縣議員選舉,首次申報,1111020,雜支支出,屏寶生活館有限公司,56918117,0.00,72.00,,,,文具用品費用,金錢,屏東縣屏東市****,,否,,,,,,,
284,梁梅瑛,111年屏東縣議員選舉,首次申報,1111020,公共關係費用支出,大成禮品店,90012908,0.00,2000.00,,,,聯誼交際費用,金錢,屏東縣屏東市****,,否,,,,,,,
285,梁梅瑛,111年屏東縣議員選舉,首次申報,1111020,宣傳支出,台大打字行,90742497,0.00,1200.00,,,,製作競選物品或宣傳廣告費用（物品名稱-影印文宣品）,金錢,屏東縣屏東市****,0873*****,否,,,,,,,
286,梁梅瑛,111年屏東縣議員選舉,首次申報,1111020,交通旅運支出,台灣中油股份有限公司,90974849,0.00,3000.00,,,,油資,金錢,屏東縣屏東市****,08-7*****,否,,,,,,,
287,梁梅瑛,111年屏東縣議員選舉,首次申報,1111021,宣傳支出,成記廣告行,09116740,0.00,600.00,,,,製作競選物品或宣傳廣告費用（布條）,金錢,屏東縣屏東市****,0873*****,否,,,,,,,
288,梁梅瑛,111年屏東縣議員選舉,首次申報,1111021,雜支支出,龍田食品有限公司屏東營業所,10119626,0.00,686.00,,,,餐飲費用,金錢,屏東縣屏東市****,,否,,,,,,,
289,梁梅瑛,111年屏東縣議員選舉,首次申報,1111021,雜支支出,金吉利五金百貨行,36702194,0.00,327.00,,,,文具用品費用,金錢,屏東縣屏東市****,08-7*****,否,,,,,,,
290,梁梅瑛,111年屏東縣議員選舉,首次申報,1111021,雜支支出,金吉利五金百貨行,36702194,0.00,75.00,,,,雜項購置或修繕費用,金錢,屏東縣屏東市****,08-7*****,否,,,,,,,
291,梁梅瑛,111年屏東縣議員選舉,首次申報,1111021,雜支支出,金吉利五金百貨行,36702194,0.00,375.00,,,,文具用品費用,金錢,屏東縣屏東市****,08-7*****,否,,,,,,,
292,梁梅瑛,111年屏東縣議員選舉,首次申報,1111021,雜支支出,金吉利五金百貨行,36702194,0.00,210.00,,,,文具用品費用,金錢,屏東縣屏東市****,08-7*****,否,,,,,,,
293,梁梅瑛,111年屏東縣議員選舉,首次申報,1111021,雜支支出,金吉利五金百貨行,36702194,0.00,230.00,,,,文具用品費用,金錢,屏東縣屏東市****,08-7*****,否,,,,,,,
294,梁梅瑛,111年屏東縣議員選舉,首次申報,1111021,雜支支出,金吉利五金百貨行,36702194,0.00,275.00,,,,雜項購置或修繕費用,金錢,屏東縣屏東市****,08-7*****,否,,,,,,,
295,梁梅瑛,111年屏東縣議員選舉,首次申報,1111021,雜支支出,金吉利五金百貨行,36702194,0.00,70.00,,,,雜項購置或修繕費用,金錢,屏東縣屏東市****,08-7*****,否,,,,,,,
296,梁梅瑛,111年屏東縣議員選舉,首次申報,1111021,雜支支出,長發企業社,36891982,0.00,70.00,,,,雜項購置或修繕費用,金錢,屏東縣屏東市****,08-7*****,否,,,,,,,
297,梁梅瑛,111年屏東縣議員選舉,首次申報,1111021,雜支支出,勝利九九五金大賣場,47844656,0.00,55.00,,,,雜項購置或修繕費用,金錢,屏東縣屏東市****,,否,,,,,,,
298,梁梅瑛,111年屏東縣議員選舉,首次申報,1111021,宣傳支出,玖冠事業有限公司,53336095,0.00,53760.00,,,,製作競選物品或宣傳廣告費用（物品名稱-旗織）,金錢,臺南市新營區****,0663*****,否,,,,,,,
299,梁梅瑛,111年屏東縣議員選舉,首次申報,1111021,雜支支出,初熟餐飲社,85700476,0.00,1530.00,,,,餐飲費用,金錢,屏東縣屏東市****,,否,,,,,,,
300,梁梅瑛,111年屏東縣議員選舉,首次申報,1111021,雜支支出,立豐鎖匙行,90726953,0.00,70.00,,,,文具用品費用,金錢,屏東縣屏東市****,0873*****,否,,,,,,,
301,梁梅瑛,111年屏東縣議員選舉,首次申報,1111021,宣傳支出,益群百貨行,90794255,0.00,180.00,,,,製作競選物品或宣傳廣告費用（物品名稱-請填寫）,金錢,屏東縣屏東市****,,否,,,,,,,
302,梁梅瑛,111年屏東縣議員選舉,首次申報,1111021,宣傳支出,急印夢工場,95993444,0.00,1050.00,,,,製作競選物品或宣傳廣告費用（物品名稱-海報）,金錢,屏東縣屏東市****,08-7*****,否,,,,,,,
303,梁梅瑛,111年屏東縣議員選舉,首次申報,1111021,雜支支出,翊新食品有限公司,97066196,0.00,10460.00,,,,餐飲費用,金錢,屏東縣萬丹鄉****,08-7*****,否,,,,,,,
304,梁梅瑛,111年屏東縣議員選舉,首次申報,1111022,宣傳支出,李的攝影社,06781707,0.00,20000.00,,,,製作競選物品或宣傳廣告費用（物品名稱-請填寫）,金錢,高雄市左營區****,0932*****,否,,,,,,,
305,梁梅瑛,111年屏東縣議員選舉,首次申報,1111022,雜支支出,佳展鎖印行,15698722,0.00,3000.00,,,,文具用品費用,金錢,屏東縣屏東市****,08-7*****,否,,,,,,,
306,梁梅瑛,111年屏東縣議員選舉,首次申報,1111022,宣傳支出,統一速達股份有限公司屏東營業區,18158811,0.00,210.00,,,,郵寄競選物品或宣傳廣告費用,金錢,屏東縣屏東市****,,否,,,,,,,
307,梁梅瑛,111年屏東縣議員選舉,首次申報,1111022,雜支支出,金吉利五金百貨行,36702194,0.00,277.00,,,,雜項購置或修繕費用,金錢,屏東縣屏東市****,08-7*****,否,,,,,,,
308,梁梅瑛,111年屏東縣議員選舉,首次申報,1111022,宣傳支出,金吉利五金百貨行,36702194,0.00,3240.00,,,,製作競選物品或宣傳廣告費用（物品名稱-拋棄式雨衣*件）,金錢,屏東縣屏東市****,08-7*****,否,,,,,,,
309,梁梅瑛,111年屏東縣議員選舉,首次申報,1111022,宣傳支出,金吉利五金百貨行,36702194,0.00,1080.00,,,,製作競選物品或宣傳廣告費用（物品名稱-拋棄式雨衣*）,金錢,屏東縣屏東市****,08-7*****,否,,,,,,,
310,梁梅瑛,111年屏東縣議員選舉,首次申報,1111022,雜支支出,金吉利五金百貨行,36702194,0.00,495.00,,,,雜項購置或修繕費用,金錢,屏東縣屏東市****,08-7*****,否,,,,,,,
311,梁梅瑛,111年屏東縣議員選舉,首次申報,1111022,雜支支出,茗品茶商行,36742436,0.00,480.00,,,,餐飲費用,金錢,屏東縣屏東市****,,否,,,,,,,
312,梁梅瑛,111年屏東縣議員選舉,首次申報,1111022,宣傳支出,新強貼紙,81063052,0.00,610.00,,,,製作競選物品或宣傳廣告費用（物品名稱-貼紙）,金錢,高雄市鳳山區****,0776*****,否,,,,,,,
313,梁梅瑛,111年屏東縣議員選舉,首次申報,1111022,雜支支出,素食倉館,85701502,0.00,4000.00,,,,餐飲費用,金錢,屏東縣屏東市****,08-7*****,否,,,,,,,
314,梁梅瑛,111年屏東縣議員選舉,首次申報,1111022,人事費用支出,蔡采蓉,I20*******,0.00,700.00,,,,工資或薪津,金錢,嘉義市西區永****,0970*****,否,,,,,,,
315,梁梅瑛,111年屏東縣議員選舉,首次申報,1111022,人事費用支出,鄭筑云,K22*******,0.00,700.00,,,,工資或薪津,金錢,苗栗縣苑裡鎮****,0903*****,否,,,,,,,
316,梁梅瑛,111年屏東縣議員選舉,首次申報,1111022,人事費用支出,王莠棋,P22*******,0.00,700.00,,,,工資或薪津,金錢,雲林縣口湖鄉****,0968*****,否,,,,,,,
317,梁梅瑛,111年屏東縣議員選舉,首次申報,1111022,人事費用支出,吳朋憲,T12*******,0.00,700.00,,,,工資或薪津,金錢,屏東縣屏東市****,,否,,,,,,,
318,梁梅瑛,111年屏東縣議員選舉,首次申報,1111022,人事費用支出,鍾淑媚,T22*******,0.00,700.00,,,,工資或薪津,金錢,屏東縣高樹鄉****,0916*****,否,,,,,,,
319,梁梅瑛,111年屏東縣議員選舉,首次申報,1111023,租用宣傳車輛支出,統一精工小港加油站,08917379,0.00,1700.00,,,,宣傳車輛燃料費用,金錢,高雄市小港區****,,否,,,,,,,
320,梁梅瑛,111年屏東縣議員選舉,首次申報,1111023,雜支支出,金吉利五金百貨行,36702194,0.00,387.00,,,,雜項購置或修繕費用,金錢,屏東縣屏東市****,08-7*****,否,,,,,,,
321,梁梅瑛,111年屏東縣議員選舉,首次申報,1111023,雜支支出,金吉利五金百貨行,36702194,0.00,225.00,,,,文具用品費用,金錢,屏東縣屏東市****,08-7*****,否,,,,,,,
322,梁梅瑛,111年屏東縣議員選舉,首次申報,1111023,雜支支出,金吉利五金百貨行,36702194,0.00,75.00,,,,雜項購置或修繕費用,金錢,屏東縣屏東市****,08-7*****,否,,,,,,,
323,梁梅瑛,111年屏東縣議員選舉,首次申報,1111023,交通旅運支出,台灣中油股份有限公司,90974849,0.00,95.00,,,,油資,金錢,屏東縣屏東市****,08-7*****,否,,,,,,,
324,梁梅瑛,111年屏東縣議員選舉,首次申報,1111024,雜支支出,立揚鎖印行,40933366,0.00,560.00,,,,雜項購置或修繕費用,金錢,屏東縣屏東市****,08-7*****,否,,,,,,,
325,梁梅瑛,111年屏東縣議員選舉,首次申報,1111024,宣傳支出,日鴻企業社,87666474,0.00,14500.00,,,,製作競選物品或宣傳廣告費用（物品名稱-文宣）,金錢,屏東縣屏東市****,0872*****,否,,,,,,,
326,梁梅瑛,111年屏東縣議員選舉,首次申報,1111025,雜支支出,台灣電力股份有限公司,03795904,0.00,18558.00,,,,水電瓦斯費用,金錢,屏東縣屏東市****,08-7*****,否,,,,,,,
327,梁梅瑛,111年屏東縣議員選舉,首次申報,1111025,租用宣傳車輛支出,佶士達國際企業有限公司,24298537,0.00,244125.00,,,,租用宣傳車輛費用,金錢,臺南市永康區****,0623*****,否,,,,,,,
328,梁梅瑛,111年屏東縣議員選舉,首次申報,1111025,雜支支出,湯品小吃部,37675435,0.00,13000.00,,,,餐飲費用,金錢,屏東縣屏東市****,0873*****,否,,,,,,,
329,梁梅瑛,111年屏東縣議員選舉,首次申報,1111025,雜支支出,人友印刷社,67827141,0.00,270.00,,,,文具用品費用,金錢,屏東縣屏東市****,,否,,,,,,,
330,梁梅瑛,111年屏東縣議員選舉,首次申報,1111025,雜支支出,全聯實業股份有限公司屏東勝利分公司,70801975,0.00,490.00,,,,餐飲費用,金錢,屏東縣屏東市****,,否,,,,,,,
331,梁梅瑛,111年屏東縣議員選舉,首次申報,1111025,宣傳支出,勁赫製衣股份有限公司,85050064,0.00,9030.00,,,,製作競選物品或宣傳廣告費用（物品名稱-口罩盒子）,金錢,臺中市沙鹿區****,0426*****,否,,,,,,,
332,梁梅瑛,111年屏東縣議員選舉,首次申報,1111025,交通旅運支出,台灣中油股份有限公司,90974849,0.00,500.00,,,,油資,金錢,屏東縣屏東市****,08-7*****,否,,,,,,,
333,梁梅瑛,111年屏東縣議員選舉,首次申報,1111027,宣傳支出,中華郵政股份有限公司,03741302,0.00,28.00,,,,郵寄競選物品或宣傳廣告費用,金錢,屏東縣屏東市****,08-7*****,否,,,,,,,
334,梁梅瑛,111年屏東縣議員選舉,首次申報,1111027,公共關係費用支出,全聯福利中心,70759152,0.00,5000.00,,,,文康活動費用,金錢,屏東縣屏東市****,,否,,,,,,,
335,梁梅瑛,111年屏東縣議員選舉,首次申報,1111027,租用宣傳車輛支出,台灣中油股份有限公司(屏東忠孝路加油站,90974849,0.00,3000.00,,,,宣傳車輛燃料費用,金錢,屏東縣屏東市****,08-7*****,否,,,,,,,
336,梁梅瑛,111年屏東縣議員選舉,首次申報,1111027,租用宣傳車輛支出,台灣中油股份有限公司(屏東忠孝路加油站,90974849,0.00,3000.00,,,,宣傳車輛燃料費用,金錢,屏東縣屏東市****,08-7*****,否,,,,,,,
337,梁梅瑛,111年屏東縣議員選舉,首次申報,1111028,租用競選辦事處支出,歐麗卿,,0.00,16000.00,,,,租用競選辦事處費用,金錢,屏東縣屏東市****,,否,,,,,,,
338,梁梅瑛,111年屏東縣議員選舉,首次申報,1111028,雜支支出,龍田食品有限公司屏東營業所,10119626,0.00,105.00,,,,餐飲費用,金錢,屏東縣屏東市****,,否,,,,,,,
339,梁梅瑛,111年屏東縣議員選舉,首次申報,1111028,雜支支出,金吉利五金百貨行,36702194,0.00,228.00,,,,文具用品費用,金錢,屏東縣屏東市****,08-7*****,否,,,,,,,
340,梁梅瑛,111年屏東縣議員選舉,首次申報,1111028,雜支支出,屏舜生活館有限公司,42784763,0.00,169.00,,,,文具用品費用,金錢,屏東縣屏東市****,,否,,,,,,,
341,梁梅瑛,111年屏東縣議員選舉,首次申報,1111028,公共關係費用支出,全聯福利中心,70759152,0.00,3000.00,,,,文康活動費用,金錢,屏東縣屏東市****,,否,,,,,,,
342,梁梅瑛,111年屏東縣議員選舉,首次申報,1111028,雜支支出,全聯福利中心屏東民族分公司,70759152,0.00,105.00,,,,雜項購置或修繕費用,金錢,屏東縣屏東市****,,否,,,,,,,
343,梁梅瑛,111年屏東縣議員選舉,首次申報,1111028,雜支支出,允泰企業社,76771935,0.00,318.00,,,,餐飲費用,金錢,屏東縣屏東市****,0876*****,否,,,,,,,
344,梁梅瑛,111年屏東縣議員選舉,首次申報,1111028,雜支支出,愛放學企業社,87679436,0.00,7350.00,,,,餐飲費用,金錢,高雄市楠梓區****,0923*****,否,,,,,,,
345,梁梅瑛,111年屏東縣議員選舉,首次申報,1111028,雜支支出,翊新食品有限公司,97066196,0.00,2100.00,,,,餐飲費用,金錢,屏東縣萬丹鄉****,08-7*****,否,,,,,,,
346,梁梅瑛,111年屏東縣議員選舉,首次申報,1111029,雜支支出,金吉利五金百貨行,36702194,0.00,158.00,,,,餐飲費用,金錢,屏東縣屏東市****,08-7*****,否,,,,,,,
347,梁梅瑛,111年屏東縣議員選舉,首次申報,1111029,雜支支出,大連九九五金日用品,83849065,0.00,55.00,,,,雜項購置或修繕費用,金錢,屏東縣屏東市****,,否,,,,,,,
348,梁梅瑛,111年屏東縣議員選舉,首次申報,1111030,雜支支出,泉源企業,18155949,0.00,1800.00,,,,餐飲費用,金錢,屏東縣九如鄉****,0800*****,否,,,,,,,
349,梁梅瑛,111年屏東縣議員選舉,首次申報,1111030,租用宣傳車輛支出,台灣中油股份有限公司(屏東忠孝路加油站,90974849,0.00,194.00,,,,宣傳車輛燃料費用,金錢,屏東縣屏東市****,08-7*****,否,,,,,,,
350,梁梅瑛,111年屏東縣議員選舉,首次申報,1111101,租用競選辦事處支出,歐麗卿,,0.00,16000.00,,,,租用競選辦事處費用,金錢,屏東縣屏東市****,,否,,,,,,,
351,梁梅瑛,111年屏東縣議員選舉,首次申報,1111101,雜支支出,金吉利五金百貨行,36702194,0.00,179.00,,,,文具用品費用,金錢,屏東縣屏東市****,08-7*****,否,,,,,,,
352,梁梅瑛,111年屏東縣議員選舉,首次申報,1111101,雜支支出,丹坊食品有限公司,45120563,0.00,1200.00,,,,餐飲費用,金錢,屏東縣屏東市****,,否,,,,,,,
353,梁梅瑛,111年屏東縣議員選舉,首次申報,1111101,集會支出,財團法人中國基督教靈糧世界佈道會屏東靈糧堂,99015791,0.00,3000.00,,,,租用場地費用,金錢,屏東縣屏東市****,0873*****,否,,,,,,,
354,梁梅瑛,111年屏東縣議員選舉,首次申報,1111101,雜支支出,香遠出版社北區店,99539381,0.00,80.00,,,,文具用品費用,金錢,屏東縣屏東市****,08-7*****,否,,,,,,,
355,梁梅瑛,111年屏東縣議員選舉,首次申報,1111102,雜支支出,金吉利五金百貨行,36702194,0.00,609.00,,,,文具用品費用,金錢,屏東縣屏東市****,08-7*****,否,,,,,,,
356,梁梅瑛,111年屏東縣議員選舉,首次申報,1111102,雜支支出,屏寶生活館有限公司,56918117,0.00,75.00,,,,文具用品費用,金錢,屏東縣屏東市****,,否,,,,,,,
357,梁梅瑛,111年屏東縣議員選舉,首次申報,1111102,雜支支出,人友印刷社,67827141,0.00,120.00,,,,文具用品費用,金錢,屏東縣屏東市****,,否,,,,,,,
358,梁梅瑛,111年屏東縣議員選舉,首次申報,1111103,雜支支出,台灣電力股份有限公司,03795904,0.00,18558.00,,,,水電瓦斯費用,金錢,屏東縣屏東市****,08-7*****,否,,,,,,,
359,梁梅瑛,111年屏東縣議員選舉,首次申報,1111103,雜支支出,金吉利五金百貨行,36702194,0.00,150.00,,,,文具用品費用,金錢,屏東縣屏東市****,08-7*****,否,,,,,,,
360,梁梅瑛,111年屏東縣議員選舉,首次申報,1111103,公共關係費用支出,大成禮品店,90012908,0.00,1200.00,,,,聯誼交際費用,金錢,屏東縣屏東市****,0832*****,否,,,,,,,
361,梁梅瑛,111年屏東縣議員選舉,首次申報,1111103,租用宣傳車輛支出,台灣中油股份有限公司(屏東忠孝路加油站,90974849,0.00,686.00,,,,宣傳車輛燃料費用,金錢,屏東縣屏東市****,08-7*****,否,,,,,,,
362,梁梅瑛,111年屏東縣議員選舉,首次申報,1111104,集會支出,南方代天府管理委員會,08030359,0.00,2000.00,,,,租用場地費用,金錢,屏東縣屏東市****,08-7*****,否,,,,,,,
363,梁梅瑛,111年屏東縣議員選舉,首次申報,1111104,雜支支出,金吉利五金百貨行,36702194,0.00,129.00,,,,餐飲費用,金錢,屏東縣屏東市****,08-7*****,否,,,,,,,
364,梁梅瑛,111年屏東縣議員選舉,首次申報,1111104,雜支支出,金吉利五金百貨行,36702194,0.00,165.00,,,,雜項購置或修繕費用,金錢,屏東縣屏東市****,08-7*****,否,,,,,,,
365,梁梅瑛,111年屏東縣議員選舉,首次申報,1111104,雜支支出,民生九九五金大賣場,69802075,0.00,90.00,,,,文具用品費用,金錢,屏東縣屏東市****,,否,,,,,,,
366,梁梅瑛,111年屏東縣議員選舉,首次申報,1111104,租用宣傳車輛支出,台灣中油股份有限公司忠孝路加油站,90974849,0.00,3000.00,,,,宣傳車輛燃料費用,金錢,屏東縣屏東市****,08-7*****,否,,,,,,,
367,梁梅瑛,111年屏東縣議員選舉,首次申報,1111104,租用宣傳車輛支出,台灣中油股份有限公司(屏東忠孝路加油站,90974849,0.00,240.00,,,,宣傳車輛燃料費用,金錢,屏東縣屏東市****,08-7*****,否,,,,,,,
368,梁梅瑛,111年屏東縣議員選舉,首次申報,1111104,雜支支出,翊新食品股份有限公司,97066196,0.00,3150.00,,,,餐飲費用,金錢,屏東縣萬丹鄉****,0875*****,否,,,,,,,
369,梁梅瑛,111年屏東縣議員選舉,首次申報,1111105,集會支出,紫霄帝闕玄 天上帝廟,08023913,0.00,2000.00,,,,租用場地費用,金錢,屏東縣屏東市****,08-7*****,否,,,,,,,
370,梁梅瑛,111年屏東縣議員選舉,首次申報,1111105,雜支支出,東泰煤氣行,19975184,0.00,200.00,,,,餐飲費用,金錢,屏東縣屏東市****,08-7*****,否,,,,,,,
371,梁梅瑛,111年屏東縣議員選舉,首次申報,1111105,雜支支出,上饕美食部,21951737,0.00,1610.00,,,,餐飲費用,金錢,屏東縣屏東市****,,否,,,,,,,
372,梁梅瑛,111年屏東縣議員選舉,首次申報,1111105,雜支支出,伶銘文創事業有限公司,57560609,0.00,104.00,,,,文具用品費用,金錢,屏東縣屏東市****,,否,,,,,,,
373,梁梅瑛,111年屏東縣議員選舉,首次申報,1111105,公共關係費用支出,崇鑫國際有限公司屏東仁愛店,90270813,0.00,399.00,,,,聯誼交際費用(慶生蛋糕),金錢,屏東縣屏東林****,,否,,,,,,,
374,梁梅瑛,111年屏東縣議員選舉,首次申報,1111105,人事費用支出,溫緯淩,B22*******,0.00,840.00,,,,工資或薪津,金錢,臺中市南屯區****,0935*****,否,,,,,,,
375,梁梅瑛,111年屏東縣議員選舉,首次申報,1111105,人事費用支出,蔡采蓉,I20*******,0.00,840.00,,,,工資或薪津,金錢,嘉義市西區永****,0970*****,否,,,,,,,
376,梁梅瑛,111年屏東縣議員選舉,首次申報,1111105,人事費用支出,鍾淑媚,T22*******,0.00,840.00,,,,工資或薪津,金錢,屏東縣高樹鄉****,0916*****,否,,,,,,,
377,梁梅瑛,111年屏東縣議員選舉,首次申報,1111106,集會支出,社皮鐵架布帆,09083467,0.00,3500.00,,,,租用設備費用,金錢,屏東縣萬丹鄉****,,否,,,,,,,
378,梁梅瑛,111年屏東縣議員選舉,首次申報,1111107,雜支支出,泉源企業,18155949,0.00,1500.00,,,,餐飲費用,金錢,屏東縣九如鄉****,0800*****,否,,,,,,,
379,梁梅瑛,111年屏東縣議員選舉,首次申報,1111107,租用宣傳車輛支出,高都汽車股份有限公司屏東分公司,23472071,0.00,31000.00,,,,維修宣傳車輛費用,金錢,屏東縣屏東市****,,否,,,,,,,
380,梁梅瑛,111年屏東縣議員選舉,首次申報,1111107,雜支支出,屏舜生活館有限公司,42784763,0.00,70.00,,,,餐飲費用,金錢,屏東縣屏東市****,,否,,,,,,,
381,梁梅瑛,111年屏東縣議員選舉,首次申報,1111107,雜支支出,屏舜生活館有限公司,42784763,0.00,60.00,,,,餐飲費用,金錢,屏東縣屏東市****,,否,,,,,,,
382,梁梅瑛,111年屏東縣議員選舉,首次申報,1111108,宣傳支出,中華郵政股份有限公司,03741302,0.00,16.00,,,,郵寄競選物品或宣傳廣告費用,金錢,屏東縣屏東市****,08-7*****,否,,,,,,,
383,梁梅瑛,111年屏東縣議員選舉,首次申報,1111108,租用宣傳車輛支出,祥成汽車保養廠,08002240,0.00,21850.00,,,,維修宣傳車輛費用,金錢,屏東縣屏東市****,08-7*****,否,,,,,,,
384,梁梅瑛,111年屏東縣議員選舉,首次申報,1111108,雜支支出,金吉利五金百貨行,36702194,0.00,93.00,,,,文具用品費用,金錢,屏東縣屏東市****,08-7*****,否,,,,,,,
385,梁梅瑛,111年屏東縣議員選舉,首次申報,1111108,宣傳支出,日鴻企業社,87666474,0.00,4200.00,,,,製作競選物品或宣傳廣告費用（物品名稱-文宣）,金錢,屏東縣屏東市****,0872*****,否,,,,,,,
386,梁梅瑛,111年屏東縣議員選舉,首次申報,1111108,雜支支出,旺成商號,90739015,0.00,150.00,,,,餐飲費用,金錢,屏東縣屏東市****,,否,,,,,,,
387,梁梅瑛,111年屏東縣議員選舉,首次申報,1111108,租用宣傳車輛支出,台灣中油股份有限公司(屏東忠孝路加油站,90974849,0.00,130.00,,,,宣傳車輛燃料費用,金錢,屏東縣屏東市****,08-7*****,否,,,,,,,
388,梁梅瑛,111年屏東縣議員選舉,首次申報,1111109,雜支支出,屏瀚生活館有限公司,42594617,0.00,70.00,,,,文具用品費用,金錢,屏東縣屏東市****,0888*****,否,,,,,,,
389,梁梅瑛,111年屏東縣議員選舉,首次申報,1111110,宣傳支出,玖冠事業有限公司,53336095,0.00,58800.00,,,,製作競選物品或宣傳廣告費用（物品名稱-布旗）,金錢,臺南市新營區****,0663*****,否,,,,,,,
390,梁梅瑛,111年屏東縣議員選舉,首次申報,1111110,宣傳支出,人友印刷社,67827141,0.00,150.00,,,,製作競選物品或宣傳廣告費用（物品名稱-文宣影印）,金錢,屏東縣屏東市****,0872*****,否,,,,,,,
391,梁梅瑛,111年屏東縣議員選舉,首次申報,1111110,雜支支出,明鋒泉水行,83833839,0.00,400.00,,,,餐飲費用,金錢,屏東縣長治鄉****,0933*****,否,,,,,,,
392,梁梅瑛,111年屏東縣議員選舉,首次申報,1111110,人事費用支出,王佑鑫,E12*******,0.00,20000.00,,,,工資或薪津,金錢,高雄市鼓山區****,,否,,,,,,,
393,梁梅瑛,111年屏東縣議員選舉,首次申報,1111110,人事費用支出,宋炘明,E12*******,0.00,20000.00,,,,工資或薪津,金錢,高雄市三民區****,,否,,,,,,,
394,梁梅瑛,111年屏東縣議員選舉,首次申報,1111110,人事費用支出,劉美華,O20*******,0.00,30000.00,,,,工資或薪津(月份),金錢,新竹市光復路****,,否,,,,,,,
395,梁梅瑛,111年屏東縣議員選舉,首次申報,1111110,人事費用支出,詹郁姍,Q22*******,0.00,35000.00,,,,工資或薪津,金錢,屏東縣屏東市****,0915*****,否,,,,,,,
396,梁梅瑛,111年屏東縣議員選舉,首次申報,1111110,人事費用支出,陳子潔,S22*******,0.00,20000.00,,,,工資或薪津,金錢,屏東縣屏東市****,,否,,,,,,,
397,梁梅瑛,111年屏東縣議員選舉,首次申報,1111110,人事費用支出,盧啟村,T10*******,0.00,30000.00,,,,工資或薪津,金錢,屏東縣霧臺鄉****,,否,,,,,,,
398,梁梅瑛,111年屏東縣議員選舉,首次申報,1111110,人事費用支出,邱祖念,T12*******,0.00,30000.00,,,,工資或薪津,金錢,屏東縣屏東市****,,否,,,,,,,
399,梁梅瑛,111年屏東縣議員選舉,首次申報,1111110,人事費用支出,鍾宜昌,T12*******,0.00,30000.00,,,,工資或薪津,金錢,屏東縣九如鄉****,,否,,,,,,,
400,梁梅瑛,111年屏東縣議員選舉,首次申報,1111110,人事費用支出,黃方畇,T22*******,0.00,30000.00,,,,工資或薪津(月份),金錢,屏東縣屏東市****,,否,,,,,,,
401,梁梅瑛,111年屏東縣議員選舉,首次申報,1111110,人事費用支出,羅卉姍,T22*******,0.00,30000.00,,,,工資或薪津,金錢,屏東縣屏東市****,,否,,,,,,,
402,梁梅瑛,111年屏東縣議員選舉,首次申報,1111110,人事費用支出,吳琳媮,T22*******,0.00,26000.00,,,,工資或薪津,金錢,屏東縣屏東市****,,否,,,,,,,
403,梁梅瑛,111年屏東縣議員選舉,首次申報,1111110,人事費用支出,羅雪芬,T22*******,0.00,30000.00,,,,工資或薪津,金錢,屏東縣屏東市****,,否,,,,,,,
404,梁梅瑛,111年屏東縣議員選舉,首次申報,1111111,雜支支出,上饕美食部,21951737,0.00,490.00,,,,餐飲費用,金錢,屏東縣屏東市****,,否,,,,,,,
405,梁梅瑛,111年屏東縣議員選舉,首次申報,1111111,雜支支出,金吉利五金百貨行,36702194,0.00,129.00,,,,餐飲費用,金錢,屏東縣屏東市****,08-7*****,否,,,,,,,
406,梁梅瑛,111年屏東縣議員選舉,首次申報,1111111,雜支支出,金吉利五金百貨行,36702194,0.00,281.00,,,,餐飲費用,金錢,屏東縣屏東市****,08-7*****,否,,,,,,,
407,梁梅瑛,111年屏東縣議員選舉,首次申報,1111111,集會支出,屏東市南清宮管理委員會,78608072,0.00,2000.00,,,,租用場地費用,金錢,屏東縣屏東市****,08-7*****,否,,,,,,,
408,梁梅瑛,111年屏東縣議員選舉,首次申報,1111111,宣傳支出,日鴻企業社,87666474,0.00,70.00,,,,製作競選物品或宣傳廣告費用（物品名稱-文宣）,金錢,屏東縣屏東市****,0872*****,否,,,,,,,
409,梁梅瑛,111年屏東縣議員選舉,首次申報,1111111,宣傳支出,台大打字行,90742497,0.00,40.00,,,,製作競選物品或宣傳廣告費用（物品名稱-文宣影印）,金錢,屏東縣屏東市****,0873*****,否,,,,,,,
410,梁梅瑛,111年屏東縣議員選舉,首次申報,1111112,公共關係費用支出,屏東縣第一計程車運輸合作社,13602785,0.00,250.00,,,,為民服務費用,金錢,屏東縣屏東市****,08-7*****,否,,,,,,,
411,梁梅瑛,111年屏東縣議員選舉,首次申報,1111112,雜支支出,旺來昌實業股份有限公司內埔店,47756718,0.00,1200.00,,,,餐飲費用,金錢,屏東縣內埔鄉****,,否,,,,,,,
412,梁梅瑛,111年屏東縣議員選舉,首次申報,1111112,雜支支出,台大打字行,90742497,0.00,20.00,,,,文具用品費用,金錢,屏東縣屏東市****,08-7*****,否,,,,,,,
413,梁梅瑛,111年屏東縣議員選舉,首次申報,1111114,宣傳支出,中華郵政股份有限公司,03741302,0.00,48.00,,,,郵寄競選物品或宣傳廣告費用,金錢,屏東縣屏東市****,08-7*****,否,,,,,,,
414,梁梅瑛,111年屏東縣議員選舉,首次申報,1111114,雜支支出,金吉利五金百貨行,36702194,0.00,467.00,,,,雜項購置或修繕費用,金錢,屏東縣屏東市****,08-7*****,否,,,,,,,
415,梁梅瑛,111年屏東縣議員選舉,首次申報,1111114,交通旅運支出,台灣中油股份有限公司,90974849,0.00,3000.00,,,,油資,金錢,屏東縣屏東市****,08-7*****,否,,,,,,,
416,梁梅瑛,111年屏東縣議員選舉,首次申報,1111114,雜支支出,朱排骨大王,95981860,0.00,960.00,,,,餐飲費用,金錢,屏東縣屏東市****,0875*****,否,,,,,,,
417,梁梅瑛,111年屏東縣議員選舉,首次申報,1111114,雜支支出,艾琪爾烘培坊,99555142,0.00,420.00,,,,餐飲費用,金錢,屏東縣屏東市****,0873*****,否,,,,,,,
418,梁梅瑛,111年屏東縣議員選舉,首次申報,1111115,雜支支出,來億行,06707051,0.00,120.00,,,,餐飲費用,金錢,高雄市小港區****,,否,,,,,,,
419,梁梅瑛,111年屏東縣議員選舉,首次申報,1111115,雜支支出,金吉利五金百貨行,36702194,0.00,30.00,,,,餐飲費用,金錢,屏東縣屏東市****,08-7*****,否,,,,,,,
420,梁梅瑛,111年屏東縣議員選舉,首次申報,1111115,雜支支出,旭昌海洋企業股份有限公司,84087819,0.00,1300.00,,,,餐飲費用,金錢,高雄市前鎮區****,,否,,,,,,,
421,梁梅瑛,111年屏東縣議員選舉,首次申報,1111116,雜支支出,紅葉糧行,47909545,0.00,2720.00,,,,餐飲費用,金錢,屏東縣屏東市****,,否,,,,,,,
422,梁梅瑛,111年屏東縣議員選舉,首次申報,1111116,宣傳支出,台大打字行,90742497,0.00,200.00,,,,製作競選物品或宣傳廣告費用（物品名稱-文宣）,金錢,屏東縣屏東市****,0873*****,否,,,,,,,
423,梁梅瑛,111年屏東縣議員選舉,首次申報,1111116,交通旅運支出,台灣中油股份有限公司,90974849,0.00,3000.00,,,,油資,金錢,屏東縣屏東市****,08-7*****,否,,,,,,,
424,梁梅瑛,111年屏東縣議員選舉,首次申報,1111117,雜支支出,東泰煤氣行,19975184,0.00,250.00,,,,餐飲費用,金錢,屏東縣屏東市****,08-7*****,否,,,,,,,
425,梁梅瑛,111年屏東縣議員選舉,首次申報,1111117,宣傳支出,南山企業社,25948657,0.00,66000.00,,,,製作競選物品或宣傳廣告費用（物品名稱-口罩）,金錢,高雄市楠梓區****,0952*****,否,,,,,,,
426,梁梅瑛,111年屏東縣議員選舉,首次申報,1111117,宣傳支出,南泰企業社,25948657,0.00,30600.00,,,,郵寄競選物品或宣傳廣告費用,金錢,高雄市楠梓區****,,否,,,,,,,
427,梁梅瑛,111年屏東縣議員選舉,首次申報,1111117,雜支支出,寶雅-屏東自由二店,27919778,0.00,3496.00,,,,雜項購置或修繕費用,金錢,屏東縣屏東市****,,否,,,,,,,
428,梁梅瑛,111年屏東縣議員選舉,首次申報,1111117,雜支支出,金吉利五金百貨行,36702194,0.00,129.00,,,,雜項購置或修繕費用,金錢,屏東縣屏東市****,08-7*****,否,,,,,,,
429,梁梅瑛,111年屏東縣議員選舉,首次申報,1111117,雜支支出,允泰企業社,76771935,0.00,204.00,,,,餐飲費用,金錢,屏東縣屏東市****,,否,,,,,,,
430,梁梅瑛,111年屏東縣議員選舉,首次申報,1111117,公共關係費用支出,大成禮品店,90012908,0.00,400.00,,,,聯誼交際費用,金錢,屏東縣屏東市****,,否,,,,,,,
431,梁梅瑛,111年屏東縣議員選舉,首次申報,1111117,宣傳支出,香遠出版社北區店,99539381,0.00,319.00,,,,製作競選物品或宣傳廣告費用（物品名稱-文宣印製）,金錢,屏東縣屏東市****,08-7*****,否,,,,,,,
432,梁梅瑛,111年屏東縣議員選舉,首次申報,1111118,宣傳支出,南山企業社,25948657,0.00,4000.00,,,,製作競選物品或宣傳廣告費用（物品名稱-口罩）,金錢,高雄市楠梓區****,0952*****,否,,,,,,,
433,梁梅瑛,111年屏東縣議員選舉,首次申報,1111119,雜支支出,龍田食品有限公司屏東營業所,10119626,0.00,385.00,,,,餐飲費用,金錢,屏東縣屏東市****,,否,,,,,,,
434,梁梅瑛,111年屏東縣議員選舉,首次申報,1111119,雜支支出,茂盛馬達電機維修,26483804,0.00,7500.00,,,,雜項購置或修繕費用(馬達修理),金錢,高雄市大寮區****,,否,,,,,,,
435,梁梅瑛,111年屏東縣議員選舉,首次申報,1111119,雜支支出,金軒餅店,87659706,0.00,3300.00,,,,餐飲費用,金錢,屏東縣屏東市****,08-7*****,否,,,,,,,
436,梁梅瑛,111年屏東縣議員選舉,首次申報,1111119,雜支支出,台灣中油股份有限公司(屏東忠孝路加油站,90974849,0.00,106.00,,,,汽機車燃料費用,金錢,屏東縣屏東市****,08-7*****,否,,,,,,,
437,梁梅瑛,111年屏東縣議員選舉,首次申報,1111120,雜支支出,金吉利五金百貨行,36702194,0.00,169.00,,,,雜項購置或修繕費用,金錢,屏東縣屏東市****,08-7*****,否,,,,,,,
438,梁梅瑛,111年屏東縣議員選舉,首次申報,1111122,返還捐贈支出,擎天資本有限公司,42798675,0.00,500000.00,,,,返還,金錢,高雄市左營區****,,否,,,,,,,
439,梁梅瑛,111年屏東縣議員選舉,首次申報,1111122,人事費用支出,鍾淑媚,T22*******,0.00,680.00,,,,工資或薪津,金錢,屏東縣高樹鄉****,0916*****,否,,,,,,,
440,梁梅瑛,111年屏東縣議員選舉,首次申報,1111123,雜支支出,金吉利五金百貨行,36702194,0.00,238.00,,,,餐飲費用,金錢,屏東縣屏東市****,08-7*****,否,,,,,,,
441,梁梅瑛,111年屏東縣議員選舉,首次申報,1111123,租用宣傳車輛支出,台灣中油股份有限公司(屏東忠孝路加油站,90974849,0.00,600.00,,,,宣傳車輛燃料費用,金錢,屏東縣屏東市****,08-7*****,否,,,,,,,
442,梁梅瑛,111年屏東縣議員選舉,首次申報,1111123,交通旅運支出,台灣中油股份有限公司,90974849,0.00,3000.00,,,,油資,金錢,屏東縣屏東市****,08-7*****,否,,,,,,,
443,梁梅瑛,111年屏東縣議員選舉,首次申報,1111123,雜支支出,志誠商號,95970596,0.00,300.00,,,,餐飲費用,金錢,屏東縣屏東市****,,否,,,,,,,
444,梁梅瑛,111年屏東縣議員選舉,首次申報,1111124,雜支支出,金吉利五金百貨行,36702194,0.00,229.00,,,,餐飲費用,金錢,屏東縣屏東市****,08-7*****,否,,,,,,,
445,梁梅瑛,111年屏東縣議員選舉,首次申報,1111124,雜支支出,金吉利五金百貨行,36702194,0.00,200.00,,,,餐飲費用,金錢,屏東縣屏東市****,08-7*****,否,,,,,,,
446,梁梅瑛,111年屏東縣議員選舉,首次申報,1111124,雜支支出,金佳野五金百貨行,81355207,0.00,600.00,,,,雜項購置或修繕費用,金錢,屏東縣屏東市****,,否,,,,,,,
447,梁梅瑛,111年屏東縣議員選舉,首次申報,1111125,雜支支出,大吉液化煤氣行,81355918,0.00,650.00,,,,餐飲費用,金錢,屏東縣屏東市****,,否,,,,,,,
448,梁梅瑛,111年屏東縣議員選舉,首次申報,1111125,租用宣傳車輛支出,台灣中油股份有限公司,90974849,0.00,80.00,,,,宣傳車輛燃料費用,金錢,屏東縣屏東市****,08-7*****,否,,,,,,,
449,梁梅瑛,111年屏東縣議員選舉,首次申報,1111125,雜支支出,志誠商號,95970596,0.00,300.00,,,,餐飲費用,金錢,屏東縣屏東市****,,否,,,,,,,
450,梁梅瑛,111年屏東縣議員選舉,首次申報,1111126,雜支支出,龍田食品有限公司屏東營業所,10119626,0.00,215.00,,,,餐飲費用,金錢,屏東縣屏東市****,,否,,,,,,,
451,梁梅瑛,111年屏東縣議員選舉,首次申報,1111126,雜支支出,金吉利五金百貨行,36702194,0.00,69.00,,,,其他支出,金錢,屏東縣屏東市****,08-7*****,否,,,,,,,
452,梁梅瑛,111年屏東縣議員選舉,首次申報,1111127,雜支支出,泉湧企業,18155949,0.00,1560.00,,,,餐飲費用,金錢,屏東縣九如鄉****,,否,,,,,,,
453,梁梅瑛,111年屏東縣議員選舉,首次申報,1111129,租用競選辦事處支出,歐麗卿,,0.00,16000.00,,,,租用競選辦事處費用,金錢,屏東縣屏東市****,,否,,,,,,,
454,梁梅瑛,111年屏東縣議員選舉,首次申報,1111130,租用競選辦事處支出,歐麗卿,,0.00,16000.00,,,,租用競選辦事處費用,金錢,屏東縣屏東市****,,否,,,,,,,
455,梁梅瑛,111年屏東縣議員選舉,首次申報,1111130,雜支支出,聯合報屏東分社,03799802,0.00,600.00,,,,書報雜誌費用,金錢,屏東縣屏東市****,0875*****,否,,,,,,,
456,梁梅瑛,111年屏東縣議員選舉,首次申報,1111210,租用競選辦事處支出,歐麗卿,,0.00,16000.00,,,,租用競選辦事處費用,金錢,屏東縣屏東市****,,否,,,,,,,
457,梁梅瑛,111年屏東縣議員選舉,首次申報,1111210,人事費用支出,王佑鑫,E12*******,0.00,20000.00,,,,工資或薪津,金錢,高雄市鼓山區****,,否,,,,,,,
458,梁梅瑛,111年屏東縣議員選舉,首次申報,1111210,人事費用支出,宋炘明,E12*******,0.00,20000.00,,,,工資或薪津,金錢,高雄市三民區****,,否,,,,,,,
459,梁梅瑛,111年屏東縣議員選舉,首次申報,1111210,人事費用支出,劉美華,O20*******,0.00,30000.00,,,,工資或薪津,金錢,新竹市光復路****,,否,,,,,,,
460,梁梅瑛,111年屏東縣議員選舉,首次申報,1111210,人事費用支出,詹郁姍,Q22*******,0.00,35000.00,,,,工資或薪津,金錢,屏東縣屏東市****,0915*****,否,,,,,,,
461,梁梅瑛,111年屏東縣議員選舉,首次申報,1111210,人事費用支出,陳子潔,S22*******,0.00,20000.00,,,,工資或薪津,金錢,屏東縣屏東市****,,否,,,,,,,
462,梁梅瑛,111年屏東縣議員選舉,首次申報,1111210,人事費用支出,盧啟村,T10*******,0.00,30000.00,,,,工資或薪津,金錢,屏東縣霧臺鄉****,,否,,,,,,,
463,梁梅瑛,111年屏東縣議員選舉,首次申報,1111210,人事費用支出,邱祖念,T12*******,0.00,30000.00,,,,工資或薪津,金錢,屏東縣屏東市****,,否,,,,,,,
464,梁梅瑛,111年屏東縣議員選舉,首次申報,1111210,人事費用支出,鍾宜昌,T12*******,0.00,30000.00,,,,工資或薪津,金錢,屏東縣九如鄉****,,否,,,,,,,
465,梁梅瑛,111年屏東縣議員選舉,首次申報,1111210,人事費用支出,黃方畇,T22*******,0.00,30000.00,,,,工資或薪津,金錢,屏東縣屏東市****,,否,,,,,,,
466,梁梅瑛,111年屏東縣議員選舉,首次申報,1111210,人事費用支出,羅卉姍,T22*******,0.00,30000.00,,,,工資或薪津,金錢,屏東縣屏東市****,,否,,,,,,,
467,梁梅瑛,111年屏東縣議員選舉,首次申報,1111210,人事費用支出,吳琳媮,T22*******,0.00,26000.00,,,,工資或薪津,金錢,屏東縣屏東市****,,否,,,,,,,
468,梁梅瑛,111年屏東縣議員選舉,首次申報,1111210,人事費用支出,羅雪芬,T22*******,0.00,30000.00,,,,工資或薪津,金錢,屏東縣屏東市****,,否,,,,,,,
469,梁梅瑛,111年屏東縣議員選舉,首次申報,1111215,租用競選辦事處支出,歐麗卿,,0.00,16000.00,,,,租用競選辦事處費用,金錢,屏東縣屏東市****,,否,,,,,,,
470,梁梅瑛,111年屏東縣議員選舉,首次申報,1111220,租用競選辦事處支出,歐麗卿,,0.00,16000.00,,,,租用競選辦事處費用,金錢,屏東縣屏東市****,,否,,,,,,,
471,梁梅瑛,111年屏東縣議員選舉,首次申報,1111225,租用競選辦事處支出,歐麗卿,,0.00,24000.00,,,,其他與租用競選辦事處有關之費用,金錢,屏東縣屏東市****,,否,,,,,,,
472,梁梅瑛,111年屏東縣議員選舉,首次申報,1111226,租用競選辦事處支出,歐麗卿,,0.00,24000.00,,,,其他與租用競選辦事處有關之費用,金錢,屏東縣屏東市****,,否,,,,,,,
473,梁梅瑛,111年屏東縣議員選舉,首次申報,1111226,雜支支出,創達科技有限公司,83697460,0.00,56500.00,,,,雜項購置或修繕費用電視購置)),金錢,楠梓區和光街****,,否,,,,,,,
