﻿序號,擬參選人／政黨,選舉名稱,申報序號／年度,交易日期,收支科目,捐贈者／支出對象,身分證／統一編號,收入金額,支出金額,捐贈方式,存入專戶日期,返還/繳庫,支出用途,金錢類,地址,聯絡電話,應揭露之支出對象,支出對象之內部人員姓名,支出對象之內部人員職稱,政黨之內部人員姓名,政黨之內部人員職稱,關係,更正註記,資料更正日期
1,邱炬峰,第19屆屏東縣長治鄉鄉長補選,首次申報,1130717,個人捐贈收入,陳信利,F10*******,100000.00,0.00,匯款,1130717,,,金錢,新北市三重區****,,,,,,,,,
2,邱炬峰,第19屆屏東縣長治鄉鄉長補選,首次申報,1130717,個人捐贈收入,盧明軒,L12*******,100000.00,0.00,匯款,1130717,,,金錢,臺北市大同區****,,,,,,,,,
3,邱炬峰,第19屆屏東縣長治鄉鄉長補選,首次申報,1130718,個人捐贈收入,楊榮宗,D12*******,100000.00,0.00,現金,1130718,,,金錢,臺北市中山區****,,,,,,,,,
4,邱炬峰,第19屆屏東縣長治鄉鄉長補選,首次申報,1130718,個人捐贈收入,林玲玉,Q22*******,100000.00,0.00,現金,1130718,,,金錢,臺北市中山區****,,,,,,,,,
5,邱炬峰,第19屆屏東縣長治鄉鄉長補選,首次申報,1130722,個人捐贈收入,簡太郎,T10*******,50000.00,0.00,票據,1130722,,,金錢,新北市新莊區****,,,,,,,,,
