﻿序號,擬參選人／政黨,選舉名稱,申報序號／年度,交易日期,收支科目,捐贈者／支出對象,身分證／統一編號,收入金額,支出金額,捐贈方式,存入專戶日期,返還/繳庫,支出用途,金錢類,地址,聯絡電話,應揭露之支出對象,支出對象之內部人員姓名,支出對象之內部人員職稱,政黨之內部人員姓名,政黨之內部人員職稱,關係,更正註記,資料更正日期
1,王醒之,113年立法委員選舉,首次申報,1120724,租用競選辦事處支出,城市搬家貨運有限公司,55913542,0.00,8000.00,,,,運費,金錢,,,否,,,,,,,
2,王醒之,113年立法委員選舉,首次申報,1120725,宣傳支出,藍格印刷,22076600,0.00,44625.00,,,,日本扇,金錢,臺北市內湖區****,2970*****,否,,,,,,,
3,王醒之,113年立法委員選舉,首次申報,1120725,宣傳支出,藍格印刷,22076600,0.00,84000.00,,,,日本扇,金錢,臺北市內湖區****,2970*****,否,,,,,,,
4,王醒之,113年立法委員選舉,首次申報,1120725,宣傳支出,HOLO+FACE,90555070,0.00,10800.00,,,,形象照,金錢,,,否,,,,,,,
5,王醒之,113年立法委員選舉,首次申報,1120808,租用競選辦事處支出,城市搬家貨運有限公司,55913542,0.00,3000.00,,,,運費,金錢,,,否,,,,,,,
6,王醒之,113年立法委員選舉,首次申報,1120810,宣傳支出,金來洗洗衣店,91315606,0.00,12000.00,,,,電視牆,金錢,,,否,,,,,,,
7,王醒之,113年立法委員選舉,首次申報,1120823,宣傳支出,捷可印,15820097,0.00,71348.00,,,,面紙,金錢,新北市土城區****,02-8*****,否,,,,,,,
8,王醒之,113年立法委員選舉,首次申報,1120831,租用競選辦事處支出,晉源土木包工業,72636190,0.00,17000.00,,,,裝潢競選辦事處費用,金錢,,,否,,,,,,,
9,王醒之,113年立法委員選舉,首次申報,1120901,租用競選辦事處支出,延和建材行,00914624,0.00,4306.00,,,,裝潢競選辦事處費用-油漆,金錢,,,否,,,,,,,
10,王醒之,113年立法委員選舉,首次申報,1120901,租用競選辦事處支出,李少甫,C12*******,0.00,50000.00,,,,租用競選辦事處費用,金錢,基隆市暖暖區****,0930*****,否,,,,,,,
11,王醒之,113年立法委員選舉,首次申報,1120905,宣傳支出,品澄國際有限公司,24410356,0.00,127391.00,,,,廣告租金帆布製作,金錢,基隆市安樂區****,2441*****,否,,,,,,,
12,王醒之,113年立法委員選舉,首次申報,1120905,租用競選辦事處支出,城市搬家貨運有限公司,55913542,0.00,3000.00,,,,運費,金錢,,,否,,,,,,,
13,王醒之,113年立法委員選舉,首次申報,1120911,宣傳支出,藍格印刷,22076600,0.00,1498.00,,,,海報,金錢,臺北市內湖區****,2970*****,否,,,,,,,
14,王醒之,113年立法委員選舉,首次申報,1120919,宣傳支出,藍格印刷,22076600,0.00,11830.00,,,,海報、磁鐵,金錢,臺北市內湖區****,2970*****,否,,,,,,,
15,王醒之,113年立法委員選舉,首次申報,1120922,人事費用支出,溫力穎,O20*******,0.00,50000.00,,,,設計費,金錢,高雄市鼓山區****,0917*****,否,,,,,,,
16,王醒之,113年立法委員選舉,首次申報,1120925,宣傳支出,藍格印刷,22076600,0.00,1733.00,,,,文宣,金錢,臺北市內湖區****,2970*****,否,,,,,,,
17,王醒之,113年立法委員選舉,首次申報,1121001,宣傳支出,人人廣播股份有限公司,84966081,0.00,36000.00,,,,播放廣告費用,金錢,臺北市松山區****,,否,,,,,,,
18,王醒之,113年立法委員選舉,首次申報,1121001,租用競選辦事處支出,李少甫,C12*******,0.00,50000.00,,,,租用競選辦事處費用,金錢,基隆市暖暖區****,0930*****,否,,,,,,,
19,王醒之,113年立法委員選舉,首次申報,1121003,宣傳支出,藍格印刷,22076600,0.00,11550.00,,,,面紙,金錢,臺北市內湖區****,2970*****,否,,,,,,,
20,王醒之,113年立法委員選舉,首次申報,1121005,雜支支出,中華電信股份有限公司,81817257,0.00,4005.00,,,,電信費用,金錢,基隆市安樂區****,,否,,,,,,,
21,王醒之,113年立法委員選舉,首次申報,1121006,宣傳支出,藍格印刷,22076600,0.00,11550.00,,,,面紙,金錢,臺北市內湖區****,2970*****,否,,,,,,,
22,王醒之,113年立法委員選舉,首次申報,1121011,宣傳支出,美蒂亞廣告有限公司,84500916,0.00,162750.00,,,,租用廣告看板或車體廣告費用,金錢,臺北市信義區****,8661*****,否,,,,,,,
23,王醒之,113年立法委員選舉,首次申報,1121016,宣傳支出,藝泰廣告社,41002214,0.00,307944.00,,,,廣告看板,金錢,基隆市安樂區****,2428*****,否,,,,,,,
24,王醒之,113年立法委員選舉,首次申報,1121017,宣傳支出,冠閣有限公司,16428959,0.00,3234.00,,,,瓶水,金錢,,,否,,,,,,,
25,王醒之,113年立法委員選舉,首次申報,1121018,集會支出,社團法人亞洲公共文化協會,31901547,0.00,6500.00,,,,影片公播權,金錢,,2508*****,否,,,,,,,
26,王醒之,113年立法委員選舉,首次申報,1121019,宣傳支出,藍格印刷,22076600,0.00,1985.00,,,,文宣,金錢,臺北市內湖區****,2970*****,否,,,,,,,
27,王醒之,113年立法委員選舉,首次申報,1121019,宣傳支出,藍格印刷,22076600,0.00,11550.00,,,,面紙,金錢,臺北市內湖區****,2970*****,否,,,,,,,
28,王醒之,113年立法委員選舉,首次申報,1121023,宣傳支出,藍格印刷,22076600,0.00,11550.00,,,,面紙,金錢,臺北市內湖區****,2970*****,否,,,,,,,
29,王醒之,113年立法委員選舉,首次申報,1121025,宣傳支出,藍格印刷,22076600,0.00,11550.00,,,,面紙,金錢,臺北市內湖區****,2970*****,否,,,,,,,
30,王醒之,113年立法委員選舉,首次申報,1121031,宣傳支出,藍格印刷,22076600,0.00,15190.00,,,,面紙、文宣,金錢,臺北市內湖區****,2970*****,否,,,,,,,
31,王醒之,113年立法委員選舉,首次申報,1121101,租用競選辦事處支出,李少甫,C12*******,0.00,50000.00,,,,租用競選辦事處費用,金錢,基隆市暖暖區****,0930*****,否,,,,,,,
32,王醒之,113年立法委員選舉,首次申報,1121105,集會支出,王哥企業社,81800397,0.00,41800.00,,,,舞台、帳篷、椅子租用,金錢,基隆市仁愛區****,2426*****,否,,,,,,,
33,王醒之,113年立法委員選舉,首次申報,1121105,集會支出,王哥企業社,81800397,0.00,38700.00,,,,發電機、會議桌、帳篷,金錢,基隆市仁愛區****,2426*****,否,,,,,,,
34,王醒之,113年立法委員選舉,首次申報,1121105,集會支出,王哥企業社,81800397,0.00,24000.00,,,,燈光、音響租用,金錢,基隆市仁愛區****,2426*****,否,,,,,,,
35,王醒之,113年立法委員選舉,首次申報,1121105,人事費用支出,李思熠,C12*******,0.00,29572.00,,,,水電施作,金錢,基隆市暖暖區****,0982*****,否,,,,,,,
36,王醒之,113年立法委員選舉,首次申報,1121106,雜支支出,中華電信股份有限公司,81817257,0.00,2218.00,,,,電信費用,金錢,基隆市安樂區****,,否,,,,,,,
37,王醒之,113年立法委員選舉,首次申報,1121108,雜支支出,詣元企業有限公司,28319652,0.00,11350.00,,,,影印機租費,金錢,,,否,,,,,,,
38,王醒之,113年立法委員選舉,首次申報,1121109,集會支出,基隆市環境保護局,,0.00,1600.00,,,,租用設備費用-流廁,金錢,基隆市信義區****,,否,,,,,,,
39,王醒之,113年立法委員選舉,首次申報,1121115,宣傳支出,藍格印刷,22076600,0.00,8459.00,,,,文宣,金錢,臺北市內湖區****,2970*****,否,,,,,,,
40,王醒之,113年立法委員選舉,首次申報,1121120,宣傳支出,藍格印刷,22076600,0.00,23174.00,,,,面紙,金錢,臺北市內湖區****,2970*****,否,,,,,,,
41,王醒之,113年立法委員選舉,首次申報,1121123,宣傳支出,藍格印刷,22076600,0.00,11550.00,,,,面紙,金錢,臺北市內湖區****,2970*****,否,,,,,,,
42,王醒之,113年立法委員選舉,首次申報,1121130,雜支支出,衛生福利部中央健康保險署,,0.00,27648.00,,,,健保費,金錢,,2191*****,否,,,,,,,
43,王醒之,113年立法委員選舉,首次申報,1121130,雜支支出,勞動部勞工保險局,,0.00,16560.00,,,,勞保費,金錢,,2396*****,否,,,,,,,
44,王醒之,113年立法委員選舉,首次申報,1121130,雜支支出,中華電信股份有限公司,81817257,0.00,2039.00,,,,電信費用,金錢,基隆市安樂區****,,否,,,,,,,
45,王醒之,113年立法委員選舉,首次申報,1121201,租用競選辦事處支出,李少甫,C12*******,0.00,50000.00,,,,租用競選辦事處費用,金錢,基隆市暖暖區****,0930*****,否,,,,,,,
46,王醒之,113年立法委員選舉,首次申報,1121205,宣傳支出,藍格印刷,22076600,0.00,3010.00,,,,文宣,金錢,臺北市內湖區****,2970*****,否,,,,,,,
47,王醒之,113年立法委員選舉,首次申報,1121206,宣傳支出,藍格印刷,22076600,0.00,23100.00,,,,面紙,金錢,臺北市內湖區****,2970*****,否,,,,,,,
48,王醒之,113年立法委員選舉,首次申報,1121206,宣傳支出,藍格印刷,22076600,0.00,10876.00,,,,文宣,金錢,臺北市內湖區****,2970*****,否,,,,,,,
49,王醒之,113年立法委員選舉,首次申報,1121212,宣傳支出,關鍵調查有限公司,90607366,0.00,150000.00,,,,委託辦理研究、評估、調查、設計或規劃費用,金錢,臺北市松山區****,2771*****,否,,,,,,,
50,王醒之,113年立法委員選舉,首次申報,1121215,宣傳支出,捷可印,15820097,0.00,18664.00,,,,面紙,金錢,新北市土城區****,02-8*****,否,,,,,,,
51,王醒之,113年立法委員選舉,首次申報,1121225,宣傳支出,關鍵調查有限公司,90348684,0.00,170000.00,,,,委託辦理研究、評估、調查、設計或規劃費用,金錢,臺中市北區中****,0422*****,否,,,,,,,
52,王醒之,113年立法委員選舉,首次申報,1121226,宣傳支出,捷可印,15820097,0.00,35910.00,,,,面紙,金錢,新北市土城區****,02-8*****,否,,,,,,,
53,王醒之,113年立法委員選舉,首次申報,1121227,雜支支出,勞動部勞工保險局,,0.00,16560.00,,,,勞保費,金錢,,2396*****,否,,,,,,,
54,王醒之,113年立法委員選舉,首次申報,1121231,租用宣傳車輛支出,李金銅,C12*******,0.00,300000.00,,,,雇用宣傳車輛駕駛費用,金錢,基隆市安樂區****,0910*****,否,,,,,,,
55,王醒之,113年立法委員選舉,首次申報,1121231,人事費用支出,曾榮輝,C12*******,0.00,173000.00,,,,工資或薪津,金錢,基隆市安樂區****,0910*****,否,,,,,,,
56,王醒之,113年立法委員選舉,首次申報,1121231,人事費用支出,吳健毅,C12*******,0.00,240000.00,,,,工資或薪津,金錢,基隆市暖暖區****,0908*****,否,,,,,,,
57,王醒之,113年立法委員選舉,首次申報,1121231,人事費用支出,柯景瀚,C12*******,0.00,240000.00,,,,工資或薪津,金錢,基隆市暖暖區****,0975*****,否,,,,,,,
58,王醒之,113年立法委員選舉,首次申報,1121231,人事費用支出,王奕蘋,C22*******,0.00,230000.00,,,,工資或薪津,金錢,基隆市暖暖區****,0919*****,否,,,,,,,
59,王醒之,113年立法委員選舉,首次申報,1121231,人事費用支出,陳薇仲,C22*******,0.00,240000.00,,,,工資或薪津,金錢,基隆市安樂區****,0900*****,否,,,,,,,
60,王醒之,113年立法委員選舉,首次申報,1121231,人事費用支出,高鈺淳,C22*******,0.00,125000.00,,,,工資或薪津,金錢,基隆市暖暖區****,,否,,,,,,,
61,王醒之,113年立法委員選舉,首次申報,1121231,人事費用支出,陳怡彣,C22*******,0.00,54000.00,,,,工資或薪津,金錢,基隆市中正區****,0972*****,否,,,,,,,
62,王醒之,113年立法委員選舉,首次申報,1130101,租用競選辦事處支出,李少甫,C12*******,0.00,50000.00,,,,租用競選辦事處費用,金錢,基隆市暖暖區****,0930*****,否,,,,,,,
63,王醒之,113年立法委員選舉,首次申報,1130102,宣傳支出,捷可印,15820097,0.00,35013.00,,,,面紙,金錢,新北市土城區****,02-8*****,否,,,,,,,
64,王醒之,113年立法委員選舉,首次申報,1130102,雜支支出,中華電信股份有限公司,81817257,0.00,2102.00,,,,電信費用,金錢,基隆市安樂區****,,否,,,,,,,
65,王醒之,113年立法委員選舉,首次申報,1130112,宣傳支出,藝泰廣告社,41002214,0.00,240308.00,,,,廣告看板,金錢,基隆市安樂區****,2428*****,否,,,,,,,
66,王醒之,113年立法委員選舉,首次申報,1130121,人事費用支出,簡義雄,C12*******,0.00,25000.00,,,,冷氣安裝工資,金錢,基隆市安樂區****,,否,,,,,,,
67,王醒之,113年立法委員選舉,首次申報,1130123,雜支支出,衛生福利部中央健康保險署,,0.00,19460.00,,,,健保費,金錢,,2191*****,否,,,,,,,
68,王醒之,113年立法委員選舉,首次申報,1130124,雜支支出,勞動部勞工保險局,,0.00,16560.00,,,,勞保費,金錢,,2396*****,否,,,,,,,
69,王醒之,113年立法委員選舉,首次申報,1130124,宣傳支出,美蒂亞廣告有限公司,84500916,0.00,112850.00,,,,車體廣告費用,金錢,臺北市信義區****,8661*****,否,,,,,,,
70,王醒之,113年立法委員選舉,首次申報,1130125,宣傳支出,品澄國際有限公司,24410356,0.00,100301.00,,,,租用廣告看板,金錢,基隆市安樂區****,2430*****,否,,,,,,,
71,王醒之,113年立法委員選舉,首次申報,1130220,返還捐贈支出,奇潔實業有限公司,70719862,0.00,20000.00,,,,返還,金錢,基隆市暖暖區****,,否,,,,,,,
72,王醒之,113年立法委員選舉,首次申報,1130222,返還捐贈支出,中華電信工會北區分公司分會,,0.00,10000.00,,,,返還,金錢,臺北市中正區****,,否,,,,,,,
