﻿序號,擬參選人／政黨,選舉名稱,申報序號／年度,交易日期,收支科目,捐贈者／支出對象,身分證／統一編號,收入金額,支出金額,捐贈方式,存入專戶日期,返還/繳庫,支出用途,金錢類,地址,聯絡電話,應揭露之支出對象,支出對象之內部人員姓名,支出對象之內部人員職稱,政黨之內部人員姓名,政黨之內部人員職稱,關係,更正註記,資料更正日期
1,陳秀玲,111年彰化縣福興鄉鄉民代表選舉,首次申報,1111117,營利事業捐贈收入,裕佑興鐵工業有限公司,16404627,30000.00,0.00,,,,,非金錢,彰化縣福興鄉****,0932*****,,,,,,,,
2,陳秀玲,111年彰化縣福興鄉鄉民代表選舉,首次申報,1111117,營利事業捐贈收入,冠欣五金企業有限公司,28496684,28800.00,0.00,,,,,非金錢,彰化縣秀水鄉****,04-7*****,,,,,,,,
3,陳秀玲,111年彰化縣福興鄉鄉民代表選舉,首次申報,1111117,營利事業捐贈收入,益生液化石油氣分裝場,59055640,60000.00,0.00,,,,,非金錢,彰化縣溪湖鎮****,04-8*****,,,,,,,,
4,陳秀玲,111年彰化縣福興鄉鄉民代表選舉,首次申報,1111118,個人捐贈收入,梁忠仁,N10*******,30000.00,0.00,現金,1111125,,,金錢,彰化縣福興鄉****,0929*****,,,,,,,,
5,陳秀玲,111年彰化縣福興鄉鄉民代表選舉,首次申報,1111118,個人捐贈收入,郭坤發,N12*******,30000.00,0.00,現金,1111125,,,金錢,彰化縣福興鄉****,0939*****,,,,,,,,
6,陳秀玲,111年彰化縣福興鄉鄉民代表選舉,首次申報,1111119,營利事業捐贈收入,裕佑興鐵工業有限公司,16404627,70000.00,0.00,,,,,非金錢,彰化縣福興鄉****,0932*****,,,,,,,,
7,陳秀玲,111年彰化縣福興鄉鄉民代表選舉,首次申報,1111119,營利事業捐贈收入,冠欣五金企業有限公司,28496684,50000.00,0.00,,,,,非金錢,彰化縣秀水鄉****,04-7*****,,,,,,,,
8,陳秀玲,111年彰化縣福興鄉鄉民代表選舉,首次申報,1111119,個人捐贈收入,梁伯宇,N12*******,100000.00,0.00,現金,1111125,,,金錢,臺北市中山區****,0935*****,,,,,,,,
9,陳秀玲,111年彰化縣福興鄉鄉民代表選舉,首次申報,1111120,營利事業捐贈收入,冠欣五金企業有限公司,28496684,30000.00,0.00,,,,,非金錢,彰化縣秀水鄉****,04-7*****,,,,,,,,
10,陳秀玲,111年彰化縣福興鄉鄉民代表選舉,首次申報,1111121,個人捐贈收入,施宜德,,6000.00,0.00,現金,1111130,,,金錢,彰化縣秀水鄉****,0920*****,,,,,,,,
11,陳秀玲,111年彰化縣福興鄉鄉民代表選舉,首次申報,1111121,個人捐贈收入,陳鐵勇,N12*******,20000.00,0.00,現金,1111130,,,金錢,彰化縣秀水鄉****,0910*****,,,,,,,,
12,陳秀玲,111年彰化縣福興鄉鄉民代表選舉,首次申報,1111125,個人捐贈收入,柯秀儀,B22*******,12000.00,0.00,現金,1111208,,,金錢,臺中市南屯區****,0935*****,,,,,,,,
13,陳秀玲,111年彰化縣福興鄉鄉民代表選舉,首次申報,1111221,其他收入,利息收入,,1.00,0.00,匯款,1111221,,,金錢,,,,,,,,,,
