﻿序號,擬參選人／政黨,選舉名稱,申報序號／年度,交易日期,收支科目,捐贈者／支出對象,身分證／統一編號,收入金額,支出金額,支出用途,金錢類,地址,聯絡電話,資料更正日期
1,林士堅,107年縣(市)議員選舉,首次申報,1070817,租用宣傳車輛支出,台灣中油股份有限公司,58016515,0.00,1032.00,宣傳車輛燃料支出,金錢,彰化縣秀水鄉****,,
2,林士堅,107年縣(市)議員選舉,首次申報,1070818,雜支支出,全聯福利中心,80534196,0.00,1070.00,雜項購置或修繕費用,金錢,彰化縣秀水鄉****,,
3,林士堅,107年縣(市)議員選舉,首次申報,1070824,雜支支出,昌勝商行,45790459,0.00,2500.00,雜項購置或修繕費用,金錢,彰化縣彰化市****,,
4,林士堅,107年縣(市)議員選舉,首次申報,1070827,宣傳支出,米祺玩色世界工作坊,10950346,0.00,8000.00,製作宣傳廣告支出,金錢,彰化縣大村鄉****,,
5,林士堅,107年縣(市)議員選舉,首次申報,1070827,雜支支出,國利餐飲店,25358856,0.00,9000.00,餐飲費用,金錢,彰化縣秀水鄉****,,
6,林士堅,107年縣(市)議員選舉,首次申報,1070829,雜支支出,7-11秀工門市,80030651,0.00,500.00,餐飲費用,金錢,彰化縣秀水鄉****,,
7,林士堅,107年縣(市)議員選舉,首次申報,1070830,公共關係費用支出,晉雅堂,05923340,0.00,17500.00,為民服務費用,金錢,彰化縣鹿港鎮****,,
8,林士堅,107年縣(市)議員選舉,首次申報,1070830,公共關係費用支出,水金鮮花花環禮儀社,08344339,0.00,9600.00,為民服務費用,金錢,彰化縣秀水鄉****,,
9,林士堅,107年縣(市)議員選舉,首次申報,1070830,公共關係費用支出,天慈生命禮儀社,45808325,0.00,9000.00,為民服務費用,金錢,彰化縣福興鄉****,,
10,林士堅,107年縣(市)議員選舉,首次申報,1070830,租用宣傳車輛支出,台灣中油秀水站,58016515,0.00,1000.00,宣傳車輛燃料支出,金錢,彰化縣秀水鄉****,,
11,林士堅,107年縣(市)議員選舉,首次申報,1070831,宣傳支出,上虹廣告社,13948648,0.00,35000.00,製作宣傳廣告支出,金錢,彰化縣秀水鄉****,,
12,林士堅,107年縣(市)議員選舉,首次申報,1070831,人事費用支出,廖益廷,L12*******,0.00,10000.00,加班費或值班費,金錢,彰化縣秀水鄉****,,
13,林士堅,107年縣(市)議員選舉,首次申報,1070831,人事費用支出,林星辰,N12*******,0.00,20000.00,工資或薪津,金錢,彰化縣秀水鄉****,,
14,林士堅,107年縣(市)議員選舉,首次申報,1070831,人事費用支出,陳素妃,N22*******,0.00,20000.00,工資或薪津,金錢,彰化縣秀水鄉****,,
15,林士堅,107年縣(市)議員選舉,首次申報,1070831,人事費用支出,謝雅晴,N22*******,0.00,10000.00,加班費或值班費,金錢,彰化縣福興鄉****,,
16,林士堅,107年縣(市)議員選舉,首次申報,1070902,雜支支出,藝林文化圖書城,13733689,0.00,409.00,文具用品費用,金錢,彰化縣秀水鄉****,,
17,林士堅,107年縣(市)議員選舉,首次申報,1070903,雜支支出,7-11秀工門市,27936137,0.00,465.00,餐飲費用,金錢,彰化縣秀水鄉****,,
18,林士堅,107年縣(市)議員選舉,首次申報,1070903,雜支支出,昌盛商行,45790459,0.00,4000.00,餐飲費用,金錢,彰化縣彰化市****,,
19,林士堅,107年縣(市)議員選舉,首次申報,1070904,公共關係費用支出,大宜行,45634373,0.00,320.00,為民服務費用,金錢,彰化縣秀水鄉****,,
20,林士堅,107年縣(市)議員選舉,首次申報,1070905,宣傳支出,米祺玩色世界工作坊,10950346,0.00,7000.00,製作宣傳廣告支出,金錢,彰化縣大村鄉****,,
21,林士堅,107年縣(市)議員選舉,首次申報,1070906,雜支支出,寶雅國際股份有限公司秀水門市,51162702,0.00,1844.00,雜項購置或修繕費用,金錢,彰化縣秀水鄉****,,
22,林士堅,107年縣(市)議員選舉,首次申報,1070908,雜支支出,國利餐飲店,25358856,0.00,6000.00,餐飲費用,金錢,彰化縣秀水鄉****,,
23,林士堅,107年縣(市)議員選舉,首次申報,1070908,雜支支出,國利餐飲店,25358856,0.00,6000.00,餐飲費用,金錢,彰化縣秀水鄉****,,
24,林士堅,107年縣(市)議員選舉,首次申報,1070908,公共關係費用支出,大宜行,45634373,0.00,3500.00,為民服務費用,金錢,彰化縣秀水鄉****,,
25,林士堅,107年縣(市)議員選舉,首次申報,1070908,雜支支出,寶雅國際股份有限公司秀水門市,51162702,0.00,890.00,雜項購置或修繕費用,金錢,彰化縣秀水鄉****,,
26,林士堅,107年縣(市)議員選舉,首次申報,1070910,宣傳支出,米祺玩色世界工作坊,10950346,0.00,10000.00,製作宣傳廣告支出,金錢,彰化縣大村鄉****,,
27,林士堅,107年縣(市)議員選舉,首次申報,1070912,宣傳支出,上虹廣告社,13948648,0.00,27000.00,租用廣告看板或車體廣告支出,金錢,彰化縣秀水鄉****,,
28,林士堅,107年縣(市)議員選舉,首次申報,1070913,宣傳支出,米祺玩色世界工作坊,10950346,0.00,12000.00,製作宣傳廣告支出,金錢,彰化縣大村鄉****,,
29,林士堅,107年縣(市)議員選舉,首次申報,1070914,交通旅運支出,台灣中油,58016515,0.00,1060.00,油資,金錢,,,
30,林士堅,107年縣(市)議員選舉,首次申報,1070915,公共關係費用支出,天慈生命禮儀社,45808325,0.00,8100.00,為民服務費用,金錢,彰化縣福興鄉****,,
31,林士堅,107年縣(市)議員選舉,首次申報,1070916,公共關係費用支出,天慈生命禮儀社,45808325,0.00,9000.00,為民服務費用,金錢,彰化縣福興鄉****,,
32,林士堅,107年縣(市)議員選舉,首次申報,1070918,雜支支出,中華電信股份有限公司,58800108,0.00,86.00,電信費用,金錢,彰化縣彰化市****,,
33,林士堅,107年縣(市)議員選舉,首次申報,1070918,雜支支出,中華電信股份有限公司,58800108,0.00,1300.00,電信費用,金錢,彰化縣彰化市****,,
34,林士堅,107年縣(市)議員選舉,首次申報,1070919,宣傳支出,中華郵政秀水郵局,,0.00,192.00,郵寄競選物品或宣傳廣告支出,金錢,,,
35,林士堅,107年縣(市)議員選舉,首次申報,1070919,宣傳支出,上虹廣告社,13948648,0.00,36435.00,製作宣傳廣告支出,金錢,彰化縣秀水鄉****,,
36,林士堅,107年縣(市)議員選舉,首次申報,1070919,雜支支出,7-11秀工店,27936137,0.00,450.00,餐飲費用,金錢,彰化縣秀水鄉****,,
37,林士堅,107年縣(市)議員選舉,首次申報,1070921,宣傳支出,米祺玩色世界工作坊,10950346,0.00,7000.00,製作宣傳廣告支出,金錢,彰化縣大村鄉****,,
38,林士堅,107年縣(市)議員選舉,首次申報,1070921,宣傳支出,健豪印刷事業股份有限公司,16332027,0.00,5000.00,製作競選物品支出（物品名稱-請填寫）文宣品,金錢,,,
39,林士堅,107年縣(市)議員選舉,首次申報,1070921,公共關係費用支出,大宜行,45634373,0.00,3000.00,為民服務費用,金錢,,,
40,林士堅,107年縣(市)議員選舉,首次申報,1070922,交通旅運支出,台灣中油股份有限公司和美站,59169025,0.00,1000.00,油資,金錢,彰化縣和美鎮****,,
41,林士堅,107年縣(市)議員選舉,首次申報,1070923,雜支支出,OK便利店,27939916,0.00,529.00,餐飲費用,金錢,彰化縣福興鄉****,,
42,林士堅,107年縣(市)議員選舉,首次申報,1070924,雜支支出,昌勝商行,45790459,0.00,4500.00,餐飲費用,金錢,彰化縣彰化市****,,
43,林士堅,107年縣(市)議員選舉,首次申報,1070925,宣傳支出,上虹廣告社,13948648,0.00,45000.00,租用廣告看板或車體廣告支出,金錢,彰化縣秀水鄉****,,
44,林士堅,107年縣(市)議員選舉,首次申報,1070926,雜支支出,悠得科技實業股份有限公司,45675802,0.00,8182.00,雜項購置或修繕費用,金錢,彰化縣彰化市****,,
45,林士堅,107年縣(市)議員選舉,首次申報,1070927,雜支支出,燦坤實業股份有限公司秀水分公司,28431352,0.00,129.00,雜項購置或修繕費用,金錢,彰化縣秀水鄉****,,
46,林士堅,107年縣(市)議員選舉,首次申報,1070928,公共關係費用支出,晉雅堂,05923340,0.00,17500.00,為民服務費用,金錢,彰化縣鹿港鎮****,,
47,林士堅,107年縣(市)議員選舉,首次申報,1070928,公共關係費用支出,水金鮮花花環禮儀社,08344339,0.00,11100.00,為民服務費用,金錢,彰化縣秀水鄉****,,
48,林士堅,107年縣(市)議員選舉,首次申報,1070928,宣傳支出,上虹廣告社,13948648,0.00,41000.00,租用廣告看板或車體廣告支出,金錢,彰化縣秀水鄉****,,
49,林士堅,107年縣(市)議員選舉,首次申報,1070928,宣傳支出,健豪印刷事業股份有限公司,16332027,0.00,30000.00,製作競選物品支出（物品名稱-請填寫）文宣品,金錢,,,
50,林士堅,107年縣(市)議員選舉,首次申報,1070928,公共關係費用支出,大宜行,45634373,0.00,3640.00,為民服務費用,金錢,彰化縣秀水鄉****,,
51,林士堅,107年縣(市)議員選舉,首次申報,1070929,雜支支出,萬源五金行,59160811,0.00,1980.00,雜項購置或修繕費用,金錢,彰化縣秀水鄉****,,
52,林士堅,107年縣(市)議員選舉,首次申報,1070930,宣傳支出,上虹廣告社,13948648,0.00,38000.00,租用廣告看板或車體廣告支出,金錢,彰化縣秀水鄉****,,
53,林士堅,107年縣(市)議員選舉,首次申報,1070930,公共關係費用支出,天慈生命禮儀社,45808325,0.00,9300.00,為民服務費用,金錢,彰化縣福興鄉****,,
54,林士堅,107年縣(市)議員選舉,首次申報,1070930,人事費用支出,廖益廷,L12*******,0.00,25000.00,加班費或值班費,金錢,彰化縣秀水鄉****,,
55,林士堅,107年縣(市)議員選舉,首次申報,1070930,人事費用支出,林星辰,N12*******,0.00,40000.00,工資或薪津,金錢,彰化縣秀水鄉****,,
56,林士堅,107年縣(市)議員選舉,首次申報,1070930,人事費用支出,謝雅晴,N22*******,0.00,25000.00,加班費或值班費,金錢,彰化縣福興鄉****,,
57,林士堅,107年縣(市)議員選舉,首次申報,1070930,人事費用支出,陳素妃,N22*******,0.00,35000.00,工資或薪津,金錢,彰化縣秀水鄉****,,
58,林士堅,107年縣(市)議員選舉,首次申報,1071001,雜支支出,進興文具行,05935113,0.00,200.00,文具用品費用,金錢,彰化縣秀水鄉****,,
59,林士堅,107年縣(市)議員選舉,首次申報,1071002,宣傳支出,米祺玩色世界工作坊,10950346,0.00,11000.00,製作宣傳廣告支出,金錢,彰化縣大村鄉****,,
60,林士堅,107年縣(市)議員選舉,首次申報,1071003,宣傳支出,中華郵政秀水郵局,,0.00,100.00,郵寄競選物品或宣傳廣告支出,金錢,,,
61,林士堅,107年縣(市)議員選舉,首次申報,1071003,宣傳支出,中華郵政秀水郵局,,0.00,874.00,郵寄競選物品或宣傳廣告支出,金錢,,,
62,林士堅,107年縣(市)議員選舉,首次申報,1071003,公共關係費用支出,大宜行,45634373,0.00,700.00,為民服務費用,金錢,彰化縣秀水鄉****,,
63,林士堅,107年縣(市)議員選舉,首次申報,1071004,雜支支出,藝林文化圖書城,13733689,0.00,680.00,文具用品費用,金錢,彰化縣秀水鄉****,,
64,林士堅,107年縣(市)議員選舉,首次申報,1071004,雜支支出,全家便利店秀水好水店,47228196,0.00,282.00,餐飲費用,金錢,彰化縣秀水鄉****,,
65,林士堅,107年縣(市)議員選舉,首次申報,1071005,宣傳支出,上虹廣告社,12948648,0.00,12000.00,製作宣傳廣告支出,金錢,彰化縣秀水鄉****,,
66,林士堅,107年縣(市)議員選舉,首次申報,1071005,公共關係費用支出,大宜行,45634373,0.00,1120.00,為民服務費用,金錢,彰化縣秀水鄉****,,
67,林士堅,107年縣(市)議員選舉,首次申報,1071005,公共關係費用支出,大宜行,45634373,0.00,420.00,為民服務費用,金錢,彰化縣秀水鄉****,,
68,林士堅,107年縣(市)議員選舉,首次申報,1071005,交通旅運支出,台灣中油秀水站,58016515,0.00,1000.00,油資,金錢,彰化縣秀水鄉****,,
69,林士堅,107年縣(市)議員選舉,首次申報,1071006,雜支支出,進興文具行,05935113,0.00,720.00,文具用品費用,金錢,彰化縣秀水鄉****,,
70,林士堅,107年縣(市)議員選舉,首次申報,1071006,雜支支出,進興文具行,05935113,0.00,858.00,文具用品費用,金錢,彰化縣秀水鄉****,,
71,林士堅,107年縣(市)議員選舉,首次申報,1071006,宣傳支出,上虹廣告社,13948648,0.00,35000.00,製作宣傳廣告支出,金錢,彰化縣秀水鄉****,,
72,林士堅,107年縣(市)議員選舉,首次申報,1071006,雜支支出,全國五金百貨商行,26928948,0.00,55.00,雜項購置或修繕費用,金錢,彰化縣秀水鄉****,,
73,林士堅,107年縣(市)議員選舉,首次申報,1071008,交通旅運支出,勝中企業有限公司,,0.00,100.00,油資,金錢,彰化縣花壇鄉****,,
74,林士堅,107年縣(市)議員選舉,首次申報,1071008,雜支支出,藝林文化圖書城,13733689,0.00,95.00,文具用品費用,金錢,彰化縣秀水鄉****,,
75,林士堅,107年縣(市)議員選舉,首次申報,1071008,雜支支出,巧有味快餐,18201129,0.00,1000.00,餐飲費用,金錢,彰化縣秀水鄉****,,
76,林士堅,107年縣(市)議員選舉,首次申報,1071008,公共關係費用支出,天慈生命禮儀社,45808325,0.00,9400.00,為民服務費用,金錢,彰化縣福興鄉****,,
77,林士堅,107年縣(市)議員選舉,首次申報,1071008,交通旅運支出,台灣中油秀水站,58016515,0.00,1707.00,油資,金錢,彰化縣秀水鄉****,,
78,林士堅,107年縣(市)議員選舉,首次申報,1071009,雜支支出,林自發商行,58210601,0.00,208.00,雜項購置或修繕費用,金錢,彰化縣秀水鄉****,,
79,林士堅,107年縣(市)議員選舉,首次申報,1071010,雜支支出,巧有味快餐,18201129,0.00,1100.00,餐飲費用,金錢,彰化縣秀水鄉****,,
80,林士堅,107年縣(市)議員選舉,首次申報,1071011,宣傳支出,中華郵政秀水郵局,,0.00,12294.00,郵寄競選物品或宣傳廣告支出,金錢,,,
81,林士堅,107年縣(市)議員選舉,首次申報,1071011,宣傳支出,米祺玩色世界工作坊,10950346,0.00,13000.00,製作宣傳廣告支出,金錢,彰化縣大村鄉****,,
82,林士堅,107年縣(市)議員選舉,首次申報,1071011,雜支支出,巧有味快餐,18201129,0.00,1100.00,餐飲費用,金錢,彰化縣秀水鄉****,,
83,林士堅,107年縣(市)議員選舉,首次申報,1071011,雜支支出,昌勝商行,45790459,0.00,3800.00,雜項購置或修繕費用,金錢,彰化縣彰化市****,,
84,林士堅,107年縣(市)議員選舉,首次申報,1071012,雜支支出,藝林文化圖書城,13733689,0.00,73.00,文具用品費用,金錢,彰化縣秀水鄉****,,
85,林士堅,107年縣(市)議員選舉,首次申報,1071012,雜支支出,巧有味快餐,18201129,0.00,1100.00,餐飲費用,金錢,彰化縣秀水鄉****,,
86,林士堅,107年縣(市)議員選舉,首次申報,1071012,公共關係費用支出,大宜行,45634373,0.00,420.00,為民服務費用,金錢,彰化縣秀水鄉****,,
87,林士堅,107年縣(市)議員選舉,首次申報,1071012,雜支支出,中華電信股份有限公司彰化營運處,58800108,0.00,1105.00,電信費用,金錢,彰化縣彰化市****,,
88,林士堅,107年縣(市)議員選舉,首次申報,1071012,雜支支出,中華電信股份有限公司彰化營運處,58800108,0.00,75.00,電信費用,金錢,彰化縣彰化市****,,
89,林士堅,107年縣(市)議員選舉,首次申報,1071013,雜支支出,藝林文化圖書城,13733689,0.00,198.00,文具用品費用,金錢,彰化縣秀水鄉****,,
90,林士堅,107年縣(市)議員選舉,首次申報,1071013,雜支支出,巧有味快餐,18201129,0.00,1100.00,餐飲費用,金錢,彰化縣秀水鄉****,,
91,林士堅,107年縣(市)議員選舉,首次申報,1071013,交通旅運支出,台灣中油秀水站,58016515,0.00,1672.00,油資,金錢,彰化縣秀水鄉****,,
92,林士堅,107年縣(市)議員選舉,首次申報,1071015,宣傳支出,上虹廣告社,13948648,0.00,38800.00,製作宣傳廣告支出,金錢,彰化縣秀水鄉****,,
93,林士堅,107年縣(市)議員選舉,首次申報,1071015,雜支支出,順發數位影印,25358032,0.00,600.00,雜項購置或修繕費用,金錢,彰化縣彰化市****,,
94,林士堅,107年縣(市)議員選舉,首次申報,1071015,雜支支出,順發數位影印,25358032,0.00,600.00,雜項購置或修繕費用,金錢,彰化縣彰化市****,,
95,林士堅,107年縣(市)議員選舉,首次申報,1071016,公共關係費用支出,天慈生命禮儀社,45808325,0.00,9600.00,為民服務費用,金錢,彰化縣福興鄉****,,
96,林士堅,107年縣(市)議員選舉,首次申報,1071016,交通旅運支出,台灣中油秀水站,58016515,0.00,1000.00,油資,金錢,彰化縣秀水鄉****,,
97,林士堅,107年縣(市)議員選舉,首次申報,1071017,雜支支出,進興文具行,05935113,0.00,1074.00,文具用品費用,金錢,彰化縣秀水鄉****,,
98,林士堅,107年縣(市)議員選舉,首次申報,1071017,雜支支出,全國五金百貨商行,26928948,0.00,298.00,雜項購置或修繕費用,金錢,彰化縣秀水鄉****,,
99,林士堅,107年縣(市)議員選舉,首次申報,1071017,交通旅運支出,台灣中油秀水站,58016515,0.00,1679.00,油資,金錢,彰化縣秀水鄉****,,
100,林士堅,107年縣(市)議員選舉,首次申報,1071017,宣傳支出,億得滿禮品贈品,83811841,0.00,35000.00,製作競選物品支出（帽子）,金錢,彰化縣秀水鄉****,,
101,林士堅,107年縣(市)議員選舉,首次申報,1071018,宣傳支出,米祺玩色世界工作坊,10950346,0.00,15000.00,製作宣傳廣告支出,金錢,彰化縣大村鄉****,,
102,林士堅,107年縣(市)議員選舉,首次申報,1071018,雜支支出,愛之味餐飲店,25439627,0.00,4000.00,餐飲費用,金錢,彰化縣秀水鄉****,,
103,林士堅,107年縣(市)議員選舉,首次申報,1071018,雜支支出,潔品商行,25441449,0.00,1600.00,雜項購置或修繕費用,金錢,彰化縣秀水鄉****,,
104,林士堅,107年縣(市)議員選舉,首次申報,1071019,雜支支出,進興文具行,05935113,0.00,2048.00,文具用品費用,金錢,彰化縣秀水鄉****,,
105,林士堅,107年縣(市)議員選舉,首次申報,1071019,宣傳支出,健豪印刷事業股份有限公司,16332027,0.00,30000.00,製作競選物品支出（文宣品印製）,金錢,,,
106,林士堅,107年縣(市)議員選舉,首次申報,1071019,雜支支出,上大環保企業社,17786671,0.00,3500.00,雜項購置或修繕費用(流動廁所),金錢,臺中市沙鹿區****,,
107,林士堅,107年縣(市)議員選舉,首次申報,1071019,雜支支出,巧有味快餐,18201129,0.00,1500.00,餐飲費用,金錢,彰化縣秀水鄉****,,
108,林士堅,107年縣(市)議員選舉,首次申報,1071019,雜支支出,國利餐飲店,25358856,0.00,9000.00,餐飲費用,金錢,彰化縣秀水鄉****,,
109,林士堅,107年縣(市)議員選舉,首次申報,1071019,雜支支出,國利餐飲店,25358856,0.00,10000.00,餐飲費用,金錢,彰化縣秀水鄉****,,
110,林士堅,107年縣(市)議員選舉,首次申報,1071020,集會支出,美華綜合藝術團,,0.00,8000.00,租用設備支出,金錢,彰化縣福興鄉****,,
111,林士堅,107年縣(市)議員選舉,首次申報,1071020,集會支出,秀水下崙帆布出租,,0.00,20600.00,租用設備支出,金錢,彰化縣秀水鄉****,,
112,林士堅,107年縣(市)議員選舉,首次申報,1071020,雜支支出,巧有味快餐,18201129,0.00,18000.00,餐飲費用,金錢,彰化縣秀水鄉****,,
113,林士堅,107年縣(市)議員選舉,首次申報,1071020,雜支支出,巧有味快餐,18201129,0.00,18000.00,餐飲費用,金錢,彰化縣秀水鄉****,,
114,林士堅,107年縣(市)議員選舉,首次申報,1071020,交通旅運支出,勝中企業有限公司,23210703,0.00,1619.00,油資,金錢,彰化縣花壇鄉****,,
115,林士堅,107年縣(市)議員選舉,首次申報,1071020,雜支支出,全國五金百貨商行,26928948,0.00,150.00,雜項購置或修繕費用,金錢,彰化縣秀水鄉****,,
116,林士堅,107年縣(市)議員選舉,首次申報,1071020,交通旅運支出,台灣中油秀水站,58016515,0.00,1000.00,油資,金錢,彰化縣秀水鄉****,,
117,林士堅,107年縣(市)議員選舉,首次申報,1071020,雜支支出,陳義發餅行,59796829,0.00,13750.00,餐飲費用,金錢,彰化縣溪湖鎮****,,
118,林士堅,107年縣(市)議員選舉,首次申報,1071021,雜支支出,全家便利店秀水好水店,47228196,0.00,602.00,餐飲費用,金錢,彰化縣秀水鄉****,,
119,林士堅,107年縣(市)議員選舉,首次申報,1071022,雜支支出,進興文具行,05935113,0.00,180.00,雜項購置或修繕費用,金錢,彰化縣秀水鄉****,,
120,林士堅,107年縣(市)議員選舉,首次申報,1071022,雜支支出,藝林文化圖書城,13733689,0.00,140.00,文具用品費用,金錢,彰化縣秀水鄉****,,
121,林士堅,107年縣(市)議員選舉,首次申報,1071022,雜支支出,藝林文化圖書城,26928948,0.00,443.00,雜項購置或修繕費用,金錢,彰化縣秀水鄉****,,
122,林士堅,107年縣(市)議員選舉,首次申報,1071022,公共關係費用支出,彰化縣曾厝產業促進會,47615865,0.00,5000.00,為民服務費用,金錢,,,
123,林士堅,107年縣(市)議員選舉,首次申報,1071024,雜支支出,進興文具行,05935113,0.00,320.00,文具用品費用,金錢,彰化縣秀水鄉****,,
124,林士堅,107年縣(市)議員選舉,首次申報,1071024,雜支支出,萬錦商行,25360229,0.00,816.00,雜項購置或修繕費用,金錢,彰化縣秀水鄉****,,
125,林士堅,107年縣(市)議員選舉,首次申報,1071024,雜支支出,林自發商行,58210601,0.00,527.00,餐飲費用,金錢,彰化縣秀水鄉****,,
126,林士堅,107年縣(市)議員選舉,首次申報,1071025,雜支支出,藝林文化圖書城,13733689,0.00,27.00,文具用品費用,金錢,彰化縣秀水鄉****,,
127,林士堅,107年縣(市)議員選舉,首次申報,1071026,雜支支出,萬錦商行,25360229,0.00,156.00,雜項購置或修繕費用,金錢,彰化縣秀水鄉****,,
128,林士堅,107年縣(市)議員選舉,首次申報,1071026,交通旅運支出,台灣中油福興站,58010672,0.00,1615.00,油資,金錢,彰化縣福興鄉****,,
129,林士堅,107年縣(市)議員選舉,首次申報,1071026,雜支支出,育群書局,77095476,0.00,160.00,文具用品費用,金錢,彰化縣秀水鄉****,,
130,林士堅,107年縣(市)議員選舉,首次申報,1071028,公共關係費用支出,水金鮮花花環禮儀社,08344339,0.00,11300.00,為民服務費用,金錢,彰化縣秀水鄉****,,
131,林士堅,107年縣(市)議員選舉,首次申報,1071028,宣傳支出,上虹廣告社,13948648,0.00,43300.00,租用廣告看板或車體廣告支出,金錢,彰化縣秀水鄉****,,
132,林士堅,107年縣(市)議員選舉,首次申報,1071028,公共關係費用支出,天慈生命禮儀社,45808325,0.00,9500.00,為民服務費用,金錢,彰化縣福興鄉****,,
133,林士堅,107年縣(市)議員選舉,首次申報,1071029,交通旅運支出,福懋加油站,13736237,0.00,1542.00,油資,金錢,彰化縣秀水鄉****,,
134,林士堅,107年縣(市)議員選舉,首次申報,1071029,雜支支出,全國五金百貨商行,26928948,0.00,154.00,雜項購置或修繕費用,金錢,彰化縣秀水鄉****,,
135,林士堅,107年縣(市)議員選舉,首次申報,1071030,公共關係費用支出,晉雅堂,05923340,0.00,17500.00,為民服務費用,金錢,彰化縣鹿港鎮****,,
136,林士堅,107年縣(市)議員選舉,首次申報,1071030,雜支支出,藝林文化圖書城,13733689,0.00,296.00,文具用品費用,金錢,彰化縣秀水鄉****,,
137,林士堅,107年縣(市)議員選舉,首次申報,1071030,雜支支出,昌勝商行,45790459,0.00,4200.00,雜項購置或修繕費用,金錢,彰化縣彰化市****,,
138,林士堅,107年縣(市)議員選舉,首次申報,1071030,人事費用支出,廖益廷,L12*******,0.00,20000.00,獎金或津貼,金錢,彰化縣秀水鄉****,,
139,林士堅,107年縣(市)議員選舉,首次申報,1071030,人事費用支出,林星辰,N12*******,0.00,40000.00,工資或薪津,金錢,彰化縣秀水鄉****,,
140,林士堅,107年縣(市)議員選舉,首次申報,1071030,人事費用支出,陳素妃,N22*******,0.00,35000.00,工資或薪津,金錢,彰化縣秀水鄉****,,
141,林士堅,107年縣(市)議員選舉,首次申報,1071030,人事費用支出,謝雅晴,N22*******,0.00,25000.00,獎金或津貼,金錢,彰化縣福興鄉****,,
142,林士堅,107年縣(市)議員選舉,首次申報,1071101,雜支支出,全國五金百貨商行,26928948,0.00,35.00,雜項購置或修繕費用,金錢,彰化縣秀水鄉****,,
143,林士堅,107年縣(市)議員選舉,首次申報,1071101,雜支支出,全國五金百貨商行,26928948,0.00,481.00,雜項購置或修繕費用,金錢,彰化縣秀水鄉****,,
144,林士堅,107年縣(市)議員選舉,首次申報,1071102,宣傳支出,中華郵政秀水郵局,,0.00,36.00,郵寄競選物品或宣傳廣告支出,金錢,,,
145,林士堅,107年縣(市)議員選舉,首次申報,1071103,宣傳支出,上虹廣告社,13948648,0.00,30000.00,製作宣傳廣告支出,金錢,彰化縣秀水鄉****,,
146,林士堅,107年縣(市)議員選舉,首次申報,1071103,交通旅運支出,勝中企業有限公司,17313646,0.00,1779.00,油資,金錢,彰化縣花壇鄉****,,
147,林士堅,107年縣(市)議員選舉,首次申報,1071104,公共關係費用支出,彰化縣秀水鄉老人會,78626923,0.00,1000.00,為民服務費用,金錢,彰化縣秀水鄉****,,
148,林士堅,107年縣(市)議員選舉,首次申報,1071105,宣傳支出,米祺玩色世界工作坊,10950346,0.00,10000.00,製作宣傳廣告支出,金錢,彰化縣大村鄉****,,
149,林士堅,107年縣(市)議員選舉,首次申報,1071105,雜支支出,全國五金百貨商行,26928948,0.00,55.00,雜項購置或修繕費用,金錢,彰化縣秀水鄉****,,
150,林士堅,107年縣(市)議員選舉,首次申報,1071105,雜支支出,福安快餐,45448309,0.00,7000.00,餐飲費用,金錢,彰化縣秀水鄉****,,
151,林士堅,107年縣(市)議員選舉,首次申報,1071106,雜支支出,潔品商行,25441449,0.00,900.00,雜項購置或修繕費用,金錢,彰化縣秀水鄉****,,
152,林士堅,107年縣(市)議員選舉,首次申報,1071108,宣傳支出,上虹廣告社,13948648,0.00,30000.00,製作宣傳廣告支出,金錢,彰化縣秀水鄉****,,
153,林士堅,107年縣(市)議員選舉,首次申報,1071108,宣傳支出,上虹廣告社,13948648,0.00,19000.00,租用廣告看板或車體廣告支出,金錢,彰化縣秀水鄉****,,
154,林士堅,107年縣(市)議員選舉,首次申報,1071108,公共關係費用支出,大宜行,45634373,0.00,980.00,為民服務費用,金錢,彰化縣秀水鄉****,,
155,林士堅,107年縣(市)議員選舉,首次申報,1071109,雜支支出,昌勝商行,45790459,0.00,2700.00,雜項購置或修繕費用,金錢,彰化縣彰化市****,,
156,林士堅,107年縣(市)議員選舉,首次申報,1071110,公共關係費用支出,大宜行,45634373,0.00,3600.00,為民服務費用,金錢,彰化縣秀水鄉****,,
157,林士堅,107年縣(市)議員選舉,首次申報,1071110,雜支支出,寶雅公司秀水店,51162702,0.00,25.00,雜項購置或修繕費用,金錢,彰化縣秀水鄉****,,
158,林士堅,107年縣(市)議員選舉,首次申報,1071110,交通旅運支出,台灣中油秀水站,58016515,0.00,1657.00,油資,金錢,彰化縣秀水鄉****,,
159,林士堅,107年縣(市)議員選舉,首次申報,1071113,雜支支出,藝林文化圖書城,13733689,0.00,50.00,文具用品費用,金錢,彰化縣秀水鄉****,,
160,林士堅,107年縣(市)議員選舉,首次申報,1071114,宣傳支出,中華郵政秀水郵局,,0.00,800.00,郵寄競選物品或宣傳廣告支出,金錢,,,
161,林士堅,107年縣(市)議員選舉,首次申報,1071115,雜支支出,佳惠發有限公司,42573492,0.00,80.00,雜項購置或修繕費用,金錢,彰化縣秀水鄉****,,
162,林士堅,107年縣(市)議員選舉,首次申報,1071115,雜支支出,萬源五金行,59160311,0.00,580.00,雜項購置或修繕費用,金錢,彰化縣秀水鄉****,,
163,林士堅,107年縣(市)議員選舉,首次申報,1071115,雜支支出,萬源五金行,59160811,0.00,520.00,雜項購置或修繕費用,金錢,彰化縣秀水鄉****,,
164,林士堅,107年縣(市)議員選舉,首次申報,1071116,宣傳支出,上虹廣告社,13948648,0.00,42000.00,製作宣傳廣告支出,金錢,彰化縣秀水鄉****,,
165,林士堅,107年縣(市)議員選舉,首次申報,1071116,雜支支出,賜宏五金建材行,15922074,0.00,600.00,雜項購置或修繕費用,金錢,彰化縣秀水鄉****,,
166,林士堅,107年縣(市)議員選舉,首次申報,1071116,交通旅運支出,台灣中油秀水站,58016515,0.00,1551.00,油資,金錢,彰化縣秀水鄉****,,
167,林士堅,107年縣(市)議員選舉,首次申報,1071116,雜支支出,萬源五金行,59160811,0.00,440.00,雜項購置或修繕費用,金錢,彰化縣秀水鄉****,,
168,林士堅,107年縣(市)議員選舉,首次申報,1071117,集會支出,秀水下崙帆布出租,,0.00,24000.00,租用設備支出,金錢,彰化縣秀水鄉****,,
169,林士堅,107年縣(市)議員選舉,首次申報,1071117,雜支支出,佳惠發有限公司,42573492,0.00,601.00,雜項購置或修繕費用,金錢,彰化縣秀水鄉****,,
170,林士堅,107年縣(市)議員選舉,首次申報,1071117,雜支支出,麥仕佳食品股份有限公司秀水分公司,56675028,0.00,57.00,餐飲費用,金錢,彰化縣秀水鄉****,,
171,林士堅,107年縣(市)議員選舉,首次申報,1071117,雜支支出,7-11秀工店,70754380,0.00,305.00,餐飲費用,金錢,,,
172,林士堅,107年縣(市)議員選舉,首次申報,1071119,雜支支出,藝林文化圖書城,13733689,0.00,20.00,文具用品費用,金錢,彰化縣秀水鄉****,,
173,林士堅,107年縣(市)議員選舉,首次申報,1071119,雜支支出,全國五金百貨商行,26928948,0.00,740.00,雜項購置或修繕費用,金錢,彰化縣秀水鄉****,,
174,林士堅,107年縣(市)議員選舉,首次申報,1071119,交通旅運支出,台灣中油秀水站,58016515,0.00,1000.00,油資,金錢,彰化縣秀水鄉****,,
175,林士堅,107年縣(市)議員選舉,首次申報,1071119,雜支支出,7-11秀工店,70754380,0.00,90.00,餐飲費用,金錢,彰化縣秀水鄉****,,
176,林士堅,107年縣(市)議員選舉,首次申報,1071119,雜支支出,7-11秀工店,70754380,0.00,90.00,餐飲費用,金錢,,,
177,林士堅,107年縣(市)議員選舉,首次申報,1071120,宣傳支出,米祺玩色世界工作坊,10950346,0.00,13000.00,製作宣傳廣告支出,金錢,彰化縣大村鄉****,,
178,林士堅,107年縣(市)議員選舉,首次申報,1071120,宣傳支出,上虹廣告社,13948648,0.00,35000.00,製作宣傳廣告支出,金錢,彰化縣秀水鄉****,,
179,林士堅,107年縣(市)議員選舉,首次申報,1071120,雜支支出,昌勝商行,45790459,0.00,4200.00,雜項購置或修繕費用,金錢,彰化縣彰化市****,,
180,林士堅,107年縣(市)議員選舉,首次申報,1071120,雜支支出,中華電信股份有限公司彰化營運處,58800108,0.00,1610.00,電信費用,金錢,彰化縣彰化市****,,
181,林士堅,107年縣(市)議員選舉,首次申報,1071120,宣傳支出,伸豐印刷廠,59213296,0.00,300.00,製作競選物品支出（影印文宣）,金錢,彰化縣秀水鄉****,,
182,林士堅,107年縣(市)議員選舉,首次申報,1071120,交通旅運支出,彰秀加油站,80624181,0.00,1305.00,油資,金錢,彰化縣秀水鄉****,,
183,林士堅,107年縣(市)議員選舉,首次申報,1071121,雜支支出,巧有味快餐,18201129,0.00,1000.00,餐飲費用,金錢,彰化縣秀水鄉****,,
184,林士堅,107年縣(市)議員選舉,首次申報,1071121,雜支支出,全國五金百貨商行,26928948,0.00,44.00,雜項購置或修繕費用,金錢,彰化縣秀水鄉****,,
185,林士堅,107年縣(市)議員選舉,首次申報,1071121,公共關係費用支出,大嘉鮮花禮儀社,67759642,0.00,29600.00,為民服務費用,金錢,彰化縣鹿港鎮****,,
186,林士堅,107年縣(市)議員選舉,首次申報,1071122,雜支支出,全國電子,,0.00,138.00,雜項購置或修繕費用,金錢,彰化縣秀水鄉****,,
187,林士堅,107年縣(市)議員選舉,首次申報,1071122,雜支支出,巧有味快餐,18201129,0.00,1000.00,餐飲費用,金錢,彰化縣秀水鄉****,,
188,林士堅,107年縣(市)議員選舉,首次申報,1071122,交通旅運支出,台灣中油秀水站,58016515,0.00,1501.00,油資,金錢,彰化縣秀水鄉****,,
189,林士堅,107年縣(市)議員選舉,首次申報,1071123,交通旅運支出,勝中企業有限公司,23210703,0.00,1561.00,油資,金錢,彰化縣****,,
190,林士堅,107年縣(市)議員選舉,首次申報,1071123,雜支支出,丸灶活海產商店,59361599,0.00,9000.00,餐飲費用,金錢,彰化縣彰化市****,,
191,林士堅,107年縣(市)議員選舉,首次申報,1071123,雜支支出,丸灶活海產商店,59361599,0.00,9000.00,餐飲費用,金錢,彰化縣彰化市****,,
192,林士堅,107年縣(市)議員選舉,首次申報,1071124,雜支支出,7-11秀發店,54384236,0.00,279.00,餐飲費用,金錢,,,
193,林士堅,107年縣(市)議員選舉,首次申報,1071130,公共關係費用支出,晉雅堂,15923340,0.00,17500.00,為民服務費用,金錢,彰化縣鹿港鎮****,,
194,林士堅,107年縣(市)議員選舉,首次申報,1071130,人事費用支出,廖益廷,L12*******,0.00,25000.00,加班費或值班費,金錢,彰化縣秀水鄉****,,
195,林士堅,107年縣(市)議員選舉,首次申報,1071130,人事費用支出,林星辰,N12*******,0.00,45000.00,工資或薪津,金錢,彰化縣秀水鄉****,,
196,林士堅,107年縣(市)議員選舉,首次申報,1071130,人事費用支出,陳素妃,N22*******,0.00,35000.00,工資或薪津,金錢,彰化縣秀水鄉****,,
197,林士堅,107年縣(市)議員選舉,首次申報,1071130,人事費用支出,謝雅晴,N22*******,0.00,25000.00,獎金或津貼,金錢,彰化縣福興鄉****,,
198,林士堅,107年縣(市)議員選舉,首次申報,1071203,宣傳支出,上虹廣告社,13948648,0.00,27000.00,製作宣傳廣告支出,金錢,彰化縣秀水鄉****,,
199,林士堅,107年縣(市)議員選舉,首次申報,1071203,宣傳支出,上虹廣告社,13948648,0.00,2450.00,製作宣傳廣告支出,金錢,彰化縣秀水鄉****,,
