﻿序號,擬參選人／政黨,選舉名稱,申報序號／年度,交易日期,收支科目,捐贈者／支出對象,身分證／統一編號,收入金額,支出金額,支出用途,金錢類,地址,聯絡電話,資料更正日期
1,林士堅,107年縣(市)議員選舉,首次申報,1070827,個人捐贈收入,郭坤發,N12*******,100000.00,0.00,,金錢,彰化縣福興鄉****,,
2,林士堅,107年縣(市)議員選舉,首次申報,1070919,個人捐贈收入,陳清傳,,3600.00,0.00,,金錢,彰化縣福興鄉****,,
3,林士堅,107年縣(市)議員選舉,首次申報,1070919,個人捐贈收入,廖棉枰,,5000.00,0.00,,金錢,彰化縣彰化市****,,
4,林士堅,107年縣(市)議員選舉,首次申報,1070919,個人捐贈收入,林水文,,1600.00,0.00,,金錢,彰化縣****,,
5,林士堅,107年縣(市)議員選舉,首次申報,1070919,個人捐贈收入,曾駿杰,,20000.00,0.00,,金錢,臺中市東區立****,,
6,林士堅,107年縣(市)議員選舉,首次申報,1070921,個人捐贈收入,林四振,,20000.00,0.00,,金錢,彰化縣秀水鄉****,,
7,林士堅,107年縣(市)議員選舉,首次申報,1070921,個人捐贈收入,林文暘,N12*******,50000.00,0.00,,金錢,彰化縣秀水鄉****,,
8,林士堅,107年縣(市)議員選舉,首次申報,1071004,個人捐贈收入,柯尊文,N12*******,100000.00,0.00,,金錢,彰化縣和美鎮****,,
9,林士堅,107年縣(市)議員選舉,首次申報,1071005,個人捐贈收入,林進泗,,2000.00,0.00,,金錢,彰化縣****,,
10,林士堅,107年縣(市)議員選舉,首次申報,1071005,營利事業捐贈收入,二億企業股份有限公司,59175568,100000.00,0.00,,金錢,彰化縣福興鄉****,,
11,林士堅,107年縣(市)議員選舉,首次申報,1071012,個人捐贈收入,林政雄,,6000.00,0.00,,金錢,彰化縣福興鄉****,,
12,林士堅,107年縣(市)議員選舉,首次申報,1071012,個人捐贈收入,鄭庚申,,6000.00,0.00,,金錢,彰化縣秀水鄉****,,
13,林士堅,107年縣(市)議員選舉,首次申報,1071012,營利事業捐贈收入,高仕精品股份有限公司,86418928,6000.00,0.00,,金錢,彰化縣秀水鄉****,,
14,林士堅,107年縣(市)議員選舉,首次申報,1071016,個人捐贈收入,吳勝雄,,3000.00,0.00,,金錢,彰化縣秀水鄉****,,
15,林士堅,107年縣(市)議員選舉,首次申報,1071016,個人捐贈收入,黃弘毅,,20000.00,0.00,,金錢,彰化縣彰化市****,,
16,林士堅,107年縣(市)議員選舉,首次申報,1071016,個人捐贈收入,林士超,,3000.00,0.00,,金錢,彰化縣秀水鄉****,,
17,林士堅,107年縣(市)議員選舉,首次申報,1071016,個人捐贈收入,吳永承,,3000.00,0.00,,金錢,彰化縣秀水鄉****,,
18,林士堅,107年縣(市)議員選舉,首次申報,1071016,個人捐贈收入,劉瑞娟,,6000.00,0.00,,金錢,彰化縣秀水鄉****,,
19,林士堅,107年縣(市)議員選舉,首次申報,1071016,營利事業捐贈收入,永輝帆企業有限公司,12985665,3000.00,0.00,,金錢,彰化縣福興鄉****,,
20,林士堅,107年縣(市)議員選舉,首次申報,1071017,個人捐贈收入,施慶緒,,16000.00,0.00,,金錢,臺中市東區立****,,
21,林士堅,107年縣(市)議員選舉,首次申報,1071019,個人捐贈收入,陳鐵勇,,20000.00,0.00,,金錢,彰化縣秀水鄉****,,
22,林士堅,107年縣(市)議員選舉,首次申報,1071022,個人捐贈收入,黃榮吉,,12000.00,0.00,,金錢,彰化縣秀水鄉****,,
23,林士堅,107年縣(市)議員選舉,首次申報,1071022,個人捐贈收入,許清霖,,10000.00,0.00,,金錢,彰化縣秀水鄉****,,
24,林士堅,107年縣(市)議員選舉,首次申報,1071022,個人捐贈收入,黃嘉身,,20000.00,0.00,,金錢,臺中市清水區****,,
25,林士堅,107年縣(市)議員選舉,首次申報,1071022,個人捐贈收入,蕭建民,,2000.00,0.00,,金錢,彰化縣秀水鄉****,,
26,林士堅,107年縣(市)議員選舉,首次申報,1071022,個人捐贈收入,黃國昌,,4000.00,0.00,,金錢,臺中市南區復****,,
27,林士堅,107年縣(市)議員選舉,首次申報,1071022,個人捐贈收入,張新發,,2000.00,0.00,,金錢,彰化縣秀水鄉****,,
28,林士堅,107年縣(市)議員選舉,首次申報,1071022,個人捐贈收入,陳福順,,5000.00,0.00,,金錢,彰化縣秀水鄉****,,
29,林士堅,107年縣(市)議員選舉,首次申報,1071022,個人捐贈收入,吳佩紋,,20000.00,0.00,,金錢,彰化縣秀水鄉****,,
30,林士堅,107年縣(市)議員選舉,首次申報,1071022,個人捐贈收入,施文正,,10000.00,0.00,,金錢,彰化縣鹿港鎮****,,
31,林士堅,107年縣(市)議員選舉,首次申報,1071022,個人捐贈收入,梁世民,,10000.00,0.00,,金錢,彰化縣福興鄉****,,
32,林士堅,107年縣(市)議員選舉,首次申報,1071022,個人捐贈收入,梁鐵雄,,20000.00,0.00,,金錢,彰化縣福興鄉****,,
33,林士堅,107年縣(市)議員選舉,首次申報,1071022,個人捐贈收入,石曉琪,,20000.00,0.00,,金錢,彰化縣秀水鄉****,,
34,林士堅,107年縣(市)議員選舉,首次申報,1071022,個人捐贈收入,賴炘棠,,10000.00,0.00,,金錢,臺中市北屯區****,,
35,林士堅,107年縣(市)議員選舉,首次申報,1071022,個人捐贈收入,林榮郎,,2000.00,0.00,,金錢,臺中市北屯區****,,
36,林士堅,107年縣(市)議員選舉,首次申報,1071022,個人捐贈收入,陳寶琳,,6600.00,0.00,,金錢,彰化縣秀水鄉****,,
37,林士堅,107年縣(市)議員選舉,首次申報,1071022,個人捐贈收入,廖阿修,,2000.00,0.00,,金錢,彰化縣福興鄉****,,
38,林士堅,107年縣(市)議員選舉,首次申報,1071022,個人捐贈收入,沈永豐,,6000.00,0.00,,金錢,彰化縣秀水鄉****,,
39,林士堅,107年縣(市)議員選舉,首次申報,1071022,營利事業捐贈收入,鑫全立鋼鐵有限公司,27380088,10000.00,0.00,,金錢,彰化縣秀水鄉****,,
40,林士堅,107年縣(市)議員選舉,首次申報,1071022,個人捐贈收入,沈東霖,B12*******,50000.00,0.00,,金錢,臺中市北區益****,,
41,林士堅,107年縣(市)議員選舉,首次申報,1071022,個人捐贈收入,游誌明,N12*******,50000.00,0.00,,金錢,新竹縣竹北市****,,
42,林士堅,107年縣(市)議員選舉,首次申報,1071023,個人捐贈收入,王明山,,20000.00,0.00,,金錢,彰化縣秀水鄉****,,
43,林士堅,107年縣(市)議員選舉,首次申報,1071023,個人捐贈收入,林柏均,N12*******,100000.00,0.00,,金錢,彰化縣彰化市****,,
44,林士堅,107年縣(市)議員選舉,首次申報,1071025,個人捐贈收入,林士超,,10000.00,0.00,,金錢,彰化縣秀水鄉****,,
45,林士堅,107年縣(市)議員選舉,首次申報,1071030,個人捐贈收入,王秀真,,6000.00,0.00,,金錢,彰化縣秀水鄉****,,
46,林士堅,107年縣(市)議員選舉,首次申報,1071030,個人捐贈收入,林忠角,,6000.00,0.00,,金錢,,7697*****,
47,林士堅,107年縣(市)議員選舉,首次申報,1071030,營利事業捐贈收入,凱直企業有限公司,59369712,20000.00,0.00,,金錢,彰化縣秀水鄉****,,
48,林士堅,107年縣(市)議員選舉,首次申報,1071031,營利事業捐贈收入,成貫企業有限公司,59328902,10000.00,0.00,,金錢,彰化縣秀水鄉****,,
49,林士堅,107年縣(市)議員選舉,首次申報,1071101,個人捐贈收入,張士豐,,6000.00,0.00,,金錢,彰化縣秀水鄉****,,
50,林士堅,107年縣(市)議員選舉,首次申報,1071101,個人捐贈收入,廖琴,,10000.00,0.00,,金錢,彰化縣福興鄉****,,
51,林士堅,107年縣(市)議員選舉,首次申報,1071101,個人捐贈收入,許東海,,2000.00,0.00,,金錢,彰化縣秀水鄉****,,
52,林士堅,107年縣(市)議員選舉,首次申報,1071101,個人捐贈收入,吳傳家,,3000.00,0.00,,金錢,彰化縣秀水鄉****,,
53,林士堅,107年縣(市)議員選舉,首次申報,1071101,個人捐贈收入,柯秀儀,,20000.00,0.00,,金錢,臺中市南屯區****,,
54,林士堅,107年縣(市)議員選舉,首次申報,1071101,個人捐贈收入,沈岳亮,,10000.00,0.00,,金錢,,0911*****,
55,林士堅,107年縣(市)議員選舉,首次申報,1071101,個人捐贈收入,林孟熲,L12*******,60000.00,0.00,,金錢,臺中市北區育****,,
56,林士堅,107年縣(市)議員選舉,首次申報,1071101,個人捐贈收入,梁忠仁,N10*******,36000.00,0.00,,金錢,彰化縣福興鄉****,,
57,林士堅,107年縣(市)議員選舉,首次申報,1071101,個人捐贈收入,張永西,N10*******,50000.00,0.00,,金錢,彰化縣秀水鄉****,,
58,林士堅,107年縣(市)議員選舉,首次申報,1071101,個人捐贈收入,張瑋峻,N12*******,30000.00,0.00,,金錢,彰化縣埔心鄉****,,
59,林士堅,107年縣(市)議員選舉,首次申報,1071101,個人捐贈收入,陳貞造,N12*******,50000.00,0.00,,金錢,彰化縣鹿港鎮****,,
60,林士堅,107年縣(市)議員選舉,首次申報,1071102,個人捐贈收入,花志孟,,20000.00,0.00,,金錢,彰化縣秀水鄉****,,
61,林士堅,107年縣(市)議員選舉,首次申報,1071102,個人捐贈收入,蔣崑全,,20000.00,0.00,,金錢,彰化縣福興鄉****,,
62,林士堅,107年縣(市)議員選舉,首次申報,1071107,個人捐贈收入,蔡名軒,,10000.00,0.00,,金錢,臺中市大隆路****,,
63,林士堅,107年縣(市)議員選舉,首次申報,1071107,個人捐贈收入,王東回,,3200.00,0.00,,金錢,,0970*****,
64,林士堅,107年縣(市)議員選舉,首次申報,1071109,個人捐贈收入,廖益廷,L12*******,30000.00,0.00,,金錢,彰化縣秀水鄉****,,
65,林士堅,107年縣(市)議員選舉,首次申報,1071112,營利事業捐贈收入,新川王五金實業有限公司,86980123,20000.00,0.00,,金錢,彰化縣鹿港鎮****,,
66,林士堅,107年縣(市)議員選舉,首次申報,1071113,個人捐贈收入,林佳億,,20000.00,0.00,,金錢,新北市林口區****,,
67,林士堅,107年縣(市)議員選舉,首次申報,1071114,個人捐贈收入,陳文昌,,16000.00,0.00,,金錢,彰化縣秀水鄉****,,
68,林士堅,107年縣(市)議員選舉,首次申報,1071114,個人捐贈收入,黃和順,,5000.00,0.00,,金錢,彰化縣秀水鄉****,,
69,林士堅,107年縣(市)議員選舉,首次申報,1071114,個人捐贈收入,鄭勝文,,6000.00,0.00,,金錢,彰化縣秀水鄉****,,
70,林士堅,107年縣(市)議員選舉,首次申報,1071114,個人捐贈收入,林柏辰,,3000.00,0.00,,金錢,彰化縣秀水鄉****,,
71,林士堅,107年縣(市)議員選舉,首次申報,1071114,個人捐贈收入,黃印圖,,20000.00,0.00,,金錢,彰化縣福興鄉****,,
72,林士堅,107年縣(市)議員選舉,首次申報,1071114,個人捐贈收入,林其發,,10000.00,0.00,,金錢,彰化縣秀水鄉****,,
73,林士堅,107年縣(市)議員選舉,首次申報,1071114,個人捐贈收入,陳忠龍,,3000.00,0.00,,金錢,彰化縣秀水鄉****,,
74,林士堅,107年縣(市)議員選舉,首次申報,1071114,個人捐贈收入,鐘煥文,,5000.00,0.00,,金錢,彰化縣秀水鄉****,,
75,林士堅,107年縣(市)議員選舉,首次申報,1071114,個人捐贈收入,楊村夫,,5000.00,0.00,,金錢,彰化縣秀水鄉****,,
76,林士堅,107年縣(市)議員選舉,首次申報,1071114,個人捐贈收入,施來興,,10000.00,0.00,,金錢,彰化縣埔鹽鄉****,,
77,林士堅,107年縣(市)議員選舉,首次申報,1071114,營利事業捐贈收入,雅力企業有限公司,50811497,100000.00,0.00,,金錢,臺中市西屯區****,,
78,林士堅,107年縣(市)議員選舉,首次申報,1071114,營利事業捐贈收入,二億企業股份有限公司,59175568,50000.00,0.00,,金錢,彰化縣福興鄉****,,
79,林士堅,107年縣(市)議員選舉,首次申報,1071114,營利事業捐贈收入,宏達益企業有限公司,86272135,12000.00,0.00,,金錢,臺北市內湖科****,,
80,林士堅,107年縣(市)議員選舉,首次申報,1071116,個人捐贈收入,林浩祥,,6000.00,0.00,,金錢,,0931*****,
81,林士堅,107年縣(市)議員選舉,首次申報,1071122,個人捐贈收入,唐混溝,,4000.00,0.00,,金錢,彰化縣大村鄉****,,
82,林士堅,107年縣(市)議員選舉,首次申報,1071122,營利事業捐贈收入,大義碾米工廠,77111757,10000.00,0.00,,金錢,彰化縣秀水鄉****,,
83,林士堅,107年縣(市)議員選舉,首次申報,1071123,個人捐贈收入,施宜德,,20000.00,0.00,,金錢,彰化縣秀水鄉****,,
