﻿序號,擬參選人／政黨,選舉名稱,申報序號／年度,交易日期,收支科目,捐贈者／支出對象,身分證／統一編號,收入金額,支出金額,支出用途,金錢類,地址,聯絡電話,資料更正日期
1,張志宇,107年縣(市)議員選舉,首次申報,1070920,個人捐贈收入,張晏齊,J12*******,60000.00,0.00,,金錢,新北市板橋區****,,
2,張志宇,107年縣(市)議員選舉,首次申報,1071027,個人捐贈收入,張世宏,K10*******,5000.00,0.00,,金錢,苗栗縣公館鄉****,,
3,張志宇,107年縣(市)議員選舉,首次申報,1071028,營利事業捐贈收入,經國消防工程顧問(股)公司,16706361,20000.00,0.00,,金錢,桃園市桃園區****,,
4,張志宇,107年縣(市)議員選舉,首次申報,1071028,個人捐贈收入,張正忠,C12*******,70000.00,0.00,,金錢,新北市林口區****,,
5,張志宇,107年縣(市)議員選舉,首次申報,1071028,個人捐贈收入,張華興,K12*******,12000.00,0.00,,金錢,苗栗縣竹南鎮****,,
6,張志宇,107年縣(市)議員選舉,首次申報,1071028,個人捐贈收入,林彥光,K12*******,21800.00,0.00,,金錢,新北市林口區****,,
7,張志宇,107年縣(市)議員選舉,首次申報,1071028,個人捐贈收入,張漢和,K12*******,50000.00,0.00,,金錢,臺北市內湖區****,,
8,張志宇,107年縣(市)議員選舉,首次申報,1071028,個人捐贈收入,邱珍蘭,K20*******,12000.00,0.00,,金錢,臺北市中山區****,,
9,張志宇,107年縣(市)議員選舉,首次申報,1071028,個人捐贈收入,田美謙,K20*******,36000.00,0.00,,金錢,新北市板橋區****,,
10,張志宇,107年縣(市)議員選舉,首次申報,1071030,個人捐贈收入,周志鴻,K12*******,36000.00,0.00,,金錢,苗栗縣公館鄉****,,
11,張志宇,107年縣(市)議員選舉,首次申報,1071101,匿名捐贈,匿名1,,2000.00,0.00,,金錢,,,
12,張志宇,107年縣(市)議員選舉,首次申報,1071101,匿名捐贈,匿名2,,2000.00,0.00,,金錢,,,
13,張志宇,107年縣(市)議員選舉,首次申報,1071102,匿名捐贈,匿名3,,3000.00,0.00,,金錢,,,
14,張志宇,107年縣(市)議員選舉,首次申報,1071103,匿名捐贈,匿名4,,5000.00,0.00,,金錢,,,
15,張志宇,107年縣(市)議員選舉,首次申報,1071105,匿名捐贈,匿名5,,6000.00,0.00,,金錢,,,
16,張志宇,107年縣(市)議員選舉,首次申報,1071106,匿名捐贈,匿名6,,2000.00,0.00,,金錢,,,
17,張志宇,107年縣(市)議員選舉,首次申報,1071107,匿名捐贈,匿名7,,1200.00,0.00,,金錢,,,
18,張志宇,107年縣(市)議員選舉,首次申報,1071107,匿名捐贈,匿名8,,3000.00,0.00,,金錢,,,
19,張志宇,107年縣(市)議員選舉,首次申報,1071108,匿名捐贈,匿名9,,2000.00,0.00,,金錢,,,
20,張志宇,107年縣(市)議員選舉,首次申報,1071110,匿名捐贈,匿名10,,5000.00,0.00,,金錢,,,
21,張志宇,107年縣(市)議員選舉,首次申報,1071112,營利事業捐贈收入,苗盛營造有限公司,16977194,30000.00,0.00,,金錢,苗栗縣公館鄉****,,
