﻿序號,擬參選人／政黨,選舉名稱,申報序號／年度,交易日期,收支科目,捐贈者／支出對象,身分證／統一編號,收入金額,支出金額,支出用途,金錢類,地址,聯絡電話,資料更正日期
1,林獻山,109年立法委員選舉,首次申報,1081122,個人捐贈收入,楊秀玲,A22*******,100000.00,0.00,,金錢,臺中市豐原區****,0932*****,
2,林獻山,109年立法委員選舉,首次申報,1081122,個人捐贈收入,邱士瑋,R12*******,100000.00,0.00,,金錢,臺南市新營區****,(06)*****,
3,林獻山,109年立法委員選舉,首次申報,1081126,匿名捐贈,匿名,,1.00,0.00,,金錢,,,
4,林獻山,109年立法委員選舉,首次申報,1081202,匿名捐贈,匿名,,3000.00,0.00,,金錢,,,
5,林獻山,109年立法委員選舉,首次申報,1081222,個人捐贈收入,林信一,E10*******,1200.00,0.00,,金錢,高雄市三民區****,,
6,林獻山,109年立法委員選舉,首次申報,1081223,其他收入,利息收入,,1.00,0.00,,金錢,,,
7,林獻山,109年立法委員選舉,首次申報,1081226,營利事業捐贈收入,九冠環境工程股份有限公司,23077331,50800.00,0.00,,金錢,臺中市烏日區****,,
8,林獻山,109年立法委員選舉,首次申報,1081226,個人捐贈收入,張恆嘉,A12*******,1000.00,0.00,,金錢,新北市三重區****,,
9,林獻山,109年立法委員選舉,首次申報,1081226,個人捐贈收入,林佩蓉,A22*******,1000.00,0.00,,金錢,臺北市文山區****,,
10,林獻山,109年立法委員選舉,首次申報,1081227,個人捐贈收入,劉東山,Q12*******,2000.00,0.00,,金錢,嘉義縣中埔鄉****,,
