﻿序號,擬參選人／政黨,選舉名稱,申報序號／年度,交易日期,收支科目,捐贈者／支出對象,身分證／統一編號,收入金額,支出金額,支出用途,金錢類,地址,聯絡電話,資料更正日期
1,呂義,107年縣(市)議員選舉,首次申報,1071006,個人捐贈收入,伍美橋,,2500.00,0.00,,非金錢,屏東縣獅子鄉****,0911*****,
2,呂義,107年縣(市)議員選舉,首次申報,1071008,個人捐贈收入,藍旗瑞、藍綺娜、藍綺紋,,6000.00,0.00,,非金錢,,0919*****,
3,呂義,107年縣(市)議員選舉,首次申報,1071012,個人捐贈收入,簡東明,,5000.00,0.00,,非金錢,,0933*****,
4,呂義,107年縣(市)議員選舉,首次申報,1071013,匿名捐贈,孫旭日,,1000.00,0.00,,非金錢,,,
5,呂義,107年縣(市)議員選舉,首次申報,1071025,個人捐贈收入,傅丙林,,500.00,0.00,,非金錢,,0937*****,
6,呂義,107年縣(市)議員選舉,首次申報,1071026,個人捐贈收入,朱博文,,1000.00,0.00,,非金錢,屏東縣獅子鄉****,0989*****,
7,呂義,107年縣(市)議員選舉,首次申報,1071028,個人捐贈收入,呂勇,,4000.00,0.00,,非金錢,屏東縣獅子鄉****,0970*****,
8,呂義,107年縣(市)議員選舉,首次申報,1071102,個人捐贈收入,張太郎,,2000.00,0.00,,金錢,,0922*****,
9,呂義,107年縣(市)議員選舉,首次申報,1071102,個人捐贈收入,朱山櫻,,1000.00,0.00,,金錢,,0976*****,
10,呂義,107年縣(市)議員選舉,首次申報,1071102,個人捐贈收入,余新東,,10000.00,0.00,,金錢,,0927*****,
11,呂義,107年縣(市)議員選舉,首次申報,1071102,個人捐贈收入,簡昇輝,,2000.00,0.00,,金錢,,08-8*****,
12,呂義,107年縣(市)議員選舉,首次申報,1071102,個人捐贈收入,李秉勝,,2000.00,0.00,,金錢,,0920*****,
13,呂義,107年縣(市)議員選舉,首次申報,1071102,個人捐贈收入,周英傑,,2000.00,0.00,,金錢,,0915*****,
14,呂義,107年縣(市)議員選舉,首次申報,1071102,匿名捐贈,方幸一,,1000.00,0.00,,金錢,,,
15,呂義,107年縣(市)議員選舉,首次申報,1071102,匿名捐贈,李榮華,,1000.00,0.00,,金錢,,,
16,呂義,107年縣(市)議員選舉,首次申報,1071102,匿名捐贈,廖秋南,,6000.00,0.00,,金錢,,,
17,呂義,107年縣(市)議員選舉,首次申報,1071102,個人捐贈收入,張順和,,3000.00,0.00,,金錢,,0905*****,
18,呂義,107年縣(市)議員選舉,首次申報,1071102,個人捐贈收入,阮嬪,,2000.00,0.00,,金錢,,0960*****,
19,呂義,107年縣(市)議員選舉,首次申報,1071102,個人捐贈收入,曹永春,,8000.00,0.00,,金錢,,0988*****,
20,呂義,107年縣(市)議員選舉,首次申報,1071102,個人捐贈收入,曾基良,T10*******,6000.00,0.00,,金錢,屏東縣獅子鄉****,,
21,呂義,107年縣(市)議員選舉,首次申報,1071102,個人捐贈收入,童坤添,T12*******,2000.00,0.00,,金錢,,0981*****,
22,呂義,107年縣(市)議員選舉,首次申報,1071102,個人捐贈收入,藍志傑,T12*******,8000.00,0.00,,金錢,屏東縣獅子鄉****,,
23,呂義,107年縣(市)議員選舉,首次申報,1071102,個人捐贈收入,呂調枝,T20*******,10000.00,0.00,,金錢,屏東縣獅子鄉****,,
24,呂義,107年縣(市)議員選舉,首次申報,1071102,個人捐贈收入,童惠萍,T22*******,10000.00,0.00,,金錢,,0915*****,
25,呂義,107年縣(市)議員選舉,首次申報,1071102,個人捐贈收入,白靜穎,T22*******,2000.00,0.00,,金錢,屏東縣獅子鄉****,,
26,呂義,107年縣(市)議員選舉,首次申報,1071102,個人捐贈收入,黃選賢,V12*******,6000.00,0.00,,金錢,台東縣鹿野鄉****,,
