﻿序號,擬參選人／政黨,選舉名稱,申報序號／年度,交易日期,收支科目,捐贈者／支出對象,身分證／統一編號,收入金額,支出金額,捐贈方式,存入專戶日期,返還/繳庫,支出用途,金錢類,地址,聯絡電話,應揭露之支出對象,支出對象之內部人員姓名,支出對象之內部人員職稱,政黨之內部人員姓名,政黨之內部人員職稱,關係,更正註記,資料更正日期
1,張仲翹,111年臺中市議員選舉,第1次賸餘,1111227,參加公職人員選舉使用支出,多客有限公司-東興分公司,63261100,0.00,190.00,,,,餐費,金錢,,,否,,,,,,,
2,張仲翹,111年臺中市議員選舉,第1次賸餘,1111227,參加公職人員選舉使用支出,井云商號,87273766,0.00,50.00,,,,日用品,金錢,,,否,,,,,,,
3,張仲翹,111年臺中市議員選舉,第1次賸餘,1111230,參加公職人員選舉使用支出,笙鼎商行,87273479,0.00,240.00,,,,餐費,金錢,,,否,,,,,,,
4,張仲翹,111年臺中市議員選舉,第1次賸餘,1120423,參加公職人員選舉使用支出,格上汽車租賃股份有限公司,12208883,0.00,27120.00,,,,租金,金錢,臺北市大安區****,,否,,,,,,,
5,張仲翹,111年臺中市議員選舉,第1次賸餘,1120701,參加公職人員選舉使用支出,品多家超商,40659281,0.00,53.00,,,,日用品,金錢,,,否,,,,,,,
6,張仲翹,111年臺中市議員選舉,第1次賸餘,1120701,參加公職人員選舉使用支出,品多家超商,40659281,0.00,132.00,,,,日用品,金錢,,,否,,,,,,,
7,張仲翹,111年臺中市議員選舉,第1次賸餘,1120702,參加公職人員選舉使用支出,台灣普客二四股份有限公司宜蘭轉運站停車場,34946580,0.00,50.00,,,,停車費,金錢,,,否,,,,,,,
8,張仲翹,111年臺中市議員選舉,第1次賸餘,1120702,參加公職人員選舉使用支出,珍典餐廳,39975280,0.00,1567.00,,,,餐費,金錢,,,否,,,,,,,
9,張仲翹,111年臺中市議員選舉,第1次賸餘,1120703,參加公職人員選舉使用支出,阿鹿商行,47497213,0.00,550.00,,,,餐費,金錢,,,否,,,,,,,
10,張仲翹,111年臺中市議員選舉,第1次賸餘,1120703,參加公職人員選舉使用支出,冠星生活館有限公司,80143162,0.00,109.00,,,,日用品,金錢,,,否,,,,,,,
11,張仲翹,111年臺中市議員選舉,第1次賸餘,1120710,參加公職人員選舉使用支出,小米柑仔店有限公司,56106309,0.00,437.00,,,,圖書,金錢,,,否,,,,,,,
12,張仲翹,111年臺中市議員選舉,第1次賸餘,1120713,參加公職人員選舉使用支出,阿鹿商行,47497213,0.00,580.00,,,,餐費,金錢,,,否,,,,,,,
13,張仲翹,111年臺中市議員選舉,第1次賸餘,1120713,參加公職人員選舉使用支出,銘鴻文具有限公司,53305136,0.00,15.00,,,,圖書,金錢,,,否,,,,,,,
14,張仲翹,111年臺中市議員選舉,第1次賸餘,1120722,參加公職人員選舉使用支出,格上汽車租賃股份有限公司,12208883,0.00,6103.00,,,,租金,金錢,臺北市大安區****,,否,,,,,,,
15,張仲翹,111年臺中市議員選舉,第1次賸餘,1120723,參加公職人員選舉使用支出,魚青食堂,85324022,0.00,430.00,,,,餐費,金錢,,,否,,,,,,,
16,張仲翹,111年臺中市議員選舉,第1次賸餘,1120725,參加公職人員選舉使用支出,華曜出版事業有限公司,89894869,0.00,2632.00,,,,圖書,金錢,,,否,,,,,,,
17,張仲翹,111年臺中市議員選舉,第1次賸餘,1120728,參加公職人員選舉使用支出,分盈股份有限公司育才北營業所,47467359,0.00,352.00,,,,餐費,金錢,,,否,,,,,,,
18,張仲翹,111年臺中市議員選舉,第1次賸餘,1120728,參加公職人員選舉使用支出,分盈股份有限公司育才北營業所,47467359,0.00,203.00,,,,餐費,金錢,,,否,,,,,,,
19,張仲翹,111年臺中市議員選舉,第1次賸餘,1120802,參加公職人員選舉使用支出,百花堂文藝有限公司,82829843,0.00,2296.00,,,,餐費,金錢,,,否,,,,,,,
20,張仲翹,111年臺中市議員選舉,第1次賸餘,1120811,參加公職人員選舉使用支出,統一超商股份有限公司-台中市第三八一分公司,24792024,0.00,3.00,,,,日用品,金錢,,,否,,,,,,,
21,張仲翹,111年臺中市議員選舉,第1次賸餘,1120813,參加公職人員選舉使用支出,乾杯冷飲店,34915144,0.00,60.00,,,,飲品,金錢,,,否,,,,,,,
22,張仲翹,111年臺中市議員選舉,第1次賸餘,1120817,參加公職人員選舉使用支出,統一超商股份有限公司-台中巿第十七分公司,16086762,0.00,55.00,,,,運費,金錢,,,否,,,,,,,
23,張仲翹,111年臺中市議員選舉,第1次賸餘,1120922,參加公職人員選舉使用支出,博客停車場開發股份有限公司燦坤公益場,82530528,0.00,30.00,,,,停車費,金錢,,,否,,,,,,,
24,張仲翹,111年臺中市議員選舉,第1次賸餘,1120925,參加公職人員選舉使用支出,春水堂實業股份有限公司,92233771,0.00,352.00,,,,餐費,金錢,,,否,,,,,,,
25,張仲翹,111年臺中市議員選舉,第1次賸餘,1121004,參加公職人員選舉使用支出,春水堂實業股份有限公司,92233771,0.00,1500.00,,,,餐費,金錢,,,否,,,,,,,
26,張仲翹,111年臺中市議員選舉,第1次賸餘,1121004,參加公職人員選舉使用支出,春水堂實業股份有限公司,92233771,0.00,2156.00,,,,餐費,金錢,,,否,,,,,,,
27,張仲翹,111年臺中市議員選舉,第1次賸餘,1121012,參加公職人員選舉使用支出,如願食品有限公司,42683131,0.00,280.00,,,,餐費,金錢,,,否,,,,,,,
28,張仲翹,111年臺中市議員選舉,第1次賸餘,1121012,參加公職人員選舉使用支出,如願食品有限公司,42683131,0.00,270.00,,,,餐費,金錢,,,否,,,,,,,
29,張仲翹,111年臺中市議員選舉,第1次賸餘,1121014,參加公職人員選舉使用支出,東興百貨有限公司,83590397,0.00,378.00,,,,飲品,金錢,,,否,,,,,,,
30,張仲翹,111年臺中市議員選舉,第1次賸餘,1121027,參加公職人員選舉使用支出,金海岸活蝦有限公司,42882531,0.00,4500.00,,,,餐費,金錢,,,否,,,,,,,
