﻿序號,擬參選人／政黨,選舉名稱,申報序號／年度,交易日期,收支科目,捐贈者／支出對象,身分證／統一編號,收入金額,支出金額,支出用途,金錢類,地址,聯絡電話,資料更正日期
1,竇望義,107年鄉(鎮、市)長選舉,首次申報,1071101,個人捐贈收入,袁天宗,,16000.00,0.00,,非金錢,屏東縣來義鄉****,,
2,竇望義,107年鄉(鎮、市)長選舉,首次申報,1071102,個人捐贈收入,蘇文和,,7200.00,0.00,,非金錢,屏東縣來義鄉****,,
3,竇望義,107年鄉(鎮、市)長選舉,首次申報,1071102,個人捐贈收入,張金針,,2000.00,0.00,,非金錢,屏東縣潮州鎮****,,
4,竇望義,107年鄉(鎮、市)長選舉,首次申報,1071103,個人捐贈收入,趙清吉,,2400.00,0.00,,非金錢,屏東縣來義鄉****,,
5,竇望義,107年鄉(鎮、市)長選舉,首次申報,1071105,個人捐贈收入,周貴煌,,8000.00,0.00,,非金錢,屏東縣來義鄉****,,
6,竇望義,107年鄉(鎮、市)長選舉,首次申報,1071105,個人捐贈收入,高清嘉,,4800.00,0.00,,非金錢,屏東縣來義鄉****,,
7,竇望義,107年鄉(鎮、市)長選舉,首次申報,1071108,個人捐贈收入,武金英,,4800.00,0.00,,非金錢,屏東縣來義鄉****,,
8,竇望義,107年鄉(鎮、市)長選舉,首次申報,1071113,個人捐贈收入,林金嘉,,6400.00,0.00,,非金錢,屏東縣來義鄉****,,
9,竇望義,107年鄉(鎮、市)長選舉,首次申報,1071113,個人捐贈收入,古瑞雄,,20000.00,0.00,,非金錢,屏東縣潮州鎮****,,
10,竇望義,107年鄉(鎮、市)長選舉,首次申報,1071115,個人捐贈收入,高清儒,,6000.00,0.00,,非金錢,屏東縣來義鄉****,,
11,竇望義,107年鄉(鎮、市)長選舉,首次申報,1071119,個人捐贈收入,柯秀英,,14000.00,0.00,,非金錢,屏東縣來義鄉****,,
12,竇望義,107年鄉(鎮、市)長選舉,首次申報,1071119,個人捐贈收入,竇望智,,7200.00,0.00,,非金錢,高雄市小港區****,,
