﻿序號,擬參選人／政黨,選舉名稱,申報序號／年度,交易日期,收支科目,捐贈者／支出對象,身分證／統一編號,收入金額,支出金額,支出用途,金錢類,地址,聯絡電話,資料更正日期
1,宋麗華,107年縣(市)議員選舉,首次申報,1070919,雜支支出,燦坤,03681315,0.00,504.00,隨身碟,金錢,,,
2,宋麗華,107年縣(市)議員選舉,首次申報,1070920,雜支支出,立豐鎖匙行,,0.00,85.00,刻印章,金錢,屏東市勝利路****,,
3,宋麗華,107年縣(市)議員選舉,首次申報,1070921,雜支支出,7-ELEVEN,28972336,0.00,338.00,食品,金錢,,,
4,宋麗華,107年縣(市)議員選舉,首次申報,1071002,雜支支出,勝豐企業社,,0.00,450.00,選舉背心,金錢,屏東市民生路****,,
5,宋麗華,107年縣(市)議員選舉,首次申報,1071005,雜支支出,九九五金日用品,83849065,0.00,71.00,食品百貨,金錢,屏東市大連路****,,
6,宋麗華,107年縣(市)議員選舉,首次申報,1071006,雜支支出,吉仁五金,47781379,0.00,45.00,五金,金錢,屏東縣潭頭路****,,
7,宋麗華,107年縣(市)議員選舉,首次申報,1071006,雜支支出,長治鄉農會生鮮,99250802,0.00,50.00,食品,金錢,,,
8,宋麗華,107年縣(市)議員選舉,首次申報,1071008,雜支支出,7-ELEVEN,28972336,0.00,15.00,食品,金錢,,,
9,宋麗華,107年縣(市)議員選舉,首次申報,1071009,宣傳支出,屏東縣政府環保,,0.00,500.00,廣告設置,金錢,屏東縣自由路****,,
10,宋麗華,107年縣(市)議員選舉,首次申報,1071009,雜支支出,一品花店,,0.00,1000.00,蘭花一盆,金錢,屏東市建華一****,,
11,宋麗華,107年縣(市)議員選舉,首次申報,1071010,雜支支出,麟洛花園,,0.00,1500.00,蘭花盆,金錢,屏東縣麟洛鄉****,,
12,宋麗華,107年縣(市)議員選舉,首次申報,1071010,雜支支出,麟洛花園,,0.00,2000.00,蘭花盆,金錢,屏東縣麟洛鄉****,,
13,宋麗華,107年縣(市)議員選舉,首次申報,1071015,宣傳支出,台大打字行,90742497,0.00,170.00,影印紙,金錢,屏東市中山路****,,
14,宋麗華,107年縣(市)議員選舉,首次申報,1071016,雜支支出,7-ELEVEN,28972336,0.00,10.00,食品,金錢,,,
15,宋麗華,107年縣(市)議員選舉,首次申報,1071016,雜支支出,寶利流通,29383456,0.00,111.00,五金,金錢,屏東市忠孝路****,,
16,宋麗華,107年縣(市)議員選舉,首次申報,1071017,宣傳支出,屏東縣政府環保,,0.00,500.00,廣告設置,金錢,屏東縣自由路****,,
17,宋麗華,107年縣(市)議員選舉,首次申報,1071017,雜支支出,7-ELEVEN,28972336,0.00,10.00,食品,金錢,,,
18,宋麗華,107年縣(市)議員選舉,首次申報,1071017,雜支支出,寶利流通,29383456,0.00,72.00,五金,金錢,屏東市忠孝路****,,
19,宋麗華,107年縣(市)議員選舉,首次申報,1071018,雜支支出,順發 3C,28979794,0.00,249.00,電器用品,金錢,,,
20,宋麗華,107年縣(市)議員選舉,首次申報,1071019,雜支支出,7-ELEVEN,28972336,0.00,1670.00,食品,金錢,,,
21,宋麗華,107年縣(市)議員選舉,首次申報,1071019,雜支支出,吉仁五金,47781379,0.00,170.00,五金,金錢,屏東縣潭頭路****,,
22,宋麗華,107年縣(市)議員選舉,首次申報,1071024,雜支支出,金玉堂,95984037,0.00,96.00,文具,金錢,屏東市建豐路****,,
23,宋麗華,107年縣(市)議員選舉,首次申報,1071025,集會支出,宜泉冷飲店,,0.00,201.00,飲品,金錢,屏東市林森路****,,
24,宋麗華,107年縣(市)議員選舉,首次申報,1071027,雜支支出,吉仁五金,47781379,0.00,130.00,五金,金錢,屏東縣潭頭路****,,
25,宋麗華,107年縣(市)議員選舉,首次申報,1071029,雜支支出,吉仁五金,47781379,0.00,159.00,五金,金錢,屏東縣潭頭路****,,
26,宋麗華,107年縣(市)議員選舉,首次申報,1071030,租用宣傳車輛支出,台灣中油,90974849,0.00,112.00,加油,金錢,,,
27,宋麗華,107年縣(市)議員選舉,首次申報,1071102,宣傳支出,普天視覺,36743483,0.00,1800.00,文宣傳單,金錢,屏東市崇勇街****,,
28,宋麗華,107年縣(市)議員選舉,首次申報,1071105,雜支支出,全國電子,16320113,0.00,188.00,電器,金錢,屏東市廣東路****,,
29,宋麗華,107年縣(市)議員選舉,首次申報,1071105,雜支支出,曹國銓,T12*******,0.00,10000.00,蘭花盆組,金錢,屏東市中正路****,,
30,宋麗華,107年縣(市)議員選舉,首次申報,1071106,宣傳支出,宏興電腦,67818585,0.00,12000.00,紅榜,金錢,屏東市大武路****,,
31,宋麗華,107年縣(市)議員選舉,首次申報,1071107,雜支支出,吉仁五金,47781379,0.00,30.00,五金,金錢,屏東縣長治鄉****,,
32,宋麗華,107年縣(市)議員選舉,首次申報,1071112,雜支支出,7-ELEVEN,28972336,0.00,4.00,食品,金錢,,,
33,宋麗華,107年縣(市)議員選舉,首次申報,1071115,集會支出,吉品便當,,0.00,1600.00,便當,金錢,屏東市仁愛里****,,
34,宋麗華,107年縣(市)議員選舉,首次申報,1071115,宣傳支出,宏興電腦打字,67818585,0.00,25000.00,文宣一批,金錢,屏東市大武路****,,
35,宋麗華,107年縣(市)議員選舉,首次申報,1071115,集會支出,宏興電腦打字,67818585,0.00,25000.00,文宣一批,金錢,屏東市大武路****,,
36,宋麗華,107年縣(市)議員選舉,首次申報,1071116,雜支支出,曹國銓,T12*******,0.00,10000.00,蘭花盆組,金錢,屏東市中正路****,,
37,宋麗華,107年縣(市)議員選舉,首次申報,1071117,雜支支出,曹國銓,T12*******,0.00,1500.00,蝴蝶蘭,金錢,屏東市中正路****,,
38,宋麗華,107年縣(市)議員選舉,首次申報,1071119,雜支支出,7-ELEVEN,28972336,0.00,90.00,食品,金錢,,,
39,宋麗華,107年縣(市)議員選舉,首次申報,1071119,雜支支出,7-ELEVEN,28972336,0.00,250.00,食品,金錢,,,
40,宋麗華,107年縣(市)議員選舉,首次申報,1071119,租用宣傳車輛支出,北基國際,40911200,0.00,1180.00,加油,金錢,,,
41,宋麗華,107年縣(市)議員選舉,首次申報,1071120,租用宣傳車輛支出,台灣中油,08022702,0.00,700.00,加油,金錢,九如東寧站****,,
42,宋麗華,107年縣(市)議員選舉,首次申報,1071120,集會支出,水澤食堂,47903090,0.00,2690.00,便當,金錢,屏東縣里港鄉****,,
43,宋麗華,107年縣(市)議員選舉,首次申報,1071120,雜支支出,7-ELEVEN,51587308,0.00,105.00,食品,金錢,,,
44,宋麗華,107年縣(市)議員選舉,首次申報,1071120,集會支出,阿華自助餐,81347122,0.00,2640.00,便當,金錢,屏東縣長治鄉****,,
45,宋麗華,107年縣(市)議員選舉,首次申報,1071121,雜支支出,7-ELEVEN,28972336,0.00,250.00,食品,金錢,,,
46,宋麗華,107年縣(市)議員選舉,首次申報,1071121,集會支出,茶的魔手,40818730,0.00,395.00,飲料一批,金錢,,,
47,宋麗華,107年縣(市)議員選舉,首次申報,1071121,集會支出,來來自助餐,83848621,0.00,800.00,便當,金錢,屏東縣長治鄉****,,
48,宋麗華,107年縣(市)議員選舉,首次申報,1071121,租用宣傳車輛支出,台灣中油,90739134,0.00,700.00,加油,金錢,鹽埔站****,,
49,宋麗華,107年縣(市)議員選舉,首次申報,1071122,租用宣傳車輛支出,台灣中油,07996213,0.00,1264.00,加油,金錢,長治站****,,
50,宋麗華,107年縣(市)議員選舉,首次申報,1071122,租用宣傳車輛支出,台灣中油,07996213,0.00,894.00,加油,金錢,長治站****,,
51,宋麗華,107年縣(市)議員選舉,首次申報,1071122,雜支支出,7-ELEVEN,27948817,0.00,1423.00,食品,金錢,,,
52,宋麗華,107年縣(市)議員選舉,首次申報,1071122,雜支支出,7-ELEVEN,27948817,0.00,115.00,食品,金錢,,,
53,宋麗華,107年縣(市)議員選舉,首次申報,1071122,集會支出,吉品便當,36857859,0.00,2490.00,便當,金錢,屏東市廣東路****,,
54,宋麗華,107年縣(市)議員選舉,首次申報,1071123,集會支出,水澤食堂,47903090,0.00,2640.00,便當,金錢,屏東縣里港鄉****,,
55,宋麗華,107年縣(市)議員選舉,首次申報,1071123,人事費用支出,陳勇志,T12*******,0.00,126000.00,薪資,金錢,屏東縣里港鄉****,,
56,宋麗華,107年縣(市)議員選舉,首次申報,1071123,人事費用支出,洪怡昕,T22*******,0.00,100000.00,薪資,金錢,屏東縣長治鄉****,,
57,宋麗華,107年縣(市)議員選舉,首次申報,1071124,雜支支出,吉仁五金,47781379,0.00,160.00,五金,金錢,屏東縣長治鄉****,,
58,宋麗華,107年縣(市)議員選舉,首次申報,1071125,宣傳支出,勝豐企業社,40799240,0.00,22400.00,背心.帽子,金錢,屏東市民生路****,,
59,宋麗華,107年縣(市)議員選舉,首次申報,1071125,雜支支出,吉仁五金,47781379,0.00,135.00,五金,金錢,屏東縣長治鄉****,,
60,宋麗華,107年縣(市)議員選舉,首次申報,1071125,雜支支出,吉仁五金,47781379,0.00,20.00,五金,金錢,屏東縣長治鄉****,,
61,宋麗華,107年縣(市)議員選舉,首次申報,1071125,集會支出,太師傅便當專賣店,53582808,0.00,1180.00,便當,金錢,屏東店****,,
62,宋麗華,107年縣(市)議員選舉,首次申報,1071125,租用宣傳車輛支出,加油站有限公司,70705620,0.00,680.00,加油,金錢,屏東縣高樹鄉****,,
63,宋麗華,107年縣(市)議員選舉,首次申報,1071125,宣傳支出,畢卡索廣告社,78789171,0.00,15000.00,宣傳單,金錢,屏東市華正路****,,
64,宋麗華,107年縣(市)議員選舉,首次申報,1071125,宣傳支出,畢卡索廣告社,78789171,0.00,4000.00,投開票噴圖貼紙,金錢,屏東市華正路****,,
65,宋麗華,107年縣(市)議員選舉,首次申報,1071126,雜支支出,吉仁五金賣場,47781379,0.00,115.00,五金,金錢,屏東縣長治鄉****,,
66,宋麗華,107年縣(市)議員選舉,首次申報,1071126,雜支支出,畢卡索廣告社,78789171,0.00,15000.00,宣傳單,金錢,屏東市華正路****,,
67,宋麗華,107年縣(市)議員選舉,首次申報,1071126,宣傳支出,國新打字社,90861789,0.00,1500.00,紅榜,金錢,屏東市建國路****,,
68,宋麗華,107年縣(市)議員選舉,首次申報,1071127,雜支支出,寶利流通事業,29383456,0.00,132.00,文具小五金,金錢,屏東市忠孝路****,,
69,宋麗華,107年縣(市)議員選舉,首次申報,1071129,雜支支出,全國電子,16325807,0.00,890.00,電器,金錢,屏東市廣東路****,,
