﻿序號,擬參選人／政黨,選舉名稱,申報序號／年度,交易日期,收支科目,捐贈者／支出對象,身分證／統一編號,收入金額,支出金額,支出用途,金錢類,地址,聯絡電話,資料更正日期
1,董國誠,107年縣(市)議員選舉,首次申報,1071019,個人捐贈收入,董碧櫻,Q22*******,6000.00,0.00,,非金錢,嘉義縣太保市****,0988*****,
2,董國誠,107年縣(市)議員選舉,首次申報,1071020,個人捐贈收入,葉豐景,,4000.00,0.00,,非金錢,,0523*****,
3,董國誠,107年縣(市)議員選舉,首次申報,1071022,個人捐贈收入,黃麗憬,,2080.00,0.00,,非金錢,,0938*****,
4,董國誠,107年縣(市)議員選舉,首次申報,1071023,個人捐贈收入,李永勝,,20000.00,0.00,,非金錢,嘉義市西區車****,,
5,董國誠,107年縣(市)議員選舉,首次申報,1071023,個人捐贈收入,李永勝,,7200.00,0.00,,非金錢,嘉義市西區車****,,
6,董國誠,107年縣(市)議員選舉,首次申報,1071110,營利事業捐贈收入,皇逸建設開發股份有限公司東石辦事處,17168024,100000.00,0.00,,金錢,嘉義縣太保市****,,
