﻿序號,擬參選人／政黨,選舉名稱,申報序號／年度,交易日期,收支科目,捐贈者／支出對象,身分證／統一編號,收入金額,支出金額,捐贈方式,存入專戶日期,返還/繳庫,支出用途,金錢類,地址,聯絡電話,應揭露之支出對象,支出對象之內部人員姓名,支出對象之內部人員職稱,政黨之內部人員姓名,政黨之內部人員職稱,關係,更正註記,資料更正日期
1,凌子楚,111年嘉義市議員選舉,首次申報,1110701,宣傳支出,宏揚鷹架有限公司,28762303,0.00,70000.00,,,,租用廣告看板或車體廣告費用,金錢,嘉義市西區博****,0523*****,否,,,,,,,
2,凌子楚,111年嘉義市議員選舉,首次申報,1110801,宣傳支出,陳立,P12*******,0.00,72000.00,,,,租用廣告看板或車體廣告費用,金錢,嘉義市東區林****,0972*****,否,,,,,,,
3,凌子楚,111年嘉義市議員選舉,首次申報,1110801,宣傳支出,歐陽柯金玉,Q20*******,0.00,40000.00,,,,租用廣告看板或車體廣告費用,金錢,嘉義市東區啟****,0522*****,否,,,,,,,
4,凌子楚,111年嘉義市議員選舉,首次申報,1110810,宣傳支出,佳佳廣告社,18287815,0.00,14700.00,,,,郵寄競選物品或宣傳廣告費用,金錢,嘉義市東區彌****,0527*****,否,,,,,,,
5,凌子楚,111年嘉義市議員選舉,首次申報,1110826,宣傳支出,莊昭憲,Q12*******,0.00,66000.00,,,,租用廣告看板或車體廣告費用,金錢,嘉義市北鎮街****,0933*****,否,,,,,,,
6,凌子楚,111年嘉義市議員選舉,首次申報,1110901,宣傳支出,嘉鋒鷹架有限公司,83778596,0.00,36000.00,,,,租用廣告看板或車體廣告費用,金錢,嘉義縣民雄鄉****,0522*****,否,,,,,,,
7,凌子楚,111年嘉義市議員選舉,首次申報,1110901,宣傳支出,嘉鋒鷹架有限公司,83778596,0.00,48000.00,,,,租用廣告看板或車體廣告費用,金錢,嘉義縣民雄鄉****,0522*****,否,,,,,,,
8,凌子楚,111年嘉義市議員選舉,首次申報,1110910,宣傳支出,佳佳廣告社,18287815,0.00,14700.00,,,,郵寄競選物品或宣傳廣告費用,金錢,嘉義市東區彌****,0527*****,否,,,,,,,
9,凌子楚,111年嘉義市議員選舉,首次申報,1111007,宣傳支出,佳佳廣告社,18287815,0.00,15050.00,,,,播放、傳送或刊登宣傳廣告費用,金錢,嘉義市東區彌****,0527*****,否,,,,,,,
10,凌子楚,111年嘉義市議員選舉,首次申報,1111026,宣傳支出,星鉿媒體廣告有限公司,54668249,0.00,42000.00,,,,播放、傳送或刊登宣傳廣告費用,金錢,臺北市忠孝東****,0227*****,否,,,,,,,
11,凌子楚,111年嘉義市議員選舉,首次申報,1111031,宣傳支出,鋒彩廣告設計有限公司,83778575,0.00,59835.00,,,,播放、傳送或刊登宣傳廣告費用,金錢,嘉義縣民雄鄉****,,否,,,,,,,
12,凌子楚,111年嘉義市議員選舉,首次申報,1111101,宣傳支出,正嘉隆彩色印刷股份有限公司,66469429,0.00,142240.00,,,,製作競選物品或宣傳廣告費用-波文宣、名片印製,金錢,嘉義市北門里****,0527*****,否,,,,,,,
13,凌子楚,111年嘉義市議員選舉,首次申報,1111101,宣傳支出,正嘉隆彩色印刷股份有限公司,66469429,0.00,300000.00,,,,委託辦理研究、評估、調查、設計或規劃費用,金錢,嘉義市北門里****,0527*****,否,,,,,,,
14,凌子楚,111年嘉義市議員選舉,首次申報,1111104,宣傳支出,大嘉義行銷管理股份有限公司,80579778,0.00,100000.00,,,,播放、傳送或刊登宣傳廣告費用,金錢,嘉義市西區北****,0523*****,否,,,,,,,
15,凌子楚,111年嘉義市議員選舉,首次申報,1111111,宣傳支出,佳佳廣告社,18287815,0.00,15050.00,,,,播放、傳送或刊登宣傳廣告費用,金錢,嘉義市東區彌****,0527*****,否,,,,,,,
16,凌子楚,111年嘉義市議員選舉,首次申報,1111123,宣傳支出,冠鴻廣告企業社,81954553,0.00,300720.00,,,,其他與選舉宣傳有關之費用-帆布印刷與派吊車拆掛,金錢,嘉義縣民雄鄉****,0934*****,否,,,,,,,
17,凌子楚,111年嘉義市議員選舉,首次申報,1120217,返還捐贈支出,聿勝建設有限公司,24608940,0.00,150000.00,,,,返還,金錢,嘉義市東區中****,,否,,,,,,,
18,凌子楚,111年嘉義市議員選舉,首次申報,1120217,返還捐贈支出,緯辰建設開發有限公司,54970714,0.00,100000.00,,,,返還,金錢,嘉義市西區國****,,否,,,,,,,
