﻿序號,擬參選人／政黨,選舉名稱,申報序號／年度,交易日期,收支科目,捐贈者／支出對象,身分證／統一編號,收入金額,支出金額,捐贈方式,存入專戶日期,返還/繳庫,支出用途,金錢類,地址,聯絡電話,應揭露之支出對象,支出對象之內部人員姓名,支出對象之內部人員職稱,政黨之內部人員姓名,政黨之內部人員職稱,關係,更正註記,資料更正日期
1,凌子楚,111年嘉義市議員選舉,首次申報,1110818,個人捐贈收入,謝素茹,Q22*******,60000.00,0.00,匯款,1110818,,,金錢,嘉義市東區彌****,0919*****,,,,,,,,
2,凌子楚,111年嘉義市議員選舉,首次申報,1110822,匿名捐贈,李明穎,,6600.00,0.00,匯款,1110822,,,金錢,,,,,,,,,,
3,凌子楚,111年嘉義市議員選舉,首次申報,1110830,個人捐贈收入,林松穎,M10*******,3000.00,0.00,匯款,1110830,,,金錢,嘉義縣梅山鄉****,0919*****,,,,,,,,
4,凌子楚,111年嘉義市議員選舉,首次申報,1110831,個人捐贈收入,郭進昆,Q12*******,6000.00,0.00,匯款,1110831,,,金錢,嘉義市東區荖****,0931*****,,,,,,,,
5,凌子楚,111年嘉義市議員選舉,首次申報,1110905,匿名捐贈,吳文燦,,3000.00,0.00,匯款,1110905,,,金錢,,,,,,,,,,
6,凌子楚,111年嘉義市議員選舉,首次申報,1110909,匿名捐贈,吳清榮,,10000.00,0.00,匯款,1110909,,,金錢,,,,,,,,,,
7,凌子楚,111年嘉義市議員選舉,首次申報,1110916,營利事業捐贈收入,連昌國際有限公司,80197737,50000.00,0.00,匯款,1110916,,,金錢,新北市中和區****,0932*****,,,,,,,,
8,凌子楚,111年嘉義市議員選舉,首次申報,1110930,營利事業捐贈收入,緯辰建設開發有限公司,54970714,100000.00,0.00,票據,1111004,已返還,,金錢,嘉義市西區國****,0528*****,,,,,,,,
9,凌子楚,111年嘉義市議員選舉,首次申報,1111011,個人捐贈收入,劉偉民,P12*******,10000.00,0.00,匯款,1111011,,,金錢,嘉義縣新港鄉****,0921*****,,,,,,,,
10,凌子楚,111年嘉義市議員選舉,首次申報,1111013,個人捐贈收入,吳文烈,Q12*******,30000.00,0.00,匯款,1111013,,,金錢,嘉義市西區北****,0932*****,,,,,,,,
11,凌子楚,111年嘉義市議員選舉,首次申報,1111023,個人捐贈收入,余明興,H12*******,10000.00,0.00,匯款,1111023,,,金錢,新北市中和區****,,,,,,,,,
12,凌子楚,111年嘉義市議員選舉,首次申報,1111101,個人捐贈收入,成瑋,A22*******,100000.00,0.00,匯款,1111101,,,金錢,新北市中和區****,0932*****,,,,,,,,
13,凌子楚,111年嘉義市議員選舉,首次申報,1111101,個人捐贈收入,凌瑋,I10*******,100000.00,0.00,匯款,1111101,,,金錢,嘉義市東區大****,0988*****,,,,,,,,
14,凌子楚,111年嘉義市議員選舉,首次申報,1111101,個人捐贈收入,凌遠,I10*******,100000.00,0.00,匯款,1111101,,,金錢,嘉義市東區大****,0935*****,,,,,,,,
15,凌子楚,111年嘉義市議員選舉,首次申報,1111101,個人捐贈收入,李貞儀,I20*******,100000.00,0.00,匯款,1111101,,,金錢,嘉義市東區大****,,,,,,,,,
16,凌子楚,111年嘉義市議員選舉,首次申報,1111101,個人捐贈收入,李彥滌,N22*******,100000.00,0.00,匯款,1111101,,,金錢,嘉義市東區大****,,,,,,,,,
17,凌子楚,111年嘉義市議員選舉,首次申報,1111101,個人捐贈收入,胡招來,Q12*******,100000.00,0.00,匯款,1111101,,,金錢,嘉義縣竹崎鄉****,0937*****,,,,,,,,
18,凌子楚,111年嘉義市議員選舉,首次申報,1111111,營利事業捐贈收入,瑞壹紙器有限公司,66601721,10000.00,0.00,匯款,1111111,,,金錢,嘉義市東區荖****,0523*****,,,,,,,,
19,凌子楚,111年嘉義市議員選舉,首次申報,1111112,個人捐贈收入,陳昭翰,I10*******,50000.00,0.00,匯款,1111112,,,金錢,嘉義市東區國****,,,,,,,,,
20,凌子楚,111年嘉義市議員選舉,首次申報,1111116,個人捐贈收入,蔡宗彬,Q12*******,20000.00,0.00,匯款,1111116,,,金錢,嘉義縣竹崎鄉****,0922*****,,,,,,,,
21,凌子楚,111年嘉義市議員選舉,首次申報,1111125,營利事業捐贈收入,聿勝建設有限公司,24608940,150000.00,0.00,匯款,1111125,已返還,,金錢,嘉義市東區中****,,,,,,,,,
22,凌子楚,111年嘉義市議員選舉,首次申報,1111125,營利事業捐贈收入,長業營造有限公司,96995981,200000.00,0.00,匯款,1111125,,,金錢,嘉義市東區中****,0932*****,,,,,,,,
23,凌子楚,111年嘉義市議員選舉,首次申報,1111221,其他收入,利息收入,,396.00,0.00,現金,1111221,,,金錢,,,,,,,,,,
