﻿序號,擬參選人／政黨,選舉名稱,申報序號／年度,交易日期,收支科目,捐贈者／支出對象,身分證／統一編號,收入金額,支出金額,支出用途,金錢類,地址,聯絡電話,資料更正日期
1,林浚熙,107年鄉(鎮、市)長選舉,首次申報,1070806,個人捐贈收入,黃志柔,N12*******,50000.00,0.00,,金錢,新北市三峽區****,0970*****,
2,林浚熙,107年鄉(鎮、市)長選舉,首次申報,1070827,個人捐贈收入,廖清宏,N12*******,6000.00,0.00,,金錢,彰化縣竹塘鄉****,0937*****,
3,林浚熙,107年鄉(鎮、市)長選舉,首次申報,1071003,匿名捐贈,林原農,,3000.00,0.00,,金錢,,,
4,林浚熙,107年鄉(鎮、市)長選舉,首次申報,1071004,個人捐贈收入,黃梨美,N20*******,2000.00,0.00,,金錢,彰化縣竹塘鄉****,04-8*****,
5,林浚熙,107年鄉(鎮、市)長選舉,首次申報,1071005,個人捐贈收入,莊伯義,,6000.00,0.00,,金錢,彰化縣竹塘鄉****,0937*****,
6,林浚熙,107年鄉(鎮、市)長選舉,首次申報,1071012,個人捐贈收入,張淑芬,,2000.00,0.00,,金錢,嘉義縣溪口鄉****,0980*****,
7,林浚熙,107年鄉(鎮、市)長選舉,首次申報,1071014,匿名捐贈,袁世文,,2000.00,0.00,,金錢,,,
8,林浚熙,107年鄉(鎮、市)長選舉,首次申報,1071014,個人捐贈收入,林能全,N10*******,3000.00,0.00,,金錢,彰化縣竹塘鄉****,04-8*****,
9,林浚熙,107年鄉(鎮、市)長選舉,首次申報,1071019,個人捐贈收入,張文禮,,10000.00,0.00,,金錢,彰化縣竹塘鄉****,04-8*****,
10,林浚熙,107年鄉(鎮、市)長選舉,首次申報,1071026,個人捐贈收入,歐紫紜,,2000.00,0.00,,金錢,臺北市中山區****,0932*****,
11,林浚熙,107年鄉(鎮、市)長選舉,首次申報,1071030,個人捐贈收入,詹宥,,10000.00,0.00,,金錢,彰化縣竹塘鄉****,04-8*****,
