﻿序號,擬參選人／政黨,選舉名稱,申報序號／年度,交易日期,收支科目,捐贈者／支出對象,身分證／統一編號,收入金額,支出金額,支出用途,金錢類,地址,聯絡電話,資料更正日期
1,陳新源,107年縣(市)議員選舉,首次申報,1070820,個人捐贈收入,黃翊甄,,500.00,0.00,,金錢,,0923*****,
2,陳新源,107年縣(市)議員選舉,首次申報,1070822,個人捐贈收入,彭桂枝,,1000.00,0.00,,金錢,,0937*****,
3,陳新源,107年縣(市)議員選舉,首次申報,1070827,個人捐贈收入,林新偉,,2000.00,0.00,,金錢,,03-5*****,
4,陳新源,107年縣(市)議員選舉,首次申報,1070827,個人捐贈收入,林玉錦,,2000.00,0.00,,金錢,,0932*****,
5,陳新源,107年縣(市)議員選舉,首次申報,1070827,匿名捐贈,楊惠玲,,2000.00,0.00,,金錢,,,
6,陳新源,107年縣(市)議員選舉,首次申報,1070907,個人捐贈收入,羅浦豪,,2000.00,0.00,,金錢,,03-5*****,
7,陳新源,107年縣(市)議員選舉,首次申報,1070916,個人捐贈收入,吳南嬿,,2000.00,0.00,,金錢,,0972*****,
8,陳新源,107年縣(市)議員選舉,首次申報,1070916,個人捐贈收入,郭榮祥,,2000.00,0.00,,金錢,,03-5*****,
9,陳新源,107年縣(市)議員選舉,首次申報,1070916,個人捐贈收入,顏坤泉,,6600.00,0.00,,金錢,,0935*****,
10,陳新源,107年縣(市)議員選舉,首次申報,1070918,個人捐贈收入,楊輝夫,,5000.00,0.00,,金錢,,03-5*****,
11,陳新源,107年縣(市)議員選舉,首次申報,1070919,匿名捐贈,林譽洋,,2000.00,0.00,,金錢,,,
12,陳新源,107年縣(市)議員選舉,首次申報,1070924,個人捐贈收入,彭昇平,,1000.00,0.00,,金錢,,0982*****,
13,陳新源,107年縣(市)議員選舉,首次申報,1070925,個人捐贈收入,林燈城,,2000.00,0.00,,金錢,,0936*****,
14,陳新源,107年縣(市)議員選舉,首次申報,1070925,個人捐贈收入,許寧惠,,1000.00,0.00,,金錢,,0937*****,
15,陳新源,107年縣(市)議員選舉,首次申報,1070925,匿名捐贈,周丸生,,3000.00,0.00,,金錢,,,
16,陳新源,107年縣(市)議員選舉,首次申報,1070927,個人捐贈收入,何魏珍妹,,2000.00,0.00,,金錢,,03-5*****,
17,陳新源,107年縣(市)議員選舉,首次申報,1070927,匿名捐贈,張永文,,5000.00,0.00,,金錢,,,
18,陳新源,107年縣(市)議員選舉,首次申報,1070928,個人捐贈收入,徐正焜,,6000.00,0.00,,金錢,,0963*****,
19,陳新源,107年縣(市)議員選舉,首次申報,1070928,個人捐贈收入,林新忠,,10000.00,0.00,,金錢,,0933*****,
20,陳新源,107年縣(市)議員選舉,首次申報,1070928,個人捐贈收入,彭宇荺,,3000.00,0.00,,金錢,,0919*****,
21,陳新源,107年縣(市)議員選舉,首次申報,1070928,個人捐贈收入,陳英凱,,3000.00,0.00,,金錢,,0975*****,
22,陳新源,107年縣(市)議員選舉,首次申報,1070929,個人捐贈收入,葉春妹,,20000.00,0.00,,金錢,,03-5*****,
23,陳新源,107年縣(市)議員選舉,首次申報,1070929,個人捐贈收入,陳維鏡,,3000.00,0.00,,金錢,,03-5*****,
24,陳新源,107年縣(市)議員選舉,首次申報,1070929,個人捐贈收入,劉火木,,2000.00,0.00,,金錢,,0933*****,
25,陳新源,107年縣(市)議員選舉,首次申報,1070929,個人捐贈收入,林新民,,12000.00,0.00,,金錢,,03-5*****,
26,陳新源,107年縣(市)議員選舉,首次申報,1070929,個人捐贈收入,林祺隆,,5000.00,0.00,,金錢,,03-5*****,
27,陳新源,107年縣(市)議員選舉,首次申報,1070929,個人捐贈收入,陳培鈞,,2000.00,0.00,,金錢,,0937*****,
28,陳新源,107年縣(市)議員選舉,首次申報,1070929,個人捐贈收入,林政洋,,1500.00,0.00,,金錢,,03-5*****,
29,陳新源,107年縣(市)議員選舉,首次申報,1070929,個人捐贈收入,陳英西,,5000.00,0.00,,金錢,,03-5*****,
30,陳新源,107年縣(市)議員選舉,首次申報,1070929,個人捐贈收入,陳玉堂,,3000.00,0.00,,金錢,,03-5*****,
31,陳新源,107年縣(市)議員選舉,首次申報,1070929,個人捐贈收入,陳能開,,5000.00,0.00,,金錢,,03-5*****,
32,陳新源,107年縣(市)議員選舉,首次申報,1070929,個人捐贈收入,陳俊良,,5000.00,0.00,,金錢,,0937*****,
33,陳新源,107年縣(市)議員選舉,首次申報,1070929,個人捐贈收入,陳英修,,5000.00,0.00,,金錢,,0910*****,
34,陳新源,107年縣(市)議員選舉,首次申報,1070929,匿名捐贈,陳俊良,,1600.00,0.00,,金錢,,,
35,陳新源,107年縣(市)議員選舉,首次申報,1070929,匿名捐贈,鄧慶火,,2000.00,0.00,,金錢,,,
36,陳新源,107年縣(市)議員選舉,首次申報,1070930,個人捐贈收入,陳新源,,3000.00,0.00,,金錢,,03-5*****,
37,陳新源,107年縣(市)議員選舉,首次申報,1070930,個人捐贈收入,詹益鈺,,3200.00,0.00,,金錢,,0922*****,
38,陳新源,107年縣(市)議員選舉,首次申報,1070930,個人捐贈收入,吳兆良,,2000.00,0.00,,金錢,,0955*****,
39,陳新源,107年縣(市)議員選舉,首次申報,1070930,個人捐贈收入,黃劉振,,10000.00,0.00,,金錢,,0932*****,
40,陳新源,107年縣(市)議員選舉,首次申報,1070930,個人捐贈收入,莊秋菊,,10000.00,0.00,,金錢,,0932*****,
41,陳新源,107年縣(市)議員選舉,首次申報,1070930,個人捐贈收入,林享登,,2000.00,0.00,,金錢,,03-5*****,
42,陳新源,107年縣(市)議員選舉,首次申報,1070930,個人捐贈收入,林玉富,,3000.00,0.00,,金錢,,03-5*****,
43,陳新源,107年縣(市)議員選舉,首次申報,1070930,個人捐贈收入,黃博仁,,2000.00,0.00,,金錢,,02-2*****,
44,陳新源,107年縣(市)議員選舉,首次申報,1070930,個人捐贈收入,王文山,,2000.00,0.00,,金錢,,0928*****,
45,陳新源,107年縣(市)議員選舉,首次申報,1070930,個人捐贈收入,陳連福,,2000.00,0.00,,金錢,,03-5*****,
46,陳新源,107年縣(市)議員選舉,首次申報,1070930,個人捐贈收入,陳福裕,,5000.00,0.00,,金錢,,02-2*****,
47,陳新源,107年縣(市)議員選舉,首次申報,1070930,個人捐贈收入,邱生明,,1000.00,0.00,,金錢,,0923*****,
48,陳新源,107年縣(市)議員選舉,首次申報,1070930,個人捐贈收入,鍾竣安,,1500.00,0.00,,金錢,,0932*****,
49,陳新源,107年縣(市)議員選舉,首次申報,1070930,個人捐贈收入,李君仁,,6000.00,0.00,,金錢,,0935*****,
50,陳新源,107年縣(市)議員選舉,首次申報,1070930,個人捐贈收入,羅林蓮妹,,20000.00,0.00,,金錢,,0972*****,
51,陳新源,107年縣(市)議員選舉,首次申報,1070930,個人捐贈收入,謝林秀妹,,20000.00,0.00,,金錢,,03-5*****,
52,陳新源,107年縣(市)議員選舉,首次申報,1070930,個人捐贈收入,陳運壟,,2000.00,0.00,,金錢,,0911*****,
53,陳新源,107年縣(市)議員選舉,首次申報,1070930,個人捐贈收入,石倍萍,,10000.00,0.00,,金錢,,0928*****,
54,陳新源,107年縣(市)議員選舉,首次申報,1070930,個人捐贈收入,林雨順,,2000.00,0.00,,金錢,,0972*****,
55,陳新源,107年縣(市)議員選舉,首次申報,1070930,個人捐贈收入,彭文華,,5000.00,0.00,,金錢,,0937*****,
56,陳新源,107年縣(市)議員選舉,首次申報,1070930,個人捐贈收入,林武秀,,3000.00,0.00,,金錢,,03-5*****,
57,陳新源,107年縣(市)議員選舉,首次申報,1070930,個人捐贈收入,許秀鳳,,10000.00,0.00,,金錢,,0970*****,
58,陳新源,107年縣(市)議員選舉,首次申報,1070930,個人捐贈收入,田欽全,,20000.00,0.00,,金錢,,0965*****,
59,陳新源,107年縣(市)議員選舉,首次申報,1070930,個人捐贈收入,梁坤億,,3000.00,0.00,,金錢,,0932*****,
60,陳新源,107年縣(市)議員選舉,首次申報,1070930,個人捐贈收入,林秋榮,,3000.00,0.00,,金錢,,03-5*****,
61,陳新源,107年縣(市)議員選舉,首次申報,1070930,個人捐贈收入,林保祿(鎮長),,5000.00,0.00,,金錢,,03-5*****,
62,陳新源,107年縣(市)議員選舉,首次申報,1070930,個人捐贈收入,陳金龍,,6000.00,0.00,,金錢,,0935*****,
63,陳新源,107年縣(市)議員選舉,首次申報,1070930,個人捐贈收入,林明忠,,3000.00,0.00,,金錢,,03-5*****,
64,陳新源,107年縣(市)議員選舉,首次申報,1070930,個人捐贈收入,林益賢,,5000.00,0.00,,金錢,,0933*****,
65,陳新源,107年縣(市)議員選舉,首次申報,1070930,個人捐贈收入,林德桂,,1000.00,0.00,,金錢,,03-5*****,
66,陳新源,107年縣(市)議員選舉,首次申報,1070930,個人捐贈收入,陳朝啟,,3000.00,0.00,,金錢,,0912*****,
67,陳新源,107年縣(市)議員選舉,首次申報,1070930,個人捐贈收入,吳文雄,,2000.00,0.00,,金錢,,0933*****,
68,陳新源,107年縣(市)議員選舉,首次申報,1070930,個人捐贈收入,陳松鑑,,3000.00,0.00,,金錢,,0932*****,
69,陳新源,107年縣(市)議員選舉,首次申報,1070930,個人捐贈收入,林秉弘,,3000.00,0.00,,金錢,,03-5*****,
70,陳新源,107年縣(市)議員選舉,首次申報,1070930,個人捐贈收入,梁美華,,1200.00,0.00,,金錢,,0982*****,
71,陳新源,107年縣(市)議員選舉,首次申報,1070930,個人捐贈收入,陳木霖,,3000.00,0.00,,金錢,,03-5*****,
72,陳新源,107年縣(市)議員選舉,首次申報,1070930,個人捐贈收入,曾增標,,2000.00,0.00,,金錢,,0910*****,
73,陳新源,107年縣(市)議員選舉,首次申報,1070930,個人捐贈收入,陳仁富,,1000.00,0.00,,金錢,,03-5*****,
74,陳新源,107年縣(市)議員選舉,首次申報,1070930,個人捐贈收入,劉金枝,,2600.00,0.00,,金錢,,0916*****,
75,陳新源,107年縣(市)議員選舉,首次申報,1070930,個人捐贈收入,陳進裕,,10000.00,0.00,,金錢,,0937*****,
76,陳新源,107年縣(市)議員選舉,首次申報,1070930,個人捐贈收入,陳文興,,2000.00,0.00,,金錢,,0963*****,
77,陳新源,107年縣(市)議員選舉,首次申報,1070930,個人捐贈收入,張金發,,3000.00,0.00,,金錢,,0918*****,
78,陳新源,107年縣(市)議員選舉,首次申報,1070930,個人捐贈收入,林貴珍,,2000.00,0.00,,金錢,,03-4*****,
79,陳新源,107年縣(市)議員選舉,首次申報,1070930,個人捐贈收入,陳宏鑑,,1000.00,0.00,,金錢,,03-5*****,
80,陳新源,107年縣(市)議員選舉,首次申報,1070930,個人捐贈收入,林新之,,20000.00,0.00,,金錢,,0937*****,
81,陳新源,107年縣(市)議員選舉,首次申報,1070930,個人捐贈收入,陳富景,,2000.00,0.00,,金錢,,03-5*****,
82,陳新源,107年縣(市)議員選舉,首次申報,1070930,個人捐贈收入,林新峯,,20000.00,0.00,,金錢,,0935*****,
83,陳新源,107年縣(市)議員選舉,首次申報,1070930,個人捐贈收入,邱創桂,,6000.00,0.00,,金錢,,0938*****,
84,陳新源,107年縣(市)議員選舉,首次申報,1070930,個人捐贈收入,陳進興,,3000.00,0.00,,金錢,,03-5*****,
85,陳新源,107年縣(市)議員選舉,首次申報,1070930,個人捐贈收入,朱文良,,3000.00,0.00,,金錢,,0932*****,
86,陳新源,107年縣(市)議員選舉,首次申報,1070930,個人捐贈收入,林范秋梅,,10000.00,0.00,,金錢,,03-5*****,
87,陳新源,107年縣(市)議員選舉,首次申報,1070930,人民團體捐贈收入,新竹縣台豐印刷股份有限公司新竹廠工會,,16888.00,0.00,,金錢,新竹縣湖口鄉****,03-5*****,
88,陳新源,107年縣(市)議員選舉,首次申報,1070930,人民團體捐贈收入,新竹縣花燈文創協會,,5000.00,0.00,,金錢,新竹縣新埔鎮****,0910*****,
89,陳新源,107年縣(市)議員選舉,首次申報,1070930,人民團體捐贈收入,新北市新海瓦斯股份有限公司企業工會,,3000.00,0.00,,金錢,新北市三重區****,,
90,陳新源,107年縣(市)議員選舉,首次申報,1070930,匿名捐贈,黃熙堂,,2000.00,0.00,,金錢,,,
91,陳新源,107年縣(市)議員選舉,首次申報,1070930,匿名捐贈,劉新政,,5000.00,0.00,,金錢,,,
92,陳新源,107年縣(市)議員選舉,首次申報,1070930,匿名捐贈,吳聲振,,6000.00,0.00,,金錢,,,
93,陳新源,107年縣(市)議員選舉,首次申報,1070930,匿名捐贈,吳俊,,5000.00,0.00,,金錢,,,
94,陳新源,107年縣(市)議員選舉,首次申報,1070930,匿名捐贈,陳秉立,,2000.00,0.00,,金錢,,,
95,陳新源,107年縣(市)議員選舉,首次申報,1070930,匿名捐贈,陳能渠,,1000.00,0.00,,金錢,,,
96,陳新源,107年縣(市)議員選舉,首次申報,1070930,匿名捐贈,鍾昌輝,,1000.00,0.00,,金錢,,,
97,陳新源,107年縣(市)議員選舉,首次申報,1070930,匿名捐贈,林玉恩,,3000.00,0.00,,金錢,,,
98,陳新源,107年縣(市)議員選舉,首次申報,1070930,匿名捐贈,林成樟,,1000.00,0.00,,金錢,,,
99,陳新源,107年縣(市)議員選舉,首次申報,1070930,匿名捐贈,張明富,,2000.00,0.00,,金錢,,,
100,陳新源,107年縣(市)議員選舉,首次申報,1070930,匿名捐贈,戴祥縣,,2000.00,0.00,,金錢,,,
101,陳新源,107年縣(市)議員選舉,首次申報,1070930,匿名捐贈,曾文政,,2000.00,0.00,,金錢,,,
102,陳新源,107年縣(市)議員選舉,首次申報,1070930,匿名捐贈,涂貢堂,,2000.00,0.00,,金錢,,,
103,陳新源,107年縣(市)議員選舉,首次申報,1070930,匿名捐贈,廖文豪,,3000.00,0.00,,金錢,,,
104,陳新源,107年縣(市)議員選舉,首次申報,1070930,匿名捐贈,古煥霖,,3000.00,0.00,,金錢,,,
105,陳新源,107年縣(市)議員選舉,首次申報,1070930,匿名捐贈,鍾志強,,2000.00,0.00,,金錢,,,
106,陳新源,107年縣(市)議員選舉,首次申報,1070930,匿名捐贈,邱月花,,2000.00,0.00,,金錢,,,
107,陳新源,107年縣(市)議員選舉,首次申報,1070930,匿名捐贈,林盛榮,,3000.00,0.00,,金錢,,,
108,陳新源,107年縣(市)議員選舉,首次申報,1070930,匿名捐贈,彭和男,,3000.00,0.00,,金錢,,,
109,陳新源,107年縣(市)議員選舉,首次申報,1070930,匿名捐贈,陳秋杏,,2000.00,0.00,,金錢,,,
110,陳新源,107年縣(市)議員選舉,首次申報,1070930,匿名捐贈,彭貴文,,2000.00,0.00,,金錢,,,
111,陳新源,107年縣(市)議員選舉,首次申報,1070930,匿名捐贈,邱虹澄,,2000.00,0.00,,金錢,,,
112,陳新源,107年縣(市)議員選舉,首次申報,1070930,匿名捐贈,蔡富魁,,2000.00,0.00,,金錢,,,
113,陳新源,107年縣(市)議員選舉,首次申報,1070930,匿名捐贈,何里庭,,1000.00,0.00,,金錢,,,
114,陳新源,107年縣(市)議員選舉,首次申報,1070930,匿名捐贈,林湘員,,2000.00,0.00,,金錢,,,
115,陳新源,107年縣(市)議員選舉,首次申報,1070930,個人捐贈收入,楊朝棋,,3000.00,0.00,,金錢,,03-5*****,
116,陳新源,107年縣(市)議員選舉,首次申報,1071001,個人捐贈收入,羅際練,,2000.00,0.00,,金錢,,0982*****,
117,陳新源,107年縣(市)議員選舉,首次申報,1071001,個人捐贈收入,林正三,,10000.00,0.00,,金錢,,0911*****,
118,陳新源,107年縣(市)議員選舉,首次申報,1071002,個人捐贈收入,劉明德,,2000.00,0.00,,金錢,,0937*****,
119,陳新源,107年縣(市)議員選舉,首次申報,1071002,個人捐贈收入,林明瑜,,3000.00,0.00,,金錢,,03-5*****,
120,陳新源,107年縣(市)議員選舉,首次申報,1071002,匿名捐贈,吳聲鑫,,2000.00,0.00,,金錢,,,
121,陳新源,107年縣(市)議員選舉,首次申報,1071003,個人捐贈收入,林玉展,,5000.00,0.00,,金錢,,03-5*****,
122,陳新源,107年縣(市)議員選舉,首次申報,1071004,個人捐贈收入,陳金全,,1000.00,0.00,,金錢,,0930*****,
123,陳新源,107年縣(市)議員選舉,首次申報,1071004,匿名捐贈,劉廷芳,,5850.00,0.00,,金錢,,,
124,陳新源,107年縣(市)議員選舉,首次申報,1071005,個人捐贈收入,林新北,,16600.00,0.00,,金錢,,0934*****,
125,陳新源,107年縣(市)議員選舉,首次申報,1071005,個人捐贈收入,林明治,,3000.00,0.00,,金錢,,03-5*****,
126,陳新源,107年縣(市)議員選舉,首次申報,1071005,個人捐贈收入,謝永城,,5000.00,0.00,,金錢,,03-5*****,
127,陳新源,107年縣(市)議員選舉,首次申報,1071005,個人捐贈收入,林萬通,,3000.00,0.00,,金錢,,03-5*****,
128,陳新源,107年縣(市)議員選舉,首次申報,1071005,人民團體捐贈收入,新竹縣新埔鎮鄉親歌唱協會,,2000.00,0.00,,金錢,新竹縣新埔鎮****,,
129,陳新源,107年縣(市)議員選舉,首次申報,1071005,匿名捐贈,吳林慧卿,,2000.00,0.00,,金錢,,,
130,陳新源,107年縣(市)議員選舉,首次申報,1071006,個人捐贈收入,古照平,,2000.00,0.00,,金錢,,0910*****,
131,陳新源,107年縣(市)議員選舉,首次申報,1071006,個人捐贈收入,詹益淡,,2000.00,0.00,,金錢,,0932*****,
132,陳新源,107年縣(市)議員選舉,首次申報,1071006,個人捐贈收入,余振洋,,2000.00,0.00,,金錢,,03-5*****,
133,陳新源,107年縣(市)議員選舉,首次申報,1071006,個人捐贈收入,邱瑞宣,,2000.00,0.00,,金錢,,0936*****,
134,陳新源,107年縣(市)議員選舉,首次申報,1071006,匿名捐贈,葉增爐,,1000.00,0.00,,金錢,,,
135,陳新源,107年縣(市)議員選舉,首次申報,1071007,個人捐贈收入,葉志學,,5000.00,0.00,,金錢,,0937*****,
136,陳新源,107年縣(市)議員選舉,首次申報,1071007,個人捐贈收入,彭文華,,2000.00,0.00,,金錢,,0937*****,
137,陳新源,107年縣(市)議員選舉,首次申報,1071007,個人捐贈收入,林明學,,3000.00,0.00,,金錢,,0912*****,
138,陳新源,107年縣(市)議員選舉,首次申報,1071007,個人捐贈收入,林明宏,,3000.00,0.00,,金錢,,03-5*****,
139,陳新源,107年縣(市)議員選舉,首次申報,1071007,匿名捐贈,林劉秀蘭,,2000.00,0.00,,金錢,,,
140,陳新源,107年縣(市)議員選舉,首次申報,1071008,個人捐贈收入,林瑞芳,,1000.00,0.00,,金錢,,0921*****,
141,陳新源,107年縣(市)議員選舉,首次申報,1071010,個人捐贈收入,陳龍章,,3000.00,0.00,,金錢,,0955*****,
142,陳新源,107年縣(市)議員選舉,首次申報,1071010,匿名捐贈,黃瑞士,,3000.00,0.00,,金錢,,,
143,陳新源,107年縣(市)議員選舉,首次申報,1071011,個人捐贈收入,陳永欽,,1000.00,0.00,,金錢,,0972*****,
144,陳新源,107年縣(市)議員選舉,首次申報,1071012,個人捐贈收入,林武宗,,3000.00,0.00,,金錢,,03-5*****,
145,陳新源,107年縣(市)議員選舉,首次申報,1071012,匿名捐贈,謝慶銀,,2000.00,0.00,,金錢,,,
146,陳新源,107年縣(市)議員選舉,首次申報,1071012,匿名捐贈,黃梅春,,2000.00,0.00,,金錢,,,
147,陳新源,107年縣(市)議員選舉,首次申報,1071013,個人捐贈收入,羅添福,,5000.00,0.00,,金錢,,0937*****,
148,陳新源,107年縣(市)議員選舉,首次申報,1071013,個人捐贈收入,林范綉蘭,,3000.00,0.00,,金錢,,03-5*****,
149,陳新源,107年縣(市)議員選舉,首次申報,1071017,個人捐贈收入,林新展,,16000.00,0.00,,金錢,,03-5*****,
150,陳新源,107年縣(市)議員選舉,首次申報,1071018,匿名捐贈,吳聲堯,,5000.00,0.00,,金錢,,,
151,陳新源,107年縣(市)議員選舉,首次申報,1071019,個人捐贈收入,范振彰,,3000.00,0.00,,金錢,,0920*****,
152,陳新源,107年縣(市)議員選舉,首次申報,1071019,匿名捐贈,楊益海,,5000.00,0.00,,金錢,,,
153,陳新源,107年縣(市)議員選舉,首次申報,1071020,個人捐贈收入,朱玉鳳,,4000.00,0.00,,金錢,,03-5*****,
154,陳新源,107年縣(市)議員選舉,首次申報,1071021,個人捐贈收入,陳阿伸,,1000.00,0.00,,金錢,,0937*****,
155,陳新源,107年縣(市)議員選舉,首次申報,1071021,匿名捐贈,王人仁,,5000.00,0.00,,金錢,,,
156,陳新源,107年縣(市)議員選舉,首次申報,1071023,匿名捐贈,朱許興,,2000.00,0.00,,金錢,,,
157,陳新源,107年縣(市)議員選舉,首次申報,1071024,個人捐贈收入,蔣春富,,1000.00,0.00,,金錢,,0932*****,
158,陳新源,107年縣(市)議員選舉,首次申報,1071024,匿名捐贈,彭鄭秋月,,2000.00,0.00,,金錢,,,
159,陳新源,107年縣(市)議員選舉,首次申報,1071025,匿名捐贈,林桂廷,,5000.00,0.00,,金錢,,,
160,陳新源,107年縣(市)議員選舉,首次申報,1071026,匿名捐贈,邱銘山,,2000.00,0.00,,金錢,,,
161,陳新源,107年縣(市)議員選舉,首次申報,1071027,個人捐贈收入,沈源新,,1000.00,0.00,,金錢,,0910*****,
162,陳新源,107年縣(市)議員選舉,首次申報,1071027,匿名捐贈,林明馨,,5000.00,0.00,,金錢,,,
163,陳新源,107年縣(市)議員選舉,首次申報,1071028,個人捐贈收入,陳炳南,,3000.00,0.00,,金錢,,0928*****,
164,陳新源,107年縣(市)議員選舉,首次申報,1071028,個人捐贈收入,黃美英,,1000.00,0.00,,金錢,,0910*****,
165,陳新源,107年縣(市)議員選舉,首次申報,1071029,個人捐贈收入,陳和夫,,3000.00,0.00,,金錢,,03-5*****,
166,陳新源,107年縣(市)議員選舉,首次申報,1071030,個人捐贈收入,林瑞芳,,10000.00,0.00,,金錢,,0921*****,
167,陳新源,107年縣(市)議員選舉,首次申報,1071102,個人捐贈收入,彭奕燕,,5000.00,0.00,,金錢,,0921*****,
168,陳新源,107年縣(市)議員選舉,首次申報,1071102,個人捐贈收入,陳金俊,,2000.00,0.00,,金錢,,0910*****,
169,陳新源,107年縣(市)議員選舉,首次申報,1071102,匿名捐贈,何德民,,2000.00,0.00,,金錢,,,
170,陳新源,107年縣(市)議員選舉,首次申報,1071102,匿名捐贈,蕭蓮嬌,,2000.00,0.00,,金錢,,,
171,陳新源,107年縣(市)議員選舉,首次申報,1071104,匿名捐贈,鍾玉秀,,1200.00,0.00,,金錢,,,
172,陳新源,107年縣(市)議員選舉,首次申報,1071104,匿名捐贈,藍凱,,1000.00,0.00,,金錢,,,
173,陳新源,107年縣(市)議員選舉,首次申報,1071105,個人捐贈收入,林怡君,,1000.00,0.00,,金錢,,0933*****,
174,陳新源,107年縣(市)議員選舉,首次申報,1071105,個人捐贈收入,林欣怡,,5550.00,0.00,,金錢,,03-5*****,
175,陳新源,107年縣(市)議員選舉,首次申報,1071108,個人捐贈收入,林圻豐,,3000.00,0.00,,金錢,,03-5*****,
176,陳新源,107年縣(市)議員選舉,首次申報,1071108,個人捐贈收入,謝岑怡,,2100.00,0.00,,金錢,,03-5*****,
177,陳新源,107年縣(市)議員選舉,首次申報,1071108,匿名捐贈,林燁郁,,2000.00,0.00,,金錢,,,
178,陳新源,107年縣(市)議員選舉,首次申報,1071108,匿名捐贈,彭欽福,,2000.00,0.00,,金錢,,,
179,陳新源,107年縣(市)議員選舉,首次申報,1071109,個人捐贈收入,林政源,,5000.00,0.00,,金錢,,03-5*****,
180,陳新源,107年縣(市)議員選舉,首次申報,1071110,個人捐贈收入,黃榮賢,,10000.00,0.00,,金錢,,0910*****,
181,陳新源,107年縣(市)議員選舉,首次申報,1071111,個人捐贈收入,黃原癸,,1000.00,0.00,,金錢,,0938*****,
182,陳新源,107年縣(市)議員選舉,首次申報,1071111,個人捐贈收入,林明崇,,3000.00,0.00,,金錢,,03-5*****,
183,陳新源,107年縣(市)議員選舉,首次申報,1071111,匿名捐贈,林秀群,,2000.00,0.00,,金錢,,,
184,陳新源,107年縣(市)議員選舉,首次申報,1071112,個人捐贈收入,梁瑞芳,,5000.00,0.00,,金錢,,0982*****,
185,陳新源,107年縣(市)議員選舉,首次申報,1071114,個人捐贈收入,鍾智詠,,20000.00,0.00,,金錢,,0905*****,
186,陳新源,107年縣(市)議員選舉,首次申報,1071114,個人捐贈收入,陳英港,,2000.00,0.00,,金錢,,0937*****,
187,陳新源,107年縣(市)議員選舉,首次申報,1071115,個人捐贈收入,陳賢統,,8800.00,0.00,,金錢,,03-5*****,
188,陳新源,107年縣(市)議員選舉,首次申報,1071115,個人捐贈收入,盧建昌,,10000.00,0.00,,金錢,,03-5*****,
189,陳新源,107年縣(市)議員選舉,首次申報,1071116,個人捐贈收入,林新森,,16000.00,0.00,,金錢,,03-5*****,
190,陳新源,107年縣(市)議員選舉,首次申報,1071116,匿名捐贈,林維亮,,2000.00,0.00,,金錢,,,
191,陳新源,107年縣(市)議員選舉,首次申報,1071117,個人捐贈收入,林良勳,,2000.00,0.00,,金錢,,03-5*****,
192,陳新源,107年縣(市)議員選舉,首次申報,1071117,個人捐贈收入,林誠豐,,2000.00,0.00,,金錢,,03-5*****,
193,陳新源,107年縣(市)議員選舉,首次申報,1071117,人民團體捐贈收入,新世紀桃園市愛鄉協會,,2000.00,0.00,,金錢,桃園市平鎮區****,,
194,陳新源,107年縣(市)議員選舉,首次申報,1071117,匿名捐贈,賴聰發,,2000.00,0.00,,金錢,,,
195,陳新源,107年縣(市)議員選舉,首次申報,1071119,個人捐贈收入,鍾木興,,3000.00,0.00,,金錢,,03-5*****,
