﻿序號,擬參選人／政黨,選舉名稱,申報序號／年度,交易日期,收支科目,捐贈者／支出對象,身分證／統一編號,收入金額,支出金額,捐贈方式,存入專戶日期,返還/繳庫,支出用途,金錢類,地址,聯絡電話,應揭露之支出對象,支出對象之內部人員姓名,支出對象之內部人員職稱,政黨之內部人員姓名,政黨之內部人員職稱,關係,更正註記,資料更正日期
1,翁渙瑤,111年嘉義市議員選舉,首次申報,1110505,匿名捐贈,匿名,,100.00,0.00,匯款,1110505,,,金錢,,,,,,,,,,
2,翁渙瑤,111年嘉義市議員選舉,首次申報,1110505,個人捐贈收入,王穩創,A12*******,3000.00,0.00,匯款,1110518,,,金錢,,0912*****,,,,,,,,
3,翁渙瑤,111年嘉義市議員選舉,首次申報,1110505,個人捐贈收入,王進程,Q12*******,500.00,0.00,匯款,1110518,,,金錢,,0900*****,,,,,,,,
4,翁渙瑤,111年嘉義市議員選舉,首次申報,1110505,個人捐贈收入,郭志暉,T12*******,3000.00,0.00,匯款,1110518,,,金錢,,0985*****,,,,,,,,
5,翁渙瑤,111年嘉義市議員選舉,首次申報,1110506,匿名捐贈,匿名,,3000.00,0.00,現金,1110518,,,金錢,,,,,,,,,,
6,翁渙瑤,111年嘉義市議員選舉,首次申報,1110506,個人捐贈收入,陳稷安,C12*******,1500.00,0.00,匯款,1110518,,,金錢,,0937*****,,,,,,,,
7,翁渙瑤,111年嘉義市議員選舉,首次申報,1110506,個人捐贈收入,鄭書勉,T22*******,3000.00,0.00,匯款,1110518,,,金錢,嘉義市東區蘭****,0939*****,,,,,,,,
8,翁渙瑤,111年嘉義市議員選舉,首次申報,1110507,個人捐贈收入,程亦駒,P12*******,500.00,0.00,匯款,1110507,,,金錢,嘉義市東區信****,0934*****,,,,,,,,
9,翁渙瑤,111年嘉義市議員選舉,首次申報,1110507,個人捐贈收入,歐璩葆,Q22*******,3000.00,0.00,匯款,1110518,,,金錢,臺北市中正區****,,,,,,,,,
10,翁渙瑤,111年嘉義市議員選舉,首次申報,1110511,匿名捐贈,匿名,,300.00,0.00,匯款,1110511,,,金錢,,,,,,,,,,
11,翁渙瑤,111年嘉義市議員選舉,首次申報,1110512,個人捐贈收入,陳世岸,Q12*******,1000.00,0.00,匯款,1110518,,,金錢,,0912*****,,,,,,,,
12,翁渙瑤,111年嘉義市議員選舉,首次申報,1110513,匿名捐贈,匿名,,1450.00,0.00,匯款,1110513,,,金錢,,,,,,,,,,
13,翁渙瑤,111年嘉義市議員選舉,首次申報,1110513,匿名捐贈,匿名,,1450.00,0.00,匯款,1110513,,,金錢,,,,,,,,,,
14,翁渙瑤,111年嘉義市議員選舉,首次申報,1110513,匿名捐贈,匿名,,666.00,0.00,匯款,1110513,,,金錢,,,,,,,,,,
15,翁渙瑤,111年嘉義市議員選舉,首次申報,1110518,匿名捐贈,匿名,,1450.00,0.00,匯款,1110518,,,金錢,,,,,,,,,,
16,翁渙瑤,111年嘉義市議員選舉,首次申報,1110518,匿名捐贈,匿名,,5000.00,0.00,匯款,1110518,,,金錢,,,,,,,,,,
17,翁渙瑤,111年嘉義市議員選舉,首次申報,1110520,匿名捐贈,匿名,,300.00,0.00,匯款,1110526,,,金錢,,,,,,,,,,
18,翁渙瑤,111年嘉義市議員選舉,首次申報,1110520,匿名捐贈,匿名,,1450.00,0.00,匯款,1110520,,,金錢,,,,,,,,,,
19,翁渙瑤,111年嘉義市議員選舉,首次申報,1110520,政黨捐贈收入,台灣基進,政黨證字第303號,96542.00,0.00,匯款,1110520,,,金錢,高雄市三民區****,(07)*****,,,,,,,,
20,翁渙瑤,111年嘉義市議員選舉,首次申報,1110525,匿名捐贈,匿名,,900.00,0.00,匯款,1110525,,,金錢,,,,,,,,,,
21,翁渙瑤,111年嘉義市議員選舉,首次申報,1110525,匿名捐贈,匿名,,1450.00,0.00,匯款,1110531,,,金錢,,,,,,,,,,
22,翁渙瑤,111年嘉義市議員選舉,首次申報,1110525,個人捐贈收入,鄭傑丰,M12*******,1000.00,0.00,匯款,1110531,,,金錢,,0988*****,,,,,,,,
23,翁渙瑤,111年嘉義市議員選舉,首次申報,1110525,個人捐贈收入,林宏楠,Q12*******,5000.00,0.00,匯款,1110531,,,金錢,,0929*****,,,,,,,,
24,翁渙瑤,111年嘉義市議員選舉,首次申報,1110527,匿名捐贈,匿名,,1000.00,0.00,匯款,1110527,,,金錢,,,,,,,,,,
25,翁渙瑤,111年嘉義市議員選舉,首次申報,1110603,個人捐贈收入,何美慧,P22*******,20000.00,0.00,匯款,1110603,,,金錢,,0929*****,,,,,,,,
26,翁渙瑤,111年嘉義市議員選舉,首次申報,1110609,個人捐贈收入,孫景彥,I10*******,1000.00,0.00,匯款,1110615,,,金錢,,0963*****,,,,,,,,
27,翁渙瑤,111年嘉義市議員選舉,首次申報,1110610,匿名捐贈,匿名,,3000.00,0.00,匯款,1110610,,,金錢,,,,,,,,,,
28,翁渙瑤,111年嘉義市議員選舉,首次申報,1110610,政黨捐贈收入,台灣基進,政黨證字第303號,155240.00,0.00,匯款,1110610,,,金錢,高雄市三民區****,(07)*****,,,,,,,,
29,翁渙瑤,111年嘉義市議員選舉,首次申報,1110612,個人捐贈收入,孫景彥,I10*******,1000.00,0.00,匯款,1110620,,,金錢,,0963*****,,,,,,,,
30,翁渙瑤,111年嘉義市議員選舉,首次申報,1110615,匿名捐贈,匿名,,7000.00,0.00,現金,1110621,,,金錢,,,,,,,,,,
31,翁渙瑤,111年嘉義市議員選舉,首次申報,1110615,匿名捐贈,匿名,,6000.00,0.00,匯款,1110621,,,金錢,,,,,,,,,,
32,翁渙瑤,111年嘉義市議員選舉,首次申報,1110616,政黨捐贈收入,台灣基進,政黨證字第303號,100000.00,0.00,匯款,1110616,,,金錢,高雄市三民區****,(07)*****,,,,,,,,
33,翁渙瑤,111年嘉義市議員選舉,首次申報,1110621,其他收入,利息收入,,25.00,0.00,匯款,1110621,,,金錢,,,,,,,,,,
34,翁渙瑤,111年嘉義市議員選舉,首次申報,1110705,個人捐贈收入,盧俊文,F12*******,300.00,0.00,匯款,1110711,,,金錢,新北市新店區****,0928*****,,,,,,,,
35,翁渙瑤,111年嘉義市議員選舉,首次申報,1110706,個人捐贈收入,王穩創,A12*******,5000.00,0.00,匯款,1110712,,,金錢,嘉義市東區金****,0912*****,,,,,,,,
36,翁渙瑤,111年嘉義市議員選舉,首次申報,1110712,個人捐贈收入,蔡璧如,Q22*******,1000.00,0.00,匯款,1110718,,,金錢,新竹縣寶山鄉****,0933*****,,,,,,,,
37,翁渙瑤,111年嘉義市議員選舉,首次申報,1110725,個人捐贈收入,莊承儒,R12*******,5000.00,0.00,匯款,1110730,,,金錢,台南市安平區****,0972*****,,,,,,,,
38,翁渙瑤,111年嘉義市議員選舉,首次申報,1110726,匿名捐贈,匿名,,3000.00,0.00,匯款,1110726,,,金錢,,,,,,,,,,
39,翁渙瑤,111年嘉義市議員選舉,首次申報,1110728,個人捐贈收入,林緯昇,A12*******,12000.00,0.00,匯款,1110728,,,金錢,台北市延壽街****,0955*****,,,,,,,,
40,翁渙瑤,111年嘉義市議員選舉,首次申報,1110813,匿名捐贈,匿名,,5000.00,0.00,現金,1110816,,,金錢,,,,,,,,,,
41,翁渙瑤,111年嘉義市議員選舉,首次申報,1110818,匿名捐贈,匿名,,1000.00,0.00,匯款,1110824,,,金錢,,,,,,,,,,
42,翁渙瑤,111年嘉義市議員選舉,首次申報,1110818,匿名捐贈,匿名,,1000.00,0.00,匯款,1110818,,,金錢,,,,,,,,,,
43,翁渙瑤,111年嘉義市議員選舉,首次申報,1110818,個人捐贈收入,吳昱慧,R22*******,1000.00,0.00,匯款,1110824,,,金錢,嘉義縣朴子市****,0937*****,,,,,,,,
44,翁渙瑤,111年嘉義市議員選舉,首次申報,1110824,匿名捐贈,匿名,,10000.00,0.00,現金,1110824,,,金錢,,,,,,,,,,
45,翁渙瑤,111年嘉義市議員選舉,首次申報,1110829,匿名捐贈,匿名,,500.00,0.00,匯款,1110829,,,金錢,,,,,,,,,,
46,翁渙瑤,111年嘉義市議員選舉,首次申報,1110830,營利事業捐贈收入,依凡順投資有限公司,54198232,100000.00,0.00,現金,1110830,,,金錢,高雄市前金區****,,,,,,,,,
47,翁渙瑤,111年嘉義市議員選舉,首次申報,1110906,匿名捐贈,匿名,,537.00,0.00,匯款,1110906,,,金錢,,,,,,,,,,
48,翁渙瑤,111年嘉義市議員選舉,首次申報,1110912,匿名捐贈,匿名,,10000.00,0.00,現金,1110912,,,金錢,,,,,,,,,,
49,翁渙瑤,111年嘉義市議員選舉,首次申報,1110923,個人捐贈收入,江怡萍,E22*******,100000.00,0.00,現金,1110923,,,金錢,高雄市前金區****,,,,,,,,,
50,翁渙瑤,111年嘉義市議員選舉,首次申報,1110923,個人捐贈收入,陳玟靜,Q22*******,100000.00,0.00,現金,1110923,,,金錢,高雄市前鎮區****,,,,,,,,,
51,翁渙瑤,111年嘉義市議員選舉,首次申報,1110927,匿名捐贈,匿名,,10000.00,0.00,現金,1110927,,,金錢,,,,,,,,,,
52,翁渙瑤,111年嘉義市議員選舉,首次申報,1110927,匿名捐贈,匿名,,10000.00,0.00,現金,1110927,,,金錢,,,,,,,,,,
53,翁渙瑤,111年嘉義市議員選舉,首次申報,1110927,匿名捐贈,匿名,,10000.00,0.00,現金,1110927,,,金錢,,,,,,,,,,
54,翁渙瑤,111年嘉義市議員選舉,首次申報,1111008,個人捐贈收入,林政逸,Y12*******,300.00,0.00,匯款,1111014,,,金錢,嘉義市西區吉****,0917*****,,,,,,,,
55,翁渙瑤,111年嘉義市議員選舉,首次申報,1111013,個人捐贈收入,劉育伶,I20*******,1000.00,0.00,匯款,1111019,,,金錢,台南市東區前****,0909*****,,,,,,,,
56,翁渙瑤,111年嘉義市議員選舉,首次申報,1111014,政黨捐贈收入,台灣基進,政黨證字第303號,89400.00,0.00,匯款,1111014,,,金錢,高雄市三民區****,(07)*****,,,,,,,,
57,翁渙瑤,111年嘉義市議員選舉,首次申報,1111021,個人捐贈收入,黃惠貞,Q22*******,50000.00,0.00,現金,1111021,,,金錢,嘉義縣布袋鎮****,0979*****,,,,,,,,
58,翁渙瑤,111年嘉義市議員選舉,首次申報,1111021,個人捐贈收入,黃惠貞,Q22*******,50000.00,0.00,現金,1111021,,,金錢,嘉義縣布袋鎮****,0979*****,,,,,,,,
59,翁渙瑤,111年嘉義市議員選舉,首次申報,1111026,匿名捐贈,匿名,,1000.00,0.00,匯款,1111026,,,金錢,,,,,,,,,,
60,翁渙瑤,111年嘉義市議員選舉,首次申報,1111101,個人捐贈收入,邱冠銘,I10*******,300.00,0.00,匯款,1111107,,,金錢,忠孝路-號樓****,0933*****,,,,,,,,
61,翁渙瑤,111年嘉義市議員選舉,首次申報,1111102,匿名捐贈,匿名,,10000.00,0.00,匯款,1111102,,,金錢,,,,,,,,,,
62,翁渙瑤,111年嘉義市議員選舉,首次申報,1111102,匿名捐贈,匿名,,10000.00,0.00,匯款,1111102,,,金錢,,,,,,,,,,
63,翁渙瑤,111年嘉義市議員選舉,首次申報,1111102,匿名捐贈,匿名,,10000.00,0.00,匯款,1111102,,,金錢,,,,,,,,,,
64,翁渙瑤,111年嘉義市議員選舉,首次申報,1111102,個人捐贈收入,林朶,F22*******,1000.00,0.00,匯款,1111107,,,金錢,新竹縣竹北市****,0912*****,,,,,,,,
65,翁渙瑤,111年嘉義市議員選舉,首次申報,1111102,個人捐贈收入,王泊方,I10*******,1000.00,0.00,匯款,1111107,,,金錢,嘉義市東區延****,0930*****,,,,,,,,
66,翁渙瑤,111年嘉義市議員選舉,首次申報,1111106,個人捐贈收入,徐凡舒,L22*******,999.00,0.00,匯款,1111114,,,金錢,台中市北區益****,0902*****,,,,,,,,
67,翁渙瑤,111年嘉義市議員選舉,首次申報,1111108,匿名捐贈,匿名,,1000.00,0.00,匯款,1111108,,,金錢,,,,,,,,,,
68,翁渙瑤,111年嘉義市議員選舉,首次申報,1111111,匿名捐贈,匿名,,2000.00,0.00,匯款,1111111,,,金錢,,,,,,,,,,
69,翁渙瑤,111年嘉義市議員選舉,首次申報,1111111,匿名捐贈,匿名,,1500.00,0.00,匯款,1111111,,,金錢,,,,,,,,,,
70,翁渙瑤,111年嘉義市議員選舉,首次申報,1111115,個人捐贈收入,王泊方,I10*******,500.00,0.00,匯款,1111121,,,金錢,嘉義市東區延****,0930*****,,,,,,,,
71,翁渙瑤,111年嘉義市議員選舉,首次申報,1111116,個人捐贈收入,蘇承璞,M12*******,2000.00,0.00,匯款,1111122,,,金錢,南投縣南投市****,0932*****,,,,,,,,
72,翁渙瑤,111年嘉義市議員選舉,首次申報,1111117,匿名捐贈,匿名,,500.00,0.00,匯款,1111117,,,金錢,,,,,,,,,,
73,翁渙瑤,111年嘉義市議員選舉,首次申報,1111122,匿名捐贈,匿名,,500.00,0.00,匯款,1111122,,,金錢,,,,,,,,,,
74,翁渙瑤,111年嘉義市議員選舉,首次申報,1111122,匿名捐贈,匿名,,1500.00,0.00,匯款,1111122,,,金錢,,,,,,,,,,
75,翁渙瑤,111年嘉義市議員選舉,首次申報,1111221,其他收入,利息收入,,121.00,0.00,匯款,1111221,,,金錢,,,,,,,,,,
