﻿序號,擬參選人／政黨,選舉名稱,申報序號／年度,交易日期,收支科目,捐贈者／支出對象,身分證／統一編號,收入金額,支出金額,捐贈方式,存入專戶日期,返還/繳庫,支出用途,金錢類,地址,聯絡電話,應揭露之支出對象,支出對象之內部人員姓名,支出對象之內部人員職稱,政黨之內部人員姓名,政黨之內部人員職稱,關係,更正註記,資料更正日期
1,曾進益,111年新北市議員選舉,首次申報,1111104,宣傳支出,安心開發企業有限公司,25016401,0.00,70000.00,,,,製作競選物品或宣傳廣告費用（物品名稱-手機架）,金錢,嘉義縣太保市****,05-3*****,否,,,,,,,
2,曾進益,111年新北市議員選舉,首次申報,1111116,宣傳支出,全景社區廣播電台股份有限公司,89972674,0.00,70000.00,,,,播放、傳送或刊登宣傳廣告費用,金錢,臺北市信義區****,2377*****,否,,,,,,,
3,曾進益,111年新北市議員選舉,首次申報,1111125,宣傳支出,趨勢民意調查股份有限公司,53121236,0.00,133061.00,,,,播放、傳送或刊登宣傳廣告費用,金錢,臺北市信義區****,2747*****,否,,,,,,,
4,曾進益,111年新北市議員選舉,首次申報,1111221,宣傳支出,華宇博數位科技股份有限公司,54301664,0.00,249000.00,,,,製作競選物品或宣傳廣告費用（物品名稱-帆布）,金錢,新北市土城區****,2262*****,否,,,,,,,
