﻿序號,擬參選人／政黨,選舉名稱,申報序號／年度,交易日期,收支科目,捐贈者／支出對象,身分證／統一編號,收入金額,支出金額,捐贈方式,存入專戶日期,返還/繳庫,支出用途,金錢類,地址,聯絡電話,應揭露之支出對象,支出對象之內部人員姓名,支出對象之內部人員職稱,政黨之內部人員姓名,政黨之內部人員職稱,關係,更正註記,資料更正日期
1,曾進益,111年新北市議員選舉,首次申報,1110822,個人捐贈收入,林宗義,F12*******,1000.00,0.00,匯款,1110822,,,金錢,新北市土城區****,,,,,,,,,
2,曾進益,111年新北市議員選舉,首次申報,1111011,個人捐贈收入,翁國峰,,10000.00,0.00,匯款,1111011,,,金錢,,2266*****,,,,,,,,
3,曾進益,111年新北市議員選舉,首次申報,1111017,匿名捐贈,匿名2,,10000.00,0.00,匯款,1111017,,,金錢,,,,,,,,,,
4,曾進益,111年新北市議員選舉,首次申報,1111017,匿名捐贈,匿名1,,10000.00,0.00,匯款,1111017,,,金錢,,,,,,,,,,
5,曾進益,111年新北市議員選舉,首次申報,1111018,個人捐贈收入,楊良義,A10*******,10000.00,0.00,匯款,1111018,,,金錢,,,,,,,,,,
6,曾進益,111年新北市議員選舉,首次申報,1111018,個人捐贈收入,陳丁友,A11*******,10000.00,0.00,匯款,1111018,,,金錢,,,,,,,,,,
7,曾進益,111年新北市議員選舉,首次申報,1111018,個人捐贈收入,黃貴美,A22*******,10000.00,0.00,匯款,1111018,,,金錢,,,,,,,,,,
8,曾進益,111年新北市議員選舉,首次申報,1111018,個人捐贈收入,伊鴻玲,A22*******,10000.00,0.00,匯款,1111018,,,金錢,,,,,,,,,,
9,曾進益,111年新北市議員選舉,首次申報,1111018,個人捐贈收入,郭美慧,C22*******,10000.00,0.00,匯款,1111018,,,金錢,,,,,,,,,,
10,曾進益,111年新北市議員選舉,首次申報,1111018,個人捐贈收入,余有添,F10*******,10000.00,0.00,匯款,1111018,,,金錢,,,,,,,,,,
11,曾進益,111年新北市議員選舉,首次申報,1111018,個人捐贈收入,陳志忠,F12*******,10000.00,0.00,匯款,1111018,,,金錢,,,,,,,,,,
12,曾進益,111年新北市議員選舉,首次申報,1111018,個人捐贈收入,余錦蓮,F20*******,10000.00,0.00,匯款,1111018,,,金錢,,,,,,,,,,
13,曾進益,111年新北市議員選舉,首次申報,1111018,個人捐贈收入,王玉燕,F20*******,10000.00,0.00,匯款,1111018,,,金錢,,,,,,,,,,
14,曾進益,111年新北市議員選舉,首次申報,1111018,個人捐贈收入,黃美香,F20*******,10000.00,0.00,匯款,1111018,,,金錢,,,,,,,,,,
15,曾進益,111年新北市議員選舉,首次申報,1111018,個人捐贈收入,方苡倢,F22*******,10000.00,0.00,匯款,1111018,,,金錢,,,,,,,,,,
16,曾進益,111年新北市議員選舉,首次申報,1111018,個人捐贈收入,王琼芳,F22*******,10000.00,0.00,匯款,1111018,,,金錢,,,,,,,,,,
17,曾進益,111年新北市議員選舉,首次申報,1111018,個人捐贈收入,洪瑋,F22*******,10000.00,0.00,匯款,1111018,,,金錢,,,,,,,,,,
18,曾進益,111年新北市議員選舉,首次申報,1111018,個人捐贈收入,黃麗萍,F29*******,10000.00,0.00,匯款,1111018,,,金錢,,,,,,,,,,
19,曾進益,111年新北市議員選舉,首次申報,1111018,個人捐贈收入,楊丁妹,K20*******,10000.00,0.00,匯款,1111018,,,金錢,,,,,,,,,,
20,曾進益,111年新北市議員選舉,首次申報,1111018,個人捐贈收入,蔡賜正,M10*******,10000.00,0.00,匯款,1111018,,,金錢,,,,,,,,,,
21,曾進益,111年新北市議員選舉,首次申報,1111018,個人捐贈收入,胡雪英,N20*******,10000.00,0.00,匯款,1111018,,,金錢,,,,,,,,,,
22,曾進益,111年新北市議員選舉,首次申報,1111018,個人捐贈收入,黃秀珠,N20*******,10000.00,0.00,匯款,1111018,,,金錢,,,,,,,,,,
23,曾進益,111年新北市議員選舉,首次申報,1111018,個人捐贈收入,許淑珍,P22*******,10000.00,0.00,匯款,1111018,,,金錢,,,,,,,,,,
24,曾進益,111年新北市議員選舉,首次申報,1111018,個人捐贈收入,李崇盛,Q10*******,10000.00,0.00,匯款,1111018,,,金錢,,,,,,,,,,
25,曾進益,111年新北市議員選舉,首次申報,1111018,個人捐贈收入,洪棕隣,Q12*******,10000.00,0.00,匯款,1111018,,,金錢,,,,,,,,,,
26,曾進益,111年新北市議員選舉,首次申報,1111018,個人捐贈收入,邱清泉,Q12*******,10000.00,0.00,匯款,1111018,,,金錢,,,,,,,,,,
27,曾進益,111年新北市議員選舉,首次申報,1111018,個人捐贈收入,梅鳳娥,R20*******,10000.00,0.00,匯款,1111018,,,金錢,,,,,,,,,,
28,曾進益,111年新北市議員選舉,首次申報,1111018,個人捐贈收入,王金瑛,T22*******,10000.00,0.00,匯款,1111018,,,金錢,,,,,,,,,,
29,曾進益,111年新北市議員選舉,首次申報,1111021,個人捐贈收入,蕭嘉農,,9888.00,0.00,匯款,1111021,,,金錢,,0921*****,,,,,,,,
30,曾進益,111年新北市議員選舉,首次申報,1111021,個人捐贈收入,陳國忠,F12*******,10000.00,0.00,匯款,1111021,,,金錢,新北市樹林區****,0933*****,,,,,,,,
31,曾進益,111年新北市議員選舉,首次申報,1111102,個人捐贈收入,廖本賢,,1000.00,0.00,匯款,1111102,,,金錢,,0932*****,,,,,,,,
32,曾進益,111年新北市議員選舉,首次申報,1111103,營利事業捐贈收入,員一有限公司,45113253,75000.00,0.00,匯款,1111103,,,金錢,新北市中和區****,05-3*****,,,,,,,,
33,曾進益,111年新北市議員選舉,首次申報,1111104,個人捐贈收入,陳世冠,,10000.00,0.00,匯款,1111104,,,金錢,,0933*****,,,,,,,,
34,曾進益,111年新北市議員選舉,首次申報,1111109,個人捐贈收入,吳詩瑋,,2000.00,0.00,匯款,1111109,,,金錢,,0921*****,,,,,,,,
35,曾進益,111年新北市議員選舉,首次申報,1111111,個人捐贈收入,吳棋旭,,20000.00,0.00,匯款,1111111,,,金錢,,2262*****,,,,,,,,
36,曾進益,111年新北市議員選舉,首次申報,1111111,個人捐贈收入,邱國桐,G10*******,50000.00,0.00,匯款,1111111,,,金錢,新北市樹林區****,,,,,,,,,
37,曾進益,111年新北市議員選舉,首次申報,1111112,個人捐贈收入,邱憲堂,,10000.00,0.00,匯款,1111112,,,金錢,新北市土城區****,0935*****,,,,,,,,
38,曾進益,111年新北市議員選舉,首次申報,1111125,個人捐贈收入,陳述黃,,3000.00,0.00,現金,1111202,,,金錢,,0936*****,,,,,,,,
39,曾進益,111年新北市議員選舉,首次申報,1111125,個人捐贈收入,洪文福,M12*******,10000.00,0.00,現金,1111202,,,金錢,,0932*****,,,,,,,,
40,曾進益,111年新北市議員選舉,首次申報,1111125,個人捐贈收入,王慶彰,N12*******,50000.00,0.00,現金,1111202,,,金錢,新北市鶯歌區****,0952*****,,,,,,,,
