﻿序號,擬參選人／政黨,選舉名稱,申報序號／年度,交易日期,收支科目,捐贈者／支出對象,身分證／統一編號,收入金額,支出金額,捐贈方式,存入專戶日期,返還/繳庫,支出用途,金錢類,地址,聯絡電話,應揭露之支出對象,支出對象之內部人員姓名,支出對象之內部人員職稱,政黨之內部人員姓名,政黨之內部人員職稱,關係,更正註記,資料更正日期
1,蘇偉恩,111年桃園市議員選舉,首次申報,1110620,個人捐贈收入,吳雪梅,H20*******,100000.00,0.00,匯款,1110620,,,金錢,桃園市中壢區****,,,,,,,,,
2,蘇偉恩,111年桃園市議員選舉,首次申報,1110621,其他收入,利息收入,,1.00,0.00,匯款,1110621,,,金錢,,,,,,,,,,
3,蘇偉恩,111年桃園市議員選舉,首次申報,1110706,個人捐贈收入,蘇愛恩,H22*******,100000.00,0.00,匯款,1110706,,,金錢,桃園市中壢區****,,,,,,,,,
4,蘇偉恩,111年桃園市議員選舉,首次申報,1110727,匿名捐贈,藍新科技股份有限公司,,1.00,0.00,匯款,1110727,,,金錢,,,,,,,,,,
5,蘇偉恩,111年桃園市議員選舉,首次申報,1110908,個人捐贈收入,謝耀新,H12*******,3000.00,0.00,匯款,1110908,,,金錢,桃園市中壢區****,,,,,,,,,
6,蘇偉恩,111年桃園市議員選舉,首次申報,1111026,營利事業捐贈收入,凰暄工程股份有限公司,28935282,50000.00,0.00,匯款,1111026,,,金錢,桃園市大溪區****,,,,,,,,,
7,蘇偉恩,111年桃園市議員選舉,首次申報,1111110,個人捐贈收入,王吳麗香,H22*******,3000.00,0.00,匯款,1111110,,,金錢,桃園市復興區****,,,,,,,,,
8,蘇偉恩,111年桃園市議員選舉,首次申報,1111113,個人捐贈收入,王曉東,H18*******,10000.00,0.00,匯款,1111113,,,金錢,桃園市中壢區****,,,,,,,,,
9,蘇偉恩,111年桃園市議員選舉,首次申報,1111116,匿名捐贈,匿名,,600.00,0.00,匯款,1111116,,,金錢,,,,,,,,,,
