﻿序號,擬參選人／政黨,選舉名稱,申報序號／年度,交易日期,收支科目,捐贈者／支出對象,身分證／統一編號,收入金額,支出金額,支出用途,金錢類,地址,聯絡電話,資料更正日期
1,歐崇敬,109年立法委員選舉,首次申報,1080905,匿名捐贈,匿名,,6.00,0.00,,金錢,,,
2,歐崇敬,109年立法委員選舉,首次申報,1080905,個人捐贈收入,黃明珠,,66.00,0.00,,金錢,,0920*****,
3,歐崇敬,109年立法委員選舉,首次申報,1080916,個人捐贈收入,黃美珠,,666.00,0.00,,金錢,,0928*****,
4,歐崇敬,109年立法委員選舉,首次申報,1080923,個人捐贈收入,李汾陽,,10000.00,0.00,,金錢,,0936*****,
5,歐崇敬,109年立法委員選舉,首次申報,1080924,個人捐贈收入,郭冠廷,,30000.00,0.00,,金錢,,0398*****,
6,歐崇敬,109年立法委員選舉,首次申報,1080924,個人捐贈收入,吳欣隆,,6600.00,0.00,,金錢,臺北市松山區****,0910*****,
7,歐崇敬,109年立法委員選舉,首次申報,1080924,個人捐贈收入,鍾函芳,,20000.00,0.00,,金錢,臺北市文山區****,,
8,歐崇敬,109年立法委員選舉,首次申報,1080926,個人捐贈收入,吳國寶,,1600.00,0.00,,金錢,,0910*****,
9,歐崇敬,109年立法委員選舉,首次申報,1080926,個人捐贈收入,吳安全,,600.00,0.00,,金錢,,0911*****,
10,歐崇敬,109年立法委員選舉,首次申報,1080926,個人捐贈收入,楊貞志,,1000.00,0.00,,金錢,,0953*****,
11,歐崇敬,109年立法委員選舉,首次申報,1080926,個人捐贈收入,楊秋美,,1600.00,0.00,,金錢,,0988*****,
12,歐崇敬,109年立法委員選舉,首次申報,1081003,匿名捐贈,匿名,,666.00,0.00,,金錢,,,
13,歐崇敬,109年立法委員選舉,首次申報,1081004,個人捐贈收入,邢鼎賢,,3600.00,0.00,,金錢,,0913*****,
14,歐崇敬,109年立法委員選舉,首次申報,1081008,個人捐贈收入,楊莉玲,,1000.00,0.00,,金錢,,0910*****,
15,歐崇敬,109年立法委員選舉,首次申報,1081008,個人捐贈收入,楊麗紅,,1000.00,0.00,,金錢,,0970*****,
16,歐崇敬,109年立法委員選舉,首次申報,1081008,個人捐贈收入,楊曾櫻,,200.00,0.00,,金錢,,0225*****,
17,歐崇敬,109年立法委員選舉,首次申報,1081008,個人捐贈收入,蘇弘美,,2000.00,0.00,,金錢,,0227*****,
18,歐崇敬,109年立法委員選舉,首次申報,1081008,個人捐贈收入,高振瑤,,500.00,0.00,,金錢,,0975*****,
19,歐崇敬,109年立法委員選舉,首次申報,1081008,個人捐贈收入,吳品瑜,,500.00,0.00,,金錢,,0975*****,
20,歐崇敬,109年立法委員選舉,首次申報,1081008,個人捐贈收入,黃世賢,,500.00,0.00,,金錢,,0227*****,
21,歐崇敬,109年立法委員選舉,首次申報,1081008,個人捐贈收入,吳月桂,,500.00,0.00,,金錢,,0227*****,
22,歐崇敬,109年立法委員選舉,首次申報,1081008,個人捐贈收入,蘇崇鏗,,500.00,0.00,,金錢,,0227*****,
23,歐崇敬,109年立法委員選舉,首次申報,1081008,個人捐贈收入,蘇崇義,,500.00,0.00,,金錢,,0227*****,
24,歐崇敬,109年立法委員選舉,首次申報,1081008,個人捐贈收入,蘇崇禮,,500.00,0.00,,金錢,,0227*****,
25,歐崇敬,109年立法委員選舉,首次申報,1081008,個人捐贈收入,蘇文熙,,500.00,0.00,,金錢,,0227*****,
26,歐崇敬,109年立法委員選舉,首次申報,1081010,個人捐贈收入,蘇明玉,K22*******,100000.00,0.00,,金錢,新北市淡水區****,0228*****,
27,歐崇敬,109年立法委員選舉,首次申報,1081022,個人捐贈收入,曹慶鈴,,2000.00,0.00,,金錢,,0982*****,
28,歐崇敬,109年立法委員選舉,首次申報,1081105,個人捐贈收入,康義漢,,6000.00,0.00,,金錢,,0953*****,
29,歐崇敬,109年立法委員選舉,首次申報,1081105,個人捐贈收入,郭澤寬,T12*******,6600.00,0.00,,金錢,,,
30,歐崇敬,109年立法委員選舉,首次申報,1081202,匿名捐贈,匿名,,666.00,0.00,,金錢,,,
31,歐崇敬,109年立法委員選舉,首次申報,1081212,個人捐贈收入,謝適仲,,10000.00,0.00,,金錢,,0984*****,
32,歐崇敬,109年立法委員選舉,首次申報,1081213,匿名捐贈,匿名,,6600.00,0.00,,金錢,,,
33,歐崇敬,109年立法委員選舉,首次申報,1081220,其他收入,利息收入,,11.00,0.00,,金錢,,,
34,歐崇敬,109年立法委員選舉,首次申報,1081226,個人捐贈收入,陳敬穆,,20000.00,0.00,,金錢,宜蘭縣羅東鎮****,0228*****,
