﻿序號,擬參選人／政黨,選舉名稱,申報序號／年度,交易日期,收支科目,捐贈者／支出對象,身分證／統一編號,收入金額,支出金額,支出用途,金錢類,地址,聯絡電話,資料更正日期
1,黃馨慧,109年立法委員選舉,首次申報,1080815,營利事業捐贈收入,威德水電工程有限公司,22121582,100000.00,0.00,,金錢,臺中市南屯區****,,
2,黃馨慧,109年立法委員選舉,首次申報,1080816,個人捐贈收入,吳宗仁,N12*******,30000.00,0.00,,金錢,臺中市南屯區****,,
3,黃馨慧,109年立法委員選舉,首次申報,1080820,個人捐贈收入,何永銓,B10*******,10000.00,0.00,,金錢,臺中市西屯區****,,
4,黃馨慧,109年立法委員選舉,首次申報,1080916,營利事業捐贈收入,威德水電工程有限公司,22121582,100000.00,0.00,,金錢,臺中市南屯區****,,
5,黃馨慧,109年立法委員選舉,首次申報,1080917,個人捐贈收入,潘貴學,B12*******,15000.00,0.00,,金錢,臺中市北屯區****,,
6,黃馨慧,109年立法委員選舉,首次申報,1080926,個人捐贈收入,張陳瓊華,A20*******,1000.00,0.00,,金錢,臺中市西屯區****,,
7,黃馨慧,109年立法委員選舉,首次申報,1081004,營利事業捐贈收入,政群投資顧問有限公司,54593389,300000.00,0.00,,金錢,臺中市西屯區****,,
8,黃馨慧,109年立法委員選舉,首次申報,1081004,個人捐贈收入,黃顯洲,B12*******,100000.00,0.00,,金錢,臺中市西屯區****,,
9,黃馨慧,109年立法委員選舉,首次申報,1081004,個人捐贈收入,王亮月,D22*******,100000.00,0.00,,金錢,臺中市西屯區****,,
10,黃馨慧,109年立法委員選舉,首次申報,1081005,營利事業捐贈收入,鴻信顧問有限公司,61921302,100000.00,0.00,,金錢,臺中市西區忠****,,
11,黃馨慧,109年立法委員選舉,首次申報,1081005,營利事業捐贈收入,寬立堡營造股份有限公司,84072512,100000.00,0.00,,金錢,臺中市南屯區****,,
12,黃馨慧,109年立法委員選舉,首次申報,1081005,個人捐贈收入,蔡佩君,B22*******,100000.00,0.00,,金錢,臺中市西區五****,,
13,黃馨慧,109年立法委員選舉,首次申報,1081005,個人捐贈收入,王銘聰,N12*******,50000.00,0.00,,金錢,臺中市西屯區****,,
14,黃馨慧,109年立法委員選舉,首次申報,1081015,營利事業捐贈收入,理和建設股份有限公司,89231790,500000.00,0.00,,金錢,臺中市西屯區****,,
15,黃馨慧,109年立法委員選舉,首次申報,1081016,匿名捐贈,匿名,,500.00,0.00,,金錢,,,
16,黃馨慧,109年立法委員選舉,首次申報,1081022,個人捐贈收入,張以慧,F22*******,80000.00,0.00,,金錢,臺北市中山區****,,
17,黃馨慧,109年立法委員選舉,首次申報,1081025,營利事業捐贈收入,鉑原企業有限公司,86831187,500000.00,0.00,,金錢,臺中市大雅區****,,
18,黃馨慧,109年立法委員選舉,首次申報,1081029,營利事業捐贈收入,惠昇建設股份有限公司,80077888,300000.00,0.00,,金錢,臺中市西區英****,,
19,黃馨慧,109年立法委員選舉,首次申報,1081101,個人捐贈收入,邱文德,K10*******,100000.00,0.00,,非金錢,苗栗縣大湖鄉****,,
20,黃馨慧,109年立法委員選舉,首次申報,1081101,個人捐贈收入,林富雄,L12*******,100000.00,0.00,,非金錢,臺中市沙鹿區****,,
21,黃馨慧,109年立法委員選舉,首次申報,1081101,個人捐贈收入,陳鄭喜雀,L22*******,100000.00,0.00,,非金錢,臺中市西屯區****,,
22,黃馨慧,109年立法委員選舉,首次申報,1081107,個人捐贈收入,陳炯安,Q12*******,75000.00,0.00,,非金錢,臺中市西屯區****,,
23,黃馨慧,109年立法委員選舉,首次申報,1081111,個人捐贈收入,林雪虹,B20*******,20000.00,0.00,,金錢,臺中市南區建****,,
24,黃馨慧,109年立法委員選舉,首次申報,1081111,個人捐贈收入,黃如德,G10*******,20000.00,0.00,,金錢,臺中市西屯區****,,
25,黃馨慧,109年立法委員選舉,首次申報,1081112,個人捐贈收入,洪浩晃,N12*******,50000.00,0.00,,金錢,臺中市西屯區****,,
26,黃馨慧,109年立法委員選舉,首次申報,1081113,營利事業捐贈收入,弘隆環保服務有限公司,28501878,60000.00,0.00,,金錢,臺中市龍井區****,,
27,黃馨慧,109年立法委員選舉,首次申報,1081113,營利事業捐贈收入,頂尖運動行銷股份有限公司台中南屯營業所,72592313,100000.00,0.00,,金錢,臺中市南屯區****,,
28,黃馨慧,109年立法委員選舉,首次申報,1081115,營利事業捐贈收入,傳宗食品有限公司,25082859,10000.00,0.00,,金錢,臺中市大雅區****,,
29,黃馨慧,109年立法委員選舉,首次申報,1081115,個人捐贈收入,吳亦閎,B10*******,10000.00,0.00,,金錢,臺中市東區十****,,
30,黃馨慧,109年立法委員選舉,首次申報,1081115,個人捐贈收入,黃火木,F10*******,6600.00,0.00,,金錢,新北市三重區****,,
31,黃馨慧,109年立法委員選舉,首次申報,1081116,個人捐贈收入,張世仁,B12*******,100000.00,0.00,,金錢,臺中市北屯區****,,
32,黃馨慧,109年立法委員選舉,首次申報,1081118,營利事業捐贈收入,崇舜股份有限公司,16038360,100000.00,0.00,,金錢,臺中市西屯區****,,
33,黃馨慧,109年立法委員選舉,首次申報,1081118,個人捐贈收入,蔡寶根,B10*******,2000.00,0.00,,金錢,臺中市西屯區****,,
34,黃馨慧,109年立法委員選舉,首次申報,1081119,營利事業捐贈收入,聚富建設有限公司,28893403,200000.00,0.00,,金錢,臺中市西屯區****,,
35,黃馨慧,109年立法委員選舉,首次申報,1081120,營利事業捐贈收入,康翊投資有限公司,53978652,50000.00,0.00,,金錢,臺中市北屯區****,,
36,黃馨慧,109年立法委員選舉,首次申報,1081120,個人捐贈收入,賴鎮安,B12*******,20000.00,0.00,,金錢,臺中市南屯區****,,
37,黃馨慧,109年立法委員選舉,首次申報,1081120,個人捐贈收入,林福元,G12*******,60000.00,0.00,,金錢,臺中市西屯區****,,
38,黃馨慧,109年立法委員選舉,首次申報,1081120,個人捐贈收入,蔡敏慧,N22*******,50000.00,0.00,,金錢,南投縣草屯鎮****,,
39,黃馨慧,109年立法委員選舉,首次申報,1081120,個人捐贈收入,翁世和,Q12*******,100000.00,0.00,,金錢,苗栗縣竹南鎮****,,
40,黃馨慧,109年立法委員選舉,首次申報,1081121,個人捐贈收入,賴炳煌,B12*******,20000.00,0.00,,金錢,臺中市西屯區****,,
41,黃馨慧,109年立法委員選舉,首次申報,1081122,匿名捐贈,匿名捐贈,,3000.00,0.00,,金錢,,,
42,黃馨慧,109年立法委員選舉,首次申報,1081122,個人捐贈收入,廖三元,A12*******,3600.00,0.00,,金錢,臺中市西屯區****,,
43,黃馨慧,109年立法委員選舉,首次申報,1081122,個人捐贈收入,王羽杉,B29*******,500.00,0.00,,金錢,臺中市西屯區****,,
44,黃馨慧,109年立法委員選舉,首次申報,1081122,個人捐贈收入,程西明,P10*******,5000.00,0.00,,金錢,臺中市西屯區****,,
45,黃馨慧,109年立法委員選舉,首次申報,1081122,個人捐贈收入,許清輝,Q12*******,5000.00,0.00,,金錢,嘉義市民生南****,,
46,黃馨慧,109年立法委員選舉,首次申報,1081123,人民團體捐贈收入,祭祀公業法人台中市廖維禎,,5000.00,0.00,,金錢,台中市西屯區****,0952*****,
47,黃馨慧,109年立法委員選舉,首次申報,1081123,人民團體捐贈收入,祭祀公業法人台中市廖天宇,,5000.00,0.00,,金錢,台中市西屯區****,0952*****,
48,黃馨慧,109年立法委員選舉,首次申報,1081123,營利事業捐贈收入,讚成企業有限公司,23798513,30000.00,0.00,,金錢,臺中市西屯區****,,
49,黃馨慧,109年立法委員選舉,首次申報,1081123,營利事業捐贈收入,明祺工業社,52475098,6000.00,0.00,,金錢,臺中市西屯區****,,
50,黃馨慧,109年立法委員選舉,首次申報,1081123,個人捐贈收入,吳朝景,B10*******,5000.00,0.00,,金錢,臺中市北屯區****,,
51,黃馨慧,109年立法委員選舉,首次申報,1081123,個人捐贈收入,紀正芬,B22*******,20000.00,0.00,,金錢,臺中市西屯區****,,
52,黃馨慧,109年立法委員選舉,首次申報,1081123,個人捐贈收入,賴玉琴,B22*******,50000.00,0.00,,金錢,臺中市西屯區****,,
53,黃馨慧,109年立法委員選舉,首次申報,1081123,個人捐贈收入,王俊凱,L12*******,6000.00,0.00,,金錢,臺中市西屯區****,,
54,黃馨慧,109年立法委員選舉,首次申報,1081123,個人捐贈收入,施劍川,M10*******,20000.00,0.00,,金錢,臺中市西屯區****,,
55,黃馨慧,109年立法委員選舉,首次申報,1081123,個人捐贈收入,莊國奮,N10*******,20000.00,0.00,,金錢,臺中市南屯區****,,
56,黃馨慧,109年立法委員選舉,首次申報,1081123,個人捐贈收入,呂祐吉,N12*******,100000.00,0.00,,金錢,臺中市南屯區****,,
57,黃馨慧,109年立法委員選舉,首次申報,1081123,個人捐贈收入,陳宇,N20*******,1000.00,0.00,,金錢,臺中市西屯區****,,
58,黃馨慧,109年立法委員選舉,首次申報,1081125,人民團體捐贈收入,臺中市旅館商業同業公會,,20000.00,0.00,,金錢,北區台中市北****,04-2*****,
59,黃馨慧,109年立法委員選舉,首次申報,1081126,個人捐贈收入,曠蘭美,N22*******,10000.00,0.00,,金錢,臺中市南區南****,,
60,黃馨慧,109年立法委員選舉,首次申報,1081126,個人捐贈收入,李振鐘,R10*******,6000.00,0.00,,金錢,臺中市南屯區****,,
61,黃馨慧,109年立法委員選舉,首次申報,1081127,營利事業捐贈收入,志國投資股份有限公司,16973845,200000.00,0.00,,金錢,臺中市南屯區****,,
62,黃馨慧,109年立法委員選舉,首次申報,1081127,營利事業捐贈收入,點將家投資股份有限公司,28587988,60000.00,0.00,,金錢,臺中市南屯區****,,
63,黃馨慧,109年立法委員選舉,首次申報,1081127,個人捐贈收入,劉常吉,B10*******,10000.00,0.00,,金錢,臺中市西屯區****,,
64,黃馨慧,109年立法委員選舉,首次申報,1081127,個人捐贈收入,王世榮,B12*******,100000.00,0.00,,金錢,臺中市西屯區****,,
65,黃馨慧,109年立法委員選舉,首次申報,1081127,個人捐贈收入,王力慶,B12*******,50000.00,0.00,,金錢,臺中市西區英****,,
66,黃馨慧,109年立法委員選舉,首次申報,1081127,個人捐贈收入,林漢儀,B12*******,36000.00,0.00,,金錢,臺中市南區建****,,
67,黃馨慧,109年立法委員選舉,首次申報,1081127,個人捐贈收入,林彩鳳,B20*******,100000.00,0.00,,金錢,臺中市南屯區****,,
68,黃馨慧,109年立法委員選舉,首次申報,1081127,個人捐贈收入,林淑閨,B20*******,50000.00,0.00,,金錢,臺中市西屯區****,,
69,黃馨慧,109年立法委員選舉,首次申報,1081127,個人捐贈收入,林漢新,P10*******,36000.00,0.00,,金錢,臺中市西屯區****,,
70,黃馨慧,109年立法委員選舉,首次申報,1081127,個人捐贈收入,黃鐙麒,S12*******,1000.00,0.00,,金錢,高雄市岡山區****,,
71,黃馨慧,109年立法委員選舉,首次申報,1081127,個人捐贈收入,張文滋,Y12*******,50000.00,0.00,,金錢,臺中市南屯區****,,
72,黃馨慧,109年立法委員選舉,首次申報,1081128,個人捐贈收入,彭石山,N12*******,20000.00,0.00,,金錢,臺中市西屯區****,,
73,黃馨慧,109年立法委員選舉,首次申報,1081129,個人捐贈收入,劉祐銘,N12*******,100000.00,0.00,,金錢,臺中市南區高****,,
74,黃馨慧,109年立法委員選舉,首次申報,1081203,個人捐贈收入,劉鎮忠,L12*******,100000.00,0.00,,金錢,臺中市太平區****,,
75,黃馨慧,109年立法委員選舉,首次申報,1081204,營利事業捐贈收入,友喬投資有限公司,24247263,100000.00,0.00,,金錢,臺中市西屯區****,,
76,黃馨慧,109年立法委員選舉,首次申報,1081204,營利事業捐贈收入,正五傑機械股份有限公司,52499893,30000.00,0.00,,金錢,臺中市西屯區****,,
77,黃馨慧,109年立法委員選舉,首次申報,1081204,個人捐贈收入,陳庚申,B10*******,60000.00,0.00,,金錢,臺中市西屯區****,,
78,黃馨慧,109年立法委員選舉,首次申報,1081204,個人捐贈收入,黃金城,B12*******,6000.00,0.00,,金錢,臺中市南屯區****,,
79,黃馨慧,109年立法委員選舉,首次申報,1081204,個人捐贈收入,黃盈甄,B22*******,100000.00,0.00,,金錢,臺中市西屯區****,,
80,黃馨慧,109年立法委員選舉,首次申報,1081205,營利事業捐贈收入,裕國冷凍冷藏股份有限公司,23641978,61688.00,0.00,,金錢,臺中市西屯區****,,
81,黃馨慧,109年立法委員選舉,首次申報,1081205,營利事業捐贈收入,富旺國際開發股份有限公司,97447647,200000.00,0.00,,金錢,臺中市西區大****,,
82,黃馨慧,109年立法委員選舉,首次申報,1081205,個人捐贈收入,林樹生,B10*******,60000.00,0.00,,金錢,臺中市西屯區****,,
83,黃馨慧,109年立法委員選舉,首次申報,1081205,個人捐贈收入,何翠花,B20*******,1000.00,0.00,,金錢,臺中市西屯區****,,
84,黃馨慧,109年立法委員選舉,首次申報,1081206,個人捐贈收入,張傳宗,N12*******,10000.00,0.00,,金錢,臺中市南屯區****,,
85,黃馨慧,109年立法委員選舉,首次申報,1081207,個人捐贈收入,高添丁,R10*******,20000.00,0.00,,金錢,臺中市西屯區****,,
86,黃馨慧,109年立法委員選舉,首次申報,1081208,個人捐贈收入,王清德,L10*******,10000.00,0.00,,金錢,臺中市南屯區****,,
87,黃馨慧,109年立法委員選舉,首次申報,1081208,個人捐贈收入,李貴美,P20*******,66000.00,0.00,,金錢,臺中市西屯區****,,
88,黃馨慧,109年立法委員選舉,首次申報,1081208,個人捐贈收入,朱美英,S22*******,100000.00,0.00,,金錢,臺中市西屯區****,,
89,黃馨慧,109年立法委員選舉,首次申報,1081209,營利事業捐贈收入,達瞬企業有限公司,16026884,20000.00,0.00,,金錢,臺中市龍井區****,,
90,黃馨慧,109年立法委員選舉,首次申報,1081209,個人捐贈收入,尤盛鴻,C12*******,5500.00,0.00,,金錢,臺中市北區尚****,,
91,黃馨慧,109年立法委員選舉,首次申報,1081210,營利事業捐贈收入,弘旌有限公司,89657514,20000.00,0.00,,金錢,彰化縣鹿港鎮****,,
92,黃馨慧,109年立法委員選舉,首次申報,1081210,個人捐贈收入,施鵬賢,B10*******,60000.00,0.00,,金錢,臺中市南屯區****,,
93,黃馨慧,109年立法委員選舉,首次申報,1081210,個人捐贈收入,黃月玲,B22*******,100000.00,0.00,,金錢,臺中市南屯區****,,
94,黃馨慧,109年立法委員選舉,首次申報,1081210,個人捐贈收入,劉湧昌,L12*******,100000.00,0.00,,金錢,臺中市南屯區****,,
95,黃馨慧,109年立法委員選舉,首次申報,1081210,個人捐贈收入,王紋崇,M12*******,100000.00,0.00,,金錢,臺中市北屯區****,,
96,黃馨慧,109年立法委員選舉,首次申報,1081210,個人捐贈收入,詹英弘,N12*******,60000.00,0.00,,金錢,臺中市南區光****,,
97,黃馨慧,109年立法委員選舉,首次申報,1081210,個人捐贈收入,楊進福,N12*******,30000.00,0.00,,金錢,臺中市南屯區****,,
98,黃馨慧,109年立法委員選舉,首次申報,1081211,人民團體捐贈收入,社團法人臺中市牙醫師公會,,50000.00,0.00,,金錢,台中市南區忠****,04-2*****,
99,黃馨慧,109年立法委員選舉,首次申報,1081211,營利事業捐贈收入,先捷實業股份有限公司,22278606,60000.00,0.00,,金錢,臺中市西屯區****,,
100,黃馨慧,109年立法委員選舉,首次申報,1081211,個人捐贈收入,賴得旺,A12*******,200.00,0.00,,金錢,臺中市西屯區****,,
101,黃馨慧,109年立法委員選舉,首次申報,1081211,個人捐贈收入,張澍盈,B22*******,2000.00,0.00,,金錢,臺中市西區明****,,
102,黃馨慧,109年立法委員選舉,首次申報,1081211,個人捐贈收入,何英獎,Q12*******,100000.00,0.00,,金錢,嘉義市東區金****,,
103,黃馨慧,109年立法委員選舉,首次申報,1081212,營利事業捐贈收入,心月旅館股份有限公司,24239284,100000.00,0.00,,金錢,臺中市西屯區****,,
104,黃馨慧,109年立法委員選舉,首次申報,1081212,個人捐贈收入,孫寀媛,E22*******,20000.00,0.00,,金錢,臺中市南屯區****,,
105,黃馨慧,109年立法委員選舉,首次申報,1081212,個人捐贈收入,江屘菊,K20*******,30000.00,0.00,,金錢,臺中市南屯區****,,
106,黃馨慧,109年立法委員選舉,首次申報,1081212,政黨捐贈收入,中國國民黨,政黨證字第1號,200000.00,0.00,,金錢,台北市中山區****,(02)*****,
107,黃馨慧,109年立法委員選舉,首次申報,1081213,營利事業捐贈收入,油順精密股份有限公司,08005598,100000.00,0.00,,金錢,臺中市南屯區****,,
108,黃馨慧,109年立法委員選舉,首次申報,1081213,個人捐贈收入,林佳慶,J12*******,20000.00,0.00,,金錢,臺中市南屯區****,,
109,黃馨慧,109年立法委員選舉,首次申報,1081213,個人捐贈收入,王麗惠,M22*******,6000.00,0.00,,金錢,臺中市西屯區****,,
110,黃馨慧,109年立法委員選舉,首次申報,1081216,人民團體捐贈收入,臺中市醫師公會,,100000.00,0.00,,金錢,台中市西區公****,04-2*****,
111,黃馨慧,109年立法委員選舉,首次申報,1081216,營利事業捐贈收入,胖老爹炸雞有限公司,42675890,20000.00,0.00,,金錢,臺中市西屯區****,,
112,黃馨慧,109年立法委員選舉,首次申報,1081216,個人捐贈收入,王瑞拱,B10*******,50000.00,0.00,,金錢,臺中市西屯區****,,
113,黃馨慧,109年立法委員選舉,首次申報,1081216,個人捐贈收入,廖文鎮,B12*******,10000.00,0.00,,金錢,臺中市南屯區****,,
114,黃馨慧,109年立法委員選舉,首次申報,1081216,個人捐贈收入,藍毓竣,F12*******,1000.00,0.00,,金錢,臺中市西屯區****,,
115,黃馨慧,109年立法委員選舉,首次申報,1081216,個人捐贈收入,曾崇芳,L12*******,10000.00,0.00,,金錢,臺中市北區育****,,
116,黃馨慧,109年立法委員選舉,首次申報,1081218,個人捐贈收入,孫澄美,J20*******,100000.00,0.00,,金錢,臺中市西屯區****,,
117,黃馨慧,109年立法委員選舉,首次申報,1081218,個人捐贈收入,陳義信,N10*******,30000.00,0.00,,金錢,臺中市北屯區****,,
118,黃馨慧,109年立法委員選舉,首次申報,1081219,個人捐贈收入,黃國書,B12*******,100000.00,0.00,,金錢,臺中市南屯區****,,
119,黃馨慧,109年立法委員選舉,首次申報,1081219,個人捐贈收入,葉市,B20*******,2000.00,0.00,,金錢,臺中市西屯區****,,
120,黃馨慧,109年立法委員選舉,首次申報,1081219,個人捐贈收入,許富閎,L12*******,1000.00,0.00,,金錢,臺中市西屯區****,,
121,黃馨慧,109年立法委員選舉,首次申報,1081220,個人捐贈收入,蔡添順,B12*******,6000.00,0.00,,金錢,臺中市南屯區****,,
122,黃馨慧,109年立法委員選舉,首次申報,1081220,個人捐贈收入,林玉基,L22*******,10000.00,0.00,,金錢,臺中市南屯區****,,
123,黃馨慧,109年立法委員選舉,首次申報,1081220,個人捐贈收入,黃全義,T12*******,10000.00,0.00,,金錢,臺中市清水區****,,
124,黃馨慧,109年立法委員選舉,首次申報,1081221,其他收入,利息收入,,227.00,0.00,,金錢,,,
125,黃馨慧,109年立法委員選舉,首次申報,1081221,個人捐贈收入,張宏興,B10*******,10000.00,0.00,,金錢,臺中市西屯區****,,
126,黃馨慧,109年立法委員選舉,首次申報,1081221,個人捐贈收入,廖靜慧,B22*******,50000.00,0.00,,金錢,臺中市南屯區****,,
127,黃馨慧,109年立法委員選舉,首次申報,1081223,人民團體捐贈收入,台中市家畜肉類商業同業公會,,30000.00,0.00,,金錢,台中市西區忠****,04-2*****,
128,黃馨慧,109年立法委員選舉,首次申報,1081223,營利事業捐贈收入,天際線防火科技有限公司,42666695,2000.00,0.00,,金錢,臺中市南屯區****,,
129,黃馨慧,109年立法委員選舉,首次申報,1081223,營利事業捐贈收入,拓凱實業股份有限公司,52590175,200000.00,0.00,,金錢,臺中市南屯區****,,
130,黃馨慧,109年立法委員選舉,首次申報,1081223,營利事業捐贈收入,琪琪時尚有限公司,60491212,200000.00,0.00,,金錢,臺中市大里區****,,
131,黃馨慧,109年立法委員選舉,首次申報,1081223,個人捐贈收入,夏廣美,B22*******,29000.00,0.00,,金錢,臺中市南屯區****,,
132,黃馨慧,109年立法委員選舉,首次申報,1081223,個人捐贈收入,陳磊晏,L12*******,60000.00,0.00,,金錢,臺中市西屯區****,,
133,黃馨慧,109年立法委員選舉,首次申報,1081223,個人捐贈收入,紀靜如,L22*******,100000.00,0.00,,金錢,臺中市南屯區****,,
134,黃馨慧,109年立法委員選舉,首次申報,1081223,個人捐贈收入,黃才丕,Q12*******,100000.00,0.00,,金錢,臺中市南屯區****,,
135,黃馨慧,109年立法委員選舉,首次申報,1081224,營利事業捐贈收入,曹聖科技建材有限公司,84077262,12000.00,0.00,,金錢,臺中市西屯區****,,
136,黃馨慧,109年立法委員選舉,首次申報,1081224,個人捐贈收入,謝隆發,L10*******,100000.00,0.00,,金錢,臺中市豐原區****,,
137,黃馨慧,109年立法委員選舉,首次申報,1081225,營利事業捐贈收入,中龍加油站股份有限公司,25005137,50000.00,0.00,,金錢,臺中市龍井區****,,
138,黃馨慧,109年立法委員選舉,首次申報,1081225,營利事業捐贈收入,亘原實業股份有限公司,52787374,120000.00,0.00,,金錢,臺中市沙鹿區****,,
139,黃馨慧,109年立法委員選舉,首次申報,1081225,營利事業捐贈收入,銓輝科技有限公司,54229220,12000.00,0.00,,金錢,臺中市西屯區****,,
140,黃馨慧,109年立法委員選舉,首次申報,1081225,個人捐贈收入,曹宗彝,A12*******,100000.00,0.00,,金錢,臺中市南屯區****,,
141,黃馨慧,109年立法委員選舉,首次申報,1081225,個人捐贈收入,林東犁,A12*******,50000.00,0.00,,金錢,臺中市大里區****,,
142,黃馨慧,109年立法委員選舉,首次申報,1081225,個人捐贈收入,邱伯達,B10*******,100000.00,0.00,,金錢,臺中市西區大****,,
143,黃馨慧,109年立法委員選舉,首次申報,1081225,個人捐贈收入,陳世明,B12*******,100000.00,0.00,,金錢,新北市林口區****,,
144,黃馨慧,109年立法委員選舉,首次申報,1081225,個人捐贈收入,孫載富,E12*******,100000.00,0.00,,金錢,高雄市苓雅區****,,
145,黃馨慧,109年立法委員選舉,首次申報,1081225,個人捐贈收入,洪嘉鴻,K12*******,100000.00,0.00,,金錢,臺中市西區大****,,
146,黃馨慧,109年立法委員選舉,首次申報,1081225,個人捐贈收入,王鴻裕,L12*******,100000.00,0.00,,金錢,臺中市西區昇****,,
147,黃馨慧,109年立法委員選舉,首次申報,1081225,個人捐贈收入,車正道,L12*******,100000.00,0.00,,金錢,臺中市北屯區****,,
148,黃馨慧,109年立法委員選舉,首次申報,1081225,個人捐贈收入,阮貴省,L20*******,100000.00,0.00,,金錢,臺中市南區復****,,
149,黃馨慧,109年立法委員選舉,首次申報,1081225,個人捐贈收入,卓美華,L22*******,100000.00,0.00,,金錢,臺中市南屯區****,,
150,黃馨慧,109年立法委員選舉,首次申報,1081225,個人捐贈收入,蔡珠勤,M20*******,1000.00,0.00,,金錢,臺中市西屯區****,,
151,黃馨慧,109年立法委員選舉,首次申報,1081225,個人捐贈收入,徐子良,N12*******,100000.00,0.00,,金錢,彰化縣秀水鄉****,,
152,黃馨慧,109年立法委員選舉,首次申報,1081226,營利事業捐贈收入,普新生技股份有限公司,50834914,200000.00,0.00,,金錢,臺中市北屯區****,,
153,黃馨慧,109年立法委員選舉,首次申報,1081227,營利事業捐贈收入,商景企業股份有限公司,86986935,80000.00,0.00,,金錢,臺中市神岡區****,,
154,黃馨慧,109年立法委員選舉,首次申報,1081227,個人捐贈收入,何天生,B12*******,10000.00,0.00,,金錢,臺中市西屯區****,,
155,黃馨慧,109年立法委員選舉,首次申報,1081228,營利事業捐贈收入,天興投資股份有限公司,12816628,100000.00,0.00,,金錢,臺中市北區太****,,
156,黃馨慧,109年立法委員選舉,首次申報,1081230,營利事業捐贈收入,湘承酸菜魚火鍋,82453347,2000.00,0.00,,金錢,臺中市西屯區****,,
157,黃馨慧,109年立法委員選舉,首次申報,1081230,營利事業捐贈收入,裕笙工業股份有限公司,86473175,100000.00,0.00,,金錢,彰化縣鹿港鎮****,,
158,黃馨慧,109年立法委員選舉,首次申報,1081230,個人捐贈收入,何永地,B10*******,20000.00,0.00,,金錢,臺中市西屯區****,,
159,黃馨慧,109年立法委員選舉,首次申報,1081230,個人捐贈收入,賴東淮,B12*******,18000.00,0.00,,金錢,臺中市南屯區****,,
160,黃馨慧,109年立法委員選舉,首次申報,1081230,個人捐贈收入,賴東隆,B12*******,18000.00,0.00,,金錢,臺中市南屯區****,,
161,黃馨慧,109年立法委員選舉,首次申報,1081231,個人捐贈收入,周憲民,L12*******,20000.00,0.00,,金錢,臺中市龍井區****,,
162,黃馨慧,109年立法委員選舉,首次申報,1081231,個人捐贈收入,吳亭鋒,L12*******,10000.00,0.00,,金錢,臺中市南屯區****,,
163,黃馨慧,109年立法委員選舉,首次申報,1081231,個人捐贈收入,陳國光,P10*******,10000.00,0.00,,金錢,臺中市太平區****,,
164,黃馨慧,109年立法委員選舉,首次申報,1090101,營利事業捐贈收入,龍寶建設股份有限公司,23179610,100000.00,0.00,,金錢,臺中市北區館****,,
165,黃馨慧,109年立法委員選舉,首次申報,1090101,個人捐贈收入,林福來,B10*******,20000.00,0.00,,金錢,臺中市南屯區****,,
166,黃馨慧,109年立法委員選舉,首次申報,1090101,個人捐贈收入,黃匯傑,B12*******,100000.00,0.00,,金錢,臺中市南屯區****,,
167,黃馨慧,109年立法委員選舉,首次申報,1090101,個人捐贈收入,陳韋宏,B12*******,50000.00,0.00,,金錢,臺中市西屯區****,,
168,黃馨慧,109年立法委員選舉,首次申報,1090101,個人捐贈收入,張明權,B12*******,10000.00,0.00,,金錢,臺中市西屯區****,,
169,黃馨慧,109年立法委員選舉,首次申報,1090101,個人捐贈收入,黃月玲,B22*******,100000.00,0.00,,金錢,臺中市南屯區****,,
170,黃馨慧,109年立法委員選舉,首次申報,1090101,個人捐贈收入,劉湧昌,L12*******,100000.00,0.00,,金錢,臺中市南屯區****,,
171,黃馨慧,109年立法委員選舉,首次申報,1090101,個人捐贈收入,林煥洲,L12*******,10000.00,0.00,,金錢,臺中市西屯區****,,
172,黃馨慧,109年立法委員選舉,首次申報,1090101,個人捐贈收入,游惠玲,M22*******,100000.00,0.00,,金錢,臺中市南屯區****,,
173,黃馨慧,109年立法委員選舉,首次申報,1090101,個人捐贈收入,張志銘,N12*******,50000.00,0.00,,金錢,彰化縣鹿港鎮****,,
174,黃馨慧,109年立法委員選舉,首次申報,1090102,個人捐贈收入,江進助,B10*******,30000.00,0.00,,金錢,臺中市南區福****,,
175,黃馨慧,109年立法委員選舉,首次申報,1090102,個人捐贈收入,柯啓新,B12*******,100000.00,0.00,,金錢,臺中市北區太****,,
176,黃馨慧,109年立法委員選舉,首次申報,1090102,個人捐贈收入,吳六合,L12*******,100000.00,0.00,,金錢,臺中市西屯區****,,
177,黃馨慧,109年立法委員選舉,首次申報,1090103,個人捐贈收入,李金池,B12*******,100000.00,0.00,,金錢,臺中市南屯區****,,
178,黃馨慧,109年立法委員選舉,首次申報,1090103,個人捐贈收入,王進源,Q12*******,100000.00,0.00,,金錢,臺中市霧峰區****,,
179,黃馨慧,109年立法委員選舉,首次申報,1090103,個人捐贈收入,陳美雪,Q22*******,50000.00,0.00,,金錢,臺中市霧峰區****,,
180,黃馨慧,109年立法委員選舉,首次申報,1090105,個人捐贈收入,黃振聲,J12*******,100000.00,0.00,,金錢,新竹縣寶山鄉****,,
181,黃馨慧,109年立法委員選舉,首次申報,1090105,個人捐贈收入,楊秀芝,J22*******,100000.00,0.00,,金錢,新竹縣寶山鄉****,,
182,黃馨慧,109年立法委員選舉,首次申報,1090106,人民團體捐贈收入,台中市就業服務商業同業公會,,20000.00,0.00,,金錢,台中市南區美****,04-2*****,
183,黃馨慧,109年立法委員選舉,首次申報,1090106,個人捐贈收入,郭榮昌,L10*******,30000.00,0.00,,金錢,臺中市西屯區****,,
184,黃馨慧,109年立法委員選舉,首次申報,1090106,個人捐贈收入,楊志鵬,L12*******,100000.00,0.00,,金錢,臺中市北區博****,,
185,黃馨慧,109年立法委員選舉,首次申報,1090106,個人捐贈收入,洪瑜苹,L22*******,8000.00,0.00,,金錢,臺中市西屯區****,,
186,黃馨慧,109年立法委員選舉,首次申報,1090106,個人捐贈收入,吳政哲,P12*******,100000.00,0.00,,金錢,臺中市南屯區****,,
187,黃馨慧,109年立法委員選舉,首次申報,1090107,個人捐贈收入,許育誠,A12*******,50000.00,0.00,,金錢,臺北市大安區****,,
188,黃馨慧,109年立法委員選舉,首次申報,1090107,個人捐贈收入,何信權,B12*******,2000.00,0.00,,金錢,臺中市西屯區****,,
189,黃馨慧,109年立法委員選舉,首次申報,1090108,個人捐贈收入,賴文魁,B12*******,100000.00,0.00,,金錢,臺中市西屯區****,,
190,黃馨慧,109年立法委員選舉,首次申報,1090108,個人捐贈收入,彭淑燕,K22*******,20000.00,0.00,,金錢,臺中市南屯區****,,
191,黃馨慧,109年立法委員選舉,首次申報,1090109,個人捐贈收入,金松生,,600.00,0.00,,金錢,臺中市西屯區****,,
192,黃馨慧,109年立法委員選舉,首次申報,1090109,個人捐贈收入,陳秋陽,B10*******,3000.00,0.00,,金錢,臺中市南屯區****,,
193,黃馨慧,109年立法委員選舉,首次申報,1090109,個人捐贈收入,周必泰,B10*******,5000.00,0.00,,金錢,臺中市南屯區****,,
194,黃馨慧,109年立法委員選舉,首次申報,1090109,個人捐贈收入,林銘銓,B10*******,44992.00,0.00,,金錢,臺中市西區福****,,
195,黃馨慧,109年立法委員選舉,首次申報,1090109,個人捐贈收入,柯啟煜,B12*******,81176.00,0.00,,金錢,臺中市西區五****,,
196,黃馨慧,109年立法委員選舉,首次申報,1090109,個人捐贈收入,林展永,E12*******,51438.00,0.00,,金錢,臺中市北屯區****,,
197,黃馨慧,109年立法委員選舉,首次申報,1090109,個人捐贈收入,郭毓民,G12*******,52206.00,0.00,,金錢,臺中市南區光****,,
198,黃馨慧,109年立法委員選舉,首次申報,1090109,個人捐贈收入,唐廷照,N12*******,42588.00,0.00,,金錢,臺中市南屯區****,,
199,黃馨慧,109年立法委員選舉,首次申報,1090109,個人捐贈收入,林金素,N20*******,27600.00,0.00,,金錢,臺中市南屯區****,,
200,黃馨慧,109年立法委員選舉,首次申報,1090113,匿名捐贈,匿名捐贈,,100.00,0.00,,金錢,,,
