﻿序號,擬參選人／政黨,選舉名稱,申報序號／年度,交易日期,收支科目,捐贈者／支出對象,身分證／統一編號,收入金額,支出金額,支出用途,金錢類,地址,聯絡電話,資料更正日期
1,中華復興黨,,108,1081101,個人捐贈收入,黃得叡,K10*******,10000.00,0.00,,金錢,台北市松山區****,,
2,中華復興黨,,108,1081101,匿名捐贈收入,鄭旗生,,10000.00,0.00,,金錢,,,
3,中華復興黨,,108,1081108,個人捐贈收入,張文淵,A12*******,100000.00,0.00,,金錢,新北市板橋區****,,
4,中華復興黨,,108,1081112,個人捐贈收入,王進錄,,1000.00,0.00,,金錢,,0985*****,
5,中華復興黨,,108,1081112,個人捐贈收入,吳安定,,1000.00,0.00,,金錢,,0915*****,
6,中華復興黨,,108,1081113,匿名捐贈收入,匿名,,2000.00,0.00,,金錢,,,
7,中華復興黨,,108,1081118,個人捐贈收入,宋婉柔,B22*******,29000.00,0.00,,金錢,新北市汐止區****,,
8,中華復興黨,,108,1081121,匿名捐贈收入,王寶州,,300.00,0.00,,金錢,,,
9,中華復興黨,,108,1081221,其它收入,銀行利息,,11.00,0.00,,金錢,,,
