﻿序號,擬參選人／政黨,選舉名稱,申報序號／年度,交易日期,收支科目,捐贈者／支出對象,身分證／統一編號,收入金額,支出金額,捐贈方式,存入專戶日期,返還/繳庫,支出用途,金錢類,地址,聯絡電話,應揭露之支出對象,支出對象之內部人員姓名,支出對象之內部人員職稱,政黨之內部人員姓名,政黨之內部人員職稱,關係,更正註記,資料更正日期
1,李雨庭,111年高雄市議員選舉,首次申報,1110801,個人捐贈收入,賴昱辰,T12*******,2000.00,0.00,匯款,1110801,,,金錢,新北市中和區****,,,,,,,,,
2,李雨庭,111年高雄市議員選舉,首次申報,1110814,個人捐贈收入,黃偉仁,S12*******,20000.00,0.00,匯款,1110814,,,金錢,高雄市林園區****,,,,,,,,,
3,李雨庭,111年高雄市議員選舉,首次申報,1110817,營利事業捐贈收入,大登企業有限公司,83192840,100000.00,0.00,匯款,1110817,,,金錢,高雄市林園區****,,,,,,,,,
4,李雨庭,111年高雄市議員選舉,首次申報,1110822,個人捐贈收入,龔盈兆,S12*******,20000.00,0.00,匯款,1110822,,,金錢,高雄市林園區****,0987*****,,,,,,,,
5,李雨庭,111年高雄市議員選舉,首次申報,1110901,個人捐贈收入,李香蘭,T22*******,100000.00,0.00,匯款,1110901,,,金錢,屏東縣萬丹鄉****,,,,,,,,,
6,李雨庭,111年高雄市議員選舉,首次申報,1110907,個人捐贈收入,許仲邦,E12*******,60000.00,0.00,現金,1110908,,,金錢,高雄市鼓山區****,,,,,,,,,
7,李雨庭,111年高雄市議員選舉,首次申報,1110908,營利事業捐贈收入,東丞鋁業有限公司,24978534,500000.00,0.00,票據,1110908,,,金錢,高雄市路竹區****,,,,,,,,,
8,李雨庭,111年高雄市議員選舉,首次申報,1110928,個人捐贈收入,莊瑞瑉,S12*******,20000.00,0.00,匯款,1110928,,,金錢,高雄市大寮區****,,,,,,,,,
9,李雨庭,111年高雄市議員選舉,首次申報,1111001,個人捐贈收入,蘇建誠,E12*******,10000.00,0.00,匯款,1111001,,,金錢,高雄市大寮區****,,,,,,,,,
10,李雨庭,111年高雄市議員選舉,首次申報,1111003,個人捐贈收入,楊平山,T12*******,100000.00,0.00,匯款,1111003,,,金錢,屏東縣高樹鄉****,,,,,,,,,
11,李雨庭,111年高雄市議員選舉,首次申報,1111013,營利事業捐贈收入,寶凱電子企業股份有限公司,23347270,100000.00,0.00,現金,1111013,,,金錢,高雄市大寮區****,7878*****,,,,,,,,
12,李雨庭,111年高雄市議員選舉,首次申報,1111024,個人捐贈收入,王聖堯,R12*******,30000.00,0.00,現金,1111104,,,金錢,高雄市林園區****,,,,,,,,,
13,李雨庭,111年高雄市議員選舉,首次申報,1111028,個人捐贈收入,林文富,Q12*******,10000.00,0.00,匯款,1111028,,,金錢,高雄市林園區****,,,,,,,,,
14,李雨庭,111年高雄市議員選舉,首次申報,1111111,個人捐贈收入,吳苑蓉,S22*******,60000.00,0.00,現金,1111125,,,金錢,臺北市內湖區****,0917*****,,,,,,,,
15,李雨庭,111年高雄市議員選舉,首次申報,1111119,個人捐贈收入,蘇建誠,E12*******,12000.00,0.00,匯款,1111119,,,金錢,高雄市大寮區****,,,,,,,,,
16,李雨庭,111年高雄市議員選舉,首次申報,1111125,營利事業捐贈收入,匯鋼企業有限公司,58300223,50000.00,0.00,現金,1111202,,,金錢,高雄市大寮區****,7871*****,,,,,,,,
17,李雨庭,111年高雄市議員選舉,首次申報,1111125,個人捐贈收入,林金吉,S12*******,100000.00,0.00,現金,1111202,,,金錢,高雄市林園區****,,,,,,,,,
18,李雨庭,111年高雄市議員選舉,首次申報,1111221,其他收入,利息收入,,850.00,0.00,匯款,1111221,,,金錢,,,,,,,,,,
