﻿序號,擬參選人／政黨,選舉名稱,申報序號／年度,交易日期,收支科目,捐贈者／支出對象,身分證／統一編號,收入金額,支出金額,支出用途,金錢類,地址,聯絡電話,資料更正日期
1,賴坤志,107年村(里)長選舉,首次申報,1070823,個人捐贈收入,賴俊方,Q12*******,70000.00,0.00,,金錢,臺北市中山區****,02-2*****,
2,賴坤志,107年村(里)長選舉,首次申報,1070827,個人捐贈收入,賴昱綸,I10*******,20000.00,0.00,,金錢,臺北市中山區****,0912*****,
3,賴坤志,107年村(里)長選舉,首次申報,1070827,個人捐贈收入,賴佩旻,Q22*******,10000.00,0.00,,金錢,臺中市北屯區****,0910*****,
4,賴坤志,107年村(里)長選舉,首次申報,1070911,匿名捐贈,匿名1,,147.00,0.00,,金錢,,,
5,賴坤志,107年村(里)長選舉,首次申報,1071023,個人捐贈收入,蔡紹文,K10*******,5000.00,0.00,,金錢,嘉義縣中埔鄉****,0937*****,
6,賴坤志,107年村(里)長選舉,首次申報,1071023,個人捐贈收入,賴姮俐,Q20*******,5000.00,0.00,,金錢,嘉義市新開里****,0523*****,
