﻿序號,擬參選人／政黨,選舉名稱,申報序號／年度,交易日期,收支科目,捐贈者／支出對象,身分證／統一編號,收入金額,支出金額,支出用途,金錢類,地址,聯絡電話,資料更正日期
1,戴寧,109年立法委員選舉,首次申報,1081120,雜支支出,嘉義市選舉委員會,66601969,0.00,200000.00,選舉保證金費（未退回保證金者得以報支）,金錢,嘉義市東區博****,05-2*****,
2,戴寧,109年立法委員選舉,首次申報,1081204,宣傳支出,星給媒體廣告有限公司,54668249,0.00,40000.00,播送、傳送或刊登宣傳廣告支出,金錢,台北市忠孝東****,02-2*****,
3,戴寧,109年立法委員選舉,首次申報,1081209,宣傳支出,大將國際開發股份有限公司,12736202,0.00,8000.00,製作競選物品支出（背心）,金錢,嘉義市西區湖****,05-2*****,
4,戴寧,109年立法委員選舉,首次申報,1081209,宣傳支出,天麗旗幟有限公司,16531644,0.00,21000.00,製作競選物品支出（旗幟）,金錢,嘉義市福民里****,05-2*****,
5,戴寧,109年立法委員選舉,首次申報,1081210,宣傳支出,三立廣告社,14766912,0.00,1000.00,製作競選物品支出（彩帶）,金錢,嘉義縣中埔鄉****,05-2*****,
6,戴寧,109年立法委員選舉,首次申報,1081213,宣傳支出,和雲行動服務(股)台南分公司,50898894,0.00,45000.00,租用廣告看板或車體廣告支出,金錢,台南市永康區****,,
7,戴寧,109年立法委員選舉,首次申報,1081216,宣傳支出,天麗旗幟有限公司,16531644,0.00,2500.00,製作競選物品支出（旗幟）,金錢,嘉義市福民里****,05-2*****,
8,戴寧,109年立法委員選舉,首次申報,1081217,宣傳支出,宜佑企業社,29459146,0.00,800.00,製作競選物品支出（背帶）,金錢,嘉義市西區光****,05-2*****,
9,戴寧,109年立法委員選舉,首次申報,1081217,宣傳支出,彩邑廣告企業有限公司,56631872,0.00,50000.00,租用廣告看板或車體廣告支出,金錢,嘉義市西區光****,05-2*****,
10,戴寧,109年立法委員選舉,首次申報,1081224,宣傳支出,鳳鳴廣告社,10797033,0.00,18960.00,製作宣傳廣告支出,金錢,台南市新營區****,06-6*****,
11,戴寧,109年立法委員選舉,首次申報,1081224,宣傳支出,大嘉義行銷管理股份有限公司,80579778,0.00,100000.00,播送、傳送或刊登宣傳廣告支出,金錢,嘉義市西區北****,05-2*****,
12,戴寧,109年立法委員選舉,首次申報,1081228,宣傳支出,遨遊有限公司,54907298,0.00,100000.00,製作競選物品支出（文宣品）,金錢,臺中市北區民****,04-2*****,
13,戴寧,109年立法委員選舉,首次申報,1081228,宣傳支出,遨遊有限公司,54907298,0.00,110400.00,製作競選物品支出（文宣品）,金錢,臺中市北區民****,04-2*****,
14,戴寧,109年立法委員選舉,首次申報,1081230,宣傳支出,銘芳印刷用品社,21623209,0.00,12200.00,製作競選物品支出（海報及邀請卡）,金錢,嘉義市仁愛三****,05-2*****,
15,戴寧,109年立法委員選舉,首次申報,1081230,宣傳支出,也是行銷有限公司,80124453,0.00,15000.00,播送、傳送或刊登宣傳廣告支出,金錢,嘉義市蘭潭里****,05-2*****,
16,戴寧,109年立法委員選舉,首次申報,1081230,宣傳支出,也是行銷有限公司,80124453,0.00,15000.00,播送、傳送或刊登宣傳廣告支出,金錢,嘉義市蘭潭里****,05-2*****,
17,戴寧,109年立法委員選舉,首次申報,1090101,宣傳支出,精點廣告行銷工作室,34961131,0.00,15000.00,播送、傳送或刊登宣傳廣告支出,金錢,嘉義縣水上鄉****,05-2*****,
18,戴寧,109年立法委員選舉,首次申報,1090103,宣傳支出,中國廣播股份有限公司,03708205,0.00,19200.00,播送、傳送或刊登宣傳廣告支出,金錢,台北市松江路****,02-2*****,
19,戴寧,109年立法委員選舉,首次申報,1090103,宣傳支出,芝昕工作室,37714922,0.00,20000.00,播送、傳送或刊登宣傳廣告支出,金錢,嘉義縣民雄鄉****,05-2*****,
20,戴寧,109年立法委員選舉,首次申報,1090106,宣傳支出,天麗旗幟有限公司,16531644,0.00,4100.00,製作競選物品支出（旗幟）,金錢,嘉義市民福民****,05-2*****,
21,戴寧,109年立法委員選舉,首次申報,1090106,宣傳支出,正聲廣播股份有限公司嘉義廣播電台,66003703,0.00,15000.00,播送、傳送或刊登宣傳廣告支出,金錢,嘉義市垂楊路****,05-2*****,
22,戴寧,109年立法委員選舉,首次申報,1090111,租用宣傳車輛支出,王秋田,Q10*******,0.00,52500.00,雇用宣傳車輛駕駛支出,金錢,嘉義市北港路****,0911*****,
23,戴寧,109年立法委員選舉,首次申報,1090111,租用宣傳車輛支出,潘俊良,Q12*******,0.00,42900.00,雇用宣傳車輛駕駛支出,金錢,嘉義市民權路****,05-2*****,
24,戴寧,109年立法委員選舉,首次申報,1090111,租用宣傳車輛支出,蔡輝昌,Q12*******,0.00,197300.00,租用宣傳車輛支出,金錢,嘉義縣中埔鄉****,0989*****,
25,戴寧,109年立法委員選舉,首次申報,1090111,租用宣傳車輛支出,蘇春吉,Q12*******,0.00,24000.00,雇用宣傳車輛駕駛支出,金錢,嘉義市西區新****,0954*****,
26,戴寧,109年立法委員選舉,首次申報,1090113,租用宣傳車輛支出,Angel燈光音響,72588872,0.00,50000.00,租用宣傳車輛支出,金錢,雲林縣四湖鄉****,0927*****,
27,戴寧,109年立法委員選舉,首次申報,1090114,宣傳支出,桃城炸物廚房,47865413,0.00,60000.00,製作宣傳廣告支出,金錢,嘉義市西門街****,05-2*****,
28,戴寧,109年立法委員選舉,首次申報,1090204,返還支出,育仁有限公司,89989957,0.00,30000.00,返還,金錢,嘉義市公明路****,05-2*****,
