﻿序號,擬參選人／政黨,選舉名稱,申報序號／年度,交易日期,收支科目,捐贈者／支出對象,身分證／統一編號,收入金額,支出金額,支出用途,金錢類,地址,聯絡電話,資料更正日期
1,黃家齊,107年直轄市議員選舉,首次申報,1070701,交通旅運支出,全家宏有限公司,24422249,0.00,1000.00,油資,金錢,桃園市桃園區****,,
2,黃家齊,107年直轄市議員選舉,首次申報,1070705,交通旅運支出,億瓏加油站有限公司,28075987,0.00,1378.00,油資,金錢,桃園市桃園區****,,
3,黃家齊,107年直轄市議員選舉,首次申報,1070712,交通旅運支出,億瓏加油站有限公司,28075987,0.00,1000.00,油資,金錢,桃園市桃園區****,,
4,黃家齊,107年直轄市議員選舉,首次申報,1070717,交通旅運支出,億瓏加油站有限公司,28075987,0.00,1485.00,油資,金錢,桃園市桃園區****,,
5,黃家齊,107年直轄市議員選舉,首次申報,1070722,交通旅運支出,台灣中油(股)公司油品行銷事業部桃園營業處中山路加油,43047309,0.00,1242.00,油資,金錢,桃園市桃園區****,,
6,黃家齊,107年直轄市議員選舉,首次申報,1070728,交通旅運支出,億瓏加油站有限公司,28075987,0.00,1421.00,油資,金錢,桃園市桃園區****,,
7,黃家齊,107年直轄市議員選舉,首次申報,1070731,人事費用支出,林子筠,H22*******,0.00,30000.00,工資或薪津,金錢,桃園市中壢區****,,
8,黃家齊,107年直轄市議員選舉,首次申報,1070801,交通旅運支出,億瓏加油站有限公司,28075987,0.00,1402.00,油資,金錢,桃園市桃園區****,,
9,黃家齊,107年直轄市議員選舉,首次申報,1070812,交通旅運支出,寶慶加油站有限公司,97426684,0.00,500.00,油資,金錢,桃園市桃園區****,,
10,黃家齊,107年直轄市議員選舉,首次申報,1070818,交通旅運支出,億瓏加油站有限公司,28075987,0.00,1579.00,油資,金錢,桃園市桃園區****,,
11,黃家齊,107年直轄市議員選舉,首次申報,1070823,交通旅運支出,億瓏加油站有限公司,28075987,0.00,1000.00,油資,金錢,桃園市桃園區****,,
12,黃家齊,107年直轄市議員選舉,首次申報,1070824,宣傳支出,飛彩影印社,43957221,0.00,15300.00,製作競選物品支出（扇子）,金錢,桃園市桃園區****,,
13,黃家齊,107年直轄市議員選舉,首次申報,1070828,交通旅運支出,億瓏加油站有限公司,28075987,0.00,1000.00,油資,金錢,桃園市桃園區****,,
14,黃家齊,107年直轄市議員選舉,首次申報,1070830,公共關係費用支出,一元金商店,14377701,0.00,4400.00,聯誼交際費用,金錢,桃園市桃園區****,,
15,黃家齊,107年直轄市議員選舉,首次申報,1070831,人事費用支出,李有生,F12*******,0.00,10000.00,工資或薪津,金錢,桃園市桃園區****,,
16,黃家齊,107年直轄市議員選舉,首次申報,1070831,人事費用支出,林子筠,H22*******,0.00,30000.00,工資或薪津,金錢,桃園市中壢區****,,
17,黃家齊,107年直轄市議員選舉,首次申報,1070902,交通旅運支出,台灣中油(股)公司油品行銷事業部桃園營業處中工二加油,08418232,0.00,1000.00,油資,金錢,桃園市中壢區****,,
18,黃家齊,107年直轄市議員選舉,首次申報,1070903,公共關係費用支出,捨茶外人文茶藝館,13569337,0.00,5000.00,聯誼交際費用,金錢,桃園市桃園區****,,
19,黃家齊,107年直轄市議員選舉,首次申報,1070908,交通旅運支出,億瓏加油站有限公司,28075987,0.00,1000.00,油資,金錢,桃園市桃園區****,,
20,黃家齊,107年直轄市議員選舉,首次申報,1070914,宣傳支出,宏洋旗幟社,42173073,0.00,15000.00,製作競選物品支出（布條）,金錢,桃園市桃園區****,,
21,黃家齊,107年直轄市議員選舉,首次申報,1070914,公共關係費用支出,家福股份有限公司桃園春日分公司,84308019,0.00,2290.00,聯誼交際費用,金錢,桃園市桃園區****,,
22,黃家齊,107年直轄市議員選舉,首次申報,1070915,交通旅運支出,億瓏加油站有限公司,28075987,0.00,1000.00,油資,金錢,桃園市桃園區****,,
23,黃家齊,107年直轄市議員選舉,首次申報,1070915,公共關係費用支出,家福股份有限公司桃園內壢分公司,80347320,0.00,7086.00,聯誼交際費用,金錢,桃園市中壢區****,,
24,黃家齊,107年直轄市議員選舉,首次申報,1070917,公共關係費用支出,九里馥花店,87720694,0.00,3000.00,聯誼交際費用,金錢,桃園市桃園區****,,
25,黃家齊,107年直轄市議員選舉,首次申報,1070920,雜支支出,維康行,19961267,0.00,200.00,雜項購置或修繕費用,金錢,桃園市桃園區****,,
26,黃家齊,107年直轄市議員選舉,首次申報,1070920,交通旅運支出,台灣中油(股)公司油品行銷事業部桃園營業處武陵加油站,43870219,0.00,1000.00,油資,金錢,桃園市桃園區****,,
27,黃家齊,107年直轄市議員選舉,首次申報,1070921,宣傳支出,宏洋旗幟社,42173073,0.00,10000.00,製作競選物品支出（競選背心）,金錢,桃園市桃園區****,,
28,黃家齊,107年直轄市議員選舉,首次申報,1070921,公共關係費用支出,家福股份有限公司桃園春日分公司,80343014,0.00,2903.00,聯誼交際費用,金錢,桃園市中壢區****,,
29,黃家齊,107年直轄市議員選舉,首次申報,1070928,交通旅運支出,台灣中油(股)公司油品行銷事業部桃園營業處介壽路加油,43032220,0.00,1000.00,油資,金錢,桃園市桃園區****,,
30,黃家齊,107年直轄市議員選舉,首次申報,1070928,人事費用支出,李有生,F12*******,0.00,10000.00,工資或薪津,金錢,桃園市桃園區****,,
31,黃家齊,107年直轄市議員選舉,首次申報,1070928,人事費用支出,林子筠,H22*******,0.00,30000.00,工資或薪津,金錢,桃園市中壢區****,,
32,黃家齊,107年直轄市議員選舉,首次申報,1070929,雜支支出,世育文具店,19961267,0.00,300.00,雜項購置或修繕費用,金錢,桃園市桃園區****,,
33,黃家齊,107年直轄市議員選舉,首次申報,1070930,交通旅運支出,億瓏加油站有限公司,28075987,0.00,1000.00,油資,金錢,桃園市桃園區****,,
34,黃家齊,107年直轄市議員選舉,首次申報,1071001,雜支支出,捨茶外人文茶藝館,13569337,0.00,5000.00,餐飲費用,金錢,桃園市桃園區****,,
35,黃家齊,107年直轄市議員選舉,首次申報,1071001,公共關係費用支出,捨茶外人文茶藝館,13569337,0.00,5000.00,聯誼交際費用,金錢,桃園市桃園區****,,
36,黃家齊,107年直轄市議員選舉,首次申報,1071001,宣傳支出,琴觀股份有限公司,23642998,0.00,159000.00,製作競選物品支出（純水濕巾）,金錢,高雄市前鎮區****,,
37,黃家齊,107年直轄市議員選舉,首次申報,1071001,雜支支出,麗揚電機企業有限公司,84982358,0.00,6510.00,雜項購置或修繕費用,金錢,新北市五股區****,,
38,黃家齊,107年直轄市議員選舉,首次申報,1071004,雜支支出,台灣電力股份有限公司桃園區營業處,02488533,0.00,1317.00,水電瓦斯費用,金錢,桃園市桃園區****,,
39,黃家齊,107年直轄市議員選舉,首次申報,1071004,雜支支出,台灣自來水股份有限公司第二區管理處桃園服務所,02488745,0.00,1101.00,水電瓦斯費用,金錢,桃園市桃園區****,,
40,黃家齊,107年直轄市議員選舉,首次申報,1071004,雜支支出,中華電信股份有限公司台灣北區電信分公司桃園營運處,19683736,0.00,1500.00,電信費用,金錢,桃園市桃園區****,,
41,黃家齊,107年直轄市議員選舉,首次申報,1071006,交通旅運支出,億瓏加油站有限公司,28075987,0.00,1000.00,油資,金錢,桃園市桃園區****,,
42,黃家齊,107年直轄市議員選舉,首次申報,1071012,宣傳支出,中華郵政(股)公司,03741302,0.00,6001.00,郵寄競選物品或宣傳廣告支出,金錢,臺北市大安區****,,
43,黃家齊,107年直轄市議員選舉,首次申報,1071012,公共關係費用支出,瑞興禮品社,37793159,0.00,1100.00,聯誼交際費用,金錢,桃園市大溪區****,,
44,黃家齊,107年直轄市議員選舉,首次申報,1071012,宣傳支出,宏洋旗幟社,42173073,0.00,37500.00,製作競選物品支出（小旗子）,金錢,桃園市桃園區****,,
45,黃家齊,107年直轄市議員選舉,首次申報,1071013,交通旅運支出,寶慶加油站有限公司,97426684,0.00,1294.00,油資,金錢,桃園市桃園區****,,
46,黃家齊,107年直轄市議員選舉,首次申報,1071015,宣傳支出,中華郵政(股)公司,03741302,0.00,10980.00,郵寄競選物品或宣傳廣告支出,金錢,臺北市大安區****,,
47,黃家齊,107年直轄市議員選舉,首次申報,1071015,雜支支出,正吉鎖匙五金行,43132109,0.00,360.00,雜項購置或修繕費用,金錢,桃園市桃園區****,,
48,黃家齊,107年直轄市議員選舉,首次申報,1071016,宣傳支出,中華郵政(股)公司,03741302,0.00,4183.00,郵寄競選物品或宣傳廣告支出,金錢,臺北市大安區****,,
49,黃家齊,107年直轄市議員選舉,首次申報,1071016,雜支支出,統一超商股份有限公司桃園縣第570分公司,53670056,0.00,250.00,雜項購置或修繕費用,金錢,桃園市桃園區****,,
50,黃家齊,107年直轄市議員選舉,首次申報,1071018,雜支支出,劉老味小吃店,49670408,0.00,450.00,餐飲費用,金錢,桃園市桃園區****,,
51,黃家齊,107年直轄市議員選舉,首次申報,1071018,集會支出,弘民有限公司,50770854,0.00,6500.00,清潔整理支出,金錢,臺北市中正區****,,
52,黃家齊,107年直轄市議員選舉,首次申報,1071018,宣傳支出,自由時報企業股份有限公司,52570683,0.00,10000.00,播送、傳送或刊登宣傳廣告支出,金錢,臺北市內湖區****,,
53,黃家齊,107年直轄市議員選舉,首次申報,1071018,雜支支出,世育文具店,78831754,0.00,310.00,文具用品費用,金錢,桃園市桃園區****,,
54,黃家齊,107年直轄市議員選舉,首次申報,1071019,雜支支出,萬家企業社,09972976,0.00,500.00,雜項購置或修繕費用,金錢,桃園市桃園區****,,
55,黃家齊,107年直轄市議員選舉,首次申報,1071019,宣傳支出,協發廣告社,14381450,0.00,16000.00,郵寄競選物品或宣傳廣告支出,金錢,桃園市桃園區****,,
56,黃家齊,107年直轄市議員選舉,首次申報,1071019,雜支支出,新華園港式燒臘,41428083,0.00,550.00,餐飲費用,金錢,桃園市桃園區****,,
57,黃家齊,107年直轄市議員選舉,首次申報,1071019,雜支支出,新華園港式燒臘,41428083,0.00,1105.00,餐飲費用,金錢,桃園市桃園區****,,
58,黃家齊,107年直轄市議員選舉,首次申報,1071019,宣傳支出,宏洋旗幟社,42173073,0.00,2000.00,製作競選物品支出（號碼貼紙）,金錢,桃園市桃園區****,,
59,黃家齊,107年直轄市議員選舉,首次申報,1071019,宣傳支出,飛彩影印社,43957221,0.00,32100.00,製作宣傳廣告支出,金錢,桃園市桃園區****,,
60,黃家齊,107年直轄市議員選舉,首次申報,1071019,雜支支出,十豆刻印社,98145748,0.00,1960.00,雜項購置或修繕費用,金錢,桃園市桃園區****,,
61,黃家齊,107年直轄市議員選舉,首次申報,1071020,雜支支出,美芙漢堡,72761767,0.00,1520.00,餐飲費用,金錢,桃園市桃園區****,,
62,黃家齊,107年直轄市議員選舉,首次申報,1071020,雜支支出,緣味便當快餐店,94941700,0.00,1520.00,餐飲費用,金錢,桃園市桃園區****,,
63,黃家齊,107年直轄市議員選舉,首次申報,1071021,雜支支出,阿嬌姐小吃店,21546323,0.00,900.00,餐飲費用,金錢,桃園市桃園區****,,
64,黃家齊,107年直轄市議員選舉,首次申報,1071021,集會支出,福興包子饅頭店,26637580,0.00,21250.00,餐飲支出,金錢,桃園市桃園區****,,
65,黃家齊,107年直轄市議員選舉,首次申報,1071021,雜支支出,世育文具店,78831754,0.00,150.00,文具用品費用,金錢,桃園市桃園區****,,
66,黃家齊,107年直轄市議員選舉,首次申報,1071021,雜支支出,日日快餐,98248081,0.00,1200.00,餐飲費用,金錢,桃園市桃園區****,,
67,黃家齊,107年直轄市議員選舉,首次申報,1071022,雜支支出,吉市多百貨商行,01383722,0.00,518.00,雜項購置或修繕費用,金錢,桃園市桃園區****,,
68,黃家齊,107年直轄市議員選舉,首次申報,1071022,雜支支出,合順五金行,43726854,0.00,150.00,雜項購置或修繕費用,金錢,桃園市桃園區****,,
69,黃家齊,107年直轄市議員選舉,首次申報,1071022,雜支支出,緣味便當快餐店,94941700,0.00,720.00,餐飲費用,金錢,桃園市桃園區****,,
70,黃家齊,107年直轄市議員選舉,首次申報,1071023,雜支支出,珍珍飲食店,78519070,0.00,630.00,餐飲費用,金錢,桃園市桃園區****,,
71,黃家齊,107年直轄市議員選舉,首次申報,1071023,雜支支出,緣味便當快餐店,94941700,0.00,1020.00,餐飲費用,金錢,桃園市桃園區****,,
72,黃家齊,107年直轄市議員選舉,首次申報,1071024,雜支支出,阿嬌姐小吃店,21546323,0.00,810.00,餐飲費用,金錢,桃園市桃園區****,,
73,黃家齊,107年直轄市議員選舉,首次申報,1071025,雜支支出,東來便當店,41132504,0.00,980.00,餐飲費用,金錢,桃園市桃園區****,,
74,黃家齊,107年直轄市議員選舉,首次申報,1071025,雜支支出,緣味便當快餐店,94941700,0.00,1630.00,餐飲費用,金錢,桃園市桃園區****,,
75,黃家齊,107年直轄市議員選舉,首次申報,1071026,雜支支出,香米飯包,39980278,0.00,630.00,餐飲費用,金錢,桃園市桃園區****,,
76,黃家齊,107年直轄市議員選舉,首次申報,1071026,雜支支出,建國向陽冬瓜肉飯,41442509,0.00,800.00,餐飲費用,金錢,桃園市桃園區****,,
77,黃家齊,107年直轄市議員選舉,首次申報,1071026,宣傳支出,飛彩影印社,43957221,0.00,39700.00,製作宣傳廣告支出,金錢,桃園市桃園區****,,
78,黃家齊,107年直轄市議員選舉,首次申報,1071027,雜支支出,南臺珍便當店,19955912,0.00,600.00,餐飲費用,金錢,桃園市桃園區****,,
79,黃家齊,107年直轄市議員選舉,首次申報,1071027,交通旅運支出,全家宏有限公司,24422249,0.00,1258.00,油資,金錢,桃園市桃園區****,,
80,黃家齊,107年直轄市議員選舉,首次申報,1071028,雜支支出,東來便當店,41132504,0.00,980.00,餐飲費用,金錢,桃園市桃園區****,,
81,黃家齊,107年直轄市議員選舉,首次申報,1071028,雜支支出,劉老味小吃店,49670408,0.00,4100.00,餐飲費用,金錢,桃園市桃園區****,,
82,黃家齊,107年直轄市議員選舉,首次申報,1071029,雜支支出,東來便當店,41120583,0.00,720.00,餐飲費用,金錢,桃園市桃園區****,,
83,黃家齊,107年直轄市議員選舉,首次申報,1071030,雜支支出,阿嬌姐小吃店,21546323,0.00,900.00,餐飲費用,金錢,桃園市桃園區****,,
84,黃家齊,107年直轄市議員選舉,首次申報,1071030,雜支支出,我愛泰泰小吃店,49677818,0.00,1040.00,餐飲費用,金錢,桃園市桃園區****,,
85,黃家齊,107年直轄市議員選舉,首次申報,1071031,交通旅運支出,億瓏加油站有限公司,28075987,0.00,1259.00,油資,金錢,桃園市桃園區****,,
86,黃家齊,107年直轄市議員選舉,首次申報,1071031,雜支支出,東來便當店,41132504,0.00,400.00,餐飲費用,金錢,桃園市桃園區****,,
87,黃家齊,107年直轄市議員選舉,首次申報,1071031,人事費用支出,李有生,F12*******,0.00,25000.00,工資或薪津,金錢,桃園市桃園區****,,
88,黃家齊,107年直轄市議員選舉,首次申報,1071031,人事費用支出,林子筠,H22*******,0.00,30000.00,工資或薪津,金錢,桃園市中壢區****,,
89,黃家齊,107年直轄市議員選舉,首次申報,1071101,公共關係費用支出,捨茶外人文茶藝館,13569337,0.00,5000.00,聯誼交際費用,金錢,桃園市桃園區****,,
90,黃家齊,107年直轄市議員選舉,首次申報,1071101,雜支支出,泰盛港式燒臘快餐,34817734,0.00,900.00,餐飲費用,金錢,桃園市桃園區****,,
91,黃家齊,107年直轄市議員選舉,首次申報,1071101,雜支支出,光輝小吃店,49691826,0.00,1105.00,餐飲費用,金錢,桃園市桃園區****,,
92,黃家齊,107年直轄市議員選舉,首次申報,1071102,雜支支出,泰盛港式燒臘快餐,34817734,0.00,1350.00,餐飲費用,金錢,桃園市桃園區****,,
93,黃家齊,107年直轄市議員選舉,首次申報,1071102,宣傳支出,宏洋旗幟社,42173073,0.00,30000.00,製作競選物品支出（布條）,金錢,桃園市桃園區****,,
94,黃家齊,107年直轄市議員選舉,首次申報,1071102,雜支支出,浩洋電子材料有限公司,97033323,0.00,1590.00,雜項購置或修繕費用,金錢,桃園市桃園區****,,
95,黃家齊,107年直轄市議員選舉,首次申報,1071102,雜支支出,日日快餐,98248081,0.00,770.00,餐飲費用,金錢,桃園市桃園區****,,
96,黃家齊,107年直轄市議員選舉,首次申報,1071103,雜支支出,箱根飲食店,87908199,0.00,1260.00,餐飲費用,金錢,桃園市桃園區****,,
97,黃家齊,107年直轄市議員選舉,首次申報,1071104,交通旅運支出,北基國際股份有限公司北基朝陽加油站,41005417,0.00,1000.00,油資,金錢,桃園市桃園區****,,
98,黃家齊,107年直轄市議員選舉,首次申報,1071104,雜支支出,東來便當店,41132504,0.00,770.00,餐飲費用,金錢,桃園市桃園區****,,
99,黃家齊,107年直轄市議員選舉,首次申報,1071104,雜支支出,劉老味小吃店,49670408,0.00,3355.00,餐飲費用,金錢,桃園市桃園區****,,
100,黃家齊,107年直轄市議員選舉,首次申報,1071105,交通旅運支出,億瓏加油站有限公司,28075987,0.00,635.00,油資,金錢,桃園市桃園區****,,
101,黃家齊,107年直轄市議員選舉,首次申報,1071105,雜支支出,東來便當店,41132504,0.00,560.00,餐飲費用,金錢,桃園市桃園區****,,
102,黃家齊,107年直轄市議員選舉,首次申報,1071106,雜支支出,東來便當店,41132504,0.00,530.00,餐飲費用,金錢,桃園市桃園區****,,
103,黃家齊,107年直轄市議員選舉,首次申報,1071106,宣傳支出,宏洋旗幟社,42173073,0.00,4500.00,製作競選物品支出（關東旗）,金錢,桃園市桃園區****,,
104,黃家齊,107年直轄市議員選舉,首次申報,1071106,返還支出,金美場實業有限公司,97222915,0.00,6000.00,返還,金錢,桃園市桃園區****,0937*****,
105,黃家齊,107年直轄市議員選舉,首次申報,1071108,宣傳支出,中華郵政(股)公司,03741302,0.00,168.00,郵寄競選物品或宣傳廣告支出,金錢,臺北市大安區****,,
106,黃家齊,107年直轄市議員選舉,首次申報,1071108,交通旅運支出,億瓏加油站有限公司,28075987,0.00,750.00,油資,金錢,桃園市桃園區****,,
107,黃家齊,107年直轄市議員選舉,首次申報,1071108,雜支支出,緣味便當快餐店,94941700,0.00,720.00,餐飲費用,金錢,桃園市桃園區****,,
108,黃家齊,107年直轄市議員選舉,首次申報,1071109,雜支支出,宜家家居股份有限公司桃園分公司,27357360,0.00,228.00,雜項購置或修繕費用,金錢,桃園市桃園區****,,
109,黃家齊,107年直轄市議員選舉,首次申報,1071109,雜支支出,東來便當店,41132504,0.00,1310.00,餐飲費用,金錢,桃園市桃園區****,,
110,黃家齊,107年直轄市議員選舉,首次申報,1071109,雜支支出,箱根飲食店,87908199,0.00,910.00,餐飲費用,金錢,桃園市桃園區****,,
111,黃家齊,107年直轄市議員選舉,首次申報,1071110,雜支支出,佳珍小吃店,44035267,0.00,1420.00,餐飲費用,金錢,桃園市桃園區****,,
112,黃家齊,107年直轄市議員選舉,首次申報,1071110,雜支支出,緣味便當快餐店,94941700,0.00,1480.00,餐飲費用,金錢,桃園市桃園區****,,
113,黃家齊,107年直轄市議員選舉,首次申報,1071111,交通旅運支出,億瓏加油站有限公司,28075987,0.00,720.00,油資,金錢,桃園市桃園區****,,
114,黃家齊,107年直轄市議員選舉,首次申報,1071111,雜支支出,泰盛港式燒臘快餐,34817734,0.00,2880.00,餐飲費用,金錢,桃園市桃園區****,,
115,黃家齊,107年直轄市議員選舉,首次申報,1071111,雜支支出,建國向陽冬瓜肉飯,41442509,0.00,935.00,餐飲費用,金錢,桃園市桃園區****,,
116,黃家齊,107年直轄市議員選舉,首次申報,1071111,雜支支出,劉老味小吃店,49670408,0.00,4870.00,餐飲費用,金錢,桃園市桃園區****,,
117,黃家齊,107年直轄市議員選舉,首次申報,1071112,宣傳支出,宏洋旗幟社,42173073,0.00,45000.00,製作競選物品支出（搶救布條）,金錢,桃園市桃園區****,,
118,黃家齊,107年直轄市議員選舉,首次申報,1071112,雜支支出,珍珍飲食店,78519070,0.00,850.00,餐飲費用,金錢,桃園市桃園區****,,
119,黃家齊,107年直轄市議員選舉,首次申報,1071114,雜支支出,宏琪小吃店,41120583,0.00,1405.00,餐飲費用,金錢,桃園市桃園區****,,
120,黃家齊,107年直轄市議員選舉,首次申報,1071114,宣傳支出,飛彩影印社,43957221,0.00,57000.00,製作宣傳廣告支出,金錢,桃園市桃園區****,,
121,黃家齊,107年直轄市議員選舉,首次申報,1071114,雜支支出,箱根飲食店,87908199,0.00,1050.00,餐飲費用,金錢,桃園市桃園區****,,
122,黃家齊,107年直轄市議員選舉,首次申報,1071115,宣傳支出,協發廣告社,14381450,0.00,17500.00,郵寄競選物品或宣傳廣告支出,金錢,桃園市桃園區****,,
123,黃家齊,107年直轄市議員選舉,首次申報,1071115,雜支支出,世育文具店,78831754,0.00,400.00,文具用品費用,金錢,桃園市桃園區****,,
124,黃家齊,107年直轄市議員選舉,首次申報,1071115,交通旅運支出,台灣中油(股)公司油品行銷事業部桃園營業處三民路加油,98249357,0.00,610.00,油資,金錢,桃園市桃園區****,,
125,黃家齊,107年直轄市議員選舉,首次申報,1071116,宣傳支出,中華郵政(股)公司,03741302,0.00,140.00,郵寄競選物品或宣傳廣告支出,金錢,臺北市大安區****,,
126,黃家齊,107年直轄市議員選舉,首次申報,1071118,雜支支出,泰盛港式燒臘快餐,34817734,0.00,7010.00,餐飲費用,金錢,桃園市桃園區****,,
127,黃家齊,107年直轄市議員選舉,首次申報,1071118,雜支支出,東來便當店,41132504,0.00,2100.00,餐飲費用,金錢,桃園市桃園區****,,
128,黃家齊,107年直轄市議員選舉,首次申報,1071118,雜支支出,劉老味小吃店,49670408,0.00,6370.00,餐飲費用,金錢,桃園市桃園區****,,
129,黃家齊,107年直轄市議員選舉,首次申報,1071118,雜支支出,鴻朗生活館有限公司,53643333,0.00,500.00,雜項購置或修繕費用,金錢,桃園市桃園區****,,
130,黃家齊,107年直轄市議員選舉,首次申報,1071118,雜支支出,珍珍飲食店,78519070,0.00,3500.00,餐飲費用,金錢,桃園市桃園區****,,
131,黃家齊,107年直轄市議員選舉,首次申報,1071118,交通旅運支出,台灣中油(股)公司油品行銷事業部桃園營業處三民路加油,98249357,0.00,735.00,油資,金錢,桃園市桃園區****,,
132,黃家齊,107年直轄市議員選舉,首次申報,1071119,交通旅運支出,億瓏加油站有限公司,28075987,0.00,1550.00,油資,金錢,桃園市桃園區****,,
133,黃家齊,107年直轄市議員選舉,首次申報,1071119,宣傳支出,自由時報企業股份有限公司,52570683,0.00,10000.00,播送、傳送或刊登宣傳廣告支出,金錢,臺北市內湖區****,,
134,黃家齊,107年直轄市議員選舉,首次申報,1071119,雜支支出,珍珍飲食店,78519070,0.00,3330.00,餐飲費用,金錢,桃園市桃園區****,,
135,黃家齊,107年直轄市議員選舉,首次申報,1071120,交通旅運支出,台灣中油(股)公司油品行銷事業部桃園營業處春日路加油,02488111,0.00,600.00,油資,金錢,桃園市桃園區****,,
136,黃家齊,107年直轄市議員選舉,首次申報,1071121,宣傳支出,中華郵政(股)公司,03741302,0.00,112.00,郵寄競選物品或宣傳廣告支出,金錢,臺北市大安區****,,
137,黃家齊,107年直轄市議員選舉,首次申報,1071121,雜支支出,珍珍飲食店,78519070,0.00,4200.00,餐飲費用,金錢,桃園市桃園區****,,
138,黃家齊,107年直轄市議員選舉,首次申報,1071121,雜支支出,箱根飲食店,87908199,0.00,2940.00,餐飲費用,金錢,桃園市桃園區****,,
139,黃家齊,107年直轄市議員選舉,首次申報,1071122,宣傳支出,中華郵政(股)公司,03741302,0.00,56.00,郵寄競選物品或宣傳廣告支出,金錢,臺北市大安區****,,
140,黃家齊,107年直轄市議員選舉,首次申報,1071122,雜支支出,世育文具店,19961267,0.00,150.00,雜項購置或修繕費用,金錢,桃園市桃園區****,,
141,黃家齊,107年直轄市議員選舉,首次申報,1071122,交通旅運支出,億瓏加油站有限公司,28075987,0.00,1000.00,油資,金錢,桃園市桃園區****,,
142,黃家齊,107年直轄市議員選舉,首次申報,1071122,返還支出,全球日照科技有限公司,55743575,0.00,50000.00,返還,金錢,臺北市大安區****,02-2*****,
143,黃家齊,107年直轄市議員選舉,首次申報,1071122,雜支支出,緣味便當快餐店,94941700,0.00,3870.00,餐飲費用,金錢,桃園市桃園區****,,
144,黃家齊,107年直轄市議員選舉,首次申報,1071123,宣傳支出,協發廣告社,14381450,0.00,20000.00,郵寄競選物品或宣傳廣告支出,金錢,桃園市桃園區****,,
145,黃家齊,107年直轄市議員選舉,首次申報,1071123,交通旅運支出,台灣中油(股)公司油品行銷事業部桃園營業處中山路加油,43047309,0.00,700.00,油資,金錢,桃園市桃園區****,,
146,黃家齊,107年直轄市議員選舉,首次申報,1071123,宣傳支出,飛彩影印社,43957221,0.00,4050.00,製作宣傳廣告支出,金錢,桃園市桃園區****,,
147,黃家齊,107年直轄市議員選舉,首次申報,1071123,雜支支出,緣味便當快餐店,94941700,0.00,3290.00,餐飲費用,金錢,桃園市桃園區****,,
148,黃家齊,107年直轄市議員選舉,首次申報,1071124,集會支出,福興包子饅頭店,26637580,0.00,1615.00,餐飲支出,金錢,桃園市桃園區****,,
149,黃家齊,107年直轄市議員選舉,首次申報,1071124,雜支支出,世育文具店,78831754,0.00,120.00,文具用品費用,金錢,桃園市桃園區****,,
150,黃家齊,107年直轄市議員選舉,首次申報,1071124,雜支支出,箱根飲食店,87908199,0.00,700.00,餐飲費用,金錢,桃園市桃園區****,,
151,黃家齊,107年直轄市議員選舉,首次申報,1071125,雜支支出,南臺珍便當店,19955912,0.00,850.00,餐飲費用,金錢,桃園市桃園區****,,
152,黃家齊,107年直轄市議員選舉,首次申報,1071125,雜支支出,泰盛港式燒臘快餐,34817734,0.00,11970.00,餐飲費用,金錢,桃園市桃園區****,,
153,黃家齊,107年直轄市議員選舉,首次申報,1071125,雜支支出,劉老味小吃店,49670408,0.00,7285.00,餐飲費用,金錢,桃園市桃園區****,,
154,黃家齊,107年直轄市議員選舉,首次申報,1071126,宣傳支出,協發廣告社,14381450,0.00,6900.00,郵寄競選物品或宣傳廣告支出,金錢,桃園市桃園區****,,
155,黃家齊,107年直轄市議員選舉,首次申報,1071126,交通旅運支出,寶慶加油站有限公司,97426684,0.00,1000.00,油資,金錢,桃園市桃園區****,,
156,黃家齊,107年直轄市議員選舉,首次申報,1071130,人事費用支出,李有生,F12*******,0.00,30000.00,工資或薪津,金錢,桃園市桃園區****,,
157,黃家齊,107年直轄市議員選舉,首次申報,1071130,人事費用支出,林子筠,H22*******,0.00,30000.00,工資或薪津,金錢,桃園市中壢區****,,
158,黃家齊,107年直轄市議員選舉,首次申報,1071204,返還支出,協陞貿易股份有限公司,89686546,0.00,200000.00,返還,金錢,桃園市桃園區****,03-3*****,
159,黃家齊,107年直轄市議員選舉,首次申報,1071207,宣傳支出,飛彩影印社,43957221,0.00,8000.00,郵寄競選物品或宣傳廣告支出,金錢,桃園市桃園區****,,
160,黃家齊,107年直轄市議員選舉,首次申報,1071210,宣傳支出,茂鎰實業有限公司,86787979,0.00,300000.00,製作競選物品支出（高科技泡綿）,金錢,雲林縣斗南鎮****,,
161,黃家齊,107年直轄市議員選舉,首次申報,1071215,宣傳支出,茂鎰實業有限公司,86787979,0.00,300000.00,製作競選物品支出（高科技泡綿）,金錢,雲林縣斗南鎮****,,
162,黃家齊,107年直轄市議員選舉,首次申報,1071217,雜支支出,中華電信股份有限公司台灣北區電信分公司桃園營運處,19683736,0.00,2036.00,電信費用,金錢,桃園市桃園區****,,
163,黃家齊,107年直轄市議員選舉,首次申報,1071218,雜支支出,中華電信股份有限公司台灣北區電信分公司桃園營運處,19683736,0.00,3870.00,電信費用,金錢,桃園市桃園區****,,
164,黃家齊,107年直轄市議員選舉,首次申報,1071219,宣傳支出,飛彩影印社,43957221,0.00,17000.00,郵寄競選物品或宣傳廣告支出,金錢,桃園市桃園區****,,
165,黃家齊,107年直轄市議員選舉,首次申報,1071224,人事費用支出,李有生,F12*******,0.00,30000.00,工資或薪津,金錢,桃園市桃園區****,,
166,黃家齊,107年直轄市議員選舉,首次申報,1071224,人事費用支出,林子筠,H22*******,0.00,30000.00,工資或薪津,金錢,桃園市中壢區****,,
