﻿序號,擬參選人／政黨,選舉名稱,申報序號／年度,交易日期,收支科目,捐贈者／支出對象,身分證／統一編號,收入金額,支出金額,支出用途,金錢類,地址,聯絡電話,資料更正日期
1,李勝雄,107年鄉(鎮、市)長選舉,首次申報,1070904,雜支支出,中華郵政,,0.00,20.00,劃撥手續費,金錢,宜蘭縣南澳鄉****,,
2,李勝雄,107年鄉(鎮、市)長選舉,首次申報,1071024,雜支支出,中華郵政,,0.00,15.00,劃撥手續費,金錢,宜蘭縣南澳鄉****,,
3,李勝雄,107年鄉(鎮、市)長選舉,首次申報,1071122,雜支支出,中華郵政,,0.00,280.00,劃撥手續費,金錢,宜蘭縣南澳鄉****,,
4,李勝雄,107年鄉(鎮、市)長選舉,首次申報,1071122,宣傳支出,長江企業社,02422441,0.00,113285.00,帽子頂及選舉旗幟組,金錢,宜蘭縣羅東鎮****,03-9*****,
5,李勝雄,107年鄉(鎮、市)長選舉,首次申報,1071127,雜支支出,良興建材行,41595933,0.00,2965.00,五金材料等,金錢,宜蘭縣南澳鄉****,,
6,李勝雄,107年鄉(鎮、市)長選舉,首次申報,1071127,交通旅運支出,南興加油站,70918270,0.00,16208.00,油料,金錢,宜蘭縣南澳鄉****,,
7,李勝雄,107年鄉(鎮、市)長選舉,首次申報,1071128,雜支支出,金蓮果菜店,42073010,0.00,14508.00,調味料及菜金,金錢,宜蘭縣蘇澳鎮****,03-9*****,
