﻿序號,擬參選人／政黨,選舉名稱,申報序號／年度,交易日期,收支科目,捐贈者／支出對象,身分證／統一編號,收入金額,支出金額,捐贈方式,存入專戶日期,返還/繳庫,支出用途,金錢類,地址,聯絡電話,應揭露之支出對象,支出對象之內部人員姓名,支出對象之內部人員職稱,政黨之內部人員姓名,政黨之內部人員職稱,關係,更正註記,資料更正日期
1,蔡永泉,111年嘉義市議員選舉,首次申報,1110718,雜支支出,𡘙師傅中式餐館,,0.00,100.00,,,,餐飲費用,金錢,嘉義市東區公****,,否,,,,,,,
2,蔡永泉,111年嘉義市議員選舉,首次申報,1110719,雜支支出,真味珍食品店,,0.00,250.00,,,,餐飲費用,金錢,嘉義市西區忠****,,否,,,,,,,
3,蔡永泉,111年嘉義市議員選舉,首次申報,1110720,交通旅運支出,威盛加油站有限公司威盛加油站,14521804,0.00,1016.00,,,,油資,金錢,嘉義市東區博****,,否,,,,,,,
4,蔡永泉,111年嘉義市議員選舉,首次申報,1110722,雜支支出,馬可先生食品企業股份有限公司嘉義門市部,,0.00,314.00,,,,餐飲費用,金錢,嘉義市西區新****,,否,,,,,,,
5,蔡永泉,111年嘉義市議員選舉,首次申報,1110722,雜支支出,嘉鄉開發食品有限公司新民分公司,,0.00,100.00,,,,餐飲費用,金錢,嘉義市西區新****,,否,,,,,,,
6,蔡永泉,111年嘉義市議員選舉,首次申報,1110722,宣傳支出,陳木城,Q12*******,0.00,56000.00,,,,租用廣告看板或車體廣告費用,金錢,嘉義縣水上鄉****,,否,,,,,,,
7,蔡永泉,111年嘉義市議員選舉,首次申報,1110723,雜支支出,阿波鴨肉麵,,0.00,145.00,,,,餐飲費用,金錢,嘉義市東區興****,,否,,,,,,,
8,蔡永泉,111年嘉義市議員選舉,首次申報,1110724,交通旅運支出,台灣中油股份有限公司油品行銷事業部嘉義營業處林森路加油站,65060037,0.00,124.00,,,,油資,金錢,嘉義市西區林****,,否,,,,,,,
9,蔡永泉,111年嘉義市議員選舉,首次申報,1110728,雜支支出,馬可先生食品企業股份有限公司嘉義門市部,,0.00,314.00,,,,餐飲費用,金錢,嘉義市西區新****,,否,,,,,,,
10,蔡永泉,111年嘉義市議員選舉,首次申報,1110730,雜支支出,阿波鴨肉麵,,0.00,265.00,,,,餐飲費用,金錢,嘉義市東區興****,,否,,,,,,,
11,蔡永泉,111年嘉義市議員選舉,首次申報,1110801,雜支支出,馬可先生食品企業股份有限公司嘉義門市部,,0.00,314.00,,,,餐飲費用,金錢,嘉義市西區新****,,否,,,,,,,
12,蔡永泉,111年嘉義市議員選舉,首次申報,1110801,雜支支出,多利多食品有限公司,,0.00,35.00,,,,餐飲費用,金錢,嘉義市東區民****,,否,,,,,,,
13,蔡永泉,111年嘉義市議員選舉,首次申報,1110801,宣傳支出,陳木城,Q12*******,0.00,49650.00,,,,租用廣告看板或車體廣告費用,金錢,嘉義縣水上鄉****,,否,,,,,,,
14,蔡永泉,111年嘉義市議員選舉,首次申報,1110802,雜支支出,新興金香店,,0.00,600.00,,,,雜項購置或修繕費用,金錢,嘉義市東區民****,,否,,,,,,,
15,蔡永泉,111年嘉義市議員選舉,首次申報,1110803,雜支支出,全聯實業股份有限公司嘉義大雅分公司,54370752,0.00,80.00,,,,雜項購置或修繕費用,金錢,嘉義市東區大****,,否,,,,,,,
16,蔡永泉,111年嘉義市議員選舉,首次申報,1110805,公共關係費用支出,嘉義縣農會,65840702,0.00,2000.00,,,,聯誼交際費用,金錢,嘉義市西區博****,,否,,,,,,,
17,蔡永泉,111年嘉義市議員選舉,首次申報,1110805,人事費用支出,陳怡錦,Q22*******,0.00,10000.00,,,,加班費或值班費,金錢,嘉義市東區大****,,否,,,,,,,
18,蔡永泉,111年嘉義市議員選舉,首次申報,1110806,雜支支出,耐斯廣場股份有限公司,,0.00,590.00,,,,雜項購置或修繕費用,金錢,嘉義市東區忠****,,否,,,,,,,
19,蔡永泉,111年嘉義市議員選舉,首次申報,1110806,雜支支出,耐斯廣場股份有限公司,,0.00,4930.00,,,,雜項購置或修繕費用,金錢,嘉義市東區忠****,,否,,,,,,,
20,蔡永泉,111年嘉義市議員選舉,首次申報,1110808,雜支支出,馬可先生食品企業股份有限公司嘉義門市部,,0.00,314.00,,,,餐飲費用,金錢,嘉義市西區新****,,否,,,,,,,
21,蔡永泉,111年嘉義市議員選舉,首次申報,1110809,交通旅運支出,台灣中油股份有限公司油品行銷事業部嘉義營業處中山路加油站,65059221,0.00,128.00,,,,油資,金錢,嘉義市東區中****,,否,,,,,,,
22,蔡永泉,111年嘉義市議員選舉,首次申報,1110810,雜支支出,世茂商行,18275590,0.00,90.00,,,,雜項購置或修繕費用,金錢,嘉義市東區公****,,否,,,,,,,
23,蔡永泉,111年嘉義市議員選舉,首次申報,1110810,交通旅運支出,嘉峰股份有限公司,84388575,0.00,100.00,,,,油資,金錢,嘉義市東區大****,,否,,,,,,,
24,蔡永泉,111年嘉義市議員選舉,首次申報,1110811,宣傳支出,雍真廣告企劃有限公司,,0.00,2880.00,,,,租用廣告看板或車體廣告費用,金錢,嘉義市東區博****,,否,,,,,,,
25,蔡永泉,111年嘉義市議員選舉,首次申報,1110811,雜支支出,明木滿月油飯店,,0.00,45.00,,,,餐飲費用,金錢,嘉義市東區公****,,否,,,,,,,
26,蔡永泉,111年嘉義市議員選舉,首次申報,1110811,公共關係費用支出,光正青果行,,0.00,1500.00,,,,聯誼交際費用,金錢,嘉義縣番路鄉****,,否,,,,,,,
27,蔡永泉,111年嘉義市議員選舉,首次申報,1110811,宣傳支出,宏揚鷹架有限公司,28762303,0.00,36000.00,,,,租用廣告看板或車體廣告費用,金錢,嘉義縣民雄鄉****,,否,,,,,,,
28,蔡永泉,111年嘉義市議員選舉,首次申報,1110814,雜支支出,馬可先生食品企業股份有限公司嘉義門市部,,0.00,314.00,,,,餐飲費用,金錢,嘉義市西區新****,,否,,,,,,,
29,蔡永泉,111年嘉義市議員選舉,首次申報,1110814,雜支支出,富利餐飲股份有限公司,,0.00,189.00,,,,餐飲費用,金錢,嘉義市西區垂****,,否,,,,,,,
30,蔡永泉,111年嘉義市議員選舉,首次申報,1110816,交通旅運支出,竑穗興業股份有限公司垂楊營業處,47914961,0.00,30.00,,,,停車費,金錢,嘉義市西區垂****,,否,,,,,,,
31,蔡永泉,111年嘉義市議員選舉,首次申報,1110817,雜支支出,品冠生機實業有限公司,,0.00,109.00,,,,餐飲費用,金錢,嘉義市東區維****,,否,,,,,,,
32,蔡永泉,111年嘉義市議員選舉,首次申報,1110817,交通旅運支出,威盛加油站有限公司威盛加油站,14521804,0.00,1465.00,,,,油資,金錢,嘉義市東區博****,,否,,,,,,,
33,蔡永泉,111年嘉義市議員選舉,首次申報,1110817,雜支支出,旭文堂印舖,65186078,0.00,160.00,,,,文具用品費用,金錢,嘉義市東區吳****,,否,,,,,,,
34,蔡永泉,111年嘉義市議員選舉,首次申報,1110817,宣傳支出,嘉鋒鷹架有限公司,83778596,0.00,83400.00,,,,租用廣告看板或車體廣告費用,金錢,嘉義縣民雄鄉****,,否,,,,,,,
35,蔡永泉,111年嘉義市議員選舉,首次申報,1110817,雜支支出,一零一企業股份有限公司嘉義大雅分公司,90610263,0.00,244.00,,,,文具用品費用,金錢,嘉義市東區大****,,否,,,,,,,
36,蔡永泉,111年嘉義市議員選舉,首次申報,1110818,交通旅運支出,協同加油站有限公司,16238162,0.00,1570.00,,,,油資,金錢,嘉義縣民雄鄉****,,否,,,,,,,
37,蔡永泉,111年嘉義市議員選舉,首次申報,1110819,雜支支出,真味珍食品店,,0.00,200.00,,,,餐飲費用,金錢,嘉義市西區忠****,,否,,,,,,,
38,蔡永泉,111年嘉義市議員選舉,首次申報,1110821,交通旅運支出,台灣中油股份有限公司油品行銷事業部嘉義營業處中山路加油站,65059221,0.00,100.00,,,,油資,金錢,嘉義市東區中****,,否,,,,,,,
39,蔡永泉,111年嘉義市議員選舉,首次申報,1110822,雜支支出,馬可先生食品企業股份有限公司嘉義門市部,,0.00,247.00,,,,餐飲費用,金錢,嘉義市西區新****,,否,,,,,,,
40,蔡永泉,111年嘉義市議員選舉,首次申報,1110822,雜支支出,阿波鴨肉麵,,0.00,145.00,,,,餐飲費用,金錢,嘉義市東區興****,,否,,,,,,,
41,蔡永泉,111年嘉義市議員選舉,首次申報,1110825,宣傳支出,雍真廣告企劃有限公司,,0.00,24122.00,,,,租用廣告看板或車體廣告費用,金錢,嘉義市東區博****,,否,,,,,,,
42,蔡永泉,111年嘉義市議員選舉,首次申報,1110825,宣傳支出,宏揚鷹架有限公司,28762303,0.00,25200.00,,,,租用廣告看板或車體廣告費用,金錢,嘉義縣民雄鄉****,,否,,,,,,,
43,蔡永泉,111年嘉義市議員選舉,首次申報,1110829,宣傳支出,劉昱呈,,0.00,15000.00,,,,租用廣告看板或車體廣告費用,金錢,嘉義市東區東****,,否,,,,,,,
44,蔡永泉,111年嘉義市議員選舉,首次申報,1110830,交通旅運支出,台灣中油股份有限公司油品行銷事業部嘉義營業處中山路加油站,65059221,0.00,122.00,,,,油資,金錢,嘉義市東區中****,,否,,,,,,,
45,蔡永泉,111年嘉義市議員選舉,首次申報,1110831,雜支支出,民族有限公司,,0.00,225.00,,,,餐飲費用,金錢,嘉義市東區民****,,否,,,,,,,
46,蔡永泉,111年嘉義市議員選舉,首次申報,1110901,交通旅運支出,威盛加油站有限公司威盛加油站,14521804,0.00,80.00,,,,其他與交通旅運有關之費用,金錢,嘉義市東區博****,,否,,,,,,,
47,蔡永泉,111年嘉義市議員選舉,首次申報,1110901,雜支支出,世茂商行,18275590,0.00,404.00,,,,雜項購置或修繕費用,金錢,嘉義市東區公****,,否,,,,,,,
48,蔡永泉,111年嘉義市議員選舉,首次申報,1110901,交通旅運支出,台灣中油股份有限公司油品行銷事業部嘉義營業處中山路加油站,65059221,0.00,100.00,,,,油資,金錢,嘉義市東區中****,,否,,,,,,,
49,蔡永泉,111年嘉義市議員選舉,首次申報,1110902,雜支支出,和德昌股份有限公司嘉義中山路分公司,,0.00,148.00,,,,餐飲費用,金錢,嘉義市西區中****,,否,,,,,,,
50,蔡永泉,111年嘉義市議員選舉,首次申報,1110902,雜支支出,多利多食品有限公司,,0.00,48.00,,,,餐飲費用,金錢,嘉義市東區民****,,否,,,,,,,
51,蔡永泉,111年嘉義市議員選舉,首次申報,1110904,雜支支出,馬可先生食品企業股份有限公司嘉義門市部,,0.00,304.00,,,,餐飲費用,金錢,嘉義市西區新****,,否,,,,,,,
52,蔡永泉,111年嘉義市議員選舉,首次申報,1110905,人事費用支出,陳怡錦,Q22*******,0.00,10000.00,,,,加班費或值班費,金錢,嘉義市東區大****,,否,,,,,,,
53,蔡永泉,111年嘉義市議員選舉,首次申報,1110906,宣傳支出,學明書局,76817046,0.00,58000.00,,,,製作競選物品或宣傳廣告費用（荷葉扇）,金錢,嘉義市東區保****,,否,,,,,,,
54,蔡永泉,111年嘉義市議員選舉,首次申報,1110908,宣傳支出,陳木城,Q12*******,0.00,9050.00,,,,租用廣告看板或車體廣告費用,金錢,嘉義縣水上鄉****,,否,,,,,,,
55,蔡永泉,111年嘉義市議員選舉,首次申報,1110912,雜支支出,馬可先生食品企業股份有限公司嘉義門市部,,0.00,314.00,,,,餐飲費用,金錢,嘉義市西區新****,,否,,,,,,,
56,蔡永泉,111年嘉義市議員選舉,首次申報,1110913,交通旅運支出,台灣中油股份有限公司油品行銷事業部嘉義營業處中山路加油站,65059221,0.00,100.00,,,,油資,金錢,嘉義市東區中****,,否,,,,,,,
57,蔡永泉,111年嘉義市議員選舉,首次申報,1110915,雜支支出,元生補湯小吃店,18292248,0.00,499.00,,,,餐飲費用,金錢,嘉義市東區大****,,否,,,,,,,
58,蔡永泉,111年嘉義市議員選舉,首次申報,1110915,雜支支出,中華電信股份有限公司嘉義營運處,93949275,0.00,272.00,,,,電信費用,金錢,嘉義市西區中****,,否,,,,,,,
59,蔡永泉,111年嘉義市議員選舉,首次申報,1110919,雜支支出,悠旅生活事業股份有限公司,,0.00,375.00,,,,餐飲費用,金錢,嘉義市東區垂****,,否,,,,,,,
60,蔡永泉,111年嘉義市議員選舉,首次申報,1110920,宣傳支出,雍真廣告企劃有限公司,,0.00,29209.00,,,,租用廣告看板或車體廣告費用,金錢,嘉義市東區博****,,否,,,,,,,
61,蔡永泉,111年嘉義市議員選舉,首次申報,1110921,交通旅運支出,威盛加油站有限公司威盛加油站,14521804,0.00,1005.00,,,,油資,金錢,嘉義市東區博****,,否,,,,,,,
62,蔡永泉,111年嘉義市議員選舉,首次申報,1110922,雜支支出,品冠生機實業有限公司,,0.00,108.00,,,,餐飲費用,金錢,嘉義市東區維****,,否,,,,,,,
63,蔡永泉,111年嘉義市議員選舉,首次申報,1110922,雜支支出,松柏藥局,66513023,0.00,380.00,,,,雜項購置或修繕費用,金錢,嘉義市東區民****,,否,,,,,,,
64,蔡永泉,111年嘉義市議員選舉,首次申報,1110923,雜支支出,以馬忤斯飲料店,,0.00,70.00,,,,餐飲費用,金錢,嘉義市東區中****,,否,,,,,,,
65,蔡永泉,111年嘉義市議員選舉,首次申報,1110923,雜支支出,龍瀚事業有限公司,28641651,0.00,150.00,,,,文具用品費用,金錢,嘉義市東區中****,,否,,,,,,,
66,蔡永泉,111年嘉義市議員選舉,首次申報,1110923,交通旅運支出,台灣中油股份有限公司油品行銷事業部嘉義營業處中山路加油站,65059221,0.00,100.00,,,,油資,金錢,嘉義市東區中****,,否,,,,,,,
67,蔡永泉,111年嘉義市議員選舉,首次申報,1110923,宣傳支出,學明書局,76817046,0.00,54000.00,,,,製作競選物品或宣傳廣告費用（茶葉包裝）,金錢,嘉義市東區保****,,否,,,,,,,
68,蔡永泉,111年嘉義市議員選舉,首次申報,1110926,雜支支出,中華電信股份有限公司嘉義營運處,93949275,0.00,1000.00,,,,電信費用,金錢,嘉義市西區中****,,否,,,,,,,
69,蔡永泉,111年嘉義市議員選舉,首次申報,1110927,公共關係費用支出,元生補湯小吃店,,0.00,499.00,,,,聯誼交際費用,金錢,嘉義市東區大****,,否,,,,,,,
70,蔡永泉,111年嘉義市議員選舉,首次申報,1110928,交通旅運支出,威盛加油站有限公司威盛加油站,14521804,0.00,80.00,,,,其他與交通旅運有關之費用,金錢,嘉義市東區博****,,否,,,,,,,
71,蔡永泉,111年嘉義市議員選舉,首次申報,1110928,雜支支出,松柏藥局,66513023,0.00,380.00,,,,雜項購置或修繕費用,金錢,嘉義市東區民****,,否,,,,,,,
72,蔡永泉,111年嘉義市議員選舉,首次申報,1110930,雜支支出,龍瀚事業有限公司,28641651,0.00,263.00,,,,文具用品費用,金錢,嘉義市東區中****,,否,,,,,,,
73,蔡永泉,111年嘉義市議員選舉,首次申報,1110930,交通旅運支出,台灣中油股份有限公司油品行銷事業部嘉義營業處中山路加油站,65059221,0.00,100.00,,,,油資,金錢,嘉義市東區中****,,否,,,,,,,
74,蔡永泉,111年嘉義市議員選舉,首次申報,1111001,雜支支出,大山煤氣行,65009525,0.00,210.00,,,,水電瓦斯費用,金錢,嘉義市東區公****,,否,,,,,,,
75,蔡永泉,111年嘉義市議員選舉,首次申報,1111001,雜支支出,中華電信股份有限公司嘉義營運處,93949275,0.00,112.00,,,,電信費用,金錢,嘉義市西區中****,,否,,,,,,,
76,蔡永泉,111年嘉義市議員選舉,首次申報,1111002,交通旅運支出,威盛加油站有限公司威盛加油站,14521804,0.00,80.00,,,,其他與交通旅運有關之費用,金錢,嘉義市東區博****,,否,,,,,,,
77,蔡永泉,111年嘉義市議員選舉,首次申報,1111003,雜支支出,美鈴花店,,0.00,150.00,,,,雜項購置或修繕費用,金錢,嘉義市東區吳****,,否,,,,,,,
78,蔡永泉,111年嘉義市議員選舉,首次申報,1111004,宣傳支出,雍真廣告企劃有限公司,,0.00,15090.00,,,,租用廣告看板或車體廣告費用,金錢,嘉義市東區博****,,否,,,,,,,
79,蔡永泉,111年嘉義市議員選舉,首次申報,1111004,雜支支出,嘉權生活館有限公司,53392384,0.00,100.00,,,,雜項購置或修繕費用,金錢,嘉義市東區民****,,否,,,,,,,
80,蔡永泉,111年嘉義市議員選舉,首次申報,1111004,宣傳支出,聯興商店,66468104,0.00,60000.00,,,,製作競選物品或宣傳廣告費用（蜜香紅茶茶包）,金錢,嘉義縣阿里山****,,否,,,,,,,
81,蔡永泉,111年嘉義市議員選舉,首次申報,1111005,交通旅運支出,台灣中油股份有限公司油品行銷事業部嘉義營業處中山路加油站,65059221,0.00,105.00,,,,油資,金錢,嘉義市東區中****,,否,,,,,,,
82,蔡永泉,111年嘉義市議員選舉,首次申報,1111005,人事費用支出,陳怡錦,Q22*******,0.00,10000.00,,,,加班費或值班費,金錢,嘉義市東區大****,,否,,,,,,,
83,蔡永泉,111年嘉義市議員選舉,首次申報,1111006,雜支支出,品冠生機實業有限公司,,0.00,428.00,,,,餐飲費用,金錢,嘉義市東區維****,,否,,,,,,,
84,蔡永泉,111年嘉義市議員選舉,首次申報,1111007,雜支支出,品冠生機實業有限公司,,0.00,214.00,,,,餐飲費用,金錢,嘉義市東區維****,,否,,,,,,,
85,蔡永泉,111年嘉義市議員選舉,首次申報,1111010,雜支支出,馬可先生食品企業股份有限公司嘉義門市部,,0.00,342.00,,,,餐飲費用,金錢,嘉義市西區新****,,否,,,,,,,
86,蔡永泉,111年嘉義市議員選舉,首次申報,1111011,雜支支出,嘉權生活館有限公司,53392384,0.00,26.00,,,,雜項購置或修繕費用,金錢,嘉義市東區民****,,否,,,,,,,
87,蔡永泉,111年嘉義市議員選舉,首次申報,1111012,雜支支出,日堉商行,,0.00,125.00,,,,餐飲費用,金錢,嘉義市東區博****,,否,,,,,,,
88,蔡永泉,111年嘉義市議員選舉,首次申報,1111014,雜支支出,品冠生機實業有限公司,,0.00,218.00,,,,餐飲費用,金錢,嘉義市東區維****,,否,,,,,,,
89,蔡永泉,111年嘉義市議員選舉,首次申報,1111014,交通旅運支出,威盛加油站有限公司威盛加油站,14521804,0.00,1000.00,,,,油資,金錢,嘉義市東區博****,,否,,,,,,,
90,蔡永泉,111年嘉義市議員選舉,首次申報,1111017,宣傳支出,鋒彩廣告設計有限公司,,0.00,6000.00,,,,租用廣告看板或車體廣告費用,金錢,嘉義縣民雄鄉****,,否,,,,,,,
91,蔡永泉,111年嘉義市議員選舉,首次申報,1111017,雜支支出,龍瀚事業有限公司,28641651,0.00,152.00,,,,文具用品費用,金錢,嘉義市東區中****,,否,,,,,,,
92,蔡永泉,111年嘉義市議員選舉,首次申報,1111017,雜支支出,嘉權生活館有限公司,53392384,0.00,66.00,,,,雜項購置或修繕費用,金錢,嘉義市東區民****,,否,,,,,,,
93,蔡永泉,111年嘉義市議員選舉,首次申報,1111018,雜支支出,馬可先生食品企業股份有限公司嘉義門市部,,0.00,451.00,,,,餐飲費用,金錢,嘉義市西區新****,,否,,,,,,,
94,蔡永泉,111年嘉義市議員選舉,首次申報,1111018,雜支支出,龍瀚事業有限公司,28641651,0.00,19.00,,,,文具用品費用,金錢,嘉義市東區中****,,否,,,,,,,
95,蔡永泉,111年嘉義市議員選舉,首次申報,1111018,租用宣傳車輛支出,和雲行動服務股份有限公司嘉義博愛站,81400890,0.00,18000.00,,,,雇用宣傳車輛駕駛費用,金錢,嘉義市西區博****,,否,,,,,,,
96,蔡永泉,111年嘉義市議員選舉,首次申報,1111018,交通旅運支出,久井企業股份有限公司久井世賢加油站,81691840,0.00,772.00,,,,油資,金錢,嘉義市西區世****,,否,,,,,,,
97,蔡永泉,111年嘉義市議員選舉,首次申報,1111019,宣傳支出,雍真廣告企劃有限公司,,0.00,9400.00,,,,租用廣告看板或車體廣告費用,金錢,嘉義市東區博****,,否,,,,,,,
98,蔡永泉,111年嘉義市議員選舉,首次申報,1111019,宣傳支出,雍真廣告企劃有限公司,,0.00,10200.00,,,,租用廣告看板或車體廣告費用,金錢,嘉義市東區博****,,否,,,,,,,
99,蔡永泉,111年嘉義市議員選舉,首次申報,1111020,雜支支出,世茂商行,18275590,0.00,279.00,,,,雜項購置或修繕費用,金錢,嘉義市東區公****,,否,,,,,,,
100,蔡永泉,111年嘉義市議員選舉,首次申報,1111021,宣傳支出,聯興商店,66468104,0.00,60000.00,,,,製作競選物品或宣傳廣告費用（蜜香紅茶茶包）,金錢,嘉義縣阿里山****,,否,,,,,,,
101,蔡永泉,111年嘉義市議員選舉,首次申報,1111021,宣傳支出,學明書局,76817046,0.00,85000.00,,,,製作競選物品或宣傳廣告費用（A手冊）,金錢,嘉義市東區保****,,否,,,,,,,
102,蔡永泉,111年嘉義市議員選舉,首次申報,1111022,雜支支出,明木滿月油飯店,,0.00,80.00,,,,餐飲費用,金錢,嘉義市東區公****,,否,,,,,,,
103,蔡永泉,111年嘉義市議員選舉,首次申報,1111023,雜支支出,旭川旗幟企業行,19730013,0.00,560.00,,,,雜項購置或修繕費用,金錢,嘉義市東區安****,,否,,,,,,,
104,蔡永泉,111年嘉義市議員選舉,首次申報,1111023,交通旅運支出,台灣中油股份有限公司油品行銷事業部嘉義營業處中山路加油站,65059221,0.00,109.00,,,,油資,金錢,嘉義市東區中****,,否,,,,,,,
105,蔡永泉,111年嘉義市議員選舉,首次申報,1111024,公共關係費用支出,謝武夫,,0.00,3000.00,,,,聯誼交際費用,金錢,臺中市沙鹿區****,,否,,,,,,,
106,蔡永泉,111年嘉義市議員選舉,首次申報,1111024,公共關係費用支出,光正青果行,,0.00,2500.00,,,,聯誼交際費用,金錢,嘉義縣番路鄉****,,否,,,,,,,
107,蔡永泉,111年嘉義市議員選舉,首次申報,1111024,雜支支出,精美行,93932041,0.00,800.00,,,,雜項購置或修繕費用,金錢,嘉義市東區公****,,否,,,,,,,
108,蔡永泉,111年嘉義市議員選舉,首次申報,1111025,雜支支出,李素月,,0.00,300.00,,,,雜項購置或修繕費用,金錢,嘉義市東區金****,,否,,,,,,,
109,蔡永泉,111年嘉義市議員選舉,首次申報,1111025,雜支支出,中華電信股份有限公司嘉義營運處,93949275,0.00,1109.00,,,,電信費用,金錢,嘉義市西區中****,,否,,,,,,,
110,蔡永泉,111年嘉義市議員選舉,首次申報,1111026,公共關係費用支出,日日好農有限公司,,0.00,240.00,,,,聯誼交際費用,金錢,嘉義市東區朝****,,否,,,,,,,
111,蔡永泉,111年嘉義市議員選舉,首次申報,1111026,雜支支出,龍瀚事業有限公司,28641651,0.00,78.00,,,,文具用品費用,金錢,嘉義市東區中****,,否,,,,,,,
112,蔡永泉,111年嘉義市議員選舉,首次申報,1111026,雜支支出,隆興五金行,66315142,0.00,20.00,,,,雜項購置或修繕費用,金錢,嘉義市東區公****,,否,,,,,,,
113,蔡永泉,111年嘉義市議員選舉,首次申報,1111026,雜支支出,中華電信股份有限公司嘉義營運處,93949275,0.00,359.00,,,,電信費用,金錢,嘉義市西區中****,,否,,,,,,,
114,蔡永泉,111年嘉義市議員選舉,首次申報,1111027,雜支支出,多利多食品有限公司,,0.00,40.00,,,,餐飲費用,金錢,嘉義市東區民****,,否,,,,,,,
115,蔡永泉,111年嘉義市議員選舉,首次申報,1111027,租用宣傳車輛支出,嘉祥汽車電機行,19729607,0.00,1800.00,,,,其他與租用宣傳車輛有關之費用,金錢,嘉義市西區友****,,否,,,,,,,
116,蔡永泉,111年嘉義市議員選舉,首次申報,1111028,雜支支出,馬可先生食品企業股份有限公司嘉義門市部,,0.00,304.00,,,,餐飲費用,金錢,嘉義市西區新****,,否,,,,,,,
117,蔡永泉,111年嘉義市議員選舉,首次申報,1111028,集會支出,學明書局,76817046,0.00,2670.00,,,,其他與集會有關之費用(舞台帆布),金錢,嘉義市東區保****,,否,,,,,,,
118,蔡永泉,111年嘉義市議員選舉,首次申報,1111029,雜支支出,明木滿月油飯店,,0.00,90.00,,,,餐飲費用,金錢,嘉義市東區公****,,否,,,,,,,
119,蔡永泉,111年嘉義市議員選舉,首次申報,1111029,交通旅運支出,台灣中油股份有限公司油品行銷事業部嘉義營業處中山路加油站,65059221,0.00,1300.00,,,,油資,金錢,嘉義市東區中****,,否,,,,,,,
120,蔡永泉,111年嘉義市議員選舉,首次申報,1111030,交通旅運支出,台灣中油股份有限公司油品行銷事業部嘉義營業處中山路加油站,65059221,0.00,70.00,,,,油資,金錢,嘉義市東區中****,,否,,,,,,,
121,蔡永泉,111年嘉義市議員選舉,首次申報,1111031,雜支支出,龍瀚事業有限公司,28641651,0.00,68.00,,,,文具用品費用,金錢,嘉義市東區中****,,否,,,,,,,
122,蔡永泉,111年嘉義市議員選舉,首次申報,1111031,雜支支出,龍瀚事業有限公司,28641651,0.00,12.00,,,,文具用品費用,金錢,嘉義市東區中****,,否,,,,,,,
123,蔡永泉,111年嘉義市議員選舉,首次申報,1111101,雜支支出,日堉商行,,0.00,485.00,,,,餐飲費用,金錢,嘉義市東區博****,,否,,,,,,,
124,蔡永泉,111年嘉義市議員選舉,首次申報,1111101,租用宣傳車輛支出,台灣中油股份有限公司油品行銷事業部嘉義營業處中山路加油站,65059221,0.00,700.00,,,,宣傳車輛燃料費用,金錢,嘉義市東區中****,,否,,,,,,,
125,蔡永泉,111年嘉義市議員選舉,首次申報,1111101,雜支支出,中華電信股份有限公司嘉義營運處,93949275,0.00,234.00,,,,電信費用,金錢,嘉義市西區中****,,否,,,,,,,
126,蔡永泉,111年嘉義市議員選舉,首次申報,1111102,雜支支出,和倉火雞肉飯專賣店,,0.00,50.00,,,,餐飲費用,金錢,嘉義市東區和****,,否,,,,,,,
127,蔡永泉,111年嘉義市議員選舉,首次申報,1111104,租用宣傳車輛支出,黃茂郎,,0.00,10000.00,,,,雇用宣傳車輛駕駛費用,金錢,嘉義市東區興****,,否,,,,,,,
128,蔡永泉,111年嘉義市議員選舉,首次申報,1111104,租用宣傳車輛支出,福懋興業股份有限公司福懋文化加油站,14527146,0.00,625.00,,,,宣傳車輛燃料費用,金錢,嘉義市東區文****,,否,,,,,,,
129,蔡永泉,111年嘉義市議員選舉,首次申報,1111104,交通旅運支出,台灣中油股份有限公司油品行銷事業部嘉義營業處中山路加油站,65059221,0.00,100.00,,,,油資,金錢,嘉義市東區中****,,否,,,,,,,
130,蔡永泉,111年嘉義市議員選舉,首次申報,1111105,集會支出,永鑫企業社,36704926,0.00,10000.00,,,,租用設備費用,金錢,嘉義縣民雄鄉****,,否,,,,,,,
131,蔡永泉,111年嘉義市議員選舉,首次申報,1111105,集會支出,興安企業社,98874098,0.00,12100.00,,,,租用設備費用,金錢,嘉義市東區興****,,否,,,,,,,
132,蔡永泉,111年嘉義市議員選舉,首次申報,1111105,人事費用支出,陳怡錦,Q22*******,0.00,10000.00,,,,加班費或值班費,金錢,嘉義市東區大****,,否,,,,,,,
133,蔡永泉,111年嘉義市議員選舉,首次申報,1111107,雜支支出,龍瀚事業有限公司,28641651,0.00,10.00,,,,文具用品費用,金錢,嘉義市東區中****,,否,,,,,,,
134,蔡永泉,111年嘉義市議員選舉,首次申報,1111107,雜支支出,龍瀚事業有限公司,28641651,0.00,10.00,,,,文具用品費用,金錢,嘉義市東區中****,,否,,,,,,,
135,蔡永泉,111年嘉義市議員選舉,首次申報,1111107,租用宣傳車輛支出,台灣中油股份有限公司油品行銷事業部嘉義營業處中山路加油站,65059221,0.00,690.00,,,,宣傳車輛燃料費用,金錢,嘉義市東區中****,,否,,,,,,,
136,蔡永泉,111年嘉義市議員選舉,首次申報,1111108,集會支出,謝武夫,,0.00,18000.00,,,,其他與集會有關之費用(來賓伴手禮),金錢,臺中市沙鹿區****,,否,,,,,,,
137,蔡永泉,111年嘉義市議員選舉,首次申報,1111108,雜支支出,鳳怡壽司店,,0.00,400.00,,,,餐飲費用,金錢,嘉義市東區民****,,否,,,,,,,
138,蔡永泉,111年嘉義市議員選舉,首次申報,1111108,交通旅運支出,台灣中油股份有限公司油品行銷事業部嘉義營業處中山路加油站,65059221,0.00,115.00,,,,油資,金錢,嘉義市東區中****,,否,,,,,,,
139,蔡永泉,111年嘉義市議員選舉,首次申報,1111110,雜支支出,馬可先生食品企業股份有限公司嘉義門市部,,0.00,304.00,,,,餐飲費用,金錢,嘉義市西區新****,,否,,,,,,,
140,蔡永泉,111年嘉義市議員選舉,首次申報,1111110,租用宣傳車輛支出,台灣中油股份有限公司油品行銷事業部嘉義營業處中山路加油站,65059221,0.00,670.00,,,,宣傳車輛燃料費用,金錢,嘉義市東區中****,,否,,,,,,,
141,蔡永泉,111年嘉義市議員選舉,首次申報,1111111,租用宣傳車輛支出,黃茂郎,,0.00,10000.00,,,,雇用宣傳車輛駕駛費用,金錢,嘉義市東區興****,,否,,,,,,,
142,蔡永泉,111年嘉義市議員選舉,首次申報,1111111,租用宣傳車輛支出,威盛加油站有限公司,14521804,0.00,665.00,,,,宣傳車輛燃料費用,金錢,嘉義市東區博****,,否,,,,,,,
143,蔡永泉,111年嘉義市議員選舉,首次申報,1111111,雜支支出,學明書局,76817046,0.00,6800.00,,,,文具用品費用,金錢,嘉義市東區保****,,否,,,,,,,
144,蔡永泉,111年嘉義市議員選舉,首次申報,1111112,雜支支出,同心商店,,0.00,80.00,,,,餐飲費用,金錢,嘉義市東區文****,,否,,,,,,,
145,蔡永泉,111年嘉義市議員選舉,首次申報,1111113,雜支支出,台灣自來水股份有限公司第五區管理處嘉義服務所,66634589,0.00,172.00,,,,水電瓦斯費用,金錢,嘉義市東區民****,,否,,,,,,,
146,蔡永泉,111年嘉義市議員選舉,首次申報,1111114,租用宣傳車輛支出,台灣中油股份有限公司油品行銷事業部嘉義營業處中山路加油站,65059221,0.00,700.00,,,,宣傳車輛燃料費用,金錢,嘉義市東區中****,,否,,,,,,,
147,蔡永泉,111年嘉義市議員選舉,首次申報,1111114,交通旅運支出,台灣中油股份有限公司油品行銷事業部嘉義營業處中山路加油站,65059221,0.00,100.00,,,,油資,金錢,嘉義市東區中****,,否,,,,,,,
148,蔡永泉,111年嘉義市議員選舉,首次申報,1111114,宣傳支出,聯興商店,66468104,0.00,44400.00,,,,製作競選物品或宣傳廣告費用（蜜香紅茶茶包）,金錢,嘉義縣阿里山****,,否,,,,,,,
149,蔡永泉,111年嘉義市議員選舉,首次申報,1111116,宣傳支出,嘉義中山路郵局,,0.00,24050.00,,,,郵寄競選物品或宣傳廣告費用,金錢,嘉義市東區中****,,否,,,,,,,
150,蔡永泉,111年嘉義市議員選舉,首次申報,1111116,雜支支出,鴻圖書局有限公司,,0.00,567.00,,,,書報雜誌費用,金錢,嘉義市西區中****,,否,,,,,,,
151,蔡永泉,111年嘉義市議員選舉,首次申報,1111116,雜支支出,權鴻機車行,14522043,0.00,150.00,,,,雜項購置或修繕費用,金錢,嘉義市東區圓****,,否,,,,,,,
152,蔡永泉,111年嘉義市議員選舉,首次申報,1111116,雜支支出,松柏藥局,66513023,0.00,235.00,,,,雜項購置或修繕費用,金錢,嘉義市東區民****,,否,,,,,,,
153,蔡永泉,111年嘉義市議員選舉,首次申報,1111117,雜支支出,龍瀚事業有限公司,28641651,0.00,183.00,,,,文具用品費用,金錢,嘉義市東區中****,,否,,,,,,,
154,蔡永泉,111年嘉義市議員選舉,首次申報,1111117,租用宣傳車輛支出,福懋興業股份有限公司福懋欣隆加油站,29458842,0.00,700.00,,,,宣傳車輛燃料費用,金錢,嘉義市東區林****,,否,,,,,,,
155,蔡永泉,111年嘉義市議員選舉,首次申報,1111118,租用宣傳車輛支出,黃茂郎,,0.00,10000.00,,,,雇用宣傳車輛駕駛費用,金錢,嘉義市東區興****,,否,,,,,,,
156,蔡永泉,111年嘉義市議員選舉,首次申報,1111118,雜支支出,龍瀚事業有限公司,28641651,0.00,55.00,,,,文具用品費用,金錢,嘉義市東區中****,,否,,,,,,,
157,蔡永泉,111年嘉義市議員選舉,首次申報,1111118,雜支支出,中華電信股份有限公司嘉義營運處,93949275,0.00,205.00,,,,電信費用,金錢,嘉義市西區中****,,否,,,,,,,
158,蔡永泉,111年嘉義市議員選舉,首次申報,1111118,雜支支出,中華電信股份有限公司嘉義營運處,93949275,0.00,88.00,,,,電信費用,金錢,嘉義市西區中****,,否,,,,,,,
159,蔡永泉,111年嘉義市議員選舉,首次申報,1111118,雜支支出,雅芳小吃店(八方雲集),98862754,0.00,120.00,,,,餐飲費用,金錢,嘉義市東區公****,,否,,,,,,,
160,蔡永泉,111年嘉義市議員選舉,首次申報,1111120,租用宣傳車輛支出,台灣中油股份有限公司油品行銷事業部嘉義營業處中山路加油站,65059221,0.00,700.00,,,,宣傳車輛燃料費用,金錢,嘉義市東區中****,,否,,,,,,,
161,蔡永泉,111年嘉義市議員選舉,首次申報,1111120,雜支支出,學明書局,76817046,0.00,3598.00,,,,文具用品費用,金錢,嘉義市東區保****,,否,,,,,,,
162,蔡永泉,111年嘉義市議員選舉,首次申報,1111121,雜支支出,大山煤氣行,65009525,0.00,210.00,,,,水電瓦斯費用,金錢,嘉義市東區公****,,否,,,,,,,
163,蔡永泉,111年嘉義市議員選舉,首次申報,1111122,雜支支出,三和食品店,,0.00,65.00,,,,餐飲費用,金錢,嘉義市西區中****,,否,,,,,,,
164,蔡永泉,111年嘉義市議員選舉,首次申報,1111122,公共關係費用支出,賀得安企業社,39687302,0.00,4120.00,,,,聯誼交際費用,金錢,彰化縣溪湖鎮****,,否,,,,,,,
165,蔡永泉,111年嘉義市議員選舉,首次申報,1111123,雜支支出,龍瀚事業有限公司,28641651,0.00,15.00,,,,文具用品費用,金錢,嘉義市東區中****,,否,,,,,,,
166,蔡永泉,111年嘉義市議員選舉,首次申報,1111123,租用宣傳車輛支出,福懋興業股份有限公司福懋欣隆加油站,29458842,0.00,500.00,,,,宣傳車輛燃料費用,金錢,嘉義市東區林****,,否,,,,,,,
167,蔡永泉,111年嘉義市議員選舉,首次申報,1111124,宣傳支出,聯興商店,66468104,0.00,21600.00,,,,製作競選物品或宣傳廣告費用（蜜香紅茶茶包）,金錢,嘉義縣阿里山****,,否,,,,,,,
168,蔡永泉,111年嘉義市議員選舉,首次申報,1111125,租用宣傳車輛支出,黃茂郎,,0.00,10000.00,,,,雇用宣傳車輛駕駛費用,金錢,嘉義市東區興****,,否,,,,,,,
169,蔡永泉,111年嘉義市議員選舉,首次申報,1111125,交通旅運支出,威盛加油站有限公司威盛加油站,14521804,0.00,1182.00,,,,油資,金錢,嘉義市東區博****,,否,,,,,,,
170,蔡永泉,111年嘉義市議員選舉,首次申報,1111125,雜支支出,大利市商行,37707345,0.00,70.00,,,,雜項購置或修繕費用,金錢,嘉義市東區民****,,否,,,,,,,
171,蔡永泉,111年嘉義市議員選舉,首次申報,1111125,雜支支出,嘉權生活館有限公司,53392384,0.00,125.00,,,,雜項購置或修繕費用,金錢,嘉義市東區民****,,否,,,,,,,
172,蔡永泉,111年嘉義市議員選舉,首次申報,1111125,雜支支出,中華電信股份有限公司嘉義營運處,93949275,0.00,1000.00,,,,電信費用,金錢,嘉義市西區中****,,否,,,,,,,
173,蔡永泉,111年嘉義市議員選舉,首次申報,1111125,雜支支出,雅芳小吃店(八方雲集),98862754,0.00,852.00,,,,餐飲費用,金錢,嘉義市東區公****,,否,,,,,,,
174,蔡永泉,111年嘉義市議員選舉,首次申報,1111128,租用宣傳車輛支出,黃茂郎,,0.00,2500.00,,,,雇用宣傳車輛駕駛費用,金錢,嘉義市東區興****,,否,,,,,,,
175,蔡永泉,111年嘉義市議員選舉,首次申報,1111128,租用宣傳車輛支出,嘉祥汽車電機行,19729607,0.00,400.00,,,,其他與租用宣傳車輛有關之費用,金錢,嘉義市西區友****,,否,,,,,,,
176,蔡永泉,111年嘉義市議員選舉,首次申報,1111128,租用宣傳車輛支出,和雲行動服務股份有限公司嘉義博愛站,81400890,0.00,6600.00,,,,租用宣傳車輛費用,金錢,嘉義市西區博****,,否,,,,,,,
177,蔡永泉,111年嘉義市議員選舉,首次申報,1111128,宣傳支出,陳木城,Q12*******,0.00,7000.00,,,,租用廣告看板或車體廣告費用,金錢,嘉義縣水上鄉****,,否,,,,,,,
178,蔡永泉,111年嘉義市議員選舉,首次申報,1111129,宣傳支出,中華郵政股份有限公司嘉義文化路郵局,,0.00,80.00,,,,郵寄競選物品或宣傳廣告費用,金錢,嘉義市西區文****,,否,,,,,,,
179,蔡永泉,111年嘉義市議員選舉,首次申報,1111129,雜支支出,中華電信股份有限公司嘉義營運處,93949275,0.00,347.00,,,,電信費用,金錢,嘉義市西區中****,,否,,,,,,,
180,蔡永泉,111年嘉義市議員選舉,首次申報,1111129,人事費用支出,黃沛琳,Q22*******,0.00,10000.00,,,,工資或薪津,金錢,嘉義市東區保****,,否,,,,,,,
181,蔡永泉,111年嘉義市議員選舉,首次申報,1111130,交通旅運支出,威盛加油站有限公司威盛加油站,14521804,0.00,1300.00,,,,油資,金錢,嘉義市東區博****,,否,,,,,,,
182,蔡永泉,111年嘉義市議員選舉,首次申報,1111130,交通旅運支出,竑穗興業股份有限公司垂楊營業處,47914961,0.00,40.00,,,,停車費,金錢,嘉義市西區垂****,,否,,,,,,,
183,蔡永泉,111年嘉義市議員選舉,首次申報,1111201,宣傳支出,中華郵政股份有限公司嘉義文化路郵局,,0.00,80.00,,,,郵寄競選物品或宣傳廣告費用,金錢,嘉義市西區文****,,否,,,,,,,
184,蔡永泉,111年嘉義市議員選舉,首次申報,1111201,雜支支出,世茂商行,18275590,0.00,149.00,,,,雜項購置或修繕費用,金錢,嘉義市東區公****,,否,,,,,,,
185,蔡永泉,111年嘉義市議員選舉,首次申報,1111201,公共關係費用支出,賀得安企業社,39687302,0.00,4120.00,,,,聯誼交際費用,金錢,彰化縣溪湖鎮****,,否,,,,,,,
186,蔡永泉,111年嘉義市議員選舉,首次申報,1111204,雜支支出,全聯實業股份有限公司嘉義大雅分公司,54370752,0.00,159.00,,,,雜項購置或修繕費用,金錢,嘉義市東區大****,,否,,,,,,,
187,蔡永泉,111年嘉義市議員選舉,首次申報,1111205,交通旅運支出,台灣中油股份有限公司油品行銷事業部嘉義營業處中山路加油站,65059221,0.00,122.00,,,,油資,金錢,嘉義市東區中****,,否,,,,,,,
188,蔡永泉,111年嘉義市議員選舉,首次申報,1111205,人事費用支出,陳怡錦,Q22*******,0.00,10000.00,,,,加班費或值班費,金錢,嘉義市東區大****,,否,,,,,,,
189,蔡永泉,111年嘉義市議員選舉,首次申報,1111216,雜支支出,世茂商行,18275590,0.00,242.00,,,,雜項購置或修繕費用,金錢,嘉義市東區公****,,否,,,,,,,
190,蔡永泉,111年嘉義市議員選舉,首次申報,1111220,雜支支出,中華電信股份有限公司嘉義營運處,93949275,0.00,94.00,,,,電信費用,金錢,嘉義市西區中****,,否,,,,,,,
191,蔡永泉,111年嘉義市議員選舉,首次申報,1111220,雜支支出,中華電信股份有限公司嘉義營運處,93949275,0.00,145.00,,,,電信費用,金錢,嘉義市西區中****,,否,,,,,,,
192,蔡永泉,111年嘉義市議員選舉,首次申報,1111221,宣傳支出,中華郵政股份有限公司嘉義文化路郵局,,0.00,104.00,,,,郵寄競選物品或宣傳廣告費用,金錢,嘉義市西區文****,,否,,,,,,,
193,蔡永泉,111年嘉義市議員選舉,首次申報,1111221,交通旅運支出,台灣中油股份有限公司油品行銷事業部嘉義營業處文化路加油站,65058073,0.00,122.00,,,,油資,金錢,嘉義市西區文****,,否,,,,,,,
194,蔡永泉,111年嘉義市議員選舉,首次申報,1111223,雜支支出,合勝企業,10464204,0.00,4500.00,,,,餐飲費用,金錢,嘉義縣中埔鄉****,,否,,,,,,,
195,蔡永泉,111年嘉義市議員選舉,首次申報,1111223,雜支支出,中華電信股份有限公司嘉義營運處,93949275,0.00,431.00,,,,電信費用,金錢,嘉義市西區中****,,否,,,,,,,
196,蔡永泉,111年嘉義市議員選舉,首次申報,1111224,雜支支出,家福股份有限公司北門門市,,0.00,3406.00,,,,雜項購置或修繕費用,金錢,嘉義市東區忠****,,否,,,,,,,
