﻿序號,擬參選人／政黨,選舉名稱,申報序號／年度,交易日期,收支科目,捐贈者／支出對象,身分證／統一編號,收入金額,支出金額,捐贈方式,存入專戶日期,返還/繳庫,支出用途,金錢類,地址,聯絡電話,應揭露之支出對象,支出對象之內部人員姓名,支出對象之內部人員職稱,政黨之內部人員姓名,政黨之內部人員職稱,關係,更正註記,資料更正日期
1,蘇柏銓,111年高雄市議員選舉,首次申報,1110816,宣傳支出,國旗女孩大高雄旗艦店,,0.00,2399.00,,,,國旗T、號手搖旗,金錢,高雄市左營區****,,否,,,,,,,
2,蘇柏銓,111年高雄市議員選舉,首次申報,1110818,集會支出,願景軒餐廳有限公司,24662789,0.00,36125.00,,,,餐飲費用,金錢,高雄市三民區****,,否,,,,,,,
3,蘇柏銓,111年高雄市議員選舉,首次申報,1110910,宣傳支出,陳建維,,0.00,25000.00,,,,租用廣告看板或車體廣告費用,金錢,高雄市左營區****,,否,,,,,,,
4,蘇柏銓,111年高雄市議員選舉,首次申報,1110910,人事費用支出,邱柏仁,Q12*******,0.00,26000.00,,,,工資或薪津,金錢,台中市南屯區****,,否,,,,,,,
5,蘇柏銓,111年高雄市議員選舉,首次申報,1110926,宣傳支出,林秋埤,,0.00,4000.00,,,,租用廣告看板或車體廣告費用,金錢,高雄市楠梓區****,,否,,,,,,,
6,蘇柏銓,111年高雄市議員選舉,首次申報,1111005,宣傳支出,天華照相舘,,0.00,3400.00,,,,A灰階列印傳單,金錢,高雄市楠梓區****,,否,,,,,,,
7,蘇柏銓,111年高雄市議員選舉,首次申報,1111008,宣傳支出,台灣摩菲爾國際股份有限公司,,0.00,29085.00,,,,租用廣告看板或車體廣告費用,金錢,臺北市中正區****,,否,,,,,,,
8,蘇柏銓,111年高雄市議員選舉,首次申報,1111010,宣傳支出,陳建維,,0.00,25000.00,,,,租用廣告看板或車體廣告費用,金錢,高雄市左營區****,,否,,,,,,,
9,蘇柏銓,111年高雄市議員選舉,首次申報,1111010,人事費用支出,邱柏仁,Q12*******,0.00,26000.00,,,,工資或薪津,金錢,台中市南屯區****,,否,,,,,,,
10,蘇柏銓,111年高雄市議員選舉,首次申報,1111014,雜支支出,逸品婚禮企業社,,0.00,550.00,,,,簽名綢,金錢,屏東縣九如鄉****,,否,,,,,,,
11,蘇柏銓,111年高雄市議員選舉,首次申報,1111101,宣傳支出,民生企業行,,0.00,1420.00,,,,布旗,金錢,高雄市鹽埕區****,,否,,,,,,,
12,蘇柏銓,111年高雄市議員選舉,首次申報,1111105,宣傳支出,新玩創意文化事業有限公司,,0.00,3100.00,,,,印刷品,金錢,臺北市萬華區****,,否,,,,,,,
13,蘇柏銓,111年高雄市議員選舉,首次申報,1111105,雜支支出,吳家紅茶冰（莒光店),,0.00,400.00,,,,紅茶,金錢,高雄市楠梓區****,,否,,,,,,,
14,蘇柏銓,111年高雄市議員選舉,首次申報,1111110,宣傳支出,陳建維,,0.00,25000.00,,,,製作競選物品或宣傳廣告費用（物品名稱-請填寫）,金錢,高雄市左營區****,,否,,,,,,,
15,蘇柏銓,111年高雄市議員選舉,首次申報,1111110,人事費用支出,邱柏仁,Q12*******,0.00,26000.00,,,,工資或薪津,金錢,台中市南屯區****,,否,,,,,,,
16,蘇柏銓,111年高雄市議員選舉,首次申報,1111125,雜支支出,競選總部,S12*******,0.00,4800.00,,,,餐飲費用,非金錢,高雄市鼓山區****,,否,,,,,,,
17,蘇柏銓,111年高雄市議員選舉,首次申報,1111202,宣傳支出,蕭德郎,,0.00,12000.00,,,,租用廣告看板或車體廣告費用,金錢,高雄市新莊一****,,否,,,,,,,
18,蘇柏銓,111年高雄市議員選舉,首次申報,1111202,宣傳支出,劉建泰,,0.00,25000.00,,,,租用廣告看板或車體廣告費用,金錢,高雄市楠梓區****,,否,,,,,,,
19,蘇柏銓,111年高雄市議員選舉,首次申報,1111202,宣傳支出,葉秤綱,,0.00,4800.00,,,,租用廣告看板或車體廣告費用,金錢,高雄市楠梓區****,,否,,,,,,,
20,蘇柏銓,111年高雄市議員選舉,首次申報,1111205,人事費用支出,陳佳惠,Q22*******,0.00,2000.00,,,,工資或薪津,金錢,高雄市鼓山區****,,否,,,,,,,
21,蘇柏銓,111年高雄市議員選舉,首次申報,1111206,宣傳支出,黃春章,,0.00,20000.00,,,,製作競選物品或宣傳廣告費用（物品名稱-請填寫）,金錢,高雄市三民區****,,否,,,,,,,
22,蘇柏銓,111年高雄市議員選舉,首次申報,1111207,人事費用支出,何根秀,E29*******,0.00,43000.00,,,,工資或薪津,金錢,高雄市鼓山區****,,否,,,,,,,
23,蘇柏銓,111年高雄市議員選舉,首次申報,1111210,宣傳支出,蔣昊璋,,0.00,24000.00,,,,租用廣告看板或車體廣告費用,金錢,高雄市楠梓區****,,否,,,,,,,
24,蘇柏銓,111年高雄市議員選舉,首次申報,1111212,宣傳支出,黃牽治,,0.00,25000.00,,,,租用廣告看板或車體廣告費用,金錢,高雄市鼓山區****,,否,,,,,,,
25,蘇柏銓,111年高雄市議員選舉,首次申報,1111212,宣傳支出,陳佳興,,0.00,30000.00,,,,租用廣告看板或車體廣告費用,金錢,學下路號****,,否,,,,,,,
26,蘇柏銓,111年高雄市議員選舉,首次申報,1111212,宣傳支出,李錦雲,,0.00,3000.00,,,,租用廣告看板或車體廣告費用,金錢,高雄市鼓山區****,,否,,,,,,,
27,蘇柏銓,111年高雄市議員選舉,首次申報,1111212,宣傳支出,王金寶,,0.00,15000.00,,,,租用廣告看板或車體廣告費用,金錢,高雄市楠梓區****,,否,,,,,,,
28,蘇柏銓,111年高雄市議員選舉,首次申報,1111212,宣傳支出,張振昌,,0.00,2000.00,,,,租用廣告看板或車體廣告費用,金錢,高雄市楠梓區****,,否,,,,,,,
29,蘇柏銓,111年高雄市議員選舉,首次申報,1111212,宣傳支出,于淑華,,0.00,6000.00,,,,租用廣告看板或車體廣告費用,金錢,高雄市楠梓區****,,否,,,,,,,
30,蘇柏銓,111年高雄市議員選舉,首次申報,1111212,宣傳支出,施陳來琴,,0.00,20000.00,,,,租用廣告看板或車體廣告費用,金錢,高雄市民族一****,,否,,,,,,,
31,蘇柏銓,111年高雄市議員選舉,首次申報,1111213,宣傳支出,黃春琴,,0.00,15000.00,,,,租用廣告看板或車體廣告費用,金錢,高雄市楠梓區****,,否,,,,,,,
32,蘇柏銓,111年高雄市議員選舉,首次申報,1111213,宣傳支出,林雅淳,,0.00,20000.00,,,,租用廣告看板或車體廣告費用,金錢,高雄市楠梓區****,,否,,,,,,,
33,蘇柏銓,111年高雄市議員選舉,首次申報,1111214,宣傳支出,陳貴香,,0.00,2000.00,,,,租用廣告看板或車體廣告費用,金錢,高雄市楠梓區****,,否,,,,,,,
34,蘇柏銓,111年高雄市議員選舉,首次申報,1111214,宣傳支出,張家豪,,0.00,30000.00,,,,租用廣告看板或車體廣告費用,金錢,高雄市楠梓區****,,否,,,,,,,
35,蘇柏銓,111年高雄市議員選舉,首次申報,1111214,人事費用支出,陳思旗,E22*******,0.00,26000.00,,,,工資或薪津,金錢,高雄市楠梓區****,,否,,,,,,,
36,蘇柏銓,111年高雄市議員選舉,首次申報,1111214,人事費用支出,汪西潔,E22*******,0.00,26000.00,,,,工資或薪津,金錢,高雄市左營區****,,否,,,,,,,
37,蘇柏銓,111年高雄市議員選舉,首次申報,1111214,人事費用支出,陳羿伶,S22*******,0.00,26000.00,,,,工資或薪津,金錢,高雄市楠梓區****,,否,,,,,,,
38,蘇柏銓,111年高雄市議員選舉,首次申報,1111221,雜支支出,中華郵政,,0.00,672.00,,,,郵寄費,金錢,高雄市鼓山區****,,否,,,,,,,
