﻿序號,擬參選人／政黨,選舉名稱,申報序號／年度,交易日期,收支科目,捐贈者／支出對象,身分證／統一編號,收入金額,支出金額,捐贈方式,存入專戶日期,返還/繳庫,支出用途,金錢類,地址,聯絡電話,應揭露之支出對象,支出對象之內部人員姓名,支出對象之內部人員職稱,政黨之內部人員姓名,政黨之內部人員職稱,關係,更正註記,資料更正日期
1,黃凱,111年雲林縣議員選舉,首次申報,1110818,宣傳支出,上允服裝行,39858635,0.00,66600.00,,,,其他與選舉宣傳有關之費用,金錢,雲林縣虎尾鎮****,05-6*****,否,,,,,,,
2,黃凱,111年雲林縣議員選舉,首次申報,1110825,宣傳支出,尚允服裝行,39858635,0.00,32500.00,,,,製作競選物品或宣傳廣告費用（物品名稱-帽子頂）,金錢,雲林縣虎尾鎮****,05-6*****,否,,,,,,,
3,黃凱,111年雲林縣議員選舉,首次申報,1110907,宣傳支出,尚佳企業社,45589383,0.00,28800.00,,,,製作競選物品或宣傳廣告費用（物品名稱-布條）,金錢,雲林縣虎尾鎮****,05-6*****,否,,,,,,,
4,黃凱,111年雲林縣議員選舉,首次申報,1110912,宣傳支出,尚允服裝行,39858635,0.00,37500.00,,,,製作競選物品或宣傳廣告費用（物品名稱-帽子）,金錢,雲林縣虎尾鎮****,05-6*****,否,,,,,,,
5,黃凱,111年雲林縣議員選舉,首次申報,1110914,宣傳支出,尚佳企業社,45589383,0.00,35000.00,,,,製作競選物品或宣傳廣告費用（物品名稱-布棋）,金錢,雲林縣虎尾鎮****,05-6*****,否,,,,,,,
6,黃凱,111年雲林縣議員選舉,首次申報,1110925,宣傳支出,立來旗幟廣告社,80816580,0.00,85000.00,,,,租用廣告看板或車體廣告費用,金錢,彰化縣溪湖鎮****,04-8*****,否,,,,,,,
7,黃凱,111年雲林縣議員選舉,首次申報,1111006,宣傳支出,尚允服裝行,39858635,0.00,34000.00,,,,製作競選物品或宣傳廣告費用（物品名稱-帽子）,金錢,雲林縣虎尾鎮****,05-6*****,否,,,,,,,
8,黃凱,111年雲林縣議員選舉,首次申報,1111025,宣傳支出,立來旗幟廣告社,80816580,0.00,95000.00,,,,租用廣告看板或車體廣告費用,金錢,彰化縣溪湖鎮****,04-8*****,否,,,,,,,
9,黃凱,111年雲林縣議員選舉,首次申報,1111103,租用宣傳車輛支出,柯建光,P12*******,0.00,30000.00,,,,租用宣傳車輛費用,金錢,雲林縣斗六市****,0937*****,否,,,,,,,
10,黃凱,111年雲林縣議員選舉,首次申報,1111105,集會支出,小麥水果酵母包子饅頭工坊,,0.00,20000.00,,,,餐飲費用,金錢,雲林縣虎尾鎮****,05-6*****,否,,,,,,,
11,黃凱,111年雲林縣議員選舉,首次申報,1111105,集會支出,久承環保有限公司,27281720,0.00,9000.00,,,,租用設備費用,金錢,雲林縣斗六市****,05-5*****,否,,,,,,,
12,黃凱,111年雲林縣議員選舉,首次申報,1111105,集會支出,尚佳企業社,45589383,0.00,29000.00,,,,租用設備費用,金錢,雲林縣虎尾鎮****,05-6*****,否,,,,,,,
13,黃凱,111年雲林縣議員選舉,首次申報,1111105,集會支出,尚佳企業社,45589383,0.00,28100.00,,,,租用設備費用,金錢,雲林縣虎尾鎮****,05-6*****,否,,,,,,,
14,黃凱,111年雲林縣議員選舉,首次申報,1111105,集會支出,錢源刷刷鍋,82496937,0.00,8000.00,,,,餐飲費用,金錢,雲林縣虎尾鎮****,05-6*****,否,,,,,,,
15,黃凱,111年雲林縣議員選舉,首次申報,1111105,集會支出,錢源刷刷鍋,82496937,0.00,13500.00,,,,餐飲費用,金錢,雲林縣虎尾鎮****,05-6*****,否,,,,,,,
16,黃凱,111年雲林縣議員選舉,首次申報,1111113,租用宣傳車輛支出,郭子容,P10*******,0.00,30000.00,,,,租用宣傳車輛費用,金錢,雲林縣虎尾鎮****,0919*****,否,,,,,,,
17,黃凱,111年雲林縣議員選舉,首次申報,1111115,宣傳支出,博覽書局,77547176,0.00,23265.00,,,,製作競選物品或宣傳廣告費用（物品名稱-廣告印刷）,金錢,雲林縣虎尾鎮****,05-6*****,否,,,,,,,
18,黃凱,111年雲林縣議員選舉,首次申報,1111118,宣傳支出,中美廣告社,64953165,0.00,89500.00,,,,製作競選物品或宣傳廣告費用（物品名稱-競選廣告）,金錢,雲林縣虎尾鎮****,05-6*****,否,,,,,,,
19,黃凱,111年雲林縣議員選舉,首次申報,1111121,宣傳支出,尚佳企業社,45589383,0.00,36000.00,,,,製作競選物品或宣傳廣告費用（物品名稱-小手棋）,金錢,雲林縣虎尾鎮****,05-6*****,否,,,,,,,
20,黃凱,111年雲林縣議員選舉,首次申報,1111125,集會支出,信宏外燴,19355023,0.00,63000.00,,,,餐飲費用,金錢,雲林縣虎尾鎮****,05-6*****,否,,,,,,,
21,黃凱,111年雲林縣議員選舉,首次申報,1111125,集會支出,錢源刷刷鍋,82496937,0.00,13500.00,,,,餐飲費用,金錢,雲林縣虎尾鎮****,05-6*****,否,,,,,,,
22,黃凱,111年雲林縣議員選舉,首次申報,1111128,人事費用支出,李壽郎,P12*******,0.00,30000.00,,,,加班費或值班費,金錢,雲林縣虎尾鎮****,0932*****,否,,,,,,,
23,黃凱,111年雲林縣議員選舉,首次申報,1111128,人事費用支出,趙崇慶,P12*******,0.00,30000.00,,,,加班費或值班費,金錢,雲林縣虎尾鎮****,0973*****,否,,,,,,,
24,黃凱,111年雲林縣議員選舉,首次申報,1111128,人事費用支出,林政宏,P12*******,0.00,30000.00,,,,工資或薪津,金錢,雲林縣虎尾鎮****,0952*****,否,,,,,,,
25,黃凱,111年雲林縣議員選舉,首次申報,1111128,人事費用支出,黃鳳,P22*******,0.00,30000.00,,,,加班費或值班費,金錢,雲林縣虎尾鎮****,0937*****,否,,,,,,,
26,黃凱,111年雲林縣議員選舉,首次申報,1111128,人事費用支出,周筱萍,P22*******,0.00,37000.00,,,,加班費或值班費,金錢,雲林縣虎尾鎮****,0953*****,否,,,,,,,
27,黃凱,111年雲林縣議員選舉,首次申報,1111130,宣傳支出,中美廣告社,64953165,0.00,16700.00,,,,租用廣告看板或車體廣告費用,金錢,雲林縣虎尾鎮****,05-6*****,否,,,,,,,
28,黃凱,111年雲林縣議員選舉,首次申報,1111130,宣傳支出,立來旗幟廣告社,80816580,0.00,85000.00,,,,租用廣告看板或車體廣告費用,金錢,彰化縣溪湖鎮****,04-8*****,否,,,,,,,
29,黃凱,111年雲林縣議員選舉,首次申報,1111205,租用宣傳車輛支出,林政宏,P12*******,0.00,25000.00,,,,雇用宣傳車輛駕駛費用,金錢,雲林縣虎尾鎮****,0952*****,否,,,,,,,
30,黃凱,111年雲林縣議員選舉,首次申報,1111205,人事費用支出,宋美燕,P20*******,0.00,45000.00,,,,工資或薪津,金錢,雲林縣虎尾鎮****,0563*****,否,,,,,,,
31,黃凱,111年雲林縣議員選舉,首次申報,1111205,人事費用支出,周筱萍,P22*******,0.00,28000.00,,,,工資或薪津,金錢,雲林縣虎尾鎮****,0953*****,否,,,,,,,
32,黃凱,111年雲林縣議員選舉,首次申報,1111205,租用宣傳車輛支出,吳麗貞,P22*******,0.00,36000.00,,,,租用宣傳車輛費用,金錢,高雄市前鎮區****,0919*****,否,,,,,,,
33,黃凱,111年雲林縣議員選舉,首次申報,1111215,雜支支出,鎰蘭坊,72400737,0.00,115000.00,,,,雜項購置或修繕費用,金錢,雲林縣虎尾鎮****,0968*****,否,,,,,,,
34,黃凱,111年雲林縣議員選舉,首次申報,1111215,雜支支出,八春饌川菜館,92218477,0.00,10380.00,,,,餐飲費用,金錢,雲林縣虎尾鎮****,05-6*****,否,,,,,,,
35,黃凱,111年雲林縣議員選舉,首次申報,1111226,雜支支出,洋洋花店,06228828,0.00,6000.00,,,,雜項購置或修繕費用,金錢,雲林縣崙背鄉****,0569*****,否,,,,,,,
36,黃凱,111年雲林縣議員選舉,首次申報,1111226,宣傳支出,子澄生物科技有限公司,33068048,0.00,119232.00,,,,製作競選物品或宣傳廣告費用（物品名稱-口罩）,金錢,雲林縣褒忠鄉****,0975*****,否,,,,,,,
37,黃凱,111年雲林縣議員選舉,首次申報,1111226,雜支支出,澐軒私藏坊,45769218,0.00,26800.00,,,,餐飲費用,金錢,雲林縣虎尾鎮****,0563*****,否,,,,,,,
38,黃凱,111年雲林縣議員選舉,首次申報,1111226,雜支支出,亞諾花苑,78919370,0.00,10500.00,,,,雜項購置或修繕費用,金錢,雲林縣虎尾鎮****,0563*****,否,,,,,,,
39,黃凱,111年雲林縣議員選舉,首次申報,1111226,雜支支出,慶豐實業社,88834750,0.00,70000.00,,,,雜項購置或修繕費用,金錢,雲林縣虎尾鎮****,05-6*****,否,,,,,,,
