﻿序號,擬參選人／政黨,選舉名稱,申報序號／年度,交易日期,收支科目,捐贈者／支出對象,身分證／統一編號,收入金額,支出金額,捐贈方式,存入專戶日期,返還/繳庫,支出用途,金錢類,地址,聯絡電話,應揭露之支出對象,支出對象之內部人員姓名,支出對象之內部人員職稱,政黨之內部人員姓名,政黨之內部人員職稱,關係,更正註記,資料更正日期
1,周星文,111年桃園市議員選舉,首次申報,1110624,個人捐贈收入,劉廣華,,10000.00,0.00,匯款,1110624,,,金錢,,0918*****,,,,,,,,
2,周星文,111年桃園市議員選舉,首次申報,1110627,個人捐贈收入,張厚基,,3600.00,0.00,匯款,1110627,,,金錢,,0919*****,,,,,,,,
3,周星文,111年桃園市議員選舉,首次申報,1110627,個人捐贈收入,高明春,,10000.00,0.00,匯款,1110627,,,金錢,,0925*****,,,,,,,,
4,周星文,111年桃園市議員選舉,首次申報,1110629,個人捐贈收入,劉廣華,,10000.00,0.00,匯款,1110629,,,金錢,,0918*****,,,,,,,,
5,周星文,111年桃園市議員選舉,首次申報,1110909,個人捐贈收入,洪永勝,,10000.00,0.00,匯款,1110909,,,金錢,,0975*****,,,,,,,,
6,周星文,111年桃園市議員選舉,首次申報,1110911,個人捐贈收入,洪傑,,10000.00,0.00,匯款,1110911,,,金錢,,0973*****,,,,,,,,
7,周星文,111年桃園市議員選舉,首次申報,1111104,個人捐贈收入,陳明光,,5000.00,0.00,匯款,1111104,,,金錢,,0988*****,,,,,,,,
8,周星文,111年桃園市議員選舉,首次申報,1111105,個人捐贈收入,簡秋香,,5000.00,0.00,匯款,1111105,,,金錢,,0913*****,,,,,,,,
9,周星文,111年桃園市議員選舉,首次申報,1111106,個人捐贈收入,簡瑞祥,,16800.00,0.00,匯款,1111106,,,金錢,,0938*****,,,,,,,,
10,周星文,111年桃園市議員選舉,首次申報,1111110,個人捐贈收入,王吳麗香,,3000.00,0.00,匯款,1111110,,,金錢,,0921*****,,,,,,,,
11,周星文,111年桃園市議員選舉,首次申報,1111113,個人捐贈收入,林信,,3000.00,0.00,匯款,1111113,,,金錢,,0952*****,,,,,,,,
12,周星文,111年桃園市議員選舉,首次申報,1111221,其他收入,利息收入,,9.00,0.00,匯款,1111221,,,金錢,,,,,,,,,,
