﻿序號,擬參選人／政黨,選舉名稱,申報序號／年度,交易日期,收支科目,捐贈者／支出對象,身分證／統一編號,收入金額,支出金額,支出用途,金錢類,地址,聯絡電話,資料更正日期
1,李美素,107年直轄市議員選舉,首次申報,1070915,宣傳支出,巧騏企業行,19557674,0.00,17500.00,製作競選物品支出（團體背心）,金錢,高雄市苓雅區****,0733*****,
2,李美素,107年直轄市議員選舉,首次申報,1071001,雜支支出,學甲鵝肉新營店,,0.00,3400.00,餐飲費用,金錢,臺南市新營區****,,
3,李美素,107年直轄市議員選舉,首次申報,1071023,雜支支出,茗統茶莊,,0.00,4000.00,雜項購置或修繕費用,金錢,臺南市新營區****,06-6*****,
4,李美素,107年直轄市議員選舉,首次申報,1071025,租用競選辦事處支出,正泰帆布行,,0.00,4000.00,裝潢競選辦事處支出,金錢,臺南市永康區****,,
5,李美素,107年直轄市議員選舉,首次申報,1071102,宣傳支出,天文影印社,36795469,0.00,33000.00,製作競選物品支出（成立大會邀請卡）,金錢,臺南市新營區****,,
6,李美素,107年直轄市議員選舉,首次申報,1071110,宣傳支出,郵局新營分局,,0.00,5353.00,郵寄競選物品或宣傳廣告支出,金錢,臺南市新營區****,,
7,李美素,107年直轄市議員選舉,首次申報,1071112,宣傳支出,郵政新營分局,,0.00,2437.00,郵寄競選物品或宣傳廣告支出,金錢,臺南市新營區****,,
8,李美素,107年直轄市議員選舉,首次申報,1071117,雜支支出,永圓行,56991708,0.00,2140.00,雜項購置或修繕費用,金錢,,,
9,李美素,107年直轄市議員選舉,首次申報,1071123,雜支支出,百芳馨商號,73726310,0.00,200.00,雜項購置或修繕費用,金錢,,,
10,李美素,107年直轄市議員選舉,首次申報,1071130,人事費用支出,曾華志,F12*******,0.00,120000.00,工資或薪津,金錢,臺南市新營區****,,
11,李美素,107年直轄市議員選舉,首次申報,1071130,人事費用支出,李祖儀,R22*******,0.00,80000.00,工資或薪津,金錢,臺南市六甲區****,,
12,李美素,107年直轄市議員選舉,首次申報,1071130,人事費用支出,高甄,R22*******,0.00,100000.00,工資或薪津,金錢,臺南市新營區****,,
13,李美素,107年直轄市議員選舉,首次申報,1071130,人事費用支出,王美月,U22*******,0.00,100000.00,工資或薪津,金錢,臺南市永康區****,,
14,李美素,107年直轄市議員選舉,首次申報,1071130,人事費用支出,鄭明產,V10*******,0.00,40000.00,工資或薪津,金錢,臺南市永康區****,,
