﻿序號,擬參選人／政黨,選舉名稱,申報序號／年度,交易日期,收支科目,捐贈者／支出對象,身分證／統一編號,收入金額,支出金額,捐贈方式,存入專戶日期,返還/繳庫,支出用途,金錢類,地址,聯絡電話,應揭露之支出對象,支出對象之內部人員姓名,支出對象之內部人員職稱,政黨之內部人員姓名,政黨之內部人員職稱,關係,更正註記,資料更正日期
1,林國順,111年屏東縣萬巒鄉鄉長選舉,首次申報,1110808,個人捐贈收入,陳惠絹,,30000.00,0.00,匯款,1110808,,,金錢,屏東縣萬巒鄉****,0913*****,,,,,,,,
2,林國順,111年屏東縣萬巒鄉鄉長選舉,首次申報,1110810,個人捐贈收入,李文寬,,10000.00,0.00,匯款,1110810,,,金錢,屏東縣萬巒鄉****,0933*****,,,,,,,,
3,林國順,111年屏東縣萬巒鄉鄉長選舉,首次申報,1110907,個人捐贈收入,李瑟英,T20*******,50000.00,0.00,票據,1110907,,,金錢,新北市板橋區****,0916*****,,,,,,,,
4,林國順,111年屏東縣萬巒鄉鄉長選舉,首次申報,1110907,個人捐贈收入,李瑟英,T20*******,50000.00,0.00,票據,1110907,,,金錢,新北市板橋區****,0916*****,,,,,,,,
5,林國順,111年屏東縣萬巒鄉鄉長選舉,首次申報,1110912,匿名捐贈,匿名,,3600.00,0.00,匯款,1110912,,,金錢,,,,,,,,,,
6,林國順,111年屏東縣萬巒鄉鄉長選舉,首次申報,1111006,個人捐贈收入,林耀章,,5000.00,0.00,現金,1111011,,,金錢,屏東縣萬巒鄉****,08-7*****,,,,,,,,
7,林國順,111年屏東縣萬巒鄉鄉長選舉,首次申報,1111011,個人捐贈收入,林謙順,,10000.00,0.00,現金,1111011,,,金錢,高雄市小港區****,0932*****,,,,,,,,
8,林國順,111年屏東縣萬巒鄉鄉長選舉,首次申報,1111011,個人捐贈收入,陳奕君,,10000.00,0.00,現金,1111011,,,金錢,,0927*****,,,,,,,,
9,林國順,111年屏東縣萬巒鄉鄉長選舉,首次申報,1111011,個人捐贈收入,賴淑瑾,,10000.00,0.00,現金,1111011,,,金錢,高雄市三民區****,0919*****,,,,,,,,
10,林國順,111年屏東縣萬巒鄉鄉長選舉,首次申報,1111011,個人捐贈收入,謝勝信,T12*******,10000.00,0.00,現金,1111011,,,金錢,屏東縣內埔鄉****,0919*****,,,,,,,,
11,林國順,111年屏東縣萬巒鄉鄉長選舉,首次申報,1111028,個人捐贈收入,楊雅雯,T22*******,66666.00,0.00,匯款,1111028,,,金錢,屏東縣萬巒鄉****,0980*****,,,,,,,,
12,林國順,111年屏東縣萬巒鄉鄉長選舉,首次申報,1111108,個人捐贈收入,杜秀裡,D22*******,60000.00,0.00,現金,1111108,,,金錢,屏東縣萬巒鄉****,0919*****,,,,,,,,
13,林國順,111年屏東縣萬巒鄉鄉長選舉,首次申報,1111108,個人捐贈收入,李石台,T10*******,30000.00,0.00,現金,1111108,,,金錢,屏東縣萬巒鄉****,08-7*****,,,,,,,,
14,林國順,111年屏東縣萬巒鄉鄉長選舉,首次申報,1111108,個人捐贈收入,林運生,T10*******,10000.00,0.00,現金,1111108,,,金錢,屏東縣萬巒鄉****,08-7*****,,,,,,,,
15,林國順,111年屏東縣萬巒鄉鄉長選舉,首次申報,1111109,個人捐贈收入,楊佩豫,,200.00,0.00,匯款,1111109,,,金錢,屏東縣萬巒鄉****,08-7*****,,,,,,,,
16,林國順,111年屏東縣萬巒鄉鄉長選舉,首次申報,1111115,個人捐贈收入,林正丰,T12*******,20000.00,0.00,匯款,1111115,,,金錢,屏東縣萬巒鄉****,0936*****,,,,,,,,
17,林國順,111年屏東縣萬巒鄉鄉長選舉,首次申報,1111121,營利事業捐贈收入,禾昇橡膠工業有限公司,28590013,50000.00,0.00,匯款,1111121,,,金錢,屏東縣萬巒鄉****,08-7*****,,,,,,,,
18,林國順,111年屏東縣萬巒鄉鄉長選舉,首次申報,1111121,營利事業捐贈收入,熊家豬腳有限公司,83568873,100000.00,0.00,現金,1111122,,,金錢,屏東縣車城鄉****,0929*****,,,,,,,,
