﻿序號,擬參選人／政黨,選舉名稱,申報序號／年度,交易日期,收支科目,捐贈者／支出對象,身分證／統一編號,收入金額,支出金額,支出用途,金錢類,地址,聯絡電話,資料更正日期
1,彭金賢,107年鄉(鎮、市)民代表選舉,首次申報,1071019,個人捐贈收入,葉貞女,J20*******,2000.00,0.00,,金錢,新竹縣竹東鎮****,,
2,彭金賢,107年鄉(鎮、市)民代表選舉,首次申報,1071021,人民團體捐贈收入,新竹縣松柏長青協會,,3000.00,0.00,,金錢,竹東鎮長安路****,5963*****,
3,彭金賢,107年鄉(鎮、市)民代表選舉,首次申報,1071021,個人捐贈收入,張秀榮,J10*******,5000.00,0.00,,金錢,新竹縣竹東鎮****,,
4,彭金賢,107年鄉(鎮、市)民代表選舉,首次申報,1071022,匿名捐贈,彭成添,,2000.00,0.00,,金錢,,,
5,彭金賢,107年鄉(鎮、市)民代表選舉,首次申報,1071023,個人捐贈收入,葉清桂,J10*******,13000.00,0.00,,金錢,新竹縣竹東鎮****,,
6,彭金賢,107年鄉(鎮、市)民代表選舉,首次申報,1071023,個人捐贈收入,湯瑞和,J20*******,5000.00,0.00,,金錢,新竹縣竹東鎮****,,
7,彭金賢,107年鄉(鎮、市)民代表選舉,首次申報,1071024,個人捐贈收入,邱沈秀蘭,J20*******,6000.00,0.00,,金錢,新竹縣竹東鎮****,,
8,彭金賢,107年鄉(鎮、市)民代表選舉,首次申報,1071029,人民團體捐贈收入,新竹縣客家傳統文化推展與研究協會,,2000.00,0.00,,金錢,竹東鎮五豐里****,5945*****,
9,彭金賢,107年鄉(鎮、市)民代表選舉,首次申報,1071029,匿名捐贈,葉雲欽,,1500.00,0.00,,金錢,,,
10,彭金賢,107年鄉(鎮、市)民代表選舉,首次申報,1071029,個人捐贈收入,彭正男,J10*******,26000.00,0.00,,金錢,新竹縣竹東鎮****,,
11,彭金賢,107年鄉(鎮、市)民代表選舉,首次申報,1071101,匿名捐贈,劉菊蘭,,2000.00,0.00,,金錢,,,
12,彭金賢,107年鄉(鎮、市)民代表選舉,首次申報,1071101,匿名捐贈,蕭美玲,,1600.00,0.00,,非金錢,,,
13,彭金賢,107年鄉(鎮、市)民代表選舉,首次申報,1071102,匿名捐贈,葉祥珍,,2000.00,0.00,,金錢,,,
14,彭金賢,107年鄉(鎮、市)民代表選舉,首次申報,1071102,匿名捐贈,羅榮勝,,2000.00,0.00,,金錢,,,
15,彭金賢,107年鄉(鎮、市)民代表選舉,首次申報,1071102,匿名捐贈,林惠忠,,3000.00,0.00,,金錢,,,
16,彭金賢,107年鄉(鎮、市)民代表選舉,首次申報,1071102,匿名捐贈,彭建淳,,2000.00,0.00,,金錢,,,
17,彭金賢,107年鄉(鎮、市)民代表選舉,首次申報,1071102,匿名捐贈,溫兆秀,,1000.00,0.00,,金錢,,,
18,彭金賢,107年鄉(鎮、市)民代表選舉,首次申報,1071102,匿名捐贈,林清義,,1000.00,0.00,,金錢,,,
19,彭金賢,107年鄉(鎮、市)民代表選舉,首次申報,1071102,匿名捐贈,鍾德義,,1000.00,0.00,,金錢,,,
20,彭金賢,107年鄉(鎮、市)民代表選舉,首次申報,1071102,個人捐贈收入,朱良正,,5400.00,0.00,,非金錢,新竹縣竹東鎮****,,
21,彭金賢,107年鄉(鎮、市)民代表選舉,首次申報,1071102,匿名捐贈,黃素芬,,2000.00,0.00,,金錢,,,
22,彭金賢,107年鄉(鎮、市)民代表選舉,首次申報,1071102,個人捐贈收入,呂學遷,J10*******,3000.00,0.00,,金錢,新竹縣竹東鎮****,,
23,彭金賢,107年鄉(鎮、市)民代表選舉,首次申報,1071102,個人捐贈收入,林德源,J12*******,3000.00,0.00,,金錢,新竹縣竹東鎮****,,
24,彭金賢,107年鄉(鎮、市)民代表選舉,首次申報,1071104,匿名捐贈,李政松,,300.00,0.00,,非金錢,,,
25,彭金賢,107年鄉(鎮、市)民代表選舉,首次申報,1071104,匿名捐贈,溫水松,,300.00,0.00,,非金錢,,,
26,彭金賢,107年鄉(鎮、市)民代表選舉,首次申報,1071104,匿名捐贈,黃牡丹,,600.00,0.00,,非金錢,,,
27,彭金賢,107年鄉(鎮、市)民代表選舉,首次申報,1071104,匿名捐贈,溫金枝,,600.00,0.00,,非金錢,,,
28,彭金賢,107年鄉(鎮、市)民代表選舉,首次申報,1071104,個人捐贈收入,徐素珠,,1200.00,0.00,,非金錢,新竹縣竹東鎮****,,
29,彭金賢,107年鄉(鎮、市)民代表選舉,首次申報,1071104,匿名捐贈,林金榮,,900.00,0.00,,非金錢,,,
30,彭金賢,107年鄉(鎮、市)民代表選舉,首次申報,1071104,匿名捐贈,彭佳權,,1000.00,0.00,,金錢,,,
31,彭金賢,107年鄉(鎮、市)民代表選舉,首次申報,1071104,匿名捐贈,彭佳權,,1000.00,0.00,,金錢,,,
32,彭金賢,107年鄉(鎮、市)民代表選舉,首次申報,1071104,個人捐贈收入,劉錦湘,J10*******,3000.00,0.00,,金錢,新竹縣竹東鎮****,,
33,彭金賢,107年鄉(鎮、市)民代表選舉,首次申報,1071104,個人捐贈收入,楊光亮,J10*******,6000.00,0.00,,金錢,新竹縣新埔鎮****,,
34,彭金賢,107年鄉(鎮、市)民代表選舉,首次申報,1071105,人民團體捐贈收入,新竹縣客家傳統文化推展與研究協會,,2000.00,0.00,,金錢,竹東鎮五豐里****,5945*****,
35,彭金賢,107年鄉(鎮、市)民代表選舉,首次申報,1071105,人民團體捐贈收入,新竹縣竹東鎮客家創意文化推廣協會,,1000.00,0.00,,金錢,竹東鎮莊敬路****,0932*****,
36,彭金賢,107年鄉(鎮、市)民代表選舉,首次申報,1071106,個人捐贈收入,莊燕鳳,,6000.00,0.00,,金錢,新北市泰山區****,,
37,彭金賢,107年鄉(鎮、市)民代表選舉,首次申報,1071106,個人捐贈收入,莊日亮,J10*******,6000.00,0.00,,金錢,新北市泰山區****,,
38,彭金賢,107年鄉(鎮、市)民代表選舉,首次申報,1071110,匿名捐贈,鍾汶猷,,600.00,0.00,,非金錢,,,
39,彭金賢,107年鄉(鎮、市)民代表選舉,首次申報,1071111,個人捐贈收入,彭秀光,,800.00,0.00,,非金錢,新竹縣竹東鎮****,,
40,彭金賢,107年鄉(鎮、市)民代表選舉,首次申報,1071111,匿名捐贈,余東樺,,600.00,0.00,,非金錢,,,
41,彭金賢,107年鄉(鎮、市)民代表選舉,首次申報,1071112,個人捐贈收入,范江正,,750.00,0.00,,非金錢,新竹縣竹東鎮****,,
42,彭金賢,107年鄉(鎮、市)民代表選舉,首次申報,1071112,個人捐贈收入,余松勇,,450.00,0.00,,非金錢,新竹縣竹東鎮****,,
43,彭金賢,107年鄉(鎮、市)民代表選舉,首次申報,1071112,匿名捐贈,徐桓咸,,1200.00,0.00,,非金錢,,,
44,彭金賢,107年鄉(鎮、市)民代表選舉,首次申報,1071112,匿名捐贈,羅坤捷,,160.00,0.00,,非金錢,,,
45,彭金賢,107年鄉(鎮、市)民代表選舉,首次申報,1071112,匿名捐贈,劉家康,,160.00,0.00,,非金錢,,,
46,彭金賢,107年鄉(鎮、市)民代表選舉,首次申報,1071113,匿名捐贈,古茂雄,,160.00,0.00,,非金錢,,,
47,彭金賢,107年鄉(鎮、市)民代表選舉,首次申報,1071113,匿名捐贈,莊森妹,,160.00,0.00,,非金錢,,,
48,彭金賢,107年鄉(鎮、市)民代表選舉,首次申報,1071118,匿名捐贈,盧秋妹,,160.00,0.00,,非金錢,,,
49,彭金賢,107年鄉(鎮、市)民代表選舉,首次申報,1071118,匿名捐贈,彭瑛燕,,160.00,0.00,,非金錢,,,
50,彭金賢,107年鄉(鎮、市)民代表選舉,首次申報,1071221,其他收入,利息收入,,9.00,0.00,,金錢,,,
