﻿序號,擬參選人／政黨,選舉名稱,申報序號／年度,交易日期,收支科目,捐贈者／支出對象,身分證／統一編號,收入金額,支出金額,捐贈方式,存入專戶日期,返還/繳庫,支出用途,金錢類,地址,聯絡電話,應揭露之支出對象,支出對象之內部人員姓名,支出對象之內部人員職稱,政黨之內部人員姓名,政黨之內部人員職稱,關係,更正註記,資料更正日期
1,陳致中,111年高雄市議員選舉,首次申報,1110505,宣傳支出,簡文煌,S12*******,0.00,130000.00,,,,租用廣告看板或車體廣告費用,金錢,高雄市小港區****,0917*****,否,,,,,,,
2,陳致中,111年高雄市議員選舉,首次申報,1110506,雜支支出,祥泰企業社,13636814,0.00,2800.00,,,,輓聯,金錢,高雄市苓雅區****,0728*****,否,,,,,,,
3,陳致中,111年高雄市議員選舉,首次申報,1110510,雜支支出,美珍雅花坊,81834988,0.00,2500.00,,,,盆花,金錢,高雄市苓雅區****,0776*****,否,,,,,,,
4,陳致中,111年高雄市議員選舉,首次申報,1110510,宣傳支出,麥戴氣,Q20*******,0.00,45000.00,,,,租用廣告看板或車體廣告費用,金錢,高雄市前鎮區****,0773*****,否,,,,,,,
5,陳致中,111年高雄市議員選舉,首次申報,1110511,宣傳支出,啟永製衣有限公司,70415869,0.00,2800.00,,,,製作競選物品或宣傳廣告費用（團隊背心）,金錢,高雄市三民區****,0738*****,否,,,,,,,
6,陳致中,111年高雄市議員選舉,首次申報,1110512,雜支支出,亞伯工作坊,20455540,0.00,1500.00,,,,發財樹,金錢,高雄市小港區****,0780*****,否,,,,,,,
7,陳致中,111年高雄市議員選舉,首次申報,1110513,雜支支出,亞伯工作室,20455540,0.00,5000.00,,,,盆花,金錢,高雄市小港區****,0780*****,否,,,,,,,
8,陳致中,111年高雄市議員選舉,首次申報,1110513,雜支支出,無患子生技開發有限公司開發有限公司,80631958,0.00,5000.00,,,,無患子禮盒,金錢,臺南市安定區****,0659*****,否,,,,,,,
9,陳致中,111年高雄市議員選舉,首次申報,1110513,宣傳支出,古玉娣,S22*******,0.00,45500.00,,,,租用廣告看板或車體廣告費用,金錢,高雄市小港區****,0910*****,否,,,,,,,
10,陳致中,111年高雄市議員選舉,首次申報,1110517,雜支支出,中華電信股份有限公司,19762247,0.00,8045.00,,,,電信費用,金錢,高雄市新興區****,0800*****,否,,,,,,,
11,陳致中,111年高雄市議員選舉,首次申報,1110517,雜支支出,中華電信股份有限公司,19762247,0.00,6797.00,,,,電信費用,金錢,高雄市新興區****,0800*****,否,,,,,,,
12,陳致中,111年高雄市議員選舉,首次申報,1110517,宣傳支出,信維股份有限公司,91059789,0.00,20000.00,,,,租用廣告看板或車體廣告費用,金錢,高雄市前鎮區****,0933*****,否,,,,,,,
13,陳致中,111年高雄市議員選舉,首次申報,1110517,租用競選辦事處支出,謝福清,S10*******,0.00,18000.00,,,,租用競選辦事處費用,金錢,高雄市前鎮區****,0920*****,否,,,,,,,
14,陳致中,111年高雄市議員選舉,首次申報,1110519,雜支支出,美珍雅花坊,81834988,0.00,5000.00,,,,蘭花,金錢,高雄市苓雅區****,0776*****,否,,,,,,,
15,陳致中,111年高雄市議員選舉,首次申報,1110520,雜支支出,紹興實業有限公司華豐加油站,72148609,0.00,956.00,,,,汽機車燃料費用,金錢,高雄市鳳山區****,,否,,,,,,,
16,陳致中,111年高雄市議員選舉,首次申報,1110523,雜支支出,崧銘企業社企業社,08921731,0.00,1200.00,,,,影印機租金,金錢,高雄市苓雅區****,0753*****,否,,,,,,,
17,陳致中,111年高雄市議員選舉,首次申報,1110526,雜支支出,祥泰企業社,13636814,0.00,2800.00,,,,輓聯,金錢,高雄市新興區****,0728*****,否,,,,,,,
18,陳致中,111年高雄市議員選舉,首次申報,1110527,雜支支出,震翰電腦有限公司,76482739,0.00,1150.00,,,,文具用品費用,金錢,高雄市前鎮區****,0733*****,否,,,,,,,
19,陳致中,111年高雄市議員選舉,首次申報,1110530,宣傳支出,芮達視覺設計,81005976,0.00,85113.00,,,,印刷品一批,金錢,高雄市新興區****,0722*****,否,,,,,,,
20,陳致中,111年高雄市議員選舉,首次申報,1110531,雜支支出,紹興實業有限公司華豐加油站,72148609,0.00,1380.00,,,,汽機車燃料費用,金錢,高雄市鳳山區****,,否,,,,,,,
21,陳致中,111年高雄市議員選舉,首次申報,1110531,宣傳支出,心一企業股份有限公司,89494723,0.00,2048.00,,,,製作競選物品或宣傳廣告費(瓶裝水）,金錢,高雄市仁武區****,0737*****,否,,,,,,,
22,陳致中,111年高雄市議員選舉,首次申報,1110601,雜支支出,美珍雅花坊,81834988,0.00,5000.00,,,,蘭花,金錢,高雄市苓雅區****,0776*****,否,,,,,,,
23,陳致中,111年高雄市議員選舉,首次申報,1110601,宣傳支出,張林麗惠,S20*******,0.00,36000.00,,,,租用廣告看板或車體廣告費用,金錢,高雄市小港區****,0910*****,否,,,,,,,
24,陳致中,111年高雄市議員選舉,首次申報,1110605,雜支支出,美珍雅花坊,81834988,0.00,2500.00,,,,蘭花,金錢,高雄市苓雅區****,0776*****,否,,,,,,,
25,陳致中,111年高雄市議員選舉,首次申報,1110606,雜支支出,祥泰企業社,13636814,0.00,1400.00,,,,輓聯,金錢,高雄市新興區****,0728*****,否,,,,,,,
26,陳致中,111年高雄市議員選舉,首次申報,1110606,雜支支出,紹興實業有限公司華豐加油站,72148609,0.00,1300.00,,,,汽機車燃料費用,金錢,高雄市鳳山區****,,否,,,,,,,
27,陳致中,111年高雄市議員選舉,首次申報,1110606,租用競選辦事處支出,呂美麗,R22*******,0.00,30000.00,,,,租用競選辦事處費用,金錢,高雄市前鎮區****,0933*****,否,,,,,,,
28,陳致中,111年高雄市議員選舉,首次申報,1110607,雜支支出,美珍雅花坊,81834988,0.00,138250.00,,,,康乃馨花束,金錢,高雄市苓雅區****,0776*****,否,,,,,,,
29,陳致中,111年高雄市議員選舉,首次申報,1110607,宣傳支出,李翁碧美,E20*******,0.00,30000.00,,,,租用廣告看板或車體廣告費用,金錢,高雄市小港區****,0919*****,否,,,,,,,
30,陳致中,111年高雄市議員選舉,首次申報,1110607,宣傳支出,吳葉美雲,R22*******,0.00,12000.00,,,,租用廣告看板或車體廣告費用,金錢,高雄市小港區****,0779*****,否,,,,,,,
31,陳致中,111年高雄市議員選舉,首次申報,1110607,宣傳支出,張麗瓊,T22*******,0.00,30000.00,,,,租用廣告看板或車體廣告費用,金錢,高雄市小港區****,0973*****,否,,,,,,,
32,陳致中,111年高雄市議員選舉,首次申報,1110608,宣傳支出,信維股份有限公司,91059789,0.00,20000.00,,,,租用廣告看板或車體廣告費用,金錢,高雄市前鎮區****,0933*****,否,,,,,,,
33,陳致中,111年高雄市議員選舉,首次申報,1110608,宣傳支出,李翊誠,E12*******,0.00,18000.00,,,,租用廣告看板或車體廣告費用,金錢,高雄市小港區****,0963*****,否,,,,,,,
34,陳致中,111年高雄市議員選舉,首次申報,1110608,宣傳支出,鄔麗玉,T22*******,0.00,8000.00,,,,租用廣告看板或車體廣告費用,金錢,高雄市小港區****,0916*****,否,,,,,,,
35,陳致中,111年高雄市議員選舉,首次申報,1110609,宣傳支出,蔡宏仁,,0.00,6500.00,,,,租用廣告看板或車體廣告費用,金錢,高雄市小港區****,0920*****,否,,,,,,,
36,陳致中,111年高雄市議員選舉,首次申報,1110609,宣傳支出,蔡統州,P10*******,0.00,13000.00,,,,租用廣告看板或車體廣告費用,金錢,高雄市前鎮區****,0733*****,否,,,,,,,
37,陳致中,111年高雄市議員選舉,首次申報,1110610,宣傳支出,芮達視覺設計,81005976,0.00,242970.00,,,,印刷品一批,金錢,高雄市新興區****,0722*****,否,,,,,,,
38,陳致中,111年高雄市議員選舉,首次申報,1110610,宣傳支出,黃麗月,P22*******,0.00,25000.00,,,,租用廣告看板或車體廣告費用,金錢,高雄市前鎮區****,0980*****,否,,,,,,,
39,陳致中,111年高雄市議員選舉,首次申報,1110611,雜支支出,美珍雅花坊,81834988,0.00,1000.00,,,,盆栽,金錢,高雄市苓雅區****,0776*****,否,,,,,,,
40,陳致中,111年高雄市議員選舉,首次申報,1110612,雜支支出,美珍雅花坊,81834988,0.00,2500.00,,,,蘭花,金錢,高雄市苓雅區****,0776*****,否,,,,,,,
41,陳致中,111年高雄市議員選舉,首次申報,1110613,雜支支出,高家食品行,17110950,0.00,6500.00,,,,餐飲費用,金錢,高雄市前鎮區****,0783*****,否,,,,,,,
42,陳致中,111年高雄市議員選舉,首次申報,1110615,租用競選辦事處支出,謝福清,S10*******,0.00,18000.00,,,,租用競選辦事處費用,金錢,高雄市前鎮區****,0920*****,否,,,,,,,
43,陳致中,111年高雄市議員選舉,首次申報,1110615,宣傳支出,李育成,S12*******,0.00,16000.00,,,,租用廣告看板或車體廣告費用,金錢,高雄市小港區****,0929*****,否,,,,,,,
44,陳致中,111年高雄市議員選舉,首次申報,1110615,宣傳支出,李育成,S12*******,0.00,4000.00,,,,租用廣告看板或車體廣告費用,金錢,高雄市小港區****,0929*****,否,,,,,,,
45,陳致中,111年高雄市議員選舉,首次申報,1110616,宣傳支出,蔡宗昱,T12*******,0.00,17000.00,,,,租用廣告看板或車體廣告費用,金錢,高雄市前鎮區****,0913*****,否,,,,,,,
46,陳致中,111年高雄市議員選舉,首次申報,1110617,宣傳支出,元承實業有限公司,42787023,0.00,17640.00,,,,製作競選物品（口罩）,金錢,彰化縣秀水鄉****,0476*****,否,,,,,,,
47,陳致中,111年高雄市議員選舉,首次申報,1110617,雜支支出,紹興實業有限公司華豐加油站,72148609,0.00,1330.00,,,,汽機車燃料費用,金錢,高雄市鳳山區****,,否,,,,,,,
48,陳致中,111年高雄市議員選舉,首次申報,1110618,雜支支出,美珍雅花坊,81834988,0.00,2500.00,,,,蘭花,金錢,高雄市苓雅區****,0776*****,否,,,,,,,
49,陳致中,111年高雄市議員選舉,首次申報,1110619,雜支支出,美珍雅花坊,81834988,0.00,2000.00,,,,蘭花,金錢,高雄市苓雅區****,0776*****,否,,,,,,,
50,陳致中,111年高雄市議員選舉,首次申報,1110623,雜支支出,紹興實業有限公司華豐加油站,72148609,0.00,1344.00,,,,汽機車燃料費用,金錢,高雄市鳳山區****,,否,,,,,,,
51,陳致中,111年高雄市議員選舉,首次申報,1110623,宣傳支出,徐英鳳,T22*******,0.00,12000.00,,,,租用廣告看板或車體廣告費用,金錢,高雄市前鎮區****,0986*****,否,,,,,,,
52,陳致中,111年高雄市議員選舉,首次申報,1110624,雜支支出,祥泰企業社,13636814,0.00,6050.00,,,,輓聯.中堂,金錢,高雄市新興區****,0728*****,否,,,,,,,
53,陳致中,111年高雄市議員選舉,首次申報,1110624,雜支支出,中華電信股份有限公司,19762247,0.00,9130.00,,,,電信費用,金錢,高雄市新興區****,0800*****,否,,,,,,,
54,陳致中,111年高雄市議員選舉,首次申報,1110630,宣傳支出,芮達視覺設計,81005976,0.00,401830.00,,,,帆布輸出+施工,金錢,高雄市新興區****,0722*****,否,,,,,,,
55,陳致中,111年高雄市議員選舉,首次申報,1110630,宣傳支出,心一企業股份有限公司,89494723,0.00,4095.00,,,,製作競選物品或宣傳廣告費用（包裝飲用水）,金錢,高雄市仁竹後****,0737*****,否,,,,,,,
56,陳致中,111年高雄市議員選舉,首次申報,1110701,雜支支出,佑宜五金鎖印行,78695239,0.00,2800.00,,,,鑰匙,金錢,高雄市前鎮區****,0777*****,否,,,,,,,
57,陳致中,111年高雄市議員選舉,首次申報,1110701,宣傳支出,陳安妮,E22*******,0.00,15000.00,,,,租用廣告看板或車體廣告費用,金錢,高雄市鳳山區****,0956*****,否,,,,,,,
58,陳致中,111年高雄市議員選舉,首次申報,1110705,雜支支出,祥泰企業社,13636814,0.00,1400.00,,,,輓聯,金錢,高雄市新興區****,0728*****,否,,,,,,,
59,陳致中,111年高雄市議員選舉,首次申報,1110705,租用競選辦事處支出,呂美麗,R22*******,0.00,30000.00,,,,租用競選辦事處費用,金錢,高雄市前鎮區****,0933*****,否,,,,,,,
60,陳致中,111年高雄市議員選舉,首次申報,1110710,租用競選辦事處支出,欣懋企業社,91509265,0.00,60000.00,,,,租用臨時競選辦事處冷氣支出,金錢,高雄市旗津區****,0938*****,否,,,,,,,
61,陳致中,111年高雄市議員選舉,首次申報,1110711,雜支支出,美珍雅花店,81834988,0.00,2000.00,,,,蘭花,金錢,高雄市苓雅區****,0776*****,否,,,,,,,
62,陳致中,111年高雄市議員選舉,首次申報,1110711,宣傳支出,信維股份有限公司,91059789,0.00,20000.00,,,,租用廣告看板或車體廣告費用,金錢,高雄市前鎮區****,0933*****,否,,,,,,,
63,陳致中,111年高雄市議員選舉,首次申報,1110711,宣傳支出,葉泯妡,E22*******,0.00,8000.00,,,,租用廣告看板或車體廣告費用,金錢,高雄市前鎮區****,0920*****,否,,,,,,,
64,陳致中,111年高雄市議員選舉,首次申報,1110711,宣傳支出,施明星,Q10*******,0.00,10000.00,,,,租用廣告看板或車體廣告費用,金錢,高雄市小港區****,0931*****,否,,,,,,,
65,陳致中,111年高雄市議員選舉,首次申報,1110711,宣傳支出,吳葉美雲,R22*******,0.00,12000.00,,,,租用廣告看板或車體廣告費用,金錢,高雄市小港區****,0779*****,否,,,,,,,
66,陳致中,111年高雄市議員選舉,首次申報,1110711,宣傳支出,劉美鈴,S22*******,0.00,12000.00,,,,租用廣告看板或車體廣告費用,金錢,高雄市小港區****,0936*****,否,,,,,,,
67,陳致中,111年高雄市議員選舉,首次申報,1110712,雜支支出,祥泰企業社,13636814,0.00,1400.00,,,,輓聯,金錢,高雄市新興區****,0728*****,否,,,,,,,
68,陳致中,111年高雄市議員選舉,首次申報,1110712,雜支支出,中華電信股份有限公司,19762247,0.00,8546.00,,,,電信費用,金錢,高雄市新興區****,0800*****,否,,,,,,,
69,陳致中,111年高雄市議員選舉,首次申報,1110713,租用競選辦事處支出,謝福清,S10*******,0.00,18000.00,,,,租用競選辦事處費用,金錢,高雄市前鎮區****,0920*****,否,,,,,,,
70,陳致中,111年高雄市議員選舉,首次申報,1110715,雜支支出,明家工藝社,92034148,0.00,21600.00,,,,匾額,金錢,高雄市前鎮區****,0733*****,否,,,,,,,
71,陳致中,111年高雄市議員選舉,首次申報,1110720,雜支支出,豐嘉食品,81156740,0.00,2000.00,,,,餅乾,金錢,高雄市前鎮區****,,否,,,,,,,
72,陳致中,111年高雄市議員選舉,首次申報,1110720,雜支支出,美珍雅花坊,81834988,0.00,1500.00,,,,盆花,金錢,高雄市苓雅區****,0776*****,否,,,,,,,
73,陳致中,111年高雄市議員選舉,首次申報,1110721,雜支支出,美珍雅花坊,81834988,0.00,1000.00,,,,盆栽,金錢,高雄市苓雅區****,0776*****,否,,,,,,,
74,陳致中,111年高雄市議員選舉,首次申報,1110727,雜支支出,美珍雅花坊,81834988,0.00,1500.00,,,,花束,金錢,高雄市苓雅區****,0776*****,否,,,,,,,
75,陳致中,111年高雄市議員選舉,首次申報,1110729,雜支支出,祥泰企業社,13636814,0.00,1400.00,,,,輓聯,金錢,高雄市新興區****,0728*****,否,,,,,,,
76,陳致中,111年高雄市議員選舉,首次申報,1110729,宣傳支出,亞太電信公司,70771579,0.00,15000.00,,,,發送電信簡訊費用,金錢,臺北市內湖區****,0255*****,否,,,,,,,
77,陳致中,111年高雄市議員選舉,首次申報,1110729,宣傳支出,心一企業股份有限公司,89494723,0.00,6237.00,,,,製作競選物品或宣傳廣告費用（瓶裝水）,金錢,高雄市仁武區****,0737*****,否,,,,,,,
78,陳致中,111年高雄市議員選舉,首次申報,1110729,雜支支出,明家工藝社,92034148,0.00,1000.00,,,,紙扁,金錢,高雄市前鎮區****,0733*****,否,,,,,,,
79,陳致中,111年高雄市議員選舉,首次申報,1110731,雜支支出,美珍雅花坊,81834988,0.00,2000.00,,,,蘭花,金錢,高雄市苓雅區****,0776*****,否,,,,,,,
80,陳致中,111年高雄市議員選舉,首次申報,1110731,雜支支出,美珍雅花坊,81834988,0.00,3000.00,,,,蘭花,金錢,高雄市苓雅區****,0776*****,否,,,,,,,
81,陳致中,111年高雄市議員選舉,首次申報,1110802,雜支支出,亞伯工作坊,20455540,0.00,2000.00,,,,盆花,金錢,高雄市小港區****,0780*****,否,,,,,,,
82,陳致中,111年高雄市議員選舉,首次申報,1110802,雜支支出,偉賢企業社,81455418,0.00,20600.00,,,,辦公桌,金錢,高雄市苓雅區****,0753*****,否,,,,,,,
83,陳致中,111年高雄市議員選舉,首次申報,1110802,租用競選辦事處支出,欣懋企業社,91509265,0.00,45800.00,,,,租用臨時競選辦事處冷氣.電視支出,金錢,高雄市旗津區****,0938*****,否,,,,,,,
84,陳致中,111年高雄市議員選舉,首次申報,1110805,宣傳支出,蔡宏仁,,0.00,6500.00,,,,租用廣告看板或車體廣告費用,金錢,高雄市小港區****,0920*****,否,,,,,,,
85,陳致中,111年高雄市議員選舉,首次申報,1110805,宣傳支出,謝政翰,,0.00,10000.00,,,,租用廣告看板或車體廣告費用,金錢,高雄市前鎮區****,0772*****,否,,,,,,,
86,陳致中,111年高雄市議員選舉,首次申報,1110805,雜支支出,紹興實業有限公司華豐加油站,72148609,0.00,1000.00,,,,汽機車燃料費用,金錢,高雄市鳳山區****,,否,,,,,,,
87,陳致中,111年高雄市議員選舉,首次申報,1110805,宣傳支出,信維股份有限公司,91059789,0.00,20000.00,,,,租用廣告看板或車體廣告費用,金錢,高雄市前鎮區****,0771*****,否,,,,,,,
88,陳致中,111年高雄市議員選舉,首次申報,1110805,宣傳支出,李翊誠,E12*******,0.00,18000.00,,,,租用廣告看板或車體廣告費用,金錢,高雄市小港區****,0963*****,否,,,,,,,
89,陳致中,111年高雄市議員選舉,首次申報,1110805,宣傳支出,葉泯妡,E22*******,0.00,8000.00,,,,租用廣告看板或車體廣告費用,金錢,高雄市前鎮區****,0980*****,否,,,,,,,
90,陳致中,111年高雄市議員選舉,首次申報,1110805,宣傳支出,蔡統州,P10*******,0.00,13000.00,,,,租用廣告看板或車體廣告費用,金錢,高雄市前鎮區****,0733*****,否,,,,,,,
91,陳致中,111年高雄市議員選舉,首次申報,1110805,宣傳支出,施明星,Q10*******,0.00,10000.00,,,,租用廣告看板或車體廣告費用,金錢,高雄市小港區****,0931*****,否,,,,,,,
92,陳致中,111年高雄市議員選舉,首次申報,1110805,租用競選辦事處支出,呂美麗,R22*******,0.00,30000.00,,,,租用競選辦事處費用,金錢,高雄市前鎮區****,0933*****,否,,,,,,,
93,陳致中,111年高雄市議員選舉,首次申報,1110805,宣傳支出,吳葉美雲,R22*******,0.00,12000.00,,,,租用廣告看板或車體廣告費用,金錢,高雄市小港區****,0779*****,否,,,,,,,
94,陳致中,111年高雄市議員選舉,首次申報,1110805,宣傳支出,劉美鈴,S22*******,0.00,12000.00,,,,租用廣告看板或車體廣告費用,金錢,高雄市小港區****,0936*****,否,,,,,,,
95,陳致中,111年高雄市議員選舉,首次申報,1110805,宣傳支出,蔡宗昱,T12*******,0.00,17000.00,,,,租用廣告看板或車體廣告費用,金錢,高雄市前鎮區****,0913*****,否,,,,,,,
96,陳致中,111年高雄市議員選舉,首次申報,1110806,雜支支出,三商家購股份有限公司,51222949,0.00,20933.00,,,,餐飲費用,金錢,高雄市鼓山區****,,否,,,,,,,
97,陳致中,111年高雄市議員選舉,首次申報,1110807,雜支支出,台灣中油,07959765,0.00,1380.00,,,,汽機車燃料費用,金錢,高雄市前鎮區****,,否,,,,,,,
98,陳致中,111年高雄市議員選舉,首次申報,1110807,雜支支出,亞伯工作室,20455540,0.00,3500.00,,,,盆花,金錢,高雄市小港區****,0780*****,否,,,,,,,
99,陳致中,111年高雄市議員選舉,首次申報,1110808,雜支支出,祥泰企業社,13636814,0.00,3950.00,,,,輓聯,金錢,高雄市新興區****,0728*****,否,,,,,,,
100,陳致中,111年高雄市議員選舉,首次申報,1110810,宣傳支出,麗昇通訊行,17865014,0.00,27750.00,,,,租用廣告看板或車體廣告費用,金錢,高雄市三民區****,0739*****,否,,,,,,,
101,陳致中,111年高雄市議員選舉,首次申報,1110810,租用競選辦事處支出,誠耘室內裝修工程,85497699,0.00,299000.00,,,,裝潢競選辦事處費用,金錢,高雄市鳳山區****,0921*****,否,,,,,,,
102,陳致中,111年高雄市議員選舉,首次申報,1110817,雜支支出,紹興實業有限公司華豐加油站,72148609,0.00,1410.00,,,,汽機車燃料費用,金錢,高雄市鳳山區****,,否,,,,,,,
103,陳致中,111年高雄市議員選舉,首次申報,1110817,租用競選辦事處支出,謝福清,S10*******,0.00,18000.00,,,,租用競選辦事處費用,金錢,高雄市前鎮區****,0920*****,否,,,,,,,
104,陳致中,111年高雄市議員選舉,首次申報,1110818,宣傳支出,啟永製衣有限公司,70415869,0.00,1530.00,,,,製作競選物品或宣傳廣告費用（團隊背心）,金錢,高雄市三民區****,0738*****,否,,,,,,,
105,陳致中,111年高雄市議員選舉,首次申報,1110819,宣傳支出,台灣摩菲爾國際股份有限公司菲爾國際股份有限公司,24312453,0.00,110250.00,,,,租用廣告看板或車體廣告費用,金錢,臺北市中正區****,0223*****,否,,,,,,,
106,陳致中,111年高雄市議員選舉,首次申報,1110819,雜支支出,偉賢企業行,81455418,0.00,6300.00,,,,辦公桌,金錢,高雄市苓雅區****,0753*****,否,,,,,,,
107,陳致中,111年高雄市議員選舉,首次申報,1110820,雜支支出,崇裕行,10278124,0.00,2835.00,,,,手推車,金錢,高雄市前鎮區****,0771*****,否,,,,,,,
108,陳致中,111年高雄市議員選舉,首次申報,1110824,雜支支出,偉賢企業行,81455418,0.00,3000.00,,,,會議桌,金錢,高雄市苓雅區****,0753*****,否,,,,,,,
109,陳致中,111年高雄市議員選舉,首次申報,1110825,雜支支出,亞伯工作坊,20455540,0.00,1500.00,,,,花籃,金錢,高雄市小港區****,0780*****,否,,,,,,,
110,陳致中,111年高雄市議員選舉,首次申報,1110825,雜支支出,寶康生活館有限公司,50942168,0.00,2368.00,,,,清潔用品,金錢,高雄市前鎮區****,0772*****,否,,,,,,,
111,陳致中,111年高雄市議員選舉,首次申報,1110825,宣傳支出,亞太電信公司,70771579,0.00,15000.00,,,,發送電信簡訊費用,金錢,臺北市內湖區****,0255*****,否,,,,,,,
112,陳致中,111年高雄市議員選舉,首次申報,1110826,雜支支出,台灣中油,07960046,0.00,1153.00,,,,汽機車燃料費用,金錢,高雄市前鎮區****,,否,,,,,,,
113,陳致中,111年高雄市議員選舉,首次申報,1110826,雜支支出,中華電信股份有限公司,19762247,0.00,7634.00,,,,電信費用,金錢,高雄市新興區****,0800*****,否,,,,,,,
114,陳致中,111年高雄市議員選舉,首次申報,1110829,雜支支出,無患子生技開發有限公司,80631958,0.00,5000.00,,,,清潔禮盒,金錢,臺南市安定區****,0659*****,否,,,,,,,
115,陳致中,111年高雄市議員選舉,首次申報,1110830,雜支支出,紹興實業有限公司華豐加油站,72148609,0.00,1240.00,,,,汽機車燃料費用,金錢,高雄市鳳山區****,,否,,,,,,,
116,陳致中,111年高雄市議員選舉,首次申報,1110831,宣傳支出,心一企業股份有限公司,89494723,0.00,35914.00,,,,製作競選物品或宣傳廣告費用（瓶裝水）,金錢,高雄市仁武區****,0737*****,否,,,,,,,
117,陳致中,111年高雄市議員選舉,首次申報,1110902,雜支支出,亞伯工作坊,20455540,0.00,1500.00,,,,花籃,金錢,高雄市小港區****,0780*****,否,,,,,,,
118,陳致中,111年高雄市議員選舉,首次申報,1110903,雜支支出,欣綺有限公司,79983032,0.00,8000.00,,,,帽子,金錢,臺中市梧棲區****,0426*****,否,,,,,,,
119,陳致中,111年高雄市議員選舉,首次申報,1110905,宣傳支出,芮達視覺設計,81005976,0.00,432001.00,,,,扇子關東旗信封文宣,金錢,高雄市新興區****,0722*****,否,,,,,,,
120,陳致中,111年高雄市議員選舉,首次申報,1110906,宣傳支出,謝政翰,,0.00,10000.00,,,,租用廣告看板或車體廣告費用,金錢,高雄市前鎮區****,0772*****,否,,,,,,,
121,陳致中,111年高雄市議員選舉,首次申報,1110906,宣傳支出,蔡宏仁,,0.00,6500.00,,,,租用廣告看板或車體廣告費用,金錢,高雄市小港區****,0920*****,否,,,,,,,
122,陳致中,111年高雄市議員選舉,首次申報,1110906,雜支支出,祥泰企業社,13636814,0.00,3950.00,,,,輓聯,金錢,高雄市新興區****,0728*****,否,,,,,,,
123,陳致中,111年高雄市議員選舉,首次申報,1110906,雜支支出,偉賢企業行,81455418,0.00,7650.00,,,,會議桌,金錢,高雄市苓雅區****,0753*****,否,,,,,,,
124,陳致中,111年高雄市議員選舉,首次申報,1110906,宣傳支出,信維股份有限公司,91059789,0.00,20000.00,,,,租用廣告看板或車體廣告費用,金錢,高雄市前鎮區****,0771*****,否,,,,,,,
125,陳致中,111年高雄市議員選舉,首次申報,1110906,雜支支出,邦尼印刷企業社,99705959,0.00,29700.00,,,,布條,金錢,高雄市苓雅區****,0733*****,否,,,,,,,
126,陳致中,111年高雄市議員選舉,首次申報,1110906,宣傳支出,李翊誠,E12*******,0.00,18000.00,,,,租用廣告看板或車體廣告費用,金錢,高雄市小港區****,0963*****,否,,,,,,,
127,陳致中,111年高雄市議員選舉,首次申報,1110906,宣傳支出,葉泯妡,E22*******,0.00,8000.00,,,,租用廣告看板或車體廣告費用,金錢,高雄市前鎮區****,0920*****,否,,,,,,,
128,陳致中,111年高雄市議員選舉,首次申報,1110906,宣傳支出,蔡統州,P10*******,0.00,13000.00,,,,租用廣告看板或車體廣告費用,金錢,高雄市前鎮區****,0733*****,否,,,,,,,
129,陳致中,111年高雄市議員選舉,首次申報,1110906,宣傳支出,施明星,Q10*******,0.00,10000.00,,,,租用廣告看板或車體廣告費用,金錢,高雄市小港區****,0931*****,否,,,,,,,
130,陳致中,111年高雄市議員選舉,首次申報,1110906,租用競選辦事處支出,呂美麗,R22*******,0.00,30000.00,,,,租用競選辦事處費用,金錢,高雄市前鎮區****,0933*****,否,,,,,,,
131,陳致中,111年高雄市議員選舉,首次申報,1110906,宣傳支出,吳葉美雲,R22*******,0.00,12000.00,,,,租用廣告看板或車體廣告費用,金錢,高雄市小港區****,0779*****,否,,,,,,,
132,陳致中,111年高雄市議員選舉,首次申報,1110906,宣傳支出,劉美鈴,S22*******,0.00,12000.00,,,,租用廣告看板或車體廣告費用,金錢,高雄市小港區****,0936*****,否,,,,,,,
133,陳致中,111年高雄市議員選舉,首次申報,1110906,宣傳支出,蔡宗昱,T12*******,0.00,17000.00,,,,租用廣告看板或車體廣告費用,金錢,高雄市前鎮區****,0913*****,否,,,,,,,
134,陳致中,111年高雄市議員選舉,首次申報,1110906,宣傳支出,鄔麗玉麗玉,T22*******,0.00,8000.00,,,,租用廣告看板或車體廣告費用,金錢,高雄市小港區****,0916*****,否,,,,,,,
135,陳致中,111年高雄市議員選舉,首次申報,1110907,宣傳支出,元承實業有限公司,42787023,0.00,91403.00,,,,製作競選物品或宣傳廣告費用（口罩）,金錢,彰化縣秀水鄉****,0476*****,否,,,,,,,
136,陳致中,111年高雄市議員選舉,首次申報,1110907,雜支支出,明家工藝社,92034148,0.00,1000.00,,,,紙扁,金錢,高雄市前鎮區****,0733*****,否,,,,,,,
137,陳致中,111年高雄市議員選舉,首次申報,1110907,雜支支出,邦尼印刷企業社,99705959,0.00,9000.00,,,,布條,金錢,高雄市新興區****,0733*****,否,,,,,,,
138,陳致中,111年高雄市議員選舉,首次申報,1110908,宣傳支出,主人廣播電台股份有限公司,97145045,0.00,50000.00,,,,播放、傳送或刊登宣傳廣告費用,金錢,高雄市新興區****,0722*****,否,,,,,,,
139,陳致中,111年高雄市議員選舉,首次申報,1110912,雜支支出,台灣中油,07959815,0.00,750.00,,,,汽機車燃料費用,金錢,高雄市前鎮區****,,否,,,,,,,
140,陳致中,111年高雄市議員選舉,首次申報,1110912,雜支支出,台灣中油,19917072,0.00,2357.00,,,,汽機車燃料費用,金錢,高雄市小港區****,,否,,,,,,,
141,陳致中,111年高雄市議員選舉,首次申報,1110914,雜支支出,台灣中油,07960046,0.00,900.00,,,,汽機車燃料費用,金錢,高雄市前鎮區****,,否,,,,,,,
142,陳致中,111年高雄市議員選舉,首次申報,1110914,雜支支出,震翰電腦有限公司,76482739,0.00,13675.00,,,,文具用品+電腦費用,金錢,高雄市前鎮區****,0733*****,否,,,,,,,
143,陳致中,111年高雄市議員選舉,首次申報,1110915,宣傳支出,芮達視覺設計,81005976,0.00,545667.00,,,,帆布輸出+鷹架施工,金錢,高雄市新興區****,0722*****,否,,,,,,,
144,陳致中,111年高雄市議員選舉,首次申報,1110916,雜支支出,上玄商行,10285764,0.00,10700.00,,,,相框,金錢,高雄市苓雅區****,0775*****,否,,,,,,,
145,陳致中,111年高雄市議員選舉,首次申報,1110916,租用競選辦事處支出,謝福清,S10*******,0.00,18000.00,,,,租用競選辦事處費用,金錢,高雄市前鎮區****,0920*****,否,,,,,,,
146,陳致中,111年高雄市議員選舉,首次申報,1110919,雜支支出,崧銘企業社,08921731,0.00,1200.00,,,,影印機保養,金錢,高雄市苓雅區****,0753*****,否,,,,,,,
147,陳致中,111年高雄市議員選舉,首次申報,1110919,雜支支出,無患子生技開發有限公司,80631958,0.00,5000.00,,,,無患子禮盒,金錢,臺南市安定區****,0659*****,否,,,,,,,
148,陳致中,111年高雄市議員選舉,首次申報,1110919,宣傳支出,快樂廣播事業股份有限公司,89281812,0.00,100000.00,,,,播放、傳送或刊登宣傳廣告費用,金錢,高雄市苓雅區****,0753*****,否,,,,,,,
149,陳致中,111年高雄市議員選舉,首次申報,1110920,雜支支出,台灣中油,07959765,0.00,940.00,,,,汽機車燃料費用,金錢,高雄市前鎮區****,,否,,,,,,,
150,陳致中,111年高雄市議員選舉,首次申報,1110921,雜支支出,台灣中油,07959815,0.00,888.00,,,,汽機車燃料費用,金錢,高雄市前鎮區****,,否,,,,,,,
151,陳致中,111年高雄市議員選舉,首次申報,1110921,雜支支出,台灣中油,16475930,0.00,1000.00,,,,汽機車燃料費用,金錢,高雄市前鎮區****,,否,,,,,,,
152,陳致中,111年高雄市議員選舉,首次申報,1110921,雜支支出,全球電器行,76724835,0.00,1500.00,,,,擴音喇叭,金錢,高雄市前鎮區****,0775*****,否,,,,,,,
153,陳致中,111年高雄市議員選舉,首次申報,1110922,雜支支出,祥泰企業社,13636814,0.00,2550.00,,,,輓聯,金錢,高雄市新興區****,0728*****,否,,,,,,,
154,陳致中,111年高雄市議員選舉,首次申報,1110922,雜支支出,上賀水果專賣店,25957108,0.00,1309.00,,,,水果,金錢,高雄市前鎮區****,0772*****,否,,,,,,,
155,陳致中,111年高雄市議員選舉,首次申報,1110922,租用宣傳車輛支出,謝富田,B10*******,0.00,24000.00,,,,租用宣傳車輛駕駛費用,金錢,高雄市前鎮區****,0910*****,否,,,,,,,
156,陳致中,111年高雄市議員選舉,首次申報,1110922,租用宣傳車輛支出,陳桂卿,D12*******,0.00,24000.00,,,,租用宣傳車輛駕駛費用,金錢,高雄市鳳山區****,0939*****,否,,,,,,,
157,陳致中,111年高雄市議員選舉,首次申報,1110922,租用宣傳車輛支出,黃建霖,E10*******,0.00,45000.00,,,,租用宣傳車輛駕駛費用,金錢,高雄市三民區****,0938*****,否,,,,,,,
158,陳致中,111年高雄市議員選舉,首次申報,1110922,租用宣傳車輛支出,賴嬿蓉,E22*******,0.00,24000.00,,,,租用宣傳車輛駕駛費用,金錢,高雄市三民區****,0938*****,否,,,,,,,
159,陳致中,111年高雄市議員選舉,首次申報,1110922,租用宣傳車輛支出,張輝宗,S10*******,0.00,24000.00,,,,租用宣傳車輛駕駛費用,金錢,高雄市鳳山區****,0933*****,否,,,,,,,
160,陳致中,111年高雄市議員選舉,首次申報,1110923,雜支支出,台灣中油,07959765,0.00,1810.00,,,,汽機車燃料費用,金錢,高雄市前鎮區****,,否,,,,,,,
161,陳致中,111年高雄市議員選舉,首次申報,1110923,雜支支出,台灣中油,07959815,0.00,1280.00,,,,汽機車燃料費用,金錢,高雄市前鎮區****,,否,,,,,,,
162,陳致中,111年高雄市議員選舉,首次申報,1110923,宣傳支出,啟永製衣有限公司,70415869,0.00,82400.00,,,,製作競選物品或宣傳廣告費用（背心）,金錢,高雄市三民區****,0738*****,否,,,,,,,
163,陳致中,111年高雄市議員選舉,首次申報,1110923,宣傳支出,興華唱片行,81098783,0.00,1550.00,,,,播放、傳送或刊登宣傳廣告費用,金錢,高雄市前鎮區****,0777*****,否,,,,,,,
164,陳致中,111年高雄市議員選舉,首次申報,1110923,雜支支出,邦尼印刷企業社,99705959,0.00,5850.00,,,,布條,金錢,高雄市苓雅區****,0733*****,否,,,,,,,
165,陳致中,111年高雄市議員選舉,首次申報,1110924,雜支支出,台灣中油,07959765,0.00,900.00,,,,汽機車燃料費用,金錢,高雄市前鎮區****,,否,,,,,,,
166,陳致中,111年高雄市議員選舉,首次申報,1110924,雜支支出,凱旋塑膠行,81032397,0.00,7650.00,,,,輕便雨衣,金錢,高雄市前鎮區****,0772*****,否,,,,,,,
167,陳致中,111年高雄市議員選舉,首次申報,1110925,雜支支出,台灣中油,07959765,0.00,900.00,,,,汽機車燃料費用,金錢,高雄市前鎮區****,,否,,,,,,,
168,陳致中,111年高雄市議員選舉,首次申報,1110925,雜支支出,台灣中油,16475930,0.00,1000.00,,,,汽機車燃料費用,金錢,高雄市前鎮區****,,否,,,,,,,
169,陳致中,111年高雄市議員選舉,首次申報,1110925,雜支支出,台灣中油,19917072,0.00,800.00,,,,汽機車燃料費用,金錢,高雄市小港區****,,否,,,,,,,
170,陳致中,111年高雄市議員選舉,首次申報,1110926,雜支支出,台灣中油,07959815,0.00,2150.00,,,,汽機車燃料費用,金錢,高雄市前鎮區****,,否,,,,,,,
171,陳致中,111年高雄市議員選舉,首次申報,1110926,雜支支出,中華電信股份有限公司,19762247,0.00,3277.00,,,,電信費用,金錢,高雄市新興區****,0800*****,否,,,,,,,
172,陳致中,111年高雄市議員選舉,首次申報,1110926,雜支支出,邦尼印刷企業社,99705959,0.00,2700.00,,,,布條,金錢,高雄市苓雅區****,0733*****,否,,,,,,,
173,陳致中,111年高雄市議員選舉,首次申報,1110927,雜支支出,台灣中油,07959815,0.00,1850.00,,,,汽機車燃料費用,金錢,高雄市前鎮區****,,否,,,,,,,
174,陳致中,111年高雄市議員選舉,首次申報,1110927,雜支支出,台灣中油,16475930,0.00,970.00,,,,汽機車燃料費用,金錢,高雄市前鎮區****,,否,,,,,,,
175,陳致中,111年高雄市議員選舉,首次申報,1110927,雜支支出,中華電信股份有限公司,19762247,0.00,5544.00,,,,電信費用,金錢,高雄市新興區****,0800*****,否,,,,,,,
176,陳致中,111年高雄市議員選舉,首次申報,1110927,雜支支出,震翰電腦有限公司,76482739,0.00,12600.00,,,,購置電腦支出費用,金錢,高雄市前鎮區****,0733*****,否,,,,,,,
177,陳致中,111年高雄市議員選舉,首次申報,1110928,雜支支出,上賀水果專賣店,25957108,0.00,1400.00,,,,水果,金錢,高雄市前鎮區****,0772*****,否,,,,,,,
178,陳致中,111年高雄市議員選舉,首次申報,1110928,雜支支出,全球電器行,76724835,0.00,2200.00,,,,無線藍芽喇叭麥克風,金錢,高雄市前鎮區****,0775*****,否,,,,,,,
179,陳致中,111年高雄市議員選舉,首次申報,1110928,宣傳支出,心一企業股份有限公司一企業股份有限公司,89494723,0.00,30702.00,,,,製作競選物品或宣傳廣告費用（瓶裝水）,金錢,高雄市仁武區****,0737*****,否,,,,,,,
180,陳致中,111年高雄市議員選舉,首次申報,1110929,雜支支出,台灣中油,07959765,0.00,900.00,,,,汽機車燃料費用,金錢,高雄市前鎮區****,,否,,,,,,,
181,陳致中,111年高雄市議員選舉,首次申報,1110929,雜支支出,台灣中油,07959815,0.00,2000.00,,,,汽機車燃料費用,金錢,高雄市前鎮區****,,否,,,,,,,
182,陳致中,111年高雄市議員選舉,首次申報,1110929,雜支支出,亞伯工作坊,20455540,0.00,10000.00,,,,蘭花,金錢,高雄市小港區****,0780*****,否,,,,,,,
183,陳致中,111年高雄市議員選舉,首次申報,1110929,宣傳支出,啟永製衣有限公司,70415869,0.00,18510.00,,,,製作競選物品或宣傳廣告費用（團隊背心）,金錢,高雄市三民區****,0738*****,否,,,,,,,
184,陳致中,111年高雄市議員選舉,首次申報,1110930,雜支支出,台灣中油,07959815,0.00,1370.00,,,,汽機車燃料費用,金錢,高雄市前鎮區****,,否,,,,,,,
185,陳致中,111年高雄市議員選舉,首次申報,1110930,雜支支出,台灣中油,16475930,0.00,1000.00,,,,汽機車燃料費用,金錢,高雄市前鎮區****,,否,,,,,,,
186,陳致中,111年高雄市議員選舉,首次申報,1110930,宣傳支出,元承實業有限公司,42787023,0.00,53130.00,,,,製作競選物品或宣傳廣告費用（口罩）,金錢,彰化縣秀水鄉****,0476*****,否,,,,,,,
187,陳致中,111年高雄市議員選舉,首次申報,1111002,集會支出,新湘園食堂,,0.00,6840.00,,,,餐飲費用,金錢,高雄市小港區****,0780*****,否,,,,,,,
188,陳致中,111年高雄市議員選舉,首次申報,1111002,集會支出,全力便當店,10240351,0.00,4200.00,,,,餐飲費用,金錢,高雄市小港區****,0779*****,否,,,,,,,
189,陳致中,111年高雄市議員選舉,首次申報,1111002,集會支出,尚大小吃 店,25726803,0.00,13500.00,,,,餐飲費用,金錢,高雄市鳥松區****,0773*****,否,,,,,,,
190,陳致中,111年高雄市議員選舉,首次申報,1111002,集會支出,佳芳雞腿飯,38661326,0.00,3655.00,,,,餐飲費用,金錢,高雄市小港區****,0779*****,否,,,,,,,
191,陳致中,111年高雄市議員選舉,首次申報,1111002,集會支出,大和拉麵,38737923,0.00,14850.00,,,,餐飲費用,金錢,高雄市小港區****,0780*****,否,,,,,,,
192,陳致中,111年高雄市議員選舉,首次申報,1111002,集會支出,漢民祿小吃店,41298954,0.00,17145.00,,,,餐飲費用,金錢,高雄市小港區****,0780*****,否,,,,,,,
193,陳致中,111年高雄市議員選舉,首次申報,1111002,集會支出,正忠排骨飯排骨飯,53899854,0.00,20375.00,,,,餐飲費用,金錢,高雄市小港區****,0780*****,否,,,,,,,
194,陳致中,111年高雄市議員選舉,首次申報,1111002,集會支出,正忠排骨飯股份有限公司,53899854,0.00,1930.00,,,,餐飲費用,金錢,高雄市小港區****,,否,,,,,,,
195,陳致中,111年高雄市議員選舉,首次申報,1111002,集會支出,泉宏小吃店,81055617,0.00,20000.00,,,,餐飲費用,金錢,高雄市小港區****,0780*****,否,,,,,,,
196,陳致中,111年高雄市議員選舉,首次申報,1111002,集會支出,樂利便當店,82671651,0.00,5775.00,,,,餐飲費用,金錢,高雄市小港區****,0780*****,否,,,,,,,
197,陳致中,111年高雄市議員選舉,首次申報,1111002,集會支出,菜根園自助美食,82703534,0.00,3325.00,,,,餐飲費用,金錢,高雄市小港區****,0779*****,否,,,,,,,
198,陳致中,111年高雄市議員選舉,首次申報,1111002,集會支出,梁社漢排骨飯,88023669,0.00,2832.00,,,,餐飲費用,金錢,高雄市小港區****,0780*****,否,,,,,,,
199,陳致中,111年高雄市議員選舉,首次申報,1111002,集會支出,日十小港店小港店,88067960,0.00,1400.00,,,,餐飲費用,金錢,高雄市小港區****,0780*****,否,,,,,,,
200,陳致中,111年高雄市議員選舉,首次申報,1111002,集會支出,御園便當店,99698438,0.00,3450.00,,,,餐飲費用,金錢,高雄市小港區****,0781*****,否,,,,,,,
201,陳致中,111年高雄市議員選舉,首次申報,1111003,宣傳支出,亞太電信公司,70771579,0.00,15000.00,,,,發送電信簡訊費用,金錢,臺北市南港區****,0255*****,否,,,,,,,
202,陳致中,111年高雄市議員選舉,首次申報,1111004,雜支支出,祥泰企業社,13636814,0.00,2050.00,,,,輓聯,金錢,高雄市新興區****,0728*****,否,,,,,,,
203,陳致中,111年高雄市議員選舉,首次申報,1111005,雜支支出,祥泰企業社,13636814,0.00,3500.00,,,,中堂,金錢,高雄市新興區****,0728*****,否,,,,,,,
204,陳致中,111年高雄市議員選舉,首次申報,1111005,雜支支出,美珍雅花坊,81834988,0.00,3000.00,,,,蘭花,金錢,高雄市苓雅區****,0776*****,否,,,,,,,
205,陳致中,111年高雄市議員選舉,首次申報,1111005,租用宣傳車輛支出,謝富田,B10*******,0.00,24000.00,,,,租用宣傳車輛駕駛費用,金錢,高雄市前鎮區****,0910*****,否,,,,,,,
206,陳致中,111年高雄市議員選舉,首次申報,1111005,租用宣傳車輛支出,陳桂卿,D12*******,0.00,24000.00,,,,租用宣傳車輛駕駛費用,金錢,高雄市鳳山區****,0939*****,否,,,,,,,
207,陳致中,111年高雄市議員選舉,首次申報,1111005,租用宣傳車輛支出,黃建霖,E10*******,0.00,45000.00,,,,租用宣傳車輛駕駛費用,金錢,高雄市三民區****,0938*****,否,,,,,,,
208,陳致中,111年高雄市議員選舉,首次申報,1111005,租用宣傳車輛支出,賴嬿蓉,E22*******,0.00,24000.00,,,,租用宣傳車輛駕駛費用,金錢,高雄市三民區****,0938*****,否,,,,,,,
209,陳致中,111年高雄市議員選舉,首次申報,1111005,租用宣傳車輛支出,張輝宗,S10*******,0.00,24000.00,,,,租用宣傳車輛駕駛費用,金錢,高雄市鳳山區****,0933*****,否,,,,,,,
210,陳致中,111年高雄市議員選舉,首次申報,1111006,雜支支出,台灣電力公司,85836924,0.00,5730.00,,,,水電瓦斯費用,金錢,高雄市鳳山區****,1911*****,否,,,,,,,
211,陳致中,111年高雄市議員選舉,首次申報,1111006,租用競選辦事處支出,呂美麗,R22*******,0.00,30000.00,,,,租用競選辦事處費用,金錢,高雄市前鎮區****,0933*****,否,,,,,,,
212,陳致中,111年高雄市議員選舉,首次申報,1111007,宣傳支出,蔡宏仁,,0.00,6500.00,,,,租用廣告看板或車體廣告費用,金錢,高雄市小港區****,,否,,,,,,,
213,陳致中,111年高雄市議員選舉,首次申報,1111007,宣傳支出,謝政翰,,0.00,10000.00,,,,租用廣告看板或車體廣告費用,金錢,高雄市前鎮區****,0772*****,否,,,,,,,
214,陳致中,111年高雄市議員選舉,首次申報,1111007,宣傳支出,信維股份有限公司,91059789,0.00,20000.00,,,,租用廣告看板或車體廣告費用,金錢,高雄市前鎮區****,0933*****,否,,,,,,,
215,陳致中,111年高雄市議員選舉,首次申報,1111007,宣傳支出,李翊誠,E12*******,0.00,18000.00,,,,租用廣告看板或車體廣告費用,金錢,高雄市小港區****,0963*****,否,,,,,,,
216,陳致中,111年高雄市議員選舉,首次申報,1111007,宣傳支出,蔡統州,P10*******,0.00,13000.00,,,,租用廣告看板或車體廣告費用,金錢,高雄市前鎮區****,0733*****,否,,,,,,,
217,陳致中,111年高雄市議員選舉,首次申報,1111007,宣傳支出,施明星,Q10*******,0.00,10000.00,,,,租用廣告看板或車體廣告費用,金錢,高雄市小港區****,0931*****,否,,,,,,,
218,陳致中,111年高雄市議員選舉,首次申報,1111007,宣傳支出,吳葉美雲,R22*******,0.00,12000.00,,,,租用廣告看板或車體廣告費用,金錢,高雄市小港區****,0779*****,否,,,,,,,
219,陳致中,111年高雄市議員選舉,首次申報,1111007,宣傳支出,劉美鈴,S22*******,0.00,12000.00,,,,租用廣告看板或車體廣告費用,金錢,高雄市小港區****,0936*****,否,,,,,,,
220,陳致中,111年高雄市議員選舉,首次申報,1111007,宣傳支出,蔡宗昱,T12*******,0.00,17000.00,,,,租用廣告看板或車體廣告費用,金錢,高雄市前鎮區****,0913*****,否,,,,,,,
221,陳致中,111年高雄市議員選舉,首次申報,1111008,雜支支出,美珍雅花坊,81834988,0.00,3500.00,,,,蘭花+高架花,金錢,高雄市苓雅區****,0776*****,否,,,,,,,
222,陳致中,111年高雄市議員選舉,首次申報,1111011,雜支支出,亞伯工作坊,20455540,0.00,16000.00,,,,蘭花,金錢,高雄市小港區****,0780*****,否,,,,,,,
223,陳致中,111年高雄市議員選舉,首次申報,1111011,雜支支出,誠耘室內裝修工程,85497699,0.00,5000.00,,,,雜項購置或修繕費用,金錢,高雄市鳳山區****,0921*****,否,,,,,,,
224,陳致中,111年高雄市議員選舉,首次申報,1111012,雜支支出,澄果實業行,26481566,0.00,1200.00,,,,水果禮盒,金錢,高雄市小港區****,0780*****,否,,,,,,,
225,陳致中,111年高雄市議員選舉,首次申報,1111012,宣傳支出,啟永製衣有限公司,70415869,0.00,19400.00,,,,製作競選物品或宣傳廣告費用（團隊背心）,金錢,高雄市三民區****,0738*****,否,,,,,,,
226,陳致中,111年高雄市議員選舉,首次申報,1111013,宣傳支出,中華郵政,,0.00,784.00,,,,郵寄競選物品或宣傳廣告費用,金錢,高雄市前鎮區****,0777*****,否,,,,,,,
227,陳致中,111年高雄市議員選舉,首次申報,1111013,租用宣傳車輛支出,謝富田,B10*******,0.00,24000.00,,,,租用宣傳車輛駕駛費用,金錢,高雄市前鎮區****,0910*****,否,,,,,,,
228,陳致中,111年高雄市議員選舉,首次申報,1111013,租用宣傳車輛支出,陳桂卿,D12*******,0.00,24000.00,,,,租用宣傳車輛駕駛費用,金錢,高雄市鳳山區****,0939*****,否,,,,,,,
229,陳致中,111年高雄市議員選舉,首次申報,1111013,租用宣傳車輛支出,黃建霖,E10*******,0.00,45000.00,,,,租用宣傳車輛駕駛費用,金錢,高雄市三民區****,0938*****,否,,,,,,,
230,陳致中,111年高雄市議員選舉,首次申報,1111013,租用宣傳車輛支出,賴嬿蓉,E22*******,0.00,24000.00,,,,租用宣傳車輛駕駛費用,金錢,高雄市三民區****,0938*****,否,,,,,,,
231,陳致中,111年高雄市議員選舉,首次申報,1111013,租用宣傳車輛支出,張輝宗,S10*******,0.00,24000.00,,,,租用宣傳車輛駕駛費用,金錢,高雄市鳳山區****,0933*****,否,,,,,,,
232,陳致中,111年高雄市議員選舉,首次申報,1111014,雜支支出,震翰電腦有限公司,76482739,0.00,1838.00,,,,墨水,金錢,高雄市前鎮區****,0733*****,否,,,,,,,
233,陳致中,111年高雄市議員選舉,首次申報,1111015,雜支支出,寶康生活館有限公司,50942168,0.00,1184.00,,,,日用品,金錢,高雄市前鎮區****,0772*****,否,,,,,,,
234,陳致中,111年高雄市議員選舉,首次申報,1111016,雜支支出,裕發實業行,,0.00,4000.00,,,,場地布置,金錢,高雄市林園區****,0935*****,否,,,,,,,
235,陳致中,111年高雄市議員選舉,首次申報,1111017,雜支支出,崧銘企業社,08921731,0.00,1200.00,,,,影印機保養,金錢,高雄市苓雅區****,0753*****,否,,,,,,,
236,陳致中,111年高雄市議員選舉,首次申報,1111017,雜支支出,震翰電腦有限公司,76482739,0.00,1300.00,,,,影印紙,金錢,高雄市前鎮區****,0733*****,否,,,,,,,
237,陳致中,111年高雄市議員選舉,首次申報,1111017,宣傳支出,興華唱片行,81098783,0.00,1250.00,,,,播放、傳送或刊登宣傳廣告費用,金錢,高雄市前鎮區****,0777*****,否,,,,,,,
238,陳致中,111年高雄市議員選舉,首次申報,1111018,雜支支出,上賀水果專賣店,25957108,0.00,1720.00,,,,水果禮盒,金錢,高雄市前鎮區****,0772*****,否,,,,,,,
239,陳致中,111年高雄市議員選舉,首次申報,1111018,雜支支出,寶康活館有限公司,50942168,0.00,913.00,,,,清潔用品,金錢,高雄市前鎮區****,0772*****,否,,,,,,,
240,陳致中,111年高雄市議員選舉,首次申報,1111018,租用競選辦事處支出,謝福清,S10*******,0.00,18000.00,,,,租用競選辦事處費用,金錢,高雄市前鎮區****,0920*****,否,,,,,,,
241,陳致中,111年高雄市議員選舉,首次申報,1111019,宣傳支出,中華郵政,,0.00,460.00,,,,郵寄競選物品或宣傳廣告費用,金錢,高雄市前鎮區****,0777*****,否,,,,,,,
242,陳致中,111年高雄市議員選舉,首次申報,1111019,雜支支出,美珍雅花坊,81834988,0.00,3500.00,,,,蘭花+高架花,金錢,高雄市苓雅區****,0776*****,否,,,,,,,
243,陳致中,111年高雄市議員選舉,首次申報,1111020,雜支支出,翰欣企業行,07988190,0.00,1200.00,,,,遙控器,金錢,高雄市小港區****,0780*****,否,,,,,,,
244,陳致中,111年高雄市議員選舉,首次申報,1111020,雜支支出,震翰電腦有限公司,76482739,0.00,14500.00,,,,雜項購置或修繕費用(電腦),金錢,高雄市前鎮區****,0733*****,否,,,,,,,
245,陳致中,111年高雄市議員選舉,首次申報,1111020,雜支支出,美珍雅花坊,81834988,0.00,2000.00,,,,蘭花,金錢,高雄市苓雅區****,0776*****,否,,,,,,,
246,陳致中,111年高雄市議員選舉,首次申報,1111021,宣傳支出,興華唱片行,81098783,0.00,2350.00,,,,製作競選物品或宣傳廣告費用（物品名稱-請填寫）,金錢,高雄市前鎮區****,0777*****,否,,,,,,,
247,陳致中,111年高雄市議員選舉,首次申報,1111021,租用宣傳車輛支出,黃定國,T12*******,0.00,4000.00,,,,租用宣傳車輛駕駛費用,金錢,屏東縣佳冬鄉****,0915*****,否,,,,,,,
248,陳致中,111年高雄市議員選舉,首次申報,1111022,租用宣傳車輛支出,謝富田,B10*******,0.00,24000.00,,,,租用宣傳車輛駕駛費用,金錢,高雄市前鎮區****,0910*****,否,,,,,,,
249,陳致中,111年高雄市議員選舉,首次申報,1111022,租用宣傳車輛支出,陳桂卿,D12*******,0.00,24000.00,,,,租用宣傳車輛駕駛費用,金錢,高雄市鳳山區****,0939*****,否,,,,,,,
250,陳致中,111年高雄市議員選舉,首次申報,1111022,租用宣傳車輛支出,黃建霖,E10*******,0.00,45000.00,,,,雇用宣傳車輛駕駛費用,金錢,高雄市三民區****,0938*****,否,,,,,,,
251,陳致中,111年高雄市議員選舉,首次申報,1111022,租用宣傳車輛支出,賴嬿蓉,E22*******,0.00,24000.00,,,,租用宣傳車輛駕駛費用,金錢,高雄市三民區****,0938*****,否,,,,,,,
252,陳致中,111年高雄市議員選舉,首次申報,1111022,租用宣傳車輛支出,張輝宗,S10*******,0.00,24000.00,,,,租用宣傳車輛駕駛費用,金錢,高雄市鳳山區****,0933*****,否,,,,,,,
253,陳致中,111年高雄市議員選舉,首次申報,1111023,雜支支出,裕發實業行,,0.00,5000.00,,,,布帆,金錢,高雄市林園區****,0935*****,否,,,,,,,
254,陳致中,111年高雄市議員選舉,首次申報,1111026,雜支支出,中華電信股份有限公司,19762247,0.00,6429.00,,,,電信費用,金錢,高雄市新興區****,0800*****,否,,,,,,,
255,陳致中,111年高雄市議員選舉,首次申報,1111026,集會支出,方師傅食品有限公司,27699351,0.00,45000.00,,,,餐飲費用,金錢,高雄市前鎮區****,0771*****,否,,,,,,,
256,陳致中,111年高雄市議員選舉,首次申報,1111026,宣傳支出,亞太電信公司,70771579,0.00,15000.00,,,,發送電信簡訊費用,金錢,臺北市內湖區****,0255*****,否,,,,,,,
257,陳致中,111年高雄市議員選舉,首次申報,1111027,雜支支出,上玄商行,10285764,0.00,8400.00,,,,相框,金錢,高雄市苓雅區****,0775*****,否,,,,,,,
258,陳致中,111年高雄市議員選舉,首次申報,1111027,宣傳支出,芮達視覺設計,81005976,0.00,614765.00,,,,印刷割字帖紙原子筆一批,金錢,高雄市新興區****,0722*****,否,,,,,,,
259,陳致中,111年高雄市議員選舉,首次申報,1111028,雜支支出,美珍雅花坊,81834988,0.00,5000.00,,,,盆栽,金錢,高雄市苓雅區****,0776*****,否,,,,,,,
260,陳致中,111年高雄市議員選舉,首次申報,1111030,集會支出,雨利自助美食,,0.00,1080.00,,,,餐飲費用,金錢,高雄市前鎮區****,0784*****,否,,,,,,,
261,陳致中,111年高雄市議員選舉,首次申報,1111030,集會支出,阿明肉燥飯店,07968504,0.00,9900.00,,,,餐飲費用,金錢,高雄市前鎮區****,0772*****,否,,,,,,,
262,陳致中,111年高雄市議員選舉,首次申報,1111030,集會支出,欣佳自助餐,07968820,0.00,2080.00,,,,餐飲費用,金錢,高雄市前鎮區****,0782*****,否,,,,,,,
263,陳致中,111年高雄市議員選舉,首次申報,1111030,集會支出,全力便當店,10240351,0.00,3240.00,,,,餐飲費用,金錢,高雄市小港區****,0779*****,否,,,,,,,
264,陳致中,111年高雄市議員選舉,首次申報,1111030,集會支出,品欣小吃店,10241513,0.00,2400.00,,,,餐飲費用,金錢,高雄市小港區****,0780*****,否,,,,,,,
265,陳致中,111年高雄市議員選舉,首次申報,1111030,集會支出,五甲劉江便當,10737578,0.00,4510.00,,,,餐飲費用,金錢,高雄市鳳山區****,0783*****,否,,,,,,,
266,陳致中,111年高雄市議員選舉,首次申報,1111030,集會支出,世界聯合觀光巴士有限公司,16451114,0.00,236775.00,,,,租用車輛,金錢,高雄市三民區****,0739*****,否,,,,,,,
267,陳致中,111年高雄市議員選舉,首次申報,1111030,集會支出,霆園麵食店,21359448,0.00,3920.00,,,,餐飲費用,金錢,高雄市前鎮區****,0733*****,否,,,,,,,
268,陳致中,111年高雄市議員選舉,首次申報,1111030,雜支支出,東伸塑膠有限公司,22846235,0.00,32000.00,,,,雨衣,金錢,高雄市仁武區****,0737*****,否,,,,,,,
269,陳致中,111年高雄市議員選舉,首次申報,1111030,集會支出,尚大小吃店,25726803,0.00,3520.00,,,,餐飲費用,金錢,高雄市鳥松區****,0773*****,否,,,,,,,
270,陳致中,111年高雄市議員選舉,首次申報,1111030,集會支出,尚大小吃店,25726803,0.00,3600.00,,,,餐飲費用,金錢,高雄市鳥松區****,0773*****,否,,,,,,,
271,陳致中,111年高雄市議員選舉,首次申報,1111030,集會支出,信惠小吃店,26073935,0.00,2850.00,,,,餐飲費用,金錢,高雄市前鎮區****,0776*****,否,,,,,,,
272,陳致中,111年高雄市議員選舉,首次申報,1111030,集會支出,御之香飯包,36921867,0.00,4500.00,,,,餐飲費用,金錢,高雄市前金區****,0728*****,否,,,,,,,
273,陳致中,111年高雄市議員選舉,首次申報,1111030,集會支出,大統排骨飯,36973294,0.00,6175.00,,,,餐飲費用,金錢,高雄市前鎮區****,0771*****,否,,,,,,,
274,陳致中,111年高雄市議員選舉,首次申報,1111030,集會支出,大統排骨飯,36973294,0.00,14890.00,,,,餐飲費用,金錢,高雄市前鎮區****,0771*****,否,,,,,,,
275,陳致中,111年高雄市議員選舉,首次申報,1111030,集會支出,漢民祿小吃店,41298954,0.00,3690.00,,,,餐飲費用,金錢,高雄市小港區****,0780*****,否,,,,,,,
276,陳致中,111年高雄市議員選舉,首次申報,1111030,集會支出,盛家山自助餐,41331264,0.00,8550.00,,,,餐飲費用,金錢,高雄市前鎮區****,0771*****,否,,,,,,,
277,陳致中,111年高雄市議員選舉,首次申報,1111030,交通旅運支出,寶康活館有限公司,50942168,0.00,1500.00,,,,輕便雨衣,金錢,高雄市前鎮區****,0772*****,否,,,,,,,
278,陳致中,111年高雄市議員選舉,首次申報,1111030,集會支出,正忠排骨飯,53899854,0.00,4590.00,,,,餐飲費用,金錢,高雄市前鎮區****,0777*****,否,,,,,,,
279,陳致中,111年高雄市議員選舉,首次申報,1111030,集會支出,正忠排骨飯,53899854,0.00,2295.00,,,,餐飲費用,金錢,高雄市前鎮區****,0777*****,否,,,,,,,
280,陳致中,111年高雄市議員選舉,首次申報,1111030,集會支出,正忠排骨飯,54192791,0.00,12755.00,,,,餐飲費用,金錢,高雄市新興區****,0725*****,否,,,,,,,
281,陳致中,111年高雄市議員選舉,首次申報,1111030,雜支支出,台灣百達租賃有限公司,54612246,0.00,3675.00,,,,車資,金錢,高雄市前鎮區****,0780*****,否,,,,,,,
282,陳致中,111年高雄市議員選舉,首次申報,1111030,集會支出,郁品食堂,57930075,0.00,3300.00,,,,餐飲費用,金錢,高雄市前鎮區****,0733*****,否,,,,,,,
283,陳致中,111年高雄市議員選舉,首次申報,1111030,集會支出,豪記木村中日式料理小吃店,57962245,0.00,3600.00,,,,餐飲費用,金錢,高雄市前鎮區****,0781*****,否,,,,,,,
284,陳致中,111年高雄市議員選舉,首次申報,1111030,集會支出,全賓中式快餐便當,69899140,0.00,2700.00,,,,餐飲費用,金錢,高雄市三民區****,0732*****,否,,,,,,,
285,陳致中,111年高雄市議員選舉,首次申報,1111030,集會支出,龍師父港式中式便當,80867378,0.00,3150.00,,,,餐飲費用,金錢,高雄市前鎮區****,0782*****,否,,,,,,,
286,陳致中,111年高雄市議員選舉,首次申報,1111030,集會支出,立馬來食坊,81030362,0.00,4250.00,,,,餐飲費用,金錢,高雄市苓雅區****,0733*****,否,,,,,,,
287,陳致中,111年高雄市議員選舉,首次申報,1111030,集會支出,泉宏小吃店,81055617,0.00,16800.00,,,,餐飲費用,金錢,高雄市小港區****,0780*****,否,,,,,,,
288,陳致中,111年高雄市議員選舉,首次申報,1111030,集會支出,存澤行,81192324,0.00,3060.00,,,,餐飲費用,金錢,高雄市鳳山區****,0781*****,否,,,,,,,
289,陳致中,111年高雄市議員選舉,首次申報,1111030,集會支出,樂利便當店,82671651,0.00,4000.00,,,,餐飲費用,金錢,高雄市小港區****,0780*****,否,,,,,,,
290,陳致中,111年高雄市議員選舉,首次申報,1111030,集會支出,大支雞販腿,82685521,0.00,4600.00,,,,餐飲費用,金錢,高雄市前鎮區****,0775*****,否,,,,,,,
291,陳致中,111年高雄市議員選舉,首次申報,1111030,集會支出,錦堂鐵路便當,82685557,0.00,8220.00,,,,餐飲費用,金錢,高雄市前鎮區****,0772*****,否,,,,,,,
292,陳致中,111年高雄市議員選舉,首次申報,1111030,集會支出,小港鴨庄,85453355,0.00,2480.00,,,,餐飲費用,金錢,高雄市小港區****,0780*****,否,,,,,,,
293,陳致中,111年高雄市議員選舉,首次申報,1111030,集會支出,梁社漢排骨飯,88023669,0.00,1300.00,,,,餐飲費用,金錢,高雄市小港區****,0780*****,否,,,,,,,
294,陳致中,111年高雄市議員選舉,首次申報,1111030,集會支出,廣龍自助美食百匯,91514823,0.00,30375.00,,,,餐飲費用,金錢,高雄市前鎮區****,0781*****,否,,,,,,,
295,陳致中,111年高雄市議員選舉,首次申報,1111030,集會支出,新圓山美食館,99133994,0.00,8000.00,,,,餐飲費用,金錢,高雄市鳳山區****,0782*****,否,,,,,,,
296,陳致中,111年高雄市議員選舉,首次申報,1111030,集會支出,永大健康美食館,99696918,0.00,3500.00,,,,餐飲費用,金錢,高雄市苓雅區****,0733*****,否,,,,,,,
297,陳致中,111年高雄市議員選舉,首次申報,1111030,集會支出,品隆燒肉飯館,99734357,0.00,12420.00,,,,餐飲費用,金錢,高雄市前鎮區****,0772*****,否,,,,,,,
298,陳致中,111年高雄市議員選舉,首次申報,1111031,雜支支出,趨勢民意調查股份有限公司,53121236,0.00,144000.00,,,,調查服務,金錢,臺北市信義區****,0227*****,否,,,,,,,
299,陳致中,111年高雄市議員選舉,首次申報,1111031,宣傳支出,亞太電信公司,70771579,0.00,15000.00,,,,發送電信簡訊費用,金錢,臺北市內湖區****,0255*****,否,,,,,,,
300,陳致中,111年高雄市議員選舉,首次申報,1111031,宣傳支出,心一企業股份有限公司,89494723,0.00,44982.00,,,,製作競選物品或宣傳廣告費用（瓶裝水）,金錢,高雄市仁武區****,0737*****,否,,,,,,,
301,陳致中,111年高雄市議員選舉,首次申報,1111101,雜支支出,台灣中油,07959815,0.00,900.00,,,,汽機車燃料費用,金錢,高雄市前鎮區****,,否,,,,,,,
302,陳致中,111年高雄市議員選舉,首次申報,1111101,租用宣傳車輛支出,立豐旅行社有限公司,59163866,0.00,55000.00,,,,租用車輛,金錢,高雄市小港區****,0780*****,否,,,,,,,
303,陳致中,111年高雄市議員選舉,首次申報,1111101,租用宣傳車輛支出,謝富田,B10*******,0.00,24000.00,,,,租用宣傳車輛駕駛費用,金錢,高雄市前鎮區****,0910*****,否,,,,,,,
304,陳致中,111年高雄市議員選舉,首次申報,1111101,租用宣傳車輛支出,陳桂卿,D12*******,0.00,24000.00,,,,租用宣傳車輛駕駛費用,金錢,高雄市鳳山區****,0939*****,否,,,,,,,
305,陳致中,111年高雄市議員選舉,首次申報,1111101,租用宣傳車輛支出,黃建霖,E10*******,0.00,45000.00,,,,租用宣傳車輛駕駛費用,金錢,高雄市三民區****,0938*****,否,,,,,,,
306,陳致中,111年高雄市議員選舉,首次申報,1111101,租用宣傳車輛支出,賴嬿蓉,E22*******,0.00,24000.00,,,,租用宣傳車輛駕駛費用,金錢,高雄市三民區****,0938*****,否,,,,,,,
307,陳致中,111年高雄市議員選舉,首次申報,1111101,宣傳支出,葉泯妡,E22*******,0.00,8000.00,,,,租用廣告看板或車體廣告費用,金錢,高雄市前鎮區****,0920*****,否,,,,,,,
308,陳致中,111年高雄市議員選舉,首次申報,1111101,租用宣傳車輛支出,張輝宗,S10*******,0.00,24000.00,,,,租用宣傳車輛駕駛費用,金錢,高雄市鳳山區****,0933*****,否,,,,,,,
309,陳致中,111年高雄市議員選舉,首次申報,1111102,雜支支出,台灣中油,19917072,0.00,850.00,,,,汽機車燃料費用,金錢,高雄市小港區****,,否,,,,,,,
310,陳致中,111年高雄市議員選舉,首次申報,1111102,雜支支出,佳昌國際開發有限公司,24982185,0.00,50050.00,,,,雜項購置或修繕費用,金錢,高雄市左新庄****,0734*****,否,,,,,,,
311,陳致中,111年高雄市議員選舉,首次申報,1111102,集會支出,泉宏小吃店,81055617,0.00,1080.00,,,,餐飲費用,金錢,高雄市小港區****,0780*****,否,,,,,,,
312,陳致中,111年高雄市議員選舉,首次申報,1111102,宣傳支出,興華唱片行,81098783,0.00,4250.00,,,,播放、傳送或刊登宣傳廣告費用,金錢,高雄市前鎮區****,0777*****,否,,,,,,,
313,陳致中,111年高雄市議員選舉,首次申報,1111102,雜支支出,台亞石油,81106812,0.00,1001.00,,,,汽機車燃料費用,金錢,高雄市鳳山區****,,否,,,,,,,
314,陳致中,111年高雄市議員選舉,首次申報,1111102,雜支支出,台灣中油,81140749,0.00,1000.00,,,,汽機車燃料費用,金錢,高雄市前鎮區****,,否,,,,,,,
315,陳致中,111年高雄市議員選舉,首次申報,1111103,雜支支出,台灣中油,06932542,0.00,1000.00,,,,汽機車燃料費用,金錢,高雄市左營區****,,否,,,,,,,
316,陳致中,111年高雄市議員選舉,首次申報,1111103,雜支支出,台灣中油股份有限公司,07959765,0.00,900.00,,,,汽機車燃料費用,金錢,高雄市前鎮區****,,否,,,,,,,
317,陳致中,111年高雄市議員選舉,首次申報,1111103,宣傳支出,芮達視覺設計,81005976,0.00,1220015.00,,,,帆布輸出+拆+掛,金錢,高雄市新興區****,0722*****,否,,,,,,,
318,陳致中,111年高雄市議員選舉,首次申報,1111103,集會支出,梁社漢排骨飯,88023669,0.00,3895.00,,,,餐飲費用,金錢,高雄市小港區****,0780*****,否,,,,,,,
319,陳致中,111年高雄市議員選舉,首次申報,1111104,雜支支出,台灣中油,07959815,0.00,900.00,,,,汽機車燃料費用,金錢,高雄市前鎮區****,,否,,,,,,,
320,陳致中,111年高雄市議員選舉,首次申報,1111104,雜支支出,台灣中油,19917072,0.00,2300.00,,,,汽機車燃料費用,金錢,高雄市小港區****,,否,,,,,,,
321,陳致中,111年高雄市議員選舉,首次申報,1111105,雜支支出,台灣中油,07959765,0.00,900.00,,,,汽機車燃料費用,金錢,高雄市前鎮區****,,否,,,,,,,
322,陳致中,111年高雄市議員選舉,首次申報,1111105,雜支支出,祥泰企業社,13636814,0.00,2580.00,,,,輓聯,金錢,高雄市新興區****,0728*****,否,,,,,,,
323,陳致中,111年高雄市議員選舉,首次申報,1111105,雜支支出,台亞石油,81106812,0.00,1002.00,,,,汽機車燃料費用,金錢,高雄市鳳山區****,,否,,,,,,,
324,陳致中,111年高雄市議員選舉,首次申報,1111106,雜支支出,台灣中油,07959765,0.00,900.00,,,,汽機車燃料費用,金錢,高雄市前鎮區****,,否,,,,,,,
325,陳致中,111年高雄市議員選舉,首次申報,1111106,集會支出,新藝城企業社,17847179,0.00,15000.00,,,,租用設備費用,金錢,高雄市楠梓區****,0735*****,否,,,,,,,
326,陳致中,111年高雄市議員選舉,首次申報,1111106,雜支支出,台灣中油,19917072,0.00,2932.00,,,,汽機車燃料費用,金錢,高雄市小港區****,,否,,,,,,,
327,陳致中,111年高雄市議員選舉,首次申報,1111106,集會支出,方師傅食品有限公司,27699351,0.00,50550.00,,,,餐飲費用,金錢,高雄市前鎮區****,0771*****,否,,,,,,,
328,陳致中,111年高雄市議員選舉,首次申報,1111106,雜支支出,迷客夏,38726088,0.00,894.00,,,,餐飲費用,金錢,高雄市小港區****,07-8*****,否,,,,,,,
329,陳致中,111年高雄市議員選舉,首次申報,1111106,集會支出,正忠排骨飯,53899854,0.00,11135.00,,,,餐飲費用,金錢,高雄市小港區****,0780*****,否,,,,,,,
330,陳致中,111年高雄市議員選舉,首次申報,1111106,集會支出,農村割稻飯便當店,85546024,0.00,2790.00,,,,餐飲費用,金錢,高雄市小港區****,0909*****,否,,,,,,,
331,陳致中,111年高雄市議員選舉,首次申報,1111106,集會支出,梁社漢排骨飯,88023669,0.00,6175.00,,,,餐飲費用,金錢,高雄市小港區****,0780*****,否,,,,,,,
332,陳致中,111年高雄市議員選舉,首次申報,1111107,宣傳支出,謝政翰,,0.00,10000.00,,,,租用廣告看板或車體廣告費用,金錢,高雄市前鎮區****,0772*****,否,,,,,,,
333,陳致中,111年高雄市議員選舉,首次申報,1111107,宣傳支出,竣宥多媒體企業社,10290210,0.00,10000.00,,,,廣告行銷,金錢,高雄市大寮區****,0774*****,否,,,,,,,
334,陳致中,111年高雄市議員選舉,首次申報,1111107,集會支出,永大藝術企業社,38710115,0.00,219700.00,,,,租用設備費用,金錢,高雄市彌陀區****,0983*****,否,,,,,,,
335,陳致中,111年高雄市議員選舉,首次申報,1111107,宣傳支出,港都廣播電台股份有限公司,89280861,0.00,50000.00,,,,播放、傳送或刊登宣傳廣告費用,金錢,高雄市三民區****,0739*****,否,,,,,,,
336,陳致中,111年高雄市議員選舉,首次申報,1111107,宣傳支出,信維股份有限公司,91059789,0.00,20000.00,,,,租用廣告看板或車體廣告費用,金錢,高雄市前鎮區****,0933*****,否,,,,,,,
337,陳致中,111年高雄市議員選舉,首次申報,1111107,宣傳支出,蔡統州,P10*******,0.00,13000.00,,,,租用廣告看板或車體廣告費用,金錢,高雄市前鎮區****,0733*****,否,,,,,,,
338,陳致中,111年高雄市議員選舉,首次申報,1111107,宣傳支出,施明星,Q10*******,0.00,10000.00,,,,租用廣告看板或車體廣告費用,金錢,高雄市小港區****,0931*****,否,,,,,,,
339,陳致中,111年高雄市議員選舉,首次申報,1111107,租用競選辦事處支出,呂美麗,R22*******,0.00,30000.00,,,,租用競選辦事處費用,金錢,高雄市前鎮區****,0933*****,否,,,,,,,
340,陳致中,111年高雄市議員選舉,首次申報,1111107,宣傳支出,吳葉美雲,R22*******,0.00,12000.00,,,,租用廣告看板或車體廣告費用,金錢,高雄市小港區****,0779*****,否,,,,,,,
341,陳致中,111年高雄市議員選舉,首次申報,1111107,宣傳支出,劉美鈴,S22*******,0.00,12000.00,,,,租用廣告看板或車體廣告費用,金錢,高雄市小港區****,0936*****,否,,,,,,,
342,陳致中,111年高雄市議員選舉,首次申報,1111107,宣傳支出,蔡宗昱,T12*******,0.00,17000.00,,,,租用廣告看板或車體廣告費用,金錢,高雄市前鎮區****,0913*****,否,,,,,,,
343,陳致中,111年高雄市議員選舉,首次申報,1111107,租用競選辦事處支出,鄔麗玉,T22*******,0.00,8000.00,,,,租用競選辦事處費用,金錢,高雄市小港區****,0916*****,否,,,,,,,
344,陳致中,111年高雄市議員選舉,首次申報,1111108,宣傳支出,金慶商號,06994997,0.00,49400.00,,,,製作競選物品或宣傳廣告費用（瓶裝水）,金錢,高雄市鼓山區****,,否,,,,,,,
345,陳致中,111年高雄市議員選舉,首次申報,1111108,雜支支出,台灣中油,07959765,0.00,900.00,,,,汽機車燃料費用,金錢,高雄市前鎮區****,,否,,,,,,,
346,陳致中,111年高雄市議員選舉,首次申報,1111108,雜支支出,台灣中油,07959765,0.00,900.00,,,,汽機車燃料費用,金錢,高雄市前鎮區****,,否,,,,,,,
347,陳致中,111年高雄市議員選舉,首次申報,1111108,雜支支出,加多廣告派報工作室,09095908,0.00,39600.00,,,,派報,金錢,臺南市東區崇****,0628*****,否,,,,,,,
348,陳致中,111年高雄市議員選舉,首次申報,1111108,雜支支出,台灣中油,19917072,0.00,1730.00,,,,汽機車燃料費用,金錢,高雄市小港區****,,否,,,,,,,
349,陳致中,111年高雄市議員選舉,首次申報,1111109,雜支支出,太子狸水果行,18450392,0.00,1200.00,,,,水果禮盒,金錢,高雄市苓雅區****,0780*****,否,,,,,,,
350,陳致中,111年高雄市議員選舉,首次申報,1111110,宣傳支出,中華郵政,,0.00,1260.00,,,,郵寄競選物品或宣傳廣告費用,金錢,高雄市前鎮區****,0777*****,否,,,,,,,
351,陳致中,111年高雄市議員選舉,首次申報,1111110,雜支支出,台灣中油,07959765,0.00,3780.00,,,,汽機車燃料費用,金錢,高雄市前鎮區****,,否,,,,,,,
352,陳致中,111年高雄市議員選舉,首次申報,1111110,雜支支出,台灣中油,19917072,0.00,900.00,,,,汽機車燃料費用,金錢,高雄市小港區****,,否,,,,,,,
353,陳致中,111年高雄市議員選舉,首次申報,1111110,雜支支出,台灣盛前運輸股份有限公司,49727628,0.00,2976.00,,,,運費,金錢,彰化縣大村鄉****,0485*****,否,,,,,,,
354,陳致中,111年高雄市議員選舉,首次申報,1111110,雜支支出,趨勢民意調查股份有限公司,53121236,0.00,154000.00,,,,調查服務,金錢,臺北市信義區****,0227*****,否,,,,,,,
355,陳致中,111年高雄市議員選舉,首次申報,1111110,雜支支出,震翰電腦有限公司,76482739,0.00,1890.00,,,,雜項購置或修繕費用,金錢,高雄市前鎮區****,0733*****,否,,,,,,,
356,陳致中,111年高雄市議員選舉,首次申報,1111111,宣傳支出,蔡宏仁,,0.00,6500.00,,,,租用廣告看板或車體廣告費用,金錢,高雄市小港區****,0920*****,否,,,,,,,
357,陳致中,111年高雄市議員選舉,首次申報,1111111,宣傳支出,中華郵政,,0.00,512.00,,,,郵寄競選物品或宣傳廣告費用,金錢,高雄市前鎮區****,(07)*****,否,,,,,,,
358,陳致中,111年高雄市議員選舉,首次申報,1111111,集會支出,裕發實業行,,0.00,18000.00,,,,場地佈置,金錢,高雄市林園區****,0935*****,否,,,,,,,
359,陳致中,111年高雄市議員選舉,首次申報,1111111,雜支支出,上玄商行,10285764,0.00,7200.00,,,,相框,金錢,高雄市苓雅區****,0775*****,否,,,,,,,
360,陳致中,111年高雄市議員選舉,首次申報,1111111,雜支支出,台亞石油,81106812,0.00,1000.00,,,,汽機車燃料費用,金錢,高雄市鳳山區****,,否,,,,,,,
361,陳致中,111年高雄市議員選舉,首次申報,1111111,宣傳支出,李翊誠,E12*******,0.00,18000.00,,,,租用廣告看板或車體廣告費用,金錢,高雄市小港區****,0963*****,否,,,,,,,
362,陳致中,111年高雄市議員選舉,首次申報,1111112,雜支支出,台灣中油,19917072,0.00,800.00,,,,汽機車燃料費用,金錢,高雄市小港區****,,否,,,,,,,
363,陳致中,111年高雄市議員選舉,首次申報,1111113,雜支支出,台灣中油,07959765,0.00,1800.00,,,,汽機車燃料費用,金錢,高雄市前鎮區****,,否,,,,,,,
364,陳致中,111年高雄市議員選舉,首次申報,1111113,集會支出,梁社漢排骨飯,88023669,0.00,1100.00,,,,餐飲費用,金錢,高雄市小港區****,0780*****,否,,,,,,,
365,陳致中,111年高雄市議員選舉,首次申報,1111114,雜支支出,台灣中油,07959765,0.00,1370.00,,,,汽機車燃料費用,金錢,高雄市前鎮區****,,否,,,,,,,
366,陳致中,111年高雄市議員選舉,首次申報,1111114,宣傳支出,元承實業有限公司,42787023,0.00,216111.00,,,,製作競選物品或宣傳廣告費用（口罩）,金錢,彰化縣鶴鳴村****,0476*****,否,,,,,,,
367,陳致中,111年高雄市議員選舉,首次申報,1111114,宣傳支出,元承實業有限公司,42787023,0.00,111023.00,,,,製作競選物品或宣傳廣告費用（口罩）,金錢,彰化縣秀水鄉****,0476*****,否,,,,,,,
368,陳致中,111年高雄市議員選舉,首次申報,1111114,雜支支出,台灣中油,81140749,0.00,1000.00,,,,汽機車燃料費用,金錢,高雄市前鎮區****,,否,,,,,,,
369,陳致中,111年高雄市議員選舉,首次申報,1111114,雜支支出,台灣中油,88036600,0.00,1000.00,,,,汽機車燃料費用,金錢,高雄市岡山區****,,否,,,,,,,
370,陳致中,111年高雄市議員選舉,首次申報,1111114,租用宣傳車輛支出,謝富田,B10*******,0.00,24000.00,,,,租用宣傳車輛駕駛費用,金錢,高雄市前鎮區****,0910*****,否,,,,,,,
371,陳致中,111年高雄市議員選舉,首次申報,1111114,租用宣傳車輛支出,陳桂卿,D12*******,0.00,24000.00,,,,租用宣傳車輛駕駛費用,金錢,高雄市鳳山區****,0939*****,否,,,,,,,
372,陳致中,111年高雄市議員選舉,首次申報,1111114,租用宣傳車輛支出,黃建霖,E10*******,0.00,45000.00,,,,租用宣傳車輛駕駛費用,金錢,高雄市三民區****,0938*****,否,,,,,,,
373,陳致中,111年高雄市議員選舉,首次申報,1111114,租用宣傳車輛支出,賴嬿蓉,E22*******,0.00,24000.00,,,,租用宣傳車輛駕駛費用,金錢,高雄市三民區****,0938*****,否,,,,,,,
374,陳致中,111年高雄市議員選舉,首次申報,1111114,租用宣傳車輛支出,張輝宗,S10*******,0.00,24000.00,,,,租用宣傳車輛駕駛費用,金錢,高雄市鳳山區****,0933*****,否,,,,,,,
375,陳致中,111年高雄市議員選舉,首次申報,1111115,宣傳支出,中華郵政,,0.00,672.00,,,,郵寄競選物品或宣傳廣告費用,金錢,高雄市前鎮區****,0777*****,否,,,,,,,
376,陳致中,111年高雄市議員選舉,首次申報,1111115,宣傳支出,中華郵政,,0.00,4860.00,,,,郵寄競選物品或宣傳廣告費用,金錢,高雄市前鎮區****,0777*****,否,,,,,,,
377,陳致中,111年高雄市議員選舉,首次申報,1111115,雜支支出,台灣中油,07959765,0.00,900.00,,,,汽機車燃料費用,金錢,高雄市前鎮區****,,否,,,,,,,
378,陳致中,111年高雄市議員選舉,首次申報,1111115,雜支支出,台灣中油,16475930,0.00,500.00,,,,汽機車燃料費用,金錢,高雄市前鎮區****,,否,,,,,,,
379,陳致中,111年高雄市議員選舉,首次申報,1111115,租用競選辦事處支出,謝福清,S10*******,0.00,18000.00,,,,租用競選辦事處費用,金錢,高雄市前鎮區****,0920*****,否,,,,,,,
380,陳致中,111年高雄市議員選舉,首次申報,1111116,宣傳支出,中華郵政,,0.00,4944.00,,,,郵寄競選物品或宣傳廣告費用,金錢,高雄市前鎮區****,(07)*****,否,,,,,,,
381,陳致中,111年高雄市議員選舉,首次申報,1111116,雜支支出,台灣中油,07959765,0.00,900.00,,,,汽機車燃料費用,金錢,高雄市前鎮區****,,否,,,,,,,
382,陳致中,111年高雄市議員選舉,首次申報,1111116,雜支支出,台灣中油,19917072,0.00,1700.00,,,,汽機車燃料費用,金錢,高雄市小港區****,,否,,,,,,,
383,陳致中,111年高雄市議員選舉,首次申報,1111116,雜支支出,上賀水果專賣店,25957108,0.00,2100.00,,,,水果禮盒,金錢,高雄市前鎮區****,0772*****,否,,,,,,,
384,陳致中,111年高雄市議員選舉,首次申報,1111117,雜支支出,台灣中油,07959765,0.00,1100.00,,,,汽機車燃料費用,金錢,高雄市前鎮區****,,否,,,,,,,
385,陳致中,111年高雄市議員選舉,首次申報,1111117,雜支支出,台灣中油,10283787,0.00,900.00,,,,汽機車燃料費用,金錢,高雄市小港區****,,否,,,,,,,
386,陳致中,111年高雄市議員選舉,首次申報,1111117,雜支支出,台灣中油,16475930,0.00,800.00,,,,汽機車燃料費用,金錢,高雄市前鎮區****,,否,,,,,,,
387,陳致中,111年高雄市議員選舉,首次申報,1111117,宣傳支出,芮達視覺設計,81005976,0.00,100637.00,,,,帆布輸出+拆+掛,金錢,高雄市新興區****,0722*****,否,,,,,,,
388,陳致中,111年高雄市議員選舉,首次申報,1111117,宣傳支出,興華唱片行,81098783,0.00,800.00,,,,播放、傳送或刊登宣傳廣告費用,金錢,高雄市前鎮區****,0777*****,否,,,,,,,
389,陳致中,111年高雄市議員選舉,首次申報,1111117,雜支支出,台灣中油,81140749,0.00,1310.00,,,,汽機車燃料費用,金錢,高雄市前鎮區****,,否,,,,,,,
390,陳致中,111年高雄市議員選舉,首次申報,1111117,雜支支出,美珍雅花坊,81834988,0.00,13100.00,,,,盆花,金錢,高雄市苓雅區****,0776*****,否,,,,,,,
391,陳致中,111年高雄市議員選舉,首次申報,1111118,雜支支出,台灣中油,07959815,0.00,800.00,,,,汽機車燃料費用,金錢,高雄市前鎮區****,,否,,,,,,,
392,陳致中,111年高雄市議員選舉,首次申報,1111118,宣傳支出,心一企業股份有限公司一企業股份有限公司,89494723,0.00,32624.00,,,,製作競選物品或宣傳廣告費用（瓶裝水）,金錢,高雄市仁武區****,0737*****,否,,,,,,,
393,陳致中,111年高雄市議員選舉,首次申報,1111118,雜支支出,新新聞報社,99061210,0.00,20000.00,,,,書報雜誌費用,金錢,高雄市前金區****,0725*****,否,,,,,,,
394,陳致中,111年高雄市議員選舉,首次申報,1111119,雜支支出,台灣中油,07959815,0.00,900.00,,,,汽機車燃料費用,金錢,高雄市前鎮區****,,否,,,,,,,
395,陳致中,111年高雄市議員選舉,首次申報,1111119,雜支支出,台灣中油,07960046,0.00,900.00,,,,汽機車燃料費用,金錢,高雄市前鎮區****,,否,,,,,,,
396,陳致中,111年高雄市議員選舉,首次申報,1111119,雜支支出,台灣中油,16475930,0.00,700.00,,,,汽機車燃料費用,金錢,高雄市前鎮區****,,否,,,,,,,
397,陳致中,111年高雄市議員選舉,首次申報,1111119,租用宣傳車輛支出,黃定國,T12*******,0.00,4000.00,,,,租用宣傳車輛駕駛費用,金錢,屏東縣佳冬鄉****,0915*****,否,,,,,,,
398,陳致中,111年高雄市議員選舉,首次申報,1111120,雜支支出,台灣中油,07959765,0.00,2140.00,,,,汽機車燃料費用,金錢,高雄市前鎮區****,,否,,,,,,,
399,陳致中,111年高雄市議員選舉,首次申報,1111120,雜支支出,亞伯工作坊,20455540,0.00,18000.00,,,,蘭花,金錢,高雄市小港區****,0780*****,否,,,,,,,
400,陳致中,111年高雄市議員選舉,首次申報,1111120,雜支支出,台灣中油,81140749,0.00,1211.00,,,,汽機車燃料費用,金錢,高雄市前鎮區****,,否,,,,,,,
401,陳致中,111年高雄市議員選舉,首次申報,1111121,雜支支出,台灣電力公司,,0.00,2416.00,,,,水電瓦斯費用,金錢,高雄市前鎮區****,,否,,,,,,,
402,陳致中,111年高雄市議員選舉,首次申報,1111121,雜支支出,台灣中油,07959765,0.00,900.00,,,,汽機車燃料費用,金錢,高雄市前鎮區****,,否,,,,,,,
403,陳致中,111年高雄市議員選舉,首次申報,1111121,雜支支出,崧銘企業社,08921731,0.00,1200.00,,,,影印機保養,金錢,高雄市苓雅區****,0753*****,否,,,,,,,
404,陳致中,111年高雄市議員選舉,首次申報,1111121,宣傳支出,興華唱片行華唱片行,81098783,0.00,800.00,,,,播放、傳送或刊登宣傳廣告費用,金錢,高雄市前鎮區****,0777*****,否,,,,,,,
405,陳致中,111年高雄市議員選舉,首次申報,1111121,租用宣傳車輛支出,謝富田,B10*******,0.00,24000.00,,,,租用宣傳車輛駕駛費用,金錢,高雄市前鎮區****,0910*****,否,,,,,,,
406,陳致中,111年高雄市議員選舉,首次申報,1111121,租用宣傳車輛支出,陳桂卿,D12*******,0.00,24000.00,,,,租用宣傳車輛駕駛費用,金錢,高雄市鳳山區****,0939*****,否,,,,,,,
407,陳致中,111年高雄市議員選舉,首次申報,1111121,租用宣傳車輛支出,黃建霖,E10*******,0.00,45000.00,,,,租用宣傳車輛駕駛費用,金錢,高雄市三民區****,0938*****,否,,,,,,,
408,陳致中,111年高雄市議員選舉,首次申報,1111121,租用宣傳車輛支出,賴嬿蓉,E22*******,0.00,24000.00,,,,租用宣傳車輛駕駛費用,金錢,高雄市三民區****,0938*****,否,,,,,,,
409,陳致中,111年高雄市議員選舉,首次申報,1111121,租用宣傳車輛支出,張輝宗,S10*******,0.00,24000.00,,,,租用宣傳車輛駕駛費用,金錢,高雄市鳳山區****,0933*****,否,,,,,,,
410,陳致中,111年高雄市議員選舉,首次申報,1111121,租用宣傳車輛支出,黃定國,T12*******,0.00,7000.00,,,,租用宣傳車輛駕駛費用,金錢,屏東縣佳冬鄉****,0915*****,否,,,,,,,
411,陳致中,111年高雄市議員選舉,首次申報,1111122,雜支支出,台灣中油,07959765,0.00,1000.00,,,,汽機車燃料費用,金錢,高雄市前鎮區****,,否,,,,,,,
412,陳致中,111年高雄市議員選舉,首次申報,1111122,雜支支出,台灣中油,07959765,0.00,800.00,,,,汽機車燃料費用,金錢,高雄市前鎮區****,,否,,,,,,,
413,陳致中,111年高雄市議員選舉,首次申報,1111122,雜支支出,台灣中油,19917072,0.00,1950.00,,,,汽機車燃料費用,金錢,高雄市小港區****,,否,,,,,,,
414,陳致中,111年高雄市議員選舉,首次申報,1111122,雜支支出,台亞石油,81106812,0.00,1000.00,,,,汽機車燃料費用,金錢,高雄市鳳山區****,,否,,,,,,,
415,陳致中,111年高雄市議員選舉,首次申報,1111122,租用宣傳車輛支出,黃定國,T12*******,0.00,4000.00,,,,租用宣傳車輛駕駛費用,金錢,屏東縣佳冬鄉****,0915*****,否,,,,,,,
416,陳致中,111年高雄市議員選舉,首次申報,1111123,雜支支出,崇裕行,10278124,0.00,3360.00,,,,輕便雨衣,金錢,高雄市前鎮區****,0771*****,否,,,,,,,
417,陳致中,111年高雄市議員選舉,首次申報,1111123,雜支支出,上玄商行,10285764,0.00,2500.00,,,,相框,金錢,高雄市苓雅區****,0775*****,否,,,,,,,
418,陳致中,111年高雄市議員選舉,首次申報,1111123,雜支支出,台灣中油,81140749,0.00,1000.00,,,,汽機車燃料費用,金錢,高雄市前鎮區****,,否,,,,,,,
419,陳致中,111年高雄市議員選舉,首次申報,1111123,租用宣傳車輛支出,黃定國,T12*******,0.00,5000.00,,,,租用宣傳車輛駕駛費用,金錢,屏東縣佳冬鄉****,0915*****,否,,,,,,,
420,陳致中,111年高雄市議員選舉,首次申報,1111124,雜支支出,台灣中油,07959765,0.00,900.00,,,,汽機車燃料費用,金錢,高雄市前鎮區****,,否,,,,,,,
421,陳致中,111年高雄市議員選舉,首次申報,1111124,雜支支出,台灣中油,07959765,0.00,1000.00,,,,汽機車燃料費用,金錢,高雄市前鎮區****,,否,,,,,,,
422,陳致中,111年高雄市議員選舉,首次申報,1111124,雜支支出,台灣中油,19917072,0.00,850.00,,,,汽機車燃料費用,金錢,高雄市小港區****,,否,,,,,,,
423,陳致中,111年高雄市議員選舉,首次申報,1111124,租用宣傳車輛支出,黃定國,T12*******,0.00,7000.00,,,,租用宣傳車輛駕駛費用,金錢,屏東縣佳冬鄉****,0915*****,否,,,,,,,
424,陳致中,111年高雄市議員選舉,首次申報,1111125,雜支支出,台灣中油,07959765,0.00,1457.00,,,,汽機車燃料費用,金錢,高雄市前鎮區****,,否,,,,,,,
425,陳致中,111年高雄市議員選舉,首次申報,1111125,雜支支出,台灣中油,19917072,0.00,2950.00,,,,汽機車燃料費用,金錢,高雄市小港區****,,否,,,,,,,
426,陳致中,111年高雄市議員選舉,首次申報,1111125,宣傳支出,啟永製衣有限公司,70415869,0.00,16950.00,,,,製作競選物品或宣傳廣告費用（團隊背心）,金錢,高雄市三民區****,0738*****,否,,,,,,,
427,陳致中,111年高雄市議員選舉,首次申報,1111125,租用宣傳車輛支出,黃定國,T12*******,0.00,7000.00,,,,租用宣傳車輛駕駛費用,金錢,屏東縣佳冬鄉****,0915*****,否,,,,,,,
428,陳致中,111年高雄市議員選舉,首次申報,1111127,雜支支出,台灣中油,19917072,0.00,1680.00,,,,汽機車燃料費用,金錢,高雄市小港區****,,否,,,,,,,
429,陳致中,111年高雄市議員選舉,首次申報,1111128,雜支支出,中華電信股份有限公司,19762247,0.00,16960.00,,,,電信費用,金錢,高雄市新興區****,0800*****,否,,,,,,,
430,陳致中,111年高雄市議員選舉,首次申報,1111128,雜支支出,台灣中油,19917072,0.00,2450.00,,,,汽機車燃料費用,金錢,高雄市小港區****,,否,,,,,,,
431,陳致中,111年高雄市議員選舉,首次申報,1111128,租用宣傳車輛支出,謝富田,B10*******,0.00,16800.00,,,,租用宣傳車輛駕駛費用,金錢,高雄市前鎮區****,0910*****,否,,,,,,,
432,陳致中,111年高雄市議員選舉,首次申報,1111128,租用宣傳車輛支出,陳桂卿,D12*******,0.00,16800.00,,,,租用宣傳車輛駕駛費用,金錢,高雄市鳳山區****,0939*****,否,,,,,,,
433,陳致中,111年高雄市議員選舉,首次申報,1111128,租用宣傳車輛支出,黃建霖,E10*******,0.00,31500.00,,,,租用宣傳車輛駕駛費用,金錢,高雄市三民區****,0938*****,否,,,,,,,
434,陳致中,111年高雄市議員選舉,首次申報,1111128,租用宣傳車輛支出,賴嬿蓉,E22*******,0.00,16800.00,,,,租用宣傳車輛駕駛費用,金錢,高雄市三民區****,0938*****,否,,,,,,,
435,陳致中,111年高雄市議員選舉,首次申報,1111128,租用宣傳車輛支出,張輝宗,S10*******,0.00,16800.00,,,,租用宣傳車輛駕駛費用,金錢,高雄市鳳山區****,0933*****,否,,,,,,,
436,陳致中,111年高雄市議員選舉,首次申報,1111129,雜支支出,隆昇金香鋪,81345715,0.00,1560.00,,,,金紙,金錢,高雄市前鎮區****,0781*****,否,,,,,,,
437,陳致中,111年高雄市議員選舉,首次申報,1111130,宣傳支出,加多廣告派報工作室,09095908,0.00,67160.00,,,,製作競選物品或宣傳廣告費用（文宣）,金錢,崇德街巷號樓****,0728*****,否,,,,,,,
438,陳致中,111年高雄市議員選舉,首次申報,1111130,雜支支出,上億水果店,10234132,0.00,1230.00,,,,水果,金錢,高雄市苓雅區****,0771*****,否,,,,,,,
439,陳致中,111年高雄市議員選舉,首次申報,1111130,雜支支出,台灣中油,16475930,0.00,1000.00,,,,汽機車燃料費用,金錢,高雄市前鎮區****,,否,,,,,,,
440,陳致中,111年高雄市議員選舉,首次申報,1111130,宣傳支出,亞太電信公司,70771579,0.00,10000.00,,,,發送電信簡訊費用,金錢,臺北市內湖區****,02-5*****,否,,,,,,,
441,陳致中,111年高雄市議員選舉,首次申報,1111130,宣傳支出,芮達視覺設計,81005976,0.00,714961.00,,,,文宣+印刷一批,金錢,高雄市新興區****,0722*****,否,,,,,,,
442,陳致中,111年高雄市議員選舉,首次申報,1111130,人事費用支出,黃姚瓊雲,E20*******,0.00,3995.00,,,,其他因工作酬勞之給付,金錢,高雄市小港區****,0916*****,否,,,,,,,
443,陳致中,111年高雄市議員選舉,首次申報,1111130,人事費用支出,李孫惜,E20*******,0.00,3655.00,,,,其他因工作酬勞之給付,金錢,高雄市小港區****,0931*****,否,,,,,,,
444,陳致中,111年高雄市議員選舉,首次申報,1111130,人事費用支出,李陳爾,R20*******,0.00,2380.00,,,,其他因工作酬勞之給付,金錢,高雄市小港松****,0980*****,否,,,,,,,
445,陳致中,111年高雄市議員選舉,首次申報,1111130,人事費用支出,洪陳受利,R20*******,0.00,3485.00,,,,其他因工作酬勞之給付,金錢,高雄市小港區****,0780*****,否,,,,,,,
446,陳致中,111年高雄市議員選舉,首次申報,1111130,人事費用支出,許儷砡,R22*******,0.00,32300.00,,,,其他因工作酬勞之給付,金錢,高雄市小港區****,0973*****,否,,,,,,,
447,陳致中,111年高雄市議員選舉,首次申報,1111130,雜支支出,邱香蘭,R22*******,0.00,21590.00,,,,電話拜訪,金錢,高雄市小港區****,0963*****,否,,,,,,,
448,陳致中,111年高雄市議員選舉,首次申報,1111130,雜支支出,葉美珍,S22*******,0.00,16235.00,,,,電話拜訪,金錢,高雄市岡山區****,0910*****,否,,,,,,,
449,陳致中,111年高雄市議員選舉,首次申報,1111130,雜支支出,李秀峯,S22*******,0.00,20230.00,,,,電話拜訪,金錢,高雄市前鎮區****,0772*****,否,,,,,,,
450,陳致中,111年高雄市議員選舉,首次申報,1111130,人事費用支出,劉米樂,T10*******,0.00,2975.00,,,,其他因工作酬勞之給付,金錢,高雄市小港區****,0780*****,否,,,,,,,
451,陳致中,111年高雄市議員選舉,首次申報,1111201,雜支支出,中華電信股份有限公司,19762247,0.00,17522.00,,,,電信費用,金錢,高雄市新興區****,0800*****,否,,,,,,,
452,陳致中,111年高雄市議員選舉,首次申報,1111201,租用競選辦事處支出,和興電訊工程行,82740778,0.00,13230.00,,,,辦公室電話設備安裝費用,金錢,高雄市三民區****,0932*****,否,,,,,,,
453,陳致中,111年高雄市議員選舉,首次申報,1111201,宣傳支出,競選總部,A12*******,0.00,100000.00,,,,廣告牆,非金錢,高雄市前鎮區****,,否,,,,,,,
454,陳致中,111年高雄市議員選舉,首次申報,1111202,雜支支出,慶昇樓餐廳有限公司,70432950,0.00,73500.00,,,,餐飲費用,金錢,高雄市前鎮區****,0781*****,否,,,,,,,
455,陳致中,111年高雄市議員選舉,首次申報,1111202,宣傳支出,芮達視覺設計,81005976,0.00,140262.00,,,,印刷品一批,金錢,高雄市新興區****,0722*****,否,,,,,,,
456,陳致中,111年高雄市議員選舉,首次申報,1111202,宣傳支出,競選總部,A12*******,0.00,40000.00,,,,口罩,非金錢,高雄市前鎮區****,,否,,,,,,,
457,陳致中,111年高雄市議員選舉,首次申報,1111202,宣傳支出,競選總部,A12*******,0.00,100000.00,,,,口罩,非金錢,高雄市前鎮區****,,否,,,,,,,
458,陳致中,111年高雄市議員選舉,首次申報,1111205,宣傳支出,競選總部,A12*******,0.00,28800.00,,,,布偶,非金錢,高雄市前鎮區****,,否,,,,,,,
459,陳致中,111年高雄市議員選舉,首次申報,1111206,雜支支出,吉星搬家公司,,0.00,9000.00,,,,服務處搬移,金錢,高雄市苓雅區****,(07)*****,否,,,,,,,
460,陳致中,111年高雄市議員選舉,首次申報,1111206,租用競選辦事處支出,和興電訊工程行,82740778,0.00,5250.00,,,,辦公室電話設備費用,金錢,高雄市三民區****,0932*****,否,,,,,,,
461,陳致中,111年高雄市議員選舉,首次申報,1111206,宣傳支出,競選總部,A12*******,0.00,150000.00,,,,濕紙巾,非金錢,高雄市前鎮區****,,否,,,,,,,
462,陳致中,111年高雄市議員選舉,首次申報,1111208,雜支支出,震翰電腦有限公司,76482739,0.00,14500.00,,,,雜項購置或修繕費用,金錢,高雄市前鎮區****,0733*****,否,,,,,,,
463,陳致中,111年高雄市議員選舉,首次申報,1111210,集會支出,永大藝術企業社,38710115,0.00,594000.00,,,,租用設備費用,金錢,高雄市彌陀區****,0983*****,否,,,,,,,
464,陳致中,111年高雄市議員選舉,首次申報,1111213,宣傳支出,芮達視覺設計,81005976,0.00,801430.00,,,,帆布輸出+施工+填號碼,金錢,高雄市新興區****,0722*****,否,,,,,,,
465,陳致中,111年高雄市議員選舉,首次申報,1111214,集會支出,漢成食品行食品行,15621111,0.00,50000.00,,,,餐飲費用,金錢,高雄市鳳山區****,0796*****,否,,,,,,,
466,陳致中,111年高雄市議員選舉,首次申報,1111215,宣傳支出,中華郵政,,0.00,1233.00,,,,郵寄競選物品或宣傳廣告費用,金錢,高雄市前鎮區****,(07)*****,否,,,,,,,
467,陳致中,111年高雄市議員選舉,首次申報,1111217,雜支支出,美珍雅花坊,81834988,0.00,98000.00,,,,蘭花,金錢,高雄市苓雅區****,0776*****,否,,,,,,,
468,陳致中,111年高雄市議員選舉,首次申報,1111219,集會支出,漢成食品行食品行,15621111,0.00,24000.00,,,,餐飲費用,金錢,高雄市鳳山區****,0796*****,否,,,,,,,
469,陳致中,111年高雄市議員選舉,首次申報,1111220,雜支支出,中華電信股份有限公司,19762247,0.00,31081.00,,,,電信費用,金錢,高雄市新興區****,0800*****,否,,,,,,,
470,陳致中,111年高雄市議員選舉,首次申報,1111221,宣傳支出,芮達視覺設計,81005976,0.00,350310.00,,,,選後拆除帆布一批,金錢,高雄市新興區****,0722*****,否,,,,,,,
471,陳致中,111年高雄市議員選舉,首次申報,1111222,集會支出,漢成食品行食品行,15621111,0.00,60000.00,,,,餐飲費用,金錢,高雄市鳳山區****,0796*****,否,,,,,,,
472,陳致中,111年高雄市議員選舉,首次申報,1111223,宣傳支出,芮達視覺設計,81005976,0.00,40425.00,,,,拆除帆布一批,金錢,高雄市新興區****,0722*****,否,,,,,,,
