﻿序號,擬參選人／政黨,選舉名稱,申報序號／年度,交易日期,收支科目,捐贈者／支出對象,身分證／統一編號,收入金額,支出金額,捐贈方式,存入專戶日期,返還/繳庫,支出用途,金錢類,地址,聯絡電話,應揭露之支出對象,支出對象之內部人員姓名,支出對象之內部人員職稱,政黨之內部人員姓名,政黨之內部人員職稱,關係,更正註記,資料更正日期
1,中華統一促進黨,,113,1130102,選務費用支出,中和郵局,,0.00,5600.00,,,,郵寄競選物品或宣傳廣告費用,金錢,新北市中和區****,02-2*****,否,,,,,,,
2,中華統一促進黨,,113,1130104,雜支支出,中和郵局,,0.00,40.00,,,,劃撥手續費,金錢,新北市中和區****,02-2*****,否,,,,,,,
3,中華統一促進黨,,113,1130105,雜支支出,中和郵局,,0.00,40.00,,,,匯款手續費,金錢,新北市中和區****,02-2*****,否,,,,,,,
4,中華統一促進黨,,113,1130105,選務費用支出,立明事務機器有限公司,29087906,0.00,11886.00,,,,郵寄競選物品或宣傳廣告費用,金錢,新北市中和區****,02-2*****,否,,,,,,,
5,中華統一促進黨,,113,1130108,選務費用支出,白金整合行銷企業社,14257564,0.00,66000.00,,,,租用廣告看板或車體廣告費用,金錢,新北市三芝區****,02-2*****,否,,,,,,,
6,中華統一促進黨,,113,1130108,選務費用支出,永大禮品行,77168239,0.00,68250.00,,,,郵寄競選物品或宣傳廣告費用,金錢,新北市板橋區****,02-2*****,否,,,,,,,
7,中華統一促進黨,,113,1130108,選務費用支出,中和郵局,,0.00,7600.00,,,,郵寄競選物品或宣傳廣告費用,金錢,新北市中和區****,02-2*****,否,,,,,,,
8,中華統一促進黨,,113,1130108,選務費用支出,華醫羊肉爐,10358570,0.00,5500.00,,,,其他與選舉有關之費用,金錢,臺北市內湖區****,02-2*****,否,,,,,,,
9,中華統一促進黨,,113,1130108,選務費用支出,聯合報股份有限公司,03799802,0.00,67200.00,,,,宣傳廣告費用,金錢,新北市汐止區****,0800*****,否,,,,,,,
10,中華統一促進黨,,113,1130109,雜支支出,中和郵局,,0.00,20.00,,,,匯款手續費,金錢,新北市中和區****,02-2*****,否,,,,,,,
11,中華統一促進黨,,113,1130109,選務費用支出,中和郵局,,0.00,4936.00,,,,郵寄競選物品或宣傳廣告費用,金錢,新北市中和區****,02-2*****,否,,,,,,,
12,中華統一促進黨,,113,1130109,選務費用支出,聯合報股份有限公司,03799802,0.00,67200.00,,,,郵寄競選物品或宣傳廣告費用,金錢,新北市汐止區****,0800*****,否,,,,,,,
13,中華統一促進黨,,113,1130111,選務費用支出,豪杰整合行銷有限公司,42847731,0.00,168000.00,,,,郵寄競選物品或宣傳廣告費用,金錢,臺北市內湖區****,0937*****,否,,,,,,,
14,中華統一促進黨,,113,1130111,雜支支出,立明事務機器有限公司,29087906,0.00,945.00,,,,文具用品費用,金錢,新北市中和區****,02-2*****,否,,,,,,,
15,中華統一促進黨,,113,1130112,雜支支出,中和郵局,,0.00,20.00,,,,匯款手續費,金錢,新北市中和區****,02-2*****,否,,,,,,,
16,中華統一促進黨,,113,1130112,選務費用支出,聯合報股份有限公司,03799802,0.00,67200.00,,,,郵寄競選物品或宣傳廣告費用,金錢,新北市汐止區****,0800*****,否,,,,,,,
17,中華統一促進黨,,113,1130115,選務費用支出,詮識數位股份有限公司,52391154,0.00,21000.00,,,,委託辦理研究、評估、調查、設計或規劃費用,金錢,臺北市信義區****,02-3*****,否,,,,,,,
18,中華統一促進黨,,113,1130125,雜支支出,中和郵局,,0.00,100.00,,,,郵電費,金錢,新北市中和區****,02-2*****,否,,,,,,,
19,中華統一促進黨,,113,1130205,選務費用支出,立明事務機器有限公司,29087906,0.00,22142.00,,,,郵寄競選物品或宣傳廣告費用,金錢,新北市中和區****,02-2*****,否,,,,,,,
20,中華統一促進黨,,113,1131105,雜支支出,中和郵局,,0.00,20.00,,,,匯款手續費,金錢,新北市中和區****,02-2*****,否,,,,,,,
21,中華統一促進黨,,113,1131118,雜支支出,中和郵局,,0.00,15.00,,,,匯款手續費,金錢,新北市中和區****,02-2*****,否,,,,,,,
22,中華統一促進黨,,113,1131216,雜支支出,中和郵局,,0.00,20.00,,,,匯款手續費,金錢,新北市中和區****,02-2*****,否,,,,,,,
23,中華統一促進黨,,113,1131218,雜支支出,中和郵局,,0.00,20.00,,,,匯款手續費,金錢,新北市中和區****,02-2*****,否,,,,,,,
24,中華統一促進黨,,113,1131219,雜支支出,中和郵局,,0.00,20.00,,,,匯款手續費,金錢,新北市中和區****,02-2*****,否,,,,,,,
25,中華統一促進黨,,113,1131221,業務費用支出,一郎宴會廳,48698842,0.00,423940.00,,,,其他與業務推展有關之費用,金錢,台北市中山區****,02-2*****,否,,,,,,,
26,中華統一促進黨,,113,1131221,業務費用支出,萬福商行,12507860,0.00,2200.00,,,,其他與業務推展有關之費用,金錢,臺北市中山區****,02-2*****,否,,,,,,,
27,中華統一促進黨,,113,1131223,雜支支出,中和郵局,,0.00,20.00,,,,匯款手續費,金錢,新北市中和區****,02-2*****,否,,,,,,,
28,中華統一促進黨,,113,1131224,雜支支出,中和郵局,,0.00,20.00,,,,匯款手續費,金錢,新北市中和區****,02-2*****,否,,,,,,,
29,中華統一促進黨,,113,1131225,返還捐贈支出,張安樂,A10*******,0.00,100000.00,,,,返還,金錢,臺北市文山區****,,否,,,,,,,
30,中華統一促進黨,,113,1131225,業務費用支出,大倉義有限公司,52882840,0.00,82320.00,,,,其他與業務推展有關之費用,金錢,臺北市中山區****,02-2*****,否,,,,,,,
31,中華統一促進黨,,113,1131230,業務費用支出,永大禮品行,77168239,0.00,6500.00,,,,其他與業務推展有關之費用,金錢,新北市板橋區****,02-2*****,否,,,,,,,
32,中華統一促進黨,,113,1131231,人事費用支出,李玉美,F20*******,0.00,28000.00,,,,113年度記帳費分攤,金錢,新北市三重區****,0932*****,否,,,,,,,
