﻿序號,擬參選人／政黨,選舉名稱,申報序號／年度,交易日期,收支科目,捐贈者／支出對象,身分證／統一編號,收入金額,支出金額,支出用途,金錢類,地址,聯絡電話,資料更正日期
1,陳明建,107年縣(市)議員選舉,首次申報,1070930,宣傳支出,綵豐團體服,41367240,0.00,100000.00,旗織、海報,金錢,基隆市中正區****,,
2,陳明建,107年縣(市)議員選舉,首次申報,1071014,宣傳支出,綵豐團體服,41367240,0.00,70000.00,製作宣傳廣告支出,金錢,基隆市中正區****,,
3,陳明建,107年縣(市)議員選舉,首次申報,1071025,宣傳支出,宏祥廣告,00868446,0.00,100000.00,製作宣傳廣告支出,金錢,基隆市信義區****,,
4,陳明建,107年縣(市)議員選舉,首次申報,1080221,返還支出,陳桃花,,0.00,1000.00,返還,金錢,,0953*****,
5,陳明建,107年縣(市)議員選舉,首次申報,1080221,返還支出,陳蘭美,,0.00,1000.00,返還,金錢,,0955*****,
6,陳明建,107年縣(市)議員選舉,首次申報,1080221,返還支出,鄭文賢,,0.00,1000.00,返還,金錢,,0955*****,
