﻿序號,擬參選人／政黨,選舉名稱,申報序號／年度,交易日期,收支科目,捐贈者／支出對象,身分證／統一編號,收入金額,支出金額,捐贈方式,存入專戶日期,返還/繳庫,支出用途,金錢類,地址,聯絡電話,應揭露之支出對象,支出對象之內部人員姓名,支出對象之內部人員職稱,政黨之內部人員姓名,政黨之內部人員職稱,關係,更正註記,資料更正日期
1,江和樹,111年臺中市議員選舉,首次申報,1110523,個人捐贈收入,林家瑜,,2000.00,0.00,現金,1110523,,,金錢,臺中市大里區****,,,,,,,,,
2,江和樹,111年臺中市議員選舉,首次申報,1110524,個人捐贈收入,洪寶珠,,2000.00,0.00,現金,1110524,,,金錢,臺中市大里區****,,,,,,,,,
3,江和樹,111年臺中市議員選舉,首次申報,1110524,匿名捐贈,匿名,,2000.00,0.00,現金,1110524,,,金錢,,,,,,,,,,
4,江和樹,111年臺中市議員選舉,首次申報,1110524,匿名捐贈,匿名,,3600.00,0.00,現金,1110524,,,金錢,,,,,,,,,,
5,江和樹,111年臺中市議員選舉,首次申報,1110524,匿名捐贈,匿名,,1000.00,0.00,現金,1110524,,,金錢,,,,,,,,,,
6,江和樹,111年臺中市議員選舉,首次申報,1110524,個人捐贈收入,葉蔡櫻花,,1000.00,0.00,現金,1110524,,,金錢,新北市新莊區****,,,,,,,,,
7,江和樹,111年臺中市議員選舉,首次申報,1110526,匿名捐贈,匿名,,5000.00,0.00,現金,1110526,,,金錢,,,,,,,,,,
8,江和樹,111年臺中市議員選舉,首次申報,1110527,個人捐贈收入,易葵,,1500.00,0.00,匯款,1110527,,,金錢,新北市三重區****,0916*****,,,,,,,,
9,江和樹,111年臺中市議員選舉,首次申報,1110528,個人捐贈收入,潘麗華,,500.00,0.00,匯款,1110528,,,金錢,新北市土城區****,,,,,,,,,
10,江和樹,111年臺中市議員選舉,首次申報,1110529,匿名捐贈,匿名,,1200.00,0.00,匯款,1110529,,,金錢,,,,,,,,,,
11,江和樹,111年臺中市議員選舉,首次申報,1110530,個人捐贈收入,林淑暖,,10000.00,0.00,現金,1110530,,,金錢,臺中市大里區****,0919*****,,,,,,,,
12,江和樹,111年臺中市議員選舉,首次申報,1110530,個人捐贈收入,謝金美,,10000.00,0.00,現金,1110530,,,金錢,臺中市大里區****,0931*****,,,,,,,,
13,江和樹,111年臺中市議員選舉,首次申報,1110530,個人捐贈收入,鍾孟軒,,600.00,0.00,現金,1110530,,,金錢,臺中市大雅區****,0939*****,,,,,,,,
14,江和樹,111年臺中市議員選舉,首次申報,1110531,匿名捐贈,匿名,,1000.00,0.00,現金,1110531,,,金錢,,,,,,,,,,
15,江和樹,111年臺中市議員選舉,首次申報,1110602,個人捐贈收入,莊志宏,,200.00,0.00,現金,1110602,,,金錢,臺中市北屯區****,,,,,,,,,
16,江和樹,111年臺中市議員選舉,首次申報,1110602,個人捐贈收入,蔡玉雲,,2000.00,0.00,現金,1110602,,,金錢,臺中市大里區****,,,,,,,,,
17,江和樹,111年臺中市議員選舉,首次申報,1110602,個人捐贈收入,李心瑩,,1000.00,0.00,匯款,1110602,,,金錢,臺中市北區永****,,,,,,,,,
18,江和樹,111年臺中市議員選舉,首次申報,1110602,個人捐贈收入,林娟娟,N20*******,100000.00,0.00,現金,1110602,,,金錢,臺中市南屯區****,,,,,,,,,
19,江和樹,111年臺中市議員選舉,首次申報,1110604,個人捐贈收入,陳秀緞,,3000.00,0.00,匯款,1110604,,,金錢,臺中市大雅區****,,,,,,,,,
20,江和樹,111年臺中市議員選舉,首次申報,1110607,個人捐贈收入,林玉雲,,500.00,0.00,現金,1110607,,,金錢,臺中市大里區****,0928*****,,,,,,,,
21,江和樹,111年臺中市議員選舉,首次申報,1110607,個人捐贈收入,阮國文,,3000.00,0.00,現金,1110607,,,金錢,臺中市太平區****,0918*****,,,,,,,,
22,江和樹,111年臺中市議員選舉,首次申報,1110607,個人捐贈收入,王慈麟,,5000.00,0.00,現金,1110607,,,金錢,臺中市大里區****,0909*****,,,,,,,,
23,江和樹,111年臺中市議員選舉,首次申報,1110609,個人捐贈收入,巫苡柔,,1000.00,0.00,現金,1110609,,,金錢,臺中市大里區****,0968*****,,,,,,,,
24,江和樹,111年臺中市議員選舉,首次申報,1110609,個人捐贈收入,蔡高鳳美,,1000.00,0.00,現金,1110609,,,金錢,新北市樹林區****,0955*****,,,,,,,,
25,江和樹,111年臺中市議員選舉,首次申報,1110611,個人捐贈收入,張惠琳,,1200.00,0.00,現金,1110611,,,金錢,臺中市大里區****,0920*****,,,,,,,,
26,江和樹,111年臺中市議員選舉,首次申報,1110613,個人捐贈收入,謝文隆,,1500.00,0.00,現金,1110613,,,金錢,臺中市大里區****,0919*****,,,,,,,,
27,江和樹,111年臺中市議員選舉,首次申報,1110613,個人捐贈收入,莊梅玉,,1000.00,0.00,現金,1110613,,,金錢,臺中市大里區****,0932*****,,,,,,,,
28,江和樹,111年臺中市議員選舉,首次申報,1110613,個人捐贈收入,王德棋,,2000.00,0.00,現金,1110613,,,金錢,臺中市大里區****,0423*****,,,,,,,,
29,江和樹,111年臺中市議員選舉,首次申報,1110613,個人捐贈收入,蘇秋完,,800.00,0.00,現金,1110613,,,金錢,臺中市大里區****,0915*****,,,,,,,,
30,江和樹,111年臺中市議員選舉,首次申報,1110616,個人捐贈收入,黃國勳,,25000.00,0.00,現金,1110616,,,金錢,臺南市南區明****,0919*****,,,,,,,,
31,江和樹,111年臺中市議員選舉,首次申報,1110616,匿名捐贈,匿名,,2000.00,0.00,現金,1110616,,,金錢,,,,,,,,,,
32,江和樹,111年臺中市議員選舉,首次申報,1110620,匿名捐贈,匿名,,2000.00,0.00,現金,1110620,,,金錢,,,,,,,,,,
33,江和樹,111年臺中市議員選舉,首次申報,1110621,其他收入,利息收入,,2.00,0.00,現金,1110621,,,金錢,,,,,,,,,,
34,江和樹,111年臺中市議員選舉,首次申報,1110624,匿名捐贈,匿名,,10000.00,0.00,現金,1110624,,,金錢,,,,,,,,,,
35,江和樹,111年臺中市議員選舉,首次申報,1110624,個人捐贈收入,黃紹洋,,600.00,0.00,現金,1110624,,,金錢,高雄市鳳山區****,0966*****,,,,,,,,
36,江和樹,111年臺中市議員選舉,首次申報,1110629,匿名捐贈,匿名,,3000.00,0.00,現金,1110629,,,金錢,,,,,,,,,,
37,江和樹,111年臺中市議員選舉,首次申報,1110629,個人捐贈收入,黃志隆,,15000.00,0.00,現金,1110629,,,金錢,臺中市大里區****,0929*****,,,,,,,,
38,江和樹,111年臺中市議員選舉,首次申報,1110629,個人捐贈收入,羅月珠,,1000.00,0.00,現金,1110629,,,金錢,臺中市神岡區****,0911*****,,,,,,,,
39,江和樹,111年臺中市議員選舉,首次申報,1110629,個人捐贈收入,廖惠津,,1000.00,0.00,現金,1110629,,,金錢,臺中市大肚區****,0935*****,,,,,,,,
40,江和樹,111年臺中市議員選舉,首次申報,1110629,個人捐贈收入,彭世瑋,,100.00,0.00,現金,1110629,,,金錢,臺中市大里區****,0913*****,,,,,,,,
41,江和樹,111年臺中市議員選舉,首次申報,1110630,個人捐贈收入,白林九英,,1000.00,0.00,現金,1110630,,,金錢,臺中市后里區****,0987*****,,,,,,,,
42,江和樹,111年臺中市議員選舉,首次申報,1110630,個人捐贈收入,聞振華,,2000.00,0.00,現金,1110630,,,金錢,臺中市大里區****,0422*****,,,,,,,,
43,江和樹,111年臺中市議員選舉,首次申報,1110701,匿名捐贈,匿名,,1500.00,0.00,現金,1110701,,,金錢,,,,,,,,,,
44,江和樹,111年臺中市議員選舉,首次申報,1110701,個人捐贈收入,張金宏,,1000.00,0.00,現金,1110701,,,金錢,桃園市桃園區****,0907*****,,,,,,,,
45,江和樹,111年臺中市議員選舉,首次申報,1110701,個人捐贈收入,張寧恩,,3000.00,0.00,現金,1110701,,,金錢,桃園市桃園區****,0930*****,,,,,,,,
46,江和樹,111年臺中市議員選舉,首次申報,1110709,匿名捐贈,匿名,,1000.00,0.00,現金,1110709,,,金錢,,,,,,,,,,
47,江和樹,111年臺中市議員選舉,首次申報,1110714,個人捐贈收入,羅孟恩,,1000.00,0.00,現金,1110714,,,金錢,臺中市大里區****,0988*****,,,,,,,,
48,江和樹,111年臺中市議員選舉,首次申報,1110722,匿名捐贈,匿名,,1200.00,0.00,現金,1110722,,,金錢,,,,,,,,,,
49,江和樹,111年臺中市議員選舉,首次申報,1110726,個人捐贈收入,張進華,,2000.00,0.00,現金,1110726,,,金錢,臺中市霧峰區****,0979*****,,,,,,,,
50,江和樹,111年臺中市議員選舉,首次申報,1110726,個人捐贈收入,林麗華,,1000.00,0.00,現金,1110726,,,金錢,臺中市北區三****,0927*****,,,,,,,,
51,江和樹,111年臺中市議員選舉,首次申報,1110726,個人捐贈收入,謝玉真,,1000.00,0.00,現金,1110726,,,金錢,臺中市東勢區****,0933*****,,,,,,,,
52,江和樹,111年臺中市議員選舉,首次申報,1110809,個人捐贈收入,徐佳琳,,1000.00,0.00,現金,1110809,,,金錢,臺中市太平區****,0989*****,,,,,,,,
53,江和樹,111年臺中市議員選舉,首次申報,1110810,個人捐贈收入,鄭有峰,,5000.00,0.00,現金,1110810,,,金錢,臺中市大里區****,0927*****,,,,,,,,
54,江和樹,111年臺中市議員選舉,首次申報,1110810,個人捐贈收入,羅月珠,,5000.00,0.00,現金,1110810,,,金錢,臺中市神岡區****,0911*****,,,,,,,,
55,江和樹,111年臺中市議員選舉,首次申報,1110810,個人捐贈收入,羅月珠,,5000.00,0.00,現金,1110810,,,金錢,臺中市神岡區****,0911*****,,,,,,,,
56,江和樹,111年臺中市議員選舉,首次申報,1110814,匿名捐贈,匿名,,3000.00,0.00,現金,1110814,,,金錢,,,,,,,,,,
57,江和樹,111年臺中市議員選舉,首次申報,1110816,個人捐贈收入,陳建廷,,6000.00,0.00,現金,1110816,,,金錢,臺中市大里區****,0913*****,,,,,,,,
58,江和樹,111年臺中市議員選舉,首次申報,1110817,個人捐贈收入,鍾緗筠,,25000.00,0.00,現金,1110817,,,金錢,花蓮縣玉里鎮****,0976*****,,,,,,,,
59,江和樹,111年臺中市議員選舉,首次申報,1110818,個人捐贈收入,陳晉煕,,2000.00,0.00,現金,1110818,,,金錢,臺中市北屯區****,0913*****,,,,,,,,
60,江和樹,111年臺中市議員選舉,首次申報,1110826,匿名捐贈,匿名,,500.00,0.00,現金,1110826,,,金錢,,,,,,,,,,
61,江和樹,111年臺中市議員選舉,首次申報,1110831,個人捐贈收入,廖本全,B12*******,50000.00,0.00,現金,1110831,,,金錢,臺中市大里區****,,,,,,,,,
62,江和樹,111年臺中市議員選舉,首次申報,1110905,匿名捐贈,匿名,,1000.00,0.00,現金,1110905,,,金錢,,,,,,,,,,
63,江和樹,111年臺中市議員選舉,首次申報,1110905,個人捐贈收入,陳鈺欣,,500.00,0.00,現金,1110905,,,金錢,臺中市大里區****,,,,,,,,,
64,江和樹,111年臺中市議員選舉,首次申報,1110906,個人捐贈收入,劉玉明,,1000.00,0.00,現金,1110906,,,金錢,臺中市大里區****,,,,,,,,,
65,江和樹,111年臺中市議員選舉,首次申報,1110906,個人捐贈收入,潘怡芳,,3000.00,0.00,現金,1110906,,,金錢,臺中市大里區****,,,,,,,,,
66,江和樹,111年臺中市議員選舉,首次申報,1110906,匿名捐贈,匿名,,1000.00,0.00,現金,1110906,,,金錢,,,,,,,,,,
67,江和樹,111年臺中市議員選舉,首次申報,1110906,匿名捐贈,匿名,,500.00,0.00,現金,1110906,,,金錢,,,,,,,,,,
68,江和樹,111年臺中市議員選舉,首次申報,1110908,個人捐贈收入,陳雪娥,,2000.00,0.00,現金,1110908,,,金錢,臺中市大里區****,,,,,,,,,
69,江和樹,111年臺中市議員選舉,首次申報,1110908,營利事業捐贈收入,坤隆行實業股份有限公司,97507784,300000.00,0.00,匯款,1110908,,,金錢,臺中市大里區****,,,,,,,,,
70,江和樹,111年臺中市議員選舉,首次申報,1110908,營利事業捐贈收入,坤隆行實業股份有限公司,97507784,200000.00,0.00,匯款,1110908,,,金錢,臺中市大里區****,,,,,,,,,
71,江和樹,111年臺中市議員選舉,首次申報,1110912,個人捐贈收入,立德單人舞蹈班,,23500.00,0.00,現金,1110912,,,金錢,臺中市大里區****,,,,,,,,,
72,江和樹,111年臺中市議員選舉,首次申報,1110916,個人捐贈收入,楊婷雅,,10000.00,0.00,現金,1110916,,,金錢,臺中市大甲區****,,,,,,,,,
73,江和樹,111年臺中市議員選舉,首次申報,1110926,個人捐贈收入,蔡瓊英,,3000.00,0.00,現金,1110926,,,金錢,臺中市大里區****,,,,,,,,,
74,江和樹,111年臺中市議員選舉,首次申報,1110926,個人捐贈收入,施曜騰,,8000.00,0.00,現金,1110926,,,金錢,臺中市大里區****,,,,,,,,,
75,江和樹,111年臺中市議員選舉,首次申報,1110928,營利事業捐贈收入,澄錤建設股份有限公司,61800573,100000.00,0.00,現金,1110928,已返還,,金錢,臺中市太平區****,,,,,,,,,
76,江和樹,111年臺中市議員選舉,首次申報,1110930,個人捐贈收入,陳慧玲,,3000.00,0.00,現金,1110930,,,金錢,臺中市大里區****,,,,,,,,,
77,江和樹,111年臺中市議員選舉,首次申報,1110930,個人捐贈收入,劉明熹,,5000.00,0.00,現金,1110930,,,金錢,臺中市大里區****,,,,,,,,,
78,江和樹,111年臺中市議員選舉,首次申報,1111006,個人捐贈收入,吳鸞對,,3000.00,0.00,現金,1111006,,,金錢,新北市汐止區****,,,,,,,,,
79,江和樹,111年臺中市議員選舉,首次申報,1111018,個人捐贈收入,陳沅楷,,1000.00,0.00,現金,1111018,,,金錢,臺中市大里區****,,,,,,,,,
80,江和樹,111年臺中市議員選舉,首次申報,1111020,個人捐贈收入,曾滄炫,,3000.00,0.00,現金,1111020,,,金錢,臺中市大里區****,,,,,,,,,
81,江和樹,111年臺中市議員選舉,首次申報,1111020,個人捐贈收入,張廣漢,,4000.00,0.00,現金,1111020,,,金錢,臺中市大里區****,0931*****,,,,,,,,
82,江和樹,111年臺中市議員選舉,首次申報,1111025,個人捐贈收入,林世謀,,5000.00,0.00,現金,1111025,,,金錢,臺中市大里區****,,,,,,,,,
83,江和樹,111年臺中市議員選舉,首次申報,1111025,個人捐贈收入,林枝旺,,10000.00,0.00,現金,1111025,,,金錢,臺中市大里區****,,,,,,,,,
84,江和樹,111年臺中市議員選舉,首次申報,1111025,個人捐贈收入,關明洲,,10000.00,0.00,現金,1111025,,,金錢,臺中市大里區****,,,,,,,,,
85,江和樹,111年臺中市議員選舉,首次申報,1111025,個人捐贈收入,邱東振,,2000.00,0.00,現金,1111025,,,金錢,臺中市大里區****,,,,,,,,,
86,江和樹,111年臺中市議員選舉,首次申報,1111025,營利事業捐贈收入,澄錤建設股份有限公司,61800573,100000.00,0.00,現金,1111025,已返還,,金錢,臺中市太平區****,,,,,,,,,
87,江和樹,111年臺中市議員選舉,首次申報,1111107,個人捐贈收入,林秀玲,,10000.00,0.00,現金,1111107,,,金錢,臺中市大里區****,,,,,,,,,
88,江和樹,111年臺中市議員選舉,首次申報,1111110,營利事業捐贈收入,坤隆行實業股份有限公司,97507784,200000.00,0.00,匯款,1111110,,,金錢,臺中市大里區****,,,,,,,,,
89,江和樹,111年臺中市議員選舉,首次申報,1111110,營利事業捐贈收入,坤隆行實業股份有限公司,97507784,300000.00,0.00,匯款,1111110,,,金錢,臺中市大里區****,,,,,,,,,
90,江和樹,111年臺中市議員選舉,首次申報,1111119,個人捐贈收入,劉娟霞,,3000.00,0.00,現金,1111119,,,金錢,臺中市大里區****,0982*****,,,,,,,,
91,江和樹,111年臺中市議員選舉,首次申報,1111120,個人捐贈收入,曾威遠,,1000.00,0.00,現金,1111120,,,金錢,臺中市大里區****,0978*****,,,,,,,,
92,江和樹,111年臺中市議員選舉,首次申報,1111121,個人捐贈收入,宋昭權,,5000.00,0.00,現金,1111121,,,金錢,臺中市大里區****,0912*****,,,,,,,,
93,江和樹,111年臺中市議員選舉,首次申報,1111221,其他收入,利息收入,,151.00,0.00,匯款,1111221,,,金錢,,,,,,,,,,
