﻿序號,擬參選人／政黨,選舉名稱,申報序號／年度,交易日期,收支科目,捐贈者／支出對象,身分證／統一編號,收入金額,支出金額,捐贈方式,存入專戶日期,返還/繳庫,支出用途,金錢類,地址,聯絡電話,應揭露之支出對象,支出對象之內部人員姓名,支出對象之內部人員職稱,政黨之內部人員姓名,政黨之內部人員職稱,關係,更正註記,資料更正日期
1,黃紹庭,111年高雄市議員選舉,首次申報,1110609,雜支支出,先鋒保全股份有限公司,23644150,0.00,1000.00,,,,月系統保全服務費,金錢,,,否,,,,,,,
2,黃紹庭,111年高雄市議員選舉,首次申報,1110617,宣傳支出,華倫包裝材料行,76481149,0.00,3045.00,,,,文宣品用,金錢,,,否,,,,,,,
3,黃紹庭,111年高雄市議員選舉,首次申報,1110701,集會支出,立馬來食坊,81030362,0.00,1710.00,,,,餐飲費用,金錢,,,否,,,,,,,
4,黃紹庭,111年高雄市議員選舉,首次申報,1110707,雜支支出,先鋒保全股份有限公司,23644150,0.00,1000.00,,,,月系統保全服務費,金錢,,,否,,,,,,,
5,黃紹庭,111年高雄市議員選舉,首次申報,1110715,集會支出,Botega del Vin,53935296,0.00,7403.00,,,,餐飲費用,金錢,,,否,,,,,,,
6,黃紹庭,111年高雄市議員選舉,首次申報,1110721,宣傳支出,華倫包裝材料行,76481149,0.00,2987.00,,,,文宣品用,金錢,,,否,,,,,,,
7,黃紹庭,111年高雄市議員選舉,首次申報,1110802,集會支出,祈旺食品行,26015680,0.00,2640.00,,,,餐飲費用,金錢,,,否,,,,,,,
8,黃紹庭,111年高雄市議員選舉,首次申報,1110805,雜支支出,先鋒保全股份有限公司,23644150,0.00,1000.00,,,,月系統保全服務費,金錢,,,否,,,,,,,
9,黃紹庭,111年高雄市議員選舉,首次申報,1110806,集會支出,福海排骨小吃店,21361676,0.00,2900.00,,,,餐飲費用,金錢,苓雅區日中里****,,否,,,,,,,
10,黃紹庭,111年高雄市議員選舉,首次申報,1110808,交通旅運支出,興旺計程車客運服務業有限公司,22550176,0.00,100.00,,,,搭乘交通工具費用,金錢,,,否,,,,,,,
11,黃紹庭,111年高雄市議員選舉,首次申報,1110813,集會支出,老四川,28837374,0.00,1194.00,,,,餐飲費用,金錢,,,否,,,,,,,
12,黃紹庭,111年高雄市議員選舉,首次申報,1110813,集會支出,春蘭割包,81185837,0.00,2990.00,,,,餐飲費用,金錢,,,否,,,,,,,
13,黃紹庭,111年高雄市議員選舉,首次申報,1110814,集會支出,竹串燒料理小吃店,10236286,0.00,3780.00,,,,餐飲費用,金錢,,,否,,,,,,,
14,黃紹庭,111年高雄市議員選舉,首次申報,1110815,集會支出,緝馬灣澎湖海產,18436809,0.00,13600.00,,,,餐飲費用,金錢,,,否,,,,,,,
15,黃紹庭,111年高雄市議員選舉,首次申報,1110815,集會支出,富治燒肉,82735775,0.00,1300.00,,,,餐飲費用,金錢,,,否,,,,,,,
16,黃紹庭,111年高雄市議員選舉,首次申報,1110820,集會支出,志明一村鐵路便當,85494341,0.00,2880.00,,,,餐飲費用,金錢,,,否,,,,,,,
17,黃紹庭,111年高雄市議員選舉,首次申報,1110821,雜支支出,Opea西點專賣店,85449959,0.00,1250.00,,,,餐飲費用,金錢,,,否,,,,,,,
18,黃紹庭,111年高雄市議員選舉,首次申報,1110822,集會支出,福海排骨小吃店,21361676,0.00,1760.00,,,,餐飲費用,金錢,苓雅區日中里****,,否,,,,,,,
19,黃紹庭,111年高雄市議員選舉,首次申報,1110822,宣傳支出,華倫包裝材料行,76481149,0.00,2935.00,,,,文宣品用,金錢,,,否,,,,,,,
20,黃紹庭,111年高雄市議員選舉,首次申報,1110825,集會支出,福海排骨小吃店,21361676,0.00,1440.00,,,,餐飲費用,金錢,苓雅區日中里****,,否,,,,,,,
21,黃紹庭,111年高雄市議員選舉,首次申報,1110827,集會支出,福海排骨小吃店,21361676,0.00,2000.00,,,,餐飲費用,金錢,苓雅區日中里****,,否,,,,,,,
22,黃紹庭,111年高雄市議員選舉,首次申報,1110827,集會支出,立馬來食坊,81030362,0.00,4280.00,,,,餐飲費用,金錢,,,否,,,,,,,
23,黃紹庭,111年高雄市議員選舉,首次申報,1110828,集會支出,堤岸越式料理店,26002448,0.00,560.00,,,,餐飲費用,金錢,,,否,,,,,,,
24,黃紹庭,111年高雄市議員選舉,首次申報,1110829,雜支支出,世全興業行,06867514,0.00,28500.00,,,,志工背心,金錢,高雄市三民區****,,否,,,,,,,
25,黃紹庭,111年高雄市議員選舉,首次申報,1110829,集會支出,福海排骨小吃店,21361676,0.00,3060.00,,,,餐飲費用,金錢,苓雅區日中里****,,否,,,,,,,
26,黃紹庭,111年高雄市議員選舉,首次申報,1110830,集會支出,福海排骨小吃店,21361676,0.00,2040.00,,,,餐飲費用,金錢,苓雅區日中里****,,否,,,,,,,
27,黃紹庭,111年高雄市議員選舉,首次申報,1110831,雜支支出,全國電子,23827290,0.00,560.00,,,,一組筆芯,金錢,,,否,,,,,,,
28,黃紹庭,111年高雄市議員選舉,首次申報,1110831,集會支出,海慶餐廰有限公司,54638668,0.00,35480.00,,,,餐飲費用,金錢,前鎮區竹中里****,,否,,,,,,,
29,黃紹庭,111年高雄市議員選舉,首次申報,1110831,宣傳支出,翰堂設計事業有限公司,84741387,0.00,476555.00,,,,租用廣告看板或車體廣告費用,金錢,高雄市苓雅區****,,否,,,,,,,
30,黃紹庭,111年高雄市議員選舉,首次申報,1110901,雜支支出,全家便利商店,83526728,0.00,419.00,,,,G隨身碟,金錢,,,否,,,,,,,
31,黃紹庭,111年高雄市議員選舉,首次申報,1110902,集會支出,宸榮小吃店,47669284,0.00,1785.00,,,,餐飲費用,金錢,,,否,,,,,,,
32,黃紹庭,111年高雄市議員選舉,首次申報,1110902,集會支出,中堂燒肉,83779440,0.00,2040.00,,,,餐飲費用,金錢,,,否,,,,,,,
33,黃紹庭,111年高雄市議員選舉,首次申報,1110906,集會支出,宸榮小吃店,47669284,0.00,2720.00,,,,餐飲費用,金錢,,,否,,,,,,,
34,黃紹庭,111年高雄市議員選舉,首次申報,1110906,集會支出,中堂燒肉,83779440,0.00,2390.00,,,,餐飲費用,金錢,,,否,,,,,,,
35,黃紹庭,111年高雄市議員選舉,首次申報,1110908,雜支支出,先鋒保全股份有限公司,23644150,0.00,1000.00,,,,月系統保全服務費,金錢,,,否,,,,,,,
36,黃紹庭,111年高雄市議員選舉,首次申報,1110908,集會支出,宸榮小吃店,47669284,0.00,2380.00,,,,餐飲費用,金錢,,,否,,,,,,,
37,黃紹庭,111年高雄市議員選舉,首次申報,1110908,集會支出,癮燒事業有限公司,59401403,0.00,6023.00,,,,餐飲費用,金錢,,,否,,,,,,,
38,黃紹庭,111年高雄市議員選舉,首次申報,1110908,雜支支出,一新書局,92034029,0.00,40.00,,,,環保袋,金錢,,,否,,,,,,,
39,黃紹庭,111年高雄市議員選舉,首次申報,1110910,集會支出,福海排骨小吃店,21361676,0.00,2080.00,,,,餐飲費用,金錢,苓雅區日中里****,,否,,,,,,,
40,黃紹庭,111年高雄市議員選舉,首次申報,1110913,雜支支出,世全興業行,06867514,0.00,820.00,,,,執行長背心,金錢,高雄市三民區****,,否,,,,,,,
41,黃紹庭,111年高雄市議員選舉,首次申報,1110918,集會支出,中堂燒肉,83779440,0.00,3070.00,,,,餐飲費用,金錢,,,否,,,,,,,
42,黃紹庭,111年高雄市議員選舉,首次申報,1110919,雜支支出,全聯福利中心,27949837,0.00,3988.00,,,,餐飲費用,金錢,,,否,,,,,,,
43,黃紹庭,111年高雄市議員選舉,首次申報,1110921,集會支出,宸榮小吃店,47669284,0.00,2975.00,,,,餐飲費用,金錢,,,否,,,,,,,
44,黃紹庭,111年高雄市議員選舉,首次申報,1110922,集會支出,福海排骨小吃店,21361676,0.00,2295.00,,,,餐飲費用,金錢,苓雅區日中里****,,否,,,,,,,
45,黃紹庭,111年高雄市議員選舉,首次申報,1110922,雜支支出,世聖精品鮮果社,41313646,0.00,2389.00,,,,餐飲費用,金錢,,,否,,,,,,,
46,黃紹庭,111年高雄市議員選舉,首次申報,1110923,雜支支出,屏南玖玖百貨行,25953736,0.00,433.00,,,,皮件,金錢,,,否,,,,,,,
47,黃紹庭,111年高雄市議員選舉,首次申報,1110923,雜支支出,屏南玖玖百貨行,25953736,0.00,590.00,,,,大環保袋,金錢,,,否,,,,,,,
48,黃紹庭,111年高雄市議員選舉,首次申報,1110924,雜支支出,屏南玖玖百貨行,25953736,0.00,792.00,,,,雜項購置或修繕費用,金錢,,,否,,,,,,,
49,黃紹庭,111年高雄市議員選舉,首次申報,1110924,集會支出,中堂燒肉,83779440,0.00,690.00,,,,餐飲費用,金錢,,,否,,,,,,,
50,黃紹庭,111年高雄市議員選舉,首次申報,1110924,集會支出,中堂燒肉,83779440,0.00,2240.00,,,,餐飲費用,金錢,,,否,,,,,,,
51,黃紹庭,111年高雄市議員選舉,首次申報,1110926,集會支出,宸榮小吃店,47669284,0.00,2210.00,,,,餐飲費用,金錢,,,否,,,,,,,
52,黃紹庭,111年高雄市議員選舉,首次申報,1110926,宣傳支出,華倫包裝材料行,76481149,0.00,2956.00,,,,文宣品用,金錢,,,否,,,,,,,
53,黃紹庭,111年高雄市議員選舉,首次申報,1110928,集會支出,凃記胡椒餅,21317454,0.00,1350.00,,,,餐飲費用,金錢,,,否,,,,,,,
54,黃紹庭,111年高雄市議員選舉,首次申報,1110928,交通旅運支出,信盈高雄市停車費,23060248,0.00,105.00,,,,停車費,金錢,,,否,,,,,,,
55,黃紹庭,111年高雄市議員選舉,首次申報,1110928,集會支出,挑食有限公司,59145538,0.00,2288.00,,,,餐飲費用,金錢,,,否,,,,,,,
56,黃紹庭,111年高雄市議員選舉,首次申報,1110930,集會支出,老店興隆居傳統早餐店,06901864,0.00,120.00,,,,餐飲費用,金錢,,,否,,,,,,,
57,黃紹庭,111年高雄市議員選舉,首次申報,1110930,雜支支出,大苑子,25972804,0.00,91.00,,,,餐飲費用,金錢,,,否,,,,,,,
58,黃紹庭,111年高雄市議員選舉,首次申報,1110930,集會支出,小暫渡小吃店,41319254,0.00,2955.00,,,,餐飲費用,金錢,,,否,,,,,,,
59,黃紹庭,111年高雄市議員選舉,首次申報,1110930,雜支支出,STARBUCKS,55835048,0.00,990.00,,,,餐飲費用,金錢,,,否,,,,,,,
60,黃紹庭,111年高雄市議員選舉,首次申報,1110930,雜支支出,苓強鎖印行,81187125,0.00,600.00,,,,遙控器,金錢,,,否,,,,,,,
61,黃紹庭,111年高雄市議員選舉,首次申報,1111002,交通旅運支出,台灣中油,06892339,0.00,813.00,,,,油資,金錢,,,否,,,,,,,
62,黃紹庭,111年高雄市議員選舉,首次申報,1111002,集會支出,哲居酒屋,36997084,0.00,2860.00,,,,餐飲費用,金錢,,,否,,,,,,,
63,黃紹庭,111年高雄市議員選舉,首次申報,1111002,集會支出,中堂燒肉,83779440,0.00,2550.00,,,,餐飲費用,金錢,,,否,,,,,,,
64,黃紹庭,111年高雄市議員選舉,首次申報,1111003,集會支出,上賓快餐便當店,25915375,0.00,900.00,,,,餐飲費用,金錢,,,否,,,,,,,
65,黃紹庭,111年高雄市議員選舉,首次申報,1111003,雜支支出,屏南玖玖百貨行,25953736,0.00,314.00,,,,橡皮圈、環保清潔袋,金錢,,,否,,,,,,,
66,黃紹庭,111年高雄市議員選舉,首次申報,1111003,雜支支出,大苑子,25972804,0.00,251.00,,,,餐飲費用,金錢,,,否,,,,,,,
67,黃紹庭,111年高雄市議員選舉,首次申報,1111004,交通旅運支出,台灣中油,16821094,0.00,120.00,,,,油資,金錢,,,否,,,,,,,
68,黃紹庭,111年高雄市議員選舉,首次申報,1111004,集會支出,福海排骨小吃店,21361676,0.00,1920.00,,,,餐飲費用,金錢,苓雅區日中里****,,否,,,,,,,
69,黃紹庭,111年高雄市議員選舉,首次申報,1111004,宣傳支出,華倫包裝材料行,76481149,0.00,2575.00,,,,文宣品用,金錢,,,否,,,,,,,
70,黃紹庭,111年高雄市議員選舉,首次申報,1111004,交通旅運支出,優步福爾摩沙股份有限公司,83118125,0.00,266.00,,,,搭乘交通工具費用,金錢,,,否,,,,,,,
71,黃紹庭,111年高雄市議員選舉,首次申報,1111005,宣傳支出,華倫包裝材料行,76481149,0.00,1442.00,,,,文宣品用,金錢,,,否,,,,,,,
72,黃紹庭,111年高雄市議員選舉,首次申報,1111005,宣傳支出,聚發包裝材料行,79876672,0.00,4000.00,,,,文宣品用,金錢,鹽埕區中山里****,,否,,,,,,,
73,黃紹庭,111年高雄市議員選舉,首次申報,1111006,集會支出,福海排骨小吃店,21361676,0.00,2000.00,,,,餐飲費用,金錢,苓雅區日中里****,,否,,,,,,,
74,黃紹庭,111年高雄市議員選舉,首次申報,1111007,雜支支出,先鋒保全股份有限公司,23644150,0.00,1000.00,,,,月系統保全服務費,金錢,,,否,,,,,,,
75,黃紹庭,111年高雄市議員選舉,首次申報,1111007,宣傳支出,聚發包裝材料行,79876672,0.00,8910.00,,,,文宣品用,金錢,鹽埕區中山里****,,否,,,,,,,
76,黃紹庭,111年高雄市議員選舉,首次申報,1111007,雜支支出,漢來美食,80352955,0.00,1030.00,,,,餐飲費用,金錢,,,否,,,,,,,
77,黃紹庭,111年高雄市議員選舉,首次申報,1111007,交通旅運支出,優步福爾摩沙股份有限公司,83118125,0.00,232.00,,,,搭乘交通工具費用,金錢,,,否,,,,,,,
78,黃紹庭,111年高雄市議員選舉,首次申報,1111008,雜支支出,寶翰生活館有限公司,16117842,0.00,396.00,,,,購物袋、收納袋,金錢,,,否,,,,,,,
79,黃紹庭,111年高雄市議員選舉,首次申報,1111008,雜支支出,屏南玖玖百貨行,25953736,0.00,220.00,,,,橡皮圈,金錢,,,否,,,,,,,
80,黃紹庭,111年高雄市議員選舉,首次申報,1111008,雜支支出,郭建榮,R10*******,0.00,18000.00,,,,餐飲費用-文旦,金錢,,,否,,,,,,,
81,黃紹庭,111年高雄市議員選舉,首次申報,1111009,雜支支出,屏南玖玖百貨行,25953736,0.00,199.00,,,,雜項購置或修繕費用,金錢,,,否,,,,,,,
82,黃紹庭,111年高雄市議員選舉,首次申報,1111009,雜支支出,屏南玖玖百貨行,25953736,0.00,1197.00,,,,收納袋、購物袋、皮件,金錢,,,否,,,,,,,
83,黃紹庭,111年高雄市議員選舉,首次申報,1111009,集會支出,明水然 樂,88240700,0.00,3520.00,,,,餐飲費用,金錢,,,否,,,,,,,
84,黃紹庭,111年高雄市議員選舉,首次申報,1111009,雜支支出,九乘九文具,90713459,0.00,1357.00,,,,文具用品費用,金錢,,,否,,,,,,,
85,黃紹庭,111年高雄市議員選舉,首次申報,1111009,人事費用支出,陳瑋均,R22*******,0.00,4704.00,,,,工資或薪津,金錢,高雄市楠梓區****,,否,,,,,,,
86,黃紹庭,111年高雄市議員選舉,首次申報,1111010,集會支出,哲居酒屋,36997084,0.00,3245.00,,,,餐飲費用,金錢,,,否,,,,,,,
87,黃紹庭,111年高雄市議員選舉,首次申報,1111010,雜支支出,MOS BURGER,80358249,0.00,115.00,,,,餐飲費用,金錢,,,否,,,,,,,
88,黃紹庭,111年高雄市議員選舉,首次申報,1111010,宣傳支出,天之美彩色沖印行,81210287,0.00,1000.00,,,,其他與選舉宣傳有關之費用,金錢,,,否,,,,,,,
89,黃紹庭,111年高雄市議員選舉,首次申報,1111011,租用競選辦事處支出,鵬鈞科技有限公司,28282753,0.00,12000.00,,,,租買辦公設備費用,金錢,,,否,,,,,,,
90,黃紹庭,111年高雄市議員選舉,首次申報,1111011,雜支支出,STARBUCKS,70788826,0.00,270.00,,,,餐飲費用,金錢,,,否,,,,,,,
91,黃紹庭,111年高雄市議員選舉,首次申報,1111011,宣傳支出,華倫包裝材料行,76481149,0.00,6072.00,,,,文宣品用,金錢,,,否,,,,,,,
92,黃紹庭,111年高雄市議員選舉,首次申報,1111012,集會支出,宮圓企業股份有限公司,16465996,0.00,400.00,,,,餐飲費用,金錢,,,否,,,,,,,
93,黃紹庭,111年高雄市議員選舉,首次申報,1111012,交通旅運支出,優步福爾摩沙股份有限公司,83118125,0.00,235.00,,,,搭乘交通工具費用,金錢,,,否,,,,,,,
94,黃紹庭,111年高雄市議員選舉,首次申報,1111012,交通旅運支出,優步福爾摩沙股份有限公司,83118125,0.00,265.00,,,,搭乘交通工具費用,金錢,,,否,,,,,,,
95,黃紹庭,111年高雄市議員選舉,首次申報,1111013,雜支支出,屏南玖玖百貨行,25953736,0.00,255.00,,,,銅鎖,金錢,,,否,,,,,,,
96,黃紹庭,111年高雄市議員選舉,首次申報,1111013,雜支支出,STARBUCKS,70788826,0.00,210.00,,,,餐飲費用,金錢,,,否,,,,,,,
97,黃紹庭,111年高雄市議員選舉,首次申報,1111013,宣傳支出,華倫包裝材料行,76481149,0.00,7942.00,,,,文宣品用,金錢,,,否,,,,,,,
98,黃紹庭,111年高雄市議員選舉,首次申報,1111013,雜支支出,麻古茶坊,81002859,0.00,150.00,,,,餐飲費用,金錢,,,否,,,,,,,
99,黃紹庭,111年高雄市議員選舉,首次申報,1111013,租用宣傳車輛支出,巨聲電業行,81227604,0.00,18000.00,,,,其他與租用宣傳車輛有關之費用,金錢,前鎮區瑞興里****,,否,,,,,,,
100,黃紹庭,111年高雄市議員選舉,首次申報,1111013,交通旅運支出,優步福爾摩沙股份有限公司,83118125,0.00,174.00,,,,搭乘交通工具費用,金錢,,,否,,,,,,,
101,黃紹庭,111年高雄市議員選舉,首次申報,1111014,租用宣傳車輛支出,巨聲電業行,81227604,0.00,12000.00,,,,其他與租用宣傳車輛有關之費用,金錢,前鎮區瑞興里****,,否,,,,,,,
102,黃紹庭,111年高雄市議員選舉,首次申報,1111015,集會支出,福海排骨小吃店,21361676,0.00,1360.00,,,,餐飲費用,金錢,苓雅區日中里****,,否,,,,,,,
103,黃紹庭,111年高雄市議員選舉,首次申報,1111015,交通旅運支出,優步福爾摩沙股份有限公司,83118125,0.00,245.00,,,,搭乘交通工具費用,金錢,,,否,,,,,,,
104,黃紹庭,111年高雄市議員選舉,首次申報,1111016,集會支出,挑食有限公司,59145538,0.00,2154.00,,,,餐飲費用,金錢,,,否,,,,,,,
105,黃紹庭,111年高雄市議員選舉,首次申報,1111016,雜支支出,全吉塑膠行,81001113,0.00,200.00,,,,筷子,金錢,,,否,,,,,,,
106,黃紹庭,111年高雄市議員選舉,首次申報,1111016,人事費用支出,陳瑋均,R22*******,0.00,6552.00,,,,工資或薪津,金錢,高雄市楠梓區****,,否,,,,,,,
107,黃紹庭,111年高雄市議員選舉,首次申報,1111017,雜支支出,安欣科技服務股份有限公司,26035089,0.00,4000.00,,,,雜項購置或修繕費用,金錢,,,否,,,,,,,
108,黃紹庭,111年高雄市議員選舉,首次申報,1111017,返還捐贈支出,鴻奕休閒文化股份有限公司,29013709,0.00,10000.00,,,,返還,金錢,高雄市苓雅區****,,否,,,,,,,
109,黃紹庭,111年高雄市議員選舉,首次申報,1111017,返還捐贈支出,寬祺開發有限公司,45140673,0.00,100000.00,,,,返還,金錢,高雄市仁武區****,,否,,,,,,,
110,黃紹庭,111年高雄市議員選舉,首次申報,1111017,雜支支出,STARBUCKS,70788826,0.00,245.00,,,,餐飲費用,金錢,,,否,,,,,,,
111,黃紹庭,111年高雄市議員選舉,首次申報,1111018,集會支出,中堂燒肉,83779440,0.00,2280.00,,,,餐飲費用,金錢,,,否,,,,,,,
112,黃紹庭,111年高雄市議員選舉,首次申報,1111019,雜支支出,品宣企業行,08921015,0.00,1200.00,,,,影印,金錢,,,否,,,,,,,
113,黃紹庭,111年高雄市議員選舉,首次申報,1111019,集會支出,福海排骨小吃店,21361676,0.00,2720.00,,,,餐飲費用,金錢,苓雅區日中里****,,否,,,,,,,
114,黃紹庭,111年高雄市議員選舉,首次申報,1111019,宣傳支出,聚發包裝材料行,79876672,0.00,22490.00,,,,文宣品用,金錢,鹽埕區中山里****,,否,,,,,,,
115,黃紹庭,111年高雄市議員選舉,首次申報,1111019,集會支出,長勝商行,81065018,0.00,5500.00,,,,餐飲費用,金錢,,,否,,,,,,,
116,黃紹庭,111年高雄市議員選舉,首次申報,1111019,交通旅運支出,歐特儀股份有限公司,85536530,0.00,75.00,,,,停車費,金錢,,,否,,,,,,,
117,黃紹庭,111年高雄市議員選舉,首次申報,1111020,雜支支出,高雄市政府環境保護局,,0.00,2000.00,,,,流動公廁租金,金錢,高雄市鳥松區****,,否,,,,,,,
118,黃紹庭,111年高雄市議員選舉,首次申報,1111020,雜支支出,鶴屋企業行,19760775,0.00,4950.00,,,,文具用品費用,金錢,,,否,,,,,,,
119,黃紹庭,111年高雄市議員選舉,首次申報,1111020,雜支支出,康福電子實業有限公司,22823606,0.00,2700.00,,,,通訊器材,金錢,,,否,,,,,,,
120,黃紹庭,111年高雄市議員選舉,首次申報,1111020,雜支支出,興華唱片行,81098783,0.00,1450.00,,,,錄音製作、USB,金錢,,,否,,,,,,,
121,黃紹庭,111年高雄市議員選舉,首次申報,1111020,租用宣傳車輛支出,巨聲電業行,81227604,0.00,2700.00,,,,其他與租用宣傳車輛有關之費用,金錢,前鎮區瑞興里****,,否,,,,,,,
122,黃紹庭,111年高雄市議員選舉,首次申報,1111020,租用宣傳車輛支出,巨聲電業行,81227604,0.00,5000.00,,,,無線MIC接收機,金錢,前鎮區瑞興里****,,否,,,,,,,
123,黃紹庭,111年高雄市議員選舉,首次申報,1111020,雜支支出,益銘五金行,81474787,0.00,360.00,,,,鑽頭組,金錢,,,否,,,,,,,
124,黃紹庭,111年高雄市議員選舉,首次申報,1111021,集會支出,福海排骨小吃店,21361676,0.00,155.00,,,,餐飲費用,金錢,苓雅區日中里****,,否,,,,,,,
125,黃紹庭,111年高雄市議員選舉,首次申報,1111022,交通旅運支出,台灣中油,06957043,0.00,500.00,,,,油資,金錢,,,否,,,,,,,
126,黃紹庭,111年高雄市議員選舉,首次申報,1111022,集會支出,祈旺食品行,26015680,0.00,2400.00,,,,餐飲費用,金錢,,,否,,,,,,,
127,黃紹庭,111年高雄市議員選舉,首次申報,1111022,雜支支出,全家便利商店,53676360,0.00,390.00,,,,雨衣,金錢,,,否,,,,,,,
128,黃紹庭,111年高雄市議員選舉,首次申報,1111022,交通旅運支出,優步福爾摩沙股份有限公司,83118125,0.00,204.00,,,,搭乘交通工具費用,金錢,,,否,,,,,,,
129,黃紹庭,111年高雄市議員選舉,首次申報,1111022,交通旅運支出,優步福爾摩沙股份有限公司,83118125,0.00,205.00,,,,搭乘交通工具費用,金錢,,,否,,,,,,,
130,黃紹庭,111年高雄市議員選舉,首次申報,1111023,雜支支出,尚吉商號,08928713,0.00,240.00,,,,配鎖,金錢,,,否,,,,,,,
131,黃紹庭,111年高雄市議員選舉,首次申報,1111023,雜支支出,全家便利商店,70747558,0.00,30.00,,,,影印費,金錢,,,否,,,,,,,
132,黃紹庭,111年高雄市議員選舉,首次申報,1111023,宣傳支出,天之美彩色沖印行,81210287,0.00,75.00,,,,其他與選舉宣傳有關之費用,金錢,,,否,,,,,,,
133,黃紹庭,111年高雄市議員選舉,首次申報,1111023,雜支支出,特力屋,90487067,0.00,1287.00,,,,桌椅,金錢,,,否,,,,,,,
134,黃紹庭,111年高雄市議員選舉,首次申報,1111023,人事費用支出,陳瑋均,R22*******,0.00,7224.00,,,,工資或薪津,金錢,高雄市楠梓區****,,否,,,,,,,
135,黃紹庭,111年高雄市議員選舉,首次申報,1111023,人事費用支出,陳小群,S99*******,0.00,7896.00,,,,工資或薪津,金錢,高雄市小港區****,,否,,,,,,,
136,黃紹庭,111年高雄市議員選舉,首次申報,1111024,雜支支出,STARBUCKS,70788826,0.00,135.00,,,,餐飲費用,金錢,,,否,,,,,,,
137,黃紹庭,111年高雄市議員選舉,首次申報,1111024,交通旅運支出,嘟嘟房,72127344,0.00,50.00,,,,停車費,金錢,,,否,,,,,,,
138,黃紹庭,111年高雄市議員選舉,首次申報,1111024,集會支出,春蘭割包,81185837,0.00,3380.00,,,,餐飲費用,金錢,,,否,,,,,,,
139,黃紹庭,111年高雄市議員選舉,首次申報,1111024,交通旅運支出,優步福爾摩沙股份有限公司,83118125,0.00,174.00,,,,搭乘交通工具費用,金錢,,,否,,,,,,,
140,黃紹庭,111年高雄市議員選舉,首次申報,1111024,集會支出,中堂燒肉,83779440,0.00,2560.00,,,,餐飲費用,金錢,,,否,,,,,,,
141,黃紹庭,111年高雄市議員選舉,首次申報,1111025,交通旅運支出,計程車,,0.00,90.00,,,,搭乘交通工具費用,金錢,,0722*****,否,,,,,,,
142,黃紹庭,111年高雄市議員選舉,首次申報,1111025,集會支出,哲居酒屋,36997084,0.00,3660.00,,,,餐飲費用,金錢,,,否,,,,,,,
143,黃紹庭,111年高雄市議員選舉,首次申報,1111025,雜支支出,特力屋,90487067,0.00,1686.00,,,,桌椅,金錢,,,否,,,,,,,
144,黃紹庭,111年高雄市議員選舉,首次申報,1111026,交通旅運支出,台灣中油,06829147,0.00,500.00,,,,油資,金錢,,,否,,,,,,,
145,黃紹庭,111年高雄市議員選舉,首次申報,1111026,雜支支出,世紀花工場,06845483,0.00,9000.00,,,,葡萄葉,金錢,,,否,,,,,,,
146,黃紹庭,111年高雄市議員選舉,首次申報,1111026,雜支支出,品宣企業行,08921015,0.00,5000.00,,,,影印,金錢,,,否,,,,,,,
147,黃紹庭,111年高雄市議員選舉,首次申報,1111026,雜支支出,品宣企業行,08921015,0.00,5000.00,,,,影印,金錢,,,否,,,,,,,
148,黃紹庭,111年高雄市議員選舉,首次申報,1111026,雜支支出,寶翰生活館有限公司,16117842,0.00,425.00,,,,束帶,金錢,,,否,,,,,,,
149,黃紹庭,111年高雄市議員選舉,首次申報,1111026,雜支支出,全國電子,16320612,0.00,289.00,,,,車用擴充雙USB充電器,金錢,,,否,,,,,,,
150,黃紹庭,111年高雄市議員選舉,首次申報,1111026,雜支支出,屏南玖玖百貨行,25953736,0.00,270.00,,,,尼龍紮線帶,金錢,,,否,,,,,,,
151,黃紹庭,111年高雄市議員選舉,首次申報,1111026,交通旅運支出,日月亭股份有限公司,88042841,0.00,45.00,,,,停車費,金錢,,,否,,,,,,,
152,黃紹庭,111年高雄市議員選舉,首次申報,1111027,宣傳支出,郵局-廣澤,03741302,0.00,51645.00,,,,郵寄競選物品或宣傳廣告費用,金錢,高雄市前鎮區****,,否,,,,,,,
153,黃紹庭,111年高雄市議員選舉,首次申報,1111027,交通旅運支出,台灣中油,06829147,0.00,700.00,,,,油資,金錢,,,否,,,,,,,
154,黃紹庭,111年高雄市議員選舉,首次申報,1111027,雜支支出,世紀花工場,06845483,0.00,4800.00,,,,葡萄葉藤,金錢,,,否,,,,,,,
155,黃紹庭,111年高雄市議員選舉,首次申報,1111027,交通旅運支出,歐特儀股份有限公司,41280589,0.00,60.00,,,,停車費,金錢,,,否,,,,,,,
156,黃紹庭,111年高雄市議員選舉,首次申報,1111027,集會支出,春蘭割包,81185837,0.00,2470.00,,,,餐飲費用,金錢,,,否,,,,,,,
157,黃紹庭,111年高雄市議員選舉,首次申報,1111027,交通旅運支出,日月亭股份有限公司,88038543,0.00,15.00,,,,停車費,金錢,,,否,,,,,,,
158,黃紹庭,111年高雄市議員選舉,首次申報,1111028,宣傳支出,郵局,,0.00,11741.00,,,,郵資,金錢,高雄市前鎮區****,,否,,,,,,,
159,黃紹庭,111年高雄市議員選舉,首次申報,1111028,宣傳支出,郵局-廣澤,03741302,0.00,60805.00,,,,郵寄競選物品或宣傳廣告費用,金錢,高雄市前鎮區****,,否,,,,,,,
160,黃紹庭,111年高雄市議員選舉,首次申報,1111028,交通旅運支出,台灣普客二四股份有限公司高雄錦田路停車場,10245671,0.00,40.00,,,,停車費,金錢,,,否,,,,,,,
161,黃紹庭,111年高雄市議員選舉,首次申報,1111028,雜支支出,屏南玖玖百貨行,25953736,0.00,225.00,,,,尼龍紮線帶,金錢,,,否,,,,,,,
162,黃紹庭,111年高雄市議員選舉,首次申報,1111028,雜支支出,大苑子,25972804,0.00,85.00,,,,餐飲費用,金錢,,,否,,,,,,,
163,黃紹庭,111年高雄市議員選舉,首次申報,1111028,集會支出,晶英國際行館,59269713,0.00,23914.00,,,,餐飲費用,金錢,前鎮區振興里****,,否,,,,,,,
164,黃紹庭,111年高雄市議員選舉,首次申報,1111028,集會支出,春蘭割包,81185837,0.00,1950.00,,,,餐飲費用,金錢,,,否,,,,,,,
165,黃紹庭,111年高雄市議員選舉,首次申報,1111030,交通旅運支出,信盈高雄市停車費,23060248,0.00,1755.00,,,,停車費,金錢,,,否,,,,,,,
166,黃紹庭,111年高雄市議員選舉,首次申報,1111030,集會支出,元興居傳統早餐店,57925024,0.00,196.00,,,,餐飲費用,金錢,,,否,,,,,,,
167,黃紹庭,111年高雄市議員選舉,首次申報,1111030,集會支出,挑食有限公司,59145538,0.00,2860.00,,,,餐飲費用,金錢,,,否,,,,,,,
168,黃紹庭,111年高雄市議員選舉,首次申報,1111030,集會支出,富治燒肉,91507604,0.00,2110.00,,,,餐飲費用,金錢,,,否,,,,,,,
169,黃紹庭,111年高雄市議員選舉,首次申報,1111030,人事費用支出,陳瑋均,R22*******,0.00,6132.00,,,,工資或薪津,金錢,高雄市楠梓區****,,否,,,,,,,
170,黃紹庭,111年高雄市議員選舉,首次申報,1111030,人事費用支出,陳小群,S99*******,0.00,8820.00,,,,工資或薪津,金錢,高雄市小港區****,,否,,,,,,,
171,黃紹庭,111年高雄市議員選舉,首次申報,1111031,雜支支出,吳響峻布莊青年分店,06843871,0.00,300.00,,,,布,金錢,,,否,,,,,,,
172,黃紹庭,111年高雄市議員選舉,首次申報,1111031,雜支支出,屏南玖玖百貨行,25953736,0.00,215.00,,,,雜項購置或修繕費用,金錢,,,否,,,,,,,
173,黃紹庭,111年高雄市議員選舉,首次申報,1111031,宣傳支出,涵馥堂美術事業有限公司,76475694,0.00,180.00,,,,其他與選舉宣傳有關之費用,金錢,,,否,,,,,,,
174,黃紹庭,111年高雄市議員選舉,首次申報,1111031,雜支支出,裕田烘焙坊,85466561,0.00,578.00,,,,餐飲費用,金錢,,,否,,,,,,,
175,黃紹庭,111年高雄市議員選舉,首次申報,1111031,雜支支出,九乘九文具,90713459,0.00,165.00,,,,喇叭,金錢,,,否,,,,,,,
176,黃紹庭,111年高雄市議員選舉,首次申報,1111101,交通旅運支出,台灣中油,06957043,0.00,1700.00,,,,油資,金錢,,,否,,,,,,,
177,黃紹庭,111年高雄市議員選舉,首次申報,1111101,集會支出,福海排骨小吃店,21361676,0.00,4720.00,,,,餐飲費用,金錢,苓雅區日中里****,,否,,,,,,,
178,黃紹庭,111年高雄市議員選舉,首次申報,1111101,交通旅運支出,光華加油站,22842688,0.00,500.00,,,,油資,金錢,,,否,,,,,,,
179,黃紹庭,111年高雄市議員選舉,首次申報,1111101,雜支支出,屏南玖玖百貨行,25953736,0.00,205.00,,,,尼龍紮線帶,金錢,,,否,,,,,,,
180,黃紹庭,111年高雄市議員選舉,首次申報,1111101,交通旅運支出,全國加油站,67840453,0.00,592.00,,,,油資,金錢,,,否,,,,,,,
181,黃紹庭,111年高雄市議員選舉,首次申報,1111101,雜支支出,興華唱片行,81098783,0.00,12000.00,,,,錄音,金錢,,,否,,,,,,,
182,黃紹庭,111年高雄市議員選舉,首次申報,1111101,交通旅運支出,優步福爾摩沙股份有限公司,83118125,0.00,216.00,,,,搭乘交通工具費用,金錢,,,否,,,,,,,
183,黃紹庭,111年高雄市議員選舉,首次申報,1111101,宣傳支出,翰堂設計事業有限公司,84741387,0.00,569503.00,,,,租用廣告看板或車體廣告費用,金錢,高雄市苓雅區****,,否,,,,,,,
184,黃紹庭,111年高雄市議員選舉,首次申報,1111102,交通旅運支出,台灣中油,06829147,0.00,700.00,,,,油資,金錢,,,否,,,,,,,
185,黃紹庭,111年高雄市議員選舉,首次申報,1111102,交通旅運支出,台灣中油,06892339,0.00,800.00,,,,油資,金錢,,,否,,,,,,,
186,黃紹庭,111年高雄市議員選舉,首次申報,1111102,雜支支出,國旗女孩大高雄旗鑑店,10235717,0.00,7000.00,,,,國旗,金錢,,,否,,,,,,,
187,黃紹庭,111年高雄市議員選舉,首次申報,1111102,雜支支出,50嵐綠茶連鎖專賣店,41273927,0.00,303.00,,,,餐飲費用,金錢,,,否,,,,,,,
188,黃紹庭,111年高雄市議員選舉,首次申報,1111102,集會支出,春蘭割包,81185837,0.00,2775.00,,,,餐飲費用,金錢,,,否,,,,,,,
189,黃紹庭,111年高雄市議員選舉,首次申報,1111103,雜支支出,世全興業行,06867514,0.00,870.00,,,,背心,金錢,高雄市三民區****,,否,,,,,,,
190,黃紹庭,111年高雄市議員選舉,首次申報,1111103,交通旅運支出,台灣中油,06957022,0.00,870.00,,,,油資,金錢,,,否,,,,,,,
191,黃紹庭,111年高雄市議員選舉,首次申報,1111103,雜支支出,九乘九文具,90713459,0.00,660.00,,,,喇叭,金錢,,,否,,,,,,,
192,黃紹庭,111年高雄市議員選舉,首次申報,1111104,交通旅運支出,台灣中油,06957043,0.00,500.00,,,,油資,金錢,,,否,,,,,,,
193,黃紹庭,111年高雄市議員選舉,首次申報,1111104,集會支出,堤岸越式料理店,26002448,0.00,630.00,,,,餐飲費用,金錢,,,否,,,,,,,
194,黃紹庭,111年高雄市議員選舉,首次申報,1111104,集會支出,全賓中式快餐便當,69899140,0.00,5400.00,,,,餐飲費用,金錢,,,否,,,,,,,
195,黃紹庭,111年高雄市議員選舉,首次申報,1111104,宣傳支出,聚發包裝材料行,79876672,0.00,4500.00,,,,文宣品用,金錢,鹽埕區中山里****,,否,,,,,,,
196,黃紹庭,111年高雄市議員選舉,首次申報,1111104,雜支支出,九乘九文具,90211688,0.00,660.00,,,,喇叭,金錢,,,否,,,,,,,
197,黃紹庭,111年高雄市議員選舉,首次申報,1111104,雜支支出,九乘九文具,90713459,0.00,495.00,,,,喇叭,金錢,,,否,,,,,,,
198,黃紹庭,111年高雄市議員選舉,首次申報,1111105,雜支支出,志成商行,06688890,0.00,960.00,,,,免洗用品,金錢,,,否,,,,,,,
199,黃紹庭,111年高雄市議員選舉,首次申報,1111105,交通旅運支出,台灣中油,06957043,0.00,800.00,,,,油資,金錢,,,否,,,,,,,
200,黃紹庭,111年高雄市議員選舉,首次申報,1111105,集會支出,傳香食品,19760016,0.00,53200.00,,,,肉包,金錢,高雄市鼓山區****,,否,,,,,,,
201,黃紹庭,111年高雄市議員選舉,首次申報,1111105,集會支出,紅毛港海產有限公司,22842385,0.00,10076.00,,,,餐飲費用,金錢,,,否,,,,,,,
202,黃紹庭,111年高雄市議員選舉,首次申報,1111105,租用競選辦事處支出,皇仁會展企業行,41292369,0.00,8600.00,,,,桌椅,金錢,,,否,,,,,,,
203,黃紹庭,111年高雄市議員選舉,首次申報,1111105,集會支出,全賓中式快餐便當,69899140,0.00,7920.00,,,,餐飲費用,金錢,,,否,,,,,,,
204,黃紹庭,111年高雄市議員選舉,首次申報,1111105,租用競選辦事處支出,太河專業音響有限公司,70612637,0.00,144900.00,,,,租音響、視訊設備,金錢,高雄市三民區****,,否,,,,,,,
205,黃紹庭,111年高雄市議員選舉,首次申報,1111105,雜支支出,麻古茶坊,81002859,0.00,320.00,,,,餐飲費用,金錢,,,否,,,,,,,
206,黃紹庭,111年高雄市議員選舉,首次申報,1111105,集會支出,五城肉粽店,82692993,0.00,52000.00,,,,餐飲費用,金錢,前鎮區瑞新生****,,否,,,,,,,
207,黃紹庭,111年高雄市議員選舉,首次申報,1111105,集會支出,五城肉粽專賣店,82692993,0.00,5600.00,,,,餐飲費用,金錢,前鎮區瑞新生****,,否,,,,,,,
208,黃紹庭,111年高雄市議員選舉,首次申報,1111105,雜支支出,特力屋,90487067,0.00,550.00,,,,%酒精,金錢,,,否,,,,,,,
209,黃紹庭,111年高雄市議員選舉,首次申報,1111105,人事費用支出,陳小群,S99*******,0.00,7140.00,,,,工資或薪津,金錢,高雄市小港區****,,否,,,,,,,
210,黃紹庭,111年高雄市議員選舉,首次申報,1111106,交通旅運支出,台灣中油,06957043,0.00,800.00,,,,油資,金錢,,,否,,,,,,,
211,黃紹庭,111年高雄市議員選舉,首次申報,1111106,集會支出,梁社漢排骨飯,88029869,0.00,420.00,,,,餐飲費用,金錢,,,否,,,,,,,
212,黃紹庭,111年高雄市議員選舉,首次申報,1111106,集會支出,梁社漢排骨飯,88029869,0.00,804.00,,,,餐飲費用,金錢,,,否,,,,,,,
213,黃紹庭,111年高雄市議員選舉,首次申報,1111106,集會支出,梁社漢排骨飯,88029869,0.00,210.00,,,,餐飲費用,金錢,,,否,,,,,,,
214,黃紹庭,111年高雄市議員選舉,首次申報,1111107,集會支出,上也日式咖哩飯,,0.00,2600.00,,,,餐飲費用,金錢,高雄市苓雅區****,,否,,,,,,,
215,黃紹庭,111年高雄市議員選舉,首次申報,1111107,交通旅運支出,台灣中油,06892339,0.00,870.00,,,,油資,金錢,,,否,,,,,,,
216,黃紹庭,111年高雄市議員選舉,首次申報,1111107,交通旅運支出,台灣中油,06957022,0.00,820.00,,,,油資,金錢,,,否,,,,,,,
217,黃紹庭,111年高雄市議員選舉,首次申報,1111107,交通旅運支出,光華加油站,22842688,0.00,100.00,,,,油資,金錢,,,否,,,,,,,
218,黃紹庭,111年高雄市議員選舉,首次申報,1111107,交通旅運支出,光華加油站,22842688,0.00,600.00,,,,油資,金錢,,,否,,,,,,,
219,黃紹庭,111年高雄市議員選舉,首次申報,1111107,雜支支出,先鋒保全股份有限公司,23644150,0.00,1000.00,,,,月系統保全服務費,金錢,,,否,,,,,,,
220,黃紹庭,111年高雄市議員選舉,首次申報,1111108,交通旅運支出,台灣中油,06957043,0.00,800.00,,,,油資,金錢,,,否,,,,,,,
221,黃紹庭,111年高雄市議員選舉,首次申報,1111108,宣傳支出,玩美點子有限公司,24511381,0.00,46000.00,,,,影片拍攝製作,金錢,高雄市苓雅區****,,否,,,,,,,
222,黃紹庭,111年高雄市議員選舉,首次申報,1111108,集會支出,哲居酒屋,36997084,0.00,3475.00,,,,餐飲費用,金錢,,,否,,,,,,,
223,黃紹庭,111年高雄市議員選舉,首次申報,1111108,雜支支出,苓強鎖印行,81187125,0.00,240.00,,,,配鎖,金錢,,,否,,,,,,,
224,黃紹庭,111年高雄市議員選舉,首次申報,1111108,雜支支出,苓強鎖印行,81187125,0.00,200.00,,,,印章,金錢,,,否,,,,,,,
225,黃紹庭,111年高雄市議員選舉,首次申報,1111108,集會支出,中堂燒肉一心店,83779440,0.00,2350.00,,,,餐飲費用,金錢,,,否,,,,,,,
226,黃紹庭,111年高雄市議員選舉,首次申報,1111108,集會支出,晚一點商店,91442434,0.00,1590.00,,,,餐飲費用,金錢,,,否,,,,,,,
227,黃紹庭,111年高雄市議員選舉,首次申報,1111109,集會支出,福海排骨小吃店,21361676,0.00,3540.00,,,,餐飲費用,金錢,苓雅區日中里****,,否,,,,,,,
228,黃紹庭,111年高雄市議員選舉,首次申報,1111109,租用競選辦事處支出,盛和實業有限公司,83219968,0.00,29900.00,,,,門口地毯,金錢,鳳山區頂新八****,,否,,,,,,,
229,黃紹庭,111年高雄市議員選舉,首次申報,1111109,雜支支出,裕田烘焙坊,85466561,0.00,1000.00,,,,餐飲費用,金錢,,,否,,,,,,,
230,黃紹庭,111年高雄市議員選舉,首次申報,1111109,交通旅運支出,日月亭股份有限公司,88043187,0.00,95.00,,,,停車費,金錢,,,否,,,,,,,
231,黃紹庭,111年高雄市議員選舉,首次申報,1111109,宣傳支出,迪卡儂,88075722,0.00,2499.00,,,,放文宣的推車,金錢,,,否,,,,,,,
232,黃紹庭,111年高雄市議員選舉,首次申報,1111110,宣傳支出,郵局,,0.00,420.00,,,,郵資,金錢,高雄市前鎮區****,,否,,,,,,,
233,黃紹庭,111年高雄市議員選舉,首次申報,1111110,交通旅運支出,台灣中油,06957043,0.00,800.00,,,,油資,金錢,,,否,,,,,,,
234,黃紹庭,111年高雄市議員選舉,首次申報,1111110,雜支支出,屏南玖玖百貨行,25953736,0.00,90.00,,,,打火機瓦斯罐,金錢,,,否,,,,,,,
235,黃紹庭,111年高雄市議員選舉,首次申報,1111110,集會支出,中堂燒肉一心店,83779440,0.00,2070.00,,,,餐飲費用,金錢,,,否,,,,,,,
236,黃紹庭,111年高雄市議員選舉,首次申報,1111110,雜支支出,Opea西點專賣林森店,85449959,0.00,1150.00,,,,餐飲費用,金錢,,,否,,,,,,,
237,黃紹庭,111年高雄市議員選舉,首次申報,1111110,集會支出,美惠咖啡,85526738,0.00,252.00,,,,餐飲費用,金錢,,,否,,,,,,,
238,黃紹庭,111年高雄市議員選舉,首次申報,1111111,交通旅運支出,台灣中油,06829168,0.00,800.00,,,,油資,金錢,,,否,,,,,,,
239,黃紹庭,111年高雄市議員選舉,首次申報,1111111,交通旅運支出,台灣中油,06957141,0.00,870.00,,,,油資,金錢,,,否,,,,,,,
240,黃紹庭,111年高雄市議員選舉,首次申報,1111111,交通旅運支出,信盈高雄市停車費,23060248,0.00,45.00,,,,停車費,金錢,,,否,,,,,,,
241,黃紹庭,111年高雄市議員選舉,首次申報,1111111,交通旅運支出,信盈高雄市停車費,23060248,0.00,1080.00,,,,停車費,金錢,,,否,,,,,,,
242,黃紹庭,111年高雄市議員選舉,首次申報,1111111,集會支出,哲居酒屋,36997084,0.00,2300.00,,,,餐飲費用,金錢,,,否,,,,,,,
243,黃紹庭,111年高雄市議員選舉,首次申報,1111111,雜支支出,特力屋,90487067,0.00,499.00,,,,電蚊拍,金錢,,,否,,,,,,,
244,黃紹庭,111年高雄市議員選舉,首次申報,1111111,人事費用支出,陳小群,S99*******,0.00,6384.00,,,,工資或薪津,金錢,高雄市小港區****,,否,,,,,,,
245,黃紹庭,111年高雄市議員選舉,首次申報,1111112,集會支出,哲居酒屋,36997084,0.00,2200.00,,,,餐飲費用,金錢,,,否,,,,,,,
246,黃紹庭,111年高雄市議員選舉,首次申報,1111112,集會支出,中堂燒肉一心店,83779440,0.00,3800.00,,,,餐飲費用,金錢,,,否,,,,,,,
247,黃紹庭,111年高雄市議員選舉,首次申報,1111113,集會支出,福海排骨小吃店,21361676,0.00,2560.00,,,,餐飲費用,金錢,苓雅區日中里****,,否,,,,,,,
248,黃紹庭,111年高雄市議員選舉,首次申報,1111113,集會支出,老正興可樂哥餐館,41324480,0.00,1920.00,,,,餐飲費用,金錢,,,否,,,,,,,
249,黃紹庭,111年高雄市議員選舉,首次申報,1111113,集會支出,挑食有限公司,59145538,0.00,2079.00,,,,餐飲費用,金錢,,,否,,,,,,,
250,黃紹庭,111年高雄市議員選舉,首次申報,1111113,雜支支出,STARBUCKS,70788826,0.00,410.00,,,,餐飲費用,金錢,,,否,,,,,,,
251,黃紹庭,111年高雄市議員選舉,首次申報,1111113,交通旅運支出,優步福爾摩沙股份有限公司,83118125,0.00,197.00,,,,搭乘交通工具費用,金錢,,,否,,,,,,,
252,黃紹庭,111年高雄市議員選舉,首次申報,1111113,集會支出,梁社漢排骨飯,88029869,0.00,420.00,,,,餐飲費用,金錢,,,否,,,,,,,
253,黃紹庭,111年高雄市議員選舉,首次申報,1111113,人事費用支出,陳瑋均,R22*******,0.00,5796.00,,,,工資或薪津,金錢,高雄市楠梓區****,,否,,,,,,,
254,黃紹庭,111年高雄市議員選舉,首次申報,1111114,交通旅運支出,台灣中油,06892324,0.00,800.00,,,,油資,金錢,,,否,,,,,,,
255,黃紹庭,111年高雄市議員選舉,首次申報,1111114,集會支出,竹串燒料理小吃店,10236286,0.00,4525.00,,,,餐飲費用,金錢,,,否,,,,,,,
256,黃紹庭,111年高雄市議員選舉,首次申報,1111114,交通旅運支出,光華加油站,22842688,0.00,800.00,,,,油資,金錢,,,否,,,,,,,
257,黃紹庭,111年高雄市議員選舉,首次申報,1111114,集會支出,春夏冬家庭料理有限公司,54635281,0.00,1733.00,,,,餐飲費用,金錢,,,否,,,,,,,
258,黃紹庭,111年高雄市議員選舉,首次申報,1111114,宣傳支出,聚發包裝材料行,79876672,0.00,6000.00,,,,文宣品用,金錢,鹽埕區中山里****,,否,,,,,,,
259,黃紹庭,111年高雄市議員選舉,首次申報,1111114,集會支出,梁社漢排骨飯,88029869,0.00,630.00,,,,餐飲費用,金錢,,,否,,,,,,,
260,黃紹庭,111年高雄市議員選舉,首次申報,1111114,集會支出,梁社漢排骨飯,88029869,0.00,210.00,,,,餐飲費用,金錢,,,否,,,,,,,
261,黃紹庭,111年高雄市議員選舉,首次申報,1111114,集會支出,梁社漢排骨飯,88029869,0.00,1575.00,,,,餐飲費用,金錢,,,否,,,,,,,
262,黃紹庭,111年高雄市議員選舉,首次申報,1111115,宣傳支出,南六企業股份有限公司,75989858,0.00,63000.00,,,,南六數位印刷口罩,金錢,燕巢區角宿里****,,否,,,,,,,
263,黃紹庭,111年高雄市議員選舉,首次申報,1111115,集會支出,春蘭割包,81185837,0.00,1495.00,,,,餐飲費用,金錢,,,否,,,,,,,
264,黃紹庭,111年高雄市議員選舉,首次申報,1111115,雜支支出,Opea西點專賣林森店,85449959,0.00,1250.00,,,,餐飲費用,金錢,,,否,,,,,,,
265,黃紹庭,111年高雄市議員選舉,首次申報,1111116,交通旅運支出,台灣中油,06957016,0.00,780.00,,,,油資,金錢,,,否,,,,,,,
266,黃紹庭,111年高雄市議員選舉,首次申報,1111116,交通旅運支出,台灣中油,06957043,0.00,780.00,,,,油資,金錢,,,否,,,,,,,
267,黃紹庭,111年高雄市議員選舉,首次申報,1111116,集會支出,金國排骨店,18117811,0.00,900.00,,,,餐飲費用,金錢,,,否,,,,,,,
268,黃紹庭,111年高雄市議員選舉,首次申報,1111116,集會支出,哲居酒屋,36997084,0.00,1450.00,,,,餐飲費用,金錢,,,否,,,,,,,
269,黃紹庭,111年高雄市議員選舉,首次申報,1111116,集會支出,梁社漢排骨飯,88029869,0.00,256.00,,,,餐飲費用,金錢,,,否,,,,,,,
270,黃紹庭,111年高雄市議員選舉,首次申報,1111116,集會支出,梁社漢排骨飯,88029869,0.00,420.00,,,,餐飲費用,金錢,,,否,,,,,,,
271,黃紹庭,111年高雄市議員選舉,首次申報,1111116,交通旅運支出,詮營停車,92167792,0.00,75.00,,,,停車費,金錢,,,否,,,,,,,
272,黃紹庭,111年高雄市議員選舉,首次申報,1111117,交通旅運支出,台灣中油,06957043,0.00,1400.00,,,,油資,金錢,,,否,,,,,,,
273,黃紹庭,111年高雄市議員選舉,首次申報,1111117,交通旅運支出,信盈高雄市停車費,23060248,0.00,150.00,,,,停車費,金錢,,,否,,,,,,,
274,黃紹庭,111年高雄市議員選舉,首次申報,1111117,雜支支出,漢來美食,80352955,0.00,4120.00,,,,餐飲費用,金錢,,,否,,,,,,,
275,黃紹庭,111年高雄市議員選舉,首次申報,1111117,集會支出,春蘭割包,81185837,0.00,2080.00,,,,餐飲費用,金錢,,,否,,,,,,,
276,黃紹庭,111年高雄市議員選舉,首次申報,1111117,交通旅運支出,優步福爾摩沙股份有限公司,83118125,0.00,123.00,,,,搭乘交通工具費用,金錢,,,否,,,,,,,
277,黃紹庭,111年高雄市議員選舉,首次申報,1111117,集會支出,晚一點商店,91442434,0.00,2480.00,,,,餐飲費用,金錢,,,否,,,,,,,
278,黃紹庭,111年高雄市議員選舉,首次申報,1111118,交通旅運支出,台灣中油,06829168,0.00,820.00,,,,油資,金錢,,,否,,,,,,,
279,黃紹庭,111年高雄市議員選舉,首次申報,1111118,交通旅運支出,台灣中油,06829168,0.00,800.00,,,,油資,金錢,,,否,,,,,,,
280,黃紹庭,111年高雄市議員選舉,首次申報,1111118,集會支出,福海排骨小吃店,21361676,0.00,400.00,,,,餐飲費用,金錢,苓雅區日中里****,,否,,,,,,,
281,黃紹庭,111年高雄市議員選舉,首次申報,1111118,交通旅運支出,信盈高雄市停車費,23060248,0.00,135.00,,,,停車費,金錢,,,否,,,,,,,
282,黃紹庭,111年高雄市議員選舉,首次申報,1111118,集會支出,中正手工肉包,38709567,0.00,930.00,,,,餐飲費用,金錢,,,否,,,,,,,
283,黃紹庭,111年高雄市議員選舉,首次申報,1111118,雜支支出,南六企業股份有限公司,75989858,0.00,6500.00,,,,南六醫用彩色口罩,金錢,燕巢區角宿里****,,否,,,,,,,
284,黃紹庭,111年高雄市議員選舉,首次申報,1111118,宣傳支出,聚發包裝材料行,79876672,0.00,2200.00,,,,文宣品用,金錢,鹽埕區中山里****,,否,,,,,,,
285,黃紹庭,111年高雄市議員選舉,首次申報,1111118,集會支出,春蘭割包,81185837,0.00,1040.00,,,,餐飲費用,金錢,,,否,,,,,,,
286,黃紹庭,111年高雄市議員選舉,首次申報,1111119,集會支出,正山東魏家水煎包店,,0.00,1200.00,,,,餐飲費用,金錢,高雄市新興區****,,否,,,,,,,
287,黃紹庭,111年高雄市議員選舉,首次申報,1111119,交通旅運支出,大眾加油站,16821094,0.00,827.00,,,,油資,金錢,,,否,,,,,,,
288,黃紹庭,111年高雄市議員選舉,首次申報,1111119,集會支出,福海排骨小吃店,21361676,0.00,2000.00,,,,餐飲費用,金錢,苓雅區日中里****,,否,,,,,,,
289,黃紹庭,111年高雄市議員選舉,首次申報,1111119,交通旅運支出,全國加油站,67840453,0.00,915.00,,,,油資,金錢,,,否,,,,,,,
290,黃紹庭,111年高雄市議員選舉,首次申報,1111119,集會支出,中堂燒肉一心店,83779440,0.00,1910.00,,,,餐飲費用,金錢,,,否,,,,,,,
291,黃紹庭,111年高雄市議員選舉,首次申報,1111120,交通旅運支出,台灣中油,06957043,0.00,800.00,,,,油資,金錢,,,否,,,,,,,
292,黃紹庭,111年高雄市議員選舉,首次申報,1111120,交通旅運支出,台灣中油,06957141,0.00,500.00,,,,油資,金錢,,,否,,,,,,,
293,黃紹庭,111年高雄市議員選舉,首次申報,1111120,集會支出,挑食有限公司,59145538,0.00,1906.00,,,,餐飲費用,金錢,,,否,,,,,,,
294,黃紹庭,111年高雄市議員選舉,首次申報,1111120,集會支出,全賓中式快餐便當,69899140,0.00,2700.00,,,,餐飲費用,金錢,,,否,,,,,,,
295,黃紹庭,111年高雄市議員選舉,首次申報,1111120,集會支出,梁社漢排骨飯,88029869,0.00,1050.00,,,,餐飲費用,金錢,,,否,,,,,,,
296,黃紹庭,111年高雄市議員選舉,首次申報,1111120,集會支出,梁社漢排骨飯,88029869,0.00,420.00,,,,餐飲費用,金錢,,,否,,,,,,,
297,黃紹庭,111年高雄市議員選舉,首次申報,1111120,雜支支出,QBurger,90305806,0.00,85.00,,,,餐飲費用,金錢,,,否,,,,,,,
298,黃紹庭,111年高雄市議員選舉,首次申報,1111120,雜支支出,特力屋,90487067,0.00,199.00,,,,電池,金錢,,,否,,,,,,,
299,黃紹庭,111年高雄市議員選舉,首次申報,1111120,雜支支出,明洞海苔飯捲,91453142,0.00,195.00,,,,餐飲費用,金錢,,,否,,,,,,,
300,黃紹庭,111年高雄市議員選舉,首次申報,1111120,雜支支出,明洞海苔飯捲,91453142,0.00,1250.00,,,,餐飲費用,金錢,,,否,,,,,,,
301,黃紹庭,111年高雄市議員選舉,首次申報,1111120,人事費用支出,陳瑋均,R22*******,0.00,6804.00,,,,工資或薪津,金錢,高雄市楠梓區****,,否,,,,,,,
302,黃紹庭,111年高雄市議員選舉,首次申報,1111120,人事費用支出,陳小群,S99*******,0.00,10752.00,,,,工資或薪津,金錢,高雄市小港區****,,否,,,,,,,
303,黃紹庭,111年高雄市議員選舉,首次申報,1111121,宣傳支出,郵局,,0.00,29667.00,,,,郵資,金錢,高雄市新興區****,,否,,,,,,,
304,黃紹庭,111年高雄市議員選舉,首次申報,1111121,交通旅運支出,台灣中油,06892318,0.00,500.00,,,,油資,金錢,,,否,,,,,,,
305,黃紹庭,111年高雄市議員選舉,首次申報,1111121,交通旅運支出,台灣中油,06957043,0.00,550.00,,,,油資,金錢,,,否,,,,,,,
306,黃紹庭,111年高雄市議員選舉,首次申報,1111121,交通旅運支出,台灣中油,06957043,0.00,300.00,,,,油資,金錢,,,否,,,,,,,
307,黃紹庭,111年高雄市議員選舉,首次申報,1111121,雜支支出,品宣企業行,08921015,0.00,77.00,,,,影印,金錢,,,否,,,,,,,
308,黃紹庭,111年高雄市議員選舉,首次申報,1111121,雜支支出,中華電信股份有限公司,19762247,0.00,1290.00,,,,電信費用,金錢,,,否,,,,,,,
309,黃紹庭,111年高雄市議員選舉,首次申報,1111121,雜支支出,中華電信股份有限公司,19762247,0.00,1290.00,,,,電信費用,金錢,,,否,,,,,,,
310,黃紹庭,111年高雄市議員選舉,首次申報,1111121,雜支支出,中華電信股份有限公司,19762247,0.00,1290.00,,,,電信費用,金錢,,,否,,,,,,,
311,黃紹庭,111年高雄市議員選舉,首次申報,1111121,雜支支出,中華電信股份有限公司,19762247,0.00,1290.00,,,,電信費用,金錢,,,否,,,,,,,
312,黃紹庭,111年高雄市議員選舉,首次申報,1111121,雜支支出,中華電信股份有限公司,19762247,0.00,1290.00,,,,電信費用,金錢,,,否,,,,,,,
313,黃紹庭,111年高雄市議員選舉,首次申報,1111121,雜支支出,中華電信股份有限公司,19762247,0.00,1290.00,,,,電信費用,金錢,,,否,,,,,,,
314,黃紹庭,111年高雄市議員選舉,首次申報,1111121,雜支支出,中華電信股份有限公司,19762247,0.00,1290.00,,,,電信費用,金錢,,,否,,,,,,,
315,黃紹庭,111年高雄市議員選舉,首次申報,1111121,雜支支出,中華電信股份有限公司,19762247,0.00,1290.00,,,,電信費用,金錢,,,否,,,,,,,
316,黃紹庭,111年高雄市議員選舉,首次申報,1111121,雜支支出,中華電信股份有限公司,19762247,0.00,1290.00,,,,電信費用,金錢,,,否,,,,,,,
317,黃紹庭,111年高雄市議員選舉,首次申報,1111121,雜支支出,中華電信股份有限公司,19762247,0.00,1290.00,,,,電信費用,金錢,,,否,,,,,,,
318,黃紹庭,111年高雄市議員選舉,首次申報,1111121,宣傳支出,聚發包裝材料行,79876672,0.00,1300.00,,,,文宣品用,金錢,鹽埕區中山里****,,否,,,,,,,
319,黃紹庭,111年高雄市議員選舉,首次申報,1111121,雜支支出,耕新企業社,81837839,0.00,28000.00,,,,派報,金錢,,,否,,,,,,,
320,黃紹庭,111年高雄市議員選舉,首次申報,1111121,交通旅運支出,優步福爾摩沙股份有限公司,83118125,0.00,136.00,,,,搭乘交通工具費用,金錢,,,否,,,,,,,
321,黃紹庭,111年高雄市議員選舉,首次申報,1111121,集會支出,梁社漢排骨飯,88029869,0.00,105.00,,,,餐飲費用,金錢,,,否,,,,,,,
322,黃紹庭,111年高雄市議員選舉,首次申報,1111121,雜支支出,明洞海苔飯捲,91453142,0.00,2700.00,,,,餐飲費用,金錢,,,否,,,,,,,
323,黃紹庭,111年高雄市議員選舉,首次申報,1111122,交通旅運支出,台灣中油,06829147,0.00,800.00,,,,油資,金錢,,,否,,,,,,,
324,黃紹庭,111年高雄市議員選舉,首次申報,1111122,集會支出,福海排骨小吃店,21361676,0.00,2160.00,,,,餐飲費用,金錢,苓雅區日中里****,,否,,,,,,,
325,黃紹庭,111年高雄市議員選舉,首次申報,1111122,雜支支出,懿品青海,26044290,0.00,970.00,,,,餐飲費用,金錢,,,否,,,,,,,
326,黃紹庭,111年高雄市議員選舉,首次申報,1111122,雜支支出,ICHEF,90381352,0.00,2419.00,,,,餐飲費用,金錢,,,否,,,,,,,
327,黃紹庭,111年高雄市議員選舉,首次申報,1111122,雜支支出,特力屋,90487067,0.00,419.00,,,,電池,金錢,,,否,,,,,,,
328,黃紹庭,111年高雄市議員選舉,首次申報,1111123,交通旅運支出,台灣中油,06829152,0.00,600.00,,,,油資,金錢,,,否,,,,,,,
329,黃紹庭,111年高雄市議員選舉,首次申報,1111123,交通旅運支出,光華加油站,22842688,0.00,800.00,,,,油資,金錢,,,否,,,,,,,
330,黃紹庭,111年高雄市議員選舉,首次申報,1111123,雜支支出,麻古茶坊,36991244,0.00,310.00,,,,餐飲費用,金錢,,,否,,,,,,,
331,黃紹庭,111年高雄市議員選舉,首次申報,1111123,雜支支出,青年書局,75988669,0.00,2256.00,,,,文具用品費用,金錢,,,否,,,,,,,
332,黃紹庭,111年高雄市議員選舉,首次申報,1111123,集會支出,春蘭割包,81185837,0.00,1625.00,,,,餐飲費用,金錢,,,否,,,,,,,
333,黃紹庭,111年高雄市議員選舉,首次申報,1111123,交通旅運支出,TIS Parking,88039732,0.00,100.00,,,,停車費,金錢,,,否,,,,,,,
334,黃紹庭,111年高雄市議員選舉,首次申報,1111123,雜支支出,明洞海苔飯捲,91453142,0.00,240.00,,,,餐飲費用,金錢,,,否,,,,,,,
335,黃紹庭,111年高雄市議員選舉,首次申報,1111124,宣傳支出,聯合報股份有限公司,03799802,0.00,31500.00,,,,聯合報廣告費,金錢,新北市汐止區****,,否,,,,,,,
336,黃紹庭,111年高雄市議員選舉,首次申報,1111124,交通旅運支出,台灣中油,06829168,0.00,800.00,,,,油資,金錢,,,否,,,,,,,
337,黃紹庭,111年高雄市議員選舉,首次申報,1111124,交通旅運支出,台灣中油,06957037,0.00,150.00,,,,油資,金錢,,,否,,,,,,,
338,黃紹庭,111年高雄市議員選舉,首次申報,1111124,交通旅運支出,台灣中油,06957043,0.00,145.00,,,,油資,金錢,,,否,,,,,,,
339,黃紹庭,111年高雄市議員選舉,首次申報,1111124,雜支支出,禾樺科技,16105732,0.00,1200.00,,,,HDTV.版M(護網),金錢,,,否,,,,,,,
340,黃紹庭,111年高雄市議員選舉,首次申報,1111124,集會支出,春蘭割包,81185837,0.00,650.00,,,,餐飲費用,金錢,,,否,,,,,,,
341,黃紹庭,111年高雄市議員選舉,首次申報,1111124,雜支支出,昕翌資訊有限公司,83532593,0.00,130.00,,,,文具用品費用,金錢,,,否,,,,,,,
342,黃紹庭,111年高雄市議員選舉,首次申報,1111124,雜支支出,興和源金香舖,99744735,0.00,6400.00,,,,拜拜用品,金錢,,,否,,,,,,,
343,黃紹庭,111年高雄市議員選舉,首次申報,1111125,交通旅運支出,台灣中油,06957043,0.00,500.00,,,,油資,金錢,,,否,,,,,,,
344,黃紹庭,111年高雄市議員選舉,首次申報,1111125,交通旅運支出,台灣中油,06957043,0.00,500.00,,,,油資,金錢,,,否,,,,,,,
345,黃紹庭,111年高雄市議員選舉,首次申報,1111125,交通旅運支出,台灣中油,06957043,0.00,700.00,,,,油資,金錢,,,否,,,,,,,
346,黃紹庭,111年高雄市議員選舉,首次申報,1111125,交通旅運支出,台灣中油,06957043,0.00,820.00,,,,油資,金錢,,,否,,,,,,,
347,黃紹庭,111年高雄市議員選舉,首次申報,1111125,集會支出,福海排骨小吃店,21361676,0.00,1760.00,,,,餐飲費用,金錢,苓雅區日中里****,,否,,,,,,,
348,黃紹庭,111年高雄市議員選舉,首次申報,1111125,交通旅運支出,信盈高雄市停車費,23060248,0.00,90.00,,,,停車費,金錢,,,否,,,,,,,
349,黃紹庭,111年高雄市議員選舉,首次申報,1111125,雜支支出,全家便利商店,53676360,0.00,282.00,,,,電池,金錢,,,否,,,,,,,
350,黃紹庭,111年高雄市議員選舉,首次申報,1111126,交通旅運支出,台灣中油,06957043,0.00,1500.00,,,,油資,金錢,,,否,,,,,,,
351,黃紹庭,111年高雄市議員選舉,首次申報,1111126,雜支支出,特力屋,90487067,0.00,199.00,,,,電池,金錢,,,否,,,,,,,
352,黃紹庭,111年高雄市議員選舉,首次申報,1111126,集會支出,富治燒肉,91507604,0.00,1290.00,,,,餐飲費用,金錢,,,否,,,,,,,
353,黃紹庭,111年高雄市議員選舉,首次申報,1111126,人事費用支出,陳小群,S99*******,0.00,7560.00,,,,工資或薪津,金錢,高雄市小港區****,,否,,,,,,,
354,黃紹庭,111年高雄市議員選舉,首次申報,1111127,交通旅運支出,台灣中油,06957043,0.00,500.00,,,,油資,金錢,,,否,,,,,,,
355,黃紹庭,111年高雄市議員選舉,首次申報,1111127,交通旅運支出,信盈高雄市停車費,23060248,0.00,1245.00,,,,停車費,金錢,,,否,,,,,,,
356,黃紹庭,111年高雄市議員選舉,首次申報,1111127,人事費用支出,陳瑋均,R22*******,0.00,5964.00,,,,工資或薪津,金錢,高雄市楠梓區****,,否,,,,,,,
357,黃紹庭,111年高雄市議員選舉,首次申報,1111128,交通旅運支出,優步福爾摩沙股份有限公司,83118125,0.00,274.00,,,,搭乘交通工具費用,金錢,,,否,,,,,,,
358,黃紹庭,111年高雄市議員選舉,首次申報,1111128,交通旅運支出,優步福爾摩沙股份有限公司,83118125,0.00,262.00,,,,搭乘交通工具費用,金錢,,,否,,,,,,,
359,黃紹庭,111年高雄市議員選舉,首次申報,1111128,租用宣傳車輛支出,張嘉敏,S22*******,0.00,18000.00,,,,租用吉普車、駕駛、油費,金錢,,,否,,,,,,,
360,黃紹庭,111年高雄市議員選舉,首次申報,1111129,集會支出,宮圓企業股份有限公司,16465996,0.00,1200.00,,,,餐飲費用,金錢,,,否,,,,,,,
361,黃紹庭,111年高雄市議員選舉,首次申報,1111129,集會支出,晶英國際行館,59269713,0.00,17357.00,,,,餐飲費用,金錢,前鎮區振興里****,,否,,,,,,,
362,黃紹庭,111年高雄市議員選舉,首次申報,1111129,集會支出,新百齡排骨大王,79805641,0.00,3420.00,,,,餐飲費用,金錢,,,否,,,,,,,
363,黃紹庭,111年高雄市議員選舉,首次申報,1111130,雜支支出,PortKitchen,54820835,0.00,13266.00,,,,餐飲費用,金錢,,,否,,,,,,,
364,黃紹庭,111年高雄市議員選舉,首次申報,1111130,雜支支出,漢來美食,80352955,0.00,4209.00,,,,餐飲費用,金錢,,,否,,,,,,,
365,黃紹庭,111年高雄市議員選舉,首次申報,1111130,交通旅運支出,嘟嘟房,81138194,0.00,180.00,,,,停車費,金錢,,,否,,,,,,,
366,黃紹庭,111年高雄市議員選舉,首次申報,1111130,交通旅運支出,優步福爾摩沙股份有限公司,83118125,0.00,243.00,,,,搭乘交通工具費用,金錢,,,否,,,,,,,
367,黃紹庭,111年高雄市議員選舉,首次申報,1111130,交通旅運支出,優步福爾摩沙股份有限公司,83118125,0.00,240.00,,,,搭乘交通工具費用,金錢,,,否,,,,,,,
368,黃紹庭,111年高雄市議員選舉,首次申報,1111201,交通旅運支出,信盈高雄市停車費,23060248,0.00,390.00,,,,停車費,金錢,,,否,,,,,,,
369,黃紹庭,111年高雄市議員選舉,首次申報,1111201,雜支支出,STARBUCKS,24335879,0.00,165.00,,,,餐飲費用,金錢,,,否,,,,,,,
370,黃紹庭,111年高雄市議員選舉,首次申報,1111201,雜支支出,世聖精品鮮果社,41313646,0.00,3389.00,,,,餐飲費用,金錢,,,否,,,,,,,
371,黃紹庭,111年高雄市議員選舉,首次申報,1111201,雜支支出,藍新科技,70565326,0.00,922.00,,,,藍新科技,金錢,,,否,,,,,,,
372,黃紹庭,111年高雄市議員選舉,首次申報,1111201,集會支出,祥鈺樓餐廳,85512241,0.00,26025.00,,,,餐飲費用,金錢,,,否,,,,,,,
373,黃紹庭,111年高雄市議員選舉,首次申報,1111201,交通旅運支出,TIS Parking,88039732,0.00,25.00,,,,停車費,金錢,,,否,,,,,,,
374,黃紹庭,111年高雄市議員選舉,首次申報,1111201,交通旅運支出,寶盛停車場有限公司,91534314,0.00,30.00,,,,停車費,金錢,,,否,,,,,,,
375,黃紹庭,111年高雄市議員選舉,首次申報,1111202,集會支出,宮圓企業股份有限公司,16465996,0.00,400.00,,,,餐飲費用,金錢,,,否,,,,,,,
376,黃紹庭,111年高雄市議員選舉,首次申報,1111202,雜支支出,慶通汽車股份有限公司大中廠,26084644,0.00,4000.00,,,,雜項購置或修繕費用,金錢,,,否,,,,,,,
377,黃紹庭,111年高雄市議員選舉,首次申報,1111202,集會支出,海慶餐廳有限公司,54638668,0.00,24560.00,,,,餐飲費用,金錢,前鎮區竹中里****,,否,,,,,,,
378,黃紹庭,111年高雄市議員選舉,首次申報,1111202,雜支支出,STARBUCKS,55835048,0.00,1818.00,,,,餐飲費用,金錢,,,否,,,,,,,
379,黃紹庭,111年高雄市議員選舉,首次申報,1111202,集會支出,立馬來食坊,81030362,0.00,6370.00,,,,餐飲費用,金錢,,,否,,,,,,,
380,黃紹庭,111年高雄市議員選舉,首次申報,1111202,人事費用支出,陳小群,S99*******,0.00,6300.00,,,,工資或薪津,金錢,高雄市小港區****,,否,,,,,,,
381,黃紹庭,111年高雄市議員選舉,首次申報,1111203,集會支出,福海排骨小吃店,21361676,0.00,1520.00,,,,餐飲費用,金錢,苓雅區日中里****,,否,,,,,,,
382,黃紹庭,111年高雄市議員選舉,首次申報,1111203,交通旅運支出,辰憲企業有限公司,70431024,0.00,4130.00,,,,停車費,金錢,,,否,,,,,,,
383,黃紹庭,111年高雄市議員選舉,首次申報,1111203,交通旅運支出,辰憲企業有限公司,70431024,0.00,4130.00,,,,停車費,金錢,,,否,,,,,,,
384,黃紹庭,111年高雄市議員選舉,首次申報,1111204,交通旅運支出,台灣高速鐵路股份有限公司,16446274,0.00,1490.00,,,,搭乘交通工具費用,金錢,,,否,,,,,,,
385,黃紹庭,111年高雄市議員選舉,首次申報,1111204,雜支支出,新建成餅店有限公司,66476842,0.00,630.00,,,,餐飲費用,金錢,,,否,,,,,,,
386,黃紹庭,111年高雄市議員選舉,首次申報,1111204,雜支支出,新建成餅店有限公司,66476842,0.00,210.00,,,,餐飲費用,金錢,,,否,,,,,,,
387,黃紹庭,111年高雄市議員選舉,首次申報,1111204,人事費用支出,陳瑋均,R22*******,0.00,6216.00,,,,工資或薪津,金錢,高雄市楠梓區****,,否,,,,,,,
388,黃紹庭,111年高雄市議員選舉,首次申報,1111205,交通旅運支出,台灣高速鐵路股份有限公司,16446274,0.00,1490.00,,,,搭乘交通工具費用,金錢,,,否,,,,,,,
389,黃紹庭,111年高雄市議員選舉,首次申報,1111205,返還捐贈支出,廣俊實業有限公司,16801246,0.00,100000.00,,,,返還,金錢,高雄市大寮區****,,否,,,,,,,
390,黃紹庭,111年高雄市議員選舉,首次申報,1111205,雜支支出,洪瑞珍食品行,69857129,0.00,150.00,,,,餐飲費用,金錢,,,否,,,,,,,
391,黃紹庭,111年高雄市議員選舉,首次申報,1111205,集會支出,中堂燒肉一心店,83779440,0.00,2010.00,,,,餐飲費用,金錢,,,否,,,,,,,
392,黃紹庭,111年高雄市議員選舉,首次申報,1111206,雜支支出,世全興業行,06867514,0.00,820.00,,,,志工背心,金錢,高雄市三民區****,,否,,,,,,,
393,黃紹庭,111年高雄市議員選舉,首次申報,1111206,交通旅運支出,台灣中油,06957037,0.00,806.00,,,,油資,金錢,,,否,,,,,,,
394,黃紹庭,111年高雄市議員選舉,首次申報,1111206,租用宣傳車輛支出,大中小國際租賃有限公司,13169347,0.00,31500.00,,,,租用宣傳車輛費用XX-,金錢,高雄市苓雅區****,,否,,,,,,,
395,黃紹庭,111年高雄市議員選舉,首次申報,1111206,租用宣傳車輛支出,大中小國際租賃有限公司,13169347,0.00,31500.00,,,,租用宣傳車輛費用XX-,金錢,高雄市苓雅區****,,否,,,,,,,
396,黃紹庭,111年高雄市議員選舉,首次申報,1111206,租用宣傳車輛支出,大中小國際租賃有限公司,13169347,0.00,31500.00,,,,租用宣傳車輛費用RBY-,金錢,高雄市苓雅區****,,否,,,,,,,
397,黃紹庭,111年高雄市議員選舉,首次申報,1111206,雜支支出,映刷場廣告企業行,15626474,0.00,8694.00,,,,割字,金錢,,,否,,,,,,,
398,黃紹庭,111年高雄市議員選舉,首次申報,1111206,集會支出,Pizza Hut,16836879,0.00,700.00,,,,餐飲費用,金錢,,,否,,,,,,,
399,黃紹庭,111年高雄市議員選舉,首次申報,1111206,雜支支出,鶴屋企業行,19760775,0.00,2700.00,,,,文具用品費用,金錢,,,否,,,,,,,
400,黃紹庭,111年高雄市議員選舉,首次申報,1111206,集會支出,榮蓉餐廳有限公司,25124730,0.00,10308.00,,,,餐飲費用,金錢,,,否,,,,,,,
401,黃紹庭,111年高雄市議員選舉,首次申報,1111206,雜支支出,木侖食品行,77007570,0.00,740.00,,,,餐飲費用,金錢,,,否,,,,,,,
402,黃紹庭,111年高雄市議員選舉,首次申報,1111206,雜支支出,盛豐行股份有限公司民生分公司,82921742,0.00,3900.00,,,,餐飲費用,金錢,,,否,,,,,,,
403,黃紹庭,111年高雄市議員選舉,首次申報,1111206,雜支支出,新合美山海有限公司,89481993,0.00,14220.00,,,,餐飲費用,金錢,,,否,,,,,,,
404,黃紹庭,111年高雄市議員選舉,首次申報,1111207,集會支出,晶英國際行館,59269713,0.00,17347.00,,,,餐飲費用,金錢,前鎮區振興里****,,否,,,,,,,
405,黃紹庭,111年高雄市議員選舉,首次申報,1111207,雜支支出,華泳忠實業有限公司七賢分公司,83697476,0.00,2180.00,,,,餐飲費用,金錢,,,否,,,,,,,
406,黃紹庭,111年高雄市議員選舉,首次申報,1111208,雜支支出,先鋒保全股份有限公司,23644150,0.00,1000.00,,,,月系統保全服務費,金錢,,,否,,,,,,,
407,黃紹庭,111年高雄市議員選舉,首次申報,1111208,雜支支出,舊振南食品股份有限公司,28303125,0.00,3555.00,,,,餐飲費用,金錢,,,否,,,,,,,
408,黃紹庭,111年高雄市議員選舉,首次申報,1111209,租用競選辦事處支出,鵬鈞科技有限公司,28282753,0.00,6300.00,,,,租買辦公設備費用,金錢,,,否,,,,,,,
409,黃紹庭,111年高雄市議員選舉,首次申報,1111209,集會支出,五城肉粽專賣店,82692993,0.00,6000.00,,,,餐飲費用,金錢,前鎮區瑞新生****,,否,,,,,,,
410,黃紹庭,111年高雄市議員選舉,首次申報,1111209,人事費用支出,陳小群,S99*******,0.00,6216.00,,,,工資或薪津,金錢,高雄市小港區****,,否,,,,,,,
411,黃紹庭,111年高雄市議員選舉,首次申報,1111211,人事費用支出,陳瑋均,R22*******,0.00,4536.00,,,,工資或薪津,金錢,高雄市楠梓區****,,否,,,,,,,
412,黃紹庭,111年高雄市議員選舉,首次申報,1111216,人事費用支出,陳小群,S99*******,0.00,5880.00,,,,工資或薪津,金錢,高雄市小港區****,,否,,,,,,,
413,黃紹庭,111年高雄市議員選舉,首次申報,1111218,人事費用支出,陳瑋均,R22*******,0.00,5712.00,,,,工資或薪津,金錢,高雄市楠梓區****,,否,,,,,,,
414,黃紹庭,111年高雄市議員選舉,首次申報,1111219,租用競選辦事處支出,盛和實業有限公司,83219968,0.00,47600.00,,,,地毯,金錢,高雄市鳳山區****,,否,,,,,,,
415,黃紹庭,111年高雄市議員選舉,首次申報,1111223,返還捐贈支出,嘉賀保全股份有限公司,13187921,0.00,20000.00,,,,返還,金錢,高雄市三民區****,,否,,,,,,,
416,黃紹庭,111年高雄市議員選舉,首次申報,1111223,人事費用支出,陳小群,S99*******,0.00,6048.00,,,,工資或薪津,金錢,高雄市小港區****,,否,,,,,,,
417,黃紹庭,111年高雄市議員選舉,首次申報,1111225,人事費用支出,陳瑋均,R22*******,0.00,5880.00,,,,工資或薪津,金錢,高雄市楠梓區****,,否,,,,,,,
