﻿序號,擬參選人／政黨,選舉名稱,申報序號／年度,交易日期,收支科目,捐贈者／支出對象,身分證／統一編號,收入金額,支出金額,捐贈方式,存入專戶日期,返還/繳庫,支出用途,金錢類,地址,聯絡電話,應揭露之支出對象,支出對象之內部人員姓名,支出對象之內部人員職稱,政黨之內部人員姓名,政黨之內部人員職稱,關係,更正註記,資料更正日期
1,陳成恩,111年嘉義市西區磚磘里里長選舉,首次申報,1111020,個人捐贈收入,劉克堯,,20000.00,0.00,匯款,1111020,,,金錢,臺中市西屯區****,,,,,,,,,
2,陳成恩,111年嘉義市西區磚磘里里長選舉,首次申報,1111021,營利事業捐贈收入,台新建材股份有限公司,80740055,6000.00,0.00,匯款,1111021,,,金錢,南投縣草屯鎮****,,,,,,,,,
3,陳成恩,111年嘉義市西區磚磘里里長選舉,首次申報,1111110,個人捐贈收入,蘇家陽,E22*******,2200.00,0.00,現金,1111124,,,金錢,嘉義市西區西****,,,,,,,,,
4,陳成恩,111年嘉義市西區磚磘里里長選舉,首次申報,1111122,個人捐贈收入,宋賢宗,,6000.00,0.00,現金,1111124,,,金錢,嘉義市西區民****,,,,,,,,,
5,陳成恩,111年嘉義市西區磚磘里里長選舉,首次申報,1111124,營利事業捐贈收入,成信土木包工業,25750388,10000.00,0.00,現金,1111124,,,金錢,嘉義市東區蘭****,,,,,,,,,
6,陳成恩,111年嘉義市西區磚磘里里長選舉,首次申報,1111124,個人捐贈收入,陳姿芬,Q22*******,2200.00,0.00,現金,1111124,,,金錢,嘉義市西區港****,,,,,,,,,
7,陳成恩,111年嘉義市西區磚磘里里長選舉,首次申報,1111124,個人捐贈收入,黃怡貞,Q22*******,2200.00,0.00,現金,1111124,,,金錢,磚磘里鄰巷號****,,,,,,,,,
