﻿序號,擬參選人／政黨,選舉名稱,申報序號／年度,交易日期,收支科目,捐贈者／支出對象,身分證／統一編號,收入金額,支出金額,支出用途,金錢類,地址,聯絡電話,資料更正日期
1,徐曼珣,107年縣(市)議員選舉,首次申報,1070917,匿名捐贈,匿名,,1.00,0.00,,金錢,,,
2,徐曼珣,107年縣(市)議員選舉,首次申報,1071121,個人捐贈收入,潘柏豪,K12*******,10000.00,0.00,,金錢,苗栗縣苗栗縣****,0905*****,
3,徐曼珣,107年縣(市)議員選舉,首次申報,1071121,個人捐贈收入,王柏翔,K12*******,5000.00,0.00,,金錢,新竹市光復路****,,
4,徐曼珣,107年縣(市)議員選舉,首次申報,1071121,個人捐贈收入,溫翌廷,K22*******,6000.00,0.00,,金錢,苗栗縣頭份市****,0926*****,
5,徐曼珣,107年縣(市)議員選舉,首次申報,1071121,個人捐贈收入,張雅紅,K22*******,5000.00,0.00,,金錢,苗栗縣頭份市****,0973*****,
6,徐曼珣,107年縣(市)議員選舉,首次申報,1071221,其他收入,利息收入,,3.00,0.00,,金錢,,,
