﻿序號,擬參選人／政黨,選舉名稱,申報序號／年度,交易日期,收支科目,捐贈者／支出對象,身分證／統一編號,收入金額,支出金額,支出用途,金錢類,地址,聯絡電話,資料更正日期
1,信心希望聯盟,,109,1090103,雜支支出,台灣電力公司,03765704,0.00,507.00,水電管理費,金錢,,,
2,信心希望聯盟,,109,1090106,業務費用支出,互盛股份有限公司,23221011,0.00,650.00,租買辦公設備費用,金錢,,,
3,信心希望聯盟,,109,1090120,雜支支出,中華電信股份有限公司,81691784,0.00,2121.00,電信費用,金錢,,,
4,信心希望聯盟,,109,1090125,人事費用支出,林淑真,H22*******,0.00,33500.00,工資或薪津,金錢,臺北市文山區****,,
5,信心希望聯盟,,109,1090131,業務費用支出,衛生福利部中央健康保險署,,0.00,2335.00,勞健保.勞退提繳,金錢,,02-2*****,
6,信心希望聯盟,,109,1090131,業務費用支出,勞動部勞工保險局,,0.00,3198.00,勞健保.勞退提繳,金錢,,02-2*****,
7,信心希望聯盟,,109,1090131,業務費用支出,勞動部勞工保險局,,0.00,1908.00,勞健保.勞退提繳,金錢,,02-2*****,
8,信心希望聯盟,,109,1090205,雜支支出,中華郵政股份有限公司,03741302,0.00,480.00,郵寄費用,金錢,,,
9,信心希望聯盟,,109,1090207,業務費用支出,互盛股份有限公司,23221011,0.00,650.00,租買辦公設備費用,金錢,,,
10,信心希望聯盟,,109,1090219,雜支支出,中華電信股份有限公司,81691784,0.00,2194.00,電信費用,金錢,,,
11,信心希望聯盟,,109,1090224,業務費用支出,衛生福利部中央健康保險署,,0.00,2308.00,勞健保.勞退提繳,金錢,,02-2*****,
12,信心希望聯盟,,109,1090225,人事費用支出,林淑真,H22*******,0.00,33500.00,工資或薪津,金錢,臺北市文山區****,,
13,信心希望聯盟,,109,1090303,業務費用支出,勞動部勞工保險局,,0.00,3198.00,勞健保.勞退提繳,金錢,,02-2*****,
14,信心希望聯盟,,109,1090303,業務費用支出,勞動部勞工保險局,,0.00,1908.00,勞健保.勞退提繳,金錢,,02-2*****,
15,信心希望聯盟,,109,1090304,雜支支出,台灣電力公司,03765704,0.00,180.00,水電管理費,金錢,,,
16,信心希望聯盟,,109,1090305,業務費用支出,互盛股份有限公司,23221011,0.00,4550.00,租買辦公設備費用,金錢,,,
17,信心希望聯盟,,109,1090325,人事費用支出,林淑真,H22*******,0.00,33500.00,工資或薪津,金錢,臺北市文山區****,,
18,信心希望聯盟,,109,1090326,業務費用支出,勞動部勞工保險局,,0.00,1908.00,勞健保.勞退提繳,金錢,,2396*****,
19,信心希望聯盟,,109,1090326,業務費用支出,勞動部勞工保險局,,0.00,3198.00,勞健保.勞退提繳,金錢,,2396*****,
20,信心希望聯盟,,109,1090326,業務費用支出,衛生福利部中央健康保險署,,0.00,2308.00,勞健保.勞退提繳,金錢,,2100*****,
21,信心希望聯盟,,109,1090424,業務費用支出,勞動部勞工保險局,,0.00,1908.00,勞健保.勞退提繳,金錢,,2396*****,
22,信心希望聯盟,,109,1090424,業務費用支出,勞動部勞工保險局,,0.00,3198.00,勞健保.勞退提繳,金錢,,2396*****,
23,信心希望聯盟,,109,1090424,業務費用支出,衛生福利部中央健康保險署,,0.00,2308.00,勞健保.勞退提繳,金錢,,2100*****,
24,信心希望聯盟,,109,1090425,人事費用支出,林淑真,H22*******,0.00,33500.00,工資或薪津,金錢,臺北市文山區****,,
25,信心希望聯盟,,109,1090508,業務費用支出,得魚會計師事務所,92007162,0.00,35000.00,其他與業務推展有關之費用,金錢,臺北市松山區****,,
26,信心希望聯盟,,109,1090509,業務費用支出,台大廣告社,,0.00,470.00,其他與業務推展有關之費用,金錢,,2986*****,
27,信心希望聯盟,,109,1090513,雜支支出,中華郵政股份有限公司,03741302,0.00,72.00,郵寄費用,金錢,,,
28,信心希望聯盟,,109,1090525,人事費用支出,林淑真,H22*******,0.00,1040.00,工資或薪津,金錢,臺北市文山區****,,
29,信心希望聯盟,,109,1090527,業務費用支出,勞動部勞工保險局,,0.00,3198.00,勞健保.勞退提繳,金錢,,2396*****,
30,信心希望聯盟,,109,1090527,業務費用支出,勞動部勞工保險局,,0.00,1908.00,勞健保.勞退提繳,金錢,,2396*****,
31,信心希望聯盟,,109,1090527,業務費用支出,衛生福利部中央健康保險署,,0.00,2308.00,勞健保.勞退提繳,金錢,,2100*****,
32,信心希望聯盟,,109,1090630,業務費用支出,勞動部勞工保險局,,0.00,509.00,勞健保.勞退提繳,金錢,,2396*****,
33,信心希望聯盟,,109,1090630,業務費用支出,勞動部勞工保險局,,0.00,853.00,勞健保.勞退提繳,金錢,,2396*****,
