﻿序號,擬參選人／政黨,選舉名稱,申報序號／年度,交易日期,收支科目,捐贈者／支出對象,身分證／統一編號,收入金額,支出金額,支出用途,金錢類,地址,聯絡電話,資料更正日期
1,吳明樺,107年縣(市)議員選舉,首次申報,1070705,個人捐贈收入,李佳玲,T22*******,10000.00,0.00,,金錢,,,
2,吳明樺,107年縣(市)議員選舉,首次申報,1070709,個人捐贈收入,鄭宇迪,F12*******,10000.00,0.00,,金錢,宜蘭縣三星鄉****,0922*****,
3,吳明樺,107年縣(市)議員選舉,首次申報,1070711,匿名捐贈,匿名,,2.00,0.00,,金錢,,,
4,吳明樺,107年縣(市)議員選舉,首次申報,1070719,個人捐贈收入,李育長,G12*******,20000.00,0.00,,金錢,宜蘭縣頭城鎮****,0937*****,
5,吳明樺,107年縣(市)議員選舉,首次申報,1070719,個人捐贈收入,林詩閔,G22*******,10000.00,0.00,,金錢,宜蘭縣冬山鄉****,0918*****,
6,吳明樺,107年縣(市)議員選舉,首次申報,1070721,個人捐贈收入,林美卿,F22*******,38000.00,0.00,,金錢,宜蘭縣羅東鎮****,0935*****,
7,吳明樺,107年縣(市)議員選舉,首次申報,1070721,個人捐贈收入,李佾潤,F22*******,3000.00,0.00,,金錢,宜蘭縣冬山鄉****,0952*****,
8,吳明樺,107年縣(市)議員選舉,首次申報,1070727,個人捐贈收入,陳彥君,L22*******,5000.00,0.00,,金錢,宜蘭縣冬山鄉****,0952*****,
9,吳明樺,107年縣(市)議員選舉,首次申報,1070730,營利事業捐贈收入,宜和工業股份有限公司,42078063,50000.00,0.00,,金錢,宜蘭縣五結鄉****,0913*****,
10,吳明樺,107年縣(市)議員選舉,首次申報,1070730,個人捐贈收入,簡思嘉,F22*******,5000.00,0.00,,金錢,宜蘭縣宜蘭市****,0918*****,
11,吳明樺,107年縣(市)議員選舉,首次申報,1070730,個人捐贈收入,蔣家興,Y12*******,100000.00,0.00,,金錢,宜蘭縣三星鄉****,0922*****,
12,吳明樺,107年縣(市)議員選舉,首次申報,1070731,匿名捐贈,匿名,,500.00,0.00,,金錢,,,
13,吳明樺,107年縣(市)議員選舉,首次申報,1070801,營利事業捐贈收入,蘭威創意有限公司,29091649,179910.00,0.00,,非金錢,宜蘭縣羅東鎮****,,
14,吳明樺,107年縣(市)議員選舉,首次申報,1070806,個人捐贈收入,黃偉慈,H22*******,10000.00,0.00,,金錢,宜蘭縣宜蘭市****,0952*****,
15,吳明樺,107年縣(市)議員選舉,首次申報,1070807,個人捐贈收入,張聖國,T12*******,10000.00,0.00,,金錢,宜蘭縣羅東鎮****,0911*****,
16,吳明樺,107年縣(市)議員選舉,首次申報,1070811,個人捐贈收入,林豐章,G12*******,10000.00,0.00,,金錢,宜蘭縣蘇澳鎮****,0933*****,
17,吳明樺,107年縣(市)議員選舉,首次申報,1070812,個人捐贈收入,林啟人,J12*******,20000.00,0.00,,金錢,宜蘭縣冬山鄉****,0912*****,
18,吳明樺,107年縣(市)議員選舉,首次申報,1070818,個人捐贈收入,李婉莉,A22*******,10000.00,0.00,,金錢,宜蘭縣五結鄉****,0953*****,
19,吳明樺,107年縣(市)議員選舉,首次申報,1070818,個人捐贈收入,何修瑜,C22*******,10000.00,0.00,,金錢,宜蘭縣五結鄉****,0910*****,
20,吳明樺,107年縣(市)議員選舉,首次申報,1070820,個人捐贈收入,吳聲鑫,E12*******,10000.00,0.00,,金錢,宜蘭縣冬山鄉****,0918*****,
21,吳明樺,107年縣(市)議員選舉,首次申報,1070820,個人捐贈收入,張純淑,G20*******,100000.00,0.00,,金錢,宜蘭縣冬山鄉****,,
22,吳明樺,107年縣(市)議員選舉,首次申報,1070821,匿名捐贈,匿名,,600.00,0.00,,金錢,,,
23,吳明樺,107年縣(市)議員選舉,首次申報,1070821,個人捐贈收入,池珮瑜,A22*******,400.00,0.00,,金錢,宜蘭縣羅東鎮****,0922*****,
24,吳明樺,107年縣(市)議員選舉,首次申報,1070821,個人捐贈收入,曾郁卿,H22*******,400.00,0.00,,金錢,宜蘭縣冬山鄉****,0910*****,
25,吳明樺,107年縣(市)議員選舉,首次申報,1070822,匿名捐贈,匿名,,400.00,0.00,,金錢,,,
26,吳明樺,107年縣(市)議員選舉,首次申報,1070822,匿名捐贈,匿名,,400.00,0.00,,金錢,,,
27,吳明樺,107年縣(市)議員選舉,首次申報,1070822,匿名捐贈,匿名,,400.00,0.00,,金錢,,,
28,吳明樺,107年縣(市)議員選舉,首次申報,1070822,匿名捐贈,匿名,,400.00,0.00,,金錢,,,
29,吳明樺,107年縣(市)議員選舉,首次申報,1070822,匿名捐贈,匿名,,400.00,0.00,,金錢,,,
30,吳明樺,107年縣(市)議員選舉,首次申報,1070822,匿名捐贈,匿名,,400.00,0.00,,金錢,,,
31,吳明樺,107年縣(市)議員選舉,首次申報,1070822,匿名捐贈,匿名,,400.00,0.00,,金錢,,,
32,吳明樺,107年縣(市)議員選舉,首次申報,1070822,匿名捐贈,匿名,,400.00,0.00,,金錢,,,
33,吳明樺,107年縣(市)議員選舉,首次申報,1070822,匿名捐贈,匿名,,400.00,0.00,,金錢,,,
34,吳明樺,107年縣(市)議員選舉,首次申報,1070822,匿名捐贈,匿名,,400.00,0.00,,金錢,,,
35,吳明樺,107年縣(市)議員選舉,首次申報,1070822,匿名捐贈,匿名,,400.00,0.00,,金錢,,,
36,吳明樺,107年縣(市)議員選舉,首次申報,1070822,匿名捐贈,匿名,,400.00,0.00,,金錢,,,
37,吳明樺,107年縣(市)議員選舉,首次申報,1070822,匿名捐贈,匿名,,400.00,0.00,,金錢,,,
38,吳明樺,107年縣(市)議員選舉,首次申報,1070822,匿名捐贈,匿名,,400.00,0.00,,金錢,,,
39,吳明樺,107年縣(市)議員選舉,首次申報,1070822,匿名捐贈,匿名,,400.00,0.00,,金錢,,,
40,吳明樺,107年縣(市)議員選舉,首次申報,1070822,匿名捐贈,匿名,,400.00,0.00,,金錢,,,
41,吳明樺,107年縣(市)議員選舉,首次申報,1070822,匿名捐贈,匿名,,400.00,0.00,,金錢,,,
42,吳明樺,107年縣(市)議員選舉,首次申報,1070822,匿名捐贈,匿名,,400.00,0.00,,金錢,,,
43,吳明樺,107年縣(市)議員選舉,首次申報,1070822,匿名捐贈,匿名,,400.00,0.00,,金錢,,,
44,吳明樺,107年縣(市)議員選舉,首次申報,1070822,匿名捐贈,匿名,,400.00,0.00,,金錢,,,
45,吳明樺,107年縣(市)議員選舉,首次申報,1070822,匿名捐贈,匿名,,2400.00,0.00,,金錢,,,
46,吳明樺,107年縣(市)議員選舉,首次申報,1070822,營利事業捐贈收入,匯智行銷整合有限公司,28354278,400.00,0.00,,金錢,宜蘭縣冬山鄉****,,
47,吳明樺,107年縣(市)議員選舉,首次申報,1070822,個人捐贈收入,陳榮輝,A12*******,800.00,0.00,,金錢,宜蘭縣冬山鄉****,0920*****,
48,吳明樺,107年縣(市)議員選舉,首次申報,1070822,個人捐贈收入,陳佩侰,A22*******,300.00,0.00,,金錢,宜蘭縣冬山鄉****,0938*****,
49,吳明樺,107年縣(市)議員選舉,首次申報,1070822,個人捐贈收入,薛雅慈,C22*******,400.00,0.00,,金錢,宜蘭縣冬山鄉****,0930*****,
50,吳明樺,107年縣(市)議員選舉,首次申報,1070822,個人捐贈收入,鄒岱妮,D22*******,400.00,0.00,,金錢,宜蘭縣三星鄉****,0936*****,
51,吳明樺,107年縣(市)議員選舉,首次申報,1070822,個人捐贈收入,李雅鈺,F22*******,400.00,0.00,,金錢,桃園市桃園區****,0919*****,
52,吳明樺,107年縣(市)議員選舉,首次申報,1070822,個人捐贈收入,游明璋,G12*******,400.00,0.00,,金錢,宜蘭縣冬山鄉****,0939*****,
53,吳明樺,107年縣(市)議員選舉,首次申報,1070822,個人捐贈收入,游佳慧,G22*******,400.00,0.00,,金錢,宜蘭縣冬山鄉****,0922*****,
54,吳明樺,107年縣(市)議員選舉,首次申報,1070822,個人捐贈收入,許舒芮,G22*******,800.00,0.00,,金錢,宜蘭縣宜蘭市****,0939*****,
55,吳明樺,107年縣(市)議員選舉,首次申報,1070822,個人捐贈收入,林姝均,G22*******,800.00,0.00,,金錢,宜蘭縣冬山鄉****,0922*****,
56,吳明樺,107年縣(市)議員選舉,首次申報,1070822,個人捐贈收入,何紫安,G22*******,400.00,0.00,,金錢,宜蘭縣宜蘭市****,0910*****,
57,吳明樺,107年縣(市)議員選舉,首次申報,1070822,個人捐贈收入,黃偉慈,H22*******,400.00,0.00,,金錢,宜蘭縣宜蘭市****,0952*****,
58,吳明樺,107年縣(市)議員選舉,首次申報,1070822,個人捐贈收入,陳韻雯,L22*******,400.00,0.00,,金錢,冬山鄉八寶村****,0905*****,
59,吳明樺,107年縣(市)議員選舉,首次申報,1070822,個人捐贈收入,楊山河,P12*******,400.00,0.00,,金錢,宜蘭縣冬山鄉****,0933*****,
60,吳明樺,107年縣(市)議員選舉,首次申報,1070822,個人捐贈收入,邱雅勤,S22*******,400.00,0.00,,金錢,宜蘭縣冬山鄉****,0930*****,
61,吳明樺,107年縣(市)議員選舉,首次申報,1070822,個人捐贈收入,李佳玲,T22*******,2000.00,0.00,,金錢,宜蘭縣羅東鎮****,0938*****,
62,吳明樺,107年縣(市)議員選舉,首次申報,1070822,個人捐贈收入,李佳蓉,T22*******,800.00,0.00,,金錢,宜蘭縣冬山鄉****,0922*****,
63,吳明樺,107年縣(市)議員選舉,首次申報,1070822,個人捐贈收入,吳思霈,Y22*******,400.00,0.00,,金錢,臺北市文山區****,0937*****,
64,吳明樺,107年縣(市)議員選舉,首次申報,1070823,個人捐贈收入,馮佩茹,F22*******,2000.00,0.00,,金錢,宜蘭縣五結鄉****,0922*****,
65,吳明樺,107年縣(市)議員選舉,首次申報,1070823,個人捐贈收入,李佳蓉,T22*******,5000.00,0.00,,金錢,宜蘭縣冬山鄉****,0922*****,
66,吳明樺,107年縣(市)議員選舉,首次申報,1070824,個人捐贈收入,許文婷,A22*******,400.00,0.00,,金錢,宜蘭縣冬山鄉****,0972*****,
67,吳明樺,107年縣(市)議員選舉,首次申報,1070824,個人捐贈收入,邱錦和,G10*******,10000.00,0.00,,金錢,宜蘭縣冬山鄉****,0910*****,
68,吳明樺,107年縣(市)議員選舉,首次申報,1070824,個人捐贈收入,黃元芬,G22*******,3640.00,0.00,,金錢,宜蘭縣冬山鄉****,,
69,吳明樺,107年縣(市)議員選舉,首次申報,1070827,個人捐贈收入,許家昇,A12*******,3000.00,0.00,,金錢,宜蘭縣三星鄉****,0938*****,
70,吳明樺,107年縣(市)議員選舉,首次申報,1070828,匿名捐贈,匿名,,1000.00,0.00,,金錢,,,
71,吳明樺,107年縣(市)議員選舉,首次申報,1070829,個人捐贈收入,曹思宏,G22*******,2000.00,0.00,,金錢,宜蘭縣宜蘭市****,03-9*****,
72,吳明樺,107年縣(市)議員選舉,首次申報,1070830,個人捐贈收入,李佳玲,T22*******,2000.00,0.00,,金錢,宜蘭縣羅東鎮****,,
73,吳明樺,107年縣(市)議員選舉,首次申報,1070831,個人捐贈收入,陳育霖,,3600.00,0.00,,金錢,,0926*****,
74,吳明樺,107年縣(市)議員選舉,首次申報,1070831,個人捐贈收入,陳慶典,G12*******,6000.00,0.00,,金錢,宜蘭縣羅東鎮****,0913*****,
75,吳明樺,107年縣(市)議員選舉,首次申報,1070901,個人捐贈收入,呂友仁,F12*******,54000.00,0.00,,非金錢,宜蘭縣冬山鄉****,0927*****,
76,吳明樺,107年縣(市)議員選舉,首次申報,1070904,匿名捐贈,匿名,,5000.00,0.00,,金錢,,,
77,吳明樺,107年縣(市)議員選舉,首次申報,1070904,匿名捐贈,匿名,,400.00,0.00,,金錢,,,
78,吳明樺,107年縣(市)議員選舉,首次申報,1070904,匿名捐贈,匿名,,400.00,0.00,,金錢,,,
79,吳明樺,107年縣(市)議員選舉,首次申報,1070904,匿名捐贈,匿名,,400.00,0.00,,金錢,,,
80,吳明樺,107年縣(市)議員選舉,首次申報,1070904,匿名捐贈,匿名,,400.00,0.00,,金錢,,,
81,吳明樺,107年縣(市)議員選舉,首次申報,1070904,匿名捐贈,匿名,,400.00,0.00,,金錢,,,
82,吳明樺,107年縣(市)議員選舉,首次申報,1070904,匿名捐贈,匿名,,400.00,0.00,,金錢,,,
83,吳明樺,107年縣(市)議員選舉,首次申報,1070904,匿名捐贈,匿名,,400.00,0.00,,金錢,,,
84,吳明樺,107年縣(市)議員選舉,首次申報,1070904,匿名捐贈,匿名,,400.00,0.00,,金錢,,,
85,吳明樺,107年縣(市)議員選舉,首次申報,1070904,匿名捐贈,匿名,,400.00,0.00,,金錢,,,
86,吳明樺,107年縣(市)議員選舉,首次申報,1070904,匿名捐贈,匿名,,400.00,0.00,,金錢,,,
87,吳明樺,107年縣(市)議員選舉,首次申報,1070904,匿名捐贈,匿名,,400.00,0.00,,金錢,,,
88,吳明樺,107年縣(市)議員選舉,首次申報,1070904,匿名捐贈,匿名,,400.00,0.00,,金錢,,,
89,吳明樺,107年縣(市)議員選舉,首次申報,1070904,匿名捐贈,匿名,,400.00,0.00,,金錢,,,
90,吳明樺,107年縣(市)議員選舉,首次申報,1070904,匿名捐贈,匿名,,400.00,0.00,,金錢,,,
91,吳明樺,107年縣(市)議員選舉,首次申報,1070904,匿名捐贈,匿名,,400.00,0.00,,金錢,,,
92,吳明樺,107年縣(市)議員選舉,首次申報,1070904,營利事業捐贈收入,弄奕國際有限公司,24343174,10000.00,0.00,,金錢,台北市中山區****,0933*****,
93,吳明樺,107年縣(市)議員選舉,首次申報,1070904,個人捐贈收入,石燕蓉,A22*******,400.00,0.00,,金錢,宜蘭縣冬山鄉****,0922*****,
94,吳明樺,107年縣(市)議員選舉,首次申報,1070904,個人捐贈收入,李佩凌,G22*******,400.00,0.00,,金錢,宜蘭縣冬山鄉****,0927*****,
95,吳明樺,107年縣(市)議員選舉,首次申報,1070904,個人捐贈收入,楊智晴,H22*******,400.00,0.00,,金錢,宜蘭縣五結鄉****,0910*****,
96,吳明樺,107年縣(市)議員選舉,首次申報,1070904,個人捐贈收入,林啟人,J12*******,400.00,0.00,,金錢,宜蘭縣冬山鄉****,0912*****,
97,吳明樺,107年縣(市)議員選舉,首次申報,1070904,個人捐贈收入,陳彥君,L22*******,1995.00,0.00,,金錢,宜蘭縣冬山鄉****,0952*****,
98,吳明樺,107年縣(市)議員選舉,首次申報,1070904,個人捐贈收入,蔡志瑋,N12*******,10000.00,0.00,,金錢,宜蘭縣冬山鄉****,0935*****,
99,吳明樺,107年縣(市)議員選舉,首次申報,1070904,個人捐贈收入,許靖敏,Q22*******,400.00,0.00,,金錢,宜蘭縣冬山鄉****,0910*****,
100,吳明樺,107年縣(市)議員選舉,首次申報,1070905,個人捐贈收入,李佾潤,F22*******,798.00,0.00,,金錢,宜蘭縣蘇澳鎮****,0952*****,
101,吳明樺,107年縣(市)議員選舉,首次申報,1070906,個人捐贈收入,李沁珍,G22*******,2000.00,0.00,,金錢,宜蘭縣冬山鄉****,0926*****,
102,吳明樺,107年縣(市)議員選舉,首次申報,1070906,個人捐贈收入,林春麗,V20*******,800.00,0.00,,金錢,新北市土城區****,0920*****,
103,吳明樺,107年縣(市)議員選舉,首次申報,1070907,匿名捐贈,匿名,,400.00,0.00,,金錢,,,
104,吳明樺,107年縣(市)議員選舉,首次申報,1070907,匿名捐贈,匿名,,400.00,0.00,,金錢,,,
105,吳明樺,107年縣(市)議員選舉,首次申報,1070907,匿名捐贈,匿名,,400.00,0.00,,金錢,,,
106,吳明樺,107年縣(市)議員選舉,首次申報,1070907,個人捐贈收入,蔡政憲,Q12*******,10000.00,0.00,,金錢,宜蘭縣冬山鄉****,0939*****,
107,吳明樺,107年縣(市)議員選舉,首次申報,1070909,匿名捐贈,匿名,,10000.00,0.00,,金錢,,,
108,吳明樺,107年縣(市)議員選舉,首次申報,1070909,匿名捐贈,匿名,,10000.00,0.00,,金錢,,,
109,吳明樺,107年縣(市)議員選舉,首次申報,1070910,匿名捐贈,匿名,,10000.00,0.00,,金錢,,,
110,吳明樺,107年縣(市)議員選舉,首次申報,1070910,匿名捐贈,匿名,,800.00,0.00,,金錢,,,
111,吳明樺,107年縣(市)議員選舉,首次申報,1070910,個人捐贈收入,陳佩珊,Q22*******,100000.00,0.00,,金錢,宜蘭縣冬山鄉****,0955*****,
112,吳明樺,107年縣(市)議員選舉,首次申報,1070911,營利事業捐贈收入,蘭威創意有限公司,29091649,19128.00,0.00,,非金錢,宜蘭縣羅東鎮****,,
113,吳明樺,107年縣(市)議員選舉,首次申報,1070911,個人捐贈收入,李照禎,G10*******,20000.00,0.00,,非金錢,宜蘭縣五結鄉****,0953*****,
114,吳明樺,107年縣(市)議員選舉,首次申報,1070912,營利事業捐贈收入,易耕事業有限公司,53130278,350000.00,0.00,,金錢,宜蘭縣冬山鄉****,0395*****,
115,吳明樺,107年縣(市)議員選舉,首次申報,1070912,個人捐贈收入,陳夢靈,F22*******,100000.00,0.00,,金錢,宜蘭縣冬山鄉****,0395*****,
116,吳明樺,107年縣(市)議員選舉,首次申報,1070912,個人捐贈收入,雷惠娟,U22*******,20000.00,0.00,,金錢,宜蘭縣冬山鄉****,0919*****,
117,吳明樺,107年縣(市)議員選舉,首次申報,1070913,個人捐贈收入,唐家毅,A12*******,100000.00,0.00,,金錢,宜蘭縣冬山鄉****,0395*****,
118,吳明樺,107年縣(市)議員選舉,首次申報,1070913,個人捐贈收入,劉立文,F22*******,100000.00,0.00,,金錢,宜蘭縣冬山鄉****,0395*****,
119,吳明樺,107年縣(市)議員選舉,首次申報,1070916,個人捐贈收入,蔡明吉,D12*******,5000.00,0.00,,金錢,宜蘭縣宜蘭市****,0963*****,
120,吳明樺,107年縣(市)議員選舉,首次申報,1070918,個人捐贈收入,蔡玉明,K22*******,20000.00,0.00,,金錢,宜蘭縣冬山鄉****,0939*****,
121,吳明樺,107年縣(市)議員選舉,首次申報,1070920,個人捐贈收入,陳月茹,A22*******,800.00,0.00,,金錢,宜蘭縣冬山鄉****,0918*****,
122,吳明樺,107年縣(市)議員選舉,首次申報,1070920,個人捐贈收入,許駿烽,U12*******,10000.00,0.00,,金錢,宜蘭縣冬山鄉****,0900*****,
123,吳明樺,107年縣(市)議員選舉,首次申報,1070921,個人捐贈收入,陳永欣,F22*******,10000.00,0.00,,金錢,宜蘭縣冬山鄉****,,
124,吳明樺,107年縣(市)議員選舉,首次申報,1071001,匿名捐贈,匿名,,5000.00,0.00,,金錢,,,
125,吳明樺,107年縣(市)議員選舉,首次申報,1071009,個人捐贈收入,黃淑如,G22*******,6000.00,0.00,,金錢,宜蘭縣羅東鎮****,0953*****,
126,吳明樺,107年縣(市)議員選舉,首次申報,1071010,匿名捐贈,林春木,,10000.00,0.00,,金錢,,,
127,吳明樺,107年縣(市)議員選舉,首次申報,1071010,個人捐贈收入,黃仁章,,1000.00,0.00,,金錢,宜蘭縣蘇澳鎮****,03-9*****,
128,吳明樺,107年縣(市)議員選舉,首次申報,1071010,匿名捐贈,邱吳寶連,,10000.00,0.00,,金錢,,,
129,吳明樺,107年縣(市)議員選舉,首次申報,1071010,匿名捐贈,李雅慧,,8888.00,0.00,,金錢,,,
130,吳明樺,107年縣(市)議員選舉,首次申報,1071010,個人捐贈收入,劉培華,D22*******,6000.00,0.00,,金錢,宜蘭縣三星鄉****,0922*****,
131,吳明樺,107年縣(市)議員選舉,首次申報,1071010,個人捐贈收入,游政平,G10*******,1000.00,0.00,,金錢,宜蘭縣蘇澳鎮****,,
132,吳明樺,107年縣(市)議員選舉,首次申報,1071010,個人捐贈收入,蔣祖謙,G22*******,2000.00,0.00,,金錢,宜蘭縣三星鄉****,0922*****,
133,吳明樺,107年縣(市)議員選舉,首次申報,1071010,個人捐贈收入,蔣祖恩,G22*******,4000.00,0.00,,金錢,宜蘭縣三星鄉****,0922*****,
134,吳明樺,107年縣(市)議員選舉,首次申報,1071016,個人捐贈收入,鄒秦妮,D22*******,6000.00,0.00,,金錢,宜蘭縣冬山鄉****,0911*****,
135,吳明樺,107年縣(市)議員選舉,首次申報,1071016,個人捐贈收入,蔡雅玲,Q22*******,1000.00,0.00,,金錢,宜蘭縣冬山鄉****,0939*****,
136,吳明樺,107年縣(市)議員選舉,首次申報,1071022,個人捐贈收入,吳榮木,G10*******,100000.00,0.00,,金錢,宜蘭縣羅東鎮****,,
137,吳明樺,107年縣(市)議員選舉,首次申報,1071024,營利事業捐贈收入,建凱輪胎有限公司,13100896,30000.00,0.00,,金錢,臺北市內湖區****,,
138,吳明樺,107年縣(市)議員選舉,首次申報,1071106,營利事業捐贈收入,東霖測量工程顧問有限公司,84990842,6000.00,0.00,,金錢,宜蘭縣宜蘭市****,,
139,吳明樺,107年縣(市)議員選舉,首次申報,1071108,營利事業捐贈收入,蘭威創意有限公司,29091649,50258.00,0.00,,非金錢,宜蘭縣羅東鎮****,,
140,吳明樺,107年縣(市)議員選舉,首次申報,1071113,營利事業捐贈收入,蘭威創意有限公司,29091649,82341.00,0.00,,非金錢,宜蘭縣羅東鎮****,,
141,吳明樺,107年縣(市)議員選舉,首次申報,1071115,個人捐贈收入,郭朝清,G12*******,30000.00,0.00,,金錢,宜蘭縣礁溪鄉****,0920*****,
142,吳明樺,107年縣(市)議員選舉,首次申報,1071118,匿名捐贈,徐士哲,,1000.00,0.00,,金錢,,,
143,吳明樺,107年縣(市)議員選舉,首次申報,1071123,個人捐贈收入,沈柏宗,,1440.00,0.00,,金錢,宜蘭縣蘇澳鎮****,0937*****,
144,吳明樺,107年縣(市)議員選舉,首次申報,1071123,個人捐贈收入,黃元芬,G22*******,1000.00,0.00,,金錢,宜蘭縣冬山鄉****,,
145,吳明樺,107年縣(市)議員選舉,首次申報,1071123,個人捐贈收入,黃姿蓉,G22*******,180.00,0.00,,金錢,宜蘭縣冬山鄉****,0958*****,
146,吳明樺,107年縣(市)議員選舉,首次申報,1071221,其他收入,利息收入,,468.00,0.00,,金錢,,,
