﻿序號,擬參選人／政黨,選舉名稱,申報序號／年度,交易日期,收支科目,捐贈者／支出對象,身分證／統一編號,收入金額,支出金額,捐贈方式,存入專戶日期,返還/繳庫,支出用途,金錢類,地址,聯絡電話,應揭露之支出對象,支出對象之內部人員姓名,支出對象之內部人員職稱,政黨之內部人員姓名,政黨之內部人員職稱,關係,更正註記,資料更正日期
1,張佳玲,111年苗栗縣議員選舉,首次申報,1110908,營利事業捐贈收入,京承能源股份有限公司,42617111,500000.00,0.00,匯款,1110908,,,金錢,臺北市內湖區****,,,,,,,,,
2,張佳玲,111年苗栗縣議員選舉,首次申報,1110908,個人捐贈收入,曾慧,J22*******,60000.00,0.00,匯款,1110908,,,金錢,苗栗縣竹南鎮****,0982*****,,,,,,,,
3,張佳玲,111年苗栗縣議員選舉,首次申報,1111020,營利事業捐贈收入,加和紙業股份有限公司,50547286,100000.00,0.00,匯款,1111020,,,金錢,苗栗縣竹南鎮****,,,,,,,,,
4,張佳玲,111年苗栗縣議員選舉,首次申報,1111026,營利事業捐贈收入,星星水產貿易有限公司,90667103,100000.00,0.00,票據,1111026,,,金錢,臺中市太平區****,,,,,,,,,
5,張佳玲,111年苗栗縣議員選舉,首次申報,1111028,營利事業捐贈收入,星星水產貿易有限公司,90667103,100000.00,0.00,票據,1111028,,,金錢,臺中市太平區****,,,,,,,,,
6,張佳玲,111年苗栗縣議員選舉,首次申報,1111103,個人捐贈收入,楊岳校,K12*******,50000.00,0.00,匯款,1111103,,,金錢,臺北市松山區****,02-2*****,,,,,,,,
7,張佳玲,111年苗栗縣議員選舉,首次申報,1111221,其他收入,利息收入,,62.00,0.00,匯款,1111221,,,金錢,,,,,,,,,,
