﻿序號,擬參選人／政黨,選舉名稱,申報序號／年度,交易日期,收支科目,捐贈者／支出對象,身分證／統一編號,收入金額,支出金額,捐贈方式,存入專戶日期,返還/繳庫,支出用途,金錢類,地址,聯絡電話,應揭露之支出對象,支出對象之內部人員姓名,支出對象之內部人員職稱,政黨之內部人員姓名,政黨之內部人員職稱,關係,更正註記,資料更正日期
1,左翼聯盟,,111,1110111,雜支支出,景欣門第管理委員會,,0.00,4836.00,,,,大樓管理費,金錢,臺北市文山區****,,否,,,,,,,
2,左翼聯盟,,111,1110115,業務費用支出,蔡美玲,C22*******,0.00,19000.00,,,,租用辦公處所費用,金錢,臺北市信義區****,,否,,,,,,,
3,左翼聯盟,,111,1110131,業務費用支出,蔡美玲,C22*******,0.00,19000.00,,,,租用辦公處所費用,金錢,臺北市信義區****,,否,,,,,,,
4,左翼聯盟,,111,1110215,業務費用支出,蔡美玲,C22*******,0.00,19000.00,,,,租用辦公處所費用,金錢,臺北市信義區****,,否,,,,,,,
5,左翼聯盟,,111,1110228,業務費用支出,蔡美玲,C22*******,0.00,19000.00,,,,租用辦公處所費用,金錢,臺北市信義區****,,否,,,,,,,
6,左翼聯盟,,111,1110228,雜支支出,正典商務力中心有限公司,,0.00,3320.00,,,,其他為維持日常運作所必要之相關費用,金錢,臺北市信義區****,,否,,,,,,,
7,左翼聯盟,,111,1110315,業務費用支出,蔡美玲,C22*******,0.00,19000.00,,,,租用辦公處所費用,金錢,臺北市信義區****,,否,,,,,,,
8,左翼聯盟,,111,1110319,雜支支出,景欣門第管理委員會,,0.00,4836.00,,,,大樓管理費,金錢,臺北市文山區****,,否,,,,,,,
9,左翼聯盟,,111,1110331,業務費用支出,蔡美玲,C22*******,0.00,19000.00,,,,租用辦公處所費用,金錢,臺北市信義區****,,否,,,,,,,
10,左翼聯盟,,111,1110415,業務費用支出,蔡美玲,C22*******,0.00,19000.00,,,,租用辦公處所費用,金錢,臺北市信義區****,,否,,,,,,,
11,左翼聯盟,,111,1110430,業務費用支出,蔡美玲,C22*******,0.00,19000.00,,,,租用辦公處所費用,金錢,臺北市信義區****,,否,,,,,,,
12,左翼聯盟,,111,1110514,雜支支出,景欣門第管理委員會,,0.00,4836.00,,,,大樓管理費,金錢,臺北市文山區****,,否,,,,,,,
13,左翼聯盟,,111,1110515,業務費用支出,蔡美玲,C22*******,0.00,19000.00,,,,租用辦公處所費用,金錢,臺北市信義區****,,否,,,,,,,
14,左翼聯盟,,111,1110531,業務費用支出,蔡美玲,C22*******,0.00,19000.00,,,,租用辦公處所費用,金錢,臺北市信義區****,,否,,,,,,,
15,左翼聯盟,,111,1110615,業務費用支出,蔡美玲,C22*******,0.00,19000.00,,,,租用辦公處所費用,金錢,臺北市信義區****,,否,,,,,,,
16,左翼聯盟,,111,1110630,業務費用支出,蔡美玲,C22*******,0.00,19000.00,,,,租用辦公處所費用,金錢,臺北市信義區****,,否,,,,,,,
17,左翼聯盟,,111,1110715,業務費用支出,蔡美玲,C22*******,0.00,19000.00,,,,租用辦公處所費用,金錢,臺北市信義區****,,否,,,,,,,
18,左翼聯盟,,111,1110725,雜支支出,景欣門第管理委員會,,0.00,4836.00,,,,大樓管理費,金錢,臺北市文山區****,,否,,,,,,,
19,左翼聯盟,,111,1110731,業務費用支出,蔡美玲,C22*******,0.00,19000.00,,,,租用辦公處所費用,金錢,臺北市信義區****,,否,,,,,,,
20,左翼聯盟,,111,1110815,業務費用支出,蔡美玲,C22*******,0.00,19000.00,,,,租用辦公處所費用,金錢,臺北市信義區****,,否,,,,,,,
21,左翼聯盟,,111,1110831,業務費用支出,蔡美玲,C22*******,0.00,19000.00,,,,租用辦公處所費用,金錢,臺北市信義區****,,否,,,,,,,
22,左翼聯盟,,111,1110831,雜支支出,景欣門第管理委員會,,0.00,4836.00,,,,大樓管理費,金錢,臺北市文山區****,,否,,,,,,,
23,左翼聯盟,,111,1110915,業務費用支出,蔡美玲,C22*******,0.00,19000.00,,,,租用辦公處所費用,金錢,臺北市信義區****,,否,,,,,,,
24,左翼聯盟,,111,1110930,業務費用支出,蔡美玲,C22*******,0.00,19000.00,,,,租用辦公處所費用,金錢,臺北市信義區****,,否,,,,,,,
25,左翼聯盟,,111,1111015,業務費用支出,蔡美玲,C22*******,0.00,19000.00,,,,租用辦公處所費用,金錢,臺北市信義區****,,否,,,,,,,
26,左翼聯盟,,111,1111031,業務費用支出,蔡美玲,C22*******,0.00,19000.00,,,,租用辦公處所費用,金錢,臺北市信義區****,,否,,,,,,,
27,左翼聯盟,,111,1111115,業務費用支出,蔡美玲,C22*******,0.00,19000.00,,,,租用辦公處所費用,金錢,臺北市信義區****,,否,,,,,,,
28,左翼聯盟,,111,1111130,業務費用支出,蔡美玲,C22*******,0.00,19000.00,,,,租用辦公處所費用,金錢,臺北市信義區****,,否,,,,,,,
29,左翼聯盟,,111,1111215,業務費用支出,蔡美玲,C22*******,0.00,19000.00,,,,租用辦公處所費用,金錢,臺北市信義區****,,否,,,,,,,
30,左翼聯盟,,111,1111230,雜支支出,建安聯合會計師事務所,21776871,0.00,40500.00,,,,簽證費,金錢,臺北市信義區****,,否,,,,,,,
31,左翼聯盟,,111,1111231,業務費用支出,蔡美玲,C22*******,0.00,19000.00,,,,租用辦公處所費用,金錢,臺北市信義區****,,否,,,,,,,
