﻿序號,擬參選人／政黨,選舉名稱,申報序號／年度,交易日期,收支科目,捐贈者／支出對象,身分證／統一編號,收入金額,支出金額,支出用途,金錢類,地址,聯絡電話,資料更正日期
1,陳啓源,107年縣(市)議員選舉,首次申報,1070614,個人捐贈收入,溫建章,B12*******,3000.00,0.00,,金錢,新竹市香山區****,0953*****,
2,陳啓源,107年縣(市)議員選舉,首次申報,1070615,匿名捐贈,匿名,,5000.00,0.00,,金錢,,,
3,陳啓源,107年縣(市)議員選舉,首次申報,1070615,匿名捐贈,匿名,,2500.00,0.00,,金錢,,,
4,陳啓源,107年縣(市)議員選舉,首次申報,1070615,個人捐贈收入,范揚宗,,5000.00,0.00,,金錢,新竹市香山區****,,
5,陳啓源,107年縣(市)議員選舉,首次申報,1070620,個人捐贈收入,蔡明雄,J10*******,6000.00,0.00,,金錢,新竹市興竹街****,5617*****,
6,陳啓源,107年縣(市)議員選舉,首次申報,1070620,個人捐贈收入,吳仲益,J12*******,5000.00,0.00,,金錢,新竹市水田街****,,
7,陳啓源,107年縣(市)議員選舉,首次申報,1070621,其他收入,利息收入,,1.00,0.00,,金錢,,,
8,陳啓源,107年縣(市)議員選舉,首次申報,1070624,個人捐贈收入,范智楨,J12*******,20000.00,0.00,,金錢,新竹市關新一****,0910*****,
9,陳啓源,107年縣(市)議員選舉,首次申報,1070625,個人捐贈收入,黃銘嘉,Q12*******,30000.00,0.00,,金錢,新竹市牛埔東****,0972*****,
10,陳啓源,107年縣(市)議員選舉,首次申報,1070702,個人捐贈收入,王文生,J12*******,66000.00,0.00,,金錢,新竹市海埔路****,0926*****,
11,陳啓源,107年縣(市)議員選舉,首次申報,1070703,個人捐贈收入,林榮隆,J10*******,10000.00,0.00,,金錢,新竹市延平路****,0925*****,
12,陳啓源,107年縣(市)議員選舉,首次申報,1070705,個人捐贈收入,王勝樑,A12*******,10000.00,0.00,,金錢,新竹市東華路****,0936*****,
13,陳啓源,107年縣(市)議員選舉,首次申報,1070709,個人捐贈收入,蔡萬龍,,3000.00,0.00,,金錢,新竹市牛埔路****,,
14,陳啓源,107年縣(市)議員選舉,首次申報,1070717,個人捐贈收入,鄭品謙,J12*******,9999.00,0.00,,金錢,新竹縣新豐鄉****,0955*****,
15,陳啓源,107年縣(市)議員選舉,首次申報,1070718,個人捐贈收入,石為安,J12*******,10000.00,0.00,,金錢,新竹市茄苳北****,03-5*****,
16,陳啓源,107年縣(市)議員選舉,首次申報,1070718,個人捐贈收入,李凌凌,J22*******,5000.00,0.00,,金錢,新竹市公園路****,0953*****,
17,陳啓源,107年縣(市)議員選舉,首次申報,1070726,個人捐贈收入,盧碧婉,J22*******,30000.00,0.00,,金錢,新竹市牛埔路****,0928*****,
18,陳啓源,107年縣(市)議員選舉,首次申報,1070730,個人捐贈收入,羅英薰,Q22*******,10000.00,0.00,,金錢,新竹市吳厝街****,0932*****,
19,陳啓源,107年縣(市)議員選舉,首次申報,1070801,個人捐贈收入,呂金霖,A10*******,20000.00,0.00,,金錢,新竹市中華路****,0963*****,
20,陳啓源,107年縣(市)議員選舉,首次申報,1070807,個人捐贈收入,李宏學,J12*******,10000.00,0.00,,金錢,桃園市平鎮區****,0928*****,
21,陳啓源,107年縣(市)議員選舉,首次申報,1070810,個人捐贈收入,陳憲聰,O10*******,100000.00,0.00,,金錢,新竹市光華東****,0933*****,
22,陳啓源,107年縣(市)議員選舉,首次申報,1070813,個人捐贈收入,黃冠銘,J12*******,20000.00,0.00,,金錢,臺北市大安區****,0937*****,
23,陳啓源,107年縣(市)議員選舉,首次申報,1070828,個人捐贈收入,黃紫瑄,J20*******,6000.00,0.00,,金錢,新竹市明湖路****,0922*****,
24,陳啓源,107年縣(市)議員選舉,首次申報,1070903,個人捐贈收入,陳勝標,J10*******,60000.00,0.00,,金錢,新竹市公道五****,0933*****,
25,陳啓源,107年縣(市)議員選舉,首次申報,1070905,個人捐贈收入,何錦培,J12*******,20000.00,0.00,,金錢,新竹市延平路****,0910*****,
26,陳啓源,107年縣(市)議員選舉,首次申報,1070911,營利事業捐贈收入,御弘股份有限公司,25063831,20000.00,0.00,,金錢,新竹市中華路****,0936*****,
27,陳啓源,107年縣(市)議員選舉,首次申報,1070912,個人捐贈收入,張振銘,J12*******,10000.00,0.00,,金錢,新竹市南大路****,0938*****,
28,陳啓源,107年縣(市)議員選舉,首次申報,1070921,個人捐贈收入,謝維銘,J12*******,50000.00,0.00,,金錢,新竹市北區東****,03-5*****,
29,陳啓源,107年縣(市)議員選舉,首次申報,1070925,個人捐贈收入,戴聰益,J10*******,3000.00,0.00,,金錢,新竹市海濱路****,03-5*****,
30,陳啓源,107年縣(市)議員選舉,首次申報,1070928,營利事業捐贈收入,科治新技股份有限公司,70743639,150000.00,0.00,,金錢,湖南村光復北****,03-5*****,
31,陳啓源,107年縣(市)議員選舉,首次申報,1071001,個人捐贈收入,陳崇仁,J12*******,3000.00,0.00,,金錢,新竹市牛埔北****,0933*****,
32,陳啓源,107年縣(市)議員選舉,首次申報,1071005,營利事業捐贈收入,宏邑建設股份有限公司,53056951,50000.00,0.00,,金錢,新竹市牛埔路****,03-5*****,
33,陳啓源,107年縣(市)議員選舉,首次申報,1071008,個人捐贈收入,鄭世堂,J12*******,5000.00,0.00,,金錢,新竹市中山路****,0912*****,
34,陳啓源,107年縣(市)議員選舉,首次申報,1071013,個人捐贈收入,吳銘芬,J22*******,10000.00,0.00,,金錢,新竹市延平路****,0937*****,
35,陳啓源,107年縣(市)議員選舉,首次申報,1071016,個人捐贈收入,周志留,F12*******,10000.00,0.00,,金錢,新竹市虎林街****,0919*****,
36,陳啓源,107年縣(市)議員選舉,首次申報,1071016,個人捐贈收入,王傳益,J10*******,5000.00,0.00,,金錢,新竹市香北路****,0921*****,
37,陳啓源,107年縣(市)議員選舉,首次申報,1071016,個人捐贈收入,張晃斌,J12*******,10000.00,0.00,,金錢,新竹市海埔路****,0978*****,
38,陳啓源,107年縣(市)議員選舉,首次申報,1071016,個人捐贈收入,許蓬輝,J12*******,5000.00,0.00,,金錢,新竹市建中一****,0931*****,
39,陳啓源,107年縣(市)議員選舉,首次申報,1071016,個人捐贈收入,楊德勝,J12*******,50000.00,0.00,,金錢,新竹市中央路****,0929*****,
40,陳啓源,107年縣(市)議員選舉,首次申報,1071016,個人捐贈收入,陳牧松,J12*******,10000.00,0.00,,金錢,新竹市祥園街****,0932*****,
41,陳啓源,107年縣(市)議員選舉,首次申報,1071017,個人捐贈收入,鄭宗源,J10*******,10000.00,0.00,,金錢,新竹市吉羊路****,0932*****,
42,陳啓源,107年縣(市)議員選舉,首次申報,1071018,個人捐贈收入,彭文貴,J12*******,3000.00,0.00,,金錢,新竹市中華路****,0933*****,
43,陳啓源,107年縣(市)議員選舉,首次申報,1071018,個人捐贈收入,蔡春鳶,J20*******,10000.00,0.00,,金錢,新竹市南大路****,0921*****,
44,陳啓源,107年縣(市)議員選舉,首次申報,1071019,人民團體捐贈收入,新竹市新興桌球推廣協會,,10000.00,0.00,,金錢,,,
45,陳啓源,107年縣(市)議員選舉,首次申報,1071019,個人捐贈收入,張峻豪,L12*******,30000.00,0.00,,金錢,新竹市湳雅街****,0989*****,
46,陳啓源,107年縣(市)議員選舉,首次申報,1071025,個人捐贈收入,朱紋君,J22*******,2000.00,0.00,,金錢,桃園市蘆竹區****,0933*****,
47,陳啓源,107年縣(市)議員選舉,首次申報,1071026,個人捐贈收入,陳正宗,J12*******,10000.00,0.00,,金錢,新竹市香山區****,0935*****,
48,陳啓源,107年縣(市)議員選舉,首次申報,1071030,個人捐贈收入,蔡寶雲,J20*******,6600.00,0.00,,金錢,新竹市香山區****,0963*****,
49,陳啓源,107年縣(市)議員選舉,首次申報,1071102,個人捐贈收入,陳國定,J10*******,20000.00,0.00,,金錢,新竹市海埔路****,0936*****,
50,陳啓源,107年縣(市)議員選舉,首次申報,1071102,個人捐贈收入,許玉堂,T10*******,20000.00,0.00,,金錢,新竹市南港街****,03-5*****,
51,陳啓源,107年縣(市)議員選舉,首次申報,1071105,個人捐贈收入,張振泰,J12*******,12000.00,0.00,,金錢,新竹市中華路****,0919*****,
52,陳啓源,107年縣(市)議員選舉,首次申報,1071107,個人捐贈收入,胡泊雅,N22*******,10000.00,0.00,,金錢,彰化縣永靖鄉****,,
53,陳啓源,107年縣(市)議員選舉,首次申報,1071107,個人捐贈收入,張皓恩,O10*******,2000.00,0.00,,金錢,新竹市中華路****,0908*****,
54,陳啓源,107年縣(市)議員選舉,首次申報,1071113,個人捐贈收入,謝啟文,J10*******,10000.00,0.00,,金錢,新竹市林森路****,0933*****,
55,陳啓源,107年縣(市)議員選舉,首次申報,1071113,個人捐贈收入,林榮村,J12*******,20000.00,0.00,,金錢,新竹市牛埔東****,0933*****,
56,陳啓源,107年縣(市)議員選舉,首次申報,1071113,個人捐贈收入,楊秀琴,J22*******,50000.00,0.00,,金錢,新竹縣新豐鄉****,0921*****,
57,陳啓源,107年縣(市)議員選舉,首次申報,1071116,個人捐贈收入,馮素琴,G20*******,10000.00,0.00,,金錢,新竹市中華路****,0927*****,
58,陳啓源,107年縣(市)議員選舉,首次申報,1071121,個人捐贈收入,朱建勳,O10*******,12000.00,0.00,,金錢,新竹市和平路****,0915*****,
59,陳啓源,107年縣(市)議員選舉,首次申報,1071122,個人捐贈收入,周淑娥,J22*******,3000.00,0.00,,金錢,新竹市武昌街****,0913*****,
60,陳啓源,107年縣(市)議員選舉,首次申報,1071221,其他收入,利息收入,,376.00,0.00,,金錢,,,
