﻿序號,擬參選人／政黨,選舉名稱,申報序號／年度,交易日期,收支科目,捐贈者／支出對象,身分證／統一編號,收入金額,支出金額,捐贈方式,存入專戶日期,返還/繳庫,支出用途,金錢類,地址,聯絡電話,應揭露之支出對象,支出對象之內部人員姓名,支出對象之內部人員職稱,政黨之內部人員姓名,政黨之內部人員職稱,關係,更正註記,資料更正日期
1,張淑芬,111年苗栗縣議員選舉,首次申報,1110818,宣傳支出,零壹捌文創禮品商行,,0.00,30000.00,,,,製作競選物品或宣傳廣告費用（物品名稱-魚麟布）,金錢,新竹縣竹北市****,,否,,,,,,,
2,張淑芬,111年苗栗縣議員選舉,首次申報,1110829,雜支支出,青峻印鋪鎖匙企業社,,0.00,400.00,,,,雜項購置或修繕費用,金錢,苗栗縣頭份市****,,否,,,,,,,
3,張淑芬,111年苗栗縣議員選舉,首次申報,1110905,租用競選辦事處支出,林文雅,,0.00,19500.00,,,,租用競選辦事處費用,金錢,苗栗縣頭份市****,,否,,,,,,,
4,張淑芬,111年苗栗縣議員選舉,首次申報,1111004,租用競選辦事處支出,林文雅,,0.00,19500.00,,,,租用競選辦事處費用,金錢,苗栗縣頭份市****,,否,,,,,,,
5,張淑芬,111年苗栗縣議員選舉,首次申報,1111007,雜支支出,進意商行,,0.00,4000.00,,,,餐飲費用,金錢,苗栗縣頭份鎮****,,否,,,,,,,
6,張淑芬,111年苗栗縣議員選舉,首次申報,1111012,宣傳支出,零壹捌文創禮品商行,26669409,0.00,40500.00,,,,製作競選物品或宣傳廣告費用（物品名稱-魚麟紋擦拭布、口罩芬芳貼）,金錢,新竹縣竹北市****,,否,,,,,,,
7,張淑芬,111年苗栗縣議員選舉,首次申報,1111020,雜支支出,金莎蛋糕,,0.00,2000.00,,,,餐飲費用,金錢,苗栗縣頭份市****,,否,,,,,,,
8,張淑芬,111年苗栗縣議員選舉,首次申報,1111021,雜支支出,金莎蛋糕,,0.00,2000.00,,,,餐飲費用,金錢,苗栗縣頭份市****,,否,,,,,,,
9,張淑芬,111年苗栗縣議員選舉,首次申報,1111021,雜支支出,漢禔企業商行,,0.00,21600.00,,,,雜項購置或修繕費用,金錢,苗栗縣頭份鎮****,,否,,,,,,,
10,張淑芬,111年苗栗縣議員選舉,首次申報,1111021,雜支支出,友廚自助餐,,0.00,1120.00,,,,餐飲費用,金錢,苗栗縣頭份市****,,否,,,,,,,
11,張淑芬,111年苗栗縣議員選舉,首次申報,1111024,雜支支出,學友企業社,,0.00,8000.00,,,,雜項購置或修繕費用,金錢,新竹縣新豐鄉****,,否,,,,,,,
12,張淑芬,111年苗栗縣議員選舉,首次申報,1111024,雜支支出,金牌好吃小吃店,,0.00,1170.00,,,,餐飲費用,金錢,苗栗縣頭份市****,,否,,,,,,,
13,張淑芬,111年苗栗縣議員選舉,首次申報,1111025,宣傳支出,頭份郵局,,0.00,511.00,,,,郵寄競選物品或宣傳廣告費用,金錢,苗栗縣頭份市****,,否,,,,,,,
14,張淑芬,111年苗栗縣議員選舉,首次申報,1111030,雜支支出,明香飲食店,,0.00,840.00,,,,餐飲費用,金錢,苗栗縣竹南鎮****,,否,,,,,,,
15,張淑芬,111年苗栗縣議員選舉,首次申報,1111101,雜支支出,品媞漢堡商店,,0.00,450.00,,,,餐飲費用,金錢,苗栗縣頭份市****,,否,,,,,,,
16,張淑芬,111年苗栗縣議員選舉,首次申報,1111102,雜支支出,圓光排肉餐盒店,,0.00,1050.00,,,,餐飲費用,金錢,苗栗縣頭份鎮****,,否,,,,,,,
17,張淑芬,111年苗栗縣議員選舉,首次申報,1111102,雜支支出,雅米飲品屋,,0.00,630.00,,,,餐飲費用,金錢,苗栗縣竹南鎮****,,否,,,,,,,
18,張淑芬,111年苗栗縣議員選舉,首次申報,1111103,雜支支出,佩玲商行,,0.00,565.00,,,,餐飲費用,金錢,苗栗縣頭份市****,,否,,,,,,,
19,張淑芬,111年苗栗縣議員選舉,首次申報,1111104,租用競選辦事處支出,林文雅,,0.00,19500.00,,,,租用競選辦事處費用,金錢,苗栗縣頭份市****,,否,,,,,,,
20,張淑芬,111年苗栗縣議員選舉,首次申報,1111104,集會支出,旺旺友聯產物保險股份有限公司,,0.00,10375.00,,,,其他與集會有關之費用,金錢,南投縣草屯鎮****,,否,,,,,,,
21,張淑芬,111年苗栗縣議員選舉,首次申報,1111105,雜支支出,圓光排肉餐盒店,,0.00,525.00,,,,餐飲費用,金錢,苗栗縣頭份鎮****,,否,,,,,,,
22,張淑芬,111年苗栗縣議員選舉,首次申報,1111105,集會支出,新華飲食店,,0.00,24000.00,,,,餐飲費用,金錢,苗栗縣頭份鎮****,,否,,,,,,,
23,張淑芬,111年苗栗縣議員選舉,首次申報,1111105,集會支出,弘東外燴,25327670,0.00,49500.00,,,,餐飲費用,金錢,苗栗縣頭份鎮****,,否,,,,,,,
24,張淑芬,111年苗栗縣議員選舉,首次申報,1111105,集會支出,弘東外燴,25327670,0.00,48000.00,,,,餐飲費用,金錢,苗栗縣頭份鎮****,,否,,,,,,,
25,張淑芬,111年苗栗縣議員選舉,首次申報,1111106,雜支支出,食光餐盒,,0.00,475.00,,,,餐飲費用,金錢,苗栗縣頭份市****,,否,,,,,,,
26,張淑芬,111年苗栗縣議員選舉,首次申報,1111107,集會支出,晟翔企業社,,0.00,20000.00,,,,租用設備費用,金錢,苗栗縣竹南鎮****,,否,,,,,,,
27,張淑芬,111年苗栗縣議員選舉,首次申報,1111107,集會支出,晟翔企業社,,0.00,16000.00,,,,租用設備費用,金錢,苗栗縣竹南鎮****,,否,,,,,,,
28,張淑芬,111年苗栗縣議員選舉,首次申報,1111107,集會支出,晟翔企業社,,0.00,20500.00,,,,租用設備費用,金錢,苗栗縣竹南鎮****,,否,,,,,,,
29,張淑芬,111年苗栗縣議員選舉,首次申報,1111107,集會支出,晟翔企業社,,0.00,23200.00,,,,租用設備費用,金錢,苗栗縣竹南鎮****,,否,,,,,,,
30,張淑芬,111年苗栗縣議員選舉,首次申報,1111107,集會支出,晟翔企業社,,0.00,16200.00,,,,租用設備費用,金錢,苗栗縣竹南鎮****,,否,,,,,,,
31,張淑芬,111年苗栗縣議員選舉,首次申報,1111107,集會支出,晟翔企業社,,0.00,26000.00,,,,租用設備費用,金錢,苗栗縣竹南鎮****,,否,,,,,,,
32,張淑芬,111年苗栗縣議員選舉,首次申報,1111108,宣傳支出,社團法人中華音樂著作權協會,,0.00,4200.00,,,,播放、傳送或刊登宣傳廣告費用,金錢,臺北市中山區****,,否,,,,,,,
33,張淑芬,111年苗栗縣議員選舉,首次申報,1111108,宣傳支出,謝祥維,A12*******,0.00,200000.00,,,,委託辦理研究、評估、調查、設計或規劃費用,金錢,臺北市士林區****,,否,,,,,,,
34,張淑芬,111年苗栗縣議員選舉,首次申報,1111109,雜支支出,竹野頭份快餐,,0.00,465.00,,,,餐飲費用,金錢,苗栗縣頭份市****,,否,,,,,,,
35,張淑芬,111年苗栗縣議員選舉,首次申報,1111110,雜支支出,明香飲食店,,0.00,1440.00,,,,餐飲費用,金錢,苗栗縣竹南鎮****,,否,,,,,,,
36,張淑芬,111年苗栗縣議員選舉,首次申報,1111111,租用競選辦事處支出,昌隆廣場好漾社區管理委員會,,0.00,7230.00,,,,其他與租用競選辦事處有關之費用,金錢,苗栗縣頭份市****,,否,,,,,,,
37,張淑芬,111年苗栗縣議員選舉,首次申報,1111112,租用宣傳車輛支出,台灣中油股份有限公司,,0.00,800.00,,,,宣傳車輛燃料費用,金錢,苗栗縣南庄鄉****,,否,,,,,,,
38,張淑芬,111年苗栗縣議員選舉,首次申報,1111112,租用宣傳車輛支出,台灣中油股份有限公司,,0.00,200.00,,,,宣傳車輛燃料費用,金錢,苗栗縣南庄鄉****,,否,,,,,,,
39,張淑芬,111年苗栗縣議員選舉,首次申報,1111112,集會支出,弘東外燴,25327670,0.00,42000.00,,,,餐飲費用,金錢,苗栗縣頭份鎮****,,否,,,,,,,
40,張淑芬,111年苗栗縣議員選舉,首次申報,1111113,租用宣傳車輛支出,永炬加油站,,0.00,1000.00,,,,宣傳車輛燃料費用,金錢,苗栗縣頭份鎮****,,否,,,,,,,
41,張淑芬,111年苗栗縣議員選舉,首次申報,1111114,租用競選辦事處支出,宥泉企業社,,0.00,15000.00,,,,其他與租用競選辦事處有關之費用,金錢,苗栗縣頭屋鄉****,,否,,,,,,,
42,張淑芬,111年苗栗縣議員選舉,首次申報,1111114,租用宣傳車輛支出,斗煥和昌加油站,,0.00,500.00,,,,宣傳車輛燃料費用,金錢,苗栗縣頭份市****,,否,,,,,,,
43,張淑芬,111年苗栗縣議員選舉,首次申報,1111114,租用宣傳車輛支出,斗煥和昌加油站,,0.00,200.00,,,,宣傳車輛燃料費用,金錢,苗栗縣頭份市****,,否,,,,,,,
44,張淑芬,111年苗栗縣議員選舉,首次申報,1111115,租用宣傳車輛支出,台灣中油股份有限公司,,0.00,1000.00,,,,宣傳車輛燃料費用,金錢,苗栗縣頭份市****,,否,,,,,,,
45,張淑芬,111年苗栗縣議員選舉,首次申報,1111115,宣傳支出,紘宇多媒體企業有限公司,28821653,0.00,43200.00,,,,播放、傳送或刊登宣傳廣告費用,金錢,苗栗縣竹南鎮****,,否,,,,,,,
46,張淑芬,111年苗栗縣議員選舉,首次申報,1111116,租用宣傳車輛支出,台灣中油股份有限公司,,0.00,1000.00,,,,宣傳車輛燃料費用,金錢,苗栗縣頭份市****,,否,,,,,,,
47,張淑芬,111年苗栗縣議員選舉,首次申報,1111116,租用宣傳車輛支出,台灣中油股份有限公司,,0.00,300.00,,,,宣傳車輛燃料費用,金錢,苗栗縣南庄鄉****,,否,,,,,,,
48,張淑芬,111年苗栗縣議員選舉,首次申報,1111116,租用宣傳車輛支出,台灣中油股份有限公司,,0.00,500.00,,,,宣傳車輛燃料費用,金錢,苗栗縣南庄鄉****,,否,,,,,,,
49,張淑芬,111年苗栗縣議員選舉,首次申報,1111118,租用宣傳車輛支出,台灣中油股份有限公司,,0.00,1000.00,,,,宣傳車輛燃料費用,金錢,苗栗縣頭份市****,,否,,,,,,,
50,張淑芬,111年苗栗縣議員選舉,首次申報,1111118,租用宣傳車輛支出,台灣中油股份有限公司,,0.00,200.00,,,,宣傳車輛燃料費用,金錢,苗栗縣頭份市****,,否,,,,,,,
51,張淑芬,111年苗栗縣議員選舉,首次申報,1111119,租用宣傳車輛支出,台灣中油股份有限公司,,0.00,400.00,,,,宣傳車輛燃料費用,金錢,苗栗縣頭份市****,,否,,,,,,,
52,張淑芬,111年苗栗縣議員選舉,首次申報,1111121,租用宣傳車輛支出,台灣中油股份有限公司,,0.00,1000.00,,,,宣傳車輛燃料費用,金錢,苗栗縣頭份市****,,否,,,,,,,
53,張淑芬,111年苗栗縣議員選舉,首次申報,1111121,租用宣傳車輛支出,台灣中油股份有限公司,,0.00,1000.00,,,,宣傳車輛燃料費用,金錢,苗栗縣頭份市****,,否,,,,,,,
54,張淑芬,111年苗栗縣議員選舉,首次申報,1111121,租用宣傳車輛支出,台灣中油股份有限公司,,0.00,200.00,,,,宣傳車輛燃料費用,金錢,苗栗縣頭份市****,,否,,,,,,,
55,張淑芬,111年苗栗縣議員選舉,首次申報,1111123,租用宣傳車輛支出,台灣中油股份有限公司,,0.00,300.00,,,,宣傳車輛燃料費用,金錢,苗栗縣南庄鄉****,,否,,,,,,,
56,張淑芬,111年苗栗縣議員選舉,首次申報,1111123,租用宣傳車輛支出,台灣中油股份有限公司,,0.00,1000.00,,,,宣傳車輛燃料費用,金錢,苗栗縣南庄鄉****,,否,,,,,,,
57,張淑芬,111年苗栗縣議員選舉,首次申報,1111124,租用宣傳車輛支出,台灣中油股份有限公司,,0.00,800.00,,,,宣傳車輛燃料費用,金錢,苗栗縣頭份市****,,否,,,,,,,
58,張淑芬,111年苗栗縣議員選舉,首次申報,1111125,租用競選辦事處支出,名揚音響,,0.00,19000.00,,,,其他與租用競選辦事處有關之費用,金錢,苗栗縣頭份鎮****,,否,,,,,,,
59,張淑芬,111年苗栗縣議員選舉,首次申報,1111126,集會支出,張慧珠,,0.00,13122.00,,,,餐飲費用,金錢,苗栗縣頭份市****,,否,,,,,,,
60,張淑芬,111年苗栗縣議員選舉,首次申報,1111128,租用宣傳車輛支出,台灣中油股份有限公司,,0.00,1000.00,,,,宣傳車輛燃料費用,金錢,苗栗縣頭份市****,,否,,,,,,,
61,張淑芬,111年苗栗縣議員選舉,首次申報,1111128,租用宣傳車輛支出,台灣中油股份有限公司,,0.00,100.00,,,,宣傳車輛燃料費用,金錢,苗栗縣頭份市****,,否,,,,,,,
62,張淑芬,111年苗栗縣議員選舉,首次申報,1111130,宣傳支出,吉元有線電視股份有限公司,,0.00,20000.00,,,,播放、傳送或刊登宣傳廣告費用,金錢,苗栗縣苗栗市****,,否,,,,,,,
63,張淑芬,111年苗栗縣議員選舉,首次申報,1111201,人事費用支出,江能盛,K12*******,0.00,28000.00,,,,其他因工作酬勞之給付,金錢,苗栗縣頭份市****,,否,,,,,,,
64,張淑芬,111年苗栗縣議員選舉,首次申報,1111201,人事費用支出,徐正全,K12*******,0.00,28000.00,,,,其他因工作酬勞之給付,金錢,苗栗縣頭份市****,,否,,,,,,,
65,張淑芬,111年苗栗縣議員選舉,首次申報,1111211,宣傳支出,嵩濠綜合廣告,76921478,0.00,173300.00,,,,租用廣告看板或車體廣告費用,金錢,苗栗縣頭份市****,,否,,,,,,,
