﻿序號,擬參選人／政黨,選舉名稱,申報序號／年度,交易日期,收支科目,捐贈者／支出對象,身分證／統一編號,收入金額,支出金額,支出用途,金錢類,地址,聯絡電話,資料更正日期
1,葉日嘉,107年鄉(鎮、市)民代表選舉,首次申報,1070824,雜支支出,米波羅企業有限公司,16757038,0.00,17000.00,MADB擴音器,金錢,臺北市大安區****,02-2*****,
2,葉日嘉,107年鄉(鎮、市)民代表選舉,首次申報,1070824,宣傳支出,巧禮企業行,99001396,0.00,12000.00,製作競選物品支出（筆）,金錢,新竹縣新豐鄉****,0936*****,
3,葉日嘉,107年鄉(鎮、市)民代表選舉,首次申報,1070824,宣傳支出,詹益健,A10*******,0.00,10500.00,租用廣告看板或車體廣告支出,金錢,新竹縣竹東鎮****,0937*****,
4,葉日嘉,107年鄉(鎮、市)民代表選舉,首次申報,1070828,宣傳支出,王金蘭,J22*******,0.00,15000.00,租用廣告看板或車體廣告支出,金錢,新竹縣竹東鎮****,0916*****,
5,葉日嘉,107年鄉(鎮、市)民代表選舉,首次申報,1070829,公共關係費用支出,佑澧有限公司,29093061,0.00,11200.00,聯誼交際費用,金錢,臺中市西屯區****,04-2*****,
6,葉日嘉,107年鄉(鎮、市)民代表選舉,首次申報,1070830,宣傳支出,巧禮企業社,99001396,0.00,12000.00,製作競選物品支出（觸控筆）,金錢,新竹縣新豐鄉****,0936*****,
7,葉日嘉,107年鄉(鎮、市)民代表選舉,首次申報,1070901,宣傳支出,誠羽色彩創意有限公司,24209562,0.00,3150.00,競選旗幟關刀旗配件,金錢,新北市新莊區****,02-8*****,
8,葉日嘉,107年鄉(鎮、市)民代表選舉,首次申報,1070903,雜支支出,創意家國際有限公司,27665710,0.00,10028.00,製作競選物品支出（背心、POLO衫、活動背心）,金錢,新北市泰山區****,02-2*****,
9,葉日嘉,107年鄉(鎮、市)民代表選舉,首次申報,1070910,宣傳支出,創意家國際有限公司,27665710,0.00,10710.00,製作競選物品支出（旗幟）,金錢,新北市泰山區****,02-2*****,
10,葉日嘉,107年鄉(鎮、市)民代表選舉,首次申報,1070910,宣傳支出,巧禮企業社,99001396,0.00,12000.00,製作競選物品支出（觸控筆）,金錢,新竹縣新豐鄉****,0936*****,
11,葉日嘉,107年鄉(鎮、市)民代表選舉,首次申報,1070911,宣傳支出,巨匠光能科技有限公司,80069199,0.00,69468.00,租用廣告看板及廣告刊登支出,金錢,新竹縣竹東鎮****,03-5*****,
12,葉日嘉,107年鄉(鎮、市)民代表選舉,首次申報,1070917,宣傳支出,竹東郵局,,0.00,480.00,郵寄競選物品或宣傳廣告支出,金錢,新竹縣竹東鎮****,,
13,葉日嘉,107年鄉(鎮、市)民代表選舉,首次申報,1070918,宣傳支出,巧禮企業社,99001396,0.00,9000.00,製作競選物品支出（觸控筆）,金錢,新竹縣新豐鄉****,0936*****,
14,葉日嘉,107年鄉(鎮、市)民代表選舉,首次申報,1070919,宣傳支出,創意家國際有限公司,27665710,0.00,18270.00,製作競選物品支出（手搖旗+候選人披肩彩帶）,金錢,新北市泰山區****,02-2*****,
15,葉日嘉,107年鄉(鎮、市)民代表選舉,首次申報,1070921,返還支出,蘇榮標,,0.00,2000.00,返還,金錢,,0359*****,
16,葉日嘉,107年鄉(鎮、市)民代表選舉,首次申報,1070921,公共關係費用支出,花旗鮮花店,02769689,0.00,2000.00,聯誼交際費用-蘭花,金錢,新竹縣竹東鎮****,03-5*****,
17,葉日嘉,107年鄉(鎮、市)民代表選舉,首次申報,1070921,集會支出,動力舞台企業社,30334953,0.00,3800.00,租用設備支出-總部成立大會桌椅租借,金錢,新竹縣北埔鄉****,0919*****,
18,葉日嘉,107年鄉(鎮、市)民代表選舉,首次申報,1070921,集會支出,競選總部,J12*******,0.00,5000.00,餐飲支出,非金錢,新竹縣竹東鎮****,,
19,葉日嘉,107年鄉(鎮、市)民代表選舉,首次申報,1070927,集會支出,鮮味食品行,26146894,0.00,50000.00,餐飲支出-總部成立餐飲,金錢,新竹縣竹東鎮****,03-5*****,
20,葉日嘉,107年鄉(鎮、市)民代表選舉,首次申報,1070927,宣傳支出,雪花紙業股份有限公司,56616372,0.00,30000.00,製作競選物品支出（袖珍包面紙）,金錢,臺中市清水區****,04-2*****,
21,葉日嘉,107年鄉(鎮、市)民代表選舉,首次申報,1071013,租用競選辦事處支出,伸茂在線科技有限公司,53805786,0.00,6447.00,租買辦公設備支出-活動式氣壓布幕,金錢,桃園市龍潭區****,03-4*****,
22,葉日嘉,107年鄉(鎮、市)民代表選舉,首次申報,1071018,集會支出,競選總部,J12*******,0.00,3500.00,餐飲支出,非金錢,新竹縣竹東鎮****,,
23,葉日嘉,107年鄉(鎮、市)民代表選舉,首次申報,1071024,集會支出,全湧食品行,02782542,0.00,2060.00,餐飲支出-飲料,金錢,新竹縣竹東鎮****,03-5*****,
24,葉日嘉,107年鄉(鎮、市)民代表選舉,首次申報,1071025,宣傳支出,聖佳數位影印,37944327,0.00,29200.00,製作宣傳廣告支出,金錢,新竹縣竹東鎮****,03-5*****,
25,葉日嘉,107年鄉(鎮、市)民代表選舉,首次申報,1071030,公共關係費用支出,全湧食品行,02782542,0.00,5100.00,聯誼交際費用,金錢,新竹縣竹東鎮****,03-5*****,
26,葉日嘉,107年鄉(鎮、市)民代表選舉,首次申報,1071031,公共關係費用支出,競選總部,J12*******,0.00,5000.00,文康活動費用,非金錢,新竹縣竹東鎮****,,
27,葉日嘉,107年鄉(鎮、市)民代表選舉,首次申報,1071105,宣傳支出,聖佳數位影印,37944327,0.00,1600.00,製作宣傳廣告支出(海報貼紙),金錢,新竹縣竹東鎮****,03-5*****,
28,葉日嘉,107年鄉(鎮、市)民代表選舉,首次申報,1071106,集會支出,鑫福商店,31787525,0.00,2500.00,餐飲支出,金錢,新竹縣竹東鎮****,03-5*****,
29,葉日嘉,107年鄉(鎮、市)民代表選舉,首次申報,1071111,宣傳支出,大幫你工作室,42308500,0.00,40000.00,演講或表演支出,金錢,新竹縣竹北市****,0917*****,
30,葉日嘉,107年鄉(鎮、市)民代表選舉,首次申報,1071113,宣傳支出,陳香靜,E22*******,0.00,1000.00,演講或表演支出,金錢,高雄市左營區****,0919*****,
31,葉日嘉,107年鄉(鎮、市)民代表選舉,首次申報,1071120,宣傳支出,廣豐廣告社,47099334,0.00,28665.00,租用廣告看板及廣告刊登支出,金錢,新竹縣竹東鎮****,03-5*****,
32,葉日嘉,107年鄉(鎮、市)民代表選舉,首次申報,1071120,租用競選辦事處支出,捷安電信工程有限公司,53605397,0.00,18000.00,租買辦公設備支出-監視器購置,金錢,新竹縣竹東鎮****,03-5*****,
33,葉日嘉,107年鄉(鎮、市)民代表選舉,首次申報,1071121,租用競選辦事處支出,意揚創意廣告股份有限公司,24621520,0.00,2625.00,裝潢競選辦事處支出-安裝招牌定時器，看板號碼張貼,金錢,新竹縣竹北市****,,
34,葉日嘉,107年鄉(鎮、市)民代表選舉,首次申報,1071121,租用競選辦事處支出,意揚創意廣告股份有限公司,24621520,0.00,62200.00,裝潢競選辦事處支出-總部招牌燈箱+字幕機,金錢,新竹縣竹北市****,03-6*****,
35,葉日嘉,107年鄉(鎮、市)民代表選舉,首次申報,1071121,宣傳支出,意揚創意廣告股份有限公司,24621520,0.00,63000.00,播送、傳送或刊登宣傳廣告支出-LED廣告牆託播,金錢,新竹縣竹北市****,03-6*****,
36,葉日嘉,107年鄉(鎮、市)民代表選舉,首次申報,1071121,宣傳支出,聖佳數位影印,37944327,0.00,2100.00,製作宣傳廣告支出-影印（文宣、傳單、海報）,金錢,新竹縣竹東鎮****,03-5*****,
37,葉日嘉,107年鄉(鎮、市)民代表選舉,首次申報,1071121,宣傳支出,劉盈昌,H12*******,0.00,1200.00,演講或表演支出,金錢,桃園市桃園區****,0921*****,
38,葉日嘉,107年鄉(鎮、市)民代表選舉,首次申報,1071122,宣傳支出,采蓉彩色列印,02790873,0.00,3500.00,製作競選物品支出（人像攝影）,金錢,新竹縣竹東鎮****,03-5*****,
39,葉日嘉,107年鄉(鎮、市)民代表選舉,首次申報,1071122,宣傳支出,新永華印刷廠,48023972,0.00,25200.00,製作宣傳廣告支出-宣傳名片宣傳單印製,金錢,新竹縣竹東鎮****,03-5*****,
40,葉日嘉,107年鄉(鎮、市)民代表選舉,首次申報,1071123,集會支出,彭媽媽雜食舖,10005460,0.00,10000.00,餐點(饅頭、蛋糕),金錢,新竹縣竹東鎮****,03-5*****,
41,葉日嘉,107年鄉(鎮、市)民代表選舉,首次申報,1071123,集會支出,競選總部,J12*******,0.00,3000.00,餐飲支出,非金錢,新竹縣竹東鎮****,,
42,葉日嘉,107年鄉(鎮、市)民代表選舉,首次申報,1071126,人事費用支出,葉鎧慈,J22*******,0.00,10000.00,工資或薪津,金錢,新竹縣芎林鄉****,0918*****,
43,葉日嘉,107年鄉(鎮、市)民代表選舉,首次申報,1071130,租用競選辦事處支出,赫德利國際股份有限公司,34592860,0.00,6615.00,租買辦公設備支出-購置飲水機,金錢,新北市土城區****,02-2*****,
44,葉日嘉,107年鄉(鎮、市)民代表選舉,首次申報,1071130,宣傳支出,孫毓晴,L22*******,0.00,36000.00,委託辦理研究、評估、調查、設計或規劃支出,金錢,桃園市蘆竹區****,,
45,葉日嘉,107年鄉(鎮、市)民代表選舉,首次申報,1071203,宣傳支出,施芬如,E22*******,0.00,1200.00,演講或表演支出,金錢,新竹縣芎林鄉****,0922*****,
