﻿序號,擬參選人／政黨,選舉名稱,申報序號／年度,交易日期,收支科目,捐贈者／支出對象,身分證／統一編號,收入金額,支出金額,支出用途,金錢類,地址,聯絡電話,資料更正日期
1,高閔琳,107年直轄市議員選舉,首次申報,1070712,個人捐贈收入,王麗香,S22*******,30000.00,0.00,,金錢,高雄市橋頭區****,0972*****,
2,高閔琳,107年直轄市議員選舉,首次申報,1070806,營利事業捐贈收入,仟鑽股份有限公司,24421425,150000.00,0.00,,金錢,臺中市西區公****,,
3,高閔琳,107年直轄市議員選舉,首次申報,1070806,營利事業捐贈收入,全正股份有限公司,45147970,150000.00,0.00,,金錢,臺中市西區公****,,
4,高閔琳,107年直轄市議員選舉,首次申報,1070821,匿名捐贈,匿名,,1.00,0.00,,金錢,,,
5,高閔琳,107年直轄市議員選舉,首次申報,1070905,營利事業捐贈收入,勝偕建設股份有限公司,27206482,100000.00,0.00,,金錢,高雄市鼓山區****,0755*****,
6,高閔琳,107年直轄市議員選舉,首次申報,1070905,個人捐贈收入,楊登豐,S12*******,100000.00,0.00,,金錢,高雄市橋頭區****,,
7,高閔琳,107年直轄市議員選舉,首次申報,1070905,個人捐贈收入,凌妤蓁,S22*******,60000.00,0.00,,金錢,高雄市橋頭區****,,
8,高閔琳,107年直轄市議員選舉,首次申報,1070911,個人捐贈收入,陳宗成,E12*******,100000.00,0.00,,金錢,高雄市苓雅區****,,
9,高閔琳,107年直轄市議員選舉,首次申報,1070914,營利事業捐贈收入,長輝事業股份有限公司,97140061,200000.00,0.00,,金錢,高雄市苓雅區****,,
10,高閔琳,107年直轄市議員選舉,首次申報,1070919,營利事業捐贈收入,偉文螺絲有限公司,53171397,100000.00,0.00,,金錢,高雄市岡山區****,,
11,高閔琳,107年直轄市議員選舉,首次申報,1070919,個人捐贈收入,陳建造,D10*******,100000.00,0.00,,金錢,臺南市民族路****,,
12,高閔琳,107年直轄市議員選舉,首次申報,1070919,個人捐贈收入,陳范美津,D20*******,100000.00,0.00,,金錢,臺南市民族路****,,
13,高閔琳,107年直轄市議員選舉,首次申報,1070919,個人捐贈收入,楊明峰,S12*******,10000.00,0.00,,金錢,高雄市岡山區****,,
14,高閔琳,107年直轄市議員選舉,首次申報,1070927,營利事業捐贈收入,速易達國際開發有限公司,79993849,30000.00,0.00,,金錢,高雄市路竹區****,,
15,高閔琳,107年直轄市議員選舉,首次申報,1070927,個人捐贈收入,劉金針,S22*******,20000.00,0.00,,金錢,高雄市岡山區****,,
16,高閔琳,107年直轄市議員選舉,首次申報,1070928,匿名捐贈,匿名,,10000.00,0.00,,金錢,,,
17,高閔琳,107年直轄市議員選舉,首次申報,1070928,個人捐贈收入,李威漢,,10000.00,0.00,,金錢,新北市淡水區****,,
18,高閔琳,107年直轄市議員選舉,首次申報,1070928,個人捐贈收入,翁曼玲,E22*******,5000.00,0.00,,金錢,苗栗縣苗栗市****,,
19,高閔琳,107年直轄市議員選舉,首次申報,1070928,個人捐贈收入,葉燕妮,S22*******,1000.00,0.00,,金錢,,,
20,高閔琳,107年直轄市議員選舉,首次申報,1070929,個人捐贈收入,王寶瑛,R22*******,2000.00,0.00,,金錢,,,
21,高閔琳,107年直轄市議員選舉,首次申報,1070930,個人捐贈收入,潘慧芬,V22*******,3000.00,0.00,,金錢,高雄市楠梓區****,,
22,高閔琳,107年直轄市議員選舉,首次申報,1071002,個人捐贈收入,吳進隆,,3600.00,0.00,,金錢,嘉義縣鹿草鄉****,05-3*****,
23,高閔琳,107年直轄市議員選舉,首次申報,1071002,個人捐贈收入,陳昶衣,,1000.00,0.00,,金錢,高雄市岡山區****,,
24,高閔琳,107年直轄市議員選舉,首次申報,1071002,個人捐贈收入,駱香潔,,5000.00,0.00,,金錢,新北市中和區****,,
25,高閔琳,107年直轄市議員選舉,首次申報,1071002,營利事業捐贈收入,京承能源股份有限公司,42617111,150000.00,0.00,,金錢,臺北市中山區****,,
26,高閔琳,107年直轄市議員選舉,首次申報,1071002,個人捐贈收入,鐘明山,S10*******,6000.00,0.00,,金錢,高雄市橋頭區****,,
27,高閔琳,107年直轄市議員選舉,首次申報,1071002,個人捐贈收入,曾芳文,S12*******,5000.00,0.00,,金錢,高雄市岡山區****,,
28,高閔琳,107年直轄市議員選舉,首次申報,1071003,個人捐贈收入,李良榮,R10*******,20000.00,0.00,,金錢,高雄市岡山區****,,
29,高閔琳,107年直轄市議員選舉,首次申報,1071004,個人捐贈收入,胡詩梅,R22*******,3000.00,0.00,,金錢,高雄市前金區****,,
30,高閔琳,107年直轄市議員選舉,首次申報,1071007,個人捐贈收入,林新翔,S12*******,100000.00,0.00,,金錢,高雄市岡山區****,,
31,高閔琳,107年直轄市議員選舉,首次申報,1071008,營利事業捐贈收入,永鑫能源股份有限公司,53911029,150000.00,0.00,,金錢,臺北市中山區****,,
32,高閔琳,107年直轄市議員選舉,首次申報,1071008,個人捐贈收入,洪曉君,K22*******,20000.00,0.00,,金錢,臺北市中正區****,,
33,高閔琳,107年直轄市議員選舉,首次申報,1071009,個人捐贈收入,賴家民,P12*******,1000.00,0.00,,金錢,新北市新莊區****,,
34,高閔琳,107年直轄市議員選舉,首次申報,1071012,個人捐贈收入,周芷宣,,1688.00,0.00,,金錢,花蓮縣壽豐鄉****,,
35,高閔琳,107年直轄市議員選舉,首次申報,1071012,個人捐贈收入,柯建帆,S12*******,20000.00,0.00,,金錢,高雄市岡山區****,,
36,高閔琳,107年直轄市議員選舉,首次申報,1071015,營利事業捐贈收入,鴻晟金屬有限公司,53167696,10000.00,0.00,,金錢,高雄市岡山區****,,
37,高閔琳,107年直轄市議員選舉,首次申報,1071015,營利事業捐贈收入,信誠建設有限公司,54825851,100000.00,0.00,,金錢,高雄市岡山區****,,
38,高閔琳,107年直轄市議員選舉,首次申報,1071015,個人捐贈收入,陳冠宇,L12*******,100000.00,0.00,,金錢,高雄市岡山區****,,
39,高閔琳,107年直轄市議員選舉,首次申報,1071015,個人捐贈收入,陳丁陸,R12*******,100000.00,0.00,,金錢,高雄市岡山區****,,
40,高閔琳,107年直轄市議員選舉,首次申報,1071015,個人捐贈收入,孫淑玲,S22*******,100000.00,0.00,,金錢,高雄市岡山區****,,
41,高閔琳,107年直轄市議員選舉,首次申報,1071015,個人捐贈收入,陳靜江,S22*******,50000.00,0.00,,金錢,高雄市彌陀區****,,
42,高閔琳,107年直轄市議員選舉,首次申報,1071017,個人捐贈收入,李思因,A22*******,100000.00,0.00,,金錢,臺北市松山區****,,
43,高閔琳,107年直轄市議員選舉,首次申報,1071017,個人捐贈收入,黃奕錡,D12*******,2000.00,0.00,,金錢,臺南市永康區****,,
44,高閔琳,107年直轄市議員選舉,首次申報,1071017,個人捐贈收入,李安慈,H22*******,50000.00,0.00,,金錢,臺中市南屯區****,,
45,高閔琳,107年直轄市議員選舉,首次申報,1071018,營利事業捐贈收入,程華工業股份有限公司,22550181,36000.00,0.00,,金錢,高雄市燕巢區****,,
46,高閔琳,107年直轄市議員選舉,首次申報,1071019,個人捐贈收入,戴文淋,E10*******,3600.00,0.00,,金錢,高雄市燕巢區****,,
47,高閔琳,107年直轄市議員選舉,首次申報,1071019,個人捐贈收入,曾警芳,S10*******,20000.00,0.00,,金錢,高雄市梓官區****,,
48,高閔琳,107年直轄市議員選舉,首次申報,1071019,個人捐贈收入,吳寶勝,S12*******,5000.00,0.00,,金錢,高雄市燕巢區****,,
49,高閔琳,107年直轄市議員選舉,首次申報,1071021,營利事業捐贈收入,兆欣化學工業股份有限公司,16450092,100000.00,0.00,,金錢,高雄市苓雅區****,,
50,高閔琳,107年直轄市議員選舉,首次申報,1071021,營利事業捐贈收入,力大螺絲工廠股份有限公司,34426672,100000.00,0.00,,金錢,桃園市龜山區****,,
51,高閔琳,107年直轄市議員選舉,首次申報,1071021,個人捐贈收入,林鳳雪,D22*******,30000.00,0.00,,金錢,高雄市永安區****,,
52,高閔琳,107年直轄市議員選舉,首次申報,1071021,個人捐贈收入,黃玉川,E10*******,20000.00,0.00,,金錢,高雄市岡山區****,,
53,高閔琳,107年直轄市議員選舉,首次申報,1071021,個人捐贈收入,林耿守,E12*******,30000.00,0.00,,金錢,高雄市楠梓區****,,
54,高閔琳,107年直轄市議員選舉,首次申報,1071021,個人捐贈收入,柯文龍,E12*******,66666.00,0.00,,金錢,高雄市岡山區****,,
55,高閔琳,107年直轄市議員選舉,首次申報,1071021,個人捐贈收入,廖石柱,P10*******,20000.00,0.00,,金錢,高雄市岡山區****,,
56,高閔琳,107年直轄市議員選舉,首次申報,1071021,個人捐贈收入,何益吉,Q10*******,30000.00,0.00,,金錢,高雄市橋頭區****,,
57,高閔琳,107年直轄市議員選舉,首次申報,1071021,個人捐贈收入,黃鴻鈞,S10*******,30000.00,0.00,,金錢,高雄市永安區****,,
58,高閔琳,107年直轄市議員選舉,首次申報,1071021,個人捐贈收入,侯清源,S10*******,30000.00,0.00,,金錢,高雄市岡山區****,,
59,高閔琳,107年直轄市議員選舉,首次申報,1071021,個人捐贈收入,陸彥驍,S12*******,100000.00,0.00,,金錢,高雄市燕巢區****,,
60,高閔琳,107年直轄市議員選舉,首次申報,1071021,個人捐贈收入,吳國偉,S12*******,50000.00,0.00,,金錢,高雄市彌陀區****,,
61,高閔琳,107年直轄市議員選舉,首次申報,1071021,個人捐贈收入,張玉雪,S20*******,2600.00,0.00,,金錢,高雄市岡山區****,,
62,高閔琳,107年直轄市議員選舉,首次申報,1071021,個人捐贈收入,蘇瑩珊,S22*******,30000.00,0.00,,金錢,高雄市岡山區****,,
63,高閔琳,107年直轄市議員選舉,首次申報,1071021,個人捐贈收入,歐秀月,S22*******,5000.00,0.00,,金錢,高雄市楠梓區****,,
64,高閔琳,107年直轄市議員選舉,首次申報,1071021,個人捐贈收入,朱淑君,S22*******,20000.00,0.00,,金錢,高雄市岡山區****,,
65,高閔琳,107年直轄市議員選舉,首次申報,1071021,個人捐贈收入,薛昕妤,S22*******,30000.00,0.00,,金錢,高雄市小港區****,,
66,高閔琳,107年直轄市議員選舉,首次申報,1071021,個人捐贈收入,黃湘雲,S22*******,10000.00,0.00,,金錢,高雄市岡山區****,,
67,高閔琳,107年直轄市議員選舉,首次申報,1071022,營利事業捐贈收入,攸紘企業股份有限公司,09421093,50000.00,0.00,,金錢,高雄市燕巢區****,,
68,高閔琳,107年直轄市議員選舉,首次申報,1071022,營利事業捐贈收入,鼎笈機電工程有限公司,13144260,50000.00,0.00,,金錢,高雄市燕巢區****,,
69,高閔琳,107年直轄市議員選舉,首次申報,1071022,個人捐贈收入,李佩芬,D22*******,5600.00,0.00,,金錢,高雄市路竹區****,,
70,高閔琳,107年直轄市議員選舉,首次申報,1071022,個人捐贈收入,劉惠娟,Q20*******,20000.00,0.00,,金錢,臺北市士林區****,,
71,高閔琳,107年直轄市議員選舉,首次申報,1071022,個人捐贈收入,蘇清海,S10*******,2000.00,0.00,,金錢,高雄市永安區****,,
72,高閔琳,107年直轄市議員選舉,首次申報,1071022,個人捐贈收入,吳明界,S10*******,6000.00,0.00,,金錢,高雄市彌陀區****,,
73,高閔琳,107年直轄市議員選舉,首次申報,1071023,人民團體捐贈收入,三福氣體股份有限公司關係企業工會,,5000.00,0.00,,金錢,高雄市永安區****,0911*****,
74,高閔琳,107年直轄市議員選舉,首次申報,1071023,人民團體捐贈收入,三福氣體股份有限公司企業工會,,5000.00,0.00,,金錢,高雄市永安區****,0911*****,
75,高閔琳,107年直轄市議員選舉,首次申報,1071023,營利事業捐贈收入,大吉汽車企業股份有限公司,22253106,50000.00,0.00,,金錢,高雄市岡山區****,,
76,高閔琳,107年直轄市議員選舉,首次申報,1071024,個人捐贈收入,王美女,A20*******,23000.00,0.00,,金錢,臺北市南京東****,,
77,高閔琳,107年直轄市議員選舉,首次申報,1071025,營利事業捐贈收入,東峰木業有限公司,16458881,10000.00,0.00,,金錢,高雄市三民區****,,
78,高閔琳,107年直轄市議員選舉,首次申報,1071025,個人捐贈收入,蕭裕正,A12*******,30000.00,0.00,,金錢,高雄市鼓山區****,,
79,高閔琳,107年直轄市議員選舉,首次申報,1071025,個人捐贈收入,莊育豪,E12*******,2000.00,0.00,,金錢,高雄市楠梓區****,,
80,高閔琳,107年直轄市議員選舉,首次申報,1071026,個人捐贈收入,蕭裕正,A12*******,30000.00,0.00,,金錢,高雄市鼓山區****,,
81,高閔琳,107年直轄市議員選舉,首次申報,1071029,個人捐贈收入,劉俊鴻,S12*******,20000.00,0.00,,金錢,高雄市岡山區****,,
82,高閔琳,107年直轄市議員選舉,首次申報,1071030,營利事業捐贈收入,英鈿工業股份有限公司,16884597,100000.00,0.00,,金錢,高雄市路竹區****,,
83,高閔琳,107年直轄市議員選舉,首次申報,1071030,個人捐贈收入,呂萬卿,E12*******,80000.00,0.00,,金錢,高雄市三民區****,,
84,高閔琳,107年直轄市議員選舉,首次申報,1071030,個人捐贈收入,郭謝義容,E20*******,20000.00,0.00,,金錢,高雄市鼓山區****,,
85,高閔琳,107年直轄市議員選舉,首次申報,1071030,個人捐贈收入,陳俊宇,S10*******,100000.00,0.00,,金錢,高雄市岡山區****,,
86,高閔琳,107年直轄市議員選舉,首次申報,1071030,個人捐贈收入,林允星,S12*******,1000.00,0.00,,金錢,高雄市岡山區****,,
87,高閔琳,107年直轄市議員選舉,首次申報,1071030,個人捐贈收入,鄭福成,S12*******,100000.00,0.00,,金錢,高雄市燕巢區****,,
88,高閔琳,107年直轄市議員選舉,首次申報,1071031,人民團體捐贈收入,社團法人高雄縣醫師公會,,20000.00,0.00,,金錢,鳳山市光復路****,,
89,高閔琳,107年直轄市議員選舉,首次申報,1071031,營利事業捐贈收入,豐展生物科技股份有限公司,28608800,20000.00,0.00,,金錢,高雄市燕巢區****,,
90,高閔琳,107年直轄市議員選舉,首次申報,1071031,營利事業捐贈收入,東徽企業股份有限公司,88663329,200000.00,0.00,,金錢,高雄市岡山區****,,
91,高閔琳,107年直轄市議員選舉,首次申報,1071031,個人捐贈收入,張錦鳳,A22*******,100000.00,0.00,,金錢,高雄市岡山區****,,
92,高閔琳,107年直轄市議員選舉,首次申報,1071031,個人捐贈收入,陳加成,K12*******,50000.00,0.00,,金錢,高雄市岡山區****,,
93,高閔琳,107年直轄市議員選舉,首次申報,1071031,個人捐贈收入,陳秀雄,S10*******,100000.00,0.00,,金錢,高雄市新興區****,,
94,高閔琳,107年直轄市議員選舉,首次申報,1071031,個人捐贈收入,鐘森正,S10*******,10000.00,0.00,,金錢,高雄市橋頭區****,,
95,高閔琳,107年直轄市議員選舉,首次申報,1071031,個人捐贈收入,陳邦益,S12*******,5000.00,0.00,,金錢,高雄市岡山區****,,
96,高閔琳,107年直轄市議員選舉,首次申報,1071031,個人捐贈收入,鐘佳妍,S22*******,10000.00,0.00,,金錢,高雄市橋頭區****,,
97,高閔琳,107年直轄市議員選舉,首次申報,1071101,個人捐贈收入,王屹庭,A12*******,2000.00,0.00,,金錢,臺北市寧波西****,,
98,高閔琳,107年直轄市議員選舉,首次申報,1071101,個人捐贈收入,王宇澄,A12*******,2000.00,0.00,,金錢,臺北市寧波西****,,
99,高閔琳,107年直轄市議員選舉,首次申報,1071101,個人捐贈收入,楊春安,S10*******,20000.00,0.00,,金錢,高雄市岡山區****,,
100,高閔琳,107年直轄市議員選舉,首次申報,1071101,個人捐贈收入,陳水聰,T12*******,3000.00,0.00,,金錢,高雄市前金區****,,
101,高閔琳,107年直轄市議員選舉,首次申報,1071105,營利事業捐贈收入,漢來美食股份有限公司,80352343,100000.00,0.00,,金錢,高雄市前金區****,,
102,高閔琳,107年直轄市議員選舉,首次申報,1071105,個人捐贈收入,高長松,A10*******,20000.00,0.00,,金錢,高雄市三民區****,0910*****,
103,高閔琳,107年直轄市議員選舉,首次申報,1071105,個人捐贈收入,林貝芸,A22*******,1000.00,0.00,,金錢,臺北市大同區****,0987*****,
104,高閔琳,107年直轄市議員選舉,首次申報,1071105,個人捐贈收入,林宜樺,D22*******,1200.00,0.00,,金錢,高雄市前鎮區****,,
105,高閔琳,107年直轄市議員選舉,首次申報,1071105,個人捐贈收入,林妙冠,E22*******,1200.00,0.00,,金錢,高雄市鼓山區****,,
106,高閔琳,107年直轄市議員選舉,首次申報,1071105,個人捐贈收入,黃亮慈,E22*******,1200.00,0.00,,金錢,高雄市旗津區****,,
107,高閔琳,107年直轄市議員選舉,首次申報,1071105,個人捐贈收入,許淳惠,E22*******,1200.00,0.00,,金錢,高雄市前鎮區****,,
108,高閔琳,107年直轄市議員選舉,首次申報,1071105,個人捐贈收入,許菁惠,E22*******,1200.00,0.00,,金錢,高雄市鼓山區****,,
109,高閔琳,107年直轄市議員選舉,首次申報,1071105,個人捐贈收入,侯佩君,E22*******,1200.00,0.00,,金錢,高雄市前鎮區****,,
110,高閔琳,107年直轄市議員選舉,首次申報,1071105,個人捐贈收入,黃蘭湘,M22*******,1200.00,0.00,,金錢,高雄市仁武區****,,
111,高閔琳,107年直轄市議員選舉,首次申報,1071105,個人捐贈收入,丁佩玉,P22*******,1200.00,0.00,,金錢,高雄市仁武區****,,
112,高閔琳,107年直轄市議員選舉,首次申報,1071105,個人捐贈收入,孫得賓,S10*******,100000.00,0.00,,金錢,高雄市鼓山區****,6212*****,
113,高閔琳,107年直轄市議員選舉,首次申報,1071105,個人捐贈收入,薛玉山,S12*******,20000.00,0.00,,金錢,高雄市梓官區****,,
114,高閔琳,107年直轄市議員選舉,首次申報,1071105,個人捐贈收入,陳洧鈞,S12*******,10000.00,0.00,,金錢,高雄市岡山區****,,
115,高閔琳,107年直轄市議員選舉,首次申報,1071105,個人捐贈收入,陳淑美,S22*******,2000.00,0.00,,金錢,高雄市岡山區****,,
116,高閔琳,107年直轄市議員選舉,首次申報,1071105,個人捐贈收入,曾鈴惠,S22*******,1200.00,0.00,,金錢,高雄市民權二****,,
117,高閔琳,107年直轄市議員選舉,首次申報,1071105,個人捐贈收入,洪嘉欣,V22*******,1200.00,0.00,,金錢,高雄市三民區****,,
118,高閔琳,107年直轄市議員選舉,首次申報,1071106,個人捐贈收入,劉乃彰,F12*******,10000.00,0.00,,金錢,高雄市前鎮區****,0958*****,
119,高閔琳,107年直轄市議員選舉,首次申報,1071106,個人捐贈收入,陳威榮,S12*******,2000.00,0.00,,金錢,,,
120,高閔琳,107年直轄市議員選舉,首次申報,1071107,個人捐贈收入,楊茹憶,F22*******,10000.00,0.00,,金錢,屏東縣屏東市****,0928*****,
121,高閔琳,107年直轄市議員選舉,首次申報,1071107,個人捐贈收入,林文治,S10*******,10000.00,0.00,,金錢,高雄市岡山區****,,
122,高閔琳,107年直轄市議員選舉,首次申報,1071111,個人捐贈收入,孫敏良,S12*******,1000.00,0.00,,金錢,高雄市岡山區****,,
123,高閔琳,107年直轄市議員選舉,首次申報,1071112,個人捐贈收入,何乾隆,S12*******,10000.00,0.00,,金錢,高雄市梓官區****,,
124,高閔琳,107年直轄市議員選舉,首次申報,1071113,營利事業捐贈收入,安拓實業股份有限公司,22067047,50000.00,0.00,,金錢,高雄市岡山區****,,
125,高閔琳,107年直轄市議員選舉,首次申報,1071113,個人捐贈收入,李依宣,E22*******,100000.00,0.00,,金錢,高雄市楠梓區****,0915*****,
126,高閔琳,107年直轄市議員選舉,首次申報,1071113,個人捐贈收入,張盈利,S12*******,3000.00,0.00,,金錢,高雄市三民區****,,
127,高閔琳,107年直轄市議員選舉,首次申報,1071114,個人捐贈收入,黃秉誠,S10*******,50000.00,0.00,,金錢,高雄市岡山區****,,
128,高閔琳,107年直轄市議員選舉,首次申報,1071114,個人捐贈收入,蘇清海,S10*******,10000.00,0.00,,金錢,高雄市永安區****,,
129,高閔琳,107年直轄市議員選舉,首次申報,1071114,個人捐贈收入,陳繼志,S12*******,20000.00,0.00,,金錢,高雄市岡山區****,,
130,高閔琳,107年直轄市議員選舉,首次申報,1071115,個人捐贈收入,陳韻翔,E22*******,10000.00,0.00,,金錢,高雄市鳳山區****,,
131,高閔琳,107年直轄市議員選舉,首次申報,1071116,營利事業捐贈收入,御棠營造有限公司,53976850,80000.00,0.00,,金錢,高雄市三民區****,,
132,高閔琳,107年直轄市議員選舉,首次申報,1071116,個人捐贈收入,簡俊銘,E12*******,30000.00,0.00,,金錢,高雄市鼓山區****,,
133,高閔琳,107年直轄市議員選舉,首次申報,1071118,營利事業捐贈收入,世暘工廠產業股份有限公司,88700083,300000.00,0.00,,金錢,高雄市岡山區****,,
134,高閔琳,107年直轄市議員選舉,首次申報,1071119,個人捐贈收入,蔡朝勳,,3000.00,0.00,,金錢,屏東縣屏東市****,,
135,高閔琳,107年直轄市議員選舉,首次申報,1071119,匿名捐贈,林平根,,3000.00,0.00,,金錢,,,
136,高閔琳,107年直轄市議員選舉,首次申報,1071119,個人捐贈收入,蔡齊軒,S12*******,10000.00,0.00,,金錢,高雄市梓官區****,,
137,高閔琳,107年直轄市議員選舉,首次申報,1071119,個人捐贈收入,蔣僑芸,S12*******,10000.00,0.00,,金錢,高雄市梓官區****,,
138,高閔琳,107年直轄市議員選舉,首次申報,1071119,個人捐贈收入,蔣佶叡,S12*******,10000.00,0.00,,金錢,高雄市梓官區****,,
139,高閔琳,107年直轄市議員選舉,首次申報,1071120,營利事業捐贈收入,恆懋五金加工廠有限公司,80090799,50000.00,0.00,,金錢,高雄市岡山區****,,
140,高閔琳,107年直轄市議員選舉,首次申報,1071122,個人捐贈收入,顏水木,S10*******,20000.00,0.00,,金錢,高雄市橋頭區****,,
141,高閔琳,107年直轄市議員選舉,首次申報,1071123,營利事業捐贈收入,台北世界貿易中心國際貿易大樓股份有限公司,21249034,200000.00,0.00,,金錢,臺北市信義區****,,
142,高閔琳,107年直轄市議員選舉,首次申報,1071123,個人捐贈收入,孫明泰,S10*******,5000.00,0.00,,金錢,高雄市岡山區****,,
143,高閔琳,107年直轄市議員選舉,首次申報,1071130,其他收入,利息收入,,820.00,0.00,,金錢,,,
