﻿序號,擬參選人／政黨,選舉名稱,申報序號／年度,交易日期,收支科目,捐贈者／支出對象,身分證／統一編號,收入金額,支出金額,捐贈方式,存入專戶日期,返還/繳庫,支出用途,金錢類,地址,聯絡電話,應揭露之支出對象,支出對象之內部人員姓名,支出對象之內部人員職稱,政黨之內部人員姓名,政黨之內部人員職稱,關係,更正註記,資料更正日期
1,顏寬恒,113年立法委員選舉,首次申報,1120630,宣傳支出,澄果行銷有限公司,54129550,0.00,210000.00,,,,製作競選物品或宣傳廣告費用,金錢,臺中市北區建****,,否,,,,,,,
2,顏寬恒,113年立法委員選舉,首次申報,1120705,宣傳支出,健豪印刷事業股份有限公司,16332027,0.00,246839.00,,,,製作競選物品或宣傳廣告費用,金錢,臺中市西區大****,,否,,,,,,,
3,顏寬恒,113年立法委員選舉,首次申報,1120707,公共關係費用支出,好玩的劇團,50507518,0.00,849660.00,,,,聯誼交際費用,金錢,新竹市香山區****,,否,,,,,,,
4,顏寬恒,113年立法委員選舉,首次申報,1120920,宣傳支出,健豪印刷事業股份有限公司,16332027,0.00,424000.00,,,,製作競選物品或宣傳廣告費用,金錢,臺中市西區大****,,否,,,,,,,
5,顏寬恒,113年立法委員選舉,首次申報,1121002,公共關係費用支出,好玩的劇團,50507518,0.00,282200.00,,,,聯誼交際費用,金錢,新竹市香山區****,,否,,,,,,,
6,顏寬恒,113年立法委員選舉,首次申報,1121006,宣傳支出,聯利媒體股份有限公司,84305300,0.00,150000.00,,,,播放、傳送或刊登宣傳廣告費用,金錢,臺北市內湖區****,,否,,,,,,,
7,顏寬恒,113年立法委員選舉,首次申報,1121023,宣傳支出,中華電信股份有限公司,52003801,0.00,10699.00,,,,發送電信簡訊費用,金錢,,,否,,,,,,,
8,顏寬恒,113年立法委員選舉,首次申報,1121026,公共關係費用支出,紙風車劇團,77129428,0.00,1150000.00,,,,文康活動費用,金錢,臺北市中正區****,,否,,,,,,,
9,顏寬恒,113年立法委員選舉,首次申報,1121030,宣傳支出,山海屯青少年之聲廣播股份有限公司,89722629,0.00,100000.00,,,,播放、傳送或刊登宣傳廣告費用,金錢,臺中市北屯區****,,否,,,,,,,
10,顏寬恒,113年立法委員選舉,首次申報,1121101,租用宣傳車輛支出,鎮南加油站,53623717,0.00,3059.00,,,,宣傳車輛燃料費用,金錢,,,否,,,,,,,
11,顏寬恒,113年立法委員選舉,首次申報,1121110,宣傳支出,中華郵政,03741302,0.00,21120.00,,,,郵寄競選物品或宣傳廣告費用,金錢,臺北市大安區****,,否,,,,,,,
12,顏寬恒,113年立法委員選舉,首次申報,1121121,宣傳支出,健豪印刷事業股份有限公司,16332027,0.00,505053.00,,,,製作競選物品或宣傳廣告費用,金錢,臺中市西區大****,,否,,,,,,,
13,顏寬恒,113年立法委員選舉,首次申報,1121125,集會支出,競選總部,L12*******,0.00,100000.00,,,,租用設備費用,非金錢,臺中市烏日區****,,否,,,,,,,
14,顏寬恒,113年立法委員選舉,首次申報,1121125,集會支出,競選總部,L12*******,0.00,100000.00,,,,租用設備費用,非金錢,臺中市烏日區****,,否,,,,,,,
15,顏寬恒,113年立法委員選舉,首次申報,1121125,集會支出,競選總部,L12*******,0.00,98000.00,,,,租用設備費用,非金錢,臺中市烏日區****,,否,,,,,,,
16,顏寬恒,113年立法委員選舉,首次申報,1121128,宣傳支出,聯利媒體股份有限公司,84305300,0.00,150000.00,,,,播放、傳送或刊登宣傳廣告費用,金錢,臺北市內湖區****,,否,,,,,,,
17,顏寬恒,113年立法委員選舉,首次申報,1121201,租用宣傳車輛支出,鎮南加油站,53623717,0.00,27461.00,,,,宣傳車輛燃料費用,金錢,,,否,,,,,,,
18,顏寬恒,113年立法委員選舉,首次申報,1121204,公共關係費用支出,九天藝術文化股份有限公司,53800754,0.00,2520000.00,,,,文康活動費用,金錢,臺中市大雅區****,,否,,,,,,,
19,顏寬恒,113年立法委員選舉,首次申報,1121204,返還捐贈支出,陳義河,U10*******,0.00,160000.00,,,,返還,金錢,花蓮縣吉安鄉****,,否,,,,,,,
20,顏寬恒,113年立法委員選舉,首次申報,1121206,宣傳支出,健豪印刷事業股份有限公司,16332027,0.00,797848.00,,,,製作競選物品或宣傳廣告費用,金錢,臺中市西區大****,,否,,,,,,,
21,顏寬恒,113年立法委員選舉,首次申報,1121206,宣傳支出,財團法人真善美廣播事業基金會,95851085,0.00,35000.00,,,,播放、傳送或刊登宣傳廣告費用,金錢,臺中市西屯區****,,否,,,,,,,
22,顏寬恒,113年立法委員選舉,首次申報,1121211,返還捐贈支出,臺中市大肚產業科技園區管理委員會,,0.00,100000.00,,,,返還,金錢,臺中市大肚區****,,否,,,,,,,
23,顏寬恒,113年立法委員選舉,首次申報,1121214,雜支支出,皇冠塑膠企業有限公司,23067988,0.00,29600.00,,,,雜項購置或修繕費用,金錢,臺中市西屯區****,,否,,,,,,,
24,顏寬恒,113年立法委員選舉,首次申報,1121214,返還捐贈支出,福固建設股份有限公司,42060612,0.00,100000.00,,,,返還,金錢,宜蘭縣三星鄉****,,否,,,,,,,
25,顏寬恒,113年立法委員選舉,首次申報,1121214,宣傳支出,南六企業(股)公司,75989858,0.00,205632.00,,,,製作競選物品或宣傳廣告費用,金錢,高雄市燕巢區****,,否,,,,,,,
26,顏寬恒,113年立法委員選舉,首次申報,1121215,宣傳支出,光品廣告社,25251088,0.00,2100000.00,,,,播放、傳送或刊登宣傳廣告費用,金錢,臺中市沙鹿區****,,否,,,,,,,
27,顏寬恒,113年立法委員選舉,首次申報,1121220,返還捐贈支出,豐潤營造股份有限公司,91013433,0.00,14000.00,,,,返還,金錢,臺中市南屯區****,,否,,,,,,,
28,顏寬恒,113年立法委員選舉,首次申報,1121225,宣傳支出,東森新媒體控股股份有限公司,24328949,0.00,226233.00,,,,播放、傳送或刊登宣傳廣告費用,金錢,臺北市復興南****,,否,,,,,,,
29,顏寬恒,113年立法委員選舉,首次申報,1121227,宣傳支出,健豪印刷事業(股)公司,16332027,0.00,1128983.00,,,,製作競選物品或宣傳廣告費用,金錢,臺中市西區大****,,否,,,,,,,
30,顏寬恒,113年立法委員選舉,首次申報,1121227,公共關係費用支出,好玩的劇團,50507518,0.00,279200.00,,,,聯誼交際費用,金錢,新竹市香山區****,,否,,,,,,,
31,顏寬恒,113年立法委員選舉,首次申報,1121228,公共關係費用支出,紙風車劇團,77129428,0.00,1265000.00,,,,文康活動費用,金錢,臺北市中正區****,,否,,,,,,,
32,顏寬恒,113年立法委員選舉,首次申報,1121229,宣傳支出,康可創意廣告有限公司,42878712,0.00,3391500.00,,,,製作競選物品或宣傳廣告費用,金錢,臺中市西區台****,,否,,,,,,,
33,顏寬恒,113年立法委員選舉,首次申報,1130103,宣傳支出,鑫傳國際多媒體科技(股)公司,16089901,0.00,360000.00,,,,播放、傳送或刊登宣傳廣告費用,金錢,臺中市大里區****,,否,,,,,,,
34,顏寬恒,113年立法委員選舉,首次申報,1130103,宣傳支出,鋒燦傳媒股份有限公司,89192945,0.00,105000.00,,,,播放、傳送或刊登宣傳廣告費用,金錢,臺北市信義區****,,否,,,,,,,
35,顏寬恒,113年立法委員選舉,首次申報,1130112,集會支出,競選總部,L12*******,0.00,80000.00,,,,租用設備費用,非金錢,臺中市烏日區****,,否,,,,,,,
36,顏寬恒,113年立法委員選舉,首次申報,1130112,集會支出,競選總部,L12*******,0.00,82000.00,,,,租用設備費用,非金錢,臺中市烏日區****,,否,,,,,,,
37,顏寬恒,113年立法委員選舉,首次申報,1130112,集會支出,競選總部,L12*******,0.00,98000.00,,,,租用設備費用,非金錢,臺中市烏日區****,,否,,,,,,,
38,顏寬恒,113年立法委員選舉,首次申報,1130113,雜支支出,競選總部,L12*******,0.00,20000.00,,,,餐飲費用,非金錢,臺中市烏日區****,,否,,,,,,,
39,顏寬恒,113年立法委員選舉,首次申報,1130113,雜支支出,競選總部,L12*******,0.00,30000.00,,,,餐飲費用,非金錢,臺中市烏日區****,,否,,,,,,,
40,顏寬恒,113年立法委員選舉,首次申報,1130117,雜支支出,旭昇聯合會計師事務所,88341242,0.00,60000.00,,,,會計師簽證費用,金錢,臺中市西屯區****,,否,,,,,,,
41,顏寬恒,113年立法委員選舉,首次申報,1130117,人事費用支出,林有聰,L10*******,0.00,102000.00,,,,工資或薪津,金錢,臺中市沙鹿區****,,否,,,,,,,
42,顏寬恒,113年立法委員選舉,首次申報,1130117,人事費用支出,歐建德,L12*******,0.00,103700.00,,,,工資或薪津,金錢,臺中市龍井區****,,否,,,,,,,
43,顏寬恒,113年立法委員選舉,首次申報,1130117,人事費用支出,陳建錡,L12*******,0.00,102000.00,,,,工資或薪津,金錢,臺中市龍井區****,,否,,,,,,,
44,顏寬恒,113年立法委員選舉,首次申報,1130117,人事費用支出,何文龍,L12*******,0.00,102000.00,,,,工資或薪津,金錢,臺中市龍井區****,,否,,,,,,,
45,顏寬恒,113年立法委員選舉,首次申報,1130117,人事費用支出,陳新守,L12*******,0.00,86700.00,,,,工資或薪津,金錢,臺中市沙鹿區****,,否,,,,,,,
46,顏寬恒,113年立法委員選舉,首次申報,1130117,人事費用支出,沈文川,L12*******,0.00,82550.00,,,,工資或薪津,金錢,臺中市沙鹿區****,,否,,,,,,,
47,顏寬恒,113年立法委員選舉,首次申報,1130129,公共關係費用支出,群笠企業社,15680075,0.00,1223355.00,,,,文康活動費用,金錢,臺中市梧棲區****,,否,,,,,,,
48,顏寬恒,113年立法委員選舉,首次申報,1130129,宣傳支出,健豪印刷事業股份有限公司,16332027,0.00,9975.00,,,,製作競選物品或宣傳廣告費用,金錢,臺中市西區大****,,否,,,,,,,
