﻿序號,擬參選人／政黨,選舉名稱,申報序號／年度,交易日期,收支科目,捐贈者／支出對象,身分證／統一編號,收入金額,支出金額,捐贈方式,存入專戶日期,返還/繳庫,支出用途,金錢類,地址,聯絡電話,應揭露之支出對象,支出對象之內部人員姓名,支出對象之內部人員職稱,政黨之內部人員姓名,政黨之內部人員職稱,關係,更正註記,資料更正日期
1,陳玫娟,111年高雄市議員選舉,首次申報,1110523,個人捐贈收入,吳柏辰,E12*******,100000.00,0.00,現金,1110523,,,金錢,高雄市三民區****,07-3*****,,,,,,,,
2,陳玫娟,111年高雄市議員選舉,首次申報,1110523,個人捐贈收入,吳順明,F10*******,100000.00,0.00,現金,1110523,,,金錢,高雄市三民區****,07-3*****,,,,,,,,
3,陳玫娟,111年高雄市議員選舉,首次申報,1110524,營利事業捐贈收入,翰洸泰廣告事業有限公司,70429189,100000.00,0.00,票據,1110524,,,金錢,高雄市苓雅區****,07-3*****,,,,,,,,
4,陳玫娟,111年高雄市議員選舉,首次申報,1110620,個人捐贈收入,黃俊景,E12*******,40000.00,0.00,,,,,非金錢,高雄市左營區****,,,,,,,,,
5,陳玫娟,111年高雄市議員選舉,首次申報,1110620,個人捐贈收入,柯雅然,E22*******,40000.00,0.00,,,,,非金錢,臺南市新營區****,0952*****,,,,,,,,
6,陳玫娟,111年高雄市議員選舉,首次申報,1110621,其他收入,利息收入,,10.00,0.00,現金,1110621,,,金錢,,,,,,,,,,
7,陳玫娟,111年高雄市議員選舉,首次申報,1110622,個人捐贈收入,林孟貴,E20*******,20000.00,0.00,,,,,非金錢,高雄市左營區****,0910*****,,,,,,,,
8,陳玫娟,111年高雄市議員選舉,首次申報,1110622,個人捐贈收入,紀美瑞,Y22*******,100000.00,0.00,,,,,非金錢,高雄市三民區****,3828*****,,,,,,,,
9,陳玫娟,111年高雄市議員選舉,首次申報,1110623,個人捐贈收入,陳春木,N12*******,100000.00,0.00,,,,,非金錢,高雄市鳥松區****,0972*****,,,,,,,,
10,陳玫娟,111年高雄市議員選舉,首次申報,1110705,個人捐贈收入,張耿榕,Q12*******,10000.00,0.00,現金,1110705,,,金錢,高雄市左營區****,0955*****,,,,,,,,
11,陳玫娟,111年高雄市議員選舉,首次申報,1110728,個人捐贈收入,郭儒旭,E10*******,50000.00,0.00,現金,1110729,,,金錢,高雄市左營區****,0932*****,,,,,,,,
12,陳玫娟,111年高雄市議員選舉,首次申報,1110809,營利事業捐贈收入,明緯財務顧問有限公司,83449693,500000.00,0.00,匯款,1110809,,,金錢,臺北市中正區****,,,,,,,,,
13,陳玫娟,111年高雄市議員選舉,首次申報,1110901,個人捐贈收入,蔡炎銘,Q12*******,10000.00,0.00,現金,1110905,,,金錢,高雄市左營區****,0932*****,,,,,,,,
14,陳玫娟,111年高雄市議員選舉,首次申報,1110905,個人捐贈收入,張運德,E12*******,10000.00,0.00,現金,1110905,,,金錢,高雄市左營區****,0921*****,,,,,,,,
15,陳玫娟,111年高雄市議員選舉,首次申報,1110912,個人捐贈收入,林俊良,E10*******,30000.00,0.00,現金,1110915,,,金錢,高雄市楠梓區****,0910*****,,,,,,,,
16,陳玫娟,111年高雄市議員選舉,首次申報,1110919,個人捐贈收入,鄒秀華,S22*******,20000.00,0.00,現金,1110922,,,金錢,高雄市左營區****,0913*****,,,,,,,,
17,陳玫娟,111年高雄市議員選舉,首次申報,1110922,個人捐贈收入,机正凱,E12*******,12000.00,0.00,現金,1110922,,,金錢,高雄市左營區****,,,,,,,,,
18,陳玫娟,111年高雄市議員選舉,首次申報,1110923,營利事業捐贈收入,浩富投資有限公司,90541739,100000.00,0.00,現金,1110923,,,金錢,屏東市徐州路****,0930*****,,,,,,,,
19,陳玫娟,111年高雄市議員選舉,首次申報,1110926,個人捐贈收入,陳照雄,E10*******,10000.00,0.00,現金,1110930,,,金錢,高雄市左營區****,0933*****,,,,,,,,
20,陳玫娟,111年高雄市議員選舉,首次申報,1110927,營利事業捐贈收入,建誌營造股份有限公司,85695234,300000.00,0.00,匯款,1110927,,,金錢,高雄市左營區****,07-5*****,,,,,,,,
21,陳玫娟,111年高雄市議員選舉,首次申報,1110930,營利事業捐贈收入,億記股份有限公 司,75723801,100000.00,0.00,現金,1110930,,,金錢,高雄市鼓山區****,02-2*****,,,,,,,,
22,陳玫娟,111年高雄市議員選舉,首次申報,1110930,個人捐贈收入,王昱棠,E12*******,60000.00,0.00,現金,1110930,,,金錢,高雄市仁武區****,0910*****,,,,,,,,
23,陳玫娟,111年高雄市議員選舉,首次申報,1111004,個人捐贈收入,蕭人正,X10*******,5000.00,0.00,現金,1111004,,,金錢,高雄市左營區****,07-5*****,,,,,,,,
24,陳玫娟,111年高雄市議員選舉,首次申報,1111005,營利事業捐贈收入,信利環保工程股份有限公司,16460303,100000.00,0.00,現金,1111005,,,金錢,高雄市三民區****,07-3*****,,,,,,,,
25,陳玫娟,111年高雄市議員選舉,首次申報,1111005,營利事業捐贈收入,北基國際開發實業股份有限公司,54055229,100000.00,0.00,現金,1111005,,,金錢,高雄市鼓山區****,07-3*****,,,,,,,,
26,陳玫娟,111年高雄市議員選舉,首次申報,1111005,個人捐贈收入,陸鉊廷,E12*******,100000.00,0.00,現金,1111005,,,金錢,臺北市北投區****,07-3*****,,,,,,,,
27,陳玫娟,111年高雄市議員選舉,首次申報,1111005,個人捐贈收入,楊銘欽,S12*******,100000.00,0.00,現金,1111005,,,金錢,高雄市左營區****,07-3*****,,,,,,,,
28,陳玫娟,111年高雄市議員選舉,首次申報,1111005,個人捐贈收入,翁志賢,S12*******,100000.00,0.00,現金,1111005,,,金錢,高雄市鼓山區****,07-3*****,,,,,,,,
29,陳玫娟,111年高雄市議員選舉,首次申報,1111005,個人捐贈收入,洪碧穗,S22*******,30000.00,0.00,現金,1111005,,,金錢,高雄市鳳山區****,07-3*****,,,,,,,,
30,陳玫娟,111年高雄市議員選舉,首次申報,1111007,營利事業捐贈收入,城揚建設股份有限公司,16822994,500000.00,0.00,票據,1111007,,,金錢,高雄市三民區****,,,,,,,,,
31,陳玫娟,111年高雄市議員選舉,首次申報,1111007,個人捐贈收入,呂勵忠,E12*******,50000.00,0.00,現金,1111012,,,金錢,高雄市新興區****,07-3*****,,,,,,,,
32,陳玫娟,111年高雄市議員選舉,首次申報,1111007,個人捐贈收入,李韶殷,E22*******,10000.00,0.00,現金,1111012,,,金錢,高雄市左營區****,0958*****,,,,,,,,
33,陳玫娟,111年高雄市議員選舉,首次申報,1111007,個人捐贈收入,柯懿芬,E22*******,100000.00,0.00,票據,1111007,,,金錢,高雄市左營區****,07-5*****,,,,,,,,
34,陳玫娟,111年高雄市議員選舉,首次申報,1111011,匿名捐贈,匿名,,2000.00,0.00,匯款,1111011,,,金錢,,,,,,,,,,
35,陳玫娟,111年高雄市議員選舉,首次申報,1111011,營利事業捐贈收入,高雄市私立高名文理短期補習班左營分班,57973854,10000.00,0.00,現金,1111012,,,金錢,高雄市左營區****,07-3*****,,,,,,,,
36,陳玫娟,111年高雄市議員選舉,首次申報,1111011,營利事業捐贈收入,高雄市私立高名文理短期補習班福山分班,85459180,10000.00,0.00,現金,1111012,,,金錢,高雄市左營區****,07-3*****,,,,,,,,
37,陳玫娟,111年高雄市議員選舉,首次申報,1111011,個人捐贈收入,易煥民,A12*******,100000.00,0.00,現金,1111012,,,金錢,高雄市左營區****,07-3*****,,,,,,,,
38,陳玫娟,111年高雄市議員選舉,首次申報,1111012,個人捐贈收入,張陳月春,S20*******,100000.00,0.00,現金,1111012,,,金錢,高雄市楠梓區****,0928*****,,,,,,,,
39,陳玫娟,111年高雄市議員選舉,首次申報,1111014,個人捐贈收入,黃禎祥,D10*******,100000.00,0.00,現金,1111014,,,金錢,臺北市大安區****,0937*****,,,,,,,,
40,陳玫娟,111年高雄市議員選舉,首次申報,1111015,個人捐贈收入,吳居璋,E12*******,4600.00,0.00,現金,1111020,,,金錢,高雄市左營區****,0985*****,,,,,,,,
41,陳玫娟,111年高雄市議員選舉,首次申報,1111017,個人捐贈收入,賴炳輝,B10*******,50000.00,0.00,現金,1111017,,,金錢,臺中市北區松****,07-5*****,,,,,,,,
42,陳玫娟,111年高雄市議員選舉,首次申報,1111018,個人捐贈收入,高如峯,E12*******,10000.00,0.00,現金,1111018,,,金錢,高雄市楠梓區****,0936*****,,,,,,,,
43,陳玫娟,111年高雄市議員選舉,首次申報,1111020,個人捐贈收入,曾啓堯,E12*******,100000.00,0.00,現金,1111027,,,金錢,高雄市左營區****,0918*****,,,,,,,,
44,陳玫娟,111年高雄市議員選舉,首次申報,1111025,營利事業捐贈收入,愛仁醫療社團法人愛仁醫院,36901763,20000.00,0.00,現金,1111027,,,金錢,高雄市三民區****,07-3*****,,,,,,,,
45,陳玫娟,111年高雄市議員選舉,首次申報,1111025,個人捐贈收入,林佩樺,T22*******,10000.00,0.00,現金,1111025,,,金錢,高雄市苓雅區****,,,,,,,,,
46,陳玫娟,111年高雄市議員選舉,首次申報,1111026,匿名捐贈,郭淑華,,6000.00,0.00,現金,1111026,,,金錢,,,,,,,,,,
47,陳玫娟,111年高雄市議員選舉,首次申報,1111026,個人捐贈收入,黃秀綢,E20*******,5000.00,0.00,現金,1111027,,,金錢,高雄市左營區****,07-5*****,,,,,,,,
48,陳玫娟,111年高雄市議員選舉,首次申報,1111027,營利事業捐贈收入,甲乙營造工程有限公司,07932942,100000.00,0.00,票據,1111027,,,金錢,高雄市鼓山區****,07-5*****,,,,,,,,
49,陳玫娟,111年高雄市議員選舉,首次申報,1111028,營利事業捐贈收入,高都汽車股份有限公司,85961513,50000.00,0.00,現金,1111028,,,金錢,高雄市岡山區****,0920*****,,,,,,,,
50,陳玫娟,111年高雄市議員選舉,首次申報,1111031,個人捐贈收入,樓秀惠,P22*******,10000.00,0.00,現金,1111031,,,金錢,高雄市左營區****,0933*****,,,,,,,,
51,陳玫娟,111年高雄市議員選舉,首次申報,1111031,個人捐贈收入,陳香羽,S22*******,10000.00,0.00,現金,1111031,,,金錢,高雄市楠梓區****,0922*****,,,,,,,,
52,陳玫娟,111年高雄市議員選舉,首次申報,1111101,營利事業捐贈收入,佐禾實業有限公司,97157251,100000.00,0.00,現金,1111101,,,金錢,高雄市仁武區****,07-3*****,,,,,,,,
53,陳玫娟,111年高雄市議員選舉,首次申報,1111101,個人捐贈收入,鍾南勳,A11*******,10000.00,0.00,現金,1111101,,,金錢,高雄市楠梓區****,0938*****,,,,,,,,
54,陳玫娟,111年高雄市議員選舉,首次申報,1111101,個人捐贈收入,柯天爽,E10*******,10000.00,0.00,現金,1111101,,,金錢,高雄市左營區****,,,,,,,,,
55,陳玫娟,111年高雄市議員選舉,首次申報,1111101,個人捐贈收入,柯文,E10*******,10000.00,0.00,現金,1111101,,,金錢,高雄市左營區****,0933*****,,,,,,,,
56,陳玫娟,111年高雄市議員選舉,首次申報,1111101,個人捐贈收入,霍精忠,F10*******,10000.00,0.00,現金,1111101,,,金錢,高雄市左營區****,,,,,,,,,
57,陳玫娟,111年高雄市議員選舉,首次申報,1111101,個人捐贈收入,謝萬壽,H12*******,50000.00,0.00,現金,1111101,,,金錢,桃園市中壢區****,,,,,,,,,
58,陳玫娟,111年高雄市議員選舉,首次申報,1111102,匿名捐贈,馬楊雪紹,,1000.00,0.00,匯款,1111102,,,金錢,,,,,,,,,,
59,陳玫娟,111年高雄市議員選舉,首次申報,1111102,個人捐贈收入,崔為積,E10*******,3000.00,0.00,現金,1111102,,,金錢,高雄市左營區****,0988*****,,,,,,,,
60,陳玫娟,111年高雄市議員選舉,首次申報,1111103,個人捐贈收入,汪德,A10*******,20000.00,0.00,現金,1111103,,,金錢,臺北市中山區****,0937*****,,,,,,,,
61,陳玫娟,111年高雄市議員選舉,首次申報,1111104,人民團體捐贈收入,社團法人中華恩怡香氣文創協會,,2000.00,0.00,現金,1111104,,,金錢,高雄市左營區****,0928*****,,,,,,,,
62,陳玫娟,111年高雄市議員選舉,首次申報,1111104,匿名捐贈,武孝琪,,2000.00,0.00,匯款,1111104,,,金錢,,,,,,,,,,
63,陳玫娟,111年高雄市議員選舉,首次申報,1111104,匿名捐贈,蔣武雄,,2000.00,0.00,匯款,1111104,,,金錢,,,,,,,,,,
64,陳玫娟,111年高雄市議員選舉,首次申報,1111104,個人捐贈收入,蔡宗樺,E12*******,5000.00,0.00,現金,1111104,,,金錢,高雄市左營區****,0981*****,,,,,,,,
65,陳玫娟,111年高雄市議員選舉,首次申報,1111104,個人捐贈收入,朱品柔,E22*******,5000.00,0.00,現金,1111104,,,金錢,高雄市楠梓區****,0989*****,,,,,,,,
66,陳玫娟,111年高雄市議員選舉,首次申報,1111104,個人捐贈收入,周淑宜,E22*******,20000.00,0.00,現金,1111104,,,金錢,高雄市楠梓區****,0929*****,,,,,,,,
67,陳玫娟,111年高雄市議員選舉,首次申報,1111104,個人捐贈收入,林淑玉,F20*******,12000.00,0.00,現金,1111104,,,金錢,高雄市新興區****,0932*****,,,,,,,,
68,陳玫娟,111年高雄市議員選舉,首次申報,1111104,個人捐贈收入,謝秋敏,H22*******,100000.00,0.00,匯款,1111104,,,金錢,高雄市楠梓區****,,,,,,,,,
69,陳玫娟,111年高雄市議員選舉,首次申報,1111104,個人捐贈收入,陳孟鴻,P12*******,20000.00,0.00,匯款,1111104,,,金錢,高雄市左營區****,0936*****,,,,,,,,
70,陳玫娟,111年高雄市議員選舉,首次申報,1111104,個人捐贈收入,楊明龍,T12*******,5000.00,0.00,現金,1111104,,,金錢,高雄市左營區****,0936*****,,,,,,,,
71,陳玫娟,111年高雄市議員選舉,首次申報,1111105,個人捐贈收入,林建名,E12*******,10000.00,0.00,現金,1111105,,,金錢,高雄市前金區****,,,,,,,,,
72,陳玫娟,111年高雄市議員選舉,首次申報,1111107,個人捐贈收入,陳三才,E12*******,100000.00,0.00,現金,1111107,,,金錢,高雄市楠梓區****,0910*****,,,,,,,,
73,陳玫娟,111年高雄市議員選舉,首次申報,1111107,個人捐贈收入,張堯喜,F12*******,10000.00,0.00,現金,1111107,,,金錢,高雄市左營區****,0988*****,,,,,,,,
74,陳玫娟,111年高雄市議員選舉,首次申報,1111107,個人捐贈收入,劉春連,J20*******,10000.00,0.00,現金,1111107,,,金錢,高雄市新興區****,0928*****,,,,,,,,
75,陳玫娟,111年高雄市議員選舉,首次申報,1111107,個人捐贈收入,楊靜宜,S22*******,20000.00,0.00,現金,1111107,,,金錢,高雄市鼓山區****,07-3*****,,,,,,,,
76,陳玫娟,111年高雄市議員選舉,首次申報,1111109,個人捐贈收入,何正良,S12*******,9999.00,0.00,現金,1111109,,,金錢,高雄市燕巢區****,07-5*****,,,,,,,,
77,陳玫娟,111年高雄市議員選舉,首次申報,1111111,匿名捐贈,匿名,,3000.00,0.00,匯款,1111111,,,金錢,,,,,,,,,,
78,陳玫娟,111年高雄市議員選舉,首次申報,1111114,人民團體捐贈收入,社團法人高雄市牙醫師公會,,50000.00,0.00,現金,1111114,,,金錢,高雄市前鎮區****,07-3*****,,,,,,,,
79,陳玫娟,111年高雄市議員選舉,首次申報,1111114,營利事業捐贈收入,弘統工程顧問有限公司,13147153,20000.00,0.00,匯款,1111114,,,金錢,高雄市三民區****,,,,,,,,,
80,陳玫娟,111年高雄市議員選舉,首次申報,1111114,營利事業捐贈收入,泰暘建設有限公司,53899502,60000.00,0.00,現金,1111114,,,金錢,高雄市鼓山區****,07-5*****,,,,,,,,
81,陳玫娟,111年高雄市議員選舉,首次申報,1111114,個人捐贈收入,張慧騏,B22*******,10000.00,0.00,現金,1111114,,,金錢,高雄市鼓山區****,0978*****,,,,,,,,
82,陳玫娟,111年高雄市議員選舉,首次申報,1111114,個人捐贈收入,涂家彰,E12*******,6000.00,0.00,現金,1111114,,,金錢,高雄市左營區****,0919*****,,,,,,,,
83,陳玫娟,111年高雄市議員選舉,首次申報,1111114,個人捐贈收入,張永義,Q12*******,100000.00,0.00,現金,1111114,,,金錢,高雄市苓雅區****,07-3*****,,,,,,,,
84,陳玫娟,111年高雄市議員選舉,首次申報,1111114,個人捐贈收入,賴明言,R10*******,20000.00,0.00,現金,1111114,,,金錢,高雄市大寮區****,0921*****,,,,,,,,
85,陳玫娟,111年高雄市議員選舉,首次申報,1111114,個人捐贈收入,張簡寶惠,S22*******,10000.00,0.00,現金,1111114,,,金錢,高雄市左營區****,0935*****,,,,,,,,
86,陳玫娟,111年高雄市議員選舉,首次申報,1111114,個人捐贈收入,張紫緹,S22*******,8800.00,0.00,現金,1111114,,,金錢,高雄市前金區****,0927*****,,,,,,,,
87,陳玫娟,111年高雄市議員選舉,首次申報,1111115,營利事業捐贈收入,英沛爾診所,81086148,80000.00,0.00,現金,1111115,,,金錢,高雄市左營區****,,,,,,,,,
88,陳玫娟,111年高雄市議員選舉,首次申報,1111115,個人捐贈收入,莊明昇,R10*******,20000.00,0.00,票據,1111115,,,金錢,高雄市前鎮區****,0928*****,,,,,,,,
89,陳玫娟,111年高雄市議員選舉,首次申報,1111116,個人捐贈收入,邱俊芳,E12*******,3000.00,0.00,現金,1111116,,,金錢,高雄市楠梓區****,0932*****,,,,,,,,
90,陳玫娟,111年高雄市議員選舉,首次申報,1111116,個人捐贈收入,劉志亮,E12*******,30000.00,0.00,現金,1111116,,,金錢,高雄市梓官區****,0932*****,,,,,,,,
91,陳玫娟,111年高雄市議員選舉,首次申報,1111117,匿名捐贈,唐素雯,,5000.00,0.00,匯款,1111117,,,金錢,,,,,,,,,,
92,陳玫娟,111年高雄市議員選舉,首次申報,1111117,營利事業捐贈收入,聯碩能源股份有限公司,50954924,10000.00,0.00,現金,1111117,,,金錢,高雄市左營區****,0800*****,,,,,,,,
93,陳玫娟,111年高雄市議員選舉,首次申報,1111117,營利事業捐贈收入,冠維企業行,91523674,20000.00,0.00,票據,1111117,,,金錢,高雄市左營區****,07-5*****,,,,,,,,
94,陳玫娟,111年高雄市議員選舉,首次申報,1111117,個人捐贈收入,黃瑛瑛,E22*******,20000.00,0.00,現金,1111117,,,金錢,臺南市佳里區****,0922*****,,,,,,,,
95,陳玫娟,111年高雄市議員選舉,首次申報,1111117,個人捐贈收入,秦永泰,L12*******,20000.00,0.00,現金,1111117,,,金錢,高雄市鼓山區****,0953*****,,,,,,,,
96,陳玫娟,111年高雄市議員選舉,首次申報,1111117,個人捐贈收入,鄭銘源,S12*******,30000.00,0.00,現金,1111117,,,金錢,高雄市苓雅區****,07-3*****,,,,,,,,
97,陳玫娟,111年高雄市議員選舉,首次申報,1111118,營利事業捐贈收入,六江電機企業有限公司,16896904,20000.00,0.00,現金,1111118,,,金錢,高雄市鹽埕區****,07-5*****,,,,,,,,
98,陳玫娟,111年高雄市議員選舉,首次申報,1111122,匿名捐贈,邱文興,,5000.00,0.00,匯款,1111122,,,金錢,,,,,,,,,,
99,陳玫娟,111年高雄市議員選舉,首次申報,1111122,個人捐贈收入,陳祥廷,E12*******,32000.00,0.00,現金,1111122,,,金錢,高雄市左營區****,0939*****,,,,,,,,
100,陳玫娟,111年高雄市議員選舉,首次申報,1111122,個人捐贈收入,潘世貞,T22*******,20000.00,0.00,現金,1111122,,,金錢,高雄市苓雅區****,0960*****,,,,,,,,
101,陳玫娟,111年高雄市議員選舉,首次申報,1111123,匿名捐贈,柯宗清,,600.00,0.00,匯款,1111123,,,金錢,,,,,,,,,,
102,陳玫娟,111年高雄市議員選舉,首次申報,1111125,匿名捐贈,鄧亞梅,,1000.00,0.00,匯款,1111125,,,金錢,,,,,,,,,,
103,陳玫娟,111年高雄市議員選舉,首次申報,1111125,人民團體捐贈收入,高雄市幸福農耕社,,2000.00,0.00,現金,1111125,,,金錢,高雄市小港區****,0937*****,,,,,,,,
104,陳玫娟,111年高雄市議員選舉,首次申報,1111125,個人捐贈收入,林敬堯,E12*******,15000.00,0.00,現金,1111125,,,金錢,高雄市燕巢區****,0956*****,,,,,,,,
105,陳玫娟,111年高雄市議員選舉,首次申報,1111125,個人捐贈收入,黃芳志,E12*******,16000.00,0.00,現金,1111125,,,金錢,高雄市仁武區****,0960*****,,,,,,,,
106,陳玫娟,111年高雄市議員選舉,首次申報,1111125,個人捐贈收入,林士翔,E12*******,100000.00,0.00,現金,1111125,,,金錢,高雄市左營區****,0983*****,,,,,,,,
107,陳玫娟,111年高雄市議員選舉,首次申報,1111125,個人捐贈收入,王賴冬妹,E20*******,10000.00,0.00,現金,1111125,,,金錢,高雄市左營區****,0928*****,,,,,,,,
108,陳玫娟,111年高雄市議員選舉,首次申報,1111125,個人捐贈收入,鄭朝鴻,T12*******,100000.00,0.00,現金,1111125,,,金錢,高雄市楠梓區****,0910*****,,,,,,,,
109,陳玫娟,111年高雄市議員選舉,首次申報,1111221,其他收入,利息收入,,1495.00,0.00,現金,1111221,,,金錢,,,,,,,,,,
