﻿序號,擬參選人／政黨,選舉名稱,申報序號／年度,交易日期,收支科目,捐贈者／支出對象,身分證／統一編號,收入金額,支出金額,捐贈方式,存入專戶日期,返還/繳庫,支出用途,金錢類,地址,聯絡電話,應揭露之支出對象,支出對象之內部人員姓名,支出對象之內部人員職稱,政黨之內部人員姓名,政黨之內部人員職稱,關係,更正註記,資料更正日期
1,潘璿安,111年花蓮縣議員選舉,首次申報,1110428,宣傳支出,郵局,,0.00,762.00,,,,郵寄競選物品或宣傳廣告費用,金錢,花蓮縣花蓮市****,,否,,,,,,,
2,潘璿安,111年花蓮縣議員選舉,首次申報,1110503,雜支支出,見暉批發有限公司,,0.00,1640.00,,,,雜項購置,金錢,花蓮縣花蓮市****,0385*****,否,,,,,,,
3,潘璿安,111年花蓮縣議員選舉,首次申報,1110505,雜支支出,順發,,0.00,12121.00,,,,雜項購置或修繕費用,金錢,花蓮縣花蓮市****,0383*****,否,,,,,,,
4,潘璿安,111年花蓮縣議員選舉,首次申報,1110506,雜支支出,康源淨水企業,,0.00,5000.00,,,,中古立地飲水機,金錢,花蓮縣吉安鄉****,0385*****,否,,,,,,,
5,潘璿安,111年花蓮縣議員選舉,首次申報,1110506,宣傳支出,顏文智,M10*******,0.00,45000.00,,,,租用廣告看板或車體廣告費用,金錢,花蓮縣吉安鄉****,0928*****,否,,,,,,,
6,潘璿安,111年花蓮縣議員選舉,首次申報,1110509,雜支支出,義歐坊義式料理,,0.00,1000.00,,,,餐飲費用(便當),金錢,花蓮縣吉安鄉****,0384*****,否,,,,,,,
7,潘璿安,111年花蓮縣議員選舉,首次申報,1110509,雜支支出,台灣電力公司,,0.00,199.00,,,,電費,金錢,花蓮縣花蓮市****,,否,,,,,,,
8,潘璿安,111年花蓮縣議員選舉,首次申報,1110512,宣傳支出,聯速科技技有限公司,12374355,0.00,42000.00,,,,製作競選物品或宣傳廣告費用（口罩片）,金錢,臺北市中華路****,0988*****,否,,,,,,,
9,潘璿安,111年花蓮縣議員選舉,首次申報,1110516,租用競選辦事處支出,黃美,V20*******,0.00,18000.00,,,,租用競選辦事處費用,金錢,花蓮縣吉安鄉****,,否,,,,,,,
10,潘璿安,111年花蓮縣議員選舉,首次申報,1110530,雜支支出,美準鐘錶眼鏡行眼鏡行,,0.00,1500.00,,,,時鐘,金錢,花蓮縣花蓮市****,0383*****,否,,,,,,,
11,潘璿安,111年花蓮縣議員選舉,首次申報,1110530,雜支支出,中華電信,,0.00,805.00,,,,電信費用,金錢,花蓮縣花蓮市****,,否,,,,,,,
12,潘璿安,111年花蓮縣議員選舉,首次申報,1110601,雜支支出,互盛股份有限公司,,0.00,4000.00,,,,數位式多功能彩色複合機 租機費,金錢,花蓮縣花蓮市****,0383*****,否,,,,,,,
13,潘璿安,111年花蓮縣議員選舉,首次申報,1110608,宣傳支出,擷成企業社,,0.00,9950.00,,,,手派報,金錢,花蓮縣花蓮市****,0383*****,否,,,,,,,
14,潘璿安,111年花蓮縣議員選舉,首次申報,1110615,租用競選辦事處支出,黃美,V20*******,0.00,18000.00,,,,租用競選辦事處費用,金錢,花蓮縣吉安鄉****,,否,,,,,,,
15,潘璿安,111年花蓮縣議員選舉,首次申報,1110620,雜支支出,台灣自來水股份有限公司,,0.00,108.00,,,,水費,金錢,花蓮縣吉安鄉****,0385*****,否,,,,,,,
16,潘璿安,111年花蓮縣議員選舉,首次申報,1110628,雜支支出,中華電信,,0.00,1174.00,,,,電信費用,金錢,花蓮縣花蓮市****,,否,,,,,,,
17,潘璿安,111年花蓮縣議員選舉,首次申報,1110704,雜支支出,互盛股份有限公司,,0.00,4000.00,,,,數位式多功能彩色複合機 租機費,金錢,花蓮縣花蓮市****,0383*****,否,,,,,,,
18,潘璿安,111年花蓮縣議員選舉,首次申報,1110706,雜支支出,台灣電力公司,,0.00,3872.00,,,,水費,金錢,花蓮縣花蓮市****,,否,,,,,,,
19,潘璿安,111年花蓮縣議員選舉,首次申報,1110711,雜支支出,富薪加油站,,0.00,1521.00,,,,汽機車燃料費用,金錢,,0385*****,否,,,,,,,
20,潘璿安,111年花蓮縣議員選舉,首次申報,1110720,雜支支出,富薪加油站,,0.00,1460.00,,,,汽機車燃料費用,金錢,,0385*****,否,,,,,,,
21,潘璿安,111年花蓮縣議員選舉,首次申報,1110723,雜支支出,台灣中油,,0.00,1505.00,,,,汽機車燃料費用,金錢,,0558*****,否,,,,,,,
22,潘璿安,111年花蓮縣議員選舉,首次申報,1110726,雜支支出,台灣中油,,0.00,1526.00,,,,汽機車燃料費用,金錢,,0388*****,否,,,,,,,
23,潘璿安,111年花蓮縣議員選舉,首次申報,1110802,雜支支出,互盛股份有限公司,,0.00,4000.00,,,,數位式多功能彩色複合機 租機費,金錢,花蓮縣花蓮市****,0383*****,否,,,,,,,
24,潘璿安,111年花蓮縣議員選舉,首次申報,1110802,雜支支出,中華電信,,0.00,1148.00,,,,電信費用,金錢,花蓮縣花蓮市****,,否,,,,,,,
25,潘璿安,111年花蓮縣議員選舉,首次申報,1110806,雜支支出,全國加油站,,0.00,1434.00,,,,汽機車燃料費用,金錢,,0383*****,否,,,,,,,
26,潘璿安,111年花蓮縣議員選舉,首次申報,1110817,雜支支出,台灣自來水股份有限公司,,0.00,142.00,,,,水費,金錢,花蓮縣吉安鄉****,0385*****,否,,,,,,,
27,潘璿安,111年花蓮縣議員選舉,首次申報,1110819,雜支支出,台糖加油站,,0.00,1529.00,,,,汽機車燃料費用,金錢,,0386*****,否,,,,,,,
28,潘璿安,111年花蓮縣議員選舉,首次申報,1110830,雜支支出,中華電信,,0.00,1160.00,,,,電信費用,金錢,花蓮縣花蓮市****,,否,,,,,,,
29,潘璿安,111年花蓮縣議員選舉,首次申報,1110901,雜支支出,互盛股份有限公司,,0.00,1100.00,,,,文具用品費用,金錢,花蓮縣花蓮市****,0383*****,否,,,,,,,
30,潘璿安,111年花蓮縣議員選舉,首次申報,1110905,雜支支出,互盛股份有限公司,22001144,0.00,4000.00,,,,影印機租金,金錢,花蓮縣花蓮市****,0383*****,否,,,,,,,
31,潘璿安,111年花蓮縣議員選舉,首次申報,1110905,雜支支出,台灣電力公司,94374902,0.00,11333.00,,,,水電瓦斯費用,金錢,花蓮縣花蓮市****,,否,,,,,,,
32,潘璿安,111年花蓮縣議員選舉,首次申報,1110906,雜支支出,錦香行,,0.00,240.00,,,,雜項購置或修繕費用,金錢,,0383*****,否,,,,,,,
33,潘璿安,111年花蓮縣議員選舉,首次申報,1110906,雜支支出,錦香行,,0.00,480.00,,,,雜項購置或修繕費用,金錢,,0383*****,否,,,,,,,
34,潘璿安,111年花蓮縣議員選舉,首次申報,1110910,宣傳支出,嘉里大榮物流,,0.00,592.00,,,,製作競選物品或宣傳廣告費用（口罩運費）,金錢,,0382*****,否,,,,,,,
35,潘璿安,111年花蓮縣議員選舉,首次申報,1110917,宣傳支出,嘉里大榮物流,,0.00,592.00,,,,製作競選物品或宣傳廣告費用（口罩運費）,金錢,,0382*****,否,,,,,,,
36,潘璿安,111年花蓮縣議員選舉,首次申報,1110919,宣傳支出,聯速科技技有限公司,12374355,0.00,2500.00,,,,製作競選物品或宣傳廣告費用（口罩）,金錢,臺北市中華路****,0988*****,否,,,,,,,
37,潘璿安,111年花蓮縣議員選舉,首次申報,1110922,宣傳支出,嘉里大榮物流,,0.00,472.00,,,,製作競選物品或宣傳廣告費用（口罩運費）,金錢,,0382*****,否,,,,,,,
38,潘璿安,111年花蓮縣議員選舉,首次申報,1110923,宣傳支出,嘉里大榮物流,,0.00,472.00,,,,製作競選物品或宣傳廣告費用（口罩運費）,金錢,,0382*****,否,,,,,,,
39,潘璿安,111年花蓮縣議員選舉,首次申報,1110925,宣傳支出,嘉里大榮物流,,0.00,396.00,,,,製作競選物品或宣傳廣告費用（口罩運費）,金錢,,0382*****,否,,,,,,,
40,潘璿安,111年花蓮縣議員選舉,首次申報,1110928,宣傳支出,嘉里大榮物流,,0.00,472.00,,,,製作競選物品或宣傳廣告費用（口罩運費）,金錢,,0382*****,否,,,,,,,
41,潘璿安,111年花蓮縣議員選舉,首次申報,1110929,宣傳支出,嘉里大榮物流,,0.00,472.00,,,,製作競選物品或宣傳廣告費用（口罩運費）,金錢,,0382*****,否,,,,,,,
42,潘璿安,111年花蓮縣議員選舉,首次申報,1111001,雜支支出,中華電信股份有限公司,19533364,0.00,1123.00,,,,電信費用,金錢,花蓮縣花蓮市****,,否,,,,,,,
43,潘璿安,111年花蓮縣議員選舉,首次申報,1111001,雜支支出,中華電信股份有限公司,19533364,0.00,55.00,,,,電信費用,金錢,花蓮縣花蓮市****,,否,,,,,,,
44,潘璿安,111年花蓮縣議員選舉,首次申報,1111003,雜支支出,互盛股份有限公司,22001144,0.00,4000.00,,,,影印機租金,金錢,花蓮縣花蓮市****,0383*****,否,,,,,,,
45,潘璿安,111年花蓮縣議員選舉,首次申報,1111004,宣傳支出,嘉里大榮物流,,0.00,472.00,,,,製作競選物品或宣傳廣告費用（口罩運費）,金錢,,0382*****,否,,,,,,,
46,潘璿安,111年花蓮縣議員選舉,首次申報,1111005,雜支支出,采億家電行,,0.00,13000.00,,,,雜項購置或修繕費用,金錢,,0386*****,否,,,,,,,
47,潘璿安,111年花蓮縣議員選舉,首次申報,1111007,宣傳支出,嘉里大榮物流,,0.00,986.00,,,,製作競選物品或宣傳廣告費用（口罩運費）,金錢,,0382*****,否,,,,,,,
48,潘璿安,111年花蓮縣議員選舉,首次申報,1111017,雜支支出,互盛股份有限公司,22001144,0.00,710.00,,,,影印紙,金錢,花蓮縣花蓮市****,0383*****,否,,,,,,,
49,潘璿安,111年花蓮縣議員選舉,首次申報,1111018,宣傳支出,建華電子材料行,78036546,0.00,8900.00,,,,租用廣告看板或車體廣告費用,金錢,花蓮縣吉安鄉****,0385*****,否,,,,,,,
50,潘璿安,111年花蓮縣議員選舉,首次申報,1111020,雜支支出,台灣自來水股份有限公司,08128629,0.00,118.00,,,,水電瓦斯費用,金錢,花蓮縣吉安鄉****,,否,,,,,,,
51,潘璿安,111年花蓮縣議員選舉,首次申報,1111101,雜支支出,台灣中油,,0.00,1016.00,,,,汽機車燃料費用,金錢,,0388*****,否,,,,,,,
52,潘璿安,111年花蓮縣議員選舉,首次申報,1111102,雜支支出,北基吉興路加油站,,0.00,500.00,,,,汽機車燃料費用,金錢,,0385*****,否,,,,,,,
53,潘璿安,111年花蓮縣議員選舉,首次申報,1111102,雜支支出,互盛股份有限公司,,0.00,4000.00,,,,影印機台租金,金錢,花蓮縣花蓮市****,0383*****,否,,,,,,,
54,潘璿安,111年花蓮縣議員選舉,首次申報,1111103,雜支支出,台灣中油,,0.00,960.00,,,,汽機車燃料費用,金錢,,0388*****,否,,,,,,,
55,潘璿安,111年花蓮縣議員選舉,首次申報,1111104,雜支支出,全聯福利中心,,0.00,443.00,,,,雜項購置或修繕費用,金錢,,0384*****,否,,,,,,,
56,潘璿安,111年花蓮縣議員選舉,首次申報,1111104,雜支支出,中華電信股份有限公司,19533364,0.00,1093.00,,,,電信費用,金錢,花蓮縣花蓮市****,,否,,,,,,,
57,潘璿安,111年花蓮縣議員選舉,首次申報,1111104,雜支支出,中華電信股份有限公司,19533364,0.00,55.00,,,,電信費用,金錢,花蓮縣花蓮市****,,否,,,,,,,
58,潘璿安,111年花蓮縣議員選舉,首次申報,1111106,雜支支出,一六九五金百貨行,,0.00,129.00,,,,雜項購置或修繕費用,金錢,花蓮縣鳳林鎮****,,否,,,,,,,
59,潘璿安,111年花蓮縣議員選舉,首次申報,1111107,雜支支出,台灣中油,,0.00,938.00,,,,汽機車燃料費用,金錢,,0388*****,否,,,,,,,
60,潘璿安,111年花蓮縣議員選舉,首次申報,1111108,雜支支出,台灣電力公司,94374902,0.00,13359.00,,,,水電瓦斯費用,金錢,花蓮縣花蓮市****,,否,,,,,,,
61,潘璿安,111年花蓮縣議員選舉,首次申報,1111111,雜支支出,台灣中油,,0.00,898.00,,,,汽機車燃料費用,金錢,,0388*****,否,,,,,,,
62,潘璿安,111年花蓮縣議員選舉,首次申報,1111114,雜支支出,台灣中油,,0.00,102.00,,,,汽機車燃料費用,金錢,,0388*****,否,,,,,,,
63,潘璿安,111年花蓮縣議員選舉,首次申報,1111115,雜支支出,富薪加油站,,0.00,880.00,,,,汽機車燃料費用,金錢,,0385*****,否,,,,,,,
64,潘璿安,111年花蓮縣議員選舉,首次申報,1111116,雜支支出,鈺銘冷凍空調材料,,0.00,90.00,,,,雜項購置或修繕費用,金錢,,0385*****,否,,,,,,,
65,潘璿安,111年花蓮縣議員選舉,首次申報,1111117,雜支支出,景鴻五金有限公司,,0.00,293.00,,,,雜項購置或修繕費用,金錢,,0385*****,否,,,,,,,
66,潘璿安,111年花蓮縣議員選舉,首次申報,1111118,雜支支出,台灣中油,,0.00,967.00,,,,汽機車燃料費用,金錢,,0388*****,否,,,,,,,
67,潘璿安,111年花蓮縣議員選舉,首次申報,1111118,雜支支出,見暉批發有限公司,,0.00,275.00,,,,雜項購置或修繕費用,金錢,花蓮縣花蓮市****,0385*****,否,,,,,,,
68,潘璿安,111年花蓮縣議員選舉,首次申報,1111120,雜支支出,見暉批發有限公司,,0.00,209.00,,,,雜項購置或修繕費用,金錢,花蓮縣花蓮市****,0385*****,否,,,,,,,
69,潘璿安,111年花蓮縣議員選舉,首次申報,1111122,雜支支出,香味飯包,,0.00,380.00,,,,餐飲費用,金錢,,0385*****,否,,,,,,,
70,潘璿安,111年花蓮縣議員選舉,首次申報,1111123,雜支支出,逸富有限公司,,0.00,1330.00,,,,汽機車燃料費用,金錢,,0385*****,否,,,,,,,
71,潘璿安,111年花蓮縣議員選舉,首次申報,1111123,雜支支出,台灣中油,,0.00,849.00,,,,汽機車燃料費用,金錢,,0388*****,否,,,,,,,
72,潘璿安,111年花蓮縣議員選舉,首次申報,1111128,雜支支出,中華電信,,0.00,1094.00,,,,電信費用,金錢,花蓮縣花蓮市****,,否,,,,,,,
73,潘璿安,111年花蓮縣議員選舉,首次申報,1111128,雜支支出,中華電信,,0.00,55.00,,,,電信費用,金錢,花蓮縣花蓮市****,,否,,,,,,,
74,潘璿安,111年花蓮縣議員選舉,首次申報,1111202,雜支支出,互盛股份有限公司,,0.00,4000.00,,,,影印機台租金,金錢,花蓮縣花蓮市****,0383*****,否,,,,,,,
