﻿序號,擬參選人／政黨,選舉名稱,申報序號／年度,交易日期,收支科目,捐贈者／支出對象,身分證／統一編號,收入金額,支出金額,捐贈方式,存入專戶日期,返還/繳庫,支出用途,金錢類,地址,聯絡電話,應揭露之支出對象,支出對象之內部人員姓名,支出對象之內部人員職稱,政黨之內部人員姓名,政黨之內部人員職稱,關係,更正註記,資料更正日期
1,陳光復,111年澎湖縣縣長選舉,首次申報,1110907,個人捐贈收入,楊淑貞,A20*******,100000.00,0.00,匯款,1110907,,,金錢,臺北市松山區****,0225*****,,,,,,,,
2,陳光復,111年澎湖縣縣長選舉,首次申報,1110913,個人捐贈收入,李明傳,S10*******,100000.00,0.00,現金,1110913,,,金錢,高雄市小港區****,07-8*****,,,,,,,,
3,陳光復,111年澎湖縣縣長選舉,首次申報,1110913,個人捐贈收入,李清河,S10*******,100000.00,0.00,現金,1110913,,,金錢,高雄市小港區****,07-8*****,,,,,,,,
4,陳光復,111年澎湖縣縣長選舉,首次申報,1110913,個人捐贈收入,吳順誠,S10*******,100000.00,0.00,現金,1110913,,,金錢,高雄市鼓山區****,07-8*****,,,,,,,,
5,陳光復,111年澎湖縣縣長選舉,首次申報,1110915,營利事業捐贈收入,東億營造有限公司,34316534,100000.00,0.00,匯款,1110915,已返還,,金錢,臺北市中正區****,02-2*****,,,,,,,,
6,陳光復,111年澎湖縣縣長選舉,首次申報,1110916,政黨捐贈收入,民主進步黨,政黨證字第16號,500000.00,0.00,匯款,1110916,,,金錢,台北市北平東****,(02)*****,,,,,,,,
7,陳光復,111年澎湖縣縣長選舉,首次申報,1110918,個人捐贈收入,劉明偉,X12*******,100000.00,0.00,現金,1110919,,,金錢,澎湖縣馬公市****,06-9*****,,,,,,,,
8,陳光復,111年澎湖縣縣長選舉,首次申報,1110919,個人捐贈收入,張道宜,B12*******,100000.00,0.00,現金,1110919,,,金錢,臺中市西屯區****,0989*****,,,,,,,,
9,陳光復,111年澎湖縣縣長選舉,首次申報,1110919,個人捐贈收入,張思忠,L10*******,100000.00,0.00,現金,1110919,,,金錢,澎湖縣馬公市****,06-9*****,,,,,,,,
10,陳光復,111年澎湖縣縣長選舉,首次申報,1110921,個人捐贈收入,許志文,X12*******,60000.00,0.00,現金,1110921,,,金錢,澎湖縣西嶼鄉****,06-9*****,,,,,,,,
11,陳光復,111年澎湖縣縣長選舉,首次申報,1110923,個人捐贈收入,陳自騰,X12*******,3600.00,0.00,,,,,非金錢,澎湖縣湖西鄉****,,,,,,,,,
12,陳光復,111年澎湖縣縣長選舉,首次申報,1110928,匿名捐贈,匿名,,3600.00,0.00,匯款,1110928,,,金錢,,,,,,,,,,
13,陳光復,111年澎湖縣縣長選舉,首次申報,1110928,個人捐贈收入,高保信,X12*******,1600.00,0.00,,,,,非金錢,澎湖縣馬公市****,,,,,,,,,
14,陳光復,111年澎湖縣縣長選舉,首次申報,1111003,營利事業捐贈收入,享溫馨企業股份有限公司,29004693,100000.00,0.00,現金,1111003,,,金錢,高雄市苓雅區****,07-7*****,,,,,,,,
15,陳光復,111年澎湖縣縣長選舉,首次申報,1111003,營利事業捐贈收入,厚得節能有限公司,90636138,10000.00,0.00,現金,1111003,,,金錢,高雄市新興區****,07-5*****,,,,,,,,
16,陳光復,111年澎湖縣縣長選舉,首次申報,1111004,個人捐贈收入,劉春田,R10*******,6000.00,0.00,現金,1111004,,,金錢,高雄市苓雅區****,0933*****,,,,,,,,
17,陳光復,111年澎湖縣縣長選舉,首次申報,1111011,個人捐贈收入,歐惠莉,X20*******,30000.00,0.00,匯款,1111011,,,金錢,澎湖縣馬公市****,06-9*****,,,,,,,,
18,陳光復,111年澎湖縣縣長選舉,首次申報,1111020,個人捐贈收入,洪敏華,A22*******,20000.00,0.00,現金,1111025,,,金錢,澎湖縣湖西鄉****,0921*****,,,,,,,,
19,陳光復,111年澎湖縣縣長選舉,首次申報,1111022,個人捐贈收入,陳正家,S12*******,100000.00,0.00,現金,1111025,,,金錢,澎湖縣馬公市****,0963*****,,,,,,,,
20,陳光復,111年澎湖縣縣長選舉,首次申報,1111026,人民團體捐贈收入,台灣綠色立委聯盟,,500000.00,0.00,匯款,1111026,,,金錢,新北市樹林區****,02-2*****,,,,,,,,
21,陳光復,111年澎湖縣縣長選舉,首次申報,1111028,營利事業捐贈收入,崇義建設開發股份有限公司,86517201,100000.00,0.00,匯款,1111028,,,金錢,臺北市信義區****,02-2*****,,,,,,,,
22,陳光復,111年澎湖縣縣長選舉,首次申報,1111031,個人捐贈收入,高榮利,X12*******,4600.00,0.00,現金,1111101,,,金錢,澎湖縣馬公市****,,,,,,,,,
23,陳光復,111年澎湖縣縣長選舉,首次申報,1111101,個人捐贈收入,蔡哲文,A12*******,10000.00,0.00,匯款,1111101,,,金錢,臺中市南屯區****,,,,,,,,,
24,陳光復,111年澎湖縣縣長選舉,首次申報,1111101,個人捐贈收入,李承中,B12*******,10000.00,0.00,匯款,1111101,,,金錢,臺中市南屯區****,,,,,,,,,
25,陳光復,111年澎湖縣縣長選舉,首次申報,1111101,個人捐贈收入,蔡希真,D10*******,10000.00,0.00,匯款,1111101,,,金錢,臺中市北屯區****,,,,,,,,,
26,陳光復,111年澎湖縣縣長選舉,首次申報,1111101,個人捐贈收入,許國祥,E12*******,10000.00,0.00,匯款,1111101,,,金錢,臺中市沙鹿區****,,,,,,,,,
27,陳光復,111年澎湖縣縣長選舉,首次申報,1111101,個人捐贈收入,吳月珠,E22*******,100000.00,0.00,匯款,1111101,,,金錢,高雄市前鎮區****,0931*****,,,,,,,,
28,陳光復,111年澎湖縣縣長選舉,首次申報,1111101,個人捐贈收入,胡釗,L12*******,10000.00,0.00,匯款,1111101,,,金錢,臺中市清水區****,,,,,,,,,
29,陳光復,111年澎湖縣縣長選舉,首次申報,1111101,個人捐贈收入,孫定國,M10*******,10000.00,0.00,匯款,1111101,,,金錢,臺中市南屯區****,,,,,,,,,
30,陳光復,111年澎湖縣縣長選舉,首次申報,1111101,個人捐贈收入,孫靖堯,M12*******,10000.00,0.00,匯款,1111101,,,金錢,臺中市沙鹿區****,,,,,,,,,
31,陳光復,111年澎湖縣縣長選舉,首次申報,1111101,個人捐贈收入,陳毅,S12*******,10000.00,0.00,匯款,1111101,,,金錢,高雄市苓雅區****,,,,,,,,,
32,陳光復,111年澎湖縣縣長選舉,首次申報,1111101,個人捐贈收入,陳富嵩,S12*******,10000.00,0.00,匯款,1111101,,,金錢,高雄市楠梓區****,,,,,,,,,
33,陳光復,111年澎湖縣縣長選舉,首次申報,1111101,個人捐贈收入,李建德,Y12*******,10000.00,0.00,匯款,1111101,,,金錢,臺中市清水區****,,,,,,,,,
34,陳光復,111年澎湖縣縣長選舉,首次申報,1111102,營利事業捐贈收入,正威營造有限公司,16820243,500000.00,0.00,票據,1111109,,,金錢,高雄市楠梓區****,07-3*****,,,,,,,,
35,陳光復,111年澎湖縣縣長選舉,首次申報,1111102,營利事業捐贈收入,九亨國際股份有限公司,27848388,100000.00,0.00,匯款,1111102,,,金錢,新北市中和區****,05-3*****,,,,,,,,
36,陳光復,111年澎湖縣縣長選舉,首次申報,1111102,營利事業捐贈收入,員邦室內裝修設計股份有限公司,36275072,100000.00,0.00,匯款,1111102,,,金錢,新北市新莊區****,02-8*****,,,,,,,,
37,陳光復,111年澎湖縣縣長選舉,首次申報,1111102,個人捐贈收入,溫俊堤,Q12*******,10000.00,0.00,匯款,1111102,,,金錢,高雄市鳳山區****,0929*****,,,,,,,,
38,陳光復,111年澎湖縣縣長選舉,首次申報,1111103,個人捐贈收入,黃國堡,G12*******,45000.00,0.00,匯款,1111103,,,金錢,新北市三峽區****,05-3*****,,,,,,,,
39,陳光復,111年澎湖縣縣長選舉,首次申報,1111107,個人捐贈收入,劉鴻陞,E12*******,100000.00,0.00,現金,1111108,,,金錢,高雄市鼓山區****,0928*****,,,,,,,,
40,陳光復,111年澎湖縣縣長選舉,首次申報,1111107,個人捐贈收入,夏長安,X10*******,100000.00,0.00,匯款,1111107,,,金錢,高雄市鼓山區****,0932*****,,,,,,,,
41,陳光復,111年澎湖縣縣長選舉,首次申報,1111108,人民團體捐贈收入,中華民國全國建築師公會,,30000.00,0.00,票據,1111118,,,金錢,台北市基隆路****,02-2*****,,,,,,,,
42,陳光復,111年澎湖縣縣長選舉,首次申報,1111108,個人捐贈收入,高榮利,X12*******,4600.00,0.00,現金,1111108,,,金錢,澎湖縣馬公市****,0986*****,,,,,,,,
43,陳光復,111年澎湖縣縣長選舉,首次申報,1111110,個人捐贈收入,顏宗義,E10*******,100000.00,0.00,匯款,1111110,,,金錢,高雄市苓雅區****,0911*****,,,,,,,,
44,陳光復,111年澎湖縣縣長選舉,首次申報,1111115,個人捐贈收入,孫宇凡,A22*******,50000.00,0.00,匯款,1111115,,,金錢,新北市板橋區****,0968*****,,,,,,,,
45,陳光復,111年澎湖縣縣長選舉,首次申報,1111115,個人捐贈收入,劉錦揚,E10*******,50000.00,0.00,匯款,1111115,,,金錢,臺北市信義區****,0929*****,,,,,,,,
46,陳光復,111年澎湖縣縣長選舉,首次申報,1111117,匿名捐贈,匿名,,6000.00,0.00,匯款,1111117,,,金錢,,,,,,,,,,
47,陳光復,111年澎湖縣縣長選舉,首次申報,1111117,個人捐贈收入,張孟姬,Y22*******,11000.00,0.00,匯款,1111117,,,金錢,臺北市文山區****,,,,,,,,,
48,陳光復,111年澎湖縣縣長選舉,首次申報,1111123,營利事業捐贈收入,飛樂數位有限公司,86990754,1000000.00,0.00,匯款,1111123,,,金錢,臺中市豐原區****,04-2*****,,,,,,,,
49,陳光復,111年澎湖縣縣長選舉,首次申報,1111123,個人捐贈收入,許茗莆,X12*******,50000.00,0.00,現金,1111123,,,金錢,澎湖縣白沙鄉****,0921*****,,,,,,,,
50,陳光復,111年澎湖縣縣長選舉,首次申報,1111124,個人捐贈收入,黃美鳳,S22*******,2000.00,0.00,匯款,1111124,,,金錢,臺北市大安區****,0931*****,,,,,,,,
51,陳光復,111年澎湖縣縣長選舉,首次申報,1111124,個人捐贈收入,辛伊堯,X12*******,30000.00,0.00,現金,1111125,,,金錢,澎湖縣馬公市****,06-9*****,,,,,,,,
52,陳光復,111年澎湖縣縣長選舉,首次申報,1111221,其他收入,利息收入,,904.00,0.00,匯款,1111221,,,金錢,,,,,,,,,,
