﻿序號,擬參選人／政黨,選舉名稱,申報序號／年度,交易日期,收支科目,捐贈者／支出對象,身分證／統一編號,收入金額,支出金額,捐贈方式,存入專戶日期,返還/繳庫,支出用途,金錢類,地址,聯絡電話,應揭露之支出對象,支出對象之內部人員姓名,支出對象之內部人員職稱,政黨之內部人員姓名,政黨之內部人員職稱,關係,資料更正日期
1,何欣純,109年立法委員選舉,第一次賸餘,1090302,當選後與其公務有關之費用支出,尚美鮮花店,05864118,0.00,1000.00,,,,為民服務費用(花藍),金錢,臺中市大里區****,,,,,,,,
2,何欣純,109年立法委員選舉,第一次賸餘,1090302,當選後與其公務有關之費用支出,瑞興禮品社,37793159,0.00,3000.00,,,,為民服務費用(輓聯),金錢,桃園市大溪區****,,,,,,,,
3,何欣純,109年立法委員選舉,第一次賸餘,1090311,當選後與其公務有關之費用支出,林湘鎣,L22*******,0.00,25000.00,,,,工資或薪津,金錢,臺中市太平區****,,,,,,,,
4,何欣純,109年立法委員選舉,第一次賸餘,1090311,當選後與其公務有關之費用支出,曾鈺珊,L22*******,0.00,25000.00,,,,工資或薪津,金錢,臺中市大里區****,,,,,,,,
5,何欣純,109年立法委員選舉,第一次賸餘,1090311,當選後與其公務有關之費用支出,張志豪,T12*******,0.00,30000.00,,,,工資或薪津,金錢,屏東縣高樹鄉****,,,,,,,,
6,何欣純,109年立法委員選舉,第一次賸餘,1090331,當選後與其公務有關之費用支出,尚美鮮花店,05864118,0.00,6900.00,,,,為民服務費用(花圈),金錢,臺中市大里區****,,,,,,,,
7,何欣純,109年立法委員選舉,第一次賸餘,1090331,當選後與其公務有關之費用支出,德億鮮花店,14424325,0.00,3900.00,,,,為民服務費用(花圈),金錢,臺中市南區興****,,,,,,,,
8,何欣純,109年立法委員選舉,第一次賸餘,1090331,當選後與其公務有關之費用支出,海清鮮花店,17798493,0.00,300.00,,,,為民服務費用(花圈),金錢,臺中市太平區****,,,,,,,,
9,何欣純,109年立法委員選舉,第一次賸餘,1090331,當選後與其公務有關之費用支出,竹軒花店,45235615,0.00,4250.00,,,,為民服務費用(花圈),金錢,臺中市大里區****,,,,,,,,
10,何欣純,109年立法委員選舉,第一次賸餘,1090331,當選後與其公務有關之費用支出,良益鮮花店,77752598,0.00,2700.00,,,,為民服務費用(花圈),金錢,臺中市大里區****,,,,,,,,
11,何欣純,109年立法委員選舉,第一次賸餘,1090331,當選後與其公務有關之費用支出,霧峰禮儀社,81968542,0.00,4500.00,,,,為民服務費用(花圈),金錢,臺中市霧峰區****,,,,,,,,
12,何欣純,109年立法委員選舉,第一次賸餘,1090331,當選後與其公務有關之費用支出,源彬鮮花店,97882330,0.00,5700.00,,,,為民服務費用(花藍),金錢,臺中市太平區****,,,,,,,,
13,何欣純,109年立法委員選舉,第一次賸餘,1090410,當選後與其公務有關之費用支出,中華電信股份有限公司,52003801,0.00,9882.00,,,,電信費用,金錢,臺中市西區市****,,,,,,,,
14,何欣純,109年立法委員選舉,第一次賸餘,1090410,當選後與其公務有關之費用支出,林子文,G12*******,0.00,35000.00,,,,工資或薪津,金錢,臺北市信義區****,,,,,,,,
15,何欣純,109年立法委員選舉,第一次賸餘,1090410,當選後與其公務有關之費用支出,林湘鎣,L22*******,0.00,25000.00,,,,工資或薪津,金錢,臺中市太平區****,,,,,,,,
16,何欣純,109年立法委員選舉,第一次賸餘,1090410,當選後與其公務有關之費用支出,曾鈺珊,L22*******,0.00,25000.00,,,,工資或薪津,金錢,臺中市大里區****,,,,,,,,
17,何欣純,109年立法委員選舉,第一次賸餘,1090410,當選後與其公務有關之費用支出,張志豪,T12*******,0.00,30000.00,,,,工資或薪津,金錢,屏東縣高樹鄉****,,,,,,,,
18,何欣純,109年立法委員選舉,第一次賸餘,1090410,當選後與其公務有關之費用支出,王瑞諭,Y12*******,0.00,28840.00,,,,工資或薪津,金錢,臺中市太平區****,,,,,,,,
19,何欣純,109年立法委員選舉,第一次賸餘,1090413,當選後與其公務有關之費用支出,戴仁蓮,L22*******,0.00,36990.00,,,,工資或薪津,金錢,臺中市大里區****,,,,,,,,
20,何欣純,109年立法委員選舉,第一次賸餘,1090415,當選後與其公務有關之費用支出,久昌廣告社,15675072,0.00,3600.00,,,,書報雜誌費用(報費),金錢,臺中市大里區****,,,,,,,,
21,何欣純,109年立法委員選舉,第一次賸餘,1090415,當選後與其公務有關之費用支出,豪鼎國際貿易有限公司,53388240,0.00,56000.00,,,,為民服務費用(乾洗手液),金錢,臺中市大里區****,,,,,,,,
22,何欣純,109年立法委員選舉,第一次賸餘,1090416,當選後與其公務有關之費用支出,興大影印社,45715332,0.00,3300.00,,,,文具用品費用(影印費),金錢,臺中市南區南****,,,,,,,,
23,何欣純,109年立法委員選舉,第一次賸餘,1090416,當選後與其公務有關之費用支出,李怡葶,L22*******,0.00,23147.00,,,,工資或薪津,金錢,臺中市霧峰區****,,,,,,,,
24,何欣純,109年立法委員選舉,第一次賸餘,1090420,當選後與其公務有關之費用支出,大資傳企業股份有限公司,23213639,0.00,11010.00,,,,文具用品費用(影印費),金錢,臺中市大里區****,,,,,,,,
25,何欣純,109年立法委員選舉,第一次賸餘,1090421,當選後與其公務有關之費用支出,大資傳企業股份有限公司,23213639,0.00,1800.00,,,,文具用品費用(影印費),金錢,臺中市大里區****,,,,,,,,
26,何欣純,109年立法委員選舉,第一次賸餘,1090421,當選後與其公務有關之費用支出,瑞興禮品社,37793159,0.00,4675.00,,,,為民服務費用(中堂),金錢,桃園市大溪區****,,,,,,,,
27,何欣純,109年立法委員選舉,第一次賸餘,1090430,當選後與其公務有關之費用支出,德億鮮花店,14424325,0.00,2400.00,,,,為民服務費用(花圈),金錢,臺中市南區興****,,,,,,,,
28,何欣純,109年立法委員選舉,第一次賸餘,1090430,當選後與其公務有關之費用支出,上好印刷股份有限公司,16722587,0.00,441.00,,,,雜項購置費用(名片),金錢,臺中市西屯區****,,,,,,,,
29,何欣純,109年立法委員選舉,第一次賸餘,1090430,當選後與其公務有關之費用支出,海清鮮花店,17798493,0.00,300.00,,,,為民服務費用(花圈),金錢,臺中市太平區****,,,,,,,,
30,何欣純,109年立法委員選舉,第一次賸餘,1090430,當選後與其公務有關之費用支出,采立蘭園,38851536,0.00,1500.00,,,,為民服務費用(花圈),金錢,臺中市東區自****,,,,,,,,
31,何欣純,109年立法委員選舉,第一次賸餘,1090430,當選後與其公務有關之費用支出,竹軒花店,45235615,0.00,6250.00,,,,為民服務費用(花圈),金錢,臺中市大里區****,,,,,,,,
32,何欣純,109年立法委員選舉,第一次賸餘,1090430,當選後與其公務有關之費用支出,良益鮮花店,77752598,0.00,4600.00,,,,為民服務費用(花圈),金錢,臺中市大里區****,,,,,,,,
33,何欣純,109年立法委員選舉,第一次賸餘,1090430,當選後與其公務有關之費用支出,霧峰禮儀社,81968542,0.00,3600.00,,,,為民服務費用(花圈),金錢,臺中市霧峰區****,,,,,,,,
34,何欣純,109年立法委員選舉,第一次賸餘,1090430,當選後與其公務有關之費用支出,源彬鮮花店,97882330,0.00,900.00,,,,為民服務費用(花圈),金錢,臺中市太平區****,,,,,,,,
35,何欣純,109年立法委員選舉,第一次賸餘,1090511,當選後與其公務有關之費用支出,台灣電力股份有限公司,03795904,0.00,1575.00,,,,水電瓦斯費用,金錢,臺北市中正區****,,,,,,,,
36,何欣純,109年立法委員選舉,第一次賸餘,1090511,當選後與其公務有關之費用支出,中華電信股份有限公司,52003801,0.00,10512.00,,,,電信費用,金錢,臺中市西區市****,,,,,,,,
37,何欣純,109年立法委員選舉,第一次賸餘,1090511,當選後與其公務有關之費用支出,台灣大哥大股份有限公司,97176270,0.00,1470.00,,,,電信費用,金錢,臺北市信義區****,,,,,,,,
38,何欣純,109年立法委員選舉,第一次賸餘,1090511,當選後與其公務有關之費用支出,林子文,G12*******,0.00,35000.00,,,,工資或薪津,金錢,臺北市信義區****,,,,,,,,
39,何欣純,109年立法委員選舉,第一次賸餘,1090511,當選後與其公務有關之費用支出,張芸瑄,L22*******,0.00,4700.00,,,,工資或薪津,金錢,臺中市大里區****,,,,,,,,
40,何欣純,109年立法委員選舉,第一次賸餘,1090511,當選後與其公務有關之費用支出,林湘鎣,L22*******,0.00,25000.00,,,,工資或薪津,金錢,臺中市太平區****,,,,,,,,
41,何欣純,109年立法委員選舉,第一次賸餘,1090511,當選後與其公務有關之費用支出,張志豪,T12*******,0.00,30000.00,,,,工資或薪津,金錢,屏東縣高樹鄉****,,,,,,,,
42,何欣純,109年立法委員選舉,第一次賸餘,1090512,當選後與其公務有關之費用支出,王瑞諭,Y12*******,0.00,28840.00,,,,工資或薪津,金錢,臺中市太平區****,,,,,,,,
43,何欣純,109年立法委員選舉,第一次賸餘,1090520,當選後與其公務有關之費用支出,大資傳企業股份有限公司,23213639,0.00,1800.00,,,,文具用品費用(影印費),金錢,臺中市大里區****,,,,,,,,
44,何欣純,109年立法委員選舉,第一次賸餘,1090522,當選後與其公務有關之費用支出,尚美鮮花店,05864118,0.00,2400.00,,,,為民服務費用(花圈),金錢,臺中市大里區****,,,,,,,,
45,何欣純,109年立法委員選舉,第一次賸餘,1090522,當選後與其公務有關之費用支出,海清鮮花店,17798493,0.00,300.00,,,,為民服務費用(花圈),金錢,臺中市太平區****,,,,,,,,
46,何欣純,109年立法委員選舉,第一次賸餘,1090522,當選後與其公務有關之費用支出,益源商行,45369000,0.00,1880.00,,,,為民服務費用(小水),金錢,臺中市大里區****,,,,,,,,
47,何欣純,109年立法委員選舉,第一次賸餘,1090525,當選後與其公務有關之費用支出,采立蘭園,38851536,0.00,300.00,,,,為民服務費用(花圈),金錢,臺中市東區自****,,,,,,,,
48,何欣純,109年立法委員選舉,第一次賸餘,1090525,當選後與其公務有關之費用支出,源彬鮮花店,97882330,0.00,4500.00,,,,為民服務費用(花圈),金錢,臺中市太平區****,,,,,,,,
49,何欣純,109年立法委員選舉,第一次賸餘,1090525,當選後與其公務有關之費用支出,戴仁蓮,L22*******,0.00,36990.00,,,,工資或薪津,金錢,臺中市大里區****,,,,,,,,
50,何欣純,109年立法委員選舉,第一次賸餘,1090531,當選後與其公務有關之費用支出,德億鮮花店,14424325,0.00,1200.00,,,,為民服務費用(花圈),金錢,臺中市南區興****,,,,,,,,
51,何欣純,109年立法委員選舉,第一次賸餘,1090531,當選後與其公務有關之費用支出,竹軒花店,45235615,0.00,4750.00,,,,為民服務費用(花圈),金錢,臺中市大里區****,,,,,,,,
52,何欣純,109年立法委員選舉,第一次賸餘,1090531,當選後與其公務有關之費用支出,良益鮮花店,77752598,0.00,1800.00,,,,為民服務費用(花圈),金錢,臺中市大里區****,,,,,,,,
53,何欣純,109年立法委員選舉,第一次賸餘,1090531,當選後與其公務有關之費用支出,霧峰禮儀社,81968542,0.00,2700.00,,,,為民服務費用(花圈),金錢,臺中市霧峰區****,,,,,,,,
54,何欣純,109年立法委員選舉,第一次賸餘,1090605,當選後與其公務有關之費用支出,曾鈺珊,L22*******,0.00,25000.00,,,,工資或薪津,金錢,臺中市大里區****,,,,,,,,
55,何欣純,109年立法委員選舉,第一次賸餘,1090609,當選後與其公務有關之費用支出,林子文,G12*******,0.00,35000.00,,,,工資或薪津,金錢,臺北市信義區****,,,,,,,,
56,何欣純,109年立法委員選舉,第一次賸餘,1090610,當選後與其公務有關之費用支出,中華電信股份有限公司,52003801,0.00,9347.00,,,,電信費用,金錢,臺中市西區市****,,,,,,,,
57,何欣純,109年立法委員選舉,第一次賸餘,1090610,當選後與其公務有關之費用支出,新世紀資通股份有限公司,70774626,0.00,413.00,,,,網際網路費用,金錢,臺北市內湖區****,,,,,,,,
58,何欣純,109年立法委員選舉,第一次賸餘,1090610,當選後與其公務有關之費用支出,台灣大哥大股份有限公司,97176270,0.00,1792.00,,,,電信費用,金錢,臺北市信義區****,,,,,,,,
59,何欣純,109年立法委員選舉,第一次賸餘,1090610,當選後與其公務有關之費用支出,林湘鎣,L22*******,0.00,25000.00,,,,工資或薪津,金錢,臺中市太平區****,,,,,,,,
60,何欣純,109年立法委員選舉,第一次賸餘,1090610,當選後與其公務有關之費用支出,張志豪,T12*******,0.00,30000.00,,,,工資或薪津,金錢,屏東縣高樹鄉****,,,,,,,,
61,何欣純,109年立法委員選舉,第一次賸餘,1090611,當選後與其公務有關之費用支出,戴仁蓮,L22*******,0.00,36990.00,,,,工資或薪津,金錢,臺中市大里區****,,,,,,,,
62,何欣純,109年立法委員選舉,第一次賸餘,1090611,當選後與其公務有關之費用支出,王瑞諭,Y12*******,0.00,28840.00,,,,工資或薪津,金錢,臺中市太平區****,,,,,,,,
63,何欣純,109年立法委員選舉,第一次賸餘,1090616,當選後與其公務有關之費用支出,吉峰花藝坊,67963399,0.00,800.00,,,,為民服務費用(花圈),金錢,臺中市霧峰區****,,,,,,,,
64,何欣純,109年立法委員選舉,第一次賸餘,1090616,當選後與其公務有關之費用支出,聯喆報業分銷社,77762553,0.00,3600.00,,,,書報雜誌費用(報費),金錢,臺中市大里區****,,,,,,,,
65,何欣純,109年立法委員選舉,第一次賸餘,1090616,當選後與其公務有關之費用支出,曾鈺珊,L22*******,0.00,25000.00,,,,工資或薪津,金錢,臺中市大里區****,,,,,,,,
66,何欣純,109年立法委員選舉,第一次賸餘,1090620,當選後與其公務有關之費用支出,大資傳企業股份有限公司,23213639,0.00,1800.00,,,,文具用品費用(影印費),金錢,臺中市大里區****,,,,,,,,
67,何欣純,109年立法委員選舉,第一次賸餘,1090620,當選後與其公務有關之費用支出,鑫凱仲實業有限公司,50906091,0.00,5985.00,,,,為民服務費用(摸彩品),金錢,臺北市松山區****,,,,,,,,
68,何欣純,109年立法委員選舉,第一次賸餘,1090622,當選後與其公務有關之費用支出,尚美鮮花店,05864118,0.00,2500.00,,,,為民服務費用(花圈),金錢,臺中市大里區****,,,,,,,,
69,何欣純,109年立法委員選舉,第一次賸餘,1090622,當選後與其公務有關之費用支出,益源商行,45369000,0.00,2560.00,,,,為民服務費用(小水),金錢,臺中市大里區****,,,,,,,,
70,何欣純,109年立法委員選舉,第一次賸餘,1090630,當選後與其公務有關之費用支出,尚美鮮花店,05864118,0.00,2200.00,,,,為民服務費用(花圈),金錢,臺中市大里區****,,,,,,,,
71,何欣純,109年立法委員選舉,第一次賸餘,1090630,當選後與其公務有關之費用支出,立峰汽車修配廠,09230524,0.00,3200.00,,,,維修宣傳車費用,金錢,臺中市大里區****,,,,,,,,
72,何欣純,109年立法委員選舉,第一次賸餘,1090630,當選後與其公務有關之費用支出,德億鮮花店,14424325,0.00,2100.00,,,,為民服務費用(花圈),金錢,臺中市南區興****,,,,,,,,
73,何欣純,109年立法委員選舉,第一次賸餘,1090630,當選後與其公務有關之費用支出,竹軒花店,45235615,0.00,4250.00,,,,為民服務費用(花圈),金錢,臺中市大里區****,,,,,,,,
74,何欣純,109年立法委員選舉,第一次賸餘,1090630,當選後與其公務有關之費用支出,良益鮮花店,77752598,0.00,1300.00,,,,為民服務費用(花圈),金錢,臺中市大里區****,,,,,,,,
75,何欣純,109年立法委員選舉,第一次賸餘,1090630,當選後與其公務有關之費用支出,霧峰禮儀社,81968542,0.00,2100.00,,,,為民服務費用(花圈),金錢,臺中市霧峰區****,,,,,,,,
76,何欣純,109年立法委員選舉,第一次賸餘,1090709,當選後與其公務有關之費用支出,台灣電力股份有限公司,03795904,0.00,2308.00,,,,水電瓦斯費用,金錢,臺北市中正區****,,,,,,,,
77,何欣純,109年立法委員選舉,第一次賸餘,1090709,當選後與其公務有關之費用支出,中華電信股份有限公司,52003801,0.00,8894.00,,,,電信費用,金錢,臺中市西區市****,,,,,,,,
78,何欣純,109年立法委員選舉,第一次賸餘,1090709,當選後與其公務有關之費用支出,新世紀資通股份有限公司,70774626,0.00,413.00,,,,網際網路費用,金錢,臺北市內湖區****,,,,,,,,
79,何欣純,109年立法委員選舉,第一次賸餘,1090709,當選後與其公務有關之費用支出,台灣大哥大股份有限公司,97176270,0.00,1763.00,,,,電信費用,金錢,臺北市信義區****,,,,,,,,
80,何欣純,109年立法委員選舉,第一次賸餘,1090710,當選後與其公務有關之費用支出,立峰汽車修配廠,09230524,0.00,6800.00,,,,維修宣傳車費用,金錢,臺中市大里區****,,,,,,,,
81,何欣純,109年立法委員選舉,第一次賸餘,1090710,當選後與其公務有關之費用支出,百冠禮品企業商行,19843207,0.00,5460.00,,,,為民服務費用(摸彩品),金錢,臺中市大里區****,,,,,,,,
82,何欣純,109年立法委員選舉,第一次賸餘,1090710,當選後與其公務有關之費用支出,戴仁蓮,L22*******,0.00,36990.00,,,,工資或薪津,金錢,臺中市大里區****,,,,,,,,
83,何欣純,109年立法委員選舉,第一次賸餘,1090710,當選後與其公務有關之費用支出,林湘鎣,L22*******,0.00,25000.00,,,,工資或薪津,金錢,臺中市太平區****,,,,,,,,
84,何欣純,109年立法委員選舉,第一次賸餘,1090710,當選後與其公務有關之費用支出,曾鈺珊,L22*******,0.00,10842.00,,,,工資或薪津,金錢,臺中市大里區****,,,,,,,,
85,何欣純,109年立法委員選舉,第一次賸餘,1090710,當選後與其公務有關之費用支出,張志豪,T12*******,0.00,30000.00,,,,工資或薪津,金錢,屏東縣高樹鄉****,,,,,,,,
86,何欣純,109年立法委員選舉,第一次賸餘,1090711,當選後與其公務有關之費用支出,王瑞諭,Y12*******,0.00,28840.00,,,,工資或薪津,金錢,臺中市太平區****,,,,,,,,
87,何欣純,109年立法委員選舉,第一次賸餘,1090713,當選後與其公務有關之費用支出,林子文,G12*******,0.00,35000.00,,,,工資或薪津,金錢,臺北市信義區****,,,,,,,,
88,何欣純,109年立法委員選舉,第一次賸餘,1090720,當選後與其公務有關之費用支出,百冠禮品企業商行,19843207,0.00,5805.00,,,,為民服務費用(摸彩品),金錢,臺中市大里區****,,,,,,,,
89,何欣純,109年立法委員選舉,第一次賸餘,1090720,當選後與其公務有關之費用支出,大資傳企業股份有限公司,23213639,0.00,1800.00,,,,文具用品費用(影印費),金錢,臺中市大里區****,,,,,,,,
90,何欣純,109年立法委員選舉,第一次賸餘,1090723,當選後與其公務有關之費用支出,益源商行,45369000,0.00,11380.00,,,,為民服務費用(小水),金錢,臺中市大里區****,,,,,,,,
91,何欣純,109年立法委員選舉,第一次賸餘,1090723,當選後與其公務有關之費用支出,譚淇安,L22*******,0.00,3792.00,,,,工資或薪津,金錢,臺中市霧峰區****,,,,,,,,
92,何欣純,109年立法委員選舉,第一次賸餘,1090731,當選後與其公務有關之費用支出,尚美鮮花店,05864118,0.00,1700.00,,,,為民服務費用(花圈),金錢,臺中市大里區****,,,,,,,,
93,何欣純,109年立法委員選舉,第一次賸餘,1090731,當選後與其公務有關之費用支出,德億鮮花店,14424325,0.00,2100.00,,,,為民服務費用(花圈),金錢,臺中市南區興****,,,,,,,,
94,何欣純,109年立法委員選舉,第一次賸餘,1090731,當選後與其公務有關之費用支出,竹軒花店,45235615,0.00,4000.00,,,,為民服務費用(花圈),金錢,臺中市大里區****,,,,,,,,
95,何欣純,109年立法委員選舉,第一次賸餘,1090731,當選後與其公務有關之費用支出,霧峰禮儀社,81968542,0.00,4800.00,,,,為民服務費用(花圈),金錢,臺中市霧峰區****,,,,,,,,
96,何欣純,109年立法委員選舉,第一次賸餘,1090806,當選後與其公務有關之費用支出,上好印刷股份有限公司,16722587,0.00,2016.00,,,,雜項購置費用(名片),金錢,臺中市西屯區****,,,,,,,,
97,何欣純,109年立法委員選舉,第一次賸餘,1090807,當選後與其公務有關之費用支出,中華電信股份有限公司,52003801,0.00,9207.00,,,,電信費用,金錢,臺中市西區市****,,,,,,,,
98,何欣純,109年立法委員選舉,第一次賸餘,1090807,當選後與其公務有關之費用支出,台灣大哥大股份有限公司,97176270,0.00,1808.00,,,,電信費用,金錢,臺北市信義區****,,,,,,,,
99,何欣純,109年立法委員選舉,第一次賸餘,1090807,當選後與其公務有關之費用支出,林子文,G12*******,0.00,35000.00,,,,工資或薪津,金錢,臺北市信義區****,,,,,,,,
100,何欣純,109年立法委員選舉,第一次賸餘,1090810,當選後與其公務有關之費用支出,大資傳企業股份有限公司,23213639,0.00,1500.00,,,,文具用品費用(影印紙),金錢,臺中市大里區****,,,,,,,,
101,何欣純,109年立法委員選舉,第一次賸餘,1090810,當選後與其公務有關之費用支出,戴仁蓮,L22*******,0.00,36990.00,,,,工資或薪津,金錢,臺中市大里區****,,,,,,,,
102,何欣純,109年立法委員選舉,第一次賸餘,1090810,當選後與其公務有關之費用支出,林湘鎣,L22*******,0.00,25000.00,,,,工資或薪津,金錢,臺中市太平區****,,,,,,,,
103,何欣純,109年立法委員選舉,第一次賸餘,1090811,當選後與其公務有關之費用支出,譚淇安,L22*******,0.00,18907.00,,,,工資或薪津,金錢,臺中市霧峰區****,,,,,,,,
104,何欣純,109年立法委員選舉,第一次賸餘,1090811,當選後與其公務有關之費用支出,王瑞諭,Y12*******,0.00,28840.00,,,,工資或薪津,金錢,臺中市太平區****,,,,,,,,
105,何欣純,109年立法委員選舉,第一次賸餘,1090814,當選後與其公務有關之費用支出,瑞興禮品社,37793159,0.00,10300.00,,,,為民服務費用(中堂),金錢,桃園市大溪區****,,,,,,,,
106,何欣純,109年立法委員選舉,第一次賸餘,1090814,當選後與其公務有關之費用支出,新世紀資通股份有限公司,70774626,0.00,413.00,,,,網際網路費用,金錢,臺北市內湖區****,,,,,,,,
107,何欣純,109年立法委員選舉,第一次賸餘,1090814,當選後與其公務有關之費用支出,張志豪,T12*******,0.00,45000.00,,,,工資或薪津,金錢,屏東縣高樹鄉****,,,,,,,,
108,何欣純,109年立法委員選舉,第一次賸餘,1090817,當選後與其公務有關之費用支出,曾鈺珊,L22*******,0.00,25000.00,,,,工資或薪津,金錢,臺中市大里區****,,,,,,,,
109,何欣純,109年立法委員選舉,第一次賸餘,1090818,當選後與其公務有關之費用支出,大資傳企業股份有限公司,23213639,0.00,1800.00,,,,文具用品費用(影印費),金錢,臺中市大里區****,,,,,,,,
110,何欣純,109年立法委員選舉,第一次賸餘,1090820,當選後與其公務有關之費用支出,宜津商行,13804683,0.00,2200.00,,,,為民服務費用(小水),金錢,臺中市太平區****,,,,,,,,
111,何欣純,109年立法委員選舉,第一次賸餘,1090820,當選後與其公務有關之費用支出,益源商行,45369000,0.00,10000.00,,,,為民服務費用(小水),金錢,臺中市大里區****,,,,,,,,
112,何欣純,109年立法委員選舉,第一次賸餘,1090831,當選後與其公務有關之費用支出,尚美鮮花店,05864118,0.00,3000.00,,,,為民服務費用(花藍),金錢,臺中市大里區****,,,,,,,,
113,何欣純,109年立法委員選舉,第一次賸餘,1090831,當選後與其公務有關之費用支出,上好印刷股份有限公司,16722587,0.00,2331.00,,,,雜項購置費用(名片),金錢,臺中市西屯區****,,,,,,,,
114,何欣純,109年立法委員選舉,第一次賸餘,1090831,當選後與其公務有關之費用支出,采立蘭園,38851536,0.00,1800.00,,,,為民服務費用(花圈),金錢,臺中市東區自****,,,,,,,,
115,何欣純,109年立法委員選舉,第一次賸餘,1090831,當選後與其公務有關之費用支出,吉峰花藝坊,67963399,0.00,1600.00,,,,為民服務費用(花圈),金錢,臺中市霧峰區****,,,,,,,,
116,何欣純,109年立法委員選舉,第一次賸餘,1090831,當選後與其公務有關之費用支出,源豐鮮花店,67972989,0.00,1500.00,,,,為民服務費用(花圈),金錢,臺中市太平區****,,,,,,,,
117,何欣純,109年立法委員選舉,第一次賸餘,1090831,當選後與其公務有關之費用支出,源彬鮮花店,97882330,0.00,4500.00,,,,為民服務費用(花圈),金錢,臺中市太平區****,,,,,,,,
118,何欣純,109年立法委員選舉,第一次賸餘,1090908,當選後與其公務有關之費用支出,中華電信股份有限公司,52003801,0.00,9931.00,,,,電信費用,金錢,臺中市西區市****,,,,,,,,
119,何欣純,109年立法委員選舉,第一次賸餘,1090908,當選後與其公務有關之費用支出,台灣大哥大股份有限公司,97176270,0.00,1783.00,,,,電信費用,金錢,臺北市中正區****,,,,,,,,
120,何欣純,109年立法委員選舉,第一次賸餘,1090908,當選後與其公務有關之費用支出,林子文,G12*******,0.00,35000.00,,,,工資或薪津,金錢,臺北市信義區****,,,,,,,,
121,何欣純,109年立法委員選舉,第一次賸餘,1090911,當選後與其公務有關之費用支出,新世紀資通股份有限公司,70774626,0.00,413.00,,,,網際網路費用,金錢,臺北市內湖區****,,,,,,,,
122,何欣純,109年立法委員選舉,第一次賸餘,1090911,當選後與其公務有關之費用支出,大千廣播電台股份有限公司,89543920,0.00,120000.00,,,,刊登或託播宣傳廣告費用,金錢,臺中市西區臺****,,,,,,,,
123,何欣純,109年立法委員選舉,第一次賸餘,1090911,當選後與其公務有關之費用支出,戴仁蓮,L22*******,0.00,36990.00,,,,工資或薪津,金錢,臺中市大里區****,,,,,,,,
124,何欣純,109年立法委員選舉,第一次賸餘,1090911,當選後與其公務有關之費用支出,林湘鎣,L22*******,0.00,25000.00,,,,工資或薪津,金錢,臺中市太平區****,,,,,,,,
125,何欣純,109年立法委員選舉,第一次賸餘,1090911,當選後與其公務有關之費用支出,曾鈺珊,L22*******,0.00,25000.00,,,,工資或薪津,金錢,臺中市大里區****,,,,,,,,
126,何欣純,109年立法委員選舉,第一次賸餘,1090911,當選後與其公務有關之費用支出,譚淇安,L22*******,0.00,24332.00,,,,工資或薪津,金錢,臺中市霧峰區****,,,,,,,,
127,何欣純,109年立法委員選舉,第一次賸餘,1090911,當選後與其公務有關之費用支出,王瑞諭,Y12*******,0.00,28840.00,,,,工資或薪津,金錢,臺中市太平區****,,,,,,,,
128,何欣純,109年立法委員選舉,第一次賸餘,1090915,當選後與其公務有關之費用支出,韻婷國際貿易有限公司,24771288,0.00,18690.00,,,,雜項購置費用(碳粉匣),金錢,新北市永和區****,,,,,,,,
129,何欣純,109年立法委員選舉,第一次賸餘,1090920,當選後與其公務有關之費用支出,百冠禮品企業商行,19843207,0.00,26000.00,,,,為民服務費用(摸彩品),金錢,臺中市大里區****,,,,,,,,
130,何欣純,109年立法委員選舉,第一次賸餘,1090921,當選後與其公務有關之費用支出,大資傳企業股份有限公司,23213639,0.00,1800.00,,,,文具用品費用(影印費),金錢,臺中市大里區****,,,,,,,,
131,何欣純,109年立法委員選舉,第一次賸餘,1090922,當選後與其公務有關之費用支出,立峰汽車修配廠,87114992,0.00,3000.00,,,,維修宣傳車費用,金錢,臺中市大里區****,,,,,,,,
132,何欣純,109年立法委員選舉,第一次賸餘,1090923,當選後與其公務有關之費用支出,宜津商行,13804683,0.00,5480.00,,,,為民服務費用(小水),金錢,臺中市太平區****,,,,,,,,
133,何欣純,109年立法委員選舉,第一次賸餘,1090923,當選後與其公務有關之費用支出,益源商行,45369000,0.00,3320.00,,,,為民服務費用(小水),金錢,臺中市大里區****,,,,,,,,
134,何欣純,109年立法委員選舉,第一次賸餘,1090930,當選後與其公務有關之費用支出,竹軒花店,45235615,0.00,13750.00,,,,為民服務費用(花圈),金錢,臺中市大里區****,,,,,,,,
135,何欣純,109年立法委員選舉,第一次賸餘,1091008,當選後與其公務有關之費用支出,中華電信股份有限公司,52003801,0.00,9771.00,,,,電信費用,金錢,臺中市西區市****,,,,,,,,
136,何欣純,109年立法委員選舉,第一次賸餘,1091008,當選後與其公務有關之費用支出,台灣大哥大股份有限公司,97176270,0.00,1826.00,,,,電信費用,金錢,臺北市信義區****,,,,,,,,
137,何欣純,109年立法委員選舉,第一次賸餘,1091012,當選後與其公務有關之費用支出,林子文,G12*******,0.00,35000.00,,,,工資或薪津,金錢,臺北市信義區****,,,,,,,,
138,何欣純,109年立法委員選舉,第一次賸餘,1091012,當選後與其公務有關之費用支出,譚淇安,L22*******,0.00,28203.00,,,,工資或薪津,金錢,臺中市霧峰區****,,,,,,,,
139,何欣純,109年立法委員選舉,第一次賸餘,1091012,當選後與其公務有關之費用支出,戴仁蓮,L22*******,0.00,36990.00,,,,工資或薪津,金錢,臺中市大里區****,,,,,,,,
140,何欣純,109年立法委員選舉,第一次賸餘,1091012,當選後與其公務有關之費用支出,林湘鎣,L22*******,0.00,25000.00,,,,工資或薪津,金錢,臺中市太平區****,,,,,,,,
141,何欣純,109年立法委員選舉,第一次賸餘,1091012,當選後與其公務有關之費用支出,曾鈺珊,L22*******,0.00,25000.00,,,,工資或薪津,金錢,臺中市大里區****,,,,,,,,
142,何欣純,109年立法委員選舉,第一次賸餘,1091012,當選後與其公務有關之費用支出,王瑞諭,Y12*******,0.00,28840.00,,,,工資或薪津,金錢,臺中市太平區****,,,,,,,,
143,何欣純,109年立法委員選舉,第一次賸餘,1091013,當選後與其公務有關之費用支出,瑞興禮品社,37793159,0.00,8890.00,,,,為民服務費用(輓聯),金錢,桃園市大溪區****,,,,,,,,
144,何欣純,109年立法委員選舉,第一次賸餘,1091013,當選後與其公務有關之費用支出,大千廣播電台股份有限公司,89543920,0.00,120000.00,,,,刊登或託播宣傳廣告費用,金錢,臺中市西區臺****,,,,,,,,
145,何欣純,109年立法委員選舉,第一次賸餘,1091020,當選後與其公務有關之費用支出,宜津商行,13804683,0.00,6720.00,,,,為民服務費用(小水),金錢,臺中市太平區****,,,,,,,,
146,何欣純,109年立法委員選舉,第一次賸餘,1091020,當選後與其公務有關之費用支出,大資傳企業股份有限公司,23213639,0.00,1800.00,,,,文具用品費用(影印費),金錢,臺中市大里區****,,,,,,,,
147,何欣純,109年立法委員選舉,第一次賸餘,1091022,當選後與其公務有關之費用支出,益源商行,45369000,0.00,12320.00,,,,為民服務費用(小水),金錢,臺中市大里區****,,,,,,,,
148,何欣純,109年立法委員選舉,第一次賸餘,1091031,當選後與其公務有關之費用支出,尚美鮮花店,05864118,0.00,8800.00,,,,為民服務費用(花藍),金錢,臺中市大里區****,,,,,,,,
149,何欣純,109年立法委員選舉,第一次賸餘,1091031,當選後與其公務有關之費用支出,源彬鮮花店,97882330,0.00,14500.00,,,,為民服務費用(花藍),金錢,臺中市太平區****,,,,,,,,
150,何欣純,109年立法委員選舉,第一次賸餘,1091106,當選後與其公務有關之費用支出,立峰汽車修配廠,87114992,0.00,3300.00,,,,維修宣傳車費用,金錢,臺中市大里區****,,,,,,,,
151,何欣純,109年立法委員選舉,第一次賸餘,1091109,當選後與其公務有關之費用支出,林子文,G12*******,0.00,35000.00,,,,工資或薪津,金錢,臺北市信義區****,,,,,,,,
152,何欣純,109年立法委員選舉,第一次賸餘,1091110,當選後與其公務有關之費用支出,台灣電力股份有限公司,03795904,0.00,4448.00,,,,水電瓦斯費用,金錢,臺北市中正區****,,,,,,,,
153,何欣純,109年立法委員選舉,第一次賸餘,1091110,當選後與其公務有關之費用支出,久昌廣告社,15675072,0.00,6100.00,,,,書報雜誌費用(報費),金錢,臺中市大里區****,,,,,,,,
154,何欣純,109年立法委員選舉,第一次賸餘,1091110,當選後與其公務有關之費用支出,中華電信股份有限公司,52003801,0.00,9049.00,,,,電信費用,金錢,臺中市西區市****,,,,,,,,
155,何欣純,109年立法委員選舉,第一次賸餘,1091110,當選後與其公務有關之費用支出,新世紀資通股份有限公司,70774626,0.00,413.00,,,,網際網路費用,金錢,臺北市內湖區****,,,,,,,,
156,何欣純,109年立法委員選舉,第一次賸餘,1091110,當選後與其公務有關之費用支出,台灣大哥大股份有限公司,97176270,0.00,1776.00,,,,電信費用,金錢,臺北市信義區****,,,,,,,,
157,何欣純,109年立法委員選舉,第一次賸餘,1091110,當選後與其公務有關之費用支出,戴仁蓮,L22*******,0.00,36990.00,,,,工資或薪津,金錢,臺中市大里區****,,,,,,,,
158,何欣純,109年立法委員選舉,第一次賸餘,1091110,當選後與其公務有關之費用支出,林湘鎣,L22*******,0.00,25000.00,,,,工資或薪津,金錢,臺中市太平區****,,,,,,,,
159,何欣純,109年立法委員選舉,第一次賸餘,1091110,當選後與其公務有關之費用支出,曾鈺珊,L22*******,0.00,25000.00,,,,工資或薪津,金錢,臺中市大里區****,,,,,,,,
160,何欣純,109年立法委員選舉,第一次賸餘,1091110,當選後與其公務有關之費用支出,譚淇安,L22*******,0.00,25043.00,,,,工資或薪津,金錢,臺中市霧峰區****,,,,,,,,
161,何欣純,109年立法委員選舉,第一次賸餘,1091111,當選後與其公務有關之費用支出,王瑞諭,Y12*******,0.00,28840.00,,,,工資或薪津,金錢,臺中市太平區****,,,,,,,,
162,何欣純,109年立法委員選舉,第一次賸餘,1091123,當選後與其公務有關之費用支出,益源商行,45369000,0.00,13600.00,,,,為民服務費用(小水),金錢,臺中市大里區****,,,,,,,,
163,何欣純,109年立法委員選舉,第一次賸餘,1091125,當選後與其公務有關之費用支出,宜津商行,13804683,0.00,3540.00,,,,為民服務費用(小水),金錢,臺中市太平區****,,,,,,,,
164,何欣純,109年立法委員選舉,第一次賸餘,1091125,當選後與其公務有關之費用支出,百冠禮品企業商行,19843207,0.00,6500.00,,,,為民服務費用(摸彩品),金錢,臺中市大里區****,,,,,,,,
165,何欣純,109年立法委員選舉,第一次賸餘,1091130,當選後與其公務有關之費用支出,上好印刷股份有限公司,16722587,0.00,4725.00,,,,雜項購置費用(名片),金錢,臺中市西屯區****,,,,,,,,
166,何欣純,109年立法委員選舉,第一次賸餘,1091130,當選後與其公務有關之費用支出,百冠禮品企業商行,19843207,0.00,6500.00,,,,為民服務費用(摸彩品),金錢,臺中市大里區****,,,,,,,,
167,何欣純,109年立法委員選舉,第一次賸餘,1091209,當選後與其公務有關之費用支出,林子文,G12*******,0.00,35000.00,,,,工資或薪津,金錢,臺北市信義區****,,,,,,,,
168,何欣純,109年立法委員選舉,第一次賸餘,1091210,當選後與其公務有關之費用支出,新世紀資通股份有限公司,70774626,0.00,413.00,,,,網際網路費用,金錢,臺北市內湖區****,,,,,,,,
169,何欣純,109年立法委員選舉,第一次賸餘,1091210,當選後與其公務有關之費用支出,戴仁蓮,L22*******,0.00,36990.00,,,,工資或薪津,金錢,臺中市大里區****,,,,,,,,
170,何欣純,109年立法委員選舉,第一次賸餘,1091210,當選後與其公務有關之費用支出,林湘鎣,L22*******,0.00,25000.00,,,,工資或薪津,金錢,臺中市太平區****,,,,,,,,
171,何欣純,109年立法委員選舉,第一次賸餘,1091210,當選後與其公務有關之費用支出,曾鈺珊,L22*******,0.00,25000.00,,,,工資或薪津,金錢,臺中市大里區****,,,,,,,,
172,何欣純,109年立法委員選舉,第一次賸餘,1091211,當選後與其公務有關之費用支出,譚淇安,L22*******,0.00,31837.00,,,,工資或薪津,金錢,臺中市霧峰區****,,,,,,,,
173,何欣純,109年立法委員選舉,第一次賸餘,1091211,當選後與其公務有關之費用支出,王瑞諭,Y12*******,0.00,28840.00,,,,工資或薪津,金錢,臺中市太平區****,,,,,,,,
174,何欣純,109年立法委員選舉,第一次賸餘,1091224,當選後與其公務有關之費用支出,益源商行,45369000,0.00,5880.00,,,,為民服務費用(小水),金錢,臺中市大里區****,,,,,,,,
175,何欣純,109年立法委員選舉,第一次賸餘,1091228,當選後與其公務有關之費用支出,大千廣播電台股份有限公司,89543920,0.00,120000.00,,,,刊登或託播宣傳廣告費用,金錢,臺中市西區臺****,,,,,,,,
