﻿序號,擬參選人／政黨,選舉名稱,申報序號／年度,交易日期,收支科目,捐贈者／支出對象,身分證／統一編號,收入金額,支出金額,捐贈方式,存入專戶日期,返還/繳庫,支出用途,金錢類,地址,聯絡電話,應揭露之支出對象,支出對象之內部人員姓名,支出對象之內部人員職稱,政黨之內部人員姓名,政黨之內部人員職稱,關係,更正註記,資料更正日期
1,辜皇譯,111年彰化縣議員選舉,首次申報,1110610,個人捐贈收入,楊尚諭,,10000.00,0.00,匯款,1110610,,,金錢,高雄市梓官區****,0910*****,,,,,,,,
2,辜皇譯,111年彰化縣議員選舉,首次申報,1110620,個人捐贈收入,張智超,,20000.00,0.00,現金,1110620,,,金錢,臺中市西區向****,0424*****,,,,,,,,
3,辜皇譯,111年彰化縣議員選舉,首次申報,1110622,個人捐贈收入,翁金珠,,20000.00,0.00,現金,1110622,,,金錢,彰化縣彰化市****,0471*****,,,,,,,,
4,辜皇譯,111年彰化縣議員選舉,首次申報,1110711,營利事業捐贈收入,佶泰顧問有限公司,83406370,300000.00,0.00,匯款,1110711,,,金錢,臺中市龍井區****,0426*****,,,,,,,,
5,辜皇譯,111年彰化縣議員選舉,首次申報,1110722,個人捐贈收入,柯麗敏,N22*******,100000.00,0.00,匯款,1110722,,,金錢,桃園市大園區****,0988*****,,,,,,,,
6,辜皇譯,111年彰化縣議員選舉,首次申報,1110729,營利事業捐贈收入,元新環境科技股份有限公司,42929058,150000.00,0.00,匯款,1110729,,,金錢,臺南市善化區****,0658*****,,,,,,,,
7,辜皇譯,111年彰化縣議員選舉,首次申報,1110729,個人捐贈收入,劉俐君,F22*******,10000.00,0.00,匯款,1110729,,,金錢,新北市五股區****,0928*****,,,,,,,,
8,辜皇譯,111年彰化縣議員選舉,首次申報,1111005,個人捐贈收入,趙美金,N20*******,30000.00,0.00,匯款,1111005,,,金錢,彰化縣花壇鄉****,,,,,,,,,
9,辜皇譯,111年彰化縣議員選舉,首次申報,1111006,個人捐贈收入,林世傑,N12*******,10000.00,0.00,匯款,1111006,,,金錢,彰化縣彰化市****,,,,,,,,,
10,辜皇譯,111年彰化縣議員選舉,首次申報,1111011,個人捐贈收入,陳志名,N12*******,20000.00,0.00,匯款,1111011,,,金錢,彰化縣彰化市****,0931*****,,,,,,,,
11,辜皇譯,111年彰化縣議員選舉,首次申報,1111012,個人捐贈收入,羅新福,K12*******,20000.00,0.00,匯款,1111012,,,金錢,桃園市平鎮區****,0917*****,,,,,,,,
12,辜皇譯,111年彰化縣議員選舉,首次申報,1111014,個人捐贈收入,李明錕,F12*******,6000.00,0.00,匯款,1111014,,,金錢,新北市汐止區****,0921*****,,,,,,,,
13,辜皇譯,111年彰化縣議員選舉,首次申報,1111014,個人捐贈收入,陳盈光,L12*******,10000.00,0.00,匯款,1111014,,,金錢,彰化縣彰化市****,0476*****,,,,,,,,
14,辜皇譯,111年彰化縣議員選舉,首次申報,1111015,個人捐贈收入,王靖新,,10000.00,0.00,匯款,1111015,,,金錢,臺中市北屯區****,0972*****,,,,,,,,
15,辜皇譯,111年彰化縣議員選舉,首次申報,1111018,營利事業捐贈收入,順新人力仲介有限公司,53806130,60000.00,0.00,匯款,1111018,,,金錢,彰化縣彰化市****,,,,,,,,,
16,辜皇譯,111年彰化縣議員選舉,首次申報,1111018,個人捐贈收入,游順雄,N12*******,20000.00,0.00,匯款,1111018,,,金錢,彰化縣彰化市****,0923*****,,,,,,,,
17,辜皇譯,111年彰化縣議員選舉,首次申報,1111021,個人捐贈收入,蔡沼玲,,20000.00,0.00,匯款,1111021,,,金錢,彰化縣彰化市****,0473*****,,,,,,,,
18,辜皇譯,111年彰化縣議員選舉,首次申報,1111022,個人捐贈收入,章政城,N12*******,20000.00,0.00,票據,1111026,,,金錢,彰化縣彰化市****,0937*****,,,,,,,,
19,辜皇譯,111年彰化縣議員選舉,首次申報,1111024,個人捐贈收入,許皇義,N12*******,60000.00,0.00,匯款,1111024,,,金錢,彰化縣鹿港鎮****,0928*****,,,,,,,,
20,辜皇譯,111年彰化縣議員選舉,首次申報,1111026,個人捐贈收入,劉忠文,F12*******,10000.00,0.00,匯款,1111026,,,金錢,新北市樹林區****,0932*****,,,,,,,,
21,辜皇譯,111年彰化縣議員選舉,首次申報,1111031,個人捐贈收入,林子喬,,2000.00,0.00,匯款,1111031,,,金錢,臺北市中山區****,0928*****,,,,,,,,
22,辜皇譯,111年彰化縣議員選舉,首次申報,1111031,營利事業捐贈收入,宏榮就業服務有限公司,53067562,10000.00,0.00,匯款,1111031,,,金錢,彰化縣彰化市****,0475*****,,,,,,,,
23,辜皇譯,111年彰化縣議員選舉,首次申報,1111101,個人捐贈收入,賴志賢,N10*******,50000.00,0.00,匯款,1111101,,,金錢,彰化縣員林鎮****,0912*****,,,,,,,,
