﻿序號,擬參選人／政黨,選舉名稱,申報序號／年度,交易日期,收支科目,捐贈者／支出對象,身分證／統一編號,收入金額,支出金額,捐贈方式,存入專戶日期,返還/繳庫,支出用途,金錢類,地址,聯絡電話,應揭露之支出對象,支出對象之內部人員姓名,支出對象之內部人員職稱,政黨之內部人員姓名,政黨之內部人員職稱,關係,更正註記,資料更正日期
1,劉航遠,111年高雄市議員選舉,首次申報,1110510,其他收入,利息收入,,1.00,0.00,匯款,1110510,,,金錢,,,,,,,,,,
2,劉航遠,111年高雄市議員選舉,首次申報,1110520,個人捐贈收入,吳伶穎,,20000.00,0.00,匯款,1110520,,,金錢,高雄市左營區****,0932*****,,,,,,,,
3,劉航遠,111年高雄市議員選舉,首次申報,1110525,個人捐贈收入,高于峯,E12*******,30000.00,0.00,匯款,1110525,,,金錢,高雄市岡山區****,0961*****,,,,,,,,
4,劉航遠,111年高雄市議員選舉,首次申報,1110527,個人捐贈收入,楊舒閔,A22*******,10000.00,0.00,匯款,1110527,,,金錢,高雄市楠梓區****,,,,,,,,,
5,劉航遠,111年高雄市議員選舉,首次申報,1110527,個人捐贈收入,洪士雅,E22*******,5000.00,0.00,匯款,1110527,,,金錢,高雄市苓雅五****,,,,,,,,,
6,劉航遠,111年高雄市議員選舉,首次申報,1110528,個人捐贈收入,馬承楊,Q12*******,10000.00,0.00,匯款,1110528,,,金錢,高雄市苓雅區****,,,,,,,,,
7,劉航遠,111年高雄市議員選舉,首次申報,1110529,個人捐贈收入,陳哲義,U12*******,5000.00,0.00,匯款,1110529,,,金錢,高雄市鳥松區****,,,,,,,,,
8,劉航遠,111年高雄市議員選舉,首次申報,1110601,個人捐贈收入,林芝妤,E22*******,1111.00,0.00,匯款,1110601,,,金錢,高雄市三民區****,,,,,,,,,
9,劉航遠,111年高雄市議員選舉,首次申報,1110601,個人捐贈收入,王秀萍,R22*******,1000.00,0.00,匯款,1110601,,,金錢,高雄市鳳山區****,,,,,,,,,
10,劉航遠,111年高雄市議員選舉,首次申報,1110605,個人捐贈收入,李秉穎,F12*******,5000.00,0.00,匯款,1110605,,,金錢,高雄市楠梓加****,,,,,,,,,
11,劉航遠,111年高雄市議員選舉,首次申報,1110608,個人捐贈收入,蔡宗穎,L12*******,4000.00,0.00,匯款,1110608,,,金錢,臺中市大雅區****,,,,,,,,,
12,劉航遠,111年高雄市議員選舉,首次申報,1110611,個人捐贈收入,黃麗真,R22*******,3000.00,0.00,匯款,1110611,,,金錢,高雄市鳥松區****,,,,,,,,,
13,劉航遠,111年高雄市議員選舉,首次申報,1110613,個人捐贈收入,謝依蒨,L22*******,10000.00,0.00,匯款,1110613,,,金錢,高雄市鼓山區****,,,,,,,,,
14,劉航遠,111年高雄市議員選舉,首次申報,1110613,個人捐贈收入,吳宗勤,S12*******,10000.00,0.00,匯款,1110613,,,金錢,高雄市鳳山區****,,,,,,,,,
15,劉航遠,111年高雄市議員選舉,首次申報,1110615,匿名捐贈,匿名,,2000.00,0.00,匯款,1110615,,,金錢,,,,,,,,,,
16,劉航遠,111年高雄市議員選舉,首次申報,1110620,匿名捐贈,匿名,,3000.00,0.00,匯款,1110620,,,金錢,,,,,,,,,,
17,劉航遠,111年高雄市議員選舉,首次申報,1110620,個人捐贈收入,陳彥潾,S22*******,5000.00,0.00,匯款,1110620,,,金錢,高雄市鳳山區****,,,,,,,,,
18,劉航遠,111年高雄市議員選舉,首次申報,1110621,其他收入,利息收入,,4.00,0.00,匯款,1110621,,,金錢,,,,,,,,,,
19,劉航遠,111年高雄市議員選舉,首次申報,1110621,個人捐贈收入,黃睿騰,E12*******,3000.00,0.00,匯款,1110621,,,金錢,桃園市蘆竹區****,,,,,,,,,
20,劉航遠,111年高雄市議員選舉,首次申報,1110628,個人捐贈收入,陳翊瑄,S22*******,3000.00,0.00,匯款,1110628,,,金錢,高雄市鳳山區****,,,,,,,,,
21,劉航遠,111年高雄市議員選舉,首次申報,1110707,匿名捐贈,匿名,,5000.00,0.00,匯款,1110707,,,金錢,,,,,,,,,,
22,劉航遠,111年高雄市議員選舉,首次申報,1110709,個人捐贈收入,莊銀保,Q22*******,3000.00,0.00,匯款,1110709,,,金錢,新竹縣寶山鄉****,,,,,,,,,
23,劉航遠,111年高雄市議員選舉,首次申報,1110712,個人捐贈收入,洪宛婷,S22*******,2000.00,0.00,匯款,1110712,,,金錢,高雄市大寮區****,,,,,,,,,
24,劉航遠,111年高雄市議員選舉,首次申報,1110716,個人捐贈收入,李政璋,,4000.00,0.00,匯款,1110716,,,金錢,高雄市小港區****,0912*****,,,,,,,,
25,劉航遠,111年高雄市議員選舉,首次申報,1110716,個人捐贈收入,楊舒閔,A22*******,10000.00,0.00,匯款,1110716,,,金錢,高雄市楠梓區****,,,,,,,,,
26,劉航遠,111年高雄市議員選舉,首次申報,1110724,個人捐贈收入,蔣宜庭,S22*******,3000.00,0.00,匯款,1110724,,,金錢,臺中市北屯區****,,,,,,,,,
27,劉航遠,111年高雄市議員選舉,首次申報,1110728,個人捐贈收入,高錦慧,X22*******,3000.00,0.00,匯款,1110728,,,金錢,高雄市左營區****,,,,,,,,,
28,劉航遠,111年高雄市議員選舉,首次申報,1110804,個人捐贈收入,王寶慧,,100.00,0.00,匯款,1110804,,,金錢,高雄市鹽埕區****,0932*****,,,,,,,,
29,劉航遠,111年高雄市議員選舉,首次申報,1110805,個人捐贈收入,陳瑞房,,8000.00,0.00,匯款,1110805,,,金錢,高雄市岡山區****,07-6*****,,,,,,,,
30,劉航遠,111年高雄市議員選舉,首次申報,1110806,個人捐贈收入,楊采樺,E22*******,6000.00,0.00,匯款,1110806,,,金錢,高雄市三民區****,,,,,,,,,
31,劉航遠,111年高雄市議員選舉,首次申報,1110807,個人捐贈收入,鄭詠聲,T12*******,3000.00,0.00,匯款,1110807,,,金錢,高雄市鼓山區****,,,,,,,,,
32,劉航遠,111年高雄市議員選舉,首次申報,1110815,個人捐贈收入,馬承楊,Q12*******,20000.00,0.00,匯款,1110815,,,金錢,高雄市苓雅區****,,,,,,,,,
33,劉航遠,111年高雄市議員選舉,首次申報,1110816,個人捐贈收入,蔡捷宇,Q12*******,1000.00,0.00,匯款,1110816,,,金錢,高雄市梓官區****,,,,,,,,,
34,劉航遠,111年高雄市議員選舉,首次申報,1110820,個人捐贈收入,鄭岱晏,E12*******,1000.00,0.00,匯款,1110820,,,金錢,高雄市鼓山區****,,,,,,,,,
35,劉航遠,111年高雄市議員選舉,首次申報,1110821,匿名捐贈,匿名,,1450.00,0.00,匯款,1110821,,,金錢,,,,,,,,,,
36,劉航遠,111年高雄市議員選舉,首次申報,1110823,個人捐贈收入,黃婉真,E22*******,5000.00,0.00,匯款,1110823,,,金錢,高雄市橋頭區****,,,,,,,,,
37,劉航遠,111年高雄市議員選舉,首次申報,1110824,匿名捐贈,匿名,,2000.00,0.00,匯款,1110824,,,金錢,,,,,,,,,,
38,劉航遠,111年高雄市議員選舉,首次申報,1110824,個人捐贈收入,張玉霜,S22*******,5000.00,0.00,匯款,1110824,,,金錢,高雄市阿蓮區****,,,,,,,,,
39,劉航遠,111年高雄市議員選舉,首次申報,1110825,個人捐贈收入,楊舒閔,A22*******,30000.00,0.00,匯款,1110825,,,金錢,高雄市楠梓區****,,,,,,,,,
40,劉航遠,111年高雄市議員選舉,首次申報,1110829,個人捐贈收入,余儒,T12*******,3000.00,0.00,匯款,1110829,,,金錢,屏東縣長治鄉****,,,,,,,,,
41,劉航遠,111年高雄市議員選舉,首次申報,1110830,個人捐贈收入,施泰銓,S12*******,3000.00,0.00,匯款,1110830,,,金錢,高雄市左營區****,,,,,,,,,
42,劉航遠,111年高雄市議員選舉,首次申報,1110903,個人捐贈收入,顏士翔,E12*******,30000.00,0.00,匯款,1110903,,,金錢,高雄市鳥松區****,,,,,,,,,
43,劉航遠,111年高雄市議員選舉,首次申報,1110903,個人捐贈收入,李建廷,E12*******,3000.00,0.00,匯款,1110903,,,金錢,高雄市仁武區****,,,,,,,,,
44,劉航遠,111年高雄市議員選舉,首次申報,1110906,個人捐贈收入,楊雅芬,S22*******,3000.00,0.00,匯款,1110906,,,金錢,高雄市岡山區****,,,,,,,,,
45,劉航遠,111年高雄市議員選舉,首次申報,1110908,個人捐贈收入,吳冠廷,E12*******,10000.00,0.00,匯款,1110908,,,金錢,高雄市鼓山區****,,,,,,,,,
46,劉航遠,111年高雄市議員選舉,首次申報,1110910,個人捐贈收入,洪浚銘,T12*******,1000.00,0.00,匯款,1110910,,,金錢,高雄市苓雅區****,,,,,,,,,
47,劉航遠,111年高雄市議員選舉,首次申報,1110912,個人捐贈收入,周文毅,T12*******,5000.00,0.00,匯款,1110912,,,金錢,高雄市鼓山區****,,,,,,,,,
48,劉航遠,111年高雄市議員選舉,首次申報,1110913,個人捐贈收入,陳昱達,P12*******,5000.00,0.00,匯款,1110913,,,金錢,高雄市三民區****,,,,,,,,,
49,劉航遠,111年高雄市議員選舉,首次申報,1110915,個人捐贈收入,謝忠佑,S12*******,5000.00,0.00,匯款,1110915,,,金錢,高雄市鳥松區****,,,,,,,,,
50,劉航遠,111年高雄市議員選舉,首次申報,1110921,個人捐贈收入,詹宜嘉,D22*******,3000.00,0.00,匯款,1110921,,,金錢,高雄市鳥松區****,,,,,,,,,
51,劉航遠,111年高雄市議員選舉,首次申報,1110923,個人捐贈收入,吳燕燕,E22*******,20000.00,0.00,匯款,1110923,,,金錢,高雄市鼓山區****,,,,,,,,,
52,劉航遠,111年高雄市議員選舉,首次申報,1110923,個人捐贈收入,郝天均,F12*******,500.00,0.00,現金,1110923,,,金錢,新北市新莊中****,,,,,,,,,
53,劉航遠,111年高雄市議員選舉,首次申報,1110923,個人捐贈收入,蔡宗穎,L12*******,400.00,0.00,匯款,1110923,,,金錢,臺中市大雅區****,,,,,,,,,
54,劉航遠,111年高雄市議員選舉,首次申報,1110923,個人捐贈收入,邱淑禎,L22*******,1000.00,0.00,匯款,1110923,,,金錢,臺中市南區文****,,,,,,,,,
55,劉航遠,111年高雄市議員選舉,首次申報,1110923,個人捐贈收入,盧羿如,S22*******,3000.00,0.00,匯款,1110923,,,金錢,高雄市那瑪夏****,,,,,,,,,
56,劉航遠,111年高雄市議員選舉,首次申報,1110928,個人捐贈收入,許勝鴻,E12*******,500.00,0.00,匯款,1110928,,,金錢,高雄市左營區****,,,,,,,,,
57,劉航遠,111年高雄市議員選舉,首次申報,1110928,個人捐贈收入,趙紫伶,E22*******,1000.00,0.00,匯款,1110928,,,金錢,高雄市三民區****,,,,,,,,,
58,劉航遠,111年高雄市議員選舉,首次申報,1110929,個人捐贈收入,楊舒閔,A22*******,3000.00,0.00,匯款,1110929,,,金錢,高雄市楠梓區****,,,,,,,,,
59,劉航遠,111年高雄市議員選舉,首次申報,1110929,個人捐贈收入,陳聖信,E12*******,1600.00,0.00,匯款,1110929,,,金錢,高雄市鳳山五****,,,,,,,,,
60,劉航遠,111年高雄市議員選舉,首次申報,1110929,個人捐贈收入,魏珮帆,E22*******,1000.00,0.00,匯款,1110929,,,金錢,臺南市北區北****,,,,,,,,,
61,劉航遠,111年高雄市議員選舉,首次申報,1111001,個人捐贈收入,陸柏儒,S12*******,1000.00,0.00,匯款,1111001,,,金錢,高雄市梓官區****,,,,,,,,,
62,劉航遠,111年高雄市議員選舉,首次申報,1111001,個人捐贈收入,蔡依庭,T22*******,2000.00,0.00,匯款,1111001,,,金錢,高雄市鳥松區****,,,,,,,,,
63,劉航遠,111年高雄市議員選舉,首次申報,1111003,個人捐贈收入,吳芬芳,R22*******,1000.00,0.00,匯款,1111003,,,金錢,高雄市鼓山區****,,,,,,,,,
64,劉航遠,111年高雄市議員選舉,首次申報,1111003,個人捐贈收入,雷文騰,S12*******,400.00,0.00,匯款,1111003,,,金錢,高雄市梓官區****,,,,,,,,,
65,劉航遠,111年高雄市議員選舉,首次申報,1111005,個人捐贈收入,張博智,T12*******,10000.00,0.00,匯款,1111005,,,金錢,高雄市三民區****,,,,,,,,,
66,劉航遠,111年高雄市議員選舉,首次申報,1111007,個人捐贈收入,楊瑀庭,E22*******,5000.00,0.00,匯款,1111007,,,金錢,高雄市左營區****,,,,,,,,,
67,劉航遠,111年高雄市議員選舉,首次申報,1111008,個人捐贈收入,賴薇,S22*******,1000.00,0.00,匯款,1111008,,,金錢,高雄市鳳山區****,,,,,,,,,
68,劉航遠,111年高雄市議員選舉,首次申報,1111010,個人捐贈收入,許獻文,F12*******,2000.00,0.00,匯款,1111010,,,金錢,高雄市鳥松區****,,,,,,,,,
69,劉航遠,111年高雄市議員選舉,首次申報,1111012,個人捐贈收入,李佳潔,T22*******,6600.00,0.00,匯款,1111012,,,金錢,屏東縣內埔鄉****,,,,,,,,,
70,劉航遠,111年高雄市議員選舉,首次申報,1111015,個人捐贈收入,陳立峰,,5000.00,0.00,匯款,1111015,,,金錢,高雄市鳳山區****,,,,,,,,,
71,劉航遠,111年高雄市議員選舉,首次申報,1111015,個人捐贈收入,陳嘉弘,R12*******,1000.00,0.00,匯款,1111015,,,金錢,高雄市永安區****,,,,,,,,,
72,劉航遠,111年高雄市議員選舉,首次申報,1111017,個人捐贈收入,潘盈均,E22*******,3000.00,0.00,匯款,1111017,,,金錢,高雄市小港區****,,,,,,,,,
73,劉航遠,111年高雄市議員選舉,首次申報,1111020,匿名捐贈,匿名,,5219.00,0.00,匯款,1111020,,,金錢,,,,,,,,,,
74,劉航遠,111年高雄市議員選舉,首次申報,1111101,其他收入,利息收入,,9280.00,0.00,匯款,1111101,,,金錢,,,,,,,,,,
75,劉航遠,111年高雄市議員選舉,首次申報,1111103,個人捐贈收入,楊佳欣,,5000.00,0.00,匯款,1111103,,,金錢,高雄市林園區****,,,,,,,,,
76,劉航遠,111年高雄市議員選舉,首次申報,1111103,個人捐贈收入,沈麗紅,E22*******,30000.00,0.00,現金,1111103,,,金錢,臺中市南區學****,,,,,,,,,
77,劉航遠,111年高雄市議員選舉,首次申報,1111103,個人捐贈收入,賴韻如,L22*******,30000.00,0.00,匯款,1111103,,,金錢,高雄市鳥松區****,,,,,,,,,
78,劉航遠,111年高雄市議員選舉,首次申報,1111107,個人捐贈收入,陳厚琮,R12*******,10000.00,0.00,匯款,1111107,,,金錢,高雄市左營區****,,,,,,,,,
79,劉航遠,111年高雄市議員選舉,首次申報,1111117,個人捐贈收入,匿名,,5000.00,0.00,匯款,1111117,,,金錢,高雄市鳥松區****,,,,,,,,,
80,劉航遠,111年高雄市議員選舉,首次申報,1111117,個人捐贈收入,陳昱達,P12*******,5000.00,0.00,匯款,1111117,,,金錢,高雄市三民區****,,,,,,,,,
81,劉航遠,111年高雄市議員選舉,首次申報,1111122,個人捐贈收入,沈麗紅,,30000.00,0.00,匯款,1111122,,,金錢,臺中市南區學****,,,,,,,,,
82,劉航遠,111年高雄市議員選舉,首次申報,1111123,個人捐贈收入,周怡如,,3000.00,0.00,匯款,1111123,,,金錢,高雄市大樹區****,0986*****,,,,,,,,
83,劉航遠,111年高雄市議員選舉,首次申報,1111221,其他收入,利息收入,,83.00,0.00,匯款,1111221,,,金錢,,,,,,,,,,
