﻿序號,擬參選人／政黨,選舉名稱,申報序號／年度,交易日期,收支科目,捐贈者／支出對象,身分證／統一編號,收入金額,支出金額,捐贈方式,存入專戶日期,返還/繳庫,支出用途,金錢類,地址,聯絡電話,應揭露之支出對象,支出對象之內部人員姓名,支出對象之內部人員職稱,政黨之內部人員姓名,政黨之內部人員職稱,關係,更正註記,資料更正日期
1,蔡明昌,111年臺中市南區新榮里里長選舉,首次申報,1110913,匿名捐贈,匿名,,100.00,0.00,匯款,1110913,,,金錢,,,,,,,,,,
2,蔡明昌,111年臺中市南區新榮里里長選舉,首次申報,1111011,個人捐贈收入,何世煌,,10000.00,0.00,匯款,1111011,,,金錢,臺中市西屯區****,,,,,,,,,
3,蔡明昌,111年臺中市南區新榮里里長選舉,首次申報,1111020,個人捐贈收入,王士瑜,C12*******,10000.00,0.00,匯款,1111020,,,金錢,高雄市苓雅區****,0933*****,,,,,,,,
4,蔡明昌,111年臺中市南區新榮里里長選舉,首次申報,1111111,營利事業捐贈收入,三禹工業有限公司,70653003,10000.00,0.00,現金,1111118,,,金錢,臺中市太平區****,0422*****,,,,,,,,
5,蔡明昌,111年臺中市南區新榮里里長選舉,首次申報,1111118,營利事業捐贈收入,聯興商號,51934813,6666.00,0.00,現金,1111118,,,金錢,臺中市東區樂****,0935*****,,,,,,,,
