﻿序號,擬參選人／政黨,選舉名稱,申報序號／年度,交易日期,收支科目,捐贈者／支出對象,身分證／統一編號,收入金額,支出金額,支出用途,金錢類,地址,聯絡電話,資料更正日期
1,楊霈璿,107年縣(市)議員選舉,首次申報,1071028,宣傳支出,金玉堂禮品行,26182954,0.00,3000.00,製作宣傳廣告支出,金錢,金門縣金城鎮****,,
2,楊霈璿,107年縣(市)議員選舉,首次申報,1071101,宣傳支出,印盛,20105312,0.00,6000.00,製作宣傳廣告支出,金錢,金門縣金城鎮****,,
3,楊霈璿,107年縣(市)議員選舉,首次申報,1071103,宣傳支出,印盛,20105312,0.00,3000.00,製作宣傳廣告支出,金錢,金門縣金城鎮****,,
4,楊霈璿,107年縣(市)議員選舉,首次申報,1071120,宣傳支出,世界窗廣告,87951884,0.00,15000.00,製作宣傳廣告支出,金錢,金門縣金寧鄉****,,
