﻿序號,擬參選人／政黨,選舉名稱,申報序號／年度,交易日期,收支科目,捐贈者／支出對象,身分證／統一編號,收入金額,支出金額,捐贈方式,存入專戶日期,返還/繳庫,支出用途,金錢類,地址,聯絡電話,應揭露之支出對象,支出對象之內部人員姓名,支出對象之內部人員職稱,政黨之內部人員姓名,政黨之內部人員職稱,關係,更正註記,資料更正日期
1,劉美芳,111年新北市議員選舉,首次申報,1110727,個人捐贈收入,許凱霖,F12*******,200.00,0.00,匯款,1110727,,,金錢,新北市板橋區****,0933*****,,,,,,,,
2,劉美芳,111年新北市議員選舉,首次申報,1110817,個人捐贈收入,程立全,P12*******,100000.00,0.00,匯款,1110817,,,金錢,臺北市中山區****,0911*****,,,,,,,,
3,劉美芳,111年新北市議員選舉,首次申報,1110826,個人捐贈收入,廖繼堯,F12*******,100000.00,0.00,匯款,1110826,,,金錢,新北市中和區****,0922*****,,,,,,,,
4,劉美芳,111年新北市議員選舉,首次申報,1110826,個人捐贈收入,陳誼萍,Q22*******,20000.00,0.00,匯款,1110826,,,金錢,臺北市光復南****,0922*****,,,,,,,,
5,劉美芳,111年新北市議員選舉,首次申報,1110905,個人捐贈收入,林舜敏,B22*******,12000.00,0.00,匯款,1110905,,,金錢,新北市板橋區****,0917*****,,,,,,,,
6,劉美芳,111年新北市議員選舉,首次申報,1110916,匿名捐贈,潘文玲,,8000.00,0.00,現金,1110916,,,金錢,,,,,,,,,,
7,劉美芳,111年新北市議員選舉,首次申報,1110916,個人捐贈收入,宋挺惶,F12*******,100000.00,0.00,現金,1110916,,,金錢,新北市板橋區****,0989*****,,,,,,,,
8,劉美芳,111年新北市議員選舉,首次申報,1110923,營利事業捐贈收入,文林開發股份有限公司,90510567,100000.00,0.00,匯款,1110923,已返還,,金錢,臺北市南京東****,02-2*****,,,,,,,,
9,劉美芳,111年新北市議員選舉,首次申報,1110928,個人捐贈收入,江美綾,A22*******,20000.00,0.00,現金,1110928,,,金錢,新北市板橋區****,0935*****,,,,,,,,
10,劉美芳,111年新北市議員選舉,首次申報,1110928,個人捐贈收入,黃仕勛,S12*******,50000.00,0.00,現金,1110928,,,金錢,高雄市三民區****,0928*****,,,,,,,,
11,劉美芳,111年新北市議員選舉,首次申報,1111006,匿名捐贈,謝鵬揚,,10000.00,0.00,現金,1111006,,,金錢,,,,,,,,,,
12,劉美芳,111年新北市議員選舉,首次申報,1111007,個人捐贈收入,王燕光,F12*******,100000.00,0.00,匯款,1111007,,,金錢,新北市板橋區****,0955*****,,,,,,,,
13,劉美芳,111年新北市議員選舉,首次申報,1111013,個人捐贈收入,葉家瑋,N12*******,10000.00,0.00,匯款,1111013,,,金錢,新北市板橋區****,0952*****,,,,,,,,
14,劉美芳,111年新北市議員選舉,首次申報,1111019,個人捐贈收入,王人德,F12*******,66000.00,0.00,匯款,1111019,,,金錢,新北市中和區****,0916*****,,,,,,,,
15,劉美芳,111年新北市議員選舉,首次申報,1111020,匿名捐贈,匿名,,2000.00,0.00,現金,1111020,,,金錢,,,,,,,,,,
16,劉美芳,111年新北市議員選舉,首次申報,1111020,匿名捐贈,謝學正,,10000.00,0.00,匯款,1111020,,,金錢,,,,,,,,,,
17,劉美芳,111年新北市議員選舉,首次申報,1111021,匿名捐贈,鄭正一,,600.00,0.00,現金,1111021,,,金錢,,,,,,,,,,
18,劉美芳,111年新北市議員選舉,首次申報,1111021,匿名捐贈,劉和勢,,2000.00,0.00,現金,1111021,,,金錢,,,,,,,,,,
19,劉美芳,111年新北市議員選舉,首次申報,1111021,個人捐贈收入,吳春明,F10*******,30000.00,0.00,匯款,1111021,,,金錢,新北市土城區****,0931*****,,,,,,,,
20,劉美芳,111年新北市議員選舉,首次申報,1111021,個人捐贈收入,郭智仁,G12*******,10000.00,0.00,現金,1111021,,,金錢,新北市板橋區****,0922*****,,,,,,,,
21,劉美芳,111年新北市議員選舉,首次申報,1111024,匿名捐贈,呂秋敏,,3200.00,0.00,現金,1111024,,,金錢,,,,,,,,,,
22,劉美芳,111年新北市議員選舉,首次申報,1111024,匿名捐贈,陳瑋倫,,10000.00,0.00,現金,1111024,,,金錢,,,,,,,,,,
23,劉美芳,111年新北市議員選舉,首次申報,1111024,匿名捐贈,廖金對,,6000.00,0.00,現金,1111024,,,金錢,,,,,,,,,,
24,劉美芳,111年新北市議員選舉,首次申報,1111024,匿名捐贈,鄭有義,,1000.00,0.00,現金,1111024,,,金錢,,,,,,,,,,
25,劉美芳,111年新北市議員選舉,首次申報,1111024,匿名捐贈,林素杏,,2000.00,0.00,現金,1111024,,,金錢,,,,,,,,,,
26,劉美芳,111年新北市議員選舉,首次申報,1111024,匿名捐贈,陳黃逽,,2000.00,0.00,現金,1111024,,,金錢,,,,,,,,,,
27,劉美芳,111年新北市議員選舉,首次申報,1111024,匿名捐贈,陳玉蘭,,2000.00,0.00,現金,1111024,,,金錢,,,,,,,,,,
28,劉美芳,111年新北市議員選舉,首次申報,1111024,匿名捐贈,金春宏,,3000.00,0.00,現金,1111024,,,金錢,,,,,,,,,,
29,劉美芳,111年新北市議員選舉,首次申報,1111024,營利事業捐贈收入,捷藝設計有限公司,90350787,50000.00,0.00,匯款,1111024,,,金錢,臺北市信義區****,0933*****,,,,,,,,
30,劉美芳,111年新北市議員選舉,首次申報,1111026,人民團體捐贈收入,社團法人新北市牙醫師公會,,30000.00,0.00,票據,1111026,,,金錢,新北市板橋區****,02-8*****,,,,,,,,
31,劉美芳,111年新北市議員選舉,首次申報,1111026,個人捐贈收入,詹益寧建築師事務所,87902603,30000.00,0.00,匯款,1111026,,,金錢,臺南市安平區****,0928*****,,,,,,,,
32,劉美芳,111年新北市議員選舉,首次申報,1111027,營利事業捐贈收入,嘉廷建設股份有限公司,28031996,100000.00,0.00,現金,1111027,,,金錢,新北市中和區****,02-2*****,,,,,,,,
33,劉美芳,111年新北市議員選舉,首次申報,1111027,個人捐贈收入,劉吉秀,B10*******,100000.00,0.00,現金,1111027,,,金錢,臺北市大安區****,02-2*****,,,,,,,,
34,劉美芳,111年新北市議員選舉,首次申報,1111027,個人捐贈收入,高旭興,F12*******,100000.00,0.00,現金,1111027,,,金錢,新北市板橋區****,02-2*****,,,,,,,,
35,劉美芳,111年新北市議員選舉,首次申報,1111027,個人捐贈收入,楊王素桂,F20*******,100000.00,0.00,現金,1111027,,,金錢,新北市板橋區****,0972*****,,,,,,,,
36,劉美芳,111年新北市議員選舉,首次申報,1111027,個人捐贈收入,陳葦穎,F22*******,100000.00,0.00,現金,1111027,,,金錢,新北市板橋區****,02-2*****,,,,,,,,
37,劉美芳,111年新北市議員選舉,首次申報,1111027,個人捐贈收入,陳品蓁,F22*******,30000.00,0.00,現金,1111027,,,金錢,臺北市北投區****,0916*****,,,,,,,,
38,劉美芳,111年新北市議員選舉,首次申報,1111027,個人捐贈收入,陳美岑,G22*******,100000.00,0.00,現金,1111027,,,金錢,新北市板橋區****,02-2*****,,,,,,,,
39,劉美芳,111年新北市議員選舉,首次申報,1111027,個人捐贈收入,潘芳玲,J22*******,100000.00,0.00,現金,1111027,,,金錢,新北市板橋區****,02-2*****,,,,,,,,
40,劉美芳,111年新北市議員選舉,首次申報,1111027,個人捐贈收入,楊芳佳,L22*******,100000.00,0.00,現金,1111027,,,金錢,新北市板橋區****,0905*****,,,,,,,,
41,劉美芳,111年新北市議員選舉,首次申報,1111027,個人捐贈收入,楊雅婷,M22*******,100000.00,0.00,現金,1111027,,,金錢,新北市土城區****,02-2*****,,,,,,,,
42,劉美芳,111年新北市議員選舉,首次申報,1111027,個人捐贈收入,王淑芳,T22*******,100000.00,0.00,現金,1111027,,,金錢,新北市樹林區****,02-2*****,,,,,,,,
43,劉美芳,111年新北市議員選舉,首次申報,1111102,匿名捐贈,鄭正輝,,2000.00,0.00,現金,1111102,,,金錢,,,,,,,,,,
44,劉美芳,111年新北市議員選舉,首次申報,1111102,匿名捐贈,池玉皎,,6000.00,0.00,現金,1111102,,,金錢,,,,,,,,,,
45,劉美芳,111年新北市議員選舉,首次申報,1111102,匿名捐贈,陳昱穎,,6000.00,0.00,現金,1111102,,,金錢,,,,,,,,,,
46,劉美芳,111年新北市議員選舉,首次申報,1111102,個人捐贈收入,許汝明,F12*******,3000.00,0.00,現金,1111102,,,金錢,新北市板橋區****,0989*****,,,,,,,,
47,劉美芳,111年新北市議員選舉,首次申報,1111102,個人捐贈收入,張家伶,F22*******,10000.00,0.00,現金,1111102,,,金錢,新北市板橋區****,0939*****,,,,,,,,
48,劉美芳,111年新北市議員選舉,首次申報,1111102,個人捐贈收入,林松吉,N10*******,16800.00,0.00,現金,1111102,,,金錢,新北市板橋區****,0936*****,,,,,,,,
49,劉美芳,111年新北市議員選舉,首次申報,1111102,個人捐贈收入,許樹勳,U10*******,3000.00,0.00,現金,1111102,,,金錢,臺北市大同區****,0932*****,,,,,,,,
50,劉美芳,111年新北市議員選舉,首次申報,1111104,匿名捐贈,匿名,,10000.00,0.00,現金,1111104,,,金錢,,,,,,,,,,
51,劉美芳,111年新北市議員選舉,首次申報,1111108,個人捐贈收入,王桂英,F20*******,20000.00,0.00,現金,1111108,,,金錢,新北市板橋區****,02-2*****,,,,,,,,
52,劉美芳,111年新北市議員選舉,首次申報,1111109,個人捐贈收入,陳春香,A22*******,2000.00,0.00,現金,1111109,,,金錢,新北市中和區****,02-2*****,,,,,,,,
53,劉美芳,111年新北市議員選舉,首次申報,1111109,個人捐贈收入,洪哖,C20*******,100000.00,0.00,現金,1111109,,,金錢,新北市中和區****,0935*****,,,,,,,,
54,劉美芳,111年新北市議員選舉,首次申報,1111109,個人捐贈收入,張業祺,E22*******,2000.00,0.00,現金,1111109,,,金錢,新北市永和區****,02-2*****,,,,,,,,
55,劉美芳,111年新北市議員選舉,首次申報,1111109,個人捐贈收入,紀宏廷,F12*******,100000.00,0.00,現金,1111109,,,金錢,新北市板橋區****,0932*****,,,,,,,,
56,劉美芳,111年新北市議員選舉,首次申報,1111109,個人捐贈收入,劉秀霞,F20*******,100000.00,0.00,現金,1111109,,,金錢,新北市板橋區****,02-2*****,,,,,,,,
57,劉美芳,111年新北市議員選舉,首次申報,1111109,個人捐贈收入,蘇謝美妙,N20*******,2000.00,0.00,現金,1111109,,,金錢,新北市永和區****,02-2*****,,,,,,,,
58,劉美芳,111年新北市議員選舉,首次申報,1111109,個人捐贈收入,許寶惜,N22*******,2000.00,0.00,現金,1111109,,,金錢,新北市永和區****,02-2*****,,,,,,,,
59,劉美芳,111年新北市議員選舉,首次申報,1111109,個人捐贈收入,許均帆,P12*******,2000.00,0.00,現金,1111109,,,金錢,臺北市萬華區****,02-2*****,,,,,,,,
60,劉美芳,111年新北市議員選舉,首次申報,1111110,營利事業捐贈收入,湘妮有限公司,80630557,50000.00,0.00,現金,1111110,,,金錢,新北市中和區****,02-2*****,,,,,,,,
61,劉美芳,111年新北市議員選舉,首次申報,1111110,個人捐贈收入,陳淑芬,E20*******,10000.00,0.00,現金,1111110,,,金錢,新北市板橋區****,0933*****,,,,,,,,
62,劉美芳,111年新北市議員選舉,首次申報,1111110,個人捐贈收入,柯仁杰,F10*******,100000.00,0.00,現金,1111110,,,金錢,新北市板橋區****,0937*****,,,,,,,,
63,劉美芳,111年新北市議員選舉,首次申報,1111110,個人捐贈收入,張榆弦,F22*******,100000.00,0.00,現金,1111110,,,金錢,新北市板橋區****,0932*****,,,,,,,,
64,劉美芳,111年新北市議員選舉,首次申報,1111110,個人捐贈收入,張瑞進,H10*******,100000.00,0.00,現金,1111110,,,金錢,新北市板橋區****,0937*****,,,,,,,,
65,劉美芳,111年新北市議員選舉,首次申報,1111111,營利事業捐贈收入,國寶事業股份有限公司,53695676,200000.00,0.00,票據,1111111,,,金錢,新北市三峽區****,02-2*****,,,,,,,,
66,劉美芳,111年新北市議員選舉,首次申報,1111115,個人捐贈收入,劉資堅,F12*******,20000.00,0.00,匯款,1111115,,,金錢,新北市板橋區****,0910*****,,,,,,,,
67,劉美芳,111年新北市議員選舉,首次申報,1111116,人民團體捐贈收入,台北市自助儲物空間商業同業公會,,20000.00,0.00,匯款,1111116,,,金錢,臺北市中正區****,02-2*****,,,,,,,,
68,劉美芳,111年新北市議員選舉,首次申報,1111116,匿名捐贈,匿名,,10000.00,0.00,現金,1111116,,,金錢,,,,,,,,,,
69,劉美芳,111年新北市議員選舉,首次申報,1111118,個人捐贈收入,張正鳴,A12*******,60000.00,0.00,現金,1111118,,,金錢,新北市板橋區****,0936*****,,,,,,,,
70,劉美芳,111年新北市議員選舉,首次申報,1111123,人民團體捐贈收入,新北市驗光師公會,,50000.00,0.00,現金,1111123,,,金錢,新北市中和區****,02-2*****,,,,,,,,
71,劉美芳,111年新北市議員選舉,首次申報,1111123,營利事業捐贈收入,新昌建設股份有限公司,86631505,300000.00,0.00,匯款,1111123,,,金錢,新北市板橋區****,02-2*****,,,,,,,,
72,劉美芳,111年新北市議員選舉,首次申報,1111123,個人捐贈收入,黃文鵬,F12*******,40000.00,0.00,匯款,1111123,,,金錢,新北市五股區****,0932*****,,,,,,,,
73,劉美芳,111年新北市議員選舉,首次申報,1111124,個人捐贈收入,紀淳獻,A12*******,100000.00,0.00,匯款,1111124,,,金錢,新北市板橋區****,0968*****,,,,,,,,
74,劉美芳,111年新北市議員選舉,首次申報,1111125,人民團體捐贈收入,中華民國電機技師公會,,20000.00,0.00,票據,1111125,,,金錢,臺北市大安區****,02-2*****,,,,,,,,
75,劉美芳,111年新北市議員選舉,首次申報,1111125,營利事業捐贈收入,萬事發廣告公司,23120549,1000.00,0.00,現金,1111125,,,金錢,臺北市文山區****,02-8*****,,,,,,,,
76,劉美芳,111年新北市議員選舉,首次申報,1111125,個人捐贈收入,陳瑋婷,A22*******,3000.00,0.00,現金,1111125,,,金錢,新北市板橋區****,0932*****,,,,,,,,
77,劉美芳,111年新北市議員選舉,首次申報,1111125,個人捐贈收入,李長瓏,I10*******,20000.00,0.00,現金,1111125,,,金錢,新北市板橋區****,0987*****,,,,,,,,
78,劉美芳,111年新北市議員選舉,首次申報,1111221,其他收入,存款息,,467.00,0.00,匯款,,,,金錢,,,,,,,,,,
