﻿序號,擬參選人／政黨,選舉名稱,申報序號／年度,交易日期,收支科目,捐贈者／支出對象,身分證／統一編號,收入金額,支出金額,捐贈方式,存入專戶日期,返還/繳庫,支出用途,金錢類,地址,聯絡電話,應揭露之支出對象,支出對象之內部人員姓名,支出對象之內部人員職稱,政黨之內部人員姓名,政黨之內部人員職稱,關係,更正註記,資料更正日期
1,鄭朝鐘,111年新竹縣議員選舉,首次申報,1110727,個人捐贈收入,曾冬玉,J20*******,10000.00,0.00,現金,1110727,,,金錢,新竹縣竹東鎮****,,,,,,,,,
2,鄭朝鐘,111年新竹縣議員選舉,首次申報,1110812,個人捐贈收入,張佩琪,Y22*******,2000.00,0.00,現金,1110812,,,金錢,新竹縣竹東鎮****,,,,,,,,,
3,鄭朝鐘,111年新竹縣議員選舉,首次申報,1110816,個人捐贈收入,李知錞,J12*******,18000.00,0.00,匯款,1110816,,,金錢,新竹縣竹東鎮****,,,,,,,,,
4,鄭朝鐘,111年新竹縣議員選舉,首次申報,1110819,個人捐贈收入,林翰,U12*******,5000.00,0.00,匯款,1110819,,,金錢,新北市萬里區****,,,,,,,,,
5,鄭朝鐘,111年新竹縣議員選舉,首次申報,1110824,營利事業捐贈收入,貝台投資顧問有限公司,54980500,300000.00,0.00,匯款,1110824,,,金錢,新竹縣竹東鎮****,,,,,,,,,
6,鄭朝鐘,111年新竹縣議員選舉,首次申報,1110831,個人捐贈收入,江志偉,J12*******,17500.00,0.00,,,,,非金錢,新竹縣寶山鄉****,,,,,,,,,
7,鄭朝鐘,111年新竹縣議員選舉,首次申報,1110906,匿名捐贈,匿名,,5000.00,0.00,匯款,1110906,,,金錢,,,,,,,,,,
8,鄭朝鐘,111年新竹縣議員選舉,首次申報,1110907,匿名捐贈,匿名,,10000.00,0.00,匯款,1110907,,,金錢,,,,,,,,,,
9,鄭朝鐘,111年新竹縣議員選舉,首次申報,1110907,個人捐贈收入,鄭忠義,F10*******,100000.00,0.00,現金,1110907,,,金錢,新竹縣芎林鄉****,,,,,,,,,
10,鄭朝鐘,111年新竹縣議員選舉,首次申報,1111001,個人捐贈收入,林百年,,12000.00,0.00,匯款,1111001,,,金錢,新竹縣竹北市****,,,,,,,,,
11,鄭朝鐘,111年新竹縣議員選舉,首次申報,1111001,個人捐贈收入,林祺堯,J10*******,10000.00,0.00,現金,1111004,,,金錢,新竹縣竹東鎮****,,,,,,,,,
12,鄭朝鐘,111年新竹縣議員選舉,首次申報,1111001,個人捐贈收入,湯津芝,J20*******,10000.00,0.00,現金,1111004,,,金錢,新竹縣竹東鎮****,,,,,,,,,
13,鄭朝鐘,111年新竹縣議員選舉,首次申報,1111003,匿名捐贈,范上林,,2000.00,0.00,匯款,1111003,,,金錢,,,,,,,,,,
14,鄭朝鐘,111年新竹縣議員選舉,首次申報,1111012,個人捐贈收入,熊國佑,L12*******,100000.00,0.00,匯款,1111012,,,金錢,臺中市神岡區****,,,,,,,,,
15,鄭朝鐘,111年新竹縣議員選舉,首次申報,1111012,個人捐贈收入,黃佩玉,T22*******,50000.00,0.00,匯款,1111012,,,金錢,屏東縣屏東市****,,,,,,,,,
16,鄭朝鐘,111年新竹縣議員選舉,首次申報,1111018,個人捐贈收入,葉佳鑫,J12*******,30000.00,0.00,現金,1111019,,,金錢,臺北市大安區****,,,,,,,,,
17,鄭朝鐘,111年新竹縣議員選舉,首次申報,1111021,個人捐贈收入,馮國華,B22*******,50000.00,0.00,匯款,1111021,,,金錢,臺北市中正區****,,,,,,,,,
18,鄭朝鐘,111年新竹縣議員選舉,首次申報,1111031,人民團體捐贈收入,台灣科學教育文化協會,,50000.00,0.00,現金,1111031,,,金錢,臺北市中正區****,02-2*****,,,,,,,,
19,鄭朝鐘,111年新竹縣議員選舉,首次申報,1111104,個人捐贈收入,蕭葦駿,F12*******,30000.00,0.00,現金,1111104,,,金錢,新竹縣竹東鎮****,,,,,,,,,
20,鄭朝鐘,111年新竹縣議員選舉,首次申報,1111115,個人捐贈收入,高玉千,P22*******,50000.00,0.00,現金,1111115,,,金錢,新竹縣竹東鎮****,,,,,,,,,
