﻿序號,擬參選人／政黨,選舉名稱,申報序號／年度,交易日期,收支科目,捐贈者／支出對象,身分證／統一編號,收入金額,支出金額,捐贈方式,存入專戶日期,返還/繳庫,支出用途,金錢類,地址,聯絡電話,應揭露之支出對象,支出對象之內部人員姓名,支出對象之內部人員職稱,政黨之內部人員姓名,政黨之內部人員職稱,關係,更正註記,資料更正日期
1,陳麗娜,111年高雄市議員選舉,首次申報,1110922,匿名捐贈,匿名,,500.00,0.00,匯款,1110922,,,金錢,,,,,,,,,,
2,陳麗娜,111年高雄市議員選舉,首次申報,1110922,個人捐贈收入,蘇信團,E12*******,30000.00,0.00,匯款,1110922,,,金錢,高雄市前鎮區****,0934*****,,,,,,,,
3,陳麗娜,111年高雄市議員選舉,首次申報,1110922,個人捐贈收入,顏梅芳,E22*******,10000.00,0.00,匯款,1110922,,,金錢,高雄市左營區****,0960*****,,,,,,,,
4,陳麗娜,111年高雄市議員選舉,首次申報,1110923,匿名捐贈,匿名,,5000.00,0.00,匯款,1110923,,,金錢,,,,,,,,,,
5,陳麗娜,111年高雄市議員選舉,首次申報,1110923,營利事業捐贈收入,佑神電子遊戲場業股份有限公司,89411961,200000.00,0.00,匯款,1110923,,,金錢,高雄市前金區****,07-2*****,,,,,,,,
6,陳麗娜,111年高雄市議員選舉,首次申報,1110926,個人捐贈收入,張斈呈,E12*******,2000.00,0.00,匯款,1110926,,,金錢,高雄市小港區****,0989*****,,,,,,,,
7,陳麗娜,111年高雄市議員選舉,首次申報,1110926,個人捐贈收入,莊瑞瑉,S12*******,20000.00,0.00,匯款,1110926,,,金錢,高雄市大寮區****,0929*****,,,,,,,,
8,陳麗娜,111年高雄市議員選舉,首次申報,1110927,營利事業捐贈收入,高雄市小港區漁會漁船加油站,08934068,200000.00,0.00,匯款,1110927,,,金錢,高雄市小港區****,0782*****,,,,,,,,
9,陳麗娜,111年高雄市議員選舉,首次申報,1110929,個人捐贈收入,吳義興,S10*******,10000.00,0.00,匯款,1110929,,,金錢,高雄市小港區****,0787*****,,,,,,,,
10,陳麗娜,111年高雄市議員選舉,首次申報,1110929,個人捐贈收入,盧大泓,S10*******,10000.00,0.00,匯款,1110929,,,金錢,高雄市小港區****,0932*****,,,,,,,,
11,陳麗娜,111年高雄市議員選舉,首次申報,1110930,個人捐贈收入,黃鏞霖,S12*******,20000.00,0.00,現金,1110930,,,金錢,高雄市小港區****,0931*****,,,,,,,,
12,陳麗娜,111年高雄市議員選舉,首次申報,1110930,個人捐贈收入,周瑞明,S12*******,100000.00,0.00,現金,1110930,,,金錢,屏東縣麟洛鄉****,0920*****,,,,,,,,
13,陳麗娜,111年高雄市議員選舉,首次申報,1110930,個人捐贈收入,徐翠梅,T22*******,100000.00,0.00,現金,1110930,,,金錢,屏東縣麟洛鄉****,0921*****,,,,,,,,
14,陳麗娜,111年高雄市議員選舉,首次申報,1111005,營利事業捐贈收入,私立健嘉升學文理短期補習班,25960933,2000.00,0.00,現金,1111005,,,金錢,高雄市前鎮區****,0771*****,,,,,,,,
15,陳麗娜,111年高雄市議員選舉,首次申報,1111005,營利事業捐贈收入,易禾事業股份有限公司,59607003,3000.00,0.00,現金,1111005,已返還,,金錢,高雄市前鎮區****,0771*****,,,,,,,,
16,陳麗娜,111年高雄市議員選舉,首次申報,1111005,個人捐贈收入,段超仁,A12*******,2000.00,0.00,匯款,1111005,,,金錢,高雄市小港區****,0981*****,,,,,,,,
17,陳麗娜,111年高雄市議員選舉,首次申報,1111005,個人捐贈收入,龔恒逸,E12*******,1000.00,0.00,匯款,1111005,,,金錢,高雄市苓雅區****,0986*****,,,,,,,,
18,陳麗娜,111年高雄市議員選舉,首次申報,1111005,個人捐贈收入,吳思翰,E12*******,1000.00,0.00,匯款,1111005,,,金錢,高雄市小港區****,0977*****,,,,,,,,
19,陳麗娜,111年高雄市議員選舉,首次申報,1111005,個人捐贈收入,梁景祥,E12*******,200.00,0.00,匯款,1111005,,,金錢,高雄市小港區****,0955*****,,,,,,,,
20,陳麗娜,111年高雄市議員選舉,首次申報,1111005,個人捐贈收入,陳俊言,E12*******,3000.00,0.00,匯款,1111005,,,金錢,高雄市小港區****,0927*****,,,,,,,,
21,陳麗娜,111年高雄市議員選舉,首次申報,1111005,個人捐贈收入,蔣玉清,E12*******,3000.00,0.00,匯款,1111005,,,金錢,高雄市前鎮區****,0929*****,,,,,,,,
22,陳麗娜,111年高雄市議員選舉,首次申報,1111005,個人捐贈收入,林佳朋,E12*******,2000.00,0.00,匯款,1111005,,,金錢,高雄市小港區****,0976*****,,,,,,,,
23,陳麗娜,111年高雄市議員選舉,首次申報,1111005,個人捐贈收入,張仁亭,E22*******,500.00,0.00,匯款,1111005,,,金錢,高雄市大寮區****,0976*****,,,,,,,,
24,陳麗娜,111年高雄市議員選舉,首次申報,1111005,個人捐贈收入,曾智鴻,T12*******,2000.00,0.00,匯款,1111005,,,金錢,高雄市小港區****,0980*****,,,,,,,,
25,陳麗娜,111年高雄市議員選舉,首次申報,1111005,個人捐贈收入,陳奕秀,T22*******,3000.00,0.00,現金,1111005,,,金錢,高雄市前鎮區****,0925*****,,,,,,,,
26,陳麗娜,111年高雄市議員選舉,首次申報,1111005,個人捐贈收入,洪順利,X10*******,1000.00,0.00,匯款,1111005,,,金錢,高雄市小港區****,0937*****,,,,,,,,
27,陳麗娜,111年高雄市議員選舉,首次申報,1111006,個人捐贈收入,林政良,E12*******,40000.00,0.00,現金,1111006,,,金錢,高雄市三民區****,0733*****,,,,,,,,
28,陳麗娜,111年高雄市議員選舉,首次申報,1111007,個人捐贈收入,鄭志強,P12*******,100000.00,0.00,現金,1111007,,,金錢,高雄市小港區****,0932*****,,,,,,,,
29,陳麗娜,111年高雄市議員選舉,首次申報,1111007,個人捐贈收入,蘇駿楓,T12*******,100000.00,0.00,現金,1111007,,,金錢,高雄市左營區****,0971*****,,,,,,,,
30,陳麗娜,111年高雄市議員選舉,首次申報,1111011,營利事業捐贈收入,明庚企業行,06704815,50000.00,0.00,現金,1111011,,,金錢,高雄市小港區****,0980*****,,,,,,,,
31,陳麗娜,111年高雄市議員選舉,首次申報,1111011,個人捐贈收入,黃俊鈞,D12*******,100000.00,0.00,現金,1111011,,,金錢,臺南市東區文****,0921*****,,,,,,,,
32,陳麗娜,111年高雄市議員選舉,首次申報,1111011,個人捐贈收入,莊新化,S12*******,10000.00,0.00,現金,1111011,,,金錢,高雄市左營區****,0910*****,,,,,,,,
33,陳麗娜,111年高雄市議員選舉,首次申報,1111011,個人捐贈收入,楊瓊雪,S22*******,100000.00,0.00,現金,1111011,,,金錢,高雄市小港區****,0921*****,,,,,,,,
34,陳麗娜,111年高雄市議員選舉,首次申報,1111018,個人捐贈收入,張德明,E12*******,50000.00,0.00,現金,1111018,,,金錢,高雄市鹽埕區****,0937*****,,,,,,,,
35,陳麗娜,111年高雄市議員選舉,首次申報,1111018,個人捐贈收入,李映嬅,E22*******,10000.00,0.00,匯款,1111018,,,金錢,高雄市左營區****,0922*****,,,,,,,,
36,陳麗娜,111年高雄市議員選舉,首次申報,1111018,個人捐贈收入,姚素雲,L20*******,60000.00,0.00,票據,1111018,,,金錢,高雄市左營區****,0930*****,,,,,,,,
37,陳麗娜,111年高雄市議員選舉,首次申報,1111018,個人捐贈收入,樓秀惠,P22*******,10000.00,0.00,現金,1111018,,,金錢,高雄市左營區****,0933*****,,,,,,,,
38,陳麗娜,111年高雄市議員選舉,首次申報,1111018,個人捐贈收入,楊志宏,S12*******,100000.00,0.00,現金,1111018,,,金錢,高雄市小港區****,0929*****,,,,,,,,
39,陳麗娜,111年高雄市議員選舉,首次申報,1111018,個人捐贈收入,張千金,S22*******,100000.00,0.00,現金,1111018,,,金錢,高雄市小港區****,0936*****,,,,,,,,
40,陳麗娜,111年高雄市議員選舉,首次申報,1111020,營利事業捐贈收入,大宇生醫股份有限公司,55913753,50000.00,0.00,匯款,1111020,,,金錢,屏東縣屏東市****,0927*****,,,,,,,,
41,陳麗娜,111年高雄市議員選舉,首次申報,1111021,人民團體捐贈收入,高雄市中醫師公會,,50000.00,0.00,票據,1111021,,,金錢,高雄市鼓山區****,07-5*****,,,,,,,,
42,陳麗娜,111年高雄市議員選舉,首次申報,1111021,個人捐贈收入,顏錦汶,E12*******,100000.00,0.00,現金,1111021,,,金錢,高雄市新興區****,0728*****,,,,,,,,
43,陳麗娜,111年高雄市議員選舉,首次申報,1111024,人民團體捐贈收入,高雄市婦女會,,10000.00,0.00,現金,1111024,,,金錢,高雄市前金區****,0727*****,,,,,,,,
44,陳麗娜,111年高雄市議員選舉,首次申報,1111025,營利事業捐贈收入,璞厚廣告股份有限公司,54656166,500000.00,0.00,匯款,1111025,,,金錢,臺北市內湖區****,02-7*****,,,,,,,,
45,陳麗娜,111年高雄市議員選舉,首次申報,1111025,個人捐贈收入,王芯瑜,E22*******,50000.00,0.00,現金,1111025,,,金錢,高雄市小港區****,0932*****,,,,,,,,
46,陳麗娜,111年高雄市議員選舉,首次申報,1111025,個人捐贈收入,黃意雯,E22*******,50000.00,0.00,現金,1111025,,,金錢,高雄市大寮區****,0929*****,,,,,,,,
47,陳麗娜,111年高雄市議員選舉,首次申報,1111025,個人捐贈收入,涂輝春,S10*******,10000.00,0.00,匯款,1111025,,,金錢,高雄市小港區****,0933*****,,,,,,,,
48,陳麗娜,111年高雄市議員選舉,首次申報,1111026,營利事業捐贈收入,南鎮天然氣股份有限公司,86689421,50000.00,0.00,匯款,1111026,,,金錢,高雄市小港區****,07-8*****,,,,,,,,
49,陳麗娜,111年高雄市議員選舉,首次申報,1111027,個人捐贈收入,楊炳輝,R12*******,10000.00,0.00,現金,1111027,,,金錢,高雄市小港區****,0921*****,,,,,,,,
50,陳麗娜,111年高雄市議員選舉,首次申報,1111027,個人捐贈收入,許錦榮,S12*******,10000.00,0.00,現金,1111027,,,金錢,高雄市小港區****,0929*****,,,,,,,,
51,陳麗娜,111年高雄市議員選舉,首次申報,1111028,個人捐贈收入,李清霜,R12*******,100000.00,0.00,匯款,1111028,,,金錢,高雄市小港區****,0919*****,,,,,,,,
52,陳麗娜,111年高雄市議員選舉,首次申報,1111031,個人捐贈收入,黃鳳英,S22*******,100000.00,0.00,票據,1111031,,,金錢,高雄市小港區****,0937*****,,,,,,,,
53,陳麗娜,111年高雄市議員選舉,首次申報,1111101,個人捐贈收入,涂家彰,E12*******,6000.00,0.00,現金,1111101,,,金錢,高雄市左營區****,0919*****,,,,,,,,
54,陳麗娜,111年高雄市議員選舉,首次申報,1111101,個人捐贈收入,杜天梅,E22*******,100000.00,0.00,現金,1111101,,,金錢,高雄市新興區****,0920*****,,,,,,,,
55,陳麗娜,111年高雄市議員選舉,首次申報,1111102,個人捐贈收入,蕭福才,Q10*******,10000.00,0.00,現金,1111102,,,金錢,高雄市小港區****,07-8*****,,,,,,,,
56,陳麗娜,111年高雄市議員選舉,首次申報,1111103,個人捐贈收入,許善淳,A22*******,16000.00,0.00,現金,1111103,,,金錢,高雄市小港區****,0937*****,,,,,,,,
57,陳麗娜,111年高雄市議員選舉,首次申報,1111103,個人捐贈收入,吳文德,S10*******,100000.00,0.00,現金,1111103,,,金錢,高雄市小港區****,0921*****,,,,,,,,
58,陳麗娜,111年高雄市議員選舉,首次申報,1111104,營利事業捐贈收入,富誠加油站股份有限公司,16475930,100000.00,0.00,現金,1111104,,,金錢,高雄市前鎮區****,0932*****,,,,,,,,
59,陳麗娜,111年高雄市議員選舉,首次申報,1111104,營利事業捐贈收入,高茂空調機電有限公司,84719765,2000.00,0.00,現金,1111104,,,金錢,高雄市鼓山區****,0932*****,,,,,,,,
60,陳麗娜,111年高雄市議員選舉,首次申報,1111104,個人捐贈收入,鍾欽章,P10*******,100000.00,0.00,現金,1111104,,,金錢,高雄市小港區****,07-8*****,,,,,,,,
61,陳麗娜,111年高雄市議員選舉,首次申報,1111107,個人捐贈收入,康啟宗,E10*******,300.00,0.00,現金,1111107,,,金錢,高雄市前鎮區****,0955*****,,,,,,,,
62,陳麗娜,111年高雄市議員選舉,首次申報,1111107,個人捐贈收入,張銘誌,E10*******,2000.00,0.00,現金,1111107,,,金錢,高雄市三民區****,0962*****,,,,,,,,
63,陳麗娜,111年高雄市議員選舉,首次申報,1111107,個人捐贈收入,錢耀光,E12*******,20000.00,0.00,現金,1111107,,,金錢,高雄市前鎮區****,0935*****,,,,,,,,
64,陳麗娜,111年高雄市議員選舉,首次申報,1111107,個人捐贈收入,宋瓊珠,E20*******,15000.00,0.00,現金,1111107,,,金錢,高雄市前鎮區****,0919*****,,,,,,,,
65,陳麗娜,111年高雄市議員選舉,首次申報,1111107,個人捐贈收入,沈彩鑾,P20*******,6000.00,0.00,現金,1111107,,,金錢,高雄市苓雅區****,0912*****,,,,,,,,
66,陳麗娜,111年高雄市議員選舉,首次申報,1111107,個人捐贈收入,黃翠娥,Q20*******,12000.00,0.00,現金,1111107,,,金錢,高雄市鹽埕區****,0937*****,,,,,,,,
67,陳麗娜,111年高雄市議員選舉,首次申報,1111107,個人捐贈收入,蘇啟富,S10*******,10000.00,0.00,現金,1111107,,,金錢,高雄市小港區****,0970*****,,,,,,,,
68,陳麗娜,111年高雄市議員選舉,首次申報,1111107,個人捐贈收入,吳進祥,S12*******,10000.00,0.00,現金,1111107,,,金錢,高雄市小港區****,0936*****,,,,,,,,
69,陳麗娜,111年高雄市議員選舉,首次申報,1111107,個人捐贈收入,蕭東成,T10*******,5000.00,0.00,現金,1111107,,,金錢,屏東縣潮州鎮****,0933*****,,,,,,,,
70,陳麗娜,111年高雄市議員選舉,首次申報,1111107,個人捐贈收入,鄭宗典,T12*******,10000.00,0.00,現金,1111107,,,金錢,高雄市小港區****,0989*****,,,,,,,,
71,陳麗娜,111年高雄市議員選舉,首次申報,1111108,匿名捐贈,匿名,,2000.00,0.00,現金,1111108,,,金錢,,,,,,,,,,
72,陳麗娜,111年高雄市議員選舉,首次申報,1111108,個人捐贈收入,李興吉,S12*******,10000.00,0.00,現金,1111108,,,金錢,高雄市前鎮區****,0987*****,,,,,,,,
73,陳麗娜,111年高雄市議員選舉,首次申報,1111109,個人捐贈收入,陳世勳,S12*******,100000.00,0.00,現金,1111109,,,金錢,高雄市前鎮區****,0932*****,,,,,,,,
74,陳麗娜,111年高雄市議員選舉,首次申報,1111109,個人捐贈收入,高晨凱,S12*******,10000.00,0.00,現金,1111109,,,金錢,高雄市小港區****,0953*****,,,,,,,,
75,陳麗娜,111年高雄市議員選舉,首次申報,1111110,個人捐贈收入,劉冠林,G12*******,100000.00,0.00,現金,1111110,,,金錢,高雄市三民區****,0929*****,,,,,,,,
76,陳麗娜,111年高雄市議員選舉,首次申報,1111111,營利事業捐贈收入,良欣實業有限公司,85817665,50000.00,0.00,票據,1111111,,,金錢,高雄市小港區****,0936*****,,,,,,,,
77,陳麗娜,111年高雄市議員選舉,首次申報,1111111,個人捐贈收入,楊宗力,Q10*******,20000.00,0.00,現金,1111111,,,金錢,高雄市小港區****,0932*****,,,,,,,,
78,陳麗娜,111年高雄市議員選舉,首次申報,1111114,匿名捐贈,匿名,,1000.00,0.00,現金,1111114,,,金錢,,,,,,,,,,
79,陳麗娜,111年高雄市議員選舉,首次申報,1111114,匿名捐贈,匿名,,2000.00,0.00,現金,1111114,,,金錢,,,,,,,,,,
80,陳麗娜,111年高雄市議員選舉,首次申報,1111114,匿名捐贈,匿名,,2000.00,0.00,現金,1111114,,,金錢,,,,,,,,,,
81,陳麗娜,111年高雄市議員選舉,首次申報,1111114,營利事業捐贈收入,宏海遊艇股份有限公司,27684688,50000.00,0.00,現金,1111114,,,金錢,高雄市大寮區****,07-7*****,,,,,,,,
82,陳麗娜,111年高雄市議員選舉,首次申報,1111114,營利事業捐贈收入,銘船機械股份有限公司,81206397,50000.00,0.00,現金,1111114,,,金錢,高雄市小港區****,07-8*****,,,,,,,,
83,陳麗娜,111年高雄市議員選舉,首次申報,1111114,個人捐贈收入,高盡忠,E10*******,50000.00,0.00,現金,1111114,,,金錢,高雄市前鎮區****,0915*****,,,,,,,,
84,陳麗娜,111年高雄市議員選舉,首次申報,1111114,個人捐贈收入,楊強發,E10*******,10000.00,0.00,匯款,1111114,,,金錢,高雄市三民區****,0910*****,,,,,,,,
85,陳麗娜,111年高雄市議員選舉,首次申報,1111114,個人捐贈收入,陳進泰,S10*******,2000.00,0.00,現金,1111114,,,金錢,高雄市小港區****,07-8*****,,,,,,,,
86,陳麗娜,111年高雄市議員選舉,首次申報,1111114,個人捐贈收入,李昭揚,S10*******,20000.00,0.00,現金,1111114,,,金錢,高雄市小港區****,07-8*****,,,,,,,,
87,陳麗娜,111年高雄市議員選舉,首次申報,1111115,個人捐贈收入,曾宜蓁,E20*******,1000.00,0.00,現金,1111115,,,金錢,高雄市楠梓區****,0937*****,,,,,,,,
88,陳麗娜,111年高雄市議員選舉,首次申報,1111115,個人捐贈收入,陳炯璋,Q10*******,10000.00,0.00,現金,1111115,,,金錢,高雄市小港區****,,,,,,,,,
89,陳麗娜,111年高雄市議員選舉,首次申報,1111115,個人捐贈收入,張土火,S10*******,30000.00,0.00,匯款,1111115,,,金錢,高雄市岡山區****,07-6*****,,,,,,,,
90,陳麗娜,111年高雄市議員選舉,首次申報,1111115,個人捐贈收入,葉秀鳳,U22*******,2000.00,0.00,現金,1111115,,,金錢,高雄市苓雅區****,,,,,,,,,
91,陳麗娜,111年高雄市議員選舉,首次申報,1111117,個人捐贈收入,楊慶良,S12*******,100000.00,0.00,現金,1111117,,,金錢,高雄市小港區****,0917*****,,,,,,,,
92,陳麗娜,111年高雄市議員選舉,首次申報,1111117,個人捐贈收入,黃天儒,S12*******,20000.00,0.00,現金,1111117,,,金錢,高雄市小港區****,0933*****,,,,,,,,
93,陳麗娜,111年高雄市議員選舉,首次申報,1111117,個人捐贈收入,蔣鳳嬅,V20*******,2000.00,0.00,現金,1111117,,,金錢,高雄市小港區****,0918*****,,,,,,,,
94,陳麗娜,111年高雄市議員選舉,首次申報,1111118,個人捐贈收入,李承軒,E12*******,2000.00,0.00,現金,1111118,,,金錢,高雄市新興區****,07-2*****,,,,,,,,
95,陳麗娜,111年高雄市議員選舉,首次申報,1111121,營利事業捐贈收入,立竑預拌股份有限公司,76344878,100000.00,0.00,現金,1111121,,,金錢,高雄市大寮區****,07-7*****,,,,,,,,
96,陳麗娜,111年高雄市議員選舉,首次申報,1111121,個人捐贈收入,顏志成,R10*******,10000.00,0.00,現金,1111121,,,金錢,高雄市三民區****,0929*****,,,,,,,,
97,陳麗娜,111年高雄市議員選舉,首次申報,1111121,個人捐贈收入,吳一良,S12*******,100000.00,0.00,現金,1111121,,,金錢,高雄市小港區****,0937*****,,,,,,,,
98,陳麗娜,111年高雄市議員選舉,首次申報,1111121,個人捐贈收入,吳洪佳女,S22*******,100000.00,0.00,現金,1111121,,,金錢,高雄市小港區****,0910*****,,,,,,,,
99,陳麗娜,111年高雄市議員選舉,首次申報,1111122,個人捐贈收入,許旭輝,P12*******,100000.00,0.00,現金,1111122,,,金錢,臺北市信義區****,0932*****,,,,,,,,
100,陳麗娜,111年高雄市議員選舉,首次申報,1111122,個人捐贈收入,張簡秀震,S10*******,10000.00,0.00,匯款,1111122,,,金錢,高雄市大寮區****,0910*****,,,,,,,,
101,陳麗娜,111年高雄市議員選舉,首次申報,1111124,營利事業捐贈收入,億發五金有限公司,24670606,10000.00,0.00,現金,1111124,,,金錢,高雄市前鎮區****,07-8*****,,,,,,,,
102,陳麗娜,111年高雄市議員選舉,首次申報,1111221,其他收入,利息收入,,244.00,0.00,現金,1111221,,,金錢,,,,,,,,,,
