﻿序號,擬參選人／政黨,選舉名稱,申報序號／年度,交易日期,收支科目,捐贈者／支出對象,身分證／統一編號,收入金額,支出金額,捐贈方式,存入專戶日期,返還/繳庫,支出用途,金錢類,地址,聯絡電話,應揭露之支出對象,支出對象之內部人員姓名,支出對象之內部人員職稱,政黨之內部人員姓名,政黨之內部人員職稱,關係,更正註記,資料更正日期
1,蕭富元,111年彰化縣永靖鄉鄉民代表選舉,首次申報,1110825,集會支出,阿讚爌肉飯,,0.00,4050.00,,,,餐飲費用,金錢,彰化縣溪湖鎮****,,否,,,,,,,
2,蕭富元,111年彰化縣永靖鄉鄉民代表選舉,首次申報,1110905,集會支出,阿讚爌肉飯,47319273,0.00,4675.00,,,,餐飲費用,金錢,彰化縣溪湖鎮****,,否,,,,,,,
3,蕭富元,111年彰化縣永靖鄉鄉民代表選舉,首次申報,1111101,集會支出,大塊排骨,13726316,0.00,4935.00,,,,餐飲費用,金錢,彰化縣溪湖鎮****,,否,,,,,,,
4,蕭富元,111年彰化縣永靖鄉鄉民代表選舉,首次申報,1111114,集會支出,心珍饌工作坊,92202290,0.00,3300.00,,,,餐飲費用,金錢,彰化縣溪湖鎮****,,否,,,,,,,
5,蕭富元,111年彰化縣永靖鄉鄉民代表選舉,首次申報,1111115,集會支出,品鮮土魠魚羹,98963113,0.00,2760.00,,,,餐飲費用,金錢,彰化縣溪湖鎮****,,否,,,,,,,
6,蕭富元,111年彰化縣永靖鄉鄉民代表選舉,首次申報,1111117,集會支出,葉興便當店,38929247,0.00,2080.00,,,,餐飲費用,金錢,彰化縣溪湖鎮****,,否,,,,,,,
7,蕭富元,111年彰化縣永靖鄉鄉民代表選舉,首次申報,1111201,集會支出,哈吉食堂,,0.00,2500.00,,,,餐飲費用,金錢,彰化縣溪湖鎮****,,否,,,,,,,
8,蕭富元,111年彰化縣永靖鄉鄉民代表選舉,首次申報,1111205,集會支出,品鮮土魠魚羹,98963113,0.00,4140.00,,,,餐飲費用,金錢,彰化縣溪湖鎮****,,否,,,,,,,
9,蕭富元,111年彰化縣永靖鄉鄉民代表選舉,首次申報,1111206,集會支出,大塊排骨,13726316,0.00,4225.00,,,,餐飲費用,金錢,彰化縣溪湖鎮****,,否,,,,,,,
