﻿序號,擬參選人／政黨,選舉名稱,申報序號／年度,交易日期,收支科目,捐贈者／支出對象,身分證／統一編號,收入金額,支出金額,捐贈方式,存入專戶日期,返還/繳庫,支出用途,金錢類,地址,聯絡電話,應揭露之支出對象,支出對象之內部人員姓名,支出對象之內部人員職稱,政黨之內部人員姓名,政黨之內部人員職稱,關係,更正註記,資料更正日期
1,鄭宇焱,111年彰化縣議員選舉,首次申報,1110429,宣傳支出,陳秀娟,N22*******,0.00,40000.00,,,,租用廣告看板或車體廣告費用,金錢,彰化縣永靖鄉****,0921*****,否,,,,,,,
2,鄭宇焱,111年彰化縣議員選舉,首次申報,1110502,雜支支出,員林鎖匙行,05932565,0.00,650.00,,,,雜項購置或修繕費用,金錢,彰化縣員林鎮****,04-8*****,否,,,,,,,
3,鄭宇焱,111年彰化縣議員選舉,首次申報,1110502,雜支支出,全方位食品五金百貨大賣場,53260927,0.00,1758.00,,,,文具用品費用,金錢,彰化縣員林市****,04-8*****,否,,,,,,,
4,鄭宇焱,111年彰化縣議員選舉,首次申報,1110502,雜支支出,墊腳石圖書文化廣場員林店,89770348,0.00,699.00,,,,文具用品費用,金錢,彰化縣員林市****,04-8*****,否,,,,,,,
5,鄭宇焱,111年彰化縣議員選舉,首次申報,1110502,雜支支出,墊腳石圖書文化廣場員林店,89770348,0.00,30.00,,,,文具用品費用,金錢,彰化縣員林市****,04-8*****,否,,,,,,,
6,鄭宇焱,111年彰化縣議員選舉,首次申報,1110503,集會支出,大通百貨有限公司,97414532,0.00,74.00,,,,餐飲費用,金錢,彰化縣員林市****,04-8*****,否,,,,,,,
7,鄭宇焱,111年彰化縣議員選舉,首次申報,1110503,集會支出,大通百貨有限公司,97414532,0.00,15.00,,,,餐飲費用,金錢,彰化縣員林市****,04-8*****,否,,,,,,,
8,鄭宇焱,111年彰化縣議員選舉,首次申報,1110507,雜支支出,國利漆料行,59700818,0.00,35.00,,,,雜項購置或修繕費用,金錢,彰化縣員林市****,04-8*****,否,,,,,,,
9,鄭宇焱,111年彰化縣議員選舉,首次申報,1110507,雜支支出,國利漆料行,59700818,0.00,640.00,,,,雜項購置或修繕費用,金錢,彰化縣員林市****,04-8*****,否,,,,,,,
10,鄭宇焱,111年彰化縣議員選舉,首次申報,1110509,交通旅運支出,中山高加油站股份有限公司,53133492,0.00,1691.00,,,,油資,金錢,,,否,,,,,,,
11,鄭宇焱,111年彰化縣議員選舉,首次申報,1110510,雜支支出,台灣大哥大股份有限公司員林員家營業處,47302619,0.00,100.00,,,,電信費用,金錢,彰化縣員林市****,080-*****,否,,,,,,,
12,鄭宇焱,111年彰化縣議員選舉,首次申報,1110514,雜支支出,國利漆料行,59700818,0.00,255.00,,,,雜項購置或修繕費用,金錢,彰化縣員林市****,04-8*****,否,,,,,,,
13,鄭宇焱,111年彰化縣議員選舉,首次申報,1110514,雜支支出,全方位食品五金百貨大賣場(員林僑信店),87148022,0.00,50.00,,,,雜項購置或修繕費用,金錢,彰化縣員林市****,04-8*****,否,,,,,,,
14,鄭宇焱,111年彰化縣議員選舉,首次申報,1110516,雜支支出,佳俊服飾開發有限公司,28966854,0.00,5040.00,,,,雜項購置或修繕費用,金錢,彰化縣秀水鄉****,04-7*****,否,,,,,,,
15,鄭宇焱,111年彰化縣議員選舉,首次申報,1110517,交通旅運支出,台灣中油-員林交流道加油站,87148108,0.00,700.00,,,,油資,金錢,彰化縣溪湖鎮****,04-8*****,否,,,,,,,
16,鄭宇焱,111年彰化縣議員選舉,首次申報,1110518,雜支支出,特力屋員林店,70819692,0.00,178.00,,,,雜項購置或修繕費用,金錢,彰化縣員林鎮****,04-8*****,否,,,,,,,
17,鄭宇焱,111年彰化縣議員選舉,首次申報,1110519,雜支支出,玉門鎖行,19636571,0.00,700.00,,,,雜項購置或修繕費用,金錢,彰化縣員林鎮****,04-8*****,否,,,,,,,
18,鄭宇焱,111年彰化縣議員選舉,首次申報,1110520,雜支支出,金彩印企業社,25360810,0.00,504.00,,,,雜項購置或修繕費用,金錢,彰化縣員林鎮****,04-8*****,否,,,,,,,
19,鄭宇焱,111年彰化縣議員選舉,首次申報,1110520,宣傳支出,廣陞企業社,47543053,0.00,4400.00,,,,製作競選物品或宣傳廣告費用（物品名稱-布條）,金錢,彰化縣鹿港鎮****,0985*****,否,,,,,,,
20,鄭宇焱,111年彰化縣議員選舉,首次申報,1110520,雜支支出,順發電腦股份有限公司員林分公司,70817630,0.00,1390.00,,,,雜項購置或修繕費用,金錢,彰化縣員林市****,04-8*****,否,,,,,,,
21,鄭宇焱,111年彰化縣議員選舉,首次申報,1110520,租用競選辦事處支出,柏林室內設計工程行,87203474,0.00,18900.00,,,,裝潢競選辦事處費用,金錢,彰化縣永靖鄉****,0915*****,否,,,,,,,
22,鄭宇焱,111年彰化縣議員選舉,首次申報,1110521,雜支支出,員林鎖匙行,05932565,0.00,40.00,,,,雜項購置或修繕費用,金錢,彰化縣員林鎮****,04-8*****,否,,,,,,,
23,鄭宇焱,111年彰化縣議員選舉,首次申報,1110523,雜支支出,大西洋實業社,78132203,0.00,6300.00,,,,餐飲費用,金錢,彰化縣永靖鄉****,04-8*****,否,,,,,,,
24,鄭宇焱,111年彰化縣議員選舉,首次申報,1110524,交通旅運支出,金牌加油站,16660908,0.00,500.00,,,,油資,金錢,彰化縣永靖鄉****,04-8*****,否,,,,,,,
25,鄭宇焱,111年彰化縣議員選舉,首次申報,1110525,雜支支出,全方位食品五金百貨大賣場(員林僑信店),87148022,0.00,90.00,,,,雜項購置或修繕費用,金錢,彰化縣員林市****,04-8*****,否,,,,,,,
26,鄭宇焱,111年彰化縣議員選舉,首次申報,1110526,雜支支出,榛翎電信有限公司,42592955,0.00,300.00,,,,電信費用,金錢,彰化縣員林市****,04-8*****,否,,,,,,,
27,鄭宇焱,111年彰化縣議員選舉,首次申報,1110526,交通旅運支出,台灣中油-永靖站,59451249,0.00,500.00,,,,油資,金錢,彰化縣永靖鄉****,04-8*****,否,,,,,,,
28,鄭宇焱,111年彰化縣議員選舉,首次申報,1110527,雜支支出,建飛商行,08799345,0.00,300.00,,,,雜項購置或修繕費用,金錢,彰化縣員林鎮****,04-8*****,否,,,,,,,
29,鄭宇焱,111年彰化縣議員選舉,首次申報,1110528,雜支支出,員林肉圓,39911651,0.00,650.00,,,,餐飲費用,金錢,彰化縣員林市****,04-8*****,否,,,,,,,
30,鄭宇焱,111年彰化縣議員選舉,首次申報,1110529,雜支支出,(正老牌)謝米糕,38998834,0.00,500.00,,,,餐飲費用,金錢,彰化縣員林市****,04-8*****,否,,,,,,,
31,鄭宇焱,111年彰化縣議員選舉,首次申報,1110529,雜支支出,小蔬苑蔬食創意料理,47283438,0.00,85.00,,,,餐飲費用,金錢,彰化縣員林市****,04-8*****,否,,,,,,,
32,鄭宇焱,111年彰化縣議員選舉,首次申報,1110530,雜支支出,金彩印企業社,25360810,0.00,570.00,,,,雜項購置或修繕費用,金錢,彰化縣員林鎮****,04-8*****,否,,,,,,,
33,鄭宇焱,111年彰化縣議員選舉,首次申報,1110601,雜支支出,虹林美術文具用品社,13952537,0.00,100.00,,,,雜項購置或修繕費用,金錢,彰化縣員林市****,04-8*****,否,,,,,,,
34,鄭宇焱,111年彰化縣議員選舉,首次申報,1110601,雜支支出,藍新科技股份有限公司,70565326,0.00,2.00,,,,藍新金流手續費( - ),金錢,臺北市南港區****,02-2*****,否,,,,,,,
35,鄭宇焱,111年彰化縣議員選舉,首次申報,1110602,雜支支出,金彩印企業社,25360810,0.00,504.00,,,,雜項購置或修繕費用,金錢,彰化縣員林鎮****,04-8*****,否,,,,,,,
36,鄭宇焱,111年彰化縣議員選舉,首次申報,1110602,雜支支出,金彩印企業社,25360810,0.00,599.00,,,,雜項購置或修繕費用,金錢,彰化縣員林鎮****,04-8*****,否,,,,,,,
37,鄭宇焱,111年彰化縣議員選舉,首次申報,1110603,宣傳支出,Meta Platforms Ireland Ltd.,,0.00,75.00,,,,播放、傳送或刊登宣傳廣告費用,金錢,,02-7*****,否,,,,,,,
38,鄭宇焱,111年彰化縣議員選舉,首次申報,1110603,雜支支出,禾風池上飯包,39789336,0.00,630.00,,,,餐飲費用,金錢,彰化縣員林鎮****,04-8*****,否,,,,,,,
39,鄭宇焱,111年彰化縣議員選舉,首次申報,1110603,雜支支出,季優國際貿易有限公司,80727617,0.00,675.00,,,,雜項購置或修繕費用,金錢,彰化縣員林市****,04-7*****,否,,,,,,,
40,鄭宇焱,111年彰化縣議員選舉,首次申報,1110604,雜支支出,順發電腦股份有限公司員林分公司,70817630,0.00,797.00,,,,雜項購置或修繕費用,金錢,彰化縣員林市****,04-8*****,否,,,,,,,
41,鄭宇焱,111年彰化縣議員選舉,首次申報,1110606,交通旅運支出,金牌加油站,16660908,0.00,700.00,,,,油資,金錢,彰化縣永靖鄉****,04-8*****,否,,,,,,,
42,鄭宇焱,111年彰化縣議員選舉,首次申報,1110606,宣傳支出,承富企業社,30173099,0.00,1200.00,,,,製作競選物品或宣傳廣告費用（物品名稱-易拉展）,金錢,新竹市北區延****,0927*****,否,,,,,,,
43,鄭宇焱,111年彰化縣議員選舉,首次申報,1110608,雜支支出,光南大批發-員林中山店,80596299,0.00,229.00,,,,文具用品費用,金錢,彰化縣員林市****,04-8*****,否,,,,,,,
44,鄭宇焱,111年彰化縣議員選舉,首次申報,1110608,雜支支出,墊腳石圖書文化廣場員林店,89770348,0.00,50.00,,,,文具用品費用,金錢,彰化縣員林市****,04-8*****,否,,,,,,,
45,鄭宇焱,111年彰化縣議員選舉,首次申報,1110609,雜支支出,台灣電力股份有限公司彰化區營業處-員林服務所,58650608,0.00,72.00,,,,水電瓦斯費用,金錢,彰化縣員林市****,04-8*****,否,,,,,,,
46,鄭宇焱,111年彰化縣議員選舉,首次申報,1110609,集會支出,澤氏商行(萬波島嶼紅茶員林靜修店),82591361,0.00,147.00,,,,餐飲費用,金錢,彰化縣員林市****,04-8*****,否,,,,,,,
47,鄭宇焱,111年彰化縣議員選舉,首次申報,1110609,雜支支出,全方位食品五金百貨大賣場(員林僑信店),87148022,0.00,85.00,,,,雜項購置或修繕費用,金錢,彰化縣員林市****,04-8*****,否,,,,,,,
48,鄭宇焱,111年彰化縣議員選舉,首次申報,1110609,集會支出,魚池新語-員林店,87194783,0.00,180.00,,,,餐飲費用,金錢,彰化縣員林市****,04-8*****,否,,,,,,,
49,鄭宇焱,111年彰化縣議員選舉,首次申報,1110611,交通旅運支出,福懋興業股份有限公司福懋員林加油站,98832252,0.00,700.00,,,,油資,金錢,彰化縣員林市****,04-8*****,否,,,,,,,
50,鄭宇焱,111年彰化縣議員選舉,首次申報,1110613,交通旅運支出,台灣中油股份有限公司油品行銷事業部東區營業處關原加油站,76967109,0.00,1000.00,,,,油資,金錢,,,否,,,,,,,
51,鄭宇焱,111年彰化縣議員選舉,首次申報,1110614,雜支支出,虹林美術文具用品社,13952537,0.00,45.00,,,,文具用品費用,金錢,彰化縣員林市****,04-8*****,否,,,,,,,
52,鄭宇焱,111年彰化縣議員選舉,首次申報,1110614,雜支支出,禾風池上飯包,39789336,0.00,950.00,,,,餐飲費用,金錢,彰化縣員林鎮****,04-8*****,否,,,,,,,
53,鄭宇焱,111年彰化縣議員選舉,首次申報,1110614,宣傳支出,台灣優紙企業有限公司,80077677,0.00,8715.00,,,,製作競選物品或宣傳廣告費用（物品名稱-宣傳口罩）,金錢,彰化縣鹿港鎮****,04-7*****,否,,,,,,,
54,鄭宇焱,111年彰化縣議員選舉,首次申報,1110614,集會支出,維嵐茶行(50嵐員林中山店),99873202,0.00,325.00,,,,餐飲費用,金錢,彰化縣員林市****,04-8*****,否,,,,,,,
55,鄭宇焱,111年彰化縣議員選舉,首次申報,1110616,交通旅運支出,統一精工股份有限公司和美二站加油站,09249811,0.00,145.00,,,,油資,金錢,彰化縣和美鎮****,04-7*****,否,,,,,,,
56,鄭宇焱,111年彰化縣議員選舉,首次申報,1110616,雜支支出,萬達廣告有限公司,42970725,0.00,315.00,,,,雜項購置或修繕費用,金錢,彰化縣埔心鄉****,04-8*****,否,,,,,,,
57,鄭宇焱,111年彰化縣議員選舉,首次申報,1110618,交通旅運支出,金牌加油站,16660908,0.00,700.00,,,,油資,金錢,彰化縣永靖鄉****,04-8*****,否,,,,,,,
58,鄭宇焱,111年彰化縣議員選舉,首次申報,1110618,雜支支出,詠盛商行,45231625,0.00,335.00,,,,雜項購置或修繕費用,金錢,彰化縣彰化市****,04-7*****,否,,,,,,,
59,鄭宇焱,111年彰化縣議員選舉,首次申報,1110618,雜支支出,良品咖啡(85度C咖啡蛋糕飲料麵包-員林大同店),47263989,0.00,54.00,,,,餐飲費用,金錢,彰化縣員林市****,04-8*****,否,,,,,,,
60,鄭宇焱,111年彰化縣議員選舉,首次申報,1110618,雜支支出,泉安菓子廠,59526311,0.00,200.00,,,,雜項購置或修繕費用,金錢,彰化縣員林市****,04-8*****,否,,,,,,,
61,鄭宇焱,111年彰化縣議員選舉,首次申報,1110618,集會支出,邵立有限公司彰化員林分公司,80703621,0.00,1285.00,,,,餐飲費用,金錢,彰化縣員林市****,04-8*****,否,,,,,,,
62,鄭宇焱,111年彰化縣議員選舉,首次申報,1110619,交通旅運支出,統一精工股份有限公司和美二站加油站,09249811,0.00,140.00,,,,油資,金錢,彰化縣和美鎮****,04-7*****,否,,,,,,,
63,鄭宇焱,111年彰化縣議員選舉,首次申報,1110621,交通旅運支出,福懋興業股份有限公司福懋員林加油站,98832252,0.00,700.00,,,,油資,金錢,彰化縣員林市****,04-8*****,否,,,,,,,
64,鄭宇焱,111年彰化縣議員選舉,首次申報,1110622,雜支支出,廣陞企業社,47543053,0.00,780.00,,,,雜項購置或修繕費用,金錢,彰化縣鹿港鎮****,0985*****,否,,,,,,,
65,鄭宇焱,111年彰化縣議員選舉,首次申報,1110623,雜支支出,員林鎖匙行,05932565,0.00,450.00,,,,雜項購置或修繕費用,金錢,彰化縣員林鎮****,04-8*****,否,,,,,,,
66,鄭宇焱,111年彰化縣議員選舉,首次申報,1110623,雜支支出,金彩印企業社,25360810,0.00,735.00,,,,雜項購置或修繕費用,金錢,彰化縣員林鎮****,04-8*****,否,,,,,,,
67,鄭宇焱,111年彰化縣議員選舉,首次申報,1110624,雜支支出,虹林美術文具用品社,13952537,0.00,50.00,,,,文具用品費用,金錢,彰化縣員林市****,04-8*****,否,,,,,,,
68,鄭宇焱,111年彰化縣議員選舉,首次申報,1110624,交通旅運支出,中興電工機械股份有限公司嘟嘟房高鐵彰化站,47427603,0.00,180.00,,,,停車費,金錢,彰化縣田中鎮****,04-7*****,否,,,,,,,
69,鄭宇焱,111年彰化縣議員選舉,首次申報,1110625,交通旅運支出,交通部臺灣鐵路管理局,07524729,0.00,493.00,,,,搭乘交通工具費用,金錢,臺北市中正區****,02-2*****,否,,,,,,,
70,鄭宇焱,111年彰化縣議員選舉,首次申報,1110625,雜支支出,花草家花藝設計工坊,41443015,0.00,1000.00,,,,雜項購置或修繕費用,金錢,桃園市桃園區****,03-3*****,否,,,,,,,
71,鄭宇焱,111年彰化縣議員選舉,首次申報,1110625,交通旅運支出,台亞石油股份有限公司台亞彰化中央路加油站,72436931,0.00,700.00,,,,油資,金錢,彰化縣彰化市****,04-7*****,否,,,,,,,
72,鄭宇焱,111年彰化縣議員選舉,首次申報,1110628,雜支支出,虹林美術文具用品社,13952537,0.00,35.00,,,,雜項購置或修繕費用,金錢,彰化縣員林市****,04-8*****,否,,,,,,,
73,鄭宇焱,111年彰化縣議員選舉,首次申報,1110629,交通旅運支出,大翔加油站有限公司,16204368,0.00,700.00,,,,油資,金錢,彰化縣埔心鄉****,04-8*****,否,,,,,,,
74,鄭宇焱,111年彰化縣議員選舉,首次申報,1110629,宣傳支出,台灣優紙企業有限公司,80077677,0.00,17220.00,,,,製作競選物品或宣傳廣告費用（物品名稱-面紙）,金錢,彰化縣鹿港鎮****,04-7*****,否,,,,,,,
75,鄭宇焱,111年彰化縣議員選舉,首次申報,1110701,交通旅運支出,台灣高速鐵路股份有限公司,16446274,0.00,1640.00,,,,搭乘交通工具費用,金錢,臺北市南港區****,02-8*****,否,,,,,,,
76,鄭宇焱,111年彰化縣議員選舉,首次申報,1110701,交通旅運支出,山隆通運股份有限公司山隆員林加油站,25318996,0.00,700.00,,,,油資,金錢,彰化縣員林市****,04-8*****,否,,,,,,,
77,鄭宇焱,111年彰化縣議員選舉,首次申報,1110701,雜支支出,藍新科技股份有限公司,70565326,0.00,644.00,,,,藍新金流手續費( - ),金錢,臺北市南港區****,02-2*****,否,,,,,,,
78,鄭宇焱,111年彰化縣議員選舉,首次申報,1110703,雜支支出,統一超商股份有限公司彰化縣第四十二分公司,24801683,0.00,90.00,,,,雜項購置或修繕費用,金錢,彰化縣員林市****,04-8*****,否,,,,,,,
79,鄭宇焱,111年彰化縣議員選舉,首次申報,1110704,宣傳支出,金彩印企業社,25360810,0.00,2400.00,,,,製作競選物品或宣傳廣告費用（物品名稱-海報）,金錢,彰化縣員林鎮****,04-8*****,否,,,,,,,
80,鄭宇焱,111年彰化縣議員選舉,首次申報,1110705,宣傳支出,承富企業社,30173099,0.00,3000.00,,,,製作競選物品或宣傳廣告費用（物品名稱-易拉展）,金錢,新竹市北區延****,0927*****,否,,,,,,,
81,鄭宇焱,111年彰化縣議員選舉,首次申報,1110707,宣傳支出,藍格印刷國際企業有限公司,22076600,0.00,38640.00,,,,製作競選物品或宣傳廣告費用（物品名稱-扇子）,金錢,臺北市內湖區****,02-2*****,否,,,,,,,
82,鄭宇焱,111年彰化縣議員選舉,首次申報,1110707,雜支支出,光南大批發-員林中山店,80596299,0.00,46.00,,,,文具用品費用,金錢,彰化縣員林市****,04-8*****,否,,,,,,,
83,鄭宇焱,111年彰化縣議員選舉,首次申報,1110707,交通旅運支出,大村加油站股份有限公司,97405908,0.00,700.00,,,,油資,金錢,彰化縣大村鄉****,04-8*****,否,,,,,,,
84,鄭宇焱,111年彰化縣議員選舉,首次申報,1110708,宣傳支出,黃國慶,N12*******,0.00,50000.00,,,,租用廣告看板或車體廣告費用,金錢,彰化縣埔心鄉****,0955*****,否,,,,,,,
85,鄭宇焱,111年彰化縣議員選舉,首次申報,1110710,交通旅運支出,福懋興業股份有限公司福懋村上加油站,14851305,0.00,700.00,,,,油資,金錢,彰化縣大村鄉****,04-8*****,否,,,,,,,
86,鄭宇焱,111年彰化縣議員選舉,首次申報,1110711,交通旅運支出,統一精工股份有限公司和美二站加油站,09249811,0.00,167.00,,,,油資,金錢,彰化縣和美鎮****,04-7*****,否,,,,,,,
87,鄭宇焱,111年彰化縣議員選舉,首次申報,1110711,雜支支出,榛翎電信有限公司,42592955,0.00,600.00,,,,電信費用,金錢,彰化縣員林市****,04-8*****,否,,,,,,,
88,鄭宇焱,111年彰化縣議員選舉,首次申報,1110711,租用競選辦事處支出,柏林室內設計工程行,87203474,0.00,5250.00,,,,裝潢競選辦事處費用,金錢,彰化縣永靖鄉****,0915*****,否,,,,,,,
89,鄭宇焱,111年彰化縣議員選舉,首次申報,1110712,雜支支出,金彩印企業社,25360810,0.00,500.00,,,,雜項購置或修繕費用,金錢,彰化縣員林鎮****,04-8*****,否,,,,,,,
90,鄭宇焱,111年彰化縣議員選舉,首次申報,1110713,宣傳支出,中華郵政股份有限公司,,0.00,336.00,,,,郵寄競選物品或宣傳廣告費用,金錢,彰化縣員林市****,04-8*****,否,,,,,,,
91,鄭宇焱,111年彰化縣議員選舉,首次申報,1110713,集會支出,昇田食品有限公司,16669387,0.00,255.00,,,,餐飲費用,金錢,彰化縣社頭鄉****,04-8*****,否,,,,,,,
92,鄭宇焱,111年彰化縣議員選舉,首次申報,1110713,雜支支出,金彩印企業社,25360810,0.00,735.00,,,,雜項購置或修繕費用,金錢,彰化縣員林鎮****,04-8*****,否,,,,,,,
93,鄭宇焱,111年彰化縣議員選舉,首次申報,1110714,交通旅運支出,明星加油站有限公司,53271826,0.00,700.00,,,,油資,金錢,彰化縣大村鄉****,04-8*****,否,,,,,,,
94,鄭宇焱,111年彰化縣議員選舉,首次申報,1110714,雜支支出,光南大批發-員林中山店,80596299,0.00,545.00,,,,文具用品費用,金錢,彰化縣員林市****,04-8*****,否,,,,,,,
95,鄭宇焱,111年彰化縣議員選舉,首次申報,1110716,集會支出,喬登專業鮮果汁,21825628,0.00,469.00,,,,餐飲費用,金錢,彰化縣員林市****,0911*****,否,,,,,,,
96,鄭宇焱,111年彰化縣議員選舉,首次申報,1110716,集會支出,和成食品商行,60239506,0.00,407.00,,,,餐飲費用,金錢,彰化縣員林鎮****,04-8*****,否,,,,,,,
97,鄭宇焱,111年彰化縣議員選舉,首次申報,1110716,集會支出,月明沙西點麵包店,98611119,0.00,800.00,,,,餐飲費用,金錢,彰化縣員林市****,04-8*****,否,,,,,,,
98,鄭宇焱,111年彰化縣議員選舉,首次申報,1110716,人事費用支出,邱淑美,N22*******,0.00,4000.00,,,,其他因工作酬勞之給付,金錢,彰化縣社頭鄉****,0952*****,否,,,,,,,
99,鄭宇焱,111年彰化縣議員選舉,首次申報,1110717,交通旅運支出,大彰加油站股份有限公司,16374969,0.00,700.00,,,,油資,金錢,彰化縣大村鄉****,04-8*****,否,,,,,,,
100,鄭宇焱,111年彰化縣議員選舉,首次申報,1110718,交通旅運支出,永福開發有限公司(中正路加油站),28165116,0.00,150.00,,,,油資,金錢,彰化縣福興鄉****,04-7*****,否,,,,,,,
101,鄭宇焱,111年彰化縣議員選舉,首次申報,1110718,雜支支出,新豐順食品行,77108015,0.00,1200.00,,,,餐飲費用,金錢,彰化縣員林市****,04-8*****,否,,,,,,,
102,鄭宇焱,111年彰化縣議員選舉,首次申報,1110719,雜支支出,虹林美術文具用品社,13952537,0.00,185.00,,,,雜項購置或修繕費用,金錢,彰化縣員林市****,04-8*****,否,,,,,,,
103,鄭宇焱,111年彰化縣議員選舉,首次申報,1110720,雜支支出,全方位食品五金百貨大賣場(員林僑信店),87148022,0.00,156.00,,,,雜項購置或修繕費用,金錢,彰化縣員林市****,04-8*****,否,,,,,,,
104,鄭宇焱,111年彰化縣議員選舉,首次申報,1110721,宣傳支出,京成廣告社,13282903,0.00,43901.00,,,,製作競選物品或宣傳廣告費用（物品名稱-宣傳看板帆布）,金錢,彰化縣永靖鄉****,04-8*****,否,,,,,,,
105,鄭宇焱,111年彰化縣議員選舉,首次申報,1110721,雜支支出,國利漆料行,59700818,0.00,210.00,,,,雜項購置或修繕費用,金錢,彰化縣員林市****,04-8*****,否,,,,,,,
106,鄭宇焱,111年彰化縣議員選舉,首次申報,1110721,雜支支出,正佳五金行,78165288,0.00,40.00,,,,雜項購置或修繕費用,金錢,彰化縣員林市****,04-8*****,否,,,,,,,
107,鄭宇焱,111年彰化縣議員選舉,首次申報,1110721,雜支支出,光南大批發-員林中山店,80596299,0.00,392.00,,,,文具用品費用,金錢,彰化縣員林市****,04-8*****,否,,,,,,,
108,鄭宇焱,111年彰化縣議員選舉,首次申報,1110722,雜支支出,虹林美術文具用品社,13952537,0.00,100.00,,,,雜項購置或修繕費用,金錢,彰化縣員林市****,04-8*****,否,,,,,,,
109,鄭宇焱,111年彰化縣議員選舉,首次申報,1110722,雜支支出,全方位食品五金百貨大賣場,53260927,0.00,178.00,,,,雜項購置或修繕費用,金錢,彰化縣員林市****,04-8*****,否,,,,,,,
110,鄭宇焱,111年彰化縣議員選舉,首次申報,1110722,雜支支出,福紗時裝社,59793007,0.00,300.00,,,,雜項購置或修繕費用,金錢,彰化縣員林鎮****,04-8*****,否,,,,,,,
111,鄭宇焱,111年彰化縣議員選舉,首次申報,1110723,集會支出,禾風池上飯包,39789336,0.00,2400.00,,,,餐飲費用,金錢,彰化縣員林鎮****,04-8*****,否,,,,,,,
112,鄭宇焱,111年彰化縣議員選舉,首次申報,1110723,交通旅運支出,聯永物業股份有限公司台中十站,39925938,0.00,180.00,,,,停車費,金錢,彰化縣員林市****,,否,,,,,,,
113,鄭宇焱,111年彰化縣議員選舉,首次申報,1110723,集會支出,合成音響出租企業社,82414416,0.00,9500.00,,,,租用設備費用,金錢,彰化縣員林市****,0932*****,否,,,,,,,
114,鄭宇焱,111年彰化縣議員選舉,首次申報,1110724,交通旅運支出,台灣高速鐵路股份有限公司,16446274,0.00,700.00,,,,搭乘交通工具費用,金錢,臺北市南港區****,02-8*****,否,,,,,,,
115,鄭宇焱,111年彰化縣議員選舉,首次申報,1110724,交通旅運支出,台灣中油（股）公司油品行銷事業部台北營業處菜寮站,35873212,0.00,500.00,,,,油資,金錢,新北市三重區****,02-2*****,否,,,,,,,
116,鄭宇焱,111年彰化縣議員選舉,首次申報,1110728,雜支支出,虹林美術文具用品社,13952537,0.00,40.00,,,,文具用品費用,金錢,彰化縣員林市****,04-8*****,否,,,,,,,
117,鄭宇焱,111年彰化縣議員選舉,首次申報,1110728,雜支支出,穎昌塑膠有限公司,23195463,0.00,441.00,,,,雜項購置或修繕費用,金錢,彰化縣員林鎮****,04-8*****,否,,,,,,,
118,鄭宇焱,111年彰化縣議員選舉,首次申報,1110728,雜支支出,金彩印企業社,25360810,0.00,630.00,,,,雜項購置或修繕費用,金錢,彰化縣員林鎮****,04-8*****,否,,,,,,,
119,鄭宇焱,111年彰化縣議員選舉,首次申報,1110729,雜支支出,賴弘偉,N12*******,0.00,1200.00,,,,雜項購置或修繕費用,金錢,彰化縣埔心鄉****,0921*****,否,,,,,,,
120,鄭宇焱,111年彰化縣議員選舉,首次申報,1110729,宣傳支出,黃國慶,N12*******,0.00,24000.00,,,,租用廣告看板或車體廣告費用,金錢,彰化縣埔心鄉****,0955*****,否,,,,,,,
121,鄭宇焱,111年彰化縣議員選舉,首次申報,1110731,交通旅運支出,福懋興業股份有限公司福懋社頭加油站,13940364,0.00,1000.00,,,,油資,金錢,彰化縣社頭鄉****,04-8*****,否,,,,,,,
122,鄭宇焱,111年彰化縣議員選舉,首次申報,1110801,宣傳支出,京成廣告社,13282903,0.00,25746.00,,,,製作競選物品或宣傳廣告費用（物品名稱-宣傳看板帆布）,金錢,彰化縣永靖鄉****,04-8*****,否,,,,,,,
123,鄭宇焱,111年彰化縣議員選舉,首次申報,1110801,雜支支出,藍新科技股份有限公司,70565326,0.00,288.00,,,,藍新金流手續費-,金錢,臺北市南港區****,02-2*****,否,,,,,,,
124,鄭宇焱,111年彰化縣議員選舉,首次申報,1110802,雜支支出,台灣自來水股份有限公司第十一區管理處員林營運所,05970785,0.00,182.00,,,,水電瓦斯費用,金錢,彰化縣員林市****,04-8*****,否,,,,,,,
125,鄭宇焱,111年彰化縣議員選舉,首次申報,1110802,交通旅運支出,饒明加油站有限公司,23172953,0.00,700.00,,,,油資,金錢,彰化縣員林市****,04-8*****,否,,,,,,,
126,鄭宇焱,111年彰化縣議員選舉,首次申報,1110803,交通旅運支出,台灣高速鐵路股份有限公司,16446274,0.00,820.00,,,,搭乘交通工具費用,金錢,臺北市南港區****,02-8*****,否,,,,,,,
127,鄭宇焱,111年彰化縣議員選舉,首次申報,1110803,雜支支出,台灣電力股份有限公司彰化區營業處-員林服務所,58650608,0.00,1650.00,,,,水電瓦斯費用,金錢,彰化縣員林市****,04-8*****,否,,,,,,,
128,鄭宇焱,111年彰化縣議員選舉,首次申報,1110804,雜支支出,金彩印企業社,25360810,0.00,3840.00,,,,雜項購置或修繕費用,金錢,彰化縣員林鎮****,04-8*****,否,,,,,,,
129,鄭宇焱,111年彰化縣議員選舉,首次申報,1110804,雜支支出,全方位食品五金百貨大賣場(員林僑信店),87148022,0.00,119.00,,,,雜項購置或修繕費用,金錢,彰化縣員林市****,04-8*****,否,,,,,,,
130,鄭宇焱,111年彰化縣議員選舉,首次申報,1110805,交通旅運支出,台灣中油股份有限公司油品行銷事業部台中營業處員林快速道站,98950216,0.00,700.00,,,,油資,金錢,彰化縣埔心鄉****,04-8*****,否,,,,,,,
131,鄭宇焱,111年彰化縣議員選舉,首次申報,1110806,交通旅運支出,全國加油站股份有限公司全國國揚加油站,14658250,0.00,700.00,,,,油資,金錢,新北市中和區****,02-8*****,否,,,,,,,
132,鄭宇焱,111年彰化縣議員選舉,首次申報,1110806,交通旅運支出,台灣中油股份有限公司油品行銷事業部台中營業處員林加油,59451206,0.00,700.00,,,,油資,金錢,彰化縣員林市****,04-8*****,否,,,,,,,
133,鄭宇焱,111年彰化縣議員選舉,首次申報,1110808,雜支支出,萬達廣告有限公司,42970725,0.00,315.00,,,,雜項購置或修繕費用,金錢,彰化縣埔心鄉****,04-8*****,否,,,,,,,
134,鄭宇焱,111年彰化縣議員選舉,首次申報,1110810,宣傳支出,台灣優紙企業有限公司,80077677,0.00,22050.00,,,,製作競選物品或宣傳廣告費用（物品名稱-面紙）,金錢,彰化縣鹿港鎮****,04-7*****,否,,,,,,,
135,鄭宇焱,111年彰化縣議員選舉,首次申報,1110810,交通旅運支出,大村加油站股份有限公司,97405908,0.00,700.00,,,,油資,金錢,彰化縣大村鄉****,04-8*****,否,,,,,,,
136,鄭宇焱,111年彰化縣議員選舉,首次申報,1110812,交通旅運支出,饒明加油站有限公司,23172953,0.00,700.00,,,,油資,金錢,彰化縣員林市****,04-8*****,否,,,,,,,
137,鄭宇焱,111年彰化縣議員選舉,首次申報,1110812,宣傳支出,中國旗幟社,84002376,0.00,1400.00,,,,製作競選物品或宣傳廣告費用（物品名稱-手拿旗）,金錢,臺中市沙鹿區****,04-2*****,否,,,,,,,
138,鄭宇焱,111年彰化縣議員選舉,首次申報,1110812,交通旅運支出,台灣中油-員林交流道加油站,87148108,0.00,500.00,,,,油資,金錢,彰化縣溪湖鎮****,04-8*****,否,,,,,,,
139,鄭宇焱,111年彰化縣議員選舉,首次申報,1110813,交通旅運支出,台亞石油股份有限公司台亞關西加油站,72769819,0.00,700.00,,,,油資,金錢,新竹縣關西鎮****,03-5*****,否,,,,,,,
140,鄭宇焱,111年彰化縣議員選舉,首次申報,1110816,交通旅運支出,台灣中油股份有限公司油品行銷事業部台中營業處員林加油,59451206,0.00,700.00,,,,油資,金錢,彰化縣員林市****,04-8*****,否,,,,,,,
141,鄭宇焱,111年彰化縣議員選舉,首次申報,1110817,交通旅運支出,台灣中油股份有限公司油品行銷事業部台中營業處員林加油,59451206,0.00,171.00,,,,油資,金錢,彰化縣員林市****,04-8*****,否,,,,,,,
142,鄭宇焱,111年彰化縣議員選舉,首次申報,1110819,宣傳支出,台灣優紙企業有限公司,80077677,0.00,22050.00,,,,製作競選物品或宣傳廣告費用（物品名稱-面紙）,金錢,彰化縣鹿港鎮****,04-7*****,否,,,,,,,
143,鄭宇焱,111年彰化縣議員選舉,首次申報,1110820,交通旅運支出,饒明加油站有限公司,23172953,0.00,700.00,,,,油資,金錢,彰化縣員林市****,04-8*****,否,,,,,,,
144,鄭宇焱,111年彰化縣議員選舉,首次申報,1110823,雜支支出,新建華水電材料行有限公司,28529307,0.00,154.00,,,,雜項購置或修繕費用,金錢,彰化縣員林市****,04-8*****,否,,,,,,,
145,鄭宇焱,111年彰化縣議員選舉,首次申報,1110823,雜支支出,光南大批發-員林中山店,80596299,0.00,389.00,,,,雜項購置或修繕費用,金錢,彰化縣員林市****,04-8*****,否,,,,,,,
146,鄭宇焱,111年彰化縣議員選舉,首次申報,1110825,雜支支出,展望照相材料行,59681306,0.00,200.00,,,,雜項購置或修繕費用,金錢,彰化縣員林鎮****,04-8*****,否,,,,,,,
147,鄭宇焱,111年彰化縣議員選舉,首次申報,1110825,宣傳支出,台灣優紙企業有限公司,80077677,0.00,61740.00,,,,製作競選物品或宣傳廣告費用（物品名稱-面紙）,金錢,彰化縣鹿港鎮****,04-7*****,否,,,,,,,
148,鄭宇焱,111年彰化縣議員選舉,首次申報,1110826,雜支支出,郡鈺生活館有限公司,54989615,0.00,116.00,,,,文具用品費用,金錢,彰化縣員林市****,04-7*****,否,,,,,,,
149,鄭宇焱,111年彰化縣議員選舉,首次申報,1110827,交通旅運支出,金牌加油站,16660908,0.00,700.00,,,,油資,金錢,彰化縣永靖鄉****,04-8*****,否,,,,,,,
150,鄭宇焱,111年彰化縣議員選舉,首次申報,1110829,交通旅運支出,福懋興業股份有限公司福懋秀水加油站,13736237,0.00,700.00,,,,油資,金錢,彰化縣秀水鄉****,04-7*****,否,,,,,,,
151,鄭宇焱,111年彰化縣議員選舉,首次申報,1110831,雜支支出,金彩印企業社,25360810,0.00,1575.00,,,,雜項購置或修繕費用,金錢,彰化縣員林鎮****,04-8*****,否,,,,,,,
152,鄭宇焱,111年彰化縣議員選舉,首次申報,1110901,雜支支出,虹林美術文具用品社,13952537,0.00,40.00,,,,雜項購置或修繕費用,金錢,彰化縣員林市****,04-8*****,否,,,,,,,
153,鄭宇焱,111年彰化縣議員選舉,首次申報,1110901,雜支支出,見得塑膠水電材料有限公司,22229752,0.00,55.00,,,,雜項購置或修繕費用,金錢,彰化縣員林鎮****,04-8*****,否,,,,,,,
154,鄭宇焱,111年彰化縣議員選舉,首次申報,1110901,雜支支出,馬泰南洋料理,39668614,0.00,4000.00,,,,餐飲費用,金錢,彰化縣員林鎮****,04-8*****,否,,,,,,,
155,鄭宇焱,111年彰化縣議員選舉,首次申報,1110901,交通旅運支出,台灣中油-永靖站,59451249,0.00,700.00,,,,油資,金錢,彰化縣永靖鄉****,04-8*****,否,,,,,,,
156,鄭宇焱,111年彰化縣議員選舉,首次申報,1110901,雜支支出,藍新科技股份有限公司,70565326,0.00,46.00,,,,藍新金流手續費-,金錢,臺北市南港區****,02-2*****,否,,,,,,,
157,鄭宇焱,111年彰化縣議員選舉,首次申報,1110901,雜支支出,順發電腦股份有限公司員林分公司,70817630,0.00,329.00,,,,雜項購置或修繕費用,金錢,彰化縣員林市****,04-8*****,否,,,,,,,
158,鄭宇焱,111年彰化縣議員選舉,首次申報,1110905,交通旅運支出,台亞石油股份有限公司台亞彰化中央路加油站,72436931,0.00,1000.00,,,,油資,金錢,彰化縣彰化市****,04-7*****,否,,,,,,,
159,鄭宇焱,111年彰化縣議員選舉,首次申報,1110906,雜支支出,全國電子股份有限公司-彰化縣第十五分公司,27239511,0.00,169.00,,,,雜項購置或修繕費用,金錢,彰化縣員林市****,04-8*****,否,,,,,,,
160,鄭宇焱,111年彰化縣議員選舉,首次申報,1110908,雜支支出,拿坡里披薩(員林店),16843793,0.00,951.00,,,,餐飲費用,金錢,彰化縣員林市****,04-8*****,否,,,,,,,
161,鄭宇焱,111年彰化縣議員選舉,首次申報,1110909,交通旅運支出,永慶加油站股份有限公司永勝加油站,45420506,0.00,700.00,,,,油資,金錢,彰化縣彰化市****,04-7*****,否,,,,,,,
162,鄭宇焱,111年彰化縣議員選舉,首次申報,1110909,交通旅運支出,俥亭停車事業股份有限公司彰化中華營業所,88601345,0.00,150.00,,,,停車費,金錢,彰化縣彰化市****,04-7*****,否,,,,,,,
163,鄭宇焱,111年彰化縣議員選舉,首次申報,1110912,交通旅運支出,台灣高速鐵路股份有限公司,16446274,0.00,795.00,,,,搭乘交通工具費用,金錢,臺北市南港區****,02-8*****,否,,,,,,,
164,鄭宇焱,111年彰化縣議員選舉,首次申報,1110913,交通旅運支出,台灣高速鐵路股份有限公司,16446274,0.00,820.00,,,,搭乘交通工具費用,金錢,臺北市南港區****,02-8*****,否,,,,,,,
165,鄭宇焱,111年彰化縣議員選舉,首次申報,1110913,交通旅運支出,中興電工機械股份有限公司嘟嘟房高鐵彰化站,47427603,0.00,360.00,,,,停車費,金錢,彰化縣田中鎮****,04-7*****,否,,,,,,,
166,鄭宇焱,111年彰化縣議員選舉,首次申報,1110914,宣傳支出,Meta Platforms Ireland Ltd.,,0.00,500.00,,,,播放、傳送或刊登宣傳廣告費用,金錢,,02-7*****,否,,,,,,,
167,鄭宇焱,111年彰化縣議員選舉,首次申報,1110914,交通旅運支出,統一精工股份有限公司和美二站加油站,09249811,0.00,147.00,,,,油資,金錢,彰化縣和美鎮****,04-7*****,否,,,,,,,
168,鄭宇焱,111年彰化縣議員選舉,首次申報,1110914,交通旅運支出,金牌加油站,16660908,0.00,700.00,,,,油資,金錢,彰化縣永靖鄉****,04-8*****,否,,,,,,,
169,鄭宇焱,111年彰化縣議員選舉,首次申報,1110915,雜支支出,員林鎖匙行,05932565,0.00,40.00,,,,雜項購置或修繕費用,金錢,彰化縣員林鎮****,04-8*****,否,,,,,,,
170,鄭宇焱,111年彰化縣議員選舉,首次申報,1110916,宣傳支出,南彰化廣告有限公司,16647504,0.00,6480.00,,,,播放、傳送或刊登宣傳廣告費用,金錢,彰化縣員林市****,04-8*****,否,,,,,,,
171,鄭宇焱,111年彰化縣議員選舉,首次申報,1110916,交通旅運支出,立祐有限公司員立加油站,72443200,0.00,103.00,,,,油資,金錢,彰化縣員林市****,04-8*****,否,,,,,,,
172,鄭宇焱,111年彰化縣議員選舉,首次申報,1110916,宣傳支出,台灣優紙企業有限公司,80077677,0.00,38850.00,,,,製作競選物品或宣傳廣告費用（物品名稱-口罩）,金錢,彰化縣鹿港鎮****,04-7*****,否,,,,,,,
173,鄭宇焱,111年彰化縣議員選舉,首次申報,1110917,交通旅運支出,福懋興業股份有限公司福懋村上加油站,14851305,0.00,800.00,,,,油資,金錢,彰化縣大村鄉****,04-8*****,否,,,,,,,
174,鄭宇焱,111年彰化縣議員選舉,首次申報,1110918,交通旅運支出,俥亭停車事業股份有限公司彰化中華營業所,88601345,0.00,60.00,,,,停車費,金錢,彰化縣彰化市****,04-7*****,否,,,,,,,
175,鄭宇焱,111年彰化縣議員選舉,首次申報,1110920,雜支支出,金彩印企業社,25360810,0.00,4200.00,,,,雜項購置或修繕費用,金錢,彰化縣員林鎮****,04-8*****,否,,,,,,,
176,鄭宇焱,111年彰化縣議員選舉,首次申報,1110921,交通旅運支出,台灣高速鐵路股份有限公司,16446274,0.00,1400.00,,,,搭乘交通工具費用,金錢,臺北市南港區****,02-8*****,否,,,,,,,
177,鄭宇焱,111年彰化縣議員選舉,首次申報,1110922,交通旅運支出,台灣高速鐵路股份有限公司,16446274,0.00,1340.00,,,,搭乘交通工具費用,金錢,臺北市南港區****,02-8*****,否,,,,,,,
178,鄭宇焱,111年彰化縣議員選舉,首次申報,1110922,交通旅運支出,中興電工機械股份有限公司嘟嘟房台中益文站,72488607,0.00,420.00,,,,停車費,金錢,臺中市南屯區****,,否,,,,,,,
179,鄭宇焱,111年彰化縣議員選舉,首次申報,1110924,交通旅運支出,福懋興業股份有限公司福懋員林加油站,98832252,0.00,700.00,,,,油資,金錢,彰化縣員林市****,04-8*****,否,,,,,,,
180,鄭宇焱,111年彰化縣議員選舉,首次申報,1110925,雜支支出,郡灃生活館有限公司,54813378,0.00,90.00,,,,雜項購置或修繕費用,金錢,彰化縣彰化市****,,否,,,,,,,
181,鄭宇焱,111年彰化縣議員選舉,首次申報,1110925,雜支支出,全方位食品五金百貨大賣場(員林僑信店),87148022,0.00,32.00,,,,雜項購置或修繕費用,金錢,彰化縣員林市****,04-8*****,否,,,,,,,
182,鄭宇焱,111年彰化縣議員選舉,首次申報,1110925,交通旅運支出,俥亭停車事業股份有限公司彰化仁愛營業所,88561126,0.00,100.00,,,,停車費,金錢,彰化縣彰化市****,04-7*****,否,,,,,,,
183,鄭宇焱,111年彰化縣議員選舉,首次申報,1110928,雜支支出,全方位食品五金百貨大賣場(員林僑信店),87148022,0.00,89.00,,,,雜項購置或修繕費用,金錢,彰化縣員林市****,04-8*****,否,,,,,,,
184,鄭宇焱,111年彰化縣議員選舉,首次申報,1110930,交通旅運支出,大翔加油站有限公司,16204368,0.00,800.00,,,,油資,金錢,彰化縣埔心鄉****,04-8*****,否,,,,,,,
185,鄭宇焱,111年彰化縣議員選舉,首次申報,1110930,雜支支出,禾風池上飯包,39789336,0.00,715.00,,,,餐飲費用,金錢,彰化縣員林鎮****,04-8*****,否,,,,,,,
186,鄭宇焱,111年彰化縣議員選舉,首次申報,1111001,雜支支出,藍新科技股份有限公司,70565326,0.00,199.00,,,,藍新金流手續費-,金錢,臺北市南港區****,02-2*****,否,,,,,,,
187,鄭宇焱,111年彰化縣議員選舉,首次申報,1111001,交通旅運支出,台灣捷通國際股份有限公司員林震天宮停車場,87188662,0.00,60.00,,,,停車費,金錢,彰化縣員林市****,02-2*****,否,,,,,,,
188,鄭宇焱,111年彰化縣議員選舉,首次申報,1111002,雜支支出,三泰電子材料行,60213816,0.00,4330.00,,,,雜項購置或修繕費用,金錢,彰化縣員林鎮****,04-8*****,否,,,,,,,
189,鄭宇焱,111年彰化縣議員選舉,首次申報,1111002,雜支支出,柏林室內設計工程行,87203474,0.00,16800.00,,,,雜項購置或修繕費用,金錢,彰化縣永靖鄉****,0915*****,否,,,,,,,
190,鄭宇焱,111年彰化縣議員選舉,首次申報,1111003,交通旅運支出,台亞石油股份有限公司台亞彰化中央路加油站,72436931,0.00,800.00,,,,油資,金錢,彰化縣彰化市****,04-7*****,否,,,,,,,
191,鄭宇焱,111年彰化縣議員選舉,首次申報,1111005,雜支支出,員林鎖匙行,05932565,0.00,350.00,,,,雜項購置或修繕費用,金錢,彰化縣員林鎮****,04-8*****,否,,,,,,,
192,鄭宇焱,111年彰化縣議員選舉,首次申報,1111005,雜支支出,虹林美術文具用品社,13952537,0.00,85.00,,,,雜項購置或修繕費用,金錢,彰化縣員林市****,04-8*****,否,,,,,,,
193,鄭宇焱,111年彰化縣議員選舉,首次申報,1111005,雜支支出,吉美小吃店,26875914,0.00,1700.00,,,,餐飲費用,金錢,彰化縣員林鎮****,04-8*****,否,,,,,,,
194,鄭宇焱,111年彰化縣議員選舉,首次申報,1111005,雜支支出,幸福時光食品行,47553072,0.00,300.00,,,,餐飲費用,金錢,彰化縣大村鄉****,04-8*****,否,,,,,,,
195,鄭宇焱,111年彰化縣議員選舉,首次申報,1111005,雜支支出,光南大批發-員林中山店,80596299,0.00,218.00,,,,雜項購置或修繕費用,金錢,彰化縣員林市****,04-8*****,否,,,,,,,
196,鄭宇焱,111年彰化縣議員選舉,首次申報,1111006,宣傳支出,金典廣告社,38929181,0.00,7500.00,,,,租用廣告看板或車體廣告費用,金錢,彰化縣員林市****,04-8*****,否,,,,,,,
197,鄭宇焱,111年彰化縣議員選舉,首次申報,1111007,交通旅運支出,台灣聯通停車場開發股份有限公司彰化永樂停車場,39730032,0.00,60.00,,,,停車費,金錢,彰化縣彰化市****,02-2*****,否,,,,,,,
198,鄭宇焱,111年彰化縣議員選舉,首次申報,1111007,雜支支出,魚王創意社,81068768,0.00,1340.00,,,,雜項購置或修繕費用,金錢,高雄市三民區****,07-3*****,否,,,,,,,
199,鄭宇焱,111年彰化縣議員選舉,首次申報,1111008,人事費用支出,張育萌,A12*******,0.00,2000.00,,,,其他因工作酬勞之給付,金錢,臺北市中正區****,0960*****,否,,,,,,,
200,鄭宇焱,111年彰化縣議員選舉,首次申報,1111009,交通旅運支出,台灣中油股份有限公司油品行銷事業部台中營業處員林加油,59451206,0.00,189.00,,,,油資,金錢,彰化縣員林市****,04-8*****,否,,,,,,,
201,鄭宇焱,111年彰化縣議員選舉,首次申報,1111009,雜支支出,全聯實業股份有限公司彰化育英分公司,80335302,0.00,178.00,,,,餐飲費用,金錢,彰化縣員林市****,04-8*****,否,,,,,,,
202,鄭宇焱,111年彰化縣議員選舉,首次申報,1111009,交通旅運支出,福懋興業股份有限公司福懋員林加油站,98832252,0.00,800.00,,,,油資,金錢,彰化縣員林市****,04-8*****,否,,,,,,,
203,鄭宇焱,111年彰化縣議員選舉,首次申報,1111012,雜支支出,員林鎖匙行,05932565,0.00,390.00,,,,雜項購置或修繕費用,金錢,彰化縣員林鎮****,04-8*****,否,,,,,,,
204,鄭宇焱,111年彰化縣議員選舉,首次申報,1111012,雜支支出,虹林美術文具用品社,13952537,0.00,110.00,,,,雜項購置或修繕費用,金錢,彰化縣員林市****,04-8*****,否,,,,,,,
205,鄭宇焱,111年彰化縣議員選舉,首次申報,1111013,雜支支出,正佳五金行,78165288,0.00,90.00,,,,雜項購置或修繕費用,金錢,彰化縣員林市****,04-8*****,否,,,,,,,
206,鄭宇焱,111年彰化縣議員選舉,首次申報,1111014,交通旅運支出,俥亭停車事業股份有限公司彰化中華營業所,88601345,0.00,40.00,,,,停車費,金錢,彰化縣彰化市****,04-7*****,否,,,,,,,
207,鄭宇焱,111年彰化縣議員選舉,首次申報,1111014,交通旅運支出,福懋興業股份有限公司福懋員林加油站,98832252,0.00,800.00,,,,油資,金錢,彰化縣員林市****,04-8*****,否,,,,,,,
208,鄭宇焱,111年彰化縣議員選舉,首次申報,1111015,交通旅運支出,大彰加油站股份有限公司,16374969,0.00,900.00,,,,油資,金錢,彰化縣大村鄉****,04-8*****,否,,,,,,,
209,鄭宇焱,111年彰化縣議員選舉,首次申報,1111015,交通旅運支出,台灣聯通停車場開發股份有限公司彰化永樂停車場,39730032,0.00,150.00,,,,停車費,金錢,彰化縣彰化市****,02-2*****,否,,,,,,,
210,鄭宇焱,111年彰化縣議員選舉,首次申報,1111016,交通旅運支出,計程車,,0.00,215.00,,,,搭乘交通工具費用,金錢,,02-2*****,否,,,,,,,
211,鄭宇焱,111年彰化縣議員選舉,首次申報,1111016,雜支支出,車麗屋汽車百貨股份有限公司員林分公司,28496170,0.00,650.00,,,,雜項購置或修繕費用,金錢,彰化縣員林市****,04-8*****,否,,,,,,,
212,鄭宇焱,111年彰化縣議員選舉,首次申報,1111017,交通旅運支出,統一精工股份有限公司和美二站加油站,09249811,0.00,168.00,,,,油資,金錢,彰化縣和美鎮****,04-7*****,否,,,,,,,
213,鄭宇焱,111年彰化縣議員選舉,首次申報,1111017,交通旅運支出,中興電工機械股份有限公司嘟嘟房高鐵彰化站,47427603,0.00,255.00,,,,停車費,金錢,彰化縣田中鎮****,04-7*****,否,,,,,,,
214,鄭宇焱,111年彰化縣議員選舉,首次申報,1111017,雜支支出,康利國際有限公司,97204917,0.00,2500.00,,,,雜項購置或修繕費用,金錢,高雄市前鎮區****,07-3*****,否,,,,,,,
215,鄭宇焱,111年彰化縣議員選舉,首次申報,1111018,雜支支出,榛翎電信有限公司,42592955,0.00,100.00,,,,電信費用,金錢,彰化縣員林市****,04-8*****,否,,,,,,,
216,鄭宇焱,111年彰化縣議員選舉,首次申報,1111018,雜支支出,光南大批發-員林中山店,80596299,0.00,585.00,,,,文具用品費用,金錢,彰化縣員林市****,04-8*****,否,,,,,,,
217,鄭宇焱,111年彰化縣議員選舉,首次申報,1111019,宣傳支出,大方廣告,05988912,0.00,10400.00,,,,租用廣告看板或車體廣告費用,金錢,彰化縣員林鎮****,04-8*****,否,,,,,,,
218,鄭宇焱,111年彰化縣議員選舉,首次申報,1111019,宣傳支出,大方廣告,05988912,0.00,10500.00,,,,租用廣告看板或車體廣告費用,金錢,彰化縣員林鎮****,04-8*****,否,,,,,,,
219,鄭宇焱,111年彰化縣議員選舉,首次申報,1111019,宣傳支出,大方廣告,05988912,0.00,10500.00,,,,租用廣告看板或車體廣告費用,金錢,彰化縣員林鎮****,04-8*****,否,,,,,,,
220,鄭宇焱,111年彰化縣議員選舉,首次申報,1111019,雜支支出,坤澤興業有限公司,80049265,0.00,3056.00,,,,雜項購置或修繕費用,金錢,新北市中和區****,02-2*****,否,,,,,,,
221,鄭宇焱,111年彰化縣議員選舉,首次申報,1111019,宣傳支出,日騰廣告社,88589412,0.00,7000.00,,,,租用廣告看板或車體廣告費用,金錢,臺中市文心路****,0932*****,否,,,,,,,
222,鄭宇焱,111年彰化縣議員選舉,首次申報,1111020,交通旅運支出,台灣聯通停車場開發股份有限公司彰化永樂停車場,39730032,0.00,60.00,,,,停車費,金錢,彰化縣彰化市****,02-2*****,否,,,,,,,
223,鄭宇焱,111年彰化縣議員選舉,首次申報,1111020,交通旅運支出,台灣中油股份有限公司油品行銷事業部台中營業處員林加油,59451206,0.00,810.00,,,,油資,金錢,彰化縣員林市****,04-8*****,否,,,,,,,
224,鄭宇焱,111年彰化縣議員選舉,首次申報,1111021,雜支支出,虹林美術文具用品社,13952537,0.00,20.00,,,,文具用品費用,金錢,彰化縣員林市****,04-8*****,否,,,,,,,
225,鄭宇焱,111年彰化縣議員選舉,首次申報,1111021,雜支支出,虹林美術文具用品社,13952537,0.00,135.00,,,,文具用品費用,金錢,彰化縣員林市****,04-8*****,否,,,,,,,
226,鄭宇焱,111年彰化縣議員選舉,首次申報,1111021,宣傳支出,南彰化廣告有限公司,16647504,0.00,58760.00,,,,播放、傳送或刊登宣傳廣告費用,金錢,彰化縣員林市****,04-8*****,否,,,,,,,
227,鄭宇焱,111年彰化縣議員選舉,首次申報,1111021,雜支支出,便宜鎖印行,45410134,0.00,400.00,,,,雜項購置或修繕費用,金錢,彰化縣員林市****,04-8*****,否,,,,,,,
228,鄭宇焱,111年彰化縣議員選舉,首次申報,1111021,雜支支出,廣陞企業社,47543053,0.00,1000.00,,,,雜項購置或修繕費用,金錢,彰化縣鹿港鎮****,0985*****,否,,,,,,,
229,鄭宇焱,111年彰化縣議員選舉,首次申報,1111021,雜支支出,廣陞企業社,47543053,0.00,2875.00,,,,雜項購置或修繕費用,金錢,彰化縣鹿港鎮****,0985*****,否,,,,,,,
230,鄭宇焱,111年彰化縣議員選舉,首次申報,1111022,雜支支出,廣陞企業社,47543053,0.00,100.00,,,,雜項購置或修繕費用,金錢,彰化縣鹿港鎮****,0985*****,否,,,,,,,
231,鄭宇焱,111年彰化縣議員選舉,首次申報,1111022,雜支支出,和成食品商行,60239506,0.00,1070.00,,,,餐飲費用,金錢,彰化縣員林鎮****,04-8*****,否,,,,,,,
232,鄭宇焱,111年彰化縣議員選舉,首次申報,1111022,雜支支出,漢林燒肉飯館,87196213,0.00,445.00,,,,餐飲費用,金錢,彰化縣員林市****,04-8*****,否,,,,,,,
233,鄭宇焱,111年彰化縣議員選舉,首次申報,1111023,集會支出,禾風池上飯包,39789336,0.00,1435.00,,,,餐飲費用,金錢,彰化縣員林鎮****,04-8*****,否,,,,,,,
234,鄭宇焱,111年彰化縣議員選舉,首次申報,1111023,雜支支出,禾風池上飯包,39789336,0.00,1190.00,,,,餐飲費用,金錢,彰化縣員林鎮****,04-8*****,否,,,,,,,
235,鄭宇焱,111年彰化縣議員選舉,首次申報,1111023,集會支出,和成食品商行,60239506,0.00,450.00,,,,餐飲費用,金錢,彰化縣員林鎮****,04-8*****,否,,,,,,,
236,鄭宇焱,111年彰化縣議員選舉,首次申報,1111023,集會支出,和平戲劇舞蹈服裝中心,77976393,0.00,1210.00,,,,其他與集會有關之費用,金錢,臺中市西屯區****,04-2*****,否,,,,,,,
237,鄭宇焱,111年彰化縣議員選舉,首次申報,1111024,交通旅運支出,竑穗興業股份有限公司楓康永靖營業處,88500846,0.00,80.00,,,,油資,金錢,彰化縣永靖鄉****,,否,,,,,,,
238,鄭宇焱,111年彰化縣議員選舉,首次申報,1111025,雜支支出,廣陞企業社,47543053,0.00,125.00,,,,雜項購置或修繕費用,金錢,彰化縣鹿港鎮****,0985*****,否,,,,,,,
239,鄭宇焱,111年彰化縣議員選舉,首次申報,1111026,雜支支出,虹林美術文具用品社,13952537,0.00,20.00,,,,文具用品費用,金錢,彰化縣員林市****,04-8*****,否,,,,,,,
240,鄭宇焱,111年彰化縣議員選舉,首次申報,1111026,雜支支出,儒林美術社,19639275,0.00,40.00,,,,雜項購置或修繕費用,金錢,彰化縣員林市****,04-8*****,否,,,,,,,
241,鄭宇焱,111年彰化縣議員選舉,首次申報,1111026,雜支支出,維嵐茶行(50嵐員林中山店),99873202,0.00,300.00,,,,餐飲費用,金錢,彰化縣員林市****,04-8*****,否,,,,,,,
242,鄭宇焱,111年彰化縣議員選舉,首次申報,1111027,雜支支出,儒林美術社,19639275,0.00,20.00,,,,雜項購置或修繕費用,金錢,彰化縣員林市****,04-8*****,否,,,,,,,
243,鄭宇焱,111年彰化縣議員選舉,首次申報,1111027,交通旅運支出,大村加油站股份有限公司,97405908,0.00,930.00,,,,油資,金錢,彰化縣大村鄉****,04-8*****,否,,,,,,,
244,鄭宇焱,111年彰化縣議員選舉,首次申報,1111027,交通旅運支出,大村加油站股份有限公司,97405908,0.00,135.00,,,,油資,金錢,彰化縣大村鄉****,04-8*****,否,,,,,,,
245,鄭宇焱,111年彰化縣議員選舉,首次申報,1111028,雜支支出,永富食品行,45811617,0.00,792.00,,,,餐飲費用,金錢,彰化縣員林鎮****,04-8*****,否,,,,,,,
246,鄭宇焱,111年彰化縣議員選舉,首次申報,1111028,雜支支出,全聯實業股份有限公司彰化育英分公司,80335302,0.00,312.00,,,,餐飲費用,金錢,彰化縣員林市****,04-8*****,否,,,,,,,
247,鄭宇焱,111年彰化縣議員選舉,首次申報,1111029,交通旅運支出,員林市公有公共停車場,,0.00,30.00,,,,停車費,金錢,彰化縣員林市****,,否,,,,,,,
248,鄭宇焱,111年彰化縣議員選舉,首次申報,1111029,交通旅運支出,山隆通運股份有限公司山隆員林加油站,25318996,0.00,500.00,,,,油資,金錢,彰化縣員林市****,04-8*****,否,,,,,,,
249,鄭宇焱,111年彰化縣議員選舉,首次申報,1111029,雜支支出,春仁茶行,39772145,0.00,451.00,,,,餐飲費用,金錢,彰化縣員林鎮****,,否,,,,,,,
250,鄭宇焱,111年彰化縣議員選舉,首次申報,1111029,雜支支出,永芳飯包,45437653,0.00,1185.00,,,,餐飲費用,金錢,彰化縣永靖鄉****,04-8*****,否,,,,,,,
251,鄭宇焱,111年彰化縣議員選舉,首次申報,1111029,人事費用支出,阮紅深,N22*******,0.00,300.00,,,,其他因工作酬勞之給付,金錢,彰化縣員林市****,,否,,,,,,,
252,鄭宇焱,111年彰化縣議員選舉,首次申報,1111030,雜支支出,港式鮮肉包,45558430,0.00,500.00,,,,餐飲費用,金錢,彰化縣員林市****,0922*****,否,,,,,,,
253,鄭宇焱,111年彰化縣議員選舉,首次申報,1111030,交通旅運支出,台灣中油股份有限公司油品行銷事業部台中營業處員林加油,59451206,0.00,500.00,,,,油資,金錢,彰化縣員林市****,04-8*****,否,,,,,,,
254,鄭宇焱,111年彰化縣議員選舉,首次申報,1111030,交通旅運支出,台灣中油股份有限公司油品行銷事業部台中營業處員林加油,59451206,0.00,112.00,,,,油資,金錢,彰化縣員林市****,04-8*****,否,,,,,,,
255,鄭宇焱,111年彰化縣議員選舉,首次申報,1111030,雜支支出,和德昌股份有限公司-員林中山分公司,86385530,0.00,910.00,,,,餐飲費用,金錢,彰化縣員林市****,,否,,,,,,,
256,鄭宇焱,111年彰化縣議員選舉,首次申報,1111030,雜支支出,員味燒肉飯,88609418,0.00,1194.00,,,,餐飲費用,金錢,彰化縣員林市****,0906*****,否,,,,,,,
257,鄭宇焱,111年彰化縣議員選舉,首次申報,1111031,交通旅運支出,大彰加油站股份有限公司,16374969,0.00,139.00,,,,油資,金錢,彰化縣大村鄉****,04-8*****,否,,,,,,,
258,鄭宇焱,111年彰化縣議員選舉,首次申報,1111101,交通旅運支出,統一精工股份有限公司和美二站加油站,09249811,0.00,170.00,,,,油資,金錢,彰化縣和美鎮****,04-7*****,否,,,,,,,
259,鄭宇焱,111年彰化縣議員選舉,首次申報,1111101,雜支支出,榛翎電信有限公司,42592955,0.00,100.00,,,,電信費用,金錢,彰化縣員林市****,04-8*****,否,,,,,,,
260,鄭宇焱,111年彰化縣議員選舉,首次申報,1111101,雜支支出,廣陞企業社,47543053,0.00,960.00,,,,雜項購置或修繕費用,金錢,彰化縣鹿港鎮****,0985*****,否,,,,,,,
261,鄭宇焱,111年彰化縣議員選舉,首次申報,1111101,雜支支出,藍新科技股份有限公司,70565326,0.00,431.00,,,,手續費(-),金錢,臺北市南港區****,02-2*****,否,,,,,,,
262,鄭宇焱,111年彰化縣議員選舉,首次申報,1111102,雜支支出,儒林美術社,19639275,0.00,60.00,,,,文具用品費用,金錢,彰化縣員林市****,04-8*****,否,,,,,,,
263,鄭宇焱,111年彰化縣議員選舉,首次申報,1111102,雜支支出,廣陞企業社,47543053,0.00,100.00,,,,雜項購置或修繕費用,金錢,彰化縣鹿港鎮****,0985*****,否,,,,,,,
264,鄭宇焱,111年彰化縣議員選舉,首次申報,1111102,雜支支出,和平戲劇舞蹈服裝中心,77976393,0.00,300.00,,,,雜項購置或修繕費用,金錢,臺中市西屯區****,,否,,,,,,,
265,鄭宇焱,111年彰化縣議員選舉,首次申報,1111103,雜支支出,虹林美術文具用品社,13952537,0.00,355.00,,,,雜項購置或修繕費用,金錢,彰化縣員林市****,04-8*****,否,,,,,,,
266,鄭宇焱,111年彰化縣議員選舉,首次申報,1111103,雜支支出,全家便利商店股份有限公司,23060248,0.00,540.00,,,,雜項購置或修繕費用,金錢,,,否,,,,,,,
267,鄭宇焱,111年彰化縣議員選舉,首次申報,1111103,雜支支出,台灣電力股份有限公司彰化區營業處-員林服務所,58650608,0.00,2895.00,,,,水電瓦斯費用,金錢,彰化縣員林市****,04-8*****,否,,,,,,,
268,鄭宇焱,111年彰化縣議員選舉,首次申報,1111103,雜支支出,光南大批發-員林中山店,80596299,0.00,30.00,,,,文具用品費用,金錢,彰化縣員林市****,04-8*****,否,,,,,,,
269,鄭宇焱,111年彰化縣議員選舉,首次申報,1111104,雜支支出,虹林美術文具用品社,13952537,0.00,40.00,,,,雜項購置或修繕費用,金錢,彰化縣員林市****,04-8*****,否,,,,,,,
270,鄭宇焱,111年彰化縣議員選舉,首次申報,1111104,交通旅運支出,台灣中油股份有限公司油品行銷事業部台中營業處員林加油,59451206,0.00,897.00,,,,油資,金錢,彰化縣員林市****,04-8*****,否,,,,,,,
271,鄭宇焱,111年彰化縣議員選舉,首次申報,1111104,交通旅運支出,台灣中油股份有限公司油品行銷事業部台中營業處員林加油,59451206,0.00,149.00,,,,油資,金錢,彰化縣員林市****,04-8*****,否,,,,,,,
272,鄭宇焱,111年彰化縣議員選舉,首次申報,1111105,雜支支出,永豐西點麵包店,26845460,0.00,537.00,,,,餐飲費用,金錢,彰化縣員林鎮****,04-8*****,否,,,,,,,
273,鄭宇焱,111年彰化縣議員選舉,首次申報,1111105,交通旅運支出,台灣中油股份有限公司油品行銷事業部台中營業處員東路加油站,60263673,0.00,500.00,,,,油資,金錢,彰化縣員林市****,,否,,,,,,,
274,鄭宇焱,111年彰化縣議員選舉,首次申報,1111106,雜支支出,禾風池上飯包,39789336,0.00,2195.00,,,,餐飲費用,金錢,彰化縣員林鎮****,04-8*****,否,,,,,,,
275,鄭宇焱,111年彰化縣議員選舉,首次申報,1111106,交通旅運支出,台灣中油股份有限公司油品行銷事業部台中營業處員東路加油站,60263673,0.00,500.00,,,,油資,金錢,彰化縣員林市****,,否,,,,,,,
276,鄭宇焱,111年彰化縣議員選舉,首次申報,1111106,雜支支出,婕睿茶行,88754186,0.00,750.00,,,,餐飲費用,金錢,彰化縣員林市****,,否,,,,,,,
277,鄭宇焱,111年彰化縣議員選舉,首次申報,1111107,宣傳支出,彰美廣告工作室,09235324,0.00,50000.00,,,,製作競選物品或宣傳廣告費用（物品名稱-文宣品）,金錢,彰化縣彰化市****,0936*****,否,,,,,,,
278,鄭宇焱,111年彰化縣議員選舉,首次申報,1111107,雜支支出,光南大批發-員林中山店,80596299,0.00,20.00,,,,文具用品費用,金錢,彰化縣員林市****,04-8*****,否,,,,,,,
279,鄭宇焱,111年彰化縣議員選舉,首次申報,1111108,宣傳支出,京成廣告社,13282903,0.00,45810.00,,,,租用廣告看板或車體廣告費用,金錢,彰化縣永靖鄉****,04-8*****,否,,,,,,,
280,鄭宇焱,111年彰化縣議員選舉,首次申報,1111109,交通旅運支出,台灣中油股份有限公司油品行銷事業部台中營業處員東路加油站,60263673,0.00,500.00,,,,油資,金錢,彰化縣員林市****,,否,,,,,,,
281,鄭宇焱,111年彰化縣議員選舉,首次申報,1111110,雜支支出,虹林美術文具用品社,13952537,0.00,50.00,,,,文具用品費用,金錢,彰化縣員林市****,04-8*****,否,,,,,,,
282,鄭宇焱,111年彰化縣議員選舉,首次申報,1111110,宣傳支出,南彰化廣告有限公司,16647504,0.00,58760.00,,,,播放、傳送或刊登宣傳廣告費用,金錢,彰化縣員林市****,04-8*****,否,,,,,,,
283,鄭宇焱,111年彰化縣議員選舉,首次申報,1111110,雜支支出,永鈦鋼鐵工業股份有限公司,22506411,0.00,1700.00,,,,雜項購置或修繕費用,金錢,彰化縣花壇鄉****,,否,,,,,,,
284,鄭宇焱,111年彰化縣議員選舉,首次申報,1111110,人事費用支出,林子閎,N12*******,0.00,20000.00,,,,工資或薪津,金錢,彰化縣社頭鄉****,0906*****,否,,,,,,,
285,鄭宇焱,111年彰化縣議員選舉,首次申報,1111110,人事費用支出,賴儀倫,N22*******,0.00,15000.00,,,,工資或薪津,金錢,彰化縣彰化市****,0921*****,否,,,,,,,
286,鄭宇焱,111年彰化縣議員選舉,首次申報,1111111,交通旅運支出,台灣中油股份有限公司油品行銷事業部台中營業處員東路加油站,60263673,0.00,800.00,,,,油資,金錢,彰化縣員林市****,,否,,,,,,,
287,鄭宇焱,111年彰化縣議員選舉,首次申報,1111112,交通旅運支出,台灣中油-永靖站,59451249,0.00,500.00,,,,油資,金錢,彰化縣永靖鄉****,04-8*****,否,,,,,,,
288,鄭宇焱,111年彰化縣議員選舉,首次申報,1111113,雜支支出,美鈴茶飲專賣店,21402959,0.00,360.00,,,,餐飲費用,金錢,,,否,,,,,,,
289,鄭宇焱,111年彰化縣議員選舉,首次申報,1111113,雜支支出,全聯實業股份有限公司永靖中山分公司,24810796,0.00,269.00,,,,餐飲費用,金錢,,,否,,,,,,,
290,鄭宇焱,111年彰化縣議員選舉,首次申報,1111113,雜支支出,永靖庭恩飯包店,47554810,0.00,1100.00,,,,餐飲費用,金錢,,,否,,,,,,,
291,鄭宇焱,111年彰化縣議員選舉,首次申報,1111114,交通旅運支出,統一精工股份有限公司和美二站加油站,09249811,0.00,160.00,,,,油資,金錢,彰化縣和美鎮****,04-7*****,否,,,,,,,
292,鄭宇焱,111年彰化縣議員選舉,首次申報,1111114,雜支支出,統一超商股份有限公司,22555003,0.00,100.00,,,,雜項購置或修繕費用,金錢,,,否,,,,,,,
293,鄭宇焱,111年彰化縣議員選舉,首次申報,1111114,雜支支出,榛翎電信有限公司,42592955,0.00,100.00,,,,電信費用,金錢,彰化縣員林市****,04-8*****,否,,,,,,,
294,鄭宇焱,111年彰化縣議員選舉,首次申報,1111114,交通旅運支出,台灣中油股份有限公司油品行銷事業部台中營業處員東路加油站,60263673,0.00,800.00,,,,油資,金錢,彰化縣員林市****,,否,,,,,,,
295,鄭宇焱,111年彰化縣議員選舉,首次申報,1111114,雜支支出,承星商行,72506942,0.00,302.00,,,,餐飲費用,金錢,,,否,,,,,,,
296,鄭宇焱,111年彰化縣議員選舉,首次申報,1111119,雜支支出,美鈴茶飲專賣店,21402959,0.00,450.00,,,,餐飲費用,金錢,,,否,,,,,,,
297,鄭宇焱,111年彰化縣議員選舉,首次申報,1111119,雜支支出,永芳飯包,45437653,0.00,765.00,,,,餐飲費用,金錢,彰化縣永靖鄉****,04-8*****,否,,,,,,,
298,鄭宇焱,111年彰化縣議員選舉,首次申報,1111119,交通旅運支出,台灣中油股份有限公司油品行銷事業部台中營業處員東路加油站,60263673,0.00,981.00,,,,油資,金錢,彰化縣員林市****,,否,,,,,,,
299,鄭宇焱,111年彰化縣議員選舉,首次申報,1111120,雜支支出,禾風池上飯包,39789336,0.00,1000.00,,,,餐飲費用,金錢,彰化縣員林鎮****,04-8*****,否,,,,,,,
300,鄭宇焱,111年彰化縣議員選舉,首次申報,1111120,雜支支出,婕睿茶行,88754186,0.00,400.00,,,,餐飲費用,金錢,彰化縣員林市****,,否,,,,,,,
301,鄭宇焱,111年彰化縣議員選舉,首次申報,1111122,宣傳支出,中華郵政股份有限公司,,0.00,624.00,,,,郵寄競選物品或宣傳廣告費用,金錢,彰化縣員林市****,04-8*****,否,,,,,,,
302,鄭宇焱,111年彰化縣議員選舉,首次申報,1111122,宣傳支出,中華郵政股份有限公司,,0.00,160.00,,,,郵寄競選物品或宣傳廣告費用,金錢,彰化縣員林市****,04-8*****,否,,,,,,,
303,鄭宇焱,111年彰化縣議員選舉,首次申報,1111122,雜支支出,惠康百貨股份有限公司員林二分公司,96971186,0.00,850.00,,,,雜項購置或修繕費用,金錢,,,否,,,,,,,
304,鄭宇焱,111年彰化縣議員選舉,首次申報,1111123,雜支支出,虹林美術文具用品社,13952537,0.00,55.00,,,,文具用品費用,金錢,彰化縣員林市****,04-8*****,否,,,,,,,
305,鄭宇焱,111年彰化縣議員選舉,首次申報,1111123,宣傳支出,昱達生技有限公司,83157885,0.00,4000.00,,,,製作競選物品或宣傳廣告費用（物品名稱-口罩）,金錢,彰化縣埔鹽鄉****,,否,,,,,,,
306,鄭宇焱,111年彰化縣議員選舉,首次申報,1111124,交通旅運支出,員投加油站股份有限公司,27401675,0.00,826.00,,,,油資,金錢,,,否,,,,,,,
307,鄭宇焱,111年彰化縣議員選舉,首次申報,1111124,雜支支出,圓山能量餐館,82590551,0.00,550.00,,,,餐飲費用,金錢,彰化縣員林市****,,否,,,,,,,
308,鄭宇焱,111年彰化縣議員選舉,首次申報,1111126,雜支支出,倍爾國際餐飲有限公司,53276370,0.00,816.00,,,,餐飲費用,金錢,,,否,,,,,,,
309,鄭宇焱,111年彰化縣議員選舉,首次申報,1111127,交通旅運支出,統一精工股份有限公司和美二站加油站,09249811,0.00,165.00,,,,油資,金錢,彰化縣和美鎮****,04-7*****,否,,,,,,,
310,鄭宇焱,111年彰化縣議員選舉,首次申報,1111127,雜支支出,聞吔香小火鍋,26845813,0.00,1410.00,,,,餐飲費用,金錢,,,否,,,,,,,
311,鄭宇焱,111年彰化縣議員選舉,首次申報,1111127,雜支支出,夏廚五日便當店,82524027,0.00,600.00,,,,餐飲費用,金錢,,,否,,,,,,,
312,鄭宇焱,111年彰化縣議員選舉,首次申報,1111130,雜支支出,台灣自來水股份有限公司第十一區管理處員林營運所,05970785,0.00,832.00,,,,水電瓦斯費用,金錢,彰化縣員林市****,04-8*****,否,,,,,,,
313,鄭宇焱,111年彰化縣議員選舉,首次申報,1111130,雜支支出,台灣電力股份有限公司彰化區營業處-員林服務所,58650608,0.00,1735.00,,,,水電瓦斯費用,金錢,彰化縣員林市****,04-8*****,否,,,,,,,
314,鄭宇焱,111年彰化縣議員選舉,首次申報,1111130,雜支支出,台灣電力股份有限公司彰化區營業處-員林服務所,58650608,0.00,179.00,,,,水電瓦斯費用,金錢,彰化縣員林市****,04-8*****,否,,,,,,,
315,鄭宇焱,111年彰化縣議員選舉,首次申報,1111201,雜支支出,藍新科技股份有限公司,70565326,0.00,552.00,,,,手續費-,金錢,臺北市南港區****,02-2*****,否,,,,,,,
316,鄭宇焱,111年彰化縣議員選舉,首次申報,1111202,交通旅運支出,台灣中油股份有限公司油品行銷事業部台中營業處員林加油,59451206,0.00,752.00,,,,油資,金錢,彰化縣員林市****,04-8*****,否,,,,,,,
317,鄭宇焱,111年彰化縣議員選舉,首次申報,1111202,雜支支出,漢滄海鮮餐廳,87035701,0.00,15980.00,,,,餐飲費用,金錢,,,否,,,,,,,
318,鄭宇焱,111年彰化縣議員選舉,首次申報,1111203,雜支支出,禾風池上飯包,39789336,0.00,2350.00,,,,餐飲費用,金錢,彰化縣員林鎮****,04-8*****,否,,,,,,,
319,鄭宇焱,111年彰化縣議員選舉,首次申報,1111207,人事費用支出,林子閎,N12*******,0.00,20000.00,,,,工資或薪津,金錢,彰化縣社頭鄉****,0906*****,否,,,,,,,
320,鄭宇焱,111年彰化縣議員選舉,首次申報,1111207,人事費用支出,賴儀倫,N22*******,0.00,20000.00,,,,工資或薪津,金錢,彰化縣彰化市****,0921*****,否,,,,,,,
321,鄭宇焱,111年彰化縣議員選舉,首次申報,1120109,返還捐贈支出,時代力量,政黨證字第267號,0.00,120000.00,,,,返還,金錢,臺北市大同區****,,否,,,,,,,
