﻿序號,擬參選人／政黨,選舉名稱,申報序號／年度,交易日期,收支科目,捐贈者／支出對象,身分證／統一編號,收入金額,支出金額,捐贈方式,存入專戶日期,返還/繳庫,支出用途,金錢類,地址,聯絡電話,應揭露之支出對象,支出對象之內部人員姓名,支出對象之內部人員職稱,政黨之內部人員姓名,政黨之內部人員職稱,關係,更正註記,資料更正日期
1,鄭宇焱,111年彰化縣議員選舉,首次申報,1110426,個人捐贈收入,黃怡萱,A22*******,3000.00,0.00,匯款,1110426,,,金錢,南投縣水里鄉****,0975*****,,,,,,,,
2,鄭宇焱,111年彰化縣議員選舉,首次申報,1110427,個人捐贈收入,黃冠程,R12*******,100.00,0.00,匯款,1110427,,,金錢,臺南市佳里區****,0987*****,,,,,,,,
3,鄭宇焱,111年彰化縣議員選舉,首次申報,1110502,個人捐贈收入,蘇郁雯,N22*******,1000.00,0.00,匯款,1110502,,,金錢,彰化縣鹿港鎮****,0919*****,,,,,,,,
4,鄭宇焱,111年彰化縣議員選舉,首次申報,1110503,個人捐贈收入,涂世雄,R12*******,30000.00,0.00,匯款,1110503,,,金錢,新竹市東區中****,0912*****,,,,,,,,
5,鄭宇焱,111年彰化縣議員選舉,首次申報,1110504,個人捐贈收入,洪英園,N10*******,10000.00,0.00,匯款,1110504,,,金錢,新北市土城區****,0911*****,,,,,,,,
6,鄭宇焱,111年彰化縣議員選舉,首次申報,1110504,個人捐贈收入,余曉微,N22*******,20000.00,0.00,匯款,1110504,,,金錢,彰化縣員林市****,0930*****,,,,,,,,
7,鄭宇焱,111年彰化縣議員選舉,首次申報,1110505,個人捐贈收入,趙宥寧,A22*******,2000.00,0.00,匯款,1110505,,,金錢,新北市永和區****,0905*****,,,,,,,,
8,鄭宇焱,111年彰化縣議員選舉,首次申報,1110505,個人捐贈收入,邱啟賢,N12*******,30000.00,0.00,匯款,1110505,,,金錢,彰化縣員林市****,0952*****,,,,,,,,
9,鄭宇焱,111年彰化縣議員選舉,首次申報,1110507,個人捐贈收入,張淑貞,F22*******,5555.00,0.00,匯款,1110507,,,金錢,臺北市士林區****,0978*****,,,,,,,,
10,鄭宇焱,111年彰化縣議員選舉,首次申報,1110510,個人捐贈收入,陳欣瑋,N12*******,1000.00,0.00,匯款,1110510,,,金錢,彰化縣大村鄉****,0923*****,,,,,,,,
11,鄭宇焱,111年彰化縣議員選舉,首次申報,1110513,個人捐贈收入,林麗珍,B22*******,30000.00,0.00,匯款,1110516,,,金錢,彰化縣大村鄉****,0928*****,,,,,,,,
12,鄭宇焱,111年彰化縣議員選舉,首次申報,1110519,匿名捐贈,匿名捐款,,6000.00,0.00,現金,1110523,,,金錢,,,,,,,,,,
13,鄭宇焱,111年彰化縣議員選舉,首次申報,1110520,個人捐贈收入,陳宛青,A22*******,100.00,0.00,匯款,1110526,,,金錢,桃園市蘆竹區****,0963*****,,,,,,,,
14,鄭宇焱,111年彰化縣議員選舉,首次申報,1110520,個人捐贈收入,林松郁,B12*******,620.00,0.00,匯款,1110520,,,金錢,台中市大里區****,0922*****,,,,,,,,
15,鄭宇焱,111年彰化縣議員選舉,首次申報,1110520,政黨捐贈收入,時代力量,政黨證字第267號,150000.00,0.00,匯款,1110520,,,金錢,臺北市大同區****,(02)*****,,,,,,,,
16,鄭宇焱,111年彰化縣議員選舉,首次申報,1110531,個人捐贈收入,歐新匯,H12*******,2000.00,0.00,匯款,1110606,,,金錢,桃園市中壢區****,098-*****,,,,,,,,
17,鄭宇焱,111年彰化縣議員選舉,首次申報,1110609,個人捐贈收入,朱梅雪,X12*******,3000.00,0.00,匯款,1110609,,,金錢,桃園市桃園區****,0928*****,,,,,,,,
18,鄭宇焱,111年彰化縣議員選舉,首次申報,1110610,個人捐贈收入,李慕哲,A13*******,2000.00,0.00,匯款,1110617,,,金錢,台北市北投區****,0953*****,,,,,,,,
19,鄭宇焱,111年彰化縣議員選舉,首次申報,1110612,個人捐贈收入,彭宏達,J12*******,30000.00,0.00,匯款,1110612,,,金錢,新竹縣橫山鄉****,0928*****,,,,,,,,
20,鄭宇焱,111年彰化縣議員選舉,首次申報,1110614,個人捐贈收入,丁穩勝,F12*******,10000.00,0.00,匯款,1110620,,,金錢,台北市北投區****,0918*****,,,,,,,,
21,鄭宇焱,111年彰化縣議員選舉,首次申報,1110615,個人捐贈收入,彭宏達,J12*******,21500.00,0.00,匯款,1110615,,,金錢,新竹縣橫山鄉****,0928*****,,,,,,,,
22,鄭宇焱,111年彰化縣議員選舉,首次申報,1110616,個人捐贈收入,周家瑤,P22*******,1000.00,0.00,匯款,1110622,,,金錢,雲林縣斗南鎮****,0984*****,,,,,,,,
23,鄭宇焱,111年彰化縣議員選舉,首次申報,1110617,個人捐贈收入,許心欣,A22*******,2000.00,0.00,現金,1110621,,,金錢,臺中市向上路****,0939*****,,,,,,,,
24,鄭宇焱,111年彰化縣議員選舉,首次申報,1110618,個人捐贈收入,潘俞儒,D22*******,10000.00,0.00,匯款,1110624,,,金錢,台南市東區****,0988*****,,,,,,,,
25,鄭宇焱,111年彰化縣議員選舉,首次申報,1110619,個人捐贈收入,張耕銘,N12*******,3000.00,0.00,匯款,1110627,,,金錢,彰化縣員林市****,0912*****,,,,,,,,
26,鄭宇焱,111年彰化縣議員選舉,首次申報,1110621,其他收入,利息收入,,38.00,0.00,匯款,1110621,,,金錢,,,,,,,,,,
27,鄭宇焱,111年彰化縣議員選舉,首次申報,1110628,個人捐贈收入,田家誠,N12*******,3000.00,0.00,匯款,1110705,,,金錢,彰化縣永靖鄉****,0910*****,,,,,,,,
28,鄭宇焱,111年彰化縣議員選舉,首次申報,1110714,個人捐贈收入,洪裕易,N12*******,1000.00,0.00,現金,1110715,,,金錢,彰化縣彰化市****,0919*****,,,,,,,,
29,鄭宇焱,111年彰化縣議員選舉,首次申報,1110715,個人捐贈收入,張詠卿,L22*******,3000.00,0.00,匯款,1110722,,,金錢,臺中市豐原區****,0917*****,,,,,,,,
30,鄭宇焱,111年彰化縣議員選舉,首次申報,1110716,個人捐贈收入,陳毓柔,N12*******,30000.00,0.00,匯款,1110716,,,金錢,,0975*****,,,,,,,,
31,鄭宇焱,111年彰化縣議員選舉,首次申報,1110716,個人捐贈收入,黃亭茵,N22*******,2200.00,0.00,現金,1110718,,,金錢,彰化縣員林市****,0931*****,,,,,,,,
32,鄭宇焱,111年彰化縣議員選舉,首次申報,1110717,匿名捐贈,匿名,,500.00,0.00,匯款,1110725,,,金錢,,,,,,,,,,
33,鄭宇焱,111年彰化縣議員選舉,首次申報,1110718,匿名捐贈,匿名,,10000.00,0.00,現金,1110718,,,金錢,,,,,,,,,,
34,鄭宇焱,111年彰化縣議員選舉,首次申報,1110718,匿名捐贈,匿名,,10000.00,0.00,現金,1110718,,,金錢,,,,,,,,,,
35,鄭宇焱,111年彰化縣議員選舉,首次申報,1110718,匿名捐贈,匿名,,5000.00,0.00,現金,1110718,,,金錢,,,,,,,,,,
36,鄭宇焱,111年彰化縣議員選舉,首次申報,1110718,匿名捐贈,匿名,,7000.00,0.00,現金,1110718,,,金錢,,,,,,,,,,
37,鄭宇焱,111年彰化縣議員選舉,首次申報,1110718,個人捐贈收入,陳裔筑,N22*******,6000.00,0.00,匯款,1110725,,,金錢,彰化縣彰化市****,0988*****,,,,,,,,
38,鄭宇焱,111年彰化縣議員選舉,首次申報,1110723,個人捐贈收入,賴柏信,N12*******,2000.00,0.00,現金,1110726,,,金錢,彰化縣花壇鄉****,0921*****,,,,,,,,
39,鄭宇焱,111年彰化縣議員選舉,首次申報,1110723,個人捐贈收入,陳柏偉,N12*******,3000.00,0.00,現金,1110726,,,金錢,彰化縣花壇鄉****,0938*****,,,,,,,,
40,鄭宇焱,111年彰化縣議員選舉,首次申報,1110723,個人捐贈收入,施金菊,N20*******,2000.00,0.00,現金,1110726,,,金錢,彰化縣員林市****,0937*****,,,,,,,,
41,鄭宇焱,111年彰化縣議員選舉,首次申報,1110723,個人捐贈收入,黃靜怡,N22*******,3000.00,0.00,現金,1110726,,,金錢,臺北市中山區****,0956*****,,,,,,,,
42,鄭宇焱,111年彰化縣議員選舉,首次申報,1110723,個人捐贈收入,張白虹,N22*******,2000.00,0.00,現金,1110726,,,金錢,彰化縣員林市****,0923*****,,,,,,,,
43,鄭宇焱,111年彰化縣議員選舉,首次申報,1110723,個人捐贈收入,鄭女足,N22*******,3000.00,0.00,現金,1110726,,,金錢,彰化縣永靖鄉****,0937*****,,,,,,,,
44,鄭宇焱,111年彰化縣議員選舉,首次申報,1110724,個人捐贈收入,洪淑惠,T22*******,6000.00,0.00,匯款,1110724,,,金錢,臺北市中山區****,0933*****,,,,,,,,
45,鄭宇焱,111年彰化縣議員選舉,首次申報,1110807,個人捐贈收入,李慕哲,A13*******,2000.00,0.00,匯款,1110815,,,金錢,台北市北投區****,0953*****,,,,,,,,
46,鄭宇焱,111年彰化縣議員選舉,首次申報,1110808,個人捐贈收入,廖嘉鴻,P12*******,20000.00,0.00,現金,1110810,,,金錢,新北市板橋區****,0928*****,,,,,,,,
47,鄭宇焱,111年彰化縣議員選舉,首次申報,1110824,政黨捐贈收入,時代力量,政黨證字第267號,120000.00,0.00,匯款,1110824,已返還,,金錢,臺北市大同區****,(02)*****,,,,,,,,
48,鄭宇焱,111年彰化縣議員選舉,首次申報,1110825,個人捐贈收入,粘志成,N12*******,3600.00,0.00,現金,1110825,,,金錢,彰化縣鹿港鎮****,0935*****,,,,,,,,
49,鄭宇焱,111年彰化縣議員選舉,首次申報,1110828,個人捐贈收入,洪裕易,N12*******,1000.00,0.00,現金,1110905,,,金錢,彰化縣彰化市****,0919*****,,,,,,,,
50,鄭宇焱,111年彰化縣議員選舉,首次申報,1110831,個人捐贈收入,蒲郁軒,N22*******,1000.00,0.00,匯款,1110906,,,金錢,彰化縣永靖鄉****,0921*****,,,,,,,,
51,鄭宇焱,111年彰化縣議員選舉,首次申報,1110901,個人捐贈收入,江蘊生,A12*******,1000.00,0.00,匯款,1110907,,,金錢,,0973*****,,,,,,,,
52,鄭宇焱,111年彰化縣議員選舉,首次申報,1110902,個人捐贈收入,吳盈臻,N22*******,1200.00,0.00,匯款,1110912,,,金錢,彰化縣大村鄉****,0988*****,,,,,,,,
53,鄭宇焱,111年彰化縣議員選舉,首次申報,1110903,匿名捐贈,匿名,,1000.00,0.00,匯款,1110912,,,金錢,,,,,,,,,,
54,鄭宇焱,111年彰化縣議員選舉,首次申報,1110905,個人捐贈收入,賴維鈞,A12*******,2000.00,0.00,匯款,1110912,,,金錢,高雄市鳳山區****,0911*****,,,,,,,,
55,鄭宇焱,111年彰化縣議員選舉,首次申報,1110908,匿名捐贈,匿名,,3000.00,0.00,匯款,1110908,,,金錢,,,,,,,,,,
56,鄭宇焱,111年彰化縣議員選舉,首次申報,1110912,個人捐贈收入,張雅絢,N22*******,20000.00,0.00,匯款,1110912,,,金錢,高雄市鼓山區****,0987*****,,,,,,,,
57,鄭宇焱,111年彰化縣議員選舉,首次申報,1110913,個人捐贈收入,蘇郁雯,N22*******,3000.00,0.00,匯款,1110919,,,金錢,彰化縣彰化市****,0919*****,,,,,,,,
58,鄭宇焱,111年彰化縣議員選舉,首次申報,1110915,匿名捐贈,匿名,,10000.00,0.00,現金,1110915,,,金錢,,,,,,,,,,
59,鄭宇焱,111年彰化縣議員選舉,首次申報,1110915,匿名捐贈,匿名,,10000.00,0.00,現金,1110915,,,金錢,,,,,,,,,,
60,鄭宇焱,111年彰化縣議員選舉,首次申報,1110915,個人捐贈收入,余立瑋,N12*******,1000.00,0.00,現金,1110915,,,金錢,彰化縣員林市****,0911*****,,,,,,,,
61,鄭宇焱,111年彰化縣議員選舉,首次申報,1110915,個人捐贈收入,賴柔樺,N22*******,3000.00,0.00,現金,1110915,,,金錢,彰化縣大村鄉****,0988*****,,,,,,,,
62,鄭宇焱,111年彰化縣議員選舉,首次申報,1110926,匿名捐贈,匿名,,10000.00,0.00,匯款,1111003,,,金錢,,,,,,,,,,
63,鄭宇焱,111年彰化縣議員選舉,首次申報,1110927,政黨捐贈收入,時代力量,政黨證字第267號,100000.00,0.00,匯款,1110927,,,金錢,臺北市大同區****,(02)*****,,,,,,,,
64,鄭宇焱,111年彰化縣議員選舉,首次申報,1111001,個人捐贈收入,李慕哲,A13*******,2000.00,0.00,匯款,1111011,,,金錢,台北市北投區****,0953*****,,,,,,,,
65,鄭宇焱,111年彰化縣議員選舉,首次申報,1111003,個人捐贈收入,謝燕輝,,6000.00,0.00,現金,1111003,,,金錢,彰化縣田中鎮****,0919*****,,,,,,,,
66,鄭宇焱,111年彰化縣議員選舉,首次申報,1111003,個人捐贈收入,詹雅琴,,2000.00,0.00,現金,1111003,,,金錢,高雄市鳳山區****,0933*****,,,,,,,,
67,鄭宇焱,111年彰化縣議員選舉,首次申報,1111003,個人捐贈收入,曾秉瑜,,4000.00,0.00,現金,1111003,,,金錢,彰化縣田尾鄉****,0933*****,,,,,,,,
68,鄭宇焱,111年彰化縣議員選舉,首次申報,1111003,個人捐贈收入,林瑞英,,2000.00,0.00,現金,1111003,,,金錢,苗栗縣頭份市****,0937*****,,,,,,,,
69,鄭宇焱,111年彰化縣議員選舉,首次申報,1111003,個人捐贈收入,柏秀金,,2000.00,0.00,現金,1111003,,,金錢,臺中市東勢區****,0919*****,,,,,,,,
70,鄭宇焱,111年彰化縣議員選舉,首次申報,1111003,人民團體捐贈收入,社團法人彰化縣蕪菁愛家園關懷協會,,2000.00,0.00,現金,1111003,,,金錢,彰化縣永靖鄉****,,,,,,,,,
71,鄭宇焱,111年彰化縣議員選舉,首次申報,1111003,個人捐贈收入,李美金,,2000.00,0.00,現金,1111003,,,金錢,高雄市三民區****,0972*****,,,,,,,,
72,鄭宇焱,111年彰化縣議員選舉,首次申報,1111003,個人捐贈收入,陳文瑾,,2000.00,0.00,現金,1111003,,,金錢,高雄市三民區****,0926*****,,,,,,,,
73,鄭宇焱,111年彰化縣議員選舉,首次申報,1111003,個人捐贈收入,朱智宇,H12*******,10000.00,0.00,現金,1111003,,,金錢,臺北市中山區****,,,,,,,,,
74,鄭宇焱,111年彰化縣議員選舉,首次申報,1111003,個人捐贈收入,黃鉦澤,L12*******,4000.00,0.00,現金,1111003,,,金錢,臺中市大里區****,0903*****,,,,,,,,
75,鄭宇焱,111年彰化縣議員選舉,首次申報,1111003,個人捐贈收入,林秀芳,L22*******,2000.00,0.00,現金,1111003,,,金錢,臺中市太平區****,0931*****,,,,,,,,
76,鄭宇焱,111年彰化縣議員選舉,首次申報,1111003,個人捐贈收入,謝佳勳,N12*******,10000.00,0.00,現金,1111003,,,金錢,彰化縣員林市****,0921*****,,,,,,,,
77,鄭宇焱,111年彰化縣議員選舉,首次申報,1111003,個人捐贈收入,黃燕英,S20*******,2000.00,0.00,現金,1111003,,,金錢,高雄市岡山區****,0932*****,,,,,,,,
78,鄭宇焱,111年彰化縣議員選舉,首次申報,1111003,個人捐贈收入,黃富華,S22*******,2000.00,0.00,現金,1111003,,,金錢,高雄市大樹區****,0921*****,,,,,,,,
79,鄭宇焱,111年彰化縣議員選舉,首次申報,1111007,個人捐贈收入,李慕哲,A13*******,3000.00,0.00,匯款,1111013,,,金錢,台北市北投區****,0953*****,,,,,,,,
80,鄭宇焱,111年彰化縣議員選舉,首次申報,1111012,個人捐贈收入,趙廣榮,,5000.00,0.00,現金,1111012,,,金錢,高雄市左營區****,0935*****,,,,,,,,
81,鄭宇焱,111年彰化縣議員選舉,首次申報,1111012,個人捐贈收入,賴勇全,,500.00,0.00,現金,1111012,,,金錢,彰化縣員林市****,0921*****,,,,,,,,
82,鄭宇焱,111年彰化縣議員選舉,首次申報,1111012,個人捐贈收入,柏秀金,,2000.00,0.00,現金,1111012,,,金錢,臺中市東勢區****,0919*****,,,,,,,,
83,鄭宇焱,111年彰化縣議員選舉,首次申報,1111012,個人捐贈收入,王煦惠,F22*******,2000.00,0.00,現金,1111012,,,金錢,臺北市內湖區****,0975*****,,,,,,,,
84,鄭宇焱,111年彰化縣議員選舉,首次申報,1111012,個人捐贈收入,李蔚慈,L22*******,10000.00,0.00,現金,1111012,,,金錢,臺中市南屯區****,0975*****,,,,,,,,
85,鄭宇焱,111年彰化縣議員選舉,首次申報,1111012,個人捐贈收入,王錫健,N12*******,3000.00,0.00,現金,1111012,,,金錢,彰化縣員林市****,0921*****,,,,,,,,
86,鄭宇焱,111年彰化縣議員選舉,首次申報,1111015,個人捐贈收入,梁智皓,N12*******,1000.00,0.00,匯款,1111021,,,金錢,彰化縣鹿港鎮****,0970*****,,,,,,,,
87,鄭宇焱,111年彰化縣議員選舉,首次申報,1111018,個人捐贈收入,許文榮,F12*******,300.00,0.00,匯款,1111024,,,金錢,新北市金山區****,0972*****,,,,,,,,
88,鄭宇焱,111年彰化縣議員選舉,首次申報,1111019,個人捐贈收入,施邱麗香,S20*******,100000.00,0.00,匯款,1111019,,,金錢,臺北市大安區****,,,,,,,,,
89,鄭宇焱,111年彰化縣議員選舉,首次申報,1111021,個人捐贈收入,王政皓,N12*******,2000.00,0.00,匯款,1111027,,,金錢,彰化縣永靖鄉****,0912*****,,,,,,,,
90,鄭宇焱,111年彰化縣議員選舉,首次申報,1111023,個人捐贈收入,邱建和,N12*******,1000.00,0.00,匯款,1111031,,,金錢,彰化縣員林市****,0988*****,,,,,,,,
91,鄭宇焱,111年彰化縣議員選舉,首次申報,1111026,政黨捐贈收入,時代力量,政黨證字第267號,26330.00,0.00,匯款,1111026,,,金錢,臺北市大同區****,(02)*****,,,,,,,,
92,鄭宇焱,111年彰化縣議員選舉,首次申報,1111030,個人捐贈收入,施月英,N22*******,2000.00,0.00,匯款,1111107,,,金錢,彰化縣員林市****,0911*****,,,,,,,,
93,鄭宇焱,111年彰化縣議員選舉,首次申報,1111102,個人捐贈收入,林莊周,R12*******,10000.00,0.00,匯款,1111102,,,金錢,臺北市中山區****,0919*****,,,,,,,,
94,鄭宇焱,111年彰化縣議員選舉,首次申報,1111103,個人捐贈收入,董玉慈,N22*******,3000.00,0.00,匯款,1111109,,,金錢,彰化縣員林市****,0911*****,,,,,,,,
95,鄭宇焱,111年彰化縣議員選舉,首次申報,1111107,個人捐贈收入,洪瓊姿,L22*******,5000.00,0.00,匯款,1111114,,,金錢,臺中市清水區****,0922*****,,,,,,,,
96,鄭宇焱,111年彰化縣議員選舉,首次申報,1111108,個人捐贈收入,江佳璋,N12*******,10000.00,0.00,現金,1111108,,,金錢,彰化縣員林市****,0925*****,,,,,,,,
97,鄭宇焱,111年彰化縣議員選舉,首次申報,1111109,個人捐贈收入,陳凱維,L12*******,40000.00,0.00,匯款,1111109,,,金錢,桃園市中壢區****,0930*****,,,,,,,,
98,鄭宇焱,111年彰化縣議員選舉,首次申報,1111110,個人捐贈收入,張譽尹,A12*******,3000.00,0.00,匯款,1111117,,,金錢,新北市淡水區****,0925*****,,,,,,,,
99,鄭宇焱,111年彰化縣議員選舉,首次申報,1111112,匿名捐贈,匿名,,1000.00,0.00,匯款,1111118,,,金錢,,,,,,,,,,
100,鄭宇焱,111年彰化縣議員選舉,首次申報,1111112,個人捐贈收入,鄭世欣,E12*******,10000.00,0.00,匯款,1111118,,,金錢,高雄市楠梓區****,0956*****,,,,,,,,
101,鄭宇焱,111年彰化縣議員選舉,首次申報,1111122,個人捐贈收入,林莊周,R12*******,10000.00,0.00,匯款,1111122,,,金錢,臺北市中山區****,0919*****,,,,,,,,
102,鄭宇焱,111年彰化縣議員選舉,首次申報,1111123,個人捐贈收入,邱暉智,N12*******,20000.00,0.00,匯款,1111123,,,金錢,彰化縣員林市****,0933*****,,,,,,,,
103,鄭宇焱,111年彰化縣議員選舉,首次申報,1111125,個人捐贈收入,陳致曉,D12*******,5000.00,0.00,匯款,1111125,,,金錢,新北市淡水區****,0916*****,,,,,,,,
104,鄭宇焱,111年彰化縣議員選舉,首次申報,1111125,個人捐贈收入,周家瑤,P22*******,500.00,0.00,匯款,1111125,,,金錢,雲林縣斗南鎮****,0984*****,,,,,,,,
105,鄭宇焱,111年彰化縣議員選舉,首次申報,1111221,其他收入,利息收入,,282.00,0.00,匯款,1111221,,,金錢,,,,,,,,,,
