﻿序號,擬參選人／政黨,選舉名稱,申報序號／年度,交易日期,收支科目,捐贈者／支出對象,身分證／統一編號,收入金額,支出金額,捐贈方式,存入專戶日期,返還/繳庫,支出用途,金錢類,地址,聯絡電話,應揭露之支出對象,支出對象之內部人員姓名,支出對象之內部人員職稱,政黨之內部人員姓名,政黨之內部人員職稱,關係,更正註記,資料更正日期
1,李洲忠,111年南投縣議員選舉,首次申報,1111005,營利事業捐贈收入,宇順鋁窗五金行,12054260,10000.00,0.00,現金,1111005,,,金錢,南投縣草屯鎮****,0921*****,,,,,,,,
2,李洲忠,111年南投縣議員選舉,首次申報,1111018,個人捐贈收入,莊吉源,M12*******,20000.00,0.00,匯款,1111018,,,金錢,南投縣草屯鎮****,0906*****,,,,,,,,
3,李洲忠,111年南投縣議員選舉,首次申報,1111110,個人捐贈收入,李銘根,N10*******,30000.00,0.00,現金,1111110,,,金錢,南投縣草屯鎮****,0910*****,,,,,,,,
4,李洲忠,111年南投縣議員選舉,首次申報,1111115,個人捐贈收入,張美麗,M20*******,20000.00,0.00,匯款,1111116,,,金錢,南投縣草屯鎮****,0933*****,,,,,,,,
5,李洲忠,111年南投縣議員選舉,首次申報,1111116,個人捐贈收入,李宏桐,M12*******,12000.00,0.00,匯款,1111116,,,金錢,南投縣草屯鎮****,0932*****,,,,,,,,
6,李洲忠,111年南投縣議員選舉,首次申報,1111118,個人捐贈收入,林昭喜,M10*******,12000.00,0.00,現金,1111118,,,金錢,南投縣草屯鎮****,049-*****,,,,,,,,
7,李洲忠,111年南投縣議員選舉,首次申報,1111121,個人捐贈收入,李榮臻,M10*******,10000.00,0.00,現金,1111121,,,金錢,南投縣草屯鎮****,049-*****,,,,,,,,
8,李洲忠,111年南投縣議員選舉,首次申報,1111123,個人捐贈收入,鄭祐群,M12*******,50000.00,0.00,現金,1111123,,,金錢,南投縣草屯鎮****,0921*****,,,,,,,,
9,李洲忠,111年南投縣議員選舉,首次申報,1111124,營利事業捐贈收入,國堂建設股份有限公司,2865526,60000.00,0.00,現金,1111130,,,金錢,彰化縣員林市****,048-*****,,,,,,,,
10,李洲忠,111年南投縣議員選舉,首次申報,1111125,營利事業捐贈收入,懋豐開發股份有限公司,53297950,200000.00,0.00,匯款,1111125,,,金錢,南投縣草屯鎮****,049-*****,,,,,,,,
11,李洲忠,111年南投縣議員選舉,首次申報,1111125,個人捐贈收入,葉明水,A12*******,50000.00,0.00,現金,1111125,,,金錢,南投縣草屯鎮****,0923*****,,,,,,,,
