﻿序號,擬參選人／政黨,選舉名稱,申報序號／年度,交易日期,收支科目,捐贈者／支出對象,身分證／統一編號,收入金額,支出金額,捐贈方式,存入專戶日期,返還/繳庫,支出用途,金錢類,地址,聯絡電話,應揭露之支出對象,支出對象之內部人員姓名,支出對象之內部人員職稱,政黨之內部人員姓名,政黨之內部人員職稱,關係,更正註記,資料更正日期
1,許展維,111年屏東縣議員選舉,首次申報,1110625,宣傳支出,毓秀興業有限公司,90528784,0.00,433600.00,,,,製作競選物品或宣傳廣告費用（物品名稱-ml客製化競選水）,金錢,高雄市鳳山區****,,否,,,,,,,
2,許展維,111年屏東縣議員選舉,首次申報,1110627,宣傳支出,藝揚企業社,15692467,0.00,69200.00,,,,製作競選物品或宣傳廣告費用（物品名稱-競選文宣）,金錢,屏東縣屏東市****,,否,,,,,,,
3,許展維,111年屏東縣議員選舉,首次申報,1110630,雜支支出,阿舍自助餐,81932475,0.00,73500.00,,,,餐飲費用,金錢,屏東縣萬丹鄉****,,否,,,,,,,
4,許展維,111年屏東縣議員選舉,首次申報,1110630,租用宣傳車輛支出,郭信弘,T10*******,0.00,30000.00,,,,雇用宣傳車輛駕駛費用,金錢,屏東縣萬丹鄉****,,否,,,,,,,
5,許展維,111年屏東縣議員選舉,首次申報,1110630,人事費用支出,田文瑞,T12*******,0.00,30000.00,,,,工資或薪津,金錢,屏東縣東港鎮****,,否,,,,,,,
6,許展維,111年屏東縣議員選舉,首次申報,1110702,租用宣傳車輛支出,吉鋒汽車修護所,34967199,0.00,2200.00,,,,維修宣傳車輛費用,金錢,屏東縣萬丹鄉****,,否,,,,,,,
7,許展維,111年屏東縣議員選舉,首次申報,1110714,雜支支出,國統行,17495343,0.00,1400.00,,,,雜項購置或修繕費用,金錢,屏東縣萬丹鄉****,,否,,,,,,,
8,許展維,111年屏東縣議員選舉,首次申報,1110714,雜支支出,瑞興禮品社,37793159,0.00,5750.00,,,,雜項購置或修繕費用,金錢,桃園市大溪區****,,否,,,,,,,
9,許展維,111年屏東縣議員選舉,首次申報,1110722,雜支支出,湘陽實業社,26437226,0.00,28600.00,,,,雜項購置或修繕費用,金錢,臺南市山上區****,,否,,,,,,,
10,許展維,111年屏東縣議員選舉,首次申報,1110726,雜支支出,日常企業行,14479453,0.00,2450.00,,,,雜項購置或修繕費用,金錢,屏東縣萬丹鄉****,,否,,,,,,,
11,許展維,111年屏東縣議員選舉,首次申報,1110730,雜支支出,屏東小威排骨,25820504,0.00,99960.00,,,,餐飲費用,金錢,屏東縣萬丹鄉****,,否,,,,,,,
12,許展維,111年屏東縣議員選舉,首次申報,1110731,租用宣傳車輛支出,郭信弘,T10*******,0.00,30000.00,,,,雇用宣傳車輛駕駛費用,金錢,屏東縣萬丹鄉****,,否,,,,,,,
13,許展維,111年屏東縣議員選舉,首次申報,1110731,人事費用支出,田文瑞,T12*******,0.00,30000.00,,,,工資或薪津,金錢,屏東縣東港鎮****,,否,,,,,,,
14,許展維,111年屏東縣議員選舉,首次申報,1110802,雜支支出,瑞興禮品社,37793159,0.00,5742.00,,,,雜項購置或修繕費用,金錢,桃園市大溪區****,,否,,,,,,,
15,許展維,111年屏東縣議員選舉,首次申報,1110804,返還捐贈支出,溢泰實業股份有限公司,90765596,0.00,900000.00,,,,返還,金錢,屏東縣屏東市****,,否,,,,,,,
16,許展維,111年屏東縣議員選舉,首次申報,1110804,返還捐贈支出,林慶雄,T10*******,0.00,100000.00,,,,返還,金錢,屏東縣屏東市****,,否,,,,,,,
17,許展維,111年屏東縣議員選舉,首次申報,1110805,雜支支出,日常企業行,14479453,0.00,1750.00,,,,雜項購置或修繕費用,金錢,屏東縣萬丹鄉****,,否,,,,,,,
18,許展維,111年屏東縣議員選舉,首次申報,1110812,雜支支出,日常企業行,14479453,0.00,700.00,,,,雜項購置或修繕費用,金錢,屏東縣萬丹鄉****,,否,,,,,,,
19,許展維,111年屏東縣議員選舉,首次申報,1110816,返還捐贈支出,胡彥儒,S12*******,0.00,100000.00,,,,返還,金錢,屏東縣屏東市****,,否,,,,,,,
20,許展維,111年屏東縣議員選舉,首次申報,1110824,返還捐贈支出,罡旻企業有限公司,80117349,0.00,100000.00,,,,返還,金錢,屏東縣屏東市****,,否,,,,,,,
21,許展維,111年屏東縣議員選舉,首次申報,1110826,宣傳支出,藝揚企業社,15692467,0.00,51800.00,,,,製作競選物品或宣傳廣告費用（物品名稱-競選文宣、扇子）,金錢,屏東縣屏東市****,,否,,,,,,,
22,許展維,111年屏東縣議員選舉,首次申報,1110831,雜支支出,阿舍自助餐,81932475,0.00,91140.00,,,,餐飲費用,金錢,屏東縣萬丹鄉****,,否,,,,,,,
23,許展維,111年屏東縣議員選舉,首次申報,1110831,租用宣傳車輛支出,郭信弘,T10*******,0.00,30000.00,,,,雇用宣傳車輛駕駛費用,金錢,屏東縣萬丹鄉****,,否,,,,,,,
24,許展維,111年屏東縣議員選舉,首次申報,1110831,人事費用支出,田文瑞,T12*******,0.00,30000.00,,,,工資或薪津,金錢,屏東縣東港鎮****,,否,,,,,,,
25,許展維,111年屏東縣議員選舉,首次申報,1110902,雜支支出,永昇商行,10893015,0.00,1248.00,,,,雜項購置或修繕費用,金錢,屏東縣萬丹鄉****,,否,,,,,,,
26,許展維,111年屏東縣議員選舉,首次申報,1110902,雜支支出,一六八五金百貨店,40802060,0.00,1140.00,,,,雜項購置或修繕費用,金錢,屏東縣萬丹鄉****,,否,,,,,,,
27,許展維,111年屏東縣議員選舉,首次申報,1110905,雜支支出,國統行,17495343,0.00,18500.00,,,,雜項購置或修繕費用,金錢,屏東縣萬丹鄉****,,否,,,,,,,
28,許展維,111年屏東縣議員選舉,首次申報,1110905,交通旅運支出,仙吉加油站,23681598,0.00,1000.00,,,,油資,金錢,屏東縣新園鄉****,,否,,,,,,,
29,許展維,111年屏東縣議員選舉,首次申報,1110905,宣傳支出,寶利紳企業社,40756452,0.00,14560.00,,,,製作競選物品或宣傳廣告費用（物品名稱-競選團隊衣服）,金錢,屏東縣萬丹鄉****,,否,,,,,,,
30,許展維,111年屏東縣議員選舉,首次申報,1110905,雜支支出,一六八五金百貨店,40802060,0.00,420.00,,,,雜項購置或修繕費用,金錢,屏東縣萬丹鄉****,,否,,,,,,,
31,許展維,111年屏東縣議員選舉,首次申報,1110905,雜支支出,特豪商行,47683096,0.00,4600.00,,,,雜項購置或修繕費用,金錢,高雄市仁武區****,,否,,,,,,,
32,許展維,111年屏東縣議員選舉,首次申報,1110906,宣傳支出,任宇工業有限公司,50957470,0.00,87675.00,,,,製作競選物品或宣傳廣告費用（物品名稱-競選口罩）,金錢,桃園市楊梅區****,,否,,,,,,,
33,許展維,111年屏東縣議員選舉,首次申報,1110912,宣傳支出,三竹資訊股份有限公司,86136982,0.00,30000.00,,,,發送電信簡訊費用,金錢,臺北市新生北****,,否,,,,,,,
34,許展維,111年屏東縣議員選舉,首次申報,1110916,雜支支出,瑞興禮品社,37793159,0.00,4600.00,,,,雜項購置或修繕費用,金錢,桃園市大溪區****,,否,,,,,,,
35,許展維,111年屏東縣議員選舉,首次申報,1110917,宣傳支出,寶利紳企業社,40756452,0.00,12500.00,,,,製作競選物品或宣傳廣告費用（物品名稱-競選團隊背心）,金錢,屏東縣萬丹鄉****,,否,,,,,,,
36,許展維,111年屏東縣議員選舉,首次申報,1110917,宣傳支出,任宇工業有限公司,50957470,0.00,53550.00,,,,製作競選物品或宣傳廣告費用（物品名稱-競選口罩）,金錢,桃園市楊梅區****,,否,,,,,,,
37,許展維,111年屏東縣議員選舉,首次申報,1110917,雜支支出,50嵐綠茶連鎖專賣店(新園仙吉店),81356183,0.00,350.00,,,,餐飲費用,金錢,屏東縣新園鄉****,,否,,,,,,,
38,許展維,111年屏東縣議員選舉,首次申報,1110922,宣傳支出,藝揚企業社,15692467,0.00,112000.00,,,,製作競選物品或宣傳廣告費用（物品名稱-競選文宣）,金錢,屏東縣屏東市****,,否,,,,,,,
39,許展維,111年屏東縣議員選舉,首次申報,1110923,宣傳支出,任宇工業有限公司,50957470,0.00,8925.00,,,,製作競選物品或宣傳廣告費用（物品名稱-競選口罩）,金錢,桃園市楊梅區****,,否,,,,,,,
40,許展維,111年屏東縣議員選舉,首次申報,1110927,雜支支出,50嵐綠茶連鎖專賣店(萬丹店),42789269,0.00,604.00,,,,餐飲費用,金錢,屏東縣萬丹鄉****,,否,,,,,,,
41,許展維,111年屏東縣議員選舉,首次申報,1110927,交通旅運支出,台灣中油(萬丹站),90060295,0.00,1000.00,,,,油資,金錢,屏東縣萬丹鄉****,,否,,,,,,,
42,許展維,111年屏東縣議員選舉,首次申報,1110928,雜支支出,丞祐商行,89066623,0.00,259.00,,,,雜項購置或修繕費用,金錢,屏東縣東港鎮****,,否,,,,,,,
43,許展維,111年屏東縣議員選舉,首次申報,1110930,雜支支出,萬丹三代阿信食堂,81369624,0.00,98700.00,,,,餐飲費用,金錢,屏東縣潮州鎮****,,否,,,,,,,
44,許展維,111年屏東縣議員選舉,首次申報,1110930,人事費用支出,蘇秋惠,E22*******,0.00,30000.00,,,,工資或薪津,金錢,屏東縣東港鎮****,,否,,,,,,,
45,許展維,111年屏東縣議員選舉,首次申報,1110930,租用宣傳車輛支出,郭信弘,T10*******,0.00,30000.00,,,,雇用宣傳車輛駕駛費用,金錢,屏東縣萬丹鄉****,,否,,,,,,,
46,許展維,111年屏東縣議員選舉,首次申報,1110930,人事費用支出,許文耀,T12*******,0.00,30000.00,,,,工資或薪津,金錢,屏東縣東港鎮****,,否,,,,,,,
47,許展維,111年屏東縣議員選舉,首次申報,1110930,租用宣傳車輛支出,洪俊發,T12*******,0.00,45000.00,,,,雇用宣傳車輛駕駛費用,金錢,屏東縣東港鎮****,,否,,,,,,,
48,許展維,111年屏東縣議員選舉,首次申報,1110930,人事費用支出,田文瑞,T12*******,0.00,30000.00,,,,工資或薪津,金錢,屏東縣東港鎮****,,否,,,,,,,
49,許展維,111年屏東縣議員選舉,首次申報,1111001,雜支支出,MACU麻古茶坊(萬丹店),47909427,0.00,1050.00,,,,餐飲費用,金錢,屏東縣萬丹鄉****,,否,,,,,,,
50,許展維,111年屏東縣議員選舉,首次申報,1111001,交通旅運支出,台灣中油(萬丹站),90060295,0.00,1657.00,,,,油資,金錢,屏東縣萬丹鄉****,,否,,,,,,,
51,許展維,111年屏東縣議員選舉,首次申報,1111003,宣傳支出,任宇工業有限公司,50957470,0.00,8925.00,,,,製作競選物品或宣傳廣告費用（物品名稱-競選口罩）,金錢,桃園市楊梅區****,,否,,,,,,,
52,許展維,111年屏東縣議員選舉,首次申報,1111004,宣傳支出,新潮錄音室,87663645,0.00,700.00,,,,播放、傳送或刊登宣傳廣告費用,金錢,屏東縣屏東市****,,否,,,,,,,
53,許展維,111年屏東縣議員選舉,首次申報,1111006,雜支支出,家宜企業社,47906245,0.00,5000.00,,,,雜項購置或修繕費用,金錢,屏東縣東港鎮****,,否,,,,,,,
54,許展維,111年屏東縣議員選舉,首次申報,1111011,宣傳支出,藝揚企業社,15692467,0.00,76600.00,,,,製作競選物品或宣傳廣告費用（物品名稱-競選文宣）,金錢,屏東縣屏東市****,,否,,,,,,,
55,許展維,111年屏東縣議員選舉,首次申報,1111011,交通旅運支出,台灣中油(千越東港站),17504997,0.00,970.00,,,,油資,金錢,屏東縣東港鎮****,,否,,,,,,,
56,許展維,111年屏東縣議員選舉,首次申報,1111012,集會支出,紅花花藝工作坊,25798279,0.00,6400.00,,,,租用設備費用,金錢,屏東縣東港鎮****,,否,,,,,,,
57,許展維,111年屏東縣議員選舉,首次申報,1111014,宣傳支出,新潮錄音室,87663645,0.00,1000.00,,,,播放、傳送或刊登宣傳廣告費用,金錢,屏東縣屏東市****,,否,,,,,,,
58,許展維,111年屏東縣議員選舉,首次申報,1111015,雜支支出,日常企業行,14479453,0.00,420.00,,,,雜項購置或修繕費用,金錢,屏東縣萬丹鄉****,,否,,,,,,,
59,許展維,111年屏東縣議員選舉,首次申報,1111015,雜支支出,阿舍自助餐,81932475,0.00,90020.00,,,,餐飲費用,金錢,屏東縣萬丹鄉****,,否,,,,,,,
60,許展維,111年屏東縣議員選舉,首次申報,1111016,雜支支出,家宜企業社,47906245,0.00,2860.00,,,,雜項購置或修繕費用,金錢,屏東縣東港鎮****,,否,,,,,,,
61,許展維,111年屏東縣議員選舉,首次申報,1111017,宣傳支出,寶利紳企業社,40756452,0.00,8400.00,,,,製作競選物品或宣傳廣告費用（物品名稱-團隊衣服）,金錢,屏東縣萬丹鄉****,,否,,,,,,,
62,許展維,111年屏東縣議員選舉,首次申報,1111017,雜支支出,101文具天堂(萬丹店),54804687,0.00,569.00,,,,文具用品費用,金錢,屏東縣萬丹鄉****,,否,,,,,,,
63,許展維,111年屏東縣議員選舉,首次申報,1111017,雜支支出,金玉堂(萬丹店),96983970,0.00,326.00,,,,文具用品費用,金錢,屏東縣萬丹鄉****,,否,,,,,,,
64,許展維,111年屏東縣議員選舉,首次申報,1111019,交通旅運支出,台灣中油股份有限公司(東港站),91227723,0.00,1000.00,,,,油資,金錢,屏東縣東港鎮****,,否,,,,,,,
65,許展維,111年屏東縣議員選舉,首次申報,1111021,雜支支出,101文具天堂(萬丹店),54804687,0.00,20.00,,,,文具用品費用,金錢,屏東縣萬丹鄉****,,否,,,,,,,
66,許展維,111年屏東縣議員選舉,首次申報,1111021,宣傳支出,新潮錄音室,87663645,0.00,2000.00,,,,播放、傳送或刊登宣傳廣告費用,金錢,屏東縣屏東市****,,否,,,,,,,
67,許展維,111年屏東縣議員選舉,首次申報,1111022,宣傳支出,藝揚企業社,15692467,0.00,239000.00,,,,製作競選物品或宣傳廣告費用（物品名稱-競選文宣）,金錢,屏東縣屏東市****,,否,,,,,,,
68,許展維,111年屏東縣議員選舉,首次申報,1111023,雜支支出,燦坤實業股份有限公司萬丹分公司,28989224,0.00,516.00,,,,雜項購置或修繕費用,金錢,屏東縣萬丹鄉****,,否,,,,,,,
69,許展維,111年屏東縣議員選舉,首次申報,1111023,雜支支出,101文具天堂(萬丹店),54804687,0.00,819.00,,,,文具用品費用,金錢,屏東縣萬丹鄉****,,否,,,,,,,
70,許展維,111年屏東縣議員選舉,首次申報,1111024,租用宣傳車輛支出,吉鋒汽車修護所,34967199,0.00,1950.00,,,,維修宣傳車輛費用,金錢,屏東縣萬丹鄉****,,否,,,,,,,
71,許展維,111年屏東縣議員選舉,首次申報,1111025,宣傳支出,新潮錄音室,87663645,0.00,800.00,,,,播放、傳送或刊登宣傳廣告費用,金錢,屏東縣屏東市****,,否,,,,,,,
72,許展維,111年屏東縣議員選舉,首次申報,1111025,宣傳支出,角落複印,99555733,0.00,31400.00,,,,其他與選舉宣傳有關之費用(手工派報文宣),金錢,臺南市新市區****,,否,,,,,,,
73,許展維,111年屏東縣議員選舉,首次申報,1111026,宣傳支出,寶利紳企業社,40756452,0.00,4000.00,,,,製作競選物品或宣傳廣告費用（物品名稱-團隊衣服）,金錢,屏東縣萬丹鄉****,,否,,,,,,,
74,許展維,111年屏東縣議員選舉,首次申報,1111026,雜支支出,101文具天堂(萬丹店),54804687,0.00,288.00,,,,文具用品費用,金錢,屏東縣萬丹鄉****,,否,,,,,,,
75,許展維,111年屏東縣議員選舉,首次申報,1111026,雜支支出,101文具天堂(萬丹店),54804687,0.00,620.00,,,,文具用品費用,金錢,屏東縣萬丹鄉****,,否,,,,,,,
76,許展維,111年屏東縣議員選舉,首次申報,1111027,交通旅運支出,仙吉加油站,23681598,0.00,998.00,,,,油資,金錢,屏東縣新園鄉****,,否,,,,,,,
77,許展維,111年屏東縣議員選舉,首次申報,1111027,雜支支出,湘陽實業社,26437226,0.00,23100.00,,,,雜項購置或修繕費用,金錢,臺南市山上區****,,否,,,,,,,
78,許展維,111年屏東縣議員選舉,首次申報,1111027,宣傳支出,任宇工業有限公司,50957470,0.00,8925.00,,,,製作競選物品或宣傳廣告費用（物品名稱-競選口罩）,金錢,桃園市楊梅區****,,否,,,,,,,
79,許展維,111年屏東縣議員選舉,首次申報,1111027,雜支支出,101文具天堂(萬丹店),54804687,0.00,402.00,,,,文具用品費用,金錢,屏東縣萬丹鄉****,,否,,,,,,,
80,許展維,111年屏東縣議員選舉,首次申報,1111027,雜支支出,101文具天堂(萬丹店),54804687,0.00,320.00,,,,文具用品費用,金錢,屏東縣萬丹鄉****,,否,,,,,,,
81,許展維,111年屏東縣議員選舉,首次申報,1111028,雜支支出,日常企業行,14479453,0.00,875.00,,,,雜項購置或修繕費用,金錢,屏東縣萬丹鄉****,,否,,,,,,,
82,許展維,111年屏東縣議員選舉,首次申報,1111028,雜支支出,東興學生服,85808151,0.00,1000.00,,,,雜項購置或修繕費用,金錢,屏東縣東港鎮****,,否,,,,,,,
83,許展維,111年屏東縣議員選舉,首次申報,1111030,集會支出,萬丹盧記肉粽,10792987,0.00,8000.00,,,,餐飲費用,金錢,屏東縣萬丹鄉****,,否,,,,,,,
84,許展維,111年屏東縣議員選舉,首次申報,1111030,集會支出,皇家御品企業社,36803910,0.00,3560.00,,,,餐飲費用,金錢,屏東縣萬丹鄉****,,否,,,,,,,
85,許展維,111年屏東縣議員選舉,首次申報,1111030,雜支支出,101文具天堂(萬丹店),54804687,0.00,340.00,,,,文具用品費用,金錢,屏東縣萬丹鄉****,,否,,,,,,,
86,許展維,111年屏東縣議員選舉,首次申報,1111030,集會支出,阿舍自助餐,81932475,0.00,150000.00,,,,餐飲費用,金錢,屏東縣萬丹鄉****,,否,,,,,,,
87,許展維,111年屏東縣議員選舉,首次申報,1111030,集會支出,屏東汽車客運股份有限公司,90724553,0.00,63500.00,,,,其他與集會有關之費用(租車費),金錢,屏東縣屏東市****,,否,,,,,,,
88,許展維,111年屏東縣議員選舉,首次申報,1111031,雜支支出,屏東小威排骨,25820504,0.00,73150.00,,,,餐飲費用,金錢,屏東縣萬丹鄉****,,否,,,,,,,
89,許展維,111年屏東縣議員選舉,首次申報,1111031,雜支支出,MACU麻古茶坊(萬丹店),47909427,0.00,240.00,,,,餐飲費用,金錢,屏東縣萬丹鄉****,,否,,,,,,,
90,許展維,111年屏東縣議員選舉,首次申報,1111031,人事費用支出,蘇秋惠,E22*******,0.00,30000.00,,,,工資或薪津,金錢,屏東縣東港鎮****,,否,,,,,,,
91,許展維,111年屏東縣議員選舉,首次申報,1111031,租用宣傳車輛支出,郭信弘,T10*******,0.00,30000.00,,,,雇用宣傳車輛駕駛費用,金錢,屏東縣萬丹鄉****,,否,,,,,,,
92,許展維,111年屏東縣議員選舉,首次申報,1111031,租用宣傳車輛支出,洪俊發,T12*******,0.00,45000.00,,,,雇用宣傳車輛駕駛費用,金錢,屏東縣東港鎮****,,否,,,,,,,
93,許展維,111年屏東縣議員選舉,首次申報,1111031,人事費用支出,許文耀,T12*******,0.00,30000.00,,,,工資或薪津,金錢,屏東縣東港鎮****,,否,,,,,,,
94,許展維,111年屏東縣議員選舉,首次申報,1111031,人事費用支出,林恭瑩,T12*******,0.00,30000.00,,,,工資或薪津,金錢,屏東縣東港鎮****,,否,,,,,,,
95,許展維,111年屏東縣議員選舉,首次申報,1111031,人事費用支出,田文瑞,T12*******,0.00,30000.00,,,,工資或薪津,金錢,屏東縣東港鎮****,,否,,,,,,,
96,許展維,111年屏東縣議員選舉,首次申報,1111104,宣傳支出,藝揚企業社,15692467,0.00,36600.00,,,,製作競選物品或宣傳廣告費用（物品名稱-競選文宣）,金錢,屏東縣屏東市****,,否,,,,,,,
97,許展維,111年屏東縣議員選舉,首次申報,1111105,交通旅運支出,台灣中油股份有限公司(東港站),91227723,0.00,1000.00,,,,油資,金錢,屏東縣東港鎮****,,否,,,,,,,
98,許展維,111年屏東縣議員選舉,首次申報,1111115,雜支支出,阿舍自助餐,81932475,0.00,97500.00,,,,餐飲費用,金錢,屏東縣萬丹鄉****,,否,,,,,,,
99,許展維,111年屏東縣議員選舉,首次申報,1111121,宣傳支出,中華郵政-萬丹郵局,,0.00,396.00,,,,郵寄競選物品或宣傳廣告費用,金錢,屏東縣萬丹鄉****,,否,,,,,,,
100,許展維,111年屏東縣議員選舉,首次申報,1111122,雜支支出,MACU麻古茶坊(萬丹店),47909427,0.00,1500.00,,,,餐飲費用,金錢,屏東縣萬丹鄉****,,否,,,,,,,
101,許展維,111年屏東縣議員選舉,首次申報,1111122,宣傳支出,角落複印,99555733,0.00,18000.00,,,,其他與選舉宣傳有關之費用(手工派報文宣),金錢,臺南市新市區****,,否,,,,,,,
102,許展維,111年屏東縣議員選舉,首次申報,1111123,宣傳支出,角落複印,99555733,0.00,18000.00,,,,其他與選舉宣傳有關之費用(手工派報文宣),金錢,臺南市新市區****,,否,,,,,,,
103,許展維,111年屏東縣議員選舉,首次申報,1111124,返還捐贈支出,名馳光電科技有限公司,54798952,0.00,50000.00,,,,返還,金錢,屏東縣萬丹鄉****,,否,,,,,,,
104,許展維,111年屏東縣議員選舉,首次申報,1111125,租用宣傳車輛支出,王文泰,T12*******,0.00,25500.00,,,,雇用宣傳車輛駕駛費用(身障摩托車),金錢,屏東縣東港鎮****,,否,,,,,,,
105,許展維,111年屏東縣議員選舉,首次申報,1111125,租用宣傳車輛支出,方佑人,T12*******,0.00,27000.00,,,,雇用宣傳車輛駕駛費用(身障摩托車),金錢,屏東縣東港鎮****,,否,,,,,,,
106,許展維,111年屏東縣議員選舉,首次申報,1111125,租用宣傳車輛支出,林秀芳,T22*******,0.00,25500.00,,,,雇用宣傳車輛駕駛費用(身障摩托車),金錢,屏東縣萬丹鄉****,,否,,,,,,,
107,許展維,111年屏東縣議員選舉,首次申報,1111126,雜支支出,阿舍自助餐,81932475,0.00,96600.00,,,,餐飲費用,金錢,屏東縣萬丹鄉****,,否,,,,,,,
108,許展維,111年屏東縣議員選舉,首次申報,1111130,人事費用支出,蘇秋惠,E22*******,0.00,30000.00,,,,工資或薪津,金錢,屏東縣東港鎮****,,否,,,,,,,
109,許展維,111年屏東縣議員選舉,首次申報,1111130,租用宣傳車輛支出,郭信弘,T10*******,0.00,30000.00,,,,雇用宣傳車輛駕駛費用,金錢,屏東縣萬丹鄉****,,否,,,,,,,
110,許展維,111年屏東縣議員選舉,首次申報,1111130,人事費用支出,許文耀,T12*******,0.00,30000.00,,,,工資或薪津,金錢,屏東縣東港鎮****,,否,,,,,,,
111,許展維,111年屏東縣議員選舉,首次申報,1111130,人事費用支出,田文瑞,T12*******,0.00,30000.00,,,,工資或薪津,金錢,屏東縣東港鎮****,,否,,,,,,,
112,許展維,111年屏東縣議員選舉,首次申報,1111130,租用宣傳車輛支出,洪俊發,T12*******,0.00,45000.00,,,,雇用宣傳車輛駕駛費用,金錢,屏東縣東港鎮****,,否,,,,,,,
