﻿序號,擬參選人／政黨,選舉名稱,申報序號／年度,交易日期,收支科目,捐贈者／支出對象,身分證／統一編號,收入金額,支出金額,捐贈方式,存入專戶日期,返還/繳庫,支出用途,金錢類,地址,聯絡電話,應揭露之支出對象,支出對象之內部人員姓名,支出對象之內部人員職稱,政黨之內部人員姓名,政黨之內部人員職稱,關係,更正註記,資料更正日期
1,陳科名,111年新北市議員選舉,首次申報,1111002,集會支出,上上青平價鮮果廣場,10622843,0.00,1136.00,,,,餐飲費用,金錢,新北市新莊區****,,否,,,,,,,
2,陳科名,111年新北市議員選舉,首次申報,1111003,雜支支出,大晋水果廣場,13694454,0.00,160.00,,,,餐飲費用,金錢,新北市新莊區****,,否,,,,,,,
3,陳科名,111年新北市議員選舉,首次申報,1111003,宣傳支出,英茂資訊股份有限公司,22654735,0.00,9262.00,,,,其他與選舉宣傳有關之費用,金錢,臺中市西屯區****,,否,,,,,,,
4,陳科名,111年新北市議員選舉,首次申報,1111003,宣傳支出,陳科名,F12*******,0.00,31755.00,,,,郵寄競選物品或宣傳廣告費用,金錢,新北市新莊區****,,否,,,,,,,
5,陳科名,111年新北市議員選舉,首次申報,1111004,雜支支出,花卉營業人(1720),01224984,0.00,500.00,,,,競選總部布置用花卉,金錢,臺北市新湖三****,,否,,,,,,,
6,陳科名,111年新北市議員選舉,首次申報,1111004,雜支支出,金品家具行,02211918,0.00,1800.00,,,,辦公桌,金錢,新北市新莊區****,,否,,,,,,,
7,陳科名,111年新北市議員選舉,首次申報,1111005,集會支出,上上青平價鮮果廣場,10622843,0.00,334.00,,,,餐飲費用,金錢,新北市新莊區****,,否,,,,,,,
8,陳科名,111年新北市議員選舉,首次申報,1111006,宣傳支出,陳科名,F12*******,0.00,412.00,,,,郵寄競選物品或宣傳廣告費用,金錢,新北市新莊區****,,否,,,,,,,
9,陳科名,111年新北市議員選舉,首次申報,1111007,雜支支出,泉虹商行,10660923,0.00,1350.00,,,,文具用品費用,金錢,新北市新莊區****,,否,,,,,,,
10,陳科名,111年新北市議員選舉,首次申報,1111008,集會支出,上上青平價鮮果廣場,10622843,0.00,447.00,,,,餐飲費用,金錢,新北市新莊區****,,否,,,,,,,
11,陳科名,111年新北市議員選舉,首次申報,1111009,集會支出,上上青平價鮮果廣場,10622843,0.00,246.00,,,,餐飲費用,金錢,新北市新莊區****,,否,,,,,,,
12,陳科名,111年新北市議員選舉,首次申報,1111011,雜支支出,百立商行,02162212,0.00,200.00,,,,雜項購置或修繕費用,金錢,新北市新莊區****,,否,,,,,,,
13,陳科名,111年新北市議員選舉,首次申報,1111011,集會支出,李師傅雞腿王快餐店,08644125,0.00,1200.00,,,,餐飲費用,金錢,新北市新莊區****,,否,,,,,,,
14,陳科名,111年新北市議員選舉,首次申報,1111011,集會支出,富佳池上飯包店,10002870,0.00,1620.00,,,,餐飲費用,金錢,新北市新莊區****,,否,,,,,,,
15,陳科名,111年新北市議員選舉,首次申報,1111011,雜支支出,昌盛五金店,36100860,0.00,70.00,,,,雜項購置或修繕費用,金錢,新北市新莊區****,,否,,,,,,,
16,陳科名,111年新北市議員選舉,首次申報,1111011,宣傳支出,施秀娟壓布锈字工作坊,57945133,0.00,3400.00,,,,製作競選物品或宣傳廣告費用（彩帶）,金錢,高雄市三民區****,,否,,,,,,,
17,陳科名,111年新北市議員選舉,首次申報,1111011,集會支出,再生五金工具行泰山店,87368334,0.00,10500.00,,,,其他與集會有關之費用,金錢,新北市泰山區****,,否,,,,,,,
18,陳科名,111年新北市議員選舉,首次申報,1111011,宣傳支出,陳科名,F12*******,0.00,504.00,,,,郵寄競選物品或宣傳廣告費用,金錢,新北市新莊區****,,否,,,,,,,
19,陳科名,111年新北市議員選舉,首次申報,1111012,交通旅運支出,西歐加油站,31529490,0.00,130.00,,,,油資,金錢,新北市新莊區****,,否,,,,,,,
20,陳科名,111年新北市議員選舉,首次申報,1111012,交通旅運支出,台灣中油股份有限公司油品行銷事業部台北營業處新莊加油站,36173758,0.00,130.00,,,,油資,金錢,新北市新莊區****,,否,,,,,,,
21,陳科名,111年新北市議員選舉,首次申報,1111012,集會支出,詠恩小吃店,41364601,0.00,2850.00,,,,餐飲費用,金錢,新北市新莊區****,,否,,,,,,,
22,陳科名,111年新北市議員選舉,首次申報,1111013,雜支支出,花卉營業人(1720),01224984,0.00,750.00,,,,競選總部布置用花卉,金錢,臺北市新湖三****,,否,,,,,,,
23,陳科名,111年新北市議員選舉,首次申報,1111013,交通旅運支出,西歐加油站,31529490,0.00,130.00,,,,油資,金錢,新北市新莊區****,,否,,,,,,,
24,陳科名,111年新北市議員選舉,首次申報,1111013,集會支出,詠恩小吃店,41364601,0.00,2355.00,,,,餐飲費用,金錢,新北市新莊區****,,否,,,,,,,
25,陳科名,111年新北市議員選舉,首次申報,1111013,雜支支出,益飛生活百貨有限公司,54290961,0.00,946.00,,,,文具用品費用,金錢,新北市新莊區****,,否,,,,,,,
26,陳科名,111年新北市議員選舉,首次申報,1111013,宣傳支出,音響王國影音科技有限公司,70712869,0.00,32000.00,,,,播放、傳送或刊登宣傳廣告費用,金錢,新北市泰山區****,,否,,,,,,,
27,陳科名,111年新北市議員選舉,首次申報,1111013,集會支出,柳家烘培坊,85333155,0.00,1200.00,,,,其他與集會有關之費用,金錢,新北市泰山區****,,否,,,,,,,
28,陳科名,111年新北市議員選舉,首次申報,1111013,雜支支出,豐昌生活館有限公司,90628398,0.00,605.00,,,,文具用品費用,金錢,新北市新莊區****,,否,,,,,,,
29,陳科名,111年新北市議員選舉,首次申報,1111013,雜支支出,弘盛五金行,95873807,0.00,150.00,,,,雜項購置或修繕費用,金錢,新北市新莊區****,,否,,,,,,,
30,陳科名,111年新北市議員選舉,首次申報,1111014,集會支出,富佳池上飯包店,10002870,0.00,1200.00,,,,餐飲費用,金錢,新北市新莊區****,,否,,,,,,,
31,陳科名,111年新北市議員選舉,首次申報,1111014,集會支出,大晋水果廣場,13694454,0.00,285.00,,,,餐飲費用,金錢,新北市新莊區****,,否,,,,,,,
32,陳科名,111年新北市議員選舉,首次申報,1111014,交通旅運支出,台灣中油股份有限公司油品行銷事業部台北營業處新莊加油站,36173758,0.00,630.00,,,,油資,金錢,新北市新莊區****,,否,,,,,,,
33,陳科名,111年新北市議員選舉,首次申報,1111014,雜支支出,詠恩小吃店,41364601,0.00,1000.00,,,,餐飲費用,金錢,新北市新莊區****,,否,,,,,,,
34,陳科名,111年新北市議員選舉,首次申報,1111015,集會支出,富佳池上飯包店,10002870,0.00,3500.00,,,,餐飲費用,金錢,新北市新莊區****,,否,,,,,,,
35,陳科名,111年新北市議員選舉,首次申報,1111015,雜支支出,泉虹商行,10660923,0.00,100.00,,,,文具用品費用,金錢,新北市新莊區****,,否,,,,,,,
36,陳科名,111年新北市議員選舉,首次申報,1111015,集會支出,安全包裝材料行,36142073,0.00,1984.00,,,,其他與集會有關之費用,金錢,新北市新莊區****,,否,,,,,,,
37,陳科名,111年新北市議員選舉,首次申報,1111015,集會支出,鮮果美水果行,72361869,0.00,280.00,,,,其他與集會有關之費用,金錢,新北市新莊區****,,否,,,,,,,
38,陳科名,111年新北市議員選舉,首次申報,1111015,雜支支出,簡靖軒,82292069,0.00,180.00,,,,雜項購置或修繕費用,金錢,新北市新莊區****,,否,,,,,,,
39,陳科名,111年新北市議員選舉,首次申報,1111015,集會支出,永揚環保有限公司,83114676,0.00,4725.00,,,,清潔整理費用,金錢,新北市樹林區****,,否,,,,,,,
40,陳科名,111年新北市議員選舉,首次申報,1111015,人事費用支出,簡宣文,Q12*******,0.00,7500.00,,,,工資或薪津,金錢,新北市泰山區****,,否,,,,,,,
41,陳科名,111年新北市議員選舉,首次申報,1111016,集會支出,富佳池上飯包店,10002870,0.00,4000.00,,,,餐飲費用,金錢,新北市新莊區****,,否,,,,,,,
42,陳科名,111年新北市議員選舉,首次申報,1111017,集會支出,富佳池上飯包店,10002870,0.00,3570.00,,,,餐飲費用,金錢,新北市新莊區****,,否,,,,,,,
43,陳科名,111年新北市議員選舉,首次申報,1111017,集會支出,安全包裝材料行,36142073,0.00,2426.00,,,,其他與集會有關之費用,金錢,新北市新莊區****,,否,,,,,,,
44,陳科名,111年新北市議員選舉,首次申報,1111017,交通旅運支出,榮強流通事業股份有限公司,53180488,0.00,1980.00,,,,油資,金錢,新北市新莊區****,,否,,,,,,,
45,陳科名,111年新北市議員選舉,首次申報,1111018,集會支出,富佳池上飯包店,10002870,0.00,4200.00,,,,餐飲費用,金錢,新北市新莊區****,,否,,,,,,,
46,陳科名,111年新北市議員選舉,首次申報,1111018,雜支支出,泉虹商行,10660923,0.00,350.00,,,,雜項購置或修繕費用,金錢,新北市新莊區****,,否,,,,,,,
47,陳科名,111年新北市議員選舉,首次申報,1111018,集會支出,柳家烘培坊,85333155,0.00,2400.00,,,,其他與集會有關之費用,金錢,新北市泰山區****,,否,,,,,,,
48,陳科名,111年新北市議員選舉,首次申報,1111019,雜支支出,花卉營業人(1720),01224984,0.00,550.00,,,,競選總部布置用花卉,金錢,臺北市新湖三****,,否,,,,,,,
49,陳科名,111年新北市議員選舉,首次申報,1111019,集會支出,富佳池上飯包店,10002870,0.00,2800.00,,,,餐飲費用,金錢,新北市新莊區****,,否,,,,,,,
50,陳科名,111年新北市議員選舉,首次申報,1111019,集會支出,上上青平價鮮果廣場,10622843,0.00,260.00,,,,餐飲費用,金錢,新北市新莊區****,,否,,,,,,,
51,陳科名,111年新北市議員選舉,首次申報,1111019,集會支出,大晋水果廣場,13694454,0.00,785.00,,,,餐飲費用,金錢,新北市新莊區****,,否,,,,,,,
52,陳科名,111年新北市議員選舉,首次申報,1111019,集會支出,柳家烘培坊,85333155,0.00,6880.00,,,,其他與集會有關之費用,金錢,新北市泰山區****,,否,,,,,,,
53,陳科名,111年新北市議員選舉,首次申報,1111020,集會支出,富佳池上飯包店,10002870,0.00,3400.00,,,,餐飲費用,金錢,新北市新莊區****,,否,,,,,,,
54,陳科名,111年新北市議員選舉,首次申報,1111020,宣傳支出,正東帆布工程行,26517868,0.00,1700.00,,,,其他與選舉宣傳有關之費用,金錢,新北市新莊區****,,否,,,,,,,
55,陳科名,111年新北市議員選舉,首次申報,1111020,宣傳支出,藝星廣告工程行,33703895,0.00,9450.00,,,,製作競選物品或宣傳廣告費用（帆布廣告）,金錢,新北市新莊區****,,否,,,,,,,
56,陳科名,111年新北市議員選舉,首次申報,1111020,宣傳支出,優是數位文創有限公司,54712884,0.00,84000.00,,,,播放、傳送或刊登宣傳廣告費用,金錢,新北市板橋區****,,否,,,,,,,
57,陳科名,111年新北市議員選舉,首次申報,1111020,集會支出,柳家烘培坊,85333155,0.00,1000.00,,,,其他與集會有關之費用,金錢,新北市泰山區****,,否,,,,,,,
58,陳科名,111年新北市議員選舉,首次申報,1111021,交通旅運支出,台灣中油（股）油品行銷事業部台北營業處泰新加油站,02097304,0.00,770.00,,,,油資,金錢,新北市泰山區****,,否,,,,,,,
59,陳科名,111年新北市議員選舉,首次申報,1111021,集會支出,富佳池上飯包店,10002870,0.00,3825.00,,,,餐飲費用,金錢,新北市新莊區****,,否,,,,,,,
60,陳科名,111年新北市議員選舉,首次申報,1111021,雜支支出,泉虹商行,10660923,0.00,180.00,,,,雜項購置或修繕費用,金錢,新北市新莊區****,,否,,,,,,,
61,陳科名,111年新北市議員選舉,首次申報,1111021,雜支支出,自信百貨有限公司,84539638,0.00,200.00,,,,雜項購置或修繕費用,金錢,新北市新莊區****,,否,,,,,,,
62,陳科名,111年新北市議員選舉,首次申報,1111021,集會支出,柳家烘培坊,85333155,0.00,1000.00,,,,其他與集會有關之費用,金錢,新北市泰山區****,,否,,,,,,,
63,陳科名,111年新北市議員選舉,首次申報,1111022,集會支出,富佳池上飯包店,10002870,0.00,4050.00,,,,餐飲費用,金錢,新北市新莊區****,,否,,,,,,,
64,陳科名,111年新北市議員選舉,首次申報,1111022,雜支支出,金億五金行,20293969,0.00,750.00,,,,文具用品費用,金錢,新北市新莊區****,,否,,,,,,,
65,陳科名,111年新北市議員選舉,首次申報,1111022,雜支支出,豐昌生活館有限公司,90628398,0.00,465.00,,,,文具用品費用,金錢,新北市新莊區****,,否,,,,,,,
66,陳科名,111年新北市議員選舉,首次申報,1111023,集會支出,富佳池上飯包店,10002870,0.00,4500.00,,,,餐飲費用,金錢,新北市新莊區****,,否,,,,,,,
67,陳科名,111年新北市議員選舉,首次申報,1111024,雜支支出,花卉營業人(1720),01224984,0.00,850.00,,,,競選總部布置用花卉,金錢,臺北市新湖三****,,否,,,,,,,
68,陳科名,111年新北市議員選舉,首次申報,1111024,集會支出,富佳池上飯包店,10002870,0.00,3485.00,,,,餐飲費用,金錢,新北市新莊區****,,否,,,,,,,
69,陳科名,111年新北市議員選舉,首次申報,1111024,集會支出,柳家烘培坊,85333155,0.00,1000.00,,,,其他與集會有關之費用,金錢,新北市泰山區****,,否,,,,,,,
70,陳科名,111年新北市議員選舉,首次申報,1111025,集會支出,富佳池上飯包店,10002870,0.00,4500.00,,,,其他與集會有關之費用,金錢,新北市新莊區****,,否,,,,,,,
71,陳科名,111年新北市議員選舉,首次申報,1111025,集會支出,上上青平價鮮果廣場,10622843,0.00,460.00,,,,其他與集會有關之費用,金錢,新北市新莊區****,,否,,,,,,,
72,陳科名,111年新北市議員選舉,首次申報,1111025,雜支支出,安全包裝材料行,36142073,0.00,1050.00,,,,文具用品費用,金錢,新北市新莊區****,,否,,,,,,,
73,陳科名,111年新北市議員選舉,首次申報,1111025,集會支出,振德水果行,42235388,0.00,137.00,,,,其他與集會有關之費用,金錢,新北市板橋區****,,否,,,,,,,
74,陳科名,111年新北市議員選舉,首次申報,1111025,雜支支出,興福五金大賣場中華分店,85286619,0.00,589.00,,,,雜項購置或修繕費用,金錢,新北市新莊區****,,否,,,,,,,
75,陳科名,111年新北市議員選舉,首次申報,1111025,集會支出,柳家烘培坊,85333155,0.00,2540.00,,,,其他與集會有關之費用,金錢,新北市泰山區****,,否,,,,,,,
76,陳科名,111年新北市議員選舉,首次申報,1111026,雜支支出,金時代鎖匙刻印名店,,0.00,250.00,,,,雜項購置或修繕費用,金錢,新北市新莊區****,,否,,,,,,,
77,陳科名,111年新北市議員選舉,首次申報,1111026,交通旅運支出,台灣中油（股）油品行銷事業部台北營業處泰新加油站,02097304,0.00,120.00,,,,油資,金錢,新北市泰山區****,,否,,,,,,,
78,陳科名,111年新北市議員選舉,首次申報,1111026,集會支出,富佳池上飯包店,10002870,0.00,3220.00,,,,餐飲費用,金錢,新北市新莊區****,,否,,,,,,,
79,陳科名,111年新北市議員選舉,首次申報,1111026,雜支支出,泉虹商行,10660923,0.00,200.00,,,,文具用品費用,金錢,新北市新莊區****,,否,,,,,,,
80,陳科名,111年新北市議員選舉,首次申報,1111026,雜支支出,燦坤實業股份有限公司新莊分公司,16450614,0.00,714.00,,,,文具用品費用,金錢,新北市新莊區****,,否,,,,,,,
81,陳科名,111年新北市議員選舉,首次申報,1111026,集會支出,壹加壹元氣麥方烘培坊,82149326,0.00,5400.00,,,,其他與集會有關之費用,金錢,新北市土城區****,,否,,,,,,,
82,陳科名,111年新北市議員選舉,首次申報,1111026,集會支出,柳家烘培坊,85333155,0.00,3400.00,,,,其他與集會有關之費用,金錢,新北市泰山區****,,否,,,,,,,
83,陳科名,111年新北市議員選舉,首次申報,1111026,人事費用支出,林昆鎮,P12*******,0.00,27000.00,,,,工資或薪津,金錢,新北市新莊區****,,否,,,,,,,
84,陳科名,111年新北市議員選舉,首次申報,1111027,交通旅運支出,台灣中油（股）油品行銷事業部台北營業處泰新加油站,02097304,0.00,970.00,,,,油資,金錢,新北市泰山區****,,否,,,,,,,
85,陳科名,111年新北市議員選舉,首次申報,1111027,交通旅運支出,台灣中油（股）油品行銷事業部台北營業處泰新加油站,02097304,0.00,132.00,,,,油資,金錢,新北市泰山區****,,否,,,,,,,
86,陳科名,111年新北市議員選舉,首次申報,1111027,集會支出,富佳池上飯包店,10002870,0.00,3825.00,,,,餐飲費用,金錢,新北市新莊區****,,否,,,,,,,
87,陳科名,111年新北市議員選舉,首次申報,1111027,雜支支出,泉虹商行,10660923,0.00,230.00,,,,文具用品費用,金錢,新北市新莊區****,,否,,,,,,,
88,陳科名,111年新北市議員選舉,首次申報,1111027,集會支出,安全包裝材料行,36142073,0.00,2100.00,,,,其他與集會有關之費用,金錢,新北市新莊區****,,否,,,,,,,
89,陳科名,111年新北市議員選舉,首次申報,1111027,宣傳支出,優是數位文創有限公司,54712884,0.00,7875.00,,,,製作競選物品或宣傳廣告費用（旗座）,金錢,新北市板橋區****,,否,,,,,,,
90,陳科名,111年新北市議員選舉,首次申報,1111027,集會支出,壹加壹元氣麥方烘培坊,82149326,0.00,3000.00,,,,其他與集會有關之費用,金錢,新北市土城區****,,否,,,,,,,
91,陳科名,111年新北市議員選舉,首次申報,1111027,集會支出,柳家烘培坊,85333155,0.00,800.00,,,,其他與集會有關之費用,金錢,新北市泰山區****,,否,,,,,,,
92,陳科名,111年新北市議員選舉,首次申報,1111028,集會支出,富佳池上飯包店,10002870,0.00,4400.00,,,,餐飲費用,金錢,新北市新莊區****,,否,,,,,,,
93,陳科名,111年新北市議員選舉,首次申報,1111028,雜支支出,泉虹商行,10660923,0.00,100.00,,,,文具用品費用,金錢,新北市新莊區****,,否,,,,,,,
94,陳科名,111年新北市議員選舉,首次申報,1111028,交通旅運支出,全國加油站股份有限公司全國新莊加油站,14256805,0.00,275.00,,,,油資,金錢,新北市新莊區****,,否,,,,,,,
95,陳科名,111年新北市議員選舉,首次申報,1111028,集會支出,壹加壹元氣麥方烘培坊,82149326,0.00,1200.00,,,,其他與集會有關之費用,金錢,新北市土城區****,,否,,,,,,,
96,陳科名,111年新北市議員選舉,首次申報,1111029,集會支出,壹加壹元氣麥方烘培坊,,0.00,1200.00,,,,其他與集會有關之費用,金錢,新北市土城區****,,否,,,,,,,
97,陳科名,111年新北市議員選舉,首次申報,1111029,集會支出,富佳池上飯包店,10002870,0.00,4600.00,,,,餐飲費用,金錢,新北市新莊區****,,否,,,,,,,
98,陳科名,111年新北市議員選舉,首次申報,1111029,雜支支出,泉虹商行,10660923,0.00,520.00,,,,文具用品費用,金錢,新北市新莊區****,,否,,,,,,,
99,陳科名,111年新北市議員選舉,首次申報,1111029,集會支出,安全包裝材料行,36142073,0.00,2100.00,,,,其他與集會有關之費用,金錢,新北市新莊區****,,否,,,,,,,
100,陳科名,111年新北市議員選舉,首次申報,1111029,交通旅運支出,台灣中油股份有限公司油品行銷事業部台北營業處新莊加油站,36173758,0.00,260.00,,,,油資,金錢,新北市新莊區****,,否,,,,,,,
101,陳科名,111年新北市議員選舉,首次申報,1111030,集會支出,富佳池上飯包店,10002870,0.00,4500.00,,,,餐飲費用,金錢,新北市新莊區****,,否,,,,,,,
102,陳科名,111年新北市議員選舉,首次申報,1111030,集會支出,壹加壹元氣麥方烘培坊,82149326,0.00,1600.00,,,,其他與集會有關之費用,金錢,新北市土城區****,,否,,,,,,,
103,陳科名,111年新北市議員選舉,首次申報,1111030,雜支支出,仁愛便當店,87295733,0.00,1500.00,,,,餐飲費用,金錢,新北市新莊區****,,否,,,,,,,
104,陳科名,111年新北市議員選舉,首次申報,1111030,雜支支出,豐昌生活館有限公司,90628398,0.00,60.00,,,,餐飲費用,金錢,新北市新莊區****,,否,,,,,,,
105,陳科名,111年新北市議員選舉,首次申報,1111030,人事費用支出,黃文昇,F12*******,0.00,8100.00,,,,工資或薪津,金錢,新北市新莊區****,,否,,,,,,,
106,陳科名,111年新北市議員選舉,首次申報,1111031,雜支支出,花卉營業人(1720),01224984,0.00,950.00,,,,競選總部布置用花卉,金錢,臺北市新湖三****,,否,,,,,,,
107,陳科名,111年新北市議員選舉,首次申報,1111031,交通旅運支出,台灣中油（股）油品行銷事業部台北營業處泰新加油站,02097304,0.00,1170.00,,,,油資,金錢,新北市泰山區****,,否,,,,,,,
108,陳科名,111年新北市議員選舉,首次申報,1111031,集會支出,富佳池上飯包店,10002870,0.00,4050.00,,,,餐飲費用,金錢,新北市新莊區****,,否,,,,,,,
109,陳科名,111年新北市議員選舉,首次申報,1111031,雜支支出,泉虹商行,10660923,0.00,120.00,,,,雜項購置或修繕費用,金錢,新北市新莊區****,,否,,,,,,,
110,陳科名,111年新北市議員選舉,首次申報,1111031,集會支出,大晋水果廣場,13694454,0.00,376.00,,,,餐飲費用,金錢,新北市新莊區****,,否,,,,,,,
111,陳科名,111年新北市議員選舉,首次申報,1111031,集會支出,安全包裝材料行,36142073,0.00,4200.00,,,,其他與集會有關之費用,金錢,新北市新莊區****,,否,,,,,,,
112,陳科名,111年新北市議員選舉,首次申報,1111031,集會支出,壹加壹元氣麥方烘培坊,82149326,0.00,2600.00,,,,其他與集會有關之費用,金錢,新北市土城區****,,否,,,,,,,
113,陳科名,111年新北市議員選舉,首次申報,1111031,人事費用支出,曾光廷,N10*******,0.00,16800.00,,,,工資或薪津,金錢,新北市新莊區****,,否,,,,,,,
114,陳科名,111年新北市議員選舉,首次申報,1111101,集會支出,富佳池上飯包店,10002870,0.00,4200.00,,,,餐飲費用,金錢,新北市新莊區****,,否,,,,,,,
115,陳科名,111年新北市議員選舉,首次申報,1111101,雜支支出,泉虹商行,10660923,0.00,350.00,,,,文具用品費用,金錢,新北市新莊區****,,否,,,,,,,
116,陳科名,111年新北市議員選舉,首次申報,1111101,雜支支出,燦坤實業股份有限公司新莊分公司,16450614,0.00,119.00,,,,文具用品費用,金錢,新北市新莊區****,,否,,,,,,,
117,陳科名,111年新北市議員選舉,首次申報,1111101,集會支出,柳家烘培坊,85333155,0.00,3600.00,,,,其他與集會有關之費用,金錢,新北市泰山區****,,否,,,,,,,
118,陳科名,111年新北市議員選舉,首次申報,1111101,雜支支出,仁愛便當店,87295733,0.00,1280.00,,,,餐飲費用,金錢,新北市新莊區****,,否,,,,,,,
119,陳科名,111年新北市議員選舉,首次申報,1111102,雜支支出,中美小吃店,26720834,0.00,3600.00,,,,餐飲費用,金錢,新北市新莊區****,,否,,,,,,,
120,陳科名,111年新北市議員選舉,首次申報,1111102,集會支出,壹加壹元氣麥方烘培坊,82149326,0.00,400.00,,,,其他與集會有關之費用,金錢,新北市土城區****,,否,,,,,,,
121,陳科名,111年新北市議員選舉,首次申報,1111102,集會支出,壹加壹元氣麥方烘培坊,82149326,0.00,3600.00,,,,其他與集會有關之費用,金錢,新北市土城區****,,否,,,,,,,
122,陳科名,111年新北市議員選舉,首次申報,1111103,雜支支出,中美小吃店,26720834,0.00,2900.00,,,,餐飲費用,金錢,新北市新莊區****,,否,,,,,,,
123,陳科名,111年新北市議員選舉,首次申報,1111103,交通旅運支出,興德加油站股份有限公司,27472896,0.00,1270.00,,,,油資,金錢,新北市新莊區****,,否,,,,,,,
124,陳科名,111年新北市議員選舉,首次申報,1111103,集會支出,安全包裝材料行,36142073,0.00,2100.00,,,,其他與集會有關之費用,金錢,新北市新莊區****,,否,,,,,,,
125,陳科名,111年新北市議員選舉,首次申報,1111103,交通旅運支出,台灣中油股份有限公司油品行銷事業部台北營業處新莊加油站,36173758,0.00,430.00,,,,停車費,金錢,新北市新莊區****,,否,,,,,,,
126,陳科名,111年新北市議員選舉,首次申報,1111104,雜支支出,中美小吃店,26720834,0.00,3900.00,,,,餐飲費用,金錢,新北市新莊區****,,否,,,,,,,
127,陳科名,111年新北市議員選舉,首次申報,1111104,集會支出,壹加壹元氣麥方烘培坊,82149326,0.00,2000.00,,,,其他與集會有關之費用,金錢,新北市土城區****,,否,,,,,,,
128,陳科名,111年新北市議員選舉,首次申報,1111104,集會支出,壹加壹元氣麥方烘培坊,82149326,0.00,1400.00,,,,其他與集會有關之費用,金錢,新北市土城區****,,否,,,,,,,
129,陳科名,111年新北市議員選舉,首次申報,1111105,集會支出,上上青平價鮮果廣場,10622843,0.00,317.00,,,,餐飲費用,金錢,新北市新莊區****,,否,,,,,,,
130,陳科名,111年新北市議員選舉,首次申報,1111105,雜支支出,中美小吃店,26720834,0.00,3500.00,,,,餐飲費用,金錢,新北市新莊區****,,否,,,,,,,
131,陳科名,111年新北市議員選舉,首次申報,1111105,宣傳支出,優斗廣告事業有限公司,61919657,0.00,34020.00,,,,製作競選物品或宣傳廣告費用（路灯旗）,金錢,臺中市太平區****,,否,,,,,,,
132,陳科名,111年新北市議員選舉,首次申報,1111105,集會支出,柳家烘培坊,85333155,0.00,800.00,,,,其他與集會有關之費用,金錢,新北市泰山區****,,否,,,,,,,
133,陳科名,111年新北市議員選舉,首次申報,1111105,人事費用支出,翁薛阿葉,F20*******,0.00,400.00,,,,工資或薪津,金錢,新北市泰山區****,,否,,,,,,,
134,陳科名,111年新北市議員選舉,首次申報,1111105,人事費用支出,尤素珍,F20*******,0.00,4800.00,,,,工資或薪津,金錢,新北市新莊區****,,否,,,,,,,
135,陳科名,111年新北市議員選舉,首次申報,1111105,人事費用支出,葉宣妤,F22*******,0.00,19000.00,,,,工資或薪津,金錢,新北市新莊區****,,否,,,,,,,
136,陳科名,111年新北市議員選舉,首次申報,1111105,人事費用支出,林美里,G22*******,0.00,4000.00,,,,工資或薪津,金錢,新北市新店區****,,否,,,,,,,
137,陳科名,111年新北市議員選舉,首次申報,1111105,人事費用支出,邱舒敏,K22*******,0.00,800.00,,,,工資或薪津,金錢,新北市新莊區****,,否,,,,,,,
138,陳科名,111年新北市議員選舉,首次申報,1111105,人事費用支出,林秀鳯,L22*******,0.00,19000.00,,,,工資或薪津,金錢,新北市五股區****,,否,,,,,,,
139,陳科名,111年新北市議員選舉,首次申報,1111106,雜支支出,泉虹商行,10660923,0.00,60.00,,,,文具用品費用,金錢,新北市新莊區****,,否,,,,,,,
140,陳科名,111年新北市議員選舉,首次申報,1111106,交通旅運支出,全國加油站股份有限公司全國新莊加油站,14256805,0.00,453.00,,,,油資,金錢,新北市新莊區****,,否,,,,,,,
141,陳科名,111年新北市議員選舉,首次申報,1111106,雜支支出,中美小吃店,26720834,0.00,2700.00,,,,餐飲費用,金錢,新北市新莊區****,,否,,,,,,,
142,陳科名,111年新北市議員選舉,首次申報,1111106,集會支出,壹加壹元氣麥方烘培坊,82149326,0.00,2400.00,,,,其他與集會有關之費用,金錢,新北市土城區****,,否,,,,,,,
143,陳科名,111年新北市議員選舉,首次申報,1111106,集會支出,柳家烘培坊,85333155,0.00,800.00,,,,其他與集會有關之費用,金錢,新北市泰山區****,,否,,,,,,,
144,陳科名,111年新北市議員選舉,首次申報,1111107,集會支出,上上青平價鮮果廣場,10622843,0.00,459.00,,,,餐飲費用,金錢,新北市新莊區****,,否,,,,,,,
145,陳科名,111年新北市議員選舉,首次申報,1111107,交通旅運支出,全國加油站股份有限公司全國新莊加油站,14256805,0.00,974.00,,,,油資,金錢,新北市新莊區****,,否,,,,,,,
146,陳科名,111年新北市議員選舉,首次申報,1111107,雜支支出,中美小吃店,26720834,0.00,2800.00,,,,餐飲費用,金錢,新北市新莊區****,,否,,,,,,,
147,陳科名,111年新北市議員選舉,首次申報,1111107,交通旅運支出,台灣中油股份有限公司油品行銷事業部台北營業處新莊加油站,36173758,0.00,525.00,,,,油資,金錢,新北市新莊區****,,否,,,,,,,
148,陳科名,111年新北市議員選舉,首次申報,1111107,集會支出,鼎香堂香舖,74938880,0.00,3298.00,,,,其他與集會有關之費用,金錢,新北市新莊區****,,否,,,,,,,
149,陳科名,111年新北市議員選舉,首次申報,1111108,雜支支出,花卉營業人(1720),01224984,0.00,1000.00,,,,競選總部布置用花卉,金錢,臺北市新湖三****,,否,,,,,,,
150,陳科名,111年新北市議員選舉,首次申報,1111108,集會支出,安全包裝材料行,36142073,0.00,4200.00,,,,其他與集會有關之費用,金錢,新北市新莊區****,,否,,,,,,,
151,陳科名,111年新北市議員選舉,首次申報,1111108,集會支出,壹加壹元氣麥方烘培坊,82149326,0.00,2600.00,,,,其他與集會有關之費用,金錢,新北市土城區****,,否,,,,,,,
152,陳科名,111年新北市議員選舉,首次申報,1111109,交通旅運支出,台灣中油（股）油品行銷事業部台北營業處泰新加油站,02097304,0.00,405.00,,,,油資,金錢,新北市泰山區****,,否,,,,,,,
153,陳科名,111年新北市議員選舉,首次申報,1111109,雜支支出,華碩影印裝訂打字行,74924582,0.00,1000.00,,,,文具用品費用,金錢,新北市新莊區****,,否,,,,,,,
154,陳科名,111年新北市議員選舉,首次申報,1111109,集會支出,壹加壹元氣麥方烘培坊,82149326,0.00,2000.00,,,,其他與集會有關之費用,金錢,新北市土城區****,,否,,,,,,,
155,陳科名,111年新北市議員選舉,首次申報,1111110,集會支出,上上青平價鮮果廣場,10622843,0.00,517.00,,,,餐飲費用,金錢,新北市新莊區****,,否,,,,,,,
156,陳科名,111年新北市議員選舉,首次申報,1111110,雜支支出,中美小吃店,26720834,0.00,2900.00,,,,餐飲費用,金錢,新北市新莊區****,,否,,,,,,,
157,陳科名,111年新北市議員選舉,首次申報,1111110,集會支出,壹加壹元氣麥方烘培坊,82149326,0.00,2000.00,,,,其他與集會有關之費用,金錢,新北市土城區****,,否,,,,,,,
158,陳科名,111年新北市議員選舉,首次申報,1111110,集會支出,柳家烘培坊,85333155,0.00,1000.00,,,,其他與集會有關之費用,金錢,新北市泰山區****,,否,,,,,,,
159,陳科名,111年新北市議員選舉,首次申報,1111111,交通旅運支出,台灣中油（股）油品行銷事業部台北營業處泰新加油站,02097304,0.00,1450.00,,,,油資,金錢,新北市泰山區****,,否,,,,,,,
160,陳科名,111年新北市議員選舉,首次申報,1111111,雜支支出,中美小吃店,26720834,0.00,2300.00,,,,餐飲費用,金錢,新北市新莊區****,,否,,,,,,,
161,陳科名,111年新北市議員選舉,首次申報,1111111,集會支出,壹加壹元氣麥方烘培坊,82149326,0.00,11320.00,,,,其他與集會有關之費用,金錢,新北市土城區****,,否,,,,,,,
162,陳科名,111年新北市議員選舉,首次申報,1111111,人事費用支出,鄭水成,A12*******,0.00,19800.00,,,,工資或薪津,金錢,新北市新莊區****,,否,,,,,,,
163,陳科名,111年新北市議員選舉,首次申報,1111111,人事費用支出,高福助,F10*******,0.00,51200.00,,,,工資或薪津,金錢,新北市淡水區****,,否,,,,,,,
164,陳科名,111年新北市議員選舉,首次申報,1111111,人事費用支出,楊財旺,F10*******,0.00,28800.00,,,,工資或薪津,金錢,新北市新莊區****,,否,,,,,,,
165,陳科名,111年新北市議員選舉,首次申報,1111111,人事費用支出,翁麒恩,F12*******,0.00,28800.00,,,,工資或薪津,金錢,新北市新店區****,,否,,,,,,,
166,陳科名,111年新北市議員選舉,首次申報,1111111,人事費用支出,翁麒恩,F12*******,0.00,5400.00,,,,工資或薪津,金錢,新北市新店區****,,否,,,,,,,
167,陳科名,111年新北市議員選舉,首次申報,1111111,人事費用支出,翁薛阿葉,F20*******,0.00,800.00,,,,工資或薪津,金錢,新北市泰山區****,,否,,,,,,,
168,陳科名,111年新北市議員選舉,首次申報,1111111,人事費用支出,張德全,J10*******,0.00,40000.00,,,,工資或薪津,金錢,新北市新莊區****,,否,,,,,,,
169,陳科名,111年新北市議員選舉,首次申報,1111111,人事費用支出,曾萬呈,N10*******,0.00,28800.00,,,,工資或薪津,金錢,新北市新莊區****,,否,,,,,,,
170,陳科名,111年新北市議員選舉,首次申報,1111111,人事費用支出,林昆鎮,P12*******,0.00,28800.00,,,,工資或薪津,金錢,新北市新莊區****,,否,,,,,,,
171,陳科名,111年新北市議員選舉,首次申報,1111112,集會支出,上上青平價鮮果廣場,10622843,0.00,367.00,,,,餐飲費用,金錢,新北市新莊區****,,否,,,,,,,
172,陳科名,111年新北市議員選舉,首次申報,1111112,雜支支出,中美小吃店,26720834,0.00,5200.00,,,,餐飲費用,金錢,新北市新莊區****,,否,,,,,,,
173,陳科名,111年新北市議員選舉,首次申報,1111112,交通旅運支出,台灣中油股份有限公司油品行銷事業部台北營業處新莊加油站,36173758,0.00,860.00,,,,油資,金錢,新北市新莊區****,,否,,,,,,,
174,陳科名,111年新北市議員選舉,首次申報,1111112,交通旅運支出,榮強流通事業股份有限公司,53180488,0.00,1000.00,,,,油資,金錢,新北市新莊區****,,否,,,,,,,
175,陳科名,111年新北市議員選舉,首次申報,1111112,集會支出,鼎香堂香舖,74938880,0.00,3000.00,,,,其他與集會有關之費用,金錢,新北市新莊區****,,否,,,,,,,
176,陳科名,111年新北市議員選舉,首次申報,1111113,雜支支出,中美小吃店,26720834,0.00,4200.00,,,,餐飲費用,金錢,新北市新莊區****,,否,,,,,,,
177,陳科名,111年新北市議員選舉,首次申報,1111113,集會支出,柳家烘培坊,85333155,0.00,1400.00,,,,其他與集會有關之費用,金錢,新北市泰山區****,,否,,,,,,,
178,陳科名,111年新北市議員選舉,首次申報,1111114,雜支支出,花卉營業人(1720),01224984,0.00,780.00,,,,競選總部布置用花卉,金錢,臺北市新湖三****,,否,,,,,,,
179,陳科名,111年新北市議員選舉,首次申報,1111114,交通旅運支出,台灣中油（股）油品行銷事業部台北營業處泰新加油站,02097304,0.00,400.00,,,,油資,金錢,新北市泰山區****,,否,,,,,,,
180,陳科名,111年新北市議員選舉,首次申報,1111114,交通旅運支出,全國加油站股份有限公司全國新莊加油站,14256805,0.00,1033.00,,,,油資,金錢,新北市新莊區****,,否,,,,,,,
181,陳科名,111年新北市議員選舉,首次申報,1111114,雜支支出,中美小吃店,26720834,0.00,3200.00,,,,餐飲費用,金錢,新北市新莊區****,,否,,,,,,,
182,陳科名,111年新北市議員選舉,首次申報,1111114,集會支出,安全包裝材料行,36142073,0.00,1050.00,,,,其他與集會有關之費用,金錢,新北市新莊區****,,否,,,,,,,
183,陳科名,111年新北市議員選舉,首次申報,1111115,交通旅運支出,台灣中油（股）油品行銷事業部台北營業處泰新加油站,02097304,0.00,1500.00,,,,油資,金錢,新北市泰山區****,,否,,,,,,,
184,陳科名,111年新北市議員選舉,首次申報,1111115,雜支支出,中美小吃店,26720834,0.00,2600.00,,,,餐飲費用,金錢,新北市新莊區****,,否,,,,,,,
185,陳科名,111年新北市議員選舉,首次申報,1111115,集會支出,壹加壹元氣麥方烘培坊,82149326,0.00,2200.00,,,,其他與集會有關之費用,金錢,新北市土城區****,,否,,,,,,,
186,陳科名,111年新北市議員選舉,首次申報,1111116,雜支支出,中美小吃店,26720834,0.00,4000.00,,,,餐飲費用,金錢,新北市新莊區****,,否,,,,,,,
187,陳科名,111年新北市議員選舉,首次申報,1111116,集會支出,振德水果行,42235388,0.00,163.00,,,,餐飲費用,金錢,新北市板橋區****,,否,,,,,,,
188,陳科名,111年新北市議員選舉,首次申報,1111116,集會支出,鼎香堂香舖,74938880,0.00,2600.00,,,,其他與集會有關之費用,金錢,新北市新莊區****,,否,,,,,,,
189,陳科名,111年新北市議員選舉,首次申報,1111116,集會支出,柳家烘培坊,85333155,0.00,1200.00,,,,其他與集會有關之費用,金錢,新北市泰山區****,,否,,,,,,,
190,陳科名,111年新北市議員選舉,首次申報,1111116,人事費用支出,簡宣文,Q12*******,0.00,2500.00,,,,工資或薪津,金錢,新北市泰山區****,,否,,,,,,,
191,陳科名,111年新北市議員選舉,首次申報,1111117,交通旅運支出,台灣中油（股）油品行銷事業部台北營業處泰新加油站,02097304,0.00,145.00,,,,油資,金錢,新北市泰山區****,,否,,,,,,,
192,陳科名,111年新北市議員選舉,首次申報,1111117,雜支支出,中美小吃店,26720834,0.00,2500.00,,,,餐飲費用,金錢,新北市新莊區****,,否,,,,,,,
193,陳科名,111年新北市議員選舉,首次申報,1111118,交通旅運支出,台灣中油（股）油品行銷事業部台北營業處泰新加油站,02097304,0.00,140.00,,,,油資,金錢,新北市泰山區****,,否,,,,,,,
194,陳科名,111年新北市議員選舉,首次申報,1111118,雜支支出,中美小吃店,26720834,0.00,3000.00,,,,餐飲費用,金錢,新北市新莊區****,,否,,,,,,,
195,陳科名,111年新北市議員選舉,首次申報,1111118,集會支出,柳家烘培坊,85333155,0.00,600.00,,,,其他與集會有關之費用,金錢,新北市泰山區****,,否,,,,,,,
196,陳科名,111年新北市議員選舉,首次申報,1111119,交通旅運支出,台灣中油（股）油品行銷事業部台北營業處泰新加油站,02097304,0.00,434.00,,,,油資,金錢,新北市泰山區****,,否,,,,,,,
197,陳科名,111年新北市議員選舉,首次申報,1111119,交通旅運支出,台亞石油股份有限公司台亞新樹路加油站,26688779,0.00,1000.00,,,,油資,金錢,新北市新莊區****,,否,,,,,,,
198,陳科名,111年新北市議員選舉,首次申報,1111119,集會支出,田頭快餐,82138215,0.00,4800.00,,,,餐飲費用,金錢,新北市新莊區****,,否,,,,,,,
199,陳科名,111年新北市議員選舉,首次申報,1111119,集會支出,壹加壹元氣麥方烘培坊,82149326,0.00,45500.00,,,,其他與集會有關之費用,金錢,新北市土城區****,,否,,,,,,,
200,陳科名,111年新北市議員選舉,首次申報,1111120,交通旅運支出,台灣中油（股）油品行銷事業部台北營業處泰新加油站,02097304,0.00,1672.00,,,,油資,金錢,新北市泰山區****,,否,,,,,,,
201,陳科名,111年新北市議員選舉,首次申報,1111120,集會支出,上上青平價鮮果廣場,10622843,0.00,538.00,,,,餐飲費用,金錢,新北市新莊區****,,否,,,,,,,
202,陳科名,111年新北市議員選舉,首次申報,1111120,雜支支出,中美小吃店,26720834,0.00,3000.00,,,,餐飲費用,金錢,新北市新莊區****,,否,,,,,,,
203,陳科名,111年新北市議員選舉,首次申報,1111120,人事費用支出,曾光廷,N10*******,0.00,5000.00,,,,工資或薪津,金錢,新北市新莊區****,,否,,,,,,,
204,陳科名,111年新北市議員選舉,首次申報,1111121,雜支支出,中美小吃店,26720834,0.00,3200.00,,,,餐飲費用,金錢,新北市新莊區****,,否,,,,,,,
205,陳科名,111年新北市議員選舉,首次申報,1111122,交通旅運支出,台灣中油（股）油品行銷事業部台北營業處泰新加油站,02097304,0.00,1067.00,,,,油資,金錢,新北市泰山區****,,否,,,,,,,
206,陳科名,111年新北市議員選舉,首次申報,1111122,雜支支出,中美小吃店,26720834,0.00,4200.00,,,,餐飲費用,金錢,新北市新莊區****,,否,,,,,,,
207,陳科名,111年新北市議員選舉,首次申報,1111122,集會支出,鼎香堂香舖,74938880,0.00,3400.00,,,,其他與集會有關之費用,金錢,新北市新莊區****,,否,,,,,,,
208,陳科名,111年新北市議員選舉,首次申報,1111123,集會支出,上上青平價鮮果廣場,10622843,0.00,550.00,,,,餐飲費用,金錢,新北市新莊區****,,否,,,,,,,
209,陳科名,111年新北市議員選舉,首次申報,1111123,集會支出,福隆一嘉便當,26646130,0.00,1400.00,,,,餐飲費用,金錢,新北市新莊區****,,否,,,,,,,
210,陳科名,111年新北市議員選舉,首次申報,1111123,雜支支出,中美小吃店,26720834,0.00,2300.00,,,,餐飲費用,金錢,新北市新莊區****,,否,,,,,,,
211,陳科名,111年新北市議員選舉,首次申報,1111124,雜支支出,花卉營業人(1720),01224984,0.00,720.00,,,,競選總部布置用花卉,金錢,臺北市新湖三****,,否,,,,,,,
212,陳科名,111年新北市議員選舉,首次申報,1111124,雜支支出,花卉營業人(1720),01224984,0.00,800.00,,,,競選總部布置用花卉,金錢,臺北市新湖三****,,否,,,,,,,
213,陳科名,111年新北市議員選舉,首次申報,1111124,雜支支出,泉虹商行,10660923,0.00,330.00,,,,文具用品費用,金錢,新北市新莊區****,,否,,,,,,,
214,陳科名,111年新北市議員選舉,首次申報,1111124,集會支出,福隆一嘉便當,26646130,0.00,1120.00,,,,餐飲費用,金錢,新北市新莊區****,,否,,,,,,,
215,陳科名,111年新北市議員選舉,首次申報,1111125,交通旅運支出,台灣中油（股）油品行銷事業部台北營業處泰新加油站,02097304,0.00,2300.00,,,,油資,金錢,新北市泰山區****,,否,,,,,,,
216,陳科名,111年新北市議員選舉,首次申報,1111125,交通旅運支出,五工有限公司,23949771,0.00,500.00,,,,油資,金錢,新北市新莊區****,,否,,,,,,,
217,陳科名,111年新北市議員選舉,首次申報,1111125,雜支支出,福隆一嘉便當,26646130,0.00,140.00,,,,餐飲費用,金錢,新北市新莊區****,,否,,,,,,,
218,陳科名,111年新北市議員選舉,首次申報,1111125,集會支出,安全包裝材料行,36142073,0.00,2292.00,,,,其他與集會有關之費用,金錢,新北市新莊區****,,否,,,,,,,
219,陳科名,111年新北市議員選舉,首次申報,1111125,人事費用支出,楊惠寬,C22*******,0.00,1500.00,,,,工資或薪津,金錢,新北市新莊區****,,否,,,,,,,
220,陳科名,111年新北市議員選舉,首次申報,1111125,人事費用支出,尤素珍,F20*******,0.00,10700.00,,,,工資或薪津,金錢,新北市新莊區****,,否,,,,,,,
221,陳科名,111年新北市議員選舉,首次申報,1111125,人事費用支出,林秀珠,F22*******,0.00,4600.00,,,,工資或薪津,金錢,新北市新莊區****,,否,,,,,,,
222,陳科名,111年新北市議員選舉,首次申報,1111125,人事費用支出,林美里,G22*******,0.00,1900.00,,,,工資或薪津,金錢,新北市新莊區****,,否,,,,,,,
223,陳科名,111年新北市議員選舉,首次申報,1111125,人事費用支出,邱舒敏,K22*******,0.00,4900.00,,,,工資或薪津,金錢,新北市新莊區****,,否,,,,,,,
224,陳科名,111年新北市議員選舉,首次申報,1111125,人事費用支出,陳碧蓮,M20*******,0.00,4300.00,,,,工資或薪津,金錢,新北市新莊區****,,否,,,,,,,
225,陳科名,111年新北市議員選舉,首次申報,1111125,人事費用支出,蔡瑛鎂,N22*******,0.00,5800.00,,,,工資或薪津,金錢,新北市新莊區****,,否,,,,,,,
226,陳科名,111年新北市議員選舉,首次申報,1111125,人事費用支出,楊梅雀,P22*******,0.00,2600.00,,,,工資或薪津,金錢,新北市新莊區****,,否,,,,,,,
227,陳科名,111年新北市議員選舉,首次申報,1111125,人事費用支出,陳美珠,R20*******,0.00,1200.00,,,,工資或薪津,金錢,臺南縣歸仁鄉****,,否,,,,,,,
228,陳科名,111年新北市議員選舉,首次申報,1111125,人事費用支出,陳王錦,Y20*******,0.00,5200.00,,,,工資或薪津,金錢,新北市新莊區****,,否,,,,,,,
229,陳科名,111年新北市議員選舉,首次申報,1111126,交通旅運支出,台灣中油股份有限公司油品行銷事業部台北營業處新莊加油站,36173758,0.00,887.00,,,,油資,金錢,新北市新莊區****,,否,,,,,,,
230,陳科名,111年新北市議員選舉,首次申報,1111126,人事費用支出,鄭水成,A12*******,0.00,27000.00,,,,工資或薪津,金錢,新北市新莊區****,,否,,,,,,,
231,陳科名,111年新北市議員選舉,首次申報,1111126,人事費用支出,高福助,F10*******,0.00,48000.00,,,,工資或薪津,金錢,新北市淡水區****,,否,,,,,,,
232,陳科名,111年新北市議員選舉,首次申報,1111126,人事費用支出,楊財旺,F10*******,0.00,27000.00,,,,工資或薪津,金錢,新北市新莊區****,,否,,,,,,,
233,陳科名,111年新北市議員選舉,首次申報,1111126,人事費用支出,翁麒恩,F12*******,0.00,27000.00,,,,工資或薪津,金錢,新北市新店區****,,否,,,,,,,
234,陳科名,111年新北市議員選舉,首次申報,1111126,人事費用支出,張德全,J10*******,0.00,30000.00,,,,工資或薪津,金錢,新北市新莊區****,,否,,,,,,,
235,陳科名,111年新北市議員選舉,首次申報,1111126,人事費用支出,吳宏村,L10*******,0.00,16200.00,,,,工資或薪津,金錢,臺中市南屯區****,,否,,,,,,,
236,陳科名,111年新北市議員選舉,首次申報,1111126,人事費用支出,曾萬呈,N10*******,0.00,27000.00,,,,工資或薪津,金錢,新北市新莊區****,,否,,,,,,,
237,陳科名,111年新北市議員選舉,首次申報,1111126,人事費用支出,林昆鎮,P12*******,0.00,27000.00,,,,工資或薪津,金錢,新北市新莊區****,,否,,,,,,,
238,陳科名,111年新北市議員選舉,首次申報,1111127,人事費用支出,葉宣妤,F22*******,0.00,26000.00,,,,工資或薪津,金錢,新北市新莊區****,,否,,,,,,,
239,陳科名,111年新北市議員選舉,首次申報,1111127,人事費用支出,林秀鳯,L22*******,0.00,26000.00,,,,工資或薪津,金錢,新北市五股區****,,否,,,,,,,
240,陳科名,111年新北市議員選舉,首次申報,1111128,人事費用支出,陳致嘉,F12*******,0.00,2000.00,,,,工資或薪津,金錢,新北市林口區****,,否,,,,,,,
241,陳科名,111年新北市議員選舉,首次申報,1111128,人事費用支出,陳帟帆,F12*******,0.00,4000.00,,,,工資或薪津,金錢,新北市新莊區****,,否,,,,,,,
242,陳科名,111年新北市議員選舉,首次申報,1111128,人事費用支出,薛陳金鳯,F22*******,0.00,9000.00,,,,工資或薪津,金錢,新北市新莊區****,,否,,,,,,,
243,陳科名,111年新北市議員選舉,首次申報,1111129,宣傳支出,全成搭架布帆出租行,72868542,0.00,15000.00,,,,其他與選舉宣傳有關之費用,金錢,新北市五股區****,,否,,,,,,,
244,陳科名,111年新北市議員選舉,首次申報,1111129,人事費用支出,李美英,P22*******,0.00,30000.00,,,,工資或薪津,金錢,新北市新莊區****,,否,,,,,,,
245,陳科名,111年新北市議員選舉,首次申報,1111216,雜支支出,中華電信股份有限公司新北營運處,92887342,0.00,67393.00,,,,電信費用,金錢,新北市永和區****,,否,,,,,,,
