﻿序號,擬參選人／政黨,選舉名稱,申報序號／年度,交易日期,收支科目,捐贈者／支出對象,身分證／統一編號,收入金額,支出金額,捐贈方式,存入專戶日期,返還/繳庫,支出用途,金錢類,地址,聯絡電話,應揭露之支出對象,支出對象之內部人員姓名,支出對象之內部人員職稱,政黨之內部人員姓名,政黨之內部人員職稱,關係,更正註記,資料更正日期
1,陳一惇,111年彰化縣議員選舉,首次申報,1110805,營利事業捐贈收入,佑兆工程有限公司,28405571,200000.00,0.00,匯款,1110805,,,金錢,新北市土城區****,,,,,,,,,
2,陳一惇,111年彰化縣議員選舉,首次申報,1110812,個人捐贈收入,王佑成,F12*******,100000.00,0.00,匯款,1110812,,,金錢,彰化縣二林鎮****,,,,,,,,,
3,陳一惇,111年彰化縣議員選舉,首次申報,1110921,個人捐贈收入,游慧宜,,10000.00,0.00,現金,1110921,,,金錢,,0919*****,,,,,,,,
4,陳一惇,111年彰化縣議員選舉,首次申報,1110921,個人捐贈收入,陳衍瑞,,10000.00,0.00,匯款,1110921,,,金錢,,0980*****,,,,,,,,
5,陳一惇,111年彰化縣議員選舉,首次申報,1110927,個人捐贈收入,高傳和,,20000.00,0.00,現金,1110927,,,金錢,彰化縣二林鎮****,0933*****,,,,,,,,
6,陳一惇,111年彰化縣議員選舉,首次申報,1110927,個人捐贈收入,陳維乙,,20000.00,0.00,現金,1110927,,,金錢,彰化縣芳苑鄉****,0952*****,,,,,,,,
7,陳一惇,111年彰化縣議員選舉,首次申報,1110927,個人捐贈收入,許淑如,,20000.00,0.00,現金,1110927,,,金錢,彰化縣二林鎮****,0919*****,,,,,,,,
8,陳一惇,111年彰化縣議員選舉,首次申報,1110927,個人捐贈收入,李永同,,20000.00,0.00,現金,1110927,,,金錢,彰化縣二林鎮****,0921*****,,,,,,,,
9,陳一惇,111年彰化縣議員選舉,首次申報,1110927,個人捐贈收入,林溪河,,20000.00,0.00,現金,1110927,,,金錢,彰化縣芳苑鄉****,0911*****,,,,,,,,
10,陳一惇,111年彰化縣議員選舉,首次申報,1110927,個人捐贈收入,陳雅貞,,20000.00,0.00,現金,1110927,,,金錢,彰化縣二林鎮****,0937*****,,,,,,,,
11,陳一惇,111年彰化縣議員選舉,首次申報,1110927,個人捐贈收入,黃志賢,,20000.00,0.00,現金,1110927,,,金錢,彰化縣芳苑鄉****,0911*****,,,,,,,,
12,陳一惇,111年彰化縣議員選舉,首次申報,1110927,個人捐贈收入,陳正武,,20000.00,0.00,現金,1110927,,,金錢,彰化縣大城鄉****,0922*****,,,,,,,,
13,陳一惇,111年彰化縣議員選舉,首次申報,1110927,個人捐贈收入,王曉婕,,20000.00,0.00,現金,1110927,,,金錢,彰化縣芳苑鄉****,0939*****,,,,,,,,
14,陳一惇,111年彰化縣議員選舉,首次申報,1110927,個人捐贈收入,許素梅,,20000.00,0.00,現金,1110927,,,金錢,彰化縣二林鎮****,0919*****,,,,,,,,
15,陳一惇,111年彰化縣議員選舉,首次申報,1110929,營利事業捐贈收入,富味鄉食品股份有限公司,12467902,500000.00,0.00,匯款,1110929,,,金錢,臺北市大安區****,0972*****,,,,,,,,
16,陳一惇,111年彰化縣議員選舉,首次申報,1111006,營利事業捐贈收入,典範能源科技有限公司,45123787,200000.00,0.00,匯款,1111006,,,金錢,彰化縣二林鎮****,0489*****,,,,,,,,
17,陳一惇,111年彰化縣議員選舉,首次申報,1111007,營利事業捐贈收入,永溢環保科技有限公司,80567203,100000.00,0.00,匯款,1111007,,,金錢,彰化縣芳苑鄉****,,,,,,,,,
18,陳一惇,111年彰化縣議員選舉,首次申報,1111011,營利事業捐贈收入,嘉發營造工程有限公司,54508291,100000.00,0.00,現金,1111011,已返還,,金錢,高雄市三民區****,,,,,,,,,
19,陳一惇,111年彰化縣議員選舉,首次申報,1111011,個人捐贈收入,羅國卿,F12*******,60000.00,0.00,現金,1111011,,,金錢,臺北市中正區****,0910*****,,,,,,,,
20,陳一惇,111年彰化縣議員選舉,首次申報,1111011,個人捐贈收入,郭式雄,N12*******,2000.00,0.00,現金,1111011,,,金錢,彰化縣鹿港鎮****,0919*****,,,,,,,,
21,陳一惇,111年彰化縣議員選舉,首次申報,1111011,個人捐贈收入,林嘉賓,N12*******,2000.00,0.00,現金,1111011,,,金錢,彰化縣埔鹽鄉****,0911*****,,,,,,,,
22,陳一惇,111年彰化縣議員選舉,首次申報,1111011,個人捐贈收入,黃明田,N12*******,2000.00,0.00,現金,1111011,,,金錢,彰化縣和美鎮****,0958*****,,,,,,,,
23,陳一惇,111年彰化縣議員選舉,首次申報,1111011,個人捐贈收入,陳敏廷,N12*******,2000.00,0.00,現金,1111011,,,金錢,彰化縣鹿港鎮****,0919*****,,,,,,,,
24,陳一惇,111年彰化縣議員選舉,首次申報,1111011,個人捐贈收入,施能超,N12*******,2000.00,0.00,現金,1111011,,,金錢,彰化縣鹿港鎮****,0963*****,,,,,,,,
25,陳一惇,111年彰化縣議員選舉,首次申報,1111011,個人捐贈收入,洪榆涵,N22*******,2000.00,0.00,現金,1111011,,,金錢,彰化縣芳苑鄉****,0932*****,,,,,,,,
26,陳一惇,111年彰化縣議員選舉,首次申報,1111011,個人捐贈收入,粘秋蘭,N22*******,2000.00,0.00,現金,1111011,,,金錢,彰化縣鹿港鎮****,0916*****,,,,,,,,
27,陳一惇,111年彰化縣議員選舉,首次申報,1111011,個人捐贈收入,吳素顏,N22*******,2000.00,0.00,現金,1111011,,,金錢,彰化縣彰化市****,0921*****,,,,,,,,
28,陳一惇,111年彰化縣議員選舉,首次申報,1111011,個人捐贈收入,鄭穎玲,N22*******,2000.00,0.00,現金,1111011,,,金錢,彰化縣鹿港鎮****,0921*****,,,,,,,,
29,陳一惇,111年彰化縣議員選舉,首次申報,1111011,個人捐贈收入,許淑如,N22*******,2000.00,0.00,現金,1111011,,,金錢,彰化縣二林鎮****,0919*****,,,,,,,,
30,陳一惇,111年彰化縣議員選舉,首次申報,1111014,營利事業捐贈收入,虎山實業股份有限公司,34556891,200000.00,0.00,票據,1111014,,,金錢,新北市瑞芳區****,0224*****,,,,,,,,
31,陳一惇,111年彰化縣議員選舉,首次申報,1111017,營利事業捐贈收入,力揚機電工程股份有限公司,16756191,100000.00,0.00,票據,1111017,已返還,,金錢,臺北市中山區****,(02)*****,,,,,,,,
32,陳一惇,111年彰化縣議員選舉,首次申報,1111017,營利事業捐贈收入,力揚機電工程股份有限公司,16756191,100000.00,0.00,票據,1111017,已返還,,金錢,臺北市中山區****,,,,,,,,,
33,陳一惇,111年彰化縣議員選舉,首次申報,1111017,營利事業捐贈收入,力揚機電工程股份有限公司,16756191,100000.00,0.00,票據,1111017,已返還,,金錢,臺北市中山區****,,,,,,,,,
34,陳一惇,111年彰化縣議員選舉,首次申報,1111019,個人捐贈收入,陳必正,N10*******,60000.00,0.00,現金,1111019,,,金錢,彰化縣芳苑鄉****,0488*****,,,,,,,,
35,陳一惇,111年彰化縣議員選舉,首次申報,1111101,個人捐贈收入,徐宗助,N12*******,30000.00,0.00,現金,1111101,,,金錢,桃園市大園區****,0975*****,,,,,,,,
36,陳一惇,111年彰化縣議員選舉,首次申報,1111103,個人捐贈收入,莊永輝,N12*******,100000.00,0.00,現金,1111103,,,金錢,彰化縣二林鎮****,0489*****,,,,,,,,
37,陳一惇,111年彰化縣議員選舉,首次申報,1111104,營利事業捐贈收入,力楊機電開發股份有限公司,85014997,100000.00,0.00,票據,1111104,,,金錢,臺北市中山區****,,,,,,,,,
38,陳一惇,111年彰化縣議員選舉,首次申報,1111104,營利事業捐贈收入,力楊機電開發股份有限公司,85014997,100000.00,0.00,票據,1111104,,,金錢,臺北市中山區****,,,,,,,,,
39,陳一惇,111年彰化縣議員選舉,首次申報,1111104,營利事業捐贈收入,力楊機電開發股份有限公司,85014997,100000.00,0.00,票據,1111104,,,金錢,臺北市中山區****,,,,,,,,,
40,陳一惇,111年彰化縣議員選舉,首次申報,1111110,個人捐贈收入,許文龍,N12*******,50000.00,0.00,現金,1111110,,,金錢,彰化縣芳苑鄉****,,,,,,,,,
41,陳一惇,111年彰化縣議員選舉,首次申報,1111221,其他收入,利息收入,,287.00,0.00,匯款,1111221,,,金錢,,,,,,,,,,
