﻿序號,擬參選人／政黨,選舉名稱,申報序號／年度,交易日期,收支科目,捐贈者／支出對象,身分證／統一編號,收入金額,支出金額,捐贈方式,存入專戶日期,返還/繳庫,支出用途,金錢類,地址,聯絡電話,應揭露之支出對象,支出對象之內部人員姓名,支出對象之內部人員職稱,政黨之內部人員姓名,政黨之內部人員職稱,關係,更正註記,資料更正日期
1,余俊宏,第4屆臺中市議員補選,首次申報,1130322,匿名捐贈,匿名,,3000.00,0.00,匯款,1130322,,,金錢,,,,,,,,,,
2,余俊宏,第4屆臺中市議員補選,首次申報,1130326,個人捐贈收入,唐茂洋,,5000.00,0.00,現金,1130326,,,金錢,臺中市南屯區****,,,,,,,,,
3,余俊宏,第4屆臺中市議員補選,首次申報,1130329,匿名捐贈,匿名1,,3000.00,0.00,現金,1130329,,,金錢,,,,,,,,,,
4,余俊宏,第4屆臺中市議員補選,首次申報,1130412,個人捐贈收入,季榮和,,10000.00,0.00,現金,1130412,,,金錢,臺中市太平區****,,,,,,,,,
