﻿序號,擬參選人／政黨,選舉名稱,申報序號／年度,交易日期,收支科目,捐贈者／支出對象,身分證／統一編號,收入金額,支出金額,捐贈方式,存入專戶日期,返還/繳庫,支出用途,金錢類,地址,聯絡電話,應揭露之支出對象,支出對象之內部人員姓名,支出對象之內部人員職稱,政黨之內部人員姓名,政黨之內部人員職稱,關係,更正註記,資料更正日期
1,謝佩芬,113年立法委員選舉,首次申報,1120724,個人捐贈收入,陳文廣,,5000.00,0.00,匯款,1120724,,,金錢,臺北市中山區****,,,,,,,,,
2,謝佩芬,113年立法委員選舉,首次申報,1120725,個人捐贈收入,陳楷政,,1450.00,0.00,匯款,1120725,,,金錢,臺北市中山區****,,,,,,,,,
3,謝佩芬,113年立法委員選舉,首次申報,1120725,個人捐贈收入,許順龍,,5000.00,0.00,匯款,1120725,,,金錢,新北市板橋區****,,,,,,,,,
4,謝佩芬,113年立法委員選舉,首次申報,1120725,營利事業捐贈收入,台灣仁本生命科技股份有限公司,89605262,500000.00,0.00,匯款,1120725,,,金錢,臺北市文山區****,,,,,,,,,
5,謝佩芬,113年立法委員選舉,首次申報,1120728,匿名捐贈,匿名,,3000.00,0.00,匯款,1120728,,,金錢,,,,,,,,,,
6,謝佩芬,113年立法委員選舉,首次申報,1120728,個人捐贈收入,梁卓衡,,300.00,0.00,匯款,1120728,,,金錢,臺北市中山區****,,,,,,,,,
7,謝佩芬,113年立法委員選舉,首次申報,1120728,個人捐贈收入,洪瑛璘,,800.00,0.00,匯款,1120728,,,金錢,南投縣草屯鎮****,0963*****,,,,,,,,
8,謝佩芬,113年立法委員選舉,首次申報,1120728,個人捐贈收入,陳懷,,30000.00,0.00,匯款,1120728,,,金錢,高雄市鳥松區****,0921*****,,,,,,,,
9,謝佩芬,113年立法委員選舉,首次申報,1120728,個人捐贈收入,鄭孟浩,,2000.00,0.00,匯款,1120728,,,金錢,新北市淡水區****,,,,,,,,,
10,謝佩芬,113年立法委員選舉,首次申報,1120728,個人捐贈收入,黃子耘,,3600.00,0.00,匯款,1120728,,,金錢,桃園市楊梅區****,0922*****,,,,,,,,
11,謝佩芬,113年立法委員選舉,首次申報,1120728,個人捐贈收入,麥福泉,A10*******,20000.00,0.00,匯款,1120728,,,金錢,臺北市中山區****,0935*****,,,,,,,,
12,謝佩芬,113年立法委員選舉,首次申報,1120730,個人捐贈收入,許鴻儒,,300.00,0.00,匯款,1120730,,,金錢,臺北市中山區****,,,,,,,,,
13,謝佩芬,113年立法委員選舉,首次申報,1120730,個人捐贈收入,曾傳祿,,500.00,0.00,匯款,1120730,,,金錢,臺北市中山區****,,,,,,,,,
14,謝佩芬,113年立法委員選舉,首次申報,1120730,匿名捐贈,匿名,,500.00,0.00,匯款,1120730,,,金錢,,,,,,,,,,
15,謝佩芬,113年立法委員選舉,首次申報,1120730,匿名捐贈,匿名,,3000.00,0.00,匯款,1120730,,,金錢,,,,,,,,,,
16,謝佩芬,113年立法委員選舉,首次申報,1120731,個人捐贈收入,葉復媛,,10000.00,0.00,匯款,1120731,,,金錢,臺北市中山區****,0986*****,,,,,,,,
17,謝佩芬,113年立法委員選舉,首次申報,1120801,匿名捐贈,匿名,,5000.00,0.00,現金,1120801,,,金錢,,,,,,,,,,
18,謝佩芬,113年立法委員選舉,首次申報,1120801,個人捐贈收入,杜黃芳粉,,2000.00,0.00,匯款,1120801,,,金錢,臺北市大安區****,,,,,,,,,
19,謝佩芬,113年立法委員選舉,首次申報,1120801,個人捐贈收入,葉萍如,,2000.00,0.00,匯款,1120801,,,金錢,臺北市萬華區****,,,,,,,,,
20,謝佩芬,113年立法委員選舉,首次申報,1120801,個人捐贈收入,吳俊修,,2000.00,0.00,匯款,1120801,,,金錢,苗栗縣公館鄉****,,,,,,,,,
21,謝佩芬,113年立法委員選舉,首次申報,1120801,個人捐贈收入,陳志傑,,2000.00,0.00,現金,1120801,,,金錢,新竹市東區綠****,,,,,,,,,
22,謝佩芬,113年立法委員選舉,首次申報,1120801,個人捐贈收入,李永騰,,2000.00,0.00,匯款,1120801,,,金錢,新北市蘆洲區****,,,,,,,,,
23,謝佩芬,113年立法委員選舉,首次申報,1120801,個人捐贈收入,康秀雄,,10000.00,0.00,匯款,1120801,,,金錢,臺北市松山區****,,,,,,,,,
24,謝佩芬,113年立法委員選舉,首次申報,1120801,個人捐贈收入,陳淑芳,,3000.00,0.00,匯款,1120801,,,金錢,臺北市中山區****,,,,,,,,,
25,謝佩芬,113年立法委員選舉,首次申報,1120801,營利事業捐贈收入,員邦室內裝修設計股份有限公司,36275072,100000.00,0.00,匯款,1120801,,,金錢,新北市新莊區****,02-8*****,,,,,,,,
26,謝佩芬,113年立法委員選舉,首次申報,1120802,個人捐贈收入,呂黃閔,,1450.00,0.00,匯款,1120802,,,金錢,臺北市中正區****,0987*****,,,,,,,,
27,謝佩芬,113年立法委員選舉,首次申報,1120802,個人捐贈收入,廖英彩,,10000.00,0.00,匯款,1120802,,,金錢,臺北市大安區****,,,,,,,,,
28,謝佩芬,113年立法委員選舉,首次申報,1120802,匿名捐贈,匿名,,2000.00,0.00,匯款,1120802,,,金錢,,,,,,,,,,
29,謝佩芬,113年立法委員選舉,首次申報,1120802,個人捐贈收入,張玲綺,A22*******,50000.00,0.00,匯款,1120802,,,金錢,臺北市中山區****,0939*****,,,,,,,,
30,謝佩芬,113年立法委員選舉,首次申報,1120802,個人捐贈收入,鍾智文,K10*******,20000.00,0.00,匯款,1120802,,,金錢,臺北市中正區****,0912*****,,,,,,,,
31,謝佩芬,113年立法委員選舉,首次申報,1120802,政黨捐贈收入,民主進步黨,政黨證字第16號,1000000.00,0.00,匯款,1120802,,,金錢,台北市北平東****,(02)*****,,,,,,,,
32,謝佩芬,113年立法委員選舉,首次申報,1120803,個人捐贈收入,陳進典,,30000.00,0.00,匯款,1120803,,,金錢,臺中市南屯區****,0928*****,,,,,,,,
33,謝佩芬,113年立法委員選舉,首次申報,1120803,營利事業捐贈收入,寶藏股份有限公司,53761611,100000.00,0.00,匯款,1120803,,,金錢,臺北市大安區****,,,,,,,,,
34,謝佩芬,113年立法委員選舉,首次申報,1120804,個人捐贈收入,黃淑蓉,,500.00,0.00,匯款,1120804,,,金錢,臺北市中山區****,,,,,,,,,
35,謝佩芬,113年立法委員選舉,首次申報,1120804,個人捐贈收入,賴沛晴,,5000.00,0.00,匯款,1120804,,,金錢,臺北市中山區****,,,,,,,,,
36,謝佩芬,113年立法委員選舉,首次申報,1120804,個人捐贈收入,劉妏妏,,500.00,0.00,匯款,1120804,,,金錢,臺北市中山區****,,,,,,,,,
37,謝佩芬,113年立法委員選舉,首次申報,1120804,匿名捐贈,匿名,,5000.00,0.00,匯款,1120804,,,金錢,,,,,,,,,,
38,謝佩芬,113年立法委員選舉,首次申報,1120804,個人捐贈收入,李道庸,A10*******,10000.00,0.00,匯款,1120804,,,金錢,新北市林口區****,02-2*****,,,,,,,,
39,謝佩芬,113年立法委員選舉,首次申報,1120807,個人捐贈收入,李尚元,A12*******,20000.00,0.00,匯款,1120807,,,金錢,臺北市松山區****,0936*****,,,,,,,,
40,謝佩芬,113年立法委員選舉,首次申報,1120808,個人捐贈收入,施純國,,6600.00,0.00,匯款,1120808,,,金錢,臺北市中山區****,0955*****,,,,,,,,
41,謝佩芬,113年立法委員選舉,首次申報,1120808,個人捐贈收入,施怡安,,3600.00,0.00,匯款,1120808,,,金錢,臺北市中山區****,0955*****,,,,,,,,
42,謝佩芬,113年立法委員選舉,首次申報,1120809,個人捐贈收入,張阿春,,10000.00,0.00,匯款,1120809,,,金錢,臺北市中正區****,,,,,,,,,
43,謝佩芬,113年立法委員選舉,首次申報,1120809,匿名捐贈,匿名,,2000.00,0.00,匯款,1120809,,,金錢,,,,,,,,,,
44,謝佩芬,113年立法委員選舉,首次申報,1120810,個人捐贈收入,朱真一,,10000.00,0.00,匯款,1120810,,,金錢,新竹縣新埔鎮****,,,,,,,,,
45,謝佩芬,113年立法委員選舉,首次申報,1120811,匿名捐贈,匿名,,3000.00,0.00,匯款,1120811,,,金錢,,,,,,,,,,
46,謝佩芬,113年立法委員選舉,首次申報,1120813,個人捐贈收入,蔡慶宏,,888.00,0.00,匯款,1120813,,,金錢,臺南市安平區****,0932*****,,,,,,,,
47,謝佩芬,113年立法委員選舉,首次申報,1120815,匿名捐贈,匿名,,1450.00,0.00,匯款,1120815,,,金錢,,,,,,,,,,
48,謝佩芬,113年立法委員選舉,首次申報,1120816,個人捐贈收入,粘立暐,,8000.00,0.00,現金,1120816,,,金錢,臺北市士林區****,,,,,,,,,
49,謝佩芬,113年立法委員選舉,首次申報,1120816,個人捐贈收入,李榮昌,,6000.00,0.00,匯款,1120816,,,金錢,臺北市中山區****,,,,,,,,,
50,謝佩芬,113年立法委員選舉,首次申報,1120816,匿名捐贈,匿名,,10000.00,0.00,匯款,1120816,,,金錢,,,,,,,,,,
51,謝佩芬,113年立法委員選舉,首次申報,1120816,個人捐贈收入,徐以政,A10*******,16000.00,0.00,匯款,1120816,,,金錢,臺北市中山區****,,,,,,,,,
52,謝佩芬,113年立法委員選舉,首次申報,1120817,匿名捐贈,匿名,,3000.00,0.00,匯款,1120817,,,金錢,,,,,,,,,,
53,謝佩芬,113年立法委員選舉,首次申報,1120817,匿名捐贈,匿名,,3000.00,0.00,現金,1120817,,,金錢,,,,,,,,,,
54,謝佩芬,113年立法委員選舉,首次申報,1120817,個人捐贈收入,陳錦雲,,1000.00,0.00,匯款,1120817,,,金錢,臺北市中山區****,,,,,,,,,
55,謝佩芬,113年立法委員選舉,首次申報,1120817,個人捐贈收入,蘇啟展,P10*******,20000.00,0.00,匯款,1120817,,,金錢,臺北市大同區****,,,,,,,,,
56,謝佩芬,113年立法委員選舉,首次申報,1120818,個人捐贈收入,謝仁聰,,5000.00,0.00,匯款,1120818,,,金錢,臺北市中山區****,,,,,,,,,
57,謝佩芬,113年立法委員選舉,首次申報,1120819,個人捐贈收入,黃鈺文,,1000.00,0.00,匯款,1120819,,,金錢,臺南市東區富****,0911*****,,,,,,,,
58,謝佩芬,113年立法委員選舉,首次申報,1120819,個人捐贈收入,陳日為,J12*******,1450.00,0.00,匯款,1120825,,,金錢,新竹縣竹北市****,9109*****,,,,,,,,
59,謝佩芬,113年立法委員選舉,首次申報,1120819,個人捐贈收入,蔡明哲,Q12*******,5000.00,0.00,匯款,1120825,,,金錢,新竹市東區新****,9215*****,,,,,,,,
60,謝佩芬,113年立法委員選舉,首次申報,1120820,匿名捐贈,匿名,,10000.00,0.00,匯款,1120820,,,金錢,,,,,,,,,,
61,謝佩芬,113年立法委員選舉,首次申報,1120821,個人捐贈收入,陳向榮,B10*******,5000.00,0.00,匯款,1120828,,,金錢,台中市西區五****,9353*****,,,,,,,,
62,謝佩芬,113年立法委員選舉,首次申報,1120822,個人捐贈收入,陳聖文,A12*******,100000.00,0.00,匯款,1120822,,,金錢,臺北市文山區****,,,,,,,,,
63,謝佩芬,113年立法委員選舉,首次申報,1120822,個人捐贈收入,林宥馨,A22*******,100000.00,0.00,匯款,1120822,,,金錢,臺北市文山區****,,,,,,,,,
64,謝佩芬,113年立法委員選舉,首次申報,1120822,個人捐贈收入,蔡德發,A22*******,60000.00,0.00,匯款,1120822,,,金錢,臺北市文山區****,,,,,,,,,
65,謝佩芬,113年立法委員選舉,首次申報,1120822,個人捐贈收入,羅能平,H10*******,50000.00,0.00,匯款,1120822,,,金錢,臺北市中山區****,0932*****,,,,,,,,
66,謝佩芬,113年立法委員選舉,首次申報,1120822,個人捐贈收入,林明達,N12*******,10000.00,0.00,匯款,1120828,,,金錢,台北市內湖區****,9288*****,,,,,,,,
67,謝佩芬,113年立法委員選舉,首次申報,1120823,個人捐贈收入,賴啓明,,10000.00,0.00,現金,1120823,,,金錢,臺北市中正區****,,,,,,,,,
68,謝佩芬,113年立法委員選舉,首次申報,1120823,個人捐贈收入,陳川原,A12*******,100000.00,0.00,匯款,1120823,,,金錢,臺北市大安區****,,,,,,,,,
69,謝佩芬,113年立法委員選舉,首次申報,1120823,個人捐贈收入,陳湘潔,A23*******,100000.00,0.00,匯款,1120823,,,金錢,臺北市文山區****,,,,,,,,,
70,謝佩芬,113年立法委員選舉,首次申報,1120823,個人捐贈收入,李朝燦,F10*******,1000.00,0.00,匯款,1120829,,,金錢,台北市南港區****,9192*****,,,,,,,,
71,謝佩芬,113年立法委員選舉,首次申報,1120823,個人捐贈收入,陳正宗,J12*******,1450.00,0.00,匯款,1120829,,,金錢,新竹縣竹北市****,9224*****,,,,,,,,
72,謝佩芬,113年立法委員選舉,首次申報,1120823,個人捐贈收入,林良諺,L10*******,1000.00,0.00,匯款,1120829,,,金錢,台中市大雅區****,9898*****,,,,,,,,
73,謝佩芬,113年立法委員選舉,首次申報,1120823,個人捐贈收入,林左盛,L12*******,1000.00,0.00,匯款,1120829,,,金錢,台中市大里區****,9255*****,,,,,,,,
74,謝佩芬,113年立法委員選舉,首次申報,1120823,個人捐贈收入,林秋培,T22*******,1450.00,0.00,匯款,1120829,,,金錢,台中市西屯區****,9100*****,,,,,,,,
75,謝佩芬,113年立法委員選舉,首次申報,1120824,匿名捐贈,匿名,,2000.00,0.00,匯款,1120824,,,金錢,,,,,,,,,,
76,謝佩芬,113年立法委員選舉,首次申報,1120825,匿名捐贈,匿名,,1000.00,0.00,匯款,1120825,,,金錢,,,,,,,,,,
77,謝佩芬,113年立法委員選舉,首次申報,1120825,匿名捐贈,匿名(線上001),,500.00,0.00,匯款,1120831,,,金錢,,,,,,,,,,
78,謝佩芬,113年立法委員選舉,首次申報,1120825,個人捐贈收入,王珮怡,F22*******,1000.00,0.00,匯款,1120831,,,金錢,新北市淡水區****,9532*****,,,,,,,,
79,謝佩芬,113年立法委員選舉,首次申報,1120825,個人捐贈收入,曾仁俊,J12*******,500.00,0.00,匯款,1120831,,,金錢,新竹市東區花****,0928*****,,,,,,,,
80,謝佩芬,113年立法委員選舉,首次申報,1120825,個人捐贈收入,郭怡君,S22*******,1450.00,0.00,匯款,1120831,,,金錢,高雄市梓官區****,9108*****,,,,,,,,
81,謝佩芬,113年立法委員選舉,首次申報,1120826,個人捐贈收入,鄭銘鎮,,20000.00,0.00,匯款,1120826,,,金錢,臺北市大安區****,,,,,,,,,
82,謝佩芬,113年立法委員選舉,首次申報,1120826,個人捐贈收入,江哲恩,U12*******,10000.00,0.00,匯款,1120901,,,金錢,花蓮縣花蓮市****,9034*****,,,,,,,,
83,謝佩芬,113年立法委員選舉,首次申報,1120828,匿名捐贈,匿名,,2000.00,0.00,匯款,1120828,,,金錢,,,,,,,,,,
84,謝佩芬,113年立法委員選舉,首次申報,1120828,匿名捐贈,匿名,,10000.00,0.00,匯款,1120828,,,金錢,,,,,,,,,,
85,謝佩芬,113年立法委員選舉,首次申報,1120828,個人捐贈收入,張世賢,,2000.00,0.00,匯款,1120828,,,金錢,臺北市中山區****,,,,,,,,,
86,謝佩芬,113年立法委員選舉,首次申報,1120828,營利事業捐贈收入,祥曜科技股份有限公司,70498559,60000.00,0.00,匯款,1120828,,,金錢,桃園市楊梅區****,,,,,,,,,
87,謝佩芬,113年立法委員選舉,首次申報,1120829,個人捐贈收入,康義勝,,20000.00,0.00,匯款,1120829,,,金錢,新北市新店區****,2215*****,,,,,,,,
88,謝佩芬,113年立法委員選舉,首次申報,1120829,個人捐贈收入,林裕明,V12*******,10000.00,0.00,匯款,1120904,,,金錢,新北市樹林區****,0936*****,,,,,,,,
89,謝佩芬,113年立法委員選舉,首次申報,1120829,個人捐贈收入,張月昭,V22*******,10000.00,0.00,匯款,1120904,,,金錢,臺東縣臺東市****,0910*****,,,,,,,,
90,謝佩芬,113年立法委員選舉,首次申報,1120830,個人捐贈收入,陳小娟,,10000.00,0.00,現金,1120830,,,金錢,臺北市大同區****,0920*****,,,,,,,,
91,謝佩芬,113年立法委員選舉,首次申報,1120830,匿名捐贈,匿名,,10000.00,0.00,匯款,1120830,,,金錢,,,,,,,,,,
92,謝佩芬,113年立法委員選舉,首次申報,1120831,個人捐贈收入,張政雄,A10*******,30000.00,0.00,匯款,1120905,,,金錢,台北市中山區****,9391*****,,,,,,,,
93,謝佩芬,113年立法委員選舉,首次申報,1120831,個人捐贈收入,李慶煌,Q10*******,100000.00,0.00,匯款,1120831,,,金錢,臺北市中山區****,0910*****,,,,,,,,
94,謝佩芬,113年立法委員選舉,首次申報,1120901,個人捐贈收入,范金玉,,10000.00,0.00,匯款,1120901,,,金錢,台北市中正區****,,,,,,,,,
95,謝佩芬,113年立法委員選舉,首次申報,1120902,匿名捐贈,匿名(線上002),,1450.00,0.00,匯款,1120907,,,金錢,,,,,,,,,,
96,謝佩芬,113年立法委員選舉,首次申報,1120902,個人捐贈收入,陳世上,A10*******,40000.00,0.00,匯款,1120908,,,金錢,台北市松山區****,9101*****,,,,,,,,
97,謝佩芬,113年立法委員選舉,首次申報,1120903,個人捐贈收入,范振修,,23100.00,0.00,匯款,1120903,,,金錢,桃園市中壢區****,,,,,,,,,
98,謝佩芬,113年立法委員選舉,首次申報,1120903,個人捐贈收入,王姿婷,D22*******,1000.00,0.00,匯款,1120911,,,金錢,新北市樹林區****,9526*****,,,,,,,,
99,謝佩芬,113年立法委員選舉,首次申報,1120904,匿名捐贈,匿名(線上003),,1000.00,0.00,匯款,1120911,,,金錢,,,,,,,,,,
100,謝佩芬,113年立法委員選舉,首次申報,1120904,個人捐贈收入,陳詹金緣,,1000.00,0.00,匯款,1120904,,,金錢,臺北市中山區****,,,,,,,,,
101,謝佩芬,113年立法委員選舉,首次申報,1120904,個人捐贈收入,江孟蓉,A22*******,3000.00,0.00,匯款,1120911,,,金錢,台北市士林區****,9210*****,,,,,,,,
102,謝佩芬,113年立法委員選舉,首次申報,1120904,個人捐贈收入,施麗英,B20*******,10000.00,0.00,匯款,1120911,,,金錢,台北市大安區****,9729*****,,,,,,,,
103,謝佩芬,113年立法委員選舉,首次申報,1120905,匿名捐贈,匿名(線上004),,300.00,0.00,匯款,1120911,,,金錢,,,,,,,,,,
104,謝佩芬,113年立法委員選舉,首次申報,1120905,匿名捐贈,匿名,,2000.00,0.00,匯款,1120905,,,金錢,,,,,,,,,,
105,謝佩芬,113年立法委員選舉,首次申報,1120905,個人捐贈收入,黃偉荃,O10*******,500.00,0.00,匯款,1120911,,,金錢,新竹市北區延****,9639*****,,,,,,,,
106,謝佩芬,113年立法委員選舉,首次申報,1120905,個人捐贈收入,李璞瑄,Y10*******,20000.00,0.00,匯款,1120911,,,金錢,臺北市中山區****,0937*****,,,,,,,,
107,謝佩芬,113年立法委員選舉,首次申報,1120906,個人捐贈收入,林彥宇,A12*******,3000.00,0.00,匯款,1120906,,,金錢,臺北市中山區****,0953*****,,,,,,,,
108,謝佩芬,113年立法委員選舉,首次申報,1120906,個人捐贈收入,陳清美,H20*******,10000.00,0.00,匯款,1120906,,,金錢,臺北市大安區****,,,,,,,,,
109,謝佩芬,113年立法委員選舉,首次申報,1120907,個人捐贈收入,賴漢生,,10000.00,0.00,匯款,1120907,,,金錢,台北市中正區****,,,,,,,,,
110,謝佩芬,113年立法委員選舉,首次申報,1120907,營利事業捐贈收入,和鑫工程顧問股份有限公司,53262571,170000.00,0.00,匯款,1120907,,,金錢,新竹縣竹北市****,03-5*****,,,,,,,,
111,謝佩芬,113年立法委員選舉,首次申報,1120907,個人捐贈收入,謝沿淮,A12*******,12000.00,0.00,匯款,1120907,,,金錢,桃園市大溪區****,0910*****,,,,,,,,
112,謝佩芬,113年立法委員選舉,首次申報,1120907,個人捐贈收入,楊文仁,G12*******,40000.00,0.00,匯款,1120914,,,金錢,臺北市大同區****,0935*****,,,,,,,,
113,謝佩芬,113年立法委員選舉,首次申報,1120909,個人捐贈收入,徐聖鎧,C12*******,1000.00,0.00,匯款,1120915,,,金錢,台北市萬華區****,9052*****,,,,,,,,
114,謝佩芬,113年立法委員選舉,首次申報,1120911,個人捐贈收入,葉至正,A12*******,10000.00,0.00,匯款,1120918,,,金錢,台北市大安區****,9361*****,,,,,,,,
115,謝佩芬,113年立法委員選舉,首次申報,1120911,個人捐贈收入,葉茂宏,A12*******,100000.00,0.00,匯款,1120911,,,金錢,臺北市大安區****,2706*****,,,,,,,,
116,謝佩芬,113年立法委員選舉,首次申報,1120911,個人捐贈收入,葉雅瀞,A22*******,100000.00,0.00,匯款,1120911,,,金錢,臺北市大安區****,2706*****,,,,,,,,
117,謝佩芬,113年立法委員選舉,首次申報,1120913,個人捐贈收入,謝其崗,,20000.00,0.00,匯款,1120913,,,金錢,臺北市中正區****,,,,,,,,,
118,謝佩芬,113年立法委員選舉,首次申報,1120913,個人捐贈收入,林潔懿,,30000.00,0.00,匯款,1120913,,,金錢,臺北市中山區****,,,,,,,,,
119,謝佩芬,113年立法委員選舉,首次申報,1120913,匿名捐贈,匿名,,10000.00,0.00,匯款,1120913,,,金錢,,,,,,,,,,
120,謝佩芬,113年立法委員選舉,首次申報,1120913,匿名捐贈,匿名,,10000.00,0.00,匯款,1120913,,,金錢,,,,,,,,,,
121,謝佩芬,113年立法委員選舉,首次申報,1120913,匿名捐贈,匿名,,10000.00,0.00,匯款,1120913,,,金錢,,,,,,,,,,
122,謝佩芬,113年立法委員選舉,首次申報,1120914,匿名捐贈,匿名(線上005),,3000.00,0.00,匯款,1120921,,,金錢,,,,,,,,,,
123,謝佩芬,113年立法委員選舉,首次申報,1120914,個人捐贈收入,魏秀玲,A20*******,100000.00,0.00,匯款,1120914,,,金錢,新北市新莊區****,0932*****,,,,,,,,
124,謝佩芬,113年立法委員選舉,首次申報,1120914,個人捐贈收入,黃耀霖,F12*******,100000.00,0.00,匯款,1120914,,,金錢,新北市新莊區****,0952*****,,,,,,,,
125,謝佩芬,113年立法委員選舉,首次申報,1120914,個人捐贈收入,徐碧君,I20*******,100000.00,0.00,匯款,1120914,,,金錢,臺北市中山區****,2657*****,,,,,,,,
126,謝佩芬,113年立法委員選舉,首次申報,1120914,個人捐贈收入,許淑貞,N22*******,100000.00,0.00,匯款,1120914,,,金錢,臺北市中山區****,,,,,,,,,
127,謝佩芬,113年立法委員選舉,首次申報,1120915,個人捐贈收入,邱永堂,L10*******,20000.00,0.00,匯款,1120915,,,金錢,臺北市松山區****,0939*****,,,,,,,,
128,謝佩芬,113年立法委員選舉,首次申報,1120915,個人捐贈收入,蕭世耀,P12*******,50000.00,0.00,匯款,1120915,,,金錢,嘉義市東區大****,0932*****,,,,,,,,
129,謝佩芬,113年立法委員選舉,首次申報,1120918,個人捐贈收入,鄭博文,,10000.00,0.00,匯款,1120918,,,金錢,台北市中正區****,,,,,,,,,
130,謝佩芬,113年立法委員選舉,首次申報,1120918,營利事業捐贈收入,佳紡國際貿易有限公司,25125668,100000.00,0.00,匯款,1120918,,,金錢,臺北市中山區****,02-2*****,,,,,,,,
131,謝佩芬,113年立法委員選舉,首次申報,1120918,個人捐贈收入,吳志育,A10*******,10000.00,0.00,匯款,1120918,,,金錢,新北市三重區****,0921*****,,,,,,,,
132,謝佩芬,113年立法委員選舉,首次申報,1120918,個人捐贈收入,林英豪,A10*******,50000.00,0.00,匯款,1120918,,,金錢,臺北市中山區****,0912*****,,,,,,,,
133,謝佩芬,113年立法委員選舉,首次申報,1120918,個人捐贈收入,施淑敏,A22*******,20000.00,0.00,匯款,1120918,,,金錢,臺北市松山區****,0910*****,,,,,,,,
134,謝佩芬,113年立法委員選舉,首次申報,1120918,個人捐贈收入,蕭繁雄,Q10*******,10000.00,0.00,匯款,1120918,,,金錢,臺北市中山區****,0926*****,,,,,,,,
135,謝佩芬,113年立法委員選舉,首次申報,1120918,個人捐贈收入,俞純卿,U20*******,10000.00,0.00,匯款,1120918,,,金錢,臺北市文山區****,0922*****,,,,,,,,
136,謝佩芬,113年立法委員選舉,首次申報,1120919,個人捐贈收入,蔡煌瑯,M12*******,100000.00,0.00,匯款,1120919,,,金錢,臺北市中正區****,0921*****,,,,,,,,
137,謝佩芬,113年立法委員選舉,首次申報,1120920,個人捐贈收入,蕭羽珊,,2000.00,0.00,匯款,1120920,,,金錢,臺北市中山區****,,,,,,,,,
138,謝佩芬,113年立法委員選舉,首次申報,1120920,個人捐贈收入,李蕙穎,,2000.00,0.00,匯款,1120920,,,金錢,臺北市大安區****,,,,,,,,,
139,謝佩芬,113年立法委員選舉,首次申報,1120920,個人捐贈收入,江銘雄,,6000.00,0.00,匯款,1120920,,,金錢,臺北市大安區****,,,,,,,,,
140,謝佩芬,113年立法委員選舉,首次申報,1120920,個人捐贈收入,鄧維順,,20000.00,0.00,現金,1120920,,,金錢,臺北市大安區****,,,,,,,,,
141,謝佩芬,113年立法委員選舉,首次申報,1120920,個人捐贈收入,黃樂綺,Q22*******,1000.00,0.00,匯款,1120926,,,金錢,嘉義縣水上鄉****,0952*****,,,,,,,,
142,謝佩芬,113年立法委員選舉,首次申報,1120922,營利事業捐贈收入,鴻霖印刷傳媒股份有限公司,23722346,50000.00,0.00,匯款,1120922,,,金錢,新北市中和區****,02-8*****,,,,,,,,
143,謝佩芬,113年立法委員選舉,首次申報,1120922,個人捐贈收入,鄭玉章,A12*******,50000.00,0.00,匯款,1120922,,,金錢,臺北市松山區****,0910*****,,,,,,,,
144,謝佩芬,113年立法委員選舉,首次申報,1120925,個人捐贈收入,沈秀琴,,10000.00,0.00,匯款,1120925,,,金錢,臺北市大安區****,,,,,,,,,
145,謝佩芬,113年立法委員選舉,首次申報,1120925,個人捐贈收入,翁吳洋子,,20000.00,0.00,匯款,1120925,,,金錢,臺北市大安區****,,,,,,,,,
146,謝佩芬,113年立法委員選舉,首次申報,1120925,個人捐贈收入,許秀季,,4000.00,0.00,匯款,1120925,,,金錢,臺北市大安區****,,,,,,,,,
147,謝佩芬,113年立法委員選舉,首次申報,1120925,匿名捐贈,匿名,,1000.00,0.00,匯款,1120925,,,金錢,,,,,,,,,,
148,謝佩芬,113年立法委員選舉,首次申報,1120925,個人捐贈收入,徐以政,A10*******,16000.00,0.00,匯款,1120925,,,金錢,臺北市中山區****,,,,,,,,,
149,謝佩芬,113年立法委員選舉,首次申報,1120925,個人捐贈收入,李美娟,A20*******,10000.00,0.00,匯款,1121002,,,金錢,臺北市松山區****,,,,,,,,,
150,謝佩芬,113年立法委員選舉,首次申報,1120925,個人捐贈收入,張慧真,G20*******,50000.00,0.00,匯款,1120925,,,金錢,臺北市大安區****,,,,,,,,,
151,謝佩芬,113年立法委員選舉,首次申報,1120926,匿名捐贈,匿名,,10000.00,0.00,現金,1120926,,,金錢,,,,,,,,,,
152,謝佩芬,113年立法委員選舉,首次申報,1120926,匿名捐贈,匿名(線上006),,1500.00,0.00,匯款,1121003,,,金錢,,,,,,,,,,
153,謝佩芬,113年立法委員選舉,首次申報,1120926,個人捐贈收入,李開勳,A10*******,100000.00,0.00,匯款,1120926,,,金錢,臺北市松山區****,0937*****,,,,,,,,
154,謝佩芬,113年立法委員選舉,首次申報,1120926,個人捐贈收入,李廟燈,F10*******,30000.00,0.00,匯款,1120926,,,金錢,臺北市中山區****,0937*****,,,,,,,,
155,謝佩芬,113年立法委員選舉,首次申報,1120926,個人捐贈收入,陳志傑,G12*******,2900.00,0.00,匯款,1121002,,,金錢,新竹市東區綠****,,,,,,,,,
156,謝佩芬,113年立法委員選舉,首次申報,1120927,營利事業捐贈收入,台北第一開發股份有限公司,55646855,20000.00,0.00,匯款,1120927,,,金錢,臺北市士林區****,0958*****,,,,,,,,
157,謝佩芬,113年立法委員選舉,首次申報,1120927,個人捐贈收入,梁明聖,N10*******,50000.00,0.00,匯款,1120927,,,金錢,臺北市士林區****,0928*****,,,,,,,,
158,謝佩芬,113年立法委員選舉,首次申報,1120928,個人捐贈收入,柯富揚,N12*******,20000.00,0.00,匯款,1120928,,,金錢,臺中市西屯區****,0932*****,,,,,,,,
159,謝佩芬,113年立法委員選舉,首次申報,1120929,營利事業捐贈收入,希牛有限公司,94077656,20000.00,0.00,匯款,1121005,,,金錢,臺北市中山區****,,,,,,,,,
160,謝佩芬,113年立法委員選舉,首次申報,1120929,個人捐贈收入,劉信亨,A12*******,500.00,0.00,匯款,1121005,,,金錢,臺北市大同區****,,,,,,,,,
161,謝佩芬,113年立法委員選舉,首次申報,1120930,個人捐贈收入,郭正光,A10*******,20000.00,0.00,匯款,1121006,,,金錢,臺北市大安區****,,,,,,,,,
162,謝佩芬,113年立法委員選舉,首次申報,1121001,個人捐贈收入,張文哲,L12*******,100.00,0.00,匯款,1121011,,,金錢,臺中市后里區****,,,,,,,,,
163,謝佩芬,113年立法委員選舉,首次申報,1121002,個人捐贈收入,黃英治,,20000.00,0.00,匯款,1121002,,,金錢,臺北市大安區****,0922*****,,,,,,,,
164,謝佩芬,113年立法委員選舉,首次申報,1121002,個人捐贈收入,蔣理容,C20*******,10000.00,0.00,匯款,1121002,,,金錢,臺北市大安區****,0988*****,,,,,,,,
165,謝佩芬,113年立法委員選舉,首次申報,1121003,匿名捐贈,匿名(線上007),,100.00,0.00,匯款,1121011,,,金錢,,,,,,,,,,
166,謝佩芬,113年立法委員選舉,首次申報,1121003,匿名捐贈,匿名(線上008),,500.00,0.00,匯款,1121012,,,金錢,,,,,,,,,,
167,謝佩芬,113年立法委員選舉,首次申報,1121003,個人捐贈收入,林美惠,A20*******,10000.00,0.00,匯款,1121003,,,金錢,臺北市松山區****,0933*****,,,,,,,,
168,謝佩芬,113年立法委員選舉,首次申報,1121003,個人捐贈收入,林姿吟,P22*******,1450.00,0.00,匯款,1121011,,,金錢,臺南市中西區****,,,,,,,,,
169,謝佩芬,113年立法委員選舉,首次申報,1121003,個人捐贈收入,陳佘玉珍,S20*******,10000.00,0.00,匯款,1121003,,,金錢,新北市新店區****,,,,,,,,,
170,謝佩芬,113年立法委員選舉,首次申報,1121004,人民團體捐贈收入,台灣國家聯盟,095/04/18 0950054656,20000.00,0.00,匯款,1121004,,,金錢,臺北市中正區****,,,,,,,,,
171,謝佩芬,113年立法委員選舉,首次申報,1121005,個人捐贈收入,翁肇民,C12*******,60000.00,0.00,匯款,1121005,,,金錢,臺北市大安區****,,,,,,,,,
172,謝佩芬,113年立法委員選舉,首次申報,1121005,個人捐贈收入,邱祝子,Y20*******,10000.00,0.00,現金,1121005,,,金錢,臺北市中山區****,0933*****,,,,,,,,
173,謝佩芬,113年立法委員選舉,首次申報,1121006,個人捐贈收入,林逸民,L10*******,50000.00,0.00,現金,1121006,,,金錢,宜蘭縣羅東鎮****,0932*****,,,,,,,,
174,謝佩芬,113年立法委員選舉,首次申報,1121006,個人捐贈收入,劉逸龍,P12*******,20000.00,0.00,匯款,1121006,,,金錢,新北市板橋區****,0920*****,,,,,,,,
175,謝佩芬,113年立法委員選舉,首次申報,1121007,個人捐贈收入,王祥麟,F12*******,1000.00,0.00,匯款,1121013,,,金錢,臺北市中山區****,,,,,,,,,
176,謝佩芬,113年立法委員選舉,首次申報,1121007,個人捐贈收入,吳紹亨,N12*******,1450.00,0.00,匯款,1121013,,,金錢,高雄市鼓山區****,,,,,,,,,
177,謝佩芬,113年立法委員選舉,首次申報,1121008,匿名捐贈,匿名(線上009),,300.00,0.00,匯款,1121016,,,金錢,,,,,,,,,,
178,謝佩芬,113年立法委員選舉,首次申報,1121008,個人捐贈收入,張鳳芬,G22*******,1450.00,0.00,匯款,1121016,,,金錢,臺北市中山區****,,,,,,,,,
179,謝佩芬,113年立法委員選舉,首次申報,1121009,個人捐贈收入,廖燕惠,,10000.00,0.00,匯款,1121009,,,金錢,臺北市中山區****,0932*****,,,,,,,,
180,謝佩芬,113年立法委員選舉,首次申報,1121009,個人捐贈收入,陳美智,F20*******,10000.00,0.00,匯款,1121009,,,金錢,臺北市大同區****,0935*****,,,,,,,,
181,謝佩芬,113年立法委員選舉,首次申報,1121009,個人捐贈收入,吳佳純,F22*******,1450.00,0.00,匯款,1121016,,,金錢,新北市板橋區****,,,,,,,,,
182,謝佩芬,113年立法委員選舉,首次申報,1121009,個人捐贈收入,呂怡岱,H22*******,5000.00,0.00,匯款,1121016,,,金錢,臺北市松山區****,,,,,,,,,
183,謝佩芬,113年立法委員選舉,首次申報,1121009,個人捐贈收入,張世賢,K10*******,2000.00,0.00,匯款,1121016,,,金錢,桃園市龍潭區****,,,,,,,,,
184,謝佩芬,113年立法委員選舉,首次申報,1121011,個人捐贈收入,馮秀蝶,,2000.00,0.00,現金,1121011,,,金錢,臺北市文山區****,,,,,,,,,
185,謝佩芬,113年立法委員選舉,首次申報,1121011,個人捐贈收入,林宥萱,,2000.00,0.00,現金,1121011,,,金錢,臺北市文山區****,,,,,,,,,
186,謝佩芬,113年立法委員選舉,首次申報,1121011,個人捐贈收入,盧永豐,,2000.00,0.00,現金,1121011,,,金錢,臺北市士林區****,,,,,,,,,
187,謝佩芬,113年立法委員選舉,首次申報,1121011,個人捐贈收入,謝鳴鳳,,4000.00,0.00,現金,1121011,,,金錢,臺北市文山區****,,,,,,,,,
188,謝佩芬,113年立法委員選舉,首次申報,1121011,個人捐贈收入,莊陳月琇,,4000.00,0.00,現金,1121011,,,金錢,臺北市士林區****,,,,,,,,,
189,謝佩芬,113年立法委員選舉,首次申報,1121011,個人捐贈收入,林惟志,,4000.00,0.00,現金,1121011,,,金錢,臺北市松山區****,,,,,,,,,
190,謝佩芬,113年立法委員選舉,首次申報,1121011,個人捐贈收入,楊家樹,,2000.00,0.00,匯款,1121011,,,金錢,苗栗縣公館鄉****,,,,,,,,,
191,謝佩芬,113年立法委員選舉,首次申報,1121011,個人捐贈收入,孫春明,,2000.00,0.00,匯款,1121011,,,金錢,苗栗縣公館鄉****,,,,,,,,,
192,謝佩芬,113年立法委員選舉,首次申報,1121011,個人捐贈收入,李錫揚,,2000.00,0.00,匯款,1121011,,,金錢,苗栗縣銅鑼鄉****,,,,,,,,,
193,謝佩芬,113年立法委員選舉,首次申報,1121011,個人捐贈收入,劉博文,,4000.00,0.00,匯款,1121011,,,金錢,苗栗縣苗栗市****,,,,,,,,,
194,謝佩芬,113年立法委員選舉,首次申報,1121011,營利事業捐贈收入,新各界企業有限公司,12402015,100000.00,0.00,匯款,1121011,,,金錢,臺北市內湖區****,,,,,,,,,
195,謝佩芬,113年立法委員選舉,首次申報,1121011,營利事業捐贈收入,台北第一開發股份有限公司,55646855,20000.00,0.00,匯款,1121011,,,金錢,臺北市士林區****,,,,,,,,,
196,謝佩芬,113年立法委員選舉,首次申報,1121011,個人捐贈收入,許啟明,A12*******,100000.00,0.00,現金,1121011,,,金錢,臺北市北投區****,,,,,,,,,
197,謝佩芬,113年立法委員選舉,首次申報,1121011,個人捐贈收入,吳柯純卿,A20*******,100000.00,0.00,現金,1121011,,,金錢,臺北市北投區****,,,,,,,,,
198,謝佩芬,113年立法委員選舉,首次申報,1121011,個人捐贈收入,林憶菁,A22*******,100000.00,0.00,現金,1121011,,,金錢,臺北市北投區****,,,,,,,,,
199,謝佩芬,113年立法委員選舉,首次申報,1121011,個人捐贈收入,許瀞心,A22*******,100000.00,0.00,現金,1121011,,,金錢,臺北市北投區****,,,,,,,,,
200,謝佩芬,113年立法委員選舉,首次申報,1121011,個人捐贈收入,曾凌風,F12*******,50000.00,0.00,匯款,1121011,,,金錢,新北市淡水區****,0932*****,,,,,,,,
201,謝佩芬,113年立法委員選舉,首次申報,1121011,個人捐贈收入,徐麗娜,H20*******,100000.00,0.00,現金,1121011,,,金錢,臺北市北投區****,,,,,,,,,
202,謝佩芬,113年立法委員選舉,首次申報,1121011,個人捐贈收入,林坤輝,P12*******,30000.00,0.00,現金,1121011,,,金錢,臺北市中山區****,,,,,,,,,
203,謝佩芬,113年立法委員選舉,首次申報,1121011,個人捐贈收入,黃寶鈴,P22*******,100000.00,0.00,現金,1121011,,,金錢,新北市五股區****,,,,,,,,,
204,謝佩芬,113年立法委員選舉,首次申報,1121011,個人捐贈收入,葉坤鑫,Y12*******,100000.00,0.00,現金,1121011,,,金錢,新北市五股區****,,,,,,,,,
205,謝佩芬,113年立法委員選舉,首次申報,1121012,個人捐贈收入,吳樹民,A10*******,100000.00,0.00,匯款,1121012,,,金錢,臺北市大安區****,0920*****,,,,,,,,
206,謝佩芬,113年立法委員選舉,首次申報,1121012,個人捐贈收入,林陳雪鳳,A20*******,50000.00,0.00,匯款,1121012,,,金錢,臺北市中山區****,,,,,,,,,
207,謝佩芬,113年立法委員選舉,首次申報,1121012,個人捐贈收入,賴素蘭,A20*******,10000.00,0.00,匯款,1121012,,,金錢,臺北市松山區****,0917*****,,,,,,,,
208,謝佩芬,113年立法委員選舉,首次申報,1121012,個人捐贈收入,曾令婷,A22*******,100000.00,0.00,匯款,1121012,,,金錢,新北市中和區****,0926*****,,,,,,,,
209,謝佩芬,113年立法委員選舉,首次申報,1121013,個人捐贈收入,呂文富,,2000.00,0.00,匯款,1121013,,,金錢,臺北市松山區****,,,,,,,,,
210,謝佩芬,113年立法委員選舉,首次申報,1121013,個人捐贈收入,何桂妮,,2000.00,0.00,匯款,1121013,,,金錢,新北市深坑區****,,,,,,,,,
211,謝佩芬,113年立法委員選舉,首次申報,1121013,個人捐贈收入,廖耀松,,2000.00,0.00,匯款,1121013,,,金錢,臺北市信義區****,,,,,,,,,
212,謝佩芬,113年立法委員選舉,首次申報,1121013,個人捐贈收入,范啟宏,,2000.00,0.00,匯款,1121013,,,金錢,新北市三重區****,,,,,,,,,
213,謝佩芬,113年立法委員選舉,首次申報,1121013,個人捐贈收入,王純清,,2000.00,0.00,匯款,1121013,,,金錢,臺北市北投區****,,,,,,,,,
214,謝佩芬,113年立法委員選舉,首次申報,1121013,個人捐贈收入,鄭意馨,,2000.00,0.00,匯款,1121013,,,金錢,基隆市安樂區****,,,,,,,,,
215,謝佩芬,113年立法委員選舉,首次申報,1121013,個人捐贈收入,劉怡君,,2000.00,0.00,匯款,1121013,,,金錢,新北市汐止區****,,,,,,,,,
216,謝佩芬,113年立法委員選舉,首次申報,1121013,個人捐贈收入,陳秀婉,,2000.00,0.00,匯款,1121013,,,金錢,臺北市大安區****,,,,,,,,,
217,謝佩芬,113年立法委員選舉,首次申報,1121013,個人捐贈收入,陳梅,,2000.00,0.00,現金,1121013,,,金錢,臺北市中正區****,,,,,,,,,
218,謝佩芬,113年立法委員選舉,首次申報,1121013,個人捐贈收入,劉鳳珠,,2000.00,0.00,匯款,1121013,,,金錢,臺北市中正區****,,,,,,,,,
219,謝佩芬,113年立法委員選舉,首次申報,1121013,個人捐贈收入,王瑞華,A12*******,50000.00,0.00,匯款,1121013,,,金錢,臺北市文山區****,0909*****,,,,,,,,
220,謝佩芬,113年立法委員選舉,首次申報,1121013,個人捐贈收入,許明瑟,D20*******,20000.00,0.00,匯款,1121019,,,金錢,雲林縣崙背鄉****,,,,,,,,,
221,謝佩芬,113年立法委員選舉,首次申報,1121013,個人捐贈收入,周晏竹,F22*******,50000.00,0.00,匯款,1121013,,,金錢,新北市板橋區****,,,,,,,,,
222,謝佩芬,113年立法委員選舉,首次申報,1121015,個人捐贈收入,許倍維,R12*******,1000.00,0.00,匯款,1121023,,,金錢,臺北市中山區****,,,,,,,,,
223,謝佩芬,113年立法委員選舉,首次申報,1121016,個人捐贈收入,姚侑廷,,20000.00,0.00,匯款,1121016,,,金錢,新竹市立鵬路****,,,,,,,,,
224,謝佩芬,113年立法委員選舉,首次申報,1121016,個人捐贈收入,林雅玲,,10000.00,0.00,匯款,1121016,,,金錢,臺北市中山區****,,,,,,,,,
225,謝佩芬,113年立法委員選舉,首次申報,1121016,個人捐贈收入,陳威華,A12*******,36000.00,0.00,匯款,1121023,,,金錢,臺北市大安區****,0912*****,,,,,,,,
226,謝佩芬,113年立法委員選舉,首次申報,1121016,個人捐贈收入,李玫瑩,E22*******,500.00,0.00,匯款,1121023,,,金錢,高雄市鳳山區****,,,,,,,,,
227,謝佩芬,113年立法委員選舉,首次申報,1121016,個人捐贈收入,楊文仁,G12*******,30000.00,0.00,匯款,1121016,,,金錢,臺北市大同區****,0935*****,,,,,,,,
228,謝佩芬,113年立法委員選舉,首次申報,1121017,個人捐贈收入,陳詹金緣,,1000.00,0.00,匯款,1121017,,,金錢,臺北市中山區****,,,,,,,,,
229,謝佩芬,113年立法委員選舉,首次申報,1121017,匿名捐贈,匿名,,6600.00,0.00,現金,1121017,,,金錢,,,,,,,,,,
230,謝佩芬,113年立法委員選舉,首次申報,1121017,個人捐贈收入,程芷香,A20*******,30000.00,0.00,匯款,1121017,,,金錢,臺北市中山區****,,,,,,,,,
231,謝佩芬,113年立法委員選舉,首次申報,1121018,匿名捐贈,匿名,,3600.00,0.00,匯款,1121018,,,金錢,,,,,,,,,,
232,謝佩芬,113年立法委員選舉,首次申報,1121019,個人捐贈收入,朱真一,,10000.00,0.00,匯款,1121019,,,金錢,新竹縣新埔鎮****,,,,,,,,,
233,謝佩芬,113年立法委員選舉,首次申報,1121019,匿名捐贈,匿名(線上010),,2000.00,0.00,匯款,1121025,,,金錢,,,,,,,,,,
234,謝佩芬,113年立法委員選舉,首次申報,1121019,營利事業捐贈收入,良銓營造有限公司,54040872,200000.00,0.00,匯款,1121019,,,金錢,新北市五股區****,,,,,,,,,
235,謝佩芬,113年立法委員選舉,首次申報,1121019,營利事業捐贈收入,鴻達國際食品有限公司,54043224,100000.00,0.00,匯款,1121019,,,金錢,新北市林口區****,,,,,,,,,
236,謝佩芬,113年立法委員選舉,首次申報,1121019,個人捐贈收入,許朝欽,A12*******,100000.00,0.00,匯款,1121019,,,金錢,新北市三重區****,,,,,,,,,
237,謝佩芬,113年立法委員選舉,首次申報,1121019,個人捐贈收入,張瓊方,A22*******,100000.00,0.00,匯款,1121019,,,金錢,臺北市中正區****,,,,,,,,,
238,謝佩芬,113年立法委員選舉,首次申報,1121019,個人捐贈收入,楊夏萍,A22*******,50000.00,0.00,匯款,1121019,,,金錢,臺北市中山區****,,,,,,,,,
239,謝佩芬,113年立法委員選舉,首次申報,1121019,個人捐贈收入,方俊樹,Q12*******,100000.00,0.00,匯款,1121019,,,金錢,桃園市八德區****,,,,,,,,,
240,謝佩芬,113年立法委員選舉,首次申報,1121020,匿名捐贈,匿名(線上011),,1450.00,0.00,匯款,1121026,,,金錢,,,,,,,,,,
241,謝佩芬,113年立法委員選舉,首次申報,1121020,個人捐贈收入,劉沛德,A12*******,100.00,0.00,匯款,1121026,,,金錢,南投縣鹿谷鄉****,,,,,,,,,
242,謝佩芬,113年立法委員選舉,首次申報,1121021,個人捐贈收入,胡家銓,A12*******,3000.00,0.00,匯款,1121030,,,金錢,臺北市信義區****,,,,,,,,,
243,謝佩芬,113年立法委員選舉,首次申報,1121022,匿名捐贈,匿名,,6000.00,0.00,現金,1121022,,,金錢,,,,,,,,,,
244,謝佩芬,113年立法委員選舉,首次申報,1121022,個人捐贈收入,楊明勳,,6000.00,0.00,匯款,1121022,,,金錢,臺北市中山區****,,,,,,,,,
245,謝佩芬,113年立法委員選舉,首次申報,1121023,個人捐贈收入,鄭祺耀,A10*******,100000.00,0.00,匯款,1121023,,,金錢,臺北市中山區****,02-2*****,,,,,,,,
246,謝佩芬,113年立法委員選舉,首次申報,1121023,個人捐贈收入,吳仲亮,Q10*******,5000.00,0.00,匯款,1121030,,,金錢,臺北市松山區****,,,,,,,,,
247,謝佩芬,113年立法委員選舉,首次申報,1121024,個人捐贈收入,蘇威宇,F12*******,1450.00,0.00,匯款,1121030,,,金錢,臺北市中山區****,,,,,,,,,
248,謝佩芬,113年立法委員選舉,首次申報,1121024,個人捐贈收入,陳正宗,J12*******,2000.00,0.00,匯款,1121030,,,金錢,新竹縣竹北市****,,,,,,,,,
249,謝佩芬,113年立法委員選舉,首次申報,1121025,個人捐贈收入,蔡旻芳,P22*******,1450.00,0.00,匯款,1121031,,,金錢,新北市三重區****,,,,,,,,,
250,謝佩芬,113年立法委員選舉,首次申報,1121026,匿名捐贈,匿名(線上012),,1450.00,0.00,匯款,1121101,,,金錢,,,,,,,,,,
251,謝佩芬,113年立法委員選舉,首次申報,1121026,匿名捐贈,匿名(線上013),,1000.00,0.00,匯款,1121101,,,金錢,,,,,,,,,,
252,謝佩芬,113年立法委員選舉,首次申報,1121026,匿名捐贈,匿名(線上014),,300.00,0.00,匯款,1121101,,,金錢,,,,,,,,,,
253,謝佩芬,113年立法委員選舉,首次申報,1121026,個人捐贈收入,陳秋英,T22*******,20000.00,0.00,匯款,1121026,,,金錢,新北市淡水區****,0933*****,,,,,,,,
254,謝佩芬,113年立法委員選舉,首次申報,1121027,個人捐贈收入,陳信謙,,5000.00,0.00,現金,1121027,,,金錢,臺北市松山區****,,,,,,,,,
255,謝佩芬,113年立法委員選舉,首次申報,1121027,營利事業捐贈收入,統一數位翻譯股份有限公司,12183834,50000.00,0.00,現金,1121027,,,金錢,臺北市內湖區****,,,,,,,,,
256,謝佩芬,113年立法委員選舉,首次申報,1121027,營利事業捐贈收入,松山小紅莓火鍋有限公司,12658613,10000.00,0.00,現金,1121027,,,金錢,臺北市松山區****,,,,,,,,,
257,謝佩芬,113年立法委員選舉,首次申報,1121027,營利事業捐贈收入,德安藥行,18413051,20000.00,0.00,現金,1121027,,,金錢,臺北市中山區****,,,,,,,,,
258,謝佩芬,113年立法委員選舉,首次申報,1121027,營利事業捐贈收入,都美建設股份有限公司,27986776,100000.00,0.00,現金,1121027,,,金錢,臺北市士林區****,,,,,,,,,
259,謝佩芬,113年立法委員選舉,首次申報,1121027,營利事業捐贈收入,海樂斯企業有限公司,84466157,10000.00,0.00,現金,1121027,,,金錢,臺北市內湖區****,,,,,,,,,
260,謝佩芬,113年立法委員選舉,首次申報,1121027,個人捐贈收入,陳彥均,A12*******,20000.00,0.00,現金,1121027,,,金錢,臺北市松山區****,0919*****,,,,,,,,
261,謝佩芬,113年立法委員選舉,首次申報,1121027,個人捐贈收入,鄭順福,G10*******,30000.00,0.00,匯款,1121027,,,金錢,苗栗縣三義鄉****,0921*****,,,,,,,,
262,謝佩芬,113年立法委員選舉,首次申報,1121027,個人捐贈收入,陳根樹,K10*******,10000.00,0.00,現金,1121027,,,金錢,臺北市萬華區****,,,,,,,,,
263,謝佩芬,113年立法委員選舉,首次申報,1121027,個人捐贈收入,宋德明,K10*******,5000.00,0.00,現金,1121027,,,金錢,臺北市大安區****,,,,,,,,,
264,謝佩芬,113年立法委員選舉,首次申報,1121027,個人捐贈收入,繆昌富,K10*******,5000.00,0.00,現金,1121027,,,金錢,臺北市松山區****,,,,,,,,,
265,謝佩芬,113年立法委員選舉,首次申報,1121027,個人捐贈收入,賴錦珠,K10*******,5000.00,0.00,現金,1121027,,,金錢,臺北市松山區****,,,,,,,,,
266,謝佩芬,113年立法委員選舉,首次申報,1121027,個人捐贈收入,黃森林,K10*******,5000.00,0.00,現金,1121027,,,金錢,臺北市信義區****,,,,,,,,,
267,謝佩芬,113年立法委員選舉,首次申報,1121027,個人捐贈收入,張茂楠,K12*******,100000.00,0.00,現金,1121027,,,金錢,臺北市松山區****,,,,,,,,,
268,謝佩芬,113年立法委員選舉,首次申報,1121027,個人捐贈收入,孫國文,K12*******,50000.00,0.00,現金,1121027,,,金錢,臺北市松山區****,,,,,,,,,
269,謝佩芬,113年立法委員選舉,首次申報,1121027,個人捐贈收入,傅瑞瑩,K20*******,5000.00,0.00,現金,1121027,,,金錢,臺北市文山區****,,,,,,,,,
270,謝佩芬,113年立法委員選舉,首次申報,1121027,個人捐贈收入,陳麥鑫,K22*******,6000.00,0.00,現金,1121027,,,金錢,臺北市松山區****,,,,,,,,,
271,謝佩芬,113年立法委員選舉,首次申報,1121027,個人捐贈收入,陳翠華,M20*******,20000.00,0.00,現金,1121027,,,金錢,臺北市中山區****,,,,,,,,,
272,謝佩芬,113年立法委員選舉,首次申報,1121027,個人捐贈收入,謝高福,N10*******,20000.00,0.00,現金,1121027,,,金錢,臺北市松山區****,,,,,,,,,
273,謝佩芬,113年立法委員選舉,首次申報,1121027,個人捐贈收入,施進佳,N12*******,5000.00,0.00,現金,1121027,,,金錢,臺北市中山區****,,,,,,,,,
274,謝佩芬,113年立法委員選舉,首次申報,1121027,個人捐贈收入,蔡春霞,N22*******,10000.00,0.00,現金,1121027,,,金錢,臺北市松山區****,,,,,,,,,
275,謝佩芬,113年立法委員選舉,首次申報,1121027,個人捐贈收入,黃聰歷,Q10*******,10000.00,0.00,現金,1121027,,,金錢,臺北市信義區****,,,,,,,,,
276,謝佩芬,113年立法委員選舉,首次申報,1121027,個人捐贈收入,鄭好嬋,T22*******,10000.00,0.00,現金,1121027,,,金錢,臺北市松山區****,,,,,,,,,
277,謝佩芬,113年立法委員選舉,首次申報,1121028,匿名捐贈,匿名(線上015),,6600.00,0.00,匯款,1121028,,,金錢,,,,,,,,,,
278,謝佩芬,113年立法委員選舉,首次申報,1121029,匿名捐贈,匿名(線上016),,3000.00,0.00,匯款,1121107,,,金錢,,,,,,,,,,
279,謝佩芬,113年立法委員選舉,首次申報,1121030,個人捐贈收入,曾麗莉,,5000.00,0.00,匯款,1121030,,,金錢,臺北市中山區****,,,,,,,,,
280,謝佩芬,113年立法委員選舉,首次申報,1121030,營利事業捐贈收入,萬盟實業股份有限公司,33841840,100000.00,0.00,匯款,1121030,,,金錢,臺北市中山區****,,,,,,,,,
281,謝佩芬,113年立法委員選舉,首次申報,1121030,個人捐贈收入,蔡瑞玲,U22*******,20000.00,0.00,現金,1121030,,,金錢,臺北市士林區****,,,,,,,,,
282,謝佩芬,113年立法委員選舉,首次申報,1121101,匿名捐贈,匿名(線上017),,300.00,0.00,匯款,1121107,,,金錢,,,,,,,,,,
283,謝佩芬,113年立法委員選舉,首次申報,1121101,營利事業捐贈收入,智友股份有限公司,20860978,100000.00,0.00,匯款,1121101,,,金錢,新北市汐止區****,,,,,,,,,
284,謝佩芬,113年立法委員選舉,首次申報,1121102,匿名捐贈,匿名,,1450.00,0.00,匯款,1121102,,,金錢,,,,,,,,,,
285,謝佩芬,113年立法委員選舉,首次申報,1121102,個人捐贈收入,陳美延,T22*******,1000.00,0.00,匯款,1121108,,,金錢,臺中市北屯區****,,,,,,,,,
286,謝佩芬,113年立法委員選舉,首次申報,1121103,匿名捐贈,匿名(線上018),,10000.00,0.00,匯款,1121109,,,金錢,,,,,,,,,,
287,謝佩芬,113年立法委員選舉,首次申報,1121103,個人捐贈收入,傅正乾,,10000.00,0.00,匯款,1121103,,,金錢,台北市中正區****,,,,,,,,,
288,謝佩芬,113年立法委員選舉,首次申報,1121106,個人捐贈收入,王義郎,N10*******,50000.00,0.00,匯款,1121106,,,金錢,臺北市松山區****,,,,,,,,,
289,謝佩芬,113年立法委員選舉,首次申報,1121107,個人捐贈收入,高素琳,A22*******,100000.00,0.00,現金,1121107,,,金錢,臺中市豐原區****,0988*****,,,,,,,,
290,謝佩芬,113年立法委員選舉,首次申報,1121107,個人捐贈收入,彭淑珠,B20*******,100000.00,0.00,現金,1121107,,,金錢,臺南市南區喜****,0933*****,,,,,,,,
291,謝佩芬,113年立法委員選舉,首次申報,1121107,個人捐贈收入,李麗花,D29*******,100000.00,0.00,現金,1121107,,,金錢,臺南市安平區****,0975*****,,,,,,,,
292,謝佩芬,113年立法委員選舉,首次申報,1121107,個人捐贈收入,李久恒,L12*******,100000.00,0.00,現金,1121107,,,金錢,臺北市北投區****,0936*****,,,,,,,,
293,謝佩芬,113年立法委員選舉,首次申報,1121107,個人捐贈收入,翟玉茹,L20*******,100000.00,0.00,現金,1121107,,,金錢,臺中市豐原區****,0936*****,,,,,,,,
294,謝佩芬,113年立法委員選舉,首次申報,1121107,個人捐贈收入,張雪琴,P22*******,100000.00,0.00,現金,1121107,,,金錢,臺北市內湖區****,,,,,,,,,
295,謝佩芬,113年立法委員選舉,首次申報,1121107,個人捐贈收入,薛雅翠,R22*******,100000.00,0.00,現金,1121107,,,金錢,臺南市中西區****,0921*****,,,,,,,,
296,謝佩芬,113年立法委員選舉,首次申報,1121107,個人捐贈收入,錢靖仁,S12*******,100000.00,0.00,現金,1121107,,,金錢,臺北市士林區****,,,,,,,,,
297,謝佩芬,113年立法委員選舉,首次申報,1121109,個人捐贈收入,陳淑麗,,1000.00,0.00,匯款,1121109,,,金錢,臺北市中山區****,,,,,,,,,
298,謝佩芬,113年立法委員選舉,首次申報,1121109,個人捐贈收入,鄭順福,G10*******,20000.00,0.00,匯款,1121109,,,金錢,苗栗縣三義鄉****,0921*****,,,,,,,,
299,謝佩芬,113年立法委員選舉,首次申報,1121110,匿名捐贈,匿名,,2000.00,0.00,現金,1121110,,,金錢,,,,,,,,,,
300,謝佩芬,113年立法委員選舉,首次申報,1121110,個人捐贈收入,童景熙,A10*******,20000.00,0.00,匯款,1121116,,,金錢,臺北市大安區****,,,,,,,,,
301,謝佩芬,113年立法委員選舉,首次申報,1121110,個人捐贈收入,陳世銓,D12*******,1000.00,0.00,匯款,1121110,,,金錢,臺北市文山區****,0981*****,,,,,,,,
302,謝佩芬,113年立法委員選舉,首次申報,1121110,個人捐贈收入,洪薰薰,N22*******,2000.00,0.00,匯款,1121116,,,金錢,基隆市信義區****,,,,,,,,,
303,謝佩芬,113年立法委員選舉,首次申報,1121113,匿名捐贈,匿名(線上019),,300.00,0.00,匯款,1121120,,,金錢,,,,,,,,,,
304,謝佩芬,113年立法委員選舉,首次申報,1121113,個人捐贈收入,伍智雍,F12*******,1450.00,0.00,匯款,1121120,,,金錢,新北市三重區****,,,,,,,,,
305,謝佩芬,113年立法委員選舉,首次申報,1121113,個人捐贈收入,吳忠憲,N12*******,3600.00,0.00,匯款,1121120,,,金錢,彰化縣彰化市****,,,,,,,,,
306,謝佩芬,113年立法委員選舉,首次申報,1121114,個人捐贈收入,李國彰,,2000.00,0.00,匯款,1121114,,,金錢,桃園市楊梅之****,,,,,,,,,
307,謝佩芬,113年立法委員選舉,首次申報,1121114,個人捐贈收入,吳堃平,,2000.00,0.00,匯款,1121114,,,金錢,臺北市大安區****,,,,,,,,,
308,謝佩芬,113年立法委員選舉,首次申報,1121114,個人捐贈收入,邱美緣,,2000.00,0.00,匯款,1121114,,,金錢,臺北市松山區****,,,,,,,,,
309,謝佩芬,113年立法委員選舉,首次申報,1121114,個人捐贈收入,黃明璇,,2000.00,0.00,匯款,1121114,,,金錢,臺北市文山區****,,,,,,,,,
310,謝佩芬,113年立法委員選舉,首次申報,1121114,個人捐贈收入,林楨祥,,2000.00,0.00,匯款,1121114,,,金錢,臺北市松山區****,,,,,,,,,
311,謝佩芬,113年立法委員選舉,首次申報,1121114,個人捐贈收入,黃永達,,2000.00,0.00,匯款,1121114,,,金錢,臺北市文山區****,,,,,,,,,
312,謝佩芬,113年立法委員選舉,首次申報,1121114,個人捐贈收入,莊豐,,2000.00,0.00,匯款,1121114,,,金錢,臺北市中山區****,,,,,,,,,
313,謝佩芬,113年立法委員選舉,首次申報,1121114,個人捐贈收入,蕭金月,,2000.00,0.00,匯款,1121114,,,金錢,臺北市大安區****,,,,,,,,,
314,謝佩芬,113年立法委員選舉,首次申報,1121114,個人捐贈收入,陳信澈,,2000.00,0.00,現金,1121114,,,金錢,臺北市松山區****,,,,,,,,,
315,謝佩芬,113年立法委員選舉,首次申報,1121114,個人捐贈收入,馮美玲,,2000.00,0.00,現金,1121114,,,金錢,臺北市北投區****,,,,,,,,,
316,謝佩芬,113年立法委員選舉,首次申報,1121114,個人捐贈收入,呂維哲,F12*******,12345.00,0.00,匯款,1121120,,,金錢,桃園市大園區****,,,,,,,,,
317,謝佩芬,113年立法委員選舉,首次申報,1121115,匿名捐贈,匿名(線上020),,2000.00,0.00,匯款,1121121,,,金錢,,,,,,,,,,
318,謝佩芬,113年立法委員選舉,首次申報,1121115,匿名捐贈,匿名(線上021),,1000.00,0.00,匯款,1121121,,,金錢,,,,,,,,,,
319,謝佩芬,113年立法委員選舉,首次申報,1121115,個人捐贈收入,王文昌,A10*******,50000.00,0.00,現金,1121115,,,金錢,臺北市士林區****,0912*****,,,,,,,,
320,謝佩芬,113年立法委員選舉,首次申報,1121116,個人捐贈收入,邱俊豪,,5000.00,0.00,匯款,1121116,,,金錢,臺北市中山區****,,,,,,,,,
321,謝佩芬,113年立法委員選舉,首次申報,1121116,匿名捐贈,匿名(線上022),,1000.00,0.00,匯款,1121122,,,金錢,,,,,,,,,,
322,謝佩芬,113年立法委員選舉,首次申報,1121118,匿名捐贈,匿名(線上023),,1450.00,0.00,匯款,1121124,,,金錢,,,,,,,,,,
323,謝佩芬,113年立法委員選舉,首次申報,1121121,匿名捐贈,匿名,,500.00,0.00,匯款,1121121,,,金錢,,,,,,,,,,
324,謝佩芬,113年立法委員選舉,首次申報,1121121,匿名捐贈,匿名,,300.00,0.00,匯款,1121121,,,金錢,,,,,,,,,,
325,謝佩芬,113年立法委員選舉,首次申報,1121121,匿名捐贈,匿名,,2888.00,0.00,匯款,1121121,,,金錢,,,,,,,,,,
326,謝佩芬,113年立法委員選舉,首次申報,1121121,個人捐贈收入,鄭雪英,L20*******,5000.00,0.00,現金,1121121,,,金錢,臺北市南港區****,0932*****,,,,,,,,
327,謝佩芬,113年立法委員選舉,首次申報,1121122,個人捐贈收入,吳慶俊,,3000.00,0.00,匯款,1121122,,,金錢,桃園市楊梅區****,,,,,,,,,
328,謝佩芬,113年立法委員選舉,首次申報,1121122,個人捐贈收入,李俊賢,A12*******,16800.00,0.00,匯款,1121128,,,金錢,新竹縣竹北市****,,,,,,,,,
329,謝佩芬,113年立法委員選舉,首次申報,1121123,匿名捐贈,匿名(線上024),,300.00,0.00,匯款,1121129,,,金錢,,,,,,,,,,
330,謝佩芬,113年立法委員選舉,首次申報,1121123,匿名捐贈,匿名,,6600.00,0.00,現金,1121123,,,金錢,,,,,,,,,,
331,謝佩芬,113年立法委員選舉,首次申報,1121123,個人捐贈收入,楊鎮宇,,1500.00,0.00,匯款,1121123,,,金錢,彰化縣彰化市****,0963*****,,,,,,,,
332,謝佩芬,113年立法委員選舉,首次申報,1121123,個人捐贈收入,胡茹芳,H22*******,2000.00,0.00,匯款,1121129,,,金錢,桃園市桃園區****,,,,,,,,,
333,謝佩芬,113年立法委員選舉,首次申報,1121124,匿名捐贈,匿名(線上025),,1000.00,0.00,匯款,1121130,,,金錢,,,,,,,,,,
334,謝佩芬,113年立法委員選舉,首次申報,1121124,匿名捐贈,匿名,,1000.00,0.00,匯款,1121124,,,金錢,,,,,,,,,,
335,謝佩芬,113年立法委員選舉,首次申報,1121124,個人捐贈收入,曾明玉,,500.00,0.00,匯款,1121124,,,金錢,臺北市中山區****,,,,,,,,,
336,謝佩芬,113年立法委員選舉,首次申報,1121124,個人捐贈收入,郭枝偉,A10*******,50000.00,0.00,匯款,1121124,,,金錢,新北市板橋區****,,,,,,,,,
337,謝佩芬,113年立法委員選舉,首次申報,1121125,匿名捐贈,匿名(線上026),,500.00,0.00,匯款,1121201,,,金錢,,,,,,,,,,
338,謝佩芬,113年立法委員選舉,首次申報,1121126,匿名捐贈,匿名(線上027),,10000.00,0.00,匯款,1121204,,,金錢,,,,,,,,,,
339,謝佩芬,113年立法委員選舉,首次申報,1121127,個人捐贈收入,莊漢煌,,20000.00,0.00,現金,1121127,,,金錢,桃園市蘆竹區****,,,,,,,,,
340,謝佩芬,113年立法委員選舉,首次申報,1121127,個人捐贈收入,陳麗玲,,5000.00,0.00,匯款,1121127,,,金錢,新北市中和區****,,,,,,,,,
341,謝佩芬,113年立法委員選舉,首次申報,1121127,營利事業捐贈收入,勝昌製藥廠股份有限公司,18930007,100000.00,0.00,現金,1121127,,,金錢,桃園市中壢區****,,,,,,,,,
342,謝佩芬,113年立法委員選舉,首次申報,1121127,營利事業捐贈收入,勝昌製藥廠股份有限公司,18930007,100000.00,0.00,現金,1121127,,,金錢,桃園市中壢區****,,,,,,,,,
343,謝佩芬,113年立法委員選舉,首次申報,1121127,營利事業捐贈收入,東緯機械工業有限公司,23228859,80000.00,0.00,現金,1121127,,,金錢,臺中市太平區****,04-2*****,,,,,,,,
344,謝佩芬,113年立法委員選舉,首次申報,1121127,個人捐贈收入,洪偉勝,A12*******,16888.00,0.00,匯款,1121204,,,金錢,臺北市大安區****,,,,,,,,,
345,謝佩芬,113年立法委員選舉,首次申報,1121127,個人捐贈收入,楊克仁,A12*******,3000.00,0.00,匯款,1121204,,,金錢,臺北市中山區****,,,,,,,,,
346,謝佩芬,113年立法委員選舉,首次申報,1121127,個人捐贈收入,林沂漀,N10*******,90000.00,0.00,現金,1121127,,,金錢,臺北市松山區****,0910*****,,,,,,,,
347,謝佩芬,113年立法委員選舉,首次申報,1121127,個人捐贈收入,包金昌,S12*******,2000.00,0.00,匯款,1121204,,,金錢,臺北市中正區****,,,,,,,,,
348,謝佩芬,113年立法委員選舉,首次申報,1121128,人民團體捐贈收入,臺北市中醫師公會,,100000.00,0.00,匯款,1121128,,,金錢,臺北市中正區****,,,,,,,,,
349,謝佩芬,113年立法委員選舉,首次申報,1121128,個人捐贈收入,謝百合,,6000.00,0.00,匯款,1121128,,,金錢,臺北市大安區****,,,,,,,,,
350,謝佩芬,113年立法委員選舉,首次申報,1121129,匿名捐贈,匿名,,300.00,0.00,匯款,1121129,,,金錢,,,,,,,,,,
351,謝佩芬,113年立法委員選舉,首次申報,1121129,個人捐贈收入,周昶齊,N12*******,1450.00,0.00,匯款,1121205,,,金錢,彰化縣彰化市****,,,,,,,,,
352,謝佩芬,113年立法委員選舉,首次申報,1121130,匿名捐贈,匿名(線上028),,10000.00,0.00,匯款,1121207,,,金錢,,,,,,,,,,
353,謝佩芬,113年立法委員選舉,首次申報,1121130,個人捐贈收入,黃重生,,20000.00,0.00,匯款,1121130,,,金錢,臺北市中山區****,,,,,,,,,
354,謝佩芬,113年立法委員選舉,首次申報,1121130,個人捐贈收入,賴振全,,1000.00,0.00,匯款,1121130,,,金錢,臺北市中山區****,,,,,,,,,
355,謝佩芬,113年立法委員選舉,首次申報,1121130,營利事業捐贈收入,長虹建設股份有限公司,04633597,200000.00,0.00,匯款,1121130,,,金錢,臺北市中正區****,,,,,,,,,
356,謝佩芬,113年立法委員選舉,首次申報,1121130,個人捐贈收入,葉登財,A10*******,10000.00,0.00,現金,1121208,,,金錢,臺北市敦化北****,,,,,,,,,
357,謝佩芬,113年立法委員選舉,首次申報,1121130,個人捐贈收入,黃文章,G10*******,2000.00,0.00,現金,1121208,,,金錢,臺北市大安區****,0910*****,,,,,,,,
358,謝佩芬,113年立法委員選舉,首次申報,1121130,個人捐贈收入,陳品蓮,V20*******,3000.00,0.00,現金,1121208,,,金錢,臺北市中山區****,0916*****,,,,,,,,
359,謝佩芬,113年立法委員選舉,首次申報,1121201,個人捐贈收入,許南弘,,2000.00,0.00,匯款,1121207,,,金錢,臺北市松山區****,,,,,,,,,
360,謝佩芬,113年立法委員選舉,首次申報,1121201,個人捐贈收入,蔡春松,L12*******,3000.00,0.00,匯款,1121207,,,金錢,臺北市北投區****,,,,,,,,,
361,謝佩芬,113年立法委員選舉,首次申報,1121202,匿名捐贈,匿名,,888.00,0.00,匯款,1121202,,,金錢,,,,,,,,,,
362,謝佩芬,113年立法委員選舉,首次申報,1121202,個人捐贈收入,林昱廷,,3000.00,0.00,匯款,1121202,,,金錢,臺北市中山區****,,,,,,,,,
363,謝佩芬,113年立法委員選舉,首次申報,1121202,個人捐贈收入,鍾玉琴,T22*******,5000.00,0.00,匯款,1121208,,,金錢,屏東縣屏東市****,,,,,,,,,
364,謝佩芬,113年立法委員選舉,首次申報,1121203,匿名捐贈,匿名,,1000.00,0.00,匯款,1121203,,,金錢,,,,,,,,,,
365,謝佩芬,113年立法委員選舉,首次申報,1121203,個人捐贈收入,鄭方瑞美,,1000.00,0.00,匯款,1121211,,,金錢,臺北市中山區****,,,,,,,,,
366,謝佩芬,113年立法委員選舉,首次申報,1121203,個人捐贈收入,吳朝旭,A10*******,1200.00,0.00,匯款,1121211,,,金錢,臺北市中山區****,,,,,,,,,
367,謝佩芬,113年立法委員選舉,首次申報,1121204,人民團體捐贈收入,台北市牙醫師公會,,20000.00,0.00,匯款,1121204,,,金錢,臺北市中正區****,,,,,,,,,
368,謝佩芬,113年立法委員選舉,首次申報,1121204,個人捐贈收入,廖健興,,30000.00,0.00,匯款,1121204,,,金錢,臺北市松山區****,,,,,,,,,
369,謝佩芬,113年立法委員選舉,首次申報,1121204,匿名捐贈,匿名(線上029),,5000.00,0.00,匯款,1121211,,,金錢,,,,,,,,,,
370,謝佩芬,113年立法委員選舉,首次申報,1121204,匿名捐贈,匿名,,200.00,0.00,匯款,1121204,,,金錢,,,,,,,,,,
371,謝佩芬,113年立法委員選舉,首次申報,1121204,匿名捐贈,匿名,,1000.00,0.00,現金,1121204,,,金錢,,,,,,,,,,
372,謝佩芬,113年立法委員選舉,首次申報,1121204,個人捐贈收入,李俊賢,A12*******,10001.00,0.00,匯款,1121211,,,金錢,新竹縣竹北市****,,,,,,,,,
373,謝佩芬,113年立法委員選舉,首次申報,1121204,個人捐贈收入,陳貞妦,D22*******,10000.00,0.00,匯款,1121211,,,金錢,臺南市安平區****,,,,,,,,,
374,謝佩芬,113年立法委員選舉,首次申報,1121204,個人捐贈收入,何依蓉,F22*******,100000.00,0.00,匯款,1121204,,,金錢,新北市三峽區****,,,,,,,,,
375,謝佩芬,113年立法委員選舉,首次申報,1121204,個人捐贈收入,潘戍衍,L12*******,5000.00,0.00,匯款,1121211,,,金錢,新竹市東區光****,,,,,,,,,
376,謝佩芬,113年立法委員選舉,首次申報,1121205,個人捐贈收入,蔡慶祥,,19970.00,0.00,匯款,1121205,,,金錢,臺北市中山區****,,,,,,,,,
377,謝佩芬,113年立法委員選舉,首次申報,1121205,個人捐贈收入,黃進益,,2000.00,0.00,匯款,1121205,,,金錢,臺北市中山區****,,,,,,,,,
378,謝佩芬,113年立法委員選舉,首次申報,1121205,個人捐贈收入,陳宗智,,10000.00,0.00,匯款,1121205,,,金錢,臺北市中山區****,,,,,,,,,
379,謝佩芬,113年立法委員選舉,首次申報,1121205,匿名捐贈,匿名,,3000.00,0.00,匯款,1121205,,,金錢,,,,,,,,,,
380,謝佩芬,113年立法委員選舉,首次申報,1121205,個人捐贈收入,郭廷群,A10*******,100000.00,0.00,匯款,1121205,,,金錢,臺北市松山區****,0935*****,,,,,,,,
381,謝佩芬,113年立法委員選舉,首次申報,1121205,個人捐贈收入,鍾以俊,A12*******,20000.00,0.00,匯款,1121205,,,金錢,臺北市士林區****,,,,,,,,,
382,謝佩芬,113年立法委員選舉,首次申報,1121205,個人捐贈收入,李玲玉,A20*******,20000.00,0.00,現金,1121208,,,金錢,臺北市建國北****,,,,,,,,,
383,謝佩芬,113年立法委員選舉,首次申報,1121205,個人捐贈收入,王義郎,N10*******,50000.00,0.00,匯款,1121205,,,金錢,臺北市松山區****,,,,,,,,,
384,謝佩芬,113年立法委員選舉,首次申報,1121205,個人捐贈收入,施淑琴,P22*******,5000.00,0.00,匯款,1121211,,,金錢,臺北市大安區****,,,,,,,,,
385,謝佩芬,113年立法委員選舉,首次申報,1121205,個人捐贈收入,吳永能,Q12*******,3000.00,0.00,匯款,1121205,,,金錢,臺北市內湖區****,0934*****,,,,,,,,
386,謝佩芬,113年立法委員選舉,首次申報,1121206,個人捐贈收入,簡秀義,,5000.00,0.00,現金,1121206,,,金錢,臺北市大安區****,,,,,,,,,
387,謝佩芬,113年立法委員選舉,首次申報,1121206,個人捐贈收入,王琬馨,,1000.00,0.00,匯款,1121206,,,金錢,基隆市七堵區****,,,,,,,,,
388,謝佩芬,113年立法委員選舉,首次申報,1121206,個人捐贈收入,鍾國強,,6000.00,0.00,匯款,1121206,,,金錢,新竹縣關西鎮****,,,,,,,,,
389,謝佩芬,113年立法委員選舉,首次申報,1121206,個人捐贈收入,劉錫銘,,3000.00,0.00,匯款,1121206,,,金錢,臺北市內湖區****,,,,,,,,,
390,謝佩芬,113年立法委員選舉,首次申報,1121206,個人捐贈收入,蕭日新,,5000.00,0.00,匯款,1121206,,,金錢,臺北市中山區****,,,,,,,,,
391,謝佩芬,113年立法委員選舉,首次申報,1121206,個人捐贈收入,黃源慶,,10000.00,0.00,現金,1121206,,,金錢,新竹縣關西鎮****,,,,,,,,,
392,謝佩芬,113年立法委員選舉,首次申報,1121206,個人捐贈收入,鄭敏夫,,2000.00,0.00,匯款,1121206,,,金錢,臺北市松山區****,,,,,,,,,
393,謝佩芬,113年立法委員選舉,首次申報,1121206,個人捐贈收入,陳麗芳,,2000.00,0.00,匯款,1121206,,,金錢,臺北市中山區****,,,,,,,,,
394,謝佩芬,113年立法委員選舉,首次申報,1121206,個人捐贈收入,林裕明,,10000.00,0.00,匯款,1121212,,,金錢,新北市淡水區****,,,,,,,,,
395,謝佩芬,113年立法委員選舉,首次申報,1121206,個人捐贈收入,林秋彩,A20*******,50000.00,0.00,現金,1121208,,,金錢,臺北市北投區****,0926*****,,,,,,,,
396,謝佩芬,113年立法委員選舉,首次申報,1121207,個人捐贈收入,邱玉珠,A22*******,2000.00,0.00,匯款,1121213,,,金錢,臺北市大安區****,,,,,,,,,
397,謝佩芬,113年立法委員選舉,首次申報,1121207,個人捐贈收入,鄭超睿,H12*******,1000.00,0.00,匯款,1121213,,,金錢,臺北市松山區****,,,,,,,,,
398,謝佩芬,113年立法委員選舉,首次申報,1121207,個人捐贈收入,蘇啟展,P10*******,30000.00,0.00,匯款,1121207,,,金錢,臺北市大同區****,,,,,,,,,
399,謝佩芬,113年立法委員選舉,首次申報,1121207,個人捐贈收入,洪團樟,Q10*******,10000.00,0.00,匯款,1121207,,,金錢,臺北市中山區****,0910*****,,,,,,,,
400,謝佩芬,113年立法委員選舉,首次申報,1121208,個人捐贈收入,陳震,,5000.00,0.00,現金,1121208,,,金錢,臺北市大安區****,,,,,,,,,
401,謝佩芬,113年立法委員選舉,首次申報,1121208,個人捐贈收入,汪博聖,B12*******,2000.00,0.00,匯款,1121213,,,金錢,臺北市內湖區****,,,,,,,,,
402,謝佩芬,113年立法委員選舉,首次申報,1121208,個人捐贈收入,邵立中,E12*******,50000.00,0.00,現金,1121208,,,金錢,新北市汐止區****,,,,,,,,,
403,謝佩芬,113年立法委員選舉,首次申報,1121208,個人捐贈收入,蘇金鳳,F22*******,50000.00,0.00,現金,1121208,,,金錢,新北市淡水區****,0955*****,,,,,,,,
404,謝佩芬,113年立法委員選舉,首次申報,1121208,個人捐贈收入,林逸珍,G22*******,800.00,0.00,匯款,1121214,,,金錢,臺北市松山區****,,,,,,,,,
405,謝佩芬,113年立法委員選舉,首次申報,1121208,個人捐贈收入,范良俊,J10*******,3000.00,0.00,匯款,1121214,,,金錢,臺北市中山區****,,,,,,,,,
406,謝佩芬,113年立法委員選舉,首次申報,1121208,個人捐贈收入,潘光明,M10*******,100000.00,0.00,匯款,1121208,,,金錢,臺北市中山區****,0937*****,,,,,,,,
407,謝佩芬,113年立法委員選舉,首次申報,1121209,個人捐贈收入,王藝樺,A22*******,10000.00,0.00,匯款,1121215,,,金錢,臺北市大安區****,,,,,,,,,
408,謝佩芬,113年立法委員選舉,首次申報,1121209,個人捐贈收入,張瓊華,E20*******,5000.00,0.00,現金,1121209,,,金錢,高雄市鼓山區****,0936*****,,,,,,,,
409,謝佩芬,113年立法委員選舉,首次申報,1121210,個人捐贈收入,廖來純,,3000.00,0.00,現金,1121210,,,金錢,臺北市士林區****,0987*****,,,,,,,,
410,謝佩芬,113年立法委員選舉,首次申報,1121211,人民團體捐贈收入,中華民國中醫師公會全國聯合會,,100000.00,0.00,現金,1121211,,,金錢,新北市板橋區****,02-2*****,,,,,,,,
411,謝佩芬,113年立法委員選舉,首次申報,1121211,個人捐贈收入,黃淑純,,1000.00,0.00,現金,1121211,,,金錢,臺北市中山區****,,,,,,,,,
412,謝佩芬,113年立法委員選舉,首次申報,1121211,個人捐贈收入,陳映涵,,1000.00,0.00,現金,1121211,,,金錢,臺北市中山區****,,,,,,,,,
413,謝佩芬,113年立法委員選舉,首次申報,1121211,個人捐贈收入,林金泉,,1000.00,0.00,現金,1121211,,,金錢,臺北市中山區****,,,,,,,,,
414,謝佩芬,113年立法委員選舉,首次申報,1121211,個人捐贈收入,凃雪鳳,,1000.00,0.00,現金,1121211,,,金錢,新北市汐止區****,,,,,,,,,
415,謝佩芬,113年立法委員選舉,首次申報,1121211,個人捐贈收入,徐惠津,,1000.00,0.00,現金,1121211,,,金錢,臺北市松山區****,,,,,,,,,
416,謝佩芬,113年立法委員選舉,首次申報,1121211,個人捐贈收入,曹讚岳,,1000.00,0.00,現金,1121211,,,金錢,臺北市松山區****,,,,,,,,,
417,謝佩芬,113年立法委員選舉,首次申報,1121211,個人捐贈收入,莊富順,,2000.00,0.00,現金,1121211,,,金錢,臺北市中山區****,,,,,,,,,
418,謝佩芬,113年立法委員選舉,首次申報,1121211,個人捐贈收入,林文圖,,2000.00,0.00,現金,1121211,,,金錢,臺北市大安區****,,,,,,,,,
419,謝佩芬,113年立法委員選舉,首次申報,1121211,匿名捐贈,匿名,,1000.00,0.00,匯款,1121211,,,金錢,,,,,,,,,,
420,謝佩芬,113年立法委員選舉,首次申報,1121211,個人捐贈收入,朱瓊芳,L22*******,10000.00,0.00,匯款,1121218,,,金錢,臺中市西區五****,,,,,,,,,
421,謝佩芬,113年立法委員選舉,首次申報,1121212,匿名捐贈,匿名(線上030),,2000.00,0.00,匯款,1121217,,,金錢,,,,,,,,,,
422,謝佩芬,113年立法委員選舉,首次申報,1121212,個人捐贈收入,高兩陽,,30000.00,0.00,匯款,1121212,,,金錢,臺北市松山區****,0933*****,,,,,,,,
423,謝佩芬,113年立法委員選舉,首次申報,1121212,個人捐贈收入,李慶郎,A10*******,6000.00,0.00,匯款,1121218,,,金錢,臺北市大同區****,,,,,,,,,
424,謝佩芬,113年立法委員選舉,首次申報,1121214,匿名捐贈,匿名(線上031),,1000.00,0.00,匯款,1121221,,,金錢,,,,,,,,,,
425,謝佩芬,113年立法委員選舉,首次申報,1121214,個人捐贈收入,李欣容,A22*******,1450.00,0.00,匯款,1121221,,,金錢,桃園市楊梅區****,,,,,,,,,
426,謝佩芬,113年立法委員選舉,首次申報,1121214,個人捐贈收入,廖千霄,F22*******,20000.00,0.00,匯款,1121214,,,金錢,臺北市松山區****,0912*****,,,,,,,,
427,謝佩芬,113年立法委員選舉,首次申報,1121214,個人捐贈收入,陳永珍,G10*******,1000.00,0.00,匯款,1121220,,,金錢,屏東縣內埔鄉****,,,,,,,,,
428,謝佩芬,113年立法委員選舉,首次申報,1121215,個人捐贈收入,黃金錄,,10000.00,0.00,現金,1121215,,,金錢,臺北市中山區****,0935*****,,,,,,,,
429,謝佩芬,113年立法委員選舉,首次申報,1121215,個人捐贈收入,楊順安,A12*******,6000.00,0.00,現金,1121215,,,金錢,臺北市萬華區****,,,,,,,,,
430,謝佩芬,113年立法委員選舉,首次申報,1121215,個人捐贈收入,朱裕明,F10*******,3000.00,0.00,匯款,1121221,,,金錢,臺北市中山區****,,,,,,,,,
431,謝佩芬,113年立法委員選舉,首次申報,1121215,個人捐贈收入,李佩玲,F22*******,3000.00,0.00,匯款,1121221,,,金錢,臺北市松山區****,,,,,,,,,
432,謝佩芬,113年立法委員選舉,首次申報,1121215,個人捐贈收入,葉同慶,G10*******,4000.00,0.00,現金,1121215,,,金錢,臺北市萬華區****,,,,,,,,,
433,謝佩芬,113年立法委員選舉,首次申報,1121215,個人捐贈收入,陳錦村,J10*******,10000.00,0.00,匯款,1121222,,,金錢,臺北市中山區****,,,,,,,,,
434,謝佩芬,113年立法委員選舉,首次申報,1121215,個人捐贈收入,彭文勳,J12*******,100000.00,0.00,現金,1121215,,,金錢,臺北市內湖區****,02-2*****,,,,,,,,
435,謝佩芬,113年立法委員選舉,首次申報,1121215,個人捐贈收入,吳燦坤,S10*******,100000.00,0.00,匯款,1121215,,,金錢,臺北市文山區****,0963*****,,,,,,,,
436,謝佩芬,113年立法委員選舉,首次申報,1121216,個人捐贈收入,李修鑑,F10*******,2000.00,0.00,現金,1121225,,,金錢,臺北市中山區****,02-2*****,,,,,,,,
437,謝佩芬,113年立法委員選舉,首次申報,1121216,個人捐贈收入,曾素琴,H20*******,3000.00,0.00,匯款,1121222,,,金錢,臺北市士林區****,,,,,,,,,
438,謝佩芬,113年立法委員選舉,首次申報,1121216,個人捐贈收入,梁春馨,U10*******,3000.00,0.00,匯款,1121222,,,金錢,花蓮縣吉安鄉****,,,,,,,,,
439,謝佩芬,113年立法委員選舉,首次申報,1121217,個人捐贈收入,黃鈺婷,A22*******,68000.00,0.00,現金,1121228,,,金錢,高雄市鼓山區****,0928*****,,,,,,,,
440,謝佩芬,113年立法委員選舉,首次申報,1121218,個人捐贈收入,高文顯,,2000.00,0.00,匯款,1121218,,,金錢,臺北市中山區****,,,,,,,,,
441,謝佩芬,113年立法委員選舉,首次申報,1121218,個人捐贈收入,陳海曙,,3000.00,0.00,匯款,1121218,,,金錢,臺北市中山區****,,,,,,,,,
442,謝佩芬,113年立法委員選舉,首次申報,1121218,匿名捐贈,匿名,,3000.00,0.00,現金,1121218,,,金錢,,,,,,,,,,
443,謝佩芬,113年立法委員選舉,首次申報,1121218,個人捐贈收入,陳聖仁,A10*******,3000.00,0.00,現金,1121218,,,金錢,臺北市中山區****,0963*****,,,,,,,,
444,謝佩芬,113年立法委員選舉,首次申報,1121218,個人捐贈收入,黃則霖,A12*******,1000.00,0.00,匯款,1121225,,,金錢,臺北市松山區****,,,,,,,,,
445,謝佩芬,113年立法委員選舉,首次申報,1121218,個人捐贈收入,陳献祐,F10*******,5000.00,0.00,匯款,1121230,,,金錢,新北市板橋區****,,,,,,,,,
446,謝佩芬,113年立法委員選舉,首次申報,1121218,個人捐贈收入,黃永和,Q10*******,10000.00,0.00,現金,1121225,,,金錢,臺北市中正區****,0932*****,,,,,,,,
447,謝佩芬,113年立法委員選舉,首次申報,1121219,匿名捐贈,匿名(線上032),,500.00,0.00,匯款,1121225,,,金錢,,,,,,,,,,
448,謝佩芬,113年立法委員選舉,首次申報,1121219,個人捐贈收入,鄭火賜,,10000.00,0.00,匯款,1121219,,,金錢,臺北市內湖區****,,,,,,,,,
449,謝佩芬,113年立法委員選舉,首次申報,1121219,個人捐贈收入,陳美枝,,2000.00,0.00,匯款,1121219,,,金錢,臺北市中山區****,,,,,,,,,
450,謝佩芬,113年立法委員選舉,首次申報,1121219,個人捐贈收入,謝惠櫻,,2000.00,0.00,匯款,1121219,,,金錢,臺北市中山區****,,,,,,,,,
451,謝佩芬,113年立法委員選舉,首次申報,1121219,個人捐贈收入,陳日為,J12*******,1450.00,0.00,匯款,1121225,,,金錢,新竹縣竹北市****,,,,,,,,,
452,謝佩芬,113年立法委員選舉,首次申報,1121220,個人捐贈收入,許東海,,1000.00,0.00,匯款,1121220,,,金錢,臺北市中山區****,,,,,,,,,
453,謝佩芬,113年立法委員選舉,首次申報,1121220,個人捐贈收入,李欣容,A22*******,1450.00,0.00,匯款,1121226,,,金錢,桃園市楊梅區****,,,,,,,,,
454,謝佩芬,113年立法委員選舉,首次申報,1121220,個人捐贈收入,康濟雲,A22*******,2500.00,0.00,匯款,1121226,,,金錢,臺北市大安區****,,,,,,,,,
455,謝佩芬,113年立法委員選舉,首次申報,1121221,匿名捐贈,匿名(線上033),,5000.00,0.00,匯款,1121227,,,金錢,,,,,,,,,,
456,謝佩芬,113年立法委員選舉,首次申報,1121221,其他收入,利息收入,,10907.00,0.00,匯款,1121221,,,金錢,,,,,,,,,,
457,謝佩芬,113年立法委員選舉,首次申報,1121221,營利事業捐贈收入,台灣南海股份有限公司,07125700,50000.00,0.00,現金,1121229,,,金錢,臺北市中山區****,,,,,,,,,
458,謝佩芬,113年立法委員選舉,首次申報,1121222,個人捐贈收入,謝范瑞玉,A20*******,50000.00,0.00,匯款,1121222,,,金錢,新北市板橋區****,0930*****,,,,,,,,
459,謝佩芬,113年立法委員選舉,首次申報,1121222,個人捐贈收入,鄭仁柏,E12*******,6000.00,0.00,匯款,1121228,,,金錢,臺北市大安區****,,,,,,,,,
460,謝佩芬,113年立法委員選舉,首次申報,1121222,個人捐贈收入,林義祥,N12*******,6000.00,0.00,匯款,1121222,,,金錢,臺北市中山區****,,,,,,,,,
461,謝佩芬,113年立法委員選舉,首次申報,1121222,個人捐贈收入,李順益,P12*******,100000.00,0.00,匯款,1121222,,,金錢,臺北市南港區****,,,,,,,,,
462,謝佩芬,113年立法委員選舉,首次申報,1121223,個人捐贈收入,劉啟明,S12*******,3000.00,0.00,匯款,1121229,,,金錢,高雄市鼓山區****,,,,,,,,,
463,謝佩芬,113年立法委員選舉,首次申報,1121224,匿名捐贈,匿名(線上034),,3000.00,0.00,匯款,1130102,,,金錢,,,,,,,,,,
464,謝佩芬,113年立法委員選舉,首次申報,1121224,營利事業捐贈收入,盛華人力顧問股份有限公司,45879242,100000.00,0.00,現金,1121228,,,金錢,臺中市西屯區****,0913*****,,,,,,,,
465,謝佩芬,113年立法委員選舉,首次申報,1121224,個人捐贈收入,丁振助,A12*******,6000.00,0.00,現金,1121225,,,金錢,臺北市大安區****,0916*****,,,,,,,,
466,謝佩芬,113年立法委員選舉,首次申報,1121224,個人捐贈收入,陳彥文,A22*******,2000.00,0.00,匯款,1130102,,,金錢,臺北市中山區****,,,,,,,,,
467,謝佩芬,113年立法委員選舉,首次申報,1121224,個人捐贈收入,吳秋芳,E20*******,3000.00,0.00,現金,1121225,,,金錢,臺北市松山區****,0986*****,,,,,,,,
468,謝佩芬,113年立法委員選舉,首次申報,1121224,個人捐贈收入,許群英,N22*******,100000.00,0.00,匯款,1121224,,,金錢,彰化縣員林市****,0933*****,,,,,,,,
469,謝佩芬,113年立法委員選舉,首次申報,1121225,匿名捐贈,匿名,,2000.00,0.00,匯款,1121225,,,金錢,,,,,,,,,,
470,謝佩芬,113年立法委員選舉,首次申報,1121225,個人捐贈收入,王寬仁,,2000.00,0.00,現金,1121225,,,金錢,臺北市中山區****,,,,,,,,,
471,謝佩芬,113年立法委員選舉,首次申報,1121225,個人捐贈收入,程文進,,20000.00,0.00,匯款,1121225,,,金錢,新北市中和區****,,,,,,,,,
472,謝佩芬,113年立法委員選舉,首次申報,1121225,營利事業捐贈收入,盛華人力顧問股份有限公司,45879242,100000.00,0.00,現金,1121228,,,金錢,臺中市西屯區****,0913*****,,,,,,,,
473,謝佩芬,113年立法委員選舉,首次申報,1121225,個人捐贈收入,陳孟彰,A12*******,3000.00,0.00,匯款,1121225,,,金錢,新北市汐止區****,,,,,,,,,
474,謝佩芬,113年立法委員選舉,首次申報,1121225,個人捐贈收入,黃陳久美,A20*******,5000.00,0.00,現金,1121225,,,金錢,臺北市內湖區****,0928*****,,,,,,,,
475,謝佩芬,113年立法委員選舉,首次申報,1121225,個人捐贈收入,魏鳳珍,R22*******,100000.00,0.00,匯款,1121225,,,金錢,新北市中和區****,0919*****,,,,,,,,
476,謝佩芬,113年立法委員選舉,首次申報,1121225,個人捐贈收入,林勝利,T10*******,6000.00,0.00,現金,1121225,,,金錢,臺北市松山區****,0919*****,,,,,,,,
477,謝佩芬,113年立法委員選舉,首次申報,1121226,個人捐贈收入,施教仁,,5000.00,0.00,匯款,1121226,,,金錢,新竹市東區金****,,,,,,,,,
478,謝佩芬,113年立法委員選舉,首次申報,1121226,營利事業捐贈收入,富業實業股份有限公司,16865970,100000.00,0.00,現金,1121229,,,金錢,新北市三重區****,0920*****,,,,,,,,
479,謝佩芬,113年立法委員選舉,首次申報,1121226,營利事業捐贈收入,盛華人力顧問股份有限公司,45879242,100000.00,0.00,現金,1121228,,,金錢,臺中市西屯區****,0913*****,,,,,,,,
480,謝佩芬,113年立法委員選舉,首次申報,1121226,個人捐贈收入,張博誌,A12*******,20000.00,0.00,匯款,1121226,,,金錢,臺北市中正區****,,,,,,,,,
481,謝佩芬,113年立法委員選舉,首次申報,1121226,個人捐贈收入,黃文鴻,Q10*******,20000.00,0.00,匯款,1121226,,,金錢,臺北市大安區****,,,,,,,,,
482,謝佩芬,113年立法委員選舉,首次申報,1121226,個人捐贈收入,許尊為,T12*******,500.00,0.00,匯款,1130102,,,金錢,臺北市中山區****,,,,,,,,,
483,謝佩芬,113年立法委員選舉,首次申報,1121227,匿名捐贈,匿名(線上035),,9900.00,0.00,匯款,1130102,,,金錢,,,,,,,,,,
484,謝佩芬,113年立法委員選舉,首次申報,1121227,匿名捐贈,匿名(線上036),,9900.00,0.00,匯款,1130102,,,金錢,,,,,,,,,,
485,謝佩芬,113年立法委員選舉,首次申報,1121227,匿名捐贈,匿名(線上037),,9900.00,0.00,匯款,1130102,,,金錢,,,,,,,,,,
486,謝佩芬,113年立法委員選舉,首次申報,1121227,匿名捐贈,匿名(線上038),,100.00,0.00,匯款,1130102,,,金錢,,,,,,,,,,
487,謝佩芬,113年立法委員選舉,首次申報,1121227,個人捐贈收入,李佳玲,,3000.00,0.00,匯款,1121227,,,金錢,臺北市中正區****,,,,,,,,,
488,謝佩芬,113年立法委員選舉,首次申報,1121227,個人捐贈收入,陳世洋,,10000.00,0.00,匯款,1121227,,,金錢,臺北市中正區****,,,,,,,,,
489,謝佩芬,113年立法委員選舉,首次申報,1121227,匿名捐贈,匿名,,3000.00,0.00,現金,1121227,,,金錢,,,,,,,,,,
490,謝佩芬,113年立法委員選舉,首次申報,1121227,營利事業捐贈收入,盛華人力顧問股份有限公司,45879242,100000.00,0.00,現金,1121228,,,金錢,臺中市西屯區****,0913*****,,,,,,,,
491,謝佩芬,113年立法委員選舉,首次申報,1121228,個人捐贈收入,蔡明通,,10000.00,0.00,現金,1121228,,,金錢,臺北市大同區****,0936*****,,,,,,,,
492,謝佩芬,113年立法委員選舉,首次申報,1121228,個人捐贈收入,方維琳,,2000.00,0.00,現金,1121228,,,金錢,宜蘭縣五結鄉****,0937*****,,,,,,,,
493,謝佩芬,113年立法委員選舉,首次申報,1121228,個人捐贈收入,蔡鵬飛,,30000.00,0.00,現金,1121228,,,金錢,新北市板橋區****,0932*****,,,,,,,,
494,謝佩芬,113年立法委員選舉,首次申報,1121228,營利事業捐贈收入,慶林實業股份有限公司,04425198,100000.00,0.00,現金,1121228,,,金錢,臺北市中山區****,02-2*****,,,,,,,,
495,謝佩芬,113年立法委員選舉,首次申報,1121228,人民團體捐贈收入,亞太自由婦女協會,1090282623,50000.00,0.00,匯款,1121228,,,金錢,臺北市松山區****,0960*****,,,,,,,,
496,謝佩芬,113年立法委員選舉,首次申報,1121228,營利事業捐贈收入,盛華人力顧問股份有限公司,45879242,100000.00,0.00,現金,1121228,,,金錢,臺中市西屯區****,0913*****,,,,,,,,
497,謝佩芬,113年立法委員選舉,首次申報,1121228,個人捐贈收入,黃金郎,A10*******,50000.00,0.00,現金,1121228,,,金錢,臺北市大同區****,02-2*****,,,,,,,,
498,謝佩芬,113年立法委員選舉,首次申報,1121228,個人捐贈收入,林茂雄,A11*******,2000.00,0.00,現金,1121228,,,金錢,臺北市中山區****,,,,,,,,,
499,謝佩芬,113年立法委員選舉,首次申報,1121228,個人捐贈收入,陳潮宗,A12*******,100000.00,0.00,現金,1121228,,,金錢,臺北市中山區****,0939*****,,,,,,,,
500,謝佩芬,113年立法委員選舉,首次申報,1121228,個人捐贈收入,許淑惠,A22*******,100000.00,0.00,現金,1121228,,,金錢,臺北市中山區****,0936*****,,,,,,,,
501,謝佩芬,113年立法委員選舉,首次申報,1121228,個人捐贈收入,曾元榜,B10*******,20000.00,0.00,現金,1121228,,,金錢,臺北市松山區****,,,,,,,,,
502,謝佩芬,113年立法委員選舉,首次申報,1121228,個人捐贈收入,張亦忻,E22*******,20000.00,0.00,現金,1121228,,,金錢,臺北市中山區****,0970*****,,,,,,,,
503,謝佩芬,113年立法委員選舉,首次申報,1121228,個人捐贈收入,范錦娥,J20*******,10000.00,0.00,現金,1121228,,,金錢,臺北市松山區****,0935*****,,,,,,,,
504,謝佩芬,113年立法委員選舉,首次申報,1121228,個人捐贈收入,蕭義明,N10*******,100000.00,0.00,現金,1130110,,,金錢,彰化縣田中鎮****,04-8*****,,,,,,,,
505,謝佩芬,113年立法委員選舉,首次申報,1121228,個人捐贈收入,賴瑩,N22*******,100000.00,0.00,,,,,非金錢,彰化縣田中鎮****,04-8*****,,,,,,,,
506,謝佩芬,113年立法委員選舉,首次申報,1121228,個人捐贈收入,鄭寶春,R20*******,50000.00,0.00,現金,1121228,,,金錢,臺北市松山區****,0937*****,,,,,,,,
507,謝佩芬,113年立法委員選舉,首次申報,1121228,個人捐贈收入,陳國慶,U10*******,50000.00,0.00,現金,1121228,,,金錢,臺北市中山區****,0910*****,,,,,,,,
508,謝佩芬,113年立法委員選舉,首次申報,1121228,個人捐贈收入,許傳榮,U12*******,100000.00,0.00,現金,1121228,,,金錢,新北市永和區****,0955*****,,,,,,,,
509,謝佩芬,113年立法委員選舉,首次申報,1121228,個人捐贈收入,潘淑惠,V22*******,50000.00,0.00,現金,1121228,,,金錢,臺北市大同區****,02-2*****,,,,,,,,
510,謝佩芬,113年立法委員選舉,首次申報,1121228,個人捐贈收入,許文龍,Y10*******,30000.00,0.00,現金,1121228,,,金錢,臺北市松山區****,,,,,,,,,
511,謝佩芬,113年立法委員選舉,首次申報,1121229,個人捐贈收入,洪金桂,,1000.00,0.00,匯款,1121229,,,金錢,臺北市中正區****,,,,,,,,,
512,謝佩芬,113年立法委員選舉,首次申報,1121229,個人捐贈收入,吳秋木,,10000.00,0.00,現金,1121229,,,金錢,臺北市松山區****,,,,,,,,,
513,謝佩芬,113年立法委員選舉,首次申報,1121229,匿名捐贈,匿名,,1000.00,0.00,匯款,1130104,,,金錢,,,,,,,,,,
514,謝佩芬,113年立法委員選舉,首次申報,1121229,營利事業捐贈收入,鴻緯有限公司,70563559,300000.00,0.00,匯款,1121229,,,金錢,新北市三重區****,,,,,,,,,
515,謝佩芬,113年立法委員選舉,首次申報,1121229,個人捐贈收入,戴家維,A12*******,100000.00,0.00,匯款,1130104,,,金錢,新北市五股區****,0952*****,,,,,,,,
516,謝佩芬,113年立法委員選舉,首次申報,1121229,個人捐贈收入,戴家欣,A12*******,100000.00,0.00,匯款,1130105,,,金錢,臺北市信義區****,0918*****,,,,,,,,
517,謝佩芬,113年立法委員選舉,首次申報,1121229,個人捐贈收入,吳晉志,Q10*******,5000.00,0.00,匯款,1130104,,,金錢,臺北市松山區****,0966*****,,,,,,,,
518,謝佩芬,113年立法委員選舉,首次申報,1121229,個人捐贈收入,黃鉦閔,R12*******,30000.00,0.00,現金,1121229,,,金錢,臺北市大安區****,0933*****,,,,,,,,
519,謝佩芬,113年立法委員選舉,首次申報,1121230,匿名捐贈,匿名(線上040),,5000.00,0.00,匯款,1130105,,,金錢,,,,,,,,,,
520,謝佩芬,113年立法委員選舉,首次申報,1121231,個人捐贈收入,孫瓊玉,A22*******,1000.00,0.00,匯款,1130108,,,金錢,新北市三重區****,0955*****,,,,,,,,
521,謝佩芬,113年立法委員選舉,首次申報,1121231,個人捐贈收入,蔡淯鈴,C22*******,3000.00,0.00,匯款,1130108,,,金錢,臺北市松山區****,0975*****,,,,,,,,
522,謝佩芬,113年立法委員選舉,首次申報,1121231,個人捐贈收入,周宇修,F12*******,3000.00,0.00,匯款,1130108,,,金錢,臺北市大安區****,0917*****,,,,,,,,
523,謝佩芬,113年立法委員選舉,首次申報,1130102,匿名捐贈,匿名(線上041),,1500.00,0.00,匯款,1130108,,,金錢,,,,,,,,,,
524,謝佩芬,113年立法委員選舉,首次申報,1130102,個人捐贈收入,陳銘豐,,5000.00,0.00,匯款,1130102,,,金錢,臺北市中正區****,,,,,,,,,
525,謝佩芬,113年立法委員選舉,首次申報,1130102,個人捐贈收入,陳世上,A10*******,20000.00,0.00,匯款,1130108,,,金錢,基隆市暖暖區****,0910*****,,,,,,,,
526,謝佩芬,113年立法委員選舉,首次申報,1130102,個人捐贈收入,王維揚,A12*******,100000.00,0.00,匯款,1130108,,,金錢,臺北市內湖區****,0935*****,,,,,,,,
527,謝佩芬,113年立法委員選舉,首次申報,1130102,個人捐贈收入,林俊廷,A12*******,50000.00,0.00,現金,1130112,,,金錢,臺北市中山區****,,,,,,,,,
528,謝佩芬,113年立法委員選舉,首次申報,1130102,個人捐贈收入,吳紹瑀,A22*******,100000.00,0.00,匯款,1130108,,,金錢,臺北市內湖區****,0920*****,,,,,,,,
529,謝佩芬,113年立法委員選舉,首次申報,1130103,匿名捐贈,匿名(線上042),,100.00,0.00,匯款,1130109,,,金錢,,,,,,,,,,
530,謝佩芬,113年立法委員選舉,首次申報,1130103,匿名捐贈,匿名,,10000.00,0.00,現金,1130103,,,金錢,,,,,,,,,,
531,謝佩芬,113年立法委員選舉,首次申報,1130103,個人捐贈收入,陳奕群,A12*******,1000.00,0.00,現金,1130112,,,金錢,臺北市大安區****,0921*****,,,,,,,,
532,謝佩芬,113年立法委員選舉,首次申報,1130103,個人捐贈收入,張牡丹,G20*******,2000.00,0.00,匯款,1130109,,,金錢,臺北市松山區****,0922*****,,,,,,,,
533,謝佩芬,113年立法委員選舉,首次申報,1130104,匿名捐贈,匿名(線上044),,1000.00,0.00,匯款,1130110,,,金錢,,,,,,,,,,
534,謝佩芬,113年立法委員選舉,首次申報,1130104,匿名捐贈,匿名,,2000.00,0.00,匯款,1130104,,,金錢,,,,,,,,,,
535,謝佩芬,113年立法委員選舉,首次申報,1130104,匿名捐贈,匿名,,1000.00,0.00,匯款,1130104,,,金錢,,,,,,,,,,
536,謝佩芬,113年立法委員選舉,首次申報,1130104,營利事業捐贈收入,美好證券股份有限公司,22957098,200000.00,0.00,匯款,1130104,,,金錢,臺北市中山區****,02-2*****,,,,,,,,
537,謝佩芬,113年立法委員選舉,首次申報,1130104,營利事業捐贈收入,大興文化傳播事業有限公司,54170966,500000.00,0.00,匯款,1130104,,,金錢,臺北市北投區****,0933*****,,,,,,,,
538,謝佩芬,113年立法委員選舉,首次申報,1130104,個人捐贈收入,高志誠,A10*******,50000.00,0.00,匯款,1130104,,,金錢,臺北市中山區****,02-2*****,,,,,,,,
539,謝佩芬,113年立法委員選舉,首次申報,1130104,個人捐贈收入,張德斌,A11*******,5000.00,0.00,現金,1130112,,,金錢,臺北市松山區****,0932*****,,,,,,,,
540,謝佩芬,113年立法委員選舉,首次申報,1130104,個人捐贈收入,詹育豪,A12*******,100000.00,0.00,現金,1130104,,,金錢,新北市汐止區****,0912*****,,,,,,,,
541,謝佩芬,113年立法委員選舉,首次申報,1130104,個人捐贈收入,洪千惠,E22*******,100000.00,0.00,現金,1130104,,,金錢,新北市汐止區****,0922*****,,,,,,,,
542,謝佩芬,113年立法委員選舉,首次申報,1130104,個人捐贈收入,李秀文,E22*******,1000.00,0.00,匯款,1130110,,,金錢,臺北市中山區****,0934*****,,,,,,,,
543,謝佩芬,113年立法委員選舉,首次申報,1130104,個人捐贈收入,郭世洋,F10*******,10000.00,0.00,現金,1130104,,,金錢,臺北市士林區****,,,,,,,,,
544,謝佩芬,113年立法委員選舉,首次申報,1130104,個人捐贈收入,余憲霖,F12*******,100000.00,0.00,現金,1130104,,,金錢,新北市汐止區****,,,,,,,,,
545,謝佩芬,113年立法委員選舉,首次申報,1130104,個人捐贈收入,周慧斐,H22*******,10000.00,0.00,匯款,1130104,,,金錢,臺北市中山區****,0932*****,,,,,,,,
546,謝佩芬,113年立法委員選舉,首次申報,1130104,個人捐贈收入,謝森永,J10*******,2000.00,0.00,匯款,1130110,,,金錢,臺北市松山區****,0975*****,,,,,,,,
547,謝佩芬,113年立法委員選舉,首次申報,1130104,個人捐贈收入,王茂生,P10*******,20000.00,0.00,匯款,1130104,,,金錢,臺北市松山區****,0935*****,,,,,,,,
548,謝佩芬,113年立法委員選舉,首次申報,1130104,個人捐贈收入,黃建文,Q12*******,50000.00,0.00,現金,1130104,,,金錢,新北市汐止區****,0939*****,,,,,,,,
549,謝佩芬,113年立法委員選舉,首次申報,1130104,個人捐贈收入,江錫仁,Q12*******,50000.00,0.00,現金,1130104,,,金錢,臺北市大安區****,0937*****,,,,,,,,
550,謝佩芬,113年立法委員選舉,首次申報,1130104,個人捐贈收入,鄭為仁,S12*******,100000.00,0.00,現金,1130104,,,金錢,新北市汐止區****,0982*****,,,,,,,,
551,謝佩芬,113年立法委員選舉,首次申報,1130104,個人捐贈收入,林元生,Y10*******,100000.00,0.00,現金,1130112,,,金錢,臺北市信義區****,,,,,,,,,
552,謝佩芬,113年立法委員選舉,首次申報,1130105,匿名捐贈,匿名,,2000.00,0.00,匯款,1130105,,,金錢,,,,,,,,,,
553,謝佩芬,113年立法委員選舉,首次申報,1130105,營利事業捐贈收入,世聯倉運股份有限公司,43693544,20000.00,0.00,匯款,1130105,,,金錢,桃園市楊梅區****,,,,,,,,,
554,謝佩芬,113年立法委員選舉,首次申報,1130105,個人捐贈收入,游明昌,A10*******,50000.00,0.00,現金,1130112,,,金錢,臺北市中山區****,0932*****,,,,,,,,
555,謝佩芬,113年立法委員選舉,首次申報,1130105,個人捐贈收入,楊阿信,A20*******,50000.00,0.00,匯款,1130105,,,金錢,臺北市松山區****,02-2*****,,,,,,,,
556,謝佩芬,113年立法委員選舉,首次申報,1130105,個人捐贈收入,林輝雄,T10*******,5000.00,0.00,現金,1130112,,,金錢,臺北市和平東****,0915*****,,,,,,,,
557,謝佩芬,113年立法委員選舉,首次申報,1130107,匿名捐贈,匿名,,2000.00,0.00,匯款,1130107,,,金錢,,,,,,,,,,
558,謝佩芬,113年立法委員選舉,首次申報,1130107,個人捐贈收入,李維哲,A10*******,20000.00,0.00,現金,1130112,,,金錢,臺北市中山區****,,,,,,,,,
559,謝佩芬,113年立法委員選舉,首次申報,1130108,匿名捐贈,匿名,,1000.00,0.00,現金,1130108,,,金錢,,,,,,,,,,
560,謝佩芬,113年立法委員選舉,首次申報,1130108,營利事業捐贈收入,恆顧建設股份有限公司,42955977,200000.00,0.00,匯款,1130108,,,金錢,新竹市東區林****,,,,,,,,,
561,謝佩芬,113年立法委員選舉,首次申報,1130108,營利事業捐贈收入,千如電機工業股份有限公司,45011782,100000.00,0.00,匯款,1130108,,,金錢,桃園市楊梅區****,(03)*****,,,,,,,,
562,謝佩芬,113年立法委員選舉,首次申報,1130108,個人捐贈收入,孫金泉,C10*******,10000.00,0.00,現金,1130112,,,金錢,臺北市松山區****,0933*****,,,,,,,,
563,謝佩芬,113年立法委員選舉,首次申報,1130109,個人捐贈收入,魏靜如,,10000.00,0.00,匯款,1130109,,,金錢,臺中市西區五****,0932*****,,,,,,,,
564,謝佩芬,113年立法委員選舉,首次申報,1130109,個人捐贈收入,柯秀琴,,5000.00,0.00,匯款,1130109,,,金錢,臺北市士林區****,0970*****,,,,,,,,
565,謝佩芬,113年立法委員選舉,首次申報,1130109,個人捐贈收入,柳金堂,,5000.00,0.00,匯款,1130109,,,金錢,臺北市大安區****,0935*****,,,,,,,,
566,謝佩芬,113年立法委員選舉,首次申報,1130109,個人捐贈收入,蔡秀玲,,20000.00,0.00,匯款,1130109,,,金錢,臺北市中正區****,,,,,,,,,
567,謝佩芬,113年立法委員選舉,首次申報,1130109,個人捐贈收入,張淑貞,,10000.00,0.00,匯款,1130109,,,金錢,宜蘭縣礁溪鄉****,0933*****,,,,,,,,
568,謝佩芬,113年立法委員選舉,首次申報,1130109,個人捐贈收入,趙令聰,,1000.00,0.00,匯款,1130109,,,金錢,臺北市中正區****,,,,,,,,,
569,謝佩芬,113年立法委員選舉,首次申報,1130109,個人捐贈收入,施純國,,20000.00,0.00,匯款,1130109,,,金錢,臺北市中山區****,0955*****,,,,,,,,
570,謝佩芬,113年立法委員選舉,首次申報,1130109,個人捐贈收入,李秀章,A10*******,2000.00,0.00,匯款,1130109,,,金錢,臺北市中山區****,0918*****,,,,,,,,
571,謝佩芬,113年立法委員選舉,首次申報,1130110,個人捐贈收入,湯愛鳳,,1000.00,0.00,匯款,1130110,,,金錢,臺北市中正區****,,,,,,,,,
572,謝佩芬,113年立法委員選舉,首次申報,1130110,個人捐贈收入,魏柏立,A12*******,10000.00,0.00,現金,1130112,,,金錢,臺北市信義區****,,,,,,,,,
573,謝佩芬,113年立法委員選舉,首次申報,1130110,個人捐贈收入,張博銓,A12*******,20000.00,0.00,現金,1130112,,,金錢,臺北市文山區****,0978*****,,,,,,,,
574,謝佩芬,113年立法委員選舉,首次申報,1130110,個人捐贈收入,施俊明,B12*******,10000.00,0.00,現金,1130112,,,金錢,臺北市北投區****,,,,,,,,,
575,謝佩芬,113年立法委員選舉,首次申報,1130110,個人捐贈收入,張詠晴,H22*******,80000.00,0.00,匯款,1130110,,,金錢,新北市三重區****,,,,,,,,,
576,謝佩芬,113年立法委員選舉,首次申報,1130111,個人捐贈收入,施哲三,,2000.00,0.00,匯款,1130111,,,金錢,臺北市中正區****,,,,,,,,,
577,謝佩芬,113年立法委員選舉,首次申報,1130111,個人捐贈收入,謝開亮,N12*******,10000.00,0.00,匯款,1130111,,,金錢,臺北市大安區****,02-2*****,,,,,,,,
578,謝佩芬,113年立法委員選舉,首次申報,1130111,個人捐贈收入,楊奇芬,R20*******,3000.00,0.00,匯款,1130111,,,金錢,臺北市大安區****,0911*****,,,,,,,,
579,謝佩芬,113年立法委員選舉,首次申報,1130112,個人捐贈收入,張明輝,,6000.00,0.00,現金,1130112,,,金錢,臺北市中山區****,,,,,,,,,
580,謝佩芬,113年立法委員選舉,首次申報,1130112,個人捐贈收入,黃崇真,H12*******,66000.00,0.00,現金,1130123,,,金錢,桃園市中壢區****,0982*****,,,,,,,,
