﻿序號,擬參選人／政黨,選舉名稱,申報序號／年度,交易日期,收支科目,捐贈者／支出對象,身分證／統一編號,收入金額,支出金額,捐贈方式,存入專戶日期,返還/繳庫,支出用途,金錢類,地址,聯絡電話,應揭露之支出對象,支出對象之內部人員姓名,支出對象之內部人員職稱,政黨之內部人員姓名,政黨之內部人員職稱,關係,更正註記,資料更正日期
1,彭瑞德,111年新竹縣新埔鎮鎮長選舉,首次申報,1111104,匿名捐贈,鍾國振,,3000.00,0.00,匯款,1111104,,,金錢,,,,,,,,,,
2,彭瑞德,111年新竹縣新埔鎮鎮長選舉,首次申報,1111115,個人捐贈收入,范振宏,J12*******,5000.00,0.00,現金,1111115,,,金錢,新竹縣新埔鎮****,0936*****,,,,,,,,
3,彭瑞德,111年新竹縣新埔鎮鎮長選舉,首次申報,1111115,個人捐贈收入,林暉智,L12*******,12000.00,0.00,現金,1111115,,,金錢,臺中市龍井區****,0935*****,,,,,,,,
4,彭瑞德,111年新竹縣新埔鎮鎮長選舉,首次申報,1111115,個人捐贈收入,林太原,P12*******,12000.00,0.00,現金,1111115,,,金錢,雲林縣斗六市****,0935*****,,,,,,,,
5,彭瑞德,111年新竹縣新埔鎮鎮長選舉,首次申報,1111121,營利事業捐贈收入,舜威都市開發股份有限公司,28643258,30000.00,0.00,匯款,1111121,,,金錢,新竹市北區士****,03-5*****,,,,,,,,
6,彭瑞德,111年新竹縣新埔鎮鎮長選舉,首次申報,1111221,其他收入,利息收入,,26.00,0.00,匯款,1111221,,,金錢,,,,,,,,,,
