﻿序號,擬參選人／政黨,選舉名稱,申報序號／年度,交易日期,收支科目,捐贈者／支出對象,身分證／統一編號,收入金額,支出金額,捐贈方式,存入專戶日期,返還/繳庫,支出用途,金錢類,地址,聯絡電話,應揭露之支出對象,支出對象之內部人員姓名,支出對象之內部人員職稱,政黨之內部人員姓名,政黨之內部人員職稱,關係,更正註記,資料更正日期
1,陳怡岳,111年嘉義縣議員選舉,首次申報,1110812,個人捐贈收入,蔡合峯,F12*******,10000.00,0.00,現金,1110812,,,金錢,新北市土城區****,0931*****,,,,,,,,
2,陳怡岳,111年嘉義縣議員選舉,首次申報,1110812,個人捐贈收入,林鍾寶,H12*******,50000.00,0.00,現金,1110812,,,金錢,桃園市龍潭區****,,,,,,,,,
3,陳怡岳,111年嘉義縣議員選舉,首次申報,1110812,個人捐贈收入,陳志新,N12*******,100000.00,0.00,現金,1110812,,,金錢,新北市中和區****,,,,,,,,,
4,陳怡岳,111年嘉義縣議員選舉,首次申報,1110812,個人捐贈收入,吳錦麗,T22*******,50000.00,0.00,現金,1110812,,,金錢,屏東縣恆春鎮****,,,,,,,,,
5,陳怡岳,111年嘉義縣議員選舉,首次申報,1110815,個人捐贈收入,陳盈憲,Q12*******,100000.00,0.00,匯款,1110815,,,金錢,新北市中和區****,,,,,,,,,
6,陳怡岳,111年嘉義縣議員選舉,首次申報,1110921,個人捐贈收入,林佑峰,R12*******,10000.00,0.00,匯款,1110921,,,金錢,高雄市楠梓區****,,,,,,,,,
7,陳怡岳,111年嘉義縣議員選舉,首次申報,1110927,營利事業捐贈收入,智匯亞洲科技股份有限公司,54662054,100000.00,0.00,匯款,1110927,已返還,,金錢,臺北市中山區****,,,,,,,,,
8,陳怡岳,111年嘉義縣議員選舉,首次申報,1110930,營利事業捐贈收入,非鐵工業股份有限公司,28662254,200000.00,0.00,票據,1111004,,,金錢,嘉義縣太保市****,,,,,,,,,
9,陳怡岳,111年嘉義縣議員選舉,首次申報,1111003,營利事業捐贈收入,統振股份有限公司,12135600,200000.00,0.00,匯款,1111003,,,金錢,臺北市內湖區****,,,,,,,,,
10,陳怡岳,111年嘉義縣議員選舉,首次申報,1111003,個人捐贈收入,潘添福,R12*******,20000.00,0.00,匯款,1111003,,,金錢,嘉義縣水上鄉****,,,,,,,,,
11,陳怡岳,111年嘉義縣議員選舉,首次申報,1111003,個人捐贈收入,朱常寧,S10*******,20000.00,0.00,匯款,1111003,,,金錢,高雄市鳳山區****,0931*****,,,,,,,,
12,陳怡岳,111年嘉義縣議員選舉,首次申報,1111004,個人捐贈收入,李美鈞,Q12*******,80000.00,0.00,匯款,1111004,,,金錢,苗栗縣竹南鎮****,,,,,,,,,
13,陳怡岳,111年嘉義縣議員選舉,首次申報,1111005,營利事業捐贈收入,薌園生技股份有限公司,23802571,50000.00,0.00,匯款,1111005,,,金錢,臺中市西區台****,,,,,,,,,
14,陳怡岳,111年嘉義縣議員選舉,首次申報,1111006,個人捐贈收入,李文忠,Q10*******,100000.00,0.00,匯款,1111006,,,金錢,嘉義縣朴子市****,0935*****,,,,,,,,
15,陳怡岳,111年嘉義縣議員選舉,首次申報,1111007,營利事業捐贈收入,佳紡國際貿易有限公司,25125668,100000.00,0.00,匯款,1111007,,,金錢,臺北市中山區****,,,,,,,,,
16,陳怡岳,111年嘉義縣議員選舉,首次申報,1111007,個人捐贈收入,康之平,A12*******,50000.00,0.00,匯款,1111007,,,金錢,臺北市中山區****,,,,,,,,,
17,陳怡岳,111年嘉義縣議員選舉,首次申報,1111007,個人捐贈收入,林啓俊,A12*******,100000.00,0.00,匯款,1111007,,,金錢,臺北市內湖區****,,,,,,,,,
18,陳怡岳,111年嘉義縣議員選舉,首次申報,1111007,個人捐贈收入,陳繡姬,P20*******,20000.00,0.00,匯款,1111007,,,金錢,臺北市松山區****,,,,,,,,,
19,陳怡岳,111年嘉義縣議員選舉,首次申報,1111008,營利事業捐贈收入,贊園建設有限公司,24432627,200000.00,0.00,票據,1111019,,,金錢,嘉義縣朴子市****,,,,,,,,,
20,陳怡岳,111年嘉義縣議員選舉,首次申報,1111008,營利事業捐贈收入,景暉精密企業有限公司,31345346,100000.00,0.00,票據,1111019,,,金錢,桃園市蘆竹區****,,,,,,,,,
21,陳怡岳,111年嘉義縣議員選舉,首次申報,1111008,個人捐贈收入,林德明,P10*******,100000.00,0.00,現金,1111011,,,金錢,雲林縣北港鎮****,,,,,,,,,
22,陳怡岳,111年嘉義縣議員選舉,首次申報,1111011,個人捐贈收入,王明聰,L12*******,10000.00,0.00,現金,1111011,,,金錢,臺中市大雅區****,,,,,,,,,
23,陳怡岳,111年嘉義縣議員選舉,首次申報,1111011,個人捐贈收入,陳建志,P12*******,100000.00,0.00,現金,1111011,,,金錢,雲林縣元長鄉****,,,,,,,,,
24,陳怡岳,111年嘉義縣議員選舉,首次申報,1111011,個人捐贈收入,顏文益,Q12*******,100000.00,0.00,現金,1111011,,,金錢,嘉義市西區福****,,,,,,,,,
25,陳怡岳,111年嘉義縣議員選舉,首次申報,1111011,個人捐贈收入,周芳右,Q12*******,20000.00,0.00,現金,1111011,,,金錢,嘉義縣太保市****,,,,,,,,,
26,陳怡岳,111年嘉義縣議員選舉,首次申報,1111011,個人捐贈收入,翁于峰,R12*******,50000.00,0.00,現金,1111011,,,金錢,臺南市鹽水區****,,,,,,,,,
27,陳怡岳,111年嘉義縣議員選舉,首次申報,1111011,個人捐贈收入,田志強,R12*******,50000.00,0.00,現金,1111011,,,金錢,嘉義縣朴子市****,,,,,,,,,
28,陳怡岳,111年嘉義縣議員選舉,首次申報,1111012,個人捐贈收入,鄧陳星,Q10*******,20000.00,0.00,匯款,1111012,,,金錢,高雄市苓雅區****,,,,,,,,,
29,陳怡岳,111年嘉義縣議員選舉,首次申報,1111013,個人捐贈收入,江雍正,,10000.00,0.00,匯款,1111013,,,金錢,高雄市苓雅區****,0933*****,,,,,,,,
30,陳怡岳,111年嘉義縣議員選舉,首次申報,1111013,個人捐贈收入,陳嘉進,Q10*******,100000.00,0.00,現金,1111013,,,金錢,嘉義縣朴子市****,,,,,,,,,
31,陳怡岳,111年嘉義縣議員選舉,首次申報,1111013,個人捐贈收入,陳博凱,Q12*******,100000.00,0.00,現金,1111013,,,金錢,嘉義縣朴子市****,,,,,,,,,
32,陳怡岳,111年嘉義縣議員選舉,首次申報,1111013,個人捐贈收入,陳吳秀絨,Q20*******,100000.00,0.00,現金,1111013,,,金錢,嘉義縣朴子市****,,,,,,,,,
33,陳怡岳,111年嘉義縣議員選舉,首次申報,1111018,個人捐贈收入,陳宏仁,Q12*******,100000.00,0.00,匯款,1111018,,,金錢,嘉義縣六腳鄉****,0952*****,,,,,,,,
34,陳怡岳,111年嘉義縣議員選舉,首次申報,1111020,營利事業捐贈收入,弘飛興業股份有限公司,16969167,200000.00,0.00,匯款,1111020,,,金錢,新北市中和區****,,,,,,,,,
35,陳怡岳,111年嘉義縣議員選舉,首次申報,1111020,營利事業捐贈收入,群創能源科技股份有限公司,82876042,60000.00,0.00,匯款,1111020,已返還,,金錢,臺北市內湖區****,,,,,,,,,
36,陳怡岳,111年嘉義縣議員選舉,首次申報,1111021,個人捐贈收入,侯文泰,Q12*******,100000.00,0.00,票據,1111021,,,金錢,嘉義縣朴子市****,,,,,,,,,
37,陳怡岳,111年嘉義縣議員選舉,首次申報,1111024,個人捐贈收入,李建隆,Q10*******,10000.00,0.00,匯款,1111024,,,金錢,嘉義市東區中****,,,,,,,,,
38,陳怡岳,111年嘉義縣議員選舉,首次申報,1111027,營利事業捐贈收入,新灃企業股份有限公司,86390506,300000.00,0.00,匯款,1111027,,,金錢,嘉義縣朴子市****,,,,,,,,,
39,陳怡岳,111年嘉義縣議員選舉,首次申報,1111028,個人捐贈收入,林奇正,A12*******,100000.00,0.00,現金,1111028,,,金錢,臺北市南港區****,,,,,,,,,
40,陳怡岳,111年嘉義縣議員選舉,首次申報,1111028,個人捐贈收入,黃騰輝,A12*******,100000.00,0.00,現金,1111028,,,金錢,臺北市大安區****,,,,,,,,,
41,陳怡岳,111年嘉義縣議員選舉,首次申報,1111028,個人捐贈收入,鄭美香,E22*******,100000.00,0.00,現金,1111028,,,金錢,新北市永和區****,,,,,,,,,
42,陳怡岳,111年嘉義縣議員選舉,首次申報,1111028,個人捐贈收入,施睿旻,N12*******,100000.00,0.00,現金,1111028,,,金錢,新北市永和區****,,,,,,,,,
43,陳怡岳,111年嘉義縣議員選舉,首次申報,1111028,個人捐贈收入,施義專,N12*******,100000.00,0.00,現金,1111028,,,金錢,臺中市西屯區****,,,,,,,,,
44,陳怡岳,111年嘉義縣議員選舉,首次申報,1111028,個人捐贈收入,洪啟德,N12*******,100000.00,0.00,現金,1111028,,,金錢,新北市中和區****,,,,,,,,,
45,陳怡岳,111年嘉義縣議員選舉,首次申報,1111028,個人捐贈收入,施義芳,N12*******,100000.00,0.00,現金,1111028,,,金錢,新北市永和區****,,,,,,,,,
46,陳怡岳,111年嘉義縣議員選舉,首次申報,1111028,個人捐贈收入,施淑惠,N22*******,100000.00,0.00,現金,1111028,,,金錢,新北市板橋區****,,,,,,,,,
47,陳怡岳,111年嘉義縣議員選舉,首次申報,1111028,個人捐贈收入,施佳琪,N22*******,100000.00,0.00,現金,1111028,,,金錢,臺北市中山區****,,,,,,,,,
48,陳怡岳,111年嘉義縣議員選舉,首次申報,1111028,個人捐贈收入,賴建宏,P12*******,100000.00,0.00,現金,1111028,,,金錢,臺北市內湖區****,,,,,,,,,
49,陳怡岳,111年嘉義縣議員選舉,首次申報,1111028,個人捐贈收入,洪源益,Q10*******,20000.00,0.00,現金,1111031,,,金錢,嘉義縣朴子市****,,,,,,,,,
50,陳怡岳,111年嘉義縣議員選舉,首次申報,1111028,個人捐贈收入,蘇文助,Q12*******,20000.00,0.00,現金,1111031,,,金錢,嘉義縣六腳鄉****,,,,,,,,,
51,陳怡岳,111年嘉義縣議員選舉,首次申報,1111028,個人捐贈收入,陳傳奇,Q12*******,20000.00,0.00,現金,1111031,,,金錢,嘉義縣朴子市****,,,,,,,,,
52,陳怡岳,111年嘉義縣議員選舉,首次申報,1111028,個人捐贈收入,賴坤良,Q12*******,20000.00,0.00,現金,1111031,,,金錢,嘉義市西區大****,,,,,,,,,
53,陳怡岳,111年嘉義縣議員選舉,首次申報,1111028,個人捐贈收入,黃榆凱,Q12*******,20000.00,0.00,現金,1111031,,,金錢,嘉義縣六腳鄉****,,,,,,,,,
54,陳怡岳,111年嘉義縣議員選舉,首次申報,1111028,個人捐贈收入,黃安泰,Q12*******,20000.00,0.00,現金,1111031,,,金錢,嘉義縣六腳鄉****,,,,,,,,,
55,陳怡岳,111年嘉義縣議員選舉,首次申報,1111028,個人捐贈收入,黃啓祐,Q12*******,20000.00,0.00,現金,1111031,,,金錢,嘉義縣六腳鄉****,,,,,,,,,
56,陳怡岳,111年嘉義縣議員選舉,首次申報,1111028,個人捐贈收入,陳素環,Q20*******,20000.00,0.00,現金,1111031,,,金錢,嘉義縣朴子市****,,,,,,,,,
57,陳怡岳,111年嘉義縣議員選舉,首次申報,1111028,個人捐贈收入,張玉珊,Q22*******,20000.00,0.00,現金,1111031,,,金錢,嘉義縣鹿草鄉****,,,,,,,,,
58,陳怡岳,111年嘉義縣議員選舉,首次申報,1111028,個人捐贈收入,翁于峰,R12*******,20000.00,0.00,現金,1111031,,,金錢,臺南市鹽水區****,,,,,,,,,
59,陳怡岳,111年嘉義縣議員選舉,首次申報,1111029,個人捐贈收入,葉光耀,Q10*******,30000.00,0.00,現金,1111031,,,金錢,嘉義市東區民****,,,,,,,,,
60,陳怡岳,111年嘉義縣議員選舉,首次申報,1111031,營利事業捐贈收入,麗光科技股份有限公司,27625252,100000.00,0.00,匯款,1111031,,,金錢,嘉義縣鹿草鄉****,,,,,,,,,
61,陳怡岳,111年嘉義縣議員選舉,首次申報,1111103,個人捐贈收入,陳和春,P12*******,100000.00,0.00,現金,1111103,,,金錢,雲林縣元長鄉****,,,,,,,,,
62,陳怡岳,111年嘉義縣議員選舉,首次申報,1111103,個人捐贈收入,龔永盛,Q12*******,100000.00,0.00,現金,1111103,,,金錢,嘉義縣太保市****,,,,,,,,,
63,陳怡岳,111年嘉義縣議員選舉,首次申報,1111107,營利事業捐贈收入,聯品科技有限公司,85056291,30000.00,0.00,匯款,1111107,,,金錢,嘉義市西區紅****,,,,,,,,,
64,陳怡岳,111年嘉義縣議員選舉,首次申報,1111107,個人捐贈收入,林國明,Q12*******,100000.00,0.00,票據,1111110,,,金錢,嘉義縣朴子市****,,,,,,,,,
65,陳怡岳,111年嘉義縣議員選舉,首次申報,1111107,個人捐贈收入,黃穗如,T22*******,10000.00,0.00,現金,1111110,,,金錢,臺中市大里區****,,,,,,,,,
66,陳怡岳,111年嘉義縣議員選舉,首次申報,1111108,個人捐贈收入,陳順良,Q12*******,50000.00,0.00,匯款,1111108,,,金錢,嘉義市西區福****,,,,,,,,,
67,陳怡岳,111年嘉義縣議員選舉,首次申報,1111108,個人捐贈收入,王祈晴,Q12*******,50000.00,0.00,匯款,1111108,,,金錢,嘉義市西區劉****,,,,,,,,,
68,陳怡岳,111年嘉義縣議員選舉,首次申報,1111110,個人捐贈收入,古榮海,P10*******,100000.00,0.00,現金,1111110,,,金錢,桃園市桃園區****,,,,,,,,,
69,陳怡岳,111年嘉義縣議員選舉,首次申報,1111110,個人捐贈收入,戴俊郎,Q12*******,100000.00,0.00,匯款,1111110,,,金錢,嘉義市東區東****,,,,,,,,,
70,陳怡岳,111年嘉義縣議員選舉,首次申報,1111110,個人捐贈收入,戴淑玲,Q22*******,100000.00,0.00,匯款,1111110,,,金錢,嘉義市東區東****,,,,,,,,,
71,陳怡岳,111年嘉義縣議員選舉,首次申報,1111111,個人捐贈收入,游政達,,20000.00,0.00,匯款,1111111,,,金錢,嘉義市西區四****,,,,,,,,,
72,陳怡岳,111年嘉義縣議員選舉,首次申報,1111115,個人捐贈收入,魏逸明,Q12*******,20000.00,0.00,匯款,1111115,,,金錢,嘉義市東區興****,,,,,,,,,
73,陳怡岳,111年嘉義縣議員選舉,首次申報,1111117,營利事業捐贈收入,穎杰鑄造工業股份有限公司,66570608,100000.00,0.00,現金,1111124,,,金錢,嘉義縣太保市****,,,,,,,,,
74,陳怡岳,111年嘉義縣議員選舉,首次申報,1111117,個人捐贈收入,張志毓,P10*******,100000.00,0.00,現金,1111124,,,金錢,嘉義市東區長****,,,,,,,,,
75,陳怡岳,111年嘉義縣議員選舉,首次申報,1111119,個人捐贈收入,張雅琪,H22*******,20000.00,0.00,現金,1111124,,,金錢,臺北市金山南****,,,,,,,,,
76,陳怡岳,111年嘉義縣議員選舉,首次申報,1111121,個人捐贈收入,官忠志,Q12*******,10000.00,0.00,現金,1111124,,,金錢,嘉義市東區文****,,,,,,,,,
77,陳怡岳,111年嘉義縣議員選舉,首次申報,1111122,營利事業捐贈收入,亞思國際股份有限公司,27719764,500000.00,0.00,匯款,1111122,,,金錢,臺北市松山區****,,,,,,,,,
78,陳怡岳,111年嘉義縣議員選舉,首次申報,1111122,個人捐贈收入,盧均瑜,A22*******,100000.00,0.00,匯款,1111122,,,金錢,臺北市松山區****,,,,,,,,,
79,陳怡岳,111年嘉義縣議員選舉,首次申報,1111221,其他收入,利息收入,,190.00,0.00,匯款,1111221,,,金錢,,,,,,,,,,
