﻿序號,擬參選人／政黨,選舉名稱,申報序號／年度,交易日期,收支科目,捐贈者／支出對象,身分證／統一編號,收入金額,支出金額,支出用途,金錢類,地址,聯絡電話,資料更正日期
1,葉巴格力亞斯振宇,107年縣(市)議員選舉,首次申報,1071105,個人捐贈收入,蔡進義,,2000.00,0.00,,金錢,,0983*****,
2,葉巴格力亞斯振宇,107年縣(市)議員選舉,首次申報,1071106,營利事業捐贈收入,鴻偉國際有限公司,70613066,100000.00,0.00,,金錢,臺中市霧峰區****,0423*****,
3,葉巴格力亞斯振宇,107年縣(市)議員選舉,首次申報,1071106,個人捐贈收入,黃勳業,V12*******,100000.00,0.00,,金錢,臺東縣太麻里****,0982*****,
4,葉巴格力亞斯振宇,107年縣(市)議員選舉,首次申報,1071112,個人捐贈收入,高仗衛,,25000.00,0.00,,金錢,,0955*****,
5,葉巴格力亞斯振宇,107年縣(市)議員選舉,首次申報,1071116,個人捐贈收入,洪頂賀,J12*******,50000.00,0.00,,金錢,新竹市浸水街****,0910*****,
6,葉巴格力亞斯振宇,107年縣(市)議員選舉,首次申報,1071221,其他收入,利息收入,,2.00,0.00,,金錢,,,
