﻿序號,擬參選人／政黨,選舉名稱,申報序號／年度,交易日期,收支科目,捐贈者／支出對象,身分證／統一編號,收入金額,支出金額,捐贈方式,存入專戶日期,返還/繳庫,支出用途,金錢類,地址,聯絡電話,應揭露之支出對象,支出對象之內部人員姓名,支出對象之內部人員職稱,政黨之內部人員姓名,政黨之內部人員職稱,關係,更正註記,資料更正日期
1,蕭美文,111年雲林縣北港鎮鎮長選舉,首次申報,1110929,個人捐贈收入,吳淑娟,N22*******,2000.00,0.00,匯款,1110929,,,金錢,彰化縣埤頭鄉****,0910*****,,,,,,,,
2,蕭美文,111年雲林縣北港鎮鎮長選舉,首次申報,1110929,個人捐贈收入,王珠連,P20*******,70000.00,0.00,匯款,1110929,,,金錢,雲林縣北港鎮****,,,,,,,,,
3,蕭美文,111年雲林縣北港鎮鎮長選舉,首次申報,1111014,個人捐贈收入,黃景祥,P10*******,30000.00,0.00,匯款,1111014,,,金錢,雲林縣北港鎮****,,,,,,,,,
4,蕭美文,111年雲林縣北港鎮鎮長選舉,首次申報,1111014,個人捐贈收入,郭令奉,P12*******,36000.00,0.00,匯款,1111014,,,金錢,雲林縣北港鎮****,,,,,,,,,
5,蕭美文,111年雲林縣北港鎮鎮長選舉,首次申報,1111026,個人捐贈收入,黃壹清,,12000.00,0.00,匯款,1111026,,,金錢,雲林縣北港鎮****,,,,,,,,,
6,蕭美文,111年雲林縣北港鎮鎮長選舉,首次申報,1111027,個人捐贈收入,翁松平,Q12*******,1000.00,0.00,匯款,1111027,,,金錢,雲林縣北港鎮****,,,,,,,,,
