﻿序號,擬參選人／政黨,選舉名稱,申報序號／年度,交易日期,收支科目,捐贈者／支出對象,身分證／統一編號,收入金額,支出金額,捐贈方式,存入專戶日期,返還/繳庫,支出用途,金錢類,地址,聯絡電話,應揭露之支出對象,支出對象之內部人員姓名,支出對象之內部人員職稱,政黨之內部人員姓名,政黨之內部人員職稱,關係,更正註記,資料更正日期
1,黃國晏,111年桃園市議員選舉,首次申報,1110503,營利事業捐贈收入,怡賓有限公司,15820131,40000.00,0.00,匯款,1110503,已返還,,金錢,新北市樹林區****,02-2*****,,,,,,,,
2,黃國晏,111年桃園市議員選舉,首次申報,1110505,匿名捐贈,匿名,,6500.00,0.00,匯款,1110505,,,金錢,,,,,,,,,,
3,黃國晏,111年桃園市議員選舉,首次申報,1110505,匿名捐贈,張凰飛,,1000.00,0.00,匯款,1110505,,,金錢,,,,,,,,,,
4,黃國晏,111年桃園市議員選舉,首次申報,1110505,個人捐贈收入,司徒世壽,A12*******,10000.00,0.00,匯款,1110510,,,金錢,新北市中和區****," 09*****",,,,,,,,
5,黃國晏,111年桃園市議員選舉,首次申報,1110505,個人捐贈收入,林靈,A22*******,1000.00,0.00,匯款,1110510,,,金錢,臺北市中山區****," 09*****",,,,,,,,
6,黃國晏,111年桃園市議員選舉,首次申報,1110505,個人捐贈收入,林晨敏,A22*******,3000.00,0.00,匯款,1110510,,,金錢,臺北市大安區****," 09*****",,,,,,,,
7,黃國晏,111年桃園市議員選舉,首次申報,1110505,個人捐贈收入,陳威豪,C12*******,1000.00,0.00,匯款,1110510,,,金錢,基隆市信義區****," 09*****",,,,,,,,
8,黃國晏,111年桃園市議員選舉,首次申報,1110505,個人捐贈收入,母崇儀,C22*******,3000.00,0.00,匯款,1110510,,,金錢,桃園市中壢區****," 09*****",,,,,,,,
9,黃國晏,111年桃園市議員選舉,首次申報,1110505,個人捐贈收入,李宜蓁,H22*******,3000.00,0.00,匯款,1110510,,,金錢,桃園市桃園區****," 09*****",,,,,,,,
10,黃國晏,111年桃園市議員選舉,首次申報,1110505,個人捐贈收入,楊相鴻,P12*******,1000.00,0.00,匯款,1110510,,,金錢,嘉義縣民雄鄉****," 09*****",,,,,,,,
11,黃國晏,111年桃園市議員選舉,首次申報,1110505,個人捐贈收入,柯凱超,Q12*******,500.00,0.00,匯款,1110510,,,金錢,桃園市桃園區****," 09*****",,,,,,,,
12,黃國晏,111年桃園市議員選舉,首次申報,1110506,匿名捐贈,匿名,,6000.00,0.00,現金,1110510,,,金錢,,,,,,,,,,
13,黃國晏,111年桃園市議員選舉,首次申報,1110506,匿名捐贈,匿名,,2000.00,0.00,現金,1110510,,,金錢,,,,,,,,,,
14,黃國晏,111年桃園市議員選舉,首次申報,1110506,個人捐贈收入,張元舉,A12*******,1000.00,0.00,匯款,1110510,,,金錢,新北市新店區****," 09*****",,,,,,,,
15,黃國晏,111年桃園市議員選舉,首次申報,1110507,匿名捐贈,陳冠賓,,1000.00,0.00,匯款,1110507,,,金錢,,,,,,,,,,
16,黃國晏,111年桃園市議員選舉,首次申報,1110507,營利事業捐贈收入,偉澄有限公司,64948537,100000.00,0.00,匯款,1110510,,,金錢,臺南市南區五****," 09*****",,,,,,,,
17,黃國晏,111年桃園市議員選舉,首次申報,1110508,匿名捐贈,匿名,,1000.00,0.00,匯款,1110510,,,金錢,,,,,,,,,,
18,黃國晏,111年桃園市議員選舉,首次申報,1110509,匿名捐贈,匿名,,5000.00,0.00,現金,1110510,,,金錢,,,,,,,,,,
19,黃國晏,111年桃園市議員選舉,首次申報,1110509,匿名捐贈,匿名,,2000.00,0.00,現金,1110510,,,金錢,,,,,,,,,,
20,黃國晏,111年桃園市議員選舉,首次申報,1110509,個人捐贈收入,賴美英,K22*******,6000.00,0.00,匯款,1110513,,,金錢,桃園市蘆竹區****," 09*****",,,,,,,,
21,黃國晏,111年桃園市議員選舉,首次申報,1110511,匿名捐贈,蔡銘夫,,6000.00,0.00,匯款,1110511,,,金錢,,,,,,,,,,
22,黃國晏,111年桃園市議員選舉,首次申報,1110513,匿名捐贈,匿名,,3000.00,0.00,現金,1110520,,,金錢,,,,,,,,,,
23,黃國晏,111年桃園市議員選舉,首次申報,1110516,匿名捐贈,匿名,,3000.00,0.00,現金,1110520,,,金錢,,,,,,,,,,
24,黃國晏,111年桃園市議員選舉,首次申報,1110516,個人捐贈收入,陳柏棟,A12*******,6000.00,0.00,匯款,1110520,,,金錢,臺北市中山區****," 09*****",,,,,,,,
25,黃國晏,111年桃園市議員選舉,首次申報,1110516,個人捐贈收入,程薆珍,A22*******,10000.00,0.00,匯款,1110520,,,金錢,桃園市蘆竹區****," 09*****",,,,,,,,
26,黃國晏,111年桃園市議員選舉,首次申報,1110516,個人捐贈收入,楊翕翱,G12*******,10000.00,0.00,匯款,1110520,,,金錢,臺北市大安區****," 09*****",,,,,,,,
27,黃國晏,111年桃園市議員選舉,首次申報,1110517,個人捐贈收入,高嘉宏,A12*******,1000.00,0.00,匯款,1110520,,,金錢,新竹縣竹北市****," 09*****",,,,,,,,
28,黃國晏,111年桃園市議員選舉,首次申報,1110519,匿名捐贈,范燕君,,500.00,0.00,匯款,1110519,,,金錢,,,,,,,,,,
29,黃國晏,111年桃園市議員選舉,首次申報,1110519,匿名捐贈,陳宏銓,,5000.00,0.00,匯款,1110519,,,金錢,,,,,,,,,,
30,黃國晏,111年桃園市議員選舉,首次申報,1110519,匿名捐贈,廖若喬,,1000.00,0.00,匯款,1110519,,,金錢,,,,,,,,,,
31,黃國晏,111年桃園市議員選舉,首次申報,1110523,個人捐贈收入,黃寶民,H12*******,20000.00,0.00,現金,1110524,,,金錢,桃園市桃園區****," 09*****",,,,,,,,
32,黃國晏,111年桃園市議員選舉,首次申報,1110601,匿名捐贈,匿名,,1000.00,0.00,現金,1110601,,,金錢,,,,,,,,,,
33,黃國晏,111年桃園市議員選舉,首次申報,1110601,個人捐贈收入,葉宗諺,A12*******,1000.00,0.00,匯款,1110610,,,金錢,桃園市桃園區****," 09*****",,,,,,,,
34,黃國晏,111年桃園市議員選舉,首次申報,1110621,其他收入,利息收入,,1.00,0.00,匯款,1110621,,,金錢,,,,,,,,,,
35,黃國晏,111年桃園市議員選舉,首次申報,1110621,個人捐贈收入,邱淑玲,A22*******,10000.00,0.00,現金,1110628,,,金錢,桃園市蘆竹區****," 09*****",,,,,,,,
36,黃國晏,111年桃園市議員選舉,首次申報,1110627,個人捐贈收入,曾貽湧,H12*******,10000.00,0.00,匯款,1110701,,,金錢,桃園市龜山區****," 09*****",,,,,,,,
37,黃國晏,111年桃園市議員選舉,首次申報,1110703,個人捐贈收入,賴勇秀,K12*******,2000.00,0.00,匯款,1110708,,,金錢,桃園市蘆竹區****," 09*****",,,,,,,,
38,黃國晏,111年桃園市議員選舉,首次申報,1110704,個人捐贈收入,謝佳龍,E12*******,10000.00,0.00,匯款,1110704,,,金錢,桃園市蘆竹區****," 09*****",,,,,,,,
39,黃國晏,111年桃園市議員選舉,首次申報,1110711,匿名捐贈,匿名,,3000.00,0.00,匯款,1110721,,,金錢,,,,,,,,,,
40,黃國晏,111年桃園市議員選舉,首次申報,1110712,匿名捐贈,匿名,,6000.00,0.00,匯款,1110721,,,金錢,,,,,,,,,,
41,黃國晏,111年桃園市議員選舉,首次申報,1110712,匿名捐贈,匿名,,6000.00,0.00,匯款,1110721,,,金錢,,,,,,,,,,
42,黃國晏,111年桃園市議員選舉,首次申報,1110713,匿名捐贈,匿名,,1680.00,0.00,現金,1110721,,,金錢,,,,,,,,,,
43,黃國晏,111年桃園市議員選舉,首次申報,1110713,匿名捐贈,匿名,,3000.00,0.00,現金,1110721,,,金錢,,,,,,,,,,
44,黃國晏,111年桃園市議員選舉,首次申報,1110801,營利事業捐贈收入,安莉詩國際有限公司,24962189,30000.00,0.00,匯款,1110801,,,金錢,臺北市中山區****," 02*****",,,,,,,,
45,黃國晏,111年桃園市議員選舉,首次申報,1110801,營利事業捐贈收入,居策不動產投資管理顧問有限公司,82827388,30000.00,0.00,匯款,1110801,已返還,,金錢,臺北市中山區****," 02*****",,,,,,,,
46,黃國晏,111年桃園市議員選舉,首次申報,1110802,個人捐贈收入,張永謙,A12*******,10000.00,0.00,匯款,1110805,,,金錢,基隆市暖暖區****," 09*****",,,,,,,,
47,黃國晏,111年桃園市議員選舉,首次申報,1110803,個人捐贈收入,王俊崴,F12*******,3000.00,0.00,匯款,1110812,,,金錢,臺北市大安區****," 09*****",,,,,,,,
48,黃國晏,111年桃園市議員選舉,首次申報,1110804,個人捐贈收入,劉春吉,S12*******,1000.00,0.00,匯款,1110812,,,金錢,高雄市林園區****," 09*****",,,,,,,,
49,黃國晏,111年桃園市議員選舉,首次申報,1110819,個人捐贈收入,余羿潔,H22*******,1000.00,0.00,匯款,1110826,,,金錢,桃園市蘆竹區****," 09*****",,,,,,,,
50,黃國晏,111年桃園市議員選舉,首次申報,1110823,個人捐贈收入,楊慧芬,L22*******,2000.00,0.00,匯款,1110826,,,金錢,桃園市蘆竹區****," 09*****",,,,,,,,
51,黃國晏,111年桃園市議員選舉,首次申報,1110825,個人捐贈收入,任鎮東,S12*******,20000.00,0.00,匯款,1110902,,,金錢,新北市新莊區****," 09*****",,,,,,,,
52,黃國晏,111年桃園市議員選舉,首次申報,1110826,個人捐贈收入,李怡卿,B22*******,100000.00,0.00,現金,1110826,,,金錢,桃園市蘆竹區****," 09*****",,,,,,,,
53,黃國晏,111年桃園市議員選舉,首次申報,1110829,個人捐贈收入,張進傑,H12*******,10000.00,0.00,現金,1110829,,,金錢,桃園市蘆竹區****," 09*****",,,,,,,,
54,黃國晏,111年桃園市議員選舉,首次申報,1110829,個人捐贈收入,吳九儀,H22*******,10000.00,0.00,現金,1110829,,,金錢,桃園市蘆竹區****," 09*****",,,,,,,,
55,黃國晏,111年桃園市議員選舉,首次申報,1110829,個人捐贈收入,施培仁,N12*******,30000.00,0.00,現金,1110829,,,金錢,臺北市中山區****," 09*****",,,,,,,,
56,黃國晏,111年桃園市議員選舉,首次申報,1110902,個人捐贈收入,喬天鼎,A12*******,10000.00,0.00,匯款,1110908,,,金錢,新北市新店區****," 09*****",,,,,,,,
57,黃國晏,111年桃園市議員選舉,首次申報,1110909,匿名捐贈,匿名,,100.00,0.00,匯款,1110913,,,金錢,,,,,,,,,,
58,黃國晏,111年桃園市議員選舉,首次申報,1110909,匿名捐贈,匿名,,1000.00,0.00,匯款,1110909,,,金錢,,,,,,,,,,
59,黃國晏,111年桃園市議員選舉,首次申報,1110910,個人捐贈收入,廖美文,M22*******,500.00,0.00,匯款,1110913,,,金錢,臺北市大安區****," 09*****",,,,,,,,
60,黃國晏,111年桃園市議員選舉,首次申報,1110916,個人捐贈收入,徐睿,H12*******,3000.00,0.00,匯款,1110920,,,金錢,桃園市中壢區****," 09*****",,,,,,,,
61,黃國晏,111年桃園市議員選舉,首次申報,1110926,個人捐贈收入,李雅淑,D22*******,20000.00,0.00,現金,1110926,,,金錢,桃園市蘆竹區****," 09*****",,,,,,,,
62,黃國晏,111年桃園市議員選舉,首次申報,1111003,營利事業捐贈收入,菁業企管顧問有限公司,84464812,12000.00,0.00,匯款,1111003,已返還,,金錢,臺北市信義區****," 02*****",,,,,,,,
63,黃國晏,111年桃園市議員選舉,首次申報,1111003,個人捐贈收入,朱麗萍,F22*******,2000.00,0.00,匯款,1111007,已返還,,金錢,桃園市蘆竹區****," 09*****",,,,,,,,
64,黃國晏,111年桃園市議員選舉,首次申報,1111004,個人捐贈收入,車梅艷,H22*******,2000.00,0.00,現金,1111004,,,金錢,桃園市蘆竹區****," 09*****",,,,,,,,
65,黃國晏,111年桃園市議員選舉,首次申報,1111011,個人捐贈收入,陳穎文,E12*******,3600.00,0.00,匯款,1111014,,,金錢,臺北市大安區****," 09*****",,,,,,,,
66,黃國晏,111年桃園市議員選舉,首次申報,1111019,個人捐贈收入,謝和儒,H12*******,10000.00,0.00,匯款,1111025,,,金錢,桃園市蘆竹區****," 09*****",,,,,,,,
67,黃國晏,111年桃園市議員選舉,首次申報,1111111,個人捐贈收入,黃嘉凌,H22*******,6000.00,0.00,匯款,1111115,,,金錢,桃園市蘆竹區****," 09*****",,,,,,,,
68,黃國晏,111年桃園市議員選舉,首次申報,1111115,個人捐贈收入,陶偉祥,A22*******,3600.00,0.00,現金,1111118,,,金錢,桃園市蘆竹區****," 09*****",,,,,,,,
