﻿序號,擬參選人／政黨,選舉名稱,申報序號／年度,交易日期,收支科目,捐贈者／支出對象,身分證／統一編號,收入金額,支出金額,捐贈方式,存入專戶日期,返還/繳庫,支出用途,金錢類,地址,聯絡電話,應揭露之支出對象,支出對象之內部人員姓名,支出對象之內部人員職稱,政黨之內部人員姓名,政黨之內部人員職稱,關係,更正註記,資料更正日期
1,林宜豊,111年雲林縣麥寮鄉鄉長選舉,首次申報,1110803,宣傳支出,程時有限公司,53425147,0.00,28350.00,,,,製作競選物品或宣傳廣告費用（物品名稱-鉛筆）,金錢,新北市中和區****,,否,,,,,,,
2,林宜豊,111年雲林縣麥寮鄉鄉長選舉,首次申報,1111025,宣傳支出,程時有限公司,53425147,0.00,28350.00,,,,製作競選物品或宣傳廣告費用（物品名稱-鉛筆）,金錢,新北市中和區****,,否,,,,,,,
3,林宜豊,111年雲林縣麥寮鄉鄉長選舉,首次申報,1111025,宣傳支出,博覽書局,77547176,0.00,78600.00,,,,製作競選物品或宣傳廣告費用（物品名稱-帆布，看板，布旗）,金錢,雲林縣虎尾鎮****,,否,,,,,,,
4,林宜豊,111年雲林縣麥寮鄉鄉長選舉,首次申報,1111102,宣傳支出,蘋果劇團,17013893,0.00,120000.00,,,,演講或表演費用,金錢,高雄市三民區****,07-3*****,否,,,,,,,
5,林宜豊,111年雲林縣麥寮鄉鄉長選舉,首次申報,1111102,宣傳支出,嘉珊企業行,25494590,0.00,22200.00,,,,其他與選舉宣傳有關之費用,金錢,雲林縣虎尾鎮****,0956*****,否,,,,,,,
6,林宜豊,111年雲林縣麥寮鄉鄉長選舉,首次申報,1111108,宣傳支出,如果國際藝術事業股份有限公司,28212602,0.00,150000.00,,,,演講或表演費用,金錢,新北市新店區****,,否,,,,,,,
7,林宜豊,111年雲林縣麥寮鄉鄉長選舉,首次申報,1111109,宣傳支出,博覽書局,77547176,0.00,35100.00,,,,製作競選物品或宣傳廣告費用（物品名稱-舞台背板，文宣，帆布）,金錢,雲林縣虎尾鎮****,,否,,,,,,,
8,林宜豊,111年雲林縣麥寮鄉鄉長選舉,首次申報,1111119,宣傳支出,九天民俗技藝工作室,45627056,0.00,682500.00,,,,演講或表演費用,金錢,臺中市大雅區****,,否,,,,,,,
