﻿序號,擬參選人／政黨,選舉名稱,申報序號／年度,交易日期,收支科目,捐贈者／支出對象,身分證／統一編號,收入金額,支出金額,捐贈方式,存入專戶日期,返還/繳庫,支出用途,金錢類,地址,聯絡電話,應揭露之支出對象,支出對象之內部人員姓名,支出對象之內部人員職稱,政黨之內部人員姓名,政黨之內部人員職稱,關係,更正註記,資料更正日期
1,顏若芳,111年臺北市議員選舉,首次申報,1110513,個人捐贈收入,蔡旻潔,E22*******,100.00,0.00,匯款,1110519,,,金錢,桃園市桃園區****,0968*****,,,,,,,,
2,顏若芳,111年臺北市議員選舉,首次申報,1110517,個人捐贈收入,葉明琦,G12*******,30000.00,0.00,匯款,1110517,,,金錢,臺北市大同區****,0933*****,,,,,,,,
3,顏若芳,111年臺北市議員選舉,首次申報,1110520,營利事業捐贈收入,金亞金屬工業股份有限公司,12211281,100000.00,0.00,現金,1110520,,,金錢,新北市樹林區****,02-2*****,,,,,,,,
4,顏若芳,111年臺北市議員選舉,首次申報,1110523,個人捐贈收入,廖依鈴,H22*******,100.00,0.00,匯款,1110530,,,金錢,新北市三重區****,0960*****,,,,,,,,
5,顏若芳,111年臺北市議員選舉,首次申報,1110524,個人捐贈收入,李秉哲,C12*******,1000.00,0.00,匯款,1110530,,,金錢,桃園市龜山區****,0928*****,,,,,,,,
6,顏若芳,111年臺北市議員選舉,首次申報,1110527,個人捐贈收入,鄭明東,A10*******,100000.00,0.00,現金,1110527,,,金錢,臺北市中山區****,0936*****,,,,,,,,
7,顏若芳,111年臺北市議員選舉,首次申報,1110530,個人捐贈收入,盧寶鐘,A22*******,50000.00,0.00,票據,1110530,,,金錢,臺北市中山區****,0928*****,,,,,,,,
8,顏若芳,111年臺北市議員選舉,首次申報,1110601,個人捐贈收入,黃秋梓,L22*******,10000.00,0.00,現金,1110601,,,金錢,新北市三重區****,0910*****,,,,,,,,
9,顏若芳,111年臺北市議員選舉,首次申報,1110608,營利事業捐贈收入,璞信廣告股份有限公司,53768868,100000.00,0.00,匯款,1110608,,,金錢,臺北市中山區****,02-2*****,,,,,,,,
10,顏若芳,111年臺北市議員選舉,首次申報,1110608,個人捐贈收入,黃禹蜻,D22*******,300.00,0.00,匯款,1110614,,,金錢,臺南市東區榮****,0970*****,,,,,,,,
11,顏若芳,111年臺北市議員選舉,首次申報,1110615,個人捐贈收入,袁成德,,500.00,0.00,現金,1110615,,,金錢,,02-2*****,,,,,,,,
12,顏若芳,111年臺北市議員選舉,首次申報,1110615,個人捐贈收入,陳文正,F10*******,100000.00,0.00,現金,1110615,,,金錢,新北市土城區****,0937*****,,,,,,,,
13,顏若芳,111年臺北市議員選舉,首次申報,1110617,營利事業捐贈收入,京承能源股份有限公司,42617111,200000.00,0.00,匯款,1110617,,,金錢,臺北市內湖區****,02-2*****,,,,,,,,
14,顏若芳,111年臺北市議員選舉,首次申報,1110621,其他收入,利息收入,,10.00,0.00,匯款,1110621,,,金錢,,,,,,,,,,
15,顏若芳,111年臺北市議員選舉,首次申報,1110624,個人捐贈收入,劉邦孟,A12*******,16800.00,0.00,現金,1110624,,,金錢,臺北市中山區****,0919*****,,,,,,,,
16,顏若芳,111年臺北市議員選舉,首次申報,1110628,個人捐贈收入,蔡明通,A10*******,20000.00,0.00,現金,1110629,,,金錢,臺北市大同區****,0936*****,,,,,,,,
17,顏若芳,111年臺北市議員選舉,首次申報,1110706,個人捐贈收入,簡吳秀真,A22*******,30000.00,0.00,現金,1110714,,,金錢,臺北市大同區****,02-5*****,,,,,,,,
18,顏若芳,111年臺北市議員選舉,首次申報,1110707,個人捐贈收入,盧美麗,A22*******,1000.00,0.00,匯款,1110713,,,金錢,臺北市中山區****,0926*****,,,,,,,,
19,顏若芳,111年臺北市議員選舉,首次申報,1110709,個人捐贈收入,范會平,J10*******,2000.00,0.00,現金,1110714,,,金錢,臺北市中正區****,0933*****,,,,,,,,
20,顏若芳,111年臺北市議員選舉,首次申報,1110713,個人捐贈收入,蔡秋環,Q20*******,30000.00,0.00,匯款,1110713,,,金錢,臺北市中山區****,0932*****,,,,,,,,
21,顏若芳,111年臺北市議員選舉,首次申報,1110714,個人捐贈收入,游金得,A11*******,1800.00,0.00,現金,1110715,,,金錢,臺北市大同區****,0988*****,,,,,,,,
22,顏若芳,111年臺北市議員選舉,首次申報,1110718,營利事業捐贈收入,保證責任臺北市台北地下街場地利用合作社,17611429,30000.00,0.00,票據,1110718,,,金錢,臺北市中正區****,02-2*****,,,,,,,,
23,顏若芳,111年臺北市議員選舉,首次申報,1110718,個人捐贈收入,陳建源,T10*******,3000.00,0.00,匯款,1110726,,,金錢,臺北市中山區****,0937*****,,,,,,,,
24,顏若芳,111年臺北市議員選舉,首次申報,1110721,個人捐贈收入,謝惠真,,500.00,0.00,現金,1110721,,,金錢,,02-2*****,,,,,,,,
25,顏若芳,111年臺北市議員選舉,首次申報,1110721,匿名捐贈,葉文彬,,1000.00,0.00,匯款,1110727,,,金錢,,,,,,,,,,
26,顏若芳,111年臺北市議員選舉,首次申報,1110721,個人捐贈收入,孫榤佑,B12*******,200.00,0.00,匯款,1110727,,,金錢,彰化縣鹿港鎮****,0985*****,,,,,,,,
27,顏若芳,111年臺北市議員選舉,首次申報,1110723,個人捐贈收入,劉勁甫,A12*******,3000.00,0.00,匯款,1110729,,,金錢,臺北市士林區****,0928*****,,,,,,,,
28,顏若芳,111年臺北市議員選舉,首次申報,1110725,個人捐贈收入,陳旭隆,A10*******,100000.00,0.00,現金,1110728,,,金錢,臺北市北投區****,,,,,,,,,
29,顏若芳,111年臺北市議員選舉,首次申報,1110725,個人捐贈收入,高崑王,A10*******,2000.00,0.00,現金,1110728,,,金錢,新北市三重區****,0922*****,,,,,,,,
30,顏若芳,111年臺北市議員選舉,首次申報,1110725,個人捐贈收入,陳旭賢,A12*******,100000.00,0.00,現金,1110728,,,金錢,臺北市中山區****,,,,,,,,,
31,顏若芳,111年臺北市議員選舉,首次申報,1110725,個人捐贈收入,陳暉鵬,A12*******,100000.00,0.00,現金,1110728,已返還,,金錢,臺北市北投區****,,,,,,,,,
32,顏若芳,111年臺北市議員選舉,首次申報,1110725,個人捐贈收入,謝秀雲,F20*******,100000.00,0.00,現金,1110728,,,金錢,臺北市北投區****,,,,,,,,,
33,顏若芳,111年臺北市議員選舉,首次申報,1110725,個人捐贈收入,莊豐,F20*******,5000.00,0.00,現金,1110728,,,金錢,臺北市中山區****,0928*****,,,,,,,,
34,顏若芳,111年臺北市議員選舉,首次申報,1110725,個人捐贈收入,鄭淑如,K22*******,100000.00,0.00,現金,1110728,,,金錢,臺北市中山區****,,,,,,,,,
35,顏若芳,111年臺北市議員選舉,首次申報,1110727,匿名捐贈,匿名,,2000.00,0.00,現金,1110804,,,金錢,,,,,,,,,,
36,顏若芳,111年臺北市議員選舉,首次申報,1110727,個人捐贈收入,游游宗,A10*******,1000.00,0.00,現金,1110728,,,金錢,臺北市中山區****,0935*****,,,,,,,,
37,顏若芳,111年臺北市議員選舉,首次申報,1110727,個人捐贈收入,陳聖仁,A10*******,3000.00,0.00,現金,1110728,,,金錢,臺北市中山區****,0963*****,,,,,,,,
38,顏若芳,111年臺北市議員選舉,首次申報,1110727,個人捐贈收入,林久雄,F10*******,2000.00,0.00,現金,1110728,,,金錢,臺北市中山龍****,0955*****,,,,,,,,
39,顏若芳,111年臺北市議員選舉,首次申報,1110727,個人捐贈收入,鄭秀津,S20*******,3600.00,0.00,現金,1110728,,,金錢,臺北市中山區****,0987*****,,,,,,,,
40,顏若芳,111年臺北市議員選舉,首次申報,1110730,個人捐贈收入,謝仲維,,1000.00,0.00,匯款,1110805,,,金錢,臺北市中山區****,0923*****,,,,,,,,
41,顏若芳,111年臺北市議員選舉,首次申報,1110730,匿名捐贈,匿名,,10000.00,0.00,匯款,1110805,,,金錢,,,,,,,,,,
42,顏若芳,111年臺北市議員選舉,首次申報,1110731,匿名捐贈,匿名,,200.00,0.00,匯款,1110731,,,金錢,,,,,,,,,,
43,顏若芳,111年臺北市議員選舉,首次申報,1110805,匿名捐贈,江百修,,2000.00,0.00,現金,1110810,,,金錢,,,,,,,,,,
44,顏若芳,111年臺北市議員選舉,首次申報,1110805,個人捐贈收入,王金時,A10*******,5000.00,0.00,現金,1110810,,,金錢,臺北市中山區****,0984*****,,,,,,,,
45,顏若芳,111年臺北市議員選舉,首次申報,1110809,個人捐贈收入,黃雨婷,A22*******,100000.00,0.00,現金,1110810,,,金錢,桃園市桃園區****,0921*****,,,,,,,,
46,顏若芳,111年臺北市議員選舉,首次申報,1110809,個人捐贈收入,鄧子尚,L12*******,100000.00,0.00,現金,1110810,,,金錢,臺中市東區東****,0977*****,,,,,,,,
47,顏若芳,111年臺北市議員選舉,首次申報,1110809,個人捐贈收入,陳鴻章,Q10*******,6000.00,0.00,現金,1110810,,,金錢,臺北市中山區****,0935*****,,,,,,,,
48,顏若芳,111年臺北市議員選舉,首次申報,1110809,個人捐贈收入,詹語綺,Q22*******,100000.00,0.00,現金,1110810,,,金錢,嘉義縣竹崎鄉****,0911*****,,,,,,,,
49,顏若芳,111年臺北市議員選舉,首次申報,1110811,個人捐贈收入,石基賢,G12*******,10000.00,0.00,現金,1110812,,,金錢,臺北市松山區****,0939*****,,,,,,,,
50,顏若芳,111年臺北市議員選舉,首次申報,1110812,個人捐贈收入,林奕任,R12*******,3000.00,0.00,現金,1110812,,,金錢,臺北市信義區****,0922*****,,,,,,,,
51,顏若芳,111年臺北市議員選舉,首次申報,1110815,個人捐贈收入,許鈞甯,A22*******,30000.00,0.00,現金,1110819,,,金錢,臺北市北投區****,,,,,,,,,
52,顏若芳,111年臺北市議員選舉,首次申報,1110815,個人捐贈收入,簡淑琴,Q22*******,10000.00,0.00,現金,1110819,,,金錢,臺北市中山區****,0935*****,,,,,,,,
53,顏若芳,111年臺北市議員選舉,首次申報,1110818,個人捐贈收入,薛欽峰,J12*******,20000.00,0.00,匯款,1110824,,,金錢,臺北市中山區****,2253*****,,,,,,,,
54,顏若芳,111年臺北市議員選舉,首次申報,1110821,個人捐贈收入,林秀英,H20*******,2000.00,0.00,現金,1110823,,,金錢,臺北市中山區****,0922*****,,,,,,,,
55,顏若芳,111年臺北市議員選舉,首次申報,1110822,匿名捐贈,黃先生,,5000.00,0.00,現金,1110823,,,金錢,,,,,,,,,,
56,顏若芳,111年臺北市議員選舉,首次申報,1110822,匿名捐贈,黃小姐,,5000.00,0.00,現金,1110823,,,金錢,,,,,,,,,,
57,顏若芳,111年臺北市議員選舉,首次申報,1110822,個人捐贈收入,謝宏遠,,10000.00,0.00,現金,1110831,,,金錢,臺北市大同區****,0927*****,,,,,,,,
58,顏若芳,111年臺北市議員選舉,首次申報,1110822,個人捐贈收入,張德斌,A11*******,5000.00,0.00,現金,1110823,,,金錢,臺北市中山區****,0932*****,,,,,,,,
59,顏若芳,111年臺北市議員選舉,首次申報,1110825,個人捐贈收入,黃明福,,5000.00,0.00,匯款,1110831,,,金錢,桃園市大園區****,0933*****,,,,,,,,
60,顏若芳,111年臺北市議員選舉,首次申報,1110829,個人捐贈收入,江政道,,16000.00,0.00,匯款,1110829,,,金錢,臺北市松山區****,0973*****,,,,,,,,
61,顏若芳,111年臺北市議員選舉,首次申報,1110830,人民團體捐贈收入,台灣美容外科醫學會,,50000.00,0.00,匯款,1110830,,,金錢,高雄市三民區****,0739*****,,,,,,,,
62,顏若芳,111年臺北市議員選舉,首次申報,1110830,個人捐贈收入,謝明真,A22*******,20000.00,0.00,現金,1110831,,,金錢,臺北市內湖區****,,,,,,,,,
63,顏若芳,111年臺北市議員選舉,首次申報,1110831,個人捐贈收入,吳柯純卿,A20*******,10000.00,0.00,現金,1110831,,,金錢,臺北市北投區****,0933*****,,,,,,,,
64,顏若芳,111年臺北市議員選舉,首次申報,1110831,個人捐贈收入,李婷娜,A27*******,100000.00,0.00,現金,1110831,,,金錢,臺北市中山區****,0986*****,,,,,,,,
65,顏若芳,111年臺北市議員選舉,首次申報,1110901,個人捐贈收入,葉文彬,A12*******,1200.00,0.00,匯款,1110907,,,金錢,臺北市大同區****,0936*****,,,,,,,,
66,顏若芳,111年臺北市議員選舉,首次申報,1110902,個人捐贈收入,鍾志強,R12*******,3000.00,0.00,匯款,1110908,,,金錢,臺北市文山區****,0936*****,,,,,,,,
67,顏若芳,111年臺北市議員選舉,首次申報,1110903,個人捐贈收入,李訓誠,A12*******,500.00,0.00,匯款,1110903,,,金錢,臺北市大同區****,0926*****,,,,,,,,
68,顏若芳,111年臺北市議員選舉,首次申報,1110903,個人捐贈收入,陳敬學,A12*******,1069.00,0.00,匯款,1110912,,,金錢,桃園市中壢區****,0939*****,,,,,,,,
69,顏若芳,111年臺北市議員選舉,首次申報,1110904,個人捐贈收入,王建邦,,3000.00,0.00,匯款,1110912,,,金錢,桃園市桃園區****,0933*****,,,,,,,,
70,顏若芳,111年臺北市議員選舉,首次申報,1110906,個人捐贈收入,江威德,F12*******,10000.00,0.00,現金,1110907,,,金錢,臺北市大同區****,,,,,,,,,
71,顏若芳,111年臺北市議員選舉,首次申報,1110910,個人捐贈收入,吳佳幸,N20*******,1000.00,0.00,匯款,1110915,,,金錢,臺北市中山區****,,,,,,,,,
72,顏若芳,111年臺北市議員選舉,首次申報,1110912,人民團體捐贈收入,台灣二十一世紀婦女協會,,10000.00,0.00,匯款,1110912,,,金錢,臺北市中正區****,0905*****,,,,,,,,
73,顏若芳,111年臺北市議員選舉,首次申報,1110912,個人捐贈收入,陳惠英,A22*******,100000.00,0.00,現金,1110916,,,金錢,臺北市中山區****,,,,,,,,,
74,顏若芳,111年臺北市議員選舉,首次申報,1110914,個人捐贈收入,鍾易成,E12*******,100000.00,0.00,現金,1110916,,,金錢,臺北市內湖區****,,,,,,,,,
75,顏若芳,111年臺北市議員選舉,首次申報,1110914,個人捐贈收入,高固廉,Q12*******,50000.00,0.00,現金,1110916,,,金錢,嘉義市西區上****,,,,,,,,,
76,顏若芳,111年臺北市議員選舉,首次申報,1110915,營利事業捐贈收入,統一數位翻譯股份有限公司,12183834,20000.00,0.00,匯款,1110915,,,金錢,臺北市內湖區****,02-8*****,,,,,,,,
77,顏若芳,111年臺北市議員選舉,首次申報,1110915,個人捐贈收入,周啟通,A12*******,30000.00,0.00,現金,1110916,,,金錢,臺北市中山區****,,,,,,,,,
78,顏若芳,111年臺北市議員選舉,首次申報,1110915,個人捐贈收入,張家祥,F12*******,100000.00,0.00,現金,1110916,,,金錢,新北市林口區****,,,,,,,,,
79,顏若芳,111年臺北市議員選舉,首次申報,1110915,個人捐贈收入,張家鳳,F22*******,100000.00,0.00,現金,1110916,,,金錢,新北市林口區****,,,,,,,,,
80,顏若芳,111年臺北市議員選舉,首次申報,1110916,營利事業捐贈收入,家肯環保科技股份有限公司,53796576,100000.00,0.00,現金,1110921,,,金錢,臺中市西屯區****,,,,,,,,,
81,顏若芳,111年臺北市議員選舉,首次申報,1110916,個人捐贈收入,張義清,N10*******,3000.00,0.00,現金,1110916,,,金錢,臺北市中山區****,0915*****,,,,,,,,
82,顏若芳,111年臺北市議員選舉,首次申報,1110918,個人捐贈收入,葉明琦,G12*******,20000.00,0.00,匯款,1110923,,,金錢,臺北市大同區****,0933*****,,,,,,,,
83,顏若芳,111年臺北市議員選舉,首次申報,1110921,匿名捐贈,匿名,,3000.00,0.00,現金,1110921,,,金錢,,,,,,,,,,
84,顏若芳,111年臺北市議員選舉,首次申報,1110921,匿名捐贈,匿名,,10000.00,0.00,現金,1110921,,,金錢,,,,,,,,,,
85,顏若芳,111年臺北市議員選舉,首次申報,1110921,匿名捐贈,匿名,,10000.00,0.00,現金,1110921,,,金錢,,,,,,,,,,
86,顏若芳,111年臺北市議員選舉,首次申報,1110921,個人捐贈收入,李逢祥,A12*******,6000.00,0.00,匯款,1110921,,,金錢,臺北市大同區****,0936*****,,,,,,,,
87,顏若芳,111年臺北市議員選舉,首次申報,1110922,營利事業捐贈收入,凱成企業有限公司,22672966,50000.00,0.00,匯款,1110922,已返還,,金錢,新北市新店區****,,,,,,,,,
88,顏若芳,111年臺北市議員選舉,首次申報,1110926,營利事業捐贈收入,三豐建設股份有限公司,22817225,100000.00,0.00,票據,1110929,,,金錢,臺北市中山區****,,,,,,,,,
89,顏若芳,111年臺北市議員選舉,首次申報,1110927,個人捐贈收入,劉志文,C12*******,100000.00,0.00,現金,1110928,,,金錢,新北市五股區****,,,,,,,,,
90,顏若芳,111年臺北市議員選舉,首次申報,1110928,個人捐贈收入,顏勝彬,N12*******,500.00,0.00,匯款,1111004,,,金錢,彰化縣溪湖鎮****,9806*****,,,,,,,,
91,顏若芳,111年臺北市議員選舉,首次申報,1110928,個人捐贈收入,曹坤茂,Q10*******,100000.00,0.00,現金,1110929,,,金錢,嘉義縣中埔鄉****,0922*****,,,,,,,,
92,顏若芳,111年臺北市議員選舉,首次申報,1110928,個人捐贈收入,郭素焞,Y22*******,5000.00,0.00,現金,1110929,,,金錢,,0933*****,,,,,,,,
93,顏若芳,111年臺北市議員選舉,首次申報,1110929,個人捐贈收入,吳乃安,,1000.00,0.00,匯款,1111005,,,金錢,,9826*****,,,,,,,,
94,顏若芳,111年臺北市議員選舉,首次申報,1110929,營利事業捐贈收入,閤晟企業有限公司,28295912,50000.00,0.00,現金,1110930,,,金錢,高雄市仁武區****,0973*****,,,,,,,,
95,顏若芳,111年臺北市議員選舉,首次申報,1110929,營利事業捐贈收入,絕對創新網路有限公司,89155168,100000.00,0.00,現金,1110929,,,金錢,臺北市大同區****,0975*****,,,,,,,,
96,顏若芳,111年臺北市議員選舉,首次申報,1110929,個人捐贈收入,王舒立,C12*******,100000.00,0.00,匯款,1110929,,,金錢,臺北市中山區****,0937*****,,,,,,,,
97,顏若芳,111年臺北市議員選舉,首次申報,1110929,個人捐贈收入,莊嘉明,F12*******,100000.00,0.00,匯款,1110929,,,金錢,臺北市中山區****,0937*****,,,,,,,,
98,顏若芳,111年臺北市議員選舉,首次申報,1110929,個人捐贈收入,許芸慈,F22*******,100000.00,0.00,現金,1110929,,,金錢,新北市新莊區****,,,,,,,,,
99,顏若芳,111年臺北市議員選舉,首次申報,1110929,個人捐贈收入,許芸瑄,F22*******,100000.00,0.00,現金,1110929,,,金錢,新北市新莊區****,,,,,,,,,
100,顏若芳,111年臺北市議員選舉,首次申報,1110929,個人捐贈收入,鄭鈞元,P12*******,50000.00,0.00,現金,1110929,,,金錢,臺北市中山區****,0973*****,,,,,,,,
101,顏若芳,111年臺北市議員選舉,首次申報,1110930,個人捐贈收入,林新發,G10*******,50000.00,0.00,票據,1111014,,,金錢,新北市新店區****,,,,,,,,,
102,顏若芳,111年臺北市議員選舉,首次申報,1111004,個人捐贈收入,李明秀,A20*******,10000.00,0.00,匯款,1111004,,,金錢,新北市新店區****,0921*****,,,,,,,,
103,顏若芳,111年臺北市議員選舉,首次申報,1111004,個人捐贈收入,鄭智中,K12*******,3000.00,0.00,匯款,1111011,,,金錢,新竹縣竹北市****,9007*****,,,,,,,,
104,顏若芳,111年臺北市議員選舉,首次申報,1111005,人民團體捐贈收入,社團法人台北市牙醫師公會,,20000.00,0.00,匯款,1111005,,,金錢,臺北市中正區****,02-2*****,,,,,,,,
105,顏若芳,111年臺北市議員選舉,首次申報,1111005,個人捐贈收入,顏郁㨗,F12*******,100000.00,0.00,現金,1111005,,,金錢,臺北市大安區****,,,,,,,,,
106,顏若芳,111年臺北市議員選舉,首次申報,1111005,個人捐贈收入,葉揚,F22*******,100000.00,0.00,現金,1111005,,,金錢,臺北市大安區****,,,,,,,,,
107,顏若芳,111年臺北市議員選舉,首次申報,1111005,個人捐贈收入,林淑美,R22*******,50000.00,0.00,現金,1111005,,,金錢,臺北市大安區****,0937*****,,,,,,,,
108,顏若芳,111年臺北市議員選舉,首次申報,1111006,個人捐贈收入,林文必,G10*******,5000.00,0.00,現金,1111013,,,金錢,臺北市中山區****,,,,,,,,,
109,顏若芳,111年臺北市議員選舉,首次申報,1111007,營利事業捐贈收入,大鋒水電工程股份有限公司,96998474,450000.00,0.00,匯款,1111007,,,金錢,臺北市大安區****,,,,,,,,,
110,顏若芳,111年臺北市議員選舉,首次申報,1111010,個人捐贈收入,黃信翰,A12*******,10000.00,0.00,匯款,1111017,,,金錢,臺北市中山區****,9330*****,,,,,,,,
111,顏若芳,111年臺北市議員選舉,首次申報,1111012,個人捐贈收入,龔韋臣,A12*******,10000.00,0.00,匯款,1111012,,,金錢,臺北市中山區****,,,,,,,,,
112,顏若芳,111年臺北市議員選舉,首次申報,1111013,匿名捐贈,周正宏,,3000.00,0.00,匯款,1111013,,,金錢,,,,,,,,,,
113,顏若芳,111年臺北市議員選舉,首次申報,1111013,匿名捐贈,匿名,,10000.00,0.00,現金,1111013,,,金錢,,,,,,,,,,
114,顏若芳,111年臺北市議員選舉,首次申報,1111013,營利事業捐贈收入,無限映像製作有限公司,12661954,50000.00,0.00,匯款,1111013,,,金錢,新北市汐止區****,,,,,,,,,
115,顏若芳,111年臺北市議員選舉,首次申報,1111013,個人捐贈收入,吳昭雄,R10*******,100000.00,0.00,現金,1111013,,,金錢,臺北市大安區****,0958*****,,,,,,,,
116,顏若芳,111年臺北市議員選舉,首次申報,1111014,個人捐贈收入,張玉旋,,3000.00,0.00,匯款,1111020,,,金錢,,9180*****,,,,,,,,
117,顏若芳,111年臺北市議員選舉,首次申報,1111014,個人捐贈收入,張紀維,,3000.00,0.00,匯款,1111020,,,金錢,,0915*****,,,,,,,,
118,顏若芳,111年臺北市議員選舉,首次申報,1111014,個人捐贈收入,趙恩廣,A12*******,50000.00,0.00,匯款,1111014,,,金錢,臺北市大安區****,02-2*****,,,,,,,,
119,顏若芳,111年臺北市議員選舉,首次申報,1111015,個人捐贈收入,林源清,,2000.00,0.00,現金,1111024,,,金錢,,0920*****,,,,,,,,
120,顏若芳,111年臺北市議員選舉,首次申報,1111015,個人捐贈收入,鄭秀津,,2600.00,0.00,現金,1111024,,,金錢,,0987*****,,,,,,,,
121,顏若芳,111年臺北市議員選舉,首次申報,1111015,個人捐贈收入,呂汝男,,6000.00,0.00,現金,1111024,,,金錢,臺北市中山區****,,,,,,,,,
122,顏若芳,111年臺北市議員選舉,首次申報,1111015,個人捐贈收入,杜一郎,,1000.00,0.00,現金,1111024,,,金錢,,0931*****,,,,,,,,
123,顏若芳,111年臺北市議員選舉,首次申報,1111015,個人捐贈收入,朱裕明,,3000.00,0.00,現金,1111024,,,金錢,臺北市中山區****,0937*****,,,,,,,,
124,顏若芳,111年臺北市議員選舉,首次申報,1111015,個人捐贈收入,洪秀錡,,3000.00,0.00,現金,1111024,,,金錢,臺北市中山區****,0905*****,,,,,,,,
125,顏若芳,111年臺北市議員選舉,首次申報,1111015,個人捐贈收入,胡黃仿,,3000.00,0.00,現金,1111024,,,金錢,,0921*****,,,,,,,,
126,顏若芳,111年臺北市議員選舉,首次申報,1111015,匿名捐贈,顏嘉瑩,,5000.00,0.00,現金,1111024,,,金錢,,,,,,,,,,
127,顏若芳,111年臺北市議員選舉,首次申報,1111015,個人捐贈收入,李明山,,1000.00,0.00,現金,1111024,,,金錢,,0925*****,,,,,,,,
128,顏若芳,111年臺北市議員選舉,首次申報,1111015,個人捐贈收入,黃姊,,2000.00,0.00,現金,1111024,,,金錢,,0965*****,,,,,,,,
129,顏若芳,111年臺北市議員選舉,首次申報,1111015,個人捐贈收入,楊麗貞,,3000.00,0.00,現金,1111024,,,金錢,,0933*****,,,,,,,,
130,顏若芳,111年臺北市議員選舉,首次申報,1111015,匿名捐贈,陳頤賢,,6000.00,0.00,現金,1111024,,,金錢,,,,,,,,,,
131,顏若芳,111年臺北市議員選舉,首次申報,1111015,個人捐贈收入,劉修廷,,1000.00,0.00,現金,1111024,,,金錢,臺北市大同區****,,,,,,,,,
132,顏若芳,111年臺北市議員選舉,首次申報,1111015,個人捐贈收入,陳婧娟,,1000.00,0.00,現金,1111024,,,金錢,臺北市中山區****,0911*****,,,,,,,,
133,顏若芳,111年臺北市議員選舉,首次申報,1111015,個人捐贈收入,邱永祥,,5000.00,0.00,現金,1111024,,,金錢,臺北市中山區****,0958*****,,,,,,,,
134,顏若芳,111年臺北市議員選舉,首次申報,1111015,個人捐贈收入,許金鳳,,500.00,0.00,現金,1111024,,,金錢,,0933*****,,,,,,,,
135,顏若芳,111年臺北市議員選舉,首次申報,1111015,個人捐贈收入,孫一屏,,3000.00,0.00,現金,1111024,,,金錢,,0933*****,,,,,,,,
136,顏若芳,111年臺北市議員選舉,首次申報,1111015,人民團體捐贈收入,中華民國山岳協會,,10000.00,0.00,現金,1111024,,,金錢,臺北市中山區****,0225*****,,,,,,,,
137,顏若芳,111年臺北市議員選舉,首次申報,1111015,個人捐贈收入,詹秀鳳,,3000.00,0.00,現金,1111024,,,金錢,新北市板橋區****,0956*****,,,,,,,,
138,顏若芳,111年臺北市議員選舉,首次申報,1111015,個人捐贈收入,許昭雯,,3000.00,0.00,現金,1111024,,,金錢,,0920*****,,,,,,,,
139,顏若芳,111年臺北市議員選舉,首次申報,1111015,個人捐贈收入,歐家柔,,3000.00,0.00,現金,1111024,,,金錢,臺北市大同區****,0225*****,,,,,,,,
140,顏若芳,111年臺北市議員選舉,首次申報,1111015,個人捐贈收入,歐家瑞,,3000.00,0.00,現金,1111024,,,金錢,臺北市大同區****,0225*****,,,,,,,,
141,顏若芳,111年臺北市議員選舉,首次申報,1111015,個人捐贈收入,歐美慧,,3000.00,0.00,現金,1111024,,,金錢,臺北市大同區****,0225*****,,,,,,,,
142,顏若芳,111年臺北市議員選舉,首次申報,1111015,個人捐贈收入,黃瑞沂,,5000.00,0.00,現金,1111024,,,金錢,,0933*****,,,,,,,,
143,顏若芳,111年臺北市議員選舉,首次申報,1111015,個人捐贈收入,藍嘉裕,,3000.00,0.00,現金,1111024,,,金錢,臺北市中山區****,0922*****,,,,,,,,
144,顏若芳,111年臺北市議員選舉,首次申報,1111015,個人捐贈收入,林棟汶,,3000.00,0.00,現金,1111024,,,金錢,臺北市士林區****,0975*****,,,,,,,,
145,顏若芳,111年臺北市議員選舉,首次申報,1111015,個人捐贈收入,施鴻鴻,,3000.00,0.00,現金,1111024,,,金錢,臺北市內湖區****,0975*****,,,,,,,,
146,顏若芳,111年臺北市議員選舉,首次申報,1111015,個人捐贈收入,吳世雄,,3000.00,0.00,現金,1111024,,,金錢,,0928*****,,,,,,,,
147,顏若芳,111年臺北市議員選舉,首次申報,1111015,個人捐贈收入,陳邱樂世,,3000.00,0.00,現金,1111024,,,金錢,,0933*****,,,,,,,,
148,顏若芳,111年臺北市議員選舉,首次申報,1111015,營利事業捐贈收入,總華事務機有限公司,12381877,1000.00,0.00,現金,1111024,,,金錢,臺北市中山區****,0928*****,,,,,,,,
149,顏若芳,111年臺北市議員選舉,首次申報,1111015,營利事業捐贈收入,卉竺戲劇有限公司,66516653,3000.00,0.00,現金,1111024,,,金錢,臺北市大同區****,,,,,,,,,
150,顏若芳,111年臺北市議員選舉,首次申報,1111015,個人捐贈收入,黃天明,A10*******,2000.00,0.00,現金,1111024,,,金錢,臺北市大同區****,0935*****,,,,,,,,
151,顏若芳,111年臺北市議員選舉,首次申報,1111015,個人捐贈收入,林銘清,A10*******,3000.00,0.00,現金,1111024,,,金錢,臺北市中山區****,0933*****,,,,,,,,
152,顏若芳,111年臺北市議員選舉,首次申報,1111015,個人捐贈收入,陳燦鴻,A11*******,10000.00,0.00,現金,1111024,,,金錢,臺北市內湖區****,,,,,,,,,
153,顏若芳,111年臺北市議員選舉,首次申報,1111015,個人捐贈收入,羅友杰,A12*******,50000.00,0.00,現金,1111024,,,金錢,臺北市大安區****,0227*****,,,,,,,,
154,顏若芳,111年臺北市議員選舉,首次申報,1111015,個人捐贈收入,柯順耀,A12*******,10000.00,0.00,現金,1111024,,,金錢,臺北市大同區****,0937*****,,,,,,,,
155,顏若芳,111年臺北市議員選舉,首次申報,1111015,個人捐贈收入,黃種德,A12*******,3000.00,0.00,現金,1111024,,,金錢,臺北市中山區****,0933*****,,,,,,,,
156,顏若芳,111年臺北市議員選舉,首次申報,1111015,個人捐贈收入,郭慶炫,A12*******,100000.00,0.00,現金,1111024,,,金錢,臺北市萬華區****,0977*****,,,,,,,,
157,顏若芳,111年臺北市議員選舉,首次申報,1111015,個人捐贈收入,周啟通,A12*******,30000.00,0.00,現金,1111024,,,金錢,臺北市中山區****,0933*****,,,,,,,,
158,顏若芳,111年臺北市議員選舉,首次申報,1111015,個人捐贈收入,劉月琴,A20*******,1000.00,0.00,現金,1111024,,,金錢,臺北市大同區****,0225*****,,,,,,,,
159,顏若芳,111年臺北市議員選舉,首次申報,1111015,個人捐贈收入,徐劉美惠,A20*******,3000.00,0.00,現金,1111024,,,金錢,臺北市大同區****,0933*****,,,,,,,,
160,顏若芳,111年臺北市議員選舉,首次申報,1111015,個人捐贈收入,盧美麗,A22*******,3000.00,0.00,現金,1111024,,,金錢,臺北市中山區****,0926*****,,,,,,,,
161,顏若芳,111年臺北市議員選舉,首次申報,1111015,個人捐贈收入,葉雅玲,A22*******,20000.00,0.00,現金,1111024,,,金錢,臺北市大同區****,0978*****,,,,,,,,
162,顏若芳,111年臺北市議員選舉,首次申報,1111015,個人捐贈收入,林春喜,C10*******,3000.00,0.00,現金,1111024,,,金錢,基隆市中正區****,0928*****,,,,,,,,
163,顏若芳,111年臺北市議員選舉,首次申報,1111015,個人捐贈收入,陳素英,D22*******,10000.00,0.00,現金,1111024,,,金錢,桃園市桃園區****,0982*****,,,,,,,,
164,顏若芳,111年臺北市議員選舉,首次申報,1111015,個人捐贈收入,顏淑卿,E20*******,3000.00,0.00,現金,1111024,,,金錢,臺北市大同區****,0910*****,,,,,,,,
165,顏若芳,111年臺北市議員選舉,首次申報,1111015,個人捐贈收入,趙榮燦,F10*******,10000.00,0.00,現金,1111024,,,金錢,臺北市中山區****,0912*****,,,,,,,,
166,顏若芳,111年臺北市議員選舉,首次申報,1111015,個人捐贈收入,林偉軒,F12*******,1450.00,0.00,現金,1111024,,,金錢,新北市淡水區****,0910*****,,,,,,,,
167,顏若芳,111年臺北市議員選舉,首次申報,1111015,個人捐贈收入,陳永壽,F12*******,3000.00,0.00,現金,1111024,,,金錢,新北市新莊區****,0935*****,,,,,,,,
168,顏若芳,111年臺北市議員選舉,首次申報,1111015,個人捐贈收入,賴姿吟,F22*******,3000.00,0.00,現金,1111024,,,金錢,臺北市中山區****,0920*****,,,,,,,,
169,顏若芳,111年臺北市議員選舉,首次申報,1111015,個人捐贈收入,許瓊文,F22*******,10000.00,0.00,現金,1111024,,,金錢,臺北市大同區****,0932*****,,,,,,,,
170,顏若芳,111年臺北市議員選舉,首次申報,1111015,個人捐贈收入,楊文仁,G12*******,100000.00,0.00,現金,1111024,,,金錢,臺北市大同區****,0935*****,,,,,,,,
171,顏若芳,111年臺北市議員選舉,首次申報,1111015,個人捐贈收入,林清漢,G12*******,3000.00,0.00,現金,1111024,,,金錢,臺北市中山區****,0933*****,,,,,,,,
172,顏若芳,111年臺北市議員選舉,首次申報,1111015,個人捐贈收入,楊文治,G12*******,100000.00,0.00,現金,1111024,,,金錢,臺北市中山區****,0965*****,,,,,,,,
173,顏若芳,111年臺北市議員選舉,首次申報,1111015,個人捐贈收入,莊健煌,H12*******,10000.00,0.00,現金,1111024,,,金錢,臺北市中山區****,0978*****,,,,,,,,
174,顏若芳,111年臺北市議員選舉,首次申報,1111015,個人捐贈收入,葉復媛,H20*******,3000.00,0.00,現金,1111024,,,金錢,臺北市中山區****,0986*****,,,,,,,,
175,顏若芳,111年臺北市議員選舉,首次申報,1111015,個人捐贈收入,韓自強,J12*******,3000.00,0.00,現金,1111024,,,金錢,臺北市中山區****,0911*****,,,,,,,,
176,顏若芳,111年臺北市議員選舉,首次申報,1111015,個人捐贈收入,羅素玲,M22*******,3000.00,0.00,現金,1111024,,,金錢,臺北市中山區****,0910*****,,,,,,,,
177,顏若芳,111年臺北市議員選舉,首次申報,1111015,個人捐贈收入,李同鉗,N10*******,3000.00,0.00,現金,1111024,,,金錢,臺北市中山區****,0910*****,,,,,,,,
178,顏若芳,111年臺北市議員選舉,首次申報,1111015,個人捐贈收入,黃達信,N12*******,10000.00,0.00,現金,1111024,,,金錢,臺北市大同區****,0932*****,,,,,,,,
179,顏若芳,111年臺北市議員選舉,首次申報,1111015,個人捐贈收入,賴秀丹,N22*******,10000.00,0.00,現金,1111024,,,金錢,臺北市中山區****,0919*****,,,,,,,,
180,顏若芳,111年臺北市議員選舉,首次申報,1111015,個人捐贈收入,楊文芎,P10*******,5000.00,0.00,現金,1111024,,,金錢,臺北市中山區****,0936*****,,,,,,,,
181,顏若芳,111年臺北市議員選舉,首次申報,1111015,個人捐贈收入,許喜,P12*******,3000.00,0.00,現金,1111024,,,金錢,臺北市中山區****,0932*****,,,,,,,,
182,顏若芳,111年臺北市議員選舉,首次申報,1111015,個人捐贈收入,吳金桃,P20*******,1000.00,0.00,現金,1111024,,,金錢,,0988*****,,,,,,,,
183,顏若芳,111年臺北市議員選舉,首次申報,1111015,個人捐贈收入,謝明良,Q10*******,20000.00,0.00,現金,1111024,,,金錢,臺北市中山區****,,,,,,,,,
184,顏若芳,111年臺北市議員選舉,首次申報,1111015,個人捐贈收入,邱寬,Q10*******,6000.00,0.00,現金,1111024,,,金錢,臺北市中山區****,0932*****,,,,,,,,
185,顏若芳,111年臺北市議員選舉,首次申報,1111015,個人捐贈收入,蕭繁雄,Q10*******,20000.00,0.00,現金,1111024,,,金錢,臺北市中山區****,,,,,,,,,
186,顏若芳,111年臺北市議員選舉,首次申報,1111015,個人捐贈收入,陳淑峰,Q20*******,10000.00,0.00,現金,1111024,,,金錢,臺北市中山區****,0983*****,,,,,,,,
187,顏若芳,111年臺北市議員選舉,首次申報,1111015,個人捐贈收入,黃景成,R10*******,50000.00,0.00,現金,1111024,,,金錢,臺北市大同區****,0933*****,,,,,,,,
188,顏若芳,111年臺北市議員選舉,首次申報,1111015,個人捐贈收入,林明智,R10*******,10000.00,0.00,現金,1111024,,,金錢,臺北市大同區****,0916*****,,,,,,,,
189,顏若芳,111年臺北市議員選舉,首次申報,1111015,個人捐贈收入,林立朗,R12*******,10000.00,0.00,現金,1111024,,,金錢,臺北市大同區****,0937*****,,,,,,,,
190,顏若芳,111年臺北市議員選舉,首次申報,1111015,個人捐贈收入,楊桂蓮,U20*******,6000.00,0.00,現金,1111024,,,金錢,臺北市中山區****,,,,,,,,,
191,顏若芳,111年臺北市議員選舉,首次申報,1111016,個人捐贈收入,黃偉荃,O10*******,500.00,0.00,匯款,1111024,,,金錢,新竹市北區延****,0963*****,,,,,,,,
192,顏若芳,111年臺北市議員選舉,首次申報,1111017,個人捐贈收入,翁健偉,A12*******,1000.00,0.00,匯款,1111024,,,金錢,臺北市大同區****,0930*****,,,,,,,,
193,顏若芳,111年臺北市議員選舉,首次申報,1111017,個人捐贈收入,簡于倫,F12*******,25000.00,0.00,,,,,非金錢,新北市新莊區****,,,,,,,,,
194,顏若芳,111年臺北市議員選舉,首次申報,1111018,個人捐贈收入,戴東杰,L12*******,100000.00,0.00,匯款,1111024,,,金錢,臺北市松山區****,0937*****,,,,,,,,
195,顏若芳,111年臺北市議員選舉,首次申報,1111020,匿名捐贈,張文慶,,5000.00,0.00,現金,1111024,,,金錢,,,,,,,,,,
196,顏若芳,111年臺北市議員選舉,首次申報,1111020,個人捐贈收入,黃湘玲,,3000.00,0.00,現金,1111024,,,金錢,,0926*****,,,,,,,,
197,顏若芳,111年臺北市議員選舉,首次申報,1111020,匿名捐贈,匿名1,,1000.00,0.00,現金,1111024,,,金錢,,,,,,,,,,
198,顏若芳,111年臺北市議員選舉,首次申報,1111020,匿名捐贈,匿名2,,1000.00,0.00,現金,1111024,,,金錢,,,,,,,,,,
199,顏若芳,111年臺北市議員選舉,首次申報,1111020,匿名捐贈,匿名3,,500.00,0.00,現金,1111024,,,金錢,,,,,,,,,,
200,顏若芳,111年臺北市議員選舉,首次申報,1111020,匿名捐贈,匿名4,,5000.00,0.00,現金,1111024,,,金錢,,,,,,,,,,
201,顏若芳,111年臺北市議員選舉,首次申報,1111020,匿名捐贈,匿名5,,3000.00,0.00,現金,1111024,,,金錢,,,,,,,,,,
202,顏若芳,111年臺北市議員選舉,首次申報,1111020,營利事業捐贈收入,互贊股份有限公司,83221227,100000.00,0.00,現金,1111024,,,金錢,臺北市大同區****,0225*****,,,,,,,,
203,顏若芳,111年臺北市議員選舉,首次申報,1111020,個人捐贈收入,陳建章,C10*******,500.00,0.00,現金,1111024,,,金錢,臺北市中山區****,0225*****,,,,,,,,
204,顏若芳,111年臺北市議員選舉,首次申報,1111021,個人捐贈收入,馮雅琬,Q20*******,10000.00,0.00,匯款,1111027,,,金錢,臺北市大同區****,0922*****,,,,,,,,
205,顏若芳,111年臺北市議員選舉,首次申報,1111022,個人捐贈收入,葉文彬,,1000.00,0.00,匯款,1111028,,,金錢,臺北市大同區****,0936*****,,,,,,,,
206,顏若芳,111年臺北市議員選舉,首次申報,1111022,個人捐贈收入,陳順柏,,20000.00,0.00,匯款,1111031,,,金錢,新北市淡水區****,0936*****,,,,,,,,
207,顏若芳,111年臺北市議員選舉,首次申報,1111023,營利事業捐贈收入,全發建材有限公司,04416162,3000.00,0.00,匯款,1111104,,,金錢,臺北市中山區****,0932*****,,,,,,,,
208,顏若芳,111年臺北市議員選舉,首次申報,1111024,個人捐贈收入,林宗威,A12*******,5000.00,0.00,匯款,1111031,,,金錢,臺北市大同區****,0926*****,,,,,,,,
209,顏若芳,111年臺北市議員選舉,首次申報,1111025,人民團體捐贈收入,台北市旅舘商業同業公會,,101010.00,0.00,匯款,1111025,,,金錢,臺北市萬華區****,02-2*****,,,,,,,,
210,顏若芳,111年臺北市議員選舉,首次申報,1111025,個人捐贈收入,黃文德,S12*******,30000.00,0.00,匯款,1111025,,,金錢,臺北市信義區****,,,,,,,,,
211,顏若芳,111年臺北市議員選舉,首次申報,1111026,個人捐贈收入,林逸恆,F12*******,3000.00,0.00,匯款,1111101,,,金錢,新北市三重區****,0919*****,,,,,,,,
212,顏若芳,111年臺北市議員選舉,首次申報,1111102,匿名捐贈,匿名,,10000.00,0.00,匯款,1111102,,,金錢,,,,,,,,,,
213,顏若芳,111年臺北市議員選舉,首次申報,1111102,個人捐贈收入,徐信洲,L12*******,3000.00,0.00,現金,1111114,,,金錢,臺北市中山區****,0933*****,,,,,,,,
214,顏若芳,111年臺北市議員選舉,首次申報,1111103,個人捐贈收入,蔡珠幸,,1000.00,0.00,現金,1111114,,,金錢,臺北市中山區****,0910*****,,,,,,,,
215,顏若芳,111年臺北市議員選舉,首次申報,1111103,個人捐贈收入,陳先生,,2000.00,0.00,現金,1111114,,,金錢,,0952*****,,,,,,,,
216,顏若芳,111年臺北市議員選舉,首次申報,1111103,個人捐贈收入,游智堯,,3000.00,0.00,現金,1111114,,,金錢,臺北市大同區****,0987*****,,,,,,,,
217,顏若芳,111年臺北市議員選舉,首次申報,1111103,匿名捐贈,匿名,,3750.00,0.00,現金,1111114,,,金錢,,,,,,,,,,
218,顏若芳,111年臺北市議員選舉,首次申報,1111103,個人捐贈收入,李維哲,A10*******,30000.00,0.00,現金,1111114,,,金錢,臺北市中山區****,0937*****,,,,,,,,
219,顏若芳,111年臺北市議員選舉,首次申報,1111103,個人捐贈收入,王昇,A12*******,3000.00,0.00,現金,1111114,,,金錢,臺北市中山區****,0932*****,,,,,,,,
220,顏若芳,111年臺北市議員選舉,首次申報,1111103,個人捐贈收入,徐正宗,A12*******,6000.00,0.00,現金,1111114,,,金錢,臺北市大同區****,0225*****,,,,,,,,
221,顏若芳,111年臺北市議員選舉,首次申報,1111103,個人捐贈收入,周玫莉,A22*******,1000.00,0.00,現金,1111114,,,金錢,臺北市大同區****,0930*****,,,,,,,,
222,顏若芳,111年臺北市議員選舉,首次申報,1111103,個人捐贈收入,江少蓮,C22*******,1000.00,0.00,現金,1111114,,,金錢,臺北市大同區****,0225*****,,,,,,,,
223,顏若芳,111年臺北市議員選舉,首次申報,1111103,個人捐贈收入,陳建璋,F10*******,5000.00,0.00,現金,1111114,,,金錢,臺北市大同區****,0932*****,,,,,,,,
224,顏若芳,111年臺北市議員選舉,首次申報,1111103,個人捐贈收入,陳進森,N10*******,6000.00,0.00,現金,1111114,,,金錢,桃園市蘆竹區****,,,,,,,,,
225,顏若芳,111年臺北市議員選舉,首次申報,1111103,個人捐贈收入,劉岳鑫,U12*******,5000.00,0.00,匯款,1111109,,,金錢,新北市永和區****,0987*****,,,,,,,,
226,顏若芳,111年臺北市議員選舉,首次申報,1111104,個人捐贈收入,林進通,X12*******,50000.00,0.00,匯款,1111104,,,金錢,臺北市中山區****,0933*****,,,,,,,,
227,顏若芳,111年臺北市議員選舉,首次申報,1111105,個人捐贈收入,羅盛金,J12*******,3000.00,0.00,現金,1111114,,,金錢,臺北市文山區****,,,,,,,,,
228,顏若芳,111年臺北市議員選舉,首次申報,1111108,個人捐贈收入,張博鈞,A12*******,3000.00,0.00,現金,1111114,,,金錢,臺北市中山區****,0932*****,,,,,,,,
229,顏若芳,111年臺北市議員選舉,首次申報,1111108,個人捐贈收入,廖燕惠,P22*******,10000.00,0.00,現金,1111114,,,金錢,臺北市中山區****,0932*****,,,,,,,,
230,顏若芳,111年臺北市議員選舉,首次申報,1111109,匿名捐贈,陳秀花,,10000.00,0.00,現金,1111114,,,金錢,,,,,,,,,,
231,顏若芳,111年臺北市議員選舉,首次申報,1111109,個人捐贈收入,陳世宗,N10*******,6000.00,0.00,現金,1111114,,,金錢,臺北市中山區****,,,,,,,,,
232,顏若芳,111年臺北市議員選舉,首次申報,1111109,個人捐贈收入,余宏鎰,Q12*******,10000.00,0.00,現金,1111114,,,金錢,,0987*****,,,,,,,,
233,顏若芳,111年臺北市議員選舉,首次申報,1111111,個人捐贈收入,陳張麗,,5000.00,0.00,現金,1111114,,,金錢,臺北市中山區****,0978*****,,,,,,,,
234,顏若芳,111年臺北市議員選舉,首次申報,1111111,個人捐贈收入,郭懿德,,3000.00,0.00,現金,1111114,,,金錢,臺北市中山區****,0933*****,,,,,,,,
235,顏若芳,111年臺北市議員選舉,首次申報,1111111,個人捐贈收入,許美文,A20*******,2000.00,0.00,現金,1111114,,,金錢,臺北市中山區****,0932*****,,,,,,,,
236,顏若芳,111年臺北市議員選舉,首次申報,1111111,個人捐贈收入,黃乃佐,D20*******,3000.00,0.00,現金,1111114,,,金錢,臺北市中山區****,0912*****,,,,,,,,
237,顏若芳,111年臺北市議員選舉,首次申報,1111111,個人捐贈收入,黃啟訓,F12*******,100000.00,0.00,現金,1111114,,,金錢,臺北市內湖區****,,,,,,,,,
238,顏若芳,111年臺北市議員選舉,首次申報,1111111,個人捐贈收入,黃警長,R10*******,20000.00,0.00,現金,1111114,,,金錢,臺北市中山區****,0936*****,,,,,,,,
239,顏若芳,111年臺北市議員選舉,首次申報,1111111,個人捐贈收入,涂宗良,T10*******,20000.00,0.00,匯款,1111111,,,金錢,臺北市大安區****,,,,,,,,,
240,顏若芳,111年臺北市議員選舉,首次申報,1111114,匿名捐贈,匿名,,10000.00,0.00,現金,1111114,,,金錢,,,,,,,,,,
241,顏若芳,111年臺北市議員選舉,首次申報,1111114,匿名捐贈,匿名,,10000.00,0.00,現金,1111114,,,金錢,,,,,,,,,,
242,顏若芳,111年臺北市議員選舉,首次申報,1111114,個人捐贈收入,李文欽,A10*******,36000.00,0.00,現金,1111114,,,金錢,臺北市中山區****,0920*****,,,,,,,,
243,顏若芳,111年臺北市議員選舉,首次申報,1111114,個人捐贈收入,陳宜群,G12*******,100000.00,0.00,現金,1111114,,,金錢,臺中市西屯區****,,,,,,,,,
244,顏若芳,111年臺北市議員選舉,首次申報,1111114,個人捐贈收入,莊惠閔,L22*******,100000.00,0.00,現金,1111114,,,金錢,臺中市西屯區****,,,,,,,,,
245,顏若芳,111年臺北市議員選舉,首次申報,1111115,匿名捐贈,匿名,,300.00,0.00,匯款,1111115,,,金錢,,,,,,,,,,
246,顏若芳,111年臺北市議員選舉,首次申報,1111115,個人捐贈收入,吳建瑩,E12*******,10000.00,0.00,匯款,1111115,,,金錢,新北市中和區****,,,,,,,,,
247,顏若芳,111年臺北市議員選舉,首次申報,1111117,匿名捐贈,匿名,,1000.00,0.00,匯款,1111117,,,金錢,,,,,,,,,,
248,顏若芳,111年臺北市議員選舉,首次申報,1111117,營利事業捐贈收入,順盛工程有限公司,12137017,100000.00,0.00,票據,1111124,,,金錢,臺北市中山區****,02-2*****,,,,,,,,
249,顏若芳,111年臺北市議員選舉,首次申報,1111121,匿名捐贈,匿名,,10000.00,0.00,匯款,1111121,,,金錢,,,,,,,,,,
250,顏若芳,111年臺北市議員選舉,首次申報,1111121,營利事業捐贈收入,華王洗衣名店,14016989,5000.00,0.00,匯款,1111121,,,金錢,臺北市中山區****,02-2*****,,,,,,,,
251,顏若芳,111年臺北市議員選舉,首次申報,1111122,個人捐贈收入,吳昭飛,,10000.00,0.00,現金,1111125,,,金錢,臺北市大同區****,2596*****,,,,,,,,
252,顏若芳,111年臺北市議員選舉,首次申報,1111123,匿名捐贈,康玉燕,,6000.00,0.00,現金,1111125,,,金錢,,,,,,,,,,
253,顏若芳,111年臺北市議員選舉,首次申報,1111123,匿名捐贈,施勝德,,5000.00,0.00,現金,1111125,,,金錢,,,,,,,,,,
254,顏若芳,111年臺北市議員選舉,首次申報,1111123,匿名捐贈,王榮富,,10000.00,0.00,現金,1111125,,,金錢,,,,,,,,,,
255,顏若芳,111年臺北市議員選舉,首次申報,1111123,匿名捐贈,匿名,,3200.00,0.00,現金,1111125,,,金錢,,,,,,,,,,
256,顏若芳,111年臺北市議員選舉,首次申報,1111123,個人捐贈收入,許春源,,1000.00,0.00,現金,1111125,,,金錢,臺北市士林區****,0928*****,,,,,,,,
257,顏若芳,111年臺北市議員選舉,首次申報,1111123,個人捐贈收入,邱垂振,,10000.00,0.00,現金,1111125,,,金錢,臺北市大同區****,0910*****,,,,,,,,
258,顏若芳,111年臺北市議員選舉,首次申報,1111123,營利事業捐贈收入,潤昌實業股份有限公司,24470038,50000.00,0.00,現金,1111125,,,金錢,臺北市中山區****,02-2*****,,,,,,,,
259,顏若芳,111年臺北市議員選舉,首次申報,1111123,個人捐贈收入,游明昌,A10*******,50000.00,0.00,現金,1111125,,,金錢,臺北市中山區****,0932*****,,,,,,,,
260,顏若芳,111年臺北市議員選舉,首次申報,1111123,個人捐贈收入,莊容裕,A10*******,20000.00,0.00,現金,1111125,,,金錢,臺北市大同區****,,,,,,,,,
261,顏若芳,111年臺北市議員選舉,首次申報,1111123,個人捐贈收入,黃文堅,A10*******,20000.00,0.00,現金,1111125,,,金錢,臺北市中山區****,0921*****,,,,,,,,
262,顏若芳,111年臺北市議員選舉,首次申報,1111123,個人捐贈收入,張明輝,A10*******,12000.00,0.00,現金,1111125,,,金錢,臺北市大同區****,,,,,,,,,
263,顏若芳,111年臺北市議員選舉,首次申報,1111123,個人捐贈收入,陳高照,A12*******,10000.00,0.00,現金,1111125,,,金錢,臺北市大同區****,,,,,,,,,
264,顏若芳,111年臺北市議員選舉,首次申報,1111123,個人捐贈收入,張允瑞,A12*******,20000.00,0.00,現金,1111125,,,金錢,臺北市中山區****,,,,,,,,,
265,顏若芳,111年臺北市議員選舉,首次申報,1111123,個人捐贈收入,陳文泓,A12*******,20000.00,0.00,現金,1111125,,,金錢,臺北市士林區****,,,,,,,,,
266,顏若芳,111年臺北市議員選舉,首次申報,1111123,個人捐贈收入,歐家瑞,A12*******,70000.00,0.00,現金,1111125,,,金錢,臺北市大同區****,,,,,,,,,
267,顏若芳,111年臺北市議員選舉,首次申報,1111123,個人捐贈收入,許必穎,A12*******,100000.00,0.00,現金,1111125,,,金錢,臺北市松山區****,,,,,,,,,
268,顏若芳,111年臺北市議員選舉,首次申報,1111123,個人捐贈收入,臧家鈞,A12*******,5000.00,0.00,現金,1111125,,,金錢,臺北市內湖區****,0955*****,,,,,,,,
269,顏若芳,111年臺北市議員選舉,首次申報,1111123,個人捐贈收入,陳麗美,A20*******,20000.00,0.00,現金,1111125,,,金錢,臺北市中山區****,0921*****,,,,,,,,
270,顏若芳,111年臺北市議員選舉,首次申報,1111123,個人捐贈收入,張雅婷,A22*******,20000.00,0.00,現金,1111125,,,金錢,臺北市萬華區****,0970*****,,,,,,,,
271,顏若芳,111年臺北市議員選舉,首次申報,1111123,個人捐贈收入,簡吳秀真,A22*******,20000.00,0.00,現金,1111125,,,金錢,臺北市大同區****,,,,,,,,,
272,顏若芳,111年臺北市議員選舉,首次申報,1111123,個人捐贈收入,徐柏鋒,F12*******,2000.00,0.00,現金,1111125,,,金錢,臺北市中山區****,0910*****,,,,,,,,
273,顏若芳,111年臺北市議員選舉,首次申報,1111123,個人捐贈收入,王吳金鑾,F20*******,100000.00,0.00,現金,1111125,,,金錢,苗栗縣竹南鎮****,0975*****,,,,,,,,
274,顏若芳,111年臺北市議員選舉,首次申報,1111123,個人捐贈收入,張瑞庭,G12*******,15000.00,0.00,現金,1111125,,,金錢,,0922*****,,,,,,,,
275,顏若芳,111年臺北市議員選舉,首次申報,1111123,個人捐贈收入,王派彰,K12*******,100000.00,0.00,現金,1111125,,,金錢,臺北市松山區****,0975*****,,,,,,,,
276,顏若芳,111年臺北市議員選舉,首次申報,1111124,個人捐贈收入,羅盛金,J12*******,3000.00,0.00,匯款,1111124,,,金錢,臺北市文山區****,,,,,,,,,
277,顏若芳,111年臺北市議員選舉,首次申報,1111125,匿名捐贈,匿名1,,10000.00,0.00,現金,1111202,,,金錢,,,,,,,,,,
278,顏若芳,111年臺北市議員選舉,首次申報,1111125,匿名捐贈,匿名2,,6000.00,0.00,現金,1111202,,,金錢,,,,,,,,,,
279,顏若芳,111年臺北市議員選舉,首次申報,1111125,匿名捐贈,匿名3,,6000.00,0.00,現金,1111202,,,金錢,,,,,,,,,,
280,顏若芳,111年臺北市議員選舉,首次申報,1111125,匿名捐贈,匿名4,,10000.00,0.00,現金,1111202,,,金錢,,,,,,,,,,
281,顏若芳,111年臺北市議員選舉,首次申報,1111125,匿名捐贈,匿名5,,10000.00,0.00,現金,1111202,,,金錢,,,,,,,,,,
282,顏若芳,111年臺北市議員選舉,首次申報,1111125,匿名捐贈,匿名6,,10000.00,0.00,現金,1111202,,,金錢,,,,,,,,,,
283,顏若芳,111年臺北市議員選舉,首次申報,1111125,匿名捐贈,匿名7,,5000.00,0.00,現金,1111202,,,金錢,,,,,,,,,,
284,顏若芳,111年臺北市議員選舉,首次申報,1111125,匿名捐贈,匿名8,,5000.00,0.00,現金,1111202,,,金錢,,,,,,,,,,
285,顏若芳,111年臺北市議員選舉,首次申報,1111125,個人捐贈收入,林隆元,A10*******,30000.00,0.00,現金,1111202,,,金錢,臺北市大安區****,,,,,,,,,
286,顏若芳,111年臺北市議員選舉,首次申報,1111125,個人捐贈收入,吳淑雲,F22*******,100000.00,0.00,現金,1111202,,,金錢,臺北市信義區****,,,,,,,,,
287,顏若芳,111年臺北市議員選舉,首次申報,1111125,個人捐贈收入,張瑞欽,L12*******,50000.00,0.00,現金,1111202,,,金錢,臺北市北投區****,0912*****,,,,,,,,
288,顏若芳,111年臺北市議員選舉,首次申報,1111125,個人捐贈收入,廖縉偉,P12*******,50000.00,0.00,現金,1111202,,,金錢,新北市三重區****,0912*****,,,,,,,,
289,顏若芳,111年臺北市議員選舉,首次申報,1111125,個人捐贈收入,黃千芬,Q22*******,100000.00,0.00,現金,1111202,,,金錢,臺北市內湖區****,,,,,,,,,
290,顏若芳,111年臺北市議員選舉,首次申報,1111221,其他收入,利息收入,,165.00,0.00,匯款,1111221,,,金錢,,,,,,,,,,
