﻿序號,擬參選人／政黨,選舉名稱,申報序號／年度,交易日期,收支科目,捐贈者／支出對象,身分證／統一編號,收入金額,支出金額,捐贈方式,存入專戶日期,返還/繳庫,支出用途,金錢類,地址,聯絡電話,應揭露之支出對象,支出對象之內部人員姓名,支出對象之內部人員職稱,政黨之內部人員姓名,政黨之內部人員職稱,關係,更正註記,資料更正日期
1,徐巧芯,113年立法委員選舉,首次申報,1120601,雜支支出,新光三越百貨股份有限公司-台北信義分公司四館,27922534,0.00,1280.00,,,,餐飲費用,金錢,,,否,,,,,,,
2,徐巧芯,113年立法委員選舉,首次申報,1120602,雜支支出,應援科技股份有限公司,83763685,0.00,19938.00,,,,第三方平台手續費,金錢,臺北市內湖區****,,否,,,,,,,
3,徐巧芯,113年立法委員選舉,首次申報,1120606,雜支支出,網路家庭國際資訊股份有限公司,16606102,0.00,2593.00,,,,雜項購置或修繕費用,金錢,,,否,,,,,,,
4,徐巧芯,113年立法委員選舉,首次申報,1120608,宣傳支出,台北逸仙郵局,,0.00,28.00,,,,郵寄競選物品或宣傳廣告費用,金錢,臺北市信義區****,,否,,,,,,,
5,徐巧芯,113年立法委員選舉,首次申報,1120609,雜支支出,應援科技股份有限公司,83763685,0.00,1583.00,,,,第三方平台手續費,金錢,臺北市內湖區****,,否,,,,,,,
6,徐巧芯,113年立法委員選舉,首次申報,1120609,宣傳支出,統一速達股份有限公司,88113697,0.00,130.00,,,,郵寄競選物品或宣傳廣告費用,金錢,,,否,,,,,,,
7,徐巧芯,113年立法委員選舉,首次申報,1120610,集會支出,麥之鄉西點麵包店,04893158,0.00,5200.00,,,,餐飲費用,金錢,,,否,,,,,,,
8,徐巧芯,113年立法委員選舉,首次申報,1120613,雜支支出,萬波開心店,75632963,0.00,55.00,,,,餐飲費用,金錢,,,否,,,,,,,
9,徐巧芯,113年立法委員選舉,首次申報,1120614,交通旅運支出,台灣中油股份有限公司油品行銷事業部忠孝東路加油站,01113283,0.00,1450.00,,,,油資,金錢,,,否,,,,,,,
10,徐巧芯,113年立法委員選舉,首次申報,1120614,雜支支出,網路家庭國際資訊股份有限公司,16606102,0.00,478.00,,,,雜項購置或修繕費用,金錢,,,否,,,,,,,
11,徐巧芯,113年立法委員選舉,首次申報,1120614,雜支支出,網路家庭國際資訊股份有限公司,16606102,0.00,2388.00,,,,雜項購置或修繕費用,金錢,,,否,,,,,,,
12,徐巧芯,113年立法委員選舉,首次申報,1120614,雜支支出,天津雞肉飯,88204182,0.00,105.00,,,,餐飲費用,金錢,,,否,,,,,,,
13,徐巧芯,113年立法委員選舉,首次申報,1120616,雜支支出,應援科技股份有限公司,83763685,0.00,287.00,,,,第三方平台手續費,金錢,臺北市內湖區****,,否,,,,,,,
14,徐巧芯,113年立法委員選舉,首次申報,1120621,雜支支出,應援科技股份有限公司,83763685,0.00,1473.00,,,,第三方平台手續費,金錢,臺北市內湖區****,,否,,,,,,,
15,徐巧芯,113年立法委員選舉,首次申報,1120630,雜支支出,應援科技股份有限公司,83763685,0.00,1330.00,,,,第三方平台手續費,金錢,臺北市內湖區****,,否,,,,,,,
16,徐巧芯,113年立法委員選舉,首次申報,1120705,雜支支出,長珍茶行,42456614,0.00,580.00,,,,餐飲費用,金錢,,,否,,,,,,,
17,徐巧芯,113年立法委員選舉,首次申報,1120707,雜支支出,應援科技股份有限公司,83763685,0.00,3077.00,,,,第三方平台手續費,金錢,臺北市內湖區****,,否,,,,,,,
18,徐巧芯,113年立法委員選舉,首次申報,1120714,雜支支出,宣宇商行,76386399,0.00,635.00,,,,餐飲費用,金錢,,,否,,,,,,,
19,徐巧芯,113年立法委員選舉,首次申報,1120714,雜支支出,應援科技股份有限公司,83763685,0.00,3821.00,,,,第三方平台手續費,金錢,臺北市內湖區****,,否,,,,,,,
20,徐巧芯,113年立法委員選舉,首次申報,1120715,雜支支出,冠樺生活股份有限公司,42617914,0.00,367.00,,,,餐飲費用,金錢,,,否,,,,,,,
21,徐巧芯,113年立法委員選舉,首次申報,1120716,雜支支出,全家便利商店股份有限公司-塔悠分公司,28998716,0.00,45.00,,,,雜項購置或修繕費用,金錢,,,否,,,,,,,
22,徐巧芯,113年立法委員選舉,首次申報,1120717,宣傳支出,台北逸仙郵局,,0.00,1400.00,,,,郵寄競選物品或宣傳廣告費用,金錢,臺北市信義區****,,否,,,,,,,
23,徐巧芯,113年立法委員選舉,首次申報,1120717,雜支支出,統一超商股份有限公司-台北市第六九○分公司,28989245,0.00,105.00,,,,雜項購置或修繕費用,金錢,,,否,,,,,,,
24,徐巧芯,113年立法委員選舉,首次申報,1120717,雜支支出,統一超商股份有限公司-台北市第四三五分公司,70827187,0.00,35.00,,,,雜項購置或修繕費用,金錢,,,否,,,,,,,
25,徐巧芯,113年立法委員選舉,首次申報,1120718,雜支支出,惠康百貨股份有限公司八德分公司的統編,70803220,0.00,21.00,,,,餐飲費用,金錢,,,否,,,,,,,
26,徐巧芯,113年立法委員選舉,首次申報,1120718,雜支支出,統一超商股份有限公司-台北巿第二八八分公司,84894469,0.00,69.00,,,,雜項購置或修繕費用,金錢,,,否,,,,,,,
27,徐巧芯,113年立法委員選舉,首次申報,1120719,雜支支出,民生餃子館,17765248,0.00,220.00,,,,餐飲費用,金錢,,,否,,,,,,,
28,徐巧芯,113年立法委員選舉,首次申報,1120719,雜支支出,秀珍小吃店,77909254,0.00,1707.00,,,,餐飲費用,金錢,,,否,,,,,,,
29,徐巧芯,113年立法委員選舉,首次申報,1120719,雜支支出,正虎商行,88301945,0.00,200.00,,,,餐飲費用,金錢,,,否,,,,,,,
30,徐巧芯,113年立法委員選舉,首次申報,1120719,雜支支出,正虎商行,88301945,0.00,420.00,,,,餐飲費用,金錢,,,否,,,,,,,
31,徐巧芯,113年立法委員選舉,首次申報,1120720,雜支支出,喜全冷飲站,48929512,0.00,160.00,,,,餐飲費用,金錢,,,否,,,,,,,
32,徐巧芯,113年立法委員選舉,首次申報,1120721,宣傳支出,台北逸仙郵局,,0.00,36.00,,,,郵寄競選物品或宣傳廣告費用,金錢,臺北市信義區****,,否,,,,,,,
33,徐巧芯,113年立法委員選舉,首次申報,1120721,雜支支出,應援科技股份有限公司,83763685,0.00,1533.00,,,,第三方平台手續費,金錢,臺北市內湖區****,,否,,,,,,,
34,徐巧芯,113年立法委員選舉,首次申報,1120722,雜支支出,統一超商股份有限公司台北市第九七0分公司,54913524,0.00,207.00,,,,雜項購置或修繕費用,金錢,,,否,,,,,,,
35,徐巧芯,113年立法委員選舉,首次申報,1120728,雜支支出,應援科技股份有限公司,83763685,0.00,487.00,,,,第三方平台手續費,金錢,臺北市內湖區****,,否,,,,,,,
36,徐巧芯,113年立法委員選舉,首次申報,1120801,人事費用支出,黃逸豪,U12*******,0.00,15000.00,,,,其他因工作酬勞之給付,金錢,花蓮縣吉安鄉****,,否,,,,,,,
37,徐巧芯,113年立法委員選舉,首次申報,1120804,雜支支出,應援科技股份有限公司,83763685,0.00,668.00,,,,第三方平台手續費,金錢,臺北市內湖區****,,否,,,,,,,
38,徐巧芯,113年立法委員選舉,首次申報,1120809,宣傳支出,便利袋有限公司,28174142,0.00,10000.00,,,,郵寄競選物品或宣傳廣告費用,金錢,,,否,,,,,,,
39,徐巧芯,113年立法委員選舉,首次申報,1120810,宣傳支出,台北逸仙郵局,,0.00,23.00,,,,郵寄競選物品或宣傳廣告費用,金錢,臺北市信義區****,,否,,,,,,,
40,徐巧芯,113年立法委員選舉,首次申報,1120810,雜支支出,永名文具有限公司,23128465,0.00,70.00,,,,雜項購置或修繕費用,金錢,,,否,,,,,,,
41,徐巧芯,113年立法委員選舉,首次申報,1120810,雜支支出,阿發布雷克股份有限公司-延吉分公司,69702391,0.00,574.00,,,,餐飲費用,金錢,,,否,,,,,,,
42,徐巧芯,113年立法委員選舉,首次申報,1120810,租用競選辦事處支出,周來于,A20*******,0.00,75000.00,,,,租用競選辦事處費用,金錢,臺北市信義區****,,否,,,,,,,
43,徐巧芯,113年立法委員選舉,首次申報,1120811,雜支支出,應援科技股份有限公司,83763685,0.00,790.00,,,,第三方平台手續費,金錢,臺北市內湖區****,,否,,,,,,,
44,徐巧芯,113年立法委員選舉,首次申報,1120818,雜支支出,全聯實業股份有限公司-松興分公司,28439679,0.00,318.00,,,,雜項購置或修繕費用,金錢,,,否,,,,,,,
45,徐巧芯,113年立法委員選舉,首次申報,1120818,雜支支出,應援科技股份有限公司,83763685,0.00,2122.00,,,,第三方平台手續費,金錢,臺北市內湖區****,,否,,,,,,,
46,徐巧芯,113年立法委員選舉,首次申報,1120822,雜支支出,富邦媒體科技股份有限公司,27365925,0.00,536.00,,,,餐飲費用,金錢,,,否,,,,,,,
47,徐巧芯,113年立法委員選舉,首次申報,1120824,宣傳支出,台北逸仙郵局,,0.00,28.00,,,,郵寄競選物品或宣傳廣告費用,金錢,臺北市信義區****,,否,,,,,,,
48,徐巧芯,113年立法委員選舉,首次申報,1120825,雜支支出,應援科技股份有限公司,83763685,0.00,6457.00,,,,第三方平台手續費,金錢,臺北市內湖區****,,否,,,,,,,
49,徐巧芯,113年立法委員選舉,首次申報,1120901,集會支出,活動馬戲團企業社,34821110,0.00,50000.00,,,,其他與集會有關之費用,金錢,桃園市桃園區****,,否,,,,,,,
50,徐巧芯,113年立法委員選舉,首次申報,1120901,雜支支出,應援科技股份有限公司,83763685,0.00,930.00,,,,第三方平台手續費,金錢,臺北市內湖區****,,否,,,,,,,
51,徐巧芯,113年立法委員選舉,首次申報,1120904,宣傳支出,蘋信科技股份有限公司,91110619,0.00,105000.00,,,,發送電信簡訊費用,金錢,臺北市松山區****,,否,,,,,,,
52,徐巧芯,113年立法委員選舉,首次申報,1120908,雜支支出,應援科技股份有限公司,83763685,0.00,1609.00,,,,第三方平台手續費,金錢,臺北市內湖區****,,否,,,,,,,
53,徐巧芯,113年立法委員選舉,首次申報,1120910,租用競選辦事處支出,周來于,A20*******,0.00,75000.00,,,,租用競選辦事處費用,金錢,臺北市信義區****,,否,,,,,,,
54,徐巧芯,113年立法委員選舉,首次申報,1120913,雜支支出,星光茶屋,42350627,0.00,295.00,,,,餐飲費用,金錢,,,否,,,,,,,
55,徐巧芯,113年立法委員選舉,首次申報,1120915,雜支支出,全信五金行,01581906,0.00,290.00,,,,雜項購置或修繕費用,金錢,,,否,,,,,,,
56,徐巧芯,113年立法委員選舉,首次申報,1120915,雜支支出,應援科技股份有限公司,83763685,0.00,1658.00,,,,第三方平台手續費,金錢,臺北市內湖區****,,否,,,,,,,
57,徐巧芯,113年立法委員選舉,首次申報,1120915,人事費用支出,陳暉,A12*******,0.00,25000.00,,,,獎金或津貼,金錢,臺北市松山區****,,否,,,,,,,
58,徐巧芯,113年立法委員選舉,首次申報,1120915,人事費用支出,王俊凱,A12*******,0.00,20000.00,,,,獎金或津貼,金錢,新北市蘆洲區****,,否,,,,,,,
59,徐巧芯,113年立法委員選舉,首次申報,1120915,人事費用支出,王辰維,A12*******,0.00,20000.00,,,,獎金或津貼,金錢,臺北市南港區****,,否,,,,,,,
60,徐巧芯,113年立法委員選舉,首次申報,1120915,人事費用支出,林俐伶,F22*******,0.00,20500.00,,,,獎金或津貼,金錢,新北市中和區****,,否,,,,,,,
61,徐巧芯,113年立法委員選舉,首次申報,1120915,人事費用支出,王靖椉,P12*******,0.00,20500.00,,,,獎金或津貼,金錢,臺北市南港區****,,否,,,,,,,
62,徐巧芯,113年立法委員選舉,首次申報,1120915,人事費用支出,胡渝庭,U22*******,0.00,22500.00,,,,工資或薪津,金錢,臺北市北投區****,,否,,,,,,,
63,徐巧芯,113年立法委員選舉,首次申報,1120921,交通旅運支出,計程車,,0.00,230.00,,,,搭乘交通工具費用,金錢,,0422*****,否,,,,,,,
64,徐巧芯,113年立法委員選舉,首次申報,1120922,雜支支出,應援科技股份有限公司,83763685,0.00,1004.00,,,,第三方平台手續費,金錢,臺北市內湖區****,,否,,,,,,,
65,徐巧芯,113年立法委員選舉,首次申報,1120925,集會支出,武當實業有限公司,23562713,0.00,40000.00,,,,其他與集會有關之費用,金錢,新北市新莊區****,,否,,,,,,,
66,徐巧芯,113年立法委員選舉,首次申報,1120925,宣傳支出,巨彩興業有限公司,24631029,0.00,528413.00,,,,製作競選物品或宣傳廣告費用,金錢,彰化縣田尾鄉****,,否,,,,,,,
67,徐巧芯,113年立法委員選舉,首次申報,1120926,交通旅運支出,計程車,,0.00,340.00,,,,搭乘交通工具費用,金錢,,0227*****,否,,,,,,,
68,徐巧芯,113年立法委員選舉,首次申報,1120927,宣傳支出,一絕科技股份有限公司,94081096,0.00,200000.00,,,,其他與選舉宣傳有關之費用,金錢,桃園市蘆竹區****,,否,,,,,,,
69,徐巧芯,113年立法委員選舉,首次申報,1120928,雜支支出,台北自來水事業處,,0.00,189.00,,,,水電瓦斯費用,金錢,臺北市中正區****,,否,,,,,,,
70,徐巧芯,113年立法委員選舉,首次申報,1120928,雜支支出,應援科技股份有限公司,83763685,0.00,1780.00,,,,第三方平台手續費,金錢,臺北市內湖區****,,否,,,,,,,
71,徐巧芯,113年立法委員選舉,首次申報,1121001,宣傳支出,臺北莊敬路第62郵政代辦所,,0.00,28.00,,,,郵寄競選物品或宣傳廣告費用,金錢,臺北市信義區****,,否,,,,,,,
72,徐巧芯,113年立法委員選舉,首次申報,1121001,集會支出,活動馬戲團企業社,34821110,0.00,50000.00,,,,其他與集會有關之費用,金錢,桃園市桃園區****,,否,,,,,,,
73,徐巧芯,113年立法委員選舉,首次申報,1121002,人事費用支出,簡怡珊,M22*******,0.00,20000.00,,,,其他因工作酬勞之給付,金錢,臺中市南區柳****,,否,,,,,,,
74,徐巧芯,113年立法委員選舉,首次申報,1121004,雜支支出,中南帆布,90759237,0.00,8400.00,,,,雜項購置或修繕費用,金錢,桃園市桃園區****,,否,,,,,,,
75,徐巧芯,113年立法委員選舉,首次申報,1121004,宣傳支出,漁歌展業股份有限公司,96961862,0.00,2003400.00,,,,租用廣告看板或車體廣告費用,金錢,臺北市中山區****,,否,,,,,,,
76,徐巧芯,113年立法委員選舉,首次申報,1121006,集會支出,麥之鄉西點麵包店,04893158,0.00,5200.00,,,,餐飲費用,金錢,,,否,,,,,,,
77,徐巧芯,113年立法委員選舉,首次申報,1121006,雜支支出,應援科技股份有限公司,83763685,0.00,1243.00,,,,第三方平台手續費,金錢,臺北市內湖區****,,否,,,,,,,
78,徐巧芯,113年立法委員選舉,首次申報,1121007,雜支支出,三商家購股份有限公司-信義莊敬分公司,53658010,0.00,432.00,,,,雜項購置或修繕費用,金錢,,,否,,,,,,,
79,徐巧芯,113年立法委員選舉,首次申報,1121010,租用競選辦事處支出,周來于,A20*******,0.00,75000.00,,,,租用競選辦事處費用,金錢,臺北市信義區****,,否,,,,,,,
80,徐巧芯,113年立法委員選舉,首次申報,1121013,宣傳支出,台北逸仙郵局,,0.00,28.00,,,,郵寄競選物品或宣傳廣告費用,金錢,臺北市信義區****,,否,,,,,,,
81,徐巧芯,113年立法委員選舉,首次申報,1121013,雜支支出,恩典鎖匙店,81693951,0.00,60.00,,,,雜項購置或修繕費用,金錢,,,否,,,,,,,
82,徐巧芯,113年立法委員選舉,首次申報,1121013,雜支支出,應援科技股份有限公司,83763685,0.00,3500.00,,,,第三方平台手續費,金錢,臺北市內湖區****,,否,,,,,,,
83,徐巧芯,113年立法委員選舉,首次申報,1121015,雜支支出,統一超商股份有限公司-台北市第七九九分公司,24802607,0.00,339.00,,,,餐飲費用,金錢,,,否,,,,,,,
84,徐巧芯,113年立法委員選舉,首次申報,1121015,雜支支出,南村麵館,25680423,0.00,1500.00,,,,餐飲費用,金錢,,,否,,,,,,,
85,徐巧芯,113年立法委員選舉,首次申報,1121015,雜支支出,全家便利商店股份有限公司松仁分公司,28422184,0.00,15.00,,,,雜項購置或修繕費用,金錢,,,否,,,,,,,
86,徐巧芯,113年立法委員選舉,首次申報,1121015,雜支支出,昊醇咖啡,38513965,0.00,200.00,,,,餐飲費用,金錢,,,否,,,,,,,
87,徐巧芯,113年立法委員選舉,首次申報,1121015,交通旅運支出,多元計程車,52621439,0.00,900.00,,,,搭乘交通工具費用,金錢,,,否,,,,,,,
88,徐巧芯,113年立法委員選舉,首次申報,1121015,雜支支出,三商家購股份有限公司-信義莊敬分公司,53658010,0.00,19.00,,,,餐飲費用,金錢,,,否,,,,,,,
89,徐巧芯,113年立法委員選舉,首次申報,1121015,人事費用支出,黃楊和,A11*******,0.00,1120.00,,,,工資或薪津,金錢,臺北市中正區****,,否,,,,,,,
90,徐巧芯,113年立法委員選舉,首次申報,1121015,人事費用支出,盧正柏,P12*******,0.00,1120.00,,,,工資或薪津,金錢,臺北市中正區****,,否,,,,,,,
91,徐巧芯,113年立法委員選舉,首次申報,1121017,宣傳支出,台北逸仙郵局,,0.00,340.00,,,,郵寄競選物品或宣傳廣告費用,金錢,臺北市信義區****,,否,,,,,,,
92,徐巧芯,113年立法委員選舉,首次申報,1121017,人事費用支出,陳暉,A12*******,0.00,25000.00,,,,獎金或津貼,金錢,臺北市松山區****,,否,,,,,,,
93,徐巧芯,113年立法委員選舉,首次申報,1121018,人事費用支出,王辰維,A12*******,0.00,20000.00,,,,獎金或津貼,金錢,臺北市南港區****,,否,,,,,,,
94,徐巧芯,113年立法委員選舉,首次申報,1121018,人事費用支出,王俊凱,A12*******,0.00,20000.00,,,,獎金或津貼,金錢,新北市蘆洲區****,,否,,,,,,,
95,徐巧芯,113年立法委員選舉,首次申報,1121018,人事費用支出,林俐伶,F22*******,0.00,20500.00,,,,獎金或津貼,金錢,新北市中和區****,,否,,,,,,,
96,徐巧芯,113年立法委員選舉,首次申報,1121018,人事費用支出,王靖椉,P12*******,0.00,20500.00,,,,獎金或津貼,金錢,臺北市南港區****,,否,,,,,,,
97,徐巧芯,113年立法委員選舉,首次申報,1121018,人事費用支出,胡渝庭,U22*******,0.00,22500.00,,,,獎金或津貼,金錢,臺北市北投區****,,否,,,,,,,
98,徐巧芯,113年立法委員選舉,首次申報,1121020,雜支支出,應援科技股份有限公司,83763685,0.00,693.00,,,,第三方平台手續費,金錢,臺北市內湖區****,,否,,,,,,,
99,徐巧芯,113年立法委員選舉,首次申報,1121027,宣傳支出,台北逸仙郵局,,0.00,108.00,,,,郵寄競選物品或宣傳廣告費用,金錢,臺北市信義區****,,否,,,,,,,
100,徐巧芯,113年立法委員選舉,首次申報,1121027,宣傳支出,聯利有限公司,42640056,0.00,73710.00,,,,播放、傳送或刊登宣傳廣告費用,金錢,臺北市松山區****,,否,,,,,,,
101,徐巧芯,113年立法委員選舉,首次申報,1121027,宣傳支出,聯利有限公司,42640056,0.00,18900.00,,,,播放、傳送或刊登宣傳廣告費用,金錢,臺北市松山區****,,否,,,,,,,
102,徐巧芯,113年立法委員選舉,首次申報,1121027,宣傳支出,嘉宏國際開發股份有限公司,54365701,0.00,72765.00,,,,租用廣告看板或車體廣告費用,金錢,臺北市松山區****,,否,,,,,,,
103,徐巧芯,113年立法委員選舉,首次申報,1121027,雜支支出,寶全企業社,81746747,0.00,1200.00,,,,雜項購置或修繕費用,金錢,,,否,,,,,,,
104,徐巧芯,113年立法委員選舉,首次申報,1121027,雜支支出,應援科技股份有限公司,83763685,0.00,705.00,,,,第三方平台手續費,金錢,臺北市內湖區****,,否,,,,,,,
105,徐巧芯,113年立法委員選舉,首次申報,1121028,雜支支出,統一超商股份有限公司,22555003,0.00,237.00,,,,雜項購置或修繕費用,金錢,,,否,,,,,,,
106,徐巧芯,113年立法委員選舉,首次申報,1121029,交通旅運支出,計程車,,0.00,365.00,,,,搭乘交通工具費用,金錢,,0333*****,否,,,,,,,
107,徐巧芯,113年立法委員選舉,首次申報,1121029,交通旅運支出,多元計程車,52621439,0.00,900.00,,,,搭乘交通工具費用,金錢,,,否,,,,,,,
108,徐巧芯,113年立法委員選舉,首次申報,1121029,雜支支出,上味小吃部,67914320,0.00,2400.00,,,,餐飲費用,金錢,,,否,,,,,,,
109,徐巧芯,113年立法委員選舉,首次申報,1121029,人事費用支出,盧正柏,P12*******,0.00,1120.00,,,,工資或薪津,金錢,臺北市中正區****,,否,,,,,,,
110,徐巧芯,113年立法委員選舉,首次申報,1121029,人事費用支出,林麗華,P12*******,0.00,1120.00,,,,工資或薪津,金錢,臺北市中正區****,,否,,,,,,,
111,徐巧芯,113年立法委員選舉,首次申報,1121029,人事費用支出,黃燈塔,P12*******,0.00,1120.00,,,,工資或薪津,金錢,臺北市中正區****,,否,,,,,,,
112,徐巧芯,113年立法委員選舉,首次申報,1121030,宣傳支出,泓景廣告工程有限公司,16855880,0.00,123680.00,,,,製作競選物品或宣傳廣告費用,金錢,新北市三重區****,,否,,,,,,,
113,徐巧芯,113年立法委員選舉,首次申報,1121030,雜支支出,寶全企業社,81746747,0.00,1200.00,,,,雜項購置或修繕費用,金錢,,,否,,,,,,,
114,徐巧芯,113年立法委員選舉,首次申報,1121031,雜支支出,月光下精品咖啡館,88227740,0.00,270.00,,,,餐飲費用,金錢,,,否,,,,,,,
115,徐巧芯,113年立法委員選舉,首次申報,1121101,宣傳支出,佳世達企業社,26531806,0.00,132300.00,,,,租用廣告看板或車體廣告費用,金錢,新北市汐止區****,,否,,,,,,,
116,徐巧芯,113年立法委員選舉,首次申報,1121101,集會支出,活動馬戲團企業社,34821110,0.00,50000.00,,,,其他與集會有關之費用,金錢,桃園市桃園區****,,否,,,,,,,
117,徐巧芯,113年立法委員選舉,首次申報,1121101,人事費用支出,黃逸豪,U12*******,0.00,35000.00,,,,其他因工作酬勞之給付,金錢,花蓮縣吉安鄉****,,否,,,,,,,
118,徐巧芯,113年立法委員選舉,首次申報,1121102,宣傳支出,台北逸仙郵局,,0.00,3408.00,,,,郵寄競選物品或宣傳廣告費用,金錢,臺北市信義區****,,否,,,,,,,
119,徐巧芯,113年立法委員選舉,首次申報,1121103,雜支支出,應援科技股份有限公司,83763685,0.00,1764.00,,,,第三方平台手續費,金錢,臺北市內湖區****,,否,,,,,,,
120,徐巧芯,113年立法委員選舉,首次申報,1121103,人事費用支出,簡怡珊,M22*******,0.00,20000.00,,,,其他因工作酬勞之給付,金錢,臺中市南區柳****,,否,,,,,,,
121,徐巧芯,113年立法委員選舉,首次申報,1121106,雜支支出,台灣電力公司,03795904,0.00,772.00,,,,水電瓦斯費用,金錢,,,否,,,,,,,
122,徐巧芯,113年立法委員選舉,首次申報,1121106,雜支支出,大台北區瓦斯股份有限公司,11072304,0.00,404.00,,,,水電瓦斯費用,金錢,,,否,,,,,,,
123,徐巧芯,113年立法委員選舉,首次申報,1121106,雜支支出,協力燒肉飯,38575032,0.00,2600.00,,,,餐飲費用,金錢,,,否,,,,,,,
124,徐巧芯,113年立法委員選舉,首次申報,1121106,宣傳支出,聯利有限公司,42640056,0.00,15488.00,,,,播放、傳送或刊登宣傳廣告費用,金錢,臺北市松山區****,,否,,,,,,,
125,徐巧芯,113年立法委員選舉,首次申報,1121106,交通旅運支出,多元計程車,52621439,0.00,900.00,,,,搭乘交通工具費用,金錢,,,否,,,,,,,
126,徐巧芯,113年立法委員選舉,首次申報,1121107,雜支支出,威爾貝克有限公司,50792490,0.00,235.00,,,,餐飲費用,金錢,,,否,,,,,,,
127,徐巧芯,113年立法委員選舉,首次申報,1121108,交通旅運支出,計程車,,0.00,125.00,,,,搭乘交通工具費用,金錢,,2759*****,否,,,,,,,
128,徐巧芯,113年立法委員選舉,首次申報,1121108,宣傳支出,台北逸仙郵局,,0.00,28.00,,,,郵寄競選物品或宣傳廣告費用,金錢,臺北市信義區****,,否,,,,,,,
129,徐巧芯,113年立法委員選舉,首次申報,1121110,宣傳支出,台北逸仙郵局,,0.00,352.00,,,,郵寄競選物品或宣傳廣告費用,金錢,臺北市信義區****,,否,,,,,,,
130,徐巧芯,113年立法委員選舉,首次申報,1121110,雜支支出,青果承銷人1160,01220777,0.00,600.00,,,,雜項購置或修繕費用,金錢,,,否,,,,,,,
131,徐巧芯,113年立法委員選舉,首次申報,1121110,雜支支出,應援科技股份有限公司,83763685,0.00,806.00,,,,第三方平台手續費,金錢,臺北市內湖區****,,否,,,,,,,
132,徐巧芯,113年立法委員選舉,首次申報,1121110,租用競選辦事處支出,周來于,A20*******,0.00,75000.00,,,,租用競選辦事處費用,金錢,臺北市信義區****,,否,,,,,,,
133,徐巧芯,113年立法委員選舉,首次申報,1121113,交通旅運支出,計程車,,0.00,590.00,,,,搭乘交通工具費用,金錢,,2759*****,否,,,,,,,
134,徐巧芯,113年立法委員選舉,首次申報,1121113,租用競選辦事處支出,頂尖智能家具有限公司,90486834,0.00,13588.00,,,,租買辦公設備費用,金錢,,,否,,,,,,,
135,徐巧芯,113年立法委員選舉,首次申報,1121114,雜支支出,宜安打字社,48800972,0.00,2400.00,,,,雜項購置或修繕費用,金錢,,,否,,,,,,,
136,徐巧芯,113年立法委員選舉,首次申報,1121115,宣傳支出,翌風創意行銷有限公司,90099931,0.00,800000.00,,,,製作競選物品或宣傳廣告費用,金錢,臺北市中山區****,,否,,,,,,,
137,徐巧芯,113年立法委員選舉,首次申報,1121115,人事費用支出,王俊凱,A12*******,0.00,20000.00,,,,獎金或津貼,金錢,新北市蘆洲區****,,否,,,,,,,
138,徐巧芯,113年立法委員選舉,首次申報,1121115,人事費用支出,王辰維,A12*******,0.00,20000.00,,,,獎金或津貼,金錢,臺北市南港區****,,否,,,,,,,
139,徐巧芯,113年立法委員選舉,首次申報,1121115,人事費用支出,陳暉,A12*******,0.00,25000.00,,,,獎金或津貼,金錢,臺北市松山區****,,否,,,,,,,
140,徐巧芯,113年立法委員選舉,首次申報,1121115,人事費用支出,林俐伶,F22*******,0.00,20500.00,,,,獎金或津貼,金錢,新北市中和區****,,否,,,,,,,
141,徐巧芯,113年立法委員選舉,首次申報,1121115,人事費用支出,王靖椉,P12*******,0.00,20500.00,,,,獎金或津貼,金錢,臺北市南港區****,,否,,,,,,,
142,徐巧芯,113年立法委員選舉,首次申報,1121115,人事費用支出,胡渝庭,U22*******,0.00,22500.00,,,,獎金或津貼,金錢,臺北市北投區****,,否,,,,,,,
143,徐巧芯,113年立法委員選舉,首次申報,1121116,宣傳支出,台北逸仙郵局,,0.00,56.00,,,,郵寄競選物品或宣傳廣告費用,金錢,臺北市信義區****,,否,,,,,,,
144,徐巧芯,113年立法委員選舉,首次申報,1121117,雜支支出,應援科技股份有限公司,83763685,0.00,595.00,,,,第三方平台手續費,金錢,臺北市內湖區****,,否,,,,,,,
145,徐巧芯,113年立法委員選舉,首次申報,1121117,集會支出,隱世永春店,93112629,0.00,200000.00,,,,租用場地費用,金錢,臺北市信義區****,,否,,,,,,,
146,徐巧芯,113年立法委員選舉,首次申報,1121118,交通旅運支出,岳洋股份有限公司延吉站營業處,88351108,0.00,240.00,,,,停車費,金錢,,,否,,,,,,,
147,徐巧芯,113年立法委員選舉,首次申報,1121119,交通旅運支出,岳洋股份有限公司延吉站營業處,88351108,0.00,120.00,,,,停車費,金錢,,,否,,,,,,,
148,徐巧芯,113年立法委員選舉,首次申報,1121120,宣傳支出,印象商圈電視牆股份有限公司,54780215,0.00,262500.00,,,,租用廣告看板或車體廣告費用,金錢,桃園市龜山區****,,否,,,,,,,
149,徐巧芯,113年立法委員選舉,首次申報,1121121,雜支支出,宜安打字社,48800972,0.00,3010.00,,,,雜項購置或修繕費用,金錢,,,否,,,,,,,
150,徐巧芯,113年立法委員選舉,首次申報,1121122,宣傳支出,臺北吳興郵局,,0.00,17049.00,,,,郵寄競選物品或宣傳廣告費用,金錢,臺北市信義區****,,否,,,,,,,
151,徐巧芯,113年立法委員選舉,首次申報,1121122,雜支支出,南村麵館,25680423,0.00,982.00,,,,餐飲費用,金錢,,,否,,,,,,,
152,徐巧芯,113年立法委員選舉,首次申報,1121122,雜支支出,萊爾富國際股份有限公司-北市松育分公司,27312385,0.00,20.00,,,,雜項購置或修繕費用,金錢,,,否,,,,,,,
153,徐巧芯,113年立法委員選舉,首次申報,1121122,交通旅運支出,多元計程車,52621439,0.00,900.00,,,,搭乘交通工具費用,金錢,,,否,,,,,,,
154,徐巧芯,113年立法委員選舉,首次申報,1121123,宣傳支出,臺北吳興郵局,,0.00,162.00,,,,郵寄競選物品或宣傳廣告費用,金錢,臺北市信義區****,,否,,,,,,,
155,徐巧芯,113年立法委員選舉,首次申報,1121123,交通旅運支出,國雲公寓大廈管理維護股份有限公司信義行政中心場,88352319,0.00,30.00,,,,停車費,金錢,,,否,,,,,,,
156,徐巧芯,113年立法委員選舉,首次申報,1121124,雜支支出,宜安打字社,48800972,0.00,2360.00,,,,雜項購置或修繕費用,金錢,,,否,,,,,,,
157,徐巧芯,113年立法委員選舉,首次申報,1121124,雜支支出,應援科技股份有限公司,83763685,0.00,1405.00,,,,第三方平台手續費,金錢,臺北市內湖區****,,否,,,,,,,
158,徐巧芯,113年立法委員選舉,首次申報,1121125,雜支支出,宜安打字社,48800972,0.00,2000.00,,,,雜項購置或修繕費用,金錢,,,否,,,,,,,
159,徐巧芯,113年立法委員選舉,首次申報,1121125,雜支支出,宜安打字社,48800972,0.00,2000.00,,,,雜項購置或修繕費用,金錢,,,否,,,,,,,
160,徐巧芯,113年立法委員選舉,首次申報,1121125,雜支支出,三商家購股份有限公司-信義莊敬分公司,53658010,0.00,474.00,,,,雜項購置或修繕費用,金錢,,,否,,,,,,,
161,徐巧芯,113年立法委員選舉,首次申報,1121125,公共關係費用支出,一修花苑,72930497,0.00,2000.00,,,,為民服務費用,金錢,,,否,,,,,,,
162,徐巧芯,113年立法委員選舉,首次申報,1121125,雜支支出,甜芯茶鋪,88296345,0.00,60.00,,,,餐飲費用,金錢,,,否,,,,,,,
163,徐巧芯,113年立法委員選舉,首次申報,1121125,雜支支出,甜芯茶鋪,88296345,0.00,180.00,,,,餐飲費用,金錢,,,否,,,,,,,
164,徐巧芯,113年立法委員選舉,首次申報,1121126,雜支支出,富溢興商行,38567997,0.00,1035.00,,,,餐飲費用,金錢,,,否,,,,,,,
165,徐巧芯,113年立法委員選舉,首次申報,1121126,交通旅運支出,多元計程車,52621439,0.00,900.00,,,,搭乘交通工具費用,金錢,,,否,,,,,,,
166,徐巧芯,113年立法委員選舉,首次申報,1121126,雜支支出,勝佳百貨松山店,53353761,0.00,2424.00,,,,雜項購置或修繕費用,金錢,,,否,,,,,,,
167,徐巧芯,113年立法委員選舉,首次申報,1121127,宣傳支出,台北逸仙郵局,,0.00,52.00,,,,郵寄競選物品或宣傳廣告費用,金錢,臺北市信義區****,,否,,,,,,,
168,徐巧芯,113年立法委員選舉,首次申報,1121127,雜支支出,宜安打字社,48800972,0.00,2400.00,,,,雜項購置或修繕費用,金錢,,,否,,,,,,,
169,徐巧芯,113年立法委員選舉,首次申報,1121128,宣傳支出,臺北吳興郵局,,0.00,4831.00,,,,郵寄競選物品或宣傳廣告費用,金錢,臺北市信義區****,,否,,,,,,,
170,徐巧芯,113年立法委員選舉,首次申報,1121128,雜支支出,台北自來水事業處,,0.00,199.00,,,,水電瓦斯費用,金錢,臺北市中正區****,,否,,,,,,,
171,徐巧芯,113年立法委員選舉,首次申報,1121128,雜支支出,宜安打字社,48800972,0.00,2400.00,,,,雜項購置或修繕費用,金錢,,,否,,,,,,,
172,徐巧芯,113年立法委員選舉,首次申報,1121128,雜支支出,宜安打字社,48800972,0.00,1200.00,,,,雜項購置或修繕費用,金錢,,,否,,,,,,,
173,徐巧芯,113年立法委員選舉,首次申報,1121129,宣傳支出,巨彩興業有限公司,24631029,0.00,37464.00,,,,製作競選物品或宣傳廣告費用,金錢,彰化縣田尾鄉****,,否,,,,,,,
174,徐巧芯,113年立法委員選舉,首次申報,1121129,雜支支出,朱豐璋刻印部,81752803,0.00,350.00,,,,雜項購置或修繕費用,金錢,,,否,,,,,,,
175,徐巧芯,113年立法委員選舉,首次申報,1121129,雜支支出,松安行,94905660,0.00,1130.00,,,,雜項購置或修繕費用,金錢,,,否,,,,,,,
176,徐巧芯,113年立法委員選舉,首次申報,1121130,集會支出,新象創作劇團,20002580,0.00,230000.00,,,,其他與集會有關之費用,金錢,新北市板橋區****,,否,,,,,,,
177,徐巧芯,113年立法委員選舉,首次申報,1121130,集會支出,武當實業有限公司,23562713,0.00,2000.00,,,,其他與集會有關之費用,金錢,新北市新莊區****,,否,,,,,,,
178,徐巧芯,113年立法委員選舉,首次申報,1121130,雜支支出,宜安打字社,48800972,0.00,1200.00,,,,雜項購置或修繕費用,金錢,,,否,,,,,,,
179,徐巧芯,113年立法委員選舉,首次申報,1121201,集會支出,台北市停車管理處,,0.00,13680.00,,,,租用停車格,金錢,臺北市信義區****,,否,,,,,,,
180,徐巧芯,113年立法委員選舉,首次申報,1121201,宣傳支出,市府郵局,,0.00,64.00,,,,郵寄競選物品或宣傳廣告費用,金錢,臺北市信義區****,,否,,,,,,,
181,徐巧芯,113年立法委員選舉,首次申報,1121201,宣傳支出,佳世達企業社,26531806,0.00,36855.00,,,,製作競選物品或宣傳廣告費用,金錢,新北市汐止區****,,否,,,,,,,
182,徐巧芯,113年立法委員選舉,首次申報,1121201,集會支出,活動馬戲團企業社,34821110,0.00,50000.00,,,,其他與集會有關之費用,金錢,桃園市桃園區****,,否,,,,,,,
183,徐巧芯,113年立法委員選舉,首次申報,1121201,雜支支出,朱豐璋刻印部,81752803,0.00,40.00,,,,雜項購置或修繕費用,金錢,,,否,,,,,,,
184,徐巧芯,113年立法委員選舉,首次申報,1121201,雜支支出,應援科技股份有限公司,83763685,0.00,2590.00,,,,第三方平台手續費,金錢,臺北市內湖區****,,否,,,,,,,
185,徐巧芯,113年立法委員選舉,首次申報,1121201,人事費用支出,商松柏,G12*******,0.00,1120.00,,,,工資或薪津,金錢,宜蘭縣羅東鎮****,,否,,,,,,,
186,徐巧芯,113年立法委員選舉,首次申報,1121201,人事費用支出,簡怡珊,M22*******,0.00,13000.00,,,,其他因工作酬勞之給付,金錢,臺中市南區柳****,,否,,,,,,,
187,徐巧芯,113年立法委員選舉,首次申報,1121201,人事費用支出,黃永杰,T12*******,0.00,1120.00,,,,工資或薪津,金錢,新北市新店區****,,否,,,,,,,
188,徐巧芯,113年立法委員選舉,首次申報,1121201,人事費用支出,王志達,T12*******,0.00,1120.00,,,,工資或薪津,金錢,臺北市南港區****,,否,,,,,,,
189,徐巧芯,113年立法委員選舉,首次申報,1121201,人事費用支出,黃逸豪,U12*******,0.00,35000.00,,,,其他因工作酬勞之給付,金錢,花蓮縣吉安鄉****,,否,,,,,,,
190,徐巧芯,113年立法委員選舉,首次申報,1121202,雜支支出,統一超商股份有限公司-台北縣第六八三分公司,27256932,0.00,3.00,,,,雜項購置或修繕費用,金錢,,,否,,,,,,,
191,徐巧芯,113年立法委員選舉,首次申報,1121203,交通旅運支出,168停車聯盟,38495122,0.00,120.00,,,,停車費,金錢,,,否,,,,,,,
192,徐巧芯,113年立法委員選舉,首次申報,1121204,宣傳支出,中國廣播股份有限公司,03708205,0.00,300000.00,,,,播放、傳送或刊登宣傳廣告費用,金錢,臺北市中山區****,0225*****,否,,,,,,,
193,徐巧芯,113年立法委員選舉,首次申報,1121205,雜支支出,全家便利商店股份有限公司松仁分公司,28422184,0.00,30.00,,,,雜項購置或修繕費用,金錢,,,否,,,,,,,
194,徐巧芯,113年立法委員選舉,首次申報,1121205,雜支支出,秦小姐豆漿店,31861741,0.00,375.00,,,,餐飲費用,金錢,,,否,,,,,,,
195,徐巧芯,113年立法委員選舉,首次申報,1121205,雜支支出,全國電子股份有限公司台北市第五十三分公司,53020650,0.00,59.00,,,,雜項購置或修繕費用,金錢,,,否,,,,,,,
196,徐巧芯,113年立法委員選舉,首次申報,1121205,宣傳支出,文賀實業股份有限公司,79999581,0.00,18157.00,,,,製作競選物品或宣傳廣告費用,金錢,臺北市內湖區****,,否,,,,,,,
197,徐巧芯,113年立法委員選舉,首次申報,1121206,交通旅運支出,計程車,,0.00,260.00,,,,搭乘交通工具費用,金錢,,2759*****,否,,,,,,,
198,徐巧芯,113年立法委員選舉,首次申報,1121206,雜支支出,統一超商股份有限公司-台北市第七九二分公司,24795514,0.00,29.00,,,,雜項購置或修繕費用,金錢,,,否,,,,,,,
199,徐巧芯,113年立法委員選舉,首次申報,1121206,雜支支出,統一超商股份有限公司-台北市第七九二分公司,24795514,0.00,237.00,,,,雜項購置或修繕費用,金錢,,,否,,,,,,,
200,徐巧芯,113年立法委員選舉,首次申報,1121206,雜支支出,統一超商股份有限公司-台北市第七九七分公司,24801403,0.00,12.00,,,,雜項購置或修繕費用,金錢,,,否,,,,,,,
201,徐巧芯,113年立法委員選舉,首次申報,1121206,雜支支出,阿旺的店,26256420,0.00,800.00,,,,餐飲費用,金錢,,,否,,,,,,,
202,徐巧芯,113年立法委員選舉,首次申報,1121206,宣傳支出,宜安打字行,48800972,0.00,400.00,,,,製作競選物品或宣傳廣告費用,金錢,,,否,,,,,,,
203,徐巧芯,113年立法委員選舉,首次申報,1121206,交通旅運支出,多元計程車,52621439,0.00,900.00,,,,搭乘交通工具費用,金錢,,,否,,,,,,,
204,徐巧芯,113年立法委員選舉,首次申報,1121206,雜支支出,四季甜煮食品有限公司-莊敬分公司,54269968,0.00,210.00,,,,餐飲費用,金錢,,,否,,,,,,,
205,徐巧芯,113年立法委員選舉,首次申報,1121207,雜支支出,三商家購股份有限公司-信義莊敬分公司,53658010,0.00,5.00,,,,雜項購置或修繕費用,金錢,,,否,,,,,,,
206,徐巧芯,113年立法委員選舉,首次申報,1121207,雜支支出,采昕茶行,88213302,0.00,265.00,,,,餐飲費用,金錢,,,否,,,,,,,
207,徐巧芯,113年立法委員選舉,首次申報,1121208,集會支出,富邦產物保險股份有限公司,,0.00,2817.00,,,,公共意外責任保險費,金錢,臺北市大安區****,,否,,,,,,,
208,徐巧芯,113年立法委員選舉,首次申報,1121208,集會支出,富邦產物保險股份有限公司,,0.00,6509.00,,,,公共意外責任保險費,金錢,臺北市大安區****,,否,,,,,,,
209,徐巧芯,113年立法委員選舉,首次申報,1121208,雜支支出,勝新企業社,48886838,0.00,49.00,,,,雜項購置或修繕費用,金錢,,,否,,,,,,,
210,徐巧芯,113年立法委員選舉,首次申報,1121208,雜支支出,應援科技股份有限公司,83763685,0.00,3272.00,,,,第三方平台手續費,金錢,臺北市內湖區****,,否,,,,,,,
211,徐巧芯,113年立法委員選舉,首次申報,1121208,宣傳支出,陽明山有線電視股份有限公司,97168320,0.00,300000.00,,,,播放、傳送或刊登宣傳廣告費用,金錢,臺北市北投區****,,否,,,,,,,
212,徐巧芯,113年立法委員選舉,首次申報,1121209,雜支支出,統一超商股份有限公司-台北市第七九七分公司,24801403,0.00,3.00,,,,雜項購置或修繕費用,金錢,,,否,,,,,,,
213,徐巧芯,113年立法委員選舉,首次申報,1121209,雜支支出,南村麵館,25680433,0.00,2200.00,,,,餐飲費用,金錢,,,否,,,,,,,
214,徐巧芯,113年立法委員選舉,首次申報,1121209,雜支支出,松安行,94905660,0.00,660.00,,,,雜項購置或修繕費用,金錢,,,否,,,,,,,
215,徐巧芯,113年立法委員選舉,首次申報,1121209,人事費用支出,陳煌源,A12*******,0.00,1200.00,,,,工資或薪津,金錢,臺北市北投區****,,否,,,,,,,
216,徐巧芯,113年立法委員選舉,首次申報,1121210,雜支支出,旺林商行,01602037,0.00,150.00,,,,餐飲費用,金錢,,,否,,,,,,,
217,徐巧芯,113年立法委員選舉,首次申報,1121210,租用競選辦事處支出,周來于,A20*******,0.00,75000.00,,,,租用競選辦事處費用,金錢,臺北市信義區****,,否,,,,,,,
218,徐巧芯,113年立法委員選舉,首次申報,1121211,雜支支出,統一超商股份有限公司-台北市第七九七分公司,24801403,0.00,89.00,,,,雜項購置或修繕費用,金錢,,,否,,,,,,,
219,徐巧芯,113年立法委員選舉,首次申報,1121211,宣傳支出,聯利有限公司,42640056,0.00,53025.00,,,,其他與選舉宣傳有關之費用,金錢,臺北市松山區****,,否,,,,,,,
220,徐巧芯,113年立法委員選舉,首次申報,1121211,宣傳支出,聯利有限公司,42640056,0.00,23100.00,,,,其他與選舉宣傳有關之費用,金錢,臺北市松山區****,,否,,,,,,,
221,徐巧芯,113年立法委員選舉,首次申報,1121211,雜支支出,阡辰有限公司,45113514,0.00,16000.00,,,,雜項購置或修繕費用,金錢,,,否,,,,,,,
222,徐巧芯,113年立法委員選舉,首次申報,1121211,雜支支出,宜安打字行,48800972,0.00,1040.00,,,,雜項購置或修繕費用,金錢,,,否,,,,,,,
223,徐巧芯,113年立法委員選舉,首次申報,1121212,宣傳支出,一元布偶劇團,01053264,0.00,100000.00,,,,演講或表演費用,金錢,新北市新店區****,,否,,,,,,,
224,徐巧芯,113年立法委員選舉,首次申報,1121212,宣傳支出,新象創作劇團,20002580,0.00,250000.00,,,,演講或表演費用,金錢,新北市新店區****,,否,,,,,,,
225,徐巧芯,113年立法委員選舉,首次申報,1121212,宣傳支出,東森新媒體控股股份有限公司,24328949,0.00,157500.00,,,,播放、傳送或刊登宣傳廣告費用,金錢,臺北市大安區****,,否,,,,,,,
226,徐巧芯,113年立法委員選舉,首次申報,1121213,宣傳支出,臺北吳興郵局,,0.00,42.00,,,,郵寄競選物品或宣傳廣告費用,金錢,臺北市信義區****,,否,,,,,,,
227,徐巧芯,113年立法委員選舉,首次申報,1121213,宣傳支出,臺北莊敬路第62郵政代辦所,,0.00,224.00,,,,郵寄競選物品或宣傳廣告費用,金錢,臺北市信義區****,,否,,,,,,,
228,徐巧芯,113年立法委員選舉,首次申報,1121213,宣傳支出,臺北吳興郵局,,0.00,392.00,,,,郵寄競選物品或宣傳廣告費用,金錢,臺北市信義區****,,否,,,,,,,
229,徐巧芯,113年立法委員選舉,首次申報,1121213,宣傳支出,三立電視股份有限公司,23740512,0.00,94500.00,,,,播放、傳送或刊登宣傳廣告費用,金錢,臺北市內湖區****,,否,,,,,,,
230,徐巧芯,113年立法委員選舉,首次申報,1121213,雜支支出,全家便利商店股份有限公司忠信分公司,27249406,0.00,249.00,,,,雜項購置或修繕費用,金錢,,,否,,,,,,,
231,徐巧芯,113年立法委員選舉,首次申報,1121213,交通旅運支出,多元計程車,52621439,0.00,900.00,,,,搭乘交通工具費用,金錢,,,否,,,,,,,
232,徐巧芯,113年立法委員選舉,首次申報,1121213,雜支支出,統一超商股份有限公司-台北市第七七六分公司,54390309,0.00,51.00,,,,雜項購置或修繕費用,金錢,,,否,,,,,,,
233,徐巧芯,113年立法委員選舉,首次申報,1121213,雜支支出,幸運星廚工作室,76375148,0.00,2730.00,,,,餐飲費用,金錢,,,否,,,,,,,
234,徐巧芯,113年立法委員選舉,首次申報,1121214,宣傳支出,萬寶華企業顧問股份有限公司,16087755,0.00,210500.00,,,,演講或表演費用,金錢,臺北市大安區****,,否,,,,,,,
235,徐巧芯,113年立法委員選舉,首次申報,1121214,宣傳支出,萬寶華企業顧問股份有限公司,16087755,0.00,609747.00,,,,演講或表演費用,金錢,臺北市大安區****,,否,,,,,,,
236,徐巧芯,113年立法委員選舉,首次申報,1121214,雜支支出,宜安打字社,48800972,0.00,1200.00,,,,雜項購置或修繕費用,金錢,,,否,,,,,,,
237,徐巧芯,113年立法委員選舉,首次申報,1121214,宣傳支出,聯利媒體股份有限公司,84305300,0.00,250000.00,,,,委託辦理研究、評估、調查、設計或規劃費用,金錢,臺北市內湖區****,,否,,,,,,,
238,徐巧芯,113年立法委員選舉,首次申報,1121214,人事費用支出,鍾傑,F12*******,0.00,6000.00,,,,其他因工作酬勞之給付,金錢,新北市永和區****,,否,,,,,,,
239,徐巧芯,113年立法委員選舉,首次申報,1121215,宣傳支出,臺北吳興郵局,,0.00,504.00,,,,郵寄競選物品或宣傳廣告費用,金錢,臺北市信義區****,,否,,,,,,,
240,徐巧芯,113年立法委員選舉,首次申報,1121215,雜支支出,統一超商股份有限公司-台北市第七九七分公司,24801403,0.00,60.00,,,,雜項購置或修繕費用,金錢,,,否,,,,,,,
241,徐巧芯,113年立法委員選舉,首次申報,1121215,雜支支出,鶴鶴餐館,42502687,0.00,1700.00,,,,餐飲費用,金錢,,,否,,,,,,,
242,徐巧芯,113年立法委員選舉,首次申報,1121215,雜支支出,應援科技股份有限公司,83763685,0.00,1610.00,,,,第三方平台手續費,金錢,臺北市內湖區****,,否,,,,,,,
243,徐巧芯,113年立法委員選舉,首次申報,1121215,人事費用支出,王辰維,A12*******,0.00,40000.00,,,,獎金或津貼,金錢,臺北市南港區****,,否,,,,,,,
244,徐巧芯,113年立法委員選舉,首次申報,1121215,人事費用支出,王俊凱,A12*******,0.00,40000.00,,,,獎金或津貼,金錢,新北市蘆洲區****,,否,,,,,,,
245,徐巧芯,113年立法委員選舉,首次申報,1121215,人事費用支出,陳暉,A12*******,0.00,50000.00,,,,獎金或津貼,金錢,臺北市松山區****,,否,,,,,,,
246,徐巧芯,113年立法委員選舉,首次申報,1121215,人事費用支出,鍾易洋,F13*******,0.00,32000.00,,,,獎金或津貼,金錢,臺北市大安區****,,否,,,,,,,
247,徐巧芯,113年立法委員選舉,首次申報,1121215,人事費用支出,林俐伶,F22*******,0.00,41000.00,,,,獎金或津貼,金錢,新北市中和區****,,否,,,,,,,
248,徐巧芯,113年立法委員選舉,首次申報,1121215,人事費用支出,王靖椉,P12*******,0.00,41000.00,,,,獎金或津貼,金錢,臺北市南港區****,,否,,,,,,,
249,徐巧芯,113年立法委員選舉,首次申報,1121215,人事費用支出,胡渝庭,U22*******,0.00,45000.00,,,,獎金或津貼,金錢,臺北市北投區****,,否,,,,,,,
250,徐巧芯,113年立法委員選舉,首次申報,1121219,宣傳支出,臺北吳興郵局,,0.00,1213.00,,,,郵寄競選物品或宣傳廣告費用,金錢,臺北市信義區****,,否,,,,,,,
251,徐巧芯,113年立法委員選舉,首次申報,1121219,雜支支出,明明圖書文具有限公司,04734259,0.00,48.00,,,,雜項購置或修繕費用,金錢,,,否,,,,,,,
252,徐巧芯,113年立法委員選舉,首次申報,1121220,宣傳支出,翌風創意行銷有限公司,90099931,0.00,1000000.00,,,,其他與選舉宣傳有關之費用,金錢,臺北市中山區****,,否,,,,,,,
253,徐巧芯,113年立法委員選舉,首次申報,1121221,集會支出,天裕行,18376268,0.00,2650.00,,,,餐飲費用,金錢,,,否,,,,,,,
254,徐巧芯,113年立法委員選舉,首次申報,1121221,雜支支出,統一超商股份有限公司,22555003,0.00,2.00,,,,雜項購置或修繕費用,金錢,,,否,,,,,,,
255,徐巧芯,113年立法委員選舉,首次申報,1121222,集會支出,達日好胖卡行銷有限公司,42650639,0.00,75600.00,,,,餐飲費用,金錢,臺北市松山區****,,否,,,,,,,
256,徐巧芯,113年立法委員選舉,首次申報,1121222,雜支支出,應援科技股份有限公司,83763685,0.00,1263.00,,,,第三方平台手續費,金錢,臺北市內湖區****,,否,,,,,,,
257,徐巧芯,113年立法委員選舉,首次申報,1121222,人事費用支出,鄭吉安,U12*******,0.00,7000.00,,,,工資或薪津,金錢,新北市五股區****,,否,,,,,,,
258,徐巧芯,113年立法委員選舉,首次申報,1121225,宣傳支出,泓景廣告工程有限公司,16855880,0.00,287621.00,,,,製作競選物品或宣傳廣告費用,金錢,新北市三重區****,,否,,,,,,,
259,徐巧芯,113年立法委員選舉,首次申報,1121225,雜支支出,饗樂餐飲實業股份有限公司信義松仁分公司,83593057,0.00,1144.00,,,,餐飲費用,金錢,,,否,,,,,,,
260,徐巧芯,113年立法委員選舉,首次申報,1121226,雜支支出,勝新企業社,48886838,0.00,379.00,,,,雜項購置或修繕費用,金錢,,,否,,,,,,,
261,徐巧芯,113年立法委員選舉,首次申報,1121227,宣傳支出,一元布偶劇團,01053264,0.00,100000.00,,,,演講或表演費用,金錢,新北市新店區****,,否,,,,,,,
262,徐巧芯,113年立法委員選舉,首次申報,1121227,雜支支出,美德耐股份有限公司北醫大商場,88105198,0.00,9.00,,,,雜項購置或修繕費用,金錢,,,否,,,,,,,
263,徐巧芯,113年立法委員選舉,首次申報,1121228,租用競選辦事處支出,大台北區瓦斯股份有限公司,,0.00,200.00,,,,其他與租用競選辦事處有關之費用,金錢,臺北市松山區****,,否,,,,,,,
264,徐巧芯,113年立法委員選舉,首次申報,1121228,宣傳支出,臺北莊敬路第62郵政代辦所,,0.00,96.00,,,,郵寄競選物品或宣傳廣告費用,金錢,臺北市信義區****,,否,,,,,,,
265,徐巧芯,113年立法委員選舉,首次申報,1121228,雜支支出,三商家購股份有限公司-信義莊敬分公司,53658010,0.00,58.00,,,,雜項購置或修繕費用,金錢,,,否,,,,,,,
266,徐巧芯,113年立法委員選舉,首次申報,1121228,集會支出,富邦產物保險股份有限公司,70826461,0.00,37614.00,,,,其他與集會有關之費用,金錢,臺北市大安區****,,否,,,,,,,
267,徐巧芯,113年立法委員選舉,首次申報,1121229,宣傳支出,萬寶華企業顧問股份有限公司,16087755,0.00,462000.00,,,,其他與選舉宣傳有關之費用,金錢,臺北市大安區****,,否,,,,,,,
268,徐巧芯,113年立法委員選舉,首次申報,1121229,宣傳支出,聯利有限公司,42640056,0.00,12600.00,,,,播放、傳送或刊登宣傳廣告費用,金錢,臺北市松山區****,,否,,,,,,,
269,徐巧芯,113年立法委員選舉,首次申報,1121229,宣傳支出,聯利有限公司,42640056,0.00,14963.00,,,,播放、傳送或刊登宣傳廣告費用,金錢,臺北市松山區****,,否,,,,,,,
270,徐巧芯,113年立法委員選舉,首次申報,1121229,宣傳支出,聯利有限公司,42640056,0.00,18585.00,,,,播放、傳送或刊登宣傳廣告費用,金錢,臺北市松山區****,,否,,,,,,,
271,徐巧芯,113年立法委員選舉,首次申報,1121229,宣傳支出,圖靈數位股份有限公司,42696889,0.00,40851.00,,,,播放、傳送或刊登宣傳廣告費用,金錢,臺北市中正區****,,否,,,,,,,
272,徐巧芯,113年立法委員選舉,首次申報,1121229,宣傳支出,圖靈數位股份有限公司,42696889,0.00,35242.00,,,,播放、傳送或刊登宣傳廣告費用,金錢,臺北市中正區****,,否,,,,,,,
273,徐巧芯,113年立法委員選舉,首次申報,1121229,雜支支出,應援科技股份有限公司,83763685,0.00,1529.00,,,,第三方平台手續費,金錢,臺北市內湖區****,,否,,,,,,,
274,徐巧芯,113年立法委員選舉,首次申報,1121230,宣傳支出,星耀廣告有限公司,89124335,0.00,73868.00,,,,製作競選物品或宣傳廣告費用,金錢,新北市樹林區****,,否,,,,,,,
275,徐巧芯,113年立法委員選舉,首次申報,1130102,雜支支出,自然風樂活小吃店,76376701,0.00,9990.00,,,,餐飲費用,金錢,,,否,,,,,,,
276,徐巧芯,113年立法委員選舉,首次申報,1130102,人事費用支出,馮文地,A10*******,0.00,1120.00,,,,工資或薪津,金錢,臺北市信義區****,,否,,,,,,,
277,徐巧芯,113年立法委員選舉,首次申報,1130102,人事費用支出,張錦清,A10*******,0.00,1260.00,,,,工資或薪津,金錢,新北市永和區****,,否,,,,,,,
278,徐巧芯,113年立法委員選舉,首次申報,1130102,人事費用支出,陳譽崇,A12*******,0.00,980.00,,,,工資或薪津,金錢,臺北市信義區****,,否,,,,,,,
279,徐巧芯,113年立法委員選舉,首次申報,1130102,人事費用支出,蘇進財,A12*******,0.00,2100.00,,,,工資或薪津,金錢,新北市新店區****,,否,,,,,,,
280,徐巧芯,113年立法委員選舉,首次申報,1130102,人事費用支出,袁慰慈,C12*******,0.00,2520.00,,,,工資或薪津,金錢,基隆市安樂區****,,否,,,,,,,
281,徐巧芯,113年立法委員選舉,首次申報,1130102,人事費用支出,林素雲,C12*******,0.00,1260.00,,,,工資或薪津,金錢,新北市中和區****,,否,,,,,,,
282,徐巧芯,113年立法委員選舉,首次申報,1130102,人事費用支出,胡錫興,N10*******,0.00,1120.00,,,,工資或薪津,金錢,臺北市文山區****,,否,,,,,,,
283,徐巧芯,113年立法委員選舉,首次申報,1130102,人事費用支出,林海潮,N12*******,0.00,1120.00,,,,工資或薪津,金錢,臺北市信義區****,,否,,,,,,,
284,徐巧芯,113年立法委員選舉,首次申報,1130102,人事費用支出,陳清榮,N12*******,0.00,1120.00,,,,工資或薪津,金錢,新北市板橋區****,,否,,,,,,,
285,徐巧芯,113年立法委員選舉,首次申報,1130102,人事費用支出,鄭淑芬,N22*******,0.00,3080.00,,,,工資或薪津,金錢,臺北市大安區****,,否,,,,,,,
286,徐巧芯,113年立法委員選舉,首次申報,1130102,人事費用支出,郭榮泉,T10*******,0.00,1400.00,,,,工資或薪津,金錢,臺北市南港區****,,否,,,,,,,
287,徐巧芯,113年立法委員選舉,首次申報,1130103,雜支支出,早ㄚ吃早餐,,0.00,1665.00,,,,餐飲費用,金錢,臺北市信義區****,,否,,,,,,,
288,徐巧芯,113年立法委員選舉,首次申報,1130103,雜支支出,霖仲美食坊,76470163,0.00,900.00,,,,餐飲費用,金錢,,,否,,,,,,,
289,徐巧芯,113年立法委員選舉,首次申報,1130103,人事費用支出,丁雲第,S10*******,0.00,1400.00,,,,工資或薪津,金錢,臺北市萬華區****,,否,,,,,,,
290,徐巧芯,113年立法委員選舉,首次申報,1130104,宣傳支出,台北逸仙郵局,,0.00,36.00,,,,郵寄競選物品或宣傳廣告費用,金錢,臺北市信義區****,,否,,,,,,,
291,徐巧芯,113年立法委員選舉,首次申報,1130104,雜支支出,富溢興商行,38567997,0.00,245.00,,,,餐飲費用,金錢,,,否,,,,,,,
292,徐巧芯,113年立法委員選舉,首次申報,1130104,宣傳支出,圖靈數位股份有限公司,42696889,0.00,51878.00,,,,播放、傳送或刊登宣傳廣告費用,金錢,臺北市中正區****,,否,,,,,,,
293,徐巧芯,113年立法委員選舉,首次申報,1130104,宣傳支出,圖靈數位股份有限公司,42696889,0.00,128149.00,,,,播放、傳送或刊登宣傳廣告費用,金錢,臺北市中正區****,,否,,,,,,,
294,徐巧芯,113年立法委員選舉,首次申報,1130105,雜支支出,應援科技股份有限公司,83763685,0.00,3536.00,,,,第三方平台手續費,金錢,臺北市內湖區****,,否,,,,,,,
295,徐巧芯,113年立法委員選舉,首次申報,1130105,雜支支出,玉莊越式河粉,87495177,0.00,1160.00,,,,餐飲費用,金錢,,,否,,,,,,,
296,徐巧芯,113年立法委員選舉,首次申報,1130105,雜支支出,松安行,94905660,0.00,225.00,,,,雜項購置或修繕費用,金錢,,,否,,,,,,,
297,徐巧芯,113年立法委員選舉,首次申報,1130106,雜支支出,茗晨有限公司,83266960,0.00,558.00,,,,餐飲費用,金錢,,,否,,,,,,,
298,徐巧芯,113年立法委員選舉,首次申報,1130106,雜支支出,統一超商股份有限公司第三十三門市,88329465,0.00,24.00,,,,雜項購置或修繕費用,金錢,,,否,,,,,,,
299,徐巧芯,113年立法委員選舉,首次申報,1130108,宣傳支出,台北逸仙郵局,,0.00,48.00,,,,郵寄競選物品或宣傳廣告費用,金錢,臺北市信義區****,,否,,,,,,,
300,徐巧芯,113年立法委員選舉,首次申報,1130108,雜支支出,旺林商行,01602037,0.00,200.00,,,,餐飲費用,金錢,,,否,,,,,,,
301,徐巧芯,113年立法委員選舉,首次申報,1130108,宣傳支出,新象創作劇團,20002580,0.00,250000.00,,,,演講或表演費用,金錢,新北市新店區****,,否,,,,,,,
302,徐巧芯,113年立法委員選舉,首次申報,1130108,宣傳支出,聯利有限公司,42640056,0.00,57750.00,,,,播放、傳送或刊登宣傳廣告費用,金錢,臺北市松山區****,,否,,,,,,,
303,徐巧芯,113年立法委員選舉,首次申報,1130108,宣傳支出,聯利有限公司,42640056,0.00,138600.00,,,,播放、傳送或刊登宣傳廣告費用,金錢,臺北市松山區****,,否,,,,,,,
304,徐巧芯,113年立法委員選舉,首次申報,1130108,交通旅運支出,多元計程車,52621439,0.00,900.00,,,,搭乘交通工具費用,金錢,,,否,,,,,,,
305,徐巧芯,113年立法委員選舉,首次申報,1130108,宣傳支出,皮爾森數據股份有限公司,90805823,0.00,199500.00,,,,委託辦理研究、評估、調查、設計或規劃費用,金錢,臺北市萬華區****,,否,,,,,,,
306,徐巧芯,113年立法委員選舉,首次申報,1130108,雜支支出,成功漢堡店,99612087,0.00,510.00,,,,餐飲費用,金錢,,,否,,,,,,,
307,徐巧芯,113年立法委員選舉,首次申報,1130109,雜支支出,秦小姐豆漿店,31861741,0.00,300.00,,,,餐飲費用,金錢,,,否,,,,,,,
308,徐巧芯,113年立法委員選舉,首次申報,1130109,交通旅運支出,多元計程車,52621439,0.00,1350.00,,,,搭乘交通工具費用,金錢,,,否,,,,,,,
309,徐巧芯,113年立法委員選舉,首次申報,1130109,雜支支出,春水堂實業股份有限公司-台北光南分公司,53969648,0.00,730.00,,,,餐飲費用,金錢,,,否,,,,,,,
310,徐巧芯,113年立法委員選舉,首次申報,1130109,雜支支出,應援科技股份有限公司,83763685,0.00,843.00,,,,第三方平台手續費,金錢,臺北市內湖區****,,否,,,,,,,
311,徐巧芯,113年立法委員選舉,首次申報,1130110,雜支支出,浩勝有限公司,24775685,0.00,1765.00,,,,餐飲費用,金錢,,,否,,,,,,,
312,徐巧芯,113年立法委員選舉,首次申報,1130110,雜支支出,統一超商股份有限公司-台北市第七九七分公司,24801403,0.00,12.00,,,,雜項購置或修繕費用,金錢,,,否,,,,,,,
313,徐巧芯,113年立法委員選舉,首次申報,1130110,宣傳支出,三通網資訊股份有限公司,70561948,0.00,95422.00,,,,發送電信簡訊費用,金錢,臺北市內湖區****,,否,,,,,,,
314,徐巧芯,113年立法委員選舉,首次申報,1130110,雜支支出,應援科技股份有限公司,83763685,0.00,32760.00,,,,第三方平台維護費,金錢,臺北市內湖區****,,否,,,,,,,
315,徐巧芯,113年立法委員選舉,首次申報,1130110,宣傳支出,振勝國際行銷有限公司,90022808,0.00,341250.00,,,,播放、傳送或刊登宣傳廣告費用,金錢,桃園市桃園區****,,否,,,,,,,
316,徐巧芯,113年立法委員選舉,首次申報,1130110,宣傳支出,翌風創意行銷有限公司,90099931,0.00,1892100.00,,,,其他與選舉宣傳有關之費用,金錢,臺北市中山區****,,否,,,,,,,
317,徐巧芯,113年立法委員選舉,首次申報,1130110,租用競選辦事處支出,周來于,A20*******,0.00,37500.00,,,,租用競選辦事處費用,金錢,臺北市信義區****,,否,,,,,,,
318,徐巧芯,113年立法委員選舉,首次申報,1130111,宣傳支出,臺北吳興郵局,,0.00,1472.00,,,,郵寄競選物品或宣傳廣告費用,金錢,臺北市信義區****,,否,,,,,,,
319,徐巧芯,113年立法委員選舉,首次申報,1130111,雜支支出,富溢興商行,38567997,0.00,230.00,,,,餐飲費用,金錢,,,否,,,,,,,
320,徐巧芯,113年立法委員選舉,首次申報,1130112,雜支支出,南村麵館,25680433,0.00,570.00,,,,餐飲費用,金錢,,,否,,,,,,,
321,徐巧芯,113年立法委員選舉,首次申報,1130112,雜支支出,全家便利商店股份有限公司-台北市第五六五分公司,43062477,0.00,55.00,,,,雜項購置或修繕費用,金錢,,,否,,,,,,,
322,徐巧芯,113年立法委員選舉,首次申報,1130112,雜支支出,應援科技股份有限公司,83763685,0.00,1292.00,,,,第三方平台手續費,金錢,臺北市內湖區****,,否,,,,,,,
323,徐巧芯,113年立法委員選舉,首次申報,1130112,雜支支出,威富管理顧問有限公司復興分公司,89116481,0.00,2430.00,,,,餐飲費用,金錢,,,否,,,,,,,
324,徐巧芯,113年立法委員選舉,首次申報,1130114,雜支支出,鹿家莊麵食館,81782118,0.00,885.00,,,,餐飲費用,金錢,,,否,,,,,,,
325,徐巧芯,113年立法委員選舉,首次申報,1130115,交通旅運支出,計程車,,0.00,210.00,,,,搭乘交通工具費用,金錢,,8965*****,否,,,,,,,
326,徐巧芯,113年立法委員選舉,首次申報,1130115,公共關係費用支出,一修花苑,72930497,0.00,3000.00,,,,為民服務費用,金錢,,,否,,,,,,,
327,徐巧芯,113年立法委員選舉,首次申報,1130115,租用宣傳車輛支出,官益設計有限公司,90669545,0.00,150000.00,,,,租用宣傳車輛費用,金錢,新竹縣竹北市****,,否,,,,,,,
328,徐巧芯,113年立法委員選舉,首次申報,1130115,人事費用支出,陳建龍,F13*******,0.00,3000.00,,,,其他因工作酬勞之給付,金錢,新北市中和區****,,否,,,,,,,
329,徐巧芯,113年立法委員選舉,首次申報,1130116,宣傳支出,臺北莊敬路第62郵政代辦所,,0.00,84.00,,,,郵寄競選物品或宣傳廣告費用,金錢,臺北市信義區****,,否,,,,,,,
330,徐巧芯,113年立法委員選舉,首次申報,1130116,宣傳支出,三通網資訊股份有限公司,70561948,0.00,111981.00,,,,發送電信簡訊費用,金錢,臺北市內湖區****,,否,,,,,,,
331,徐巧芯,113年立法委員選舉,首次申報,1130117,宣傳支出,達日好胖卡行銷有限公司,42650639,0.00,203175.00,,,,租用廣告看板或車體廣告費用,金錢,臺北市松山區****,,否,,,,,,,
332,徐巧芯,113年立法委員選舉,首次申報,1130118,宣傳支出,圖靈數位股份有限公司,42696889,0.00,16862.00,,,,播放、傳送或刊登宣傳廣告費用,金錢,臺北市中正區****,,否,,,,,,,
333,徐巧芯,113年立法委員選舉,首次申報,1130118,宣傳支出,圖靈數位股份有限公司,42696889,0.00,57189.00,,,,播放、傳送或刊登宣傳廣告費用,金錢,臺北市中正區****,,否,,,,,,,
334,徐巧芯,113年立法委員選舉,首次申報,1130118,雜支支出,朱豐璋刻印部,81752803,0.00,1050.00,,,,雜項購置或修繕費用,金錢,,,否,,,,,,,
335,徐巧芯,113年立法委員選舉,首次申報,1130119,宣傳支出,泓景廣告工程有限公司,16855880,0.00,112350.00,,,,製作競選物品或宣傳廣告費用,金錢,新北市三重區****,,否,,,,,,,
336,徐巧芯,113年立法委員選舉,首次申報,1130119,宣傳支出,泓景廣告工程有限公司,16855880,0.00,86100.00,,,,製作競選物品或宣傳廣告費用,金錢,新北市三重區****,,否,,,,,,,
337,徐巧芯,113年立法委員選舉,首次申報,1130119,集會支出,達日好胖卡行銷有限公司,42650639,0.00,31500.00,,,,餐飲費用,金錢,臺北市松山區****,,否,,,,,,,
338,徐巧芯,113年立法委員選舉,首次申報,1130122,宣傳支出,燦坤生醫有限公司,94177178,0.00,17168.00,,,,製作競選物品或宣傳廣告費用,金錢,彰化縣鹿港鎮****,,否,,,,,,,
339,徐巧芯,113年立法委員選舉,首次申報,1130123,宣傳支出,臺北吳興郵局,,0.00,24.00,,,,郵寄競選物品或宣傳廣告費用,金錢,臺北市信義區****,,否,,,,,,,
340,徐巧芯,113年立法委員選舉,首次申報,1130123,宣傳支出,泓景廣告工程有限公司,16855880,0.00,9450.00,,,,製作競選物品或宣傳廣告費用,金錢,新北市三重區****,,否,,,,,,,
341,徐巧芯,113年立法委員選舉,首次申報,1130123,雜支支出,金雨企業股份有限公司,59260902,0.00,25.00,,,,雜項購置或修繕費用,金錢,,,否,,,,,,,
342,徐巧芯,113年立法委員選舉,首次申報,1130124,宣傳支出,臺北莊敬路第62郵政代辦所,,0.00,28.00,,,,郵寄競選物品或宣傳廣告費用,金錢,臺北市信義區****,,否,,,,,,,
343,徐巧芯,113年立法委員選舉,首次申報,1130124,雜支支出,朱豐璋刻印部,81752803,0.00,250.00,,,,雜項購置或修繕費用,金錢,,,否,,,,,,,
344,徐巧芯,113年立法委員選舉,首次申報,1130126,宣傳支出,小點子有限公司,42724597,0.00,17850.00,,,,製作競選物品或宣傳廣告費用,金錢,,,否,,,,,,,
345,徐巧芯,113年立法委員選舉,首次申報,1130129,宣傳支出,昆毅彩色製版股份有限公司,23230476,0.00,72450.00,,,,製作競選物品或宣傳廣告費用,金錢,新北市三重區****,,否,,,,,,,
346,徐巧芯,113年立法委員選舉,首次申報,1130129,交通旅運支出,多元計程車,52621439,0.00,1350.00,,,,搭乘交通工具費用,金錢,,,否,,,,,,,
347,徐巧芯,113年立法委員選舉,首次申報,1130131,宣傳支出,台北逸仙郵局,,0.00,108.00,,,,郵寄競選物品或宣傳廣告費用,金錢,臺北市信義區****,,否,,,,,,,
348,徐巧芯,113年立法委員選舉,首次申報,1130131,人事費用支出,鄭吉安,U12*******,0.00,7000.00,,,,工資或薪津,金錢,新北市五股區****,,否,,,,,,,
349,徐巧芯,113年立法委員選舉,首次申報,1130201,雜支支出,勞工保險局,,0.00,2840.00,,,,勞保費,金錢,臺北市中正區****,,否,,,,,,,
350,徐巧芯,113年立法委員選舉,首次申報,1130201,雜支支出,伯光文具印刷有限公司,21201382,0.00,160.00,,,,雜項購置或修繕費用,金錢,,,否,,,,,,,
351,徐巧芯,113年立法委員選舉,首次申報,1130201,雜支支出,統一超商股份有限公司-台北市第六十三分公司,22555904,0.00,94.00,,,,雜項購置或修繕費用,金錢,,,否,,,,,,,
352,徐巧芯,113年立法委員選舉,首次申報,1130201,宣傳支出,迦勒廣告事業社,72928112,0.00,1305000.00,,,,租用廣告看板或車體廣告費用,金錢,臺北市大安區****,,否,,,,,,,
353,徐巧芯,113年立法委員選舉,首次申報,1130201,宣傳支出,迦勒廣告事業社,72928112,0.00,367870.00,,,,租用廣告看板或車體廣告費用,金錢,臺北市大安區****,,否,,,,,,,
354,徐巧芯,113年立法委員選舉,首次申報,1130201,雜支支出,樂子國際股份有限公司瑞安分公司,90546328,0.00,5247.00,,,,餐飲費用,金錢,,,否,,,,,,,
355,徐巧芯,113年立法委員選舉,首次申報,1130202,雜支支出,全民健康保險局,,0.00,1622.00,,,,健保費,金錢,臺北市大安區****,,否,,,,,,,
356,徐巧芯,113年立法委員選舉,首次申報,1130202,租用競選辦事處支出,台北自來水事業處,,0.00,189.00,,,,其他與租用競選辦事處有關之費用,金錢,臺北市大安區****,,否,,,,,,,
357,徐巧芯,113年立法委員選舉,首次申報,1130202,宣傳支出,台北逸仙郵局,,0.00,190.00,,,,郵寄競選物品或宣傳廣告費用,金錢,臺北市信義區****,,否,,,,,,,
358,徐巧芯,113年立法委員選舉,首次申報,1130202,雜支支出,朱豐璋刻印部,81752803,0.00,300.00,,,,雜項購置或修繕費用,金錢,,,否,,,,,,,
359,徐巧芯,113年立法委員選舉,首次申報,1130203,公共關係費用支出,一修花苑,72930497,0.00,3000.00,,,,為民服務費用,金錢,,,否,,,,,,,
360,徐巧芯,113年立法委員選舉,首次申報,1130204,雜支支出,道德小吃店,48981349,0.00,630.00,,,,餐飲費用,金錢,,,否,,,,,,,
361,徐巧芯,113年立法委員選舉,首次申報,1130411,返還捐贈支出,奧普特光學有限公司,53124395,0.00,500.00,,,,返還,金錢,台中市大里區****,,否,,,,,,,
