﻿序號,擬參選人／政黨,選舉名稱,申報序號／年度,交易日期,收支科目,捐贈者／支出對象,身分證／統一編號,收入金額,支出金額,支出用途,金錢類,地址,聯絡電話,資料更正日期
1,楊弘旻,107年縣(市)議員選舉,首次申報,1071028,營利事業捐贈收入,昱展企業社,09646895,20000.00,0.00,,金錢,,,
2,楊弘旻,107年縣(市)議員選舉,首次申報,1071028,營利事業捐贈收入,遠東鈦金科技公司,23874434,80000.00,0.00,,金錢,宜蘭縣冬山鄉****,,
3,楊弘旻,107年縣(市)議員選舉,首次申報,1071028,個人捐贈收入,袁智麗,A20*******,2000.00,0.00,,金錢,臺北市士林區****,,
4,楊弘旻,107年縣(市)議員選舉,首次申報,1071028,個人捐贈收入,王信庸,G10*******,10000.00,0.00,,金錢,宜蘭縣冬山鄉****,,
5,楊弘旻,107年縣(市)議員選舉,首次申報,1071028,個人捐贈收入,莊禮綸,G22*******,10000.00,0.00,,金錢,宜蘭縣羅東鎮****,,
6,楊弘旻,107年縣(市)議員選舉,首次申報,1071030,個人捐贈收入,楊弘霖,G12*******,10000.00,0.00,,金錢,,,
7,楊弘旻,107年縣(市)議員選舉,首次申報,1071106,營利事業捐贈收入,祥紀企業有限公司,42090670,10000.00,0.00,,金錢,,,
8,楊弘旻,107年縣(市)議員選舉,首次申報,1071106,個人捐贈收入,張幸雄,A10*******,5000.00,0.00,,金錢,,,
9,楊弘旻,107年縣(市)議員選舉,首次申報,1071111,個人捐贈收入,王信豐,G10*******,10000.00,0.00,,金錢,,,
10,楊弘旻,107年縣(市)議員選舉,首次申報,1071122,個人捐贈收入,吳冠緯,G12*******,20000.00,0.00,,金錢,,,
11,楊弘旻,107年縣(市)議員選舉,首次申報,1071123,營利事業捐贈收入,慶達石化工業有限公司,89827341,18000.00,0.00,,金錢,宜蘭縣冬山鄉****,0913*****,
