﻿序號,擬參選人／政黨,選舉名稱,申報序號／年度,交易日期,收支科目,捐贈者／支出對象,身分證／統一編號,收入金額,支出金額,捐贈方式,存入專戶日期,返還/繳庫,支出用途,金錢類,地址,聯絡電話,應揭露之支出對象,支出對象之內部人員姓名,支出對象之內部人員職稱,政黨之內部人員姓名,政黨之內部人員職稱,關係,更正註記,資料更正日期
1,歐彥志,111年花蓮縣花蓮市市民代表選舉,首次申報,1110901,個人捐贈收入,莊蕙鴻,U22*******,20000.00,0.00,匯款,1110901,,,金錢,花蓮縣吉安鄉****,0930*****,,,,,,,,
2,歐彥志,111年花蓮縣花蓮市市民代表選舉,首次申報,1111004,個人捐贈收入,黃志鏘,U12*******,2000.00,0.00,現金,1111004,,,金錢,花蓮縣花蓮市****,0919*****,,,,,,,,
3,歐彥志,111年花蓮縣花蓮市市民代表選舉,首次申報,1111109,個人捐贈收入,林純雯,B22*******,5000.00,0.00,匯款,1111109,,,金錢,花蓮縣花蓮市****,0928*****,,,,,,,,
4,歐彥志,111年花蓮縣花蓮市市民代表選舉,首次申報,1111123,個人捐贈收入,江淑君,U20*******,10000.00,0.00,現金,1111130,,,金錢,花蓮縣花蓮市****,0920*****,,,,,,,,
