﻿序號,擬參選人／政黨,選舉名稱,申報序號／年度,交易日期,收支科目,捐贈者／支出對象,身分證／統一編號,收入金額,支出金額,支出用途,金錢類,地址,聯絡電話,資料更正日期
1,一邊一國行動黨,,108,1080923,雜支支出,立法院郵局,,0.00,160.00,其他為維持日常運作所必要之相關費用,金錢,台北市中正區****,,
2,一邊一國行動黨,,108,1080924,雜支支出,立法院郵局,,0.00,55.00,其他為維持日常運作所必要之相關費用,金錢,台北市中正區****,,
3,一邊一國行動黨,,108,1080925,雜支支出,立法院郵局,,0.00,40.00,其他為維持日常運作所必要之相關費用,金錢,台北市中正區****,,
4,一邊一國行動黨,,108,1080927,雜支支出,立法院郵局,,0.00,60.00,其他為維持日常運作所必要之相關費用,金錢,台北市中正區****,,
5,一邊一國行動黨,,108,1081001,選務費用支出,南星廣告製旗有限公司,28128387,0.00,204225.00,製作競選物品或宣傳廣告費用,金錢,彰化縣永靖鄉****,,
6,一邊一國行動黨,,108,1081002,公共關係費用支出,社團法人台灣北社,15561459,0.00,20000.00,文康活動費用,金錢,,,
7,一邊一國行動黨,,108,1081002,雜支支出,王記五金鎖行,77139468,0.00,450.00,文具用品費用,金錢,,,
8,一邊一國行動黨,,108,1081002,雜支支出,松澤日本料理店,45700859,0.00,20000.00,餐飲費用,金錢,,,
9,一邊一國行動黨,,108,1081002,選務費用支出,順美模特兒衣架行,55714348,0.00,6960.00,其他與選舉有關之費用,金錢,,,
10,一邊一國行動黨,,108,1081002,選務費用支出,財團法人國立臺灣大學校友會文化基金會校友聯誼社,05140016,0.00,2700.00,租用選舉場地費用,金錢,,,
11,一邊一國行動黨,,108,1081002,業務費用支出,台灣高速鐵路股份有限公司,16446274,0.00,2670.00,交通旅運費用,金錢,,,
12,一邊一國行動黨,,108,1081002,雜支支出,NPC全國加油站,34903273,0.00,770.00,汽機車燃料費用,金錢,,,
13,一邊一國行動黨,,108,1081002,雜支支出,賓王大旅社股份有限公司,07649278,0.00,21580.00,餐飲費用,金錢,,,
14,一邊一國行動黨,,108,1081002,選務費用支出,周德鑫,H12*******,0.00,100000.00,委託辦理研究、評估、調查、設計或規劃費用,金錢,臺北市文山區****,,
15,一邊一國行動黨,,108,1081002,雜支支出,臺灣臺北地方法院,,0.00,1000.00,其他為維持日常運作所必要之相關費用,金錢,臺北市中正區****,,
16,一邊一國行動黨,,108,1081002,雜支支出,神捷電子有限公司,24470419,0.00,1155.00,文具用品費用,金錢,,,
17,一邊一國行動黨,,108,1081002,雜支支出,食泉小吃店,99845071,0.00,960.00,餐飲費用,金錢,,,
18,一邊一國行動黨,,108,1081002,雜支支出,合舜行,33947941,0.00,200.00,文具用品費用,金錢,,,
19,一邊一國行動黨,,108,1081002,人事費用支出,陳鈺淇,E22*******,0.00,15000.00,工資或薪津,金錢,新北市石門區****,,
20,一邊一國行動黨,,108,1081002,人事費用支出,江東融,G12*******,0.00,15637.00,工資或薪津,金錢,臺北市中正區****,,
21,一邊一國行動黨,,108,1081002,雜支支出,立法院郵局,,0.00,80.00,其他為維持日常運作所必要之相關費用,金錢,台北市中正區****,,
22,一邊一國行動黨,,108,1081003,雜支支出,立法院郵局,,0.00,20.00,其他為維持日常運作所必要之相關費用,金錢,台北市中正區****,,
23,一邊一國行動黨,,108,1081004,選務費用支出,建明美術印刷有限公司,23093085,0.00,119438.00,製作競選物品或宣傳廣告費用,金錢,臺中市北區健****,,
24,一邊一國行動黨,,108,1081004,雜支支出,立法院郵局,,0.00,30.00,其他為維持日常運作所必要之相關費用,金錢,台北市中正區****,,
25,一邊一國行動黨,,108,1081007,選務費用支出,蔡祺昌,D12*******,0.00,45000.00,租用廣告看板或車體廣告費用,金錢,臺南市中西區****,,
26,一邊一國行動黨,,108,1081007,雜支支出,台糖加油站,67929689,0.00,1560.00,汽機車燃料費用,金錢,,,
27,一邊一國行動黨,,108,1081007,雜支支出,金牌加油站,16660908,0.00,1400.00,汽機車燃料費用,金錢,,,
28,一邊一國行動黨,,108,1081007,雜支支出,台灣中油,02980753,0.00,1510.00,汽機車燃料費用,金錢,,,
29,一邊一國行動黨,,108,1081007,雜支支出,台灣中油,47426793,0.00,1478.00,汽機車燃料費用,金錢,,,
30,一邊一國行動黨,,108,1081007,雜支支出,台灣中油,14760635,0.00,1500.00,汽機車燃料費用,金錢,,,
31,一邊一國行動黨,,108,1081007,雜支支出,山隆加油站,39752788,0.00,1000.00,汽機車燃料費用,金錢,,,
32,一邊一國行動黨,,108,1081007,選務費用支出,南星廣告製旗有限公司,28128387,0.00,194250.00,製作競選物品或宣傳廣告費用,金錢,彰化縣永靖鄉****,,
33,一邊一國行動黨,,108,1081007,雜支支出,立法院郵局,,0.00,90.00,其他為維持日常運作所必要之相關費用,金錢,台北市中正區****,,
34,一邊一國行動黨,,108,1081008,選務費用支出,周德鑫,H12*******,0.00,100000.00,委託辦理研究、評估、調查、設計或規劃費用,金錢,臺北市文山區****,,
35,一邊一國行動黨,,108,1081008,雜支支出,立法院郵局,,0.00,30.00,其他為維持日常運作所必要之相關費用,金錢,台北市中正區****,,
36,一邊一國行動黨,,108,1081014,選務費用支出,南星廣告製旗有限公司,28128387,0.00,331800.00,製作競選物品或宣傳廣告費用,金錢,彰化縣永靖鄉****,,
37,一邊一國行動黨,,108,1081014,選務費用支出,諸羅山塑膠行,18284850,0.00,4400.00,其他與選舉有關之費用,金錢,,,
38,一邊一國行動黨,,108,1081014,雜支支出,橋鼎紙業有限公司,53872855,0.00,1260.00,雜項購置或修繕費用,金錢,,,
39,一邊一國行動黨,,108,1081014,雜支支出,NPC全國加油站,18205899,0.00,850.00,汽機車燃料費用,金錢,,,
40,一邊一國行動黨,,108,1081014,雜支支出,台灣中油,99141880,0.00,1500.00,汽機車燃料費用,金錢,,,
41,一邊一國行動黨,,108,1081014,雜支支出,山隆加油站,25796342,0.00,1510.00,汽機車燃料費用,金錢,,,
42,一邊一國行動黨,,108,1081014,雜支支出,台灣中油,81378692,0.00,1500.00,汽機車燃料費用,金錢,,,
43,一邊一國行動黨,,108,1081014,雜支支出,立法院郵局,,0.00,60.00,其他為維持日常運作所必要之相關費用,金錢,台北市中正區****,,
44,一邊一國行動黨,,108,1081014,雜支支出,立法院郵局,,0.00,100.00,其他為維持日常運作所必要之相關費用,金錢,台北市中正區****,,
45,一邊一國行動黨,,108,1081015,雜支支出,立法院郵局,,0.00,20.00,其他為維持日常運作所必要之相關費用,金錢,台北市中正區****,,
46,一邊一國行動黨,,108,1081016,雜支支出,立法院郵局,,0.00,15.00,其他為維持日常運作所必要之相關費用,金錢,台北市中正區****,,
47,一邊一國行動黨,,108,1081017,選務費用支出,建明美術印刷有限公司,23093085,0.00,119438.00,製作競選物品或宣傳廣告費用,金錢,臺中市北區健****,,
48,一邊一國行動黨,,108,1081017,選務費用支出,誠采實業股份有限公司,70463067,0.00,45900.00,製作競選物品或宣傳廣告費用,金錢,新北市樹林區****,,
49,一邊一國行動黨,,108,1081017,雜支支出,立法院郵局,,0.00,30.00,其他為維持日常運作所必要之相關費用,金錢,台北市中正區****,,
50,一邊一國行動黨,,108,1081017,雜支支出,立法院郵局,,0.00,20.00,其他為維持日常運作所必要之相關費用,金錢,台北市中正區****,,
51,一邊一國行動黨,,108,1081018,選務費用支出,南上廣告行,10421748,0.00,26985.00,製作競選物品或宣傳廣告費用,金錢,,,
52,一邊一國行動黨,,108,1081018,選務費用支出,宗取事業有限公司,54866418,0.00,220815.00,租用廣告看板或車體廣告費用,金錢,新北市板橋區****,,
53,一邊一國行動黨,,108,1081018,雜支支出,立法院郵局,,0.00,60.00,其他為維持日常運作所必要之相關費用,金錢,台北市中正區****,,
54,一邊一國行動黨,,108,1081018,雜支支出,立法院郵局,,0.00,35.00,其他為維持日常運作所必要之相關費用,金錢,台北市中正區****,,
55,一邊一國行動黨,,108,1081019,雜支支出,立法院郵局,,0.00,15.00,其他為維持日常運作所必要之相關費用,金錢,台北市中正區****,,
56,一邊一國行動黨,,108,1081021,選務費用支出,好印象廣告企業社,40885929,0.00,29000.00,租用廣告看板或車體廣告費用,金錢,,,
57,一邊一國行動黨,,108,1081021,選務費用支出,生洋網路股份有限公司,12912875,0.00,31500.00,播放、傳送或刊登宣傳廣告費用,金錢,臺北市松山區****,,
58,一邊一國行動黨,,108,1081021,選務費用支出,蔡蕙芳,R22*******,0.00,24000.00,租用廣告看板或車體廣告費用,金錢,臺南市永康區****,,
59,一邊一國行動黨,,108,1081021,選務費用支出,立法院郵局,,0.00,65.00,郵寄競選物品或宣傳廣告費用,金錢,台北市中正區****,,
60,一邊一國行動黨,,108,1081021,雜支支出,93刀削麵館,98885258,0.00,520.00,餐飲費用,金錢,,,
61,一邊一國行動黨,,108,1081021,雜支支出,立法院郵局,,0.00,90.00,其他為維持日常運作所必要之相關費用,金錢,台北市中正區****,,
62,一邊一國行動黨,,108,1081021,雜支支出,立法院郵局,,0.00,60.00,其他為維持日常運作所必要之相關費用,金錢,台北市中正區****,,
63,一邊一國行動黨,,108,1081022,選務費用支出,斐色廣告事業有限公司,54288901,0.00,37737.00,製作競選物品或宣傳廣告費用,金錢,新北市新莊區****,,
64,一邊一國行動黨,,108,1081022,業務費用支出,陳冠谷,R10*******,0.00,50000.00,其他與業務推展有關之費用,金錢,臺南市官田區****,,
65,一邊一國行動黨,,108,1081022,雜支支出,立法院郵局,,0.00,60.00,其他為維持日常運作所必要之相關費用,金錢,台北市中正區****,,
66,一邊一國行動黨,,108,1081022,雜支支出,立法院郵局,,0.00,15.00,其他為維持日常運作所必要之相關費用,金錢,台北市中正區****,,
67,一邊一國行動黨,,108,1081023,選務費用支出,大方廣告,05988912,0.00,2500.00,製作競選物品或宣傳廣告費用,金錢,,,
68,一邊一國行動黨,,108,1081023,選務費用支出,大方廣告,05988912,0.00,8500.00,製作競選物品或宣傳廣告費用,金錢,,,
69,一邊一國行動黨,,108,1081023,選務費用支出,三泰電子材料行,60213816,0.00,1300.00,其他與選舉有關之費用,金錢,,,
70,一邊一國行動黨,,108,1081023,選務費用支出,三泰電子材料行,60213816,0.00,4100.00,其他與選舉有關之費用,金錢,,,
71,一邊一國行動黨,,108,1081023,選務費用支出,大方廣告,05988912,0.00,8000.00,租用廣告看板或車體廣告費用,金錢,,,
72,一邊一國行動黨,,108,1081023,選務費用支出,大方廣告,05988912,0.00,2000.00,租用廣告看板或車體廣告費用,金錢,,,
73,一邊一國行動黨,,108,1081023,選務費用支出,同心圓廣告製旗企業社,84016028,0.00,63000.00,製作競選物品或宣傳廣告費用,金錢,臺中市大雅區****,,
74,一邊一國行動黨,,108,1081023,雜支支出,立法院郵局,,0.00,30.00,其他為維持日常運作所必要之相關費用,金錢,台北市中正區****,,
75,一邊一國行動黨,,108,1081023,雜支支出,立法院郵局,,0.00,40.00,其他為維持日常運作所必要之相關費用,金錢,台北市中正區****,,
76,一邊一國行動黨,,108,1081024,選務費用支出,吳武麥,R10*******,0.00,12000.00,租用廣告看板或車體廣告費用,金錢,臺南市中華東****,,
77,一邊一國行動黨,,108,1081024,選務費用支出,張裕昌,D12*******,0.00,12000.00,租用廣告看板或車體廣告費用,金錢,臺南市北區文****,,
78,一邊一國行動黨,,108,1081024,雜支支出,立法院郵局,,0.00,60.00,其他為維持日常運作所必要之相關費用,金錢,台北市中正區****,,
79,一邊一國行動黨,,108,1081024,雜支支出,立法院郵局,,0.00,40.00,其他為維持日常運作所必要之相關費用,金錢,台北市中正區****,,
80,一邊一國行動黨,,108,1081025,捐贈其推薦之公職候選人競選費用支出,林志文,D12*******,0.00,50000.00,捐贈其推薦之公職候選人競選費用,金錢,臺南市永康區****,,
81,一邊一國行動黨,,108,1081029,選務費用支出,南星廣告製旗有限公司,28128387,0.00,238350.00,製作競選物品或宣傳廣告費用,金錢,彰化縣永靖鄉****,,
82,一邊一國行動黨,,108,1081029,業務費用支出,周崇德,B10*******,0.00,16138.00,其他與業務推展有關之費用,金錢,臺中市北屯區****,,
83,一邊一國行動黨,,108,1081029,雜支支出,立法院郵局,,0.00,60.00,其他為維持日常運作所必要之相關費用,金錢,台北市中正區****,,
84,一邊一國行動黨,,108,1081029,雜支支出,立法院郵局,,0.00,60.00,其他為維持日常運作所必要之相關費用,金錢,台北市中正區****,,
85,一邊一國行動黨,,108,1081029,選務費用支出,翔頂廣告有限公司,27632275,0.00,8932.00,製作競選物品或宣傳廣告費用,金錢,,,
86,一邊一國行動黨,,108,1081029,選務費用支出,詹皓宇,A12*******,0.00,7500.00,其他與選舉有關之費用,金錢,,,
87,一邊一國行動黨,,108,1081029,雜支支出,立法院郵局,,0.00,20.00,其他為維持日常運作所必要之相關費用,金錢,台北市中正區****,,
88,一邊一國行動黨,,108,1081030,雜支支出,立法院郵局,,0.00,35.00,其他為維持日常運作所必要之相關費用,金錢,台北市中正區****,,
89,一邊一國行動黨,,108,1081031,雜支支出,立法院郵局,,0.00,35.00,其他為維持日常運作所必要之相關費用,金錢,台北市中正區****,,
90,一邊一國行動黨,,108,1081101,人事費用支出,江東融,G12*******,0.00,33179.00,工資或薪津,金錢,臺北市中正區****,,
91,一邊一國行動黨,,108,1081101,人事費用支出,陳鈺淇,E22*******,0.00,30000.00,工資或薪津,金錢,新北市石門區****,,
92,一邊一國行動黨,,108,1081101,人事費用支出,邱雅琳,F22*******,0.00,28907.00,工資或薪津,金錢,新北市中和區****,,
93,一邊一國行動黨,,108,1081101,人事費用支出,林忠遠,A10*******,0.00,6700.00,工資或薪津,金錢,臺北市北投區****,,
94,一邊一國行動黨,,108,1081101,人事費用支出,石俊德,D10*******,0.00,9800.00,工資或薪津,金錢,臺北市內湖區****,,
95,一邊一國行動黨,,108,1081101,人事費用支出,許清松,E10*******,0.00,15400.00,工資或薪津,金錢,臺北市內湖區****,,
96,一邊一國行動黨,,108,1081101,雜支支出,立法院郵局,,0.00,40.00,其他為維持日常運作所必要之相關費用,金錢,台北市中正區****,,
97,一邊一國行動黨,,108,1081104,選務費用支出,吳武麥,R10*******,0.00,12000.00,租用廣告看板或車體廣告費用,金錢,臺南市東區中****,,
98,一邊一國行動黨,,108,1081104,選務費用支出,張裕昌,D12*******,0.00,12000.00,租用廣告看板或車體廣告費用,金錢,臺南市北區文****,,
99,一邊一國行動黨,,108,1081104,雜支支出,立法院郵局,,0.00,60.00,其他為維持日常運作所必要之相關費用,金錢,台北市中正區****,,
100,一邊一國行動黨,,108,1081104,雜支支出,立法院郵局,,0.00,75.00,其他為維持日常運作所必要之相關費用,金錢,台北市中正區****,,
101,一邊一國行動黨,,108,1081105,選務費用支出,好印象廣告企業社,40885929,0.00,32944.00,製作競選物品或宣傳廣告費用,金錢,臺南市永康區****,,
102,一邊一國行動黨,,108,1081105,選務費用支出,南上廣告行,10421748,0.00,5807.00,製作競選物品或宣傳廣告費用,金錢,,,
103,一邊一國行動黨,,108,1081105,雜支支出,立法院郵局,,0.00,60.00,其他為維持日常運作所必要之相關費用,金錢,台北市中正區****,,
104,一邊一國行動黨,,108,1081105,雜支支出,立法院郵局,,0.00,15.00,其他為維持日常運作所必要之相關費用,金錢,台北市中正區****,,
105,一邊一國行動黨,,108,1081106,雜支支出,立法院郵局,,0.00,20.00,其他為維持日常運作所必要之相關費用,金錢,台北市中正區****,,
106,一邊一國行動黨,,108,1081107,選務費用支出,佳佳廣告社,77814145,0.00,25830.00,租用廣告看板或車體廣告費用,金錢,,,
107,一邊一國行動黨,,108,1081107,雜支支出,立法院郵局,,0.00,30.00,其他為維持日常運作所必要之相關費用,金錢,台北市中正區****,,
108,一邊一國行動黨,,108,1081107,雜支支出,立法院郵局,,0.00,20.00,其他為維持日常運作所必要之相關費用,金錢,台北市中正區****,,
109,一邊一國行動黨,,108,1081108,雜支支出,立法院郵局,,0.00,40.00,其他為維持日常運作所必要之相關費用,金錢,台北市中正區****,,
110,一邊一國行動黨,,108,1081111,業務費用支出,周崇德,B10*******,0.00,33117.00,其他與業務推展有關之費用,金錢,臺中市北屯區****,,
111,一邊一國行動黨,,108,1081111,選務費用支出,蔡炳輝,L10*******,0.00,20000.00,租用廣告看板或車體廣告費用,金錢,臺中市沙鹿區****,,
112,一邊一國行動黨,,108,1081111,選務費用支出,廖品,B20*******,0.00,10000.00,租用廣告看板或車體廣告費用,金錢,臺中市東大路****,,
113,一邊一國行動黨,,108,1081111,選務費用支出,南星廣告製旗有限公司,28128387,0.00,26250.00,製作競選物品或宣傳廣告費用,金錢,,,
114,一邊一國行動黨,,108,1081111,選務費用支出,南星廣告製旗有限公司,28128387,0.00,77700.00,製作競選物品或宣傳廣告費用,金錢,彰化縣永靖鄉****,,
115,一邊一國行動黨,,108,1081111,選務費用支出,傅有成,E12*******,0.00,18000.00,租用廣告看板或車體廣告費用,金錢,臺南市新化區****,,
116,一邊一國行動黨,,108,1081111,雜支支出,立法院郵局,,0.00,60.00,其他為維持日常運作所必要之相關費用,金錢,台北市中正區****,,
117,一邊一國行動黨,,108,1081111,雜支支出,立法院郵局,,0.00,75.00,其他為維持日常運作所必要之相關費用,金錢,台北市中正區****,,
118,一邊一國行動黨,,108,1081112,選務費用支出,吳竣彥,S12*******,0.00,39600.00,播放、傳送或刊登宣傳廣告費用,金錢,臺中市沙鹿區****,,
119,一邊一國行動黨,,108,1081112,選務費用支出,李桃,R20*******,0.00,5400.00,播放、傳送或刊登宣傳廣告費用,金錢,臺中市大雅區****,,
120,一邊一國行動黨,,108,1081112,選務費用支出,青水彩色印刷股份有限公司,55674802,0.00,59850.00,製作競選物品或宣傳廣告費用,金錢,臺中市清水區****,,
121,一邊一國行動黨,,108,1081112,雜支支出,立法院郵局,,0.00,30.00,其他為維持日常運作所必要之相關費用,金錢,台北市中正區****,,
122,一邊一國行動黨,,108,1081112,雜支支出,立法院郵局,,0.00,20.00,其他為維持日常運作所必要之相關費用,金錢,台北市中正區****,,
123,一邊一國行動黨,,108,1081113,選務費用支出,連美廣告社,18330720,0.00,26500.00,製作競選物品或宣傳廣告費用,金錢,F臺中縣烏日****,,
124,一邊一國行動黨,,108,1081113,人事費用支出,賴淑齡,N22*******,0.00,5950.00,工資或薪津,金錢,新北市永和區****,,
125,一邊一國行動黨,,108,1081113,雜支支出,立法院郵局,,0.00,30.00,其他為維持日常運作所必要之相關費用,金錢,台北市中正區****,,
126,一邊一國行動黨,,108,1081113,雜支支出,立法院郵局,,0.00,40.00,其他為維持日常運作所必要之相關費用,金錢,台北市中正區****,,
127,一邊一國行動黨,,108,1081115,選務費用支出,吳武麥,R10*******,0.00,12000.00,租用廣告看板或車體廣告費用,金錢,臺南市中華東****,,
128,一邊一國行動黨,,108,1081115,選務費用支出,張裕昌,D12*******,0.00,12000.00,租用廣告看板或車體廣告費用,金錢,臺南市北區文****,,
129,一邊一國行動黨,,108,1081115,雜支支出,立法院郵局,,0.00,60.00,其他為維持日常運作所必要之相關費用,金錢,台北市中正區****,,
130,一邊一國行動黨,,108,1081115,雜支支出,立法院郵局,,0.00,60.00,其他為維持日常運作所必要之相關費用,金錢,台北市中正區****,,
131,一邊一國行動黨,,108,1081118,雜支支出,立法院郵局,,0.00,55.00,其他為維持日常運作所必要之相關費用,金錢,台北市中正區****,,
132,一邊一國行動黨,,108,1081119,選務費用支出,賴居信,N10*******,0.00,28800.00,播放、傳送或刊登宣傳廣告費用,金錢,彰化縣大村鄉****,,
133,一邊一國行動黨,,108,1081119,選務費用支出,同心圓廣告旗幟企業社,84016028,0.00,30000.00,製作競選物品或宣傳廣告費用,金錢,臺中市大雅區****,,
134,一邊一國行動黨,,108,1081119,選務費用支出,謝文雄,M10*******,0.00,5000.00,租用廣告看板或車體廣告費用,金錢,臺中市大里區****,,
135,一邊一國行動黨,,108,1081119,雜支支出,立法院郵局,,0.00,30.00,其他為維持日常運作所必要之相關費用,金錢,台北市中正區****,,
136,一邊一國行動黨,,108,1081119,雜支支出,立法院郵局,,0.00,60.00,其他為維持日常運作所必要之相關費用,金錢,台北市中正區****,,
137,一邊一國行動黨,,108,1081120,雜支支出,立法院郵局,,0.00,20.00,其他為維持日常運作所必要之相關費用,金錢,台北市中正區****,,
138,一邊一國行動黨,,108,1081121,雜支支出,立法院郵局,,0.00,75.00,其他為維持日常運作所必要之相關費用,金錢,台北市中正區****,,
139,一邊一國行動黨,,108,1081125,雜支支出,金和電料行,83921397,0.00,105000.00,雜項購置或修繕費用,金錢,臺北市中正區****,,
140,一邊一國行動黨,,108,1081125,雜支支出,立法院郵局,,0.00,30.00,其他為維持日常運作所必要之相關費用,金錢,台北市中正區****,,
141,一邊一國行動黨,,108,1081125,雜支支出,立法院郵局,,0.00,260.00,其他為維持日常運作所必要之相關費用,金錢,台北市中正區****,,
142,一邊一國行動黨,,108,1081126,選務費用支出,吳峻彥,S12*******,0.00,18000.00,播放、傳送或刊登宣傳廣告費用,金錢,臺中市沙鹿區****,,
143,一邊一國行動黨,,108,1081126,選務費用支出,謝文雄,M10*******,0.00,5000.00,播放、傳送或刊登宣傳廣告費用,金錢,臺中市大里區****,,
144,一邊一國行動黨,,108,1081126,選務費用支出,吳武麥,R10*******,0.00,12000.00,播放、傳送或刊登宣傳廣告費用,金錢,臺南市中華路****,,
145,一邊一國行動黨,,108,1081126,選務費用支出,張裕昌,D12*******,0.00,12000.00,播放、傳送或刊登宣傳廣告費用,金錢,臺南市北區文****,,
146,一邊一國行動黨,,108,1081126,雜支支出,立法院郵局,,0.00,60.00,其他為維持日常運作所必要之相關費用,金錢,台北市中正區****,,
147,一邊一國行動黨,,108,1081126,雜支支出,立法院郵局,,0.00,140.00,其他為維持日常運作所必要之相關費用,金錢,台北市中正區****,,
148,一邊一國行動黨,,108,1081127,業務費用支出,周崇德,B10*******,0.00,18880.00,其他與業務推展有關之費用,金錢,臺中市北屯區****,,
149,一邊一國行動黨,,108,1081127,選務費用支出,南星廣告製旗有限公司,28128387,0.00,47250.00,製作競選物品或宣傳廣告費用,金錢,彰化縣永靖鄉****,,
150,一邊一國行動黨,,108,1081127,選務費用支出,南星廣告製旗有限公司,28128387,0.00,54600.00,製作競選物品或宣傳廣告費用,金錢,彰化縣永靖鄉****,,
151,一邊一國行動黨,,108,1081127,雜支支出,立法院郵局,,0.00,200.00,其他為維持日常運作所必要之相關費用,金錢,台北市中正區****,,
152,一邊一國行動黨,,108,1081128,雜支支出,立法院郵局,,0.00,155.00,其他為維持日常運作所必要之相關費用,金錢,台北市中正區****,,
153,一邊一國行動黨,,108,1081129,人事費用支出,許清松,E10*******,0.00,16100.00,工資或薪津,金錢,臺北市內湖區****,,
154,一邊一國行動黨,,108,1081129,人事費用支出,石俊德,D10*******,0.00,15400.00,工資或薪津,金錢,臺北市內湖區****,,
155,一邊一國行動黨,,108,1081129,人事費用支出,陳鈺淇,E22*******,0.00,30000.00,工資或薪津,金錢,新北市石門區****,,
156,一邊一國行動黨,,108,1081129,人事費用支出,江東融,G12*******,0.00,33179.00,工資或薪津,金錢,臺北市中正區****,,
157,一邊一國行動黨,,108,1081129,人事費用支出,邱雅琳,F22*******,0.00,28907.00,工資或薪津,金錢,新北市中和區****,,
158,一邊一國行動黨,,108,1081129,人事費用支出,林忠遠,A10*******,0.00,6054.00,工資或薪津,金錢,臺北市北投區****,,
159,一邊一國行動黨,,108,1081129,雜支支出,立法院郵局,,0.00,335.00,其他為維持日常運作所必要之相關費用,金錢,台北市中正區****,,
160,一邊一國行動黨,,108,1081202,人事費用支出,郭鴻銘,A12*******,0.00,40000.00,工資或薪津,金錢,臺北市中山區****,,
161,一邊一國行動黨,,108,1081202,人事費用支出,葉柏祥,Q12*******,0.00,100000.00,工資或薪津,金錢,新北市新店區****,,
162,一邊一國行動黨,,108,1081202,雜支支出,立法院郵局,,0.00,390.00,其他為維持日常運作所必要之相關費用,金錢,台北市中正區****,,
163,一邊一國行動黨,,108,1081203,捐贈其推薦之公職候選人競選費用支出,林志文,D12*******,0.00,165000.00,捐贈其推薦之公職候選人競選費用,金錢,臺南市永康區****,,
164,一邊一國行動黨,,108,1081203,選務費用支出,建明美術印刷有限公司,23093085,0.00,125738.00,製作競選物品或宣傳廣告費用,金錢,臺中市北區忠****,,
165,一邊一國行動黨,,108,1081203,雜支支出,立法院郵局,,0.00,210.00,其他為維持日常運作所必要之相關費用,金錢,台北市中正區****,,
166,一邊一國行動黨,,108,1081204,雜支支出,藍光多媒體有限公司,24253834,0.00,16490.00,雜項購置或修繕費用,金錢,臺中市西區台****,,
167,一邊一國行動黨,,108,1081204,人事費用支出,陳憲章,B10*******,0.00,8100.00,工資或薪津,金錢,新北市板橋區****,,
168,一邊一國行動黨,,108,1081204,人事費用支出,陳雪宜,F22*******,0.00,1400.00,工資或薪津,金錢,新北市板橋區****,,
169,一邊一國行動黨,,108,1081204,雜支支出,立法院郵局,,0.00,30.00,其他為維持日常運作所必要之相關費用,金錢,台北市中正區****,,
170,一邊一國行動黨,,108,1081204,雜支支出,立法院郵局,,0.00,115.00,其他為維持日常運作所必要之相關費用,金錢,台北市中正區****,,
171,一邊一國行動黨,,108,1081205,雜支支出,立法院郵局,,0.00,200.00,其他為維持日常運作所必要之相關費用,金錢,台北市中正區****,,
172,一邊一國行動黨,,108,1081206,選務費用支出,宗取事業有限公司,54866418,0.00,289338.00,租用廣告看板或車體廣告費用,金錢,新北市板橋區****,,
173,一邊一國行動黨,,108,1081206,選務費用支出,青水彩色印刷股份有限公司,55674802,0.00,4678.00,郵寄競選物品或宣傳廣告費用,金錢,臺中市清水區****,,
174,一邊一國行動黨,,108,1081206,雜支支出,立法院郵局,,0.00,60.00,其他為維持日常運作所必要之相關費用,金錢,台北市中正區****,,
175,一邊一國行動黨,,108,1081206,雜支支出,立法院郵局,,0.00,180.00,其他為維持日常運作所必要之相關費用,金錢,台北市中正區****,,
176,一邊一國行動黨,,108,1081207,雜支支出,立法院郵局,,0.00,35.00,其他為維持日常運作所必要之相關費用,金錢,台北市中正區****,,
177,一邊一國行動黨,,108,1081209,雜支支出,立法院郵局,,0.00,290.00,其他為維持日常運作所必要之相關費用,金錢,台北市中正區****,,
178,一邊一國行動黨,,108,1081210,選務費用支出,林文魁,R10*******,0.00,45983.00,播放、傳送或刊登宣傳廣告費用,金錢,臺中市大雅區****,,
179,一邊一國行動黨,,108,1081210,選務費用支出,佳佳廣告社,77814145,0.00,13800.00,播放、傳送或刊登宣傳廣告費用,金錢,,,
180,一邊一國行動黨,,108,1081210,選務費用支出,厚達企業社,26892287,0.00,27000.00,租用廣告看板或車體廣告費用,金錢,南投縣埔里鎮****,,
181,一邊一國行動黨,,108,1081210,雜支支出,典華婚訂資源整合股份有限公司,27530072,0.00,646800.00,餐飲費用,金錢,臺北市中山區****,,
182,一邊一國行動黨,,108,1081210,雜支支出,立法院郵局,,0.00,90.00,其他為維持日常運作所必要之相關費用,金錢,台北市中正區****,,
183,一邊一國行動黨,,108,1081210,雜支支出,立法院郵局,,0.00,40.00,其他為維持日常運作所必要之相關費用,金錢,台北市中正區****,,
184,一邊一國行動黨,,108,1081211,選務費用支出,江詩雯,AD3*******,0.00,250000.00,製作競選物品或宣傳廣告費用,金錢,新北市淡水區****,,
185,一邊一國行動黨,,108,1081211,雜支支出,立法院郵局,,0.00,270.00,其他為維持日常運作所必要之相關費用,金錢,台北市中正區****,,
186,一邊一國行動黨,,108,1081212,雜支支出,立法院郵局,,0.00,35.00,其他為維持日常運作所必要之相關費用,金錢,台北市中正區****,,
187,一邊一國行動黨,,108,1081213,選務費用支出,全景社區廣播電台股份有限公司,89972674,0.00,100000.00,製作競選物品或宣傳廣告費用,金錢,臺北市信義區****,,
188,一邊一國行動黨,,108,1081213,選務費用支出,寶島新聲廣播電台股份有限公司,27311512,0.00,64000.00,播放、傳送或刊登宣傳廣告費用,金錢,臺北市中正區****,,
189,一邊一國行動黨,,108,1081213,雜支支出,立法院郵局,,0.00,60.00,其他為維持日常運作所必要之相關費用,金錢,台北市中正區****,,
190,一邊一國行動黨,,108,1081213,雜支支出,立法院郵局,,0.00,70.00,其他為維持日常運作所必要之相關費用,金錢,台北市中正區****,,
191,一邊一國行動黨,,108,1081216,選務費用支出,佳佳廣告社,77814145,0.00,23000.00,租用廣告看板或車體廣告費用,金錢,雲林縣斗六市****,,
192,一邊一國行動黨,,108,1081216,雜支支出,立法院郵局,,0.00,30.00,其他為維持日常運作所必要之相關費用,金錢,台北市中正區****,,
193,一邊一國行動黨,,108,1081216,雜支支出,立法院郵局,,0.00,80.00,其他為維持日常運作所必要之相關費用,金錢,台北市中正區****,,
194,一邊一國行動黨,,108,1081217,選務費用支出,超合金影音廣告社,38856899,0.00,10500.00,製作競選物品或宣傳廣告費用,金錢,新北市板橋區****,,
195,一邊一國行動黨,,108,1081217,選務費用支出,三立電視股份有限公司,23740512,0.00,200000.00,播放、傳送或刊登宣傳廣告費用,金錢,台北市內湖區****,,
196,一邊一國行動黨,,108,1081217,選務費用支出,趨勢民意調查股份有限公司,53121236,0.00,220000.00,委託辦理研究、評估、調查、設計或規劃費用,金錢,臺北市信義區****,,
197,一邊一國行動黨,,108,1081217,捐贈其推薦之公職候選人競選費用支出,林培基,L10*******,0.00,70000.00,捐贈其推薦之公職候選人競選費用,金錢,臺中市大里區****,,
198,一邊一國行動黨,,108,1081217,雜支支出,立法院郵局,,0.00,90.00,其他為維持日常運作所必要之相關費用,金錢,台北市中正區****,,
199,一邊一國行動黨,,108,1081217,雜支支出,立法院郵局,,0.00,150.00,其他為維持日常運作所必要之相關費用,金錢,台北市中正區****,,
200,一邊一國行動黨,,108,1081218,雜支支出,色彩創意國際有限公司,54870004,0.00,2195.00,雜項購置或修繕費用,金錢,新北市新店區****,,
201,一邊一國行動黨,,108,1081218,選務費用支出,台北流行廣播股份有限公司,89469581,0.00,50000.00,播放、傳送或刊登宣傳廣告費用,金錢,臺北市中正區****,,
202,一邊一國行動黨,,108,1081218,雜支支出,立法院郵局,,0.00,60.00,其他為維持日常運作所必要之相關費用,金錢,台北市中正區****,,
203,一邊一國行動黨,,108,1081218,雜支支出,立法院郵局,,0.00,50.00,其他為維持日常運作所必要之相關費用,金錢,台北市中正區****,,
204,一邊一國行動黨,,108,1081219,選務費用支出,張裕昌,D12*******,0.00,12000.00,租用廣告看板或車體廣告費用,金錢,臺南市北區文****,,
205,一邊一國行動黨,,108,1081219,選務費用支出,吳武麥,R10*******,0.00,12000.00,租用廣告看板或車體廣告費用,金錢,臺南市中華東****,,
206,一邊一國行動黨,,108,1081219,選務費用支出,年代網際事業股份有限公司,05091991,0.00,200000.00,播放、傳送或刊登宣傳廣告費用,金錢,臺北市內湖區****,,
207,一邊一國行動黨,,108,1081219,選務費用支出,誠采實業股份有限公司,70463067,0.00,68907.00,製作競選物品或宣傳廣告費用,金錢,新北市樹林區****,,
208,一邊一國行動黨,,108,1081219,選務費用支出,生洋網路股份有限公司,12912875,0.00,50000.00,委託辦理研究、評估、調查、設計或規劃費用,金錢,臺北市松山區****,,
209,一邊一國行動黨,,108,1081219,雜支支出,大嘉好加油站企業有限公司,23725569,0.00,3660.00,汽機車燃料費用,金錢,,,
210,一邊一國行動黨,,108,1081219,雜支支出,南海加油站,86759930,0.00,1000.00,汽機車燃料費用,金錢,,,
211,一邊一國行動黨,,108,1081219,雜支支出,北基國際股份有限公司,18070787,0.00,1000.00,汽機車燃料費用,金錢,,,
212,一邊一國行動黨,,108,1081219,雜支支出,北基國際股份有限公司,47716982,0.00,100.00,汽機車燃料費用,金錢,,,
213,一邊一國行動黨,,108,1081219,雜支支出,台灣中油林森北路站,01490119,0.00,1408.00,汽機車燃料費用,金錢,,,
214,一邊一國行動黨,,108,1081219,雜支支出,全國電子股份有限公司,28422993,0.00,1105.00,文具用品費用,金錢,,,
215,一邊一國行動黨,,108,1081219,雜支支出,7-ELEVEN,89392444,0.00,91.00,其他為維持日常運作所必要之相關費用,金錢,,,
216,一邊一國行動黨,,108,1081219,雜支支出,萊爾富,24810114,0.00,120.00,其他為維持日常運作所必要之相關費用,金錢,,,
217,一邊一國行動黨,,108,1081219,業務費用支出,城市車旅,42545692,0.00,150.00,交通旅運費用,金錢,,,
218,一邊一國行動黨,,108,1081219,雜支支出,新穎文具行,13398881,0.00,474.00,文具用品費用,金錢,,,
219,一邊一國行動黨,,108,1081219,雜支支出,福霖百貨有限公司,59311141,0.00,1272.00,雜項購置或修繕費用,金錢,,,
220,一邊一國行動黨,,108,1081219,雜支支出,笙閎有限公司,70637454,0.00,250.00,雜項購置或修繕費用,金錢,,,
221,一邊一國行動黨,,108,1081219,選務費用支出,第一廣告工程行,81142090,0.00,1570.00,製作競選物品或宣傳廣告費用,金錢,,,
222,一邊一國行動黨,,108,1081219,選務費用支出,賴淑霞,L20*******,0.00,18550.00,播放、傳送或刊登宣傳廣告費用,金錢,,,
223,一邊一國行動黨,,108,1081219,選務費用支出,華冠閎,E12*******,0.00,35000.00,播放、傳送或刊登宣傳廣告費用,金錢,新北市汐止區****,,
224,一邊一國行動黨,,108,1081219,選務費用支出,鄭珈麗,F22*******,0.00,21000.00,播放、傳送或刊登宣傳廣告費用,金錢,,,
225,一邊一國行動黨,,108,1081219,選務費用支出,陳武從,E10*******,0.00,21000.00,播放、傳送或刊登宣傳廣告費用,金錢,,,
226,一邊一國行動黨,,108,1081219,選務費用支出,陳俊成,E12*******,0.00,21000.00,播放、傳送或刊登宣傳廣告費用,金錢,,,
227,一邊一國行動黨,,108,1081219,業務費用支出,陳淑惠,E20*******,0.00,20000.00,其他與業務推展有關之費用,金錢,,,
228,一邊一國行動黨,,108,1081219,業務費用支出,梁明川,R12*******,0.00,17500.00,其他與業務推展有關之費用,金錢,,,
229,一邊一國行動黨,,108,1081219,選務費用支出,晶美國際商行,99678685,0.00,1800.00,製作競選物品或宣傳廣告費用,金錢,,,
230,一邊一國行動黨,,108,1081219,雜支支出,維德五金行,69644359,0.00,799.00,雜項購置或修繕費用,金錢,,,
231,一邊一國行動黨,,108,1081219,雜支支出,金同利五金行,36836433,0.00,578.00,雜項購置或修繕費用,金錢,,,
232,一邊一國行動黨,,108,1081219,雜支支出,原價屋電腦有限公司,36718739,0.00,450.00,雜項購置或修繕費用,金錢,,,
233,一邊一國行動黨,,108,1081219,雜支支出,大昌路加油站,86451448,0.00,400.00,汽機車燃料費用,金錢,,,
234,一邊一國行動黨,,108,1081219,雜支支出,OKmart,23224988,0.00,210.00,其他為維持日常運作所必要之相關費用,金錢,,,
235,一邊一國行動黨,,108,1081219,雜支支出,立法院郵局,,0.00,90.00,其他為維持日常運作所必要之相關費用,金錢,台北市中正區****,,
236,一邊一國行動黨,,108,1081219,選務費用支出,頭家厝郵局,,0.00,132.00,郵寄競選物品或宣傳廣告費用,金錢,台中市潭子區****,,
237,一邊一國行動黨,,108,1081219,雜支支出,楊楊檳榔店,50677225,0.00,230.00,餐飲費用,金錢,,,
238,一邊一國行動黨,,108,1081219,雜支支出,立法院郵局,,0.00,125.00,其他為維持日常運作所必要之相關費用,金錢,台北市中正區****,,
239,一邊一國行動黨,,108,1081220,人事費用支出,陳俊成,E12*******,0.00,7000.00,工資或薪津,金錢,高雄市鹽埕區****,,
240,一邊一國行動黨,,108,1081220,人事費用支出,陳武從,E10*******,0.00,7000.00,工資或薪津,金錢,高雄市鹽埕區****,,
241,一邊一國行動黨,,108,1081220,人事費用支出,張恭仲,B10*******,0.00,5000.00,工資或薪津,金錢,臺中市太平區****,,
242,一邊一國行動黨,,108,1081220,人事費用支出,吳家根,L10*******,0.00,5000.00,工資或薪津,金錢,臺中市霧峰區****,,
243,一邊一國行動黨,,108,1081220,人事費用支出,余浚暘,B12*******,0.00,5000.00,工資或薪津,金錢,臺中市大里區****,,
244,一邊一國行動黨,,108,1081220,人事費用支出,李春蓮,J22*******,0.00,5000.00,工資或薪津,金錢,臺中市大里區****,,
245,一邊一國行動黨,,108,1081220,人事費用支出,鄭元澤,B12*******,0.00,5000.00,工資或薪津,金錢,臺中市太平區****,,
246,一邊一國行動黨,,108,1081220,人事費用支出,謝文雄,M10*******,0.00,5000.00,工資或薪津,金錢,臺中市大里區****,,
247,一邊一國行動黨,,108,1081220,人事費用支出,林清根,L12*******,0.00,5000.00,工資或薪津,金錢,臺中市大里區****,,
248,一邊一國行動黨,,108,1081220,人事費用支出,李阿絨,L22*******,0.00,5000.00,工資或薪津,金錢,臺中市大里區****,,
249,一邊一國行動黨,,108,1081220,人事費用支出,徐川皓,R12*******,0.00,15000.00,工資或薪津,金錢,臺中市西區民****,,
250,一邊一國行動黨,,108,1081220,人事費用支出,江清水,L12*******,0.00,3000.00,工資或薪津,金錢,臺中市太平區****,,
251,一邊一國行動黨,,108,1081220,人事費用支出,林玉蘭,L22*******,0.00,3000.00,工資或薪津,金錢,臺中市大里區****,,
252,一邊一國行動黨,,108,1081220,人事費用支出,林天和,L10*******,0.00,7500.00,工資或薪津,金錢,臺中市大里區****,,
253,一邊一國行動黨,,108,1081220,人事費用支出,吳竣彥,S12*******,0.00,17618.00,工資或薪津,金錢,臺中市沙鹿區****,,
254,一邊一國行動黨,,108,1081220,選務費用支出,立大林數位印刷有限公司,16270991,0.00,57500.00,製作競選物品或宣傳廣告費用,金錢,新北市三重區****,,
255,一邊一國行動黨,,108,1081220,雜支支出,立法院郵局,,0.00,150.00,其他為維持日常運作所必要之相關費用,金錢,台北市中正區****,,
256,一邊一國行動黨,,108,1081220,捐贈其推薦之公職候選人競選費用支出,蔡宗霖,F13*******,0.00,70000.00,捐贈其推薦之公職候選人競選費用,金錢,新北市中和區****,,
257,一邊一國行動黨,,108,1081220,雜支支出,立法院郵局,,0.00,35.00,其他為維持日常運作所必要之相關費用,金錢,台北市中正區****,,
258,一邊一國行動黨,,108,1081223,選務費用支出,賴居信,N10*******,0.00,18950.00,製作競選物品或宣傳廣告費用,金錢,彰化縣員林市****,,
259,一邊一國行動黨,,108,1081223,選務費用支出,華冠閎,E12*******,0.00,15000.00,播放、傳送或刊登宣傳廣告費用,金錢,新北市汐止區****,,
260,一邊一國行動黨,,108,1081223,業務費用支出,魏金安,T10*******,0.00,19370.00,其他與業務推展有關之費用,金錢,屏東縣恆春鎮****,,
261,一邊一國行動黨,,108,1081223,業務費用支出,陳俊成,E12*******,0.00,14275.00,其他與業務推展有關之費用,金錢,高雄市鹽埕區****,,
262,一邊一國行動黨,,108,1081223,選務費用支出,民間全民電視股份有限公司,96975768,0.00,399000.00,播放、傳送或刊登宣傳廣告費用,金錢,新北市林口區****,,
263,一邊一國行動黨,,108,1081223,選務費用支出,白諺儒,F22*******,0.00,3000.00,委託辦理研究、評估、調查、設計或規劃費用,金錢,新北市中和區****,,
264,一邊一國行動黨,,108,1081223,選務費用支出,鄭珈麗,F22*******,0.00,14000.00,播放、傳送或刊登宣傳廣告費用,金錢,新北市淡水區****,,
265,一邊一國行動黨,,108,1081223,雜支支出,張鈴村,P10*******,0.00,4800.00,汽機車燃料費用,金錢,雲林縣褒忠鄉****,,
266,一邊一國行動黨,,108,1081223,雜支支出,立法院郵局,,0.00,120.00,其他為維持日常運作所必要之相關費用,金錢,台北市中正區****,,
267,一邊一國行動黨,,108,1081223,雜支支出,立法院郵局,,0.00,120.00,其他為維持日常運作所必要之相關費用,金錢,台北市中正區****,,
268,一邊一國行動黨,,108,1081224,選務費用支出,陳光玨,N10*******,0.00,60254.00,播放、傳送或刊登宣傳廣告費用,金錢,彰化縣埔鹽鄉****,,
269,一邊一國行動黨,,108,1081224,選務費用支出,蔡蕙芳,R22*******,0.00,27083.00,其他與選舉有關之費用,金錢,臺南市永康區****,,
270,一邊一國行動黨,,108,1081224,選務費用支出,生洋網路股份有限公司,12912875,0.00,50000.00,委託辦理研究、評估、調查、設計或規劃費用,金錢,臺北市松山區****,,
271,一邊一國行動黨,,108,1081224,雜支支出,立法院郵局,,0.00,90.00,其他為維持日常運作所必要之相關費用,金錢,台北市中正區****,,
272,一邊一國行動黨,,108,1081224,雜支支出,立法院郵局,,0.00,95.00,其他為維持日常運作所必要之相關費用,金錢,台北市中正區****,,
273,一邊一國行動黨,,108,1081225,雜支支出,立法院郵局,,0.00,35.00,其他為維持日常運作所必要之相關費用,金錢,台北市中正區****,,
274,一邊一國行動黨,,108,1081226,選務費用支出,腳印廣告實業有限公司,89778453,0.00,231000.00,播放、傳送或刊登宣傳廣告費用,金錢,新北市新莊區****,,
275,一邊一國行動黨,,108,1081226,雜支支出,立法院郵局,,0.00,30.00,其他為維持日常運作所必要之相關費用,金錢,台北市中正區****,,
276,一邊一國行動黨,,108,1081227,雜支支出,立法院郵局,,0.00,40.00,其他為維持日常運作所必要之相關費用,金錢,台北市中正區****,,
277,一邊一國行動黨,,108,1081228,雜支支出,立法院郵局,,0.00,15.00,其他為維持日常運作所必要之相關費用,金錢,台北市中正區****,,
278,一邊一國行動黨,,108,1081230,雜支支出,立法院郵局,,0.00,40.00,其他為維持日常運作所必要之相關費用,金錢,台北市中正區****,,
279,一邊一國行動黨,,108,1081231,選務費用支出,立大林數位印刷有限公司,16270991,0.00,18375.00,製作競選物品或宣傳廣告費用,金錢,新北市三重區****,,
280,一邊一國行動黨,,108,1081231,返還捐贈支出,連林愛,A20*******,0.00,30200.00,返還,金錢,臺北市松山區****,(02)*****,
281,一邊一國行動黨,,108,1081231,選務費用支出,立大林數位印刷有限公司,16270991,0.00,3000.00,其他與選舉有關之費用,金錢,新北市三重區****,,
282,一邊一國行動黨,,108,1081231,選務費用支出,立大林數位印刷有限公司,16270991,0.00,100000.00,製作競選物品或宣傳廣告費用,金錢,新北市三重區****,,
283,一邊一國行動黨,,108,1081231,人事費用支出,葉柏祥,Q12*******,0.00,90400.00,工資或薪津,金錢,新北市新店區****,,
284,一邊一國行動黨,,108,1081231,人事費用支出,郭鴻銘,A12*******,0.00,37800.00,工資或薪津,金錢,臺北市中山區****,,
285,一邊一國行動黨,,108,1081231,人事費用支出,江東融,G12*******,0.00,33180.00,工資或薪津,金錢,臺北市中正區****,,
286,一邊一國行動黨,,108,1081231,人事費用支出,陳鈺淇,E22*******,0.00,30000.00,工資或薪津,金錢,新北市石門區****,,
287,一邊一國行動黨,,108,1081231,人事費用支出,邱雅琳,F22*******,0.00,28907.00,工資或薪津,金錢,新北市中和區****,,
288,一邊一國行動黨,,108,1081231,雜支支出,立法院郵局,,0.00,30.00,其他為維持日常運作所必要之相關費用,金錢,台北市中正區****,,
289,一邊一國行動黨,,108,1081231,雜支支出,立法院郵局,,0.00,15.00,其他為維持日常運作所必要之相關費用,金錢,台北市中正區****,,
