﻿序號,擬參選人／政黨,選舉名稱,申報序號／年度,交易日期,收支科目,捐贈者／支出對象,身分證／統一編號,收入金額,支出金額,捐贈方式,存入專戶日期,返還/繳庫,支出用途,金錢類,地址,聯絡電話,應揭露之支出對象,支出對象之內部人員姓名,支出對象之內部人員職稱,政黨之內部人員姓名,政黨之內部人員職稱,關係,更正註記,資料更正日期
1,吳佩芸,111年臺中市議員選舉,首次申報,1110510,營利事業捐贈收入,明緯財務顧問有限公司,83449693,40000.00,0.00,匯款,1110510,,,金錢,臺北市中正區****,02-2*****,,,,,,,,
2,吳佩芸,111年臺中市議員選舉,首次申報,1110510,個人捐贈收入,黃浩維,N12*******,30000.00,0.00,現金,1110510,,,金錢,臺中市南屯區****,0931*****,,,,,,,,
3,吳佩芸,111年臺中市議員選舉,首次申報,1110510,個人捐贈收入,賴嘉倫,Q12*******,8888.00,0.00,匯款,1110510,,,金錢,臺北市中正區****,0956*****,,,,,,,,
4,吳佩芸,111年臺中市議員選舉,首次申報,1110511,個人捐贈收入,蘇敬婷,D22*******,6666.00,0.00,匯款,1110511,,,金錢,高雄市大寮區****,0970*****,,,,,,,,
5,吳佩芸,111年臺中市議員選舉,首次申報,1110511,個人捐贈收入,彭聖嚴,K12*******,3000.00,0.00,匯款,1110511,,,金錢,苗栗縣苗栗市****,0988*****,,,,,,,,
6,吳佩芸,111年臺中市議員選舉,首次申報,1110511,個人捐贈收入,盧美杏,T20*******,100000.00,0.00,匯款,1110511,,,金錢,臺中市西屯區****,,,,,,,,,
7,吳佩芸,111年臺中市議員選舉,首次申報,1110512,匿名捐贈,藍新金流開通測試存入,,1.00,0.00,匯款,1110512,,,金錢,,,,,,,,,,
8,吳佩芸,111年臺中市議員選舉,首次申報,1110516,個人捐贈收入,林建鋒,B12*******,5000.00,0.00,匯款,1110516,,,金錢,臺中市南屯區****,0934*****,,,,,,,,
9,吳佩芸,111年臺中市議員選舉,首次申報,1110516,個人捐贈收入,朱松毅,L12*******,200.00,0.00,匯款,1110516,,,金錢,臺中市北屯區****,0968*****,,,,,,,,
10,吳佩芸,111年臺中市議員選舉,首次申報,1110516,個人捐贈收入,陳光宇,V12*******,10000.00,0.00,匯款,1110516,,,金錢,臺中市南屯區****,,,,,,,,,
11,吳佩芸,111年臺中市議員選舉,首次申報,1110517,匿名捐贈,匿名,,3000.00,0.00,現金,1110517,,,金錢,,,,,,,,,,
12,吳佩芸,111年臺中市議員選舉,首次申報,1110517,匿名捐贈,匿名,,1000.00,0.00,現金,1110517,,,金錢,,,,,,,,,,
13,吳佩芸,111年臺中市議員選舉,首次申報,1110517,匿名捐贈,匿名,,1000.00,0.00,現金,1110517,,,金錢,,,,,,,,,,
14,吳佩芸,111年臺中市議員選舉,首次申報,1110517,個人捐贈收入,林志弘,A12*******,5000.00,0.00,匯款,1110517,,,金錢,臺中市西屯區****,0921*****,,,,,,,,
15,吳佩芸,111年臺中市議員選舉,首次申報,1110517,個人捐贈收入,黃世豪,A12*******,1000.00,0.00,匯款,1110517,,,金錢,臺北市內湖區****,0912*****,,,,,,,,
16,吳佩芸,111年臺中市議員選舉,首次申報,1110517,個人捐贈收入,盧美宇,A12*******,1000.00,0.00,匯款,1110517,,,金錢,桃園市龍潭區****,0975*****,,,,,,,,
17,吳佩芸,111年臺中市議員選舉,首次申報,1110517,個人捐贈收入,賴致諺,K12*******,5000.00,0.00,匯款,1110517,,,金錢,臺中市北屯區****,0919*****,,,,,,,,
18,吳佩芸,111年臺中市議員選舉,首次申報,1110517,個人捐贈收入,李雨璇,M22*******,1000.00,0.00,匯款,1110517,,,金錢,南投縣草屯鎮****,0970*****,,,,,,,,
19,吳佩芸,111年臺中市議員選舉,首次申報,1110517,個人捐贈收入,廖泰翔,R12*******,500.00,0.00,匯款,1110517,,,金錢,臺南市南化區****,0977*****,,,,,,,,
20,吳佩芸,111年臺中市議員選舉,首次申報,1110518,匿名捐贈,匿名,,3000.00,0.00,現金,1110518,,,金錢,,,,,,,,,,
21,吳佩芸,111年臺中市議員選舉,首次申報,1110518,個人捐贈收入,林芳毅,B12*******,5000.00,0.00,現金,1110518,,,金錢,臺中市南屯區****,0982*****,,,,,,,,
22,吳佩芸,111年臺中市議員選舉,首次申報,1110520,匿名捐贈,匿名1,,1000.00,0.00,現金,1110520,,,金錢,,,,,,,,,,
23,吳佩芸,111年臺中市議員選舉,首次申報,1110520,個人捐贈收入,吳東牧,A12*******,1000.00,0.00,匯款,1110520,,,金錢,基隆市信義區****,0913*****,,,,,,,,
24,吳佩芸,111年臺中市議員選舉,首次申報,1110520,個人捐贈收入,賴嘉倫,Q12*******,3000.00,0.00,匯款,1110520,,,金錢,臺北市中正區****,0956*****,,,,,,,,
25,吳佩芸,111年臺中市議員選舉,首次申報,1110522,個人捐贈收入,龔語婕,,5000.00,0.00,匯款,1110522,,,金錢,臺北市松山區****,0925*****,,,,,,,,
26,吳佩芸,111年臺中市議員選舉,首次申報,1110522,個人捐贈收入,朱沛其,I20*******,2000.00,0.00,匯款,1110522,,,金錢,新竹市東區中****,0975*****,,,,,,,,
27,吳佩芸,111年臺中市議員選舉,首次申報,1110525,個人捐贈收入,高維龍,F12*******,2000.00,0.00,匯款,1110525,,,金錢,新北市新莊區****,0937*****,,,,,,,,
28,吳佩芸,111年臺中市議員選舉,首次申報,1110525,個人捐贈收入,陳怡蓁,M22*******,1000.00,0.00,匯款,1110525,,,金錢,南投縣集集鎮****,0978*****,,,,,,,,
29,吳佩芸,111年臺中市議員選舉,首次申報,1110530,個人捐贈收入,葉冠宏,E12*******,500.00,0.00,現金,1110530,,,金錢,高雄市三民區****,0911*****,,,,,,,,
30,吳佩芸,111年臺中市議員選舉,首次申報,1110530,個人捐贈收入,李安建,F12*******,2000.00,0.00,現金,1110530,,,金錢,桃園市八德區****,0928*****,,,,,,,,
31,吳佩芸,111年臺中市議員選舉,首次申報,1110601,匿名捐贈,匿名1,,1000.00,0.00,現金,1110601,,,金錢,,,,,,,,,,
32,吳佩芸,111年臺中市議員選舉,首次申報,1110601,個人捐贈收入,蕭悧悧,L20*******,50000.00,0.00,匯款,1110601,,,金錢,南投縣埔里鎮****,,,,,,,,,
33,吳佩芸,111年臺中市議員選舉,首次申報,1110603,個人捐贈收入,張修銘,B12*******,2000.00,0.00,匯款,1110603,,,金錢,臺北市士林區****,0937*****,,,,,,,,
34,吳佩芸,111年臺中市議員選舉,首次申報,1110606,匿名捐贈,匿名1,,1000.00,0.00,匯款,1110606,,,金錢,,,,,,,,,,
35,吳佩芸,111年臺中市議員選舉,首次申報,1110607,個人捐贈收入,吳佩珊,B22*******,100000.00,0.00,匯款,1110607,,,金錢,臺中市北區文****,0975*****,,,,,,,,
36,吳佩芸,111年臺中市議員選舉,首次申報,1110609,匿名捐贈,匿名1,,3000.00,0.00,匯款,1110609,,,金錢,,,,,,,,,,
37,吳佩芸,111年臺中市議員選舉,首次申報,1110611,個人捐贈收入,王麒竣,B12*******,100000.00,0.00,現金,1110611,,,金錢,臺中市南屯區****,0983*****,,,,,,,,
38,吳佩芸,111年臺中市議員選舉,首次申報,1110613,匿名捐贈,匿名,,1000.00,0.00,匯款,1110613,,,金錢,,,,,,,,,,
39,吳佩芸,111年臺中市議員選舉,首次申報,1110615,匿名捐贈,匿名1,,3000.00,0.00,匯款,1110615,,,金錢,,,,,,,,,,
40,吳佩芸,111年臺中市議員選舉,首次申報,1110615,個人捐贈收入,樂達達企業有限公司,45127658,5000.00,0.00,匯款,1110615,,,金錢,彰化縣花壇鄉****,0919*****,,,,,,,,
41,吳佩芸,111年臺中市議員選舉,首次申報,1110615,個人捐贈收入,邱信智,F12*******,300.00,0.00,匯款,1110615,,,金錢,臺北市南港區****,0910*****,,,,,,,,
42,吳佩芸,111年臺中市議員選舉,首次申報,1110616,個人捐贈收入,美家人力資源股份有限公司,53835310,50000.00,0.00,匯款,1110616,,,金錢,臺中市東區三****,04-3*****,,,,,,,,
43,吳佩芸,111年臺中市議員選舉,首次申報,1110616,個人捐贈收入,歐歐餐飲有限公司,82824559,10000.00,0.00,匯款,1110616,,,金錢,臺中市西屯區****,0920*****,,,,,,,,
44,吳佩芸,111年臺中市議員選舉,首次申報,1110616,個人捐贈收入,陳雪萍,H22*******,5000.00,0.00,匯款,1110616,,,金錢,臺中市南屯區****,0933*****,,,,,,,,
45,吳佩芸,111年臺中市議員選舉,首次申報,1110620,個人捐贈收入,賴維鈞,A12*******,5000.00,0.00,匯款,1110620,,,金錢,高雄市鳳山區****,0911*****,,,,,,,,
46,吳佩芸,111年臺中市議員選舉,首次申報,1110620,個人捐贈收入,劉育源,B12*******,1000.00,0.00,匯款,1110620,,,金錢,臺中市南屯區****,,,,,,,,,
47,吳佩芸,111年臺中市議員選舉,首次申報,1110620,個人捐贈收入,蔡季倫,B12*******,3000.00,0.00,匯款,1110620,,,金錢,臺中市西區三****,0953*****,,,,,,,,
48,吳佩芸,111年臺中市議員選舉,首次申報,1110620,個人捐贈收入,尤建文,F12*******,20000.00,0.00,匯款,1110620,,,金錢,新北市三重區****,0936*****,,,,,,,,
49,吳佩芸,111年臺中市議員選舉,首次申報,1110621,匿名捐贈,匿名,,400.00,0.00,現金,1110621,,,金錢,,,,,,,,,,
50,吳佩芸,111年臺中市議員選舉,首次申報,1110621,其他收入,利息收入,,18.00,0.00,匯款,1110621,,,金錢,,,,,,,,,,
51,吳佩芸,111年臺中市議員選舉,首次申報,1110622,個人捐贈收入,何明機,F12*******,3000.00,0.00,匯款,1110622,,,金錢,臺中市南屯區****,0968*****,,,,,,,,
52,吳佩芸,111年臺中市議員選舉,首次申報,1110622,政黨捐贈收入,時代力量,政黨證字第267號,36014.00,0.00,匯款,1110622,,,金錢,臺北市大同區****,(02)*****,,,,,,,,
53,吳佩芸,111年臺中市議員選舉,首次申報,1110627,個人捐贈收入,林芳毅,B12*******,3000.00,0.00,匯款,1110627,,,金錢,臺中市南屯區****,0982*****,,,,,,,,
54,吳佩芸,111年臺中市議員選舉,首次申報,1110627,個人捐贈收入,林育正,S12*******,15000.00,0.00,匯款,1110627,,,金錢,高雄市鼓山區****,0910*****,,,,,,,,
55,吳佩芸,111年臺中市議員選舉,首次申報,1110628,個人捐贈收入,吳錦祥,B12*******,100000.00,0.00,現金,1110628,,,金錢,臺中市西區和****,0921*****,,,,,,,,
56,吳佩芸,111年臺中市議員選舉,首次申報,1110704,個人捐贈收入,陳筠欣,N22*******,100000.00,0.00,現金,1110704,,,金錢,臺中市南屯區****,0937*****,,,,,,,,
57,吳佩芸,111年臺中市議員選舉,首次申報,1110706,個人捐贈收入,鄭深元,D12*******,10000.00,0.00,匯款,1110706,,,金錢,臺北市信義區****,02-2*****,,,,,,,,
58,吳佩芸,111年臺中市議員選舉,首次申報,1110706,個人捐贈收入,王彥婷,F22*******,500.00,0.00,匯款,1110706,,,金錢,臺東縣臺東市****,0972*****,,,,,,,,
59,吳佩芸,111年臺中市議員選舉,首次申報,1110707,政黨捐贈收入,時代力量,政黨證字第267號,200000.00,0.00,匯款,1110707,,,金錢,臺北市大同區****,(02)*****,,,,,,,,
60,吳佩芸,111年臺中市議員選舉,首次申報,1110708,個人捐贈收入,陳逢達,B12*******,1000.00,0.00,匯款,1110708,,,金錢,臺中市南屯區****,0963*****,,,,,,,,
61,吳佩芸,111年臺中市議員選舉,首次申報,1110708,個人捐贈收入,張詩予,R12*******,500.00,0.00,匯款,1110708,,,金錢,新北市新莊區****,0989*****,,,,,,,,
62,吳佩芸,111年臺中市議員選舉,首次申報,1110712,個人捐贈收入,羅皓,B12*******,20000.00,0.00,匯款,1110712,,,金錢,臺中市南屯區****,,,,,,,,,
63,吳佩芸,111年臺中市議員選舉,首次申報,1110715,個人捐贈收入,李卓倫,M12*******,3000.00,0.00,現金,1110715,,,金錢,臺中市南屯區****,0906*****,,,,,,,,
64,吳佩芸,111年臺中市議員選舉,首次申報,1110719,匿名捐贈,匿名1,,2000.00,0.00,匯款,1110719,,,金錢,,,,,,,,,,
65,吳佩芸,111年臺中市議員選舉,首次申報,1110720,個人捐贈收入,賴建豪,B12*******,1000.00,0.00,匯款,1110720,,,金錢,臺中市南屯區****,0982*****,,,,,,,,
66,吳佩芸,111年臺中市議員選舉,首次申報,1110727,匿名捐贈,匿名,,5000.00,0.00,現金,1110727,,,金錢,,,,,,,,,,
67,吳佩芸,111年臺中市議員選舉,首次申報,1110729,個人捐贈收入,林炳維,B12*******,1000.00,0.00,匯款,1110729,,,金錢,臺中市西屯區****,0963*****,,,,,,,,
68,吳佩芸,111年臺中市議員選舉,首次申報,1110801,營利事業捐贈收入,誠美健保藥局,38903886,5000.00,0.00,匯款,1110801,,,金錢,臺中市南屯區****,0912*****,,,,,,,,
69,吳佩芸,111年臺中市議員選舉,首次申報,1110802,個人捐贈收入,蔡和洲,L12*******,1124.00,0.00,匯款,1110802,,,金錢,臺中市大雅區****,0980*****,,,,,,,,
70,吳佩芸,111年臺中市議員選舉,首次申報,1110802,個人捐贈收入,蔡和洲,L12*******,2018.00,0.00,匯款,1110802,,,金錢,臺中市大雅區****,0980*****,,,,,,,,
71,吳佩芸,111年臺中市議員選舉,首次申報,1110805,匿名捐贈,匿名1,,1000.00,0.00,匯款,1110805,,,金錢,,,,,,,,,,
72,吳佩芸,111年臺中市議員選舉,首次申報,1110808,個人捐贈收入,張衞航,F12*******,10000.00,0.00,現金,1110808,,,金錢,新北市淡水區****,0955*****,,,,,,,,
73,吳佩芸,111年臺中市議員選舉,首次申報,1110808,個人捐贈收入,蔡俊灝,M12*******,5000.00,0.00,匯款,1110808,,,金錢,臺中市北區太****,0919*****,,,,,,,,
74,吳佩芸,111年臺中市議員選舉,首次申報,1110809,個人捐贈收入,許心欣,A22*******,3000.00,0.00,匯款,1110809,,,金錢,臺中市西區向****,0939*****,,,,,,,,
75,吳佩芸,111年臺中市議員選舉,首次申報,1110810,個人捐贈收入,侯院武,A12*******,500.00,0.00,匯款,1110810,,,金錢,桃園市桃園區****,0960*****,,,,,,,,
76,吳佩芸,111年臺中市議員選舉,首次申報,1110815,個人捐贈收入,張正凱,B12*******,5000.00,0.00,匯款,1110815,,,金錢,臺中市南屯區****,0958*****,,,,,,,,
77,吳佩芸,111年臺中市議員選舉,首次申報,1110819,個人捐贈收入,陳凱華,L12*******,50000.00,0.00,現金,1110819,,,金錢,臺中市北屯區****,0952*****,,,,,,,,
78,吳佩芸,111年臺中市議員選舉,首次申報,1110822,個人捐贈收入,李明瑱,A20*******,30000.00,0.00,匯款,1110822,,,金錢,臺北市大安區****,,,,,,,,,
79,吳佩芸,111年臺中市議員選舉,首次申報,1110822,個人捐贈收入,呂意婷,F22*******,20000.00,0.00,現金,1110822,,,金錢,臺北市松山區****,0912*****,,,,,,,,
80,吳佩芸,111年臺中市議員選舉,首次申報,1110822,個人捐贈收入,葉新民,L12*******,30000.00,0.00,現金,1110822,,,金錢,臺中市和平區****,0922*****,,,,,,,,
81,吳佩芸,111年臺中市議員選舉,首次申報,1110823,匿名捐贈,匿名捐款,,10000.00,0.00,現金,1110823,,,金錢,,,,,,,,,,
82,吳佩芸,111年臺中市議員選舉,首次申報,1110823,匿名捐贈,匿名捐款,,10000.00,0.00,現金,1110823,,,金錢,,,,,,,,,,
83,吳佩芸,111年臺中市議員選舉,首次申報,1110823,匿名捐贈,匿名捐款,,10000.00,0.00,現金,1110823,,,金錢,,,,,,,,,,
84,吳佩芸,111年臺中市議員選舉,首次申報,1110823,個人捐贈收入,黃浩維,N12*******,3000.00,0.00,現金,1110823,,,金錢,臺中市南屯區****,0931*****,,,,,,,,
85,吳佩芸,111年臺中市議員選舉,首次申報,1110824,營利事業捐贈收入,易聖鮮花店,84035587,10000.00,0.00,現金,1110824,,,金錢,臺中市南屯區****,0921*****,,,,,,,,
86,吳佩芸,111年臺中市議員選舉,首次申報,1110824,政黨捐贈收入,時代力量,政黨證字第267號,200000.00,0.00,匯款,1110824,已返還,,金錢,臺北市大同區****,(02)*****,,,,,,,,
87,吳佩芸,111年臺中市議員選舉,首次申報,1110825,匿名捐贈,匿名捐款,,9000.00,0.00,匯款,1110825,,,金錢,,,,,,,,,,
88,吳佩芸,111年臺中市議員選舉,首次申報,1110825,匿名捐贈,匿名捐款,,1000.00,0.00,現金,1110825,,,金錢,,,,,,,,,,
89,吳佩芸,111年臺中市議員選舉,首次申報,1110825,個人捐贈收入,鄭宇翔,P12*******,30000.00,0.00,現金,1110825,,,金錢,新北市永和區****,0937*****,,,,,,,,
90,吳佩芸,111年臺中市議員選舉,首次申報,1110825,個人捐贈收入,王世晞,Q12*******,6000.00,0.00,現金,1110825,,,金錢,臺北市信義區****,0935*****,,,,,,,,
91,吳佩芸,111年臺中市議員選舉,首次申報,1110826,個人捐贈收入,曹嘉麟,E22*******,68000.00,0.00,現金,1110826,,,金錢,臺中市北區文****,0936*****,,,,,,,,
92,吳佩芸,111年臺中市議員選舉,首次申報,1110826,個人捐贈收入,廖宏哲,L12*******,3000.00,0.00,現金,1110826,,,金錢,臺中市大雅區****,0917*****,,,,,,,,
93,吳佩芸,111年臺中市議員選舉,首次申報,1110829,匿名捐贈,匿名捐款,,10000.00,0.00,現金,1110829,,,金錢,,,,,,,,,,
94,吳佩芸,111年臺中市議員選舉,首次申報,1110829,匿名捐贈,匿名捐款,,4600.00,0.00,現金,1110829,,,金錢,,,,,,,,,,
95,吳佩芸,111年臺中市議員選舉,首次申報,1110829,個人捐贈收入,邱明誠,H10*******,20000.00,0.00,現金,1110829,,,金錢,桃園市桃園區****,0937*****,,,,,,,,
96,吳佩芸,111年臺中市議員選舉,首次申報,1110829,個人捐贈收入,李璇辰,H12*******,3000.00,0.00,現金,1110829,,,金錢,新北市三重區****,0913*****,,,,,,,,
97,吳佩芸,111年臺中市議員選舉,首次申報,1110829,個人捐贈收入,王威海,J12*******,50000.00,0.00,,,,,非金錢,臺中市大里區****,0953*****,,,,,,,,
98,吳佩芸,111年臺中市議員選舉,首次申報,1110829,個人捐贈收入,陳國璋,N12*******,500.00,0.00,現金,1110829,,,金錢,臺中市南屯區****,,,,,,,,,
99,吳佩芸,111年臺中市議員選舉,首次申報,1110829,個人捐贈收入,侯鈺琪,Q22*******,10000.00,0.00,現金,1110829,,,金錢,臺中市北區邱****,0928*****,,,,,,,,
100,吳佩芸,111年臺中市議員選舉,首次申報,1110830,匿名捐贈,匿名捐款,,10000.00,0.00,現金,1110830,,,金錢,,,,,,,,,,
101,吳佩芸,111年臺中市議員選舉,首次申報,1110830,匿名捐贈,匿名捐款,,8000.00,0.00,現金,1110830,,,金錢,,,,,,,,,,
102,吳佩芸,111年臺中市議員選舉,首次申報,1110830,個人捐贈收入,呂佳璋,A22*******,60000.00,0.00,現金,1110830,,,金錢,臺北市中山區****,02-2*****,,,,,,,,
103,吳佩芸,111年臺中市議員選舉,首次申報,1110830,個人捐贈收入,張訓豪,B12*******,5000.00,0.00,現金,1110830,,,金錢,臺中市南屯區****,0937*****,,,,,,,,
104,吳佩芸,111年臺中市議員選舉,首次申報,1110830,個人捐贈收入,吳淑玲,B22*******,10000.00,0.00,現金,1110830,,,金錢,臺中市西區日****,0922*****,,,,,,,,
105,吳佩芸,111年臺中市議員選舉,首次申報,1110830,個人捐贈收入,尤建文,F12*******,20000.00,0.00,現金,1110830,,,金錢,新北市三重區****,0936*****,,,,,,,,
106,吳佩芸,111年臺中市議員選舉,首次申報,1110830,個人捐贈收入,尤敏華,F22*******,600.00,0.00,現金,1110830,,,金錢,新北市新莊區****,,,,,,,,,
107,吳佩芸,111年臺中市議員選舉,首次申報,1110831,個人捐贈收入,張評造,L12*******,50000.00,0.00,票據,1110831,,,金錢,臺中市北區賴****,04-2*****,,,,,,,,
108,吳佩芸,111年臺中市議員選舉,首次申報,1110901,個人捐贈收入,曾佩玲,B22*******,20000.00,0.00,現金,1110901,,,金錢,臺北市松山區****,0937*****,,,,,,,,
109,吳佩芸,111年臺中市議員選舉,首次申報,1110901,個人捐贈收入,李光昕,F22*******,30000.00,0.00,現金,1110901,,,金錢,臺北市大安區****,0916*****,,,,,,,,
110,吳佩芸,111年臺中市議員選舉,首次申報,1110901,個人捐贈收入,陳凱維,L12*******,30000.00,0.00,現金,1110901,,,金錢,桃園市中壢區****,0972*****,,,,,,,,
111,吳佩芸,111年臺中市議員選舉,首次申報,1110901,個人捐贈收入,鄭瑞勳,N10*******,20000.00,0.00,現金,1110901,,,金錢,臺北市南港區****,0921*****,,,,,,,,
112,吳佩芸,111年臺中市議員選舉,首次申報,1110902,個人捐贈收入,汪世旭,N12*******,100000.00,0.00,現金,1110902,,,金錢,臺中市北屯區****,0910*****,,,,,,,,
113,吳佩芸,111年臺中市議員選舉,首次申報,1110905,匿名捐贈,匿名捐款,,1500.00,0.00,現金,1110905,,,金錢,,,,,,,,,,
114,吳佩芸,111年臺中市議員選舉,首次申報,1110905,個人捐贈收入,鍾緣奇,B12*******,20000.00,0.00,現金,1110905,,,金錢,臺中市西屯區****,0921*****,,,,,,,,
115,吳佩芸,111年臺中市議員選舉,首次申報,1110905,個人捐贈收入,王人杰,B12*******,6000.00,0.00,現金,1110905,,,金錢,臺中市東區大****,04-2*****,,,,,,,,
116,吳佩芸,111年臺中市議員選舉,首次申報,1110905,個人捐贈收入,曾建榮,Q12*******,30000.00,0.00,現金,1110905,,,金錢,臺中市西屯區****,0913*****,,,,,,,,
117,吳佩芸,111年臺中市議員選舉,首次申報,1110906,匿名捐贈,匿名捐款,,3003.00,0.00,現金,1110906,,,金錢,,,,,,,,,,
118,吳佩芸,111年臺中市議員選舉,首次申報,1110907,個人捐贈收入,李秀杏,C22*******,10000.00,0.00,現金,1110907,,,金錢,臺北市中正區****,0937*****,,,,,,,,
119,吳佩芸,111年臺中市議員選舉,首次申報,1110908,個人捐贈收入,李孟修,B10*******,20000.00,0.00,現金,1110908,,,金錢,臺中市西屯區****,04-2*****,,,,,,,,
120,吳佩芸,111年臺中市議員選舉,首次申報,1110912,個人捐贈收入,宋瑞文,F12*******,500.00,0.00,現金,1110912,,,金錢,基隆市安樂區****,0987*****,,,,,,,,
121,吳佩芸,111年臺中市議員選舉,首次申報,1110912,個人捐贈收入,徐德恆,K12*******,500.00,0.00,現金,1110912,,,金錢,臺中市南屯區****,0939*****,,,,,,,,
122,吳佩芸,111年臺中市議員選舉,首次申報,1110913,個人捐贈收入,郭建宏,D12*******,2000.00,0.00,現金,1110913,,,金錢,臺南市北區公****,0988*****,,,,,,,,
123,吳佩芸,111年臺中市議員選舉,首次申報,1110913,個人捐贈收入,張朝凱,L12*******,2000.00,0.00,現金,1110913,,,金錢,臺中市大里區****,0939*****,,,,,,,,
124,吳佩芸,111年臺中市議員選舉,首次申報,1110919,個人捐贈收入,蔡易賢,D12*******,30000.00,0.00,現金,1110919,,,金錢,臺中市西屯區****,0989*****,,,,,,,,
125,吳佩芸,111年臺中市議員選舉,首次申報,1110919,個人捐贈收入,李育霖,D12*******,888.00,0.00,現金,1110919,,,金錢,臺南市安南區****,0936*****,,,,,,,,
126,吳佩芸,111年臺中市議員選舉,首次申報,1110919,個人捐贈收入,蔡郁芝,F22*******,3000.00,0.00,現金,1110919,,,金錢,臺南市東區中****,0920*****,,,,,,,,
127,吳佩芸,111年臺中市議員選舉,首次申報,1110919,個人捐贈收入,廖鐿孟,P12*******,3000.00,0.00,現金,1110919,,,金錢,新北市蘆洲區****,0912*****,,,,,,,,
128,吳佩芸,111年臺中市議員選舉,首次申報,1110920,個人捐贈收入,蕭宇泰,N12*******,1000.00,0.00,現金,1110920,,,金錢,彰化縣彰化市****,0928*****,,,,,,,,
129,吳佩芸,111年臺中市議員選舉,首次申報,1110920,個人捐贈收入,游佩雯,N22*******,3000.00,0.00,現金,1110920,,,金錢,臺中市西區美****,0973*****,,,,,,,,
130,吳佩芸,111年臺中市議員選舉,首次申報,1110921,匿名捐贈,匿名捐款,,1500.00,0.00,現金,1110921,,,金錢,,,,,,,,,,
131,吳佩芸,111年臺中市議員選舉,首次申報,1110921,個人捐贈收入,戴司嫻,A22*******,5000.00,0.00,現金,1110921,,,金錢,臺北市北投區****,0980*****,,,,,,,,
132,吳佩芸,111年臺中市議員選舉,首次申報,1110921,個人捐贈收入,吳達通,B12*******,20000.00,0.00,現金,1110921,,,金錢,臺中市西屯區****,0920*****,,,,,,,,
133,吳佩芸,111年臺中市議員選舉,首次申報,1110921,個人捐贈收入,鄭明綺,N12*******,4000.00,0.00,現金,1110921,,,金錢,彰化縣彰化市****,0926*****,,,,,,,,
134,吳佩芸,111年臺中市議員選舉,首次申報,1110926,個人捐贈收入,陳逢達,B12*******,1000.00,0.00,現金,1110926,,,金錢,臺中市南屯區****,0963*****,,,,,,,,
135,吳佩芸,111年臺中市議員選舉,首次申報,1110926,個人捐贈收入,徐誌緯,N12*******,6666.00,0.00,現金,1110926,,,金錢,新竹縣竹北市****,0953*****,,,,,,,,
136,吳佩芸,111年臺中市議員選舉,首次申報,1110926,個人捐贈收入,吳登鈞,P12*******,3000.00,0.00,現金,1110926,,,金錢,雲林縣四湖鄉****,0965*****,,,,,,,,
137,吳佩芸,111年臺中市議員選舉,首次申報,1110927,個人捐贈收入,劉芸安,B22*******,1000.00,0.00,現金,1110927,,,金錢,臺中市中區光****,0970*****,,,,,,,,
138,吳佩芸,111年臺中市議員選舉,首次申報,1111003,個人捐贈收入,徐楷奉,K12*******,3000.00,0.00,現金,1111003,,,金錢,新北市新莊區****,0963*****,,,,,,,,
139,吳佩芸,111年臺中市議員選舉,首次申報,1111011,匿名捐贈,匿名捐款,,200.00,0.00,現金,1111011,,,金錢,,,,,,,,,,
140,吳佩芸,111年臺中市議員選舉,首次申報,1111013,個人捐贈收入,許文榮,F12*******,300.00,0.00,現金,1111013,,,金錢,新北市金山區****,0972*****,,,,,,,,
141,吳佩芸,111年臺中市議員選舉,首次申報,1111014,營利事業捐贈收入,五富生物科技有限公司,83408193,6000.00,0.00,現金,1111014,,,金錢,臺中市北屯區****,04-2*****,,,,,,,,
142,吳佩芸,111年臺中市議員選舉,首次申報,1111025,匿名捐贈,匿名捐款,,2000.00,0.00,現金,1111025,,,金錢,,,,,,,,,,
143,吳佩芸,111年臺中市議員選舉,首次申報,1111026,個人捐贈收入,鄭義郎,E12*******,100000.00,0.00,現金,1111026,,,金錢,高雄市楠梓區****,0919*****,,,,,,,,
144,吳佩芸,111年臺中市議員選舉,首次申報,1111026,個人捐贈收入,鄭柏偉,S12*******,100000.00,0.00,現金,1111026,,,金錢,高雄市楠梓區****,0912*****,,,,,,,,
145,吳佩芸,111年臺中市議員選舉,首次申報,1111031,匿名捐贈,匿名捐款,,1000.00,0.00,現金,1111031,,,金錢,,,,,,,,,,
146,吳佩芸,111年臺中市議員選舉,首次申報,1111031,個人捐贈收入,王英丞,F12*******,3000.00,0.00,現金,1111031,,,金錢,臺中市北屯區****,0939*****,,,,,,,,
147,吳佩芸,111年臺中市議員選舉,首次申報,1111031,個人捐贈收入,林協世,G12*******,5000.00,0.00,現金,1111031,,,金錢,臺中市西屯區****,0936*****,,,,,,,,
148,吳佩芸,111年臺中市議員選舉,首次申報,1111101,個人捐贈收入,王威海,J12*******,50000.00,0.00,,,,,非金錢,臺中市大里區****,0953*****,,,,,,,,
149,吳佩芸,111年臺中市議員選舉,首次申報,1111103,個人捐贈收入,朱祚漢,F12*******,3000.00,0.00,現金,1111103,,,金錢,臺北市萬華區****,0922*****,,,,,,,,
150,吳佩芸,111年臺中市議員選舉,首次申報,1111107,匿名捐贈,匿名捐款,,500.00,0.00,現金,1111107,,,金錢,,,,,,,,,,
151,吳佩芸,111年臺中市議員選舉,首次申報,1111107,人民團體捐贈收入,社團法人臺中市藥師公會,,100000.00,0.00,現金,1111107,,,金錢,臺中市西區臺****,04-2*****,,,,,,,,
152,吳佩芸,111年臺中市議員選舉,首次申報,1111107,個人捐贈收入,洪海紋,F12*******,3000.00,0.00,現金,1111107,,,金錢,臺中市南屯區****,0915*****,,,,,,,,
153,吳佩芸,111年臺中市議員選舉,首次申報,1111107,個人捐贈收入,林協世,G12*******,5000.00,0.00,現金,1111107,,,金錢,臺中市西屯區****,0936*****,,,,,,,,
154,吳佩芸,111年臺中市議員選舉,首次申報,1111107,個人捐贈收入,李順鵬,N12*******,300.00,0.00,現金,1111107,,,金錢,彰化縣埔鹽鄉****,04-9*****,,,,,,,,
155,吳佩芸,111年臺中市議員選舉,首次申報,1111107,個人捐贈收入,賴勇全,N12*******,12000.00,0.00,現金,1111107,,,金錢,彰化縣員林市****,0921*****,,,,,,,,
156,吳佩芸,111年臺中市議員選舉,首次申報,1111107,個人捐贈收入,陳淑然,N22*******,20000.00,0.00,現金,1111107,,,金錢,臺中市南屯區****,0928*****,,,,,,,,
157,吳佩芸,111年臺中市議員選舉,首次申報,1111108,個人捐贈收入,陳俊旭,R12*******,3000.00,0.00,現金,1111108,,,金錢,臺中市南屯區****,0932*****,,,,,,,,
158,吳佩芸,111年臺中市議員選舉,首次申報,1111109,個人捐贈收入,陳威廷,Q12*******,3000.00,0.00,現金,1111109,,,金錢,嘉義縣梅山鄉****,0912*****,,,,,,,,
159,吳佩芸,111年臺中市議員選舉,首次申報,1111114,匿名捐贈,匿名捐款,,2000.00,0.00,現金,1111114,,,金錢,,,,,,,,,,
160,吳佩芸,111年臺中市議員選舉,首次申報,1111116,營利事業捐贈收入,聖音機械有限公司,86419102,6000.00,0.00,現金,1111116,,,金錢,臺中市烏日區****,0920*****,,,,,,,,
161,吳佩芸,111年臺中市議員選舉,首次申報,1111116,個人捐贈收入,陳漢洲,K10*******,6000.00,0.00,現金,1111116,,,金錢,臺中市南屯區****,0931*****,,,,,,,,
162,吳佩芸,111年臺中市議員選舉,首次申報,1111119,個人捐贈收入,徐勝泓,F12*******,2000.00,0.00,現金,1111119,,,金錢,臺中市西屯區****,0916*****,,,,,,,,
163,吳佩芸,111年臺中市議員選舉,首次申報,1111121,匿名捐贈,匿名捐款,,6000.00,0.00,現金,1111121,,,金錢,,,,,,,,,,
164,吳佩芸,111年臺中市議員選舉,首次申報,1111122,匿名捐贈,匿名捐款,,1000.00,0.00,現金,1111122,,,金錢,,,,,,,,,,
165,吳佩芸,111年臺中市議員選舉,首次申報,1111122,個人捐贈收入,張志茂,F12*******,6000.00,0.00,現金,1111122,,,金錢,新北市蘆洲區****,0933*****,,,,,,,,
166,吳佩芸,111年臺中市議員選舉,首次申報,1111122,個人捐贈收入,戴宏一,N12*******,30000.00,0.00,現金,1111122,,,金錢,臺中市南屯區****,0953*****,,,,,,,,
167,吳佩芸,111年臺中市議員選舉,首次申報,1111123,個人捐贈收入,廖宏哲,L12*******,10000.00,0.00,現金,1111123,,,金錢,臺中市大雅區****,0917*****,,,,,,,,
168,吳佩芸,111年臺中市議員選舉,首次申報,1111124,匿名捐贈,匿名捐款,,3000.00,0.00,現金,1111124,,,金錢,,,,,,,,,,
169,吳佩芸,111年臺中市議員選舉,首次申報,1111124,個人捐贈收入,林莊周,R12*******,5000.00,0.00,現金,1111124,,,金錢,臺北市中山區****,0919*****,,,,,,,,
170,吳佩芸,111年臺中市議員選舉,首次申報,1111125,個人捐贈收入,鄒湘文,M12*******,2000.00,0.00,現金,1111125,,,金錢,臺中市南屯區****,0912*****,,,,,,,,
171,吳佩芸,111年臺中市議員選舉,首次申報,1111221,其他收入,利息收入,,502.00,0.00,現金,1111221,,,金錢,,,,,,,,,,
