﻿序號,擬參選人／政黨,選舉名稱,申報序號／年度,交易日期,收支科目,捐贈者／支出對象,身分證／統一編號,收入金額,支出金額,支出用途,金錢類,地址,聯絡電話,資料更正日期
1,李貴富,107年縣(市)議員選舉,首次申報,1070705,宣傳支出,陞達生活館有限公司,59033837,0.00,28000.00,租用廣告看板,金錢,苗栗縣頭份市****,037-*****,
2,李貴富,107年縣(市)議員選舉,首次申報,1071003,雜支支出,新中興大賣場,,0.00,4540.00,水電瓦斯費用,金錢,苗栗縣頭份市****,037-*****,
3,李貴富,107年縣(市)議員選舉,首次申報,1071020,集會支出,李記客家菜,,0.00,30000.00,競選總部成立餐飲支出,金錢,新北市中和區****,02-2*****,
4,李貴富,107年縣(市)議員選舉,首次申報,1071020,集會支出,欣富鮮花西樂社,76936872,0.00,24200.00,布棚.流動廁所.椅子會議桌,金錢,苗栗縣三灣鄉****,037-*****,
5,李貴富,107年縣(市)議員選舉,首次申報,1071021,宣傳支出,一級棒廣告工作室,38988266,0.00,4500.00,製作競選物品支出旗幟,金錢,苗栗縣銅鑼鄉****,0933*****,
6,李貴富,107年縣(市)議員選舉,首次申報,1071107,集會支出,李記客家菜,,0.00,20000.00,餐飲支出,金錢,新北市中和區****,02-2*****,
