﻿序號,擬參選人／政黨,選舉名稱,申報序號／年度,交易日期,收支科目,捐贈者／支出對象,身分證／統一編號,收入金額,支出金額,捐贈方式,存入專戶日期,返還/繳庫,支出用途,金錢類,地址,聯絡電話,應揭露之支出對象,支出對象之內部人員姓名,支出對象之內部人員職稱,政黨之內部人員姓名,政黨之內部人員職稱,關係,更正註記,資料更正日期
1,蔣爭光,111年臺東縣金峰鄉鄉長選舉,首次申報,1111106,人事費用支出,李吳道義,V12*******,0.00,5000.00,,,,工資或薪津,金錢,臺東縣金峰鄉****,,否,,,,,,,
2,蔣爭光,111年臺東縣金峰鄉鄉長選舉,首次申報,1111106,人事費用支出,鐘秀瑛,V22*******,0.00,5000.00,,,,工資或薪津,金錢,臺東縣金峰鄉****,,否,,,,,,,
3,蔣爭光,111年臺東縣金峰鄉鄉長選舉,首次申報,1111106,人事費用支出,王美蘭,V22*******,0.00,5000.00,,,,工資或薪津,金錢,臺東縣金峰鄉****,,否,,,,,,,
4,蔣爭光,111年臺東縣金峰鄉鄉長選舉,首次申報,1111106,人事費用支出,凌瑜妗,V22*******,0.00,5000.00,,,,工資或薪津,金錢,臺東縣金峰鄉****,,否,,,,,,,
5,蔣爭光,111年臺東縣金峰鄉鄉長選舉,首次申報,1111118,人事費用支出,賴嬿伊,C22*******,0.00,5000.00,,,,工資或薪津,金錢,臺東縣金峰鄉****,,否,,,,,,,
6,蔣爭光,111年臺東縣金峰鄉鄉長選舉,首次申報,1111118,人事費用支出,彭振弘,H12*******,0.00,5000.00,,,,工資或薪津,金錢,臺東縣金峰鄉****,,否,,,,,,,
7,蔣爭光,111年臺東縣金峰鄉鄉長選舉,首次申報,1111118,人事費用支出,鄭素貞,Q22*******,0.00,5000.00,,,,工資或薪津,金錢,臺東縣金峰鄉****,,否,,,,,,,
8,蔣爭光,111年臺東縣金峰鄉鄉長選舉,首次申報,1111118,人事費用支出,張美凰,R22*******,0.00,5000.00,,,,工資或薪津,金錢,臺東縣金峰鄉****,,否,,,,,,,
9,蔣爭光,111年臺東縣金峰鄉鄉長選舉,首次申報,1111118,人事費用支出,羅進東,V10*******,0.00,5000.00,,,,工資或薪津,金錢,臺東縣金峰鄉****,,否,,,,,,,
10,蔣爭光,111年臺東縣金峰鄉鄉長選舉,首次申報,1111118,人事費用支出,宋忠生,V10*******,0.00,5000.00,,,,工資或薪津,金錢,臺東縣太麻里****,,否,,,,,,,
11,蔣爭光,111年臺東縣金峰鄉鄉長選舉,首次申報,1111118,人事費用支出,黃金卷,V10*******,0.00,5000.00,,,,工資或薪津,金錢,臺東縣金峰鄉****,,否,,,,,,,
12,蔣爭光,111年臺東縣金峰鄉鄉長選舉,首次申報,1111118,人事費用支出,陳賢聰,V12*******,0.00,5000.00,,,,工資或薪津,金錢,臺東縣金峰鄉****,,否,,,,,,,
13,蔣爭光,111年臺東縣金峰鄉鄉長選舉,首次申報,1111118,人事費用支出,吳天來,V12*******,0.00,5000.00,,,,工資或薪津,金錢,臺東縣金峰鄉****,,否,,,,,,,
14,蔣爭光,111年臺東縣金峰鄉鄉長選舉,首次申報,1111118,人事費用支出,季孝德,V12*******,0.00,5000.00,,,,工資或薪津,金錢,臺東縣金峰鄉****,,否,,,,,,,
15,蔣爭光,111年臺東縣金峰鄉鄉長選舉,首次申報,1111118,人事費用支出,許玉龍,V12*******,0.00,5000.00,,,,工資或薪津,金錢,臺東縣金峰鄉****,,否,,,,,,,
16,蔣爭光,111年臺東縣金峰鄉鄉長選舉,首次申報,1111118,人事費用支出,徐金雄,V12*******,0.00,5000.00,,,,工資或薪津,金錢,臺東縣金峰鄉****,,否,,,,,,,
17,蔣爭光,111年臺東縣金峰鄉鄉長選舉,首次申報,1111118,人事費用支出,馬家城,V12*******,0.00,5000.00,,,,工資或薪津,金錢,臺東縣金峰鄉****,,否,,,,,,,
18,蔣爭光,111年臺東縣金峰鄉鄉長選舉,首次申報,1111118,人事費用支出,陳國昇,V12*******,0.00,5000.00,,,,工資或薪津,金錢,臺東縣金峰鄉****,,否,,,,,,,
19,蔣爭光,111年臺東縣金峰鄉鄉長選舉,首次申報,1111118,人事費用支出,宋世文,V12*******,0.00,5000.00,,,,工資或薪津,金錢,臺東縣金峰鄉****,,否,,,,,,,
20,蔣爭光,111年臺東縣金峰鄉鄉長選舉,首次申報,1111118,人事費用支出,吳念祖,V12*******,0.00,5000.00,,,,工資或薪津,金錢,臺東縣金峰鄉****,,否,,,,,,,
21,蔣爭光,111年臺東縣金峰鄉鄉長選舉,首次申報,1111118,人事費用支出,歐喆昊,V12*******,0.00,5000.00,,,,工資或薪津,金錢,臺東縣金峰鄉****,,是,歐喆昊,,,,二親等以內親屬(祖孫),,
22,蔣爭光,111年臺東縣金峰鄉鄉長選舉,首次申報,1111118,人事費用支出,張曉福,V12*******,0.00,5000.00,,,,工資或薪津,金錢,臺東縣金峰鄉****,,否,,,,,,,
23,蔣爭光,111年臺東縣金峰鄉鄉長選舉,首次申報,1111118,人事費用支出,蔡明吉,V12*******,0.00,5000.00,,,,工資或薪津,金錢,臺東縣金峰鄉****,,否,,,,,,,
24,蔣爭光,111年臺東縣金峰鄉鄉長選舉,首次申報,1111118,人事費用支出,陳啟祥,V12*******,0.00,5000.00,,,,工資或薪津,金錢,臺東縣金峰鄉****,,否,,,,,,,
25,蔣爭光,111年臺東縣金峰鄉鄉長選舉,首次申報,1111118,人事費用支出,孟智峰,V12*******,0.00,5000.00,,,,工資或薪津,金錢,臺東縣金峰鄉****,,否,,,,,,,
26,蔣爭光,111年臺東縣金峰鄉鄉長選舉,首次申報,1111118,人事費用支出,溫逸仁,V12*******,0.00,5000.00,,,,工資或薪津,金錢,臺東縣金峰鄉****,,否,,,,,,,
27,蔣爭光,111年臺東縣金峰鄉鄉長選舉,首次申報,1111118,人事費用支出,蔡建銘,V12*******,0.00,5000.00,,,,工資或薪津,金錢,臺東縣金峰鄉****,,否,,,,,,,
28,蔣爭光,111年臺東縣金峰鄉鄉長選舉,首次申報,1111118,人事費用支出,黃世銘,V12*******,0.00,5000.00,,,,工資或薪津,金錢,臺東縣金峰鄉****,,否,,,,,,,
29,蔣爭光,111年臺東縣金峰鄉鄉長選舉,首次申報,1111118,人事費用支出,杜瑞俊,V12*******,0.00,5000.00,,,,工資或薪津,金錢,臺東縣金峰鄉****,,否,,,,,,,
30,蔣爭光,111年臺東縣金峰鄉鄉長選舉,首次申報,1111118,人事費用支出,宗志凱,V12*******,0.00,5000.00,,,,工資或薪津,金錢,臺東縣金峰鄉****,,否,,,,,,,
31,蔣爭光,111年臺東縣金峰鄉鄉長選舉,首次申報,1111118,人事費用支出,高金山,V12*******,0.00,5000.00,,,,工資或薪津,金錢,臺東縣金峰鄉****,,否,,,,,,,
32,蔣爭光,111年臺東縣金峰鄉鄉長選舉,首次申報,1111118,人事費用支出,何曉強,V12*******,0.00,5000.00,,,,工資或薪津,金錢,臺東縣金峰鄉****,,否,,,,,,,
33,蔣爭光,111年臺東縣金峰鄉鄉長選舉,首次申報,1111118,人事費用支出,李新光,V12*******,0.00,5000.00,,,,工資或薪津,金錢,臺東縣金峰鄉****,,否,,,,,,,
34,蔣爭光,111年臺東縣金峰鄉鄉長選舉,首次申報,1111118,人事費用支出,蔡夏江,V20*******,0.00,5000.00,,,,工資或薪津,金錢,臺東縣金峰鄉****,,否,,,,,,,
35,蔣爭光,111年臺東縣金峰鄉鄉長選舉,首次申報,1111118,人事費用支出,李貴花,V20*******,0.00,5000.00,,,,工資或薪津,金錢,臺東縣金峰鄉****,,否,,,,,,,
36,蔣爭光,111年臺東縣金峰鄉鄉長選舉,首次申報,1111118,人事費用支出,馬新妹,V20*******,0.00,5000.00,,,,工資或薪津,金錢,臺東縣金峰鄉****,,否,,,,,,,
37,蔣爭光,111年臺東縣金峰鄉鄉長選舉,首次申報,1111118,人事費用支出,陳愛花,V22*******,0.00,5000.00,,,,工資或薪津,金錢,臺東縣金峰鄉****,,否,,,,,,,
38,蔣爭光,111年臺東縣金峰鄉鄉長選舉,首次申報,1111118,人事費用支出,羅梅花,V22*******,0.00,5000.00,,,,工資或薪津,金錢,臺東縣金峰鄉****,,否,,,,,,,
39,蔣爭光,111年臺東縣金峰鄉鄉長選舉,首次申報,1111118,人事費用支出,李盡妹,V22*******,0.00,5000.00,,,,工資或薪津,金錢,臺東縣金峰鄉****,,否,,,,,,,
40,蔣爭光,111年臺東縣金峰鄉鄉長選舉,首次申報,1111118,人事費用支出,陳新花,V22*******,0.00,5000.00,,,,工資或薪津,金錢,臺東縣金峰鄉****,,否,,,,,,,
41,蔣爭光,111年臺東縣金峰鄉鄉長選舉,首次申報,1111118,人事費用支出,謝三雲,V22*******,0.00,5000.00,,,,工資或薪津,金錢,臺東縣金峰鄉****,,否,,,,,,,
42,蔣爭光,111年臺東縣金峰鄉鄉長選舉,首次申報,1111118,人事費用支出,陳秋鳳,V22*******,0.00,5000.00,,,,工資或薪津,金錢,臺東縣金峰鄉****,0976*****,否,,,,,,,
43,蔣爭光,111年臺東縣金峰鄉鄉長選舉,首次申報,1111118,人事費用支出,高美鳳,V22*******,0.00,5000.00,,,,工資或薪津,金錢,臺東縣金峰鄉****,,是,高美鳳,,,,二親等以內親屬(弟媳),,
44,蔣爭光,111年臺東縣金峰鄉鄉長選舉,首次申報,1111118,人事費用支出,宋玉梅,V22*******,0.00,5000.00,,,,工資或薪津,金錢,臺東縣金峰鄉****,,是,宋玉梅,,,,二親等以內親屬(兄嫂),,
45,蔣爭光,111年臺東縣金峰鄉鄉長選舉,首次申報,1111118,人事費用支出,吳筱茹,V22*******,0.00,5000.00,,,,工資或薪津,金錢,臺東縣金峰鄉****,,否,,,,,,,
46,蔣爭光,111年臺東縣金峰鄉鄉長選舉,首次申報,1111118,人事費用支出,陳昕,V22*******,0.00,5000.00,,,,工資或薪津,金錢,臺東縣金峰鄉****,,否,,,,,,,
47,蔣爭光,111年臺東縣金峰鄉鄉長選舉,首次申報,1111118,人事費用支出,陳思穎,V22*******,0.00,5000.00,,,,工資或薪津,金錢,臺東縣金峰鄉****,,否,,,,,,,
48,蔣爭光,111年臺東縣金峰鄉鄉長選舉,首次申報,1111118,人事費用支出,宋愛梅,V22*******,0.00,5000.00,,,,工資或薪津,金錢,臺東縣金峰鄉****,,否,,,,,,,
49,蔣爭光,111年臺東縣金峰鄉鄉長選舉,首次申報,1111118,人事費用支出,吳貴米,V22*******,0.00,5000.00,,,,工資或薪津,金錢,臺東縣金峰鄉****,,否,,,,,,,
50,蔣爭光,111年臺東縣金峰鄉鄉長選舉,首次申報,1111118,人事費用支出,楊秀琴,V22*******,0.00,5000.00,,,,工資或薪津,金錢,臺東縣金峰鄉****,,否,,,,,,,
51,蔣爭光,111年臺東縣金峰鄉鄉長選舉,首次申報,1111118,人事費用支出,張梅花,V22*******,0.00,5000.00,,,,工資或薪津,金錢,臺東縣金峰鄉****,,否,,,,,,,
52,蔣爭光,111年臺東縣金峰鄉鄉長選舉,首次申報,1111118,人事費用支出,許瑪琍,V22*******,0.00,5000.00,,,,工資或薪津,金錢,臺東縣金峰鄉****,,否,,,,,,,
53,蔣爭光,111年臺東縣金峰鄉鄉長選舉,首次申報,1111118,人事費用支出,林芊卉,V22*******,0.00,5000.00,,,,工資或薪津,金錢,臺東縣金峰鄉****,,否,,,,,,,
54,蔣爭光,111年臺東縣金峰鄉鄉長選舉,首次申報,1111118,人事費用支出,謝芳瑜,V22*******,0.00,5000.00,,,,工資或薪津,金錢,臺東縣金峰鄉****,,否,,,,,,,
55,蔣爭光,111年臺東縣金峰鄉鄉長選舉,首次申報,1111118,人事費用支出,謝美雪,V22*******,0.00,5000.00,,,,工資或薪津,金錢,臺東縣金峰鄉****,,否,,,,,,,
56,蔣爭光,111年臺東縣金峰鄉鄉長選舉,首次申報,1111118,人事費用支出,杜美娘,V22*******,0.00,5000.00,,,,工資或薪津,金錢,臺東縣金峰鄉****,,否,,,,,,,
57,蔣爭光,111年臺東縣金峰鄉鄉長選舉,首次申報,1111118,人事費用支出,胡美花,V22*******,0.00,5000.00,,,,工資或薪津,金錢,臺東縣金峰鄉****,,否,,,,,,,
58,蔣爭光,111年臺東縣金峰鄉鄉長選舉,首次申報,1111118,人事費用支出,高永庭,V22*******,0.00,5000.00,,,,工資或薪津,金錢,臺東縣金峰鄉****,0978*****,否,,,,,,,
59,蔣爭光,111年臺東縣金峰鄉鄉長選舉,首次申報,1111118,人事費用支出,林秀貞,V22*******,0.00,5000.00,,,,工資或薪津,金錢,臺東縣金峰鄉****,,否,,,,,,,
60,蔣爭光,111年臺東縣金峰鄉鄉長選舉,首次申報,1111118,人事費用支出,林尚英,V22*******,0.00,5000.00,,,,工資或薪津,金錢,臺東縣金峰鄉****,,否,,,,,,,
61,蔣爭光,111年臺東縣金峰鄉鄉長選舉,首次申報,1111118,人事費用支出,凌陳滿妹,V22*******,0.00,5000.00,,,,工資或薪津,金錢,臺東縣金峰鄉****,,否,,,,,,,
62,蔣爭光,111年臺東縣金峰鄉鄉長選舉,首次申報,1111118,人事費用支出,蔡玉真,V22*******,0.00,5000.00,,,,工資或薪津,金錢,臺東縣金峰鄉****,,否,,,,,,,
63,蔣爭光,111年臺東縣金峰鄉鄉長選舉,首次申報,1111118,人事費用支出,李冬梅,V22*******,0.00,5000.00,,,,工資或薪津,金錢,臺東縣金峰鄉****,,否,,,,,,,
64,蔣爭光,111年臺東縣金峰鄉鄉長選舉,首次申報,1111118,人事費用支出,陸金惠,V22*******,0.00,5000.00,,,,工資或薪津,金錢,臺東縣金峰鄉****,,否,,,,,,,
65,蔣爭光,111年臺東縣金峰鄉鄉長選舉,首次申報,1111118,人事費用支出,溫雅玲,V22*******,0.00,5000.00,,,,工資或薪津,金錢,臺東縣金峰鄉****,,否,,,,,,,
66,蔣爭光,111年臺東縣金峰鄉鄉長選舉,首次申報,1120223,返還捐贈支出,潘金枝,U12*******,0.00,100000.00,,,,返還,金錢,花蓮縣富里鄉****,,否,,,,,,,
