﻿序號,擬參選人／政黨,選舉名稱,申報序號／年度,交易日期,收支科目,捐贈者／支出對象,身分證／統一編號,收入金額,支出金額,捐贈方式,存入專戶日期,返還/繳庫,支出用途,金錢類,地址,聯絡電話,應揭露之支出對象,支出對象之內部人員姓名,支出對象之內部人員職稱,政黨之內部人員姓名,政黨之內部人員職稱,關係,更正註記,資料更正日期
1,涂力旋,111年臺中市豐原區社皮里里長選舉,首次申報,1111030,集會支出,文藝硬體企業社,47512571,0.00,50500.00,,,,里政說明會硬體設備，包含背版輸出、音響、工作人員費用,金錢,臺中市南屯區****,,否,,,,,,,
2,涂力旋,111年臺中市豐原區社皮里里長選舉,首次申報,1111101,宣傳支出,威成服裝行,15684945,0.00,5200.00,,,,製作競選物品或宣傳廣告費用（競選背心）,金錢,臺中市豐原區****,,否,,,,,,,
3,涂力旋,111年臺中市豐原區社皮里里長選舉,首次申報,1111125,宣傳支出,我們青春有限公司,83056850,0.00,155030.00,,,,選舉文宣、設計、印刷與寄送,金錢,臺北市大安區****,,否,,,,,,,
4,涂力旋,111年臺中市豐原區社皮里里長選舉,首次申報,1111203,集會支出,創八艾斯藝術娛樂有限公司,90684588,0.00,68500.00,,,,活動演出、規劃等,金錢,高雄市三民區****,,否,,,,,,,
5,涂力旋,111年臺中市豐原區社皮里里長選舉,首次申報,1111226,宣傳支出,首席帆布實業有限公司,,0.00,19420.00,,,,租用廣告看板或車體廣告費用,金錢,臺中市西屯區****,,否,,,,,,,
