﻿序號,擬參選人／政黨,選舉名稱,申報序號／年度,交易日期,收支科目,捐贈者／支出對象,身分證／統一編號,收入金額,支出金額,支出用途,金錢類,地址,聯絡電話,資料更正日期
1,郭清華,107年直轄市議員選舉,首次申報,1070731,雜支支出,中華日報,,0.00,500.00,報費,金錢,台南市安南區****,,
2,郭清華,107年直轄市議員選舉,首次申報,1070801,宣傳支出,李奕明,,0.00,2000.00,租用廣告看板或車體廣告支出,金錢,台南市安南區****,,
3,郭清華,107年直轄市議員選舉,首次申報,1070801,交通旅運支出,土城加油站實業股份有限公司,23253483,0.00,1430.00,油資,金錢,臺南市安南區****,,
4,郭清華,107年直轄市議員選舉,首次申報,1070801,宣傳支出,王沈金來,R20*******,0.00,5000.00,租用廣告看板或車體廣告支出,金錢,臺南市安南區****,,
5,郭清華,107年直轄市議員選舉,首次申報,1070802,雜支支出,中華電信股份有限公司,69109906,0.00,665.00,電信費用,金錢,台南市西門路****,,
6,郭清華,107年直轄市議員選舉,首次申報,1070803,交通旅運支出,千越加油站實業股份有限公司,09134000,0.00,1514.00,油資,金錢,台南市海佃路****,,
7,郭清華,107年直轄市議員選舉,首次申報,1070806,雜支支出,葡吉食品有限公司,22212112,0.00,500.00,餐飲費用,金錢,臺南市北區三****,,
8,郭清華,107年直轄市議員選舉,首次申報,1070806,交通旅運支出,中油,56957125,0.00,1513.00,油資,金錢,台南市文賢路****,,
9,郭清華,107年直轄市議員選舉,首次申報,1070809,交通旅運支出,台灣中油,06522723,0.00,1493.00,油資,金錢,台南市安中路****,,
10,郭清華,107年直轄市議員選舉,首次申報,1070809,雜支支出,翰暐圖書文具有限公司,28772196,0.00,199.00,文具用品費用,金錢,臺南市安南區****,,
11,郭清華,107年直轄市議員選舉,首次申報,1070810,宣傳支出,揚名企業社,17197246,0.00,34000.00,製作宣傳廣告支出,金錢,臺南市安平區****,,
12,郭清華,107年直轄市議員選舉,首次申報,1070810,雜支支出,日泰五金行,73851702,0.00,140.00,雜項購置或修繕費用,金錢,臺南市安南區****,,
13,郭清華,107年直轄市議員選舉,首次申報,1070810,宣傳支出,陳盈君,S22*******,0.00,35000.00,租用廣告看板或車體廣告支出,金錢,台南市安南區****,,
14,郭清華,107年直轄市議員選舉,首次申報,1070813,雜支支出,台灣電力公司,68887960,0.00,4779.00,水電瓦斯費用,金錢,台南市安南區****,,
15,郭清華,107年直轄市議員選舉,首次申報,1070813,雜支支出,中華電信股份有限公司,69109906,0.00,627.00,電信費用,金錢,台南市西門路****,,
16,郭清華,107年直轄市議員選舉,首次申報,1070814,交通旅運支出,全國加油站,10166198,0.00,100.00,油資,金錢,台南市海佃路****,,
17,郭清華,107年直轄市議員選舉,首次申報,1070815,交通旅運支出,千越加油站,09134000,0.00,1303.00,油資,金錢,台南市海佃路****,,
18,郭清華,107年直轄市議員選舉,首次申報,1070816,人事費用支出,彭淑虹,D22*******,0.00,100000.00,工資或薪津,金錢,台南市安南區****,,
19,郭清華,107年直轄市議員選舉,首次申報,1070817,集會支出,小師傅排骨飯館,06522765,0.00,1040.00,餐飲支出,金錢,台南市海佃路****,,
20,郭清華,107年直轄市議員選舉,首次申報,1070817,交通旅運支出,全國加油站,10166198,0.00,118.00,油資,金錢,台南市海佃路****,,
21,郭清華,107年直轄市議員選舉,首次申報,1070817,雜支支出,日泰五金行,73851702,0.00,660.00,文具用品費用,金錢,台南市海佃路****,,
22,郭清華,107年直轄市議員選舉,首次申報,1070818,集會支出,小師傅排骨飯店,06522765,0.00,890.00,餐飲支出,金錢,台南市海佃路****,,
23,郭清華,107年直轄市議員選舉,首次申報,1070818,交通旅運支出,千越加油站,09134000,0.00,1370.00,油資,金錢,台南市海佃路****,,
24,郭清華,107年直轄市議員選舉,首次申報,1070818,雜支支出,葡吉食品有限公司,22212112,0.00,280.00,餐飲費用,金錢,臺南市北區三****,,
25,郭清華,107年直轄市議員選舉,首次申報,1070820,雜支支出,小師傅排骨飯店,06522765,0.00,480.00,餐飲費用,金錢,台南市海佃路****,,
26,郭清華,107年直轄市議員選舉,首次申報,1070821,公共關係費用支出,立暉蘭園,25783304,0.00,2000.00,聯誼交際費用,金錢,台南市北安路****,,
27,郭清華,107年直轄市議員選舉,首次申報,1070821,雜支支出,阿田便當店,25814989,0.00,420.00,餐飲費用,金錢,台南市海佃路****,,
28,郭清華,107年直轄市議員選舉,首次申報,1070821,雜支支出,禮堡實業社,88891105,0.00,30000.00,文具用品費用,金錢,台南市西賢一****,,
29,郭清華,107年直轄市議員選舉,首次申報,1070821,人事費用支出,林佩清,D22*******,0.00,30000.00,工資或薪津,金錢,台南市青砂街****,,
30,郭清華,107年直轄市議員選舉,首次申報,1070822,公共關係費用支出,吳勝博,D12*******,0.00,2050.00,聯誼交際費用,金錢,台南市安中路****,,
31,郭清華,107年直轄市議員選舉,首次申報,1070822,人事費用支出,林連揮,R12*******,0.00,10000.00,工資或薪津,金錢,台南市和緯路****,,
32,郭清華,107年直轄市議員選舉,首次申報,1070823,集會支出,小師傅排骨飯館,06522765,0.00,1270.00,餐飲支出,金錢,台南市海佃路****,,
33,郭清華,107年直轄市議員選舉,首次申報,1070823,公共關係費用支出,德興水果行,06529774,0.00,1800.00,聯誼交際費用,金錢,台南市怡安路****,,
34,郭清華,107年直轄市議員選舉,首次申報,1070823,雜支支出,優進益商行,17576400,0.00,152.00,雜項購置或修繕費用,金錢,台南市海安路****,,
35,郭清華,107年直轄市議員選舉,首次申報,1070823,集會支出,阿田便當店,25814989,0.00,2380.00,餐飲支出,金錢,台南市海佃路****,,
36,郭清華,107年直轄市議員選舉,首次申報,1070823,雜支支出,晟北生活館有限公司,28797149,0.00,196.00,雜項購置或修繕費用,金錢,臺南市北區大****,,
37,郭清華,107年直轄市議員選舉,首次申報,1070823,雜支支出,日泰五金行,73851702,0.00,280.00,雜項購置或修繕費用,金錢,台南市海佃路****,,
38,郭清華,107年直轄市議員選舉,首次申報,1070823,公共關係費用支出,果子狸水果專賣店,93872135,0.00,1200.00,聯誼交際費用,金錢,臺南市北區大****,,
39,郭清華,107年直轄市議員選舉,首次申報,1070824,雜支支出,大金香舖茶莊,37619639,0.00,4500.00,雜項購置或修繕費用,金錢,台南市城北路****,,
40,郭清華,107年直轄市議員選舉,首次申報,1070824,公共關係費用支出,果子狸水果專賣店,936872135,0.00,1200.00,聯誼交際費用,金錢,臺南市北區大****,,
41,郭清華,107年直轄市議員選舉,首次申報,1070825,公共關係費用支出,立暉蘭園,25783304,0.00,3000.00,聯誼交際費用,金錢,台南市北安路****,,
42,郭清華,107年直轄市議員選舉,首次申報,1070825,雜支支出,阿田便當,25814989,0.00,260.00,餐飲費用,金錢,台南市海佃路****,,
43,郭清華,107年直轄市議員選舉,首次申報,1070825,集會支出,蓮昇快餐店,62960963,0.00,3200.00,餐飲支出,金錢,台南市海佃路****,,
44,郭清華,107年直轄市議員選舉,首次申報,1070825,雜支支出,禮堡實業社,88891105,0.00,30000.00,文具用品費用,金錢,台南市西賢一****,,
45,郭清華,107年直轄市議員選舉,首次申報,1070825,雜支支出,禮堡實業社,88891105,0.00,30000.00,文具用品費用,金錢,台南市西賢一****,,
46,郭清華,107年直轄市議員選舉,首次申報,1070826,公共關係費用支出,德興水果行,06529774,0.00,2000.00,聯誼交際費用,金錢,台南市怡安路****,,
47,郭清華,107年直轄市議員選舉,首次申報,1070826,雜支支出,傳勝行,15718500,0.00,4050.00,雜項購置或修繕費用,金錢,,,
48,郭清華,107年直轄市議員選舉,首次申報,1070826,雜支支出,佐久和風料理,40715832,0.00,560.00,餐飲費用,金錢,台南市海佃路****,,
49,郭清華,107年直轄市議員選舉,首次申報,1070826,雜支支出,光榮玻璃行,56975192,0.00,2500.00,雜項購置或修繕費用,金錢,台南市武聖路****,,
50,郭清華,107年直轄市議員選舉,首次申報,1070826,公共關係費用支出,果子狸水果專賣店,93872135,0.00,1200.00,聯誼交際費用,金錢,臺南市北區大****,,
51,郭清華,107年直轄市議員選舉,首次申報,1070827,交通旅運支出,台灣中油,06522723,0.00,1000.00,油資,金錢,台南市安中路****,,
52,郭清華,107年直轄市議員選舉,首次申報,1070827,雜支支出,小師傅排骨飯館,06522765,0.00,480.00,餐飲費用,金錢,,,
53,郭清華,107年直轄市議員選舉,首次申報,1070827,公共關係費用支出,三楓企業社,17980648,0.00,15050.00,聯誼交際費用,金錢,台南市十二佃****,,
54,郭清華,107年直轄市議員選舉,首次申報,1070827,雜支支出,中華電信股份有限公司,69109906,0.00,170.00,水電瓦斯費用,金錢,台南市西門路****,,
55,郭清華,107年直轄市議員選舉,首次申報,1070827,宣傳支出,集立廣告社,87873902,0.00,28000.00,租用廣告看板或車體廣告支出,金錢,,,
56,郭清華,107年直轄市議員選舉,首次申報,1070827,宣傳支出,集立廣告社,87873902,0.00,32122.00,租用廣告看板或車體廣告支出,金錢,臺南市東區崇****,,
57,郭清華,107年直轄市議員選舉,首次申報,1070827,雜支支出,貫鳴行,88880389,0.00,80.00,雜項購置或修繕費用,金錢,台南市海佃路****,,
58,郭清華,107年直轄市議員選舉,首次申報,1070828,雜支支出,信安企業社,29401047,0.00,46500.00,雜項購置或修繕費用,金錢,台南市文賢路****,,
59,郭清華,107年直轄市議員選舉,首次申報,1070828,雜支支出,新廣油漆行,69858268,0.00,150.00,雜項購置或修繕費用,金錢,台南市海佃路****,,
60,郭清華,107年直轄市議員選舉,首次申報,1070829,公共關係費用支出,立暉蘭園,25783304,0.00,2000.00,聯誼交際費用,金錢,台南市北安路****,,
61,郭清華,107年直轄市議員選舉,首次申報,1070830,交通旅運支出,全國加油站,10166198,0.00,135.00,油資,金錢,台南市海佃路****,,
62,郭清華,107年直轄市議員選舉,首次申報,1070830,公共關係費用支出,源谷茶行,21655721,0.00,10000.00,聯誼交際費用,金錢,台南市國安街****,,
63,郭清華,107年直轄市議員選舉,首次申報,1070830,雜支支出,阿田便當店,25814989,0.00,615.00,餐飲費用,金錢,台南市海佃路****,,
64,郭清華,107年直轄市議員選舉,首次申報,1070830,雜支支出,正宏行,40901293,0.00,13000.00,雜項購置或修繕費用,金錢,,,
65,郭清華,107年直轄市議員選舉,首次申報,1070830,雜支支出,中華電信股份有限公司,69109906,0.00,306.00,水電瓦斯費用,金錢,台南市西門路****,,
66,郭清華,107年直轄市議員選舉,首次申報,1070830,雜支支出,益友廣告贈品商行,73853976,0.00,132000.00,雜項購置或修繕費用,金錢,台南市明興路****,,
67,郭清華,107年直轄市議員選舉,首次申報,1070830,雜支支出,益友廣告贈品商行,73853976,0.00,3800.00,雜項購置或修繕費用,金錢,,,
68,郭清華,107年直轄市議員選舉,首次申報,1070830,人事費用支出,蔡榮洲,D12*******,0.00,20000.00,工資或薪津,金錢,台南市安南區****,,
69,郭清華,107年直轄市議員選舉,首次申報,1070831,雜支支出,黃金鍛,,0.00,17750.00,餐飲費用,金錢,台南市安南區****,,
70,郭清華,107年直轄市議員選舉,首次申報,1070831,雜支支出,中華日報,,0.00,540.00,報費,金錢,台南市安南區****,,
71,郭清華,107年直轄市議員選舉,首次申報,1070831,公共關係費用支出,姿香鮮花店,06533094,0.00,5000.00,聯誼交際費用,金錢,台南市國安街****,,
72,郭清華,107年直轄市議員選舉,首次申報,1070831,雜支支出,利順鮮花店,73864328,0.00,1200.00,雜項購置或修繕費用,金錢,,,
73,郭清華,107年直轄市議員選舉,首次申報,1070831,宣傳支出,高傳真印刷,93870609,0.00,8100.00,印刷品,金錢,,,
74,郭清華,107年直轄市議員選舉,首次申報,1070831,人事費用支出,吳博勝,D12*******,0.00,1200.00,其他因工作酬勞之給付,金錢,台南市安南區****,,
75,郭清華,107年直轄市議員選舉,首次申報,1070901,宣傳支出,李信文,,0.00,9000.00,租用廣告看板或車體廣告支出,金錢,台南市頂安街****,,
76,郭清華,107年直轄市議員選舉,首次申報,1070901,宣傳支出,陳昱成,,0.00,16500.00,租用廣告看板或車體廣告支出,金錢,台南市海佃路****,,
77,郭清華,107年直轄市議員選舉,首次申報,1070901,宣傳支出,蔡裕民,,0.00,4500.00,租用廣告看板或車體廣告支出,金錢,台南市工明南****,,
78,郭清華,107年直轄市議員選舉,首次申報,1070901,宣傳支出,楊憲政,,0.00,3000.00,租用廣告看板或車體廣告支出,金錢,台南市安南區****,,
79,郭清華,107年直轄市議員選舉,首次申報,1070901,宣傳支出,黃合成,,0.00,6000.00,租用廣告看板或車體廣告支出,金錢,台南市海佃路****,,
80,郭清華,107年直轄市議員選舉,首次申報,1070901,宣傳支出,鄭淇楠,,0.00,6000.00,租用廣告看板或車體廣告支出,金錢,,,
81,郭清華,107年直轄市議員選舉,首次申報,1070901,宣傳支出,鍾嘉村,,0.00,6000.00,租用廣告看板或車體廣告支出,金錢,台南市安平區****,,
82,郭清華,107年直轄市議員選舉,首次申報,1070901,交通旅運支出,千越加油站,09134000,0.00,917.00,油資,金錢,台南市海佃路****,,
83,郭清華,107年直轄市議員選舉,首次申報,1070901,雜支支出,阿田便當店,25814989,0.00,340.00,餐飲費用,金錢,台南市海佃路****,,
84,郭清華,107年直轄市議員選舉,首次申報,1070901,宣傳支出,高柏根,D10*******,0.00,3000.00,租用廣告看板或車體廣告支出,金錢,台南市北區三****,,
85,郭清華,107年直轄市議員選舉,首次申報,1070901,人事費用支出,彭淑虹,D22*******,0.00,50000.00,工資或薪津,金錢,台南市安南區****,,
86,郭清華,107年直轄市議員選舉,首次申報,1070903,集會支出,偉盛工程行,47778142,0.00,6000.00,租用設備支出,金錢,台南市公學路****,,
87,郭清華,107年直轄市議員選舉,首次申報,1070903,雜支支出,貫鳴行,88880389,0.00,250.00,雜項購置或修繕費用,金錢,台南市海佃路****,,
88,郭清華,107年直轄市議員選舉,首次申報,1070903,雜支支出,高傳真印刷,93870609,0.00,4000.00,雜項購置或修繕費用,金錢,,,
89,郭清華,107年直轄市議員選舉,首次申報,1070903,人事費用支出,林佩清,D22*******,0.00,30000.00,工資或薪津,金錢,台南市青砂街****,,
90,郭清華,107年直轄市議員選舉,首次申報,1070904,交通旅運支出,台灣中油,06522723,0.00,1536.00,油資,金錢,台南市安中路****,,
91,郭清華,107年直轄市議員選舉,首次申報,1070904,公共關係費用支出,姿香鮮花店,06533094,0.00,28000.00,鮮花柱,金錢,台南市國安街****,,
92,郭清華,107年直轄市議員選舉,首次申報,1070904,公共關係費用支出,姿香鮮花店,06533094,0.00,27000.00,花柱,金錢,台南市國安街****,,
93,郭清華,107年直轄市議員選舉,首次申報,1070904,雜支支出,阿田便當店,25814989,0.00,460.00,餐飲費用,金錢,台南市海佃路****,,
94,郭清華,107年直轄市議員選舉,首次申報,1070904,雜支支出,新展昌行,68568522,0.00,8000.00,鋼筆,金錢,台南市永福路****,,
95,郭清華,107年直轄市議員選舉,首次申報,1070904,宣傳支出,立展書店,69796860,0.00,7600.00,文具禮品,金錢,台南市本原街****,,
96,郭清華,107年直轄市議員選舉,首次申報,1070904,雜支支出,禮堡實業社,88891105,0.00,30000.00,廣告筆,金錢,台南市西賢一****,,
97,郭清華,107年直轄市議員選舉,首次申報,1070905,公共關係費用支出,姿香鮮花店,06533094,0.00,3000.00,鮮花柱,金錢,台南市國安街****,,
98,郭清華,107年直轄市議員選舉,首次申報,1070905,公共關係費用支出,萬毅企業社,25723685,0.00,14000.00,聯誼交際費用,金錢,高雄市仁武區****,,
99,郭清華,107年直轄市議員選舉,首次申報,1070905,雜支支出,阿田便當店,25814989,0.00,580.00,便當,金錢,台南市海佃路****,,
100,郭清華,107年直轄市議員選舉,首次申報,1070906,雜支支出,小師傅排骨飯店,06522765,0.00,635.00,便當,金錢,台南市海佃路****,,
101,郭清華,107年直轄市議員選舉,首次申報,1070907,雜支支出,阿田便當店,25814989,0.00,400.00,便當,金錢,台南市海佃路****,,
102,郭清華,107年直轄市議員選舉,首次申報,1070908,交通旅運支出,台灣中油,06522744,0.00,1300.00,油資,金錢,台南市安順****,,
103,郭清華,107年直轄市議員選舉,首次申報,1070910,公共關係費用支出,立暉蘭園,25783304,0.00,3000.00,聯誼交際費用,金錢,台南市北安路****,,
104,郭清華,107年直轄市議員選舉,首次申報,1070910,雜支支出,阿田便當店,25814989,0.00,320.00,便當,金錢,台南市海佃路****,,
105,郭清華,107年直轄市議員選舉,首次申報,1070910,雜支支出,中華電信,69109906,0.00,702.00,電信費用,金錢,台南市西門路****,,
106,郭清華,107年直轄市議員選舉,首次申報,1070911,雜支支出,阿田便當店,25814989,0.00,390.00,便當,金錢,台南市海佃路****,,
107,郭清華,107年直轄市議員選舉,首次申報,1070912,雜支支出,千越加油站,09134000,0.00,1372.00,油資,金錢,台南市海佃路****,,
108,郭清華,107年直轄市議員選舉,首次申報,1070913,交通旅運支出,台灣中油,06522744,0.00,70.00,油資,金錢,台南市安順****,,
109,郭清華,107年直轄市議員選舉,首次申報,1070913,雜支支出,阿田便當店,25814989,0.00,640.00,便當,金錢,台南市海佃路****,,
110,郭清華,107年直轄市議員選舉,首次申報,1070913,雜支支出,立展書店,69796860,0.00,1299.00,文具用品費用,金錢,台南市本原街****,,
111,郭清華,107年直轄市議員選舉,首次申報,1070913,雜支支出,立展書店,69796860,0.00,6400.00,文具用品費用,金錢,台南市本原街****,,
112,郭清華,107年直轄市議員選舉,首次申報,1070913,集會支出,益友廣告贈品商行,73853976,0.00,15000.00,竹架,金錢,台南市明興路****,,
113,郭清華,107年直轄市議員選舉,首次申報,1070915,公共關係費用支出,立暉蘭園,25783304,0.00,2000.00,蘭花盆栽,金錢,台南市北安路****,,
114,郭清華,107年直轄市議員選舉,首次申報,1070915,交通旅運支出,久井企業股份有限公司,36883907,0.00,115.00,油資,金錢,台南市****,,
115,郭清華,107年直轄市議員選舉,首次申報,1070915,交通旅運支出,台灣中油,56955225,0.00,100.00,油資,金錢,台南市府前路****,,
116,郭清華,107年直轄市議員選舉,首次申報,1070915,雜支支出,禮堡實業社,88891105,0.00,30000.00,廣告筆,金錢,台南市西賢一****,,
117,郭清華,107年直轄市議員選舉,首次申報,1070916,集會支出,上都小吃店,36843286,0.00,3360.00,餐飲支出,金錢,台南市東興陸****,,
118,郭清華,107年直轄市議員選舉,首次申報,1070916,交通旅運支出,VIP加油站,99535224,0.00,736.00,油資,金錢,台南市海佃路****,,
119,郭清華,107年直轄市議員選舉,首次申報,1070917,雜支支出,明昌彩色快速沖印,06529535,0.00,200.00,雜項購置或修繕費用,金錢,台南市海佃路****,,
120,郭清華,107年直轄市議員選舉,首次申報,1070917,公共關係費用支出,立暉蘭園,25783304,0.00,2000.00,蘭花盆栽,金錢,台南市北安路****,,
121,郭清華,107年直轄市議員選舉,首次申報,1070917,雜支支出,金玉堂,28772196,0.00,162.00,雜項購置或修繕費用,金錢,台南市海佃路****,,
122,郭清華,107年直轄市議員選舉,首次申報,1070917,公共關係費用支出,綵蓉花卉,88898536,0.00,3600.00,盆栽,金錢,,,
123,郭清華,107年直轄市議員選舉,首次申報,1070917,交通旅運支出,通一精工,99292991,0.00,70.00,油資,金錢,台南市****,,
124,郭清華,107年直轄市議員選舉,首次申報,1070918,雜支支出,台灣自來水股份有限公司,06388346,0.00,186.00,水電瓦斯費用,金錢,台南市開元路****,,
125,郭清華,107年直轄市議員選舉,首次申報,1070918,交通旅運支出,台灣中油,06522744,0.00,1528.00,油資,金錢,台南市安順****,,
126,郭清華,107年直轄市議員選舉,首次申報,1070918,交通旅運支出,全國加油站,10166198,0.00,111.00,油資,金錢,台南市海佃路****,,
127,郭清華,107年直轄市議員選舉,首次申報,1070918,雜支支出,阿田便當店,25814989,0.00,540.00,便當,金錢,台南市海佃路****,,
128,郭清華,107年直轄市議員選舉,首次申報,1070918,雜支支出,台灣電力公司,68887960,0.00,5398.00,水電瓦斯費用,金錢,台南市海佃路****,,
129,郭清華,107年直轄市議員選舉,首次申報,1070918,集會支出,競選總部,D12*******,0.00,7000.00,餐飲支出,非金錢,臺南市安南區****,,
130,郭清華,107年直轄市議員選舉,首次申報,1070919,交通旅運支出,陸路發股份有限公司,13024568,0.00,80.00,油資,金錢,台南市中砂里****,,
131,郭清華,107年直轄市議員選舉,首次申報,1070919,交通旅運支出,統一精工,99292991,0.00,104.00,油資,金錢,台南市海佃路****,,
132,郭清華,107年直轄市議員選舉,首次申報,1070920,交通旅運支出,全國加油站,10166198,0.00,107.00,油資,金錢,台南市海佃路****,,
133,郭清華,107年直轄市議員選舉,首次申報,1070920,雜支支出,傳勝行,15718500,0.00,2250.00,雜項購置或修繕費用,金錢,,,
134,郭清華,107年直轄市議員選舉,首次申報,1070920,雜支支出,阿田便當店,25814989,0.00,565.00,雜項購置或修繕費用,金錢,台海佃路一段****,,
135,郭清華,107年直轄市議員選舉,首次申報,1070920,公共關係費用支出,大金香舖茶莊,37619639,0.00,9000.00,聯誼交際費用,金錢,台南市城北路****,,
136,郭清華,107年直轄市議員選舉,首次申報,1070921,雜支支出,三竹資訊股份有限公司,36883907,0.00,10000.00,電信費用,金錢,臺北市中山區****,,
137,郭清華,107年直轄市議員選舉,首次申報,1070922,交通旅運支出,台灣中油,06522744,0.00,1205.00,油資,金錢,台南市安順****,,
138,郭清華,107年直轄市議員選舉,首次申報,1070922,公共關係費用支出,立暉蘭園,25783304,0.00,2000.00,蘭花盆栽,金錢,,,
139,郭清華,107年直轄市議員選舉,首次申報,1070922,雜支支出,阿田便當店,25814989,0.00,540.00,餐飲費用,金錢,台南市海佃路****,,
140,郭清華,107年直轄市議員選舉,首次申報,1070922,公共關係費用支出,果子狸水果專賣店,93872135,0.00,3600.00,聯誼交際費用,金錢,,,
141,郭清華,107年直轄市議員選舉,首次申報,1070923,交通旅運支出,千越加油站,09134000,0.00,1464.00,油資,金錢,,,
142,郭清華,107年直轄市議員選舉,首次申報,1070923,宣傳支出,益友廣告贈品商行,73853976,0.00,270000.00,製作競選物品支出（菜瓜布）,金錢,台南市明興路****,,
143,郭清華,107年直轄市議員選舉,首次申報,1070925,宣傳支出,黑格印染社,14392463,0.00,1920.00,製作宣傳廣告支出,金錢,,,
144,郭清華,107年直轄市議員選舉,首次申報,1070925,公共關係費用支出,三楓企業社,17980648,0.00,15000.00,聯誼交際費用,金錢,,,
145,郭清華,107年直轄市議員選舉,首次申報,1070925,雜支支出,金玉堂,28772196,0.00,356.00,雜項購置或修繕費用,金錢,,,
146,郭清華,107年直轄市議員選舉,首次申報,1070925,雜支支出,中華電信股份有限公司,69109906,0.00,170.00,電信費用,金錢,,,
147,郭清華,107年直轄市議員選舉,首次申報,1070925,雜支支出,中華電信股份有限公司,69109906,0.00,1799.00,電信費用,金錢,,,
148,郭清華,107年直轄市議員選舉,首次申報,1070925,雜支支出,立展書店,69796860,0.00,9600.00,文具用品費用,金錢,,,
149,郭清華,107年直轄市議員選舉,首次申報,1070925,雜支支出,貫鳴行,88880389,0.00,13325.00,塑膠袋,金錢,,,
150,郭清華,107年直轄市議員選舉,首次申報,1070925,雜支支出,禮堡實業社,88891105,0.00,30000.00,廣告筆,金錢,,,
151,郭清華,107年直轄市議員選舉,首次申報,1070925,交通旅運支出,統一精工,99292991,0.00,73.00,油資,金錢,,,
152,郭清華,107年直轄市議員選舉,首次申報,1070926,雜支支出,鶴屋企業行,19760775,0.00,2450.00,雜項購置或修繕費用,金錢,,,
153,郭清華,107年直轄市議員選舉,首次申報,1070926,公共關係費用支出,立暉蘭園,25783304,0.00,2000.00,聯誼交際費用,金錢,,,
154,郭清華,107年直轄市議員選舉,首次申報,1070926,雜支支出,日泰五金行,73851702,0.00,1350.00,雜項購置或修繕費用,金錢,,,
155,郭清華,107年直轄市議員選舉,首次申報,1070927,交通旅運支出,台灣中油,06522744,0.00,2411.00,油資,金錢,,,
156,郭清華,107年直轄市議員選舉,首次申報,1070927,宣傳支出,益友廣告贈品商行,73853976,0.00,5400.00,玻璃貼,金錢,,,
157,郭清華,107年直轄市議員選舉,首次申報,1070927,雜支支出,高傳真印刷,93870609,0.00,3100.00,印刷品,金錢,,,
158,郭清華,107年直轄市議員選舉,首次申報,1070928,雜支支出,佾瑄食品行,13585174,0.00,187.00,餐飲費用,金錢,,,
159,郭清華,107年直轄市議員選舉,首次申報,1070929,交通旅運支出,台灣中油,68113001,0.00,100.00,油資,金錢,,,
160,郭清華,107年直轄市議員選舉,首次申報,1070930,雜支支出,中華日報,,0.00,540.00,報費,金錢,台南市安南區****,,
161,郭清華,107年直轄市議員選舉,首次申報,1070930,雜支支出,黃金鍛,,0.00,16500.00,蔡錢,金錢,台南市安南區****,,
162,郭清華,107年直轄市議員選舉,首次申報,1070930,交通旅運支出,全國加油站,10166198,0.00,131.00,油資,金錢,,,
163,郭清華,107年直轄市議員選舉,首次申報,1070930,宣傳支出,益友廣告贈品商行,73853976,0.00,26000.00,文宣品、背心,金錢,,,
164,郭清華,107年直轄市議員選舉,首次申報,1070930,公共關係費用支出,利順鮮花店,73864328,0.00,16000.00,花圈,金錢,,,
165,郭清華,107年直轄市議員選舉,首次申報,1070930,雜支支出,達成饅頭店,87849679,0.00,7750.00,餐飲費用,金錢,,,
166,郭清華,107年直轄市議員選舉,首次申報,1070930,公共關係費用支出,果子狸水果專賣店,93872135,0.00,1200.00,聯誼交際費用,金錢,,,
167,郭清華,107年直轄市議員選舉,首次申報,1070930,人事費用支出,蔡榮洲,D12*******,0.00,20000.00,工資或薪津,金錢,台南市安南區****,,
168,郭清華,107年直轄市議員選舉,首次申報,1071001,交通旅運支出,千越加油站,09134000,0.00,1880.00,油資,金錢,,,
169,郭清華,107年直轄市議員選舉,首次申報,1071001,雜支支出,新展昌行,68568522,0.00,200.00,雜項購置或修繕費用,金錢,,,
170,郭清華,107年直轄市議員選舉,首次申報,1071001,雜支支出,中華電信股份有限公司,69109906,0.00,446.00,水電瓦斯費用,金錢,,,
171,郭清華,107年直轄市議員選舉,首次申報,1071001,集會支出,益友廣告贈品商行,73853976,0.00,155250.00,聘書,金錢,台南市明興路****,,
172,郭清華,107年直轄市議員選舉,首次申報,1071001,人事費用支出,彭淑虹,D22*******,0.00,50000.00,工資或薪津,金錢,台南市安南區****,,
173,郭清華,107年直轄市議員選舉,首次申報,1071002,集會支出,台南市政府環保局,,0.00,3000.00,租借流動廁所,金錢,台南市東區中****,,
174,郭清華,107年直轄市議員選舉,首次申報,1071002,雜支支出,金玉堂,28772196,0.00,162.00,雜項購置或修繕費用,金錢,,,
175,郭清華,107年直轄市議員選舉,首次申報,1071002,雜支支出,大誠國際有限公司,54565659,0.00,2611.00,雜項購置或修繕費用,金錢,,,
176,郭清華,107年直轄市議員選舉,首次申報,1071002,人事費用支出,林佩清,D22*******,0.00,30000.00,工資或薪津,金錢,台南市青砂街****,,
177,郭清華,107年直轄市議員選舉,首次申報,1071003,雜支支出,日泰五金行,73851702,0.00,240.00,雜項購置或修繕費用,金錢,,,
178,郭清華,107年直轄市議員選舉,首次申報,1071003,雜支支出,禮堡實業社,88891105,0.00,30000.00,廣告筆,金錢,,,
179,郭清華,107年直轄市議員選舉,首次申報,1071004,交通旅運支出,全國加油站,10166198,0.00,150.00,油資,金錢,,,
180,郭清華,107年直轄市議員選舉,首次申報,1071005,宣傳支出,集立廣告社,10140971,0.00,26000.00,租用廣告看板或車體廣告支出,金錢,,,
181,郭清華,107年直轄市議員選舉,首次申報,1071005,雜支支出,金玉堂,28772196,0.00,240.00,文具用品費用,金錢,,,
182,郭清華,107年直轄市議員選舉,首次申報,1071005,集會支出,競選總部,D12*******,0.00,3500.00,餐飲支出,非金錢,臺南市安南區****,,
183,郭清華,107年直轄市議員選舉,首次申報,1071006,集會支出,愛波唱片行,06432413,0.00,1200.00,租用設備支出,金錢,,,
184,郭清華,107年直轄市議員選舉,首次申報,1071006,交通旅運支出,台灣中油,06522723,0.00,1080.00,油資,金錢,,,
185,郭清華,107年直轄市議員選舉,首次申報,1071006,雜支支出,日泰五金行,73851702,0.00,810.00,雜項購置或修繕費用,金錢,,,
186,郭清華,107年直轄市議員選舉,首次申報,1071008,雜支支出,金玉堂,28772196,0.00,250.00,雜項購置或修繕費用,金錢,,,
187,郭清華,107年直轄市議員選舉,首次申報,1071008,公共關係費用支出,大金香舖茶莊,37619639,0.00,4500.00,聯誼交際費用,金錢,,,
188,郭清華,107年直轄市議員選舉,首次申報,1071008,集會支出,蓮昇快餐店,62960963,0.00,3200.00,餐飲支出,金錢,,,
189,郭清華,107年直轄市議員選舉,首次申報,1071012,交通旅運支出,台灣中油,06522673,0.00,4393.00,油資,金錢,,,
190,郭清華,107年直轄市議員選舉,首次申報,1071012,雜支支出,小師傅排骨飯館,06522765,0.00,455.00,餐飲費用,金錢,,,
191,郭清華,107年直轄市議員選舉,首次申報,1071013,交通旅運支出,台灣中油,06522744,0.00,2430.00,油資,金錢,,,
192,郭清華,107年直轄市議員選舉,首次申報,1071013,雜支支出,金玉堂,28772196,0.00,64.00,雜項購置或修繕費用,金錢,,,
193,郭清華,107年直轄市議員選舉,首次申報,1071013,宣傳支出,榮華製帽行,68934008,0.00,19600.00,帽子,金錢,,,
194,郭清華,107年直轄市議員選舉,首次申報,1071014,雜支支出,台灣中油,53263728,0.00,80.00,雜項購置或修繕費用,金錢,,,
195,郭清華,107年直轄市議員選舉,首次申報,1071015,交通旅運支出,台灣中油,06522673,0.00,3092.00,油資,金錢,,,
196,郭清華,107年直轄市議員選舉,首次申報,1071015,雜支支出,台灣電力公司,68887960,0.00,5295.00,水電瓦斯費用,金錢,,,
197,郭清華,107年直轄市議員選舉,首次申報,1071015,宣傳支出,榮華製帽行,68934008,0.00,19600.00,帽子,金錢,,,
198,郭清華,107年直轄市議員選舉,首次申報,1071015,雜支支出,中華電信股份有限公司,69109906,0.00,702.00,電信費用,金錢,,,
199,郭清華,107年直轄市議員選舉,首次申報,1071015,宣傳支出,益友廣告贈品商行,73853976,0.00,74500.00,PP版、手搖旗,金錢,台南市南區明****,,
200,郭清華,107年直轄市議員選舉,首次申報,1071015,雜支支出,禮堡實業社,88891105,0.00,30000.00,廣告筆,金錢,,,
201,郭清華,107年直轄市議員選舉,首次申報,1071015,雜支支出,金玉堂,89212800,0.00,121.00,雜項購置或修繕費用,金錢,,,
202,郭清華,107年直轄市議員選舉,首次申報,1071015,人事費用支出,黃月嬋,D20*******,0.00,8400.00,工資或薪津,金錢,台南市安南區****,,
203,郭清華,107年直轄市議員選舉,首次申報,1071015,人事費用支出,劉翠英,R22*******,0.00,8400.00,工資或薪津,金錢,台南市安南區****,,
204,郭清華,107年直轄市議員選舉,首次申報,1071015,人事費用支出,江鳳珠,S22*******,0.00,6720.00,工資或薪津,金錢,台南市東區崇****,,
205,郭清華,107年直轄市議員選舉,首次申報,1071016,交通旅運支出,台灣中油,06522744,0.00,2930.00,油資,金錢,,,
206,郭清華,107年直轄市議員選舉,首次申報,1071016,雜支支出,長春,37567908,0.00,100.00,餐飲費用,金錢,,,
207,郭清華,107年直轄市議員選舉,首次申報,1071016,租用宣傳車輛支出,冠宏廣告事業社,78666966,0.00,119000.00,租用宣傳車輛支出,金錢,臺南市北區玉****,,
208,郭清華,107年直轄市議員選舉,首次申報,1071016,雜支支出,貫鳴行,88880389,0.00,150.00,雜項購置或修繕費用,金錢,,,
209,郭清華,107年直轄市議員選舉,首次申報,1071016,公共關係費用支出,果子狸水果專賣店,93872135,0.00,1200.00,聯誼交際費用,金錢,,,
210,郭清華,107年直轄市議員選舉,首次申報,1071016,人事費用支出,張水雲,R20*******,0.00,1260.00,工資或薪津,金錢,台南市東區裕****,,
211,郭清華,107年直轄市議員選舉,首次申報,1071017,宣傳支出,宏達廣告企業社,13923111,0.00,18000.00,製作宣傳廣告支出,金錢,,,
212,郭清華,107年直轄市議員選舉,首次申報,1071017,交通旅運支出,永樺加油站,23580803,0.00,400.00,油資,金錢,,,
213,郭清華,107年直轄市議員選舉,首次申報,1071017,交通旅運支出,久井企業股份有限公司,25882521,0.00,100.00,油資,金錢,,,
214,郭清華,107年直轄市議員選舉,首次申報,1071017,雜支支出,金玉堂,28772196,0.00,178.00,雜項購置或修繕費用,金錢,,,
215,郭清華,107年直轄市議員選舉,首次申報,1071017,人事費用支出,盧淑娥,D22*******,0.00,1750.00,工資或薪津,金錢,台南市北區開****,,
216,郭清華,107年直轄市議員選舉,首次申報,1071018,雜支支出,榮崇行,06505415,0.00,1100.00,雜項購置或修繕費用,金錢,,,
217,郭清華,107年直轄市議員選舉,首次申報,1071018,交通旅運支出,台灣中油,06522673,0.00,1505.00,油資,金錢,,,
218,郭清華,107年直轄市議員選舉,首次申報,1071018,交通旅運支出,台灣中油,06522744,0.00,459.00,油資,金錢,,,
219,郭清華,107年直轄市議員選舉,首次申報,1071018,公共關係費用支出,德興水果行,06529774,0.00,8000.00,聯誼交際費用,金錢,,,
220,郭清華,107年直轄市議員選舉,首次申報,1071018,交通旅運支出,千越加油站,09134000,0.00,906.00,油資,金錢,,,
221,郭清華,107年直轄市議員選舉,首次申報,1071018,雜支支出,金玉堂,28772196,0.00,33.00,雜項購置或修繕費用,金錢,,,
222,郭清華,107年直轄市議員選舉,首次申報,1071018,雜支支出,永大木材行,69701631,0.00,500.00,雜項購置或修繕費用,金錢,,,
223,郭清華,107年直轄市議員選舉,首次申報,1071018,雜支支出,日泰五金行,73851702,0.00,170.00,雜項購置或修繕費用,金錢,,,
224,郭清華,107年直轄市議員選舉,首次申報,1071018,公共關係費用支出,果子狸水果專賣店,93872135,0.00,1200.00,聯誼交際費用,金錢,,,
225,郭清華,107年直轄市議員選舉,首次申報,1071018,集會支出,競選總部,D12*******,0.00,2100.00,餐飲支出,非金錢,臺南市安南區****,,
226,郭清華,107年直轄市議員選舉,首次申報,1071019,交通旅運支出,台灣中油,06522744,0.00,3150.00,油資,金錢,,,
227,郭清華,107年直轄市議員選舉,首次申報,1071019,集會支出,小師傅排骨飯館,06522765,0.00,2400.00,餐飲支出,金錢,,,
228,郭清華,107年直轄市議員選舉,首次申報,1071019,雜支支出,傳勝行,15718500,0.00,10700.00,雜項購置或修繕費用,金錢,,,
229,郭清華,107年直轄市議員選舉,首次申報,1071019,集會支出,阿田便當店,25814989,0.00,4000.00,餐飲支出,金錢,,,
230,郭清華,107年直轄市議員選舉,首次申報,1071019,雜支支出,大北五金有限公司,53263728,0.00,200.00,雜項購置或修繕費用,金錢,,,
231,郭清華,107年直轄市議員選舉,首次申報,1071019,人事費用支出,李進安,D12*******,0.00,8000.00,工資或薪津,金錢,台南市南區新****,,
232,郭清華,107年直轄市議員選舉,首次申報,1071019,集會支出,競選總部,D12*******,0.00,7000.00,餐飲支出,非金錢,臺南市安南區****,,
233,郭清華,107年直轄市議員選舉,首次申報,1071020,交通旅運支出,嘉和加油站,16512771,0.00,2811.00,油資,金錢,,,
234,郭清華,107年直轄市議員選舉,首次申報,1071020,公共關係費用支出,三楓企業社,17980648,0.00,16000.00,聯誼交際費用,金錢,,,
235,郭清華,107年直轄市議員選舉,首次申報,1071020,公共關係費用支出,立暉蘭園,25783304,0.00,2000.00,聯誼交際費用,金錢,,,
236,郭清華,107年直轄市議員選舉,首次申報,1071020,雜支支出,金玉堂,28772196,0.00,80.00,雜項購置或修繕費用,金錢,,,
237,郭清華,107年直轄市議員選舉,首次申報,1071020,雜支支出,榮華製帽行,68934008,0.00,400.00,雜項購置或修繕費用,金錢,,,
238,郭清華,107年直轄市議員選舉,首次申報,1071020,雜支支出,立展書店,69796860,0.00,6600.00,雜項購置或修繕費用,金錢,,,
239,郭清華,107年直轄市議員選舉,首次申報,1071020,人事費用支出,葉彥輔,D12*******,0.00,14325.00,工資或薪津,金錢,台南市安南區****,,
240,郭清華,107年直轄市議員選舉,首次申報,1071021,交通旅運支出,嘉和加油站,16512771,0.00,385.00,油資,金錢,,,
241,郭清華,107年直轄市議員選舉,首次申報,1071021,雜支支出,大北五金有限公司,53263728,0.00,80.00,雜項購置或修繕費用,金錢,,,
242,郭清華,107年直轄市議員選舉,首次申報,1071021,雜支支出,蓮昇快餐店,62960963,0.00,540.00,餐飲費用,金錢,,,
243,郭清華,107年直轄市議員選舉,首次申報,1071021,集會支出,蓮昇快餐店,62960963,0.00,3200.00,餐飲支出,金錢,,,
244,郭清華,107年直轄市議員選舉,首次申報,1071021,雜支支出,果子狸水果專賣店,93872135,0.00,1200.00,水果,金錢,,,
245,郭清華,107年直轄市議員選舉,首次申報,1071022,雜支支出,郵局,,0.00,510.00,郵資,金錢,台南市新化區****,,
246,郭清華,107年直轄市議員選舉,首次申報,1071022,雜支支出,郵局,,0.00,13402.00,郵資,金錢,台南市新化區****,,
247,郭清華,107年直轄市議員選舉,首次申報,1071022,交通旅運支出,中華電信,06522744,0.00,2125.00,油資,金錢,,,
248,郭清華,107年直轄市議員選舉,首次申報,1071022,集會支出,阿田便當店,25814989,0.00,1170.00,餐飲支出,金錢,,,
249,郭清華,107年直轄市議員選舉,首次申報,1071022,雜支支出,中華電信,40823142,0.00,2500.00,電信費用,金錢,,,
250,郭清華,107年直轄市議員選舉,首次申報,1071022,宣傳支出,中中企業社,67947878,0.00,37042.00,播送、傳送或刊登宣傳廣告支出,金錢,花蓮市成功街****,,
251,郭清華,107年直轄市議員選舉,首次申報,1071023,雜支支出,小師傅排骨飯館,06522765,0.00,1130.00,餐飲費用,金錢,,,
252,郭清華,107年直轄市議員選舉,首次申報,1071023,交通旅運支出,千越加油站,09134000,0.00,1470.00,油資,金錢,,,
253,郭清華,107年直轄市議員選舉,首次申報,1071023,宣傳支出,宏達廣告企業社,13923111,0.00,18000.00,播送、傳送或刊登宣傳廣告支出,金錢,,,
254,郭清華,107年直轄市議員選舉,首次申報,1071023,雜支支出,葡吉食品有限公司,22212112,0.00,350.00,餐飲費用,金錢,,,
255,郭清華,107年直轄市議員選舉,首次申報,1071023,雜支支出,長春,37567908,0.00,165.00,餐飲費用,金錢,,,
256,郭清華,107年直轄市議員選舉,首次申報,1071023,雜支支出,新展昌行,68568522,0.00,1200.00,雜項購置或修繕費用,金錢,,,
257,郭清華,107年直轄市議員選舉,首次申報,1071023,雜支支出,榮華製帽行,68934008,0.00,1400.00,雜項購置或修繕費用,金錢,,,
258,郭清華,107年直轄市議員選舉,首次申報,1071023,雜支支出,丁友五金油漆行,69653618,0.00,840.00,雜項購置或修繕費用,金錢,,,
259,郭清華,107年直轄市議員選舉,首次申報,1071023,雜支支出,日泰五金行,73851702,0.00,210.00,雜項購置或修繕費用,金錢,,,
260,郭清華,107年直轄市議員選舉,首次申報,1071023,雜支支出,燦坤,81565479,0.00,149.00,雜項購置或修繕費用,金錢,,,
261,郭清華,107年直轄市議員選舉,首次申報,1071023,公共關係費用支出,果子狸水果專賣店,93872135,0.00,1200.00,聯誼交際費用,金錢,,,
262,郭清華,107年直轄市議員選舉,首次申報,1071023,集會支出,競選總部,D12*******,0.00,2100.00,餐飲支出,非金錢,臺南市安南區****,,
263,郭清華,107年直轄市議員選舉,首次申報,1071023,人事費用支出,蔡秋盛,D12*******,0.00,15000.00,工資或薪津,金錢,台南市安南區****,,
264,郭清華,107年直轄市議員選舉,首次申報,1071023,人事費用支出,莊盛裕,D12*******,0.00,15000.00,工資或薪津,金錢,台南市安南區****,,
265,郭清華,107年直轄市議員選舉,首次申報,1071023,人事費用支出,林佩清,D22*******,0.00,15000.00,工資或薪津,金錢,台南市安南區****,,
266,郭清華,107年直轄市議員選舉,首次申報,1071023,人事費用支出,劉靜江,E22*******,0.00,15000.00,工資或薪津,金錢,台南市西港區****,,
267,郭清華,107年直轄市議員選舉,首次申報,1071024,宣傳支出,淳美實業社,06521787,0.00,3500.00,製作宣傳廣告支出,金錢,,,
268,郭清華,107年直轄市議員選舉,首次申報,1071024,交通旅運支出,台灣中油,06522744,0.00,1996.00,油資,金錢,,,
269,郭清華,107年直轄市議員選舉,首次申報,1071024,集會支出,小師傅排骨飯館,06522765,0.00,1190.00,餐飲支出,金錢,,,
270,郭清華,107年直轄市議員選舉,首次申報,1071024,雜支支出,阿田便當店,25814989,0.00,815.00,餐飲費用,金錢,,,
271,郭清華,107年直轄市議員選舉,首次申報,1071024,雜支支出,日泰五金行,73851702,0.00,280.00,雜項購置或修繕費用,金錢,,,
272,郭清華,107年直轄市議員選舉,首次申報,1071025,雜支支出,郵局,,0.00,150.00,郵資,金錢,台南市新化區****,,
273,郭清華,107年直轄市議員選舉,首次申報,1071025,雜支支出,萬里金香佛具行,10185081,0.00,306.00,雜項購置或修繕費用,金錢,,,
274,郭清華,107年直轄市議員選舉,首次申報,1071025,雜支支出,阿田便當店,25814989,0.00,800.00,餐飲費用,金錢,,,
275,郭清華,107年直轄市議員選舉,首次申報,1071025,雜支支出,阿田便當店,25814989,0.00,420.00,餐飲費用,金錢,,,
276,郭清華,107年直轄市議員選舉,首次申報,1071025,雜支支出,阿田便當店,25814989,0.00,840.00,餐飲費用,金錢,,,
277,郭清華,107年直轄市議員選舉,首次申報,1071025,雜支支出,偉盛工程行,47778142,0.00,5000.00,雜項購置或修繕費用,金錢,,,
278,郭清華,107年直轄市議員選舉,首次申報,1071025,雜支支出,中華電信股份有限公司,69109906,0.00,5066.00,電信費用,金錢,,,
279,郭清華,107年直轄市議員選舉,首次申報,1071025,雜支支出,日泰五金行,73851702,0.00,510.00,雜項購置或修繕費用,金錢,,,
280,郭清華,107年直轄市議員選舉,首次申報,1071025,宣傳支出,益友廣告贈品商行,73853976,0.00,17500.00,邀請卡,金錢,,,
281,郭清華,107年直轄市議員選舉,首次申報,1071025,雜支支出,三竹資訊股份有限公司,86136982,0.00,10000.00,電信費用,金錢,,,
282,郭清華,107年直轄市議員選舉,首次申報,1071025,雜支支出,禮堡實業社,88891105,0.00,30000.00,廣告筆,金錢,,,
283,郭清華,107年直轄市議員選舉,首次申報,1071025,交通旅運支出,統一精工,99292991,0.00,130.00,油資,金錢,,,
284,郭清華,107年直轄市議員選舉,首次申報,1071025,集會支出,競選總部,D12*******,0.00,14000.00,餐飲支出,非金錢,臺南市安南區****,,
285,郭清華,107年直轄市議員選舉,首次申報,1071026,雜支支出,吳清貴,,0.00,3600.00,雜項購置或修繕費用,金錢,台南市安南區****,,
286,郭清華,107年直轄市議員選舉,首次申報,1071026,雜支支出,小師傅排骨飯館,06522765,0.00,1040.00,餐飲費用,金錢,,,
287,郭清華,107年直轄市議員選舉,首次申報,1071026,交通旅運支出,千越加油站,09134000,0.00,640.00,油資,金錢,,,
288,郭清華,107年直轄市議員選舉,首次申報,1071026,交通旅運支出,嘉和加油站,16512771,0.00,400.00,油資,金錢,,,
289,郭清華,107年直轄市議員選舉,首次申報,1071026,集會支出,阿田便當店,25814989,0.00,1620.00,餐飲支出,金錢,,,
290,郭清華,107年直轄市議員選舉,首次申報,1071026,雜支支出,阿田便當店,25814989,0.00,1200.00,餐飲費用,金錢,,,
291,郭清華,107年直轄市議員選舉,首次申報,1071026,雜支支出,金玉堂,28772196,0.00,404.00,文具用品費用,金錢,,,
292,郭清華,107年直轄市議員選舉,首次申報,1071026,雜支支出,湘淳食品屋,37558041,0.00,720.00,餐飲費用,金錢,,,
293,郭清華,107年直轄市議員選舉,首次申報,1071026,雜支支出,榮華製帽行,68934008,0.00,450.00,雜項購置或修繕費用,金錢,,,
294,郭清華,107年直轄市議員選舉,首次申報,1071026,宣傳支出,榮華製帽行,68934008,0.00,12600.00,帽子,金錢,,,
295,郭清華,107年直轄市議員選舉,首次申報,1071026,人事費用支出,李進安,D12*******,0.00,6000.00,工資或薪津,金錢,台南市南區新****,,
296,郭清華,107年直轄市議員選舉,首次申報,1071027,集會支出,吳珍香,,0.00,16200.00,交管,金錢,台南市安平路****,,
297,郭清華,107年直轄市議員選舉,首次申報,1071027,雜支支出,西園日本料理,06378558,0.00,1200.00,餐飲費用,金錢,,,
298,郭清華,107年直轄市議員選舉,首次申報,1071027,交通旅運支出,台灣中油,06522744,0.00,1282.00,油資,金錢,,,
299,郭清華,107年直轄市議員選舉,首次申報,1071027,雜支支出,永勝文具,10462352,0.00,70.00,紅包袋,金錢,,,
300,郭清華,107年直轄市議員選舉,首次申報,1071027,集會支出,政一清潔企業社,10804007,0.00,6000.00,流動廁所,金錢,,,
301,郭清華,107年直轄市議員選舉,首次申報,1071027,集會支出,鴻鼎企業社,10842924,0.00,70000.00,租用設備支出,金錢,台南市麻豆區****,,
302,郭清華,107年直轄市議員選舉,首次申報,1071027,集會支出,阿茶肉粽,14836065,0.00,49400.00,肉粽,金錢,高雄市三民區****,,
303,郭清華,107年直轄市議員選舉,首次申報,1071027,集會支出,阿茶肉粽,14836065,0.00,49400.00,肉粽,金錢,高雄市三民區****,,
304,郭清華,107年直轄市議員選舉,首次申報,1071027,公共關係費用支出,立暉蘭園,25783304,0.00,2000.00,聯誼交際費用,金錢,,,
305,郭清華,107年直轄市議員選舉,首次申報,1071027,集會支出,台南市民間遊藝表演團隊,40756501,0.00,15000.00,獅陣,金錢,,,
306,郭清華,107年直轄市議員選舉,首次申報,1071027,雜支支出,大儷氣球藝術坊,62981361,0.00,5000.00,雜項購置或修繕費用,金錢,,,
307,郭清華,107年直轄市議員選舉,首次申報,1071027,集會支出,科炫企業社,67925229,0.00,92600.00,租用設備支出,金錢,台南市新營區****,,
308,郭清華,107年直轄市議員選舉,首次申報,1071027,雜支支出,安南五金百貨大批發,81553760,0.00,345.00,雜項購置或修繕費用,金錢,,,
309,郭清華,107年直轄市議員選舉,首次申報,1071027,集會支出,達成饅頭店,87849679,0.00,28600.00,餐飲支出,金錢,,,
310,郭清華,107年直轄市議員選舉,首次申報,1071027,人事費用支出,陳鎮裕,R12*******,0.00,2000.00,薩克斯風,金錢,台南市北區文****,,
311,郭清華,107年直轄市議員選舉,首次申報,1071028,交通旅運支出,台灣中油,06522723,0.00,875.00,油資,金錢,,,
312,郭清華,107年直轄市議員選舉,首次申報,1071028,公共關係費用支出,姿香鮮花店,06533094,0.00,14000.00,花柱,金錢,,,
313,郭清華,107年直轄市議員選舉,首次申報,1071028,公共關係費用支出,立暉蘭園,25783304,0.00,2000.00,聯誼交際費用,金錢,,,
314,郭清華,107年直轄市議員選舉,首次申報,1071028,集會支出,蓮昇快餐店,62960963,0.00,3600.00,便當,金錢,,,
315,郭清華,107年直轄市議員選舉,首次申報,1071029,雜支支出,小師傅排骨飯館,06522765,0.00,400.00,餐飲費用,金錢,,,
316,郭清華,107年直轄市議員選舉,首次申報,1071029,交通旅運支出,台灣中油,09134000,0.00,2682.00,油資,金錢,,,
317,郭清華,107年直轄市議員選舉,首次申報,1071029,雜支支出,日泰五金行,73851702,0.00,630.00,雜項購置或修繕費用,金錢,,,
318,郭清華,107年直轄市議員選舉,首次申報,1071030,集會支出,愛波唱片行,06432413,0.00,1200.00,租用設備支出,金錢,,,
319,郭清華,107年直轄市議員選舉,首次申報,1071030,交通旅運支出,台灣中油,06522744,0.00,2077.00,油資,金錢,,,
320,郭清華,107年直轄市議員選舉,首次申報,1071030,雜支支出,小師傅排骨飯館,06522765,0.00,440.00,便當,金錢,,,
321,郭清華,107年直轄市議員選舉,首次申報,1071030,雜支支出,德興水果行,06529774,0.00,900.00,水果,金錢,,,
322,郭清華,107年直轄市議員選舉,首次申報,1071030,返還支出,舜勳建設有限公司,12890302,0.00,300000.00,返還,金錢,臺南市安南區****,06-2*****,
323,郭清華,107年直轄市議員選舉,首次申報,1071030,宣傳支出,宏達廣告企業社,13923111,0.00,18000.00,播送、傳送或刊登宣傳廣告支出,金錢,,,
324,郭清華,107年直轄市議員選舉,首次申報,1071030,雜支支出,鴻昌文具五金百貨行,19709010,0.00,220.00,雜項購置或修繕費用,金錢,,,
325,郭清華,107年直轄市議員選舉,首次申報,1071030,公共關係費用支出,源谷茶行,21655721,0.00,10000.00,茶葉,金錢,,,
326,郭清華,107年直轄市議員選舉,首次申報,1071030,公共關係費用支出,源谷茶行,21655721,0.00,10000.00,茶葉,金錢,,,
327,郭清華,107年直轄市議員選舉,首次申報,1071030,雜支支出,瑞益煤氣行,68772685,0.00,200.00,零件,金錢,,,
328,郭清華,107年直轄市議員選舉,首次申報,1071030,雜支支出,瑞益煤氣行,68772685,0.00,1000.00,雜項購置或修繕費用,金錢,,,
329,郭清華,107年直轄市議員選舉,首次申報,1071030,宣傳支出,益友廣告贈品商行,73853976,0.00,120000.00,立旗,金錢,台南市南區明****,,
330,郭清華,107年直轄市議員選舉,首次申報,1071030,宣傳支出,利順鮮花店,73864328,0.00,30000.00,布花,金錢,,,
331,郭清華,107年直轄市議員選舉,首次申報,1071030,人事費用支出,蔡榮洲,D12*******,0.00,20000.00,工資或薪津,金錢,台南市安南區****,,
332,郭清華,107年直轄市議員選舉,首次申報,1071031,雜支支出,黃金緞,,0.00,25900.00,菜錢,金錢,台南市安南區****,,
333,郭清華,107年直轄市議員選舉,首次申報,1071031,雜支支出,愛波唱片行,06432413,0.00,500.00,雜項購置或修繕費用,金錢,,,
334,郭清華,107年直轄市議員選舉,首次申報,1071031,交通旅運支出,台灣中油,06522723,0.00,1701.00,油資,金錢,,,
335,郭清華,107年直轄市議員選舉,首次申報,1071031,雜支支出,全聯福利中心,51164997,0.00,70.00,雜項購置或修繕費用,金錢,,,
336,郭清華,107年直轄市議員選舉,首次申報,1071031,雜支支出,大北五金有限公司,53263728,0.00,1000.00,雜項購置或修繕費用,金錢,,,
337,郭清華,107年直轄市議員選舉,首次申報,1071031,人事費用支出,李進安,D12*******,0.00,1000.00,鼓車隊,金錢,台南市南區新****,,
338,郭清華,107年直轄市議員選舉,首次申報,1071101,雜支支出,中華日報,,0.00,540.00,報費,金錢,台南市安南區****,,
339,郭清華,107年直轄市議員選舉,首次申報,1071101,雜支支出,郵局,,0.00,352.00,郵資,金錢,台南市安南區****,,
340,郭清華,107年直轄市議員選舉,首次申報,1071101,交通旅運支出,千越加油站,09134000,0.00,2138.00,油資,金錢,,,
341,郭清華,107年直轄市議員選舉,首次申報,1071101,雜支支出,阿田便當店,25814989,0.00,480.00,便當,金錢,,,
342,郭清華,107年直轄市議員選舉,首次申報,1071101,雜支支出,金玉堂,28772196,0.00,108.00,雜項購置或修繕費用,金錢,,,
343,郭清華,107年直轄市議員選舉,首次申報,1071101,雜支支出,中華電信,69109906,0.00,361.00,電信費用,金錢,,,
344,郭清華,107年直轄市議員選舉,首次申報,1071101,雜支支出,益友廣告贈品商行,73853976,0.00,5600.00,印刷品,金錢,,,
345,郭清華,107年直轄市議員選舉,首次申報,1071101,宣傳支出,利順鮮花店,73864328,0.00,18800.00,大布,金錢,,,
346,郭清華,107年直轄市議員選舉,首次申報,1071101,雜支支出,全家便利商店,81322311,0.00,150.00,雜項購置或修繕費用,金錢,,,
347,郭清華,107年直轄市議員選舉,首次申報,1071101,宣傳支出,集立廣告社,87873902,0.00,4200.00,租用廣告看板或車體廣告支出,金錢,,,
348,郭清華,107年直轄市議員選舉,首次申報,1071101,雜支支出,貫鳴行,88880389,0.00,350.00,雜項購置或修繕費用,金錢,,,
349,郭清華,107年直轄市議員選舉,首次申報,1071101,雜支支出,貫鳴行,88880389,0.00,80.00,雜項購置或修繕費用,金錢,,,
350,郭清華,107年直轄市議員選舉,首次申報,1071101,人事費用支出,葉彥輔,D12*******,0.00,825.00,工資或薪津,金錢,台南市安南區****,,
351,郭清華,107年直轄市議員選舉,首次申報,1071101,人事費用支出,李進安,D12*******,0.00,3000.00,鼓車隊,金錢,台南市南區新****,,
352,郭清華,107年直轄市議員選舉,首次申報,1071101,人事費用支出,林佩清,D22*******,0.00,30000.00,工資或薪津,金錢,台南市青砂街****,,
353,郭清華,107年直轄市議員選舉,首次申報,1071101,人事費用支出,彭淑虹,D22*******,0.00,50000.00,工資或薪津,金錢,台南市安南區****,,
354,郭清華,107年直轄市議員選舉,首次申報,1071102,交通旅運支出,台灣中油,06522744,0.00,710.00,油資,金錢,,,
355,郭清華,107年直轄市議員選舉,首次申報,1071102,交通旅運支出,甲上加油站有限公司,16885765,0.00,400.00,油資,金錢,,,
356,郭清華,107年直轄市議員選舉,首次申報,1071102,雜支支出,阿田便當店,25814989,0.00,480.00,餐飲費用,金錢,,,
357,郭清華,107年直轄市議員選舉,首次申報,1071102,雜支支出,金玉堂,28772196,0.00,288.00,雜項購置或修繕費用,金錢,,,
358,郭清華,107年直轄市議員選舉,首次申報,1071102,人事費用支出,李進安,D12*******,0.00,5000.00,鼓車隊,金錢,台南市南區新****,,
359,郭清華,107年直轄市議員選舉,首次申報,1071102,人事費用支出,蘇武田,S12*******,0.00,16000.00,工資或薪津,金錢,台南市永康區****,,
360,郭清華,107年直轄市議員選舉,首次申報,1071103,交通旅運支出,土城加油站,23253483,0.00,1860.00,油資,金錢,,,
361,郭清華,107年直轄市議員選舉,首次申報,1071103,雜支支出,金玉堂,28772196,0.00,295.00,雜項購置或修繕費用,金錢,,,
362,郭清華,107年直轄市議員選舉,首次申報,1071103,雜支支出,盈王五金行,78982942,0.00,200.00,雜項購置或修繕費用,金錢,,,
363,郭清華,107年直轄市議員選舉,首次申報,1071103,雜支支出,禮堡實業社,88891105,0.00,30000.00,廣告筆,金錢,,,
364,郭清華,107年直轄市議員選舉,首次申報,1071103,人事費用支出,吳東英,D12*******,0.00,27000.00,工資或薪津,金錢,台南市哀南區****,,
365,郭清華,107年直轄市議員選舉,首次申報,1071103,人事費用支出,李進安,D12*******,0.00,5000.00,鼓車隊,金錢,台南市南區新****,,
366,郭清華,107年直轄市議員選舉,首次申報,1071103,人事費用支出,吳博勝,D12*******,0.00,1500.00,工資或薪津,金錢,台南市安中路****,,
367,郭清華,107年直轄市議員選舉,首次申報,1071105,雜支支出,郵局,,0.00,108.00,郵資,金錢,台南市安南區****,,
368,郭清華,107年直轄市議員選舉,首次申報,1071105,交通旅運支出,台灣中油,06522723,0.00,2720.00,油資,金錢,,,
369,郭清華,107年直轄市議員選舉,首次申報,1071105,宣傳支出,宏達廣告企業社,13923111,0.00,18000.00,廣告費,金錢,,,
370,郭清華,107年直轄市議員選舉,首次申報,1071105,雜支支出,晟北生活館有限公司,28797149,0.00,343.00,雜項購置或修繕費用,金錢,,,
371,郭清華,107年直轄市議員選舉,首次申報,1071105,雜支支出,榮華製帽行,68934008,0.00,19600.00,帽子,金錢,,,
372,郭清華,107年直轄市議員選舉,首次申報,1071105,雜支支出,榮華製帽行,68934008,0.00,11200.00,帽子,金錢,,,
373,郭清華,107年直轄市議員選舉,首次申報,1071105,宣傳支出,益友廣告贈品商行,73853976,0.00,33400.00,號碼圈,金錢,台南市南區明****,,
374,郭清華,107年直轄市議員選舉,首次申報,1071105,人事費用支出,翁福安,R10*******,0.00,8100.00,工資或薪津,金錢,台南市安南區****,,
375,郭清華,107年直轄市議員選舉,首次申報,1071105,人事費用支出,江麗珠,R20*******,0.00,5000.00,工資或薪津,金錢,台南市北區文****,,
376,郭清華,107年直轄市議員選舉,首次申報,1071105,人事費用支出,張金瑞,X10*******,0.00,15825.00,工資或薪津,金錢,台南市安南區****,,
377,郭清華,107年直轄市議員選舉,首次申報,1071106,交通旅運支出,台灣中油,06522744,0.00,2895.00,油資,金錢,,,
378,郭清華,107年直轄市議員選舉,首次申報,1071106,雜支支出,金玉堂,28772196,0.00,162.00,雜項購置或修繕費用,金錢,,,
379,郭清華,107年直轄市議員選舉,首次申報,1071106,雜支支出,泳鑫企業社,36803828,0.00,710.00,雜項購置或修繕費用,金錢,,,
380,郭清華,107年直轄市議員選舉,首次申報,1071107,集會支出,小師傅排骨飯館,06522765,0.00,2800.00,便當,金錢,,,
381,郭清華,107年直轄市議員選舉,首次申報,1071107,集會支出,小師傅排骨飯館,06522765,0.00,2800.00,便當,金錢,,,
382,郭清華,107年直轄市議員選舉,首次申報,1071107,交通旅運支出,嘉和加油站,16512771,0.00,720.00,油資,金錢,,,
383,郭清華,107年直轄市議員選舉,首次申報,1071107,雜支支出,明成汽車修護廠,47791715,0.00,2000.00,雜項購置或修繕費用,金錢,,,
384,郭清華,107年直轄市議員選舉,首次申報,1071107,雜支支出,丁友五金油漆行,69653618,0.00,420.00,雜項購置或修繕費用,金錢,,,
385,郭清華,107年直轄市議員選舉,首次申報,1071107,雜支支出,日泰五金行,73851702,0.00,600.00,雜項購置或修繕費用,金錢,,,
386,郭清華,107年直轄市議員選舉,首次申報,1071107,雜支支出,貫鳴行,88880389,0.00,800.00,雜項購置或修繕費用,金錢,,,
387,郭清華,107年直轄市議員選舉,首次申報,1071108,集會支出,金帥蛋糕麵包店,06372294,0.00,2700.00,綜合糖果,金錢,,,
388,郭清華,107年直轄市議員選舉,首次申報,1071108,集會支出,小師傅排骨飯館,06522765,0.00,3200.00,便當,金錢,,,
389,郭清華,107年直轄市議員選舉,首次申報,1071108,交通旅運支出,千越加油站,09134000,0.00,700.00,油資,金錢,,,
390,郭清華,107年直轄市議員選舉,首次申報,1071108,雜支支出,大北五金有限公司,53263728,0.00,180.00,雜項購置或修繕費用,金錢,,,
391,郭清華,107年直轄市議員選舉,首次申報,1071108,雜支支出,貫鳴行,88880389,0.00,130.00,雜項購置或修繕費用,金錢,,,
392,郭清華,107年直轄市議員選舉,首次申報,1071109,交通旅運支出,台灣中油,06522723,0.00,2580.00,油資,金錢,,,
393,郭清華,107年直轄市議員選舉,首次申報,1071109,雜支支出,佾瑄食品行,13585174,0.00,576.00,肉包,金錢,,,
394,郭清華,107年直轄市議員選舉,首次申報,1071109,雜支支出,寶雅,24804632,0.00,178.00,雜項購置或修繕費用,金錢,,,
395,郭清華,107年直轄市議員選舉,首次申報,1071109,雜支支出,百興隆實業有限公司,27437809,0.00,1750.00,綜合糖果,金錢,,,
396,郭清華,107年直轄市議員選舉,首次申報,1071109,雜支支出,佐久和風料理,40715832,0.00,520.00,便當,金錢,,,
397,郭清華,107年直轄市議員選舉,首次申報,1071109,雜支支出,旺晟金香舖,88898472,0.00,200.00,雜項購置或修繕費用,金錢,,,
398,郭清華,107年直轄市議員選舉,首次申報,1071109,人事費用支出,黃月嬋,D20*******,0.00,840.00,工資或薪津,金錢,台南市安南區****,,
399,郭清華,107年直轄市議員選舉,首次申報,1071109,人事費用支出,劉翠英,R22*******,0.00,840.00,工資或薪津,金錢,台南市安南區****,,
400,郭清華,107年直轄市議員選舉,首次申報,1071110,雜支支出,淳鎂實業社,06521787,0.00,1900.00,信封,金錢,,,
401,郭清華,107年直轄市議員選舉,首次申報,1071110,交通旅運支出,台灣中油,06522744,0.00,2540.00,油資,金錢,,,
402,郭清華,107年直轄市議員選舉,首次申報,1071110,集會支出,百興隆實業有限公司,2743780,0.00,7000.00,糖果,金錢,,,
403,郭清華,107年直轄市議員選舉,首次申報,1071110,雜支支出,金玉堂,28772196,0.00,125.00,雜項購置或修繕費用,金錢,,,
404,郭清華,107年直轄市議員選舉,首次申報,1071110,雜支支出,大北五金有限公司,53263728,0.00,340.00,雜項購置或修繕費用,金錢,,,
405,郭清華,107年直轄市議員選舉,首次申報,1071110,雜支支出,南昌紙袋廠,68464168,0.00,1400.00,信封,金錢,,,
406,郭清華,107年直轄市議員選舉,首次申報,1071110,雜支支出,禮堡實業社,88891105,0.00,30000.00,廣告筆,金錢,,,
407,郭清華,107年直轄市議員選舉,首次申報,1071111,雜支支出,華品商號,09116191,0.00,80.00,雜項購置或修繕費用,金錢,,,
408,郭清華,107年直轄市議員選舉,首次申報,1071111,集會支出,在和企業社,10852014,0.00,24200.00,帳篷等,金錢,,,
409,郭清華,107年直轄市議員選舉,首次申報,1071111,集會支出,在和企業社,10852014,0.00,4000.00,塑膠椅等,金錢,,,
410,郭清華,107年直轄市議員選舉,首次申報,1071111,雜支支出,百福家庭五金百貨行,19719039,0.00,100.00,雜項購置或修繕費用,金錢,,,
411,郭清華,107年直轄市議員選舉,首次申報,1071111,宣傳支出,新隆企業社,40712650,0.00,7000.00,舞台車,金錢,,,
412,郭清華,107年直轄市議員選舉,首次申報,1071111,宣傳支出,台南市民間遊藝表演團隊,40756501,0.00,16000.00,獅陣,金錢,,,
413,郭清華,107年直轄市議員選舉,首次申報,1071111,宣傳支出,大儷氣球藝術坊,62981361,0.00,5000.00,氣球,金錢,,,
414,郭清華,107年直轄市議員選舉,首次申報,1071111,集會支出,益友廣告贈品商行,73853976,0.00,14000.00,手舉牌、邀請卡,金錢,,,
415,郭清華,107年直轄市議員選舉,首次申報,1071111,人事費用支出,吳佳密,D22*******,0.00,2000.00,工資或薪津,金錢,台南市安南區****,,
416,郭清華,107年直轄市議員選舉,首次申報,1071111,人事費用支出,陳鎮裕,R12*******,0.00,2000.00,工資或薪津,金錢,台南市北區文****,,
417,郭清華,107年直轄市議員選舉,首次申報,1071112,集會支出,百興隆實業有限公司,27437809,0.00,12600.00,食品,金錢,,,
418,郭清華,107年直轄市議員選舉,首次申報,1071112,雜支支出,金玉堂,28772196,0.00,198.00,雜項購置或修繕費用,金錢,,,
419,郭清華,107年直轄市議員選舉,首次申報,1071112,雜支支出,詠明音響企業社,78674810,0.00,1000.00,雜項購置或修繕費用,金錢,,,
420,郭清華,107年直轄市議員選舉,首次申報,1071112,雜支支出,明江商行,81572268,0.00,178.00,汽機車燃料費用,金錢,,,
421,郭清華,107年直轄市議員選舉,首次申報,1071112,交通旅運支出,千越加油站,99535224,0.00,1660.00,油資,金錢,,,
422,郭清華,107年直轄市議員選舉,首次申報,1071112,人事費用支出,蔡宗志,D12*******,0.00,1950.00,工資或薪津,金錢,台南市南區新****,,
423,郭清華,107年直轄市議員選舉,首次申報,1071112,人事費用支出,蔡宗志,D12*******,0.00,8775.00,工資或薪津,金錢,台南市南區新****,,
424,郭清華,107年直轄市議員選舉,首次申報,1071113,雜支支出,郵局,,0.00,4624.00,郵資,金錢,台南市新化區****,,
425,郭清華,107年直轄市議員選舉,首次申報,1071113,交通旅運支出,千越加油站,09134000,0.00,1740.00,油資,金錢,,,
426,郭清華,107年直轄市議員選舉,首次申報,1071113,雜支支出,日泰五金行,73851702,0.00,50.00,雜項購置或修繕費用,金錢,,,
427,郭清華,107年直轄市議員選舉,首次申報,1071113,雜支支出,日泰五金行,73851702,0.00,390.00,雜項購置或修繕費用,金錢,,,
428,郭清華,107年直轄市議員選舉,首次申報,1071113,雜支支出,貫鳴行,88880389,0.00,500.00,雜項購置或修繕費用,金錢,,,
429,郭清華,107年直轄市議員選舉,首次申報,1071114,交通旅運支出,台灣中油,06522744,0.00,1998.00,油資,金錢,,,
430,郭清華,107年直轄市議員選舉,首次申報,1071114,雜支支出,台灣電力公司,68887960,0.00,5127.00,水電瓦斯費用,金錢,,,
431,郭清華,107年直轄市議員選舉,首次申報,1071114,人事費用支出,江麗珠,R20*******,0.00,5500.00,工資或薪津,金錢,台南市北區文****,,
432,郭清華,107年直轄市議員選舉,首次申報,1071115,公共關係費用支出,德興水果行,06529774,0.00,11000.00,聯誼交際費用,金錢,,,
433,郭清華,107年直轄市議員選舉,首次申報,1071115,交通旅運支出,千越加油站,09134000,0.00,780.00,油資,金錢,,,
434,郭清華,107年直轄市議員選舉,首次申報,1071115,雜支支出,瑞益煤氣行,68772685,0.00,800.00,雜項購置或修繕費用,金錢,,,
435,郭清華,107年直轄市議員選舉,首次申報,1071115,雜支支出,立展書店,69796860,0.00,100.00,雜項購置或修繕費用,金錢,,,
436,郭清華,107年直轄市議員選舉,首次申報,1071115,人事費用支出,吳崑福,D12*******,0.00,10000.00,工資或薪津,金錢,台南市安富街****,,
437,郭清華,107年直轄市議員選舉,首次申報,1071115,人事費用支出,蘇武田,S12*******,0.00,16000.00,工資或薪津,金錢,台南市永康區****,,
438,郭清華,107年直轄市議員選舉,首次申報,1071116,雜支支出,郵局,,0.00,60.00,郵資,金錢,台南市新化區****,,
439,郭清華,107年直轄市議員選舉,首次申報,1071116,雜支支出,金帥蛋糕麵包店,06372294,0.00,3000.00,糖果,金錢,,,
440,郭清華,107年直轄市議員選舉,首次申報,1071116,交通旅運支出,台灣中油,06522744,0.00,2680.00,油資,金錢,,,
441,郭清華,107年直轄市議員選舉,首次申報,1071116,宣傳支出,榮華製帽行,68934008,0.00,11200.00,帽子,金錢,,,
442,郭清華,107年直轄市議員選舉,首次申報,1071116,雜支支出,中華電信,69109906,0.00,1205.00,電信費用,金錢,,,
443,郭清華,107年直轄市議員選舉,首次申報,1071117,交通旅運支出,千越加油站,09134000,0.00,770.00,油資,金錢,,,
444,郭清華,107年直轄市議員選舉,首次申報,1071117,宣傳支出,宏達廣告企業社,13923111,0.00,18000.00,廣告費,金錢,,,
445,郭清華,107年直轄市議員選舉,首次申報,1071117,雜支支出,國安蛋行,36692127,0.00,740.00,蛋,金錢,,,
446,郭清華,107年直轄市議員選舉,首次申報,1071117,集會支出,蓮昇快餐店,62960963,0.00,2800.00,便當,金錢,,,
447,郭清華,107年直轄市議員選舉,首次申報,1071118,雜支支出,百興隆實業有限公司,27437809,0.00,1800.00,糖果,金錢,,,
448,郭清華,107年直轄市議員選舉,首次申報,1071118,雜支支出,大金香舖茶莊,37619639,0.00,16800.00,雜項購置或修繕費用,金錢,,,
449,郭清華,107年直轄市議員選舉,首次申報,1071118,集會支出,蓮昇快餐店,62960963,0.00,7200.00,便當,金錢,,,
450,郭清華,107年直轄市議員選舉,首次申報,1071118,交通旅運支出,佳皇汽車遊覽有限公司,80394250,0.00,6500.00,搭乘交通工具支出,金錢,,,
451,郭清華,107年直轄市議員選舉,首次申報,1071118,交通旅運支出,VIP加油站,99535224,0.00,2316.00,油資,金錢,,,
452,郭清華,107年直轄市議員選舉,首次申報,1071119,交通旅運支出,台灣中油,06522744,0.00,3733.00,油資,金錢,,,
453,郭清華,107年直轄市議員選舉,首次申報,1071119,雜支支出,百興隆實業有限公司,27437809,0.00,3575.00,糖果,金錢,,,
454,郭清華,107年直轄市議員選舉,首次申報,1071119,公共關係費用支出,果子狸水果專賣店,93872135,0.00,1200.00,聯誼交際費用,金錢,,,
455,郭清華,107年直轄市議員選舉,首次申報,1071120,雜支支出,西園日本料理,06378558,0.00,900.00,便當,金錢,,,
456,郭清華,107年直轄市議員選舉,首次申報,1071120,雜支支出,禮堡實業社,88891105,0.00,30000.00,廣告筆,金錢,,,
457,郭清華,107年直轄市議員選舉,首次申報,1071120,交通旅運支出,VIP加油站,99535224,0.00,790.00,油資,金錢,,,
458,郭清華,107年直轄市議員選舉,首次申報,1071121,雜支支出,郵局,,0.00,1000.00,郵資,金錢,台南市新化區****,,
459,郭清華,107年直轄市議員選舉,首次申報,1071121,宣傳支出,台灣中華日報社股份有限公司,03710808,0.00,3400.00,夾海報,金錢,,,
460,郭清華,107年直轄市議員選舉,首次申報,1071121,雜支支出,大儷氣球藝術坊,62981361,0.00,4300.00,雜項購置或修繕費用,金錢,,,
461,郭清華,107年直轄市議員選舉,首次申報,1071121,集會支出,益友廣告贈品商行,73853976,0.00,11550.00,螢光棒,金錢,,,
462,郭清華,107年直轄市議員選舉,首次申報,1071121,宣傳支出,三竹資訊股份有限公司,86136982,0.00,10000.00,簡訊費,金錢,,,
463,郭清華,107年直轄市議員選舉,首次申報,1071121,雜支支出,貫鳴行,88880389,0.00,150.00,雜項購置或修繕費用,金錢,,,
464,郭清華,107年直轄市議員選舉,首次申報,1071121,交通旅運支出,VIP加油站,99535224,0.00,820.00,油資,金錢,,,
465,郭清華,107年直轄市議員選舉,首次申報,1071122,交通旅運支出,台灣中油,06522744,0.00,1620.00,油資,金錢,,,
466,郭清華,107年直轄市議員選舉,首次申報,1071122,集會支出,小師傅排骨飯館,06522765,0.00,2210.00,便當,金錢,,,
467,郭清華,107年直轄市議員選舉,首次申報,1071122,雜支支出,百達麵包坊,10784396,0.00,520.00,雜項購置或修繕費用,金錢,,,
468,郭清華,107年直轄市議員選舉,首次申報,1071122,雜支支出,傳勝行,15718500,0.00,400.00,雜項購置或修繕費用,金錢,,,
469,郭清華,107年直轄市議員選舉,首次申報,1071122,雜支支出,長春,37567908,0.00,179.00,雜項購置或修繕費用,金錢,,,
470,郭清華,107年直轄市議員選舉,首次申報,1071122,宣傳支出,芳鄰家電有限公司,54563765,0.00,204752.00,口罩,金錢,台南市永康區****,,
471,郭清華,107年直轄市議員選舉,首次申報,1071122,公共關係費用支出,果子狸水果專賣店,93872135,0.00,2400.00,聯誼交際費用,金錢,,,
472,郭清華,107年直轄市議員選舉,首次申報,1071122,人事費用支出,李進安,D12*******,0.00,8000.00,鼓車隊,金錢,台南市南區新****,,
473,郭清華,107年直轄市議員選舉,首次申報,1071123,集會支出,百達麵包坊,10784396,0.00,3560.00,麵包,金錢,,,
474,郭清華,107年直轄市議員選舉,首次申報,1071123,集會支出,鴻鼎企業社,10842924,0.00,95000.00,租用設備支出,金錢,台南市麻豆區****,,
475,郭清華,107年直轄市議員選舉,首次申報,1071123,宣傳支出,宏達廣告企業社,13923111,0.00,18000.00,廣告費,金錢,,,
476,郭清華,107年直轄市議員選舉,首次申報,1071123,集會支出,阿茶肉粽,14836065,0.00,38000.00,肉粽,金錢,高雄市三民區****,,
477,郭清華,107年直轄市議員選舉,首次申報,1071123,雜支支出,金玉堂,28772196,0.00,392.00,雜項購置或修繕費用,金錢,,,
478,郭清華,107年直轄市議員選舉,首次申報,1071123,集會支出,上泰鴻企業社,40708728,0.00,14300.00,租用設備支出,金錢,,,
479,郭清華,107年直轄市議員選舉,首次申報,1071123,宣傳支出,中中企業社,67947878,0.00,23307.00,派送費,金錢,,,
480,郭清華,107年直轄市議員選舉,首次申報,1071123,集會支出,益友廣告贈品商行,73853975,0.00,15050.00,紅布條,金錢,,,
481,郭清華,107年直轄市議員選舉,首次申報,1071123,宣傳支出,益友廣告贈品商行,73853976,0.00,7150.00,印刷品,金錢,,,
482,郭清華,107年直轄市議員選舉,首次申報,1071123,宣傳支出,益友廣告贈品商行,73853976,0.00,47500.00,邀請卡等,金錢,台南市南區明****,,
483,郭清華,107年直轄市議員選舉,首次申報,1071123,交通旅運支出,佳皇汽車遊覽有限公司,80394250,0.00,10500.00,車資,金錢,,,
484,郭清華,107年直轄市議員選舉,首次申報,1071123,宣傳支出,立都科技有限公司,80412834,0.00,3000.00,租用廣告看板或車體廣告支出,金錢,臺南市安南區****,,
485,郭清華,107年直轄市議員選舉,首次申報,1071123,集會支出,達成饅頭店,87849679,0.00,24000.00,包子,金錢,,,
486,郭清華,107年直轄市議員選舉,首次申報,1071123,交通旅運支出,VIP加油站,99535224,0.00,581.00,油資,金錢,,,
487,郭清華,107年直轄市議員選舉,首次申報,1071123,宣傳支出,競選總部,D12*******,0.00,1500.00,其他酬勞之給付,非金錢,臺南市安南區****,,
488,郭清華,107年直轄市議員選舉,首次申報,1071123,宣傳支出,競選總部,D12*******,0.00,1500.00,其他酬勞之給付,非金錢,臺南市安南區****,,
489,郭清華,107年直轄市議員選舉,首次申報,1071123,宣傳支出,競選總部,D12*******,0.00,1000.00,其他因酬勞之給付,非金錢,臺南市安南區****,,
490,郭清華,107年直轄市議員選舉,首次申報,1071123,宣傳支出,競選總部,D12*******,0.00,1000.00,其他因酬勞之給付,非金錢,臺南市安南區****,,
491,郭清華,107年直轄市議員選舉,首次申報,1071123,宣傳支出,競選總部,D12*******,0.00,2000.00,其他酬勞之給付,非金錢,臺南市安南區****,,
492,郭清華,107年直轄市議員選舉,首次申報,1071123,人事費用支出,李進安,D12*******,0.00,8000.00,鼓車隊,金錢,台南市南區新****,,
493,郭清華,107年直轄市議員選舉,首次申報,1071123,人事費用支出,陳慶松,M12*******,0.00,26000.00,主持人,金錢,南投縣名間鄉****,,
494,郭清華,107年直轄市議員選舉,首次申報,1071123,人事費用支出,吳耀坤,R12*******,0.00,70000.00,棉花糖機,金錢,台南是將軍區****,,
495,郭清華,107年直轄市議員選舉,首次申報,1071124,集會支出,在和企業社,10852014,0.00,10000.00,半圓帳,金錢,,,
496,郭清華,107年直轄市議員選舉,首次申報,1071124,雜支支出,阿田便當店,25814989,0.00,1300.00,便當,金錢,,,
497,郭清華,107年直轄市議員選舉,首次申報,1071124,雜支支出,鴻彬金香店,40819338,0.00,1140.00,雜項購置或修繕費用,金錢,,,
498,郭清華,107年直轄市議員選舉,首次申報,1071124,人事費用支出,李堃源,D12*******,0.00,1000.00,工資或薪津,金錢,台南市安南區****,,
499,郭清華,107年直轄市議員選舉,首次申報,1071125,集會支出,姿香鮮花店,06533094,0.00,29000.00,花柱,金錢,,,
500,郭清華,107年直轄市議員選舉,首次申報,1071125,雜支支出,榮華製帽行,68934008,0.00,300.00,雜項購置或修繕費用,金錢,,,
501,郭清華,107年直轄市議員選舉,首次申報,1071125,宣傳支出,益友廣告贈品商行,73853976,0.00,140784.00,廣告帆布,金錢,台南市南區明****,,
502,郭清華,107年直轄市議員選舉,首次申報,1071126,交通旅運支出,千越加油站,09134000,0.00,1726.00,油資,金錢,,,
503,郭清華,107年直轄市議員選舉,首次申報,1071126,雜支支出,偉盛工程行,47778142,0.00,8000.00,雜項購置或修繕費用,金錢,,,
504,郭清華,107年直轄市議員選舉,首次申報,1071126,雜支支出,中華電信,69109906,0.00,5937.00,電信費用,金錢,,,
505,郭清華,107年直轄市議員選舉,首次申報,1071126,雜支支出,中華電信,69109906,0.00,1971.00,電信費用,金錢,,,
506,郭清華,107年直轄市議員選舉,首次申報,1071126,宣傳支出,三竹資訊有限公司,86136982,0.00,8000.00,簡訊費,金錢,,,
507,郭清華,107年直轄市議員選舉,首次申報,1071126,雜支支出,果子狸水果專賣店,93872135,0.00,1200.00,雜項購置或修繕費用,金錢,,,
508,郭清華,107年直轄市議員選舉,首次申報,1071126,人事費用支出,莊盛裕,D12*******,0.00,15000.00,工資或薪津,金錢,台南市安南區****,,
509,郭清華,107年直轄市議員選舉,首次申報,1071126,人事費用支出,蔡秋盛,D12*******,0.00,15000.00,工資或薪津,金錢,台南市安南區****,,
510,郭清華,107年直轄市議員選舉,首次申報,1071126,人事費用支出,林佩清,D22*******,0.00,15000.00,工資或薪津,金錢,台南市安南區****,,
511,郭清華,107年直轄市議員選舉,首次申報,1071126,人事費用支出,劉靜江,E22*******,0.00,15000.00,工資或薪津,金錢,台南是西港區****,,
512,郭清華,107年直轄市議員選舉,首次申報,1071126,人事費用支出,林璟博,T12*******,0.00,7000.00,工資或薪津,金錢,台南市安南區****,,
513,郭清華,107年直轄市議員選舉,首次申報,1071127,交通旅運支出,台灣中油,06522744,0.00,2090.00,油資,金錢,,,
514,郭清華,107年直轄市議員選舉,首次申報,1071127,宣傳支出,益友廣告贈品商行,73853976,0.00,15350.00,DM,金錢,,,
515,郭清華,107年直轄市議員選舉,首次申報,1071128,人事費用支出,蘇武田,S12*******,0.00,16000.00,工資或薪津,金錢,台南市永康區****,,
516,郭清華,107年直轄市議員選舉,首次申報,1071129,交通旅運支出,台灣中油,06522744,0.00,1000.00,油資,金錢,,,
517,郭清華,107年直轄市議員選舉,首次申報,1071129,雜支支出,中華電信,69109906,0.00,1493.00,電信費用,金錢,,,
518,郭清華,107年直轄市議員選舉,首次申報,1071129,人事費用支出,吳健男,D12*******,0.00,6000.00,工資或薪津,金錢,台南市安中路****,,
519,郭清華,107年直轄市議員選舉,首次申報,1071129,人事費用支出,江麗珠,R20*******,0.00,5000.00,工資或薪津,金錢,台南市北區文****,,
520,郭清華,107年直轄市議員選舉,首次申報,1071130,交通旅運支出,千越加油站,09134000,0.00,400.00,油資,金錢,,,
521,郭清華,107年直轄市議員選舉,首次申報,1071130,宣傳支出,宏達廣告企業社,13923111,0.00,11000.00,廣告費,金錢,,,
522,郭清華,107年直轄市議員選舉,首次申報,1071130,公共關係費用支出,三楓企業社,17980648,0.00,15000.00,聯誼交際費用,金錢,,,
523,郭清華,107年直轄市議員選舉,首次申報,1071130,雜支支出,大金香舖茶莊,37619639,0.00,11850.00,雜項購置或修繕費用,金錢,,,
524,郭清華,107年直轄市議員選舉,首次申報,1071130,雜支支出,高鵬專業電腦有限公司,54564075,0.00,43600.00,電腦,金錢,台南市安南區****,,
525,郭清華,107年直轄市議員選舉,首次申報,1071130,宣傳支出,益友廣告贈品商行,73853976,0.00,65000.00,帆布拆掛,金錢,台南市南區明****,,
526,郭清華,107年直轄市議員選舉,首次申報,1071130,公共關係費用支出,果子狸水果專賣店,93872135,0.00,1200.00,聯誼交際費用,金錢,,,
527,郭清華,107年直轄市議員選舉,首次申報,1071130,人事費用支出,顏添福,D10*******,0.00,12600.00,工資或薪津,金錢,台南市海中街****,,
528,郭清華,107年直轄市議員選舉,首次申報,1071130,人事費用支出,郭壽榮,D10*******,0.00,13050.00,工資或薪津,金錢,臺南市大安街****,,
529,郭清華,107年直轄市議員選舉,首次申報,1071130,人事費用支出,邱榮老,D12*******,0.00,15000.00,工資或薪津,金錢,台南市青砂街****,,
530,郭清華,107年直轄市議員選舉,首次申報,1071130,人事費用支出,洪木明,D12*******,0.00,14250.00,工資或薪津,金錢,台南市海佃路****,,
531,郭清華,107年直轄市議員選舉,首次申報,1071130,人事費用支出,吳東英,D12*******,0.00,32775.00,工資或薪津,金錢,台南市大眾街****,,
532,郭清華,107年直轄市議員選舉,首次申報,1071130,人事費用支出,蘇瑞淵,D12*******,0.00,9450.00,工資或薪津,金錢,臺南市府安路****,,
533,郭清華,107年直轄市議員選舉,首次申報,1071130,人事費用支出,吳崑福,D12*******,0.00,24000.00,工資或薪津,金錢,台南市安富街****,,
534,郭清華,107年直轄市議員選舉,首次申報,1071130,人事費用支出,林展佑,D12*******,0.00,5250.00,工資或薪津,金錢,台南市東區裕****,,
535,郭清華,107年直轄市議員選舉,首次申報,1071130,人事費用支出,葉彥輔,D12*******,0.00,9750.00,工資或薪津,金錢,台南市安昌街****,,
536,郭清華,107年直轄市議員選舉,首次申報,1071130,人事費用支出,蔡榮洲,D12*******,0.00,20000.00,工資或薪津,金錢,台南市安南區****,,
537,郭清華,107年直轄市議員選舉,首次申報,1071130,人事費用支出,周越,D20*******,0.00,4050.00,工資或薪津,金錢,台南市海環街****,,
538,郭清華,107年直轄市議員選舉,首次申報,1071130,人事費用支出,黃月嬋,D20*******,0.00,3300.00,工資或薪津,金錢,台南是國安街****,,
539,郭清華,107年直轄市議員選舉,首次申報,1071130,人事費用支出,魏淑華,D20*******,0.00,12525.00,工資或薪津,金錢,台南市健康三****,,
540,郭清華,107年直轄市議員選舉,首次申報,1071130,人事費用支出,郭德勤,D22*******,0.00,13575.00,工資或薪津,金錢,台南市大同路****,,
541,郭清華,107年直轄市議員選舉,首次申報,1071130,人事費用支出,涂碧珍,D22*******,0.00,10050.00,工資或薪津,金錢,台南市安中路****,,
542,郭清華,107年直轄市議員選舉,首次申報,1071130,人事費用支出,邱淑蘭,D22*******,0.00,9825.00,工資或薪津,金錢,台南市鹽埕路****,,
543,郭清華,107年直轄市議員選舉,首次申報,1071130,人事費用支出,涂文珠,D22*******,0.00,9900.00,工資或薪津,金錢,台南市海環街****,,
544,郭清華,107年直轄市議員選舉,首次申報,1071130,人事費用支出,陳玉華,D22*******,0.00,6675.00,工資或薪津,金錢,臺南市大安街****,,
545,郭清華,107年直轄市議員選舉,首次申報,1071130,人事費用支出,廖幸,E20*******,0.00,6450.00,工資或薪津,金錢,台南市海中街****,,
546,郭清華,107年直轄市議員選舉,首次申報,1071130,人事費用支出,顏陳秀香,H20*******,0.00,13600.00,工資或薪津,金錢,台南市海中街****,,
547,郭清華,107年直轄市議員選舉,首次申報,1071130,人事費用支出,楊叁枝,N10*******,0.00,13650.00,工資或薪津,金錢,臺南市大安街****,,
548,郭清華,107年直轄市議員選舉,首次申報,1071130,人事費用支出,黃美霞,Q22*******,0.00,3750.00,工資或薪津,金錢,台南市怡安路****,,
549,郭清華,107年直轄市議員選舉,首次申報,1071130,人事費用支出,翁福安,R10*******,0.00,33975.00,工資或薪津,金錢,台南市惠安街****,,
550,郭清華,107年直轄市議員選舉,首次申報,1071130,人事費用支出,林琨逢,R12*******,0.00,5250.00,工資或薪津,金錢,台南市新化區****,,
551,郭清華,107年直轄市議員選舉,首次申報,1071130,人事費用支出,黃金緞,R20*******,0.00,29000.00,工資或薪津,金錢,台南市海佃路****,,
552,郭清華,107年直轄市議員選舉,首次申報,1071130,人事費用支出,方郁臻,R22*******,0.00,3750.00,工資或薪津,金錢,台南市北區大****,,
553,郭清華,107年直轄市議員選舉,首次申報,1071130,人事費用支出,劉翠英,R22*******,0.00,2625.00,工資或薪津,金錢,台南市國安街****,,
554,郭清華,107年直轄市議員選舉,首次申報,1071130,人事費用支出,董美燕,T22*******,0.00,1125.00,工資或薪津,金錢,台南市安中路****,,
555,郭清華,107年直轄市議員選舉,首次申報,1071130,人事費用支出,鐘玉嬌,T22*******,0.00,23100.00,工資或薪津,金錢,台南市大安街****,,
556,郭清華,107年直轄市議員選舉,首次申報,1071130,人事費用支出,林菊美,V20*******,0.00,10275.00,工資或薪津,金錢,台南市海中街****,,
557,郭清華,107年直轄市議員選舉,首次申報,1071130,人事費用支出,張金瑞,X10*******,0.00,32775.00,工資或薪津,金錢,台南市安中路****,,
558,郭清華,107年直轄市議員選舉,首次申報,1071201,雜支支出,中華日報,,0.00,540.00,報費,金錢,台南市安南區****,,
559,郭清華,107年直轄市議員選舉,首次申報,1071201,宣傳支出,三太廣告設計企業社,40718161,0.00,693000.00,便條本,金錢,台南市仁德區****,,
560,郭清華,107年直轄市議員選舉,首次申報,1071201,雜支支出,益友廣告贈品商行,73853976,0.00,7980.00,雜項購置或修繕費用,金錢,,,
561,郭清華,107年直轄市議員選舉,首次申報,1071201,租用競選辦事處支出,楊明峻,D10*******,0.00,480000.00,租用競選辦事處費用,金錢,台南市海中街****,,
562,郭清華,107年直轄市議員選舉,首次申報,1071201,人事費用支出,彭淑虹,D22*******,0.00,50000.00,工資或薪津,金錢,台南市安南區****,,
563,郭清華,107年直轄市議員選舉,首次申報,1071202,交通旅運支出,土城加油站,23253483,0.00,2822.00,油資,金錢,,,
564,郭清華,107年直轄市議員選舉,首次申報,1071204,人事費用支出,林佩清,D22*******,0.00,30000.00,工資或薪津,金錢,台南市安南區****,,
565,郭清華,107年直轄市議員選舉,首次申報,1071205,宣傳支出,中華日報,03710808,0.00,35000.00,播送、傳送或刊登宣傳廣告支出,金錢,臺南市北區公****,,
566,郭清華,107年直轄市議員選舉,首次申報,1071205,公共關係費用支出,姿香鮮花店,06533094,0.00,14000.00,花柱,金錢,,,
567,郭清華,107年直轄市議員選舉,首次申報,1071205,雜支支出,中華電信,69109906,0.00,55125.00,電信費用,金錢,台南市西門路****,,
568,郭清華,107年直轄市議員選舉,首次申報,1071205,雜支支出,禮堡實業社,88891105,0.00,30000.00,廣告筆,金錢,,,
569,郭清華,107年直轄市議員選舉,首次申報,1071206,雜支支出,中華電信,69109906,0.00,6321.00,電信費用,金錢,台南市西門路****,,
570,郭清華,107年直轄市議員選舉,首次申報,1071206,人事費用支出,吳博勝,D12*******,0.00,400.00,工資或薪津,金錢,台南市安中路****,,
571,郭清華,107年直轄市議員選舉,首次申報,1071207,公共關係費用支出,皇元企業社,40943759,0.00,1400.00,聯誼交際費用,金錢,,,
572,郭清華,107年直轄市議員選舉,首次申報,1071212,交通旅運支出,台灣中油,06522744,0.00,3544.00,油資,金錢,,,
573,郭清華,107年直轄市議員選舉,首次申報,1071212,雜支支出,統億汽車零件熔接工作所,06526903,0.00,11000.00,雜項購置或修繕費用,金錢,,,
574,郭清華,107年直轄市議員選舉,首次申報,1071213,集會支出,金金辦公傢具有限公司,27587291,0.00,6300.00,會議桌,金錢,,,
575,郭清華,107年直轄市議員選舉,首次申報,1071213,雜支支出,台灣電力公司,68887960,0.00,8200.00,水電瓦斯費用,金錢,,,
576,郭清華,107年直轄市議員選舉,首次申報,1071213,雜支支出,詠明音響企業社,78674810,0.00,1800.00,雜項購置或修繕費用,金錢,,,
577,郭清華,107年直轄市議員選舉,首次申報,1071218,雜支支出,傳勝行,15718500,0.00,2500.00,雜項購置或修繕費用,金錢,,,
578,郭清華,107年直轄市議員選舉,首次申報,1071220,雜支支出,志成商行,06636824,0.00,600.00,雜項購置或修繕費用,金錢,,,
579,郭清華,107年直轄市議員選舉,首次申報,1071220,雜支支出,三楓企業社,17980648,0.00,18000.00,雜項購置或修繕費用,金錢,,,
580,郭清華,107年直轄市議員選舉,首次申報,1071220,人事費用支出,邱榮老,D12*******,0.00,30000.00,工資或薪津,金錢,台南市安南區****,,
581,郭清華,107年直轄市議員選舉,首次申報,1071221,交通旅運支出,台灣中油,68113001,0.00,4306.00,油資,金錢,,,
582,郭清華,107年直轄市議員選舉,首次申報,1071224,雜支支出,金玉堂,28772196,0.00,398.00,雜項購置或修繕費用,金錢,,,
