﻿序號,擬參選人／政黨,選舉名稱,申報序號／年度,交易日期,收支科目,捐贈者／支出對象,身分證／統一編號,收入金額,支出金額,支出用途,金錢類,地址,聯絡電話,資料更正日期
1,郭清華,107年直轄市議員選舉,首次申報,1070601,個人捐贈收入,陳國華,D10*******,60000.00,0.00,,金錢,臺南市北區小****,0955*****,
2,郭清華,107年直轄市議員選舉,首次申報,1070601,個人捐贈收入,李信璋,D12*******,60000.00,0.00,,金錢,臺南市關廟區****,0953*****,
3,郭清華,107年直轄市議員選舉,首次申報,1070601,個人捐贈收入,傳偉,D12*******,100000.00,0.00,,金錢,臺南市北區北****,0933*****,
4,郭清華,107年直轄市議員選舉,首次申報,1070719,個人捐贈收入,陳國華,D10*******,40000.00,0.00,,金錢,臺南市北區小****,0955*****,
5,郭清華,107年直轄市議員選舉,首次申報,1070719,個人捐贈收入,陳遠欣,D12*******,100000.00,0.00,,金錢,臺南市北區小****,0955*****,
6,郭清華,107年直轄市議員選舉,首次申報,1070719,個人捐贈收入,田妙蓮,D22*******,100000.00,0.00,,金錢,臺南市北區小****,0916*****,
7,郭清華,107年直轄市議員選舉,首次申報,1070719,個人捐贈收入,陳玠蓁,D22*******,100000.00,0.00,,金錢,臺南市北區育****,0930*****,
8,郭清華,107年直轄市議員選舉,首次申報,1070719,個人捐贈收入,黃金秀,R22*******,100000.00,0.00,,金錢,臺南市北區小****,0983*****,
9,郭清華,107年直轄市議員選舉,首次申報,1070719,個人捐贈收入,陳衛道,S12*******,60000.00,0.00,,金錢,臺南市北區育****,0920*****,
10,郭清華,107年直轄市議員選舉,首次申報,1070723,個人捐贈收入,李信璋,D12*******,40000.00,0.00,,金錢,臺南市關廟區****,0953*****,
11,郭清華,107年直轄市議員選舉,首次申報,1070723,個人捐贈收入,陳皇斌,D12*******,60000.00,0.00,,金錢,臺南市永康區****,0978*****,
12,郭清華,107年直轄市議員選舉,首次申報,1070723,個人捐贈收入,李幸容,D22*******,100000.00,0.00,,金錢,新竹市香山區****,0952*****,
13,郭清華,107年直轄市議員選舉,首次申報,1070723,個人捐贈收入,朱世恩,J12*******,100000.00,0.00,,金錢,新竹市香山區****,0913*****,
14,郭清華,107年直轄市議員選舉,首次申報,1070723,個人捐贈收入,邱俊傑,S12*******,100000.00,0.00,,金錢,高雄市茄定區****,0910*****,
15,郭清華,107年直轄市議員選舉,首次申報,1070723,個人捐贈收入,薛惠芳,T22*******,100000.00,0.00,,金錢,高雄市湖內區****,0920*****,
16,郭清華,107年直轄市議員選舉,首次申報,1070801,匿名捐贈,匿名,,2000.00,0.00,,非金錢,,,
17,郭清華,107年直轄市議員選舉,首次申報,1070816,個人捐贈收入,伍陸鋒,,20000.00,0.00,,金錢,高雄市三民區****,07-3*****,
18,郭清華,107年直轄市議員選舉,首次申報,1070821,個人捐贈收入,李英桐,R12*******,100000.00,0.00,,金錢,臺南市安定區****,0933*****,
19,郭清華,107年直轄市議員選舉,首次申報,1070827,個人捐贈收入,陳盈君,S22*******,35000.00,0.00,,金錢,臺南市安南區****,0922*****,
20,郭清華,107年直轄市議員選舉,首次申報,1070831,匿名捐贈,無名氏,,10000.00,0.00,,金錢,,,
21,郭清華,107年直轄市議員選舉,首次申報,1070831,匿名捐贈,無名氏,,10000.00,0.00,,金錢,,,
22,郭清華,107年直轄市議員選舉,首次申報,1070901,匿名捐贈,匿名,,1500.00,0.00,,非金錢,,,
23,郭清華,107年直轄市議員選舉,首次申報,1070901,匿名捐贈,匿名,,1500.00,0.00,,非金錢,,,
24,郭清華,107年直轄市議員選舉,首次申報,1070904,個人捐贈收入,蔡裕民,A12*******,100000.00,0.00,,金錢,臺南市安南區****,0931*****,
25,郭清華,107年直轄市議員選舉,首次申報,1070917,個人捐贈收入,王筱蓉,,20000.00,0.00,,金錢,臺南市北區旭****,0936*****,
26,郭清華,107年直轄市議員選舉,首次申報,1070917,個人捐贈收入,王藏賢,,20000.00,0.00,,金錢,臺南市安南區****,0932*****,
27,郭清華,107年直轄市議員選舉,首次申報,1070917,個人捐贈收入,王躍龍,,20000.00,0.00,,金錢,臺南市安南區****,0937*****,
28,郭清華,107年直轄市議員選舉,首次申報,1070917,個人捐贈收入,劉景南,,20000.00,0.00,,金錢,臺南市安南區****,0933*****,
29,郭清華,107年直轄市議員選舉,首次申報,1070917,個人捐贈收入,曾新吉,,20000.00,0.00,,金錢,臺南市安南區****,06-2*****,
30,郭清華,107年直轄市議員選舉,首次申報,1070917,個人捐贈收入,陳柏勳,D12*******,30000.00,0.00,,金錢,臺南市北區賢****,0910*****,
31,郭清華,107年直轄市議員選舉,首次申報,1070917,個人捐贈收入,彭淑萍,D22*******,50000.00,0.00,,金錢,臺南市安南區****,0932*****,
32,郭清華,107年直轄市議員選舉,首次申報,1070917,個人捐贈收入,許伊文,D22*******,60000.00,0.00,,金錢,臺南市安南區****,0921*****,
33,郭清華,107年直轄市議員選舉,首次申報,1070918,個人捐贈收入,陳文生,,7000.00,0.00,,非金錢,臺南市安南區****,2479*****,
34,郭清華,107年直轄市議員選舉,首次申報,1070919,個人捐贈收入,張晉誠,P12*******,100000.00,0.00,,金錢,高雄市左營區****,0908*****,
35,郭清華,107年直轄市議員選舉,首次申報,1070919,個人捐贈收入,呂水波,W10*******,100000.00,0.00,,金錢,高雄市三民區****,0911*****,
36,郭清華,107年直轄市議員選舉,首次申報,1070919,個人捐贈收入,呂碧瑞,X12*******,100000.00,0.00,,金錢,高雄市鳥松區****,0935*****,
37,郭清華,107年直轄市議員選舉,首次申報,1070921,營利事業捐贈收入,宏展鞋業社,36833203,10000.00,0.00,,金錢,臺南市安南區****,06-2*****,
38,郭清華,107年直轄市議員選舉,首次申報,1070925,個人捐贈收入,邱朝宗,,10000.00,0.00,,金錢,臺南市北區文****,2582*****,
39,郭清華,107年直轄市議員選舉,首次申報,1070925,個人捐贈收入,蔡朝養,,6000.00,0.00,,金錢,臺南市安南區****,,
40,郭清華,107年直轄市議員選舉,首次申報,1071001,匿名捐贈,匿名,,1000.00,0.00,,非金錢,,,
41,郭清華,107年直轄市議員選舉,首次申報,1071001,匿名捐贈,匿名,,1000.00,0.00,,非金錢,,,
42,郭清華,107年直轄市議員選舉,首次申報,1071005,個人捐贈收入,郭卿輝,,3500.00,0.00,,非金錢,臺南市安南區****,2816*****,
43,郭清華,107年直轄市議員選舉,首次申報,1071006,個人捐贈收入,陳昆鐘,R10*******,30000.00,0.00,,金錢,臺南市永康區****,0987*****,
44,郭清華,107年直轄市議員選舉,首次申報,1071006,個人捐贈收入,林佑農,R12*******,36000.00,0.00,,金錢,臺北市士林區****,0938*****,
45,郭清華,107年直轄市議員選舉,首次申報,1071008,匿名捐贈,黃仁安,,10000.00,0.00,,金錢,,,
46,郭清華,107年直轄市議員選舉,首次申報,1071008,個人捐贈收入,吳佳紋,,20000.00,0.00,,金錢,臺南市安南區****,0927*****,
47,郭清華,107年直轄市議員選舉,首次申報,1071008,個人捐贈收入,陳謝秋香,D20*******,100000.00,0.00,,金錢,臺南市安南區****,06-3*****,
48,郭清華,107年直轄市議員選舉,首次申報,1071008,個人捐贈收入,陳進益,R10*******,100000.00,0.00,,金錢,臺南市安南區****,06-3*****,
49,郭清華,107年直轄市議員選舉,首次申報,1071008,個人捐贈收入,陳榮豐,R12*******,50000.00,0.00,,金錢,臺南市永康區****,06-2*****,
50,郭清華,107年直轄市議員選舉,首次申報,1071009,個人捐贈收入,吳宗憲,D12*******,100000.00,0.00,,金錢,臺南市安南區****,,
51,郭清華,107年直轄市議員選舉,首次申報,1071011,個人捐贈收入,吳尚林,D12*******,50000.00,0.00,,金錢,臺南市北區小****,0913*****,
52,郭清華,107年直轄市議員選舉,首次申報,1071011,個人捐贈收入,吳沛盈,D22*******,50000.00,0.00,,金錢,臺南市北區立****,0922*****,
53,郭清華,107年直轄市議員選舉,首次申報,1071011,個人捐贈收入,曾健輔,Q12*******,100000.00,0.00,,金錢,臺南市東區前****,06-2*****,
54,郭清華,107年直轄市議員選舉,首次申報,1071011,個人捐贈收入,江敏菁,R22*******,100000.00,0.00,,金錢,臺南市安南區****,0981*****,
55,郭清華,107年直轄市議員選舉,首次申報,1071012,個人捐贈收入,林朝宗,,10000.00,0.00,,金錢,臺南市安南區****,06-2*****,
56,郭清華,107年直轄市議員選舉,首次申報,1071012,匿名捐贈,匿名,,10000.00,0.00,,金錢,,,
57,郭清華,107年直轄市議員選舉,首次申報,1071012,營利事業捐贈收入,群馥實業股份有限公司,22132053,300000.00,0.00,,金錢,臺南市永康區****,06-2*****,
58,郭清華,107年直轄市議員選舉,首次申報,1071013,匿名捐贈,匿名,,10000.00,0.00,,金錢,,,
59,郭清華,107年直轄市議員選舉,首次申報,1071014,個人捐贈收入,黃信睿,R12*******,50000.00,0.00,,金錢,臺南市關廟區****,06-5*****,
60,郭清華,107年直轄市議員選舉,首次申報,1071014,個人捐贈收入,黃信毓,R12*******,50000.00,0.00,,金錢,臺南市關廟區****,06-5*****,
61,郭清華,107年直轄市議員選舉,首次申報,1071015,個人捐贈收入,簡倉健,,2000.00,0.00,,金錢,臺南市南區健****,06-2*****,
62,郭清華,107年直轄市議員選舉,首次申報,1071015,個人捐贈收入,楊明財,D12*******,50000.00,0.00,,金錢,臺南市安南區****,06-3*****,
63,郭清華,107年直轄市議員選舉,首次申報,1071016,個人捐贈收入,鄭信誠,,12000.00,0.00,,金錢,臺南市安南區****,0909*****,
64,郭清華,107年直轄市議員選舉,首次申報,1071016,個人捐贈收入,楊進德,,10000.00,0.00,,金錢,臺南市安南區****,06-2*****,
65,郭清華,107年直轄市議員選舉,首次申報,1071016,個人捐贈收入,周金倉,D10*******,100000.00,0.00,,金錢,臺南市安南區****,0910*****,
66,郭清華,107年直轄市議員選舉,首次申報,1071017,個人捐贈收入,盧倬晨,,20000.00,0.00,,金錢,臺南市東區裕****,0918*****,
67,郭清華,107年直轄市議員選舉,首次申報,1071017,個人捐贈收入,楊憲宏,D12*******,100000.00,0.00,,金錢,臺南市北區立****,06-2*****,
68,郭清華,107年直轄市議員選舉,首次申報,1071017,個人捐贈收入,陳啟源,D12*******,50000.00,0.00,,金錢,臺南市安南區****,06-2*****,
69,郭清華,107年直轄市議員選舉,首次申報,1071017,個人捐贈收入,蔡方錦珠,D20*******,20000.00,0.00,,金錢,臺南市安南區****,06-3*****,
70,郭清華,107年直轄市議員選舉,首次申報,1071018,個人捐贈收入,王中賢,,10000.00,0.00,,金錢,臺南市安南區****,06-2*****,
71,郭清華,107年直轄市議員選舉,首次申報,1071018,個人捐贈收入,陳舜安,,6000.00,0.00,,金錢,臺南市北區文****,06-3*****,
72,郭清華,107年直轄市議員選舉,首次申報,1071018,個人捐贈收入,鄭文貴,,3000.00,0.00,,金錢,臺南市安南區****,,
73,郭清華,107年直轄市議員選舉,首次申報,1071018,個人捐贈收入,呂官展,,10000.00,0.00,,金錢,臺南市安南區****,06-5*****,
74,郭清華,107年直轄市議員選舉,首次申報,1071018,個人捐贈收入,沈清遺,,2100.00,0.00,,非金錢,臺南市安南區****,2597*****,
75,郭清華,107年直轄市議員選舉,首次申報,1071018,營利事業捐贈收入,南洋工業原料行,68466572,6000.00,0.00,,金錢,臺南市南區新****,06-2*****,
76,郭清華,107年直轄市議員選舉,首次申報,1071019,個人捐贈收入,黃文保,,10000.00,0.00,,金錢,臺南市安南區****,0932*****,
77,郭清華,107年直轄市議員選舉,首次申報,1071019,個人捐贈收入,陳金定,,5000.00,0.00,,金錢,臺南市安南區****,06-3*****,
78,郭清華,107年直轄市議員選舉,首次申報,1071019,個人捐贈收入,黃永雄,,5000.00,0.00,,金錢,臺南市安南區****,06-3*****,
79,郭清華,107年直轄市議員選舉,首次申報,1071019,個人捐贈收入,黃登科,,10000.00,0.00,,金錢,臺南市安南區****,06-3*****,
80,郭清華,107年直轄市議員選舉,首次申報,1071019,個人捐贈收入,楊義雄,,500.00,0.00,,金錢,,06-2*****,
81,郭清華,107年直轄市議員選舉,首次申報,1071019,個人捐贈收入,林大彬,,7000.00,0.00,,非金錢,臺南市安南區****,3840*****,
82,郭清華,107年直轄市議員選舉,首次申報,1071019,個人捐贈收入,劉明欽,D10*******,100000.00,0.00,,金錢,臺南市安南區****,,
83,郭清華,107年直轄市議員選舉,首次申報,1071019,個人捐贈收入,黃中安,R10*******,50000.00,0.00,,金錢,臺南市安南區****,,
84,郭清華,107年直轄市議員選舉,首次申報,1071020,個人捐贈收入,許添根,,20000.00,0.00,,金錢,臺南市安南區****,06-2*****,
85,郭清華,107年直轄市議員選舉,首次申報,1071020,個人捐贈收入,吳丁元,,5000.00,0.00,,金錢,臺南市安南區****,06-2*****,
86,郭清華,107年直轄市議員選舉,首次申報,1071020,個人捐贈收入,王坤煌,,20000.00,0.00,,金錢,臺南市安南區****,06-3*****,
87,郭清華,107年直轄市議員選舉,首次申報,1071020,個人捐贈收入,陳施麗珠,,10000.00,0.00,,金錢,臺南市安南區****,06-2*****,
88,郭清華,107年直轄市議員選舉,首次申報,1071022,個人捐贈收入,張志賢,,20000.00,0.00,,金錢,臺南市安南區****,06-2*****,
89,郭清華,107年直轄市議員選舉,首次申報,1071022,個人捐贈收入,陳安然,,20000.00,0.00,,金錢,臺南市安南區****,06-2*****,
90,郭清華,107年直轄市議員選舉,首次申報,1071022,個人捐贈收入,張炎,,10000.00,0.00,,金錢,臺南市安南區****,06-2*****,
91,郭清華,107年直轄市議員選舉,首次申報,1071022,個人捐贈收入,高柏根,,20000.00,0.00,,金錢,臺南市北區北****,06-2*****,
92,郭清華,107年直轄市議員選舉,首次申報,1071023,個人捐贈收入,王國林,,20000.00,0.00,,金錢,臺南市安南區****,06-2*****,
93,郭清華,107年直轄市議員選舉,首次申報,1071023,匿名捐贈,匿名,,10000.00,0.00,,金錢,,,
94,郭清華,107年直轄市議員選舉,首次申報,1071023,個人捐贈收入,王金枝,,6000.00,0.00,,金錢,臺南市北區北****,0953*****,
95,郭清華,107年直轄市議員選舉,首次申報,1071023,個人捐贈收入,黃火山,,20000.00,0.00,,金錢,臺南市安南區****,0938*****,
96,郭清華,107年直轄市議員選舉,首次申報,1071023,個人捐贈收入,黃建榮,,2100.00,0.00,,非金錢,臺南市安南區****,0958*****,
97,郭清華,107年直轄市議員選舉,首次申報,1071023,個人捐贈收入,林佳毅,P12*******,100000.00,0.00,,金錢,臺南市北區文****,06-2*****,
98,郭清華,107年直轄市議員選舉,首次申報,1071024,個人捐贈收入,方泰山,,20000.00,0.00,,金錢,臺南市安南區****,06-2*****,
99,郭清華,107年直轄市議員選舉,首次申報,1071024,個人捐贈收入,李坤勇,,3000.00,0.00,,金錢,臺南市安南區****,06-2*****,
100,郭清華,107年直轄市議員選舉,首次申報,1071024,個人捐贈收入,謝富泰,,3000.00,0.00,,金錢,臺南市安南區****,,
101,郭清華,107年直轄市議員選舉,首次申報,1071024,個人捐贈收入,陳怡碩,D12*******,60000.00,0.00,,金錢,臺南市安南區****,06-2*****,
102,郭清華,107年直轄市議員選舉,首次申報,1071024,個人捐贈收入,陳淑茹,D20*******,100000.00,0.00,,金錢,臺南市安南區****,06-2*****,
103,郭清華,107年直轄市議員選舉,首次申報,1071024,個人捐贈收入,陳月霞,D20*******,100000.00,0.00,,金錢,臺南市中西區****,06-2*****,
104,郭清華,107年直轄市議員選舉,首次申報,1071024,個人捐贈收入,劉嘉慶,E10*******,10000.00,0.00,,金錢,高雄市苓雅區****,,
105,郭清華,107年直轄市議員選舉,首次申報,1071024,個人捐贈收入,陳云鎔,F22*******,100000.00,0.00,,金錢,臺南市中西區****,06-2*****,
106,郭清華,107年直轄市議員選舉,首次申報,1071025,個人捐贈收入,高柏根,,3000.00,0.00,,金錢,臺南市北區北****,06-2*****,
107,郭清華,107年直轄市議員選舉,首次申報,1071025,個人捐贈收入,黃圳藝,,20000.00,0.00,,金錢,臺南市安定區****,,
108,郭清華,107年直轄市議員選舉,首次申報,1071025,個人捐贈收入,許家進,,6000.00,0.00,,金錢,臺南市中西區****,,
109,郭清華,107年直轄市議員選舉,首次申報,1071025,個人捐贈收入,方裕豐,,14000.00,0.00,,非金錢,臺南市安南區****,0929*****,
110,郭清華,107年直轄市議員選舉,首次申報,1071026,個人捐贈收入,曾法,,3600.00,0.00,,金錢,臺南市安南區****,06-2*****,
111,郭清華,107年直轄市議員選舉,首次申報,1071026,個人捐贈收入,陳福來,,10000.00,0.00,,金錢,臺南市安南區****,06-3*****,
112,郭清華,107年直轄市議員選舉,首次申報,1071026,個人捐贈收入,李茂良,,2000.00,0.00,,金錢,臺南市官田區****,0926*****,
113,郭清華,107年直轄市議員選舉,首次申報,1071026,個人捐贈收入,徐德旺,,20000.00,0.00,,金錢,臺南市安南區****,06-3*****,
114,郭清華,107年直轄市議員選舉,首次申報,1071026,個人捐贈收入,黃登進,D10*******,30000.00,0.00,,金錢,臺南市安南區****,06-3*****,
115,郭清華,107年直轄市議員選舉,首次申報,1071026,個人捐贈收入,鄭村霖,D10*******,50000.00,0.00,,金錢,臺南市永康區****,06-2*****,
116,郭清華,107年直轄市議員選舉,首次申報,1071026,個人捐贈收入,陳柏勳,D12*******,50000.00,0.00,,金錢,臺南市北區賢****,0910*****,
117,郭清華,107年直轄市議員選舉,首次申報,1071026,個人捐贈收入,王藏賢,D12*******,30000.00,0.00,,金錢,臺南市安南區****,0932*****,
118,郭清華,107年直轄市議員選舉,首次申報,1071026,個人捐贈收入,王躍龍,D12*******,20000.00,0.00,,金錢,臺南市安南區****,0937*****,
119,郭清華,107年直轄市議員選舉,首次申報,1071026,個人捐贈收入,陳忠輝,P12*******,100000.00,0.00,,金錢,臺南市仁德區****,06-2*****,
120,郭清華,107年直轄市議員選舉,首次申報,1071027,個人捐贈收入,蔡岡文,,10000.00,0.00,,金錢,臺南市永康區****,0922*****,
121,郭清華,107年直轄市議員選舉,首次申報,1071027,個人捐贈收入,吳賜呈,,6000.00,0.00,,金錢,臺南市安南區****,0931*****,
122,郭清華,107年直轄市議員選舉,首次申報,1071027,個人捐贈收入,連聰彬,,5000.00,0.00,,金錢,臺南市柳營區****,0937*****,
123,郭清華,107年直轄市議員選舉,首次申報,1071027,個人捐贈收入,吳國志,,20000.00,0.00,,金錢,臺南市安南區****,,
124,郭清華,107年直轄市議員選舉,首次申報,1071027,個人捐贈收入,郭福樹,,10000.00,0.00,,金錢,臺南市安南區****,06-2*****,
125,郭清華,107年直轄市議員選舉,首次申報,1071027,個人捐贈收入,杜慶誌,,2000.00,0.00,,金錢,臺南市安南區****,06-2*****,
126,郭清華,107年直轄市議員選舉,首次申報,1071027,個人捐贈收入,陳素蘭,,2000.00,0.00,,金錢,臺南市永康區****,0932*****,
127,郭清華,107年直轄市議員選舉,首次申報,1071027,個人捐贈收入,張春貴,,6000.00,0.00,,金錢,臺南市安南區****,0952*****,
128,郭清華,107年直轄市議員選舉,首次申報,1071027,個人捐贈收入,吳自在,,10000.00,0.00,,金錢,臺南市安南區****,06-3*****,
129,郭清華,107年直轄市議員選舉,首次申報,1071027,個人捐贈收入,林明基,,10000.00,0.00,,金錢,臺南市安南區****,0926*****,
130,郭清華,107年直轄市議員選舉,首次申報,1071027,個人捐贈收入,許正昌,,6000.00,0.00,,金錢,臺南市安南區****,0989*****,
131,郭清華,107年直轄市議員選舉,首次申報,1071027,個人捐贈收入,郭金柱,,20000.00,0.00,,金錢,臺南市安南區****,06-2*****,
132,郭清華,107年直轄市議員選舉,首次申報,1071027,個人捐贈收入,徐和安,D10*******,50000.00,0.00,,金錢,臺南市安南區****,0925*****,
133,郭清華,107年直轄市議員選舉,首次申報,1071027,個人捐贈收入,蔡宗勳,E12*******,60000.00,0.00,,金錢,臺南市佳里區****,0927*****,
134,郭清華,107年直轄市議員選舉,首次申報,1071027,個人捐贈收入,王明杰,J12*******,100000.00,0.00,,金錢,臺南市安定區****,0921*****,
135,郭清華,107年直轄市議員選舉,首次申報,1071027,個人捐贈收入,張惠俐,R22*******,100000.00,0.00,,金錢,臺南市安定區****,0937*****,
136,郭清華,107年直轄市議員選舉,首次申報,1071029,個人捐贈收入,蔡財教,,10000.00,0.00,,金錢,臺南市安南區****,06-2*****,
137,郭清華,107年直轄市議員選舉,首次申報,1071030,個人捐贈收入,郭榮田,,20000.00,0.00,,金錢,臺南市北區育****,06-2*****,
138,郭清華,107年直轄市議員選舉,首次申報,1071030,個人捐贈收入,徐茂松,,20000.00,0.00,,金錢,臺南市安南區****,06-2*****,
139,郭清華,107年直轄市議員選舉,首次申報,1071030,個人捐贈收入,邱姿儀,,5000.00,0.00,,金錢,臺南市安南區****,0966*****,
140,郭清華,107年直轄市議員選舉,首次申報,1071030,個人捐贈收入,黃文江,,10000.00,0.00,,金錢,臺南市北區文****,06-2*****,
141,郭清華,107年直轄市議員選舉,首次申報,1071030,個人捐贈收入,郭登興,,3600.00,0.00,,金錢,臺南市安南區****,06-2*****,
142,郭清華,107年直轄市議員選舉,首次申報,1071030,個人捐贈收入,王三保,,10000.00,0.00,,金錢,臺南市北區西****,06-2*****,
143,郭清華,107年直轄市議員選舉,首次申報,1071030,個人捐贈收入,林清原,,6000.00,0.00,,金錢,臺南市安南區****,0911*****,
144,郭清華,107年直轄市議員選舉,首次申報,1071030,個人捐贈收入,呂榮祥,,6000.00,0.00,,金錢,臺南市安南區****,06-2*****,
145,郭清華,107年直轄市議員選舉,首次申報,1071030,個人捐贈收入,楊憲德,,10000.00,0.00,,金錢,臺南市安南區****,06-2*****,
146,郭清華,107年直轄市議員選舉,首次申報,1071030,個人捐贈收入,郭名洲,,3000.00,0.00,,金錢,臺南市安南區****,06-2*****,
147,郭清華,107年直轄市議員選舉,首次申報,1071030,個人捐贈收入,陳中和,,20000.00,0.00,,金錢,臺南市安定區****,0922*****,
148,郭清華,107年直轄市議員選舉,首次申報,1071030,個人捐贈收入,黃添福,,10000.00,0.00,,金錢,臺南市安南區****,06-3*****,
149,郭清華,107年直轄市議員選舉,首次申報,1071030,個人捐贈收入,黃文家,,10000.00,0.00,,金錢,臺南市安南區****,06-3*****,
150,郭清華,107年直轄市議員選舉,首次申報,1071030,個人捐贈收入,郭清讚,,3600.00,0.00,,金錢,臺南市北區忠****,06-2*****,
151,郭清華,107年直轄市議員選舉,首次申報,1071030,個人捐贈收入,周金國,,20000.00,0.00,,金錢,臺南市安南區****,06-2*****,
152,郭清華,107年直轄市議員選舉,首次申報,1071030,個人捐贈收入,謝君慧,,20000.00,0.00,,金錢,臺南市安南區****,06-2*****,
153,郭清華,107年直轄市議員選舉,首次申報,1071030,個人捐贈收入,郭倍志,,3000.00,0.00,,金錢,臺南市永康區****,06-2*****,
154,郭清華,107年直轄市議員選舉,首次申報,1071030,個人捐贈收入,郭正國,,10000.00,0.00,,金錢,臺南市安南區****,06-2*****,
155,郭清華,107年直轄市議員選舉,首次申報,1071030,個人捐贈收入,葉榮豐,,30000.00,0.00,,金錢,臺南市南區新****,0939*****,
156,郭清華,107年直轄市議員選舉,首次申報,1071030,營利事業捐贈收入,舜勳建設有限公司,12890302,300000.00,0.00,,金錢,臺南市安南區****,06-2*****,
157,郭清華,107年直轄市議員選舉,首次申報,1071030,營利事業捐贈收入,三民營造股份有限公司,23794354,100000.00,0.00,,金錢,臺南市新市區****,0933*****,
158,郭清華,107年直轄市議員選舉,首次申報,1071030,營利事業捐贈收入,鴻朧生活館有限公司,24406450,50000.00,0.00,,金錢,桃園市龜山區****,,
159,郭清華,107年直轄市議員選舉,首次申報,1071030,營利事業捐贈收入,鴻振生活館有限公司,25197141,50000.00,0.00,,金錢,桃園市中壢區****,,
160,郭清華,107年直轄市議員選舉,首次申報,1071030,營利事業捐贈收入,寶凱生活館有限公司,53570253,50000.00,0.00,,金錢,高雄市小港區****,,
161,郭清華,107年直轄市議員選舉,首次申報,1071030,營利事業捐贈收入,寶滿生活館有限公司,80051228,50000.00,0.00,,金錢,高雄市鳳山區****,,
162,郭清華,107年直轄市議員選舉,首次申報,1071030,營利事業捐贈收入,瑞發模具有限公司,80412124,30000.00,0.00,,金錢,臺南市安南區****,06-2*****,
163,郭清華,107年直轄市議員選舉,首次申報,1071030,個人捐贈收入,鄭進昌,D10*******,30000.00,0.00,,金錢,臺南市安南區****,06-2*****,
164,郭清華,107年直轄市議員選舉,首次申報,1071030,個人捐贈收入,王正,D10*******,100000.00,0.00,,金錢,臺南市永康區****,06-2*****,
165,郭清華,107年直轄市議員選舉,首次申報,1071030,個人捐贈收入,顏辰憲,D12*******,100000.00,0.00,,金錢,臺南市安南區****,06-2*****,
166,郭清華,107年直轄市議員選舉,首次申報,1071030,個人捐贈收入,顏嘉輝,D12*******,100000.00,0.00,,金錢,臺南市安南區****,06-2*****,
167,郭清華,107年直轄市議員選舉,首次申報,1071030,個人捐贈收入,莊盛裕,D12*******,30000.00,0.00,,金錢,臺南市安南區****,0917*****,
168,郭清華,107年直轄市議員選舉,首次申報,1071030,個人捐贈收入,王侯明玉,D20*******,100000.00,0.00,,金錢,臺南市永康區****,06-2*****,
169,郭清華,107年直轄市議員選舉,首次申報,1071030,個人捐贈收入,黃寶月,D22*******,80000.00,0.00,,金錢,臺南市安南區****,06-2*****,
170,郭清華,107年直轄市議員選舉,首次申報,1071030,個人捐贈收入,李登財,Q12*******,100000.00,0.00,,金錢,臺南市安平區****,0929*****,
171,郭清華,107年直轄市議員選舉,首次申報,1071030,個人捐贈收入,莊永長,Q12*******,30000.00,0.00,,金錢,臺南市安南區****,06-2*****,
172,郭清華,107年直轄市議員選舉,首次申報,1071031,個人捐贈收入,王仕元,,10000.00,0.00,,金錢,臺南市安南區****,06-2*****,
173,郭清華,107年直轄市議員選舉,首次申報,1071031,營利事業捐贈收入,良勳建設有限公司,97359094,300000.00,0.00,,金錢,臺南市安南區****,06-2*****,
174,郭清華,107年直轄市議員選舉,首次申報,1071031,個人捐贈收入,江瑞源,M10*******,100000.00,0.00,,金錢,臺中市太平區****,0422*****,
175,郭清華,107年直轄市議員選舉,首次申報,1071031,個人捐贈收入,張玉鳳,R20*******,100000.00,0.00,,金錢,臺中市太平區****,04-2*****,
176,郭清華,107年直轄市議員選舉,首次申報,1071101,個人捐贈收入,謝澄日,,30000.00,0.00,,金錢,臺南市南區大****,06-2*****,
177,郭清華,107年直轄市議員選舉,首次申報,1071101,個人捐贈收入,林佩清,D22*******,20000.00,0.00,,金錢,臺南市安南區****,0960*****,
178,郭清華,107年直轄市議員選舉,首次申報,1071101,個人捐贈收入,劉靜江,E22*******,30000.00,0.00,,金錢,臺南市西港區****,0931*****,
179,郭清華,107年直轄市議員選舉,首次申報,1071102,個人捐贈收入,吳良武,,10000.00,0.00,,金錢,臺南市安南區****,0928*****,
180,郭清華,107年直轄市議員選舉,首次申報,1071102,個人捐贈收入,郭建麟,D12*******,50000.00,0.00,,金錢,臺南市安南區****,0915*****,
181,郭清華,107年直轄市議員選舉,首次申報,1071102,個人捐贈收入,郭金安,L10*******,32000.00,0.00,,金錢,臺南市安南區****,0932*****,
182,郭清華,107年直轄市議員選舉,首次申報,1071103,個人捐贈收入,王界源,,30000.00,0.00,,金錢,新北市泰山區****,02-2*****,
183,郭清華,107年直轄市議員選舉,首次申報,1071103,個人捐贈收入,吳清菊,,6000.00,0.00,,金錢,臺南市安南區****,06-2*****,
184,郭清華,107年直轄市議員選舉,首次申報,1071104,個人捐贈收入,方妤涵,,20000.00,0.00,,金錢,臺南市西港區****,0958*****,
185,郭清華,107年直轄市議員選舉,首次申報,1071104,個人捐贈收入,周川長,,10000.00,0.00,,金錢,臺南市安南區****,0960*****,
186,郭清華,107年直轄市議員選舉,首次申報,1071104,個人捐贈收入,李義彬,,12000.00,0.00,,金錢,臺南市東區富****,0920*****,
187,郭清華,107年直轄市議員選舉,首次申報,1071104,個人捐贈收入,李瑞敏,E12*******,60000.00,0.00,,金錢,高雄市鳳山區****,,
188,郭清華,107年直轄市議員選舉,首次申報,1071104,個人捐贈收入,李瑞祥,E12*******,60000.00,0.00,,金錢,高雄市鳳山區****,,
189,郭清華,107年直轄市議員選舉,首次申報,1071104,個人捐贈收入,楊志凱,P12*******,100000.00,0.00,,金錢,雲林縣土庫鎮****,,
190,郭清華,107年直轄市議員選舉,首次申報,1071104,個人捐贈收入,楊志皓,P12*******,30000.00,0.00,,金錢,雲林縣土庫鎮****,,
191,郭清華,107年直轄市議員選舉,首次申報,1071104,個人捐贈收入,楊進松,P12*******,100000.00,0.00,,金錢,雲林縣古坑鄉****,,
192,郭清華,107年直轄市議員選舉,首次申報,1071104,個人捐贈收入,劉阿滿,P22*******,100000.00,0.00,,金錢,雲林縣土庫鎮****,,
193,郭清華,107年直轄市議員選舉,首次申報,1071104,個人捐贈收入,顏周聰,T12*******,75000.00,0.00,,金錢,屏東縣高樹鄉****,,
194,郭清華,107年直轄市議員選舉,首次申報,1071104,個人捐贈收入,顏添能,T12*******,75000.00,0.00,,金錢,屏東縣里港鄉****,,
195,郭清華,107年直轄市議員選舉,首次申報,1071105,個人捐贈收入,董丁貴,,5000.00,0.00,,金錢,臺南市安南區****,06-2*****,
196,郭清華,107年直轄市議員選舉,首次申報,1071105,個人捐贈收入,陳榮敏,,20000.00,0.00,,金錢,臺南市中西區****,06-2*****,
197,郭清華,107年直轄市議員選舉,首次申報,1071105,個人捐贈收入,黃木能,,20000.00,0.00,,金錢,臺南市安南區****,06-2*****,
198,郭清華,107年直轄市議員選舉,首次申報,1071105,營利事業捐贈收入,瑞眾國際租賃有限公司,27381381,100000.00,0.00,,金錢,臺南市中西區****,,
199,郭清華,107年直轄市議員選舉,首次申報,1071105,營利事業捐贈收入,瑞達汽車股份有限公司,53066901,100000.00,0.00,,金錢,雲林縣斗南鎮****,,
200,郭清華,107年直轄市議員選舉,首次申報,1071105,營利事業捐贈收入,佳新鈴木汽車股份有限公司,53166937,100000.00,0.00,,金錢,臺南市東區崇****,,
201,郭清華,107年直轄市議員選舉,首次申報,1071105,營利事業捐贈收入,瑞特汽車股份有限公司,80332500,200000.00,0.00,,金錢,臺南市永康區****,,
202,郭清華,107年直轄市議員選舉,首次申報,1071106,個人捐贈收入,張三和,,3600.00,0.00,,金錢,臺南市安南區****,06-2*****,
203,郭清華,107年直轄市議員選舉,首次申報,1071106,個人捐贈收入,鄭國,D12*******,100000.00,0.00,,金錢,臺南市北區小****,,
204,郭清華,107年直轄市議員選舉,首次申報,1071106,個人捐贈收入,盛楚雄,D12*******,100000.00,0.00,,金錢,臺南市永康區****,,
205,郭清華,107年直轄市議員選舉,首次申報,1071106,個人捐贈收入,鄭玉枝,D22*******,100000.00,0.00,,金錢,臺中市北屯區****,,
206,郭清華,107年直轄市議員選舉,首次申報,1071106,個人捐贈收入,王莉惠,P22*******,50000.00,0.00,,金錢,臺南市安南區****,,
207,郭清華,107年直轄市議員選舉,首次申報,1071106,個人捐贈收入,康智淵,R12*******,100000.00,0.00,,金錢,臺南市東區中****,,
208,郭清華,107年直轄市議員選舉,首次申報,1071106,個人捐贈收入,康旭雅,R22*******,50000.00,0.00,,金錢,臺南市東區中****,,
209,郭清華,107年直轄市議員選舉,首次申報,1071109,個人捐贈收入,陳昱成,,16500.00,0.00,,金錢,臺南市安南區****,06-2*****,
210,郭清華,107年直轄市議員選舉,首次申報,1071109,個人捐贈收入,林淑慧,A22*******,100000.00,0.00,,金錢,臺南市北區和****,,
211,郭清華,107年直轄市議員選舉,首次申報,1071109,個人捐贈收入,李素華,D20*******,20000.00,0.00,,金錢,臺南市安南區****,,
212,郭清華,107年直轄市議員選舉,首次申報,1071110,個人捐贈收入,林琦峯,,1000.00,0.00,,金錢,臺南市安南區****,,
213,郭清華,107年直轄市議員選舉,首次申報,1071111,個人捐贈收入,郭月娥,,6000.00,0.00,,金錢,臺南市安南區****,06-2*****,
214,郭清華,107年直轄市議員選舉,首次申報,1071111,營利事業捐贈收入,升富營造有限公司,96884330,100000.00,0.00,,金錢,臺南市佳里區****,,
215,郭清華,107年直轄市議員選舉,首次申報,1071111,個人捐贈收入,王明山,D12*******,50000.00,0.00,,金錢,臺南市安南區****,,
216,郭清華,107年直轄市議員選舉,首次申報,1071112,個人捐贈收入,蘇慶維,,6000.00,0.00,,金錢,臺南市安南區****,,
217,郭清華,107年直轄市議員選舉,首次申報,1071112,個人捐贈收入,鍾嘉村,,6000.00,0.00,,金錢,臺南市安平區****,06-2*****,
218,郭清華,107年直轄市議員選舉,首次申報,1071112,個人捐贈收入,謝宗益,D12*******,20000.00,0.00,,金錢,臺南市安南區****,,
219,郭清華,107年直轄市議員選舉,首次申報,1071113,個人捐贈收入,郭建榮,,10000.00,0.00,,金錢,臺南市中西區****,06-2*****,
220,郭清華,107年直轄市議員選舉,首次申報,1071113,個人捐贈收入,黃水結,,10000.00,0.00,,金錢,臺南市安南區****,,
221,郭清華,107年直轄市議員選舉,首次申報,1071114,個人捐贈收入,蔡秋琴,,10000.00,0.00,,金錢,臺北市內湖區****,0910*****,
222,郭清華,107年直轄市議員選舉,首次申報,1071115,個人捐贈收入,林覺偉,D12*******,100000.00,0.00,,金錢,臺南市安平區****,06-2*****,
223,郭清華,107年直轄市議員選舉,首次申報,1071117,匿名捐贈,匿名,,6000.00,0.00,,金錢,,,
224,郭清華,107年直轄市議員選舉,首次申報,1071119,個人捐贈收入,曾椿深,,10000.00,0.00,,金錢,臺南市安南區****,0960*****,
225,郭清華,107年直轄市議員選舉,首次申報,1071120,個人捐贈收入,翁明耀,,20000.00,0.00,,金錢,臺南市安南區****,06-2*****,
226,郭清華,107年直轄市議員選舉,首次申報,1071121,個人捐贈收入,黃合成,,6000.00,0.00,,金錢,臺南市安南區****,,
227,郭清華,107年直轄市議員選舉,首次申報,1071121,個人捐贈收入,楊憲政,,3000.00,0.00,,金錢,臺南市安南區****,,
228,郭清華,107年直轄市議員選舉,首次申報,1071122,個人捐贈收入,丁俊仁,,30000.00,0.00,,金錢,臺南市安南區****,06-2*****,
229,郭清華,107年直轄市議員選舉,首次申報,1071122,個人捐贈收入,鄭溪州,,10000.00,0.00,,金錢,臺南市安南區****,06-2*****,
230,郭清華,107年直轄市議員選舉,首次申報,1071123,個人捐贈收入,李奕明,,2000.00,0.00,,金錢,臺南市安南區****,,
231,郭清華,107年直轄市議員選舉,首次申報,1071123,人民團體捐贈收入,台南市洗染業職業工會,,2000.00,0.00,,金錢,台南市大埔街****,06-2*****,
232,郭清華,107年直轄市議員選舉,首次申報,1071221,其他收入,利息收入,,197.00,0.00,,金錢,,,
