﻿序號,擬參選人／政黨,選舉名稱,申報序號／年度,交易日期,收支科目,捐贈者／支出對象,身分證／統一編號,收入金額,支出金額,支出用途,金錢類,地址,聯絡電話,資料更正日期
1,林聖爵,107年鄉(鎮、市)長選舉,首次申報,1071015,宣傳支出,新振華印刷,47400251,0.00,117200.00,製作宣傳廣告支出,金錢,雲林縣斗六市****,,
2,林聖爵,107年鄉(鎮、市)長選舉,首次申報,1071023,宣傳支出,冠誠企業社,20044765,0.00,61500.00,製作競選物品支出（物品名稱-DM）,金錢,雲林縣斗六市****,,
3,林聖爵,107年鄉(鎮、市)長選舉,首次申報,1071030,宣傳支出,新振華印刷,47400251,0.00,165000.00,製作競選物品支出（物品名稱-上衣）,金錢,雲林縣斗六市****,,
4,林聖爵,107年鄉(鎮、市)長選舉,首次申報,1071103,雜支支出,同發商行,63098109,0.00,12000.00,餐飲費用(L桶裝水),金錢,雲林縣斗六市****,,
5,林聖爵,107年鄉(鎮、市)長選舉,首次申報,1071110,雜支支出,宏育企業社,15590187,0.00,9000.00,雜項購置或修繕費用,金錢,雲林縣斗六市****,,
6,林聖爵,107年鄉(鎮、市)長選舉,首次申報,1071115,宣傳支出,新振華印刷,47400251,0.00,315000.00,製作競選物品支出（物品名稱-扇子）,金錢,雲林縣斗六市****,,
7,林聖爵,107年鄉(鎮、市)長選舉,首次申報,1071123,雜支支出,金明水電行,08772471,0.00,7800.00,雜項購置或修繕費用,金錢,雲林縣斗六市****,,
8,林聖爵,107年鄉(鎮、市)長選舉,首次申報,1071123,集會支出,世全餐飲企業,45365052,0.00,22500.00,餐飲支出,金錢,雲林縣斗六市****,,
9,林聖爵,107年鄉(鎮、市)長選舉,首次申報,1071123,宣傳支出,曾記企業社,99666013,0.00,48000.00,製作宣傳廣告支出,金錢,雲林縣斗六市****,,
