﻿序號,擬參選人／政黨,選舉名稱,申報序號／年度,交易日期,收支科目,捐贈者／支出對象,身分證／統一編號,收入金額,支出金額,支出用途,金錢類,地址,聯絡電話,資料更正日期
1,呂秀蘭,107年鄉(鎮、市)民代表選舉,首次申報,1071112,個人捐贈收入,林明鎮,,2000.00,0.00,,金錢,屏東縣春日鄉****,08-8*****,
2,呂秀蘭,107年鄉(鎮、市)民代表選舉,首次申報,1071112,個人捐贈收入,徐美賢,,1000.00,0.00,,金錢,屏東縣春日鄉****,08-8*****,
3,呂秀蘭,107年鄉(鎮、市)民代表選舉,首次申報,1071112,個人捐贈收入,呂清樺,,2000.00,0.00,,金錢,屏東縣春日鄉****,,
4,呂秀蘭,107年鄉(鎮、市)民代表選舉,首次申報,1071112,個人捐贈收入,王秀月,,1000.00,0.00,,金錢,屏東縣春日鄉****,0985*****,
5,呂秀蘭,107年鄉(鎮、市)民代表選舉,首次申報,1071112,個人捐贈收入,莊春生,,1000.00,0.00,,金錢,屏東縣春日鄉****,,
6,呂秀蘭,107年鄉(鎮、市)民代表選舉,首次申報,1071112,個人捐贈收入,高美玲,,1000.00,0.00,,金錢,屏東縣春日鄉****,,
7,呂秀蘭,107年鄉(鎮、市)民代表選舉,首次申報,1071112,個人捐贈收入,葉成泉,,2000.00,0.00,,金錢,屏東縣春日鄉****,,
8,呂秀蘭,107年鄉(鎮、市)民代表選舉,首次申報,1071112,個人捐贈收入,王進成,,2000.00,0.00,,金錢,屏東縣春日鄉****,,
9,呂秀蘭,107年鄉(鎮、市)民代表選舉,首次申報,1071112,個人捐贈收入,王聰明,,5000.00,0.00,,金錢,屏東縣春日鄉****,,
10,呂秀蘭,107年鄉(鎮、市)民代表選舉,首次申報,1071112,個人捐贈收入,潘仁偉,,1000.00,0.00,,金錢,屏東縣春日鄉****,,
11,呂秀蘭,107年鄉(鎮、市)民代表選舉,首次申報,1071112,個人捐贈收入,柯秀華,,1000.00,0.00,,金錢,屏東縣春日鄉****,,
12,呂秀蘭,107年鄉(鎮、市)民代表選舉,首次申報,1071112,個人捐贈收入,曾忠孝,,1000.00,0.00,,金錢,屏東縣春日鄉****,,
13,呂秀蘭,107年鄉(鎮、市)民代表選舉,首次申報,1071112,個人捐贈收入,伍恩賜,,1200.00,0.00,,金錢,屏東縣春日鄉****,,
14,呂秀蘭,107年鄉(鎮、市)民代表選舉,首次申報,1071112,個人捐贈收入,謝佳恩,,1000.00,0.00,,金錢,屏東縣春日鄉****,,
15,呂秀蘭,107年鄉(鎮、市)民代表選舉,首次申報,1071112,個人捐贈收入,蔡春枝,,2000.00,0.00,,金錢,屏東縣春日鄉****,,
16,呂秀蘭,107年鄉(鎮、市)民代表選舉,首次申報,1071112,個人捐贈收入,曾伍芳,,1000.00,0.00,,金錢,屏東縣春日鄉****,,
17,呂秀蘭,107年鄉(鎮、市)民代表選舉,首次申報,1071112,個人捐贈收入,盧水花,,1000.00,0.00,,金錢,屏東縣春日鄉****,,
18,呂秀蘭,107年鄉(鎮、市)民代表選舉,首次申報,1071112,個人捐贈收入,高萬福,,1000.00,0.00,,金錢,屏東縣春日鄉****,,
19,呂秀蘭,107年鄉(鎮、市)民代表選舉,首次申報,1071112,個人捐贈收入,楊清己,,1000.00,0.00,,金錢,屏東縣春日鄉****,,
20,呂秀蘭,107年鄉(鎮、市)民代表選舉,首次申報,1071112,個人捐贈收入,劉金枝,,1200.00,0.00,,金錢,屏東縣春日鄉****,,
21,呂秀蘭,107年鄉(鎮、市)民代表選舉,首次申報,1071112,個人捐贈收入,潘保樂,,1000.00,0.00,,金錢,屏東縣春日鄉****,,
22,呂秀蘭,107年鄉(鎮、市)民代表選舉,首次申報,1071112,個人捐贈收入,甫美秀,,3000.00,0.00,,金錢,屏東縣春日鄉****,,
23,呂秀蘭,107年鄉(鎮、市)民代表選舉,首次申報,1071112,個人捐贈收入,尤何秀珠,,2000.00,0.00,,金錢,屏東縣春日鄉****,0911*****,
24,呂秀蘭,107年鄉(鎮、市)民代表選舉,首次申報,1071112,個人捐贈收入,劉銘傳,,2000.00,0.00,,金錢,屏東縣春日鄉****,,
25,呂秀蘭,107年鄉(鎮、市)民代表選舉,首次申報,1071112,個人捐贈收入,何太義,,1000.00,0.00,,金錢,屏東縣春日鄉****,,
26,呂秀蘭,107年鄉(鎮、市)民代表選舉,首次申報,1071112,個人捐贈收入,曾琇茹,,1000.00,0.00,,金錢,屏東縣春日鄉****,0970*****,
27,呂秀蘭,107年鄉(鎮、市)民代表選舉,首次申報,1071112,個人捐贈收入,柯秀英,,2000.00,0.00,,金錢,屏東縣春日鄉****,,
28,呂秀蘭,107年鄉(鎮、市)民代表選舉,首次申報,1071112,個人捐贈收入,甫慶花,,2000.00,0.00,,金錢,屏東縣春日鄉****,0980*****,
29,呂秀蘭,107年鄉(鎮、市)民代表選舉,首次申報,1071112,個人捐贈收入,徐義諒,,2000.00,0.00,,金錢,屏東縣春日鄉****,08-8*****,
30,呂秀蘭,107年鄉(鎮、市)民代表選舉,首次申報,1071112,個人捐贈收入,陳美玉,,1000.00,0.00,,金錢,屏東縣春日鄉****,,
31,呂秀蘭,107年鄉(鎮、市)民代表選舉,首次申報,1071112,個人捐贈收入,吳桂梧,,1000.00,0.00,,金錢,屏東縣春日鄉****,,
32,呂秀蘭,107年鄉(鎮、市)民代表選舉,首次申報,1071112,個人捐贈收入,柯秀蘭,,1200.00,0.00,,金錢,屏東縣春日鄉****,,
33,呂秀蘭,107年鄉(鎮、市)民代表選舉,首次申報,1071112,個人捐贈收入,羅陳春梅,,2000.00,0.00,,金錢,屏東縣春日鄉****,,
34,呂秀蘭,107年鄉(鎮、市)民代表選舉,首次申報,1071112,個人捐贈收入,蔡玉枝,,2000.00,0.00,,金錢,屏東縣來義鄉****,,
35,呂秀蘭,107年鄉(鎮、市)民代表選舉,首次申報,1071112,個人捐贈收入,徐貴,,1000.00,0.00,,金錢,屏東縣春日鄉****,,
36,呂秀蘭,107年鄉(鎮、市)民代表選舉,首次申報,1071112,個人捐贈收入,趙萬春,,1000.00,0.00,,金錢,屏東縣春日鄉****,,
37,呂秀蘭,107年鄉(鎮、市)民代表選舉,首次申報,1071112,個人捐贈收入,李政森,,2000.00,0.00,,金錢,屏東縣春日鄉****,,
38,呂秀蘭,107年鄉(鎮、市)民代表選舉,首次申報,1071112,個人捐贈收入,鄞美瑛,,1000.00,0.00,,金錢,屏東縣春日鄉****,0927*****,
39,呂秀蘭,107年鄉(鎮、市)民代表選舉,首次申報,1071112,個人捐贈收入,江秋蓮,,1000.00,0.00,,金錢,屏東縣春日鄉****,,
40,呂秀蘭,107年鄉(鎮、市)民代表選舉,首次申報,1071112,個人捐贈收入,謝家定,,1000.00,0.00,,金錢,屏東縣春日鄉****,,
41,呂秀蘭,107年鄉(鎮、市)民代表選舉,首次申報,1071112,個人捐贈收入,戴文桂,,2000.00,0.00,,金錢,屏東縣春日鄉****,,
42,呂秀蘭,107年鄉(鎮、市)民代表選舉,首次申報,1071112,個人捐贈收入,高王添福,,6000.00,0.00,,金錢,屏東縣春日鄉****,,
43,呂秀蘭,107年鄉(鎮、市)民代表選舉,首次申報,1071112,個人捐贈收入,鄭金品,,1000.00,0.00,,金錢,屏東縣春日鄉****,,
44,呂秀蘭,107年鄉(鎮、市)民代表選舉,首次申報,1071112,個人捐贈收入,方玉秀,,2000.00,0.00,,金錢,屏東縣春日鄉****,,
45,呂秀蘭,107年鄉(鎮、市)民代表選舉,首次申報,1071112,個人捐贈收入,李志豪,,1000.00,0.00,,金錢,屏東縣春日鄉****,,
46,呂秀蘭,107年鄉(鎮、市)民代表選舉,首次申報,1071112,個人捐贈收入,劉萬福,,2000.00,0.00,,金錢,屏東縣春日鄉****,,
47,呂秀蘭,107年鄉(鎮、市)民代表選舉,首次申報,1071112,個人捐贈收入,蔡春菊,,1600.00,0.00,,金錢,屏東縣春日鄉****,,
48,呂秀蘭,107年鄉(鎮、市)民代表選舉,首次申報,1071112,個人捐贈收入,蘇安心,,1000.00,0.00,,金錢,屏東縣三地門****,,
49,呂秀蘭,107年鄉(鎮、市)民代表選舉,首次申報,1071112,個人捐贈收入,陳文明,,1000.00,0.00,,金錢,屏東縣春日鄉****,,
50,呂秀蘭,107年鄉(鎮、市)民代表選舉,首次申報,1071112,個人捐贈收入,簡春福,,2000.00,0.00,,金錢,屏東縣春日鄉****,0989*****,
51,呂秀蘭,107年鄉(鎮、市)民代表選舉,首次申報,1071112,個人捐贈收入,楊文香,,3000.00,0.00,,金錢,屏東縣春日鄉****,,
52,呂秀蘭,107年鄉(鎮、市)民代表選舉,首次申報,1071112,個人捐贈收入,藍順利,,1000.00,0.00,,金錢,屏東縣春日鄉****,,
53,呂秀蘭,107年鄉(鎮、市)民代表選舉,首次申報,1071112,個人捐贈收入,甫秀花,,1000.00,0.00,,金錢,屏東縣春日鄉****,,
54,呂秀蘭,107年鄉(鎮、市)民代表選舉,首次申報,1071112,個人捐贈收入,柯文斌,,1000.00,0.00,,金錢,屏東縣春日鄉****,,
55,呂秀蘭,107年鄉(鎮、市)民代表選舉,首次申報,1071112,個人捐贈收入,陳文祥,,2000.00,0.00,,金錢,屏東縣春日鄉****,0922*****,
56,呂秀蘭,107年鄉(鎮、市)民代表選舉,首次申報,1071112,個人捐贈收入,謝孔明,,1000.00,0.00,,金錢,屏東縣春日鄉****,0920*****,
57,呂秀蘭,107年鄉(鎮、市)民代表選舉,首次申報,1071112,個人捐贈收入,李清標,,2000.00,0.00,,金錢,屏東縣春日鄉****,,
58,呂秀蘭,107年鄉(鎮、市)民代表選舉,首次申報,1071112,個人捐贈收入,戴照吉,,1200.00,0.00,,金錢,屏東縣春日鄉****,,
59,呂秀蘭,107年鄉(鎮、市)民代表選舉,首次申報,1071112,個人捐贈收入,王秋光,,1000.00,0.00,,金錢,屏東縣春日鄉****,08-8*****,
60,呂秀蘭,107年鄉(鎮、市)民代表選舉,首次申報,1071112,個人捐贈收入,陳水明,,1000.00,0.00,,金錢,屏東縣春日鄉****,,
61,呂秀蘭,107年鄉(鎮、市)民代表選舉,首次申報,1071112,個人捐贈收入,翁玉華,,1000.00,0.00,,金錢,屏東縣春日鄉****,08-8*****,
62,呂秀蘭,107年鄉(鎮、市)民代表選舉,首次申報,1071112,個人捐贈收入,李慶雄,,2000.00,0.00,,金錢,屏東縣春日鄉****,0938*****,
63,呂秀蘭,107年鄉(鎮、市)民代表選舉,首次申報,1071112,個人捐贈收入,黃淑錦,,1000.00,0.00,,金錢,屏東縣來義鄉****,,
64,呂秀蘭,107年鄉(鎮、市)民代表選舉,首次申報,1071112,個人捐贈收入,王國光,,2000.00,0.00,,金錢,屏東縣春日鄉****,,
65,呂秀蘭,107年鄉(鎮、市)民代表選舉,首次申報,1071112,個人捐贈收入,陳棋掽,,1000.00,0.00,,金錢,屏東縣春日鄉****,,
66,呂秀蘭,107年鄉(鎮、市)民代表選舉,首次申報,1071112,個人捐贈收入,余國土,,2000.00,0.00,,金錢,屏東縣春日鄉****,0981*****,
67,呂秀蘭,107年鄉(鎮、市)民代表選舉,首次申報,1071112,個人捐贈收入,謝賢德,,3000.00,0.00,,金錢,屏東縣潮州鎮****,,
68,呂秀蘭,107年鄉(鎮、市)民代表選舉,首次申報,1071112,個人捐贈收入,王麗月,,2000.00,0.00,,金錢,屏東縣春日鄉****,08-8*****,
69,呂秀蘭,107年鄉(鎮、市)民代表選舉,首次申報,1071112,個人捐贈收入,鍾秀花,,1000.00,0.00,,金錢,屏東縣春日鄉****,08-8*****,
70,呂秀蘭,107年鄉(鎮、市)民代表選舉,首次申報,1071112,個人捐贈收入,王秀花,,1000.00,0.00,,金錢,屏東縣春日鄉****,08-8*****,
71,呂秀蘭,107年鄉(鎮、市)民代表選舉,首次申報,1071112,個人捐贈收入,傅梅珠,,1000.00,0.00,,金錢,屏東縣春日鄉****,08-8*****,
72,呂秀蘭,107年鄉(鎮、市)民代表選舉,首次申報,1071112,個人捐贈收入,徐美玉,,1000.00,0.00,,金錢,屏東縣春日鄉****,08-8*****,
73,呂秀蘭,107年鄉(鎮、市)民代表選舉,首次申報,1071112,個人捐贈收入,陳太寶,,1000.00,0.00,,金錢,屏東縣春日鄉****,08-8*****,
74,呂秀蘭,107年鄉(鎮、市)民代表選舉,首次申報,1071112,個人捐贈收入,陳貴,,1000.00,0.00,,金錢,屏東縣春日鄉****,,
75,呂秀蘭,107年鄉(鎮、市)民代表選舉,首次申報,1071112,個人捐贈收入,柯麗玉,,1000.00,0.00,,金錢,屏東縣春日鄉****,08-8*****,
