﻿序號,擬參選人／政黨,選舉名稱,申報序號／年度,交易日期,收支科目,捐贈者／支出對象,身分證／統一編號,收入金額,支出金額,支出用途,金錢類,地址,聯絡電話,資料更正日期
1,楊秀玉,107年鄉(鎮、市)長選舉,首次申報,1070928,個人捐贈收入,黃麗雪,A22*******,20000.00,0.00,,金錢,嘉義縣鹿草鄉****,05-3*****,
2,楊秀玉,107年鄉(鎮、市)長選舉,首次申報,1070928,個人捐贈收入,李清枝,Q10*******,20000.00,0.00,,金錢,嘉義縣鹿草鄉****,0936*****,
3,楊秀玉,107年鄉(鎮、市)長選舉,首次申報,1070928,個人捐贈收入,黃樹明,Q10*******,20000.00,0.00,,金錢,嘉義縣鹿草鄉****,0937*****,
4,楊秀玉,107年鄉(鎮、市)長選舉,首次申報,1070928,個人捐贈收入,林啓和,Q10*******,20000.00,0.00,,金錢,嘉義縣鹿草鄉****,0937*****,
5,楊秀玉,107年鄉(鎮、市)長選舉,首次申報,1070928,個人捐贈收入,黃家昌,Q10*******,20000.00,0.00,,金錢,嘉義縣鹿草鄉****,0910*****,
6,楊秀玉,107年鄉(鎮、市)長選舉,首次申報,1070928,個人捐贈收入,蔡遜卿,Q10*******,20000.00,0.00,,金錢,嘉義縣鹿草鄉****,0935*****,
7,楊秀玉,107年鄉(鎮、市)長選舉,首次申報,1070928,個人捐贈收入,雷瑞祥,Q10*******,20000.00,0.00,,金錢,嘉義縣鹿草鄉****,0921*****,
8,楊秀玉,107年鄉(鎮、市)長選舉,首次申報,1070928,個人捐贈收入,陳福源,Q12*******,20000.00,0.00,,金錢,嘉義縣鹿草鄉****,05-3*****,
9,楊秀玉,107年鄉(鎮、市)長選舉,首次申報,1070928,個人捐贈收入,陳信同,Q12*******,20000.00,0.00,,金錢,嘉義縣鹿草鄉****,0928*****,
10,楊秀玉,107年鄉(鎮、市)長選舉,首次申報,1070928,個人捐贈收入,翁秀琴,Q20*******,20000.00,0.00,,金錢,嘉義縣鹿草鄉****,0988*****,
11,楊秀玉,107年鄉(鎮、市)長選舉,首次申報,1070928,個人捐贈收入,黃寶快,Q22*******,20000.00,0.00,,金錢,嘉義縣鹿草鄉****,0928*****,
12,楊秀玉,107年鄉(鎮、市)長選舉,首次申報,1070928,個人捐贈收入,張亞涵,Q22*******,20000.00,0.00,,金錢,嘉義縣鹿草鄉****,0933*****,
13,楊秀玉,107年鄉(鎮、市)長選舉,首次申報,1071004,營利事業捐贈收入,立禾機電,96868182,20000.00,0.00,,金錢,嘉義縣太保市****,0927*****,
14,楊秀玉,107年鄉(鎮、市)長選舉,首次申報,1071004,個人捐贈收入,蔡協良,Q12*******,20000.00,0.00,,金錢,嘉義縣鹿草鄉****,0928*****,
15,楊秀玉,107年鄉(鎮、市)長選舉,首次申報,1071004,個人捐贈收入,廖明員,Q12*******,20000.00,0.00,,金錢,嘉義縣鹿草鄉****,0921*****,
16,楊秀玉,107年鄉(鎮、市)長選舉,首次申報,1071004,個人捐贈收入,蔡銘泉,R10*******,20000.00,0.00,,金錢,嘉義縣太保市****,0927*****,
17,楊秀玉,107年鄉(鎮、市)長選舉,首次申報,1071009,個人捐贈收入,楊金山,Q10*******,20000.00,0.00,,金錢,嘉義縣鹿草鄉****,0919*****,
18,楊秀玉,107年鄉(鎮、市)長選舉,首次申報,1071009,個人捐贈收入,李永山,Q10*******,20000.00,0.00,,金錢,嘉義縣鹿草鄉****,0933*****,
19,楊秀玉,107年鄉(鎮、市)長選舉,首次申報,1071009,個人捐贈收入,黃月昭,Q22*******,20000.00,0.00,,金錢,嘉義縣鹿草鄉****,0932*****,
