﻿序號,擬參選人／政黨,選舉名稱,申報序號／年度,交易日期,收支科目,捐贈者／支出對象,身分證／統一編號,收入金額,支出金額,支出用途,金錢類,地址,聯絡電話,資料更正日期
1,林錫明,107年縣(市)議員選舉,首次申報,1071029,營利事業捐贈收入,陞展營造有限公司,16671530,100000.00,0.00,,金錢,宜蘭市中山路****,,
2,林錫明,107年縣(市)議員選舉,首次申報,1071029,營利事業捐贈收入,有朋會館,42001678,50000.00,0.00,,金錢,宜蘭縣礁溪鄉****,,
3,林錫明,107年縣(市)議員選舉,首次申報,1071029,營利事業捐贈收入,台灣優龍建材有限公司,97049818,10000.00,0.00,,金錢,桃園縣八德市****,,
4,林錫明,107年縣(市)議員選舉,首次申報,1071029,個人捐贈收入,林文華,G10*******,6000.00,0.00,,金錢,宜蘭市崇聖街****,,
5,林錫明,107年縣(市)議員選舉,首次申報,1071101,營利事業捐贈收入,顏昌興業有限公司,23692048,1600.00,0.00,,金錢,台中市豐原區****,,
6,林錫明,107年縣(市)議員選舉,首次申報,1071101,營利事業捐贈收入,全信製藥有限公司,40064253,3000.00,0.00,,金錢,宜蘭市力行路****,,
7,林錫明,107年縣(市)議員選舉,首次申報,1071108,營利事業捐贈收入,金是金股份有限公司,27855107,30000.00,0.00,,金錢,宜蘭縣員山鄉****,,
8,林錫明,107年縣(市)議員選舉,首次申報,1071115,個人捐贈收入,謝立賢,G12*******,100000.00,0.00,,金錢,宜蘭市南橋二****,,
9,林錫明,107年縣(市)議員選舉,首次申報,1071119,營利事業捐贈收入,永記造漆工業股份有限公司,75137605,200000.00,0.00,,金錢,高雄市沿海路****,,
10,林錫明,107年縣(市)議員選舉,首次申報,1071120,個人捐贈收入,陳麗能,G22*******,10000.00,0.00,,金錢,宜蘭縣員山鄉****,,
11,林錫明,107年縣(市)議員選舉,首次申報,1071217,其他收入,利息收入,,12.00,0.00,,金錢,,,
