﻿序號,擬參選人／政黨,選舉名稱,申報序號／年度,交易日期,收支科目,捐贈者／支出對象,身分證／統一編號,收入金額,支出金額,支出用途,金錢類,地址,聯絡電話,資料更正日期
1,吳琪銘,109年立法委員選舉,首次申報,1080918,政黨捐贈收入,民主進步黨,政黨證字第16號,1000000.00,0.00,,金錢,台北市北平東****,(02)*****,
2,吳琪銘,109年立法委員選舉,首次申報,1080925,營利事業捐贈收入,良瑋纖維股份有限公司,07702646,1000000.00,0.00,,金錢,臺北市大同區****,5596*****,
3,吳琪銘,109年立法委員選舉,首次申報,1080925,個人捐贈收入,謝志堅,N12*******,100000.00,0.00,,金錢,新北市樹林區****,0970*****,
4,吳琪銘,109年立法委員選舉,首次申報,1080925,個人捐贈收入,沈宜臻,N22*******,100000.00,0.00,,金錢,新北市樹林區****,0970*****,
5,吳琪銘,109年立法委員選舉,首次申報,1080926,個人捐贈收入,辜清男,K12*******,50000.00,0.00,,金錢,苗栗縣後龍鎮****,0935*****,
6,吳琪銘,109年立法委員選舉,首次申報,1081104,營利事業捐贈收入,欣毅金屬工業股份有限公司,22278802,10000.00,0.00,,金錢,新北市土城區****,02-2*****,
7,吳琪銘,109年立法委員選舉,首次申報,1081105,個人捐贈收入,許閎智,A12*******,20000.00,0.00,,金錢,臺北市大安區****,0933*****,
8,吳琪銘,109年立法委員選舉,首次申報,1081105,個人捐贈收入,黃麗娟,Q20*******,100000.00,0.00,,金錢,新北市新店區****,0933*****,
9,吳琪銘,109年立法委員選舉,首次申報,1081107,個人捐贈收入,陳正忠,F12*******,100000.00,0.00,,金錢,新北市板橋區****,0933*****,
10,吳琪銘,109年立法委員選舉,首次申報,1081107,個人捐贈收入,華素真,F22*******,100000.00,0.00,,金錢,新北市土城區****,0911*****,
11,吳琪銘,109年立法委員選舉,首次申報,1081111,營利事業捐贈收入,大慶票券金融股份有限公司,97172915,200000.00,0.00,,金錢,臺北市中山區****,02-2*****,
12,吳琪銘,109年立法委員選舉,首次申報,1081112,個人捐贈收入,林寬政,F12*******,50000.00,0.00,,金錢,新北市土城區****,0920*****,
13,吳琪銘,109年立法委員選舉,首次申報,1081114,營利事業捐贈收入,福海輪胎企業有限公司,28075537,100000.00,0.00,,金錢,新北市瑞芳區****,02-2*****,
14,吳琪銘,109年立法委員選舉,首次申報,1081119,個人捐贈收入,邱田,H10*******,2000.00,0.00,,金錢,新北市土城區****,0922*****,
15,吳琪銘,109年立法委員選舉,首次申報,1081122,營利事業捐贈收入,萬豐行有限公司,54730428,12000.00,0.00,,金錢,新北市板橋區****,02-2*****,
16,吳琪銘,109年立法委員選舉,首次申報,1081122,個人捐贈收入,吳啟明,A10*******,20000.00,0.00,,金錢,新北市中和區****,0952*****,
17,吳琪銘,109年立法委員選舉,首次申報,1081122,個人捐贈收入,張松,A10*******,100000.00,0.00,,金錢,臺北市松山區****,02-2*****,
18,吳琪銘,109年立法委員選舉,首次申報,1081122,個人捐贈收入,張崑裕,A12*******,100000.00,0.00,,金錢,臺北市中山區****,02-2*****,
19,吳琪銘,109年立法委員選舉,首次申報,1081122,個人捐贈收入,陳志昇,F12*******,100000.00,0.00,,金錢,新北市土城區****,0975*****,
20,吳琪銘,109年立法委員選舉,首次申報,1081122,個人捐贈收入,王大維,F12*******,100000.00,0.00,,金錢,新北市土城區****,0928*****,
21,吳琪銘,109年立法委員選舉,首次申報,1081122,個人捐贈收入,游智強,F12*******,30000.00,0.00,,金錢,桃園市桃園區****,0965*****,
22,吳琪銘,109年立法委員選舉,首次申報,1081122,個人捐贈收入,石智青,L12*******,100000.00,0.00,,金錢,臺中市龍井區****,0939*****,
23,吳琪銘,109年立法委員選舉,首次申報,1081122,個人捐贈收入,吳賜陸,N10*******,100000.00,0.00,,金錢,臺北市士林區****,0960*****,
24,吳琪銘,109年立法委員選舉,首次申報,1081122,個人捐贈收入,張世淐,N10*******,6000.00,0.00,,金錢,新北市樹林區****,0988*****,
25,吳琪銘,109年立法委員選舉,首次申報,1081122,個人捐贈收入,吳昭宗,N12*******,3000.00,0.00,,金錢,新北市樹林區****,0926*****,
26,吳琪銘,109年立法委員選舉,首次申報,1081122,個人捐贈收入,沈石松,P10*******,3000.00,0.00,,金錢,新北市土城區****,0912*****,
27,吳琪銘,109年立法委員選舉,首次申報,1081122,個人捐贈收入,丁諒發,P12*******,100000.00,0.00,,金錢,新北市新莊區****,0910*****,
28,吳琪銘,109年立法委員選舉,首次申報,1081122,個人捐贈收入,嚴清山,P12*******,1000.00,0.00,,金錢,雲林縣水林鄉****,0921*****,
29,吳琪銘,109年立法委員選舉,首次申報,1081122,個人捐贈收入,陳志維,P12*******,100000.00,0.00,,金錢,新北市土城區****,0987*****,
30,吳琪銘,109年立法委員選舉,首次申報,1081122,個人捐贈收入,莊素珍,P20*******,10000.00,0.00,,金錢,新北市中和區****,0921*****,
31,吳琪銘,109年立法委員選舉,首次申報,1081122,個人捐贈收入,黃碧雲,P22*******,100000.00,0.00,,金錢,新北市土城區****,0911*****,
32,吳琪銘,109年立法委員選舉,首次申報,1081122,個人捐贈收入,陳茂盛,Q10*******,100000.00,0.00,,金錢,新北市土城區****,02-2*****,
33,吳琪銘,109年立法委員選舉,首次申報,1081122,個人捐贈收入,潘明義,T10*******,2000.00,0.00,,金錢,新北市土城區****,0919*****,
34,吳琪銘,109年立法委員選舉,首次申報,1081127,營利事業捐贈收入,良澔科技企業股份有限公司,84710878,1000000.00,0.00,,金錢,臺北市大同區****,02-2*****,
35,吳琪銘,109年立法委員選舉,首次申報,1081128,營利事業捐贈收入,聲寶股份有限公司,03607500,500000.00,0.00,,金錢,桃園市龜山區****,03-3*****,
36,吳琪銘,109年立法委員選舉,首次申報,1081128,營利事業捐贈收入,佑高投資股份有限公司,80015589,100000.00,0.00,,金錢,桃園市桃園區****,03-3*****,
37,吳琪銘,109年立法委員選舉,首次申報,1081129,營利事業捐贈收入,全國加油站股份有限公司,22958907,300000.00,0.00,,金錢,臺北市文山區****,2935*****,
38,吳琪銘,109年立法委員選舉,首次申報,1081129,營利事業捐贈收入,群揚建設有限公司,54032063,200000.00,0.00,,金錢,新北市板橋區****,02-8*****,
39,吳琪銘,109年立法委員選舉,首次申報,1081129,營利事業捐贈收入,龍吉堂紙品有限公司,89662349,100000.00,0.00,,金錢,新北市中和區****,02-2*****,
40,吳琪銘,109年立法委員選舉,首次申報,1081129,個人捐贈收入,劉明宗,A12*******,100000.00,0.00,,金錢,新北市石碇區****,0963*****,
41,吳琪銘,109年立法委員選舉,首次申報,1081129,個人捐贈收入,李長麟,F10*******,100000.00,0.00,,金錢,臺北市松山區****,02-2*****,
42,吳琪銘,109年立法委員選舉,首次申報,1081129,個人捐贈收入,李祥麟(北一文理補習班),F10*******,100000.00,0.00,,金錢,臺北市大安區****,02-2*****,
43,吳琪銘,109年立法委員選舉,首次申報,1081129,個人捐贈收入,邱金龍,F10*******,20000.00,0.00,,金錢,新北市三峽區****,0939*****,
44,吳琪銘,109年立法委員選舉,首次申報,1081129,個人捐贈收入,林恩億,F12*******,100000.00,0.00,,金錢,新北市中和區****,9378*****,
45,吳琪銘,109年立法委員選舉,首次申報,1081129,個人捐贈收入,呂政道,F12*******,10000.00,0.00,,金錢,新北市三峽區****,0912*****,
46,吳琪銘,109年立法委員選舉,首次申報,1081129,個人捐贈收入,陳肇宗,F12*******,66000.00,0.00,,金錢,新北市三峽區****,0920*****,
47,吳琪銘,109年立法委員選舉,首次申報,1081129,個人捐贈收入,傅文濱,F12*******,100000.00,0.00,,金錢,新北市三峽區****,0932*****,
48,吳琪銘,109年立法委員選舉,首次申報,1081129,個人捐贈收入,秦志慧,F22*******,2000.00,0.00,,金錢,新北市三峽區****,0930*****,
49,吳琪銘,109年立法委員選舉,首次申報,1081129,個人捐贈收入,林文雯,F22*******,100000.00,0.00,,金錢,新北市中和區****,0922*****,
50,吳琪銘,109年立法委員選舉,首次申報,1081129,個人捐贈收入,黃資容,F22*******,500.00,0.00,,金錢,新北市三峽區****,02-8*****,
51,吳琪銘,109年立法委員選舉,首次申報,1081129,個人捐贈收入,林正雄,N12*******,100000.00,0.00,,金錢,臺北市大安區****,0928*****,
52,吳琪銘,109年立法委員選舉,首次申報,1081129,個人捐贈收入,林富章,R12*******,500.00,0.00,,金錢,新北市三峽區****,0955*****,
53,吳琪銘,109年立法委員選舉,首次申報,1081202,營利事業捐贈收入,大山瀝青拌合廠股份有限公司,30909562,500000.00,0.00,,金錢,新北市鶯歌區****,02-2*****,
54,吳琪銘,109年立法委員選舉,首次申報,1081202,個人捐贈收入,吳長慶,N12*******,100000.00,0.00,,金錢,新北市板橋區****,0925*****,
55,吳琪銘,109年立法委員選舉,首次申報,1081202,個人捐贈收入,陳雅幸,N22*******,50000.00,0.00,,金錢,新北市板橋區****,0918*****,
56,吳琪銘,109年立法委員選舉,首次申報,1081203,個人捐贈收入,黃冠裕,F12*******,100000.00,0.00,,金錢,新北市板橋區****,0938*****,
57,吳琪銘,109年立法委員選舉,首次申報,1081203,個人捐贈收入,劉明忠,F12*******,100000.00,0.00,,金錢,新北市瑞芳區****,0937*****,
58,吳琪銘,109年立法委員選舉,首次申報,1081203,個人捐贈收入,陳慶聰,F12*******,100000.00,0.00,,金錢,新北市五股區****,0903*****,
59,吳琪銘,109年立法委員選舉,首次申報,1081203,個人捐贈收入,林靜華,P22*******,100000.00,0.00,,金錢,新北市新莊區****,0958*****,
60,吳琪銘,109年立法委員選舉,首次申報,1081203,個人捐贈收入,何茂,R12*******,6000.00,0.00,,金錢,新北市鶯歌區****,0920*****,
61,吳琪銘,109年立法委員選舉,首次申報,1081206,營利事業捐贈收入,新北市三峽區農會,33015503,100000.00,0.00,,金錢,新北市三峽區****,02-2*****,
62,吳琪銘,109年立法委員選舉,首次申報,1081209,個人捐贈收入,劉建發,F10*******,10000.00,0.00,,金錢,新北市土城區****,0919*****,
63,吳琪銘,109年立法委員選舉,首次申報,1081209,個人捐贈收入,邱美雲,P20*******,1500.00,0.00,,金錢,新北市三峽區****,0919*****,
64,吳琪銘,109年立法委員選舉,首次申報,1081209,個人捐贈收入,張日昇,Q10*******,100000.00,0.00,,金錢,新北市中和區****,0937*****,
65,吳琪銘,109年立法委員選舉,首次申報,1081210,營利事業捐贈收入,信美鏡廠股份有限公司,34196171,150000.00,0.00,,金錢,新北市土城區****,02-2*****,
66,吳琪銘,109年立法委員選舉,首次申報,1081210,營利事業捐贈收入,巨昇玻璃有限公司,89656851,150000.00,0.00,,金錢,新北市土城區****,2267*****,
67,吳琪銘,109年立法委員選舉,首次申報,1081211,人民團體捐贈收入,社團法人新北市醫師公會,,50000.00,0.00,,金錢,新北市三重區****,02-2*****,
68,吳琪銘,109年立法委員選舉,首次申報,1081211,人民團體捐贈收入,社團法人臺灣省會計師公會,,100000.00,0.00,,金錢,臺北市中正區****,02-2*****,
69,吳琪銘,109年立法委員選舉,首次申報,1081211,營利事業捐贈收入,成功瀝青工業股份有限公司,12148648,60000.00,0.00,,金錢,新北市樹林區****,02-2*****,
70,吳琪銘,109年立法委員選舉,首次申報,1081211,營利事業捐贈收入,圓源企業有限公司,16133174,10000.00,0.00,,金錢,臺北市中正區****,02-3*****,
71,吳琪銘,109年立法委員選舉,首次申報,1081211,個人捐贈收入,呂明憲,D12*******,100000.00,0.00,,金錢,新北市三峽區****,02-8*****,
72,吳琪銘,109年立法委員選舉,首次申報,1081211,個人捐贈收入,呂福來,D12*******,50000.00,0.00,,金錢,新北市三峽區****,02-8*****,
73,吳琪銘,109年立法委員選舉,首次申報,1081211,個人捐贈收入,呂美嬅,D22*******,50000.00,0.00,,金錢,新北市三峽區****,02-8*****,
74,吳琪銘,109年立法委員選舉,首次申報,1081211,個人捐贈收入,陳啟能,F12*******,100000.00,0.00,,金錢,新北市三重區****,02-2*****,
75,吳琪銘,109年立法委員選舉,首次申報,1081211,個人捐贈收入,陳彥霖,F12*******,100000.00,0.00,,金錢,新北市三重區****,02-2*****,
76,吳琪銘,109年立法委員選舉,首次申報,1081211,個人捐贈收入,呂沛潔,F22*******,50000.00,0.00,,金錢,新北市三峽區****,02-8*****,
77,吳琪銘,109年立法委員選舉,首次申報,1081211,個人捐贈收入,杜瑜緣,H12*******,50000.00,0.00,,金錢,新北市三峽區****,02-8*****,
78,吳琪銘,109年立法委員選舉,首次申報,1081211,個人捐贈收入,劉瑞萍,H22*******,100000.00,0.00,,金錢,新北市三重區****,02-2*****,
79,吳琪銘,109年立法委員選舉,首次申報,1081211,個人捐贈收入,張宏浩,L12*******,100000.00,0.00,,金錢,臺中市大雅區****,0938*****,
80,吳琪銘,109年立法委員選舉,首次申報,1081211,個人捐贈收入,林振陸,N10*******,100000.00,0.00,,金錢,新北市中和區****,0911*****,
81,吳琪銘,109年立法委員選舉,首次申報,1081211,個人捐贈收入,林冠宇,P12*******,100000.00,0.00,,金錢,桃園市蘆竹區****,0988*****,
82,吳琪銘,109年立法委員選舉,首次申報,1081211,個人捐贈收入,林冠宏,P12*******,100000.00,0.00,,金錢,宜蘭縣宜蘭市****,0937*****,
83,吳琪銘,109年立法委員選舉,首次申報,1081212,營利事業捐贈收入,先進工業股份有限公司,22775034,50000.00,0.00,,金錢,新北市樹林區****,02-2*****,
84,吳琪銘,109年立法委員選舉,首次申報,1081212,個人捐贈收入,吳錦文,A10*******,2000.00,0.00,,金錢,新北市土城區****,02-8*****,
85,吳琪銘,109年立法委員選舉,首次申報,1081212,個人捐贈收入,鄭文在,A12*******,100000.00,0.00,,金錢,新北市土城區****,0935*****,
86,吳琪銘,109年立法委員選舉,首次申報,1081212,個人捐贈收入,洪李后,L20*******,12000.00,0.00,,金錢,新北市土城區****,0973*****,
87,吳琪銘,109年立法委員選舉,首次申報,1081213,營利事業捐贈收入,國泰塗料油墨股份有限公司,04346981,30000.00,0.00,,金錢,新北市土城區****,02-2*****,
88,吳琪銘,109年立法委員選舉,首次申報,1081213,營利事業捐贈收入,祥陸建設股份有限公司,27812121,300000.00,0.00,,金錢,新北市新莊區****,02-2*****,
89,吳琪銘,109年立法委員選舉,首次申報,1081213,營利事業捐贈收入,日福開發股份有限公司,28519835,100000.00,0.00,,金錢,新北市中和區****,,
90,吳琪銘,109年立法委員選舉,首次申報,1081213,個人捐贈收入,邱國桐,G10*******,60000.00,0.00,,金錢,新北市土城區****,02-2*****,
91,吳琪銘,109年立法委員選舉,首次申報,1081216,營利事業捐贈收入,高進國際實業有限公司,24367386,100000.00,0.00,,金錢,新北市三峽區****,0989*****,
92,吳琪銘,109年立法委員選舉,首次申報,1081216,營利事業捐贈收入,呷尚寶興業股份有限公司,25003074,100000.00,0.00,,金錢,新北市土城區****,02-2*****,
93,吳琪銘,109年立法委員選舉,首次申報,1081216,個人捐贈收入,曾榮鴻,H12*******,100000.00,0.00,,金錢,桃園市桃園區****,0937*****,
94,吳琪銘,109年立法委員選舉,首次申報,1081217,個人捐贈收入,楊大中,A10*******,100000.00,0.00,,金錢,新北市板橋區****,0956*****,
95,吳琪銘,109年立法委員選舉,首次申報,1081218,營利事業捐贈收入,恆美建設股份有限公司,24227169,120000.00,0.00,,金錢,臺北市信義區****,02-8*****,
96,吳琪銘,109年立法委員選舉,首次申報,1081218,營利事業捐贈收入,築苑建設股份有限公司,53193505,120000.00,0.00,,金錢,新北市板橋區****,02-8*****,
97,吳琪銘,109年立法委員選舉,首次申報,1081218,營利事業捐贈收入,大漢營造工程有限公司,84164890,120000.00,0.00,,金錢,新北市板橋區****,02-8*****,
98,吳琪銘,109年立法委員選舉,首次申報,1081218,個人捐贈收入,張益豪,E12*******,100000.00,0.00,,金錢,新北市新店區****,02-2*****,
99,吳琪銘,109年立法委員選舉,首次申報,1081218,個人捐贈收入,郭倩妏,I20*******,100000.00,0.00,,金錢,嘉義市民權路****,02-2*****,
100,吳琪銘,109年立法委員選舉,首次申報,1081218,個人捐贈收入,蔡文哲,R12*******,100000.00,0.00,,金錢,N臺南縣關廟****,02-2*****,
101,吳琪銘,109年立法委員選舉,首次申報,1081219,營利事業捐贈收入,龍秀興業股份有限公司,23414452,200000.00,0.00,,金錢,新北市土城區****,0933*****,
102,吳琪銘,109年立法委員選舉,首次申報,1081219,營利事業捐贈收入,建德加油站實業股份有限公司,53225942,10000.00,0.00,,金錢,新北市石碇區****,0910*****,
103,吳琪銘,109年立法委員選舉,首次申報,1081219,個人捐贈收入,曾銘佳,F10*******,20000.00,0.00,,金錢,臺北市中正區****,0933*****,
104,吳琪銘,109年立法委員選舉,首次申報,1081219,個人捐贈收入,李江寶鳳,F20*******,60000.00,0.00,,金錢,新北市土城區****,0905*****,
105,吳琪銘,109年立法委員選舉,首次申報,1081219,個人捐贈收入,呂志東,Y12*******,10000.00,0.00,,金錢,臺北市中正區****,0933*****,
106,吳琪銘,109年立法委員選舉,首次申報,1081220,營利事業捐贈收入,佳浲企業股份有限公司,27831561,100000.00,0.00,,金錢,新北市三峽區****,02-8*****,
107,吳琪銘,109年立法委員選舉,首次申報,1081220,個人捐贈收入,陳卓人,A12*******,50000.00,0.00,,金錢,新北市中和區****,0905*****,
108,吳琪銘,109年立法委員選舉,首次申報,1081221,其他收入,利息收入,,127.00,0.00,,金錢,,,
109,吳琪銘,109年立法委員選舉,首次申報,1081223,營利事業捐贈收入,佛力企業股份有限公司,16245558,100000.00,0.00,,金錢,新北市新莊區****,02-8*****,
110,吳琪銘,109年立法委員選舉,首次申報,1081223,營利事業捐贈收入,聚輪有限公司,22964485,50000.00,0.00,,金錢,新北市三峽區****,02-2*****,
111,吳琪銘,109年立法委員選舉,首次申報,1081223,個人捐贈收入,秦富雄,F12*******,20000.00,0.00,,金錢,新北市三峽區****,0988*****,
112,吳琪銘,109年立法委員選舉,首次申報,1081223,個人捐贈收入,方順吉,F12*******,100.00,0.00,,金錢,新北市土城區****,0955*****,
113,吳琪銘,109年立法委員選舉,首次申報,1081223,個人捐贈收入,薛鴻偉,H12*******,100000.00,0.00,,金錢,桃園市大園區****,0912*****,
114,吳琪銘,109年立法委員選舉,首次申報,1081223,個人捐贈收入,鍾詩平,H12*******,100000.00,0.00,,金錢,桃園市楊梅區****,0960*****,
115,吳琪銘,109年立法委員選舉,首次申報,1081223,個人捐贈收入,許天廷,N12*******,50000.00,0.00,,金錢,新北市新店區****,0933*****,
116,吳琪銘,109年立法委員選舉,首次申報,1081223,個人捐贈收入,黃呈,P12*******,100000.00,0.00,,金錢,桃園市桃園區****,02-8*****,
117,吳琪銘,109年立法委員選舉,首次申報,1081223,個人捐贈收入,林新乾,R10*******,10000.00,0.00,,金錢,新北市板橋區****,0935*****,
118,吳琪銘,109年立法委員選舉,首次申報,1081224,個人捐贈收入,夏幸輝,T12*******,20000.00,0.00,,金錢,新北市樹林區****,0953*****,
119,吳琪銘,109年立法委員選舉,首次申報,1081225,營利事業捐贈收入,倍吉有限公司,80171238,10000.00,0.00,,金錢,新北市三重區****,02-2*****,
120,吳琪銘,109年立法委員選舉,首次申報,1081226,個人捐贈收入,林堂賢,B10*******,20000.00,0.00,,金錢,新北市土城區****,0955*****,
121,吳琪銘,109年立法委員選舉,首次申報,1081226,個人捐贈收入,陳俊維,F12*******,100000.00,0.00,,金錢,新北市三重區****,02-2*****,
122,吳琪銘,109年立法委員選舉,首次申報,1081226,個人捐贈收入,勞泰明,F12*******,70000.00,0.00,,金錢,新北市新店區****,0910*****,
123,吳琪銘,109年立法委員選舉,首次申報,1081226,個人捐贈收入,鄒正璋,J12*******,60000.00,0.00,,金錢,新竹縣竹北市****,0910*****,
124,吳琪銘,109年立法委員選舉,首次申報,1081226,個人捐贈收入,林忠穎,P12*******,70000.00,0.00,,金錢,新北市三峽區****,0913*****,
125,吳琪銘,109年立法委員選舉,首次申報,1081230,營利事業捐贈收入,家泰建設開發股份有限公司,24714273,100000.00,0.00,,金錢,新北市新莊區****,02-8*****,
126,吳琪銘,109年立法委員選舉,首次申報,1081230,營利事業捐贈收入,瓈葳有限公司,82936061,20000.00,0.00,,金錢,雲林縣斗六市****,02-2*****,
127,吳琪銘,109年立法委員選舉,首次申報,1081230,營利事業捐贈收入,嘉敏營造有限公司,96950339,400000.00,0.00,,金錢,新北市新店區****,0910*****,
128,吳琪銘,109年立法委員選舉,首次申報,1081230,個人捐贈收入,翁聖儒,A12*******,20000.00,0.00,,金錢,臺北市大安區****,0921*****,
129,吳琪銘,109年立法委員選舉,首次申報,1081230,個人捐贈收入,林燦榮,A12*******,30000.00,0.00,,金錢,新北市三重區****,0983*****,
130,吳琪銘,109年立法委員選舉,首次申報,1081230,個人捐贈收入,高毓鍵,A22*******,100000.00,0.00,,金錢,新北市板橋區****,02-2*****,
131,吳琪銘,109年立法委員選舉,首次申報,1081230,個人捐贈收入,陳建安,E12*******,100000.00,0.00,,金錢,新北市板橋區****,02-2*****,
132,吳琪銘,109年立法委員選舉,首次申報,1081230,個人捐贈收入,郭淑芬,E22*******,100000.00,0.00,,金錢,新北市三峽區****,0952*****,
133,吳琪銘,109年立法委員選舉,首次申報,1081230,個人捐贈收入,楊易霖,F10*******,50000.00,0.00,,金錢,新北市板橋區****,02-2*****,
134,吳琪銘,109年立法委員選舉,首次申報,1081230,個人捐贈收入,秦隆宗,F10*******,20000.00,0.00,,金錢,新北市三峽區****,02-2*****,
135,吳琪銘,109年立法委員選舉,首次申報,1081230,個人捐贈收入,侯信宏,F12*******,100000.00,0.00,,金錢,新北市板橋區****,0953*****,
136,吳琪銘,109年立法委員選舉,首次申報,1081230,個人捐贈收入,王維聖,F12*******,100000.00,0.00,,金錢,新北市板橋區****,0922*****,
137,吳琪銘,109年立法委員選舉,首次申報,1081230,個人捐贈收入,呂晏菁,F22*******,50000.00,0.00,,金錢,新北市板橋區****,02-2*****,
138,吳琪銘,109年立法委員選舉,首次申報,1081230,個人捐贈收入,楊向涵,F22*******,100000.00,0.00,,金錢,新北市板橋區****,02-2*****,
139,吳琪銘,109年立法委員選舉,首次申報,1081230,個人捐贈收入,楊珮珪,F22*******,100000.00,0.00,,金錢,新北市板橋區****,02-2*****,
140,吳琪銘,109年立法委員選舉,首次申報,1081230,個人捐贈收入,詹明珠,N22*******,100000.00,0.00,,金錢,臺北市中山區****,0926*****,
141,吳琪銘,109年立法委員選舉,首次申報,1081230,個人捐贈收入,侯文貴,Q10*******,100000.00,0.00,,金錢,新北市土城區****,02-2*****,
142,吳琪銘,109年立法委員選舉,首次申報,1081230,個人捐贈收入,張震揚,T12*******,70000.00,0.00,,金錢,新北市三重區****,0983*****,
143,吳琪銘,109年立法委員選舉,首次申報,1081230,個人捐贈收入,陳福妹,T20*******,100000.00,0.00,,金錢,新北市樹林區****,0928*****,
144,吳琪銘,109年立法委員選舉,首次申報,1081231,個人捐贈收入,李英雄,F10*******,100000.00,0.00,,金錢,臺北市信義區****,02-2*****,
145,吳琪銘,109年立法委員選舉,首次申報,1081231,個人捐贈收入,李一宏,F12*******,100000.00,0.00,,金錢,臺北市信義區****,02-2*****,
146,吳琪銘,109年立法委員選舉,首次申報,1081231,個人捐贈收入,李以文,F22*******,100000.00,0.00,,金錢,臺北市信義區****,02-2*****,
147,吳琪銘,109年立法委員選舉,首次申報,1081231,個人捐贈收入,陳力榮,T12*******,100000.00,0.00,,金錢,新北市樹林區****,0912*****,
148,吳琪銘,109年立法委員選舉,首次申報,1090101,人民團體捐贈收入,中華民國全國建築師公會,,20000.00,0.00,,金錢,台北市基隆路****,02-2*****,
149,吳琪銘,109年立法委員選舉,首次申報,1090102,個人捐贈收入,王佳慧,F22*******,100000.00,0.00,,金錢,新北市板橋區****,0922*****,
150,吳琪銘,109年立法委員選舉,首次申報,1090105,人民團體捐贈收入,社團法人中華民國會計師公會全國聯合會,,100000.00,0.00,,金錢,臺北市中正區****,02-2*****,
151,吳琪銘,109年立法委員選舉,首次申報,1090106,個人捐贈收入,柯基生,A11*******,100000.00,0.00,,金錢,新北市土城區****,02-2*****,
152,吳琪銘,109年立法委員選舉,首次申報,1090106,個人捐贈收入,秦啟瑞,F12*******,20000.00,0.00,,金錢,新北市三峽區****,0973*****,
153,吳琪銘,109年立法委員選舉,首次申報,1090106,個人捐贈收入,程麗淑,P22*******,50000.00,0.00,,金錢,新北市三峽區****,0919*****,
154,吳琪銘,109年立法委員選舉,首次申報,1090106,個人捐贈收入,黃軒凱,Q12*******,100000.00,0.00,,非金錢,嘉義市西區泰****,0972*****,
155,吳琪銘,109年立法委員選舉,首次申報,1090106,個人捐贈收入,江素花,Q22*******,100000.00,0.00,,非金錢,新北市泰山區****,0972*****,
156,吳琪銘,109年立法委員選舉,首次申報,1090107,個人捐贈收入,高貴卿,E20*******,100000.00,0.00,,金錢,新北市淡水區****,0920*****,
157,吳琪銘,109年立法委員選舉,首次申報,1090107,個人捐贈收入,廖美麗,P22*******,30000.00,0.00,,金錢,新北市板橋區****,0953*****,
158,吳琪銘,109年立法委員選舉,首次申報,1090107,個人捐贈收入,陳子瓔,P22*******,20000.00,0.00,,金錢,新北市三峽區****,0953*****,
159,吳琪銘,109年立法委員選舉,首次申報,1090109,個人捐贈收入,陳柏華,A12*******,20000.00,0.00,,金錢,臺北市中正區****,0933*****,
160,吳琪銘,109年立法委員選舉,首次申報,1090109,個人捐贈收入,張怡玲,A22*******,3000.00,0.00,,金錢,南投縣埔里鎮****,0935*****,
161,吳琪銘,109年立法委員選舉,首次申報,1090109,個人捐贈收入,陳福吉,F10*******,50000.00,0.00,,金錢,臺北市大安區****,0937*****,
162,吳琪銘,109年立法委員選舉,首次申報,1090109,個人捐贈收入,陳人華,F12*******,100000.00,0.00,,金錢,新北市鶯歌區****,0916*****,
163,吳琪銘,109年立法委員選舉,首次申報,1090109,個人捐贈收入,陳清國,H12*******,20000.00,0.00,,金錢,桃園市桃園區****,0939*****,
164,吳琪銘,109年立法委員選舉,首次申報,1090109,個人捐贈收入,鄭榮城,N12*******,10000.00,0.00,,金錢,新北市中和區****,0928*****,
165,吳琪銘,109年立法委員選舉,首次申報,1090109,個人捐贈收入,李清欽,Q12*******,20000.00,0.00,,金錢,桃園市桃園區****,0982*****,
166,吳琪銘,109年立法委員選舉,首次申報,1090109,個人捐贈收入,蘇欣屏,T22*******,50000.00,0.00,,金錢,桃園市桃園區****,0955*****,
