﻿序號,擬參選人／政黨,選舉名稱,申報序號／年度,交易日期,收支科目,捐贈者／支出對象,身分證／統一編號,收入金額,支出金額,支出用途,金錢類,地址,聯絡電話,資料更正日期
1,陳重嘉,107年縣(市)議員選舉,首次申報,1070831,租用宣傳車輛支出,董忠男,N12*******,0.00,25000.00,雇用宣傳車輛駕駛支出,金錢,彰化縣溪湖鎮****,,
2,陳重嘉,107年縣(市)議員選舉,首次申報,1070831,人事費用支出,陳碧麗,N20*******,0.00,25000.00,工資或薪津,金錢,彰化縣埔鹽鄉****,,
3,陳重嘉,107年縣(市)議員選舉,首次申報,1070904,交通旅運支出,福懋秀水加油站,13736237,0.00,620.00,油資,金錢,彰化縣秀水鄉****,,
4,陳重嘉,107年縣(市)議員選舉,首次申報,1070906,交通旅運支出,台糖加油站,14860590,0.00,525.00,油資,金錢,彰化縣溪湖鎮****,,
5,陳重嘉,107年縣(市)議員選舉,首次申報,1070907,交通旅運支出,文豪加油站,27499810,0.00,545.00,油資,金錢,彰化縣溪湖鎮****,,
6,陳重嘉,107年縣(市)議員選舉,首次申報,1070908,交通旅運支出,文豪加油站,27499810,0.00,620.00,油資,金錢,彰化縣溪湖鎮****,,
7,陳重嘉,107年縣(市)議員選舉,首次申報,1070910,交通旅運支出,勝中加油站,23210703,0.00,300.00,油資,金錢,彰化縣花壇鄉****,,
8,陳重嘉,107年縣(市)議員選舉,首次申報,1070910,交通旅運支出,文豪加油站,27499810,0.00,520.00,油資,金錢,彰化縣溪湖鎮****,,
9,陳重嘉,107年縣(市)議員選舉,首次申報,1070912,交通旅運支出,文豪加油站,27499810,0.00,580.00,油資,金錢,彰化縣溪湖鎮****,,
10,陳重嘉,107年縣(市)議員選舉,首次申報,1070914,交通旅運支出,文豪加油站,27499810,0.00,520.00,油資,金錢,彰化縣溪湖鎮****,,
11,陳重嘉,107年縣(市)議員選舉,首次申報,1070914,交通旅運支出,福懋埔鹽加油站,72445283,0.00,100.00,油資,金錢,彰化縣埔鹽鄉****,,
12,陳重嘉,107年縣(市)議員選舉,首次申報,1070914,宣傳支出,財團法人成大研究發展基金會,78963987,0.00,38000.00,民調,金錢,臺南市東區大****,,
13,陳重嘉,107年縣(市)議員選舉,首次申報,1070915,交通旅運支出,光明加油站有限公司,23269529,0.00,500.00,油資,金錢,彰化縣埔鹽鄉****,,
14,陳重嘉,107年縣(市)議員選舉,首次申報,1070915,交通旅運支出,文豪加油站,27499810,0.00,400.00,油資,金錢,彰化縣溪湖鎮****,,
15,陳重嘉,107年縣(市)議員選舉,首次申報,1070917,交通旅運支出,文豪加油站,27499810,0.00,550.00,油資,金錢,彰化縣溪湖鎮****,,
16,陳重嘉,107年縣(市)議員選舉,首次申報,1070918,雜支支出,阿振美饌股份有限公司,53605794,0.00,1600.00,餐飲費用,金錢,彰化縣鹿港鎮****,,
17,陳重嘉,107年縣(市)議員選舉,首次申報,1070919,交通旅運支出,全國加油站,05991727,0.00,551.00,油資,金錢,彰化縣溪湖鎮****,,
18,陳重嘉,107年縣(市)議員選舉,首次申報,1070921,交通旅運支出,台灣中油秀水站,58016515,0.00,800.00,油資,金錢,彰化縣秀水鄉****,,
19,陳重嘉,107年縣(市)議員選舉,首次申報,1070924,交通旅運支出,光明加油站有限公司,23269529,0.00,500.00,油資,金錢,彰化縣埔鹽鄉****,,
20,陳重嘉,107年縣(市)議員選舉,首次申報,1070930,租用宣傳車輛支出,董忠男,N12*******,0.00,25000.00,雇用宣傳車輛駕駛支出,金錢,彰化縣溪湖鎮****,,
21,陳重嘉,107年縣(市)議員選舉,首次申報,1070930,人事費用支出,陳碧麗,N20*******,0.00,25000.00,工資或薪津,金錢,彰化縣埔鹽鄉****,,
22,陳重嘉,107年縣(市)議員選舉,首次申報,1071001,宣傳支出,萬事達廣告社,16647504,0.00,39000.00,刊登宣傳廣告,金錢,彰化縣員林市****,,
23,陳重嘉,107年縣(市)議員選舉,首次申報,1071005,交通旅運支出,台灣中油埔鹽站,05978055,0.00,500.00,油資,金錢,彰化縣埔鹽鄉****,,
24,陳重嘉,107年縣(市)議員選舉,首次申報,1071008,交通旅運支出,光明加油站有限公司,23269529,0.00,500.00,油資,金錢,彰化縣埔鹽鄉****,,
25,陳重嘉,107年縣(市)議員選舉,首次申報,1071011,交通旅運支出,大翔加油站有限公司,16204368,0.00,500.00,油資,金錢,彰化縣埔心鄉****,,
26,陳重嘉,107年縣(市)議員選舉,首次申報,1071015,交通旅運支出,信興加油站,22975791,0.00,600.00,油資,金錢,彰化縣溪湖鎮****,,
27,陳重嘉,107年縣(市)議員選舉,首次申報,1071017,交通旅運支出,台灣中油埔心站,05987224,0.00,1926.00,油資,金錢,彰化縣埔心鄉****,,
28,陳重嘉,107年縣(市)議員選舉,首次申報,1071017,交通旅運支出,光明加油站有限公司,23269529,0.00,1000.00,油資,金錢,彰化縣埔鹽鄉****,,
29,陳重嘉,107年縣(市)議員選舉,首次申報,1071020,交通旅運支出,光明加油站有限公司,23269529,0.00,1000.00,油資,金錢,彰化縣埔鹽鄉****,,
30,陳重嘉,107年縣(市)議員選舉,首次申報,1071020,宣傳支出,中鴻廣告贈品企業社,47461427,0.00,165600.00,製作宣傳廣告支出,金錢,彰化縣溪湖鎮****,,
31,陳重嘉,107年縣(市)議員選舉,首次申報,1071021,雜支支出,津口味餐飲店,17685385,0.00,10000.00,便當,金錢,彰化縣埔鹽鄉****,,
32,陳重嘉,107年縣(市)議員選舉,首次申報,1071022,交通旅運支出,台灣中油埔鹽站,05978055,0.00,1816.00,油資,金錢,彰化縣埔鹽鄉****,,
33,陳重嘉,107年縣(市)議員選舉,首次申報,1071024,人事費用支出,施茶,N20*******,0.00,3020.00,工資或薪津,金錢,彰化縣埔鹽鄉****,,
34,陳重嘉,107年縣(市)議員選舉,首次申報,1071024,人事費用支出,洪秀卿,N20*******,0.00,3020.00,工資或薪津,金錢,彰化縣埔鹽鄉****,,
35,陳重嘉,107年縣(市)議員選舉,首次申報,1071024,人事費用支出,楊嬌戀,N22*******,0.00,4225.00,工資或薪津,金錢,彰化縣埔鹽鄉****,,
36,陳重嘉,107年縣(市)議員選舉,首次申報,1071026,雜支支出,聯宏書局,13954401,0.00,120.00,文具用品費用,金錢,彰化縣溪湖鎮****,,
37,陳重嘉,107年縣(市)議員選舉,首次申報,1071027,交通旅運支出,彰秀加油站,80624181,0.00,500.00,油資,金錢,彰化縣秀水鄉****,,
38,陳重嘉,107年縣(市)議員選舉,首次申報,1071030,交通旅運支出,信興加油站,22975791,0.00,1000.00,油資,金錢,彰化縣溪湖鎮****,,
39,陳重嘉,107年縣(市)議員選舉,首次申報,1071031,租用宣傳車輛支出,董忠男,N12*******,0.00,25000.00,雇用宣傳車輛駕駛支出,金錢,彰化縣溪湖鎮****,,
40,陳重嘉,107年縣(市)議員選舉,首次申報,1071031,人事費用支出,陳碧麗,N20*******,0.00,25000.00,工資或薪津,金錢,彰化縣埔鹽鄉****,,
41,陳重嘉,107年縣(市)議員選舉,首次申報,1071101,交通旅運支出,台灣中油埔鹽站,05978055,0.00,1659.00,油資,金錢,彰化縣埔鹽鄉****,,
42,陳重嘉,107年縣(市)議員選舉,首次申報,1071102,交通旅運支出,光明加油站有限公司,23269529,0.00,130.00,油資,金錢,彰化縣埔鹽鄉****,,
43,陳重嘉,107年縣(市)議員選舉,首次申報,1071103,人事費用支出,施茶,N20*******,0.00,8375.00,工資或薪津,金錢,彰化縣埔鹽鄉****,,
44,陳重嘉,107年縣(市)議員選舉,首次申報,1071103,人事費用支出,洪秀卿,N20*******,0.00,8375.00,工資或薪津,金錢,彰化縣埔鹽鄉****,,
45,陳重嘉,107年縣(市)議員選舉,首次申報,1071103,人事費用支出,楊嬌戀,N22*******,0.00,8375.00,工資或薪津,金錢,彰化縣埔鹽鄉****,,
46,陳重嘉,107年縣(市)議員選舉,首次申報,1071104,交通旅運支出,忠溪加油站,16022079,0.00,1014.00,油資,金錢,彰化縣溪湖鎮****,,
47,陳重嘉,107年縣(市)議員選舉,首次申報,1071104,交通旅運支出,光明加油站有限公司,23269529,0.00,1000.00,油資,金錢,彰化縣埔鹽鄉****,,
48,陳重嘉,107年縣(市)議員選舉,首次申報,1071104,交通旅運支出,福懋加油站,72445283,0.00,50.00,油資,金錢,彰化縣埔鹽鄉****,,
49,陳重嘉,107年縣(市)議員選舉,首次申報,1071106,交通旅運支出,台灣中油埔心站,08987224,0.00,1580.00,油資,金錢,彰化縣埔心鄉****,,
50,陳重嘉,107年縣(市)議員選舉,首次申報,1071107,交通旅運支出,光明加油站有限公司,23269529,0.00,100.00,油資,金錢,彰化縣埔鹽鄉****,,
51,陳重嘉,107年縣(市)議員選舉,首次申報,1071109,交通旅運支出,文豪加油站,27499810,0.00,500.00,油資,金錢,彰化縣溪湖鎮****,,
52,陳重嘉,107年縣(市)議員選舉,首次申報,1071109,宣傳支出,雪花紙業股份有限公司,56616372,0.00,40320.00,抽面紙,金錢,F臺中縣清水****,,
53,陳重嘉,107年縣(市)議員選舉,首次申報,1071109,宣傳支出,雪花紙業股份有限公司,56616372,0.00,357919.00,盒裝面紙,金錢,F臺中縣清水****,,
54,陳重嘉,107年縣(市)議員選舉,首次申報,1071111,人事費用支出,施茶,N20*******,0.00,4530.00,工資或薪津,金錢,彰化縣埔鹽鄉****,,
55,陳重嘉,107年縣(市)議員選舉,首次申報,1071111,人事費用支出,洪秀卿,N20*******,0.00,4530.00,工資或薪津,金錢,彰化縣埔鹽鄉****,,
56,陳重嘉,107年縣(市)議員選舉,首次申報,1071111,人事費用支出,楊嬌戀,N22*******,0.00,5280.00,工資或薪津,金錢,彰化縣埔鹽鄉****,,
57,陳重嘉,107年縣(市)議員選舉,首次申報,1071112,交通旅運支出,光明加油站有限公司,23269529,0.00,950.00,油資,金錢,彰化縣埔鹽鄉****,,
58,陳重嘉,107年縣(市)議員選舉,首次申報,1071114,雜支支出,和軒百貨行,60330856,0.00,7100.00,背心姓名號碼刺繡,金錢,彰化縣溪湖鎮****,,
59,陳重嘉,107年縣(市)議員選舉,首次申報,1071115,交通旅運支出,台灣中油埔鹽站,05978055,0.00,1535.00,油資,金錢,彰化縣埔鹽鄉****,,
60,陳重嘉,107年縣(市)議員選舉,首次申報,1071116,交通旅運支出,光明加油站有限公司,23269529,0.00,100.00,油資,金錢,彰化縣埔鹽鄉****,,
61,陳重嘉,107年縣(市)議員選舉,首次申報,1071120,交通旅運支出,台灣中油埔鹽站,05978055,0.00,1741.00,油資,金錢,彰化縣埔鹽鄉****,,
62,陳重嘉,107年縣(市)議員選舉,首次申報,1071120,交通旅運支出,光明加油站有限公司,23269529,0.00,1000.00,油資,金錢,彰化縣埔鹽鄉****,,
63,陳重嘉,107年縣(市)議員選舉,首次申報,1071123,交通旅運支出,福懋原鹿加油站,45500825,0.00,500.00,油資,金錢,彰化縣溪湖鎮****,,
64,陳重嘉,107年縣(市)議員選舉,首次申報,1071125,交通旅運支出,日茂加油站,23086227,0.00,1000.00,油資,金錢,彰化縣埔心鄉****,,
65,陳重嘉,107年縣(市)議員選舉,首次申報,1071125,雜支支出,嘉祐簡餐店,25362633,0.00,1900.00,便當,金錢,彰化縣溪湖鎮****,,
66,陳重嘉,107年縣(市)議員選舉,首次申報,1071126,宣傳支出,財團法人成大研究發展基金會,78963987,0.00,38000.00,民調,金錢,臺南市東區大****,,
67,陳重嘉,107年縣(市)議員選舉,首次申報,1071127,交通旅運支出,光明加油站有限公司,23269529,0.00,150.00,油資,金錢,彰化縣埔鹽鄉****,,
68,陳重嘉,107年縣(市)議員選舉,首次申報,1071128,宣傳支出,宏福印書廠有限公司,86090326,0.00,465255.00,製作競選物品支出,金錢,彰化縣伸港鄉****,,
69,陳重嘉,107年縣(市)議員選舉,首次申報,1071130,租用宣傳車輛支出,董忠男,N12*******,0.00,25000.00,雇用宣傳車輛駕駛支出,金錢,彰化縣溪湖鎮****,,
70,陳重嘉,107年縣(市)議員選舉,首次申報,1071130,人事費用支出,陳碧麗,N20*******,0.00,25000.00,工資或薪津,金錢,彰化縣埔鹽鄉****,,
