﻿序號,擬參選人／政黨,選舉名稱,申報序號／年度,交易日期,收支科目,捐贈者／支出對象,身分證／統一編號,收入金額,支出金額,捐贈方式,存入專戶日期,返還/繳庫,支出用途,金錢類,地址,聯絡電話,應揭露之支出對象,支出對象之內部人員姓名,支出對象之內部人員職稱,政黨之內部人員姓名,政黨之內部人員職稱,關係,更正註記,資料更正日期
1,黃露慧,111年嘉義市議員選舉,首次申報,1110919,營利事業捐贈收入,聯合電信工程股份有限公司,42041664,30000.00,0.00,現金,1110919,,,金錢,嘉義市西區紅****,,,,,,,,,
2,黃露慧,111年嘉義市議員選舉,首次申報,1111007,個人捐贈收入,許政陽,,20000.00,0.00,匯款,1111007,,,金錢,,0953*****,,,,,,,,
3,黃露慧,111年嘉義市議員選舉,首次申報,1111014,營利事業捐贈收入,展勝國際企業股份有限公司,42949195,100000.00,0.00,現金,1111014,,,金錢,高雄市楠梓區****,,,,,,,,,
4,黃露慧,111年嘉義市議員選舉,首次申報,1111014,營利事業捐贈收入,永勝環保企業有限公司,45127664,100000.00,0.00,現金,1111014,,,金錢,嘉義市東區盧****,,,,,,,,,
5,黃露慧,111年嘉義市議員選舉,首次申報,1111030,個人捐贈收入,李玉燕,E22*******,50000.00,0.00,匯款,1111030,,,金錢,嘉義市東區忠****,,,,,,,,,
6,黃露慧,111年嘉義市議員選舉,首次申報,1111108,個人捐贈收入,梁匯榛,,20000.00,0.00,現金,1111108,,,金錢,嘉義市東區小****,,,,,,,,,
7,黃露慧,111年嘉義市議員選舉,首次申報,1111108,個人捐贈收入,李宛蓉,,5000.00,0.00,現金,1111108,,,金錢,嘉義市西區漢****,,,,,,,,,
8,黃露慧,111年嘉義市議員選舉,首次申報,1111108,個人捐贈收入,黃麗蓁,,3000.00,0.00,現金,1111108,,,金錢,嘉義市西區漢****,,,,,,,,,
9,黃露慧,111年嘉義市議員選舉,首次申報,1111108,個人捐贈收入,劉淑玲,,10000.00,0.00,現金,1111108,,,金錢,嘉義市西區徐****,,,,,,,,,
10,黃露慧,111年嘉義市議員選舉,首次申報,1111108,個人捐贈收入,張宇,,6000.00,0.00,現金,1111108,,,金錢,嘉義市西區新****,,,,,,,,,
11,黃露慧,111年嘉義市議員選舉,首次申報,1111108,個人捐贈收入,劉英玉鏵,,6000.00,0.00,現金,1111108,,,金錢,嘉義市西區新****,,,,,,,,,
12,黃露慧,111年嘉義市議員選舉,首次申報,1111108,個人捐贈收入,楊寶連,,10000.00,0.00,現金,1111108,,,金錢,嘉義市東區中****,,,,,,,,,
13,黃露慧,111年嘉義市議員選舉,首次申報,1111108,個人捐贈收入,翁雲發,,3000.00,0.00,現金,1111108,,,金錢,嘉義市東區中****,,,,,,,,,
14,黃露慧,111年嘉義市議員選舉,首次申報,1111108,個人捐贈收入,錢忠華,,3000.00,0.00,現金,1111108,,,金錢,嘉義縣水上鄉****,,,,,,,,,
15,黃露慧,111年嘉義市議員選舉,首次申報,1111108,個人捐贈收入,歐素琴,,3000.00,0.00,現金,1111108,,,金錢,嘉義縣中埔鄉****,,,,,,,,,
16,黃露慧,111年嘉義市議員選舉,首次申報,1111108,個人捐贈收入,柯玉錦,,3000.00,0.00,現金,1111108,,,金錢,嘉義縣中埔鄉****,0937*****,,,,,,,,
17,黃露慧,111年嘉義市議員選舉,首次申報,1111108,個人捐贈收入,李茂柱,,3000.00,0.00,現金,1111108,,,金錢,嘉義市東區垂****,,,,,,,,,
18,黃露慧,111年嘉義市議員選舉,首次申報,1111108,個人捐贈收入,黃文修,,6000.00,0.00,現金,1111108,,,金錢,嘉義市東區保****,0937*****,,,,,,,,
19,黃露慧,111年嘉義市議員選舉,首次申報,1111108,個人捐贈收入,林昭治,,10000.00,0.00,現金,1111108,,,金錢,嘉義市東區垂****,0912*****,,,,,,,,
20,黃露慧,111年嘉義市議員選舉,首次申報,1111109,營利事業捐贈收入,尚億企業社,25759058,35000.00,0.00,匯款,1111109,,,金錢,嘉義市西區大****,,,,,,,,,
21,黃露慧,111年嘉義市議員選舉,首次申報,1111111,個人捐贈收入,吳慧英,,6000.00,0.00,現金,1111111,,,金錢,嘉義市西區博****,0932*****,,,,,,,,
22,黃露慧,111年嘉義市議員選舉,首次申報,1111115,營利事業捐贈收入,茂華包裝有限公司,66514297,200000.00,0.00,匯款,1111115,,,金錢,嘉義市東區保****,,,,,,,,,
23,黃露慧,111年嘉義市議員選舉,首次申報,1111116,個人捐贈收入,陳愿,P10*******,50000.00,0.00,匯款,1111116,,,金錢,嘉義市西區民****,,,,,,,,,
24,黃露慧,111年嘉義市議員選舉,首次申報,1111123,匿名捐贈,匿名,,6000.00,0.00,匯款,1111123,,,金錢,,,,,,,,,,
25,黃露慧,111年嘉義市議員選舉,首次申報,1111125,個人捐贈收入,倪慧芳,,10000.00,0.00,現金,1111201,,,金錢,嘉義市東區民****,0982*****,,,,,,,,
