﻿序號,擬參選人／政黨,選舉名稱,申報序號／年度,交易日期,收支科目,捐贈者／支出對象,身分證／統一編號,收入金額,支出金額,捐贈方式,存入專戶日期,返還/繳庫,支出用途,金錢類,地址,聯絡電話,應揭露之支出對象,支出對象之內部人員姓名,支出對象之內部人員職稱,政黨之內部人員姓名,政黨之內部人員職稱,關係,更正註記,資料更正日期
1,林依婷,111年臺南市議員選舉,首次申報,1110522,公共關係費用支出,冠庭芳花坊,36611531,0.00,5000.00,,,,聯誼交際費用,金錢,臺南市利南街****,,否,,,,,,,
2,林依婷,111年臺南市議員選舉,首次申報,1110524,雜支支出,集雅堂,93874366,0.00,6000.00,,,,手工印鑑章,金錢,臺南市東區裕****,0627*****,否,,,,,,,
3,林依婷,111年臺南市議員選舉,首次申報,1110527,宣傳支出,威航食品有限公司,97079214,0.00,45200.00,,,,其他與選舉宣傳有關之費用,金錢,高雄市湖內區****,,否,,,,,,,
4,林依婷,111年臺南市議員選舉,首次申報,1110616,宣傳支出,格安德工業股份有限公司,25050765,0.00,94500.00,,,,製作競選物品或宣傳廣告費用（口罩）,金錢,光華里光華號****,,否,,,,,,,
5,林依婷,111年臺南市議員選舉,首次申報,1110617,宣傳支出,青春廣播電台股份有限公司,13073883,0.00,13000.00,,,,播放、傳送或刊登宣傳廣告費用,金錢,臺南市北區臨****,,否,,,,,,,
6,林依婷,111年臺南市議員選舉,首次申報,1110617,宣傳支出,健豪印刷事業股份有限公司,25829131,0.00,84000.00,,,,製作競選物品或宣傳廣告費用（荷葉扇）,金錢,臺南市永康區****,,否,,,,,,,
7,林依婷,111年臺南市議員選舉,首次申報,1110705,人事費用支出,蔡幸沅,R22*******,0.00,30000.00,,,,工資或薪津,金錢,臺南市安平區****,,否,,,,,,,
8,林依婷,111年臺南市議員選舉,首次申報,1110712,返還捐贈支出,臺南市安平區牡蠣產銷班第3班,,0.00,58000.00,,,,返還,金錢,臺南市中西區****,,否,,,,,,,
9,林依婷,111年臺南市議員選舉,首次申報,1110727,宣傳支出,南凱實業社,,0.00,20000.00,,,,印刷品,金錢,臺南市永康區****,06-2*****,否,,,,,,,
10,林依婷,111年臺南市議員選舉,首次申報,1110805,人事費用支出,蔡幸沅,R22*******,0.00,30000.00,,,,工資或薪津,金錢,臺南市安平慶****,,否,,,,,,,
11,林依婷,111年臺南市議員選舉,首次申報,1110807,宣傳支出,PChome加值服務,16606102,0.00,10000.00,,,,發送電信簡訊費用,金錢,臺北市大安區****,,否,,,,,,,
12,林依婷,111年臺南市議員選舉,首次申報,1110812,宣傳支出,青春廣播電台股份有限公司,13073883,0.00,26000.00,,,,播放、傳送或刊登宣傳廣告費用,金錢,臺南市中西區****,,否,,,,,,,
13,林依婷,111年臺南市議員選舉,首次申報,1110815,雜支支出,湘陽實業社,26437226,0.00,36000.00,,,,輓聯.八仙彩,金錢,臺南市山上區****,,否,,,,,,,
14,林依婷,111年臺南市議員選舉,首次申報,1110815,公共關係費用支出,冠庭芳花坊,36611531,0.00,17700.00,,,,聯誼交際費用,金錢,臺南市南區利****,,否,,,,,,,
15,林依婷,111年臺南市議員選舉,首次申報,1110815,公共關係費用支出,亞珍花坊,78683796,0.00,8000.00,,,,聯誼交際費用,金錢,臺南市南區灣****,,否,,,,,,,
16,林依婷,111年臺南市議員選舉,首次申報,1110815,公共關係費用支出,福生花坊,81576829,0.00,8000.00,,,,聯誼交際費用,金錢,臺南市安平區****,,否,,,,,,,
17,林依婷,111年臺南市議員選舉,首次申報,1110816,租用競選辦事處支出,台帆行,,0.00,6800.00,,,,裝潢競選辦事處費用,金錢,臺南市南區永****,,否,,,,,,,
18,林依婷,111年臺南市議員選舉,首次申報,1110818,宣傳支出,大隆世界觀二期,,0.00,3000.00,,,,其他與選舉宣傳有關之費用,金錢,臺南市安平區****,,否,,,,,,,
19,林依婷,111年臺南市議員選舉,首次申報,1110825,宣傳支出,雙子星有線電視股份有限公司,97160397,0.00,100000.00,,,,播放、傳送或刊登宣傳廣告費用,金錢,臺南市北區北****,4128*****,否,,,,,,,
20,林依婷,111年臺南市議員選舉,首次申報,1110826,雜支支出,菜鳥飛行,91350482,0.00,40000.00,,,,雜項購置或修繕費用,金錢,新北市中和區****,,否,,,,,,,
21,林依婷,111年臺南市議員選舉,首次申報,1110826,宣傳支出,雙子星有線電視股份有限公司,97160397,0.00,100000.00,,,,播放、傳送或刊登宣傳廣告費用,金錢,臺南市北區北****,4128*****,否,,,,,,,
22,林依婷,111年臺南市議員選舉,首次申報,1110827,宣傳支出,南凱實業社,,0.00,13700.00,,,,印刷品,金錢,臺南市永康區****,06-2*****,否,,,,,,,
23,林依婷,111年臺南市議員選舉,首次申報,1110827,宣傳支出,家億新象管理中心,,0.00,3000.00,,,,其他與選舉宣傳有關之費用電梯廣告,金錢,臺南市安平建****,,否,,,,,,,
24,林依婷,111年臺南市議員選舉,首次申報,1110827,宣傳支出,地中海公寓大廈管理委員會,,0.00,9000.00,,,,其他與選舉宣傳有關之費用電梯廣告,金錢,臺南市育平四****,,否,,,,,,,
25,林依婷,111年臺南市議員選舉,首次申報,1110827,宣傳支出,儷景富邑公寓大廈管理委員會,,0.00,4500.00,,,,其他與選舉宣傳有關之費用電梯廣告,金錢,臺南市育平五****,,否,,,,,,,
26,林依婷,111年臺南市議員選舉,首次申報,1110828,宣傳支出,大唐帝苑管理委員會,,0.00,3000.00,,,,其他與選舉宣傳有關之費用電梯廣告,金錢,臺南市安平區****,,否,,,,,,,
27,林依婷,111年臺南市議員選舉,首次申報,1110901,宣傳支出,南國都會神奇管理服務中心,,0.00,4000.00,,,,其他與選舉宣傳有關之費用電梯廣告,金錢,臺南市安平區****,0629*****,否,,,,,,,
28,林依婷,111年臺南市議員選舉,首次申報,1110905,宣傳支出,昭鴻旗幟,,0.00,8200.00,,,,製作競選物品或宣傳廣告費用（手舉牌）,金錢,臺南市麻豆區****,06-5*****,否,,,,,,,
29,林依婷,111年臺南市議員選舉,首次申報,1110905,人事費用支出,蔡幸沅,R22*******,0.00,30000.00,,,,工資或薪津,金錢,臺南市安平區****,,否,,,,,,,
30,林依婷,111年臺南市議員選舉,首次申報,1110908,宣傳支出,PChome加值服務,16606102,0.00,10000.00,,,,發送電信簡訊費用,金錢,臺北市敦化南****,,否,,,,,,,
31,林依婷,111年臺南市議員選舉,首次申報,1110909,集會支出,玄助布帆行,,0.00,6000.00,,,,租用設備費用水冷扇,金錢,臺南市安南區****,0625*****,否,,,,,,,
32,林依婷,111年臺南市議員選舉,首次申報,1110909,集會支出,天仲行,06532285,0.00,45500.00,,,,租用設備費用,金錢,臺南市南區中****,0931*****,否,,,,,,,
33,林依婷,111年臺南市議員選舉,首次申報,1110909,宣傳支出,威信廣告企業社,88987592,0.00,71400.00,,,,製作競選物品或宣傳廣告費用（口罩）,金錢,臺南市歸仁區****,0633*****,否,,,,,,,
34,林依婷,111年臺南市議員選舉,首次申報,1110913,公共關係費用支出,冠庭芳花坊,36611531,0.00,5600.00,,,,聯誼交際費用,金錢,臺南市利南街****,,否,,,,,,,
35,林依婷,111年臺南市議員選舉,首次申報,1110924,公共關係費用支出,冠庭芳花坊,36611531,0.00,600.00,,,,聯誼交際費用,金錢,臺南市利南街****,,否,,,,,,,
36,林依婷,111年臺南市議員選舉,首次申報,1110927,集會支出,台南市政府環境保護局,,0.00,3000.00,,,,租用流動廁所,金錢,臺南市中華東****,,否,,,,,,,
37,林依婷,111年臺南市議員選舉,首次申報,1110930,公共關係費用支出,福生花坊,81576829,0.00,10600.00,,,,聯誼交際費用,金錢,臺南市安平路****,,否,,,,,,,
38,林依婷,111年臺南市議員選舉,首次申報,1111001,公共關係費用支出,冠庭芳花坊,36611531,0.00,6200.00,,,,聯誼交際費用,金錢,臺南市利南街****,,否,,,,,,,
39,林依婷,111年臺南市議員選舉,首次申報,1111005,人事費用支出,楊雅鈞,D22*******,0.00,30000.00,,,,工資或薪津,金錢,臺南市安平區****,,否,,,,,,,
40,林依婷,111年臺南市議員選舉,首次申報,1111005,人事費用支出,蔡幸沅,R22*******,0.00,30000.00,,,,工資或薪津,金錢,臺南市安平區****,,否,,,,,,,
41,林依婷,111年臺南市議員選舉,首次申報,1111008,公共關係費用支出,冠庭芳花坊,36611531,0.00,6200.00,,,,聯誼交際費用,金錢,臺南市利南街****,,否,,,,,,,
42,林依婷,111年臺南市議員選舉,首次申報,1111009,集會支出,天仲行,06532285,0.00,7600.00,,,,租用設備費用,金錢,臺南市中華南****,0931*****,否,,,,,,,
43,林依婷,111年臺南市議員選舉,首次申報,1111009,集會支出,豆子劇團,19903817,0.00,403814.00,,,,演出費,金錢,高雄市鼓山區****,0755*****,否,,,,,,,
44,林依婷,111年臺南市議員選舉,首次申報,1111020,宣傳支出,東厚包裝材料有限公司,,0.00,3300.00,,,,製作競選物品或宣傳廣告費用（口罩支架包裝袋）,金錢,臺南市南區南****,0629*****,否,,,,,,,
45,林依婷,111年臺南市議員選舉,首次申報,1111020,返還捐贈支出,均英建設事業有限公司,69590868,0.00,30000.00,,,,返還,金錢,臺南市北區中****,,否,,,,,,,
46,林依婷,111年臺南市議員選舉,首次申報,1111021,宣傳支出,音樂人企業社,,0.00,1200.00,,,,錄音工程,金錢,臺南市安平區****,0629*****,否,,,,,,,
47,林依婷,111年臺南市議員選舉,首次申報,1111021,宣傳支出,向晟企業有限公司,,0.00,4000.00,,,,製作競選物品或宣傳廣告費用（手舉旗）,金錢,臺南市安平區****,0629*****,否,,,,,,,
48,林依婷,111年臺南市議員選舉,首次申報,1111021,公共關係費用支出,冠庭芳花坊,36611531,0.00,4200.00,,,,聯誼交際費用,金錢,臺南市利南街****,,否,,,,,,,
49,林依婷,111年臺南市議員選舉,首次申報,1111022,租用競選辦事處支出,藝龍視覺廣告設計,,0.00,12000.00,,,,其他與租用競選辦事處有關之費用招牌更換,金錢,臺南市安平區****,0989*****,否,,,,,,,
50,林依婷,111年臺南市議員選舉,首次申報,1111025,宣傳支出,南凱實業社,,0.00,17200.00,,,,製作競選物品或宣傳廣告費用（布旗.海報）,金錢,臺南市永康區****,06-2*****,否,,,,,,,
51,林依婷,111年臺南市議員選舉,首次申報,1111025,雜支支出,弘名國際文具,53485094,0.00,1566.00,,,,文具用品費用,金錢,臺南市南區金****,0626*****,否,,,,,,,
52,林依婷,111年臺南市議員選舉,首次申報,1111025,宣傳支出,名人多媒體股份有限公司,90396215,0.00,26900.00,,,,播放、傳送或刊登宣傳廣告費用,金錢,臺南市歸仁區****,0620*****,否,,,,,,,
53,林依婷,111年臺南市議員選舉,首次申報,1111027,宣傳支出,青春廣播電台股份有限公司,13073883,0.00,37000.00,,,,播放、傳送或刊登宣傳廣告費用,金錢,臺南市中西區****,,否,,,,,,,
54,林依婷,111年臺南市議員選舉,首次申報,1111028,集會支出,三德便當,89088979,0.00,1015.00,,,,餐飲費用,金錢,臺南市南區新****,0626*****,否,,,,,,,
55,林依婷,111年臺南市議員選舉,首次申報,1111029,集會支出,淺野屋時尚烘焙,64903763,0.00,20000.00,,,,餐飲費用,金錢,臺南市南區健****,0622*****,否,,,,,,,
56,林依婷,111年臺南市議員選舉,首次申報,1111031,公共關係費用支出,佳美鮮花店,69622974,0.00,10000.00,,,,聯誼交際費用,金錢,臺南市安平區****,,否,,,,,,,
57,林依婷,111年臺南市議員選舉,首次申報,1111102,宣傳支出,大芮整合行銷有限公司,90235204,0.00,60000.00,,,,委託辦理研究、評估、調查、設計或規劃費用,金錢,臺南市中西區****,,否,,,,,,,
58,林依婷,111年臺南市議員選舉,首次申報,1111104,公共關係費用支出,冠庭芳花坊,36611531,0.00,5600.00,,,,聯誼交際費用,金錢,臺南市利南街****,,否,,,,,,,
59,林依婷,111年臺南市議員選舉,首次申報,1111104,公共關係費用支出,冠庭芳花坊,36611531,0.00,4200.00,,,,聯誼交際費用,金錢,臺南市利南街****,,否,,,,,,,
60,林依婷,111年臺南市議員選舉,首次申報,1111105,人事費用支出,楊雅鈞,D22*******,0.00,30000.00,,,,工資或薪津,金錢,臺南市安平區****,,否,,,,,,,
61,林依婷,111年臺南市議員選舉,首次申報,1111105,人事費用支出,蔡幸沅,R22*******,0.00,30000.00,,,,工資或薪津,金錢,臺南市安平區****,,否,,,,,,,
62,林依婷,111年臺南市議員選舉,首次申報,1111107,雜支支出,中華電信,,0.00,6115.00,,,,電信費用,金錢,臺南市中西區****,,否,,,,,,,
63,林依婷,111年臺南市議員選舉,首次申報,1111109,雜支支出,山水民意研究股份有限公司,16135975,0.00,58912.00,,,,調查費用,金錢,臺北市松山區****,0225*****,否,,,,,,,
64,林依婷,111年臺南市議員選舉,首次申報,1111110,宣傳支出,昭鴻旗幟,,0.00,400.00,,,,製作競選物品或宣傳廣告費用（物品名稱-輸出看板）,金錢,臺南市麻豆區****,06-5*****,否,,,,,,,
65,林依婷,111年臺南市議員選舉,首次申報,1111110,雜支支出,方師父餐飲店,,0.00,450.00,,,,餐飲費用,金錢,臺南市安平區****,0629*****,否,,,,,,,
66,林依婷,111年臺南市議員選舉,首次申報,1111110,雜支支出,豪北生活館有限公司,,0.00,477.00,,,,雜項購置或修繕費用,金錢,臺南市安平區****,0630*****,否,,,,,,,
67,林依婷,111年臺南市議員選舉,首次申報,1111110,雜支支出,耕宏美食館,,0.00,545.00,,,,餐飲費用,金錢,臺南市安平區****,0629*****,否,,,,,,,
68,林依婷,111年臺南市議員選舉,首次申報,1111111,雜支支出,日日鮮餐飲,,0.00,1090.00,,,,餐飲費用,金錢,臺南市安平區****,0622*****,否,,,,,,,
69,林依婷,111年臺南市議員選舉,首次申報,1111111,宣傳支出,順通水泥製品,,0.00,2800.00,,,,其他與選舉宣傳有關之費用,金錢,臺南市永康區****,0625*****,否,,,,,,,
70,林依婷,111年臺南市議員選舉,首次申報,1111112,公共關係費用支出,冠庭芳花坊,36611531,0.00,3800.00,,,,聯誼交際費用,金錢,臺南市利南街****,,否,,,,,,,
71,林依婷,111年臺南市議員選舉,首次申報,1111114,雜支支出,佳味鮪魚便當,,0.00,1375.00,,,,餐飲費用,金錢,臺南市南區金****,0629*****,否,,,,,,,
72,林依婷,111年臺南市議員選舉,首次申報,1111115,租用宣傳車輛支出,南凱發電機行,,0.00,3000.00,,,,維修宣傳車輛費用,金錢,臺南市南區中****,0626*****,否,,,,,,,
73,林依婷,111年臺南市議員選舉,首次申報,1111115,雜支支出,私房菜美食屋,,0.00,450.00,,,,餐飲費用,金錢,臺南市安平區****,0629*****,否,,,,,,,
74,林依婷,111年臺南市議員選舉,首次申報,1111115,雜支支出,方師父餐飲店,,0.00,600.00,,,,餐飲費用,金錢,臺南市安平區****,0629*****,否,,,,,,,
75,林依婷,111年臺南市議員選舉,首次申報,1111115,宣傳支出,東厚包裝材料有限公司,,0.00,810.00,,,,製作競選物品或宣傳廣告費用（物品名稱-塑膠袋）,金錢,臺南市南區南****,0629*****,否,,,,,,,
76,林依婷,111年臺南市議員選舉,首次申報,1111115,雜支支出,詠升早餐店,,0.00,430.00,,,,餐飲費用,金錢,臺南市南區大****,0621*****,否,,,,,,,
77,林依婷,111年臺南市議員選舉,首次申報,1111116,雜支支出,正安農產行,,0.00,500.00,,,,餐飲費用,金錢,臺南市永康區****,0921*****,否,,,,,,,
78,林依婷,111年臺南市議員選舉,首次申報,1111116,雜支支出,方師父餐飲店,,0.00,450.00,,,,餐飲費用,金錢,臺南市安平區****,0629*****,否,,,,,,,
79,林依婷,111年臺南市議員選舉,首次申報,1111117,雜支支出,方師父餐飲店,,0.00,1200.00,,,,餐飲費用,金錢,臺南市安平區****,0629*****,否,,,,,,,
80,林依婷,111年臺南市議員選舉,首次申報,1111118,宣傳支出,南凱實業社,,0.00,21950.00,,,,製作競選物品或宣傳廣告費用（物品名稱-廣告文宣）,金錢,臺南市南台街****,06-2*****,否,,,,,,,
81,林依婷,111年臺南市議員選舉,首次申報,1111119,集會支出,新生企業社,,0.00,5000.00,,,,租用設備費用,金錢,臺南市麻豆區****,0657*****,否,,,,,,,
82,林依婷,111年臺南市議員選舉,首次申報,1111119,雜支支出,京華小吃店,,0.00,630.00,,,,餐飲費用,金錢,臺南市安平區****,0629*****,否,,,,,,,
83,林依婷,111年臺南市議員選舉,首次申報,1111119,集會支出,國藝企業社,,0.00,28000.00,,,,租用設備費用,金錢,臺南市將軍區****,0910*****,否,,,,,,,
84,林依婷,111年臺南市議員選舉,首次申報,1111120,宣傳支出,南凱實業社,,0.00,30000.00,,,,製作競選物品或宣傳廣告費用（廣告文宣）,金錢,臺南市永康區****,06-2*****,否,,,,,,,
85,林依婷,111年臺南市議員選舉,首次申報,1111121,雜支支出,永祥名香企業社,40715312,0.00,6000.00,,,,雜項購置或修繕費用,金錢,臺南市仁和路****,,否,,,,,,,
86,林依婷,111年臺南市議員選舉,首次申報,1111125,宣傳支出,PChome加值服務,16606102,0.00,10000.00,,,,發送電信簡訊費用,金錢,臺北市敦化南****,,否,,,,,,,
87,林依婷,111年臺南市議員選舉,首次申報,1111125,宣傳支出,中中企業社,67947878,0.00,36500.00,,,,其他與選舉宣傳有關之費用,金錢,臺南市永康區****,,否,,,,,,,
88,林依婷,111年臺南市議員選舉,首次申報,1111205,集會支出,大芮整合行銷有限公司,90235204,0.00,60000.00,,,,租用設備費用,金錢,臺南市中華西****,,否,,,,,,,
89,林依婷,111年臺南市議員選舉,首次申報,1111205,人事費用支出,楊雅鈞,D22*******,0.00,30000.00,,,,工資或薪津,金錢,臺南市安平區****,,否,,,,,,,
90,林依婷,111年臺南市議員選舉,首次申報,1111205,人事費用支出,蔡幸沅,R22*******,0.00,30000.00,,,,工資或薪津,金錢,臺南市安平區****,,否,,,,,,,
91,林依婷,111年臺南市議員選舉,首次申報,1111207,宣傳支出,南凱實業社,,0.00,11700.00,,,,製作競選物品或宣傳廣告費用（物品名稱-海報）,金錢,臺南市永康南****,06-2*****,否,,,,,,,
92,林依婷,111年臺南市議員選舉,首次申報,1111210,雜支支出,50嵐,26448151,0.00,1330.00,,,,餐飲費用,金錢,臺南市南區金****,,否,,,,,,,
93,林依婷,111年臺南市議員選舉,首次申報,1111210,雜支支出,一大經濟快餐,69820974,0.00,3245.00,,,,餐飲費用,金錢,臺南市中西區****,,否,,,,,,,
94,林依婷,111年臺南市議員選舉,首次申報,1111213,宣傳支出,南凱實業社,,0.00,4200.00,,,,製作競選物品或宣傳廣告費用（物品名稱-海報）,金錢,臺南市永康南****,06-2*****,否,,,,,,,
95,林依婷,111年臺南市議員選舉,首次申報,1111213,雜支支出,永祥名香企業社,40715312,0.00,6000.00,,,,雜項購置或修繕費用,金錢,臺南市東區仁****,,否,,,,,,,
