﻿序號,擬參選人／政黨,選舉名稱,申報序號／年度,交易日期,收支科目,捐贈者／支出對象,身分證／統一編號,收入金額,支出金額,支出用途,金錢類,地址,聯絡電話,資料更正日期
1,葉竹林,107年鄉(鎮、市)長選舉,首次申報,1070908,匿名捐贈,匿名,,147.00,0.00,,金錢,,,
2,葉竹林,107年鄉(鎮、市)長選舉,首次申報,1070917,個人捐贈收入,高國欽,X12*******,1000.00,0.00,,金錢,澎湖縣馬公市****,,
3,葉竹林,107年鄉(鎮、市)長選舉,首次申報,1070927,個人捐贈收入,盧秀嬌,X22*******,100000.00,0.00,,金錢,澎湖縣馬公市****,,
4,葉竹林,107年鄉(鎮、市)長選舉,首次申報,1071002,個人捐贈收入,謝順成,M12*******,100000.00,0.00,,金錢,臺中市北區忠****,,
5,葉竹林,107年鄉(鎮、市)長選舉,首次申報,1071009,個人捐贈收入,賴麗嬌,N22*******,30000.00,0.00,,非金錢,臺中市西屯區****,,
6,葉竹林,107年鄉(鎮、市)長選舉,首次申報,1071009,個人捐贈收入,萬素玉,X22*******,6000.00,0.00,,金錢,澎湖縣湖西鄉****,,
7,葉竹林,107年鄉(鎮、市)長選舉,首次申報,1071011,個人捐贈收入,鍾永泉,E12*******,5000.00,0.00,,金錢,高雄市鳳山區****,,
8,葉竹林,107年鄉(鎮、市)長選舉,首次申報,1071015,匿名捐贈,匿名1,,2800.00,0.00,,金錢,,,
9,葉竹林,107年鄉(鎮、市)長選舉,首次申報,1071026,個人捐贈收入,嚴昭雄,R12*******,28000.00,0.00,,金錢,臺北市內湖區****,,
10,葉竹林,107年鄉(鎮、市)長選舉,首次申報,1071102,營利事業捐贈收入,松英交通有限公司,16613167,300000.00,0.00,,金錢,澎湖縣馬公市****,,
11,葉竹林,107年鄉(鎮、市)長選舉,首次申報,1071102,營利事業捐贈收入,天星管理顧問股份有限公司,53929816,300000.00,0.00,,金錢,臺北市復興南****,,
12,葉竹林,107年鄉(鎮、市)長選舉,首次申報,1071102,個人捐贈收入,藍俊昇,X10*******,100000.00,0.00,,金錢,澎湖縣馬公市****,,
13,葉竹林,107年鄉(鎮、市)長選舉,首次申報,1071109,個人捐贈收入,楊敏妙,N22*******,30000.00,0.00,,金錢,澎湖縣馬公市****,,
14,葉竹林,107年鄉(鎮、市)長選舉,首次申報,1071116,個人捐贈收入,陳金榮,F12*******,50000.00,0.00,,金錢,臺北市大安區****,,
15,葉竹林,107年鄉(鎮、市)長選舉,首次申報,1071116,個人捐贈收入,劉成媛,H22*******,50000.00,0.00,,金錢,臺北市大安區****,,
16,葉竹林,107年鄉(鎮、市)長選舉,首次申報,1071120,個人捐贈收入,陳卓介,M12*******,30000.00,0.00,,金錢,臺北市安和路****,,
17,葉竹林,107年鄉(鎮、市)長選舉,首次申報,1071221,其他收入,利息收入,,15.00,0.00,,金錢,,,
