﻿序號,擬參選人／政黨,選舉名稱,申報序號／年度,交易日期,收支科目,捐贈者／支出對象,身分證／統一編號,收入金額,支出金額,捐贈方式,存入專戶日期,返還/繳庫,支出用途,金錢類,地址,聯絡電話,應揭露之支出對象,支出對象之內部人員姓名,支出對象之內部人員職稱,政黨之內部人員姓名,政黨之內部人員職稱,關係,更正註記,資料更正日期
1,段樹文,111年桃園市議員選舉,首次申報,1110928,宣傳支出,玉豐全食品有限公司,27919453,0.00,158571.00,,,,文宣麵包,金錢,桃園市八德區****,2181*****,否,,,,,,,
2,段樹文,111年桃園市議員選舉,首次申報,1111001,宣傳支出,信美複印行,08422572,0.00,45000.00,,,,製作競選物品或宣傳廣告費用（物品名稱-競選文宣單張）,金錢,桃園市中壢區****,4663*****,否,,,,,,,
3,段樹文,111年桃園市議員選舉,首次申報,1111002,宣傳支出,信美複印行,08422572,0.00,45000.00,,,,製作競選物品或宣傳廣告費用（物品名稱-選舉文宣紙張廣告）,金錢,桃園市中壢區****,4663*****,否,,,,,,,
4,段樹文,111年桃園市議員選舉,首次申報,1111005,宣傳支出,信美複印行,08422572,0.00,50000.00,,,,製作競選物品或宣傳廣告費用（物品名稱-競選口號大張）,金錢,桃園市中壢區****,4663*****,否,,,,,,,
5,段樹文,111年桃園市議員選舉,首次申報,1111006,宣傳支出,信美複印行,08422572,0.00,45000.00,,,,製作競選物品或宣傳廣告費用（物品名稱-競選小冊）,金錢,桃園市中壢區****,4663*****,否,,,,,,,
6,段樹文,111年桃園市議員選舉,首次申報,1111006,返還捐贈支出,達運建設股份有限公司,16570723,0.00,100000.00,,,,返還,金錢,桃園市八德區****,,否,,,,,,,
7,段樹文,111年桃園市議員選舉,首次申報,1111007,宣傳支出,大金廣告社,72722224,0.00,75000.00,,,,製作競選物品或宣傳廣告費用（物品名稱-廣告帆布一批）,金錢,桃園市楊梅區****,0938*****,否,,,,,,,
8,段樹文,111年桃園市議員選舉,首次申報,1111010,宣傳支出,大金廣告社,72722224,0.00,84200.00,,,,製作競選物品或宣傳廣告費用（物品名稱-廣告帆布一批）,金錢,桃園市楊梅區****,0938*****,否,,,,,,,
9,段樹文,111年桃園市議員選舉,首次申報,1111012,宣傳支出,大金廣告社,72722224,0.00,86400.00,,,,製作競選物品或宣傳廣告費用（物品名稱-廣告帆布一批）,金錢,桃園市楊梅區****,0938*****,否,,,,,,,
10,段樹文,111年桃園市議員選舉,首次申報,1111013,人事費用支出,陳旭昇,Z10*******,0.00,1000.00,,,,工資或薪津,金錢,桃園市八德區****,3684*****,否,,,,,,,
11,段樹文,111年桃園市議員選舉,首次申報,1111013,人事費用支出,張何金,Z20*******,0.00,4000.00,,,,工資或薪津,金錢,桃園市八德區****,3684*****,否,,,,,,,
12,段樹文,111年桃園市議員選舉,首次申報,1111013,人事費用支出,陳茹萍,Z20*******,0.00,4000.00,,,,工資或薪津,金錢,桃園市八德區****,3684*****,否,,,,,,,
13,段樹文,111年桃園市議員選舉,首次申報,1111015,宣傳支出,信美複印行,08422572,0.00,60000.00,,,,製作競選物品或宣傳廣告費用（物品名稱-競選政見文宣大張）,金錢,桃園市中壢區****,4663*****,否,,,,,,,
14,段樹文,111年桃園市議員選舉,首次申報,1111015,租用宣傳車輛支出,大金廣告社,72722224,0.00,60000.00,,,,租用宣傳車輛費用,金錢,桃園市楊梅區****,0938*****,否,,,,,,,
15,段樹文,111年桃園市議員選舉,首次申報,1111017,雜支支出,立特佳五金百貨商店,,0.00,900.00,,,,輕便雨衣,金錢,桃園市八德區****,3772*****,否,,,,,,,
16,段樹文,111年桃園市議員選舉,首次申報,1111017,雜支支出,大潤發流通事業股份有限公司,53001443,0.00,684.00,,,,總部清潔用品,金錢,桃園市八德區****,3711*****,否,,,,,,,
17,段樹文,111年桃園市議員選舉,首次申報,1111018,宣傳支出,大金廣告社,72722224,0.00,46880.00,,,,製作競選物品或宣傳廣告費用（物品名稱-廣告帆布一批）,金錢,桃園市楊梅區****,0938*****,否,,,,,,,
18,段樹文,111年桃園市議員選舉,首次申報,1111020,宣傳支出,信美複印行,08422572,0.00,45000.00,,,,製作競選物品或宣傳廣告費用（物品名稱-競選文宣紙小）,金錢,桃園市中壢區****,4663*****,否,,,,,,,
19,段樹文,111年桃園市議員選舉,首次申報,1111021,宣傳支出,信美複印行,08422572,0.00,60000.00,,,,製作競選物品或宣傳廣告費用（物品名稱-地方建設文宣紙）,金錢,桃園市中壢區****,4663*****,否,,,,,,,
20,段樹文,111年桃園市議員選舉,首次申報,1111023,租用宣傳車輛支出,大金廣告社,72722224,0.00,60000.00,,,,租用宣傳車輛費用,金錢,桃園市楊梅區****,0938*****,否,,,,,,,
21,段樹文,111年桃園市議員選舉,首次申報,1111025,宣傳支出,信美複印行,08422572,0.00,80000.00,,,,製作競選物品或宣傳廣告費用（物品名稱-總部成立宣傳紙）,金錢,桃園市中壢區****,4663*****,否,,,,,,,
22,段樹文,111年桃園市議員選舉,首次申報,1111025,雜支支出,立特佳五金百貨商店,26635247,0.00,160.00,,,,文具用品費用,金錢,桃園市八德區****,3772*****,否,,,,,,,
23,段樹文,111年桃園市議員選舉,首次申報,1111025,人事費用支出,施陳珠蓮,Q20*******,0.00,4000.00,,,,工資或薪津,金錢,桃園市八德區****,3683*****,否,,,,,,,
24,段樹文,111年桃園市議員選舉,首次申報,1111031,宣傳支出,玉豐全食品有限公司,27919453,0.00,204120.00,,,,玉豐全食品有限公司,金錢,桃園市八德區****,2181*****,否,,,,,,,
25,段樹文,111年桃園市議員選舉,首次申報,1111031,租用宣傳車輛支出,大金廣告社,72722224,0.00,60000.00,,,,租用宣傳車輛費用,金錢,桃園市楊梅區****,0938*****,否,,,,,,,
26,段樹文,111年桃園市議員選舉,首次申報,1111101,宣傳支出,宏達多媒體傳播,10475568,0.00,30000.00,,,,製作競選物品或宣傳廣告費用（物品名稱-宣傳廣告設計）,金錢,臺南市永康區****,0625*****,否,,,,,,,
27,段樹文,111年桃園市議員選舉,首次申報,1111101,宣傳支出,大金廣告社,72722224,0.00,69200.00,,,,製作競選物品或宣傳廣告費用（物品名稱-廣告帆布一批）,金錢,桃園市楊梅區****,0938*****,否,,,,,,,
28,段樹文,111年桃園市議員選舉,首次申報,1111101,宣傳支出,大金廣告社,72722224,0.00,54720.00,,,,製作競選物品或宣傳廣告費用（物品名稱-搭設帆布鷹架）,金錢,桃園市楊梅區****,0938*****,否,,,,,,,
29,段樹文,111年桃園市議員選舉,首次申報,1111102,宣傳支出,信美複印行,08422572,0.00,60000.00,,,,製作競選物品或宣傳廣告費用（物品名稱-包裝用文宣紙）,金錢,桃園市中壢區****,4663*****,否,,,,,,,
30,段樹文,111年桃園市議員選舉,首次申報,1111102,宣傳支出,大金廣告社,72722224,0.00,90000.00,,,,製作競選物品或宣傳廣告費用（物品名稱-競選帽子）,金錢,桃園市楊梅區****,0938*****,否,,,,,,,
31,段樹文,111年桃園市議員選舉,首次申報,1111105,宣傳支出,信美複印行,08422572,0.00,50000.00,,,,製作競選物品或宣傳廣告費用（物品名稱-競選政見小張）,金錢,桃園市中壢區****,4663*****,否,,,,,,,
32,段樹文,111年桃園市議員選舉,首次申報,1111105,雜支支出,立特佳五金百貨商店,26635247,0.00,500.00,,,,雜項購置或修繕費用,金錢,桃園市八德區****,3772*****,否,,,,,,,
33,段樹文,111年桃園市議員選舉,首次申報,1111105,宣傳支出,大金廣告社,72722224,0.00,66000.00,,,,製作競選物品或宣傳廣告費用（物品名稱-廣告帆布一批）,金錢,桃園市楊梅區****,0938*****,否,,,,,,,
34,段樹文,111年桃園市議員選舉,首次申報,1111108,宣傳支出,大金廣告社,72722224,0.00,76000.00,,,,製作競選物品或宣傳廣告費用（物品名稱-廣告帆布一批）,金錢,桃園市楊梅區****,0938*****,否,,,,,,,
35,段樹文,111年桃園市議員選舉,首次申報,1111110,宣傳支出,信美複印行,08422572,0.00,60000.00,,,,製作競選物品或宣傳廣告費用（物品名稱-政見文宣雙面）,金錢,桃園市中壢區****,4663*****,否,,,,,,,
36,段樹文,111年桃園市議員選舉,首次申報,1111110,宣傳支出,大金廣告社,72722224,0.00,64000.00,,,,製作競選物品或宣傳廣告費用（物品名稱-文宣手搖旗）,金錢,桃園市楊梅區****,0938*****,否,,,,,,,
37,段樹文,111年桃園市議員選舉,首次申報,1111110,租用宣傳車輛支出,大金廣告社,72722224,0.00,60000.00,,,,租用宣傳車輛費用,金錢,桃園市楊梅區****,0938*****,否,,,,,,,
38,段樹文,111年桃園市議員選舉,首次申報,1111111,宣傳支出,信美複印行,08422572,0.00,60000.00,,,,製作競選物品或宣傳廣告費用（物品名稱-政見說明會文宣）,金錢,桃園市中壢區****,4663*****,否,,,,,,,
39,段樹文,111年桃園市議員選舉,首次申報,1111111,宣傳支出,大金廣告社,72722224,0.00,65340.00,,,,製作競選物品或宣傳廣告費用（物品名稱-廣告帆布一批）,金錢,桃園市楊梅區****,0938*****,否,,,,,,,
40,段樹文,111年桃園市議員選舉,首次申報,1111113,宣傳支出,信美複印行,08422572,0.00,50000.00,,,,製作競選物品或宣傳廣告費用（物品名稱-競選小卡文宣）,金錢,桃園市中壢區****,4663*****,否,,,,,,,
41,段樹文,111年桃園市議員選舉,首次申報,1111114,宣傳支出,大金廣告社,72722224,0.00,48000.00,,,,製作競選物品或宣傳廣告費用（物品名稱-廣告帆布一批）,金錢,桃園市楊梅區****,0938*****,否,,,,,,,
42,段樹文,111年桃園市議員選舉,首次申報,1111115,宣傳支出,信美複印行,08422572,0.00,35000.00,,,,製作競選物品或宣傳廣告費用（物品名稱-競選單面文宣）,金錢,桃園市中壢區****,4663*****,否,,,,,,,
43,段樹文,111年桃園市議員選舉,首次申報,1111115,宣傳支出,大金廣告社,72722224,0.00,80080.00,,,,製作競選物品或宣傳廣告費用（物品名稱-廣告帆布一批）,金錢,桃園市楊梅區****,0938*****,否,,,,,,,
44,段樹文,111年桃園市議員選舉,首次申報,1111117,宣傳支出,元昇廣告有限公司,80095252,0.00,3780.00,,,,製作競選物品或宣傳廣告費用（物品名稱-大型帆布）,金錢,桃園市八德區****,3621*****,否,,,,,,,
45,段樹文,111年桃園市議員選舉,首次申報,1111120,宣傳支出,信美複印行,08422572,0.00,50000.00,,,,製作競選物品或宣傳廣告費用（物品名稱-競選號碼貼紙印刷）,金錢,桃園市中壢區****,4663*****,否,,,,,,,
46,段樹文,111年桃園市議員選舉,首次申報,1111120,宣傳支出,大金廣告社,72722224,0.00,79600.00,,,,製作競選物品或宣傳廣告費用（物品名稱-廣告帆布一批）,金錢,桃園市楊梅區****,0938*****,否,,,,,,,
47,段樹文,111年桃園市議員選舉,首次申報,1111120,雜支支出,競選總部,H12*******,0.00,50000.00,,,,餐飲費用,非金錢,桃園市八德區****,,否,,,,,,,
48,段樹文,111年桃園市議員選舉,首次申報,1111120,人事費用支出,陳要俤,H20*******,0.00,2500.00,,,,工資或薪津,金錢,桃園市八德區****,,否,,,,,,,
49,段樹文,111年桃園市議員選舉,首次申報,1111120,人事費用支出,韋陳寶珠,H22*******,0.00,4000.00,,,,工資或薪津,金錢,桃園市八德區****,0982*****,否,,,,,,,
50,段樹文,111年桃園市議員選舉,首次申報,1111120,人事費用支出,譚武生,J12*******,0.00,11000.00,,,,工資或薪津,金錢,桃園市八德區****,0921*****,否,,,,,,,
51,段樹文,111年桃園市議員選舉,首次申報,1111121,返還捐贈支出,和豐地產開發有限公司,54251313,0.00,100000.00,,,,返還,金錢,桃園市大溪區****,,否,,,,,,,
52,段樹文,111年桃園市議員選舉,首次申報,1111122,宣傳支出,信美複印行,08422572,0.00,72000.00,,,,製作競選物品或宣傳廣告費用（物品名稱-競選政見文宣一批）,金錢,桃園市中壢區****,4663*****,否,,,,,,,
53,段樹文,111年桃園市議員選舉,首次申報,1111122,宣傳支出,大金廣告社,72722224,0.00,82000.00,,,,製作競選物品或宣傳廣告費用（物品名稱-廣告帆布一批）,金錢,桃園市楊梅區****,0938*****,否,,,,,,,
54,段樹文,111年桃園市議員選舉,首次申報,1111123,宣傳支出,大金廣告社,72722224,0.00,50000.00,,,,製作競選物品或宣傳廣告費用（物品名稱-文宣小帆布）,金錢,桃園市楊梅區****,0938*****,否,,,,,,,
55,段樹文,111年桃園市議員選舉,首次申報,1111124,宣傳支出,信美複印行,08422572,0.00,50000.00,,,,製作競選物品或宣傳廣告費用（物品名稱-競選總部成立邀請卡）,金錢,桃園市中壢區****,4663*****,否,,,,,,,
56,段樹文,111年桃園市議員選舉,首次申報,1111125,宣傳支出,信美複印行,08422572,0.00,60000.00,,,,製作競選物品或宣傳廣告費用（物品名稱-競選文宣紙張廣告）,金錢,桃園市中壢區****,4663*****,否,,,,,,,
57,段樹文,111年桃園市議員選舉,首次申報,1111125,租用宣傳車輛支出,大金廣告社,72722224,0.00,60000.00,,,,租用宣傳車輛費用,金錢,桃園市楊梅區****,0938*****,否,,,,,,,
58,段樹文,111年桃園市議員選舉,首次申報,1111128,宣傳支出,玉豐全食品有限公司,27919453,0.00,376110.00,,,,玉豐全食品有限公司,金錢,桃園市八德區****,2181*****,否,,,,,,,
59,段樹文,111年桃園市議員選舉,首次申報,1111128,集會支出,偲特奇活動工程有限公司,54933021,0.00,198975.00,,,,租用設備費用,金錢,桃園市八德區****,0910*****,否,,,,,,,
60,段樹文,111年桃園市議員選舉,首次申報,1111201,宣傳支出,信美複印行,08422572,0.00,45000.00,,,,製作競選物品或宣傳廣告費用（物品名稱-文宣雙面）,金錢,桃園市中壢區****,4663*****,否,,,,,,,
61,段樹文,111年桃園市議員選舉,首次申報,1111201,宣傳支出,信美複印行,08422572,0.00,45000.00,,,,製作競選物品或宣傳廣告費用（物品名稱-文宣雙面）,金錢,桃園市中壢區****,4663*****,否,,,,,,,
62,段樹文,111年桃園市議員選舉,首次申報,1111212,返還捐贈支出,三葉造漆工業股份有限公司,04539592,0.00,256092.00,,,,返還,金錢,桃園市平鎮區****,,否,,,,,,,
63,段樹文,111年桃園市議員選舉,首次申報,1111212,返還捐贈支出,三葉造漆工業股份有限公司,04539592,0.00,43908.00,,,,返還,金錢,桃園市平鎮區****,,否,,,,,,,
64,段樹文,111年桃園市議員選舉,首次申報,1111221,返還捐贈支出,睿澤事業有限公司,82781947,0.00,100000.00,,,,返還,金錢,桃園市桃園區****,,否,,,,,,,
65,段樹文,111年桃園市議員選舉,首次申報,1120111,返還捐贈支出,先趨科股份有限公司,53985176,0.00,20000.00,,,,返還,金錢,桃園市蘆竹區****,,否,,,,,,,
66,段樹文,111年桃園市議員選舉,首次申報,1120111,返還捐贈支出,况氏家族工程事業有限公司,69589497,0.00,30000.00,,,,返還,金錢,桃園市八德區****,,否,,,,,,,
67,段樹文,111年桃園市議員選舉,首次申報,1120113,返還捐贈支出,助商工業有限公司,42566555,0.00,50000.00,,,,返還,金錢,桃園市蘆竹區****,,否,,,,,,,
