﻿序號,擬參選人／政黨,選舉名稱,申報序號／年度,交易日期,收支科目,捐贈者／支出對象,身分證／統一編號,收入金額,支出金額,捐贈方式,存入專戶日期,返還/繳庫,支出用途,金錢類,地址,聯絡電話,應揭露之支出對象,支出對象之內部人員姓名,支出對象之內部人員職稱,政黨之內部人員姓名,政黨之內部人員職稱,關係,更正註記,資料更正日期
1,段樹文,111年桃園市議員選舉,首次申報,1110908,個人捐贈收入,簡豐年,F12*******,20000.00,0.00,匯款,1110908,,,金錢,臺北市北投區****,0935*****,,,,,,,,
2,段樹文,111年桃園市議員選舉,首次申報,1110913,營利事業捐贈收入,凰暄工程股份有限公司,28935282,200000.00,0.00,匯款,1110913,,,金錢,桃園市大溪區****,0953*****,,,,,,,,
3,段樹文,111年桃園市議員選舉,首次申報,1110914,營利事業捐贈收入,莊福齒輪工業股份有限公司,86811507,36000.00,0.00,匯款,1110914,,,金錢,桃園市八德區****,3677*****,,,,,,,,
4,段樹文,111年桃園市議員選舉,首次申報,1110921,營利事業捐贈收入,瑛陞國際股份有限公司,90485011,200000.00,0.00,匯款,1110921,,,金錢,桃園市中壢區****,,,,,,,,,
5,段樹文,111年桃園市議員選舉,首次申報,1110922,營利事業捐贈收入,匯旺不動產開發有限公司,53156298,75000.00,0.00,匯款,1110922,,,金錢,桃園市八德區****,3666*****,,,,,,,,
6,段樹文,111年桃園市議員選舉,首次申報,1110922,營利事業捐贈收入,匯城不動產開發有限公司,53798011,75000.00,0.00,匯款,1110922,,,金錢,桃園市八德區****,3666*****,,,,,,,,
7,段樹文,111年桃園市議員選舉,首次申報,1110922,營利事業捐贈收入,匯昌不動產開發有限公司,54538133,75000.00,0.00,匯款,1110922,,,金錢,桃園市八德區****,3681*****,,,,,,,,
8,段樹文,111年桃園市議員選舉,首次申報,1110922,營利事業捐贈收入,匯業廣告股份有限公司,86529939,75000.00,0.00,匯款,1110922,,,金錢,桃園市八德區****,3666*****,,,,,,,,
9,段樹文,111年桃園市議員選舉,首次申報,1110926,營利事業捐贈收入,達運建設股份有限公司,16570723,100000.00,0.00,票據,1110926,已返還,,金錢,桃園市八德區****,0337*****,,,,,,,,
10,段樹文,111年桃園市議員選舉,首次申報,1110926,營利事業捐贈收入,况氏家族工程事業有限公司,69589497,30000.00,0.00,匯款,1110926,已返還,,金錢,桃園市八德區****,,,,,,,,,
11,段樹文,111年桃園市議員選舉,首次申報,1111002,個人捐贈收入,廖泰椲,H12*******,100000.00,0.00,匯款,1111002,,,金錢,桃園市八德區****,0963*****,,,,,,,,
12,段樹文,111年桃園市議員選舉,首次申報,1111003,營利事業捐贈收入,志廣實業有限公司,27599846,100000.00,0.00,匯款,1111003,,,金錢,新北市林口區****,2602*****,,,,,,,,
13,段樹文,111年桃園市議員選舉,首次申報,1111011,個人捐贈收入,林擁淇,M22*******,2000.00,0.00,匯款,1111011,,,金錢,桃園市八德區****,0928*****,,,,,,,,
14,段樹文,111年桃園市議員選舉,首次申報,1111011,個人捐贈收入,胡玉明,Z10*******,100000.00,0.00,票據,1111011,,,金錢,桃園市八德區****,0911*****,,,,,,,,
15,段樹文,111年桃園市議員選舉,首次申報,1111017,營利事業捐贈收入,登瑞建設股份有限公司,23415282,100000.00,0.00,匯款,1111017,,,金錢,桃園市桃園區****,3028*****,,,,,,,,
16,段樹文,111年桃園市議員選舉,首次申報,1111017,營利事業捐贈收入,登瑞建設股份有限公司,23415282,50000.00,0.00,,,,,非金錢,桃園市桃園區****,0330*****,,,,,,,,
17,段樹文,111年桃園市議員選舉,首次申報,1111019,營利事業捐贈收入,和豐地產開發有限公司,54251313,100000.00,0.00,匯款,1111019,已返還,,金錢,桃園市大溪區****,0339*****,,,,,,,,
18,段樹文,111年桃園市議員選舉,首次申報,1111022,個人捐贈收入,尤清旗,H12*******,100000.00,0.00,匯款,1111022,,,金錢,桃園市大溪區****,0910*****,,,,,,,,
19,段樹文,111年桃園市議員選舉,首次申報,1111023,營利事業捐贈收入,明記黃豆食品有限公司,28743138,100000.00,0.00,票據,1111023,,,金錢,桃園市八德區****,3660*****,,,,,,,,
20,段樹文,111年桃園市議員選舉,首次申報,1111023,個人捐贈收入,呂俊達,H12*******,20000.00,0.00,匯款,1111023,,,金錢,桃園市八德區****,0955*****,,,,,,,,
21,段樹文,111年桃園市議員選舉,首次申報,1111025,營利事業捐贈收入,樺勝環保事業股份有限公司,12716521,100000.00,0.00,匯款,1111025,,,金錢,桃園市觀音區****,4833*****,,,,,,,,
22,段樹文,111年桃園市議員選舉,首次申報,1111026,營利事業捐贈收入,昆三實業有限公司,97433411,100000.00,0.00,匯款,1111026,,,金錢,桃園市八德區****,0932*****,,,,,,,,
23,段樹文,111年桃園市議員選舉,首次申報,1111027,營利事業捐贈收入,日上科技有限公司,28102773,20000.00,0.00,匯款,1111027,,,金錢,桃園市八德區****,3662*****,,,,,,,,
24,段樹文,111年桃園市議員選舉,首次申報,1111027,營利事業捐贈收入,真準科技有限公司,53368194,20000.00,0.00,匯款,1111027,,,金錢,桃園市桃園區****,3779*****,,,,,,,,
25,段樹文,111年桃園市議員選舉,首次申報,1111027,營利事業捐贈收入,慶福鋼鐵有限公司,89364593,20000.00,0.00,匯款,1111027,,,金錢,桃園市八德區****,0910*****,,,,,,,,
26,段樹文,111年桃園市議員選舉,首次申報,1111029,個人捐贈收入,羅子翔,H12*******,12000.00,0.00,匯款,1111029,,,金錢,桃園市大溪區****,0915*****,,,,,,,,
27,段樹文,111年桃園市議員選舉,首次申報,1111102,個人捐贈收入,李游碧娥,G20*******,100000.00,0.00,現金,1111102,,,金錢,桃園市八德區****,,,,,,,,,
28,段樹文,111年桃園市議員選舉,首次申報,1111102,個人捐贈收入,李武麒,H10*******,100000.00,0.00,匯款,1111102,,,金錢,桃園市八德區****,0937*****,,,,,,,,
29,段樹文,111年桃園市議員選舉,首次申報,1111102,個人捐贈收入,李金水,H10*******,100000.00,0.00,匯款,1111102,,,金錢,桃園市八德區****,0963*****,,,,,,,,
30,段樹文,111年桃園市議員選舉,首次申報,1111102,個人捐贈收入,李吳欣容,H20*******,100000.00,0.00,匯款,1111102,,,金錢,桃園市八德區****,,,,,,,,,
31,段樹文,111年桃園市議員選舉,首次申報,1111103,營利事業捐贈收入,哲暐工程有限公司,43899187,50000.00,0.00,匯款,1111103,,,金錢,桃園市八德區****,3671*****,,,,,,,,
32,段樹文,111年桃園市議員選舉,首次申報,1111103,營利事業捐贈收入,先趨科股份有限公司,53985176,20000.00,0.00,匯款,1111103,已返還,,金錢,桃園市蘆竹區****,,,,,,,,,
33,段樹文,111年桃園市議員選舉,首次申報,1111103,營利事業捐贈收入,準耀工程有限公司,86998897,20000.00,0.00,匯款,1111103,,,金錢,桃園市八德區****,3628*****,,,,,,,,
34,段樹文,111年桃園市議員選舉,首次申報,1111104,營利事業捐贈收入,三葉造漆工業股份有限公司,04539592,300000.00,0.00,匯款,1111104,已返還,,金錢,桃園市平鎮區****,,,,,,,,,
35,段樹文,111年桃園市議員選舉,首次申報,1111104,營利事業捐贈收入,泰祥建設股份有限公司,30811202,200000.00,0.00,票據,1111104,,,金錢,臺北市松山區****,2713*****,,,,,,,,
36,段樹文,111年桃園市議員選舉,首次申報,1111104,營利事業捐贈收入,助商工業有限公司,42566555,50000.00,0.00,匯款,1111104,已返還,,金錢,桃園市蘆竹區****,03-3*****,,,,,,,,
37,段樹文,111年桃園市議員選舉,首次申報,1111104,個人捐贈收入,蕭裕台,A12*******,6000.00,0.00,匯款,1111104,,,金錢,桃園市桃園區****,,,,,,,,,
38,段樹文,111年桃園市議員選舉,首次申報,1111104,個人捐贈收入,李松鵬,F12*******,100000.00,0.00,現金,1111104,,,金錢,新北市板橋區****,0912*****,,,,,,,,
39,段樹文,111年桃園市議員選舉,首次申報,1111104,個人捐贈收入,尤盛頤,G12*******,100000.00,0.00,匯款,1111104,,,金錢,宜蘭縣五結鄉****,0913*****,,,,,,,,
40,段樹文,111年桃園市議員選舉,首次申報,1111104,個人捐贈收入,廖春安,P10*******,60000.00,0.00,匯款,1111104,,,金錢,桃園市八德區****,0953*****,,,,,,,,
41,段樹文,111年桃園市議員選舉,首次申報,1111104,個人捐贈收入,廖三民,P10*******,100000.00,0.00,票據,1111104,,,金錢,桃園市八德區****,3731*****,,,,,,,,
42,段樹文,111年桃園市議員選舉,首次申報,1111104,個人捐贈收入,蔡珮慈,Q22*******,50000.00,0.00,匯款,1111104,,,金錢,桃園市八德區****,0938*****,,,,,,,,
43,段樹文,111年桃園市議員選舉,首次申報,1111105,營利事業捐贈收入,品昱國際建材有限公司,80056188,60000.00,0.00,匯款,1111105,,,金錢,桃園市八德區****,3680*****,,,,,,,,
44,段樹文,111年桃園市議員選舉,首次申報,1111105,個人捐贈收入,黃芳文,F22*******,100000.00,0.00,匯款,1111105,,,金錢,新北市林口區****,0918*****,,,,,,,,
45,段樹文,111年桃園市議員選舉,首次申報,1111106,營利事業捐贈收入,鴗龍國際企業有限公司,90043022,55555.00,0.00,匯款,1111106,,,金錢,桃園市龍潭區****,0973*****,,,,,,,,
46,段樹文,111年桃園市議員選舉,首次申報,1111106,營利事業捐贈收入,鴗川國際企業有限公司,90560735,55555.00,0.00,匯款,1111106,,,金錢,桃園市龍潭區****,0989*****,,,,,,,,
47,段樹文,111年桃園市議員選舉,首次申報,1111110,營利事業捐贈收入,大量科技股份有限公司,43938484,5000.00,0.00,匯款,1111110,,,金錢,桃園市八德區****,3686*****,,,,,,,,
48,段樹文,111年桃園市議員選舉,首次申報,1111110,營利事業捐贈收入,義得泰企業有限公司,86569397,50000.00,0.00,匯款,1111110,,,金錢,桃園市八德區****,3665*****,,,,,,,,
49,段樹文,111年桃園市議員選舉,首次申報,1111111,營利事業捐贈收入,傳舜企業有限公司,16356287,100000.00,0.00,匯款,1111111,,,金錢,桃園市八德區****,3778*****,,,,,,,,
50,段樹文,111年桃園市議員選舉,首次申報,1111112,營利事業捐贈收入,睿澤事業有限公司,82781947,100000.00,0.00,匯款,1111112,已返還,,金錢,桃園市桃園區****,03-3*****,,,,,,,,
51,段樹文,111年桃園市議員選舉,首次申報,1111113,個人捐贈收入,李國安,H12*******,100000.00,0.00,匯款,1111113,,,金錢,桃園市八德區****,0989*****,,,,,,,,
52,段樹文,111年桃園市議員選舉,首次申報,1111114,營利事業捐贈收入,堃暘建設有限公司,69663313,80000.00,0.00,票據,1111114,,,金錢,桃園市桃園區****,0910*****,,,,,,,,
53,段樹文,111年桃園市議員選舉,首次申報,1111115,人民團體捐贈收入,桃園市景觀工程商業同業公會,,3000.00,0.00,匯款,1111115,,,金錢,桃園市桃園區****,0936*****,,,,,,,,
54,段樹文,111年桃園市議員選舉,首次申報,1111117,個人捐贈收入,謝國庫,H10*******,100000.00,0.00,匯款,1111117,,,金錢,桃園市八德區****,0912*****,,,,,,,,
55,段樹文,111年桃園市議員選舉,首次申報,1111118,匿名捐贈,匿名,,2022.00,0.00,匯款,1111118,,,金錢,,,,,,,,,,
56,段樹文,111年桃園市議員選舉,首次申報,1111122,個人捐贈收入,范姜鈞照,H12*******,10000.00,0.00,匯款,1111122,,,金錢,桃園市八德區****,0937*****,,,,,,,,
57,段樹文,111年桃園市議員選舉,首次申報,1111221,其他收入,利息收入,,686.00,0.00,匯款,1111221,,,金錢,,,,,,,,,,
