﻿序號,擬參選人／政黨,選舉名稱,申報序號／年度,交易日期,收支科目,捐贈者／支出對象,身分證／統一編號,收入金額,支出金額,捐贈方式,存入專戶日期,返還/繳庫,支出用途,金錢類,地址,聯絡電話,應揭露之支出對象,支出對象之內部人員姓名,支出對象之內部人員職稱,政黨之內部人員姓名,政黨之內部人員職稱,關係,更正註記,資料更正日期
1,洪森永,111年基隆市議員選舉,首次申報,1110715,營利事業捐贈收入,毅太企業股份有限公司,12264131,100000.00,0.00,匯款,1110715,,,金錢,基隆市安樂區****,2434*****,,,,,,,,
2,洪森永,111年基隆市議員選舉,首次申報,1110719,個人捐贈收入,蘇麗秀,,10000.00,0.00,現金,1110719,,,金錢,基隆市安樂區****,0935*****,,,,,,,,
3,洪森永,111年基隆市議員選舉,首次申報,1110804,個人捐贈收入,柯敏龍,C12*******,20000.00,0.00,匯款,1110804,,,金錢,基隆市暖暖區****,0926*****,,,,,,,,
4,洪森永,111年基隆市議員選舉,首次申報,1110831,營利事業捐贈收入,順易利實業有限公司,16734752,299250.00,0.00,,,,,非金錢,基隆市安樂區****,2432*****,,,,,,,,
5,洪森永,111年基隆市議員選舉,首次申報,1110906,營利事業捐贈收入,矽谷能源股份有限公司,24749414,30000.00,0.00,匯款,1110906,,,金錢,基隆市安樂區****,2428*****,,,,,,,,
6,洪森永,111年基隆市議員選舉,首次申報,1110915,個人捐贈收入,張文珍,J10*******,10000.00,0.00,匯款,1110915,,,金錢,,0937*****,,,,,,,,
7,洪森永,111年基隆市議員選舉,首次申報,1110927,營利事業捐贈收入,新發製鋼股份有限公司,20668001,100000.00,0.00,匯款,1110927,,,金錢,基隆市七堵區****,2451*****,,,,,,,,
8,洪森永,111年基隆市議員選舉,首次申報,1111004,營利事業捐贈收入,順易利實業有限公司,16734752,300000.00,0.00,,,,,非金錢,基隆市安樂區****,2432*****,,,,,,,,
9,洪森永,111年基隆市議員選舉,首次申報,1111005,營利事業捐贈收入,台灣愛邦仕實業有限公司,51359540,30000.00,0.00,現金,1111005,,,金錢,基隆市安樂區****,2431*****,,,,,,,,
10,洪森永,111年基隆市議員選舉,首次申報,1111027,個人捐贈收入,何怡貞,F22*******,50000.00,0.00,匯款,1111027,,,金錢,基隆市安樂區****,0988*****,,,,,,,,
11,洪森永,111年基隆市議員選舉,首次申報,1111101,個人捐贈收入,陳鴻億,N12*******,20000.00,0.00,現金,1111101,,,金錢,基隆市安樂區****,0933*****,,,,,,,,
12,洪森永,111年基隆市議員選舉,首次申報,1111109,營利事業捐贈收入,順易利實業有限公司,16734752,296250.00,0.00,,,,,非金錢,基隆市安樂區****,2432*****,,,,,,,,
13,洪森永,111年基隆市議員選舉,首次申報,1111114,個人捐贈收入,林培雯,F22*******,50000.00,0.00,票據,1111114,,,金錢,新北市中和區****,0920*****,,,,,,,,
