﻿序號,擬參選人／政黨,選舉名稱,申報序號／年度,交易日期,收支科目,捐贈者／支出對象,身分證／統一編號,收入金額,支出金額,捐贈方式,存入專戶日期,返還/繳庫,支出用途,金錢類,地址,聯絡電話,應揭露之支出對象,支出對象之內部人員姓名,支出對象之內部人員職稱,政黨之內部人員姓名,政黨之內部人員職稱,關係,更正註記,資料更正日期
1,李伯利,111年臺南市議員選舉,首次申報,1110503,公共關係費用支出,華南鮮花店,06374666,0.00,1500.00,,,,聯誼交際費用-告別式花籃,金錢,臺南市南區中****,,否,,,,,,,
2,李伯利,111年臺南市議員選舉,首次申報,1110503,雜支支出,威廷鰻丼企業社,47960839,0.00,1170.00,,,,餐飲費用,金錢,臺南市東區龍****,,否,,,,,,,
3,李伯利,111年臺南市議員選舉,首次申報,1110503,雜支支出,莉莉水果店,68650607,0.00,320.00,,,,餐飲費用,金錢,臺南市中西區****,,否,,,,,,,
4,李伯利,111年臺南市議員選舉,首次申報,1110505,公共關係費用支出,驛動的心商行,29456534,0.00,500.00,,,,花盆,金錢,臺南市中西區****,0931*****,否,,,,,,,
5,李伯利,111年臺南市議員選舉,首次申報,1110506,雜支支出,長鱻魚翅火鍋,41269395,0.00,1380.00,,,,餐飲費用,金錢,高雄市茄萣區****,,否,,,,,,,
6,李伯利,111年臺南市議員選舉,首次申報,1110517,雜支支出,威廷鰻丼企業社,47960839,0.00,1225.00,,,,餐飲費用,金錢,臺南市東區龍****,,否,,,,,,,
7,李伯利,111年臺南市議員選舉,首次申報,1110517,宣傳支出,江洋化工有限公司,69522497,0.00,2200.00,,,,製作競選物品或宣傳廣告費用（酒精）,金錢,臺南市南區廣****,06-2*****,否,,,,,,,
8,李伯利,111年臺南市議員選舉,首次申報,1110518,宣傳支出,宜安醫療器材有限公司,64896138,0.00,1600.00,,,,製作競選物品或宣傳廣告費用（除菌液）,金錢,臺南市南區國****,06-2*****,否,,,,,,,
9,李伯利,111年臺南市議員選舉,首次申報,1110519,宣傳支出,宜安醫療器材有限公司,64896138,0.00,800.00,,,,製作競選物品或宣傳廣告費用（除菌液）,金錢,臺南市南區國****,06-2*****,否,,,,,,,
10,李伯利,111年臺南市議員選舉,首次申報,1110521,雜支支出,開元魨魠魚焿,81369976,0.00,220.00,,,,餐飲費用,金錢,臺南市北區開****,06-2*****,否,,,,,,,
11,李伯利,111年臺南市議員選舉,首次申報,1110524,宣傳支出,吉祥藝廣告企業有限公司,54067843,0.00,90720.00,,,,租用廣告看板或車體廣告費用,金錢,臺南市歸仁區****,06-3*****,否,,,,,,,
12,李伯利,111年臺南市議員選舉,首次申報,1110524,雜支支出,老丘飲料店,81363163,0.00,100.00,,,,餐飲費用,金錢,臺南市中西區****,,否,,,,,,,
13,李伯利,111年臺南市議員選舉,首次申報,1110524,雜支支出,品沺商行,85954175,0.00,140.00,,,,餐飲費用,金錢,臺南市東區德****,,否,,,,,,,
14,李伯利,111年臺南市議員選舉,首次申報,1110528,雜支支出,冠成冰菓室,62993079,0.00,310.00,,,,餐飲費用,金錢,臺南市安平區****,,否,,,,,,,
15,李伯利,111年臺南市議員選舉,首次申報,1110601,雜支支出,烏家庄小吃店,13930507,0.00,4800.00,,,,餐飲費用,金錢,臺南市中西區****,,否,,,,,,,
16,李伯利,111年臺南市議員選舉,首次申報,1110601,宣傳支出,吉祥藝廣告企業有限公司,54067843,0.00,4586.00,,,,製作競選物品或宣傳廣告費用（帆布）,金錢,臺南市歸仁區****,06-3*****,否,,,,,,,
17,李伯利,111年臺南市議員選舉,首次申報,1110603,宣傳支出,晶采影像輸出企業社,99592006,0.00,17294.00,,,,製作競選物品或宣傳廣告費用（廣告噴畫）,金錢,臺南市安平區****,06-2*****,否,,,,,,,
18,李伯利,111年臺南市議員選舉,首次申報,1110608,宣傳支出,決策大數據有限公司,16805741,0.00,136500.00,,,,民調費用,金錢,新北市板橋區****,02-6*****,否,,,,,,,
19,李伯利,111年臺南市議員選舉,首次申報,1110616,宣傳支出,向晟企業有限公司,42932384,0.00,17698.00,,,,製作競選物品或宣傳廣告費用（帆布）,金錢,臺南市安平區****,06-2*****,否,,,,,,,
20,李伯利,111年臺南市議員選舉,首次申報,1110616,租用宣傳車輛支出,學友音響有限公司,53868424,0.00,20843.00,,,,其他與租用宣傳車輛有關之費用(裝喇叭擴音器),金錢,臺南市南區文****,06-2*****,否,,,,,,,
21,李伯利,111年臺南市議員選舉,首次申報,1110616,租用競選辦事處支出,成大吉禮品社,68215318,0.00,11000.00,,,,其他與租用競選辦事處有關之費用(大掛圖),金錢,臺南市中西區****,06-2*****,否,,,,,,,
22,李伯利,111年臺南市議員選舉,首次申報,1110617,雜支支出,聚握可茶飲店,26460226,0.00,300.00,,,,餐飲費用,金錢,臺南市東區大****,06-2*****,否,,,,,,,
23,李伯利,111年臺南市議員選舉,首次申報,1110617,雜支支出,御品司坊,85901683,0.00,700.00,,,,餐飲費用,金錢,臺南市南區金****,06-2*****,否,,,,,,,
24,李伯利,111年臺南市議員選舉,首次申報,1110621,雜支支出,安汰文化事業有限公司,80732885,0.00,27.00,,,,文具用品費用,金錢,臺南市安平區****,06-2*****,否,,,,,,,
25,李伯利,111年臺南市議員選舉,首次申報,1110621,雜支支出,隆雅印鎖行,87848030,0.00,80.00,,,,雜項購置或修繕費用-鑰匙,金錢,臺南市南區白****,06-2*****,否,,,,,,,
26,李伯利,111年臺南市議員選舉,首次申報,1110622,雜支支出,寶鎂生活館有限公司,12645580,0.00,50.00,,,,雜項購置或修繕費用(橡皮筋捆口罩用),金錢,臺南市南區文****,,否,,,,,,,
27,李伯利,111年臺南市議員選舉,首次申報,1110623,雜支支出,茶果園水果茶舖,15726712,0.00,600.00,,,,餐飲費用,金錢,臺南市安南區****,06-2*****,否,,,,,,,
28,李伯利,111年臺南市議員選舉,首次申報,1110623,宣傳支出,永成興塑膠有限公司,86231584,0.00,13923.00,,,,製作競選物品或宣傳廣告費用（包裝貼布之塑膠袋）,金錢,臺南市中西區****,,否,,,,,,,
29,李伯利,111年臺南市議員選舉,首次申報,1110624,宣傳支出,榮華帽服有限公司,28082354,0.00,8930.00,,,,製作競選物品或宣傳廣告費用（競選背心）,金錢,臺南市中西區****,06-2*****,否,,,,,,,
30,李伯利,111年臺南市議員選舉,首次申報,1110627,雜支支出,金武城打火雞火雞肉飯店,10480226,0.00,450.00,,,,餐飲費用,金錢,臺南市南區文****,,否,,,,,,,
31,李伯利,111年臺南市議員選舉,首次申報,1110627,雜支支出,巧苓紅茶專賣店,40838525,0.00,150.00,,,,餐飲費用,金錢,臺南市南區金****,06-2*****,否,,,,,,,
32,李伯利,111年臺南市議員選舉,首次申報,1110627,雜支支出,安汰文化事業有限公司,80732885,0.00,120.00,,,,文具用品費用,金錢,臺南市安平區****,06-2*****,否,,,,,,,
33,李伯利,111年臺南市議員選舉,首次申報,1110630,宣傳支出,嘉南廣告社,17469422,0.00,7600.00,,,,郵寄競選物品或宣傳廣告費用(派報),金錢,雲林縣斗六市****,,否,,,,,,,
34,李伯利,111年臺南市議員選舉,首次申報,1110701,租用競選辦事處支出,北星廣告設計,56934159,0.00,9800.00,,,,裝潢競選辦事處費用-帆布與鐵架一式,金錢,臺南市東區復****,06-2*****,否,,,,,,,
35,李伯利,111年臺南市議員選舉,首次申報,1110704,公共關係費用支出,驛動的心商行,29456534,0.00,3600.00,,,,花籃三個,金錢,臺南市中西區****,0931*****,否,,,,,,,
36,李伯利,111年臺南市議員選舉,首次申報,1110705,公共關係費用支出,百花房,25789829,0.00,3000.00,,,,聯誼交際費用-蘭花一盆,金錢,屏東縣恆春鎮****,08-8*****,否,,,,,,,
37,李伯利,111年臺南市議員選舉,首次申報,1110705,公共關係費用支出,法朵時尚花藝婚禮設計,40715684,0.00,4800.00,,,,花柱座,金錢,臺南市南區新****,06-2*****,否,,,,,,,
38,李伯利,111年臺南市議員選舉,首次申報,1110708,雜支支出,展晟全方位圖文輸出有限公司,54086341,0.00,498.00,,,,影印費,金錢,臺南市南區健****,,否,,,,,,,
39,李伯利,111年臺南市議員選舉,首次申報,1110711,租用宣傳車輛支出,百加汽車商行,17980268,0.00,7500.00,,,,維修宣傳車輛費用,金錢,臺南市安平區****,06-2*****,否,,,,,,,
40,李伯利,111年臺南市議員選舉,首次申報,1110711,宣傳支出,達文西生醫科技股份有限公司,56704939,0.00,183750.00,,,,製作競選物品或宣傳廣告費用（一條根精油貼布）,金錢,屏東縣屏東市****,,否,,,,,,,
41,李伯利,111年臺南市議員選舉,首次申報,1110712,租用競選辦事處支出,北星廣告設計,56934159,0.00,7650.00,,,,裝潢競選辦事處費用-投射燈與鐵臂,金錢,臺南市東區復****,06-2*****,否,,,,,,,
42,李伯利,111年臺南市議員選舉,首次申報,1110715,租用宣傳車輛支出,百加汽車商行,17980268,0.00,4500.00,,,,維修宣傳車輛費用,金錢,臺南市安平區****,06-2*****,否,,,,,,,
43,李伯利,111年臺南市議員選舉,首次申報,1110716,雜支支出,安汰文化事業有限公司,80732885,0.00,309.00,,,,文具用品費用,金錢,臺南市安平區****,06-2*****,否,,,,,,,
44,李伯利,111年臺南市議員選舉,首次申報,1110719,租用競選辦事處支出,北星廣告設計,56934159,0.00,9800.00,,,,裝潢競選辦事處費用-中空版輸出製作,金錢,臺南市東區復****,06-2*****,否,,,,,,,
45,李伯利,111年臺南市議員選舉,首次申報,1110723,租用宣傳車輛支出,百加汽車商行,17980268,0.00,2000.00,,,,維修宣傳車輛費用,金錢,臺南市安平區****,06-2*****,否,,,,,,,
46,李伯利,111年臺南市議員選舉,首次申報,1110727,租用競選辦事處支出,北星廣告設計,56934159,0.00,8000.00,,,,裝潢競選辦事處費用-洞洞貼輸出與張貼,金錢,臺南市東區復****,06-2*****,否,,,,,,,
47,李伯利,111年臺南市議員選舉,首次申報,1110730,雜支支出,黑米米低卡餐盒,85596620,0.00,2250.00,,,,餐飲費用,金錢,臺南市中西區****,,否,,,,,,,
48,李伯利,111年臺南市議員選舉,首次申報,1110731,交通旅運支出,台灣中油股份有限公司油品行銷事業部台南營業處健康路加油站,81578093,0.00,1071.00,,,,油資,金錢,臺南市安平區****,,否,,,,,,,
49,李伯利,111年臺南市議員選舉,首次申報,1110801,公共關係費用支出,法朵時尚花藝婚禮設計,40715684,0.00,9700.00,,,,花籃個與花柱對,金錢,臺南市南區新****,06-2*****,否,,,,,,,
50,李伯利,111年臺南市議員選舉,首次申報,1110802,公共關係費用支出,驛動的心商行,29456534,0.00,4800.00,,,,花籃個,金錢,臺南市中西區****,0931*****,否,,,,,,,
51,李伯利,111年臺南市議員選舉,首次申報,1110803,宣傳支出,樞馥企業有限公司,42918290,0.00,211602.00,,,,製作競選物品或宣傳廣告費用（口罩）,金錢,臺南市仁德區****,,否,,,,,,,
52,李伯利,111年臺南市議員選舉,首次申報,1110803,交通旅運支出,台灣中油股份有限公司油品行銷事業部台南營業處健康路加油站,81578093,0.00,1161.00,,,,油資,金錢,臺南市安平區****,,否,,,,,,,
53,李伯利,111年臺南市議員選舉,首次申報,1110805,交通旅運支出,麻新加油站股份有限公司,23838803,0.00,660.00,,,,油資,金錢,臺南市麻豆區****,,否,,,,,,,
54,李伯利,111年臺南市議員選舉,首次申報,1110809,交通旅運支出,台灣中油股份有限公司油品行銷事業部台南營業處生產路加油站,68112404,0.00,1136.00,,,,油資,金錢,臺南市東區東****,,否,,,,,,,
55,李伯利,111年臺南市議員選舉,首次申報,1110809,交通旅運支出,中華太子加油站股份有限公司,79955248,0.00,637.00,,,,油資,金錢,臺南市南區中****,,否,,,,,,,
56,李伯利,111年臺南市議員選舉,首次申報,1110810,宣傳支出,全盈廣告社,85643004,0.00,53550.00,,,,廣告看板,金錢,臺南市南區文****,,否,,,,,,,
57,李伯利,111年臺南市議員選舉,首次申報,1110811,公共關係費用支出,法朵時尚花藝婚禮設計,40715684,0.00,9000.00,,,,聯誼交際費用(花籃個),金錢,臺南市南區新****,06-2*****,否,,,,,,,
58,李伯利,111年臺南市議員選舉,首次申報,1110811,交通旅運支出,台灣中油股份有限公司油品行銷事業部台南營業處歸仁加油站,73671173,0.00,1059.00,,,,油資,金錢,臺南市歸仁區****,,否,,,,,,,
59,李伯利,111年臺南市議員選舉,首次申報,1110815,交通旅運支出,千越加油站實業股份有限公司開元加油站,29440597,0.00,1000.00,,,,油資,金錢,臺南市北區元****,,否,,,,,,,
60,李伯利,111年臺南市議員選舉,首次申報,1110815,宣傳支出,全盈廣告社,85643004,0.00,10996.00,,,,廣告看板,金錢,臺南市南區文****,,否,,,,,,,
61,李伯利,111年臺南市議員選舉,首次申報,1110816,雜支支出,渝苑川味小吃店,06388556,0.00,2670.00,,,,餐飲費用,金錢,臺南市中西區****,,否,,,,,,,
62,李伯利,111年臺南市議員選舉,首次申報,1110817,交通旅運支出,台灣卡特爾石油有限公司台南分公司,55696215,0.00,1157.00,,,,油資,金錢,臺南市北區北****,,否,,,,,,,
63,李伯利,111年臺南市議員選舉,首次申報,1110818,交通旅運支出,明興發展有限公司,25091837,0.00,600.00,,,,油資,金錢,臺南市南區喜****,,否,,,,,,,
64,李伯利,111年臺南市議員選舉,首次申報,1110820,宣傳支出,集立廣告社,10140971,0.00,63000.00,,,,廣告看板,金錢,臺南市南區明****,06-2*****,否,,,,,,,
65,李伯利,111年臺南市議員選舉,首次申報,1110820,交通旅運支出,統好加油站有限公司歸仁加油站,85671042,0.00,1181.00,,,,油資,金錢,臺南市歸仁區****,,否,,,,,,,
66,李伯利,111年臺南市議員選舉,首次申報,1110821,雜支支出,容易咖啡有限公司,54073562,0.00,2000.00,,,,餐飲費用,金錢,臺南市安平區****,,否,,,,,,,
67,李伯利,111年臺南市議員選舉,首次申報,1110823,交通旅運支出,台灣中油股份有限公司油品行銷事業部台南營業處大同路加油站,69500825,0.00,553.00,,,,油資,金錢,臺南市南區大****,,否,,,,,,,
68,李伯利,111年臺南市議員選舉,首次申報,1110824,雜支支出,牛五蔵餐飲有限公司,42920140,0.00,3470.00,,,,餐飲費用,金錢,臺南市安平區****,,否,,,,,,,
69,李伯利,111年臺南市議員選舉,首次申報,1110824,交通旅運支出,台灣中油股份有限公司油品行銷事業部台南營業處仁德加油站,73020777,0.00,500.00,,,,油資,金錢,臺南市仁德區****,,否,,,,,,,
70,李伯利,111年臺南市議員選舉,首次申報,1110825,交通旅運支出,台灣中油股份有限公司油品行銷事業部台南營業處健康路加油站,81578093,0.00,1143.00,,,,油資,金錢,臺南市安平區****,,否,,,,,,,
71,李伯利,111年臺南市議員選舉,首次申報,1110826,交通旅運支出,麻新加油站股份有限公司,23838803,0.00,546.00,,,,油資,金錢,臺南市麻豆區****,,否,,,,,,,
72,李伯利,111年臺南市議員選舉,首次申報,1110828,交通旅運支出,台灣中油股份有限公司油品行銷事業部台南營業處健康路加油站,81578093,0.00,1200.00,,,,油資,金錢,臺南市安平區****,,否,,,,,,,
73,李伯利,111年臺南市議員選舉,首次申報,1110830,宣傳支出,集立廣告社,10140971,0.00,17444.00,,,,租用廣告看板,金錢,臺南市南區明****,06-2*****,否,,,,,,,
74,李伯利,111年臺南市議員選舉,首次申報,1110830,宣傳支出,大禾行銷整合有限公司,28666499,0.00,126000.00,,,,租用廣告看板,金錢,臺南市仁德區****,,否,,,,,,,
75,李伯利,111年臺南市議員選舉,首次申報,1110830,交通旅運支出,中華太子加油站股份有限公司,79955248,0.00,572.00,,,,油資,金錢,臺南市南區中****,,否,,,,,,,
76,李伯利,111年臺南市議員選舉,首次申報,1110831,雜支支出,語樂商行,47792263,0.00,700.00,,,,餐飲費用,金錢,臺南市中西區****,,否,,,,,,,
77,李伯利,111年臺南市議員選舉,首次申報,1110901,交通旅運支出,台灣中油股份有限公司油品行銷事業部台南營業處健康路加油站,81578093,0.00,1167.00,,,,油資,金錢,臺南市安平區****,,否,,,,,,,
78,李伯利,111年臺南市議員選舉,首次申報,1110902,宣傳支出,樞馥企業有限公司,42918290,0.00,49235.00,,,,製作競選物品或宣傳廣告費用（口罩）,金錢,臺南市仁德區****,,否,,,,,,,
79,李伯利,111年臺南市議員選舉,首次申報,1110902,交通旅運支出,台亞石油股份有限公司台亞安平加油站,81292463,0.00,600.00,,,,油資,金錢,臺南市南區彰****,,否,,,,,,,
80,李伯利,111年臺南市議員選舉,首次申報,1110904,交通旅運支出,台灣中油股份有限公司油品行銷事業部台南營業處中華西路南加油站,06401734,0.00,1267.00,,,,油資,金錢,臺南市中西區****,,否,,,,,,,
81,李伯利,111年臺南市議員選舉,首次申報,1110905,宣傳支出,決策大數據有限公司,16805741,0.00,136500.00,,,,民調費用,金錢,新北市板橋區****,02-6*****,否,,,,,,,
82,李伯利,111年臺南市議員選舉,首次申報,1110905,公共關係費用支出,驛動的心商行,29456534,0.00,9600.00,,,,花籃個,金錢,臺南市中西區****,0931*****,否,,,,,,,
83,李伯利,111年臺南市議員選舉,首次申報,1110905,公共關係費用支出,法朵時尚花藝婚禮設計,40715684,0.00,4800.00,,,,花籃四對,金錢,臺南市南區新****,06-2*****,否,,,,,,,
84,李伯利,111年臺南市議員選舉,首次申報,1110907,返還捐贈支出,翁漢宏,E12*******,0.00,2000.00,,,,返還,金錢,高雄市苓雅區****,,否,,,,,,,
85,李伯利,111年臺南市議員選舉,首次申報,1110907,返還捐贈支出,呂金松,R12*******,0.00,10000.00,,,,返還,金錢,嘉義縣新港鄉****,,否,,,,,,,
86,李伯利,111年臺南市議員選舉,首次申報,1110907,返還捐贈支出,鄭富中,R12*******,0.00,10000.00,,,,返還,金錢,臺南市善化區****,,否,,,,,,,
87,李伯利,111年臺南市議員選舉,首次申報,1110907,返還捐贈支出,吳昆霖,R12*******,0.00,40000.00,,,,返還,金錢,臺南市永康區****,,否,,,,,,,
88,李伯利,111年臺南市議員選舉,首次申報,1110907,返還捐贈支出,陳信良,T12*******,0.00,8000.00,,,,返還,金錢,臺南市安南區****,,否,,,,,,,
89,李伯利,111年臺南市議員選舉,首次申報,1110910,雜支支出,桃山餐廳股份有限公司,23107193,0.00,4290.00,,,,餐飲費用,金錢,臺南市南區健****,,否,,,,,,,
90,李伯利,111年臺南市議員選舉,首次申報,1110911,交通旅運支出,統一精工股份有限公司金華加油站,17584871,0.00,500.00,,,,油資,金錢,臺南市南區臺****,,否,,,,,,,
91,李伯利,111年臺南市議員選舉,首次申報,1110911,雜支支出,羊城小食店,78666918,0.00,4050.00,,,,餐飲費用,金錢,臺南市中西區****,,否,,,,,,,
92,李伯利,111年臺南市議員選舉,首次申報,1110912,返還捐贈支出,台灣璞緻有限公司,25062523,0.00,40000.00,,,,返還,金錢,臺南市南區鹽****,,否,,,,,,,
93,李伯利,111年臺南市議員選舉,首次申報,1110912,交通旅運支出,台灣中油股份有限公司油品行銷事業部台南營業處健康路加油站,81578093,0.00,532.00,,,,油資,金錢,臺南市安平區****,,否,,,,,,,
94,李伯利,111年臺南市議員選舉,首次申報,1110912,交通旅運支出,台灣中油股份有限公司油品行銷事業部台南營業處健康路加油站,81578093,0.00,1164.00,,,,油資,金錢,臺南市安平區****,,否,,,,,,,
95,李伯利,111年臺南市議員選舉,首次申報,1110914,交通旅運支出,台灣中油股份有限公司油品行銷事業部台南營業處永華路東加油站,81553121,0.00,250.00,,,,油資,金錢,臺南市安平區****,,否,,,,,,,
96,李伯利,111年臺南市議員選舉,首次申報,1110915,雜支支出,章成食品商行,21979355,0.00,2160.00,,,,餐飲費用,金錢,臺南市關廟區****,,否,,,,,,,
97,李伯利,111年臺南市議員選舉,首次申報,1110915,交通旅運支出,台灣中油股份有限公司油品行銷事業部台南營業處安平工業區加油站,69565045,0.00,1246.00,,,,油資,金錢,臺南市南區彰****,,否,,,,,,,
98,李伯利,111年臺南市議員選舉,首次申報,1110917,交通旅運支出,台灣中油股份有限公司油品行銷事業部台南營業處安平工業區加油站,69565045,0.00,1100.00,,,,油資,金錢,臺南市南區彰****,,否,,,,,,,
99,李伯利,111年臺南市議員選舉,首次申報,1110918,雜支支出,美雲火雞肉飯,40863559,0.00,510.00,,,,餐飲費用,金錢,臺南市南區鹽****,,否,,,,,,,
100,李伯利,111年臺南市議員選舉,首次申報,1110920,交通旅運支出,台灣中油股份有限公司油品行銷事業部台南營業處安平工業區加油站,69565045,0.00,500.00,,,,油資,金錢,臺南市南區彰****,,否,,,,,,,
101,李伯利,111年臺南市議員選舉,首次申報,1110920,交通旅運支出,台亞石油股份有限公司台亞安平加油站,81292463,0.00,510.00,,,,油資,金錢,臺南市彰南里****,,否,,,,,,,
102,李伯利,111年臺南市議員選舉,首次申報,1110920,宣傳支出,全盈廣告社,85643004,0.00,3927.00,,,,廣告看板,金錢,臺南市南區文****,,否,,,,,,,
103,李伯利,111年臺南市議員選舉,首次申報,1110920,雜支支出,洁茂牛肉麵館安平二店,88971748,0.00,595.00,,,,餐飲費用,金錢,臺南市安平區****,,否,,,,,,,
104,李伯利,111年臺南市議員選舉,首次申報,1110921,雜支支出,日常餐館,88986340,0.00,830.00,,,,餐飲費用,金錢,臺南市安平區****,,否,,,,,,,
105,李伯利,111年臺南市議員選舉,首次申報,1110922,交通旅運支出,台灣中油股份有限公司油品行銷事業部台南營業處永華路東加油站,81553121,0.00,500.00,,,,油資,金錢,臺南市安平區****,,否,,,,,,,
106,李伯利,111年臺南市議員選舉,首次申報,1110923,交通旅運支出,台灣中油股份有限公司油品行銷事業部台南營業處健康路加油站,81578093,0.00,960.00,,,,油資,金錢,臺南市安平區****,,否,,,,,,,
107,李伯利,111年臺南市議員選舉,首次申報,1110925,宣傳支出,集立廣告社,10140971,0.00,38333.00,,,,廣告看板,金錢,臺南市南區明****,06-2*****,否,,,,,,,
108,李伯利,111年臺南市議員選舉,首次申報,1110925,交通旅運支出,台灣中油股份有限公司油品行銷事業部台南營業處健康路加油站,81578093,0.00,1195.00,,,,油資,金錢,臺南市安平區****,,否,,,,,,,
109,李伯利,111年臺南市議員選舉,首次申報,1110926,交通旅運支出,台亞石油股份有限公司台亞安平加油站,81292463,0.00,484.00,,,,油資,金錢,臺南市彰南里****,,否,,,,,,,
110,李伯利,111年臺南市議員選舉,首次申報,1110928,雜支支出,桃山餐廳股份有限公司,23107193,0.00,760.00,,,,餐飲費用,金錢,臺南市南區健****,,否,,,,,,,
111,李伯利,111年臺南市議員選舉,首次申報,1110930,宣傳支出,集立廣告社,10140971,0.00,6230.00,,,,廣告看板,金錢,臺南市南區明****,06-2*****,否,,,,,,,
112,李伯利,111年臺南市議員選舉,首次申報,1110930,宣傳支出,健豪印刷事業股份有限公司,16332027,0.00,63000.00,,,,製作競選物品或宣傳廣告費用（印刷品）,金錢,臺中市西區大****,,否,,,,,,,
113,李伯利,111年臺南市議員選舉,首次申報,1110930,交通旅運支出,麻新加油站股份有限公司,23838803,0.00,1232.00,,,,油資,金錢,臺南市麻豆區****,,否,,,,,,,
114,李伯利,111年臺南市議員選舉,首次申報,1110930,雜支支出,泰安產物保險股份有限公司台南分公司,69286162,0.00,5505.00,,,,競選期間人員意外保險,金錢,臺南市北區公****,,否,,,,,,,
115,李伯利,111年臺南市議員選舉,首次申報,1110930,雜支支出,漁將屋小吃店,85651828,0.00,1250.00,,,,餐飲費用,金錢,臺南市南區廣****,,否,,,,,,,
116,李伯利,111年臺南市議員選舉,首次申報,1111001,宣傳支出,如鎰紙行,09525225,0.00,10710.00,,,,製作競選物品或宣傳廣告費用（印刷品）,金錢,臺南市安平區****,,否,,,,,,,
117,李伯利,111年臺南市議員選舉,首次申報,1111004,宣傳支出,嘉南廣告社,17469422,0.00,3067.00,,,,郵寄競選物品或宣傳廣告費用(派報),金錢,雲林縣斗六市****,,否,,,,,,,
118,李伯利,111年臺南市議員選舉,首次申報,1111004,宣傳支出,向晟企業有限公司,42932384,0.00,17698.00,,,,製作競選物品或宣傳廣告費用（帆布）,金錢,臺南市安平區****,06-2*****,否,,,,,,,
119,李伯利,111年臺南市議員選舉,首次申報,1111005,雜支支出,巧門廣告設計社,19701592,0.00,700.00,,,,雜項購置-橫鐵,金錢,臺南市中西區****,,否,,,,,,,
120,李伯利,111年臺南市議員選舉,首次申報,1111005,宣傳支出,染舍旗幟廣告設計工作室,20162299,0.00,1280.00,,,,製作競選物品或宣傳廣告費用（布條）,金錢,臺南市南區大****,,否,,,,,,,
121,李伯利,111年臺南市議員選舉,首次申報,1111005,返還捐贈支出,張麗君,R22*******,0.00,2000.00,,,,返還,金錢,臺南市歸仁區****,,否,,,,,,,
122,李伯利,111年臺南市議員選舉,首次申報,1111007,宣傳支出,樞馥企業有限公司,42918290,0.00,117262.00,,,,製作競選物品或宣傳廣告費用（口罩）,金錢,臺南市仁德區****,,否,,,,,,,
123,李伯利,111年臺南市議員選舉,首次申報,1111008,雜支支出,伊家小廚房,81200210,0.00,1600.00,,,,餐飲費用,金錢,臺南市安平區****,,否,,,,,,,
124,李伯利,111年臺南市議員選舉,首次申報,1111011,公共關係費用支出,舒藝勝西餅蛋糕店,06374342,0.00,600.00,,,,聯誼交際費用,金錢,臺南市南區文****,,否,,,,,,,
125,李伯利,111年臺南市議員選舉,首次申報,1111011,公共關係費用支出,楊哥楊嫂肉粽店,13231530,0.00,1200.00,,,,聯誼交際費用,金錢,臺南市中西區****,,否,,,,,,,
126,李伯利,111年臺南市議員選舉,首次申報,1111011,雜支支出,阿波魯麵,14400246,0.00,4800.00,,,,餐飲費用,金錢,臺南市南區大****,,否,,,,,,,
127,李伯利,111年臺南市議員選舉,首次申報,1111011,公共關係費用支出,容易咖啡有限公司,54073562,0.00,1350.00,,,,聯誼交際費用,金錢,臺南市安平區****,,否,,,,,,,
128,李伯利,111年臺南市議員選舉,首次申報,1111011,公共關係費用支出,克林台包,68274532,0.00,2000.00,,,,聯誼交際費用,金錢,臺南市中西區****,,否,,,,,,,
129,李伯利,111年臺南市議員選舉,首次申報,1111011,公共關係費用支出,一起找餐吧,88913109,0.00,1380.00,,,,聯誼交際費用,金錢,臺南市安平區****,,否,,,,,,,
130,李伯利,111年臺南市議員選舉,首次申報,1111012,公共關係費用支出,法朵時尚花藝婚禮設計,40715684,0.00,12000.00,,,,花柱對,金錢,臺南市南區新****,06-2*****,否,,,,,,,
131,李伯利,111年臺南市議員選舉,首次申報,1111012,返還捐贈支出,張麗君,R22*******,0.00,2000.00,,,,返還,金錢,臺南市歸仁區****,,否,,,,,,,
132,李伯利,111年臺南市議員選舉,首次申報,1111013,宣傳支出,全盈廣告社,85643004,0.00,10996.00,,,,廣告看板,金錢,臺南市南區文****,,否,,,,,,,
133,李伯利,111年臺南市議員選舉,首次申報,1111014,宣傳支出,晶典廣告社,10880948,0.00,50973.00,,,,製作競選物品或宣傳廣告費用（帆布）,金錢,臺南市北區大****,,否,,,,,,,
134,李伯利,111年臺南市議員選舉,首次申報,1111014,宣傳支出,愛爾達科技股份有限公司,70542247,0.00,105840.00,,,,製作競選物品或宣傳廣告費用（馬路廣告托播）,金錢,臺北市中正區****,,否,,,,,,,
135,李伯利,111年臺南市議員選舉,首次申報,1111024,宣傳支出,立志廣告商行,06454540,0.00,11200.00,,,,製作競選物品或宣傳廣告費用（舉牌看板）,金錢,臺南市南區新****,,否,,,,,,,
136,李伯利,111年臺南市議員選舉,首次申報,1111026,宣傳支出,樞馥企業有限公司,42918290,0.00,26685.00,,,,製作競選物品或宣傳廣告費用（口罩）,金錢,臺南市仁德區****,,否,,,,,,,
137,李伯利,111年臺南市議員選舉,首次申報,1111028,公共關係費用支出,驛動的心商行,29456534,0.00,8000.00,,,,花籃對,金錢,臺南市中西區****,0931*****,否,,,,,,,
138,李伯利,111年臺南市議員選舉,首次申報,1111031,公共關係費用支出,法朵時尚花藝婚禮設計,40715684,0.00,20000.00,,,,花籃十對,金錢,臺南市南區新****,06-2*****,否,,,,,,,
139,李伯利,111年臺南市議員選舉,首次申報,1111031,返還捐贈支出,台衛化學工業股份有限公司,72097637,0.00,10000.00,,,,返還,金錢,臺南市仁德區****,,否,,,,,,,
140,李伯利,111年臺南市議員選舉,首次申報,1111102,雜支支出,農專蔬果汁店,,0.00,670.00,,,,餐飲費用,金錢,台南市中西區****,,否,,,,,,,
141,李伯利,111年臺南市議員選舉,首次申報,1111107,返還捐贈支出,萬全國際事業有限公司,80465867,0.00,10000.00,,,,返還,金錢,臺南市南區大****,,否,,,,,,,
142,李伯利,111年臺南市議員選舉,首次申報,1111108,公共關係費用支出,驛動的心商行,29456534,0.00,10000.00,,,,聯誼交際費用(花籃五對),金錢,臺南市中西區****,0931*****,否,,,,,,,
143,李伯利,111年臺南市議員選舉,首次申報,1111109,雜支支出,朝哥羊肉餐飲店,,0.00,2350.00,,,,餐飲費用,金錢,台南市南區健****,,否,,,,,,,
144,李伯利,111年臺南市議員選舉,首次申報,1111109,返還捐贈支出,酷存有限公司,42633359,0.00,50000.00,,,,返還,金錢,臺南市北區小****,,否,,,,,,,
145,李伯利,111年臺南市議員選舉,首次申報,1111114,租用宣傳車輛支出,宏達廣告企業社,13923111,0.00,23000.00,,,,租用宣傳車輛費用,金錢,台南市安南區****,,否,,,,,,,
146,李伯利,111年臺南市議員選舉,首次申報,1111114,宣傳支出,染舍旗幟廣告設計工作室,20162299,0.00,26000.00,,,,製作競選物品或宣傳廣告費用（舉牌看板(匯費)）,金錢,臺南市南區大****,,否,,,,,,,
147,李伯利,111年臺南市議員選舉,首次申報,1111115,雜支支出,農專蔬果汁店,,0.00,670.00,,,,餐飲費用,金錢,台南市中西區****,,否,,,,,,,
148,李伯利,111年臺南市議員選舉,首次申報,1111115,宣傳支出,立志廣告商行,06454540,0.00,31000.00,,,,製作競選物品或宣傳廣告費用（舉牌看板(匯費)）,金錢,臺南市南區新****,,否,,,,,,,
149,李伯利,111年臺南市議員選舉,首次申報,1111115,宣傳支出,嘉南廣告社,17469422,0.00,70000.00,,,,郵寄競選物品或宣傳廣告費用(派報費),金錢,雲林縣斗六市****,,否,,,,,,,
150,李伯利,111年臺南市議員選舉,首次申報,1111116,雜支支出,上品養生藥膳美食,,0.00,2100.00,,,,餐飲費用,金錢,台南市中西區****,,否,,,,,,,
151,李伯利,111年臺南市議員選舉,首次申報,1111120,公共關係費用支出,驛動的心商行,29456534,0.00,9600.00,,,,花籃個,金錢,臺南市中西區****,0931*****,否,,,,,,,
152,李伯利,111年臺南市議員選舉,首次申報,1111121,雜支支出,農專蔬果汁店,,0.00,670.00,,,,餐飲費用,金錢,台南市中西區****,,否,,,,,,,
153,李伯利,111年臺南市議員選舉,首次申報,1111123,雜支支出,儒昇打字影印行,56954083,0.00,3100.00,,,,大型計票版製作輸出,金錢,臺南市東區慶****,0627*****,否,,,,,,,
154,李伯利,111年臺南市議員選舉,首次申報,1111124,公共關係費用支出,法朵時尚花藝婚禮設計,40715684,0.00,6800.00,,,,花籃四對,金錢,臺南市南區新****,06-2*****,否,,,,,,,
155,李伯利,111年臺南市議員選舉,首次申報,1111124,返還捐贈支出,更新實業股份有限公司,54549357,0.00,200000.00,,,,返還,金錢,臺南市麻豆區****,,否,,,,,,,
156,李伯利,111年臺南市議員選舉,首次申報,1111124,宣傳支出,聯晟廣告企業社,88007247,0.00,5600.00,,,,郵寄競選物品或宣傳廣告費用(廣告單分送費),金錢,高雄市鳳山區****,,否,,,,,,,
157,李伯利,111年臺南市議員選舉,首次申報,1111130,返還捐贈支出,更新實業股份有限公司,54549357,0.00,200000.00,,,,返還,金錢,臺南市麻豆區****,,否,,,,,,,
