﻿序號,擬參選人／政黨,選舉名稱,申報序號／年度,交易日期,收支科目,捐贈者／支出對象,身分證／統一編號,收入金額,支出金額,捐贈方式,存入專戶日期,返還/繳庫,支出用途,金錢類,地址,聯絡電話,應揭露之支出對象,支出對象之內部人員姓名,支出對象之內部人員職稱,政黨之內部人員姓名,政黨之內部人員職稱,關係,更正註記,資料更正日期
1,趙怡翔,111年臺北市議員選舉,首次申報,1110519,雜支支出,台灣電力公司,03765704,0.00,782.00,,,,水電瓦斯費用,金錢,臺北市大安區****,,否,,,,,,,
2,趙怡翔,111年臺北市議員選舉,首次申報,1110519,雜支支出,中華電信股份有限公司,81691784,0.00,1040.00,,,,電信費用,金錢,臺北市大安區****,,否,,,,,,,
3,趙怡翔,111年臺北市議員選舉,首次申報,1110519,雜支支出,中華電信股份有限公司,81691784,0.00,562.00,,,,電信費用,金錢,臺北市大安區****,,否,,,,,,,
4,趙怡翔,111年臺北市議員選舉,首次申報,1110519,雜支支出,中華電信股份有限公司,81691784,0.00,1048.00,,,,網際網路費用,金錢,臺北市大安區****,,否,,,,,,,
5,趙怡翔,111年臺北市議員選舉,首次申報,1110520,人事費用支出,朱晏辰,A12*******,0.00,21400.00,,,,工資或薪津,金錢,臺北市士林區****,,否,,,,,,,
6,趙怡翔,111年臺北市議員選舉,首次申報,1110520,人事費用支出,廖建發,A12*******,0.00,20000.00,,,,工資或薪津,金錢,臺北市文山區****,,否,,,,,,,
7,趙怡翔,111年臺北市議員選舉,首次申報,1110520,人事費用支出,林映廷,A22*******,0.00,19980.00,,,,工資或薪津,金錢,臺北市中山區****,,否,,,,,,,
8,趙怡翔,111年臺北市議員選舉,首次申報,1110520,人事費用支出,蘇尹岑,C22*******,0.00,45864.00,,,,工資或薪津,金錢,基隆市中正區****,,否,,,,,,,
9,趙怡翔,111年臺北市議員選舉,首次申報,1110520,人事費用支出,林炳宏,F12*******,0.00,5000.00,,,,獎金或津貼,金錢,新北市板橋區****,,否,,,,,,,
10,趙怡翔,111年臺北市議員選舉,首次申報,1110520,人事費用支出,潘威志,F13*******,0.00,34128.00,,,,工資或薪津,金錢,新北市深坑區****,,否,,,,,,,
11,趙怡翔,111年臺北市議員選舉,首次申報,1110524,租用競選辦事處支出,賀眾企業股份有限公司,35880332,0.00,900.00,,,,租買辦公設備費用,金錢,新北市五股區****,,否,,,,,,,
12,趙怡翔,111年臺北市議員選舉,首次申報,1110524,租用競選辦事處支出,賀眾企業股份有限公司,35880332,0.00,450.00,,,,其他與租用競選辦事處有關之費用,金錢,新北市五股區****,,否,,,,,,,
13,趙怡翔,111年臺北市議員選舉,首次申報,1110525,雜支支出,台灣自來水事業處,03774909,0.00,220.00,,,,水電瓦斯費用,金錢,臺北市中正區****,8733*****,否,,,,,,,
14,趙怡翔,111年臺北市議員選舉,首次申報,1110525,租用競選辦事處支出,王胡菊英,A20*******,0.00,56000.00,,,,租用競選辦事處費用,金錢,臺北市大安區****,0928*****,否,,,,,,,
15,趙怡翔,111年臺北市議員選舉,首次申報,1110530,雜支支出,賽凡娛樂股份有限公司,83464589,0.00,2010.00,,,,雜項購置或修繕費用,金錢,臺北市松山區****,,否,,,,,,,
16,趙怡翔,111年臺北市議員選舉,首次申報,1110601,宣傳支出,詮虹企業有限公司,53423767,0.00,59136.00,,,,製作競選物品或宣傳廣告費用（物品名稱-競選瓶裝水）,金錢,新北市蘆洲區****,,否,,,,,,,
17,趙怡翔,111年臺北市議員選舉,首次申報,1110601,雜支支出,藍新科技股份有限公司,70565326,0.00,3880.00,,,,線上捐款平台手續費,金錢,臺北市南港區****,02-2*****,否,,,,,,,
18,趙怡翔,111年臺北市議員選舉,首次申報,1110602,人事費用支出,朱晏辰,A12*******,0.00,20200.00,,,,工資或薪津,金錢,臺北市士林區****,,否,,,,,,,
19,趙怡翔,111年臺北市議員選舉,首次申報,1110602,人事費用支出,廖建發,A12*******,0.00,20000.00,,,,工資或薪津,金錢,臺北市文山區****,,否,,,,,,,
20,趙怡翔,111年臺北市議員選舉,首次申報,1110602,租用競選辦事處支出,王胡菊英,A20*******,0.00,56000.00,,,,租用競選辦事處費用,金錢,臺北市大安區****,0928*****,否,,,,,,,
21,趙怡翔,111年臺北市議員選舉,首次申報,1110602,人事費用支出,蘇尹岑,C22*******,0.00,48000.00,,,,工資或薪津,金錢,基隆市中正區****,,否,,,,,,,
22,趙怡翔,111年臺北市議員選舉,首次申報,1110602,人事費用支出,潘威志,F13*******,0.00,36080.00,,,,工資或薪津,金錢,新北市深坑區****,,否,,,,,,,
23,趙怡翔,111年臺北市議員選舉,首次申報,1110607,宣傳支出,傳達派報社,42428688,0.00,124740.00,,,,製作競選物品或宣傳廣告費用（物品名稱-競選DM傳單）,金錢,臺北市萬華區****,02-2*****,否,,,,,,,
24,趙怡翔,111年臺北市議員選舉,首次申報,1110607,人事費用支出,林映廷,A22*******,0.00,12395.00,,,,工資或薪津,金錢,臺北市中山區****,,否,,,,,,,
25,趙怡翔,111年臺北市議員選舉,首次申報,1110610,宣傳支出,心雅服裝行,15995103,0.00,22586.00,,,,製作競選物品或宣傳廣告費用（物品名稱-競選團隊背心件）,金錢,臺北市萬華區****,02-2*****,否,,,,,,,
26,趙怡翔,111年臺北市議員選舉,首次申報,1110613,宣傳支出,成昌印刷事業股份有限公司,04339089,0.00,62160.00,,,,製作競選物品或宣傳廣告費用（物品名稱-競選DM印刷）,金錢,臺北市大同區****,02-2*****,否,,,,,,,
27,趙怡翔,111年臺北市議員選舉,首次申報,1110614,宣傳支出,旭邦整合行銷股份有限公司,69315574,0.00,22050.00,,,,播放、傳送或刊登宣傳廣告費用,金錢,臺北市中正區****,,否,,,,,,,
28,趙怡翔,111年臺北市議員選舉,首次申報,1110621,宣傳支出,心雅服裝行,15995103,0.00,5198.00,,,,製作競選物品或宣傳廣告費用（物品名稱-競選團隊背心）,金錢,臺北市萬華區****,02-2*****,否,,,,,,,
29,趙怡翔,111年臺北市議員選舉,首次申報,1110628,人事費用支出,朱晏辰,A12*******,0.00,26000.00,,,,工資或薪津,金錢,臺北市士林區****,,否,,,,,,,
30,趙怡翔,111年臺北市議員選舉,首次申報,1110630,宣傳支出,趨勢民意調查股份有限公司,53121236,0.00,116613.00,,,,播放、傳送或刊登宣傳廣告費用,金錢,臺北市信義區****,02-2*****,否,,,,,,,
31,趙怡翔,111年臺北市議員選舉,首次申報,1110701,宣傳支出,視覺所在工作室,31697284,0.00,15000.00,,,,委託辦理研究、評估、調查、設計或規劃費用,金錢,新北市中和區****,,否,,,,,,,
32,趙怡翔,111年臺北市議員選舉,首次申報,1110701,宣傳支出,傳達派報社,42428688,0.00,107730.00,,,,製作競選物品或宣傳廣告費用（物品名稱-A雙面DM）,金錢,臺北市萬華區****,02-2*****,否,,,,,,,
33,趙怡翔,111年臺北市議員選舉,首次申報,1110701,雜支支出,藍新科技股份有限公司,70565326,0.00,2926.00,,,,線上捐款平台手續費,金錢,臺北市南港區****,02-2*****,否,,,,,,,
34,趙怡翔,111年臺北市議員選舉,首次申報,1110701,人事費用支出,廖建發,A12*******,0.00,19148.00,,,,工資或薪津,金錢,臺北市文山區****,,否,,,,,,,
35,趙怡翔,111年臺北市議員選舉,首次申報,1110701,租用競選辦事處支出,王胡菊英,A20*******,0.00,56000.00,,,,租用競選辦事處費用,金錢,臺北市大安區****,0928*****,否,,,,,,,
36,趙怡翔,111年臺北市議員選舉,首次申報,1110701,人事費用支出,林映廷,A22*******,0.00,15754.00,,,,工資或薪津,金錢,臺北市中山區****,,否,,,,,,,
37,趙怡翔,111年臺北市議員選舉,首次申報,1110701,人事費用支出,蘇尹岑,C22*******,0.00,43236.00,,,,工資或薪津,金錢,基隆市中正區****,,否,,,,,,,
38,趙怡翔,111年臺北市議員選舉,首次申報,1110701,人事費用支出,潘威志,F13*******,0.00,34786.00,,,,工資或薪津,金錢,新北市深坑區****,,否,,,,,,,
39,趙怡翔,111年臺北市議員選舉,首次申報,1110701,人事費用支出,蔡福來,K12*******,0.00,18000.00,,,,顧問費,金錢,臺北市大同區****,,否,,,,,,,
40,趙怡翔,111年臺北市議員選舉,首次申報,1110727,公共關係費用支出,長運國際有限公司,80243227,0.00,46000.00,,,,文康活動費用,金錢,臺北市中正區****,02-2*****,否,,,,,,,
41,趙怡翔,111年臺北市議員選舉,首次申報,1110801,宣傳支出,視覺所在工作室,31697284,0.00,30000.00,,,,委託辦理研究、評估、調查、設計或規劃費用,金錢,新北市中和區****,,否,,,,,,,
42,趙怡翔,111年臺北市議員選舉,首次申報,1110801,雜支支出,藍新科技股份有限公司,70565326,0.00,1068.00,,,,線上捐款平台手續費,金錢,臺北市南港區****,02-2*****,否,,,,,,,
43,趙怡翔,111年臺北市議員選舉,首次申報,1110802,宣傳支出,樺慶國際有限公司,96907002,0.00,68000.00,,,,製作競選物品或宣傳廣告費用（物品名稱-競選廣告面紙）,金錢,臺中市南屯區****,04-2*****,否,,,,,,,
44,趙怡翔,111年臺北市議員選舉,首次申報,1110803,人事費用支出,廖建發,A12*******,0.00,19255.00,,,,工資或薪津,金錢,臺北市文山區****,,否,,,,,,,
45,趙怡翔,111年臺北市議員選舉,首次申報,1110803,租用競選辦事處支出,王胡菊英,A20*******,0.00,56000.00,,,,租用競選辦事處費用,金錢,臺北市大安區****,0928*****,否,,,,,,,
46,趙怡翔,111年臺北市議員選舉,首次申報,1110803,人事費用支出,林映廷,A22*******,0.00,17207.00,,,,工資或薪津,金錢,臺北市中山區****,,否,,,,,,,
47,趙怡翔,111年臺北市議員選舉,首次申報,1110803,人事費用支出,潘威志,F13*******,0.00,33840.00,,,,工資或薪津,金錢,新北市深坑區****,,否,,,,,,,
48,趙怡翔,111年臺北市議員選舉,首次申報,1110803,人事費用支出,蔡福來,K12*******,0.00,30000.00,,,,顧問費,金錢,臺北市大同區****,,否,,,,,,,
49,趙怡翔,111年臺北市議員選舉,首次申報,1110805,宣傳支出,詮虹企業有限公司,53423767,0.00,16632.00,,,,製作競選物品或宣傳廣告費用（物品名稱-競選廣告瓶裝水）,金錢,新北市蘆洲區****,02-8*****,否,,,,,,,
50,趙怡翔,111年臺北市議員選舉,首次申報,1110805,人事費用支出,蘇尹岑,C22*******,0.00,43483.00,,,,工資或薪津,金錢,基隆市中正區****,,否,,,,,,,
51,趙怡翔,111年臺北市議員選舉,首次申報,1110831,宣傳支出,台灣摩菲爾國際股份有限公司,24312453,0.00,150000.00,,,,租用廣告看板或車體廣告費用,金錢,臺北市中正區****,2351*****,否,,,,,,,
52,趙怡翔,111年臺北市議員選舉,首次申報,1110831,宣傳支出,視覺所在工作室,31697284,0.00,31500.00,,,,設計費用,金錢,新北市中和區****,,否,,,,,,,
53,趙怡翔,111年臺北市議員選舉,首次申報,1110901,雜支支出,藍新科技股份有限公司,70565326,0.00,1193.00,,,,線上捐款平台手續費,金錢,臺北市南港區****,02-2*****,否,,,,,,,
54,趙怡翔,111年臺北市議員選舉,首次申報,1110901,租用競選辦事處支出,王胡菊英,A20*******,0.00,56000.00,,,,租用競選辦事處費用,金錢,臺北市大安區****,0928*****,否,,,,,,,
55,趙怡翔,111年臺北市議員選舉,首次申報,1110902,人事費用支出,廖建發,A12*******,0.00,19148.00,,,,工資或薪津,金錢,臺北市文山區****,,否,,,,,,,
56,趙怡翔,111年臺北市議員選舉,首次申報,1110902,人事費用支出,林映廷,A22*******,0.00,14962.00,,,,工資或薪津,金錢,臺北市中山區****,,否,,,,,,,
57,趙怡翔,111年臺北市議員選舉,首次申報,1110902,人事費用支出,蘇尹岑,C22*******,0.00,43236.00,,,,工資或薪津,金錢,基隆市中正區****,,否,,,,,,,
58,趙怡翔,111年臺北市議員選舉,首次申報,1110902,人事費用支出,潘威志,F13*******,0.00,34692.00,,,,工資或薪津,金錢,新北市深坑區****,,否,,,,,,,
59,趙怡翔,111年臺北市議員選舉,首次申報,1110902,人事費用支出,蔡福來,K12*******,0.00,30000.00,,,,顧問費,金錢,臺北市大同區****,,否,,,,,,,
60,趙怡翔,111年臺北市議員選舉,首次申報,1110902,人事費用支出,官芸如,Q22*******,0.00,34178.00,,,,工資或薪津,金錢,嘉義縣太保市****,,否,,,,,,,
61,趙怡翔,111年臺北市議員選舉,首次申報,1110905,宣傳支出,台灣摩菲爾國際股份有限公司,24312453,0.00,75000.00,,,,租用廣告看板或車體廣告費用,金錢,臺北市中正區****,2351*****,否,,,,,,,
62,趙怡翔,111年臺北市議員選舉,首次申報,1110912,宣傳支出,傳達派報社,42428688,0.00,121338.00,,,,製作競選物品或宣傳廣告費用（物品名稱-競選宣傳A對摺DM）,金錢,臺北市萬華區****,02-2*****,否,,,,,,,
63,趙怡翔,111年臺北市議員選舉,首次申報,1110920,宣傳支出,傳達派報社,42428688,0.00,4830.00,,,,製作競選物品或宣傳廣告費用（物品名稱-競選宣傳DM）,金錢,臺北市萬華區****,02-2*****,否,,,,,,,
64,趙怡翔,111年臺北市議員選舉,首次申報,1110920,宣傳支出,彩虹數字股份有限公司,83412416,0.00,44688.00,,,,播放、傳送或刊登宣傳廣告費用,金錢,臺北市大安區****,02-2*****,否,,,,,,,
65,趙怡翔,111年臺北市議員選舉,首次申報,1110923,宣傳支出,京彩廣告有限公司,53545380,0.00,50000.00,,,,租用廣告看板或車體廣告費用,金錢,臺北市大安區****,0983*****,否,,,,,,,
66,趙怡翔,111年臺北市議員選舉,首次申報,1110926,宣傳支出,傳神戶外媒體有限公司,27520222,0.00,28000.00,,,,租用廣告看板或車體廣告費用,金錢,臺北市文山區****,02-2*****,否,,,,,,,
67,趙怡翔,111年臺北市議員選舉,首次申報,1110926,宣傳支出,鴻應實業有限公司,80438861,0.00,137729.00,,,,製作競選物品或宣傳廣告費用（物品名稱-競選看板帆布輸出）,金錢,臺北市內湖區****,,否,,,,,,,
68,趙怡翔,111年臺北市議員選舉,首次申報,1110926,宣傳支出,樺慶國際有限公司,96907002,0.00,75600.00,,,,製作競選物品或宣傳廣告費用（物品名稱-競選廣告面紙）,金錢,臺中市南屯區****,04-2*****,否,,,,,,,
69,趙怡翔,111年臺北市議員選舉,首次申報,1110930,宣傳支出,台灣摩菲爾國際股份有限公司,24312453,0.00,82500.00,,,,租用廣告看板或車體廣告費用,金錢,臺北市中正區****,2351*****,否,,,,,,,
70,趙怡翔,111年臺北市議員選舉,首次申報,1111001,雜支支出,藍新科技股份有限公司,70565326,0.00,930.00,,,,線上捐款平台手續費,金錢,臺北市南港區****,02-2*****,否,,,,,,,
71,趙怡翔,111年臺北市議員選舉,首次申報,1111004,人事費用支出,廖建發,A12*******,0.00,19148.00,,,,工資或薪津,金錢,臺北市文山區****,,否,,,,,,,
72,趙怡翔,111年臺北市議員選舉,首次申報,1111004,人事費用支出,林映廷,A22*******,0.00,17041.00,,,,工資或薪津,金錢,臺北市中山區****,,否,,,,,,,
73,趙怡翔,111年臺北市議員選舉,首次申報,1111004,人事費用支出,蘇尹岑,C22*******,0.00,43236.00,,,,工資或薪津,金錢,基隆市中正區****,,否,,,,,,,
74,趙怡翔,111年臺北市議員選舉,首次申報,1111004,人事費用支出,潘威志,F13*******,0.00,34552.00,,,,工資或薪津,金錢,新北市深坑區****,,否,,,,,,,
75,趙怡翔,111年臺北市議員選舉,首次申報,1111004,人事費用支出,蔡福來,K12*******,0.00,30000.00,,,,顧問費,金錢,臺北市大同區****,,否,,,,,,,
76,趙怡翔,111年臺北市議員選舉,首次申報,1111004,人事費用支出,官芸如,Q22*******,0.00,30595.00,,,,工資或薪津,金錢,嘉義縣太保市****,,否,,,,,,,
77,趙怡翔,111年臺北市議員選舉,首次申報,1111005,租用競選辦事處支出,王胡菊英,A20*******,0.00,56000.00,,,,租用競選辦事處費用,金錢,臺北市大安區****,0928*****,否,,,,,,,
78,趙怡翔,111年臺北市議員選舉,首次申報,1111014,宣傳支出,獨一無二廣告行銷事業有限公司,27522024,0.00,350000.00,,,,演講或表演費用,金錢,臺北市南港區****,02-2*****,否,,,,,,,
79,趙怡翔,111年臺北市議員選舉,首次申報,1111017,宣傳支出,麗昇通訊行,17865014,0.00,69489.00,,,,租用廣告看板或車體廣告費用,金錢,高雄市九如一****,07-3*****,否,,,,,,,
80,趙怡翔,111年臺北市議員選舉,首次申報,1111101,雜支支出,藍新科技股份有限公司,70565326,0.00,1029.00,,,,線上捐款平台手續費,金錢,臺北市南港區****,02-2*****,否,,,,,,,
81,趙怡翔,111年臺北市議員選舉,首次申報,1111102,租用競選辦事處支出,王胡菊英,A20*******,0.00,56000.00,,,,租用競選辦事處費用,金錢,臺北市大安區****,0928*****,否,,,,,,,
82,趙怡翔,111年臺北市議員選舉,首次申報,1111104,人事費用支出,廖建發,A12*******,0.00,19148.00,,,,工資或薪津,金錢,臺北市文山區****,,否,,,,,,,
83,趙怡翔,111年臺北市議員選舉,首次申報,1111104,人事費用支出,林映廷,A22*******,0.00,23793.00,,,,工資或薪津,金錢,臺北市中山區****,,否,,,,,,,
84,趙怡翔,111年臺北市議員選舉,首次申報,1111104,人事費用支出,蘇尹岑,C22*******,0.00,45251.00,,,,工資或薪津,金錢,基隆市中正區****,,否,,,,,,,
85,趙怡翔,111年臺北市議員選舉,首次申報,1111104,人事費用支出,潘威志,F13*******,0.00,37659.00,,,,工資或薪津,金錢,新北市深坑區****,,否,,,,,,,
86,趙怡翔,111年臺北市議員選舉,首次申報,1111104,人事費用支出,蔡福來,K12*******,0.00,30000.00,,,,顧問費,金錢,臺北市大同區****,,否,,,,,,,
87,趙怡翔,111年臺北市議員選舉,首次申報,1111104,人事費用支出,官芸如,Q22*******,0.00,20048.00,,,,工資或薪津,金錢,嘉義縣太保市****,,否,,,,,,,
88,趙怡翔,111年臺北市議員選舉,首次申報,1111108,宣傳支出,立鑫整合行銷有限公司,25118890,0.00,100000.00,,,,播放、傳送或刊登宣傳廣告費用,金錢,新北市新莊區****,2234*****,否,,,,,,,
89,趙怡翔,111年臺北市議員選舉,首次申報,1111108,返還捐贈支出,大明機電設備有限公司,82856974,0.00,12000.00,,,,返還,金錢,臺北市信義區****,,否,,,,,,,
90,趙怡翔,111年臺北市議員選舉,首次申報,1111121,宣傳支出,超據點有限公司,53334316,0.00,135000.00,,,,租用廣告看板或車體廣告費用,金錢,臺北市內湖區****,02-2*****,否,,,,,,,
91,趙怡翔,111年臺北市議員選舉,首次申報,1111122,返還捐贈支出,萬世盛工程顧問股份有限公司,12998177,0.00,50000.00,,,,返還,金錢,臺北市北投區****,,否,,,,,,,
92,趙怡翔,111年臺北市議員選舉,首次申報,1111124,返還捐贈支出,躍眾營造股份有限公司,16698313,0.00,10000.00,,,,返還,金錢,臺北市文山區****,,否,,,,,,,
93,趙怡翔,111年臺北市議員選舉,首次申報,1111129,宣傳支出,台灣摩菲爾國際股份有限公司,24312453,0.00,387500.00,,,,租用廣告看板或車體廣告費用,金錢,臺北市中正區****,2351*****,否,,,,,,,
94,趙怡翔,111年臺北市議員選舉,首次申報,1111201,雜支支出,藍新科技股份有限公司,70565326,0.00,6520.00,,,,線上捐款平台手續費,金錢,臺北市南港區****,02-2*****,否,,,,,,,
95,趙怡翔,111年臺北市議員選舉,首次申報,1111201,租用競選辦事處支出,王胡菊英,A20*******,0.00,56000.00,,,,租用競選辦事處費用,金錢,臺北市大安區****,0928*****,否,,,,,,,
96,趙怡翔,111年臺北市議員選舉,首次申報,1111201,人事費用支出,蔡福來,K12*******,0.00,30000.00,,,,顧問費,金錢,臺北市大同區****,,否,,,,,,,
97,趙怡翔,111年臺北市議員選舉,首次申報,1111202,人事費用支出,廖建發,A12*******,0.00,19148.00,,,,工資或薪津,金錢,臺北市文山區****,,否,,,,,,,
98,趙怡翔,111年臺北市議員選舉,首次申報,1111202,人事費用支出,林映廷,A22*******,0.00,30525.00,,,,工資或薪津,金錢,臺北市中山區****,,否,,,,,,,
99,趙怡翔,111年臺北市議員選舉,首次申報,1111202,人事費用支出,蘇尹岑,C22*******,0.00,45236.00,,,,工資或薪津,金錢,基隆市中正區****,,否,,,,,,,
100,趙怡翔,111年臺北市議員選舉,首次申報,1111202,人事費用支出,潘威志,F13*******,0.00,37659.00,,,,工資或薪津,金錢,新北市深坑區****,,否,,,,,,,
101,趙怡翔,111年臺北市議員選舉,首次申報,1111202,人事費用支出,官芸如,Q22*******,0.00,31784.00,,,,工資或薪津,金錢,嘉義縣太保市****,,否,,,,,,,
