﻿序號,擬參選人／政黨,選舉名稱,申報序號／年度,交易日期,收支科目,捐贈者／支出對象,身分證／統一編號,收入金額,支出金額,支出用途,金錢類,地址,聯絡電話,資料更正日期
1,陳秋蓉,107年鄉(鎮、市)長選舉,首次申報,1070703,個人捐贈收入,郭俊得,N12*******,6000.00,0.00,,金錢,彰化縣員林市****,0935*****,
2,陳秋蓉,107年鄉(鎮、市)長選舉,首次申報,1070704,個人捐贈收入,張良振,N10*******,12000.00,0.00,,金錢,彰化縣員林市****,0932*****,
3,陳秋蓉,107年鄉(鎮、市)長選舉,首次申報,1070704,個人捐贈收入,陳逸凡,N12*******,100000.00,0.00,,金錢,臺中市西屯區****,0937*****,
4,陳秋蓉,107年鄉(鎮、市)長選舉,首次申報,1070704,個人捐贈收入,陳沛晴,N22*******,100000.00,0.00,,金錢,彰化縣員林市****,0937*****,
5,陳秋蓉,107年鄉(鎮、市)長選舉,首次申報,1070805,個人捐贈收入,江宏基,N10*******,8000.00,0.00,,金錢,彰化縣員林市****,04-8*****,
6,陳秋蓉,107年鄉(鎮、市)長選舉,首次申報,1070805,個人捐贈收入,李維靈,N22*******,50000.00,0.00,,金錢,彰化縣員林市****,04-8*****,
7,陳秋蓉,107年鄉(鎮、市)長選舉,首次申報,1070805,個人捐贈收入,蔡淑萍,N22*******,12000.00,0.00,,金錢,彰化縣員林市****,0932*****,
8,陳秋蓉,107年鄉(鎮、市)長選舉,首次申報,1070808,個人捐贈收入,蔡鎮文,N10*******,50000.00,0.00,,金錢,彰化縣埔心鄉****,04-8*****,
9,陳秋蓉,107年鄉(鎮、市)長選舉,首次申報,1070815,個人捐贈收入,羅榮輝,N10*******,3000.00,0.00,,金錢,彰化縣員林市****,0978*****,
10,陳秋蓉,107年鄉(鎮、市)長選舉,首次申報,1070815,個人捐贈收入,張文虎,N12*******,2000.00,0.00,,金錢,彰化縣員林市****,04-8*****,
11,陳秋蓉,107年鄉(鎮、市)長選舉,首次申報,1070820,個人捐贈收入,高溪川,T10*******,100000.00,0.00,,金錢,臺北市大同區****,04-2*****,
12,陳秋蓉,107年鄉(鎮、市)長選舉,首次申報,1070831,個人捐贈收入,黃士恒,N10*******,3000.00,0.00,,金錢,彰化縣員林市****,04-8*****,
13,陳秋蓉,107年鄉(鎮、市)長選舉,首次申報,1070831,個人捐贈收入,王錫健,N12*******,50000.00,0.00,,金錢,彰化縣員林市****,0935*****,
14,陳秋蓉,107年鄉(鎮、市)長選舉,首次申報,1070831,個人捐贈收入,王聖皓,N12*******,100000.00,0.00,,金錢,彰化縣員林市****,0937*****,
15,陳秋蓉,107年鄉(鎮、市)長選舉,首次申報,1070831,個人捐贈收入,王錫庸,N12*******,50000.00,0.00,,金錢,彰化縣員林市****,0935*****,
16,陳秋蓉,107年鄉(鎮、市)長選舉,首次申報,1070903,營利事業捐贈收入,二億企業股份有限公司,59175568,100000.00,0.00,,金錢,彰化縣福興鄉****,0963*****,
17,陳秋蓉,107年鄉(鎮、市)長選舉,首次申報,1070905,營利事業捐贈收入,二億企業股份有限公司,59175568,100000.00,0.00,,金錢,彰化縣福興鄉****,0963*****,
18,陳秋蓉,107年鄉(鎮、市)長選舉,首次申報,1070905,個人捐贈收入,林德明,N12*******,16800.00,0.00,,金錢,彰化縣北斗鎮****,0953*****,
19,陳秋蓉,107年鄉(鎮、市)長選舉,首次申報,1070905,個人捐贈收入,邱于庭,N22*******,2000.00,0.00,,金錢,彰化縣員林市****,04-8*****,
20,陳秋蓉,107年鄉(鎮、市)長選舉,首次申報,1070907,營利事業捐贈收入,日溢國際有限公司,25062559,8000.00,0.00,,金錢,新北市板橋區****,02-2*****,
21,陳秋蓉,107年鄉(鎮、市)長選舉,首次申報,1070907,個人捐贈收入,鄭惠文,B22*******,100000.00,0.00,,金錢,新竹市公道五****,0928*****,
22,陳秋蓉,107年鄉(鎮、市)長選舉,首次申報,1070907,個人捐贈收入,陳建華,L12*******,100000.00,0.00,,金錢,臺中市西區中****,0932*****,
23,陳秋蓉,107年鄉(鎮、市)長選舉,首次申報,1070907,個人捐贈收入,劉淑華,N22*******,10000.00,0.00,,金錢,彰化縣員林市****,0935*****,
24,陳秋蓉,107年鄉(鎮、市)長選舉,首次申報,1070910,個人捐贈收入,汪相如,N12*******,60000.00,0.00,,金錢,彰化縣員林市****,0922*****,
25,陳秋蓉,107年鄉(鎮、市)長選舉,首次申報,1070913,個人捐贈收入,張式龍,N10*******,5000.00,0.00,,金錢,彰化縣員林市****,04-8*****,
26,陳秋蓉,107年鄉(鎮、市)長選舉,首次申報,1070913,個人捐贈收入,魏維新,Q12*******,3000.00,0.00,,金錢,彰化縣員林市****,04-8*****,
27,陳秋蓉,107年鄉(鎮、市)長選舉,首次申報,1070920,其他收入,利息收入,,147.00,0.00,,金錢,,,
28,陳秋蓉,107年鄉(鎮、市)長選舉,首次申報,1070921,個人捐贈收入,朱正炘,A20*******,100000.00,0.00,,金錢,彰化縣員林市****,04-8*****,
29,陳秋蓉,107年鄉(鎮、市)長選舉,首次申報,1070921,個人捐贈收入,張椿堂,N10*******,100000.00,0.00,,金錢,彰化縣員林市****,04-8*****,
30,陳秋蓉,107年鄉(鎮、市)長選舉,首次申報,1070921,個人捐贈收入,張永翰,N12*******,100000.00,0.00,,金錢,彰化縣員林市****,04-8*****,
31,陳秋蓉,107年鄉(鎮、市)長選舉,首次申報,1070921,個人捐贈收入,葉為謙,N12*******,50000.00,0.00,,金錢,彰化縣員林市****,04-8*****,
32,陳秋蓉,107年鄉(鎮、市)長選舉,首次申報,1070925,個人捐贈收入,賴濯振,N10*******,2000.00,0.00,,金錢,彰化縣大村鄉****,0918*****,
33,陳秋蓉,107年鄉(鎮、市)長選舉,首次申報,1070925,個人捐贈收入,廖漢棖,P10*******,6600.00,0.00,,金錢,彰化縣員林市****,0972*****,
34,陳秋蓉,107年鄉(鎮、市)長選舉,首次申報,1070926,個人捐贈收入,張火旺,N10*******,20000.00,0.00,,金錢,彰化縣員林市****,04-8*****,
35,陳秋蓉,107年鄉(鎮、市)長選舉,首次申報,1070926,個人捐贈收入,劉龍俊,N12*******,10000.00,0.00,,金錢,彰化縣員林市****,,
36,陳秋蓉,107年鄉(鎮、市)長選舉,首次申報,1070926,個人捐贈收入,邱暉智,N12*******,50000.00,0.00,,金錢,彰化縣員林市****,0933*****,
37,陳秋蓉,107年鄉(鎮、市)長選舉,首次申報,1070927,個人捐贈收入,江轍東,N10*******,20000.00,0.00,,金錢,彰化縣員林市****,0936*****,
38,陳秋蓉,107年鄉(鎮、市)長選舉,首次申報,1070927,個人捐贈收入,呂耀宗,N10*******,20000.00,0.00,,金錢,彰化縣員林市****,,
39,陳秋蓉,107年鄉(鎮、市)長選舉,首次申報,1070927,個人捐贈收入,陳宏銘,N10*******,20000.00,0.00,,金錢,彰化縣員林市****,,
40,陳秋蓉,107年鄉(鎮、市)長選舉,首次申報,1070927,個人捐贈收入,張徽油,N12*******,20000.00,0.00,,金錢,彰化縣員林市****,,
41,陳秋蓉,107年鄉(鎮、市)長選舉,首次申報,1070927,個人捐贈收入,詹堯閔,N12*******,20000.00,0.00,,金錢,彰化縣員林市****,0935*****,
42,陳秋蓉,107年鄉(鎮、市)長選舉,首次申報,1070927,個人捐贈收入,江有騰,N12*******,1000.00,0.00,,金錢,彰化縣員林市****,0935*****,
43,陳秋蓉,107年鄉(鎮、市)長選舉,首次申報,1071001,個人捐贈收入,王貴東,N10*******,10000.00,0.00,,金錢,彰化縣員林市****,0955*****,
44,陳秋蓉,107年鄉(鎮、市)長選舉,首次申報,1071002,個人捐贈收入,江昭課,N10*******,5000.00,0.00,,金錢,彰化縣社頭鄉****,04-8*****,
45,陳秋蓉,107年鄉(鎮、市)長選舉,首次申報,1071003,個人捐贈收入,江松溪,N12*******,10000.00,0.00,,金錢,彰化縣員林市****,,
46,陳秋蓉,107年鄉(鎮、市)長選舉,首次申報,1071004,個人捐贈收入,黃耀昇,N12*******,10000.00,0.00,,金錢,彰化縣員林市****,,
47,陳秋蓉,107年鄉(鎮、市)長選舉,首次申報,1071004,個人捐贈收入,張怡璇,N22*******,50000.00,0.00,,金錢,新北市三重區****,04-2*****,
48,陳秋蓉,107年鄉(鎮、市)長選舉,首次申報,1071005,個人捐贈收入,張宜田,N10*******,1000.00,0.00,,金錢,彰化縣員林市****,,
49,陳秋蓉,107年鄉(鎮、市)長選舉,首次申報,1071008,個人捐贈收入,黃介文,N12*******,60000.00,0.00,,金錢,彰化縣員林市****,0933*****,
50,陳秋蓉,107年鄉(鎮、市)長選舉,首次申報,1071008,個人捐贈收入,邱俊明,N12*******,60000.00,0.00,,金錢,彰化縣社頭鄉****,,
51,陳秋蓉,107年鄉(鎮、市)長選舉,首次申報,1071008,個人捐贈收入,蔡副彬,N12*******,20000.00,0.00,,金錢,彰化縣大城鄉****,0912*****,
52,陳秋蓉,107年鄉(鎮、市)長選舉,首次申報,1071008,個人捐贈收入,胡瑞唐,N12*******,2000.00,0.00,,金錢,彰化縣員林市****,0953*****,
53,陳秋蓉,107年鄉(鎮、市)長選舉,首次申報,1071009,匿名捐贈,匿名2,,10000.00,0.00,,金錢,,,
54,陳秋蓉,107年鄉(鎮、市)長選舉,首次申報,1071009,個人捐贈收入,曾承偉,N12*******,10000.00,0.00,,金錢,彰化縣花壇鄉****,0935*****,
55,陳秋蓉,107年鄉(鎮、市)長選舉,首次申報,1071011,個人捐贈收入,成龍昇,,100.00,0.00,,金錢,彰化縣員林市****,,
56,陳秋蓉,107年鄉(鎮、市)長選舉,首次申報,1071011,營利事業捐贈收入,寶緯工業股份有限公司,23209895,60000.00,0.00,,金錢,彰化縣北斗鎮****,,
57,陳秋蓉,107年鄉(鎮、市)長選舉,首次申報,1071011,個人捐贈收入,蕭瑟榮,A10*******,36000.00,0.00,,金錢,彰化縣永靖鄉****,0988*****,
58,陳秋蓉,107年鄉(鎮、市)長選舉,首次申報,1071011,個人捐贈收入,劉金定,N10*******,6000.00,0.00,,金錢,彰化縣員林市****,0935*****,
59,陳秋蓉,107年鄉(鎮、市)長選舉,首次申報,1071011,個人捐贈收入,蔡素英,Q22*******,6000.00,0.00,,金錢,彰化縣社頭鄉****,0919*****,
60,陳秋蓉,107年鄉(鎮、市)長選舉,首次申報,1071012,匿名捐贈,匿名1,,1000.00,0.00,,金錢,,,
61,陳秋蓉,107年鄉(鎮、市)長選舉,首次申報,1071012,匿名捐贈,匿名,,2000.00,0.00,,金錢,,,
62,陳秋蓉,107年鄉(鎮、市)長選舉,首次申報,1071012,個人捐贈收入,陳永坤,N10*******,3000.00,0.00,,金錢,彰化縣員林市****,04-8*****,
63,陳秋蓉,107年鄉(鎮、市)長選舉,首次申報,1071012,個人捐贈收入,詹政育,N12*******,20000.00,0.00,,金錢,彰化縣員林市****,04-8*****,
64,陳秋蓉,107年鄉(鎮、市)長選舉,首次申報,1071012,個人捐贈收入,張陳寶蓮,N20*******,2000.00,0.00,,金錢,彰化縣員林市****,04-8*****,
65,陳秋蓉,107年鄉(鎮、市)長選舉,首次申報,1071012,個人捐贈收入,周林惠琴,Q20*******,1000.00,0.00,,金錢,彰化縣員林市****,0976*****,
66,陳秋蓉,107年鄉(鎮、市)長選舉,首次申報,1071012,個人捐贈收入,林桂英,Q22*******,1000.00,0.00,,金錢,彰化縣員林市****,0919*****,
67,陳秋蓉,107年鄉(鎮、市)長選舉,首次申報,1071014,個人捐贈收入,張建夫,,10000.00,0.00,,金錢,彰化縣員林市****,04-8*****,
68,陳秋蓉,107年鄉(鎮、市)長選舉,首次申報,1071014,營利事業捐贈收入,久展鋼鐵有限公司,22077592,30000.00,0.00,,金錢,彰化縣埔心鄉****,,
69,陳秋蓉,107年鄉(鎮、市)長選舉,首次申報,1071014,營利事業捐贈收入,雲南企業股份有限公司,23216684,10000.00,0.00,,金錢,彰化縣永靖鄉****,04-8*****,
70,陳秋蓉,107年鄉(鎮、市)長選舉,首次申報,1071014,營利事業捐贈收入,百果山探索樂園,47616365,6000.00,0.00,,金錢,彰化縣員林市****,0921*****,
71,陳秋蓉,107年鄉(鎮、市)長選舉,首次申報,1071014,個人捐贈收入,王銘圳,N10*******,3000.00,0.00,,金錢,彰化縣員林市****,0911*****,
72,陳秋蓉,107年鄉(鎮、市)長選舉,首次申報,1071014,個人捐贈收入,游基礎,N10*******,3000.00,0.00,,金錢,彰化縣員林市****,0921*****,
73,陳秋蓉,107年鄉(鎮、市)長選舉,首次申報,1071014,個人捐贈收入,陳進儀,N10*******,2000.00,0.00,,金錢,彰化縣員林市****,,
74,陳秋蓉,107年鄉(鎮、市)長選舉,首次申報,1071014,個人捐贈收入,林朝陽,N10*******,10000.00,0.00,,金錢,彰化縣員林市****,,
75,陳秋蓉,107年鄉(鎮、市)長選舉,首次申報,1071014,個人捐贈收入,蔡樟,N10*******,10000.00,0.00,,金錢,彰化縣員林市****,0905*****,
76,陳秋蓉,107年鄉(鎮、市)長選舉,首次申報,1071014,個人捐贈收入,游有成,N10*******,2000.00,0.00,,金錢,彰化縣大村鄉****,0911*****,
77,陳秋蓉,107年鄉(鎮、市)長選舉,首次申報,1071014,個人捐贈收入,許義和,N10*******,3000.00,0.00,,金錢,彰化縣員林市****,,
78,陳秋蓉,107年鄉(鎮、市)長選舉,首次申報,1071014,個人捐贈收入,詹大慶,N10*******,6000.00,0.00,,金錢,彰化縣員林市****,0977*****,
79,陳秋蓉,107年鄉(鎮、市)長選舉,首次申報,1071014,個人捐贈收入,劉進雄,N10*******,6000.00,0.00,,金錢,彰化縣員林市****,8312*****,
80,陳秋蓉,107年鄉(鎮、市)長選舉,首次申報,1071014,個人捐贈收入,張存利,N10*******,3000.00,0.00,,金錢,彰化縣員林市****,0963*****,
81,陳秋蓉,107年鄉(鎮、市)長選舉,首次申報,1071014,個人捐贈收入,賴松,N10*******,1000.00,0.00,,金錢,彰化縣大村鄉****,04-8*****,
82,陳秋蓉,107年鄉(鎮、市)長選舉,首次申報,1071014,個人捐贈收入,蔡清雲,N12*******,2000.00,0.00,,金錢,彰化縣員林市****,,
83,陳秋蓉,107年鄉(鎮、市)長選舉,首次申報,1071014,個人捐贈收入,林明輝,N12*******,5000.00,0.00,,金錢,彰化縣員林市****,04-8*****,
84,陳秋蓉,107年鄉(鎮、市)長選舉,首次申報,1071014,個人捐贈收入,林高旭,N12*******,2000.00,0.00,,金錢,彰化縣員林市****,,
85,陳秋蓉,107年鄉(鎮、市)長選舉,首次申報,1071014,個人捐贈收入,林永裕,N12*******,20000.00,0.00,,金錢,彰化縣員林市****,,
86,陳秋蓉,107年鄉(鎮、市)長選舉,首次申報,1071014,個人捐贈收入,邱劉對,N20*******,1000.00,0.00,,金錢,彰化縣員林市****,0910*****,
87,陳秋蓉,107年鄉(鎮、市)長選舉,首次申報,1071014,個人捐贈收入,黃詹草雲,N20*******,2000.00,0.00,,金錢,彰化縣員林市****,,
88,陳秋蓉,107年鄉(鎮、市)長選舉,首次申報,1071014,個人捐贈收入,張筱沛,N22*******,2000.00,0.00,,金錢,彰化縣員林市****,0953*****,
89,陳秋蓉,107年鄉(鎮、市)長選舉,首次申報,1071014,個人捐贈收入,魏杏如,N22*******,2000.00,0.00,,金錢,彰化縣二水鄉****,0983*****,
90,陳秋蓉,107年鄉(鎮、市)長選舉,首次申報,1071014,個人捐贈收入,黃美珍,N22*******,12000.00,0.00,,金錢,彰化縣員林市****,,
91,陳秋蓉,107年鄉(鎮、市)長選舉,首次申報,1071014,個人捐贈收入,黃玉樺,N22*******,2000.00,0.00,,金錢,彰化縣大村鄉****,,
92,陳秋蓉,107年鄉(鎮、市)長選舉,首次申報,1071014,個人捐贈收入,王惠珍,R22*******,60000.00,0.00,,金錢,彰化縣大村鄉****,,
93,陳秋蓉,107年鄉(鎮、市)長選舉,首次申報,1071014,個人捐贈收入,尹莉娜,T20*******,2000.00,0.00,,金錢,彰化縣員林市****,0932*****,
94,陳秋蓉,107年鄉(鎮、市)長選舉,首次申報,1071015,個人捐贈收入,成龍昇,,100.00,0.00,,金錢,彰化縣員林市****,,
95,陳秋蓉,107年鄉(鎮、市)長選舉,首次申報,1071015,個人捐贈收入,張秀康,,5000.00,0.00,,金錢,彰化縣員林市****,0937*****,
96,陳秋蓉,107年鄉(鎮、市)長選舉,首次申報,1071015,個人捐贈收入,張春楷,,1000.00,0.00,,金錢,彰化縣員林市****,04-8*****,
97,陳秋蓉,107年鄉(鎮、市)長選舉,首次申報,1071015,個人捐贈收入,張春美,D20*******,16800.00,0.00,,金錢,彰化縣員林市****,,
98,陳秋蓉,107年鄉(鎮、市)長選舉,首次申報,1071015,個人捐贈收入,陳彩紅,M20*******,20000.00,0.00,,金錢,彰化縣員林市****,0912*****,
99,陳秋蓉,107年鄉(鎮、市)長選舉,首次申報,1071015,個人捐贈收入,蔡偉宗,N10*******,10000.00,0.00,,金錢,彰化縣花壇鄉****,0937*****,
100,陳秋蓉,107年鄉(鎮、市)長選舉,首次申報,1071015,個人捐贈收入,吳木錢,N10*******,2000.00,0.00,,金錢,彰化縣員林市****,,
101,陳秋蓉,107年鄉(鎮、市)長選舉,首次申報,1071015,個人捐贈收入,賴儀松,N10*******,12000.00,0.00,,金錢,彰化縣員林市****,,
102,陳秋蓉,107年鄉(鎮、市)長選舉,首次申報,1071015,個人捐贈收入,邱吉平,N10*******,1000.00,0.00,,金錢,彰化縣員林市****,,
103,陳秋蓉,107年鄉(鎮、市)長選舉,首次申報,1071015,個人捐贈收入,王清溪,N10*******,2000.00,0.00,,金錢,彰化縣員林市****,,
104,陳秋蓉,107年鄉(鎮、市)長選舉,首次申報,1071015,個人捐贈收入,張民,N10*******,5000.00,0.00,,金錢,彰化縣員林市****,,
105,陳秋蓉,107年鄉(鎮、市)長選舉,首次申報,1071015,個人捐贈收入,游漢發,N10*******,6000.00,0.00,,金錢,彰化縣員林市****,,
106,陳秋蓉,107年鄉(鎮、市)長選舉,首次申報,1071015,個人捐贈收入,詹榮宗,N10*******,3600.00,0.00,,金錢,彰化縣員林市****,8362*****,
107,陳秋蓉,107年鄉(鎮、市)長選舉,首次申報,1071015,個人捐贈收入,余炯坤,N10*******,6000.00,0.00,,金錢,彰化縣員林市****,,
108,陳秋蓉,107年鄉(鎮、市)長選舉,首次申報,1071015,個人捐贈收入,王鳳州,N10*******,1000.00,0.00,,金錢,彰化縣員林市****,8352*****,
109,陳秋蓉,107年鄉(鎮、市)長選舉,首次申報,1071015,個人捐贈收入,黃英德,N10*******,2000.00,0.00,,金錢,彰化縣員林市****,,
110,陳秋蓉,107年鄉(鎮、市)長選舉,首次申報,1071015,個人捐贈收入,楊青泉,N10*******,50000.00,0.00,,金錢,彰化縣員林市****,0932*****,
111,陳秋蓉,107年鄉(鎮、市)長選舉,首次申報,1071015,個人捐贈收入,黃鴻咏,N10*******,5000.00,0.00,,金錢,彰化縣員林市****,,
112,陳秋蓉,107年鄉(鎮、市)長選舉,首次申報,1071015,個人捐贈收入,劉珍士,N10*******,2000.00,0.00,,金錢,彰化縣員林市****,04-8*****,
113,陳秋蓉,107年鄉(鎮、市)長選舉,首次申報,1071015,個人捐贈收入,王建國,N12*******,6000.00,0.00,,金錢,彰化縣大村鄉****,0910*****,
114,陳秋蓉,107年鄉(鎮、市)長選舉,首次申報,1071015,個人捐贈收入,游永田,N12*******,2000.00,0.00,,金錢,彰化縣員林市****,,
115,陳秋蓉,107年鄉(鎮、市)長選舉,首次申報,1071015,個人捐贈收入,魏添堯,N12*******,2000.00,0.00,,金錢,彰化縣員林市****,04-8*****,
116,陳秋蓉,107年鄉(鎮、市)長選舉,首次申報,1071015,個人捐贈收入,顧國棟,N12*******,10000.00,0.00,,金錢,彰化縣員林市****,04-8*****,
117,陳秋蓉,107年鄉(鎮、市)長選舉,首次申報,1071015,個人捐贈收入,胡書山,N12*******,2000.00,0.00,,金錢,彰化縣員林市****,,
118,陳秋蓉,107年鄉(鎮、市)長選舉,首次申報,1071015,個人捐贈收入,游志勇,N12*******,60000.00,0.00,,金錢,彰化縣大村鄉****,,
119,陳秋蓉,107年鄉(鎮、市)長選舉,首次申報,1071015,個人捐贈收入,龍建輔,N12*******,20000.00,0.00,,金錢,臺中市太平區****,0988*****,
120,陳秋蓉,107年鄉(鎮、市)長選舉,首次申報,1071015,個人捐贈收入,張淑真,N20*******,2000.00,0.00,,金錢,彰化縣埔心鄉****,8295*****,
121,陳秋蓉,107年鄉(鎮、市)長選舉,首次申報,1071015,個人捐贈收入,江雅真,N22*******,20000.00,0.00,,金錢,彰化縣員林市****,,
122,陳秋蓉,107年鄉(鎮、市)長選舉,首次申報,1071015,個人捐贈收入,侯慧玲,N22*******,10000.00,0.00,,金錢,彰化縣員林市****,,
123,陳秋蓉,107年鄉(鎮、市)長選舉,首次申報,1071015,個人捐贈收入,丁絹芳,N22*******,7000.00,0.00,,金錢,彰化縣彰化市****,,
124,陳秋蓉,107年鄉(鎮、市)長選舉,首次申報,1071015,個人捐贈收入,紀依惠,N22*******,5000.00,0.00,,金錢,彰化縣員林市****,,
125,陳秋蓉,107年鄉(鎮、市)長選舉,首次申報,1071015,個人捐贈收入,廖文藝,P12*******,1200.00,0.00,,金錢,臺中市北屯區****,0933*****,
126,陳秋蓉,107年鄉(鎮、市)長選舉,首次申報,1071015,個人捐贈收入,周志山,Q12*******,5000.00,0.00,,金錢,彰化縣員林市****,,
127,陳秋蓉,107年鄉(鎮、市)長選舉,首次申報,1071015,個人捐贈收入,張舜讀,T12*******,2000.00,0.00,,金錢,彰化縣員林市****,,
128,陳秋蓉,107年鄉(鎮、市)長選舉,首次申報,1071017,個人捐贈收入,陳陸鎮,,5000.00,0.00,,金錢,彰化縣員林市****,0958*****,
129,陳秋蓉,107年鄉(鎮、市)長選舉,首次申報,1071017,個人捐贈收入,彭文憲,N10*******,1000.00,0.00,,金錢,彰化縣田尾鄉****,0958*****,
130,陳秋蓉,107年鄉(鎮、市)長選舉,首次申報,1071017,個人捐贈收入,魏愛玲,N22*******,1000.00,0.00,,金錢,彰化縣員林市****,04-8*****,
131,陳秋蓉,107年鄉(鎮、市)長選舉,首次申報,1071018,個人捐贈收入,程永都,,20000.00,0.00,,金錢,彰化縣員林市****,,
132,陳秋蓉,107年鄉(鎮、市)長選舉,首次申報,1071018,個人捐贈收入,陳昆煇,M10*******,20000.00,0.00,,金錢,臺北市中山區****,02-8*****,
133,陳秋蓉,107年鄉(鎮、市)長選舉,首次申報,1071018,個人捐贈收入,陳瑞興,M12*******,20000.00,0.00,,金錢,南投縣南投市****,049-*****,
134,陳秋蓉,107年鄉(鎮、市)長選舉,首次申報,1071018,個人捐贈收入,饒烜威,N12*******,50000.00,0.00,,金錢,彰化縣員林市****,04-8*****,
135,陳秋蓉,107年鄉(鎮、市)長選舉,首次申報,1071019,個人捐贈收入,賴淑芬,M22*******,100000.00,0.00,,金錢,彰化縣員林市****,,
136,陳秋蓉,107年鄉(鎮、市)長選舉,首次申報,1071019,個人捐贈收入,吳藝,N10*******,20000.00,0.00,,金錢,彰化縣員林市****,0933*****,
137,陳秋蓉,107年鄉(鎮、市)長選舉,首次申報,1071022,個人捐贈收入,張儀煌,,10000.00,0.00,,金錢,彰化縣員林市****,0910*****,
138,陳秋蓉,107年鄉(鎮、市)長選舉,首次申報,1071022,個人捐贈收入,廖繼璋,F10*******,10000.00,0.00,,金錢,彰化縣永靖鄉****,04-8*****,
139,陳秋蓉,107年鄉(鎮、市)長選舉,首次申報,1071022,個人捐贈收入,劉秀玲,M22*******,3000.00,0.00,,金錢,彰化縣田中鎮****,,
140,陳秋蓉,107年鄉(鎮、市)長選舉,首次申報,1071022,個人捐贈收入,曹宜政,N12*******,30000.00,0.00,,金錢,彰化縣員林市****,,
141,陳秋蓉,107年鄉(鎮、市)長選舉,首次申報,1071022,個人捐贈收入,王阿麗,N20*******,1000.00,0.00,,金錢,彰化縣北斗鎮****,04-8*****,
142,陳秋蓉,107年鄉(鎮、市)長選舉,首次申報,1071024,個人捐贈收入,曹榮源,N10*******,20000.00,0.00,,金錢,彰化縣員林市****,0933*****,
143,陳秋蓉,107年鄉(鎮、市)長選舉,首次申報,1071024,個人捐贈收入,江美珠,N22*******,20000.00,0.00,,金錢,彰化縣員林市****,,
144,陳秋蓉,107年鄉(鎮、市)長選舉,首次申報,1071025,個人捐贈收入,張哲嘉,,10000.00,0.00,,金錢,彰化縣員林市****,04-8*****,
145,陳秋蓉,107年鄉(鎮、市)長選舉,首次申報,1071025,營利事業捐贈收入,高觀實業有限公司,28967684,100000.00,0.00,,金錢,彰化縣員林市****,04-8*****,
146,陳秋蓉,107年鄉(鎮、市)長選舉,首次申報,1071025,個人捐贈收入,黃錦鴻,N10*******,2000.00,0.00,,金錢,彰化縣員林市****,04-8*****,
147,陳秋蓉,107年鄉(鎮、市)長選舉,首次申報,1071025,個人捐贈收入,胡佐陸,P10*******,20000.00,0.00,,金錢,彰化縣花壇鄉****,0912*****,
148,陳秋蓉,107年鄉(鎮、市)長選舉,首次申報,1071026,個人捐贈收入,李樑卿,N12*******,20000.00,0.00,,金錢,彰化縣大村鄉****,0912*****,
149,陳秋蓉,107年鄉(鎮、市)長選舉,首次申報,1071029,個人捐贈收入,黃文程,,10000.00,0.00,,金錢,彰化縣員林市****,,
150,陳秋蓉,107年鄉(鎮、市)長選舉,首次申報,1071029,個人捐贈收入,陳明裕,N12*******,2000.00,0.00,,金錢,彰化縣員林市****,,
151,陳秋蓉,107年鄉(鎮、市)長選舉,首次申報,1071029,個人捐贈收入,黃鈵淇,N22*******,36000.00,0.00,,金錢,彰化縣員林市****,,
152,陳秋蓉,107年鄉(鎮、市)長選舉,首次申報,1071030,匿名捐贈,匿名,,2000.00,0.00,,金錢,,,
153,陳秋蓉,107年鄉(鎮、市)長選舉,首次申報,1071030,個人捐贈收入,黃翎珈,A22*******,10000.00,0.00,,金錢,彰化縣員林市****,,
154,陳秋蓉,107年鄉(鎮、市)長選舉,首次申報,1071030,個人捐贈收入,林炳賢,N10*******,50000.00,0.00,,金錢,彰化縣員林市****,0932*****,
155,陳秋蓉,107年鄉(鎮、市)長選舉,首次申報,1071030,個人捐贈收入,張聚芳,N12*******,10000.00,0.00,,金錢,彰化縣埔心鄉****,04-8*****,
156,陳秋蓉,107年鄉(鎮、市)長選舉,首次申報,1071101,個人捐贈收入,胡惠璇,N20*******,10000.00,0.00,,金錢,彰化縣員林市****,0928*****,
157,陳秋蓉,107年鄉(鎮、市)長選舉,首次申報,1071102,個人捐贈收入,蕭少珍,,10000.00,0.00,,金錢,彰化縣員林市****,04-8*****,
158,陳秋蓉,107年鄉(鎮、市)長選舉,首次申報,1071102,營利事業捐贈收入,員發企業有限公司,16015176,66000.00,0.00,,金錢,彰化縣員林市****,0483*****,
159,陳秋蓉,107年鄉(鎮、市)長選舉,首次申報,1071102,個人捐贈收入,王册蕙,F22*******,20000.00,0.00,,金錢,南投縣南投市****,0913*****,
160,陳秋蓉,107年鄉(鎮、市)長選舉,首次申報,1071105,個人捐贈收入,林炳坤,N12*******,6000.00,0.00,,金錢,彰化縣永靖鄉****,04-8*****,
161,陳秋蓉,107年鄉(鎮、市)長選舉,首次申報,1071105,個人捐贈收入,蘇戊衍,N12*******,30000.00,0.00,,金錢,臺中市西屯區****,,
162,陳秋蓉,107年鄉(鎮、市)長選舉,首次申報,1071107,個人捐贈收入,顧和順,N10*******,3000.00,0.00,,金錢,彰化縣員林市****,0937*****,
163,陳秋蓉,107年鄉(鎮、市)長選舉,首次申報,1071107,個人捐贈收入,陳英輝,N10*******,3000.00,0.00,,金錢,彰化縣員林市****,0911*****,
164,陳秋蓉,107年鄉(鎮、市)長選舉,首次申報,1071107,個人捐贈收入,楊儒燐,N12*******,100000.00,0.00,,金錢,彰化縣員林市****,04-8*****,
165,陳秋蓉,107年鄉(鎮、市)長選舉,首次申報,1071107,個人捐贈收入,尤真裕,N22*******,100000.00,0.00,,金錢,彰化縣員林市****,04-8*****,
166,陳秋蓉,107年鄉(鎮、市)長選舉,首次申報,1071108,個人捐贈收入,劉書通,N10*******,6000.00,0.00,,金錢,彰化縣社頭鄉****,,
167,陳秋蓉,107年鄉(鎮、市)長選舉,首次申報,1071112,個人捐贈收入,潘淑瑾,N22*******,10000.00,0.00,,金錢,彰化縣田中鎮****,0911*****,
168,陳秋蓉,107年鄉(鎮、市)長選舉,首次申報,1071113,個人捐贈收入,楊承恩,N12*******,500.00,0.00,,金錢,彰化縣線西鄉****,,
169,陳秋蓉,107年鄉(鎮、市)長選舉,首次申報,1071113,個人捐贈收入,蕭玉典,N12*******,12000.00,0.00,,金錢,彰化縣員林市****,04-8*****,
170,陳秋蓉,107年鄉(鎮、市)長選舉,首次申報,1071116,個人捐贈收入,黃紹拱,N12*******,1000.00,0.00,,金錢,彰化縣員林市****,0934*****,
171,陳秋蓉,107年鄉(鎮、市)長選舉,首次申報,1071116,個人捐贈收入,蕭錫洲,N12*******,3000.00,0.00,,金錢,彰化縣社頭鄉****,04-8*****,
172,陳秋蓉,107年鄉(鎮、市)長選舉,首次申報,1071117,個人捐贈收入,蔡恭,N10*******,1000.00,0.00,,金錢,臺北市大安區****,0963*****,
173,陳秋蓉,107年鄉(鎮、市)長選舉,首次申報,1071117,個人捐贈收入,楊光興,N12*******,20000.00,0.00,,金錢,彰化縣員林市****,0933*****,
174,陳秋蓉,107年鄉(鎮、市)長選舉,首次申報,1071117,個人捐贈收入,陳楊素蕊,P20*******,1000.00,0.00,,金錢,臺北市信義區****,0917*****,
175,陳秋蓉,107年鄉(鎮、市)長選舉,首次申報,1071118,個人捐贈收入,何秀娟,S22*******,6000.00,0.00,,金錢,彰化縣埔心鄉****,0928*****,
176,陳秋蓉,107年鄉(鎮、市)長選舉,首次申報,1071119,個人捐贈收入,陳義王,N12*******,6000.00,0.00,,金錢,彰化縣永靖鄉****,04-8*****,
177,陳秋蓉,107年鄉(鎮、市)長選舉,首次申報,1071120,個人捐贈收入,莊新旺,M10*******,12000.00,0.00,,金錢,彰化縣員林市****,0917*****,
178,陳秋蓉,107年鄉(鎮、市)長選舉,首次申報,1071120,個人捐贈收入,劉水龍,N10*******,6000.00,0.00,,金錢,彰化縣永靖鄉****,04-8*****,
179,陳秋蓉,107年鄉(鎮、市)長選舉,首次申報,1071121,個人捐贈收入,賴姵蓁,L22*******,12000.00,0.00,,金錢,彰化縣員林市****,04-8*****,
180,陳秋蓉,107年鄉(鎮、市)長選舉,首次申報,1071122,個人捐贈收入,施宜宏,,2000.00,0.00,,金錢,彰化縣員林市****,0956*****,
181,陳秋蓉,107年鄉(鎮、市)長選舉,首次申報,1071123,營利事業捐贈收入,大業興建設有限公司,54774620,100000.00,0.00,,金錢,彰化縣員林市****,,
182,陳秋蓉,107年鄉(鎮、市)長選舉,首次申報,1071123,營利事業捐贈收入,員林何醫院,59080845,50000.00,0.00,,金錢,彰化縣員林市****,,
183,陳秋蓉,107年鄉(鎮、市)長選舉,首次申報,1071123,個人捐贈收入,顧如虎,N10*******,6000.00,0.00,,金錢,彰化縣埔心鄉****,8283*****,
184,陳秋蓉,107年鄉(鎮、市)長選舉,首次申報,1071123,個人捐贈收入,楊振芳,N12*******,20000.00,0.00,,金錢,彰化縣員林市****,04-8*****,
185,陳秋蓉,107年鄉(鎮、市)長選舉,首次申報,1071123,個人捐贈收入,賴永賢,N12*******,12000.00,0.00,,金錢,彰化縣員林市****,04-8*****,
186,陳秋蓉,107年鄉(鎮、市)長選舉,首次申報,1071123,個人捐贈收入,陳美錦,N22*******,1000.00,0.00,,金錢,彰化縣員林市****,,
187,陳秋蓉,107年鄉(鎮、市)長選舉,首次申報,1071123,個人捐贈收入,蘇寶明,Q12*******,66000.00,0.00,,金錢,彰化縣田中鎮****,04-8*****,
188,陳秋蓉,107年鄉(鎮、市)長選舉,首次申報,1071221,其他收入,利息收入,,153.00,0.00,,金錢,,,
