﻿序號,擬參選人／政黨,選舉名稱,申報序號／年度,交易日期,收支科目,捐贈者／支出對象,身分證／統一編號,收入金額,支出金額,支出用途,金錢類,地址,聯絡電話,資料更正日期
1,台灣團結聯盟,,107,1070104,個人捐贈收入,伍婉嫻,F22*******,50000.00,0.00,,金錢,高雄市鼓山區****,07-5*****,
2,台灣團結聯盟,,107,1070108,匿名捐贈收入,匿名,,200.00,0.00,,金錢,,,
3,台灣團結聯盟,,107,1070109,個人捐贈收入,楊金嚴,L12*******,10000.00,0.00,,金錢,臺北市士林區****,,
4,台灣團結聯盟,,107,1070109,個人捐贈收入,陳琇玲,,10000.00,0.00,,金錢,臺北市中正區****,,
5,台灣團結聯盟,,107,1070117,個人捐贈收入,孫木筆,,1000.00,0.00,,金錢,,2394*****,
6,台灣團結聯盟,,107,1070207,個人捐贈收入,周昱青,F22*******,100000.00,0.00,,金錢,臺北市中山區****,0939*****,
7,台灣團結聯盟,,107,1070207,個人捐贈收入,賴振昌,F12*******,50000.00,0.00,,金錢,臺北市北投區****,0938*****,
8,台灣團結聯盟,,107,1070207,個人捐贈收入,林宜青,F22*******,50000.00,0.00,,金錢,新北市永和區****,,
9,台灣團結聯盟,,107,1070209,個人捐贈收入,楊耀欽,D12*******,100000.00,0.00,,金錢,臺北市大安區****,0928*****,
10,台灣團結聯盟,,107,1070210,個人捐贈收入,林約秀,,1000.00,0.00,,金錢,,2394*****,
11,台灣團結聯盟,,107,1070212,個人捐贈收入,吳秀鳳,H22*******,30000.00,0.00,,金錢,新北市蘆洲區****,0937*****,
12,台灣團結聯盟,,107,1070301,個人捐贈收入,陳南天,,30000.00,0.00,,金錢,臺北市中正區****,,
13,台灣團結聯盟,,107,1070303,個人捐贈收入,林騰毅,,15000.00,0.00,,非金錢,臺北市文山區****,,
14,台灣團結聯盟,,107,1070305,個人捐贈收入,康濟民,,10000.00,0.00,,金錢,宜蘭縣頭城鎮****,,
15,台灣團結聯盟,,107,1070305,人民團體捐贈收入,台灣環境保護聯盟,,3000.00,0.00,,金錢,台北市中正區****,02-2*****,
16,台灣團結聯盟,,107,1070305,個人捐贈收入,曾肇昌,,3000.00,0.00,,金錢,新竹市世界街****,,
17,台灣團結聯盟,,107,1070306,個人捐贈收入,謝清文,R10*******,100000.00,0.00,,金錢,臺南市官田區****,06-6*****,
18,台灣團結聯盟,,107,1070306,個人捐贈收入,林明達,N12*******,30000.00,0.00,,金錢,臺北市松山區****,2712*****,
19,台灣團結聯盟,,107,1070306,個人捐贈收入,盧義光,,10000.00,0.00,,金錢,高雄市岡山區****,,
20,台灣團結聯盟,,107,1070306,個人捐贈收入,林錦茂,,1000.00,0.00,,金錢,新北市新莊區****,2298*****,
21,台灣團結聯盟,,107,1070307,個人捐贈收入,黃天麟,,30000.00,0.00,,金錢,臺北市大安區****,2781*****,
22,台灣團結聯盟,,107,1070307,人民團體捐贈收入,中華民國醫師公會全國聯合會,,6000.00,0.00,,金錢,台北市大安區****,02-2*****,
23,台灣團結聯盟,,107,1070308,個人捐贈收入,歐瑞耀,E10*******,30000.00,0.00,,金錢,高雄市鼓山區****,,
24,台灣團結聯盟,,107,1070308,個人捐贈收入,蔣為文,,5000.00,0.00,,金錢,臺南市台南郵****,,
25,台灣團結聯盟,,107,1070308,人民團體捐贈收入,財團法人國際單親兒童文教基金會,,3000.00,0.00,,金錢,台北市信陽街****,02-2*****,
26,台灣團結聯盟,,107,1070309,個人捐贈收入,姚文智,,6000.00,0.00,,金錢,臺北市中正區****,,
27,台灣團結聯盟,,107,1070309,個人捐贈收入,黃焜池,,3000.00,0.00,,金錢,嘉義市世賢路****,05-2*****,
28,台灣團結聯盟,,107,1070309,個人捐贈收入,鄒天財,,1200.00,0.00,,金錢,屏東縣里港鄉****,0936*****,
29,台灣團結聯盟,,107,1070312,人民團體捐贈收入,台灣厝行動協會,,12000.00,0.00,,金錢,臺北市信義路****,,
30,台灣團結聯盟,,107,1070313,個人捐贈收入,何金星,Y10*******,60000.00,0.00,,金錢,臺北市士林區****,0931*****,
31,台灣團結聯盟,,107,1070314,個人捐贈收入,黃淑美,,6000.00,0.00,,金錢,高雄市三民區****,07-3*****,
32,台灣團結聯盟,,107,1070315,個人捐贈收入,陳啟昱,D12*******,60000.00,0.00,,金錢,臺南市南區健****,0928*****,
33,台灣團結聯盟,,107,1070315,個人捐贈收入,黃若軒,,30000.00,0.00,,金錢,高雄市鳳山區****,,
34,台灣團結聯盟,,107,1070315,個人捐贈收入,高基讚,,3000.00,0.00,,金錢,臺中市后里區****,0937*****,
35,台灣團結聯盟,,107,1070316,人民團體捐贈收入,中華民國全國建築師公會,,20000.00,0.00,,金錢,台北市基隆路****,02-2*****,
36,台灣團結聯盟,,107,1070319,個人捐贈收入,陳政位,Q12*******,33000.00,0.00,,金錢,臺北市大安區****,0919*****,
37,台灣團結聯盟,,107,1070319,個人捐贈收入,游正田,,15000.00,0.00,,金錢,臺北市松山區****,0936*****,
38,台灣團結聯盟,,107,1070319,個人捐贈收入,甘清良,,10000.00,0.00,,金錢,基隆市仁愛區****,,
39,台灣團結聯盟,,107,1070319,個人捐贈收入,吳嘉祥,,3000.00,0.00,,金錢,臺北市中山區****,,
40,台灣團結聯盟,,107,1070319,個人捐贈收入,黃木壽,,3000.00,0.00,,金錢,臺中市西區大****,,
41,台灣團結聯盟,,107,1070319,個人捐贈收入,黃帝穎,,3000.00,0.00,,金錢,臺北市中正區****,,
42,台灣團結聯盟,,107,1070319,個人捐贈收入,尤伯祥,,6000.00,0.00,,金錢,臺北市大安區****,,
43,台灣團結聯盟,,107,1070320,個人捐贈收入,謝憲達,,30000.00,0.00,,金錢,嘉義市西區國****,,
44,台灣團結聯盟,,107,1070320,個人捐贈收入,史丁枝,,500.00,0.00,,金錢,高雄市新興區****,,
45,台灣團結聯盟,,107,1070320,個人捐贈收入,林興俊,X10*******,42000.00,0.00,,非金錢,澎湖縣馬公市****,,
46,台灣團結聯盟,,107,1070322,個人捐贈收入,張貴木,,3000.00,0.00,,金錢,桃園市龍潭區****,0933*****,
47,台灣團結聯盟,,107,1070322,個人捐贈收入,陳陽益,T10*******,3000.00,0.00,,金錢,高雄市鼓山區****,,
48,台灣團結聯盟,,107,1070322,個人捐贈收入,李金城,,3000.00,0.00,,金錢,新北市三重區****,,
49,台灣團結聯盟,,107,1070323,個人捐贈收入,潘長成,T12*******,100000.00,0.00,,金錢,屏東縣內埔鄉****,,
50,台灣團結聯盟,,107,1070323,個人捐贈收入,鄭寶清,H10*******,60000.00,0.00,,金錢,臺北市中正區****,2358*****,
51,台灣團結聯盟,,107,1070323,營利事業捐贈收入,希望園工作室,25852239,30000.00,0.00,,金錢,臺北市大安區****,,
52,台灣團結聯盟,,107,1070323,個人捐贈收入,陳啟坤,K10*******,3000.00,0.00,,金錢,桃園市桃園區****,,
53,台灣團結聯盟,,107,1070323,個人捐贈收入,吳雨學,,3000.00,0.00,,金錢,臺北市萬華區****,2381*****,
54,台灣團結聯盟,,107,1070327,個人捐贈收入,王增齊,,20000.00,0.00,,金錢,桃園市蘆竹區****,,
55,台灣團結聯盟,,107,1070327,個人捐贈收入,莊國輝,Q10*******,100000.00,0.00,,金錢,臺北市中山區****,,
56,台灣團結聯盟,,107,1070327,營利事業捐贈收入,新光保險人股份有限公司,27764177,100000.00,0.00,,金錢,臺北市中正區****,2311*****,
57,台灣團結聯盟,,107,1070327,營利事業捐贈收入,中籐實業有限公司,23795403,3000.00,0.00,,金錢,臺中市西屯區****,0913*****,
58,台灣團結聯盟,,107,1070327,營利事業捐贈收入,台寶針織有限公司,80722970,3000.00,0.00,,金錢,新北市新莊區****,,
59,台灣團結聯盟,,107,1070327,個人捐贈收入,邢柔君,C22*******,15000.00,0.00,,金錢,新北市板橋區****,,
60,台灣團結聯盟,,107,1070327,個人捐贈收入,陳建銘,,30000.00,0.00,,金錢,臺北市士林區****,,
61,台灣團結聯盟,,107,1070327,個人捐贈收入,王元廷,L10*******,20000.00,0.00,,金錢,臺北市中正區****,,
62,台灣團結聯盟,,107,1070328,營利事業捐贈收入,惠德藥品股份有限公司,86620346,30000.00,0.00,,金錢,基隆市信義區****,,
63,台灣團結聯盟,,107,1070328,營利事業捐贈收入,康躍有限公司,27555164,30000.00,0.00,,金錢,臺北市大安區****,,
64,台灣團結聯盟,,107,1070328,個人捐贈收入,王曉琪,,30000.00,0.00,,金錢,雲林縣土庫鎮****,,
65,台灣團結聯盟,,107,1070328,個人捐贈收入,柳進興,Q12*******,30000.00,0.00,,金錢,新北市永和區****,,
66,台灣團結聯盟,,107,1070328,個人捐贈收入,鄭裕淦,,30000.00,0.00,,金錢,,0936*****,
67,台灣團結聯盟,,107,1070328,個人捐贈收入,何嘉恆,,15000.00,0.00,,金錢,嘉義縣民雄鄉****,0936*****,
68,台灣團結聯盟,,107,1070328,個人捐贈收入,賴仁堃,,9000.00,0.00,,金錢,,0936*****,
69,台灣團結聯盟,,107,1070328,個人捐贈收入,陳敏龍,,6000.00,0.00,,金錢,,0936*****,
70,台灣團結聯盟,,107,1070328,個人捐贈收入,謝明義,A10*******,50000.00,0.00,,金錢,臺北市內湖區****,0988*****,
71,台灣團結聯盟,,107,1070328,人民團體捐贈收入,台灣國家聯盟,,15000.00,0.00,,金錢,臺北市中正區****,02-2*****,
72,台灣團結聯盟,,107,1070328,人民團體捐贈收入,台灣教授協會,,6000.00,0.00,,金錢,臺北市中正區****,02-2*****,
73,台灣團結聯盟,,107,1070328,個人捐贈收入,周福南,,30000.00,0.00,,金錢,臺北市大同區****,02-2*****,
74,台灣團結聯盟,,107,1070328,營利事業捐贈收入,世聯倉運股份有限公司,43693544,10000.00,0.00,,金錢,,,
75,台灣團結聯盟,,107,1070328,個人捐贈收入,陳銀河,,3000.00,0.00,,金錢,桃園市桃園區****,,
76,台灣團結聯盟,,107,1070328,個人捐贈收入,林東富,,3000.00,0.00,,金錢,,0939*****,
77,台灣團結聯盟,,107,1070329,營利事業捐贈收入,信成行國際股份有限公司,53045619,400000.00,0.00,,金錢,臺中市西屯區****,,
78,台灣團結聯盟,,107,1070329,個人捐贈收入,吳晨瑋,,1000.00,0.00,,金錢,,0966*****,
79,台灣團結聯盟,,107,1070330,營利事業捐贈收入,信成行國際股份有限公司,53045619,100000.00,0.00,,金錢,臺中市西屯區****,,
80,台灣團結聯盟,,107,1070330,個人捐贈收入,游德二,,3000.00,0.00,,金錢,,0926*****,
81,台灣團結聯盟,,107,1070330,營利事業捐贈收入,震大有限公司,28625694,30000.00,0.00,,金錢,臺北市內湖區****,,
82,台灣團結聯盟,,107,1070330,個人捐贈收入,陳永興,,30000.00,0.00,,金錢,,0921*****,
83,台灣團結聯盟,,107,1070330,個人捐贈收入,楊馥成,,3000.00,0.00,,金錢,,0982*****,
84,台灣團結聯盟,,107,1070330,個人捐贈收入,康寧祥,,3000.00,0.00,,金錢,臺北市中正區****,,
85,台灣團結聯盟,,107,1070330,個人捐贈收入,溫貴琳,,3000.00,0.00,,金錢,臺北市信義區****,,
86,台灣團結聯盟,,107,1070330,人民團體捐贈收入,台灣聯合國協進會,,45000.00,0.00,,金錢,臺北市大安區****,02-2*****,
87,台灣團結聯盟,,107,1070330,個人捐贈收入,董鳳兒,,500.00,0.00,,金錢,,2394*****,
88,台灣團結聯盟,,107,1070330,個人捐贈收入,彭晨,,3000.00,0.00,,金錢,,0989*****,
89,台灣團結聯盟,,107,1070330,個人捐贈收入,林連昌,,6000.00,0.00,,金錢,,0936*****,
90,台灣團結聯盟,,107,1070330,人民團體捐贈收入,台灣北社,,6000.00,0.00,,金錢,臺北市中正區****,02-2*****,
91,台灣團結聯盟,,107,1070330,人民團體捐贈收入,台灣教師聯盟,,6000.00,0.00,,金錢,臺北市中正區****,02-2*****,
92,台灣團結聯盟,,107,1070330,個人捐贈收入,陳儀深,,10000.00,0.00,,金錢,臺北市南港區****,0932*****,
93,台灣團結聯盟,,107,1070330,個人捐贈收入,林源泉,,30000.00,0.00,,金錢,臺北市中正區****,2351*****,
94,台灣團結聯盟,,107,1070330,個人捐贈收入,莊政華,E20*******,9000.00,0.00,,金錢,臺北市大安區****,,
95,台灣團結聯盟,,107,1070330,個人捐贈收入,葉賽鶯,F20*******,3000.00,0.00,,金錢,臺北市大安區****,2709*****,
96,台灣團結聯盟,,107,1070330,個人捐贈收入,黃春益,T10*******,3000.00,0.00,,金錢,臺北市大安區****,2709*****,
97,台灣團結聯盟,,107,1070331,個人捐贈收入,丁文祺,,15000.00,0.00,,金錢,新北市三重區****,,
98,台灣團結聯盟,,107,1070331,個人捐贈收入,蔡朴茂,,3000.00,0.00,,金錢,臺中市豐原區****,,
99,台灣團結聯盟,,107,1070331,個人捐贈收入,何朝棟,,3000.00,0.00,,金錢,臺北市大安區****,,
100,台灣團結聯盟,,107,1070331,個人捐贈收入,陳朝龍,,30000.00,0.00,,金錢,臺北市南港區****,,
101,台灣團結聯盟,,107,1070331,個人捐贈收入,江翠霞,,3000.00,0.00,,金錢,新北市林口區****,,
102,台灣團結聯盟,,107,1070331,營利事業捐贈收入,聯傑科技股份有限公司,12975385,30000.00,0.00,,金錢,臺北市內湖區****,,
103,台灣團結聯盟,,107,1070331,個人捐贈收入,張逸民,,3000.00,0.00,,金錢,臺北市文山區****,,
104,台灣團結聯盟,,107,1070331,個人捐贈收入,劉于翔,,30000.00,0.00,,金錢,新北市新莊區****,,
105,台灣團結聯盟,,107,1070331,個人捐贈收入,杜淑觀,,15000.00,0.00,,金錢,臺北市萬華區****,,
106,台灣團結聯盟,,107,1070331,個人捐贈收入,黃聖硯,,3000.00,0.00,,金錢,臺中市南屯區****,0977*****,
107,台灣團結聯盟,,107,1070331,個人捐贈收入,林文堯,,3000.00,0.00,,金錢,,0936*****,
108,台灣團結聯盟,,107,1070331,個人捐贈收入,高為邦,,15000.00,0.00,,金錢,臺北市大安區****,,
109,台灣團結聯盟,,107,1070331,人民團體捐贈收入,財團法人台灣建築中心,,6000.00,0.00,,金錢,新北市新店區****,02 8*****,
110,台灣團結聯盟,,107,1070331,個人捐贈收入,李世群,,18500.00,0.00,,金錢,新北市五股區****,,
111,台灣團結聯盟,,107,1070331,營利事業捐贈收入,貓貍廣播電台股份有限公司,80734531,3000.00,0.00,,金錢,苗栗縣苗栗市****,,
112,台灣團結聯盟,,107,1070331,個人捐贈收入,陳嘉銘,,30000.00,0.00,,金錢,臺北市萬華區****,02-2*****,
113,台灣團結聯盟,,107,1070331,個人捐贈收入,黃玉炎,,3000.00,0.00,,金錢,臺北市中正區****,0933*****,
114,台灣團結聯盟,,107,1070331,個人捐贈收入,吳振暉,,3000.00,0.00,,金錢,新北市土城區****,0963*****,
115,台灣團結聯盟,,107,1070331,個人捐贈收入,劉福地,,6000.00,0.00,,金錢,臺北市大安區****,,
116,台灣團結聯盟,,107,1070331,營利事業捐贈收入,亞展水電工程行,68323935,10000.00,0.00,,金錢,臺南市中西區****,,
117,台灣團結聯盟,,107,1070331,個人捐贈收入,陶威宏,,3000.00,0.00,,金錢,,0929*****,
118,台灣團結聯盟,,107,1070331,個人捐贈收入,陳清連,,3000.00,0.00,,金錢,新北市汐止區****,,
119,台灣團結聯盟,,107,1070331,個人捐贈收入,周慶宗,A10*******,3000.00,0.00,,金錢,臺北市大安區****,,
120,台灣團結聯盟,,107,1070331,個人捐贈收入,錢文南,,3000.00,0.00,,金錢,,9105*****,
121,台灣團結聯盟,,107,1070331,個人捐贈收入,游壽之,,3000.00,0.00,,金錢,,0938*****,
122,台灣團結聯盟,,107,1070331,個人捐贈收入,簡銀祥,,6000.00,0.00,,金錢,新北市三重區****,,
123,台灣團結聯盟,,107,1070331,個人捐贈收入,汪貴勳,,3000.00,0.00,,金錢,臺北市文山區****,,
124,台灣團結聯盟,,107,1070331,個人捐贈收入,林偉成,,6000.00,0.00,,金錢,,0912*****,
125,台灣團結聯盟,,107,1070331,個人捐贈收入,吳明耀,,3000.00,0.00,,金錢,臺北市信義區****,,
126,台灣團結聯盟,,107,1070331,個人捐贈收入,葉榮貴,,3000.00,0.00,,金錢,,0921*****,
127,台灣團結聯盟,,107,1070331,個人捐贈收入,王文祥,,6000.00,0.00,,金錢,桃園市龜山區****,0910*****,
128,台灣團結聯盟,,107,1070331,個人捐贈收入,周松柏,,1000.00,0.00,,金錢,,0910*****,
129,台灣團結聯盟,,107,1070331,個人捐贈收入,李育仁,,1000.00,0.00,,金錢,,0910*****,
130,台灣團結聯盟,,107,1070331,個人捐贈收入,許慶福,,3000.00,0.00,,金錢,,0910*****,
131,台灣團結聯盟,,107,1070331,個人捐贈收入,徐金文,,3000.00,0.00,,金錢,,0910*****,
132,台灣團結聯盟,,107,1070331,個人捐贈收入,吳東樹,,3000.00,0.00,,金錢,,0910*****,
133,台灣團結聯盟,,107,1070331,個人捐贈收入,劉志強,,3000.00,0.00,,金錢,,0910*****,
134,台灣團結聯盟,,107,1070331,個人捐贈收入,周煥榮,,3000.00,0.00,,金錢,新北市永和區****,0937*****,
135,台灣團結聯盟,,107,1070331,個人捐贈收入,蔡豐文,,15000.00,0.00,,金錢,,0936*****,
136,台灣團結聯盟,,107,1070331,個人捐贈收入,宋永義,,10000.00,0.00,,金錢,臺北市大安區****,02-2*****,
137,台灣團結聯盟,,107,1070331,個人捐贈收入,許龍俊,,5000.00,0.00,,金錢,,0933*****,
138,台灣團結聯盟,,107,1070402,個人捐贈收入,周倪安,,3000.00,0.00,,金錢,,2394*****,
139,台灣團結聯盟,,107,1070412,營利事業捐贈收入,宏豪冠實業有限公司,25071570,15000.00,0.00,,金錢,臺南市東區崇****,,
140,台灣團結聯盟,,107,1070412,個人捐贈收入,張景源,,3000.00,0.00,,金錢,臺北市大安區****,0935*****,
141,台灣團結聯盟,,107,1070412,個人捐贈收入,王有用,,3000.00,0.00,,金錢,,0932*****,
142,台灣團結聯盟,,107,1070412,個人捐贈收入,韓素貞,,30000.00,0.00,,金錢,,0935*****,
143,台灣團結聯盟,,107,1070412,個人捐贈收入,陳雨鑫,,30000.00,0.00,,金錢,臺北市內湖區****,02-2*****,
144,台灣團結聯盟,,107,1070412,營利事業捐贈收入,民生之聲廣播電台股份有限公司,89416207,30000.00,0.00,,金錢,高雄市前鎮區****,,
145,台灣團結聯盟,,107,1070412,個人捐贈收入,王元廷,,9000.00,0.00,,金錢,臺北市中正區****,,
146,台灣團結聯盟,,107,1070412,個人捐贈收入,黃義合,,30000.00,0.00,,金錢,桃園市龜山區****,0953*****,
147,台灣團結聯盟,,107,1070412,個人捐贈收入,鄭義雄,,30000.00,0.00,,金錢,新北市三重區****,02-8*****,
148,台灣團結聯盟,,107,1070412,營利事業捐贈收入,大西南貿易有限公司,68023901,24000.00,0.00,,金錢,臺北市大同區****,,
149,台灣團結聯盟,,107,1070412,個人捐贈收入,蔡寬裕,,3000.00,0.00,,金錢,,0920*****,
150,台灣團結聯盟,,107,1070412,營利事業捐贈收入,俊億商行,14177041,36000.00,0.00,,金錢,新北市金山區****,0981*****,
151,台灣團結聯盟,,107,1070412,個人捐贈收入,陳啟斌,,10000.00,0.00,,金錢,,0919*****,
152,台灣團結聯盟,,107,1070412,個人捐贈收入,黃豐志,,3000.00,0.00,,金錢,,0932*****,
153,台灣團結聯盟,,107,1070412,個人捐贈收入,黃慶林,,10000.00,0.00,,金錢,新北市瑞芳區****,0936*****,
154,台灣團結聯盟,,107,1070412,個人捐贈收入,陳秀惠,,3000.00,0.00,,金錢,臺北市中山區****,,
155,台灣團結聯盟,,107,1070412,個人捐贈收入,許世宏,,3000.00,0.00,,金錢,臺北市中山區****,,
156,台灣團結聯盟,,107,1070412,個人捐贈收入,劉耀仁,,10000.00,0.00,,金錢,臺北市萬華區****,,
157,台灣團結聯盟,,107,1070412,人民團體捐贈收入,台北市藥師公會,,3000.00,0.00,,金錢,臺北市長春路****,2551*****,
158,台灣團結聯盟,,107,1070412,個人捐贈收入,楊中成,,5000.00,0.00,,金錢,臺南市永康區****,06-2*****,
159,台灣團結聯盟,,107,1070412,個人捐贈收入,郭椿華,R20*******,6000.00,0.00,,金錢,臺北市大安區****,,
160,台灣團結聯盟,,107,1070412,個人捐贈收入,賴振昌,,30000.00,0.00,,金錢,臺北市北投區****,,
161,台灣團結聯盟,,107,1070412,個人捐贈收入,楊文圳,,6000.00,0.00,,金錢,桃園市桃園區****,0919*****,
162,台灣團結聯盟,,107,1070412,個人捐贈收入,蔡成龍,,6000.00,0.00,,金錢,,0939*****,
163,台灣團結聯盟,,107,1070412,營利事業捐贈收入,風獅爺企業社,42251703,6000.00,0.00,,金錢,,0985*****,
164,台灣團結聯盟,,107,1070413,個人捐贈收入,林孟晴,,30000.00,0.00,,金錢,新北市三重區****,,
165,台灣團結聯盟,,107,1070424,個人捐贈收入,王秀艷,,10000.00,0.00,,金錢,雲林縣斗南鎮****,,
166,台灣團結聯盟,,107,1070509,個人捐贈收入,陳炳堯,,1000.00,0.00,,金錢,臺北市士林區****,,
167,台灣團結聯盟,,107,1070522,個人捐贈收入,王萬拱,,500.00,0.00,,金錢,屏東縣屏東市****,,
168,台灣團結聯盟,,107,1070604,個人捐贈收入,史丁枝,,500.00,0.00,,金錢,高雄市新興區****,07-2*****,
169,台灣團結聯盟,,107,1070611,人民團體捐贈收入,李登輝民主協會,,5000.00,0.00,,金錢,新北市淡水區****,02-8*****,
170,台灣團結聯盟,,107,1070621,個人捐贈收入,黃淑美,E22*******,200000.00,0.00,,金錢,高雄市三民區****,,
171,台灣團結聯盟,,107,1070621,其它收入,利息收入,,410.00,0.00,,金錢,,,
172,台灣團結聯盟,,107,1070706,營利事業捐贈收入,震大有限公司,28625694,30000.00,0.00,,金錢,臺北市內湖區****,,
173,台灣團結聯盟,,107,1070706,人民團體捐贈收入,臺灣區飲用水設備工業同業公會,,30000.00,0.00,,金錢,新北市板橋區****,02-2*****,
174,台灣團結聯盟,,107,1070718,個人捐贈收入,黃越綏,,3000.00,0.00,,金錢,臺北市中正區****,,
175,台灣團結聯盟,,107,1070723,個人捐贈收入,陳琇玲,Q22*******,50000.00,0.00,,金錢,臺北市中正區****,02-2*****,
176,台灣團結聯盟,,107,1070731,營利事業捐贈收入,亞展水電工程行,68323935,90000.00,0.00,,金錢,臺南市中西區****,0910*****,
177,台灣團結聯盟,,107,1070911,個人捐贈收入,林美華,,3000.00,0.00,,金錢,基隆市安和一****,,
178,台灣團結聯盟,,107,1070911,個人捐贈收入,張松源,,500.00,0.00,,金錢,桃園市中壢區****,02-4*****,
179,台灣團結聯盟,,107,1070912,個人捐贈收入,林貞秀,,25000.00,0.00,,金錢,臺南市麻豆區****,06-5*****,
180,台灣團結聯盟,,107,1070928,個人捐贈收入,張美華,,8000.00,0.00,,金錢,嘉義市垂楊路****,,
181,台灣團結聯盟,,107,1070930,匿名捐贈收入,匿名1,,10000.00,0.00,,金錢,,,
182,台灣團結聯盟,,107,1071002,個人捐贈收入,林錦茂,,1000.00,0.00,,金錢,新北市新莊區****,02-2*****,
183,台灣團結聯盟,,107,1071016,個人捐贈收入,劉深,,3000.00,0.00,,金錢,屏東縣屏東市****,,
184,台灣團結聯盟,,107,1071016,個人捐贈收入,張蕙蕙,,1000.00,0.00,,金錢,高雄市苓雅區****,,
185,台灣團結聯盟,,107,1071018,個人捐贈收入,曾復徵,,20000.00,0.00,,金錢,高雄市左營區****,,
186,台灣團結聯盟,,107,1071023,個人捐贈收入,劉金源,,10000.00,0.00,,金錢,彰化縣員林市****,,
187,台灣團結聯盟,,107,1071023,個人捐贈收入,沈志英,,3000.00,0.00,,金錢,臺中縣霧峰鄉****,,
188,台灣團結聯盟,,107,1071106,個人捐贈收入,王舒虹,,1000.00,0.00,,金錢,臺北市文山區****,0935*****,
189,台灣團結聯盟,,107,1071107,個人捐贈收入,黃清河,,5000.00,0.00,,金錢,臺北市文山區****,,
190,台灣團結聯盟,,107,1071112,個人捐贈收入,張盈盈,,19000.00,0.00,,金錢,屏東縣屏東市****,,
191,台灣團結聯盟,,107,1071119,個人捐贈收入,王志誠,,1000.00,0.00,,金錢,桃園市蘆竹區****,,
192,台灣團結聯盟,,107,1071122,個人捐贈收入,郭梅子,,5000.00,0.00,,金錢,臺北市大安區****,,
193,台灣團結聯盟,,107,1071123,匿名捐贈收入,匿名1,,5.00,0.00,,金錢,,,
194,台灣團結聯盟,,107,1071202,匿名捐贈收入,黃彥智,,11.00,0.00,,金錢,,,
195,台灣團結聯盟,,107,1071208,匿名捐贈收入,黃彥智,,5.00,0.00,,金錢,,,
196,台灣團結聯盟,,107,1071209,匿名捐贈收入,黃彥智,,2.00,0.00,,金錢,,,
197,台灣團結聯盟,,107,1071210,匿名捐贈收入,黃彥智,,5.00,0.00,,金錢,,,
198,台灣團結聯盟,,107,1071211,匿名捐贈收入,黃彥智,,5.00,0.00,,金錢,,,
199,台灣團結聯盟,,107,1071214,個人捐贈收入,溫呈祥,L12*******,105000.00,0.00,,金錢,臺北市南港區****,0987*****,
200,台灣團結聯盟,,107,1071218,個人捐贈收入,李魁榮,F12*******,100000.00,0.00,,金錢,新北市板橋區****,,
201,台灣團結聯盟,,107,1071218,個人捐贈收入,江耀杰,,30000.00,0.00,,金錢,臺北市大安區****,2773*****,
202,台灣團結聯盟,,107,1071218,個人捐贈收入,巫宗麟,,30000.00,0.00,,金錢,基隆市信義區****,0935*****,
203,台灣團結聯盟,,107,1071218,個人捐贈收入,彭文亮,,3000.00,0.00,,金錢,苗栗縣苗栗市****,,
204,台灣團結聯盟,,107,1071218,個人捐贈收入,黃世妍,,30000.00,0.00,,金錢,臺北市北投區****,,
205,台灣團結聯盟,,107,1071218,個人捐贈收入,劉純香,,2000.00,0.00,,金錢,臺北市中正區****,3393*****,
206,台灣團結聯盟,,107,1071219,營利事業捐贈收入,友興有限公司,54211734,100000.00,0.00,,金錢,高雄市新興區****,,
207,台灣團結聯盟,,107,1071219,個人捐贈收入,蔡佩玲,T22*******,100000.00,0.00,,金錢,高雄市新興區****,,
208,台灣團結聯盟,,107,1071219,匿名捐贈收入,黃彥智,,7.00,0.00,,金錢,,,
209,台灣團結聯盟,,107,1071221,其它收入,利息收入,,271.00,0.00,,金錢,,,
210,台灣團結聯盟,,107,1071223,匿名捐贈收入,黃彥智,,2.00,0.00,,金錢,,,
211,台灣團結聯盟,,107,1071224,匿名捐贈收入,黃彥智,,7.00,0.00,,金錢,,,
212,台灣團結聯盟,,107,1071225,個人捐贈收入,林明達,N12*******,10000.00,0.00,,金錢,臺北市松山區****,,
213,台灣團結聯盟,,107,1071227,個人捐贈收入,陳萬得,Q10*******,5000.00,0.00,,金錢,,,
214,台灣團結聯盟,,107,1071227,個人捐贈收入,羅倫檭,M10*******,5000.00,0.00,,金錢,,,
215,台灣團結聯盟,,107,1071227,個人捐贈收入,蔡文仁,N10*******,3000.00,0.00,,金錢,,,
216,台灣團結聯盟,,107,1071227,個人捐贈收入,林恆立,G12*******,5000.00,0.00,,金錢,,,
217,台灣團結聯盟,,107,1071227,個人捐贈收入,蔡宛秦,,15000.00,0.00,,金錢,臺南市東區裕****,,
218,台灣團結聯盟,,107,1071227,個人捐贈收入,杜淑觀,,30000.00,0.00,,金錢,臺北市萬華區****,,
219,台灣團結聯盟,,107,1071227,個人捐贈收入,劉一德,Q12*******,30000.00,0.00,,金錢,,,
220,台灣團結聯盟,,107,1071227,個人捐贈收入,郭照燕,,30000.00,0.00,,金錢,,0910*****,
221,台灣團結聯盟,,107,1071228,個人捐贈收入,杜淑觀,N22*******,5000.00,0.00,,金錢,臺北市萬華區****,,
222,台灣團結聯盟,,107,1071228,個人捐贈收入,林黃淑純,,30000.00,0.00,,金錢,臺北市中山區****,0932*****,
223,台灣團結聯盟,,107,1071230,匿名捐贈收入,黃彥智,,2.00,0.00,,金錢,,,
224,台灣團結聯盟,,107,1071231,匿名捐贈收入,匿名,,2.00,0.00,,金錢,,,
