﻿序號,擬參選人／政黨,選舉名稱,申報序號／年度,交易日期,收支科目,捐贈者／支出對象,身分證／統一編號,收入金額,支出金額,捐贈方式,存入專戶日期,返還/繳庫,支出用途,金錢類,地址,聯絡電話,應揭露之支出對象,支出對象之內部人員姓名,支出對象之內部人員職稱,政黨之內部人員姓名,政黨之內部人員職稱,關係,更正註記,資料更正日期
1,林緯,111年臺南市議員選舉,首次申報,1110428,租用競選辦事處支出,陳靖倫,,0.00,26000.00,,,,租用競選辦事處費用,金錢,臺南市安南區****,,否,,,,,,,
2,林緯,111年臺南市議員選舉,首次申報,1110501,租用競選辦事處支出,謝素貞,,0.00,24000.00,,,,租用競選辦事處費用,金錢,臺南市安南區****,,否,,,,,,,
3,林緯,111年臺南市議員選舉,首次申報,1110501,租用競選辦事處支出,林櫻滙,S20*******,0.00,68000.00,,,,租用競選辦事處費用,金錢,臺南市安南區****,,否,,,,,,,
4,林緯,111年臺南市議員選舉,首次申報,1110506,宣傳支出,77網路批發,85719643,0.00,90300.00,,,,製作競選物品或宣傳廣告費用（物品名稱-行動辦公室）,金錢,屏東縣東港鎮****,0903*****,否,,,,,,,
5,林緯,111年臺南市議員選舉,首次申報,1110528,租用競選辦事處支出,陳靖倫,,0.00,26000.00,,,,租用競選辦事處費用,金錢,臺南市安南區****,,否,,,,,,,
6,林緯,111年臺南市議員選舉,首次申報,1110601,租用競選辦事處支出,謝素貞,,0.00,24000.00,,,,租用競選辦事處費用,金錢,臺南市安南區****,,否,,,,,,,
7,林緯,111年臺南市議員選舉,首次申報,1110601,租用競選辦事處支出,林櫻滙,S20*******,0.00,68000.00,,,,租用競選辦事處費用,金錢,臺南市安南區****,,否,,,,,,,
8,林緯,111年臺南市議員選舉,首次申報,1110607,雜支支出,應援科技股份有限公司,,0.00,300.00,,,,網際網路費用,金錢,台北市內湖區****,,否,,,,,,,
9,林緯,111年臺南市議員選舉,首次申報,1110610,雜支支出,應援科技股份有限公司,,0.00,30.00,,,,網際網路費用,金錢,台北市內湖區****,,否,,,,,,,
10,林緯,111年臺南市議員選舉,首次申報,1110617,雜支支出,應援科技股份有限公司,,0.00,240.00,,,,網際網路費用,金錢,台北市內湖區****,,否,,,,,,,
11,林緯,111年臺南市議員選舉,首次申報,1110628,租用競選辦事處支出,陳靖倫,,0.00,26000.00,,,,租用競選辦事處費用,金錢,臺南市安南區****,,否,,,,,,,
12,林緯,111年臺南市議員選舉,首次申報,1110701,租用競選辦事處支出,謝素貞,,0.00,24000.00,,,,租用競選辦事處費用,金錢,臺南市安南區****,,否,,,,,,,
13,林緯,111年臺南市議員選舉,首次申報,1110701,租用競選辦事處支出,林櫻滙,S20*******,0.00,68000.00,,,,租用競選辦事處費用,金錢,臺南市安南區****,,否,,,,,,,
14,林緯,111年臺南市議員選舉,首次申報,1110715,雜支支出,應援科技股份有限公司,,0.00,60.00,,,,網際網路費用,金錢,台北市內湖區****,,否,,,,,,,
15,林緯,111年臺南市議員選舉,首次申報,1110728,租用競選辦事處支出,陳靖倫,,0.00,26000.00,,,,租用競選辦事處費用,金錢,臺南市安南區****,,否,,,,,,,
16,林緯,111年臺南市議員選舉,首次申報,1110801,租用競選辦事處支出,謝素貞,,0.00,24000.00,,,,租用競選辦事處費用,金錢,臺南市安南區****,,否,,,,,,,
17,林緯,111年臺南市議員選舉,首次申報,1110801,租用競選辦事處支出,林櫻滙,S20*******,0.00,68000.00,,,,租用競選辦事處費用,金錢,臺南市安南區****,,否,,,,,,,
18,林緯,111年臺南市議員選舉,首次申報,1110812,雜支支出,應援科技股份有限公司,,0.00,30.00,,,,網際網路費用,金錢,台北市內湖區****,,否,,,,,,,
19,林緯,111年臺南市議員選舉,首次申報,1110826,雜支支出,應援科技股份有限公司,,0.00,180.00,,,,網際網路費用,金錢,台北市內湖區****,,否,,,,,,,
20,林緯,111年臺南市議員選舉,首次申報,1110828,租用競選辦事處支出,陳靖倫,,0.00,26000.00,,,,租用競選辦事處費用,金錢,臺南市安南區****,,否,,,,,,,
21,林緯,111年臺南市議員選舉,首次申報,1110901,租用競選辦事處支出,謝素貞,,0.00,24000.00,,,,租用競選辦事處費用,金錢,臺南市安南區****,,否,,,,,,,
22,林緯,111年臺南市議員選舉,首次申報,1110901,租用競選辦事處支出,林櫻滙,S20*******,0.00,68000.00,,,,租用競選辦事處費用,金錢,臺南市安南區****,,否,,,,,,,
23,林緯,111年臺南市議員選舉,首次申報,1110902,雜支支出,應援科技股份有限公司,,0.00,275.00,,,,網際網路費用,金錢,台北市內湖區****,,否,,,,,,,
24,林緯,111年臺南市議員選舉,首次申報,1110908,雜支支出,應援科技股份有限公司,,0.00,30.00,,,,網際網路費用,金錢,台北市內湖區****,,否,,,,,,,
25,林緯,111年臺南市議員選舉,首次申報,1110913,雜支支出,應援科技股份有限公司,,0.00,300.00,,,,網際網路費用,金錢,台北市內湖區****,,否,,,,,,,
26,林緯,111年臺南市議員選舉,首次申報,1110928,租用競選辦事處支出,陳靖倫,,0.00,26000.00,,,,租用競選辦事處費用,金錢,臺南市安南區****,,否,,,,,,,
27,林緯,111年臺南市議員選舉,首次申報,1110930,雜支支出,應援科技股份有限公司,,0.00,330.00,,,,網際網路費用,金錢,台北市內湖區****,,否,,,,,,,
28,林緯,111年臺南市議員選舉,首次申報,1111001,租用競選辦事處支出,謝素貞,,0.00,24000.00,,,,租用競選辦事處費用,金錢,臺南市安南區****,,否,,,,,,,
29,林緯,111年臺南市議員選舉,首次申報,1111001,租用競選辦事處支出,林櫻滙,S20*******,0.00,68000.00,,,,租用競選辦事處費用,金錢,臺南市安南區****,,否,,,,,,,
30,林緯,111年臺南市議員選舉,首次申報,1111011,雜支支出,應援科技股份有限公司,,0.00,30.00,,,,網際網路費用,金錢,台北市內湖區****,,否,,,,,,,
31,林緯,111年臺南市議員選舉,首次申報,1111018,雜支支出,應援科技股份有限公司,,0.00,180.00,,,,網際網路費用,金錢,台北市內湖區****,,否,,,,,,,
32,林緯,111年臺南市議員選舉,首次申報,1111028,雜支支出,應援科技股份有限公司,,0.00,30.00,,,,網際網路費用,金錢,台北市內湖區****,,否,,,,,,,
33,林緯,111年臺南市議員選舉,首次申報,1111028,租用競選辦事處支出,陳靖倫,,0.00,26000.00,,,,租用競選辦事處費用,金錢,臺南市安南區****,,否,,,,,,,
34,林緯,111年臺南市議員選舉,首次申報,1111101,租用競選辦事處支出,謝素貞,,0.00,24000.00,,,,租用競選辦事處費用,金錢,臺南市安南區****,,否,,,,,,,
35,林緯,111年臺南市議員選舉,首次申報,1111101,租用競選辦事處支出,林櫻滙,S20*******,0.00,68000.00,,,,租用競選辦事處費用,金錢,臺南市安南區****,,否,,,,,,,
36,林緯,111年臺南市議員選舉,首次申報,1111115,雜支支出,應援科技股份有限公司,,0.00,600.00,,,,網際網路費用,金錢,台北市內湖區****,,否,,,,,,,
37,林緯,111年臺南市議員選舉,首次申報,1111122,雜支支出,應援科技股份有限公司,,0.00,60.00,,,,網際網路費用,金錢,台北市內湖區****,,否,,,,,,,
38,林緯,111年臺南市議員選舉,首次申報,1111125,雜支支出,應援科技股份有限公司,,0.00,200.00,,,,網際網路費用,金錢,台北市內湖區****,,否,,,,,,,
39,林緯,111年臺南市議員選舉,首次申報,1111129,雜支支出,競選總部,E12*******,0.00,800.00,,,,餐飲費用,非金錢,臺南市安南區****,,否,,,,,,,
