﻿序號,擬參選人／政黨,選舉名稱,申報序號／年度,交易日期,收支科目,捐贈者／支出對象,身分證／統一編號,收入金額,支出金額,捐贈方式,存入專戶日期,返還/繳庫,支出用途,金錢類,地址,聯絡電話,應揭露之支出對象,支出對象之內部人員姓名,支出對象之內部人員職稱,政黨之內部人員姓名,政黨之內部人員職稱,關係,更正註記,資料更正日期
1,于仙玲,111年高雄市議員選舉,首次申報,1110516,個人捐贈收入,于仙玲,,100.00,0.00,匯款,1110520,,,金錢,,,,,,,,,,
2,于仙玲,111年高雄市議員選舉,首次申報,1110518,個人捐贈收入,謝郁慧,S22*******,1760.00,0.00,匯款,1110527,,,金錢,高雄市前鎮區****,0919*****,,,,,,,,
3,于仙玲,111年高雄市議員選舉,首次申報,1110519,個人捐贈收入,蔡季延,,500.00,0.00,匯款,1110527,,,金錢,,,,,,,,,,
4,于仙玲,111年高雄市議員選舉,首次申報,1110523,個人捐贈收入,陳姿秀,,1000.00,0.00,現金,1110523,,,金錢,臺中市南區大****,0918*****,,,,,,,,
5,于仙玲,111年高雄市議員選舉,首次申報,1110525,個人捐贈收入,吳淑敏,,20000.00,0.00,現金,1110525,,,金錢,高雄市仁武區****,0938*****,,,,,,,,
6,于仙玲,111年高雄市議員選舉,首次申報,1110602,個人捐贈收入,粘紘壽,N12*******,10000.00,0.00,匯款,1110602,,,金錢,高雄市前鎮區****,0918*****,,,,,,,,
7,于仙玲,111年高雄市議員選舉,首次申報,1110603,匿名捐贈,匿名,,100.00,0.00,匯款,1110603,,,金錢,,,,,,,,,,
8,于仙玲,111年高雄市議員選舉,首次申報,1110603,個人捐贈收入,張鏸文,P22*******,1000.00,0.00,匯款,1110603,,,金錢,新北市板橋區****,0921*****,,,,,,,,
9,于仙玲,111年高雄市議員選舉,首次申報,1110605,個人捐贈收入,侯昆良,E12*******,3000.00,0.00,匯款,1110605,,,金錢,高雄市前鎮區****,0928*****,,,,,,,,
10,于仙玲,111年高雄市議員選舉,首次申報,1110609,個人捐贈收入,徐韶均,,2000.00,0.00,匯款,1110617,,,金錢,高雄市小港區****,,,,,,,,,
11,于仙玲,111年高雄市議員選舉,首次申報,1110610,個人捐贈收入,林岡輝,P12*******,6000.00,0.00,匯款,1110617,,,金錢,高雄市前金區****,,,,,,,,,
12,于仙玲,111年高雄市議員選舉,首次申報,1110613,個人捐贈收入,陳一瑩,E22*******,1000.00,0.00,匯款,1110617,,,金錢,高雄市苓雅區****,0958*****,,,,,,,,
13,于仙玲,111年高雄市議員選舉,首次申報,1110618,個人捐贈收入,黃佳智,B22*******,1000.00,0.00,匯款,1110618,,,金錢,台中市西屯區****,0911*****,,,,,,,,
14,于仙玲,111年高雄市議員選舉,首次申報,1110621,其他收入,利息收入,,4.00,0.00,匯款,1110621,,,金錢,,,,,,,,,,
15,于仙玲,111年高雄市議員選舉,首次申報,1110621,個人捐贈收入,張逸婷,N22*******,10000.00,0.00,匯款,1110624,,,金錢,高雄市鼓山區****,,,,,,,,,
16,于仙玲,111年高雄市議員選舉,首次申報,1110623,營利事業捐贈收入,里杰企業有限公司,89778783,10000.00,0.00,現金,1110623,,,金錢,高雄市仁武區****,,,,,,,,,
17,于仙玲,111年高雄市議員選舉,首次申報,1110624,個人捐贈收入,陳柏安,A27*******,2000.00,0.00,匯款,1110701,,,金錢,桃園市平鎮區****,0886*****,,,,,,,,
18,于仙玲,111年高雄市議員選舉,首次申報,1110624,個人捐贈收入,于永玲,E22*******,50000.00,0.00,現金,1110624,,,金錢,高雄市小港區****,,,,,,,,,
19,于仙玲,111年高雄市議員選舉,首次申報,1110624,個人捐贈收入,彭之軒,F22*******,1000.00,0.00,現金,1110624,,,金錢,新北市板橋區****,,,,,,,,,
20,于仙玲,111年高雄市議員選舉,首次申報,1110629,個人捐贈收入,成令方,A20*******,2000.00,0.00,匯款,1110708,,,金錢,高雄市鼓山區****,0920*****,,,,,,,,
21,于仙玲,111年高雄市議員選舉,首次申報,1110629,個人捐贈收入,陳鈺婷,D22*******,500.00,0.00,匯款,1110708,,,金錢,台中市北區忠****,0917*****,,,,,,,,
22,于仙玲,111年高雄市議員選舉,首次申報,1110705,個人捐贈收入,黃仕傑,,10000.00,0.00,匯款,1110705,,,金錢,高雄市美濃區****,,,,,,,,,
23,于仙玲,111年高雄市議員選舉,首次申報,1110705,個人捐贈收入,王威勝,S12*******,10000.00,0.00,匯款,1110705,,,金錢,高雄市左營區****,,,,,,,,,
24,于仙玲,111年高雄市議員選舉,首次申報,1110707,個人捐贈收入,鄂婷瑛,,3000.00,0.00,匯款,1110707,,,金錢,高雄市旗山區****,,,,,,,,,
25,于仙玲,111年高雄市議員選舉,首次申報,1110713,個人捐贈收入,陳一瑩,E22*******,1000.00,0.00,匯款,1110715,,,金錢,高雄市苓雅區****,0958*****,,,,,,,,
26,于仙玲,111年高雄市議員選舉,首次申報,1110714,個人捐贈收入,沈玉玲,,10000.00,0.00,現金,1110714,,,金錢,高雄市楠梓區****,,,,,,,,,
27,于仙玲,111年高雄市議員選舉,首次申報,1110714,個人捐贈收入,林玉純,,10000.00,0.00,現金,1110714,,,金錢,高雄市左營區****,,,,,,,,,
28,于仙玲,111年高雄市議員選舉,首次申報,1110714,個人捐贈收入,陳妍伶,,2000.00,0.00,現金,1110714,,,金錢,高雄市苓雅區****,,,,,,,,,
29,于仙玲,111年高雄市議員選舉,首次申報,1110714,個人捐贈收入,胡峯銘,,1000.00,0.00,現金,1110714,,,金錢,高雄市苓雅區****,,,,,,,,,
30,于仙玲,111年高雄市議員選舉,首次申報,1110716,個人捐贈收入,林雪娥,,3000.00,0.00,現金,1110720,,,金錢,高雄市前鎮區****,0771*****,,,,,,,,
31,于仙玲,111年高雄市議員選舉,首次申報,1110719,個人捐贈收入,張曜樽,A12*******,1000.00,0.00,匯款,1110719,,,金錢,臺北市文山區****,,,,,,,,,
32,于仙玲,111年高雄市議員選舉,首次申報,1110720,個人捐贈收入,李明翰,A12*******,666.00,0.00,匯款,1110729,,,金錢,臺北市中正區****,,,,,,,,,
33,于仙玲,111年高雄市議員選舉,首次申報,1110729,個人捐贈收入,劉育豪,E12*******,3000.00,0.00,現金,1110729,,,金錢,高雄市鼓山區****,,,,,,,,,
34,于仙玲,111年高雄市議員選舉,首次申報,1110813,匿名捐贈,匿名(好萊塢牛排館),,500.00,0.00,現金,1110813,,,金錢,,,,,,,,,,
35,于仙玲,111年高雄市議員選舉,首次申報,1110813,個人捐贈收入,陳一瑩,E22*******,1000.00,0.00,匯款,1110815,,,金錢,高雄市苓雅區****,0958*****,,,,,,,,
36,于仙玲,111年高雄市議員選舉,首次申報,1110818,個人捐贈收入,蔡青淳,E22*******,600.00,0.00,匯款,1110826,,,金錢,高雄市小港區****,0970*****,,,,,,,,
37,于仙玲,111年高雄市議員選舉,首次申報,1110821,個人捐贈收入,吳玫瑩,G22*******,1000.00,0.00,匯款,1110826,,,金錢,臺南市南區水****,0963*****,,,,,,,,
38,于仙玲,111年高雄市議員選舉,首次申報,1110822,個人捐贈收入,紀世麒,,1120.00,0.00,匯款,1110822,,,金錢,臺中市大里區****,,,,,,,,,
39,于仙玲,111年高雄市議員選舉,首次申報,1110822,個人捐贈收入,吳虹潔,L22*******,10000.00,0.00,匯款,1110822,,,金錢,新北市鶯歌區****,,,,,,,,,
40,于仙玲,111年高雄市議員選舉,首次申報,1110824,匿名捐贈,匿名(盧駿逸),,1000.00,0.00,現金,1110824,,,金錢,,,,,,,,,,
41,于仙玲,111年高雄市議員選舉,首次申報,1110901,匿名捐贈,匿名(南哥),,2000.00,0.00,現金,1110901,,,金錢,,,,,,,,,,
42,于仙玲,111年高雄市議員選舉,首次申報,1110901,匿名捐贈,匿名(娟姊),,2000.00,0.00,現金,1110901,,,金錢,,,,,,,,,,
43,于仙玲,111年高雄市議員選舉,首次申報,1110907,個人捐贈收入,林奕萱,S22*******,5000.00,0.00,匯款,1110913,,,金錢,高雄市小港區****,0975*****,,,,,,,,
44,于仙玲,111年高雄市議員選舉,首次申報,1110912,個人捐贈收入,沈玉玲,,20000.00,0.00,現金,1110912,,,金錢,高雄市楠梓區****,,,,,,,,,
45,于仙玲,111年高雄市議員選舉,首次申報,1110913,個人捐贈收入,陳一瑩,E22*******,1000.00,0.00,匯款,1110915,,,金錢,高雄市苓雅區****,0958*****,,,,,,,,
46,于仙玲,111年高雄市議員選舉,首次申報,1110913,個人捐贈收入,黃秀玉,T22*******,1178.00,0.00,現金,1110913,,,金錢,高雄市三民區****,,,,,,,,,
47,于仙玲,111年高雄市議員選舉,首次申報,1110930,個人捐贈收入,高淑嫺,B22*******,1000.00,0.00,匯款,1111004,,,金錢,高雄市楠梓區****,0966*****,,,,,,,,
48,于仙玲,111年高雄市議員選舉,首次申報,1111009,個人捐贈收入,邱花妹,Q22*******,10000.00,0.00,匯款,1111014,,,金錢,高雄市鼓山區****,0928*****,,,,,,,,
49,于仙玲,111年高雄市議員選舉,首次申報,1111013,個人捐贈收入,陳一瑩,E22*******,1000.00,0.00,匯款,1111017,,,金錢,高雄市苓雅區****,0958*****,,,,,,,,
50,于仙玲,111年高雄市議員選舉,首次申報,1111017,個人捐贈收入,李冠樺,E12*******,10000.00,0.00,匯款,1111021,,,金錢,臺南市安南區****,0972*****,,,,,,,,
51,于仙玲,111年高雄市議員選舉,首次申報,1111019,個人捐贈收入,林偲倩,K22*******,3800.00,0.00,匯款,1111025,,,金錢,高雄市鳥松區****,0930*****,,,,,,,,
52,于仙玲,111年高雄市議員選舉,首次申報,1111020,個人捐贈收入,李秀蘭,,1000.00,0.00,現金,1111020,,,金錢,高雄市前鎮區****,0974*****,,,,,,,,
53,于仙玲,111年高雄市議員選舉,首次申報,1111023,個人捐贈收入,吳曉雲,G22*******,3000.00,0.00,匯款,1111028,,,金錢,高雄市三民區****,0920*****,,,,,,,,
54,于仙玲,111年高雄市議員選舉,首次申報,1111026,匿名捐贈,匿名(黃香蓮),,101.00,0.00,現金,1111026,,,金錢,,,,,,,,,,
55,于仙玲,111年高雄市議員選舉,首次申報,1111026,匿名捐贈,匿名(魏凱蒂),,800.00,0.00,現金,1111026,,,金錢,,,,,,,,,,
56,于仙玲,111年高雄市議員選舉,首次申報,1111027,個人捐贈收入,蔡佳蓉,E22*******,5000.00,0.00,現金,1111027,,,金錢,高雄市美濃區****,,,,,,,,,
57,于仙玲,111年高雄市議員選舉,首次申報,1111028,個人捐贈收入,黃秀玉,T22*******,1025.00,0.00,現金,1111028,,,金錢,高雄市三民區****,,,,,,,,,
58,于仙玲,111年高雄市議員選舉,首次申報,1111101,個人捐贈收入,郭媛琳,R22*******,1120.00,0.00,匯款,1111104,,,金錢,高雄市鼓山區****,0965*****,,,,,,,,
59,于仙玲,111年高雄市議員選舉,首次申報,1111102,個人捐贈收入,龍吉洲,E12*******,5000.00,0.00,匯款,1111102,,,金錢,高雄市小港區****,,,,,,,,,
60,于仙玲,111年高雄市議員選舉,首次申報,1111104,個人捐贈收入,陳攸倩,U22*******,1120.00,0.00,匯款,1111104,,,金錢,高雄市前鎮區****,,,,,,,,,
61,于仙玲,111年高雄市議員選舉,首次申報,1111108,個人捐贈收入,葉勇德,N12*******,9090.00,0.00,匯款,1111108,,,金錢,彰化縣和美鎮****,,,,,,,,,
62,于仙玲,111年高雄市議員選舉,首次申報,1111109,個人捐贈收入,李根政,,3000.00,0.00,現金,1111109,,,金錢,高雄市前金區****,0721*****,,,,,,,,
63,于仙玲,111年高雄市議員選舉,首次申報,1111111,匿名捐贈,匿名捐贈(劉育豪),,2240.00,0.00,現金,1111111,,,金錢,,,,,,,,,,
64,于仙玲,111年高雄市議員選舉,首次申報,1111113,個人捐贈收入,廖惠仙,E22*******,1120.00,0.00,匯款,1111113,,,金錢,高雄市鳳山區****,,,,,,,,,
65,于仙玲,111年高雄市議員選舉,首次申報,1111114,營利事業捐贈收入,挑食有限公司,59145538,6500.00,0.00,現金,1111114,已返還,,金錢,高雄市前金區****,0728*****,,,,,,,,
66,于仙玲,111年高雄市議員選舉,首次申報,1111114,個人捐贈收入,陳莞方,R22*******,500.00,0.00,現金,1111114,,,金錢,高雄市鳳山區****,,,,,,,,,
67,于仙玲,111年高雄市議員選舉,首次申報,1111116,個人捐贈收入,高芸婷,A22*******,2370.00,0.00,匯款,1111116,,,金錢,新竹縣竹北市****,,,,,,,,,
68,于仙玲,111年高雄市議員選舉,首次申報,1111116,個人捐贈收入,謝海菁,C22*******,13560.00,0.00,匯款,1111122,,,金錢,基隆市安樂區****,0917*****,,,,,,,,
69,于仙玲,111年高雄市議員選舉,首次申報,1111116,個人捐贈收入,柳冠岑,E22*******,13440.00,0.00,匯款,1111116,,,金錢,高雄市三民區****,,,,,,,,,
70,于仙玲,111年高雄市議員選舉,首次申報,1111116,個人捐贈收入,林怡如,P22*******,1120.00,0.00,匯款,1111116,,,金錢,高雄市鳳山區****,,,,,,,,,
71,于仙玲,111年高雄市議員選舉,首次申報,1111116,個人捐贈收入,孫湄晴,Q22*******,20000.00,0.00,匯款,1111116,,,金錢,高雄市鼓山區****,0952*****,,,,,,,,
72,于仙玲,111年高雄市議員選舉,首次申報,1111117,個人捐贈收入,李春輝,E12*******,10000.00,0.00,匯款,1111117,,,金錢,臺南市永康區****,,,,,,,,,
73,于仙玲,111年高雄市議員選舉,首次申報,1111117,個人捐贈收入,陳莞方,R22*******,1120.00,0.00,匯款,1111117,,,金錢,高雄市鳳山區****,,,,,,,,,
74,于仙玲,111年高雄市議員選舉,首次申報,1111118,個人捐贈收入,葉靜芳,E22*******,3000.00,0.00,匯款,1111122,,,金錢,高雄市前鎮區****,0919*****,,,,,,,,
75,于仙玲,111年高雄市議員選舉,首次申報,1111121,匿名捐贈,匿名,,2600.00,0.00,現金,1111128,,,金錢,,,,,,,,,,
76,于仙玲,111年高雄市議員選舉,首次申報,1111122,匿名捐贈,匿名捐贈(黃子恩),,1288.00,0.00,現金,1111122,,,金錢,,,,,,,,,,
77,于仙玲,111年高雄市議員選舉,首次申報,1111122,匿名捐贈,匿名捐贈,,4.00,0.00,現金,1111122,,,金錢,,,,,,,,,,
78,于仙玲,111年高雄市議員選舉,首次申報,1111122,個人捐贈收入,江敏榕,E22*******,10000.00,0.00,現金,1111128,,,金錢,高雄市鼓山區****,,,,,,,,,
79,于仙玲,111年高雄市議員選舉,首次申報,1111123,營利事業捐贈收入,元瓏建築師事務所,47719539,11200.00,0.00,匯款,1111123,,,金錢,高雄市小港區****,,,,,,,,,
80,于仙玲,111年高雄市議員選舉,首次申報,1111123,營利事業捐贈收入,挑食有限公司,59145538,5000.00,0.00,匯款,1111123,已返還,,金錢,高雄市前金區****,0728*****,,,,,,,,
81,于仙玲,111年高雄市議員選舉,首次申報,1111123,個人捐贈收入,周依潔,A22*******,1120.00,0.00,匯款,1111123,,,金錢,高雄市美濃區****,,,,,,,,,
82,于仙玲,111年高雄市議員選舉,首次申報,1111123,個人捐贈收入,王廷元,D12*******,1120.00,0.00,匯款,1111123,,,金錢,高雄市小港區****,,,,,,,,,
83,于仙玲,111年高雄市議員選舉,首次申報,1111123,個人捐贈收入,商毓芳,D22*******,2370.00,0.00,匯款,1111123,,,金錢,臺南市中西區****,,,,,,,,,
84,于仙玲,111年高雄市議員選舉,首次申報,1111123,個人捐贈收入,陳一瑩,E22*******,3360.00,0.00,匯款,1111123,,,金錢,高雄市苓雅區****,,,,,,,,,
85,于仙玲,111年高雄市議員選舉,首次申報,1111123,個人捐贈收入,林美廷,K22*******,21280.00,0.00,匯款,1111123,,,金錢,高雄市岡山區****,,,,,,,,,
86,于仙玲,111年高雄市議員選舉,首次申報,1111123,個人捐贈收入,洪詩淨,N22*******,1250.00,0.00,匯款,1111123,,,金錢,臺南市永康區****,,,,,,,,,
87,于仙玲,111年高雄市議員選舉,首次申報,1111123,個人捐贈收入,陳昱燕,N22*******,1120.00,0.00,現金,1111128,,,金錢,臺東縣鹿野鄉****,,,,,,,,,
88,于仙玲,111年高雄市議員選舉,首次申報,1111123,個人捐贈收入,許珍華,P22*******,1120.00,0.00,匯款,1111123,,,金錢,高雄市鳳山區****,,,,,,,,,
89,于仙玲,111年高雄市議員選舉,首次申報,1111123,個人捐贈收入,何芝庭,S22*******,1120.00,0.00,匯款,1111123,,,金錢,高雄市鳳山區****,,,,,,,,,
90,于仙玲,111年高雄市議員選舉,首次申報,1111123,個人捐贈收入,古芯僑,S22*******,1000.00,0.00,現金,1111128,,,金錢,高雄市美濃區****,,,,,,,,,
91,于仙玲,111年高雄市議員選舉,首次申報,1111124,個人捐贈收入,賴宣任,A22*******,300.00,0.00,現金,1111128,,,金錢,臺北市辛亥路****,,,,,,,,,
92,于仙玲,111年高雄市議員選舉,首次申報,1111124,個人捐贈收入,陳君宜,C22*******,1000.00,0.00,匯款,1111125,,,金錢,臺北市信義區****,0953*****,,,,,,,,
93,于仙玲,111年高雄市議員選舉,首次申報,1111124,個人捐贈收入,張逸婷,N22*******,1120.00,0.00,現金,1111128,,,金錢,高雄市鼓山區****,,,,,,,,,
94,于仙玲,111年高雄市議員選舉,首次申報,1111125,個人捐贈收入,廖惠仙,E22*******,2000.00,0.00,現金,1111128,,,金錢,高雄市鳳山區****,,,,,,,,,
95,于仙玲,111年高雄市議員選舉,首次申報,1111125,個人捐贈收入,謝予塵,T22*******,1300.00,0.00,現金,1111128,,,金錢,高雄市鼓山區****,,,,,,,,,
96,于仙玲,111年高雄市議員選舉,首次申報,1111125,個人捐贈收入,曾虹綺,U22*******,350.00,0.00,現金,1111128,,,金錢,雲林縣麥寮鄉****,,,,,,,,,
97,于仙玲,111年高雄市議員選舉,首次申報,1111221,其他收入,利息收入,,286.00,0.00,匯款,1111221,,,金錢,,,,,,,,,,
