﻿序號,擬參選人／政黨,選舉名稱,申報序號／年度,交易日期,收支科目,捐贈者／支出對象,身分證／統一編號,收入金額,支出金額,捐贈方式,存入專戶日期,返還/繳庫,支出用途,金錢類,地址,聯絡電話,應揭露之支出對象,支出對象之內部人員姓名,支出對象之內部人員職稱,政黨之內部人員姓名,政黨之內部人員職稱,關係,更正註記,資料更正日期
1,謝衣鳯,113年立法委員選舉,首次申報,1120730,宣傳支出,佐爾視覺設計社,09310569,0.00,84525.00,,,,扇子一批,金錢,彰化縣員林市****,08-8*****,否,,,,,,,
2,謝衣鳯,113年立法委員選舉,首次申報,1120810,宣傳支出,國榮廣告材料行,06145290,0.00,94894.00,,,,廣告噴圖,金錢,南投縣竹山鎮****,049-*****,否,,,,,,,
3,謝衣鳯,113年立法委員選舉,首次申報,1120810,宣傳支出,正新廣告社,20347466,0.00,120000.00,,,,立牌廣告一批,金錢,彰化縣北斗鎮****,04-8*****,否,,,,,,,
4,謝衣鳯,113年立法委員選舉,首次申報,1120810,宣傳支出,正新廣告社,20347466,0.00,36000.00,,,,看板安裝工資,金錢,彰化縣北斗鎮****,04-8*****,否,,,,,,,
5,謝衣鳯,113年立法委員選舉,首次申報,1120810,宣傳支出,東樞企業社,82412331,0.00,105000.00,,,,布旗,金錢,彰化縣田尾鄉****,04-8*****,否,,,,,,,
6,謝衣鳯,113年立法委員選舉,首次申報,1120823,宣傳支出,歐風贈品社,47536285,0.00,14040.00,,,,打火機,金錢,彰化縣田尾鄉****,0966*****,否,,,,,,,
7,謝衣鳯,113年立法委員選舉,首次申報,1120826,宣傳支出,三禾企業社,26947353,0.00,30429.00,,,,鷹架工程一式,金錢,南投縣南投市****,0932*****,否,,,,,,,
8,謝衣鳯,113年立法委員選舉,首次申報,1120901,宣傳支出,金順紙業有限公司,13036488,0.00,97125.00,,,,特製面紙,金錢,彰化縣花壇鄉****,04-7*****,否,,,,,,,
9,謝衣鳯,113年立法委員選舉,首次申報,1120907,宣傳支出,佐爾視覺設計社,09310569,0.00,31500.00,,,,DM,金錢,彰化縣員林市****,04-8*****,否,,,,,,,
10,謝衣鳯,113年立法委員選舉,首次申報,1120907,宣傳支出,尚禾雅企業社,99939318,0.00,18900.00,,,,金馬中性筆,金錢,彰化縣北斗鎮****,04-8*****,否,,,,,,,
11,謝衣鳯,113年立法委員選舉,首次申報,1120908,宣傳支出,國榮廣告材料行,06145290,0.00,19110.00,,,,廣告噴圖,金錢,南投縣竹山鎮****,049-*****,否,,,,,,,
12,謝衣鳯,113年立法委員選舉,首次申報,1120908,宣傳支出,佐爾視覺設計社,09310569,0.00,129150.00,,,,扇子一批,金錢,彰化縣員林市****,04-8*****,否,,,,,,,
13,謝衣鳯,113年立法委員選舉,首次申報,1120913,雜支支出,三禾企業社,26947353,0.00,12899.00,,,,鷹架工程一式,金錢,南投縣南投市****,0932*****,否,,,,,,,
14,謝衣鳯,113年立法委員選舉,首次申報,1120913,宣傳支出,德晟實業有限公司,83157082,0.00,109051.00,,,,成人口罩.兒童口罩,金錢,彰化縣二林鎮****,,否,,,,,,,
15,謝衣鳯,113年立法委員選舉,首次申報,1120919,雜支支出,冠淳企業社,25298529,0.00,30000.00,,,,購物袋個,金錢,彰化縣埔心鄉****,,否,,,,,,,
16,謝衣鳯,113年立法委員選舉,首次申報,1120922,雜支支出,三禾企業社,26947353,0.00,7000.00,,,,鷹架工程一式,金錢,南投縣南投市****,0932*****,否,,,,,,,
17,謝衣鳯,113年立法委員選舉,首次申報,1120930,人事費用支出,邱淑月,M22*******,0.00,2000.00,,,,工讀生薪資(溪州鄉)/-/,金錢,彰化縣溪州鄉****,,否,,,,,,,
18,謝衣鳯,113年立法委員選舉,首次申報,1120930,人事費用支出,朱添銘,N12*******,0.00,16800.00,,,,工讀生薪資(溪州鄉)/-/,金錢,彰化縣永靖鄉****,,否,,,,,,,
19,謝衣鳯,113年立法委員選舉,首次申報,1120930,人事費用支出,林雅惠,N22*******,0.00,2500.00,,,,工讀生薪資(溪州鄉)/-/,金錢,彰化縣溪州鄉****,,否,,,,,,,
20,謝衣鳯,113年立法委員選舉,首次申報,1120930,人事費用支出,林千喜,N22*******,0.00,6000.00,,,,工讀生薪資(溪州鄉)/-/,金錢,彰化縣溪州鄉****,,否,,,,,,,
21,謝衣鳯,113年立法委員選舉,首次申報,1120930,人事費用支出,林素娥,N22*******,0.00,14000.00,,,,工讀生薪資(溪州鄉)/-/,金錢,彰化縣溪州鄉****,,否,,,,,,,
22,謝衣鳯,113年立法委員選舉,首次申報,1120930,人事費用支出,王翊君,N22*******,0.00,6500.00,,,,工讀生薪資(溪州鄉)/-/,金錢,彰化縣溪州鄉****,,否,,,,,,,
23,謝衣鳯,113年立法委員選舉,首次申報,1120930,人事費用支出,張穎宜,N22*******,0.00,4500.00,,,,工讀生薪資(溪州鄉)/-/,金錢,彰化縣溪州鄉****,,否,,,,,,,
24,謝衣鳯,113年立法委員選舉,首次申報,1121001,宣傳支出,金順紙業有限公司,13036488,0.00,310800.00,,,,特製面紙一批,金錢,彰化縣花壇鄉****,04-7*****,否,,,,,,,
25,謝衣鳯,113年立法委員選舉,首次申報,1121002,宣傳支出,佐爾視覺設計社,09310569,0.00,270900.00,,,,日本扇,金錢,彰化縣員林市****,04-8*****,否,,,,,,,
26,謝衣鳯,113年立法委員選舉,首次申報,1121002,雜支支出,彩星旗幟廣告有限公司,80606563,0.00,21735.00,,,,背心印字,金錢,彰化縣田尾鄉****,04-8*****,否,,,,,,,
27,謝衣鳯,113年立法委員選舉,首次申報,1121004,宣傳支出,尚禾雅企業社,99939318,0.00,42525.00,,,,背心件,金錢,彰化縣北斗鎮****,04-8*****,否,,,,,,,
28,謝衣鳯,113年立法委員選舉,首次申報,1121006,返還捐贈支出,富煒建設股份有限公司,86774572,0.00,100000.00,,,,返還,金錢,彰化縣溪湖鎮****,,否,,,,,,,
29,謝衣鳯,113年立法委員選舉,首次申報,1121006,返還捐贈支出,富煒建設股份有限公司,86774572,0.00,100000.00,,,,返還,金錢,彰化縣溪湖鎮****,,否,,,,,,,
30,謝衣鳯,113年立法委員選舉,首次申報,1121006,人事費用支出,孫忠華,N12*******,0.00,9540.00,,,,工讀生月份,金錢,彰化縣埤頭鄉****,,否,,,,,,,
31,謝衣鳯,113年立法委員選舉,首次申報,1121006,人事費用支出,謝鴻模,N12*******,0.00,5040.00,,,,工讀生月份,金錢,彰化縣溪湖鎮****,,否,,,,,,,
32,謝衣鳯,113年立法委員選舉,首次申報,1121006,人事費用支出,李俊德,N12*******,0.00,2000.00,,,,工讀生月份(司機),金錢,彰化縣溪州鄉****,,否,,,,,,,
33,謝衣鳯,113年立法委員選舉,首次申報,1121006,人事費用支出,陳李素綿,N20*******,0.00,4320.00,,,,工讀生月份,金錢,彰化縣溪湖鎮****,,否,,,,,,,
34,謝衣鳯,113年立法委員選舉,首次申報,1121006,人事費用支出,徐宇玫,N22*******,0.00,810.00,,,,工讀生月份,金錢,彰化縣溪湖鎮****,,否,,,,,,,
35,謝衣鳯,113年立法委員選舉,首次申報,1121006,人事費用支出,梁菁心,N22*******,0.00,1710.00,,,,工讀生月份,金錢,彰化縣溪湖鎮****,,否,,,,,,,
36,謝衣鳯,113年立法委員選舉,首次申報,1121006,人事費用支出,蕭美琦,N22*******,0.00,5760.00,,,,工讀生月份,金錢,彰化縣田中鎮****,,否,,,,,,,
37,謝衣鳯,113年立法委員選舉,首次申報,1121006,人事費用支出,洪素琴,N22*******,0.00,5040.00,,,,工讀生月份,金錢,彰化縣員林市****,,否,,,,,,,
38,謝衣鳯,113年立法委員選舉,首次申報,1121006,人事費用支出,劉美君,N22*******,0.00,10440.00,,,,工讀生月份,金錢,彰化縣埤頭鄉****,,否,,,,,,,
39,謝衣鳯,113年立法委員選舉,首次申報,1121006,人事費用支出,陸海蘭,Q22*******,0.00,2790.00,,,,工讀生月份,金錢,彰化縣埔心鄉****,,否,,,,,,,
40,謝衣鳯,113年立法委員選舉,首次申報,1121013,宣傳支出,國榮廣告材料行,06145290,0.00,102543.00,,,,廣告帆布收掛工資,金錢,南投縣竹山鎮****,049-*****,否,,,,,,,
41,謝衣鳯,113年立法委員選舉,首次申報,1121016,宣傳支出,德晟實業有限公司,83157082,0.00,255150.00,,,,口罩一批,金錢,彰化縣二林鎮****,,否,,,,,,,
42,謝衣鳯,113年立法委員選舉,首次申報,1121016,人事費用支出,宮業美,B22*******,0.00,8460.00,,,,工讀生薪資(大城鄉)/-/,金錢,彰化縣大城鄉****,,否,,,,,,,
43,謝衣鳯,113年立法委員選舉,首次申報,1121016,人事費用支出,汪慧貞,D22*******,0.00,1260.00,,,,工讀生薪資(二林鎮)/-/,金錢,彰化縣二林鎮****,,否,,,,,,,
44,謝衣鳯,113年立法委員選舉,首次申報,1121016,人事費用支出,黃秀枝,E20*******,0.00,1710.00,,,,工讀生薪資(大城鄉)/-/,金錢,彰化縣大城鄉****,,否,,,,,,,
45,謝衣鳯,113年立法委員選舉,首次申報,1121016,人事費用支出,周玉鈴,F22*******,0.00,810.00,,,,工讀生薪資(竹塘鄉)/-/,金錢,彰化縣竹塘鄉****,,否,,,,,,,
46,謝衣鳯,113年立法委員選舉,首次申報,1121016,人事費用支出,譚瑭蓁,K22*******,0.00,630.00,,,,工讀生薪資(芳苑鄉)/-/,金錢,彰化縣芳苑鄉****,,否,,,,,,,
47,謝衣鳯,113年立法委員選舉,首次申報,1121016,人事費用支出,薛美雲,L20*******,0.00,810.00,,,,工讀生薪資(竹塘鄉)/-/,金錢,彰化縣竹塘鄉****,,否,,,,,,,
48,謝衣鳯,113年立法委員選舉,首次申報,1121016,人事費用支出,馬水英,L22*******,0.00,360.00,,,,工讀生薪資(芳苑鄉)/-/,金錢,彰化縣芳苑鄉****,,否,,,,,,,
49,謝衣鳯,113年立法委員選舉,首次申報,1121016,人事費用支出,王祐璟,N12*******,0.00,1620.00,,,,工讀生薪資(大城鄉)/-/,金錢,彰化縣大城鄉****,,否,,,,,,,
50,謝衣鳯,113年立法委員選舉,首次申報,1121016,人事費用支出,洪清萬,N12*******,0.00,3240.00,,,,工讀生薪資(二林鎮)/-/,金錢,彰化縣二林鎮****,,否,,,,,,,
51,謝衣鳯,113年立法委員選舉,首次申報,1121016,人事費用支出,曾煥閔,N12*******,0.00,1620.00,,,,工讀生薪資(二林鎮)/-/,金錢,彰化縣二林鎮****,,否,,,,,,,
52,謝衣鳯,113年立法委員選舉,首次申報,1121016,人事費用支出,蔡帛翰,N12*******,0.00,540.00,,,,工讀生薪資(二林鎮)/-/,金錢,彰化縣二林鎮****,,否,,,,,,,
53,謝衣鳯,113年立法委員選舉,首次申報,1121016,人事費用支出,陳秋豐,N12*******,0.00,720.00,,,,工讀生薪資(二林鎮)/-/,金錢,彰化縣芳苑鄉****,,否,,,,,,,
54,謝衣鳯,113年立法委員選舉,首次申報,1121016,人事費用支出,歐文州,N12*******,0.00,3690.00,,,,工讀生薪資(竹塘鄉)/-/,金錢,彰化縣竹塘鄉****,,否,,,,,,,
55,謝衣鳯,113年立法委員選舉,首次申報,1121016,人事費用支出,莊彩祝,N20*******,0.00,810.00,,,,工讀生薪資(竹塘鄉)/-/,金錢,彰化縣竹塘鄉****,,否,,,,,,,
56,謝衣鳯,113年立法委員選舉,首次申報,1121016,人事費用支出,陳金葉,N20*******,0.00,540.00,,,,工讀生薪資(竹塘鄉)/-/,金錢,彰化縣竹塘鄉****,,否,,,,,,,
57,謝衣鳯,113年立法委員選舉,首次申報,1121016,人事費用支出,洪秀蓮,N20*******,0.00,2340.00,,,,工讀生薪資(二林鎮)/-/,金錢,彰化縣二林鎮****,,否,,,,,,,
58,謝衣鳯,113年立法委員選舉,首次申報,1121016,人事費用支出,張麗香,N20*******,0.00,1260.00,,,,工讀生薪資(大城鄉)/-/,金錢,彰化縣大城鄉****,,否,,,,,,,
59,謝衣鳯,113年立法委員選舉,首次申報,1121016,人事費用支出,林璟玲,N22*******,0.00,2880.00,,,,工讀生薪資(芳苑鄉)/-/,金錢,彰化縣芳苑鄉****,,否,,,,,,,
60,謝衣鳯,113年立法委員選舉,首次申報,1121016,人事費用支出,王美鳳,N22*******,0.00,630.00,,,,工讀生薪資(芳苑鄉)/-/,金錢,彰化縣芳苑鄉****,,否,,,,,,,
61,謝衣鳯,113年立法委員選舉,首次申報,1121016,人事費用支出,洪宇倩,N22*******,0.00,630.00,,,,工讀生薪資(芳苑鄉)/-/,金錢,彰化縣芳苑鄉****,,否,,,,,,,
62,謝衣鳯,113年立法委員選舉,首次申報,1121016,人事費用支出,蔡榮華,N22*******,0.00,630.00,,,,工讀生薪資(芳苑鄉)/-/,金錢,彰化縣芳苑鄉****,,否,,,,,,,
63,謝衣鳯,113年立法委員選舉,首次申報,1121016,人事費用支出,王瓊華,N22*******,0.00,2250.00,,,,工讀生薪資(二林鎮)/-/,金錢,彰化縣二林鎮****,,否,,,,,,,
64,謝衣鳯,113年立法委員選舉,首次申報,1121016,人事費用支出,詹茹聿,N22*******,0.00,5850.00,,,,工讀生薪資(二林鎮)/-/,金錢,彰化縣二林鎮****,,否,,,,,,,
65,謝衣鳯,113年立法委員選舉,首次申報,1121016,人事費用支出,洪芊燡,N22*******,0.00,5940.00,,,,工讀生薪資(二林鎮)/-/,金錢,彰化縣二林鎮****,,否,,,,,,,
66,謝衣鳯,113年立法委員選舉,首次申報,1121016,人事費用支出,謝孟育,N22*******,0.00,11610.00,,,,工讀生薪資(二林鎮)/-/,金錢,彰化縣二林鎮****,,否,,,,,,,
67,謝衣鳯,113年立法委員選舉,首次申報,1121016,人事費用支出,謝淯紜,N22*******,0.00,3420.00,,,,工讀生薪資(二林鎮)/-/,金錢,彰化縣二林鎮****,,否,,,,,,,
68,謝衣鳯,113年立法委員選舉,首次申報,1121016,人事費用支出,傅虹,N22*******,0.00,540.00,,,,工讀生薪資(二林鎮)/-/,金錢,彰化縣芳苑鄉****,,否,,,,,,,
69,謝衣鳯,113年立法委員選舉,首次申報,1121016,人事費用支出,蔡函潾,N22*******,0.00,2610.00,,,,工讀生薪資(二林鎮)/-/,金錢,彰化縣二林鎮****,,否,,,,,,,
70,謝衣鳯,113年立法委員選舉,首次申報,1121016,人事費用支出,林玉娟,N22*******,0.00,1260.00,,,,工讀生薪資(二林鎮)/-/,金錢,彰化縣二林鎮****,,否,,,,,,,
71,謝衣鳯,113年立法委員選舉,首次申報,1121016,人事費用支出,楊美玉,N22*******,0.00,540.00,,,,工讀生薪資(竹塘鄉)/-/,金錢,彰化縣竹塘鄉****,,否,,,,,,,
72,謝衣鳯,113年立法委員選舉,首次申報,1121016,人事費用支出,許阿密,N22*******,0.00,3870.00,,,,工讀生薪資(竹塘鄉)/-/,金錢,彰化縣竹塘鄉****,,否,,,,,,,
73,謝衣鳯,113年立法委員選舉,首次申報,1121016,人事費用支出,葉玲,N29*******,0.00,360.00,,,,工讀生薪資(芳苑鄉)/-/,金錢,彰化縣芳苑鄉****,,否,,,,,,,
74,謝衣鳯,113年立法委員選舉,首次申報,1121016,人事費用支出,陳立云,N29*******,0.00,1080.00,,,,工讀生薪資(二林鎮)/-/,金錢,彰化縣二林鎮****,,否,,,,,,,
75,謝衣鳯,113年立法委員選舉,首次申報,1121016,人事費用支出,柳雪芹,N29*******,0.00,540.00,,,,工讀生薪資(二林鎮)/-/,金錢,彰化縣二林鎮****,,否,,,,,,,
76,謝衣鳯,113年立法委員選舉,首次申報,1121016,人事費用支出,關碧蓉,N29*******,0.00,1080.00,,,,工讀生薪資(二林鎮)/-/,金錢,彰化縣大城鄉****,,否,,,,,,,
77,謝衣鳯,113年立法委員選舉,首次申報,1121016,人事費用支出,林秋紅,N29*******,0.00,1260.00,,,,工讀生薪資(芳苑鄉)/-/,金錢,彰化縣芳苑鄉****,,否,,,,,,,
78,謝衣鳯,113年立法委員選舉,首次申報,1121016,人事費用支出,周少琴,N29*******,0.00,990.00,,,,工讀生薪資(芳苑鄉)/-/,金錢,彰化縣芳苑鄉****,,否,,,,,,,
79,謝衣鳯,113年立法委員選舉,首次申報,1121016,人事費用支出,楊麗萍,N29*******,0.00,1260.00,,,,工讀生薪資(芳苑鄉)/-/,金錢,彰化縣芳苑鄉****,,否,,,,,,,
80,謝衣鳯,113年立法委員選舉,首次申報,1121016,人事費用支出,魏小芬,N29*******,0.00,6300.00,,,,工讀生薪資(芳苑鄉)/-/,金錢,彰化縣芳苑鄉****,,否,,,,,,,
81,謝衣鳯,113年立法委員選舉,首次申報,1121016,人事費用支出,蔡明惠,P22*******,0.00,4140.00,,,,工讀生薪資(大城鄉)/-/,金錢,彰化縣大城鄉****,,否,,,,,,,
82,謝衣鳯,113年立法委員選舉,首次申報,1121016,人事費用支出,沈美娟,P22*******,0.00,900.00,,,,工讀生薪資(二林鎮)/-/,金錢,彰化縣二林鎮****,,否,,,,,,,
83,謝衣鳯,113年立法委員選舉,首次申報,1121016,人事費用支出,邱美英,T22*******,0.00,360.00,,,,工讀生薪資(大城鄉)/-/,金錢,彰化縣大城鄉****,,否,,,,,,,
84,謝衣鳯,113年立法委員選舉,首次申報,1121016,人事費用支出,張月珠,T22*******,0.00,630.00,,,,工讀生薪資(芳苑鄉)/-/,金錢,彰化縣芳苑鄉****,,否,,,,,,,
85,謝衣鳯,113年立法委員選舉,首次申報,1121016,人事費用支出,賴秀美,Y22*******,0.00,630.00,,,,工讀生薪資(芳苑鄉)/-/,金錢,彰化縣芳苑鄉****,,否,,,,,,,
86,謝衣鳯,113年立法委員選舉,首次申報,1121016,人事費用支出,陳彩珠,Y22*******,0.00,810.00,,,,工讀生薪資(竹塘鄉)/-/,金錢,彰化縣竹塘鄉****,,否,,,,,,,
87,謝衣鳯,113年立法委員選舉,首次申報,1121018,宣傳支出,國榮廣告材料行,06145290,0.00,45301.00,,,,帆布重新輸出,金錢,南投縣竹山鎮****,049-*****,否,,,,,,,
88,謝衣鳯,113年立法委員選舉,首次申報,1121025,人事費用支出,歐盈楨,E22*******,0.00,2000.00,,,,綁布條工資-二林區,金錢,彰化縣芳苑鄉****,,否,,,,,,,
89,謝衣鳯,113年立法委員選舉,首次申報,1121025,人事費用支出,陳秋豐,N12*******,0.00,4000.00,,,,綁布條工資-二林區,金錢,彰化縣芳苑鄉****,,否,,,,,,,
90,謝衣鳯,113年立法委員選舉,首次申報,1121025,人事費用支出,李俊德,N12*******,0.00,4500.00,,,,綁布條工資-溪州區,金錢,彰化縣溪州鄉****,,否,,,,,,,
91,謝衣鳯,113年立法委員選舉,首次申報,1121025,人事費用支出,徐宇玟,N22*******,0.00,4500.00,,,,綁布條工資-溪湖區,金錢,彰化縣溪湖鎮****,,否,,,,,,,
92,謝衣鳯,113年立法委員選舉,首次申報,1121031,人事費用支出,林麗芬,F22*******,0.00,1440.00,,,,工讀生薪資(溪州區).-.,金錢,彰化縣田中鎮****,,否,,,,,,,
93,謝衣鳯,113年立法委員選舉,首次申報,1121031,人事費用支出,陳宏朵,L22*******,0.00,720.00,,,,工讀生薪資(溪州區).-.,金錢,彰化縣溪州鄉****,,否,,,,,,,
94,謝衣鳯,113年立法委員選舉,首次申報,1121031,人事費用支出,邱淑月,M22*******,0.00,6480.00,,,,工讀生薪資(溪州區).-.,金錢,彰化縣溪州鄉****,,否,,,,,,,
95,謝衣鳯,113年立法委員選舉,首次申報,1121031,人事費用支出,林鴻榮,N12*******,0.00,1200.00,,,,工讀生薪資(溪州區).-.,金錢,彰化縣溪州鄉****,,否,,,,,,,
96,謝衣鳯,113年立法委員選舉,首次申報,1121031,人事費用支出,洪明全,N12*******,0.00,4100.00,,,,工讀生薪資(溪州區).-.,金錢,彰化縣溪州鄉****,,否,,,,,,,
97,謝衣鳯,113年立法委員選舉,首次申報,1121031,人事費用支出,許原成,N12*******,0.00,2400.00,,,,工讀生薪資(溪州區).-.,金錢,彰化縣埤頭鄉****,,否,,,,,,,
98,謝衣鳯,113年立法委員選舉,首次申報,1121031,人事費用支出,李俊德,N12*******,0.00,600.00,,,,工讀生薪資(溪州區).-.,金錢,彰化縣溪州鄉****,,否,,,,,,,
99,謝衣鳯,113年立法委員選舉,首次申報,1121031,人事費用支出,朱添銘,N12*******,0.00,15600.00,,,,工讀生薪資(溪州區).-.,金錢,彰化縣永靖鄉****,,否,,,,,,,
100,謝衣鳯,113年立法委員選舉,首次申報,1121031,人事費用支出,孫忠華,N12*******,0.00,17280.00,,,,工讀生薪資(溪湖區).-.,金錢,彰化縣埤頭鄉****,,否,,,,,,,
101,謝衣鳯,113年立法委員選舉,首次申報,1121031,人事費用支出,謝鴻模,N12*******,0.00,4320.00,,,,工讀生薪資(溪湖區).-.,金錢,彰化縣溪湖鎮****,,否,,,,,,,
102,謝衣鳯,113年立法委員選舉,首次申報,1121031,人事費用支出,鐘朝威,N12*******,0.00,6000.00,,,,工讀生薪資(溪湖區).-.,金錢,彰化縣埔心鄉****,,否,,,,,,,
103,謝衣鳯,113年立法委員選舉,首次申報,1121031,人事費用支出,石國銘,N12*******,0.00,16200.00,,,,工讀生薪資(溪湖區).-.,金錢,彰化縣埔鹽鄉****,,否,,,,,,,
104,謝衣鳯,113年立法委員選舉,首次申報,1121031,人事費用支出,陳李素綿,N20*******,0.00,6300.00,,,,工讀生薪資(溪湖區).-.,金錢,彰化縣溪湖鎮****,,否,,,,,,,
105,謝衣鳯,113年立法委員選舉,首次申報,1121031,人事費用支出,徐宇玟,N22*******,0.00,13680.00,,,,工讀生薪資(溪湖區).-.,金錢,彰化縣溪湖鎮****,,否,,,,,,,
106,謝衣鳯,113年立法委員選舉,首次申報,1121031,人事費用支出,梁菁心,N22*******,0.00,1800.00,,,,工讀生薪資(溪湖區).-.,金錢,彰化縣溪湖鎮****,,否,,,,,,,
107,謝衣鳯,113年立法委員選舉,首次申報,1121031,人事費用支出,陳裙,N22*******,0.00,1890.00,,,,工讀生薪資(溪湖區).-.,金錢,彰化縣溪湖鎮****,,否,,,,,,,
108,謝衣鳯,113年立法委員選舉,首次申報,1121031,人事費用支出,蕭美琦,N22*******,0.00,4410.00,,,,工讀生薪資(溪湖區).-.,金錢,彰化縣田中鎮****,,否,,,,,,,
109,謝衣鳯,113年立法委員選舉,首次申報,1121031,人事費用支出,洪素琴,N22*******,0.00,10980.00,,,,工讀生薪資(溪湖區).-.,金錢,彰化縣員林市****,,否,,,,,,,
110,謝衣鳯,113年立法委員選舉,首次申報,1121031,人事費用支出,李佳珮,N22*******,0.00,6750.00,,,,工讀生薪資(溪湖區).-.,金錢,彰化縣埔鹽鄉****,,否,,,,,,,
111,謝衣鳯,113年立法委員選舉,首次申報,1121031,人事費用支出,陳菁袖,N22*******,0.00,2520.00,,,,工讀生薪資(溪湖區).-.,金錢,彰化縣埔鹽鄉****,,否,,,,,,,
112,謝衣鳯,113年立法委員選舉,首次申報,1121031,人事費用支出,林千喜,N22*******,0.00,7380.00,,,,工讀生薪資(溪州區).-.,金錢,彰化縣溪州鄉****,,否,,,,,,,
113,謝衣鳯,113年立法委員選舉,首次申報,1121031,人事費用支出,林素娥,N22*******,0.00,9810.00,,,,工讀生薪資(溪州區).-.,金錢,彰化縣溪州鄉****,,否,,,,,,,
114,謝衣鳯,113年立法委員選舉,首次申報,1121031,人事費用支出,王翊君,N22*******,0.00,8370.00,,,,工讀生薪資(溪州區).-.,金錢,彰化縣溪州鄉****,,否,,,,,,,
115,謝衣鳯,113年立法委員選舉,首次申報,1121031,人事費用支出,張穎宜,N22*******,0.00,6390.00,,,,工讀生薪資(溪州區).-.,金錢,彰化縣溪州鄉****,,否,,,,,,,
116,謝衣鳯,113年立法委員選舉,首次申報,1121031,人事費用支出,劉美君,N22*******,0.00,14130.00,,,,工讀生薪資(溪湖區).-.,金錢,彰化縣埤頭鄉****,,否,,,,,,,
117,謝衣鳯,113年立法委員選舉,首次申報,1121031,人事費用支出,陳秋玉,N22*******,0.00,720.00,,,,工讀生薪資(溪州區).-.,金錢,彰化縣溪州鄉****,,否,,,,,,,
118,謝衣鳯,113年立法委員選舉,首次申報,1121031,人事費用支出,余寶琳,N22*******,0.00,2700.00,,,,工讀生薪資(溪州區).-.,金錢,彰化縣員林市****,,否,,,,,,,
119,謝衣鳯,113年立法委員選舉,首次申報,1121031,人事費用支出,黃淑惠,N22*******,0.00,2970.00,,,,工讀生薪資(溪州區).-.,金錢,彰化縣北斗鎮****,,否,,,,,,,
120,謝衣鳯,113年立法委員選舉,首次申報,1121031,人事費用支出,林雅惠,N22*******,0.00,4500.00,,,,工讀生薪資(溪州區).-.,金錢,彰化縣溪州鄉****,,否,,,,,,,
121,謝衣鳯,113年立法委員選舉,首次申報,1121031,人事費用支出,陳佳宜,N22*******,0.00,2880.00,,,,工讀生薪資(溪州區).-.,金錢,彰化縣北斗鎮****,,否,,,,,,,
122,謝衣鳯,113年立法委員選舉,首次申報,1121031,人事費用支出,鐘立庭,N22*******,0.00,1620.00,,,,工讀生薪資(溪湖區).-.,金錢,彰化縣埔心鄉****,,否,,,,,,,
123,謝衣鳯,113年立法委員選舉,首次申報,1121031,人事費用支出,陳靜瑩,N22*******,0.00,3060.00,,,,工讀生薪資(溪湖區).-.,金錢,彰化縣埔心鄉****,,否,,,,,,,
124,謝衣鳯,113年立法委員選舉,首次申報,1121031,人事費用支出,劉秋萍,N22*******,0.00,720.00,,,,工讀生薪資(溪州區).-.,金錢,彰化縣溪州鄉****,,否,,,,,,,
125,謝衣鳯,113年立法委員選舉,首次申報,1121031,人事費用支出,謝秋玉,N22*******,0.00,1440.00,,,,工讀生薪資(溪州區).-.,金錢,彰化縣溪州鄉****,,否,,,,,,,
126,謝衣鳯,113年立法委員選舉,首次申報,1121031,人事費用支出,陳淑姿,N22*******,0.00,1440.00,,,,工讀生薪資(溪州區).-.,金錢,彰化縣溪州鄉****,,否,,,,,,,
127,謝衣鳯,113年立法委員選舉,首次申報,1121031,人事費用支出,呂瑜,N22*******,0.00,720.00,,,,工讀生薪資(溪州區).-.,金錢,彰化縣溪州鄉****,,否,,,,,,,
128,謝衣鳯,113年立法委員選舉,首次申報,1121031,人事費用支出,劉美惠,N22*******,0.00,720.00,,,,工讀生薪資(溪州區).-.,金錢,彰化縣溪州鄉****,,否,,,,,,,
129,謝衣鳯,113年立法委員選舉,首次申報,1121031,人事費用支出,翁婉庭,Q22*******,0.00,720.00,,,,工讀生薪資(溪州區).-.,金錢,彰化縣溪州鄉****,,否,,,,,,,
130,謝衣鳯,113年立法委員選舉,首次申報,1121031,人事費用支出,陸海蘭,Q22*******,0.00,10530.00,,,,工讀生薪資(溪湖區).-.,金錢,彰化縣埔心鄉****,,否,,,,,,,
131,謝衣鳯,113年立法委員選舉,首次申報,1121101,宣傳支出,金順紙業有限公司,13036488,0.00,116556.00,,,,特製面紙一批,金錢,彰化縣花壇鄉****,04-7*****,否,,,,,,,
132,謝衣鳯,113年立法委員選舉,首次申報,1121101,宣傳支出,萌泰有限公司,80550701,0.00,124652.00,,,,桶裝水一批,金錢,臺中市大里區****,0422*****,否,,,,,,,
133,謝衣鳯,113年立法委員選舉,首次申報,1121107,宣傳支出,德晟實業有限公司,83157082,0.00,84840.00,,,,口罩一批,金錢,彰化縣二林鎮****,,否,,,,,,,
134,謝衣鳯,113年立法委員選舉,首次申報,1121110,人事費用支出,黃敏忠,N12*******,0.00,36000.00,,,,廣告宣傳車.-.,金錢,彰化縣溪州鄉****,,否,,,,,,,
135,謝衣鳯,113年立法委員選舉,首次申報,1121110,人事費用支出,陳秋豐,N12*******,0.00,29700.00,,,,廣告宣傳車.-.,金錢,彰化縣芳苑鄉****,,否,,,,,,,
136,謝衣鳯,113年立法委員選舉,首次申報,1121110,人事費用支出,黃莉媛,N22*******,0.00,18900.00,,,,廣告宣傳車.-.,金錢,彰化縣埔心鄉****,,否,,,,,,,
137,謝衣鳯,113年立法委員選舉,首次申報,1121110,人事費用支出,張淑惠,P22*******,0.00,25200.00,,,,廣告宣傳車.-.,金錢,彰化縣溪州鄉****,,否,,,,,,,
138,謝衣鳯,113年立法委員選舉,首次申報,1121115,宣傳支出,國榮廣告材料行,06145290,0.00,534307.00,,,,廣告噴圖,金錢,南投縣竹山鎮****,,否,,,,,,,
139,謝衣鳯,113年立法委員選舉,首次申報,1121115,人事費用支出,宮業美,B22*******,0.00,23040.00,,,,工讀生二林區/~/,金錢,彰化縣大城鄉****,,否,,,,,,,
140,謝衣鳯,113年立法委員選舉,首次申報,1121115,人事費用支出,汪慧貞,D22*******,0.00,900.00,,,,工讀生二林區/~/,金錢,彰化縣二林鎮****,,否,,,,,,,
141,謝衣鳯,113年立法委員選舉,首次申報,1121115,人事費用支出,黃秀枝,E20*******,0.00,7020.00,,,,工讀生二林區/~/,金錢,彰化縣大城鄉****,,否,,,,,,,
142,謝衣鳯,113年立法委員選舉,首次申報,1121115,人事費用支出,陳福欽,F12*******,0.00,1710.00,,,,工讀生二林區/~/,金錢,彰化縣二林鎮****,,否,,,,,,,
143,謝衣鳯,113年立法委員選舉,首次申報,1121115,人事費用支出,周玉鈴,F22*******,0.00,2520.00,,,,工讀生二林區/~/,金錢,彰化縣竹塘鄉****,,否,,,,,,,
144,謝衣鳯,113年立法委員選舉,首次申報,1121115,人事費用支出,蘇佳蓉,F22*******,0.00,2520.00,,,,工讀生二林區/~/,金錢,彰化縣二林鎮****,,否,,,,,,,
145,謝衣鳯,113年立法委員選舉,首次申報,1121115,人事費用支出,譚瑭蓁,K22*******,0.00,1260.00,,,,工讀生二林區/~/,金錢,彰化縣芳苑鄉****,,否,,,,,,,
146,謝衣鳯,113年立法委員選舉,首次申報,1121115,人事費用支出,薛美雲,L20*******,0.00,2880.00,,,,工讀生二林區/~/,金錢,彰化縣竹塘鄉****,,否,,,,,,,
147,謝衣鳯,113年立法委員選舉,首次申報,1121115,人事費用支出,馬水英,L22*******,0.00,540.00,,,,工讀生二林區/~/,金錢,彰化縣芳苑鄉****,,否,,,,,,,
148,謝衣鳯,113年立法委員選舉,首次申報,1121115,人事費用支出,林詩涵,M22*******,0.00,4140.00,,,,工讀生二林區/~/,金錢,彰化縣芳苑鄉****,,否,,,,,,,
149,謝衣鳯,113年立法委員選舉,首次申報,1121115,人事費用支出,李文吉,N10*******,0.00,2520.00,,,,工讀生二林區/~/,金錢,彰化縣竹塘鄉****,,否,,,,,,,
150,謝衣鳯,113年立法委員選舉,首次申報,1121115,人事費用支出,王元亨,N12*******,0.00,2520.00,,,,工讀生二林區/~/,金錢,彰化縣竹塘鄉****,,否,,,,,,,
151,謝衣鳯,113年立法委員選舉,首次申報,1121115,人事費用支出,吳其恩,N12*******,0.00,8280.00,,,,工讀生二林區/~/,金錢,彰化縣二林鎮****,,否,,,,,,,
152,謝衣鳯,113年立法委員選舉,首次申報,1121115,人事費用支出,陳展翼,N12*******,0.00,4050.00,,,,工讀生二林區/~/,金錢,彰化縣二林鎮****,,否,,,,,,,
153,謝衣鳯,113年立法委員選舉,首次申報,1121115,人事費用支出,陳品勝,N12*******,0.00,16020.00,,,,工讀生二林區/~/,金錢,彰化縣二林鎮****,,否,,,,,,,
154,謝衣鳯,113年立法委員選舉,首次申報,1121115,人事費用支出,曾煥閔,N12*******,0.00,18720.00,,,,工讀生二林區/~/,金錢,彰化縣二林鎮****,,否,,,,,,,
155,謝衣鳯,113年立法委員選舉,首次申報,1121115,人事費用支出,洪清萬,N12*******,0.00,9720.00,,,,工讀生二林區/~/,金錢,彰化縣二林鎮****,,否,,,,,,,
156,謝衣鳯,113年立法委員選舉,首次申報,1121115,人事費用支出,陳秋豐,N12*******,0.00,2160.00,,,,工讀生二林區/~/,金錢,彰化縣芳苑鄉****,,否,,,,,,,
157,謝衣鳯,113年立法委員選舉,首次申報,1121115,人事費用支出,陳柏緯,N12*******,0.00,2520.00,,,,工讀生二林區/~/,金錢,彰化縣竹塘鄉****,,否,,,,,,,
158,謝衣鳯,113年立法委員選舉,首次申報,1121115,人事費用支出,吳駿凱,N12*******,0.00,810.00,,,,工讀生二林區/~/,金錢,彰化縣大城鄉****,,否,,,,,,,
159,謝衣鳯,113年立法委員選舉,首次申報,1121115,人事費用支出,歐文州,N12*******,0.00,14220.00,,,,工讀生二林區/~/,金錢,彰化縣竹塘鄉****,,否,,,,,,,
160,謝衣鳯,113年立法委員選舉,首次申報,1121115,人事費用支出,王祐璟,N12*******,0.00,5400.00,,,,工讀生二林區/~/,金錢,彰化縣大城鄉****,,否,,,,,,,
161,謝衣鳯,113年立法委員選舉,首次申報,1121115,人事費用支出,彭右寧,N12*******,0.00,2520.00,,,,工讀生二林區/~/,金錢,彰化縣大城鄉****,,否,,,,,,,
162,謝衣鳯,113年立法委員選舉,首次申報,1121115,人事費用支出,張麗香,N20*******,0.00,9000.00,,,,工讀生二林區/~/,金錢,彰化縣大城鄉****,,否,,,,,,,
163,謝衣鳯,113年立法委員選舉,首次申報,1121115,人事費用支出,蔡敏,N20*******,0.00,2520.00,,,,工讀生二林區/~/,金錢,彰化縣大城鄉****,,否,,,,,,,
164,謝衣鳯,113年立法委員選舉,首次申報,1121115,人事費用支出,陳金葉,N20*******,0.00,2520.00,,,,工讀生二林區/~/,金錢,彰化縣竹塘鄉****,,否,,,,,,,
165,謝衣鳯,113年立法委員選舉,首次申報,1121115,人事費用支出,莊彩祝,N20*******,0.00,2520.00,,,,工讀生二林區/~/,金錢,彰化縣竹塘鄉****,,否,,,,,,,
166,謝衣鳯,113年立法委員選舉,首次申報,1121115,人事費用支出,洪秀蓮,N20*******,0.00,4410.00,,,,工讀生二林區/~/,金錢,彰化縣二林鎮****,,否,,,,,,,
167,謝衣鳯,113年立法委員選舉,首次申報,1121115,人事費用支出,吳等,N20*******,0.00,630.00,,,,工讀生二林區/~/,金錢,彰化縣二林鎮****,,否,,,,,,,
168,謝衣鳯,113年立法委員選舉,首次申報,1121115,人事費用支出,廖玉美,N20*******,0.00,2520.00,,,,工讀生二林區/~/,金錢,彰化縣竹塘鄉****,,否,,,,,,,
169,謝衣鳯,113年立法委員選舉,首次申報,1121115,人事費用支出,李顏玉珍,N20*******,0.00,2520.00,,,,工讀生二林區/~/,金錢,彰化縣竹塘鄉****,,否,,,,,,,
170,謝衣鳯,113年立法委員選舉,首次申報,1121115,人事費用支出,林為訓,N20*******,0.00,2520.00,,,,工讀生二林區/~/,金錢,彰化縣竹塘鄉****,,否,,,,,,,
171,謝衣鳯,113年立法委員選舉,首次申報,1121115,人事費用支出,蔡永綺,N22*******,0.00,2520.00,,,,工讀生二林區/~/,金錢,彰化縣竹塘鄉****,,否,,,,,,,
172,謝衣鳯,113年立法委員選舉,首次申報,1121115,人事費用支出,胡玉蘭,N22*******,0.00,1620.00,,,,工讀生二林區/~/,金錢,彰化縣竹塘鄉****,,否,,,,,,,
173,謝衣鳯,113年立法委員選舉,首次申報,1121115,人事費用支出,黃雅惠,N22*******,0.00,2520.00,,,,工讀生二林區/~/,金錢,彰化縣芳苑鄉****,,否,,,,,,,
174,謝衣鳯,113年立法委員選舉,首次申報,1121115,人事費用支出,楊麗玉,N22*******,0.00,2520.00,,,,工讀生二林區/~/,金錢,彰化縣芳苑鄉****,,否,,,,,,,
175,謝衣鳯,113年立法委員選舉,首次申報,1121115,人事費用支出,李芷軒,N22*******,0.00,630.00,,,,工讀生二林區/~/,金錢,彰化縣二林鎮****,,否,,,,,,,
176,謝衣鳯,113年立法委員選舉,首次申報,1121115,人事費用支出,黃秋萍,N22*******,0.00,7290.00,,,,工讀生二林區/~/,金錢,彰化縣二林鎮****,,否,,,,,,,
177,謝衣鳯,113年立法委員選舉,首次申報,1121115,人事費用支出,蔡涵琳,N22*******,0.00,1350.00,,,,工讀生二林區/~/,金錢,彰化縣二林鎮****,,否,,,,,,,
178,謝衣鳯,113年立法委員選舉,首次申報,1121115,人事費用支出,洪翊綺,N22*******,0.00,3060.00,,,,工讀生二林區/~/,金錢,彰化縣二林鎮****,,否,,,,,,,
179,謝衣鳯,113年立法委員選舉,首次申報,1121115,人事費用支出,林璟玲,N22*******,0.00,8910.00,,,,工讀生二林區/~/,金錢,彰化縣芳苑鄉****,,否,,,,,,,
180,謝衣鳯,113年立法委員選舉,首次申報,1121115,人事費用支出,楊靜瑜,N22*******,0.00,1890.00,,,,工讀生二林區/~/,金錢,彰化縣大城鄉****,,否,,,,,,,
181,謝衣鳯,113年立法委員選舉,首次申報,1121115,人事費用支出,王瓊華,N22*******,0.00,9450.00,,,,工讀生二林區/~/,金錢,彰化縣二林鎮****,,否,,,,,,,
182,謝衣鳯,113年立法委員選舉,首次申報,1121115,人事費用支出,蔡函潾,N22*******,0.00,6840.00,,,,工讀生二林區/~/,金錢,彰化縣二林鎮****,,否,,,,,,,
183,謝衣鳯,113年立法委員選舉,首次申報,1121115,人事費用支出,林玉娟,N22*******,0.00,9270.00,,,,工讀生二林區/~/,金錢,彰化縣二林鎮****,,否,,,,,,,
184,謝衣鳯,113年立法委員選舉,首次申報,1121115,人事費用支出,傅虹,N22*******,0.00,360.00,,,,工讀生二林區/~/,金錢,彰化縣芳苑鄉****,,否,,,,,,,
185,謝衣鳯,113年立法委員選舉,首次申報,1121115,人事費用支出,洪賢春,N22*******,0.00,3780.00,,,,工讀生二林區/~/,金錢,彰化縣二林鎮****,,否,,,,,,,
186,謝衣鳯,113年立法委員選舉,首次申報,1121115,人事費用支出,曾金燕,N22*******,0.00,450.00,,,,工讀生二林區/~/,金錢,彰化縣二林鎮****,,否,,,,,,,
187,謝衣鳯,113年立法委員選舉,首次申報,1121115,人事費用支出,陳麗娟,N22*******,0.00,540.00,,,,工讀生二林區/~/,金錢,彰化縣二林鎮****,,否,,,,,,,
188,謝衣鳯,113年立法委員選舉,首次申報,1121115,人事費用支出,楊美玉,N22*******,0.00,2520.00,,,,工讀生二林區/~/,金錢,彰化縣竹塘鄉****,,否,,,,,,,
189,謝衣鳯,113年立法委員選舉,首次申報,1121115,人事費用支出,李緁玲,N22*******,0.00,2520.00,,,,工讀生二林區/~/,金錢,彰化縣竹塘鄉****,,否,,,,,,,
190,謝衣鳯,113年立法委員選舉,首次申報,1121115,人事費用支出,顏阿蕉,N22*******,0.00,2520.00,,,,工讀生二林區/~/,金錢,彰化縣大城鄉****,,否,,,,,,,
191,謝衣鳯,113年立法委員選舉,首次申報,1121115,人事費用支出,許阿密,N22*******,0.00,9540.00,,,,工讀生二林區/~/,金錢,彰化縣竹塘鄉****,,否,,,,,,,
192,謝衣鳯,113年立法委員選舉,首次申報,1121115,人事費用支出,歐宜蓁,N22*******,0.00,5130.00,,,,工讀生二林區/~/,金錢,彰化縣竹塘鄉****,,否,,,,,,,
193,謝衣鳯,113年立法委員選舉,首次申報,1121115,人事費用支出,蔡榮華,N22*******,0.00,810.00,,,,工讀生二林區/~/,金錢,彰化縣芳苑鄉****,,否,,,,,,,
194,謝衣鳯,113年立法委員選舉,首次申報,1121115,人事費用支出,王美鳳,N22*******,0.00,810.00,,,,工讀生二林區/~/,金錢,彰化縣芳苑鄉****,,否,,,,,,,
195,謝衣鳯,113年立法委員選舉,首次申報,1121115,人事費用支出,劉淑琴,N22*******,0.00,810.00,,,,工讀生二林區/~/,金錢,彰化縣芳苑鄉****,,否,,,,,,,
196,謝衣鳯,113年立法委員選舉,首次申報,1121115,人事費用支出,洪宇倩,N22*******,0.00,1710.00,,,,工讀生二林區/~/,金錢,彰化縣芳苑鄉****,,否,,,,,,,
197,謝衣鳯,113年立法委員選舉,首次申報,1121115,人事費用支出,顏油美,N22*******,0.00,4140.00,,,,工讀生二林區/~/,金錢,彰化縣大城鄉****,,否,,,,,,,
198,謝衣鳯,113年立法委員選舉,首次申報,1121115,人事費用支出,洪燕秋,N22*******,0.00,1710.00,,,,工讀生二林區/~/,金錢,彰化縣大城鄉****,,否,,,,,,,
199,謝衣鳯,113年立法委員選舉,首次申報,1121115,人事費用支出,蔡沛璇,N22*******,0.00,4140.00,,,,工讀生二林區/~/,金錢,彰化縣大城鄉****,,否,,,,,,,
200,謝衣鳯,113年立法委員選舉,首次申報,1121115,人事費用支出,張妤璇,N22*******,0.00,1890.00,,,,工讀生二林區/~/,金錢,彰化縣二林鎮****,,否,,,,,,,
201,謝衣鳯,113年立法委員選舉,首次申報,1121115,人事費用支出,蔡彩玉,N22*******,0.00,2520.00,,,,工讀生二林區/~/,金錢,彰化縣二林鎮****,,否,,,,,,,
202,謝衣鳯,113年立法委員選舉,首次申報,1121115,人事費用支出,詹茹聿,N22*******,0.00,6480.00,,,,工讀生二林區/~/,金錢,彰化縣二林鎮****,,否,,,,,,,
203,謝衣鳯,113年立法委員選舉,首次申報,1121115,人事費用支出,洪芊燡,N22*******,0.00,4590.00,,,,工讀生二林區/~/,金錢,彰化縣二林鎮****,,否,,,,,,,
204,謝衣鳯,113年立法委員選舉,首次申報,1121115,人事費用支出,謝孟育,N22*******,0.00,14850.00,,,,工讀生二林區/~/,金錢,彰化縣二林鎮****,,否,,,,,,,
205,謝衣鳯,113年立法委員選舉,首次申報,1121115,人事費用支出,謝淯紜,N22*******,0.00,8010.00,,,,工讀生二林區/~/,金錢,彰化縣二林鎮****,,否,,,,,,,
206,謝衣鳯,113年立法委員選舉,首次申報,1121115,人事費用支出,陳立云,N29*******,0.00,3240.00,,,,工讀生二林區/~/,金錢,彰化縣二林鎮****,,否,,,,,,,
207,謝衣鳯,113年立法委員選舉,首次申報,1121115,人事費用支出,關碧蓉,N29*******,0.00,3960.00,,,,工讀生二林區/~/,金錢,彰化縣大城鄉****,,否,,,,,,,
208,謝衣鳯,113年立法委員選舉,首次申報,1121115,人事費用支出,李仟仟,N29*******,0.00,5310.00,,,,工讀生二林區/~/,金錢,彰化縣芳苑鄉****,,否,,,,,,,
209,謝衣鳯,113年立法委員選舉,首次申報,1121115,人事費用支出,潘勇妹,N29*******,0.00,3600.00,,,,工讀生二林區/~/,金錢,彰化縣芳苑鄉****,,否,,,,,,,
210,謝衣鳯,113年立法委員選舉,首次申報,1121115,人事費用支出,葉玲,N29*******,0.00,6930.00,,,,工讀生二林區/~/,金錢,彰化縣芳苑鄉****,,否,,,,,,,
211,謝衣鳯,113年立法委員選舉,首次申報,1121115,人事費用支出,周小琴,N29*******,0.00,6570.00,,,,工讀生二林區/~/,金錢,彰化縣芳苑鄉****,,否,,,,,,,
212,謝衣鳯,113年立法委員選舉,首次申報,1121115,人事費用支出,楊麗萍,N29*******,0.00,6570.00,,,,工讀生二林區/~/,金錢,彰化縣芳苑鄉****,,否,,,,,,,
213,謝衣鳯,113年立法委員選舉,首次申報,1121115,人事費用支出,魏小芳,N29*******,0.00,29070.00,,,,工讀生二林區/~/,金錢,彰化縣芳苑鄉****,,否,,,,,,,
214,謝衣鳯,113年立法委員選舉,首次申報,1121115,人事費用支出,林秋紅,N29*******,0.00,7290.00,,,,工讀生二林區/~/,金錢,彰化縣芳苑鄉****,,否,,,,,,,
215,謝衣鳯,113年立法委員選舉,首次申報,1121115,人事費用支出,姜小利,N99*******,0.00,720.00,,,,工讀生二林區/~/,金錢,彰化縣二林鎮****,,否,,,,,,,
216,謝衣鳯,113年立法委員選舉,首次申報,1121115,人事費用支出,馬靜,NB2*******,0.00,720.00,,,,工讀生二林區/~/,金錢,彰化縣二林鎮****,,否,,,,,,,
217,謝衣鳯,113年立法委員選舉,首次申報,1121115,人事費用支出,莊梅清,NB2*******,0.00,1800.00,,,,工讀生二林區/~/,金錢,彰化縣大城鄉****,,否,,,,,,,
218,謝衣鳯,113年立法委員選舉,首次申報,1121115,人事費用支出,沈美娟,P22*******,0.00,6390.00,,,,工讀生二林區/~/,金錢,彰化縣二林鎮****,,否,,,,,,,
219,謝衣鳯,113年立法委員選舉,首次申報,1121115,人事費用支出,王淑玲,P22*******,0.00,540.00,,,,工讀生二林區/~/,金錢,彰化縣二林鎮****,,否,,,,,,,
220,謝衣鳯,113年立法委員選舉,首次申報,1121115,人事費用支出,蔡明惠,P22*******,0.00,7200.00,,,,工讀生二林區/~/,金錢,彰化縣大城鄉****,,否,,,,,,,
221,謝衣鳯,113年立法委員選舉,首次申報,1121115,人事費用支出,林宥群,Q12*******,0.00,1620.00,,,,工讀生二林區/~/,金錢,彰化縣竹塘鄉****,,否,,,,,,,
222,謝衣鳯,113年立法委員選舉,首次申報,1121115,人事費用支出,張芳伶,Q22*******,0.00,2880.00,,,,工讀生二林區/~/,金錢,彰化縣二林鎮****,,否,,,,,,,
223,謝衣鳯,113年立法委員選舉,首次申報,1121115,人事費用支出,邱美英,T22*******,0.00,5400.00,,,,工讀生二林區/~/,金錢,彰化縣大城鄉****,,否,,,,,,,
224,謝衣鳯,113年立法委員選舉,首次申報,1121115,人事費用支出,葉秀鑾,T22*******,0.00,4500.00,,,,工讀生二林區/~/,金錢,彰化縣大城鄉****,,否,,,,,,,
225,謝衣鳯,113年立法委員選舉,首次申報,1121115,人事費用支出,呂秋蓁,X22*******,0.00,2340.00,,,,工讀生二林區/~/,金錢,高雄市新光路****,,否,,,,,,,
226,謝衣鳯,113年立法委員選舉,首次申報,1121115,人事費用支出,陳彩珠,Y22*******,0.00,2520.00,,,,工讀生二林區/~/,金錢,彰化縣竹塘鄉****,,否,,,,,,,
227,謝衣鳯,113年立法委員選舉,首次申報,1121120,人事費用支出,楊龍杉,N12*******,0.00,16800.00,,,,廣告宣傳車.-.,金錢,彰化縣北斗鎮****,,否,,,,,,,
228,謝衣鳯,113年立法委員選舉,首次申報,1121120,人事費用支出,李順良,N12*******,0.00,16800.00,,,,廣告宣傳車.-.,金錢,彰化縣溪湖鎮****,,否,,,,,,,
229,謝衣鳯,113年立法委員選舉,首次申報,1121120,人事費用支出,游金章,N12*******,0.00,16800.00,,,,廣告宣傳車.-.,金錢,彰化縣埔心鄉****,,否,,,,,,,
230,謝衣鳯,113年立法委員選舉,首次申報,1121120,人事費用支出,陳秋豐,N12*******,0.00,44700.00,,,,廣告宣傳車.-.,金錢,彰化縣芳苑鄉****,,否,,,,,,,
231,謝衣鳯,113年立法委員選舉,首次申報,1121120,人事費用支出,陳品勝,N12*******,0.00,16800.00,,,,廣告宣傳車.-.,金錢,彰化縣二林鎮****,,否,,,,,,,
232,謝衣鳯,113年立法委員選舉,首次申報,1121120,人事費用支出,林菜籃,N12*******,0.00,16800.00,,,,廣告宣傳車.-.,金錢,彰化縣大城鄉****,,否,,,,,,,
233,謝衣鳯,113年立法委員選舉,首次申報,1121120,人事費用支出,曾煥閔,N12*******,0.00,16800.00,,,,廣告宣傳車.-.,金錢,彰化縣二林鎮****,,否,,,,,,,
234,謝衣鳯,113年立法委員選舉,首次申報,1121120,人事費用支出,黃敏忠,N12*******,0.00,36000.00,,,,廣告宣傳車.-.,金錢,彰化縣溪州鄉****,,否,,,,,,,
235,謝衣鳯,113年立法委員選舉,首次申報,1121120,人事費用支出,黃春,N20*******,0.00,16800.00,,,,廣告宣傳車.-.,金錢,彰化縣溪州鄉****,,否,,,,,,,
236,謝衣鳯,113年立法委員選舉,首次申報,1121120,人事費用支出,黃莉媛,N22*******,0.00,42000.00,,,,廣告宣傳車.-.,金錢,彰化縣埔心鄉****,,否,,,,,,,
237,謝衣鳯,113年立法委員選舉,首次申報,1121120,人事費用支出,張淑惠,P22*******,0.00,42000.00,,,,廣告宣傳車.-.,金錢,彰化縣溪州鄉****,,否,,,,,,,
238,謝衣鳯,113年立法委員選舉,首次申報,1121122,宣傳支出,三禾企業社,26947353,0.00,31710.00,,,,鷹架工程,金錢,南投縣南投市****,0932*****,否,,,,,,,
239,謝衣鳯,113年立法委員選舉,首次申報,1121129,集會支出,原體燈光音響行,67740980,0.00,5000.00,,,,租用背景架,金錢,彰化縣員林市****,04-8*****,否,,,,,,,
240,謝衣鳯,113年立法委員選舉,首次申報,1121205,宣傳支出,彩星旗幟廣告有限公司,80606563,0.00,63000.00,,,,布條一批,金錢,彰化縣田尾鄉****,04-8*****,否,,,,,,,
241,謝衣鳯,113年立法委員選舉,首次申報,1121207,宣傳支出,彩星旗幟廣告有限公司,80606563,0.00,170100.00,,,,旗幟、背心,金錢,彰化縣田尾鄉****,04-8*****,否,,,,,,,
242,謝衣鳯,113年立法委員選舉,首次申報,1121208,宣傳支出,彩星旗幟廣告有限公司,80606563,0.00,30975.00,,,,布條一批,金錢,彰化縣田尾鄉****,04-8*****,否,,,,,,,
243,謝衣鳯,113年立法委員選舉,首次申報,1121210,人事費用支出,陳秋豐,N12*******,0.00,42300.00,,,,廣告宣傳車.-.,金錢,彰化縣芳苑鄉****,,否,,,,,,,
244,謝衣鳯,113年立法委員選舉,首次申報,1121210,人事費用支出,陳品勝,N12*******,0.00,43200.00,,,,廣告宣傳車.-.,金錢,彰化縣二林鎮****,,否,,,,,,,
245,謝衣鳯,113年立法委員選舉,首次申報,1121210,人事費用支出,林菜籃,N12*******,0.00,42600.00,,,,廣告宣傳車.-.,金錢,彰化縣大城鄉****,,否,,,,,,,
246,謝衣鳯,113年立法委員選舉,首次申報,1121210,人事費用支出,曾煥閔,N12*******,0.00,42300.00,,,,廣告宣傳車.-.,金錢,彰化縣二林鎮****,,否,,,,,,,
247,謝衣鳯,113年立法委員選舉,首次申報,1121210,人事費用支出,徐宇玟,N22*******,0.00,15000.00,,,,綁布條工資,金錢,彰化縣溪湖鎮****,,否,,,,,,,
248,謝衣鳯,113年立法委員選舉,首次申報,1121211,宣傳支出,彩星旗幟廣告有限公司,80606563,0.00,138075.00,,,,小國旗、旗幟,金錢,彰化縣田尾鄉****,04-8*****,否,,,,,,,
249,謝衣鳯,113年立法委員選舉,首次申報,1121212,返還捐贈支出,典範能源科技有限公司,45123787,0.00,200000.00,,,,返還,金錢,彰化縣二林鎮****,,否,,,,,,,
250,謝衣鳯,113年立法委員選舉,首次申報,1121212,宣傳支出,彩星旗幟廣告有限公司,80606563,0.00,56753.00,,,,會旗、火焰旗,金錢,彰化縣田尾鄉****,04-8*****,否,,,,,,,
251,謝衣鳯,113年立法委員選舉,首次申報,1121213,人事費用支出,宮業美,B22*******,0.00,19080.00,,,,二林區工讀生/~/,金錢,彰化縣大城鄉****,,否,,,,,,,
252,謝衣鳯,113年立法委員選舉,首次申報,1121213,人事費用支出,黃秀枝,E20*******,0.00,5490.00,,,,二林區工讀生/~/,金錢,彰化縣大城鄉****,,否,,,,,,,
253,謝衣鳯,113年立法委員選舉,首次申報,1121213,人事費用支出,歐盈楨,E22*******,0.00,5580.00,,,,二林區工讀生/~/,金錢,彰化縣芳苑鄉****,,否,,,,,,,
254,謝衣鳯,113年立法委員選舉,首次申報,1121213,人事費用支出,周玉鈴,F22*******,0.00,2790.00,,,,二林區工讀生/~/,金錢,彰化縣竹塘鄉****,,否,,,,,,,
255,謝衣鳯,113年立法委員選舉,首次申報,1121213,人事費用支出,薛美雲,L20*******,0.00,2430.00,,,,二林區工讀生/~/,金錢,彰化縣竹塘鄉****,,否,,,,,,,
256,謝衣鳯,113年立法委員選舉,首次申報,1121213,人事費用支出,歐文州,N12*******,0.00,12330.00,,,,二林區工讀生/~/,金錢,彰化縣竹塘鄉****,,否,,,,,,,
257,謝衣鳯,113年立法委員選舉,首次申報,1121213,人事費用支出,王祐璟,N12*******,0.00,5580.00,,,,二林區工讀生/~/,金錢,彰化縣大城鄉****,,否,,,,,,,
258,謝衣鳯,113年立法委員選舉,首次申報,1121213,人事費用支出,彭右寧,N12*******,0.00,20970.00,,,,二林區工讀生/~/,金錢,彰化縣大城鄉****,,否,,,,,,,
259,謝衣鳯,113年立法委員選舉,首次申報,1121213,人事費用支出,吳駿凱,N12*******,0.00,12240.00,,,,二林區工讀生/~/,金錢,彰化縣大城鄉****,,否,,,,,,,
260,謝衣鳯,113年立法委員選舉,首次申報,1121213,人事費用支出,陳柏緯,N12*******,0.00,11340.00,,,,二林區工讀生/~/,金錢,彰化縣竹塘鄉****,,否,,,,,,,
261,謝衣鳯,113年立法委員選舉,首次申報,1121213,人事費用支出,吳其恩,N12*******,0.00,4680.00,,,,二林區工讀生/~/,金錢,彰化縣二林鎮****,,否,,,,,,,
262,謝衣鳯,113年立法委員選舉,首次申報,1121213,人事費用支出,洪清萬,N12*******,0.00,6750.00,,,,二林區工讀生/~/,金錢,彰化縣二林鎮****,,否,,,,,,,
263,謝衣鳯,113年立法委員選舉,首次申報,1121213,人事費用支出,洪秀蓮,N20*******,0.00,9270.00,,,,二林區工讀生/~/,金錢,彰化縣二林鎮****,,否,,,,,,,
264,謝衣鳯,113年立法委員選舉,首次申報,1121213,人事費用支出,張麗香,N20*******,0.00,5850.00,,,,二林區工讀生/~/,金錢,彰化縣大城鄉****,,否,,,,,,,
265,謝衣鳯,113年立法委員選舉,首次申報,1121213,人事費用支出,林璟玲,N22*******,0.00,7830.00,,,,二林區工讀生/~/,金錢,彰化縣芳苑鄉****,,否,,,,,,,
266,謝衣鳯,113年立法委員選舉,首次申報,1121213,人事費用支出,楊靜瑜,N22*******,0.00,14940.00,,,,二林區工讀生/~/,金錢,彰化縣大城鄉****,,否,,,,,,,
267,謝衣鳯,113年立法委員選舉,首次申報,1121213,人事費用支出,洪美真,N22*******,0.00,1980.00,,,,二林區工讀生/~/,金錢,彰化縣芳苑鄉****,,否,,,,,,,
268,謝衣鳯,113年立法委員選舉,首次申報,1121213,人事費用支出,王瓊華,N22*******,0.00,6840.00,,,,二林區工讀生/~/,金錢,彰化縣二林鎮****,,否,,,,,,,
269,謝衣鳯,113年立法委員選舉,首次申報,1121213,人事費用支出,林玉娟,N22*******,0.00,5760.00,,,,二林區工讀生/~/,金錢,彰化縣二林鎮****,,否,,,,,,,
270,謝衣鳯,113年立法委員選舉,首次申報,1121213,人事費用支出,黃秋萍,N22*******,0.00,8820.00,,,,二林區工讀生/~/,金錢,彰化縣二林鎮****,,否,,,,,,,
271,謝衣鳯,113年立法委員選舉,首次申報,1121213,人事費用支出,林雅莉,N22*******,0.00,900.00,,,,二林區工讀生/~/,金錢,彰化縣二林鎮****,,否,,,,,,,
272,謝衣鳯,113年立法委員選舉,首次申報,1121213,人事費用支出,詹茹聿,N22*******,0.00,1170.00,,,,二林區工讀生/~/,金錢,彰化縣二林鎮****,,否,,,,,,,
273,謝衣鳯,113年立法委員選舉,首次申報,1121213,人事費用支出,洪芊燡,N22*******,0.00,2700.00,,,,二林區工讀生/~/,金錢,彰化縣二林鎮****,,否,,,,,,,
274,謝衣鳯,113年立法委員選舉,首次申報,1121213,人事費用支出,謝孟育,N22*******,0.00,6480.00,,,,二林區工讀生/~/,金錢,彰化縣二林鎮****,,否,,,,,,,
275,謝衣鳯,113年立法委員選舉,首次申報,1121213,人事費用支出,謝淯紜,N22*******,0.00,3600.00,,,,二林區工讀生/~/,金錢,彰化縣二林鎮****,,否,,,,,,,
276,謝衣鳯,113年立法委員選舉,首次申報,1121213,人事費用支出,蔡函潾,N22*******,0.00,6120.00,,,,二林區工讀生/~/,金錢,彰化縣二林鎮****,,否,,,,,,,
277,謝衣鳯,113年立法委員選舉,首次申報,1121213,人事費用支出,許阿密,N22*******,0.00,9720.00,,,,二林區工讀生/~/,金錢,彰化縣竹塘鄉****,,否,,,,,,,
278,謝衣鳯,113年立法委員選舉,首次申報,1121213,人事費用支出,歐宜蓁,N22*******,0.00,3600.00,,,,二林區工讀生/~/,金錢,彰化縣竹塘鄉****,,否,,,,,,,
279,謝衣鳯,113年立法委員選舉,首次申報,1121213,人事費用支出,魏小芳,N29*******,0.00,23940.00,,,,二林區工讀生/~/,金錢,彰化縣芳苑鄉****,,否,,,,,,,
280,謝衣鳯,113年立法委員選舉,首次申報,1121213,人事費用支出,林秋紅,N29*******,0.00,8280.00,,,,二林區工讀生/~/,金錢,彰化縣芳苑鄉****,,否,,,,,,,
281,謝衣鳯,113年立法委員選舉,首次申報,1121213,人事費用支出,周少琴,N29*******,0.00,3690.00,,,,二林區工讀生/~/,金錢,彰化縣芳苑鄉****,,否,,,,,,,
282,謝衣鳯,113年立法委員選舉,首次申報,1121213,人事費用支出,楊麗萍,N29*******,0.00,2430.00,,,,二林區工讀生/~/,金錢,彰化縣芳苑鄉****,,否,,,,,,,
283,謝衣鳯,113年立法委員選舉,首次申報,1121213,人事費用支出,蔡明惠,P22*******,0.00,6930.00,,,,二林區工讀生/~/,金錢,彰化縣大城鄉****,,否,,,,,,,
284,謝衣鳯,113年立法委員選舉,首次申報,1121213,人事費用支出,沈美娟,P22*******,0.00,1890.00,,,,二林區工讀生/~/,金錢,彰化縣二林鎮****,,否,,,,,,,
285,謝衣鳯,113年立法委員選舉,首次申報,1121213,人事費用支出,林宥群,Q12*******,0.00,1890.00,,,,二林區工讀生/~/,金錢,彰化縣竹塘鄉****,,否,,,,,,,
286,謝衣鳯,113年立法委員選舉,首次申報,1121213,人事費用支出,朱美魚,T20*******,0.00,810.00,,,,二林區工讀生/~/,金錢,彰化縣芳苑鄉****,,否,,,,,,,
287,謝衣鳯,113年立法委員選舉,首次申報,1121217,集會支出,原體燈光音響行,67740980,0.00,27000.00,,,,流動廁所,金錢,彰化縣員林市****,04-8*****,否,,,,,,,
288,謝衣鳯,113年立法委員選舉,首次申報,1121220,人事費用支出,林順良,N12*******,0.00,72450.00,,,,廣告宣傳車-溪湖區,金錢,彰化縣溪湖鎮****,,否,,,,,,,
289,謝衣鳯,113年立法委員選舉,首次申報,1121220,人事費用支出,游金章,N12*******,0.00,63000.00,,,,廣告宣傳車-溪湖區,金錢,彰化縣埔心鄉****,,否,,,,,,,
290,謝衣鳯,113年立法委員選舉,首次申報,1121220,人事費用支出,黃敏忠,N12*******,0.00,54000.00,,,,廣告宣傳車-溪州區,金錢,彰化縣溪州鄉****,,否,,,,,,,
291,謝衣鳯,113年立法委員選舉,首次申報,1121220,人事費用支出,楊龍杉,N12*******,0.00,63300.00,,,,廣告宣傳車-溪州區,金錢,彰化縣北斗鎮****,,否,,,,,,,
292,謝衣鳯,113年立法委員選舉,首次申報,1121220,人事費用支出,陳秋豐,N12*******,0.00,21600.00,,,,廣告宣傳車-二林區,金錢,彰化縣芳苑鄉****,,否,,,,,,,
293,謝衣鳯,113年立法委員選舉,首次申報,1121220,人事費用支出,陳品勝,N12*******,0.00,21600.00,,,,廣告宣傳車-二林區,金錢,彰化縣二林鎮****,,否,,,,,,,
294,謝衣鳯,113年立法委員選舉,首次申報,1121220,人事費用支出,林菜籃,N12*******,0.00,21300.00,,,,廣告宣傳車-二林區,金錢,彰化縣大城鄉****,,否,,,,,,,
295,謝衣鳯,113年立法委員選舉,首次申報,1121220,人事費用支出,曾煥閔,N12*******,0.00,21300.00,,,,廣告宣傳車-二林區,金錢,彰化縣二林鎮****,,否,,,,,,,
296,謝衣鳯,113年立法委員選舉,首次申報,1121220,人事費用支出,黃春,N20*******,0.00,63300.00,,,,廣告宣傳車-溪州區,金錢,彰化縣溪州鄉****,,否,,,,,,,
297,謝衣鳯,113年立法委員選舉,首次申報,1121220,人事費用支出,黃莉媛,N22*******,0.00,63000.00,,,,廣告宣傳車-溪湖區,金錢,彰化縣埔心鄉****,,否,,,,,,,
298,謝衣鳯,113年立法委員選舉,首次申報,1121220,人事費用支出,張淑惠,P22*******,0.00,63000.00,,,,廣告宣傳車-溪州區,金錢,彰化縣溪州鄉****,,否,,,,,,,
299,謝衣鳯,113年立法委員選舉,首次申報,1121231,人事費用支出,陳智偉,H12*******,0.00,4800.00,,,,溪州區工讀生/~/,金錢,桃園市復興區****,,否,,,,,,,
300,謝衣鳯,113年立法委員選舉,首次申報,1121231,人事費用支出,姚晉煜,K12*******,0.00,3200.00,,,,溪州區工讀生/~/,金錢,彰化縣溪州鄉****,,否,,,,,,,
301,謝衣鳯,113年立法委員選舉,首次申報,1121231,人事費用支出,陳宏朵,L22*******,0.00,1620.00,,,,溪州區工讀生/~/,金錢,彰化縣溪州鄉****,,否,,,,,,,
302,謝衣鳯,113年立法委員選舉,首次申報,1121231,人事費用支出,邱淑月,M22*******,0.00,19200.00,,,,溪州區工讀生/~/,金錢,彰化縣溪州鄉****,,否,,,,,,,
303,謝衣鳯,113年立法委員選舉,首次申報,1121231,人事費用支出,邱淑月,M22*******,0.00,5220.00,,,,溪州區工讀生/~/,金錢,彰化縣溪州鄉****,,否,,,,,,,
304,謝衣鳯,113年立法委員選舉,首次申報,1121231,人事費用支出,蔡時,N12*******,0.00,270.00,,,,溪州區工讀生/~/,金錢,彰化縣埤頭鄉****,,否,,,,,,,
305,謝衣鳯,113年立法委員選舉,首次申報,1121231,人事費用支出,謝鴻模,N12*******,0.00,37350.00,,,,溪湖區工讀生/~/,金錢,彰化縣溪湖鎮****,,否,,,,,,,
306,謝衣鳯,113年立法委員選舉,首次申報,1121231,人事費用支出,黃順源,N12*******,0.00,9540.00,,,,溪湖區工讀生/~/,金錢,彰化縣大村鄉****,,否,,,,,,,
307,謝衣鳯,113年立法委員選舉,首次申報,1121231,人事費用支出,陳國祥,N12*******,0.00,31050.00,,,,溪湖區工讀生/~/,金錢,彰化縣溪湖鎮****,,否,,,,,,,
308,謝衣鳯,113年立法委員選舉,首次申報,1121231,人事費用支出,石國銘,N12*******,0.00,51480.00,,,,溪湖區工讀生/~/,金錢,彰化縣埔鹽鄉****,,否,,,,,,,
309,謝衣鳯,113年立法委員選舉,首次申報,1121231,人事費用支出,孫忠華,N12*******,0.00,12690.00,,,,溪湖區工讀生/~/,金錢,彰化縣埤頭鄉****,,否,,,,,,,
310,謝衣鳯,113年立法委員選舉,首次申報,1121231,人事費用支出,梁玉綺,N12*******,0.00,19100.00,,,,溪州區工讀生/~/,金錢,彰化縣溪州鄉****,,否,,,,,,,
311,謝衣鳯,113年立法委員選舉,首次申報,1121231,人事費用支出,潘奇均,N12*******,0.00,15900.00,,,,溪州區工讀生/~/,金錢,彰化縣田尾鄉****,,否,,,,,,,
312,謝衣鳯,113年立法委員選舉,首次申報,1121231,人事費用支出,詹洧誠,N12*******,0.00,10500.00,,,,溪州區工讀生/~/,金錢,彰化縣田尾鄉****,,否,,,,,,,
313,謝衣鳯,113年立法委員選舉,首次申報,1121231,人事費用支出,鄭耀坤,N12*******,0.00,600.00,,,,溪州區工讀生/~/,金錢,彰化縣北斗鎮****,,否,,,,,,,
314,謝衣鳯,113年立法委員選舉,首次申報,1121231,人事費用支出,廖宏誠,N12*******,0.00,6500.00,,,,溪州區工讀生/~/,金錢,彰化縣溪州鄉****,,否,,,,,,,
315,謝衣鳯,113年立法委員選舉,首次申報,1121231,人事費用支出,洪明全,N12*******,0.00,6500.00,,,,溪州區工讀生/~/,金錢,彰化縣溪州鄉****,,否,,,,,,,
316,謝衣鳯,113年立法委員選舉,首次申報,1121231,人事費用支出,許原成,N12*******,0.00,8000.00,,,,溪州區工讀生/~/,金錢,彰化縣埤頭鄉****,,否,,,,,,,
317,謝衣鳯,113年立法委員選舉,首次申報,1121231,人事費用支出,王文賓,N12*******,0.00,15600.00,,,,溪州區工讀生/~/,金錢,彰化縣溪州鄉****,,否,,,,,,,
318,謝衣鳯,113年立法委員選舉,首次申報,1121231,人事費用支出,賴震紘,N12*******,0.00,1600.00,,,,溪州區工讀生/~/,金錢,彰化縣大村鄉****,,否,,,,,,,
319,謝衣鳯,113年立法委員選舉,首次申報,1121231,人事費用支出,廖崇翔,N12*******,0.00,3200.00,,,,溪州區工讀生/~/,金錢,彰化縣溪州鄉****,,否,,,,,,,
320,謝衣鳯,113年立法委員選舉,首次申報,1121231,人事費用支出,陳宥余,N12*******,0.00,1600.00,,,,溪州區工讀生/~/,金錢,彰化縣北斗鎮****,,否,,,,,,,
321,謝衣鳯,113年立法委員選舉,首次申報,1121231,人事費用支出,朱添銘,N12*******,0.00,31200.00,,,,溪州區工讀生/~/,金錢,彰化縣永靖鄉****,,否,,,,,,,
322,謝衣鳯,113年立法委員選舉,首次申報,1121231,人事費用支出,楊美麗,N20*******,0.00,4860.00,,,,溪湖區工讀生/~/,金錢,臺中市北區建****,,否,,,,,,,
323,謝衣鳯,113年立法委員選舉,首次申報,1121231,人事費用支出,劉美君,N22*******,0.00,32940.00,,,,溪湖區工讀生/~/,金錢,彰化縣埤頭鄉****,,否,,,,,,,
324,謝衣鳯,113年立法委員選舉,首次申報,1121231,人事費用支出,章淑女,N22*******,0.00,11610.00,,,,溪湖區工讀生/~/,金錢,彰化縣溪湖鎮****,,否,,,,,,,
325,謝衣鳯,113年立法委員選舉,首次申報,1121231,人事費用支出,徐宇玟,N22*******,0.00,23490.00,,,,溪湖區工讀生/~/,金錢,彰化縣溪湖鎮****,,否,,,,,,,
326,謝衣鳯,113年立法委員選舉,首次申報,1121231,人事費用支出,梁菁心,N22*******,0.00,28620.00,,,,溪湖區工讀生/~/,金錢,彰化縣溪湖鎮****,,否,,,,,,,
327,謝衣鳯,113年立法委員選舉,首次申報,1121231,人事費用支出,李佳珮,N22*******,0.00,2430.00,,,,溪湖區工讀生/~/,金錢,彰化縣埔鹽鄉****,,否,,,,,,,
328,謝衣鳯,113年立法委員選舉,首次申報,1121231,人事費用支出,陳菁袖,N22*******,0.00,11880.00,,,,溪湖區工讀生/~/,金錢,彰化縣埔鹽鄉****,,否,,,,,,,
329,謝衣鳯,113年立法委員選舉,首次申報,1121231,人事費用支出,陳月梅,N22*******,0.00,11700.00,,,,溪湖區工讀生/~/,金錢,彰化縣埔鹽鄉****,,否,,,,,,,
330,謝衣鳯,113年立法委員選舉,首次申報,1121231,人事費用支出,陳如鈺,N22*******,0.00,22410.00,,,,溪湖區工讀生/~/,金錢,彰化縣埔鹽鄉****,,否,,,,,,,
331,謝衣鳯,113年立法委員選舉,首次申報,1121231,人事費用支出,陳芝敏,N22*******,0.00,12960.00,,,,溪湖區工讀生/~/,金錢,彰化縣溪湖鎮****,,否,,,,,,,
332,謝衣鳯,113年立法委員選舉,首次申報,1121231,人事費用支出,黃可欣,N22*******,0.00,12510.00,,,,溪湖區工讀生/~/,金錢,彰化縣溪湖鎮****,,否,,,,,,,
333,謝衣鳯,113年立法委員選舉,首次申報,1121231,人事費用支出,鐘立庭,N22*******,0.00,9900.00,,,,溪湖區工讀生/~/,金錢,彰化縣埔心鄉****,,否,,,,,,,
334,謝衣鳯,113年立法委員選舉,首次申報,1121231,人事費用支出,陳靜瑩,N22*******,0.00,21960.00,,,,溪湖區工讀生/~/,金錢,彰化縣埔心鄉****,,否,,,,,,,
335,謝衣鳯,113年立法委員選舉,首次申報,1121231,人事費用支出,蕭美琦,N22*******,0.00,8280.00,,,,溪湖區工讀生/~/,金錢,彰化縣田中鎮****,,否,,,,,,,
336,謝衣鳯,113年立法委員選舉,首次申報,1121231,人事費用支出,洪素琴,N22*******,0.00,9090.00,,,,溪湖區工讀生/~/,金錢,彰化縣員林市****,,否,,,,,,,
337,謝衣鳯,113年立法委員選舉,首次申報,1121231,人事費用支出,陳裙,N22*******,0.00,12870.00,,,,溪湖區工讀生/~/,金錢,彰化縣溪湖鎮****,,否,,,,,,,
338,謝衣鳯,113年立法委員選舉,首次申報,1121231,人事費用支出,戴莉莉,N22*******,0.00,22950.00,,,,溪湖區工讀生/~/,金錢,彰化縣溪湖鎮****,,否,,,,,,,
339,謝衣鳯,113年立法委員選舉,首次申報,1121231,人事費用支出,賴美切,N22*******,0.00,10080.00,,,,溪湖區工讀生/~/,金錢,彰化縣埔鹽鄉****,,否,,,,,,,
340,謝衣鳯,113年立法委員選舉,首次申報,1121231,人事費用支出,劉美惠,N22*******,0.00,1710.00,,,,溪州區工讀生/~/,金錢,彰化縣溪州鄉****,,否,,,,,,,
341,謝衣鳯,113年立法委員選舉,首次申報,1121231,人事費用支出,呂鳳嬌,N22*******,0.00,360.00,,,,溪州區工讀生/~/,金錢,彰化縣溪州鄉****,,否,,,,,,,
342,謝衣鳯,113年立法委員選舉,首次申報,1121231,人事費用支出,呂瑜,N22*******,0.00,360.00,,,,溪州區工讀生/~/,金錢,彰化縣溪州鄉****,,否,,,,,,,
343,謝衣鳯,113年立法委員選舉,首次申報,1121231,人事費用支出,陳素玲,N22*******,0.00,540.00,,,,溪州區工讀生/~/,金錢,彰化縣二林鎮****,,否,,,,,,,
344,謝衣鳯,113年立法委員選舉,首次申報,1121231,人事費用支出,曾銀葉,N22*******,0.00,360.00,,,,溪州區工讀生/~/,金錢,彰化縣埤頭鄉****,,否,,,,,,,
345,謝衣鳯,113年立法委員選舉,首次申報,1121231,人事費用支出,林雅惠,N22*******,0.00,8460.00,,,,溪州區工讀生/~/,金錢,彰化縣溪州鄉****,,否,,,,,,,
346,謝衣鳯,113年立法委員選舉,首次申報,1121231,人事費用支出,陳佳宜,N22*******,0.00,12870.00,,,,溪州區工讀生/~/,金錢,彰化縣北斗鎮****,,否,,,,,,,
347,謝衣鳯,113年立法委員選舉,首次申報,1121231,人事費用支出,黃淑惠,N22*******,0.00,3150.00,,,,溪州區工讀生/~/,金錢,彰化縣北斗鎮****,,否,,,,,,,
348,謝衣鳯,113年立法委員選舉,首次申報,1121231,人事費用支出,陳秋玉,N22*******,0.00,3870.00,,,,溪州區工讀生/~/,金錢,彰化縣溪州鄉****,,否,,,,,,,
349,謝衣鳯,113年立法委員選舉,首次申報,1121231,人事費用支出,陳素貞,N22*******,0.00,3780.00,,,,溪州區工讀生/~/,金錢,彰化縣溪州鄉****,,否,,,,,,,
350,謝衣鳯,113年立法委員選舉,首次申報,1121231,人事費用支出,林千喜,N22*******,0.00,360.00,,,,溪州區工讀生/~/,金錢,彰化縣溪州鄉****,,否,,,,,,,
351,謝衣鳯,113年立法委員選舉,首次申報,1121231,人事費用支出,林素娥,N22*******,0.00,6930.00,,,,溪州區工讀生/~/,金錢,彰化縣溪州鄉****,,否,,,,,,,
352,謝衣鳯,113年立法委員選舉,首次申報,1121231,人事費用支出,王翊君,N22*******,0.00,15120.00,,,,溪州區工讀生/~/,金錢,彰化縣溪州鄉****,,否,,,,,,,
353,謝衣鳯,113年立法委員選舉,首次申報,1121231,人事費用支出,張穎宜,N22*******,0.00,1080.00,,,,溪州區工讀生/~/,金錢,彰化縣溪州鄉****,,否,,,,,,,
354,謝衣鳯,113年立法委員選舉,首次申報,1121231,人事費用支出,王鸞一,P22*******,0.00,360.00,,,,溪州區工讀生/~/,金錢,彰化縣溪州鄉****,,否,,,,,,,
355,謝衣鳯,113年立法委員選舉,首次申報,1121231,人事費用支出,陸海蘭,Q22*******,0.00,22950.00,,,,溪湖區工讀生/~/,金錢,彰化縣埔心鄉****,,否,,,,,,,
356,謝衣鳯,113年立法委員選舉,首次申報,1121231,人事費用支出,吳秀鳳,T22*******,0.00,1350.00,,,,溪州區工讀生/~/,金錢,彰化縣溪州鄉****,,否,,,,,,,
357,謝衣鳯,113年立法委員選舉,首次申報,1121231,人事費用支出,賴秀美,V22*******,0.00,8820.00,,,,溪湖區工讀生/~/,金錢,彰化縣溪湖鎮****,,否,,,,,,,
358,謝衣鳯,113年立法委員選舉,首次申報,1130103,宣傳支出,方程式禮品百貨行,70869524,0.00,11520.00,,,,打火機一批,金錢,彰化縣北斗鎮****,,否,,,,,,,
359,謝衣鳯,113年立法委員選舉,首次申報,1130103,宣傳支出,彰太廣告企業社,82583926,0.00,300000.00,,,,平面廣告,金錢,彰化縣員林市****,04-8*****,否,,,,,,,
360,謝衣鳯,113年立法委員選舉,首次申報,1130103,人事費用支出,宮業美,B22*******,0.00,20700.00,,,,二林區工讀生/-/,金錢,彰化縣大城鄉****,,否,,,,,,,
361,謝衣鳯,113年立法委員選舉,首次申報,1130103,人事費用支出,黃秀枝,E20*******,0.00,5850.00,,,,二林區工讀生/-/,金錢,彰化縣大城鄉****,,否,,,,,,,
362,謝衣鳯,113年立法委員選舉,首次申報,1130103,人事費用支出,歐盈楨,E22*******,0.00,26820.00,,,,二林區工讀生/-/,金錢,彰化縣芳苑鄉****,,否,,,,,,,
363,謝衣鳯,113年立法委員選舉,首次申報,1130103,人事費用支出,周玉鈴,F22*******,0.00,1980.00,,,,二林區工讀生/-/,金錢,彰化縣竹塘鄉****,,否,,,,,,,
364,謝衣鳯,113年立法委員選舉,首次申報,1130103,人事費用支出,蘇佳蓉,F22*******,0.00,2160.00,,,,二林區工讀生/-/,金錢,彰化縣二林鎮****,,否,,,,,,,
365,謝衣鳯,113年立法委員選舉,首次申報,1130103,人事費用支出,薛美雲,L20*******,0.00,6120.00,,,,二林區工讀生/-/,金錢,彰化縣竹塘鄉****,,否,,,,,,,
366,謝衣鳯,113年立法委員選舉,首次申報,1130103,人事費用支出,劉淑櫻,L22*******,0.00,4050.00,,,,二林區工讀生/-/,金錢,彰化縣芳苑鄉****,,否,,,,,,,
367,謝衣鳯,113年立法委員選舉,首次申報,1130103,人事費用支出,歐文州,N12*******,0.00,13500.00,,,,二林區工讀生/-/,金錢,彰化縣竹塘鄉****,,否,,,,,,,
368,謝衣鳯,113年立法委員選舉,首次申報,1130103,人事費用支出,洪清萬,N12*******,0.00,17820.00,,,,二林區工讀生/-/,金錢,彰化縣二林鎮****,,否,,,,,,,
369,謝衣鳯,113年立法委員選舉,首次申報,1130103,人事費用支出,王祐璟,N12*******,0.00,4320.00,,,,二林區工讀生/-/,金錢,彰化縣大城鄉****,,否,,,,,,,
370,謝衣鳯,113年立法委員選舉,首次申報,1130103,人事費用支出,彭右寧,N12*******,0.00,13860.00,,,,二林區工讀生/-/,金錢,彰化縣大城鄉****,,否,,,,,,,
371,謝衣鳯,113年立法委員選舉,首次申報,1130103,人事費用支出,陳秋豐,N12*******,0.00,37500.00,,,,二林區宣傳車/-/,金錢,彰化縣芳苑鄉****,,否,,,,,,,
372,謝衣鳯,113年立法委員選舉,首次申報,1130103,人事費用支出,陳品勝,N12*******,0.00,39300.00,,,,二林區宣傳車/-/,金錢,彰化縣二林鎮****,,否,,,,,,,
373,謝衣鳯,113年立法委員選舉,首次申報,1130103,人事費用支出,林菜籃,N12*******,0.00,37500.00,,,,二林區宣傳車/-/,金錢,彰化縣大城鄉****,,否,,,,,,,
374,謝衣鳯,113年立法委員選舉,首次申報,1130103,人事費用支出,曾煥閔,N12*******,0.00,37500.00,,,,二林區宣傳車/-/,金錢,彰化縣二林鎮****,,否,,,,,,,
375,謝衣鳯,113年立法委員選舉,首次申報,1130103,人事費用支出,洪秀蓮,N20*******,0.00,27630.00,,,,二林區工讀生/-/,金錢,彰化縣二林鎮****,,否,,,,,,,
376,謝衣鳯,113年立法委員選舉,首次申報,1130103,人事費用支出,張麗香,N20*******,0.00,2430.00,,,,二林區工讀生/-/,金錢,彰化縣大城鄉****,,否,,,,,,,
377,謝衣鳯,113年立法委員選舉,首次申報,1130103,人事費用支出,黃麗卿,N20*******,0.00,1800.00,,,,二林區工讀生/-/,金錢,彰化縣芳苑鄉****,,否,,,,,,,
378,謝衣鳯,113年立法委員選舉,首次申報,1130103,人事費用支出,許阿密,N22*******,0.00,12960.00,,,,二林區工讀生/-/,金錢,彰化縣竹塘鄉****,,否,,,,,,,
379,謝衣鳯,113年立法委員選舉,首次申報,1130103,人事費用支出,洪美真,N22*******,0.00,3060.00,,,,二林區工讀生/-/,金錢,彰化縣芳苑鄉****,,否,,,,,,,
380,謝衣鳯,113年立法委員選舉,首次申報,1130103,人事費用支出,楊靜瑜,N22*******,0.00,1800.00,,,,二林區工讀生/-/,金錢,彰化縣大城鄉****,,否,,,,,,,
381,謝衣鳯,113年立法委員選舉,首次申報,1130103,人事費用支出,詹茹聿,N22*******,0.00,9540.00,,,,二林區工讀生/-/,金錢,彰化縣二林鎮****,,否,,,,,,,
382,謝衣鳯,113年立法委員選舉,首次申報,1130103,人事費用支出,洪芊燡,N22*******,0.00,5940.00,,,,二林區工讀生/-/,金錢,彰化縣二林鎮****,,否,,,,,,,
383,謝衣鳯,113年立法委員選舉,首次申報,1130103,人事費用支出,謝孟育,N22*******,0.00,19260.00,,,,二林區工讀生/-/,金錢,彰化縣二林鎮****,,否,,,,,,,
384,謝衣鳯,113年立法委員選舉,首次申報,1130103,人事費用支出,謝淯紜,N22*******,0.00,11700.00,,,,二林區工讀生/-/,金錢,彰化縣二林鎮****,,否,,,,,,,
385,謝衣鳯,113年立法委員選舉,首次申報,1130103,人事費用支出,蔡函潾,N22*******,0.00,13680.00,,,,二林區工讀生/-/,金錢,彰化縣二林鎮****,,否,,,,,,,
386,謝衣鳯,113年立法委員選舉,首次申報,1130103,人事費用支出,林璟玲,N22*******,0.00,6120.00,,,,二林區工讀生/-/,金錢,彰化縣芳苑鄉****,,否,,,,,,,
387,謝衣鳯,113年立法委員選舉,首次申報,1130103,人事費用支出,洪盈真,N22*******,0.00,2430.00,,,,二林區工讀生/-/,金錢,彰化縣芳苑鄉****,,否,,,,,,,
388,謝衣鳯,113年立法委員選舉,首次申報,1130103,人事費用支出,黃秋萍,N22*******,0.00,7830.00,,,,二林區工讀生/-/,金錢,彰化縣二林鎮****,,否,,,,,,,
389,謝衣鳯,113年立法委員選舉,首次申報,1130103,人事費用支出,歐宜臻,N22*******,0.00,3060.00,,,,二林區工讀生/-/,金錢,彰化縣竹塘鄉****,,否,,,,,,,
390,謝衣鳯,113年立法委員選舉,首次申報,1130103,人事費用支出,王瓊華,N22*******,0.00,13770.00,,,,二林區工讀生/-/,金錢,彰化縣二林鎮****,,否,,,,,,,
391,謝衣鳯,113年立法委員選舉,首次申報,1130103,人事費用支出,林秋霜,N22*******,0.00,10890.00,,,,二林區工讀生/-/,金錢,彰化縣二林鎮****,,否,,,,,,,
392,謝衣鳯,113年立法委員選舉,首次申報,1130103,人事費用支出,蔡彩玉,N22*******,0.00,2160.00,,,,二林區工讀生/-/,金錢,彰化縣二林鎮****,,否,,,,,,,
393,謝衣鳯,113年立法委員選舉,首次申報,1130103,人事費用支出,顏油美,N22*******,0.00,2430.00,,,,二林區工讀生/-/,金錢,彰化縣大城鄉****,,否,,,,,,,
394,謝衣鳯,113年立法委員選舉,首次申報,1130103,人事費用支出,魏小芳,N29*******,0.00,35460.00,,,,二林區工讀生/-/,金錢,彰化縣芳苑鄉****,,否,,,,,,,
395,謝衣鳯,113年立法委員選舉,首次申報,1130103,人事費用支出,周少琴,N29*******,0.00,3420.00,,,,二林區工讀生/-/,金錢,彰化縣芳苑鄉****,,否,,,,,,,
396,謝衣鳯,113年立法委員選舉,首次申報,1130103,人事費用支出,楊麗萍,N29*******,0.00,1890.00,,,,二林區工讀生/-/,金錢,彰化縣芳苑鄉****,,否,,,,,,,
397,謝衣鳯,113年立法委員選舉,首次申報,1130103,人事費用支出,葉玲,N29*******,0.00,2070.00,,,,二林區工讀生/-/,金錢,彰化縣芳苑鄉****,,否,,,,,,,
398,謝衣鳯,113年立法委員選舉,首次申報,1130103,人事費用支出,林秋紅,N29*******,0.00,4860.00,,,,二林區工讀生/-/,金錢,彰化縣芳苑鄉****,,否,,,,,,,
399,謝衣鳯,113年立法委員選舉,首次申報,1130103,人事費用支出,沈美娟,P22*******,0.00,3870.00,,,,二林區工讀生/-/,金錢,彰化縣二林鎮****,,否,,,,,,,
400,謝衣鳯,113年立法委員選舉,首次申報,1130103,人事費用支出,蔡明惠,P22*******,0.00,5040.00,,,,二林區工讀生/-/,金錢,彰化縣大城鄉****,,否,,,,,,,
401,謝衣鳯,113年立法委員選舉,首次申報,1130103,人事費用支出,邱美英,T22*******,0.00,2160.00,,,,二林區工讀生/-/,金錢,彰化縣大城鄉****,,否,,,,,,,
402,謝衣鳯,113年立法委員選舉,首次申報,1130104,宣傳支出,國榮廣告材料行,06145290,0.00,200978.00,,,,廣告噴圖,金錢,南投縣竹山鎮****,,否,,,,,,,
403,謝衣鳯,113年立法委員選舉,首次申報,1130108,集會支出,松軒傳統藝術工作室,45516811,0.00,38000.00,,,,/掃街戰鼓車台,金錢,彰化縣芳苑鄉****,,否,,,,,,,
404,謝衣鳯,113年立法委員選舉,首次申報,1130109,宣傳支出,金順紙業有限公司,13036488,0.00,208236.00,,,,面紙一批,金錢,彰化縣花壇鄉****,04-7*****,否,,,,,,,
405,謝衣鳯,113年立法委員選舉,首次申報,1130109,集會支出,松軒傳統藝術工作室,45516811,0.00,152000.00,,,,戰鼓車,金錢,彰化縣芳苑鄉****,,否,,,,,,,
406,謝衣鳯,113年立法委員選舉,首次申報,1130109,宣傳支出,彩星旗幟廣告有限公司,80606563,0.00,42840.00,,,,布條、小手旗,金錢,彰化縣田尾鄉****,04-8*****,否,,,,,,,
407,謝衣鳯,113年立法委員選舉,首次申報,1130109,宣傳支出,彰太廣告企業社,82583926,0.00,120540.00,,,,廣告託播,金錢,彰化縣員林市****,,否,,,,,,,
408,謝衣鳯,113年立法委員選舉,首次申報,1130110,宣傳支出,弘晟企業有限公司,53820323,0.00,139650.00,,,,帽子一批,金錢,臺中市西屯區****,,否,,,,,,,
409,謝衣鳯,113年立法委員選舉,首次申報,1130112,宣傳支出,正新廣告社,20347466,0.00,62050.00,,,,手舉牌、帆布輸出,金錢,彰化縣北斗鎮****,04-8*****,否,,,,,,,
410,謝衣鳯,113年立法委員選舉,首次申報,1130112,集會支出,松軒傳統藝術工作室,45516811,0.00,38000.00,,,,戰鼓車,金錢,彰化縣芳苑鄉****,,否,,,,,,,
411,謝衣鳯,113年立法委員選舉,首次申報,1130112,宣傳支出,萌泰有限公司,80550701,0.00,252006.00,,,,桶裝水一批,金錢,臺中市大里區****,,否,,,,,,,
