﻿序號,擬參選人／政黨,選舉名稱,申報序號／年度,交易日期,收支科目,捐贈者／支出對象,身分證／統一編號,收入金額,支出金額,支出用途,金錢類,地址,聯絡電話,資料更正日期
1,許朝童,107年直轄市議員選舉,首次申報,1070823,宣傳支出,寶鑑印刷品行,87924557,0.00,8500.00,自黏標籤-張,金錢,桃園市大園區****,,
2,許朝童,107年直轄市議員選舉,首次申報,1070907,宣傳支出,寶鑑印刷品行,87924557,0.00,12000.00,區段徵收新舊條例,金錢,,0338*****,
3,許朝童,107年直轄市議員選舉,首次申報,1070911,宣傳支出,寶鑑印刷品行,87924557,0.00,12000.00,拜訪單(加大)-張,金錢,,03-3*****,
4,許朝童,107年直轄市議員選舉,首次申報,1070921,宣傳支出,寶鑑印刷品行,87924557,0.00,14400.00,拜訪單(雙面)-張,金錢,,03-3*****,
5,許朝童,107年直轄市議員選舉,首次申報,1070921,宣傳支出,寶鑑印刷品行,87924557,0.00,45000.00,海報(印雙面)-張,金錢,桃園市大園區****,,
6,許朝童,107年直轄市議員選舉,首次申報,1070925,宣傳支出,寶鑑印刷品行,87924557,0.00,4250.00,自黏標籤-張,金錢,,03-3*****,
7,許朝童,107年直轄市議員選舉,首次申報,1071003,宣傳支出,寶鑑印刷品行,87924557,0.00,33000.00,海報(印雙面)-張,金錢,桃園市大園區****,,
8,許朝童,107年直轄市議員選舉,首次申報,1071017,宣傳支出,寶鑑印刷品行,87924557,0.00,800.00,座談會稿費-,金錢,,,
9,許朝童,107年直轄市議員選舉,首次申報,1071018,宣傳支出,寶鑑印刷品行,87924557,0.00,120000.00,總部成立邀請束-張,金錢,桃園市大園區****,03-3*****,
10,許朝童,107年直轄市議員選舉,首次申報,1071025,宣傳支出,寶鑑印刷品行,87924557,0.00,4250.00,自黏標籤-張,金錢,,,
11,許朝童,107年直轄市議員選舉,首次申報,1071026,宣傳支出,寶鑑印刷品行,87924557,0.00,19200.00,海報(印雙面)總部成立用-張,金錢,,,
12,許朝童,107年直轄市議員選舉,首次申報,1071101,宣傳支出,福明里品社,31568330,0.00,45000.00,面紙 -包,金錢,桃園市大園區****,,
13,許朝童,107年直轄市議員選舉,首次申報,1071101,宣傳支出,寶鑑印刷品行,87924557,0.00,1000.00,文宣(許姓宗親)-張,金錢,,03-3*****,
14,許朝童,107年直轄市議員選舉,首次申報,1071102,宣傳支出,寶鑑印刷品行,87924557,0.00,3000.00,文宣(許姓宗親)-張,金錢,,,
15,許朝童,107年直轄市議員選舉,首次申報,1071102,宣傳支出,寶鑑印刷品行,87924557,0.00,4200.00,信封-個,金錢,,,
16,許朝童,107年直轄市議員選舉,首次申報,1071102,宣傳支出,寶鑑印刷品行,87924557,0.00,4250.00,自黏標籤-張,金錢,,,
17,許朝童,107年直轄市議員選舉,首次申報,1071105,宣傳支出,寶鑑印刷品行,87924557,0.00,1800.00,影印紙(A桃)包,金錢,,,
18,許朝童,107年直轄市議員選舉,首次申報,1071106,返還支出,華園營造股份有限公司,84888348,0.00,20000.00,返還,金錢,桃園市大園區****,,
19,許朝童,107年直轄市議員選舉,首次申報,1071106,租用宣傳車輛支出,張圳南,H10*******,0.00,70000.00,廣告車宣傳,金錢,桃園市大園區****,0910*****,
20,許朝童,107年直轄市議員選舉,首次申報,1071106,租用宣傳車輛支出,楊永駿,H12*******,0.00,66500.00,廣告車宣傳,金錢,桃園市大園區****,0919*****,
21,許朝童,107年直轄市議員選舉,首次申報,1071107,返還支出,春億開發建設有限公司,80209804,0.00,100000.00,返還,金錢,桃園市中壢區****,0933*****,
22,許朝童,107年直轄市議員選舉,首次申報,1071107,宣傳支出,寶鑑印刷品行,87924557,0.00,24000.00,海報(印雙面)政見與願景-張,金錢,,,
23,許朝童,107年直轄市議員選舉,首次申報,1071109,宣傳支出,寶鑑印刷品行,87924557,0.00,12000.00,海報(印雙面)A幸福當家親子同樂會-張,金錢,,,
24,許朝童,107年直轄市議員選舉,首次申報,1071110,返還支出,慶沅工程有限公司,27629996,0.00,10000.00,返還,金錢,桃園市大園區****,0938*****,
25,許朝童,107年直轄市議員選舉,首次申報,1071118,租用宣傳車輛支出,張圳南,H10*******,0.00,49000.00,宣傳車支出,金錢,桃園市大園區****,,
26,許朝童,107年直轄市議員選舉,首次申報,1071118,租用宣傳車輛支出,楊永駿,H12*******,0.00,45500.00,宣傳車支出,金錢,桃園市大園區****,,
