﻿序號,擬參選人／政黨,選舉名稱,申報序號／年度,交易日期,收支科目,捐贈者／支出對象,身分證／統一編號,收入金額,支出金額,捐贈方式,存入專戶日期,返還/繳庫,支出用途,金錢類,地址,聯絡電話,應揭露之支出對象,支出對象之內部人員姓名,支出對象之內部人員職稱,政黨之內部人員姓名,政黨之內部人員職稱,關係,更正註記,資料更正日期
1,陳怡珍,111年臺南市議員選舉,首次申報,1110504,宣傳支出,皇元企業社,40943759,0.00,19000.00,,,,製作競選物品或宣傳廣告費用（物品名稱-旗子）,金錢,臺南市安南區****,,否,,,,,,,
2,陳怡珍,111年臺南市議員選舉,首次申報,1110504,宣傳支出,中華郵政股份有限公司台南文元郵局,78963430,0.00,36.00,,,,郵寄競選物品或宣傳廣告費用,金錢,臺南市北區文****,,否,,,,,,,
3,陳怡珍,111年臺南市議員選舉,首次申報,1110506,宣傳支出,中華郵政股份有限公司台南原佃郵局,06523933,0.00,450.00,,,,郵寄競選物品或宣傳廣告費用,金錢,臺南市安南區****,,否,,,,,,,
4,陳怡珍,111年臺南市議員選舉,首次申報,1110506,雜支支出,三楓企業社,17980648,0.00,73790.00,,,,雜項購置或修繕費用,金錢,臺南市安南區****,,否,,,,,,,
5,陳怡珍,111年臺南市議員選舉,首次申報,1110506,宣傳支出,中華郵政股份有限公司台南文元郵局,78963430,0.00,80.00,,,,郵寄競選物品或宣傳廣告費用,金錢,臺南市北區文****,,否,,,,,,,
6,陳怡珍,111年臺南市議員選舉,首次申報,1110510,租用宣傳車輛支出,國藝企業社,09015010,0.00,15150.00,,,,維修宣傳車輛費用,金錢,臺南市將軍區****,,否,,,,,,,
7,陳怡珍,111年臺南市議員選舉,首次申報,1110510,宣傳支出,中華郵政股份有限公司台南文元郵局,78963430,0.00,490.00,,,,郵寄競選物品或宣傳廣告費用,金錢,臺南市北區文****,,否,,,,,,,
8,陳怡珍,111年臺南市議員選舉,首次申報,1110510,雜支支出,鍾愛禮坊,78979968,0.00,550.00,,,,餐飲費用,金錢,臺南市安南區****,,否,,,,,,,
9,陳怡珍,111年臺南市議員選舉,首次申報,1110511,宣傳支出,中華郵政股份有限公司台南原佃郵局,06523933,0.00,60.00,,,,郵寄競選物品或宣傳廣告費用,金錢,臺南市安南區****,,否,,,,,,,
10,陳怡珍,111年臺南市議員選舉,首次申報,1110511,雜支支出,芳苑鮮花店,18284681,0.00,15000.00,,,,雜項購置或修繕費用,金錢,嘉義市西區北****,,否,,,,,,,
11,陳怡珍,111年臺南市議員選舉,首次申報,1110511,雜支支出,桂田酒店股份有限公司,27843709,0.00,78600.00,,,,餐飲費用,金錢,臺南市永康區****,,否,,,,,,,
12,陳怡珍,111年臺南市議員選舉,首次申報,1110512,宣傳支出,中華郵政股份有限公司台南文元郵局,78963430,0.00,108.00,,,,郵寄競選物品或宣傳廣告費用,金錢,臺南市北區文****,,否,,,,,,,
13,陳怡珍,111年臺南市議員選舉,首次申報,1110513,宣傳支出,中華郵政股份有限公司台南原佃郵局,06523933,0.00,88.00,,,,郵寄競選物品或宣傳廣告費用,金錢,臺南市安南區****,,否,,,,,,,
14,陳怡珍,111年臺南市議員選舉,首次申報,1110513,宣傳支出,中華郵政股份有限公司台南文元郵局,78963430,0.00,52.00,,,,郵寄競選物品或宣傳廣告費用,金錢,臺南市北區文****,,否,,,,,,,
15,陳怡珍,111年臺南市議員選舉,首次申報,1110517,宣傳支出,中華郵政股份有限公司台南成功路郵局,69109808,0.00,190.00,,,,郵寄競選物品或宣傳廣告費用,金錢,臺南市北區成****,,否,,,,,,,
16,陳怡珍,111年臺南市議員選舉,首次申報,1110517,宣傳支出,中華郵政股份有限公司台南興華街郵局,69678364,0.00,44.00,,,,郵寄競選物品或宣傳廣告費用,金錢,臺南市中西區****,,否,,,,,,,
17,陳怡珍,111年臺南市議員選舉,首次申報,1110517,宣傳支出,中華郵政股份有限公司台南文元郵局,78963430,0.00,153.00,,,,郵寄競選物品或宣傳廣告費用,金錢,臺南市北區文****,,否,,,,,,,
18,陳怡珍,111年臺南市議員選舉,首次申報,1110517,宣傳支出,采玥企業社,85610307,0.00,17000.00,,,,製作競選物品或宣傳廣告費用（物品名稱-關東旗）,金錢,臺南市歸仁區****,,否,,,,,,,
19,陳怡珍,111年臺南市議員選舉,首次申報,1110518,宣傳支出,中華郵政股份有限公司台南新南郵局,20261468,0.00,184.00,,,,郵寄競選物品或宣傳廣告費用,金錢,臺南市安平區****,,否,,,,,,,
20,陳怡珍,111年臺南市議員選舉,首次申報,1110518,宣傳支出,中華郵政股份有限公司台南文元郵局,78963430,0.00,140.00,,,,郵寄競選物品或宣傳廣告費用,金錢,臺南市北區文****,,否,,,,,,,
21,陳怡珍,111年臺南市議員選舉,首次申報,1110519,雜支支出,立暉蘭園,25783304,0.00,2000.00,,,,雜項購置或修繕費用,金錢,臺南市安南區****,,否,,,,,,,
22,陳怡珍,111年臺南市議員選舉,首次申報,1110522,集會支出,在和企業社,10852014,0.00,5400.00,,,,租用設備費用,金錢,臺南市安南區****,,否,,,,,,,
23,陳怡珍,111年臺南市議員選舉,首次申報,1110522,集會支出,城記包子店,17591774,0.00,8100.00,,,,餐飲費用,金錢,臺南市中西區****,,否,,,,,,,
24,陳怡珍,111年臺南市議員選舉,首次申報,1110522,集會支出,寶吉雜貨店,99522620,0.00,2300.00,,,,租用設備費用,金錢,臺南市仁德區****,,否,,,,,,,
25,陳怡珍,111年臺南市議員選舉,首次申報,1110523,雜支支出,新葡吉喜餅蛋糕,13229767,0.00,1200.00,,,,餐飲費用,金錢,臺南市中西區****,,否,,,,,,,
26,陳怡珍,111年臺南市議員選舉,首次申報,1110526,雜支支出,立暉蘭園,25783304,0.00,3000.00,,,,雜項購置或修繕費用,金錢,臺南市安南區****,,否,,,,,,,
27,陳怡珍,111年臺南市議員選舉,首次申報,1110527,宣傳支出,中華郵政股份有限公司台南原佃郵局,06523933,0.00,152.00,,,,郵寄競選物品或宣傳廣告費用,金錢,臺南市安南區****,,否,,,,,,,
28,陳怡珍,111年臺南市議員選舉,首次申報,1110528,雜支支出,明新食品企業股份有限公司海佃分公司,97396422,0.00,450.00,,,,餐飲費用,金錢,臺南市安南區****,,否,,,,,,,
29,陳怡珍,111年臺南市議員選舉,首次申報,1110529,雜支支出,立暉蘭園,25783304,0.00,5000.00,,,,雜項購置或修繕費用,金錢,臺南市安南區****,,否,,,,,,,
30,陳怡珍,111年臺南市議員選舉,首次申報,1110530,租用宣傳車輛支出,國藝企業社,09015010,0.00,15150.00,,,,維修宣傳車輛費用,金錢,臺南市將軍區****,,否,,,,,,,
31,陳怡珍,111年臺南市議員選舉,首次申報,1110530,交通旅運支出,台灣高速鐵路股份有限公司,16446274,0.00,630.00,,,,搭乘交通工具費用,金錢,臺北市南港區****,,否,,,,,,,
32,陳怡珍,111年臺南市議員選舉,首次申報,1110530,交通旅運支出,台灣高速鐵路股份有限公司,16446274,0.00,650.00,,,,搭乘交通工具費用,金錢,臺北市南港區****,,否,,,,,,,
33,陳怡珍,111年臺南市議員選舉,首次申報,1110531,交通旅運支出,台灣高速鐵路股份有限公司,16446274,0.00,1350.00,,,,搭乘交通工具費用,金錢,臺北市南港區****,,否,,,,,,,
34,陳怡珍,111年臺南市議員選舉,首次申報,1110531,雜支支出,典雅花苑,17247647,0.00,9000.00,,,,雜項購置或修繕費用,金錢,臺南市新營區****,,否,,,,,,,
35,陳怡珍,111年臺南市議員選舉,首次申報,1110531,租用宣傳車輛支出,瑞達汽車股份有限公司北台南分公司,54996926,0.00,10748.00,,,,維修宣傳車輛費用,金錢,臺南市北區中****,,否,,,,,,,
36,陳怡珍,111年臺南市議員選舉,首次申報,1110531,雜支支出,久禾花藝,62977009,0.00,76900.00,,,,雜項購置或修繕費用,金錢,臺南市安南區****,,否,,,,,,,
37,陳怡珍,111年臺南市議員選舉,首次申報,1110531,租用宣傳車輛支出,昌奕有限公司,70525021,0.00,24000.00,,,,維修宣傳車輛費用,金錢,臺南市北區文****,,否,,,,,,,
38,陳怡珍,111年臺南市議員選舉,首次申報,1110531,雜支支出,利順鮮花店,73864328,0.00,20650.00,,,,雜項購置或修繕費用,金錢,臺南市安南區****,,否,,,,,,,
39,陳怡珍,111年臺南市議員選舉,首次申報,1110601,雜支支出,尚撰有限公司,28909340,0.00,9450.00,,,,雜項購置或修繕費用,金錢,臺南市安南區****,,否,,,,,,,
40,陳怡珍,111年臺南市議員選舉,首次申報,1110602,宣傳支出,中華郵政股份有限公司台南原佃郵局,06523933,0.00,92.00,,,,郵寄競選物品或宣傳廣告費用,金錢,臺南市安南區****,,否,,,,,,,
41,陳怡珍,111年臺南市議員選舉,首次申報,1110602,宣傳支出,中華郵政股份有限公司台南興華街郵局,69678364,0.00,180.00,,,,郵寄競選物品或宣傳廣告費用,金錢,臺南市中西區****,,否,,,,,,,
42,陳怡珍,111年臺南市議員選舉,首次申報,1110607,宣傳支出,中華郵政股份有限公司台南成功路郵局,69109808,0.00,92.00,,,,郵寄競選物品或宣傳廣告費用,金錢,臺南市北區成****,,否,,,,,,,
43,陳怡珍,111年臺南市議員選舉,首次申報,1110608,宣傳支出,威航食品有限公司,97079214,0.00,30525.00,,,,製作競選物品或宣傳廣告費用（物品名稱-礦泉水）,金錢,高雄市湖內區****,,否,,,,,,,
44,陳怡珍,111年臺南市議員選舉,首次申報,1110608,宣傳支出,威航食品有限公司,97079214,0.00,77800.00,,,,製作競選物品或宣傳廣告費用（物品名稱-礦泉水）,金錢,高雄市湖內區****,,否,,,,,,,
45,陳怡珍,111年臺南市議員選舉,首次申報,1110609,宣傳支出,中華郵政股份有限公司台南新南郵局,20261468,0.00,96.00,,,,郵寄競選物品或宣傳廣告費用,金錢,臺南市安平區****,,否,,,,,,,
46,陳怡珍,111年臺南市議員選舉,首次申報,1110609,宣傳支出,中華郵政股份有限公司台南成功路郵局,69109808,0.00,3200.00,,,,郵寄競選物品或宣傳廣告費用,金錢,臺南市北區成****,,否,,,,,,,
47,陳怡珍,111年臺南市議員選舉,首次申報,1110611,宣傳支出,炫煒數位影像科技有限公司,45891718,0.00,168000.00,,,,租用廣告看板或車體廣告費用,金錢,臺南市永康區****,,否,,,,,,,
48,陳怡珍,111年臺南市議員選舉,首次申報,1110614,宣傳支出,中華郵政股份有限公司台南文元郵局,78963430,0.00,35.00,,,,郵寄競選物品或宣傳廣告費用,金錢,臺南市北區文****,,否,,,,,,,
49,陳怡珍,111年臺南市議員選舉,首次申報,1110615,宣傳支出,中華郵政股份有限公司台南成功路郵局,69109808,0.00,44.00,,,,郵寄競選物品或宣傳廣告費用,金錢,臺南市北區成****,,否,,,,,,,
50,陳怡珍,111年臺南市議員選舉,首次申報,1110615,租用宣傳車輛支出,南都汽車股份有限公司西台南營業所,87872066,0.00,5000.00,,,,維修宣傳車輛費用,金錢,臺南市安平區****,,否,,,,,,,
51,陳怡珍,111年臺南市議員選舉,首次申報,1110616,宣傳支出,中華郵政股份有限公司台南水交社郵局,69678343,0.00,600.00,,,,郵寄競選物品或宣傳廣告費用,金錢,臺南市中西區****,,否,,,,,,,
52,陳怡珍,111年臺南市議員選舉,首次申報,1110617,雜支支出,惹草拈花花坊,45789241,0.00,3000.00,,,,雜項購置或修繕費用,金錢,臺中市豐原區****,,否,,,,,,,
53,陳怡珍,111年臺南市議員選舉,首次申報,1110617,宣傳支出,中華郵政股份有限公司台南水交社郵局,69678343,0.00,156.00,,,,郵寄競選物品或宣傳廣告費用,金錢,臺南市中西區****,,否,,,,,,,
54,陳怡珍,111年臺南市議員選舉,首次申報,1110621,宣傳支出,青春廣播電台股份有限公司,13073883,0.00,13000.00,,,,播放、傳送或刊登宣傳廣告費用,金錢,臺南市北區臨****,,否,,,,,,,
55,陳怡珍,111年臺南市議員選舉,首次申報,1110621,宣傳支出,中華郵政股份有限公司台南文元郵局,78963430,0.00,72.00,,,,郵寄競選物品或宣傳廣告費用,金錢,臺南市北區文****,,否,,,,,,,
56,陳怡珍,111年臺南市議員選舉,首次申報,1110626,雜支支出,桂田酒店股份有限公司,27843709,0.00,6410.00,,,,餐飲費用,金錢,臺南市永康區****,,否,,,,,,,
57,陳怡珍,111年臺南市議員選舉,首次申報,1110628,宣傳支出,威航食品有限公司,97079214,0.00,15675.00,,,,製作競選物品或宣傳廣告費用（物品名稱-礦泉水）,金錢,高雄市湖內區****,,否,,,,,,,
58,陳怡珍,111年臺南市議員選舉,首次申報,1110630,雜支支出,典雅花苑,17247647,0.00,9000.00,,,,雜項購置或修繕費用,金錢,臺南市新營區****,,否,,,,,,,
59,陳怡珍,111年臺南市議員選舉,首次申報,1110630,雜支支出,芳苑鮮花店,18284681,0.00,15000.00,,,,雜項購置或修繕費用,金錢,嘉義市西區北****,,否,,,,,,,
60,陳怡珍,111年臺南市議員選舉,首次申報,1110630,雜支支出,湘陽實業社,26437226,0.00,47350.00,,,,雜項購置或修繕費用,金錢,臺南市山上區****,,否,,,,,,,
61,陳怡珍,111年臺南市議員選舉,首次申報,1110630,雜支支出,久禾花藝,62977009,0.00,63600.00,,,,雜項購置或修繕費用,金錢,臺南市安南區****,,否,,,,,,,
62,陳怡珍,111年臺南市議員選舉,首次申報,1110630,雜支支出,利順鮮花店,73864328,0.00,26250.00,,,,雜項購置或修繕費用,金錢,臺南市安南區****,,否,,,,,,,
63,陳怡珍,111年臺南市議員選舉,首次申報,1110630,租用宣傳車輛支出,南都汽車股份有限公司西台南營業所,87872066,0.00,3660.00,,,,維修宣傳車輛費用,金錢,臺南市安平區****,,否,,,,,,,
64,陳怡珍,111年臺南市議員選舉,首次申報,1110701,雜支支出,立暉蘭園,25783304,0.00,3000.00,,,,雜項購置或修繕費用,金錢,臺南市安南區****,,否,,,,,,,
65,陳怡珍,111年臺南市議員選舉,首次申報,1110702,雜支支出,立暉蘭園,25783304,0.00,3000.00,,,,雜項購置或修繕費用,金錢,臺南市安南區****,,否,,,,,,,
66,陳怡珍,111年臺南市議員選舉,首次申報,1110706,宣傳支出,中華郵政股份有限公司台南新南郵局,20261468,0.00,60.00,,,,郵寄競選物品或宣傳廣告費用,金錢,臺南市安平區****,,否,,,,,,,
67,陳怡珍,111年臺南市議員選舉,首次申報,1110708,雜支支出,明新食品企業股份有限公司,23402651,0.00,3000.00,,,,餐飲費用,金錢,臺南市東區東****,,否,,,,,,,
68,陳怡珍,111年臺南市議員選舉,首次申報,1110708,宣傳支出,中華郵政股份有限公司台南文元郵局,78963430,0.00,1120.00,,,,郵寄競選物品或宣傳廣告費用,金錢,臺南市北區文****,,否,,,,,,,
69,陳怡珍,111年臺南市議員選舉,首次申報,1110708,宣傳支出,中華郵政股份有限公司台南文元郵局,78963430,0.00,1130.00,,,,郵寄競選物品或宣傳廣告費用,金錢,臺南市北區文****,,否,,,,,,,
70,陳怡珍,111年臺南市議員選舉,首次申報,1110710,雜支支出,森鴻食品有限公司,64815987,0.00,2200.00,,,,餐飲費用,金錢,臺南市安平區****,,否,,,,,,,
71,陳怡珍,111年臺南市議員選舉,首次申報,1110711,雜支支出,芳苑鮮花店,18284681,0.00,15000.00,,,,雜項購置或修繕費用,金錢,嘉義市西區北****,,否,,,,,,,
72,陳怡珍,111年臺南市議員選舉,首次申報,1110712,雜支支出,新葡吉喜餅蛋糕,13229767,0.00,780.00,,,,餐飲費用,金錢,臺南市中西區****,,否,,,,,,,
73,陳怡珍,111年臺南市議員選舉,首次申報,1110713,宣傳支出,中華郵政股份有限公司台南水交社郵局,69678343,0.00,44.00,,,,郵寄競選物品或宣傳廣告費用,金錢,臺南市中西區****,,否,,,,,,,
74,陳怡珍,111年臺南市議員選舉,首次申報,1110714,宣傳支出,中華郵政股份有限公司台南文元郵局,78963430,0.00,70.00,,,,郵寄競選物品或宣傳廣告費用,金錢,臺南市北區文****,,否,,,,,,,
75,陳怡珍,111年臺南市議員選舉,首次申報,1110715,宣傳支出,中華郵政股份有限公司台南原佃郵局,06523933,0.00,44.00,,,,郵寄競選物品或宣傳廣告費用,金錢,臺南市安南區****,,否,,,,,,,
76,陳怡珍,111年臺南市議員選舉,首次申報,1110715,宣傳支出,中華郵政股份有限公司台南文元郵局,78963430,0.00,3200.00,,,,郵寄競選物品或宣傳廣告費用,金錢,臺南市北區文****,,否,,,,,,,
77,陳怡珍,111年臺南市議員選舉,首次申報,1110716,交通旅運支出,台灣高速鐵路股份有限公司,16446274,0.00,1115.00,,,,搭乘交通工具費用,金錢,臺北市南港區****,,否,,,,,,,
78,陳怡珍,111年臺南市議員選舉,首次申報,1110717,雜支支出,立暉蘭園,25783304,0.00,3000.00,,,,雜項購置或修繕費用,金錢,臺南市安南區****,,否,,,,,,,
79,陳怡珍,111年臺南市議員選舉,首次申報,1110718,宣傳支出,中華郵政股份有限公司台南文元郵局,78963430,0.00,140.00,,,,郵寄競選物品或宣傳廣告費用,金錢,臺南市北區文****,,否,,,,,,,
80,陳怡珍,111年臺南市議員選舉,首次申報,1110719,交通旅運支出,台灣高速鐵路股份有限公司,16446274,0.00,2180.00,,,,搭乘交通工具費用,金錢,臺北市南港區****,,否,,,,,,,
81,陳怡珍,111年臺南市議員選舉,首次申報,1110719,交通旅運支出,台灣高速鐵路股份有限公司,16446274,0.00,1320.00,,,,搭乘交通工具費用,金錢,臺北市南港區****,,否,,,,,,,
82,陳怡珍,111年臺南市議員選舉,首次申報,1110725,雜支支出,新葡吉喜餅蛋糕,13229767,0.00,1350.00,,,,餐飲費用,金錢,臺南市中西區****,,否,,,,,,,
83,陳怡珍,111年臺南市議員選舉,首次申報,1110726,宣傳支出,中華郵政股份有限公司台南文元郵局,78963430,0.00,94.00,,,,郵寄競選物品或宣傳廣告費用,金錢,臺南市北區文****,,否,,,,,,,
84,陳怡珍,111年臺南市議員選舉,首次申報,1110726,宣傳支出,威航食品有限公司,97079214,0.00,16150.00,,,,製作競選物品或宣傳廣告費用（物品名稱-礦泉水）,金錢,高雄市湖內區****,,否,,,,,,,
85,陳怡珍,111年臺南市議員選舉,首次申報,1110727,宣傳支出,中華郵政股份有限公司台南水交社郵局,69678343,0.00,176.00,,,,郵寄競選物品或宣傳廣告費用,金錢,臺南市中西區****,,否,,,,,,,
86,陳怡珍,111年臺南市議員選舉,首次申報,1110727,雜支支出,御一品有限公司,90471332,0.00,4900.00,,,,餐飲費用,金錢,臺南市中西區****,,否,,,,,,,
87,陳怡珍,111年臺南市議員選舉,首次申報,1110728,宣傳支出,中華郵政股份有限公司台南文元郵局,78963430,0.00,98.00,,,,郵寄競選物品或宣傳廣告費用,金錢,臺南市北區文****,,否,,,,,,,
88,陳怡珍,111年臺南市議員選舉,首次申報,1110729,宣傳支出,中華郵政股份有限公司台南原佃郵局,06523933,0.00,60.00,,,,郵寄競選物品或宣傳廣告費用,金錢,臺南市安南區****,,否,,,,,,,
89,陳怡珍,111年臺南市議員選舉,首次申報,1110729,雜支支出,立暉蘭園,25783304,0.00,3000.00,,,,雜項購置或修繕費用,金錢,臺南市安南區****,,否,,,,,,,
90,陳怡珍,111年臺南市議員選舉,首次申報,1110731,雜支支出,典雅花苑,17247647,0.00,14700.00,,,,雜項購置或修繕費用,金錢,臺南市新營區****,,否,,,,,,,
91,陳怡珍,111年臺南市議員選舉,首次申報,1110731,雜支支出,久禾花藝,62977009,0.00,85200.00,,,,雜項購置或修繕費用,金錢,臺南市安南區****,,否,,,,,,,
92,陳怡珍,111年臺南市議員選舉,首次申報,1110731,雜支支出,利順鮮花店,73864328,0.00,24850.00,,,,雜項購置或修繕費用,金錢,臺南市安南區****,,否,,,,,,,
93,陳怡珍,111年臺南市議員選舉,首次申報,1110801,交通旅運支出,台灣高速鐵路股份有限公司,16446274,0.00,650.00,,,,搭乘交通工具費用,金錢,臺北市南港區****,,否,,,,,,,
94,陳怡珍,111年臺南市議員選舉,首次申報,1110801,雜支支出,三楓企業社,17980648,0.00,76130.00,,,,雜項購置或修繕費用,金錢,臺南市安南區****,,否,,,,,,,
95,陳怡珍,111年臺南市議員選舉,首次申報,1110802,雜支支出,芳苑鮮花店,18284681,0.00,15000.00,,,,雜項購置或修繕費用,金錢,嘉義市西區北****,,否,,,,,,,
96,陳怡珍,111年臺南市議員選舉,首次申報,1110802,雜支支出,惹草拈花花坊,45789241,0.00,16000.00,,,,雜項購置或修繕費用,金錢,臺中市豐原區****,,否,,,,,,,
97,陳怡珍,111年臺南市議員選舉,首次申報,1110803,雜支支出,新葡吉喜餅蛋糕,13229767,0.00,1000.00,,,,餐飲費用,金錢,臺南市中西區****,,否,,,,,,,
98,陳怡珍,111年臺南市議員選舉,首次申報,1110804,宣傳支出,中華郵政股份有限公司台南文元郵局,78963430,0.00,35.00,,,,郵寄競選物品或宣傳廣告費用,金錢,臺南市北區文****,,否,,,,,,,
99,陳怡珍,111年臺南市議員選舉,首次申報,1110805,宣傳支出,中華郵政股份有限公司台南水交社郵局,69678343,0.00,60.00,,,,郵寄競選物品或宣傳廣告費用,金錢,臺南市中西區****,,否,,,,,,,
100,陳怡珍,111年臺南市議員選舉,首次申報,1110805,宣傳支出,中華郵政股份有限公司台南普濟郵局,69678478,0.00,71.00,,,,郵寄競選物品或宣傳廣告費用,金錢,臺南市中西區****,,否,,,,,,,
101,陳怡珍,111年臺南市議員選舉,首次申報,1110805,宣傳支出,中華郵政股份有限公司台南文元郵局,78963430,0.00,28.00,,,,郵寄競選物品或宣傳廣告費用,金錢,臺南市北區文****,,否,,,,,,,
102,陳怡珍,111年臺南市議員選舉,首次申報,1110808,雜支支出,鍾愛禮坊,78979968,0.00,550.00,,,,餐飲費用,金錢,臺南市安南區****,,否,,,,,,,
103,陳怡珍,111年臺南市議員選舉,首次申報,1110810,宣傳支出,頂好國際開發有限公司,54081367,0.00,16200.00,,,,製作競選物品或宣傳廣告費用（物品名稱-衣服）,金錢,臺南市中西區****,,否,,,,,,,
104,陳怡珍,111年臺南市議員選舉,首次申報,1110810,宣傳支出,中華郵政股份有限公司台南水交社郵局,69678343,0.00,28.00,,,,郵寄競選物品或宣傳廣告費用,金錢,臺南市中西區****,,否,,,,,,,
105,陳怡珍,111年臺南市議員選舉,首次申報,1110812,宣傳支出,青春廣播電台股份有限公司,13073883,0.00,13000.00,,,,播放、傳送或刊登宣傳廣告費用,金錢,臺南市北區臨****,,否,,,,,,,
106,陳怡珍,111年臺南市議員選舉,首次申報,1110812,宣傳支出,中華郵政股份有限公司台南文元郵局,78963430,0.00,108.00,,,,郵寄競選物品或宣傳廣告費用,金錢,臺南市北區文****,,否,,,,,,,
107,陳怡珍,111年臺南市議員選舉,首次申報,1110815,租用競選辦事處支出,恒達辦公設備有限公司,24924313,0.00,9200.00,,,,租買辦公設備費用,金錢,臺南市安南區****,,否,,,,,,,
108,陳怡珍,111年臺南市議員選舉,首次申報,1110815,宣傳支出,中華郵政股份有限公司台南文元郵局,78963430,0.00,66.00,,,,郵寄競選物品或宣傳廣告費用,金錢,臺南市北區文****,,否,,,,,,,
109,陳怡珍,111年臺南市議員選舉,首次申報,1110816,宣傳支出,中華郵政股份有限公司台南水交社郵局,69678343,0.00,104.00,,,,郵寄競選物品或宣傳廣告費用,金錢,臺南市中西區****,,否,,,,,,,
110,陳怡珍,111年臺南市議員選舉,首次申報,1110816,宣傳支出,中華郵政股份有限公司台南文元郵局,78963430,0.00,132.00,,,,郵寄競選物品或宣傳廣告費用,金錢,臺南市北區文****,,否,,,,,,,
111,陳怡珍,111年臺南市議員選舉,首次申報,1110817,宣傳支出,中華郵政股份有限公司台南文元郵局,78963430,0.00,3200.00,,,,郵寄競選物品或宣傳廣告費用,金錢,臺南市北區文****,,否,,,,,,,
112,陳怡珍,111年臺南市議員選舉,首次申報,1110817,宣傳支出,中華郵政股份有限公司台南文元郵局,78963430,0.00,90.00,,,,郵寄競選物品或宣傳廣告費用,金錢,臺南市北區文****,,否,,,,,,,
113,陳怡珍,111年臺南市議員選舉,首次申報,1110818,交通旅運支出,台灣高速鐵路股份有限公司,16446274,0.00,1350.00,,,,搭乘交通工具費用,金錢,臺北市南港區****,,否,,,,,,,
114,陳怡珍,111年臺南市議員選舉,首次申報,1110818,交通旅運支出,台灣高速鐵路股份有限公司,16446274,0.00,2230.00,,,,搭乘交通工具費用,金錢,臺北市南港區****,,否,,,,,,,
115,陳怡珍,111年臺南市議員選舉,首次申報,1110818,雜支支出,鍾愛禮坊,78979968,0.00,550.00,,,,餐飲費用,金錢,臺南市安南區****,,否,,,,,,,
116,陳怡珍,111年臺南市議員選舉,首次申報,1110820,宣傳支出,好植萃生技有限公司,82929961,0.00,21000.00,,,,製作競選物品或宣傳廣告費用（物品名稱-面膜）,金錢,臺南市仁德區****,,否,,,,,,,
117,陳怡珍,111年臺南市議員選舉,首次申報,1110823,宣傳支出,便捷有限公司,12926548,0.00,4200.00,,,,其他與選舉宣傳有關之費用,金錢,臺南市北區海****,,否,,,,,,,
118,陳怡珍,111年臺南市議員選舉,首次申報,1110823,宣傳支出,中華郵政股份有限公司台南友愛街郵局,69678316,0.00,107.00,,,,郵寄競選物品或宣傳廣告費用,金錢,臺南市中西區****,,否,,,,,,,
119,陳怡珍,111年臺南市議員選舉,首次申報,1110824,租用宣傳車輛支出,國藝企業社,09015010,0.00,43500.00,,,,維修宣傳車輛費用,金錢,臺南市將軍區****,,否,,,,,,,
120,陳怡珍,111年臺南市議員選舉,首次申報,1110824,集會支出,國藝企業社,09015010,0.00,18000.00,,,,租用設備費用,金錢,臺南市將軍區****,,否,,,,,,,
121,陳怡珍,111年臺南市議員選舉,首次申報,1110824,宣傳支出,中華郵政股份有限公司台南水交社郵局,69678343,0.00,44.00,,,,郵寄競選物品或宣傳廣告費用,金錢,臺南市中西區****,,否,,,,,,,
122,陳怡珍,111年臺南市議員選舉,首次申報,1110825,宣傳支出,中華郵政股份有限公司台南文元郵局,78963430,0.00,126.00,,,,郵寄競選物品或宣傳廣告費用,金錢,臺南市北區文****,,否,,,,,,,
123,陳怡珍,111年臺南市議員選舉,首次申報,1110825,宣傳支出,雙子星有線電視股份有限公司,97160397,0.00,200000.00,,,,播放、傳送或刊登宣傳廣告費用,金錢,臺南市北區北****,,否,,,,,,,
124,陳怡珍,111年臺南市議員選舉,首次申報,1110826,交通旅運支出,台灣高速鐵路股份有限公司,16446274,0.00,2230.00,,,,搭乘交通工具費用,金錢,臺北市南港區****,,否,,,,,,,
125,陳怡珍,111年臺南市議員選舉,首次申報,1110826,交通旅運支出,台灣高速鐵路股份有限公司,16446274,0.00,2230.00,,,,搭乘交通工具費用,金錢,臺北市南港區****,,否,,,,,,,
126,陳怡珍,111年臺南市議員選舉,首次申報,1110826,宣傳支出,中華郵政股份有限公司台南文元郵局,78963430,0.00,140.00,,,,郵寄競選物品或宣傳廣告費用,金錢,臺南市北區文****,,否,,,,,,,
127,陳怡珍,111年臺南市議員選舉,首次申報,1110826,宣傳支出,雙子星有線電視股份有限公司,97160397,0.00,200000.00,,,,播放、傳送或刊登宣傳廣告費用,金錢,臺南市北區北****,,否,,,,,,,
128,陳怡珍,111年臺南市議員選舉,首次申報,1110830,租用宣傳車輛支出,昌奕有限公司,70525021,0.00,5800.00,,,,維修宣傳車輛費用,金錢,臺南市北區文****,,否,,,,,,,
129,陳怡珍,111年臺南市議員選舉,首次申報,1110830,宣傳支出,中華郵政股份有限公司台南文元郵局,78963430,0.00,124.00,,,,郵寄競選物品或宣傳廣告費用,金錢,臺南市北區文****,,否,,,,,,,
130,陳怡珍,111年臺南市議員選舉,首次申報,1110831,雜支支出,典雅花苑,17247647,0.00,7000.00,,,,雜項購置或修繕費用,金錢,臺南市新營區****,,否,,,,,,,
131,陳怡珍,111年臺南市議員選舉,首次申報,1110831,雜支支出,久禾花藝,62977009,0.00,43200.00,,,,雜項購置或修繕費用,金錢,臺南市安南區****,,否,,,,,,,
132,陳怡珍,111年臺南市議員選舉,首次申報,1110831,雜支支出,利順鮮花店,73864328,0.00,24150.00,,,,雜項購置或修繕費用,金錢,臺南市安南區****,,否,,,,,,,
133,陳怡珍,111年臺南市議員選舉,首次申報,1110901,雜支支出,美菻商行,47804198,0.00,1800.00,,,,餐飲費用,金錢,臺南市安平區****,,否,,,,,,,
134,陳怡珍,111年臺南市議員選舉,首次申報,1110901,宣傳支出,中華郵政股份有限公司台南文元郵局,78963430,0.00,180.00,,,,郵寄競選物品或宣傳廣告費用,金錢,臺南市北區文****,,否,,,,,,,
135,陳怡珍,111年臺南市議員選舉,首次申報,1110902,雜支支出,博雅裱框藝術家,17208139,0.00,7500.00,,,,雜項購置或修繕費用,金錢,臺南市北區北****,,否,,,,,,,
136,陳怡珍,111年臺南市議員選舉,首次申報,1110902,宣傳支出,中華郵政股份有限公司台南文元郵局,78963430,0.00,180.00,,,,郵寄競選物品或宣傳廣告費用,金錢,臺南市北區文****,,否,,,,,,,
137,陳怡珍,111年臺南市議員選舉,首次申報,1110902,宣傳支出,中華郵政股份有限公司台南文元郵局,78963430,0.00,180.00,,,,郵寄競選物品或宣傳廣告費用,金錢,臺南市北區文****,,否,,,,,,,
138,陳怡珍,111年臺南市議員選舉,首次申報,1110902,宣傳支出,中華郵政股份有限公司台南文元郵局,78963430,0.00,90.00,,,,郵寄競選物品或宣傳廣告費用,金錢,臺南市北區文****,,否,,,,,,,
139,陳怡珍,111年臺南市議員選舉,首次申報,1110905,雜支支出,立暉蘭園,25783304,0.00,6000.00,,,,雜項購置或修繕費用,金錢,臺南市安南區****,,否,,,,,,,
140,陳怡珍,111年臺南市議員選舉,首次申報,1110905,雜支支出,皇元企業社,40943759,0.00,40100.00,,,,雜項購置或修繕費用,金錢,臺南市安南區****,,否,,,,,,,
141,陳怡珍,111年臺南市議員選舉,首次申報,1110905,宣傳支出,威航食品有限公司,97079214,0.00,56400.00,,,,製作競選物品或宣傳廣告費用（物品名稱-礦泉水）,金錢,高雄市湖內區****,,否,,,,,,,
142,陳怡珍,111年臺南市議員選舉,首次申報,1110906,宣傳支出,中華郵政股份有限公司台南西門路郵局,69678322,0.00,1080.00,,,,郵寄競選物品或宣傳廣告費用,金錢,臺南市南區西****,,否,,,,,,,
143,陳怡珍,111年臺南市議員選舉,首次申報,1110907,宣傳支出,中華郵政股份有限公司台南文元郵局,78963430,0.00,140.00,,,,郵寄競選物品或宣傳廣告費用,金錢,臺南市北區文****,,否,,,,,,,
144,陳怡珍,111年臺南市議員選舉,首次申報,1110908,宣傳支出,中華郵政股份有限公司台南友愛街郵局,69678316,0.00,500.00,,,,郵寄競選物品或宣傳廣告費用,金錢,臺南市中西區****,,否,,,,,,,
145,陳怡珍,111年臺南市議員選舉,首次申報,1110909,雜支支出,惹草拈花花坊,45789241,0.00,10000.00,,,,雜項購置或修繕費用,金錢,臺中市豐原區****,,否,,,,,,,
146,陳怡珍,111年臺南市議員選舉,首次申報,1110911,雜支支出,禾康餐飲有限公司,90151302,0.00,5800.00,,,,餐飲費用,金錢,臺南市安平區****,,否,,,,,,,
147,陳怡珍,111年臺南市議員選舉,首次申報,1110912,雜支支出,立暉蘭園,25783304,0.00,3000.00,,,,雜項購置或修繕費用,金錢,臺南市安南區****,,否,,,,,,,
148,陳怡珍,111年臺南市議員選舉,首次申報,1110912,宣傳支出,中華郵政股份有限公司台南灣裡郵局,69678478,0.00,164.00,,,,郵寄競選物品或宣傳廣告費用,金錢,臺南市南區灣****,,否,,,,,,,
149,陳怡珍,111年臺南市議員選舉,首次申報,1110912,宣傳支出,中華郵政股份有限公司台南文元郵局,78963430,0.00,95.00,,,,郵寄競選物品或宣傳廣告費用,金錢,臺南市北區文****,,否,,,,,,,
150,陳怡珍,111年臺南市議員選舉,首次申報,1110914,雜支支出,芳苑鮮花店,18284681,0.00,15000.00,,,,雜項購置或修繕費用,金錢,嘉義市西區北****,,否,,,,,,,
151,陳怡珍,111年臺南市議員選舉,首次申報,1110914,雜支支出,芳苑鮮花店,18284681,0.00,15000.00,,,,雜項購置或修繕費用,金錢,嘉義市西區北****,,否,,,,,,,
152,陳怡珍,111年臺南市議員選舉,首次申報,1110915,宣傳支出,中華郵政股份有限公司台南文元郵局,78963430,0.00,63.00,,,,郵寄競選物品或宣傳廣告費用,金錢,臺南市北區文****,,否,,,,,,,
153,陳怡珍,111年臺南市議員選舉,首次申報,1110916,宣傳支出,中華郵政股份有限公司台南水交社郵局,69678343,0.00,140.00,,,,郵寄競選物品或宣傳廣告費用,金錢,臺南市中西區****,,否,,,,,,,
154,陳怡珍,111年臺南市議員選舉,首次申報,1110917,租用宣傳車輛支出,瑞達汽車股份有限公司北台南分公司,54996926,0.00,3223.00,,,,維修宣傳車輛費用,金錢,臺南市北區中****,,否,,,,,,,
155,陳怡珍,111年臺南市議員選舉,首次申報,1110917,宣傳支出,采玥企業社,85610307,0.00,18000.00,,,,製作競選物品或宣傳廣告費用（物品名稱-布旗）,金錢,臺南市歸仁區****,,否,,,,,,,
156,陳怡珍,111年臺南市議員選舉,首次申報,1110920,雜支支出,森鴻食品有限公司,64815987,0.00,1800.00,,,,餐飲費用,金錢,臺南市安平區****,,否,,,,,,,
157,陳怡珍,111年臺南市議員選舉,首次申報,1110921,宣傳支出,中華郵政股份有限公司台南水交社郵局,69678343,0.00,36.00,,,,郵寄競選物品或宣傳廣告費用,金錢,臺南市中西區****,,否,,,,,,,
158,陳怡珍,111年臺南市議員選舉,首次申報,1110921,宣傳支出,中華郵政股份有限公司台南文元郵局,78963430,0.00,3200.00,,,,郵寄競選物品或宣傳廣告費用,金錢,臺南市北區文****,,否,,,,,,,
159,陳怡珍,111年臺南市議員選舉,首次申報,1110921,宣傳支出,中華郵政股份有限公司台南文元郵局,78963430,0.00,28.00,,,,郵寄競選物品或宣傳廣告費用,金錢,臺南市北區文****,,否,,,,,,,
160,陳怡珍,111年臺南市議員選舉,首次申報,1110927,宣傳支出,中華郵政股份有限公司台南興華街郵局,69678364,0.00,400.00,,,,郵寄競選物品或宣傳廣告費用,金錢,臺南市中西區****,,否,,,,,,,
161,陳怡珍,111年臺南市議員選舉,首次申報,1110927,宣傳支出,中華郵政股份有限公司台南文元郵局,78963430,0.00,72.00,,,,郵寄競選物品或宣傳廣告費用,金錢,臺南市北區文****,,否,,,,,,,
162,陳怡珍,111年臺南市議員選舉,首次申報,1110928,宣傳支出,威航食品有限公司,97079214,0.00,22500.00,,,,製作競選物品或宣傳廣告費用（物品名稱-礦泉水）,金錢,高雄市湖內區****,,否,,,,,,,
163,陳怡珍,111年臺南市議員選舉,首次申報,1110930,宣傳支出,開元生活科技股份有限公司,12885716,0.00,30000.00,,,,製作競選物品或宣傳廣告費用（物品名稱-礦泉水）,金錢,臺南市安南區****,,否,,,,,,,
164,陳怡珍,111年臺南市議員選舉,首次申報,1110930,雜支支出,典雅花苑,17247647,0.00,7000.00,,,,雜項購置或修繕費用,金錢,臺南市新營區****,,否,,,,,,,
165,陳怡珍,111年臺南市議員選舉,首次申報,1110930,集會支出,城記包子店,17591774,0.00,14400.00,,,,餐飲費用,金錢,臺南市中西區****,,否,,,,,,,
166,陳怡珍,111年臺南市議員選舉,首次申報,1110930,雜支支出,立暉蘭園,25783304,0.00,2000.00,,,,雜項購置或修繕費用,金錢,臺南市安南區****,,否,,,,,,,
167,陳怡珍,111年臺南市議員選舉,首次申報,1110930,雜支支出,久禾花藝,62977009,0.00,103500.00,,,,雜項購置或修繕費用,金錢,臺南市安南區****,,否,,,,,,,
168,陳怡珍,111年臺南市議員選舉,首次申報,1110930,雜支支出,利順鮮花店,73864328,0.00,29750.00,,,,雜項購置或修繕費用,金錢,臺南市安南區****,,否,,,,,,,
169,陳怡珍,111年臺南市議員選舉,首次申報,1111001,雜支支出,益福商行,10869134,0.00,8400.00,,,,雜項購置或修繕費用,金錢,臺南市安南區****,,否,,,,,,,
170,陳怡珍,111年臺南市議員選舉,首次申報,1111003,集會支出,臺南市政府環境保護局,,0.00,3000.00,,,,租用設備費用,金錢,臺南市東區中****,,否,,,,,,,
171,陳怡珍,111年臺南市議員選舉,首次申報,1111003,宣傳支出,臺灣中華日報社股份有限公司,03710808,0.00,35000.00,,,,播放、傳送或刊登宣傳廣告費用,金錢,臺南市北區西****,,否,,,,,,,
172,陳怡珍,111年臺南市議員選舉,首次申報,1111003,宣傳支出,耕辛企業行,26426993,0.00,8600.00,,,,郵寄競選物品或宣傳廣告費用,金錢,臺南市永康區****,,否,,,,,,,
173,陳怡珍,111年臺南市議員選舉,首次申報,1111004,雜支支出,淨江國際有限公司,54080557,0.00,1500.00,,,,雜項購置或修繕費用,金錢,臺南市安南區****,,否,,,,,,,
174,陳怡珍,111年臺南市議員選舉,首次申報,1111006,宣傳支出,中華郵政股份有限公司台南成功路郵局,69109808,0.00,4000.00,,,,郵寄競選物品或宣傳廣告費用,金錢,臺南市北區成****,,否,,,,,,,
175,陳怡珍,111年臺南市議員選舉,首次申報,1111007,雜支支出,立暉蘭園,25783304,0.00,6000.00,,,,雜項購置或修繕費用,金錢,臺南市安南區****,,否,,,,,,,
176,陳怡珍,111年臺南市議員選舉,首次申報,1111007,租用宣傳車輛支出,瑞達汽車股份有限公司北台南分公司,54996926,0.00,8657.00,,,,維修宣傳車輛費用,金錢,臺南市北區中****,,否,,,,,,,
177,陳怡珍,111年臺南市議員選舉,首次申報,1111007,宣傳支出,中華郵政股份有限公司台南文元郵局,78963430,0.00,44.00,,,,郵寄競選物品或宣傳廣告費用,金錢,臺南市北區文****,,否,,,,,,,
178,陳怡珍,111年臺南市議員選舉,首次申報,1111010,集會支出,國藝企業社,09015010,0.00,10000.00,,,,租用設備費用,金錢,臺南市將軍區****,,否,,,,,,,
179,陳怡珍,111年臺南市議員選舉,首次申報,1111012,雜支支出,鑫大鴻企業有限公司,24915454,0.00,15500.00,,,,雜項購置或修繕費用,金錢,臺南市大內區****,,否,,,,,,,
180,陳怡珍,111年臺南市議員選舉,首次申報,1111012,宣傳支出,中華郵政股份有限公司台南文元郵局,78963430,0.00,28.00,,,,郵寄競選物品或宣傳廣告費用,金錢,臺南市北區文****,,否,,,,,,,
181,陳怡珍,111年臺南市議員選舉,首次申報,1111013,宣傳支出,中華郵政股份有限公司台南文元郵局,78963430,0.00,44.00,,,,郵寄競選物品或宣傳廣告費用,金錢,臺南市北區文****,,否,,,,,,,
182,陳怡珍,111年臺南市議員選舉,首次申報,1111015,雜支支出,森鴻食品有限公司,64815987,0.00,1830.00,,,,餐飲費用,金錢,臺南市安平區****,,否,,,,,,,
183,陳怡珍,111年臺南市議員選舉,首次申報,1111017,雜支支出,菁鈨科技有限公司,42922219,0.00,20000.00,,,,雜項購置或修繕費用,金錢,臺南市仁德區****,,否,,,,,,,
184,陳怡珍,111年臺南市議員選舉,首次申報,1111017,雜支支出,全日通通訊行,73850149,0.00,1100.00,,,,雜項購置或修繕費用,金錢,臺南市中西區****,,否,,,,,,,
185,陳怡珍,111年臺南市議員選舉,首次申報,1111017,宣傳支出,采玥企業社,85610307,0.00,20000.00,,,,製作競選物品或宣傳廣告費用（物品名稱-關東旗）,金錢,臺南市歸仁區****,,否,,,,,,,
186,陳怡珍,111年臺南市議員選舉,首次申報,1111019,宣傳支出,采玥企業社,85610307,0.00,20000.00,,,,製作競選物品或宣傳廣告費用（物品名稱-關東旗）,金錢,臺南市歸仁區****,,否,,,,,,,
187,陳怡珍,111年臺南市議員選舉,首次申報,1111020,集會支出,國藝企業社,09015010,0.00,6000.00,,,,租用設備費用,金錢,臺南市將軍區****,,否,,,,,,,
188,陳怡珍,111年臺南市議員選舉,首次申報,1111020,雜支支出,一心國際科技有限公司,27492915,0.00,3160.00,,,,文具用品費用,金錢,臺中市南屯區****,,否,,,,,,,
189,陳怡珍,111年臺南市議員選舉,首次申報,1111020,宣傳支出,中華郵政股份有限公司台南文元郵局,78963430,0.00,144.00,,,,郵寄競選物品或宣傳廣告費用,金錢,臺南市北區文****,,否,,,,,,,
190,陳怡珍,111年臺南市議員選舉,首次申報,1111020,宣傳支出,大橡科技有限公司,82818310,0.00,50400.00,,,,發送電信簡訊費用,金錢,臺北市中正區****,,否,,,,,,,
191,陳怡珍,111年臺南市議員選舉,首次申報,1111020,宣傳支出,威航食品有限公司,97079214,0.00,91450.00,,,,製作競選物品或宣傳廣告費用（物品名稱-礦泉水）,金錢,高雄市湖內區****,,否,,,,,,,
192,陳怡珍,111年臺南市議員選舉,首次申報,1111021,集會支出,臺南市政府環境保護局,,0.00,3000.00,,,,租用設備費用,金錢,臺南市東區中****,,否,,,,,,,
193,陳怡珍,111年臺南市議員選舉,首次申報,1111021,雜支支出,東香小吃店,06515238,0.00,35000.00,,,,餐飲費用,金錢,臺南市安南區****,,否,,,,,,,
194,陳怡珍,111年臺南市議員選舉,首次申報,1111021,雜支支出,立暉蘭園,25783304,0.00,3000.00,,,,雜項購置或修繕費用,金錢,臺南市安南區****,,否,,,,,,,
195,陳怡珍,111年臺南市議員選舉,首次申報,1111021,宣傳支出,亞太電信股份有限公司,70771579,0.00,30000.00,,,,發送電信簡訊費用,金錢,臺北市內湖區****,,否,,,,,,,
196,陳怡珍,111年臺南市議員選舉,首次申報,1111021,宣傳支出,采玥企業社,85610307,0.00,20000.00,,,,製作競選物品或宣傳廣告費用（物品名稱-關東旗）,金錢,臺南市歸仁區****,,否,,,,,,,
197,陳怡珍,111年臺南市議員選舉,首次申報,1111021,雜支支出,偉儒商行,89007842,0.00,1150.00,,,,餐飲費用,金錢,臺南市北區公****,,否,,,,,,,
198,陳怡珍,111年臺南市議員選舉,首次申報,1111022,宣傳支出,耕辛企業行,26426993,0.00,6800.00,,,,郵寄競選物品或宣傳廣告費用,金錢,臺南市永康區****,,否,,,,,,,
199,陳怡珍,111年臺南市議員選舉,首次申報,1111022,雜支支出,森兜風咖啡館,40743056,0.00,500.00,,,,餐飲費用,金錢,臺南市北區育****,,否,,,,,,,
200,陳怡珍,111年臺南市議員選舉,首次申報,1111022,雜支支出,全日通通訊行,73850149,0.00,390.00,,,,雜項購置或修繕費用,金錢,臺南市中西區****,,否,,,,,,,
201,陳怡珍,111年臺南市議員選舉,首次申報,1111023,集會支出,競選總部,D22*******,0.00,2380.00,,,,餐飲費用,非金錢,臺南市北區大****,,否,,,,,,,
202,陳怡珍,111年臺南市議員選舉,首次申報,1111023,集會支出,競選總部,D22*******,0.00,6880.00,,,,餐飲費用,非金錢,臺南市北區大****,,否,,,,,,,
203,陳怡珍,111年臺南市議員選舉,首次申報,1111024,雜支支出,湘陽實業社,26437226,0.00,33950.00,,,,雜項購置或修繕費用,金錢,臺南市山上區****,,否,,,,,,,
204,陳怡珍,111年臺南市議員選舉,首次申報,1111024,宣傳支出,中華郵政股份有限公司台南水交社郵局,69678343,0.00,88.00,,,,郵寄競選物品或宣傳廣告費用,金錢,臺南市中西區****,,否,,,,,,,
205,陳怡珍,111年臺南市議員選舉,首次申報,1111024,宣傳支出,中華郵政股份有限公司台南興華街郵局,69678364,0.00,31.00,,,,郵寄競選物品或宣傳廣告費用,金錢,臺南市中西區****,,否,,,,,,,
206,陳怡珍,111年臺南市議員選舉,首次申報,1111025,雜支支出,森兜風咖啡館,40743056,0.00,500.00,,,,餐飲費用,金錢,臺南市北區育****,,否,,,,,,,
207,陳怡珍,111年臺南市議員選舉,首次申報,1111025,宣傳支出,中華郵政股份有限公司台南西華郵局,69678370,0.00,520.00,,,,郵寄競選物品或宣傳廣告費用,金錢,臺南市北區公****,,否,,,,,,,
208,陳怡珍,111年臺南市議員選舉,首次申報,1111025,宣傳支出,中華郵政股份有限公司台南文元郵局,78963430,0.00,28.00,,,,郵寄競選物品或宣傳廣告費用,金錢,臺南市北區文****,,否,,,,,,,
209,陳怡珍,111年臺南市議員選舉,首次申報,1111025,宣傳支出,威航食品有限公司,97079214,0.00,25500.00,,,,製作競選物品或宣傳廣告費用（物品名稱-礦泉水）,金錢,高雄市湖內區****,,否,,,,,,,
210,陳怡珍,111年臺南市議員選舉,首次申報,1111025,宣傳支出,嘉樂廣播事業股份有限公司,97375587,0.00,30000.00,,,,播放、傳送或刊登宣傳廣告費用,金錢,嘉義市東區小****,,否,,,,,,,
211,陳怡珍,111年臺南市議員選舉,首次申報,1111026,雜支支出,小師傅排骨飯館,06522765,0.00,1380.00,,,,餐飲費用,金錢,臺南市安南區****,,否,,,,,,,
212,陳怡珍,111年臺南市議員選舉,首次申報,1111026,交通旅運支出,燁昇通運有限公司,16074626,0.00,23800.00,,,,其他與交通旅運有關之費用,金錢,臺南市北區中****,,否,,,,,,,
213,陳怡珍,111年臺南市議員選舉,首次申報,1111026,雜支支出,阿田便當店,25814989,0.00,975.00,,,,餐飲費用,金錢,臺南市安南區****,,否,,,,,,,
214,陳怡珍,111年臺南市議員選舉,首次申報,1111026,宣傳支出,中華郵政股份有限公司台南成功路郵局,69109808,0.00,30816.00,,,,郵寄競選物品或宣傳廣告費用,金錢,臺南市北區成****,,否,,,,,,,
215,陳怡珍,111年臺南市議員選舉,首次申報,1111026,宣傳支出,中華郵政股份有限公司台南成功路郵局,69109808,0.00,9252.00,,,,郵寄競選物品或宣傳廣告費用,金錢,臺南市北區成****,,否,,,,,,,
216,陳怡珍,111年臺南市議員選舉,首次申報,1111026,宣傳支出,中華郵政股份有限公司台南成功路郵局,69109808,0.00,14976.00,,,,郵寄競選物品或宣傳廣告費用,金錢,臺南市北區成****,,否,,,,,,,
217,陳怡珍,111年臺南市議員選舉,首次申報,1111026,宣傳支出,凱旋紙品有限公司,86403100,0.00,500000.00,,,,製作競選物品或宣傳廣告費用（物品名稱-文宣）,金錢,臺南市永康區****,,否,,,,,,,
218,陳怡珍,111年臺南市議員選舉,首次申報,1111027,宣傳支出,青春廣播電台股份有限公司,13073883,0.00,110000.00,,,,播放、傳送或刊登宣傳廣告費用,金錢,臺南市北區臨****,,否,,,,,,,
219,陳怡珍,111年臺南市議員選舉,首次申報,1111027,宣傳支出,中華郵政股份有限公司台南成功路郵局,69109808,0.00,23583.00,,,,郵寄競選物品或宣傳廣告費用,金錢,臺南市北區成****,,否,,,,,,,
220,陳怡珍,111年臺南市議員選舉,首次申報,1111027,宣傳支出,中華郵政股份有限公司台南成功路郵局,69109808,0.00,34992.00,,,,郵寄競選物品或宣傳廣告費用,金錢,臺南市北區成****,,否,,,,,,,
221,陳怡珍,111年臺南市議員選舉,首次申報,1111027,宣傳支出,中華郵政股份有限公司台南文元郵局,78963430,0.00,80.00,,,,郵寄競選物品或宣傳廣告費用,金錢,臺南市北區文****,,否,,,,,,,
222,陳怡珍,111年臺南市議員選舉,首次申報,1111027,宣傳支出,中華郵政股份有限公司台南文元郵局,78963430,0.00,28.00,,,,郵寄競選物品或宣傳廣告費用,金錢,臺南市北區文****,,否,,,,,,,
223,陳怡珍,111年臺南市議員選舉,首次申報,1111027,雜支支出,好棒棒土雞專賣店,81404761,0.00,1050.00,,,,餐飲費用,金錢,臺南市北區成****,,否,,,,,,,
224,陳怡珍,111年臺南市議員選舉,首次申報,1111028,宣傳支出,中華郵政股份有限公司台南成功路郵局,69109808,0.00,39639.00,,,,郵寄競選物品或宣傳廣告費用,金錢,臺南市北區成****,,否,,,,,,,
225,陳怡珍,111年臺南市議員選舉,首次申報,1111029,宣傳支出,小親親童裝,77240062,0.00,12420.00,,,,製作競選物品或宣傳廣告費用（物品名稱-棉T）,金錢,臺中市西屯區****,,否,,,,,,,
226,陳怡珍,111年臺南市議員選舉,首次申報,1111029,集會支出,競選總部,D22*******,0.00,825.00,,,,餐飲費用,非金錢,臺南市北區大****,,否,,,,,,,
227,陳怡珍,111年臺南市議員選舉,首次申報,1111030,集會支出,國藝企業社,09015010,0.00,10000.00,,,,租用設備費用,金錢,臺南市將軍區****,,否,,,,,,,
228,陳怡珍,111年臺南市議員選舉,首次申報,1111030,集會支出,競選總部,D22*******,0.00,825.00,,,,餐飲費用,非金錢,臺南市北區大****,,否,,,,,,,
229,陳怡珍,111年臺南市議員選舉,首次申報,1111031,雜支支出,典雅花苑,17247647,0.00,8000.00,,,,雜項購置或修繕費用,金錢,臺南市新營區****,,否,,,,,,,
230,陳怡珍,111年臺南市議員選舉,首次申報,1111031,集會支出,城記包子店,17591774,0.00,14400.00,,,,餐飲費用,金錢,臺南市中西區****,,否,,,,,,,
231,陳怡珍,111年臺南市議員選舉,首次申報,1111031,雜支支出,久禾花藝,62977009,0.00,95900.00,,,,雜項購置或修繕費用,金錢,臺南市安南區****,,否,,,,,,,
232,陳怡珍,111年臺南市議員選舉,首次申報,1111031,雜支支出,克林食品店,68274532,0.00,877.00,,,,餐飲費用,金錢,臺南市中西區****,,否,,,,,,,
233,陳怡珍,111年臺南市議員選舉,首次申報,1111031,雜支支出,利順鮮花店,73864328,0.00,20300.00,,,,雜項購置或修繕費用,金錢,臺南市安南區****,,否,,,,,,,
234,陳怡珍,111年臺南市議員選舉,首次申報,1111031,宣傳支出,中華郵政股份有限公司台南文元郵局,78963430,0.00,128.00,,,,郵寄競選物品或宣傳廣告費用,金錢,臺南市北區文****,,否,,,,,,,
235,陳怡珍,111年臺南市議員選舉,首次申報,1111031,宣傳支出,中華郵政股份有限公司台南文元郵局,78963430,0.00,180.00,,,,郵寄競選物品或宣傳廣告費用,金錢,臺南市北區文****,,否,,,,,,,
236,陳怡珍,111年臺南市議員選舉,首次申報,1111031,宣傳支出,府城人語新聞社,81260130,0.00,30000.00,,,,播放、傳送或刊登宣傳廣告費用,金錢,臺南市楠西區****,,否,,,,,,,
237,陳怡珍,111年臺南市議員選舉,首次申報,1111031,人事費用支出,歐陽珊,D20*******,0.00,16884.00,,,,工資或薪津,金錢,臺南市東區大****,,否,,,,,,,
238,陳怡珍,111年臺南市議員選舉,首次申報,1111031,人事費用支出,施秀卿,D20*******,0.00,15540.00,,,,工資或薪津,金錢,臺南市中西區****,,否,,,,,,,
239,陳怡珍,111年臺南市議員選舉,首次申報,1111031,人事費用支出,蘇春美,D20*******,0.00,3696.00,,,,工資或薪津,金錢,臺南市北區中****,,否,,,,,,,
240,陳怡珍,111年臺南市議員選舉,首次申報,1111031,人事費用支出,施秋燕,D22*******,0.00,4704.00,,,,工資或薪津,金錢,臺南市南區新****,,否,,,,,,,
241,陳怡珍,111年臺南市議員選舉,首次申報,1111031,人事費用支出,吳美惠,D22*******,0.00,5376.00,,,,工資或薪津,金錢,臺南市安南區****,,否,,,,,,,
242,陳怡珍,111年臺南市議員選舉,首次申報,1111031,人事費用支出,陳如萍,D22*******,0.00,7056.00,,,,工資或薪津,金錢,臺南市北區西****,,否,,,,,,,
243,陳怡珍,111年臺南市議員選舉,首次申報,1111031,人事費用支出,郭惠齡,D22*******,0.00,7056.00,,,,工資或薪津,金錢,臺南市安南區****,,否,,,,,,,
244,陳怡珍,111年臺南市議員選舉,首次申報,1111031,人事費用支出,鄭美椒,D22*******,0.00,10416.00,,,,工資或薪津,金錢,臺南市南區國****,,否,,,,,,,
245,陳怡珍,111年臺南市議員選舉,首次申報,1111031,人事費用支出,陳妙馨,D22*******,0.00,5376.00,,,,工資或薪津,金錢,臺南市永康區****,,否,,,,,,,
246,陳怡珍,111年臺南市議員選舉,首次申報,1111031,人事費用支出,蔡淑娟,D22*******,0.00,5712.00,,,,工資或薪津,金錢,臺南市永康區****,,否,,,,,,,
247,陳怡珍,111年臺南市議員選舉,首次申報,1111031,人事費用支出,賴沛漩,D22*******,0.00,6048.00,,,,工資或薪津,金錢,臺南市安南區****,,否,,,,,,,
248,陳怡珍,111年臺南市議員選舉,首次申報,1111031,人事費用支出,吳逸萱,D22*******,0.00,336.00,,,,工資或薪津,金錢,臺南市南區喜****,,否,,,,,,,
249,陳怡珍,111年臺南市議員選舉,首次申報,1111031,人事費用支出,林香美,D22*******,0.00,1344.00,,,,工資或薪津,金錢,臺南市北區西****,,否,,,,,,,
250,陳怡珍,111年臺南市議員選舉,首次申報,1111031,人事費用支出,劉春美,R20*******,0.00,13440.00,,,,工資或薪津,金錢,臺南市中西區****,,否,,,,,,,
251,陳怡珍,111年臺南市議員選舉,首次申報,1111031,人事費用支出,楊春月,R22*******,0.00,10416.00,,,,工資或薪津,金錢,臺南市安南區****,,否,,,,,,,
252,陳怡珍,111年臺南市議員選舉,首次申報,1111031,人事費用支出,王璿雲,R22*******,0.00,7056.00,,,,工資或薪津,金錢,臺南市安南區****,,否,,,,,,,
253,陳怡珍,111年臺南市議員選舉,首次申報,1111031,人事費用支出,張麗卿,R22*******,0.00,15120.00,,,,工資或薪津,金錢,臺南市永康區****,,否,,,,,,,
254,陳怡珍,111年臺南市議員選舉,首次申報,1111031,人事費用支出,張秀娥,R22*******,0.00,13188.00,,,,工資或薪津,金錢,臺南市南區金****,,否,,,,,,,
255,陳怡珍,111年臺南市議員選舉,首次申報,1111031,人事費用支出,朱恬槿,R22*******,0.00,5712.00,,,,工資或薪津,金錢,臺南市安定區****,,否,,,,,,,
256,陳怡珍,111年臺南市議員選舉,首次申報,1111031,人事費用支出,黃琇榆,U22*******,0.00,1008.00,,,,工資或薪津,金錢,臺南市南區鹽****,,否,,,,,,,
257,陳怡珍,111年臺南市議員選舉,首次申報,1111101,集會支出,臺南市政府環境保護局,,0.00,12000.00,,,,租用設備費用,金錢,臺南市東區中****,,否,,,,,,,
258,陳怡珍,111年臺南市議員選舉,首次申報,1111101,返還捐贈支出,順益冷氣有限公司,27805780,0.00,50000.00,,,,返還,金錢,臺南市安南區****,,否,,,,,,,
259,陳怡珍,111年臺南市議員選舉,首次申報,1111101,返還捐贈支出,新勝光機械有限公司,53085999,0.00,100000.00,,,,返還,金錢,臺北市中山區****,,否,,,,,,,
260,陳怡珍,111年臺南市議員選舉,首次申報,1111101,返還捐贈支出,德妮文教事業有限公司,54068532,0.00,50000.00,,,,返還,金錢,臺南市中西區****,,否,,,,,,,
261,陳怡珍,111年臺南市議員選舉,首次申報,1111101,宣傳支出,中華郵政股份有限公司台南文元郵局,78963430,0.00,70.00,,,,郵寄競選物品或宣傳廣告費用,金錢,臺南市北區文****,,否,,,,,,,
262,陳怡珍,111年臺南市議員選舉,首次申報,1111101,宣傳支出,中華郵政股份有限公司台南文元郵局,78963430,0.00,290.00,,,,郵寄競選物品或宣傳廣告費用,金錢,臺南市北區文****,,否,,,,,,,
263,陳怡珍,111年臺南市議員選舉,首次申報,1111101,宣傳支出,采玥企業社,85610307,0.00,60000.00,,,,製作競選物品或宣傳廣告費用（物品名稱-關東旗）,金錢,臺南市歸仁區****,,否,,,,,,,
264,陳怡珍,111年臺南市議員選舉,首次申報,1111101,返還捐贈支出,聖凡資訊有限公司,89854888,0.00,10000.00,,,,返還,金錢,臺南市北區南****,,否,,,,,,,
265,陳怡珍,111年臺南市議員選舉,首次申報,1111102,宣傳支出,中華郵政股份有限公司台南文元郵局,78963430,0.00,408.00,,,,郵寄競選物品或宣傳廣告費用,金錢,臺南市北區文****,,否,,,,,,,
266,陳怡珍,111年臺南市議員選舉,首次申報,1111103,集會支出,臺南市北區區公所,,0.00,15000.00,,,,租用場地費用,金錢,臺南市北區成****,,否,,,,,,,
267,陳怡珍,111年臺南市議員選舉,首次申報,1111103,雜支支出,小師傅排骨飯館,06522765,0.00,490.00,,,,餐飲費用,金錢,臺南市安南區****,,否,,,,,,,
268,陳怡珍,111年臺南市議員選舉,首次申報,1111103,宣傳支出,耕辛企業行,26426993,0.00,13200.00,,,,郵寄競選物品或宣傳廣告費用,金錢,臺南市永康區****,,否,,,,,,,
269,陳怡珍,111年臺南市議員選舉,首次申報,1111103,宣傳支出,中華郵政股份有限公司台南文元郵局,78963430,0.00,72.00,,,,郵寄競選物品或宣傳廣告費用,金錢,臺南市北區文****,,否,,,,,,,
270,陳怡珍,111年臺南市議員選舉,首次申報,1111103,宣傳支出,中華郵政股份有限公司台南文元郵局,78963430,0.00,130.00,,,,郵寄競選物品或宣傳廣告費用,金錢,臺南市北區文****,,否,,,,,,,
271,陳怡珍,111年臺南市議員選舉,首次申報,1111103,宣傳支出,中華郵政股份有限公司台南文元郵局,78963430,0.00,60.00,,,,郵寄競選物品或宣傳廣告費用,金錢,臺南市北區文****,,否,,,,,,,
272,陳怡珍,111年臺南市議員選舉,首次申報,1111103,宣傳支出,采玥企業社,85610307,0.00,52000.00,,,,製作競選物品或宣傳廣告費用（物品名稱-手搖旗）,金錢,臺南市歸仁區****,,否,,,,,,,
273,陳怡珍,111年臺南市議員選舉,首次申報,1111103,宣傳支出,雙子星有線電視股份有限公司,97160397,0.00,120000.00,,,,播放、傳送或刊登宣傳廣告費用,金錢,臺南市北區北****,,否,,,,,,,
274,陳怡珍,111年臺南市議員選舉,首次申報,1111104,雜支支出,土城海產飲食店,06509876,0.00,3700.00,,,,餐飲費用,金錢,臺南市安南區****,,否,,,,,,,
275,陳怡珍,111年臺南市議員選舉,首次申報,1111104,宣傳支出,中華郵政股份有限公司台南文元郵局,78963430,0.00,35.00,,,,郵寄競選物品或宣傳廣告費用,金錢,臺南市北區文****,,否,,,,,,,
276,陳怡珍,111年臺南市議員選舉,首次申報,1111104,宣傳支出,采玥企業社,85610307,0.00,157000.00,,,,製作競選物品或宣傳廣告費用（物品名稱-關東旗.手搖旗）,金錢,臺南市歸仁區****,,否,,,,,,,
277,陳怡珍,111年臺南市議員選舉,首次申報,1111105,集會支出,在和企業社,10852014,0.00,3900.00,,,,租用設備費用,金錢,臺南市安南區****,,否,,,,,,,
278,陳怡珍,111年臺南市議員選舉,首次申報,1111105,宣傳支出,耕辛企業行,26426993,0.00,6600.00,,,,郵寄競選物品或宣傳廣告費用,金錢,臺南市永康區****,,否,,,,,,,
279,陳怡珍,111年臺南市議員選舉,首次申報,1111105,雜支支出,森兜風咖啡館,40743056,0.00,1400.00,,,,餐飲費用,金錢,臺南市北區育****,,否,,,,,,,
280,陳怡珍,111年臺南市議員選舉,首次申報,1111106,集會支出,國藝企業社,09015010,0.00,30000.00,,,,租用設備費用,金錢,臺南市將軍區****,,否,,,,,,,
281,陳怡珍,111年臺南市議員選舉,首次申報,1111106,集會支出,在和企業社,10852014,0.00,40200.00,,,,租用設備費用,金錢,臺南市安南區****,,否,,,,,,,
282,陳怡珍,111年臺南市議員選舉,首次申報,1111106,集會支出,城記包子店,17591774,0.00,16200.00,,,,餐飲費用,金錢,臺南市中西區****,,否,,,,,,,
283,陳怡珍,111年臺南市議員選舉,首次申報,1111106,集會支出,南凱發電機行,20163635,0.00,10000.00,,,,租用設備費用,金錢,臺南市南區中****,,否,,,,,,,
284,陳怡珍,111年臺南市議員選舉,首次申報,1111106,宣傳支出,耕辛企業行,26426993,0.00,8200.00,,,,郵寄競選物品或宣傳廣告費用,金錢,臺南市永康區****,,否,,,,,,,
285,陳怡珍,111年臺南市議員選舉,首次申報,1111106,集會支出,佳晨環保工程有限公司高雄分公司,27546264,0.00,10400.00,,,,租用設備費用,金錢,高雄市三民區****,,否,,,,,,,
286,陳怡珍,111年臺南市議員選舉,首次申報,1111106,集會支出,杰哥音樂傳播工作室,37747178,0.00,23900.00,,,,租用設備費用,金錢,臺南市西港區****,,否,,,,,,,
287,陳怡珍,111年臺南市議員選舉,首次申報,1111106,雜支支出,克林食品店,68274532,0.00,35000.00,,,,餐飲費用,金錢,臺南市中西區****,,否,,,,,,,
288,陳怡珍,111年臺南市議員選舉,首次申報,1111106,集會支出,米高梅企業社,70909498,0.00,25000.00,,,,租用設備費用,金錢,臺南市仁德區****,,否,,,,,,,
289,陳怡珍,111年臺南市議員選舉,首次申報,1111106,集會支出,展新食品行,99535701,0.00,40000.00,,,,餐飲費用,金錢,臺南市中西區****,,否,,,,,,,
290,陳怡珍,111年臺南市議員選舉,首次申報,1111106,集會支出,競選總部,D22*******,0.00,17200.00,,,,餐飲費用,非金錢,臺南市北區大****,,否,,,,,,,
291,陳怡珍,111年臺南市議員選舉,首次申報,1111107,宣傳支出,中華郵政股份有限公司台南西華郵局,69699543,0.00,150.00,,,,郵寄競選物品或宣傳廣告費用,金錢,臺南市北區西****,,否,,,,,,,
292,陳怡珍,111年臺南市議員選舉,首次申報,1111108,宣傳支出,中華郵政股份有限公司台南文元郵局,78963430,0.00,44.00,,,,郵寄競選物品或宣傳廣告費用,金錢,臺南市北區文****,,否,,,,,,,
293,陳怡珍,111年臺南市議員選舉,首次申報,1111108,宣傳支出,中華郵政股份有限公司台南文元郵局,78963430,0.00,4000.00,,,,郵寄競選物品或宣傳廣告費用,金錢,臺南市北區文****,,否,,,,,,,
294,陳怡珍,111年臺南市議員選舉,首次申報,1111108,租用宣傳車輛支出,滿滿廣告社,99281164,0.00,18000.00,,,,租用宣傳車輛費用,金錢,臺南市中西區****,,否,,,,,,,
295,陳怡珍,111年臺南市議員選舉,首次申報,1111109,宣傳支出,臺灣中華日報社股份有限公司,03710808,0.00,70000.00,,,,播放、傳送或刊登宣傳廣告費用,金錢,臺南市北區西****,,否,,,,,,,
296,陳怡珍,111年臺南市議員選舉,首次申報,1111109,宣傳支出,獅王國際衣帽有限公司,24291859,0.00,304500.00,,,,製作競選物品或宣傳廣告費用（物品名稱-帽子）,金錢,臺中市西區美****,,否,,,,,,,
297,陳怡珍,111年臺南市議員選舉,首次申報,1111109,宣傳支出,小親親童裝,77240062,0.00,16540.00,,,,製作競選物品或宣傳廣告費用（物品名稱-棉T）,金錢,臺中市西屯區****,,否,,,,,,,
298,陳怡珍,111年臺南市議員選舉,首次申報,1111109,宣傳支出,中華郵政股份有限公司台南文元郵局,78963430,0.00,560.00,,,,郵寄競選物品或宣傳廣告費用,金錢,臺南市北區文****,,否,,,,,,,
299,陳怡珍,111年臺南市議員選舉,首次申報,1111109,宣傳支出,中華郵政股份有限公司台南文元郵局,78963430,0.00,84.00,,,,郵寄競選物品或宣傳廣告費用,金錢,臺南市北區文****,,否,,,,,,,
300,陳怡珍,111年臺南市議員選舉,首次申報,1111109,宣傳支出,中華郵政股份有限公司台南文元郵局,78963430,0.00,44.00,,,,郵寄競選物品或宣傳廣告費用,金錢,臺南市北區文****,,否,,,,,,,
301,陳怡珍,111年臺南市議員選舉,首次申報,1111110,宣傳支出,好吉樂設計工作室,37747888,0.00,14600.00,,,,製作競選物品或宣傳廣告費用（物品名稱-日月扇）,金錢,臺南市中西區****,,否,,,,,,,
302,陳怡珍,111年臺南市議員選舉,首次申報,1111110,宣傳支出,中華郵政股份有限公司台南成功路郵局,69109808,0.00,495.00,,,,郵寄競選物品或宣傳廣告費用,金錢,臺南市北區成****,,否,,,,,,,
303,陳怡珍,111年臺南市議員選舉,首次申報,1111110,租用宣傳車輛支出,滿滿廣告社,99281164,0.00,54000.00,,,,租用宣傳車輛費用,金錢,臺南市中西區****,,否,,,,,,,
304,陳怡珍,111年臺南市議員選舉,首次申報,1111111,宣傳支出,耕辛企業行,26426993,0.00,15000.00,,,,郵寄競選物品或宣傳廣告費用,金錢,臺南市永康區****,,否,,,,,,,
305,陳怡珍,111年臺南市議員選舉,首次申報,1111111,宣傳支出,中華郵政股份有限公司台南水交社郵局,69678343,0.00,92.00,,,,郵寄競選物品或宣傳廣告費用,金錢,臺南市中西區****,,否,,,,,,,
306,陳怡珍,111年臺南市議員選舉,首次申報,1111112,集會支出,國藝企業社,09015010,0.00,10000.00,,,,租用設備費用,金錢,臺南市將軍區****,,否,,,,,,,
307,陳怡珍,111年臺南市議員選舉,首次申報,1111112,宣傳支出,耕辛企業行,26426993,0.00,7400.00,,,,郵寄競選物品或宣傳廣告費用,金錢,臺南市永康區****,,否,,,,,,,
308,陳怡珍,111年臺南市議員選舉,首次申報,1111112,交通旅運支出,詠輪通運有限公司,28295552,0.00,7000.00,,,,其他與交通旅運有關之費用,金錢,臺南市仁德區****,,否,,,,,,,
309,陳怡珍,111年臺南市議員選舉,首次申報,1111112,交通旅運支出,詠輪通運有限公司,28295552,0.00,7000.00,,,,其他與交通旅運有關之費用,金錢,臺南市仁德區****,,否,,,,,,,
310,陳怡珍,111年臺南市議員選舉,首次申報,1111112,雜支支出,好棒棒土雞專賣店,81404761,0.00,2250.00,,,,餐飲費用,金錢,臺南市北區成****,,否,,,,,,,
311,陳怡珍,111年臺南市議員選舉,首次申報,1111112,交通旅運支出,國君交通股份有限公司,82067056,0.00,7350.00,,,,其他與交通旅運有關之費用,金錢,臺南市永康區****,,否,,,,,,,
312,陳怡珍,111年臺南市議員選舉,首次申報,1111112,雜支支出,香伶餐飲,98808892,0.00,3135.00,,,,餐飲費用,金錢,臺南市北區文****,,否,,,,,,,
313,陳怡珍,111年臺南市議員選舉,首次申報,1111112,雜支支出,香伶餐飲,98808892,0.00,2565.00,,,,餐飲費用,金錢,臺南市北區文****,,否,,,,,,,
314,陳怡珍,111年臺南市議員選舉,首次申報,1111112,集會支出,競選總部,D22*******,0.00,1650.00,,,,,非金錢,臺南市北區大****,,否,,,,,,,
315,陳怡珍,111年臺南市議員選舉,首次申報,1111113,集會支出,國藝企業社,09015010,0.00,10000.00,,,,租用設備費用,金錢,臺南市將軍區****,,否,,,,,,,
316,陳怡珍,111年臺南市議員選舉,首次申報,1111113,集會支出,在和企業社,10852014,0.00,3900.00,,,,租用設備費用,金錢,臺南市安南區****,,否,,,,,,,
317,陳怡珍,111年臺南市議員選舉,首次申報,1111113,宣傳支出,耕辛企業行,26426993,0.00,6200.00,,,,郵寄競選物品或宣傳廣告費用,金錢,臺南市永康區****,,否,,,,,,,
318,陳怡珍,111年臺南市議員選舉,首次申報,1111113,集會支出,競選總部,D22*******,0.00,2000.00,,,,餐飲費用,非金錢,臺南市北區大****,,否,,,,,,,
319,陳怡珍,111年臺南市議員選舉,首次申報,1111115,宣傳支出,耕辛企業行,26426993,0.00,59175.00,,,,郵寄競選物品或宣傳廣告費用,金錢,臺南市永康區****,,否,,,,,,,
320,陳怡珍,111年臺南市議員選舉,首次申報,1111115,返還捐贈支出,新勝光興業機電有限公司,72028962,0.00,100000.00,,,,返還,金錢,臺南市後壁區****,,否,,,,,,,
321,陳怡珍,111年臺南市議員選舉,首次申報,1111115,宣傳支出,中華郵政股份有限公司台南文元郵局,78963430,0.00,60.00,,,,郵寄競選物品或宣傳廣告費用,金錢,臺南市北區文****,,否,,,,,,,
322,陳怡珍,111年臺南市議員選舉,首次申報,1111115,宣傳支出,中華郵政股份有限公司台南文元郵局,78963430,0.00,92.00,,,,郵寄競選物品或宣傳廣告費用,金錢,臺南市北區文****,,否,,,,,,,
323,陳怡珍,111年臺南市議員選舉,首次申報,1111115,返還捐贈支出,太陽國際企業有限公司,80012823,0.00,100000.00,,,,返還,金錢,臺南市東區大****,,否,,,,,,,
324,陳怡珍,111年臺南市議員選舉,首次申報,1111115,人事費用支出,歐陽子璇,B22*******,0.00,1344.00,,,,工資或薪津,金錢,臺南市佳里區****,,否,,,,,,,
325,陳怡珍,111年臺南市議員選舉,首次申報,1111115,人事費用支出,蘇春美,D20*******,0.00,11760.00,,,,工資或薪津,金錢,臺南市北區中****,,否,,,,,,,
326,陳怡珍,111年臺南市議員選舉,首次申報,1111115,人事費用支出,施秀卿,D20*******,0.00,12096.00,,,,工資或薪津,金錢,臺南市中西區****,,否,,,,,,,
327,陳怡珍,111年臺南市議員選舉,首次申報,1111115,人事費用支出,歐陽珊,D20*******,0.00,16212.00,,,,工資或薪津,金錢,臺南市東區大****,,否,,,,,,,
328,陳怡珍,111年臺南市議員選舉,首次申報,1111115,人事費用支出,施秋燕,D22*******,0.00,4704.00,,,,工資或薪津,金錢,臺南市南區新****,,否,,,,,,,
329,陳怡珍,111年臺南市議員選舉,首次申報,1111115,人事費用支出,陳妙馨,D22*******,0.00,5040.00,,,,工資或薪津,金錢,臺南市永康區****,,否,,,,,,,
330,陳怡珍,111年臺南市議員選舉,首次申報,1111115,人事費用支出,鄭美椒,D22*******,0.00,8400.00,,,,工資或薪津,金錢,臺南市南區國****,,否,,,,,,,
331,陳怡珍,111年臺南市議員選舉,首次申報,1111115,人事費用支出,郭惠齡,D22*******,0.00,7056.00,,,,工資或薪津,金錢,臺南市安南區****,,否,,,,,,,
332,陳怡珍,111年臺南市議員選舉,首次申報,1111115,人事費用支出,陳如萍,D22*******,0.00,7392.00,,,,工資或薪津,金錢,臺南市北區西****,,否,,,,,,,
333,陳怡珍,111年臺南市議員選舉,首次申報,1111115,人事費用支出,吳美惠,D22*******,0.00,6048.00,,,,工資或薪津,金錢,臺南市安南區****,,否,,,,,,,
334,陳怡珍,111年臺南市議員選舉,首次申報,1111115,人事費用支出,楊雅鈞,D22*******,0.00,336.00,,,,工資或薪津,金錢,臺南市永康區****,,否,,,,,,,
335,陳怡珍,111年臺南市議員選舉,首次申報,1111115,人事費用支出,蔡淑娟,D22*******,0.00,6384.00,,,,工資或薪津,金錢,臺南市永康區****,,否,,,,,,,
336,陳怡珍,111年臺南市議員選舉,首次申報,1111115,人事費用支出,劉春美,R20*******,0.00,12096.00,,,,工資或薪津,金錢,臺南市中西區****,,否,,,,,,,
337,陳怡珍,111年臺南市議員選舉,首次申報,1111115,人事費用支出,王璿雲,R22*******,0.00,5376.00,,,,工資或薪津,金錢,臺南市安南區****,,否,,,,,,,
338,陳怡珍,111年臺南市議員選舉,首次申報,1111115,人事費用支出,楊春月,R22*******,0.00,10080.00,,,,工資或薪津,金錢,臺南市安南區****,,否,,,,,,,
339,陳怡珍,111年臺南市議員選舉,首次申報,1111115,人事費用支出,張麗卿,R22*******,0.00,15708.00,,,,工資或薪津,金錢,臺南市永康區****,,否,,,,,,,
340,陳怡珍,111年臺南市議員選舉,首次申報,1111115,人事費用支出,張秀娥,R22*******,0.00,12768.00,,,,工資或薪津,金錢,臺南市南區金****,,否,,,,,,,
341,陳怡珍,111年臺南市議員選舉,首次申報,1111115,人事費用支出,朱庭萱,R22*******,0.00,3024.00,,,,工資或薪津,金錢,臺南市東區裕****,,否,,,,,,,
342,陳怡珍,111年臺南市議員選舉,首次申報,1111115,人事費用支出,朱恬槿,R22*******,0.00,2688.00,,,,工資或薪津,金錢,臺南市安定區****,,否,,,,,,,
343,陳怡珍,111年臺南市議員選舉,首次申報,1111115,人事費用支出,黃琇榆,U22*******,0.00,672.00,,,,工資或薪津,金錢,臺南市南區鹽****,,否,,,,,,,
344,陳怡珍,111年臺南市議員選舉,首次申報,1111116,宣傳支出,中華郵政股份有限公司台南文元郵局,78963430,0.00,44.00,,,,郵寄競選物品或宣傳廣告費用,金錢,臺南市北區文****,,否,,,,,,,
345,陳怡珍,111年臺南市議員選舉,首次申報,1111117,宣傳支出,中華郵政股份有限公司台南原佃郵局,06523933,0.00,36.00,,,,郵寄競選物品或宣傳廣告費用,金錢,臺南市安南區****,,否,,,,,,,
346,陳怡珍,111年臺南市議員選舉,首次申報,1111117,雜支支出,偉儒商行,89007842,0.00,320.00,,,,餐飲費用,金錢,臺南市北區公****,,否,,,,,,,
347,陳怡珍,111年臺南市議員選舉,首次申報,1111118,宣傳支出,三立電視股份有限公司,23740512,0.00,157500.00,,,,播放、傳送或刊登宣傳廣告費用,金錢,臺北市內湖區****,,否,,,,,,,
348,陳怡珍,111年臺南市議員選舉,首次申報,1111118,宣傳支出,耕辛企業行,26426993,0.00,88000.00,,,,郵寄競選物品或宣傳廣告費用,金錢,臺南市永康區****,,否,,,,,,,
349,陳怡珍,111年臺南市議員選舉,首次申報,1111118,雜支支出,上原料理股份有限公司,54572005,0.00,29750.00,,,,餐飲費用,金錢,臺南市安平區****,,否,,,,,,,
350,陳怡珍,111年臺南市議員選舉,首次申報,1111118,宣傳支出,樺欣企業社,56974551,0.00,13200.00,,,,製作競選物品或宣傳廣告費用（物品名稱-文宣）,金錢,臺南市北區開****,,否,,,,,,,
351,陳怡珍,111年臺南市議員選舉,首次申報,1111118,宣傳支出,中華郵政股份有限公司台南文元郵局,78963430,0.00,80.00,,,,郵寄競選物品或宣傳廣告費用,金錢,臺南市北區文****,,否,,,,,,,
352,陳怡珍,111年臺南市議員選舉,首次申報,1111119,集會支出,國藝企業社,09015010,0.00,10000.00,,,,租用設備費用,金錢,臺南市將軍區****,,否,,,,,,,
353,陳怡珍,111年臺南市議員選舉,首次申報,1111119,租用宣傳車輛支出,滿滿廣告社,99281164,0.00,60000.00,,,,租用宣傳車輛費用,金錢,臺南市中西區****,,否,,,,,,,
354,陳怡珍,111年臺南市議員選舉,首次申報,1111119,集會支出,競選總部,D22*******,0.00,1000.00,,,,餐飲費用,非金錢,臺南市北區大****,,否,,,,,,,
355,陳怡珍,111年臺南市議員選舉,首次申報,1111120,集會支出,國藝企業社,09015010,0.00,10000.00,,,,租用設備費用,金錢,臺南市將軍區****,,否,,,,,,,
356,陳怡珍,111年臺南市議員選舉,首次申報,1111120,集會支出,在和企業社,10852014,0.00,3500.00,,,,租用設備費用,金錢,臺南市安南區****,,否,,,,,,,
357,陳怡珍,111年臺南市議員選舉,首次申報,1111120,雜支支出,芳苑鮮花店,18284681,0.00,15000.00,,,,雜項購置或修繕費用,金錢,嘉義市西區北****,,否,,,,,,,
358,陳怡珍,111年臺南市議員選舉,首次申報,1111120,宣傳支出,耕辛企業行,26426993,0.00,33525.00,,,,郵寄競選物品或宣傳廣告費用,金錢,臺南市永康區****,,否,,,,,,,
359,陳怡珍,111年臺南市議員選舉,首次申報,1111120,集會支出,競選總部,D22*******,0.00,2000.00,,,,餐飲費用,非金錢,臺南市北區大****,,否,,,,,,,
360,陳怡珍,111年臺南市議員選舉,首次申報,1111121,雜支支出,三楓企業社,17980648,0.00,11150.00,,,,雜項購置或修繕費用,金錢,臺南市安南區****,,否,,,,,,,
361,陳怡珍,111年臺南市議員選舉,首次申報,1111121,租用宣傳車輛支出,南都汽車股份有限公司西台南營業所,87872066,0.00,7339.00,,,,維修宣傳車輛費用,金錢,臺南市安平區****,,否,,,,,,,
362,陳怡珍,111年臺南市議員選舉,首次申報,1111122,宣傳支出,樺欣企業社,56974551,0.00,9600.00,,,,製作競選物品或宣傳廣告費用（物品名稱-海報）,金錢,臺南市北區開****,,否,,,,,,,
363,陳怡珍,111年臺南市議員選舉,首次申報,1111122,宣傳支出,小親親童裝,77240062,0.00,4680.00,,,,製作競選物品或宣傳廣告費用（物品名稱-棉T）,金錢,臺中市西屯區****,,否,,,,,,,
364,陳怡珍,111年臺南市議員選舉,首次申報,1111123,宣傳支出,中華郵政股份有限公司台南文元郵局,78963430,0.00,1846.00,,,,郵寄競選物品或宣傳廣告費用,金錢,臺南市北區文****,,否,,,,,,,
365,陳怡珍,111年臺南市議員選舉,首次申報,1111124,宣傳支出,耕辛企業行,26426993,0.00,34400.00,,,,郵寄競選物品或宣傳廣告費用,金錢,臺南市永康區****,,否,,,,,,,
366,陳怡珍,111年臺南市議員選舉,首次申報,1111124,宣傳支出,威航食品有限公司,97079214,0.00,79500.00,,,,製作競選物品或宣傳廣告費用（物品名稱-礦泉水）,金錢,高雄市湖內區****,,否,,,,,,,
367,陳怡珍,111年臺南市議員選舉,首次申報,1111125,集會支出,宏達多媒體傳播,10475568,0.00,40000.00,,,,其他與集會有關之費用,金錢,臺南市永康區****,,否,,,,,,,
368,陳怡珍,111年臺南市議員選舉,首次申報,1111125,交通旅運支出,燁聖通運有限公司,16909648,0.00,20000.00,,,,其他與交通旅運有關之費用,金錢,臺南市北區中****,,否,,,,,,,
369,陳怡珍,111年臺南市議員選舉,首次申報,1111125,雜支支出,城記包子店,17591774,0.00,1800.00,,,,餐飲費用,金錢,臺南市中西區****,,否,,,,,,,
370,陳怡珍,111年臺南市議員選舉,首次申報,1111125,集會支出,亞特攝影廣告社,21665988,0.00,22000.00,,,,其他與集會有關之費用,金錢,臺南市北區公****,,否,,,,,,,
371,陳怡珍,111年臺南市議員選舉,首次申報,1111125,宣傳支出,中華郵政股份有限公司台南文元郵局,78963430,0.00,532.00,,,,郵寄競選物品或宣傳廣告費用,金錢,臺南市北區文****,,否,,,,,,,
372,陳怡珍,111年臺南市議員選舉,首次申報,1111125,宣傳支出,中華郵政股份有限公司台南文元郵局,78963430,0.00,1128.00,,,,郵寄競選物品或宣傳廣告費用,金錢,臺南市北區文****,,否,,,,,,,
373,陳怡珍,111年臺南市議員選舉,首次申報,1111125,租用宣傳車輛支出,滿滿廣告社,99281164,0.00,36000.00,,,,租用宣傳車輛費用,金錢,臺南市中西區****,,否,,,,,,,
374,陳怡珍,111年臺南市議員選舉,首次申報,1111125,人事費用支出,蘇春美,D20*******,0.00,7392.00,,,,工資或薪津,金錢,臺南市北區中****,,否,,,,,,,
375,陳怡珍,111年臺南市議員選舉,首次申報,1111125,人事費用支出,歐陽珊,D20*******,0.00,10836.00,,,,工資或薪津,金錢,臺南市東區大****,,否,,,,,,,
376,陳怡珍,111年臺南市議員選舉,首次申報,1111125,人事費用支出,施秀卿,D20*******,0.00,8736.00,,,,工資或薪津,金錢,臺南市中西區****,,否,,,,,,,
377,陳怡珍,111年臺南市議員選舉,首次申報,1111125,人事費用支出,施秋燕,D22*******,0.00,3360.00,,,,工資或薪津,金錢,臺南市南區新****,,否,,,,,,,
378,陳怡珍,111年臺南市議員選舉,首次申報,1111125,人事費用支出,鄭美椒,D22*******,0.00,6048.00,,,,工資或薪津,金錢,臺南市南區國****,,否,,,,,,,
379,陳怡珍,111年臺南市議員選舉,首次申報,1111125,人事費用支出,陳妙馨,D22*******,0.00,2688.00,,,,工資或薪津,金錢,臺南市永康區****,,否,,,,,,,
380,陳怡珍,111年臺南市議員選舉,首次申報,1111125,人事費用支出,郭惠齡,D22*******,0.00,3024.00,,,,工資或薪津,金錢,臺南市安南區****,,否,,,,,,,
381,陳怡珍,111年臺南市議員選舉,首次申報,1111125,人事費用支出,吳美惠,D22*******,0.00,5040.00,,,,工資或薪津,金錢,臺南市安南區****,,否,,,,,,,
382,陳怡珍,111年臺南市議員選舉,首次申報,1111125,人事費用支出,陳如萍,D22*******,0.00,6048.00,,,,工資或薪津,金錢,臺南市北區西****,,否,,,,,,,
383,陳怡珍,111年臺南市議員選舉,首次申報,1111125,人事費用支出,蔡淑娟,D22*******,0.00,4704.00,,,,工資或薪津,金錢,臺南市永康區****,,否,,,,,,,
384,陳怡珍,111年臺南市議員選舉,首次申報,1111125,集會支出,競選總部,D22*******,0.00,1000.00,,,,餐飲費用,非金錢,臺南市北區大****,,否,,,,,,,
385,陳怡珍,111年臺南市議員選舉,首次申報,1111125,人事費用支出,劉春美,R20*******,0.00,8400.00,,,,工資或薪津,金錢,臺南市中西區****,,否,,,,,,,
386,陳怡珍,111年臺南市議員選舉,首次申報,1111125,人事費用支出,楊春月,R22*******,0.00,6384.00,,,,工資或薪津,金錢,臺南市安南區****,,否,,,,,,,
387,陳怡珍,111年臺南市議員選舉,首次申報,1111125,人事費用支出,王璿雲,R22*******,0.00,4032.00,,,,工資或薪津,金錢,臺南市安南區****,,否,,,,,,,
388,陳怡珍,111年臺南市議員選舉,首次申報,1111125,人事費用支出,張麗卿,R22*******,0.00,8316.00,,,,工資或薪津,金錢,臺南市永康區****,,否,,,,,,,
389,陳怡珍,111年臺南市議員選舉,首次申報,1111125,人事費用支出,張秀娥,R22*******,0.00,6048.00,,,,工資或薪津,金錢,臺南市南區金****,,否,,,,,,,
390,陳怡珍,111年臺南市議員選舉,首次申報,1111125,人事費用支出,朱庭萱,R22*******,0.00,3024.00,,,,工資或薪津,金錢,臺南市東區裕****,,否,,,,,,,
391,陳怡珍,111年臺南市議員選舉,首次申報,1111125,人事費用支出,黃琇榆,U22*******,0.00,672.00,,,,工資或薪津,金錢,臺南市南區鹽****,,否,,,,,,,
392,陳怡珍,111年臺南市議員選舉,首次申報,1111126,集會支出,國藝企業社,09015010,0.00,10000.00,,,,租用設備費用,金錢,臺南市將軍區****,,否,,,,,,,
393,陳怡珍,111年臺南市議員選舉,首次申報,1111126,集會支出,國藝企業社,09015010,0.00,9000.00,,,,租用設備費用,金錢,臺南市將軍區****,,否,,,,,,,
394,陳怡珍,111年臺南市議員選舉,首次申報,1111126,集會支出,城記包子店,17591774,0.00,3600.00,,,,餐飲費用,金錢,臺南市中西區****,,否,,,,,,,
395,陳怡珍,111年臺南市議員選舉,首次申報,1111126,集會支出,尚慶企業社,26423898,0.00,33000.00,,,,租用設備費用,金錢,臺南市安定區****,,否,,,,,,,
396,陳怡珍,111年臺南市議員選舉,首次申報,1111126,雜支支出,金富菊日式料理,47813725,0.00,3600.00,,,,餐飲費用,金錢,臺南市北區北****,,否,,,,,,,
397,陳怡珍,111年臺南市議員選舉,首次申報,1111127,雜支支出,府前賓士有限公司,42930766,0.00,5463.00,,,,餐飲費用,金錢,臺南市中西區****,,否,,,,,,,
398,陳怡珍,111年臺南市議員選舉,首次申報,1111127,雜支支出,金富菊日式料理,47813725,0.00,280.00,,,,餐飲費用,金錢,臺南市北區北****,,否,,,,,,,
399,陳怡珍,111年臺南市議員選舉,首次申報,1111127,雜支支出,晶華國際酒店股份有限公司台南分公司,53677987,0.00,44352.00,,,,餐飲費用,金錢,臺南市中西區****,,否,,,,,,,
400,陳怡珍,111年臺南市議員選舉,首次申報,1111128,宣傳支出,永昇製帽釣具有限公司,69597243,0.00,90000.00,,,,製作競選物品或宣傳廣告費用（物品名稱-帽子）,金錢,臺南市北區武****,,否,,,,,,,
401,陳怡珍,111年臺南市議員選舉,首次申報,1111128,宣傳支出,中華郵政股份有限公司台南文元郵局,78963430,0.00,70.00,,,,郵寄競選物品或宣傳廣告費用,金錢,臺南市北區文****,,否,,,,,,,
402,陳怡珍,111年臺南市議員選舉,首次申報,1111129,宣傳支出,耕辛企業行,26426993,0.00,10075.00,,,,郵寄競選物品或宣傳廣告費用,金錢,臺南市永康區****,,否,,,,,,,
403,陳怡珍,111年臺南市議員選舉,首次申報,1111130,宣傳支出,開元生活科技股份有限公司,12885716,0.00,30000.00,,,,製作競選物品或宣傳廣告費用（物品名稱-礦泉水）,金錢,臺南市安南區****,,否,,,,,,,
404,陳怡珍,111年臺南市議員選舉,首次申報,1111130,雜支支出,典雅花苑,17247647,0.00,13000.00,,,,雜項購置或修繕費用,金錢,臺南市新營區****,,否,,,,,,,
405,陳怡珍,111年臺南市議員選舉,首次申報,1111130,返還捐贈支出,弘順發企業有限公司,28932026,0.00,10000.00,,,,返還,金錢,臺南市安南區****,,否,,,,,,,
406,陳怡珍,111年臺南市議員選舉,首次申報,1111130,返還捐贈支出,承安建設有限公司,53860611,0.00,100000.00,,,,返還,金錢,臺南市永康區****,,否,,,,,,,
407,陳怡珍,111年臺南市議員選舉,首次申報,1111130,雜支支出,久禾花藝,62977009,0.00,65100.00,,,,雜項購置或修繕費用,金錢,臺南市安南區****,,否,,,,,,,
408,陳怡珍,111年臺南市議員選舉,首次申報,1111130,雜支支出,利順鮮花店,73864328,0.00,29050.00,,,,雜項購置或修繕費用,金錢,臺南市安南區****,,否,,,,,,,
409,陳怡珍,111年臺南市議員選舉,首次申報,1111130,宣傳支出,臺灣時報社股份有限公司,76012913,0.00,30000.00,,,,播放、傳送或刊登宣傳廣告費用,金錢,高雄市仁武區****,,否,,,,,,,
410,陳怡珍,111年臺南市議員選舉,首次申報,1111130,返還捐贈支出,吉屋建設有限公司,90471023,0.00,50000.00,,,,返還,金錢,臺南市北區文****,,否,,,,,,,
411,陳怡珍,111年臺南市議員選舉,首次申報,1111201,集會支出,國藝企業社,09015010,0.00,19000.00,,,,租用設備費用,金錢,臺南市將軍區****,,否,,,,,,,
412,陳怡珍,111年臺南市議員選舉,首次申報,1111201,宣傳支出,中華郵政股份有限公司台南水交社郵局,69678343,0.00,44.00,,,,郵寄競選物品或宣傳廣告費用,金錢,臺南市中西區****,,否,,,,,,,
413,陳怡珍,111年臺南市議員選舉,首次申報,1111203,雜支支出,晶華國際酒店股份有限公司台南分公司,53677987,0.00,28775.00,,,,餐飲費用,金錢,臺南市中西區****,,否,,,,,,,
414,陳怡珍,111年臺南市議員選舉,首次申報,1111205,宣傳支出,國際吉星廣告股份有限公司,84803186,0.00,168000.00,,,,租用廣告看板或車體廣告費用,金錢,臺南市歸仁區****,,否,,,,,,,
415,陳怡珍,111年臺南市議員選舉,首次申報,1111206,宣傳支出,中華郵政股份有限公司台南文元郵局,78963430,0.00,72.00,,,,郵寄競選物品或宣傳廣告費用,金錢,臺南市北區文****,,否,,,,,,,
416,陳怡珍,111年臺南市議員選舉,首次申報,1111207,宣傳支出,中華郵政股份有限公司台南原佃郵局,06523933,0.00,78.00,,,,郵寄競選物品或宣傳廣告費用,金錢,臺南市安南區****,,否,,,,,,,
417,陳怡珍,111年臺南市議員選舉,首次申報,1111207,宣傳支出,凱綸企業社,40715170,0.00,500000.00,,,,製作競選物品或宣傳廣告費用（物品名稱-文宣）,金錢,臺南市安南區****,,否,,,,,,,
418,陳怡珍,111年臺南市議員選舉,首次申報,1111207,返還捐贈支出,青逸建設有限公司,53826115,0.00,60000.00,,,,返還,金錢,臺南市北區南****,,否,,,,,,,
419,陳怡珍,111年臺南市議員選舉,首次申報,1111208,宣傳支出,中華郵政股份有限公司台南文元郵局,78963430,0.00,70.00,,,,郵寄競選物品或宣傳廣告費用,金錢,臺南市北區文****,,否,,,,,,,
420,陳怡珍,111年臺南市議員選舉,首次申報,1111208,宣傳支出,大地民意研究股份有限公司,90576618,0.00,400000.00,,,,播放、傳送或刊登宣傳廣告費用,金錢,新北市板橋區****,,否,,,,,,,
421,陳怡珍,111年臺南市議員選舉,首次申報,1111209,宣傳支出,炫煒數位影像科技有限公司,45891718,0.00,485016.00,,,,租用廣告看板或車體廣告費用,金錢,臺南市永康區****,,否,,,,,,,
422,陳怡珍,111年臺南市議員選舉,首次申報,1111209,宣傳支出,中華郵政股份有限公司台南水交社郵局,69678343,0.00,44.00,,,,郵寄競選物品或宣傳廣告費用,金錢,臺南市中西區****,,否,,,,,,,
423,陳怡珍,111年臺南市議員選舉,首次申報,1111209,宣傳支出,中華郵政股份有限公司台南興華街郵局,69678364,0.00,211.00,,,,郵寄競選物品或宣傳廣告費用,金錢,臺南市中西區****,,否,,,,,,,
424,陳怡珍,111年臺南市議員選舉,首次申報,1111209,宣傳支出,中華郵政股份有限公司台南文元郵局,78963430,0.00,100.00,,,,郵寄競選物品或宣傳廣告費用,金錢,臺南市北區文****,,否,,,,,,,
425,陳怡珍,111年臺南市議員選舉,首次申報,1111210,雜支支出,合歡國際有限公司健康營業所,37599710,0.00,6050.00,,,,雜項購置或修繕費用,金錢,臺南市南區夏****,,否,,,,,,,
426,陳怡珍,111年臺南市議員選舉,首次申報,1111212,雜支支出,晶華國際酒店股份有限公司台南分公司,53677987,0.00,18480.00,,,,餐飲費用,金錢,臺南市中西區****,,否,,,,,,,
427,陳怡珍,111年臺南市議員選舉,首次申報,1111213,租用競選辦事處支出,恒達辦公設備有限公司,24924313,0.00,9200.00,,,,租買辦公設備費用,金錢,臺南市安南區****,,否,,,,,,,
428,陳怡珍,111年臺南市議員選舉,首次申報,1111213,雜支支出,鍾愛禮坊,78979968,0.00,550.00,,,,餐飲費用,金錢,臺南市安南區****,,否,,,,,,,
429,陳怡珍,111年臺南市議員選舉,首次申報,1111214,宣傳支出,中華郵政股份有限公司台南文元郵局,78963430,0.00,40.00,,,,郵寄競選物品或宣傳廣告費用,金錢,臺南市北區文****,,否,,,,,,,
430,陳怡珍,111年臺南市議員選舉,首次申報,1111215,宣傳支出,中華郵政股份有限公司台南文元郵局,78963430,0.00,36.00,,,,郵寄競選物品或宣傳廣告費用,金錢,臺南市北區文****,,否,,,,,,,
431,陳怡珍,111年臺南市議員選舉,首次申報,1111216,宣傳支出,中華郵政股份有限公司台南文元郵局,78963430,0.00,36.00,,,,郵寄競選物品或宣傳廣告費用,金錢,臺南市北區文****,,否,,,,,,,
432,陳怡珍,111年臺南市議員選舉,首次申報,1111216,宣傳支出,中華郵政股份有限公司台南文元郵局,78963430,0.00,88.00,,,,郵寄競選物品或宣傳廣告費用,金錢,臺南市北區文****,,否,,,,,,,
433,陳怡珍,111年臺南市議員選舉,首次申報,1111217,雜支支出,鍾愛禮坊,78979968,0.00,550.00,,,,餐飲費用,金錢,臺南市安南區****,,否,,,,,,,
434,陳怡珍,111年臺南市議員選舉,首次申報,1111218,雜支支出,城記包子店,17591774,0.00,5040.00,,,,餐飲費用,金錢,臺南市中西區****,,否,,,,,,,
435,陳怡珍,111年臺南市議員選舉,首次申報,1111218,宣傳支出,佑新廣告社,62929767,0.00,5000.00,,,,租用廣告看板或車體廣告費用,金錢,臺南市北區東****,,否,,,,,,,
436,陳怡珍,111年臺南市議員選舉,首次申報,1111220,雜支支出,芳苑鮮花店,18284681,0.00,14000.00,,,,雜項購置或修繕費用,金錢,嘉義市西區北****,,否,,,,,,,
437,陳怡珍,111年臺南市議員選舉,首次申報,1111220,宣傳支出,中華郵政股份有限公司台南新南郵局,20261468,0.00,114.00,,,,郵寄競選物品或宣傳廣告費用,金錢,臺南市安平區****,,否,,,,,,,
438,陳怡珍,111年臺南市議員選舉,首次申報,1111220,宣傳支出,中華郵政股份有限公司台南文元郵局,78963430,0.00,130.00,,,,郵寄競選物品或宣傳廣告費用,金錢,臺南市北區文****,,否,,,,,,,
439,陳怡珍,111年臺南市議員選舉,首次申報,1111221,宣傳支出,中華郵政股份有限公司台南水交社郵局,69678343,0.00,104.00,,,,郵寄競選物品或宣傳廣告費用,金錢,臺南市中西區****,,否,,,,,,,
440,陳怡珍,111年臺南市議員選舉,首次申報,1111221,宣傳支出,中華郵政股份有限公司台南文元郵局,78963430,0.00,120.00,,,,郵寄競選物品或宣傳廣告費用,金錢,臺南市北區文****,,否,,,,,,,
441,陳怡珍,111年臺南市議員選舉,首次申報,1111222,宣傳支出,中華郵政股份有限公司台南興華街郵局,69678364,0.00,784.00,,,,郵寄競選物品或宣傳廣告費用,金錢,臺南市中西區****,,否,,,,,,,
442,陳怡珍,111年臺南市議員選舉,首次申報,1111224,雜支支出,利順鮮花店,73864328,0.00,20300.00,,,,雜項購置或修繕費用,金錢,臺南市安南區****,,否,,,,,,,
443,陳怡珍,111年臺南市議員選舉,首次申報,1111225,雜支支出,皇元企業社,40943759,0.00,59100.00,,,,雜項購置或修繕費用,金錢,臺南市安南區****,,否,,,,,,,
444,陳怡珍,111年臺南市議員選舉,首次申報,1111226,雜支支出,典雅花苑,17247647,0.00,9000.00,,,,雜項購置或修繕費用,金錢,臺南市新營區****,,否,,,,,,,
445,陳怡珍,111年臺南市議員選舉,首次申報,1111226,雜支支出,久禾花藝,62977009,0.00,53900.00,,,,雜項購置或修繕費用,金錢,臺南市安南區****,,否,,,,,,,
446,陳怡珍,111年臺南市議員選舉,首次申報,1111226,宣傳支出,中華郵政股份有限公司台南文元郵局,78963430,0.00,36.00,,,,郵寄競選物品或宣傳廣告費用,金錢,臺南市北區文****,,否,,,,,,,
