﻿序號,擬參選人／政黨,選舉名稱,申報序號／年度,交易日期,收支科目,捐贈者／支出對象,身分證／統一編號,收入金額,支出金額,捐贈方式,存入專戶日期,返還/繳庫,支出用途,金錢類,地址,聯絡電話,應揭露之支出對象,支出對象之內部人員姓名,支出對象之內部人員職稱,政黨之內部人員姓名,政黨之內部人員職稱,關係,更正註記,資料更正日期
1,王立任,111年臺中市議員選舉,首次申報,1110719,個人捐贈收入,王維新,L12*******,100000.00,0.00,匯款,1110719,,,金錢,臺中市沙鹿區****,,,,,,,,,
2,王立任,111年臺中市議員選舉,首次申報,1110719,個人捐贈收入,鐘鳳珠,M22*******,100000.00,0.00,匯款,1110719,,,金錢,臺中市沙鹿區****,,,,,,,,,
3,王立任,111年臺中市議員選舉,首次申報,1110720,營利事業捐贈收入,顏老五國際股份有限公司,53031447,100000.00,0.00,現金,1110720,,,金錢,臺中市清水區****,0925*****,,,,,,,,
4,王立任,111年臺中市議員選舉,首次申報,1110720,個人捐贈收入,黃培呈,L12*******,100000.00,0.00,現金,1110721,,,金錢,臺中市梧棲區****,,,,,,,,,
5,王立任,111年臺中市議員選舉,首次申報,1110722,個人捐贈收入,吳俊錠,P12*******,50000.00,0.00,現金,1110725,,,金錢,臺中市北屯區****,0935*****,,,,,,,,
6,王立任,111年臺中市議員選舉,首次申報,1110728,個人捐贈收入,巫慧珍,,30000.00,0.00,匯款,1110728,,,金錢,臺中市大雅區****,0939*****,,,,,,,,
7,王立任,111年臺中市議員選舉,首次申報,1110728,營利事業捐贈收入,旺昇工程有限公司,50813426,200000.00,0.00,匯款,1110728,,,金錢,臺中市大雅區****,04-2*****,,,,,,,,
8,王立任,111年臺中市議員選舉,首次申報,1110730,個人捐贈收入,許宸樺,L12*******,1000.00,0.00,匯款,1110805,,,金錢,臺中市清水區****,0923*****,,,,,,,,
9,王立任,111年臺中市議員選舉,首次申報,1110802,個人捐贈收入,楊杰霖,L12*******,16800.00,0.00,匯款,1110805,,,金錢,臺中市梧棲區****,0920*****,,,,,,,,
10,王立任,111年臺中市議員選舉,首次申報,1110808,個人捐贈收入,鄭儒昌,L12*******,10000.00,0.00,現金,1110810,,,金錢,臺中市梧棲區****,0911*****,,,,,,,,
11,王立任,111年臺中市議員選舉,首次申報,1110811,匿名捐贈,匿名,,3000.00,0.00,現金,1110819,,,金錢,,,,,,,,,,
12,王立任,111年臺中市議員選舉,首次申報,1110819,匿名捐贈,匿名1,,5000.00,0.00,匯款,1110819,,,金錢,,,,,,,,,,
13,王立任,111年臺中市議員選舉,首次申報,1110822,個人捐贈收入,林之廉,L12*******,50000.00,0.00,匯款,1110822,,,金錢,臺中市梧棲區****,0912*****,,,,,,,,
14,王立任,111年臺中市議員選舉,首次申報,1110822,個人捐贈收入,陳世騎,L12*******,50000.00,0.00,匯款,1110822,,,金錢,臺中市梧棲區****,,,,,,,,,
15,王立任,111年臺中市議員選舉,首次申報,1110905,個人捐贈收入,莊鶴麟,L12*******,100000.00,0.00,現金,1110907,,,金錢,臺中市北區雙****,0910*****,,,,,,,,
16,王立任,111年臺中市議員選舉,首次申報,1110912,營利事業捐贈收入,成陽建設有限公司,53476503,60000.00,0.00,現金,1110914,,,金錢,臺中市梧棲區****,0921*****,,,,,,,,
17,王立任,111年臺中市議員選舉,首次申報,1110912,個人捐贈收入,張家峻,L12*******,20000.00,0.00,現金,1110914,,,金錢,臺中市西屯區****,0928*****,,,,,,,,
18,王立任,111年臺中市議員選舉,首次申報,1110914,營利事業捐贈收入,綠盈國際花卉有限公司,28926559,50000.00,0.00,票據,1110914,已返還,,金錢,臺中市龍井區****,04-2*****,,,,,,,,
19,王立任,111年臺中市議員選舉,首次申報,1110916,營利事業捐贈收入,綠盈國際花卉有限公司,28926559,50000.00,0.00,票據,1110916,已返還,,金錢,臺中市龍井區****,,,,,,,,,
20,王立任,111年臺中市議員選舉,首次申報,1110919,個人捐贈收入,楊程堯,R12*******,10000.00,0.00,匯款,1110923,,,金錢,臺中市大里區****,0912*****,,,,,,,,
21,王立任,111年臺中市議員選舉,首次申報,1110921,個人捐贈收入,王意嘉,L12*******,60000.00,0.00,匯款,1110921,,,金錢,臺中市西區向****,0928*****,,,,,,,,
22,王立任,111年臺中市議員選舉,首次申報,1110922,個人捐贈收入,孫光甫,L12*******,100000.00,0.00,匯款,1110922,,,金錢,臺中市清水區****,0925*****,,,,,,,,
23,王立任,111年臺中市議員選舉,首次申報,1110928,個人捐贈收入,許玄岳,L12*******,100000.00,0.00,現金,1110928,,,金錢,臺中市清水區****,04-2*****,,,,,,,,
24,王立任,111年臺中市議員選舉,首次申報,1110928,個人捐贈收入,王珮潔,L22*******,100000.00,0.00,現金,1110928,,,金錢,臺中市清水區****,04-2*****,,,,,,,,
25,王立任,111年臺中市議員選舉,首次申報,1111003,營利事業捐贈收入,誠岱機械廠股份有限公司,05796772,100000.00,0.00,票據,1111006,,,金錢,臺中市大甲區****,04-2*****,,,,,,,,
26,王立任,111年臺中市議員選舉,首次申報,1111004,個人捐贈收入,林連福,F10*******,100000.00,0.00,現金,1111006,,,金錢,臺中市南區美****,0917*****,,,,,,,,
27,王立任,111年臺中市議員選舉,首次申報,1111006,營利事業捐贈收入,天恕貿易有限公司,16230056,50000.00,0.00,現金,1111013,,,金錢,臺中市南屯區****,04-2*****,,,,,,,,
28,王立任,111年臺中市議員選舉,首次申報,1111007,個人捐贈收入,趙慧平,B22*******,50000.00,0.00,現金,1111013,,,金錢,臺中市南屯區****,04-2*****,,,,,,,,
29,王立任,111年臺中市議員選舉,首次申報,1111010,個人捐贈收入,陳威宇,L12*******,100000.00,0.00,現金,1111013,,,金錢,臺中市西屯區****,,,,,,,,,
30,王立任,111年臺中市議員選舉,首次申報,1111011,個人捐贈收入,廖述宏,L12*******,50000.00,0.00,現金,1111013,,,金錢,臺中市西屯區****,0922*****,,,,,,,,
31,王立任,111年臺中市議員選舉,首次申報,1111013,個人捐贈收入,劉偉如,B22*******,100000.00,0.00,現金,1111019,,,金錢,臺中市北屯區****,0937*****,,,,,,,,
32,王立任,111年臺中市議員選舉,首次申報,1111014,個人捐贈收入,顏坤仁,L12*******,5000.00,0.00,匯款,1111014,,,金錢,臺中市清水區****,0938*****,,,,,,,,
33,王立任,111年臺中市議員選舉,首次申報,1111015,營利事業捐贈收入,祥曜有限公司,97254351,20000.00,0.00,現金,1111019,,,金錢,臺中市梧棲區****,0934*****,,,,,,,,
34,王立任,111年臺中市議員選舉,首次申報,1111017,營利事業捐贈收入,欣億精密工業股份有限公司,23095746,30000.00,0.00,現金,1111019,,,金錢,臺中市清水區****,0932*****,,,,,,,,
35,王立任,111年臺中市議員選舉,首次申報,1111017,營利事業捐贈收入,雅薪工業股份有限公司,23227789,30000.00,0.00,現金,1111019,,,金錢,臺中市沙鹿區****,0930*****,,,,,,,,
36,王立任,111年臺中市議員選舉,首次申報,1111017,營利事業捐贈收入,德利貨物裝卸有限公司,42871611,20000.00,0.00,現金,1111019,,,金錢,臺中市清水區****,04-2*****,,,,,,,,
37,王立任,111年臺中市議員選舉,首次申報,1111017,個人捐贈收入,曾千旆,H22*******,10000.00,0.00,匯款,1111017,,,金錢,臺中市沙鹿區****,0958*****,,,,,,,,
38,王立任,111年臺中市議員選舉,首次申報,1111017,個人捐贈收入,陳啟琛,L12*******,5000.00,0.00,現金,1111017,,,金錢,臺中市龍井區****,0910*****,,,,,,,,
39,王立任,111年臺中市議員選舉,首次申報,1111017,個人捐贈收入,黃駿杰,M12*******,30000.00,0.00,匯款,1111017,,,金錢,臺中市龍井區****,0956*****,,,,,,,,
40,王立任,111年臺中市議員選舉,首次申報,1111019,個人捐贈收入,陳佑俊,L12*******,100000.00,0.00,現金,1111019,,,金錢,臺北市大安區****,04-2*****,,,,,,,,
41,王立任,111年臺中市議員選舉,首次申報,1111025,營利事業捐贈收入,艾多美股份有限公司,54255795,1000.00,0.00,,,已繳庫,,非金錢,高雄市鼓山區****,0800*****,,,,,,,,
42,王立任,111年臺中市議員選舉,首次申報,1111025,營利事業捐贈收入,艾多美股份有限公司,54255795,156800.00,0.00,,,已繳庫,,非金錢,高雄市鼓山區****,0800*****,,,,,,,,
43,王立任,111年臺中市議員選舉,首次申報,1111025,營利事業捐贈收入,艾多美股份有限公司,54255795,103680.00,0.00,,,已繳庫,,非金錢,高雄市鼓山區****,0800*****,,,,,,,,
44,王立任,111年臺中市議員選舉,首次申報,1111028,個人捐贈收入,張家駿,B12*******,50000.00,0.00,現金,1111101,,,金錢,臺中市南屯區****,04-2*****,,,,,,,,
45,王立任,111年臺中市議員選舉,首次申報,1111028,個人捐贈收入,賴武賢,B12*******,100000.00,0.00,現金,1111028,,,金錢,臺中市西屯區****,0963*****,,,,,,,,
46,王立任,111年臺中市議員選舉,首次申報,1111028,個人捐贈收入,陳郁潔,L22*******,100000.00,0.00,現金,1111101,,,金錢,臺中市梧棲區****,0933*****,,,,,,,,
47,王立任,111年臺中市議員選舉,首次申報,1111028,個人捐贈收入,王雅蕙,L22*******,100000.00,0.00,匯款,1111028,,,金錢,臺中市梧棲區****,0939*****,,,,,,,,
48,王立任,111年臺中市議員選舉,首次申報,1111031,營利事業捐贈收入,新太原通運股份有限公司,89322784,100000.00,0.00,票據,1111102,,,金錢,臺中市梧棲區****,04-2*****,,,,,,,,
49,王立任,111年臺中市議員選舉,首次申報,1111031,個人捐贈收入,王張千賀,L20*******,100000.00,0.00,匯款,1111031,,,金錢,臺中市西區美****,,,,,,,,,
50,王立任,111年臺中市議員選舉,首次申報,1111101,個人捐贈收入,紀連華,L10*******,5000.00,0.00,現金,1111101,,,金錢,臺中市清水區****,,,,,,,,,
51,王立任,111年臺中市議員選舉,首次申報,1111101,個人捐贈收入,謝文生,L10*******,5000.00,0.00,現金,1111110,,,金錢,臺中市沙鹿區****,,,,,,,,,
52,王立任,111年臺中市議員選舉,首次申報,1111104,個人捐贈收入,陳家渝,L12*******,100000.00,0.00,現金,1111110,,,金錢,臺中市沙鹿區****,,,,,,,,,
53,王立任,111年臺中市議員選舉,首次申報,1111107,個人捐贈收入,陳鶴坤,L12*******,5000.00,0.00,現金,1111110,,,金錢,臺中市梧棲區****,0928*****,,,,,,,,
54,王立任,111年臺中市議員選舉,首次申報,1111107,個人捐贈收入,柯秀蕋,L20*******,100000.00,0.00,現金,1111110,,,金錢,臺中市沙鹿區****,0935*****,,,,,,,,
55,王立任,111年臺中市議員選舉,首次申報,1111109,個人捐贈收入,李龍洲,L12*******,10000.00,0.00,現金,1111109,,,金錢,臺中市大甲區****,,,,,,,,,
56,王立任,111年臺中市議員選舉,首次申報,1111109,個人捐贈收入,吳義村,M10*******,50000.00,0.00,票據,1111110,,,金錢,臺中市清水區****,04-2*****,,,,,,,,
57,王立任,111年臺中市議員選舉,首次申報,1111110,個人捐贈收入,蘇世吉,L12*******,12000.00,0.00,現金,1111110,,,金錢,臺中市外埔區****,,,,,,,,,
58,王立任,111年臺中市議員選舉,首次申報,1111114,個人捐贈收入,楊寓閎,L12*******,20000.00,0.00,匯款,1111114,,,金錢,臺中市東區建****,,,,,,,,,
59,王立任,111年臺中市議員選舉,首次申報,1111116,個人捐贈收入,王清章,L12*******,100000.00,0.00,票據,1111118,,,金錢,臺中市梧棲區****,0988*****,,,,,,,,
60,王立任,111年臺中市議員選舉,首次申報,1111116,個人捐贈收入,王詩婷,L22*******,100000.00,0.00,現金,1111118,,,金錢,臺中市沙鹿區****,04-2*****,,,,,,,,
61,王立任,111年臺中市議員選舉,首次申報,1111117,個人捐贈收入,張佑豪,L12*******,100000.00,0.00,現金,1111121,,,金錢,臺中市南屯區****,0988*****,,,,,,,,
62,王立任,111年臺中市議員選舉,首次申報,1111118,個人捐贈收入,黃裕隆,L12*******,100000.00,0.00,現金,1111121,,,金錢,臺中市清水區****,0937*****,,,,,,,,
63,王立任,111年臺中市議員選舉,首次申報,1111118,個人捐贈收入,洪武智,V12*******,1000.00,0.00,現金,1111121,,,金錢,臺中市梧棲區****,0925*****,,,,,,,,
64,王立任,111年臺中市議員選舉,首次申報,1111124,營利事業捐贈收入,群麗醫美診所,91325631,20000.00,0.00,匯款,1111124,,,金錢,桃園市中壢區****,,,,,,,,,
65,王立任,111年臺中市議員選舉,首次申報,1111124,個人捐贈收入,王海,L10*******,50000.00,0.00,現金,1111124,,,金錢,臺中市梧棲區****,,,,,,,,,
66,王立任,111年臺中市議員選舉,首次申報,1111124,個人捐贈收入,王黃秀絹,L20*******,50000.00,0.00,現金,1111124,,,金錢,臺中市梧棲區****,,,,,,,,,
67,王立任,111年臺中市議員選舉,首次申報,1111125,個人捐贈收入,楊明滄,B12*******,60000.00,0.00,匯款,1111125,,,金錢,臺中市烏日區****,0936*****,,,,,,,,
68,王立任,111年臺中市議員選舉,首次申報,1111125,個人捐贈收入,王海,L10*******,50000.00,0.00,現金,1111125,,,金錢,臺中市梧棲區****,,,,,,,,,
69,王立任,111年臺中市議員選舉,首次申報,1111125,個人捐贈收入,王黃秀絹,L20*******,50000.00,0.00,現金,1111125,,,金錢,臺中市梧棲區****,,,,,,,,,
