﻿序號,擬參選人／政黨,選舉名稱,申報序號／年度,交易日期,收支科目,捐贈者／支出對象,身分證／統一編號,收入金額,支出金額,支出用途,金錢類,地址,聯絡電話,資料更正日期
1,陸錦生,107年直轄市議員選舉,首次申報,1070517,雜支支出,永一鎖印行,,0.00,550.00,印章,金錢,,,
2,陸錦生,107年直轄市議員選舉,首次申報,1070522,交通旅運支出,台灣中油,,0.00,929.00,交通油資,金錢,高雄市****,,
3,陸錦生,107年直轄市議員選舉,首次申報,1070522,交通旅運支出,台灣中油,,0.00,1165.00,交通油資,金錢,高雄市****,,
4,陸錦生,107年直轄市議員選舉,首次申報,1070524,雜支支出,一零一企業有限公司,,0.00,30.00,奇異筆,金錢,,,
5,陸錦生,107年直轄市議員選舉,首次申報,1070525,雜支支出,南紡購物中心,,0.00,1180.00,工作服,金錢,臺南市****,,
6,陸錦生,107年直轄市議員選舉,首次申報,1070525,雜支支出,南紡購物中心,,0.00,3980.00,工作服,金錢,臺南市****,,
7,陸錦生,107年直轄市議員選舉,首次申報,1070528,交通旅運支出,台灣高鐵,,0.00,1350.00,台南-台北,金錢,,,
8,陸錦生,107年直轄市議員選舉,首次申報,1070529,交通旅運支出,台灣中油,,0.00,1156.00,加油,金錢,,,
9,陸錦生,107年直轄市議員選舉,首次申報,1070601,宣傳支出,孫瑞奇,,0.00,15000.00,租用廣告看板或車體廣告支出,金錢,,0955*****,
10,陸錦生,107年直轄市議員選舉,首次申報,1070601,宣傳支出,101文具天堂(茄定店),,0.00,12000.00,租用廣告看板或車體廣告支出,金錢,高雄市茄定區****,,
11,陸錦生,107年直轄市議員選舉,首次申報,1070601,宣傳支出,包瑞林,,0.00,12000.00,租用廣告看板或車體廣告支出,金錢,,07-3*****,
12,陸錦生,107年直轄市議員選舉,首次申報,1070601,宣傳支出,陳嘉雄,,0.00,9000.00,租用廣告看板或車體廣告支出,金錢,,0972*****,
13,陸錦生,107年直轄市議員選舉,首次申報,1070601,交通旅運支出,台灣中油,,0.00,930.00,加油油資,金錢,,,
14,陸錦生,107年直轄市議員選舉,首次申報,1070601,交通旅運支出,大崗山加油站,,0.00,400.00,加油油資,金錢,高雄市****,,
15,陸錦生,107年直轄市議員選舉,首次申報,1070601,租用競選辦事處支出,杜龍雄,S10*******,0.00,20000.00,競選總部租金,金錢,高雄市路竹區****,,
16,陸錦生,107年直轄市議員選舉,首次申報,1070604,交通旅運支出,台灣中油,,0.00,940.00,加油油資,金錢,,,
17,陸錦生,107年直轄市議員選舉,首次申報,1070606,宣傳支出,許晉耀,,0.00,30000.00,租用廣告看板或車體廣告支出,金錢,,0929*****,
18,陸錦生,107年直轄市議員選舉,首次申報,1070606,交通旅運支出,台灣中油,,0.00,1475.00,加油,金錢,,,
19,陸錦生,107年直轄市議員選舉,首次申報,1070609,交通旅運支出,土庫加油站,,0.00,100.00,加油,金錢,,,
20,陸錦生,107年直轄市議員選舉,首次申報,1070610,雜支支出,七星旗九居企業社,,0.00,265.00,餐費,金錢,,,
21,陸錦生,107年直轄市議員選舉,首次申報,1070611,交通旅運支出,北基國際,,0.00,977.00,加油,金錢,,,
22,陸錦生,107年直轄市議員選舉,首次申報,1070611,交通旅運支出,台灣加油,,0.00,909.00,加油,金錢,,,
23,陸錦生,107年直轄市議員選舉,首次申報,1070613,租用競選辦事處支出,震威科技有限公司,,0.00,1580.00,監視器材,金錢,,,
24,陸錦生,107年直轄市議員選舉,首次申報,1070613,雜支支出,無店名,,0.00,2000.00,糖果餅乾,金錢,,,
25,陸錦生,107年直轄市議員選舉,首次申報,1070616,宣傳支出,洪俊男,,0.00,20000.00,租用廣告看板或車體廣告支出,金錢,,,
26,陸錦生,107年直轄市議員選舉,首次申報,1070618,交通旅運支出,台灣中油,,0.00,3151.00,加油油資,金錢,,,
27,陸錦生,107年直轄市議員選舉,首次申報,1070621,租用宣傳車輛支出,宗惠商行,,0.00,650.00,燈泡,金錢,,,
28,陸錦生,107年直轄市議員選舉,首次申報,1070622,租用競選辦事處支出,茿燈具,,0.00,3350.00,燈管,金錢,,,
29,陸錦生,107年直轄市議員選舉,首次申報,1070622,交通旅運支出,台灣中油,88020213,0.00,958.00,加油,金錢,,,
30,陸錦生,107年直轄市議員選舉,首次申報,1070630,交通旅運支出,明月潭加油站,23347855,0.00,1418.00,加油,金錢,,,
31,陸錦生,107年直轄市議員選舉,首次申報,1070701,租用競選辦事處支出,杜龍雄,S10*******,0.00,20000.00,競選總部租金,金錢,高雄市路竹區****,,
32,陸錦生,107年直轄市議員選舉,首次申報,1070703,交通旅運支出,台灣中油,88020213,0.00,800.00,加油,金錢,,,
33,陸錦生,107年直轄市議員選舉,首次申報,1070706,交通旅運支出,向陽加油站,16214443,0.00,767.00,加油,金錢,,,
34,陸錦生,107年直轄市議員選舉,首次申報,1070711,交通旅運支出,美林加油站,23071147,0.00,900.00,加油,金錢,,,
35,陸錦生,107年直轄市議員選舉,首次申報,1070711,交通旅運支出,宏達加油站,23354270,0.00,500.00,加油,金錢,,,
36,陸錦生,107年直轄市議員選舉,首次申報,1070716,交通旅運支出,台灣中油,88020229,0.00,900.00,加油,金錢,,,
37,陸錦生,107年直轄市議員選舉,首次申報,1070720,交通旅運支出,下湖加油站,97237430,0.00,908.00,加油,金錢,,,
38,陸錦生,107年直轄市議員選舉,首次申報,1070721,交通旅運支出,台灣中油,09015898,0.00,829.00,加油,金錢,,,
39,陸錦生,107年直轄市議員選舉,首次申報,1070721,公共關係費用支出,旺晨食品有限公司,54096642,0.00,1099.00,餅乾咖啡包,金錢,雲林縣古坑鄉****,,
40,陸錦生,107年直轄市議員選舉,首次申報,1070722,交通旅運支出,統一精工,14440024,0.00,820.00,加油,金錢,,,
41,陸錦生,107年直轄市議員選舉,首次申報,1070724,交通旅運支出,上豐加油站,80367556,0.00,500.00,加油,金錢,,,
42,陸錦生,107年直轄市議員選舉,首次申報,1070727,雜支支出,路竹五金百貨行,10402257,0.00,89.00,殺蟲劑,金錢,,,
43,陸錦生,107年直轄市議員選舉,首次申報,1070727,交通旅運支出,台灣中油,88020213,0.00,940.00,加油,金錢,,,
44,陸錦生,107年直轄市議員選舉,首次申報,1070728,雜支支出,日翔文具行,,0.00,148.00,文具,金錢,,,
45,陸錦生,107年直轄市議員選舉,首次申報,1070801,宣傳支出,蔡成文,,0.00,10000.00,租用廣告看板或車體廣告支出,金錢,,0933*****,
46,陸錦生,107年直轄市議員選舉,首次申報,1070801,交通旅運支出,上豐加油站,80367556,0.00,955.00,加油,金錢,,,
47,陸錦生,107年直轄市議員選舉,首次申報,1070801,租用競選辦事處支出,杜龍雄,S10*******,0.00,20000.00,競選總部租金,金錢,高雄市路竹區****,,
48,陸錦生,107年直轄市議員選舉,首次申報,1070805,宣傳支出,孫尚勤,,0.00,25000.00,委託辦理研究、評估、調查、設計或規劃支出,金錢,,,
49,陸錦生,107年直轄市議員選舉,首次申報,1070805,交通旅運支出,台灣中油,07918499,0.00,944.00,加油,金錢,,,
50,陸錦生,107年直轄市議員選舉,首次申報,1070805,雜支支出,日翔文具行,80951184,0.00,298.00,廣告筆文具,金錢,,,
51,陸錦生,107年直轄市議員選舉,首次申報,1070806,雜支支出,瑛煥國際有限公司,27337132,0.00,10907.00,紅酒,金錢,臺北市****,,
52,陸錦生,107年直轄市議員選舉,首次申報,1070809,交通旅運支出,台灣中油,06876181,0.00,885.00,加油,金錢,,,
53,陸錦生,107年直轄市議員選舉,首次申報,1070815,交通旅運支出,統一精工,,0.00,1272.00,加油,金錢,,,
54,陸錦生,107年直轄市議員選舉,首次申報,1070815,交通旅運支出,台灣中油,0718499,0.00,800.00,加油,金錢,,,
55,陸錦生,107年直轄市議員選舉,首次申報,1070817,宣傳支出,心一企業股份有限公司,89494723,0.00,12000.00,飲用水,金錢,高雄市仁武區****,3724*****,
56,陸錦生,107年直轄市議員選舉,首次申報,1070820,雜支支出,金大有食品有限公司,86922454,0.00,1980.00,糖果,金錢,高雄市楠梓區****,,
57,陸錦生,107年直轄市議員選舉,首次申報,1070823,交通旅運支出,台灣中油,88020229,0.00,712.00,加油,金錢,,,
58,陸錦生,107年直轄市議員選舉,首次申報,1070825,交通旅運支出,台灣中油,88020213,0.00,1385.00,加油,金錢,,,
59,陸錦生,107年直轄市議員選舉,首次申報,1070827,交通旅運支出,台灣中油,06957016,0.00,909.00,加油,金錢,,,
60,陸錦生,107年直轄市議員選舉,首次申報,1070831,宣傳支出,勝利之聲廣播股份有限公司,69119502,0.00,2000.00,播送、傳送或刊登宣傳廣告支出,金錢,,,
61,陸錦生,107年直轄市議員選舉,首次申報,1070901,宣傳支出,孫尚勤,,0.00,25000.00,製作宣傳廣告支出,金錢,,,
62,陸錦生,107年直轄市議員選舉,首次申報,1070901,交通旅運支出,台灣中油,06876181,0.00,856.00,加油,金錢,,,
63,陸錦生,107年直轄市議員選舉,首次申報,1070901,雜支支出,金大有食品有限公司,86922454,0.00,7500.00,糖果,金錢,高雄市楠梓區****,,
64,陸錦生,107年直轄市議員選舉,首次申報,1070901,租用競選辦事處支出,杜龍雄,S10*******,0.00,20000.00,競選總部租金,金錢,高雄市路竹區****,,
65,陸錦生,107年直轄市議員選舉,首次申報,1070902,交通旅運支出,上豐加油站,09015898,0.00,780.00,加油,金錢,,,
66,陸錦生,107年直轄市議員選舉,首次申報,1070903,宣傳支出,路竹竹南郵局,,0.00,2520.00,郵寄邀請卡郵資,金錢,,,
67,陸錦生,107年直轄市議員選舉,首次申報,1070903,雜支支出,大立生鮮超市,25727768,0.00,376.00,麵包,金錢,,,
68,陸錦生,107年直轄市議員選舉,首次申報,1070904,交通旅運支出,台灣中油,07918499,0.00,839.00,加油,金錢,,,
69,陸錦生,107年直轄市議員選舉,首次申報,1070905,租用宣傳車輛支出,平價屋企業有限公司,54758889,0.00,2060.00,宣傳車鑑識器,金錢,,,
70,陸錦生,107年直轄市議員選舉,首次申報,1070906,交通旅運支出,台灣中油,07918499,0.00,900.00,加油,金錢,,,
71,陸錦生,107年直轄市議員選舉,首次申報,1070908,宣傳支出,伽鑫工作室,25725327,0.00,480.00,輸出圖,金錢,,,
72,陸錦生,107年直轄市議員選舉,首次申報,1070908,交通旅運支出,茄萣仁愛加油站,27459697,0.00,801.00,加油,金錢,,,
73,陸錦生,107年直轄市議員選舉,首次申報,1070908,雜支支出,宜得利,86060202,0.00,299.00,水壺,金錢,,,
74,陸錦生,107年直轄市議員選舉,首次申報,1070909,交通旅運支出,台灣中油,07918499,0.00,900.00,加油,金錢,,,
75,陸錦生,107年直轄市議員選舉,首次申報,1070910,交通旅運支出,台灣中油,07918499,0.00,880.00,加油,金錢,,,
76,陸錦生,107年直轄市議員選舉,首次申報,1070910,宣傳支出,異項行銷有限公司,54577043,0.00,200000.00,委託辦理研究、評估、調查、設計,金錢,臺南市永康區****,,
77,陸錦生,107年直轄市議員選舉,首次申報,1070913,宣傳支出,心一企業股份有限公司,,0.00,12000.00,飲用水,金錢,,,
78,陸錦生,107年直轄市議員選舉,首次申報,1070913,宣傳支出,震威科技有限公司,24527715,0.00,5500.00,音響喇叭,金錢,,,
79,陸錦生,107年直轄市議員選舉,首次申報,1070913,交通旅運支出,北基國際,47716982,0.00,750.00,加油,金錢,,,
80,陸錦生,107年直轄市議員選舉,首次申報,1070914,交通旅運支出,台灣中油,07918499,0.00,861.00,加油,金錢,,,
81,陸錦生,107年直轄市議員選舉,首次申報,1070914,租用宣傳車輛支出,台灣中油,09015898,0.00,1067.00,宣傳車輛燃料支出,金錢,高雄市湖內區****,,
82,陸錦生,107年直轄市議員選舉,首次申報,1070916,交通旅運支出,上豐加油站,80367556,0.00,1497.00,加油,金錢,,,
83,陸錦生,107年直轄市議員選舉,首次申報,1070917,交通旅運支出,茄萣仁愛加油站,27459697,0.00,860.00,加油,金錢,,,
84,陸錦生,107年直轄市議員選舉,首次申報,1070919,交通旅運支出,興達港加油站,16408686,0.00,850.00,加油,金錢,,,
85,陸錦生,107年直轄市議員選舉,首次申報,1070919,租用宣傳車輛支出,益升汽車保養廠,81904560,0.00,13900.00,維修費,金錢,,,
86,陸錦生,107年直轄市議員選舉,首次申報,1070920,宣傳支出,異項行銷有限公司,54577043,0.00,48650.00,製作競選物品支出（物品-文宣),金錢,臺南市永康區****,,
87,陸錦生,107年直轄市議員選舉,首次申報,1070921,交通旅運支出,興達港加油站,16408686,0.00,801.00,加油,金錢,,,
88,陸錦生,107年直轄市議員選舉,首次申報,1070922,宣傳支出,南儀服飾行,06732853,0.00,788.00,背心,金錢,,,
89,陸錦生,107年直轄市議員選舉,首次申報,1070923,交通旅運支出,台灣中油,07918499,0.00,935.00,加油,金錢,,,
90,陸錦生,107年直轄市議員選舉,首次申報,1070923,雜支支出,大立生鮮超市,25727768,0.00,989.00,麵包,金錢,,,
91,陸錦生,107年直轄市議員選舉,首次申報,1070924,租用宣傳車輛支出,興達港加油站,16408686,0.00,960.00,宣傳車輛燃料支出,金錢,高雄市茄定區****,,
92,陸錦生,107年直轄市議員選舉,首次申報,1070924,交通旅運支出,台灣中油,69500825,0.00,1359.00,加油,金錢,,,
93,陸錦生,107年直轄市議員選舉,首次申報,1070926,租用宣傳車輛支出,興達港加油站,16408686,0.00,900.00,宣傳車輛燃料支出,金錢,高雄市茄定區****,,
94,陸錦生,107年直轄市議員選舉,首次申報,1070926,交通旅運支出,台灣中油,88020213,0.00,128.00,加油,金錢,,,
95,陸錦生,107年直轄市議員選舉,首次申報,1070928,交通旅運支出,台灣中油,07918499,0.00,96.00,加油,金錢,,,
96,陸錦生,107年直轄市議員選舉,首次申報,1070928,租用宣傳車輛支出,茄萣仁愛加油站,27459697,0.00,830.00,宣傳車輛燃料支出,金錢,高雄市茄定區****,,
97,陸錦生,107年直轄市議員選舉,首次申報,1070930,交通旅運支出,台灣高鐵,,0.00,5070.00,演講或表演支出,金錢,,,
98,陸錦生,107年直轄市議員選舉,首次申報,1070930,租用宣傳車輛支出,竹輪車業行,10191416,0.00,1850.00,維修宣傳車輛支出,金錢,高雄市路竹區****,,
99,陸錦生,107年直轄市議員選舉,首次申報,1070930,交通旅運支出,台灣中油,88020213,0.00,222.00,加油,金錢,,,
100,陸錦生,107年直轄市議員選舉,首次申報,1070930,人事費用支出,程春心,S10*******,0.00,15000.00,工作人員,金錢,高雄市路竹區****,,
101,陸錦生,107年直轄市議員選舉,首次申報,1070930,租用宣傳車輛支出,林志東,S12*******,0.00,33000.00,雇用宣傳車輛駕駛支出,金錢,高雄市路竹區****,,
102,陸錦生,107年直轄市議員選舉,首次申報,1071001,租用宣傳車輛支出,台灣中油,07918499,0.00,956.00,宣傳車輛燃料支出,金錢,高雄市湖內區****,,
103,陸錦生,107年直轄市議員選舉,首次申報,1071001,交通旅運支出,湖中路加油站,16076384,0.00,850.00,加油,金錢,,,
104,陸錦生,107年直轄市議員選舉,首次申報,1071001,交通旅運支出,台灣中油,88020213,0.00,930.00,加油,金錢,,,
105,陸錦生,107年直轄市議員選舉,首次申報,1071001,租用宣傳車輛支出,台灣中油,99141896,0.00,938.00,宣傳車輛燃料支出,金錢,臺南市仁德區****,,
106,陸錦生,107年直轄市議員選舉,首次申報,1071001,租用競選辦事處支出,杜龍雄,S10*******,0.00,20000.00,租用競選辦事處費用,金錢,高雄市路竹區****,,
107,陸錦生,107年直轄市議員選舉,首次申報,1071004,交通旅運支出,大崗山加油站,12899900,0.00,900.00,加油,金錢,,,
108,陸錦生,107年直轄市議員選舉,首次申報,1071004,交通旅運支出,台灣中油,88020261,0.00,850.00,加油,金錢,,,
109,陸錦生,107年直轄市議員選舉,首次申報,1071006,交通旅運支出,興達港加油站,16408686,0.00,880.00,加油,金錢,,,
110,陸錦生,107年直轄市議員選舉,首次申報,1071008,交通旅運支出,台灣中油,,0.00,2040.00,加油油資,金錢,高雄市****,,
111,陸錦生,107年直轄市議員選舉,首次申報,1071009,交通旅運支出,台灣中油,88020213,0.00,910.00,加油,金錢,,,
112,陸錦生,107年直轄市議員選舉,首次申報,1071011,宣傳支出,異項行銷有限公司,54577043,0.00,351700.00,製作宣傳廣告支出,金錢,臺南市永康區****,,
113,陸錦生,107年直轄市議員選舉,首次申報,1071011,交通旅運支出,台灣中油,88020261,0.00,900.00,加油,金錢,,,
114,陸錦生,107年直轄市議員選舉,首次申報,1071013,交通旅運支出,千越加油站路竹站,09015898,0.00,1020.00,加油,金錢,,,
115,陸錦生,107年直轄市議員選舉,首次申報,1071013,租用宣傳車輛支出,台灣中油,88020213,0.00,500.00,宣傳車輛燃料支出,金錢,高雄市路竹區****,,
116,陸錦生,107年直轄市議員選舉,首次申報,1071014,交通旅運支出,台灣中油,88020213,0.00,920.00,加油,金錢,,,
117,陸錦生,107年直轄市議員選舉,首次申報,1071016,交通旅運支出,興達港加油站,16408686,0.00,900.00,加油,金錢,,,
118,陸錦生,107年直轄市議員選舉,首次申報,1071018,租用宣傳車輛支出,台灣中油,07918499,0.00,976.00,宣傳車輛燃料支出,金錢,高雄市湖內區****,,
119,陸錦生,107年直轄市議員選舉,首次申報,1071019,租用宣傳車輛支出,興達港加油站,16408686,0.00,950.00,宣傳車輛燃料支出,金錢,,,
120,陸錦生,107年直轄市議員選舉,首次申報,1071023,租用宣傳車輛支出,興達港加油站,16408686,0.00,930.00,宣傳車輛燃料支出,金錢,,,
121,陸錦生,107年直轄市議員選舉,首次申報,1071024,宣傳支出,岡山派報中心,76976607,0.00,19950.00,郵寄競選物品或宣傳廣告支出,金錢,高雄市岡山區****,,
122,陸錦生,107年直轄市議員選舉,首次申報,1071026,租用宣傳車輛支出,台灣中油,88020213,0.00,500.00,宣傳車輛燃料支出,金錢,高雄市路竹區****,,
123,陸錦生,107年直轄市議員選舉,首次申報,1071028,租用宣傳車輛支出,興達港加油站,16408686,0.00,900.00,宣傳車輛燃料支出,金錢,高雄市茄定區****,,
124,陸錦生,107年直轄市議員選舉,首次申報,1071030,宣傳支出,集立廣告社,10140971,0.00,469350.00,租用廣告看板與車體廣告,金錢,臺南市南區明****,,
125,陸錦生,107年直轄市議員選舉,首次申報,1071031,租用宣傳車輛支出,興達港加油站,16408686,0.00,940.00,宣傳車輛燃料支出,金錢,高雄市茄定區****,,
126,陸錦生,107年直轄市議員選舉,首次申報,1071031,租用宣傳車輛支出,林志東,S12*******,0.00,36500.00,雇用宣傳車輛駕駛支出,金錢,高雄市路竹區****,,
127,陸錦生,107年直轄市議員選舉,首次申報,1071101,租用競選辦事處支出,杜龍雄,,0.00,20000.00,租用競選辦事處費用,金錢,高雄市路竹區****,,
128,陸錦生,107年直轄市議員選舉,首次申報,1071106,租用宣傳車輛支出,興達港加油站,16408686,0.00,900.00,宣傳車輛燃料支出,金錢,高雄市茄定區****,,
129,陸錦生,107年直轄市議員選舉,首次申報,1071107,雜支支出,歐德無壓材料有限公司,28793360,0.00,2320.00,文具用品費用-膠帶,金錢,桃園市龜山區****,,
130,陸錦生,107年直轄市議員選舉,首次申報,1071111,租用宣傳車輛支出,興達港加油站,16408686,0.00,870.00,宣傳車輛燃料支出,金錢,高雄市茄定區****,,
131,陸錦生,107年直轄市議員選舉,首次申報,1071113,宣傳支出,路竹竹南郵局,,0.00,5688.00,郵寄競選物品或宣傳廣告支出,金錢,,,
132,陸錦生,107年直轄市議員選舉,首次申報,1071120,租用宣傳車輛支出,興達港加油站,16408686,0.00,950.00,宣傳車輛燃料支出,金錢,高雄市茄定區****,,
133,陸錦生,107年直轄市議員選舉,首次申報,1071121,宣傳支出,南泰企業社,25948657,0.00,28500.00,郵寄競選物品或宣傳廣告支出,金錢,高雄市楠梓區****,,
134,陸錦生,107年直轄市議員選舉,首次申報,1071130,租用宣傳車輛支出,林志東,S12*******,0.00,31500.00,雇用宣傳車輛駕駛支出,金錢,高雄市路竹區****,,
