﻿序號,擬參選人／政黨,選舉名稱,申報序號／年度,交易日期,收支科目,捐贈者／支出對象,身分證／統一編號,收入金額,支出金額,支出用途,金錢類,地址,聯絡電話,資料更正日期
1,莊明增,107年鄉(鎮、市)長選舉,首次申報,1070829,個人捐贈收入,劉美熙,,9000.00,0.00,,非金錢,新竹縣北埔鄉****,,
2,莊明增,107年鄉(鎮、市)長選舉,首次申報,1070829,個人捐贈收入,莊明歧,,9000.00,0.00,,非金錢,新竹縣北埔鄉****,,
3,莊明增,107年鄉(鎮、市)長選舉,首次申報,1070829,個人捐贈收入,莊明煌,,9000.00,0.00,,非金錢,新竹縣北埔鄉****,,
4,莊明增,107年鄉(鎮、市)長選舉,首次申報,1070917,個人捐贈收入,王丹驊,J20*******,50000.00,0.00,,金錢,新竹縣北埔鄉****,０２２３*****,
5,莊明增,107年鄉(鎮、市)長選舉,首次申報,1070922,個人捐贈收入,溫明桓,J10*******,96000.00,0.00,,金錢,新北市板橋區****,03-5*****,
6,莊明增,107年鄉(鎮、市)長選舉,首次申報,1070926,個人捐贈收入,賴德金,,2000.00,0.00,,非金錢,埔尾村****,,
7,莊明增,107年鄉(鎮、市)長選舉,首次申報,1070926,個人捐贈收入,楊素真,,3600.00,0.00,,非金錢,南埔村之號****,,
8,莊明增,107年鄉(鎮、市)長選舉,首次申報,1070926,個人捐贈收入,張仙武,J12*******,10000.00,0.00,,金錢,新北市樹林區****,,
9,莊明增,107年鄉(鎮、市)長選舉,首次申報,1070928,個人捐贈收入,黃增鍾,J12*******,10000.00,0.00,,金錢,新竹縣北埔鄉****,0910*****,
10,莊明增,107年鄉(鎮、市)長選舉,首次申報,1070929,個人捐贈收入,姜杏蘭,,1250.00,0.00,,非金錢,新竹縣北埔鄉****,,
11,莊明增,107年鄉(鎮、市)長選舉,首次申報,1070929,個人捐贈收入,黃滿妹,,1250.00,0.00,,非金錢,新竹縣北埔鄉****,0358*****,
12,莊明增,107年鄉(鎮、市)長選舉,首次申報,1070929,個人捐贈收入,傅惠香,,3000.00,0.00,,非金錢,新竹縣北埔鄉****,,
13,莊明增,107年鄉(鎮、市)長選舉,首次申報,1070930,個人捐贈收入,莊謙榮,J10*******,5000.00,0.00,,金錢,新北市中和區****,,
14,莊明增,107年鄉(鎮、市)長選舉,首次申報,1070930,個人捐贈收入,彭紹勝,J10*******,3000.00,0.00,,金錢,新竹縣北埔鄉****,,
15,莊明增,107年鄉(鎮、市)長選舉,首次申報,1070930,個人捐贈收入,姜義江,J12*******,3600.00,0.00,,金錢,新竹縣北埔鄉****,5802*****,
16,莊明增,107年鄉(鎮、市)長選舉,首次申報,1070930,個人捐贈收入,莊明寬,J12*******,5000.00,0.00,,金錢,桃園市平鎮區****,,
17,莊明增,107年鄉(鎮、市)長選舉,首次申報,1070930,個人捐贈收入,莊鼎威,V10*******,10000.00,0.00,,金錢,桃園市大溪區****,,
18,莊明增,107年鄉(鎮、市)長選舉,首次申報,1071001,個人捐贈收入,黃麗陵,F22*******,10000.00,0.00,,金錢,新竹縣北埔鄉****,0933*****,
19,莊明增,107年鄉(鎮、市)長選舉,首次申報,1071007,個人捐贈收入,莊明城,F12*******,10000.00,0.00,,金錢,新北市中和區****,,
20,莊明增,107年鄉(鎮、市)長選舉,首次申報,1071007,個人捐贈收入,莊明正,F12*******,10000.00,0.00,,金錢,新北市中和區****,,
21,莊明增,107年鄉(鎮、市)長選舉,首次申報,1071007,個人捐贈收入,莊萬富,J12*******,10000.00,0.00,,金錢,新北市中和區****,,
22,莊明增,107年鄉(鎮、市)長選舉,首次申報,1071007,個人捐贈收入,溫秀春,J20*******,10000.00,0.00,,金錢,新竹縣竹東鎮****,0932*****,
23,莊明增,107年鄉(鎮、市)長選舉,首次申報,1071010,個人捐贈收入,黃旭楨,J12*******,5000.00,0.00,,金錢,新竹縣北埔鄉****,,
24,莊明增,107年鄉(鎮、市)長選舉,首次申報,1071026,個人捐贈收入,莊明漢,L12*******,3000.00,0.00,,金錢,新竹縣竹北市****,0936*****,
25,莊明增,107年鄉(鎮、市)長選舉,首次申報,1071028,個人捐贈收入,陳炫彬,J10*******,50000.00,0.00,,金錢,臺北市信義區****,,
26,莊明增,107年鄉(鎮、市)長選舉,首次申報,1071112,個人捐贈收入,莊明鈞,J12*******,10000.00,0.00,,金錢,新竹縣竹東鎮****,,
27,莊明增,107年鄉(鎮、市)長選舉,首次申報,1071120,個人捐贈收入,童文池,A12*******,20000.00,0.00,,金錢,桃園市蘆竹區****,0917*****,
