﻿序號,擬參選人／政黨,選舉名稱,申報序號／年度,交易日期,收支科目,捐贈者／支出對象,身分證／統一編號,收入金額,支出金額,支出用途,金錢類,地址,聯絡電話,資料更正日期
1,林進明,107年鄉(鎮、市)民代表選舉,首次申報,1070918,營利事業捐贈收入,勁旅工程有限公司,24363895,100000.00,0.00,,金錢,新北市三重區****,0989*****,
2,林進明,107年鄉(鎮、市)民代表選舉,首次申報,1070918,營利事業捐贈收入,佳億塑膠工業有限公司,34546135,10000.00,0.00,,金錢,新北市樹林區****,,
3,林進明,107年鄉(鎮、市)民代表選舉,首次申報,1070918,個人捐贈收入,范家溢,K12*******,100000.00,0.00,,金錢,苗栗縣竹南鎮****,0918*****,
4,林進明,107年鄉(鎮、市)民代表選舉,首次申報,1070925,個人捐贈收入,李政芳,N12*******,8000.00,0.00,,金錢,彰化縣員林市****,0933*****,
5,林進明,107年鄉(鎮、市)民代表選舉,首次申報,1071026,個人捐贈收入,陳天送,K12*******,50000.00,0.00,,金錢,苗栗縣竹南鎮****,0988*****,
6,林進明,107年鄉(鎮、市)民代表選舉,首次申報,1071027,個人捐贈收入,徐慶宏,K12*******,10000.00,0.00,,金錢,苗栗縣竹南鎮****,0928*****,
7,林進明,107年鄉(鎮、市)民代表選舉,首次申報,1071102,個人捐贈收入,林慶川,K12*******,100000.00,0.00,,金錢,新北市新莊區****,0975*****,
8,林進明,107年鄉(鎮、市)民代表選舉,首次申報,1071112,個人捐贈收入,林雅惠,K22*******,100000.00,0.00,,金錢,苗栗縣竹南鎮****,0953*****,
9,林進明,107年鄉(鎮、市)民代表選舉,首次申報,1071221,其他收入,利息收入,,1.00,0.00,,金錢,,,
