﻿序號,擬參選人／政黨,選舉名稱,申報序號／年度,交易日期,收支科目,捐贈者／支出對象,身分證／統一編號,收入金額,支出金額,捐贈方式,存入專戶日期,返還/繳庫,支出用途,金錢類,地址,聯絡電話,應揭露之支出對象,支出對象之內部人員姓名,支出對象之內部人員職稱,政黨之內部人員姓名,政黨之內部人員職稱,關係,更正註記,資料更正日期
1,蕭博勝,111年嘉義縣番路鄉鄉長選舉,首次申報,1110804,雜支支出,崴統企業,28754253,0.00,3255.00,,,,餐飲費用,金錢,,,否,,,,,,,
2,蕭博勝,111年嘉義縣番路鄉鄉長選舉,首次申報,1110810,雜支支出,灌口鹽鴨小吃部,09046512,0.00,1050.00,,,,餐飲費用,金錢,,0525*****,否,,,,,,,
3,蕭博勝,111年嘉義縣番路鄉鄉長選舉,首次申報,1110812,交通旅運支出,番路加油站,06296938,0.00,1253.00,,,,油資,金錢,嘉義縣番路鄉****,,否,,,,,,,
4,蕭博勝,111年嘉義縣番路鄉鄉長選舉,首次申報,1110816,宣傳支出,旭川旗幟企業行,19730013,0.00,6900.00,,,,製作競選物品或宣傳廣告費用（背心）,金錢,嘉義縣番路鄉****,,否,,,,,,,
5,蕭博勝,111年嘉義縣番路鄉鄉長選舉,首次申報,1110816,宣傳支出,名刺數位印刷,28212666,0.00,3056.00,,,,製作競選物品或宣傳廣告費用（貼紙）,金錢,臺北市士林區****,,否,,,,,,,
6,蕭博勝,111年嘉義縣番路鄉鄉長選舉,首次申報,1110817,宣傳支出,雲軒整合科技,66496903,0.00,318.00,,,,製作競選物品或宣傳廣告費用（印章）,金錢,,,否,,,,,,,
7,蕭博勝,111年嘉義縣番路鄉鄉長選舉,首次申報,1110818,租用競選辦事處支出,特力屋,70746538,0.00,5760.00,,,,裝潢競選辦事處費用,金錢,嘉義市西區****,,否,,,,,,,
8,蕭博勝,111年嘉義縣番路鄉鄉長選舉,首次申報,1110818,宣傳支出,傑元工作室,91182520,0.00,487.00,,,,製作競選物品或宣傳廣告費用（酒精噴瓶）,金錢,,,否,,,,,,,
9,蕭博勝,111年嘉義縣番路鄉鄉長選舉,首次申報,1110818,宣傳支出,傑元工作室,91182520,0.00,442.00,,,,製作競選物品或宣傳廣告費用（酒精噴瓶）,金錢,,,否,,,,,,,
10,蕭博勝,111年嘉義縣番路鄉鄉長選舉,首次申報,1110819,宣傳支出,好市多,53666362,0.00,21499.00,,,,製作競選物品或宣傳廣告費用（電視）,金錢,嘉義市東區忠****,,否,,,,,,,
11,蕭博勝,111年嘉義縣番路鄉鄉長選舉,首次申報,1110819,租用競選辦事處支出,好市多,53666362,0.00,1912.00,,,,裝潢競選辦事處費用,金錢,嘉義市東區忠****,,否,,,,,,,
12,蕭博勝,111年嘉義縣番路鄉鄉長選舉,首次申報,1110819,租用競選辦事處支出,宜家家居,54284187,0.00,12691.00,,,,裝潢競選辦事處費用,金錢,臺中市南屯區****,,否,,,,,,,
13,蕭博勝,111年嘉義縣番路鄉鄉長選舉,首次申報,1110819,交通旅運支出,中油,65090503,0.00,1369.00,,,,油資,金錢,嘉義市東區吳****,,否,,,,,,,
14,蕭博勝,111年嘉義縣番路鄉鄉長選舉,首次申報,1110819,租用競選辦事處支出,特力屋,70746538,0.00,6439.00,,,,裝潢競選辦事處費用,金錢,嘉義市東區忠****,,否,,,,,,,
15,蕭博勝,111年嘉義縣番路鄉鄉長選舉,首次申報,1110819,雜支支出,中華電信,81615490,0.00,1000.00,,,,電信費用,金錢,嘉義縣番路鄉****,,否,,,,,,,
16,蕭博勝,111年嘉義縣番路鄉鄉長選舉,首次申報,1110821,雜支支出,津發食品店,34961771,0.00,706.00,,,,餐飲費用,金錢,嘉義縣民雄鄉****,,否,,,,,,,
17,蕭博勝,111年嘉義縣番路鄉鄉長選舉,首次申報,1110821,雜支支出,樂寧,36813831,0.00,815.00,,,,餐飲費用,金錢,,,否,,,,,,,
18,蕭博勝,111年嘉義縣番路鄉鄉長選舉,首次申報,1110821,交通旅運支出,中油,47928938,0.00,1177.00,,,,油資,金錢,嘉義市西區****,,否,,,,,,,
19,蕭博勝,111年嘉義縣番路鄉鄉長選舉,首次申報,1110821,雜支支出,小北百貨,53392384,0.00,463.00,,,,文具用品費用,金錢,嘉義市東區民****,,否,,,,,,,
20,蕭博勝,111年嘉義縣番路鄉鄉長選舉,首次申報,1110821,雜支支出,林聰明,55916956,0.00,1215.00,,,,餐飲費用,金錢,嘉義市東區****,,否,,,,,,,
21,蕭博勝,111年嘉義縣番路鄉鄉長選舉,首次申報,1110821,雜支支出,嘉義縣番路鄉農會,62939955,0.00,300.00,,,,餐飲費用,金錢,嘉義縣番路鄉****,,否,,,,,,,
22,蕭博勝,111年嘉義縣番路鄉鄉長選舉,首次申報,1110822,雜支支出,小北百貨,53392384,0.00,246.00,,,,雜項購置或修繕費用,金錢,嘉義市東區****,,否,,,,,,,
23,蕭博勝,111年嘉義縣番路鄉鄉長選舉,首次申報,1110823,雜支支出,小北百貨,53392384,0.00,295.00,,,,雜項購置或修繕費用,金錢,嘉義市東區****,,否,,,,,,,
24,蕭博勝,111年嘉義縣番路鄉鄉長選舉,首次申報,1110825,宣傳支出,高毅企業社,14521500,0.00,120.00,,,,製作競選物品或宣傳廣告費用（相片）,金錢,,,否,,,,,,,
25,蕭博勝,111年嘉義縣番路鄉鄉長選舉,首次申報,1110825,雜支支出,小北百貨,53392384,0.00,299.00,,,,雜項購置或修繕費用,金錢,嘉義市東區****,,否,,,,,,,
26,蕭博勝,111年嘉義縣番路鄉鄉長選舉,首次申報,1110825,租用競選辦事處支出,特力和樂,53663800,0.00,1162.00,,,,裝潢競選辦事處費用,金錢,嘉義市東區忠****,,否,,,,,,,
27,蕭博勝,111年嘉義縣番路鄉鄉長選舉,首次申報,1110825,交通旅運支出,中油,65060037,0.00,1000.00,,,,油資,金錢,嘉義市西區林****,,否,,,,,,,
28,蕭博勝,111年嘉義縣番路鄉鄉長選舉,首次申報,1110825,租用競選辦事處支出,特力屋,70746538,0.00,5641.00,,,,裝潢競選辦事處費用,金錢,嘉義市東區忠****,,否,,,,,,,
29,蕭博勝,111年嘉義縣番路鄉鄉長選舉,首次申報,1110826,宣傳支出,桔曜企業,28756576,0.00,28665.00,,,,製作競選物品或宣傳廣告費用(看版）,金錢,嘉義市西區福****,0523*****,否,,,,,,,
30,蕭博勝,111年嘉義縣番路鄉鄉長選舉,首次申報,1110827,雜支支出,大九九大賣場,85788296,0.00,392.00,,,,雜項購置或修繕費用,金錢,嘉義縣竹崎鄉****,,否,,,,,,,
31,蕭博勝,111年嘉義縣番路鄉鄉長選舉,首次申報,1110828,租用競選辦事處支出,好市多,27948648,0.00,2541.00,,,,裝潢競選辦事處費用,金錢,,,否,,,,,,,
32,蕭博勝,111年嘉義縣番路鄉鄉長選舉,首次申報,1110828,租用競選辦事處支出,宜家家居,54284187,0.00,3299.00,,,,裝潢競選辦事處費用,金錢,臺中市南屯區****,,否,,,,,,,
33,蕭博勝,111年嘉義縣番路鄉鄉長選舉,首次申報,1110828,租用競選辦事處支出,宜家家居,54284187,0.00,2320.00,,,,裝潢競選辦事處費用,金錢,臺中市南屯區****,,否,,,,,,,
34,蕭博勝,111年嘉義縣番路鄉鄉長選舉,首次申報,1110828,租用競選辦事處支出,宜家家居,54284187,0.00,2997.00,,,,裝潢競選辦事處費用,金錢,臺中市南屯區****,,否,,,,,,,
35,蕭博勝,111年嘉義縣番路鄉鄉長選舉,首次申報,1110828,雜支支出,大九九大賣場,85788296,0.00,199.00,,,,雜項購置或修繕費用,金錢,嘉義縣竹崎鄉****,,否,,,,,,,
36,蕭博勝,111年嘉義縣番路鄉鄉長選舉,首次申報,1110829,雜支支出,香城商行,10714836,0.00,3000.00,,,,雜項購置或修繕費用,金錢,嘉義縣大林鎮****,,否,,,,,,,
37,蕭博勝,111年嘉義縣番路鄉鄉長選舉,首次申報,1110829,雜支支出,家樂福,10764928,0.00,2543.00,,,,雜項購置或修繕費用,金錢,嘉義市東區****,,否,,,,,,,
38,蕭博勝,111年嘉義縣番路鄉鄉長選舉,首次申報,1110829,宣傳支出,元禎數位,14512690,0.00,2400.00,,,,製作競選物品或宣傳廣告費用（宣傳單）,金錢,,,否,,,,,,,
39,蕭博勝,111年嘉義縣番路鄉鄉長選舉,首次申報,1110830,租用競選辦事處支出,小北百貨,53392384,0.00,528.00,,,,裝潢競選辦事處費用,金錢,,,否,,,,,,,
40,蕭博勝,111年嘉義縣番路鄉鄉長選舉,首次申報,1110831,交通旅運支出,番路加油站,06296938,0.00,1562.00,,,,油費,金錢,嘉義縣番路鄉****,,否,,,,,,,
41,蕭博勝,111年嘉義縣番路鄉鄉長選舉,首次申報,1110831,交通旅運支出,番路加油站,06296938,0.00,1220.00,,,,油資,金錢,嘉義縣番路鄉****,,否,,,,,,,
42,蕭博勝,111年嘉義縣番路鄉鄉長選舉,首次申報,1110831,宣傳支出,田媽媽柿果子,25745365,0.00,8000.00,,,,其他與選舉宣傳有關之費用,金錢,,,否,,,,,,,
43,蕭博勝,111年嘉義縣番路鄉鄉長選舉,首次申報,1110901,公共關係費用支出,花漾花屋,10148137,0.00,25000.00,,,,聯誼交際費用,金錢,嘉義縣番路鄉****,0525*****,否,,,,,,,
44,蕭博勝,111年嘉義縣番路鄉鄉長選舉,首次申報,1110902,雜支支出,好事多,28995746,0.00,5340.00,,,,雜項購置或修繕費用,金錢,,,否,,,,,,,
45,蕭博勝,111年嘉義縣番路鄉鄉長選舉,首次申報,1110904,交通旅運支出,中油,06296938,0.00,1017.00,,,,油資,金錢,嘉義縣番路鄉****,,否,,,,,,,
46,蕭博勝,111年嘉義縣番路鄉鄉長選舉,首次申報,1110904,宣傳支出,遠東百貨,28976305,0.00,799.00,,,,製作競選物品或宣傳廣告費用（酒精噴瓶）,金錢,,,否,,,,,,,
47,蕭博勝,111年嘉義縣番路鄉鄉長選舉,首次申報,1110905,公共關係費用支出,花漾花屋,10148137,0.00,2500.00,,,,為民服務費用,金錢,嘉義縣番路鄉****,0525*****,否,,,,,,,
48,蕭博勝,111年嘉義縣番路鄉鄉長選舉,首次申報,1110905,交通旅運支出,中油,27910381,0.00,259.00,,,,油資,金錢,,,否,,,,,,,
49,蕭博勝,111年嘉義縣番路鄉鄉長選舉,首次申報,1110905,租用競選辦事處支出,晨鑫企業社,47859854,0.00,37200.00,,,,裝潢競選辦事處費用,金錢,嘉義縣番路觸****,,否,,,,,,,
50,蕭博勝,111年嘉義縣番路鄉鄉長選舉,首次申報,1110905,交通旅運支出,台灣中油大灣加油站,73696646,0.00,1068.00,,,,油資,金錢,,,否,,,,,,,
51,蕭博勝,111年嘉義縣番路鄉鄉長選舉,首次申報,1110907,租用競選辦事處支出,家樂福,16085623,0.00,2190.00,,,,其他與租用競選辦事處有關之費用,金錢,,,否,,,,,,,
52,蕭博勝,111年嘉義縣番路鄉鄉長選舉,首次申報,1110907,租用競選辦事處支出,家樂福,16085623,0.00,49.00,,,,租買辦公設備費用,金錢,,,否,,,,,,,
53,蕭博勝,111年嘉義縣番路鄉鄉長選舉,首次申報,1110907,宣傳支出,躍獅藥局,77654323,0.00,500.00,,,,製作競選物品或宣傳廣告費用（酒精噴瓶）,金錢,,,否,,,,,,,
54,蕭博勝,111年嘉義縣番路鄉鄉長選舉,首次申報,1110908,交通旅運支出,福懋加油站,40755159,0.00,1202.00,,,,油資,金錢,,,否,,,,,,,
55,蕭博勝,111年嘉義縣番路鄉鄉長選舉,首次申報,1110908,租用競選辦事處支出,永佳電器行,78454098,0.00,48500.00,,,,裝潢競選辦事處費用,金錢,嘉義縣番路鄉****,0525*****,否,,,,,,,
56,蕭博勝,111年嘉義縣番路鄉鄉長選舉,首次申報,1110911,雜支支出,好市多,53666362,0.00,3440.00,,,,餐飲費用,金錢,嘉義市東區忠****,,否,,,,,,,
57,蕭博勝,111年嘉義縣番路鄉鄉長選舉,首次申報,1110911,雜支支出,好市多,53666362,0.00,836.00,,,,餐飲費用,金錢,嘉義市東區忠****,,否,,,,,,,
58,蕭博勝,111年嘉義縣番路鄉鄉長選舉,首次申報,1110912,租用競選辦事處支出,森陽工程行,25735346,0.00,129990.00,,,,裝潢競選辦事處費用,金錢,嘉義市西區新****,0528*****,否,,,,,,,
59,蕭博勝,111年嘉義縣番路鄉鄉長選舉,首次申報,1110912,雜支支出,台電,66019000,0.00,1000.00,,,,水電瓦斯費用,金錢,,,否,,,,,,,
60,蕭博勝,111年嘉義縣番路鄉鄉長選舉,首次申報,1110912,雜支支出,台電,66019000,0.00,10000.00,,,,水電瓦斯費用,金錢,,,否,,,,,,,
61,蕭博勝,111年嘉義縣番路鄉鄉長選舉,首次申報,1110912,雜支支出,台電,66019000,0.00,2073.00,,,,水電瓦斯費用,金錢,,,否,,,,,,,
62,蕭博勝,111年嘉義縣番路鄉鄉長選舉,首次申報,1110912,雜支支出,台電,66019000,0.00,3460.00,,,,水電瓦斯費用,金錢,,,否,,,,,,,
63,蕭博勝,111年嘉義縣番路鄉鄉長選舉,首次申報,1110913,租用競選辦事處支出,永佳電器行,78454098,0.00,3700.00,,,,裝潢競選辦事處費用,金錢,嘉義縣番路鄉****,0525*****,否,,,,,,,
64,蕭博勝,111年嘉義縣番路鄉鄉長選舉,首次申報,1110913,雜支支出,吉隆大賣場,87982417,0.00,255.00,,,,雜項購置或修繕費用,金錢,,,否,,,,,,,
65,蕭博勝,111年嘉義縣番路鄉鄉長選舉,首次申報,1110914,雜支支出,好事多,53666362,0.00,6417.00,,,,飲料食物雜物支出,金錢,嘉義市東區忠****,,否,,,,,,,
66,蕭博勝,111年嘉義縣番路鄉鄉長選舉,首次申報,1110915,宣傳支出,旭川旗幟,19730013,0.00,18500.00,,,,製作競選物品或宣傳廣告費用（布條布旗）,金錢,嘉義縣番路鄉****,,否,,,,,,,
67,蕭博勝,111年嘉義縣番路鄉鄉長選舉,首次申報,1110916,交通旅運支出,番路加油站,06296938,0.00,1317.00,,,,油費,金錢,嘉義縣番路鄉****,,否,,,,,,,
68,蕭博勝,111年嘉義縣番路鄉鄉長選舉,首次申報,1110917,交通旅運支出,番路加油站,06296938,0.00,1282.00,,,,油費,金錢,嘉義縣番路鄉****,,否,,,,,,,
69,蕭博勝,111年嘉義縣番路鄉鄉長選舉,首次申報,1110917,交通旅運支出,番路加油站,06296938,0.00,458.00,,,,油費,金錢,嘉義縣番路鄉****,,否,,,,,,,
70,蕭博勝,111年嘉義縣番路鄉鄉長選舉,首次申報,1110918,交通旅運支出,番路加油站,06296938,0.00,1616.00,,,,油費,金錢,嘉義縣番路鄉****,,否,,,,,,,
71,蕭博勝,111年嘉義縣番路鄉鄉長選舉,首次申報,1110920,宣傳支出,旭川旗幟企業行,19730013,0.00,25900.00,,,,製作競選物品或宣傳廣告費用（布條）,金錢,嘉義縣番路鄉****,,否,,,,,,,
72,蕭博勝,111年嘉義縣番路鄉鄉長選舉,首次申報,1110922,雜支支出,墊脚石,89736172,0.00,710.00,,,,文具用品費用,金錢,,,否,,,,,,,
73,蕭博勝,111年嘉義縣番路鄉鄉長選舉,首次申報,1110924,租用宣傳車輛支出,中智捷汽車-中清服務廠,47532149,0.00,11000.00,,,,車輛保養,金錢,中清路二段號****,,否,,,,,,,
74,蕭博勝,111年嘉義縣番路鄉鄉長選舉,首次申報,1110926,交通旅運支出,番路加油站,06296938,0.00,918.00,,,,油費,金錢,嘉義縣番路鄉****,,否,,,,,,,
75,蕭博勝,111年嘉義縣番路鄉鄉長選舉,首次申報,1110926,雜支支出,半天岩鵝肉店,13629911,0.00,490.00,,,,飲食支出,金錢,嘉義縣番路鄉****,,否,,,,,,,
76,蕭博勝,111年嘉義縣番路鄉鄉長選舉,首次申報,1110926,交通旅運支出,台灣中油,66508598,0.00,1228.00,,,,油資,金錢,,,否,,,,,,,
77,蕭博勝,111年嘉義縣番路鄉鄉長選舉,首次申報,1110928,交通旅運支出,番路加油站,06296938,0.00,259.00,,,,油費,金錢,嘉義縣番路鄉****,,否,,,,,,,
78,蕭博勝,111年嘉義縣番路鄉鄉長選舉,首次申報,1110928,雜支支出,好市多,53666362,0.00,1167.00,,,,雜物支出,金錢,嘉義市東區忠****,,否,,,,,,,
79,蕭博勝,111年嘉義縣番路鄉鄉長選舉,首次申報,1110929,租用競選辦事處支出,華陽企業行,66391099,0.00,830.00,,,,租買辦公設備費用,金錢,,,否,,,,,,,
80,蕭博勝,111年嘉義縣番路鄉鄉長選舉,首次申報,1110930,交通旅運支出,番路加油站,06296938,0.00,1466.00,,,,油資,金錢,嘉義縣番路鄉****,,否,,,,,,,
81,蕭博勝,111年嘉義縣番路鄉鄉長選舉,首次申報,1110930,宣傳支出,花漾花屋,10148137,0.00,7500.00,,,,羅馬柱,金錢,嘉義縣番路鄉****,0525*****,否,,,,,,,
82,蕭博勝,111年嘉義縣番路鄉鄉長選舉,首次申報,1110930,雜支支出,嘉真商店,10885612,0.00,5000.00,,,,餐飲費用-飲料餐具,金錢,嘉義縣番路鄉****,,否,,,,,,,
83,蕭博勝,111年嘉義縣番路鄉鄉長選舉,首次申報,1110930,宣傳支出,六六八八網有限公司,55645390,0.00,400.00,,,,競選小物,金錢,臺北市內湖區****,,否,,,,,,,
84,蕭博勝,111年嘉義縣番路鄉鄉長選舉,首次申報,1110930,公共關係費用支出,嘉義縣番路鄉農會,62939955,0.00,3400.00,,,,聯誼交際費用,金錢,嘉義縣番路鄉****,0525*****,否,,,,,,,
85,蕭博勝,111年嘉義縣番路鄉鄉長選舉,首次申報,1110930,公共關係費用支出,嘉義縣番路鄉農會,62939955,0.00,5100.00,,,,聯誼交際費用,金錢,嘉義縣番路鄉****,0525*****,否,,,,,,,
86,蕭博勝,111年嘉義縣番路鄉鄉長選舉,首次申報,1110930,宣傳支出,奕元企業有限公司,69692008,0.00,1261.00,,,,文宣小品濾水網,金錢,桃園市桃園區****,,否,,,,,,,
87,蕭博勝,111年嘉義縣番路鄉鄉長選舉,首次申報,1111001,公共關係費用支出,花漾花屋,10148137,0.00,42000.00,,,,聯誼交際費用,金錢,嘉義縣番路鄉****,0525*****,否,,,,,,,
88,蕭博勝,111年嘉義縣番路鄉鄉長選舉,首次申報,1111002,租用競選辦事處支出,好市多,27948648,0.00,3920.00,,,,租買辦公設備費用,金錢,,,否,,,,,,,
89,蕭博勝,111年嘉義縣番路鄉鄉長選舉,首次申報,1111003,宣傳支出,競選總部,Q12*******,0.00,10000.00,,,,郵寄競選物品或宣傳廣告費用,非金錢,嘉義縣番路鄉****,,否,,,,,,,
90,蕭博勝,111年嘉義縣番路鄉鄉長選舉,首次申報,1111003,宣傳支出,競選總部,Q12*******,0.00,20000.00,,,,郵寄競選物品或宣傳廣告費用,非金錢,嘉義縣番路鄉****,,否,,,,,,,
91,蕭博勝,111年嘉義縣番路鄉鄉長選舉,首次申報,1111003,宣傳支出,競選總部,Q12*******,0.00,5000.00,,,,郵寄競選物品或宣傳廣告費用,非金錢,嘉義縣番路鄉****,,否,,,,,,,
92,蕭博勝,111年嘉義縣番路鄉鄉長選舉,首次申報,1111003,宣傳支出,競選總部,Q12*******,0.00,5000.00,,,,郵寄競選物品或宣傳廣告費用,非金錢,嘉義縣番路鄉****,,否,,,,,,,
93,蕭博勝,111年嘉義縣番路鄉鄉長選舉,首次申報,1111003,宣傳支出,競選總部,Q12*******,0.00,10000.00,,,,郵寄競選物品或宣傳廣告費用,非金錢,嘉義縣番路鄉****,,否,,,,,,,
94,蕭博勝,111年嘉義縣番路鄉鄉長選舉,首次申報,1111004,雜支支出,半天岩鵝肉店,13629911,0.00,1060.00,,,,餐飲費用,金錢,嘉義縣番路鄉****,,否,,,,,,,
95,蕭博勝,111年嘉義縣番路鄉鄉長選舉,首次申報,1111004,交通旅運支出,台灣中油,66508598,0.00,1087.00,,,,油資,金錢,,,否,,,,,,,
96,蕭博勝,111年嘉義縣番路鄉鄉長選舉,首次申報,1111005,雜支支出,龍翰事業有限公司,28641651,0.00,709.00,,,,文具用品費用,金錢,,,否,,,,,,,
97,蕭博勝,111年嘉義縣番路鄉鄉長選舉,首次申報,1111008,交通旅運支出,中油,06296938,0.00,1145.00,,,,油資,金錢,嘉義縣番路鄉****,,否,,,,,,,
98,蕭博勝,111年嘉義縣番路鄉鄉長選舉,首次申報,1111008,雜支支出,好市多,53666362,0.00,3292.00,,,,雜項購置或修繕費用,金錢,嘉義市東區忠****,,否,,,,,,,
99,蕭博勝,111年嘉義縣番路鄉鄉長選舉,首次申報,1111009,交通旅運支出,番路加油站,06296938,0.00,1459.00,,,,油資,金錢,嘉義縣番路鄉****,,否,,,,,,,
100,蕭博勝,111年嘉義縣番路鄉鄉長選舉,首次申報,1111009,雜支支出,清風濤月國際餐飲,53859419,0.00,1520.00,,,,餐飲費用,金錢,,,否,,,,,,,
101,蕭博勝,111年嘉義縣番路鄉鄉長選舉,首次申報,1111010,宣傳支出,逐鹿社區合作社,,0.00,380.00,,,,競選小物,金錢,嘉義縣番路鄉****,,否,,,,,,,
102,蕭博勝,111年嘉義縣番路鄉鄉長選舉,首次申報,1111011,雜支支出,半天岩鵝肉店,13629911,0.00,1050.00,,,,餐飲費用,金錢,嘉義縣番路鄉****,,否,,,,,,,
103,蕭博勝,111年嘉義縣番路鄉鄉長選舉,首次申報,1111012,宣傳支出,競選總部,Q12*******,0.00,20000.00,,,,郵寄競選物品或宣傳廣告費用,非金錢,嘉義縣番路鄉****,,否,,,,,,,
104,蕭博勝,111年嘉義縣番路鄉鄉長選舉,首次申報,1111012,宣傳支出,競選總部,Q12*******,0.00,5000.00,,,,郵寄競選物品或宣傳廣告費用,非金錢,嘉義縣番路鄉****,,否,,,,,,,
105,蕭博勝,111年嘉義縣番路鄉鄉長選舉,首次申報,1111012,宣傳支出,競選總部,Q12*******,0.00,5000.00,,,,郵寄競選物品或宣傳廣告費用,非金錢,嘉義縣番路鄉****,,否,,,,,,,
106,蕭博勝,111年嘉義縣番路鄉鄉長選舉,首次申報,1111012,宣傳支出,競選總部,Q12*******,0.00,5000.00,,,,郵寄競選物品或宣傳廣告費用,非金錢,嘉義縣番路鄉****,,否,,,,,,,
107,蕭博勝,111年嘉義縣番路鄉鄉長選舉,首次申報,1111012,宣傳支出,競選總部,Q12*******,0.00,5000.00,,,,郵寄競選物品或宣傳廣告費用,非金錢,嘉義縣番路鄉****,,否,,,,,,,
108,蕭博勝,111年嘉義縣番路鄉鄉長選舉,首次申報,1111012,宣傳支出,競選總部,Q12*******,0.00,10000.00,,,,郵寄競選物品或宣傳廣告費用,非金錢,嘉義縣番路鄉****,,否,,,,,,,
109,蕭博勝,111年嘉義縣番路鄉鄉長選舉,首次申報,1111012,宣傳支出,競選總部,Q12*******,0.00,10000.00,,,,郵寄競選物品或宣傳廣告費用,非金錢,嘉義縣番路鄉****,,否,,,,,,,
110,蕭博勝,111年嘉義縣番路鄉鄉長選舉,首次申報,1111012,宣傳支出,競選總部,Q12*******,0.00,10000.00,,,,郵寄競選物品或宣傳廣告費用,非金錢,嘉義縣番路鄉****,,否,,,,,,,
111,蕭博勝,111年嘉義縣番路鄉鄉長選舉,首次申報,1111012,宣傳支出,競選總部,Q12*******,0.00,10000.00,,,,郵寄競選物品或宣傳廣告費用,非金錢,嘉義縣番路鄉****,,否,,,,,,,
112,蕭博勝,111年嘉義縣番路鄉鄉長選舉,首次申報,1111012,宣傳支出,競選總部,Q12*******,0.00,10000.00,,,,郵寄競選物品或宣傳廣告費用,非金錢,嘉義縣番路鄉****,,否,,,,,,,
113,蕭博勝,111年嘉義縣番路鄉鄉長選舉,首次申報,1111012,宣傳支出,競選總部,Q12*******,0.00,5000.00,,,,郵寄競選物品或宣傳廣告費用,非金錢,嘉義縣番路鄉****,,否,,,,,,,
114,蕭博勝,111年嘉義縣番路鄉鄉長選舉,首次申報,1111016,租用宣傳車輛支出,阿里山隙頂加油站,28109488,0.00,500.00,,,,宣傳車輛燃料費用,金錢,嘉義縣番路鄉****,,否,,,,,,,
115,蕭博勝,111年嘉義縣番路鄉鄉長選舉,首次申報,1111016,雜支支出,嘉義縣番路鄉農會,62939955,0.00,1200.00,,,,餐飲費用,金錢,嘉義縣番路鄉****,,否,,,,,,,
116,蕭博勝,111年嘉義縣番路鄉鄉長選舉,首次申報,1111017,交通旅運支出,番路加油站,06296938,0.00,593.00,,,,油資,金錢,嘉義縣番路鄉****,,否,,,,,,,
117,蕭博勝,111年嘉義縣番路鄉鄉長選舉,首次申報,1111017,交通旅運支出,台灣中油,66508598,0.00,1090.00,,,,油資,金錢,,,否,,,,,,,
118,蕭博勝,111年嘉義縣番路鄉鄉長選舉,首次申報,1111020,雜支支出,東英美食行,29382007,0.00,1800.00,,,,餐飲費用,金錢,,0520*****,否,,,,,,,
119,蕭博勝,111年嘉義縣番路鄉鄉長選舉,首次申報,1111020,雜支支出,晨鑫企業社,47859854,0.00,20120.00,,,,餐飲費用,金錢,嘉義縣番路觸****,,否,,,,,,,
120,蕭博勝,111年嘉義縣番路鄉鄉長選舉,首次申報,1111020,宣傳支出,一方企業社,98870733,0.00,4025.00,,,,製作競選物品或宣傳廣告費用（邀請卡）,金錢,,,否,,,,,,,
121,蕭博勝,111年嘉義縣番路鄉鄉長選舉,首次申報,1111020,宣傳支出,一方企業社,98870733,0.00,4550.00,,,,製作競選物品或宣傳廣告費用（看板）,金錢,,,否,,,,,,,
122,蕭博勝,111年嘉義縣番路鄉鄉長選舉,首次申報,1111021,宣傳支出,旭川旗幟企業行,19730013,0.00,17920.00,,,,布條、彩帶、布旗、三角戰旗,金錢,嘉義縣番路鄉****,,否,,,,,,,
123,蕭博勝,111年嘉義縣番路鄉鄉長選舉,首次申報,1111022,宣傳支出,旭川旗幟企業行,19730013,0.00,1400.00,,,,製作競選物品或宣傳廣告費用（旗座桿）,金錢,嘉義縣番路鄉****,,否,,,,,,,
124,蕭博勝,111年嘉義縣番路鄉鄉長選舉,首次申報,1111022,租用宣傳車輛支出,新民路加油站,22802481,0.00,500.00,,,,油費支出,金錢,嘉義市西區新****,,否,,,,,,,
125,蕭博勝,111年嘉義縣番路鄉鄉長選舉,首次申報,1111022,宣傳支出,大利市商行,37707345,0.00,749.00,,,,總部成立大會所需之毛巾等物品,金錢,嘉義市東區中****,,否,,,,,,,
126,蕭博勝,111年嘉義縣番路鄉鄉長選舉,首次申報,1111022,雜支支出,小北百貨,53392384,0.00,897.00,,,,毛巾,金錢,嘉義市東區****,,否,,,,,,,
127,蕭博勝,111年嘉義縣番路鄉鄉長選舉,首次申報,1111022,宣傳支出,好市多,53666362,0.00,2123.00,,,,飲料、雜貨消耗品,金錢,嘉義市東區忠****,,否,,,,,,,
128,蕭博勝,111年嘉義縣番路鄉鄉長選舉,首次申報,1111023,交通旅運支出,番路加油站,06296938,0.00,1200.00,,,,油資,金錢,嘉義縣番路鄉****,,否,,,,,,,
129,蕭博勝,111年嘉義縣番路鄉鄉長選舉,首次申報,1111023,宣傳支出,永大鐵架布帆桌椅出租行,18277274,0.00,10000.00,,,,製作競選物品或宣傳廣告費用背椅長桌）,金錢,,0522*****,否,,,,,,,
130,蕭博勝,111年嘉義縣番路鄉鄉長選舉,首次申報,1111024,交通旅運支出,番路加油站,06296938,0.00,1000.00,,,,油資,金錢,嘉義縣番路鄉****,,否,,,,,,,
131,蕭博勝,111年嘉義縣番路鄉鄉長選舉,首次申報,1111024,宣傳支出,競選總部,Q12*******,0.00,12000.00,,,,郵寄競選物品或宣傳廣告費用,非金錢,嘉義縣番路鄉****,,否,,,,,,,
132,蕭博勝,111年嘉義縣番路鄉鄉長選舉,首次申報,1111024,宣傳支出,競選總部,Q12*******,0.00,20000.00,,,,郵寄競選物品或宣傳廣告費用,非金錢,嘉義縣番路鄉****,,否,,,,,,,
133,蕭博勝,111年嘉義縣番路鄉鄉長選舉,首次申報,1111024,宣傳支出,競選總部,Q12*******,0.00,10000.00,,,,,非金錢,嘉義縣番路鄉****,,否,,,,,,,
134,蕭博勝,111年嘉義縣番路鄉鄉長選舉,首次申報,1111024,宣傳支出,競選總部,Q12*******,0.00,3000.00,,,,郵寄競選物品或宣傳廣告費用,非金錢,嘉義縣番路鄉****,,否,,,,,,,
135,蕭博勝,111年嘉義縣番路鄉鄉長選舉,首次申報,1111025,交通旅運支出,番路加油站,06296938,0.00,970.00,,,,油資,金錢,嘉義縣番路鄉****,,否,,,,,,,
136,蕭博勝,111年嘉義縣番路鄉鄉長選舉,首次申報,1111025,交通旅運支出,番路加油站,06296938,0.00,891.00,,,,油資,金錢,嘉義縣番路鄉****,,否,,,,,,,
137,蕭博勝,111年嘉義縣番路鄉鄉長選舉,首次申報,1111025,雜支支出,明新食品企業股份有限公司,23402651,0.00,870.00,,,,餐飲費用,金錢,,,否,,,,,,,
138,蕭博勝,111年嘉義縣番路鄉鄉長選舉,首次申報,1111025,集會支出,大儷氣球藝術坊,62981361,0.00,5000.00,,,,其他與集會有關之費用,金錢,,,否,,,,,,,
139,蕭博勝,111年嘉義縣番路鄉鄉長選舉,首次申報,1111027,交通旅運支出,番路加油站,06296938,0.00,840.00,,,,油資,金錢,嘉義縣番路鄉****,,否,,,,,,,
140,蕭博勝,111年嘉義縣番路鄉鄉長選舉,首次申報,1111027,雜支支出,統一,27950340,0.00,143.00,,,,餐飲費用,金錢,,,否,,,,,,,
141,蕭博勝,111年嘉義縣番路鄉鄉長選舉,首次申報,1111028,交通旅運支出,番路加油站,06296938,0.00,5000.00,,,,油資,金錢,嘉義縣番路鄉****,,否,,,,,,,
142,蕭博勝,111年嘉義縣番路鄉鄉長選舉,首次申報,1111028,交通旅運支出,番路加油站,06296938,0.00,5000.00,,,,油資,金錢,嘉義縣番路鄉****,,否,,,,,,,
143,蕭博勝,111年嘉義縣番路鄉鄉長選舉,首次申報,1111028,交通旅運支出,番路加油站,06296938,0.00,5000.00,,,,油資,金錢,嘉義縣番路鄉****,,否,,,,,,,
144,蕭博勝,111年嘉義縣番路鄉鄉長選舉,首次申報,1111028,交通旅運支出,番路加油站,06296938,0.00,700.00,,,,油資,金錢,嘉義縣番路鄉****,,否,,,,,,,
145,蕭博勝,111年嘉義縣番路鄉鄉長選舉,首次申報,1111028,雜支支出,京都港式燒臘,25738701,0.00,1275.00,,,,餐飲費用,金錢,,0520*****,否,,,,,,,
146,蕭博勝,111年嘉義縣番路鄉鄉長選舉,首次申報,1111028,宣傳支出,桔曜企業,28756576,0.00,17010.00,,,,製作競選物品或宣傳廣告費用（廣告製作）,金錢,嘉義市西區福****,0523*****,否,,,,,,,
147,蕭博勝,111年嘉義縣番路鄉鄉長選舉,首次申報,1111028,宣傳支出,迪卡儂,47941799,0.00,3999.00,,,,製作競選物品或宣傳廣告費用（帳篷）,金錢,,,否,,,,,,,
148,蕭博勝,111年嘉義縣番路鄉鄉長選舉,首次申報,1111028,交通旅運支出,台灣中油,66508598,0.00,1013.00,,,,油資,金錢,,,否,,,,,,,
149,蕭博勝,111年嘉義縣番路鄉鄉長選舉,首次申報,1111029,交通旅運支出,番路加油站,06296938,0.00,690.00,,,,油資,金錢,嘉義縣番路鄉****,,否,,,,,,,
150,蕭博勝,111年嘉義縣番路鄉鄉長選舉,首次申報,1111029,集會支出,大展鐵架帆布出租行,17155604,0.00,24300.00,,,,租用設備費用,金錢,,2591*****,否,,,,,,,
151,蕭博勝,111年嘉義縣番路鄉鄉長選舉,首次申報,1111029,租用宣傳車輛支出,匯聯汽車股份有限公司忠孝營業所,18294246,0.00,3759.00,,,,車輛保養,金錢,嘉義市東區後****,,否,,,,,,,
152,蕭博勝,111年嘉義縣番路鄉鄉長選舉,首次申報,1111029,宣傳支出,好市多,53666362,0.00,1018.00,,,,總部消耗品,金錢,嘉義市東區忠****,,否,,,,,,,
153,蕭博勝,111年嘉義縣番路鄉鄉長選舉,首次申報,1111030,雜支支出,嘉真商店,10885612,0.00,5000.00,,,,餐飲費用,金錢,嘉義縣番路鄉****,,否,,,,,,,
154,蕭博勝,111年嘉義縣番路鄉鄉長選舉,首次申報,1111030,宣傳支出,鴻圖書局有限公司,84410507,0.00,458.00,,,,萬聖節裝扮,金錢,嘉義市西區中****,,否,,,,,,,
155,蕭博勝,111年嘉義縣番路鄉鄉長選舉,首次申報,1111031,雜支支出,聯合報,03799802,0.00,300.00,,,,書報雜誌費用,金錢,,,否,,,,,,,
156,蕭博勝,111年嘉義縣番路鄉鄉長選舉,首次申報,1111031,交通旅運支出,福懋加油站,40755159,0.00,1500.00,,,,油資,金錢,,,否,,,,,,,
157,蕭博勝,111年嘉義縣番路鄉鄉長選舉,首次申報,1111101,交通旅運支出,番路加油站,06296938,0.00,110.00,,,,油資,金錢,嘉義縣番路鄉****,,否,,,,,,,
158,蕭博勝,111年嘉義縣番路鄉鄉長選舉,首次申報,1111101,公共關係費用支出,花漾花屋,10148137,0.00,17500.00,,,,聯誼交際費用,金錢,嘉義縣番路鄉****,0525*****,否,,,,,,,
159,蕭博勝,111年嘉義縣番路鄉鄉長選舉,首次申報,1111101,雜支支出,101文具天堂,10437734,0.00,583.00,,,,文具用品費用,金錢,,,否,,,,,,,
160,蕭博勝,111年嘉義縣番路鄉鄉長選舉,首次申報,1111101,雜支支出,好事多,53666362,0.00,1099.00,,,,文具用品費用,金錢,嘉義市東區忠****,,否,,,,,,,
161,蕭博勝,111年嘉義縣番路鄉鄉長選舉,首次申報,1111101,雜支支出,好市多,53666362,0.00,2655.00,,,,雜項購置或修繕費用,金錢,嘉義市東區忠****,,否,,,,,,,
162,蕭博勝,111年嘉義縣番路鄉鄉長選舉,首次申報,1111101,雜支支出,特力屋,70746538,0.00,1498.00,,,,雜項購置或修繕費用,金錢,,,否,,,,,,,
163,蕭博勝,111年嘉義縣番路鄉鄉長選舉,首次申報,1111103,交通旅運支出,番路加油站,06296938,0.00,1000.00,,,,油資,金錢,嘉義縣番路鄉****,,否,,,,,,,
164,蕭博勝,111年嘉義縣番路鄉鄉長選舉,首次申報,1111103,宣傳支出,競選總部,Q12*******,0.00,3000.00,,,,郵寄競選物品或宣傳廣告費用,非金錢,嘉義縣番路鄉****,,否,,,,,,,
165,蕭博勝,111年嘉義縣番路鄉鄉長選舉,首次申報,1111105,交通旅運支出,番路加油站,06296938,0.00,180.00,,,,油資,金錢,嘉義縣番路鄉****,,否,,,,,,,
166,蕭博勝,111年嘉義縣番路鄉鄉長選舉,首次申報,1111105,交通旅運支出,台灣高鐵,16446274,0.00,1080.00,,,,搭乘交通工具費用,金錢,,,否,,,,,,,
167,蕭博勝,111年嘉義縣番路鄉鄉長選舉,首次申報,1111105,雜支支出,嘉義高鐵站,54972950,0.00,636.00,,,,餐飲費用,金錢,,,否,,,,,,,
168,蕭博勝,111年嘉義縣番路鄉鄉長選舉,首次申報,1111106,交通旅運支出,番路加油站,06296938,0.00,850.00,,,,油資,金錢,嘉義縣番路鄉****,,否,,,,,,,
169,蕭博勝,111年嘉義縣番路鄉鄉長選舉,首次申報,1111106,雜支支出,誠品生活,53754169,0.00,650.00,,,,文具用品費用,金錢,,,否,,,,,,,
170,蕭博勝,111年嘉義縣番路鄉鄉長選舉,首次申報,1111106,雜支支出,綠堤早午餐,82134409,0.00,1090.00,,,,餐飲費用,金錢,,,否,,,,,,,
171,蕭博勝,111年嘉義縣番路鄉鄉長選舉,首次申報,1111107,交通旅運支出,番路加油站,06296938,0.00,190.00,,,,油資,金錢,嘉義縣番路鄉****,,否,,,,,,,
172,蕭博勝,111年嘉義縣番路鄉鄉長選舉,首次申報,1111107,宣傳支出,旭川旗幟企業行,19730013,0.00,5200.00,,,,製作競選物品或宣傳廣告費用大布旗旗）,金錢,嘉義縣番路鄉****,,否,,,,,,,
173,蕭博勝,111年嘉義縣番路鄉鄉長選舉,首次申報,1111107,交通旅運支出,台灣中油前鋒路加油站,56955246,0.00,702.00,,,,油資,金錢,,,否,,,,,,,
174,蕭博勝,111年嘉義縣番路鄉鄉長選舉,首次申報,1111108,交通旅運支出,番路加油站,06296938,0.00,960.00,,,,油資,金錢,嘉義縣番路鄉****,,否,,,,,,,
175,蕭博勝,111年嘉義縣番路鄉鄉長選舉,首次申報,1111108,雜支支出,明新食品企業股份有限公司,23402651,0.00,945.00,,,,餐飲費用,金錢,,,否,,,,,,,
176,蕭博勝,111年嘉義縣番路鄉鄉長選舉,首次申報,1111108,交通旅運支出,台灣中油,66508598,0.00,1150.00,,,,油資,金錢,,,否,,,,,,,
177,蕭博勝,111年嘉義縣番路鄉鄉長選舉,首次申報,1111110,交通旅運支出,番路加油站,06296938,0.00,135.00,,,,油資,金錢,嘉義縣番路鄉****,,否,,,,,,,
178,蕭博勝,111年嘉義縣番路鄉鄉長選舉,首次申報,1111111,交通旅運支出,番路加油站,06296938,0.00,1070.00,,,,油資,金錢,嘉義縣番路鄉****,,否,,,,,,,
179,蕭博勝,111年嘉義縣番路鄉鄉長選舉,首次申報,1111112,租用競選辦事處支出,森陽工程行,25735346,0.00,54600.00,,,,裝潢競選辦事處費用,金錢,嘉義市西區新****,0528*****,否,,,,,,,
180,蕭博勝,111年嘉義縣番路鄉鄉長選舉,首次申報,1111112,宣傳支出,達聖帽行行,25754808,0.00,890.00,,,,製作競選物品或宣傳廣告費用（帽子）,金錢,,,否,,,,,,,
181,蕭博勝,111年嘉義縣番路鄉鄉長選舉,首次申報,1111112,雜支支出,好市多,53666362,0.00,1097.00,,,,雜項購置或修繕費用,金錢,嘉義市東區忠****,,否,,,,,,,
182,蕭博勝,111年嘉義縣番路鄉鄉長選舉,首次申報,1111112,宣傳支出,好市多,53666362,0.00,2457.00,,,,製作競選物品或宣傳廣告費用（文宣品）,金錢,嘉義市東區忠****,,否,,,,,,,
183,蕭博勝,111年嘉義縣番路鄉鄉長選舉,首次申報,1111113,交通旅運支出,番路加油站,06296938,0.00,180.00,,,,油資,金錢,嘉義縣番路鄉****,,否,,,,,,,
184,蕭博勝,111年嘉義縣番路鄉鄉長選舉,首次申報,1111113,宣傳支出,福昌帽行,34991374,0.00,30000.00,,,,製作競選物品或宣傳廣告費用（背心）,金錢,,,否,,,,,,,
185,蕭博勝,111年嘉義縣番路鄉鄉長選舉,首次申報,1111113,雜支支出,逐鹿社區合作社,37710714,0.00,280.00,,,,餐飲費用,金錢,,,否,,,,,,,
186,蕭博勝,111年嘉義縣番路鄉鄉長選舉,首次申報,1111113,雜支支出,逐鹿社區合作社,37710714,0.00,750.00,,,,餐飲費用,金錢,,,否,,,,,,,
187,蕭博勝,111年嘉義縣番路鄉鄉長選舉,首次申報,1111114,交通旅運支出,番路加油站,06296938,0.00,140.00,,,,油資,金錢,嘉義縣番路鄉****,,否,,,,,,,
188,蕭博勝,111年嘉義縣番路鄉鄉長選舉,首次申報,1111114,交通旅運支出,番路加油站,06296938,0.00,700.00,,,,油資,金錢,嘉義縣番路鄉****,,否,,,,,,,
189,蕭博勝,111年嘉義縣番路鄉鄉長選舉,首次申報,1111115,交通旅運支出,番路加油站,06296938,0.00,170.00,,,,油資,金錢,嘉義縣番路鄉****,,否,,,,,,,
190,蕭博勝,111年嘉義縣番路鄉鄉長選舉,首次申報,1111115,交通旅運支出,番路加油站,06296938,0.00,150.00,,,,油資,金錢,嘉義縣番路鄉****,,否,,,,,,,
191,蕭博勝,111年嘉義縣番路鄉鄉長選舉,首次申報,1111115,交通旅運支出,番路加油站,06296938,0.00,580.00,,,,油資,金錢,嘉義縣番路鄉****,,否,,,,,,,
192,蕭博勝,111年嘉義縣番路鄉鄉長選舉,首次申報,1111115,交通旅運支出,台灣鐵路局,07524729,0.00,245.00,,,,搭乘交通工具費用,金錢,,,否,,,,,,,
193,蕭博勝,111年嘉義縣番路鄉鄉長選舉,首次申報,1111115,雜支支出,嘉真商店,10885612,0.00,5000.00,,,,餐飲費用,金錢,嘉義縣番路鄉****,,否,,,,,,,
194,蕭博勝,111年嘉義縣番路鄉鄉長選舉,首次申報,1111115,宣傳支出,旭川旗幟企業行,19730013,0.00,12000.00,,,,製作競選物品或宣傳廣告費用（公益布條）,金錢,嘉義縣番路鄉****,,否,,,,,,,
195,蕭博勝,111年嘉義縣番路鄉鄉長選舉,首次申報,1111115,雜支支出,明新食品企業股份有限公司,23402651,0.00,900.00,,,,餐飲費用,金錢,,,否,,,,,,,
196,蕭博勝,111年嘉義縣番路鄉鄉長選舉,首次申報,1111115,雜支支出,京都港式燒臘,25738701,0.00,1125.00,,,,餐飲費用,金錢,,0520*****,否,,,,,,,
197,蕭博勝,111年嘉義縣番路鄉鄉長選舉,首次申報,1111115,宣傳支出,金源商行,65279365,0.00,194620.00,,,,租用廣告看板或車體廣告費用,金錢,嘉義縣中埔鄉****,0523*****,否,,,,,,,
198,蕭博勝,111年嘉義縣番路鄉鄉長選舉,首次申報,1111116,交通旅運支出,番路加油站,06296938,0.00,892.00,,,,油資,金錢,嘉義縣番路鄉****,,否,,,,,,,
199,蕭博勝,111年嘉義縣番路鄉鄉長選舉,首次申報,1111116,交通旅運支出,番路加油站,06296938,0.00,590.00,,,,油資,金錢,嘉義縣番路鄉****,,否,,,,,,,
200,蕭博勝,111年嘉義縣番路鄉鄉長選舉,首次申報,1111117,交通旅運支出,番路加油站,06296938,0.00,200.00,,,,油資,金錢,嘉義縣番路鄉****,,否,,,,,,,
201,蕭博勝,111年嘉義縣番路鄉鄉長選舉,首次申報,1111117,集會支出,永大鐵架布帆桌椅出租行,18277274,0.00,3100.00,,,,租用設備費用,金錢,,0522*****,否,,,,,,,
202,蕭博勝,111年嘉義縣番路鄉鄉長選舉,首次申報,1111117,雜支支出,龍翰事業有限公司,28641651,0.00,355.00,,,,文具用品費用,金錢,,,否,,,,,,,
203,蕭博勝,111年嘉義縣番路鄉鄉長選舉,首次申報,1111117,雜支支出,龍翰事業有限公司,28641651,0.00,234.00,,,,文具用品費用,金錢,,,否,,,,,,,
204,蕭博勝,111年嘉義縣番路鄉鄉長選舉,首次申報,1111117,交通旅運支出,中埔交流道加油,70602933,0.00,537.00,,,,油資,金錢,,,否,,,,,,,
205,蕭博勝,111年嘉義縣番路鄉鄉長選舉,首次申報,1111118,交通旅運支出,台灣中油,66508598,0.00,1053.00,,,,油資,金錢,,,否,,,,,,,
206,蕭博勝,111年嘉義縣番路鄉鄉長選舉,首次申報,1111119,交通旅運支出,番路加油站,06296938,0.00,830.00,,,,油資,金錢,嘉義縣番路鄉****,,否,,,,,,,
207,蕭博勝,111年嘉義縣番路鄉鄉長選舉,首次申報,1111120,交通旅運支出,番路加油站,06296938,0.00,155.00,,,,油資,金錢,嘉義縣番路鄉****,,否,,,,,,,
208,蕭博勝,111年嘉義縣番路鄉鄉長選舉,首次申報,1111120,交通旅運支出,番路加油站,06296938,0.00,1031.00,,,,油資,金錢,嘉義縣番路鄉****,,否,,,,,,,
209,蕭博勝,111年嘉義縣番路鄉鄉長選舉,首次申報,1111121,雜支支出,聯合報,03799802,0.00,270.00,,,,書報雜誌費用,金錢,,,否,,,,,,,
210,蕭博勝,111年嘉義縣番路鄉鄉長選舉,首次申報,1111121,交通旅運支出,番路加油站,06296938,0.00,880.00,,,,油資,金錢,嘉義縣番路鄉****,,否,,,,,,,
211,蕭博勝,111年嘉義縣番路鄉鄉長選舉,首次申報,1111121,交通旅運支出,番路加油站,06296938,0.00,510.00,,,,油資,金錢,嘉義縣番路鄉****,,否,,,,,,,
212,蕭博勝,111年嘉義縣番路鄉鄉長選舉,首次申報,1111121,集會支出,大展鐵架帆布出租行,17155604,0.00,1600.00,,,,租用設備費用,金錢,,2591*****,否,,,,,,,
213,蕭博勝,111年嘉義縣番路鄉鄉長選舉,首次申報,1111121,雜支支出,精展企業社,25756453,0.00,215.00,,,,文具用品費用,金錢,,,否,,,,,,,
214,蕭博勝,111年嘉義縣番路鄉鄉長選舉,首次申報,1111121,雜支支出,鴻圖書局有限公司,84410507,0.00,363.00,,,,文具用品費用,金錢,,,否,,,,,,,
215,蕭博勝,111年嘉義縣番路鄉鄉長選舉,首次申報,1111122,雜支支出,亮健企業有限公司,53148208,0.00,900.00,,,,餐飲費用,金錢,,,否,,,,,,,
216,蕭博勝,111年嘉義縣番路鄉鄉長選舉,首次申報,1111123,交通旅運支出,阿里山隙頂加油站,28109488,0.00,1300.00,,,,油資,金錢,,,否,,,,,,,
217,蕭博勝,111年嘉義縣番路鄉鄉長選舉,首次申報,1111124,交通旅運支出,番路加油站,06296938,0.00,720.00,,,,油資,金錢,嘉義縣番路鄉****,,否,,,,,,,
218,蕭博勝,111年嘉義縣番路鄉鄉長選舉,首次申報,1111124,交通旅運支出,番路加油站,06296938,0.00,920.00,,,,油資,金錢,嘉義縣番路鄉****,,否,,,,,,,
219,蕭博勝,111年嘉義縣番路鄉鄉長選舉,首次申報,1111124,集會支出,梅谷餐飲,20172705,0.00,9900.00,,,,餐飲費用,金錢,,0525*****,否,,,,,,,
220,蕭博勝,111年嘉義縣番路鄉鄉長選舉,首次申報,1111125,集會支出,梅谷餐飲,20172705,0.00,8000.00,,,,餐飲費用,金錢,,0525*****,否,,,,,,,
221,蕭博勝,111年嘉義縣番路鄉鄉長選舉,首次申報,1111125,人事費用支出,劉富程,Q12*******,0.00,92500.00,,,,工資或薪津,金錢,嘉義縣番路鄉****,0525*****,否,,,,,,,
222,蕭博勝,111年嘉義縣番路鄉鄉長選舉,首次申報,1111127,交通旅運支出,番路加油站,06296938,0.00,800.00,,,,油資,金錢,嘉義縣番路鄉****,,否,,,,,,,
223,蕭博勝,111年嘉義縣番路鄉鄉長選舉,首次申報,1111130,宣傳支出,一方企業社,98870733,0.00,5790.00,,,,製作競選物品或宣傳廣告費用（宣傳單）,金錢,,,否,,,,,,,
224,蕭博勝,111年嘉義縣番路鄉鄉長選舉,首次申報,1111206,雜支支出,台灣自來水公司,06286143,0.00,2538.00,,,,水電瓦斯費用,金錢,,,否,,,,,,,
