﻿序號,擬參選人／政黨,選舉名稱,申報序號／年度,交易日期,收支科目,捐贈者／支出對象,身分證／統一編號,收入金額,支出金額,捐贈方式,存入專戶日期,返還/繳庫,支出用途,金錢類,地址,聯絡電話,應揭露之支出對象,支出對象之內部人員姓名,支出對象之內部人員職稱,政黨之內部人員姓名,政黨之內部人員職稱,關係,更正註記,資料更正日期
1,劉熒隆,111年桃園市議員選舉,首次申報,1110613,匿名捐贈,匿名,,1.00,0.00,匯款,1110613,,,金錢,,,,,,,,,,
2,劉熒隆,111年桃園市議員選舉,首次申報,1110621,個人捐贈收入,施建敏,C12*******,100.00,0.00,匯款,1110627,,,金錢,桃園市龍潭區****,0919*****,,,,,,,,
3,劉熒隆,111年桃園市議員選舉,首次申報,1110707,個人捐贈收入,黃國榮,F12*******,100000.00,0.00,匯款,1110707,,,金錢,新北市板橋區****,,,,,,,,,
4,劉熒隆,111年桃園市議員選舉,首次申報,1110707,個人捐贈收入,周淑芬,F22*******,100000.00,0.00,匯款,1110707,,,金錢,新北市板橋區****,0932*****,,,,,,,,
5,劉熒隆,111年桃園市議員選舉,首次申報,1110708,個人捐贈收入,張長榮,F12*******,100000.00,0.00,匯款,1110708,,,金錢,臺北市中正區****,0932*****,,,,,,,,
6,劉熒隆,111年桃園市議員選舉,首次申報,1110725,個人捐贈收入,沈澤崴,H12*******,2000.00,0.00,匯款,1110801,,,金錢,桃園市楊梅區****,0952*****,,,,,,,,
7,劉熒隆,111年桃園市議員選舉,首次申報,1110726,個人捐贈收入,鄭達新,U22*******,1000.00,0.00,匯款,1110801,,,金錢,桃園市龍潭區****,03-4*****,,,,,,,,
8,劉熒隆,111年桃園市議員選舉,首次申報,1110805,營利事業捐贈收入,宏其醫療社團法人,10079764,100000.00,0.00,匯款,1110805,,,金錢,桃園市中壢區****,03-4*****,,,,,,,,
9,劉熒隆,111年桃園市議員選舉,首次申報,1110828,個人捐贈收入,鄧福剛,H12*******,30000.00,0.00,匯款,1110828,,,金錢,桃園市龍潭區****,0976*****,,,,,,,,
10,劉熒隆,111年桃園市議員選舉,首次申報,1110830,營利事業捐贈收入,樂沐室內裝修有限公司,24410216,50000.00,0.00,匯款,1110830,已返還,,金錢,桃園市平鎮區****,0937*****,,,,,,,,
11,劉熒隆,111年桃園市議員選舉,首次申報,1110901,個人捐贈收入,李菁娟,,500.00,0.00,匯款,1110901,,,金錢,桃園市龍潭區****,,,,,,,,,
12,劉熒隆,111年桃園市議員選舉,首次申報,1110901,營利事業捐贈收入,宏昇企業社,85254855,100000.00,0.00,現金,1110901,,,金錢,桃園市龍潭區****,0937*****,,,,,,,,
13,劉熒隆,111年桃園市議員選舉,首次申報,1110906,營利事業捐贈收入,龍潭水電材料有限公司,70612019,100000.00,0.00,匯款,1110906,,,金錢,桃園市龍潭區****,俺03-*****,,,,,,,,
14,劉熒隆,111年桃園市議員選舉,首次申報,1110907,個人捐贈收入,張寶樞,K12*******,100000.00,0.00,匯款,1110907,,,金錢,桃園市龍潭區****,0933*****,,,,,,,,
15,劉熒隆,111年桃園市議員選舉,首次申報,1110913,營利事業捐贈收入,亞頂企業有限公司,25063733,100000.00,0.00,匯款,1110913,,,金錢,桃園市龍潭區****,03-4*****,,,,,,,,
16,劉熒隆,111年桃園市議員選舉,首次申報,1110913,營利事業捐贈收入,亞邦國際企業有限公司,53599527,100000.00,0.00,匯款,1110913,,,金錢,桃園市龍潭區****,03-4*****,,,,,,,,
17,劉熒隆,111年桃園市議員選舉,首次申報,1110913,營利事業捐贈收入,一鼎實業有限公司,69695912,100000.00,0.00,匯款,1110913,,,金錢,桃園市龍潭區****,,,,,,,,,
18,劉熒隆,111年桃園市議員選舉,首次申報,1110913,營利事業捐贈收入,金兆晟工程有限公司,80433789,30000.00,0.00,票據,1110919,已返還,,金錢,桃園市龍潭區****,03-4*****,,,,,,,,
19,劉熒隆,111年桃園市議員選舉,首次申報,1110919,個人捐贈收入,湯富潭,,15000.00,0.00,現金,1110928,,,金錢,桃園市龍潭區****,0910*****,,,,,,,,
20,劉熒隆,111年桃園市議員選舉,首次申報,1110919,個人捐贈收入,徐文仁,,15000.00,0.00,現金,1110928,,,金錢,桃園市龍潭區****,0958*****,,,,,,,,
21,劉熒隆,111年桃園市議員選舉,首次申報,1110919,個人捐贈收入,李秀文,,10000.00,0.00,現金,1110928,,,金錢,桃園市龍潭區****,,,,,,,,,
22,劉熒隆,111年桃園市議員選舉,首次申報,1110922,個人捐贈收入,魏村文,,10000.00,0.00,現金,1110928,,,金錢,桃園市龍潭區****,0928*****,,,,,,,,
23,劉熒隆,111年桃園市議員選舉,首次申報,1110925,營利事業捐贈收入,高誠實業有限公司,84823367,100000.00,0.00,現金,1110928,,,金錢,桃園市龍潭區****,03-4*****,,,,,,,,
24,劉熒隆,111年桃園市議員選舉,首次申報,1110925,個人捐贈收入,葉步煒,H12*******,100000.00,0.00,現金,1110928,,,金錢,桃園市龍潭區****,0932*****,,,,,,,,
25,劉熒隆,111年桃園市議員選舉,首次申報,1110925,個人捐贈收入,羅仕浮,J12*******,100000.00,0.00,現金,1110928,,,金錢,桃園市龍潭區****,0932*****,,,,,,,,
26,劉熒隆,111年桃園市議員選舉,首次申報,1110926,匿名捐贈,匿名,,100.00,0.00,匯款,1110926,,,金錢,,,,,,,,,,
27,劉熒隆,111年桃園市議員選舉,首次申報,1110926,營利事業捐贈收入,群浩建設有限公司,54923781,50000.00,0.00,現金,1110928,,,金錢,桃園市中壢區****,03-2*****,,,,,,,,
28,劉熒隆,111年桃園市議員選舉,首次申報,1110926,營利事業捐贈收入,維傑紙器有限公司,80141690,50000.00,0.00,現金,1110928,,,金錢,桃園市龍潭區****,03-4*****,,,,,,,,
29,劉熒隆,111年桃園市議員選舉,首次申報,1110926,營利事業捐贈收入,高誠實業有限公司,84823367,100000.00,0.00,現金,1110928,,,金錢,桃園市龍潭區****,03-4*****,,,,,,,,
30,劉熒隆,111年桃園市議員選舉,首次申報,1110927,營利事業捐贈收入,群浩建設有限公司,54923781,50000.00,0.00,現金,1110928,,,金錢,桃園市中壢區****,03-2*****,,,,,,,,
31,劉熒隆,111年桃園市議員選舉,首次申報,1111004,營利事業捐贈收入,無敵仙草冰,48022849,12000.00,0.00,匯款,1111004,,,金錢,桃園市龍潭區****,,,,,,,,,
32,劉熒隆,111年桃園市議員選舉,首次申報,1111007,營利事業捐贈收入,妙管家環保工程事業股份有限公司,97008859,50000.00,0.00,匯款,1111007,,,金錢,桃園市龍潭聖****,03-4*****,,,,,,,,
33,劉熒隆,111年桃園市議員選舉,首次申報,1111017,營利事業捐贈收入,善哉環保股份有限公司,54235124,60000.00,0.00,現金,1111020,,,金錢,桃園市龍潭區****,03-4*****,,,,,,,,
34,劉熒隆,111年桃園市議員選舉,首次申報,1111017,個人捐贈收入,林慶宇,J12*******,30000.00,0.00,現金,1111020,,,金錢,桃園市龍潭區****,03-4*****,,,,,,,,
35,劉熒隆,111年桃園市議員選舉,首次申報,1111021,個人捐贈收入,劉佳發,H12*******,50000.00,0.00,匯款,1111021,,,金錢,桃園市平鎮區****,0937*****,,,,,,,,
36,劉熒隆,111年桃園市議員選舉,首次申報,1111022,個人捐贈收入,曾孝弘,H12*******,20000.00,0.00,匯款,1111022,,,金錢,苗栗縣頭份市****,0937*****,,,,,,,,
37,劉熒隆,111年桃園市議員選舉,首次申報,1111027,匿名捐贈,匿名1,,10000.00,0.00,匯款,1111027,,,金錢,,,,,,,,,,
38,劉熒隆,111年桃園市議員選舉,首次申報,1111031,個人捐贈收入,華正仁,F12*******,100000.00,0.00,匯款,1111031,,,金錢,桃園市龍潭區****,0960*****,,,,,,,,
39,劉熒隆,111年桃園市議員選舉,首次申報,1111031,個人捐贈收入,田龍生,H12*******,20000.00,0.00,匯款,1111031,,,金錢,桃園市龍潭區****,0927*****,,,,,,,,
40,劉熒隆,111年桃園市議員選舉,首次申報,1111103,個人捐贈收入,張志鵬,G12*******,50000.00,0.00,匯款,1111103,,,金錢,新北市林口區****,0911*****,,,,,,,,
41,劉熒隆,111年桃園市議員選舉,首次申報,1111107,個人捐贈收入,陳振漢,,10000.00,0.00,現金,1111109,,,金錢,桃園市龍潭區****,0983*****,,,,,,,,
42,劉熒隆,111年桃園市議員選舉,首次申報,1111107,營利事業捐贈收入,手信坊股份有限公司,28059446,100000.00,0.00,現金,1111109,,,金錢,桃園市龍潭區****,03-4*****,,,,,,,,
43,劉熒隆,111年桃園市議員選舉,首次申報,1111107,營利事業捐贈收入,弼聖實業股份有限公司,45165863,20000.00,0.00,現金,1111109,已返還,,金錢,桃園市中壢區****,,,,,,,,,
44,劉熒隆,111年桃園市議員選舉,首次申報,1111107,營利事業捐贈收入,鑫億晟工程有限公司,54926921,30000.00,0.00,現金,1111109,,,金錢,桃園市楊梅區****,,,,,,,,,
45,劉熒隆,111年桃園市議員選舉,首次申報,1111107,營利事業捐贈收入,大楊梅鵝莊餐飲有限公司,83776942,10000.00,0.00,現金,1111109,,,金錢,桃園市龍潭區****,03-4*****,,,,,,,,
46,劉熒隆,111年桃園市議員選舉,首次申報,1111107,個人捐贈收入,廖緯璿,H12*******,10000.00,0.00,現金,1111109,,,金錢,桃園市平鎮區****,0922*****,,,,,,,,
47,劉熒隆,111年桃園市議員選舉,首次申報,1111107,個人捐贈收入,彭木來,H12*******,30000.00,0.00,現金,1111109,,,金錢,桃園市龍潭區****,0972*****,,,,,,,,
48,劉熒隆,111年桃園市議員選舉,首次申報,1111107,個人捐贈收入,羅幼莉,H22*******,5000.00,0.00,現金,1111109,,,金錢,桃園市龍潭區****,0932*****,,,,,,,,
49,劉熒隆,111年桃園市議員選舉,首次申報,1111108,匿名捐贈,匿名2,,2000.00,0.00,匯款,1111108,,,金錢,,,,,,,,,,
50,劉熒隆,111年桃園市議員選舉,首次申報,1111108,個人捐贈收入,林淵基,,5000.00,0.00,現金,1111109,,,金錢,桃園市龍潭區****,0972*****,,,,,,,,
51,劉熒隆,111年桃園市議員選舉,首次申報,1111108,個人捐贈收入,劉銘恩,H12*******,20000.00,0.00,現金,1111109,,,金錢,桃園市龍潭區****,03-4*****,,,,,,,,
52,劉熒隆,111年桃園市議員選舉,首次申報,1111110,個人捐贈收入,姜義捷,,3000.00,0.00,現金,1111111,,,金錢,桃園市龍潭區****,0933*****,,,,,,,,
53,劉熒隆,111年桃園市議員選舉,首次申報,1111110,個人捐贈收入,蔡緯臻,,2000.00,0.00,現金,1111111,,,金錢,桃園市龍潭區****,0939*****,,,,,,,,
54,劉熒隆,111年桃園市議員選舉,首次申報,1111110,個人捐贈收入,張志鵬,G12*******,50000.00,0.00,匯款,1111110,,,金錢,新北市林口區****,0911*****,,,,,,,,
55,劉熒隆,111年桃園市議員選舉,首次申報,1111110,個人捐贈收入,徐民進,H10*******,5000.00,0.00,現金,1111115,,,金錢,桃園市中壢中****,0927*****,,,,,,,,
56,劉熒隆,111年桃園市議員選舉,首次申報,1111110,個人捐贈收入,邱文賢,H12*******,10000.00,0.00,現金,1111115,,,金錢,桃園市龍潭區****,0934*****,,,,,,,,
57,劉熒隆,111年桃園市議員選舉,首次申報,1111110,個人捐贈收入,李友權,H12*******,50000.00,0.00,現金,1111111,,,金錢,桃園市龍潭區****,0961*****,,,,,,,,
58,劉熒隆,111年桃園市議員選舉,首次申報,1111110,個人捐贈收入,陳孔偉,H12*******,50000.00,0.00,現金,1111111,,,金錢,桃園市龍潭區****,0988*****,,,,,,,,
59,劉熒隆,111年桃園市議員選舉,首次申報,1111110,個人捐贈收入,劉泰漳,H12*******,10000.00,0.00,現金,1111115,,,金錢,桃園市中壢區****,0910*****,,,,,,,,
60,劉熒隆,111年桃園市議員選舉,首次申報,1111110,個人捐贈收入,邱何鏡,J10*******,5000.00,0.00,現金,1111115,,,金錢,桃園市龍潭區****,0958*****,,,,,,,,
61,劉熒隆,111年桃園市議員選舉,首次申報,1111110,個人捐贈收入,洪明乾,T10*******,5000.00,0.00,現金,1111115,,,金錢,桃園市龍潭區****,0910*****,,,,,,,,
62,劉熒隆,111年桃園市議員選舉,首次申報,1111111,個人捐贈收入,郭龍津,,5000.00,0.00,匯款,1111111,,,金錢,桃園市龍潭區****,0932*****,,,,,,,,
63,劉熒隆,111年桃園市議員選舉,首次申報,1111111,營利事業捐贈收入,東芳塑膠企業有限公司,16385065,50000.00,0.00,現金,1111115,,,金錢,桃園市龍潭區****,03-4*****,,,,,,,,
64,劉熒隆,111年桃園市議員選舉,首次申報,1111113,營利事業捐贈收入,隆盈紙器包裝設計有限公司,28652354,20000.00,0.00,現金,1111115,,,金錢,桃園市龍潭區****,03-4*****,,,,,,,,
65,劉熒隆,111年桃園市議員選舉,首次申報,1111113,營利事業捐贈收入,龍頂鋼鐵股份有限公司,89855697,100000.00,0.00,票據,1111115,,,金錢,桃園市龍潭區****,0930*****,,,,,,,,
66,劉熒隆,111年桃園市議員選舉,首次申報,1111113,個人捐贈收入,莊增龍,A12*******,10000.00,0.00,現金,1111115,,,金錢,臺北市內湖區****,0931*****,,,,,,,,
67,劉熒隆,111年桃園市議員選舉,首次申報,1111113,個人捐贈收入,陳世男,F12*******,10000.00,0.00,現金,1111115,,,金錢,桃園市龍潭區****,0937*****,,,,,,,,
68,劉熒隆,111年桃園市議員選舉,首次申報,1111113,個人捐贈收入,吳嫦娥,F22*******,10000.00,0.00,現金,1111115,,,金錢,臺北市內湖區****,0931*****,,,,,,,,
69,劉熒隆,111年桃園市議員選舉,首次申報,1111113,個人捐贈收入,劉得鏗,H10*******,10000.00,0.00,現金,1111115,,,金錢,桃園市中壢區****,0932*****,,,,,,,,
70,劉熒隆,111年桃園市議員選舉,首次申報,1111113,個人捐贈收入,韓仁盛,H12*******,5000.00,0.00,現金,1111115,,,金錢,桃園市中壢區****,0912*****,,,,,,,,
71,劉熒隆,111年桃園市議員選舉,首次申報,1111113,個人捐贈收入,張國華,H12*******,10000.00,0.00,現金,1111115,,,金錢,桃園市八德區****,0926*****,,,,,,,,
72,劉熒隆,111年桃園市議員選舉,首次申報,1111114,個人捐贈收入,陳民和,,3000.00,0.00,匯款,1111114,,,金錢,桃園市龍潭區****,0972*****,,,,,,,,
73,劉熒隆,111年桃園市議員選舉,首次申報,1111114,營利事業捐贈收入,慶揚實業股份有限公司,12868955,10000.00,0.00,現金,1111117,已返還,,金錢,桃園市平鎮區****,,,,,,,,,
74,劉熒隆,111年桃園市議員選舉,首次申報,1111114,營利事業捐贈收入,優得企業股份有限公司,22891651,50000.00,0.00,現金,1111116,,,金錢,新北市三重區****,02-2*****,,,,,,,,
75,劉熒隆,111年桃園市議員選舉,首次申報,1111115,個人捐贈收入,劉邦能,,2000.00,0.00,現金,1111117,,,金錢,桃園市龍潭區****,0933*****,,,,,,,,
76,劉熒隆,111年桃園市議員選舉,首次申報,1111115,個人捐贈收入,劉中河,,2000.00,0.00,現金,1111117,,,金錢,桃園市龍潭區****,03-4*****,,,,,,,,
77,劉熒隆,111年桃園市議員選舉,首次申報,1111115,個人捐贈收入,劉火詳,,2000.00,0.00,現金,1111117,,,金錢,桃園市龍潭區****,0919*****,,,,,,,,
78,劉熒隆,111年桃園市議員選舉,首次申報,1111115,個人捐贈收入,潘智雄,,3000.00,0.00,現金,1111117,,,金錢,桃園市龍潭區****,0987*****,,,,,,,,
79,劉熒隆,111年桃園市議員選舉,首次申報,1111115,營利事業捐贈收入,金勃有限公司,22587595,30000.00,0.00,現金,1111117,,,金錢,桃園市八德區****,03-4*****,,,,,,,,
80,劉熒隆,111年桃園市議員選舉,首次申報,1111115,營利事業捐贈收入,金洲機械工程有限公司,28502216,10000.00,0.00,現金,1111117,,,金錢,桃園市龍潭區****,0938*****,,,,,,,,
81,劉熒隆,111年桃園市議員選舉,首次申報,1111115,營利事業捐贈收入,五惠食品廠股份有限公司,43672793,30000.00,0.00,現金,1111117,,,金錢,桃園市龍潭區****,03-4*****,,,,,,,,
82,劉熒隆,111年桃園市議員選舉,首次申報,1111115,個人捐贈收入,施建敏,C12*******,50000.00,0.00,現金,1111116,,,金錢,桃園市龍潭區****,0919*****,,,,,,,,
83,劉熒隆,111年桃園市議員選舉,首次申報,1111115,個人捐贈收入,徐福鈺,H12*******,10000.00,0.00,現金,1111117,,,金錢,桃園市龍潭區****,0912*****,,,,,,,,
84,劉熒隆,111年桃園市議員選舉,首次申報,1111115,個人捐贈收入,劉瑞玲,H22*******,50000.00,0.00,現金,1111116,,,金錢,桃園市龍潭區****,0932*****,,,,,,,,
85,劉熒隆,111年桃園市議員選舉,首次申報,1111115,個人捐贈收入,張良典,J10*******,60000.00,0.00,現金,1111117,,,金錢,中豐路烏林段****,03-4*****,,,,,,,,
86,劉熒隆,111年桃園市議員選舉,首次申報,1111117,個人捐贈收入,古雲鴻,,2000.00,0.00,現金,1111122,,,金錢,桃園市龍潭區****,0919*****,,,,,,,,
87,劉熒隆,111年桃園市議員選舉,首次申報,1111117,個人捐贈收入,古呂曼華,,2000.00,0.00,現金,1111122,,,金錢,桃園市龍潭區****,0912*****,,,,,,,,
88,劉熒隆,111年桃園市議員選舉,首次申報,1111117,個人捐贈收入,蔡林儒,,12000.00,0.00,現金,1111122,,,金錢,桃園市龍潭區****,0919*****,,,,,,,,
89,劉熒隆,111年桃園市議員選舉,首次申報,1111117,營利事業捐贈收入,日鼎營造工程有限公司,12814564,36000.00,0.00,現金,1111122,,,金錢,桃園市龍潭區****,03-4*****,,,,,,,,
90,劉熒隆,111年桃園市議員選舉,首次申報,1111117,營利事業捐贈收入,洄游創生有限公司,69579505,100000.00,0.00,現金,1111122,,,金錢,桃園市龍潭區****,03-4*****,,,,,,,,
91,劉熒隆,111年桃園市議員選舉,首次申報,1111117,個人捐贈收入,張民豐,H12*******,80000.00,0.00,現金,1111122,,,金錢,桃園市平鎮區****,0933*****,,,,,,,,
92,劉熒隆,111年桃園市議員選舉,首次申報,1111117,個人捐贈收入,劉育恩,H12*******,100000.00,0.00,現金,1111122,,,金錢,桃園市龍潭區****,03-4*****,,,,,,,,
93,劉熒隆,111年桃園市議員選舉,首次申報,1111118,個人捐贈收入,張寶明,,20000.00,0.00,現金,1111122,,,金錢,桃園市龍潭區****,0932*****,,,,,,,,
94,劉熒隆,111年桃園市議員選舉,首次申報,1111118,個人捐贈收入,張寶珊,,20000.00,0.00,現金,1111122,,,金錢,桃園市龍潭區****,0932*****,,,,,,,,
95,劉熒隆,111年桃園市議員選舉,首次申報,1111118,營利事業捐贈收入,五城營造有限公司,43711521,30000.00,0.00,現金,1111122,,,金錢,桃園市龍潭區****,03-4*****,,,,,,,,
96,劉熒隆,111年桃園市議員選舉,首次申報,1111118,營利事業捐贈收入,昱崴帝一生技能源股份有限公司,53988434,20000.00,0.00,現金,1111122,已返還,,金錢,桃園市桃園區****,0913*****,,,,,,,,
97,劉熒隆,111年桃園市議員選舉,首次申報,1111118,個人捐贈收入,羅黃光,H12*******,10000.00,0.00,現金,1111122,,,金錢,桃園市龍潭區****,0932*****,,,,,,,,
98,劉熒隆,111年桃園市議員選舉,首次申報,1111118,個人捐贈收入,謝文忠,J12*******,2000.00,0.00,現金,1111122,,,金錢,桃園市龍潭區****,0932*****,,,,,,,,
99,劉熒隆,111年桃園市議員選舉,首次申報,1111118,個人捐贈收入,劉金美,K22*******,20000.00,0.00,現金,1111122,,,金錢,桃園市龍潭區****,0952*****,,,,,,,,
100,劉熒隆,111年桃園市議員選舉,首次申報,1111118,個人捐贈收入,盧毓淳,T22*******,6600.00,0.00,現金,1111122,,,金錢,桃園市龍潭區****,0988*****,,,,,,,,
101,劉熒隆,111年桃園市議員選舉,首次申報,1111121,個人捐贈收入,溫光士,,10000.00,0.00,現金,1111122,,,金錢,桃園市龍潭區****,,,,,,,,,
102,劉熒隆,111年桃園市議員選舉,首次申報,1111121,個人捐贈收入,古文源,H12*******,50000.00,0.00,現金,1111122,,,金錢,桃園市龍潭區****,0930*****,,,,,,,,
103,劉熒隆,111年桃園市議員選舉,首次申報,1111121,個人捐贈收入,王金乾,H12*******,30000.00,0.00,現金,1111122,,,金錢,桃園市龍潭區****,03-4*****,,,,,,,,
104,劉熒隆,111年桃園市議員選舉,首次申報,1111122,個人捐贈收入,毛桂香,D20*******,50000.00,0.00,現金,1111124,,,金錢,桃園市龍潭區****,0935*****,,,,,,,,
105,劉熒隆,111年桃園市議員選舉,首次申報,1111122,個人捐贈收入,葉淑麗,F22*******,60000.00,0.00,現金,1111122,,,金錢,桃園市龍潭區****,03-4*****,,,,,,,,
106,劉熒隆,111年桃園市議員選舉,首次申報,1111122,個人捐贈收入,劉欣怡,H22*******,50000.00,0.00,現金,1111124,,,金錢,桃園市龍潭區****,0922*****,,,,,,,,
107,劉熒隆,111年桃園市議員選舉,首次申報,1111123,營利事業捐贈收入,泳昇機械股份有限公司,44402468,50000.00,0.00,現金,1111124,,,金錢,桃園市龍潭區****,03-4*****,,,,,,,,
108,劉熒隆,111年桃園市議員選舉,首次申報,1111123,個人捐贈收入,林榮城,H12*******,20000.00,0.00,現金,1111124,,,金錢,桃園市平鎮區****,0936*****,,,,,,,,
109,劉熒隆,111年桃園市議員選舉,首次申報,1111124,個人捐贈收入,游家銘,,20000.00,0.00,匯款,1111124,,,金錢,桃園市龜山區****,0927*****,,,,,,,,
110,劉熒隆,111年桃園市議員選舉,首次申報,1111124,匿名捐贈,匿名3,,3600.00,0.00,匯款,1111124,,,金錢,,,,,,,,,,
111,劉熒隆,111年桃園市議員選舉,首次申報,1111124,個人捐贈收入,吳富彤,H12*******,10000.00,0.00,現金,1111125,,,金錢,桃園市龍潭區****,0903*****,,,,,,,,
112,劉熒隆,111年桃園市議員選舉,首次申報,1111125,營利事業捐贈收入,龍興建材商行,36498144,2000.00,0.00,現金,1111125,,,金錢,桃園市龍潭區****,0910*****,,,,,,,,
