﻿序號,擬參選人／政黨,選舉名稱,申報序號／年度,交易日期,收支科目,捐贈者／支出對象,身分證／統一編號,收入金額,支出金額,捐贈方式,存入專戶日期,返還/繳庫,支出用途,金錢類,地址,聯絡電話,應揭露之支出對象,支出對象之內部人員姓名,支出對象之內部人員職稱,政黨之內部人員姓名,政黨之內部人員職稱,關係,更正註記,資料更正日期
1,鄭張常敏,111年屏東縣議員選舉,首次申報,1111019,營利事業捐贈收入,炤信企業股份有限公司,22144375,88000.00,0.00,現金,1111019,,,金錢,高雄市左營區****,07-3*****,,,,,,,,
2,鄭張常敏,111年屏東縣議員選舉,首次申報,1111019,營利事業捐贈收入,富統食品股份有限公司,23344294,200000.00,0.00,匯款,1111019,,,金錢,屏東縣萬丹鄉****,08-7*****,,,,,,,,
3,鄭張常敏,111年屏東縣議員選舉,首次申報,1111019,個人捐贈收入,林啟明,T10*******,6000.00,0.00,現金,1111019,,,金錢,屏東縣萬丹鄉****,08-7*****,,,,,,,,
4,鄭張常敏,111年屏東縣議員選舉,首次申報,1111021,個人捐贈收入,鄭靖琳,,10000.00,0.00,匯款,1111021,,,金錢,屏東縣萬丹鄉****,0987*****,,,,,,,,
5,鄭張常敏,111年屏東縣議員選舉,首次申報,1111023,個人捐贈收入,陳陽焜,T10*******,50000.00,0.00,匯款,1111023,,,金錢,屏東縣車城鄉****,,,,,,,,,
6,鄭張常敏,111年屏東縣議員選舉,首次申報,1111110,營利事業捐贈收入,聖州企業股份有限公司,07992639,60000.00,0.00,現金,1111110,,,金錢,屏東縣萬丹鄉****,08-7*****,,,,,,,,
7,鄭張常敏,111年屏東縣議員選舉,首次申報,1111110,營利事業捐贈收入,巨基環保企業股份有限公司,27439476,100000.00,0.00,現金,1111110,,,金錢,屏東縣萬丹鄉****,08-7*****,,,,,,,,
8,鄭張常敏,111年屏東縣議員選舉,首次申報,1111110,個人捐贈收入,呂信忠,T12*******,100000.00,0.00,現金,1111110,,,金錢,屏東縣萬丹鄉****,0986*****,,,,,,,,
9,鄭張常敏,111年屏東縣議員選舉,首次申報,1111110,個人捐贈收入,呂信杰,T12*******,100000.00,0.00,現金,1111110,,,金錢,屏東縣萬丹鄉****,0988*****,,,,,,,,
10,鄭張常敏,111年屏東縣議員選舉,首次申報,1111118,個人捐贈收入,丘文斌,F10*******,50000.00,0.00,現金,1111118,,,金錢,屏東縣屏東市****,08-7*****,,,,,,,,
11,鄭張常敏,111年屏東縣議員選舉,首次申報,1111220,其他收入,利息收入,,140.00,0.00,匯款,1111220,,,金錢,,,,,,,,,,
