﻿序號,擬參選人／政黨,選舉名稱,申報序號／年度,交易日期,收支科目,捐贈者／支出對象,身分證／統一編號,收入金額,支出金額,支出用途,金錢類,地址,聯絡電話,資料更正日期
1,郭麗華,107年直轄市議員選舉,第一次賸餘,1071225,當選後與其公務有關之費用支出,豐富水果行,14666287,0.00,1950.00,餐飲支出,金錢,桃園市龜山區****,3207*****,
2,郭麗華,107年直轄市議員選舉,第一次賸餘,1071225,當選後與其公務有關之費用支出,錦興鮮花店,43331992,0.00,4500.00,為民服務費用,金錢,桃園市蘆竹區****,3224*****,
3,郭麗華,107年直轄市議員選舉,第一次賸餘,1071226,當選後與其公務有關之費用支出,港龍燒臘,67737633,0.00,1200.00,餐飲費用,金錢,桃園市蘆竹區****,03-3*****,
4,郭麗華,107年直轄市議員選舉,第一次賸餘,1071227,當選後與其公務有關之費用支出,台灣中油,43047309,0.00,1164.00,油資,金錢,桃園市桃園區****,,
5,郭麗華,107年直轄市議員選舉,第一次賸餘,1071228,當選後與其公務有關之費用支出,港龍燒臘,67737633,0.00,1200.00,餐飲費用,金錢,桃園市蘆竹區****,03-3*****,
6,郭麗華,107年直轄市議員選舉,第一次賸餘,1071229,當選後與其公務有關之費用支出,錦興鮮花店,43331992,0.00,2000.00,為民服務費用,金錢,桃園市蘆竹區****,3224*****,
7,郭麗華,107年直轄市議員選舉,第一次賸餘,1071231,當選後與其公務有關之費用支出,台灣中油,02611745,0.00,1000.00,油資,金錢,桃園市蘆竹區****,,
8,郭麗華,107年直轄市議員選舉,第一次賸餘,1080105,當選後與其公務有關之費用支出,花卉營業人,01223681,0.00,2000.00,為民服務費用,金錢,臺北市內湖區****,,
9,郭麗華,107年直轄市議員選舉,第一次賸餘,1080105,當選後與其公務有關之費用支出,來翔加油站,86227717,0.00,1100.00,油資,金錢,桃園市桃園區****,,
10,郭麗華,107年直轄市議員選舉,第一次賸餘,1080107,捐贈政治團體或所屬政黨支出,民主進步黨,76905744,0.00,12000.00,捐贈政治團體或所屬政黨支出,金錢,臺北市中正區****,,
11,郭麗華,107年直轄市議員選舉,第一次賸餘,1080108,當選後與其公務有關之費用支出,亮麗照相器材行,70875856,0.00,190.00,雜項購置或修繕費用,金錢,桃園市蘆竹區****,3219*****,
12,郭麗華,107年直轄市議員選舉,第一次賸餘,1080109,當選後與其公務有關之費用支出,港龍燒臘,67737633,0.00,900.00,餐飲支出,金錢,桃園市蘆竹區****,03-3*****,
13,郭麗華,107年直轄市議員選舉,第一次賸餘,1080109,當選後與其公務有關之費用支出,威照科技有限公司,84372927,0.00,4830.00,電腦維修費,金錢,桃園市蘆竹區****,,
14,郭麗華,107年直轄市議員選舉,第一次賸餘,1080110,當選後與其公務有關之費用支出,良冠通信科技有限公司,89813677,0.00,50000.00,辦公室電話系統工程,金錢,桃園市桃園區****,,
15,郭麗華,107年直轄市議員選舉,第一次賸餘,1080110,當選後與其公務有關之費用支出,黃桂貞,H22*******,0.00,15000.00,工資或薪津,金錢,桃園市桃園區****,,
16,郭麗華,107年直轄市議員選舉,第一次賸餘,1080118,捐贈教育、文化、公益、慈善機構或團體支出,財團法人桃園市蘆竹區大竹國民小學文教基金會,19595797,0.00,5000.00,捐贈教育、文化、公益、慈善機構或團體支出,金錢,,,
17,郭麗華,107年直轄市議員選舉,第一次賸餘,1080121,當選後與其公務有關之費用支出,威照科技有限公司,84372927,0.00,1800.00,雜項購置或修繕費用-電腦維修,金錢,桃園市蘆竹區****,03-3*****,
18,郭麗華,107年直轄市議員選舉,第一次賸餘,1080130,當選後與其公務有關之費用支出,笠展外燴企業社,26632190,0.00,8090.00,餐飲支出,金錢,桃園市蘆竹區****,,
19,郭麗華,107年直轄市議員選舉,第一次賸餘,1080131,當選後與其公務有關之費用支出,亮麗照相器材行,70875856,0.00,30.00,雜項購置或修繕費用,金錢,桃園市蘆竹區****,3219*****,
20,郭麗華,107年直轄市議員選舉,第一次賸餘,1080205,當選後與其公務有關之費用支出,美美花坊,98232145,0.00,10350.00,為民服務費用,金錢,桃園市蘆竹區****,3237*****,
21,郭麗華,107年直轄市議員選舉,第一次賸餘,1080210,當選後與其公務有關之費用支出,黃桂貞,H22*******,0.00,15000.00,工資或薪津,金錢,桃園市桃園區****,,
22,郭麗華,107年直轄市議員選舉,第一次賸餘,1080211,當選後與其公務有關之費用支出,南榮加油站,37937888,0.00,1182.00,油資,金錢,桃園市蘆竹區****,,
23,郭麗華,107年直轄市議員選舉,第一次賸餘,1080223,當選後與其公務有關之費用支出,宏翔企業社,01611330,0.00,4000.00,製作競選物品支出（物品名稱-廣告貼紙列印）,金錢,桃園市蘆竹區****,03-2*****,
24,郭麗華,107年直轄市議員選舉,第一次賸餘,1080226,當選後與其公務有關之費用支出,賀溢企業有限公司,43900467,0.00,2900.00,雜項購置或修繕費用-飲水機維修,金錢,桃園市桃園區****,03-3*****,
25,郭麗華,107年直轄市議員選舉,第一次賸餘,1080302,當選後與其公務有關之費用支出,健行加油加氣站,24241520,0.00,1256.00,油資,金錢,桃園市桃園區****,,
26,郭麗華,107年直轄市議員選舉,第一次賸餘,1080306,當選後與其公務有關之費用支出,旭謙資訊企業有限公司,16229641,0.00,4500.00,雜項購置或修繕費用-影印機清潔組,金錢,桃園市桃園區****,03-3*****,
27,郭麗華,107年直轄市議員選舉,第一次賸餘,1080310,當選後與其公務有關之費用支出,全鋒台茂加油站,80759949,0.00,1000.00,油資,金錢,桃園市蘆竹區****,,
28,郭麗華,107年直轄市議員選舉,第一次賸餘,1080310,當選後與其公務有關之費用支出,黃桂貞,H22*******,0.00,15000.00,工資或薪津,金錢,桃園市桃園區****,,
29,郭麗華,107年直轄市議員選舉,第一次賸餘,1080311,當選後與其公務有關之費用支出,旭謙資訊企業有限公司,16229641,0.00,18800.00,辦公室印表機更換(黑+彩)碳粉夾,金錢,桃園市桃園區****,,
30,郭麗華,107年直轄市議員選舉,第一次賸餘,1080314,當選後與其公務有關之費用支出,大順廣告社,43842782,0.00,500.00,製作宣傳廣告支出,金錢,桃園市桃園區****,3350*****,
31,郭麗華,107年直轄市議員選舉,第一次賸餘,1080315,當選後與其公務有關之費用支出,創意禮儀花坊,73808261,0.00,5200.00,為民服務費用,金錢,桃園市蘆竹區****,,
32,郭麗華,107年直轄市議員選舉,第一次賸餘,1080318,當選後與其公務有關之費用支出,賀溢企業有限公司,43900467,0.00,1200.00,清潔整理支出-飲水機清潔更換,金錢,桃園市桃園區****,03-3*****,
33,郭麗華,107年直轄市議員選舉,第一次賸餘,1080321,當選後與其公務有關之費用支出,大順廣告社,43842782,0.00,700.00,製作宣傳廣告支出-布旗,金錢,桃園市桃園區****,03-3*****,
34,郭麗華,107年直轄市議員選舉,第一次賸餘,1080324,當選後與其公務有關之費用支出,山隆加油站,98989367,0.00,1000.00,油資,金錢,桃園市蘆竹區****,,
35,郭麗華,107年直轄市議員選舉,第一次賸餘,1080409,當選後與其公務有關之費用支出,台灣中油加油站,43910492,0.00,1000.00,油資,金錢,桃園市蘆竹區****,,
36,郭麗華,107年直轄市議員選舉,第一次賸餘,1080410,當選後與其公務有關之費用支出,宏翊企業社,01611330,0.00,900.00,製作宣傳廣告支出,金錢,桃園市蘆竹區****,2121*****,
37,郭麗華,107年直轄市議員選舉,第一次賸餘,1080410,當選後與其公務有關之費用支出,黃桂貞,H22*******,0.00,15000.00,工資或薪津,金錢,桃園市桃園區****,,
38,郭麗華,107年直轄市議員選舉,第一次賸餘,1080412,當選後與其公務有關之費用支出,大順廣告社,43842782,0.00,600.00,製作宣傳廣告支出-布旗,金錢,桃園市桃園區****,03-3*****,
39,郭麗華,107年直轄市議員選舉,第一次賸餘,1080413,當選後與其公務有關之費用支出,遠傳電信,97179430,0.00,3351.00,電信費用,金錢,臺北市敦化南****,,
40,郭麗華,107年直轄市議員選舉,第一次賸餘,1080414,當選後與其公務有關之費用支出,台灣中油加油站,43910492,0.00,1000.00,油資,金錢,桃園市蘆竹區****,,
41,郭麗華,107年直轄市議員選舉,第一次賸餘,1080418,當選後與其公務有關之費用支出,光明郵局,,0.00,86.00,郵寄競選物品或宣傳廣告支出,金錢,桃園市蘆竹區****,,
42,郭麗華,107年直轄市議員選舉,第一次賸餘,1080420,當選後與其公務有關之費用支出,統一精工加油站,49992506,0.00,1357.00,油資,金錢,桃園市蘆竹區****,,
43,郭麗華,107年直轄市議員選舉,第一次賸餘,1080424,當選後與其公務有關之費用支出,全鋒台茂加油站,,0.00,1000.00,油資,金錢,桃園市蘆竹區****,,
44,郭麗華,107年直轄市議員選舉,第一次賸餘,1080426,當選後與其公務有關之費用支出,宏竹便利商店,31572377,0.00,360.00,餐飲支出,金錢,桃園市蘆竹區****,3239*****,
45,郭麗華,107年直轄市議員選舉,第一次賸餘,1080427,當選後與其公務有關之費用支出,福懋加油站,99770732,0.00,1000.00,油資,金錢,桃園市蘆竹區****,,
46,郭麗華,107年直轄市議員選舉,第一次賸餘,1080502,當選後與其公務有關之費用支出,昇鋐企業社,17677907,0.00,11940.00,製作宣傳廣告支出-背包印刷,金錢,桃園市蘆竹區****,3227*****,
47,郭麗華,107年直轄市議員選舉,第一次賸餘,1080502,當選後與其公務有關之費用支出,台灣中油大園站,72774947,0.00,1293.00,油資,金錢,桃園市大園區****,,
48,郭麗華,107年直轄市議員選舉,第一次賸餘,1080507,當選後與其公務有關之費用支出,台灣中油,02488111,0.00,1000.00,油資,金錢,桃園市桃園區****,,
49,郭麗華,107年直轄市議員選舉,第一次賸餘,1080507,當選後與其公務有關之費用支出,登陽綜合廣告企業社,94949392,0.00,7875.00,製作宣傳廣告支出,金錢,桃園市蘆竹區****,2129*****,
50,郭麗華,107年直轄市議員選舉,第一次賸餘,1080510,當選後與其公務有關之費用支出,黃桂貞,H22*******,0.00,15000.00,工資或薪津,金錢,桃園市桃園區****,,
51,郭麗華,107年直轄市議員選舉,第一次賸餘,1080512,當選後與其公務有關之費用支出,台灣中油加油站,02611745,0.00,1334.00,油資,金錢,桃園市蘆竹區****,,
52,郭麗華,107年直轄市議員選舉,第一次賸餘,1080513,當選後與其公務有關之費用支出,遠傳電信,97179430,0.00,3511.00,電信費用,金錢,臺北市敦化南****,,
53,郭麗華,107年直轄市議員選舉,第一次賸餘,1080515,當選後與其公務有關之費用支出,大盤價三泰旺五金國際有限公司,69719153,0.00,525.00,租買辦公設備支出(大竹服務站),金錢,桃園市蘆竹區****,03-3*****,
54,郭麗華,107年直轄市議員選舉,第一次賸餘,1080517,捐贈教育、文化、公益、慈善機構或團體支出,財團法人桃園市德修宮慈善文教基金會,42201471,0.00,200000.00,捐贈教育、文化、公益、慈善機構或團體支出,金錢,桃園市龜山區****,03-3*****,
55,郭麗華,107年直轄市議員選舉,第一次賸餘,1080517,當選後與其公務有關之費用支出,頂社加油站,80617169,0.00,1335.00,油資,金錢,桃園市蘆竹區****,,
56,郭麗華,107年直轄市議員選舉,第一次賸餘,1080520,當選後與其公務有關之費用支出,昇鋐企業社,17677907,0.00,25400.00,雜項購置或修繕費用-服務處同仁制服,金錢,桃園市蘆竹區****,3227*****,
57,郭麗華,107年直轄市議員選舉,第一次賸餘,1080524,當選後與其公務有關之費用支出,台灣中油加油站,02611745,0.00,1414.00,油資,金錢,桃園市蘆竹區****,,
58,郭麗華,107年直轄市議員選舉,第一次賸餘,1080528,當選後與其公務有關之費用支出,富國路加油站,97263767,0.00,1000.00,油資,金錢,桃園市蘆竹區****,,
59,郭麗華,107年直轄市議員選舉,第一次賸餘,1080602,當選後與其公務有關之費用支出,台灣中油加油站,02611745,0.00,1000.00,油資,金錢,桃園市蘆竹區****,,
60,郭麗華,107年直轄市議員選舉,第一次賸餘,1080607,當選後與其公務有關之費用支出,福懋加油站,99770732,0.00,1000.00,油資,金錢,桃園市蘆竹區****,,
61,郭麗華,107年直轄市議員選舉,第一次賸餘,1080610,當選後與其公務有關之費用支出,昇鋐企業社,17677907,0.00,17000.00,製作宣傳廣告支出-貼紙,金錢,桃園市蘆竹區****,3227*****,
62,郭麗華,107年直轄市議員選舉,第一次賸餘,1080610,當選後與其公務有關之費用支出,黃桂貞,H22*******,0.00,15000.00,工資或薪津,金錢,桃園市桃園區****,,
63,郭麗華,107年直轄市議員選舉,第一次賸餘,1080611,當選後與其公務有關之費用支出,億協南竹路加油站,80053942,0.00,1106.00,油資,金錢,桃園市蘆竹區****,,
64,郭麗華,107年直轄市議員選舉,第一次賸餘,1080614,當選後與其公務有關之費用支出,大順廣告社,43842782,0.00,1800.00,製作宣傳廣告支出,金錢,桃園市桃園區****,03-3*****,
65,郭麗華,107年直轄市議員選舉,第一次賸餘,1080614,當選後與其公務有關之費用支出,中悅加油站,99808625,0.00,1000.00,油資,金錢,桃園市龜山區****,,
66,郭麗華,107年直轄市議員選舉,第一次賸餘,1080615,當選後與其公務有關之費用支出,駿鵬國際有限公司,27808597,0.00,17063.00,製作宣傳廣告支出-招牌一式,金錢,桃園市桃園區****,03-3*****,
67,郭麗華,107年直轄市議員選舉,第一次賸餘,1080615,當選後與其公務有關之費用支出,德忠商行,42207876,0.00,3275.00,雜項購置或修繕費用,金錢,桃園市中壢區****,,
68,郭麗華,107年直轄市議員選舉,第一次賸餘,1080617,當選後與其公務有關之費用支出,壹陸貳商店,01626283,0.00,352.00,文具用品費用,金錢,桃園市蘆竹區****,03-3*****,
69,郭麗華,107年直轄市議員選舉,第一次賸餘,1080618,當選後與其公務有關之費用支出,創意禮儀花坊,73808261,0.00,12000.00,為民服務費用,金錢,桃園市蘆竹區****,,
70,郭麗華,107年直轄市議員選舉,第一次賸餘,1080619,當選後與其公務有關之費用支出,億協南竹路加油站,80053942,0.00,1267.00,油資,金錢,桃園市蘆竹區****,,
71,郭麗華,107年直轄市議員選舉,第一次賸餘,1080623,當選後與其公務有關之費用支出,功宏加油站,16227405,0.00,1287.00,油資,金錢,桃園市大溪區****,,
72,郭麗華,107年直轄市議員選舉,第一次賸餘,1080626,當選後與其公務有關之費用支出,壹陸貳商店,01626283,0.00,835.00,文具用品費用,金錢,桃園市蘆竹區****,03-3*****,
73,郭麗華,107年直轄市議員選舉,第一次賸餘,1080626,捐贈教育、文化、公益、慈善機構或團體支出,桃園市蘆竹區地方自治促進協會,30354985,0.00,5000.00,捐贈教育、文化、公益、慈善機構或團體支出,金錢,桃園市蘆竹區****,,
74,郭麗華,107年直轄市議員選舉,第一次賸餘,1080704,當選後與其公務有關之費用支出,永佳停車場,,0.00,60.00,停車費,金錢,桃園市中壢區****,,
75,郭麗華,107年直轄市議員選舉,第一次賸餘,1080704,當選後與其公務有關之費用支出,健行加油加氣站,24241520,0.00,1241.00,油資,金錢,桃園市桃園區****,,
76,郭麗華,107年直轄市議員選舉,第一次賸餘,1080705,當選後與其公務有關之費用支出,壹陸貳商店,01626283,0.00,384.00,文具用品費用,金錢,桃園市蘆竹區****,,
77,郭麗華,107年直轄市議員選舉,第一次賸餘,1080706,當選後與其公務有關之費用支出,壹陸貳商店,01626283,0.00,195.00,文具用品費用,金錢,桃園市蘆竹區****,,
78,郭麗華,107年直轄市議員選舉,第一次賸餘,1080708,當選後與其公務有關之費用支出,福懋加油站,99770732,0.00,1000.00,油資,金錢,桃園市蘆竹區****,,
79,郭麗華,107年直轄市議員選舉,第一次賸餘,1080709,當選後與其公務有關之費用支出,中華電信股份有限公司,19683736,0.00,1559.00,電信費用,金錢,桃園市桃園區****,,
80,郭麗華,107年直轄市議員選舉,第一次賸餘,1080709,當選後與其公務有關之費用支出,台灣中油,44953265,0.00,100.00,油資,金錢,桃園市中壢區****,,
81,郭麗華,107年直轄市議員選舉,第一次賸餘,1080709,當選後與其公務有關之費用支出,網際運通股份有限公司,70481754,0.00,1366.00,文具用品費用,金錢,臺北市南港區****,02-2*****,
82,郭麗華,107年直轄市議員選舉,第一次賸餘,1080710,當選後與其公務有關之費用支出,黃桂貞,H22*******,0.00,15000.00,工資或薪津,金錢,桃園市桃園區****,,
83,郭麗華,107年直轄市議員選舉,第一次賸餘,1080713,當選後與其公務有關之費用支出,遠傳電信,97179430,0.00,3103.00,電信費用,金錢,臺北市敦化南****,,
84,郭麗華,107年直轄市議員選舉,第一次賸餘,1080715,當選後與其公務有關之費用支出,壹陸貳商店,01626283,0.00,1520.00,文具用品費用,金錢,桃園市蘆竹區****,03-3*****,
85,郭麗華,107年直轄市議員選舉,第一次賸餘,1080715,當選後與其公務有關之費用支出,港龍燒臘,67737633,0.00,8000.00,餐飲費用,金錢,桃園市蘆竹區****,,
86,郭麗華,107年直轄市議員選舉,第一次賸餘,1080717,當選後與其公務有關之費用支出,威照科技有限公司,84372927,0.00,1859.00,雜項購置或修繕費用,金錢,桃園市蘆竹區****,03-3*****,
87,郭麗華,107年直轄市議員選舉,第一次賸餘,1080718,當選後與其公務有關之費用支出,福懋加油站,99770732,0.00,1000.00,油資,金錢,桃園市蘆竹區****,,
88,郭麗華,107年直轄市議員選舉,第一次賸餘,1080724,當選後與其公務有關之費用支出,美美花坊,98232145,0.00,7200.00,為民服務費用,金錢,桃園市蘆竹區****,,
89,郭麗華,107年直轄市議員選舉,第一次賸餘,1080725,當選後與其公務有關之費用支出,美美花坊,98232145,0.00,13000.00,為民服務費用,金錢,桃園市蘆竹區****,03-3*****,
90,郭麗華,107年直轄市議員選舉,第一次賸餘,1080726,當選後與其公務有關之費用支出,宏竹便利商店,31572377,0.00,720.00,餐飲支出,金錢,桃園市蘆竹區****,3239*****,
91,郭麗華,107年直轄市議員選舉,第一次賸餘,1080730,當選後與其公務有關之費用支出,大成鮮花店,87713981,0.00,2000.00,為民服務費用,金錢,桃園市大溪區****,3885*****,
92,郭麗華,107年直轄市議員選舉,第一次賸餘,1080731,當選後與其公務有關之費用支出,禾泰鎖印店,09846795,0.00,110.00,雜項購置或修繕費用,金錢,桃園市蘆竹區****,,
93,郭麗華,107年直轄市議員選舉,第一次賸餘,1080731,當選後與其公務有關之費用支出,禾泰鎖印店,09846795,0.00,120.00,雜項購置或修繕費用,金錢,桃園市蘆竹區****,,
94,郭麗華,107年直轄市議員選舉,第一次賸餘,1080731,當選後與其公務有關之費用支出,中華電信股份有限公司,19683736,0.00,5026.00,電信費用,金錢,桃園市桃園區****,,
95,郭麗華,107年直轄市議員選舉,第一次賸餘,1080802,當選後與其公務有關之費用支出,賀溢企業有限公司,43900467,0.00,2100.00,雜項購置或修繕費用,金錢,桃園市桃園區****,03-3*****,
96,郭麗華,107年直轄市議員選舉,第一次賸餘,1080806,當選後與其公務有關之費用支出,壹陸貳商店,01626283,0.00,298.00,文具用品費用,金錢,桃園市蘆竹區****,03-3*****,
97,郭麗華,107年直轄市議員選舉,第一次賸餘,1080806,當選後與其公務有關之費用支出,創意禮儀花坊,73808261,0.00,5200.00,為民服務費用,金錢,桃園市蘆竹區****,,
98,郭麗華,107年直轄市議員選舉,第一次賸餘,1080807,當選後與其公務有關之費用支出,力揚停車場設備,37979021,0.00,60.00,停車費,金錢,桃園市中壢區****,,
99,郭麗華,107年直轄市議員選舉,第一次賸餘,1080810,當選後與其公務有關之費用支出,佳佑加油站,28908454,0.00,1109.00,油資,金錢,桃園市蘆竹區****,,
100,郭麗華,107年直轄市議員選舉,第一次賸餘,1080810,當選後與其公務有關之費用支出,黃桂貞,H22*******,0.00,15000.00,工資或薪津,金錢,桃園市桃園區****,,
101,郭麗華,107年直轄市議員選舉,第一次賸餘,1080819,當選後與其公務有關之費用支出,南榮加油站,85189145,0.00,200.00,油資,金錢,桃園市蘆竹區****,,
102,郭麗華,107年直轄市議員選舉,第一次賸餘,1080823,當選後與其公務有關之費用支出,壹陸貳商店,01626283,0.00,422.00,文具用品費用,金錢,桃園市蘆竹區****,03-3*****,
103,郭麗華,107年直轄市議員選舉,第一次賸餘,1080826,當選後與其公務有關之費用支出,中華電信股份有限公司,19683736,0.00,303.00,電信費用,金錢,桃園市桃園區****,0800*****,
104,郭麗華,107年直轄市議員選舉,第一次賸餘,1080826,當選後與其公務有關之費用支出,中華電信股份有限公司,19683736,0.00,5255.00,電信費用,金錢,桃園市桃園區****,0800*****,
105,郭麗華,107年直轄市議員選舉,第一次賸餘,1080826,當選後與其公務有關之費用支出,福懋加油站,99770732,0.00,1000.00,油資,金錢,桃園市蘆竹區****,,
106,郭麗華,107年直轄市議員選舉,第一次賸餘,1080828,當選後與其公務有關之費用支出,新苗園藝,17350233,0.00,1500.00,藝術花籃,金錢,苗栗縣通霄鎮****,037-*****,
107,郭麗華,107年直轄市議員選舉,第一次賸餘,1080828,當選後與其公務有關之費用支出,金蘭鮮花店,80759878,0.00,1500.00,高價花籃,金錢,桃園市桃園區****,03-+*****,
108,郭麗華,107年直轄市議員選舉,第一次賸餘,1080830,當選後與其公務有關之費用支出,中華電信股份有限公司,19683736,0.00,1969.00,電信費用,金錢,桃園市桃園區****,0800*****,
109,郭麗華,107年直轄市議員選舉,第一次賸餘,1080830,當選後與其公務有關之費用支出,吉興欣業有限公司,24411215,0.00,28800.00,文康活動費用(購自行車),金錢,桃園市中壢區****,03-4*****,
110,郭麗華,107年直轄市議員選舉,第一次賸餘,1080902,當選後與其公務有關之費用支出,7-ELEVEN,51230379,0.00,50.00,雜項購置或修繕費用,金錢,桃園市蘆竹區****,,
111,郭麗華,107年直轄市議員選舉,第一次賸餘,1080903,當選後與其公務有關之費用支出,美美花店,98232145,0.00,6000.00,為民服務費用,金錢,桃園市蘆竹區****,,
112,郭麗華,107年直轄市議員選舉,第一次賸餘,1080905,當選後與其公務有關之費用支出,福懋加油站,99770732,0.00,1000.00,油資,金錢,桃園市蘆竹區****,03-3*****,
113,郭麗華,107年直轄市議員選舉,第一次賸餘,1080907,捐贈教育、文化、公益、慈善機構或團體支出,桃園市印刷電路板製造加工協會,99179294,0.00,2000.00,捐贈教育、文化、公益、慈善機構或團體支出,金錢,桃園市蘆竹區****,03-2*****,
114,郭麗華,107年直轄市議員選舉,第一次賸餘,1080910,當選後與其公務有關之費用支出,世珈租賃有限公司,45108012,0.00,4500.00,搭乘交通工具支出,金錢,桃園市中壢區****,,
115,郭麗華,107年直轄市議員選舉,第一次賸餘,1080910,當選後與其公務有關之費用支出,黃桂貞,H22*******,0.00,15000.00,工資或薪津,金錢,桃園市桃園區****,,
116,郭麗華,107年直轄市議員選舉,第一次賸餘,1080914,當選後與其公務有關之費用支出,富國路加油站,97263767,0.00,1230.00,油資,金錢,桃園市蘆竹區****,,
117,郭麗華,107年直轄市議員選舉,第一次賸餘,1080916,當選後與其公務有關之費用支出,昇鋐企業社,17677907,0.00,7350.00,雜項購置或修繕費用,金錢,桃園市蘆竹區****,3227*****,
118,郭麗華,107年直轄市議員選舉,第一次賸餘,1080916,當選後與其公務有關之費用支出,福懋加油站,99770732,0.00,1000.00,油資,金錢,桃園市蘆竹區****,,
119,郭麗華,107年直轄市議員選舉,第一次賸餘,1080920,當選後與其公務有關之費用支出,宏竹便利店,31572377,0.00,1760.00,麥香紅茶飲料,金錢,桃園市蘆竹區****,03-3*****,
120,郭麗華,107年直轄市議員選舉,第一次賸餘,1080921,當選後與其公務有關之費用支出,壹陸貳商店,01626283,0.00,240.00,文具用品費用,金錢,桃園市蘆竹區****,,
121,郭麗華,107年直轄市議員選舉,第一次賸餘,1080922,當選後與其公務有關之費用支出,壹陸貳商店,01626283,0.00,375.00,文具用品費用,金錢,桃園市蘆竹區****,,
122,郭麗華,107年直轄市議員選舉,第一次賸餘,1080922,當選後與其公務有關之費用支出,7-ELEVEN,27251676,0.00,154.00,雜項購置或修繕費用,金錢,桃園市蘆竹區****,,
123,郭麗華,107年直轄市議員選舉,第一次賸餘,1080924,當選後與其公務有關之費用支出,網際運通股份有限公司,70481754,0.00,1814.00,文具用品費用,金錢,臺北市南港區****,02-7*****,
124,郭麗華,107年直轄市議員選舉,第一次賸餘,1080925,當選後與其公務有關之費用支出,福懋加油站,99770732,0.00,975.00,油資,金錢,桃園市蘆竹區****,,
125,郭麗華,107年直轄市議員選舉,第一次賸餘,1081001,當選後與其公務有關之費用支出,台灣中油股公司油品行銷事業部桃園營業處蘆竹加油站,02611745,0.00,1008.00,油資,金錢,桃園市蘆竹區****,,
126,郭麗華,107年直轄市議員選舉,第一次賸餘,1081004,當選後與其公務有關之費用支出,福懋加油站,99770732,0.00,1000.00,油資,金錢,桃園市蘆竹區****,,
127,郭麗華,107年直轄市議員選舉,第一次賸餘,1081005,當選後與其公務有關之費用支出,大竹郵局,,0.00,300.00,郵寄競選物品或宣傳廣告支出,金錢,桃園市蘆竹區****,,
128,郭麗華,107年直轄市議員選舉,第一次賸餘,1081009,當選後與其公務有關之費用支出,大順廣告社,43842782,0.00,500.00,製作宣傳廣告支出,金錢,桃園市桃園區****,,
129,郭麗華,107年直轄市議員選舉,第一次賸餘,1081010,當選後與其公務有關之費用支出,黃桂貞,H22*******,0.00,15000.00,工資或薪津,金錢,桃園市桃園區****,,
130,郭麗華,107年直轄市議員選舉,第一次賸餘,1081017,當選後與其公務有關之費用支出,尚昇綜藝行,19427835,0.00,18000.00,文康活動費用,金錢,新北市鶯歌區****,,
131,郭麗華,107年直轄市議員選舉,第一次賸餘,1081017,當選後與其公務有關之費用支出,鮮爆池上便當,30218217,0.00,2640.00,餐飲支出,金錢,桃園市蘆竹區****,03-3*****,
132,郭麗華,107年直轄市議員選舉,第一次賸餘,1081017,當選後與其公務有關之費用支出,福懋加油站,99770732,0.00,1000.00,油資,金錢,桃園市蘆竹區****,,
133,郭麗華,107年直轄市議員選舉,第一次賸餘,1081017,當選後與其公務有關之費用支出,蕭阿習,H20*******,0.00,25000.00,餐飲費用,金錢,桃園市蘆竹區****,03-3*****,
134,郭麗華,107年直轄市議員選舉,第一次賸餘,1081020,當選後與其公務有關之費用支出,金蘭鮮花店,80759878,0.00,1200.00,為民服務費用,金錢,桃園市桃園區****,03-3*****,
135,郭麗華,107年直轄市議員選舉,第一次賸餘,1081022,當選後與其公務有關之費用支出,旭謙資訊企業有限公司,16229641,0.00,5000.00,印表機(碳粉),金錢,桃園市桃園區****,03-3*****,
136,郭麗華,107年直轄市議員選舉,第一次賸餘,1081022,當選後與其公務有關之費用支出,德忠商店,42207876,0.00,6990.00,租買辦公設備支出(循環扇),金錢,桃園市中壢區****,03-4*****,
137,郭麗華,107年直轄市議員選舉,第一次賸餘,1081025,當選後與其公務有關之費用支出,忠信鐘錶眼鏡行,17487456,0.00,200.00,雜項購置或修繕費用,金錢,桃園市蘆竹區****,,
138,郭麗華,107年直轄市議員選舉,第一次賸餘,1081025,當選後與其公務有關之費用支出,中華電信股份有限公司,19683736,0.00,5062.00,電信費用,金錢,桃園市桃園區****,0800*****,
139,郭麗華,107年直轄市議員選舉,第一次賸餘,1081025,當選後與其公務有關之費用支出,中華電信股份有限公司,19683736,0.00,278.00,電信費用,金錢,桃園市桃園區****,0800*****,
140,郭麗華,107年直轄市議員選舉,第一次賸餘,1081025,當選後與其公務有關之費用支出,世珈租賃有限公司,45108012,0.00,6800.00,搭乘交通工具支出,金錢,桃園市中壢區****,03-4*****,
141,郭麗華,107年直轄市議員選舉,第一次賸餘,1081026,當選後與其公務有關之費用支出,和平島公園,54105706,0.00,5448.00,差旅膳宿支出,金錢,基隆市仁愛區****,,
142,郭麗華,107年直轄市議員選舉,第一次賸餘,1081028,當選後與其公務有關之費用支出,福懋加油站,99770732,0.00,1000.00,油資,金錢,桃園市蘆竹區****,,
143,郭麗華,107年直轄市議員選舉,第一次賸餘,1081102,捐贈教育、文化、公益、慈善機構或團體支出,社團法人桃園市蘆竹區蘆竹社區發展協會,13304245,0.00,5000.00,捐贈教育、文化、公益、慈善機構或團體支出,金錢,桃園市蘆竹區****,,
144,郭麗華,107年直轄市議員選舉,第一次賸餘,1081103,當選後與其公務有關之費用支出,美美花坊,98232145,0.00,8500.00,為民服務費用,金錢,桃園市蘆竹區****,,
145,郭麗華,107年直轄市議員選舉,第一次賸餘,1081106,當選後與其公務有關之費用支出,福懋加油站,99770732,0.00,975.00,油資,金錢,桃園市蘆竹區****,,
146,郭麗華,107年直轄市議員選舉,第一次賸餘,1081109,當選後與其公務有關之費用支出,桃園果菜市場,13246153,0.00,780.00,餐飲支出,金錢,桃園市桃園區****,3325*****,
147,郭麗華,107年直轄市議員選舉,第一次賸餘,1081110,當選後與其公務有關之費用支出,玉潔企業社,31605314,0.00,80.00,停車費,金錢,桃園市平鎮區****,03-4*****,
148,郭麗華,107年直轄市議員選舉,第一次賸餘,1081110,當選後與其公務有關之費用支出,黃桂貞,H22*******,0.00,15000.00,工資或薪津,金錢,桃園市桃園區****,,
149,郭麗華,107年直轄市議員選舉,第一次賸餘,1081110,當選後與其公務有關之費用支出,黃桂貞,H22*******,0.00,15000.00,工資或薪津,金錢,桃園市桃園區****,,
150,郭麗華,107年直轄市議員選舉,第一次賸餘,1081112,當選後與其公務有關之費用支出,Family Mart,41251542,0.00,12.00,雜項購置或修繕費用,金錢,桃園市中壢區****,,
151,郭麗華,107年直轄市議員選舉,第一次賸餘,1081113,當選後與其公務有關之費用支出,忠信鐘錶眼鏡行,17487456,0.00,300.00,雜項購置或修繕費用,金錢,桃園市蘆竹區****,,
152,郭麗華,107年直轄市議員選舉,第一次賸餘,1081120,當選後與其公務有關之費用支出,金義堂企業社,13568668,0.00,823.00,文具用品費用,金錢,桃園市中壢區****,,
153,郭麗華,107年直轄市議員選舉,第一次賸餘,1081120,當選後與其公務有關之費用支出,福懋加油站,99770732,0.00,975.00,油資,金錢,桃園市蘆竹區****,,
154,郭麗華,107年直轄市議員選舉,第一次賸餘,1081126,當選後與其公務有關之費用支出,壹陸貳商店,01626283,0.00,470.00,文具用品費用,金錢,桃園市蘆竹區****,,
155,郭麗華,107年直轄市議員選舉,第一次賸餘,1081126,當選後與其公務有關之費用支出,港龍燒臘,67737633,0.00,4800.00,餐飲支出,金錢,桃園市蘆竹區****,03-3*****,
156,郭麗華,107年直轄市議員選舉,第一次賸餘,1081127,當選後與其公務有關之費用支出,壹陸貳商店,01626283,0.00,372.00,文具用品費用,金錢,桃園市蘆竹區****,,
157,郭麗華,107年直轄市議員選舉,第一次賸餘,1081127,當選後與其公務有關之費用支出,美帝實業有限公司,23844185,0.00,5000.00,製作競選物品支出（物品名稱-環保餐具組）,金錢,桃園市蘆竹區****,03-3*****,
158,郭麗華,107年直轄市議員選舉,第一次賸餘,1081130,當選後與其公務有關之費用支出,福懋加油站,99770732,0.00,1000.00,油資,金錢,桃園市蘆竹區****,,
159,郭麗華,107年直轄市議員選舉,第一次賸餘,1081203,當選後與其公務有關之費用支出,長虹塑膠包裝材料行,78529990,0.00,1100.00,雜項購置或修繕費用,金錢,桃園市蘆竹區****,03-3*****,
160,郭麗華,107年直轄市議員選舉,第一次賸餘,1081210,當選後與其公務有關之費用支出,黃桂貞,H22*******,0.00,15000.00,工資或薪津,金錢,桃園市桃園區****,,
161,郭麗華,107年直轄市議員選舉,第一次賸餘,1081211,當選後與其公務有關之費用支出,福懋加油站,99770732,0.00,975.00,油資,金錢,桃園市蘆竹區****,,
162,郭麗華,107年直轄市議員選舉,第一次賸餘,1081213,捐贈教育、文化、公益、慈善機構或團體支出,桃園市玄天宮德會,41229444,0.00,2000.00,捐贈教育、文化、公益、慈善機構或團體支出,金錢,桃園市蘆竹區****,,
163,郭麗華,107年直轄市議員選舉,第一次賸餘,1081215,當選後與其公務有關之費用支出,台灣中油加油站,44953265,0.00,708.00,油資,金錢,桃園市中壢區****,,
164,郭麗華,107年直轄市議員選舉,第一次賸餘,1081224,當選後與其公務有關之費用支出,台灣中油加油站,02611745,0.00,1000.00,油資,金錢,桃園市蘆竹區****,,
165,郭麗華,107年直轄市議員選舉,第一次賸餘,1081224,當選後與其公務有關之費用支出,旭謙資訊企業有限公司,16229641,0.00,3800.00,雜項購置或修繕費用,金錢,桃園市桃園區****,,
166,郭麗華,107年直轄市議員選舉,第一次賸餘,1081224,當選後與其公務有關之費用支出,中華電信股份有限公司,19683736,0.00,4997.00,電信費用,金錢,桃園市桃園區****,,
167,郭麗華,107年直轄市議員選舉,第一次賸餘,1081227,當選後與其公務有關之費用支出,宏竹便利商店,31572377,0.00,200.00,餐飲支出(義天宮),金錢,桃園市蘆竹區****,03-3*****,
168,郭麗華,107年直轄市議員選舉,第一次賸餘,1081228,當選後與其公務有關之費用支出,全鋒台茂加油站,80759949,0.00,994.00,油資,金錢,桃園市蘆竹區****,,
169,郭麗華,107年直轄市議員選舉,第一次賸餘,1081230,當選後與其公務有關之費用支出,壹陸貳商店,01626283,0.00,190.00,文具用品費用,金錢,桃園市蘆竹區****,,
170,郭麗華,107年直轄市議員選舉,第一次賸餘,1081230,當選後與其公務有關之費用支出,網際運通股份有限公司,70481754,0.00,1380.00,文具用品費用,金錢,臺北市南港區****,,
171,郭麗華,107年直轄市議員選舉,第一次賸餘,1081230,捐贈政治團體或所屬政黨支出,民主進步黨,76905744,0.00,220000.00,捐贈政治團體或所屬政黨支出,金錢,臺北市中正區****,,
172,郭麗華,107年直轄市議員選舉,第一次賸餘,1081231,當選後與其公務有關之費用支出,網際運通股份有限公司,,0.00,429.00,文具用品費用,金錢,臺北市南港區****,,
