﻿序號,擬參選人／政黨,選舉名稱,申報序號／年度,交易日期,收支科目,捐贈者／支出對象,身分證／統一編號,收入金額,支出金額,支出用途,金錢類,地址,聯絡電話,資料更正日期
1,葉明月,107年直轄市議員選舉,首次申報,1071003,營利事業捐贈收入,鎮旦木業有限公司,80701546,50000.00,0.00,,金錢,合圳北路段號****,,
2,葉明月,107年直轄市議員選舉,首次申報,1071003,個人捐贈收入,彭本雄,H10*******,20000.00,0.00,,金錢,桃園市中壢區****,,
3,葉明月,107年直轄市議員選舉,首次申報,1071008,個人捐贈收入,張詠清,U12*******,10000.00,0.00,,金錢,桃園市平鎮區****,,
4,葉明月,107年直轄市議員選舉,首次申報,1071012,營利事業捐贈收入,顯新企業有限公司,89826737,20000.00,0.00,,金錢,內定三街巷號****,,
5,葉明月,107年直轄市議員選舉,首次申報,1071014,營利事業捐贈收入,窯主義有限公司,69750484,100000.00,0.00,,金錢,桃園市中壢區****,,
6,葉明月,107年直轄市議員選舉,首次申報,1071014,營利事業捐贈收入,柏昶建設股份有限公司,84385578,500000.00,0.00,,金錢,桃園市中壢區****,,
7,葉明月,107年直轄市議員選舉,首次申報,1071014,個人捐贈收入,黃雪梅,H20*******,6000.00,0.00,,金錢,桃園市中壢區****,,
8,葉明月,107年直轄市議員選舉,首次申報,1071016,營利事業捐贈收入,永百翔股份有限公司,70531229,100000.00,0.00,,金錢,桃園市中壢區****,,
9,葉明月,107年直轄市議員選舉,首次申報,1071017,營利事業捐贈收入,宏容環保科技股份有限公司,70491985,30000.00,0.00,,金錢,新北市板橋區****,3810*****,
10,葉明月,107年直轄市議員選舉,首次申報,1071018,營利事業捐贈收入,萬興科技有限公司,54940439,30000.00,0.00,,金錢,中園路二段巷****,,
11,葉明月,107年直轄市議員選舉,首次申報,1071021,營利事業捐贈收入,全冠鴻科技股份有限公司,16224744,30000.00,0.00,,金錢,桃園市蘆竹區****,,
12,葉明月,107年直轄市議員選舉,首次申報,1071022,個人捐贈收入,蘇金蓮,H22*******,20000.00,0.00,,金錢,桃園市中壢區****,,
13,葉明月,107年直轄市議員選舉,首次申報,1071025,個人捐贈收入,何建坊,A11*******,20000.00,0.00,,金錢,臺北市信義區****,,
14,葉明月,107年直轄市議員選舉,首次申報,1071026,營利事業捐贈收入,唐門食品有限公司,27304152,10000.00,0.00,,金錢,桃園市楊梅區****,4311*****,
15,葉明月,107年直轄市議員選舉,首次申報,1071026,個人捐贈收入,謝一弘,H12*******,20000.00,0.00,,金錢,桃園市中壢區****,0937*****,
16,葉明月,107年直轄市議員選舉,首次申報,1071103,營利事業捐贈收入,臻富資產投資股份有限公司,42764555,50000.00,0.00,,金錢,桃園市桃園區****,,
17,葉明月,107年直轄市議員選舉,首次申報,1071106,營利事業捐贈收入,協昌軸承有限公司,12546771,100000.00,0.00,,金錢,桃園市中壢區****,4331*****,
18,葉明月,107年直轄市議員選舉,首次申報,1071107,營利事業捐贈收入,聯華鋁業股份有限公司,12410036,100000.00,0.00,,金錢,臺北市信義路****,02-2*****,
19,葉明月,107年直轄市議員選舉,首次申報,1071107,個人捐贈收入,朱瑞爐,H10*******,20000.00,0.00,,金錢,中壢區普忠路****,,
20,葉明月,107年直轄市議員選舉,首次申報,1071109,營利事業捐贈收入,新台塑膠工業股份有限公司,04348947,50000.00,0.00,,金錢,臺北市重慶北****,4611*****,
21,葉明月,107年直轄市議員選舉,首次申報,1071109,個人捐贈收入,劉卓貴英,A20*******,50000.00,0.00,,金錢,桃園市桃園區****,4611*****,
22,葉明月,107年直轄市議員選舉,首次申報,1071112,營利事業捐贈收入,啟翔木業有限公司,28134992,100000.00,0.00,,金錢,桃園市蘆竹區****,3245*****,
23,葉明月,107年直轄市議員選舉,首次申報,1071113,營利事業捐贈收入,天保股份有限公司,28075591,100000.00,0.00,,金錢,桃園市中壢區****,4612*****,
24,葉明月,107年直轄市議員選舉,首次申報,1071113,營利事業捐贈收入,力霖股份有限公司,53863737,100000.00,0.00,,金錢,桃園市中壢區****,4551*****,
25,葉明月,107年直轄市議員選舉,首次申報,1071113,個人捐贈收入,葉佳弘,A11*******,100000.00,0.00,,金錢,桃園市龜山區****,03-3*****,
26,葉明月,107年直轄市議員選舉,首次申報,1071115,營利事業捐贈收入,佳豐食品廠,80755704,10000.00,0.00,,金錢,桃園市大園區****,03-3*****,
27,葉明月,107年直轄市議員選舉,首次申報,1071115,個人捐贈收入,彭鈺凱,H12*******,10000.00,0.00,,金錢,桃園市中壢區****,0970*****,
28,葉明月,107年直轄市議員選舉,首次申報,1071121,個人捐贈收入,戴碧媛,H20*******,3000.00,0.00,,金錢,桃園市大園區****,0932*****,
