﻿序號,擬參選人／政黨,選舉名稱,申報序號／年度,交易日期,收支科目,捐贈者／支出對象,身分證／統一編號,收入金額,支出金額,捐贈方式,存入專戶日期,返還/繳庫,支出用途,金錢類,地址,聯絡電話,應揭露之支出對象,支出對象之內部人員姓名,支出對象之內部人員職稱,政黨之內部人員姓名,政黨之內部人員職稱,關係,更正註記,資料更正日期
1,陳政宗,111年臺東縣議員選舉,首次申報,1111111,個人捐贈收入,游意雯,G22*******,100000.00,0.00,匯款,1111111,,,金錢,嘉義縣新港鄉****,0925*****,,,,,,,,
2,陳政宗,111年臺東縣議員選舉,首次申報,1111120,個人捐贈收入,吳麗琴,,3600.00,0.00,現金,1111123,,,金錢,臺東縣臺東市****,,,,,,,,,
3,陳政宗,111年臺東縣議員選舉,首次申報,1111120,個人捐贈收入,陳金妹,,3600.00,0.00,現金,1111123,,,金錢,臺東縣臺東市****,,,,,,,,,
4,陳政宗,111年臺東縣議員選舉,首次申報,1111120,個人捐贈收入,張茂盛,,6000.00,0.00,現金,1111123,,,金錢,臺東縣臺東市****,,,,,,,,,
5,陳政宗,111年臺東縣議員選舉,首次申報,1111120,個人捐贈收入,朱美花,,12000.00,0.00,現金,1111123,,,金錢,臺東縣臺東市****,,,,,,,,,
6,陳政宗,111年臺東縣議員選舉,首次申報,1111120,個人捐贈收入,陳金妹,,3000.00,0.00,現金,1111123,,,金錢,臺東縣臺東市****,,,,,,,,,
7,陳政宗,111年臺東縣議員選舉,首次申報,1111120,個人捐贈收入,陳惠玲,,2000.00,0.00,現金,1111123,,,金錢,臺東縣臺東市****,,,,,,,,,
8,陳政宗,111年臺東縣議員選舉,首次申報,1111122,個人捐贈收入,陳春貴,,10000.00,0.00,現金,1111130,,,金錢,高雄市苓雅區****,,,,,,,,,
