﻿序號,擬參選人／政黨,選舉名稱,申報序號／年度,交易日期,收支科目,捐贈者／支出對象,身分證／統一編號,收入金額,支出金額,捐贈方式,存入專戶日期,返還/繳庫,支出用途,金錢類,地址,聯絡電話,應揭露之支出對象,支出對象之內部人員姓名,支出對象之內部人員職稱,政黨之內部人員姓名,政黨之內部人員職稱,關係,更正註記,資料更正日期
1,朱挺玗,111年高雄市議員選舉,首次申報,1110823,個人捐贈收入,周仲偉,,10000.00,0.00,匯款,1110823,,,金錢,高雄市苓雅區****,07-3*****,,,,,,,,
2,朱挺玗,111年高雄市議員選舉,首次申報,1110905,營利事業捐贈收入,福果國際股份有限公司,53243174,100000.00,0.00,現金,1110905,,,金錢,高雄市阿蓮區****,07-6*****,,,,,,,,
3,朱挺玗,111年高雄市議員選舉,首次申報,1110913,個人捐贈收入,鄭淑丹,E22*******,10000.00,0.00,匯款,1110913,,,金錢,高雄市鼓山區****,,,,,,,,,
4,朱挺玗,111年高雄市議員選舉,首次申報,1110926,個人捐贈收入,連筱筑,T22*******,30000.00,0.00,匯款,1110926,,,金錢,屏東縣潮州鎮****,,,,,,,,,
5,朱挺玗,111年高雄市議員選舉,首次申報,1110928,匿名捐贈,匿名,,1.00,0.00,匯款,1110928,,,金錢,,,,,,,,,,
6,朱挺玗,111年高雄市議員選舉,首次申報,1110928,個人捐贈收入,羅俊聰,G12*******,50000.00,0.00,匯款,1110928,,,金錢,基隆市安樂區****,0937*****,,,,,,,,
7,朱挺玗,111年高雄市議員選舉,首次申報,1110930,營利事業捐贈收入,新泉營造股份有限公司,85739583,200000.00,0.00,匯款,1110930,,,金錢,高雄市大樹區****,,,,,,,,,
8,朱挺玗,111年高雄市議員選舉,首次申報,1111002,匿名捐贈,匿名,,10000.00,0.00,現金,1111002,,,金錢,,,,,,,,,,
9,朱挺玗,111年高雄市議員選舉,首次申報,1111004,個人捐贈收入,黃子豪,T12*******,40000.00,0.00,現金,1111004,,,金錢,高雄市前鎮區****,,,,,,,,,
10,朱挺玗,111年高雄市議員選舉,首次申報,1111004,個人捐贈收入,黃子銘,T12*******,30000.00,0.00,現金,1111004,,,金錢,高雄市前鎮區****,,,,,,,,,
11,朱挺玗,111年高雄市議員選舉,首次申報,1111004,個人捐贈收入,黃子瑋,T12*******,30000.00,0.00,現金,1111004,,,金錢,高雄市前鎮區****,,,,,,,,,
12,朱挺玗,111年高雄市議員選舉,首次申報,1111005,營利事業捐贈收入,太允國際股份有限公司,12889831,50000.00,0.00,匯款,1111005,,,金錢,新北市板橋區****,,,,,,,,,
13,朱挺玗,111年高雄市議員選舉,首次申報,1111007,匿名捐贈,匿名,,10000.00,0.00,匯款,1111007,,,金錢,,,,,,,,,,
14,朱挺玗,111年高雄市議員選舉,首次申報,1111007,個人捐贈收入,徐千祥,S12*******,100000.00,0.00,現金,1111007,,,金錢,高雄市苓雅區****,,,,,,,,,
15,朱挺玗,111年高雄市議員選舉,首次申報,1111012,營利事業捐贈收入,台灣海灣國際油品股份有限公司,29004981,50000.00,0.00,匯款,1111012,,,金錢,高雄市鹽埕區****,,,,,,,,,
16,朱挺玗,111年高雄市議員選舉,首次申報,1111012,營利事業捐贈收入,上雋水產有限公司,80209380,135000.00,0.00,匯款,1111012,已返還,,金錢,屏東縣東港鎮****,,,,,,,,,
17,朱挺玗,111年高雄市議員選舉,首次申報,1111012,個人捐贈收入,黃惠美,E22*******,100000.00,0.00,匯款,1111012,,,金錢,高雄市鼓山區****,,,,,,,,,
18,朱挺玗,111年高雄市議員選舉,首次申報,1111013,個人捐贈收入,劉家銘,,10000.00,0.00,現金,1111013,,,金錢,高雄市前鎮區****,,,,,,,,,
19,朱挺玗,111年高雄市議員選舉,首次申報,1111013,個人捐贈收入,蘭家妤,,5000.00,0.00,匯款,1111013,,,金錢,高雄市前鎮區****,,,,,,,,,
20,朱挺玗,111年高雄市議員選舉,首次申報,1111013,個人捐贈收入,洪瓔琦,,5000.00,0.00,匯款,1111013,,,金錢,高雄市前鎮區****,,,,,,,,,
21,朱挺玗,111年高雄市議員選舉,首次申報,1111013,個人捐贈收入,楊植惠,,10000.00,0.00,匯款,1111013,,,金錢,高雄市前鎮區****,,,,,,,,,
22,朱挺玗,111年高雄市議員選舉,首次申報,1111013,匿名捐贈,匿名,,3360.00,0.00,匯款,1111013,,,金錢,,,,,,,,,,
23,朱挺玗,111年高雄市議員選舉,首次申報,1111013,個人捐贈收入,陳鋒孟,,20000.00,0.00,匯款,1111013,,,金錢,高雄市前鎮區****,,,,,,,,,
24,朱挺玗,111年高雄市議員選舉,首次申報,1111013,個人捐贈收入,曾福嘉,C12*******,10000.00,0.00,現金,1111013,,,金錢,高雄市小港區****,,,,,,,,,
25,朱挺玗,111年高雄市議員選舉,首次申報,1111013,個人捐贈收入,朱石國,E10*******,30000.00,0.00,現金,1111013,,,金錢,高雄市前鎮區****,,,,,,,,,
26,朱挺玗,111年高雄市議員選舉,首次申報,1111013,個人捐贈收入,王嗣諠,E12*******,50000.00,0.00,現金,1111013,,,金錢,高雄市楠梓區****,,,,,,,,,
27,朱挺玗,111年高雄市議員選舉,首次申報,1111013,個人捐贈收入,蔡佳庭,E22*******,10000.00,0.00,現金,1111013,,,金錢,高雄市三民區****,,,,,,,,,
28,朱挺玗,111年高雄市議員選舉,首次申報,1111013,個人捐贈收入,李彥賢,F12*******,10000.00,0.00,現金,1111013,,,金錢,高雄市前鎮區****,,,,,,,,,
29,朱挺玗,111年高雄市議員選舉,首次申報,1111013,個人捐贈收入,尤安青,F22*******,20000.00,0.00,匯款,1111013,,,金錢,高雄市三民區****,,,,,,,,,
30,朱挺玗,111年高雄市議員選舉,首次申報,1111013,個人捐贈收入,鄭永周,S12*******,100000.00,0.00,匯款,1111013,,,金錢,高雄市前金區****,,,,,,,,,
31,朱挺玗,111年高雄市議員選舉,首次申報,1111013,個人捐贈收入,黃相瑛,T22*******,10000.00,0.00,現金,1111013,,,金錢,高雄市仁武區****,,,,,,,,,
32,朱挺玗,111年高雄市議員選舉,首次申報,1111016,匿名捐贈,匿名,,1200.00,0.00,匯款,1111024,,,金錢,,,,,,,,,,
33,朱挺玗,111年高雄市議員選舉,首次申報,1111018,個人捐贈收入,吳湘慧,J22*******,100000.00,0.00,匯款,1111018,,,金錢,臺北市大安區****,,,,,,,,,
34,朱挺玗,111年高雄市議員選舉,首次申報,1111019,營利事業捐贈收入,一洋水產有限公司,29018253,10000.00,0.00,現金,1111019,,,金錢,高雄市前鎮區****,,,,,,,,,
35,朱挺玗,111年高雄市議員選舉,首次申報,1111024,匿名捐贈,匿名,,10000.00,0.00,現金,1111024,,,金錢,,,,,,,,,,
36,朱挺玗,111年高雄市議員選舉,首次申報,1111024,匿名捐贈,匿名,,10000.00,0.00,現金,1111024,,,金錢,,,,,,,,,,
37,朱挺玗,111年高雄市議員選舉,首次申報,1111025,個人捐贈收入,喻正文,S12*******,50000.00,0.00,匯款,1111025,,,金錢,高雄市鼓山區****,,,,,,,,,
38,朱挺玗,111年高雄市議員選舉,首次申報,1111026,個人捐贈收入,陳玟伶,E22*******,3000.00,0.00,現金,1111031,,,金錢,高雄市鹽埕區****,0903*****,,,,,,,,
39,朱挺玗,111年高雄市議員選舉,首次申報,1111027,個人捐贈收入,賢珮柔,E22*******,100.00,0.00,現金,1111101,,,金錢,高雄市左營區****,,,,,,,,,
40,朱挺玗,111年高雄市議員選舉,首次申報,1111031,匿名捐贈,匿名2,,10000.00,0.00,現金,1111031,,,金錢,,,,,,,,,,
41,朱挺玗,111年高雄市議員選舉,首次申報,1111031,匿名捐贈,匿名2,,8000.00,0.00,現金,1111031,,,金錢,,,,,,,,,,
42,朱挺玗,111年高雄市議員選舉,首次申報,1111031,個人捐贈收入,楊正國,E12*******,20000.00,0.00,現金,1111103,,,金錢,高雄市前鎮區****,0952*****,,,,,,,,
43,朱挺玗,111年高雄市議員選舉,首次申報,1111102,匿名捐贈,匿名,,10000.00,0.00,現金,1111102,,,金錢,,,,,,,,,,
44,朱挺玗,111年高雄市議員選舉,首次申報,1111103,匿名捐贈,匿名3,,10000.00,0.00,現金,1111103,,,金錢,,,,,,,,,,
45,朱挺玗,111年高雄市議員選舉,首次申報,1111103,匿名捐贈,匿名3,,10000.00,0.00,現金,1111103,,,金錢,,,,,,,,,,
46,朱挺玗,111年高雄市議員選舉,首次申報,1111103,匿名捐贈,匿名3,,10000.00,0.00,現金,1111103,,,金錢,,,,,,,,,,
47,朱挺玗,111年高雄市議員選舉,首次申報,1111103,匿名捐贈,匿名3,,5000.00,0.00,現金,1111103,,,金錢,,,,,,,,,,
48,朱挺玗,111年高雄市議員選舉,首次申報,1111103,匿名捐贈,匿名3,,5000.00,0.00,現金,1111103,,,金錢,,,,,,,,,,
49,朱挺玗,111年高雄市議員選舉,首次申報,1111103,匿名捐贈,匿名3,,10000.00,0.00,現金,1111103,,,金錢,,,,,,,,,,
50,朱挺玗,111年高雄市議員選舉,首次申報,1111103,匿名捐贈,匿名2,,3000.00,0.00,現金,1111103,,,金錢,,,,,,,,,,
51,朱挺玗,111年高雄市議員選舉,首次申報,1111103,匿名捐贈,匿名2,,6000.00,0.00,現金,1111103,,,金錢,,,,,,,,,,
52,朱挺玗,111年高雄市議員選舉,首次申報,1111103,匿名捐贈,匿名2,,2000.00,0.00,現金,1111103,,,金錢,,,,,,,,,,
53,朱挺玗,111年高雄市議員選舉,首次申報,1111103,個人捐贈收入,王紀瑾,E22*******,10000.00,0.00,現金,1111107,,,金錢,高雄市新興區****,,,,,,,,,
54,朱挺玗,111年高雄市議員選舉,首次申報,1111107,個人捐贈收入,林廣杰,O10*******,100000.00,0.00,現金,1111114,,,金錢,臺北市信義區****,,,,,,,,,
55,朱挺玗,111年高雄市議員選舉,首次申報,1111109,匿名捐贈,匿名2,,10000.00,0.00,現金,1111109,,,金錢,,,,,,,,,,
56,朱挺玗,111年高雄市議員選舉,首次申報,1111109,匿名捐贈,匿名2,,10000.00,0.00,現金,1111109,,,金錢,,,,,,,,,,
57,朱挺玗,111年高雄市議員選舉,首次申報,1111120,個人捐贈收入,邱明玲,,200.00,0.00,現金,1111120,,,金錢,高雄市前鎮區****,,,,,,,,,
58,朱挺玗,111年高雄市議員選舉,首次申報,1111120,匿名捐贈,匿名1,,10000.00,0.00,現金,1111120,,,金錢,,,,,,,,,,
59,朱挺玗,111年高雄市議員選舉,首次申報,1111121,人民團體捐贈收入,高雄市不動產服務業職業工會,,30000.00,0.00,現金,1111121,,,金錢,高雄市三民區****,3121*****,,,,,,,,
60,朱挺玗,111年高雄市議員選舉,首次申報,1111121,個人捐贈收入,葉綉娥,E20*******,50000.00,0.00,現金,1111121,,,金錢,高雄市前鎮區****,,,,,,,,,
61,朱挺玗,111年高雄市議員選舉,首次申報,1111125,個人捐贈收入,董星雄,,30000.00,0.00,現金,1111125,,,金錢,高雄市前鎮區****,,,,,,,,,
62,朱挺玗,111年高雄市議員選舉,首次申報,1111221,其他收入,利息收入,,111.00,0.00,匯款,1111221,,,金錢,,,,,,,,,,
