﻿序號,擬參選人／政黨,選舉名稱,申報序號／年度,交易日期,收支科目,捐贈者／支出對象,身分證／統一編號,收入金額,支出金額,捐贈方式,存入專戶日期,返還/繳庫,支出用途,金錢類,地址,聯絡電話,應揭露之支出對象,支出對象之內部人員姓名,支出對象之內部人員職稱,政黨之內部人員姓名,政黨之內部人員職稱,關係,更正註記,資料更正日期
1,陳葦澤,111年桃園市議員選舉,首次申報,1110824,政黨捐贈收入,時代力量,政黨證字第267號,200000.00,0.00,匯款,1110824,,,金錢,臺北市大同區****,(02)*****,,,,,,,,
2,陳葦澤,111年桃園市議員選舉,首次申報,1110826,匿名捐贈,匿名,,3000.00,0.00,匯款,1110826,,,金錢,,,,,,,,,,
3,陳葦澤,111年桃園市議員選舉,首次申報,1110826,個人捐贈收入,趙鴻龍,,2000.00,0.00,現金,1110826,,,金錢,,02-2*****,,,,,,,,
4,陳葦澤,111年桃園市議員選舉,首次申報,1110826,個人捐贈收入,林燕玉,A20*******,6000.00,0.00,現金,1110826,,,金錢,桃園市龜山區****,,,,,,,,,
5,陳葦澤,111年桃園市議員選舉,首次申報,1110916,匿名捐贈,匿名2,,1000.00,0.00,匯款,1110916,,,金錢,,,,,,,,,,
6,陳葦澤,111年桃園市議員選舉,首次申報,1110922,個人捐贈收入,歐新匯,,1200.00,0.00,現金,1110922,,,金錢,桃園市中壢區****,0988*****,,,,,,,,
7,陳葦澤,111年桃園市議員選舉,首次申報,1110922,個人捐贈收入,李翼,,5000.00,0.00,現金,1110922,,,金錢,桃園市龜山區****,0926*****,,,,,,,,
8,陳葦澤,111年桃園市議員選舉,首次申報,1110927,個人捐贈收入,林弘達,,10000.00,0.00,現金,1110927,,,金錢,桃園市龜山區****,,,,,,,,,
9,陳葦澤,111年桃園市議員選舉,首次申報,1111026,個人捐贈收入,鄭學文,,10000.00,0.00,現金,1111026,,,金錢,桃園市桃園區****,0928*****,,,,,,,,
10,陳葦澤,111年桃園市議員選舉,首次申報,1111026,個人捐贈收入,江采庭,Q22*******,10000.00,0.00,現金,1111026,,,金錢,,,,,,,,,,
11,陳葦澤,111年桃園市議員選舉,首次申報,1111101,個人捐贈收入,李翼,,5000.00,0.00,現金,1111101,,,金錢,桃園市龜山區****,0926*****,,,,,,,,
12,陳葦澤,111年桃園市議員選舉,首次申報,1111101,匿名捐贈,匿名3,,1450.00,0.00,現金,1111101,,,金錢,,,,,,,,,,
13,陳葦澤,111年桃園市議員選舉,首次申報,1111110,個人捐贈收入,張正良,,5000.00,0.00,現金,1111110,,,金錢,,0937*****,,,,,,,,
14,陳葦澤,111年桃園市議員選舉,首次申報,1111110,個人捐贈收入,闕壯傳,,30000.00,0.00,匯款,1111110,,,金錢,,0935*****,,,,,,,,
15,陳葦澤,111年桃園市議員選舉,首次申報,1111112,個人捐贈收入,余啟逸,,1200.00,0.00,現金,1111112,,,金錢,桃園市龜山區****,,,,,,,,,
