﻿序號,擬參選人／政黨,選舉名稱,申報序號／年度,交易日期,收支科目,捐贈者／支出對象,身分證／統一編號,收入金額,支出金額,捐贈方式,存入專戶日期,返還/繳庫,支出用途,金錢類,地址,聯絡電話,應揭露之支出對象,支出對象之內部人員姓名,支出對象之內部人員職稱,政黨之內部人員姓名,政黨之內部人員職稱,關係,更正註記,資料更正日期
1,陳皇宇,111年臺南市議員選舉,首次申報,1110830,個人捐贈收入,詹本勝,,3000.00,0.00,現金,1110901,,,金錢,,06-3*****,,,,,,,,
2,陳皇宇,111年臺南市議員選舉,首次申報,1110919,匿名捐贈,匿名,,500.00,0.00,匯款,1110919,,,金錢,,,,,,,,,,
3,陳皇宇,111年臺南市議員選舉,首次申報,1110925,個人捐贈收入,黃天福,,3000.00,0.00,現金,1110927,,,金錢,,0933*****,,,,,,,,
4,陳皇宇,111年臺南市議員選舉,首次申報,1110925,個人捐贈收入,劉明昇,,2000.00,0.00,現金,1110927,,,金錢,,0929*****,,,,,,,,
5,陳皇宇,111年臺南市議員選舉,首次申報,1110925,個人捐贈收入,鄭明法,,1000.00,0.00,現金,1110927,,,金錢,,0623*****,,,,,,,,
6,陳皇宇,111年臺南市議員選舉,首次申報,1110925,個人捐贈收入,劉律妏,,1000.00,0.00,現金,1110927,,,金錢,,0938*****,,,,,,,,
7,陳皇宇,111年臺南市議員選舉,首次申報,1110925,個人捐贈收入,林昭泰,R10*******,5000.00,0.00,現金,1110925,,,金錢,,0932*****,,,,,,,,
8,陳皇宇,111年臺南市議員選舉,首次申報,1111006,人民團體捐贈收入,社團法人台南市牙醫師公會,,20000.00,0.00,匯款,1111006,,,金錢,臺南市永康區****,0631*****,,,,,,,,
9,陳皇宇,111年臺南市議員選舉,首次申報,1111007,個人捐贈收入,林愛國,,10000.00,0.00,現金,1111007,,,金錢,,0910*****,,,,,,,,
10,陳皇宇,111年臺南市議員選舉,首次申報,1111008,營利事業捐贈收入,萬欣開發建設有限公司,91031489,100000.00,0.00,現金,1111012,,,金錢,臺南市六甲區****,0911*****,,,,,,,,
11,陳皇宇,111年臺南市議員選舉,首次申報,1111008,個人捐贈收入,辛其福,R10*******,50000.00,0.00,現金,1111012,,,金錢,臺南市歸仁區****,0910*****,,,,,,,,
12,陳皇宇,111年臺南市議員選舉,首次申報,1111009,個人捐贈收入,黃春華,,1000.00,0.00,現金,1111012,,,金錢,,0976*****,,,,,,,,
13,陳皇宇,111年臺南市議員選舉,首次申報,1111010,營利事業捐贈收入,宜福護理之家,47850782,50000.00,0.00,現金,1111012,,,金錢,臺南市歸仁區****,0623*****,,,,,,,,
14,陳皇宇,111年臺南市議員選舉,首次申報,1111010,個人捐贈收入,温哲暉,U12*******,20000.00,0.00,現金,1111010,,,金錢,臺南市關廟區****,0659*****,,,,,,,,
15,陳皇宇,111年臺南市議員選舉,首次申報,1111016,營利事業捐贈收入,統一熱能工程有限公司,76408289,100000.00,0.00,現金,1111019,,,金錢,高雄市大寮區****,0722*****,,,,,,,,
16,陳皇宇,111年臺南市議員選舉,首次申報,1111016,個人捐贈收入,梁金生,R12*******,30000.00,0.00,現金,1111019,,,金錢,臺南市仁德區****,0921*****,,,,,,,,
17,陳皇宇,111年臺南市議員選舉,首次申報,1111017,營利事業捐贈收入,禾美醫療器材股份有限公司,27374157,20000.00,0.00,現金,1111017,,,金錢,臺南市東區文****,0633*****,,,,,,,,
18,陳皇宇,111年臺南市議員選舉,首次申報,1111017,營利事業捐贈收入,京旭企業有限公司,54549954,20000.00,0.00,現金,1111019,,,金錢,臺南市歸仁區****,0620*****,,,,,,,,
19,陳皇宇,111年臺南市議員選舉,首次申報,1111019,個人捐贈收入,陳永昌,,20000.00,0.00,現金,1111019,,,金錢,,0933*****,,,,,,,,
20,陳皇宇,111年臺南市議員選舉,首次申報,1111019,營利事業捐贈收入,璟裕工程有限公司,24256179,100000.00,0.00,現金,1111024,,,金錢,高雄市大社區****,0735*****,,,,,,,,
21,陳皇宇,111年臺南市議員選舉,首次申報,1111024,個人捐贈收入,盧清溪,R10*******,20000.00,0.00,現金,1111024,,,金錢,臺南市東區裕****,0922*****,,,,,,,,
22,陳皇宇,111年臺南市議員選舉,首次申報,1111027,個人捐贈收入,吳玟儀,Q22*******,50000.00,0.00,現金,1111027,,,金錢,臺南市佳里區****,0913*****,,,,,,,,
23,陳皇宇,111年臺南市議員選舉,首次申報,1111027,個人捐贈收入,涂秋梅,S22*******,50000.00,0.00,現金,1111027,,,金錢,臺南市學甲區****,0912*****,,,,,,,,
24,陳皇宇,111年臺南市議員選舉,首次申報,1111107,個人捐贈收入,汪子如,R22*******,20000.00,0.00,匯款,1111107,,,金錢,臺南市歸仁區****,0939*****,,,,,,,,
25,陳皇宇,111年臺南市議員選舉,首次申報,1111109,個人捐贈收入,游田口,R10*******,50000.00,0.00,現金,1111109,,,金錢,臺南市關廟區****,0922*****,,,,,,,,
26,陳皇宇,111年臺南市議員選舉,首次申報,1111109,個人捐贈收入,吳政哲,R12*******,20000.00,0.00,現金,1111109,,,金錢,臺南市新化區****,0955*****,,,,,,,,
27,陳皇宇,111年臺南市議員選舉,首次申報,1111111,個人捐贈收入,王正坤,R12*******,10000.00,0.00,票據,1111123,,,金錢,臺南市東區東****,0633*****,,,,,,,,
28,陳皇宇,111年臺南市議員選舉,首次申報,1111112,個人捐贈收入,黃偉晉,D12*******,10000.00,0.00,現金,1111112,,,金錢,,0931*****,,,,,,,,
29,陳皇宇,111年臺南市議員選舉,首次申報,1111112,個人捐贈收入,許繁清,R10*******,10000.00,0.00,匯款,1111112,,,金錢,臺南市歸仁區****,0931*****,,,,,,,,
30,陳皇宇,111年臺南市議員選舉,首次申報,1111114,營利事業捐贈收入,正州實業股份有限公司,84596519,30000.00,0.00,匯款,1111114,,,金錢,臺南市仁德區****,0226*****,,,,,,,,
31,陳皇宇,111年臺南市議員選舉,首次申報,1111114,個人捐贈收入,潘顯堂,R10*******,100000.00,0.00,現金,1111114,,,金錢,臺南市新營區****,0930*****,,,,,,,,
32,陳皇宇,111年臺南市議員選舉,首次申報,1111115,個人捐贈收入,陳進發,R10*******,20000.00,0.00,現金,1111122,,,金錢,臺南市東區前****,0989*****,,,,,,,,
33,陳皇宇,111年臺南市議員選舉,首次申報,1111118,營利事業捐贈收入,笑笑笑國際股份有限公司,89430806,100000.00,0.00,現金,1111118,,,金錢,屏東縣屏東市****,0633*****,,,,,,,,
34,陳皇宇,111年臺南市議員選舉,首次申報,1111121,個人捐贈收入,兵溱河,D12*******,5000.00,0.00,現金,1111122,,,金錢,臺南市仁德區****,0963*****,,,,,,,,
35,陳皇宇,111年臺南市議員選舉,首次申報,1111123,個人捐贈收入,王桂芝,,1000.00,0.00,現金,1111124,,,金錢,臺南市歸仁區****,0929*****,,,,,,,,
36,陳皇宇,111年臺南市議員選舉,首次申報,1111123,營利事業捐贈收入,迷你倉庫有限公司,29161975,50000.00,0.00,匯款,1111123,,,金錢,臺北市中山區****,,,,,,,,,
37,陳皇宇,111年臺南市議員選舉,首次申報,1111123,營利事業捐贈收入,海悅廣告股份有限公司,96957234,100000.00,0.00,匯款,1111123,,,金錢,臺北市松山區****,02-8*****,,,,,,,,
38,陳皇宇,111年臺南市議員選舉,首次申報,1111124,個人捐贈收入,黃懸民,D12*******,10000.00,0.00,現金,1111124,,,金錢,臺南市安平區****,0921*****,,,,,,,,
