﻿序號,擬參選人／政黨,選舉名稱,申報序號／年度,交易日期,收支科目,捐贈者／支出對象,身分證／統一編號,收入金額,支出金額,支出用途,金錢類,地址,聯絡電話,資料更正日期
1,吳世正,107年直轄市議員選舉,第一次賸餘,1071129,當選後與其公務有關之費用支出,樂生活商行,26355060,0.00,468.00,雜項購置或修繕費用,金錢,,,
2,吳世正,107年直轄市議員選舉,第一次賸餘,1071225,當選後與其公務有關之費用支出,全國加油站,09734449,0.00,1213.00,油資,金錢,,,
3,吳世正,107年直轄市議員選舉,第一次賸餘,1071225,當選後與其公務有關之費用支出,北都汽車公司,89392325,0.00,3600.00,雜項購置或修繕費用,金錢,,,
4,吳世正,107年直轄市議員選舉,第一次賸餘,1071229,當選後與其公務有關之費用支出,遠傳電信,97179430,0.00,1345.00,電信費用,金錢,,,
5,吳世正,107年直轄市議員選舉,第一次賸餘,1071230,當選後與其公務有關之費用支出,全國加油站,09734449,0.00,659.00,油資,金錢,,,
6,吳世正,107年直轄市議員選舉,第一次賸餘,1071230,當選後與其公務有關之費用支出,台灣達達有限公司,54159673,0.00,1680.00,餐飲費用,金錢,,,
7,吳世正,107年直轄市議員選舉,第一次賸餘,1080104,當選後與其公務有關之費用支出,全國加油站,09734449,0.00,673.00,油資,金錢,,,
8,吳世正,107年直轄市議員選舉,第一次賸餘,1080104,當選後與其公務有關之費用支出,新焦點汽車生活館,48814899,0.00,79.00,雜項購置或修繕費用,金錢,,,
9,吳世正,107年直轄市議員選舉,第一次賸餘,1080105,當選後與其公務有關之費用支出,計程車,,0.00,270.00,搭乘交通工具支出,金錢,,2759*****,
10,吳世正,107年直轄市議員選舉,第一次賸餘,1080105,當選後與其公務有關之費用支出,康寧加油站,23450344,0.00,500.00,油資,金錢,,,
11,吳世正,107年直轄市議員選舉,第一次賸餘,1080105,當選後與其公務有關之費用支出,金山停車場,23473698,0.00,90.00,停車費,金錢,,,
12,吳世正,107年直轄市議員選舉,第一次賸餘,1080108,當選後與其公務有關之費用支出,全國加油站,09734449,0.00,2216.00,油資,金錢,,,
13,吳世正,107年直轄市議員選舉,第一次賸餘,1080108,當選後與其公務有關之費用支出,遠雄流通事業,70397341,0.00,30.00,停車費,金錢,,,
14,吳世正,107年直轄市議員選舉,第一次賸餘,1080109,當選後與其公務有關之費用支出,郵局,,0.00,243.00,電信費用,金錢,,0800*****,
15,吳世正,107年直轄市議員選舉,第一次賸餘,1080109,當選後與其公務有關之費用支出,計程車,,0.00,395.00,搭乘交通工具支出,金錢,,2451*****,
16,吳世正,107年直轄市議員選舉,第一次賸餘,1080110,當選後與其公務有關之費用支出,台灣黃帽汽車,80335909,0.00,98.00,雜項購置或修繕費用,金錢,,,
17,吳世正,107年直轄市議員選舉,第一次賸餘,1080110,當選後與其公務有關之費用支出,中華電信(股),81691784,0.00,409.00,電信費用,金錢,,,
18,吳世正,107年直轄市議員選舉,第一次賸餘,1080112,當選後與其公務有關之費用支出,家福(股)公司,23928558,0.00,2823.00,文康活動費用,金錢,,,
19,吳世正,107年直轄市議員選舉,第一次賸餘,1080112,當選後與其公務有關之費用支出,車亭停車事業,38505616,0.00,75.00,停車費,金錢,,,
20,吳世正,107年直轄市議員選舉,第一次賸餘,1080112,當選後與其公務有關之費用支出,勝成餐飲,38635361,0.00,1483.00,餐飲費用,金錢,,,
21,吳世正,107年直轄市議員選舉,第一次賸餘,1080114,當選後與其公務有關之費用支出,北市停管處,,0.00,285.00,停車費,金錢,,2759*****,
22,吳世正,107年直轄市議員選舉,第一次賸餘,1080115,當選後與其公務有關之費用支出,台北農產運銷,04550147,0.00,30.00,停車費,金錢,,,
23,吳世正,107年直轄市議員選舉,第一次賸餘,1080115,當選後與其公務有關之費用支出,全國加油站,80981785,0.00,1685.00,油資,金錢,,,
24,吳世正,107年直轄市議員選舉,第一次賸餘,1080118,當選後與其公務有關之費用支出,中信停車,42308567,0.00,75.00,停車費,金錢,,,
25,吳世正,107年直轄市議員選舉,第一次賸餘,1080119,當選後與其公務有關之費用支出,中華郵政,04137838,0.00,127997.00,郵寄競選物品或宣傳廣告支出,金錢,臺北市中正區****,,
26,吳世正,107年直轄市議員選舉,第一次賸餘,1080119,當選後與其公務有關之費用支出,宜舍企業公司,42398973,0.00,60.00,停車費,金錢,,,
27,吳世正,107年直轄市議員選舉,第一次賸餘,1080120,當選後與其公務有關之費用支出,六丁目拉麵店,38468477,0.00,1000.00,餐飲費用,金錢,,,
28,吳世正,107年直轄市議員選舉,第一次賸餘,1080121,當選後與其公務有關之費用支出,全國加油站,80981785,0.00,1213.00,油資,金錢,,,
29,吳世正,107年直轄市議員選舉,第一次賸餘,1080123,當選後與其公務有關之費用支出,鑫玉堂文具,42463158,0.00,62.00,文具用品費用,金錢,,,
30,吳世正,107年直轄市議員選舉,第一次賸餘,1080124,當選後與其公務有關之費用支出,華香有限公司,26290665,0.00,584.00,餐飲費用,金錢,,,
31,吳世正,107年直轄市議員選舉,第一次賸餘,1080124,當選後與其公務有關之費用支出,麗陽股份,28357634,0.00,15.00,停車費,金錢,,,
32,吳世正,107年直轄市議員選舉,第一次賸餘,1080126,當選後與其公務有關之費用支出,樂生活商行,26355060,0.00,112.00,文具用品費用,金錢,,,
33,吳世正,107年直轄市議員選舉,第一次賸餘,1080126,當選後與其公務有關之費用支出,雙月食品社,72992346,0.00,1205.00,餐飲費用,金錢,,,
34,吳世正,107年直轄市議員選舉,第一次賸餘,1080127,當選後與其公務有關之費用支出,三灃企業,28443054,0.00,1274.00,餐飲費用,金錢,,,
35,吳世正,107年直轄市議員選舉,第一次賸餘,1080129,當選後與其公務有關之費用支出,全國加油站,09734449,0.00,1459.00,油資,金錢,,,
36,吳世正,107年直轄市議員選舉,第一次賸餘,1080129,當選後與其公務有關之費用支出,家福(股)公司,27257881,0.00,30.00,停車費,金錢,,,
37,吳世正,107年直轄市議員選舉,第一次賸餘,1080129,當選後與其公務有關之費用支出,全國加油站,80981785,0.00,522.00,油資,金錢,,,
38,吳世正,107年直轄市議員選舉,第一次賸餘,1080130,當選後與其公務有關之費用支出,MISO串燒屋,31887714,0.00,1780.00,餐飲費用,金錢,,,
39,吳世正,107年直轄市議員選舉,第一次賸餘,1080131,當選後與其公務有關之費用支出,北市停管處,,0.00,435.00,停車費,金錢,臺北市信義區****,,
40,吳世正,107年直轄市議員選舉,第一次賸餘,1080201,當選後與其公務有關之費用支出,磚窯古早料理,99354200,0.00,2100.00,聯誼交際費用,金錢,,,
41,吳世正,107年直轄市議員選舉,第一次賸餘,1080203,當選後與其公務有關之費用支出,台灣中油,08590444,0.00,500.00,油資,金錢,,,
42,吳世正,107年直轄市議員選舉,第一次賸餘,1080203,當選後與其公務有關之費用支出,惠康百貨,70761755,0.00,1110.00,聯誼交際費用,金錢,,,
43,吳世正,107年直轄市議員選舉,第一次賸餘,1080204,當選後與其公務有關之費用支出,叭叭房停車,42307501,0.00,100.00,停車費,金錢,,,
44,吳世正,107年直轄市議員選舉,第一次賸餘,1080205,當選後與其公務有關之費用支出,誠品生活,27258328,0.00,330.00,書報雜誌費用,金錢,,,
45,吳世正,107年直轄市議員選舉,第一次賸餘,1080208,當選後與其公務有關之費用支出,全國加油站,09734449,0.00,951.00,油資,金錢,,,
46,吳世正,107年直轄市議員選舉,第一次賸餘,1080208,當選後與其公務有關之費用支出,和民餐飲,28215431,0.00,1711.00,餐飲費用,金錢,,,
47,吳世正,107年直轄市議員選舉,第一次賸餘,1080208,當選後與其公務有關之費用支出,台灣聯通,31902686,0.00,60.00,停車費,金錢,,,
48,吳世正,107年直轄市議員選舉,第一次賸餘,1080209,當選後與其公務有關之費用支出,岳陽三總停車場,42331517,0.00,120.00,停車費,金錢,,,
49,吳世正,107年直轄市議員選舉,第一次賸餘,1080210,當選後與其公務有關之費用支出,潤泰旭展,28449085,0.00,1947.00,餐飲費用,金錢,,,
50,吳世正,107年直轄市議員選舉,第一次賸餘,1080211,當選後與其公務有關之費用支出,上品餐飲,24335765,0.00,2394.00,聯誼交際費用,金錢,,,
51,吳世正,107年直轄市議員選舉,第一次賸餘,1080212,當選後與其公務有關之費用支出,奧瑞岡有限公司,28207729,0.00,2662.00,聯誼交際費用,金錢,,,
52,吳世正,107年直轄市議員選舉,第一次賸餘,1080212,當選後與其公務有關之費用支出,全國加油站,80981785,0.00,393.00,油資,金錢,,,
53,吳世正,107年直轄市議員選舉,第一次賸餘,1080213,當選後與其公務有關之費用支出,家福(股)公司,27257881,0.00,4054.00,文康活動費用,金錢,,,
54,吳世正,107年直轄市議員選舉,第一次賸餘,1080215,當選後與其公務有關之費用支出,好吃客(股),53087309,0.00,415.00,餐飲費用,金錢,,,
55,吳世正,107年直轄市議員選舉,第一次賸餘,1080216,當選後與其公務有關之費用支出,全國加油站,09734449,0.00,669.00,油資,金錢,,,
56,吳世正,107年直轄市議員選舉,第一次賸餘,1080217,當選後與其公務有關之費用支出,楨德圖書事業,86735620,0.00,1401.00,書報雜誌費用,金錢,,,
57,吳世正,107年直轄市議員選舉,第一次賸餘,1080217,當選後與其公務有關之費用支出,大塊文化,97290390,0.00,987.00,書報雜誌費用,金錢,,,
58,吳世正,107年直轄市議員選舉,第一次賸餘,1080218,當選後與其公務有關之費用支出,聯成加油站,23919827,0.00,300.00,油資,金錢,,,
59,吳世正,107年直轄市議員選舉,第一次賸餘,1080219,當選後與其公務有關之費用支出,全國加油站,09734449,0.00,1388.00,油資,金錢,,,
60,吳世正,107年直轄市議員選舉,第一次賸餘,1080219,當選後與其公務有關之費用支出,全國加油站,09734449,0.00,727.00,油資,金錢,,,
61,吳世正,107年直轄市議員選舉,第一次賸餘,1080219,當選後與其公務有關之費用支出,富蘭克林餐飲,43364917,0.00,570.00,餐飲費用,金錢,,,
62,吳世正,107年直轄市議員選舉,第一次賸餘,1080220,當選後與其公務有關之費用支出,計程車,,0.00,130.00,搭乘交通工具支出,金錢,,0227*****,
63,吳世正,107年直轄市議員選舉,第一次賸餘,1080221,當選後與其公務有關之費用支出,薩爾溫餐飲,53088095,0.00,650.00,餐飲費用,金錢,,,
64,吳世正,107年直轄市議員選舉,第一次賸餘,1080225,當選後與其公務有關之費用支出,全國加油站,09734449,0.00,288.00,油資,金錢,,,
65,吳世正,107年直轄市議員選舉,第一次賸餘,1080226,當選後與其公務有關之費用支出,全國加油站,09734449,0.00,1259.00,油資,金錢,,,
66,吳世正,107年直轄市議員選舉,第一次賸餘,1080226,當選後與其公務有關之費用支出,全國加油站,80981785,0.00,650.00,油資,金錢,,,
67,吳世正,107年直轄市議員選舉,第一次賸餘,1080227,當選後與其公務有關之費用支出,家福(股)公司,27257881,0.00,1832.00,文康活動費用,金錢,,,
68,吳世正,107年直轄市議員選舉,第一次賸餘,1080227,當選後與其公務有關之費用支出,日月亭(股),42522298,0.00,75.00,停車費,金錢,,,
69,吳世正,107年直轄市議員選舉,第一次賸餘,1080227,當選後與其公務有關之費用支出,台灣黃帽汽車,80335909,0.00,390.00,雜項購置或修繕費用,金錢,,,
70,吳世正,107年直轄市議員選舉,第一次賸餘,1080228,當選後與其公務有關之費用支出,計程車,,0.00,180.00,搭乘交通工具支出,金錢,,0227*****,
71,吳世正,107年直轄市議員選舉,第一次賸餘,1080228,當選後與其公務有關之費用支出,光南大批發,25193068,0.00,149.00,雜項購置或修繕費用,金錢,,,
72,吳世正,107年直轄市議員選舉,第一次賸餘,1080228,當選後與其公務有關之費用支出,哈拉生活有限,70386371,0.00,20.00,停車費,金錢,,,
73,吳世正,107年直轄市議員選舉,第一次賸餘,1080301,當選後與其公務有關之費用支出,樂生活商行,26355060,0.00,269.00,文具用品費用,金錢,,,
74,吳世正,107年直轄市議員選舉,第一次賸餘,1080301,當選後與其公務有關之費用支出,遠傳電信,97179430,0.00,1198.00,電信費用,金錢,,,
75,吳世正,107年直轄市議員選舉,第一次賸餘,1080302,當選後與其公務有關之費用支出,玉星企業,24261102,0.00,2781.00,聯誼交際費用,金錢,,,
76,吳世正,107年直轄市議員選舉,第一次賸餘,1080303,當選後與其公務有關之費用支出,微風台北車站,28441577,0.00,130.00,停車費,金錢,,,
77,吳世正,107年直轄市議員選舉,第一次賸餘,1080304,當選後與其公務有關之費用支出,中華郵政,,0.00,105.00,電信費用,金錢,,2729*****,
78,吳世正,107年直轄市議員選舉,第一次賸餘,1080304,當選後與其公務有關之費用支出,普客二四停車場,74713355,0.00,90.00,停車費,金錢,,,
79,吳世正,107年直轄市議員選舉,第一次賸餘,1080305,當選後與其公務有關之費用支出,計程車,,0.00,145.00,搭乘交通工具支出,金錢,,2759*****,
80,吳世正,107年直轄市議員選舉,第一次賸餘,1080305,當選後與其公務有關之費用支出,全國加油站,09734449,0.00,1393.00,油資,金錢,,,
81,吳世正,107年直轄市議員選舉,第一次賸餘,1080308,當選後與其公務有關之費用支出,台北自來水事業處,03774909,0.00,384.00,水電瓦斯費用,金錢,,,
82,吳世正,107年直轄市議員選舉,第一次賸餘,1080308,當選後與其公務有關之費用支出,樂生活商行,26355060,0.00,150.00,文具用品費用,金錢,,,
83,吳世正,107年直轄市議員選舉,第一次賸餘,1080309,當選後與其公務有關之費用支出,計程車,,0.00,200.00,搭乘交通工具支出,金錢,,2759*****,
84,吳世正,107年直轄市議員選舉,第一次賸餘,1080309,當選後與其公務有關之費用支出,小川拉麵,47042282,0.00,1000.00,餐飲費用,金錢,,,
85,吳世正,107年直轄市議員選舉,第一次賸餘,1080309,當選後與其公務有關之費用支出,中華電信(股),81691784,0.00,314.00,電信費用,金錢,,,
86,吳世正,107年直轄市議員選舉,第一次賸餘,1080310,當選後與其公務有關之費用支出,樂子南港,24557695,0.00,2531.00,聯誼交際費用,金錢,,,
87,吳世正,107年直轄市議員選舉,第一次賸餘,1080311,當選後與其公務有關之費用支出,全國加油站,80981785,0.00,300.00,油資,金錢,,,
88,吳世正,107年直轄市議員選舉,第一次賸餘,1080312,當選後與其公務有關之費用支出,北市停管處,,0.00,265.00,停車費,金錢,臺北市信義區****,,
89,吳世正,107年直轄市議員選舉,第一次賸餘,1080312,當選後與其公務有關之費用支出,青山儀器,04477370,0.00,196.00,雜項購置或修繕費用,金錢,,,
90,吳世正,107年直轄市議員選舉,第一次賸餘,1080312,當選後與其公務有關之費用支出,全國加油站,09734449,0.00,1483.00,油資,金錢,,,
91,吳世正,107年直轄市議員選舉,第一次賸餘,1080312,當選後與其公務有關之費用支出,大日開發,42302718,0.00,60.00,停車費,金錢,,,
92,吳世正,107年直轄市議員選舉,第一次賸餘,1080312,當選後與其公務有關之費用支出,家福(股)公司,51462601,0.00,178.00,雜項購置或修繕費用,金錢,,,
93,吳世正,107年直轄市議員選舉,第一次賸餘,1080312,當選後與其公務有關之費用支出,添好運餐飲,70824891,0.00,1230.00,餐飲費用,金錢,,,
94,吳世正,107年直轄市議員選舉,第一次賸餘,1080312,當選後與其公務有關之費用支出,全國加油站,80981785,0.00,915.00,油資,金錢,,,
95,吳世正,107年直轄市議員選舉,第一次賸餘,1080313,當選後與其公務有關之費用支出,計程車,,0.00,355.00,搭乘交通工具支出,金錢,,2976*****,
96,吳世正,107年直轄市議員選舉,第一次賸餘,1080314,當選後與其公務有關之費用支出,計程車,,0.00,490.00,搭乘交通工具支出,金錢,,2759*****,
97,吳世正,107年直轄市議員選舉,第一次賸餘,1080317,當選後與其公務有關之費用支出,寶盛國際,74434109,0.00,70.00,停車費,金錢,,,
98,吳世正,107年直轄市議員選舉,第一次賸餘,1080319,當選後與其公務有關之費用支出,全國加油站,09734449,0.00,1389.00,油資,金錢,,,
99,吳世正,107年直轄市議員選舉,第一次賸餘,1080319,當選後與其公務有關之費用支出,溢香園,27553412,0.00,1122.00,餐飲費用,金錢,,,
100,吳世正,107年直轄市議員選舉,第一次賸餘,1080319,當選後與其公務有關之費用支出,國益餐飲,28854963,0.00,1845.00,餐飲費用,金錢,,,
101,吳世正,107年直轄市議員選舉,第一次賸餘,1080319,當選後與其公務有關之費用支出,全國加油站,80981785,0.00,741.00,油資,金錢,,,
102,吳世正,107年直轄市議員選舉,第一次賸餘,1080319,當選後與其公務有關之費用支出,中華電信(股),81691784,0.00,270.00,電信費用,金錢,,,
103,吳世正,107年直轄市議員選舉,第一次賸餘,1080322,當選後與其公務有關之費用支出,富邦產險,70826461,0.00,1193.00,雜項購置或修繕費用,金錢,,,
104,吳世正,107年直轄市議員選舉,第一次賸餘,1080324,當選後與其公務有關之費用支出,遠傳電信,97179430,0.00,1473.00,電信費用,金錢,,,
105,吳世正,107年直轄市議員選舉,第一次賸餘,1080325,當選後與其公務有關之費用支出,昌達科技,22609161,0.00,500.00,雜項購置或修繕費用,金錢,,,
106,吳世正,107年直轄市議員選舉,第一次賸餘,1080326,當選後與其公務有關之費用支出,全國加油站,80981785,0.00,593.00,油資,金錢,,,
107,吳世正,107年直轄市議員選舉,第一次賸餘,1080329,當選後與其公務有關之費用支出,計程車,,0.00,135.00,搭乘交通工具支出,金錢,,8965*****,
108,吳世正,107年直轄市議員選舉,第一次賸餘,1080329,當選後與其公務有關之費用支出,北市監理所,,0.00,450.00,雜項購置或修繕費用,金錢,,2763*****,
109,吳世正,107年直轄市議員選舉,第一次賸餘,1080330,當選後與其公務有關之費用支出,西湖加油站,08590465,0.00,539.00,油資,金錢,,,
110,吳世正,107年直轄市議員選舉,第一次賸餘,1080330,當選後與其公務有關之費用支出,馬辣火鍋,48701868,0.00,1398.00,餐飲費用,金錢,,,
111,吳世正,107年直轄市議員選舉,第一次賸餘,1080330,當選後與其公務有關之費用支出,普客二四停車場,74713355,0.00,80.00,停車費,金錢,,,
112,吳世正,107年直轄市議員選舉,第一次賸餘,1080331,當選後與其公務有關之費用支出,海底撈火鍋,24944747,0.00,2826.00,聯誼交際費用,金錢,,,
113,吳世正,107年直轄市議員選舉,第一次賸餘,1080401,當選後與其公務有關之費用支出,塔吉特蛋糕,25691500,0.00,735.00,聯誼交際費用,金錢,,,
114,吳世正,107年直轄市議員選舉,第一次賸餘,1080401,當選後與其公務有關之費用支出,台灣中油,78334051,0.00,395.00,油資,金錢,,,
115,吳世正,107年直轄市議員選舉,第一次賸餘,1080402,當選後與其公務有關之費用支出,聯成加油站,23919827,0.00,300.00,油資,金錢,,,
116,吳世正,107年直轄市議員選舉,第一次賸餘,1080402,當選後與其公務有關之費用支出,全國加油站,80981785,0.00,2252.00,油資,金錢,,,
117,吳世正,107年直轄市議員選舉,第一次賸餘,1080403,當選後與其公務有關之費用支出,台灣中油,08590459,0.00,77.00,油資,金錢,,,
118,吳世正,107年直轄市議員選舉,第一次賸餘,1080403,當選後與其公務有關之費用支出,三灃企業,28443054,0.00,1911.00,餐飲費用,金錢,,,
119,吳世正,107年直轄市議員選舉,第一次賸餘,1080403,當選後與其公務有關之費用支出,城市車旅,72960689,0.00,180.00,停車費,金錢,,,
120,吳世正,107年直轄市議員選舉,第一次賸餘,1080404,當選後與其公務有關之費用支出,黑殿飯店,30308717,0.00,595.00,餐飲費用,金錢,,,
121,吳世正,107年直轄市議員選舉,第一次賸餘,1080405,當選後與其公務有關之費用支出,薺元食品,28203147,0.00,3377.00,聯誼交際費用,金錢,,,
122,吳世正,107年直轄市議員選舉,第一次賸餘,1080405,當選後與其公務有關之費用支出,普客二四停車場,28858068,0.00,80.00,停車費,金錢,,,
123,吳世正,107年直轄市議員選舉,第一次賸餘,1080405,當選後與其公務有關之費用支出,南京巨蛋停車場,74720659,0.00,100.00,停車費,金錢,,,
124,吳世正,107年直轄市議員選舉,第一次賸餘,1080405,當選後與其公務有關之費用支出,達美樂披薩,89282066,0.00,1055.00,聯誼交際費用,金錢,,,
125,吳世正,107年直轄市議員選舉,第一次賸餘,1080407,當選後與其公務有關之費用支出,力勝開發,72948383,0.00,748.00,餐飲費用,金錢,,,
126,吳世正,107年直轄市議員選舉,第一次賸餘,1080407,當選後與其公務有關之費用支出,普客二四停車場,74713355,0.00,60.00,停車費,金錢,,,
127,吳世正,107年直轄市議員選舉,第一次賸餘,1080408,當選後與其公務有關之費用支出,計程車,,0.00,120.00,搭乘交通工具支出,金錢,,2759*****,
128,吳世正,107年直轄市議員選舉,第一次賸餘,1080409,當選後與其公務有關之費用支出,新家緣小館,42290924,0.00,4245.00,聯誼交際費用,金錢,,,
129,吳世正,107年直轄市議員選舉,第一次賸餘,1080409,當選後與其公務有關之費用支出,全國加油站,80981785,0.00,411.00,油資,金錢,,,
130,吳世正,107年直轄市議員選舉,第一次賸餘,1080410,當選後與其公務有關之費用支出,全國加油站,09734449,0.00,1542.00,油資,金錢,,,
131,吳世正,107年直轄市議員選舉,第一次賸餘,1080410,當選後與其公務有關之費用支出,光南大批發,25193068,0.00,480.00,雜項購置或修繕費用,金錢,,,
132,吳世正,107年直轄市議員選舉,第一次賸餘,1080411,當選後與其公務有關之費用支出,特力屋,70762797,0.00,777.00,雜項購置或修繕費用,金錢,,,
133,吳世正,107年直轄市議員選舉,第一次賸餘,1080411,當選後與其公務有關之費用支出,燦坤實業(股)公司,80358521,0.00,680.00,雜項購置或修繕費用,金錢,,,
134,吳世正,107年直轄市議員選舉,第一次賸餘,1080412,當選後與其公務有關之費用支出,中興電料行,04821562,0.00,380.00,雜項購置或修繕費用,金錢,,,
135,吳世正,107年直轄市議員選舉,第一次賸餘,1080412,當選後與其公務有關之費用支出,北市停管處,27590666,0.00,135.00,停車費,金錢,,,
136,吳世正,107年直轄市議員選舉,第一次賸餘,1080413,當選後與其公務有關之費用支出,計程車,,0.00,395.00,搭乘交通工具支出,金錢,,0933*****,
137,吳世正,107年直轄市議員選舉,第一次賸餘,1080414,當選後與其公務有關之費用支出,名創優品,72975727,0.00,299.00,雜項購置或修繕費用,金錢,,,
138,吳世正,107年直轄市議員選舉,第一次賸餘,1080416,當選後與其公務有關之費用支出,朱江圖書,16589032,0.00,1288.00,書報雜誌費用,金錢,,,
139,吳世正,107年直轄市議員選舉,第一次賸餘,1080416,當選後與其公務有關之費用支出,全國加油站,80981785,0.00,964.00,油資,金錢,,,
140,吳世正,107年直轄市議員選舉,第一次賸餘,1080417,當選後與其公務有關之費用支出,榮帝八德所,42454539,0.00,125.00,停車費,金錢,,,
141,吳世正,107年直轄市議員選舉,第一次賸餘,1080417,當選後與其公務有關之費用支出,全國加油站,80981785,0.00,1411.00,油資,金錢,,,
142,吳世正,107年直轄市議員選舉,第一次賸餘,1080421,當選後與其公務有關之費用支出,老字號小吃,48976660,0.00,785.00,餐飲費用,金錢,,,
143,吳世正,107年直轄市議員選舉,第一次賸餘,1080423,當選後與其公務有關之費用支出,助安企業,38495122,0.00,195.00,停車費,金錢,,,
144,吳世正,107年直轄市議員選舉,第一次賸餘,1080423,當選後與其公務有關之費用支出,全國加油站,80981785,0.00,423.00,油資,金錢,,,
145,吳世正,107年直轄市議員選舉,第一次賸餘,1080424,當選後與其公務有關之費用支出,計程車,,0.00,295.00,搭乘交通工具支出,金錢,,8787*****,
146,吳世正,107年直轄市議員選舉,第一次賸餘,1080425,當選後與其公務有關之費用支出,全國加油站,09734449,0.00,70.00,油資,金錢,,,
147,吳世正,107年直轄市議員選舉,第一次賸餘,1080425,當選後與其公務有關之費用支出,埔里龍山泉實業(股)公司,86760042,0.00,31752.00,文康活動費用,金錢,南投縣埔里鎮****,,
148,吳世正,107年直轄市議員選舉,第一次賸餘,1080426,當選後與其公務有關之費用支出,計程車,,0.00,385.00,搭乘交通工具支出,金錢,,8965*****,
149,吳世正,107年直轄市議員選舉,第一次賸餘,1080427,當選後與其公務有關之費用支出,計程車,,0.00,200.00,搭乘交通工具支出,金錢,,2759*****,
150,吳世正,107年直轄市議員選舉,第一次賸餘,1080428,當選後與其公務有關之費用支出,全國加油站,17766268,0.00,746.00,油資,金錢,,,
151,吳世正,107年直轄市議員選舉,第一次賸餘,1080429,當選後與其公務有關之費用支出,車亭停車事業,38585616,0.00,15.00,停車費,金錢,,,
152,吳世正,107年直轄市議員選舉,第一次賸餘,1080430,當選後與其公務有關之費用支出,計程車,,0.00,190.00,搭乘交通工具支出,金錢,,8965*****,
153,吳世正,107年直轄市議員選舉,第一次賸餘,1080430,當選後與其公務有關之費用支出,全國加油站,80981785,0.00,792.00,油資,金錢,,,
154,吳世正,107年直轄市議員選舉,第一次賸餘,1080501,當選後與其公務有關之費用支出,台灣中油,01113283,0.00,500.00,油資,金錢,,,
155,吳世正,107年直轄市議員選舉,第一次賸餘,1080502,當選後與其公務有關之費用支出,郵局,,0.00,280.00,電信費用,金錢,,0800*****,
156,吳世正,107年直轄市議員選舉,第一次賸餘,1080502,當選後與其公務有關之費用支出,全國加油站,09734449,0.00,1812.00,油資,金錢,,,
157,吳世正,107年直轄市議員選舉,第一次賸餘,1080502,當選後與其公務有關之費用支出,長欣汽車保養所,13473092,0.00,1350.00,維修宣傳車輛支出,金錢,,,
158,吳世正,107年直轄市議員選舉,第一次賸餘,1080502,當選後與其公務有關之費用支出,吸引力生活事業,51896000,0.00,722.00,餐飲費用,金錢,,,
159,吳世正,107年直轄市議員選舉,第一次賸餘,1080503,當選後與其公務有關之費用支出,全國加油站,09734449,0.00,953.00,油資,金錢,,,
160,吳世正,107年直轄市議員選舉,第一次賸餘,1080503,當選後與其公務有關之費用支出,家福(股)公司,23928558,0.00,2320.00,文康活動費用,金錢,,,
161,吳世正,107年直轄市議員選舉,第一次賸餘,1080503,當選後與其公務有關之費用支出,百富國際,24742307,0.00,924.00,餐飲費用,金錢,,,
162,吳世正,107年直轄市議員選舉,第一次賸餘,1080504,當選後與其公務有關之費用支出,薩爾溫餐飲,53088095,0.00,1480.00,餐飲費用,金錢,,,
163,吳世正,107年直轄市議員選舉,第一次賸餘,1080504,當選後與其公務有關之費用支出,遠傳電信,97179430,0.00,1962.00,電信費用,金錢,,,
164,吳世正,107年直轄市議員選舉,第一次賸餘,1080505,當選後與其公務有關之費用支出,哈拉生活有限,70386371,0.00,60.00,停車費,金錢,,,
165,吳世正,107年直轄市議員選舉,第一次賸餘,1080506,當選後與其公務有關之費用支出,北市停管處,,0.00,140.00,停車費,金錢,,2726*****,
166,吳世正,107年直轄市議員選舉,第一次賸餘,1080506,當選後與其公務有關之費用支出,台灣電力公司,31096199,0.00,350.00,水電瓦斯費用,金錢,,,
167,吳世正,107年直轄市議員選舉,第一次賸餘,1080506,當選後與其公務有關之費用支出,肉多多事業,55268810,0.00,1483.00,餐飲費用,金錢,,,
168,吳世正,107年直轄市議員選舉,第一次賸餘,1080506,當選後與其公務有關之費用支出,中華電信(股),81691784,0.00,304.00,電信費用,金錢,,,
169,吳世正,107年直轄市議員選舉,第一次賸餘,1080507,當選後與其公務有關之費用支出,陽光加油站,31815058,0.00,500.00,油資,金錢,,,
170,吳世正,107年直轄市議員選舉,第一次賸餘,1080507,當選後與其公務有關之費用支出,全國加油站,80981785,0.00,1831.00,油資,金錢,,,
171,吳世正,107年直轄市議員選舉,第一次賸餘,1080508,當選後與其公務有關之費用支出,台北市自來水處,03774909,0.00,390.00,水電瓦斯費用,金錢,,,
172,吳世正,107年直轄市議員選舉,第一次賸餘,1080508,當選後與其公務有關之費用支出,日月亭(股),42305790,0.00,90.00,停車費,金錢,,,
173,吳世正,107年直轄市議員選舉,第一次賸餘,1080508,當選後與其公務有關之費用支出,中華電信(股),81691784,0.00,346.00,電信費用,金錢,,,
174,吳世正,107年直轄市議員選舉,第一次賸餘,1080509,當選後與其公務有關之費用支出,里拉小館,38562304,0.00,1119.00,餐飲費用,金錢,,,
175,吳世正,107年直轄市議員選舉,第一次賸餘,1080510,當選後與其公務有關之費用支出,北市停管處,,0.00,260.00,停車費,金錢,,2759*****,
176,吳世正,107年直轄市議員選舉,第一次賸餘,1080510,當選後與其公務有關之費用支出,長欣汽車保養所,13473092,0.00,7150.00,維修宣傳車輛支出,金錢,,,
177,吳世正,107年直轄市議員選舉,第一次賸餘,1080511,當選後與其公務有關之費用支出,安利美特公司,70839579,0.00,3031.00,書報雜誌費用,金錢,,,
178,吳世正,107年直轄市議員選舉,第一次賸餘,1080512,當選後與其公務有關之費用支出,名創優品,73652627,0.00,678.00,雜項購置或修繕費用,金錢,,,
179,吳世正,107年直轄市議員選舉,第一次賸餘,1080513,當選後與其公務有關之費用支出,內湖加油站,08590459,0.00,294.00,油資,金錢,,,
180,吳世正,107年直轄市議員選舉,第一次賸餘,1080514,當選後與其公務有關之費用支出,全國加油站,09734449,0.00,1606.00,油資,金錢,,,
181,吳世正,107年直轄市議員選舉,第一次賸餘,1080514,當選後與其公務有關之費用支出,享洲有限公司,25120777,0.00,122.00,文具用品費用,金錢,,,
182,吳世正,107年直轄市議員選舉,第一次賸餘,1080514,當選後與其公務有關之費用支出,樂生活商行,26355060,0.00,72.00,文具用品費用,金錢,,,
183,吳世正,107年直轄市議員選舉,第一次賸餘,1080514,當選後與其公務有關之費用支出,全國加油站,80981785,0.00,707.00,油資,金錢,,,
184,吳世正,107年直轄市議員選舉,第一次賸餘,1080519,當選後與其公務有關之費用支出,吸引力生活事業,24329715,0.00,2807.00,聯誼交際費用,金錢,,,
185,吳世正,107年直轄市議員選舉,第一次賸餘,1080519,當選後與其公務有關之費用支出,叭叭房停車,42307501,0.00,170.00,停車費,金錢,,,
186,吳世正,107年直轄市議員選舉,第一次賸餘,1080521,當選後與其公務有關之費用支出,全國加油站,80981785,0.00,857.00,油資,金錢,,,
187,吳世正,107年直轄市議員選舉,第一次賸餘,1080522,當選後與其公務有關之費用支出,誠品生活,70757181,0.00,1312.00,書報雜誌費用,金錢,,,
188,吳世正,107年直轄市議員選舉,第一次賸餘,1080523,當選後與其公務有關之費用支出,聖祖股份公司,01207937,0.00,900.00,餐飲支出,金錢,,,
189,吳世正,107年直轄市議員選舉,第一次賸餘,1080526,當選後與其公務有關之費用支出,福華飯店,18104885,0.00,100.00,停車費,金錢,,,
190,吳世正,107年直轄市議員選舉,第一次賸餘,1080526,當選後與其公務有關之費用支出,添好運餐飲,70824891,0.00,1317.00,餐飲費用,金錢,,,
191,吳世正,107年直轄市議員選舉,第一次賸餘,1080526,當選後與其公務有關之費用支出,全國加油站,83945433,0.00,483.00,油資,金錢,,,
192,吳世正,107年直轄市議員選舉,第一次賸餘,1080528,當選後與其公務有關之費用支出,郵局,,0.00,240.00,電信費用,金錢,,2729*****,
193,吳世正,107年直轄市議員選舉,第一次賸餘,1080528,當選後與其公務有關之費用支出,台灣中油,08590465,0.00,489.00,油資,金錢,,,
194,吳世正,107年直轄市議員選舉,第一次賸餘,1080528,當選後與其公務有關之費用支出,全國加油站,80981785,0.00,631.00,油資,金錢,,,
195,吳世正,107年直轄市議員選舉,第一次賸餘,1080529,當選後與其公務有關之費用支出,計程車,,0.00,200.00,搭乘交通工具支出,金錢,,2759*****,
196,吳世正,107年直轄市議員選舉,第一次賸餘,1080529,當選後與其公務有關之費用支出,台灣中油,86492052,0.00,1464.00,油資,金錢,,,
197,吳世正,107年直轄市議員選舉,第一次賸餘,1080531,當選後與其公務有關之費用支出,郵局,,0.00,60.00,電信費用,金錢,,2633*****,
198,吳世正,107年直轄市議員選舉,第一次賸餘,1080601,當選後與其公務有關之費用支出,飛璜開發公司,42478053,0.00,325.00,停車費,金錢,,,
199,吳世正,107年直轄市議員選舉,第一次賸餘,1080602,當選後與其公務有關之費用支出,台灣中油,01709333,0.00,500.00,油資,金錢,,,
200,吳世正,107年直轄市議員選舉,第一次賸餘,1080602,當選後與其公務有關之費用支出,爭鮮股份公司,29047047,0.00,820.00,餐飲費用,金錢,,,
201,吳世正,107年直轄市議員選舉,第一次賸餘,1080602,當選後與其公務有關之費用支出,遠傳電信,97179430,0.00,1501.00,電信費用,金錢,,,
202,吳世正,107年直轄市議員選舉,第一次賸餘,1080603,當選後與其公務有關之費用支出,台灣中油,08590459,0.00,434.00,油資,金錢,,,
203,吳世正,107年直轄市議員選舉,第一次賸餘,1080603,當選後與其公務有關之費用支出,中華電信(股),81691784,0.00,300.00,電信費用,金錢,,,
204,吳世正,107年直轄市議員選舉,第一次賸餘,1080604,當選後與其公務有關之費用支出,全國加油站,09734449,0.00,2584.00,油資,金錢,,,
205,吳世正,107年直轄市議員選舉,第一次賸餘,1080605,當選後與其公務有關之費用支出,欣湖天然氣(股)公司,04779353,0.00,536.00,水電瓦斯費用,金錢,,,
206,吳世正,107年直轄市議員選舉,第一次賸餘,1080607,當選後與其公務有關之費用支出,悅鈞有限公司,70824891,0.00,2187.00,文具用品費用,金錢,,,
207,吳世正,107年直轄市議員選舉,第一次賸餘,1080609,當選後與其公務有關之費用支出,計程車,,0.00,215.00,搭乘交通工具支出,金錢,,2759*****,
208,吳世正,107年直轄市議員選舉,第一次賸餘,1080609,當選後與其公務有關之費用支出,名創優品,72975727,0.00,501.00,雜項購置或修繕費用,金錢,,,
209,吳世正,107年直轄市議員選舉,第一次賸餘,1080611,當選後與其公務有關之費用支出,計程車,,0.00,365.00,搭乘交通工具支出,金錢,,2759*****,
210,吳世正,107年直轄市議員選舉,第一次賸餘,1080611,當選後與其公務有關之費用支出,全國加油站,80981785,0.00,1008.00,油資,金錢,,,
211,吳世正,107年直轄市議員選舉,第一次賸餘,1080612,當選後與其公務有關之費用支出,力點廣告設備,22714277,0.00,1155.00,雜項購置或修繕費用,金錢,,,
212,吳世正,107年直轄市議員選舉,第一次賸餘,1080612,當選後與其公務有關之費用支出,勝利加油站,25505956,0.00,500.00,油資,金錢,,,
213,吳世正,107年直轄市議員選舉,第一次賸餘,1080613,當選後與其公務有關之費用支出,北市停管處,,0.00,120.00,停車費,金錢,,2726*****,
214,吳世正,107年直轄市議員選舉,第一次賸餘,1080614,當選後與其公務有關之費用支出,全國加油站,09734449,0.00,955.00,油資,金錢,,,
215,吳世正,107年直轄市議員選舉,第一次賸餘,1080614,當選後與其公務有關之費用支出,中華電信(股),81691784,0.00,718.00,電信費用,金錢,,,
216,吳世正,107年直轄市議員選舉,第一次賸餘,1080616,當選後與其公務有關之費用支出,墊腳石圖書,12852736,0.00,748.00,文具用品費用,金錢,,,
217,吳世正,107年直轄市議員選舉,第一次賸餘,1080617,當選後與其公務有關之費用支出,北市停管處,,0.00,130.00,停車費,金錢,,2726*****,
218,吳世正,107年直轄市議員選舉,第一次賸餘,1080618,當選後與其公務有關之費用支出,台灣中油,08590459,0.00,300.00,油資,金錢,,,
219,吳世正,107年直轄市議員選舉,第一次賸餘,1080618,當選後與其公務有關之費用支出,全國加油站,09734449,0.00,2052.00,油資,金錢,,,
220,吳世正,107年直轄市議員選舉,第一次賸餘,1080619,當選後與其公務有關之費用支出,中華電信(股),81691784,0.00,100.00,電信費用,金錢,,,
221,吳世正,107年直轄市議員選舉,第一次賸餘,1080620,當選後與其公務有關之費用支出,計程車,,0.00,395.00,搭乘交通工具支出,金錢,,2759*****,
222,吳世正,107年直轄市議員選舉,第一次賸餘,1080621,當選後與其公務有關之費用支出,統一速達,25635753,0.00,130.00,雜項購置或修繕費用,金錢,,,
223,吳世正,107年直轄市議員選舉,第一次賸餘,1080622,當選後與其公務有關之費用支出,王家小館,72968346,0.00,620.00,餐飲費用,金錢,,,
224,吳世正,107年直轄市議員選舉,第一次賸餘,1080623,當選後與其公務有關之費用支出,安利美特公司,70839579,0.00,558.00,書報雜誌費用,金錢,,,
225,吳世正,107年直轄市議員選舉,第一次賸餘,1080625,當選後與其公務有關之費用支出,計程車,,0.00,295.00,搭乘交通工具支出,金錢,,2759*****,
226,吳世正,107年直轄市議員選舉,第一次賸餘,1080625,當選後與其公務有關之費用支出,全國加油站,09734449,0.00,2399.00,油資,金錢,,,
227,吳世正,107年直轄市議員選舉,第一次賸餘,1080626,當選後與其公務有關之費用支出,計程車,,0.00,135.00,搭乘交通工具支出,金錢,,2759*****,
228,吳世正,107年直轄市議員選舉,第一次賸餘,1080626,當選後與其公務有關之費用支出,全家便利商店,23060248,0.00,100.00,雜項購置或修繕費用,金錢,,,
229,吳世正,107年直轄市議員選舉,第一次賸餘,1080627,當選後與其公務有關之費用支出,計程車,,0.00,165.00,搭乘交通工具支出,金錢,,2759*****,
230,吳世正,107年直轄市議員選舉,第一次賸餘,1080627,當選後與其公務有關之費用支出,北市自來水處,03774909,0.00,379.00,水電瓦斯費用,金錢,,,
231,吳世正,107年直轄市議員選舉,第一次賸餘,1080627,當選後與其公務有關之費用支出,10元超值屋,14744880,0.00,170.00,雜項購置或修繕費用,金錢,,,
232,吳世正,107年直轄市議員選舉,第一次賸餘,1080627,當選後與其公務有關之費用支出,家福(股)公司,23928558,0.00,2423.00,餐飲費用,金錢,,,
233,吳世正,107年直轄市議員選舉,第一次賸餘,1080627,當選後與其公務有關之費用支出,勝昌五金材料,26195963,0.00,285.00,雜項購置或修繕費用,金錢,,,
234,吳世正,107年直轄市議員選舉,第一次賸餘,1080627,當選後與其公務有關之費用支出,台灣電力公司,31096199,0.00,607.00,水電瓦斯費用,金錢,,,
235,吳世正,107年直轄市議員選舉,第一次賸餘,1080627,當選後與其公務有關之費用支出,誠品生活,54346613,0.00,920.00,書報雜誌費用,金錢,,,
236,吳世正,107年直轄市議員選舉,第一次賸餘,1080628,當選後與其公務有關之費用支出,計程車,,0.00,400.00,搭乘交通工具支出,金錢,,2759*****,
237,吳世正,107年直轄市議員選舉,第一次賸餘,1080629,當選後與其公務有關之費用支出,飛璜開發公司,42478053,0.00,75.00,停車費,金錢,,,
238,吳世正,107年直轄市議員選舉,第一次賸餘,1080630,當選後與其公務有關之費用支出,台亞加油站,09663232,0.00,687.00,油資,金錢,,,
239,吳世正,107年直轄市議員選舉,第一次賸餘,1080630,當選後與其公務有關之費用支出,台灣聯通,31902686,0.00,210.00,停車費,金錢,,,
240,吳世正,107年直轄市議員選舉,第一次賸餘,1080630,當選後與其公務有關之費用支出,遠傳電信,97179430,0.00,1186.00,電信費用,金錢,,,
241,吳世正,107年直轄市議員選舉,第一次賸餘,1080702,當選後與其公務有關之費用支出,計程車,,0.00,100.00,搭乘交通工具支出,金錢,,8965*****,
242,吳世正,107年直轄市議員選舉,第一次賸餘,1080702,當選後與其公務有關之費用支出,計程車,,0.00,100.00,搭乘交通工具支出,金錢,,2759*****,
243,吳世正,107年直轄市議員選舉,第一次賸餘,1080702,當選後與其公務有關之費用支出,全國加油站,09734449,0.00,1359.00,油資,金錢,,,
244,吳世正,107年直轄市議員選舉,第一次賸餘,1080702,當選後與其公務有關之費用支出,特力屋,70762797,0.00,134.00,雜項購置或修繕費用,金錢,,,
245,吳世正,107年直轄市議員選舉,第一次賸餘,1080703,當選後與其公務有關之費用支出,計程車,,0.00,145.00,搭乘交通工具支出,金錢,,2759*****,
246,吳世正,107年直轄市議員選舉,第一次賸餘,1080703,當選後與其公務有關之費用支出,普客二四停車場,28858068,0.00,45.00,停車費,金錢,,,
247,吳世正,107年直轄市議員選舉,第一次賸餘,1080703,當選後與其公務有關之費用支出,中華電信(股),81691784,0.00,302.00,電信費用,金錢,,,
248,吳世正,107年直轄市議員選舉,第一次賸餘,1080704,當選後與其公務有關之費用支出,計程車,,0.00,230.00,搭乘交通工具支出,金錢,,8965*****,
249,吳世正,107年直轄市議員選舉,第一次賸餘,1080704,當選後與其公務有關之費用支出,北市停管處,,0.00,155.00,停車費,金錢,,2759*****,
250,吳世正,107年直轄市議員選舉,第一次賸餘,1080704,當選後與其公務有關之費用支出,全國加油站,09734449,0.00,650.00,油資,金錢,,,
251,吳世正,107年直轄市議員選舉,第一次賸餘,1080705,當選後與其公務有關之費用支出,亞太電信,70771579,0.00,1269.00,電信費用,金錢,,,
252,吳世正,107年直轄市議員選舉,第一次賸餘,1080707,當選後與其公務有關之費用支出,富陽街加油站,01802176,0.00,491.00,油資,金錢,,,
253,吳世正,107年直轄市議員選舉,第一次賸餘,1080707,當選後與其公務有關之費用支出,台亞加油站,09663232,0.00,625.00,油資,金錢,,,
254,吳世正,107年直轄市議員選舉,第一次賸餘,1080709,當選後與其公務有關之費用支出,全國加油站,09734449,0.00,1283.00,油資,金錢,,,
255,吳世正,107年直轄市議員選舉,第一次賸餘,1080709,當選後與其公務有關之費用支出,全國加油站,80981785,0.00,618.00,油資,金錢,,,
256,吳世正,107年直轄市議員選舉,第一次賸餘,1080712,當選後與其公務有關之費用支出,寶盛國際,74434109,0.00,70.00,停車費,金錢,,,
257,吳世正,107年直轄市議員選舉,第一次賸餘,1080712,當選後與其公務有關之費用支出,中華電信(股),81691784,0.00,1189.00,電信費用,金錢,,,
258,吳世正,107年直轄市議員選舉,第一次賸餘,1080713,當選後與其公務有關之費用支出,誠品生活,53754169,0.00,280.00,文具用品費用,金錢,,,
259,吳世正,107年直轄市議員選舉,第一次賸餘,1080714,當選後與其公務有關之費用支出,潤泰旭展,28449085,0.00,3373.00,餐飲支出,金錢,,,
260,吳世正,107年直轄市議員選舉,第一次賸餘,1080714,當選後與其公務有關之費用支出,遠傳電信,38532908,0.00,5990.00,雜項購置或修繕費用,金錢,,,
261,吳世正,107年直轄市議員選舉,第一次賸餘,1080714,當選後與其公務有關之費用支出,日月亭(股),42305790,0.00,60.00,停車費,金錢,,,
262,吳世正,107年直轄市議員選舉,第一次賸餘,1080716,當選後與其公務有關之費用支出,菓風小舖,37760811,0.00,570.00,餐飲費用,金錢,,,
263,吳世正,107年直轄市議員選舉,第一次賸餘,1080716,當選後與其公務有關之費用支出,特力屋,70762797,0.00,1081.00,雜項購置或修繕費用,金錢,,,
264,吳世正,107年直轄市議員選舉,第一次賸餘,1080716,當選後與其公務有關之費用支出,順寶企業社,85188933,0.00,1450.00,餐飲費用,金錢,,,
265,吳世正,107年直轄市議員選舉,第一次賸餘,1080716,當選後與其公務有關之費用支出,金車股份公司,89391775,0.00,2575.00,餐飲費用,金錢,,,
266,吳世正,107年直轄市議員選舉,第一次賸餘,1080717,當選後與其公務有關之費用支出,百信書局,01761479,0.00,336.00,書報雜誌費用,金錢,,,
267,吳世正,107年直轄市議員選舉,第一次賸餘,1080717,當選後與其公務有關之費用支出,嚴選名膜公司,13003579,0.00,888.00,雜項購置或修繕費用,金錢,,,
268,吳世正,107年直轄市議員選舉,第一次賸餘,1080717,當選後與其公務有關之費用支出,全國加油站,17766268,0.00,537.00,油資,金錢,,,
269,吳世正,107年直轄市議員選舉,第一次賸餘,1080717,當選後與其公務有關之費用支出,海底撈火鍋,58493538,0.00,3000.00,餐飲費用,金錢,,,
270,吳世正,107年直轄市議員選舉,第一次賸餘,1080721,當選後與其公務有關之費用支出,四海加油站,84246529,0.00,574.00,油資,金錢,,,
271,吳世正,107年直轄市議員選舉,第一次賸餘,1080723,當選後與其公務有關之費用支出,全國加油站,09734449,0.00,540.00,油資,金錢,,,
272,吳世正,107年直轄市議員選舉,第一次賸餘,1080723,當選後與其公務有關之費用支出,三灃企業,28443054,0.00,2525.00,餐飲費用,金錢,,,
273,吳世正,107年直轄市議員選舉,第一次賸餘,1080724,當選後與其公務有關之費用支出,全國加油站,09734449,0.00,611.00,油資,金錢,,,
274,吳世正,107年直轄市議員選舉,第一次賸餘,1080726,當選後與其公務有關之費用支出,全國加油站,09734449,0.00,1055.00,油資,金錢,,,
275,吳世正,107年直轄市議員選舉,第一次賸餘,1080726,當選後與其公務有關之費用支出,叭叭房停車,42307501,0.00,40.00,停車費,金錢,,,
276,吳世正,107年直轄市議員選舉,第一次賸餘,1080727,當選後與其公務有關之費用支出,全國加油站,17766268,0.00,630.00,油資,金錢,,,
277,吳世正,107年直轄市議員選舉,第一次賸餘,1080730,當選後與其公務有關之費用支出,全國加油站,09734449,0.00,1525.00,油資,金錢,,,
278,吳世正,107年直轄市議員選舉,第一次賸餘,1080730,當選後與其公務有關之費用支出,家福(股)公司,27257881,0.00,2220.00,文康活動費用,金錢,,,
279,吳世正,107年直轄市議員選舉,第一次賸餘,1080730,當選後與其公務有關之費用支出,正好停股份公司,72956828,0.00,160.00,停車費,金錢,,,
280,吳世正,107年直轄市議員選舉,第一次賸餘,1080730,當選後與其公務有關之費用支出,全國加油站,80981785,0.00,537.00,油資,金錢,,,
281,吳世正,107年直轄市議員選舉,第一次賸餘,1080731,當選後與其公務有關之費用支出,計程車,,0.00,145.00,搭乘交通工具支出,金錢,,2759*****,
282,吳世正,107年直轄市議員選舉,第一次賸餘,1080801,當選後與其公務有關之費用支出,北市停管處,,0.00,120.00,停車費,金錢,,2759*****,
283,吳世正,107年直轄市議員選舉,第一次賸餘,1080801,當選後與其公務有關之費用支出,全國加油站,80981785,0.00,638.00,油資,金錢,,,
284,吳世正,107年直轄市議員選舉,第一次賸餘,1080802,當選後與其公務有關之費用支出,計程車,,0.00,75.00,搭乘交通工具支出,金錢,,2759*****,
285,吳世正,107年直轄市議員選舉,第一次賸餘,1080802,當選後與其公務有關之費用支出,計程車,,0.00,350.00,搭乘交通工具支出,金錢,,2792*****,
286,吳世正,107年直轄市議員選舉,第一次賸餘,1080803,當選後與其公務有關之費用支出,台灣菸酒(股)公司,04131503,0.00,60.00,停車費,金錢,,,
287,吳世正,107年直轄市議員選舉,第一次賸餘,1080803,當選後與其公務有關之費用支出,榮帝八德所,42454539,0.00,50.00,停車費,金錢,,,
288,吳世正,107年直轄市議員選舉,第一次賸餘,1080803,當選後與其公務有關之費用支出,遠傳電信,97179430,0.00,1869.00,電信費用,金錢,,,
289,吳世正,107年直轄市議員選舉,第一次賸餘,1080804,當選後與其公務有關之費用支出,俥亭停車,70369154,0.00,125.00,停車費,金錢,,,
290,吳世正,107年直轄市議員選舉,第一次賸餘,1080804,當選後與其公務有關之費用支出,亞太電信,70771579,0.00,1207.00,電信費用,金錢,,,
291,吳世正,107年直轄市議員選舉,第一次賸餘,1080804,當選後與其公務有關之費用支出,中華電信(股),81691784,0.00,822.00,電信費用,金錢,,,
292,吳世正,107年直轄市議員選舉,第一次賸餘,1080805,當選後與其公務有關之費用支出,台灣中油,08590459,0.00,389.00,油資,金錢,,,
293,吳世正,107年直轄市議員選舉,第一次賸餘,1080805,當選後與其公務有關之費用支出,全國加油站,09734449,0.00,555.00,油資,金錢,,,
294,吳世正,107年直轄市議員選舉,第一次賸餘,1080805,當選後與其公務有關之費用支出,日月亭(股),42305790,0.00,135.00,停車費,金錢,,,
295,吳世正,107年直轄市議員選舉,第一次賸餘,1080805,當選後與其公務有關之費用支出,遠傳電信,97179430,0.00,1365.00,電信費用,金錢,,,
296,吳世正,107年直轄市議員選舉,第一次賸餘,1080806,當選後與其公務有關之費用支出,台灣中油,08590465,0.00,490.00,油資,金錢,,,
297,吳世正,107年直轄市議員選舉,第一次賸餘,1080806,當選後與其公務有關之費用支出,全國加油站,09734449,0.00,940.00,油資,金錢,,,
298,吳世正,107年直轄市議員選舉,第一次賸餘,1080807,當選後與其公務有關之費用支出,北市停管處,,0.00,75.00,停車費,金錢,,2759*****,
299,吳世正,107年直轄市議員選舉,第一次賸餘,1080807,當選後與其公務有關之費用支出,全國加油站,09734449,0.00,1508.00,油資,金錢,,,
300,吳世正,107年直轄市議員選舉,第一次賸餘,1080807,當選後與其公務有關之費用支出,長欣汽車保養所,13473092,0.00,1650.00,雜項購置或修繕費用,金錢,,,
301,吳世正,107年直轄市議員選舉,第一次賸餘,1080807,當選後與其公務有關之費用支出,台北花卉公司,22957668,0.00,30.00,停車費,金錢,,,
302,吳世正,107年直轄市議員選舉,第一次賸餘,1080808,當選後與其公務有關之費用支出,劍潭活動中心,04124221,0.00,45.00,停車費,金錢,,,
303,吳世正,107年直轄市議員選舉,第一次賸餘,1080808,當選後與其公務有關之費用支出,達美樂披薩,89282066,0.00,1449.00,聯誼交際費用,金錢,,,
304,吳世正,107年直轄市議員選舉,第一次賸餘,1080809,當選後與其公務有關之費用支出,北基國際,72613491,0.00,654.00,油資,金錢,,,
305,吳世正,107年直轄市議員選舉,第一次賸餘,1080810,當選後與其公務有關之費用支出,治磐社區管委會,,0.00,3000.00,為民服務費用,金錢,,2797*****,
306,吳世正,107年直轄市議員選舉,第一次賸餘,1080812,當選後與其公務有關之費用支出,中華電信(股),81691784,0.00,120.00,電信費用,金錢,,,
307,吳世正,107年直轄市議員選舉,第一次賸餘,1080813,當選後與其公務有關之費用支出,台灣中油,08590459,0.00,297.00,油資,金錢,,,
308,吳世正,107年直轄市議員選舉,第一次賸餘,1080813,當選後與其公務有關之費用支出,台北文創開發公司,28973905,0.00,140.00,停車費,金錢,,,
309,吳世正,107年直轄市議員選舉,第一次賸餘,1080813,當選後與其公務有關之費用支出,北基國際,72613491,0.00,669.00,油資,金錢,,,
310,吳世正,107年直轄市議員選舉,第一次賸餘,1080813,當選後與其公務有關之費用支出,全國加油站,80981785,0.00,468.00,油資,金錢,,,
311,吳世正,107年直轄市議員選舉,第一次賸餘,1080814,當選後與其公務有關之費用支出,全國加油站,09734449,0.00,1364.00,油資,金錢,,,
312,吳世正,107年直轄市議員選舉,第一次賸餘,1080814,當選後與其公務有關之費用支出,長佳機電,42531515,0.00,15.00,停車費,金錢,,,
313,吳世正,107年直轄市議員選舉,第一次賸餘,1080815,當選後與其公務有關之費用支出,北市停管處,,0.00,100.00,停車費,金錢,,2759*****,
314,吳世正,107年直轄市議員選舉,第一次賸餘,1080815,當選後與其公務有關之費用支出,普客二四停車場,28858068,0.00,40.00,停車費,金錢,,,
315,吳世正,107年直轄市議員選舉,第一次賸餘,1080816,當選後與其公務有關之費用支出,計程車,,0.00,170.00,搭乘交通工具支出,金錢,,2759*****,
316,吳世正,107年直轄市議員選舉,第一次賸餘,1080816,當選後與其公務有關之費用支出,全國加油站,09734449,0.00,379.00,油資,金錢,,,
317,吳世正,107年直轄市議員選舉,第一次賸餘,1080816,當選後與其公務有關之費用支出,埔里龍山泉實業(股)公司,86760042,0.00,31752.00,文康活動費用,金錢,南投縣埔里鎮****,,
318,吳世正,107年直轄市議員選舉,第一次賸餘,1080818,當選後與其公務有關之費用支出,台亞加油站,09663232,0.00,529.00,油資,金錢,,,
319,吳世正,107年直轄市議員選舉,第一次賸餘,1080819,當選後與其公務有關之費用支出,計程車,,0.00,190.00,搭乘交通工具支出,金錢,,2759*****,
320,吳世正,107年直轄市議員選舉,第一次賸餘,1080819,當選後與其公務有關之費用支出,台灣中油,08590465,0.00,296.00,油資,金錢,,,
321,吳世正,107年直轄市議員選舉,第一次賸餘,1080820,當選後與其公務有關之費用支出,全國加油站,09734449,0.00,1409.00,油資,金錢,,,
322,吳世正,107年直轄市議員選舉,第一次賸餘,1080820,當選後與其公務有關之費用支出,全國加油站,80981785,0.00,985.00,油資,金錢,,,
323,吳世正,107年直轄市議員選舉,第一次賸餘,1080821,當選後與其公務有關之費用支出,全國加油站,09734449,0.00,644.00,油資,金錢,,,
324,吳世正,107年直轄市議員選舉,第一次賸餘,1080821,當選後與其公務有關之費用支出,樂生活商行,26355060,0.00,104.00,文具用品費用,金錢,,,
325,吳世正,107年直轄市議員選舉,第一次賸餘,1080821,當選後與其公務有關之費用支出,金焱布納公司,82886999,0.00,880.00,餐飲費用,金錢,,,
326,吳世正,107年直轄市議員選舉,第一次賸餘,1080822,當選後與其公務有關之費用支出,計程車,,0.00,395.00,搭乘交通工具支出,金錢,,2759*****,
327,吳世正,107年直轄市議員選舉,第一次賸餘,1080824,當選後與其公務有關之費用支出,計程車,,0.00,215.00,搭乘交通工具支出,金錢,,8965*****,
328,吳世正,107年直轄市議員選舉,第一次賸餘,1080824,當選後與其公務有關之費用支出,松昌商店,04782239,0.00,1200.00,餐飲費用,金錢,,,
329,吳世正,107年直轄市議員選舉,第一次賸餘,1080824,當選後與其公務有關之費用支出,全國加油站,17766268,0.00,636.00,油資,金錢,,,
330,吳世正,107年直轄市議員選舉,第一次賸餘,1080825,當選後與其公務有關之費用支出,萬珍樓餐廳,21761292,0.00,1580.00,餐飲費用,金錢,,,
331,吳世正,107年直轄市議員選舉,第一次賸餘,1080825,當選後與其公務有關之費用支出,永固便利停車,23959144,0.00,80.00,停車費,金錢,,,
332,吳世正,107年直轄市議員選舉,第一次賸餘,1080827,當選後與其公務有關之費用支出,計程車,,0.00,190.00,搭乘交通工具支出,金錢,,2759*****,
333,吳世正,107年直轄市議員選舉,第一次賸餘,1080827,當選後與其公務有關之費用支出,大日開發,42302718,0.00,75.00,停車費,金錢,,,
334,吳世正,107年直轄市議員選舉,第一次賸餘,1080827,當選後與其公務有關之費用支出,全國加油站,80981785,0.00,394.00,油資,金錢,,,
335,吳世正,107年直轄市議員選舉,第一次賸餘,1080828,當選後與其公務有關之費用支出,計程車,,0.00,135.00,搭乘交通工具支出,金錢,,2759*****,
336,吳世正,107年直轄市議員選舉,第一次賸餘,1080828,當選後與其公務有關之費用支出,全國加油站,09734449,0.00,1500.00,油資,金錢,,,
337,吳世正,107年直轄市議員選舉,第一次賸餘,1080829,當選後與其公務有關之費用支出,全國加油站,09734449,0.00,625.00,油資,金錢,,,
338,吳世正,107年直轄市議員選舉,第一次賸餘,1080829,當選後與其公務有關之費用支出,家福(股)公司,23928558,0.00,5136.00,文康活動費用,金錢,,,
339,吳世正,107年直轄市議員選舉,第一次賸餘,1080829,當選後與其公務有關之費用支出,享洲有限公司,25120777,0.00,240.00,文具用品費用,金錢,,,
340,吳世正,107年直轄市議員選舉,第一次賸餘,1080829,當選後與其公務有關之費用支出,宅配通,26663221,0.00,150.00,雜項購置或修繕費用,金錢,,,
341,吳世正,107年直轄市議員選舉,第一次賸餘,1080829,當選後與其公務有關之費用支出,中華電信(股),82335118,0.00,299.00,電信費用,金錢,,,
342,吳世正,107年直轄市議員選舉,第一次賸餘,1080830,當選後與其公務有關之費用支出,欣湖天然氣(股)公司,04779353,0.00,199.00,水電瓦斯費用,金錢,,,
343,吳世正,107年直轄市議員選舉,第一次賸餘,1080830,當選後與其公務有關之費用支出,家福(股)公司,23928558,0.00,7041.00,文康活動費用,金錢,,,
344,吳世正,107年直轄市議員選舉,第一次賸餘,1080830,當選後與其公務有關之費用支出,家福(股)公司,27257881,0.00,2290.00,文康活動費用,金錢,,,
345,吳世正,107年直轄市議員選舉,第一次賸餘,1080831,當選後與其公務有關之費用支出,全國加油站,17766268,0.00,544.00,油資,金錢,,,
346,吳世正,107年直轄市議員選舉,第一次賸餘,1080902,當選後與其公務有關之費用支出,吸引力生活事業,24329715,0.00,1538.00,餐飲費用,金錢,,,
347,吳世正,107年直轄市議員選舉,第一次賸餘,1080902,當選後與其公務有關之費用支出,清白藥局,97975870,0.00,900.00,雜項購置或修繕費用,金錢,,,
348,吳世正,107年直轄市議員選舉,第一次賸餘,1080903,當選後與其公務有關之費用支出,計程車,,0.00,590.00,搭乘交通工具支出,金錢,,2759*****,
349,吳世正,107年直轄市議員選舉,第一次賸餘,1080903,當選後與其公務有關之費用支出,台大校友會,05140016,0.00,60.00,停車費,金錢,,,
350,吳世正,107年直轄市議員選舉,第一次賸餘,1080903,當選後與其公務有關之費用支出,全國加油站,80981785,0.00,573.00,油資,金錢,,,
351,吳世正,107年直轄市議員選舉,第一次賸餘,1080904,當選後與其公務有關之費用支出,計程車,,0.00,70.00,搭乘交通工具支出,金錢,,2727*****,
352,吳世正,107年直轄市議員選舉,第一次賸餘,1080904,當選後與其公務有關之費用支出,北市自來水處,03774909,0.00,147.00,水電瓦斯費用,金錢,,,
353,吳世正,107年直轄市議員選舉,第一次賸餘,1080904,當選後與其公務有關之費用支出,亞太電信,70771579,0.00,1576.00,電信費用,金錢,,,
354,吳世正,107年直轄市議員選舉,第一次賸餘,1080904,當選後與其公務有關之費用支出,中華電信(股),81691784,0.00,316.00,電信費用,金錢,,,
355,吳世正,107年直轄市議員選舉,第一次賸餘,1080904,當選後與其公務有關之費用支出,遠傳電信,97179430,0.00,1992.00,電信費用,金錢,,,
356,吳世正,107年直轄市議員選舉,第一次賸餘,1080906,當選後與其公務有關之費用支出,北市停管處,,0.00,60.00,停車費,金錢,,2759*****,
357,吳世正,107年直轄市議員選舉,第一次賸餘,1080906,當選後與其公務有關之費用支出,全國加油站,09734449,0.00,958.00,油資,金錢,,,
358,吳世正,107年直轄市議員選舉,第一次賸餘,1080906,當選後與其公務有關之費用支出,全國加油站,17766268,0.00,539.00,油資,金錢,,,
359,吳世正,107年直轄市議員選舉,第一次賸餘,1080907,當選後與其公務有關之費用支出,博客停車,73671223,0.00,30.00,停車費,金錢,,,
360,吳世正,107年直轄市議員選舉,第一次賸餘,1080907,當選後與其公務有關之費用支出,遠傳電信,97179430,0.00,1837.00,電信費用,金錢,,,
361,吳世正,107年直轄市議員選舉,第一次賸餘,1080908,當選後與其公務有關之費用支出,全國加油站,17766268,0.00,604.00,油資,金錢,,,
362,吳世正,107年直轄市議員選舉,第一次賸餘,1080909,當選後與其公務有關之費用支出,全國加油站,09734449,0.00,892.00,油資,金錢,,,
363,吳世正,107年直轄市議員選舉,第一次賸餘,1080910,當選後與其公務有關之費用支出,全國加油站,09734449,0.00,778.00,油資,金錢,,,
364,吳世正,107年直轄市議員選舉,第一次賸餘,1080911,當選後與其公務有關之費用支出,全國加油站,09734449,0.00,1365.00,油資,金錢,,,
365,吳世正,107年直轄市議員選舉,第一次賸餘,1080911,當選後與其公務有關之費用支出,中華電信(股),81691784,0.00,138.00,電信費用,金錢,,,
366,吳世正,107年直轄市議員選舉,第一次賸餘,1080912,當選後與其公務有關之費用支出,全國加油站,17766268,0.00,548.00,油資,金錢,,,
367,吳世正,107年直轄市議員選舉,第一次賸餘,1080916,當選後與其公務有關之費用支出,日月亭(股),42305790,0.00,90.00,停車費,金錢,,,
368,吳世正,107年直轄市議員選舉,第一次賸餘,1080916,當選後與其公務有關之費用支出,名星印刷廠,97087214,0.00,1100.00,雜項購置或修繕費用,金錢,,,
369,吳世正,107年直轄市議員選舉,第一次賸餘,1080917,當選後與其公務有關之費用支出,台灣中油,01113283,0.00,300.00,油資,金錢,,,
370,吳世正,107年直轄市議員選舉,第一次賸餘,1080917,當選後與其公務有關之費用支出,全國加油站,80981785,0.00,264.00,油資,金錢,,,
371,吳世正,107年直轄市議員選舉,第一次賸餘,1080919,當選後與其公務有關之費用支出,全國加油站,17766268,0.00,597.00,油資,金錢,,,
372,吳世正,107年直轄市議員選舉,第一次賸餘,1080919,當選後與其公務有關之費用支出,叭叭房停車,42307501,0.00,60.00,停車費,金錢,,,
373,吳世正,107年直轄市議員選舉,第一次賸餘,1080919,當選後與其公務有關之費用支出,合點壽司,50773022,0.00,2429.00,聯誼交際費用,金錢,,,
374,吳世正,107年直轄市議員選舉,第一次賸餘,1080919,當選後與其公務有關之費用支出,震怡(股)有限公司,80516562,0.00,4114.00,餐飲費用,金錢,,,
375,吳世正,107年直轄市議員選舉,第一次賸餘,1080921,當選後與其公務有關之費用支出,台灣中油,08590444,0.00,339.00,油資,金錢,,,
376,吳世正,107年直轄市議員選舉,第一次賸餘,1080924,當選後與其公務有關之費用支出,郵局,,0.00,52.00,雜項購置或修繕費用,金錢,,2729*****,
377,吳世正,107年直轄市議員選舉,第一次賸餘,1080924,當選後與其公務有關之費用支出,全國加油站,80981785,0.00,542.00,油資,金錢,,,
378,吳世正,107年直轄市議員選舉,第一次賸餘,1080925,當選後與其公務有關之費用支出,台亞加油站,09663232,0.00,625.00,油資,金錢,,,
379,吳世正,107年直轄市議員選舉,第一次賸餘,1080925,當選後與其公務有關之費用支出,全國加油站,09734449,0.00,1498.00,油資,金錢,,,
380,吳世正,107年直轄市議員選舉,第一次賸餘,1080925,當選後與其公務有關之費用支出,中信停車,72967542,0.00,50.00,停車費,金錢,,,
381,吳世正,107年直轄市議員選舉,第一次賸餘,1080926,當選後與其公務有關之費用支出,聖元文具行,81675193,0.00,23.00,文具用品費用,金錢,,,
382,吳世正,107年直轄市議員選舉,第一次賸餘,1080928,當選後與其公務有關之費用支出,全國加油站,17766268,0.00,591.00,油資,金錢,,,
383,吳世正,107年直轄市議員選舉,第一次賸餘,1080930,當選後與其公務有關之費用支出,台灣中油,01802112,0.00,300.00,油資,金錢,,,
384,吳世正,107年直轄市議員選舉,第一次賸餘,1080930,當選後與其公務有關之費用支出,橘焱國際,24802640,0.00,1210.00,餐飲費用,金錢,,,
385,吳世正,107年直轄市議員選舉,第一次賸餘,1081001,當選後與其公務有關之費用支出,計程車,,0.00,175.00,搭乘交通工具支出,金錢,,8965*****,
386,吳世正,107年直轄市議員選舉,第一次賸餘,1081001,當選後與其公務有關之費用支出,全國加油站,80981785,0.00,803.00,油資,金錢,,,
387,吳世正,107年直轄市議員選舉,第一次賸餘,1081002,當選後與其公務有關之費用支出,全國加油站,09734449,0.00,1550.00,油資,金錢,,,
388,吳世正,107年直轄市議員選舉,第一次賸餘,1081002,當選後與其公務有關之費用支出,台北文創開發公司,28973905,0.00,120.00,停車費,金錢,,,
389,吳世正,107年直轄市議員選舉,第一次賸餘,1081002,當選後與其公務有關之費用支出,誠品生活,54346613,0.00,528.00,書報雜誌費用,金錢,,,
390,吳世正,107年直轄市議員選舉,第一次賸餘,1081003,當選後與其公務有關之費用支出,德吉儀器,16764087,0.00,200.00,雜項購置或修繕費用,金錢,,,
391,吳世正,107年直轄市議員選舉,第一次賸餘,1081003,當選後與其公務有關之費用支出,全國加油站,17766268,0.00,608.00,油資,金錢,,,
392,吳世正,107年直轄市議員選舉,第一次賸餘,1081003,當選後與其公務有關之費用支出,中華電信(股),81691784,0.00,321.00,電信費用,金錢,,,
393,吳世正,107年直轄市議員選舉,第一次賸餘,1081005,當選後與其公務有關之費用支出,計程車,,0.00,240.00,搭乘交通工具支出,金錢,,2759*****,
394,吳世正,107年直轄市議員選舉,第一次賸餘,1081005,當選後與其公務有關之費用支出,聯永物業,76332303,0.00,70.00,停車費,金錢,,,
395,吳世正,107年直轄市議員選舉,第一次賸餘,1081005,當選後與其公務有關之費用支出,遠傳電信,97179430,0.00,1466.00,電信費用,金錢,,,
396,吳世正,107年直轄市議員選舉,第一次賸餘,1081006,當選後與其公務有關之費用支出,全國加油站,09734449,0.00,586.00,油資,金錢,,,
397,吳世正,107年直轄市議員選舉,第一次賸餘,1081006,當選後與其公務有關之費用支出,聯永物業,25602319,0.00,30.00,停車費,金錢,,,
398,吳世正,107年直轄市議員選舉,第一次賸餘,1081006,當選後與其公務有關之費用支出,大潤發流通事業(股),80030723,0.00,2316.00,餐飲費用,金錢,,,
399,吳世正,107年直轄市議員選舉,第一次賸餘,1081006,當選後與其公務有關之費用支出,京華成股份公司,97170634,0.00,40.00,停車費,金錢,,,
400,吳世正,107年直轄市議員選舉,第一次賸餘,1081007,當選後與其公務有關之費用支出,台灣中油,01113283,0.00,300.00,油資,金錢,,,
401,吳世正,107年直轄市議員選舉,第一次賸餘,1081008,當選後與其公務有關之費用支出,全國加油站,09734449,0.00,1493.00,油資,金錢,,,
402,吳世正,107年直轄市議員選舉,第一次賸餘,1081008,當選後與其公務有關之費用支出,明榮駿汽車,22173976,0.00,300.00,雜項購置或修繕費用,金錢,,,
403,吳世正,107年直轄市議員選舉,第一次賸餘,1081008,當選後與其公務有關之費用支出,全國加油站,80981785,0.00,520.00,油資,金錢,,,
404,吳世正,107年直轄市議員選舉,第一次賸餘,1081010,當選後與其公務有關之費用支出,磐石坊公司,52921864,0.00,2035.00,餐飲費用,金錢,,,
405,吳世正,107年直轄市議員選舉,第一次賸餘,1081011,當選後與其公務有關之費用支出,計程車,,0.00,375.00,搭乘交通工具支出,金錢,,8965*****,
406,吳世正,107年直轄市議員選舉,第一次賸餘,1081011,當選後與其公務有關之費用支出,麟旺興業,82200717,0.00,80.00,停車費,金錢,,,
407,吳世正,107年直轄市議員選舉,第一次賸餘,1081014,當選後與其公務有關之費用支出,亞太電信,70771579,0.00,1255.00,電信費用,金錢,,,
408,吳世正,107年直轄市議員選舉,第一次賸餘,1081014,當選後與其公務有關之費用支出,中華電信(股),81691784,0.00,132.00,電信費用,金錢,,,
409,吳世正,107年直轄市議員選舉,第一次賸餘,1081014,當選後與其公務有關之費用支出,京宣企業,89977039,0.00,721.00,餐飲費用,金錢,,,
410,吳世正,107年直轄市議員選舉,第一次賸餘,1081015,當選後與其公務有關之費用支出,郵局,,0.00,51.00,電信費用,金錢,,2729*****,
411,吳世正,107年直轄市議員選舉,第一次賸餘,1081015,當選後與其公務有關之費用支出,全國加油站,80981785,0.00,492.00,油資,金錢,,,
412,吳世正,107年直轄市議員選舉,第一次賸餘,1081016,當選後與其公務有關之費用支出,交通部公路總局,,0.00,200.00,雜項購置或修繕費用,金錢,,4126*****,
413,吳世正,107年直轄市議員選舉,第一次賸餘,1081016,當選後與其公務有關之費用支出,全國加油站,09734449,0.00,1722.00,油資,金錢,,,
414,吳世正,107年直轄市議員選舉,第一次賸餘,1081016,當選後與其公務有關之費用支出,大日開發,42302718,0.00,90.00,停車費,金錢,,,
415,吳世正,107年直轄市議員選舉,第一次賸餘,1081017,當選後與其公務有關之費用支出,計程車,,0.00,525.00,搭乘交通工具支出,金錢,,2759*****,
416,吳世正,107年直轄市議員選舉,第一次賸餘,1081018,當選後與其公務有關之費用支出,欣湖天然氣(股)公司,04779353,0.00,123.00,水電瓦斯費用,金錢,,,
417,吳世正,107年直轄市議員選舉,第一次賸餘,1081018,當選後與其公務有關之費用支出,全國加油站,09734449,0.00,1380.00,油資,金錢,,,
418,吳世正,107年直轄市議員選舉,第一次賸餘,1081018,當選後與其公務有關之費用支出,台大臨時停車場,18384226,0.00,30.00,停車費,金錢,,,
419,吳世正,107年直轄市議員選舉,第一次賸餘,1081018,當選後與其公務有關之費用支出,正好停股份公司,74700921,0.00,60.00,停車費,金錢,,,
420,吳世正,107年直轄市議員選舉,第一次賸餘,1081018,當選後與其公務有關之費用支出,大潤發流通事業(股),80030723,0.00,888.00,雜項購置或修繕費用,金錢,,,
421,吳世正,107年直轄市議員選舉,第一次賸餘,1081019,當選後與其公務有關之費用支出,全國加油站,09734449,0.00,570.00,油資,金錢,,,
422,吳世正,107年直轄市議員選舉,第一次賸餘,1081020,當選後與其公務有關之費用支出,全國加油站,09734449,0.00,478.00,油資,金錢,,,
423,吳世正,107年直轄市議員選舉,第一次賸餘,1081020,當選後與其公務有關之費用支出,千里亭公司,76330403,0.00,175.00,停車費,金錢,,,
424,吳世正,107年直轄市議員選舉,第一次賸餘,1081021,當選後與其公務有關之費用支出,計程車,,0.00,75.00,搭乘交通工具支出,金錢,,2759*****,
425,吳世正,107年直轄市議員選舉,第一次賸餘,1081021,當選後與其公務有關之費用支出,榮帝昆陽場,73654527,0.00,30.00,停車費,金錢,,,
426,吳世正,107年直轄市議員選舉,第一次賸餘,1081022,當選後與其公務有關之費用支出,全國加油站,09734449,0.00,520.00,油資,金錢,,,
427,吳世正,107年直轄市議員選舉,第一次賸餘,1081022,當選後與其公務有關之費用支出,全國加油站,80981785,0.00,493.00,油資,金錢,,,
428,吳世正,107年直轄市議員選舉,第一次賸餘,1081022,當選後與其公務有關之費用支出,驛站汽車商行,81774139,0.00,6900.00,雜項購置或修繕費用,金錢,,,
429,吳世正,107年直轄市議員選舉,第一次賸餘,1081022,當選後與其公務有關之費用支出,遠傳電信,97179430,0.00,1004.00,電信費用,金錢,,,
430,吳世正,107年直轄市議員選舉,第一次賸餘,1081024,當選後與其公務有關之費用支出,計程車,,0.00,415.00,搭乘交通工具支出,金錢,,2759*****,
431,吳世正,107年直轄市議員選舉,第一次賸餘,1081024,當選後與其公務有關之費用支出,台亞加油站,09663232,0.00,565.00,油資,金錢,,,
432,吳世正,107年直轄市議員選舉,第一次賸餘,1081025,當選後與其公務有關之費用支出,台灣中油,01665932,0.00,683.00,油資,金錢,,,
433,吳世正,107年直轄市議員選舉,第一次賸餘,1081026,當選後與其公務有關之費用支出,全國加油站,17766268,0.00,559.00,油資,金錢,,,
434,吳世正,107年直轄市議員選舉,第一次賸餘,1081026,當選後與其公務有關之費用支出,勇軒有限公司,89245128,0.00,105.00,停車費,金錢,,,
435,吳世正,107年直轄市議員選舉,第一次賸餘,1081027,當選後與其公務有關之費用支出,計程車,,0.00,220.00,搭乘交通工具支出,金錢,,2759*****,
436,吳世正,107年直轄市議員選舉,第一次賸餘,1081027,當選後與其公務有關之費用支出,榮帝敬業一路場,73656481,0.00,30.00,停車費,金錢,,,
437,吳世正,107年直轄市議員選舉,第一次賸餘,1081028,當選後與其公務有關之費用支出,北市自來水處,03774909,0.00,153.00,水電瓦斯費用,金錢,,,
438,吳世正,107年直轄市議員選舉,第一次賸餘,1081028,當選後與其公務有關之費用支出,康寧加油站,23450344,0.00,298.00,油資,金錢,,,
439,吳世正,107年直轄市議員選舉,第一次賸餘,1081028,當選後與其公務有關之費用支出,台灣電力公司,31096199,0.00,65.00,水電瓦斯費用,金錢,,,
440,吳世正,107年直轄市議員選舉,第一次賸餘,1081028,當選後與其公務有關之費用支出,埔里龍山泉實業(股)公司,86760042,0.00,31752.00,文康活動費用,金錢,南投縣埔里鎮****,,
441,吳世正,107年直轄市議員選舉,第一次賸餘,1081029,當選後與其公務有關之費用支出,北市停管處,,0.00,40.00,停車費,金錢,,2759*****,
442,吳世正,107年直轄市議員選舉,第一次賸餘,1081029,當選後與其公務有關之費用支出,全國加油站,80981785,0.00,781.00,油資,金錢,,,
443,吳世正,107年直轄市議員選舉,第一次賸餘,1081029,當選後與其公務有關之費用支出,台灣中油,86492052,0.00,343.00,油資,金錢,,,
444,吳世正,107年直轄市議員選舉,第一次賸餘,1081030,當選後與其公務有關之費用支出,計程車,,0.00,315.00,搭乘交通工具支出,金錢,,8965*****,
445,吳世正,107年直轄市議員選舉,第一次賸餘,1081031,當選後與其公務有關之費用支出,全國加油站,09734449,0.00,1495.00,油資,金錢,,,
446,吳世正,107年直轄市議員選舉,第一次賸餘,1081102,當選後與其公務有關之費用支出,北市停管處,,0.00,20.00,停車費,金錢,,2759*****,
447,吳世正,107年直轄市議員選舉,第一次賸餘,1081102,當選後與其公務有關之費用支出,尚鮮閣小吃店,72915453,0.00,500.00,餐飲費用,金錢,,,
448,吳世正,107年直轄市議員選舉,第一次賸餘,1081103,當選後與其公務有關之費用支出,全國加油站,17766268,0.00,579.00,油資,金錢,,,
449,吳世正,107年直轄市議員選舉,第一次賸餘,1081103,當選後與其公務有關之費用支出,聖元文具行,81675193,0.00,32.00,文具用品費用,金錢,,,
450,吳世正,107年直轄市議員選舉,第一次賸餘,1081104,當選後與其公務有關之費用支出,亞太電信,70771579,0.00,1146.00,電信費用,金錢,,,
451,吳世正,107年直轄市議員選舉,第一次賸餘,1081104,當選後與其公務有關之費用支出,遠傳電信,97179430,0.00,3679.00,電信費用,金錢,,,
452,吳世正,107年直轄市議員選舉,第一次賸餘,1081105,當選後與其公務有關之費用支出,全國加油站,09734449,0.00,370.00,油資,金錢,,,
453,吳世正,107年直轄市議員選舉,第一次賸餘,1081105,當選後與其公務有關之費用支出,全國加油站,80981785,0.00,782.00,油資,金錢,,,
454,吳世正,107年直轄市議員選舉,第一次賸餘,1081105,當選後與其公務有關之費用支出,中華電信(股),81691784,0.00,311.00,電信費用,金錢,,,
455,吳世正,107年直轄市議員選舉,第一次賸餘,1081106,當選後與其公務有關之費用支出,中信停車,72967542,0.00,50.00,停車費,金錢,,,
456,吳世正,107年直轄市議員選舉,第一次賸餘,1081107,當選後與其公務有關之費用支出,計程車,,0.00,120.00,搭乘交通工具支出,金錢,,2759*****,
457,吳世正,107年直轄市議員選舉,第一次賸餘,1081107,當選後與其公務有關之費用支出,遠傳電信,97179430,0.00,1319.00,電信費用,金錢,,,
458,吳世正,107年直轄市議員選舉,第一次賸餘,1081107,當選後與其公務有關之費用支出,五楠圖書,98734127,0.00,630.00,書報雜誌費用,金錢,,,
459,吳世正,107年直轄市議員選舉,第一次賸餘,1081108,當選後與其公務有關之費用支出,計程車,,0.00,310.00,搭乘交通工具支出,金錢,,2759*****,
460,吳世正,107年直轄市議員選舉,第一次賸餘,1081108,當選後與其公務有關之費用支出,全國加油站,80981785,0.00,585.00,油資,金錢,,,
461,吳世正,107年直轄市議員選舉,第一次賸餘,1081111,當選後與其公務有關之費用支出,計程車,,0.00,395.00,搭乘交通工具支出,金錢,,3322*****,
462,吳世正,107年直轄市議員選舉,第一次賸餘,1081112,當選後與其公務有關之費用支出,北市停管處,,0.00,20.00,停車費,金錢,,2759*****,
463,吳世正,107年直轄市議員選舉,第一次賸餘,1081112,當選後與其公務有關之費用支出,全國加油站,09734449,0.00,582.00,油資,金錢,,,
464,吳世正,107年直轄市議員選舉,第一次賸餘,1081112,當選後與其公務有關之費用支出,西歐加油站,22745790,0.00,491.00,油資,金錢,,,
465,吳世正,107年直轄市議員選舉,第一次賸餘,1081112,當選後與其公務有關之費用支出,全國加油站,80981785,0.00,368.00,油資,金錢,,,
466,吳世正,107年直轄市議員選舉,第一次賸餘,1081113,當選後與其公務有關之費用支出,計程車,,0.00,165.00,搭乘交通工具支出,金錢,,2759*****,
467,吳世正,107年直轄市議員選舉,第一次賸餘,1081113,當選後與其公務有關之費用支出,永固便利停車,23959144,0.00,60.00,停車費,金錢,,,
468,吳世正,107年直轄市議員選舉,第一次賸餘,1081113,當選後與其公務有關之費用支出,樂生活商行,26355060,0.00,88.00,文具用品費用,金錢,,,
469,吳世正,107年直轄市議員選舉,第一次賸餘,1081114,當選後與其公務有關之費用支出,富陽街加油站,01802176,0.00,1175.00,油資,金錢,,,
470,吳世正,107年直轄市議員選舉,第一次賸餘,1081114,當選後與其公務有關之費用支出,和雲行動服務,76332486,0.00,30.00,停車費,金錢,,,
471,吳世正,107年直轄市議員選舉,第一次賸餘,1081114,當選後與其公務有關之費用支出,驛站汽車商行,81774139,0.00,2600.00,雜項購置或修繕費用,金錢,,,
472,吳世正,107年直轄市議員選舉,第一次賸餘,1081115,當選後與其公務有關之費用支出,計程車,,0.00,100.00,搭乘交通工具支出,金錢,,2759*****,
473,吳世正,107年直轄市議員選舉,第一次賸餘,1081115,當選後與其公務有關之費用支出,全國加油站,80981785,0.00,629.00,油資,金錢,,,
474,吳世正,107年直轄市議員選舉,第一次賸餘,1081115,當選後與其公務有關之費用支出,中華電信(股),81691784,0.00,123.00,電信費用,金錢,,,
475,吳世正,107年直轄市議員選舉,第一次賸餘,1081116,當選後與其公務有關之費用支出,全國加油站,09734449,0.00,70.00,油資,金錢,,,
476,吳世正,107年直轄市議員選舉,第一次賸餘,1081118,當選後與其公務有關之費用支出,全國加油站,09734449,0.00,1311.00,油資,金錢,,,
477,吳世正,107年直轄市議員選舉,第一次賸餘,1081119,當選後與其公務有關之費用支出,全國加油站,80981785,0.00,661.00,油資,金錢,,,
478,吳世正,107年直轄市議員選舉,第一次賸餘,1081120,當選後與其公務有關之費用支出,北市停管處,,0.00,50.00,停車費,金錢,,2759*****,
479,吳世正,107年直轄市議員選舉,第一次賸餘,1081120,當選後與其公務有關之費用支出,台灣中油,01113283,0.00,297.00,油資,金錢,,,
480,吳世正,107年直轄市議員選舉,第一次賸餘,1081121,當選後與其公務有關之費用支出,陽光加油站,31815058,0.00,500.00,油資,金錢,,,
481,吳世正,107年直轄市議員選舉,第一次賸餘,1081122,當選後與其公務有關之費用支出,計程車,,0.00,135.00,搭乘交通工具支出,金錢,,2759*****,
482,吳世正,107年直轄市議員選舉,第一次賸餘,1081122,當選後與其公務有關之費用支出,北基國際,72613491,0.00,630.00,油資,金錢,,,
483,吳世正,107年直轄市議員選舉,第一次賸餘,1081122,當選後與其公務有關之費用支出,朝陽公園停車場,76548704,0.00,60.00,停車費,金錢,,,
484,吳世正,107年直轄市議員選舉,第一次賸餘,1081123,當選後與其公務有關之費用支出,陝秦味館,25580357,0.00,2123.00,餐飲費用,金錢,,,
485,吳世正,107年直轄市議員選舉,第一次賸餘,1081123,當選後與其公務有關之費用支出,四海加油站,84246529,0.00,606.00,油資,金錢,,,
486,吳世正,107年直轄市議員選舉,第一次賸餘,1081124,當選後與其公務有關之費用支出,日月亭(股),42333487,0.00,105.00,停車費,金錢,,,
487,吳世正,107年直轄市議員選舉,第一次賸餘,1081125,當選後與其公務有關之費用支出,計程車,,0.00,95.00,搭乘交通工具支出,金錢,,2759*****,
488,吳世正,107年直轄市議員選舉,第一次賸餘,1081125,當選後與其公務有關之費用支出,宜家家居,16088396,0.00,230.00,雜項購置或修繕費用,金錢,,,
489,吳世正,107年直轄市議員選舉,第一次賸餘,1081126,當選後與其公務有關之費用支出,計程車,,0.00,145.00,搭乘交通工具支出,金錢,,8965*****,
490,吳世正,107年直轄市議員選舉,第一次賸餘,1081126,當選後與其公務有關之費用支出,永固便利停車,29242490,0.00,50.00,停車費,金錢,,,
491,吳世正,107年直轄市議員選舉,第一次賸餘,1081126,當選後與其公務有關之費用支出,北基國際,72613491,0.00,628.00,油資,金錢,,,
492,吳世正,107年直轄市議員選舉,第一次賸餘,1081126,當選後與其公務有關之費用支出,大潤發流通事業(股),80030723,0.00,510.00,雜項購置或修繕費用,金錢,,,
493,吳世正,107年直轄市議員選舉,第一次賸餘,1081126,當選後與其公務有關之費用支出,全國加油站,80981785,0.00,534.00,油資,金錢,,,
494,吳世正,107年直轄市議員選舉,第一次賸餘,1081126,當選後與其公務有關之費用支出,台灣中油,86492052,0.00,441.00,油資,金錢,,,
495,吳世正,107年直轄市議員選舉,第一次賸餘,1081127,當選後與其公務有關之費用支出,計程車,,0.00,375.00,搭乘交通工具支出,金錢,,3322*****,
496,吳世正,107年直轄市議員選舉,第一次賸餘,1081127,當選後與其公務有關之費用支出,全國加油站,09734449,0.00,793.00,油資,金錢,,,
497,吳世正,107年直轄市議員選舉,第一次賸餘,1081127,當選後與其公務有關之費用支出,日月亭(股),42333487,0.00,75.00,停車費,金錢,,,
498,吳世正,107年直轄市議員選舉,第一次賸餘,1081128,當選後與其公務有關之費用支出,計程車,,0.00,295.00,搭乘交通工具支出,金錢,,2759*****,
499,吳世正,107年直轄市議員選舉,第一次賸餘,1081201,當選後與其公務有關之費用支出,台灣中油,08590459,0.00,644.00,油資,金錢,,,
500,吳世正,107年直轄市議員選舉,第一次賸餘,1081203,當選後與其公務有關之費用支出,台灣中油,31932458,0.00,488.00,油資,金錢,,,
501,吳世正,107年直轄市議員選舉,第一次賸餘,1081203,當選後與其公務有關之費用支出,全國加油站,80981785,0.00,857.00,油資,金錢,,,
502,吳世正,107年直轄市議員選舉,第一次賸餘,1081204,當選後與其公務有關之費用支出,瞞著爹股份公司,42380571,0.00,2387.00,聯誼交際費用,金錢,,,
503,吳世正,107年直轄市議員選舉,第一次賸餘,1081204,當選後與其公務有關之費用支出,亞太電信,70771579,0.00,1059.00,電信費用,金錢,,,
504,吳世正,107年直轄市議員選舉,第一次賸餘,1081204,當選後與其公務有關之費用支出,中華電信(股),81691784,0.00,313.00,電信費用,金錢,,,
505,吳世正,107年直轄市議員選舉,第一次賸餘,1081205,當選後與其公務有關之費用支出,全國加油站,09734449,0.00,966.00,油資,金錢,,,
506,吳世正,107年直轄市議員選舉,第一次賸餘,1081206,當選後與其公務有關之費用支出,計程車,,0.00,395.00,搭乘交通工具支出,金錢,,4499*****,
507,吳世正,107年直轄市議員選舉,第一次賸餘,1081206,當選後與其公務有關之費用支出,台亞加油站,09663731,0.00,609.00,油資,金錢,,,
508,吳世正,107年直轄市議員選舉,第一次賸餘,1081206,當選後與其公務有關之費用支出,豐隆大飯店股份公司,12464047,0.00,35.00,停車費,金錢,,,
509,吳世正,107年直轄市議員選舉,第一次賸餘,1081207,當選後與其公務有關之費用支出,連發食品,13090026,0.00,1767.00,餐飲費用,金錢,,,
510,吳世正,107年直轄市議員選舉,第一次賸餘,1081207,當選後與其公務有關之費用支出,遠傳電信,97179430,0.00,1319.00,電信費用,金錢,,,
511,吳世正,107年直轄市議員選舉,第一次賸餘,1081208,當選後與其公務有關之費用支出,計程車,,0.00,215.00,搭乘交通工具支出,金錢,,2759*****,
512,吳世正,107年直轄市議員選舉,第一次賸餘,1081208,當選後與其公務有關之費用支出,遠傳電信,97179430,0.00,1866.00,電信費用,金錢,,,
513,吳世正,107年直轄市議員選舉,第一次賸餘,1081209,當選後與其公務有關之費用支出,台灣中油,08590459,0.00,392.00,油資,金錢,,,
514,吳世正,107年直轄市議員選舉,第一次賸餘,1081209,當選後與其公務有關之費用支出,紐澳良小廚,52568259,0.00,593.00,餐飲費用,金錢,,,
515,吳世正,107年直轄市議員選舉,第一次賸餘,1081210,當選後與其公務有關之費用支出,全國加油站,09734449,0.00,563.00,油資,金錢,,,
516,吳世正,107年直轄市議員選舉,第一次賸餘,1081210,當選後與其公務有關之費用支出,統一生活事業,53923664,0.00,1680.00,聯誼交際費用,金錢,,,
517,吳世正,107年直轄市議員選舉,第一次賸餘,1081210,當選後與其公務有關之費用支出,大潤發流通事業(股),80030723,0.00,617.00,雜項購置或修繕費用,金錢,,,
518,吳世正,107年直轄市議員選舉,第一次賸餘,1081210,當選後與其公務有關之費用支出,全國加油站,80981785,0.00,557.00,油資,金錢,,,
519,吳世正,107年直轄市議員選舉,第一次賸餘,1081211,當選後與其公務有關之費用支出,中崙加油站,01317131,0.00,294.00,油資,金錢,,,
520,吳世正,107年直轄市議員選舉,第一次賸餘,1081212,當選後與其公務有關之費用支出,全國加油站,09734449,0.00,1402.00,油資,金錢,,,
521,吳世正,107年直轄市議員選舉,第一次賸餘,1081213,當選後與其公務有關之費用支出,中華電信(股),81691784,0.00,130.00,電信費用,金錢,,,
522,吳世正,107年直轄市議員選舉,第一次賸餘,1081214,當選後與其公務有關之費用支出,計程車,,0.00,235.00,搭乘交通工具支出,金錢,,2451*****,
523,吳世正,107年直轄市議員選舉,第一次賸餘,1081214,當選後與其公務有關之費用支出,北基國際,72613491,0.00,592.00,油資,金錢,,,
524,吳世正,107年直轄市議員選舉,第一次賸餘,1081215,當選後與其公務有關之費用支出,計程車,,0.00,250.00,搭乘交通工具支出,金錢,,2759*****,
525,吳世正,107年直轄市議員選舉,第一次賸餘,1081215,當選後與其公務有關之費用支出,台灣科學園區管委會,40980016,0.00,20.00,停車費,金錢,,,
526,吳世正,107年直轄市議員選舉,第一次賸餘,1081216,當選後與其公務有關之費用支出,永泰金城管委會,,0.00,5403.00,租用場地支出,金錢,臺北市內湖區****,,
527,吳世正,107年直轄市議員選舉,第一次賸餘,1081216,當選後與其公務有關之費用支出,家福(股)公司,27257881,0.00,576.00,雜項購置或修繕費用,金錢,,,
528,吳世正,107年直轄市議員選舉,第一次賸餘,1081216,當選後與其公務有關之費用支出,大潤發流通事業(股),70758956,0.00,1374.00,文康活動費用,金錢,,,
529,吳世正,107年直轄市議員選舉,第一次賸餘,1081217,當選後與其公務有關之費用支出,郵局,,0.00,100.00,雜項購置或修繕費用,金錢,,2729*****,
530,吳世正,107年直轄市議員選舉,第一次賸餘,1081217,當選後與其公務有關之費用支出,全國加油站,09734449,0.00,808.00,油資,金錢,,,
531,吳世正,107年直轄市議員選舉,第一次賸餘,1081217,當選後與其公務有關之費用支出,金卯事業,67355754,0.00,40.00,停車費,金錢,,,
532,吳世正,107年直轄市議員選舉,第一次賸餘,1081217,當選後與其公務有關之費用支出,全國加油站,80981785,0.00,539.00,油資,金錢,,,
533,吳世正,107年直轄市議員選舉,第一次賸餘,1081218,當選後與其公務有關之費用支出,全國加油站,09734449,0.00,626.00,油資,金錢,,,
534,吳世正,107年直轄市議員選舉,第一次賸餘,1081218,當選後與其公務有關之費用支出,哈拉生活有限,70386371,0.00,80.00,停車費,金錢,,,
535,吳世正,107年直轄市議員選舉,第一次賸餘,1081219,當選後與其公務有關之費用支出,北市自來水處,03774909,0.00,147.00,水電瓦斯費用,金錢,,,
536,吳世正,107年直轄市議員選舉,第一次賸餘,1081219,當選後與其公務有關之費用支出,欣湖天然氣(股)公司,04779353,0.00,120.00,水電瓦斯費用,金錢,,,
537,吳世正,107年直轄市議員選舉,第一次賸餘,1081219,當選後與其公務有關之費用支出,全國加油站,09734449,0.00,1434.00,油資,金錢,,,
538,吳世正,107年直轄市議員選舉,第一次賸餘,1081219,當選後與其公務有關之費用支出,台灣電力公司,31096199,0.00,65.00,水電瓦斯費用,金錢,,,
539,吳世正,107年直轄市議員選舉,第一次賸餘,1081219,當選後與其公務有關之費用支出,大潤發流通事業(股),80030723,0.00,1188.00,文康活動費用,金錢,,,
540,吳世正,107年直轄市議員選舉,第一次賸餘,1081220,當選後與其公務有關之費用支出,計程車,,0.00,195.00,搭乘交通工具支出,金錢,,2759*****,
541,吳世正,107年直轄市議員選舉,第一次賸餘,1081220,當選後與其公務有關之費用支出,北市停管處,,0.00,50.00,停車費,金錢,,2759*****,
542,吳世正,107年直轄市議員選舉,第一次賸餘,1081220,當選後與其公務有關之費用支出,計程車,,0.00,320.00,搭乘交通工具支出,金錢,,8770*****,
543,吳世正,107年直轄市議員選舉,第一次賸餘,1081220,當選後與其公務有關之費用支出,郵局,,0.00,60.00,雜項購置或修繕費用,金錢,,2729*****,
544,吳世正,107年直轄市議員選舉,第一次賸餘,1081222,當選後與其公務有關之費用支出,計程車,,0.00,240.00,搭乘交通工具支出,金錢,,2759*****,
545,吳世正,107年直轄市議員選舉,第一次賸餘,1081222,當選後與其公務有關之費用支出,台灣中油,39016607,0.00,630.00,油資,金錢,,,
546,吳世正,107年直轄市議員選舉,第一次賸餘,1081223,當選後與其公務有關之費用支出,計程車,,0.00,135.00,搭乘交通工具支出,金錢,,2759*****,
547,吳世正,107年直轄市議員選舉,第一次賸餘,1081223,當選後與其公務有關之費用支出,台北文創開發公司,28973905,0.00,100.00,停車費,金錢,,,
548,吳世正,107年直轄市議員選舉,第一次賸餘,1081223,當選後與其公務有關之費用支出,誠品生活,54346613,0.00,744.00,書報雜誌費用,金錢,,,
549,吳世正,107年直轄市議員選舉,第一次賸餘,1081223,當選後與其公務有關之費用支出,滿天星傳播,86872166,0.00,920.00,文具用品費用,金錢,,,
550,吳世正,107年直轄市議員選舉,第一次賸餘,1081223,當選後與其公務有關之費用支出,遠傳電信,97179430,0.00,994.00,電信費用,金錢,,,
551,吳世正,107年直轄市議員選舉,第一次賸餘,1081224,當選後與其公務有關之費用支出,計程車,,0.00,85.00,搭乘交通工具支出,金錢,,8965*****,
552,吳世正,107年直轄市議員選舉,第一次賸餘,1081224,當選後與其公務有關之費用支出,北市停管處,,0.00,30.00,停車費,金錢,,2759*****,
553,吳世正,107年直轄市議員選舉,第一次賸餘,1081224,當選後與其公務有關之費用支出,誠品生活,27258328,0.00,2035.00,書報雜誌費用,金錢,,,
554,吳世正,107年直轄市議員選舉,第一次賸餘,1081224,當選後與其公務有關之費用支出,全國加油站,80981785,0.00,572.00,油資,金錢,,,
555,吳世正,107年直轄市議員選舉,第一次賸餘,1081225,當選後與其公務有關之費用支出,計程車,,0.00,235.00,搭乘交通工具支出,金錢,,2759*****,
556,吳世正,107年直轄市議員選舉,第一次賸餘,1081225,當選後與其公務有關之費用支出,全國加油站,09734449,0.00,1350.00,油資,金錢,,,
557,吳世正,107年直轄市議員選舉,第一次賸餘,1081226,當選後與其公務有關之費用支出,計程車,,0.00,340.00,搭乘交通工具支出,金錢,,2759*****,
558,吳世正,107年直轄市議員選舉,第一次賸餘,1081226,當選後與其公務有關之費用支出,汐止加油站,39016607,0.00,678.00,油資,金錢,,,
559,吳世正,107年直轄市議員選舉,第一次賸餘,1081227,當選後與其公務有關之費用支出,郵局,04137838,0.00,103612.00,郵寄競選物品或宣傳廣告支出,金錢,臺北市信義區****,,
560,吳世正,107年直轄市議員選舉,第一次賸餘,1081227,當選後與其公務有關之費用支出,全國加油站,09734449,0.00,70.00,油資,金錢,,,
561,吳世正,107年直轄市議員選舉,第一次賸餘,1081227,當選後與其公務有關之費用支出,大潤發流通事業(股),70758956,0.00,1745.00,文康活動費用,金錢,,,
562,吳世正,107年直轄市議員選舉,第一次賸餘,1081228,當選後與其公務有關之費用支出,飛璜開發公司,42478053,0.00,50.00,停車費,金錢,,,
563,吳世正,107年直轄市議員選舉,第一次賸餘,1081228,當選後與其公務有關之費用支出,棋軒實業,82811392,0.00,185.00,雜項購置或修繕費用,金錢,,,
564,吳世正,107年直轄市議員選舉,第一次賸餘,1081228,當選後與其公務有關之費用支出,達美樂披薩,89282066,0.00,1500.00,聯誼交際費用,金錢,,,
565,吳世正,107年直轄市議員選舉,第一次賸餘,1081229,當選後與其公務有關之費用支出,計程車,,0.00,345.00,搭乘交通工具支出,金錢,,2759*****,
566,吳世正,107年直轄市議員選舉,第一次賸餘,1081231,當選後與其公務有關之費用支出,全國加油站,09734449,0.00,687.00,油資,金錢,,,
567,吳世正,107年直轄市議員選舉,第一次賸餘,1081231,當選後與其公務有關之費用支出,全國加油站,80981785,0.00,630.00,油資,金錢,,,
