﻿序號,擬參選人／政黨,選舉名稱,申報序號／年度,交易日期,收支科目,捐贈者／支出對象,身分證／統一編號,收入金額,支出金額,支出用途,金錢類,地址,聯絡電話,資料更正日期
1,羅廷瑋,107年直轄市議員選舉,首次申報,1070612,匿名捐贈,匿名,,1.00,0.00,,金錢,,,
2,羅廷瑋,107年直轄市議員選舉,首次申報,1070616,匿名捐贈,匿名,,5000.00,0.00,,金錢,,,
3,羅廷瑋,107年直轄市議員選舉,首次申報,1070627,個人捐贈收入,陳國華,N12*******,50000.00,0.00,,金錢,臺中市南區復****,0422*****,
4,羅廷瑋,107年直轄市議員選舉,首次申報,1070630,個人捐贈收入,紀澄貴,,20000.00,0.00,,金錢,臺中市南區高****,0422*****,
5,羅廷瑋,107年直轄市議員選舉,首次申報,1070701,匿名捐贈,匿名,,5000.00,0.00,,金錢,,,
6,羅廷瑋,107年直轄市議員選舉,首次申報,1070701,個人捐贈收入,祁加弘,L12*******,50000.00,0.00,,金錢,臺中市石岡區****,0912*****,
7,羅廷瑋,107年直轄市議員選舉,首次申報,1070702,匿名捐贈,匿名,,4000.00,0.00,,金錢,,,
8,羅廷瑋,107年直轄市議員選舉,首次申報,1070702,匿名捐贈,匿名,,1000.00,0.00,,金錢,,,
9,羅廷瑋,107年直轄市議員選舉,首次申報,1070702,個人捐贈收入,鄭美玲,B22*******,100000.00,0.00,,金錢,臺中市南屯區****,,
10,羅廷瑋,107年直轄市議員選舉,首次申報,1070703,匿名捐贈,匿名,,7850.00,0.00,,金錢,,,
11,羅廷瑋,107年直轄市議員選舉,首次申報,1070704,個人捐贈收入,黃誠泓,,5000.00,0.00,,金錢,臺中市東區東****,0925*****,
12,羅廷瑋,107年直轄市議員選舉,首次申報,1070704,個人捐贈收入,廖繼將,B12*******,50000.00,0.00,,金錢,臺中市西屯區****,,
13,羅廷瑋,107年直轄市議員選舉,首次申報,1070709,匿名捐贈,匿名,,300.00,0.00,,金錢,,,
14,羅廷瑋,107年直轄市議員選舉,首次申報,1070713,個人捐贈收入,張儷祈,,2000.00,0.00,,金錢,臺中市南區文****,0920*****,
15,羅廷瑋,107年直轄市議員選舉,首次申報,1070717,個人捐贈收入,張志豪,B12*******,100000.00,0.00,,金錢,臺中市西屯區****,,
16,羅廷瑋,107年直轄市議員選舉,首次申報,1070719,個人捐贈收入,莊惠雅,T22*******,100000.00,0.00,,金錢,臺中市西屯區****,,
17,羅廷瑋,107年直轄市議員選舉,首次申報,1070720,營利事業捐贈收入,暄昌鋼鐵有限公司,22484704,10000.00,0.00,,金錢,,,
18,羅廷瑋,107年直轄市議員選舉,首次申報,1070720,營利事業捐贈收入,安順企業社,72521514,10000.00,0.00,,金錢,,,
19,羅廷瑋,107年直轄市議員選舉,首次申報,1070722,個人捐贈收入,張筠薇,B22*******,100000.00,0.00,,金錢,臺中市西屯區****,,
20,羅廷瑋,107年直轄市議員選舉,首次申報,1070725,匿名捐贈,匿名,,195.00,0.00,,金錢,,,
21,羅廷瑋,107年直轄市議員選舉,首次申報,1070730,匿名捐贈,匿名,,977.00,0.00,,金錢,,,
22,羅廷瑋,107年直轄市議員選舉,首次申報,1070802,匿名捐贈,匿名,,2540.00,0.00,,金錢,,,
23,羅廷瑋,107年直轄市議員選舉,首次申報,1070806,匿名捐贈,匿名,,1954.00,0.00,,金錢,,,
24,羅廷瑋,107年直轄市議員選舉,首次申報,1070815,營利事業捐贈收入,昶峪石材有限公司,25079616,17850.00,0.00,,金錢,臺中市烏日區****,,
25,羅廷瑋,107年直轄市議員選舉,首次申報,1070815,個人捐贈收入,施義福,N12*******,100000.00,0.00,,金錢,臺中市南屯區****,,
26,羅廷瑋,107年直轄市議員選舉,首次申報,1070815,個人捐贈收入,施品溱,N22*******,100000.00,0.00,,金錢,臺中市南屯區****,,
27,羅廷瑋,107年直轄市議員選舉,首次申報,1070817,匿名捐贈,匿名,,2000.00,0.00,,金錢,,,
28,羅廷瑋,107年直轄市議員選舉,首次申報,1070817,個人捐贈收入,王堅志,G12*******,100000.00,0.00,,金錢,臺中市南屯區****,,
29,羅廷瑋,107年直轄市議員選舉,首次申報,1070820,匿名捐贈,匿名,,9770.00,0.00,,金錢,,,
30,羅廷瑋,107年直轄市議員選舉,首次申報,1070820,個人捐贈收入,王勝業,L12*******,50000.00,0.00,,金錢,臺中市大里區****,0963*****,
31,羅廷瑋,107年直轄市議員選舉,首次申報,1070822,匿名捐贈,匿名,,195.00,0.00,,金錢,,,
32,羅廷瑋,107年直轄市議員選舉,首次申報,1070823,匿名捐贈,匿名,,5000.00,0.00,,金錢,,,
33,羅廷瑋,107年直轄市議員選舉,首次申報,1070823,匿名捐贈,匿名,,5000.00,0.00,,金錢,,,
34,羅廷瑋,107年直轄市議員選舉,首次申報,1070823,匿名捐贈,匿名,,3000.00,0.00,,金錢,,,
35,羅廷瑋,107年直轄市議員選舉,首次申報,1070823,匿名捐贈,匿名,,4000.00,0.00,,金錢,,,
36,羅廷瑋,107年直轄市議員選舉,首次申報,1070823,匿名捐贈,匿名,,5845.00,0.00,,金錢,,,
37,羅廷瑋,107年直轄市議員選舉,首次申報,1070827,匿名捐贈,匿名,,10000.00,0.00,,金錢,,,
38,羅廷瑋,107年直轄市議員選舉,首次申報,1070830,匿名捐贈,匿名,,2931.00,0.00,,金錢,,,
39,羅廷瑋,107年直轄市議員選舉,首次申報,1070907,營利事業捐贈收入,親家建設股份有限公司,28087745,200000.00,0.00,,金錢,臺中市西屯區****,,
40,羅廷瑋,107年直轄市議員選舉,首次申報,1070914,匿名捐贈,匿名,,175.00,0.00,,金錢,,,
41,羅廷瑋,107年直轄市議員選舉,首次申報,1070914,匿名捐贈,匿名,,500.00,0.00,,金錢,,,
42,羅廷瑋,107年直轄市議員選舉,首次申報,1070914,營利事業捐贈收入,鼎冠興業有限公司,61376865,30000.00,0.00,,金錢,臺中市北區陝****,,
43,羅廷瑋,107年直轄市議員選舉,首次申報,1070922,匿名捐贈,匿名,,1200.00,0.00,,金錢,,,
44,羅廷瑋,107年直轄市議員選舉,首次申報,1070928,營利事業捐贈收入,惠昇建設股份有限公司,80077888,100000.00,0.00,,金錢,臺中市西區英****,,
45,羅廷瑋,107年直轄市議員選舉,首次申報,1071009,營利事業捐贈收入,博洛尼亞有限公司,42871817,100000.00,0.00,,金錢,臺中市西區精****,,
46,羅廷瑋,107年直轄市議員選舉,首次申報,1071011,營利事業捐贈收入,禾太國際投資有限公司,25056753,100000.00,0.00,,金錢,臺中市西屯區****,,
47,羅廷瑋,107年直轄市議員選舉,首次申報,1071011,個人捐贈收入,劉振山,M10*******,100000.00,0.00,,非金錢,南投縣南投市****,,
48,羅廷瑋,107年直轄市議員選舉,首次申報,1071012,個人捐贈收入,林鴻瑋,N12*******,100000.00,0.00,,金錢,臺中市南屯區****,,
49,羅廷瑋,107年直轄市議員選舉,首次申報,1071019,個人捐贈收入,許宜珍,L22*******,100000.00,0.00,,金錢,臺中市南屯區****,,
50,羅廷瑋,107年直轄市議員選舉,首次申報,1071029,個人捐贈收入,施純弘,B12*******,100000.00,0.00,,金錢,臺中市西區臺****,,
51,羅廷瑋,107年直轄市議員選舉,首次申報,1071106,個人捐贈收入,劉文松,,20000.00,0.00,,金錢,臺中市西區五****,,
52,羅廷瑋,107年直轄市議員選舉,首次申報,1071106,個人捐贈收入,祁加弘,L12*******,20000.00,0.00,,金錢,臺中市石岡區****,0912*****,
53,羅廷瑋,107年直轄市議員選舉,首次申報,1071108,匿名捐贈,匿名,,300.00,0.00,,金錢,,,
54,羅廷瑋,107年直轄市議員選舉,首次申報,1071109,個人捐贈收入,鄭博文,M12*******,50000.00,0.00,,金錢,臺中市西區精****,0423*****,
55,羅廷瑋,107年直轄市議員選舉,首次申報,1071109,個人捐贈收入,陳重吉,N12*******,100000.00,0.00,,金錢,彰化縣溪湖鎮****,,
56,羅廷瑋,107年直轄市議員選舉,首次申報,1071109,個人捐贈收入,陳重熙,N12*******,100000.00,0.00,,金錢,臺中市西屯區****,,
57,羅廷瑋,107年直轄市議員選舉,首次申報,1071112,匿名捐贈,匿名,,977.00,0.00,,金錢,,,
58,羅廷瑋,107年直轄市議員選舉,首次申報,1071112,個人捐贈收入,黃清山,L12*******,5250.00,0.00,,金錢,臺中市北屯區****,0928*****,
59,羅廷瑋,107年直轄市議員選舉,首次申報,1071113,個人捐贈收入,劉起光,,10500.00,0.00,,金錢,臺中市大里區****,,
60,羅廷瑋,107年直轄市議員選舉,首次申報,1071113,個人捐贈收入,吳映儒,N22*******,100000.00,0.00,,金錢,臺中市大雅區****,0973*****,
61,羅廷瑋,107年直轄市議員選舉,首次申報,1071114,營利事業捐贈收入,芫儂食品股份有限公司,27799719,60000.00,0.00,,金錢,臺中市西屯區****,,
62,羅廷瑋,107年直轄市議員選舉,首次申報,1071114,營利事業捐贈收入,大立山租賃有限公司,54775424,15000.00,0.00,,金錢,南投縣草屯鎮****,,
63,羅廷瑋,107年直轄市議員選舉,首次申報,1071118,匿名捐贈,匿名,,3000.00,0.00,,金錢,,,
64,羅廷瑋,107年直轄市議員選舉,首次申報,1071118,匿名捐贈,匿名,,3000.00,0.00,,金錢,,,
65,羅廷瑋,107年直轄市議員選舉,首次申報,1071118,匿名捐贈,匿名,,3000.00,0.00,,金錢,,,
66,羅廷瑋,107年直轄市議員選舉,首次申報,1071119,匿名捐贈,匿名,,7000.00,0.00,,金錢,,,
67,羅廷瑋,107年直轄市議員選舉,首次申報,1071119,匿名捐贈,匿名,,2000.00,0.00,,金錢,,,
68,羅廷瑋,107年直轄市議員選舉,首次申報,1071119,匿名捐贈,匿名,,1000.00,0.00,,金錢,,,
69,羅廷瑋,107年直轄市議員選舉,首次申報,1071119,匿名捐贈,匿名,,5000.00,0.00,,金錢,,,
70,羅廷瑋,107年直轄市議員選舉,首次申報,1071119,匿名捐贈,匿名,,6000.00,0.00,,金錢,,,
71,羅廷瑋,107年直轄市議員選舉,首次申報,1071119,營利事業捐贈收入,國雄建設股份有限公司,27441634,20000.00,0.00,,金錢,臺中市西屯區****,,
72,羅廷瑋,107年直轄市議員選舉,首次申報,1071119,個人捐贈收入,胡栢墩,A10*******,50000.00,0.00,,金錢,臺北市大安區****,0227*****,
73,羅廷瑋,107年直轄市議員選舉,首次申報,1071120,個人捐贈收入,杜西銓,,20000.00,0.00,,金錢,南投縣鹿谷鄉****,,
74,羅廷瑋,107年直轄市議員選舉,首次申報,1071120,匿名捐贈,匿名,,7000.00,0.00,,金錢,,,
75,羅廷瑋,107年直轄市議員選舉,首次申報,1071121,個人捐贈收入,林憲坤,B12*******,10000.00,0.00,,金錢,臺中市西屯區****,0935*****,
76,羅廷瑋,107年直轄市議員選舉,首次申報,1071123,匿名捐贈,匿名,,2250.00,0.00,,金錢,,,
77,羅廷瑋,107年直轄市議員選舉,首次申報,1071123,營利事業捐贈收入,宏太國際投資有限公司,54090582,100000.00,0.00,,金錢,臺中市西屯區****,0435*****,
78,羅廷瑋,107年直轄市議員選舉,首次申報,1071123,個人捐贈收入,林鴻儒,N12*******,100000.00,0.00,,金錢,彰化縣秀水鄉****,0422*****,
79,羅廷瑋,107年直轄市議員選舉,首次申報,1071221,其他收入,利息收入,,206.00,0.00,,金錢,,,
