﻿序號,擬參選人／政黨,選舉名稱,申報序號／年度,交易日期,收支科目,捐贈者／支出對象,身分證／統一編號,收入金額,支出金額,捐贈方式,存入專戶日期,返還/繳庫,支出用途,金錢類,地址,聯絡電話,應揭露之支出對象,支出對象之內部人員姓名,支出對象之內部人員職稱,政黨之內部人員姓名,政黨之內部人員職稱,關係,更正註記,資料更正日期
1,邱俊憲,111年高雄市議員選舉,首次申報,1110503,租用宣傳車輛支出,台灣中油大樹站,85920252,0.00,115.00,,,,宣傳車輛燃料費用,金錢,,,否,,,,,,,
2,邱俊憲,111年高雄市議員選舉,首次申報,1110506,交通旅運支出,台糖加油站,15521886,0.00,960.00,,,,油資,金錢,,,否,,,,,,,
3,邱俊憲,111年高雄市議員選舉,首次申報,1110506,交通旅運支出,台糖加油站,15521886,0.00,105.00,,,,油資,金錢,,,否,,,,,,,
4,邱俊憲,111年高雄市議員選舉,首次申報,1110507,交通旅運支出,全國加油站鳳山站,10705647,0.00,769.00,,,,油資,金錢,,,否,,,,,,,
5,邱俊憲,111年高雄市議員選舉,首次申報,1110508,交通旅運支出,台糖加油站,38753009,0.00,90.00,,,,油資,金錢,,,否,,,,,,,
6,邱俊憲,111年高雄市議員選舉,首次申報,1110509,雜支支出,中華郵政鳥松郵局,,0.00,120.00,,,,郵資券號,金錢,高雄市鳥松區****,,否,,,,,,,
7,邱俊憲,111年高雄市議員選舉,首次申報,1110510,交通旅運支出,台糖加油站,38753009,0.00,100.00,,,,油資,金錢,,,否,,,,,,,
8,邱俊憲,111年高雄市議員選舉,首次申報,1110511,交通旅運支出,全國加油站鳳山站,10705647,0.00,850.00,,,,油資,金錢,,,否,,,,,,,
9,邱俊憲,111年高雄市議員選舉,首次申報,1110512,交通旅運支出,台糖加油站,15521886,0.00,110.00,,,,油資,金錢,,,否,,,,,,,
10,邱俊憲,111年高雄市議員選舉,首次申報,1110513,交通旅運支出,台糖加油站,38753009,0.00,570.00,,,,油資,金錢,,,否,,,,,,,
11,邱俊憲,111年高雄市議員選舉,首次申報,1110515,交通旅運支出,台灣中油仁武站,85332199,0.00,85.00,,,,油資,金錢,,,否,,,,,,,
12,邱俊憲,111年高雄市議員選舉,首次申報,1110518,交通旅運支出,台糖加油站,15521886,0.00,95.00,,,,油資,金錢,,,否,,,,,,,
13,邱俊憲,111年高雄市議員選舉,首次申報,1110520,交通旅運支出,台灣中油鳳松站,85874004,0.00,100.00,,,,油資,金錢,,,否,,,,,,,
14,邱俊憲,111年高雄市議員選舉,首次申報,1110521,交通旅運支出,全國加油站鳳山站,10705647,0.00,598.00,,,,油資,金錢,,,否,,,,,,,
15,邱俊憲,111年高雄市議員選舉,首次申報,1110525,交通旅運支出,全國加油站仁武站,21682430,0.00,782.00,,,,油資,金錢,,,否,,,,,,,
16,邱俊憲,111年高雄市議員選舉,首次申報,1110525,交通旅運支出,台糖加油站,38753009,0.00,105.00,,,,油資,金錢,,,否,,,,,,,
17,邱俊憲,111年高雄市議員選舉,首次申報,1110527,交通旅運支出,台灣中油建工站,06829131,0.00,90.00,,,,油資,金錢,,,否,,,,,,,
18,邱俊憲,111年高雄市議員選舉,首次申報,1110527,宣傳支出,台灣摩菲爾國際股份有限公司,24312453,0.00,390000.00,,,,租用廣告看板或車體廣告費用,金錢,臺北市中正區****,,否,,,,,,,
19,邱俊憲,111年高雄市議員選舉,首次申報,1110531,交通旅運支出,台糖加油站,38753009,0.00,100.00,,,,油資,金錢,,,否,,,,,,,
20,邱俊憲,111年高雄市議員選舉,首次申報,1110601,雜支支出,藍新科技股份有限公司,70565326,0.00,1231.00,,,,月線上捐款手續費(發票號碼AZ),金錢,,,否,,,,,,,
21,邱俊憲,111年高雄市議員選舉,首次申報,1110602,交通旅運支出,台灣中油鳳松站,85874004,0.00,100.00,,,,油資,金錢,,,否,,,,,,,
22,邱俊憲,111年高雄市議員選舉,首次申報,1110603,交通旅運支出,台糖加油站,38753009,0.00,960.00,,,,油資,金錢,,,否,,,,,,,
23,邱俊憲,111年高雄市議員選舉,首次申報,1110604,交通旅運支出,全國加油站鳳山站,10705647,0.00,1234.00,,,,油資,金錢,,,否,,,,,,,
24,邱俊憲,111年高雄市議員選舉,首次申報,1110606,雜支支出,市議員邱俊憲競選總部,R12*******,0.00,65000.00,,,,選舉工作人員定期快篩使用,非金錢,高雄市鳥松區****,0773*****,否,,,,,,,
25,邱俊憲,111年高雄市議員選舉,首次申報,1110609,交通旅運支出,台灣中油鳳松站,85874004,0.00,90.00,,,,油資,金錢,,,否,,,,,,,
26,邱俊憲,111年高雄市議員選舉,首次申報,1110611,交通旅運支出,台糖加油站,13321758,0.00,90.00,,,,油資,金錢,,,否,,,,,,,
27,邱俊憲,111年高雄市議員選舉,首次申報,1110615,交通旅運支出,台糖加油站,15521886,0.00,105.00,,,,油資,金錢,,,否,,,,,,,
28,邱俊憲,111年高雄市議員選舉,首次申報,1110615,交通旅運支出,全國加油站仁武站,21682430,0.00,877.00,,,,油資,金錢,,,否,,,,,,,
29,邱俊憲,111年高雄市議員選舉,首次申報,1110618,交通旅運支出,台糖加油站,15521886,0.00,108.00,,,,油資,金錢,,,否,,,,,,,
30,邱俊憲,111年高雄市議員選舉,首次申報,1110620,交通旅運支出,台糖加油站,67704984,0.00,75.00,,,,油資,金錢,,,否,,,,,,,
31,邱俊憲,111年高雄市議員選舉,首次申報,1110622,交通旅運支出,全國加油站仁武站,21682430,0.00,881.00,,,,油資,金錢,,,否,,,,,,,
32,邱俊憲,111年高雄市議員選舉,首次申報,1110623,交通旅運支出,台灣中油鳳松站,85874004,0.00,95.00,,,,油資,金錢,,,否,,,,,,,
33,邱俊憲,111年高雄市議員選舉,首次申報,1110625,交通旅運支出,全國加油站鳳山站,10705647,0.00,444.00,,,,油資,金錢,,,否,,,,,,,
34,邱俊憲,111年高雄市議員選舉,首次申報,1110625,交通旅運支出,台糖加油站,15521886,0.00,100.00,,,,油資,金錢,,,否,,,,,,,
35,邱俊憲,111年高雄市議員選舉,首次申報,1110628,交通旅運支出,台灣中油五甲路加油站,85646396,0.00,90.00,,,,油資,金錢,,,否,,,,,,,
36,邱俊憲,111年高雄市議員選舉,首次申報,1110629,交通旅運支出,全國加油站鳳山站,10705647,0.00,748.00,,,,油資,金錢,,,否,,,,,,,
37,邱俊憲,111年高雄市議員選舉,首次申報,1110630,宣傳支出,誠羽色彩創意有限公司,24209562,0.00,18665.00,,,,製作競選物品或宣傳廣告費用（背包氣球）,金錢,新北市新莊區****,,否,,,,,,,
38,邱俊憲,111年高雄市議員選舉,首次申報,1110630,交通旅運支出,台灣中油鳳松站,85874004,0.00,90.00,,,,油資,金錢,,,否,,,,,,,
39,邱俊憲,111年高雄市議員選舉,首次申報,1110701,雜支支出,藍新科技股份有限公司,70565326,0.00,1380.00,,,,月線上捐款手續費(發票號碼CZ),金錢,,,否,,,,,,,
40,邱俊憲,111年高雄市議員選舉,首次申報,1110704,交通旅運支出,台糖加油站,15521886,0.00,118.00,,,,油資,金錢,,,否,,,,,,,
41,邱俊憲,111年高雄市議員選舉,首次申報,1110706,雜支支出,中華郵政鳥松郵局,,0.00,8.00,,,,郵資券號,金錢,高雄市鳥松區****,,否,,,,,,,
42,邱俊憲,111年高雄市議員選舉,首次申報,1110708,租用宣傳車輛支出,台灣中油建工站,06829131,0.00,115.00,,,,宣傳車輛燃料費用,金錢,,,否,,,,,,,
43,邱俊憲,111年高雄市議員選舉,首次申報,1110709,交通旅運支出,全國加油站,99393490,0.00,754.00,,,,油資,金錢,,,否,,,,,,,
44,邱俊憲,111年高雄市議員選舉,首次申報,1110710,交通旅運支出,台糖加油站,38753009,0.00,90.00,,,,油資,金錢,,,否,,,,,,,
45,邱俊憲,111年高雄市議員選舉,首次申報,1110712,租用宣傳車輛支出,台灣中油建工站,06829131,0.00,105.00,,,,宣傳車輛燃料費用,金錢,,,否,,,,,,,
46,邱俊憲,111年高雄市議員選舉,首次申報,1110714,交通旅運支出,統一精工,17638932,0.00,130.00,,,,油資,金錢,,,否,,,,,,,
47,邱俊憲,111年高雄市議員選舉,首次申報,1110714,交通旅運支出,台灣中油五甲路加油站,85646396,0.00,95.00,,,,油資,金錢,,,否,,,,,,,
48,邱俊憲,111年高雄市議員選舉,首次申報,1110719,雜支支出,中華郵政鳥松郵局,,0.00,9.00,,,,郵資券號,金錢,高雄市鳥松區****,,否,,,,,,,
49,邱俊憲,111年高雄市議員選舉,首次申報,1110719,交通旅運支出,台灣中油五甲路加油站,85646396,0.00,100.00,,,,油資,金錢,,,否,,,,,,,
50,邱俊憲,111年高雄市議員選舉,首次申報,1110720,交通旅運支出,台糖加油站,15521886,0.00,90.00,,,,油資,金錢,,,否,,,,,,,
51,邱俊憲,111年高雄市議員選舉,首次申報,1110720,交通旅運支出,全國加油站仁武站,21682430,0.00,878.00,,,,油資,金錢,,,否,,,,,,,
52,邱俊憲,111年高雄市議員選舉,首次申報,1110722,租用宣傳車輛支出,台灣中油建工站,06829131,0.00,110.00,,,,宣傳車輛燃料費用,金錢,,,否,,,,,,,
53,邱俊憲,111年高雄市議員選舉,首次申報,1110726,雜支支出,中華郵政鳥松郵局,,0.00,59.00,,,,郵資券號,金錢,高雄市鳥松區****,,否,,,,,,,
54,邱俊憲,111年高雄市議員選舉,首次申報,1110726,交通旅運支出,台糖加油站,38753009,0.00,115.00,,,,油資,金錢,,,否,,,,,,,
55,邱俊憲,111年高雄市議員選舉,首次申報,1110727,交通旅運支出,全國加油站鳳山站,10705647,0.00,875.00,,,,油資,金錢,,,否,,,,,,,
56,邱俊憲,111年高雄市議員選舉,首次申報,1110728,交通旅運支出,台糖加油站,15521886,0.00,110.00,,,,油資,金錢,,,否,,,,,,,
57,邱俊憲,111年高雄市議員選舉,首次申報,1110729,交通旅運支出,台糖加油站,15521886,0.00,100.00,,,,油資,金錢,,,否,,,,,,,
58,邱俊憲,111年高雄市議員選舉,首次申報,1110729,交通旅運支出,台糖加油站,15521886,0.00,610.00,,,,油資,金錢,,,否,,,,,,,
59,邱俊憲,111年高雄市議員選舉,首次申報,1110729,交通旅運支出,台糖加油站,38753009,0.00,1250.00,,,,油資,金錢,,,否,,,,,,,
60,邱俊憲,111年高雄市議員選舉,首次申報,1110801,雜支支出,藍新科技股份有限公司,70565326,0.00,383.00,,,,月線上捐款手續費(發票號碼CZ),金錢,,,否,,,,,,,
61,邱俊憲,111年高雄市議員選舉,首次申報,1110802,交通旅運支出,台糖加油站,38753009,0.00,85.00,,,,油資,金錢,,,否,,,,,,,
62,邱俊憲,111年高雄市議員選舉,首次申報,1110803,租用宣傳車輛支出,廣陸輪胎行,19923031,0.00,3000.00,,,,維修宣傳車輛費用,金錢,,,否,,,,,,,
63,邱俊憲,111年高雄市議員選舉,首次申報,1110803,交通旅運支出,全國加油站仁武站,21682430,0.00,879.00,,,,油資,金錢,,,否,,,,,,,
64,邱俊憲,111年高雄市議員選舉,首次申報,1110803,交通旅運支出,水美加油站,89713847,0.00,910.00,,,,油資,金錢,,,否,,,,,,,
65,邱俊憲,111年高雄市議員選舉,首次申報,1110804,交通旅運支出,台糖加油站,38753009,0.00,105.00,,,,油資,金錢,,,否,,,,,,,
66,邱俊憲,111年高雄市議員選舉,首次申報,1110805,交通旅運支出,台糖加油站,38753009,0.00,83.00,,,,油資,金錢,,,否,,,,,,,
67,邱俊憲,111年高雄市議員選舉,首次申報,1110808,交通旅運支出,台糖加油站,67701699,0.00,110.00,,,,油資,金錢,,,否,,,,,,,
68,邱俊憲,111年高雄市議員選舉,首次申報,1110810,交通旅運支出,統一精工,14465599,0.00,828.00,,,,油資,金錢,,,否,,,,,,,
69,邱俊憲,111年高雄市議員選舉,首次申報,1110810,交通旅運支出,全國加油站仁武站,21682430,0.00,887.00,,,,油資,金錢,,,否,,,,,,,
70,邱俊憲,111年高雄市議員選舉,首次申報,1110810,租用宣傳車輛支出,台灣中油大樹站,85920252,0.00,70.00,,,,宣傳車輛燃料費用,金錢,,,否,,,,,,,
71,邱俊憲,111年高雄市議員選舉,首次申報,1110811,交通旅運支出,台糖加油站,38753009,0.00,90.00,,,,油資,金錢,,,否,,,,,,,
72,邱俊憲,111年高雄市議員選舉,首次申報,1110811,交通旅運支出,統一精工,80959117,0.00,650.00,,,,油資,金錢,,,否,,,,,,,
73,邱俊憲,111年高雄市議員選舉,首次申報,1110813,交通旅運支出,統一精工,17638932,0.00,1075.00,,,,油資,金錢,,,否,,,,,,,
74,邱俊憲,111年高雄市議員選舉,首次申報,1110813,交通旅運支出,漢神青年停車場,17859420,0.00,120.00,,,,停車費,金錢,,,否,,,,,,,
75,邱俊憲,111年高雄市議員選舉,首次申報,1110813,交通旅運支出,台糖加油站,38753009,0.00,80.00,,,,油資,金錢,,,否,,,,,,,
76,邱俊憲,111年高雄市議員選舉,首次申報,1110815,交通旅運支出,台糖加油站,15521886,0.00,100.00,,,,油資,金錢,,,否,,,,,,,
77,邱俊憲,111年高雄市議員選舉,首次申報,1110817,交通旅運支出,台灣普客二四股份有限公司,10245671,0.00,150.00,,,,停車費,金錢,,,否,,,,,,,
78,邱俊憲,111年高雄市議員選舉,首次申報,1110817,交通旅運支出,台糖加油站,38753009,0.00,75.00,,,,油資,金錢,,,否,,,,,,,
79,邱俊憲,111年高雄市議員選舉,首次申報,1110819,交通旅運支出,台糖加油站,15521886,0.00,95.00,,,,油資,金錢,,,否,,,,,,,
80,邱俊憲,111年高雄市議員選舉,首次申報,1110819,宣傳支出,高屏廣播股份有限公司,89428055,0.00,100000.00,,,,播放、傳送或刊登宣傳廣告費用,金錢,高雄市前鎮區****,,否,,,,,,,
81,邱俊憲,111年高雄市議員選舉,首次申報,1110819,宣傳支出,高屏廣播股份有限公司,89428055,0.00,30000.00,,,,播放、傳送或刊登宣傳廣告費用,金錢,高雄市前鎮區****,,否,,,,,,,
82,邱俊憲,111年高雄市議員選舉,首次申報,1110820,雜支支出,寶翔生活館有限公司,24662205,0.00,169.00,,,,雜項購置或修繕費用,金錢,,,否,,,,,,,
83,邱俊憲,111年高雄市議員選舉,首次申報,1110821,交通旅運支出,台糖加油站,15521886,0.00,100.00,,,,油資,金錢,,,否,,,,,,,
84,邱俊憲,111年高雄市議員選舉,首次申報,1110822,雜支支出,中華郵政鳥松郵局,,0.00,168.00,,,,郵資券號,金錢,高雄市鳥松區****,,否,,,,,,,
85,邱俊憲,111年高雄市議員選舉,首次申報,1110824,租用宣傳車輛支出,光華加油站,22842688,0.00,75.00,,,,宣傳車輛燃料費用,金錢,,,否,,,,,,,
86,邱俊憲,111年高雄市議員選舉,首次申報,1110824,交通旅運支出,光華加油站,22842688,0.00,820.00,,,,油資,金錢,,,否,,,,,,,
87,邱俊憲,111年高雄市議員選舉,首次申報,1110824,交通旅運支出,台灣中油鳳松站,85874004,0.00,100.00,,,,油資,金錢,,,否,,,,,,,
88,邱俊憲,111年高雄市議員選舉,首次申報,1110825,宣傳支出,麗昇通訊行,17865014,0.00,81700.00,,,,租用廣告看板或車體廣告費用,金錢,高雄市三民區****,,否,,,,,,,
89,邱俊憲,111年高雄市議員選舉,首次申報,1110825,宣傳支出,麗昇通訊行,17865014,0.00,38500.00,,,,租用廣告看板或車體廣告費用,金錢,高雄市三民區****,,否,,,,,,,
90,邱俊憲,111年高雄市議員選舉,首次申報,1110825,租用宣傳車輛支出,台灣中油大樹站,85920252,0.00,90.00,,,,宣傳車輛燃料費用,金錢,,,否,,,,,,,
91,邱俊憲,111年高雄市議員選舉,首次申報,1110826,交通旅運支出,台糖加油站,38753009,0.00,85.00,,,,油資,金錢,,,否,,,,,,,
92,邱俊憲,111年高雄市議員選舉,首次申報,1110827,交通旅運支出,TIS PARKING,92100792,0.00,120.00,,,,停車費,金錢,,,否,,,,,,,
93,邱俊憲,111年高雄市議員選舉,首次申報,1110828,租用宣傳車輛支出,台灣中油鳳松站,85874004,0.00,65.00,,,,宣傳車輛燃料費用,金錢,,,否,,,,,,,
94,邱俊憲,111年高雄市議員選舉,首次申報,1110830,雜支支出,寶翔生活館有限公司,24662205,0.00,618.00,,,,雜項購置或修繕費用,金錢,,,否,,,,,,,
95,邱俊憲,111年高雄市議員選舉,首次申報,1110830,宣傳支出,創兆整合行銷有限公司,29010219,0.00,417459.00,,,,製作競選物品或宣傳廣告費用（看板製作及刊登一批）,金錢,高雄市三民區****,,否,,,,,,,
96,邱俊憲,111年高雄市議員選舉,首次申報,1110830,交通旅運支出,俥亭亭俥事業股份有限公司,38742812,0.00,45.00,,,,停車費,金錢,,,否,,,,,,,
97,邱俊憲,111年高雄市議員選舉,首次申報,1110830,交通旅運支出,俥亭亭俥事業股份有限公司,38742812,0.00,30.00,,,,停車費,金錢,,,否,,,,,,,
98,邱俊憲,111年高雄市議員選舉,首次申報,1110830,交通旅運支出,台糖加油站,38753009,0.00,95.00,,,,油資,金錢,,,否,,,,,,,
99,邱俊憲,111年高雄市議員選舉,首次申報,1110905,雜支支出,中華郵政鳥松郵局,,0.00,588.00,,,,郵資券號,金錢,高雄市鳥松區****,,否,,,,,,,
100,邱俊憲,111年高雄市議員選舉,首次申報,1110905,雜支支出,寶翔生活館有限公司,24662205,0.00,809.00,,,,雜項購置或修繕費用,金錢,,,否,,,,,,,
101,邱俊憲,111年高雄市議員選舉,首次申報,1110905,雜支支出,寶翔生活館有限公司,24662205,0.00,120.00,,,,雜項購置或修繕費用,金錢,,,否,,,,,,,
102,邱俊憲,111年高雄市議員選舉,首次申報,1110906,雜支支出,中華郵政鳥松郵局,,0.00,380.00,,,,郵資券號,金錢,高雄市鳥松區****,,否,,,,,,,
103,邱俊憲,111年高雄市議員選舉,首次申報,1110906,雜支支出,寶翔生活館有限公司,24662205,0.00,309.00,,,,雜項購置或修繕費用,金錢,,,否,,,,,,,
104,邱俊憲,111年高雄市議員選舉,首次申報,1110907,雜支支出,中華郵政鳥松郵局,,0.00,112.00,,,,郵資券號,金錢,高雄市鳥松區****,,否,,,,,,,
105,邱俊憲,111年高雄市議員選舉,首次申報,1110907,雜支支出,中華郵政鳥松郵局,,0.00,582.00,,,,郵資券號,金錢,高雄市鳥松區****,,否,,,,,,,
106,邱俊憲,111年高雄市議員選舉,首次申報,1110908,雜支支出,中華郵政鳥松郵局,,0.00,112.00,,,,郵資券號,金錢,高雄市鳥松區****,,否,,,,,,,
107,邱俊憲,111年高雄市議員選舉,首次申報,1110908,雜支支出,寶翔生活館有限公司,24662205,0.00,844.00,,,,雜項購置或修繕費用,金錢,,,否,,,,,,,
108,邱俊憲,111年高雄市議員選舉,首次申報,1110908,雜支支出,寶雅,51319514,0.00,120.00,,,,文具用品費用,金錢,,,否,,,,,,,
109,邱俊憲,111年高雄市議員選舉,首次申報,1110913,雜支支出,燦坤實業股份有限公司鳥松分公司,53651706,0.00,469.00,,,,雜項購置或修繕費用,金錢,,,否,,,,,,,
110,邱俊憲,111年高雄市議員選舉,首次申報,1110915,交通旅運支出,台糖加油站,15521886,0.00,930.00,,,,油資,金錢,,,否,,,,,,,
111,邱俊憲,111年高雄市議員選舉,首次申報,1110916,雜支支出,中華郵政鳥松郵局,,0.00,35.00,,,,郵資券號,金錢,高雄市鳥松區****,,否,,,,,,,
112,邱俊憲,111年高雄市議員選舉,首次申報,1110916,雜支支出,寶翔生活館有限公司,24662205,0.00,204.00,,,,雜項購置或修繕費用,金錢,,,否,,,,,,,
113,邱俊憲,111年高雄市議員選舉,首次申報,1110916,交通旅運支出,台糖加油站,38753009,0.00,700.00,,,,油資,金錢,,,否,,,,,,,
114,邱俊憲,111年高雄市議員選舉,首次申報,1110921,雜支支出,中華郵政鳥松郵局,,0.00,455.00,,,,郵資券號,金錢,高雄市鳥松區****,,否,,,,,,,
115,邱俊憲,111年高雄市議員選舉,首次申報,1110921,宣傳支出,中華郵政股份有限公司台北郵局,04137838,0.00,97837.00,,,,郵寄競選物品或宣傳廣告費用,金錢,臺北市中正區****,,否,,,,,,,
116,邱俊憲,111年高雄市議員選舉,首次申報,1110922,雜支支出,中華郵政鳥松郵局,,0.00,118.00,,,,郵資券號,金錢,高雄市鳥松區****,,否,,,,,,,
117,邱俊憲,111年高雄市議員選舉,首次申報,1110922,交通旅運支出,全國加油站鳥松站,19672490,0.00,500.00,,,,油資,金錢,,,否,,,,,,,
118,邱俊憲,111年高雄市議員選舉,首次申報,1110927,雜支支出,中華郵政鳥松郵局,,0.00,7.00,,,,郵資券號,金錢,高雄市鳥松區****,,否,,,,,,,
119,邱俊憲,111年高雄市議員選舉,首次申報,1110930,租用宣傳車輛支出,好彩頭廣告社,10453874,0.00,22000.00,,,,租用宣傳車輛費用,金錢,高雄市鳥松區****,,否,,,,,,,
120,邱俊憲,111年高雄市議員選舉,首次申報,1111001,集會支出,自然泉的店,36916652,0.00,200.00,,,,餐飲費用,金錢,,,否,,,,,,,
121,邱俊憲,111年高雄市議員選舉,首次申報,1111001,雜支支出,藍新科技股份有限公司,70565326,0.00,263.00,,,,月線上捐款手續費(發票號碼FB),金錢,,,否,,,,,,,
122,邱俊憲,111年高雄市議員選舉,首次申報,1111003,雜支支出,寶雅仁武八德店,51319514,0.00,262.00,,,,雜項購置或修繕費用,金錢,,,否,,,,,,,
123,邱俊憲,111年高雄市議員選舉,首次申報,1111003,雜支支出,燦坤實業股份有限公司新仁武分公司,51358608,0.00,575.00,,,,雜項購置或修繕費用,金錢,,,否,,,,,,,
124,邱俊憲,111年高雄市議員選舉,首次申報,1111004,交通旅運支出,松詠灣內站,45137213,0.00,500.00,,,,油資,金錢,,,否,,,,,,,
125,邱俊憲,111年高雄市議員選舉,首次申報,1111004,人事費用支出,呂金花,Q22*******,0.00,22534.00,,,,工資,金錢,高雄市仁武區****,,否,,,,,,,
126,邱俊憲,111年高雄市議員選舉,首次申報,1111004,人事費用支出,呂金花,Q22*******,0.00,26000.00,,,,薪資(月),金錢,高雄市仁武區****,,否,,,,,,,
127,邱俊憲,111年高雄市議員選舉,首次申報,1111004,人事費用支出,呂瑞蓮,Q22*******,0.00,22534.00,,,,薪資(月份),金錢,高雄市仁武區****,,否,,,,,,,
128,邱俊憲,111年高雄市議員選舉,首次申報,1111004,人事費用支出,呂瑞蓮,Q22*******,0.00,26000.00,,,,薪資(月),金錢,高雄市仁武區****,,否,,,,,,,
129,邱俊憲,111年高雄市議員選舉,首次申報,1111005,租用競選辦事處支出,昌泓行,14839648,0.00,1600.00,,,,租買辦公設備費用(影印機租賃),金錢,,,否,,,,,,,
130,邱俊憲,111年高雄市議員選舉,首次申報,1111005,宣傳支出,台灣摩菲爾國際股份有限公司,24312453,0.00,29085.00,,,,租用廣告看板或車體廣告費用,金錢,臺北市中正區****,,否,,,,,,,
131,邱俊憲,111年高雄市議員選舉,首次申報,1111005,交通旅運支出,水美加油站,89713847,0.00,500.00,,,,油資,金錢,,,否,,,,,,,
132,邱俊憲,111年高雄市議員選舉,首次申報,1111006,宣傳支出,網路家庭國際資訊股份有限公司,16606102,0.00,20000.00,,,,發送電信簡訊費用,金錢,,,否,,,,,,,
133,邱俊憲,111年高雄市議員選舉,首次申報,1111006,宣傳支出,自由時報企業股份有限公司,52570683,0.00,75600.00,,,,播放、傳送或刊登宣傳廣告費用,金錢,臺北市內湖區****,,否,,,,,,,
134,邱俊憲,111年高雄市議員選舉,首次申報,1111006,宣傳支出,民眾傳播事業有限公司,54635249,0.00,50000.00,,,,播放、傳送或刊登宣傳廣告費用,金錢,高雄市鳳山區****,,否,,,,,,,
135,邱俊憲,111年高雄市議員選舉,首次申報,1111008,集會支出,正德素食自助餐,00866329,0.00,270.00,,,,餐飲費用,金錢,,,否,,,,,,,
136,邱俊憲,111年高雄市議員選舉,首次申報,1111008,集會支出,桌上賓,09599289,0.00,2000.00,,,,餐飲費用,金錢,,,否,,,,,,,
137,邱俊憲,111年高雄市議員選舉,首次申報,1111008,集會支出,五甲劉江便當,10737578,0.00,3450.00,,,,餐飲費用,金錢,,,否,,,,,,,
138,邱俊憲,111年高雄市議員選舉,首次申報,1111008,雜支支出,寶翔生活館有限公司,24662205,0.00,149.00,,,,雜項購置或修繕費用,金錢,,,否,,,,,,,
139,邱俊憲,111年高雄市議員選舉,首次申報,1111008,雜支支出,寶翔生活館有限公司,24662205,0.00,200.00,,,,雜項購置或修繕費用,金錢,,,否,,,,,,,
140,邱俊憲,111年高雄市議員選舉,首次申報,1111008,雜支支出,寶翔生活館有限公司,24662205,0.00,110.00,,,,文具用品費用,金錢,,,否,,,,,,,
141,邱俊憲,111年高雄市議員選舉,首次申報,1111008,集會支出,富民鴨肉,25974676,0.00,4300.00,,,,餐飲費用,金錢,,,否,,,,,,,
142,邱俊憲,111年高雄市議員選舉,首次申報,1111008,集會支出,自然泉的店,36916652,0.00,400.00,,,,餐飲費用,金錢,,,否,,,,,,,
143,邱俊憲,111年高雄市議員選舉,首次申報,1111008,集會支出,一家池上飯盒店,38712747,0.00,1520.00,,,,餐飲費用,金錢,,,否,,,,,,,
144,邱俊憲,111年高雄市議員選舉,首次申報,1111008,集會支出,50嵐綠茶連鎖專賣店鳥松中正店,41275946,0.00,905.00,,,,餐飲費用,金錢,,,否,,,,,,,
145,邱俊憲,111年高雄市議員選舉,首次申報,1111008,集會支出,50嵐綠茶連鎖專賣店鳥松中正店,41275946,0.00,604.00,,,,餐飲費用,金錢,,,否,,,,,,,
146,邱俊憲,111年高雄市議員選舉,首次申報,1111008,集會支出,50嵐綠茶連鎖專賣店中正神農店,41275951,0.00,903.00,,,,餐飲費用,金錢,,,否,,,,,,,
147,邱俊憲,111年高雄市議員選舉,首次申報,1111008,集會支出,桌上賓,42808250,0.00,3690.00,,,,餐飲費用,金錢,,,否,,,,,,,
148,邱俊憲,111年高雄市議員選舉,首次申報,1111008,集會支出,多賓中式快餐,71036205,0.00,3600.00,,,,餐飲費用,金錢,,,否,,,,,,,
149,邱俊憲,111年高雄市議員選舉,首次申報,1111008,集會支出,仁武特品烤鴨,82666658,0.00,1860.00,,,,餐飲費用,金錢,,,否,,,,,,,
150,邱俊憲,111年高雄市議員選舉,首次申報,1111008,集會支出,可不可熟成紅茶,83067771,0.00,900.00,,,,餐飲費用,金錢,,,否,,,,,,,
151,邱俊憲,111年高雄市議員選舉,首次申報,1111008,集會支出,勝璋通運股份有限公司,85191682,0.00,30000.00,,,,其他與集會有關之費用,金錢,,,否,,,,,,,
152,邱俊憲,111年高雄市議員選舉,首次申報,1111008,集會支出,宇澤食品行,88085019,0.00,6480.00,,,,餐飲費用,金錢,,,否,,,,,,,
153,邱俊憲,111年高雄市議員選舉,首次申報,1111008,集會支出,太師傅便當專賣店仁武店,90381607,0.00,4300.00,,,,餐飲費用,金錢,,,否,,,,,,,
154,邱俊憲,111年高雄市議員選舉,首次申報,1111009,集會支出,遠東救護車企業有限公司,13145248,0.00,11550.00,,,,其他與集會有關之費用(救護車車資),金錢,高雄市三民區****,1155*****,否,,,,,,,
155,邱俊憲,111年高雄市議員選舉,首次申報,1111009,集會支出,春天通運有限公司,97146706,0.00,35000.00,,,,其他與集會有關之費用,金錢,高雄市三民區****,,否,,,,,,,
156,邱俊憲,111年高雄市議員選舉,首次申報,1111010,租用宣傳車輛支出,好彩頭廣告社,10453874,0.00,22000.00,,,,租用宣傳車輛費用,金錢,高雄市鳥松區****,,否,,,,,,,
157,邱俊憲,111年高雄市議員選舉,首次申報,1111011,交通旅運支出,松詠灣內站,45137213,0.00,681.00,,,,油資,金錢,,,否,,,,,,,
158,邱俊憲,111年高雄市議員選舉,首次申報,1111011,宣傳支出,青雀文創事業有限公司,53882002,0.00,126630.00,,,,製作競選物品或宣傳廣告設計費用,金錢,高雄市新興區****,,否,,,,,,,
159,邱俊憲,111年高雄市議員選舉,首次申報,1111012,集會支出,南山產物保險股份有限公司,11099303,0.00,32636.00,,,,其他與集會有關之費用(保險費用),金錢,臺北市中正區****,,否,,,,,,,
160,邱俊憲,111年高雄市議員選舉,首次申報,1111012,宣傳支出,精湛民意調查顧問股份有限公司,27999478,0.00,136500.00,,,,委託辦理研究、評估、調查、設計或規劃費用,金錢,新北市板橋區****,,否,,,,,,,
161,邱俊憲,111年高雄市議員選舉,首次申報,1111012,集會支出,東慶錄影工作室,36909759,0.00,30000.00,,,,其他與集會有關之費用(錄影紀錄),金錢,高雄市三民區****,,否,,,,,,,
162,邱俊憲,111年高雄市議員選舉,首次申報,1111012,集會支出,兆豐清潔家坊,82674714,0.00,21000.00,,,,清潔整理費用,金錢,,,否,,,,,,,
163,邱俊憲,111年高雄市議員選舉,首次申報,1111013,交通旅運支出,大昌路加油站,86451448,0.00,150.00,,,,其他與交通旅運有關之費用,金錢,,,否,,,,,,,
164,邱俊憲,111年高雄市議員選舉,首次申報,1111014,交通旅運支出,統一精工,14465599,0.00,840.00,,,,油資,金錢,,,否,,,,,,,
165,邱俊憲,111年高雄市議員選舉,首次申報,1111014,交通旅運支出,台灣中油千越武慶站,21952834,0.00,1000.00,,,,油資,金錢,,,否,,,,,,,
166,邱俊憲,111年高雄市議員選舉,首次申報,1111014,集會支出,山蟲設計工作室,91519566,0.00,23940.00,,,,其他與集會有關之費用(晚會道具製作),金錢,高雄市新興區****,,否,,,,,,,
167,邱俊憲,111年高雄市議員選舉,首次申報,1111015,交通旅運支出,松詠灣內站,45137213,0.00,811.00,,,,油資,金錢,,,否,,,,,,,
168,邱俊憲,111年高雄市議員選舉,首次申報,1111017,交通旅運支出,台糖加油站,38753009,0.00,670.00,,,,油資,金錢,,,否,,,,,,,
169,邱俊憲,111年高雄市議員選舉,首次申報,1111017,雜支支出,燦坤實業股份有限公司鳥松分公司,53651706,0.00,990.00,,,,雜項購置或修繕費用,金錢,,,否,,,,,,,
170,邱俊憲,111年高雄市議員選舉,首次申報,1111017,宣傳支出,德美國際有限公司,59233552,0.00,60900.00,,,,製作競選物品或宣傳廣告費用（帽子）,金錢,高雄市鳳山區****,,否,,,,,,,
171,邱俊憲,111年高雄市議員選舉,首次申報,1111017,人事費用支出,吳信璋,E12*******,0.00,2040.00,,,,工資或薪津,金錢,高雄市仁武區****,,否,,,,,,,
172,邱俊憲,111年高雄市議員選舉,首次申報,1111017,人事費用支出,黃美秀,S22*******,0.00,4165.00,,,,工資或薪津,金錢,高雄市橋頭區****,,否,,,,,,,
173,邱俊憲,111年高雄市議員選舉,首次申報,1111018,交通旅運支出,統一精工,14465599,0.00,1955.00,,,,油資,金錢,,,否,,,,,,,
174,邱俊憲,111年高雄市議員選舉,首次申報,1111018,交通旅運支出,松詠灣內站,45137213,0.00,800.00,,,,油資,金錢,,,否,,,,,,,
175,邱俊憲,111年高雄市議員選舉,首次申報,1111018,宣傳支出,竹映多媒體文化事業工作室,82729020,0.00,50000.00,,,,拍攝、製作宣傳廣告費用,金錢,高雄市苓雅區****,,否,,,,,,,
176,邱俊憲,111年高雄市議員選舉,首次申報,1111018,宣傳支出,大眾廣播股份有限公司,89256721,0.00,80000.00,,,,播放、傳送或刊登宣傳廣告費用,金錢,高雄市前鎮區****,,否,,,,,,,
177,邱俊憲,111年高雄市議員選舉,首次申報,1111019,宣傳支出,網路家庭國際資訊股份有限公司,16606102,0.00,40000.00,,,,發送電信簡訊費用,金錢,臺北市大安區****,,否,,,,,,,
178,邱俊憲,111年高雄市議員選舉,首次申報,1111019,交通旅運支出,台糖加油站,38753009,0.00,910.00,,,,油資,金錢,,,否,,,,,,,
179,邱俊憲,111年高雄市議員選舉,首次申報,1111020,雜支支出,燦坤實業股份有限公司鳥松分公司,53651706,0.00,899.00,,,,雜項購置或修繕費用,金錢,,,否,,,,,,,
180,邱俊憲,111年高雄市議員選舉,首次申報,1111021,雜支支出,中華郵政鳥松郵局,,0.00,750.00,,,,郵票 號,金錢,高雄市鳥松區****,,否,,,,,,,
181,邱俊憲,111年高雄市議員選舉,首次申報,1111021,租用宣傳車輛支出,好彩頭廣告社,10453874,0.00,22000.00,,,,租用宣傳車輛費用,金錢,高雄市鳥松區****,,否,,,,,,,
182,邱俊憲,111年高雄市議員選舉,首次申報,1111021,交通旅運支出,統一精工,14465599,0.00,700.00,,,,油資,金錢,,,否,,,,,,,
183,邱俊憲,111年高雄市議員選舉,首次申報,1111021,雜支支出,高松五金行,20230199,0.00,1440.00,,,,雜項購置或修繕費用,金錢,高雄市鳥松區****,,否,,,,,,,
184,邱俊憲,111年高雄市議員選舉,首次申報,1111021,交通旅運支出,台糖加油站,38753009,0.00,1000.00,,,,油資,金錢,,,否,,,,,,,
185,邱俊憲,111年高雄市議員選舉,首次申報,1111021,交通旅運支出,俥亭停車事業股份有限公司,85543814,0.00,120.00,,,,停車費,金錢,,,否,,,,,,,
186,邱俊憲,111年高雄市議員選舉,首次申報,1111021,宣傳支出,快樂廣播事業股份有限公司,89281812,0.00,80000.00,,,,播放、傳送或刊登宣傳廣告費用,金錢,高雄市苓雅區****,,否,,,,,,,
187,邱俊憲,111年高雄市議員選舉,首次申報,1111022,集會支出,宇澤食品行,88085019,0.00,3600.00,,,,餐飲費用,金錢,,,否,,,,,,,
188,邱俊憲,111年高雄市議員選舉,首次申報,1111023,雜支支出,寶翔生活館有限公司,24662205,0.00,189.00,,,,文具用品費用,金錢,,,否,,,,,,,
189,邱俊憲,111年高雄市議員選舉,首次申報,1111023,雜支支出,寶翔生活館有限公司,24662205,0.00,68.00,,,,文具用品費用,金錢,,,否,,,,,,,
190,邱俊憲,111年高雄市議員選舉,首次申報,1111024,雜支支出,寶翔生活館有限公司,24662205,0.00,84.00,,,,文具用品費用,金錢,,,否,,,,,,,
191,邱俊憲,111年高雄市議員選舉,首次申報,1111024,宣傳支出,自由時報企業股份有限公司,52570683,0.00,75600.00,,,,播放、傳送或刊登宣傳廣告費用,金錢,臺北市內湖區****,,否,,,,,,,
192,邱俊憲,111年高雄市議員選舉,首次申報,1111024,宣傳支出,民眾傳播事業有限公司,54635249,0.00,50000.00,,,,播放、傳送或刊登宣傳廣告費用,金錢,高雄市鳳山區****,,否,,,,,,,
193,邱俊憲,111年高雄市議員選舉,首次申報,1111025,宣傳支出,聯合報股份有限公司,22766099,0.00,63000.00,,,,播放、傳送或刊登宣傳廣告費用,金錢,高雄市前金區****,,否,,,,,,,
194,邱俊憲,111年高雄市議員選舉,首次申報,1111025,雜支支出,寶翔生活館有限公司,24662205,0.00,370.00,,,,雜項購置或修繕費用,金錢,,,否,,,,,,,
195,邱俊憲,111年高雄市議員選舉,首次申報,1111025,交通旅運支出,台糖加油站,38753009,0.00,750.00,,,,油資,金錢,,,否,,,,,,,
196,邱俊憲,111年高雄市議員選舉,首次申報,1111025,宣傳支出,青雀文創事業有限公司,53882002,0.00,98700.00,,,,製作競選物品或宣傳廣告設計費用,金錢,高雄市新興區****,,否,,,,,,,
197,邱俊憲,111年高雄市議員選舉,首次申報,1111026,雜支支出,中華郵政鳥松郵局,,0.00,63.00,,,,郵資券號,金錢,高雄市鳥松區****,,否,,,,,,,
198,邱俊憲,111年高雄市議員選舉,首次申報,1111026,交通旅運支出,台糖加油站,13321758,0.00,1550.00,,,,油資,金錢,,,否,,,,,,,
199,邱俊憲,111年高雄市議員選舉,首次申報,1111026,雜支支出,高松五金行,20230199,0.00,960.00,,,,雜項購置或修繕費用,金錢,高雄市鳥松區****,,否,,,,,,,
200,邱俊憲,111年高雄市議員選舉,首次申報,1111026,雜支支出,高松五金行,20230199,0.00,520.00,,,,雜項購置或修繕費用,金錢,高雄市鳥松區****,,否,,,,,,,
201,邱俊憲,111年高雄市議員選舉,首次申報,1111026,雜支支出,高松五金行,20230199,0.00,380.00,,,,雜項購置或修繕費用,金錢,高雄市鳥松區****,,否,,,,,,,
202,邱俊憲,111年高雄市議員選舉,首次申報,1111027,宣傳支出,精湛民意調查顧問股份有限公司,27999478,0.00,106607.00,,,,委託辦理研究、評估、調查、設計或規劃費用,金錢,新北市板橋區****,,否,,,,,,,
203,邱俊憲,111年高雄市議員選舉,首次申報,1111028,雜支支出,中華郵政鳥松郵局,,0.00,432.00,,,,郵資券號,金錢,高雄市鳥松區****,,否,,,,,,,
204,邱俊憲,111年高雄市議員選舉,首次申報,1111028,宣傳支出,鳳鳴廣播股份有限公司,20846603,0.00,30000.00,,,,播放、傳送或刊登宣傳廣告費用,金錢,高雄市三民區****,,否,,,,,,,
205,邱俊憲,111年高雄市議員選舉,首次申報,1111028,交通旅運支出,台糖加油站,38753009,0.00,930.00,,,,油資,金錢,,,否,,,,,,,
206,邱俊憲,111年高雄市議員選舉,首次申報,1111028,宣傳支出,億律企業行,41302768,0.00,158580.00,,,,製作競選物品或宣傳廣告費用（文宣印刷一批）,金錢,高雄市三民區****,,否,,,,,,,
207,邱俊憲,111年高雄市議員選舉,首次申報,1111030,宣傳支出,簡文通,,0.00,7000.00,,,,租用廣告看板,金錢,高雄市鳥松區****,0921*****,否,,,,,,,
208,邱俊憲,111年高雄市議員選舉,首次申報,1111031,宣傳支出,牧人股份有限公司,83246487,0.00,220000.00,,,,其他與選舉宣傳有關之費用(電話拜訪),金錢,高雄市新興區****,,否,,,,,,,
209,邱俊憲,111年高雄市議員選舉,首次申報,1111031,宣傳支出,港都廣播電臺股份有限公司,89280861,0.00,50000.00,,,,播放、傳送或刊登宣傳廣告費用,金錢,高雄市三民區****,,否,,,,,,,
210,邱俊憲,111年高雄市議員選舉,首次申報,1111101,雜支支出,藍新科技股份有限公司,70565326,0.00,1771.00,,,,月線上捐款手續費(發票號碼HD),金錢,,,否,,,,,,,
211,邱俊憲,111年高雄市議員選舉,首次申報,1111101,宣傳支出,丰心文創事業,81191280,0.00,20000.00,,,,郵寄競選物品或宣傳廣告費用,金錢,高雄市三民區****,,否,,,,,,,
212,邱俊憲,111年高雄市議員選舉,首次申報,1111105,交通旅運支出,亞柏加油站,72303236,0.00,550.00,,,,油資,金錢,,,否,,,,,,,
213,邱俊憲,111年高雄市議員選舉,首次申報,1111106,交通旅運支出,統一精工,14465599,0.00,700.00,,,,油資,金錢,,,否,,,,,,,
214,邱俊憲,111年高雄市議員選舉,首次申報,1111107,交通旅運支出,統一精工,14465599,0.00,500.00,,,,油資,金錢,,,否,,,,,,,
215,邱俊憲,111年高雄市議員選舉,首次申報,1111107,宣傳支出,通電社行銷事業有限公司,16820763,0.00,19240.00,,,,郵寄競選物品或宣傳廣告費用,金錢,高雄市左營區****,,否,,,,,,,
216,邱俊憲,111年高雄市議員選舉,首次申報,1111107,宣傳支出,丰心文創事業,81191280,0.00,19000.00,,,,郵寄競選物品或宣傳廣告費用,金錢,高雄市三民區****,,否,,,,,,,
217,邱俊憲,111年高雄市議員選舉,首次申報,1111108,宣傳支出,青雀文創事業有限公司,53882002,0.00,122325.00,,,,製作競選物品或宣傳廣告設計費用,金錢,高雄市新興區****,,否,,,,,,,
218,邱俊憲,111年高雄市議員選舉,首次申報,1111109,交通旅運支出,統一精工,14465599,0.00,1501.00,,,,油資,金錢,,,否,,,,,,,
219,邱俊憲,111年高雄市議員選舉,首次申報,1111109,租用宣傳車輛支出,統一精工,14465599,0.00,170.00,,,,宣傳車輛燃料費用,金錢,,,否,,,,,,,
220,邱俊憲,111年高雄市議員選舉,首次申報,1111109,雜支支出,寶翔生活館有限公司,24662205,0.00,250.00,,,,雜項購置或修繕費用,金錢,,,否,,,,,,,
221,邱俊憲,111年高雄市議員選舉,首次申報,1111109,雜支支出,寶翔生活館有限公司,24662205,0.00,2874.00,,,,雜項購置或修繕費用,金錢,,,否,,,,,,,
222,邱俊憲,111年高雄市議員選舉,首次申報,1111109,雜支支出,寶翔生活館有限公司,24662205,0.00,500.00,,,,雜項購置或修繕費用,金錢,,,否,,,,,,,
223,邱俊憲,111年高雄市議員選舉,首次申報,1111109,雜支支出,寶翔生活館有限公司,24662205,0.00,2292.00,,,,雜項購置或修繕費用,金錢,,,否,,,,,,,
224,邱俊憲,111年高雄市議員選舉,首次申報,1111110,租用宣傳車輛支出,好彩頭廣告社,10453874,0.00,22000.00,,,,租用宣傳車輛費用,金錢,高雄市鳥松區****,,否,,,,,,,
225,邱俊憲,111年高雄市議員選舉,首次申報,1111110,雜支支出,寶翔生活館有限公司,24662205,0.00,1193.00,,,,雜項購置或修繕費用,金錢,,,否,,,,,,,
226,邱俊憲,111年高雄市議員選舉,首次申報,1111110,雜支支出,寶翔生活館有限公司,24662205,0.00,509.00,,,,雜項購置或修繕費用,金錢,,,否,,,,,,,
227,邱俊憲,111年高雄市議員選舉,首次申報,1111110,交通旅運支出,松詠灣內站,45137213,0.00,600.00,,,,油資,金錢,,,否,,,,,,,
228,邱俊憲,111年高雄市議員選舉,首次申報,1111111,交通旅運支出,統一精工,14465599,0.00,680.00,,,,油資,金錢,,,否,,,,,,,
229,邱俊憲,111年高雄市議員選舉,首次申報,1111111,交通旅運支出,統一精工,14465599,0.00,640.00,,,,油資,金錢,,,否,,,,,,,
230,邱俊憲,111年高雄市議員選舉,首次申報,1111111,雜支支出,寶翔生活館有限公司,24662205,0.00,156.00,,,,雜項購置或修繕費用,金錢,,,否,,,,,,,
231,邱俊憲,111年高雄市議員選舉,首次申報,1111111,雜支支出,寶翔生活館有限公司,24662205,0.00,1196.00,,,,雜項購置或修繕費用,金錢,,,否,,,,,,,
232,邱俊憲,111年高雄市議員選舉,首次申報,1111111,交通旅運支出,水美加油站,89713847,0.00,550.00,,,,油資,金錢,,,否,,,,,,,
233,邱俊憲,111年高雄市議員選舉,首次申報,1111114,雜支支出,高松五金行,20230199,0.00,90.00,,,,雜項購置或修繕費用,金錢,高雄市鳥松區****,,否,,,,,,,
234,邱俊憲,111年高雄市議員選舉,首次申報,1111114,宣傳支出,市議員邱俊憲競選總部,R12*******,0.00,28800.00,,,,其他與選舉宣傳有關之費用,非金錢,高雄市鳥松區****,,否,,,,,,,
235,邱俊憲,111年高雄市議員選舉,首次申報,1111117,宣傳支出,民間全民電視股份有限公司,96975768,0.00,120000.00,,,,播放、傳送或刊登宣傳廣告費用,金錢,新北市林口區****,,否,,,,,,,
236,邱俊憲,111年高雄市議員選舉,首次申報,1111118,宣傳支出,民間全民電視股份有限公司,96975768,0.00,120000.00,,,,播放、傳送或刊登宣傳廣告費用,金錢,新北市林口區****,,否,,,,,,,
237,邱俊憲,111年高雄市議員選舉,首次申報,1111121,宣傳支出,聯合報股份有限公司,22766099,0.00,105000.00,,,,播放、傳送或刊登宣傳廣告費用,金錢,高雄市前金區****,,否,,,,,,,
238,邱俊憲,111年高雄市議員選舉,首次申報,1111121,宣傳支出,精湛民意調查顧問股份有限公司,27999478,0.00,240000.00,,,,委託辦理研究、評估、調查、設計或規劃費用,金錢,新北市板橋區****,,否,,,,,,,
239,邱俊憲,111年高雄市議員選舉,首次申報,1111123,宣傳支出,民間全民電視股份有限公司,96975768,0.00,100000.00,,,,播放、傳送或刊登宣傳廣告費用,金錢,新北市林口區****,,否,,,,,,,
240,邱俊憲,111年高雄市議員選舉,首次申報,1111125,租用宣傳車輛支出,好彩頭廣告社,10453874,0.00,11000.00,,,,租用宣傳車輛費用,金錢,高雄市鳥松區****,,否,,,,,,,
241,邱俊憲,111年高雄市議員選舉,首次申報,1111125,宣傳支出,艾勒芬廣告行銷有限公司,53882122,0.00,96000.00,,,,廣告費,金錢,高雄市楠梓區****,,否,,,,,,,
242,邱俊憲,111年高雄市議員選舉,首次申報,1111128,租用宣傳車輛支出,正達廣告企業行,07978030,0.00,199815.00,,,,租用宣傳車輛費用,金錢,高雄市鳳山區****,,否,,,,,,,
243,邱俊憲,111年高雄市議員選舉,首次申報,1111128,租用宣傳車輛支出,好幫手貨車出租有限公司,83290053,0.00,46800.00,,,,租用宣傳車輛費用,金錢,高雄市三民區****,,否,,,,,,,
244,邱俊憲,111年高雄市議員選舉,首次申報,1111130,宣傳支出,年代網際事業股份有限公司,05091991,0.00,210000.00,,,,播放、傳送或刊登宣傳廣告費用,金錢,臺北市內湖區****,,否,,,,,,,
245,邱俊憲,111年高雄市議員選舉,首次申報,1111201,雜支支出,藍新科技股份有限公司,70565326,0.00,23.00,,,,月線上捐款手續費(發票號碼HD),金錢,,,否,,,,,,,
