﻿序號,擬參選人／政黨,選舉名稱,申報序號／年度,交易日期,收支科目,捐贈者／支出對象,身分證／統一編號,收入金額,支出金額,捐贈方式,存入專戶日期,返還/繳庫,支出用途,金錢類,地址,聯絡電話,應揭露之支出對象,支出對象之內部人員姓名,支出對象之內部人員職稱,政黨之內部人員姓名,政黨之內部人員職稱,關係,更正註記,資料更正日期
1,邱俊憲,111年高雄市議員選舉,首次申報,1110505,個人捐贈收入,林慶恩,E12*******,100000.00,0.00,現金,1110505,,,金錢,高雄市仁武區****,,,,,,,,,
2,邱俊憲,111年高雄市議員選舉,首次申報,1110505,個人捐贈收入,吳建明,S10*******,100000.00,0.00,匯款,1110505,,,金錢,高雄市仁武區****,,,,,,,,,
3,邱俊憲,111年高雄市議員選舉,首次申報,1110512,其他收入,藍新金流測試匯款,,1.00,0.00,匯款,1110512,,,金錢,,,,,,,,,,
4,邱俊憲,111年高雄市議員選舉,首次申報,1110517,營利事業捐贈收入,鳳東路加油站有限公司,22851356,100000.00,0.00,現金,1110517,,,金錢,高雄市燕巢區****,,,,,,,,,
5,邱俊憲,111年高雄市議員選舉,首次申報,1110517,個人捐贈收入,陳玄益,E12*******,100000.00,0.00,現金,1110517,,,金錢,高雄市仁武區****,,,,,,,,,
6,邱俊憲,111年高雄市議員選舉,首次申報,1110519,匿名捐贈,許羽涵,,6000.00,0.00,匯款,1110519,,,金錢,,,,,,,,,,
7,邱俊憲,111年高雄市議員選舉,首次申報,1110519,匿名捐贈,匿名匯款,,10000.00,0.00,現金,1110519,,,金錢,,,,,,,,,,
8,邱俊憲,111年高雄市議員選舉,首次申報,1110519,營利事業捐贈收入,木子系統傢俱設計有限公司,45139134,6000.00,0.00,匯款,1110519,,,金錢,高雄市鳳山區****,,,,,,,,,
9,邱俊憲,111年高雄市議員選舉,首次申報,1110519,個人捐贈收入,郭宇軒,E12*******,2000.00,0.00,匯款,1110524,,,金錢,高雄市鳥松區****,0983*****,,,,,,,,
10,邱俊憲,111年高雄市議員選舉,首次申報,1110519,匿名捐贈,邱若瑋,E22*******,1450.00,0.00,匯款,1110524,,,金錢,高雄市苓雅區****,0912*****,,,,,,,,
11,邱俊憲,111年高雄市議員選舉,首次申報,1110520,匿名捐贈,匿名捐款,,2000.00,0.00,匯款,1110525,,,金錢,,,,,,,,,,
12,邱俊憲,111年高雄市議員選舉,首次申報,1110520,匿名捐贈,匯款匿名捐款,,10000.00,0.00,匯款,1110520,,,金錢,,,,,,,,,,
13,邱俊憲,111年高雄市議員選舉,首次申報,1110521,個人捐贈收入,朱俊彥,E12*******,3000.00,0.00,匯款,1110526,,,金錢,高雄市三民區****,0972*****,,,,,,,,
14,邱俊憲,111年高雄市議員選舉,首次申報,1110521,匿名捐贈,吳怡嫺,E22*******,1800.00,0.00,匯款,1110527,,,金錢,高雄市鳳山區****,0929*****,,,,,,,,
15,邱俊憲,111年高雄市議員選舉,首次申報,1110521,個人捐贈收入,鄒清蓮,E22*******,3000.00,0.00,匯款,1110527,,,金錢,高雄市楠梓區****,0981*****,,,,,,,,
16,邱俊憲,111年高雄市議員選舉,首次申報,1110522,個人捐贈收入,鄭素玲,F22*******,20000.00,0.00,匯款,1110527,,,金錢,高雄市苓雅區****,0939*****,,,,,,,,
17,邱俊憲,111年高雄市議員選舉,首次申報,1110523,匿名捐贈,蘇鴻樺,S12*******,3300.00,0.00,匯款,1110528,,,金錢,高雄市鳥松區****,0905*****,,,,,,,,
18,邱俊憲,111年高雄市議員選舉,首次申報,1110525,營利事業捐贈收入,賸德國際貿易有限公司,53898406,300000.00,0.00,匯款,1110525,,,金錢,高雄市鳥松區****,,,,,,,,,
19,邱俊憲,111年高雄市議員選舉,首次申報,1110525,個人捐贈收入,陳威華,P12*******,5000.00,0.00,匯款,1110530,,,金錢,高雄市三民區****,0929*****,,,,,,,,
20,邱俊憲,111年高雄市議員選舉,首次申報,1110527,營利事業捐贈收入,賦誠會計師事務所,38685761,10000.00,0.00,匯款,1110601,,,金錢,高雄市楠梓區****,,,,,,,,,
21,邱俊憲,111年高雄市議員選舉,首次申報,1110531,個人捐贈收入,林文攀,E10*******,30000.00,0.00,匯款,1110531,,,金錢,高雄市鳥松區****,,,,,,,,,
22,邱俊憲,111年高雄市議員選舉,首次申報,1110601,匿名捐贈,匿名匯款,,6000.00,0.00,匯款,1110601,,,金錢,,,,,,,,,,
23,邱俊憲,111年高雄市議員選舉,首次申報,1110601,個人捐贈收入,王浡生,E10*******,65000.00,0.00,,,,,非金錢,高雄市新興區****,,,,,,,,,
24,邱俊憲,111年高雄市議員選舉,首次申報,1110608,個人捐贈收入,王文華,X12*******,100000.00,0.00,現金,1110608,,,金錢,高雄市楠梓區****,,,,,,,,,
25,邱俊憲,111年高雄市議員選舉,首次申報,1110620,個人捐贈收入,黃妍萍,R22*******,100000.00,0.00,匯款,1110620,,,金錢,高雄市仁武區****,,,,,,,,,
26,邱俊憲,111年高雄市議員選舉,首次申報,1110621,其他收入,銀行利息,,11.00,0.00,匯款,1110621,,,金錢,,,,,,,,,,
27,邱俊憲,111年高雄市議員選舉,首次申報,1110621,個人捐贈收入,羅素琴,T22*******,2000.00,0.00,匯款,1110621,,,金錢,高雄市仁武區****,,,,,,,,,
28,邱俊憲,111年高雄市議員選舉,首次申報,1110624,匿名捐贈,匿名匯款,,200.00,0.00,匯款,1110624,,,金錢,,,,,,,,,,
29,邱俊憲,111年高雄市議員選舉,首次申報,1110625,營利事業捐贈收入,原點家具設計有限公司,53457610,50000.00,0.00,匯款,1110630,,,金錢,高雄市鳥松區****,,,,,,,,,
30,邱俊憲,111年高雄市議員選舉,首次申報,1110628,個人捐贈收入,許瑞仁,R12*******,20000.00,0.00,現金,1110628,,,金錢,高雄市左營區****,0918*****,,,,,,,,
31,邱俊憲,111年高雄市議員選舉,首次申報,1110701,個人捐贈收入,鍾凱恩,T22*******,8000.00,0.00,匯款,1110706,,,金錢,屏東縣潮州鎮****,0986*****,,,,,,,,
32,邱俊憲,111年高雄市議員選舉,首次申報,1110707,匿名捐贈,線上匿名捐款,,6666.00,0.00,匯款,1110713,,,金錢,,,,,,,,,,
33,邱俊憲,111年高雄市議員選舉,首次申報,1110711,個人捐贈收入,方孟德,D12*******,2000.00,0.00,匯款,1110716,,,金錢,新竹市東區光****,,,,,,,,,
34,邱俊憲,111年高雄市議員選舉,首次申報,1110720,個人捐贈收入,宋宏祥,S12*******,20000.00,0.00,匯款,1110720,,,金錢,高雄市小港區****,,,,,,,,,
35,邱俊憲,111年高雄市議員選舉,首次申報,1110727,營利事業捐贈收入,喬成工程有限公司,84317489,20000.00,0.00,匯款,1110727,,,金錢,高雄市燕巢區****,,,,,,,,,
36,邱俊憲,111年高雄市議員選舉,首次申報,1110815,個人捐贈收入,翁仙佩,E22*******,100000.00,0.00,匯款,1110815,,,金錢,高雄市鳥松區****,,,,,,,,,
37,邱俊憲,111年高雄市議員選舉,首次申報,1110815,個人捐贈收入,張書懷,R12*******,100000.00,0.00,匯款,1110815,,,金錢,臺南市歸仁區****,,,,,,,,,
38,邱俊憲,111年高雄市議員選舉,首次申報,1110815,個人捐贈收入,蔡佑晨,S12*******,100000.00,0.00,匯款,1110815,,,金錢,高雄市鳥松區****,,,,,,,,,
39,邱俊憲,111年高雄市議員選舉,首次申報,1110815,個人捐贈收入,蔡水勝,S12*******,100000.00,0.00,匯款,1110815,,,金錢,高雄市鳥松區****,,,,,,,,,
40,邱俊憲,111年高雄市議員選舉,首次申報,1110815,個人捐贈收入,施秀春,S22*******,100000.00,0.00,匯款,1110815,,,金錢,高雄市鳥松區****,,,,,,,,,
41,邱俊憲,111年高雄市議員選舉,首次申報,1110815,個人捐贈收入,蔡伊閔,S22*******,100000.00,0.00,匯款,1110815,,,金錢,高雄市鳳山區****,,,,,,,,,
42,邱俊憲,111年高雄市議員選舉,首次申報,1110822,個人捐贈收入,李木欣,R10*******,20000.00,0.00,匯款,1110822,,,金錢,高雄市新興區****,,,,,,,,,
43,邱俊憲,111年高雄市議員選舉,首次申報,1110830,營利事業捐贈收入,鼎新車業,41299623,10000.00,0.00,匯款,1110906,,,金錢,高雄市大樹區****,,,,,,,,,
44,邱俊憲,111年高雄市議員選舉,首次申報,1110901,個人捐贈收入,楊澄田,S12*******,20000.00,0.00,匯款,1110901,,,金錢,高雄市仁武區****,,,,,,,,,
45,邱俊憲,111年高雄市議員選舉,首次申報,1110901,個人捐贈收入,楊娉育,S22*******,3000.00,0.00,匯款,1110901,,,金錢,高雄市鳳山區****,,,,,,,,,
46,邱俊憲,111年高雄市議員選舉,首次申報,1110902,個人捐贈收入,徐晏祥,E12*******,10000.00,0.00,匯款,1110908,,,金錢,高雄市鳳山區****,0925*****,,,,,,,,
47,邱俊憲,111年高雄市議員選舉,首次申報,1110905,個人捐贈收入,李俊德,T12*******,20000.00,0.00,現金,1110905,,,金錢,屏東縣竹田鄉****,,,,,,,,,
48,邱俊憲,111年高雄市議員選舉,首次申報,1110908,匿名捐贈,線上匿名捐款,,1000.00,0.00,匯款,1110914,,,金錢,,,,,,,,,,
49,邱俊憲,111年高雄市議員選舉,首次申報,1110909,匿名捐贈,匿名,,1000.00,0.00,現金,1110912,,,金錢,,,,,,,,,,
50,邱俊憲,111年高雄市議員選舉,首次申報,1110909,匿名捐贈,匿名,,5000.00,0.00,現金,1110912,,,金錢,,,,,,,,,,
51,邱俊憲,111年高雄市議員選舉,首次申報,1110909,匿名捐贈,匿名,,2000.00,0.00,現金,1110912,,,金錢,,,,,,,,,,
52,邱俊憲,111年高雄市議員選舉,首次申報,1110909,匿名捐贈,匿名,,2000.00,0.00,現金,1110912,,,金錢,,,,,,,,,,
53,邱俊憲,111年高雄市議員選舉,首次申報,1110909,匿名捐贈,匿名,,3000.00,0.00,現金,1110912,,,金錢,,,,,,,,,,
54,邱俊憲,111年高雄市議員選舉,首次申報,1110909,匿名捐贈,匿名,,5000.00,0.00,現金,1110912,,,金錢,,,,,,,,,,
55,邱俊憲,111年高雄市議員選舉,首次申報,1110909,匿名捐贈,匿名,,1000.00,0.00,現金,1110912,,,金錢,,,,,,,,,,
56,邱俊憲,111年高雄市議員選舉,首次申報,1110909,匿名捐贈,匿名,,10000.00,0.00,現金,1110912,,,金錢,,,,,,,,,,
57,邱俊憲,111年高雄市議員選舉,首次申報,1110912,個人捐贈收入,劉璁錡,E12*******,10000.00,0.00,匯款,1110912,,,金錢,高雄市仁武區****,,,,,,,,,
58,邱俊憲,111年高雄市議員選舉,首次申報,1110921,營利事業捐贈收入,佑神電子遊戲場業股份有限公司,89411961,300000.00,0.00,匯款,1110921,,,金錢,高雄市前金區****,,,,,,,,,
59,邱俊憲,111年高雄市議員選舉,首次申報,1110921,個人捐贈收入,李威杰,E12*******,10000.00,0.00,匯款,1110921,,,金錢,高雄市鳥松區****,,,,,,,,,
60,邱俊憲,111年高雄市議員選舉,首次申報,1110921,個人捐贈收入,柯相遠,S12*******,100000.00,0.00,匯款,1110921,,,金錢,高雄市大樹區****,,,,,,,,,
61,邱俊憲,111年高雄市議員選舉,首次申報,1110923,匿名捐贈,匿名匯款,,10000.00,0.00,匯款,1110923,,,金錢,,,,,,,,,,
62,邱俊憲,111年高雄市議員選舉,首次申報,1110923,個人捐贈收入,李基正,E12*******,30000.00,0.00,匯款,1110923,,,金錢,高雄市大社區****,,,,,,,,,
63,邱俊憲,111年高雄市議員選舉,首次申報,1110926,個人捐贈收入,劉達振,S10*******,100000.00,0.00,匯款,1110926,,,金錢,高雄市左營區****,,,,,,,,,
64,邱俊憲,111年高雄市議員選舉,首次申報,1110926,個人捐贈收入,張文瑩,S10*******,100000.00,0.00,匯款,1110926,,,金錢,高雄市仁武區****,,,,,,,,,
65,邱俊憲,111年高雄市議員選舉,首次申報,1110926,個人捐贈收入,吳苑蓉,S22*******,100000.00,0.00,匯款,1110926,,,金錢,臺北市內湖區****,,,,,,,,,
66,邱俊憲,111年高雄市議員選舉,首次申報,1110927,個人捐贈收入,李宗穎,S12*******,10000.00,0.00,匯款,1111004,,,金錢,高雄市仁武區****,0953*****,,,,,,,,
67,邱俊憲,111年高雄市議員選舉,首次申報,1110928,營利事業捐贈收入,運鴻環保股份有限公司,86458131,20000.00,0.00,匯款,1110928,,,金錢,高雄市小港區****,,,,,,,,,
68,邱俊憲,111年高雄市議員選舉,首次申報,1110929,匿名捐贈,匿名捐款(蕭),,1200.00,0.00,匯款,1110929,,,金錢,,,,,,,,,,
69,邱俊憲,111年高雄市議員選舉,首次申報,1110930,營利事業捐贈收入,億記股份有限公司,75723801,100000.00,0.00,匯款,1110930,,,金錢,高雄市鼓山區****,,,,,,,,,
70,邱俊憲,111年高雄市議員選舉,首次申報,1111002,個人捐贈收入,李全榮,E10*******,2000.00,0.00,匯款,1111011,,,金錢,高雄市鳥松區****,,,,,,,,,
71,邱俊憲,111年高雄市議員選舉,首次申報,1111003,個人捐贈收入,羅婉瑜,S22*******,10000.00,0.00,匯款,1111003,,,金錢,高雄市仁武區****,,,,,,,,,
72,邱俊憲,111年高雄市議員選舉,首次申報,1111004,匿名捐贈,匿名匯款,,2000.00,0.00,匯款,1111004,,,金錢,,,,,,,,,,
73,邱俊憲,111年高雄市議員選舉,首次申報,1111004,營利事業捐贈收入,龍進營造有限公司,23498781,50000.00,0.00,現金,1111004,,,金錢,高雄市左營區****,,,,,,,,,
74,邱俊憲,111年高雄市議員選舉,首次申報,1111004,個人捐贈收入,林思菁,H22*******,20000.00,0.00,匯款,1111004,,,金錢,桃園市桃園區****,,,,,,,,,
75,邱俊憲,111年高雄市議員選舉,首次申報,1111005,個人捐贈收入,陳建宏,P12*******,30000.00,0.00,匯款,1111011,,,金錢,高雄市鳳山區****,,,,,,,,,
76,邱俊憲,111年高雄市議員選舉,首次申報,1111006,匿名捐贈,匿名匯款(卿),,3000.00,0.00,現金,1111006,,,金錢,,,,,,,,,,
77,邱俊憲,111年高雄市議員選舉,首次申報,1111006,個人捐贈收入,林宜葶,E22*******,12000.00,0.00,匯款,1111006,,,金錢,高雄市三民區****,,,,,,,,,
78,邱俊憲,111年高雄市議員選舉,首次申報,1111006,個人捐贈收入,黃美麗,S20*******,30000.00,0.00,匯款,1111006,,,金錢,高雄市鳳山區****,,,,,,,,,
79,邱俊憲,111年高雄市議員選舉,首次申報,1111006,個人捐贈收入,黃千恩,S22*******,100000.00,0.00,匯款,1111006,,,金錢,高雄市仁武區****,,,,,,,,,
80,邱俊憲,111年高雄市議員選舉,首次申報,1111007,營利事業捐贈收入,京承能源股份有限公司,42617111,100000.00,0.00,匯款,1111007,,,金錢,臺北市內湖區****,,,,,,,,,
81,邱俊憲,111年高雄市議員選舉,首次申報,1111007,個人捐贈收入,劉俊彥,S12*******,5000.00,0.00,匯款,1111007,,,金錢,高雄市仁武區****,,,,,,,,,
82,邱俊憲,111年高雄市議員選舉,首次申報,1111008,匿名捐贈,線上匿名捐款,,5000.00,0.00,匯款,1111017,,,金錢,,,,,,,,,,
83,邱俊憲,111年高雄市議員選舉,首次申報,1111008,個人捐贈收入,蔡淑貞,S20*******,10000.00,0.00,現金,1111012,,,金錢,高雄市苓雅區****,,,,,,,,,
84,邱俊憲,111年高雄市議員選舉,首次申報,1111012,個人捐贈收入,呂綺修,E22*******,3000.00,0.00,匯款,1111012,,,金錢,高雄市新興區****,,,,,,,,,
85,邱俊憲,111年高雄市議員選舉,首次申報,1111012,個人捐贈收入,賴建翰,T12*******,15000.00,0.00,現金,1111012,,,金錢,臺北市中正區****,,,,,,,,,
86,邱俊憲,111年高雄市議員選舉,首次申報,1111012,個人捐贈收入,賴怡如,T22*******,15000.00,0.00,現金,1111012,,,金錢,臺北市北投區****,,,,,,,,,
87,邱俊憲,111年高雄市議員選舉,首次申報,1111013,個人捐贈收入,莊育豪,E12*******,2000.00,0.00,匯款,1111013,,,金錢,高雄市楠梓區****,,,,,,,,,
88,邱俊憲,111年高雄市議員選舉,首次申報,1111013,個人捐贈收入,蔡政霖,E12*******,5000.00,0.00,匯款,1111013,,,金錢,高雄市三民區****,,,,,,,,,
89,邱俊憲,111年高雄市議員選舉,首次申報,1111013,個人捐贈收入,王美香,S22*******,10000.00,0.00,匯款,1111013,,,金錢,高雄市大樹區****,,,,,,,,,
90,邱俊憲,111年高雄市議員選舉,首次申報,1111017,個人捐贈收入,曾晉峰,Q12*******,2000.00,0.00,匯款,1111017,,,金錢,高雄市鳥松區****,,,,,,,,,
91,邱俊憲,111年高雄市議員選舉,首次申報,1111021,匿名捐贈,匿名匯款(卿),,1000.00,0.00,現金,1111021,,,金錢,,,,,,,,,,
92,邱俊憲,111年高雄市議員選舉,首次申報,1111022,個人捐贈收入,黃千鐘,B12*******,10000.00,0.00,匯款,1111022,,,金錢,臺中市南區五****,,,,,,,,,
93,邱俊憲,111年高雄市議員選舉,首次申報,1111024,個人捐贈收入,方吉雄,E10*******,100000.00,0.00,匯款,1111024,,,金錢,高雄市苓雅區****,,,,,,,,,
94,邱俊憲,111年高雄市議員選舉,首次申報,1111024,個人捐贈收入,洪富士,R12*******,100000.00,0.00,匯款,1111024,,,金錢,嘉義縣新港鄉****,,,,,,,,,
95,邱俊憲,111年高雄市議員選舉,首次申報,1111026,個人捐贈收入,吳韻笙,P22*******,30000.00,0.00,匯款,1111101,,,金錢,臺中市大肚區****,,,,,,,,,
96,邱俊憲,111年高雄市議員選舉,首次申報,1111031,匿名捐贈,匿名匯款(卿),,1000.00,0.00,現金,1111031,,,金錢,,,,,,,,,,
97,邱俊憲,111年高雄市議員選舉,首次申報,1111106,人民團體捐贈收入,社團法人高雄縣醫師公會,,20000.00,0.00,現金,1111110,,,金錢,高雄市鳳山區****,,,,,,,,,
98,邱俊憲,111年高雄市議員選舉,首次申報,1111107,個人捐贈收入,黃美麗,S20*******,30000.00,0.00,匯款,1111107,,,金錢,高雄市鳳山區****,,,,,,,,,
99,邱俊憲,111年高雄市議員選舉,首次申報,1111108,個人捐贈收入,洪如芬,S22*******,28800.00,0.00,,,,,非金錢,花蓮縣壽豐鄉****,,,,,,,,,
100,邱俊憲,111年高雄市議員選舉,首次申報,1111109,個人捐贈收入,魏清富,S12*******,10000.00,0.00,現金,1111109,,,金錢,高雄市大社區****,,,,,,,,,
101,邱俊憲,111年高雄市議員選舉,首次申報,1111110,營利事業捐贈收入,三章實業股份有限公司,88651962,100000.00,0.00,現金,1111110,,,金錢,高雄市橋頭區****,,,,,,,,,
102,邱俊憲,111年高雄市議員選舉,首次申報,1111110,營利事業捐贈收入,藍科實業有限公司,89560650,30000.00,0.00,現金,1111110,,,金錢,新北市中和區****,,,,,,,,,
103,邱俊憲,111年高雄市議員選舉,首次申報,1111110,個人捐贈收入,吳勁昌,Q12*******,20000.00,0.00,現金,1111110,,,金錢,臺北市大同區****,,,,,,,,,
104,邱俊憲,111年高雄市議員選舉,首次申報,1111111,個人捐贈收入,張弘敬,E12*******,10000.00,0.00,匯款,1111111,,,金錢,高雄市前金區****,,,,,,,,,
105,邱俊憲,111年高雄市議員選舉,首次申報,1111114,匿名捐贈,線上匿名(古),,1000.00,0.00,匯款,1111121,,,金錢,,,,,,,,,,
106,邱俊憲,111年高雄市議員選舉,首次申報,1111114,個人捐贈收入,陳宜謙,E12*******,1126.00,0.00,現金,1111124,,,金錢,高雄市前鎮區****,,,,,,,,,
107,邱俊憲,111年高雄市議員選舉,首次申報,1111114,個人捐贈收入,李威杰,E12*******,50000.00,0.00,匯款,1111114,,,金錢,高雄市鳥松區****,,,,,,,,,
108,邱俊憲,111年高雄市議員選舉,首次申報,1111114,個人捐贈收入,歐俊彥,S12*******,3000.00,0.00,匯款,1111114,,,金錢,高雄市鳳山區****,,,,,,,,,
109,邱俊憲,111年高雄市議員選舉,首次申報,1111114,個人捐贈收入,歐俊彥,S12*******,3378.00,0.00,現金,1111114,,,金錢,高雄市鳳山區****,,,,,,,,,
110,邱俊憲,111年高雄市議員選舉,首次申報,1111114,個人捐贈收入,余泰運,T12*******,3378.00,0.00,現金,1111124,,,金錢,高雄市仁武區****,,,,,,,,,
111,邱俊憲,111年高雄市議員選舉,首次申報,1111115,營利事業捐贈收入,好未兆商號,72052792,3304.00,0.00,現金,1111124,,,金錢,高雄市鹽埕區****,,,,,,,,,
112,邱俊憲,111年高雄市議員選舉,首次申報,1111115,個人捐贈收入,侯佳玲,A22*******,1200.00,0.00,現金,1111124,,,金錢,高雄市仁武區****,,,,,,,,,
113,邱俊憲,111年高雄市議員選舉,首次申報,1111116,營利事業捐贈收入,慈陽金屬工業股份有限公司,88656170,200000.00,0.00,匯款,1111116,,,金錢,高雄市永安區****,,,,,,,,,
114,邱俊憲,111年高雄市議員選舉,首次申報,1111116,個人捐贈收入,黃惠美,E22*******,100000.00,0.00,匯款,1111116,,,金錢,高雄市鹽埕區****,,,,,,,,,
115,邱俊憲,111年高雄市議員選舉,首次申報,1111117,個人捐贈收入,張賢德,M12*******,50000.00,0.00,票據,1111117,,,金錢,高雄市三民區****,,,,,,,,,
116,邱俊憲,111年高雄市議員選舉,首次申報,1111118,個人捐贈收入,莊孟樺,S22*******,20000.00,0.00,匯款,1111118,,,金錢,高雄市左營區****,,,,,,,,,
117,邱俊憲,111年高雄市議員選舉,首次申報,1111120,個人捐贈收入,涂子涵,E22*******,1126.00,0.00,現金,1111120,,,金錢,高雄市鼓山區****,,,,,,,,,
118,邱俊憲,111年高雄市議員選舉,首次申報,1111121,營利事業捐贈收入,永凱盛興業有限公司,16477472,20000.00,0.00,現金,1111121,,,金錢,高雄市鹽埕區****,,,,,,,,,
119,邱俊憲,111年高雄市議員選舉,首次申報,1111121,營利事業捐贈收入,台北世界貿易中心國際貿易大樓股份有限公司,21249034,100000.00,0.00,現金,1111121,,,金錢,臺北市信義區****,,,,,,,,,
120,邱俊憲,111年高雄市議員選舉,首次申報,1111122,個人捐贈收入,陳銘偉,E12*******,11260.00,0.00,現金,1111122,,,金錢,高雄市前鎮區****,,,,,,,,,
121,邱俊憲,111年高雄市議員選舉,首次申報,1111122,個人捐贈收入,施宣卿,N12*******,1000.00,0.00,匯款,1111122,,,金錢,高雄市仁武區****,,,,,,,,,
122,邱俊憲,111年高雄市議員選舉,首次申報,1111123,個人捐贈收入,江育寧,A12*******,10000.00,0.00,匯款,1111123,,,金錢,新竹市北區客****,0911*****,,,,,,,,
123,邱俊憲,111年高雄市議員選舉,首次申報,1111123,個人捐贈收入,陳孝義,S12*******,12000.00,0.00,匯款,1111123,,,金錢,高雄市仁武區****,,,,,,,,,
124,邱俊憲,111年高雄市議員選舉,首次申報,1111123,個人捐贈收入,張金,S22*******,3000.00,0.00,匯款,1111123,,,金錢,高雄市大社區****,,,,,,,,,
125,邱俊憲,111年高雄市議員選舉,首次申報,1111123,個人捐贈收入,陳建中,T12*******,6600.00,0.00,匯款,1111123,,,金錢,高雄市苓雅區****,,,,,,,,,
126,邱俊憲,111年高雄市議員選舉,首次申報,1111125,個人捐贈收入,葉孝慈,E22*******,60000.00,0.00,匯款,1111125,,,金錢,高雄市鳳山區****,,,,,,,,,
127,邱俊憲,111年高雄市議員選舉,首次申報,1111125,個人捐贈收入,許玉芳,N22*******,30000.00,0.00,匯款,1111125,,,金錢,高雄市仁武區****,,,,,,,,,
