﻿序號,擬參選人／政黨,選舉名稱,申報序號／年度,交易日期,收支科目,捐贈者／支出對象,身分證／統一編號,收入金額,支出金額,捐贈方式,存入專戶日期,返還/繳庫,支出用途,金錢類,地址,聯絡電話,應揭露之支出對象,支出對象之內部人員姓名,支出對象之內部人員職稱,政黨之內部人員姓名,政黨之內部人員職稱,關係,更正註記,資料更正日期
1,劉台穠,113年立法委員選舉,首次申報,1121111,交通旅運支出,嘟嘟房,,0.00,150.00,,,,停車費,金錢,新竹縣竹北市****,,否,,,,,,,
2,劉台穠,113年立法委員選舉,首次申報,1121112,交通旅運支出,台灣中油,,0.00,936.00,,,,油資,金錢,苗栗縣竹南鎮****,,否,,,,,,,
3,劉台穠,113年立法委員選舉,首次申報,1121122,雜支支出,文具世界企業社,,0.00,52.00,,,,文具用品費用,金錢,新竹縣竹北市****,,否,,,,,,,
4,劉台穠,113年立法委員選舉,首次申報,1121122,雜支支出,新竹縣選舉委員會,47225374,0.00,200000.00,,,,保證金,金錢,新竹縣竹北市****,,否,,,,,,,
5,劉台穠,113年立法委員選舉,首次申報,1121123,交通旅運支出,台灣中油,,0.00,930.00,,,,油資,金錢,苗栗縣竹南鎮****,,否,,,,,,,
6,劉台穠,113年立法委員選舉,首次申報,1121201,交通旅運支出,車亭竹南站,,0.00,620.00,,,,油資,金錢,苗栗縣竹南鎮****,,否,,,,,,,
7,劉台穠,113年立法委員選舉,首次申報,1121207,交通旅運支出,台灣中油,,0.00,930.00,,,,油資,金錢,苗栗縣竹南鎮****,,否,,,,,,,
8,劉台穠,113年立法委員選舉,首次申報,1121218,宣傳支出,鼎昇數位複印館,,0.00,60.00,,,,製作競選物品或宣傳廣告費用,金錢,新竹縣芎林鄉****,,否,,,,,,,
9,劉台穠,113年立法委員選舉,首次申報,1121219,宣傳支出,健豪印刷,16332027,0.00,5250.00,,,,製作競選物品或宣傳廣告費用,金錢,新竹縣竹北市****,,否,,,,,,,
10,劉台穠,113年立法委員選舉,首次申報,1121220,宣傳支出,健豪印刷,16332027,0.00,31500.00,,,,製作競選物品或宣傳廣告費用,金錢,新竹縣竹北市****,,否,,,,,,,
11,劉台穠,113年立法委員選舉,首次申報,1121225,交通旅運支出,良奇加油站,,0.00,933.00,,,,油資,金錢,新竹縣竹東鎮****,,否,,,,,,,
12,劉台穠,113年立法委員選舉,首次申報,1121225,交通旅運支出,統一速達股份有限公司,,0.00,500.00,,,,其他與交通旅運有關之費用,金錢,新竹縣新埔鎮****,,否,,,,,,,
13,劉台穠,113年立法委員選舉,首次申報,1130101,雜支支出,文具世界企業社,,0.00,190.00,,,,文具用品費用,金錢,新竹縣竹北市****,,否,,,,,,,
14,劉台穠,113年立法委員選舉,首次申報,1130103,宣傳支出,統一便利商店,,0.00,247.00,,,,製作競選物品或宣傳廣告費用,金錢,新竹縣新埔鎮****,,否,,,,,,,
15,劉台穠,113年立法委員選舉,首次申報,1130109,交通旅運支出,芎林停一停車場,,0.00,50.00,,,,停車費,金錢,新竹縣芎林鄉****,,否,,,,,,,
16,劉台穠,113年立法委員選舉,首次申報,1130111,人事費用支出,鄭琇文,K22*******,0.00,16470.00,,,,工資或薪津,金錢,新竹縣新埔鎮****,,否,,,,,,,
17,劉台穠,113年立法委員選舉,首次申報,1130112,交通旅運支出,成功停車場,,0.00,110.00,,,,停車費,金錢,新竹縣竹北市****,,否,,,,,,,
18,劉台穠,113年立法委員選舉,首次申報,1130112,人事費用支出,陳雅君,K22*******,0.00,7320.00,,,,工資或薪津,金錢,苗栗縣竹南鎮****,,否,,,,,,,
