﻿序號,擬參選人／政黨,選舉名稱,申報序號／年度,交易日期,收支科目,捐贈者／支出對象,身分證／統一編號,收入金額,支出金額,支出用途,金錢類,地址,聯絡電話,資料更正日期
1,廖國富,第18屆屏東縣崁頂鄉鄉長補選,首次申報,1090609,匿名捐贈,匿名,,1.00,0.00,,金錢,,,
2,廖國富,第18屆屏東縣崁頂鄉鄉長補選,首次申報,1090618,個人捐贈收入,許哲維,,2000.00,0.00,,金錢,臺北市中正區****,0952*****,
3,廖國富,第18屆屏東縣崁頂鄉鄉長補選,首次申報,1090620,個人捐贈收入,黃淑媛,,10000.00,0.00,,金錢,臺中市南區文****,,
4,廖國富,第18屆屏東縣崁頂鄉鄉長補選,首次申報,1090622,個人捐贈收入,李儱伃,,3000.00,0.00,,金錢,臺北市信義區****,0983*****,
5,廖國富,第18屆屏東縣崁頂鄉鄉長補選,首次申報,1090624,個人捐贈收入,盧伯維,,500.00,0.00,,金錢,高雄市新興區****,0920*****,
6,廖國富,第18屆屏東縣崁頂鄉鄉長補選,首次申報,1090625,個人捐贈收入,陳杏香,,1000.00,0.00,,金錢,高雄市大寮區****,0953*****,
7,廖國富,第18屆屏東縣崁頂鄉鄉長補選,首次申報,1090625,個人捐贈收入,翁仁慶,,500.00,0.00,,金錢,臺北市中山區****,,
8,廖國富,第18屆屏東縣崁頂鄉鄉長補選,首次申報,1090627,匿名捐贈,匿名,,1500.00,0.00,,金錢,,,
9,廖國富,第18屆屏東縣崁頂鄉鄉長補選,首次申報,1090628,匿名捐贈,匿名,,2000.00,0.00,,金錢,,,
10,廖國富,第18屆屏東縣崁頂鄉鄉長補選,首次申報,1090628,個人捐贈收入,周致偉,,666.00,0.00,,金錢,雲林縣斗六市****,0919*****,
11,廖國富,第18屆屏東縣崁頂鄉鄉長補選,首次申報,1090628,個人捐贈收入,紀宗佑,,1450.00,0.00,,金錢,桃園市八德區****,0931*****,
12,廖國富,第18屆屏東縣崁頂鄉鄉長補選,首次申報,1090628,個人捐贈收入,黃義峰,,500.00,0.00,,金錢,屏東縣崁頂鄉****,,
13,廖國富,第18屆屏東縣崁頂鄉鄉長補選,首次申報,1090629,個人捐贈收入,邱瓊慧,,500.00,0.00,,金錢,臺北市內湖區****,0934*****,
14,廖國富,第18屆屏東縣崁頂鄉鄉長補選,首次申報,1090629,個人捐贈收入,鄭建仁,,1000.00,0.00,,金錢,臺北市士林區****,0975*****,
15,廖國富,第18屆屏東縣崁頂鄉鄉長補選,首次申報,1090629,個人捐贈收入,王嫆棻,,500.00,0.00,,金錢,高雄市前鎮區****,0988*****,
16,廖國富,第18屆屏東縣崁頂鄉鄉長補選,首次申報,1090629,個人捐贈收入,柯坤賢,E12*******,30000.00,0.00,,金錢,屏東縣佳冬鄉****,0935*****,
17,廖國富,第18屆屏東縣崁頂鄉鄉長補選,首次申報,1090701,匿名捐贈,匿名,,6000.00,0.00,,金錢,,,
18,廖國富,第18屆屏東縣崁頂鄉鄉長補選,首次申報,1090701,個人捐贈收入,陳盈君,,500.00,0.00,,金錢,高雄市三民區****,0983*****,
19,廖國富,第18屆屏東縣崁頂鄉鄉長補選,首次申報,1090701,個人捐贈收入,洪啟維,,1000.00,0.00,,金錢,屏東縣東港鎮****,0903*****,
20,廖國富,第18屆屏東縣崁頂鄉鄉長補選,首次申報,1090705,個人捐贈收入,翁仁慶,,1500.00,0.00,,金錢,臺北市中山區****,0936*****,
21,廖國富,第18屆屏東縣崁頂鄉鄉長補選,首次申報,1090705,個人捐贈收入,楊永名,,3000.00,0.00,,金錢,新竹縣新豐鄉****,,
22,廖國富,第18屆屏東縣崁頂鄉鄉長補選,首次申報,1090705,個人捐贈收入,尤鈺晴,,200.00,0.00,,金錢,高雄市前鎮區****,0987*****,
23,廖國富,第18屆屏東縣崁頂鄉鄉長補選,首次申報,1090705,個人捐贈收入,王英明,,2000.00,0.00,,金錢,高雄市鼓山區****,0905*****,
24,廖國富,第18屆屏東縣崁頂鄉鄉長補選,首次申報,1090705,個人捐贈收入,陳冠銘,,1000.00,0.00,,金錢,臺北市文山區****,0919*****,
25,廖國富,第18屆屏東縣崁頂鄉鄉長補選,首次申報,1090705,個人捐贈收入,陳照民,,300.00,0.00,,金錢,新北市板橋區****,0975*****,
26,廖國富,第18屆屏東縣崁頂鄉鄉長補選,首次申報,1090706,人民團體捐贈收入,中華民國醫事檢驗生公會全國聯合會,,3600.00,0.00,,金錢,屏東縣潮州鎮****,08-7*****,
27,廖國富,第18屆屏東縣崁頂鄉鄉長補選,首次申報,1090706,匿名捐贈,匿名,,500.00,0.00,,金錢,,,
28,廖國富,第18屆屏東縣崁頂鄉鄉長補選,首次申報,1090706,匿名捐贈,匿名,,1000.00,0.00,,金錢,,,
29,廖國富,第18屆屏東縣崁頂鄉鄉長補選,首次申報,1090706,匿名捐贈,匿名,,1000.00,0.00,,金錢,,,
30,廖國富,第18屆屏東縣崁頂鄉鄉長補選,首次申報,1090706,匿名捐贈,匿名,,2000.00,0.00,,金錢,,,
31,廖國富,第18屆屏東縣崁頂鄉鄉長補選,首次申報,1090709,個人捐贈收入,劉玉婷,F22*******,100000.00,0.00,,金錢,新北市三峽區****,,
32,廖國富,第18屆屏東縣崁頂鄉鄉長補選,首次申報,1090709,個人捐贈收入,邱科璟,T12*******,100000.00,0.00,,金錢,臺北市大安區****,,
33,廖國富,第18屆屏東縣崁頂鄉鄉長補選,首次申報,1090709,個人捐贈收入,蔡璧如,T22*******,100000.00,0.00,,金錢,臺北市大安區****,,
34,廖國富,第18屆屏東縣崁頂鄉鄉長補選,首次申報,1090710,個人捐贈收入,陳衣寧,L22*******,60000.00,0.00,,金錢,新北市新店區****,,
35,廖國富,第18屆屏東縣崁頂鄉鄉長補選,首次申報,1090710,個人捐贈收入,邱科融,T12*******,100000.00,0.00,,金錢,臺北市內湖區****,,
