﻿序號,擬參選人／政黨,選舉名稱,申報序號／年度,交易日期,收支科目,捐贈者／支出對象,身分證／統一編號,收入金額,支出金額,捐贈方式,存入專戶日期,返還/繳庫,支出用途,金錢類,地址,聯絡電話,應揭露之支出對象,支出對象之內部人員姓名,支出對象之內部人員職稱,政黨之內部人員姓名,政黨之內部人員職稱,關係,更正註記,資料更正日期
1,吳欣岱,111年臺北市議員選舉,首次申報,1110624,個人捐贈收入,黃啟洲,,2000.00,0.00,現金,1110624,,,金錢,台南市中西區****,,,,,,,,,
2,吳欣岱,111年臺北市議員選舉,首次申報,1110628,個人捐贈收入,沈俊良,,2000.00,0.00,現金,1110628,,,金錢,台南市中西區****,,,,,,,,,
3,吳欣岱,111年臺北市議員選舉,首次申報,1110630,營利事業捐贈收入,喬致庸國際有限公司,24611945,16228.00,0.00,現金,1110630,,,金錢,基隆市仁愛區****,,,,,,,,,
4,吳欣岱,111年臺北市議員選舉,首次申報,1110707,個人捐贈收入,林智賢,,5000.00,0.00,現金,1110707,,,金錢,台中市西區向****,,,,,,,,,
5,吳欣岱,111年臺北市議員選舉,首次申報,1110708,匿名捐贈,匿名,,2000.00,0.00,匯款,1110708,,,金錢,,,,,,,,,,
6,吳欣岱,111年臺北市議員選舉,首次申報,1110708,匿名捐贈,匿名捐款,,100.00,0.00,匯款,1110714,,,金錢,,,,,,,,,,
7,吳欣岱,111年臺北市議員選舉,首次申報,1110708,個人捐贈收入,蕭博文,N12*******,10000.00,0.00,匯款,1110715,,,金錢,彰化縣員林市****,0919*****,,,,,,,,
8,吳欣岱,111年臺北市議員選舉,首次申報,1110710,匿名捐贈,匿名捐款,,3000.00,0.00,匯款,1110718,,,金錢,,,,,,,,,,
9,吳欣岱,111年臺北市議員選舉,首次申報,1110710,個人捐贈收入,孫智倫,A12*******,1000.00,0.00,匯款,1110718,,,金錢,台北市中正區****,0939*****,,,,,,,,
10,吳欣岱,111年臺北市議員選舉,首次申報,1110710,個人捐贈收入,傅棕晟,D12*******,1000.00,0.00,匯款,1110718,,,金錢,台南市永康區****,0933*****,,,,,,,,
11,吳欣岱,111年臺北市議員選舉,首次申報,1110710,個人捐贈收入,郭承裕,F10*******,10000.00,0.00,匯款,1110718,,,金錢,新竹市香山區****,0960*****,,,,,,,,
12,吳欣岱,111年臺北市議員選舉,首次申報,1110710,個人捐贈收入,李錫永,H12*******,1500.00,0.00,匯款,1110718,,,金錢,台北市南港區****,0919*****,,,,,,,,
13,吳欣岱,111年臺北市議員選舉,首次申報,1110710,個人捐贈收入,唐子涵,L22*******,2000.00,0.00,匯款,1110718,,,金錢,台中市西屯區****,0932*****,,,,,,,,
14,吳欣岱,111年臺北市議員選舉,首次申報,1110710,個人捐贈收入,盧裕修,R12*******,1000.00,0.00,匯款,1110718,,,金錢,台南市仁德區****,0956*****,,,,,,,,
15,吳欣岱,111年臺北市議員選舉,首次申報,1110710,個人捐贈收入,周士峯,T12*******,500.00,0.00,匯款,1110718,,,金錢,高雄市前鎮區****,0936*****,,,,,,,,
16,吳欣岱,111年臺北市議員選舉,首次申報,1110710,個人捐贈收入,賴學勤,T12*******,500.00,0.00,匯款,1110718,,,金錢,新竹市東區南****,0921*****,,,,,,,,
17,吳欣岱,111年臺北市議員選舉,首次申報,1110711,個人捐贈收入,劉仁青,A11*******,500.00,0.00,匯款,1110718,,,金錢,台北市大安區****,0910*****,,,,,,,,
18,吳欣岱,111年臺北市議員選舉,首次申報,1110711,個人捐贈收入,張宇,A12*******,10000.00,0.00,匯款,1110718,,,金錢,新北市林口區****,0919*****,,,,,,,,
19,吳欣岱,111年臺北市議員選舉,首次申報,1110711,個人捐贈收入,藍光世,A12*******,50000.00,0.00,匯款,1110718,,,金錢,台東縣台東市****,0928*****,,,,,,,,
20,吳欣岱,111年臺北市議員選舉,首次申報,1110711,個人捐贈收入,李彥廷,A12*******,1000.00,0.00,匯款,1110718,,,金錢,台北市松山區****,0982*****,,,,,,,,
21,吳欣岱,111年臺北市議員選舉,首次申報,1110711,個人捐贈收入,李友千,C12*******,1000.00,0.00,匯款,1110718,,,金錢,台北市文山區****,0937*****,,,,,,,,
22,吳欣岱,111年臺北市議員選舉,首次申報,1110711,個人捐贈收入,黃銘達,D12*******,5000.00,0.00,匯款,1110718,,,金錢,台中市西屯區****,0972*****,,,,,,,,
23,吳欣岱,111年臺北市議員選舉,首次申報,1110711,個人捐贈收入,謝函潔,D22*******,10000.00,0.00,匯款,1110718,,,金錢,台南市東區裕****,0921*****,,,,,,,,
24,吳欣岱,111年臺北市議員選舉,首次申報,1110711,個人捐贈收入,謝仁豪,E12*******,3000.00,0.00,匯款,1110718,,,金錢,高雄市苓雅區****,0905*****,,,,,,,,
25,吳欣岱,111年臺北市議員選舉,首次申報,1110711,個人捐贈收入,莊禮仲,G12*******,3000.00,0.00,匯款,1110718,,,金錢,宜蘭縣礁溪鄉****,0928*****,,,,,,,,
26,吳欣岱,111年臺北市議員選舉,首次申報,1110711,個人捐贈收入,郭鴻志,H12*******,3000.00,0.00,匯款,1110718,,,金錢,新竹市東區****,0933*****,,,,,,,,
27,吳欣岱,111年臺北市議員選舉,首次申報,1110711,個人捐贈收入,王建邦,K12*******,5000.00,0.00,匯款,1110718,,,金錢,桃園市桃園區****,0933*****,,,,,,,,
28,吳欣岱,111年臺北市議員選舉,首次申報,1110711,個人捐贈收入,何叔芳,L22*******,10000.00,0.00,匯款,1110718,,,金錢,台北市北投區****,0918*****,,,,,,,,
29,吳欣岱,111年臺北市議員選舉,首次申報,1110711,個人捐贈收入,林欣融,M12*******,3000.00,0.00,匯款,1110718,,,金錢,台中市南區美****,0933*****,,,,,,,,
30,吳欣岱,111年臺北市議員選舉,首次申報,1110711,個人捐贈收入,張毓瑋,N12*******,2000.00,0.00,匯款,1110718,,,金錢,彰化縣二水鄉****,0912*****,,,,,,,,
31,吳欣岱,111年臺北市議員選舉,首次申報,1110711,個人捐贈收入,王宗原,P12*******,300.00,0.00,匯款,1110718,,,金錢,台北市內湖區****,0911*****,,,,,,,,
32,吳欣岱,111年臺北市議員選舉,首次申報,1110711,個人捐贈收入,蔡國信,P12*******,1000.00,0.00,匯款,1110718,,,金錢,新北市中和區****,0939*****,,,,,,,,
33,吳欣岱,111年臺北市議員選舉,首次申報,1110711,個人捐贈收入,王信偉,Q12*******,500.00,0.00,匯款,1110718,,,金錢,桃園市中壢區****,0933*****,,,,,,,,
34,吳欣岱,111年臺北市議員選舉,首次申報,1110711,個人捐贈收入,鄭東旭,Q12*******,1000.00,0.00,匯款,1110718,,,金錢,台南市東區****,0905*****,,,,,,,,
35,吳欣岱,111年臺北市議員選舉,首次申報,1110711,個人捐贈收入,黃堃宇,S12*******,3000.00,0.00,匯款,1110718,,,金錢,台南市東區崇****,0960*****,,,,,,,,
36,吳欣岱,111年臺北市議員選舉,首次申報,1110711,個人捐贈收入,蔡宗佑,S12*******,3000.00,0.00,匯款,1110718,,,金錢,台中市北屯區****,0932*****,,,,,,,,
37,吳欣岱,111年臺北市議員選舉,首次申報,1110711,個人捐贈收入,邱玉京,T22*******,2000.00,0.00,匯款,1110718,,,金錢,台南市安平區****,0937*****,,,,,,,,
38,吳欣岱,111年臺北市議員選舉,首次申報,1110711,個人捐贈收入,盧慶雄,Y12*******,500.00,0.00,匯款,1110718,,,金錢,台北市士林區****,0932*****,,,,,,,,
39,吳欣岱,111年臺北市議員選舉,首次申報,1110712,個人捐贈收入,張旭初,A12*******,10000.00,0.00,匯款,1110718,,,金錢,台北市文山區****,0935*****,,,,,,,,
40,吳欣岱,111年臺北市議員選舉,首次申報,1110712,個人捐贈收入,郭亘倫,D12*******,1000.00,0.00,匯款,1110718,,,金錢,新竹縣竹北市****,0972*****,,,,,,,,
41,吳欣岱,111年臺北市議員選舉,首次申報,1110712,個人捐贈收入,黃種慶,F12*******,1000.00,0.00,匯款,1110719,,,金錢,新北市三重區****,0927*****,,,,,,,,
42,吳欣岱,111年臺北市議員選舉,首次申報,1110712,個人捐贈收入,張哲嘉,M12*******,1000.00,0.00,匯款,1110718,,,金錢,營盤路巷號****,0975*****,,,,,,,,
43,吳欣岱,111年臺北市議員選舉,首次申報,1110712,個人捐贈收入,蔡璧如,Q22*******,3000.00,0.00,匯款,1110718,,,金錢,新竹市東區勝****,0933*****,,,,,,,,
44,吳欣岱,111年臺北市議員選舉,首次申報,1110712,個人捐贈收入,林芳如,S22*******,2000.00,0.00,匯款,1110718,,,金錢,屏東縣林邊鄉****,0956*****,,,,,,,,
45,吳欣岱,111年臺北市議員選舉,首次申報,1110713,匿名捐贈,匿名捐款,,100.00,0.00,匯款,1110719,,,金錢,,,,,,,,,,
46,吳欣岱,111年臺北市議員選舉,首次申報,1110713,個人捐贈收入,鄭微,D22*******,5000.00,0.00,匯款,1110719,,,金錢,高雄市左營區****,0919*****,,,,,,,,
47,吳欣岱,111年臺北市議員選舉,首次申報,1110713,個人捐贈收入,蘇承珊,E22*******,3000.00,0.00,匯款,1110719,,,金錢,高雄市左營區****,0905*****,,,,,,,,
48,吳欣岱,111年臺北市議員選舉,首次申報,1110713,個人捐贈收入,陳彥伯,M12*******,3000.00,0.00,匯款,1110719,,,金錢,台中市大里區****,0936*****,,,,,,,,
49,吳欣岱,111年臺北市議員選舉,首次申報,1110713,個人捐贈收入,鄭宗政,S12*******,2000.00,0.00,匯款,1110719,,,金錢,台南市永康區****,0972*****,,,,,,,,
50,吳欣岱,111年臺北市議員選舉,首次申報,1110714,個人捐贈收入,陳柏如,A12*******,1000.00,0.00,匯款,1110720,,,金錢,新北市汐止區****,0933*****,,,,,,,,
51,吳欣岱,111年臺北市議員選舉,首次申報,1110716,個人捐贈收入,林於宏,K12*******,1000.00,0.00,匯款,1110722,,,金錢,台中市潭子區****,0915*****,,,,,,,,
52,吳欣岱,111年臺北市議員選舉,首次申報,1110718,個人捐贈收入,許晉,A12*******,100.00,0.00,匯款,1110725,,,金錢,台北市內湖區****,0912*****,,,,,,,,
53,吳欣岱,111年臺北市議員選舉,首次申報,1110718,個人捐贈收入,許郁文,L22*******,3000.00,0.00,匯款,1110725,,,金錢,台中市大里區****,0975*****,,,,,,,,
54,吳欣岱,111年臺北市議員選舉,首次申報,1110719,個人捐贈收入,郭建辰,E12*******,16888.00,0.00,匯款,1110725,,,金錢,高雄市楠梓區****,0910*****,,,,,,,,
55,吳欣岱,111年臺北市議員選舉,首次申報,1110720,匿名捐贈,匿名捐款,,100.00,0.00,匯款,1110726,,,金錢,,,,,,,,,,
56,吳欣岱,111年臺北市議員選舉,首次申報,1110720,營利事業捐贈收入,摩尼寶庫投資有限公司,24650947,1000.00,0.00,匯款,1110726,已返還,,金錢,嘉義市東區王****,,,,,,,,,
57,吳欣岱,111年臺北市議員選舉,首次申報,1110720,個人捐贈收入,史文龍,E10*******,1000.00,0.00,匯款,1110726,,,金錢,台中市烏日區****,0988*****,,,,,,,,
58,吳欣岱,111年臺北市議員選舉,首次申報,1110720,個人捐贈收入,史文龍,E10*******,1000.00,0.00,匯款,1110726,,,金錢,台中市烏日區****,0988*****,,,,,,,,
59,吳欣岱,111年臺北市議員選舉,首次申報,1110720,個人捐贈收入,鄭惟仁,H12*******,666.00,0.00,匯款,1110726,,,金錢,新北市中和區****,0955*****,,,,,,,,
60,吳欣岱,111年臺北市議員選舉,首次申報,1110720,個人捐贈收入,林育瑋,Q12*******,3000.00,0.00,匯款,1110727,,,金錢,台中市北屯區****,0923*****,,,,,,,,
61,吳欣岱,111年臺北市議員選舉,首次申報,1110723,個人捐贈收入,游信維,,2000.00,0.00,現金,1110723,,,金錢,台北市北投區****,,,,,,,,,
62,吳欣岱,111年臺北市議員選舉,首次申報,1110723,個人捐贈收入,許健哲,B12*******,2022.00,0.00,匯款,1110801,,,金錢,台中市北屯區****,0918*****,,,,,,,,
63,吳欣岱,111年臺北市議員選舉,首次申報,1110724,匿名捐贈,匿名,,3000.00,0.00,匯款,1110801,,,金錢,,,,,,,,,,
64,吳欣岱,111年臺北市議員選舉,首次申報,1110724,個人捐贈收入,簡吉聰,M12*******,20000.00,0.00,匯款,1110801,,,金錢,南投縣南投市****,0988*****,,,,,,,,
65,吳欣岱,111年臺北市議員選舉,首次申報,1110726,個人捐贈收入,蔡淑玲,B22*******,1000.00,0.00,匯款,1110801,,,金錢,台中市大雅區****,0930*****,,,,,,,,
66,吳欣岱,111年臺北市議員選舉,首次申報,1110726,個人捐贈收入,黃松文,D12*******,2000.00,0.00,匯款,1110802,,,金錢,台南市安平區****,0926*****,,,,,,,,
67,吳欣岱,111年臺北市議員選舉,首次申報,1110727,個人捐贈收入,周育俞,,5000.00,0.00,匯款,1110802,,,金錢,新北市汐止區****,,,,,,,,,
68,吳欣岱,111年臺北市議員選舉,首次申報,1110727,個人捐贈收入,張鳴言,G12*******,5000.00,0.00,匯款,1110802,,,金錢,台北市內湖區****,0931*****,,,,,,,,
69,吳欣岱,111年臺北市議員選舉,首次申報,1110727,個人捐贈收入,詹士頡,P12*******,2000.00,0.00,匯款,1110802,,,金錢,桃園市桃園區****,0986*****,,,,,,,,
70,吳欣岱,111年臺北市議員選舉,首次申報,1110728,個人捐贈收入,陳重嘉,G12*******,3000.00,0.00,匯款,1110803,,,金錢,新竹縣竹北市****,0939*****,,,,,,,,
71,吳欣岱,111年臺北市議員選舉,首次申報,1110728,個人捐贈收入,何建輝,R12*******,5000.00,0.00,匯款,1110803,,,金錢,新北市中和區****,0975*****,,,,,,,,
72,吳欣岱,111年臺北市議員選舉,首次申報,1110728,個人捐贈收入,陳新芳,T12*******,100000.00,0.00,現金,1110728,,,金錢,屏東縣九如鄉****,0938*****,,,,,,,,
73,吳欣岱,111年臺北市議員選舉,首次申報,1110729,個人捐贈收入,王銘泉,E12*******,1000.00,0.00,匯款,1110804,,,金錢,高雄市小港區****,0913*****,,,,,,,,
74,吳欣岱,111年臺北市議員選舉,首次申報,1110729,個人捐贈收入,廖延書,H12*******,1000.00,0.00,匯款,1110804,,,金錢,桃園市中壢區****,0958*****,,,,,,,,
75,吳欣岱,111年臺北市議員選舉,首次申報,1110729,個人捐贈收入,高子平,I10*******,3000.00,0.00,匯款,1110804,,,金錢,高雄市三民區****,0912*****,,,,,,,,
76,吳欣岱,111年臺北市議員選舉,首次申報,1110729,個人捐贈收入,曹仁如,P12*******,1450.00,0.00,匯款,1110805,,,金錢,雲林縣四湖鄉****,0912*****,,,,,,,,
77,吳欣岱,111年臺北市議員選舉,首次申報,1110729,個人捐贈收入,吳亞倫,P22*******,500.00,0.00,匯款,1110805,,,金錢,新竹市東區關****,0912*****,,,,,,,,
78,吳欣岱,111年臺北市議員選舉,首次申報,1110729,個人捐贈收入,黃俊豪,Q12*******,3000.00,0.00,匯款,1110804,,,金錢,高雄市鼓山區****,0931*****,,,,,,,,
79,吳欣岱,111年臺北市議員選舉,首次申報,1110729,個人捐贈收入,林嘉雯,Q22*******,1000.00,0.00,匯款,1110804,,,金錢,新北市新店區****,0911*****,,,,,,,,
80,吳欣岱,111年臺北市議員選舉,首次申報,1110729,個人捐贈收入,吳怡珊,R22*******,1000.00,0.00,匯款,1110804,,,金錢,高雄市苓雅區****,0953*****,,,,,,,,
81,吳欣岱,111年臺北市議員選舉,首次申報,1110730,個人捐贈收入,吳承學,B12*******,3000.00,0.00,匯款,1110805,,,金錢,大庄里龍庄街****,0911*****,,,,,,,,
82,吳欣岱,111年臺北市議員選舉,首次申報,1110730,個人捐贈收入,鐘玉如,F22*******,10000.00,0.00,匯款,1110805,,,金錢,新北市三芝區****,0955*****,,,,,,,,
83,吳欣岱,111年臺北市議員選舉,首次申報,1110731,匿名捐贈,匿名捐款,,1000.00,0.00,匯款,1110808,,,金錢,,,,,,,,,,
84,吳欣岱,111年臺北市議員選舉,首次申報,1110731,匿名捐贈,匿名捐款,,1688.00,0.00,匯款,1110808,,,金錢,,,,,,,,,,
85,吳欣岱,111年臺北市議員選舉,首次申報,1110731,個人捐贈收入,趙君朔,B12*******,2000.00,0.00,匯款,1110808,,,金錢,台北市松山區****,0918*****,,,,,,,,
86,吳欣岱,111年臺北市議員選舉,首次申報,1110731,個人捐贈收入,楊朝欽,F12*******,500.00,0.00,匯款,1110808,,,金錢,高雄市左營區****,0980*****,,,,,,,,
87,吳欣岱,111年臺北市議員選舉,首次申報,1110731,個人捐贈收入,李嘉瑜,N22*******,1450.00,0.00,匯款,1110808,,,金錢,台北市中山區****,0912*****,,,,,,,,
88,吳欣岱,111年臺北市議員選舉,首次申報,1110801,個人捐贈收入,黃禧照,,5000.00,0.00,現金,1110801,,,金錢,台北市士林區****,,,,,,,,,
89,吳欣岱,111年臺北市議員選舉,首次申報,1110801,個人捐贈收入,張漢星,A12*******,1000.00,0.00,匯款,1110808,,,金錢,新北市汐止區****,0926*****,,,,,,,,
90,吳欣岱,111年臺北市議員選舉,首次申報,1110801,個人捐贈收入,王肇邦,A12*******,2000.00,0.00,匯款,1110808,,,金錢,苗栗縣竹南鎮****,0912*****,,,,,,,,
91,吳欣岱,111年臺北市議員選舉,首次申報,1110801,個人捐贈收入,謝易儒,E12*******,500.00,0.00,匯款,1110808,,,金錢,台中市大里區****,0916*****,,,,,,,,
92,吳欣岱,111年臺北市議員選舉,首次申報,1110801,個人捐贈收入,林俊瑋,F12*******,1000.00,0.00,匯款,1110808,,,金錢,新北市中和區****,0932*****,,,,,,,,
93,吳欣岱,111年臺北市議員選舉,首次申報,1110801,個人捐贈收入,陳振瑒,H12*******,1450.00,0.00,匯款,1110808,,,金錢,桃園市蘆竹區****,0910*****,,,,,,,,
94,吳欣岱,111年臺北市議員選舉,首次申報,1110801,個人捐贈收入,洪永璋,M12*******,200.00,0.00,匯款,1110808,,,金錢,台中市霧峰區****,0932*****,,,,,,,,
95,吳欣岱,111年臺北市議員選舉,首次申報,1110801,個人捐贈收入,蔡家暘,P12*******,1000.00,0.00,匯款,1110808,,,金錢,雲林縣四湖鄉****,0917*****,,,,,,,,
96,吳欣岱,111年臺北市議員選舉,首次申報,1110801,個人捐贈收入,田芷旂,T22*******,1000.00,0.00,匯款,1110808,,,金錢,高雄市三民區****,0933*****,,,,,,,,
97,吳欣岱,111年臺北市議員選舉,首次申報,1110801,個人捐贈收入,潘文聲,Y10*******,2000.00,0.00,匯款,1110808,,,金錢,台北市士林區****,0937*****,,,,,,,,
98,吳欣岱,111年臺北市議員選舉,首次申報,1110802,匿名捐贈,匿名捐款,,100.00,0.00,匯款,1110808,,,金錢,,,,,,,,,,
99,吳欣岱,111年臺北市議員選舉,首次申報,1110802,匿名捐贈,匿名,,3000.00,0.00,現金,1110802,,,金錢,,,,,,,,,,
100,吳欣岱,111年臺北市議員選舉,首次申報,1110802,個人捐贈收入,王勝弘,E12*******,100000.00,0.00,匯款,1110802,,,金錢,高雄市鳥松區****,0931*****,,,,,,,,
101,吳欣岱,111年臺北市議員選舉,首次申報,1110802,個人捐贈收入,謝瑋玲,J22*******,1000.00,0.00,匯款,1110808,,,金錢,新竹市東區經****,0921*****,,,,,,,,
102,吳欣岱,111年臺北市議員選舉,首次申報,1110802,個人捐贈收入,謝嘉斌,M12*******,3000.00,0.00,匯款,1110808,,,金錢,台中市西區東****,0937*****,,,,,,,,
103,吳欣岱,111年臺北市議員選舉,首次申報,1110803,個人捐贈收入,陳冠宇,M12*******,3000.00,0.00,匯款,1110809,,,金錢,南投縣草屯鎮****,0989*****,,,,,,,,
104,吳欣岱,111年臺北市議員選舉,首次申報,1110806,個人捐贈收入,楊舜傑,F12*******,1000.00,0.00,匯款,1110812,,,金錢,新北市新莊區****,0952*****,,,,,,,,
105,吳欣岱,111年臺北市議員選舉,首次申報,1110806,個人捐贈收入,曾憲瑋,O10*******,3000.00,0.00,匯款,1110815,,,金錢,新北市淡水區****,0912*****,,,,,,,,
106,吳欣岱,111年臺北市議員選舉,首次申報,1110806,個人捐贈收入,何宴葶,Q22*******,5000.00,0.00,匯款,1110812,,,金錢,高雄市三民區****,0988*****,,,,,,,,
107,吳欣岱,111年臺北市議員選舉,首次申報,1110808,匿名捐贈,匿名,,5000.00,0.00,匯款,1110808,,,金錢,,,,,,,,,,
108,吳欣岱,111年臺北市議員選舉,首次申報,1110808,個人捐贈收入,鄭聲平,A12*******,3000.00,0.00,匯款,1110815,,,金錢,新北市新店區****,0909*****,,,,,,,,
109,吳欣岱,111年臺北市議員選舉,首次申報,1110809,個人捐贈收入,游麗青,A22*******,700.00,0.00,匯款,1110815,,,金錢,高雄市鳥松區****,0916*****,,,,,,,,
110,吳欣岱,111年臺北市議員選舉,首次申報,1110809,個人捐贈收入,陳擇穎,E12*******,3000.00,0.00,匯款,1110815,,,金錢,高雄市楠梓區****,0928*****,,,,,,,,
111,吳欣岱,111年臺北市議員選舉,首次申報,1110809,個人捐贈收入,顏美惠,E22*******,1000.00,0.00,匯款,1110815,,,金錢,高雄市楠梓區****,0921*****,,,,,,,,
112,吳欣岱,111年臺北市議員選舉,首次申報,1110809,個人捐贈收入,陳有濬,G12*******,1000.00,0.00,匯款,1110815,,,金錢,桃園市觀音區****,0972*****,,,,,,,,
113,吳欣岱,111年臺北市議員選舉,首次申報,1110809,個人捐贈收入,張子若,O20*******,1000.00,0.00,匯款,1110815,,,金錢,台中市南屯區****,0975*****,,,,,,,,
114,吳欣岱,111年臺北市議員選舉,首次申報,1110810,個人捐贈收入,洪怡如,J22*******,500.00,0.00,匯款,1110816,,,金錢,新北市板橋區****,0988*****,,,,,,,,
115,吳欣岱,111年臺北市議員選舉,首次申報,1110811,個人捐贈收入,林后賢,A12*******,500.00,0.00,匯款,1110817,,,金錢,台北市士林區****,0926*****,,,,,,,,
116,吳欣岱,111年臺北市議員選舉,首次申報,1110811,個人捐贈收入,游駿淋,A13*******,500.00,0.00,匯款,1110817,,,金錢,桃園市桃園區****,0939*****,,,,,,,,
117,吳欣岱,111年臺北市議員選舉,首次申報,1110811,個人捐贈收入,林俊宇,E12*******,1000.00,0.00,匯款,1110817,,,金錢,高雄市苓雅區****,0911*****,,,,,,,,
118,吳欣岱,111年臺北市議員選舉,首次申報,1110811,個人捐贈收入,林世玉,T22*******,1000.00,0.00,匯款,1110818,,,金錢,屏東縣高樹鄉****,0906*****,,,,,,,,
119,吳欣岱,111年臺北市議員選舉,首次申報,1110812,營利事業捐贈收入,喬致庸國際有限公司,24611945,6075.00,0.00,現金,1110812,,,金錢,基隆市仁愛區****,,,,,,,,,
120,吳欣岱,111年臺北市議員選舉,首次申報,1110812,個人捐贈收入,柯涵智,F12*******,3000.00,0.00,匯款,1110818,,,金錢,新北市新莊區****,0919*****,,,,,,,,
121,吳欣岱,111年臺北市議員選舉,首次申報,1110814,匿名捐贈,匿名捐款,,100.00,0.00,匯款,1110822,,,金錢,,,,,,,,,,
122,吳欣岱,111年臺北市議員選舉,首次申報,1110814,匿名捐贈,匿名捐款,,100.00,0.00,匯款,1110822,,,金錢,,,,,,,,,,
123,吳欣岱,111年臺北市議員選舉,首次申報,1110814,匿名捐贈,匿名捐款,,100.00,0.00,匯款,1110822,,,金錢,,,,,,,,,,
124,吳欣岱,111年臺北市議員選舉,首次申報,1110814,個人捐贈收入,PE JEN WOO,A12*******,20000.00,0.00,匯款,1110822,,,金錢,臺北市中山區****,,,,,,,,,
125,吳欣岱,111年臺北市議員選舉,首次申報,1110814,個人捐贈收入,李玫瑩,E22*******,500.00,0.00,匯款,1110822,,,金錢,高雄市鳳山區****,0952*****,,,,,,,,
126,吳欣岱,111年臺北市議員選舉,首次申報,1110814,個人捐贈收入,游欣潔,E22*******,500.00,0.00,匯款,1110822,,,金錢,高雄市前金區****,0936*****,,,,,,,,
127,吳欣岱,111年臺北市議員選舉,首次申報,1110814,個人捐贈收入,李勇聰,L12*******,3000.00,0.00,匯款,1110822,,,金錢,台中市西區福****,0921*****,,,,,,,,
128,吳欣岱,111年臺北市議員選舉,首次申報,1110814,個人捐贈收入,洪子渝,M22*******,5000.00,0.00,匯款,1110822,,,金錢,台北市大安區****,0910*****,,,,,,,,
129,吳欣岱,111年臺北市議員選舉,首次申報,1110814,個人捐贈收入,蕭平一,N12*******,500.00,0.00,匯款,1110822,,,金錢,彰化縣員林市****,0911*****,,,,,,,,
130,吳欣岱,111年臺北市議員選舉,首次申報,1110814,個人捐贈收入,林煒庭,S12*******,1450.00,0.00,匯款,1110822,,,金錢,台南市安平區****,0952*****,,,,,,,,
131,吳欣岱,111年臺北市議員選舉,首次申報,1110815,個人捐贈收入,鄭勝嘉,E12*******,1000.00,0.00,匯款,1110822,,,金錢,台南市新市區****,0889*****,,,,,,,,
132,吳欣岱,111年臺北市議員選舉,首次申報,1110815,個人捐贈收入,楊志斌,L12*******,1000.00,0.00,匯款,1110822,,,金錢,台北市北投區****,0922*****,,,,,,,,
133,吳欣岱,111年臺北市議員選舉,首次申報,1110816,個人捐贈收入,游錦銘,A12*******,1000.00,0.00,匯款,1110822,,,金錢,台北市南港區****,0935*****,,,,,,,,
134,吳欣岱,111年臺北市議員選舉,首次申報,1110816,個人捐贈收入,張煜暉,F12*******,1000.00,0.00,匯款,1110822,,,金錢,三和路三段巷****,0937*****,,,,,,,,
135,吳欣岱,111年臺北市議員選舉,首次申報,1110817,個人捐贈收入,賴明偉,K12*******,500.00,0.00,匯款,1110823,,,金錢,桃園市桃園區****,0989*****,,,,,,,,
136,吳欣岱,111年臺北市議員選舉,首次申報,1110817,個人捐贈收入,邱芳瑩,K22*******,1000.00,0.00,匯款,1110823,,,金錢,苗栗縣苗栗市****,0982*****,,,,,,,,
137,吳欣岱,111年臺北市議員選舉,首次申報,1110818,個人捐贈收入,曾秀甄,A22*******,500.00,0.00,匯款,1110824,,,金錢,台中市北屯區****,0920*****,,,,,,,,
138,吳欣岱,111年臺北市議員選舉,首次申報,1110818,個人捐贈收入,吳重君,F12*******,5000.00,0.00,匯款,1110825,,,金錢,台南市東區仁****,0932*****,,,,,,,,
139,吳欣岱,111年臺北市議員選舉,首次申報,1110818,個人捐贈收入,陳潤星,N10*******,1000.00,0.00,匯款,1110824,,,金錢,彰化縣彰化市****,0955*****,,,,,,,,
140,吳欣岱,111年臺北市議員選舉,首次申報,1110819,匿名捐贈,匿名捐款,,100.00,0.00,匯款,1110825,,,金錢,,,,,,,,,,
141,吳欣岱,111年臺北市議員選舉,首次申報,1110819,匿名捐贈,匿名捐款,,100.00,0.00,匯款,1110825,,,金錢,,,,,,,,,,
142,吳欣岱,111年臺北市議員選舉,首次申報,1110819,個人捐贈收入,朱順謙,,300.00,0.00,現金,1110819,,,金錢,臺南市安南區****,0913*****,,,,,,,,
143,吳欣岱,111年臺北市議員選舉,首次申報,1110819,個人捐贈收入,劉信亨,A12*******,500.00,0.00,匯款,1110825,,,金錢,台北市大同區****,0922*****,,,,,,,,
144,吳欣岱,111年臺北市議員選舉,首次申報,1110819,個人捐贈收入,黃永杰,B12*******,10000.00,0.00,匯款,1110825,,,金錢,台中市西屯區****,0912*****,,,,,,,,
145,吳欣岱,111年臺北市議員選舉,首次申報,1110819,個人捐贈收入,蕭聖諺,N12*******,10000.00,0.00,匯款,1110826,,,金錢,高雄市鼓山區****,0926*****,,,,,,,,
146,吳欣岱,111年臺北市議員選舉,首次申報,1110819,個人捐贈收入,譚維君,P12*******,3000.00,0.00,匯款,1110825,,,金錢,台東縣台東市****,0978*****,,,,,,,,
147,吳欣岱,111年臺北市議員選舉,首次申報,1110819,個人捐贈收入,陳芮捷,R22*******,1000.00,0.00,匯款,1110825,,,金錢,桃園市平鎮區****,0920*****,,,,,,,,
148,吳欣岱,111年臺北市議員選舉,首次申報,1110820,個人捐贈收入,吳俊泰,A12*******,1000.00,0.00,匯款,1110826,,,金錢,台北市士林區****,0921*****,,,,,,,,
149,吳欣岱,111年臺北市議員選舉,首次申報,1110822,個人捐贈收入,史書華,A12*******,10000.00,0.00,匯款,1110829,,,金錢,新北市板橋區****,0952*****,,,,,,,,
150,吳欣岱,111年臺北市議員選舉,首次申報,1110822,個人捐贈收入,陳世偉,C12*******,3000.00,0.00,匯款,1110829,,,金錢,宜蘭縣礁溪鄉****,0952*****,,,,,,,,
151,吳欣岱,111年臺北市議員選舉,首次申報,1110822,個人捐贈收入,黃啓洲,D12*******,2000.00,0.00,匯款,1110829,,,金錢,台南市中西區****,0935*****,,,,,,,,
152,吳欣岱,111年臺北市議員選舉,首次申報,1110822,個人捐贈收入,王福健,L12*******,777.00,0.00,匯款,1110829,,,金錢,台中市后里區****,0937*****,,,,,,,,
153,吳欣岱,111年臺北市議員選舉,首次申報,1110822,個人捐贈收入,楊孟達,L12*******,3000.00,0.00,匯款,1110829,,,金錢,花蓮縣花蓮市****,0912*****,,,,,,,,
154,吳欣岱,111年臺北市議員選舉,首次申報,1110822,個人捐贈收入,王政邦,M12*******,5000.00,0.00,匯款,1110829,,,金錢,台北市大安區****,0905*****,,,,,,,,
155,吳欣岱,111年臺北市議員選舉,首次申報,1110822,個人捐贈收入,石武融,U12*******,1000.00,0.00,匯款,1110829,,,金錢,桃園市桃園區****,0965*****,,,,,,,,
156,吳欣岱,111年臺北市議員選舉,首次申報,1110823,個人捐贈收入,黃順龍,E10*******,1000.00,0.00,匯款,1110829,,,金錢,高雄市三民區****,0933*****,,,,,,,,
157,吳欣岱,111年臺北市議員選舉,首次申報,1110823,個人捐贈收入,林君彥,R12*******,1450.00,0.00,匯款,1110829,,,金錢,台北市大安區****,0982*****,,,,,,,,
158,吳欣岱,111年臺北市議員選舉,首次申報,1110823,個人捐贈收入,莊博凱,R12*******,5000.00,0.00,匯款,1110829,,,金錢,台中市大里區****,0911*****,,,,,,,,
159,吳欣岱,111年臺北市議員選舉,首次申報,1110823,個人捐贈收入,田芷旂,T22*******,5200.00,0.00,匯款,1110830,,,金錢,高雄市三民區****,0933*****,,,,,,,,
160,吳欣岱,111年臺北市議員選舉,首次申報,1110824,個人捐贈收入,葉勝芳,H12*******,200.00,0.00,匯款,1110830,,,金錢,桃園市桃園區****,0913*****,,,,,,,,
161,吳欣岱,111年臺北市議員選舉,首次申報,1110825,個人捐贈收入,陳永霖,B12*******,10000.00,0.00,匯款,1110831,,,金錢,,0423*****,,,,,,,,
162,吳欣岱,111年臺北市議員選舉,首次申報,1110826,個人捐贈收入,劉文勝,A12*******,1000.00,0.00,匯款,1110901,,,金錢,新北市永和區****,0979*****,,,,,,,,
163,吳欣岱,111年臺北市議員選舉,首次申報,1110828,匿名捐贈,匿名,,1000.00,0.00,匯款,1110905,,,金錢,,,,,,,,,,
164,吳欣岱,111年臺北市議員選舉,首次申報,1110828,營利事業捐贈收入,明業科技股份有限公司,79973338,1000.00,0.00,匯款,1110905,,,金錢,桃園市龜山區****,0915*****,,,,,,,,
165,吳欣岱,111年臺北市議員選舉,首次申報,1110828,個人捐贈收入,譚碩文,A12*******,1000.00,0.00,匯款,1110905,,,金錢,台北市士林區****,0975*****,,,,,,,,
166,吳欣岱,111年臺北市議員選舉,首次申報,1110828,個人捐贈收入,葉育敏,A22*******,5000.00,0.00,匯款,1110905,,,金錢,新竹市香山區****,0988*****,,,,,,,,
167,吳欣岱,111年臺北市議員選舉,首次申報,1110828,個人捐贈收入,黃雯慈,E22*******,8000.00,0.00,匯款,1110905,,,金錢,台北市大安區****,0910*****,,,,,,,,
168,吳欣岱,111年臺北市議員選舉,首次申報,1110828,個人捐贈收入,游弘奕,H12*******,1000.00,0.00,匯款,1110905,,,金錢,新北市中和區****,0937*****,,,,,,,,
169,吳欣岱,111年臺北市議員選舉,首次申報,1110828,個人捐贈收入,陳首亨,L12*******,1000.00,0.00,匯款,1110905,,,金錢,台中市梧棲區****,0912*****,,,,,,,,
170,吳欣岱,111年臺北市議員選舉,首次申報,1110828,個人捐贈收入,陳巧如,L22*******,1000.00,0.00,匯款,1110905,,,金錢,台中市豐原區****,0983*****,,,,,,,,
171,吳欣岱,111年臺北市議員選舉,首次申報,1110828,個人捐贈收入,巫豐林,N12*******,3000.00,0.00,匯款,1110905,,,金錢,新竹市東區中****,0933*****,,,,,,,,
172,吳欣岱,111年臺北市議員選舉,首次申報,1110828,個人捐贈收入,曾振楠,P12*******,3000.00,0.00,匯款,1110905,,,金錢,雲林縣斗南鎮****,0938*****,,,,,,,,
173,吳欣岱,111年臺北市議員選舉,首次申報,1110828,個人捐贈收入,曾佳傑,R12*******,1450.00,0.00,匯款,1110905,,,金錢,高雄市左營區****,0919*****,,,,,,,,
174,吳欣岱,111年臺北市議員選舉,首次申報,1110828,個人捐贈收入,洪文珠,T22*******,1000.00,0.00,匯款,1110905,,,金錢,高雄市仁武區****,0937*****,,,,,,,,
175,吳欣岱,111年臺北市議員選舉,首次申報,1110829,匿名捐贈,匿名捐款,,1000.00,0.00,匯款,1110905,,,金錢,,,,,,,,,,
176,吳欣岱,111年臺北市議員選舉,首次申報,1110829,匿名捐贈,匿名捐款,,500.00,0.00,匯款,1110905,,,金錢,,,,,,,,,,
177,吳欣岱,111年臺北市議員選舉,首次申報,1110829,匿名捐贈,匿名捐款,,500.00,0.00,匯款,1110905,,,金錢,,,,,,,,,,
178,吳欣岱,111年臺北市議員選舉,首次申報,1110829,個人捐贈收入,王派傑,A12*******,1600.00,0.00,匯款,1110905,,,金錢,新竹縣竹北市****,0982*****,,,,,,,,
179,吳欣岱,111年臺北市議員選舉,首次申報,1110829,個人捐贈收入,林松柏,A12*******,500.00,0.00,匯款,1110905,,,金錢,新北市新店區****,0908*****,,,,,,,,
180,吳欣岱,111年臺北市議員選舉,首次申報,1110829,個人捐贈收入,林軍次,A12*******,500.00,0.00,匯款,1110905,,,金錢,新北市新莊區****,0900*****,,,,,,,,
181,吳欣岱,111年臺北市議員選舉,首次申報,1110829,個人捐贈收入,石雅惠,B22*******,5000.00,0.00,匯款,1110905,,,金錢,台北市南港區****,0988*****,,,,,,,,
182,吳欣岱,111年臺北市議員選舉,首次申報,1110829,個人捐贈收入,陳奭璁,D12*******,500.00,0.00,匯款,1110905,,,金錢,新北市淡水區****,0930*****,,,,,,,,
183,吳欣岱,111年臺北市議員選舉,首次申報,1110829,個人捐贈收入,王啓彰,E12*******,1000.00,0.00,匯款,1110905,,,金錢,高雄市前鎮區****,0929*****,,,,,,,,
184,吳欣岱,111年臺北市議員選舉,首次申報,1110829,個人捐贈收入,李浩榮,E12*******,1450.00,0.00,匯款,1110905,,,金錢,高雄市鼓山區****,0919*****,,,,,,,,
185,吳欣岱,111年臺北市議員選舉,首次申報,1110829,個人捐贈收入,陳鼎奇,E12*******,500.00,0.00,匯款,1110905,,,金錢,高雄市鳳山區****,0933*****,,,,,,,,
186,吳欣岱,111年臺北市議員選舉,首次申報,1110829,個人捐贈收入,林耕竹,E12*******,500.00,0.00,匯款,1110905,,,金錢,台北市中山區****,0925*****,,,,,,,,
187,吳欣岱,111年臺北市議員選舉,首次申報,1110829,個人捐贈收入,吳泰緯,F12*******,1000.00,0.00,匯款,1110905,,,金錢,新北市板橋區****,0918*****,,,,,,,,
188,吳欣岱,111年臺北市議員選舉,首次申報,1110829,個人捐贈收入,劉人鳯,F12*******,3000.00,0.00,匯款,1110905,,,金錢,桃園市中壢區****,0975*****,,,,,,,,
189,吳欣岱,111年臺北市議員選舉,首次申報,1110829,個人捐贈收入,吳宜璋,G12*******,1000.00,0.00,匯款,1110905,,,金錢,宜蘭縣宜蘭市****,0989*****,,,,,,,,
190,吳欣岱,111年臺北市議員選舉,首次申報,1110829,個人捐贈收入,陳鈞琳,H12*******,1000.00,0.00,匯款,1110905,,,金錢,桃園市楊梅區****,0952*****,,,,,,,,
191,吳欣岱,111年臺北市議員選舉,首次申報,1110829,個人捐贈收入,張馨文,H22*******,5000.00,0.00,匯款,1110905,,,金錢,桃園市中壢區****,0983*****,,,,,,,,
192,吳欣岱,111年臺北市議員選舉,首次申報,1110829,個人捐贈收入,范秀玲,J22*******,500.00,0.00,匯款,1110905,,,金錢,新北市蘆洲區****,0928*****,,,,,,,,
193,吳欣岱,111年臺北市議員選舉,首次申報,1110829,個人捐贈收入,何嘉雄,L10*******,1000.00,0.00,匯款,1110905,,,金錢,台中市西區****,0935*****,,,,,,,,
194,吳欣岱,111年臺北市議員選舉,首次申報,1110829,個人捐贈收入,張雯媜,N22*******,3000.00,0.00,匯款,1110905,,,金錢,台中市北屯區****,0921*****,,,,,,,,
195,吳欣岱,111年臺北市議員選舉,首次申報,1110829,個人捐贈收入,翁士雄,Q12*******,3000.00,0.00,匯款,1110905,,,金錢,新北市板橋區****,0922*****,,,,,,,,
196,吳欣岱,111年臺北市議員選舉,首次申報,1110829,個人捐贈收入,林嘉玲,Q22*******,3000.00,0.00,匯款,1110905,,,金錢,嘉義市東區博****,0911*****,,,,,,,,
197,吳欣岱,111年臺北市議員選舉,首次申報,1110829,個人捐贈收入,游唯墐,Q22*******,3000.00,0.00,匯款,1110905,,,金錢,台北市內湖區****,0935*****,,,,,,,,
198,吳欣岱,111年臺北市議員選舉,首次申報,1110829,個人捐贈收入,林呈祥,R10*******,5000.00,0.00,匯款,1110905,,,金錢,台南市東區中****,0936*****,,,,,,,,
199,吳欣岱,111年臺北市議員選舉,首次申報,1110829,個人捐贈收入,陳嬿如,T22*******,200.00,0.00,匯款,1110905,,,金錢,高雄市左營區****,0958*****,,,,,,,,
200,吳欣岱,111年臺北市議員選舉,首次申報,1110830,匿名捐贈,匿名捐款,,1000.00,0.00,匯款,1110905,,,金錢,,,,,,,,,,
201,吳欣岱,111年臺北市議員選舉,首次申報,1110830,匿名捐贈,匿名捐款,,500.00,0.00,匯款,1110906,,,金錢,,,,,,,,,,
202,吳欣岱,111年臺北市議員選舉,首次申報,1110830,個人捐贈收入,周宗輝,A12*******,1000.00,0.00,匯款,1110905,,,金錢,新北市新店區****,0937*****,,,,,,,,
203,吳欣岱,111年臺北市議員選舉,首次申報,1110830,個人捐贈收入,劉文傑,B12*******,500.00,0.00,匯款,1110905,,,金錢,台中市北屯區****,0931*****,,,,,,,,
204,吳欣岱,111年臺北市議員選舉,首次申報,1110830,個人捐贈收入,潘致弘,C12*******,1000.00,0.00,匯款,1110906,,,金錢,台中市南區信****,0932*****,,,,,,,,
205,吳欣岱,111年臺北市議員選舉,首次申報,1110830,個人捐贈收入,黃永仁,E12*******,1000.00,0.00,匯款,1110905,,,金錢,台北市北投區****,0933*****,,,,,,,,
206,吳欣岱,111年臺北市議員選舉,首次申報,1110830,個人捐贈收入,莊永田,E12*******,500.00,0.00,匯款,1110905,,,金錢,高雄市鳳山區****,0982*****,,,,,,,,
207,吳欣岱,111年臺北市議員選舉,首次申報,1110830,個人捐贈收入,呂耕安,F12*******,500.00,0.00,匯款,1110905,,,金錢,新北市淡水區****,0912*****,,,,,,,,
208,吳欣岱,111年臺北市議員選舉,首次申報,1110830,個人捐贈收入,蔡銘家,F12*******,1000.00,0.00,匯款,1110906,,,金錢,中央路號樓****,0910*****,,,,,,,,
209,吳欣岱,111年臺北市議員選舉,首次申報,1110830,個人捐贈收入,徐列鋒,F12*******,1000.00,0.00,匯款,1110905,,,金錢,新北市新店區****,0911*****,,,,,,,,
210,吳欣岱,111年臺北市議員選舉,首次申報,1110830,個人捐贈收入,林吳雙,F12*******,3000.00,0.00,匯款,1110905,,,金錢,新北市汐止區****,0975*****,,,,,,,,
211,吳欣岱,111年臺北市議員選舉,首次申報,1110830,個人捐贈收入,盧震寰,H12*******,500.00,0.00,匯款,1110905,,,金錢,桃園市大溪區****,0988*****,,,,,,,,
212,吳欣岱,111年臺北市議員選舉,首次申報,1110830,個人捐贈收入,林芃瑋,I10*******,1000.00,0.00,匯款,1110906,,,金錢,嘉義市東區文****,0933*****,,,,,,,,
213,吳欣岱,111年臺北市議員選舉,首次申報,1110830,個人捐贈收入,馮尚淳,L12*******,3000.00,0.00,匯款,1110906,,,金錢,台中市北區****,0932*****,,,,,,,,
214,吳欣岱,111年臺北市議員選舉,首次申報,1110830,個人捐贈收入,楊善文,L12*******,500.00,0.00,匯款,1110906,,,金錢,台中市東勢區****,0921*****,,,,,,,,
215,吳欣岱,111年臺北市議員選舉,首次申報,1110830,個人捐贈收入,蔡國信,P12*******,3000.00,0.00,匯款,1110905,,,金錢,新北市中和區****,0939*****,,,,,,,,
216,吳欣岱,111年臺北市議員選舉,首次申報,1110830,個人捐贈收入,郭玉雲,R22*******,1000.00,0.00,匯款,1110905,,,金錢,高雄市鹽埕區****,0916*****,,,,,,,,
217,吳欣岱,111年臺北市議員選舉,首次申報,1110830,個人捐贈收入,黄嘉齡,R22*******,1000.00,0.00,匯款,1110905,,,金錢,新北市新店區****,0937*****,,,,,,,,
218,吳欣岱,111年臺北市議員選舉,首次申報,1110830,個人捐贈收入,楊忠憲,S12*******,1000.00,0.00,匯款,1110906,,,金錢,高雄市梓官區****,0956*****,,,,,,,,
219,吳欣岱,111年臺北市議員選舉,首次申報,1110831,個人捐贈收入,陳美瑾,F22*******,2000.00,0.00,匯款,1110906,,,金錢,新竹縣竹北市****,0921*****,,,,,,,,
220,吳欣岱,111年臺北市議員選舉,首次申報,1110831,個人捐贈收入,楊智全,L12*******,1000.00,0.00,匯款,1110906,,,金錢,台中市南區福****,0928*****,,,,,,,,
221,吳欣岱,111年臺北市議員選舉,首次申報,1110831,個人捐贈收入,黃天建,Q12*******,1000.00,0.00,匯款,1110906,,,金錢,台中市南屯區****,0934*****,,,,,,,,
222,吳欣岱,111年臺北市議員選舉,首次申報,1110901,匿名捐贈,匿名捐款,,100.00,0.00,匯款,1110906,,,金錢,,,,,,,,,,
223,吳欣岱,111年臺北市議員選舉,首次申報,1110901,匿名捐贈,匿名捐款,,100.00,0.00,匯款,1110906,,,金錢,,,,,,,,,,
224,吳欣岱,111年臺北市議員選舉,首次申報,1110901,營利事業捐贈收入,木木氏有限公司,83298604,21908.00,0.00,現金,1110901,已返還,,金錢,高雄市仁武區****,,,,,,,,,
225,吳欣岱,111年臺北市議員選舉,首次申報,1110901,個人捐贈收入,王政筌,C12*******,1000.00,0.00,匯款,1110906,,,金錢,基隆市安樂區****,0988*****,,,,,,,,
226,吳欣岱,111年臺北市議員選舉,首次申報,1110901,個人捐贈收入,黃奕斌,E12*******,1000.00,0.00,匯款,1110906,,,金錢,台北市內湖區****,0912*****,,,,,,,,
227,吳欣岱,111年臺北市議員選舉,首次申報,1110902,匿名捐贈,匿名捐款,,100.00,0.00,匯款,1110906,,,金錢,,,,,,,,,,
228,吳欣岱,111年臺北市議員選舉,首次申報,1110902,匿名捐贈,匿名,,500.00,0.00,匯款,1110906,,,金錢,,,,,,,,,,
229,吳欣岱,111年臺北市議員選舉,首次申報,1110902,個人捐贈收入,張宇,A12*******,1000.00,0.00,匯款,1110906,,,金錢,新北市林口區****,0919*****,,,,,,,,
230,吳欣岱,111年臺北市議員選舉,首次申報,1110902,個人捐贈收入,周柏宏,D12*******,3000.00,0.00,匯款,1110912,,,金錢,台南市東區德****,0930*****,,,,,,,,
231,吳欣岱,111年臺北市議員選舉,首次申報,1110902,個人捐贈收入,江文馨,E22*******,1000.00,0.00,匯款,1110906,,,金錢,高雄市三民區****,0919*****,,,,,,,,
232,吳欣岱,111年臺北市議員選舉,首次申報,1110902,個人捐贈收入,王翊銓,F12*******,3000.00,0.00,匯款,1110906,,,金錢,新北市新莊區****,0920*****,,,,,,,,
233,吳欣岱,111年臺北市議員選舉,首次申報,1110902,個人捐贈收入,高子傑,F12*******,1000.00,0.00,匯款,1110906,,,金錢,新北市新莊區****,0932*****,,,,,,,,
234,吳欣岱,111年臺北市議員選舉,首次申報,1110902,個人捐贈收入,廖世煥,F12*******,1000.00,0.00,匯款,1110906,,,金錢,新北市新莊區****,0928*****,,,,,,,,
235,吳欣岱,111年臺北市議員選舉,首次申報,1110902,個人捐贈收入,許欣皓,H12*******,1000.00,0.00,匯款,1110906,,,金錢,桃園市桃園區****,0935*****,,,,,,,,
236,吳欣岱,111年臺北市議員選舉,首次申報,1110902,個人捐贈收入,朱智謙,H12*******,1000.00,0.00,匯款,1110906,,,金錢,台北市文山區****,0979*****,,,,,,,,
237,吳欣岱,111年臺北市議員選舉,首次申報,1110902,個人捐贈收入,楊凱珽,L12*******,5000.00,0.00,匯款,1110906,,,金錢,台中市太平區****,0986*****,,,,,,,,
238,吳欣岱,111年臺北市議員選舉,首次申報,1110902,個人捐贈收入,王進程,Q12*******,500.00,0.00,匯款,1110906,,,金錢,嘉義市東區成****,0900*****,,,,,,,,
239,吳欣岱,111年臺北市議員選舉,首次申報,1110902,個人捐贈收入,蔡怡欣,R22*******,1000.00,0.00,匯款,1110906,,,金錢,新北市板橋區****,0911*****,,,,,,,,
240,吳欣岱,111年臺北市議員選舉,首次申報,1110903,個人捐贈收入,梁定豪,A12*******,500.00,0.00,匯款,1110912,,,金錢,台北市內湖區****,0918*****,,,,,,,,
241,吳欣岱,111年臺北市議員選舉,首次申報,1110903,個人捐贈收入,陳業盛,A12*******,3000.00,0.00,匯款,1110912,,,金錢,台北市內湖區****,0911*****,,,,,,,,
242,吳欣岱,111年臺北市議員選舉,首次申報,1110903,個人捐贈收入,李曉慧,A22*******,1000.00,0.00,匯款,1110912,,,金錢,台北市重陽路****,0908*****,,,,,,,,
243,吳欣岱,111年臺北市議員選舉,首次申報,1110903,個人捐贈收入,周俊良,F12*******,500.00,0.00,匯款,1110912,,,金錢,台北市士林區****,0935*****,,,,,,,,
244,吳欣岱,111年臺北市議員選舉,首次申報,1110903,個人捐贈收入,陳思銘,F12*******,500.00,0.00,匯款,1110912,,,金錢,新北市三重區****,0958*****,,,,,,,,
245,吳欣岱,111年臺北市議員選舉,首次申報,1110904,個人捐贈收入,黃啟洲,,1000.00,0.00,匯款,1110912,,,金錢,台南市中西區****,0935*****,,,,,,,,
246,吳欣岱,111年臺北市議員選舉,首次申報,1110904,個人捐贈收入,吳慶蘭,A22*******,3000.00,0.00,匯款,1110912,,,金錢,台北市士林區****,0937*****,,,,,,,,
247,吳欣岱,111年臺北市議員選舉,首次申報,1110904,個人捐贈收入,李玫瑩,E22*******,1000.00,0.00,匯款,1110912,,,金錢,高雄市鳳山區****,0952*****,,,,,,,,
248,吳欣岱,111年臺北市議員選舉,首次申報,1110905,匿名捐贈,匿名捐款,,100.00,0.00,匯款,1110912,,,金錢,,,,,,,,,,
249,吳欣岱,111年臺北市議員選舉,首次申報,1110905,匿名捐贈,匿名,,500.00,0.00,匯款,1110912,,,金錢,,,,,,,,,,
250,吳欣岱,111年臺北市議員選舉,首次申報,1110905,個人捐贈收入,方富民,,500.00,0.00,現金,1110905,,,金錢,屏東縣恆春鎮****,,,,,,,,,
251,吳欣岱,111年臺北市議員選舉,首次申報,1110905,個人捐贈收入,蔡文峯,A12*******,3000.00,0.00,匯款,1110912,,,金錢,台北市中山區****,0935*****,,,,,,,,
252,吳欣岱,111年臺北市議員選舉,首次申報,1110905,個人捐贈收入,張宏基,G12*******,1000.00,0.00,匯款,1110912,,,金錢,宜蘭縣羅東鎮****,0913*****,,,,,,,,
253,吳欣岱,111年臺北市議員選舉,首次申報,1110905,個人捐贈收入,林明達,N12*******,10000.00,0.00,匯款,1110912,,,金錢,台北市內湖區****,0928*****,,,,,,,,
254,吳欣岱,111年臺北市議員選舉,首次申報,1110905,個人捐贈收入,廖育凱,T12*******,1000.00,0.00,匯款,1110912,,,金錢,新竹市東區振****,0972*****,,,,,,,,
255,吳欣岱,111年臺北市議員選舉,首次申報,1110906,營利事業捐贈收入,尻蕊有限公司,90632576,500.00,0.00,匯款,1110912,已返還,,金錢,台北市大同區****,,,,,,,,,
256,吳欣岱,111年臺北市議員選舉,首次申報,1110907,個人捐贈收入,邱瀚毅,E12*******,1450.00,0.00,匯款,1110913,,,金錢,高雄市楠梓區****,0912*****,,,,,,,,
257,吳欣岱,111年臺北市議員選舉,首次申報,1110907,個人捐贈收入,陳嘉瑩,K22*******,1000.00,0.00,匯款,1110913,,,金錢,桃園市桃園區****,0911*****,,,,,,,,
258,吳欣岱,111年臺北市議員選舉,首次申報,1110907,個人捐贈收入,洪志明,M12*******,200.00,0.00,匯款,1110913,,,金錢,台北市萬華區****,0988*****,,,,,,,,
259,吳欣岱,111年臺北市議員選舉,首次申報,1110907,個人捐贈收入,何淑靖,R22*******,1000.00,0.00,匯款,1110913,,,金錢,台南市官田區****,0918*****,,,,,,,,
260,吳欣岱,111年臺北市議員選舉,首次申報,1110907,個人捐贈收入,鄭宗政,S12*******,1000.00,0.00,匯款,1110913,,,金錢,台南市永康區****,0972*****,,,,,,,,
261,吳欣岱,111年臺北市議員選舉,首次申報,1110907,個人捐贈收入,田芷旂,T22*******,2000.00,0.00,匯款,1110913,,,金錢,高雄市三民區****,0933*****,,,,,,,,
262,吳欣岱,111年臺北市議員選舉,首次申報,1110908,個人捐贈收入,薛憲修,E12*******,6666.00,0.00,匯款,1110914,,,金錢,高雄市鳥松區****,0937*****,,,,,,,,
263,吳欣岱,111年臺北市議員選舉,首次申報,1110908,個人捐贈收入,詹前煜,J12*******,10000.00,0.00,匯款,1110914,,,金錢,新竹縣竹北市****,0933*****,,,,,,,,
264,吳欣岱,111年臺北市議員選舉,首次申報,1110908,個人捐贈收入,許郁文,L22*******,3000.00,0.00,匯款,1110914,,,金錢,台中市大里區****,0975*****,,,,,,,,
265,吳欣岱,111年臺北市議員選舉,首次申報,1110908,個人捐贈收入,黨一馨,Q22*******,1000.00,0.00,匯款,1110914,,,金錢,台北市中山區****,0916*****,,,,,,,,
266,吳欣岱,111年臺北市議員選舉,首次申報,1110909,個人捐贈收入,甘祐如,A22*******,1000.00,0.00,匯款,1110915,,,金錢,台北市中山區****,0920*****,,,,,,,,
267,吳欣岱,111年臺北市議員選舉,首次申報,1110909,個人捐贈收入,張瑞芬,F22*******,500.00,0.00,匯款,1110915,,,金錢,新北市板橋區****,0939*****,,,,,,,,
268,吳欣岱,111年臺北市議員選舉,首次申報,1110910,個人捐贈收入,林嘉信,B12*******,1000.00,0.00,匯款,1110916,,,金錢,台中市烏日區****,0936*****,,,,,,,,
269,吳欣岱,111年臺北市議員選舉,首次申報,1110910,個人捐贈收入,歐冠彣,B22*******,3000.00,0.00,匯款,1110916,,,金錢,台北市內湖區****,0912*****,,,,,,,,
270,吳欣岱,111年臺北市議員選舉,首次申報,1110910,個人捐贈收入,劉文澤,Q12*******,2000.00,0.00,匯款,1110916,,,金錢,嘉義市東區五****,0938*****,,,,,,,,
271,吳欣岱,111年臺北市議員選舉,首次申報,1110910,個人捐贈收入,郭彥宏,R12*******,5000.00,0.00,匯款,1110916,,,金錢,新竹市東區****,0920*****,,,,,,,,
272,吳欣岱,111年臺北市議員選舉,首次申報,1110911,個人捐贈收入,黃雅莉,F22*******,1000.00,0.00,匯款,1110919,,,金錢,新北市永和區****,0926*****,,,,,,,,
273,吳欣岱,111年臺北市議員選舉,首次申報,1110911,個人捐贈收入,藍源德,T12*******,10000.00,0.00,匯款,1110919,,,金錢,新北市鶯歌區****,0921*****,,,,,,,,
274,吳欣岱,111年臺北市議員選舉,首次申報,1110912,個人捐贈收入,郭君揚,A12*******,1000.00,0.00,匯款,1110919,,,金錢,新北市永和區****,0975*****,,,,,,,,
275,吳欣岱,111年臺北市議員選舉,首次申報,1110912,個人捐贈收入,許宏祥,A12*******,1000.00,0.00,匯款,1110919,,,金錢,台北市萬華區****,0918*****,,,,,,,,
276,吳欣岱,111年臺北市議員選舉,首次申報,1110912,個人捐贈收入,周伯翰,A12*******,5000.00,0.00,匯款,1110919,,,金錢,台北市內湖區****,0916*****,,,,,,,,
277,吳欣岱,111年臺北市議員選舉,首次申報,1110912,個人捐贈收入,郭承裕,F10*******,5000.00,0.00,匯款,1110919,,,金錢,新竹市香山區****,0960*****,,,,,,,,
278,吳欣岱,111年臺北市議員選舉,首次申報,1110912,個人捐贈收入,蔡璧如,Q22*******,3000.00,0.00,匯款,1110919,,,金錢,新竹市東區勝****,0933*****,,,,,,,,
279,吳欣岱,111年臺北市議員選舉,首次申報,1110912,個人捐贈收入,林皇文,R12*******,3000.00,0.00,匯款,1110919,,,金錢,台南市麻豆區****,0921*****,,,,,,,,
280,吳欣岱,111年臺北市議員選舉,首次申報,1110913,營利事業捐贈收入,喬致庸國際有限公司,24611945,1265.00,0.00,現金,1110913,,,金錢,基隆市仁愛區****,,,,,,,,,
281,吳欣岱,111年臺北市議員選舉,首次申報,1110913,個人捐贈收入,蔡世軒,A12*******,1000.00,0.00,匯款,1110919,,,金錢,台北市北投區****,0953*****,,,,,,,,
282,吳欣岱,111年臺北市議員選舉,首次申報,1110913,個人捐贈收入,林暐晟,E12*******,1500.00,0.00,匯款,1110920,,,金錢,高雄市三民區****,0929*****,,,,,,,,
283,吳欣岱,111年臺北市議員選舉,首次申報,1110913,個人捐贈收入,徐列鋒,F12*******,2000.00,0.00,匯款,1110919,,,金錢,新北市新店區****,0911*****,,,,,,,,
284,吳欣岱,111年臺北市議員選舉,首次申報,1110913,個人捐贈收入,林聖祐,G12*******,1000.00,0.00,匯款,1110919,,,金錢,宜蘭縣羅東鎮****,0975*****,,,,,,,,
285,吳欣岱,111年臺北市議員選舉,首次申報,1110913,個人捐贈收入,張原松,L12*******,1000.00,0.00,匯款,1110919,,,金錢,台中市豐原區****,0912*****,,,,,,,,
286,吳欣岱,111年臺北市議員選舉,首次申報,1110913,個人捐贈收入,林修名,P12*******,10000.00,0.00,匯款,1110919,,,金錢,台中市北屯區****,0925*****,,,,,,,,
287,吳欣岱,111年臺北市議員選舉,首次申報,1110913,個人捐贈收入,葉冠瑩,Q12*******,1000.00,0.00,匯款,1110920,,,金錢,高雄市鳳山區****,0919*****,,,,,,,,
288,吳欣岱,111年臺北市議員選舉,首次申報,1110914,匿名捐贈,匿名捐款,,1000.00,0.00,匯款,1110920,,,金錢,,,,,,,,,,
289,吳欣岱,111年臺北市議員選舉,首次申報,1110914,個人捐贈收入,周碧娟,A22*******,10000.00,0.00,匯款,1110920,,,金錢,臺北市民權東****,0936*****,,,,,,,,
290,吳欣岱,111年臺北市議員選舉,首次申報,1110914,個人捐贈收入,張晏禎,S22*******,1000.00,0.00,匯款,1110920,,,金錢,高雄市大樹區****,0935*****,,,,,,,,
291,吳欣岱,111年臺北市議員選舉,首次申報,1110915,匿名捐贈,匿名捐款,,100.00,0.00,匯款,1110921,,,金錢,,,,,,,,,,
292,吳欣岱,111年臺北市議員選舉,首次申報,1110915,個人捐贈收入,游靖樺,A12*******,1000.00,0.00,匯款,1110921,,,金錢,台北市南港區****,0937*****,,,,,,,,
293,吳欣岱,111年臺北市議員選舉,首次申報,1110915,個人捐贈收入,王肇邦,A12*******,3000.00,0.00,匯款,1110921,,,金錢,苗栗縣竹南鎮****,0912*****,,,,,,,,
294,吳欣岱,111年臺北市議員選舉,首次申報,1110915,個人捐贈收入,陳盛福,A12*******,5000.00,0.00,匯款,1110921,,,金錢,台中市西區****,0931*****,,,,,,,,
295,吳欣岱,111年臺北市議員選舉,首次申報,1110915,個人捐贈收入,蔡淑玲,B22*******,1500.00,0.00,匯款,1110921,,,金錢,台中市大雅區****,0930*****,,,,,,,,
296,吳欣岱,111年臺北市議員選舉,首次申報,1110915,個人捐贈收入,黃柏瑞,F12*******,2000.00,0.00,匯款,1110921,,,金錢,台北市大安區****,0911*****,,,,,,,,
297,吳欣岱,111年臺北市議員選舉,首次申報,1110915,個人捐贈收入,張琇雁,M22*******,3000.00,0.00,匯款,1110922,,,金錢,台南市善化區****,0912*****,,,,,,,,
298,吳欣岱,111年臺北市議員選舉,首次申報,1110916,個人捐贈收入,吳昱德,D12*******,1000.00,0.00,匯款,1110922,,,金錢,高雄市大寮區****,0978*****,,,,,,,,
299,吳欣岱,111年臺北市議員選舉,首次申報,1110916,個人捐贈收入,陳薇安,F22*******,1000.00,0.00,匯款,1110922,,,金錢,台北市文山區****,0911*****,,,,,,,,
300,吳欣岱,111年臺北市議員選舉,首次申報,1110918,匿名捐贈,匿名捐款,,3000.00,0.00,匯款,1110926,,,金錢,,,,,,,,,,
301,吳欣岱,111年臺北市議員選舉,首次申報,1110918,個人捐贈收入,王柏樺,D12*******,1000.00,0.00,匯款,1110926,,,金錢,台南市北區長****,0910*****,,,,,,,,
302,吳欣岱,111年臺北市議員選舉,首次申報,1110918,個人捐贈收入,李卓倫,M12*******,3000.00,0.00,匯款,1110926,,,金錢,台中市南屯區****,0981*****,,,,,,,,
303,吳欣岱,111年臺北市議員選舉,首次申報,1110921,個人捐贈收入,許宇賢,A12*******,1000.00,0.00,匯款,1110927,,,金錢,台北市松山區****,0936*****,,,,,,,,
304,吳欣岱,111年臺北市議員選舉,首次申報,1110921,個人捐贈收入,蘇宣銘,E12*******,2000.00,0.00,匯款,1110927,,,金錢,高雄市三民區****,0953*****,,,,,,,,
305,吳欣岱,111年臺北市議員選舉,首次申報,1110923,個人捐贈收入,藍啟恆,H12*******,1200.00,0.00,匯款,1110927,,,金錢,桃園市桃園區****,0937*****,,,,,,,,
306,吳欣岱,111年臺北市議員選舉,首次申報,1110924,個人捐贈收入,鄭凱文,L12*******,2022.00,0.00,匯款,1111003,,,金錢,台中市沙鹿區****,0935*****,,,,,,,,
307,吳欣岱,111年臺北市議員選舉,首次申報,1110925,匿名捐贈,匿名捐款,,500.00,0.00,匯款,1111003,,,金錢,,,,,,,,,,
308,吳欣岱,111年臺北市議員選舉,首次申報,1110925,匿名捐贈,匿名捐款,,1000.00,0.00,匯款,1111003,,,金錢,,,,,,,,,,
309,吳欣岱,111年臺北市議員選舉,首次申報,1110925,個人捐贈收入,徐東業,A12*******,1450.00,0.00,匯款,1111003,,,金錢,台北市文山區****,0939*****,,,,,,,,
310,吳欣岱,111年臺北市議員選舉,首次申報,1110925,個人捐贈收入,林暐晟,E12*******,1450.00,0.00,匯款,1111003,,,金錢,高雄市三民區****,0929*****,,,,,,,,
311,吳欣岱,111年臺北市議員選舉,首次申報,1110925,個人捐贈收入,林暐晟,E12*******,1450.00,0.00,匯款,1111003,,,金錢,高雄市三民區****,0929*****,,,,,,,,
312,吳欣岱,111年臺北市議員選舉,首次申報,1110925,個人捐贈收入,林暐晟,E12*******,1450.00,0.00,匯款,1111003,,,金錢,高雄市三民區****,0929*****,,,,,,,,
313,吳欣岱,111年臺北市議員選舉,首次申報,1110925,個人捐贈收入,游博欽,H12*******,1500.00,0.00,匯款,1111003,,,金錢,高雄市鼓山區****,0910*****,,,,,,,,
314,吳欣岱,111年臺北市議員選舉,首次申報,1110925,個人捐贈收入,陳慶彬,J12*******,500.00,0.00,匯款,1111003,,,金錢,新竹市東區埔****,0937*****,,,,,,,,
315,吳欣岱,111年臺北市議員選舉,首次申報,1110926,個人捐贈收入,鄭東松,,20000.00,0.00,現金,1110926,,,金錢,台南市南區新****,,,,,,,,,
316,吳欣岱,111年臺北市議員選舉,首次申報,1110926,個人捐贈收入,廖文嘉,A22*******,10000.00,0.00,匯款,1111003,,,金錢,台北市中正區****,0920*****,,,,,,,,
317,吳欣岱,111年臺北市議員選舉,首次申報,1110926,個人捐贈收入,林咸良,B12*******,1450.00,0.00,匯款,1111003,,,金錢,台中市西屯區****,0987*****,,,,,,,,
318,吳欣岱,111年臺北市議員選舉,首次申報,1110926,個人捐贈收入,邱龍彬,D12*******,3000.00,0.00,匯款,1111003,,,金錢,台南市安南區****,0932*****,,,,,,,,
319,吳欣岱,111年臺北市議員選舉,首次申報,1110927,個人捐贈收入,黃建中,N12*******,1450.00,0.00,匯款,1111003,,,金錢,彰化縣福興鄉****,0912*****,,,,,,,,
320,吳欣岱,111年臺北市議員選舉,首次申報,1110928,營利事業捐贈收入,尻蕊有限公司,90632576,1450.00,0.00,匯款,1111004,已返還,,金錢,台北市大同區****,,,,,,,,,
321,吳欣岱,111年臺北市議員選舉,首次申報,1110929,個人捐贈收入,林鴻裕,E12*******,5000.00,0.00,匯款,1111005,,,金錢,台北市南港區****,0920*****,,,,,,,,
322,吳欣岱,111年臺北市議員選舉,首次申報,1110930,個人捐贈收入,葉陳美罕,,1000.00,0.00,現金,1110930,,,金錢,高雄市茄萣區****,,,,,,,,,
323,吳欣岱,111年臺北市議員選舉,首次申報,1110930,個人捐贈收入,葉嚴之,K12*******,1450.00,0.00,匯款,1111006,,,金錢,苗栗縣竹南鎮****,0958*****,,,,,,,,
324,吳欣岱,111年臺北市議員選舉,首次申報,1111001,匿名捐贈,匿名捐款,,100.00,0.00,匯款,1111011,,,金錢,,,,,,,,,,
325,吳欣岱,111年臺北市議員選舉,首次申報,1111001,個人捐贈收入,顏伯庭,A12*******,1000.00,0.00,匯款,1111007,,,金錢,高雄市三民區****,0929*****,,,,,,,,
326,吳欣岱,111年臺北市議員選舉,首次申報,1111001,個人捐贈收入,陳左豐,B12*******,1000.00,0.00,匯款,1111011,,,金錢,台中市北區東****,0923*****,,,,,,,,
327,吳欣岱,111年臺北市議員選舉,首次申報,1111001,個人捐贈收入,李祐忻,E22*******,1200.00,0.00,匯款,1111007,,,金錢,高雄市三民區****,0910*****,,,,,,,,
328,吳欣岱,111年臺北市議員選舉,首次申報,1111002,匿名捐贈,匿名捐款,,1450.00,0.00,匯款,1111011,,,金錢,,,,,,,,,,
329,吳欣岱,111年臺北市議員選舉,首次申報,1111002,匿名捐贈,匿名捐款,,1000.00,0.00,匯款,1111011,,,金錢,,,,,,,,,,
330,吳欣岱,111年臺北市議員選舉,首次申報,1111003,個人捐贈收入,簡紹倢,A23*******,500.00,0.00,匯款,1111011,,,金錢,台北市內湖區****,0975*****,,,,,,,,
331,吳欣岱,111年臺北市議員選舉,首次申報,1111003,個人捐贈收入,古孟原,S12*******,1450.00,0.00,匯款,1111011,,,金錢,高雄市美濃區****,0935*****,,,,,,,,
332,吳欣岱,111年臺北市議員選舉,首次申報,1111003,個人捐贈收入,陳輝源,S12*******,1000.00,0.00,匯款,1111011,,,金錢,新北市林口區****,0988*****,,,,,,,,
333,吳欣岱,111年臺北市議員選舉,首次申報,1111004,匿名捐贈,匿名,,2000.00,0.00,匯款,1111004,,,金錢,,,,,,,,,,
334,吳欣岱,111年臺北市議員選舉,首次申報,1111004,個人捐贈收入,王肇邦,A12*******,2000.00,0.00,匯款,1111011,,,金錢,苗栗縣竹南鎮****,0912*****,,,,,,,,
335,吳欣岱,111年臺北市議員選舉,首次申報,1111004,個人捐贈收入,謝沅倫,F12*******,500.00,0.00,匯款,1111011,,,金錢,台北市中正區****,0972*****,,,,,,,,
336,吳欣岱,111年臺北市議員選舉,首次申報,1111004,個人捐贈收入,林志維,F12*******,3000.00,0.00,匯款,1111011,,,金錢,新北市三重區****,0921*****,,,,,,,,
337,吳欣岱,111年臺北市議員選舉,首次申報,1111004,個人捐贈收入,謝育平,J12*******,500.00,0.00,匯款,1111011,,,金錢,新竹縣竹北市****,0975*****,,,,,,,,
338,吳欣岱,111年臺北市議員選舉,首次申報,1111004,個人捐贈收入,施建偉,S12*******,2000.00,0.00,匯款,1111011,,,金錢,高雄市小港區****,0912*****,,,,,,,,
339,吳欣岱,111年臺北市議員選舉,首次申報,1111004,個人捐贈收入,鄭瑋之,T22*******,1000.00,0.00,匯款,1111011,,,金錢,台北市內湖區****,0915*****,,,,,,,,
340,吳欣岱,111年臺北市議員選舉,首次申報,1111005,個人捐贈收入,黎諺杰,H12*******,1450.00,0.00,匯款,1111011,,,金錢,桃園市中壢區****,0911*****,,,,,,,,
341,吳欣岱,111年臺北市議員選舉,首次申報,1111005,個人捐贈收入,韋博,H12*******,3000.00,0.00,匯款,1111011,,,金錢,台北市內湖區****,0968*****,,,,,,,,
342,吳欣岱,111年臺北市議員選舉,首次申報,1111006,個人捐贈收入,鄭佳宜,H22*******,1000.00,0.00,匯款,1111012,,,金錢,台北市大安區****,0939*****,,,,,,,,
343,吳欣岱,111年臺北市議員選舉,首次申報,1111006,個人捐贈收入,陳鈺棉,N22*******,1000.00,0.00,匯款,1111012,,,金錢,高雄市仁武區****,0958*****,,,,,,,,
344,吳欣岱,111年臺北市議員選舉,首次申報,1111006,個人捐贈收入,田芷旂,T22*******,1000.00,0.00,匯款,1111012,,,金錢,高雄市三民區****,0933*****,,,,,,,,
345,吳欣岱,111年臺北市議員選舉,首次申報,1111007,匿名捐贈,匿名捐款,,3000.00,0.00,匯款,1111013,,,金錢,,,,,,,,,,
346,吳欣岱,111年臺北市議員選舉,首次申報,1111007,個人捐贈收入,吳兆奇,B12*******,500.00,0.00,匯款,1111013,,,金錢,台中市大雅區****,0978*****,,,,,,,,
347,吳欣岱,111年臺北市議員選舉,首次申報,1111007,個人捐贈收入,吳兆奇,B12*******,500.00,0.00,匯款,1111013,,,金錢,台中市大雅區****,0978*****,,,,,,,,
348,吳欣岱,111年臺北市議員選舉,首次申報,1111007,個人捐贈收入,陳奭璁,D12*******,1450.00,0.00,匯款,1111013,,,金錢,新北市淡水區****,0930*****,,,,,,,,
349,吳欣岱,111年臺北市議員選舉,首次申報,1111007,個人捐贈收入,林筱羚,P22*******,1450.00,0.00,匯款,1111013,,,金錢,台中市西屯區****,0922*****,,,,,,,,
350,吳欣岱,111年臺北市議員選舉,首次申報,1111008,個人捐贈收入,詹德煥,,1000.00,0.00,現金,1111008,,,金錢,,0923*****,,,,,,,,
351,吳欣岱,111年臺北市議員選舉,首次申報,1111008,個人捐贈收入,鄭東旭,Q12*******,5000.00,0.00,匯款,1111017,,,金錢,台南市中西區****,0905*****,,,,,,,,
352,吳欣岱,111年臺北市議員選舉,首次申報,1111009,匿名捐贈,匿名捐款,,1000.00,0.00,匯款,1111017,,,金錢,,,,,,,,,,
353,吳欣岱,111年臺北市議員選舉,首次申報,1111009,匿名捐贈,匿名捐款,,500.00,0.00,匯款,1111017,,,金錢,,,,,,,,,,
354,吳欣岱,111年臺北市議員選舉,首次申報,1111009,個人捐贈收入,吳恆輝,A12*******,3000.00,0.00,匯款,1111017,,,金錢,台北市士林區****,0955*****,,,,,,,,
355,吳欣岱,111年臺北市議員選舉,首次申報,1111009,個人捐贈收入,郭濟民,E12*******,1450.00,0.00,匯款,1111017,,,金錢,高雄市三民區****,0921*****,,,,,,,,
356,吳欣岱,111年臺北市議員選舉,首次申報,1111009,個人捐贈收入,蔡孟潔,E22*******,666.00,0.00,匯款,1111017,,,金錢,高雄市小港區****,0972*****,,,,,,,,
357,吳欣岱,111年臺北市議員選舉,首次申報,1111009,個人捐贈收入,高尚平,H12*******,1000.00,0.00,匯款,1111017,,,金錢,桃園市龍潭區****,0955*****,,,,,,,,
358,吳欣岱,111年臺北市議員選舉,首次申報,1111009,個人捐贈收入,張純菁,N22*******,1000.00,0.00,匯款,1111017,,,金錢,台南市東區崇****,0928*****,,,,,,,,
359,吳欣岱,111年臺北市議員選舉,首次申報,1111009,個人捐贈收入,梁家棟,P12*******,1450.00,0.00,匯款,1111017,,,金錢,雲林縣古坑鄉****,0983*****,,,,,,,,
360,吳欣岱,111年臺北市議員選舉,首次申報,1111010,個人捐贈收入,胡家銓,A12*******,3000.00,0.00,匯款,1111017,,,金錢,台北市信義區****,0935*****,,,,,,,,
361,吳欣岱,111年臺北市議員選舉,首次申報,1111010,個人捐贈收入,莊大維,E12*******,3000.00,0.00,匯款,1111017,,,金錢,高雄市鹽埕區****,0912*****,,,,,,,,
362,吳欣岱,111年臺北市議員選舉,首次申報,1111010,個人捐贈收入,張博智,T12*******,20000.00,0.00,匯款,1111017,,,金錢,高雄市三民區****,0921*****,,,,,,,,
363,吳欣岱,111年臺北市議員選舉,首次申報,1111011,個人捐贈收入,周憶芬,A22*******,3000.00,0.00,匯款,1111017,,,金錢,台北市南港區****,0921*****,,,,,,,,
364,吳欣岱,111年臺北市議員選舉,首次申報,1111011,個人捐贈收入,王紹丞,F12*******,3000.00,0.00,匯款,1111017,,,金錢,新北市永和區****,0905*****,,,,,,,,
365,吳欣岱,111年臺北市議員選舉,首次申報,1111011,個人捐贈收入,張豊鈞,J12*******,5000.00,0.00,匯款,1111017,,,金錢,新竹市北區金****,0955*****,,,,,,,,
366,吳欣岱,111年臺北市議員選舉,首次申報,1111012,個人捐贈收入,林俊宇,E12*******,1000.00,0.00,匯款,1111018,,,金錢,高雄市苓雅區****,0911*****,,,,,,,,
367,吳欣岱,111年臺北市議員選舉,首次申報,1111013,個人捐贈收入,林福來,F12*******,1000.00,0.00,匯款,1111019,,,金錢,新北市板橋區****,0936*****,,,,,,,,
368,吳欣岱,111年臺北市議員選舉,首次申報,1111014,匿名捐贈,匿名捐款,,1000.00,0.00,匯款,1111020,,,金錢,,,,,,,,,,
369,吳欣岱,111年臺北市議員選舉,首次申報,1111014,匿名捐贈,匿名捐款,,1450.00,0.00,匯款,1111020,,,金錢,,,,,,,,,,
370,吳欣岱,111年臺北市議員選舉,首次申報,1111014,個人捐贈收入,莊亦帆,F22*******,3000.00,0.00,匯款,1111020,,,金錢,台北市內湖區****,0939*****,,,,,,,,
371,吳欣岱,111年臺北市議員選舉,首次申報,1111014,個人捐贈收入,古孟原,S12*******,2000.00,0.00,匯款,1111020,,,金錢,高雄市美濃區****,0935*****,,,,,,,,
372,吳欣岱,111年臺北市議員選舉,首次申報,1111015,匿名捐贈,匿名捐款,,1000.00,0.00,匯款,1111021,,,金錢,,,,,,,,,,
373,吳欣岱,111年臺北市議員選舉,首次申報,1111015,個人捐贈收入,吳明哲,,2000.00,0.00,匯款,1111024,,,金錢,台北市大湖山****,,,,,,,,,
374,吳欣岱,111年臺北市議員選舉,首次申報,1111015,匿名捐贈,匿名捐款,,500.00,0.00,匯款,1111024,,,金錢,,,,,,,,,,
375,吳欣岱,111年臺北市議員選舉,首次申報,1111015,個人捐贈收入,鄭鈞云,E12*******,3000.00,0.00,匯款,1111021,,,金錢,高雄市三民區****,0963*****,,,,,,,,
376,吳欣岱,111年臺北市議員選舉,首次申報,1111015,個人捐贈收入,蘇燦樟,R12*******,500.00,0.00,匯款,1111021,,,金錢,台南市後壁區****,0939*****,,,,,,,,
377,吳欣岱,111年臺北市議員選舉,首次申報,1111015,個人捐贈收入,楊勝鴻,T12*******,1450.00,0.00,匯款,1111021,,,金錢,屏東縣九如鄉****,0921*****,,,,,,,,
378,吳欣岱,111年臺北市議員選舉,首次申報,1111016,匿名捐贈,匿名捐款,,1450.00,0.00,匯款,1111024,,,金錢,,,,,,,,,,
379,吳欣岱,111年臺北市議員選舉,首次申報,1111017,個人捐贈收入,鍾宜君,E12*******,1000.00,0.00,匯款,1111024,,,金錢,新北市永和區****,0958*****,,,,,,,,
380,吳欣岱,111年臺北市議員選舉,首次申報,1111017,個人捐贈收入,吳美慧,F22*******,1000.00,0.00,匯款,1111024,,,金錢,新北市永和區****,0939*****,,,,,,,,
381,吳欣岱,111年臺北市議員選舉,首次申報,1111017,個人捐贈收入,楊志斌,L12*******,500.00,0.00,匯款,1111024,,,金錢,台北市北投區****,0922*****,,,,,,,,
382,吳欣岱,111年臺北市議員選舉,首次申報,1111018,個人捐贈收入,劉乃彰,F12*******,10000.00,0.00,匯款,1111024,,,金錢,高雄市前鎮區****,0958*****,,,,,,,,
383,吳欣岱,111年臺北市議員選舉,首次申報,1111019,匿名捐贈,匿名捐款,,200.00,0.00,匯款,1111025,,,金錢,,,,,,,,,,
384,吳欣岱,111年臺北市議員選舉,首次申報,1111019,個人捐贈收入,謝鴻瑋,A12*******,1500.00,0.00,匯款,1111025,,,金錢,台北市內湖區****,0932*****,,,,,,,,
385,吳欣岱,111年臺北市議員選舉,首次申報,1111019,個人捐贈收入,藍奕婷,F22*******,1000.00,0.00,匯款,1111025,,,金錢,台北市內湖區****,0910*****,,,,,,,,
386,吳欣岱,111年臺北市議員選舉,首次申報,1111019,個人捐贈收入,王玉惠,F22*******,2000.00,0.00,匯款,1111025,,,金錢,台北市北投區****,0925*****,,,,,,,,
387,吳欣岱,111年臺北市議員選舉,首次申報,1111019,個人捐贈收入,王玉惠,F22*******,2000.00,0.00,匯款,1111025,,,金錢,台北市北投區****,0925*****,,,,,,,,
388,吳欣岱,111年臺北市議員選舉,首次申報,1111020,個人捐贈收入,陳家莉,D22*******,1000.00,0.00,匯款,1111026,,,金錢,屏東縣屏東市****,0968*****,,,,,,,,
389,吳欣岱,111年臺北市議員選舉,首次申報,1111020,個人捐贈收入,范綺芳,E22*******,1000.00,0.00,匯款,1111026,,,金錢,高雄市鼓山區****,0982*****,,,,,,,,
390,吳欣岱,111年臺北市議員選舉,首次申報,1111020,個人捐贈收入,林彥均,F12*******,1000.00,0.00,匯款,1111026,,,金錢,彰化縣鹿港鎮****,0913*****,,,,,,,,
391,吳欣岱,111年臺北市議員選舉,首次申報,1111020,個人捐贈收入,王麗珍,H22*******,3000.00,0.00,匯款,1111026,,,金錢,台北市中山區****,0955*****,,,,,,,,
392,吳欣岱,111年臺北市議員選舉,首次申報,1111020,個人捐贈收入,楊登貴,R12*******,500.00,0.00,匯款,1111026,,,金錢,台南市永康區****,0913*****,,,,,,,,
393,吳欣岱,111年臺北市議員選舉,首次申報,1111020,個人捐贈收入,蕭志成,U12*******,3000.00,0.00,匯款,1111026,,,金錢,台北市內湖區****,0932*****,,,,,,,,
394,吳欣岱,111年臺北市議員選舉,首次申報,1111021,個人捐贈收入,張琬如,,1000.00,0.00,匯款,1111027,,,金錢,台北市博愛路****,0923*****,,,,,,,,
395,吳欣岱,111年臺北市議員選舉,首次申報,1111021,個人捐贈收入,陳永盛,A12*******,1450.00,0.00,匯款,1111028,,,金錢,台北市八德路****,0937*****,,,,,,,,
396,吳欣岱,111年臺北市議員選舉,首次申報,1111021,個人捐贈收入,黃建偉,B12*******,1000.00,0.00,匯款,1111027,,,金錢,高雄市三民區****,0938*****,,,,,,,,
397,吳欣岱,111年臺北市議員選舉,首次申報,1111021,個人捐贈收入,黃建富,E12*******,10000.00,0.00,匯款,1111028,,,金錢,高雄市三民區****,,,,,,,,,
398,吳欣岱,111年臺北市議員選舉,首次申報,1111021,個人捐贈收入,林振堅,H12*******,10000.00,0.00,匯款,1111027,,,金錢,新竹市東區關****,0910*****,,,,,,,,
399,吳欣岱,111年臺北市議員選舉,首次申報,1111021,個人捐贈收入,黃柏鈞,M12*******,1000.00,0.00,匯款,1111027,,,金錢,新北市汐止區****,0911*****,,,,,,,,
400,吳欣岱,111年臺北市議員選舉,首次申報,1111021,個人捐贈收入,周宏蒼,R12*******,1000.00,0.00,匯款,1111028,,,金錢,台北市南港區****,,,,,,,,,
401,吳欣岱,111年臺北市議員選舉,首次申報,1111021,個人捐贈收入,鄭宗政,S12*******,1000.00,0.00,匯款,1111027,,,金錢,台南市永康區****,0972*****,,,,,,,,
402,吳欣岱,111年臺北市議員選舉,首次申報,1111022,個人捐贈收入,陳克剛,A12*******,10000.00,0.00,匯款,1111028,,,金錢,新竹縣竹北市****,0975*****,,,,,,,,
403,吳欣岱,111年臺北市議員選舉,首次申報,1111022,個人捐贈收入,李飛慶,D12*******,5000.00,0.00,匯款,1111028,,,金錢,高雄市三民區****,0937*****,,,,,,,,
404,吳欣岱,111年臺北市議員選舉,首次申報,1111022,個人捐贈收入,龔政豪,E12*******,1450.00,0.00,匯款,1111028,,,金錢,高雄市苓雅區****,0989*****,,,,,,,,
405,吳欣岱,111年臺北市議員選舉,首次申報,1111022,個人捐贈收入,黃健一,F12*******,1000.00,0.00,匯款,1111028,,,金錢,新北市板橋區****,0989*****,,,,,,,,
406,吳欣岱,111年臺北市議員選舉,首次申報,1111023,匿名捐贈,匿名捐款,,1000.00,0.00,匯款,1111031,,,金錢,,,,,,,,,,
407,吳欣岱,111年臺北市議員選舉,首次申報,1111023,個人捐贈收入,賴紀蒝,B22*******,1450.00,0.00,匯款,1111031,,,金錢,新北市板橋區****,0982*****,,,,,,,,
408,吳欣岱,111年臺北市議員選舉,首次申報,1111023,個人捐贈收入,吳世斌,L12*******,2000.00,0.00,匯款,1111031,,,金錢,台中市后里區****,0919*****,,,,,,,,
409,吳欣岱,111年臺北市議員選舉,首次申報,1111023,個人捐贈收入,楊恬雅,T22*******,1450.00,0.00,匯款,1111031,,,金錢,新北市汐止區****,0952*****,,,,,,,,
410,吳欣岱,111年臺北市議員選舉,首次申報,1111024,個人捐贈收入,周育俞,,5000.00,0.00,匯款,1111031,,,金錢,新北市汐止區****,,,,,,,,,
411,吳欣岱,111年臺北市議員選舉,首次申報,1111024,個人捐贈收入,何宣瑩,,10000.00,0.00,現金,1111024,,,金錢,台南市仁德區****,,,,,,,,,
412,吳欣岱,111年臺北市議員選舉,首次申報,1111024,個人捐贈收入,陳宣凱,B12*******,5000.00,0.00,匯款,1111031,,,金錢,台中市西區華****,0972*****,,,,,,,,
413,吳欣岱,111年臺北市議員選舉,首次申報,1111024,個人捐贈收入,楊瑞亨,H12*******,1000.00,0.00,匯款,1111031,,,金錢,台北市大同區****,0936*****,,,,,,,,
414,吳欣岱,111年臺北市議員選舉,首次申報,1111025,匿名捐贈,匿名捐款,,3000.00,0.00,匯款,1111031,,,金錢,,,,,,,,,,
415,吳欣岱,111年臺北市議員選舉,首次申報,1111025,個人捐贈收入,吳仲亮,,20000.00,0.00,現金,1111025,,,金錢,台中市南屯區****,,,,,,,,,
416,吳欣岱,111年臺北市議員選舉,首次申報,1111025,人民團體捐贈收入,中華民國基層醫療協會,,20000.00,0.00,現金,1111031,,,金錢,臺北市萬華區****,02-2*****,,,,,,,,
417,吳欣岱,111年臺北市議員選舉,首次申報,1111025,個人捐贈收入,楊紹禹,A12*******,1000.00,0.00,匯款,1111101,,,金錢,台北市內湖區****,0933*****,,,,,,,,
418,吳欣岱,111年臺北市議員選舉,首次申報,1111026,個人捐贈收入,施心曼,A12*******,5000.00,0.00,匯款,1111101,,,金錢,台北市士林區****,0928*****,,,,,,,,
419,吳欣岱,111年臺北市議員選舉,首次申報,1111026,個人捐贈收入,黃月嘉,A22*******,2000.00,0.00,匯款,1111102,,,金錢,台北市大同區****,0952*****,,,,,,,,
420,吳欣岱,111年臺北市議員選舉,首次申報,1111027,個人捐贈收入,郭馨元,C12*******,1000.00,0.00,匯款,1111102,,,金錢,台北市中正區****,0953*****,,,,,,,,
421,吳欣岱,111年臺北市議員選舉,首次申報,1111028,個人捐贈收入,石立勤,E12*******,1500.00,0.00,匯款,1111103,,,金錢,高雄市新興區****,0911*****,,,,,,,,
422,吳欣岱,111年臺北市議員選舉,首次申報,1111028,個人捐贈收入,施閔涵,H12*******,1000.00,0.00,匯款,1111104,,,金錢,新北市板橋區****,0918*****,,,,,,,,
423,吳欣岱,111年臺北市議員選舉,首次申報,1111030,營利事業捐贈收入,統一數位翻譯股份有限公司,12183834,5000.00,0.00,匯款,1111107,,,金錢,台北市民權東****,0933*****,,,,,,,,
424,吳欣岱,111年臺北市議員選舉,首次申報,1111030,營利事業捐贈收入,統一數位翻譯股份有限公司,12183834,10000.00,0.00,匯款,1111107,,,金錢,台北市民權東****,0933*****,,,,,,,,
425,吳欣岱,111年臺北市議員選舉,首次申報,1111030,個人捐贈收入,史書華,A12*******,90000.00,0.00,匯款,1111107,,,金錢,新北市板橋區****,0952*****,,,,,,,,
426,吳欣岱,111年臺北市議員選舉,首次申報,1111030,個人捐贈收入,史書華,A12*******,90000.00,0.00,匯款,1111107,已返還,,金錢,新北市板橋區****,0952*****,,,,,,,,
427,吳欣岱,111年臺北市議員選舉,首次申報,1111030,個人捐贈收入,温翊君,A22*******,699.00,0.00,匯款,1111107,,,金錢,嘉義市東區民****,0924*****,,,,,,,,
428,吳欣岱,111年臺北市議員選舉,首次申報,1111030,個人捐贈收入,方君涵,A22*******,5000.00,0.00,匯款,1111107,,,金錢,新北市中和區****,0921*****,,,,,,,,
429,吳欣岱,111年臺北市議員選舉,首次申報,1111030,個人捐贈收入,黃月嘉,A22*******,1500.00,0.00,匯款,1111107,,,金錢,台北市大同區****,0952*****,,,,,,,,
430,吳欣岱,111年臺北市議員選舉,首次申報,1111030,個人捐贈收入,吳貞儀,A22*******,699.00,0.00,匯款,1111107,,,金錢,台北市內湖區****,0920*****,,,,,,,,
431,吳欣岱,111年臺北市議員選舉,首次申報,1111030,個人捐贈收入,蕭奕翰,E12*******,10000.00,0.00,匯款,1111107,,,金錢,台中市北區學****,0933*****,,,,,,,,
432,吳欣岱,111年臺北市議員選舉,首次申報,1111030,個人捐贈收入,林芳慶,E12*******,1000.00,0.00,匯款,1111107,,,金錢,台南市安南區****,0988*****,,,,,,,,
433,吳欣岱,111年臺北市議員選舉,首次申報,1111030,個人捐贈收入,尤雅雯,E22*******,1000.00,0.00,匯款,1111107,,,金錢,高雄市左營區****,0983*****,,,,,,,,
434,吳欣岱,111年臺北市議員選舉,首次申報,1111030,個人捐贈收入,陳冠安,F12*******,1000.00,0.00,匯款,1111107,,,金錢,台北市北投區****,0921*****,,,,,,,,
435,吳欣岱,111年臺北市議員選舉,首次申報,1111030,個人捐贈收入,張正宗,F12*******,699.00,0.00,匯款,1111107,,,金錢,新北市板橋區****,0916*****,,,,,,,,
436,吳欣岱,111年臺北市議員選舉,首次申報,1111030,個人捐贈收入,趙厚誠,H12*******,3000.00,0.00,匯款,1111107,,,金錢,桃園市龍潭區****,0936*****,,,,,,,,
437,吳欣岱,111年臺北市議員選舉,首次申報,1111030,個人捐贈收入,黎諺杰,H12*******,699.00,0.00,匯款,1111107,,,金錢,桃園市中壢區****,0911*****,,,,,,,,
438,吳欣岱,111年臺北市議員選舉,首次申報,1111030,個人捐贈收入,許翔綸,I10*******,1000.00,0.00,匯款,1111107,,,金錢,嘉義市西區永****,0979*****,,,,,,,,
439,吳欣岱,111年臺北市議員選舉,首次申報,1111030,個人捐贈收入,楊智全,L12*******,1450.00,0.00,匯款,1111107,,,金錢,台中市南區福****,0928*****,,,,,,,,
440,吳欣岱,111年臺北市議員選舉,首次申報,1111030,個人捐贈收入,張明賢,N12*******,700.00,0.00,匯款,1111107,,,金錢,彰化縣埔心鄉****,0980*****,,,,,,,,
441,吳欣岱,111年臺北市議員選舉,首次申報,1111030,個人捐贈收入,張智焙,P12*******,1000.00,0.00,匯款,1111107,,,金錢,新北市三重區****,0970*****,,,,,,,,
442,吳欣岱,111年臺北市議員選舉,首次申報,1111030,個人捐贈收入,梁家棟,P12*******,699.00,0.00,匯款,1111107,,,金錢,雲林縣古坑鄉****,0983*****,,,,,,,,
443,吳欣岱,111年臺北市議員選舉,首次申報,1111030,個人捐贈收入,翁宗儀,U12*******,699.00,0.00,匯款,1111107,,,金錢,台中市西屯區****,0932*****,,,,,,,,
444,吳欣岱,111年臺北市議員選舉,首次申報,1111031,匿名捐贈,匿名捐款,,500.00,0.00,匯款,1111107,,,金錢,,,,,,,,,,
445,吳欣岱,111年臺北市議員選舉,首次申報,1111031,匿名捐贈,匿名捐款,,1000.00,0.00,匯款,1111107,,,金錢,,,,,,,,,,
446,吳欣岱,111年臺北市議員選舉,首次申報,1111031,匿名捐贈,匿名,,3000.00,0.00,匯款,1111107,,,金錢,,,,,,,,,,
447,吳欣岱,111年臺北市議員選舉,首次申報,1111031,個人捐贈收入,林朶,F22*******,699.00,0.00,匯款,1111107,,,金錢,新竹縣竹北市****,0912*****,,,,,,,,
448,吳欣岱,111年臺北市議員選舉,首次申報,1111031,個人捐贈收入,何蕙如,I20*******,3000.00,0.00,匯款,1111107,,,金錢,嘉義市東區南****,0928*****,,,,,,,,
449,吳欣岱,111年臺北市議員選舉,首次申報,1111031,個人捐贈收入,劉宗熹,M12*******,2100.00,0.00,匯款,1111107,,,金錢,新北市中和區****,0937*****,,,,,,,,
450,吳欣岱,111年臺北市議員選舉,首次申報,1111031,個人捐贈收入,林涵智,N12*******,5000.00,0.00,匯款,1111107,,,金錢,振興路巷弄號****,0939*****,,,,,,,,
451,吳欣岱,111年臺北市議員選舉,首次申報,1111031,個人捐贈收入,巫宜霖,N12*******,10000.00,0.00,匯款,1111107,,,金錢,台北市士林區****,0932*****,,,,,,,,
452,吳欣岱,111年臺北市議員選舉,首次申報,1111031,個人捐贈收入,鄭人文,O10*******,1000.00,0.00,匯款,1111107,,,金錢,東華路號F-****,0921*****,,,,,,,,
453,吳欣岱,111年臺北市議員選舉,首次申報,1111031,個人捐贈收入,徐維政,Q12*******,1000.00,0.00,匯款,1111107,,,金錢,台中市大甲區****,0989*****,,,,,,,,
454,吳欣岱,111年臺北市議員選舉,首次申報,1111031,個人捐贈收入,陳宇玲,Q22*******,10000.00,0.00,匯款,1111107,,,金錢,花蓮縣吉安鄉****,0912*****,,,,,,,,
455,吳欣岱,111年臺北市議員選舉,首次申報,1111031,個人捐贈收入,古孟原,S12*******,1000.00,0.00,匯款,1111107,,,金錢,高雄市美濃區****,0935*****,,,,,,,,
456,吳欣岱,111年臺北市議員選舉,首次申報,1111031,個人捐贈收入,魏志旭,Y12*******,10000.00,0.00,匯款,1111107,,,金錢,台北市士林區****,0919*****,,,,,,,,
457,吳欣岱,111年臺北市議員選舉,首次申報,1111101,個人捐贈收入,陳文和,E12*******,1000.00,0.00,匯款,1111107,,,金錢,台北市大安區****,0922*****,,,,,,,,
458,吳欣岱,111年臺北市議員選舉,首次申報,1111101,個人捐贈收入,劉芳,F22*******,700.00,0.00,匯款,1111107,,,金錢,台東縣台東市****,0936*****,,,,,,,,
459,吳欣岱,111年臺北市議員選舉,首次申報,1111101,個人捐贈收入,藍倍敏,H10*******,1000.00,0.00,匯款,1111107,,,金錢,桃園市大溪區****,0935*****,,,,,,,,
460,吳欣岱,111年臺北市議員選舉,首次申報,1111101,個人捐贈收入,李佩容,T22*******,699.00,0.00,匯款,1111107,,,金錢,屏東縣屏東市****,0978*****,,,,,,,,
461,吳欣岱,111年臺北市議員選舉,首次申報,1111101,個人捐贈收入,黃譽樞,U12*******,5000.00,0.00,匯款,1111107,,,金錢,台北市北投區****,0928*****,,,,,,,,
462,吳欣岱,111年臺北市議員選舉,首次申報,1111101,個人捐贈收入,洪翌宸,W20*******,699.00,0.00,匯款,1111107,,,金錢,屏東縣屏東市****,0980*****,,,,,,,,
463,吳欣岱,111年臺北市議員選舉,首次申報,1111102,個人捐贈收入,黃和怡,,2000.00,0.00,現金,1111102,,,金錢,,0921*****,,,,,,,,
464,吳欣岱,111年臺北市議員選舉,首次申報,1111102,個人捐贈收入,張瑞芬,F22*******,700.00,0.00,匯款,1111108,,,金錢,新北市板橋區****,0939*****,,,,,,,,
465,吳欣岱,111年臺北市議員選舉,首次申報,1111102,個人捐贈收入,胡仁琛,J12*******,2000.00,0.00,匯款,1111108,,,金錢,新竹市東區東****,0937*****,,,,,,,,
466,吳欣岱,111年臺北市議員選舉,首次申報,1111103,匿名捐贈,匿名捐款,,1000.00,0.00,匯款,1111109,,,金錢,,,,,,,,,,
467,吳欣岱,111年臺北市議員選舉,首次申報,1111103,個人捐贈收入,郭朝清,,6000.00,0.00,現金,1111103,,,金錢,宜蘭縣礁溪鄉****,,,,,,,,,
468,吳欣岱,111年臺北市議員選舉,首次申報,1111103,個人捐贈收入,黃姿綺,N22*******,500.00,0.00,匯款,1111109,,,金錢,新北市中和區****,0977*****,,,,,,,,
469,吳欣岱,111年臺北市議員選舉,首次申報,1111103,個人捐贈收入,王惠立,S12*******,1450.00,0.00,匯款,1111109,,,金錢,高雄市仁武區****,0939*****,,,,,,,,
470,吳欣岱,111年臺北市議員選舉,首次申報,1111104,匿名捐贈,匿名捐款,,1000.00,0.00,匯款,1111110,,,金錢,,,,,,,,,,
471,吳欣岱,111年臺北市議員選舉,首次申報,1111104,個人捐贈收入,鄭淵仁,A12*******,5000.00,0.00,匯款,1111110,,,金錢,台北市松山區****,0918*****,,,,,,,,
472,吳欣岱,111年臺北市議員選舉,首次申報,1111104,個人捐贈收入,張達文,A12*******,100000.00,0.00,現金,1111104,,,金錢,台北市內湖路****,0988*****,,,,,,,,
473,吳欣岱,111年臺北市議員選舉,首次申報,1111104,個人捐贈收入,曾志偉,M12*******,1699.00,0.00,匯款,1111110,,,金錢,南投縣竹山鎮****,0919*****,,,,,,,,
474,吳欣岱,111年臺北市議員選舉,首次申報,1111105,匿名捐贈,匿名捐款,,500.00,0.00,匯款,1111111,,,金錢,,,,,,,,,,
475,吳欣岱,111年臺北市議員選舉,首次申報,1111105,個人捐贈收入,程尚則,A12*******,1000.00,0.00,匯款,1111114,,,金錢,台北市大安區****,0937*****,,,,,,,,
476,吳欣岱,111年臺北市議員選舉,首次申報,1111105,個人捐贈收入,陳志豪,T12*******,699.00,0.00,匯款,1111111,,,金錢,桃園市桃園區****,0921*****,,,,,,,,
477,吳欣岱,111年臺北市議員選舉,首次申報,1111106,個人捐贈收入,黃泰源,F12*******,1000.00,0.00,匯款,1111114,,,金錢,新北市三重區****,0966*****,,,,,,,,
478,吳欣岱,111年臺北市議員選舉,首次申報,1111107,匿名捐贈,匿名捐款,,500.00,0.00,匯款,1111114,,,金錢,,,,,,,,,,
479,吳欣岱,111年臺北市議員選舉,首次申報,1111107,匿名捐贈,匿名捐款,,3000.00,0.00,匯款,1111114,,,金錢,,,,,,,,,,
480,吳欣岱,111年臺北市議員選舉,首次申報,1111107,匿名捐贈,匿名捐款,,500.00,0.00,匯款,1111114,,,金錢,,,,,,,,,,
481,吳欣岱,111年臺北市議員選舉,首次申報,1111107,匿名捐贈,匿名捐款,,1000.00,0.00,匯款,1111114,,,金錢,,,,,,,,,,
482,吳欣岱,111年臺北市議員選舉,首次申報,1111107,個人捐贈收入,陳宗智,,5000.00,0.00,現金,1111107,,,金錢,新北市汐止區****,,,,,,,,,
483,吳欣岱,111年臺北市議員選舉,首次申報,1111107,個人捐贈收入,徐以政,A10*******,10000.00,0.00,匯款,1111114,,,金錢,台北市民生西****,0910*****,,,,,,,,
484,吳欣岱,111年臺北市議員選舉,首次申報,1111107,個人捐贈收入,陳柏嘉,A12*******,5000.00,0.00,匯款,1111114,,,金錢,台北市大同區****,0936*****,,,,,,,,
485,吳欣岱,111年臺北市議員選舉,首次申報,1111107,個人捐贈收入,陳尚斌,L12*******,100000.00,0.00,匯款,1111114,,,金錢,新竹縣竹北市****,0935*****,,,,,,,,
486,吳欣岱,111年臺北市議員選舉,首次申報,1111107,個人捐贈收入,邱雅婕,N22*******,1000.00,0.00,匯款,1111114,,,金錢,新竹市東區經****,0928*****,,,,,,,,
487,吳欣岱,111年臺北市議員選舉,首次申報,1111108,匿名捐贈,匿名捐款,,200.00,0.00,匯款,1111114,,,金錢,,,,,,,,,,
488,吳欣岱,111年臺北市議員選舉,首次申報,1111108,匿名捐贈,匿名捐款,,1000.00,0.00,匯款,1111114,,,金錢,,,,,,,,,,
489,吳欣岱,111年臺北市議員選舉,首次申報,1111108,個人捐贈收入,楊曉婷,A22*******,1000.00,0.00,匯款,1111114,,,金錢,桃園市中壢區****,0915*****,,,,,,,,
490,吳欣岱,111年臺北市議員選舉,首次申報,1111108,個人捐贈收入,陳慶祥,T10*******,3000.00,0.00,匯款,1111114,,,金錢,屏東縣潮州鎮****,0939*****,,,,,,,,
491,吳欣岱,111年臺北市議員選舉,首次申報,1111109,匿名捐贈,匿名捐款,,500.00,0.00,匯款,1111115,,,金錢,,,,,,,,,,
492,吳欣岱,111年臺北市議員選舉,首次申報,1111109,個人捐贈收入,蔡坤廷,A12*******,2000.00,0.00,匯款,1111116,,,金錢,台北市中正區****,0919*****,,,,,,,,
493,吳欣岱,111年臺北市議員選舉,首次申報,1111109,個人捐贈收入,陳偉民,E12*******,1000.00,0.00,匯款,1111115,,,金錢,高雄市鹽埕區****,0911*****,,,,,,,,
494,吳欣岱,111年臺北市議員選舉,首次申報,1111109,個人捐贈收入,林珮淇,F22*******,500.00,0.00,匯款,1111115,,,金錢,台北市內湖區****,0921*****,,,,,,,,
495,吳欣岱,111年臺北市議員選舉,首次申報,1111109,個人捐贈收入,吳家瑋,L12*******,500.00,0.00,匯款,1111115,,,金錢,台北市南港區****,0988*****,,,,,,,,
496,吳欣岱,111年臺北市議員選舉,首次申報,1111109,個人捐贈收入,謝欣洋,R12*******,10000.00,0.00,匯款,1111115,,,金錢,台中市西屯區****,0912*****,,,,,,,,
497,吳欣岱,111年臺北市議員選舉,首次申報,1111109,個人捐贈收入,陳盈昇,S12*******,3000.00,0.00,匯款,1111115,,,金錢,高雄市左營區****,0932*****,,,,,,,,
498,吳欣岱,111年臺北市議員選舉,首次申報,1111110,匿名捐贈,匿名捐款,,1000.00,0.00,匯款,1111116,,,金錢,,,,,,,,,,
499,吳欣岱,111年臺北市議員選舉,首次申報,1111110,匿名捐贈,匿名捐款,,3000.00,0.00,匯款,1111116,,,金錢,,,,,,,,,,
500,吳欣岱,111年臺北市議員選舉,首次申報,1111110,匿名捐贈,匿名捐款,,1000.00,0.00,匯款,1111116,,,金錢,,,,,,,,,,
501,吳欣岱,111年臺北市議員選舉,首次申報,1111110,個人捐贈收入,林鴻裕,E12*******,5000.00,0.00,匯款,1111116,,,金錢,台北市南港區****,0920*****,,,,,,,,
502,吳欣岱,111年臺北市議員選舉,首次申報,1111110,個人捐贈收入,陳麗美,E22*******,1000.00,0.00,匯款,1111116,,,金錢,金門縣金湖鎮****,0912*****,,,,,,,,
503,吳欣岱,111年臺北市議員選舉,首次申報,1111110,個人捐贈收入,黃姀安,E22*******,1000.00,0.00,匯款,1111116,,,金錢,高雄市苓雅區****,0912*****,,,,,,,,
504,吳欣岱,111年臺北市議員選舉,首次申報,1111110,個人捐贈收入,高子傑,F12*******,1450.00,0.00,匯款,1111116,,,金錢,新北市新莊區****,0932*****,,,,,,,,
505,吳欣岱,111年臺北市議員選舉,首次申報,1111110,個人捐贈收入,曾婉綺,F22*******,1000.00,0.00,匯款,1111116,,,金錢,台南市南區永****,0919*****,,,,,,,,
506,吳欣岱,111年臺北市議員選舉,首次申報,1111110,個人捐贈收入,趙韋傑,L12*******,1500.00,0.00,匯款,1111116,,,金錢,台中市潭子區****,0972*****,,,,,,,,
507,吳欣岱,111年臺北市議員選舉,首次申報,1111110,個人捐贈收入,趙文綺,N22*******,3000.00,0.00,匯款,1111116,,,金錢,新北市淡水區****,0972*****,,,,,,,,
508,吳欣岱,111年臺北市議員選舉,首次申報,1111110,個人捐贈收入,陳慶宏,S12*******,1000.00,0.00,匯款,1111117,,,金錢,台北市內湖區****,0955*****,,,,,,,,
509,吳欣岱,111年臺北市議員選舉,首次申報,1111110,個人捐贈收入,蔡俊宸,S12*******,1000.00,0.00,匯款,1111116,,,金錢,高雄市梓官區****,0928*****,,,,,,,,
510,吳欣岱,111年臺北市議員選舉,首次申報,1111110,個人捐贈收入,李珮華,T22*******,1000.00,0.00,匯款,1111116,,,金錢,屏東縣屏東市****,0931*****,,,,,,,,
511,吳欣岱,111年臺北市議員選舉,首次申報,1111111,個人捐贈收入,王振華,,2000.00,0.00,現金,1111111,,,金錢,新北市新莊區****,,,,,,,,,
512,吳欣岱,111年臺北市議員選舉,首次申報,1111111,個人捐贈收入,曾淑惠,E20*******,1000.00,0.00,匯款,1111117,,,金錢,高雄市左營區****,0932*****,,,,,,,,
513,吳欣岱,111年臺北市議員選舉,首次申報,1111111,個人捐贈收入,陳姿璉,E22*******,3000.00,0.00,匯款,1111117,,,金錢,高雄市鳥松區****,0922*****,,,,,,,,
514,吳欣岱,111年臺北市議員選舉,首次申報,1111111,個人捐贈收入,黃士珈,P12*******,1000.00,0.00,匯款,1111118,,,金錢,雲林縣東勢鄉****,0912*****,,,,,,,,
515,吳欣岱,111年臺北市議員選舉,首次申報,1111111,個人捐贈收入,陳如珊,P22*******,1000.00,0.00,匯款,1111118,,,金錢,雲林縣水林鄉****,0919*****,,,,,,,,
516,吳欣岱,111年臺北市議員選舉,首次申報,1111112,匿名捐贈,匿名捐款,,500.00,0.00,匯款,1111118,,,金錢,,,,,,,,,,
517,吳欣岱,111年臺北市議員選舉,首次申報,1111112,匿名捐贈,匿名捐款,,1000.00,0.00,匯款,1111121,,,金錢,,,,,,,,,,
518,吳欣岱,111年臺北市議員選舉,首次申報,1111112,個人捐贈收入,張旭馥,F22*******,500.00,0.00,匯款,1111118,,,金錢,新北市新莊區****,0952*****,,,,,,,,
519,吳欣岱,111年臺北市議員選舉,首次申報,1111112,個人捐贈收入,曾憲瑋,O10*******,5000.00,0.00,匯款,1111121,,,金錢,新北市淡水區****,0912*****,,,,,,,,
520,吳欣岱,111年臺北市議員選舉,首次申報,1111113,個人捐贈收入,蕭佑閎,F12*******,500.00,0.00,匯款,1111121,,,金錢,台北市大安區****,0936*****,,,,,,,,
521,吳欣岱,111年臺北市議員選舉,首次申報,1111113,個人捐贈收入,李天仁,P12*******,2000.00,0.00,匯款,1111121,,,金錢,新北市新店區****,0935*****,,,,,,,,
522,吳欣岱,111年臺北市議員選舉,首次申報,1111113,個人捐贈收入,陳家興,Y12*******,10000.00,0.00,匯款,1111121,,,金錢,台北市內湖區****,0955*****,,,,,,,,
523,吳欣岱,111年臺北市議員選舉,首次申報,1111114,匿名捐贈,匿名捐款,,500.00,0.00,匯款,1111121,,,金錢,,,,,,,,,,
524,吳欣岱,111年臺北市議員選舉,首次申報,1111114,個人捐贈收入,吳志育,A10*******,3000.00,0.00,匯款,1111121,,,金錢,新北市三重區****,0921*****,,,,,,,,
525,吳欣岱,111年臺北市議員選舉,首次申報,1111114,個人捐贈收入,張耀仁,F12*******,1450.00,0.00,匯款,1111121,,,金錢,新北市三峽區****,0926*****,,,,,,,,
526,吳欣岱,111年臺北市議員選舉,首次申報,1111114,個人捐贈收入,陳敏真,L22*******,699.00,0.00,匯款,1111121,,,金錢,台中市北屯區****,0920*****,,,,,,,,
527,吳欣岱,111年臺北市議員選舉,首次申報,1111114,個人捐贈收入,劉宗熹,M12*******,5000.00,0.00,匯款,1111121,,,金錢,新北市中和區****,0933*****,,,,,,,,
528,吳欣岱,111年臺北市議員選舉,首次申報,1111114,個人捐贈收入,陸士云,U12*******,500.00,0.00,匯款,1111121,,,金錢,台中市西屯區****,0913*****,,,,,,,,
529,吳欣岱,111年臺北市議員選舉,首次申報,1111115,匿名捐贈,匿名捐款,,500.00,0.00,匯款,1111121,,,金錢,,,,,,,,,,
530,吳欣岱,111年臺北市議員選舉,首次申報,1111115,個人捐贈收入,周育俞,,10000.00,0.00,匯款,1111121,,,金錢,新北市汐止區****,,,,,,,,,
531,吳欣岱,111年臺北市議員選舉,首次申報,1111115,匿名捐贈,匿名捐款,,1500.00,0.00,匯款,1111121,,,金錢,,,,,,,,,,
532,吳欣岱,111年臺北市議員選舉,首次申報,1111115,人民團體捐贈收入,屏東縣醫師公會,,10000.00,0.00,現金,1111115,,,金錢,屏東市林森路****,7220*****,,,,,,,,
533,吳欣岱,111年臺北市議員選舉,首次申報,1111115,匿名捐贈,匿名捐款,,1000.00,0.00,匯款,1111122,,,金錢,,,,,,,,,,
534,吳欣岱,111年臺北市議員選舉,首次申報,1111115,營利事業捐贈收入,統一數位翻譯股份有限公司,12183834,5000.00,0.00,匯款,1111121,,,金錢,台北市民權東****,0933*****,,,,,,,,
535,吳欣岱,111年臺北市議員選舉,首次申報,1111115,個人捐贈收入,王肇邦,A12*******,3000.00,0.00,匯款,1111121,,,金錢,苗栗縣竹南鎮****,0912*****,,,,,,,,
536,吳欣岱,111年臺北市議員選舉,首次申報,1111115,個人捐贈收入,李天貴,E12*******,1000.00,0.00,匯款,1111121,,,金錢,高雄市新興區****,0912*****,,,,,,,,
537,吳欣岱,111年臺北市議員選舉,首次申報,1111115,個人捐贈收入,陳俊夫,G12*******,3000.00,0.00,匯款,1111121,,,金錢,新北市永和區****,0933*****,,,,,,,,
538,吳欣岱,111年臺北市議員選舉,首次申報,1111115,個人捐贈收入,胡弘達,H12*******,3000.00,0.00,匯款,1111121,,,金錢,新北市三重區****,0928*****,,,,,,,,
539,吳欣岱,111年臺北市議員選舉,首次申報,1111115,個人捐贈收入,陳婉芸,N22*******,1000.00,0.00,匯款,1111122,,,金錢,彰化縣彰化市****,0911*****,,,,,,,,
540,吳欣岱,111年臺北市議員選舉,首次申報,1111115,個人捐贈收入,吳坤松,Q12*******,1000.00,0.00,匯款,1111122,,,金錢,台北市南港區****,0932*****,,,,,,,,
541,吳欣岱,111年臺北市議員選舉,首次申報,1111116,匿名捐贈,匿名捐款,,1000.00,0.00,匯款,1111122,,,金錢,,,,,,,,,,
542,吳欣岱,111年臺北市議員選舉,首次申報,1111116,匿名捐贈,匿名捐款,,1000.00,0.00,匯款,1111123,,,金錢,,,,,,,,,,
543,吳欣岱,111年臺北市議員選舉,首次申報,1111116,個人捐贈收入,陳昶宇,A12*******,5000.00,0.00,匯款,1111122,,,金錢,台北市內湖區****,0987*****,,,,,,,,
544,吳欣岱,111年臺北市議員選舉,首次申報,1111116,個人捐贈收入,許慧如,A22*******,10000.00,0.00,匯款,1111122,,,金錢,台北市中正區****,0922*****,,,,,,,,
545,吳欣岱,111年臺北市議員選舉,首次申報,1111116,個人捐贈收入,黃怡文,B22*******,5000.00,0.00,匯款,1111122,,,金錢,台中市西屯區****,0912*****,,,,,,,,
546,吳欣岱,111年臺北市議員選舉,首次申報,1111116,個人捐贈收入,陳擇穎,E12*******,7000.00,0.00,匯款,1111122,,,金錢,高雄市楠梓區****,0928*****,,,,,,,,
547,吳欣岱,111年臺北市議員選舉,首次申報,1111116,個人捐贈收入,簡瑟瑄,F22*******,2000.00,0.00,匯款,1111122,,,金錢,台東縣池上鄉****,0910*****,,,,,,,,
548,吳欣岱,111年臺北市議員選舉,首次申報,1111116,個人捐贈收入,簡依文,G12*******,699.00,0.00,匯款,1111122,,,金錢,宜蘭縣員山鄉****,0987*****,,,,,,,,
549,吳欣岱,111年臺北市議員選舉,首次申報,1111116,個人捐贈收入,葉勝芳,H12*******,200.00,0.00,匯款,1111122,,,金錢,桃園市桃園區****,0913*****,,,,,,,,
550,吳欣岱,111年臺北市議員選舉,首次申報,1111117,個人捐贈收入,高宜伶,,3000.00,0.00,匯款,1111123,,,金錢,台北市中正區****,0920*****,,,,,,,,
551,吳欣岱,111年臺北市議員選舉,首次申報,1111117,個人捐贈收入,陳科翰,A12*******,3000.00,0.00,匯款,1111123,,,金錢,台北市文山區****,0926*****,,,,,,,,
552,吳欣岱,111年臺北市議員選舉,首次申報,1111117,政黨捐贈收入,台灣基進,政黨證字第303號,100000.00,0.00,現金,1111117,,,金錢,高雄市三民區****,(07)*****,,,,,,,,
553,吳欣岱,111年臺北市議員選舉,首次申報,1111118,個人捐贈收入,邱亮瑋,,133.00,0.00,現金,1111118,,,金錢,高雄市左營區****,,,,,,,,,
554,吳欣岱,111年臺北市議員選舉,首次申報,1111118,匿名捐贈,匿名捐款,,1000.00,0.00,匯款,1111124,,,金錢,,,,,,,,,,
555,吳欣岱,111年臺北市議員選舉,首次申報,1111118,個人捐贈收入,陸宏銘,E12*******,1000.00,0.00,匯款,1111124,,,金錢,高雄市楠梓區****,0933*****,,,,,,,,
556,吳欣岱,111年臺北市議員選舉,首次申報,1111118,個人捐贈收入,余金樹,R12*******,1000.00,0.00,匯款,1111124,,,金錢,台北市北投區****,0933*****,,,,,,,,
557,吳欣岱,111年臺北市議員選舉,首次申報,1111118,個人捐贈收入,盧裕修,R12*******,1000.00,0.00,匯款,1111124,,,金錢,台南市仁德區****,0956*****,,,,,,,,
558,吳欣岱,111年臺北市議員選舉,首次申報,1111121,政黨捐贈收入,台灣基進,政黨證字第303號,100000.00,0.00,現金,1111121,已返還,,金錢,高雄市三民區****,(07)*****,,,,,,,,
559,吳欣岱,111年臺北市議員選舉,首次申報,1111121,政黨捐贈收入,台灣基進,政黨證字第303號,100000.00,0.00,現金,1111121,已返還,,金錢,高雄市三民區****,(07)*****,,,,,,,,
560,吳欣岱,111年臺北市議員選舉,首次申報,1111122,營利事業捐贈收入,恆隆行貿易股份有限公司,96946292,100000.00,0.00,匯款,1111122,,,金錢,台北市內湖區****,0800*****,,,,,,,,
561,吳欣岱,111年臺北市議員選舉,首次申報,1111123,政黨捐贈收入,台灣基進,政黨證字第303號,100000.00,0.00,現金,1111123,,,金錢,高雄市三民區****,(07)*****,,,,,,,,
562,吳欣岱,111年臺北市議員選舉,首次申報,1111123,政黨捐贈收入,台灣基進,政黨證字第303號,70344.00,0.00,現金,1111123,,,金錢,高雄市三民區****,(07)*****,,,,,,,,
563,吳欣岱,111年臺北市議員選舉,首次申報,1111221,其他收入,利息收入,,315.00,0.00,匯款,1111221,,,金錢,,,,,,,,,,
