﻿序號,擬參選人／政黨,選舉名稱,申報序號／年度,交易日期,收支科目,捐贈者／支出對象,身分證／統一編號,收入金額,支出金額,捐贈方式,存入專戶日期,返還/繳庫,支出用途,金錢類,地址,聯絡電話,應揭露之支出對象,支出對象之內部人員姓名,支出對象之內部人員職稱,政黨之內部人員姓名,政黨之內部人員職稱,關係,更正註記,資料更正日期
1,陳乃瑜,111年新北市議員選舉,首次申報,1110528,個人捐贈收入,馬英傑,Q12*******,50000.00,0.00,匯款,1110528,,,金錢,桃園市桃園區****,,,,,,,,,
2,陳乃瑜,111年新北市議員選舉,首次申報,1110530,匿名捐贈,匿名,,100.00,0.00,匯款,1110530,,,金錢,,,,,,,,,,
3,陳乃瑜,111年新北市議員選舉,首次申報,1110530,匿名捐贈,匿名,,1000.00,0.00,匯款,1110602,,,金錢,,,,,,,,,,
4,陳乃瑜,111年新北市議員選舉,首次申報,1110530,個人捐贈收入,王禹仁,E12*******,1450.00,0.00,匯款,1110602,,,金錢,臺南市東區仁****,0922*****,,,,,,,,
5,陳乃瑜,111年新北市議員選舉,首次申報,1110530,個人捐贈收入,廖鑫宇,L12*******,1000.00,0.00,匯款,1110602,,,金錢,臺中市神岡區****,0932*****,,,,,,,,
6,陳乃瑜,111年新北市議員選舉,首次申報,1110530,個人捐贈收入,黃冠璋,R12*******,2000.00,0.00,匯款,1110602,,,金錢,臺南市南區金****,0929*****,,,,,,,,
7,陳乃瑜,111年新北市議員選舉,首次申報,1110531,個人捐贈收入,高峰華,,10000.00,0.00,匯款,1110531,,,金錢,桃園市平鎮區****,,,,,,,,,
8,陳乃瑜,111年新北市議員選舉,首次申報,1110601,個人捐贈收入,譚慶祥,,10000.00,0.00,匯款,1110601,,,金錢,新北市中和區****,,,,,,,,,
9,陳乃瑜,111年新北市議員選舉,首次申報,1110601,個人捐贈收入,陳致宇,,4000.00,0.00,匯款,1110601,,,金錢,臺北市內湖區****,02-2*****,,,,,,,,
10,陳乃瑜,111年新北市議員選舉,首次申報,1110602,個人捐贈收入,鄭亦倫,G12*******,1450.00,0.00,匯款,1110610,,,金錢,宜蘭縣宜蘭市****,0911*****,,,,,,,,
11,陳乃瑜,111年新北市議員選舉,首次申報,1110606,個人捐贈收入,李美玉,,16800.00,0.00,匯款,1110606,,,金錢,新北市板橋區****,,,,,,,,,
12,陳乃瑜,111年新北市議員選舉,首次申報,1110608,個人捐贈收入,陳平章,,5000.00,0.00,匯款,1110608,,,金錢,新北市永和區****,02-2*****,,,,,,,,
13,陳乃瑜,111年新北市議員選舉,首次申報,1110608,個人捐贈收入,陳麗如,,5000.00,0.00,匯款,1110608,,,金錢,新北市永和區****,0229*****,,,,,,,,
14,陳乃瑜,111年新北市議員選舉,首次申報,1110608,個人捐贈收入,史書華,A12*******,20000.00,0.00,匯款,1110617,,,金錢,新北市板橋區****,0952*****,,,,,,,,
15,陳乃瑜,111年新北市議員選舉,首次申報,1110608,個人捐贈收入,賴云皓,L12*******,1450.00,0.00,匯款,1110617,,,金錢,桃園市蘆竹區****,0919*****,,,,,,,,
16,陳乃瑜,111年新北市議員選舉,首次申報,1110608,個人捐贈收入,杜承哲,O10*******,10000.00,0.00,匯款,1110617,,,金錢,臺中市西屯區****,0988*****,,,,,,,,
17,陳乃瑜,111年新北市議員選舉,首次申報,1110609,個人捐贈收入,陳春盛,,10000.00,0.00,匯款,1110609,,,金錢,新北市新莊區****,,,,,,,,,
18,陳乃瑜,111年新北市議員選舉,首次申報,1110610,個人捐贈收入,呂晏菁,F22*******,100000.00,0.00,匯款,1110610,,,金錢,新北市板橋區****,,,,,,,,,
19,陳乃瑜,111年新北市議員選舉,首次申報,1110614,個人捐贈收入,李子淵,,100.00,0.00,匯款,1110614,,,金錢,高雄市三民區****,,,,,,,,,
20,陳乃瑜,111年新北市議員選舉,首次申報,1110620,個人捐贈收入,蕭潮州,G12*******,20000.00,0.00,匯款,1110620,,,金錢,新北市新莊區****,,,,,,,,,
21,陳乃瑜,111年新北市議員選舉,首次申報,1110621,個人捐贈收入,林保川,,20000.00,0.00,匯款,1110621,,,金錢,新北市新莊區****,,,,,,,,,
22,陳乃瑜,111年新北市議員選舉,首次申報,1110621,其他收入,利息收入,,7.00,0.00,匯款,1110621,,,金錢,,,,,,,,,,
23,陳乃瑜,111年新北市議員選舉,首次申報,1110622,個人捐贈收入,鄭順吉,,20000.00,0.00,現金,1110622,,,金錢,新北市新莊區****,0222*****,,,,,,,,
24,陳乃瑜,111年新北市議員選舉,首次申報,1110622,個人捐贈收入,林品為,,20000.00,0.00,匯款,1110622,,,金錢,新北市新莊區****,8992*****,,,,,,,,
25,陳乃瑜,111年新北市議員選舉,首次申報,1110623,個人捐贈收入,陳春盛,,20000.00,0.00,匯款,1110623,,,金錢,新北市新莊區****,2276*****,,,,,,,,
26,陳乃瑜,111年新北市議員選舉,首次申報,1110623,個人捐贈收入,蘇振豪,H12*******,20000.00,0.00,匯款,1110623,,,金錢,,,,,,,,,,
27,陳乃瑜,111年新北市議員選舉,首次申報,1110623,個人捐贈收入,周志龍,J12*******,20000.00,0.00,匯款,1110623,,,金錢,,,,,,,,,,
28,陳乃瑜,111年新北市議員選舉,首次申報,1110630,營利事業捐贈收入,九皇有限公司,34078337,50000.00,0.00,匯款,1110630,,,金錢,新北市新莊區****,0222*****,,,,,,,,
29,陳乃瑜,111年新北市議員選舉,首次申報,1110704,個人捐贈收入,吳宏霖,,5000.00,0.00,匯款,1110704,,,金錢,臺北市信義區****,,,,,,,,,
30,陳乃瑜,111年新北市議員選舉,首次申報,1110704,個人捐贈收入,莊政輝,A12*******,10000.00,0.00,匯款,1110704,,,金錢,臺北市南港區****,,,,,,,,,
31,陳乃瑜,111年新北市議員選舉,首次申報,1110704,個人捐贈收入,蔚中傑,A12*******,20000.00,0.00,匯款,1110704,,,金錢,臺北市內湖區****,,,,,,,,,
32,陳乃瑜,111年新北市議員選舉,首次申報,1110704,個人捐贈收入,劉鎧,M12*******,10000.00,0.00,匯款,1110704,,,金錢,臺北市內湖區****,,,,,,,,,
33,陳乃瑜,111年新北市議員選舉,首次申報,1110704,個人捐贈收入,胡昭安,X12*******,50000.00,0.00,匯款,1110704,,,金錢,臺北市內湖區****,,,,,,,,,
34,陳乃瑜,111年新北市議員選舉,首次申報,1110707,個人捐贈收入,陳宇真,N22*******,5000.00,0.00,匯款,1110715,,,金錢,新北市板橋區****,0918*****,,,,,,,,
35,陳乃瑜,111年新北市議員選舉,首次申報,1110707,個人捐贈收入,黃偉荃,O10*******,500.00,0.00,匯款,1110715,,,金錢,新竹市北區延****,0963*****,,,,,,,,
36,陳乃瑜,111年新北市議員選舉,首次申報,1110708,個人捐贈收入,顏暐晉,F12*******,500.00,0.00,匯款,1110715,,,金錢,新北市新莊區****,0952*****,,,,,,,,
37,陳乃瑜,111年新北市議員選舉,首次申報,1110711,個人捐贈收入,王亭坤,A12*******,4930.00,0.00,,,,,非金錢,臺南市善化區****,,,,,,,,,
38,陳乃瑜,111年新北市議員選舉,首次申報,1110719,匿名捐贈,匿名,,500.00,0.00,匯款,1110719,,,金錢,,,,,,,,,,
39,陳乃瑜,111年新北市議員選舉,首次申報,1110719,個人捐贈收入,林舫如,B22*******,5000.00,0.00,匯款,1110722,,,金錢,臺中市北屯區****,0912*****,,,,,,,,
40,陳乃瑜,111年新北市議員選舉,首次申報,1110719,個人捐贈收入,田達衛,M12*******,1000.00,0.00,匯款,1110722,,,金錢,臺中市沙鹿區****,0916*****,,,,,,,,
41,陳乃瑜,111年新北市議員選舉,首次申報,1110719,個人捐贈收入,葉再成,Q12*******,10000.00,0.00,匯款,1110719,,,金錢,新北市板橋區****,0932*****,,,,,,,,
42,陳乃瑜,111年新北市議員選舉,首次申報,1110720,個人捐贈收入,林育仲,A12*******,25000.00,0.00,匯款,1110720,,,金錢,臺北市南港區****,,,,,,,,,
43,陳乃瑜,111年新北市議員選舉,首次申報,1110722,個人捐贈收入,蕭世偉,,1000.00,0.00,匯款,1110729,,,金錢,臺南市鹽水區****,0929*****,,,,,,,,
44,陳乃瑜,111年新北市議員選舉,首次申報,1110722,營利事業捐贈收入,雲豹能源科技股份有限公司,42852207,100000.00,0.00,匯款,1110722,已返還,,金錢,臺北市內湖區****,02-2*****,,,,,,,,
45,陳乃瑜,111年新北市議員選舉,首次申報,1110722,個人捐贈收入,陳鈞琳,H12*******,1000.00,0.00,匯款,1110729,,,金錢,桃園市楊梅區****,0952*****,,,,,,,,
46,陳乃瑜,111年新北市議員選舉,首次申報,1110724,個人捐贈收入,張稚川,A12*******,2000.00,0.00,匯款,1110729,,,金錢,臺北市文山區****,0938*****,,,,,,,,
47,陳乃瑜,111年新北市議員選舉,首次申報,1110725,匿名捐贈,匿名,,125.00,0.00,匯款,1110729,,,金錢,,,,,,,,,,
48,陳乃瑜,111年新北市議員選舉,首次申報,1110730,個人捐贈收入,林立挺,E12*******,1000.00,0.00,匯款,1110805,,,金錢,新北市汐止區****,0972*****,,,,,,,,
49,陳乃瑜,111年新北市議員選舉,首次申報,1110731,匿名捐贈,匿名,,1000.00,0.00,匯款,1110731,,,金錢,,,,,,,,,,
50,陳乃瑜,111年新北市議員選舉,首次申報,1110801,個人捐贈收入,廖延書,H12*******,1000.00,0.00,匯款,1110805,,,金錢,桃園市中壢區****,0958*****,,,,,,,,
51,陳乃瑜,111年新北市議員選舉,首次申報,1110803,匿名捐贈,匿名,,500.00,0.00,匯款,1110812,,,金錢,,,,,,,,,,
52,陳乃瑜,111年新北市議員選舉,首次申報,1110803,個人捐贈收入,藍芸若,D20*******,10000.00,0.00,匯款,1110812,,,金錢,新北市汐止區****,0986*****,,,,,,,,
53,陳乃瑜,111年新北市議員選舉,首次申報,1110803,個人捐贈收入,林慶祥,F12*******,10000.00,0.00,匯款,1110803,,,金錢,新北市新莊區****,,,,,,,,,
54,陳乃瑜,111年新北市議員選舉,首次申報,1110803,個人捐贈收入,林志雄,J10*******,100000.00,0.00,匯款,1110803,,,金錢,臺北市內湖區****,02-2*****,,,,,,,,
55,陳乃瑜,111年新北市議員選舉,首次申報,1110804,個人捐贈收入,黃揚明,H12*******,2000.00,0.00,匯款,1110812,,,金錢,桃園市八德區****,0932*****,,,,,,,,
56,陳乃瑜,111年新北市議員選舉,首次申報,1110804,個人捐贈收入,江榮國,L10*******,50000.00,0.00,匯款,1110812,,,金錢,臺北市內湖區****,0932*****,,,,,,,,
57,陳乃瑜,111年新北市議員選舉,首次申報,1110805,個人捐贈收入,王亭坤,A12*******,3960.00,0.00,,,,,非金錢,臺南市善化區****,0931*****,,,,,,,,
58,陳乃瑜,111年新北市議員選舉,首次申報,1110805,個人捐贈收入,吳怡青,A22*******,50000.00,0.00,匯款,1110812,,,金錢,臺北市大安區****,0987*****,,,,,,,,
59,陳乃瑜,111年新北市議員選舉,首次申報,1110811,個人捐贈收入,林鴻裕,E12*******,5000.00,0.00,匯款,1110819,,,金錢,臺北市南港區****,0920*****,,,,,,,,
60,陳乃瑜,111年新北市議員選舉,首次申報,1110813,個人捐贈收入,陳美玲,,10000.00,0.00,匯款,1110813,,,金錢,新北市新莊區****,0919*****,,,,,,,,
61,陳乃瑜,111年新北市議員選舉,首次申報,1110813,個人捐贈收入,黃珈祺,A22*******,1000.00,0.00,匯款,1110819,,,金錢,新北市三重區****,0932*****,,,,,,,,
62,陳乃瑜,111年新北市議員選舉,首次申報,1110817,匿名捐贈,匿名,,500.00,0.00,匯款,1110826,,,金錢,,,,,,,,,,
63,陳乃瑜,111年新北市議員選舉,首次申報,1110817,個人捐贈收入,史書華,A12*******,30000.00,0.00,匯款,1110826,,,金錢,新北市板橋區****,0952*****,,,,,,,,
64,陳乃瑜,111年新北市議員選舉,首次申報,1110817,個人捐贈收入,蔡筑嵐,D22*******,1000.00,0.00,匯款,1110826,,,金錢,臺南市安南區****,0921*****,,,,,,,,
65,陳乃瑜,111年新北市議員選舉,首次申報,1110817,個人捐贈收入,張育平,F12*******,2000.00,0.00,匯款,1110826,,,金錢,高雄市三民區****,0988*****,,,,,,,,
66,陳乃瑜,111年新北市議員選舉,首次申報,1110817,個人捐贈收入,李明鴻,J12*******,500.00,0.00,匯款,1110826,,,金錢,新竹縣竹北市****,0953*****,,,,,,,,
67,陳乃瑜,111年新北市議員選舉,首次申報,1110817,個人捐贈收入,卓錦鈺,J22*******,660.00,0.00,匯款,1110826,,,金錢,新竹縣竹北市****,0983*****,,,,,,,,
68,陳乃瑜,111年新北市議員選舉,首次申報,1110817,個人捐贈收入,林振瑩,N12*******,1000.00,0.00,匯款,1110826,,,金錢,新北市深坑區****,0932*****,,,,,,,,
69,陳乃瑜,111年新北市議員選舉,首次申報,1110817,個人捐贈收入,杜承哲,O10*******,30000.00,0.00,匯款,1110826,,,金錢,臺中市西屯區****,0988*****,,,,,,,,
70,陳乃瑜,111年新北市議員選舉,首次申報,1110820,個人捐贈收入,郭玟岑,F22*******,10000.00,0.00,匯款,1110826,,,金錢,臺中市西區大****,0953*****,,,,,,,,
71,陳乃瑜,111年新北市議員選舉,首次申報,1110823,匿名捐贈,匿名,,5000.00,0.00,匯款,1110826,,,金錢,,,,,,,,,,
72,陳乃瑜,111年新北市議員選舉,首次申報,1110823,個人捐贈收入,林坤宏,P12*******,1000.00,0.00,匯款,1110826,,,金錢,新北市深坑區****,0975*****,,,,,,,,
73,陳乃瑜,111年新北市議員選舉,首次申報,1110824,營利事業捐贈收入,禾逸營造有限公司,90422987,200000.00,0.00,匯款,1110824,已返還,,金錢,新北市汐止區****,0955*****,,,,,,,,
74,陳乃瑜,111年新北市議員選舉,首次申報,1110824,個人捐贈收入,黃共宏,A11*******,50000.00,0.00,匯款,1110824,,,金錢,新北市三重區****,,,,,,,,,
75,陳乃瑜,111年新北市議員選舉,首次申報,1110824,個人捐贈收入,莊政輝,A12*******,30000.00,0.00,匯款,1110824,,,金錢,桃園市桃園區****,03-3*****,,,,,,,,
76,陳乃瑜,111年新北市議員選舉,首次申報,1110824,個人捐贈收入,董炳宏,E12*******,1450.00,0.00,匯款,1110902,,,金錢,臺北市信義區****,0933*****,,,,,,,,
77,陳乃瑜,111年新北市議員選舉,首次申報,1110824,個人捐贈收入,盧天成,F12*******,10000.00,0.00,匯款,1110824,,,金錢,臺北市大安區****,0939*****,,,,,,,,
78,陳乃瑜,111年新北市議員選舉,首次申報,1110825,個人捐贈收入,黃明福,,5000.00,0.00,匯款,1110825,,,金錢,桃園市大園區****,0933*****,,,,,,,,
79,陳乃瑜,111年新北市議員選舉,首次申報,1110825,個人捐贈收入,劉起華,A12*******,5000.00,0.00,匯款,1110902,,,金錢,新北市新店區****,0972*****,,,,,,,,
80,陳乃瑜,111年新北市議員選舉,首次申報,1110827,個人捐贈收入,周唯珊,A22*******,500.00,0.00,匯款,1110902,,,金錢,新北市新店區****,0987*****,,,,,,,,
81,陳乃瑜,111年新北市議員選舉,首次申報,1110828,個人捐贈收入,黃偉韶,A22*******,1450.00,0.00,匯款,1110902,,,金錢,臺北市中山區****,0960*****,,,,,,,,
82,陳乃瑜,111年新北市議員選舉,首次申報,1110829,匿名捐贈,匿名,,1450.00,0.00,匯款,1110902,,,金錢,,,,,,,,,,
83,陳乃瑜,111年新北市議員選舉,首次申報,1110829,匿名捐贈,匿名,,1000.00,0.00,匯款,1110902,,,金錢,,,,,,,,,,
84,陳乃瑜,111年新北市議員選舉,首次申報,1110830,個人捐贈收入,賴惠琦,,1000.00,0.00,匯款,1110830,,,金錢,新北市新店區****,0958*****,,,,,,,,
85,陳乃瑜,111年新北市議員選舉,首次申報,1110830,個人捐贈收入,張心愉,B22*******,5000.00,0.00,匯款,1110830,,,金錢,臺中市西屯區****,0921*****,,,,,,,,
86,陳乃瑜,111年新北市議員選舉,首次申報,1110830,個人捐贈收入,吳美蒨,E22*******,500.00,0.00,匯款,1110902,,,金錢,高雄市三民區****,0929*****,,,,,,,,
87,陳乃瑜,111年新北市議員選舉,首次申報,1110830,個人捐贈收入,王顯瑜,F12*******,1000.00,0.00,匯款,1110902,,,金錢,臺北市中山區****,0915*****,,,,,,,,
88,陳乃瑜,111年新北市議員選舉,首次申報,1110830,個人捐贈收入,莊淑惠,L22*******,5000.00,0.00,匯款,1110830,,,金錢,臺中市北屯區****,0921*****,,,,,,,,
89,陳乃瑜,111年新北市議員選舉,首次申報,1110831,個人捐贈收入,嚴翔,O10*******,1000.00,0.00,匯款,1110908,,,金錢,新竹市東區金****,0973*****,,,,,,,,
90,陳乃瑜,111年新北市議員選舉,首次申報,1110901,個人捐贈收入,林諺安,F12*******,5000.00,0.00,匯款,1110908,,,金錢,臺北市大安區****,0939*****,,,,,,,,
91,陳乃瑜,111年新北市議員選舉,首次申報,1110902,個人捐贈收入,陳柏樺,A22*******,1000.00,0.00,匯款,1110908,,,金錢,臺北市中山區****,0953*****,,,,,,,,
92,陳乃瑜,111年新北市議員選舉,首次申報,1110902,個人捐贈收入,洪思嘉,M22*******,10000.00,0.00,匯款,1110908,,,金錢,南投縣南投市****,0975*****,,,,,,,,
93,陳乃瑜,111年新北市議員選舉,首次申報,1110906,個人捐贈收入,林丘湟,R12*******,500.00,0.00,匯款,1110908,,,金錢,新竹市東區竹****,0921*****,,,,,,,,
94,陳乃瑜,111年新北市議員選舉,首次申報,1110907,個人捐贈收入,蔡兆修,F12*******,2000.00,0.00,匯款,1110913,,,金錢,新北市板橋區****,0972*****,,,,,,,,
95,陳乃瑜,111年新北市議員選舉,首次申報,1110907,個人捐贈收入,楊紹裘,N10*******,1450.00,0.00,匯款,1110913,,,金錢,臺北市中山區****,0933*****,,,,,,,,
96,陳乃瑜,111年新北市議員選舉,首次申報,1110909,個人捐贈收入,凃宇哲,R10*******,1000.00,0.00,匯款,1110913,,,金錢,高雄市鳳山區****,0975*****,,,,,,,,
97,陳乃瑜,111年新北市議員選舉,首次申報,1110913,個人捐贈收入,林寶興,J10*******,30000.00,0.00,匯款,1110913,,,金錢,新北市板橋區****,,,,,,,,,
98,陳乃瑜,111年新北市議員選舉,首次申報,1110915,個人捐贈收入,鍾珮宜,H22*******,100000.00,0.00,匯款,1110915,,,金錢,臺北市萬華區****,,,,,,,,,
99,陳乃瑜,111年新北市議員選舉,首次申報,1110916,個人捐贈收入,陳啟重,,1000.00,0.00,匯款,1110916,,,金錢,新北市三重區****,0963*****,,,,,,,,
100,陳乃瑜,111年新北市議員選舉,首次申報,1110919,營利事業捐贈收入,浩奇實業有限公司,86957592,100000.00,0.00,匯款,1110919,,,金錢,新北市新店區****,02-2*****,,,,,,,,
101,陳乃瑜,111年新北市議員選舉,首次申報,1110919,個人捐贈收入,康義勝,A10*******,50000.00,0.00,匯款,1110919,,,金錢,新北市新店區****,0939*****,,,,,,,,
102,陳乃瑜,111年新北市議員選舉,首次申報,1110920,個人捐贈收入,陳俊仲,,10000.00,0.00,匯款,1110920,,,金錢,新北市樹林區****,0933*****,,,,,,,,
103,陳乃瑜,111年新北市議員選舉,首次申報,1110920,個人捐贈收入,邱苡禎,G22*******,1000.00,0.00,匯款,1110923,,,金錢,宜蘭縣冬山鄉****,0934*****,,,,,,,,
104,陳乃瑜,111年新北市議員選舉,首次申報,1110925,匿名捐贈,匿名,,1450.00,0.00,匯款,1110930,,,金錢,,,,,,,,,,
105,陳乃瑜,111年新北市議員選舉,首次申報,1110925,個人捐贈收入,陳碧源,G12*******,20000.00,0.00,匯款,1110930,,,金錢,宜蘭縣宜蘭市****,0955*****,,,,,,,,
106,陳乃瑜,111年新北市議員選舉,首次申報,1110925,個人捐贈收入,陳智康,Q12*******,20000.00,0.00,匯款,1110925,,,金錢,新北市永和區****,0933*****,,,,,,,,
107,陳乃瑜,111年新北市議員選舉,首次申報,1110930,個人捐贈收入,葉千羽,,3600.00,0.00,匯款,1110930,,,金錢,臺北市信義區****,0988*****,,,,,,,,
108,陳乃瑜,111年新北市議員選舉,首次申報,1110930,個人捐贈收入,林義順,,3000.00,0.00,匯款,1110930,,,金錢,新北市新店區****,0935*****,,,,,,,,
109,陳乃瑜,111年新北市議員選舉,首次申報,1110930,個人捐贈收入,林金石,,2000.00,0.00,匯款,1110930,,,金錢,新北市新店區****,,,,,,,,,
110,陳乃瑜,111年新北市議員選舉,首次申報,1110930,營利事業捐贈收入,潤聯投資有限公司,91089019,20000.00,0.00,匯款,1110930,,,金錢,新北市蘆洲區****,0913*****,,,,,,,,
111,陳乃瑜,111年新北市議員選舉,首次申報,1110930,個人捐贈收入,陳坤波,F10*******,20000.00,0.00,匯款,1110930,,,金錢,新北市蘆洲區****,0932*****,,,,,,,,
112,陳乃瑜,111年新北市議員選舉,首次申報,1110930,個人捐贈收入,周享樂,F10*******,10000.00,0.00,匯款,1110930,,,金錢,新北市新店區****,0911*****,,,,,,,,
113,陳乃瑜,111年新北市議員選舉,首次申報,1111003,個人捐贈收入,吳紹鳴,,10000.00,0.00,匯款,1111003,,,金錢,新北市深坑區****,02-6*****,,,,,,,,
114,陳乃瑜,111年新北市議員選舉,首次申報,1111003,個人捐贈收入,黃柏淞,E12*******,5000.00,0.00,匯款,1111007,,,金錢,新北市板橋區****,0963*****,,,,,,,,
115,陳乃瑜,111年新北市議員選舉,首次申報,1111003,個人捐贈收入,王孟祺,F12*******,10000.00,0.00,匯款,1111007,,,金錢,臺北市文山區****,0931*****,,,,,,,,
116,陳乃瑜,111年新北市議員選舉,首次申報,1111004,個人捐贈收入,張炎明,A12*******,100000.00,0.00,票據,1111011,,,金錢,新北市板橋區****,0922*****,,,,,,,,
117,陳乃瑜,111年新北市議員選舉,首次申報,1111005,個人捐贈收入,卓錦泰,F10*******,5000.00,0.00,匯款,1111011,,,金錢,新北市三重區****,0921*****,,,,,,,,
118,陳乃瑜,111年新北市議員選舉,首次申報,1111005,個人捐贈收入,連建竣,M12*******,6000.00,0.00,匯款,1111011,,,金錢,臺北市士林區****,0988*****,,,,,,,,
119,陳乃瑜,111年新北市議員選舉,首次申報,1111006,個人捐贈收入,曹世京,A12*******,10000.00,0.00,匯款,1111006,,,金錢,臺北市信義區****,0925*****,,,,,,,,
120,陳乃瑜,111年新北市議員選舉,首次申報,1111007,個人捐贈收入,楊皙州,,10000.00,0.00,匯款,1111007,,,金錢,臺北市松山區****,0975*****,,,,,,,,
121,陳乃瑜,111年新北市議員選舉,首次申報,1111007,個人捐贈收入,陳立貞,A22*******,3000.00,0.00,匯款,1111011,,,金錢,臺北市內湖區****,0915*****,,,,,,,,
122,陳乃瑜,111年新北市議員選舉,首次申報,1111007,個人捐贈收入,顏元博,X10*******,50000.00,0.00,匯款,1111007,,,金錢,臺北市大安區****,0932*****,,,,,,,,
123,陳乃瑜,111年新北市議員選舉,首次申報,1111010,個人捐贈收入,康義勝,A10*******,10000.00,0.00,票據,1111017,,,金錢,新北市新店區****,0939*****,,,,,,,,
124,陳乃瑜,111年新北市議員選舉,首次申報,1111012,營利事業捐贈收入,正大行瓦斯配管有限公司,42701551,20000.00,0.00,匯款,1111012,已返還,,金錢,新北市新店區****,0981*****,,,,,,,,
125,陳乃瑜,111年新北市議員選舉,首次申報,1111012,營利事業捐贈收入,品雅有限公司,80454475,30000.00,0.00,匯款,1111012,已返還,,金錢,新北市中和區****,0920*****,,,,,,,,
126,陳乃瑜,111年新北市議員選舉,首次申報,1111012,營利事業捐贈收入,寶輝開發股份有限公司,89779798,10000.00,0.00,匯款,1111012,已返還,,金錢,新北市三重區****,0975*****,,,,,,,,
127,陳乃瑜,111年新北市議員選舉,首次申報,1111012,個人捐贈收入,張力豪,A12*******,10000.00,0.00,匯款,1111012,,,金錢,臺北市松山區****,0937*****,,,,,,,,
128,陳乃瑜,111年新北市議員選舉,首次申報,1111012,個人捐贈收入,戚振浩,A12*******,10000.00,0.00,匯款,1111012,,,金錢,新北市新店區****,0939*****,,,,,,,,
129,陳乃瑜,111年新北市議員選舉,首次申報,1111012,個人捐贈收入,廖俊挺,A12*******,10000.00,0.00,匯款,1111012,,,金錢,新北市新店區****,0936*****,,,,,,,,
130,陳乃瑜,111年新北市議員選舉,首次申報,1111012,個人捐贈收入,黃銘豐,F10*******,10000.00,0.00,匯款,1111012,,,金錢,新北市坪林區****,0928*****,,,,,,,,
131,陳乃瑜,111年新北市議員選舉,首次申報,1111012,個人捐贈收入,陳永峰,F12*******,10000.00,0.00,匯款,1111012,,,金錢,新北市新店區****,0910*****,,,,,,,,
132,陳乃瑜,111年新北市議員選舉,首次申報,1111012,個人捐贈收入,高建成,F12*******,10000.00,0.00,匯款,1111012,,,金錢,新北市新店區****,0939*****,,,,,,,,
133,陳乃瑜,111年新北市議員選舉,首次申報,1111012,個人捐贈收入,謝金財,F12*******,10000.00,0.00,匯款,1111012,,,金錢,新北市深坑區****,0933*****,,,,,,,,
134,陳乃瑜,111年新北市議員選舉,首次申報,1111012,個人捐贈收入,高炳壯,F12*******,10000.00,0.00,匯款,1111012,,,金錢,新北市深坑區****,0935*****,,,,,,,,
135,陳乃瑜,111年新北市議員選舉,首次申報,1111012,個人捐贈收入,沈志霖,F12*******,50000.00,0.00,匯款,1111012,,,金錢,臺北市大安區****,0936*****,,,,,,,,
136,陳乃瑜,111年新北市議員選舉,首次申報,1111012,個人捐贈收入,朱寶華,F22*******,10000.00,0.00,匯款,1111012,,,金錢,新北市深坑區****,0928*****,,,,,,,,
137,陳乃瑜,111年新北市議員選舉,首次申報,1111012,個人捐贈收入,林潔懿,F22*******,50000.00,0.00,匯款,1111012,,,金錢,臺北市中山區****,0989*****,,,,,,,,
138,陳乃瑜,111年新北市議員選舉,首次申報,1111012,個人捐贈收入,蔡世寅,L12*******,10000.00,0.00,匯款,1111012,,,金錢,臺中市南屯區****,0930*****,,,,,,,,
139,陳乃瑜,111年新北市議員選舉,首次申報,1111012,個人捐贈收入,謝金釵,M22*******,10000.00,0.00,匯款,1111012,,,金錢,新北市新店區****,0937*****,,,,,,,,
140,陳乃瑜,111年新北市議員選舉,首次申報,1111012,個人捐贈收入,林志儒,P12*******,10000.00,0.00,匯款,1111012,,,金錢,臺北市文山區****,0926*****,,,,,,,,
141,陳乃瑜,111年新北市議員選舉,首次申報,1111015,個人捐贈收入,陳煜昇,A12*******,100.00,0.00,匯款,1111018,,,金錢,基隆市中正區****,0922*****,,,,,,,,
142,陳乃瑜,111年新北市議員選舉,首次申報,1111015,個人捐贈收入,廖文華,A12*******,2000.00,0.00,匯款,1111018,,,金錢,新北市新莊區****,0930*****,,,,,,,,
143,陳乃瑜,111年新北市議員選舉,首次申報,1111015,個人捐贈收入,陳姸玎,F22*******,1000.00,0.00,匯款,1111018,,,金錢,新北市汐止區****,0922*****,,,,,,,,
144,陳乃瑜,111年新北市議員選舉,首次申報,1111015,個人捐贈收入,陳斌全,X12*******,5000.00,0.00,匯款,1111018,,,金錢,澎湖縣馬公市****,0935*****,,,,,,,,
145,陳乃瑜,111年新北市議員選舉,首次申報,1111017,個人捐贈收入,廖哲揚,,500.00,0.00,匯款,1111017,,,金錢,新北市板橋區****,0933*****,,,,,,,,
146,陳乃瑜,111年新北市議員選舉,首次申報,1111017,個人捐贈收入,林言俊,F12*******,500.00,0.00,匯款,1111021,,,金錢,新北市新店區****,0912*****,,,,,,,,
147,陳乃瑜,111年新北市議員選舉,首次申報,1111017,個人捐贈收入,陳彥伯,F12*******,2000.00,0.00,匯款,1111021,,,金錢,新北市石碇區****,0921*****,,,,,,,,
148,陳乃瑜,111年新北市議員選舉,首次申報,1111017,個人捐贈收入,莊亦帆,F22*******,1500.00,0.00,匯款,1111018,,,金錢,臺北市內湖區****,0939*****,,,,,,,,
149,陳乃瑜,111年新北市議員選舉,首次申報,1111019,個人捐贈收入,陳碧源,G12*******,80000.00,0.00,匯款,1111019,,,金錢,宜蘭縣宜蘭市****,0955*****,,,,,,,,
150,陳乃瑜,111年新北市議員選舉,首次申報,1111019,個人捐贈收入,沈小慧,G27*******,20000.00,0.00,匯款,1111019,,,金錢,宜蘭縣宜蘭市****,03-9*****,,,,,,,,
151,陳乃瑜,111年新北市議員選舉,首次申報,1111020,匿名捐贈,匿名,,5000.00,0.00,匯款,1111025,,,金錢,,,,,,,,,,
152,陳乃瑜,111年新北市議員選舉,首次申報,1111025,個人捐贈收入,陳秋英,T22*******,10000.00,0.00,匯款,1111025,,,金錢,新北市淡水區****,0933*****,,,,,,,,
153,陳乃瑜,111年新北市議員選舉,首次申報,1111026,個人捐贈收入,駱恩華,A12*******,30000.00,0.00,匯款,1111026,,,金錢,新北市中和區****,0920*****,,,,,,,,
154,陳乃瑜,111年新北市議員選舉,首次申報,1111026,個人捐贈收入,張心愉,B22*******,45000.00,0.00,匯款,1111026,,,金錢,臺中市北屯區****,0921*****,,,,,,,,
155,陳乃瑜,111年新北市議員選舉,首次申報,1111026,個人捐贈收入,莊淑惠,L22*******,45000.00,0.00,匯款,1111026,,,金錢,臺中市北屯區****,0921*****,,,,,,,,
156,陳乃瑜,111年新北市議員選舉,首次申報,1111027,個人捐贈收入,郭昭宏,A12*******,50000.00,0.00,匯款,1111027,,,金錢,臺北市中正區****,0939*****,,,,,,,,
157,陳乃瑜,111年新北市議員選舉,首次申報,1111028,人民團體捐贈收入,社團法人新北市記帳及報稅代理業務人公會,,30000.00,0.00,匯款,1111028,,,金錢,新北市板橋區****,(02)*****,,,,,,,,
158,陳乃瑜,111年新北市議員選舉,首次申報,1111028,匿名捐贈,匿名,,1450.00,0.00,匯款,1111101,,,金錢,,,,,,,,,,
159,陳乃瑜,111年新北市議員選舉,首次申報,1111028,營利事業捐贈收入,台灣數位光訊科技股份有限公司,28371951,270000.00,0.00,票據,1111101,,,金錢,臺中市西屯區****,(04)*****,,,,,,,,
160,陳乃瑜,111年新北市議員選舉,首次申報,1111028,營利事業捐贈收入,虎欣實業股份有限公司,34683411,100000.00,0.00,票據,1111101,,,金錢,新北市土城區****,(02)*****,,,,,,,,
161,陳乃瑜,111年新北市議員選舉,首次申報,1111028,營利事業捐贈收入,佳聯有線電視股份有限公司,97176779,230000.00,0.00,票據,1111101,,,金錢,雲林縣虎尾鎮****,(04)*****,,,,,,,,
162,陳乃瑜,111年新北市議員選舉,首次申報,1111028,個人捐贈收入,洪明賢,F12*******,10000.00,0.00,匯款,1111028,,,金錢,新北市板橋區****,0909*****,,,,,,,,
163,陳乃瑜,111年新北市議員選舉,首次申報,1111028,個人捐贈收入,楊仁治,H10*******,10000.00,0.00,匯款,1111028,,,金錢,新北市新店區****,0937*****,,,,,,,,
164,陳乃瑜,111年新北市議員選舉,首次申報,1111028,個人捐贈收入,陳俊豪,J12*******,10000.00,0.00,匯款,1111028,,,金錢,新北市新店區****,(02)*****,,,,,,,,
165,陳乃瑜,111年新北市議員選舉,首次申報,1111031,個人捐贈收入,徐文雄,,20000.00,0.00,匯款,1111031,,,金錢,新北市新莊區****,0933*****,,,,,,,,
166,陳乃瑜,111年新北市議員選舉,首次申報,1111101,個人捐贈收入,石人傑,F13*******,20000.00,0.00,匯款,1111101,,,金錢,新北市三峽區****,0978*****,,,,,,,,
167,陳乃瑜,111年新北市議員選舉,首次申報,1111102,個人捐贈收入,何凱峰,F12*******,1000.00,0.00,匯款,1111108,,,金錢,新北市新店區****,0937*****,,,,,,,,
168,陳乃瑜,111年新北市議員選舉,首次申報,1111103,個人捐贈收入,鍾宜君,E12*******,10000.00,0.00,匯款,1111108,,,金錢,新北市永和區****,0958*****,,,,,,,,
169,陳乃瑜,111年新北市議員選舉,首次申報,1111105,個人捐贈收入,林錫奎,B12*******,66000.00,0.00,匯款,1111108,,,金錢,新北市新店區****,0926*****,,,,,,,,
170,陳乃瑜,111年新北市議員選舉,首次申報,1111106,個人捐贈收入,邱美娟,H22*******,1000.00,0.00,匯款,1111111,,,金錢,新北市新店區****,0916*****,,,,,,,,
171,陳乃瑜,111年新北市議員選舉,首次申報,1111107,匿名捐贈,匿名,,1450.00,0.00,匯款,1111111,,,金錢,,,,,,,,,,
172,陳乃瑜,111年新北市議員選舉,首次申報,1111108,個人捐贈收入,吳樹民,A10*******,30000.00,0.00,匯款,1111108,,,金錢,臺北市松山區****,(02)*****,,,,,,,,
173,陳乃瑜,111年新北市議員選舉,首次申報,1111108,個人捐贈收入,吳雅婷,F22*******,500.00,0.00,匯款,1111111,,,金錢,新北市蘆洲區****,0936*****,,,,,,,,
174,陳乃瑜,111年新北市議員選舉,首次申報,1111109,個人捐贈收入,蔡坤廷,A12*******,2000.00,0.00,匯款,1111115,,,金錢,臺北市中正區****,0919*****,,,,,,,,
175,陳乃瑜,111年新北市議員選舉,首次申報,1111110,營利事業捐贈收入,集仕股份有限公司,12952572,30000.00,0.00,匯款,1111115,,,金錢,臺北市士林區****,(02)*****,,,,,,,,
176,陳乃瑜,111年新北市議員選舉,首次申報,1111111,個人捐贈收入,鄭傑夫,,8888.00,0.00,匯款,1111111,,,金錢,臺北市文山區****,0972*****,,,,,,,,
177,陳乃瑜,111年新北市議員選舉,首次申報,1111111,匿名捐贈,匿名,,5000.00,0.00,匯款,1111115,,,金錢,,,,,,,,,,
178,陳乃瑜,111年新北市議員選舉,首次申報,1111111,個人捐贈收入,李永發,A11*******,10000.00,0.00,匯款,1111115,,,金錢,新北市新店區****,0921*****,,,,,,,,
179,陳乃瑜,111年新北市議員選舉,首次申報,1111111,個人捐贈收入,陳棟耀,F12*******,40000.00,0.00,匯款,1111111,,,金錢,新北市新店區****,0973*****,,,,,,,,
180,陳乃瑜,111年新北市議員選舉,首次申報,1111111,個人捐贈收入,葉正國,M12*******,100.00,0.00,匯款,1111111,,,金錢,新北市新店區****,0927*****,,,,,,,,
181,陳乃瑜,111年新北市議員選舉,首次申報,1111113,個人捐贈收入,盧天成,F12*******,3000.00,0.00,匯款,1111118,,,金錢,臺北市大安區****,0939*****,,,,,,,,
182,陳乃瑜,111年新北市議員選舉,首次申報,1111114,個人捐贈收入,林哲鴻,G12*******,1000.00,0.00,匯款,1111118,,,金錢,宜蘭縣冬山鄉****,0988*****,,,,,,,,
183,陳乃瑜,111年新北市議員選舉,首次申報,1111116,人民團體捐贈收入,社團法人新北市醫師公會,,20000.00,0.00,票據,1111117,,,金錢,新北市三重區****,02-2*****,,,,,,,,
184,陳乃瑜,111年新北市議員選舉,首次申報,1111116,個人捐贈收入,康義勝,A10*******,10000.00,0.00,票據,1111118,,,金錢,新北市新店區****,0939*****,,,,,,,,
185,陳乃瑜,111年新北市議員選舉,首次申報,1111118,營利事業捐贈收入,雲豹能源科技股份有限公司,42852207,100000.00,0.00,匯款,1111118,,,金錢,臺北市內湖區****,02-2*****,,,,,,,,
186,陳乃瑜,111年新北市議員選舉,首次申報,1111118,個人捐贈收入,陳向榮,B10*******,5000.00,0.00,匯款,1111122,,,金錢,臺中市西區五****,0935*****,,,,,,,,
187,陳乃瑜,111年新北市議員選舉,首次申報,1111121,個人捐贈收入,鄭錦輝,H10*******,12000.00,0.00,匯款,1111121,,,金錢,新北市新店區****,0927*****,,,,,,,,
188,陳乃瑜,111年新北市議員選舉,首次申報,1111123,營利事業捐贈收入,喆友建設股份有限公司,83454533,100000.00,0.00,匯款,1111123,已返還,,金錢,新北市新店區****,(02)*****,,,,,,,,
189,陳乃瑜,111年新北市議員選舉,首次申報,1111124,個人捐贈收入,郭賢伸,Q12*******,500.00,0.00,匯款,1111125,,,金錢,新北市新莊區****,0927*****,,,,,,,,
190,陳乃瑜,111年新北市議員選舉,首次申報,1111221,其他收入,利息收入,,474.00,0.00,匯款,1111221,,,金錢,,,,,,,,,,
