﻿序號,擬參選人／政黨,選舉名稱,申報序號／年度,交易日期,收支科目,捐贈者／支出對象,身分證／統一編號,收入金額,支出金額,捐贈方式,存入專戶日期,返還/繳庫,支出用途,金錢類,地址,聯絡電話,應揭露之支出對象,支出對象之內部人員姓名,支出對象之內部人員職稱,政黨之內部人員姓名,政黨之內部人員職稱,關係,更正註記,資料更正日期
1,蔡秋蘭,111年臺南市議員選舉,首次申報,1111011,個人捐贈收入,丁連田,,6000.00,0.00,匯款,1111011,,,金錢,臺南市仁德區****,0928*****,,,,,,,,
2,蔡秋蘭,111年臺南市議員選舉,首次申報,1111018,個人捐贈收入,黃舜澤,R10*******,20000.00,0.00,匯款,1111018,,,金錢,臺南市佳里區****,06-7*****,,,,,,,,
3,蔡秋蘭,111年臺南市議員選舉,首次申報,1111019,個人捐贈收入,林春,,6000.00,0.00,匯款,1111019,,,金錢,臺南市西港區****,06-7*****,,,,,,,,
4,蔡秋蘭,111年臺南市議員選舉,首次申報,1111022,營利事業捐贈收入,誠銳建設,28169226,20000.00,0.00,現金,1111025,,,金錢,臺南市佳里區****,06-7*****,,,,,,,,
5,蔡秋蘭,111年臺南市議員選舉,首次申報,1111022,營利事業捐贈收入,華嶸精密機械股份有限公司,97079523,50000.00,0.00,現金,1111025,,,金錢,臺南市西港區****,0679*****,,,,,,,,
6,蔡秋蘭,111年臺南市議員選舉,首次申報,1111022,個人捐贈收入,陳聖媮,E22*******,50000.00,0.00,現金,1111031,,,金錢,臺南市安南區****,0912*****,,,,,,,,
7,蔡秋蘭,111年臺南市議員選舉,首次申報,1111022,個人捐贈收入,周文亭,R12*******,32000.00,0.00,現金,1111025,,,金錢,臺南市安平區****,0933*****,,,,,,,,
8,蔡秋蘭,111年臺南市議員選舉,首次申報,1111022,個人捐贈收入,黃仁良,R12*******,50000.00,0.00,現金,1111025,,,金錢,臺南市西港區****,,,,,,,,,
9,蔡秋蘭,111年臺南市議員選舉,首次申報,1111022,個人捐贈收入,黃憲前,R12*******,20000.00,0.00,現金,1111025,,,金錢,臺南市佳里區****,0932*****,,,,,,,,
10,蔡秋蘭,111年臺南市議員選舉,首次申報,1111022,個人捐贈收入,謝美雲,R20*******,10000.00,0.00,現金,1111025,,,金錢,臺南市佳里區****,,,,,,,,,
11,蔡秋蘭,111年臺南市議員選舉,首次申報,1111023,個人捐贈收入,蔡慧美,,30000.00,0.00,現金,1111031,,,金錢,臺南市佳里區****,0937*****,,,,,,,,
12,蔡秋蘭,111年臺南市議員選舉,首次申報,1111023,營利事業捐贈收入,鼎鑫農坊,26441164,20000.00,0.00,現金,1111031,,,金錢,臺南市西港區****,06-7*****,,,,,,,,
13,蔡秋蘭,111年臺南市議員選舉,首次申報,1111024,營利事業捐贈收入,榮盈工業股份有限公司,27559605,50000.00,0.00,現金,1111031,,,金錢,臺北市中山區****,02-2*****,,,,,,,,
14,蔡秋蘭,111年臺南市議員選舉,首次申報,1111024,個人捐贈收入,黃榮顯,R12*******,20000.00,0.00,現金,1111031,,,金錢,臺南市七股區****,0937*****,,,,,,,,
15,蔡秋蘭,111年臺南市議員選舉,首次申報,1111025,個人捐贈收入,吳國和,R10*******,50000.00,0.00,現金,1111025,,,金錢,臺南市七股區****,0910*****,,,,,,,,
16,蔡秋蘭,111年臺南市議員選舉,首次申報,1111026,個人捐贈收入,黃惠芬,F22*******,50000.00,0.00,匯款,1111026,,,金錢,新北市新莊區****,0928*****,,,,,,,,
17,蔡秋蘭,111年臺南市議員選舉,首次申報,1111026,個人捐贈收入,呂家澤,Q12*******,100000.00,0.00,現金,1111031,,,金錢,臺南市永康區****,06- *****,,,,,,,,
18,蔡秋蘭,111年臺南市議員選舉,首次申報,1111028,個人捐贈收入,蔡宏宥,,5000.00,0.00,現金,1111031,,,金錢,臺南市西港區****,0919*****,,,,,,,,
19,蔡秋蘭,111年臺南市議員選舉,首次申報,1111028,個人捐贈收入,蔡秀芝,R22*******,5000.00,0.00,現金,1111031,,,金錢,臺南市西港區****,0919*****,,,,,,,,
20,蔡秋蘭,111年臺南市議員選舉,首次申報,1111029,個人捐贈收入,李恒修,R10*******,20000.00,0.00,現金,1111101,,,金錢,臺南市佳里區****,0920*****,,,,,,,,
21,蔡秋蘭,111年臺南市議員選舉,首次申報,1111030,個人捐贈收入,林美月,,20000.00,0.00,現金,1111101,,,金錢,臺南市佳里區****,0932*****,,,,,,,,
22,蔡秋蘭,111年臺南市議員選舉,首次申報,1111030,個人捐贈收入,黃坤山,D12*******,20000.00,0.00,現金,1111101,,,金錢,臺南市七股區****,0932*****,,,,,,,,
23,蔡秋蘭,111年臺南市議員選舉,首次申報,1111030,個人捐贈收入,黃枝瑞,R10*******,20000.00,0.00,現金,1111101,,,金錢,嘉義市東洋新****,0935*****,,,,,,,,
24,蔡秋蘭,111年臺南市議員選舉,首次申報,1111030,個人捐贈收入,莊勝峰,R12*******,20000.00,0.00,現金,1111101,,,金錢,臺南市後壁區****,0937*****,,,,,,,,
25,蔡秋蘭,111年臺南市議員選舉,首次申報,1111030,個人捐贈收入,蔡開春,R12*******,100000.00,0.00,現金,1111101,,,金錢,臺南市西港區****,0937*****,,,,,,,,
26,蔡秋蘭,111年臺南市議員選舉,首次申報,1111031,個人捐贈收入,丁連財,,12000.00,0.00,匯款,1111031,,,金錢,臺南市西港區****,06- *****,,,,,,,,
27,蔡秋蘭,111年臺南市議員選舉,首次申報,1111031,營利事業捐贈收入,洽通實業股份有限公司,16523742,20000.00,0.00,現金,1111101,,,金錢,臺南市學甲區****,0921*****,,,,,,,,
28,蔡秋蘭,111年臺南市議員選舉,首次申報,1111101,營利事業捐贈收入,良益企業股份有限公司,72108178,50000.00,0.00,現金,1111109,,,金錢,臺南市西港區****,06-7*****,,,,,,,,
29,蔡秋蘭,111年臺南市議員選舉,首次申報,1111101,個人捐贈收入,吳宗憲,D12*******,100000.00,0.00,現金,1111109,,,金錢,臺南市安南區****,0625*****,,,,,,,,
30,蔡秋蘭,111年臺南市議員選舉,首次申報,1111101,個人捐贈收入,薛天印,S12*******,100000.00,0.00,現金,1111109,,,金錢,高雄市湖內區****,0955*****,,,,,,,,
31,蔡秋蘭,111年臺南市議員選舉,首次申報,1111102,營利事業捐贈收入,麒宏企業有限公司,84957251,50000.00,0.00,現金,1111109,,,金錢,臺南市西港區****,06-7*****,,,,,,,,
32,蔡秋蘭,111年臺南市議員選舉,首次申報,1111104,營利事業捐贈收入,永仕旺企業股份有限公司,28068326,30000.00,0.00,匯款,1111104,,,金錢,臺南市西港區****,06-7*****,,,,,,,,
33,蔡秋蘭,111年臺南市議員選舉,首次申報,1111105,營利事業捐贈收入,大南方資源再生股份有限公司,27224616,100000.00,0.00,現金,1111110,,,金錢,臺南市麻豆區****,06 5*****,,,,,,,,
34,蔡秋蘭,111年臺南市議員選舉,首次申報,1111106,營利事業捐贈收入,啟煌興業有限公司,22393063,25000.00,0.00,現金,1111110,,,金錢,臺南市佳里區****,06-7*****,,,,,,,,
35,蔡秋蘭,111年臺南市議員選舉,首次申報,1111106,營利事業捐贈收入,聯易興業有限公司,28730696,25000.00,0.00,現金,1111110,,,金錢,臺南市佳里區****,06 7*****,,,,,,,,
36,蔡秋蘭,111年臺南市議員選舉,首次申報,1111106,營利事業捐贈收入,騰宇流通企業股份有限公司,28922863,6000.00,0.00,現金,1111110,,,金錢,臺南市佳里區****,06 7*****,,,,,,,,
37,蔡秋蘭,111年臺南市議員選舉,首次申報,1111108,個人捐贈收入,洪高謄,R10*******,30000.00,0.00,現金,1111111,,,金錢,臺南市佳里區****,06-7*****,,,,,,,,
38,蔡秋蘭,111年臺南市議員選舉,首次申報,1111108,個人捐贈收入,徐郁傑,R12*******,100000.00,0.00,現金,1111111,,,金錢,臺南市西港區****,0932*****,,,,,,,,
39,蔡秋蘭,111年臺南市議員選舉,首次申報,1111108,個人捐贈收入,陳文進,R12*******,30000.00,0.00,現金,1111110,,,金錢,臺南市西港區****,0910*****,,,,,,,,
40,蔡秋蘭,111年臺南市議員選舉,首次申報,1111108,個人捐贈收入,邱俊騫,R12*******,100000.00,0.00,現金,1111110,,,金錢,臺南市佳里區****,0988*****,,,,,,,,
41,蔡秋蘭,111年臺南市議員選舉,首次申報,1111108,個人捐贈收入,徐思婷,R22*******,100000.00,0.00,現金,1111111,,,金錢,臺南市永康區****,0932*****,,,,,,,,
42,蔡秋蘭,111年臺南市議員選舉,首次申報,1111109,營利事業捐贈收入,顯昌眼鏡實業有限公司,06626966,50000.00,0.00,現金,1111110,,,金錢,臺南市西港區****,06-7*****,,,,,,,,
43,蔡秋蘭,111年臺南市議員選舉,首次申報,1111109,營利事業捐贈收入,昱富建設有限公司,53035099,80000.00,0.00,現金,1111110,,,金錢,臺南市佳里區****,0975*****,,,,,,,,
44,蔡秋蘭,111年臺南市議員選舉,首次申報,1111109,營利事業捐贈收入,農林木業有限公司,72140162,100000.00,0.00,現金,1111111,,,金錢,臺南市麻豆區****,06-5*****,,,,,,,,
45,蔡秋蘭,111年臺南市議員選舉,首次申報,1111111,個人捐贈收入,邱雅雯,,30000.00,0.00,現金,1111115,,,金錢,臺南市西港區****,06-7*****,,,,,,,,
46,蔡秋蘭,111年臺南市議員選舉,首次申報,1111111,營利事業捐贈收入,宥力翔股份有限公司,27478147,60000.00,0.00,現金,1111115,,,金錢,臺南市七股區****,0678*****,,,,,,,,
47,蔡秋蘭,111年臺南市議員選舉,首次申報,1111112,營利事業捐贈收入,銪昇國際開發有限公司,27461119,30000.00,0.00,現金,1111115,,,金錢,臺南市西港區****,06-7*****,,,,,,,,
48,蔡秋蘭,111年臺南市議員選舉,首次申報,1111112,個人捐贈收入,吳木全,D10*******,50000.00,0.00,現金,1111115,,,金錢,臺南市中西區****,0910*****,,,,,,,,
49,蔡秋蘭,111年臺南市議員選舉,首次申報,1111112,個人捐贈收入,關錦福,D12*******,60000.00,0.00,現金,1111115,,,金錢,臺南市西港區****,0925*****,,,,,,,,
50,蔡秋蘭,111年臺南市議員選舉,首次申報,1111112,個人捐贈收入,黃有連,R10*******,60000.00,0.00,現金,1111115,,,金錢,臺南市佳里區****,0672*****,,,,,,,,
51,蔡秋蘭,111年臺南市議員選舉,首次申報,1111112,個人捐贈收入,黃勻珮,R22*******,100000.00,0.00,現金,1111118,,,金錢,新竹市東區新****,0932*****,,,,,,,,
52,蔡秋蘭,111年臺南市議員選舉,首次申報,1111114,個人捐贈收入,王彩鳳,R20*******,60000.00,0.00,現金,1111115,,,金錢,臺南市佳里區****,0983*****,,,,,,,,
53,蔡秋蘭,111年臺南市議員選舉,首次申報,1111115,個人捐贈收入,蔡記文,S12*******,60000.00,0.00,現金,1111118,,,金錢,臺南市佳里區****,0910*****,,,,,,,,
54,蔡秋蘭,111年臺南市議員選舉,首次申報,1111116,個人捐贈收入,葉姿蘭,D22*******,100000.00,0.00,現金,1111118,,,金錢,臺南市永康區****,,,,,,,,,
55,蔡秋蘭,111年臺南市議員選舉,首次申報,1111116,個人捐贈收入,陳櫻桃,Q22*******,100000.00,0.00,現金,1111118,,,金錢,臺南市北區小****,0932*****,,,,,,,,
56,蔡秋蘭,111年臺南市議員選舉,首次申報,1111116,個人捐贈收入,黃大欉,R10*******,50000.00,0.00,匯款,1111116,,,金錢,新北市汐止區****,0937*****,,,,,,,,
57,蔡秋蘭,111年臺南市議員選舉,首次申報,1111117,營利事業捐贈收入,好運來工程行,88951980,10000.00,0.00,現金,1111118,,,金錢,屏東縣屏東市****,0983*****,,,,,,,,
58,蔡秋蘭,111年臺南市議員選舉,首次申報,1111117,個人捐贈收入,余宥德,E12*******,3000.00,0.00,現金,1111118,,,金錢,臺南市佳里區****,0983*****,,,,,,,,
59,蔡秋蘭,111年臺南市議員選舉,首次申報,1111118,營利事業捐贈收入,昇禧投資股份有限公司,16697216,350000.00,0.00,匯款,1111118,,,金錢,臺南市安南區****,0910*****,,,,,,,,
60,蔡秋蘭,111年臺南市議員選舉,首次申報,1111121,個人捐贈收入,陳淑紹,R22*******,10000.00,0.00,現金,1111122,,,金錢,臺南市佳里區****,,,,,,,,,
61,蔡秋蘭,111年臺南市議員選舉,首次申報,1111123,營利事業捐贈收入,甲頂吉企業股份有限公司,89705348,60000.00,0.00,現金,1111124,,,金錢,臺南市佳里區****,0932*****,,,,,,,,
62,蔡秋蘭,111年臺南市議員選舉,首次申報,1111123,營利事業捐贈收入,甲頂吉企業股份有限公司,89705348,20000.00,0.00,現金,1111128,,,金錢,臺南市佳里區****,0932*****,,,,,,,,
63,蔡秋蘭,111年臺南市議員選舉,首次申報,1111124,營利事業捐贈收入,南君建設有限公司,54570148,100000.00,0.00,現金,1111129,,,金錢,臺南市北區正****,0935*****,,,,,,,,
