﻿序號,擬參選人／政黨,選舉名稱,申報序號／年度,交易日期,收支科目,捐贈者／支出對象,身分證／統一編號,收入金額,支出金額,捐贈方式,存入專戶日期,返還/繳庫,支出用途,金錢類,地址,聯絡電話,應揭露之支出對象,支出對象之內部人員姓名,支出對象之內部人員職稱,政黨之內部人員姓名,政黨之內部人員職稱,關係,更正註記,資料更正日期
1,陳賢蔚,111年臺北市議員選舉,首次申報,1110520,宣傳支出,和宜彩色印刷包裝有限公司,83378402,0.00,299250.00,,,,製作競選宣傳費用,金錢,新北市中和區****,02-2*****,否,,,,,,,
2,陳賢蔚,111年臺北市議員選舉,首次申報,1110530,宣傳支出,山水民意研究股份有限公司,16135975,0.00,317943.00,,,,製作競選物品或宣傳廣告費用（紙類文宣）,金錢,臺北市松山區****,2577*****,否,,,,,,,
3,陳賢蔚,111年臺北市議員選舉,首次申報,1110530,宣傳支出,中華電信,81691784,0.00,11267.00,,,,競選宣傳費用支出,金錢,臺北市大安區****,0800*****,否,,,,,,,
4,陳賢蔚,111年臺北市議員選舉,首次申報,1110614,雜支支出,一零四資訊科技股份有限公司,84598349,0.00,2800.00,,,,徵才刊登支出,金錢,新北市新店區****,2912*****,否,,,,,,,
5,陳賢蔚,111年臺北市議員選舉,首次申報,1110701,租用宣傳車輛支出,晶叡股份有限公司,70837220,0.00,943.00,,,,宣傳車輛燃料費用,金錢,臺北市北投區****,02-2*****,否,,,,,,,
6,陳賢蔚,111年臺北市議員選舉,首次申報,1110705,雜支支出,西歐加油站股份有限公司,16285093,0.00,488.00,,,,汽機車燃料費用,金錢,臺北市士林區****,2881*****,否,,,,,,,
7,陳賢蔚,111年臺北市議員選舉,首次申報,1110711,租用宣傳車輛支出,晶叡股份有限公司,70837220,0.00,1008.00,,,,宣傳車輛燃料費用,金錢,臺北市北投區****,02-2*****,否,,,,,,,
8,陳賢蔚,111年臺北市議員選舉,首次申報,1110718,雜支支出,台灣仁本生命科技(股)公司,89605262,0.00,3500.00,,,,高價花籃,金錢,臺北市文山區****,2239*****,否,,,,,,,
9,陳賢蔚,111年臺北市議員選舉,首次申報,1110719,租用宣傳車輛支出,晶叡股份有限公司,70837220,0.00,1050.00,,,,宣傳車輛燃料費用,金錢,臺北市北投區****,02-2*****,否,,,,,,,
10,陳賢蔚,111年臺北市議員選舉,首次申報,1110730,雜支支出,橡木桶洋酒股份有限公司,24576200,0.00,1888.00,,,,摸彩品,金錢,臺北市北投區****,2820*****,否,,,,,,,
11,陳賢蔚,111年臺北市議員選舉,首次申報,1110801,租用宣傳車輛支出,晶叡股份有限公司,70837220,0.00,1040.00,,,,宣傳車輛燃料費用,金錢,臺北市北投區****,02-2*****,否,,,,,,,
12,陳賢蔚,111年臺北市議員選舉,首次申報,1110805,租用競選辦事處支出,大眾鑰匙行,48625481,0.00,860.00,,,,裝潢競選辦事處鐵門遙控器費用,金錢,臺北市北投區****,2827*****,否,,,,,,,
13,陳賢蔚,111年臺北市議員選舉,首次申報,1110806,集會支出,長勝音響舞台工程行,48880449,0.00,24000.00,,,,租用設備費用,金錢,臺北市北投區****,2895*****,否,,,,,,,
14,陳賢蔚,111年臺北市議員選舉,首次申報,1110813,租用宣傳車輛支出,台灣中油股份有限公司,01391292,0.00,1110.00,,,,宣傳車輛燃料費用,金錢,臺北市北投區****,02-8*****,否,,,,,,,
15,陳賢蔚,111年臺北市議員選舉,首次申報,1110815,宣傳支出,威騰廣告媒體有限公司,90712661,0.00,36000.00,,,,租用廣告看板,金錢,臺北市信義區****,0937*****,否,,,,,,,
16,陳賢蔚,111年臺北市議員選舉,首次申報,1110816,宣傳支出,遂藝設計有限公司,42915420,0.00,27479.00,,,,製作宣傳印刷廣告費用,金錢,臺南市永康區****,,否,,,,,,,
17,陳賢蔚,111年臺北市議員選舉,首次申報,1110818,租用宣傳車輛支出,全國加油站股份有限公司台北交流道加油站,83945433,0.00,1064.00,,,,宣傳車輛燃料費用,金錢,臺北市士林區****,2811*****,否,,,,,,,
18,陳賢蔚,111年臺北市議員選舉,首次申報,1110820,雜支支出,橡木桶洋酒股份有限公司,24576200,0.00,3014.00,,,,摸彩品,金錢,臺北市北投區****,2820*****,否,,,,,,,
19,陳賢蔚,111年臺北市議員選舉,首次申報,1110820,租用競選辦事處支出,大眾鑰匙行,48625481,0.00,600.00,,,,競選辦公室鐵門遙控器,金錢,臺北市北投區****,2827*****,否,,,,,,,
20,陳賢蔚,111年臺北市議員選舉,首次申報,1110821,租用宣傳車輛支出,台灣中油股份有限公司,01391292,0.00,1053.00,,,,宣傳車輛燃料費用,金錢,臺北市北投區****,02-8*****,否,,,,,,,
21,陳賢蔚,111年臺北市議員選舉,首次申報,1110825,宣傳支出,延春生技股份有限公司,81159774,0.00,208830.00,,,,製作競選物品（物品名稱-香皂）,金錢,臺北市大同區****,2553*****,否,,,,,,,
22,陳賢蔚,111年臺北市議員選舉,首次申報,1110826,宣傳支出,台灣摩菲爾國際股份有限公司,24312453,0.00,99750.00,,,,車體廣告費用,金錢,臺北市中正區****,2351*****,否,,,,,,,
23,陳賢蔚,111年臺北市議員選舉,首次申報,1110828,租用宣傳車輛支出,台灣中油,01391309,0.00,1032.00,,,,宣傳車輛燃料費用,金錢,臺北市北投區****,2891*****,否,,,,,,,
24,陳賢蔚,111年臺北市議員選舉,首次申報,1110829,宣傳支出,沐春創作有限公司,54674220,0.00,4400.00,,,,製作競選物品或宣傳廣告費用（物品名稱-香皂）,金錢,臺北市大同區****,2553*****,否,,,,,,,
25,陳賢蔚,111年臺北市議員選舉,首次申報,1110829,宣傳支出,沐春創作有限公司,54674220,0.00,4400.00,,,,製作競選物品或宣傳廣告費用（物品名稱-香皂）,金錢,臺北市大同區****,2553*****,否,,,,,,,
26,陳賢蔚,111年臺北市議員選舉,首次申報,1110829,宣傳支出,美和盛股份有限公司,84768202,0.00,15750.00,,,,宣傳廣告面紙,金錢,臺北市北投區****,02-8*****,否,,,,,,,
27,陳賢蔚,111年臺北市議員選舉,首次申報,1110830,人事費用支出,李振綱,A12*******,0.00,60000.00,,,,工資或薪津,金錢,臺北市信義區****,0926*****,否,,,,,,,
28,陳賢蔚,111年臺北市議員選舉,首次申報,1110831,宣傳支出,沐春創作有限公司,54674220,0.00,8800.00,,,,製作競選物品或宣傳廣告費用（物品名稱-香皂）,金錢,臺北市大同區****,2553*****,否,,,,,,,
29,陳賢蔚,111年臺北市議員選舉,首次申報,1110907,宣傳支出,沐春創作有限公司,54674220,0.00,10560.00,,,,製作競選物品（物品名稱-香皂),金錢,臺北市大同區****,2553*****,否,,,,,,,
30,陳賢蔚,111年臺北市議員選舉,首次申報,1110910,公共關係費用支出,燦坤實業股份有限公司,90218520,0.00,1687.00,,,,聯誼交際費用,金錢,新北市淡水區****,0800*****,否,,,,,,,
31,陳賢蔚,111年臺北市議員選舉,首次申報,1110911,租用宣傳車輛支出,台灣中油股份有限公司,01391292,0.00,1053.00,,,,宣傳車輛燃料費用,金錢,臺北市北投區****,02-8*****,否,,,,,,,
32,陳賢蔚,111年臺北市議員選舉,首次申報,1110914,宣傳支出,和宜彩色印刷包裝有限公司,83378402,0.00,3780.00,,,,製作宣傳廣告,金錢,新北市中和區****,2221*****,否,,,,,,,
33,陳賢蔚,111年臺北市議員選舉,首次申報,1110915,租用宣傳車輛支出,台灣中油股份有限公司,01391292,0.00,1075.00,,,,宣傳車輛燃料費用,金錢,臺北市北投區****,02-8*****,否,,,,,,,
34,陳賢蔚,111年臺北市議員選舉,首次申報,1110922,宣傳支出,沐春創作有限公司,54674220,0.00,22500.00,,,,製作競選物品或宣傳廣告費用（物品名稱-香皂）,金錢,臺北市大同區****,2553*****,否,,,,,,,
35,陳賢蔚,111年臺北市議員選舉,首次申報,1110924,租用宣傳車輛支出,台灣中油股份有限公司,01391292,0.00,1033.00,,,,宣傳車輛燃料費用,金錢,臺北市北投區****,02-8*****,否,,,,,,,
36,陳賢蔚,111年臺北市議員選舉,首次申報,1110925,集會支出,長勝音響舞台工程行,48880449,0.00,7000.00,,,,租用設備費用,金錢,臺北市北投區****,2895*****,否,,,,,,,
37,陳賢蔚,111年臺北市議員選舉,首次申報,1110925,集會支出,南豐天玥泉,53357577,0.00,145600.00,,,,餐飲費用,金錢,臺北市北投區****,2898*****,否,,,,,,,
38,陳賢蔚,111年臺北市議員選舉,首次申報,1110927,租用宣傳車輛支出,友盛機車材料行,73890780,0.00,1300.00,,,,維修宣傳車輛費用,金錢,臺北市北投區****,2823*****,否,,,,,,,
39,陳賢蔚,111年臺北市議員選舉,首次申報,1110930,租用宣傳車輛支出,晶叡股份有限公司,70837220,0.00,980.00,,,,宣傳車輛燃料費用,金錢,臺北市北投區****,02-2*****,否,,,,,,,
40,陳賢蔚,111年臺北市議員選舉,首次申報,1110930,宣傳支出,美和盛股份有限公司,84768202,0.00,47250.00,,,,製作競選物品（物品名稱-面紙）,金錢,臺北市北投區****,8295*****,否,,,,,,,
41,陳賢蔚,111年臺北市議員選舉,首次申報,1111001,宣傳支出,威騰廣告媒體有限公司,90712661,0.00,48000.00,,,,宣傳廣告費用,金錢,臺北市信義區****,0937*****,否,,,,,,,
42,陳賢蔚,111年臺北市議員選舉,首次申報,1111003,租用宣傳車輛支出,台灣中油股份有限公司,01391292,0.00,1061.00,,,,宣傳車輛燃料費用,金錢,臺北市北投區****,02-8*****,否,,,,,,,
43,陳賢蔚,111年臺北市議員選舉,首次申報,1111006,宣傳支出,和宜彩色印刷包裝有限公司,83378402,0.00,42000.00,,,,製作成立大會邀請卡,金錢,新北市中和區****,2221*****,否,,,,,,,
44,陳賢蔚,111年臺北市議員選舉,首次申報,1111006,宣傳支出,和宜彩色印刷包裝有限公司,83378402,0.00,42000.00,,,,宣傳支出-成立大會邀請卡,金錢,新北市中和區****,02-2*****,否,,,,,,,
45,陳賢蔚,111年臺北市議員選舉,首次申報,1111008,租用宣傳車輛支出,台灣中油,01391309,0.00,950.00,,,,宣傳車輛燃料費用,金錢,臺北市北投區****,2891*****,否,,,,,,,
46,陳賢蔚,111年臺北市議員選舉,首次申報,1111008,雜支支出,西歐加油站股份有限公司,16285093,0.00,500.00,,,,汽機車燃料費用,金錢,臺北市士林區****,2881*****,否,,,,,,,
47,陳賢蔚,111年臺北市議員選舉,首次申報,1111010,雜支支出,西歐加油站股份有限公司,16285093,0.00,489.00,,,,汽機車燃料費用,金錢,臺北市士林區****,2881*****,否,,,,,,,
48,陳賢蔚,111年臺北市議員選舉,首次申報,1111012,宣傳支出,總繪廣告有限公司,12961729,0.00,187530.00,,,,播放宣傳廣告費用,金錢,新北市中和區****,3151*****,否,,,,,,,
49,陳賢蔚,111年臺北市議員選舉,首次申報,1111012,宣傳支出,總繪廣告有限公司,12961729,0.00,142800.00,,,,播放刊登宣傳廣告費用,金錢,新北市中和區****,3151*****,否,,,,,,,
50,陳賢蔚,111年臺北市議員選舉,首次申報,1111012,宣傳支出,總繪廣告有限公司,12961729,0.00,105000.00,,,,播放刊登宣傳廣告費用,金錢,新北市中和區****,3151*****,否,,,,,,,
51,陳賢蔚,111年臺北市議員選舉,首次申報,1111012,雜支支出,西歐加油站股份有限公司,16285093,0.00,489.00,,,,汽機車燃料費用,金錢,臺北市士林區****,2881*****,否,,,,,,,
52,陳賢蔚,111年臺北市議員選舉,首次申報,1111013,租用宣傳車輛支出,晶叡股份有限公司,70837220,0.00,1000.00,,,,宣傳車輛燃料費用,金錢,臺北市北投區****,02-2*****,否,,,,,,,
53,陳賢蔚,111年臺北市議員選舉,首次申報,1111016,集會支出,長勝音響舞台工程行,48880449,0.00,9600.00,,,,租用設備費用,金錢,臺北市北投區****,2895*****,否,,,,,,,
54,陳賢蔚,111年臺北市議員選舉,首次申報,1111016,集會支出,長勝音響舞台工程行,48880449,0.00,5000.00,,,,租用設備費用,金錢,臺北市北投區****,2895*****,否,,,,,,,
55,陳賢蔚,111年臺北市議員選舉,首次申報,1111017,宣傳支出,光鈦媒體事業有限公司,50982750,0.00,128423.00,,,,宣傳廣告費用,金錢,新北市中和區****,2689*****,否,,,,,,,
56,陳賢蔚,111年臺北市議員選舉,首次申報,1111018,雜支支出,全勝汽車股份有限公司,80181572,0.00,24806.00,,,,車輛保養費用支出,金錢,臺北市中正區****,,否,,,,,,,
57,陳賢蔚,111年臺北市議員選舉,首次申報,1111018,雜支支出,全勝汽車股份有限公司,80181572,0.00,6840.00,,,,車輛保養費用支出,金錢,臺北市中正區****,,否,,,,,,,
58,陳賢蔚,111年臺北市議員選舉,首次申報,1111024,租用宣傳車輛支出,魔法小巴國際行銷有限公司,24384596,0.00,320250.00,,,,租用宣傳車輛費用,金錢,新北市新莊區****,2202*****,否,,,,,,,
59,陳賢蔚,111年臺北市議員選舉,首次申報,1111024,宣傳支出,冠品廣告整合有限公司,66251668,0.00,10100.00,,,,印刷宣傳廣告費用,金錢,新北市三重區****,8985*****,否,,,,,,,
60,陳賢蔚,111年臺北市議員選舉,首次申報,1111024,宣傳支出,延春生技股份有限公司,81159774,0.00,163200.00,,,,製作競選物品（物品名稱-香皂）,金錢,臺北市大同區****,2553*****,否,,,,,,,
61,陳賢蔚,111年臺北市議員選舉,首次申報,1111025,宣傳支出,周億五金建材有限公司,23900849,0.00,3373.00,,,,製作競選物品-釘廣告車,金錢,臺北市士林區****,2883*****,否,,,,,,,
62,陳賢蔚,111年臺北市議員選舉,首次申報,1111025,宣傳支出,石牌裝潢行,31352726,0.00,800.00,,,,製作競選帆布,金錢,臺北市北投區****,2823*****,否,,,,,,,
63,陳賢蔚,111年臺北市議員選舉,首次申報,1111025,租用宣傳車輛支出,泰元貨車出租有限公司,80470995,0.00,50400.00,,,,租用宣傳車輛費用,金錢,新北市三重區****,2985*****,否,,,,,,,
64,陳賢蔚,111年臺北市議員選舉,首次申報,1111026,租用宣傳車輛支出,台灣中油股份有限公司,01391292,0.00,1038.00,,,,宣傳車輛燃料費用,金錢,臺北市北投區****,02-8*****,否,,,,,,,
65,陳賢蔚,111年臺北市議員選舉,首次申報,1111026,雜支支出,西歐加油站股份有限公司,16285093,0.00,488.00,,,,汽機車燃料費用,金錢,臺北市士林區****,2881*****,否,,,,,,,
66,陳賢蔚,111年臺北市議員選舉,首次申報,1111027,雜支支出,西歐加油站股份有限公司,16285093,0.00,488.00,,,,汽機車燃料費用,金錢,臺北市士林區****,2881*****,否,,,,,,,
67,陳賢蔚,111年臺北市議員選舉,首次申報,1111028,雜支支出,魚之屋日式小吃店,25661885,0.00,570.00,,,,餐飲費用,金錢,臺北市北投區****,2821*****,否,,,,,,,
68,陳賢蔚,111年臺北市議員選舉,首次申報,1111029,租用宣傳車輛支出,台灣中油,01391309,0.00,1000.00,,,,宣傳車輛燃料費用,金錢,臺北市北投區****,2891*****,否,,,,,,,
69,陳賢蔚,111年臺北市議員選舉,首次申報,1111029,雜支支出,西歐加油站股份有限公司,16285093,0.00,488.00,,,,汽機車燃料費用,金錢,臺北市士林區****,2881*****,否,,,,,,,
70,陳賢蔚,111年臺北市議員選舉,首次申報,1111030,宣傳支出,迦勒廣告事業有限公司,42859882,0.00,29400.00,,,,戶外廣告宣傳廣告費用,金錢,臺北市大安區****,4285*****,否,,,,,,,
71,陳賢蔚,111年臺北市議員選舉,首次申報,1111031,租用宣傳車輛支出,台灣中油,01391309,0.00,1164.00,,,,宣傳車輛燃料費用,金錢,臺北市北投區****,2891*****,否,,,,,,,
72,陳賢蔚,111年臺北市議員選舉,首次申報,1111031,雜支支出,西歐加油站股份有限公司,16285093,0.00,488.00,,,,汽機車燃料費用,金錢,臺北市士林區****,2881*****,否,,,,,,,
73,陳賢蔚,111年臺北市議員選舉,首次申報,1111031,租用宣傳車輛支出,晶叡股份有限公司,70837220,0.00,799.00,,,,宣傳車輛燃料費用,金錢,臺北市北投區****,02-2*****,否,,,,,,,
74,陳賢蔚,111年臺北市議員選舉,首次申報,1111101,集會支出,東林鷹架有限公司,27525958,0.00,49161.00,,,,租用設備費用,金錢,新北市三重區****,8985*****,否,,,,,,,
75,陳賢蔚,111年臺北市議員選舉,首次申報,1111101,宣傳支出,榮垚廣告事業有限公司,28576119,0.00,200488.00,,,,帆布宣傳廣告支出,金錢,臺北市士林區****,2810*****,否,,,,,,,
76,陳賢蔚,111年臺北市議員選舉,首次申報,1111101,宣傳支出,鑫躍廣告有限公司,50978290,0.00,148000.00,,,,租用廣告看板費用,金錢,新北市板橋區****,,否,,,,,,,
77,陳賢蔚,111年臺北市議員選舉,首次申報,1111101,雜支支出,寶豐小吃店,77399766,0.00,1080.00,,,,餐飲費用,金錢,臺北市士林區****,2831*****,否,,,,,,,
78,陳賢蔚,111年臺北市議員選舉,首次申報,1111101,宣傳支出,朋馳廣告企業有限公司,80539565,0.00,99750.00,,,,租用廣告看板廣告費用,金錢,臺北市士林區****,2835*****,否,,,,,,,
79,陳賢蔚,111年臺北市議員選舉,首次申報,1111102,雜支支出,西歐加油站股份有限公司,16285093,0.00,488.00,,,,汽機車燃料費用,金錢,臺北市士林區****,2881*****,否,,,,,,,
80,陳賢蔚,111年臺北市議員選舉,首次申報,1111102,雜支支出,國豐行,73005489,0.00,980.00,,,,活動紙碗,金錢,臺北市北投區****,02-2*****,否,,,,,,,
81,陳賢蔚,111年臺北市議員選舉,首次申報,1111103,宣傳支出,飛馬影印社,01402609,0.00,630.00,,,,影印競選宣傳費用,金錢,臺北市北投區****,2826*****,否,,,,,,,
82,陳賢蔚,111年臺北市議員選舉,首次申報,1111103,雜支支出,魚之屋日式小吃店,25661885,0.00,970.00,,,,餐飲費用,金錢,臺北市北投區****,2821*****,否,,,,,,,
83,陳賢蔚,111年臺北市議員選舉,首次申報,1111103,租用宣傳車輛支出,隆陞汽車商行,31337747,0.00,2700.00,,,,維修宣傳車輛費用-換輪胎,金錢,臺北市北投區****,02-2*****,否,,,,,,,
84,陳賢蔚,111年臺北市議員選舉,首次申報,1111103,雜支支出,好食光商行,82733241,0.00,3900.00,,,,活動餐車餐飲費用,金錢,高雄市楠梓區****,0915*****,否,,,,,,,
85,陳賢蔚,111年臺北市議員選舉,首次申報,1111104,租用宣傳車輛支出,台灣中油,01391309,0.00,1044.00,,,,宣傳車輛燃料費用,金錢,臺北市北投區****,2891*****,否,,,,,,,
86,陳賢蔚,111年臺北市議員選舉,首次申報,1111104,雜支支出,西歐加油站股份有限公司,16285093,0.00,488.00,,,,汽機車燃料費用,金錢,臺北市士林區****,2881*****,否,,,,,,,
87,陳賢蔚,111年臺北市議員選舉,首次申報,1111105,雜支支出,利規早餐店,25657854,0.00,1480.00,,,,餐飲費用,金錢,臺北市北投區****,2828*****,否,,,,,,,
88,陳賢蔚,111年臺北市議員選舉,首次申報,1111106,雜支支出,西歐加油站股份有限公司,16285093,0.00,488.00,,,,汽機車燃料費用,金錢,臺北市士林區****,2881*****,否,,,,,,,
89,陳賢蔚,111年臺北市議員選舉,首次申報,1111107,雜支支出,普羅旺斯商行,21757749,0.00,900.00,,,,果醬禮盒,金錢,臺北市北投區****,2897*****,否,,,,,,,
90,陳賢蔚,111年臺北市議員選舉,首次申報,1111107,雜支支出,普羅旺斯商行,21757749,0.00,1350.00,,,,果醬禮盒,金錢,臺北市北投區****,2897*****,否,,,,,,,
91,陳賢蔚,111年臺北市議員選舉,首次申報,1111107,雜支支出,九金快餐店,21764333,0.00,780.00,,,,餐飲費用,金錢,臺北市士林區****,2834*****,否,,,,,,,
92,陳賢蔚,111年臺北市議員選舉,首次申報,1111107,雜支支出,享貳食小吃店,88265455,0.00,1530.00,,,,餐飲費用,金錢,臺北市北投區****,2896*****,否,,,,,,,
93,陳賢蔚,111年臺北市議員選舉,首次申報,1111108,雜支支出,西歐加油站股份有限公司,16285093,0.00,488.00,,,,汽機車燃料費用,金錢,臺北市士林區****,2881*****,否,,,,,,,
94,陳賢蔚,111年臺北市議員選舉,首次申報,1111108,宣傳支出,蘆洲長榮派報社,49939094,0.00,20000.00,,,,宣傳廣告費用,金錢,新北市蘆洲區****,2289*****,否,,,,,,,
95,陳賢蔚,111年臺北市議員選舉,首次申報,1111108,宣傳支出,蘆洲長榮派報社,49939094,0.00,20000.00,,,,刊登宣傳廣告費用,金錢,新北市蘆洲區****,2289*****,否,,,,,,,
96,陳賢蔚,111年臺北市議員選舉,首次申報,1111108,宣傳支出,蘆洲長榮派報社,49939094,0.00,20000.00,,,,刊登宣傳廣告費用,金錢,新北市蘆洲區****,2289*****,否,,,,,,,
97,陳賢蔚,111年臺北市議員選舉,首次申報,1111108,宣傳支出,蘆洲長榮派報社,49939094,0.00,20000.00,,,,刊登宣傳廣告費用,金錢,新北市蘆洲區****,2289*****,否,,,,,,,
98,陳賢蔚,111年臺北市議員選舉,首次申報,1111108,宣傳支出,蘆洲長榮派報社,49939094,0.00,20000.00,,,,刊登宣傳廣告費用,金錢,新北市蘆洲區****,2289*****,否,,,,,,,
99,陳賢蔚,111年臺北市議員選舉,首次申報,1111108,宣傳支出,蘆洲長榮派報社,49939094,0.00,20000.00,,,,刊登宣傳廣告費用,金錢,新北市蘆洲區****,2289*****,否,,,,,,,
100,陳賢蔚,111年臺北市議員選舉,首次申報,1111108,宣傳支出,蘆洲長榮派報社,49939094,0.00,11200.00,,,,刊登宣傳廣告費用,金錢,新北市蘆洲區****,2289*****,否,,,,,,,
101,陳賢蔚,111年臺北市議員選舉,首次申報,1111108,租用宣傳車輛支出,晶叡股份有限公司,70837220,0.00,969.00,,,,宣傳車輛燃料費用,金錢,臺北市北投區****,02-2*****,否,,,,,,,
102,陳賢蔚,111年臺北市議員選舉,首次申報,1111108,雜支支出,好食光商行,82733241,0.00,3900.00,,,,活動餐車餐飲費用,金錢,高雄市楠梓區****,0915*****,否,,,,,,,
103,陳賢蔚,111年臺北市議員選舉,首次申報,1111109,宣傳支出,東森電視事業股份有限公司,86121480,0.00,220500.00,,,,宣傳廣告費用,金錢,臺北市中正區****,2311*****,否,,,,,,,
104,陳賢蔚,111年臺北市議員選舉,首次申報,1111110,雜支支出,西歐加油站股份有限公司,16285093,0.00,488.00,,,,汽機車燃料費用,金錢,臺北市士林區****,2881*****,否,,,,,,,
105,陳賢蔚,111年臺北市議員選舉,首次申報,1111110,雜支支出,香港隆記燒臘店,17545694,0.00,820.00,,,,餐飲費用,金錢,臺北市北投區****,2820*****,否,,,,,,,
106,陳賢蔚,111年臺北市議員選舉,首次申報,1111110,雜支支出,魚之屋日式小吃店,25661885,0.00,930.00,,,,餐飲費用,金錢,臺北市北投區****,2821*****,否,,,,,,,
107,陳賢蔚,111年臺北市議員選舉,首次申報,1111111,租用宣傳車輛支出,台灣中油,01391309,0.00,988.00,,,,宣傳車輛燃料費用,金錢,臺北市北投區****,2891*****,否,,,,,,,
108,陳賢蔚,111年臺北市議員選舉,首次申報,1111113,雜支支出,高記紅茶,01366499,0.00,720.00,,,,餐飲費用,金錢,臺北市北投區****,2896*****,否,,,,,,,
109,陳賢蔚,111年臺北市議員選舉,首次申報,1111113,雜支支出,西歐加油站股份有限公司,16285093,0.00,488.00,,,,汽機車燃料費用,金錢,臺北市士林區****,2881*****,否,,,,,,,
110,陳賢蔚,111年臺北市議員選舉,首次申報,1111113,雜支支出,魚之屋日式小吃店,25661885,0.00,980.00,,,,餐飲費用,金錢,臺北市北投區****,2821*****,否,,,,,,,
111,陳賢蔚,111年臺北市議員選舉,首次申報,1111114,租用宣傳車輛支出,晶叡股份有限公司,70837220,0.00,966.00,,,,宣傳車輛燃料費用,金錢,臺北市北投區****,02-2*****,否,,,,,,,
112,陳賢蔚,111年臺北市議員選舉,首次申報,1111115,雜支支出,大將飲食店,01396206,0.00,510.00,,,,餐飲費用,金錢,臺北市北投區****,2827*****,否,,,,,,,
113,陳賢蔚,111年臺北市議員選舉,首次申報,1111115,雜支支出,聖叡豆漿店,13853868,0.00,635.00,,,,餐飲費用,金錢,臺北市士林區****,2880*****,否,,,,,,,
114,陳賢蔚,111年臺北市議員選舉,首次申報,1111115,租用宣傳車輛支出,晶叡股份有限公司,70837220,0.00,500.00,,,,宣傳車輛燃料費用,金錢,臺北市北投區****,8245*****,否,,,,,,,
115,陳賢蔚,111年臺北市議員選舉,首次申報,1111115,人事費用支出,彭遵,A12*******,0.00,8550.00,,,,工資,金錢,臺北市中山區****,0963*****,否,,,,,,,
116,陳賢蔚,111年臺北市議員選舉,首次申報,1111116,雜支支出,香港隆記燒臘店,17545694,0.00,815.00,,,,餐飲費用,金錢,臺北市北投區****,2820*****,否,,,,,,,
117,陳賢蔚,111年臺北市議員選舉,首次申報,1111117,宣傳支出,華聲廣播股份有限公司,29909403,0.00,200000.00,,,,播放傳廣告費用,金錢,臺北市士林區****,2831*****,否,,,,,,,
118,陳賢蔚,111年臺北市議員選舉,首次申報,1111118,集會支出,恩揚小吃店,09623942,0.00,2080.00,,,,餐飲費用,金錢,臺北市士林區****,2881*****,否,,,,,,,
119,陳賢蔚,111年臺北市議員選舉,首次申報,1111119,租用宣傳車輛支出,晶叡股份有限公司,70837220,0.00,954.00,,,,宣傳車輛燃料費用,金錢,臺北市北投區****,02-2*****,否,,,,,,,
120,陳賢蔚,111年臺北市議員選舉,首次申報,1111121,宣傳支出,蘆洲長榮派報社,49939094,0.00,20000.00,,,,刊登宣傳廣告費用,金錢,新北市蘆洲區****,2289*****,否,,,,,,,
121,陳賢蔚,111年臺北市議員選舉,首次申報,1111121,宣傳支出,蘆洲長榮派報社,49939094,0.00,17474.00,,,,宣傳廣告費用,金錢,新北市蘆洲區****,2289*****,否,,,,,,,
122,陳賢蔚,111年臺北市議員選舉,首次申報,1111121,人事費用支出,楊朝任,L12*******,0.00,7920.00,,,,工資,金錢,臺中市潭子區****,0987*****,否,,,,,,,
123,陳賢蔚,111年臺北市議員選舉,首次申報,1111122,雜支支出,西歐加油站股份有限公司,16285093,0.00,488.00,,,,汽機車燃料費用,金錢,臺北市士林區****,2881*****,否,,,,,,,
124,陳賢蔚,111年臺北市議員選舉,首次申報,1111122,集會支出,太勝餐飲,88148422,0.00,1900.00,,,,餐飲費用,金錢,臺北市北投區****,2823*****,否,,,,,,,
125,陳賢蔚,111年臺北市議員選舉,首次申報,1111123,租用宣傳車輛支出,台灣中油,01391309,0.00,981.00,,,,宣傳車輛燃料費用,金錢,臺北市北投區****,2891*****,否,,,,,,,
126,陳賢蔚,111年臺北市議員選舉,首次申報,1111123,宣傳支出,你和我娛樂有限公司,83110926,0.00,30000.00,,,,演出表演費用,金錢,桃園市中壢區****,,否,,,,,,,
127,陳賢蔚,111年臺北市議員選舉,首次申報,1111124,雜支支出,西歐加油站股份有限公司,16285093,0.00,488.00,,,,汽機車燃料費用,金錢,臺北市士林區****,2881*****,否,,,,,,,
128,陳賢蔚,111年臺北市議員選舉,首次申報,1111124,租用宣傳車輛支出,晶叡股份有限公司,70837220,0.00,1106.00,,,,宣傳車輛燃料費用,金錢,臺北市北投區****,8245*****,否,,,,,,,
129,陳賢蔚,111年臺北市議員選舉,首次申報,1111124,返還捐贈支出,羅純慧,V22*******,0.00,5000.00,,,,返還,金錢,臺北市士林區****,,否,,,,,,,
130,陳賢蔚,111年臺北市議員選舉,首次申報,1111125,宣傳支出,山水民意研究股份有限公司,16135975,0.00,96221.00,,,,委託辦理調查規劃費用,金錢,臺北市松山區****,2577*****,否,,,,,,,
131,陳賢蔚,111年臺北市議員選舉,首次申報,1111125,集會支出,壹森泰料理店,88205154,0.00,1750.00,,,,餐飲費用,金錢,臺北市北投區****,2828*****,否,,,,,,,
132,陳賢蔚,111年臺北市議員選舉,首次申報,1111126,集會支出,錸德食品有限公司石牌分公司,85122659,0.00,2141.00,,,,餐飲費用,金錢,臺北市北投區****,412-*****,否,,,,,,,
133,陳賢蔚,111年臺北市議員選舉,首次申報,1111130,雜支支出,西歐加油站股份有限公司,16285093,0.00,489.00,,,,汽機車燃料費用,金錢,臺北市士林區****,2881*****,否,,,,,,,
134,陳賢蔚,111年臺北市議員選舉,首次申報,1111130,宣傳支出,台灣摩菲爾國際股份有限公司,24312453,0.00,246750.00,,,,車體廣告費用,金錢,臺北市中正區****,2351*****,否,,,,,,,
135,陳賢蔚,111年臺北市議員選舉,首次申報,1111130,租用宣傳車輛支出,泰元貨車出租有限公司,80470995,0.00,5100.00,,,,租用宣傳車輛費用,金錢,新北市三重區****,2985*****,否,,,,,,,
136,陳賢蔚,111年臺北市議員選舉,首次申報,1111130,人事費用支出,游逸愷,D12*******,0.00,3240.00,,,,工資,金錢,臺北市士林區****,0978*****,否,,,,,,,
137,陳賢蔚,111年臺北市議員選舉,首次申報,1111130,人事費用支出,江金榮,F12*******,0.00,43200.00,,,,工資,金錢,臺北市北投區****,0921*****,否,,,,,,,
138,陳賢蔚,111年臺北市議員選舉,首次申報,1111130,人事費用支出,李威達,F13*******,0.00,22680.00,,,,工資,金錢,新北市板橋區****,0987*****,否,,,,,,,
139,陳賢蔚,111年臺北市議員選舉,首次申報,1111130,人事費用支出,周基福,Q12*******,0.00,10000.00,,,,工資,金錢,臺北市北投區****,0937*****,否,,,,,,,
140,陳賢蔚,111年臺北市議員選舉,首次申報,1111202,雜支支出,西歐加油站股份有限公司,16285093,0.00,489.00,,,,汽機車燃料費用,金錢,臺北市士林區****,2881*****,否,,,,,,,
141,陳賢蔚,111年臺北市議員選舉,首次申報,1111203,雜支支出,橡木桶洋酒股份有限公司,24576200,0.00,3635.00,,,,摸彩品,金錢,臺北市北投區****,2820*****,否,,,,,,,
142,陳賢蔚,111年臺北市議員選舉,首次申報,1111205,人事費用支出,張文瑄,N22*******,0.00,20000.00,,,,工資,金錢,臺北市北投區****,0908*****,否,,,,,,,
143,陳賢蔚,111年臺北市議員選舉,首次申報,1111208,宣傳支出,首創多媒體興業股份有限公司,28199158,0.00,73880.00,,,,廣告租位帆布製作,金錢,臺北市北投區****,2893*****,否,,,,,,,
144,陳賢蔚,111年臺北市議員選舉,首次申報,1111211,雜支支出,橡木桶洋酒股份有限公司,24576200,0.00,10918.00,,,,摸彩品,金錢,臺北市北投區****,2820*****,否,,,,,,,
145,陳賢蔚,111年臺北市議員選舉,首次申報,1111212,集會支出,駿燿小吃店,42353080,0.00,4736.00,,,,餐飲費用,金錢,臺北市北投區****,02-2*****,否,,,,,,,
146,陳賢蔚,111年臺北市議員選舉,首次申報,1111215,雜支支出,太平洋崇光百貨股份有限公司,28976305,0.00,5760.00,,,,摸彩品-巧克力,金錢,臺北市士林區****,8772*****,否,,,,,,,
147,陳賢蔚,111年臺北市議員選舉,首次申報,1111220,公共關係費用支出,璞園餐飲事業有限公司,53763625,0.00,27676.00,,,,聯誼交際費用,金錢,臺北市士林區****,02-2*****,否,,,,,,,
148,陳賢蔚,111年臺北市議員選舉,首次申報,1111224,雜支支出,太平洋崇光百貨股份有限公司,28976305,0.00,2460.00,,,,摸彩品-巧克力,金錢,臺北市士林區****,8772*****,否,,,,,,,
149,陳賢蔚,111年臺北市議員選舉,首次申報,1111226,雜支支出,亞沛數位設計/大銘哥廣告,25549568,0.00,1925.00,,,,雙面名片+校稿費,金錢,臺北市中正區****,0933*****,否,,,,,,,
150,陳賢蔚,111年臺北市議員選舉,首次申報,1111226,宣傳支出,榮垚廣告事業有限公司,28576119,0.00,902277.00,,,,競選帆布支出,金錢,臺北市士林區****,,否,,,,,,,
151,陳賢蔚,111年臺北市議員選舉,首次申報,1120224,返還捐贈支出,東竹藥品股份有限公司,22161606,0.00,60000.00,,,,返還,金錢,臺北市大同區****,,否,,,,,,,
