﻿序號,擬參選人／政黨,選舉名稱,申報序號／年度,交易日期,收支科目,捐贈者／支出對象,身分證／統一編號,收入金額,支出金額,捐贈方式,存入專戶日期,返還/繳庫,支出用途,金錢類,地址,聯絡電話,應揭露之支出對象,支出對象之內部人員姓名,支出對象之內部人員職稱,政黨之內部人員姓名,政黨之內部人員職稱,關係,更正註記,資料更正日期
1,許書維,111年彰化縣議員選舉,首次申報,1111104,營利事業捐贈收入,亞洲健康用品有限公司,28921111,30000.00,0.00,現金,1111104,,,金錢,彰化縣溪湖鎮****,,,,,,,,,
2,許書維,111年彰化縣議員選舉,首次申報,1111104,個人捐贈收入,洪廉雅,N22*******,6000.00,0.00,現金,1111104,,,金錢,臺中市東區自****,,,,,,,,,
3,許書維,111年彰化縣議員選舉,首次申報,1111104,個人捐贈收入,張筱勤,P22*******,100000.00,0.00,現金,1111104,,,金錢,臺中市西屯區****,,,,,,,,,
4,許書維,111年彰化縣議員選舉,首次申報,1111108,營利事業捐贈收入,優台有限公司,23576879,50000.00,0.00,票據,1111108,,,金錢,彰化縣田中鎮****,,,,,,,,,
5,許書維,111年彰化縣議員選舉,首次申報,1111108,營利事業捐贈收入,貫琳企業股份有限公司,60311817,80000.00,0.00,票據,1111108,,,金錢,彰化縣員林市****,,,,,,,,,
6,許書維,111年彰化縣議員選舉,首次申報,1111108,個人捐贈收入,鞏玉華,B20*******,100000.00,0.00,現金,1111108,,,金錢,臺中市沙鹿區****,,,,,,,,,
7,許書維,111年彰化縣議員選舉,首次申報,1111108,個人捐贈收入,陳朝日,L12*******,100000.00,0.00,現金,1111108,,,金錢,臺中市沙鹿區****,,,,,,,,,
8,許書維,111年彰化縣議員選舉,首次申報,1111115,個人捐贈收入,劉李紜,L22*******,100000.00,0.00,現金,1111115,,,金錢,臺中市西屯區****,,,,,,,,,
9,許書維,111年彰化縣議員選舉,首次申報,1111115,個人捐贈收入,劉明創,N12*******,100000.00,0.00,現金,1111115,,,金錢,臺中市沙鹿區****,,,,,,,,,
10,許書維,111年彰化縣議員選舉,首次申報,1111123,營利事業捐贈收入,優肯興業有限公司,24352010,20000.00,0.00,現金,1111123,,,金錢,彰化縣社頭鄉****,,,,,,,,,
11,許書維,111年彰化縣議員選舉,首次申報,1111221,其他收入,利息收入,,88.00,0.00,現金,1111221,,,金錢,,,,,,,,,,
