﻿序號,擬參選人／政黨,選舉名稱,申報序號／年度,交易日期,收支科目,捐贈者／支出對象,身分證／統一編號,收入金額,支出金額,支出用途,金錢類,地址,聯絡電話,資料更正日期
1,陳權欣,107年鄉(鎮、市)長選舉,首次申報,1070901,宣傳支出,飛英企業社,42164898,0.00,12100.00,選舉背心,金錢,,0351*****,
2,陳權欣,107年鄉(鎮、市)長選舉,首次申報,1071003,宣傳支出,飛英企業社,42164898,0.00,13600.00,宣傳旗子,金錢,,0351*****,
3,陳權欣,107年鄉(鎮、市)長選舉,首次申報,1071018,宣傳支出,飛英企業社,42164898,0.00,8200.00,製作競選物品支出（競選披肩及布旗）,金錢,,0351*****,
4,陳權欣,107年鄉(鎮、市)長選舉,首次申報,1071105,宣傳支出,飛英企業社,42164898,0.00,12870.00,製作競選物品支出（布條、旗子、白板）,金錢,,0351*****,
