﻿序號,擬參選人／政黨,選舉名稱,申報序號／年度,交易日期,收支科目,捐贈者／支出對象,身分證／統一編號,收入金額,支出金額,捐贈方式,存入專戶日期,返還/繳庫,支出用途,金錢類,地址,聯絡電話,應揭露之支出對象,支出對象之內部人員姓名,支出對象之內部人員職稱,政黨之內部人員姓名,政黨之內部人員職稱,關係,更正註記,資料更正日期
1,張家維,111年新北市議員選舉,首次申報,1110802,個人捐贈收入,洪靜姿,A22*******,100000.00,0.00,票據,1110809,,,金錢,臺北市中正區****,2368*****,,,,,,,,
2,張家維,111年新北市議員選舉,首次申報,1110802,個人捐贈收入,謝淑青,X22*******,100000.00,0.00,現金,1110803,,,金錢,臺北市中正區****,2368*****,,,,,,,,
3,張家維,111年新北市議員選舉,首次申報,1111005,個人捐贈收入,廖榮清,F10*******,20000.00,0.00,現金,1111007,,,金錢,新北市板橋區****,0937*****,,,,,,,,
4,張家維,111年新北市議員選舉,首次申報,1111007,個人捐贈收入,洪松林,,6000.00,0.00,現金,1111012,,,金錢,,0928*****,,,,,,,,
5,張家維,111年新北市議員選舉,首次申報,1111007,個人捐贈收入,洪琴茹,,6000.00,0.00,現金,1111012,,,金錢,,0921*****,,,,,,,,
6,張家維,111年新北市議員選舉,首次申報,1111010,個人捐贈收入,鐘文武,N12*******,10000.00,0.00,現金,1111012,,,金錢,新北市板橋區****,0919*****,,,,,,,,
7,張家維,111年新北市議員選舉,首次申報,1111011,個人捐贈收入,邱子云,,20000.00,0.00,現金,1111012,,,金錢,,0937*****,,,,,,,,
8,張家維,111年新北市議員選舉,首次申報,1111011,營利事業捐贈收入,勤祐營造工程有限公司,42742624,30000.00,0.00,現金,1111017,,,金錢,桃園市桃園區****,0917*****,,,,,,,,
9,張家維,111年新北市議員選舉,首次申報,1111011,個人捐贈收入,施樻花,N22*******,6000.00,0.00,現金,1111012,,,金錢,新北市板橋區****,02-2*****,,,,,,,,
10,張家維,111年新北市議員選舉,首次申報,1111014,個人捐贈收入,黃春茗,,3000.00,0.00,匯款,1111014,,,金錢,,0985*****,,,,,,,,
11,張家維,111年新北市議員選舉,首次申報,1111015,個人捐贈收入,洪銘芳,N12*******,20000.00,0.00,現金,1111017,,,金錢,新北市板橋區****,0933*****,,,,,,,,
12,張家維,111年新北市議員選舉,首次申報,1111021,個人捐贈收入,林淑娟,,3600.00,0.00,現金,1111027,,,金錢,,0939*****,,,,,,,,
13,張家維,111年新北市議員選舉,首次申報,1111022,個人捐贈收入,羅玉芸,,2000.00,0.00,匯款,1111022,,,金錢,,0912*****,,,,,,,,
14,張家維,111年新北市議員選舉,首次申報,1111022,個人捐贈收入,林國安,,20000.00,0.00,現金,1111027,,,金錢,,0935*****,,,,,,,,
15,張家維,111年新北市議員選舉,首次申報,1111022,個人捐贈收入,劉麗燕,,3000.00,0.00,現金,1111027,,,金錢,,0937*****,,,,,,,,
16,張家維,111年新北市議員選舉,首次申報,1111022,個人捐贈收入,林素杏,,2000.00,0.00,現金,1111027,,,金錢,,02-2*****,,,,,,,,
17,張家維,111年新北市議員選舉,首次申報,1111022,個人捐贈收入,張芳維,A12*******,60000.00,0.00,現金,1111027,,,金錢,臺北市士林區****,0918*****,,,,,,,,
18,張家維,111年新北市議員選舉,首次申報,1111022,個人捐贈收入,潘妍伶,L22*******,60000.00,0.00,現金,1111027,,,金錢,臺北市士林區****,0978*****,,,,,,,,
19,張家維,111年新北市議員選舉,首次申報,1111023,個人捐贈收入,呂小鈴,K22*******,2500.00,0.00,現金,1111027,,,金錢,新北市板橋區****,02-2*****,,,,,,,,
20,張家維,111年新北市議員選舉,首次申報,1111023,個人捐贈收入,黃秀麗,N22*******,2500.00,0.00,現金,1111027,,,金錢,新北市板橋區****,02-2*****,,,,,,,,
21,張家維,111年新北市議員選舉,首次申報,1111023,個人捐贈收入,劉麗芳,P22*******,10000.00,0.00,現金,1111027,,,金錢,新北市板橋區****,0918*****,,,,,,,,
22,張家維,111年新北市議員選舉,首次申報,1111027,個人捐贈收入,吳守昌,,5000.00,0.00,現金,1111027,,,金錢,,02-2*****,,,,,,,,
23,張家維,111年新北市議員選舉,首次申報,1111108,個人捐贈收入,詹秀珠,K22*******,30000.00,0.00,現金,1111115,,,金錢,新北市土城區****,0989*****,,,,,,,,
24,張家維,111年新北市議員選舉,首次申報,1111110,個人捐贈收入,許正誼,N10*******,3800.00,0.00,現金,1111115,,,金錢,新北市板橋區****,02-2*****,,,,,,,,
25,張家維,111年新北市議員選舉,首次申報,1111114,人民團體捐贈收入,社團法人新北市醫師公會,,20000.00,0.00,票據,1111115,,,金錢,新北市三重區****,02-2*****,,,,,,,,
26,張家維,111年新北市議員選舉,首次申報,1111124,個人捐贈收入,楊菀琳,,5000.00,0.00,匯款,1111124,,,金錢,新北市板橋區****,0988*****,,,,,,,,
27,張家維,111年新北市議員選舉,首次申報,1111221,其他收入,利息收入,,178.00,0.00,匯款,1111221,,,金錢,,,,,,,,,★,1120324
