﻿序號,擬參選人／政黨,選舉名稱,申報序號／年度,交易日期,收支科目,捐贈者／支出對象,身分證／統一編號,收入金額,支出金額,捐贈方式,存入專戶日期,返還/繳庫,支出用途,金錢類,地址,聯絡電話,應揭露之支出對象,支出對象之內部人員姓名,支出對象之內部人員職稱,政黨之內部人員姓名,政黨之內部人員職稱,關係,更正註記,資料更正日期
1,黃定和,111年宜蘭縣議員選舉,首次申報,1110928,營利事業捐贈收入,宜福建設股份有限公司,83485732,50000.00,0.00,匯款,1110928,已返還,,金錢,臺北市內湖區****,,,,,,,,,
2,黃定和,111年宜蘭縣議員選舉,首次申報,1110928,個人捐贈收入,簡宜彬,A12*******,50000.00,0.00,匯款,1110928,,,金錢,臺北市內湖區****,,,,,,,,,
3,黃定和,111年宜蘭縣議員選舉,首次申報,1111011,營利事業捐贈收入,展慶不動產仲介經紀股份有限公司,53980340,50000.00,0.00,匯款,1111011,,,金錢,宜蘭縣宜蘭市****,,,,,,,,,
4,黃定和,111年宜蘭縣議員選舉,首次申報,1111019,個人捐贈收入,簡惠琴,,6600.00,0.00,現金,1111020,,,金錢,宜蘭縣宜蘭市****,,,,,,,,,
5,黃定和,111年宜蘭縣議員選舉,首次申報,1111021,營利事業捐贈收入,得鈺股份有限公司,27659490,50000.00,0.00,票據,1111028,,,金錢,宜蘭縣壯圍鄉****,,,,,,,,,
6,黃定和,111年宜蘭縣議員選舉,首次申報,1111023,個人捐贈收入,黃珠玲,,3600.00,0.00,現金,1111101,,,金錢,,0911*****,,,,,,,,
7,黃定和,111年宜蘭縣議員選舉,首次申報,1111023,個人捐贈收入,林玉堂,,3000.00,0.00,現金,1111101,,,金錢,,0393*****,,,,,,,,
8,黃定和,111年宜蘭縣議員選舉,首次申報,1111023,個人捐贈收入,陳美惠,,1000.00,0.00,現金,1111027,,,金錢,宜蘭縣冬山鄉****,0960*****,,,,,,,,
9,黃定和,111年宜蘭縣議員選舉,首次申報,1111023,個人捐贈收入,田錦文,,6000.00,0.00,現金,1111027,,,金錢,宜蘭縣宜蘭凱****,0905*****,,,,,,,,
10,黃定和,111年宜蘭縣議員選舉,首次申報,1111023,人民團體捐贈收入,宜蘭縣五金業職業工會,,5000.00,0.00,現金,1111027,,,金錢,宜蘭縣宜蘭市****,0928*****,,,,,,,,
11,黃定和,111年宜蘭縣議員選舉,首次申報,1111023,人民團體捐贈收入,宜蘭縣貴州同鄉會,,1000.00,0.00,現金,1111027,,,金錢,宜蘭縣宜蘭市****,,,,,,,,,
12,黃定和,111年宜蘭縣議員選舉,首次申報,1111023,個人捐贈收入,林淑華,G20*******,36000.00,0.00,現金,1111027,,,金錢,宜蘭縣宜蘭市****,9333*****,,,,,,,,
13,黃定和,111年宜蘭縣議員選舉,首次申報,1111023,個人捐贈收入,黃毅菁,G22*******,2000.00,0.00,現金,1111027,,,金錢,宜蘭縣宜蘭市****,0934*****,,,,,,,,
14,黃定和,111年宜蘭縣議員選舉,首次申報,1111023,個人捐贈收入,陳惠茹,G22*******,20000.00,0.00,現金,1111027,,,金錢,宜蘭縣宜蘭市****,0921*****,,,,,,,,
15,黃定和,111年宜蘭縣議員選舉,首次申報,1111026,營利事業捐贈收入,薛長興工業股份有限公司,41910405,100000.00,0.00,匯款,1111026,,,金錢,宜蘭縣五結鄉****,,,,,,,,,
16,黃定和,111年宜蘭縣議員選舉,首次申報,1111027,營利事業捐贈收入,全信製藥有限公司,40064253,3600.00,0.00,現金,1111101,,,金錢,宜蘭縣宜蘭市****,,,,,,,,,
17,黃定和,111年宜蘭縣議員選舉,首次申報,1111027,個人捐贈收入,謝世興,G12*******,36000.00,0.00,現金,1111101,,,金錢,宜蘭縣冬山鄉****,,,,,,,,,
18,黃定和,111年宜蘭縣議員選舉,首次申報,1111031,營利事業捐贈收入,豪野企業有限公司,28069704,100000.00,0.00,匯款,1111031,,,金錢,宜蘭縣宜蘭市****,,,,,,,,,
19,黃定和,111年宜蘭縣議員選舉,首次申報,1111107,個人捐贈收入,黃毓閎,G12*******,100000.00,0.00,匯款,1111107,,,金錢,宜蘭縣宜蘭市****,0958*****,,,,,,,,
20,黃定和,111年宜蘭縣議員選舉,首次申報,1111107,個人捐贈收入,吳英哲,G12*******,50000.00,0.00,匯款,1111107,,,金錢,宜蘭縣宜蘭市****,0911*****,,,,,,,,
21,黃定和,111年宜蘭縣議員選舉,首次申報,1111108,營利事業捐贈收入,博睿實業有限公司,57068704,6000.00,0.00,現金,1111110,,,金錢,宜蘭縣宜蘭市****,,,,,,,,,
22,黃定和,111年宜蘭縣議員選舉,首次申報,1111108,個人捐贈收入,林新泰,L12*******,30000.00,0.00,現金,1111110,,,金錢,宜蘭縣宜蘭市****,,,,,,,,,
23,黃定和,111年宜蘭縣議員選舉,首次申報,1111118,個人捐贈收入,吳金標,,2000.00,0.00,現金,1111121,,,金錢,宜蘭縣宜蘭市****,0937*****,,,,,,,,
24,黃定和,111年宜蘭縣議員選舉,首次申報,1111121,個人捐贈收入,游承儒,G12*******,12000.00,0.00,現金,1111125,,,金錢,宜蘭縣宜蘭市****,0955*****,,,,,,,,
25,黃定和,111年宜蘭縣議員選舉,首次申報,1111121,個人捐贈收入,蘇麗雲,G20*******,6000.00,0.00,現金,1111125,,,金錢,宜蘭縣宜蘭市****,0928*****,,,,,,,,
26,黃定和,111年宜蘭縣議員選舉,首次申報,1111122,個人捐贈收入,吳添勝,F12*******,50000.00,0.00,現金,1111125,,,金錢,宜蘭縣礁溪鄉****,,,,,,,,,
27,黃定和,111年宜蘭縣議員選舉,首次申報,1111122,個人捐贈收入,呂天錄,H10*******,50000.00,0.00,現金,1111125,,,金錢,新北市板橋區****,,,,,,,,,
28,黃定和,111年宜蘭縣議員選舉,首次申報,1111124,個人捐贈收入,王美月,,20000.00,0.00,現金,1111205,,,金錢,新北市新店區****,02-2*****,,,,,,,,
