﻿序號,擬參選人／政黨,選舉名稱,申報序號／年度,交易日期,收支科目,捐贈者／支出對象,身分證／統一編號,收入金額,支出金額,捐贈方式,存入專戶日期,返還/繳庫,支出用途,金錢類,地址,聯絡電話,應揭露之支出對象,支出對象之內部人員姓名,支出對象之內部人員職稱,政黨之內部人員姓名,政黨之內部人員職稱,關係,更正註記,資料更正日期
1,鄭運鵬,113年立法委員選舉,首次申報,1120804,個人捐贈收入,李明昌,H12*******,100000.00,0.00,匯款,1120804,,,金錢,桃園市桃園區****,0919*****,,,,,,,,
2,鄭運鵬,113年立法委員選舉,首次申報,1120804,個人捐贈收入,李家豪,H12*******,100000.00,0.00,匯款,1120804,,,金錢,桃園市桃園區****,0937*****,,,,,,,,
3,鄭運鵬,113年立法委員選舉,首次申報,1120808,匿名捐贈,匿名,,1450.00,0.00,現金,1120808,,,金錢,,,,,,,,,,
4,鄭運鵬,113年立法委員選舉,首次申報,1120808,營利事業捐贈收入,巴斯威爾股份有限公司,80290332,100000.00,0.00,現金,1120808,,,金錢,桃園市蘆竹區****,,,,,,,,,
5,鄭運鵬,113年立法委員選舉,首次申報,1120808,個人捐贈收入,尤聖中,A12*******,100000.00,0.00,匯款,1120808,,,金錢,桃園市蘆竹區****,0931*****,,,,,,,,
6,鄭運鵬,113年立法委員選舉,首次申報,1120808,個人捐贈收入,魏怡嘉,A22*******,100000.00,0.00,現金,1120808,,,金錢,桃園市桃園區****,,,,,,,,,
7,鄭運鵬,113年立法委員選舉,首次申報,1120808,個人捐贈收入,尤奕升,F12*******,100000.00,0.00,匯款,1120808,,,金錢,桃園市蘆竹區****,0989*****,,,,,,,,
8,鄭運鵬,113年立法委員選舉,首次申報,1120808,個人捐贈收入,黃榮財,G12*******,50000.00,0.00,現金,1120808,,,金錢,台北市文山區****,,,,,,,,,
9,鄭運鵬,113年立法委員選舉,首次申報,1120808,個人捐贈收入,黃素,G20*******,50000.00,0.00,現金,1120808,,,金錢,宜蘭縣頭城鎮****,,,,,,,,,
10,鄭運鵬,113年立法委員選舉,首次申報,1120808,個人捐贈收入,陳志忠,H12*******,100000.00,0.00,現金,1120808,,,金錢,桃園市八德區****,,,,,,,,,
11,鄭運鵬,113年立法委員選舉,首次申報,1120808,個人捐贈收入,翁慧娟,Q22*******,100000.00,0.00,匯款,1120808,,,金錢,桃園市蘆竹區****,0912*****,,,,,,,,
12,鄭運鵬,113年立法委員選舉,首次申報,1120808,個人捐贈收入,林新建,V12*******,100000.00,0.00,現金,1120808,,,金錢,台東市傳廣路****,0932*****,,,,,,,,
13,鄭運鵬,113年立法委員選舉,首次申報,1120811,匿名捐贈,匿名,,1000.00,0.00,匯款,1120811,,,金錢,,,,,,,,,,
14,鄭運鵬,113年立法委員選舉,首次申報,1120812,營利事業捐贈收入,台灣長信佳企業有限公司,54784042,30000.00,0.00,匯款,1120812,已返還,,金錢,桃園市龜山區****,0939*****,,,,,,,,
15,鄭運鵬,113年立法委員選舉,首次申報,1120813,個人捐贈收入,王佩蓁,,1000.00,0.00,匯款,1120813,,,金錢,台北市北投區****,0911*****,,,,,,,,
16,鄭運鵬,113年立法委員選舉,首次申報,1120823,個人捐贈收入,蔡阿南,H10*******,60000.00,0.00,匯款,1120823,,,金錢,桃園市桃園區****,0921*****,,,,,,,,
17,鄭運鵬,113年立法委員選舉,首次申報,1120823,個人捐贈收入,蘇義風,H12*******,60000.00,0.00,匯款,1120823,,,金錢,桃園市蘆竹區****,0910*****,,,,,,,,
18,鄭運鵬,113年立法委員選舉,首次申報,1120824,個人捐贈收入,張育平,,5000.00,0.00,匯款,1120824,,,金錢,高雄市三民區****,0988*****,,,,,,,,
19,鄭運鵬,113年立法委員選舉,首次申報,1120902,個人捐贈收入,許世全,H12*******,80000.00,0.00,現金,1120911,,,金錢,桃園市龜山區****,03-3*****,,,,,,,,
20,鄭運鵬,113年立法委員選舉,首次申報,1120904,人民團體捐贈收入,桃園市中醫師公會,,100000.00,0.00,匯款,1120904,,,金錢,桃園市蘆竹區****,03-3*****,,,,,,,,
21,鄭運鵬,113年立法委員選舉,首次申報,1120905,匿名捐贈,匿名,,2000.00,0.00,匯款,1120905,,,金錢,,,,,,,,,,
22,鄭運鵬,113年立法委員選舉,首次申報,1120906,營利事業捐贈收入,偉凱實業股份有限公司,43834657,200000.00,0.00,票據,1120921,,,金錢,桃園市蘆竹區****,03-3*****,,,,,,,,
23,鄭運鵬,113年立法委員選舉,首次申報,1120908,個人捐贈收入,陳主恩,F12*******,70000.00,0.00,現金,1120908,,,金錢,桃園市大溪區****,,,,,,,,,
24,鄭運鵬,113年立法委員選舉,首次申報,1120911,個人捐贈收入,林俊,,10000.00,0.00,現金,1120911,,,金錢,桃園市桃園區****,,,,,,,,,
25,鄭運鵬,113年立法委員選舉,首次申報,1120911,個人捐贈收入,李振明,,10000.00,0.00,現金,1120911,,,金錢,桃園市龜山區****,,,,,,,,,
26,鄭運鵬,113年立法委員選舉,首次申報,1120911,個人捐贈收入,林陳豊,H12*******,60000.00,0.00,現金,1120911,,,金錢,桃園市桃園區****,0933*****,,,,,,,,
27,鄭運鵬,113年立法委員選舉,首次申報,1120912,個人捐贈收入,吳文忠,,5678.00,0.00,匯款,1120912,,,金錢,桃園市桃園區****,,,,,,,,,
28,鄭運鵬,113年立法委員選舉,首次申報,1120913,個人捐贈收入,張虔熙,J12*******,60000.00,0.00,匯款,1120913,,,金錢,台北市士林區****,0928*****,,,,,,,,
29,鄭運鵬,113年立法委員選舉,首次申報,1120922,個人捐贈收入,陳垣一,,10000.00,0.00,匯款,1120922,,,金錢,桃園市桃園區****,0938*****,,,,,,,,
30,鄭運鵬,113年立法委員選舉,首次申報,1120926,個人捐贈收入,蘇尉央,,20000.00,0.00,匯款,1120926,,,金錢,桃園市八德區****,0919*****,,,,,,,,
31,鄭運鵬,113年立法委員選舉,首次申報,1120928,個人捐贈收入,鄭悅心,,20000.00,0.00,匯款,1120928,,,金錢,新北市樹林區****,0955*****,,,,,,,,
32,鄭運鵬,113年立法委員選舉,首次申報,1121002,個人捐贈收入,王鈞立,,10000.00,0.00,現金,1121002,,,金錢,新北市板橋區****,0901*****,,,,,,,,
33,鄭運鵬,113年立法委員選舉,首次申報,1121017,個人捐贈收入,羅清諒,H10*******,100000.00,0.00,現金,1121018,,,金錢,桃園市桃園區****,0921*****,,,,,,,,
34,鄭運鵬,113年立法委員選舉,首次申報,1121018,人民團體捐贈收入,社團法人桃園市牙醫師公會,,20000.00,0.00,現金,1121018,,,金錢,桃園市中壢區****,03-4*****,,,,,,,,
35,鄭運鵬,113年立法委員選舉,首次申報,1121018,個人捐贈收入,趙叔富,,10000.00,0.00,現金,1121018,,,金錢,桃園市蘆竹區****,,,,,,,,,
36,鄭運鵬,113年立法委員選舉,首次申報,1121018,個人捐贈收入,李智維,,20000.00,0.00,現金,1121018,,,金錢,桃園市龜山龍****,,,,,,,,,
37,鄭運鵬,113年立法委員選舉,首次申報,1121018,營利事業捐贈收入,巴斯威爾股份有限公司,80290332,100000.00,0.00,現金,1121018,,,金錢,桃園市蘆竹區****,03-3*****,,,,,,,,
38,鄭運鵬,113年立法委員選舉,首次申報,1121018,個人捐贈收入,張簡旻倫,A22*******,10000.00,0.00,現金,1121018,,,金錢,桃園市桃園區****,,,,,,,,,
39,鄭運鵬,113年立法委員選舉,首次申報,1121018,個人捐贈收入,蔡阿南,H10*******,20000.00,0.00,現金,1121018,,,金錢,桃園市桃園區****,0921*****,,,,,,,,
40,鄭運鵬,113年立法委員選舉,首次申報,1121018,個人捐贈收入,姚昌良,N12*******,80000.00,0.00,現金,1121018,,,金錢,桃園市中壢區****,,,,,,,,,
41,鄭運鵬,113年立法委員選舉,首次申報,1121018,個人捐贈收入,李和昭,P12*******,100000.00,0.00,現金,1121018,,,金錢,桃園市蘆竹區****,03-3*****,,,,,,,,
42,鄭運鵬,113年立法委員選舉,首次申報,1121018,個人捐贈收入,莊振益,Q10*******,20000.00,0.00,現金,1121018,,,金錢,桃園市蘆竹區****,03-3*****,,,,,,,,
43,鄭運鵬,113年立法委員選舉,首次申報,1121019,個人捐贈收入,林建良,A13*******,36000.00,0.00,匯款,1121019,,,金錢,台北市南京東****,02-2*****,,,,,,,,
44,鄭運鵬,113年立法委員選舉,首次申報,1121020,營利事業捐贈收入,源山實業有限公司,97002905,30000.00,0.00,現金,1121101,,,金錢,桃園市龜山區****,0332*****,,,,,,,,
45,鄭運鵬,113年立法委員選舉,首次申報,1121020,個人捐贈收入,曾明德,H12*******,10000.00,0.00,現金,1121026,,,金錢,桃園市龜山區****,0932*****,,,,,,,,
46,鄭運鵬,113年立法委員選舉,首次申報,1121021,個人捐贈收入,羅文聰,,10000.00,0.00,現金,1121026,,,金錢,台北市內湖區****,0911*****,,,,,,,,
47,鄭運鵬,113年立法委員選舉,首次申報,1121021,營利事業捐贈收入,聲豐工業股份有限公司,86857165,10000.00,0.00,現金,1121026,,,金錢,桃園市龜山區****,0978*****,,,,,,,,
48,鄭運鵬,113年立法委員選舉,首次申報,1121021,個人捐贈收入,姚定基,N12*******,3000.00,0.00,現金,1121026,,,金錢,桃園市中壢區****,0958*****,,,,,,,,
49,鄭運鵬,113年立法委員選舉,首次申報,1121026,個人捐贈收入,范振修,,20000.00,0.00,現金,1121026,,,金錢,桃園市中壢區****,,,,,,,,,
50,鄭運鵬,113年立法委員選舉,首次申報,1121026,個人捐贈收入,楊進財,,10000.00,0.00,現金,1121026,,,金錢,桃園市桃園區****,0932*****,,,,,,,,
51,鄭運鵬,113年立法委員選舉,首次申報,1121026,營利事業捐贈收入,鈞悠股份有限公司,50906439,80000.00,0.00,現金,1121026,,,金錢,桃園市中壢區****,03-4*****,,,,,,,,
52,鄭運鵬,113年立法委員選舉,首次申報,1121026,個人捐贈收入,許雅慧,F22*******,100000.00,0.00,現金,1121026,,,金錢,桃園市桃園區****,0988*****,,,,,,,,
53,鄭運鵬,113年立法委員選舉,首次申報,1121026,個人捐贈收入,劉線妹,J20*******,100000.00,0.00,現金,1121026,,,金錢,桃園市八德區****,,,,,,,,,
54,鄭運鵬,113年立法委員選舉,首次申報,1121026,個人捐贈收入,徐榮廣,K12*******,100000.00,0.00,現金,1121026,,,金錢,桃園市桃園區****,0988*****,,,,,,,,
55,鄭運鵬,113年立法委員選舉,首次申報,1121026,個人捐贈收入,徐藝澐,K22*******,100000.00,0.00,現金,1121026,,,金錢,桃園市桃園區****,0983*****,,,,,,,,
56,鄭運鵬,113年立法委員選舉,首次申報,1121026,個人捐贈收入,洪憲勝,N10*******,100000.00,0.00,現金,1121026,,,金錢,桃園市八德區****,,,,,,,,,
57,鄭運鵬,113年立法委員選舉,首次申報,1121027,個人捐贈收入,陳志傑,,2900.00,0.00,現金,1121027,,,金錢,新竹市東區綠****,0921*****,,,,,,,,
58,鄭運鵬,113年立法委員選舉,首次申報,1121027,個人捐贈收入,陳信嘉,A12*******,100000.00,0.00,現金,1121027,,,金錢,台北市建國北****,0936*****,,,,,,,,
59,鄭運鵬,113年立法委員選舉,首次申報,1121030,個人捐贈收入,謝彥中,,20000.00,0.00,匯款,1121030,,,金錢,新北市鶯歌區****,02-2*****,,,,,,,,
60,鄭運鵬,113年立法委員選舉,首次申報,1121030,個人捐贈收入,嚴美秀,Q22*******,20000.00,0.00,匯款,1121030,,,金錢,新北市鶯歌區****,02-2*****,,,,,,,,
61,鄭運鵬,113年立法委員選舉,首次申報,1121031,個人捐贈收入,許恒瑞,F12*******,20000.00,0.00,匯款,1121031,,,金錢,新北市新莊區****,02-2*****,,,,,,,,
62,鄭運鵬,113年立法委員選舉,首次申報,1121101,個人捐贈收入,黃喬玉,,30000.00,0.00,現金,1121101,,,金錢,新北市樹林區****,0988*****,,,,,,,,
63,鄭運鵬,113年立法委員選舉,首次申報,1121101,營利事業捐贈收入,翔鐳企業有限公司,12471048,30000.00,0.00,現金,1121101,,,金錢,臺北市大同區****,02-2*****,,,,,,,,
64,鄭運鵬,113年立法委員選舉,首次申報,1121101,個人捐贈收入,黃明潭,A10*******,100000.00,0.00,現金,1121110,,,金錢,新北市板橋區****,,,,,,,,,
65,鄭運鵬,113年立法委員選舉,首次申報,1121101,個人捐贈收入,周育男,F12*******,30000.00,0.00,現金,1121101,,,金錢,桃園市龜山區****,,,,,,,,,
66,鄭運鵬,113年立法委員選舉,首次申報,1121101,個人捐贈收入,王贊舜,F12*******,50000.00,0.00,匯款,1121101,,,金錢,新北市永和區****,0975*****,,,,,,,,
67,鄭運鵬,113年立法委員選舉,首次申報,1121101,個人捐贈收入,詹前欽,H10*******,50000.00,0.00,現金,1121101,,,金錢,桃園市蘆竹區****,0933*****,,,,,,,,
68,鄭運鵬,113年立法委員選舉,首次申報,1121101,個人捐贈收入,許盛和,H12*******,30000.00,0.00,現金,1121101,,,金錢,桃園市龜山區****,,,,,,,,,
69,鄭運鵬,113年立法委員選舉,首次申報,1121101,個人捐贈收入,劉佳穎,H22*******,100000.00,0.00,現金,1121101,,,金錢,桃園市中壢區****,,,,,,,,,
70,鄭運鵬,113年立法委員選舉,首次申報,1121101,個人捐贈收入,賴麗美,N20*******,100000.00,0.00,現金,1121110,,,金錢,新北市板橋區****,,,,,,,,,
71,鄭運鵬,113年立法委員選舉,首次申報,1121103,個人捐贈收入,陳茵琪,F22*******,20000.00,0.00,匯款,1121103,,,金錢,桃園市桃園區****,0933*****,,,,,,,,
72,鄭運鵬,113年立法委員選舉,首次申報,1121110,個人捐贈收入,杜李威,,30000.00,0.00,匯款,1121110,,,金錢,台北市中山區****,0918*****,,,,,,,,
73,鄭運鵬,113年立法委員選舉,首次申報,1121110,個人捐贈收入,黃啟芳,F12*******,100000.00,0.00,現金,1121110,,,金錢,新北市板橋區****,,,,,,,,,
74,鄭運鵬,113年立法委員選舉,首次申報,1121110,個人捐贈收入,黃峯信,F12*******,100000.00,0.00,現金,1121110,,,金錢,新北市板橋區****,,,,,,,,,
75,鄭運鵬,113年立法委員選舉,首次申報,1121110,個人捐贈收入,黃盈菁,F22*******,100000.00,0.00,現金,1121110,,,金錢,新北市板橋區****,,,,,,,,,
76,鄭運鵬,113年立法委員選舉,首次申報,1121110,個人捐贈收入,賴忠修,N10*******,100000.00,0.00,現金,1121110,,,金錢,新北市板橋區****,,,,,,,,,
77,鄭運鵬,113年立法委員選舉,首次申報,1121115,人民團體捐贈收入,社團法人臺灣省會計師公會,,100000.00,0.00,票據,1121116,,,金錢,臺北市中正區****,02-2*****,,,,,,,,
78,鄭運鵬,113年立法委員選舉,首次申報,1121115,個人捐贈收入,張漢威,,3000.00,0.00,匯款,1121115,,,金錢,桃園市桃園區****,0938*****,,,,,,,,
79,鄭運鵬,113年立法委員選舉,首次申報,1121115,營利事業捐贈收入,民享工業股份有限公司,43716933,100000.00,0.00,匯款,1121115,,,金錢,桃園市新屋區****,02-2*****,,,,,,,,
80,鄭運鵬,113年立法委員選舉,首次申報,1121121,個人捐贈收入,蔡忠文,,10000.00,0.00,匯款,1121121,,,金錢,桃園市蘆竹區****,0922*****,,,,,,,,
81,鄭運鵬,113年立法委員選舉,首次申報,1121122,個人捐贈收入,盧瑞典,,9999.00,0.00,匯款,1121122,,,金錢,桃園市蘆竹區****,0932*****,,,,,,,,
82,鄭運鵬,113年立法委員選舉,首次申報,1121123,個人捐贈收入,陳銘堯,A10*******,50000.00,0.00,現金,1121123,,,金錢,台北市內湖區****,,,,,,,,,
83,鄭運鵬,113年立法委員選舉,首次申報,1121123,個人捐贈收入,彭學狄,J12*******,30000.00,0.00,匯款,1121123,,,金錢,桃園市龜山區****,,,,,,,,,
84,鄭運鵬,113年立法委員選舉,首次申報,1121124,營利事業捐贈收入,保馳股份有限公司,42839937,50000.00,0.00,匯款,1121124,已返還,,金錢,臺北市大安區****,,,,,,,,,
85,鄭運鵬,113年立法委員選舉,首次申報,1121127,個人捐贈收入,黃文彬,F12*******,50000.00,0.00,匯款,1121127,,,金錢,桃園市平鎮區****,,,,,,,,,
86,鄭運鵬,113年立法委員選舉,首次申報,1121127,個人捐贈收入,黃少東,F12*******,50000.00,0.00,匯款,1121127,,,金錢,桃園市平鎮區****,,,,,,,,,
87,鄭運鵬,113年立法委員選舉,首次申報,1121129,匿名捐贈,匿名,,1450.00,0.00,現金,1121129,,,金錢,,,,,,,,,,
88,鄭運鵬,113年立法委員選舉,首次申報,1121130,個人捐贈收入,李森彬,H10*******,100000.00,0.00,現金,1121130,,,金錢,桃園市桃園區****,0921*****,,,,,,,,
89,鄭運鵬,113年立法委員選舉,首次申報,1121130,個人捐贈收入,趙曉芬,H22*******,100000.00,0.00,現金,1121130,,,金錢,桃園市八德區****,,,,,,,,,
90,鄭運鵬,113年立法委員選舉,首次申報,1121201,個人捐贈收入,蘇明遠,H12*******,50000.00,0.00,現金,1121213,,,金錢,桃園市龜山區****,0932*****,,,,,,,,
91,鄭運鵬,113年立法委員選舉,首次申報,1121201,個人捐贈收入,黃金良,J10*******,50000.00,0.00,現金,1121213,,,金錢,桃園市八德區****,0910*****,,,,,,,,
92,鄭運鵬,113年立法委員選舉,首次申報,1121202,匿名捐贈,匿名,,1450.00,0.00,現金,1121202,,,金錢,,,,,,,,,,
93,鄭運鵬,113年立法委員選舉,首次申報,1121202,營利事業捐贈收入,禾祥投資股份有限公司,54221509,1000000.00,0.00,票據,1121205,,,金錢,台中市西屯區****,04-2*****,,,,,,,,
94,鄭運鵬,113年立法委員選舉,首次申報,1121202,營利事業捐贈收入,兆皇投資股份有限公司,54229039,1000000.00,0.00,票據,1121205,,,金錢,台中市西屯區****,04-2*****,,,,,,,,
95,鄭運鵬,113年立法委員選舉,首次申報,1121202,個人捐贈收入,陳國隆,H12*******,100000.00,0.00,現金,1121213,,,金錢,桃園市龜山區****,,,,,,,,,
96,鄭運鵬,113年立法委員選舉,首次申報,1121202,個人捐贈收入,吳月霞,H22*******,100000.00,0.00,現金,1121213,,,金錢,桃園市龜山區****,,,,,,,,,
97,鄭運鵬,113年立法委員選舉,首次申報,1121204,個人捐贈收入,林桂金,H22*******,20000.00,0.00,匯款,1121204,,,金錢,桃園市桃園區****,,,,,,,,,
98,鄭運鵬,113年立法委員選舉,首次申報,1121205,個人捐贈收入,陳新傳,H10*******,10000.00,0.00,現金,1121213,,,金錢,桃園市龜山區****,0910*****,,,,,,,,
99,鄭運鵬,113年立法委員選舉,首次申報,1121206,營利事業捐贈收入,達成製模有限公司,22062015,200000.00,0.00,票據,1121214,,,金錢,桃園市蘆竹區****,03-3*****,,,,,,,,
100,鄭運鵬,113年立法委員選舉,首次申報,1121206,個人捐贈收入,潘榮茂,H10*******,100000.00,0.00,票據,1121206,,,金錢,桃園市桃園區****,0910*****,,,,,,,,
101,鄭運鵬,113年立法委員選舉,首次申報,1121207,個人捐贈收入,陳科瑋,A12*******,30000.00,0.00,匯款,1121207,,,金錢,台北市大同區****,0933*****,,,,,,,,
102,鄭運鵬,113年立法委員選舉,首次申報,1121207,個人捐贈收入,施俊雄,N10*******,50000.00,0.00,匯款,1121207,,,金錢,台北市文山區****,0972*****,,,,,,,,
103,鄭運鵬,113年立法委員選舉,首次申報,1121208,匿名捐贈,匿名,,5000.00,0.00,現金,1121208,,,金錢,,,,,,,,,,
104,鄭運鵬,113年立法委員選舉,首次申報,1121208,匿名捐贈,匿名,,3000.00,0.00,現金,1121208,,,金錢,,,,,,,,,,
105,鄭運鵬,113年立法委員選舉,首次申報,1121208,匿名捐贈,匿名,,2000.00,0.00,現金,1121208,,,金錢,,,,,,,,,,
106,鄭運鵬,113年立法委員選舉,首次申報,1121208,個人捐贈收入,張建鴻,H12*******,100000.00,0.00,現金,1121208,,,金錢,桃園市龍潭區****,,,,,,,,,
107,鄭運鵬,113年立法委員選舉,首次申報,1121208,個人捐贈收入,朱秋龍,R12*******,100000.00,0.00,現金,1121208,,,金錢,桃園市桃園區****,,,,,,,,,
108,鄭運鵬,113年立法委員選舉,首次申報,1121210,個人捐贈收入,陳燕菁,C22*******,50000.00,0.00,匯款,1121210,,,金錢,台北市松山區****,,,,,,,,,
109,鄭運鵬,113年立法委員選舉,首次申報,1121211,個人捐贈收入,羅玲玉,E20*******,6000.00,0.00,匯款,1121211,,,金錢,桃園市桃園區****,03-3*****,,,,,,,,
110,鄭運鵬,113年立法委員選舉,首次申報,1121211,個人捐贈收入,王勢勛,F12*******,30000.00,0.00,現金,1121213,,,金錢,新北市林口區****,0938*****,,,,,,,,
111,鄭運鵬,113年立法委員選舉,首次申報,1121212,營利事業捐贈收入,嘉富營造有限公司,16481790,200000.00,0.00,匯款,1121212,,,金錢,桃園市桃園區****,,,,,,,,,
112,鄭運鵬,113年立法委員選舉,首次申報,1121212,營利事業捐贈收入,宬翌營造工程股份有限公司,22228986,100000.00,0.00,現金,1121218,,,金錢,桃園市平鎮區****,03-4*****,,,,,,,,
113,鄭運鵬,113年立法委員選舉,首次申報,1121212,營利事業捐贈收入,莘宸股份有限公司,69538884,100000.00,0.00,現金,1121218,,,金錢,桃園市平鎮區****,03-4*****,,,,,,,,
114,鄭運鵬,113年立法委員選舉,首次申報,1121212,個人捐贈收入,許傳富,H12*******,1000.00,0.00,現金,1121218,,,金錢,桃園市龜山區****,0935*****,,,,,,,,
115,鄭運鵬,113年立法委員選舉,首次申報,1121213,人民團體捐贈收入,中華民國全國營造業工地主任公會,,100000.00,0.00,現金,1121213,,,金錢,臺北市中山區****,02-2*****,,,,,,,,
116,鄭運鵬,113年立法委員選舉,首次申報,1121213,個人捐贈收入,卓賀佃,,10000.00,0.00,現金,1121213,,,金錢,桃園市龜山區****,03-3*****,,,,,,,,
117,鄭運鵬,113年立法委員選舉,首次申報,1121213,個人捐贈收入,李三富,,3000.00,0.00,現金,1121213,,,金錢,桃園市桃園區****,0958*****,,,,,,,,
118,鄭運鵬,113年立法委員選舉,首次申報,1121213,營利事業捐贈收入,鈞悠股份有限公司,50906439,100000.00,0.00,現金,1121213,,,金錢,桃園市中壢區****,03-4*****,,,,,,,,
119,鄭運鵬,113年立法委員選舉,首次申報,1121213,營利事業捐贈收入,晟宏投資有限公司,54927246,50000.00,0.00,現金,1121213,已返還,,金錢,桃園市桃園區****,,,,,,,,,
120,鄭運鵬,113年立法委員選舉,首次申報,1121213,個人捐贈收入,張簡旻倫,A22*******,37000.00,0.00,現金,1121213,,,金錢,桃園市桃園區****,,,,,,,,,
121,鄭運鵬,113年立法委員選舉,首次申報,1121213,個人捐贈收入,范國華,H12*******,60000.00,0.00,現金,1121213,,,金錢,桃園市龍潭區****,0958*****,,,,,,,,
122,鄭運鵬,113年立法委員選舉,首次申報,1121213,個人捐贈收入,陳瑞昇,H12*******,100000.00,0.00,現金,1121213,,,金錢,桃園市蘆竹區****,0933*****,,,,,,,,
123,鄭運鵬,113年立法委員選舉,首次申報,1121213,個人捐贈收入,趙國彥,K10*******,100000.00,0.00,現金,1121213,,,金錢,桃園市智海二****,,,,,,,,,
124,鄭運鵬,113年立法委員選舉,首次申報,1121215,營利事業捐贈收入,無限映像製作有限公司,12661954,150000.00,0.00,匯款,1121215,,,金錢,新北市汐止區****,02-2*****,,,,,,,,
125,鄭運鵬,113年立法委員選舉,首次申報,1121216,個人捐贈收入,官金龍,Q10*******,10000.00,0.00,現金,1121218,,,金錢,桃園市桃園區****,0918*****,,,,,,,,
126,鄭運鵬,113年立法委員選舉,首次申報,1121217,個人捐贈收入,朱澤民,R10*******,20000.00,0.00,匯款,1121217,,,金錢,台北市大安區****,02-3*****,,,,,,,,
127,鄭運鵬,113年立法委員選舉,首次申報,1121218,個人捐贈收入,莊金川,,6000.00,0.00,現金,1121218,,,金錢,桃園市蘆竹區****,,,,,,,,,
128,鄭運鵬,113年立法委員選舉,首次申報,1121218,營利事業捐贈收入,鈞悠股份有限公司,50906439,100000.00,0.00,現金,1121218,,,金錢,桃園市中壢區****,03-4*****,,,,,,,,
129,鄭運鵬,113年立法委員選舉,首次申報,1121218,營利事業捐贈收入,巴斯威爾股份有限公司,80290332,100000.00,0.00,現金,1121218,,,金錢,桃園市蘆竹區****,03-3*****,,,,,,,,
130,鄭運鵬,113年立法委員選舉,首次申報,1121218,個人捐贈收入,余斌全,A12*******,30000.00,0.00,現金,1121218,,,金錢,桃園市桃園區****,0936*****,,,,,,,,
131,鄭運鵬,113年立法委員選舉,首次申報,1121218,個人捐贈收入,江溪河,F10*******,20000.00,0.00,現金,1121218,,,金錢,新北市板橋區****,0916*****,,,,,,,,
132,鄭運鵬,113年立法委員選舉,首次申報,1121218,個人捐贈收入,林家弘,P12*******,100000.00,0.00,現金,1121218,,,金錢,台北市貴陽街****,,,,,,,,,
133,鄭運鵬,113年立法委員選舉,首次申報,1121218,個人捐贈收入,林怡君,P22*******,100000.00,0.00,現金,1121218,,,金錢,台北市新生南****,,,,,,,,,
134,鄭運鵬,113年立法委員選舉,首次申報,1121218,個人捐贈收入,詹繡穗,R20*******,10000.00,0.00,現金,1121218,,,金錢,桃園市龜山區****,0937*****,,,,,,,,
135,鄭運鵬,113年立法委員選舉,首次申報,1121219,匿名捐贈,匿名,,6600.00,0.00,現金,1121219,,,金錢,,,,,,,,,,
136,鄭運鵬,113年立法委員選舉,首次申報,1121219,個人捐贈收入,簡浩程,F12*******,100000.00,0.00,現金,1121222,,,金錢,桃園市桃園區****,0988*****,,,,,,,,
137,鄭運鵬,113年立法委員選舉,首次申報,1121219,個人捐贈收入,戴阿全,H10*******,50000.00,0.00,現金,1121222,,,金錢,桃園市龜山區****,0987*****,,,,,,,,
138,鄭運鵬,113年立法委員選舉,首次申報,1121220,個人捐贈收入,黃振彬,B10*******,2000.00,0.00,匯款,1121220,,,金錢,台中市北屯區****,0910*****,,,,,,,,
139,鄭運鵬,113年立法委員選舉,首次申報,1121220,個人捐贈收入,林錦惠,N10*******,30000.00,0.00,現金,1121222,,,金錢,台北市長春路****,02-2*****,,,,,,,,
140,鄭運鵬,113年立法委員選舉,首次申報,1121221,匿名捐贈,匿名,,3000.00,0.00,匯款,1121221,,,金錢,,,,,,,,,,
141,鄭運鵬,113年立法委員選舉,首次申報,1121221,其他收入,利息收入,,1115.00,0.00,匯款,1121221,,,金錢,,,,,,,,,,
142,鄭運鵬,113年立法委員選舉,首次申報,1121221,個人捐贈收入,黃碧芳,H22*******,50000.00,0.00,匯款,1121221,,,金錢,桃園市桃園區****,0963*****,,,,,,,,
143,鄭運鵬,113年立法委員選舉,首次申報,1121222,營利事業捐贈收入,頂福有限公司,16200763,30000.00,0.00,匯款,1121222,已返還,,金錢,桃園市桃園區****,03-3*****,,,,,,,,
144,鄭運鵬,113年立法委員選舉,首次申報,1121222,個人捐贈收入,簡征潭,H12*******,20000.00,0.00,現金,1121222,,,金錢,桃園市桃園區****,03-3*****,,,,,,,,
145,鄭運鵬,113年立法委員選舉,首次申報,1121225,個人捐贈收入,許詠齊,H12*******,100000.00,0.00,現金,1130102,,,金錢,桃園市桃園區****,,,,,,,,,
146,鄭運鵬,113年立法委員選舉,首次申報,1121225,個人捐贈收入,許金華,H12*******,100000.00,0.00,現金,1130102,,,金錢,桃園市桃園區****,,,,,,,,,
147,鄭運鵬,113年立法委員選舉,首次申報,1121227,匿名捐贈,匿名,,2000.00,0.00,匯款,1121227,,,金錢,,,,,,,,,,
148,鄭運鵬,113年立法委員選舉,首次申報,1121227,匿名捐贈,匿名,,2000.00,0.00,匯款,1121227,,,金錢,,,,,,,,,,
149,鄭運鵬,113年立法委員選舉,首次申報,1121227,個人捐贈收入,呂理聰,H12*******,20000.00,0.00,現金,1121227,,,金錢,桃園市蘆竹區****,0926*****,,,,,,,,
150,鄭運鵬,113年立法委員選舉,首次申報,1121227,個人捐贈收入,林晋祿,H12*******,10000.00,0.00,現金,1121227,,,金錢,桃園市蘆竹區****,0917*****,,,,,,,,
151,鄭運鵬,113年立法委員選舉,首次申報,1121227,個人捐贈收入,張献祥,P10*******,100000.00,0.00,現金,1121227,,,金錢,桃園市龜山區****,0932*****,,,,,,,,
152,鄭運鵬,113年立法委員選舉,首次申報,1121229,個人捐贈收入,邱女芳,G22*******,100000.00,0.00,現金,1130102,,,金錢,台北市大安區****,,,,,,,,,
153,鄭運鵬,113年立法委員選舉,首次申報,1121229,個人捐贈收入,藍月嬌,H20*******,100000.00,0.00,現金,1130102,,,金錢,新北市三重區****,0910*****,,,,,,,,
154,鄭運鵬,113年立法委員選舉,首次申報,1121229,個人捐贈收入,李玉惠,H22*******,100000.00,0.00,現金,1130102,,,金錢,桃園市桃園區****,0938*****,,,,,,,,
155,鄭運鵬,113年立法委員選舉,首次申報,1121229,個人捐贈收入,黃瑞長,P12*******,100000.00,0.00,現金,1130102,,,金錢,新北市中和區****,,,,,,,,,
156,鄭運鵬,113年立法委員選舉,首次申報,1121229,個人捐贈收入,劉美惠,P20*******,100000.00,0.00,現金,1130102,,,金錢,台北市錦洲街****,,,,,,,,,
157,鄭運鵬,113年立法委員選舉,首次申報,1121229,個人捐贈收入,黃淑鈺,P22*******,100000.00,0.00,現金,1130102,,,金錢,新北市新店區****,,,,,,,,,
158,鄭運鵬,113年立法委員選舉,首次申報,1121229,個人捐贈收入,林良助,Q10*******,100000.00,0.00,現金,1130102,,,金錢,台北市錦洲街****,,,,,,,,,
159,鄭運鵬,113年立法委員選舉,首次申報,1121230,個人捐贈收入,蔣愛愛,H22*******,100000.00,0.00,現金,1130102,,,金錢,桃園市中壢區****,,,,,,,,,
160,鄭運鵬,113年立法委員選舉,首次申報,1121231,個人捐贈收入,陳俊仁,,5000.00,0.00,現金,1130109,,,金錢,桃園市蘆竹區****,,,,,,,,,
161,鄭運鵬,113年立法委員選舉,首次申報,1121231,個人捐贈收入,曾文育,H10*******,50000.00,0.00,現金,1130109,,,金錢,桃園市蘆竹區****,,,,,,,,,
162,鄭運鵬,113年立法委員選舉,首次申報,1121231,個人捐贈收入,陳偉仁,H12*******,10000.00,0.00,現金,1130109,,,金錢,桃園市桃園區****,0938*****,,,,,,,,
163,鄭運鵬,113年立法委員選舉,首次申報,1121231,個人捐贈收入,徐得昌,H12*******,3000.00,0.00,現金,1130109,,,金錢,桃園市蘆竹區****,,,,,,,,,
164,鄭運鵬,113年立法委員選舉,首次申報,1121231,個人捐贈收入,童聯志,H12*******,100000.00,0.00,現金,1130109,,,金錢,桃園市蘆竹區****,,,,,,,,,
165,鄭運鵬,113年立法委員選舉,首次申報,1130101,個人捐贈收入,陳麗妃,E22*******,500.00,0.00,匯款,1130101,,,金錢,桃園市桃園區****,,,,,,,,,
166,鄭運鵬,113年立法委員選舉,首次申報,1130102,個人捐贈收入,郭必偉,A12*******,20000.00,0.00,匯款,1130102,,,金錢,台北市大安區****,0952*****,,,,,,,,
167,鄭運鵬,113年立法委員選舉,首次申報,1130103,人民團體捐贈收入,社團法人中華民國會計師公會全國聯合會,,100000.00,0.00,票據,1130103,,,金錢,臺北市中正區****,02-2*****,,,,,,,,
168,鄭運鵬,113年立法委員選舉,首次申報,1130103,匿名捐贈,匿名,,1000.00,0.00,匯款,1130103,,,金錢,,,,,,,,,,
169,鄭運鵬,113年立法委員選舉,首次申報,1130107,匿名捐贈,匿名,,2000.00,0.00,現金,1130107,,,金錢,,,,,,,,,,
170,鄭運鵬,113年立法委員選舉,首次申報,1130108,個人捐贈收入,鄭崇清,H10*******,100000.00,0.00,匯款,1130108,,,金錢,桃園市桃園區****,03-3*****,,,,,,,,
171,鄭運鵬,113年立法委員選舉,首次申報,1130108,個人捐贈收入,鄭皓文,H12*******,100000.00,0.00,匯款,1130108,,,金錢,桃園市桃園區****,03-3*****,,,,,,,,
172,鄭運鵬,113年立法委員選舉,首次申報,1130108,個人捐贈收入,邱志揚,H12*******,100000.00,0.00,票據,1130111,,,金錢,桃園市桃園區****,0937*****,,,,,,,,
173,鄭運鵬,113年立法委員選舉,首次申報,1130109,匿名捐贈,匿名,,5000.00,0.00,現金,1130109,,,金錢,,,,,,,,,,
174,鄭運鵬,113年立法委員選舉,首次申報,1130112,個人捐贈收入,何碧雲,N20*******,5000.00,0.00,匯款,1130112,,,金錢,台北市信義區****,0952*****,,,,,,,,
