﻿序號,擬參選人／政黨,選舉名稱,申報序號／年度,交易日期,收支科目,捐贈者／支出對象,身分證／統一編號,收入金額,支出金額,支出用途,金錢類,地址,聯絡電話,資料更正日期
1,陳志峰,107年直轄市議員選舉,首次申報,1070721,個人捐贈收入,劉永清,,2000.00,0.00,,金錢,臺中市新社區****,0961*****,
2,陳志峰,107年直轄市議員選舉,首次申報,1070829,個人捐贈收入,楊澤民,,10000.00,0.00,,金錢,臺南市安南區****,0932*****,
3,陳志峰,107年直轄市議員選舉,首次申報,1070829,個人捐贈收入,包國興,,10000.00,0.00,,金錢,臺南市北區西****,0933*****,
4,陳志峰,107年直轄市議員選舉,首次申報,1070830,個人捐贈收入,林勝榮,,10000.00,0.00,,金錢,臺南市北區西****,06-2*****,
5,陳志峰,107年直轄市議員選舉,首次申報,1070921,個人捐贈收入,廖樹芳,,10000.00,0.00,,金錢,雲林縣西螺鎮****,0915*****,
6,陳志峰,107年直轄市議員選舉,首次申報,1070921,個人捐贈收入,廖智美,T22*******,31560.00,0.00,,金錢,高雄市鼓山區****,0976*****,
