﻿序號,擬參選人／政黨,選舉名稱,申報序號／年度,交易日期,收支科目,捐贈者／支出對象,身分證／統一編號,收入金額,支出金額,捐贈方式,存入專戶日期,返還/繳庫,支出用途,金錢類,地址,聯絡電話,應揭露之支出對象,支出對象之內部人員姓名,支出對象之內部人員職稱,政黨之內部人員姓名,政黨之內部人員職稱,關係,更正註記,資料更正日期
1,張斯綱,113年立法委員選舉,首次申報,1120529,個人捐贈收入,曾志峰,F12*******,10000.00,0.00,匯款,1120605,,,金錢,臺北市中正區****,0922*****,,,,,,,,
2,張斯綱,113年立法委員選舉,首次申報,1120530,個人捐贈收入,蔣翔宇,J12*******,100000.00,0.00,匯款,1120605,,,金錢,臺北市松山區****,0933*****,,,,,,,,
3,張斯綱,113年立法委員選舉,首次申報,1120530,個人捐贈收入,張維宸,T12*******,100000.00,0.00,匯款,1120530,,,金錢,臺北市中山區****,02-2*****,,,,,,,,
4,張斯綱,113年立法委員選舉,首次申報,1120530,個人捐贈收入,李伯寧,T22*******,20000.00,0.00,匯款,1120605,,,金錢,屏東縣屏東市****,0937*****,,,,,,,,
5,張斯綱,113年立法委員選舉,首次申報,1120531,匿名捐贈,匿名,,200.00,0.00,匯款,1120531,,,金錢,,,,,,,,,,
6,張斯綱,113年立法委員選舉,首次申報,1120531,個人捐贈收入,王雪英,T22*******,10000.00,0.00,匯款,1120609,,,金錢,臺北市北投區****,0922*****,,,,,,,,
7,張斯綱,113年立法委員選舉,首次申報,1120601,個人捐贈收入,劉柏辰,A12*******,100000.00,0.00,匯款,1120609,,,金錢,臺北市士林區****,0961*****,,,,,,,,
8,張斯綱,113年立法委員選舉,首次申報,1120601,個人捐贈收入,吳青珮,A22*******,100.00,0.00,匯款,1120609,,,金錢,臺北市士林區****,0912*****,,,,,,,,
9,張斯綱,113年立法委員選舉,首次申報,1120602,個人捐贈收入,劉名羚,E29*******,50000.00,0.00,匯款,1120602,,,金錢,高雄市苓雅區****,0931*****,,,,,,,,
10,張斯綱,113年立法委員選舉,首次申報,1120602,個人捐贈收入,劉名羚,E29*******,50000.00,0.00,匯款,1120602,,,金錢,高雄市苓雅區****,0931*****,,,,,,,,
11,張斯綱,113年立法委員選舉,首次申報,1120605,個人捐贈收入,蔣德豪,F12*******,100000.00,0.00,匯款,1120609,,,金錢,臺北市士林區****,0928*****,,,,,,,,
12,張斯綱,113年立法委員選舉,首次申報,1120616,個人捐贈收入,吳青珮,A22*******,1000.00,0.00,匯款,1120621,,,金錢,臺北市士林區****,0912*****,,,,,,,,
13,張斯綱,113年立法委員選舉,首次申報,1120621,其他收入,利息收入,,76.00,0.00,匯款,1120621,,,金錢,,,,,,,,,,
14,張斯綱,113年立法委員選舉,首次申報,1120626,營利事業捐贈收入,璞煦廣告股份有限公司,28189187,500000.00,0.00,匯款,1120626,,,金錢,臺北市內湖區****,0920*****,,,,,,,,
15,張斯綱,113年立法委員選舉,首次申報,1120626,營利事業捐贈收入,樸園廣告股份有限公司,28191661,500000.00,0.00,匯款,1120626,,,金錢,臺北市內湖區****,0920*****,,,,,,,,
16,張斯綱,113年立法委員選舉,首次申報,1120626,營利事業捐贈收入,樸群廣告股份有限公司,28676047,500000.00,0.00,匯款,1120626,,,金錢,臺北市內湖區****,0920*****,,,,,,,,
17,張斯綱,113年立法委員選舉,首次申報,1120626,營利事業捐贈收入,璞全廣告股份有限公司,80172588,500000.00,0.00,匯款,1120626,,,金錢,臺北市內湖區****,0920*****,,,,,,,,
18,張斯綱,113年立法委員選舉,首次申報,1120629,個人捐贈收入,施傑耀,E12*******,6000.00,0.00,匯款,1120629,,,金錢,臺北市北投區****,0937*****,,,,,,,,
19,張斯綱,113年立法委員選舉,首次申報,1120704,匿名捐贈,匿名,,1000.00,0.00,匯款,1120704,,,金錢,,,,,,,,,,
20,張斯綱,113年立法委員選舉,首次申報,1120704,個人捐贈收入,蔡佑承,A12*******,200.00,0.00,匯款,1120707,,,金錢,臺中市龍井區****,,,,,,,,,
21,張斯綱,113年立法委員選舉,首次申報,1120713,個人捐贈收入,張良宇,Q12*******,500.00,0.00,匯款,1120721,,,金錢,嘉義縣水上鄉****,0929*****,,,,,,,,
22,張斯綱,113年立法委員選舉,首次申報,1120714,個人捐贈收入,余祐彥,F12*******,1000.00,0.00,匯款,1120721,,,金錢,新北市板橋區****,0958*****,,,,,,,,
23,張斯綱,113年立法委員選舉,首次申報,1120719,個人捐贈收入,蔡國賢,F12*******,100000.00,0.00,匯款,1120719,,,金錢,臺北市北投區****,02-2*****,,,,,,,,
24,張斯綱,113年立法委員選舉,首次申報,1120719,個人捐贈收入,簡惠娟,F22*******,100000.00,0.00,匯款,1120719,,,金錢,臺北市北投區****,02-2*****,,,,,,,,
25,張斯綱,113年立法委員選舉,首次申報,1120719,個人捐贈收入,賴美慧,N22*******,100000.00,0.00,匯款,1120719,,,金錢,臺北市北投區****,02-2*****,,,,,,,,
26,張斯綱,113年立法委員選舉,首次申報,1120726,營利事業捐贈收入,億鴻系統科技股份有限公司,28830463,20000.00,0.00,匯款,1120726,已返還,,金錢,臺北市內湖區****,0970*****,,,,,,,,
27,張斯綱,113年立法委員選舉,首次申報,1120801,營利事業捐贈收入,新潤興業股份有限公司,16318881,500000.00,0.00,匯款,1120801,,,金錢,臺北市松山區****,02-2*****,,,,,,,,
28,張斯綱,113年立法委員選舉,首次申報,1120802,個人捐贈收入,施琇瑜,A20*******,5000.00,0.00,匯款,1120811,,,金錢,臺北市士林區****,0933*****,,,,,,,,
29,張斯綱,113年立法委員選舉,首次申報,1120802,個人捐贈收入,呂昭美,T22*******,30000.00,0.00,匯款,1120811,,,金錢,新北市五股區****,0986*****,,,,,,,,
30,張斯綱,113年立法委員選舉,首次申報,1120808,個人捐贈收入,于煥中,B22*******,1000.00,0.00,匯款,1120811,,,金錢,臺北市內湖區****,0910*****,,,,,,,,
31,張斯綱,113年立法委員選舉,首次申報,1120815,個人捐贈收入,陳建廷,A12*******,20000.00,0.00,匯款,1120818,,,金錢,臺北市內湖區****,0921*****,,,,,,,,
32,張斯綱,113年立法委員選舉,首次申報,1120816,個人捐贈收入,楊禮朱,F22*******,30000.00,0.00,匯款,1120816,,,金錢,臺北市大安區****,0919*****,,,,,,,,
33,張斯綱,113年立法委員選舉,首次申報,1120817,匿名捐贈,匿名,,100.00,0.00,匯款,1120825,,,金錢,,,,,,,,,,
34,張斯綱,113年立法委員選舉,首次申報,1120822,個人捐贈收入,賴錫輝,Y10*******,2000.00,0.00,匯款,1120822,,,金錢,臺北市北投區****,0932*****,,,,,,,,
35,張斯綱,113年立法委員選舉,首次申報,1120823,營利事業捐贈收入,公信電子股份有限公司,20972349,100000.00,0.00,匯款,1120823,,,金錢,新北市汐止區****,02-2*****,,,,,,,,
36,張斯綱,113年立法委員選舉,首次申報,1120901,個人捐贈收入,余佳霖,Q22*******,100000.00,0.00,匯款,1120901,,,金錢,臺北市大安區****,0956*****,,,,,,,,
37,張斯綱,113年立法委員選舉,首次申報,1120902,個人捐贈收入,陳晴敏,N22*******,50000.00,0.00,匯款,1120908,,,金錢,桃園市中壢區****,0910*****,,,,,,,,
38,張斯綱,113年立法委員選舉,首次申報,1120904,營利事業捐贈收入,德源昌實業有限公司,55662876,50000.00,0.00,匯款,1120904,已返還,,金錢,臺北市中正區****,0936*****,,,,,,,,
39,張斯綱,113年立法委員選舉,首次申報,1120905,個人捐贈收入,劉達仁,A12*******,3000.00,0.00,匯款,1120908,,,金錢,臺北市大安區****,0981*****,,,,,,,,
40,張斯綱,113年立法委員選舉,首次申報,1120905,個人捐贈收入,梁鎮皓,B12*******,100000.00,0.00,匯款,1120905,,,金錢,新北市新莊區****,02-8*****,,,,,,,,
41,張斯綱,113年立法委員選舉,首次申報,1120905,個人捐贈收入,邱孟祺,P12*******,100000.00,0.00,匯款,1120905,,,金錢,新北市新莊區****,02-8*****,,,,,,,,
42,張斯綱,113年立法委員選舉,首次申報,1120906,營利事業捐贈收入,聯碩地產股份有限公司,54367692,100000.00,0.00,匯款,1120906,,,金錢,臺北市信義區****,02-2*****,,,,,,,,
43,張斯綱,113年立法委員選舉,首次申報,1120908,匿名捐贈,匿名,,100.00,0.00,匯款,1120908,,,金錢,,,,,,,,,,
44,張斯綱,113年立法委員選舉,首次申報,1120908,營利事業捐贈收入,海鉅開發股份有限公司,85129626,100000.00,0.00,匯款,1120908,,,金錢,臺北市松山區****,0910*****,,,,,,,,
45,張斯綱,113年立法委員選舉,首次申報,1120908,個人捐贈收入,游登傑,A12*******,100000.00,0.00,匯款,1120908,,,金錢,臺北市士林區****,0960*****,,,,,,,,
46,張斯綱,113年立法委員選舉,首次申報,1120908,個人捐贈收入,潘志建,A12*******,100000.00,0.00,匯款,1120908,,,金錢,臺北市松山區****,02-2*****,,,,,,,,
47,張斯綱,113年立法委員選舉,首次申報,1120911,營利事業捐贈收入,賦潤行銷股份有限公司,89172005,100000.00,0.00,匯款,1120911,,,金錢,臺北市大安區****,0918*****,,,,,,,,
48,張斯綱,113年立法委員選舉,首次申報,1120914,營利事業捐贈收入,達永建設股份有限公司,86853800,100000.00,0.00,匯款,1120914,,,金錢,臺北市內湖區****,0987*****,,,,,,,,
49,張斯綱,113年立法委員選舉,首次申報,1120914,個人捐贈收入,周怡,C12*******,3000.00,0.00,匯款,1120914,,,金錢,基隆市信義區****,0928*****,,,,,,,,
50,張斯綱,113年立法委員選舉,首次申報,1120918,營利事業捐贈收入,常德投資股份有限公司,96970638,500000.00,0.00,票據,1120918,,,金錢,臺北市士林區****,02-2*****,,,,,,,,
51,張斯綱,113年立法委員選舉,首次申報,1120920,個人捐贈收入,賴騰永,Q12*******,50000.00,0.00,匯款,1120920,,,金錢,新北市新莊區****,,,,,,,,,
52,張斯綱,113年立法委員選舉,首次申報,1120921,個人捐贈收入,吳林山,J10*******,20000.00,0.00,匯款,1120921,,,金錢,臺北市士林區****,0932*****,,,,,,,,
53,張斯綱,113年立法委員選舉,首次申報,1120921,個人捐贈收入,鄭國明,N12*******,3000.00,0.00,匯款,1120921,,,金錢,臺北市士林區****,0928*****,,,,,,,,
54,張斯綱,113年立法委員選舉,首次申報,1120922,營利事業捐贈收入,好漾廣告股份有限公司,28468012,100000.00,0.00,匯款,1120922,,,金錢,臺北市松山區****,02-8*****,,,,,,,,
55,張斯綱,113年立法委員選舉,首次申報,1120927,個人捐贈收入,許盛信,A10*******,100000.00,0.00,匯款,1120927,,,金錢,臺北市中正區****,0939*****,,,,,,,,
56,張斯綱,113年立法委員選舉,首次申報,1120927,政黨捐贈收入,中國國民黨,政黨證字第1號,300000.00,0.00,票據,1120927,,,金錢,台北市中山區****,(02)*****,,,,,,,,
57,張斯綱,113年立法委員選舉,首次申報,1121003,個人捐贈收入,林家緹,Y22*******,150.00,0.00,匯款,1121006,,,金錢,臺北市北投區****,0975*****,,,,,,,,
58,張斯綱,113年立法委員選舉,首次申報,1121012,人民團體捐贈收入,台北市廢棄物清除處理商業同業公會,,100000.00,0.00,匯款,1121012,,,金錢,臺北市北投區****,02-2*****,,,,,,,,
59,張斯綱,113年立法委員選舉,首次申報,1121016,個人捐贈收入,賴建郎,F12*******,100000.00,0.00,匯款,1121016,,,金錢,新北市新莊區****,,,,,,,,,
60,張斯綱,113年立法委員選舉,首次申報,1121024,個人捐贈收入,陳林玉成,A12*******,100000.00,0.00,匯款,1121024,,,金錢,臺北市士林區****,0933*****,,,,,,,,
61,張斯綱,113年立法委員選舉,首次申報,1121026,營利事業捐贈收入,富業實業股份有限公司,16865970,200000.00,0.00,票據,1121026,,,金錢,新北市三重區****,02-2*****,,,,,,,,
62,張斯綱,113年立法委員選舉,首次申報,1121026,營利事業捐贈收入,國原營造股份有限公司,33857130,200000.00,0.00,票據,1121026,,,金錢,新北市新莊區****,0925*****,,,,,,,,
63,張斯綱,113年立法委員選舉,首次申報,1121031,個人捐贈收入,王應涵,F12*******,50000.00,0.00,匯款,1121031,,,金錢,臺北市中正區****,0936*****,,,,,,,,
64,張斯綱,113年立法委員選舉,首次申報,1121101,個人捐贈收入,蔡宜真,A22*******,15000.00,0.00,匯款,1121101,,,金錢,臺北市大同區****,0989*****,,,,,,,,
65,張斯綱,113年立法委員選舉,首次申報,1121101,個人捐贈收入,詹李麗紅,M20*******,100000.00,0.00,匯款,1121101,,,金錢,臺北市中山區****,0912*****,,,,,,,,
66,張斯綱,113年立法委員選舉,首次申報,1121109,營利事業捐贈收入,黛比澍股份有限公司,53743332,60000.00,0.00,匯款,1121109,,,金錢,臺北市中正區****,02-2*****,,,,,,,,
67,張斯綱,113年立法委員選舉,首次申報,1121110,個人捐贈收入,黃旻華,,10000.00,0.00,匯款,1121110,,,金錢,臺北市大安區****,0963*****,,,,,,,,
68,張斯綱,113年立法委員選舉,首次申報,1121114,營利事業捐贈收入,甲桂林廣告股份有限公司,09401499,100000.00,0.00,票據,1121114,,,金錢,臺北市士林區****,0939*****,,,,,,,,
69,張斯綱,113年立法委員選舉,首次申報,1121114,個人捐贈收入,趙鎮泰,F12*******,100000.00,0.00,匯款,1121114,,,金錢,臺北市信義區****,0920*****,,,,,,,,
70,張斯綱,113年立法委員選舉,首次申報,1121114,個人捐贈收入,楊謙柔,L12*******,16888.00,0.00,匯款,1121114,,,金錢,新北市新店區****,0920*****,,,,,,,,
71,張斯綱,113年立法委員選舉,首次申報,1121120,個人捐贈收入,楊君珮,Y22*******,80.00,0.00,匯款,1121120,,,金錢,臺北市北投區****,02-2*****,,,,,,,,
72,張斯綱,113年立法委員選舉,首次申報,1121123,個人捐贈收入,周詩宜,B22*******,5000.00,0.00,匯款,1121201,,,金錢,臺北市士林區****,0921*****,,,,,,,,
73,張斯綱,113年立法委員選舉,首次申報,1121124,匿名捐贈,匿名,,2000.00,0.00,匯款,1121124,,,金錢,,,,,,,,,,
74,張斯綱,113年立法委員選舉,首次申報,1121124,個人捐贈收入,李心怡,E22*******,3000.00,0.00,匯款,1121201,,,金錢,高雄市苓雅區****,0929*****,,,,,,,,
75,張斯綱,113年立法委員選舉,首次申報,1121125,匿名捐贈,匿名,,2000.00,0.00,匯款,1121125,,,金錢,,,,,,,,,,
76,張斯綱,113年立法委員選舉,首次申報,1121128,匿名捐贈,匿名,,6000.00,0.00,匯款,1121128,,,金錢,,,,,,,,,,
77,張斯綱,113年立法委員選舉,首次申報,1121128,個人捐贈收入,張浩杰,A12*******,1000.00,0.00,匯款,1121201,,,金錢,臺北市北投區****,0952*****,,,,,,,,
78,張斯綱,113年立法委員選舉,首次申報,1121128,個人捐贈收入,張輝明,E10*******,6000.00,0.00,匯款,1121201,,,金錢,臺北市北投區****,0925*****,,,,,,,,
79,張斯綱,113年立法委員選舉,首次申報,1121129,個人捐贈收入,楊淑櫻,F20*******,10000.00,0.00,匯款,1121129,,,金錢,臺北市北投區****,0910*****,,,,,,,,
80,張斯綱,113年立法委員選舉,首次申報,1121129,個人捐贈收入,彭武明,H10*******,300.00,0.00,匯款,1121129,,,金錢,臺北市士林區****,0936*****,,,,,,,,
81,張斯綱,113年立法委員選舉,首次申報,1121129,個人捐贈收入,曹萬華,Q20*******,2000.00,0.00,匯款,1121208,,,金錢,臺北市士林區****,0939*****,,,,,,,,
82,張斯綱,113年立法委員選舉,首次申報,1121129,個人捐贈收入,林冠賢,Y12*******,5000.00,0.00,匯款,1121208,,,金錢,臺北市北投區****,0910*****,,,,,,,,
83,張斯綱,113年立法委員選舉,首次申報,1121203,個人捐贈收入,劉克泉,A12*******,100000.00,0.00,匯款,1121208,,,金錢,臺北市士林區****,0961*****,,,,,,,,
84,張斯綱,113年立法委員選舉,首次申報,1121204,匿名捐贈,匿名,,1000.00,0.00,匯款,1121208,,,金錢,,,,,,,,,,
85,張斯綱,113年立法委員選舉,首次申報,1121204,匿名捐贈,匿名,,2000.00,0.00,匯款,1121204,,,金錢,,,,,,,,,,
86,張斯綱,113年立法委員選舉,首次申報,1121204,營利事業捐贈收入,瑞金實業股份有限公司,23416347,300000.00,0.00,票據,1121204,,,金錢,臺北市松山區****,0930*****,,,,,,,,
87,張斯綱,113年立法委員選舉,首次申報,1121204,個人捐贈收入,張家銘,A12*******,5000.00,0.00,匯款,1121208,,,金錢,臺北市北投區****,0911*****,,,,,,,,
88,張斯綱,113年立法委員選舉,首次申報,1121204,個人捐贈收入,涂麗香,A20*******,10000.00,0.00,票據,1121204,,,金錢,臺北市士林區****,0932*****,,,,,,,,
89,張斯綱,113年立法委員選舉,首次申報,1121204,個人捐贈收入,林冠賢,Y12*******,30000.00,0.00,匯款,1121208,,,金錢,臺北市北投區****,0910*****,,,,,,,,
90,張斯綱,113年立法委員選舉,首次申報,1121206,個人捐贈收入,杜昭逸,A12*******,20000.00,0.00,匯款,1121215,,,金錢,臺北市北投區****,0983*****,,,,,,,,
91,張斯綱,113年立法委員選舉,首次申報,1121206,個人捐贈收入,陳柏廷,F12*******,1500.00,0.00,匯款,1121215,,,金錢,新北市新店區****,0919*****,,,,,,,,
92,張斯綱,113年立法委員選舉,首次申報,1121207,個人捐贈收入,簡秋花,H22*******,500.00,0.00,匯款,1121215,,,金錢,桃園市大溪區****,0936*****,,,,,,,,
93,張斯綱,113年立法委員選舉,首次申報,1121210,匿名捐贈,匿名,,1000.00,0.00,匯款,1121215,,,金錢,,,,,,,,,,
94,張斯綱,113年立法委員選舉,首次申報,1121211,匿名捐贈,匿名,,3000.00,0.00,匯款,1121215,,,金錢,,,,,,,,,,
95,張斯綱,113年立法委員選舉,首次申報,1121211,匿名捐贈,匿名,,200.00,0.00,匯款,1121211,,,金錢,,,,,,,,,,
96,張斯綱,113年立法委員選舉,首次申報,1121211,個人捐贈收入,王志鴻,A12*******,20000.00,0.00,匯款,1121215,,,金錢,臺北市文山區****,0935*****,,,,,,,,
97,張斯綱,113年立法委員選舉,首次申報,1121211,個人捐贈收入,陳右時,A12*******,10000.00,0.00,匯款,1121215,,,金錢,桃園市蘆竹區****,0921*****,,,,,,,,
98,張斯綱,113年立法委員選舉,首次申報,1121211,個人捐贈收入,徐瑞駿,A12*******,20000.00,0.00,匯款,1121215,,,金錢,臺北市大安區****,0939*****,,,,,,,,
99,張斯綱,113年立法委員選舉,首次申報,1121211,個人捐贈收入,張丞博,C12*******,3000.00,0.00,匯款,1121215,,,金錢,臺北市大安區****,0963*****,,,,,,,,
100,張斯綱,113年立法委員選舉,首次申報,1121211,個人捐贈收入,林俊儀,L12*******,20000.00,0.00,匯款,1121215,,,金錢,臺北市大安區****,0953*****,,,,,,,,
101,張斯綱,113年立法委員選舉,首次申報,1121214,個人捐贈收入,王愛惟,A23*******,10000.00,0.00,匯款,1121214,,,金錢,新北市蘆洲區****,0987*****,,,,,,,,
102,張斯綱,113年立法委員選舉,首次申報,1121214,個人捐贈收入,張良宇,Q12*******,500.00,0.00,匯款,1121222,,,金錢,嘉義縣水上鄉****,0929*****,,,,,,,,
103,張斯綱,113年立法委員選舉,首次申報,1121214,個人捐贈收入,陳冠安,T12*******,20000.00,0.00,匯款,1121214,,,金錢,屏東縣東港鎮****,0919*****,,,,,,,,
104,張斯綱,113年立法委員選舉,首次申報,1121215,個人捐贈收入,林慧隆,A12*******,600.00,0.00,匯款,1121222,,,金錢,臺北市士林區****,0935*****,,,,,,,,
105,張斯綱,113年立法委員選舉,首次申報,1121218,匿名捐贈,匿名,,3000.00,0.00,匯款,1121222,,,金錢,,,,,,,,,,
106,張斯綱,113年立法委員選舉,首次申報,1121218,個人捐贈收入,鄧復旦,F10*******,6000.00,0.00,匯款,1121222,,,金錢,臺北市士林區****,0933*****,,,,,,,,
107,張斯綱,113年立法委員選舉,首次申報,1121219,匿名捐贈,匿名,,10000.00,0.00,匯款,1121219,,,金錢,,,,,,,,,,
108,張斯綱,113年立法委員選舉,首次申報,1121219,個人捐贈收入,林信志,A12*******,6000.00,0.00,匯款,1121219,,,金錢,臺北市文山區****,0935*****,,,,,,,,
109,張斯綱,113年立法委員選舉,首次申報,1121219,個人捐贈收入,陳台中,B10*******,6000.00,0.00,匯款,1121219,,,金錢,臺中市西屯區****,0971*****,,,,,,,,
110,張斯綱,113年立法委員選舉,首次申報,1121221,其他收入,利息收入,,6562.00,0.00,匯款,1121221,,,金錢,,,,,,,,,,
111,張斯綱,113年立法委員選舉,首次申報,1121221,個人捐贈收入,陳靄美,A20*******,5000.00,0.00,匯款,1121221,,,金錢,臺北市士林區****,,,,,,,,,
112,張斯綱,113年立法委員選舉,首次申報,1121221,個人捐贈收入,黃吳珠妹,S20*******,1000.00,0.00,匯款,1121221,,,金錢,臺北市士林區****,0927*****,,,,,,,,
113,張斯綱,113年立法委員選舉,首次申報,1121221,個人捐贈收入,陳鳴,S20*******,6600.00,0.00,匯款,1121221,,,金錢,臺北市士林區****,02-2*****,,,,,,,,
114,張斯綱,113年立法委員選舉,首次申報,1121222,個人捐贈收入,林致安,F12*******,30000.00,0.00,匯款,1121222,,,金錢,臺北市北投區****,0988*****,,,,,,,,
115,張斯綱,113年立法委員選舉,首次申報,1121225,匿名捐贈,匿名,,5000.00,0.00,匯款,1121225,,,金錢,,,,,,,,,,
116,張斯綱,113年立法委員選舉,首次申報,1121225,個人捐贈收入,羅慶昌,H10*******,30000.00,0.00,匯款,1121225,,,金錢,臺北市北投區****,0975*****,,,,,,,,
117,張斯綱,113年立法委員選舉,首次申報,1121226,個人捐贈收入,吳瓊堯,A12*******,6000.00,0.00,匯款,1121229,,,金錢,臺北市士林區****,0932*****,,,,,,,,
118,張斯綱,113年立法委員選舉,首次申報,1121226,個人捐贈收入,羅健銘,G12*******,20000.00,0.00,匯款,1121229,,,金錢,臺北市士林區****,0922*****,,,,,,,,
119,張斯綱,113年立法委員選舉,首次申報,1121226,個人捐贈收入,劉世賢,R12*******,100000.00,0.00,匯款,1121226,,,金錢,臺北市北投區****,0910*****,,,,,,,,
120,張斯綱,113年立法委員選舉,首次申報,1121227,個人捐贈收入,范台珍,H20*******,3600.00,0.00,匯款,1121227,,,金錢,臺北市北投區****,0928*****,,,,,,,,
121,張斯綱,113年立法委員選舉,首次申報,1121229,個人捐贈收入,王愛惟,A23*******,20000.00,0.00,匯款,1121229,,,金錢,新北市蘆洲區****,0987*****,,,,,,,,
122,張斯綱,113年立法委員選舉,首次申報,1121229,個人捐贈收入,陳淑蓉,C22*******,3000.00,0.00,匯款,1130105,,,金錢,臺北市大安區****,0921*****,,,,,,,,
123,張斯綱,113年立法委員選舉,首次申報,1121229,個人捐贈收入,王德雯,F22*******,6000.00,0.00,匯款,1130105,,,金錢,臺北市士林區****,0927*****,,,,,,,,
124,張斯綱,113年立法委員選舉,首次申報,1121229,個人捐贈收入,許世峰,M12*******,100000.00,0.00,匯款,1121229,,,金錢,南投縣南投市****,0955*****,,,,,,,,
125,張斯綱,113年立法委員選舉,首次申報,1121229,個人捐贈收入,楊信雄,P10*******,10000.00,0.00,匯款,1121229,,,金錢,臺北市士林區****,0939*****,,,,,,,,
126,張斯綱,113年立法委員選舉,首次申報,1121230,個人捐贈收入,鄭雅文,A22*******,10000.00,0.00,匯款,1130105,,,金錢,桃園市龜山區****,0952*****,,,,,,,,
127,張斯綱,113年立法委員選舉,首次申報,1121230,個人捐贈收入,黃妙慧,G20*******,3000.00,0.00,匯款,1130105,,,金錢,臺北市士林區****,0935*****,,,,,,,,
128,張斯綱,113年立法委員選舉,首次申報,1130102,個人捐贈收入,朱業君,A22*******,10000.00,0.00,匯款,1130105,,,金錢,新北市汐止區****,0933*****,,,,,,,,
129,張斯綱,113年立法委員選舉,首次申報,1130104,個人捐贈收入,黃士榮,A12*******,10000.00,0.00,匯款,1130109,,,金錢,臺北市士林區****,0953*****,,,,,,,,
130,張斯綱,113年立法委員選舉,首次申報,1130104,個人捐贈收入,楊秀珍,A22*******,1300.00,0.00,匯款,1130109,,,金錢,臺北市內湖區****,0917*****,,,,,,,,
131,張斯綱,113年立法委員選舉,首次申報,1130104,個人捐贈收入,蔡宜真,A22*******,15000.00,0.00,匯款,1130104,,,金錢,臺北市大同區****,0989*****,,,,,,,,
132,張斯綱,113年立法委員選舉,首次申報,1130104,個人捐贈收入,詹李麗紅,M20*******,100000.00,0.00,匯款,1130104,,,金錢,臺北市中山區****,0912*****,,,,,,,,
133,張斯綱,113年立法委員選舉,首次申報,1130105,個人捐贈收入,陳美惠,M20*******,100000.00,0.00,匯款,1130105,,,金錢,臺北市中山區****,02-7*****,,,,,,,,
134,張斯綱,113年立法委員選舉,首次申報,1130105,個人捐贈收入,林郁方,S10*******,50000.00,0.00,匯款,1130105,,,金錢,臺北市大安區****,0932*****,,,,,,,,
135,張斯綱,113年立法委員選舉,首次申報,1130108,營利事業捐贈收入,虹展建設股份有限公司,53732877,200000.00,0.00,匯款,1130108,,,金錢,臺北市士林區****,02-2*****,,,,,,,,
136,張斯綱,113年立法委員選舉,首次申報,1130109,個人捐贈收入,林隆裕,A12*******,54260.00,0.00,匯款,1130109,,,金錢,臺北市士林區****,02-8*****,,,,,,,,
137,張斯綱,113年立法委員選舉,首次申報,1130109,個人捐贈收入,吳林山,J10*******,20000.00,0.00,匯款,1130109,,,金錢,臺北市士林區****,0932*****,,,,,,,,
138,張斯綱,113年立法委員選舉,首次申報,1130110,個人捐贈收入,李晉良,L12*******,100000.00,0.00,匯款,1130110,,,金錢,臺北市大安區****,0917*****,,,,,,,,
139,張斯綱,113年立法委員選舉,首次申報,1130111,個人捐贈收入,黃從龍,A12*******,90000.00,0.00,匯款,1130111,,,金錢,臺北市信義區****,0958*****,,,,,,,,
140,張斯綱,113年立法委員選舉,首次申報,1130111,個人捐贈收入,陳冠安,T12*******,50000.00,0.00,匯款,1130111,,,金錢,屏東縣東港鎮****,0919*****,,,,,,,,
141,張斯綱,113年立法委員選舉,首次申報,1130112,匿名捐贈,匿名,,500.00,0.00,匯款,1130112,,,金錢,,,,,,,,,,
142,張斯綱,113年立法委員選舉,首次申報,1130112,個人捐贈收入,簡提,,3000.00,0.00,匯款,1130112,,,金錢,臺北市北投區****,0932*****,,,,,,,,
143,張斯綱,113年立法委員選舉,首次申報,1130112,匿名捐贈,匿名,,1000.00,0.00,匯款,1130112,,,金錢,,,,,,,,,,
144,張斯綱,113年立法委員選舉,首次申報,1130112,個人捐贈收入,楊敬梨,,2000.00,0.00,匯款,1130112,,,金錢,臺北市北投區****,0928*****,,,,,,,,
145,張斯綱,113年立法委員選舉,首次申報,1130112,營利事業捐贈收入,宜展能源股份有限公司,83058230,20000.00,0.00,匯款,1130112,已繳庫,,金錢,臺北市松山區****,02-6*****,,,,,,,,
146,張斯綱,113年立法委員選舉,首次申報,1130112,個人捐贈收入,沈淑玲,F22*******,3002.00,0.00,匯款,1130112,,,金錢,臺北市北投區****,0936*****,,,,,,,,
147,張斯綱,113年立法委員選舉,首次申報,1130112,個人捐贈收入,趙志宣,Y12*******,10000.00,0.00,匯款,1130112,,,金錢,臺北市北投區****,0918*****,,,,,,,,
148,張斯綱,113年立法委員選舉,首次申報,1130112,個人捐贈收入,林金鳳,Y22*******,600.00,0.00,匯款,1130112,,,金錢,臺北市北投區****,0908*****,,,,,,,,
