﻿序號,擬參選人／政黨,選舉名稱,申報序號／年度,交易日期,收支科目,捐贈者／支出對象,身分證／統一編號,收入金額,支出金額,支出用途,金錢類,地址,聯絡電話,資料更正日期
1,楊鎮浯,107年縣(市)長選舉,首次申報,1070620,個人捐贈收入,吳朝宗,,20000.00,0.00,,金錢,臺南市東門路****,0911*****,
2,楊鎮浯,107年縣(市)長選舉,首次申報,1070620,個人捐贈收入,蘇惠瑛,,20000.00,0.00,,金錢,臺南市東門路****,0911*****,
3,楊鎮浯,107年縣(市)長選舉,首次申報,1070706,營利事業捐贈收入,牧金有限公司,24798792,500000.00,0.00,,金錢,金門縣金湖鎮****,,
4,楊鎮浯,107年縣(市)長選舉,首次申報,1070706,營利事業捐贈收入,良金實業有限公司,27939845,500000.00,0.00,,金錢,新湖里漁村號****,,
5,楊鎮浯,107年縣(市)長選舉,首次申報,1070712,匿名捐贈,匿名,,8888.00,0.00,,金錢,,,
6,楊鎮浯,107年縣(市)長選舉,首次申報,1070801,個人捐贈收入,楊肅元,W10*******,100000.00,0.00,,金錢,金門縣金城鎮****,,
7,楊鎮浯,107年縣(市)長選舉,首次申報,1070801,個人捐贈收入,薛承深,W10*******,100000.00,0.00,,金錢,金門縣金湖鎮****,,
8,楊鎮浯,107年縣(市)長選舉,首次申報,1070801,個人捐贈收入,黃玉如,W20*******,100000.00,0.00,,金錢,金門縣金湖鎮****,,
9,楊鎮浯,107年縣(市)長選舉,首次申報,1070801,個人捐贈收入,黃雅珊,W20*******,100000.00,0.00,,金錢,金門縣金湖鎮****,,
10,楊鎮浯,107年縣(市)長選舉,首次申報,1070801,個人捐贈收入,洪玉真,W20*******,100000.00,0.00,,金錢,金門縣金城鎮****,,
11,楊鎮浯,107年縣(市)長選舉,首次申報,1070816,個人捐贈收入,楊書銘,B12*******,100000.00,0.00,,金錢,臺中市南屯區****,0978*****,
12,楊鎮浯,107年縣(市)長選舉,首次申報,1070820,營利事業捐贈收入,敦宇文教事業有限公司,53152321,50000.00,0.00,,金錢,大墩四街號****,04-2*****,
13,楊鎮浯,107年縣(市)長選舉,首次申報,1070820,營利事業捐贈收入,建國管理顧問有限公司,80506038,20000.00,0.00,,金錢,臺北市大安區****,02-8*****,
14,楊鎮浯,107年縣(市)長選舉,首次申報,1070820,個人捐贈收入,黃敏羚,F22*******,100000.00,0.00,,金錢,新竹縣竹北市****,0918*****,
15,楊鎮浯,107年縣(市)長選舉,首次申報,1070820,個人捐贈收入,童麗碧,W20*******,100000.00,0.00,,金錢,新竹縣竹北市****,0935*****,
16,楊鎮浯,107年縣(市)長選舉,首次申報,1070821,營利事業捐贈收入,金廈國際事業股份有限公司,28998841,500000.00,0.00,,金錢,金門縣金城鎮****,082-*****,
17,楊鎮浯,107年縣(市)長選舉,首次申報,1070905,個人捐贈收入,盧起箴,A10*******,100000.00,0.00,,金錢,臺北市大安區****,0925*****,
18,楊鎮浯,107年縣(市)長選舉,首次申報,1070909,個人捐贈收入,廖慶霖,A12*******,5000.00,0.00,,金錢,臺中市西區向****,0923*****,
19,楊鎮浯,107年縣(市)長選舉,首次申報,1070914,營利事業捐贈收入,憲旺鋼鐵股份有限公司,76394089,300000.00,0.00,,金錢,高雄市鼓山區****,07-5*****,
20,楊鎮浯,107年縣(市)長選舉,首次申報,1070914,營利事業捐贈收入,中路鋼鐵股份有限公司,84319260,300000.00,0.00,,金錢,美術東路號****,07-5*****,
21,楊鎮浯,107年縣(市)長選舉,首次申報,1070914,個人捐贈收入,梁長傑,W10*******,30000.00,0.00,,金錢,金門縣金城鎮****,0928*****,
22,楊鎮浯,107年縣(市)長選舉,首次申報,1070921,個人捐贈收入,章毓鈞,A12*******,100000.00,0.00,,金錢,臺北市內湖區****,0958*****,
23,楊鎮浯,107年縣(市)長選舉,首次申報,1070925,匿名捐贈,陳冠霖,,2000.00,0.00,,金錢,,,
24,楊鎮浯,107年縣(市)長選舉,首次申報,1071001,個人捐贈收入,吳惠生,F12*******,100000.00,0.00,,金錢,臺北市士林區****,0915*****,
25,楊鎮浯,107年縣(市)長選舉,首次申報,1071002,個人捐贈收入,曹金平,,6600.00,0.00,,金錢,臺北市北投區****,0932*****,
26,楊鎮浯,107年縣(市)長選舉,首次申報,1071003,個人捐贈收入,呂學博,A11*******,100000.00,0.00,,金錢,臺北市內湖區****,02-2*****,
27,楊鎮浯,107年縣(市)長選舉,首次申報,1071005,個人捐贈收入,岳承凱,,28189.00,0.00,,金錢,臺北市信義區****,02-2*****,
28,楊鎮浯,107年縣(市)長選舉,首次申報,1071011,個人捐贈收入,許惠榮,E12*******,30000.00,0.00,,金錢,中正路八之一****,0922*****,
29,楊鎮浯,107年縣(市)長選舉,首次申報,1071015,個人捐贈收入,林宗慶,E12*******,10000.00,0.00,,金錢,臺北市中正區****,0916*****,
30,楊鎮浯,107年縣(市)長選舉,首次申報,1071018,營利事業捐贈收入,金廈海運股份有限公司,80335056,500000.00,0.00,,金錢,金門縣金城鎮****,,
31,楊鎮浯,107年縣(市)長選舉,首次申報,1071101,個人捐贈收入,周建文,A12*******,15000.00,0.00,,金錢,新北市中和區****,0919*****,
32,楊鎮浯,107年縣(市)長選舉,首次申報,1071101,個人捐贈收入,陳建志,A12*******,15000.00,0.00,,金錢,臺北市內湖區****,0933*****,
33,楊鎮浯,107年縣(市)長選舉,首次申報,1071101,個人捐贈收入,陳延祚,A12*******,10000.00,0.00,,金錢,臺北市內湖區****,0935*****,
34,楊鎮浯,107年縣(市)長選舉,首次申報,1071101,個人捐贈收入,陳昱旭,A12*******,100000.00,0.00,,金錢,臺北市信義區****,0919*****,
35,楊鎮浯,107年縣(市)長選舉,首次申報,1071101,個人捐贈收入,林秦葦,B12*******,10000.00,0.00,,金錢,臺中市北區英****,0938*****,
36,楊鎮浯,107年縣(市)長選舉,首次申報,1071101,個人捐贈收入,許秀明,H22*******,20000.00,0.00,,金錢,新北市淡水區****,0937*****,
37,楊鎮浯,107年縣(市)長選舉,首次申報,1071101,個人捐贈收入,徐正芳,H22*******,20000.00,0.00,,金錢,新竹市鐵道路****,03-5*****,
38,楊鎮浯,107年縣(市)長選舉,首次申報,1071101,個人捐贈收入,李鴻章,J12*******,20000.00,0.00,,金錢,新竹縣竹北市****,0937*****,
39,楊鎮浯,107年縣(市)長選舉,首次申報,1071101,個人捐贈收入,陳曜芳,L12*******,100000.00,0.00,,金錢,臺北市信義區****,0919*****,
40,楊鎮浯,107年縣(市)長選舉,首次申報,1071101,個人捐贈收入,吳界欣,P12*******,50000.00,0.00,,金錢,臺北市信義區****,0935*****,
41,楊鎮浯,107年縣(市)長選舉,首次申報,1071101,個人捐贈收入,陳嘉尚,Q12*******,10000.00,0.00,,金錢,新北市林口區****,0987*****,
42,楊鎮浯,107年縣(市)長選舉,首次申報,1071106,個人捐贈收入,周奮興,R12*******,80000.00,0.00,,金錢,臺中市西屯區****,0922*****,
43,楊鎮浯,107年縣(市)長選舉,首次申報,1071107,個人捐贈收入,楊婉苓,W20*******,100000.00,0.00,,金錢,金門縣金城鎮****,0925*****,
44,楊鎮浯,107年縣(市)長選舉,首次申報,1071107,個人捐贈收入,楊婉怡,W20*******,100000.00,0.00,,金錢,金門縣金城鎮****,0925*****,
45,楊鎮浯,107年縣(市)長選舉,首次申報,1071108,個人捐贈收入,呂榜洲,N10*******,25000.00,0.00,,金錢,彰化縣秀水鄉****,04-7*****,
46,楊鎮浯,107年縣(市)長選舉,首次申報,1071108,個人捐贈收入,呂嘉甫,N10*******,25000.00,0.00,,金錢,彰化縣福興鄉****,04-7*****,
47,楊鎮浯,107年縣(市)長選舉,首次申報,1071108,個人捐贈收入,呂淑珍,N20*******,25000.00,0.00,,金錢,彰化縣彰化市****,04-7*****,
48,楊鎮浯,107年縣(市)長選舉,首次申報,1071108,個人捐贈收入,呂淑嬌,N22*******,25000.00,0.00,,金錢,彰化縣彰化市****,04-7*****,
49,楊鎮浯,107年縣(市)長選舉,首次申報,1071109,個人捐贈收入,俞全國,W10*******,100000.00,0.00,,金錢,金門縣金城鎮****,0937*****,
50,楊鎮浯,107年縣(市)長選舉,首次申報,1071113,個人捐贈收入,董能珍,,1000.00,0.00,,金錢,,0972*****,
51,楊鎮浯,107年縣(市)長選舉,首次申報,1071113,個人捐贈收入,董上裕,E12*******,100000.00,0.00,,金錢,高雄市鼓山區****,07-5*****,
52,楊鎮浯,107年縣(市)長選舉,首次申報,1071113,個人捐贈收入,許乃元,E12*******,100000.00,0.00,,金錢,高雄市新興區****,07-5*****,
53,楊鎮浯,107年縣(市)長選舉,首次申報,1071113,個人捐贈收入,李正雄,E12*******,50000.00,0.00,,金錢,金門縣金寧鄉****,07-5*****,
54,楊鎮浯,107年縣(市)長選舉,首次申報,1071113,個人捐贈收入,楊荁琪,E22*******,50000.00,0.00,,金錢,金門縣金沙鎮****,07-5*****,
55,楊鎮浯,107年縣(市)長選舉,首次申報,1071113,個人捐贈收入,魏健峰,F12*******,1000.00,0.00,,金錢,金門縣金寧鄉****,0921*****,
56,楊鎮浯,107年縣(市)長選舉,首次申報,1071115,營利事業捐贈收入,文滿有限公司,24568222,200000.00,0.00,,金錢,臺北市內湖區****,,
57,楊鎮浯,107年縣(市)長選舉,首次申報,1071116,營利事業捐贈收入,金橋科技股份有限公司,04865462,100000.00,0.00,,金錢,新北市深坑區****,02-2*****,
58,楊鎮浯,107年縣(市)長選舉,首次申報,1071119,個人捐贈收入,盧幼治,W20*******,10000.00,0.00,,金錢,金門縣金城鎮****,0984*****,
59,楊鎮浯,107年縣(市)長選舉,首次申報,1071120,營利事業捐贈收入,冠軍建材股份有限公司,49701774,200000.00,0.00,,金錢,苗栗縣竹南鎮****,037-*****,
60,楊鎮浯,107年縣(市)長選舉,首次申報,1071120,個人捐贈收入,王立功,A12*******,30000.00,0.00,,金錢,臺北市松山區****,0920*****,
61,楊鎮浯,107年縣(市)長選舉,首次申報,1071121,匿名捐贈,匿名,,8888.00,0.00,,金錢,,,
62,楊鎮浯,107年縣(市)長選舉,首次申報,1071122,個人捐贈收入,李建正,A12*******,100000.00,0.00,,金錢,新北市三重區****,0912*****,
63,楊鎮浯,107年縣(市)長選舉,首次申報,1071122,個人捐贈收入,高偉宬,A12*******,100000.00,0.00,,金錢,北市文山區政****,0972*****,
64,楊鎮浯,107年縣(市)長選舉,首次申報,1071122,個人捐贈收入,周瑋綸,A12*******,100000.00,0.00,,金錢,北市北投區永****,0986*****,
65,楊鎮浯,107年縣(市)長選舉,首次申報,1071122,個人捐贈收入,楊宇舒,A12*******,100000.00,0.00,,金錢,北市萬華區萬****,0966*****,
66,楊鎮浯,107年縣(市)長選舉,首次申報,1071122,個人捐贈收入,趙世忠,B12*******,100000.00,0.00,,金錢,台中市西屯區****,0960*****,
67,楊鎮浯,107年縣(市)長選舉,首次申報,1071122,個人捐贈收入,連義敏,E12*******,100000.00,0.00,,金錢,新北市蘆洲區****,0932*****,
68,楊鎮浯,107年縣(市)長選舉,首次申報,1071122,個人捐贈收入,楊占邦,F12*******,100000.00,0.00,,金錢,新北市淡水區****,0930*****,
69,楊鎮浯,107年縣(市)長選舉,首次申報,1071122,個人捐贈收入,蘇恩毅,F12*******,100000.00,0.00,,金錢,新北市中和區****,0983*****,
70,楊鎮浯,107年縣(市)長選舉,首次申報,1071122,個人捐贈收入,楊睿章,F12*******,100000.00,0.00,,金錢,新北市淡水區****,0918*****,
71,楊鎮浯,107年縣(市)長選舉,首次申報,1071122,個人捐贈收入,洪秀暖,W20*******,50000.00,0.00,,金錢,金門縣金城鎮****,0928*****,
72,楊鎮浯,107年縣(市)長選舉,首次申報,1071122,個人捐贈收入,陳素蘭,W20*******,100000.00,0.00,,金錢,台北市中山區****,0939*****,
73,楊鎮浯,107年縣(市)長選舉,首次申報,1071123,匿名捐贈,張雲萍,,500.00,0.00,,金錢,,,
