﻿序號,擬參選人／政黨,選舉名稱,申報序號／年度,交易日期,收支科目,捐贈者／支出對象,身分證／統一編號,收入金額,支出金額,支出用途,金錢類,地址,聯絡電話,資料更正日期
1,施嘉榮,107年直轄市議員選舉,首次申報,1070701,匿名捐贈,匿名,,1.00,0.00,,金錢,,,
2,施嘉榮,107年直轄市議員選舉,首次申報,1070718,匿名捐贈,匿名,,292.00,0.00,,金錢,,,
3,施嘉榮,107年直轄市議員選舉,首次申報,1070821,個人捐贈收入,蔡寶聰,F20*******,100000.00,0.00,,金錢,新北市新莊區****,0222*****,
4,施嘉榮,107年直轄市議員選舉,首次申報,1070830,個人捐贈收入,施美珠,F20*******,50000.00,0.00,,金錢,新北市新莊區****,0932*****,
5,施嘉榮,107年直轄市議員選舉,首次申報,1070830,個人捐贈收入,施美月,F22*******,50000.00,0.00,,金錢,新北市新莊區****,0933*****,
6,施嘉榮,107年直轄市議員選舉,首次申報,1070903,個人捐贈收入,施嘉琪,F22*******,100000.00,0.00,,金錢,新北市新莊區****,0222*****,
7,施嘉榮,107年直轄市議員選舉,首次申報,1070906,個人捐贈收入,施嘉信,F12*******,100000.00,0.00,,金錢,新北市新莊區****,0222*****,
8,施嘉榮,107年直轄市議員選舉,首次申報,1070906,個人捐贈收入,施嘉銘,F12*******,100000.00,0.00,,金錢,新北市新莊區****,0222*****,
9,施嘉榮,107年直轄市議員選舉,首次申報,1070910,個人捐贈收入,施嘉洲,F12*******,100000.00,0.00,,金錢,新北市新莊區****,0222*****,
10,施嘉榮,107年直轄市議員選舉,首次申報,1070911,個人捐贈收入,康文瓊,G22*******,100000.00,0.00,,金錢,新北市新莊區****,0222*****,
11,施嘉榮,107年直轄市議員選舉,首次申報,1070912,個人捐贈收入,許芷瑜,W20*******,100000.00,0.00,,金錢,新北市新莊區****,0222*****,
12,施嘉榮,107年直轄市議員選舉,首次申報,1070914,個人捐贈收入,施明忠,F10*******,100000.00,0.00,,金錢,新北市新莊區****,0222*****,
13,施嘉榮,107年直轄市議員選舉,首次申報,1070917,個人捐贈收入,林素卿,F20*******,100000.00,0.00,,金錢,新北市新莊區****,0222*****,
14,施嘉榮,107年直轄市議員選舉,首次申報,1070921,匿名捐贈,匿名,,147.00,0.00,,金錢,,,
15,施嘉榮,107年直轄市議員選舉,首次申報,1070921,其他收入,利息收入,,57.00,0.00,,金錢,,,
16,施嘉榮,107年直轄市議員選舉,首次申報,1070928,個人捐贈收入,施美雲,F22*******,50000.00,0.00,,金錢,新北市新莊區****,0939*****,
17,施嘉榮,107年直轄市議員選舉,首次申報,1071018,個人捐贈收入,薛忠祥,F12*******,100000.00,0.00,,金錢,桃園市中壢區****,0933*****,
18,施嘉榮,107年直轄市議員選舉,首次申報,1071019,個人捐贈收入,施麗英,F22*******,100000.00,0.00,,金錢,桃園市中壢區****,0933*****,
19,施嘉榮,107年直轄市議員選舉,首次申報,1071020,其他收入,利息收入,,77.00,0.00,,金錢,,,
20,施嘉榮,107年直轄市議員選舉,首次申報,1071023,個人捐贈收入,薛隆志,F12*******,100000.00,0.00,,金錢,桃園市中壢區****,0933*****,
21,施嘉榮,107年直轄市議員選舉,首次申報,1071023,個人捐贈收入,薛芳媛,F22*******,100000.00,0.00,,金錢,桃園市中壢區****,0933*****,
22,施嘉榮,107年直轄市議員選舉,首次申報,1071023,個人捐贈收入,薛芳凌,F22*******,100000.00,0.00,,金錢,桃園市中壢區****,0933*****,
23,施嘉榮,107年直轄市議員選舉,首次申報,1071025,個人捐贈收入,鄭建一,X12*******,20000.00,0.00,,金錢,新北市新莊區****,,
24,施嘉榮,107年直轄市議員選舉,首次申報,1071105,個人捐贈收入,施明進,F10*******,100000.00,0.00,,金錢,新北市新莊區****,0222*****,
25,施嘉榮,107年直轄市議員選舉,首次申報,1071109,個人捐贈收入,施嘉瑋,F12*******,100000.00,0.00,,金錢,新北市新莊區****,0222*****,
26,施嘉榮,107年直轄市議員選舉,首次申報,1071109,個人捐贈收入,林慧君,G22*******,100000.00,0.00,,金錢,新北市新莊區****,0222*****,
27,施嘉榮,107年直轄市議員選舉,首次申報,1071113,個人捐贈收入,施嘉南,F12*******,100000.00,0.00,,金錢,新北市新莊區****,0222*****,
28,施嘉榮,107年直轄市議員選舉,首次申報,1071114,匿名捐贈,匿名,,5000.00,0.00,,金錢,,,
29,施嘉榮,107年直轄市議員選舉,首次申報,1071119,個人捐贈收入,曲兆菁,A22*******,90000.00,0.00,,金錢,新北市新莊區****,0970*****,
30,施嘉榮,107年直轄市議員選舉,首次申報,1071121,其他收入,利息收入,,100.00,0.00,,金錢,,,
31,施嘉榮,107年直轄市議員選舉,首次申報,1071121,個人捐贈收入,劉達郎,F10*******,90000.00,0.00,,金錢,新北市新莊區****,0933*****,
32,施嘉榮,107年直轄市議員選舉,首次申報,1071123,個人捐贈收入,施文輕,F10*******,90000.00,0.00,,金錢,新北市新莊區****,0222*****,
33,施嘉榮,107年直轄市議員選舉,首次申報,1071123,個人捐贈收入,黃進財,F10*******,90000.00,0.00,,金錢,新北市新莊區****,0222*****,
34,施嘉榮,107年直轄市議員選舉,首次申報,1071123,個人捐贈收入,黃文煜,F12*******,90000.00,0.00,,金錢,新北市新莊區****,0952*****,
35,施嘉榮,107年直轄市議員選舉,首次申報,1071123,個人捐贈收入,劉淑芬,F22*******,90000.00,0.00,,金錢,新北市新莊區****,0935*****,
