﻿序號,擬參選人／政黨,選舉名稱,申報序號／年度,交易日期,收支科目,捐贈者／支出對象,身分證／統一編號,收入金額,支出金額,捐贈方式,存入專戶日期,返還/繳庫,支出用途,金錢類,地址,聯絡電話,應揭露之支出對象,支出對象之內部人員姓名,支出對象之內部人員職稱,政黨之內部人員姓名,政黨之內部人員職稱,關係,更正註記,資料更正日期
1,吳沛憶,113年立法委員選舉,首次申報,1120609,雜支支出,作衫君有限公司,90173657,0.00,55100.00,,,,雜項購置或修繕費用,金錢,臺北市萬華區****,,否,,,,,,,
2,吳沛憶,113年立法委員選舉,首次申報,1120610,宣傳支出,思潮網路科技有限公司,,0.00,6825.00,,,,播放、傳送或刊登宣傳廣告費用,金錢,臺北市中山區****,,否,,,,,,,
3,吳沛憶,113年立法委員選舉,首次申報,1120610,集會支出,陳俊佑,,0.00,2400.00,,,,餐飲費用,金錢,嘉義縣梅山鄉****,,否,,,,,,,
4,吳沛憶,113年立法委員選舉,首次申報,1120612,宣傳支出,志瑋印刷品行,31874393,0.00,3780.00,,,,製作競選物品或宣傳廣告費用,金錢,臺北市中正區****,,否,,,,,,,
5,吳沛憶,113年立法委員選舉,首次申報,1120613,雜支支出,森林森水果行,,0.00,1320.00,,,,聯誼交際費用,金錢,臺北市中正區****,,否,,,,,,,
6,吳沛憶,113年立法委員選舉,首次申報,1120616,宣傳支出,萊萊打字行,,0.00,2040.00,,,,製作競選物品或宣傳廣告費用,金錢,臺北市大安區****,,否,,,,,,,
7,吳沛憶,113年立法委員選舉,首次申報,1120619,交通旅運支出,聖貴車行,,0.00,1900.00,,,,搭乘交通工具費用,金錢,臺北市松山區****,,否,,,,,,,
8,吳沛憶,113年立法委員選舉,首次申報,1120621,宣傳支出,順易利實業有限公司,16734752,0.00,40000.00,,,,製作競選物品或宣傳廣告費用,金錢,臺北市大安區****,,否,,,,,,,
9,吳沛憶,113年立法委員選舉,首次申報,1120626,集會支出,貝殼放大股份有限公司,,0.00,3938.00,,,,租用場地費用,金錢,臺北市萬華區****,,否,,,,,,,
10,吳沛憶,113年立法委員選舉,首次申報,1120626,雜支支出,富邦媒體科技股份有限公司,27365925,0.00,24999.00,,,,雜項購置或修繕費用,金錢,臺北市內湖區****,,否,,,,,,,
11,吳沛憶,113年立法委員選舉,首次申報,1120627,雜支支出,綠界科技股份有限公司,,0.00,10500.00,,,,雜項購置或修繕費用,金錢,臺北市南港區****,,否,,,,,,,
12,吳沛憶,113年立法委員選舉,首次申報,1120627,人事費用支出,劉祥蝶,A22*******,0.00,96000.00,,,,其他因工作酬勞之給付,金錢,臺北市文山區****,,否,,,,,,,
13,吳沛憶,113年立法委員選舉,首次申報,1120628,宣傳支出,原創視覺設計社,09975538,0.00,100000.00,,,,製作競選物品或宣傳廣告費用,金錢,新竹市東區復****,,否,,,,,,,
14,吳沛憶,113年立法委員選舉,首次申報,1120629,宣傳支出,深度設計有限公司,54039761,0.00,189000.00,,,,製作競選物品或宣傳廣告費用,金錢,新北市中和區****,,否,,,,,,,
15,吳沛憶,113年立法委員選舉,首次申報,1120630,雜支支出,臺北堂餅行,,0.00,2640.00,,,,聯誼交際費用,金錢,臺北市萬華區****,,否,,,,,,,
16,吳沛憶,113年立法委員選舉,首次申報,1120630,宣傳支出,志瑋印刷品行,31874393,0.00,1575.00,,,,製作競選物品或宣傳廣告費用,金錢,臺北市中正區****,,否,,,,,,,
17,吳沛憶,113年立法委員選舉,首次申報,1120704,集會支出,十美有限公司,,0.00,3200.00,,,,餐飲費用,金錢,臺北市萬華區****,,否,,,,,,,
18,吳沛憶,113年立法委員選舉,首次申報,1120704,宣傳支出,皇星廣告社,34464751,0.00,2000.00,,,,製作競選物品或宣傳廣告費用,金錢,新北市板橋區****,,否,,,,,,,
19,吳沛憶,113年立法委員選舉,首次申報,1120705,集會支出,威尼斯食品行,01492756,0.00,3000.00,,,,餐飲費用,金錢,臺北市萬華區****,,否,,,,,,,
20,吳沛憶,113年立法委員選舉,首次申報,1120705,宣傳支出,皇星廣告社,34464751,0.00,1800.00,,,,製作競選物品或宣傳廣告費用,金錢,新北市板橋區****,,否,,,,,,,
21,吳沛憶,113年立法委員選舉,首次申報,1120705,雜支支出,作衫君有限公司,90173657,0.00,2100.00,,,,雜項購置或修繕費用,金錢,臺北市萬華區****,,否,,,,,,,
22,吳沛憶,113年立法委員選舉,首次申報,1120707,宣傳支出,夢想娛樂行銷有限公司,12962564,0.00,10000.00,,,,文康活動費用,金錢,臺北市大同區****,,否,,,,,,,
23,吳沛憶,113年立法委員選舉,首次申報,1120710,人事費用支出,吳政緯,V12*******,0.00,26100.00,,,,工資或薪津,金錢,臺東縣臺東市****,,否,,,,,,,
24,吳沛憶,113年立法委員選舉,首次申報,1120711,公共關係費用支出,偉盛花坊,,0.00,2000.00,,,,聯誼交際費用,金錢,臺北市松山區****,,否,,,,,,,
25,吳沛憶,113年立法委員選舉,首次申報,1120711,雜支支出,榮晟印刷有限公司,86128316,0.00,2200.00,,,,雜項購置或修繕費用,金錢,臺北市萬華區****,,否,,,,,,,
26,吳沛憶,113年立法委員選舉,首次申報,1120718,人事費用支出,林孟彥,L12*******,0.00,19845.00,,,,工資或薪津,金錢,臺中市神岡區****,0985*****,否,,,,,,,
27,吳沛憶,113年立法委員選舉,首次申報,1120719,雜支支出,總來中古商,42266749,0.00,4200.00,,,,雜項購置或修繕費用,金錢,臺北市萬華區****,,否,,,,,,,
28,吳沛憶,113年立法委員選舉,首次申報,1120721,雜支支出,皇星廣告社,34464751,0.00,1200.00,,,,雜項購置或修繕費用,金錢,新北市板橋區****,,否,,,,,,,
29,吳沛憶,113年立法委員選舉,首次申報,1120721,公共關係費用支出,花田花藝精品名店,95890329,0.00,2500.00,,,,聯誼交際費用,金錢,新北市板橋區****,,否,,,,,,,
30,吳沛憶,113年立法委員選舉,首次申報,1120724,雜支支出,宏裕旗幟有限公司,,0.00,2625.00,,,,雜項購置或修繕費用,金錢,臺北市內湖區****,,否,,,,,,,
31,吳沛憶,113年立法委員選舉,首次申報,1120724,宣傳支出,鎮城廣告企業社,31950005,0.00,68303.00,,,,製作競選物品或宣傳廣告費用,金錢,臺北市萬華區****,,否,,,,,,,
32,吳沛憶,113年立法委員選舉,首次申報,1120725,宣傳支出,說故事影像工作室,85333789,0.00,12250.00,,,,製作競選物品或宣傳廣告費用,金錢,新北市新莊區****,,否,,,,,,,
33,吳沛憶,113年立法委員選舉,首次申報,1120727,公共關係費用支出,花菁鮮花店,,0.00,2000.00,,,,聯誼交際費用,金錢,臺北市萬華區****,,否,,,,,,,
34,吳沛憶,113年立法委員選舉,首次申報,1120728,宣傳支出,國光社區管理委員會,01005658,0.00,60000.00,,,,租用廣告看板或車體廣告費用,金錢,臺北市中正區****,,否,,,,,,,
35,吳沛憶,113年立法委員選舉,首次申報,1120731,雜支支出,真實引擎股份有限公司,83190913,0.00,4800.00,,,,雜項購置或修繕費用,金錢,臺北市大安區****,,否,,,,,,,
36,吳沛憶,113年立法委員選舉,首次申報,1120731,人事費用支出,陳俊良,A12*******,0.00,3000.00,,,,加班費或值班費,金錢,臺北市信義區****,,否,,,,,,,
37,吳沛憶,113年立法委員選舉,首次申報,1120731,人事費用支出,孫孝誠,A12*******,0.00,38200.00,,,,工資或薪津,金錢,臺北市萬華區****,,否,,,,,,,
38,吳沛憶,113年立法委員選舉,首次申報,1120731,人事費用支出,張承宇,F13*******,0.00,3000.00,,,,加班費或值班費,金錢,新北市板橋區****,,否,,,,,,,
39,吳沛憶,113年立法委員選舉,首次申報,1120731,人事費用支出,李貞誼,F22*******,0.00,3000.00,,,,加班費或值班費,金錢,臺北市萬華區****,,否,,,,,,,
40,吳沛憶,113年立法委員選舉,首次申報,1120731,人事費用支出,羅竟祐,L12*******,0.00,30000.00,,,,工資或薪津,金錢,臺中市北屯區****,,否,,,,,,,
41,吳沛憶,113年立法委員選舉,首次申報,1120731,人事費用支出,黃亭瑋,P22*******,0.00,3000.00,,,,加班費或值班費,金錢,新北市蘆洲區****,,否,,,,,,,
42,吳沛憶,113年立法委員選舉,首次申報,1120731,人事費用支出,蕭伊妙,Q22*******,0.00,55000.00,,,,工資或薪津,金錢,臺北市萬華區****,,否,,,,,,,
43,吳沛憶,113年立法委員選舉,首次申報,1120731,人事費用支出,胡儷馨,R22*******,0.00,3000.00,,,,加班費或值班費,金錢,臺南市大內區****,,否,,,,,,,
44,吳沛憶,113年立法委員選舉,首次申報,1120731,人事費用支出,陳彥睿,T12*******,0.00,35000.00,,,,工資或薪津,金錢,臺北市中正區****,,否,,,,,,,
45,吳沛憶,113年立法委員選舉,首次申報,1120801,宣傳支出,查查旺旺創意有限公司,83415188,0.00,52500.00,,,,製作競選物品或宣傳廣告費用,金錢,新北市永和區****,0955*****,否,,,,,,,
46,吳沛憶,113年立法委員選舉,首次申報,1120804,宣傳支出,藍格印刷國際企業有限公司,22076600,0.00,44625.00,,,,製作競選物品或宣傳廣告費用,金錢,臺北市內湖區****,,否,,,,,,,
47,吳沛憶,113年立法委員選舉,首次申報,1120804,宣傳支出,皇星廣告社,34464751,0.00,5000.00,,,,製作競選物品或宣傳廣告費用,金錢,新北市板橋區****,02-2*****,否,,,,,,,
48,吳沛憶,113年立法委員選舉,首次申報,1120806,宣傳支出,鎮城廣告企業社,31950005,0.00,28875.00,,,,製作競選物品或宣傳廣告費用,金錢,臺北市萬華區****,02-2*****,否,,,,,,,
49,吳沛憶,113年立法委員選舉,首次申報,1120806,雜支支出,好藝文空間工作室有限公司,83077686,0.00,7980.00,,,,其他因工作酬勞之給付,金錢,新北市中和區****,,否,,,,,,,
50,吳沛憶,113年立法委員選舉,首次申報,1120807,雜支支出,網路家庭國際資訊股份有限公司,16606102,0.00,2159.00,,,,雜項購置或修繕費用,金錢,臺北市大安區****,,否,,,,,,,
51,吳沛憶,113年立法委員選舉,首次申報,1120809,宣傳支出,鎮城廣告企業社,31950005,0.00,120855.00,,,,製作競選物品或宣傳廣告費用,金錢,臺北市萬華區****,02-2*****,否,,,,,,,
52,吳沛憶,113年立法委員選舉,首次申報,1120811,集會支出,臺北市政府,,0.00,863.00,,,,租用場地費用,金錢,臺北市萬華區****,,否,,,,,,,
53,吳沛憶,113年立法委員選舉,首次申報,1120811,集會支出,臺北市政府,,0.00,2350.00,,,,租用場地費用,金錢,臺北市萬華區****,,否,,,,,,,
54,吳沛憶,113年立法委員選舉,首次申報,1120811,雜支支出,一肥仔商行,26318925,0.00,3200.00,,,,餐飲費用,金錢,臺北市萬華區****,,否,,,,,,,
55,吳沛憶,113年立法委員選舉,首次申報,1120811,雜支支出,好藝文空間工作室有限公司,83077686,0.00,3150.00,,,,其他因工作酬勞之給付,金錢,新北市中和區****,02-2*****,否,,,,,,,
56,吳沛憶,113年立法委員選舉,首次申報,1120816,公共關係費用支出,花田花藝精品名店,95890329,0.00,3500.00,,,,蘭花一盆,金錢,新北市板橋區****,02-8*****,否,,,,,,,
57,吳沛憶,113年立法委員選舉,首次申報,1120819,雜支支出,好藝文空間工作室有限公司,83077686,0.00,7980.00,,,,其他因工作酬勞之給付,金錢,新北市中和區****,02-2*****,否,,,,,,,
58,吳沛憶,113年立法委員選舉,首次申報,1120821,宣傳支出,查查旺旺創意有限公司,83415188,0.00,56700.00,,,,製作競選物品或宣傳廣告費用,金錢,新北市永和區****,0955*****,否,,,,,,,
59,吳沛憶,113年立法委員選舉,首次申報,1120822,雜支支出,好藝文空間工作室有限公司,83077686,0.00,3150.00,,,,其他因工作酬勞之給付,金錢,新北市中和區****,02-2*****,否,,,,,,,
60,吳沛憶,113年立法委員選舉,首次申報,1120824,宣傳支出,臺北市國興社區管理委員會,48983727,0.00,18000.00,,,,租用廣告看板或車體廣告費用,金錢,臺北市萬華區****,02-2*****,否,,,,,,,
61,吳沛憶,113年立法委員選舉,首次申報,1120824,宣傳支出,詮虹企業有限公司,53423767,0.00,42336.00,,,,製作競選物品或宣傳廣告費用,金錢,新北市蘆洲區****,02-8*****,否,,,,,,,
62,吳沛憶,113年立法委員選舉,首次申報,1120824,集會支出,思沐興業,88156581,0.00,4600.00,,,,餐飲費用,金錢,臺北市萬華區****,02-2*****,否,,,,,,,
63,吳沛憶,113年立法委員選舉,首次申報,1120825,雜支支出,偉順機車行,15920906,0.00,3200.00,,,,雜項購置或修繕費用,金錢,臺北市萬華區****,,否,,,,,,,
64,吳沛憶,113年立法委員選舉,首次申報,1120826,雜支支出,好藝文空間工作室有限公司,83077686,0.00,3990.00,,,,其他因工作酬勞之給付,金錢,新北市中和區****,02-2*****,否,,,,,,,
65,吳沛憶,113年立法委員選舉,首次申報,1120830,集會支出,思沐興業,88156581,0.00,2400.00,,,,餐飲費用,金錢,臺北市萬華區****,02-2*****,否,,,,,,,
66,吳沛憶,113年立法委員選舉,首次申報,1120831,人事費用支出,孫孝誠,A12*******,0.00,37000.00,,,,工資或薪津,金錢,臺北市萬華區****,,否,,,,,,,
67,吳沛憶,113年立法委員選舉,首次申報,1120831,人事費用支出,陳俊良,A12*******,0.00,3000.00,,,,加班費或值班費,金錢,臺北市信義區****,,否,,,,,,,
68,吳沛憶,113年立法委員選舉,首次申報,1120831,人事費用支出,張承宇,F13*******,0.00,3000.00,,,,加班費或值班費,金錢,新北市板橋區****,,否,,,,,,,
69,吳沛憶,113年立法委員選舉,首次申報,1120831,人事費用支出,羅竟祐,L12*******,0.00,30000.00,,,,工資或薪津,金錢,臺中市北屯區****,,否,,,,,,,
70,吳沛憶,113年立法委員選舉,首次申報,1120831,人事費用支出,林孟彥,L12*******,0.00,16380.00,,,,工資或薪津,金錢,臺中市神岡區****,0985*****,否,,,,,,,
71,吳沛憶,113年立法委員選舉,首次申報,1120831,人事費用支出,黃亭瑋,P22*******,0.00,3000.00,,,,加班費或值班費,金錢,新北市蘆洲區****,,否,,,,,,,
72,吳沛憶,113年立法委員選舉,首次申報,1120831,人事費用支出,蕭伊妙,Q22*******,0.00,50000.00,,,,工資或薪津,金錢,臺北市萬華區****,,否,,,,,,,
73,吳沛憶,113年立法委員選舉,首次申報,1120831,人事費用支出,胡儷馨,R22*******,0.00,3000.00,,,,加班費或值班費,金錢,臺南市大內區****,,否,,,,,,,
74,吳沛憶,113年立法委員選舉,首次申報,1120831,人事費用支出,陳彥睿,T12*******,0.00,30000.00,,,,工資或薪津,金錢,臺北市中正區****,,否,,,,,,,
75,吳沛憶,113年立法委員選舉,首次申報,1120904,宣傳支出,鎮城廣告企業社,31950005,0.00,141971.00,,,,製作競選物品或宣傳廣告費用,金錢,臺北市萬華區****,02-2*****,否,,,,,,,
76,吳沛憶,113年立法委員選舉,首次申報,1120908,雜支支出,富邦媒體科技股份有限公司,27365925,0.00,8645.00,,,,雜項購置或修繕費用,金錢,臺北市內湖區****,,否,,,,,,,
77,吳沛憶,113年立法委員選舉,首次申報,1120908,人事費用支出,曾冠毓,A23*******,0.00,15840.00,,,,工資或薪津,金錢,新北市板橋區****,,否,,,,,,,
78,吳沛憶,113年立法委員選舉,首次申報,1120909,人事費用支出,陳冠廷,F22*******,0.00,2500.00,,,,其他因工作酬勞之給付,金錢,臺北市士林區****,0920*****,否,,,,,,,
79,吳沛憶,113年立法委員選舉,首次申報,1120909,人事費用支出,陳冠維,F22*******,0.00,2500.00,,,,其他因工作酬勞之給付,金錢,臺北市萬華區****,0975*****,否,,,,,,,
80,吳沛憶,113年立法委員選舉,首次申報,1120911,宣傳支出,漁夫數位科技有限公司,,0.00,2646.00,,,,發送電信簡訊費用,金錢,新北市中和區****,,否,,,,,,,
81,吳沛憶,113年立法委員選舉,首次申報,1120911,雜支支出,心雅服裝行,15995103,0.00,1365.00,,,,雜項購置或修繕費用,金錢,臺北市萬華區****,02-2*****,否,,,,,,,
82,吳沛憶,113年立法委員選舉,首次申報,1120911,宣傳支出,萱琉妝苑,31868218,0.00,28000.00,,,,製作競選物品或宣傳廣告費用,金錢,臺北市安和路****,0931*****,否,,,,,,,
83,吳沛憶,113年立法委員選舉,首次申報,1120911,宣傳支出,皇星廣告社,34464751,0.00,5800.00,,,,製作競選物品或宣傳廣告費用,金錢,新北市板橋區****,02-2*****,否,,,,,,,
84,吳沛憶,113年立法委員選舉,首次申報,1120911,雜支支出,忠輪汽車電機行,81749358,0.00,6800.00,,,,雜項購置或修繕費用,金錢,臺北市萬華區****,02-2*****,否,,,,,,,
85,吳沛憶,113年立法委員選舉,首次申報,1120913,雜支支出,心雅服裝行,15995103,0.00,1365.00,,,,雜項購置或修繕費用,金錢,臺北市萬華區****,02-2*****,否,,,,,,,
86,吳沛憶,113年立法委員選舉,首次申報,1120913,宣傳支出,皇星廣告社,34464751,0.00,1500.00,,,,製作競選物品或宣傳廣告費用,金錢,新北市板橋區****,02-2*****,否,,,,,,,
87,吳沛憶,113年立法委員選舉,首次申報,1120913,宣傳支出,三竹資訊股份有限公司,86136982,0.00,20000.00,,,,發送電信簡訊費用,金錢,臺北市中山區****,,否,,,,,,,
88,吳沛憶,113年立法委員選舉,首次申報,1120914,雜支支出,瑞興五金行,01144194,0.00,6720.00,,,,雜項購置或修繕費用,金錢,臺北市大同區****,,否,,,,,,,
89,吳沛憶,113年立法委員選舉,首次申報,1120914,集會支出,拾參工作室,31863282,0.00,13000.00,,,,租用場地費用,金錢,臺北市大同區****,02-2*****,否,,,,,,,
90,吳沛憶,113年立法委員選舉,首次申報,1120914,宣傳支出,見山映像社,88441636,0.00,37800.00,,,,其他與選舉宣傳有關之費用,金錢,彰化縣員林市****,,否,,,,,,,
91,吳沛憶,113年立法委員選舉,首次申報,1120917,集會支出,旋轉牧馬有限公司汀洲店,88386269,0.00,2400.00,,,,租用設備費用,金錢,臺北市中正區****,,否,,,,,,,
92,吳沛憶,113年立法委員選舉,首次申報,1120917,宣傳支出,備案有限公司,90474366,0.00,4200.00,,,,其他與選舉宣傳有關之費用,金錢,臺北市士林區****,0935*****,否,,,,,,,
93,吳沛憶,113年立法委員選舉,首次申報,1120917,雜支支出,小蜂鳥國際物流有限公司,97212135,0.00,800.00,,,,雜項購置或修繕費用,金錢,臺北市松山區****,,否,,,,,,,
94,吳沛憶,113年立法委員選舉,首次申報,1120917,人事費用支出,莊凱婷,B22*******,0.00,1800.00,,,,其他因工作酬勞之給付,金錢,新北市淡水區****,0939*****,否,,,,,,,
95,吳沛憶,113年立法委員選舉,首次申報,1120917,人事費用支出,韓裕,F12*******,0.00,1800.00,,,,其他因工作酬勞之給付,金錢,臺北市中山北****,0939*****,否,,,,,,,
96,吳沛憶,113年立法委員選舉,首次申報,1120921,宣傳支出,鎮城廣告企業社,31950005,0.00,14595.00,,,,製作競選物品或宣傳廣告費用,金錢,臺北市萬華區****,02-2*****,否,,,,,,,
97,吳沛憶,113年立法委員選舉,首次申報,1120921,宣傳支出,詮虹企業有限公司,53423767,0.00,64176.00,,,,製作競選物品或宣傳廣告費用,金錢,新北市蘆洲區****,02-8*****,否,,,,,,,
98,吳沛憶,113年立法委員選舉,首次申報,1120925,宣傳支出,原創視覺設計社,09975538,0.00,60000.00,,,,製作競選物品或宣傳廣告費用,金錢,新竹市復中里****,03-5*****,否,,,,,,,
99,吳沛憶,113年立法委員選舉,首次申報,1120927,雜支支出,中華郵政,,0.00,35.00,,,,雜項購置或修繕費用,金錢,臺北市萬華區****,,否,,,,,,,
100,吳沛憶,113年立法委員選舉,首次申報,1120930,人事費用支出,孫孝誠,A12*******,0.00,37000.00,,,,工資或薪津,金錢,臺北市萬華區****,0983*****,否,,,,,,,
101,吳沛憶,113年立法委員選舉,首次申報,1120930,人事費用支出,陳俊良,A12*******,0.00,5000.00,,,,加班費或值班費,金錢,臺北市信義區****,0958*****,否,,,,,,,
102,吳沛憶,113年立法委員選舉,首次申報,1120930,人事費用支出,李貞誼,F22*******,0.00,5000.00,,,,加班費或值班費,金錢,臺北市萬華區****,0921*****,否,,,,,,,
103,吳沛憶,113年立法委員選舉,首次申報,1120930,人事費用支出,陳中寧,H12*******,0.00,5000.00,,,,加班費或值班費,金錢,臺北市中山區****,0958*****,否,,,,,,,
104,吳沛憶,113年立法委員選舉,首次申報,1120930,人事費用支出,黃亭瑋,P22*******,0.00,5000.00,,,,加班費或值班費,金錢,新北市蘆洲區****,0978*****,否,,,,,,,
105,吳沛憶,113年立法委員選舉,首次申報,1120930,人事費用支出,蕭伊妙,Q22*******,0.00,50000.00,,,,工資或薪津,金錢,臺北市萬華區****,0988*****,否,,,,,,,
106,吳沛憶,113年立法委員選舉,首次申報,1120930,人事費用支出,胡儷馨,R22*******,0.00,5000.00,,,,加班費或值班費,金錢,臺南市大內區****,0903*****,否,,,,,,,
107,吳沛憶,113年立法委員選舉,首次申報,1120930,人事費用支出,陳彥睿,T12*******,0.00,30000.00,,,,工資或薪津,金錢,臺北市中正區****,0905*****,否,,,,,,,
108,吳沛憶,113年立法委員選舉,首次申報,1121001,宣傳支出,查查旺旺創意有限公司,83415188,0.00,60900.00,,,,製作競選物品或宣傳廣告費用,金錢,新北市永和區****,0955*****,否,,,,,,,
109,吳沛憶,113年立法委員選舉,首次申報,1121001,租用競選辦事處支出,蔡順展,A12*******,0.00,100000.00,,,,租用競選辦事處費用,金錢,臺北市萬華區****,0910*****,否,,,,,,,
110,吳沛憶,113年立法委員選舉,首次申報,1121002,宣傳支出,錢進科技有限公司,28850072,0.00,165375.00,,,,播放、傳送或刊登宣傳廣告費用,金錢,臺北市中山區****,02-2*****,否,,,,,,,
111,吳沛憶,113年立法委員選舉,首次申報,1121002,宣傳支出,查查旺旺創意有限公司,83415188,0.00,15750.00,,,,製作競選物品或宣傳廣告費用,金錢,新北市永和區****,0955*****,否,,,,,,,
112,吳沛憶,113年立法委員選舉,首次申報,1121003,宣傳支出,查查旺旺創意有限公司,83415188,0.00,26250.00,,,,製作競選物品或宣傳廣告費用,金錢,新北市永和區****,0955*****,否,,,,,,,
113,吳沛憶,113年立法委員選舉,首次申報,1121005,宣傳支出,原創視覺設計社,09975538,0.00,60000.00,,,,製作競選物品或宣傳廣告費用,金錢,新竹市復中里****,03-5*****,否,,,,,,,
114,吳沛憶,113年立法委員選舉,首次申報,1121011,宣傳支出,鎮城廣告企業社,31950005,0.00,35888.00,,,,製作競選物品或宣傳廣告費用,金錢,臺北市萬華區****,02-2*****,否,,,,,,,
115,吳沛憶,113年立法委員選舉,首次申報,1121014,人事費用支出,賴曉諭,F22*******,0.00,5000.00,,,,其他因工作酬勞之給付,金錢,臺北市士林區****,0913*****,否,,,,,,,
116,吳沛憶,113年立法委員選舉,首次申報,1121014,人事費用支出,王曉筠,F22*******,0.00,2500.00,,,,其他因工作酬勞之給付,金錢,臺北市萬華區****,0922*****,否,,,,,,,
117,吳沛憶,113年立法委員選舉,首次申報,1121024,宣傳支出,鎮城廣告企業社,31950005,0.00,59325.00,,,,製作競選物品或宣傳廣告費用,金錢,臺北市萬華區****,02-2*****,否,,,,,,,
118,吳沛憶,113年立法委員選舉,首次申報,1121025,宣傳支出,文揚興業有限公司,53617763,0.00,162750.00,,,,製作競選物品或宣傳廣告費用,金錢,新北市永和區****,03-3*****,否,,,,,,,
119,吳沛憶,113年立法委員選舉,首次申報,1121025,宣傳支出,競選總部,F22*******,0.00,80000.00,,,,看板,非金錢,臺北市萬華區****,,否,,,,,,,
120,吳沛憶,113年立法委員選舉,首次申報,1121025,宣傳支出,競選總部,F22*******,0.00,34000.00,,,,看板,非金錢,臺北市萬華區****,,否,,,,,,,
121,吳沛憶,113年立法委員選舉,首次申報,1121025,宣傳支出,競選總部,F22*******,0.00,38000.00,,,,看板,非金錢,臺北市萬華區****,,否,,,,,,,
122,吳沛憶,113年立法委員選舉,首次申報,1121025,宣傳支出,競選總部,F22*******,0.00,60000.00,,,,看板,非金錢,臺北市萬華區****,,否,,,,,,,
123,吳沛憶,113年立法委員選舉,首次申報,1121025,宣傳支出,競選總部,F22*******,0.00,80000.00,,,,看板,非金錢,臺北市萬華區****,,否,,,,,,,
124,吳沛憶,113年立法委員選舉,首次申報,1121025,宣傳支出,競選總部,F22*******,0.00,100000.00,,,,看板,非金錢,臺北市萬華區****,,否,,,,,,,
125,吳沛憶,113年立法委員選舉,首次申報,1121026,雜支支出,中華郵政,,0.00,5832.00,,,,雜項購置或修繕費用,金錢,臺北市中正區****,,否,,,,,,,
126,吳沛憶,113年立法委員選舉,首次申報,1121027,雜支支出,中華郵政,,0.00,4733.00,,,,雜項購置或修繕費用,金錢,臺北市萬華區****,,否,,,,,,,
127,吳沛憶,113年立法委員選舉,首次申報,1121029,集會支出,樂創燈光音響工程有限公司,68060980,0.00,16485.00,,,,租用設備費用,金錢,新北市三重區****,,否,,,,,,,
128,吳沛憶,113年立法委員選舉,首次申報,1121029,人事費用支出,段欣妤,A22*******,0.00,2500.00,,,,其他因工作酬勞之給付,金錢,新北市樹林區****,0921*****,否,,,,,,,
129,吳沛憶,113年立法委員選舉,首次申報,1121030,雜支支出,中華郵政,,0.00,1864.00,,,,雜項購置或修繕費用,金錢,臺北市萬華區****,,否,,,,,,,
130,吳沛憶,113年立法委員選舉,首次申報,1121030,宣傳支出,競選總部,F22*******,0.00,100000.00,,,,看板,非金錢,臺北市萬華區****,,否,,,,,,,
131,吳沛憶,113年立法委員選舉,首次申報,1121030,宣傳支出,競選總部,F22*******,0.00,28000.00,,,,看板,非金錢,臺北市萬華區****,,否,,,,,,,
132,吳沛憶,113年立法委員選舉,首次申報,1121030,宣傳支出,競選總部,F22*******,0.00,90000.00,,,,看板,非金錢,臺北市萬華區****,,否,,,,,,,
133,吳沛憶,113年立法委員選舉,首次申報,1121030,宣傳支出,競選總部,F22*******,0.00,75000.00,,,,看板,非金錢,臺北市萬華區****,,否,,,,,,,
134,吳沛憶,113年立法委員選舉,首次申報,1121030,宣傳支出,競選總部,F22*******,0.00,25000.00,,,,看板,非金錢,臺北市萬華區****,,否,,,,,,,
135,吳沛憶,113年立法委員選舉,首次申報,1121030,宣傳支出,競選總部,F22*******,0.00,85000.00,,,,看板,非金錢,臺北市萬華區****,,否,,,,,,,
136,吳沛憶,113年立法委員選舉,首次申報,1121030,宣傳支出,競選總部,F22*******,0.00,95000.00,,,,看板,非金錢,臺北市萬華區****,,否,,,,,,,
137,吳沛憶,113年立法委員選舉,首次申報,1121031,宣傳支出,傳達派報社,42428688,0.00,57341.00,,,,播放、傳送或刊登宣傳廣告費用,金錢,新北市中和區****,,否,,,,,,,
138,吳沛憶,113年立法委員選舉,首次申報,1121031,人事費用支出,陳俊良,A12*******,0.00,5000.00,,,,加班費或值班費,金錢,臺北市信義區****,0958*****,否,,,,,,,
139,吳沛憶,113年立法委員選舉,首次申報,1121031,人事費用支出,孫孝誠,A12*******,0.00,37000.00,,,,工資或薪津,金錢,臺北市萬華區****,0983*****,否,,,,,,,
140,吳沛憶,113年立法委員選舉,首次申報,1121031,人事費用支出,李貞誼,F22*******,0.00,5000.00,,,,加班費或值班費,金錢,臺北市萬華區****,0921*****,否,,,,,,,
141,吳沛憶,113年立法委員選舉,首次申報,1121031,宣傳支出,競選總部,F22*******,0.00,55000.00,,,,看板,非金錢,臺北市萬華區****,,否,,,,,,,
142,吳沛憶,113年立法委員選舉,首次申報,1121031,宣傳支出,競選總部,F22*******,0.00,48000.00,,,,看板,非金錢,臺北市萬華區****,,否,,,,,,,
143,吳沛憶,113年立法委員選舉,首次申報,1121031,宣傳支出,競選總部,F22*******,0.00,15000.00,,,,看板,非金錢,臺北市萬華區****,,否,,,,,,,
144,吳沛憶,113年立法委員選舉,首次申報,1121031,宣傳支出,競選總部,F22*******,0.00,40000.00,,,,看板,非金錢,臺北市萬華區****,,否,,,,,,,
145,吳沛憶,113年立法委員選舉,首次申報,1121031,宣傳支出,競選總部,F22*******,0.00,90000.00,,,,看板,非金錢,臺北市萬華區****,,否,,,,,,,
146,吳沛憶,113年立法委員選舉,首次申報,1121031,宣傳支出,競選總部,F22*******,0.00,28000.00,,,,看板,非金錢,臺北市萬華區****,,否,,,,,,,
147,吳沛憶,113年立法委員選舉,首次申報,1121031,宣傳支出,競選總部,F22*******,0.00,75000.00,,,,看板,非金錢,臺北市萬華區****,,否,,,,,,,
148,吳沛憶,113年立法委員選舉,首次申報,1121031,宣傳支出,競選總部,F22*******,0.00,30000.00,,,,看板,非金錢,臺北市萬華區****,,否,,,,,,,
149,吳沛憶,113年立法委員選舉,首次申報,1121031,宣傳支出,競選總部,F22*******,0.00,10000.00,,,,看板,非金錢,臺北市萬華區****,,否,,,,,,,
150,吳沛憶,113年立法委員選舉,首次申報,1121031,人事費用支出,陳中寧,H12*******,0.00,5000.00,,,,加班費或值班費,金錢,臺北市中山區****,0958*****,否,,,,,,,
151,吳沛憶,113年立法委員選舉,首次申報,1121031,人事費用支出,黃亭瑋,P22*******,0.00,5000.00,,,,加班費或值班費,金錢,新北市蘆洲區****,0978*****,否,,,,,,,
152,吳沛憶,113年立法委員選舉,首次申報,1121031,人事費用支出,蕭伊妙,Q22*******,0.00,50000.00,,,,工資或薪津,金錢,臺北市萬華區****,0988*****,否,,,,,,,
153,吳沛憶,113年立法委員選舉,首次申報,1121031,人事費用支出,胡儷馨,R22*******,0.00,5000.00,,,,加班費或值班費,金錢,臺南市大內區****,0903*****,否,,,,,,,
154,吳沛憶,113年立法委員選舉,首次申報,1121031,人事費用支出,陳彥睿,T12*******,0.00,30000.00,,,,工資或薪津,金錢,臺北市中正區****,0905*****,否,,,,,,,
155,吳沛憶,113年立法委員選舉,首次申報,1121101,宣傳支出,全安廣告有限公司,27586173,0.00,73500.00,,,,製作競選物品或宣傳廣告費用,金錢,新北市土城區****,02-2*****,否,,,,,,,
156,吳沛憶,113年立法委員選舉,首次申報,1121101,宣傳支出,查查旺旺創意有限公司,83415188,0.00,60900.00,,,,製作競選物品或宣傳廣告費用,金錢,新北市永和區****,0955*****,否,,,,,,,
157,吳沛憶,113年立法委員選舉,首次申報,1121101,宣傳支出,全景社區廣播電台股份有限公司,89972674,0.00,30000.00,,,,製作競選物品或宣傳廣告費用,金錢,臺北市信義區****,,否,,,,,,,
158,吳沛憶,113年立法委員選舉,首次申報,1121102,宣傳支出,綠色和平廣播股份有限公司,89339531,0.00,64000.00,,,,播放、傳送或刊登宣傳廣告費用,金錢,新北市三重區****,2973*****,否,,,,,,,
159,吳沛憶,113年立法委員選舉,首次申報,1121103,雜支支出,譽峰國際企業有限公司,50840535,0.00,14500.00,,,,雜項購置或修繕費用,金錢,新北市板橋區****,,否,,,,,,,
160,吳沛憶,113年立法委員選舉,首次申報,1121105,宣傳支出,台北慶和館醒獅團,,0.00,25000.00,,,,演講或表演費用,金錢,臺北市萬華區****,,否,,,,,,,
161,吳沛憶,113年立法委員選舉,首次申報,1121105,宣傳支出,詮虹企業有限公司,53423767,0.00,43008.00,,,,製作競選物品或宣傳廣告費用,金錢,新北市蘆洲區****,02-8*****,否,,,,,,,
162,吳沛憶,113年立法委員選舉,首次申報,1121105,集會支出,樂創燈光音響工程有限公司,68060980,0.00,500000.00,,,,租用設備費用,金錢,新北市三重區****,,否,,,,,,,
163,吳沛憶,113年立法委員選舉,首次申報,1121105,人事費用支出,段欣妤,A22*******,0.00,2500.00,,,,其他因工作酬勞之給付,金錢,新北市樹林區****,,否,,,,,,,
164,吳沛憶,113年立法委員選舉,首次申報,1121106,宣傳支出,全安廣告有限公司,27586173,0.00,47250.00,,,,製作競選物品或宣傳廣告費用,金錢,新北市土城區****,02-2*****,否,,,,,,,
165,吳沛憶,113年立法委員選舉,首次申報,1121108,返還捐贈支出,雅光有限公司,01189353,0.00,100000.00,,,,返還,金錢,臺北市內湖區****,,否,,,,,,,
166,吳沛憶,113年立法委員選舉,首次申報,1121109,宣傳支出,周清潭,A11*******,0.00,6000.00,,,,租用廣告看板或車體廣告費用,金錢,臺北市萬華區****,02-2*****,否,,,,,,,
167,吳沛憶,113年立法委員選舉,首次申報,1121110,宣傳支出,迦勒廣告事業社,72928112,0.00,63000.00,,,,製作競選物品或宣傳廣告費用,金錢,臺北市大安區****,,否,,,,,,,
168,吳沛憶,113年立法委員選舉,首次申報,1121111,人事費用支出,陳冠維,F22*******,0.00,2500.00,,,,其他因工作酬勞之給付,金錢,臺北市萬華區****,0975*****,否,,,,,,,
169,吳沛憶,113年立法委員選舉,首次申報,1121111,人事費用支出,賴曉諭,F22*******,0.00,2500.00,,,,其他因工作酬勞之給付,金錢,臺北市士林區****,0913*****,否,,,,,,,
170,吳沛憶,113年立法委員選舉,首次申報,1121112,宣傳支出,中華民國街舞運動推廣協會,38490837,0.00,635040.00,,,,委託辦理研究、評估、調查、設計或規劃費用,金錢,臺北市大同區****,,否,,,,,,,
171,吳沛憶,113年立法委員選舉,首次申報,1121112,人事費用支出,莊凱婷,B22*******,0.00,3200.00,,,,其他因工作酬勞之給付,金錢,新北市淡水區****,0939*****,否,,,,,,,
172,吳沛憶,113年立法委員選舉,首次申報,1121113,宣傳支出,三立電視股份有限公司,23740512,0.00,630000.00,,,,播放、傳送或刊登宣傳廣告費用,金錢,臺北市內湖區****,,否,,,,,,,
173,吳沛憶,113年立法委員選舉,首次申報,1121114,宣傳支出,民間全民電視股份有限公司,96975768,0.00,693000.00,,,,播放、傳送或刊登宣傳廣告費用,金錢,新北市林口區****,,否,,,,,,,
174,吳沛憶,113年立法委員選舉,首次申報,1121115,宣傳支出,小棧影印行,31866540,0.00,1800.00,,,,製作競選物品或宣傳廣告費用,金錢,臺北市大安區****,,否,,,,,,,
175,吳沛憶,113年立法委員選舉,首次申報,1121116,雜支支出,富邦媒體科技股份有限公司,27365925,0.00,1290.00,,,,雜項購置或修繕費用,金錢,臺北市內湖區****,,否,,,,,,,
176,吳沛憶,113年立法委員選舉,首次申報,1121121,返還捐贈支出,財團法人台灣省私立台北仁濟院,03761209,0.00,20000.00,,,,返還,金錢,臺北市萬華區****,,否,,,,,,,
177,吳沛憶,113年立法委員選舉,首次申報,1121122,宣傳支出,嘉宏國際開發股份有限公司,54365701,0.00,36855.00,,,,租用廣告看板或車體廣告費用,金錢,臺北市松山區****,,否,,,,,,,
178,吳沛憶,113年立法委員選舉,首次申報,1121122,宣傳支出,漁歌展業股份有限公司,96961862,0.00,143010.00,,,,租用廣告看板或車體廣告費用,金錢,臺北市中山區****,,否,,,,,,,
179,吳沛憶,113年立法委員選舉,首次申報,1121123,宣傳支出,立祿國際股份有限公司,53117042,0.00,145320.00,,,,租用廣告看板或車體廣告費用,金錢,臺北市中正區****,2343*****,否,,,,,,,
180,吳沛憶,113年立法委員選舉,首次申報,1121124,宣傳支出,深度設計有限公司,54039761,0.00,315000.00,,,,製作競選物品或宣傳廣告費用,金錢,新北市中和區****,02-2*****,否,,,,,,,
181,吳沛憶,113年立法委員選舉,首次申報,1121125,宣傳支出,查查旺旺創意有限公司,83415188,0.00,65100.00,,,,製作競選物品或宣傳廣告費用,金錢,新北市永和區****,0955*****,否,,,,,,,
182,吳沛憶,113年立法委員選舉,首次申報,1121126,人事費用支出,莊凱婷,B22*******,0.00,1800.00,,,,其他因工作酬勞之給付,金錢,新北市淡水區****,0939*****,否,,,,,,,
183,吳沛憶,113年立法委員選舉,首次申報,1121130,雜支支出,標誌喇叭音響行,,0.00,2800.00,,,,雜項購置或修繕費用,金錢,臺北市市民大****,,否,,,,,,,
184,吳沛憶,113年立法委員選舉,首次申報,1121130,人事費用支出,孫孝誠,A12*******,0.00,37000.00,,,,工資或薪津,金錢,臺北市萬華區****,0983*****,否,,,,,,,
185,吳沛憶,113年立法委員選舉,首次申報,1121130,人事費用支出,孫孝誠,A12*******,0.00,10000.00,,,,加班費或值班費,金錢,臺北市萬華區****,0983*****,否,,,,,,,
186,吳沛憶,113年立法委員選舉,首次申報,1121130,人事費用支出,陳俊良,A12*******,0.00,10000.00,,,,加班費或值班費,金錢,臺北市信義區****,0958*****,否,,,,,,,
187,吳沛憶,113年立法委員選舉,首次申報,1121130,人事費用支出,李貞誼,F22*******,0.00,10000.00,,,,加班費或值班費,金錢,臺北市萬華區****,0921*****,否,,,,,,,
188,吳沛憶,113年立法委員選舉,首次申報,1121130,人事費用支出,陳中寧,H12*******,0.00,10000.00,,,,加班費或值班費,金錢,臺北市中山區****,0958*****,否,,,,,,,
189,吳沛憶,113年立法委員選舉,首次申報,1121130,人事費用支出,羅竟祐,L12*******,0.00,10000.00,,,,加班費或值班費,金錢,臺中市北屯區****,,否,,,,,,,
190,吳沛憶,113年立法委員選舉,首次申報,1121130,人事費用支出,黃亭瑋,P22*******,0.00,10000.00,,,,加班費或值班費,金錢,新北市蘆洲區****,0978*****,否,,,,,,,
191,吳沛憶,113年立法委員選舉,首次申報,1121130,人事費用支出,蕭伊妙,Q22*******,0.00,10000.00,,,,加班費或值班費,金錢,臺北市萬華區****,0988*****,否,,,,,,,
192,吳沛憶,113年立法委員選舉,首次申報,1121130,人事費用支出,蕭伊妙,Q22*******,0.00,50000.00,,,,工資或薪津,金錢,臺北市萬華區****,0988*****,否,,,,,,,
193,吳沛憶,113年立法委員選舉,首次申報,1121130,人事費用支出,胡儷馨,R22*******,0.00,10000.00,,,,加班費或值班費,金錢,臺南市大內區****,0903*****,否,,,,,,,
194,吳沛憶,113年立法委員選舉,首次申報,1121130,人事費用支出,陳彥睿,T12*******,0.00,10000.00,,,,加班費或值班費,金錢,臺北市中正區****,0905*****,否,,,,,,,
195,吳沛憶,113年立法委員選舉,首次申報,1121130,人事費用支出,陳彥睿,T12*******,0.00,30000.00,,,,工資或薪津,金錢,臺北市中正區****,0905*****,否,,,,,,,
196,吳沛憶,113年立法委員選舉,首次申報,1121202,宣傳支出,競選總部,F22*******,0.00,10000.00,,,,胸章,非金錢,臺北市萬華區****,,否,,,,,,,
197,吳沛憶,113年立法委員選舉,首次申報,1121203,公共關係費用支出,花菁鮮花店,,0.00,2000.00,,,,聯誼交際費用,金錢,臺北市萬華區****,,否,,,,,,,
198,吳沛憶,113年立法委員選舉,首次申報,1121206,返還捐贈支出,台灣好室有限公司,24931095,0.00,20000.00,,,,返還,金錢,臺北市大安區****,,否,,,,,,,
199,吳沛憶,113年立法委員選舉,首次申報,1121206,宣傳支出,三竹資訊股份有限公司,86136982,0.00,20000.00,,,,發送電信簡訊費用,金錢,臺北市中山區****,,否,,,,,,,
200,吳沛憶,113年立法委員選舉,首次申報,1121207,雜支支出,取禾有限公司,,0.00,2550.00,,,,雜項購置或修繕費用,金錢,新北市鶯歌區****,,否,,,,,,,
201,吳沛憶,113年立法委員選舉,首次申報,1121207,返還捐贈支出,睿驊建設股份有限公司,24549507,0.00,20000.00,,,,返還,金錢,臺北市萬華區****,,否,,,,,,,
202,吳沛憶,113年立法委員選舉,首次申報,1121207,宣傳支出,皇星廣告社,34464751,0.00,3150.00,,,,製作競選物品或宣傳廣告費用,金錢,新北市板橋區****,02-2*****,否,,,,,,,
203,吳沛憶,113年立法委員選舉,首次申報,1121208,宣傳支出,摩力科廣告有限公司,24532007,0.00,85000.00,,,,製作競選物品或宣傳廣告費用,金錢,臺北市南京東****,,否,,,,,,,
204,吳沛憶,113年立法委員選舉,首次申報,1121208,雜支支出,富新乾洗商店,77172563,0.00,1100.00,,,,雜項購置或修繕費用,金錢,臺北市萬華區****,,否,,,,,,,
205,吳沛憶,113年立法委員選舉,首次申報,1121208,雜支支出,竹禾便當,88217095,0.00,2000.00,,,,餐飲費用,金錢,臺北市中正區****,,否,,,,,,,
206,吳沛憶,113年立法委員選舉,首次申報,1121208,公共關係費用支出,花田花藝精品名店,95890329,0.00,3000.00,,,,聯誼交際費用,金錢,新北市板橋區****,02-8*****,否,,,,,,,
207,吳沛憶,113年立法委員選舉,首次申報,1121209,公共關係費用支出,花田花藝精品名店,95890329,0.00,3000.00,,,,聯誼交際費用,金錢,新北市板橋區****,,否,,,,,,,
208,吳沛憶,113年立法委員選舉,首次申報,1121210,宣傳支出,醒目廣告企業社,34836129,0.00,21000.00,,,,租用廣告看板或車體廣告費用,金錢,桃園市中壢區****,,否,,,,,,,
209,吳沛憶,113年立法委員選舉,首次申報,1121210,公共關係費用支出,花田花藝精品名店,95890329,0.00,3000.00,,,,聯誼交際費用,金錢,新北市板橋區****,02-8*****,否,,,,,,,
210,吳沛憶,113年立法委員選舉,首次申報,1121212,租用宣傳車輛支出,魔術小巴國際行銷有限公司,24384596,0.00,40950.00,,,,租用宣傳車輛費用,金錢,新北市新莊區****,,否,,,,,,,
211,吳沛憶,113年立法委員選舉,首次申報,1121214,公共關係費用支出,花菁鮮花店,,0.00,2000.00,,,,聯誼交際費用,金錢,臺北市萬華區****,,否,,,,,,,
212,吳沛憶,113年立法委員選舉,首次申報,1121214,公共關係費用支出,花田花藝精品名店,95890329,0.00,3000.00,,,,聯誼交際費用,金錢,新北市板橋區****,,否,,,,,,,
213,吳沛憶,113年立法委員選舉,首次申報,1121215,雜支支出,傳音電氣行,77163712,0.00,1200.00,,,,雜項購置或修繕費用,金錢,,,否,,,,,,,
214,吳沛憶,113年立法委員選舉,首次申報,1121215,雜支支出,跳跳使奇普整合行銷有限公司,90633316,0.00,12600.00,,,,雜項購置或修繕費用,金錢,臺北市大同區****,,否,,,,,,,
215,吳沛憶,113年立法委員選舉,首次申報,1121216,公共關係費用支出,花菁鮮花店,,0.00,2000.00,,,,聯誼交際費用,金錢,臺北市萬華區****,,否,,,,,,,
216,吳沛憶,113年立法委員選舉,首次申報,1121218,公共關係費用支出,花菁鮮花店,,0.00,2000.00,,,,聯誼交際費用,金錢,臺北市萬華區****,,否,,,,,,,
217,吳沛憶,113年立法委員選舉,首次申報,1121218,宣傳支出,皇星廣告社,34464751,0.00,5880.00,,,,製作競選物品或宣傳廣告費用,金錢,新北市板橋區****,02-2*****,否,,,,,,,
218,吳沛憶,113年立法委員選舉,首次申報,1121220,宣傳支出,皇星廣告社,34464751,0.00,7560.00,,,,製作競選物品或宣傳廣告費用,金錢,新北市板橋區****,02-2*****,否,,,,,,,
219,吳沛憶,113年立法委員選舉,首次申報,1121220,雜支支出,小意思企業社,48963784,0.00,39375.00,,,,雜項購置或修繕費用,金錢,臺北市大同區****,,否,,,,,,,
220,吳沛憶,113年立法委員選舉,首次申報,1121220,公共關係費用支出,花田花藝精品名店,95890329,0.00,3000.00,,,,聯誼交際費用,金錢,新北市板橋區****,,否,,,,,,,
221,吳沛憶,113年立法委員選舉,首次申報,1121222,宣傳支出,山水民意研究股份有限公司,16135975,0.00,157500.00,,,,委託辦理研究、評估、調查、設計或規劃費用,金錢,臺北市八德路****,,否,,,,,,,
222,吳沛憶,113年立法委員選舉,首次申報,1121222,宣傳支出,威朋大數據股份有限公司,28892170,0.00,84000.00,,,,其他與選舉宣傳有關之費用,金錢,臺北市松山區****,,否,,,,,,,
223,吳沛憶,113年立法委員選舉,首次申報,1121222,宣傳支出,志瑋印刷品行,31874393,0.00,20000.00,,,,製作競選物品或宣傳廣告費用,金錢,臺北市中正區****,,否,,,,,,,
224,吳沛憶,113年立法委員選舉,首次申報,1121222,雜支支出,敦仁餐飲有限公司,52944000,0.00,15750.00,,,,餐飲費用,金錢,臺北市萬華區****,,否,,,,,,,
225,吳沛憶,113年立法委員選舉,首次申報,1121223,宣傳支出,皇星廣告社,34464751,0.00,7665.00,,,,製作競選物品或宣傳廣告費用,金錢,新北市板橋區****,02-2*****,否,,,,,,,
226,吳沛憶,113年立法委員選舉,首次申報,1121225,宣傳支出,皇星廣告社,34464751,0.00,22995.00,,,,製作競選物品或宣傳廣告費用,金錢,新北市板橋區****,02-2*****,否,,,,,,,
227,吳沛憶,113年立法委員選舉,首次申報,1121225,宣傳支出,梵瑞特有限公司,70835460,0.00,86486.00,,,,其他與選舉宣傳有關之費用,金錢,臺北市信義區****,,否,,,,,,,
228,吳沛憶,113年立法委員選舉,首次申報,1121226,集會支出,如果兒童劇團,17604047,0.00,100000.00,,,,其他與集會有關之費用,金錢,臺北市大同區****,,否,,,,,,,
229,吳沛憶,113年立法委員選舉,首次申報,1121226,宣傳支出,綠色和平廣播股份有限公司,89339531,0.00,60000.00,,,,播放、傳送或刊登宣傳廣告費用,金錢,新北市三重區****,2973*****,否,,,,,,,
230,吳沛憶,113年立法委員選舉,首次申報,1121227,雜支支出,宏裕旗幟有限公司,22642160,0.00,6500.00,,,,雜項購置或修繕費用,金錢,臺北市內湖區****,,否,,,,,,,
231,吳沛憶,113年立法委員選舉,首次申報,1121228,宣傳支出,詮虹企業有限公司,53423767,0.00,18060.00,,,,製作競選物品或宣傳廣告費用,金錢,新北市蘆洲區****,02-8*****,否,,,,,,,
232,吳沛憶,113年立法委員選舉,首次申報,1121229,公共關係費用支出,花菁鮮花店,,0.00,2000.00,,,,聯誼交際費用,金錢,臺北市萬華區****,,否,,,,,,,
233,吳沛憶,113年立法委員選舉,首次申報,1121229,宣傳支出,全景社區廣播電台股份有限公司,89972674,0.00,60000.00,,,,播放、傳送或刊登宣傳廣告費用,金錢,臺北市信義區****,,否,,,,,,,
234,吳沛憶,113年立法委員選舉,首次申報,1121230,宣傳支出,成豪有限公司,27417368,0.00,220500.00,,,,租用廣告看板或車體廣告費用,金錢,新北市板橋區****,,否,,,,,,,
235,吳沛憶,113年立法委員選舉,首次申報,1121230,公共關係費用支出,花田花藝精品名店,95890329,0.00,3000.00,,,,聯誼交際費用,金錢,新北市板橋區****,,否,,,,,,,
236,吳沛憶,113年立法委員選舉,首次申報,1121230,人事費用支出,孫孝誠,A12*******,0.00,37000.00,,,,工資或薪津,金錢,臺北市萬華區****,0983*****,否,,,,,,,
237,吳沛憶,113年立法委員選舉,首次申報,1121230,人事費用支出,陳俊良,A12*******,0.00,10000.00,,,,加班費或值班費,金錢,臺北市信義區****,0958*****,否,,,,,,,
238,吳沛憶,113年立法委員選舉,首次申報,1121230,人事費用支出,孫孝誠,A12*******,0.00,10000.00,,,,加班費或值班費,金錢,臺北市萬華區****,0983*****,否,,,,,,,
239,吳沛憶,113年立法委員選舉,首次申報,1121230,人事費用支出,陳彥宇,A22*******,0.00,40000.00,,,,工資或薪津,金錢,臺北市士林區****,,否,,,,,,,
240,吳沛憶,113年立法委員選舉,首次申報,1121230,人事費用支出,李貞誼,F22*******,0.00,10000.00,,,,加班費或值班費,金錢,臺北市萬華區****,0921*****,否,,,,,,,
241,吳沛憶,113年立法委員選舉,首次申報,1121230,人事費用支出,陳中寧,H12*******,0.00,10000.00,,,,加班費或值班費,金錢,臺北市中山區****,0958*****,否,,,,,,,
242,吳沛憶,113年立法委員選舉,首次申報,1121230,人事費用支出,羅竟祐,L12*******,0.00,10000.00,,,,加班費或值班費,金錢,臺中市北屯區****,,否,,,,,,,
243,吳沛憶,113年立法委員選舉,首次申報,1121230,人事費用支出,黃亭瑋,P22*******,0.00,10000.00,,,,加班費或值班費,金錢,新北市蘆洲區****,0978*****,否,,,,,,,
244,吳沛憶,113年立法委員選舉,首次申報,1121230,人事費用支出,蕭伊妙,Q22*******,0.00,10000.00,,,,加班費或值班費,金錢,臺北市萬華區****,0988*****,否,,,,,,,
245,吳沛憶,113年立法委員選舉,首次申報,1121230,人事費用支出,蕭伊妙,Q22*******,0.00,50000.00,,,,工資或薪津,金錢,臺北市萬華區****,0988*****,否,,,,,,,
246,吳沛憶,113年立法委員選舉,首次申報,1121230,人事費用支出,胡儷馨,R22*******,0.00,10000.00,,,,加班費或值班費,金錢,臺南市大內區****,0903*****,否,,,,,,,
247,吳沛憶,113年立法委員選舉,首次申報,1121230,人事費用支出,陳彥睿,T12*******,0.00,10000.00,,,,加班費或值班費,金錢,臺北市中正區****,0905*****,否,,,,,,,
248,吳沛憶,113年立法委員選舉,首次申報,1121230,人事費用支出,陳彥睿,T12*******,0.00,30000.00,,,,工資或薪津,金錢,臺北市中正區****,0905*****,否,,,,,,,
249,吳沛憶,113年立法委員選舉,首次申報,1121231,宣傳支出,志瑋印刷品行,31874393,0.00,19000.00,,,,製作競選物品或宣傳廣告費用,金錢,臺北市中正區****,,否,,,,,,,
250,吳沛憶,113年立法委員選舉,首次申報,1130101,租用競選辦事處支出,蔡順展,A12*******,0.00,100000.00,,,,租用競選辦事處費用,金錢,臺北市萬華區****,,否,,,,,,,
251,吳沛憶,113年立法委員選舉,首次申報,1130102,宣傳支出,康森傳播股份有限公司,27556895,0.00,100000.00,,,,播放、傳送或刊登宣傳廣告費用,金錢,臺北市萬華區****,,否,,,,,,,
252,吳沛憶,113年立法委員選舉,首次申報,1130103,租用宣傳車輛支出,臺陽廣告工程行,95865068,0.00,22890.00,,,,其他與租用宣傳車輛有關之費用,金錢,新北市三重區****,,否,,,,,,,
253,吳沛憶,113年立法委員選舉,首次申報,1130104,宣傳支出,威朋大數據股份有限公司,28892170,0.00,96000.00,,,,播放、傳送或刊登宣傳廣告費用,金錢,臺北市松山區****,,否,,,,,,,
254,吳沛憶,113年立法委員選舉,首次申報,1130104,宣傳支出,三竹資訊股份有限公司,86136982,0.00,2000.00,,,,發送電信簡訊費用,金錢,臺北市中山區****,,否,,,,,,,
255,吳沛憶,113年立法委員選舉,首次申報,1130105,宣傳支出,皇星廣告社,34464751,0.00,25830.00,,,,製作競選物品或宣傳廣告費用,金錢,新北市板橋區****,02-2*****,否,,,,,,,
256,吳沛憶,113年立法委員選舉,首次申報,1130106,宣傳支出,瘋藝術整合行銷有限公司,54988427,0.00,350000.00,,,,演講或表演費用,金錢,新竹市香山區****,,否,,,,,,,
257,吳沛憶,113年立法委員選舉,首次申報,1130106,集會支出,樂創燈光音響工程有限公司,68060980,0.00,96705.00,,,,租用設備費用,金錢,新北市三重區****,,否,,,,,,,
258,吳沛憶,113年立法委員選舉,首次申報,1130108,宣傳支出,鎮城廣告企業社,31950005,0.00,13965.00,,,,製作競選物品或宣傳廣告費用,金錢,臺北市萬華區****,,否,,,,,,,
259,吳沛憶,113年立法委員選舉,首次申報,1130108,宣傳支出,傳達派報社,42428688,0.00,25179.00,,,,播放、傳送或刊登宣傳廣告費用,金錢,新北市中和區****,,否,,,,,,,
260,吳沛憶,113年立法委員選舉,首次申報,1130110,宣傳支出,威朋大數據股份有限公司,28892170,0.00,50000.00,,,,播放、傳送或刊登宣傳廣告費用,金錢,臺北市松山區****,,否,,,,,,,
261,吳沛憶,113年立法委員選舉,首次申報,1130110,宣傳支出,查查旺旺創意有限公司,83415188,0.00,698250.00,,,,製作競選物品或宣傳廣告費用,金錢,新北市永和區****,0955*****,否,,,,,,,
262,吳沛憶,113年立法委員選舉,首次申報,1130115,宣傳支出,山水民意研究股份有限公司,16135975,0.00,104068.00,,,,委託辦理研究、評估、調查、設計或規劃費用,金錢,臺北市八德路****,,否,,,,,,,
263,吳沛憶,113年立法委員選舉,首次申報,1130115,宣傳支出,大壞蛋影像互動股份有限公司,43825496,0.00,11550.00,,,,其他與選舉宣傳有關之費用,金錢,臺北市松山區****,,否,,,,,,,
264,吳沛憶,113年立法委員選舉,首次申報,1130115,返還捐贈支出,僑華有限公司,52657908,0.00,200000.00,,,,返還,金錢,新北市中和區****,,否,,,,,,,
265,吳沛憶,113年立法委員選舉,首次申報,1130115,宣傳支出,三竹資訊股份有限公司,86136982,0.00,5000.00,,,,發送電信簡訊費用,金錢,臺北市中山區****,,否,,,,,,,
266,吳沛憶,113年立法委員選舉,首次申報,1130117,人事費用支出,蕭丞志,A12*******,0.00,10080.00,,,,工資或薪津,金錢,臺北市萬華區****,,否,,,,,,,
267,吳沛憶,113年立法委員選舉,首次申報,1130118,人事費用支出,劉祥蝶,A22*******,0.00,194000.00,,,,其他因工作酬勞之給付,金錢,臺北市文山區****,,否,,,,,,,
268,吳沛憶,113年立法委員選舉,首次申報,1130119,返還捐贈支出,星竑科技有限公司,53552305,0.00,50000.00,,,,返還,金錢,臺北市中正區****,,否,,,,,,,
269,吳沛憶,113年立法委員選舉,首次申報,1130119,人事費用支出,陳宛青,A22*******,0.00,13320.00,,,,工資或薪津,金錢,臺北市士林區****,,否,,,,,,,
270,吳沛憶,113年立法委員選舉,首次申報,1130120,宣傳支出,原創視覺設計社,09975538,0.00,360000.00,,,,製作競選物品或宣傳廣告費用,金錢,新竹市復中里****,03-5*****,否,,,,,,,
271,吳沛憶,113年立法委員選舉,首次申報,1130122,返還捐贈支出,貝殼放大股份有限公司,24758594,0.00,7500.00,,,,返還,金錢,臺北市萬華區****,,否,,,,,,,
272,吳沛憶,113年立法委員選舉,首次申報,1130124,宣傳支出,深度設計有限公司,54039761,0.00,226000.00,,,,製作競選物品或宣傳廣告費用,金錢,新北市中和區****,02-2*****,否,,,,,,,
273,吳沛憶,113年立法委員選舉,首次申報,1130129,人事費用支出,孫孝誠,A12*******,0.00,37000.00,,,,工資或薪津,金錢,臺北市萬華區****,0983*****,否,,,,,,,
274,吳沛憶,113年立法委員選舉,首次申報,1130129,人事費用支出,孫孝誠,A12*******,0.00,10000.00,,,,加班費或值班費,金錢,臺北市萬華區****,0983*****,否,,,,,,,
275,吳沛憶,113年立法委員選舉,首次申報,1130129,人事費用支出,陳彥宇,A22*******,0.00,40000.00,,,,工資或薪津,金錢,臺北市士林區****,,否,,,,,,,
276,吳沛憶,113年立法委員選舉,首次申報,1130129,人事費用支出,李貞誼,F22*******,0.00,10000.00,,,,加班費或值班費,金錢,臺北市萬華區****,0921*****,否,,,,,,,
277,吳沛憶,113年立法委員選舉,首次申報,1130129,人事費用支出,陳中寧,H12*******,0.00,10000.00,,,,加班費或值班費,金錢,臺北市中山區****,0958*****,否,,,,,,,
278,吳沛憶,113年立法委員選舉,首次申報,1130129,人事費用支出,羅竟祐,L12*******,0.00,10000.00,,,,加班費或值班費,金錢,臺中市北屯區****,,否,,,,,,,
279,吳沛憶,113年立法委員選舉,首次申報,1130129,人事費用支出,蕭伊妙,Q22*******,0.00,50000.00,,,,工資或薪津,金錢,臺北市萬華區****,0988*****,否,,,,,,,
280,吳沛憶,113年立法委員選舉,首次申報,1130129,人事費用支出,蕭伊妙,Q22*******,0.00,10000.00,,,,加班費或值班費,金錢,臺北市萬華區****,0988*****,否,,,,,,,
281,吳沛憶,113年立法委員選舉,首次申報,1130129,人事費用支出,胡儷馨,R22*******,0.00,10000.00,,,,加班費或值班費,金錢,臺南市大內區****,0903*****,否,,,,,,,
282,吳沛憶,113年立法委員選舉,首次申報,1130129,人事費用支出,陳彥睿,T12*******,0.00,10000.00,,,,加班費或值班費,金錢,臺北市中正區****,0905*****,否,,,,,,,
283,吳沛憶,113年立法委員選舉,首次申報,1130129,人事費用支出,陳彥睿,T12*******,0.00,30000.00,,,,工資或薪津,金錢,臺北市中正區****,0905*****,否,,,,,,,
284,吳沛憶,113年立法委員選舉,首次申報,1130130,人事費用支出,陳俊良,A12*******,0.00,10000.00,,,,加班費或值班費,金錢,臺北市信義區****,0958*****,否,,,,,,,
285,吳沛憶,113年立法委員選舉,首次申報,1130130,人事費用支出,黃亭瑋,P22*******,0.00,10000.00,,,,加班費或值班費,金錢,新北市蘆洲區****,0978*****,否,,,,,,,
286,吳沛憶,113年立法委員選舉,首次申報,1130207,返還捐贈支出,頂恆工程有限公司,16417860,0.00,50000.00,,,,返還,金錢,臺北市萬華區****,,否,,,,,,,
287,吳沛憶,113年立法委員選舉,首次申報,1130410,繳庫支出,監察院,03753307,0.00,500.00,,,,繳庫,金錢,台北市忠孝東****,,否,,,,,,,
