﻿序號,擬參選人／政黨,選舉名稱,申報序號／年度,交易日期,收支科目,捐贈者／支出對象,身分證／統一編號,收入金額,支出金額,支出用途,金錢類,地址,聯絡電話,資料更正日期
1,曾煥彰,107年鄉(鎮、市)長選舉,首次申報,1071024,個人捐贈收入,謝堯聖,N12*******,100000.00,0.00,,金錢,新北市板橋區****,,
2,曾煥彰,107年鄉(鎮、市)長選舉,首次申報,1071106,個人捐贈收入,林肇淵,N12*******,50000.00,0.00,,金錢,彰化縣秀水鄉****,,
3,曾煥彰,107年鄉(鎮、市)長選舉,首次申報,1071106,個人捐贈收入,林肇祁,N12*******,50000.00,0.00,,金錢,彰化縣秀水鄉****,,
4,曾煥彰,107年鄉(鎮、市)長選舉,首次申報,1071116,個人捐贈收入,伍國元,N12*******,30000.00,0.00,,金錢,彰化縣和美鎮****,,
5,曾煥彰,107年鄉(鎮、市)長選舉,首次申報,1071221,其他收入,利息收入,,3.00,0.00,,金錢,,,
