﻿序號,擬參選人／政黨,選舉名稱,申報序號／年度,交易日期,收支科目,捐贈者／支出對象,身分證／統一編號,收入金額,支出金額,支出用途,金錢類,地址,聯絡電話,資料更正日期
1,謝春梅,107年鄉(鎮、市)長選舉,首次申報,1071118,營利事業捐贈收入,聯勤鋁業社,21817774,5000.00,0.00,,金錢,苗栗縣獅潭鄉****,,
2,謝春梅,107年鄉(鎮、市)長選舉,首次申報,1071118,個人捐贈收入,劉森泰,K10*******,10000.00,0.00,,金錢,苗栗縣獅潭鄉****,,
3,謝春梅,107年鄉(鎮、市)長選舉,首次申報,1071118,個人捐贈收入,劉保雲,K10*******,10000.00,0.00,,金錢,苗栗縣獅潭鄉****,,
4,謝春梅,107年鄉(鎮、市)長選舉,首次申報,1071118,個人捐贈收入,吳萬球,K10*******,10000.00,0.00,,金錢,苗栗縣獅潭鄉****,,
5,謝春梅,107年鄉(鎮、市)長選舉,首次申報,1071118,個人捐贈收入,陳縣輝,K10*******,6000.00,0.00,,金錢,苗栗縣獅潭鄉****,,
6,謝春梅,107年鄉(鎮、市)長選舉,首次申報,1071118,個人捐贈收入,劉榮亮,K12*******,20000.00,0.00,,金錢,苗栗縣獅潭鄉****,,
7,謝春梅,107年鄉(鎮、市)長選舉,首次申報,1071118,個人捐贈收入,吳聲能,K12*******,2000.00,0.00,,金錢,苗栗縣獅潭鄉****,,
8,謝春梅,107年鄉(鎮、市)長選舉,首次申報,1071118,個人捐贈收入,劉雪梅,K20*******,12000.00,0.00,,金錢,苗栗縣獅潭鄉****,,
9,謝春梅,107年鄉(鎮、市)長選舉,首次申報,1071118,個人捐贈收入,邱明珍,K20*******,20000.00,0.00,,金錢,台中市東區東****,,
10,謝春梅,107年鄉(鎮、市)長選舉,首次申報,1071118,個人捐贈收入,邱碧芳,K22*******,10000.00,0.00,,金錢,苗栗縣獅潭鄉****,,
11,謝春梅,107年鄉(鎮、市)長選舉,首次申報,1071120,個人捐贈收入,黃定文,K12*******,10000.00,0.00,,非金錢,苗栗市文山里****,,
12,謝春梅,107年鄉(鎮、市)長選舉,首次申報,1071120,個人捐贈收入,曾瑞英,K20*******,10000.00,0.00,,非金錢,苗栗縣獅潭鄉****,,
13,謝春梅,107年鄉(鎮、市)長選舉,首次申報,1071121,個人捐贈收入,黃朝匡,K10*******,12000.00,0.00,,非金錢,苗栗縣獅潭鄉****,,
