﻿序號,擬參選人／政黨,選舉名稱,申報序號／年度,交易日期,收支科目,捐贈者／支出對象,身分證／統一編號,收入金額,支出金額,捐贈方式,存入專戶日期,返還/繳庫,支出用途,金錢類,地址,聯絡電話,應揭露之支出對象,支出對象之內部人員姓名,支出對象之內部人員職稱,政黨之內部人員姓名,政黨之內部人員職稱,關係,更正註記,資料更正日期
1,周平,111年彰化縣彰化市市民代表選舉,首次申報,1110818,人事費用支出,黃敏家,M12*******,0.00,9000.00,,,,工資或薪津,金錢,彰化縣彰化市****,,否,,,,,,,
2,周平,111年彰化縣彰化市市民代表選舉,首次申報,1110818,人事費用支出,呂安福,P12*******,0.00,8000.00,,,,工資或薪津,金錢,彰化縣和美鎮****,,否,,,,,,,
3,周平,111年彰化縣彰化市市民代表選舉,首次申報,1110820,宣傳支出,華南快速印刷,95962266,0.00,5000.00,,,,製作競選物品或宣傳廣告費用（口罩印刷）,金錢,彰化縣彰化市****,,否,,,,,,,
4,周平,111年彰化縣彰化市市民代表選舉,首次申報,1110820,租用競選辦事處支出,尹進成,N10*******,0.00,125000.00,,,,租用競選辦事處費用,金錢,彰化縣彰化市****,,否,,,,,,,
5,周平,111年彰化縣彰化市市民代表選舉,首次申報,1110820,人事費用支出,黃錦錫,N10*******,0.00,18500.00,,,,工資或薪津,金錢,彰化縣彰化市****,,否,,,,,,,
6,周平,111年彰化縣彰化市市民代表選舉,首次申報,1110820,人事費用支出,林昆保,N12*******,0.00,18500.00,,,,工資或薪津,金錢,彰化縣彰化市****,,否,,,,,,,
7,周平,111年彰化縣彰化市市民代表選舉,首次申報,1110828,宣傳支出,華南快速印刷,95962266,0.00,5000.00,,,,製作競選物品或宣傳廣告費用（口罩印刷）,金錢,彰化縣彰化市****,,否,,,,,,,
8,周平,111年彰化縣彰化市市民代表選舉,首次申報,1110902,宣傳支出,華南快速印刷,95962266,0.00,5000.00,,,,製作競選物品或宣傳廣告費用（口罩印刷）,金錢,彰化縣彰化市****,,否,,,,,,,
9,周平,111年彰化縣彰化市市民代表選舉,首次申報,1110905,人事費用支出,黃錦錫,N10*******,0.00,19000.00,,,,工資或薪津,金錢,彰化縣彰化市****,,否,,,,,,,
10,周平,111年彰化縣彰化市市民代表選舉,首次申報,1110905,人事費用支出,林昆保,N12*******,0.00,19000.00,,,,工資或薪津,金錢,彰化縣彰化市****,,否,,,,,,,
11,周平,111年彰化縣彰化市市民代表選舉,首次申報,1110910,宣傳支出,華南快速印刷,95962266,0.00,5000.00,,,,製作競選物品或宣傳廣告費用（口罩印刷）,金錢,彰化縣彰化市****,,否,,,,,,,
12,周平,111年彰化縣彰化市市民代表選舉,首次申報,1110918,宣傳支出,華南快速印刷,95962266,0.00,5000.00,,,,製作競選物品或宣傳廣告費用（口罩印刷）,金錢,彰化縣彰化市****,,否,,,,,,,
13,周平,111年彰化縣彰化市市民代表選舉,首次申報,1110919,宣傳支出,凱樂媒體資訊有限公司,28343061,0.00,78750.00,,,,製作競選物品或宣傳廣告費用（尼龍材質環保袋）,金錢,臺中市西屯區****,,否,,,,,,,
14,周平,111年彰化縣彰化市市民代表選舉,首次申報,1110920,人事費用支出,黃敏家,M12*******,0.00,10000.00,,,,工資或薪津,金錢,彰化縣彰化市****,,否,,,,,,,
15,周平,111年彰化縣彰化市市民代表選舉,首次申報,1110930,人事費用支出,林昆保,N12*******,0.00,16000.00,,,,工資或薪津,金錢,彰化縣彰化市****,,否,,,,,,,
16,周平,111年彰化縣彰化市市民代表選舉,首次申報,1111001,人事費用支出,黃錦錫,N10*******,0.00,15000.00,,,,工資或薪津,金錢,彰化縣彰化市****,,否,,,,,,,
17,周平,111年彰化縣彰化市市民代表選舉,首次申報,1111015,人事費用支出,林昆保,N12*******,0.00,9000.00,,,,工資或薪津,金錢,彰化縣彰化市****,,否,,,,,,,
18,周平,111年彰化縣彰化市市民代表選舉,首次申報,1111021,人事費用支出,黃敏家,M12*******,0.00,20000.00,,,,工資或薪津,金錢,彰化縣彰化市****,,否,,,,,,,
19,周平,111年彰化縣彰化市市民代表選舉,首次申報,1111021,人事費用支出,呂安福,P12*******,0.00,18000.00,,,,工資或薪津,金錢,彰化縣和美鎮****,,否,,,,,,,
20,周平,111年彰化縣彰化市市民代表選舉,首次申報,1111101,宣傳支出,順易利實業有限公司,,0.00,6600.00,,,,製作競選物品或宣傳廣告費用（口罩）,金錢,臺北市大安區****,,否,,,,,,,
21,周平,111年彰化縣彰化市市民代表選舉,首次申報,1111101,人事費用支出,黃錦錫,N10*******,0.00,9000.00,,,,工資或薪津,金錢,彰化縣彰化市****,,否,,,,,,,
22,周平,111年彰化縣彰化市市民代表選舉,首次申報,1111102,人事費用支出,呂安福,P12*******,0.00,10000.00,,,,工資或薪津,金錢,彰化縣和美鎮****,,否,,,,,,,
23,周平,111年彰化縣彰化市市民代表選舉,首次申報,1111127,人事費用支出,黃敏家,M12*******,0.00,10000.00,,,,工資或薪津,金錢,彰化縣彰化市****,,否,,,,,,,
24,周平,111年彰化縣彰化市市民代表選舉,首次申報,1111127,人事費用支出,林昆保,N12*******,0.00,12000.00,,,,工資或薪津,金錢,彰化縣彰化市****,,否,,,,,,,
25,周平,111年彰化縣彰化市市民代表選舉,首次申報,1111128,宣傳支出,華一廣告事業有限公司,97221177,0.00,100000.00,,,,製作競選物品或宣傳廣告費用（廣告看板設計及帆布輸出）,金錢,彰化縣彰化市****,,否,,,,,,,
26,周平,111年彰化縣彰化市市民代表選舉,首次申報,1111226,雜支支出,中華電信股份有限公司彰化營運處,,0.00,1553.00,,,,電信費用,金錢,彰化縣彰化市****,,否,,,,,,,
