﻿序號,擬參選人／政黨,選舉名稱,申報序號／年度,交易日期,收支科目,捐贈者／支出對象,身分證／統一編號,收入金額,支出金額,支出用途,金錢類,地址,聯絡電話,資料更正日期
1,許文棟,107年縣(市)議員選舉,首次申報,1071002,個人捐贈收入,周美慧,J22*******,93312.00,0.00,,非金錢,新竹市牛埔南****,,
2,許文棟,107年縣(市)議員選舉,首次申報,1071004,個人捐贈收入,姚志峯,T12*******,100000.00,0.00,,金錢,新竹市明湖路****,,
3,許文棟,107年縣(市)議員選舉,首次申報,1071007,個人捐贈收入,張秉庠,E12*******,99000.00,0.00,,金錢,新竹市明湖路****,,
4,許文棟,107年縣(市)議員選舉,首次申報,1071007,個人捐贈收入,蔡國寶,J12*******,45000.00,0.00,,非金錢,臺中市北屯區****,,
5,許文棟,107年縣(市)議員選舉,首次申報,1071018,個人捐贈收入,李佳蓁,F22*******,50000.00,0.00,,金錢,新竹市西大路****,0937*****,
6,許文棟,107年縣(市)議員選舉,首次申報,1071022,營利事業捐贈收入,顯榮投資有限公司,24443602,300000.00,0.00,,金錢,新竹市中華路****,,
7,許文棟,107年縣(市)議員選舉,首次申報,1071024,個人捐贈收入,王朝隆,J10*******,100000.00,0.00,,金錢,新竹市民富街****,03-5*****,
8,許文棟,107年縣(市)議員選舉,首次申報,1071027,個人捐贈收入,蔡雪娥,J20*******,90000.00,0.00,,非金錢,新竹市光華街****,,
9,許文棟,107年縣(市)議員選舉,首次申報,1071027,個人捐贈收入,許淑英,J22*******,30000.00,0.00,,非金錢,新竹市東大路****,,
10,許文棟,107年縣(市)議員選舉,首次申報,1071110,個人捐贈收入,蔡國寶,J12*******,24000.00,0.00,,非金錢,臺中市北屯區****,,
11,許文棟,107年縣(市)議員選舉,首次申報,1071118,個人捐贈收入,李江榮,J12*******,20000.00,0.00,,金錢,新竹市東南街****,0910*****,
12,許文棟,107年縣(市)議員選舉,首次申報,1071118,個人捐贈收入,呂雅薰,O20*******,84000.00,0.00,,非金錢,新竹縣竹北市****,,
13,許文棟,107年縣(市)議員選舉,首次申報,1071120,個人捐贈收入,莊皓尹,H20*******,32000.00,0.00,,金錢,新竹市食品路****,0928*****,
14,許文棟,107年縣(市)議員選舉,首次申報,1071122,個人捐贈收入,黃來發,U10*******,32000.00,0.00,,非金錢,新竹市民富街****,0921*****,
15,許文棟,107年縣(市)議員選舉,首次申報,1071221,其他收入,利息收入,,49.00,0.00,,金錢,,,
