﻿序號,擬參選人／政黨,選舉名稱,申報序號／年度,交易日期,收支科目,捐贈者／支出對象,身分證／統一編號,收入金額,支出金額,捐贈方式,存入專戶日期,返還/繳庫,支出用途,金錢類,地址,聯絡電話,應揭露之支出對象,支出對象之內部人員姓名,支出對象之內部人員職稱,政黨之內部人員姓名,政黨之內部人員職稱,關係,更正註記,資料更正日期
1,李政憲,113年立法委員選舉,首次申報,1121016,匿名捐贈,匿名,,1000.00,0.00,匯款,1121016,,,金錢,,,,,,,,,,
2,李政憲,113年立法委員選舉,首次申報,1121128,政黨捐贈收入,司法改革黨,政黨證字第382號,100000.00,0.00,匯款,1121128,,,金錢,臺北市中正區****,0986*****,,,,,,,,
3,李政憲,113年立法委員選舉,首次申報,1121204,匿名捐贈,匿名,,2000.00,0.00,匯款,1121204,,,金錢,,,,,,,,,,
4,李政憲,113年立法委員選舉,首次申報,1121211,匿名捐贈,匿名,,3000.00,0.00,匯款,1121211,,,金錢,,,,,,,,,,
5,李政憲,113年立法委員選舉,首次申報,1121220,匿名捐贈,匿名,,5000.00,0.00,匯款,1121220,,,金錢,,,,,,,,,,
6,李政憲,113年立法委員選舉,首次申報,1121221,其他收入,利息收入,,9.00,0.00,匯款,,,,金錢,,,,,,,,,,
7,李政憲,113年立法委員選舉,首次申報,1130118,其他收入,利息收入,,4.00,0.00,匯款,,,,金錢,,,,,,,,,,
