﻿序號,擬參選人／政黨,選舉名稱,申報序號／年度,交易日期,收支科目,捐贈者／支出對象,身分證／統一編號,收入金額,支出金額,捐贈方式,存入專戶日期,返還/繳庫,支出用途,金錢類,地址,聯絡電話,應揭露之支出對象,支出對象之內部人員姓名,支出對象之內部人員職稱,政黨之內部人員姓名,政黨之內部人員職稱,關係,更正註記,資料更正日期
1,黃明太,111年高雄市議員選舉,首次申報,1110705,營利事業捐贈收入,力大鋼鐵工業股份有限公司,69534748,50000.00,0.00,現金,1110711,,,金錢,高雄市湖內區****,0928*****,,,,,,,,
2,黃明太,111年高雄市議員選舉,首次申報,1110705,營利事業捐贈收入,英開實業股份有限公司,80069347,50000.00,0.00,現金,1110711,,,金錢,高雄市湖內區****,07-6*****,,,,,,,,
3,黃明太,111年高雄市議員選舉,首次申報,1110705,個人捐贈收入,陳伯昇,E12*******,10000.00,0.00,匯款,1110705,,,金錢,高雄市左營區****,0903*****,,,,,,,,
4,黃明太,111年高雄市議員選舉,首次申報,1110719,匿名捐贈,匿名,,888.00,0.00,匯款,1110719,,,金錢,,,,,,,,,,
5,黃明太,111年高雄市議員選舉,首次申報,1110719,個人捐贈收入,林昇璋,E10*******,10000.00,0.00,匯款,1110719,,,金錢,高雄市鹽埕區****,0910*****,,,,,,,,
6,黃明太,111年高雄市議員選舉,首次申報,1110719,個人捐贈收入,李虹欣,E22*******,300.00,0.00,匯款,1110719,,,金錢,高雄市路竹區****,,,,,,,,,
7,黃明太,111年高雄市議員選舉,首次申報,1110720,匿名捐贈,匿名,,2000.00,0.00,匯款,1110720,,,金錢,,,,,,,,,,
8,黃明太,111年高雄市議員選舉,首次申報,1110720,個人捐贈收入,何思慧,S20*******,1680.00,0.00,匯款,1110720,,,金錢,,,,,,,,,,
9,黃明太,111年高雄市議員選舉,首次申報,1110721,個人捐贈收入,藍惠卿,,3000.00,0.00,匯款,1110721,,,金錢,,0933*****,,,,,,,,
10,黃明太,111年高雄市議員選舉,首次申報,1110721,個人捐贈收入,蘇明耀,,2000.00,0.00,匯款,1110721,,,金錢,高雄市湖內區****,0911*****,,,,,,,,
11,黃明太,111年高雄市議員選舉,首次申報,1110721,個人捐贈收入,吳俊賢,S12*******,10000.00,0.00,匯款,1110721,,,金錢,,,,,,,,,,
12,黃明太,111年高雄市議員選舉,首次申報,1110721,個人捐贈收入,洪資兆,S12*******,30000.00,0.00,匯款,1110721,,,金錢,高雄市路竹區****,0929*****,,,,,,,,
13,黃明太,111年高雄市議員選舉,首次申報,1110722,匿名捐贈,匿名,,200.00,0.00,匯款,1110722,,,金錢,,,,,,,,,,
14,黃明太,111年高雄市議員選舉,首次申報,1110725,匿名捐贈,蔣明坤,,2000.00,0.00,匯款,1110725,,,金錢,,,,,,,,,,
15,黃明太,111年高雄市議員選舉,首次申報,1110725,個人捐贈收入,林于智,E12*******,5000.00,0.00,匯款,1110725,,,金錢,高雄市前鎮區****,0937*****,,,,,,,,
16,黃明太,111年高雄市議員選舉,首次申報,1110726,匿名捐贈,匿名,,666.00,0.00,匯款,1110726,,,金錢,,,,,,,,,,
17,黃明太,111年高雄市議員選舉,首次申報,1110726,個人捐贈收入,郭昆發黃姿僑郭展嘉郭碧媛郭展佑,,10000.00,0.00,匯款,1110726,,,金錢,,0933*****,,,,,,,,
18,黃明太,111年高雄市議員選舉,首次申報,1110727,個人捐贈收入,張志哲,L12*******,10000.00,0.00,匯款,1110727,,,金錢,高雄市鳥松區****,0939*****,,,,,,,,
19,黃明太,111年高雄市議員選舉,首次申報,1110728,個人捐贈收入,徐啟誠,,3000.00,0.00,匯款,1110728,,,金錢,高雄市茄萣區****,0970*****,,,,,,,,
20,黃明太,111年高雄市議員選舉,首次申報,1110728,個人捐贈收入,王鈺銘,,2000.00,0.00,匯款,1110728,,,金錢,,0975*****,,,,,,,,
21,黃明太,111年高雄市議員選舉,首次申報,1110728,匿名捐贈,匿名,,600.00,0.00,匯款,1110728,,,金錢,,,,,,,,,,
22,黃明太,111年高雄市議員選舉,首次申報,1110729,營利事業捐贈收入,星琦峰工程行,81157950,10000.00,0.00,匯款,1110729,,,金錢,高雄市茄萣區****,,,,,,,,,
23,黃明太,111年高雄市議員選舉,首次申報,1110729,營利事業捐贈收入,運陞環保工程行,85492723,10000.00,0.00,匯款,1110729,,,金錢,高雄市路竹區****,,,,,,,,,
24,黃明太,111年高雄市議員選舉,首次申報,1110731,匿名捐贈,匿名,,2000.00,0.00,匯款,1110731,,,金錢,,,,,,,,,,
25,黃明太,111年高雄市議員選舉,首次申報,1110801,個人捐贈收入,蘇慶輝,S12*******,100000.00,0.00,匯款,1110801,,,金錢,臺南市安南區****,06-2*****,,,,,,,,
26,黃明太,111年高雄市議員選舉,首次申報,1110802,營利事業捐贈收入,召群實業股份有限公司,50954380,60000.00,0.00,現金,1110809,已返還,,金錢,高雄市路竹區****,07-6*****,,,,,,,,
27,黃明太,111年高雄市議員選舉,首次申報,1110802,營利事業捐贈收入,旭航輪胎股份有限公司,53576186,40000.00,0.00,現金,1110809,已返還,,金錢,高雄市路竹區****,07-6*****,,,,,,,,
28,黃明太,111年高雄市議員選舉,首次申報,1110802,營利事業捐贈收入,招群輪胎股份有限公司,59190934,60000.00,0.00,現金,1110809,已返還,,金錢,高雄市路竹區****,07-6*****,,,,,,,,
29,黃明太,111年高雄市議員選舉,首次申報,1110803,營利事業捐贈收入,長興材料工業股份有限公司,75339004,200000.00,0.00,票據,1110804,,,金錢,高雄市三民區****,07-6*****,,,,,,,,
30,黃明太,111年高雄市議員選舉,首次申報,1110805,匿名捐贈,周虹廷,,200.00,0.00,匯款,1110805,,,金錢,,,,,,,,,,
31,黃明太,111年高雄市議員選舉,首次申報,1110805,匿名捐贈,周虹均,,200.00,0.00,匯款,1110805,,,金錢,,,,,,,,,,
32,黃明太,111年高雄市議員選舉,首次申報,1110805,匿名捐贈,匿名,,200.00,0.00,匯款,1110805,,,金錢,,,,,,,,,,
33,黃明太,111年高雄市議員選舉,首次申報,1110805,匿名捐贈,匿名,,200.00,0.00,匯款,1110805,,,金錢,,,,,,,,,,
34,黃明太,111年高雄市議員選舉,首次申報,1110805,匿名捐贈,匿名,,200.00,0.00,匯款,1110805,,,金錢,,,,,,,,,,
35,黃明太,111年高雄市議員選舉,首次申報,1110805,匿名捐贈,匿名,,200.00,0.00,匯款,1110805,,,金錢,,,,,,,,,,
36,黃明太,111年高雄市議員選舉,首次申報,1110806,匿名捐贈,匿名,,200.00,0.00,匯款,1110806,,,金錢,,,,,,,,,,
37,黃明太,111年高雄市議員選舉,首次申報,1110808,個人捐贈收入,謝明光,,20000.00,0.00,匯款,1110808,,,金錢,,07-6*****,,,,,,,,
38,黃明太,111年高雄市議員選舉,首次申報,1110809,匿名捐贈,匿名,,200.00,0.00,匯款,1110809,,,金錢,,,,,,,,,,
39,黃明太,111年高雄市議員選舉,首次申報,1110810,營利事業捐贈收入,雄順金屬股份有限公司,24512261,100000.00,0.00,匯款,1110810,,,金錢,高雄市路竹區****,07-6*****,,,,,,,,
40,黃明太,111年高雄市議員選舉,首次申報,1110816,營利事業捐贈收入,耀竣全有限公司,28811640,50000.00,0.00,匯款,1110816,,,金錢,臺南市仁德區****,06-2*****,,,,,,,,
41,黃明太,111年高雄市議員選舉,首次申報,1110817,匿名捐贈,王美文,,300.00,0.00,匯款,1110817,,,金錢,,,,,,,,,,
42,黃明太,111年高雄市議員選舉,首次申報,1110817,匿名捐贈,劉淑娟,,200.00,0.00,匯款,1110817,,,金錢,,,,,,,,,,
43,黃明太,111年高雄市議員選舉,首次申報,1110817,匿名捐贈,劉淑華,,600.00,0.00,匯款,1110817,,,金錢,,,,,,,,,,
44,黃明太,111年高雄市議員選舉,首次申報,1110817,匿名捐贈,郭和勳,,200.00,0.00,匯款,1110817,,,金錢,,,,,,,,,,
45,黃明太,111年高雄市議員選舉,首次申報,1110817,匿名捐贈,黃郁文,,300.00,0.00,匯款,1110817,,,金錢,,,,,,,,,,
46,黃明太,111年高雄市議員選舉,首次申報,1110817,匿名捐贈,劉淑媛,,200.00,0.00,匯款,1110817,,,金錢,,,,,,,,,,
47,黃明太,111年高雄市議員選舉,首次申報,1110817,匿名捐贈,劉順慶,,600.00,0.00,匯款,1110817,,,金錢,,,,,,,,,,
48,黃明太,111年高雄市議員選舉,首次申報,1110817,個人捐贈收入,曾聰賢,,800.00,0.00,現金,1110817,,,金錢,,0910*****,,,,,,,,
49,黃明太,111年高雄市議員選舉,首次申報,1110819,營利事業捐贈收入,美德克科技股份有限公司,24680793,200000.00,0.00,匯款,1110819,,,金錢,高雄市茄萣區****,,,,,,,,,
50,黃明太,111年高雄市議員選舉,首次申報,1110820,匿名捐贈,顏總桂,,500.00,0.00,匯款,1110820,,,金錢,,,,,,,,,,
51,黃明太,111年高雄市議員選舉,首次申報,1110820,個人捐贈收入,謝進榮,S10*******,500.00,0.00,現金,1110825,,,金錢,臺南市東區崇****,0955*****,,,,,,,,
52,黃明太,111年高雄市議員選舉,首次申報,1110822,營利事業捐贈收入,元厚環護營造有限公司,16984934,100000.00,0.00,匯款,1110822,,,金錢,高雄市仁武區****,,,,,,,,,
53,黃明太,111年高雄市議員選舉,首次申報,1110822,營利事業捐贈收入,長昱興業有限公司,27663488,300000.00,0.00,匯款,1110822,,,金錢,高雄市燕巢區****,07-6*****,,,,,,,,
54,黃明太,111年高雄市議員選舉,首次申報,1110822,營利事業捐贈收入,華泰工業股份有限公司,89338857,200000.00,0.00,匯款,1110822,,,金錢,高雄市路竹區****,07-6*****,,,,,,,,
55,黃明太,111年高雄市議員選舉,首次申報,1110823,個人捐贈收入,林蔡麗華,,10000.00,0.00,匯款,1110823,,,金錢,,07-6*****,,,,,,,,
56,黃明太,111年高雄市議員選舉,首次申報,1110823,營利事業捐贈收入,集晟實業股份有限公司,23271320,200000.00,0.00,匯款,1110823,,,金錢,高雄市路竹區****,07-6*****,,,,,,,,
57,黃明太,111年高雄市議員選舉,首次申報,1110823,營利事業捐贈收入,高吉克科技股份有限公司,24661698,200000.00,0.00,匯款,1110823,,,金錢,高雄市茄萣區****,07-9*****,,,,,,,,
58,黃明太,111年高雄市議員選舉,首次申報,1110823,營利事業捐贈收入,亞太精鍍股份有限公司,27688468,600000.00,0.00,匯款,1110823,,,金錢,高雄市岡山區****,07-9*****,,,,,,,,
59,黃明太,111年高雄市議員選舉,首次申報,1110826,個人捐贈收入,林榮發,S12*******,100000.00,0.00,匯款,1110826,,,金錢,高雄市茄萣區****,,,,,,,,,
60,黃明太,111年高雄市議員選舉,首次申報,1110826,個人捐贈收入,黃素真,S22*******,100000.00,0.00,匯款,1110826,,,金錢,臺南市安南區****,06-3*****,,,,,,,,
61,黃明太,111年高雄市議員選舉,首次申報,1110826,個人捐贈收入,杜佩瑾,S22*******,100000.00,0.00,匯款,1110826,,,金錢,臺南市安南區****,,,,,,,,,
62,黃明太,111年高雄市議員選舉,首次申報,1110830,匿名捐贈,匿名,,5000.00,0.00,匯款,1110830,,,金錢,,,,,,,,,,
63,黃明太,111年高雄市議員選舉,首次申報,1110831,個人捐贈收入,曾聰賢,S12*******,2000.00,0.00,匯款,1110831,,,金錢,高雄市湖內區****,0910*****,,,,,,,,
64,黃明太,111年高雄市議員選舉,首次申報,1110831,個人捐贈收入,洪銘仁,S12*******,100000.00,0.00,匯款,1110831,,,金錢,高雄市路竹區****,0935*****,,,,,,,,
65,黃明太,111年高雄市議員選舉,首次申報,1110902,匿名捐贈,匿名,,6000.00,0.00,匯款,1110902,,,金錢,,,,,,,,,,
66,黃明太,111年高雄市議員選舉,首次申報,1110902,個人捐贈收入,黃俊宏,S12*******,100000.00,0.00,現金,1110905,,,金錢,高雄市路竹區****,0939*****,,,,,,,,
67,黃明太,111年高雄市議員選舉,首次申報,1110902,個人捐贈收入,黃建生,S12*******,100000.00,0.00,現金,1110905,,,金錢,高雄市岡山區****,0960*****,,,,,,,,
68,黃明太,111年高雄市議員選舉,首次申報,1110903,營利事業捐贈收入,鉦鼎工程有限公司,54831306,100000.00,0.00,現金,1110905,,,金錢,高雄市大社區****,0935*****,,,,,,,,
69,黃明太,111年高雄市議員選舉,首次申報,1110904,匿名捐贈,匿名,,2000.00,0.00,匯款,1110904,,,金錢,,,,,,,,,,
70,黃明太,111年高雄市議員選舉,首次申報,1110905,個人捐贈收入,林榮太,,1000.00,0.00,現金,1110905,,,金錢,高雄市路竹區****,0917*****,,,,,,,,
71,黃明太,111年高雄市議員選舉,首次申報,1110905,營利事業捐贈收入,鍇泰工業有限公司,12772656,100000.00,0.00,票據,1110915,,,金錢,高雄市阿蓮區****,07-6*****,,,,,,,,
72,黃明太,111年高雄市議員選舉,首次申報,1110905,營利事業捐贈收入,亞之榮興業有限公司,86392716,200000.00,0.00,匯款,1110905,,,金錢,高雄市湖內區****,07-6*****,,,,,,,,
73,黃明太,111年高雄市議員選舉,首次申報,1110905,個人捐贈收入,周昱昌,S10*******,66000.00,0.00,匯款,1110905,,,金錢,高雄市岡山區****,07-6*****,,,,,,,,
74,黃明太,111年高雄市議員選舉,首次申報,1110906,匿名捐贈,朱怡瑾,,2000.00,0.00,匯款,1110906,,,金錢,,,,,,,,,,
75,黃明太,111年高雄市議員選舉,首次申報,1110906,匿名捐贈,朱怡靜,,2000.00,0.00,匯款,1110906,,,金錢,,,,,,,,,,
76,黃明太,111年高雄市議員選舉,首次申報,1110906,營利事業捐贈收入,玖成企業股份有限公司,73631659,200000.00,0.00,匯款,1110906,,,金錢,臺南市仁德區****,06-2*****,,,,,,,,
77,黃明太,111年高雄市議員選舉,首次申報,1110906,營利事業捐贈收入,震南鐵線股份有限公司,86540792,100000.00,0.00,匯款,1110906,,,金錢,高雄市路竹區****,07-6*****,,,,,,,,
78,黃明太,111年高雄市議員選舉,首次申報,1110906,個人捐贈收入,曾逢中,S10*******,100000.00,0.00,匯款,1110906,,,金錢,高雄市茄萣區****,07-6*****,,,,,,,,
79,黃明太,111年高雄市議員選舉,首次申報,1110906,個人捐贈收入,曾逢春,S10*******,100000.00,0.00,匯款,1110906,,,金錢,高雄市茄萣區****,07-6*****,,,,,,,,
80,黃明太,111年高雄市議員選舉,首次申報,1110907,個人捐贈收入,鐘陳鑾,,20000.00,0.00,匯款,1110907,,,金錢,高雄市路竹區****,07-6*****,,,,,,,,
81,黃明太,111年高雄市議員選舉,首次申報,1110907,營利事業捐贈收入,英慶實業有限公司,80421947,200000.00,0.00,匯款,1110907,,,金錢,高雄市茄萣區****,07-6*****,,,,,,,,
82,黃明太,111年高雄市議員選舉,首次申報,1110907,個人捐贈收入,陳世峰,R12*******,100000.00,0.00,匯款,1110907,,,金錢,臺南市東區崇****,,,,,,,,,
83,黃明太,111年高雄市議員選舉,首次申報,1110907,個人捐贈收入,曾聰賢,S12*******,3000.00,0.00,匯款,1110907,,,金錢,高雄市湖內區****,0910*****,,,,,,,,
84,黃明太,111年高雄市議員選舉,首次申報,1110907,個人捐贈收入,陳靖欣,S12*******,100000.00,0.00,匯款,1110907,,,金錢,高雄市茄萣區****,,,,,,,,,
85,黃明太,111年高雄市議員選舉,首次申報,1110908,營利事業捐贈收入,平和資源科技股份有限公司,42931809,200000.00,0.00,匯款,1110908,已返還,,金錢,臺南市柳營區****,06-6*****,,,,,,,,
86,黃明太,111年高雄市議員選舉,首次申報,1110909,個人捐贈收入,蔡明志,S12*******,6000.00,0.00,匯款,1110909,,,金錢,臺南市北區長****,0939*****,,,,,,,,
87,黃明太,111年高雄市議員選舉,首次申報,1110912,個人捐贈收入,李朝安,S12*******,20000.00,0.00,現金,1110915,,,金錢,高雄市湖內區****,,,,,,,,,
88,黃明太,111年高雄市議員選舉,首次申報,1110914,個人捐贈收入,蘇玉良,,10000.00,0.00,匯款,1110914,,,金錢,高雄市路竹區****,0921*****,,,,,,,,
89,黃明太,111年高雄市議員選舉,首次申報,1110914,個人捐贈收入,郭秀花,S20*******,100000.00,0.00,匯款,1110914,,,金錢,高雄市茄萣區****,0963*****,,,,,,,,
90,黃明太,111年高雄市議員選舉,首次申報,1110915,營利事業捐贈收入,冠羿企業有限公司,54623573,200000.00,0.00,匯款,1110915,,,金錢,高雄市湖內區****,,,,,,,,,
91,黃明太,111年高雄市議員選舉,首次申報,1110915,個人捐贈收入,郭文德,S12*******,100000.00,0.00,匯款,1110915,,,金錢,高雄市茄萣區****,0963*****,,,,,,,,
92,黃明太,111年高雄市議員選舉,首次申報,1110916,個人捐贈收入,蕭一平,A12*******,100000.00,0.00,匯款,1110916,,,金錢,臺北市松山區****,02-2*****,,,,,,,,
93,黃明太,111年高雄市議員選舉,首次申報,1110916,個人捐贈收入,蕭勝彥,B10*******,100000.00,0.00,匯款,1110916,,,金錢,臺北市松山區****,02-2*****,,,,,,,,
94,黃明太,111年高雄市議員選舉,首次申報,1110916,個人捐贈收入,鄒秀月,E20*******,100000.00,0.00,匯款,1110916,,,金錢,臺北市松山區****,02-2*****,,,,,,,,
95,黃明太,111年高雄市議員選舉,首次申報,1110920,個人捐贈收入,黃吳素真,,20000.00,0.00,現金,1110922,,,金錢,,0921*****,,,,,,,,
96,黃明太,111年高雄市議員選舉,首次申報,1110920,個人捐贈收入,林劉英箱,,3000.00,0.00,現金,1110922,,,金錢,,0955*****,,,,,,,,
97,黃明太,111年高雄市議員選舉,首次申報,1110920,個人捐贈收入,張瑩山,,5000.00,0.00,現金,1110922,,,金錢,,0929*****,,,,,,,,
98,黃明太,111年高雄市議員選舉,首次申報,1110920,個人捐贈收入,魏建發,,10000.00,0.00,現金,1110922,,,金錢,,0921*****,,,,,,,,
99,黃明太,111年高雄市議員選舉,首次申報,1110920,個人捐贈收入,楊文廣,,30000.00,0.00,現金,1110922,,,金錢,,0933*****,,,,,,,,
100,黃明太,111年高雄市議員選舉,首次申報,1110920,個人捐贈收入,顏明發,,3000.00,0.00,現金,1110922,,,金錢,,0937*****,,,,,,,,
101,黃明太,111年高雄市議員選舉,首次申報,1110920,個人捐贈收入,施鳳成,,5000.00,0.00,現金,1110922,,,金錢,,0912*****,,,,,,,,
102,黃明太,111年高雄市議員選舉,首次申報,1110920,個人捐贈收入,林姿瑩,,5000.00,0.00,現金,1110922,,,金錢,,0938*****,,,,,,,,
103,黃明太,111年高雄市議員選舉,首次申報,1110920,個人捐贈收入,李永森,,30000.00,0.00,現金,1110922,,,金錢,,0932*****,,,,,,,,
104,黃明太,111年高雄市議員選舉,首次申報,1110920,個人捐贈收入,黃嘉興,,3000.00,0.00,現金,1110927,,,金錢,,0919*****,,,,,,,,
105,黃明太,111年高雄市議員選舉,首次申報,1110920,營利事業捐贈收入,新福興業有限公司,16334263,10000.00,0.00,現金,1110922,,,金錢,臺南市東區崇****,,,,,,,,,
106,黃明太,111年高雄市議員選舉,首次申報,1110920,營利事業捐贈收入,成億精密有限公司,24990208,30000.00,0.00,現金,1110922,,,金錢,高雄市湖內區****,,,,,,,,,
107,黃明太,111年高雄市議員選舉,首次申報,1110920,營利事業捐贈收入,智誠企業社,47829629,10000.00,0.00,現金,1110922,,,金錢,,,,,,,,,,
108,黃明太,111年高雄市議員選舉,首次申報,1110920,營利事業捐贈收入,力大鋼鐵工業股份有限公司,69534748,50000.00,0.00,現金,1110922,,,金錢,高雄市湖內區****,0928*****,,,,,,,,
109,黃明太,111年高雄市議員選舉,首次申報,1110920,個人捐贈收入,王武德,S10*******,100000.00,0.00,現金,1110922,,,金錢,高雄市湖內區****,,,,,,,,,
110,黃明太,111年高雄市議員選舉,首次申報,1110920,個人捐贈收入,宋麒豐,S12*******,100000.00,0.00,現金,1110927,,,金錢,臺中市西屯區****,0919*****,,,,,,,,
111,黃明太,111年高雄市議員選舉,首次申報,1110920,個人捐贈收入,王李花,S20*******,100000.00,0.00,現金,1110922,,,金錢,高雄市湖內區****,,,,,,,,,
112,黃明太,111年高雄市議員選舉,首次申報,1110920,個人捐贈收入,吳佩娟,S22*******,100000.00,0.00,現金,1110927,,,金錢,臺中市西屯區****,,,,,,,,,
113,黃明太,111年高雄市議員選舉,首次申報,1110921,個人捐贈收入,曾聰賢,S12*******,3000.00,0.00,匯款,1110921,,,金錢,高雄市湖內區****,0910*****,,,,,,,,
114,黃明太,111年高雄市議員選舉,首次申報,1110921,個人捐贈收入,李惠娟,S22*******,10000.00,0.00,現金,1110922,,,金錢,高雄市路竹區****,,,,,,,,,
115,黃明太,111年高雄市議員選舉,首次申報,1110922,個人捐贈收入,紀泰川,,20000.00,0.00,匯款,1110922,,,金錢,高雄市茄萣區****,0922*****,,,,,,,,
116,黃明太,111年高雄市議員選舉,首次申報,1110922,個人捐贈收入,蕭勝隆,S12*******,100000.00,0.00,匯款,1110922,,,金錢,高雄市路竹區****,0972*****,,,,,,,,
117,黃明太,111年高雄市議員選舉,首次申報,1110923,個人捐贈收入,蘇進旺,,30000.00,0.00,現金,1110927,,,金錢,,0919*****,,,,,,,,
118,黃明太,111年高雄市議員選舉,首次申報,1110923,個人捐贈收入,葉丞廷,,30000.00,0.00,匯款,1110923,,,金錢,高雄市路竹區****,0968*****,,,,,,,,
119,黃明太,111年高雄市議員選舉,首次申報,1110924,個人捐贈收入,廖啓堂,E12*******,10000.00,0.00,現金,1110927,,,金錢,,0922*****,,,,,,,,
120,黃明太,111年高雄市議員選舉,首次申報,1110926,營利事業捐贈收入,登全興企業社,81032474,50000.00,0.00,現金,1110927,,,金錢,高雄市岡山區****,07-6*****,,,,,,,,
121,黃明太,111年高雄市議員選舉,首次申報,1110926,個人捐贈收入,謝鎮州,D12*******,50000.00,0.00,現金,1110927,,,金錢,臺南市東區崇****,0928*****,,,,,,,,
122,黃明太,111年高雄市議員選舉,首次申報,1110926,個人捐贈收入,謝志聰,R12*******,50000.00,0.00,現金,1110927,,,金錢,臺南市東區崇****,0975*****,,,,,,,,
123,黃明太,111年高雄市議員選舉,首次申報,1110928,營利事業捐贈收入,成肯國際實業股份有限公司,97156751,100000.00,0.00,匯款,1110928,,,金錢,高雄市路竹區****,07-6*****,,,,,,,,
124,黃明太,111年高雄市議員選舉,首次申報,1110928,個人捐贈收入,曾聰賢,S12*******,3000.00,0.00,匯款,1110928,,,金錢,高雄市湖內區****,0910*****,,,,,,,,
125,黃明太,111年高雄市議員選舉,首次申報,1110929,營利事業捐贈收入,源旺水產行,26468022,30000.00,0.00,匯款,1110929,,,金錢,高雄市阿蓮區****,0988*****,,,,,,,,
126,黃明太,111年高雄市議員選舉,首次申報,1111001,個人捐贈收入,蔡登昆,T12*******,10000.00,0.00,現金,1111004,,,金錢,高雄市湖內區****,,,,,,,,,
127,黃明太,111年高雄市議員選舉,首次申報,1111003,個人捐贈收入,林惠卿,,20000.00,0.00,匯款,1111003,,,金錢,,0922*****,,,,,,,,
128,黃明太,111年高雄市議員選舉,首次申報,1111003,個人捐贈收入,凃竣智,E12*******,100000.00,0.00,現金,1111004,,,金錢,高雄市鹽埕區****,08-7*****,,,,,,,,
129,黃明太,111年高雄市議員選舉,首次申報,1111004,個人捐贈收入,黃瓊慧,,10000.00,0.00,現金,1111004,,,金錢,,0982*****,,,,,,,,
130,黃明太,111年高雄市議員選舉,首次申報,1111005,個人捐贈收入,李秀梅,,10000.00,0.00,匯款,1111005,,,金錢,高雄市大樹區****,0970*****,,,,,,,,
131,黃明太,111年高雄市議員選舉,首次申報,1111006,個人捐贈收入,林峻央,S12*******,50000.00,0.00,現金,1111014,,,金錢,高雄市路竹區****,07-6*****,,,,,,,,
132,黃明太,111年高雄市議員選舉,首次申報,1111008,營利事業捐贈收入,京晏建設有限公司,24669354,100000.00,0.00,現金,,已返還,,金錢,高雄市鼓山區****,07-5*****,,,,,,,,
133,黃明太,111年高雄市議員選舉,首次申報,1111011,個人捐贈收入,陳婕宜,,10000.00,0.00,匯款,1111011,,,金錢,高雄市路竹區****,0919*****,,,,,,,,
134,黃明太,111年高雄市議員選舉,首次申報,1111011,匿名捐贈,李淵聖,,10000.00,0.00,匯款,1111011,,,金錢,,,,,,,,,,
135,黃明太,111年高雄市議員選舉,首次申報,1111011,營利事業捐贈收入,常進工業股份有限公司,86326006,100000.00,0.00,票據,1111014,,,金錢,高雄市路竹區****,07-6*****,,,,,,,,
136,黃明太,111年高雄市議員選舉,首次申報,1111011,個人捐贈收入,江思賢,D12*******,50000.00,0.00,匯款,1111011,,,金錢,臺南市南區聖****,0933*****,,,,,,,,
137,黃明太,111年高雄市議員選舉,首次申報,1111012,營利事業捐贈收入,鴻雅建設有限公司,86760057,100000.00,0.00,現金,,已返還,,金錢,高雄市路竹區****,07-6*****,,,,,,,,
138,黃明太,111年高雄市議員選舉,首次申報,1111013,營利事業捐贈收入,宏穎企業股份有限公司,22412104,100000.00,0.00,現金,1111017,,,金錢,高雄市路竹區****,07-6*****,,,,,,,,
139,黃明太,111年高雄市議員選舉,首次申報,1111013,營利事業捐贈收入,鋼驊企業股份有限公司,27420791,100000.00,0.00,現金,1111017,,,金錢,高雄市岡山區****,07-6*****,,,,,,,,
140,黃明太,111年高雄市議員選舉,首次申報,1111013,營利事業捐贈收入,喬柱企業社,81412755,6000.00,0.00,現金,1111017,,,金錢,臺南市東區林****,0932*****,,,,,,,,
141,黃明太,111年高雄市議員選舉,首次申報,1111013,營利事業捐贈收入,彤駿企業有限公司,89659442,100000.00,0.00,現金,1111017,,,金錢,高雄市岡山區****,07-6*****,,,,,,,,
142,黃明太,111年高雄市議員選舉,首次申報,1111013,個人捐贈收入,温榮德,D12*******,60000.00,0.00,匯款,1111013,,,金錢,臺南市南區中****,0955*****,,,,,,,,
143,黃明太,111年高雄市議員選舉,首次申報,1111014,營利事業捐贈收入,西德防水防漏工程行,81909559,5000.00,0.00,現金,1111019,,,金錢,高雄市路竹區****,07-6*****,,,,,,,,
144,黃明太,111年高雄市議員選舉,首次申報,1111015,營利事業捐贈收入,芊鑫鋼鐵有限公司,27668815,6000.00,0.00,現金,1111019,,,金錢,高雄市路竹區****,0989*****,,,,,,,,
145,黃明太,111年高雄市議員選舉,首次申報,1111015,個人捐贈收入,李世乾,S10*******,6000.00,0.00,現金,1111019,,,金錢,高雄市湖內區****,0910*****,,,,,,,,
146,黃明太,111年高雄市議員選舉,首次申報,1111015,個人捐贈收入,許宏瑋,S12*******,2000.00,0.00,現金,1111019,,,金錢,高雄市湖內區****,0937*****,,,,,,,,
147,黃明太,111年高雄市議員選舉,首次申報,1111016,個人捐贈收入,鄭文忠,,30000.00,0.00,現金,1111019,,,金錢,,0925*****,,,,,,,,
148,黃明太,111年高雄市議員選舉,首次申報,1111016,匿名捐贈,陳秀鑾,,2000.00,0.00,匯款,1111016,,,金錢,,,,,,,,,,
149,黃明太,111年高雄市議員選舉,首次申報,1111016,營利事業捐贈收入,恒昇企業社,36601604,10000.00,0.00,現金,1111019,,,金錢,高雄市田寮區****,0918*****,,,,,,,,
150,黃明太,111年高雄市議員選舉,首次申報,1111016,個人捐贈收入,王育証,E12*******,50000.00,0.00,現金,1111025,,,金錢,臺南市龍崎區****,07-6*****,,,,,,,,
151,黃明太,111年高雄市議員選舉,首次申報,1111017,個人捐贈收入,黃祺翔,S12*******,100000.00,0.00,現金,1111019,,,金錢,高雄市阿蓮區****,0935*****,,,,,,,,
152,黃明太,111年高雄市議員選舉,首次申報,1111018,營利事業捐贈收入,翔聿投資有限公司,83392805,300000.00,0.00,匯款,1111018,,,金錢,高雄市三民區****,07-3*****,,,,,,,,
153,黃明太,111年高雄市議員選舉,首次申報,1111018,個人捐贈收入,洪月桂,S22*******,6600.00,0.00,現金,1111019,,,金錢,高雄市路竹區****,0932*****,,,,,,,,
154,黃明太,111年高雄市議員選舉,首次申報,1111019,匿名捐贈,匿名,,3000.00,0.00,匯款,1111019,,,金錢,,,,,,,,,,
155,黃明太,111年高雄市議員選舉,首次申報,1111020,匿名捐贈,匿名,,2000.00,0.00,匯款,1111020,,,金錢,,,,,,,,,,
156,黃明太,111年高雄市議員選舉,首次申報,1111020,營利事業捐贈收入,甲舜工程有限公司,59107422,50000.00,0.00,匯款,1111020,已返還,,金錢,高雄市岡山區****,,,,,,,,,
157,黃明太,111年高雄市議員選舉,首次申報,1111021,營利事業捐贈收入,泳汰企業有限公司,16120608,100000.00,0.00,票據,1111026,,,金錢,高雄市高雄市****,07-3*****,,,,,,,,
158,黃明太,111年高雄市議員選舉,首次申報,1111022,個人捐贈收入,張金德,P12*******,20000.00,0.00,現金,1111025,,,金錢,高雄市苓雅區****,,,,,,,,,
159,黃明太,111年高雄市議員選舉,首次申報,1111025,營利事業捐贈收入,韋奕工業股份有限公司,22685651,100000.00,0.00,票據,1111109,,,金錢,高雄市路竹區****,07-6*****,,,,,,,,
160,黃明太,111年高雄市議員選舉,首次申報,1111025,營利事業捐贈收入,南鎮天然氣股份有限公司,86689421,30000.00,0.00,匯款,1111025,,,金錢,高雄市小港區****,,,,,,,,,
161,黃明太,111年高雄市議員選舉,首次申報,1111025,個人捐贈收入,黃盈嘉,S12*******,80000.00,0.00,現金,1111101,,,金錢,高雄市路竹區****,07-6*****,,,,,,,,
162,黃明太,111年高雄市議員選舉,首次申報,1111025,個人捐贈收入,黃盈賓,S12*******,80000.00,0.00,現金,1111101,,,金錢,高雄市路竹區****,07-6*****,,,,,,,,
163,黃明太,111年高雄市議員選舉,首次申報,1111025,個人捐贈收入,曾聰賢,S12*******,2000.00,0.00,匯款,1111025,,,金錢,高雄市湖內區****,0910*****,,,,,,,,
164,黃明太,111年高雄市議員選舉,首次申報,1111027,個人捐贈收入,洪啓盛,S12*******,100000.00,0.00,現金,1111101,,,金錢,高雄市路竹區****,0913*****,,,,,,,,
165,黃明太,111年高雄市議員選舉,首次申報,1111028,匿名捐贈,匿名,,10000.00,0.00,匯款,1111028,,,金錢,,,,,,,,,,
166,黃明太,111年高雄市議員選舉,首次申報,1111031,個人捐贈收入,黃頌舜,E12*******,42000.00,0.00,匯款,1111031,,,金錢,高雄市鼓山區****,07-5*****,,,,,,,,
167,黃明太,111年高雄市議員選舉,首次申報,1111102,個人捐贈收入,曾聰賢,S12*******,2200.00,0.00,匯款,1111102,,,金錢,高雄市湖內區****,0910*****,,,,,,,,
168,黃明太,111年高雄市議員選舉,首次申報,1111103,個人捐贈收入,歐育信,,10000.00,0.00,現金,1111107,,,金錢,高雄市路竹區****,0919*****,,,,,,,,
169,黃明太,111年高雄市議員選舉,首次申報,1111104,個人捐贈收入,黃長明,,20000.00,0.00,現金,1111107,,,金錢,高雄市阿蓮區****,0912*****,,,,,,,,
170,黃明太,111年高雄市議員選舉,首次申報,1111104,營利事業捐贈收入,珈菖企業有限公司,13147371,20000.00,0.00,匯款,1111104,,,金錢,高雄市阿蓮區****,07-6*****,,,,,,,,
171,黃明太,111年高雄市議員選舉,首次申報,1111108,個人捐贈收入,郭季鴻,Q12*******,28800.00,0.00,,,,,非金錢,高雄市鼓山區****,0925*****,,,,,,,,
172,黃明太,111年高雄市議員選舉,首次申報,1111110,營利事業捐贈收入,晉弘強化塑膠企業行,13899288,50000.00,0.00,現金,1111114,,,金錢,高雄市阿蓮區****,7-63*****,,,,,,,,
173,黃明太,111年高雄市議員選舉,首次申報,1111110,個人捐贈收入,張慧騏,B22*******,10000.00,0.00,現金,1111114,,,金錢,高雄市鼓山區****,,,,,,,,,
174,黃明太,111年高雄市議員選舉,首次申報,1111112,個人捐贈收入,蘇若珮,,1126.00,0.00,現金,1111125,,,金錢,高雄市阿蓮區****,0917*****,,,,,,,,
175,黃明太,111年高雄市議員選舉,首次申報,1111112,個人捐贈收入,黃玉鑾,S20*******,20000.00,0.00,現金,1111115,,,金錢,高雄市路竹區****,,,,,,,,,
176,黃明太,111年高雄市議員選舉,首次申報,1111113,營利事業捐贈收入,威翔實業股份有限公司,86537620,50000.00,0.00,現金,1111115,,,金錢,高雄市湖內區****,07-6*****,,,,,,,,
177,黃明太,111年高雄市議員選舉,首次申報,1111114,匿名捐贈,匿名,,300.00,0.00,匯款,1111114,,,金錢,,,,,,,,,,
178,黃明太,111年高雄市議員選舉,首次申報,1111114,匿名捐贈,匿名,,300.00,0.00,匯款,1111114,,,金錢,,,,,,,,,,
179,黃明太,111年高雄市議員選舉,首次申報,1111114,匿名捐贈,匿名,,300.00,0.00,匯款,1111114,,,金錢,,,,,,,,,,
180,黃明太,111年高雄市議員選舉,首次申報,1111114,匿名捐贈,匿名,,300.00,0.00,匯款,1111114,,,金錢,,,,,,,,,,
181,黃明太,111年高雄市議員選舉,首次申報,1111114,個人捐贈收入,何思慧,S20*******,600.00,0.00,匯款,1111114,,,金錢,,,,,,,,,,
182,黃明太,111年高雄市議員選舉,首次申報,1111116,匿名捐贈,匿名,,300.00,0.00,匯款,1111116,,,金錢,,,,,,,,,,
183,黃明太,111年高雄市議員選舉,首次申報,1111117,個人捐贈收入,張錦昌,T12*******,10000.00,0.00,匯款,1111117,,,金錢,高雄市鳳山區****,,,,,,,,,
184,黃明太,111年高雄市議員選舉,首次申報,1111118,個人捐贈收入,唐慶憲,,1126.00,0.00,現金,1111125,,,金錢,高雄市路竹區****,0912*****,,,,,,,,
185,黃明太,111年高雄市議員選舉,首次申報,1111118,營利事業捐贈收入,雙㠦企業有限公司,16253326,5630.00,0.00,現金,1111125,,,金錢,高雄市路竹區****,,,,,,,,,
186,黃明太,111年高雄市議員選舉,首次申報,1111118,營利事業捐贈收入,圭信企業股份有限公司,76472970,30000.00,0.00,匯款,1111118,,,金錢,高雄市湖內區****,07-6*****,,,,,,,,
187,黃明太,111年高雄市議員選舉,首次申報,1111118,個人捐贈收入,丁郁仁,R12*******,11260.00,0.00,現金,1111125,,,金錢,,,,,,,,,,
188,黃明太,111年高雄市議員選舉,首次申報,1111118,個人捐贈收入,許富皇,S12*******,3378.00,0.00,現金,1111125,,,金錢,高雄市岡山區****,0931*****,,,,,,,,
189,黃明太,111年高雄市議員選舉,首次申報,1111118,個人捐贈收入,詹芳美,S22*******,3378.00,0.00,現金,1111125,,,金錢,,0935*****,,,,,,,,
190,黃明太,111年高雄市議員選舉,首次申報,1111118,個人捐贈收入,洪雪萍,S22*******,2252.00,0.00,現金,1111125,,,金錢,高雄市湖內區****,0988*****,,,,,,,,
191,黃明太,111年高雄市議員選舉,首次申報,1111123,個人捐贈收入,洪瑞昌,S10*******,1126.00,0.00,現金,1111128,,,金錢,高雄市路竹區****,0917*****,,,,,,,,
192,黃明太,111年高雄市議員選舉,首次申報,1111123,個人捐贈收入,黃正昇,S12*******,1126.00,0.00,現金,1111128,,,金錢,高雄市路竹區****,0987*****,,,,,,,,
193,黃明太,111年高雄市議員選舉,首次申報,1111124,個人捐贈收入,侯思伊,,3378.00,0.00,現金,1111128,,,金錢,高雄市湖內區****,,,,,,,,,
194,黃明太,111年高雄市議員選舉,首次申報,1111124,營利事業捐贈收入,晉海企業社,26005917,2252.00,0.00,現金,1111128,,,金錢,高雄市湖內區****,0918*****,,,,,,,,
195,黃明太,111年高雄市議員選舉,首次申報,1111124,營利事業捐贈收入,路竹新益工廠股份有限公司,88342707,100000.00,0.00,現金,1111202,,,金錢,高雄市路竹區****,07-6*****,,,,,,,,
196,黃明太,111年高雄市議員選舉,首次申報,1111124,個人捐贈收入,劉財源,S10*******,30000.00,0.00,現金,1111125,,,金錢,高雄市湖內區****,0929*****,,,,,,,,
197,黃明太,111年高雄市議員選舉,首次申報,1111124,個人捐贈收入,薛柔尹,S22*******,1126.00,0.00,現金,1111128,,,金錢,高雄市岡山區****,0919*****,,,,,,,,
198,黃明太,111年高雄市議員選舉,首次申報,1111125,個人捐贈收入,蘇雅玲,E22*******,1126.00,0.00,現金,1111128,,,金錢,高雄市岡山區****,,,,,,,,,
199,黃明太,111年高雄市議員選舉,首次申報,1111125,個人捐贈收入,蕭家席,S12*******,60000.00,0.00,匯款,1111125,,,金錢,高雄市湖內區****,0937*****,,,,,,,,
200,黃明太,111年高雄市議員選舉,首次申報,1111125,個人捐贈收入,戴秀蓉,S22*******,1126.00,0.00,現金,1111128,,,金錢,高雄市岡山區****,,,,,,,,,
201,黃明太,111年高雄市議員選舉,首次申報,1111221,其他收入,利息收入,,1498.00,0.00,匯款,1111221,,,金錢,,,,,,,,,,
