﻿序號,擬參選人／政黨,選舉名稱,申報序號／年度,交易日期,收支科目,捐贈者／支出對象,身分證／統一編號,收入金額,支出金額,捐贈方式,存入專戶日期,返還/繳庫,支出用途,金錢類,地址,聯絡電話,應揭露之支出對象,支出對象之內部人員姓名,支出對象之內部人員職稱,政黨之內部人員姓名,政黨之內部人員職稱,關係,更正註記,資料更正日期
1,顏政德,111年新竹市議員選舉,首次申報,1110822,租用宣傳車輛支出,台灣中油北大路站,,0.00,1009.00,,,,宣傳車輛燃料費用,金錢,新竹市北區北****,,否,,,,,,,
2,顏政德,111年新竹市議員選舉,首次申報,1110822,宣傳支出,丹燕廣告有限公司,53970053,0.00,6696.00,,,,帆布,金錢,新竹市東區南****,,否,,,,,,,
3,顏政德,111年新竹市議員選舉,首次申報,1110824,雜支支出,學德電料股份有限公司,,0.00,40.00,,,,文具用品費用,金錢,新竹市復興路****,,否,,,,,,,
4,顏政德,111年新竹市議員選舉,首次申報,1110829,租用宣傳車輛支出,台灣中油北大路站,,0.00,1119.00,,,,宣傳車輛燃料費用,金錢,新竹市北區北****,,否,,,,,,,
5,顏政德,111年新竹市議員選舉,首次申報,1110829,雜支支出,正華照相館,,0.00,150.00,,,,文具用品費用,金錢,新竹市北區中****,,否,,,,,,,
6,顏政德,111年新竹市議員選舉,首次申報,1110829,宣傳支出,金盟座汽車有限公司,96897243,0.00,6000.00,,,,廣告帆布吊車,金錢,新北市林口區****,,否,,,,,,,
7,顏政德,111年新竹市議員選舉,首次申報,1110830,集會支出,蕭氏食品行,73837982,0.00,3000.00,,,,餐飲費用,金錢,新竹市北區中****,,否,,,,,,,
8,顏政德,111年新竹市議員選舉,首次申報,1110831,集會支出,蕭氏食品行,73837982,0.00,3300.00,,,,餐飲費用,金錢,新竹市北區中****,,否,,,,,,,
9,顏政德,111年新竹市議員選舉,首次申報,1110901,租用宣傳車輛支出,台灣中油股份有限公司(光明加油站),47206398,0.00,820.00,,,,宣傳車輛燃料費用,金錢,新竹市東區光****,,否,,,,,,,
10,顏政德,111年新竹市議員選舉,首次申報,1110901,雜支支出,藍新科技,70565326,0.00,10.00,,,,雜項購置或修繕費用,金錢,臺北市南港區****,,否,,,,,,,
11,顏政德,111年新竹市議員選舉,首次申報,1110901,集會支出,蕭氏食品行,73837982,0.00,3600.00,,,,餐飲費用,金錢,新竹市北區中****,,否,,,,,,,
12,顏政德,111年新竹市議員選舉,首次申報,1110904,租用宣傳車輛支出,台灣中油奕承,37936190,0.00,600.00,,,,宣傳車輛燃料費用,金錢,新竹市香山區****,,否,,,,,,,
13,顏政德,111年新竹市議員選舉,首次申報,1110905,宣傳支出,巧馨企業社,40981296,0.00,30000.00,,,,製作競選物品或宣傳廣告費用（物品名稱-小方巾）,金錢,新竹縣竹北市****,0932*****,否,,,,,,,
14,顏政德,111年新竹市議員選舉,首次申報,1110905,集會支出,蕭氏食品行,73837982,0.00,1500.00,,,,集會餐點,金錢,新竹市北區中****,,否,,,,,,,
15,顏政德,111年新竹市議員選舉,首次申報,1110907,租用宣傳車輛支出,昇冠加油站,70599732,0.00,111.00,,,,宣傳車輛燃料費用,金錢,新竹市北區經****,,否,,,,,,,
16,顏政德,111年新竹市議員選舉,首次申報,1110908,雜支支出,珍粥到廣東粥品,18209591,0.00,950.00,,,,餐飲費用,金錢,新竹市北區水****,,否,,,,,,,
17,顏政德,111年新竹市議員選舉,首次申報,1110908,租用宣傳車輛支出,台灣中油股份有限公司(光明加油站),47206398,0.00,917.00,,,,宣傳車輛燃料費用,金錢,新竹市東區光****,,否,,,,,,,
18,顏政德,111年新竹市議員選舉,首次申報,1110909,集會支出,蕭氏食品行,73837982,0.00,3150.00,,,,餐飲費用,金錢,新竹市北區中****,,否,,,,,,,
19,顏政德,111年新竹市議員選舉,首次申報,1110909,集會支出,達美樂,82947546,0.00,2269.00,,,,餐飲費用,金錢,新竹市北區經****,,否,,,,,,,
20,顏政德,111年新竹市議員選舉,首次申報,1110910,宣傳支出,巧馨企業社,40981296,0.00,60000.00,,,,製作競選物品或宣傳廣告費用（物品名稱-抹布）,金錢,新竹縣竹北市****,0932*****,否,,,,,,,
21,顏政德,111年新竹市議員選舉,首次申報,1110910,雜支支出,明園燒鴨,66879388,0.00,850.00,,,,餐飲費用,金錢,新竹市北區東****,,否,,,,,,,
22,顏政德,111年新竹市議員選舉,首次申報,1110911,租用宣傳車輛支出,台灣中油奕承,37936190,0.00,600.00,,,,宣傳車輛燃料費用,金錢,新竹市香山區****,,否,,,,,,,
23,顏政德,111年新竹市議員選舉,首次申報,1110912,宣傳支出,新峰廣告企業社,13487814,0.00,140000.00,,,,製作競選物品或宣傳廣告費用（皂片/夾鏈袋）,金錢,新竹縣新豐鄉****,,否,,,,,,,
24,顏政德,111年新竹市議員選舉,首次申報,1110913,宣傳支出,勁赫製衣股份有限公司,85050064,0.00,30000.00,,,,製作競選物品或宣傳廣告費用（物品名稱-口罩）,金錢,臺中市沙鹿區****,,否,,,,,,,
25,顏政德,111年新竹市議員選舉,首次申報,1110914,租用宣傳車輛支出,台灣中油北大路站,,0.00,944.00,,,,宣傳車輛燃料費用,金錢,新竹市北區北****,,否,,,,,,,
26,顏政德,111年新竹市議員選舉,首次申報,1110914,雜支支出,何家小吃,87454582,0.00,350.00,,,,餐飲費用,金錢,新竹市北區湳****,,否,,,,,,,
27,顏政德,111年新竹市議員選舉,首次申報,1110916,雜支支出,香秀佳便當店,91168359,0.00,680.00,,,,餐飲費用,金錢,新竹市北區光****,,否,,,,,,,
28,顏政德,111年新竹市議員選舉,首次申報,1110917,雜支支出,明園燒鴨,66879388,0.00,550.00,,,,餐飲費用,金錢,新竹市北區東****,,否,,,,,,,
29,顏政德,111年新竹市議員選舉,首次申報,1110917,宣傳支出,中驊企業社,99836805,0.00,4000.00,,,,製作競選物品或宣傳廣告費用（口罩貼紙）,金錢,新竹縣寶山鄉****,,否,,,,,,,
30,顏政德,111年新竹市議員選舉,首次申報,1110921,雜支支出,景冬香雲緬館,31642423,0.00,750.00,,,,餐飲費用,金錢,新竹市北區國****,,否,,,,,,,
31,顏政德,111年新竹市議員選舉,首次申報,1110922,宣傳支出,巧馨企業社,40981296,0.00,66000.00,,,,製作競選物品或宣傳廣告費用（帽子）,金錢,新竹縣竹北市****,0932*****,否,,,,,,,
32,顏政德,111年新竹市議員選舉,首次申報,1110924,雜支支出,段純貞,,0.00,290.00,,,,餐飲費用,金錢,新竹市北區武****,,否,,,,,,,
33,顏政德,111年新竹市議員選舉,首次申報,1110924,租用宣傳車輛支出,台灣中油奕承,37936190,0.00,733.00,,,,宣傳車輛燃料費用,金錢,新竹市香山區****,,否,,,,,,,
34,顏政德,111年新竹市議員選舉,首次申報,1110925,租用宣傳車輛支出,台灣中油光明站,,0.00,514.00,,,,宣傳車輛燃料費用,金錢,新竹市東區光****,,否,,,,,,,
35,顏政德,111年新竹市議員選舉,首次申報,1110925,雜支支出,段純貞,,0.00,441.00,,,,餐飲費用,金錢,新竹市北區武****,,否,,,,,,,
36,顏政德,111年新竹市議員選舉,首次申報,1110925,雜支支出,大鼎飯堂,66952937,0.00,1100.00,,,,餐飲費用,金錢,新竹市北區湳****,,否,,,,,,,
37,顏政德,111年新竹市議員選舉,首次申報,1110926,宣傳支出,巧馨企業社,40981296,0.00,36000.00,,,,製作競選物品費用(蘋果刨刀）,金錢,新竹縣竹北市****,0932*****,否,,,,,,,
38,顏政德,111年新竹市議員選舉,首次申報,1110927,雜支支出,段純貞,,0.00,190.00,,,,餐飲費用,金錢,新竹市北區武****,,否,,,,,,,
39,顏政德,111年新竹市議員選舉,首次申報,1110927,雜支支出,超美味飲食店,41220181,0.00,810.00,,,,餐飲費用,金錢,新竹市北區光****,,否,,,,,,,
40,顏政德,111年新竹市議員選舉,首次申報,1110929,宣傳支出,第一村一區公寓大廈管理委員會,,0.00,2000.00,,,,租用廣告看板或車體廣告費用,金錢,新竹市北區東****,,否,,,,,,,
41,顏政德,111年新竹市議員選舉,首次申報,1110930,宣傳支出,零壹捌文創禮品商行,26669409,0.00,60000.00,,,,製作競選物品或宣傳廣告費用（小方巾）,金錢,新竹縣竹北市****,,否,,,,,,,
42,顏政德,111年新竹市議員選舉,首次申報,1110930,租用宣傳車輛支出,台灣中油奕承,37936190,0.00,1024.00,,,,宣傳車輛燃料費用,金錢,新竹市香山區****,,否,,,,,,,
43,顏政德,111年新竹市議員選舉,首次申報,1110930,宣傳支出,勁赫製衣股份有限公司,85050064,0.00,30000.00,,,,製作競選物品或宣傳廣告費用（物品名稱-口罩）,金錢,臺中市沙鹿區****,,否,,,,,,,
44,顏政德,111年新竹市議員選舉,首次申報,1111001,宣傳支出,空軍第一村第七區住戶管理委員會,,0.00,3000.00,,,,租用廣告看板或車體廣告費用,金錢,新竹市北區東****,,否,,,,,,,
45,顏政德,111年新竹市議員選舉,首次申報,1111005,宣傳支出,日盛廣告展覽行,09815738,0.00,29000.00,,,,製作競選物品或宣傳廣告費用（立旗/手舉牌）,金錢,新竹縣竹東鎮****,,否,,,,,,,
46,顏政德,111年新竹市議員選舉,首次申報,1111005,雜支支出,明園燒鴨,66879388,0.00,640.00,,,,餐飲費用,金錢,新竹市北區東****,,否,,,,,,,
47,顏政德,111年新竹市議員選舉,首次申報,1111006,租用宣傳車輛支出,台灣中油北大路站,,0.00,1094.00,,,,宣傳車輛燃料費用,金錢,新竹市北區北****,,否,,,,,,,
48,顏政德,111年新竹市議員選舉,首次申報,1111006,雜支支出,雲泰鄉飲食店,37851397,0.00,130.00,,,,餐飲費用,金錢,新竹市北區光****,,否,,,,,,,
49,顏政德,111年新竹市議員選舉,首次申報,1111008,租用宣傳車輛支出,台灣中油民華站,,0.00,120.00,,,,宣傳車輛燃料費用,金錢,新竹市東區中****,,否,,,,,,,
50,顏政德,111年新竹市議員選舉,首次申報,1111008,集會支出,排骨先生便當,72757320,0.00,1900.00,,,,餐飲費用,金錢,新竹市北區西****,,否,,,,,,,
51,顏政德,111年新竹市議員選舉,首次申報,1111009,雜支支出,珍粥到廣東粥品,18209591,0.00,655.00,,,,餐飲費用,金錢,新竹市北區水****,,否,,,,,,,
52,顏政德,111年新竹市議員選舉,首次申報,1111012,租用宣傳車輛支出,台灣中油北大路站,,0.00,1098.00,,,,宣傳車輛燃料費用,金錢,新竹市北區北****,,否,,,,,,,
53,顏政德,111年新竹市議員選舉,首次申報,1111012,雜支支出,德壹小吃,72897482,0.00,390.00,,,,餐飲費用,金錢,新竹市北區東****,,否,,,,,,,
54,顏政德,111年新竹市議員選舉,首次申報,1111013,雜支支出,珍粥到廣東粥品,18209591,0.00,460.00,,,,餐飲費用,金錢,新竹市北區水****,,否,,,,,,,
55,顏政德,111年新竹市議員選舉,首次申報,1111014,宣傳支出,勁赫製衣股份有限公司,85050064,0.00,30000.00,,,,製作競選物品或宣傳廣告費用（物品名稱-口罩）,金錢,臺中市沙鹿區****,,否,,,,,,,
56,顏政德,111年新竹市議員選舉,首次申報,1111015,租用競選辦事處支出,星發十元店,39985132,0.00,101.00,,,,其他與租用競選辦事處有關之費用,金錢,新竹市北區水****,,否,,,,,,,
57,顏政德,111年新竹市議員選舉,首次申報,1111015,雜支支出,超美味飲食店,41220181,0.00,1300.00,,,,餐飲費用,金錢,新竹市北區光****,,否,,,,,,,
58,顏政德,111年新竹市議員選舉,首次申報,1111016,雜支支出,萬三蹄快餐店,30194952,0.00,395.00,,,,餐飲費用,金錢,新竹市東區建****,,否,,,,,,,
59,顏政德,111年新竹市議員選舉,首次申報,1111016,租用宣傳車輛支出,台灣中油奕承,37936190,0.00,500.00,,,,宣傳車輛燃料費用,金錢,新竹市香山區****,,否,,,,,,,
60,顏政德,111年新竹市議員選舉,首次申報,1111017,集會支出,第一村六區公寓大廈管理委員會,,0.00,3000.00,,,,租用場地費用,金錢,新竹市北區武****,,否,,,,,,,
61,顏政德,111年新竹市議員選舉,首次申報,1111017,租用宣傳車輛支出,學德電料股份有限公司,,0.00,3700.00,,,,其他與租用宣傳車輛有關之費用,金錢,新竹市復興路****,,否,,,,,,,
62,顏政德,111年新竹市議員選舉,首次申報,1111018,租用宣傳車輛支出,台灣中油北大路站,,0.00,115.00,,,,宣傳車輛燃料費用,金錢,新竹市北區北****,,否,,,,,,,
63,顏政德,111年新竹市議員選舉,首次申報,1111019,租用宣傳車輛支出,學德電料股份有限公司,,0.00,600.00,,,,其他與租用宣傳車輛有關之費用,金錢,新竹市復興路****,,否,,,,,,,
64,顏政德,111年新竹市議員選舉,首次申報,1111019,雜支支出,禾穎電子,,0.00,80.00,,,,雜項購置或修繕費用,金錢,新竹市光復路****,,否,,,,,,,
65,顏政德,111年新竹市議員選舉,首次申報,1111019,雜支支出,百年電子,,0.00,248.00,,,,雜項購置或修繕費用,金錢,新竹市東區光****,,否,,,,,,,
66,顏政德,111年新竹市議員選舉,首次申報,1111019,雜支支出,立特屋五金百貨商店,26159047,0.00,85.00,,,,雜項購置或修繕費用,金錢,新竹市北區湳****,,否,,,,,,,
67,顏政德,111年新竹市議員選舉,首次申報,1111020,雜支支出,元亞實業,,0.00,25.00,,,,雜項購置或修繕費用,金錢,新竹市東勢里****,,否,,,,,,,
68,顏政德,111年新竹市議員選舉,首次申報,1111020,雜支支出,禾穎電子,,0.00,588.00,,,,雜項購置或修繕費用,金錢,新竹市光復路****,,否,,,,,,,
69,顏政德,111年新竹市議員選舉,首次申報,1111020,雜支支出,珍粥到廣東粥品,18209591,0.00,380.00,,,,餐飲費用,金錢,新竹市北區水****,,否,,,,,,,
70,顏政德,111年新竹市議員選舉,首次申報,1111020,雜支支出,珍粥到廣東粥品,18209591,0.00,475.00,,,,餐飲費用,金錢,新竹市北區水****,,否,,,,,,,
71,顏政德,111年新竹市議員選舉,首次申報,1111020,雜支支出,立特屋五金百貨商店,26159047,0.00,785.00,,,,雜項購置或修繕費用,金錢,新竹市北區湳****,,否,,,,,,,
72,顏政德,111年新竹市議員選舉,首次申報,1111020,雜支支出,東城彬記,91161428,0.00,2400.00,,,,餐飲費用,金錢,新竹市北區中****,,否,,,,,,,
73,顏政德,111年新竹市議員選舉,首次申報,1111021,租用宣傳車輛支出,中油昌益站,,0.00,1000.00,,,,宣傳車輛燃料費用,金錢,新竹市北區經****,,否,,,,,,,
74,顏政德,111年新竹市議員選舉,首次申報,1111021,雜支支出,超美味飲食店,41220181,0.00,525.00,,,,餐飲費用,金錢,新竹市北區光****,,否,,,,,,,
75,顏政德,111年新竹市議員選舉,首次申報,1111021,雜支支出,明園燒鴨,66879388,0.00,800.00,,,,餐飲費用,金錢,新竹市北區東****,,否,,,,,,,
76,顏政德,111年新竹市議員選舉,首次申報,1111021,雜支支出,明園燒鴨,66879388,0.00,560.00,,,,餐飲費用,金錢,新竹市北區東****,,否,,,,,,,
77,顏政德,111年新竹市議員選舉,首次申報,1111022,雜支支出,寶島麵線站(光華店),,0.00,325.00,,,,餐飲費用,金錢,新竹市光華街****,,否,,,,,,,
78,顏政德,111年新竹市議員選舉,首次申報,1111022,雜支支出,立特屋五金百貨商店,26159047,0.00,99.00,,,,雜項購置或修繕費用,金錢,新竹市北區湳****,,否,,,,,,,
79,顏政德,111年新竹市議員選舉,首次申報,1111022,雜支支出,侑星快餐店,85231690,0.00,990.00,,,,餐飲費用,金錢,新竹市北區光****,,否,,,,,,,
80,顏政德,111年新竹市議員選舉,首次申報,1111023,雜支支出,華鈴食品,,0.00,480.00,,,,餐飲費用,金錢,新竹市北區光****,,否,,,,,,,
81,顏政德,111年新竹市議員選舉,首次申報,1111023,租用宣傳車輛支出,台灣中油北大路站,,0.00,1169.00,,,,宣傳車輛燃料費用,金錢,新竹市北區北****,,否,,,,,,,
82,顏政德,111年新竹市議員選舉,首次申報,1111023,雜支支出,大鼎飯堂,66952937,0.00,690.00,,,,餐飲費用,金錢,新竹市北區湳****,,否,,,,,,,
83,顏政德,111年新竹市議員選舉,首次申報,1111024,租用競選辦事處支出,誠旺皮件,,0.00,400.00,,,,租買辦公設備費用,金錢,新竹市東區民****,,否,,,,,,,
84,顏政德,111年新竹市議員選舉,首次申報,1111024,租用宣傳車輛支出,長隆加油站,70694692,0.00,1000.00,,,,宣傳車輛燃料費用,金錢,新竹市北區東****,,否,,,,,,,
85,顏政德,111年新竹市議員選舉,首次申報,1111025,集會支出,新竹市公共停車場作業基金,,0.00,2400.00,,,,租用場地費用,金錢,新竹市北區中****,,否,,,,,,,
86,顏政德,111年新竹市議員選舉,首次申報,1111025,雜支支出,超美味飲食店,41220181,0.00,665.00,,,,餐飲費用,金錢,新竹市北區光****,,否,,,,,,,
87,顏政德,111年新竹市議員選舉,首次申報,1111026,雜支支出,珍粥到廣東粥品,18209591,0.00,570.00,,,,餐飲費用,金錢,新竹市北區水****,,否,,,,,,,
88,顏政德,111年新竹市議員選舉,首次申報,1111027,宣傳支出,中國時報/聯合報  新竹分社,,0.00,3000.00,,,,播放、傳送或刊登宣傳廣告費用,金錢,新竹市北區光****,,否,,,,,,,
89,顏政德,111年新竹市議員選舉,首次申報,1111027,雜支支出,阿明魯肉飯,10637228,0.00,235.00,,,,餐飲費用,金錢,新竹市北區光****,,否,,,,,,,
90,顏政德,111年新竹市議員選舉,首次申報,1111027,租用宣傳車輛支出,昇冠加油站,70599732,0.00,1000.00,,,,宣傳車輛燃料費用,金錢,新竹市北區經****,,否,,,,,,,
91,顏政德,111年新竹市議員選舉,首次申報,1111028,雜支支出,侑星快餐店,85231690,0.00,695.00,,,,餐飲費用,金錢,新竹市北區光****,,否,,,,,,,
92,顏政德,111年新竹市議員選舉,首次申報,1111028,雜支支出,至忠商行,85412876,0.00,280.00,,,,餐飲費用,金錢,新竹市北區湳****,,否,,,,,,,
93,顏政德,111年新竹市議員選舉,首次申報,1111029,集會支出,超美味飲食店,41220181,0.00,1120.00,,,,餐飲費用,金錢,新竹市北區光****,,否,,,,,,,
94,顏政德,111年新竹市議員選舉,首次申報,1111030,雜支支出,葉家炭爐火鍋,,0.00,3600.00,,,,餐飲費用,金錢,新竹市北區水****,,否,,,,,,,
95,顏政德,111年新竹市議員選舉,首次申報,1111030,雜支支出,珍粥到廣東粥品,18209591,0.00,975.00,,,,餐飲費用,金錢,新竹市北區水****,,否,,,,,,,
96,顏政德,111年新竹市議員選舉,首次申報,1111030,租用宣傳車輛支出,全國加油站民生路,18211132,0.00,300.00,,,,宣傳車輛燃料費用,金錢,新竹市北區民****,,否,,,,,,,
97,顏政德,111年新竹市議員選舉,首次申報,1111030,雜支支出,四海遊龍,31512630,0.00,100.00,,,,餐飲費用,金錢,新竹市北區武****,,否,,,,,,,
98,顏政德,111年新竹市議員選舉,首次申報,1111030,雜支支出,東城彬記,91161428,0.00,3600.00,,,,餐飲費用,金錢,新竹市北區中****,,否,,,,,,,
99,顏政德,111年新竹市議員選舉,首次申報,1111030,人事費用支出,廖云薇,J22*******,0.00,30000.00,,,,工資或薪津,金錢,新竹市北區湳****,,否,,,,,,,
100,顏政德,111年新竹市議員選舉,首次申報,1111030,人事費用支出,張志鵬,O10*******,0.00,40000.00,,,,工資或薪津,金錢,新竹市北區湳****,,否,,,,,,,
101,顏政德,111年新竹市議員選舉,首次申報,1111030,人事費用支出,王郁豪,O10*******,0.00,30000.00,,,,工資或薪津,金錢,新竹市北區和****,,否,,,,,,,
102,顏政德,111年新竹市議員選舉,首次申報,1111031,雜支支出,超美味飲食店,41220181,0.00,380.00,,,,餐飲費用,金錢,新竹市北區光****,,否,,,,,,,
103,顏政德,111年新竹市議員選舉,首次申報,1111031,雜支支出,明園燒鴨,66879388,0.00,480.00,,,,餐飲費用,金錢,新竹市北區東****,,否,,,,,,,
104,顏政德,111年新竹市議員選舉,首次申報,1111031,租用宣傳車輛支出,長隆加油站,70694692,0.00,500.00,,,,宣傳車輛燃料費用,金錢,新竹市北區東****,,否,,,,,,,
105,顏政德,111年新竹市議員選舉,首次申報,1111101,租用宣傳車輛支出,長隆加油站,,0.00,1000.00,,,,宣傳車輛燃料費用,金錢,新竹市北區東****,,否,,,,,,,
106,顏政德,111年新竹市議員選舉,首次申報,1111101,雜支支出,輝龍排骨大王,66896984,0.00,540.00,,,,餐飲費用,金錢,新竹市北區北****,,否,,,,,,,
107,顏政德,111年新竹市議員選舉,首次申報,1111102,集會支出,新竹市公共停車場作業基金,,0.00,1200.00,,,,租用場地費用,金錢,新竹市北區中****,,否,,,,,,,
108,顏政德,111年新竹市議員選舉,首次申報,1111102,雜支支出,輝龍排骨大王,66896984,0.00,630.00,,,,餐飲費用,金錢,新竹市北區北****,,否,,,,,,,
109,顏政德,111年新竹市議員選舉,首次申報,1111102,宣傳支出,中驊企業社,99836805,0.00,1800.00,,,,製作競選物品或宣傳廣告費用（物品名稱-貼紙）,金錢,新竹縣寶山鄉****,,否,,,,,,,
110,顏政德,111年新竹市議員選舉,首次申報,1111103,雜支支出,華鈴食品,,0.00,435.00,,,,餐飲費用,金錢,新竹市北區光****,,否,,,,,,,
111,顏政德,111年新竹市議員選舉,首次申報,1111103,租用宣傳車輛支出,昌隆加油站,,0.00,1000.00,,,,宣傳車輛燃料費用,金錢,新竹市東區公****,,否,,,,,,,
112,顏政德,111年新竹市議員選舉,首次申報,1111104,租用競選辦事處支出,立特屋五金百貨,,0.00,40.00,,,,其他與租用競選辦事處有關之費用,金錢,新竹市北區湳****,,否,,,,,,,
113,顏政德,111年新竹市議員選舉,首次申報,1111104,雜支支出,侑星快餐店,85231690,0.00,950.00,,,,餐飲費用,金錢,新竹市北區光****,,否,,,,,,,
114,顏政德,111年新竹市議員選舉,首次申報,1111105,雜支支出,十元屋五金百貨,,0.00,85.00,,,,雜項購置或修繕費用,金錢,新竹市北區水****,,否,,,,,,,
115,顏政德,111年新竹市議員選舉,首次申報,1111105,租用宣傳車輛支出,全國加油站民生路,,0.00,100.00,,,,宣傳車輛燃料費用,金錢,新竹市北區民****,,否,,,,,,,
116,顏政德,111年新竹市議員選舉,首次申報,1111105,集會支出,東城彬記,,0.00,16500.00,,,,餐飲費用,金錢,新竹市北區中****,,否,,,,,,,
117,顏政德,111年新竹市議員選舉,首次申報,1111106,租用宣傳車輛支出,台灣中油奕承,37936190,0.00,1062.00,,,,宣傳車輛燃料費用,金錢,新竹市香山區****,,否,,,,,,,
118,顏政德,111年新竹市議員選舉,首次申報,1111107,雜支支出,超美味飲食店,41220181,0.00,550.00,,,,餐飲費用,金錢,新竹市北區光****,,否,,,,,,,
119,顏政德,111年新竹市議員選舉,首次申報,1111107,雜支支出,大鼎飯堂,66952937,0.00,470.00,,,,餐飲費用,金錢,新竹市北區湳****,,否,,,,,,,
120,顏政德,111年新竹市議員選舉,首次申報,1111107,租用宣傳車輛支出,昇冠加油站,70599732,0.00,1000.00,,,,宣傳車輛燃料費用,金錢,新竹市北區經****,,否,,,,,,,
121,顏政德,111年新竹市議員選舉,首次申報,1111108,租用宣傳車輛支出,台灣中油光復路站,,0.00,1044.00,,,,宣傳車輛燃料費用,金錢,新竹市東區光****,,否,,,,,,,
122,顏政德,111年新竹市議員選舉,首次申報,1111108,集會支出,東城彬記,,0.00,9000.00,,,,餐飲費用,金錢,新竹市北區中****,,否,,,,,,,
123,顏政德,111年新竹市議員選舉,首次申報,1111108,集會支出,台北德芳美早餐店,,0.00,1500.00,,,,餐飲費用,金錢,新竹市北區東****,,否,,,,,,,
124,顏政德,111年新竹市議員選舉,首次申報,1111108,宣傳支出,第一村六區公寓大廈管理委員會,,0.00,2000.00,,,,其他與選舉宣傳有關之費用,金錢,新竹市北區武****,,否,,,,,,,
125,顏政德,111年新竹市議員選舉,首次申報,1111108,宣傳支出,中國時報/聯合報  新竹分社,,0.00,1400.00,,,,播放、傳送或刊登宣傳廣告費用,金錢,新竹市北區光****,,否,,,,,,,
126,顏政德,111年新竹市議員選舉,首次申報,1111108,宣傳支出,薪揚廣告有限公司,54790895,0.00,136385.00,,,,製作競選物品或宣傳廣告費用（帆布廣告）,金錢,新竹市香山區****,,否,,,,,,,
127,顏政德,111年新竹市議員選舉,首次申報,1111108,雜支支出,大鼎飯堂,66952937,0.00,420.00,,,,餐飲費用,金錢,新竹市北區湳****,,否,,,,,,,
128,顏政德,111年新竹市議員選舉,首次申報,1111109,集會支出,第一村六區公寓大廈管理委員會,,0.00,2000.00,,,,租用場地費用,金錢,新竹市北區武****,,否,,,,,,,
129,顏政德,111年新竹市議員選舉,首次申報,1111109,雜支支出,正韓國魷魚羹,,0.00,250.00,,,,餐飲費用,金錢,新竹市北區中****,,否,,,,,,,
130,顏政德,111年新竹市議員選舉,首次申報,1111109,宣傳支出,荷蘭村社區,,0.00,1500.00,,,,租用廣告看板或車體廣告費用,金錢,新竹市北區武****,,否,,,,,,,
131,顏政德,111年新竹市議員選舉,首次申報,1111109,宣傳支出,荷蘭村社區,,0.00,1600.00,,,,租用廣告看板或車體廣告費用,金錢,新竹市北區武****,,否,,,,,,,
132,顏政德,111年新竹市議員選舉,首次申報,1111109,宣傳支出,荷蘭村社區,,0.00,1600.00,,,,租用廣告看板或車體廣告費用,金錢,新竹市北區武****,,否,,,,,,,
133,顏政德,111年新竹市議員選舉,首次申報,1111109,宣傳支出,荷蘭村社區c區,,0.00,1600.00,,,,租用廣告看板或車體廣告費用,金錢,新竹市北區武****,,否,,,,,,,
134,顏政德,111年新竹市議員選舉,首次申報,1111109,雜支支出,味美小吃店,21514960,0.00,1240.00,,,,餐飲費用,金錢,新竹市北區國****,,否,,,,,,,
135,顏政德,111年新竹市議員選舉,首次申報,1111109,租用宣傳車輛支出,昇冠加油站,70599732,0.00,1000.00,,,,宣傳車輛燃料費用,金錢,新竹市北區經****,,否,,,,,,,
136,顏政德,111年新竹市議員選舉,首次申報,1111110,租用宣傳車輛支出,OK便利商店,,0.00,300.00,,,,其他與租用宣傳車輛有關之費用,金錢,新竹市北區中****,,否,,,,,,,
137,顏政德,111年新竹市議員選舉,首次申報,1111110,租用宣傳車輛支出,永富加油站,16383854,0.00,500.00,,,,宣傳車輛燃料費用,金錢,新竹市北區中****,,否,,,,,,,
138,顏政德,111年新竹市議員選舉,首次申報,1111110,雜支支出,大鼎飯堂,66952937,0.00,350.00,,,,餐飲費用,金錢,新竹市北區湳****,,否,,,,,,,
139,顏政德,111年新竹市議員選舉,首次申報,1111111,租用宣傳車輛支出,全家便利商店,,0.00,300.00,,,,其他與租用宣傳車輛有關之費用,金錢,新竹市北區武****,,否,,,,,,,
140,顏政德,111年新竹市議員選舉,首次申報,1111111,租用宣傳車輛支出,永富加油站,16383854,0.00,1000.00,,,,宣傳車輛燃料費用,金錢,新竹市北區中****,,否,,,,,,,
141,顏政德,111年新竹市議員選舉,首次申報,1111112,宣傳支出,中國時報/聯合報  新竹分社,,0.00,700.00,,,,播放、傳送或刊登宣傳廣告費用,金錢,新竹市北區光****,,否,,,,,,,
142,顏政德,111年新竹市議員選舉,首次申報,1111112,雜支支出,立特屋五金百貨商店,26159047,0.00,40.00,,,,文具用品費用,金錢,新竹市北區湳****,,否,,,,,,,
143,顏政德,111年新竹市議員選舉,首次申報,1111112,雜支支出,costco,28435913,0.00,675.00,,,,雜項購置或修繕費用,金錢,新竹市東區慈****,,否,,,,,,,
144,顏政德,111年新竹市議員選舉,首次申報,1111113,雜支支出,華鈴食品,,0.00,510.00,,,,餐飲費用,金錢,新竹市北區光****,,否,,,,,,,
145,顏政德,111年新竹市議員選舉,首次申報,1111113,租用宣傳車輛支出,台灣中油奕承,37936190,0.00,800.00,,,,宣傳車輛燃料費用,金錢,新竹市香山區****,,否,,,,,,,
146,顏政德,111年新竹市議員選舉,首次申報,1111114,雜支支出,廣德瑩燒臘店,,0.00,285.00,,,,餐飲費用,金錢,新竹市北區北****,,否,,,,,,,
147,顏政德,111年新竹市議員選舉,首次申報,1111114,租用宣傳車輛支出,永富加油站,16383854,0.00,1000.00,,,,宣傳車輛燃料費用,金錢,新竹市北區中****,,否,,,,,,,
148,顏政德,111年新竹市議員選舉,首次申報,1111114,雜支支出,四海遊龍,31512630,0.00,400.00,,,,餐飲費用,金錢,新竹市北區武****,,否,,,,,,,
149,顏政德,111年新竹市議員選舉,首次申報,1111114,租用宣傳車輛支出,昇冠加油站,70599732,0.00,100.00,,,,宣傳車輛燃料費用,金錢,新竹市北區經****,,否,,,,,,,
150,顏政德,111年新竹市議員選舉,首次申報,1111116,雜支支出,江山食堂,,0.00,200.00,,,,餐飲費用,金錢,新竹市北區北****,,否,,,,,,,
151,顏政德,111年新竹市議員選舉,首次申報,1111116,宣傳支出,中國時報/聯合報  新竹分社,,0.00,2000.00,,,,播放、傳送或刊登宣傳廣告費用,金錢,新竹市北區光****,,否,,,,,,,
152,顏政德,111年新竹市議員選舉,首次申報,1111116,雜支支出,珍粥到廣東粥品,18209591,0.00,665.00,,,,餐飲費用,金錢,新竹市北區水****,,否,,,,,,,
153,顏政德,111年新竹市議員選舉,首次申報,1111116,租用宣傳車輛支出,昇冠加油站,70599732,0.00,1000.00,,,,宣傳車輛燃料費用,金錢,新竹市北區經****,,否,,,,,,,
154,顏政德,111年新竹市議員選舉,首次申報,1111116,宣傳支出,中驊企業社,99836805,0.00,900.00,,,,製作競選物品或宣傳廣告費用（貼紙）,金錢,新竹縣寶山鄉****,,否,,,,,,,
155,顏政德,111年新竹市議員選舉,首次申報,1111117,租用宣傳車輛支出,永富加油站,16383854,0.00,1000.00,,,,宣傳車輛燃料費用,金錢,新竹市北區中****,,否,,,,,,,
156,顏政德,111年新竹市議員選舉,首次申報,1111117,雜支支出,明園燒鴨,66879388,0.00,640.00,,,,餐飲費用,金錢,新竹市北區東****,,否,,,,,,,
157,顏政德,111年新竹市議員選舉,首次申報,1111118,雜支支出,江山食堂,,0.00,300.00,,,,餐飲費用,金錢,新竹市北區北****,,否,,,,,,,
158,顏政德,111年新竹市議員選舉,首次申報,1111118,宣傳支出,中國時報/聯合報  新竹分社,,0.00,6000.00,,,,播放、傳送或刊登宣傳廣告費用,金錢,新竹市北區光****,,否,,,,,,,
159,顏政德,111年新竹市議員選舉,首次申報,1111118,雜支支出,學德電料股份有限公司,,0.00,3000.00,,,,雜項購置或修繕費用,金錢,新竹市復興路****,,否,,,,,,,
160,顏政德,111年新竹市議員選舉,首次申報,1111118,雜支支出,學德電料股份有限公司,,0.00,3150.00,,,,雜項購置或修繕費用,金錢,新竹市復興路****,,否,,,,,,,
161,顏政德,111年新竹市議員選舉,首次申報,1111119,租用宣傳車輛支出,長隆加油站,,0.00,126.00,,,,宣傳車輛燃料費用,金錢,新竹市北區東****,,否,,,,,,,
162,顏政德,111年新竹市議員選舉,首次申報,1111119,雜支支出,寶島麵線站(光華店),,0.00,410.00,,,,餐飲費用,金錢,新竹市光華街****,,否,,,,,,,
163,顏政德,111年新竹市議員選舉,首次申報,1111120,宣傳支出,中國時報/聯合報  新竹分社,,0.00,6000.00,,,,播放、傳送或刊登宣傳廣告費用,金錢,新竹市北區光****,,否,,,,,,,
164,顏政德,111年新竹市議員選舉,首次申報,1111120,租用宣傳車輛支出,永富加油站,16383854,0.00,1000.00,,,,宣傳車輛燃料費用,金錢,新竹市北區中****,,否,,,,,,,
165,顏政德,111年新竹市議員選舉,首次申報,1111120,雜支支出,醍醐味豬腳飯店,26694126,0.00,1490.00,,,,餐飲費用,金錢,新竹市北區中****,,否,,,,,,,
166,顏政德,111年新竹市議員選舉,首次申報,1111120,雜支支出,明園燒鴨,66879388,0.00,640.00,,,,餐飲費用,金錢,新竹市北區東****,,否,,,,,,,
167,顏政德,111年新竹市議員選舉,首次申報,1111121,雜支支出,富鴻刷刷鍋,72888195,0.00,400.00,,,,餐飲費用,金錢,新竹市北區光****,,否,,,,,,,
168,顏政德,111年新竹市議員選舉,首次申報,1111122,雜支支出,何家乾麵,50518281,0.00,385.00,,,,餐飲費用,金錢,新竹市北區中****,,否,,,,,,,
169,顏政德,111年新竹市議員選舉,首次申報,1111122,人事費用支出,廖云薇,J22*******,0.00,30000.00,,,,工資或薪津,金錢,新竹市北區湳****,,否,,,,,,,
170,顏政德,111年新竹市議員選舉,首次申報,1111122,人事費用支出,林柏峰,O10*******,0.00,22800.00,,,,工資或薪津,金錢,新竹市北區武****,,否,,,,,,,
171,顏政德,111年新竹市議員選舉,首次申報,1111122,人事費用支出,張志鵬,O10*******,0.00,40000.00,,,,工資或薪津,金錢,新竹市北區湳****,,否,,,,,,,
172,顏政德,111年新竹市議員選舉,首次申報,1111122,人事費用支出,張欣凌,S22*******,0.00,30000.00,,,,工資或薪津,金錢,新竹市北區境****,,否,,,,,,,
173,顏政德,111年新竹市議員選舉,首次申報,1111123,雜支支出,珍粥到廣東粥品,18209591,0.00,560.00,,,,餐飲費用,金錢,新竹市北區水****,,否,,,,,,,
174,顏政德,111年新竹市議員選舉,首次申報,1111123,宣傳支出,中驊企業社,99836805,0.00,1350.00,,,,製作競選物品或宣傳廣告費用（貼紙）,金錢,新竹縣寶山鄉****,,否,,,,,,,
175,顏政德,111年新竹市議員選舉,首次申報,1111124,雜支支出,珍粥到廣東粥品,18209591,0.00,1100.00,,,,餐飲費用,金錢,新竹市北區水****,,否,,,,,,,
176,顏政德,111年新竹市議員選舉,首次申報,1111125,雜支支出,醍醐味豬腳飯店,26694126,0.00,875.00,,,,餐飲費用,金錢,新竹市北區中****,,否,,,,,,,
177,顏政德,111年新竹市議員選舉,首次申報,1111125,集會支出,蕭氏食品行,73837982,0.00,30000.00,,,,餐飲費用,金錢,新竹市北區中****,,否,,,,,,,
