﻿序號,擬參選人／政黨,選舉名稱,申報序號／年度,交易日期,收支科目,捐贈者／支出對象,身分證／統一編號,收入金額,支出金額,捐贈方式,存入專戶日期,返還/繳庫,支出用途,金錢類,地址,聯絡電話,應揭露之支出對象,支出對象之內部人員姓名,支出對象之內部人員職稱,政黨之內部人員姓名,政黨之內部人員職稱,關係,更正註記,資料更正日期
1,黃柏霖,113年立法委員選舉,首次申報,1120607,個人捐贈收入,王彥崴,H12*******,9999.00,0.00,匯款,1120607,,,金錢,,,,,,,,,,
2,黃柏霖,113年立法委員選舉,首次申報,1120607,個人捐贈收入,杜晉國,S12*******,5000.00,0.00,匯款,1120607,,,金錢,,,,,,,,,,
3,黃柏霖,113年立法委員選舉,首次申報,1120616,個人捐贈收入,陳昱翰,,10000.00,0.00,匯款,1120616,,,金錢,,0926*****,,,,,,,,
4,黃柏霖,113年立法委員選舉,首次申報,1120621,其他收入,利息收入,,4.00,0.00,匯款,1120621,,,金錢,,,,,,,,,,
5,黃柏霖,113年立法委員選舉,首次申報,1120626,個人捐贈收入,楊伸太,T12*******,50000.00,0.00,匯款,1120626,,,金錢,高雄市三民區****,0988*****,,,,,,,,
6,黃柏霖,113年立法委員選舉,首次申報,1120630,個人捐贈收入,梁建煌,S10*******,50000.00,0.00,匯款,1120630,,,金錢,高雄市前金區****,0911*****,,,,,,,,
7,黃柏霖,113年立法委員選舉,首次申報,1120704,個人捐贈收入,陳麗英,,2600.00,0.00,匯款,1120704,,,金錢,,0972*****,,,,,,,,
8,黃柏霖,113年立法委員選舉,首次申報,1120714,個人捐贈收入,黃炯芳,E12*******,5000.00,0.00,匯款,1120714,,,金錢,高雄市三民區****,0911*****,,,,,,,,
9,黃柏霖,113年立法委員選舉,首次申報,1120717,個人捐贈收入,黃永原,S12*******,2000.00,0.00,匯款,1120717,,,金錢,高雄市鳳山區****,0958*****,,,,,,,,
10,黃柏霖,113年立法委員選舉,首次申報,1120718,人民團體捐贈收入,社團法人高雄市消防設備師公會,,30000.00,0.00,匯款,1120718,,,金錢,高雄市鳳山區****,07-7*****,,,,,,,,
11,黃柏霖,113年立法委員選舉,首次申報,1120718,個人捐贈收入,謝宗修,,10000.00,0.00,匯款,1120718,,,金錢,,0931*****,,,,,,,,
12,黃柏霖,113年立法委員選舉,首次申報,1120719,個人捐贈收入,林秀芬,,2000.00,0.00,匯款,1120719,,,金錢,高雄市三民區****,0935*****,,,,,,,,
13,黃柏霖,113年立法委員選舉,首次申報,1120720,個人捐贈收入,林瑞豐,L12*******,100000.00,0.00,匯款,1120720,,,金錢,臺中市大里區****,04-2*****,,,,,,,,
14,黃柏霖,113年立法委員選舉,首次申報,1120804,個人捐贈收入,王金成,,10000.00,0.00,匯款,1120804,,,金錢,高雄市三民區****,0920*****,,,,,,,,
15,黃柏霖,113年立法委員選舉,首次申報,1120804,個人捐贈收入,李璦杉,E22*******,70000.00,0.00,匯款,1120804,,,金錢,高雄市苓雅區****,0988*****,,,,,,,,
16,黃柏霖,113年立法委員選舉,首次申報,1120821,個人捐贈收入,溫玉姮,,2000.00,0.00,匯款,1120821,,,金錢,,07-3*****,,,,,,,,
17,黃柏霖,113年立法委員選舉,首次申報,1120829,個人捐贈收入,何怡忞,Q12*******,100000.00,0.00,票據,1120829,,,金錢,高雄市鼓山區****,,,,,,,,,
18,黃柏霖,113年立法委員選舉,首次申報,1120907,營利事業捐贈收入,冠宇宙有限公司,89769258,20000.00,0.00,,,,,非金錢,臺中市南屯區****,04-2*****,,,,,,,,
19,黃柏霖,113年立法委員選舉,首次申報,1120914,個人捐贈收入,莊傑任,,1200.00,0.00,匯款,1120914,,,金錢,,0982*****,,,,,,,,
20,黃柏霖,113年立法委員選舉,首次申報,1120921,個人捐贈收入,王永馨,A22*******,100000.00,0.00,匯款,1120921,,,金錢,臺北市文山區****,,,,,,,,,
21,黃柏霖,113年立法委員選舉,首次申報,1120921,個人捐贈收入,陳麗紅,H22*******,100000.00,0.00,匯款,1120921,,,金錢,臺北市松山區****,,,,,,,,,
22,黃柏霖,113年立法委員選舉,首次申報,1120921,個人捐贈收入,陳立恆,Q10*******,100000.00,0.00,匯款,1120921,,,金錢,臺北市松山區****,,,,,,,,,
23,黃柏霖,113年立法委員選舉,首次申報,1120922,政黨捐贈收入,中國國民黨,政黨證字第1號,300000.00,0.00,票據,1120922,,,金錢,台北市中山區****,(02)*****,,,,,,,,
24,黃柏霖,113年立法委員選舉,首次申報,1120928,個人捐贈收入,張聰德,,6000.00,0.00,匯款,1120928,,,金錢,臺南市安平區****,0912*****,,,,,,,,
25,黃柏霖,113年立法委員選舉,首次申報,1121003,個人捐贈收入,楊士賢,,200.00,0.00,匯款,1121003,,,金錢,高雄市三民區****,,,,,,,,,
26,黃柏霖,113年立法委員選舉,首次申報,1121004,個人捐贈收入,林昱良,P10*******,50000.00,0.00,票據,1121004,,,金錢,高雄市仁武區****,0937*****,,,,,,,,
27,黃柏霖,113年立法委員選舉,首次申報,1121011,個人捐贈收入,王雅琴,D22*******,50000.00,0.00,匯款,1121011,,,金錢,高雄市鼓山區****,0935*****,,,,,,,,
28,黃柏霖,113年立法委員選舉,首次申報,1121012,個人捐贈收入,邱奕富,,5000.00,0.00,匯款,1121012,,,金錢,,0935*****,,,,,,,,
29,黃柏霖,113年立法委員選舉,首次申報,1121012,個人捐贈收入,陳秀文,E20*******,50000.00,0.00,匯款,1121012,,,金錢,高雄市苓雅區****,,,,,,,,,
30,黃柏霖,113年立法委員選舉,首次申報,1121012,個人捐贈收入,李良相,S12*******,50000.00,0.00,匯款,1121012,,,金錢,高雄市苓雅區****,,,,,,,,,
31,黃柏霖,113年立法委員選舉,首次申報,1121015,營利事業捐贈收入,廣達香食品股份有限公司,35549807,50000.00,0.00,,,,,非金錢,新北市新莊區****,02-2*****,,,,,,,,
32,黃柏霖,113年立法委員選舉,首次申報,1121027,個人捐贈收入,李哲銘,,10000.00,0.00,匯款,1121027,,,金錢,高雄市三民區****,0915*****,,,,,,,,
33,黃柏霖,113年立法委員選舉,首次申報,1121027,個人捐贈收入,郭彥逸,E12*******,30000.00,0.00,匯款,1121027,,,金錢,高雄市三民區****,,,,,,,,,
34,黃柏霖,113年立法委員選舉,首次申報,1121031,營利事業捐贈收入,尚潁有限公司,16937953,300000.00,0.00,匯款,1121031,,,金錢,高雄市鳥松區****,,,,,,,,,
35,黃柏霖,113年立法委員選舉,首次申報,1121102,個人捐贈收入,林爵士,,6000.00,0.00,匯款,1121102,,,金錢,屏東縣鹽埔鄉****,0973*****,,,,,,,,
36,黃柏霖,113年立法委員選舉,首次申報,1121102,營利事業捐贈收入,錦輝塑膠業有限公司,16480624,10000.00,0.00,匯款,1121102,,,金錢,高雄市新興區****,,,,,,,,,
37,黃柏霖,113年立法委員選舉,首次申報,1121103,人民團體捐贈收入,台灣資訊教育發展協會,09218204,100000.00,0.00,匯款,1121103,,,金錢,桃園市中壢區****,03-4*****,,,,,,,,
38,黃柏霖,113年立法委員選舉,首次申報,1121109,個人捐贈收入,劉家和,,10000.00,0.00,匯款,1121109,,,金錢,高雄市三民區****,0930*****,,,,,,,,
39,黃柏霖,113年立法委員選舉,首次申報,1121109,營利事業捐贈收入,三和鋁業有限公司,86962379,30000.00,0.00,匯款,1121109,,,金錢,屏東縣東港鎮****,,,,,,,,,
40,黃柏霖,113年立法委員選舉,首次申報,1121113,個人捐贈收入,歐元珮,,300.00,0.00,匯款,1121113,,,金錢,高雄市三民區****,0910*****,,,,,,,,
41,黃柏霖,113年立法委員選舉,首次申報,1121113,個人捐贈收入,許宏瑋,,5000.00,0.00,匯款,1121113,,,金錢,高雄市湖內區****,0937*****,,,,,,,,
42,黃柏霖,113年立法委員選舉,首次申報,1121113,個人捐贈收入,楊得安,,30000.00,0.00,匯款,1121113,,,金錢,高雄市三民區****,,,,,,,,,
43,黃柏霖,113年立法委員選舉,首次申報,1121113,個人捐贈收入,陳香伶,,30000.00,0.00,匯款,1121113,,,金錢,宜蘭縣礁溪鄉****,0986*****,,,,,,,,
44,黃柏霖,113年立法委員選舉,首次申報,1121113,個人捐贈收入,林高河,,3800.00,0.00,匯款,1121113,,,金錢,高雄市三民區****,0933*****,,,,,,,,
45,黃柏霖,113年立法委員選舉,首次申報,1121113,個人捐贈收入,游芳美,,3000.00,0.00,匯款,1121113,,,金錢,高雄市三民區****,,,,,,,,,
46,黃柏霖,113年立法委員選舉,首次申報,1121113,個人捐贈收入,劉聲明,,1000.00,0.00,匯款,1121113,,,金錢,高雄市湖內區****,0919*****,,,,,,,,
47,黃柏霖,113年立法委員選舉,首次申報,1121113,個人捐贈收入,吳誌忠,,10000.00,0.00,匯款,1121113,,,金錢,高雄市三民區****,0912*****,,,,,,,,
48,黃柏霖,113年立法委員選舉,首次申報,1121113,個人捐贈收入,梁文德,,12000.00,0.00,匯款,1121113,,,金錢,桃園市楊梅區****,0917*****,,,,,,,,
49,黃柏霖,113年立法委員選舉,首次申報,1121113,個人捐贈收入,涂家彰,,10000.00,0.00,匯款,1121113,,,金錢,高雄市左營區****,0919*****,,,,,,,,
50,黃柏霖,113年立法委員選舉,首次申報,1121113,個人捐贈收入,林金珠,,20000.00,0.00,匯款,1121113,,,金錢,高雄市三民區****,07-3*****,,,,,,,,
51,黃柏霖,113年立法委員選舉,首次申報,1121113,個人捐贈收入,劉世英,,10000.00,0.00,匯款,1121113,,,金錢,高雄市仁武區****,0932*****,,,,,,,,
52,黃柏霖,113年立法委員選舉,首次申報,1121113,個人捐贈收入,陳銘祥,,30000.00,0.00,匯款,1121113,,,金錢,高雄市鳳山區****,0931*****,,,,,,,,
53,黃柏霖,113年立法委員選舉,首次申報,1121113,個人捐贈收入,趙美椈,,1000.00,0.00,匯款,1121113,,,金錢,,0928*****,,,,,,,,
54,黃柏霖,113年立法委員選舉,首次申報,1121113,個人捐贈收入,陳惠雀,,1000.00,0.00,匯款,1121113,,,金錢,,0928*****,,,,,,,,
55,黃柏霖,113年立法委員選舉,首次申報,1121113,個人捐贈收入,楊忠原,,10000.00,0.00,匯款,1121113,,,金錢,高雄市三民區****,0933*****,,,,,,,,
56,黃柏霖,113年立法委員選舉,首次申報,1121113,個人捐贈收入,吳芙蓉,,3600.00,0.00,匯款,1121113,,,金錢,高雄市三民區****,0931*****,,,,,,,,
57,黃柏霖,113年立法委員選舉,首次申報,1121113,個人捐贈收入,鄧深,,1000.00,0.00,匯款,1121113,,,金錢,高雄市三民區****,,,,,,,,,
58,黃柏霖,113年立法委員選舉,首次申報,1121113,個人捐贈收入,蔡金鳳,,2000.00,0.00,匯款,1121113,,,金錢,高雄市三民區****,,,,,,,,,
59,黃柏霖,113年立法委員選舉,首次申報,1121113,個人捐贈收入,黃建樺,E12*******,50000.00,0.00,匯款,1121113,,,金錢,高雄市三民區****,07-3*****,,,,,,,,
60,黃柏霖,113年立法委員選舉,首次申報,1121113,個人捐贈收入,洪宏安,S12*******,90000.00,0.00,匯款,1121113,,,金錢,屏東縣佳冬鄉****,0915*****,,,,,,,,
61,黃柏霖,113年立法委員選舉,首次申報,1121113,個人捐贈收入,蔡森濬,V12*******,50000.00,0.00,匯款,1121113,,,金錢,高雄市湖內區****,0932*****,,,,,,,,
62,黃柏霖,113年立法委員選舉,首次申報,1121114,個人捐贈收入,葉陳英貴,,20000.00,0.00,匯款,1121114,,,金錢,高雄市大寮區****,07-7*****,,,,,,,,
63,黃柏霖,113年立法委員選舉,首次申報,1121114,個人捐贈收入,嚴素琴,,6000.00,0.00,匯款,1121114,,,金錢,高雄市前鎮區****,0933*****,,,,,,,,
64,黃柏霖,113年立法委員選舉,首次申報,1121114,營利事業捐贈收入,漢神名店百貨股份有限公司,23827290,300000.00,0.00,匯款,1121114,,,金錢,高雄市前金區****,07-2*****,,,,,,,,
65,黃柏霖,113年立法委員選舉,首次申報,1121114,個人捐贈收入,查月容,S22*******,50000.00,0.00,匯款,1121114,,,金錢,高雄市鼓山區****,0958*****,,,,,,,,
66,黃柏霖,113年立法委員選舉,首次申報,1121115,營利事業捐贈收入,十代有限公司,86450004,10000.00,0.00,匯款,1121115,,,金錢,高雄市三民區****,0932*****,,,,,,,,
67,黃柏霖,113年立法委員選舉,首次申報,1121115,個人捐贈收入,李善上,T12*******,100000.00,0.00,現金,1121115,,,金錢,高雄市三民區****,,,,,,,,,
68,黃柏霖,113年立法委員選舉,首次申報,1121116,個人捐贈收入,郭香君,,5000.00,0.00,匯款,1121116,,,金錢,高雄市三民區****,0982*****,,,,,,,,
69,黃柏霖,113年立法委員選舉,首次申報,1121116,個人捐贈收入,沈櫻花,,3000.00,0.00,匯款,1121116,,,金錢,高雄市鳳山區****,0931*****,,,,,,,,
70,黃柏霖,113年立法委員選舉,首次申報,1121116,個人捐贈收入,王叔勰,,20000.00,0.00,匯款,1121116,,,金錢,高雄市三民區****,0920*****,,,,,,,,
71,黃柏霖,113年立法委員選舉,首次申報,1121117,個人捐贈收入,張鳳娥,,10000.00,0.00,匯款,1121117,,,金錢,高雄市三民區****,0937*****,,,,,,,,
72,黃柏霖,113年立法委員選舉,首次申報,1121120,個人捐贈收入,孫素嫺,,5000.00,0.00,匯款,1121120,,,金錢,高雄市鳳山區****,,,,,,,,,
73,黃柏霖,113年立法委員選舉,首次申報,1121120,個人捐贈收入,王逸民,,30000.00,0.00,匯款,1121120,,,金錢,新北市永和區****,0938*****,,,,,,,,
74,黃柏霖,113年立法委員選舉,首次申報,1121122,個人捐贈收入,趙世亨,A12*******,100000.00,0.00,匯款,1121122,,,金錢,臺北市大安區****,0932*****,,,,,,,,
75,黃柏霖,113年立法委員選舉,首次申報,1121122,個人捐贈收入,楊俊元,F12*******,100000.00,0.00,匯款,1121122,,,金錢,臺北市大安區****,0935*****,,,,,,,,
76,黃柏霖,113年立法委員選舉,首次申報,1121127,個人捐贈收入,林進吉,,1000.00,0.00,匯款,1121127,,,金錢,高雄市三民區****,07-3*****,,,,,,,,
77,黃柏霖,113年立法委員選舉,首次申報,1121127,個人捐贈收入,李俊德,T12*******,100000.00,0.00,匯款,1121127,,,金錢,高雄市苓雅區****,0972*****,,,,,,,,
78,黃柏霖,113年立法委員選舉,首次申報,1121130,個人捐贈收入,劉聲明,,1000.00,0.00,匯款,1121130,,,金錢,高雄市湖內區****,0919*****,,,,,,,,
79,黃柏霖,113年立法委員選舉,首次申報,1121201,個人捐贈收入,林碧雲,,2000.00,0.00,匯款,1121201,,,金錢,高雄市三民區****,0912*****,,,,,,,,
80,黃柏霖,113年立法委員選舉,首次申報,1121201,營利事業捐贈收入,光南鋼鐵股份有限公司,84723705,100000.00,0.00,票據,1121201,,,金錢,高雄市路竹區****,07-6*****,,,,,,,,
81,黃柏霖,113年立法委員選舉,首次申報,1121204,個人捐贈收入,莊宗慶,,2000.00,0.00,匯款,1121204,,,金錢,高雄市三民區****,07-3*****,,,,,,,,
82,黃柏霖,113年立法委員選舉,首次申報,1121204,個人捐贈收入,賈美容,,5000.00,0.00,匯款,1121204,,,金錢,高雄市前鎮區****,0952*****,,,,,,,,
83,黃柏霖,113年立法委員選舉,首次申報,1121204,人民團體捐贈收入,社團法人高雄市牙醫師公會,10132369100,100000.00,0.00,匯款,1121204,,,金錢,高雄市前鎮區****,07-3*****,,,,,,,,
84,黃柏霖,113年立法委員選舉,首次申報,1121204,個人捐贈收入,林慶雄,E10*******,100000.00,0.00,票據,1121204,,,金錢,高雄市左營區****,07-3*****,,,,,,,,
85,黃柏霖,113年立法委員選舉,首次申報,1121205,個人捐贈收入,虞蔚蓉,E22*******,100000.00,0.00,匯款,1121205,,,金錢,新北市板橋區****,0935*****,,,,,,,,
86,黃柏霖,113年立法委員選舉,首次申報,1121205,個人捐贈收入,汪俊宏,F12*******,100000.00,0.00,匯款,1121205,,,金錢,新北市板橋區****,,,,,,,,,
87,黃柏霖,113年立法委員選舉,首次申報,1121206,個人捐贈收入,黃仁杼,,30000.00,0.00,匯款,1121206,,,金錢,桃園市八德區****,0935*****,,,,,,,,
88,黃柏霖,113年立法委員選舉,首次申報,1121206,個人捐贈收入,吳坤明,S12*******,50000.00,0.00,匯款,1121206,,,金錢,高雄市三民區****,,,,,,,,,
89,黃柏霖,113年立法委員選舉,首次申報,1121207,個人捐贈收入,于桂美,,3000.00,0.00,匯款,1121207,,,金錢,高雄市小港區****,07-8*****,,,,,,,,
90,黃柏霖,113年立法委員選舉,首次申報,1121207,個人捐贈收入,李益銓,,3000.00,0.00,匯款,1121207,,,金錢,屏東縣萬丹鄉****,0937*****,,,,,,,,
91,黃柏霖,113年立法委員選舉,首次申報,1121207,個人捐贈收入,林燕秋,R22*******,100000.00,0.00,匯款,1121207,,,金錢,高雄市三民區****,0931*****,,,,,,,,
92,黃柏霖,113年立法委員選舉,首次申報,1121208,個人捐贈收入,王建樹,,30000.00,0.00,匯款,1121208,,,金錢,高雄市鼓山區****,0928*****,,,,,,,,
93,黃柏霖,113年立法委員選舉,首次申報,1121208,個人捐贈收入,翁萃芝,,20000.00,0.00,匯款,1121208,,,金錢,高雄市鼓山區****,,,,,,,,,
94,黃柏霖,113年立法委員選舉,首次申報,1121208,個人捐贈收入,黃思文,,20000.00,0.00,現金,1121208,,,金錢,高雄市三民區****,0912*****,,,,,,,,
95,黃柏霖,113年立法委員選舉,首次申報,1121208,個人捐贈收入,陳炯甫,Q12*******,60000.00,0.00,匯款,1121208,,,金錢,高雄市前鎮區****,0918*****,,,,,,,,
96,黃柏霖,113年立法委員選舉,首次申報,1121211,個人捐贈收入,張文温,,2000.00,0.00,匯款,1121211,,,金錢,高雄市三民區****,0937*****,,,,,,,,
97,黃柏霖,113年立法委員選舉,首次申報,1121211,個人捐贈收入,張祐寧,,20000.00,0.00,匯款,1121211,,,金錢,新北市板橋區****,0932*****,,,,,,,,
98,黃柏霖,113年立法委員選舉,首次申報,1121211,個人捐贈收入,鄧集能,,10000.00,0.00,匯款,1121211,,,金錢,高雄市鳳山區****,0932*****,,,,,,,,
99,黃柏霖,113年立法委員選舉,首次申報,1121211,個人捐贈收入,鄭來存,,5000.00,0.00,匯款,1121211,,,金錢,高雄市鳳山區****,07-7*****,,,,,,,,
100,黃柏霖,113年立法委員選舉,首次申報,1121211,個人捐贈收入,譚智勇,,200.00,0.00,匯款,1121211,,,金錢,高雄市苓雅區****,,,,,,,,,
101,黃柏霖,113年立法委員選舉,首次申報,1121211,個人捐贈收入,黃啟川,E10*******,100000.00,0.00,匯款,1121211,,,金錢,高雄市三民區****,07-3*****,,,,,,,,
102,黃柏霖,113年立法委員選舉,首次申報,1121211,個人捐贈收入,黃亮勳,E12*******,100000.00,0.00,匯款,1121211,,,金錢,高雄市三民區****,07-3*****,,,,,,,,
103,黃柏霖,113年立法委員選舉,首次申報,1121211,個人捐贈收入,蘇萬基,P10*******,50000.00,0.00,匯款,1121211,,,金錢,高雄市前鎮區****,,,,,,,,,
104,黃柏霖,113年立法委員選舉,首次申報,1121211,個人捐贈收入,曾慶南,S12*******,66000.00,0.00,匯款,1121211,,,金錢,高雄市仁武區****,,,,,,,,,
105,黃柏霖,113年立法委員選舉,首次申報,1121211,個人捐贈收入,邱麗蓉,T22*******,50000.00,0.00,匯款,1121211,,,金錢,高雄市新興區****,,,,,,,,,
106,黃柏霖,113年立法委員選舉,首次申報,1121211,個人捐贈收入,蔡欣達,V12*******,50000.00,0.00,匯款,1121211,,,金錢,高雄市仁武區****,0911*****,,,,,,,,
107,黃柏霖,113年立法委員選舉,首次申報,1121212,個人捐贈收入,黃仲男,,20000.00,0.00,匯款,1121212,,,金錢,高雄市三民區****,0933*****,,,,,,,,
108,黃柏霖,113年立法委員選舉,首次申報,1121212,個人捐贈收入,林文章,,10000.00,0.00,匯款,1121212,,,金錢,高雄市苓雅區****,0911*****,,,,,,,,
109,黃柏霖,113年立法委員選舉,首次申報,1121212,個人捐贈收入,吳美月,,3000.00,0.00,匯款,1121212,,,金錢,高雄市三民區****,0975*****,,,,,,,,
110,黃柏霖,113年立法委員選舉,首次申報,1121212,個人捐贈收入,翁陳美容,,3000.00,0.00,匯款,1121212,,,金錢,高雄市三民區****,07-3*****,,,,,,,,
111,黃柏霖,113年立法委員選舉,首次申報,1121212,個人捐贈收入,蔡佳良,E12*******,100000.00,0.00,匯款,1121212,,,金錢,高雄市三民區****,0936*****,,,,,,,,
112,黃柏霖,113年立法委員選舉,首次申報,1121212,個人捐贈收入,蔡明真,E22*******,100000.00,0.00,匯款,1121212,,,金錢,高雄市三民區****,0936*****,,,,,,,,
113,黃柏霖,113年立法委員選舉,首次申報,1121212,個人捐贈收入,王姿茵,E22*******,50000.00,0.00,匯款,1121212,,,金錢,高雄市前金區****,0972*****,,,,,,,,
114,黃柏霖,113年立法委員選舉,首次申報,1121212,個人捐贈收入,陸政文,P12*******,50000.00,0.00,匯款,1121212,,,金錢,高雄市鳥松區****,0989*****,,,,,,,,
115,黃柏霖,113年立法委員選舉,首次申報,1121212,個人捐贈收入,顏秀靜,R22*******,80000.00,0.00,匯款,1121212,,,金錢,高雄市大寮區****,07-6*****,,,,,,,,
116,黃柏霖,113年立法委員選舉,首次申報,1121213,個人捐贈收入,許文東,,16800.00,0.00,匯款,1121213,,,金錢,高雄市鳥松區****,0932*****,,,,,,,,
117,黃柏霖,113年立法委員選舉,首次申報,1121213,個人捐贈收入,黃克明,S10*******,50000.00,0.00,匯款,1121213,,,金錢,高雄市三民區****,0953*****,,,,,,,,
118,黃柏霖,113年立法委員選舉,首次申報,1121214,人民團體捐贈收入,高雄市中醫師公會,,100000.00,0.00,票據,1121214,,,金錢,高雄市鼓山區****,07-5*****,,,,,,,,
119,黃柏霖,113年立法委員選舉,首次申報,1121214,個人捐贈收入,蘇明信,,2000.00,0.00,匯款,1121214,,,金錢,高雄市仁武區****,0912*****,,,,,,,,
120,黃柏霖,113年立法委員選舉,首次申報,1121214,個人捐贈收入,邱淑萍,,1600.00,0.00,匯款,1121214,,,金錢,高雄市仁武區****,0928*****,,,,,,,,
121,黃柏霖,113年立法委員選舉,首次申報,1121215,個人捐贈收入,蔡慧芬,,6000.00,0.00,匯款,1121215,,,金錢,高雄市三民區****,0918*****,,,,,,,,
122,黃柏霖,113年立法委員選舉,首次申報,1121215,個人捐贈收入,吳瑞壹,,5000.00,0.00,匯款,1121215,,,金錢,高雄市小港區****,0937*****,,,,,,,,
123,黃柏霖,113年立法委員選舉,首次申報,1121215,個人捐贈收入,蔡義枝,,10000.00,0.00,匯款,1121215,,,金錢,高雄市三民區****,07-3*****,,,,,,,,
124,黃柏霖,113年立法委員選舉,首次申報,1121215,營利事業捐贈收入,紫龍城建設有限公司,86690187,10000.00,0.00,匯款,1121215,,,金錢,高雄市三民區****,,,,,,,,,
125,黃柏霖,113年立法委員選舉,首次申報,1121218,個人捐贈收入,黃程煌,,30000.00,0.00,匯款,1121218,,,金錢,高雄市三民區****,0937*****,,,,,,,,
126,黃柏霖,113年立法委員選舉,首次申報,1121218,個人捐贈收入,劉昌和,,3600.00,0.00,匯款,1121218,,,金錢,高雄市大寮區****,0937*****,,,,,,,,
127,黃柏霖,113年立法委員選舉,首次申報,1121218,個人捐贈收入,陳慶雲,,5000.00,0.00,匯款,1121218,,,金錢,高雄市新興區****,0935*****,,,,,,,,
128,黃柏霖,113年立法委員選舉,首次申報,1121218,個人捐贈收入,楊忠雄,,5000.00,0.00,匯款,1121218,,,金錢,高雄市鳳山區****,0939*****,,,,,,,,
129,黃柏霖,113年立法委員選舉,首次申報,1121218,個人捐贈收入,廖偉志,,3000.00,0.00,匯款,1121218,,,金錢,高雄市三民區****,0929*****,,,,,,,,
130,黃柏霖,113年立法委員選舉,首次申報,1121218,營利事業捐贈收入,皇苑建設股份有限公司,86339831,100000.00,0.00,匯款,1121218,,,金錢,高雄市苓雅區****,07-3*****,,,,,,,,
131,黃柏霖,113年立法委員選舉,首次申報,1121218,營利事業捐贈收入,鼎宇建設股份有限公司,86442286,100000.00,0.00,匯款,1121218,,,金錢,高雄市前鎮區****,07-3*****,,,,,,,,
132,黃柏霖,113年立法委員選舉,首次申報,1121218,營利事業捐贈收入,亮勳企業有限公司,86453353,100000.00,0.00,匯款,1121218,,,金錢,高雄市三民區****,07-3*****,,,,,,,,
133,黃柏霖,113年立法委員選舉,首次申報,1121218,個人捐贈收入,陸炤廷,E12*******,100000.00,0.00,匯款,1121218,,,金錢,臺北市北投區****,07-3*****,,,,,,,,
134,黃柏霖,113年立法委員選舉,首次申報,1121218,個人捐贈收入,張晉誠,P12*******,100000.00,0.00,匯款,1121218,,,金錢,高雄市仁武區****,07-3*****,,,,,,,,
135,黃柏霖,113年立法委員選舉,首次申報,1121218,個人捐贈收入,許國慶,T12*******,100000.00,0.00,匯款,1121218,,,金錢,高雄市鼓山區****,07-3*****,,,,,,,,
136,黃柏霖,113年立法委員選舉,首次申報,1121220,營利事業捐贈收入,寶丞鋁業有限公司,79976010,500000.00,0.00,票據,1121220,,,金錢,高雄市路竹區****,,,,,,,,,
137,黃柏霖,113年立法委員選舉,首次申報,1121220,個人捐贈收入,方怡文,U22*******,100000.00,0.00,匯款,1121220,,,金錢,高雄市左營區****,0955*****,,,,,,,,
138,黃柏霖,113年立法委員選舉,首次申報,1121221,個人捐贈收入,余嘉慶,,5000.00,0.00,匯款,1121221,,,金錢,高雄市橋頭區****,0953*****,,,,,,,,
139,黃柏霖,113年立法委員選舉,首次申報,1121221,個人捐贈收入,何諸昇,,20000.00,0.00,匯款,1121221,,,金錢,高雄市前鎮區****,0919*****,,,,,,,,
140,黃柏霖,113年立法委員選舉,首次申報,1121221,個人捐贈收入,朱泰宗,,20000.00,0.00,匯款,1121221,,,金錢,高雄市三民區****,0931*****,,,,,,,,
141,黃柏霖,113年立法委員選舉,首次申報,1121221,其他收入,利息收入,,878.00,0.00,匯款,1121221,,,金錢,,,,,,,,,,
142,黃柏霖,113年立法委員選舉,首次申報,1121222,個人捐贈收入,洪登進,,10000.00,0.00,匯款,1121222,,,金錢,高雄市三民區****,0953*****,,,,,,,,
143,黃柏霖,113年立法委員選舉,首次申報,1121222,個人捐贈收入,洪東煒,,20000.00,0.00,匯款,1121222,,,金錢,高雄市苓雅區****,0928*****,,,,,,,,
144,黃柏霖,113年立法委員選舉,首次申報,1121225,個人捐贈收入,王思民,,10000.00,0.00,匯款,1121225,,,金錢,高雄市鼓山區****,0911*****,,,,,,,,
145,黃柏霖,113年立法委員選舉,首次申報,1121225,營利事業捐贈收入,運錩鋼鐵股份有限公司,22533297,500000.00,0.00,匯款,1121225,,,金錢,高雄市前金區****,07-9*****,,,,,,,,
146,黃柏霖,113年立法委員選舉,首次申報,1121225,營利事業捐贈收入,潤陽投資股份有限公司,28610475,500000.00,0.00,匯款,1121225,,,金錢,高雄市前金區****,,,,,,,,,
147,黃柏霖,113年立法委員選舉,首次申報,1121225,個人捐贈收入,邰婉玲,A22*******,100000.00,0.00,匯款,1121225,,,金錢,臺北市大同區****,0973*****,,,,,,,,
148,黃柏霖,113年立法委員選舉,首次申報,1121225,個人捐贈收入,張云瀞,A22*******,100000.00,0.00,匯款,1121225,,,金錢,高雄市鼓山區****,07-9*****,,,,,,,,
149,黃柏霖,113年立法委員選舉,首次申報,1121225,個人捐贈收入,莊育彩,E10*******,100000.00,0.00,匯款,1121225,,,金錢,高雄市三民區****,0910*****,,,,,,,,
150,黃柏霖,113年立法委員選舉,首次申報,1121225,個人捐贈收入,葉美雲,K22*******,100000.00,0.00,匯款,1121225,,,金錢,高雄市三民區****,07-9*****,,,,,,,,
151,黃柏霖,113年立法委員選舉,首次申報,1121225,個人捐贈收入,吳錦昌,Q12*******,100000.00,0.00,匯款,1121225,,,金錢,高雄市三民區****,07-2*****,,,,,,,,
152,黃柏霖,113年立法委員選舉,首次申報,1121225,個人捐贈收入,張文瑩,S10*******,100000.00,0.00,匯款,1121225,,,金錢,高雄市仁武區****,0932*****,,,,,,,,
153,黃柏霖,113年立法委員選舉,首次申報,1121225,個人捐贈收入,劉達振,S10*******,100000.00,0.00,匯款,1121225,,,金錢,高雄市左營區****,0937*****,,,,,,,,
154,黃柏霖,113年立法委員選舉,首次申報,1121225,個人捐贈收入,吳苑蓉,S22*******,100000.00,0.00,匯款,1121225,,,金錢,臺北市內湖區****,0917*****,,,,,,,,
155,黃柏霖,113年立法委員選舉,首次申報,1121226,個人捐贈收入,林金龍,,1000.00,0.00,匯款,1121226,,,金錢,高雄市苓雅區****,0912*****,,,,,,,,
156,黃柏霖,113年立法委員選舉,首次申報,1121226,個人捐贈收入,張瓊月,,1000.00,0.00,匯款,1121226,,,金錢,彰化縣芳苑鄉****,0912*****,,,,,,,,
157,黃柏霖,113年立法委員選舉,首次申報,1121226,個人捐贈收入,張淑惠,,1000.00,0.00,匯款,1121226,,,金錢,高雄市三民區****,0912*****,,,,,,,,
158,黃柏霖,113年立法委員選舉,首次申報,1121226,個人捐贈收入,王瓊梅,,1000.00,0.00,匯款,1121226,,,金錢,高雄市三民區****,0912*****,,,,,,,,
159,黃柏霖,113年立法委員選舉,首次申報,1121226,個人捐贈收入,林金鳳,,1000.00,0.00,匯款,1121226,,,金錢,高雄市三民區****,0912*****,,,,,,,,
160,黃柏霖,113年立法委員選舉,首次申報,1121226,個人捐贈收入,盧麗津,,1000.00,0.00,匯款,1121226,,,金錢,高雄市三民區****,0912*****,,,,,,,,
161,黃柏霖,113年立法委員選舉,首次申報,1121226,個人捐贈收入,陳秋桃,,1000.00,0.00,匯款,1121226,,,金錢,高雄市三民區****,0912*****,,,,,,,,
162,黃柏霖,113年立法委員選舉,首次申報,1121226,個人捐贈收入,蔡燦熙,,1000.00,0.00,匯款,1121226,,,金錢,高雄市苓雅區****,0912*****,,,,,,,,
163,黃柏霖,113年立法委員選舉,首次申報,1121226,個人捐贈收入,蔡美藝,,1000.00,0.00,匯款,1121226,,,金錢,高雄市苓雅區****,0912*****,,,,,,,,
164,黃柏霖,113年立法委員選舉,首次申報,1121226,個人捐贈收入,劉朝明,,1000.00,0.00,匯款,1121226,,,金錢,高雄市苓雅區****,劉朝明*****,,,,,,,,
165,黃柏霖,113年立法委員選舉,首次申報,1121226,個人捐贈收入,楊灼華,,1000.00,0.00,匯款,1121226,,,金錢,高雄市三民區****,0912*****,,,,,,,,
166,黃柏霖,113年立法委員選舉,首次申報,1121228,個人捐贈收入,蘇弘誠,,2000.00,0.00,匯款,1121228,,,金錢,高雄市路竹區****,0933*****,,,,,,,,
167,黃柏霖,113年立法委員選舉,首次申報,1121228,個人捐贈收入,陳國玉,,30000.00,0.00,匯款,1121228,,,金錢,高雄市前鎮區****,0988*****,,,,,,,,
168,黃柏霖,113年立法委員選舉,首次申報,1121228,個人捐贈收入,謝易廷,,10000.00,0.00,匯款,1121228,,,金錢,高雄市前鎮區****,0960*****,,,,,,,,
169,黃柏霖,113年立法委員選舉,首次申報,1121228,個人捐贈收入,陳火炳,,3600.00,0.00,匯款,1121228,,,金錢,高雄市三民區****,0933*****,,,,,,,,
170,黃柏霖,113年立法委員選舉,首次申報,1121228,個人捐贈收入,蘇裕軒,,2000.00,0.00,匯款,1121228,,,金錢,高雄市三民區****,0939*****,,,,,,,,
171,黃柏霖,113年立法委員選舉,首次申報,1121229,個人捐贈收入,徐瑾璃,,3000.00,0.00,匯款,1121229,,,金錢,花蓮縣玉里鎮****,0935*****,,,,,,,,
172,黃柏霖,113年立法委員選舉,首次申報,1130101,個人捐贈收入,謝正榮,S10*******,100000.00,0.00,票據,1130101,,,金錢,高雄市前鎮區****,07-3*****,,,,,,,,
173,黃柏霖,113年立法委員選舉,首次申報,1130102,個人捐贈收入,洪菊貞,,1000.00,0.00,匯款,1130102,,,金錢,高雄市三民區****,07-3*****,,,,,,,,
174,黃柏霖,113年立法委員選舉,首次申報,1130102,個人捐贈收入,柯風時,,10000.00,0.00,匯款,1130102,,,金錢,高雄市三民區****,0932*****,,,,,,,,
175,黃柏霖,113年立法委員選舉,首次申報,1130102,個人捐贈收入,郭文振,,20000.00,0.00,匯款,1130102,,,金錢,高雄市苓雅區****,0921*****,,,,,,,,
176,黃柏霖,113年立法委員選舉,首次申報,1130102,個人捐贈收入,楊正元,,2400.00,0.00,匯款,1130102,,,金錢,高雄市苓雅區****,0912*****,,,,,,,,
177,黃柏霖,113年立法委員選舉,首次申報,1130102,個人捐贈收入,曹勵生,,30000.00,0.00,匯款,1130102,,,金錢,高雄市苓雅區****,07-7*****,,,,,,,,
178,黃柏霖,113年立法委員選舉,首次申報,1130102,個人捐贈收入,洪珮禎,,1000.00,0.00,匯款,1130102,,,金錢,高雄市三民區****,0919*****,,,,,,,,
179,黃柏霖,113年立法委員選舉,首次申報,1130103,個人捐贈收入,余宥德,,4000.00,0.00,匯款,1130103,,,金錢,高雄市苓雅區****,0983*****,,,,,,,,
180,黃柏霖,113年立法委員選舉,首次申報,1130103,個人捐贈收入,羅麗卿,,2000.00,0.00,匯款,1130103,,,金錢,高雄市苓雅區****,0918*****,,,,,,,,
181,黃柏霖,113年立法委員選舉,首次申報,1130103,個人捐贈收入,白麗雪,,20000.00,0.00,匯款,1130103,,,金錢,高雄市三民區****,0937*****,,,,,,,,
182,黃柏霖,113年立法委員選舉,首次申報,1130103,個人捐贈收入,蕭秀雲,,12000.00,0.00,匯款,1130103,,,金錢,高雄市三民區****,0933*****,,,,,,,,
183,黃柏霖,113年立法委員選舉,首次申報,1130104,人民團體捐贈收入,社團法人高雄市醫師公會,,20000.00,0.00,票據,1130104,,,金錢,高雄市前金區****,07-2*****,,,,,,,,
184,黃柏霖,113年立法委員選舉,首次申報,1130104,個人捐贈收入,郭柏福,A11*******,100000.00,0.00,匯款,1130104,,,金錢,高雄市鳥松區****,0938*****,,,,,,,,
185,黃柏霖,113年立法委員選舉,首次申報,1130105,個人捐贈收入,劉春輝,T12*******,100000.00,0.00,票據,1130105,,,金錢,高雄市鼓山區****,07-2*****,,,,,,,,
186,黃柏霖,113年立法委員選舉,首次申報,1130105,個人捐贈收入,張峻浩,T12*******,100000.00,0.00,票據,1130105,,,金錢,高雄市左營區****,07-2*****,,,,,,,,
187,黃柏霖,113年立法委員選舉,首次申報,1130105,個人捐贈收入,張瑩如,T22*******,100000.00,0.00,票據,1130105,,,金錢,高雄市鼓山區****,07-2*****,,,,,,,,
188,黃柏霖,113年立法委員選舉,首次申報,1130107,個人捐贈收入,陳秋如,,10000.00,0.00,匯款,1130107,,,金錢,高雄市楠梓區****,0910*****,,,,,,,,
189,黃柏霖,113年立法委員選舉,首次申報,1130108,個人捐贈收入,馮國豪,,5000.00,0.00,匯款,1130108,,,金錢,屏東縣潮州鎮****,0953*****,,,,,,,,
190,黃柏霖,113年立法委員選舉,首次申報,1130108,營利事業捐贈收入,南六企業股份有限公司,75989858,200400.00,0.00,,,,,非金錢,高雄市燕巢區****,,,,,,,,,
191,黃柏霖,113年立法委員選舉,首次申報,1130108,個人捐贈收入,伍彩禔,E22*******,50000.00,0.00,匯款,1130108,,,金錢,高雄市左營區****,0922*****,,,,,,,,
192,黃柏霖,113年立法委員選舉,首次申報,1130108,個人捐贈收入,陳春木,N12*******,100000.00,0.00,匯款,1130108,,,金錢,高雄市鳥松區****,0972*****,,,,,,,,
193,黃柏霖,113年立法委員選舉,首次申報,1130108,個人捐贈收入,陳義祥,N12*******,100000.00,0.00,匯款,1130108,,,金錢,高雄市前鎮區****,0925*****,,,,,,,,
194,黃柏霖,113年立法委員選舉,首次申報,1130109,個人捐贈收入,張簡麗淑,,8800.00,0.00,匯款,1130109,,,金錢,高雄市鳳山區****,0922*****,,,,,,,,
195,黃柏霖,113年立法委員選舉,首次申報,1130109,個人捐贈收入,黃富祝,,10000.00,0.00,匯款,1130109,,,金錢,高雄市鳳山區****,0975*****,,,,,,,,
196,黃柏霖,113年立法委員選舉,首次申報,1130109,個人捐贈收入,陳德榮,,10000.00,0.00,匯款,1130109,,,金錢,高雄市苓雅區****,0932*****,,,,,,,,
197,黃柏霖,113年立法委員選舉,首次申報,1130109,個人捐贈收入,胡國強,,3000.00,0.00,匯款,1130109,,,金錢,高雄市楠梓區****,0921*****,,,,,,,,
198,黃柏霖,113年立法委員選舉,首次申報,1130109,個人捐贈收入,謝武吉,K10*******,20000.00,0.00,匯款,1130109,,,金錢,高雄市三民區****,07-3*****,,,,,,,,
199,黃柏霖,113年立法委員選舉,首次申報,1130110,個人捐贈收入,陳苰荃,,10000.00,0.00,匯款,1130110,,,金錢,高雄市鳳山區****,0911*****,,,,,,,,
200,黃柏霖,113年立法委員選舉,首次申報,1130110,個人捐贈收入,李金龍,,10000.00,0.00,匯款,1130110,,,金錢,高雄市三民區****,07-3*****,,,,,,,,
201,黃柏霖,113年立法委員選舉,首次申報,1130111,個人捐贈收入,蔡森郎,,30000.00,0.00,票據,1130111,,,金錢,高雄市鳳山區****,07-7*****,,,,,,,,
202,黃柏霖,113年立法委員選舉,首次申報,1130111,個人捐贈收入,吳金佩,,10000.00,0.00,匯款,1130111,,,金錢,高雄市左營區****,0927*****,,,,,,,,
203,黃柏霖,113年立法委員選舉,首次申報,1130112,個人捐贈收入,吳思德,,30000.00,0.00,匯款,1130112,,,金錢,高雄市鳥松區****,0925*****,,,,,,,,
204,黃柏霖,113年立法委員選舉,首次申報,1130112,個人捐贈收入,王秋碧,,5000.00,0.00,匯款,1130112,,,金錢,高雄市三民區****,0920*****,,,,,,,,
205,黃柏霖,113年立法委員選舉,首次申報,1130112,個人捐贈收入,蔡淑真,A20*******,60000.00,0.00,匯款,1130112,,,金錢,高雄市三民區****,0927*****,,,,,,,,
