﻿序號,擬參選人／政黨,選舉名稱,申報序號／年度,交易日期,收支科目,捐贈者／支出對象,身分證／統一編號,收入金額,支出金額,捐贈方式,存入專戶日期,返還/繳庫,支出用途,金錢類,地址,聯絡電話,應揭露之支出對象,支出對象之內部人員姓名,支出對象之內部人員職稱,政黨之內部人員姓名,政黨之內部人員職稱,關係,更正註記,資料更正日期
1,何應明,111年新北市議員選舉,首次申報,1110601,個人捐贈收入,蔡壯金,F22*******,10000.00,0.00,匯款,1110601,,,金錢,新北市樹林區****,0938*****,,,,,,,,
2,何應明,111年新北市議員選舉,首次申報,1110615,個人捐贈收入,陳引超,A12*******,5000.00,0.00,匯款,1110615,,,金錢,臺北市文山區****,0918*****,,,,,,,,
3,何應明,111年新北市議員選舉,首次申報,1110621,其他收入,利息,,1.00,0.00,匯款,,,,金錢,,,,,,,,,,
4,何應明,111年新北市議員選舉,首次申報,1110622,個人捐贈收入,莊進寶,H12*******,10000.00,0.00,匯款,1110622,,,金錢,新北市中和區****,0963*****,,,,,,,,
5,何應明,111年新北市議員選舉,首次申報,1110701,營利事業捐贈收入,丹力國際有限公司,70598298,20000.00,0.00,匯款,1110701,,,金錢,新北市新莊區****,0229*****,,,,,,,,
6,何應明,111年新北市議員選舉,首次申報,1110904,個人捐贈收入,林聖廸,A12*******,15000.00,0.00,匯款,1110904,,,金錢,新北市新店區****,0911*****,,,,,,,,
7,何應明,111年新北市議員選舉,首次申報,1110919,營利事業捐贈收入,億巨營造工程股份有限公司,22703406,30000.00,0.00,匯款,1110919,已返還,,金錢,新北市淡水區****,0226*****,,,,,,,,
8,何應明,111年新北市議員選舉,首次申報,1111007,個人捐贈收入,江俊嶙,Q12*******,100000.00,0.00,匯款,1111007,,,金錢,臺東縣臺東市****,0930*****,,,,,,,,
9,何應明,111年新北市議員選舉,首次申報,1111123,個人捐贈收入,陳大緯,A12*******,10000.00,0.00,匯款,1111123,,,金錢,新北市中和區****,0988*****,,,,,,,,
