﻿序號,擬參選人／政黨,選舉名稱,申報序號／年度,交易日期,收支科目,捐贈者／支出對象,身分證／統一編號,收入金額,支出金額,捐贈方式,存入專戶日期,返還/繳庫,支出用途,金錢類,地址,聯絡電話,應揭露之支出對象,支出對象之內部人員姓名,支出對象之內部人員職稱,政黨之內部人員姓名,政黨之內部人員職稱,關係,更正註記,資料更正日期
1,曾怡芳,111年基隆市議員選舉,首次申報,1110728,個人捐贈收入,柯敏龍,C12*******,20000.00,0.00,匯款,1110728,,,金錢,基隆市暖暖區****,0926*****,,,,,,,,
2,曾怡芳,111年基隆市議員選舉,首次申報,1110804,個人捐贈收入,吳政祐,C12*******,1000.00,0.00,匯款,,已返還,,金錢,基隆市中山區****,0908*****,,,,,,,,
3,曾怡芳,111年基隆市議員選舉,首次申報,1110805,個人捐贈收入,曾凱威,G12*******,10000.00,0.00,匯款,,已返還,,金錢,宜蘭縣宜蘭市****,0958*****,,,,,,,,
4,曾怡芳,111年基隆市議員選舉,首次申報,1110812,個人捐贈收入,鄭美月,G22*******,20000.00,0.00,匯款,1110826,,,金錢,宜蘭縣宜蘭市****,0913*****,,,,,,,,
5,曾怡芳,111年基隆市議員選舉,首次申報,1110814,個人捐贈收入,洪玉如,C22*******,10000.00,0.00,匯款,1110826,,,金錢,基隆市七堵區****,0920*****,,,,,,,,
6,曾怡芳,111年基隆市議員選舉,首次申報,1110826,個人捐贈收入,陳露露,C22*******,10000.00,0.00,匯款,1110908,,,金錢,基隆市暖暖區****,,,,,,,,,
7,曾怡芳,111年基隆市議員選舉,首次申報,1110902,個人捐贈收入,李育函,G22*******,6000.00,0.00,匯款,,已返還,,金錢,臺中市西屯區****,,,,,,,,,
8,曾怡芳,111年基隆市議員選舉,首次申報,1110907,個人捐贈收入,黃大銘,C10*******,20000.00,0.00,現金,1110907,,,金錢,基隆市七堵區****,0920*****,,,,,,,,
9,曾怡芳,111年基隆市議員選舉,首次申報,1110907,個人捐贈收入,林哲忠,F12*******,1000.00,0.00,現金,1110907,,,金錢,臺北市文山區****,0938*****,,,,,,,,
10,曾怡芳,111年基隆市議員選舉,首次申報,1110914,個人捐贈收入,范良興,C10*******,2000.00,0.00,現金,1110914,,,金錢,臺北市新生北****,0939*****,,,,,,,,
11,曾怡芳,111年基隆市議員選舉,首次申報,1110923,個人捐贈收入,陳玉惠,,3000.00,0.00,現金,1110923,,,金錢,基隆市七堵區****,0958*****,,,,,,,,
12,曾怡芳,111年基隆市議員選舉,首次申報,1110923,個人捐贈收入,許正宗,,10000.00,0.00,現金,1110923,,,金錢,基隆市七堵區****,0910*****,,,,,,,,
13,曾怡芳,111年基隆市議員選舉,首次申報,1110923,個人捐贈收入,林麗敏,,5000.00,0.00,現金,1110923,,,金錢,基隆市七堵區****,,,,,,,,,
14,曾怡芳,111年基隆市議員選舉,首次申報,1110923,個人捐贈收入,林素梅,A21*******,6000.00,0.00,現金,1110923,,,金錢,基隆市七堵區****,,,,,,,,,
15,曾怡芳,111年基隆市議員選舉,首次申報,1110923,個人捐贈收入,許秋民,C12*******,20000.00,0.00,現金,1110923,,,金錢,基隆市七堵區****,,,,,,,,,
16,曾怡芳,111年基隆市議員選舉,首次申報,1110923,個人捐贈收入,張麗雲,C20*******,3000.00,0.00,現金,1110923,,,金錢,基隆市七堵區****,0933*****,,,,,,,,
17,曾怡芳,111年基隆市議員選舉,首次申報,1110923,個人捐贈收入,謝玉燕,C22*******,2000.00,0.00,現金,1110923,,,金錢,基隆市七堵區****,0910*****,,,,,,,,
18,曾怡芳,111年基隆市議員選舉,首次申報,1110923,個人捐贈收入,邱道敏,D22*******,3000.00,0.00,現金,1110923,,,金錢,基隆市七堵區****,0989*****,,,,,,,,
19,曾怡芳,111年基隆市議員選舉,首次申報,1110923,個人捐贈收入,偕寶連,G20*******,16000.00,0.00,現金,1110923,,,金錢,基隆市七堵區****,0928*****,,,,,,,,
20,曾怡芳,111年基隆市議員選舉,首次申報,1110927,人民團體捐贈收入,基隆曾氏宗親會,,20000.00,0.00,現金,1110927,,,金錢,基隆市仁愛區****,0921*****,,,,,,,,
21,曾怡芳,111年基隆市議員選舉,首次申報,1110927,個人捐贈收入,杜美玲,,1000.00,0.00,現金,1110927,,,金錢,基隆市中正區****,0916*****,,,,,,,,
22,曾怡芳,111年基隆市議員選舉,首次申報,1110927,個人捐贈收入,孟義超,,6000.00,0.00,現金,1110927,,,金錢,新北市三重區****,,,,,,,,,
23,曾怡芳,111年基隆市議員選舉,首次申報,1110927,個人捐贈收入,蔡陳弘,C12*******,3000.00,0.00,現金,1110927,,,金錢,基隆市仁三路****,0955*****,,,,,,,,
24,曾怡芳,111年基隆市議員選舉,首次申報,1110927,個人捐贈收入,黃忠仁,C12*******,5000.00,0.00,現金,1110927,,,金錢,基隆市暖暖區****,0917*****,,,,,,,,
25,曾怡芳,111年基隆市議員選舉,首次申報,1110927,個人捐贈收入,呂依玲,C22*******,10000.00,0.00,現金,1110927,,,金錢,基隆市中山區****,0930*****,,,,,,,,
26,曾怡芳,111年基隆市議員選舉,首次申報,1110927,個人捐贈收入,王秋霞,C22*******,50000.00,0.00,現金,1110927,,,金錢,基隆市信義區****,,,,,,,,,
27,曾怡芳,111年基隆市議員選舉,首次申報,1110927,個人捐贈收入,江有文,F12*******,50000.00,0.00,匯款,1110927,,,金錢,臺北市南港區****,0918*****,,,,,,,,
28,曾怡芳,111年基隆市議員選舉,首次申報,1110927,個人捐贈收入,李月琴,F20*******,2000.00,0.00,現金,1110927,,,金錢,基隆市七堵區****,0935*****,,,,,,,,
29,曾怡芳,111年基隆市議員選舉,首次申報,1110927,個人捐贈收入,李麗玉,N20*******,6000.00,0.00,現金,1110927,,,金錢,基隆市安樂區****,0933*****,,,,,,,,
30,曾怡芳,111年基隆市議員選舉,首次申報,1110927,個人捐贈收入,劉信成,V12*******,50000.00,0.00,現金,1110927,,,金錢,基隆市七堵區****,02-2*****,,,,,,,,
31,曾怡芳,111年基隆市議員選舉,首次申報,1111003,個人捐贈收入,鄭美月,F22*******,10000.00,0.00,現金,1111003,,,金錢,基隆市七堵區****,0911*****,,,,,,,,
32,曾怡芳,111年基隆市議員選舉,首次申報,1111006,個人捐贈收入,沈寶猜,,5000.00,0.00,現金,1111006,,,金錢,基隆市七堵區****,,,,,,,,,
33,曾怡芳,111年基隆市議員選舉,首次申報,1111006,個人捐贈收入,陳章文,C12*******,30000.00,0.00,現金,1111006,,,金錢,基隆市七堵區****,,,,,,,,,
34,曾怡芳,111年基隆市議員選舉,首次申報,1111006,個人捐贈收入,郭欽城,C12*******,10000.00,0.00,現金,1111006,,,金錢,基隆市七堵區****,0910*****,,,,,,,,
35,曾怡芳,111年基隆市議員選舉,首次申報,1111011,個人捐贈收入,李湘婷,F22*******,100000.00,0.00,現金,1111011,,,金錢,臺北市北投區****,0921*****,,,,,,,,
36,曾怡芳,111年基隆市議員選舉,首次申報,1111013,個人捐贈收入,楊曉菁,A22*******,100000.00,0.00,現金,1111013,,,金錢,新北市中和區****,0920*****,,,,,,,,
37,曾怡芳,111年基隆市議員選舉,首次申報,1111013,個人捐贈收入,蔡延齢,N12*******,100000.00,0.00,現金,1111013,,,金錢,臺北市中山區****,0935*****,,,,,,,,
38,曾怡芳,111年基隆市議員選舉,首次申報,1111017,人民團體捐贈收入,基隆市手工藝製品業職業工會,,1500.00,0.00,匯款,1111017,,,金錢,基隆市仁五路****,02-2*****,,,,,,,,
39,曾怡芳,111年基隆市議員選舉,首次申報,1111019,個人捐贈收入,蕭哲韋,,20000.00,0.00,現金,1111019,,,金錢,基隆市信義區****,,,,,,,,,
40,曾怡芳,111年基隆市議員選舉,首次申報,1111025,個人捐贈收入,李梓帆,C12*******,50000.00,0.00,現金,1111025,已返還,,金錢,基隆市安樂區****,0966*****,,,,,,,,
41,曾怡芳,111年基隆市議員選舉,首次申報,1111028,個人捐贈收入,潘守原,C12*******,100000.00,0.00,匯款,1111028,,,金錢,臺中市烏日區****,0966*****,,,,,,,,
42,曾怡芳,111年基隆市議員選舉,首次申報,1111028,個人捐贈收入,陳頌聲,C12*******,100000.00,0.00,匯款,1111028,,,金錢,基隆市信義區****,0917*****,,,,,,,,
43,曾怡芳,111年基隆市議員選舉,首次申報,1111110,個人捐贈收入,吳文喜,C10*******,5000.00,0.00,現金,1111110,,,金錢,基隆市安樂區****,0937*****,,,,,,,,
44,曾怡芳,111年基隆市議員選舉,首次申報,1111116,個人捐贈收入,林育正,A12*******,10000.00,0.00,現金,1111116,,,金錢,基隆市明德一****,2455*****,,,,,,,,
45,曾怡芳,111年基隆市議員選舉,首次申報,1111116,個人捐贈收入,楊棟彥,C10*******,10000.00,0.00,現金,1111116,,,金錢,基隆市南興路****,2456*****,,,,,,,,
46,曾怡芳,111年基隆市議員選舉,首次申報,1111116,個人捐贈收入,康德華,F10*******,10000.00,0.00,現金,1111116,,,金錢,基隆市開元路****,2456*****,,,,,,,,
47,曾怡芳,111年基隆市議員選舉,首次申報,1111118,營利事業捐贈收入,星普建設開發股份有限公司,97468993,10000.00,0.00,現金,1111118,已返還,,金錢,臺北市中山區****,,,,,,,,,
48,曾怡芳,111年基隆市議員選舉,首次申報,1111121,個人捐贈收入,陳泓達,A12*******,50000.00,0.00,現金,1111121,,,金錢,基隆市中正區****,2428*****,,,,,,,,
49,曾怡芳,111年基隆市議員選舉,首次申報,1111121,個人捐贈收入,陳世斌,A12*******,50000.00,0.00,現金,1111121,,,金錢,基隆市中正區****,0910*****,,,,,,,,
50,曾怡芳,111年基隆市議員選舉,首次申報,1111123,個人捐贈收入,林崇義,M12*******,1000.00,0.00,現金,1111123,,,金錢,基隆市七堵區****,0919*****,,,,,,,,
51,曾怡芳,111年基隆市議員選舉,首次申報,1111125,個人捐贈收入,曾志達,R10*******,3000.00,0.00,現金,1111125,,,金錢,基隆市七堵區****,,,,,,,,,
52,曾怡芳,111年基隆市議員選舉,首次申報,1120216,其他收入,利息收入,,159.00,0.00,匯款,1120216,,,金錢,,,,,,,,,,
