﻿序號,擬參選人／政黨,選舉名稱,申報序號／年度,交易日期,收支科目,捐贈者／支出對象,身分證／統一編號,收入金額,支出金額,支出用途,金錢類,地址,聯絡電話,資料更正日期
1,陳偉杰,107年直轄市議員選舉,首次申報,1070710,個人捐贈收入,王維立,E12*******,20000.00,0.00,,金錢,臺北市中山區****,02-2*****,
2,陳偉杰,107年直轄市議員選舉,首次申報,1070716,營利事業捐贈收入,太子油飯股份有限公司,89590970,10000.00,0.00,,金錢,臺北市大同區****,02-2*****,
3,陳偉杰,107年直轄市議員選舉,首次申報,1070719,個人捐贈收入,陳俊揚,C12*******,88888.00,0.00,,金錢,桃園市龜山區****,0933*****,
4,陳偉杰,107年直轄市議員選舉,首次申報,1070723,營利事業捐贈收入,鍶睿國際設計有限公司,65406593,5000.00,0.00,,金錢,新北市汐止區****,0910*****,
5,陳偉杰,107年直轄市議員選舉,首次申報,1070723,個人捐贈收入,曾星逢,A12*******,8000.00,0.00,,金錢,臺北市中山區****,0972*****,
6,陳偉杰,107年直轄市議員選舉,首次申報,1070723,個人捐贈收入,吳曉萍,E22*******,10000.00,0.00,,金錢,臺北市松山區****,0972*****,
7,陳偉杰,107年直轄市議員選舉,首次申報,1070727,個人捐贈收入,金辰芯,A22*******,10000.00,0.00,,金錢,桃園市八德區****,0939*****,
8,陳偉杰,107年直轄市議員選舉,首次申報,1070807,營利事業捐贈收入,常鋐投資股份有限公司,80330926,200000.00,0.00,,金錢,台北市中山區****,02-2*****,
9,陳偉杰,107年直轄市議員選舉,首次申報,1070808,個人捐贈收入,劉鈞,A10*******,50000.00,0.00,,金錢,臺北市信義區****,02-7*****,
10,陳偉杰,107年直轄市議員選舉,首次申報,1070821,營利事業捐贈收入,泰盛投資(股)公司,23222476,300000.00,0.00,,金錢,臺北市松山區****,0930*****,
11,陳偉杰,107年直轄市議員選舉,首次申報,1070905,營利事業捐贈收入,正量企業股份有限公司,49129334,3000.00,0.00,,金錢,苗栗縣竹南鎮****,0927*****,
12,陳偉杰,107年直轄市議員選舉,首次申報,1070910,個人捐贈收入,陳俊揚,C12*******,10000.00,0.00,,金錢,桃園市龜山區****,0933*****,
13,陳偉杰,107年直轄市議員選舉,首次申報,1070913,匿名捐贈,匿名,,800.00,0.00,,金錢,,,
14,陳偉杰,107年直轄市議員選舉,首次申報,1070914,營利事業捐贈收入,合寶開發股份有限公司,29102250,100000.00,0.00,,金錢,新北市新店區****,2911*****,
15,陳偉杰,107年直轄市議員選舉,首次申報,1070914,個人捐贈收入,劉芝妤,F22*******,2000.00,0.00,,金錢,新北市板橋區****,0952*****,
16,陳偉杰,107年直轄市議員選舉,首次申報,1070915,個人捐贈收入,陳慶懋,T12*******,8800.00,0.00,,金錢,臺北市士林區****,0955*****,
17,陳偉杰,107年直轄市議員選舉,首次申報,1070918,個人捐贈收入,蔡尚儒,V12*******,3600.00,0.00,,金錢,新北市新店區****,0928*****,
18,陳偉杰,107年直轄市議員選舉,首次申報,1070921,個人捐贈收入,葉佳文,R10*******,88000.00,0.00,,金錢,桃園市中壢區****,0933*****,
19,陳偉杰,107年直轄市議員選舉,首次申報,1070923,個人捐贈收入,鄭丞宏,A12*******,20000.00,0.00,,金錢,新北市五股區****,0937*****,
20,陳偉杰,107年直轄市議員選舉,首次申報,1070925,個人捐贈收入,游敬孝,H12*******,6600.00,0.00,,金錢,新北市永和區****,0926*****,
21,陳偉杰,107年直轄市議員選舉,首次申報,1070927,個人捐贈收入,許清恭,A12*******,24000.00,0.00,,金錢,臺北市萬華區****,,
22,陳偉杰,107年直轄市議員選舉,首次申報,1070927,個人捐贈收入,張庭瑄,A22*******,3000.00,0.00,,金錢,新北市永和區****,0933*****,
23,陳偉杰,107年直轄市議員選舉,首次申報,1070927,個人捐贈收入,黃定祥,F12*******,98000.00,0.00,,金錢,臺北市萬華區****,,
24,陳偉杰,107年直轄市議員選舉,首次申報,1070927,個人捐贈收入,張正文,F12*******,30000.00,0.00,,金錢,臺北市萬華區****,,
25,陳偉杰,107年直轄市議員選舉,首次申報,1070927,個人捐贈收入,張立人,K12*******,50000.00,0.00,,金錢,新北市汐止區****,,
26,陳偉杰,107年直轄市議員選舉,首次申報,1070927,個人捐贈收入,李糖,P10*******,10000.00,0.00,,金錢,臺北市中山區****,0910*****,
27,陳偉杰,107年直轄市議員選舉,首次申報,1070927,個人捐贈收入,許芠溍,Y12*******,98000.00,0.00,,金錢,臺北市北投區****,,
28,陳偉杰,107年直轄市議員選舉,首次申報,1071001,個人捐贈收入,吳育昇,Q10*******,20000.00,0.00,,金錢,新北市淡水區****,0937*****,
29,陳偉杰,107年直轄市議員選舉,首次申報,1071002,營利事業捐贈收入,全芙投資股份有限公司,53343048,200000.00,0.00,,金錢,臺北市大安區****,,
30,陳偉杰,107年直轄市議員選舉,首次申報,1071002,個人捐贈收入,陳啟清,T12*******,5000.00,0.00,,金錢,新北市中和區****,0926*****,
31,陳偉杰,107年直轄市議員選舉,首次申報,1071003,營利事業捐贈收入,大芯投資股份有限公司,53412298,200000.00,0.00,,金錢,新北市永和區****,,
32,陳偉杰,107年直轄市議員選舉,首次申報,1071005,營利事業捐贈收入,創頂建設股份有限公司,24216769,100000.00,0.00,,金錢,新北市永和區****,02-2*****,
33,陳偉杰,107年直轄市議員選舉,首次申報,1071007,個人捐贈收入,蕭扣成,J10*******,1000.00,0.00,,金錢,新北市淡水區****,,
34,陳偉杰,107年直轄市議員選舉,首次申報,1071009,個人捐贈收入,孫勝治,A10*******,100000.00,0.00,,金錢,新北市新店區****,0932*****,
35,陳偉杰,107年直轄市議員選舉,首次申報,1071011,個人捐贈收入,蔡葉偉,F10*******,100000.00,0.00,,金錢,新北市淡水區****,09*8*****,
36,陳偉杰,107年直轄市議員選舉,首次申報,1071014,個人捐贈收入,高健童,A12*******,20000.00,0.00,,金錢,,,
37,陳偉杰,107年直轄市議員選舉,首次申報,1071015,匿名捐贈,匿名,,2000.00,0.00,,金錢,,,
38,陳偉杰,107年直轄市議員選舉,首次申報,1071015,營利事業捐贈收入,萬林工業有限公司,22316593,30000.00,0.00,,金錢,新北市淡水區****,2622*****,
39,陳偉杰,107年直轄市議員選舉,首次申報,1071017,個人捐贈收入,王其昌,,10000.00,0.00,,金錢,臺北市北投區****,,
40,陳偉杰,107年直轄市議員選舉,首次申報,1071017,營利事業捐贈收入,台灣中澤股份有限公司,23054127,10000.00,0.00,,金錢,新北市中和區****,,
41,陳偉杰,107年直轄市議員選舉,首次申報,1071017,個人捐贈收入,陳麗玲,A22*******,50000.00,0.00,,金錢,新北市八里區****,2618*****,
42,陳偉杰,107年直轄市議員選舉,首次申報,1071017,個人捐贈收入,彭森榮,K10*******,10000.00,0.00,,金錢,苗栗縣南庄鄉****,,
43,陳偉杰,107年直轄市議員選舉,首次申報,1071017,個人捐贈收入,朱欽賢,L10*******,10000.00,0.00,,金錢,臺北市北投區****,0912*****,
44,陳偉杰,107年直轄市議員選舉,首次申報,1071017,個人捐贈收入,李佳蓁,Q22*******,20000.00,0.00,,金錢,臺北市松山區****,,
45,陳偉杰,107年直轄市議員選舉,首次申報,1071017,個人捐贈收入,陳素蓉,R20*******,10000.00,0.00,,金錢,臺南市新營區****,,
46,陳偉杰,107年直轄市議員選舉,首次申報,1071017,個人捐贈收入,劉敏英,S10*******,10000.00,0.00,,金錢,臺北市大安區****,,
47,陳偉杰,107年直轄市議員選舉,首次申報,1071018,個人捐贈收入,魏嘉慧,F22*******,28888.00,0.00,,金錢,新北市淡水區****,0989*****,
48,陳偉杰,107年直轄市議員選舉,首次申報,1071023,個人捐贈收入,劉佩怡,A12*******,5000.00,0.00,,金錢,金門縣金寧鄉****,0975*****,
49,陳偉杰,107年直轄市議員選舉,首次申報,1071026,匿名捐贈,匿名,,2000.00,0.00,,金錢,,,
50,陳偉杰,107年直轄市議員選舉,首次申報,1071030,營利事業捐贈收入,有豐食品股份有限公司,89590248,100000.00,0.00,,金錢,臺北市北投區****,2827*****,
51,陳偉杰,107年直轄市議員選舉,首次申報,1071105,營利事業捐贈收入,禾昇不動產有限公司,53704133,30000.00,0.00,,金錢,新北市新莊區****,0937*****,
52,陳偉杰,107年直轄市議員選舉,首次申報,1071108,個人捐贈收入,黃敏媗,A29*******,60000.00,0.00,,金錢,臺北市北投區****,0958*****,
53,陳偉杰,107年直轄市議員選舉,首次申報,1071108,個人捐贈收入,黃毅,F12*******,30000.00,0.00,,金錢,臺北市萬華區****,0978*****,
54,陳偉杰,107年直轄市議員選舉,首次申報,1071108,個人捐贈收入,黃定祥,F12*******,36000.00,0.00,,金錢,臺北市萬華區****,,
55,陳偉杰,107年直轄市議員選舉,首次申報,1071108,個人捐贈收入,楊子霆,H12*******,32000.00,0.00,,金錢,桃園市桃園區****,0928*****,
56,陳偉杰,107年直轄市議員選舉,首次申報,1071108,個人捐贈收入,許芠溍,Y12*******,38000.00,0.00,,金錢,臺北市北投區****,0928*****,
57,陳偉杰,107年直轄市議員選舉,首次申報,1071109,個人捐贈收入,簡妃秀,F22*******,10000.00,0.00,,金錢,新北市板橋區****,0912*****,
58,陳偉杰,107年直轄市議員選舉,首次申報,1071112,營利事業捐贈收入,巨豐旅館管理股份有限公司,16156865,200000.00,0.00,,金錢,臺北市中山區****,02-2*****,
59,陳偉杰,107年直轄市議員選舉,首次申報,1071115,營利事業捐贈收入,將捷股份有限公司,86691968,1000.00,0.00,,金錢,臺北市中山區****,02-2*****,
60,陳偉杰,107年直轄市議員選舉,首次申報,1071116,個人捐贈收入,黃城,G10*******,36000.00,0.00,,金錢,宜蘭縣宜蘭市****,0910*****,
61,陳偉杰,107年直轄市議員選舉,首次申報,1071119,個人捐贈收入,朱玲瑤,U22*******,3000.00,0.00,,金錢,臺北市大同區****,0928*****,
62,陳偉杰,107年直轄市議員選舉,首次申報,1071120,個人捐贈收入,陳冠義,H12*******,3000.00,0.00,,金錢,新竹縣峨眉鄉****,0933*****,
63,陳偉杰,107年直轄市議員選舉,首次申報,1071122,個人捐贈收入,楊家源,A12*******,5000.00,0.00,,金錢,新北市淡水區****,0985*****,
64,陳偉杰,107年直轄市議員選舉,首次申報,1071122,個人捐贈收入,黃敏媗,A29*******,40000.00,0.00,,金錢,臺北市北投區****,0958*****,
65,陳偉杰,107年直轄市議員選舉,首次申報,1071122,個人捐贈收入,黃毅,F12*******,50000.00,0.00,,金錢,臺北市萬華區****,0978*****,
66,陳偉杰,107年直轄市議員選舉,首次申報,1071122,個人捐贈收入,楊子霆,H12*******,60000.00,0.00,,金錢,桃園市桃園區****,0928*****,
67,陳偉杰,107年直轄市議員選舉,首次申報,1071122,個人捐贈收入,張立人,K12*******,50000.00,0.00,,金錢,新北市汐止區****,02-8*****,
68,陳偉杰,107年直轄市議員選舉,首次申報,1071123,匿名捐贈,匿名,,1000.00,0.00,,金錢,,,
69,陳偉杰,107年直轄市議員選舉,首次申報,1071123,個人捐贈收入,李德維,A12*******,10000.00,0.00,,金錢,臺北市內湖區****,0927*****,
