﻿序號,擬參選人／政黨,選舉名稱,申報序號／年度,交易日期,收支科目,捐贈者／支出對象,身分證／統一編號,收入金額,支出金額,捐贈方式,存入專戶日期,返還/繳庫,支出用途,金錢類,地址,聯絡電話,應揭露之支出對象,支出對象之內部人員姓名,支出對象之內部人員職稱,政黨之內部人員姓名,政黨之內部人員職稱,關係,資料更正日期
1,林德福,109年立法委員選舉,第一次賸餘,1090128,當選後與其公務有關之費用支出,老八風小吃店,31825534,0.00,1936.00,,,,餐飲支出,金錢,,,,,,,,,
2,林德福,109年立法委員選舉,第一次賸餘,1090212,當選後與其公務有關之費用支出,台灣銀行群賢分行,,0.00,200.00,,,,銀行手續費,金錢,台北市中正區****,2341*****,,,,,,,
3,林德福,109年立法委員選舉,第一次賸餘,1090213,當選後與其公務有關之費用支出,中華電信股份有限公司,92887342,0.00,1680.00,,,,電信費用-中華電信費,金錢,新北市永和區****,,,,,,,,
4,林德福,109年立法委員選舉,第一次賸餘,1090214,當選後與其公務有關之費用支出,和億生活股份有限公司,42266706,0.00,1352.00,,,,餐飲支出,金錢,,,,,,,,,
5,林德福,109年立法委員選舉,第一次賸餘,1090214,當選後與其公務有關之費用支出,世代街區股份有限公司,42518908,0.00,440.00,,,,餐飲支出,金錢,,,,,,,,,
6,林德福,109年立法委員選舉,第一次賸餘,1090214,當選後與其公務有關之費用支出,福來許生活企業股份有限公司,53946049,0.00,1375.00,,,,餐飲支出,金錢,,,,,,,,,
7,林德福,109年立法委員選舉,第一次賸餘,1090215,當選後與其公務有關之費用支出,爭鮮股份有限公司,24802563,0.00,270.00,,,,餐飲支出,金錢,,,,,,,,,
8,林德福,109年立法委員選舉,第一次賸餘,1090215,當選後與其公務有關之費用支出,昇業興食品有限公司,42484956,0.00,840.00,,,,餐飲支出,金錢,,,,,,,,,
9,林德福,109年立法委員選舉,第一次賸餘,1090220,捐贈教育、文化、公益、慈善機構或團體支出,財團法人新店高級中學文教基金會,17429956,0.00,100000.00,,,,捐贈教育、文化、公益、慈善機構或團體支出,金錢,新北市新店區****,2219*****,,,,,,,
10,林德福,109年立法委員選舉,第一次賸餘,1090220,當選後與其公務有關之費用支出,盛康實業股份有限公司,23939014,0.00,28800.00,,,,包裝飲用水瓶,金錢,新北市永和區****,2922*****,,,,,,,
11,林德福,109年立法委員選舉,第一次賸餘,1090221,當選後與其公務有關之費用支出,台灣大哥大股份有限公司,97176270,0.00,199.00,,,,電信費用-台灣大哥大電信費,金錢,臺北市信義區****,,,,,,,,
12,林德福,109年立法委員選舉,第一次賸餘,1090223,當選後與其公務有關之費用支出,一杯起餐飲股份有限公司,82798383,0.00,8943.00,,,,餐飲支出,金錢,,,,,,,,,
13,林德福,109年立法委員選舉,第一次賸餘,1090224,當選後與其公務有關之費用支出,儀美科技有限公司,27845657,0.00,4666.00,,,,影印費,金錢,,,,,,,,,
14,林德福,109年立法委員選舉,第一次賸餘,1090225,當選後與其公務有關之費用支出,宴唯善企業有限公司,46462588,0.00,1100.00,,,,餐飲支出,金錢,,,,,,,,,
15,林德福,109年立法委員選舉,第一次賸餘,1090225,當選後與其公務有關之費用支出,中華電信股份有限公司,92887342,0.00,499.00,,,,電信費用-中華電信費,金錢,新北市永和區****,,,,,,,,
16,林德福,109年立法委員選舉,第一次賸餘,1090226,當選後與其公務有關之費用支出,鳳城臘味家,04568224,0.00,200.00,,,,餐飲支出,金錢,,,,,,,,,
17,林德福,109年立法委員選舉,第一次賸餘,1090226,當選後與其公務有關之費用支出,中華電信股份有限公司,92887342,0.00,338.00,,,,電信費用-中華電信費,金錢,新北市永和區****,,,,,,,,
18,林德福,109年立法委員選舉,第一次賸餘,1090227,當選後與其公務有關之費用支出,中華電信股份有限公司,92887342,0.00,2923.00,,,,電信費用-中華電信費,金錢,新北市永和區****,,,,,,,,
19,林德福,109年立法委員選舉,第一次賸餘,1090228,當選後與其公務有關之費用支出,剛剛股份有限公司,52506917,0.00,924.00,,,,餐飲支出,金錢,,,,,,,,,
20,林德福,109年立法委員選舉,第一次賸餘,1090228,當選後與其公務有關之費用支出,林家花苑,66926072,0.00,8000.00,,,,聯誼費用-高架花籃批,金錢,新北市永和區****,2926*****,,,,,,,
21,林德福,109年立法委員選舉,第一次賸餘,1090229,當選後與其公務有關之費用支出,FACEBOOK IRELAND LTD.,,0.00,6184.00,,,,播送、傳送或刊登宣傳廣告支出-臉書推廣費,金錢,GrandC****,,,,,,,,
22,林德福,109年立法委員選舉,第一次賸餘,1090229,當選後與其公務有關之費用支出,金門酒廠實業股份有限公司,16436466,0.00,40920.00,,,,餐飲支出,金錢,金門縣金寧鄉****,082-*****,,,,,,,
23,林德福,109年立法委員選舉,第一次賸餘,1090229,當選後與其公務有關之費用支出,台灣中油股份有限公司,77402185,0.00,1151.00,,,,油資,金錢,,,,,,,,,
24,林德福,109年立法委員選舉,第一次賸餘,1090301,當選後與其公務有關之費用支出,三澧企業股份有限公司,80698084,0.00,582.00,,,,餐飲支出,金錢,,,,,,,,,
25,林德福,109年立法委員選舉,第一次賸餘,1090303,當選後與其公務有關之費用支出,佳泓汽球花藝設計坊,15777520,0.00,16700.00,,,,聯誼費用-高架花籃批,金錢,新北市永和區****,8923*****,,,,,,,
26,林德福,109年立法委員選舉,第一次賸餘,1090306,當選後與其公務有關之費用支出,伯光文具印刷有限公司,21201382,0.00,230.00,,,,文具用品費用,金錢,,,,,,,,,
27,林德福,109年立法委員選舉,第一次賸餘,1090306,當選後與其公務有關之費用支出,王記餐飲有限公司,42699886,0.00,189.00,,,,餐飲支出,金錢,,,,,,,,,
28,林德福,109年立法委員選舉,第一次賸餘,1090309,當選後與其公務有關之費用支出,大統牛排館,66916721,0.00,330.00,,,,餐飲支出,金錢,,,,,,,,,
29,林德福,109年立法委員選舉,第一次賸餘,1090310,當選後與其公務有關之費用支出,中華電信股份有限公司,92887342,0.00,1152.00,,,,電信費用-中華電信費,金錢,新北市永和區****,,,,,,,,
30,林德福,109年立法委員選舉,第一次賸餘,1090311,當選後與其公務有關之費用支出,史丹利音樂餐坊,38502453,0.00,1650.00,,,,餐飲支出,金錢,,,,,,,,,
31,林德福,109年立法委員選舉,第一次賸餘,1090313,當選後與其公務有關之費用支出,宴唯善企業有限公司,46462588,0.00,1400.00,,,,餐飲支出,金錢,,,,,,,,,
32,林德福,109年立法委員選舉,第一次賸餘,1090317,當選後與其公務有關之費用支出,豐郁生活館有限公司,80637539,0.00,779.00,,,,日用品-電蚊香,金錢,,,,,,,,,
33,林德福,109年立法委員選舉,第一次賸餘,1090318,當選後與其公務有關之費用支出,悠旅生活事業股份有限公司,53730548,0.00,135.00,,,,餐飲支出,金錢,,,,,,,,,
34,林德福,109年立法委員選舉,第一次賸餘,1090320,當選後與其公務有關之費用支出,台北自來水事業股份有限公司,03774909,0.00,274.00,,,,水電瓦斯費用-水費,金錢,,,,,,,,,
35,林德福,109年立法委員選舉,第一次賸餘,1090320,當選後與其公務有關之費用支出,成美洋食館有限公司,24556268,0.00,1375.00,,,,餐飲支出,金錢,,,,,,,,,
36,林德福,109年立法委員選舉,第一次賸餘,1090321,當選後與其公務有關之費用支出,台灣大哥大股份有限公司,97176270,0.00,199.00,,,,電信費用-台灣大哥大電信費,金錢,臺北市信義區****,,,,,,,,
37,林德福,109年立法委員選舉,第一次賸餘,1090322,當選後與其公務有關之費用支出,剛剛股份有限公司,52506917,0.00,737.00,,,,餐飲支出,金錢,,,,,,,,,
38,林德福,109年立法委員選舉,第一次賸餘,1090323,當選後與其公務有關之費用支出,清圻企業有限公司,23381023,0.00,923.00,,,,油資,金錢,,,,,,,,,
39,林德福,109年立法委員選舉,第一次賸餘,1090323,當選後與其公務有關之費用支出,三創數位股份有限公司,25136736,0.00,1350.00,,,,餐飲支出,金錢,,,,,,,,,
40,林德福,109年立法委員選舉,第一次賸餘,1090323,當選後與其公務有關之費用支出,世界豆漿大王店,31676513,0.00,110.00,,,,餐飲支出,金錢,,,,,,,,,
41,林德福,109年立法委員選舉,第一次賸餘,1090323,當選後與其公務有關之費用支出,宴唯善企業有限公司,46462588,0.00,350.00,,,,餐飲支出,金錢,,,,,,,,,
42,林德福,109年立法委員選舉,第一次賸餘,1090324,當選後與其公務有關之費用支出,史丹利音樂餐坊,38502453,0.00,4059.00,,,,餐飲支出,金錢,,,,,,,,,
43,林德福,109年立法委員選舉,第一次賸餘,1090324,當選後與其公務有關之費用支出,微風松高分公司,54370346,0.00,220.00,,,,餐飲支出,金錢,,,,,,,,,
44,林德福,109年立法委員選舉,第一次賸餘,1090324,當選後與其公務有關之費用支出,美華食品有限公司,66418962,0.00,115.00,,,,餐飲支出,金錢,,,,,,,,,
45,林德福,109年立法委員選舉,第一次賸餘,1090324,當選後與其公務有關之費用支出,新光三越股份有限公司,80033340,0.00,990.00,,,,餐飲支出,金錢,,,,,,,,,
46,林德福,109年立法委員選舉,第一次賸餘,1090324,當選後與其公務有關之費用支出,一杯起餐飲股份有限公司,82798383,0.00,180.00,,,,餐飲支出,金錢,,,,,,,,,
47,林德福,109年立法委員選舉,第一次賸餘,1090325,當選後與其公務有關之費用支出,辣呼呼餐飲有限公司,50968504,0.00,340.00,,,,餐飲支出,金錢,,,,,,,,,
48,林德福,109年立法委員選舉,第一次賸餘,1090325,當選後與其公務有關之費用支出,一杯起餐飲股份有限公司,82798383,0.00,1000.00,,,,餐飲支出,金錢,,,,,,,,,
49,林德福,109年立法委員選舉,第一次賸餘,1090325,當選後與其公務有關之費用支出,中華電信股份有限公司,92887342,0.00,622.00,,,,電信費用-中華電信費,金錢,新北市永和區****,,,,,,,,
50,林德福,109年立法委員選舉,第一次賸餘,1090326,當選後與其公務有關之費用支出,天使之手小吃店,76957432,0.00,638.00,,,,餐飲支出,金錢,,,,,,,,,
51,林德福,109年立法委員選舉,第一次賸餘,1090326,當選後與其公務有關之費用支出,中華電信股份有限公司,92887342,0.00,324.00,,,,電信費用-中華電信費,金錢,新北市永和區****,,,,,,,,
52,林德福,109年立法委員選舉,第一次賸餘,1090330,當選後與其公務有關之費用支出,行運小吃店有限公司,42612609,0.00,5005.00,,,,餐飲支出,金錢,,,,,,,,,
53,林德福,109年立法委員選舉,第一次賸餘,1090330,當選後與其公務有關之費用支出,華泰大飯店企業股份有限公司,54398626,0.00,495.00,,,,餐飲支出,金錢,,,,,,,,,
54,林德福,109年立法委員選舉,第一次賸餘,1090330,當選後與其公務有關之費用支出,沐目餐飲國際股份有限公司,85116333,0.00,990.00,,,,餐飲支出,金錢,,,,,,,,,
55,林德福,109年立法委員選舉,第一次賸餘,1090331,當選後與其公務有關之費用支出,FACEBOOK IRELAND LTD.,,0.00,7153.00,,,,播送、傳送或刊登宣傳廣告支出-臉書推廣費,金錢,GrandC****,,,,,,,,
56,林德福,109年立法委員選舉,第一次賸餘,1090331,當選後與其公務有關之費用支出,新東陽股份有限公司,26684014,0.00,527.00,,,,餐飲支出,金錢,,,,,,,,,
57,林德福,109年立法委員選舉,第一次賸餘,1090331,當選後與其公務有關之費用支出,全家便利商店股份有限公司,28414683,0.00,335.00,,,,餐飲支出,金錢,,,,,,,,,
58,林德福,109年立法委員選舉,第一次賸餘,1090331,當選後與其公務有關之費用支出,統一超商股份有限公司,54918020,0.00,25.00,,,,餐飲費用,金錢,,,,,,,,,
59,林德福,109年立法委員選舉,第一次賸餘,1090331,當選後與其公務有關之費用支出,林家花苑,66926072,0.00,10000.00,,,,聯誼費用-花籃批,金錢,新北市永和區****,2926*****,,,,,,,
60,林德福,109年立法委員選舉,第一次賸餘,1090401,當選後與其公務有關之費用支出,台灣中油股份有限公司,49658050,0.00,600.00,,,,油資,金錢,,,,,,,,,
61,林德福,109年立法委員選舉,第一次賸餘,1090402,當選後與其公務有關之費用支出,蜜世界蔬果專賣店,17288920,0.00,1800.00,,,,水果,金錢,,,,,,,,,
62,林德福,109年立法委員選舉,第一次賸餘,1090403,當選後與其公務有關之費用支出,錢櫃企業股份有限公司,70760073,0.00,3149.00,,,,餐飲支出,金錢,,,,,,,,,
63,林德福,109年立法委員選舉,第一次賸餘,1090405,當選後與其公務有關之費用支出,福來許生活企業股份有限公司,53946049,0.00,1430.00,,,,餐飲支出,金錢,,,,,,,,,
64,林德福,109年立法委員選舉,第一次賸餘,1090408,當選後與其公務有關之費用支出,佳泓汽球花藝設計坊,15777520,0.00,22000.00,,,,聯誼費用-高架花籃批,金錢,新北市永和區****,8923*****,,,,,,,
65,林德福,109年立法委員選舉,第一次賸餘,1090408,當選後與其公務有關之費用支出,飲研餐飲股份有限公司,55389820,0.00,1700.00,,,,餐飲支出,金錢,,,,,,,,,
66,林德福,109年立法委員選舉,第一次賸餘,1090408,當選後與其公務有關之費用支出,大嘉商會股份有限公司,76616580,0.00,1021.00,,,,餐飲支出,金錢,,,,,,,,,
67,林德福,109年立法委員選舉,第一次賸餘,1090410,當選後與其公務有關之費用支出,成沛小吃店,42352420,0.00,880.00,,,,餐飲支出,金錢,,,,,,,,,
68,林德福,109年立法委員選舉,第一次賸餘,1090410,當選後與其公務有關之費用支出,中華電信股份有限公司,92887342,0.00,1024.00,,,,電信費用-中華電信費,金錢,新北市永和區****,,,,,,,,
69,林德福,109年立法委員選舉,第一次賸餘,1090412,當選後與其公務有關之費用支出,稻葉國際有限公司,43862479,0.00,770.00,,,,餐飲支出,金錢,,,,,,,,,
70,林德福,109年立法委員選舉,第一次賸餘,1090412,當選後與其公務有關之費用支出,和德昌股份有限公司,75983355,0.00,157.00,,,,餐飲支出,金錢,,,,,,,,,
71,林德福,109年立法委員選舉,第一次賸餘,1090412,當選後與其公務有關之費用支出,台灣屈臣氏個人用品商店股份有限公司,89391331,0.00,699.00,,,,日用品,金錢,,,,,,,,,
72,林德福,109年立法委員選舉,第一次賸餘,1090412,當選後與其公務有關之費用支出,嵐迪小吃店,99159749,0.00,140.00,,,,餐飲支出,金錢,,,,,,,,,
73,林德福,109年立法委員選舉,第一次賸餘,1090413,當選後與其公務有關之費用支出,史丹利音樂餐坊,38502453,0.00,770.00,,,,餐飲支出,金錢,,,,,,,,,
74,林德福,109年立法委員選舉,第一次賸餘,1090413,當選後與其公務有關之費用支出,臺虎精釀股份有限公司,72964159,0.00,500.00,,,,餐飲支出,金錢,,,,,,,,,
75,林德福,109年立法委員選舉,第一次賸餘,1090414,當選後與其公務有關之費用支出,福源花坊,09737852,0.00,2000.00,,,,聯誼費用-蘭花盆,金錢,,,,,,,,,
76,林德福,109年立法委員選舉,第一次賸餘,1090420,當選後與其公務有關之費用支出,成美水果行,01221017,0.00,4000.00,,,,餐飲費用-水果批,金錢,臺北市中山區****,2506*****,,,,,,,
77,林德福,109年立法委員選舉,第一次賸餘,1090420,當選後與其公務有關之費用支出,儀美科技有限公司,27845657,0.00,4670.00,,,,影印費,金錢,臺北市大安區****,2733*****,,,,,,,
78,林德福,109年立法委員選舉,第一次賸餘,1090421,當選後與其公務有關之費用支出,台灣大哥大股份有限公司,97176270,0.00,199.00,,,,電信費用-台灣大哥大電信費,金錢,臺北市信義區****,,,,,,,,
79,林德福,109年立法委員選舉,第一次賸餘,1090422,當選後與其公務有關之費用支出,誠正聯合會計師事務所,01014903,0.00,70000.00,,,,剩餘政治獻金會計諮詢費,金錢,臺北市中正區****,0239*****,,,,,,,
80,林德福,109年立法委員選舉,第一次賸餘,1090422,當選後與其公務有關之費用支出,福源花坊,09737852,0.00,3000.00,,,,聯誼費用-蘭花一式,金錢,新北市新莊區****,2900*****,,,,,,,
81,林德福,109年立法委員選舉,第一次賸餘,1090422,當選後與其公務有關之費用支出,福來許生活企業股份有限公司,53946049,0.00,1463.00,,,,餐飲支出,金錢,,,,,,,,,
82,林德福,109年立法委員選舉,第一次賸餘,1090423,當選後與其公務有關之費用支出,成美水果行,01221017,0.00,5600.00,,,,餐飲費用-水果批,金錢,臺北市中山區****,2506*****,,,,,,,
83,林德福,109年立法委員選舉,第一次賸餘,1090423,當選後與其公務有關之費用支出,福源花坊,09737852,0.00,3000.00,,,,聯誼費用-蘭花式,金錢,新北市新莊區****,2900*****,,,,,,,
84,林德福,109年立法委員選舉,第一次賸餘,1090423,當選後與其公務有關之費用支出,馮記上海小館,19757413,0.00,30000.00,,,,餐飲支出,金錢,新北市永和區****,2929*****,,,,,,,
85,林德福,109年立法委員選舉,第一次賸餘,1090426,當選後與其公務有關之費用支出,獅子頭加油站,22912749,0.00,852.00,,,,油資,金錢,,,,,,,,,
86,林德福,109年立法委員選舉,第一次賸餘,1090426,當選後與其公務有關之費用支出,完美比例國際股份有限公司,76922194,0.00,7397.00,,,,餐飲支出,金錢,臺北市中山區****,,,,,,,,
87,林德福,109年立法委員選舉,第一次賸餘,1090426,當選後與其公務有關之費用支出,岳洋股份有限公司,82323400,0.00,250.00,,,,停車費,金錢,,,,,,,,,
88,林德福,109年立法委員選舉,第一次賸餘,1090427,當選後與其公務有關之費用支出,悠旅生活事業股份有限公司,52360912,0.00,185.00,,,,餐飲支出,金錢,,,,,,,,,
89,林德福,109年立法委員選舉,第一次賸餘,1090427,當選後與其公務有關之費用支出,中華電信股份有限公司,92887342,0.00,786.00,,,,電信費用-中華電信費,金錢,新北市永和區****,,,,,,,,
90,林德福,109年立法委員選舉,第一次賸餘,1090428,當選後與其公務有關之費用支出,成美水果行,01221017,0.00,5700.00,,,,餐飲費用-水果批,金錢,臺北市中山區****,2506*****,,,,,,,
91,林德福,109年立法委員選舉,第一次賸餘,1090428,當選後與其公務有關之費用支出,中華電信股份有限公司,92887342,0.00,321.00,,,,電信費用-中華電信費,金錢,新北市永和區****,,,,,,,,
92,林德福,109年立法委員選舉,第一次賸餘,1090429,當選後與其公務有關之費用支出,老八風小吃店,31825534,0.00,2915.00,,,,餐飲支出,金錢,,,,,,,,,
93,林德福,109年立法委員選舉,第一次賸餘,1090430,當選後與其公務有關之費用支出,FACEBOOK IRELAND LTD.,,0.00,2770.00,,,,播送、傳送或刊登宣傳廣告支出-臉書推廣費,金錢,GrandC****,,,,,,,,
94,林德福,109年立法委員選舉,第一次賸餘,1090430,當選後與其公務有關之費用支出,台北牛乳大王企業有限公司,16590657,0.00,160.00,,,,餐飲支出,金錢,,,,,,,,,
95,林德福,109年立法委員選舉,第一次賸餘,1090430,當選後與其公務有關之費用支出,林家花苑,66926072,0.00,16900.00,,,,聯誼費用-花籃批,金錢,新北市永和區****,2926*****,,,,,,,
96,林德福,109年立法委員選舉,第一次賸餘,1090506,捐贈教育、文化、公益、慈善機構或團體支出,財團法人板橋高中文教基金會,39599390,0.00,20000.00,,,,捐贈教育、文化、公益、慈善機構或團體支出,金錢,新北市板橋區****,2960*****,,,,,,,
97,林德福,109年立法委員選舉,第一次賸餘,1090507,當選後與其公務有關之費用支出,佳泓汽球花藝設計坊,15777520,0.00,6300.00,,,,聯誼費用-花籃批,金錢,新北市永和區****,8923*****,,,,,,,
98,林德福,109年立法委員選舉,第一次賸餘,1090508,當選後與其公務有關之費用支出,宴唯善企業有限公司,46462588,0.00,1050.00,,,,餐飲支出,金錢,,,,,,,,,
99,林德福,109年立法委員選舉,第一次賸餘,1090508,當選後與其公務有關之費用支出,完美比例國際股份有限公司,76922194,0.00,9900.00,,,,餐飲支出,金錢,臺北市中山區****,,,,,,,,
100,林德福,109年立法委員選舉,第一次賸餘,1090511,當選後與其公務有關之費用支出,國都汽車股份有限公司,27240926,0.00,12680.00,,,,維修宣傳車輛支出,金錢,,,,,,,,,
101,林德福,109年立法委員選舉,第一次賸餘,1090511,當選後與其公務有關之費用支出,中華電信股份有限公司,92887342,0.00,1133.00,,,,電信費用-中華電信費,金錢,新北市永和區****,,,,,,,,
102,林德福,109年立法委員選舉,第一次賸餘,1090512,當選後與其公務有關之費用支出,台灣一風堂股份有限公司,31833801,0.00,1109.00,,,,餐飲支出,金錢,,,,,,,,,
103,林德福,109年立法委員選舉,第一次賸餘,1090512,當選後與其公務有關之費用支出,剛剛股份有限公司,52506917,0.00,737.00,,,,餐飲支出,金錢,,,,,,,,,
104,林德福,109年立法委員選舉,第一次賸餘,1090515,當選後與其公務有關之費用支出,群欣置業股份有限公司,54352494,0.00,770.00,,,,餐飲支出,金錢,,,,,,,,,
105,林德福,109年立法委員選舉,第一次賸餘,1090518,當選後與其公務有關之費用支出,成美水果行,01221017,0.00,2000.00,,,,餐飲費用-水果批,金錢,臺北市中山區****,2506*****,,,,,,,
106,林德福,109年立法委員選舉,第一次賸餘,1090518,當選後與其公務有關之費用支出,馮記上海小館,19757413,0.00,30000.00,,,,餐飲支出,金錢,新北市永和區****,2929*****,,,,,,,
107,林德福,109年立法委員選舉,第一次賸餘,1090519,當選後與其公務有關之費用支出,悠旅生活事業股份有限公司,16840493,0.00,220.00,,,,餐飲支出,金錢,,,,,,,,,
108,林德福,109年立法委員選舉,第一次賸餘,1090521,當選後與其公務有關之費用支出,台灣大哥大股份有限公司,97176270,0.00,199.00,,,,電信費用-台灣大哥大電信費,金錢,臺北市信義區****,,,,,,,,
109,林德福,109年立法委員選舉,第一次賸餘,1090523,當選後與其公務有關之費用支出,飲研餐飲股份有限公司,55389820,0.00,350.00,,,,餐飲支出,金錢,,,,,,,,,
110,林德福,109年立法委員選舉,第一次賸餘,1090525,當選後與其公務有關之費用支出,爭鮮股份有限公司,24802563,0.00,240.00,,,,餐飲支出,金錢,,,,,,,,,
111,林德福,109年立法委員選舉,第一次賸餘,1090525,當選後與其公務有關之費用支出,中華電信股份有限公司,92887342,0.00,542.00,,,,電信費用-中華電信費,金錢,新北市永和區****,,,,,,,,
112,林德福,109年立法委員選舉,第一次賸餘,1090526,當選後與其公務有關之費用支出,成美水果行,01221017,0.00,9700.00,,,,餐飲費用-水果批,金錢,臺北市中山區****,2506*****,,,,,,,
113,林德福,109年立法委員選舉,第一次賸餘,1090526,當選後與其公務有關之費用支出,育人美術社,34732980,0.00,2510.00,,,,文具用品費用,金錢,,,,,,,,,
114,林德福,109年立法委員選舉,第一次賸餘,1090526,當選後與其公務有關之費用支出,剛剛股份有限公司,52506917,0.00,891.00,,,,餐飲支出,金錢,,,,,,,,,
115,林德福,109年立法委員選舉,第一次賸餘,1090526,當選後與其公務有關之費用支出,中華電信股份有限公司,92887342,0.00,311.00,,,,電信費用-中華電信費,金錢,新北市永和區****,,,,,,,,
116,林德福,109年立法委員選舉,第一次賸餘,1090527,當選後與其公務有關之費用支出,世代街區股份有限公司,42518908,0.00,3190.00,,,,餐飲支出,金錢,,,,,,,,,
117,林德福,109年立法委員選舉,第一次賸餘,1090528,當選後與其公務有關之費用支出,京橙商行,42244345,0.00,6060.00,,,,餐飲支出,金錢,,,,,,,,,
118,林德福,109年立法委員選舉,第一次賸餘,1090531,當選後與其公務有關之費用支出,林家花苑,66926072,0.00,12500.00,,,,聯誼費用-高架花籃批,金錢,新北市永和區****,2926*****,,,,,,,
119,林德福,109年立法委員選舉,第一次賸餘,1090601,當選後與其公務有關之費用支出,台灣電力股份有限公司,04860092,0.00,1817.00,,,,水電瓦斯費用-電費,金錢,,,,,,,,,
120,林德福,109年立法委員選舉,第一次賸餘,1090601,當選後與其公務有關之費用支出,完美比例國際股份有限公司,76922194,0.00,10000.00,,,,餐飲支出,金錢,臺北市中山區****,,,,,,,,
121,林德福,109年立法委員選舉,第一次賸餘,1090602,當選後與其公務有關之費用支出,阿亮海產店,37610341,0.00,9900.00,,,,餐飲支出,金錢,臺東縣成功鎮****,0898*****,,,,,,,
122,林德福,109年立法委員選舉,第一次賸餘,1090603,當選後與其公務有關之費用支出,中華郵政股份有限公司,03716979,0.00,44.00,,,,郵寄競選物品或宣傳廣告支出,金錢,,,,,,,,,
123,林德福,109年立法委員選舉,第一次賸餘,1090604,當選後與其公務有關之費用支出,佳泓汽球花藝設計坊,15777520,0.00,11000.00,,,,聯誼費用-花籃批,金錢,新北市永和區****,8923*****,,,,,,,
124,林德福,109年立法委員選舉,第一次賸餘,1090605,當選後與其公務有關之費用支出,雙月生物科技股份有限公司,82876922,0.00,590.00,,,,餐飲支出,金錢,,,,,,,,,
125,林德福,109年立法委員選舉,第一次賸餘,1090606,當選後與其公務有關之費用支出,剛剛股份有限公司,52506917,0.00,462.00,,,,餐飲支出,金錢,,,,,,,,,
126,林德福,109年立法委員選舉,第一次賸餘,1090607,當選後與其公務有關之費用支出,台灣高速鐵路股份有限公司,28078540,0.00,1445.00,,,,搭乘交通工具費用,金錢,臺北市南港區****,,,,,,,,
127,林德福,109年立法委員選舉,第一次賸餘,1090608,當選後與其公務有關之費用支出,阿亮海產店,37610341,0.00,9900.00,,,,餐飲支出,金錢,臺東縣成功鎮****,089-*****,,,,,,,
128,林德福,109年立法委員選舉,第一次賸餘,1090609,當選後與其公務有關之費用支出,無限發展有限公司,42859270,0.00,880.00,,,,餐飲支出,金錢,,,,,,,,,
129,林德福,109年立法委員選舉,第一次賸餘,1090609,當選後與其公務有關之費用支出,串參餐飲事業股份有限公司,54673502,0.00,1001.00,,,,餐飲支出,金錢,,,,,,,,,
130,林德福,109年立法委員選舉,第一次賸餘,1090609,當選後與其公務有關之費用支出,串參餐飲事業股份有限公司,54673502,0.00,3960.00,,,,餐飲支出,金錢,,,,,,,,,
131,林德福,109年立法委員選舉,第一次賸餘,1090610,當選後與其公務有關之費用支出,中華郵政股份有限公司,03716979,0.00,84.00,,,,郵寄競選物品或宣傳廣告支出,金錢,,,,,,,,,
132,林德福,109年立法委員選舉,第一次賸餘,1090610,當選後與其公務有關之費用支出,中華電信股份有限公司,92887342,0.00,1131.00,,,,電信費用-中華電信費,金錢,新北市永和區****,,,,,,,,
133,林德福,109年立法委員選舉,第一次賸餘,1090611,當選後與其公務有關之費用支出,中華郵政股份有限公司,03716979,0.00,28.00,,,,郵寄競選物品或宣傳廣告支出,金錢,,,,,,,,,
134,林德福,109年立法委員選舉,第一次賸餘,1090611,當選後與其公務有關之費用支出,大昌裱畫材料有限公司,34475758,0.00,800.00,,,,木框,金錢,,,,,,,,,
135,林德福,109年立法委員選舉,第一次賸餘,1090613,當選後與其公務有關之費用支出,微風場站開發股份有限公司,28441577,0.00,560.00,,,,餐飲支出,金錢,,,,,,,,,
136,林德福,109年立法委員選舉,第一次賸餘,1090613,當選後與其公務有關之費用支出,阿亮海產店,37610341,0.00,9900.00,,,,餐飲支出,金錢,臺東縣成功鎮****,089-*****,,,,,,,
137,林德福,109年立法委員選舉,第一次賸餘,1090615,當選後與其公務有關之費用支出,中華郵政股份有限公司,03716979,0.00,28.00,,,,郵寄競選物品或宣傳廣告支出,金錢,,,,,,,,,
138,林德福,109年立法委員選舉,第一次賸餘,1090615,當選後與其公務有關之費用支出,阿亮海產店,37610341,0.00,9900.00,,,,餐飲支出,金錢,臺東縣成功鎮****,089-*****,,,,,,,
139,林德福,109年立法委員選舉,第一次賸餘,1090616,當選後與其公務有關之費用支出,王記餐飲有限公司,42699886,0.00,189.00,,,,餐飲支出,金錢,,,,,,,,,
140,林德福,109年立法委員選舉,第一次賸餘,1090619,當選後與其公務有關之費用支出,台灣中油股份有限公司,01490119,0.00,110.00,,,,油資,金錢,,,,,,,,,
141,林德福,109年立法委員選舉,第一次賸餘,1090619,當選後與其公務有關之費用支出,儀美科技有限公司,27845657,0.00,4830.00,,,,製作宣傳廣告支出-影印費,金錢,,,,,,,,,
142,林德福,109年立法委員選舉,第一次賸餘,1090620,當選後與其公務有關之費用支出,鎮福樓餐廳,50676534,0.00,14960.00,,,,餐飲支出,金錢,新北市永和區****,,,,,,,,
143,林德福,109年立法委員選舉,第一次賸餘,1090621,當選後與其公務有關之費用支出,阿亮海產店,37610341,0.00,9900.00,,,,餐飲支出,金錢,臺東縣成功鎮****,089-*****,,,,,,,
144,林德福,109年立法委員選舉,第一次賸餘,1090621,當選後與其公務有關之費用支出,台灣大哥大股份有限公司,97176270,0.00,199.00,,,,電信費用-台灣大哥大電信費,金錢,臺北市信義區****,,,,,,,,
145,林德福,109年立法委員選舉,第一次賸餘,1090622,當選後與其公務有關之費用支出,六順體育休閒用品有限公司,86357437,0.00,2450.00,,,,製作宣傳廣告支出-團隊背心,金錢,,,,,,,,,
146,林德福,109年立法委員選舉,第一次賸餘,1090622,當選後與其公務有關之費用支出,飛揚廣告事業有限公司,97231870,0.00,1260.00,,,,製作宣傳廣告費用-團隊背心,金錢,新北市永和區****,,,,,,,,
147,林德福,109年立法委員選舉,第一次賸餘,1090623,當選後與其公務有關之費用支出,稻葉國際有限公司,43862479,0.00,550.00,,,,餐飲支出,金錢,,,,,,,,,
148,林德福,109年立法委員選舉,第一次賸餘,1090623,當選後與其公務有關之費用支出,飲研餐飲股份有限公司,55389820,0.00,350.00,,,,餐飲支出,金錢,,,,,,,,,
149,林德福,109年立法委員選舉,第一次賸餘,1090623,當選後與其公務有關之費用支出,迷迷羊有限公司,80683879,0.00,920.00,,,,餐飲支出,金錢,,,,,,,,,
150,林德福,109年立法委員選舉,第一次賸餘,1090623,當選後與其公務有關之費用支出,統一超商股份有限公司,96977962,0.00,480.00,,,,餐飲支出,金錢,,,,,,,,,
151,林德福,109年立法委員選舉,第一次賸餘,1090624,當選後與其公務有關之費用支出,成美水果行,01221017,0.00,5800.00,,,,餐飲費用-水果批,金錢,臺北市中山區****,2506*****,,,,,,,
152,林德福,109年立法委員選舉,第一次賸餘,1090624,當選後與其公務有關之費用支出,福源花坊,09737852,0.00,2000.00,,,,聯誼費用-蘭花盆,金錢,,,,,,,,,
153,林德福,109年立法委員選舉,第一次賸餘,1090627,當選後與其公務有關之費用支出,阿亮海產店,37610341,0.00,9900.00,,,,餐飲支出,金錢,臺東縣成功鎮****,089-*****,,,,,,,
154,林德福,109年立法委員選舉,第一次賸餘,1090628,當選後與其公務有關之費用支出,貴妃飲料店,26017478,0.00,80.00,,,,餐飲支出,金錢,,,,,,,,,
155,林德福,109年立法委員選舉,第一次賸餘,1090628,當選後與其公務有關之費用支出,台灣高鐵台灣高鐵股份有限公司,28078540,0.00,1490.00,,,,搭乘交通工具支出,金錢,,,,,,,,,
156,林德福,109年立法委員選舉,第一次賸餘,1090628,當選後與其公務有關之費用支出,城市商旅股份有限公司,43861176,0.00,2150.00,,,,差旅膳宿支出,金錢,,,,,,,,,
157,林德福,109年立法委員選舉,第一次賸餘,1090629,當選後與其公務有關之費用支出,阿亮海產店,37610341,0.00,9900.00,,,,餐飲支出,金錢,臺東縣成功鎮****,089-*****,,,,,,,
158,林德福,109年立法委員選舉,第一次賸餘,1090629,當選後與其公務有關之費用支出,中華電信股份有限公司,92887342,0.00,650.00,,,,電信費用-中華電信費,金錢,,,,,,,,,
159,林德福,109年立法委員選舉,第一次賸餘,1090630,當選後與其公務有關之費用支出,阿亮海產店,37610341,0.00,2240.00,,,,餐飲支出,金錢,臺東縣成功鎮****,089-*****,,,,,,,
160,林德福,109年立法委員選舉,第一次賸餘,1090630,當選後與其公務有關之費用支出,林家花苑,66926072,0.00,17200.00,,,,聯誼費用-高架花籃批,金錢,新北市永和區****,2926*****,,,,,,,
161,林德福,109年立法委員選舉,第一次賸餘,1090630,當選後與其公務有關之費用支出,錢櫃企業股份有限公司,70802616,0.00,5275.00,,,,餐飲支出,金錢,,,,,,,,,
162,林德福,109年立法委員選舉,第一次賸餘,1090630,當選後與其公務有關之費用支出,中華電信股份有限公司,92887342,0.00,313.00,,,,電信費用-中華電信費,金錢,,,,,,,,,
163,林德福,109年立法委員選舉,第一次賸餘,1090702,當選後與其公務有關之費用支出,家活餐飲小吃店,42366402,0.00,4906.00,,,,餐飲支出,金錢,,,,,,,,,
164,林德福,109年立法委員選舉,第一次賸餘,1090703,當選後與其公務有關之費用支出,北區監理所,,0.00,9090.00,,,,年汽(機)車燃料使用費,金錢,新北市樹林區****,2689*****,,,,,,,
165,林德福,109年立法委員選舉,第一次賸餘,1090703,當選後與其公務有關之費用支出,阿里小廚,47973588,0.00,1133.00,,,,餐飲支出,金錢,,,,,,,,,
166,林德福,109年立法委員選舉,第一次賸餘,1090704,當選後與其公務有關之費用支出,宴唯善企業有限公司,46462588,0.00,2500.00,,,,餐飲支出,金錢,,,,,,,,,
167,林德福,109年立法委員選舉,第一次賸餘,1090707,當選後與其公務有關之費用支出,合垣興業有限公司,52549009,0.00,41895.00,,,,聯誼費用-提供摸彩品-吹風機個,金錢,臺北市中山區****,2567*****,,,,,,,
168,林德福,109年立法委員選舉,第一次賸餘,1090710,當選後與其公務有關之費用支出,佳泓汽球花藝設計坊,15777520,0.00,20700.00,,,,聯誼費用-花籃批,金錢,新北市永和區****,8923*****,,,,,,,
169,林德福,109年立法委員選舉,第一次賸餘,1090710,當選後與其公務有關之費用支出,京站實業股份有限公司,28710621,0.00,505.00,,,,餐飲支出,金錢,,,,,,,,,
170,林德福,109年立法委員選舉,第一次賸餘,1090710,當選後與其公務有關之費用支出,咖嘜侍有限公司,54342905,0.00,8360.00,,,,餐飲支出,金錢,,,,,,,,,
171,林德福,109年立法委員選舉,第一次賸餘,1090710,當選後與其公務有關之費用支出,中華電信股份有限公司,92887342,0.00,975.00,,,,電信費用-中華電信費,金錢,,,,,,,,,
172,林德福,109年立法委員選舉,第一次賸餘,1090711,當選後與其公務有關之費用支出,大村武串燒,31847523,0.00,4800.00,,,,餐飲支出,金錢,,,,,,,,,
173,林德福,109年立法委員選舉,第一次賸餘,1090713,當選後與其公務有關之費用支出,波奇餐坊,25552508,0.00,715.00,,,,餐飲支出,金錢,,,,,,,,,
174,林德福,109年立法委員選舉,第一次賸餘,1090714,當選後與其公務有關之費用支出,富弘交通企業股份有限公司,12001601,0.00,320.00,,,,搭乘交通工具支出,金錢,,,,,,,,,
175,林德福,109年立法委員選舉,第一次賸餘,1090716,當選後與其公務有關之費用支出,統帥旅行社有限公司,80565063,0.00,353070.00,,,,聯誼費用-志工生態研習活動-南投系列/-/,金錢,新北市永和區****,2921*****,,,,,,,
176,林德福,109年立法委員選舉,第一次賸餘,1090717,當選後與其公務有關之費用支出,台灣一風堂股份有限公司,31833801,0.00,380.00,,,,餐飲費用,金錢,,,,,,,,,
177,林德福,109年立法委員選舉,第一次賸餘,1090719,當選後與其公務有關之費用支出,每刻餐飲有限公司,77219737,0.00,140.00,,,,餐飲費用,金錢,,,,,,,,,
178,林德福,109年立法委員選舉,第一次賸餘,1090720,當選後與其公務有關之費用支出,波奇餐坊,25552508,0.00,2640.00,,,,餐飲費用,金錢,,,,,,,,,
179,林德福,109年立法委員選舉,第一次賸餘,1090720,當選後與其公務有關之費用支出,王記餐飲有限公司,42699886,0.00,164.00,,,,餐飲費用,金錢,,,,,,,,,
180,林德福,109年立法委員選舉,第一次賸餘,1090721,當選後與其公務有關之費用支出,怡客咖啡股份有限公司,16589357,0.00,270.00,,,,餐飲費用,金錢,,,,,,,,,
181,林德福,109年立法委員選舉,第一次賸餘,1090721,當選後與其公務有關之費用支出,台灣大哥大電信股份有限公司,97176270,0.00,199.00,,,,電信費用-台灣大哥大電信費,金錢,,,,,,,,,
182,林德福,109年立法委員選舉,第一次賸餘,1090725,當選後與其公務有關之費用支出,豐東興業股份有限公司,70768666,0.00,655.00,,,,餐飲費用,金錢,,,,,,,,,
183,林德福,109年立法委員選舉,第一次賸餘,1090726,當選後與其公務有關之費用支出,完美比例國際股份有限公司,76922194,0.00,10679.00,,,,餐飲費用,金錢,臺北市中山區****,,,,,,,,
184,林德福,109年立法委員選舉,第一次賸餘,1090727,當選後與其公務有關之費用支出,成美水果行,01221017,0.00,5000.00,,,,餐飲費用-水果批,金錢,臺北市中山區****,2506*****,,,,,,,
185,林德福,109年立法委員選舉,第一次賸餘,1090727,當選後與其公務有關之費用支出,中華電信股份有限公司,92887342,0.00,638.00,,,,電信費用-中華電信費,金錢,,,,,,,,,
186,林德福,109年立法委員選舉,第一次賸餘,1090728,當選後與其公務有關之費用支出,中華電信股份有限公司,92887342,0.00,332.00,,,,電信費用-中華電信費,金錢,,,,,,,,,
187,林德福,109年立法委員選舉,第一次賸餘,1090729,當選後與其公務有關之費用支出,世界豆漿大王店,31676513,0.00,50.00,,,,餐飲費用,金錢,,,,,,,,,
188,林德福,109年立法委員選舉,第一次賸餘,1090731,當選後與其公務有關之費用支出,京站實業股份有限公司,28710621,0.00,330.00,,,,餐飲費用,金錢,,,,,,,,,
189,林德福,109年立法委員選舉,第一次賸餘,1090731,當選後與其公務有關之費用支出,台灣中油股份有限公司,40546560,0.00,1054.00,,,,油資,金錢,,,,,,,,,
190,林德福,109年立法委員選舉,第一次賸餘,1090731,當選後與其公務有關之費用支出,林家花苑,66926072,0.00,22700.00,,,,聯誼費用-高架花籃批,金錢,新北市永和區****,2926*****,,,,,,,
191,林德福,109年立法委員選舉,第一次賸餘,1090801,當選後與其公務有關之費用支出,和德昌股份有限公司,54392284,0.00,207.00,,,,餐飲費用,金錢,,,,,,,,,
192,林德福,109年立法委員選舉,第一次賸餘,1090801,當選後與其公務有關之費用支出,你覺得呢有限公司,82812104,0.00,2090.00,,,,餐飲費用,金錢,,,,,,,,,
193,林德福,109年立法委員選舉,第一次賸餘,1090802,當選後與其公務有關之費用支出,台灣高鐵股份有限公司,28078540,0.00,2440.00,,,,搭乘交通工具支出,金錢,,,,,,,,,
194,林德福,109年立法委員選舉,第一次賸餘,1090803,當選後與其公務有關之費用支出,馮記上海小館,19757413,0.00,45000.00,,,,餐飲費用,金錢,新北市永和區****,2929*****,,,,,,,
195,林德福,109年立法委員選舉,第一次賸餘,1090804,當選後與其公務有關之費用支出,台灣電力公司,04860092,0.00,6681.00,,,,水電瓦斯費用-電費,金錢,,,,,,,,,
196,林德福,109年立法委員選舉,第一次賸餘,1090804,當選後與其公務有關之費用支出,藍信圖書股份有限公司,25124611,0.00,1681.00,,,,文具用品費用,金錢,,,,,,,,,
197,林德福,109年立法委員選舉,第一次賸餘,1090804,當選後與其公務有關之費用支出,王記餐飲有限公司,42699886,0.00,125.00,,,,餐飲費用,金錢,,,,,,,,,
198,林德福,109年立法委員選舉,第一次賸餘,1090805,當選後與其公務有關之費用支出,佳泓汽球花藝設計坊,15777520,0.00,19500.00,,,,聯誼費用-花籃批,金錢,新北市永和區****,8923*****,,,,,,,
199,林德福,109年立法委員選舉,第一次賸餘,1090805,當選後與其公務有關之費用支出,世界豆漿大王店,31676513,0.00,80.00,,,,餐飲費用,金錢,,,,,,,,,
200,林德福,109年立法委員選舉,第一次賸餘,1090806,當選後與其公務有關之費用支出,福來許生活企業股份有限公司,53946049,0.00,400.00,,,,餐飲費用,金錢,,,,,,,,,
201,林德福,109年立法委員選舉,第一次賸餘,1090807,當選後與其公務有關之費用支出,世界豆漿大王店,31676513,0.00,130.00,,,,餐飲費用,金錢,,,,,,,,,
202,林德福,109年立法委員選舉,第一次賸餘,1090807,當選後與其公務有關之費用支出,悠旅生活事業股份有限公司,42838677,0.00,220.00,,,,餐飲費用,金錢,,,,,,,,,
203,林德福,109年立法委員選舉,第一次賸餘,1090807,當選後與其公務有關之費用支出,和德昌股份有限公司,54392284,0.00,207.00,,,,餐飲費用,金錢,,,,,,,,,
204,林德福,109年立法委員選舉,第一次賸餘,1090809,當選後與其公務有關之費用支出,和德昌股份有限公司,22102678,0.00,146.00,,,,餐飲費用,金錢,,,,,,,,,
205,林德福,109年立法委員選舉,第一次賸餘,1090809,當選後與其公務有關之費用支出,統一超商股份有限公司,89397644,0.00,110.00,,,,餐飲費用,金錢,,,,,,,,,
206,林德福,109年立法委員選舉,第一次賸餘,1090810,當選後與其公務有關之費用支出,好鑫勤小吃店,85425936,0.00,270.00,,,,餐飲費用,金錢,,,,,,,,,
207,林德福,109年立法委員選舉,第一次賸餘,1090810,當選後與其公務有關之費用支出,中華電信股份有限公司,92887342,0.00,1076.00,,,,電信費用-中華電信費,金錢,,,,,,,,,
208,林德福,109年立法委員選舉,第一次賸餘,1090812,當選後與其公務有關之費用支出,台灣一風堂股份有限公司,31833801,0.00,380.00,,,,餐飲費用,金錢,,,,,,,,,
209,林德福,109年立法委員選舉,第一次賸餘,1090812,當選後與其公務有關之費用支出,和德昌股份有限公司,54392284,0.00,141.00,,,,餐飲費用,金錢,,,,,,,,,
210,林德福,109年立法委員選舉,第一次賸餘,1090814,當選後與其公務有關之費用支出,台灣高鐵股份有限公司,28078540,0.00,2440.00,,,,搭乘交通工具支出,金錢,,,,,,,,,
211,林德福,109年立法委員選舉,第一次賸餘,1090814,當選後與其公務有關之費用支出,台灣一風堂股份有限公司,31833801,0.00,380.00,,,,餐飲費用,金錢,,,,,,,,,
212,林德福,109年立法委員選舉,第一次賸餘,1090815,當選後與其公務有關之費用支出,世界豆漿大王店,31676513,0.00,80.00,,,,餐飲費用,金錢,,,,,,,,,
213,林德福,109年立法委員選舉,第一次賸餘,1090815,當選後與其公務有關之費用支出,柴米夫妻國際餐飲有限公司,50994377,0.00,180.00,,,,餐飲費用,金錢,,,,,,,,,
214,林德福,109年立法委員選舉,第一次賸餘,1090815,當選後與其公務有關之費用支出,悠旅生活事業股份有限公司,55834879,0.00,130.00,,,,餐飲費用,金錢,,,,,,,,,
215,林德福,109年立法委員選舉,第一次賸餘,1090815,當選後與其公務有關之費用支出,岳洋股份有限公司,82323400,0.00,350.00,,,,停車費用,金錢,,,,,,,,,
216,林德福,109年立法委員選舉,第一次賸餘,1090816,當選後與其公務有關之費用支出,嵐迪小吃店,99159749,0.00,140.00,,,,餐飲費用,金錢,,,,,,,,,
217,林德福,109年立法委員選舉,第一次賸餘,1090817,當選後與其公務有關之費用支出,成美洋食館有限公司,24556268,0.00,1384.00,,,,餐飲費用,金錢,,,,,,,,,
218,林德福,109年立法委員選舉,第一次賸餘,1090817,當選後與其公務有關之費用支出,世界豆漿大王店,31676513,0.00,50.00,,,,餐飲費用,金錢,,,,,,,,,
219,林德福,109年立法委員選舉,第一次賸餘,1090818,當選後與其公務有關之費用支出,永和搖滾披薩屋,82311214,0.00,647.00,,,,餐飲費用,金錢,,,,,,,,,
220,林德福,109年立法委員選舉,第一次賸餘,1090819,當選後與其公務有關之費用支出,成美水果行,01221017,0.00,7750.00,,,,餐飲費用-水果批,金錢,臺北市中山區****,2506*****,,,,,,,
221,林德福,109年立法委員選舉,第一次賸餘,1090819,當選後與其公務有關之費用支出,成美水果行,01221017,0.00,1700.00,,,,餐飲費用-水果批,金錢,臺北市中山區****,2506*****,,,,,,,
222,林德福,109年立法委員選舉,第一次賸餘,1090819,當選後與其公務有關之費用支出,台灣一風堂股份有限公司,31833801,0.00,380.00,,,,餐飲費用,金錢,,,,,,,,,
223,林德福,109年立法委員選舉,第一次賸餘,1090819,當選後與其公務有關之費用支出,樂潮生活商店,38467759,0.00,3100.00,,,,餐飲費用,金錢,,,,,,,,,
224,林德福,109年立法委員選舉,第一次賸餘,1090819,當選後與其公務有關之費用支出,台灣中油股份有限公司,40546560,0.00,1021.00,,,,油資,金錢,,,,,,,,,
225,林德福,109年立法委員選舉,第一次賸餘,1090821,當選後與其公務有關之費用支出,台灣一風堂股份有限公司,31833801,0.00,380.00,,,,餐飲費用,金錢,,,,,,,,,
226,林德福,109年立法委員選舉,第一次賸餘,1090821,當選後與其公務有關之費用支出,台灣大哥大電信股份有限公司,97176270,0.00,199.00,,,,電信費用-台灣大哥大電信費,金錢,,,,,,,,,
227,林德福,109年立法委員選舉,第一次賸餘,1090822,當選後與其公務有關之費用支出,成美水果行,01221017,0.00,6400.00,,,,餐飲費用-水果批,金錢,臺北市中山區****,2506*****,,,,,,,
228,林德福,109年立法委員選舉,第一次賸餘,1090822,當選後與其公務有關之費用支出,美笑咖啡,02267460,0.00,363.00,,,,餐飲費用,金錢,,,,,,,,,
229,林德福,109年立法委員選舉,第一次賸餘,1090823,當選後與其公務有關之費用支出,覓鑫有限公司,42698177,0.00,6567.00,,,,餐飲費用,金錢,,,,,,,,,
230,林德福,109年立法委員選舉,第一次賸餘,1090823,當選後與其公務有關之費用支出,源裕豐國際股份有限公司,53527616,0.00,820.00,,,,餐飲費用,金錢,,,,,,,,,
231,林德福,109年立法委員選舉,第一次賸餘,1090823,當選後與其公務有關之費用支出,統一超商股份有限公司,70820712,0.00,15.00,,,,餐飲費用,金錢,,,,,,,,,
232,林德福,109年立法委員選舉,第一次賸餘,1090823,當選後與其公務有關之費用支出,香港商台本機械有限公司,85300746,0.00,45.00,,,,停車費用,金錢,,,,,,,,,
233,林德福,109年立法委員選舉,第一次賸餘,1090824,當選後與其公務有關之費用支出,福源花坊,09737852,0.00,2000.00,,,,聯誼費用-蘭花盆,金錢,,,,,,,,,
234,林德福,109年立法委員選舉,第一次賸餘,1090824,當選後與其公務有關之費用支出,統一超商股份有限公司,22659648,0.00,151.00,,,,餐飲費用,金錢,,,,,,,,,
235,林德福,109年立法委員選舉,第一次賸餘,1090825,當選後與其公務有關之費用支出,成美水果行,01221017,0.00,800.00,,,,餐飲費用-水果批,金錢,臺北市中山區****,2506*****,,,,,,,
236,林德福,109年立法委員選舉,第一次賸餘,1090825,當選後與其公務有關之費用支出,群欣置業股份有限公司,54352494,0.00,3025.00,,,,餐飲費用,金錢,,,,,,,,,
237,林德福,109年立法委員選舉,第一次賸餘,1090825,當選後與其公務有關之費用支出,中華電信股份有限公司,92887342,0.00,499.00,,,,電信費用-中華電信費,金錢,,,,,,,,,
238,林德福,109年立法委員選舉,第一次賸餘,1090826,當選後與其公務有關之費用支出,太魯閣國際股份有限公司,10369270,0.00,230.00,,,,餐飲費用,金錢,,,,,,,,,
239,林德福,109年立法委員選舉,第一次賸餘,1090826,當選後與其公務有關之費用支出,儀美科技有限公司,27845657,0.00,4935.00,,,,影印費,金錢,,,,,,,,,
240,林德福,109年立法委員選舉,第一次賸餘,1090826,當選後與其公務有關之費用支出,中華電信股份有限公司,92887342,0.00,330.00,,,,電信費用-中華電信費,金錢,,,,,,,,,
241,林德福,109年立法委員選舉,第一次賸餘,1090830,當選後與其公務有關之費用支出,台灣卡特爾石油有限公司,55650822,0.00,1125.00,,,,油資費用,金錢,,,,,,,,,
242,林德福,109年立法委員選舉,第一次賸餘,1090831,當選後與其公務有關之費用支出,林家花苑,66926072,0.00,12900.00,,,,聯誼費用-高架花籃批,金錢,新北市永和區****,2926*****,,,,,,,
243,林德福,109年立法委員選舉,第一次賸餘,1090901,當選後與其公務有關之費用支出,佳泓汽球花藝設計坊,15777520,0.00,10400.00,,,,聯誼費用-花籃批,金錢,新北市永和區****,8923*****,,,,,,,
244,林德福,109年立法委員選舉,第一次賸餘,1090902,當選後與其公務有關之費用支出,盛康實業股份有限公司,23939014,0.00,28800.00,,,,包裝飲用水瓶,金錢,新北市永和區****,2922*****,,,,,,,
245,林德福,109年立法委員選舉,第一次賸餘,1090902,當選後與其公務有關之費用支出,全聯實業股份有限公司,27561623,0.00,2336.00,,,,餐飲費用,金錢,,,,,,,,,
246,林德福,109年立法委員選舉,第一次賸餘,1090903,當選後與其公務有關之費用支出,台灣一風堂股份有限公司,31833801,0.00,380.00,,,,餐飲費用,金錢,,,,,,,,,
247,林德福,109年立法委員選舉,第一次賸餘,1090904,捐贈教育、文化、公益、慈善機構或團體支出,財團法人門諾社會福利慈善事業基金會,20009253,0.00,10000.00,,,,捐贈教育、文化、公益、慈善機構或團體支出,金錢,花蓮縣花蓮市****,03-8*****,,,,,,,
248,林德福,109年立法委員選舉,第一次賸餘,1090907,當選後與其公務有關之費用支出,台灣一風堂股份有限公司,31833801,0.00,380.00,,,,餐飲費用,金錢,,,,,,,,,
249,林德福,109年立法委員選舉,第一次賸餘,1090908,當選後與其公務有關之費用支出,馮記上海小館,19757413,0.00,60000.00,,,,餐飲費用,金錢,新北市永和區****,2929*****,,,,,,,
250,林德福,109年立法委員選舉,第一次賸餘,1090908,當選後與其公務有關之費用支出,統一超商股份有限公司,54394754,0.00,347.00,,,,餐飲費用,金錢,,,,,,,,,
251,林德福,109年立法委員選舉,第一次賸餘,1090908,當選後與其公務有關之費用支出,布娜飛有限公司,73662815,0.00,462.00,,,,餐飲費用,金錢,,,,,,,,,
252,林德福,109年立法委員選舉,第一次賸餘,1090909,當選後與其公務有關之費用支出,福源花坊,09737852,0.00,6000.00,,,,聯誼費用-蘭花盆,金錢,,,,,,,,,
253,林德福,109年立法委員選舉,第一次賸餘,1090910,當選後與其公務有關之費用支出,統一超商股份有限公司,22555904,0.00,225.00,,,,餐飲費用,金錢,,,,,,,,,
254,林德福,109年立法委員選舉,第一次賸餘,1090910,當選後與其公務有關之費用支出,中華電信股份有限公司,92887342,0.00,1050.00,,,,電信費用-中華電信費,金錢,,,,,,,,,
255,林德福,109年立法委員選舉,第一次賸餘,1090911,當選後與其公務有關之費用支出,597-N7,,0.00,140.00,,,,搭乘短程運輸工具費用,金錢,,2759*****,,,,,,,
256,林德福,109年立法委員選舉,第一次賸餘,1090911,當選後與其公務有關之費用支出,台灣自來水公司,03774909,0.00,268.00,,,,水電瓦斯費用-水費,金錢,,,,,,,,,
257,林德福,109年立法委員選舉,第一次賸餘,1090911,當選後與其公務有關之費用支出,好鑫勤小吃店,85425936,0.00,730.00,,,,餐飲費用,金錢,,,,,,,,,
258,林德福,109年立法委員選舉,第一次賸餘,1090912,當選後與其公務有關之費用支出,福源花坊,09737852,0.00,3000.00,,,,聯誼費用-花籃盆,金錢,,,,,,,,,
259,林德福,109年立法委員選舉,第一次賸餘,1090912,當選後與其公務有關之費用支出,異塵希勒餐廳,15644992,0.00,6116.00,,,,餐飲費用,金錢,,,,,,,,,
260,林德福,109年立法委員選舉,第一次賸餘,1090912,當選後與其公務有關之費用支出,迷迷羊有限公司,80683879,0.00,1330.00,,,,餐飲費用,金錢,,,,,,,,,
261,林德福,109年立法委員選舉,第一次賸餘,1090913,當選後與其公務有關之費用支出,台灣中油股份有限公司,40546560,0.00,825.00,,,,油資,金錢,,,,,,,,,
262,林德福,109年立法委員選舉,第一次賸餘,1090914,當選後與其公務有關之費用支出,李清分,R12*******,0.00,76200.00,,,,聯誼費用-水果禮盒批,金錢,臺南市麻豆區****,,,,,,,,
263,林德福,109年立法委員選舉,第一次賸餘,1090915,當選後與其公務有關之費用支出,台灣一風堂股份有限公司,31833801,0.00,380.00,,,,餐飲費用,金錢,,,,,,,,,
264,林德福,109年立法委員選舉,第一次賸餘,1090915,當選後與其公務有關之費用支出,小酒商行,76406965,0.00,6180.00,,,,餐飲費用,金錢,,,,,,,,,
265,林德福,109年立法委員選舉,第一次賸餘,1090916,當選後與其公務有關之費用支出,成美水果行,01221017,0.00,13350.00,,,,餐飲費用-水果批,金錢,臺北市中山區****,2506*****,,,,,,,
266,林德福,109年立法委員選舉,第一次賸餘,1090916,當選後與其公務有關之費用支出,統一超商股份有限公司,22555904,0.00,20.00,,,,手續費,金錢,,,,,,,,,
267,林德福,109年立法委員選舉,第一次賸餘,1090917,當選後與其公務有關之費用支出,蜜世界蔬果專賣店,17288920,0.00,600.00,,,,餐飲費用-水果批,金錢,,,,,,,,,
268,林德福,109年立法委員選舉,第一次賸餘,1090918,當選後與其公務有關之費用支出,統一超商股份有限公司,22555904,0.00,40.00,,,,手續費,金錢,,,,,,,,,
269,林德福,109年立法委員選舉,第一次賸餘,1090918,當選後與其公務有關之費用支出,統一超商股份有限公司,22555904,0.00,290.00,,,,運費,金錢,,,,,,,,,
270,林德福,109年立法委員選舉,第一次賸餘,1090918,當選後與其公務有關之費用支出,飲研餐飲股份有限公司,55389820,0.00,5450.00,,,,餐飲費用,金錢,,,,,,,,,
271,林德福,109年立法委員選舉,第一次賸餘,1090919,當選後與其公務有關之費用支出,金月娘食品有限公司,27653307,0.00,87048.00,,,,聯誼費用-中秋禮盒批,金錢,新北市永和區****,2742*****,,,,,,,
272,林德福,109年立法委員選舉,第一次賸餘,1090919,當選後與其公務有關之費用支出,野田小吃店,72996188,0.00,902.00,,,,餐飲費用,金錢,,,,,,,,,
273,林德福,109年立法委員選舉,第一次賸餘,1090920,當選後與其公務有關之費用支出,台灣中油股份有限公司,40546560,0.00,853.00,,,,油資,金錢,,,,,,,,,
274,林德福,109年立法委員選舉,第一次賸餘,1090921,當選後與其公務有關之費用支出,台灣大哥大電信股份有限公司,97176270,0.00,199.00,,,,電信費用-台灣大哥大電信費,金錢,,,,,,,,,
275,林德福,109年立法委員選舉,第一次賸餘,1090923,當選後與其公務有關之費用支出,TDD-3098,,0.00,190.00,,,,搭乘交通工具支出,金錢,,2960*****,,,,,,,
276,林德福,109年立法委員選舉,第一次賸餘,1090923,當選後與其公務有關之費用支出,TDA5085,,0.00,135.00,,,,搭乘交通工具支出,金錢,,2759*****,,,,,,,
277,林德福,109年立法委員選舉,第一次賸餘,1090923,當選後與其公務有關之費用支出,統一超商股份有限公司,22555904,0.00,835.00,,,,運費,金錢,,,,,,,,,
278,林德福,109年立法委員選舉,第一次賸餘,1090923,當選後與其公務有關之費用支出,台灣一風堂股份有限公司,31833801,0.00,380.00,,,,餐飲費用,金錢,,,,,,,,,
279,林德福,109年立法委員選舉,第一次賸餘,1090923,當選後與其公務有關之費用支出,群品餐飲股份有限公司石二鍋,72961316,0.00,486.00,,,,餐飲費用,金錢,,,,,,,,,
280,林德福,109年立法委員選舉,第一次賸餘,1090924,當選後與其公務有關之費用支出,王師父食品有限公司,96873381,0.00,3888.00,,,,餐飲費用,金錢,,,,,,,,,
281,林德福,109年立法委員選舉,第一次賸餘,1090925,當選後與其公務有關之費用支出,統一超商股份有限公司,22555904,0.00,225.00,,,,運費,金錢,,,,,,,,,
282,林德福,109年立法委員選舉,第一次賸餘,1090925,當選後與其公務有關之費用支出,世界豆漿大王店,31676513,0.00,110.00,,,,餐飲費用,金錢,,,,,,,,,
283,林德福,109年立法委員選舉,第一次賸餘,1090925,當選後與其公務有關之費用支出,中華電信股份有限公司,92887342,0.00,606.00,,,,電信費用-中華電信費,金錢,,,,,,,,,
284,林德福,109年立法委員選舉,第一次賸餘,1090926,當選後與其公務有關之費用支出,中華電信股份有限公司,92887342,0.00,330.00,,,,電信費用-中華電信費,金錢,,,,,,,,,
285,林德福,109年立法委員選舉,第一次賸餘,1090927,當選後與其公務有關之費用支出,阿里小廚,47973588,0.00,363.00,,,,餐飲費用,金錢,,,,,,,,,
286,林德福,109年立法委員選舉,第一次賸餘,1090929,當選後與其公務有關之費用支出,王師父食品有限公司,96873381,0.00,3672.00,,,,餐飲費用,金錢,,,,,,,,,
287,林德福,109年立法委員選舉,第一次賸餘,1090930,當選後與其公務有關之費用支出,台灣中油股份有限公司,01489458,0.00,1031.00,,,,油資,金錢,,,,,,,,,
288,林德福,109年立法委員選舉,第一次賸餘,1091001,當選後與其公務有關之費用支出,迷迷羊有限公司,80683879,0.00,920.00,,,,餐飲費用,金錢,,,,,,,,,
289,林德福,109年立法委員選舉,第一次賸餘,1091005,當選後與其公務有關之費用支出,林家花苑,66926072,0.00,14600.00,,,,聯誼費用-花籃批,金錢,新北市永和區****,2926*****,,,,,,,
290,林德福,109年立法委員選舉,第一次賸餘,1091006,當選後與其公務有關之費用支出,台灣電力公司,04860092,0.00,8519.00,,,,水電瓦斯費用-電費,金錢,,,,,,,,,
291,林德福,109年立法委員選舉,第一次賸餘,1091006,當選後與其公務有關之費用支出,宴唯善企業有限公司,46462588,0.00,700.00,,,,餐飲費用,金錢,,,,,,,,,
292,林德福,109年立法委員選舉,第一次賸餘,1091007,當選後與其公務有關之費用支出,佳泓汽球花藝設計坊,15777520,0.00,24600.00,,,,聯誼費用-花籃批,金錢,新北市永和區****,8923*****,,,,,,,
293,林德福,109年立法委員選舉,第一次賸餘,1091009,當選後與其公務有關之費用支出,微風場站開發股份有限公司,89477962,0.00,1562.00,,,,餐飲費用,金錢,,,,,,,,,
294,林德福,109年立法委員選舉,第一次賸餘,1091010,當選後與其公務有關之費用支出,飛天餐飲有限公司,52667531,0.00,626.00,,,,餐飲費用,金錢,,,,,,,,,
295,林德福,109年立法委員選舉,第一次賸餘,1091011,當選後與其公務有關之費用支出,苗交加油站,84404033,0.00,1213.00,,,,油資,金錢,,,,,,,,,
296,林德福,109年立法委員選舉,第一次賸餘,1091012,當選後與其公務有關之費用支出,辣呼呼餐飲有限公司,50968504,0.00,340.00,,,,餐飲費用,金錢,,,,,,,,,
297,林德福,109年立法委員選舉,第一次賸餘,1091012,當選後與其公務有關之費用支出,中華電信股份有限公司,92887342,0.00,1158.00,,,,電信費用-中華電信費,金錢,,,,,,,,,
298,林德福,109年立法委員選舉,第一次賸餘,1091013,當選後與其公務有關之費用支出,百八魚場餐飲股份有限公司,54345516,0.00,440.00,,,,餐飲費用,金錢,,,,,,,,,
299,林德福,109年立法委員選舉,第一次賸餘,1091014,當選後與其公務有關之費用支出,美夢成真餐飲事業有限公司,83683753,0.00,2170.00,,,,餐飲費用,金錢,,,,,,,,,
300,林德福,109年立法委員選舉,第一次賸餘,1091015,當選後與其公務有關之費用支出,一零四資訊科技股份有限公司,84598349,0.00,6800.00,,,,人事廣告費,金錢,,,,,,,,,
301,林德福,109年立法委員選舉,第一次賸餘,1091016,當選後與其公務有關之費用支出,福源花坊,09737852,0.00,3000.00,,,,聯誼費用-蘭花對,金錢,,,,,,,,,
302,林德福,109年立法委員選舉,第一次賸餘,1091017,當選後與其公務有關之費用支出,兆豐產物保險股份有限公司,03090217,0.00,45049.00,,,,其他與租用宣傳車輛有關之費用-汽車保險費-,金錢,臺北市中正區****,2381*****,,,,,,,
303,林德福,109年立法委員選舉,第一次賸餘,1091018,當選後與其公務有關之費用支出,統一超商股份有限公司,53660276,0.00,599.00,,,,餐飲費用,金錢,,,,,,,,,
304,林德福,109年立法委員選舉,第一次賸餘,1091020,當選後與其公務有關之費用支出,蜜世界蔬果專賣店,17288920,0.00,1440.00,,,,餐飲費用-水果批,金錢,,,,,,,,,
305,林德福,109年立法委員選舉,第一次賸餘,1091020,當選後與其公務有關之費用支出,青島排骨小吃店,18104528,0.00,855.00,,,,餐飲費用,金錢,,,,,,,,,
306,林德福,109年立法委員選舉,第一次賸餘,1091021,捐贈教育、文化、公益、慈善機構或團體支出,財團法人新店高級中學文教基金會,17429956,0.00,60000.00,,,,捐贈教育、文化、公益、慈善機構或團體支出,金錢,新北市新店區****,2219*****,,,,,,,
307,林德福,109年立法委員選舉,第一次賸餘,1091021,當選後與其公務有關之費用支出,儀美科技有限公司,27845657,0.00,4935.00,,,,影印費,金錢,,,,,,,,,
308,林德福,109年立法委員選舉,第一次賸餘,1091021,當選後與其公務有關之費用支出,台灣大哥大電信股份有限公司,97176270,0.00,199.00,,,,電信費用-台灣大哥大電信費,金錢,,,,,,,,,
309,林德福,109年立法委員選舉,第一次賸餘,1091022,當選後與其公務有關之費用支出,青島排骨小吃店,18104528,0.00,765.00,,,,餐飲費用,金錢,,,,,,,,,
310,林德福,109年立法委員選舉,第一次賸餘,1091022,當選後與其公務有關之費用支出,藍信圖書股份有限公司,25124611,0.00,1355.00,,,,文具用品費用,金錢,,,,,,,,,
311,林德福,109年立法委員選舉,第一次賸餘,1091023,當選後與其公務有關之費用支出,阿里小廚,47973588,0.00,528.00,,,,餐飲費用,金錢,,,,,,,,,
312,林德福,109年立法委員選舉,第一次賸餘,1091025,當選後與其公務有關之費用支出,鎮福樓餐廳,50676534,0.00,17200.00,,,,餐飲費用,金錢,新北市永和區****,,,,,,,,
313,林德福,109年立法委員選舉,第一次賸餘,1091025,當選後與其公務有關之費用支出,朗露企業股份有限公司,53528523,0.00,2002.00,,,,餐飲費用,金錢,,,,,,,,,
314,林德福,109年立法委員選舉,第一次賸餘,1091026,當選後與其公務有關之費用支出,中華電信股份有限公司,92887342,0.00,1069.00,,,,電信費用-中華電信費,金錢,,,,,,,,,
315,林德福,109年立法委員選舉,第一次賸餘,1091027,當選後與其公務有關之費用支出,台灣一風堂股份有限公司,31833801,0.00,370.00,,,,餐飲費用,金錢,,,,,,,,,
316,林德福,109年立法委員選舉,第一次賸餘,1091027,當選後與其公務有關之費用支出,中華電信股份有限公司,92887342,0.00,309.00,,,,電信費用-中華電信費,金錢,,,,,,,,,
317,林德福,109年立法委員選舉,第一次賸餘,1091028,當選後與其公務有關之費用支出,清圻企業有限公司,23381023,0.00,928.00,,,,油資,金錢,,,,,,,,,
318,林德福,109年立法委員選舉,第一次賸餘,1091028,當選後與其公務有關之費用支出,一克商行,42284423,0.00,1059.00,,,,餐飲費用,金錢,,,,,,,,,
319,林德福,109年立法委員選舉,第一次賸餘,1091030,當選後與其公務有關之費用支出,成美洋食館有限公司,24556268,0.00,2055.00,,,,餐飲費用,金錢,,,,,,,,,
320,林德福,109年立法委員選舉,第一次賸餘,1091030,當選後與其公務有關之費用支出,迷迷羊有限公司,80683879,0.00,1080.00,,,,餐飲費用,金錢,,,,,,,,,
321,林德福,109年立法委員選舉,第一次賸餘,1091030,當選後與其公務有關之費用支出,美夢成真餐飲事業有限公司,83683753,0.00,1092.00,,,,餐飲費用,金錢,,,,,,,,,
322,林德福,109年立法委員選舉,第一次賸餘,1091031,當選後與其公務有關之費用支出,名方品有限公司,24674504,0.00,1848.00,,,,餐飲費用,金錢,,,,,,,,,
323,林德福,109年立法委員選舉,第一次賸餘,1091031,當選後與其公務有關之費用支出,台灣高鐵股份有限公司,28078540,0.00,2890.00,,,,搭乘交通工具支出,金錢,臺中市南屯區****,,,,,,,,
324,林德福,109年立法委員選舉,第一次賸餘,1091031,當選後與其公務有關之費用支出,艾莉森咖啡蛋糕烘焙坊,38707717,0.00,330.00,,,,餐飲費用,金錢,,,,,,,,,
325,林德福,109年立法委員選舉,第一次賸餘,1091031,當選後與其公務有關之費用支出,統一超商股份有限公司,51725409,0.00,738.00,,,,餐飲費用,金錢,,,,,,,,,
326,林德福,109年立法委員選舉,第一次賸餘,1091031,當選後與其公務有關之費用支出,林家花苑,66926072,0.00,19400.00,,,,聯誼費用-花籃批,金錢,新北市永和區****,2926*****,,,,,,,
327,林德福,109年立法委員選舉,第一次賸餘,1091101,當選後與其公務有關之費用支出,剛剛股份有限公司,83178066,0.00,4196.00,,,,餐飲費用,金錢,,,,,,,,,
328,林德福,109年立法委員選舉,第一次賸餘,1091102,當選後與其公務有關之費用支出,287-J9,,0.00,220.00,,,,搭乘交通工具支出,金錢,,8965*****,,,,,,,
329,林德福,109年立法委員選舉,第一次賸餘,1091105,當選後與其公務有關之費用支出,佳泓汽球花藝設計坊,15777520,0.00,28000.00,,,,聯誼費用-花籃批,金錢,新北市永和區****,8923*****,,,,,,,
330,林德福,109年立法委員選舉,第一次賸餘,1091105,當選後與其公務有關之費用支出,統一超商股份有限公司,22555904,0.00,55.00,,,,餐飲費用,金錢,,,,,,,,,
331,林德福,109年立法委員選舉,第一次賸餘,1091105,當選後與其公務有關之費用支出,心本蘭園企業社,82111617,0.00,1500.00,,,,聯誼費用-花籃盆,金錢,,,,,,,,,
332,林德福,109年立法委員選舉,第一次賸餘,1091106,當選後與其公務有關之費用支出,中華郵政股份有限公司,03741302,0.00,130.00,,,,郵寄競選物品或宣傳廣告費用,金錢,,,,,,,,,
333,林德福,109年立法委員選舉,第一次賸餘,1091106,當選後與其公務有關之費用支出,欣禧餐飲有限公司,66594833,0.00,28000.00,,,,餐飲費用,金錢,,,,,,,,,
334,林德福,109年立法委員選舉,第一次賸餘,1091109,當選後與其公務有關之費用支出,好鑫勤小吃店,85425936,0.00,330.00,,,,餐飲費用,金錢,,,,,,,,,
335,林德福,109年立法委員選舉,第一次賸餘,1091109,當選後與其公務有關之費用支出,松竹涮涮鍋小吃坊,99500230,0.00,374.00,,,,餐飲費用,金錢,,,,,,,,,
336,林德福,109年立法委員選舉,第一次賸餘,1091110,當選後與其公務有關之費用支出,中華郵政股份有限公司,03741302,0.00,53.00,,,,郵寄競選物品或宣傳廣告費用,金錢,,,,,,,,,
337,林德福,109年立法委員選舉,第一次賸餘,1091110,當選後與其公務有關之費用支出,中華電信股份有限公司,92887342,0.00,991.00,,,,電信費用-中華電信費,金錢,,,,,,,,,
338,林德福,109年立法委員選舉,第一次賸餘,1091113,當選後與其公務有關之費用支出,台灣自來水公司,03774909,0.00,290.00,,,,水電瓦斯費用-水費,金錢,,,,,,,,,
339,林德福,109年立法委員選舉,第一次賸餘,1091113,當選後與其公務有關之費用支出,國都汽車股份有限公司,27240926,0.00,15376.00,,,,維修宣傳車輛費用,金錢,,,,,,,,,
340,林德福,109年立法委員選舉,第一次賸餘,1091113,當選後與其公務有關之費用支出,剛剛股份有限公司,52506917,0.00,1265.00,,,,餐飲費用,金錢,,,,,,,,,
341,林德福,109年立法委員選舉,第一次賸餘,1091115,當選後與其公務有關之費用支出,一杯起餐飲股份有限公司,82798383,0.00,1530.00,,,,餐飲費用,金錢,,,,,,,,,
342,林德福,109年立法委員選舉,第一次賸餘,1091115,當選後與其公務有關之費用支出,美夢成真餐飲事業有限公司,83683753,0.00,2678.00,,,,餐飲費用,金錢,,,,,,,,,
343,林德福,109年立法委員選舉,第一次賸餘,1091118,當選後與其公務有關之費用支出,剛剛股份有限公司,83178066,0.00,3267.00,,,,餐飲費用,金錢,,,,,,,,,
344,林德福,109年立法委員選舉,第一次賸餘,1091119,當選後與其公務有關之費用支出,沃斯企業有限公司,27730579,0.00,3700.00,,,,清潔整理費用-噴霧器，抗菌液,金錢,,,,,,,,,
345,林德福,109年立法委員選舉,第一次賸餘,1091121,當選後與其公務有關之費用支出,家活餐飲小吃店,42366402,0.00,935.00,,,,餐飲費用,金錢,,,,,,,,,
346,林德福,109年立法委員選舉,第一次賸餘,1091121,當選後與其公務有關之費用支出,遠東百貨股份有限公司,54911841,0.00,735.00,,,,餐飲費用,金錢,,,,,,,,,
347,林德福,109年立法委員選舉,第一次賸餘,1091121,當選後與其公務有關之費用支出,上園餐廳,78367088,0.00,6100.00,,,,餐飲費用,金錢,,,,,,,,,
348,林德福,109年立法委員選舉,第一次賸餘,1091121,當選後與其公務有關之費用支出,美夢成真餐飲事業有限公司,83683753,0.00,3423.00,,,,餐飲費用,金錢,,,,,,,,,
349,林德福,109年立法委員選舉,第一次賸餘,1091121,當選後與其公務有關之費用支出,德安加油站,96907299,0.00,862.00,,,,油資,金錢,,,,,,,,,
350,林德福,109年立法委員選舉,第一次賸餘,1091121,當選後與其公務有關之費用支出,台灣大哥大電信股份有限公司,97176270,0.00,199.00,,,,電信費用-台灣大哥大電信費,金錢,,,,,,,,,
351,林德福,109年立法委員選舉,第一次賸餘,1091122,當選後與其公務有關之費用支出,正好停股份有限公司,88095749,0.00,140.00,,,,停車費,金錢,,,,,,,,,
352,林德福,109年立法委員選舉,第一次賸餘,1091124,當選後與其公務有關之費用支出,泳順輪胎有限公司,16567163,0.00,19740.00,,,,維修宣傳車輛費用,金錢,,,,,,,,,
353,林德福,109年立法委員選舉,第一次賸餘,1091125,當選後與其公務有關之費用支出,中華電信股份有限公司,92887342,0.00,781.00,,,,電信費用-中華電信費,金錢,,,,,,,,,
354,林德福,109年立法委員選舉,第一次賸餘,1091126,捐贈政治團體或所屬政黨支出,中國國民黨,01032780,0.00,300000.00,,,,捐贈政治團體或所屬政黨支出,金錢,臺北市中山區****,,,,,,,,
355,林德福,109年立法委員選舉,第一次賸餘,1091126,當選後與其公務有關之費用支出,群智餐飲有限公司,54702703,0.00,800.00,,,,餐飲費用,金錢,,,,,,,,,
356,林德福,109年立法委員選舉,第一次賸餘,1091126,當選後與其公務有關之費用支出,逸馨商行,66925051,0.00,1360.00,,,,餐飲費用,金錢,,,,,,,,,
357,林德福,109年立法委員選舉,第一次賸餘,1091126,當選後與其公務有關之費用支出,中華電信股份有限公司,92887342,0.00,341.00,,,,電信費用-中華電信費,金錢,,,,,,,,,
358,林德福,109年立法委員選舉,第一次賸餘,1091127,當選後與其公務有關之費用支出,盛康實業股份有限公司,23939014,0.00,21600.00,,,,包裝飲用水瓶,金錢,新北市永和區****,2922*****,,,,,,,
359,林德福,109年立法委員選舉,第一次賸餘,1091129,當選後與其公務有關之費用支出,剛剛股份有限公司,52506917,0.00,2805.00,,,,餐飲費用,金錢,,,,,,,,,
360,林德福,109年立法委員選舉,第一次賸餘,1091130,當選後與其公務有關之費用支出,林家花苑,66926072,0.00,11000.00,,,,聯誼費用-花籃批,金錢,新北市永和區****,2926*****,,,,,,,
361,林德福,109年立法委員選舉,第一次賸餘,1091201,當選後與其公務有關之費用支出,合垣興業有限公司,52549009,0.00,41895.00,,,,聯誼費用-摸彩用吹風機個,金錢,臺北市中山區****,2567*****,,,,,,,
362,林德福,109年立法委員選舉,第一次賸餘,1091202,當選後與其公務有關之費用支出,台灣中油股份有限公司,01490119,0.00,115.00,,,,油資,金錢,,,,,,,,,
363,林德福,109年立法委員選舉,第一次賸餘,1091202,當選後與其公務有關之費用支出,台灣電力公司,04860092,0.00,3643.00,,,,水電瓦斯費用-電費,金錢,,,,,,,,,
364,林德福,109年立法委員選舉,第一次賸餘,1091202,當選後與其公務有關之費用支出,剛剛股份有限公司,52506917,0.00,451.00,,,,餐飲費用,金錢,,,,,,,,,
365,林德福,109年立法委員選舉,第一次賸餘,1091204,當選後與其公務有關之費用支出,晶冠開發股份有限公司,42072048,0.00,20.00,,,,停車費,金錢,,,,,,,,,
366,林德福,109年立法委員選舉,第一次賸餘,1091204,當選後與其公務有關之費用支出,台灣中油股份有限公司,66902331,0.00,719.00,,,,油資,金錢,,,,,,,,,
367,林德福,109年立法委員選舉,第一次賸餘,1091206,當選後與其公務有關之費用支出,僖閣飲食文化股份有限公司,29051436,0.00,803.00,,,,餐飲費用,金錢,,,,,,,,,
368,林德福,109年立法委員選舉,第一次賸餘,1091206,當選後與其公務有關之費用支出,米凱樂股份有限公司,45032724,0.00,2600.00,,,,餐飲費用,金錢,,,,,,,,,
369,林德福,109年立法委員選舉,第一次賸餘,1091206,當選後與其公務有關之費用支出,迷迷羊有限公司,80683879,0.00,160.00,,,,餐飲費用,金錢,,,,,,,,,
370,林德福,109年立法委員選舉,第一次賸餘,1091207,當選後與其公務有關之費用支出,佳泓汽球花藝設計坊,15777520,0.00,34300.00,,,,聯誼費用-花籃批,金錢,新北市永和區****,8923*****,,,,,,,
371,林德福,109年立法委員選舉,第一次賸餘,1091207,當選後與其公務有關之費用支出,皇家傳承餐飲有限公司,53725307,0.00,4550.00,,,,餐飲費用,金錢,,,,,,,,,
372,林德福,109年立法委員選舉,第一次賸餘,1091207,當選後與其公務有關之費用支出,三商餐飲股份有限公司,87321900,0.00,220.00,,,,餐飲費用,金錢,,,,,,,,,
373,林德福,109年立法委員選舉,第一次賸餘,1091210,當選後與其公務有關之費用支出,大潤發流通事業股份有限公司,70766560,0.00,2964.00,,,,聯誼費用-摸彩用吸塵器部,金錢,,,,,,,,,
374,林德福,109年立法委員選舉,第一次賸餘,1091210,當選後與其公務有關之費用支出,中華電信股份有限公司,92887342,0.00,1157.00,,,,電信費用-中華電信費,金錢,,,,,,,,,
375,林德福,109年立法委員選舉,第一次賸餘,1091211,當選後與其公務有關之費用支出,世代街區股份有限公司,42518908,0.00,2585.00,,,,餐飲費用,金錢,,,,,,,,,
376,林德福,109年立法委員選舉,第一次賸餘,1091211,當選後與其公務有關之費用支出,飛揚廣告事業有限公司,97231870,0.00,70000.00,,,,製作競選物品或宣傳廣告費用-旗幟,金錢,新北市永和區****,2928*****,,,,,,,
377,林德福,109年立法委員選舉,第一次賸餘,1091212,當選後與其公務有關之費用支出,宜華國際股份有限公司,16434853,0.00,3850.00,,,,餐飲費用,金錢,,,,,,,,,
378,林德福,109年立法委員選舉,第一次賸餘,1091212,當選後與其公務有關之費用支出,利吉利商行,72928507,0.00,590.00,,,,餐飲費用,金錢,,,,,,,,,
379,林德福,109年立法委員選舉,第一次賸餘,1091212,當選後與其公務有關之費用支出,八方雲集餐飲股份有限公司,82332528,0.00,1500.00,,,,餐飲費用,金錢,,,,,,,,,
380,林德福,109年立法委員選舉,第一次賸餘,1091213,當選後與其公務有關之費用支出,關山珍享便當店,50680495,0.00,1800.00,,,,餐飲費用,金錢,,,,,,,,,
381,林德福,109年立法委員選舉,第一次賸餘,1091214,當選後與其公務有關之費用支出,悠旅生活事業股份有限公司,42838677,0.00,460.00,,,,餐飲費用,金錢,,,,,,,,,
382,林德福,109年立法委員選舉,第一次賸餘,1091214,當選後與其公務有關之費用支出,誠品生活股份有限公司,53519968,0.00,520.00,,,,文具用品費用,金錢,,,,,,,,,
383,林德福,109年立法委員選舉,第一次賸餘,1091215,當選後與其公務有關之費用支出,泰光視聽器材有限公司,86301461,0.00,46800.00,,,,雜項購置或修繕費用-照相機部,金錢,臺北市中正區****,2312*****,,,,,,,
384,林德福,109年立法委員選舉,第一次賸餘,1091216,當選後與其公務有關之費用支出,成美水果行,01221017,0.00,18810.00,,,,聯誼費用-水果禮盒批,金錢,臺北市中山區****,2506*****,,,,,,,
385,林德福,109年立法委員選舉,第一次賸餘,1091216,當選後與其公務有關之費用支出,台灣福代克思股份有限公司,88092497,0.00,1078.00,,,,餐飲費用,金錢,,,,,,,,,
386,林德福,109年立法委員選舉,第一次賸餘,1091217,當選後與其公務有關之費用支出,馮記上海小館,19757413,0.00,60000.00,,,,餐飲費用,金錢,新北市永和區****,2929*****,,,,,,,
387,林德福,109年立法委員選舉,第一次賸餘,1091217,當選後與其公務有關之費用支出,石涮有限公司,50895307,0.00,3574.00,,,,餐飲費用,金錢,,,,,,,,,
388,林德福,109年立法委員選舉,第一次賸餘,1091218,當選後與其公務有關之費用支出,儀美科技有限公司,27845657,0.00,4721.00,,,,影印費,金錢,臺北市大安區****,2733*****,,,,,,,
389,林德福,109年立法委員選舉,第一次賸餘,1091219,當選後與其公務有關之費用支出,佳麗寶股份有限公司,04897247,0.00,25200.00,,,,雜項購置或修繕費用-電冰箱部,金錢,新北市永和區****,2920*****,,,,,,,
390,林德福,109年立法委員選舉,第一次賸餘,1091219,當選後與其公務有關之費用支出,義美股份有限公司,42842813,0.00,820.00,,,,餐飲費用,金錢,,,,,,,,,
391,林德福,109年立法委員選舉,第一次賸餘,1091219,當選後與其公務有關之費用支出,德安加油站,96907299,0.00,1022.00,,,,油資,金錢,,,,,,,,,
392,林德福,109年立法委員選舉,第一次賸餘,1091221,捐贈教育、文化、公益、慈善機構或團體支出,財團法人門諾社會福利慈善事業基金會,20009253,0.00,30000.00,,,,捐贈教育、文化、公益、慈善機構或團體支出,金錢,花蓮縣花蓮市****,03-8*****,,,,,,,
393,林德福,109年立法委員選舉,第一次賸餘,1091221,當選後與其公務有關之費用支出,台灣大哥大電信股份有限公司,97176270,0.00,199.00,,,,電信費用-台灣大哥大電信費,金錢,,,,,,,,,
394,林德福,109年立法委員選舉,第一次賸餘,1091224,當選後與其公務有關之費用支出,田豆食府,26191588,0.00,3600.00,,,,餐飲費用,金錢,,,,,,,,,
395,林德福,109年立法委員選舉,第一次賸餘,1091225,當選後與其公務有關之費用支出,中華電信股份有限公司,92887342,0.00,499.00,,,,電信費用-中華電信費,金錢,,,,,,,,,
396,林德福,109年立法委員選舉,第一次賸餘,1091228,當選後與其公務有關之費用支出,台灣中油股份有限公司,01489458,0.00,1165.00,,,,油資,金錢,,,,,,,,,
397,林德福,109年立法委員選舉,第一次賸餘,1091228,當選後與其公務有關之費用支出,中華電信股份有限公司,92887342,0.00,313.00,,,,電信費用-中華電信費,金錢,,,,,,,,,
398,林德福,109年立法委員選舉,第一次賸餘,1091230,當選後與其公務有關之費用支出,成美水果行,01221017,0.00,3600.00,,,,餐飲費用-水果批,金錢,臺北市中山區****,2506*****,,,,,,,
399,林德福,109年立法委員選舉,第一次賸餘,1091230,當選後與其公務有關之費用支出,梧椿企業有限公司復興店,77714461,0.00,195.00,,,,餐飲費用,金錢,,,,,,,,,
400,林德福,109年立法委員選舉,第一次賸餘,1091231,當選後與其公務有關之費用支出,佳泓汽球花藝設計坊,15777520,0.00,2400.00,,,,聯誼費用-花籃盆,金錢,新北市永和區****,8923*****,,,,,,,
401,林德福,109年立法委員選舉,第一次賸餘,1091231,當選後與其公務有關之費用支出,林家花苑,66926072,0.00,45400.00,,,,聯誼費用-花籃批,金錢,新北市永和區****,2926*****,,,,,,,
402,林德福,109年立法委員選舉,第一次賸餘,1091231,當選後與其公務有關之費用支出,中華電信股份有限公司,92887342,0.00,1018.00,,,,電信費用-中華電信費,金錢,,,,,,,,,
