﻿序號,擬參選人／政黨,選舉名稱,申報序號／年度,交易日期,收支科目,捐贈者／支出對象,身分證／統一編號,收入金額,支出金額,支出用途,金錢類,地址,聯絡電話,資料更正日期
1,林宗俉,107年縣(市)議員選舉,首次申報,1071017,個人捐贈收入,吳忠信,E10*******,30000.00,0.00,,金錢,高市苓雅區河****,,
2,林宗俉,107年縣(市)議員選舉,首次申報,1071105,營利事業捐贈收入,德京有限公司,45074630,50000.00,0.00,,金錢,屏東縣內埔鄉****,,
3,林宗俉,107年縣(市)議員選舉,首次申報,1071105,營利事業捐贈收入,茂旺企業有限公司,53603769,50000.00,0.00,,金錢,屏東縣內埔鄉****,,
4,林宗俉,107年縣(市)議員選舉,首次申報,1071105,個人捐贈收入,林舒昱,T12*******,100000.00,0.00,,金錢,屏東縣潮州鎮****,,
5,林宗俉,107年縣(市)議員選舉,首次申報,1071108,個人捐贈收入,劉炬妹,,10000.00,0.00,,金錢,屏東縣潮州鎮****,,
6,林宗俉,107年縣(市)議員選舉,首次申報,1071114,營利事業捐贈收入,里山環境整合有限公司,54763953,200000.00,0.00,,金錢,台中市西屯區****,,
7,林宗俉,107年縣(市)議員選舉,首次申報,1071121,營利事業捐贈收入,柯達科技有限公司,27364685,50000.00,0.00,,金錢,台北市中山區****,,
8,林宗俉,107年縣(市)議員選舉,首次申報,1071121,營利事業捐贈收入,潮福餐飲企業股份有限公司,54789074,20000.00,0.00,,金錢,屏東縣潮州鎮****,,
