﻿序號,擬參選人／政黨,選舉名稱,申報序號／年度,交易日期,收支科目,捐贈者／支出對象,身分證／統一編號,收入金額,支出金額,支出用途,金錢類,地址,聯絡電話,資料更正日期
1,蔡旻峰,107年直轄市議員選舉,首次申報,1070601,個人捐贈收入,吳東明,D10*******,90000.00,0.00,,非金錢,臺南市中西區****,,
2,蔡旻峰,107年直轄市議員選舉,首次申報,1070601,個人捐贈收入,陳惠芳,D22*******,10800.00,0.00,,非金錢,臺南市安南區****,,
3,蔡旻峰,107年直轄市議員選舉,首次申報,1070605,個人捐贈收入,郭育志,,168.00,0.00,,金錢,,0938*****,
4,蔡旻峰,107年直轄市議員選舉,首次申報,1070724,個人捐贈收入,張永慶,R12*******,66000.00,0.00,,金錢,臺南市官田區****,,
5,蔡旻峰,107年直轄市議員選舉,首次申報,1070801,個人捐贈收入,龐俊麗,,6250.00,0.00,,非金錢,,0926*****,
6,蔡旻峰,107年直轄市議員選舉,首次申報,1070806,個人捐贈收入,謝佳霖,D12*******,45000.00,0.00,,非金錢,臺南市中西區****,,
7,蔡旻峰,107年直轄市議員選舉,首次申報,1070816,匿名捐贈,匿名1,,1.00,0.00,,金錢,,,
8,蔡旻峰,107年直轄市議員選舉,首次申報,1070827,個人捐贈收入,顏麗恩,,5000.00,0.00,,金錢,,06-2*****,
9,蔡旻峰,107年直轄市議員選舉,首次申報,1070918,個人捐贈收入,楊素娥,T22*******,50000.00,0.00,,金錢,臺南市永康區****,,
10,蔡旻峰,107年直轄市議員選舉,首次申報,1070920,個人捐贈收入,許漢宗,,16800.00,0.00,,金錢,,0927*****,
11,蔡旻峰,107年直轄市議員選舉,首次申報,1070921,個人捐贈收入,龐俊麗,,6250.00,0.00,,非金錢,,0926*****,
12,蔡旻峰,107年直轄市議員選舉,首次申報,1070929,個人捐贈收入,吳幸娥,,20000.00,0.00,,金錢,,0960*****,
13,蔡旻峰,107年直轄市議員選舉,首次申報,1071002,個人捐贈收入,蔡鴻明,,12000.00,0.00,,非金錢,,0919*****,
14,蔡旻峰,107年直轄市議員選舉,首次申報,1071002,個人捐贈收入,方妙賢,R22*******,16500.00,0.00,,非金錢,,0928*****,
15,蔡旻峰,107年直轄市議員選舉,首次申報,1071005,匿名捐贈,匿名2,,1200.00,0.00,,金錢,,,
16,蔡旻峰,107年直轄市議員選舉,首次申報,1071005,個人捐贈收入,方月裡,,1000.00,0.00,,金錢,,0930*****,
17,蔡旻峰,107年直轄市議員選舉,首次申報,1071005,匿名捐贈,匿名10,,1000.00,0.00,,金錢,,,
18,蔡旻峰,107年直轄市議員選舉,首次申報,1071005,個人捐贈收入,蔡瑞勳,,1000.00,0.00,,金錢,,0970*****,
19,蔡旻峰,107年直轄市議員選舉,首次申報,1071006,個人捐贈收入,黃姿融,,500.00,0.00,,金錢,,0930*****,
20,蔡旻峰,107年直轄市議員選舉,首次申報,1071006,個人捐贈收入,蔡儀穎,D22*******,5000.00,0.00,,金錢,,0911*****,
21,蔡旻峰,107年直轄市議員選舉,首次申報,1071006,個人捐贈收入,蔡旻純,D22*******,5000.00,0.00,,金錢,,0910*****,
22,蔡旻峰,107年直轄市議員選舉,首次申報,1071007,匿名捐贈,匿名3,,500.00,0.00,,金錢,,,
23,蔡旻峰,107年直轄市議員選舉,首次申報,1071007,個人捐贈收入,蔡宗霖,,5000.00,0.00,,金錢,,0918*****,
24,蔡旻峰,107年直轄市議員選舉,首次申報,1071008,個人捐贈收入,馮美甄,,1000.00,0.00,,金錢,,0937*****,
25,蔡旻峰,107年直轄市議員選舉,首次申報,1071008,個人捐贈收入,毛聰穎,,2000.00,0.00,,金錢,,0932*****,
26,蔡旻峰,107年直轄市議員選舉,首次申報,1071008,個人捐贈收入,林伯良,,3000.00,0.00,,金錢,,0910*****,
27,蔡旻峰,107年直轄市議員選舉,首次申報,1071008,個人捐贈收入,吳麗娟,,1000.00,0.00,,金錢,,0921*****,
28,蔡旻峰,107年直轄市議員選舉,首次申報,1071008,個人捐贈收入,吳秋萍,,500.00,0.00,,金錢,,0955*****,
29,蔡旻峰,107年直轄市議員選舉,首次申報,1071008,個人捐贈收入,吳惠美,,500.00,0.00,,金錢,,0918*****,
30,蔡旻峰,107年直轄市議員選舉,首次申報,1071008,個人捐贈收入,林秀美,,1000.00,0.00,,金錢,,06-2*****,
31,蔡旻峰,107年直轄市議員選舉,首次申報,1071014,個人捐贈收入,黃麗華,,2000.00,0.00,,金錢,臺南市安南區****,0937*****,
32,蔡旻峰,107年直轄市議員選舉,首次申報,1071014,匿名捐贈,匿名4,,1200.00,0.00,,金錢,,,
33,蔡旻峰,107年直轄市議員選舉,首次申報,1071014,匿名捐贈,匿名5,,1200.00,0.00,,金錢,,,
34,蔡旻峰,107年直轄市議員選舉,首次申報,1071014,匿名捐贈,匿名6,,1000.00,0.00,,金錢,,,
35,蔡旻峰,107年直轄市議員選舉,首次申報,1071014,個人捐贈收入,龐俊麗,,6250.00,0.00,,非金錢,,0926*****,
36,蔡旻峰,107年直轄市議員選舉,首次申報,1071014,個人捐贈收入,陳秋麗,,1000.00,0.00,,金錢,,0934*****,
37,蔡旻峰,107年直轄市議員選舉,首次申報,1071014,個人捐贈收入,王明屏,D12*******,5000.00,0.00,,金錢,臺南市安南區****,0972*****,
38,蔡旻峰,107年直轄市議員選舉,首次申報,1071014,個人捐贈收入,王振興,D12*******,2000.00,0.00,,金錢,臺南市安南區****,0937*****,
39,蔡旻峰,107年直轄市議員選舉,首次申報,1071014,個人捐贈收入,蔡再旺,E12*******,3600.00,0.00,,金錢,臺南市安南區****,0928*****,
40,蔡旻峰,107年直轄市議員選舉,首次申報,1071018,個人捐贈收入,賴玉華,,20000.00,0.00,,金錢,,06-2*****,
41,蔡旻峰,107年直轄市議員選舉,首次申報,1071018,個人捐贈收入,廖建榮,,1000.00,0.00,,金錢,,0931*****,
42,蔡旻峰,107年直轄市議員選舉,首次申報,1071020,個人捐贈收入,陳淑芬,D20*******,25000.00,0.00,,金錢,,,
43,蔡旻峰,107年直轄市議員選舉,首次申報,1071022,個人捐贈收入,龐俊麗,,6250.00,0.00,,非金錢,,0926*****,
44,蔡旻峰,107年直轄市議員選舉,首次申報,1071023,匿名捐贈,匿名7,,2000.00,0.00,,金錢,,,
45,蔡旻峰,107年直轄市議員選舉,首次申報,1071023,匿名捐贈,匿名8,,1000.00,0.00,,金錢,,,
46,蔡旻峰,107年直轄市議員選舉,首次申報,1071024,匿名捐贈,匿名9,,2000.00,0.00,,金錢,,,
47,蔡旻峰,107年直轄市議員選舉,首次申報,1071025,個人捐贈收入,郭松育,,10000.00,0.00,,金錢,,0938*****,
48,蔡旻峰,107年直轄市議員選舉,首次申報,1071025,營利事業捐贈收入,精泓企業社,21630383,5000.00,0.00,,金錢,臺南市安南區****,0931*****,
49,蔡旻峰,107年直轄市議員選舉,首次申報,1071026,個人捐贈收入,張榮礦,,20000.00,0.00,,金錢,臺南市永康區****,06-2*****,
50,蔡旻峰,107年直轄市議員選舉,首次申報,1071031,個人捐贈收入,杜瓊瑤,,10000.00,0.00,,金錢,臺南市安南區****,0909*****,
51,蔡旻峰,107年直轄市議員選舉,首次申報,1071106,個人捐贈收入,曾寶明,,2000.00,0.00,,金錢,臺南市安南區****,0928*****,
52,蔡旻峰,107年直轄市議員選舉,首次申報,1071109,個人捐贈收入,陳明禮,,10000.00,0.00,,金錢,臺南市安定區****,0932*****,
53,蔡旻峰,107年直轄市議員選舉,首次申報,1071117,個人捐贈收入,柯耀翔,D12*******,8000.00,0.00,,非金錢,,,
54,蔡旻峰,107年直轄市議員選舉,首次申報,1071221,其他收入,利息收入,,36.00,0.00,,金錢,,,
