﻿序號,擬參選人／政黨,選舉名稱,申報序號／年度,交易日期,收支科目,捐贈者／支出對象,身分證／統一編號,收入金額,支出金額,支出用途,金錢類,地址,聯絡電話,資料更正日期
1,范振東,107年村(里)長選舉,首次申報,1071101,個人捐贈收入,簡蘆美,H20*******,100000.00,0.00,,金錢,臺北市中正區****,,
2,范振東,107年村(里)長選舉,首次申報,1071102,個人捐贈收入,呂理達,H10*******,100000.00,0.00,,金錢,桃園市龍潭區****,,
3,范振東,107年村(里)長選舉,首次申報,1071113,個人捐贈收入,范佳儀,F22*******,70000.00,0.00,,金錢,新竹縣竹東鎮****,,
4,范振東,107年村(里)長選舉,首次申報,1071119,個人捐贈收入,范佳儀,F22*******,20000.00,0.00,,金錢,新竹縣竹東鎮****,,
