﻿序號,擬參選人／政黨,選舉名稱,申報序號／年度,交易日期,收支科目,捐贈者／支出對象,身分證／統一編號,收入金額,支出金額,捐贈方式,存入專戶日期,返還/繳庫,支出用途,金錢類,地址,聯絡電話,應揭露之支出對象,支出對象之內部人員姓名,支出對象之內部人員職稱,政黨之內部人員姓名,政黨之內部人員職稱,關係,更正註記,資料更正日期
1,李雅慧,111年高雄市議員選舉,首次申報,1110429,個人捐贈收入,吳惠婷,E22*******,5000.00,0.00,匯款,1110429,,,金錢,高雄市左營區****,0982*****,,,,,,,,
2,李雅慧,111年高雄市議員選舉,首次申報,1110507,個人捐贈收入,季建華,H12*******,40000.00,0.00,匯款,1110507,,,金錢,高雄市鼓山區****,0927*****,,,,,,,,
3,李雅慧,111年高雄市議員選舉,首次申報,1110509,個人捐贈收入,黃振諒,M10*******,50000.00,0.00,匯款,1110509,,,金錢,高雄市苓雅區****,0910*****,,,,,,,,
4,李雅慧,111年高雄市議員選舉,首次申報,1110509,個人捐贈收入,李麗滿,P22*******,15000.00,0.00,現金,1110509,,,金錢,高雄市鼓山區****,0922*****,,,,,,,,
5,李雅慧,111年高雄市議員選舉,首次申報,1110512,個人捐贈收入,黃詩毓,E22*******,100000.00,0.00,匯款,1110512,,,金錢,高雄市鼓山區****,0988*****,,,,,,,,
6,李雅慧,111年高雄市議員選舉,首次申報,1110530,個人捐贈收入,季建華,H12*******,20000.00,0.00,匯款,1110530,,,金錢,高雄市鼓山區****,0927*****,,,,,,,,
7,李雅慧,111年高雄市議員選舉,首次申報,1110606,個人捐贈收入,陳素容,S22*******,50000.00,0.00,匯款,1110606,,,金錢,高雄市仁武區****,0908*****,,,,,,,,
8,李雅慧,111年高雄市議員選舉,首次申報,1110621,其他收入,利息收入,,51.00,0.00,匯款,1110621,,,金錢,,,,,,,,,,
9,李雅慧,111年高雄市議員選舉,首次申報,1110707,營利事業捐贈收入,皇鼎生醫科技股份有限公司,85073735,10000.00,0.00,匯款,1110707,已返還,,金錢,高雄市鼓山區****,07-3*****,,,,,,,,
10,李雅慧,111年高雄市議員選舉,首次申報,1110712,個人捐贈收入,蘇毓彬,S12*******,30000.00,0.00,現金,1110712,,,金錢,高雄市左營區****,0982*****,,,,,,,,
11,李雅慧,111年高雄市議員選舉,首次申報,1110713,營利事業捐贈收入,力光建設有限公司,90554754,200000.00,0.00,匯款,1110713,,,金錢,高雄市三民區****,07-3*****,,,,,,,,
12,李雅慧,111年高雄市議員選舉,首次申報,1110715,營利事業捐贈收入,陽明物理治療所,48822309,100000.00,0.00,匯款,1110715,,,金錢,高雄市左營區****,,,,,,,,,
13,李雅慧,111年高雄市議員選舉,首次申報,1110718,營利事業捐贈收入,高詮工程有限公司,24984395,10000.00,0.00,匯款,1110718,,,金錢,高雄市鳳山區****,0770*****,,,,,,,,
14,李雅慧,111年高雄市議員選舉,首次申報,1110718,營利事業捐贈收入,詠揚餐飲設備有限公司,42797492,10000.00,0.00,匯款,1110718,,,金錢,高雄市鳳山區****,,,,,,,,,
15,李雅慧,111年高雄市議員選舉,首次申報,1110718,個人捐贈收入,紀華彥,E12*******,50000.00,0.00,匯款,1110718,,,金錢,高雄市鼓山區****,0921*****,,,,,,,,
16,李雅慧,111年高雄市議員選舉,首次申報,1110718,個人捐贈收入,葉家佑,Q12*******,10000.00,0.00,匯款,1110718,,,金錢,高雄市左營區****,0934*****,,,,,,,,
17,李雅慧,111年高雄市議員選舉,首次申報,1110718,個人捐贈收入,王志文,R12*******,10000.00,0.00,匯款,1110718,,,金錢,臺南市關廟區****,0916*****,,,,,,,,
18,李雅慧,111年高雄市議員選舉,首次申報,1110718,個人捐贈收入,鄭哲仁,T12*******,30000.00,0.00,匯款,1110718,,,金錢,高雄市左營區****,0978*****,,,,,,,,
19,李雅慧,111年高雄市議員選舉,首次申報,1110719,個人捐贈收入,張雅涵,T22*******,50000.00,0.00,匯款,1110719,,,金錢,高雄市左營區****,0908*****,,,,,,,,
20,李雅慧,111年高雄市議員選舉,首次申報,1110721,個人捐贈收入,曾姿縈,T22*******,3000.00,0.00,匯款,1110721,,,金錢,高雄市鼓山區****,0909*****,,,,,,,,
21,李雅慧,111年高雄市議員選舉,首次申報,1110825,個人捐贈收入,馮亦澤,K12*******,100000.00,0.00,,,,,非金錢,高雄市左營區****,,,,,,,,,
22,李雅慧,111年高雄市議員選舉,首次申報,1110905,營利事業捐贈收入,寶山數位整合有限公司,86065494,50000.00,0.00,匯款,1110905,,,金錢,高雄市左營區****,,,,,,,,,
23,李雅慧,111年高雄市議員選舉,首次申報,1110906,營利事業捐贈收入,翔新工程行,38720731,500000.00,0.00,票據,1110913,,,金錢,高雄市岡山區****,0926*****,,,,,,,,
24,李雅慧,111年高雄市議員選舉,首次申報,1110907,營利事業捐贈收入,棋琴建設股份有限公司,28595072,100000.00,0.00,匯款,1110907,,,金錢,高雄市左營區****,,,,,,,,,
25,李雅慧,111年高雄市議員選舉,首次申報,1110909,營利事業捐贈收入,瑞恩消防科技有限公司,24526589,20000.00,0.00,匯款,1110909,,,金錢,高雄市苓雅區****,,,,,,,,,
26,李雅慧,111年高雄市議員選舉,首次申報,1110910,營利事業捐贈收入,洰晟數位智慧整合行銷股份有限公司,90617532,300000.00,0.00,,,,,非金錢,高雄市左營區****,,,,,,,,,
27,李雅慧,111年高雄市議員選舉,首次申報,1110913,個人捐贈收入,翁志宗,E12*******,20000.00,0.00,匯款,1110913,,,金錢,高雄市左營區****,0986*****,,,,,,,,
28,李雅慧,111年高雄市議員選舉,首次申報,1110914,營利事業捐贈收入,威葆有限公司,59293376,20000.00,0.00,匯款,1110914,,,金錢,高雄市三民區****,,,,,,,,,
29,李雅慧,111年高雄市議員選舉,首次申報,1110915,營利事業捐贈收入,小本室內裝修設計有限公司,53599131,10000.00,0.00,匯款,1110915,,,金錢,高雄市新興區****,,,,,,,,,
30,李雅慧,111年高雄市議員選舉,首次申報,1110915,營利事業捐贈收入,高雄市私立容安老人長期照顧中心,72301808,20000.00,0.00,匯款,1110915,,,金錢,高雄市左營區****,,,,,,,,,
31,李雅慧,111年高雄市議員選舉,首次申報,1110916,營利事業捐贈收入,康正旅館股份有限公司,24517462,199970.00,0.00,匯款,1110916,,,金錢,高雄市新興區****,07-7*****,,,,,,,,
32,李雅慧,111年高雄市議員選舉,首次申報,1110916,個人捐贈收入,黃靖如,E22*******,100000.00,0.00,匯款,1110916,已返還,,金錢,高雄市苓雅區****,,,,,,,,,
33,李雅慧,111年高雄市議員選舉,首次申報,1110916,個人捐贈收入,胡麗和,U20*******,100000.00,0.00,匯款,1110916,,,金錢,臺北市北投區****,,,,,,,,,
34,李雅慧,111年高雄市議員選舉,首次申報,1110919,營利事業捐贈收入,順吉位精密工業有限公司,54610134,30000.00,0.00,匯款,1110919,,,金錢,高雄市大社區****,,,,,,,,,
35,李雅慧,111年高雄市議員選舉,首次申報,1110919,個人捐贈收入,翁瑜紋,Q22*******,20000.00,0.00,匯款,1110919,,,金錢,高雄市林園區****,,,,,,,,,
36,李雅慧,111年高雄市議員選舉,首次申報,1110920,個人捐贈收入,蔡欣佑,E12*******,5000.00,0.00,現金,1110920,,,金錢,高雄市左營區****,,,,,,,,,
37,李雅慧,111年高雄市議員選舉,首次申報,1110920,個人捐贈收入,王淑芬,T22*******,10000.00,0.00,匯款,1110920,,,金錢,高雄市鳥松區****,,,,,,,,,
38,李雅慧,111年高雄市議員選舉,首次申報,1110922,營利事業捐贈收入,漢棠企業有限公司,80388715,5000.00,0.00,匯款,1110922,,,金錢,高雄市大社區****,,,,,,,,,
39,李雅慧,111年高雄市議員選舉,首次申報,1110926,個人捐贈收入,楊永忠,A10*******,100000.00,0.00,匯款,1110926,,,金錢,新北市三重區****,,,,,,,,,
40,李雅慧,111年高雄市議員選舉,首次申報,1110926,個人捐贈收入,郭千紅,E22*******,10000.00,0.00,匯款,1110926,,,金錢,高雄市楠梓區****,,,,,,,,,
41,李雅慧,111年高雄市議員選舉,首次申報,1110928,人民團體捐贈收入,社團法人高雄市福州十邑同鄉會,,20000.00,0.00,匯款,1110928,,,金錢,高雄市苓雅區****,0728*****,,,,,,,,
42,李雅慧,111年高雄市議員選舉,首次申報,1110928,個人捐贈收入,黃森田,T12*******,10000.00,0.00,匯款,1110928,,,金錢,高雄市鼓山區****,,,,,,,,,
43,李雅慧,111年高雄市議員選舉,首次申報,1110929,匿名捐贈,癒見好食,,3000.00,0.00,匯款,1110929,,,金錢,,,,,,,,,,
44,李雅慧,111年高雄市議員選舉,首次申報,1110929,營利事業捐贈收入,韋達營造有限公司,53048931,5000.00,0.00,匯款,1110929,,,金錢,高雄市岡山區****,,,,,,,,,
45,李雅慧,111年高雄市議員選舉,首次申報,1110929,營利事業捐贈收入,惠鑫營造有限公司,59110691,10000.00,0.00,匯款,1110929,,,金錢,高雄市楠梓區****,,,,,,,,,
46,李雅慧,111年高雄市議員選舉,首次申報,1110929,個人捐贈收入,郭家駿,E12*******,10000.00,0.00,匯款,1110929,,,金錢,高雄市前鎮區****,,,,,,,,,
47,李雅慧,111年高雄市議員選舉,首次申報,1110930,營利事業捐贈收入,游鐵高空股份有限公司,28285098,150000.00,0.00,匯款,1110930,,,金錢,高雄市楠梓區****,,,,,,,,,
48,李雅慧,111年高雄市議員選舉,首次申報,1110930,個人捐贈收入,高誠材,C12*******,100000.00,0.00,匯款,1110930,,,金錢,臺北市中正區****,,,,,,,,,
49,李雅慧,111年高雄市議員選舉,首次申報,1110930,個人捐贈收入,楊麗敏,F22*******,100000.00,0.00,匯款,1110930,,,金錢,臺北市士林區****,,,,,,,,,
50,李雅慧,111年高雄市議員選舉,首次申報,1110930,個人捐贈收入,沈昌逸,U12*******,100000.00,0.00,匯款,1110930,,,金錢,臺北市北投區****,,,,,,,,,
51,李雅慧,111年高雄市議員選舉,首次申報,1111004,個人捐贈收入,詹文馨,L22*******,2000.00,0.00,匯款,1111004,,,金錢,高雄市仁武區****,,,,,,,,,
52,李雅慧,111年高雄市議員選舉,首次申報,1111005,營利事業捐贈收入,麥神足道養身潮流館,91517949,100000.00,0.00,匯款,1111005,,,金錢,高雄市新興區****,,,,,,,,,
53,李雅慧,111年高雄市議員選舉,首次申報,1111005,營利事業捐贈收入,富旺國際開發股份有限公司,97447647,200000.00,0.00,匯款,1111005,,,金錢,臺中市西區大****,,,,,,,,,
54,李雅慧,111年高雄市議員選舉,首次申報,1111005,個人捐贈收入,楊啟裕,E12*******,1000.00,0.00,匯款,1111005,,,金錢,高雄市左營區****,0920*****,,,,,,,,
55,李雅慧,111年高雄市議員選舉,首次申報,1111005,個人捐贈收入,黃思于,E22*******,100000.00,0.00,匯款,1111005,,,金錢,高雄市鳥松區****,,,,,,,,,
56,李雅慧,111年高雄市議員選舉,首次申報,1111008,個人捐贈收入,張富祥,E12*******,100000.00,0.00,匯款,1111008,,,金錢,高雄市左營區****,0932*****,,,,,,,,
57,李雅慧,111年高雄市議員選舉,首次申報,1111018,匿名捐贈,匿名,,3000.00,0.00,匯款,1111018,,,金錢,,,,,,,,,,
58,李雅慧,111年高雄市議員選舉,首次申報,1111027,匿名捐贈,匿名1,,3000.00,0.00,匯款,1111027,,,金錢,,,,,,,,,,
59,李雅慧,111年高雄市議員選舉,首次申報,1111027,個人捐贈收入,林余珊,P22*******,100000.00,0.00,匯款,1111027,,,金錢,臺北市士林區****,0935*****,,,,,,,,
60,李雅慧,111年高雄市議員選舉,首次申報,1111101,個人捐贈收入,吳文瑛,K22*******,50000.00,0.00,匯款,1111101,,,金錢,臺北市信義區****,,,,,,,,,
61,李雅慧,111年高雄市議員選舉,首次申報,1111101,個人捐贈收入,何旭爵,R12*******,100000.00,0.00,匯款,1111101,,,金錢,臺北市士林區****,0935*****,,,,,,,,
62,李雅慧,111年高雄市議員選舉,首次申報,1111108,營利事業捐贈收入,天運設計工程有限公司,82896722,5000.00,0.00,匯款,1111108,已返還,,金錢,高雄市鳳山區****,,,,,,,,,
63,李雅慧,111年高雄市議員選舉,首次申報,1111111,個人捐贈收入,吳清亮,E10*******,10000.00,0.00,匯款,1111111,,,金錢,高雄市鼓山區****,,,,,,,,,
64,李雅慧,111年高雄市議員選舉,首次申報,1111111,個人捐贈收入,梁曼星,E22*******,10000.00,0.00,匯款,1111111,,,金錢,高雄市苓雅區****,,,,,,,,,
65,李雅慧,111年高雄市議員選舉,首次申報,1111111,個人捐贈收入,黃新郡,Q10*******,10000.00,0.00,匯款,1111111,,,金錢,高雄市苓雅區****,,,,,,,,,
66,李雅慧,111年高雄市議員選舉,首次申報,1111111,個人捐贈收入,王烜霖,R10*******,50000.00,0.00,匯款,1111111,,,金錢,高雄市左營區****,,,,,,,,,
67,李雅慧,111年高雄市議員選舉,首次申報,1111111,個人捐贈收入,謝幸娟,S22*******,10000.00,0.00,現金,1111111,,,金錢,高雄市苓雅區****,,,,,,,,,
68,李雅慧,111年高雄市議員選舉,首次申報,1111111,個人捐贈收入,徐永昌,T12*******,10000.00,0.00,匯款,1111111,,,金錢,高雄市苓雅區****,,,,,,,,,
69,李雅慧,111年高雄市議員選舉,首次申報,1111111,個人捐贈收入,俞挺富,X12*******,10000.00,0.00,匯款,1111111,,,金錢,高雄市左營區****,,,,,,,,,
70,李雅慧,111年高雄市議員選舉,首次申報,1111115,營利事業捐贈收入,高園營造有限公司,16805778,100000.00,0.00,票據,1111115,,,金錢,高雄市前鎮區****,,,,,,,,,
71,李雅慧,111年高雄市議員選舉,首次申報,1111115,營利事業捐贈收入,信銘工業股份有限公司,22667247,100000.00,0.00,匯款,1111115,,,金錢,高雄市大寮區****,,,,,,,,,
72,李雅慧,111年高雄市議員選舉,首次申報,1111116,個人捐贈收入,張仕賢,R12*******,100000.00,0.00,匯款,1111116,,,金錢,臺北市中正區****,0937*****,,,,,,,,
73,李雅慧,111年高雄市議員選舉,首次申報,1111119,個人捐贈收入,戴淑玲,Q22*******,100000.00,0.00,匯款,1111119,,,金錢,高雄市前鎮區****,07-3*****,,,,,,,,
74,李雅慧,111年高雄市議員選舉,首次申報,1111124,匿名捐贈,白米黍,,5000.00,0.00,現金,1111124,,,金錢,,,,,,,,,,
75,李雅慧,111年高雄市議員選舉,首次申報,1111125,匿名捐贈,蔡佳容,,500.00,0.00,匯款,1111125,,,金錢,,,,,,,,,,
76,李雅慧,111年高雄市議員選舉,首次申報,1111125,個人捐贈收入,林再福,R10*******,50000.00,0.00,現金,1111209,,,金錢,高雄市苓雅區****,,,,,,,,,
77,李雅慧,111年高雄市議員選舉,首次申報,1111125,個人捐贈收入,李宗熹,R12*******,50000.00,0.00,現金,1111209,,,金錢,高雄市新興區****,,,,,,,,,
