﻿序號,擬參選人／政黨,選舉名稱,申報序號／年度,交易日期,收支科目,捐贈者／支出對象,身分證／統一編號,收入金額,支出金額,支出用途,金錢類,地址,聯絡電話,資料更正日期
1,謝立功,107年縣(市)長選舉,首次申報,1070515,營利事業捐贈收入,僑樂保全股份有限公司,70451870,200000.00,0.00,,金錢,臺北市信義區****,2732*****,
2,謝立功,107年縣(市)長選舉,首次申報,1070518,匿名捐贈,匿名,,5000.00,0.00,,金錢,,,
3,謝立功,107年縣(市)長選舉,首次申報,1070518,營利事業捐贈收入,基隆市私立長青老人養護中心,17429323,50000.00,0.00,,金錢,基隆市七堵區****,,
4,謝立功,107年縣(市)長選舉,首次申報,1070530,個人捐贈收入,王怡茹,C22*******,100000.00,0.00,,金錢,基隆市仁愛區****,,
5,謝立功,107年縣(市)長選舉,首次申報,1070608,個人捐贈收入,潘振聲,,2000.00,0.00,,金錢,臺北市士林區****,,
6,謝立功,107年縣(市)長選舉,首次申報,1070610,個人捐贈收入,江支文,,6600.00,0.00,,金錢,新北市土城區****,,
7,謝立功,107年縣(市)長選舉,首次申報,1070610,個人捐贈收入,劉本善,,6000.00,0.00,,金錢,臺北市中正區****,,
8,謝立功,107年縣(市)長選舉,首次申報,1070610,個人捐贈收入,林國棟,,6000.00,0.00,,金錢,新北市三重區****,,
9,謝立功,107年縣(市)長選舉,首次申報,1070610,個人捐贈收入,廖明欽,,6000.00,0.00,,金錢,新北市三重區****,,
10,謝立功,107年縣(市)長選舉,首次申報,1070610,個人捐贈收入,陳春梅,,6000.00,0.00,,金錢,新北市樹林區****,,
11,謝立功,107年縣(市)長選舉,首次申報,1070610,個人捐贈收入,許陳玉玟,,6000.00,0.00,,金錢,臺北市信義區****,,
12,謝立功,107年縣(市)長選舉,首次申報,1070610,個人捐贈收入,林漢洲,,6000.00,0.00,,金錢,臺北市大安區****,,
13,謝立功,107年縣(市)長選舉,首次申報,1070610,個人捐贈收入,溫若嵋,,3000.00,0.00,,金錢,臺北市中山區****,,
14,謝立功,107年縣(市)長選舉,首次申報,1070610,個人捐贈收入,林作賢,,2000.00,0.00,,金錢,宜蘭縣羅東鎮****,,
15,謝立功,107年縣(市)長選舉,首次申報,1070610,個人捐贈收入,阮氏玉英,,1000.00,0.00,,金錢,臺北市信義區****,,
16,謝立功,107年縣(市)長選舉,首次申報,1070613,個人捐贈收入,陳柏融,A12*******,100000.00,0.00,,金錢,臺北市信義區****,,
17,謝立功,107年縣(市)長選舉,首次申報,1070613,個人捐贈收入,何國豪,A12*******,100000.00,0.00,,金錢,臺北市信義區****,,
18,謝立功,107年縣(市)長選舉,首次申報,1070613,個人捐贈收入,陳安邦,A12*******,100000.00,0.00,,金錢,臺北市信義區****,,
19,謝立功,107年縣(市)長選舉,首次申報,1070613,個人捐贈收入,王喜臨,A22*******,100000.00,0.00,,金錢,臺北市信義區****,,
20,謝立功,107年縣(市)長選舉,首次申報,1070613,個人捐贈收入,劉燕婷,C22*******,100000.00,0.00,,金錢,臺北市信義區****,,
21,謝立功,107年縣(市)長選舉,首次申報,1070613,個人捐贈收入,段宇恩,C22*******,100000.00,0.00,,金錢,臺北市信義區****,,
22,謝立功,107年縣(市)長選舉,首次申報,1070613,個人捐贈收入,許宏鈞,F10*******,100000.00,0.00,,金錢,臺北市信義區****,,
23,謝立功,107年縣(市)長選舉,首次申報,1070613,個人捐贈收入,陳桂婉,F22*******,100000.00,0.00,,金錢,臺北市信義區****,,
24,謝立功,107年縣(市)長選舉,首次申報,1070613,個人捐贈收入,邱紹鎬,N12*******,100000.00,0.00,,金錢,臺北市信義區****,,
25,謝立功,107年縣(市)長選舉,首次申報,1070613,個人捐贈收入,何仕俊,X12*******,100000.00,0.00,,金錢,臺北市信義區****,,
26,謝立功,107年縣(市)長選舉,首次申報,1070615,匿名捐贈,丁海僑,,2000.00,0.00,,金錢,,,
27,謝立功,107年縣(市)長選舉,首次申報,1070619,匿名捐贈,陳秀英,,3000.00,0.00,,金錢,,,
28,謝立功,107年縣(市)長選舉,首次申報,1070619,個人捐贈收入,陳禾耀,E12*******,100000.00,0.00,,金錢,嘉義市育人路****,,
29,謝立功,107年縣(市)長選舉,首次申報,1070621,其他收入,利息收入,,10.00,0.00,,金錢,,,
30,謝立功,107年縣(市)長選舉,首次申報,1070630,個人捐贈收入,武清台,,2800.00,0.00,,金錢,基隆市七堵區****,0920*****,
31,謝立功,107年縣(市)長選舉,首次申報,1070630,個人捐贈收入,謝辰瑄,,2200.00,0.00,,金錢,基隆市七堵區****,0939*****,
32,謝立功,107年縣(市)長選舉,首次申報,1070701,個人捐贈收入,陳玲美,,500.00,0.00,,金錢,基隆市中正區****,0975*****,
33,謝立功,107年縣(市)長選舉,首次申報,1070701,個人捐贈收入,許國華,,1000.00,0.00,,金錢,臺北市大安區****,0910*****,
34,謝立功,107年縣(市)長選舉,首次申報,1070705,匿名捐贈,蔡啟政,,3000.00,0.00,,金錢,,,
35,謝立功,107年縣(市)長選舉,首次申報,1070707,個人捐贈收入,林景榮,R12*******,100000.00,0.00,,金錢,臺南市永康區****,0933*****,
36,謝立功,107年縣(市)長選舉,首次申報,1070712,匿名捐贈,匿名,,1000.00,0.00,,金錢,,,
37,謝立功,107年縣(市)長選舉,首次申報,1070726,個人捐贈收入,陳金潮,,3500.00,0.00,,非金錢,基隆市信義區****,,
38,謝立功,107年縣(市)長選舉,首次申報,1070727,個人捐贈收入,王信恩,C10*******,50000.00,0.00,,金錢,基隆市仁愛區****,,
39,謝立功,107年縣(市)長選舉,首次申報,1070727,個人捐贈收入,方洋洲,F10*******,50000.00,0.00,,金錢,基隆市信義區****,,
40,謝立功,107年縣(市)長選舉,首次申報,1070810,匿名捐贈,林寶英,,200.00,0.00,,金錢,,,
41,謝立功,107年縣(市)長選舉,首次申報,1070813,人民團體捐贈收入,基隆市報驗商業同業公會,,30000.00,0.00,,金錢,基隆市仁愛區****,2428*****,
42,謝立功,107年縣(市)長選舉,首次申報,1070814,個人捐贈收入,陳賜陸,,30000.00,0.00,,金錢,,0935*****,
43,謝立功,107年縣(市)長選舉,首次申報,1070815,營利事業捐贈收入,吉順報關行,98103613,30000.00,0.00,,金錢,,,
44,謝立功,107年縣(市)長選舉,首次申報,1070815,個人捐贈收入,鄭廣志,C12*******,50000.00,0.00,,金錢,基隆市安樂區****,,
45,謝立功,107年縣(市)長選舉,首次申報,1070821,個人捐贈收入,洪團樟,Q10*******,30000.00,0.00,,金錢,臺北市中山區****,,
46,謝立功,107年縣(市)長選舉,首次申報,1070830,個人捐贈收入,鄭嘯冬,C12*******,10000.00,0.00,,金錢,臺北市大安區****,,
47,謝立功,107年縣(市)長選舉,首次申報,1070903,匿名捐贈,匿名,,1000.00,0.00,,金錢,,,
48,謝立功,107年縣(市)長選舉,首次申報,1070905,個人捐贈收入,廖雪鳳,N20*******,10000.00,0.00,,金錢,新北市中和區****,0936*****,
49,謝立功,107年縣(市)長選舉,首次申報,1070910,個人捐贈收入,楊秀珍,,2000.00,0.00,,金錢,臺北市內湖區****,,
50,謝立功,107年縣(市)長選舉,首次申報,1070912,個人捐贈收入,陳宏義,C10*******,50000.00,0.00,,金錢,基隆市信義區****,,
51,謝立功,107年縣(市)長選舉,首次申報,1070912,個人捐贈收入,丁大明,C12*******,50000.00,0.00,,金錢,基隆市信義區****,,
52,謝立功,107年縣(市)長選舉,首次申報,1070923,個人捐贈收入,陳駿璿,,6800.00,0.00,,金錢,,0928*****,
53,謝立功,107年縣(市)長選舉,首次申報,1070925,個人捐贈收入,林廷芳,A12*******,100000.00,0.00,,金錢,臺北市中正區****,2708*****,
54,謝立功,107年縣(市)長選舉,首次申報,1070927,匿名捐贈,匿名,,200.00,0.00,,金錢,,,
55,謝立功,107年縣(市)長選舉,首次申報,1070928,個人捐贈收入,高天平,,20000.00,0.00,,金錢,基隆市信義區****,,
56,謝立功,107年縣(市)長選舉,首次申報,1070928,個人捐贈收入,陳毅澤,,20000.00,0.00,,金錢,基隆市信義區****,,
57,謝立功,107年縣(市)長選舉,首次申報,1070928,個人捐贈收入,吳永清,,20000.00,0.00,,金錢,基隆市信義區****,,
58,謝立功,107年縣(市)長選舉,首次申報,1070928,個人捐贈收入,黃世明,,10000.00,0.00,,金錢,基隆市信義區****,,
59,謝立功,107年縣(市)長選舉,首次申報,1070928,個人捐贈收入,詹孟儒,,10000.00,0.00,,金錢,基隆市信義區****,,
60,謝立功,107年縣(市)長選舉,首次申報,1070928,個人捐贈收入,曾建興,,10000.00,0.00,,金錢,基隆市信義區****,,
61,謝立功,107年縣(市)長選舉,首次申報,1070928,個人捐贈收入,丘炳坤,,10000.00,0.00,,金錢,基隆市信義區****,,
62,謝立功,107年縣(市)長選舉,首次申報,1070928,個人捐贈收入,陳翔雲,,10000.00,0.00,,金錢,基隆市信義區****,,
63,謝立功,107年縣(市)長選舉,首次申報,1070928,個人捐贈收入,莊虔宗,,20000.00,0.00,,金錢,基隆市信義區****,,
64,謝立功,107年縣(市)長選舉,首次申報,1070928,個人捐贈收入,曹根旺,,10000.00,0.00,,金錢,基隆市仁愛區****,,
65,謝立功,107年縣(市)長選舉,首次申報,1070928,個人捐贈收入,桑天佑,,10000.00,0.00,,金錢,臺中市西屯區****,,
66,謝立功,107年縣(市)長選舉,首次申報,1070928,個人捐贈收入,詹德恩,,15000.00,0.00,,金錢,新北市三峽區****,,
67,謝立功,107年縣(市)長選舉,首次申報,1070928,匿名捐贈,藥師公會,,1200.00,0.00,,金錢,,,
68,謝立功,107年縣(市)長選舉,首次申報,1070928,個人捐贈收入,張德輝,F10*******,20000.00,0.00,,金錢,臺北市大安區****,,
69,謝立功,107年縣(市)長選舉,首次申報,1071001,匿名捐贈,駱秉謙,,2000.00,0.00,,金錢,,,
70,謝立功,107年縣(市)長選舉,首次申報,1071001,匿名捐贈,駱伸榮,,10000.00,0.00,,金錢,,,
71,謝立功,107年縣(市)長選舉,首次申報,1071001,營利事業捐贈收入,鎮洲裝卸股份有限公司,97399981,15000.00,0.00,,金錢,,,
72,謝立功,107年縣(市)長選舉,首次申報,1071002,匿名捐贈,饒克儉,,3000.00,0.00,,金錢,,,
73,謝立功,107年縣(市)長選舉,首次申報,1071002,匿名捐贈,沈品文,,3000.00,0.00,,金錢,,,
74,謝立功,107年縣(市)長選舉,首次申報,1071002,個人捐贈收入,吳洪文,,1000.00,0.00,,金錢,基隆市信義區****,2466*****,
75,謝立功,107年縣(市)長選舉,首次申報,1071002,個人捐贈收入,簡曉東,,3000.00,0.00,,金錢,,0935*****,
76,謝立功,107年縣(市)長選舉,首次申報,1071002,個人捐贈收入,張鏘祈,F10*******,30000.00,0.00,,金錢,臺北市內湖區****,,
77,謝立功,107年縣(市)長選舉,首次申報,1071004,個人捐贈收入,駱智民,,30000.00,0.00,,金錢,基隆市仁愛區****,0937*****,
78,謝立功,107年縣(市)長選舉,首次申報,1071005,匿名捐贈,王仲雲,,1000.00,0.00,,金錢,,,
79,謝立功,107年縣(市)長選舉,首次申報,1071007,個人捐贈收入,林宣,,6000.00,0.00,,金錢,基隆市暖暖區****,,
80,謝立功,107年縣(市)長選舉,首次申報,1071008,個人捐贈收入,陳清風,C10*******,12000.00,0.00,,金錢,基隆市中正區****,,
81,謝立功,107年縣(市)長選舉,首次申報,1071009,營利事業捐贈收入,樺台通運股份有限公司,86688653,25000.00,0.00,,金錢,基隆市仁愛區****,,
82,謝立功,107年縣(市)長選舉,首次申報,1071010,個人捐贈收入,駱宜安,,20000.00,0.00,,金錢,桃園市龜山區****,0935*****,
83,謝立功,107年縣(市)長選舉,首次申報,1071010,個人捐贈收入,陳益民,C10*******,10000.00,0.00,,金錢,臺北市南港區****,0939*****,
84,謝立功,107年縣(市)長選舉,首次申報,1071011,人民團體捐贈收入,社團法人高雄市駱姓宗親會,,20000.00,0.00,,金錢,高雄市鹽埕區****,5211*****,
85,謝立功,107年縣(市)長選舉,首次申報,1071012,個人捐贈收入,詹漢津,J10*******,1000.00,0.00,,金錢,基隆市信義區****,,
86,謝立功,107年縣(市)長選舉,首次申報,1071013,匿名捐贈,匿名,,5000.00,0.00,,金錢,,,
87,謝立功,107年縣(市)長選舉,首次申報,1071013,匿名捐贈,匿名,,10000.00,0.00,,金錢,,,
88,謝立功,107年縣(市)長選舉,首次申報,1071013,匿名捐贈,匿名,,10000.00,0.00,,金錢,,,
89,謝立功,107年縣(市)長選舉,首次申報,1071013,匿名捐贈,匿名,,10000.00,0.00,,金錢,,,
90,謝立功,107年縣(市)長選舉,首次申報,1071013,匿名捐贈,匿名,,10000.00,0.00,,金錢,,,
91,謝立功,107年縣(市)長選舉,首次申報,1071014,個人捐贈收入,謝辰瑄,,2200.00,0.00,,金錢,基隆市七堵區****,,
92,謝立功,107年縣(市)長選舉,首次申報,1071014,個人捐贈收入,逢蓓蓓,C20*******,10000.00,0.00,,金錢,臺北市大安區****,,
93,謝立功,107年縣(市)長選舉,首次申報,1071015,個人捐贈收入,林琇琬,,2000.00,0.00,,金錢,基隆市仁愛區****,,
94,謝立功,107年縣(市)長選舉,首次申報,1071016,個人捐贈收入,尤新吉,C10*******,5000.00,0.00,,金錢,基隆市信義區****,,
95,謝立功,107年縣(市)長選舉,首次申報,1071016,個人捐贈收入,陸瑛中,C12*******,20000.00,0.00,,金錢,基隆市暖暖區****,,
96,謝立功,107年縣(市)長選舉,首次申報,1071016,個人捐贈收入,李金龍,C12*******,2000.00,0.00,,金錢,新北市淡水區****,,
97,謝立功,107年縣(市)長選舉,首次申報,1071016,個人捐贈收入,虞和華,C12*******,2000.00,0.00,,金錢,基隆市仁愛區****,,
98,謝立功,107年縣(市)長選舉,首次申報,1071016,個人捐贈收入,吳意通,L12*******,2000.00,0.00,,金錢,基隆市安樂區****,,
99,謝立功,107年縣(市)長選舉,首次申報,1071016,個人捐贈收入,陳世泳,L12*******,2000.00,0.00,,金錢,基隆市信義區****,,
100,謝立功,107年縣(市)長選舉,首次申報,1071017,營利事業捐贈收入,基隆金寶塔建設開發股份有限公司,80401359,100000.00,0.00,,金錢,基隆市仁愛區****,,
101,謝立功,107年縣(市)長選舉,首次申報,1071019,個人捐贈收入,馮桃葉,,1000.00,0.00,,金錢,臺北市中正區****,2367*****,
102,謝立功,107年縣(市)長選舉,首次申報,1071019,營利事業捐贈收入,基隆第一信用合作社,00280902,150000.00,0.00,,金錢,基隆市中正區****,,
103,謝立功,107年縣(市)長選舉,首次申報,1071025,個人捐贈收入,李宜娟,A22*******,26000.00,0.00,,金錢,,0939*****,
104,謝立功,107年縣(市)長選舉,首次申報,1071028,個人捐贈收入,黃炎東,T10*******,8000.00,0.00,,金錢,臺北市大安區****,0910*****,
105,謝立功,107年縣(市)長選舉,首次申報,1071030,匿名捐贈,匿名,,1000.00,0.00,,金錢,,,
106,謝立功,107年縣(市)長選舉,首次申報,1071030,匿名捐贈,匿名,,800.00,0.00,,金錢,,,
107,謝立功,107年縣(市)長選舉,首次申報,1071030,匿名捐贈,王博恩,,10000.00,0.00,,金錢,,,
108,謝立功,107年縣(市)長選舉,首次申報,1071102,匿名捐贈,匿名,,2000.00,0.00,,金錢,,,
109,謝立功,107年縣(市)長選舉,首次申報,1071102,個人捐贈收入,吳麗琴,,20000.00,0.00,,金錢,,2465*****,
110,謝立功,107年縣(市)長選舉,首次申報,1071102,個人捐贈收入,陳冠宇,A12*******,100000.00,0.00,,金錢,新北市永和區****,,
111,謝立功,107年縣(市)長選舉,首次申報,1071103,個人捐贈收入,王麗文,,2000.00,0.00,,金錢,,0935*****,
112,謝立功,107年縣(市)長選舉,首次申報,1071103,個人捐贈收入,李宜娟,A22*******,30000.00,0.00,,金錢,,,
113,謝立功,107年縣(市)長選舉,首次申報,1071103,個人捐贈收入,李宜娟,A22*******,30000.00,0.00,,金錢,,0939*****,
114,謝立功,107年縣(市)長選舉,首次申報,1071104,個人捐贈收入,陳秀菊,,2200.00,0.00,,金錢,基隆市七堵區****,,
115,謝立功,107年縣(市)長選舉,首次申報,1071105,個人捐贈收入,李騫,C10*******,2000.00,0.00,,金錢,基隆市暖暖區****,2456*****,
116,謝立功,107年縣(市)長選舉,首次申報,1071106,匿名捐贈,匿名,,6000.00,0.00,,金錢,,,
117,謝立功,107年縣(市)長選舉,首次申報,1071106,匿名捐贈,匿名,,10000.00,0.00,,金錢,,,
118,謝立功,107年縣(市)長選舉,首次申報,1071108,個人捐贈收入,鮑進發,,1000.00,0.00,,金錢,基隆市信義區****,0925*****,
119,謝立功,107年縣(市)長選舉,首次申報,1071108,匿名捐贈,吳基敏,,1000.00,0.00,,金錢,,,
120,謝立功,107年縣(市)長選舉,首次申報,1071108,個人捐贈收入,林國興,C12*******,100000.00,0.00,,金錢,基隆市暖暖區****,,
121,謝立功,107年縣(市)長選舉,首次申報,1071108,個人捐贈收入,簡美玲,C22*******,100000.00,0.00,,金錢,基隆市仁愛區****,,
122,謝立功,107年縣(市)長選舉,首次申報,1071116,匿名捐贈,羅忠穩,,10000.00,0.00,,金錢,,,
123,謝立功,107年縣(市)長選舉,首次申報,1071116,個人捐贈收入,游同仁,J12*******,100000.00,0.00,,金錢,桃園市楊梅區****,0937*****,
124,謝立功,107年縣(市)長選舉,首次申報,1071121,個人捐贈收入,洪圓明,,2000.00,0.00,,金錢,基隆市中山區****,,
125,謝立功,107年縣(市)長選舉,首次申報,1071121,匿名捐贈,匿名,,200.00,0.00,,金錢,,,
126,謝立功,107年縣(市)長選舉,首次申報,1071121,匿名捐贈,匿名,,10000.00,0.00,,金錢,,,
127,謝立功,107年縣(市)長選舉,首次申報,1071121,匿名捐贈,匿名,,10000.00,0.00,,金錢,,,
128,謝立功,107年縣(市)長選舉,首次申報,1071121,匿名捐贈,匿名,,10000.00,0.00,,金錢,,,
129,謝立功,107年縣(市)長選舉,首次申報,1071121,個人捐贈收入,黃昭群,C12*******,60000.00,0.00,,金錢,臺北市南港區****,0921*****,
130,謝立功,107年縣(市)長選舉,首次申報,1071123,營利事業捐贈收入,儀隊股份有限公司,53912759,83400.00,0.00,,非金錢,臺北市中山區****,,
131,謝立功,107年縣(市)長選舉,首次申報,1071221,其他收入,利息收入,,36.00,0.00,,金錢,,,
