﻿序號,擬參選人／政黨,選舉名稱,申報序號／年度,交易日期,收支科目,捐贈者／支出對象,身分證／統一編號,收入金額,支出金額,捐贈方式,存入專戶日期,返還/繳庫,支出用途,金錢類,地址,聯絡電話,應揭露之支出對象,支出對象之內部人員姓名,支出對象之內部人員職稱,政黨之內部人員姓名,政黨之內部人員職稱,關係,更正註記,資料更正日期
1,哈尼．噶照HANI KACAW,111年花蓮縣議員選舉,首次申報,1111006,營利事業捐贈收入,磊鋼股份有限公司,54104299,10000.00,0.00,匯款,1111006,,,金錢,桃園市桃園區****,0910*****,,,,,,,,
2,哈尼．噶照HANI KACAW,111年花蓮縣議員選舉,首次申報,1111008,個人捐贈收入,張素珠,U22*******,3000.00,0.00,現金,1111008,,,金錢,,,,,,,,,,
3,哈尼．噶照HANI KACAW,111年花蓮縣議員選舉,首次申報,1111009,營利事業捐贈收入,大心起重有限公司,85104054,6000.00,0.00,現金,1111009,已返還,,金錢,,,,,,,,,,
4,哈尼．噶照HANI KACAW,111年花蓮縣議員選舉,首次申報,1111013,個人捐贈收入,王耀中,,30000.00,0.00,匯款,1111013,,,金錢,花蓮縣吉安鄉****,,,,,,,,,
5,哈尼．噶照HANI KACAW,111年花蓮縣議員選舉,首次申報,1111017,匿名捐贈,匿名1,,9999.00,0.00,現金,1111017,,,金錢,,,,,,,,,,
6,哈尼．噶照HANI KACAW,111年花蓮縣議員選舉,首次申報,1111122,匿名捐贈,匿名2,,2000.00,0.00,匯款,1111122,,,金錢,,,,,,,,,,
