﻿序號,擬參選人／政黨,選舉名稱,申報序號／年度,交易日期,收支科目,捐贈者／支出對象,身分證／統一編號,收入金額,支出金額,捐贈方式,存入專戶日期,返還/繳庫,支出用途,金錢類,地址,聯絡電話,應揭露之支出對象,支出對象之內部人員姓名,支出對象之內部人員職稱,政黨之內部人員姓名,政黨之內部人員職稱,關係,更正註記,資料更正日期
1,江啟臣,113年立法委員選舉,首次申報,1120529,個人捐贈收入,張如茵,B22*******,100000.00,0.00,票據,1120530,,,金錢,臺中市北區忠****,04-2*****,,,,,,,,
2,江啟臣,113年立法委員選舉,首次申報,1120529,個人捐贈收入,張健均,E10*******,100000.00,0.00,票據,1120530,,,金錢,臺中市北區忠****,04-2*****,,,,,,,,
3,江啟臣,113年立法委員選舉,首次申報,1120529,個人捐贈收入,余慧敏,E22*******,100000.00,0.00,票據,1120530,,,金錢,臺中市北區五****,04-2*****,,,,,,,,
4,江啟臣,113年立法委員選舉,首次申報,1120529,個人捐贈收入,王堅志,G12*******,100000.00,0.00,票據,1120530,,,金錢,臺中市南屯區****,04-2*****,,,,,,,,
5,江啟臣,113年立法委員選舉,首次申報,1120529,個人捐贈收入,林世榮,U12*******,100000.00,0.00,票據,1120530,,,金錢,臺中市北屯區****,04-2*****,,,,,,,,
6,江啟臣,113年立法委員選舉,首次申報,1120602,營利事業捐贈收入,台灣電音股份有限公司,22970607,10000.00,0.00,現金,1120602,,,金錢,臺中市北屯區****,,,,,,,,,
7,江啟臣,113年立法委員選舉,首次申報,1120621,其他收入,利息收入,,193.00,0.00,匯款,1120621,,,金錢,,,,,,,,,,
8,江啟臣,113年立法委員選舉,首次申報,1120706,營利事業捐贈收入,美冠皮件有限公司,12892012,100000.00,0.00,現金,1120706,已返還,,金錢,臺中市中區民****,,,,,,,,,
9,江啟臣,113年立法委員選舉,首次申報,1120706,個人捐贈收入,楊光友,A12*******,100000.00,0.00,現金,1120706,,,金錢,新北市林口區****,0989*****,,,,,,,,
10,江啟臣,113年立法委員選舉,首次申報,1120706,個人捐贈收入,程執中,T12*******,100000.00,0.00,現金,1120706,,,金錢,臺北市南港區****,0932*****,,,,,,,,
11,江啟臣,113年立法委員選舉,首次申報,1120717,個人捐贈收入,歐嘉文,L12*******,30000.00,0.00,現金,1120717,,,金錢,臺中市豐原區****,0928*****,,,,,,,,
12,江啟臣,113年立法委員選舉,首次申報,1120807,個人捐贈收入,杜大森,L12*******,100000.00,0.00,現金,1120807,,,金錢,臺中市豐原區****,04-2*****,,,,,,,,
13,江啟臣,113年立法委員選舉,首次申報,1120807,個人捐贈收入,杜靜華,L22*******,100000.00,0.00,現金,1120807,,,金錢,臺中市豐原區****,0955*****,,,,,,,,
14,江啟臣,113年立法委員選舉,首次申報,1120807,個人捐贈收入,杜靜宜,L22*******,100000.00,0.00,現金,1120807,,,金錢,臺中市豐原區****,0916*****,,,,,,,,
15,江啟臣,113年立法委員選舉,首次申報,1120815,營利事業捐贈收入,鑫捷科技股份有限公司,24360715,100000.00,0.00,匯款,1120815,,,金錢,臺中市西屯區****,,,,,,,,,
16,江啟臣,113年立法委員選舉,首次申報,1120816,個人捐贈收入,陳恩禎,L12*******,100000.00,0.00,現金,1120816,,,金錢,臺中市神岡區****,,,,,,,,,
17,江啟臣,113年立法委員選舉,首次申報,1120817,個人捐贈收入,張義和,L12*******,100000.00,0.00,匯款,1120817,,,金錢,臺中市豐原區****,0933*****,,,,,,,,
18,江啟臣,113年立法委員選舉,首次申報,1120901,個人捐贈收入,林晉頡,B12*******,100000.00,0.00,現金,1120901,,,金錢,臺中市西屯區****,,,,,,,,,
19,江啟臣,113年立法委員選舉,首次申報,1120901,個人捐贈收入,周志建,B12*******,100000.00,0.00,現金,1120901,,,金錢,臺中市太平區****,,,,,,,,,
20,江啟臣,113年立法委員選舉,首次申報,1120901,個人捐贈收入,周思源,J10*******,100000.00,0.00,現金,1120901,,,金錢,臺中市北區篤****,,,,,,,,,
21,江啟臣,113年立法委員選舉,首次申報,1120901,個人捐贈收入,劉金明,U12*******,100000.00,0.00,現金,1120901,,,金錢,臺中市北屯區****,,,,,,,,,
22,江啟臣,113年立法委員選舉,首次申報,1120905,個人捐贈收入,陳孟邦,A12*******,20000.00,0.00,匯款,1120905,,,金錢,臺中市豐原區****,,,,,,,,,
23,江啟臣,113年立法委員選舉,首次申報,1120906,營利事業捐贈收入,宏和漁業股份有限公司,53584242,80000.00,0.00,票據,1120915,,,金錢,高雄市苓雅區****,,,,,,,,,
24,江啟臣,113年立法委員選舉,首次申報,1120906,營利事業捐贈收入,宏函漁業股份有限公司,54217147,80000.00,0.00,票據,1120915,,,金錢,高雄市苓雅區****,,,,,,,,,
25,江啟臣,113年立法委員選舉,首次申報,1120906,營利事業捐贈收入,海原晟股份有限公司,54620105,500000.00,0.00,票據,1120911,已返還,,金錢,高雄市前鎮區****,07-8*****,,,,,,,,
26,江啟臣,113年立法委員選舉,首次申報,1120906,個人捐贈收入,簡士家,M12*******,50000.00,0.00,現金,1120906,,,金錢,臺中市豐原區****,0933*****,,,,,,,,
27,江啟臣,113年立法委員選舉,首次申報,1120906,個人捐贈收入,林漢珄,T12*******,100000.00,0.00,票據,1120915,,,金錢,高雄市前鎮區****,,,,,,,,,
28,江啟臣,113年立法委員選舉,首次申報,1120906,個人捐贈收入,徐麗月,T20*******,100000.00,0.00,票據,1120915,,,金錢,高雄市前鎮區****,,,,,,,,,
29,江啟臣,113年立法委員選舉,首次申報,1120914,匿名捐贈,匿名黃小姐,,1000.00,0.00,現金,1120914,,,金錢,,,,,,,,,,
30,江啟臣,113年立法委員選舉,首次申報,1120918,個人捐贈收入,江銘欽,L12*******,10000.00,0.00,匯款,1120918,,,金錢,臺中市豐原區****,0988*****,,,,,,,,
31,江啟臣,113年立法委員選舉,首次申報,1120918,個人捐贈收入,陳瑞敏,L22*******,100000.00,0.00,現金,1120919,,,金錢,臺中市神岡區****,0933*****,,,,,,,,
32,江啟臣,113年立法委員選舉,首次申報,1120919,個人捐贈收入,莊慧盈,L22*******,100000.00,0.00,現金,1120919,,,金錢,臺中市神岡區****,0978*****,,,,,,,,
33,江啟臣,113年立法委員選舉,首次申報,1120922,個人捐贈收入,莊永豐,L12*******,100000.00,0.00,現金,1120922,,,金錢,臺中市豐原區****,0933*****,,,,,,,,
34,江啟臣,113年立法委員選舉,首次申報,1120922,個人捐贈收入,莊永裕,L12*******,100000.00,0.00,現金,1120922,,,金錢,臺中市豐原區****,0933*****,,,,,,,,
35,江啟臣,113年立法委員選舉,首次申報,1120925,政黨捐贈收入,中國國民黨,政黨證字第1號,300000.00,0.00,票據,1120927,,,金錢,台北市中山區****,(02)*****,,,,,,,,
36,江啟臣,113年立法委員選舉,首次申報,1120928,個人捐贈收入,王正松,L12*******,100000.00,0.00,現金,1120928,,,金錢,臺中市新社區****,0933*****,,,,,,,,
37,江啟臣,113年立法委員選舉,首次申報,1121006,個人捐贈收入,李國維,A12*******,100000.00,0.00,現金,1121006,,,金錢,新北市板橋區****,0910*****,,,,,,,,
38,江啟臣,113年立法委員選舉,首次申報,1121006,個人捐贈收入,黃韋智,A12*******,100000.00,0.00,現金,1121006,,,金錢,臺北市大安區****,0939*****,,,,,,,,
39,江啟臣,113年立法委員選舉,首次申報,1121006,個人捐贈收入,廖尾,A22*******,100000.00,0.00,現金,1121006,,,金錢,新北市土城區****,0937*****,,,,,,,,
40,江啟臣,113年立法委員選舉,首次申報,1121006,個人捐贈收入,馬詠睿,F12*******,100000.00,0.00,現金,1121006,,,金錢,臺北市內湖區****,0932*****,,,,,,,,
41,江啟臣,113年立法委員選舉,首次申報,1121006,個人捐贈收入,楊建國,H10*******,100000.00,0.00,現金,1121006,,,金錢,桃園市桃園區****,0932*****,,,,,,,,
42,江啟臣,113年立法委員選舉,首次申報,1121011,營利事業捐贈收入,常春藤生技股份有限公司,28744158,350000.00,0.00,匯款,1121011,,,金錢,桃園市中壢區****,03-4*****,,,,,,,,
43,江啟臣,113年立法委員選舉,首次申報,1121011,營利事業捐贈收入,百林物流股份有限公司,69548124,350000.00,0.00,匯款,1121011,,,金錢,桃園市中壢區****,03-4*****,,,,,,,,
44,江啟臣,113年立法委員選舉,首次申報,1121012,營利事業捐贈收入,大樹醫藥股份有限公司,12803476,300000.00,0.00,匯款,1121012,,,金錢,桃園市桃園區****,03-4*****,,,,,,,,
45,江啟臣,113年立法委員選舉,首次申報,1121012,營利事業捐贈收入,金沅興興業有限公司,89690041,50000.00,0.00,票據,1121013,,,金錢,臺中市潭子區****,04-2*****,,,,,,,,
46,江啟臣,113年立法委員選舉,首次申報,1121016,營利事業捐贈收入,尚廣電器有限公司,28025615,50000.00,0.00,現金,1121016,,,金錢,臺中市豐原區****,04-2*****,,,,,,,,
47,江啟臣,113年立法委員選舉,首次申報,1121020,個人捐贈收入,羅世富,B12*******,100000.00,0.00,現金,1121020,,,金錢,臺中市豐原區****,0921*****,,,,,,,,
48,江啟臣,113年立法委員選舉,首次申報,1121020,個人捐贈收入,劉惠婷,B22*******,100000.00,0.00,現金,1121020,,,金錢,臺中市豐原區****,0917*****,,,,,,,,
49,江啟臣,113年立法委員選舉,首次申報,1121026,個人捐贈收入,吳六合,L12*******,100000.00,0.00,匯款,1121026,,,金錢,臺中市西屯區****,04-2*****,,,,,,,,
50,江啟臣,113年立法委員選舉,首次申報,1121026,個人捐贈收入,施昀廷,N12*******,100000.00,0.00,現金,1121026,,,金錢,臺中市南屯區****,0963*****,,,,,,,,
51,江啟臣,113年立法委員選舉,首次申報,1121026,個人捐贈收入,施秀麗,N20*******,100000.00,0.00,現金,1121026,,,金錢,彰化縣秀水鄉****,0963*****,,,,,,,,
52,江啟臣,113年立法委員選舉,首次申報,1121026,個人捐贈收入,施品溱,N22*******,100000.00,0.00,現金,1121026,,,金錢,臺中市南屯區****,0963*****,,,,,,,,
53,江啟臣,113年立法委員選舉,首次申報,1121026,個人捐贈收入,孫士涵,S20*******,100000.00,0.00,現金,1121026,,,金錢,臺中市西屯區****,0921*****,,,,,,,,
54,江啟臣,113年立法委員選舉,首次申報,1121027,營利事業捐贈收入,縱德投資有限公司,53089192,500000.00,0.00,匯款,1121027,,,金錢,臺北市信義區****,,,,,,,,,
55,江啟臣,113年立法委員選舉,首次申報,1121027,個人捐贈收入,林若蘋,B22*******,100000.00,0.00,匯款,1121027,,,金錢,臺中市太平區****,0911*****,,,,,,,,
56,江啟臣,113年立法委員選舉,首次申報,1121027,個人捐贈收入,林基煌,T12*******,100000.00,0.00,匯款,1121027,,,金錢,臺中市太平區****,0935*****,,,,,,,,
57,江啟臣,113年立法委員選舉,首次申報,1121030,個人捐贈收入,廖子逸,L12*******,100000.00,0.00,現金,1121030,,,金錢,臺中市新社區****,04-2*****,,,,,,,,
58,江啟臣,113年立法委員選舉,首次申報,1121030,個人捐贈收入,廖子儀,L12*******,100000.00,0.00,現金,1121030,,,金錢,臺中市新社區****,04-2*****,,,,,,,,
59,江啟臣,113年立法委員選舉,首次申報,1121030,個人捐贈收入,許慶芳,L12*******,26000.00,0.00,現金,1121030,,,金錢,臺中市豐原區****,04-2*****,,,,,,,,
60,江啟臣,113年立法委員選舉,首次申報,1121031,營利事業捐贈收入,明椿電氣機械股份有限公司,23367774,24000.00,0.00,,,,,非金錢,臺中市大里區****,04-2*****,,,,,,,,
61,江啟臣,113年立法委員選舉,首次申報,1121031,營利事業捐贈收入,建發加油站有限公司,28334289,100000.00,0.00,票據,1121101,,,金錢,臺中市梧棲區****,04-2*****,,,,,,,,
62,江啟臣,113年立法委員選舉,首次申報,1121031,個人捐贈收入,賴立彪,R12*******,100000.00,0.00,匯款,1121031,,,金錢,臺中市南屯區****,0932*****,,,,,,,,
63,江啟臣,113年立法委員選舉,首次申報,1121031,個人捐贈收入,李靜慧,S22*******,100000.00,0.00,匯款,1121031,,,金錢,臺中市南屯區****,,,,,,,,,
64,江啟臣,113年立法委員選舉,首次申報,1121102,個人捐贈收入,楊鈴珠,N20*******,80000.00,0.00,匯款,1121102,,,金錢,臺中市西屯區****,0963*****,,,,,,,,
65,江啟臣,113年立法委員選舉,首次申報,1121103,營利事業捐贈收入,家登精密工業股份有限公司,16406379,1000000.00,0.00,匯款,1121103,,,金錢,新北市土城區****,02-2*****,,,,,,,,
66,江啟臣,113年立法委員選舉,首次申報,1121103,營利事業捐贈收入,冠勇建設股份有限公司,86270930,200000.00,0.00,票據,1121106,,,金錢,臺中市太平區****,04-2*****,,,,,,,,
67,江啟臣,113年立法委員選舉,首次申報,1121106,個人捐贈收入,陳琪恩,A20*******,12000.00,0.00,現金,1121106,,,金錢,臺中市豐原區****,0972*****,,,,,,,,
68,江啟臣,113年立法委員選舉,首次申報,1121106,個人捐贈收入,吳明宗,B12*******,10000.00,0.00,現金,1121106,,,金錢,臺中市北區太****,0955*****,,,,,,,,
69,江啟臣,113年立法委員選舉,首次申報,1121106,個人捐贈收入,張有淳,L22*******,100000.00,0.00,現金,1121106,,,金錢,臺中市神岡區****,04-2*****,,,,,,,,
70,江啟臣,113年立法委員選舉,首次申報,1121106,個人捐贈收入,游淑喻,L22*******,100000.00,0.00,現金,1121106,,,金錢,臺中市豐原區****,0975*****,,,,,,,,
71,江啟臣,113年立法委員選舉,首次申報,1121107,個人捐贈收入,王立偉,L12*******,3000.00,0.00,現金,1121107,,,金錢,臺中市北屯區****,0932*****,,,,,,,,
72,江啟臣,113年立法委員選舉,首次申報,1121109,個人捐贈收入,張大勳,L12*******,20000.00,0.00,現金,1121109,,,金錢,臺中市豐原區****,0933*****,,,,,,,,
73,江啟臣,113年立法委員選舉,首次申報,1121109,個人捐贈收入,黃添福,P12*******,50000.00,0.00,現金,1121109,,,金錢,臺中市豐原區****,0937*****,,,,,,,,
74,江啟臣,113年立法委員選舉,首次申報,1121110,匿名捐贈,匿名(謝政煜),,2000.00,0.00,匯款,1121110,,,金錢,,,,,,,,,,
75,江啟臣,113年立法委員選舉,首次申報,1121114,營利事業捐贈收入,雅速達股份有限公司,28030321,100000.00,0.00,現金,1121114,,,金錢,臺中市豐原區****,04-2*****,,,,,,,,
76,江啟臣,113年立法委員選舉,首次申報,1121114,個人捐贈收入,張添財,L10*******,100000.00,0.00,現金,1121114,,,金錢,臺中市東勢區****,0928*****,,,,,,,,
77,江啟臣,113年立法委員選舉,首次申報,1121115,個人捐贈收入,魏文彬,K12*******,30000.00,0.00,匯款,1121115,,,金錢,臺中市南屯區****,,,,,,,,,
78,江啟臣,113年立法委員選舉,首次申報,1121117,匿名捐贈,匿名(陳碧芬),,1000.00,0.00,現金,1121117,,,金錢,,,,,,,,,,
79,江啟臣,113年立法委員選舉,首次申報,1121117,營利事業捐贈收入,全龍營造有限公司,82861646,200000.00,0.00,匯款,1121117,,,金錢,臺中市豐原區****,0932*****,,,,,,,,
80,江啟臣,113年立法委員選舉,首次申報,1121117,個人捐贈收入,祁興國,L10*******,50000.00,0.00,現金,1121117,,,金錢,臺中市石岡區****,04-2*****,,,,,,,,
81,江啟臣,113年立法委員選舉,首次申報,1121117,個人捐贈收入,祁旭傑,L12*******,50000.00,0.00,現金,1121117,,,金錢,臺中市豐原區****,0923*****,,,,,,,,
82,江啟臣,113年立法委員選舉,首次申報,1121121,個人捐贈收入,陳銘河,L12*******,50000.00,0.00,現金,1121121,,,金錢,臺中市潭子區****,0911*****,,,,,,,,
83,江啟臣,113年立法委員選舉,首次申報,1121121,個人捐贈收入,陳銘河,L12*******,50000.00,0.00,現金,1121121,,,金錢,臺中市潭子區****,,,,,,,,,
84,江啟臣,113年立法委員選舉,首次申報,1121122,個人捐贈收入,盧毅,B12*******,100000.00,0.00,匯款,1121122,,,金錢,臺北市內湖區****,0979*****,,,,,,,,
85,江啟臣,113年立法委員選舉,首次申報,1121122,個人捐贈收入,林忠男,E12*******,5000.00,0.00,現金,1121122,,,金錢,臺中市大里區****,0926*****,,,,,,,,
86,江啟臣,113年立法委員選舉,首次申報,1121122,個人捐贈收入,吳木星,K12*******,5000.00,0.00,現金,1121122,,,金錢,臺中市大肚區****,0931*****,,,,,,,,
87,江啟臣,113年立法委員選舉,首次申報,1121122,個人捐贈收入,林正陽,N12*******,10000.00,0.00,現金,1121122,,,金錢,臺中市北區尊****,0912*****,,,,,,,,
88,江啟臣,113年立法委員選舉,首次申報,1121122,個人捐贈收入,陳淑勤,N22*******,20000.00,0.00,現金,1121122,,,金錢,臺中市南屯區****,0911*****,,,,,,,,
89,江啟臣,113年立法委員選舉,首次申報,1121122,個人捐贈收入,柯春菊,N22*******,20000.00,0.00,現金,1121122,,,金錢,臺中市潭子區****,0932*****,,,,,,,,
90,江啟臣,113年立法委員選舉,首次申報,1121122,個人捐贈收入,林永吉,U10*******,9000.00,0.00,現金,1121122,,,金錢,臺中市北屯區****,0935*****,,,,,,,,
91,江啟臣,113年立法委員選舉,首次申報,1121124,營利事業捐贈收入,商勝投資事業股份有限公司,82764996,100000.00,0.00,匯款,1121124,,,金錢,臺中市西區自****,,,,,,,,,
92,江啟臣,113年立法委員選舉,首次申報,1121124,營利事業捐贈收入,昭力實業股份有限公司,89779143,36000.00,0.00,現金,1121124,,,金錢,臺中市豐原區****,0958*****,,,,,,,,
93,江啟臣,113年立法委員選舉,首次申報,1121124,個人捐贈收入,邱鉦揚,H12*******,10000.00,0.00,現金,1121124,,,金錢,臺中市豐原區****,0927*****,,,,,,,,
94,江啟臣,113年立法委員選舉,首次申報,1121124,個人捐贈收入,蔡明宗,L12*******,6000.00,0.00,現金,1121124,,,金錢,臺中市豐原區****,0955*****,,,,,,,,
95,江啟臣,113年立法委員選舉,首次申報,1121128,個人捐贈收入,王總民,B12*******,100000.00,0.00,現金,1121128,,,金錢,臺中市大雅區****,0928*****,,,,,,,,
96,江啟臣,113年立法委員選舉,首次申報,1121128,個人捐贈收入,劉嘉彬,L10*******,100000.00,0.00,現金,1121128,,,金錢,臺中市北屯區****,04-2*****,,,,,,,,
97,江啟臣,113年立法委員選舉,首次申報,1121128,個人捐贈收入,張協勝,L10*******,100000.00,0.00,現金,1121128,,,金錢,臺中市豐原區****,0910*****,,,,,,,,
98,江啟臣,113年立法委員選舉,首次申報,1121128,個人捐贈收入,張泰樺,L12*******,20000.00,0.00,現金,1121128,,,金錢,臺中市豐原區****,0921*****,,,,,,,,
99,江啟臣,113年立法委員選舉,首次申報,1121128,個人捐贈收入,劉建志,L12*******,30000.00,0.00,現金,1121128,,,金錢,臺中市豐原區****,0932*****,,,,,,,,
100,江啟臣,113年立法委員選舉,首次申報,1121128,個人捐贈收入,郭子緯,L12*******,20000.00,0.00,現金,1121128,,,金錢,臺中市豐原區****,0910*****,,,,,,,,
101,江啟臣,113年立法委員選舉,首次申報,1121128,個人捐贈收入,張葉,L20*******,100000.00,0.00,現金,1121128,,,金錢,臺中市豐原區****,0910*****,,,,,,,,
102,江啟臣,113年立法委員選舉,首次申報,1121129,匿名捐贈,匿名(李俊偉),,1000.00,0.00,匯款,1121129,,,金錢,,,,,,,,,,
103,江啟臣,113年立法委員選舉,首次申報,1121129,營利事業捐贈收入,明椿電氣機械股份有限公司,23367774,16000.00,0.00,,,,,非金錢,臺中市大里區****,04-2*****,,,,,,,,
104,江啟臣,113年立法委員選舉,首次申報,1121129,個人捐贈收入,周智明,L12*******,50000.00,0.00,票據,1121130,,,金錢,臺中市豐原區****,0932*****,,,,,,,,
105,江啟臣,113年立法委員選舉,首次申報,1121130,營利事業捐贈收入,功力化學工業股份有限公司,57032707,200000.00,0.00,票據,1121201,,,金錢,臺中市太平區****,04-2*****,,,,,,,,
106,江啟臣,113年立法委員選舉,首次申報,1121130,個人捐贈收入,賴孟修,B12*******,100000.00,0.00,現金,1121130,,,金錢,臺中市北區崇****,0912*****,,,,,,,,
107,江啟臣,113年立法委員選舉,首次申報,1121130,個人捐贈收入,廖進義,B12*******,100000.00,0.00,現金,1121130,,,金錢,臺中市西區民****,0933*****,,,,,,,,
108,江啟臣,113年立法委員選舉,首次申報,1121130,個人捐贈收入,林嘉慧,B22*******,100000.00,0.00,現金,1121130,,,金錢,臺中市北屯區****,0932*****,,,,,,,,
109,江啟臣,113年立法委員選舉,首次申報,1121130,個人捐贈收入,林宏懋,L10*******,100000.00,0.00,現金,1121201,,,金錢,臺中市豐原區****,04-2*****,,,,,,,,
110,江啟臣,113年立法委員選舉,首次申報,1121130,個人捐贈收入,江阿道,L10*******,30000.00,0.00,現金,1121130,,,金錢,臺中市豐原區****,0911*****,,,,,,,,
111,江啟臣,113年立法委員選舉,首次申報,1121130,個人捐贈收入,林怡全,L12*******,100000.00,0.00,現金,1121201,,,金錢,臺中市豐原區****,04-2*****,,,,,,,,
112,江啟臣,113年立法委員選舉,首次申報,1121130,個人捐贈收入,吳烱彬,L12*******,60000.00,0.00,票據,1121201,,,金錢,臺中市豐原區****,0932*****,,,,,,,,
113,江啟臣,113年立法委員選舉,首次申報,1121201,營利事業捐贈收入,榕國投資股份有限公司,27790941,200000.00,0.00,票據,1121204,,,金錢,臺中市南屯區****,0935*****,,,,,,,,
114,江啟臣,113年立法委員選舉,首次申報,1121201,個人捐贈收入,張健漢,E10*******,100000.00,0.00,票據,1121204,,,金錢,臺中市北區忠****,04-2*****,,,,,,,,
115,江啟臣,113年立法委員選舉,首次申報,1121204,個人捐贈收入,邱月霜,A20*******,100000.00,0.00,現金,1121204,,,金錢,臺北市大安區****,0910*****,,,,,,,,
116,江啟臣,113年立法委員選舉,首次申報,1121204,個人捐贈收入,徐添裕,L12*******,3000.00,0.00,現金,1121204,,,金錢,臺中市東勢區****,0963*****,,,,,,,,
117,江啟臣,113年立法委員選舉,首次申報,1121204,個人捐贈收入,馮韻怡,V22*******,20000.00,0.00,票據,1121211,,,金錢,臺中市豐原區****,0923*****,,,,,,,,
118,江啟臣,113年立法委員選舉,首次申報,1121205,個人捐贈收入,林孟兒,B22*******,100000.00,0.00,現金,1121205,,,金錢,臺北市松山區****,0931*****,,,,,,,,
119,江啟臣,113年立法委員選舉,首次申報,1121205,個人捐贈收入,劉美珠,K22*******,50000.00,0.00,現金,1121205,,,金錢,臺中市豐原區****,0911*****,,,,,,,,
120,江啟臣,113年立法委員選舉,首次申報,1121205,個人捐贈收入,祁興國,L10*******,50000.00,0.00,現金,1121205,,,金錢,臺中市石岡區****,0933*****,,,,,,,,
121,江啟臣,113年立法委員選舉,首次申報,1121205,個人捐贈收入,祁加弘,L12*******,100000.00,0.00,現金,1121205,,,金錢,臺中市西屯區****,0912*****,,,,,,,,
122,江啟臣,113年立法委員選舉,首次申報,1121205,個人捐贈收入,祁暐盛,L12*******,50000.00,0.00,現金,1121205,,,金錢,臺中市西屯區****,0912*****,,,,,,,,
123,江啟臣,113年立法委員選舉,首次申報,1121205,個人捐贈收入,黃玲娟,L20*******,20000.00,0.00,現金,1121205,,,金錢,臺中市豐原區****,0970*****,,,,,,,,
124,江啟臣,113年立法委員選舉,首次申報,1121205,個人捐贈收入,石慧昭,P22*******,100000.00,0.00,現金,1121205,,,金錢,臺中市大里區****,0931*****,,,,,,,,
125,江啟臣,113年立法委員選舉,首次申報,1121206,個人捐贈收入,尤綉雯,A22*******,100000.00,0.00,現金,1121207,,,金錢,臺中市西屯區****,0955*****,,,,,,,,
126,江啟臣,113年立法委員選舉,首次申報,1121206,個人捐贈收入,黃曉梅,A22*******,100000.00,0.00,現金,1121206,,,金錢,桃園市龜山區****,0928*****,,,,,,,,
127,江啟臣,113年立法委員選舉,首次申報,1121206,個人捐贈收入,張泰弘,B12*******,100000.00,0.00,現金,1121207,,,金錢,臺中市西屯區****,0932*****,,,,,,,,
128,江啟臣,113年立法委員選舉,首次申報,1121206,個人捐贈收入,劉偉彥,K10*******,100000.00,0.00,票據,1121206,,,金錢,臺中市南屯區****,04-2*****,,,,,,,,
129,江啟臣,113年立法委員選舉,首次申報,1121206,個人捐贈收入,林櫻美,K22*******,100000.00,0.00,票據,1121206,,,金錢,臺中市南屯區****,04-2*****,,,,,,,,
130,江啟臣,113年立法委員選舉,首次申報,1121206,個人捐贈收入,張立田,L12*******,100000.00,0.00,匯款,1121206,,,金錢,臺中市豐原區****,0935*****,,,,,,,,
131,江啟臣,113年立法委員選舉,首次申報,1121206,個人捐贈收入,劉珏𨑳,L22*******,100000.00,0.00,匯款,1121206,,,金錢,臺中市豐原區****,0928*****,,,,,,,,
132,江啟臣,113年立法委員選舉,首次申報,1121206,個人捐贈收入,簡耿郁,M12*******,100000.00,0.00,現金,1121206,,,金錢,新北市新莊區****,0981*****,,,,,,,,
133,江啟臣,113年立法委員選舉,首次申報,1121206,個人捐贈收入,林素菁,S22*******,100000.00,0.00,現金,1121206,,,金錢,新北市新莊區****,0915*****,,,,,,,,
134,江啟臣,113年立法委員選舉,首次申報,1121207,個人捐贈收入,張益禧,L12*******,30000.00,0.00,現金,1121207,,,金錢,臺中市神岡區****,0921*****,,,,,,,,
135,江啟臣,113年立法委員選舉,首次申報,1121207,個人捐贈收入,王建中,L12*******,10000.00,0.00,現金,1121207,,,金錢,臺中市豐原區****,0917*****,,,,,,,,
136,江啟臣,113年立法委員選舉,首次申報,1121207,個人捐贈收入,詹琪閔,L12*******,10000.00,0.00,現金,1121207,,,金錢,臺中市豐原區****,0928*****,,,,,,,,
137,江啟臣,113年立法委員選舉,首次申報,1121207,個人捐贈收入,林柏鋒,L12*******,20000.00,0.00,現金,1121207,,,金錢,臺中市豐原區****,0933*****,,,,,,,,
138,江啟臣,113年立法委員選舉,首次申報,1121207,個人捐贈收入,鄭孟仁,L12*******,10000.00,0.00,現金,1121207,,,金錢,臺中市豐原區****,0932*****,,,,,,,,
139,江啟臣,113年立法委員選舉,首次申報,1121207,個人捐贈收入,王建智,L12*******,100000.00,0.00,現金,1121207,,,金錢,臺中市神岡區****,0937*****,,,,,,,,
140,江啟臣,113年立法委員選舉,首次申報,1121207,個人捐贈收入,林張濕,L20*******,100000.00,0.00,現金,1121207,,,金錢,臺中市豐原區****,04-2*****,,,,,,,,
141,江啟臣,113年立法委員選舉,首次申報,1121207,個人捐贈收入,盧月幸,L20*******,100000.00,0.00,現金,1121207,,,金錢,臺中市神岡區****,0936*****,,,,,,,,
142,江啟臣,113年立法委員選舉,首次申報,1121208,營利事業捐贈收入,啟宇營造工程股份有限公司,70670805,200000.00,0.00,匯款,1121208,,,金錢,臺中市南屯區****,04-2*****,,,,,,,,
143,江啟臣,113年立法委員選舉,首次申報,1121208,個人捐贈收入,梁明樹,L10*******,5000.00,0.00,現金,1121208,,,金錢,臺中市石岡區****,04-2*****,,,,,,,,
144,江啟臣,113年立法委員選舉,首次申報,1121208,個人捐贈收入,林和志,L12*******,50000.00,0.00,票據,1121211,,,金錢,臺中市東勢區****,04-2*****,,,,,,,,
145,江啟臣,113年立法委員選舉,首次申報,1121211,個人捐贈收入,顏伯旭,A12*******,50000.00,0.00,現金,1121211,,,金錢,臺中市西屯區****,04-2*****,,,,,,,,
146,江啟臣,113年立法委員選舉,首次申報,1121211,個人捐贈收入,蔡佩君,B22*******,100000.00,0.00,現金,1121211,,,金錢,臺中市西區五****,04-3*****,,,,,,,,
147,江啟臣,113年立法委員選舉,首次申報,1121211,個人捐贈收入,李有牧,C12*******,100000.00,0.00,現金,1121211,,,金錢,南投縣草屯鎮****,04-2*****,,,,,,,,
148,江啟臣,113年立法委員選舉,首次申報,1121211,個人捐贈收入,高正雄,F10*******,100000.00,0.00,現金,1121211,,,金錢,新北市新店區****,0936*****,,,,,,,,
149,江啟臣,113年立法委員選舉,首次申報,1121211,個人捐贈收入,詹德和,L10*******,10000.00,0.00,現金,1121211,,,金錢,臺中市東勢區****,0937*****,,,,,,,,
150,江啟臣,113年立法委員選舉,首次申報,1121211,個人捐贈收入,柯明昌,L12*******,100000.00,0.00,現金,1121211,,,金錢,臺中市西區忠****,04-2*****,,,,,,,,
151,江啟臣,113年立法委員選舉,首次申報,1121211,個人捐贈收入,曹世忠,N10*******,100000.00,0.00,現金,1121211,,,金錢,臺中市西屯區****,04-2*****,,,,,,,,
152,江啟臣,113年立法委員選舉,首次申報,1121211,個人捐贈收入,尤綜麒,N12*******,100000.00,0.00,現金,1121211,,,金錢,臺中市西區精****,04-2*****,,,,,,,,
153,江啟臣,113年立法委員選舉,首次申報,1121211,個人捐贈收入,洪乙彥,T12*******,100000.00,0.00,現金,1121211,,,金錢,臺中市西區五****,04-3*****,,,,,,,,
154,江啟臣,113年立法委員選舉,首次申報,1121212,個人捐贈收入,游進坤,L10*******,100000.00,0.00,匯款,1121212,,,金錢,臺中市豐原區****,04-2*****,,,,,,,,
155,江啟臣,113年立法委員選舉,首次申報,1121212,個人捐贈收入,游良祺,L12*******,100000.00,0.00,匯款,1121212,,,金錢,臺中市豐原區****,04-2*****,,,,,,,,
156,江啟臣,113年立法委員選舉,首次申報,1121213,個人捐贈收入,曾美昌,K12*******,100000.00,0.00,現金,1121213,,,金錢,臺中市豐原區****,0937*****,,,,,,,,
157,江啟臣,113年立法委員選舉,首次申報,1121213,個人捐贈收入,鄭耀輝,L10*******,12000.00,0.00,現金,1121213,,,金錢,臺中市豐原區****,04-2*****,,,,,,,,
158,江啟臣,113年立法委員選舉,首次申報,1121213,個人捐贈收入,呂翠娟,L22*******,36000.00,0.00,現金,1121213,,,金錢,臺中市豐原區****,0932*****,,,,,,,,
159,江啟臣,113年立法委員選舉,首次申報,1121215,個人捐贈收入,段龍仙,L29*******,10000.00,0.00,現金,1121215,,,金錢,臺中市太平區****,0936*****,,,,,,,,
160,江啟臣,113年立法委員選舉,首次申報,1121215,個人捐贈收入,張崇勤,N10*******,100000.00,0.00,匯款,1121215,,,金錢,彰化縣彰化市****,04-2*****,,,,,,,,
161,江啟臣,113年立法委員選舉,首次申報,1121218,人民團體捐贈收入,臺中市幼兒教育發展學會,,50000.00,0.00,現金,1121218,,,金錢,臺中市大里區****,04-2*****,,,,,,,,
162,江啟臣,113年立法委員選舉,首次申報,1121218,營利事業捐贈收入,源利工程股份有限公司,20657406,500000.00,0.00,匯款,1121218,,,金錢,臺北市中山區****,02-2*****,,,,,,,,
163,江啟臣,113年立法委員選舉,首次申報,1121218,營利事業捐贈收入,雅方國際企業股份有限公司,52903486,200000.00,0.00,匯款,1121218,,,金錢,臺中市南區德****,049-*****,,,,,,,,
164,江啟臣,113年立法委員選舉,首次申報,1121218,營利事業捐贈收入,新星實業股份有限公司,54655672,500000.00,0.00,匯款,1121218,,,金錢,臺北市中山區****,02-2*****,,,,,,,,
165,江啟臣,113年立法委員選舉,首次申報,1121218,個人捐贈收入,林益宏,B12*******,100000.00,0.00,票據,1121219,,,金錢,臺中市豐原區****,04-2*****,,,,,,,,
166,江啟臣,113年立法委員選舉,首次申報,1121218,個人捐贈收入,林淑棻,B22*******,100000.00,0.00,票據,1121219,,,金錢,臺中市豐原區****,0932*****,,,,,,,,
167,江啟臣,113年立法委員選舉,首次申報,1121218,個人捐贈收入,林淑貞,H20*******,20000.00,0.00,現金,1121218,,,金錢,臺中市北屯區****,04-2*****,,,,,,,,
168,江啟臣,113年立法委員選舉,首次申報,1121218,個人捐贈收入,王俊裕,L10*******,100000.00,0.00,票據,1121218,,,金錢,臺中市神岡區****,04-2*****,,,,,,,,
169,江啟臣,113年立法委員選舉,首次申報,1121218,個人捐贈收入,廖元正,L12*******,100000.00,0.00,票據,1121219,,,金錢,臺中市豐原區****,04-2*****,,,,,,,,
170,江啟臣,113年立法委員選舉,首次申報,1121218,個人捐贈收入,賴建銘,L12*******,10000.00,0.00,現金,1121218,,,金錢,臺中市豐原區****,04-2*****,,,,,,,,
171,江啟臣,113年立法委員選舉,首次申報,1121218,個人捐贈收入,劉建良,L12*******,5000.00,0.00,現金,1121218,,,金錢,臺中市石岡區****,0972*****,,,,,,,,
172,江啟臣,113年立法委員選舉,首次申報,1121218,個人捐贈收入,劉德勝,L12*******,10000.00,0.00,現金,1121218,,,金錢,臺中市豐原區****,0910*****,,,,,,,,
173,江啟臣,113年立法委員選舉,首次申報,1121218,個人捐贈收入,鄧閔鴻,L12*******,30000.00,0.00,現金,1121218,,,金錢,臺中市豐原區****,0978*****,,,,,,,,
174,江啟臣,113年立法委員選舉,首次申報,1121218,個人捐贈收入,管鳳雪,L22*******,5000.00,0.00,現金,1121218,,,金錢,臺中市東勢區****,04-2*****,,,,,,,,
175,江啟臣,113年立法委員選舉,首次申報,1121218,個人捐贈收入,黃貴美,L22*******,30000.00,0.00,現金,1121218,,,金錢,臺中市太平區****,0922*****,,,,,,,,
176,江啟臣,113年立法委員選舉,首次申報,1121218,個人捐贈收入,曾韋茹,L22*******,100000.00,0.00,票據,1121219,,,金錢,臺中市豐原區****,04-2*****,,,,,,,,
177,江啟臣,113年立法委員選舉,首次申報,1121218,個人捐贈收入,梁燿銘,N12*******,12000.00,0.00,現金,1121218,,,金錢,臺中市北區興****,,,,,,,,,
178,江啟臣,113年立法委員選舉,首次申報,1121218,個人捐贈收入,柯春菊,N22*******,30000.00,0.00,現金,1121218,,,金錢,臺中市潭子區****,0932*****,,,,,,,,
179,江啟臣,113年立法委員選舉,首次申報,1121218,個人捐贈收入,莊明晃,Q12*******,100000.00,0.00,匯款,1121218,,,金錢,臺中市潭子區****,04-2*****,,,,,,,,
180,江啟臣,113年立法委員選舉,首次申報,1121218,個人捐贈收入,王盈舜,R12*******,30000.00,0.00,匯款,1121218,,,金錢,臺中市西區東****,,,,,,,,,
181,江啟臣,113年立法委員選舉,首次申報,1121218,個人捐贈收入,李文儒,T12*******,100000.00,0.00,票據,1121219,,,金錢,臺中市豐原區****,,,,,,,,,
182,江啟臣,113年立法委員選舉,首次申報,1121220,個人捐贈收入,蔡文書,F12*******,20000.00,0.00,匯款,1121220,,,金錢,新北市汐止區****,0925*****,,,,,,,,
183,江啟臣,113年立法委員選舉,首次申報,1121221,其他收入,利息收入,,7669.00,0.00,匯款,1121221,,,金錢,,,,,,,,,,
184,江啟臣,113年立法委員選舉,首次申報,1121221,個人捐贈收入,黃英松,L10*******,100000.00,0.00,票據,1121225,,,金錢,臺中市豐原區****,04-2*****,,,,,,,,
185,江啟臣,113年立法委員選舉,首次申報,1121222,營利事業捐贈收入,緯盛實業股份有限公司,90589016,20000.00,0.00,現金,1121222,,,金錢,臺中市潭子區****,0972*****,,,,,,,,
186,江啟臣,113年立法委員選舉,首次申報,1121222,個人捐贈收入,馬國進,B10*******,3000.00,0.00,現金,1121222,,,金錢,臺中市北屯區****,0928*****,,,,,,,,
187,江啟臣,113年立法委員選舉,首次申報,1121222,個人捐贈收入,李彥陵,B22*******,50000.00,0.00,票據,1121225,,,金錢,臺中市豐原區****,04-2*****,,,,,,,,
188,江啟臣,113年立法委員選舉,首次申報,1121222,個人捐贈收入,李心彤,B22*******,50000.00,0.00,票據,1121225,,,金錢,臺中市豐原區****,0932*****,,,,,,,,
189,江啟臣,113年立法委員選舉,首次申報,1121222,個人捐贈收入,廖忠宏,L10*******,50000.00,0.00,現金,1121222,,,金錢,臺中市豐原區****,0933*****,,,,,,,,
190,江啟臣,113年立法委員選舉,首次申報,1121222,個人捐贈收入,廖繼富,L10*******,100000.00,0.00,匯款,1121222,,,金錢,臺中市豐原區****,04-2*****,,,,,,,,
191,江啟臣,113年立法委員選舉,首次申報,1121225,營利事業捐贈收入,緯凡金屬股份有限公司,86763483,50000.00,0.00,匯款,1121225,,,金錢,臺中市大里區****,04-2*****,,,,,,,,
192,江啟臣,113年立法委員選舉,首次申報,1121225,個人捐贈收入,鄭素靜,L22*******,30000.00,0.00,現金,1121225,,,金錢,臺中市豐原區****,0933*****,,,,,,,,
193,江啟臣,113年立法委員選舉,首次申報,1121226,營利事業捐贈收入,拓凱實業股份有限公司,52590175,200000.00,0.00,票據,1121227,,,金錢,臺中市南屯區****,04-2*****,,,,,,,,
194,江啟臣,113年立法委員選舉,首次申報,1121226,個人捐贈收入,簡紹安,B12*******,100000.00,0.00,現金,1121226,,,金錢,臺中市西區中****,0933*****,,,,,,,,
195,江啟臣,113年立法委員選舉,首次申報,1121226,個人捐贈收入,張美慧,B22*******,100000.00,0.00,現金,1121226,,,金錢,臺中市潭子區****,0912*****,,,,,,,,
196,江啟臣,113年立法委員選舉,首次申報,1121226,個人捐贈收入,蕭章傑,L12*******,100000.00,0.00,現金,1121226,,,金錢,臺中市沙鹿區****,0939*****,,,,,,,,
197,江啟臣,113年立法委員選舉,首次申報,1121226,個人捐贈收入,林茂聰,L12*******,100000.00,0.00,現金,1121226,,,金錢,臺中市豐原區****,0937*****,,,,,,,,
198,江啟臣,113年立法委員選舉,首次申報,1121226,個人捐贈收入,黃漢農,N10*******,100000.00,0.00,票據,1121227,,,金錢,臺中市豐原區****,04-2*****,,,,,,,,
199,江啟臣,113年立法委員選舉,首次申報,1121226,個人捐贈收入,簡秀珊,P22*******,100000.00,0.00,現金,1121226,,,金錢,新竹縣竹北市****,0911*****,,,,,,,,
200,江啟臣,113年立法委員選舉,首次申報,1121227,營利事業捐贈收入,博臻股份有限公司,16557170,100000.00,0.00,票據,1121228,,,金錢,臺中市西區大****,04-2*****,,,,,,,,
201,江啟臣,113年立法委員選舉,首次申報,1121227,個人捐贈收入,江明聰,L10*******,100000.00,0.00,現金,1121227,,,金錢,臺中市豐原區****,0937*****,,,,,,,,
202,江啟臣,113年立法委員選舉,首次申報,1121227,個人捐贈收入,莊茂賓,R12*******,20000.00,0.00,匯款,1121227,,,金錢,臺中市神岡區****,0932*****,,,,,,,,
203,江啟臣,113年立法委員選舉,首次申報,1121228,個人捐贈收入,王森生,L12*******,100000.00,0.00,現金,1121228,,,金錢,臺中市北區興****,04-2*****,,,,,,,,
204,江啟臣,113年立法委員選舉,首次申報,1121228,個人捐贈收入,沈琬雯,L22*******,100000.00,0.00,現金,1121228,,,金錢,臺中市北區德****,04-2*****,,,,,,,,
205,江啟臣,113年立法委員選舉,首次申報,1121228,個人捐贈收入,丁競選,P10*******,100000.00,0.00,現金,1121228,,,金錢,臺中市清水區****,04-2*****,,,,,,,,
206,江啟臣,113年立法委員選舉,首次申報,1121228,個人捐贈收入,林丙申,Y12*******,100000.00,0.00,現金,1121228,,,金錢,臺中市南屯區****,04-2*****,,,,,,,,
207,江啟臣,113年立法委員選舉,首次申報,1121229,匿名捐贈,匿名(黃龍雄),,2000.00,0.00,匯款,1121229,,,金錢,,,,,,,,,,
208,江啟臣,113年立法委員選舉,首次申報,1121229,個人捐贈收入,劉吉昌,L10*******,50000.00,0.00,票據,1130102,,,金錢,臺中市豐原區****,0933*****,,,,,,,,
209,江啟臣,113年立法委員選舉,首次申報,1121229,個人捐贈收入,王鎮山,L12*******,30000.00,0.00,票據,1130102,,,金錢,臺中市豐原區****,0932*****,,,,,,,,
210,江啟臣,113年立法委員選舉,首次申報,1121229,個人捐贈收入,林順進,L12*******,20000.00,0.00,匯款,1121229,,,金錢,臺中市霧峰區****,0933*****,,,,,,,,
211,江啟臣,113年立法委員選舉,首次申報,1121229,個人捐贈收入,陳麗芬,N22*******,100000.00,0.00,匯款,1121229,,,金錢,臺中市南屯區****,0922*****,,,,,,,,
212,江啟臣,113年立法委員選舉,首次申報,1121229,個人捐贈收入,許聰凉,P12*******,100000.00,0.00,匯款,1121229,,,金錢,臺中市南屯區****,0921*****,,,,,,,,
213,江啟臣,113年立法委員選舉,首次申報,1121229,個人捐贈收入,許達駿,P12*******,100000.00,0.00,匯款,1121229,,,金錢,臺中市南屯區****,0932*****,,,,,,,,
214,江啟臣,113年立法委員選舉,首次申報,1121229,個人捐贈收入,張維志,P12*******,20000.00,0.00,現金,1121229,,,金錢,臺中市南屯區****,0926*****,,,,,,,,
215,江啟臣,113年立法委員選舉,首次申報,1121231,個人捐贈收入,李長模,L12*******,50000.00,0.00,票據,1130102,,,金錢,臺中市豐原區****,0926*****,,,,,,,,
216,江啟臣,113年立法委員選舉,首次申報,1130102,人民團體捐贈收入,臺中市醫師公會,,100000.00,0.00,票據,1130103,,,金錢,臺中市西區公****,04-2*****,,,,,,,,
217,江啟臣,113年立法委員選舉,首次申報,1130102,營利事業捐贈收入,海原晟股份有限公司,54620105,500000.00,0.00,票據,1130102,,,金錢,高雄市前鎮區****,07-8*****,,,,,,,,
218,江啟臣,113年立法委員選舉,首次申報,1130102,個人捐贈收入,周啓瑞,B12*******,100000.00,0.00,現金,1130102,,,金錢,臺中市大雅區****,0937*****,,,,,,,,
219,江啟臣,113年立法委員選舉,首次申報,1130102,個人捐贈收入,林睿豪,L12*******,100000.00,0.00,現金,1130102,,,金錢,臺中市東勢區****,0972*****,,,,,,,,
220,江啟臣,113年立法委員選舉,首次申報,1130102,個人捐贈收入,林昌宏,L12*******,100000.00,0.00,現金,1130102,,,金錢,臺中市豐原區****,0933*****,,,,,,,,
221,江啟臣,113年立法委員選舉,首次申報,1130102,個人捐贈收入,王銘鴻,N12*******,100000.00,0.00,現金,1130102,,,金錢,臺中市西區忠****,04-2*****,,,,,,,,
222,江啟臣,113年立法委員選舉,首次申報,1130102,個人捐贈收入,曾怡慧,N22*******,100000.00,0.00,現金,1130102,,,金錢,臺中市西區忠****,04-2*****,,,,,,,,
223,江啟臣,113年立法委員選舉,首次申報,1130102,個人捐贈收入,周木樹,Q10*******,100000.00,0.00,現金,1130102,,,金錢,臺中市大雅區****,0937*****,,,,,,,,
224,江啟臣,113年立法委員選舉,首次申報,1130103,人民團體捐贈收入,臺中市大臺中牙醫師公會,,80000.00,0.00,現金,1130103,,,金錢,臺中市豐原區****,04-2*****,,,,,,,,
225,江啟臣,113年立法委員選舉,首次申報,1130103,個人捐贈收入,劉品辰,B12*******,100000.00,0.00,現金,1130103,,,金錢,臺中市北屯區****,04-2*****,,,,,,,,
226,江啟臣,113年立法委員選舉,首次申報,1130103,個人捐贈收入,劉庭宇,B12*******,100000.00,0.00,現金,1130103,,,金錢,臺中市北屯區****,04-2*****,,,,,,,,
227,江啟臣,113年立法委員選舉,首次申報,1130103,個人捐贈收入,劉庭佑,B12*******,100000.00,0.00,現金,1130103,,,金錢,臺中市北屯區****,04-2*****,,,,,,,,
228,江啟臣,113年立法委員選舉,首次申報,1130103,個人捐贈收入,劉嘉傑,B12*******,100000.00,0.00,現金,1130103,,,金錢,臺中市北屯區****,04-2*****,,,,,,,,
229,江啟臣,113年立法委員選舉,首次申報,1130103,個人捐贈收入,劉舒蘋,B22*******,100000.00,0.00,現金,1130103,,,金錢,臺中市北屯區****,04-2*****,,,,,,,,
230,江啟臣,113年立法委員選舉,首次申報,1130103,個人捐贈收入,陳士元,L12*******,50000.00,0.00,匯款,1130103,,,金錢,臺中市豐原區****,0952*****,,,,,,,,
231,江啟臣,113年立法委員選舉,首次申報,1130103,個人捐贈收入,何如婷,L22*******,100000.00,0.00,現金,1130103,,,金錢,臺中市大甲區****,0911*****,,,,,,,,
232,江啟臣,113年立法委員選舉,首次申報,1130103,個人捐贈收入,曾坤土,M10*******,10000.00,0.00,現金,1130103,,,金錢,臺中市新社區****,0937*****,,,,,,,,
233,江啟臣,113年立法委員選舉,首次申報,1130103,個人捐贈收入,黃丁士,Q12*******,50000.00,0.00,匯款,1130103,,,金錢,臺中市豐原區****,0938*****,,,,,,,,
234,江啟臣,113年立法委員選舉,首次申報,1130104,個人捐贈收入,楊世裕,L12*******,100000.00,0.00,匯款,1130104,,,金錢,臺中市西屯區****,04-2*****,,,,,,,,
235,江啟臣,113年立法委員選舉,首次申報,1130105,匿名捐贈,匿名(許淑敏),,6000.00,0.00,現金,1130105,,,金錢,,,,,,,,,,
236,江啟臣,113年立法委員選舉,首次申報,1130105,個人捐贈收入,張鳳玲,K22*******,10000.00,0.00,現金,1130105,,,金錢,臺中市神岡區****,0928*****,,,,,,,,
237,江啟臣,113年立法委員選舉,首次申報,1130105,個人捐贈收入,戴肇昱,L12*******,20000.00,0.00,現金,1130105,,,金錢,臺中市豐原區****,0935*****,,,,,,,,
238,江啟臣,113年立法委員選舉,首次申報,1130105,個人捐贈收入,劉翁世昆,L12*******,20000.00,0.00,現金,1130105,,,金錢,臺中市豐原區****,0935*****,,,,,,,,
239,江啟臣,113年立法委員選舉,首次申報,1130105,個人捐贈收入,劉耀勳,L12*******,20000.00,0.00,現金,1130105,,,金錢,臺中市豐原區****,0912*****,,,,,,,,
240,江啟臣,113年立法委員選舉,首次申報,1130108,個人捐贈收入,江連福,L12*******,100000.00,0.00,現金,1130108,,,金錢,臺中市太平區****,0936*****,,,,,,,,
241,江啟臣,113年立法委員選舉,首次申報,1130108,個人捐贈收入,陳素貞,L22*******,100000.00,0.00,現金,1130108,,,金錢,臺中市太平區****,0910*****,,,,,,,,
242,江啟臣,113年立法委員選舉,首次申報,1130109,營利事業捐贈收入,惠嘉電實業股份有限公司,16181490,100000.00,0.00,現金,1130109,,,金錢,臺中市外埔區****,04-2*****,,,,,,,,
243,江啟臣,113年立法委員選舉,首次申報,1130109,個人捐贈收入,江明達,L10*******,100000.00,0.00,現金,1130109,,,金錢,臺中市豐原區****,0918*****,,,,,,,,
244,江啟臣,113年立法委員選舉,首次申報,1130109,個人捐贈收入,林雍偉,L12*******,100000.00,0.00,現金,1130109,,,金錢,新北市新店區****,0909*****,,,,,,,,
245,江啟臣,113年立法委員選舉,首次申報,1130109,個人捐贈收入,許家維,L12*******,2000.00,0.00,現金,1130109,,,金錢,臺中市石岡區****,0933*****,,,,,,,,
246,江啟臣,113年立法委員選舉,首次申報,1130109,個人捐贈收入,林蓓津,L22*******,100000.00,0.00,現金,1130109,,,金錢,臺中市西屯區****,0936*****,,,,,,,,
247,江啟臣,113年立法委員選舉,首次申報,1130110,個人捐贈收入,刑唐雯霞,U20*******,10000.00,0.00,匯款,1130110,,,金錢,臺北市中正區****,0936*****,,,,,,,,
248,江啟臣,113年立法委員選舉,首次申報,1130111,營利事業捐贈收入,通陽車業股份有限公司,23677573,80000.00,0.00,現金,1130111,,,金錢,臺中市豐原區****,04-2*****,,,,,,,,
249,江啟臣,113年立法委員選舉,首次申報,1130111,個人捐贈收入,張言輝,L10*******,10000.00,0.00,現金,1130111,,,金錢,臺中市豐原區****,0933*****,,,,,,,,
250,江啟臣,113年立法委員選舉,首次申報,1130111,個人捐贈收入,林瑲賢,L10*******,60000.00,0.00,現金,1130111,,,金錢,臺中市豐原區****,0937*****,,,,,,,,
251,江啟臣,113年立法委員選舉,首次申報,1130111,個人捐贈收入,江月霞,L20*******,3000.00,0.00,現金,1130111,,,金錢,臺中市豐原區****,0911*****,,,,,,,,
252,江啟臣,113年立法委員選舉,首次申報,1130111,個人捐贈收入,賴美慧,L20*******,2000.00,0.00,現金,1130111,,,金錢,臺中市豐原區****,0937*****,,,,,,,,
253,江啟臣,113年立法委員選舉,首次申報,1130111,個人捐贈收入,陳蓀裕,M12*******,100000.00,0.00,現金,1130111,,,金錢,臺中市南屯區****,0936*****,,,,,,,,
254,江啟臣,113年立法委員選舉,首次申報,1130111,個人捐贈收入,何道台,R10*******,50000.00,0.00,現金,1130111,,,金錢,臺北市中山區****,0927*****,,,,,,,,
255,江啟臣,113年立法委員選舉,首次申報,1130112,個人捐贈收入,謝慶富,L10*******,50000.00,0.00,現金,1130112,,,金錢,臺中市豐原區****,0916*****,,,,,,,,
