﻿序號,擬參選人／政黨,選舉名稱,申報序號／年度,交易日期,收支科目,捐贈者／支出對象,身分證／統一編號,收入金額,支出金額,支出用途,金錢類,地址,聯絡電話,資料更正日期
1,林佳瑋,109年立法委員選舉,首次申報,1080611,雜支支出,漢麟樂器行,09646446,0.00,1043.00,無線麥克風,金錢,新北市五股區****,,
2,林佳瑋,109年立法委員選舉,首次申報,1080612,宣傳支出,現代廣告社,19966740,0.00,7000.00,製作易拉展、手舉牌、旗幟支出,金錢,桃園市桃園區****,,
3,林佳瑋,109年立法委員選舉,首次申報,1080618,宣傳支出,健豪印刷事業股份有限公司,16332027,0.00,31500.00,製作競選物品支出（物品名稱-面紙包）,金錢,臺中市西區大****,,
4,林佳瑋,109年立法委員選舉,首次申報,1080620,宣傳支出,台灣連線股份有限公司,24556886,0.00,308.00,播送、傳送或刊登宣傳廣告支出,金錢,臺北市內湖區****,,
5,林佳瑋,109年立法委員選舉,首次申報,1080626,交通旅運支出,台灣中油股份有限公司武陵加油站,43870219,0.00,1227.00,油資,金錢,桃園市桃園區****,,
6,林佳瑋,109年立法委員選舉,首次申報,1080627,雜支支出,古亭鎖匙刻印社,,0.00,180.00,印章,金錢,臺北市大安區****,,
7,林佳瑋,109年立法委員選舉,首次申報,1080630,雜支支出,音舞創意有限公司,53746611,0.00,38000.00,攝影費,金錢,臺北市中正區****,,
8,林佳瑋,109年立法委員選舉,首次申報,1080701,宣傳支出,台灣連線股份有限公司,24556886,0.00,840.00,播送、傳送或刊登宣傳廣告支出,金錢,臺北市內湖區****,,
9,林佳瑋,109年立法委員選舉,首次申報,1080704,雜支支出,心雅服裝行,15995103,0.00,4883.00,選舉背心,金錢,臺北市萬華區****,,
10,林佳瑋,109年立法委員選舉,首次申報,1080708,交通旅運支出,台灣中油股份有限公司武陵加油站,43870219,0.00,1240.00,油資,金錢,桃園市桃園區****,,
11,林佳瑋,109年立法委員選舉,首次申報,1080710,宣傳支出,健豪印刷事業股份有限公司,16332027,0.00,80000.00,製作競選物品支出（物品名稱-大扇子）,金錢,臺中市西區大****,,
12,林佳瑋,109年立法委員選舉,首次申報,1080710,宣傳支出,健豪印刷事業股份有限公司,16332027,0.00,130000.00,製作競選物品支出,金錢,臺中市西區大****,,
13,林佳瑋,109年立法委員選舉,首次申報,1080711,雜支支出,現代廣告社,19966740,0.00,260.00,名片,金錢,桃園市桃園區****,,
14,林佳瑋,109年立法委員選舉,首次申報,1080715,人事費用支出,鄭泰忠,F12*******,0.00,8000.00,其他因工作酬勞之給付,金錢,新北市樹林區****,,
15,林佳瑋,109年立法委員選舉,首次申報,1080723,雜支支出,現代廣告社,19966740,0.00,260.00,名片,金錢,桃園市桃園區****,,
16,林佳瑋,109年立法委員選舉,首次申報,1080724,交通旅運支出,台灣中油股份有限公司武陵加油站,43870219,0.00,1268.00,油資,金錢,桃園市桃園區****,,
17,林佳瑋,109年立法委員選舉,首次申報,1080725,雜支支出,現代廣告社,19966740,0.00,3200.00,背心,金錢,桃園市桃園區****,,
18,林佳瑋,109年立法委員選舉,首次申報,1080727,人事費用支出,陳景瑄,A22*******,0.00,1000.00,攝影費,金錢,臺北市中山區****,,
19,林佳瑋,109年立法委員選舉,首次申報,1080730,宣傳支出,現代廣告社,19966740,0.00,7400.00,製作宣傳廣告支出,金錢,桃園市桃園區****,,
20,林佳瑋,109年立法委員選舉,首次申報,1080801,宣傳支出,台灣連線股份有限公司,24556886,0.00,840.00,播送、傳送或刊登宣傳廣告支出,金錢,臺北市內湖區****,,
21,林佳瑋,109年立法委員選舉,首次申報,1080801,宣傳支出,宜安打字社,48800972,0.00,840.00,製作宣傳廣告支出,金錢,臺北市汀洲路****,,
22,林佳瑋,109年立法委員選舉,首次申報,1080801,雜支支出,藍新科技股份有限公司,70565326,0.00,56.00,金流手續費,金錢,臺北市南港區****,,
23,林佳瑋,109年立法委員選舉,首次申報,1080805,宣傳支出,現代廣告社,19966740,0.00,7400.00,製作宣傳廣告支出,金錢,桃園市桃園區****,,
24,林佳瑋,109年立法委員選舉,首次申報,1080805,集會支出,社團法人桃園藝文陣線,42156095,0.00,2000.00,租用場地支出,金錢,桃園市中壢區****,,
25,林佳瑋,109年立法委員選舉,首次申報,1080813,宣傳支出,現代廣告社,19966740,0.00,9500.00,製作宣傳廣告支出,金錢,桃園市桃園區****,,
26,林佳瑋,109年立法委員選舉,首次申報,1080815,交通旅運支出,台灣中油股份有限公司武陵加油站,43870219,0.00,1200.00,油資,金錢,桃園市桃園區****,,
27,林佳瑋,109年立法委員選舉,首次申報,1080819,宣傳支出,現代廣告社,19966740,0.00,9000.00,製作宣傳廣告支出,金錢,桃園市桃園區****,,
28,林佳瑋,109年立法委員選舉,首次申報,1080820,雜支支出,祖應堂青草店,45075906,0.00,2500.00,青草茶,金錢,桃園市中壢區****,,
29,林佳瑋,109年立法委員選舉,首次申報,1080821,交通旅運支出,台灣中油股份有限公司武陵加油站,43870219,0.00,969.00,油資,金錢,桃園市桃園區****,,
30,林佳瑋,109年立法委員選舉,首次申報,1080828,宣傳支出,現代廣告社,19966740,0.00,9500.00,製作宣傳廣告支出,金錢,桃園市桃園區****,,
31,林佳瑋,109年立法委員選舉,首次申報,1080828,人事費用支出,勞工保險局,I20*******,0.00,3039.00,勞保費,金錢,桃園市桃園區****,,
32,林佳瑋,109年立法委員選舉,首次申報,1080829,雜支支出,中華郵政公司,03741302,0.00,3000.00,郵寄競選物品或宣傳廣告支出,金錢,桃園市桃園區****,,
33,林佳瑋,109年立法委員選舉,首次申報,1080831,交通旅運支出,台灣中油股份有限公司茄苳加油站,02610485,0.00,1132.00,油費,金錢,桃園市八德區****,,
34,林佳瑋,109年立法委員選舉,首次申報,1080831,交通旅運支出,台灣中油股份有限公司武陵加油站,43870219,0.00,1157.00,油資,金錢,桃園市桃園區****,,
35,林佳瑋,109年立法委員選舉,首次申報,1080831,雜支支出,祖應堂青草店,45075906,0.00,2800.00,青草茶,金錢,桃園市中壢區****,,
36,林佳瑋,109年立法委員選舉,首次申報,1080831,雜支支出,泓昌實業有限公司,97404226,0.00,700.00,雜項購置或修繕費用,金錢,桃園市平鎮區****,,
37,林佳瑋,109年立法委員選舉,首次申報,1080831,交通旅運支出,郭建宏,D12*******,0.00,20000.00,交通費,金錢,臺南市北區西****,,
38,林佳瑋,109年立法委員選舉,首次申報,1080901,宣傳支出,台灣連線股份有限公司,24556886,0.00,840.00,租用廣告看板或車體廣告支出,金錢,臺北市內湖區****,,
39,林佳瑋,109年立法委員選舉,首次申報,1080901,雜支支出,藍新科技股份有限公司,70565326,0.00,3014.00,金流手續費,金錢,臺北市南港區****,,
40,林佳瑋,109年立法委員選舉,首次申報,1080902,宣傳支出,現代廣告社,19966740,0.00,1550.00,製作宣傳廣告支出,金錢,桃園市桃園區****,,
41,林佳瑋,109年立法委員選舉,首次申報,1080906,宣傳支出,現代廣告社,19966740,0.00,9500.00,帆布,金錢,桃園市桃園區****,,
42,林佳瑋,109年立法委員選舉,首次申報,1080907,交通旅運支出,台灣中油股份有限公司武陵加油站,43870219,0.00,1280.00,油資,金錢,桃園市桃園區****,,
43,林佳瑋,109年立法委員選舉,首次申報,1080907,雜支支出,祖應堂青草店,45075906,0.00,2800.00,仙草茶,金錢,桃園市中壢區****,,
44,林佳瑋,109年立法委員選舉,首次申報,1080907,雜支支出,泓昌實業有限公司,97404226,0.00,700.00,雜項購置或修繕費用,金錢,桃園市平鎮區****,,
45,林佳瑋,109年立法委員選舉,首次申報,1080910,宣傳支出,登揚大廈管理委員會,99223670,0.00,45000.00,租用廣告看板或車體廣告支出,金錢,桃園市中壢區****,,
46,林佳瑋,109年立法委員選舉,首次申報,1080911,宣傳支出,現代廣告社,19966740,0.00,9500.00,帆布,金錢,桃園市中壢區****,,
47,林佳瑋,109年立法委員選舉,首次申報,1080913,雜支支出,祖應堂青草店,45075906,0.00,2800.00,仙草茶,金錢,桃園市中壢區****,,
48,林佳瑋,109年立法委員選舉,首次申報,1080913,雜支支出,泓昌實業有限公司,97404226,0.00,700.00,雜項購置或修繕費用,金錢,桃園市平鎮區****,,
49,林佳瑋,109年立法委員選舉,首次申報,1080921,雜支支出,祖應堂青草店,45075906,0.00,2800.00,仙草,金錢,桃園市中壢區****,,
50,林佳瑋,109年立法委員選舉,首次申報,1080923,宣傳支出,原創視覺設計社,09975538,0.00,9030.00,面紙包,金錢,新竹市民生路****,,
51,林佳瑋,109年立法委員選舉,首次申報,1080923,交通旅運支出,台灣高鐵,16446274,0.00,780.00,搭乘交通工具支出,金錢,臺北市南港區****,,
52,林佳瑋,109年立法委員選舉,首次申報,1080923,宣傳支出,藍格印刷國際企業有限公司,22076600,0.00,239.00,貼紙,金錢,新北市三重區****,,
53,林佳瑋,109年立法委員選舉,首次申報,1080924,交通旅運支出,台灣高鐵,16446274,0.00,930.00,搭乘交通工具支出,金錢,臺北市南港區****,,
54,林佳瑋,109年立法委員選舉,首次申報,1080924,宣傳支出,現代廣告社,19966740,0.00,3000.00,易拉展,金錢,桃園市桃園區****,,
55,林佳瑋,109年立法委員選舉,首次申報,1080927,宣傳支出,大器光電企業社,82041227,0.00,7455.00,帆布,金錢,桃園市桃園區****,,
56,林佳瑋,109年立法委員選舉,首次申報,1080929,交通旅運支出,台灣高速鐵路公司,16446274,0.00,640.00,搭乘交通工具支出,金錢,台北市南港區****,,
57,林佳瑋,109年立法委員選舉,首次申報,1080930,宣傳支出,現代廣告社,19966740,0.00,2900.00,帆布,金錢,桃園市桃園區****,,
58,林佳瑋,109年立法委員選舉,首次申報,1080930,宣傳支出,郭建宏,D12*******,0.00,20000.00,交通費,金錢,臺南市北區西****,,
59,林佳瑋,109年立法委員選舉,首次申報,1081001,宣傳支出,心雅服裝行,15995103,0.00,924.00,背心,金錢,臺北市萬華區****,,
60,林佳瑋,109年立法委員選舉,首次申報,1081001,宣傳支出,台灣連線股份有限公司,24556886,0.00,840.00,播送、傳送或刊登宣傳廣告支出,金錢,臺北市內湖區****,,
61,林佳瑋,109年立法委員選舉,首次申報,1081001,雜支支出,藍新科技股份有限公司,70565326,0.00,2242.00,金流手續費,金錢,臺北市南港區****,,
62,林佳瑋,109年立法委員選舉,首次申報,1081002,雜支支出,臺灣土地銀行股份有限公司,03700301,0.00,15.00,跨行存款手續費,金錢,黎明里鄰館前****,,
63,林佳瑋,109年立法委員選舉,首次申報,1081005,宣傳支出,原創視覺設計社,09975538,0.00,9030.00,面紙,金錢,新竹市民生路****,,
64,林佳瑋,109年立法委員選舉,首次申報,1081005,集會支出,現代廣告社,19966740,0.00,6100.00,餐會佈置,金錢,桃園市桃園區****,,
65,林佳瑋,109年立法委員選舉,首次申報,1081005,雜支支出,新陶芳食堂,44820505,0.00,44400.00,活動餐費(含場地費),金錢,桃園市中壢區****,,
66,林佳瑋,109年立法委員選舉,首次申報,1081006,人事費用支出,勞工保險局,I20*******,0.00,3039.00,勞保費,金錢,桃園市桃園區****,,
67,林佳瑋,109年立法委員選舉,首次申報,1081011,人事費用支出,唐佐欣,D22*******,0.00,1000.00,其他因工作酬勞之給付,金錢,臺北市松信路****,,
68,林佳瑋,109年立法委員選舉,首次申報,1081011,租用競選辦事處支出,羅健燻,H12*******,0.00,10000.00,租用競選辦事處費用,金錢,桃園市中壢區****,,
69,林佳瑋,109年立法委員選舉,首次申報,1081013,交通旅運支出,台灣高速鐵路公司,16446274,0.00,475.00,搭乘交通工具支出,金錢,台北市南港區****,,
70,林佳瑋,109年立法委員選舉,首次申報,1081016,宣傳支出,原創視覺設計社,09975538,0.00,9030.00,面紙,金錢,新竹市民生路****,,
71,林佳瑋,109年立法委員選舉,首次申報,1081018,租用競選辦事處支出,金鼎建材企業有限公司,80309389,0.00,64838.00,裝潢競選辦事處支出,金錢,桃園市蘆竹區****,,
72,林佳瑋,109年立法委員選舉,首次申報,1081021,宣傳支出,大器光電企業社,82041227,0.00,20202.00,帆布,金錢,桃園市桃園區****,,
73,林佳瑋,109年立法委員選舉,首次申報,1081025,雜支支出,瓦特純水行,72729556,0.00,3150.00,水電瓦斯費用,金錢,桃園市桃園區****,,
74,林佳瑋,109年立法委員選舉,首次申報,1081025,人事費用支出,項成文,J22*******,0.00,8000.00,其他因工作酬勞之給付,金錢,桃園市桃園區****,,
75,林佳瑋,109年立法委員選舉,首次申報,1081026,雜支支出,祖應堂青草店,45075906,0.00,2800.00,青草茶,金錢,桃園市中壢區****,,
76,林佳瑋,109年立法委員選舉,首次申報,1081026,人事費用支出,唐佐欣,D22*******,0.00,2000.00,攝影費,金錢,臺北市松信路****,,
77,林佳瑋,109年立法委員選舉,首次申報,1081028,宣傳支出,原創視覺設計社,09975538,0.00,9030.00,面紙,金錢,新竹市民生路****,,
78,林佳瑋,109年立法委員選舉,首次申報,1081028,宣傳支出,立大林數位印刷有限公司,16270991,0.00,10500.00,製作宣傳廣告支出,金錢,新北市三重區****,,
79,林佳瑋,109年立法委員選舉,首次申報,1081030,交通旅運支出,台灣中油股份有限公司武陵加油站,43870219,0.00,1120.00,油資,金錢,桃園市桃園區****,,
80,林佳瑋,109年立法委員選舉,首次申報,1081031,宣傳支出,郭建宏,D12*******,0.00,20000.00,交通費,金錢,臺南市北區西****,,
81,林佳瑋,109年立法委員選舉,首次申報,1081101,宣傳支出,台灣連線股份有限公司,24556886,0.00,840.00,播送、傳送或刊登宣傳廣告支出,金錢,臺北市內湖區****,,
82,林佳瑋,109年立法委員選舉,首次申報,1081101,雜支支出,藍新科技股份有限公司,70565326,0.00,1455.00,金流手續費,金錢,臺北市南港區****,,
83,林佳瑋,109年立法委員選舉,首次申報,1081103,雜支支出,漢麟樂器行,09646446,0.00,600.00,麥克風接收器,金錢,新北市五股區****,,
84,林佳瑋,109年立法委員選舉,首次申報,1081105,雜支支出,台翔鑰匙刻印,67723130,0.00,1500.00,遙控器,金錢,桃園市中壢區****,,
85,林佳瑋,109年立法委員選舉,首次申報,1081106,宣傳支出,徐巧雯,H22*******,0.00,74938.00,租用廣告看板或車體廣告支出,金錢,桃園市八德區****,,
86,林佳瑋,109年立法委員選舉,首次申報,1081108,交通旅運支出,台灣高速鐵路公司,16446274,0.00,480.00,搭乘交通工具支出,金錢,台北市南港區****,,
87,林佳瑋,109年立法委員選舉,首次申報,1081108,宣傳支出,現代廣告社,19966740,0.00,5400.00,易拉展 手舉牌 關東旗,金錢,桃園市桃園區****,,
88,林佳瑋,109年立法委員選舉,首次申報,1081108,宣傳支出,成光打字行,43857026,0.00,1800.00,播送、傳送或刊登宣傳廣告支出,金錢,桃園市桃園區****,,
89,林佳瑋,109年立法委員選舉,首次申報,1081108,宣傳支出,大器光電企業社,82041227,0.00,7500.00,帆布,金錢,桃園市桃園區****,,
90,林佳瑋,109年立法委員選舉,首次申報,1081112,宣傳支出,原創視覺設計社,09975538,0.00,27090.00,面紙包,金錢,新竹市民生路****,,
91,林佳瑋,109年立法委員選舉,首次申報,1081112,宣傳支出,現代廣告社,19966740,0.00,600.00,大圖輸出,金錢,桃園市桃園區****,,
92,林佳瑋,109年立法委員選舉,首次申報,1081116,交通旅運支出,台灣中油股份有限公司茄苳加油站,02610485,0.00,1080.00,油資,金錢,桃園市八德區****,,
93,林佳瑋,109年立法委員選舉,首次申報,1081116,宣傳支出,現代廣告社,19966740,0.00,7800.00,製作海報,金錢,桃園市桃園區****,,
94,林佳瑋,109年立法委員選舉,首次申報,1081117,雜支支出,糖蜜閣輕食咖啡坊,41035545,0.00,1000.00,餐飲費用,金錢,桃園市中壢區****,,
95,林佳瑋,109年立法委員選舉,首次申報,1081117,雜支支出,祖應堂青草店,45075906,0.00,2800.00,青草茶,金錢,桃園市中壢區****,,
96,林佳瑋,109年立法委員選舉,首次申報,1081117,雜支支出,禾豐包子,50606101,0.00,1800.00,餐飲費用,金錢,桃園市中壢區****,,
97,林佳瑋,109年立法委員選舉,首次申報,1081118,雜支支出,桃園市選舉委員會,I20*******,0.00,200000.00,選舉保證金費（未退回保證金者得以報支）,金錢,桃園市桃園區****,,
98,林佳瑋,109年立法委員選舉,首次申報,1081119,宣傳支出,成光打字行,43857026,0.00,750.00,播送、傳送或刊登宣傳廣告支出,金錢,桃園市桃園區****,,
99,林佳瑋,109年立法委員選舉,首次申報,1081120,宣傳支出,安昇廣告企業社,66953268,0.00,5686.00,製作宣傳廣告支出,金錢,桃園市中壢區****,,
100,林佳瑋,109年立法委員選舉,首次申報,1081122,雜支支出,燦坤實業股份有限公司中壢分公司,53001020,0.00,299.00,文具用品費用,金錢,桃園市中壢區****,,
101,林佳瑋,109年立法委員選舉,首次申報,1081122,人事費用支出,勞工保險局,I20*******,0.00,3039.00,勞保費,金錢,桃園市桃園區****,,
102,林佳瑋,109年立法委員選舉,首次申報,1081124,雜支支出,燦坤實業股份有限公司中壢分公司,53001020,0.00,489.00,文具用品費用,金錢,桃園市中壢區****,,
103,林佳瑋,109年立法委員選舉,首次申報,1081126,宣傳支出,大器光電企業社,82041227,0.00,13000.00,帆布,金錢,桃園市桃園區****,,
104,林佳瑋,109年立法委員選舉,首次申報,1081127,宣傳支出,現代廣告社,19966740,0.00,4000.00,帆布,金錢,桃園市桃園區****,,
105,林佳瑋,109年立法委員選舉,首次申報,1081127,宣傳支出,大器光電企業社,82041227,0.00,27000.00,帆布,金錢,桃園市桃園區****,,
106,林佳瑋,109年立法委員選舉,首次申報,1081129,交通旅運支出,台灣中油股份有限公司武陵加油站,43870219,0.00,1289.00,油資,金錢,桃園市桃園區****,,
107,林佳瑋,109年立法委員選舉,首次申報,1081130,宣傳支出,郭建宏,D12*******,0.00,20000.00,交通費,金錢,臺南市北區西****,,
108,林佳瑋,109年立法委員選舉,首次申報,1081130,人事費用支出,勞工保險局,I20*******,0.00,3039.00,勞保費,金錢,桃園市桃園區****,,
109,林佳瑋,109年立法委員選舉,首次申報,1081201,宣傳支出,台灣連線股份有限公司,24556886,0.00,840.00,播送、傳送或刊登宣傳廣告支出,金錢,臺北市內湖區****,,
110,林佳瑋,109年立法委員選舉,首次申報,1081201,雜支支出,藍新科技股份有限公司,70565326,0.00,2322.00,金流手續票,金錢,臺北市南港區****,,
111,林佳瑋,109年立法委員選舉,首次申報,1081202,宣傳支出,富士康廣告有限公司,24384651,0.00,13965.00,播送、傳送或刊登宣傳廣告支出,金錢,臺中市北區永****,,
112,林佳瑋,109年立法委員選舉,首次申報,1081202,宣傳支出,傑西實業有限公司,28738780,0.00,15750.00,租用廣告看板或車體廣告支出,金錢,桃園市桃園區****,,
113,林佳瑋,109年立法委員選舉,首次申報,1081202,宣傳支出,陳德倫,A22*******,0.00,3000.00,委託辦理研究、評估、調查、設計或規劃支出,金錢,臺北市內湖區****,,
114,林佳瑋,109年立法委員選舉,首次申報,1081203,宣傳支出,藍格印刷國際企業有限公司,22076600,0.00,1247.00,貼紙,金錢,新北市三重區****,,
115,林佳瑋,109年立法委員選舉,首次申報,1081203,宣傳支出,大器光電企業社,82041227,0.00,28900.00,製作宣傳廣告支出,金錢,桃園市桃園區****,,
116,林佳瑋,109年立法委員選舉,首次申報,1081203,宣傳支出,徐巧雯,H22*******,0.00,25000.00,租用廣告看板或車體廣告支出,金錢,桃園市八德區****,,
117,林佳瑋,109年立法委員選舉,首次申報,1081205,租用宣傳車輛支出,格上汽車租賃股份有限公司中壢分公司,27747656,0.00,23000.00,租用宣傳車輛支出,金錢,桃園市中壢區****,,
118,林佳瑋,109年立法委員選舉,首次申報,1081205,宣傳支出,安昇廣告企業社,66953268,0.00,30954.00,製作宣傳廣告支出,金錢,桃園市中壢區****,,
119,林佳瑋,109年立法委員選舉,首次申報,1081205,宣傳支出,大家廣告企業社,82269095,0.00,10182.00,製作宣傳廣告支出,金錢,桃園市中壢區****,,
120,林佳瑋,109年立法委員選舉,首次申報,1081205,宣傳支出,陳有田,H10*******,0.00,5000.00,租用廣告看板或車體廣告支出,金錢,桃園市中壢區****,,
121,林佳瑋,109年立法委員選舉,首次申報,1081205,宣傳支出,徐盛能,H12*******,0.00,11000.00,租用廣告看板或車體廣告支出,金錢,桃園市中壢區****,,
122,林佳瑋,109年立法委員選舉,首次申報,1081207,宣傳支出,丁國祥,H12*******,0.00,8000.00,租用廣告看板或車體廣告支出,金錢,桃園市中壢區****,,
123,林佳瑋,109年立法委員選舉,首次申報,1081209,宣傳支出,亞爵麗緻社區管理委員會,09616273,0.00,1600.00,租用廣告看板或車體廣告支出,金錢,桃園市中壢區****,,
124,林佳瑋,109年立法委員選舉,首次申報,1081209,宣傳支出,現代廣告社,19966740,0.00,1500.00,手舉牌,金錢,桃園市桃園區****,,
125,林佳瑋,109年立法委員選舉,首次申報,1081209,雜支支出,帝王食補志廣店,98976187,0.00,1189.00,餐飲費用,金錢,桃園市中壢區****,,
126,林佳瑋,109年立法委員選舉,首次申報,1081210,宣傳支出,毅鴻企業社,18082735,0.00,68250.00,車體廣告支出,金錢,新北市板橋區****,,
127,林佳瑋,109年立法委員選舉,首次申報,1081211,租用宣傳車輛支出,向麗琴,,0.00,30000.00,雇用宣傳車輛駕駛支出,金錢,桃園市中壢區****,,
128,林佳瑋,109年立法委員選舉,首次申報,1081211,宣傳支出,立大林數位印刷有限公司,16270991,0.00,10500.00,布條,金錢,新北市三重區****,,
129,林佳瑋,109年立法委員選舉,首次申報,1081212,宣傳支出,現代廣告社,19966740,0.00,6000.00,手舉牌,金錢,桃園市桃園區****,,
130,林佳瑋,109年立法委員選舉,首次申報,1081212,雜支支出,台翔鑰匙刻印,67723130,0.00,500.00,遙控器,金錢,桃園市中壢區****,,
131,林佳瑋,109年立法委員選舉,首次申報,1081213,宣傳支出,亞爵麗緻社區管理委員會,09616273,0.00,4000.00,租用廣告看板或車體廣告支出,金錢,桃園市中壢區****,,
132,林佳瑋,109年立法委員選舉,首次申報,1081215,租用宣傳車輛支出,台灣中油股份有限公司武陵加油站,43870219,0.00,1077.00,宣傳車輛燃料支出,金錢,桃園市桃園區****,,
133,林佳瑋,109年立法委員選舉,首次申報,1081217,宣傳支出,現代廣告社,19966740,0.00,6360.00,號碼噴模,金錢,桃園市桃園區****,,
134,林佳瑋,109年立法委員選舉,首次申報,1081218,租用宣傳車輛支出,寶林企業社,13369112,0.00,60000.00,租用宣傳車輛支出(含司機),金錢,新北市永和區****,,
135,林佳瑋,109年立法委員選舉,首次申報,1081218,宣傳支出,現代廣告社,19966740,0.00,900.00,號碼,金錢,桃園市桃園區****,,
136,林佳瑋,109年立法委員選舉,首次申報,1081219,雜支支出,威記雞腿大王企業社,08682350,0.00,1800.00,餐飲費用,金錢,桃園市中壢區****,,
137,林佳瑋,109年立法委員選舉,首次申報,1081219,集會支出,南山產物保險公司,11099303,0.00,4780.00,活動保險,金錢,臺北市中正區****,,
138,林佳瑋,109年立法委員選舉,首次申報,1081219,宣傳支出,立大林數位印刷有限公司,16270991,0.00,19740.00,廣告面紙,金錢,新北市三重區****,,
139,林佳瑋,109年立法委員選舉,首次申報,1081219,宣傳支出,藍格印刷國際企業有限公司,22076600,0.00,342.00,貼紙,金錢,新北市三重區****,,
140,林佳瑋,109年立法委員選舉,首次申報,1081219,宣傳支出,愛上杜拜社區管理委員會,30166793,0.00,1500.00,播送、傳送或刊登宣傳廣告支出,金錢,桃園市中壢區****,,
141,林佳瑋,109年立法委員選舉,首次申報,1081219,宣傳支出,大器光電企業社,82041227,0.00,69195.00,播送、傳送或刊登宣傳廣告支出,金錢,桃園市桃園區****,,
142,林佳瑋,109年立法委員選舉,首次申報,1081220,宣傳支出,彩捷印刷坊,49858085,0.00,600.00,大圖輸出,金錢,桃園市中壢區****,,
143,林佳瑋,109年立法委員選舉,首次申報,1081221,交通旅運支出,台灣中油股份有限公司中壢工業區加油站,,0.00,945.00,油資,金錢,桃園市中壢區****,,
144,林佳瑋,109年立法委員選舉,首次申報,1081222,人事費用支出,陳甜恬,E22*******,0.00,70000.00,工資或薪津,金錢,臺南市安平區****,,
145,林佳瑋,109年立法委員選舉,首次申報,1081223,宣傳支出,原創視覺設計社,09975538,0.00,9030.00,面紙,金錢,新竹市民生路****,,
146,林佳瑋,109年立法委員選舉,首次申報,1081223,宣傳支出,現代廣告社,19966740,0.00,300.00,製作宣傳廣告支出,金錢,桃園市桃園區****,,
147,林佳瑋,109年立法委員選舉,首次申報,1081223,宣傳支出,彩捷印刷坊,49858085,0.00,2800.00,邀請卡,金錢,桃園市中壢區****,,
148,林佳瑋,109年立法委員選舉,首次申報,1081224,交通旅運支出,台灣中油股份有限公司中工二加油站,08418232,0.00,937.00,油資,金錢,桃園市中壢區****,,
149,林佳瑋,109年立法委員選舉,首次申報,1081224,雜支支出,陽光樂食飲食店,82058824,0.00,1275.00,餐飲費用,金錢,桃園市中壢區****,,
150,林佳瑋,109年立法委員選舉,首次申報,1081225,雜支支出,彩捷印刷坊,49858085,0.00,700.00,名片,金錢,桃園市中壢區****,,
151,林佳瑋,109年立法委員選舉,首次申報,1081225,雜支支出,汎亞企樂社,82045949,0.00,850.00,雜項購置或修繕費用,金錢,桃園市中壢區****,,
152,林佳瑋,109年立法委員選舉,首次申報,1081225,人事費用支出,萬益甫,D12*******,0.00,24000.00,工資或薪津,金錢,桃園市中壢區****,,
153,林佳瑋,109年立法委員選舉,首次申報,1081225,人事費用支出,邱湧哲,H12*******,0.00,24000.00,工資或薪津,金錢,桃園市中壢區****,,
154,林佳瑋,109年立法委員選舉,首次申報,1081226,宣傳支出,富士康廣告有限公司,24384651,0.00,10500.00,播送、傳送或刊登宣傳廣告支出,金錢,臺中市北區永****,,
155,林佳瑋,109年立法委員選舉,首次申報,1081226,雜支支出,泰小米便當店,85238379,0.00,1800.00,餐飲費用,金錢,桃園市中壢區****,,
156,林佳瑋,109年立法委員選舉,首次申報,1081226,人事費用支出,梅氏清泉,HD0*******,0.00,4448.00,翻譯,金錢,桃園市中壢區****,,
157,林佳瑋,109年立法委員選舉,首次申報,1081227,租用宣傳車輛支出,宏昇加油站,89824745,0.00,905.00,宣傳車輛燃料支出,金錢,桃園市中壢區****,,
158,林佳瑋,109年立法委員選舉,首次申報,1081228,租用宣傳車輛支出,台灣中油股份有限公司武陵加油站,43870219,0.00,1267.00,宣傳車輛燃料支出,金錢,桃園市桃園區****,,
159,林佳瑋,109年立法委員選舉,首次申報,1081230,宣傳支出,藍格印刷國際企業有限公司,22076600,0.00,571.00,貼紙,金錢,新北市三重區****,,
160,林佳瑋,109年立法委員選舉,首次申報,1081230,租用宣傳車輛支出,環中加油站,70686102,0.00,912.00,宣傳車輛燃料支出,金錢,桃園市中壢區****,,
161,林佳瑋,109年立法委員選舉,首次申報,1081230,宣傳支出,大器光電企業社,82041227,0.00,10500.00,播送、傳送或刊登宣傳廣告支出,金錢,桃園市桃園區****,,
162,林佳瑋,109年立法委員選舉,首次申報,1081230,人事費用支出,中央健康保險署,I20*******,0.00,8995.00,健保費,金錢,桃園市桃園區****,,
163,林佳瑋,109年立法委員選舉,首次申報,1081231,集會支出,南山產物保險公司,11099303,0.00,2390.00,活動保險費,金錢,臺北市中正區****,,
164,林佳瑋,109年立法委員選舉,首次申報,1081231,人事費用支出,魏豫綾,E22*******,0.00,210000.00,工資或薪津,金錢,桃園市桃園區****,,
165,林佳瑋,109年立法委員選舉,首次申報,1090101,宣傳支出,台灣連線股份有限公司,24556886,0.00,840.00,播送、傳送或刊登宣傳廣告支出,金錢,臺北市內湖區****,,
166,林佳瑋,109年立法委員選舉,首次申報,1090101,雜支支出,滿滿商行,31949562,0.00,1900.00,文具用品費用,金錢,臺北市中正區****,,
167,林佳瑋,109年立法委員選舉,首次申報,1090101,雜支支出,祖應堂青草店,45075906,0.00,2800.00,青草茶,金錢,桃園市中壢區****,,
168,林佳瑋,109年立法委員選舉,首次申報,1090101,雜支支出,藍新科技股份有限公司,70565326,0.00,562.00,金流手續費,金錢,臺北市南港區****,,
169,林佳瑋,109年立法委員選舉,首次申報,1090103,交通旅運支出,林王股份有限公司,13760931,0.00,935.00,油資,金錢,桃園市八德區****,,
170,林佳瑋,109年立法委員選舉,首次申報,1090103,宣傳支出,立大林數位印刷有限公司,16270991,0.00,30345.00,印刷品,金錢,新北市三重區****,,
171,林佳瑋,109年立法委員選舉,首次申報,1090103,宣傳支出,彩捷印刷坊,49858085,0.00,6508.00,文宣影印,金錢,桃園市中壢區****,,
172,林佳瑋,109年立法委員選舉,首次申報,1090103,宣傳支出,順樺企業社,72505660,0.00,33128.00,泡泡活動,金錢,彰化縣彰化市****,,
173,林佳瑋,109年立法委員選舉,首次申報,1090103,租用宣傳車輛支出,勝輝車業行,78816212,0.00,350.00,維修宣傳車輛支出,金錢,桃園市桃園區****,,
174,林佳瑋,109年立法委員選舉,首次申報,1090104,宣傳支出,亞洲廣播股份有限公司,96876535,0.00,50000.00,播送、傳送或刊登宣傳廣告支出,金錢,桃園市桃園區****,,
175,林佳瑋,109年立法委員選舉,首次申報,1090106,宣傳支出,富士康廣告有限公司,24384651,0.00,7875.00,播送、傳送或刊登宣傳廣告支出,金錢,臺中市北區永****,,
176,林佳瑋,109年立法委員選舉,首次申報,1090107,租用宣傳車輛支出,台灣中油股份有限公司茄苳加油站,02610485,0.00,1091.00,宣傳車輛燃料支出,金錢,桃園市八德區****,,
177,林佳瑋,109年立法委員選舉,首次申報,1090107,租用宣傳車輛支出,格上汽車租賃股份有限公司中壢分公司,27747656,0.00,8437.00,租用宣傳車輛支出,金錢,桃園市中壢區****,,
178,林佳瑋,109年立法委員選舉,首次申報,1090107,交通旅運支出,台灣中油股份有限公司平鎮加油站,44533314,0.00,1013.00,油資,金錢,桃園市平鎮區****,,
179,林佳瑋,109年立法委員選舉,首次申報,1090108,雜支支出,台灣電力公司,02488533,0.00,580.00,水電瓦斯費用,金錢,桃園市中壢區****,,
180,林佳瑋,109年立法委員選舉,首次申報,1090109,宣傳支出,印象商圈電視牆股份有限公司,,0.00,5250.00,播送、傳送或刊登宣傳廣告支出,金錢,桃園市龜山區****,,
181,林佳瑋,109年立法委員選舉,首次申報,1090109,宣傳支出,大有企業社,41030268,0.00,58065.00,播送、傳送或刊登宣傳廣告支出,金錢,桃園市八德區****,,
182,林佳瑋,109年立法委員選舉,首次申報,1090109,雜支支出,禾豐包子,50606101,0.00,4000.00,餐飲費用,金錢,桃園市中壢區****,,
183,林佳瑋,109年立法委員選舉,首次申報,1090109,集會支出,偲特奇活動工程有限公司,54933021,0.00,73000.00,租用設備支出,金錢,桃園市八德區****,,
184,林佳瑋,109年立法委員選舉,首次申報,1090109,雜支支出,中園鮮茶道商行,72737140,0.00,550.00,餐飲費用,金錢,桃園市中壢區****,,
185,林佳瑋,109年立法委員選舉,首次申報,1090109,人事費用支出,康雅鳳,A22*******,0.00,5000.00,其他因工作酬勞之給付,金錢,新北市板橋區****,,
186,林佳瑋,109年立法委員選舉,首次申報,1090110,雜支支出,三井資訊股份有限公司桃園復興營業所,09711804,0.00,1588.00,文具用品費用,金錢,桃園市桃園區****,,
187,林佳瑋,109年立法委員選舉,首次申報,1090110,集會支出,創庫國際設計有限公司,53706603,0.00,90000.00,雷射投影,金錢,新北市中和區****,,
188,林佳瑋,109年立法委員選舉,首次申報,1090110,宣傳支出,大器光電企業社,82041227,0.00,50400.00,播送、傳送或刊登宣傳廣告支出,金錢,桃園市桃園區****,,
189,林佳瑋,109年立法委員選舉,首次申報,1090111,雜支支出,富利餐飲中壢中美外送分公司,84308215,0.00,2028.00,餐飲費用,金錢,桃園市中壢區****,,
190,林佳瑋,109年立法委員選舉,首次申報,1090122,人事費用支出,王浩,N12*******,0.00,50000.00,獎金,金錢,桃園市桃園區****,,
191,林佳瑋,109年立法委員選舉,首次申報,1090201,雜支支出,藍新科技股份有限公司,70565326,0.00,506.00,金流手續費,金錢,臺北市南港區****,,
192,林佳瑋,109年立法委員選舉,首次申報,1090203,人事費用支出,中央健康保險署,I20*******,0.00,6805.00,健保費,金錢,桃園市桃園區****,,
193,林佳瑋,109年立法委員選舉,首次申報,1090203,人事費用支出,勞工保險局,I20*******,0.00,11285.00,勞保費,金錢,桃園市桃園區****,,
194,林佳瑋,109年立法委員選舉,首次申報,1090210,人事費用支出,中央健康保險署,I20*******,0.00,5303.00,健保費,金錢,桃園市桃園區****,,
