﻿序號,擬參選人／政黨,選舉名稱,申報序號／年度,交易日期,收支科目,捐贈者／支出對象,身分證／統一編號,收入金額,支出金額,捐贈方式,存入專戶日期,返還/繳庫,支出用途,金錢類,地址,聯絡電話,應揭露之支出對象,支出對象之內部人員姓名,支出對象之內部人員職稱,政黨之內部人員姓名,政黨之內部人員職稱,關係,更正註記,資料更正日期
1,賴國祥O．SENG．KATI,111年花蓮縣議員選舉,首次申報,1110920,匿名捐贈,匿名,,3000.00,0.00,匯款,1110920,,,金錢,,,,,,,,,,
2,賴國祥O．SENG．KATI,111年花蓮縣議員選舉,首次申報,1111004,個人捐贈收入,魏台發,,20000.00,0.00,匯款,1111004,,,金錢,新北市樹林區****,,,,,,,,,
3,賴國祥O．SENG．KATI,111年花蓮縣議員選舉,首次申報,1111102,個人捐贈收入,林蕾歌,U20*******,50000.00,0.00,匯款,1111102,,,金錢,花蓮縣光復鄉****,,,,,,,,,
4,賴國祥O．SENG．KATI,111年花蓮縣議員選舉,首次申報,1111117,個人捐贈收入,鄭文在,H12*******,20000.00,0.00,匯款,1111117,,,金錢,臺北市萬華區****,,,,,,,,,
5,賴國祥O．SENG．KATI,111年花蓮縣議員選舉,首次申報,1111121,營利事業捐贈收入,宜花東遊覽車客運(股)公司,16363272,100000.00,0.00,現金,,,,金錢,花蓮縣花蓮市****,,,,,,,,,
6,賴國祥O．SENG．KATI,111年花蓮縣議員選舉,首次申報,1111221,其他收入,利息收入,,12.00,0.00,匯款,1111221,,,金錢,,,,,,,,,,
