﻿序號,擬參選人／政黨,選舉名稱,申報序號／年度,交易日期,收支科目,捐贈者／支出對象,身分證／統一編號,收入金額,支出金額,支出用途,金錢類,地址,聯絡電話,資料更正日期
1,張彥彤,107年直轄市議員選舉,首次申報,1070917,個人捐贈收入,柯杜瑞琴,B20*******,100000.00,0.00,,金錢,臺中市西區存****,0937*****,
2,張彥彤,107年直轄市議員選舉,首次申報,1070918,匿名捐贈,匿名,,147.00,0.00,,金錢,,,
3,張彥彤,107年直轄市議員選舉,首次申報,1071001,匿名捐贈,匿名,,1.00,0.00,,金錢,,,
4,張彥彤,107年直轄市議員選舉,首次申報,1071012,個人捐贈收入,林火柴,B10*******,100000.00,0.00,,金錢,臺中市西區柳****,04-2*****,
5,張彥彤,107年直轄市議員選舉,首次申報,1071017,營利事業捐贈收入,金潤益食品工業有限公司,52666673,200000.00,0.00,,金錢,臺中市西屯區****,,
6,張彥彤,107年直轄市議員選舉,首次申報,1071027,個人捐贈收入,劉德珍,,30000.00,0.00,,金錢,臺中市西區忠****,,
7,張彥彤,107年直轄市議員選舉,首次申報,1071028,個人捐贈收入,劉德珍,,30000.00,0.00,,金錢,臺中市西區忠****,,
8,張彥彤,107年直轄市議員選舉,首次申報,1071102,個人捐贈收入,黃義交,,20000.00,0.00,,金錢,臺中市西屯區****,,
9,張彥彤,107年直轄市議員選舉,首次申報,1071107,個人捐贈收入,王淑芳,,10000.00,0.00,,金錢,,0988*****,
10,張彥彤,107年直轄市議員選舉,首次申報,1071107,營利事業捐贈收入,天下數位科技有限公司,24250359,20000.00,0.00,,金錢,臺中市北區漢****,,
11,張彥彤,107年直轄市議員選舉,首次申報,1071112,個人捐贈收入,呂明旭,,5000.00,0.00,,金錢,臺中市西區華****,,
12,張彥彤,107年直轄市議員選舉,首次申報,1071113,匿名捐贈,楊詠甯,,6600.00,0.00,,金錢,,,
13,張彥彤,107年直轄市議員選舉,首次申報,1071116,個人捐贈收入,羅永發,,10000.00,0.00,,金錢,臺中市中區民****,,
14,張彥彤,107年直轄市議員選舉,首次申報,1071116,營利事業捐贈收入,保證責任台中市中區合作社,51811805,500000.00,0.00,,金錢,臺中市西區大****,,
15,張彥彤,107年直轄市議員選舉,首次申報,1071120,匿名捐贈,梁如豐,,10000.00,0.00,,金錢,,,
16,張彥彤,107年直轄市議員選舉,首次申報,1071121,營利事業捐贈收入,東風國際旅行社股份有限公司,28793903,10000.00,0.00,,金錢,臺中市西屯區****,,
17,張彥彤,107年直轄市議員選舉,首次申報,1071121,個人捐贈收入,張健均,E10*******,100000.00,0.00,,金錢,臺中市西區存****,,
18,張彥彤,107年直轄市議員選舉,首次申報,1071121,個人捐贈收入,張健漢,E10*******,100000.00,0.00,,金錢,臺中市西區中****,,
19,張彥彤,107年直轄市議員選舉,首次申報,1071123,個人捐贈收入,林耀城,,3600.00,0.00,,金錢,,0911*****,
20,張彥彤,107年直轄市議員選舉,首次申報,1071221,其他收入,利息收入,,130.00,0.00,,金錢,,,
