﻿序號,擬參選人／政黨,選舉名稱,申報序號／年度,交易日期,收支科目,捐贈者／支出對象,身分證／統一編號,收入金額,支出金額,支出用途,金錢類,地址,聯絡電話,資料更正日期
1,謝彥慧,107年縣(市)議員選舉,首次申報,1070916,匿名捐贈,匿名,,147.00,0.00,,金錢,,,
2,謝彥慧,107年縣(市)議員選舉,首次申報,1071003,個人捐贈收入,蔡進義,N12*******,5000.00,0.00,,金錢,桃園市平鎮區****,0937*****,
3,謝彥慧,107年縣(市)議員選舉,首次申報,1071008,個人捐贈收入,蔡梓鑫,L12*******,10000.00,0.00,,金錢,彰化縣彰化市****,04-7*****,
4,謝彥慧,107年縣(市)議員選舉,首次申報,1071012,營利事業捐贈收入,永溢環保科技有限公司,80567203,50000.00,0.00,,金錢,彰化縣芳苑鄉****,,
5,謝彥慧,107年縣(市)議員選舉,首次申報,1071016,個人捐贈收入,張麗梅,L22*******,6000.00,0.00,,金錢,臺中市潭子區****,,
6,謝彥慧,107年縣(市)議員選舉,首次申報,1071016,個人捐贈收入,陳貞竹,N22*******,20000.00,0.00,,金錢,彰化縣二林鎮****,04-8*****,
7,謝彥慧,107年縣(市)議員選舉,首次申報,1071018,營利事業捐贈收入,昶陽綠能科技有限公司,45104682,30000.00,0.00,,金錢,彰化縣竹塘鄉****,,
8,謝彥慧,107年縣(市)議員選舉,首次申報,1071018,個人捐贈收入,王逸華,N22*******,50000.00,0.00,,金錢,臺中市大里區****,0932*****,
9,謝彥慧,107年縣(市)議員選舉,首次申報,1071024,個人捐贈收入,陳威丞,N12*******,50000.00,0.00,,金錢,彰化縣芳苑鄉****,0919*****,
10,謝彥慧,107年縣(市)議員選舉,首次申報,1071108,個人捐贈收入,張能謀,N12*******,30000.00,0.00,,金錢,彰化縣竹塘鄉****,04-8*****,
11,謝彥慧,107年縣(市)議員選舉,首次申報,1071112,個人捐贈收入,洪安琪,N22*******,20000.00,0.00,,金錢,彰化縣二林鎮****,0913*****,
12,謝彥慧,107年縣(市)議員選舉,首次申報,1071119,個人捐贈收入,莊清圳,N10*******,32000.00,0.00,,金錢,臺中市大里區****,04-2*****,
13,謝彥慧,107年縣(市)議員選舉,首次申報,1071123,個人捐贈收入,謝明穎,M12*******,20000.00,0.00,,金錢,彰化縣二林鎮****,0952*****,
