﻿序號,擬參選人／政黨,選舉名稱,申報序號／年度,交易日期,收支科目,捐贈者／支出對象,身分證／統一編號,收入金額,支出金額,捐贈方式,存入專戶日期,返還/繳庫,支出用途,金錢類,地址,聯絡電話,應揭露之支出對象,支出對象之內部人員姓名,支出對象之內部人員職稱,政黨之內部人員姓名,政黨之內部人員職稱,關係,資料更正日期
1,王閔生,107年直轄市議員選舉,首次申報,1070620,宣傳支出,巨勳廣告工程有限公司,27397715,0.00,26901.00,,,,租用廣告看板或車體廣告支出,金錢,新北市板橋區****,,,,,,,,2021/8/2 下午 03:45:51
2,王閔生,107年直轄市議員選舉,首次申報,1070620,宣傳支出,三竹資訊股份有限公司,86136982,0.00,10000.00,,,,發送電信簡訊支出,金錢,臺北市中山區****,,,,,,,,2021/8/2 下午 03:45:51
3,王閔生,107年直轄市議員選舉,首次申報,1070623,公共關係費用支出,花田花藝精品名店,95890329,0.00,32500.00,,,,高架花籃、盆栽、蘭花,金錢,新北市板橋區****,０２－８*****,,,,,,,2021/8/2 下午 03:45:51
4,王閔生,107年直轄市議員選舉,首次申報,1070718,宣傳支出,巨勳廣告工程有限公司,27397715,0.00,109389.00,,,,租用廣告看板或車體廣告支出,金錢,新北市板橋區****,０２－２*****,,,,,,,2021/8/2 下午 03:45:51
5,王閔生,107年直轄市議員選舉,首次申報,1070723,公共關係費用支出,花田花藝精品名店,95890329,0.00,21500.00,,,,盆栽、花籃、蘭花,金錢,新北市板橋區****,,,,,,,,2021/8/2 下午 03:45:51
6,王閔生,107年直轄市議員選舉,首次申報,1070813,宣傳支出,詮虹企業有限公司,53423767,0.00,17640.00,,,,製作競選物品支出（礦泉水一批）,金錢,新北市蘆洲區****,,,,,,,,2021/8/2 下午 03:45:51
7,王閔生,107年直轄市議員選舉,首次申報,1070813,宣傳支出,速博快速印刷事業有限公司,80059755,0.00,189000.00,,,,製作宣傳廣告支出,金錢,新北市土城區****,０２－２*****,,,,,,,2021/8/2 下午 03:45:51
8,王閔生,107年直轄市議員選舉,首次申報,1070822,宣傳支出,詮虹企業有限公司,53423767,0.00,17640.00,,,,製作競選物品支出（礦泉水一批）,金錢,新北市蘆洲區****,,,,,,,,2021/8/2 下午 03:45:51
9,王閔生,107年直轄市議員選舉,首次申報,1070823,公共關係費用支出,花田花藝精品名店,95290329,0.00,16000.00,,,,盆栽、花籃、蘭花,金錢,新北市板橋區****,,,,,,,,2021/8/2 下午 03:45:51
10,王閔生,107年直轄市議員選舉,首次申報,1070830,宣傳支出,長運國際有限公司,80243227,0.00,58716.00,,,,帆布製作,金錢,臺北市萬華區****,,,,,,,,2021/8/2 下午 03:45:51
11,王閔生,107年直轄市議員選舉,首次申報,1070831,宣傳支出,三竹資訊股份有限公司,,0.00,10000.00,,,,發送電信簡訊支出,金錢,臺北市中山區****,,,,,,,,2021/8/2 下午 03:45:51
12,王閔生,107年直轄市議員選舉,首次申報,1070831,公共關係費用支出,花田花藝精品名店,95890329,0.00,19000.00,,,,盆栽、花籃、蘭花,金錢,新北市板橋區****,,,,,,,,2021/8/2 下午 03:45:51
13,王閔生,107年直轄市議員選舉,首次申報,1070903,租用競選辦事處支出,易大傳播有限公司,04385246,0.00,94500.00,,,,製作宣傳廣告支出,金錢,臺北市中山區****,０２－２*****,,,,,,,2021/8/2 下午 03:45:51
14,王閔生,107年直轄市議員選舉,首次申報,1070903,雜支支出,詮虹企業有限公司,53423767,0.00,17640.00,,,,製作競選物品支出（礦泉水一批）,金錢,新北市蘆洲區****,,,,,,,,2021/8/2 下午 03:45:51
15,王閔生,107年直轄市議員選舉,首次申報,1070910,雜支支出,財團法人中華民國唐氏症基金會,81598577,0.00,55860.00,,,,餐飲費用,金錢,新北市三重區****,０２－２*****,,,,,,,2021/8/2 下午 03:45:51
16,王閔生,107年直轄市議員選舉,首次申報,1070912,宣傳支出,高苓貿易有限公司,,0.00,3623.00,,,,製作競選物品支出（運動真空隨身瓶）,金錢,,,,,,,,,2021/8/2 下午 03:45:51
17,王閔生,107年直轄市議員選舉,首次申報,1070913,雜支支出,福容大飯店(股)台北分公司,28769734,0.00,162855.00,,,,餐飲費用,金錢,臺北市大安區****,02-2*****,,,,,,,2021/8/2 下午 03:45:51
18,王閔生,107年直轄市議員選舉,首次申報,1070913,雜支支出,愛不囉嗦承德店,38493362,0.00,1890.00,,,,餐飲費用,金錢,,,,,,,,,2021/8/2 下午 03:45:51
19,王閔生,107年直轄市議員選舉,首次申報,1070914,宣傳支出,高苓貿易有限公司,,0.00,7245.00,,,,製作競選物品支出（運動真空隨身瓶）,金錢,臺北市大同區****,,,,,,,,2021/8/2 下午 03:45:51
20,王閔生,107年直轄市議員選舉,首次申報,1070918,宣傳支出,琴觀股份有限公司,23642998,0.00,58464.00,,,,製作競選物品支出（純水濕紙巾）,金錢,高雄市前鎮區****,,,,,,,,2021/8/2 下午 03:45:51
21,王閔生,107年直轄市議員選舉,首次申報,1070919,宣傳支出,誠羽色彩創意有限公司,24209562,0.00,124425.00,,,,製作競選物品支出（面紙）,金錢,新北市新莊區****,,,,,,,,2021/8/2 下午 03:45:51
22,王閔生,107年直轄市議員選舉,首次申報,1070919,宣傳支出,速博快速印刷事業有限公司,80059755,0.00,65100.00,,,,製作宣傳廣告支出,金錢,新北市土城區****,,,,,,,,2021/8/2 下午 03:45:51
23,王閔生,107年直轄市議員選舉,首次申報,1070923,雜支支出,莫宰羊企業有限公司,28216918,0.00,15000.00,,,,餐飲費用,金錢,臺北市大安區****,,,,,,,,2021/8/2 下午 03:45:51
24,王閔生,107年直轄市議員選舉,首次申報,1070923,公共關係費用支出,花田花藝精品名店,95890329,0.00,19500.00,,,,盆栽、花籃、蘭花,金錢,新北市板橋區****,,,,,,,,2021/8/2 下午 03:45:51
25,王閔生,107年直轄市議員選舉,首次申報,1070925,宣傳支出,詮虹企業有限公司,53423767,0.00,17640.00,,,,製作競選物品支出（礦泉水一批）,金錢,新北市蘆洲區****,,,,,,,,2021/8/2 下午 03:45:51
26,王閔生,107年直轄市議員選舉,首次申報,1070926,宣傳支出,宏恩印刷事業有限公司,13111916,0.00,31605.00,,,,製作競選物品支出（邀請卡、小卡）,金錢,新北市中和區****,,,,,,,,2021/8/2 下午 03:45:51
27,王閔生,107年直轄市議員選舉,首次申報,1070928,宣傳支出,中華郵政,,0.00,27900.00,,,,郵寄競選物品或宣傳廣告支出,金錢,,,,,,,,,2021/8/2 下午 03:45:51
28,王閔生,107年直轄市議員選舉,首次申報,1071001,宣傳支出,中華郵政,,0.00,1512.00,,,,郵寄競選物品或宣傳廣告支出,金錢,,,,,,,,,2021/8/2 下午 03:45:51
29,王閔生,107年直轄市議員選舉,首次申報,1071001,宣傳支出,中華郵政,,0.00,3384.00,,,,郵寄競選物品或宣傳廣告支出,金錢,,,,,,,,,2021/8/2 下午 03:45:51
30,王閔生,107年直轄市議員選舉,首次申報,1071001,宣傳支出,中租廣告實業有限公司,84942286,0.00,100000.00,,,,租用廣告看板或車體廣告支出,金錢,新北市新店區****,,,,,,,,2021/8/2 下午 03:45:51
31,王閔生,107年直轄市議員選舉,首次申報,1071001,宣傳支出,馥田皇廣告有限公司,97361057,0.00,168000.00,,,,租用廣告看板或車體廣告支出,金錢,新北市新店區****,,,,,,,,2021/8/2 下午 03:45:51
32,王閔生,107年直轄市議員選舉,首次申報,1071001,宣傳支出,馥田皇廣告有限公司,97361057,0.00,75000.00,,,,租用廣告看板或車體廣告支出,金錢,新北市新店區****,,,,,,,,2021/8/2 下午 03:45:51
33,王閔生,107年直轄市議員選舉,首次申報,1071002,宣傳支出,幫推有限公司,45024822,0.00,34650.00,,,,製作宣傳廣告支出,金錢,臺北市中正區****,,,,,,,,2021/8/2 下午 03:45:51
34,王閔生,107年直轄市議員選舉,首次申報,1071008,宣傳支出,宏恩印刷事業有限公司,13111916,0.00,7875.00,,,,製作競選物品支出（邀請卡）,金錢,新北市中和區****,,,,,,,,2021/8/2 下午 03:45:51
35,王閔生,107年直轄市議員選舉,首次申報,1071008,宣傳支出,宏恩印刷事業有限公司,13111916,0.00,14700.00,,,,製作競選物品支出（小卡）,金錢,新北市中和區****,,,,,,,,2021/8/2 下午 03:45:51
36,王閔生,107年直轄市議員選舉,首次申報,1071009,宣傳支出,御正國際有限公司,53184702,0.00,199500.00,,,,製作競選物品支出（T行袋）,金錢,新北市中和區****,,,,,,,,2021/8/2 下午 03:45:51
37,王閔生,107年直轄市議員選舉,首次申報,1071009,宣傳支出,三竹資訊股份有限公司,86136982,0.00,8000.00,,,,發送電信簡訊支出,金錢,臺北市中山區****,,,,,,,,2021/8/2 下午 03:45:51
38,王閔生,107年直轄市議員選舉,首次申報,1071014,宣傳支出,台北樂府樂旗藝術團,21718541,0.00,30000.00,,,,演講或表演支出,金錢,臺北市中正區****,,,,,,,,2021/8/2 下午 03:45:51
39,王閔生,107年直轄市議員選舉,首次申報,1071015,宣傳支出,巨勳廣告工程有限公司,27397715,0.00,439115.00,,,,租用廣告看板或車體廣告支出,金錢,新北市板橋區****,,,,,,,,2021/8/2 下午 03:45:51
40,王閔生,107年直轄市議員選舉,首次申報,1071015,宣傳支出,三竹資訊股份有限公司,86136982,0.00,10000.00,,,,發送電信簡訊支出,金錢,臺北市中山區****,,,,,,,,2021/8/2 下午 03:45:51
41,王閔生,107年直轄市議員選舉,首次申報,1071015,宣傳支出,漁歌展業股份有限公司,96961862,0.00,217177.00,,,,租用廣告看板或車體廣告支出,金錢,臺北市中山區****,,,,,,,,2021/8/2 下午 03:45:51
42,王閔生,107年直轄市議員選舉,首次申報,1071016,宣傳支出,京彩廣告有限公司,53545380,0.00,151625.00,,,,租用廣告看板或車體廣告支出,金錢,臺北市中正區****,,,,,,,,2021/8/2 下午 03:45:51
43,王閔生,107年直轄市議員選舉,首次申報,1071017,宣傳支出,易大傳播有限公司,04385246,0.00,57750.00,,,,租用廣告看板或車體廣告支出,金錢,臺北市中山區****,,,,,,,,2021/8/2 下午 03:45:51
44,王閔生,107年直轄市議員選舉,首次申報,1071018,宣傳支出,三竹資訊股份有限公司,86136982,0.00,30000.00,,,,發送電信簡訊支出,金錢,臺北市中山區****,,,,,,,,2021/8/2 下午 03:45:51
45,王閔生,107年直轄市議員選舉,首次申報,1071023,宣傳支出,誠羽色彩創意有限公司,24209562,0.00,116550.00,,,,製作競選物品支出（印刷品）,金錢,新北市新莊區****,,,,,,,,2021/8/2 下午 03:45:51
46,王閔生,107年直轄市議員選舉,首次申報,1071023,宣傳支出,全景社區廣播電台股份有限公司,89972674,0.00,130000.00,,,,製作宣傳廣告支出,金錢,臺北市信義區****,,,,,,,,2021/8/2 下午 03:45:51
47,王閔生,107年直轄市議員選舉,首次申報,1071023,公共關係費用支出,花田花藝精品名店,95890329,0.00,32000.00,,,,盆栽、花籃、蘭花,金錢,新北市板橋區****,,,,,,,,2021/8/2 下午 03:45:51
48,王閔生,107年直轄市議員選舉,首次申報,1071024,宣傳支出,宏恩印刷事業有限公司,13111916,0.00,36750.00,,,,製作競選物品支出（小卡）,金錢,新北市中和區****,,,,,,,,2021/8/2 下午 03:45:51
49,王閔生,107年直轄市議員選舉,首次申報,1071024,宣傳支出,宏恩印刷事業有限公司,13111916,0.00,36750.00,,,,製作競選物品支出（小卡）,金錢,新北市中和區****,,,,,,,,2021/8/2 下午 03:45:51
50,王閔生,107年直轄市議員選舉,首次申報,1071025,宣傳支出,方寸創意設計實業社,72922308,0.00,45000.00,,,,製作競選物品支出（大圖輸出）,金錢,臺北市大同區****,,,,,,,,2021/8/2 下午 03:45:51
51,王閔生,107年直轄市議員選舉,首次申報,1071026,宣傳支出,摩登廣告事業社,18465439,0.00,52500.00,,,,租用廣告看板或車體廣告支出,金錢,新北市深坑區****,,,,,,,,2021/8/2 下午 03:45:51
52,王閔生,107年直轄市議員選舉,首次申報,1071026,宣傳支出,慶城商行,29234962,0.00,4725.00,,,,租用廣告看板或車體廣告支出,金錢,臺北市南港區****,,,,,,,,2021/8/2 下午 03:45:51
53,王閔生,107年直轄市議員選舉,首次申報,1071029,宣傳支出,伊登廣告工程有限公司,24757645,0.00,27300.00,,,,製作宣傳廣告支出,金錢,臺北市文山區****,,,,,,,,2021/8/2 下午 03:45:51
54,王閔生,107年直轄市議員選舉,首次申報,1071030,宣傳支出,心雅服裝行,15995103,0.00,10238.00,,,,製作競選物品支出（肩帶）,金錢,臺北市萬華區****,,,,,,,,2021/8/2 下午 03:45:51
55,王閔生,107年直轄市議員選舉,首次申報,1071030,宣傳支出,漁歌展業股份有限公司,96961862,0.00,99750.00,,,,租用廣告看板或車體廣告支出,金錢,臺北市中山區****,,,,,,,,2021/8/2 下午 03:45:51
56,王閔生,107年直轄市議員選舉,首次申報,1071031,宣傳支出,綠色和平廣播股份有限公司,89339531,0.00,100000.00,,,,製作宣傳廣告支出,金錢,新北市三重區****,,,,,,,,2021/8/2 下午 03:45:51
57,王閔生,107年直轄市議員選舉,首次申報,1071101,宣傳支出,詮虹企業有限公司,53423767,0.00,17640.00,,,,製作競選物品支出（礦泉水一批）,金錢,新北市蘆洲區****,,,,,,,,2021/8/2 下午 03:45:51
58,王閔生,107年直轄市議員選舉,首次申報,1071105,宣傳支出,寶島新聲廣播電台股份有限公司,27311512,0.00,100000.00,,,,製作宣傳廣告支出,金錢,臺北市中山區****,,,,,,,,2021/8/2 下午 03:45:51
59,王閔生,107年直轄市議員選舉,首次申報,1071106,宣傳支出,宏恩印刷事業有限公司,13111916,0.00,30450.00,,,,播送、傳送或刊登宣傳廣告支出,金錢,新北市中和區****,,,,,,,,2021/8/2 下午 03:45:51
60,王閔生,107年直轄市議員選舉,首次申報,1071108,宣傳支出,祥欣興業有限公司,28365901,0.00,105000.00,,,,製作宣傳廣告支出,金錢,新北市板橋區****,,,,,,,,2021/8/2 下午 03:45:51
61,王閔生,107年直轄市議員選舉,首次申報,1071112,宣傳支出,郵局,,0.00,1818.00,,,,郵寄競選物品或宣傳廣告支出,金錢,,,,,,,,,2021/8/2 下午 03:45:51
62,王閔生,107年直轄市議員選舉,首次申報,1071113,宣傳支出,循證民調有限公司,54750009,0.00,136500.00,,,,委託辦理研究、評估、調查、設計或規劃支出,金錢,臺中市北屯區****,,,,,,,,2021/8/2 下午 03:45:51
63,王閔生,107年直轄市議員選舉,首次申報,1071113,宣傳支出,頂好國際企業社,72926542,0.00,17019.00,,,,播送、傳送或刊登宣傳廣告支出,金錢,臺北市文山區****,,,,,,,,2021/8/2 下午 03:45:51
64,王閔生,107年直轄市議員選舉,首次申報,1071114,宣傳支出,浩群工程行,14643047,0.00,56000.00,,,,租用廣告看板或車體廣告支出,金錢,新北市汐止區****,,,,,,,,2021/8/2 下午 03:45:51
65,王閔生,107年直轄市議員選舉,首次申報,1071115,宣傳支出,巨勳廣告工程有限公司,27397715,0.00,107381.00,,,,播送、傳送或刊登宣傳廣告支出,金錢,新北市板橋區****,,,,,,,,2021/8/2 下午 03:45:51
66,王閔生,107年直轄市議員選舉,首次申報,1071115,宣傳支出,錢進科技有限公司,28850072,0.00,64680.00,,,,播送、傳送或刊登宣傳廣告支出,金錢,臺北市中山區****,,,,,,,,2021/8/2 下午 03:45:51
67,王閔生,107年直轄市議員選舉,首次申報,1071119,宣傳支出,全聯派報社,26368972,0.00,18301.00,,,,播送、傳送或刊登宣傳廣告支出,金錢,臺北市中正區****,,,,,,,,2021/8/2 下午 03:45:51
68,王閔生,107年直轄市議員選舉,首次申報,1071120,宣傳支出,仰望整合行銷有限公司,24547727,0.00,315000.00,,,,製作宣傳廣告支出,金錢,臺北市大同區****,,,,,,,,2021/8/2 下午 03:45:51
69,王閔生,107年直轄市議員選舉,首次申報,1071122,宣傳支出,長運國際有限公司,80243227,0.00,203862.00,,,,租用廣告看板或車體廣告支出,金錢,臺北市萬華區****,,,,,,,,2021/8/2 下午 03:45:51
70,王閔生,107年直轄市議員選舉,首次申報,1071123,宣傳支出,三竹資訊股份有限公司,86136982,0.00,10000.00,,,,發送電信簡訊支出,金錢,臺北市中山區****,,,,,,,,2021/8/2 下午 03:45:51
71,王閔生,107年直轄市議員選舉,首次申報,1071125,宣傳支出,吳菁蓉視覺創意工作室,47661425,0.00,8000.00,,,,委託辦理研究、評估、調查、設計或規劃支出,金錢,高雄市三民區****,,,,,,,,2021/8/2 下午 03:45:51
72,王閔生,107年直轄市議員選舉,首次申報,1071126,宣傳支出,山水民意研究股份有限公司,16135975,0.00,338992.00,,,,委託辦理研究、評估、調查、設計或規劃支出,金錢,臺北市松山區****,,,,,,,,2021/8/2 下午 03:45:51
73,王閔生,107年直轄市議員選舉,首次申報,1071126,宣傳支出,幫推有限公司,45024822,0.00,204750.00,,,,委託辦理研究、評估、調查、設計或規劃支出,金錢,臺北市中正區****,,,,,,,,2021/8/2 下午 03:45:51
74,王閔生,107年直轄市議員選舉,首次申報,1071126,宣傳支出,三竹資訊股份有限公司,86136982,0.00,10000.00,,,,發送電信簡訊支出,金錢,臺北市中山區****,,,,,,,,2021/8/2 下午 03:45:51
75,王閔生,107年直轄市議員選舉,首次申報,1071127,宣傳支出,幫推有限公司,45024822,0.00,70000.00,,,,委託辦理研究、評估、調查、設計或規劃支出,金錢,臺北市中正區****,,,,,,,,2021/8/2 下午 03:45:51
76,王閔生,107年直轄市議員選舉,首次申報,1071127,宣傳支出,民間全民電視股份有限公司,96975768,0.00,525000.00,,,,播送、傳送或刊登宣傳廣告支出,金錢,新北市林口區****,,,,,,,,2021/8/2 下午 03:45:51
77,王閔生,107年直轄市議員選舉,首次申報,1071201,宣傳支出,順成廣告社,02250236,0.00,63000.00,,,,播送、傳送或刊登宣傳廣告支出,金錢,臺北市文山區****,,,,,,,,2021/8/2 下午 03:45:51
78,王閔生,107年直轄市議員選舉,首次申報,1071203,宣傳支出,福利事國際有限公司,53696035,0.00,162750.00,,,,播送、傳送或刊登宣傳廣告支出,金錢,新北市板橋區****,,,,,,,,2021/8/2 下午 03:45:51
79,王閔生,107年直轄市議員選舉,首次申報,1071210,返還支出,蓮華往生事業股份有限公司,16589547,0.00,20000.00,,,,返還,金錢,臺北市中山區****,,,,,,,,2021/8/2 下午 03:45:51
80,王閔生,107年直轄市議員選舉,首次申報,1080118,返還支出,芠心花藝有限公司,27605158,0.00,20000.00,,,,返還,金錢,新北市板橋區****,,,,,,,,2021/8/2 下午 03:45:51
81,王閔生,107年直轄市議員選舉,首次申報,1080118,返還支出,福倫交通股份有限公司,31095184,0.00,20000.00,,,,返還,金錢,臺北市信義區****,,,,,,,,2021/8/2 下午 03:45:51
82,王閔生,107年直轄市議員選舉,首次申報,1080118,返還支出,銘裕管理顧問有限公司,42641908,0.00,20000.00,,,,返還,金錢,基隆市安樂區****,,,,,,,,2021/8/2 下午 03:45:51
83,王閔生,107年直轄市議員選舉,首次申報,1080118,返還支出,媽妳講親子餐飲股份有限公,42651026,0.00,20000.00,,,,返還,金錢,臺北市內湖區****,,,,,,,,2021/8/2 下午 03:45:51
84,王閔生,107年直轄市議員選舉,首次申報,1080118,返還支出,青草地食品有限公司,53107797,0.00,200000.00,,,,返還,金錢,新北市中和區****,,,,,,,,2021/8/2 下午 03:45:51
85,王閔生,107年直轄市議員選舉,首次申報,1080118,返還支出,靜心禮儀有限公司,53186407,0.00,20000.00,,,,返還,金錢,臺北市大安區****,,,,,,,,2021/8/2 下午 03:45:51
86,王閔生,107年直轄市議員選舉,首次申報,1080118,返還支出,星醫美學股份有限公司,53317111,0.00,2000.00,,,,返還,金錢,臺北市中正區****,,,,,,,,2021/8/2 下午 03:45:51
87,王閔生,107年直轄市議員選舉,首次申報,1080118,返還支出,德諾室內裝修有限公司,54302122,0.00,30000.00,,,,返還,金錢,新北市新莊區****,,,,,,,,2021/8/2 下午 03:45:51
88,王閔生,107年直轄市議員選舉,首次申報,1080118,返還支出,禾峰營造股份有限公司,59117836,0.00,20000.00,,,,返還,金錢,臺北市中正區****,,,,,,,,2021/8/2 下午 03:45:51
