﻿序號,擬參選人／政黨,選舉名稱,申報序號／年度,交易日期,收支科目,捐贈者／支出對象,身分證／統一編號,收入金額,支出金額,支出用途,金錢類,地址,聯絡電話,資料更正日期
1,陳永福,107年鄉(鎮、市)長選舉,首次申報,1071110,個人捐贈收入,鍾秀美,,20000.00,0.00,,金錢,,037-*****,
2,陳永福,107年鄉(鎮、市)長選舉,首次申報,1071110,個人捐贈收入,陳盛宏,,30000.00,0.00,,金錢,桃園市平鎮區****,,
3,陳永福,107年鄉(鎮、市)長選舉,首次申報,1071110,個人捐贈收入,謝亞倫,,10000.00,0.00,,金錢,苗栗縣大湖鄉****,,
4,陳永福,107年鄉(鎮、市)長選舉,首次申報,1071110,個人捐贈收入,徐順田,,6000.00,0.00,,金錢,苗栗縣大湖鄉****,,
5,陳永福,107年鄉(鎮、市)長選舉,首次申報,1071110,個人捐贈收入,邱德勳,,20000.00,0.00,,金錢,苗栗縣大湖鄉****,,
6,陳永福,107年鄉(鎮、市)長選舉,首次申報,1071110,個人捐贈收入,鍾連慶,,2000.00,0.00,,金錢,苗栗縣大湖鄉****,,
7,陳永福,107年鄉(鎮、市)長選舉,首次申報,1071110,個人捐贈收入,陳登甲,,2000.00,0.00,,金錢,苗栗縣大湖鄉****,,
8,陳永福,107年鄉(鎮、市)長選舉,首次申報,1071110,個人捐贈收入,陳永豪,,10000.00,0.00,,金錢,苗栗縣大湖鄉****,,
9,陳永福,107年鄉(鎮、市)長選舉,首次申報,1071110,個人捐贈收入,陳富松,,20000.00,0.00,,金錢,苗栗縣大湖鄉****,,
10,陳永福,107年鄉(鎮、市)長選舉,首次申報,1071110,個人捐贈收入,邱雲鈺,,10000.00,0.00,,金錢,苗栗縣大湖鄉****,,
11,陳永福,107年鄉(鎮、市)長選舉,首次申報,1071110,個人捐贈收入,葉寶祥,,20000.00,0.00,,金錢,苗栗縣大湖鄉****,,
12,陳永福,107年鄉(鎮、市)長選舉,首次申報,1071110,個人捐贈收入,劉接榕,,10000.00,0.00,,金錢,苗栗縣公館鄉****,,
13,陳永福,107年鄉(鎮、市)長選舉,首次申報,1071116,個人捐贈收入,劉水銀,,20000.00,0.00,,金錢,,037-*****,
14,陳永福,107年鄉(鎮、市)長選舉,首次申報,1071116,個人捐贈收入,詹德明,,3600.00,0.00,,金錢,,037-*****,
15,陳永福,107年鄉(鎮、市)長選舉,首次申報,1071221,其他收入,利息收入,,3.00,0.00,,金錢,,,
