﻿序號,擬參選人／政黨,選舉名稱,申報序號／年度,交易日期,收支科目,捐贈者／支出對象,身分證／統一編號,收入金額,支出金額,支出用途,金錢類,地址,聯絡電話,資料更正日期
1,陳一惇,107年縣(市)議員選舉,首次申報,1070911,營利事業捐贈收入,富味鄉食品股份有限公司,12467902,200000.00,0.00,,金錢,彰化縣芳苑鄉****,,
2,陳一惇,107年縣(市)議員選舉,首次申報,1070914,營利事業捐贈收入,金鴻興企業股份有限公司,86192816,50000.00,0.00,,金錢,彰化縣二林鎮****,,
3,陳一惇,107年縣(市)議員選舉,首次申報,1070925,個人捐贈收入,張簡美華,A22*******,20000.00,0.00,,金錢,彰化縣福興鄉****,0921*****,
4,陳一惇,107年縣(市)議員選舉,首次申報,1070925,個人捐贈收入,郭雅男,E12*******,20000.00,0.00,,金錢,彰化縣二林鎮****,0919*****,
5,陳一惇,107年縣(市)議員選舉,首次申報,1070925,個人捐贈收入,許富貴,L22*******,20000.00,0.00,,金錢,臺中市南區德****,0919*****,
6,陳一惇,107年縣(市)議員選舉,首次申報,1070925,個人捐贈收入,施能超,N12*******,20000.00,0.00,,金錢,彰化縣鹿港鎮****,0963*****,
7,陳一惇,107年縣(市)議員選舉,首次申報,1070925,個人捐贈收入,陳諸讚,N12*******,20000.00,0.00,,金錢,彰化縣芳苑鄉****,0937*****,
8,陳一惇,107年縣(市)議員選舉,首次申報,1070925,個人捐贈收入,黃明田,N12*******,20000.00,0.00,,金錢,彰化縣和美鎮****,0958*****,
9,陳一惇,107年縣(市)議員選舉,首次申報,1070925,個人捐贈收入,許美惠,N22*******,20000.00,0.00,,金錢,彰化縣鹿港鎮****,0937*****,
10,陳一惇,107年縣(市)議員選舉,首次申報,1070925,個人捐贈收入,黃婉晴,N22*******,20000.00,0.00,,金錢,彰化縣鹿港鎮****,0953*****,
11,陳一惇,107年縣(市)議員選舉,首次申報,1070925,個人捐贈收入,黃姿菁,N22*******,20000.00,0.00,,金錢,彰化縣鹿港鎮****,0929*****,
12,陳一惇,107年縣(市)議員選舉,首次申報,1070925,個人捐贈收入,洪玉映,N22*******,20000.00,0.00,,金錢,彰化縣福興鄉****,0911*****,
13,陳一惇,107年縣(市)議員選舉,首次申報,1071009,個人捐贈收入,王誌宏,N12*******,5000.00,0.00,,金錢,彰化縣鹿港鎮****,,
14,陳一惇,107年縣(市)議員選舉,首次申報,1071009,個人捐贈收入,許淑如,N22*******,20000.00,0.00,,金錢,彰化縣二林鎮****,0919*****,
15,陳一惇,107年縣(市)議員選舉,首次申報,1071011,營利事業捐贈收入,典範能源科技有限公司,45123787,100000.00,0.00,,金錢,彰化縣二林鎮****,04-8*****,
16,陳一惇,107年縣(市)議員選舉,首次申報,1071012,營利事業捐贈收入,永溢環保科技有限公司,80567203,100000.00,0.00,,金錢,彰化縣芳苑鄉****,04-8*****,
17,陳一惇,107年縣(市)議員選舉,首次申報,1071018,個人捐贈收入,陳衍瑞,N12*******,16000.00,0.00,,金錢,彰化縣田中鎮****,0980*****,
18,陳一惇,107年縣(市)議員選舉,首次申報,1071023,個人捐贈收入,羅國卿,F12*******,50000.00,0.00,,金錢,臺北市懷寧街****,0910*****,
19,陳一惇,107年縣(市)議員選舉,首次申報,1071023,個人捐贈收入,陳必正,N10*******,60000.00,0.00,,金錢,彰化縣芳苑鄉****,,
20,陳一惇,107年縣(市)議員選舉,首次申報,1071023,個人捐贈收入,羅偉芳,N10*******,10000.00,0.00,,金錢,臺北市懷寧街****,0932*****,
21,陳一惇,107年縣(市)議員選舉,首次申報,1071023,個人捐贈收入,徐宗助,N12*******,60000.00,0.00,,金錢,桃園市大園區****,0932*****,
22,陳一惇,107年縣(市)議員選舉,首次申報,1071025,營利事業捐贈收入,大和室內裝修設計公司,28770964,50000.00,0.00,,金錢,臺中市南區文****,04-2*****,
23,陳一惇,107年縣(市)議員選舉,首次申報,1071029,個人捐贈收入,莊永輝,N12*******,100000.00,0.00,,金錢,彰化縣二林鎮****,,
24,陳一惇,107年縣(市)議員選舉,首次申報,1071101,營利事業捐贈收入,能邦工程股份有限公司,25067750,100000.00,0.00,,金錢,宜蘭縣五結鄉****,02-8*****,
25,陳一惇,107年縣(市)議員選舉,首次申報,1071101,營利事業捐贈收入,能邦工程股份有限公司,25067750,100000.00,0.00,,金錢,宜蘭縣五結鄉****,02-8*****,
26,陳一惇,107年縣(市)議員選舉,首次申報,1071101,營利事業捐贈收入,能邦工程股份有限公司,25067750,100000.00,0.00,,金錢,宜蘭縣五結鄉****,02-8*****,
