﻿序號,擬參選人／政黨,選舉名稱,申報序號／年度,交易日期,收支科目,捐贈者／支出對象,身分證／統一編號,收入金額,支出金額,支出用途,金錢類,地址,聯絡電話,資料更正日期
1,林士傑,107年直轄市議員選舉,首次申報,1070827,雜支支出,台灣中油,,0.00,1000.00,宣傳車油資,金錢,,,
2,林士傑,107年直轄市議員選舉,首次申報,1070829,雜支支出,家樂福,,0.00,938.00,延長線.袋子.文具,金錢,,,
3,林士傑,107年直轄市議員選舉,首次申報,1070830,雜支支出,大童鎖印,17206060,0.00,150.00,服務處備份鑰匙*,金錢,臺南市安平區****,06-2*****,
4,林士傑,107年直轄市議員選舉,首次申報,1070830,人事費用支出,林育揚,D12*******,0.00,30000.00,月份薪資,金錢,臺南市安平區****,,
5,林士傑,107年直轄市議員選舉,首次申報,1070830,人事費用支出,周育瑞,D12*******,0.00,35000.00,月份薪資,金錢,臺南市安平區****,,
6,林士傑,107年直轄市議員選舉,首次申報,1070830,人事費用支出,謝秉修,D12*******,0.00,35000.00,月份薪資,金錢,臺南市中西區****,,
7,林士傑,107年直轄市議員選舉,首次申報,1070830,人事費用支出,陳美華,D20*******,0.00,10000.00,月份薪資,金錢,臺南市北區大****,,
8,林士傑,107年直轄市議員選舉,首次申報,1070830,人事費用支出,陳昱秀,D22*******,0.00,12000.00,月份薪資,金錢,臺南市南區鹽****,,
9,林士傑,107年直轄市議員選舉,首次申報,1070830,人事費用支出,邱政如,D22*******,0.00,25000.00,月份薪資,金錢,臺南市安平區****,,
10,林士傑,107年直轄市議員選舉,首次申報,1070830,人事費用支出,林怡慧,P22*******,0.00,10000.00,月份薪資,金錢,臺南市南區新****,,
11,林士傑,107年直轄市議員選舉,首次申報,1070831,宣傳支出,永大印刷加工所,47847703,0.00,31800.00,宣傳用便條紙本*本,金錢,臺南市南區金****,06-2*****,
12,林士傑,107年直轄市議員選舉,首次申報,1070831,公共關係費用支出,福生花坊,81576829,0.00,32700.00,/-/-花籃*.禮籃*.羅馬柱*.布花*.水盆花*,金錢,臺南市安平區****,06-2*****,
13,林士傑,107年直轄市議員選舉,首次申報,1070831,宣傳支出,亨燁刺繡實業社,99288384,0.00,700.00,競選背心印字*,金錢,臺南市南區中****,06-2*****,
14,林士傑,107年直轄市議員選舉,首次申報,1070901,雜支支出,台灣中油,,0.00,1000.00,宣傳車油資,金錢,,,
15,林士傑,107年直轄市議員選舉,首次申報,1070901,雜支支出,威北生活館有限公司,,0.00,396.00,束帶入*.鋼絲鉗,金錢,,,
16,林士傑,107年直轄市議員選舉,首次申報,1070901,雜支支出,全國電子,,0.00,504.00,G隨身碟*,金錢,,,
17,林士傑,107年直轄市議員選舉,首次申報,1070901,宣傳支出,益友廣告贈品商行,73853976,0.00,400000.00,帆布廣告.關東旗.菜瓜布文宣.鐵架搭設.口罩文宣,金錢,臺南市南區明****,06-2*****,
18,林士傑,107年直轄市議員選舉,首次申報,1070902,宣傳支出,一成廣告企業社,14396475,0.00,4200.00,廣告立旗旗座*,金錢,臺南市中西區****,06-2*****,
19,林士傑,107年直轄市議員選舉,首次申報,1070903,集會支出,安平椿之味薏仁主題館,,0.00,2337.00,開會點心,金錢,,,
20,林士傑,107年直轄市議員選舉,首次申報,1070903,雜支支出,日榮製香鋪,69864022,0.00,250.00,神桌拜拜用香環,金錢,臺南市南區新****,06-2*****,
21,林士傑,107年直轄市議員選舉,首次申報,1070904,集會支出,大員開發事業股份有限公司台南分公,51331051,0.00,160000.00,募款餐會活動桌數支出,金錢,臺南市安平區****,,
22,林士傑,107年直轄市議員選舉,首次申報,1070905,雜支支出,合慶文具圖書有限公司,,0.00,578.00,/-/文具用品,金錢,,,
23,林士傑,107年直轄市議員選舉,首次申報,1070905,雜支支出,寶錢生活館有限公司,,0.00,399.00,延長線*,金錢,,,
24,林士傑,107年直轄市議員選舉,首次申報,1070905,雜支支出,振北生活館有限公司,,0.00,330.00,束帶入*,金錢,,,
25,林士傑,107年直轄市議員選舉,首次申報,1070911,雜支支出,郵局,,0.00,5104.00,競選總部成立之邀請函寄出郵資,金錢,,,
26,林士傑,107年直轄市議員選舉,首次申報,1070911,宣傳支出,亨燁刺繡實業社,99288384,0.00,150.00,競選背心印字*,金錢,臺南市南區中****,06-2*****,
27,林士傑,107年直轄市議員選舉,首次申報,1070912,雜支支出,三禾貨櫃有限公司,,0.00,14070.00,貨櫃屋租金-用來放置文宣用品,金錢,臺南市仁德區****,06-2*****,
28,林士傑,107年直轄市議員選舉,首次申報,1070913,租用競選辦事處支出,鄭金模,,0.00,20000.00,服務處房租,金錢,,,
29,林士傑,107年直轄市議員選舉,首次申報,1070914,租用宣傳車輛支出,南凱發電機行,20163635,0.00,450.00,宣傳車零件維修,金錢,臺南市南區中****,06-2*****,
30,林士傑,107年直轄市議員選舉,首次申報,1070915,宣傳支出,中中企業社,,0.00,24000.00,人力手派報*份,金錢,,,
31,林士傑,107年直轄市議員選舉,首次申報,1070915,雜支支出,益誠企業行,37581211,0.00,26500.00,碎紙機乙台,金錢,臺南市永康區****,06-2*****,
32,林士傑,107年直轄市議員選舉,首次申報,1070916,雜支支出,慶中街綠豆湯新興分店,14407590,0.00,900.00,服務處開會飲品,金錢,臺南市南區新****,06-2*****,
33,林士傑,107年直轄市議員選舉,首次申報,1070917,雜支支出,郵局,,0.00,3844.00,競選總部成立之邀請函寄出郵資,金錢,,,
34,林士傑,107年直轄市議員選舉,首次申報,1070917,宣傳支出,亨燁刺繡實業社,99288384,0.00,150.00,競選背心印字*,金錢,臺南市南區中****,06-2*****,
35,林士傑,107年直轄市議員選舉,首次申報,1070918,雜支支出,新天堂文具有限公司,,0.00,74.00,文具用品,金錢,,,
36,林士傑,107年直轄市議員選舉,首次申報,1070918,雜支支出,正忠排骨飯,,0.00,1050.00,服務處員工餐費,金錢,,,
37,林士傑,107年直轄市議員選舉,首次申報,1070918,宣傳支出,藝龍視覺廣告設計,,0.00,6000.00,廣告立旗施工*,金錢,臺南市安平區****,0989*****,
38,林士傑,107年直轄市議員選舉,首次申報,1070918,宣傳支出,揚名企業社,17197246,0.00,300.00,宣傳布條*,金錢,臺南市安平區****,,
39,林士傑,107年直轄市議員選舉,首次申報,1070918,宣傳支出,亨燁刺繡實業設,99288384,0.00,100.00,後援會長背心*,金錢,臺南市南區中****,06-2*****,
40,林士傑,107年直轄市議員選舉,首次申報,1070920,雜支支出,老廣記燒臘店,,0.00,1355.00,/-/餐費,金錢,,,
41,林士傑,107年直轄市議員選舉,首次申報,1070920,返還支出,永全事業股份有限公司,24445377,0.00,10000.00,返還,金錢,臺南市仁德區****,0910*****,
42,林士傑,107年直轄市議員選舉,首次申報,1070920,公共關係費用支出,皇元企業社,40943759,0.00,11500.00,輓聯(粉)*,金錢,臺南市安南區****,06-2*****,
43,林士傑,107年直轄市議員選舉,首次申報,1070920,返還支出,大安化學製藥股份有限公司,69546527,0.00,10000.00,返還,金錢,臺南市北區勝****,0920*****,
44,林士傑,107年直轄市議員選舉,首次申報,1070920,返還支出,立群科技企業有限公司,80599351,0.00,10000.00,返還,金錢,臺南市南區中****,,
45,林士傑,107年直轄市議員選舉,首次申報,1070921,雜支支出,水長流文具有限公司,,0.00,168.00,文具用品-簽到簿,金錢,,,
46,林士傑,107年直轄市議員選舉,首次申報,1070921,雜支支出,安汰文化事業有限公司,,0.00,585.00,文具用品,金錢,,,
47,林士傑,107年直轄市議員選舉,首次申報,1070921,雜支支出,真善美刻印,09026570,0.00,110.00,橡皮章*,金錢,臺南市南區文****,06-2*****,
48,林士傑,107年直轄市議員選舉,首次申報,1070921,宣傳支出,一成廣告企業社,14396475,0.00,1400.00,廣告立旗施工*,金錢,臺南市中西區****,06-2*****,
49,林士傑,107年直轄市議員選舉,首次申報,1070922,雜支支出,台灣中油,,0.00,15949.00,/-/宣傳車油資,金錢,,,
50,林士傑,107年直轄市議員選舉,首次申報,1070922,雜支支出,朝北生活館有限公司,,0.00,595.00,塑膠袋.打火機瓦斯.火槍.電池.車鎖.茶盤.掛勾,金錢,,,
51,林士傑,107年直轄市議員選舉,首次申報,1070922,雜支支出,正忠排骨飯,,0.00,975.00,服務處員工餐費,金錢,,,
52,林士傑,107年直轄市議員選舉,首次申報,1070922,集會支出,天仲行,06532285,0.00,9000.00,競選總部成立大會租圓椅*只,金錢,臺南市安南區****,0910*****,
53,林士傑,107年直轄市議員選舉,首次申報,1070922,集會支出,宇揚企業社,14393625,0.00,48000.00,競選總部成立大會會場舞台音響設備租用,金錢,臺南市中西區****,06-2*****,
54,林士傑,107年直轄市議員選舉,首次申報,1070922,集會支出,安盛帆布出租行,62996499,0.00,19000.00,競選總部成立大會會場尺帆布鐵架設置.電扇*台,金錢,臺南市安平區****,06-2*****,
55,林士傑,107年直轄市議員選舉,首次申報,1070922,人事費用支出,邱信德,D10*******,0.00,3000.00,總部成立主持人,金錢,臺南市安平區****,0938*****,
56,林士傑,107年直轄市議員選舉,首次申報,1070922,人事費用支出,楊登友,D12*******,0.00,300.00,競選總部成立大會臨時工讀生每小時元*小時,金錢,臺南市安平區****,0927*****,
57,林士傑,107年直轄市議員選舉,首次申報,1070922,人事費用支出,林汶錤,D22*******,0.00,300.00,競選總部成立大會臨時工讀生每小時元*小時,金錢,臺南市安平區****,0988*****,
58,林士傑,107年直轄市議員選舉,首次申報,1070924,雜支支出,美味鄉快餐,,0.00,65.00,餐費,金錢,,,
59,林士傑,107年直轄市議員選舉,首次申報,1070924,雜支支出,金龍金香舖,13225777,0.00,160.00,拜拜天公金*份,金錢,臺南市南區金****,06-2*****,
60,林士傑,107年直轄市議員選舉,首次申報,1070925,雜支支出,新曜弘快餐店,,0.00,1560.00,餐費,金錢,,,
61,林士傑,107年直轄市議員選舉,首次申報,1070925,集會支出,台南市政府環境保護局,,0.00,3000.00,競選總部成立大會租用流動廁所,金錢,,,
62,林士傑,107年直轄市議員選舉,首次申報,1070925,公共關係費用支出,三楓企業社,17980648,0.00,6450.00,輓聯(紅)*.輓聯(白)*,金錢,臺南市安南區****,06-2*****,
63,林士傑,107年直轄市議員選舉,首次申報,1070925,雜支支出,紀益成佛具香舖,99278344,0.00,300.00,迷你金爐*,金錢,臺南市安平區****,06-2*****,
64,林士傑,107年直轄市議員選舉,首次申報,1070927,雜支支出,新曜弘快餐店,,0.00,6600.00,餐費,金錢,,,
65,林士傑,107年直轄市議員選舉,首次申報,1070928,雜支支出,MOMO,,0.00,750.00,衛生紙,金錢,,,
66,林士傑,107年直轄市議員選舉,首次申報,1070928,雜支支出,上好味燒肉飯,,0.00,210.00,餐費,金錢,,,
67,林士傑,107年直轄市議員選舉,首次申報,1070929,公共關係費用支出,吉嵐園藝,13712967,0.00,32000.00,/-/-蘭花盆,金錢,臺南市安定區****,06-5*****,
68,林士傑,107年直轄市議員選舉,首次申報,1070930,公共關係費用支出,福生花坊,81576829,0.00,85400.00,/-/羅馬柱.水盆花.布花.花籃.禮籃.蘭花.盆栽,金錢,臺南市安平區****,,
69,林士傑,107年直轄市議員選舉,首次申報,1070930,人事費用支出,高宥靜,A22*******,0.00,27075.00,/-/電訪,金錢,臺南市中西區****,,
70,林士傑,107年直轄市議員選舉,首次申報,1070930,人事費用支出,鄭安成,D10*******,0.00,30000.00,月份薪資,金錢,臺南市安平區****,0938*****,
71,林士傑,107年直轄市議員選舉,首次申報,1070930,人事費用支出,林育揚,D12*******,0.00,30000.00,月份薪資,金錢,臺南市安平區****,0909*****,
72,林士傑,107年直轄市議員選舉,首次申報,1070930,人事費用支出,周育瑞,D12*******,0.00,35000.00,月份薪資,金錢,臺南市安平區****,0985*****,
73,林士傑,107年直轄市議員選舉,首次申報,1070930,人事費用支出,謝秉修,D12*******,0.00,35000.00,月份薪資,金錢,臺南市中西區****,0900*****,
74,林士傑,107年直轄市議員選舉,首次申報,1070930,人事費用支出,陳美華,D20*******,0.00,12000.00,月份薪資,金錢,臺南市北區大****,0932*****,
75,林士傑,107年直轄市議員選舉,首次申報,1070930,人事費用支出,陳昱秀,D22*******,0.00,12000.00,月份薪資,金錢,臺南市南區鹽****,06-2*****,
76,林士傑,107年直轄市議員選舉,首次申報,1070930,人事費用支出,伍俶賢,D22*******,0.00,14100.00,/-/電訪,金錢,臺南市中西區****,,
77,林士傑,107年直轄市議員選舉,首次申報,1070930,人事費用支出,邱政如,D22*******,0.00,25000.00,月份薪資,金錢,臺南市安平區****,0911*****,
78,林士傑,107年直轄市議員選舉,首次申報,1070930,人事費用支出,李夙娟,E22*******,0.00,7875.00,/-/電訪,金錢,臺南市安平區****,,
79,林士傑,107年直轄市議員選舉,首次申報,1070930,人事費用支出,林文玲,L22*******,0.00,25000.00,月份薪資,金錢,臺南市安平區****,0973*****,
80,林士傑,107年直轄市議員選舉,首次申報,1070930,人事費用支出,林怡慧,P22*******,0.00,25000.00,月份薪資,金錢,臺南市南區新****,0986*****,
81,林士傑,107年直轄市議員選舉,首次申報,1070930,人事費用支出,蔡念庭,R22*******,0.00,13050.00,/-/電訪,金錢,臺南市東區德****,,
82,林士傑,107年直轄市議員選舉,首次申報,1070930,人事費用支出,高士雯,Y22*******,0.00,1725.00,/-/電訪,金錢,臺南市東區府****,,
83,林士傑,107年直轄市議員選舉,首次申報,1071001,雜支支出,台灣中油,,0.00,6615.00,/-/宣傳車油資,金錢,,,
84,林士傑,107年直轄市議員選舉,首次申報,1071001,雜支支出,姿吟行,,0.00,75.00,夾鏈袋號*,金錢,,,
85,林士傑,107年直轄市議員選舉,首次申報,1071001,公共關係費用支出,花生活花藝設計,10124971,0.00,1500.00,花柱一對,金錢,臺南市歸仁區****,06-2*****,
86,林士傑,107年直轄市議員選舉,首次申報,1071001,人事費用支出,吳宗駿,D12*******,0.00,6300.00,/-/跟垃圾車發文宣,金錢,臺南市南區新****,,
87,林士傑,107年直轄市議員選舉,首次申報,1071002,雜支支出,阿雲火雞肉飯,,0.00,210.00,餐費,金錢,,,
88,林士傑,107年直轄市議員選舉,首次申報,1071002,雜支支出,姿吟行,10130349,0.00,300.00,號夾鏈袋*,金錢,臺南市安平區****,06-2*****,
89,林士傑,107年直轄市議員選舉,首次申報,1071002,雜支支出,三加三家具行,10136131,0.00,3900.00,吊櫥,金錢,臺南市歸仁區****,06-2*****,
90,林士傑,107年直轄市議員選舉,首次申報,1071003,宣傳支出,台南市屏東縣同鄉會會刊廣告,,0.00,3000.00,在台南市屏東縣同鄉會會刊登廣告,金錢,臺南市永康區****,,
91,林士傑,107年直轄市議員選舉,首次申報,1071003,宣傳支出,力達廣告社,19420312,0.00,9650.00,豪華型背包旗*.雙透布輸出費*.運費,金錢,臺中市北屯區****,04-2*****,
92,林士傑,107年直轄市議員選舉,首次申報,1071003,返還支出,創兆建設有限公司,27382190,0.00,50000.00,返還,金錢,金華路一段巷****,06-2*****,
93,林士傑,107年直轄市議員選舉,首次申報,1071003,集會支出,瑞盟實業有限公司,59297020,0.00,46000.00,瓶裝飲用水*,金錢,高雄市苓雅區****,,
94,林士傑,107年直轄市議員選舉,首次申報,1071004,雜支支出,營業所,,0.00,900.00,台灣時報.聯合報.自由時報,金錢,,06-2*****,
95,林士傑,107年直轄市議員選舉,首次申報,1071004,雜支支出,王朝炒飯專賣店,,0.00,205.00,餐費,金錢,,,
96,林士傑,107年直轄市議員選舉,首次申報,1071004,雜支支出,胡家鍋燒意麵,,0.00,275.00,餐費,金錢,,,
97,林士傑,107年直轄市議員選舉,首次申報,1071004,雜支支出,信德商行,69584866,0.00,72.00,塑膠袋*,金錢,臺南市安平區****,06-2*****,
98,林士傑,107年直轄市議員選舉,首次申報,1071004,宣傳支出,亨燁刺繡實業社,99288384,0.00,100.00,背心印字*,金錢,臺南市南區中****,06-2*****,
99,林士傑,107年直轄市議員選舉,首次申報,1071005,雜支支出,王氏魚皮,,0.00,325.00,餐費,金錢,,,
100,林士傑,107年直轄市議員選舉,首次申報,1071005,雜支支出,統一精工,,0.00,500.00,/宣傳車油資,金錢,,,
101,林士傑,107年直轄市議員選舉,首次申報,1071005,人事費用支出,社團法人台南市身心障礙者自立更生創業協會,62987267,0.00,24000.00,小蜜蜂廣告車/-/共天.天*元*人,金錢,臺南市南區健****,,
102,林士傑,107年直轄市議員選舉,首次申報,1071006,雜支支出,唐唐簡餐,,0.00,210.00,餐費,金錢,,,
103,林士傑,107年直轄市議員選舉,首次申報,1071008,雜支支出,郵局,,0.00,84.00,寄收據郵資,金錢,,,
104,林士傑,107年直轄市議員選舉,首次申報,1071008,雜支支出,弘爺漢堡永華店,,0.00,500.00,早餐,金錢,,,
105,林士傑,107年直轄市議員選舉,首次申報,1071009,返還支出,東荷貿易股份有限公司,22931437,0.00,10000.00,返還,金錢,臺南市安平區****,0910*****,
106,林士傑,107年直轄市議員選舉,首次申報,1071010,雜支支出,三榮鴻自助餐,,0.00,910.00,/-/餐費,金錢,,,
107,林士傑,107年直轄市議員選舉,首次申報,1071010,集會支出,霸味薑母鴨,08867624,0.00,2450.00,開會晚餐,金錢,臺南市南區永****,06-2*****,
108,林士傑,107年直轄市議員選舉,首次申報,1071011,租用競選辦事處支出,鄭金模,,0.00,20000.00,服務處房租,金錢,,,
109,林士傑,107年直轄市議員選舉,首次申報,1071011,雜支支出,郵局,,0.00,84.00,寄收據郵資,金錢,,,
110,林士傑,107年直轄市議員選舉,首次申報,1071011,雜支支出,香港海霸燒腊快餐,,0.00,375.00,餐費,金錢,,,
111,林士傑,107年直轄市議員選舉,首次申報,1071011,雜支支出,台南花枝焿,,0.00,260.00,餐費,金錢,,,
112,林士傑,107年直轄市議員選舉,首次申報,1071011,雜支支出,誼友行,10256326,0.00,3000.00,安裝投射燈材料,金錢,高雄市楠梓區****,07-3*****,
113,林士傑,107年直轄市議員選舉,首次申報,1071012,雜支支出,蘿蔔姿快餐店,,0.00,60.00,餐費,金錢,,,
114,林士傑,107年直轄市議員選舉,首次申報,1071012,雜支支出,誼友行,10256326,0.00,3400.00,安裝投射燈材料,金錢,高雄市楠梓區****,07-3*****,
115,林士傑,107年直轄市議員選舉,首次申報,1071012,人事費用支出,劉韋宏,D12*******,0.00,2000.00,/-/安裝水電工資,金錢,臺南市中西區****,,
116,林士傑,107年直轄市議員選舉,首次申報,1071013,雜支支出,品鮮餐飲屋,,0.00,360.00,/-/餐費,金錢,,,
117,林士傑,107年直轄市議員選舉,首次申報,1071013,雜支支出,特力屋,,0.00,399.00,資料櫃,金錢,,,
118,林士傑,107年直轄市議員選舉,首次申報,1071013,人事費用支出,社團法人台南市身心障礙者自立更生創業協會,62987267,0.00,24000.00,小蜜蜂廣告車/-/共天.天*元*人,金錢,臺南市南區健****,,
119,林士傑,107年直轄市議員選舉,首次申報,1071015,雜支支出,翰樺電信有限公司,,0.00,18456.00,/-/服務處電訪電信費用,金錢,,,
120,林士傑,107年直轄市議員選舉,首次申報,1071015,雜支支出,菜多多便當,,0.00,8460.00,/-/餐費,金錢,,,
121,林士傑,107年直轄市議員選舉,首次申報,1071015,雜支支出,阿源燒肉飯,,0.00,420.00,/-/餐費,金錢,,,
122,林士傑,107年直轄市議員選舉,首次申報,1071015,雜支支出,北式重口味,,0.00,600.00,/-/餐費,金錢,,,
123,林士傑,107年直轄市議員選舉,首次申報,1071015,宣傳支出,亨燁刺繡實業社,99288384,0.00,150.00,背心印字,金錢,臺南市南區中****,06-2*****,
124,林士傑,107年直轄市議員選舉,首次申報,1071016,雜支支出,宏恩素食,,0.00,100.00,餐費,金錢,,,
125,林士傑,107年直轄市議員選舉,首次申報,1071016,雜支支出,正忠排骨飯,,0.00,1350.00,/-/餐費,金錢,,,
126,林士傑,107年直轄市議員選舉,首次申報,1071016,雜支支出,京華中小吃店,,0.00,7485.00,/-/餐費,金錢,,,
127,林士傑,107年直轄市議員選舉,首次申報,1071016,雜支支出,台灣中油,,0.00,18092.00,/-/宣傳車油資,金錢,,,
128,林士傑,107年直轄市議員選舉,首次申報,1071016,宣傳支出,亨燁刺繡實業社,88288384,0.00,150.00,背心印字,金錢,臺南市南區中****,06-2*****,
129,林士傑,107年直轄市議員選舉,首次申報,1071017,雜支支出,勝一美食店,,0.00,110.00,餐費,金錢,,,
130,林士傑,107年直轄市議員選舉,首次申報,1071017,雜支支出,富永香行,40819225,0.00,880.00,八仙彩*,金錢,臺南市南區新****,06-2*****,
131,林士傑,107年直轄市議員選舉,首次申報,1071018,雜支支出,統一精工,,0.00,1000.00,宣傳車油資,金錢,,,
132,林士傑,107年直轄市議員選舉,首次申報,1071018,雜支支出,千鋐五金行,,0.00,240.00,文具用品,金錢,,,
133,林士傑,107年直轄市議員選舉,首次申報,1071018,雜支支出,三福金香鋪,,0.00,3300.00,拜拜用水果,金錢,臺南市安平區****,06-2*****,
134,林士傑,107年直轄市議員選舉,首次申報,1071018,雜支支出,富香金香舖,15722764,0.00,2580.00,/-/八仙彩.環保炮,金錢,臺南市南區中****,06-2*****,
135,林士傑,107年直轄市議員選舉,首次申報,1071019,雜支支出,水長流文具有限公司,,0.00,379.00,/-/文具用品,金錢,,,
136,林士傑,107年直轄市議員選舉,首次申報,1071019,雜支支出,胡家鍋燒意麵,,0.00,55.00,餐費,金錢,,,
137,林士傑,107年直轄市議員選舉,首次申報,1071019,公共關係費用支出,吉嵐園藝,13712967,0.00,32000.00,/-/蘭花*盆,金錢,臺南市安定區****,06-5*****,
138,林士傑,107年直轄市議員選舉,首次申報,1071019,雜支支出,百合水果店,26434142,0.00,1000.00,拜拜用水果籃,金錢,臺南市南區新****,,
139,林士傑,107年直轄市議員選舉,首次申報,1071019,宣傳支出,南島回想影像紀錄工作室,47958799,0.00,68250.00,宣傳影片製作,金錢,臺南市東區仁****,0915*****,
140,林士傑,107年直轄市議員選舉,首次申報,1071019,人事費用支出,史育峰,D12*******,0.00,2000.00,/抽籤日打鼓人員,金錢,臺南市南區新****,,
141,林士傑,107年直轄市議員選舉,首次申報,1071020,宣傳支出,麥傑星企劃有限公司,,0.00,21400.00,文宣製作,金錢,,,
142,林士傑,107年直轄市議員選舉,首次申報,1071020,雜支支出,育順行,99603355,0.00,57000.00,聘書框*,金錢,臺南市安南區****,,
143,林士傑,107年直轄市議員選舉,首次申報,1071021,雜支支出,台灣中油,,0.00,6858.00,/-/宣傳車油資,金錢,,,
144,林士傑,107年直轄市議員選舉,首次申報,1071021,雜支支出,峻北生活館有限公司,,0.00,495.00,束帶,金錢,,,
145,林士傑,107年直轄市議員選舉,首次申報,1071021,雜支支出,明興路加油站,,0.00,595.00,/-/宣傳車油資,金錢,,,
146,林士傑,107年直轄市議員選舉,首次申報,1071022,雜支支出,安汰文化事業有限公司,,0.00,326.00,/-/文具用品,金錢,,,
147,林士傑,107年直轄市議員選舉,首次申報,1071022,雜支支出,南凱發電機行,,0.00,200.00,宣傳車換機油,金錢,,,
148,林士傑,107年直轄市議員選舉,首次申報,1071022,雜支支出,新財源輪胎行,,0.00,6400.00,宣傳車換新輪胎*,金錢,,,
149,林士傑,107年直轄市議員選舉,首次申報,1071022,雜支支出,金來旺農產行,26459993,0.00,19500.00,/-/拜拜用水果禮籃,金錢,臺南市南區金****,06-2*****,
150,林士傑,107年直轄市議員選舉,首次申報,1071022,返還支出,富霖餐廳企業有限公司,28352315,0.00,20000.00,返還,金錢,臺南市安平區****,06-2*****,
151,林士傑,107年直轄市議員選舉,首次申報,1071022,雜支支出,佳美鮮花店,69622974,0.00,400.00,拜拜花束,金錢,臺南市安平區****,06-2*****,
152,林士傑,107年直轄市議員選舉,首次申報,1071022,雜支支出,全美花卉工作坊,87860272,0.00,6400.00,/-/拜拜花束,金錢,臺南市安平區****,06-2*****,
153,林士傑,107年直轄市議員選舉,首次申報,1071023,雜支支出,紀益成佛具香舖,,0.00,2450.00,/-/拜拜用八仙彩.足白金,金錢,臺南市安平區****,06-2*****,
154,林士傑,107年直轄市議員選舉,首次申報,1071023,雜支支出,宏恩素食,,0.00,640.00,/-/餐費,金錢,,,
155,林士傑,107年直轄市議員選舉,首次申報,1071023,雜支支出,朝北生活館有限公司,,0.00,1269.00,/-/噴水器.束帶.水果叉.垃圾袋.洗碗精.防撞泡棉.雷達,金錢,,,
156,林士傑,107年直轄市議員選舉,首次申報,1071023,雜支支出,峻北生活館有限公司,,0.00,178.00,束帶,金錢,,,
157,林士傑,107年直轄市議員選舉,首次申報,1071023,雜支支出,日榮製香鋪,69864022,0.00,7140.00,/-/拜拜金紙,金錢,臺南市南區新****,06-2*****,
158,林士傑,107年直轄市議員選舉,首次申報,1071024,雜支支出,城新企業社,,0.00,4500.00,插旗鐵支*,金錢,,,
159,林士傑,107年直轄市議員選舉,首次申報,1071024,雜支支出,城新企業社,,0.00,4500.00,插旗鐵支*,金錢,,,
160,林士傑,107年直轄市議員選舉,首次申報,1071024,雜支支出,偉展企業商行,,0.00,154.00,/-/紙碗.泡棉.噴漆,金錢,,,
161,林士傑,107年直轄市議員選舉,首次申報,1071024,宣傳支出,中中企業社,67947878,0.00,32685.00,人力手派報*,金錢,花蓮縣花蓮市****,,
162,林士傑,107年直轄市議員選舉,首次申報,1071024,宣傳支出,亨燁刺繡實業社,99288384,0.00,7700.00,/-/背心印號碼*.帽子印字*,金錢,臺南市南區中****,06-2*****,
163,林士傑,107年直轄市議員選舉,首次申報,1071025,雜支支出,佳士康包裝飲用水工業股份有限公司,,0.00,2800.00,水,金錢,,,
164,林士傑,107年直轄市議員選舉,首次申報,1071025,雜支支出,東馬五金,,0.00,40.00,手套,金錢,,,
165,林士傑,107年直轄市議員選舉,首次申報,1071025,雜支支出,水長流文具有限公司,,0.00,40.00,PP板,金錢,,,
166,林士傑,107年直轄市議員選舉,首次申報,1071025,雜支支出,大潤發,,0.00,116.00,膠帶,金錢,,,
167,林士傑,107年直轄市議員選舉,首次申報,1071025,雜支支出,富庭精品,,0.00,120.00,袖套,金錢,,,
168,林士傑,107年直轄市議員選舉,首次申報,1071025,集會支出,明新食品企業股份有限公司,,0.00,2250.00,餐盒*,金錢,,,
169,林士傑,107年直轄市議員選舉,首次申報,1071026,雜支支出,京華中小吃店,,0.00,1100.00,/-/餐費,金錢,,,
170,林士傑,107年直轄市議員選舉,首次申報,1071026,雜支支出,王朝炒飯專賣店,,0.00,910.00,/-/餐費,金錢,,,
171,林士傑,107年直轄市議員選舉,首次申報,1071026,雜支支出,阿源燒肉飯,,0.00,120.00,餐費,金錢,,,
172,林士傑,107年直轄市議員選舉,首次申報,1071026,雜支支出,粥巢餐飲棧,,0.00,240.00,/-/餐費,金錢,,,
173,林士傑,107年直轄市議員選舉,首次申報,1071026,雜支支出,紀益成佛具香舖,,0.00,250.00,香環*,金錢,,,
174,林士傑,107年直轄市議員選舉,首次申報,1071026,雜支支出,嘉義火雞肉飯,,0.00,110.00,餐費,金錢,,,
175,林士傑,107年直轄市議員選舉,首次申報,1071027,雜支支出,春記肉圓,,0.00,180.00,餐費,金錢,,,
176,林士傑,107年直轄市議員選舉,首次申報,1071027,雜支支出,新味美食便當店,,0.00,260.00,餐費,金錢,,,
177,林士傑,107年直轄市議員選舉,首次申報,1071027,雜支支出,三井椿燒肉飯,,0.00,120.00,餐費,金錢,,,
178,林士傑,107年直轄市議員選舉,首次申報,1071027,人事費用支出,社團法人台南市身心障礙者自立更生創業協會,62987267,0.00,31200.00,小蜜蜂/-/,金錢,臺南市南區健****,06-2*****,
179,林士傑,107年直轄市議員選舉,首次申報,1071029,宣傳支出,亨燁刺繡實業社,,0.00,190.00,背心印號碼.人名,金錢,,,
180,林士傑,107年直轄市議員選舉,首次申報,1071029,雜支支出,安汰文化事業有限公司,,0.00,350.00,/-/文具用品,金錢,,,
181,林士傑,107年直轄市議員選舉,首次申報,1071029,雜支支出,朝北生活館有限公司,,0.00,782.00,/-/束帶.扣帶.便利袋,金錢,,,
182,林士傑,107年直轄市議員選舉,首次申報,1071029,雜支支出,正忠排骨飯,,0.00,525.00,/-/餐費,金錢,,,
183,林士傑,107年直轄市議員選舉,首次申報,1071029,雜支支出,蘿蔔姿快餐店,,0.00,540.00,/-/餐費,金錢,,,
184,林士傑,107年直轄市議員選舉,首次申報,1071029,公共關係費用支出,福生花坊,81576829,0.00,51500.00,/-花圈.羅馬柱.蘭花.禮籃.花籃.水盆花,金錢,臺南市安平區****,,
185,林士傑,107年直轄市議員選舉,首次申報,1071030,雜支支出,聯谷化學有限公司,,0.00,575.00,免洗餐具,金錢,,,
186,林士傑,107年直轄市議員選舉,首次申報,1071030,雜支支出,家源北平烤鴨店,,0.00,60.00,餐費,金錢,,,
187,林士傑,107年直轄市議員選舉,首次申報,1071030,雜支支出,東門嘉義火雞肉飯,,0.00,240.00,餐費,金錢,,,
188,林士傑,107年直轄市議員選舉,首次申報,1071030,雜支支出,王氏魚皮,,0.00,130.00,餐費,金錢,,,
189,林士傑,107年直轄市議員選舉,首次申報,1071030,雜支支出,立成五金商行,,0.00,3150.00,延長線+轉接頭,金錢,,,
190,林士傑,107年直轄市議員選舉,首次申報,1071030,雜支支出,菜多多便當,,0.00,5615.00,/-/餐費,金錢,,,
191,林士傑,107年直轄市議員選舉,首次申報,1071030,公共關係費用支出,亞珍花坊,,0.00,14100.00,花圈,金錢,,,
192,林士傑,107年直轄市議員選舉,首次申報,1071030,公共關係費用支出,吉嵐園藝,13712967,0.00,38000.00,/-/蘭花,金錢,臺南市安定區****,06-5*****,
193,林士傑,107年直轄市議員選舉,首次申報,1071030,宣傳支出,益友廣告贈品行,73853976,0.00,140333.00,口罩*個,金錢,臺南市南區明****,06-2*****,
194,林士傑,107年直轄市議員選舉,首次申報,1071030,人事費用支出,鄭安成,D10*******,0.00,30000.00,月薪資,金錢,臺南市安平區****,0938*****,
195,林士傑,107年直轄市議員選舉,首次申報,1071030,人事費用支出,林育揚,D12*******,0.00,30000.00,月薪資,金錢,臺南市安平區****,0909*****,
196,林士傑,107年直轄市議員選舉,首次申報,1071030,人事費用支出,周育瑞,D12*******,0.00,35000.00,月薪資,金錢,臺南市安平區****,0985*****,
197,林士傑,107年直轄市議員選舉,首次申報,1071030,人事費用支出,謝秉修,D12*******,0.00,35000.00,月薪資,金錢,臺南市中西區****,0900*****,
198,林士傑,107年直轄市議員選舉,首次申報,1071030,人事費用支出,陳美華,D20*******,0.00,12000.00,月薪資,金錢,臺南市北區大****,0932*****,
199,林士傑,107年直轄市議員選舉,首次申報,1071030,人事費用支出,陳昱秀,D22*******,0.00,12000.00,月薪資,金錢,臺南市南區鹽****,06-2*****,
200,林士傑,107年直轄市議員選舉,首次申報,1071030,人事費用支出,邱政如,D22*******,0.00,25000.00,月薪資,金錢,臺南市安平區****,0911*****,
201,林士傑,107年直轄市議員選舉,首次申報,1071030,人事費用支出,林文玲,L22*******,0.00,25000.00,月薪資,金錢,臺南市安平區****,0973*****,
202,林士傑,107年直轄市議員選舉,首次申報,1071030,人事費用支出,林怡慧,P22*******,0.00,25000.00,月薪資,金錢,臺南市南區新****,0986*****,
203,林士傑,107年直轄市議員選舉,首次申報,1071031,雜支支出,新曜弘快餐店,,0.00,9000.00,/-/餐費,金錢,,,
204,林士傑,107年直轄市議員選舉,首次申報,1071031,雜支支出,安盛帆布出租行,,0.00,4900.00,尺帆布,金錢,,,
205,林士傑,107年直轄市議員選舉,首次申報,1071031,雜支支出,老廣記燒臘店,,0.00,2915.00,/-/餐費,金錢,,,
206,林士傑,107年直轄市議員選舉,首次申報,1071031,雜支支出,三榮鴻自助餐,,0.00,2700.00,/-/餐費,金錢,,,
207,林士傑,107年直轄市議員選舉,首次申報,1071031,雜支支出,聯谷化學有限公司,,0.00,260.00,水果叉.紙盤,金錢,,,
208,林士傑,107年直轄市議員選舉,首次申報,1071031,雜支支出,營業所,,0.00,900.00,聯合報.台灣時報.自由時報,金錢,,,
209,林士傑,107年直轄市議員選舉,首次申報,1071031,集會支出,善日葵現烤蛋糕,,0.00,1190.00,蛋糕,金錢,,,
210,林士傑,107年直轄市議員選舉,首次申報,1071031,宣傳支出,秋誠有限公司,80252323,0.00,184500.00,面紙包.宣傳名片.聘書.邀請卡.貼紙.成立大會傳單.A宣傳單,金錢,臺南市南區鹽****,06-2*****,
211,林士傑,107年直轄市議員選舉,首次申報,1071031,人事費用支出,高宥靜,A22*******,0.00,32550.00,/-/電訪薪資,金錢,臺南市中西區****,,
212,林士傑,107年直轄市議員選舉,首次申報,1071031,人事費用支出,林錦娥,D22*******,0.00,2550.00,/-/薪資,金錢,臺南市安南區****,0963*****,
213,林士傑,107年直轄市議員選舉,首次申報,1071031,人事費用支出,伍俶賢,D22*******,0.00,18000.00,/-/電訪薪資,金錢,臺南市中西區****,,
214,林士傑,107年直轄市議員選舉,首次申報,1071101,雜支支出,允泰燈光音響影視社,,0.00,12000.00,燈光,金錢,,,
215,林士傑,107年直轄市議員選舉,首次申報,1071101,雜支支出,允泰燈光音響影視社,,0.00,15000.00,舞台,金錢,,,
216,林士傑,107年直轄市議員選舉,首次申報,1071101,雜支支出,米高梅企業社,,0.00,15000.00,音響,金錢,,,
217,林士傑,107年直轄市議員選舉,首次申報,1071101,雜支支出,北星廣告設計,,0.00,20000.00,投射燈LED+鐵臂*組,金錢,,,
218,林士傑,107年直轄市議員選舉,首次申報,1071101,雜支支出,京華中小吃店,,0.00,180.00,餐費,金錢,,,
219,林士傑,107年直轄市議員選舉,首次申報,1071101,雜支支出,胡家鍋燒意麵,,0.00,55.00,餐費,金錢,,,
220,林士傑,107年直轄市議員選舉,首次申報,1071102,雜支支出,水長流文具有限公司,,0.00,36.00,文具用品,金錢,,,
221,林士傑,107年直轄市議員選舉,首次申報,1071102,雜支支出,郵局,,0.00,211.00,收據郵資,金錢,,,
222,林士傑,107年直轄市議員選舉,首次申報,1071102,雜支支出,港澳廣式燒臘,,0.00,300.00,餐費,金錢,,,
223,林士傑,107年直轄市議員選舉,首次申報,1071102,雜支支出,安盛帆布出租行,,0.00,4200.00,尺布帆,金錢,,,
224,林士傑,107年直轄市議員選舉,首次申報,1071103,雜支支出,王朝炒飯專賣店,,0.00,290.00,餐費,金錢,,,
225,林士傑,107年直轄市議員選舉,首次申報,1071104,雜支支出,台灣中油,,0.00,16886.00,/-/宣傳車油資,金錢,,,
226,林士傑,107年直轄市議員選舉,首次申報,1071105,雜支支出,美味鄉快餐,,0.00,480.00,餐費,金錢,,,
227,林士傑,107年直轄市議員選舉,首次申報,1071105,雜支支出,客來意小吃店,,0.00,60.00,餐費,金錢,,,
228,林士傑,107年直轄市議員選舉,首次申報,1071105,人事費用支出,社團法人台南市身心障礙者自立更生創業協會,62987267,0.00,48000.00,小蜜蜂/-/,金錢,臺南市南區健****,06-2*****,
229,林士傑,107年直轄市議員選舉,首次申報,1071105,宣傳支出,雙子星有線電視,97160397,0.00,600000.00,雙子星電視廣告,金錢,臺南市北區北****,06-2*****,
230,林士傑,107年直轄市議員選舉,首次申報,1071107,雜支支出,王氏魚皮,,0.00,180.00,餐費,金錢,,,
231,林士傑,107年直轄市議員選舉,首次申報,1071107,雜支支出,東泰快餐店,,0.00,185.00,餐費,金錢,,,
232,林士傑,107年直轄市議員選舉,首次申報,1071108,雜支支出,二段6號焦糖煉乳包心粉圓,,0.00,75.00,餐費,金錢,,,
233,林士傑,107年直轄市議員選舉,首次申報,1071108,雜支支出,華平小吃店,,0.00,120.00,/-/餐費,金錢,,,
234,林士傑,107年直轄市議員選舉,首次申報,1071108,雜支支出,統一精工,,0.00,1000.00,宣傳車油資,金錢,,,
235,林士傑,107年直轄市議員選舉,首次申報,1071108,公共關係費用支出,吉嵐園藝,,0.00,27000.00,/-/蘭花*盆,金錢,,,
236,林士傑,107年直轄市議員選舉,首次申報,1071108,雜支支出,佳士康包裝飲用水工業股份有限公司,,0.00,1800.00,健康純水,金錢,,,
237,林士傑,107年直轄市議員選舉,首次申報,1071109,雜支支出,家的咖哩屋,,0.00,70.00,餐費,金錢,,,
238,林士傑,107年直轄市議員選舉,首次申報,1071109,人事費用支出,蕭雅蕙,R22*******,0.00,6000.00,/./主持節目,金錢,臺南市安定區****,,
239,林士傑,107年直轄市議員選舉,首次申報,1071110,雜支支出,蓁品窗簾服務工作室,,0.00,5000.00,環保袋*,金錢,,,
240,林士傑,107年直轄市議員選舉,首次申報,1071110,雜支支出,粥巢餐飲棧,,0.00,900.00,/-/餐費,金錢,,,
241,林士傑,107年直轄市議員選舉,首次申報,1071110,雜支支出,明興路加油站,,0.00,920.00,/-/宣傳車油資,金錢,,,
242,林士傑,107年直轄市議員選舉,首次申報,1071110,雜支支出,竹美亭日式食堂,,0.00,480.00,餐費,金錢,,,
243,林士傑,107年直轄市議員選舉,首次申報,1071111,雜支支出,平平安安企業行,,0.00,60.00,冰品,金錢,,,
244,林士傑,107年直轄市議員選舉,首次申報,1071111,雜支支出,宏樓小館,,0.00,60.00,餐費,金錢,,,
245,林士傑,107年直轄市議員選舉,首次申報,1071111,雜支支出,宏恩素食,,0.00,160.00,餐費,金錢,,,
246,林士傑,107年直轄市議員選舉,首次申報,1071112,雜支支出,家福簡餐現炒,,0.00,60.00,餐費,金錢,,,
247,林士傑,107年直轄市議員選舉,首次申報,1071112,雜支支出,家源北平烤鴨店,,0.00,120.00,餐費,金錢,,,
248,林士傑,107年直轄市議員選舉,首次申報,1071112,雜支支出,聯谷化學有限公司,,0.00,1155.00,免洗餐具.塑膠袋,金錢,,,
249,林士傑,107年直轄市議員選舉,首次申報,1071112,雜支支出,嘉義火雞肉飯,,0.00,1560.00,/-/餐費,金錢,,,
250,林士傑,107年直轄市議員選舉,首次申報,1071112,雜支支出,百興隆實業有限公司,,0.00,1400.00,/-/食品雜貨,金錢,,,
251,林士傑,107年直轄市議員選舉,首次申報,1071112,雜支支出,台南市政府環境保護局,,0.00,3000.00,租流動廁所,金錢,,,
252,林士傑,107年直轄市議員選舉,首次申報,1071112,雜支支出,安盛帆布出租行,,0.00,14700.00,/-/帆布+電燈,金錢,,,
253,林士傑,107年直轄市議員選舉,首次申報,1071113,集會支出,東泰快餐店,99543603,0.00,1045.00,餐飲支出,金錢,,,
254,林士傑,107年直轄市議員選舉,首次申報,1071114,雜支支出,順發3C量販,,0.00,756.00,隨身碟*,金錢,,,
255,林士傑,107年直轄市議員選舉,首次申報,1071114,租用競選辦事處支出,鄭金模,,0.00,20000.00,服務處房租,金錢,,,
256,林士傑,107年直轄市議員選舉,首次申報,1071114,雜支支出,勝一美食店,,0.00,1910.00,/-/餐費,金錢,,,
257,林士傑,107年直轄市議員選舉,首次申報,1071114,集會支出,善日葵現烤蛋糕,,0.00,2690.00,活動蛋糕,金錢,,,
258,林士傑,107年直轄市議員選舉,首次申報,1071114,雜支支出,翰樺電信有限公司,,0.00,6923.00,/-/服務處電訪電信費用,金錢,,,
259,林士傑,107年直轄市議員選舉,首次申報,1071114,人事費用支出,楊佩津,R22*******,0.00,6000.00,/./主持費,金錢,臺南市歸仁區****,,
260,林士傑,107年直轄市議員選舉,首次申報,1071115,雜支支出,中華音響社,,0.00,16000.00,音響,金錢,,,
261,林士傑,107年直轄市議員選舉,首次申報,1071115,雜支支出,上好味燒肉飯,,0.00,1980.00,餐費,金錢,,,
262,林士傑,107年直轄市議員選舉,首次申報,1071115,公共關係費用支出,福生花坊,,0.00,18600.00,/-/羅馬柱.蘭花.花籃.花枝,金錢,,,
263,林士傑,107年直轄市議員選舉,首次申報,1071115,雜支支出,朝北生活館有限公司,,0.00,583.00,/-/茶盤.膠帶.電池.洗碗精.威猛先生.黏鼠,金錢,,,
264,林士傑,107年直轄市議員選舉,首次申報,1071115,雜支支出,勝偉文具行,,0.00,200.00,膠帶,金錢,,,
265,林士傑,107年直轄市議員選舉,首次申報,1071115,人事費用支出,社團法人台南市身心障礙者自立更生創業協會,62987267,0.00,48000.00,小蜜蜂/-/,金錢,臺南市南區健****,,
266,林士傑,107年直轄市議員選舉,首次申報,1071116,雜支支出,富香金香舖,,0.00,110.00,拜拜用品,金錢,,,
267,林士傑,107年直轄市議員選舉,首次申報,1071116,集會支出,金久吉製香金銀舖,,0.00,600.00,蜂炮,金錢,,,
268,林士傑,107年直轄市議員選舉,首次申報,1071116,集會支出,金來旺農產行,,0.00,2460.00,水果.水果禮籃,金錢,,,
269,林士傑,107年直轄市議員選舉,首次申報,1071116,集會支出,金久吉製香金銀舖,17586033,0.00,600.00,蜂炮,金錢,,,
270,林士傑,107年直轄市議員選舉,首次申報,1071117,雜支支出,素排飯,,0.00,60.00,餐費,金錢,,,
271,林士傑,107年直轄市議員選舉,首次申報,1071117,雜支支出,王氏魚皮,,0.00,195.00,餐費,金錢,,,
272,林士傑,107年直轄市議員選舉,首次申報,1071117,集會支出,天仲行,,0.00,7800.00,租圓椅*,金錢,,,
273,林士傑,107年直轄市議員選舉,首次申報,1071117,宣傳支出,怪頭創意工作室,10837582,0.00,50000.00,飛魚樂團演奏,金錢,臺南市東區長****,,
274,林士傑,107年直轄市議員選舉,首次申報,1071117,人事費用支出,邱信德,D10*******,0.00,4600.00,/指揮交通,金錢,臺南市安平區****,,
275,林士傑,107年直轄市議員選舉,首次申報,1071117,人事費用支出,高淑鳳,R22*******,0.00,3000.00,日新感恩舞群,金錢,臺南市東區德****,,
276,林士傑,107年直轄市議員選舉,首次申報,1071118,雜支支出,老廣記燒臘店,,0.00,5260.00,/-/餐費,金錢,,,
277,林士傑,107年直轄市議員選舉,首次申報,1071118,雜支支出,美雲火雞肉飯,,0.00,240.00,餐費,金錢,,,
278,林士傑,107年直轄市議員選舉,首次申報,1071118,雜支支出,正忠排骨飯,,0.00,150.00,/-/餐費,金錢,,,
279,林士傑,107年直轄市議員選舉,首次申報,1071119,雜支支出,安汰文化事業有限公司,,0.00,157.00,/-/文具用品,金錢,,,
280,林士傑,107年直轄市議員選舉,首次申報,1071119,雜支支出,郵局,,0.00,43.00,/-/寄收據郵資,金錢,,,
281,林士傑,107年直轄市議員選舉,首次申報,1071119,雜支支出,蘿蔔姿快餐店,,0.00,600.00,/-/餐費,金錢,,,
282,林士傑,107年直轄市議員選舉,首次申報,1071119,雜支支出,安平自助餐,,0.00,420.00,/-/餐費,金錢,,,
283,林士傑,107年直轄市議員選舉,首次申報,1071119,雜支支出,三榮鴻自助餐,,0.00,2465.00,/-/餐費,金錢,,,
284,林士傑,107年直轄市議員選舉,首次申報,1071119,租用宣傳車輛支出,府城廣告社,09011210,0.00,118000.00,/-/租用廣告車,金錢,臺南市北區西****,,
285,林士傑,107年直轄市議員選舉,首次申報,1071119,宣傳支出,南島回想影像紀錄工作室,47958799,0.00,82950.00,宣傳影片拍攝製作,金錢,臺南市東區仁****,,
286,林士傑,107年直轄市議員選舉,首次申報,1071120,雜支支出,新台傳播企業社,,0.00,12000.00,音響,金錢,,,
287,林士傑,107年直轄市議員選舉,首次申報,1071120,雜支支出,台灣中油,,0.00,22806.00,/-/宣傳車油資,金錢,,,
288,林士傑,107年直轄市議員選舉,首次申報,1071120,雜支支出,阿源燒肉飯,,0.00,780.00,/-/餐費,金錢,,,
289,林士傑,107年直轄市議員選舉,首次申報,1071120,雜支支出,冠達廣告社,,0.00,1500.00,噴圖,金錢,,,
290,林士傑,107年直轄市議員選舉,首次申報,1071120,雜支支出,聯谷化學有限公司,,0.00,270.00,免洗餐具,金錢,,,
291,林士傑,107年直轄市議員選舉,首次申報,1071120,集會支出,佰元堂香舖,14361834,0.00,1800.00,蜂炮,金錢,,,
292,林士傑,107年直轄市議員選舉,首次申報,1071121,宣傳支出,藝龍視覺廣告設計,,0.00,3000.00,布條施工+拆除,金錢,,,
293,林士傑,107年直轄市議員選舉,首次申報,1071121,宣傳支出,金光舞台燈光音響企業社,,0.00,7000.00,舞台車,金錢,,,
294,林士傑,107年直轄市議員選舉,首次申報,1071121,集會支出,瑞香手工包子,,0.00,11500.00,肉包.芝麻包,金錢,,,
295,林士傑,107年直轄市議員選舉,首次申報,1071121,雜支支出,菜多多便當,,0.00,9910.00,/-/餐費,金錢,,,
296,林士傑,107年直轄市議員選舉,首次申報,1071121,雜支支出,九乘九,,0.00,285.00,文具,金錢,,,
297,林士傑,107年直轄市議員選舉,首次申報,1071121,雜支支出,水長流文具有限公司,,0.00,832.00,文具,金錢,,,
298,林士傑,107年直轄市議員選舉,首次申報,1071121,集會支出,天仲行,06532285,0.00,3000.00,租椅子,金錢,,,
299,林士傑,107年直轄市議員選舉,首次申報,1071121,集會支出,正忠排骨飯,54068792,0.00,6145.00,餐飲支出,金錢,,,
300,林士傑,107年直轄市議員選舉,首次申報,1071121,集會支出,益利行,56945402,0.00,400.00,環保炮,金錢,,,
301,林士傑,107年直轄市議員選舉,首次申報,1071121,交通旅運支出,台灣中油,56957125,0.00,4721.00,油單,金錢,,,
302,林士傑,107年直轄市議員選舉,首次申報,1071121,租用宣傳車輛支出,佳鑫汽車股份有限公司,72053286,0.00,16500.00,租用宣傳車輛支出,金錢,,,
303,林士傑,107年直轄市議員選舉,首次申報,1071121,人事費用支出,林淑華,G22*******,0.00,3000.00,舞蹈群,金錢,臺南市南區灣****,,
304,林士傑,107年直轄市議員選舉,首次申報,1071122,公共關係費用支出,吉嵐園藝,13712967,0.00,14000.00,/-/蘭花*盆,金錢,臺南市安定區****,,
305,林士傑,107年直轄市議員選舉,首次申報,1071122,集會支出,李文雄,E12*******,0.00,900.00,豆花,金錢,,,
306,林士傑,107年直轄市議員選舉,首次申報,1071123,集會支出,金光舞台燈光音響企業社,10811942,0.00,5000.00,投射燈兩天,金錢,,,
307,林士傑,107年直轄市議員選舉,首次申報,1071123,人事費用支出,社團法人台南市身心障礙者自力更生創業協會,62987267,0.00,38400.00,小蜜蜂/-/,金錢,臺南市南區健****,,
308,林士傑,107年直轄市議員選舉,首次申報,1071123,租用宣傳車輛支出,佳鑫汽車股份有限公司,72053286,0.00,5500.00,租用宣傳車輛支出,金錢,,,
309,林士傑,107年直轄市議員選舉,首次申報,1071123,人事費用支出,王昭宗,R10*******,0.00,400.00,指揮交通,金錢,台南市金華路****,,
310,林士傑,107年直轄市議員選舉,首次申報,1071125,宣傳支出,冠達廣告社,56945487,0.00,1500.00,廣告費,金錢,,,
311,林士傑,107年直轄市議員選舉,首次申報,1071126,集會支出,新曜弘快餐店,15719368,0.00,24600.00,便當,金錢,,,
312,林士傑,107年直轄市議員選舉,首次申報,1071126,宣傳支出,中中企業社,67947878,0.00,24000.00,人力手派報,金錢,,,
313,林士傑,107年直轄市議員選舉,首次申報,1071127,集會支出,阿伯帳棚,10702579,0.00,18000.00,帳棚租用,金錢,臺南市仁德區****,,
314,林士傑,107年直轄市議員選舉,首次申報,1071127,集會支出,鉅昇企業社,10821863,0.00,22000.00,舞台及背景架租用費,金錢,臺南市新市區****,,
315,林士傑,107年直轄市議員選舉,首次申報,1071127,集會支出,鉅昇企業社,10821863,0.00,15000.00,truss架及高架等租用費,金錢,臺南市新市區****,,
316,林士傑,107年直轄市議員選舉,首次申報,1071127,集會支出,宇揚企業社,14393625,0.00,15000.00,音響器材租用費,金錢,台南市西區大****,,
317,林士傑,107年直轄市議員選舉,首次申報,1071127,集會支出,宇揚企業社,14393625,0.00,9000.00,燈光器材租用費,金錢,臺南市西區大****,,
318,林士傑,107年直轄市議員選舉,首次申報,1071127,集會支出,向度企業社,40724608,0.00,20000.00,帆布輸出佈置,金錢,臺南市中西區****,,
319,林士傑,107年直轄市議員選舉,首次申報,1071127,集會支出,福生花坊,81576829,0.00,800.00,布花,金錢,臺南市安平區****,,
320,林士傑,107年直轄市議員選舉,首次申報,1071127,人事費用支出,高宥靜,A22*******,0.00,30225.00,電訪,金錢,台南市中西區****,,
321,林士傑,107年直轄市議員選舉,首次申報,1071127,人事費用支出,宋幸芳,T22*******,0.00,3975.00,電訪,金錢,台南市北區文****,,
322,林士傑,107年直轄市議員選舉,首次申報,1071127,人事費用支出,高士雯,Y22*******,0.00,6825.00,電訪,金錢,台南市東區府****,,
323,林士傑,107年直轄市議員選舉,首次申報,1071128,集會支出,在和企業社,10852014,0.00,3000.00,三角錐租用,金錢,,,
324,林士傑,107年直轄市議員選舉,首次申報,1071130,雜支支出,捷印站影印店,09034467,0.00,9000.00,租機費,金錢,臺南市永康區****,,
325,林士傑,107年直轄市議員選舉,首次申報,1071130,雜支支出,翰樺電信有限公司,28193371,0.00,9914.00,電話費,金錢,臺北市中山區****,,
326,林士傑,107年直轄市議員選舉,首次申報,1071130,雜支支出,中華電信,47925637,0.00,8009.00,電信費用,金錢,,,
327,林士傑,107年直轄市議員選舉,首次申報,1071130,人事費用支出,鄭安成,D10*******,0.00,30000.00,薪資,金錢,台南市安平區****,,
328,林士傑,107年直轄市議員選舉,首次申報,1071130,人事費用支出,周清義,D10*******,0.00,30000.00,薪資,金錢,台南市北區西****,,
329,林士傑,107年直轄市議員選舉,首次申報,1071130,宣傳支出,競選總部,D12*******,0.00,30000.00,租用廣告看板或車體廣告支出,非金錢,臺南市安平區****,,
330,林士傑,107年直轄市議員選舉,首次申報,1071130,人事費用支出,林育揚,D12*******,0.00,30000.00,薪資,金錢,台南市安平區****,,
331,林士傑,107年直轄市議員選舉,首次申報,1071130,人事費用支出,周育瑞,D12*******,0.00,35000.00,薪資,金錢,台南市安平區****,,
332,林士傑,107年直轄市議員選舉,首次申報,1071130,人事費用支出,謝秉修,D12*******,0.00,35000.00,薪資,金錢,台南市中西區****,,
333,林士傑,107年直轄市議員選舉,首次申報,1071130,人事費用支出,吳宗駿,D12*******,0.00,19125.00,薪資,金錢,台南市南區新****,,
334,林士傑,107年直轄市議員選舉,首次申報,1071130,人事費用支出,許月美,D20*******,0.00,10000.00,薪資,金錢,台南市南區塩****,,
335,林士傑,107年直轄市議員選舉,首次申報,1071130,人事費用支出,陳美華,D20*******,0.00,12000.00,薪資,金錢,台南市北區大****,,
336,林士傑,107年直轄市議員選舉,首次申報,1071130,人事費用支出,陳昱秀,D22*******,0.00,12000.00,薪資,金錢,台南市南區塩****,,
337,林士傑,107年直轄市議員選舉,首次申報,1071130,人事費用支出,蔡寶英,D22*******,0.00,19550.00,薪資,金錢,台南市興隆路****,,
338,林士傑,107年直轄市議員選舉,首次申報,1071130,人事費用支出,蔡寶珍,D22*******,0.00,20825.00,薪資,金錢,台南市中華南****,,
339,林士傑,107年直轄市議員選舉,首次申報,1071130,人事費用支出,邱政如,D22*******,0.00,25000.00,薪資,金錢,台南市安平區****,,
340,林士傑,107年直轄市議員選舉,首次申報,1071130,人事費用支出,蔡鳳纓,D22*******,0.00,15725.00,薪資,金錢,台南市健康三****,,
341,林士傑,107年直轄市議員選舉,首次申報,1071130,人事費用支出,蔡寶麗,D22*******,0.00,16575.00,薪資,金錢,台南市興隆路****,,
342,林士傑,107年直轄市議員選舉,首次申報,1071130,人事費用支出,林文玲,L22*******,0.00,25000.00,薪資,金錢,台南市安平區****,,
343,林士傑,107年直轄市議員選舉,首次申報,1071130,人事費用支出,林怡慧,P22*******,0.00,25000.00,薪資,金錢,台南市南區新****,,
344,林士傑,107年直轄市議員選舉,首次申報,1071205,雜支支出,台灣電力公司,,0.00,1272.00,水電瓦斯費用,金錢,,,
345,林士傑,107年直轄市議員選舉,首次申報,1071205,雜支支出,台灣電力公司,,0.00,36.00,水電瓦斯費用,金錢,,,
346,林士傑,107年直轄市議員選舉,首次申報,1071205,雜支支出,台灣自來水公司,06388346,0.00,460.00,水電瓦斯費用,金錢,,,
347,林士傑,107年直轄市議員選舉,首次申報,1071212,雜支支出,台灣電力公司,,0.00,1987.00,水電瓦斯費用,金錢,,,
348,林士傑,107年直轄市議員選舉,首次申報,1071212,雜支支出,台灣自來水公司,06388346,0.00,495.00,水電瓦斯費用,金錢,,,
