﻿序號,擬參選人／政黨,選舉名稱,申報序號／年度,交易日期,收支科目,捐贈者／支出對象,身分證／統一編號,收入金額,支出金額,捐贈方式,存入專戶日期,返還/繳庫,支出用途,金錢類,地址,聯絡電話,應揭露之支出對象,支出對象之內部人員姓名,支出對象之內部人員職稱,政黨之內部人員姓名,政黨之內部人員職稱,關係,資料更正日期
1,韓國瑜,109年總統、副總統選舉,第一次賸餘,1090211,參加公職人員選舉使用支出,中華郵政股份有限公司,03741302,0.00,5608.00,,,,郵寄競選物品或宣傳廣告費用,金錢,台北市大安區****,,,,,,,,
2,韓國瑜,109年總統、副總統選舉,第一次賸餘,1090211,參加公職人員選舉使用支出,中華郵政股份有限公司,03741302,0.00,5200.00,,,,郵寄競選物品或宣傳廣告費用,金錢,台北市大安區****,,,,,,,,
3,韓國瑜,109年總統、副總統選舉,第一次賸餘,1090211,參加公職人員選舉使用支出,中華郵政股份有限公司,03741302,0.00,6072.00,,,,郵寄競選物品或宣傳廣告費用,金錢,台北市大安區****,,,,,,,,
4,韓國瑜,109年總統、副總統選舉,第一次賸餘,1090211,參加公職人員選舉使用支出,滾石國際音樂股份有限公司,22012304,0.00,36750.00,,,,製作宣傳廣告費用,金錢,台北市大安區****,,,,,,,,
5,韓國瑜,109年總統、副總統選舉,第一次賸餘,1090211,參加公職人員選舉使用支出,和平香菇肉飯,47699597,0.00,210.00,,,,餐飲費用,金錢,高雄市苓雅區****,,,,,,,,
6,韓國瑜,109年總統、副總統選舉,第一次賸餘,1090211,參加公職人員選舉使用支出,禾藝企業社,85472212,0.00,350.00,,,,餐飲費用,金錢,高雄市苓雅區****,,,,,,,,
7,韓國瑜,109年總統、副總統選舉,第一次賸餘,1090212,參加公職人員選舉使用支出,中華郵政股份有限公司,03741302,0.00,4460.00,,,,郵寄競選物品或宣傳廣告費用,金錢,台北市大安區****,,,,,,,,
8,韓國瑜,109年總統、副總統選舉,第一次賸餘,1090212,參加公職人員選舉使用支出,財團法人台灣首府大學附屬機構蓮潭國際文教會館,08924821,0.00,124022.00,,,,差旅食宿費用,金錢,高雄市左營區****,,,,,,,,
9,韓國瑜,109年總統、副總統選舉,第一次賸餘,1090212,參加公職人員選舉使用支出,金大麵食坊,21307821,0.00,695.00,,,,餐飲費用,金錢,高雄市苓雅區****,,,,,,,,
10,韓國瑜,109年總統、副總統選舉,第一次賸餘,1090212,參加公職人員選舉使用支出,日升加油站有限公司,80604306,0.00,1389.00,,,,宣傳車輛燃料費用,金錢,雲林縣斗六市****,,,,,,,,
11,韓國瑜,109年總統、副總統選舉,第一次賸餘,1090213,參加公職人員選舉使用支出,台灣中油股份有限公司油品行銷事業部,01315062,0.00,300.00,,,,油資,金錢,臺北市中山區****,,,,,,,,
12,韓國瑜,109年總統、副總統選舉,第一次賸餘,1090213,參加公職人員選舉使用支出,中華郵政股份有限公司,03741302,0.00,4256.00,,,,郵寄競選物品或宣傳廣告費用,金錢,台北市大安區****,,,,,,,,
13,韓國瑜,109年總統、副總統選舉,第一次賸餘,1090213,參加公職人員選舉使用支出,中華郵政股份有限公司,03741302,0.00,8712.00,,,,郵寄競選物品或宣傳廣告費用,金錢,台北市大安區****,,,,,,,,
14,韓國瑜,109年總統、副總統選舉,第一次賸餘,1090213,參加公職人員選舉使用支出,中華郵政股份有限公司,03741302,0.00,8000.00,,,,郵寄競選物品或宣傳廣告費用,金錢,台北市大安區****,,,,,,,,
15,韓國瑜,109年總統、副總統選舉,第一次賸餘,1090213,參加公職人員選舉使用支出,台灣高速鐵路股份有限公司(台灣高鐵),16446274,0.00,1490.00,,,,搭乘交通工具費用,金錢,台北市南港區****,,,,,,,,
16,韓國瑜,109年總統、副總統選舉,第一次賸餘,1090213,參加公職人員選舉使用支出,和德昌股份有限公司,27951848,0.00,168.00,,,,餐飲費用,金錢,高雄市左營區****,,,,,,,,
17,韓國瑜,109年總統、副總統選舉,第一次賸餘,1090213,參加公職人員選舉使用支出,義美股份有限公司,50790654,0.00,435.00,,,,餐飲費用,金錢,臺北市中山區****,,,,,,,,
18,韓國瑜,109年總統、副總統選舉,第一次賸餘,1090213,參加公職人員選舉使用支出,東京散步精緻飯盒,72116331,0.00,400.00,,,,餐飲費用,金錢,高雄市苓雅區****,,,,,,,,
19,韓國瑜,109年總統、副總統選舉,第一次賸餘,1090213,參加公職人員選舉使用支出,桂華加油站股份有限公司,89412005,0.00,887.00,,,,油資,金錢,高雄市左營區****,,,,,,,,
20,韓國瑜,109年總統、副總統選舉,第一次賸餘,1090213,參加公職人員選舉使用支出,詹雅蓮,T22*******,0.00,6000.00,,,,其他因工作酬勞之給付,金錢,高雄市苓雅區****,,,,,,,,
21,韓國瑜,109年總統、副總統選舉,第一次賸餘,1090214,參加公職人員選舉使用支出,中華郵政股份有限公司,03741302,0.00,5652.00,,,,郵寄競選物品或宣傳廣告費用,金錢,台北市大安區****,,,,,,,,
22,韓國瑜,109年總統、副總統選舉,第一次賸餘,1090214,參加公職人員選舉使用支出,中華郵政股份有限公司,03741302,0.00,11012.00,,,,郵寄競選物品或宣傳廣告費用,金錢,台北市大安區****,,,,,,,,
23,韓國瑜,109年總統、副總統選舉,第一次賸餘,1090214,參加公職人員選舉使用支出,中華電信股份有限公司台灣南區電信分公司,19762247,0.00,24975.00,,,,電信費用,金錢,高雄市左營區****,,,,,,,,
24,韓國瑜,109年總統、副總統選舉,第一次賸餘,1090214,參加公職人員選舉使用支出,東京散步精緻飯盒,72116331,0.00,480.00,,,,餐飲費用,金錢,高雄市苓雅區****,,,,,,,,
25,韓國瑜,109年總統、副總統選舉,第一次賸餘,1090215,參加公職人員選舉使用支出,中華郵政股份有限公司,03741302,0.00,4240.00,,,,郵寄競選物品或宣傳廣告費用,金錢,台北市大安區****,,,,,,,,
26,韓國瑜,109年總統、副總統選舉,第一次賸餘,1090215,參加公職人員選舉使用支出,美味達人股份有限公司健行分公司,54756947,0.00,355.00,,,,餐飲費用,金錢,台中市北區健****,,,,,,,,
27,韓國瑜,109年總統、副總統選舉,第一次賸餘,1090215,參加公職人員選舉使用支出,華燕雲吞,81044730,0.00,400.00,,,,餐飲費用,金錢,高雄市苓雅區****,,,,,,,,
28,韓國瑜,109年總統、副總統選舉,第一次賸餘,1090217,參加公職人員選舉使用支出,中華郵政股份有限公司,03741302,0.00,6208.00,,,,郵寄競選物品或宣傳廣告費用,金錢,台北市大安區****,,,,,,,,
29,韓國瑜,109年總統、副總統選舉,第一次賸餘,1090217,參加公職人員選舉使用支出,福德麵麵粥道小吃店,08932527,0.00,520.00,,,,餐飲費用,金錢,高雄市新興區****,,,,,,,,
30,韓國瑜,109年總統、副總統選舉,第一次賸餘,1090217,參加公職人員選舉使用支出,禾藝企業社,85472212,0.00,80.00,,,,餐飲費用,金錢,高雄市苓雅區****,,,,,,,,
31,韓國瑜,109年總統、副總統選舉,第一次賸餘,1090218,參加公職人員選舉使用支出,中華郵政股份有限公司,03741302,0.00,4316.00,,,,郵寄競選物品或宣傳廣告費用,金錢,台北市大安區****,,,,,,,,
32,韓國瑜,109年總統、副總統選舉,第一次賸餘,1090218,參加公職人員選舉使用支出,中華郵政股份有限公司,03741302,0.00,4904.00,,,,郵寄競選物品或宣傳廣告費用,金錢,台北市大安區****,,,,,,,,
33,韓國瑜,109年總統、副總統選舉,第一次賸餘,1090218,參加公職人員選舉使用支出,永宜美味小吃部,08884200,0.00,510.00,,,,餐飲費用,金錢,高雄市苓雅區****,,,,,,,,
34,韓國瑜,109年總統、副總統選舉,第一次賸餘,1090218,參加公職人員選舉使用支出,台灣高速鐵路股份有限公司(台灣高鐵),16446274,0.00,930.00,,,,搭乘交通工具費用,金錢,台北市南港區****,,,,,,,,
35,韓國瑜,109年總統、副總統選舉,第一次賸餘,1090218,參加公職人員選舉使用支出,台灣高速鐵路股份有限公司(台灣高鐵),16446274,0.00,930.00,,,,搭乘交通工具費用,金錢,台北市南港區****,,,,,,,,
36,韓國瑜,109年總統、副總統選舉,第一次賸餘,1090218,參加公職人員選舉使用支出,台灣高速鐵路股份有限公司(台灣高鐵),16446274,0.00,1490.00,,,,搭乘交通工具費用,金錢,台北市南港區****,,,,,,,,
37,韓國瑜,109年總統、副總統選舉,第一次賸餘,1090218,參加公職人員選舉使用支出,台灣高速鐵路股份有限公司(台灣高鐵),16446274,0.00,1860.00,,,,搭乘交通工具費用,金錢,台北市南港區****,,,,,,,,
38,韓國瑜,109年總統、副總統選舉,第一次賸餘,1090218,參加公職人員選舉使用支出,台灣高速鐵路股份有限公司(台灣高鐵),16446274,0.00,1490.00,,,,搭乘交通工具費用,金錢,台北市南港區****,,,,,,,,
39,韓國瑜,109年總統、副總統選舉,第一次賸餘,1090218,參加公職人員選舉使用支出,台灣高速鐵路股份有限公司(台灣高鐵),16446274,0.00,1490.00,,,,搭乘交通工具費用,金錢,台北市南港區****,,,,,,,,
40,韓國瑜,109年總統、副總統選舉,第一次賸餘,1090218,參加公職人員選舉使用支出,台灣高速鐵路股份有限公司(台灣高鐵),16446274,0.00,1600.00,,,,搭乘交通工具費用,金錢,台北市南港區****,,,,,,,,
41,韓國瑜,109年總統、副總統選舉,第一次賸餘,1090218,參加公職人員選舉使用支出,中興電工機械股份有限公司,47427625,0.00,180.00,,,,停車費,金錢,雲林縣虎尾鎮****,,,,,,,,
42,韓國瑜,109年總統、副總統選舉,第一次賸餘,1090218,參加公職人員選舉使用支出,幸福豬腳店,82496036,0.00,605.00,,,,餐飲費用,金錢,雲林縣斗六市****,,,,,,,,
43,韓國瑜,109年總統、副總統選舉,第一次賸餘,1090219,參加公職人員選舉使用支出,中華郵政股份有限公司,03741302,0.00,3904.00,,,,郵寄競選物品或宣傳廣告費用,金錢,台北市大安區****,,,,,,,,
44,韓國瑜,109年總統、副總統選舉,第一次賸餘,1090219,參加公職人員選舉使用支出,笑笑笑國際股份有限公司,28755582,0.00,15.00,,,,文具用品費用,金錢,雲林縣斗六市****,,,,,,,,
45,韓國瑜,109年總統、副總統選舉,第一次賸餘,1090219,參加公職人員選舉使用支出,天福老謝食品企業社,67856237,0.00,1560.00,,,,餐飲費用,金錢,雲林縣斗六市****,,,,,,,,
46,韓國瑜,109年總統、副總統選舉,第一次賸餘,1090219,參加公職人員選舉使用支出,華燕雲吞,81044730,0.00,500.00,,,,餐飲費用,金錢,高雄市苓雅區****,,,,,,,,
47,韓國瑜,109年總統、副總統選舉,第一次賸餘,1090220,參加公職人員選舉使用支出,中華郵政股份有限公司,03741302,0.00,14128.00,,,,郵寄競選物品或宣傳廣告費用,金錢,台北市大安區****,,,,,,,,
48,韓國瑜,109年總統、副總統選舉,第一次賸餘,1090220,參加公職人員選舉使用支出,中華郵政股份有限公司,03741302,0.00,5340.00,,,,郵寄競選物品或宣傳廣告費用,金錢,台北市大安區****,,,,,,,,
49,韓國瑜,109年總統、副總統選舉,第一次賸餘,1090220,參加公職人員選舉使用支出,泰炒捌食行號,41336036,0.00,490.00,,,,餐飲費用,金錢,高雄市前金區****,,,,,,,,
50,韓國瑜,109年總統、副總統選舉,第一次賸餘,1090220,參加公職人員選舉使用支出,中華電信股份有限公司,63501100,0.00,2161.00,,,,電信費用,金錢,雲林縣斗六市****,,,,,,,,
51,韓國瑜,109年總統、副總統選舉,第一次賸餘,1090220,參加公職人員選舉使用支出,中華電信股份有限公司,63501100,0.00,286.00,,,,電信費用,金錢,雲林縣斗六市****,,,,,,,,
52,韓國瑜,109年總統、副總統選舉,第一次賸餘,1090220,參加公職人員選舉使用支出,中華電信股份有限公司,63501100,0.00,1530.00,,,,電信費用,金錢,雲林縣斗六市****,,,,,,,,
53,韓國瑜,109年總統、副總統選舉,第一次賸餘,1090220,參加公職人員選舉使用支出,笑笑笑國際股份有限公司高雄三多分公司,80595067,0.00,85.00,,,,文具用品費用,金錢,高雄市苓雅區****,,,,,,,,
54,韓國瑜,109年總統、副總統選舉,第一次賸餘,1090221,參加公職人員選舉使用支出,中華郵政股份有限公司,03741302,0.00,12800.00,,,,郵寄競選物品或宣傳廣告費用,金錢,台北市大安區****,,,,,,,,
55,韓國瑜,109年總統、副總統選舉,第一次賸餘,1090221,參加公職人員選舉使用支出,中華郵政股份有限公司,03741302,0.00,1904.00,,,,郵寄競選物品或宣傳廣告費用,金錢,台北市大安區****,,,,,,,,
56,韓國瑜,109年總統、副總統選舉,第一次賸餘,1090221,參加公職人員選舉使用支出,中華郵政股份有限公司,03741302,0.00,4120.00,,,,郵寄競選物品或宣傳廣告費用,金錢,台北市大安區****,,,,,,,,
57,韓國瑜,109年總統、副總統選舉,第一次賸餘,1090221,參加公職人員選舉使用支出,和平香菇肉飯,47699597,0.00,300.00,,,,餐飲費用,金錢,高雄市苓雅區****,,,,,,,,
58,韓國瑜,109年總統、副總統選舉,第一次賸餘,1090221,參加公職人員選舉使用支出,東京散步精緻飯盒,72116331,0.00,320.00,,,,餐飲費用,金錢,高雄市苓雅區****,,,,,,,,
59,韓國瑜,109年總統、副總統選舉,第一次賸餘,1090224,參加公職人員選舉使用支出,中華郵政股份有限公司,03741302,0.00,2988.00,,,,郵寄競選物品或宣傳廣告費用,金錢,台北市大安區****,,,,,,,,
60,韓國瑜,109年總統、副總統選舉,第一次賸餘,1090224,參加公職人員選舉使用支出,中華郵政股份有限公司,03741302,0.00,17512.00,,,,郵寄競選物品或宣傳廣告費用,金錢,台北市大安區****,,,,,,,,
61,韓國瑜,109年總統、副總統選舉,第一次賸餘,1090224,參加公職人員選舉使用支出,勞動部勞工保險局,03769808,0.00,40953.00,,,,勞保費,金錢,臺北市中正區****,,,,,,,,
62,韓國瑜,109年總統、副總統選舉,第一次賸餘,1090224,參加公職人員選舉使用支出,永宜美味小吃部,08884200,0.00,560.00,,,,餐飲費用,金錢,高雄市苓雅區****,,,,,,,,
63,韓國瑜,109年總統、副總統選舉,第一次賸餘,1090225,參加公職人員選舉使用支出,中華郵政股份有限公司,03741302,0.00,80.00,,,,郵寄競選物品或宣傳廣告費用,金錢,台北市大安區****,,,,,,,,
64,韓國瑜,109年總統、副總統選舉,第一次賸餘,1090226,參加公職人員選舉使用支出,中華郵政股份有限公司,03741302,0.00,9200.00,,,,郵寄競選物品或宣傳廣告費用,金錢,台北市大安區****,,,,,,,,
65,韓國瑜,109年總統、副總統選舉,第一次賸餘,1090227,參加公職人員選舉使用支出,台灣高速鐵路股份有限公司(台灣高鐵),16446274,0.00,560.00,,,,搭乘交通工具費用,金錢,台北市南港區****,,,,,,,,
66,韓國瑜,109年總統、副總統選舉,第一次賸餘,1090227,參加公職人員選舉使用支出,鶴屋企業行,19760775,0.00,2925.00,,,,文具用品費用,金錢,高雄市鳳山區****,,,,,,,,
67,韓國瑜,109年總統、副總統選舉,第一次賸餘,1090227,參加公職人員選舉使用支出,震旦行股份有限公司,22822769,0.00,30000.00,,,,文具用品費用,金錢,雲林縣虎尾鎮****,,,,,,,,
68,韓國瑜,109年總統、副總統選舉,第一次賸餘,1090229,參加公職人員選舉使用支出,張孝洋,A12*******,0.00,55000.00,,,,工資或薪津,金錢,台北市松山區****,,,,,,,,
69,韓國瑜,109年總統、副總統選舉,第一次賸餘,1090229,參加公職人員選舉使用支出,馬麗,D20*******,0.00,33000.00,,,,工資或薪津,金錢,高雄市左營區****,,,,,,,,
70,韓國瑜,109年總統、副總統選舉,第一次賸餘,1090229,參加公職人員選舉使用支出,謝宗育,E12*******,0.00,30000.00,,,,工資或薪津,金錢,高雄市楠梓區****,,,,,,,,
71,韓國瑜,109年總統、副總統選舉,第一次賸餘,1090229,參加公職人員選舉使用支出,陳俊仁,E12*******,0.00,40000.00,,,,工資或薪津,金錢,高雄市鼓山區****,,,,,,,,
72,韓國瑜,109年總統、副總統選舉,第一次賸餘,1090229,參加公職人員選舉使用支出,趙秀蘭,E20*******,0.00,31000.00,,,,工資或薪津,金錢,高雄市左營區****,,,,,,,,
73,韓國瑜,109年總統、副總統選舉,第一次賸餘,1090229,參加公職人員選舉使用支出,周艾倫,E22*******,0.00,31000.00,,,,工資或薪津,金錢,高雄市左營區****,,,,,,,,
74,韓國瑜,109年總統、副總統選舉,第一次賸餘,1090229,參加公職人員選舉使用支出,張愉鈺,E22*******,0.00,31000.00,,,,工資或薪津,金錢,高雄市苓雅區****,,,,,,,,
75,韓國瑜,109年總統、副總統選舉,第一次賸餘,1090229,參加公職人員選舉使用支出,劉怡青,K22*******,0.00,14220.00,,,,其他因工作酬勞之給付,金錢,雲林縣古坑鄉****,,,,,,,,
76,韓國瑜,109年總統、副總統選舉,第一次賸餘,1090229,參加公職人員選舉使用支出,許家豪,N12*******,0.00,29340.00,,,,其他因工作酬勞之給付,金錢,雲林縣西螺鎮****,,,,,,,,
77,韓國瑜,109年總統、副總統選舉,第一次賸餘,1090229,參加公職人員選舉使用支出,粘楚璇,N22*******,0.00,50000.00,,,,工資或薪津,金錢,彰化縣鹿港鎮****,,,,,,,,
78,韓國瑜,109年總統、副總統選舉,第一次賸餘,1090229,參加公職人員選舉使用支出,黃煌凱,P12*******,0.00,30060.00,,,,其他因工作酬勞之給付,金錢,雲林縣東勢鄉****,,,,,,,,
79,韓國瑜,109年總統、副總統選舉,第一次賸餘,1090229,參加公職人員選舉使用支出,李嘉松,P12*******,0.00,35820.00,,,,其他因工作酬勞之給付,金錢,雲林縣斗六市****,,,,,,,,
80,韓國瑜,109年總統、副總統選舉,第一次賸餘,1090229,參加公職人員選舉使用支出,葉仟偌,P22*******,0.00,24660.00,,,,工資或薪津,金錢,雲林縣斗六市****,,,,,,,,
81,韓國瑜,109年總統、副總統選舉,第一次賸餘,1090229,參加公職人員選舉使用支出,葉仟偌,P22*******,0.00,30000.00,,,,工資或薪津,金錢,雲林縣斗六市****,,,,,,,,
82,韓國瑜,109年總統、副總統選舉,第一次賸餘,1090229,參加公職人員選舉使用支出,高淑華,P22*******,0.00,5580.00,,,,其他因工作酬勞之給付,金錢,雲林縣古坑鄉****,,,,,,,,
83,韓國瑜,109年總統、副總統選舉,第一次賸餘,1090229,參加公職人員選舉使用支出,王佳瑜,P22*******,0.00,18900.00,,,,其他因工作酬勞之給付,金錢,雲林縣西螺鎮****,,,,,,,,
84,韓國瑜,109年總統、副總統選舉,第一次賸餘,1090229,參加公職人員選舉使用支出,李佳音,P22*******,0.00,2880.00,,,,其他因工作酬勞之給付,金錢,雲林縣斗六市****,,,,,,,,
85,韓國瑜,109年總統、副總統選舉,第一次賸餘,1090229,參加公職人員選舉使用支出,李佳蓉,P22*******,0.00,2160.00,,,,其他因工作酬勞之給付,金錢,雲林縣斗六市****,,,,,,,,
86,韓國瑜,109年總統、副總統選舉,第一次賸餘,1090302,參加公職人員選舉使用支出,中華郵政股份有限公司,03741302,0.00,27144.00,,,,郵寄競選物品或宣傳廣告費用,金錢,台北市大安區****,,,,,,,,
87,韓國瑜,109年總統、副總統選舉,第一次賸餘,1090302,參加公職人員選舉使用支出,交通部臺灣鐵路管理局,07524729,0.00,149.00,,,,搭乘交通工具費用,金錢,臺北市中正區****,(02)*****,,,,,,,
88,韓國瑜,109年總統、副總統選舉,第一次賸餘,1090304,參加公職人員選舉使用支出,中華郵政股份有限公司,03741302,0.00,27360.00,,,,郵寄競選物品或宣傳廣告費用,金錢,台北市大安區****,,,,,,,,
89,韓國瑜,109年總統、副總統選舉,第一次賸餘,1090305,參加公職人員選舉使用支出,中華郵政股份有限公司,03741302,0.00,6772.00,,,,郵寄競選物品或宣傳廣告費用,金錢,台北市大安區****,,,,,,,,
90,韓國瑜,109年總統、副總統選舉,第一次賸餘,1090306,參加公職人員選舉使用支出,中華郵政股份有限公司,03741302,0.00,11020.00,,,,郵寄競選物品或宣傳廣告費用,金錢,台北市大安區****,,,,,,,,
91,韓國瑜,109年總統、副總統選舉,第一次賸餘,1090306,參加公職人員選舉使用支出,交通部臺灣鐵路管理局,07524729,0.00,149.00,,,,搭乘交通工具費用,金錢,臺北市中正區****,,,,,,,,
92,韓國瑜,109年總統、副總統選舉,第一次賸餘,1090306,參加公職人員選舉使用支出,和德昌股份有限公司,27951848,0.00,597.00,,,,餐飲費用,金錢,高雄市左營區****,,,,,,,,
93,韓國瑜,109年總統、副總統選舉,第一次賸餘,1090309,參加公職人員選舉使用支出,中華郵政股份有限公司,03741302,0.00,10160.00,,,,郵寄競選物品或宣傳廣告費用,金錢,台北市大安區****,,,,,,,,
94,韓國瑜,109年總統、副總統選舉,第一次賸餘,1090309,參加公職人員選舉使用支出,交通部臺灣鐵路管理局,07524729,0.00,149.00,,,,搭乘交通工具費用,金錢,臺北市中正區****,,,,,,,,
95,韓國瑜,109年總統、副總統選舉,第一次賸餘,1090310,參加公職人員選舉使用支出,中華郵政股份有限公司,03741302,0.00,1844.00,,,,郵寄競選物品或宣傳廣告費用,金錢,台北市大安區****,,,,,,,,
96,韓國瑜,109年總統、副總統選舉,第一次賸餘,1090311,參加公職人員選舉使用支出,中華郵政股份有限公司,03741302,0.00,912.00,,,,郵寄競選物品或宣傳廣告費用,金錢,台北市大安區****,,,,,,,,
97,韓國瑜,109年總統、副總統選舉,第一次賸餘,1090311,參加公職人員選舉使用支出,中華郵政股份有限公司,03741302,0.00,12000.00,,,,郵寄競選物品或宣傳廣告費用,金錢,台北市大安區****,,,,,,,,
98,韓國瑜,109年總統、副總統選舉,第一次賸餘,1090311,參加公職人員選舉使用支出,利安商行,47399043,0.00,75.00,,,,文具用品費用,金錢,雲林縣斗六市****,,,,,,,,
99,韓國瑜,109年總統、副總統選舉,第一次賸餘,1090313,參加公職人員選舉使用支出,中華郵政股份有限公司,03741302,0.00,1016.00,,,,郵寄競選物品或宣傳廣告費用,金錢,台北市大安區****,,,,,,,,
100,韓國瑜,109年總統、副總統選舉,第一次賸餘,1090313,參加公職人員選舉使用支出,中華郵政股份有限公司,03741302,0.00,28360.00,,,,郵寄競選物品或宣傳廣告費用,金錢,台北市大安區****,,,,,,,,
101,韓國瑜,109年總統、副總統選舉,第一次賸餘,1090313,參加公職人員選舉使用支出,交通部臺灣鐵路管理局,07524729,0.00,149.00,,,,搭乘交通工具費用,金錢,臺北市中正區****,,,,,,,,
102,韓國瑜,109年總統、副總統選舉,第一次賸餘,1090313,參加公職人員選舉使用支出,利安商行,47399043,0.00,780.00,,,,文具用品費用,金錢,雲林縣斗六市****,,,,,,,,
103,韓國瑜,109年總統、副總統選舉,第一次賸餘,1090313,參加公職人員選舉使用支出,馬麗,D20*******,0.00,2160.00,,,,其他因工作酬勞之給付,金錢,高雄市左營區****,,,,,,,,
104,韓國瑜,109年總統、副總統選舉,第一次賸餘,1090313,參加公職人員選舉使用支出,許家豪,N12*******,0.00,17100.00,,,,其他因工作酬勞之給付,金錢,雲林縣西螺鎮****,,,,,,,,
105,韓國瑜,109年總統、副總統選舉,第一次賸餘,1090313,參加公職人員選舉使用支出,黃煌凱,P12*******,0.00,18180.00,,,,其他因工作酬勞之給付,金錢,雲林縣東勢鄉****,,,,,,,,
106,韓國瑜,109年總統、副總統選舉,第一次賸餘,1090313,參加公職人員選舉使用支出,李嘉松,P12*******,0.00,5220.00,,,,其他因工作酬勞之給付,金錢,雲林縣斗六市****,,,,,,,,
107,韓國瑜,109年總統、副總統選舉,第一次賸餘,1090313,參加公職人員選舉使用支出,高淑華,P22*******,0.00,3060.00,,,,其他因工作酬勞之給付,金錢,雲林縣古坑鄉****,,,,,,,,
108,韓國瑜,109年總統、副總統選舉,第一次賸餘,1090315,參加公職人員選舉使用支出,台灣高速鐵路股份有限公司(台灣高鐵),16446274,0.00,1490.00,,,,搭乘交通工具費用,金錢,台北市南港區****,,,,,,,,
109,韓國瑜,109年總統、副總統選舉,第一次賸餘,1090315,參加公職人員選舉使用支出,台灣高速鐵路股份有限公司(台灣高鐵),16446274,0.00,1490.00,,,,搭乘交通工具費用,金錢,台北市南港區****,,,,,,,,
110,韓國瑜,109年總統、副總統選舉,第一次賸餘,1090315,參加公職人員選舉使用支出,台灣高速鐵路股份有限公司(台灣高鐵),16446274,0.00,1330.00,,,,搭乘交通工具費用,金錢,台北市南港區****,,,,,,,,
111,韓國瑜,109年總統、副總統選舉,第一次賸餘,1090315,參加公職人員選舉使用支出,台灣高速鐵路股份有限公司(台灣高鐵),16446274,0.00,560.00,,,,搭乘交通工具費用,金錢,台北市南港區****,,,,,,,,
112,韓國瑜,109年總統、副總統選舉,第一次賸餘,1090315,參加公職人員選舉使用支出,台灣高速鐵路股份有限公司(台灣高鐵),16446274,0.00,1490.00,,,,搭乘交通工具費用,金錢,台北市南港區****,,,,,,,,
113,韓國瑜,109年總統、副總統選舉,第一次賸餘,1090315,參加公職人員選舉使用支出,台灣高速鐵路股份有限公司(台灣高鐵),16446274,0.00,1490.00,,,,搭乘交通工具費用,金錢,台北市南港區****,,,,,,,,
114,韓國瑜,109年總統、副總統選舉,第一次賸餘,1090315,參加公職人員選舉使用支出,李佳蓉,P22*******,0.00,1260.00,,,,其他因工作酬勞之給付,金錢,雲林縣斗六市****,,,,,,,,
115,韓國瑜,109年總統、副總統選舉,第一次賸餘,1090317,參加公職人員選舉使用支出,中華郵政股份有限公司,03741302,0.00,10640.00,,,,郵寄競選物品或宣傳廣告費用,金錢,台北市大安區****,,,,,,,,
116,韓國瑜,109年總統、副總統選舉,第一次賸餘,1090317,參加公職人員選舉使用支出,中華郵政股份有限公司,03741302,0.00,576.00,,,,郵寄競選物品或宣傳廣告費用,金錢,台北市大安區****,,,,,,,,
117,韓國瑜,109年總統、副總統選舉,第一次賸餘,1090319,參加公職人員選舉使用支出,中華電信股份有限公司台灣南區電信分公司高雄營運處,19762247,0.00,8815.00,,,,電信費用,金錢,高雄市左營區****,,,,,,,,
118,韓國瑜,109年總統、副總統選舉,第一次賸餘,1090319,參加公職人員選舉使用支出,中華電信股份有限公司臺灣南區電信分公司雲林營運處,63501100,0.00,3144.00,,,,電信費用,金錢,雲林縣斗六市****,,,,,,,,
119,韓國瑜,109年總統、副總統選舉,第一次賸餘,1090320,參加公職人員選舉使用支出,中華郵政股份有限公司,03741302,0.00,144.00,,,,郵寄競選物品或宣傳廣告費用,金錢,台北市大安區****,,,,,,,,
120,韓國瑜,109年總統、副總統選舉,第一次賸餘,1090323,參加公職人員選舉使用支出,戰國策國際顧問股份有限公司,89231193,0.00,50400.00,,,,委託辦理研究、評估、調查、設計或規劃費用,金錢,台北市中正區****,,,,,,,,
121,韓國瑜,109年總統、副總統選舉,第一次賸餘,1090323,參加公職人員選舉使用支出,李嘉松,P12*******,0.00,1440.00,,,,其他因工作酬勞之給付,金錢,雲林縣斗六市****,,,,,,,,
122,韓國瑜,109年總統、副總統選舉,第一次賸餘,1090323,參加公職人員選舉使用支出,黃煌凱,P12*******,0.00,11160.00,,,,其他因工作酬勞之給付,金錢,雲林縣東勢鄉****,,,,,,,,
123,韓國瑜,109年總統、副總統選舉,第一次賸餘,1090324,參加公職人員選舉使用支出,中華郵政股份有限公司,03741302,0.00,300.00,,,,查詢手續費,金錢,台北市大安區****,,,,,,,,
124,韓國瑜,109年總統、副總統選舉,第一次賸餘,1090325,參加公職人員選舉使用支出,中華郵政股份有限公司,03741302,0.00,475.00,,,,郵寄競選物品或宣傳廣告費用,金錢,台北市大安區****,,,,,,,,
125,韓國瑜,109年總統、副總統選舉,第一次賸餘,1090325,參加公職人員選舉使用支出,社團法人中華音樂著作權協會,19330608,0.00,9072.00,,,,活動音樂著作公開演出授權費,金錢,臺北市中山區****,,,,,,,,
126,韓國瑜,109年總統、副總統選舉,第一次賸餘,1090326,參加公職人員選舉使用支出,中華郵政股份有限公司,03741302,0.00,80.00,,,,郵寄競選物品或宣傳廣告費用,金錢,台北市大安區****,,,,,,,,
127,韓國瑜,109年總統、副總統選舉,第一次賸餘,1090327,參加公職人員選舉使用支出,中華郵政股份有限公司,03741302,0.00,628.00,,,,郵寄競選物品或宣傳廣告費用,金錢,台北市大安區****,,,,,,,,
128,韓國瑜,109年總統、副總統選舉,第一次賸餘,1090327,參加公職人員選舉使用支出,中華郵政股份有限公司,03741302,0.00,1650.00,,,,郵寄競選物品或宣傳廣告費用,金錢,台北市大安區****,,,,,,,,
129,韓國瑜,109年總統、副總統選舉,第一次賸餘,1090327,參加公職人員選舉使用支出,台灣高速鐵路股份有限公司(台灣高鐵),16446274,0.00,930.00,,,,搭乘交通工具費用,金錢,台北市南港區****,,,,,,,,
130,韓國瑜,109年總統、副總統選舉,第一次賸餘,1090327,參加公職人員選舉使用支出,台灣高速鐵路股份有限公司(台灣高鐵),16446274,0.00,930.00,,,,搭乘交通工具費用,金錢,台北市南港區****,,,,,,,,
131,韓國瑜,109年總統、副總統選舉,第一次賸餘,1090327,參加公職人員選舉使用支出,台灣高速鐵路股份有限公司(台灣高鐵),16446274,0.00,930.00,,,,搭乘交通工具費用,金錢,台北市南港區****,,,,,,,,
132,韓國瑜,109年總統、副總統選舉,第一次賸餘,1090327,參加公職人員選舉使用支出,台灣高速鐵路股份有限公司(台灣高鐵),16446274,0.00,900.00,,,,搭乘交通工具費用,金錢,台北市南港區****,,,,,,,,
133,韓國瑜,109年總統、副總統選舉,第一次賸餘,1090327,參加公職人員選舉使用支出,台灣高速鐵路股份有限公司(台灣高鐵),16446274,0.00,970.00,,,,搭乘交通工具費用,金錢,台北市南港區****,,,,,,,,
134,韓國瑜,109年總統、副總統選舉,第一次賸餘,1090327,參加公職人員選舉使用支出,台灣高速鐵路股份有限公司(台灣高鐵),16446274,0.00,930.00,,,,搭乘交通工具費用,金錢,台北市南港區****,,,,,,,,
135,韓國瑜,109年總統、副總統選舉,第一次賸餘,1090327,參加公職人員選舉使用支出,台灣高速鐵路股份有限公司(台灣高鐵),16446274,0.00,970.00,,,,搭乘交通工具費用,金錢,台北市南港區****,,,,,,,,
136,韓國瑜,109年總統、副總統選舉,第一次賸餘,1090327,參加公職人員選舉使用支出,台灣高速鐵路股份有限公司(台灣高鐵),16446274,0.00,930.00,,,,搭乘交通工具費用,金錢,台北市南港區****,,,,,,,,
137,韓國瑜,109年總統、副總統選舉,第一次賸餘,1090327,參加公職人員選舉使用支出,台灣高速鐵路股份有限公司(台灣高鐵),16446274,0.00,930.00,,,,搭乘交通工具費用,金錢,台北市南港區****,,,,,,,,
138,韓國瑜,109年總統、副總統選舉,第一次賸餘,1090327,參加公職人員選舉使用支出,台灣高速鐵路股份有限公司(台灣高鐵),16446274,0.00,670.00,,,,搭乘交通工具費用,金錢,台北市南港區****,,,,,,,,
139,韓國瑜,109年總統、副總統選舉,第一次賸餘,1090327,參加公職人員選舉使用支出,台灣高速鐵路股份有限公司(台灣高鐵),16446274,0.00,230.00,,,,搭乘交通工具費用,金錢,台北市南港區****,,,,,,,,
140,韓國瑜,109年總統、副總統選舉,第一次賸餘,1090331,參加公職人員選舉使用支出,中華郵政股份有限公司,03741302,0.00,8.00,,,,郵寄競選物品或宣傳廣告費用,金錢,台北市大安區****,,,,,,,,
141,韓國瑜,109年總統、副總統選舉,第一次賸餘,1090331,參加公職人員選舉使用支出,張孝洋,A12*******,0.00,55000.00,,,,工資或薪津,金錢,台北市松山區****,,,,,,,,
142,韓國瑜,109年總統、副總統選舉,第一次賸餘,1090331,參加公職人員選舉使用支出,粘楚璇,N22*******,0.00,50000.00,,,,工資或薪津,金錢,彰化縣鹿港鎮****,,,,,,,,
143,韓國瑜,109年總統、副總統選舉,第一次賸餘,1090331,參加公職人員選舉使用支出,葉仟偌,P22*******,0.00,25920.00,,,,工資或薪津,金錢,雲林縣斗六市****,,,,,,,,
144,韓國瑜,109年總統、副總統選舉,第一次賸餘,1090331,參加公職人員選舉使用支出,葉仟偌,P22*******,0.00,30000.00,,,,工資或薪津,金錢,雲林縣斗六市****,,,,,,,,
145,韓國瑜,109年總統、副總統選舉,第一次賸餘,1090407,參加公職人員選舉使用支出,中華郵政股份有限公司,03741302,0.00,28.00,,,,郵寄競選物品或宣傳廣告費用,金錢,台北市大安區****,,,,,,,,
146,韓國瑜,109年總統、副總統選舉,第一次賸餘,1090408,參加公職人員選舉使用支出,泰鼎法律事務所,38533358,0.00,150000.00,,,,委託辦理研究、評估、調查、設計或規劃費用,金錢,台北市大安區****,,,,,,,,
147,韓國瑜,109年總統、副總統選舉,第一次賸餘,1090408,參加公職人員選舉使用支出,泰鼎法律事務所,38533358,0.00,150000.00,,,,委託辦理研究、評估、調查、設計或規劃費用,金錢,台北市大安區****,,,,,,,,
148,韓國瑜,109年總統、副總統選舉,第一次賸餘,1090408,參加公職人員選舉使用支出,泰鼎法律事務所,38533358,0.00,150000.00,,,,委託辦理研究、評估、調查、設計或規劃費用,金錢,台北市大安區****,,,,,,,,
149,韓國瑜,109年總統、副總統選舉,第一次賸餘,1090408,參加公職人員選舉使用支出,泰鼎法律事務所,38533358,0.00,150000.00,,,,委託辦理研究、評估、調查、設計或規劃費用,金錢,台北市大安區****,,,,,,,,
150,韓國瑜,109年總統、副總統選舉,第一次賸餘,1090410,參加公職人員選舉使用支出,中華郵政股份有限公司,03741302,0.00,44.00,,,,郵寄競選物品或宣傳廣告費用,金錢,台北市大安區****,,,,,,,,
151,韓國瑜,109年總統、副總統選舉,第一次賸餘,1090413,參加公職人員選舉使用支出,中華郵政股份有限公司,03741302,0.00,28.00,,,,郵寄競選物品或宣傳廣告費用,金錢,台北市大安區****,,,,,,,,
152,韓國瑜,109年總統、副總統選舉,第一次賸餘,1090414,參加公職人員選舉使用支出,中華電信股份有限公司,19762247,0.00,770.00,,,,電信費用,金錢,高雄市左營區****,,,,,,,,
153,韓國瑜,109年總統、副總統選舉,第一次賸餘,1090414,參加公職人員選舉使用支出,中華電信股份有限公司,19762247,0.00,164.00,,,,電信費用,金錢,高雄市左營區****,,,,,,,,
154,韓國瑜,109年總統、副總統選舉,第一次賸餘,1090417,參加公職人員選舉使用支出,中華電信股份有限公司臺灣南區電信分公司雲林營運處,63501100,0.00,1002.00,,,,電信費用,金錢,雲林縣斗六市****,,,,,,,,
155,韓國瑜,109年總統、副總統選舉,第一次賸餘,1090421,參加公職人員選舉使用支出,荃陞有限公司,50929480,0.00,32505.00,,,,清潔整理支出,金錢,高雄市橋頭區****,,,,,,,,
156,韓國瑜,109年總統、副總統選舉,第一次賸餘,1090423,參加公職人員選舉使用支出,中華郵政股份有限公司,03741302,0.00,808.00,,,,郵寄競選物品或宣傳廣告費用,金錢,台北市大安區****,,,,,,,,
157,韓國瑜,109年總統、副總統選舉,第一次賸餘,1090423,參加公職人員選舉使用支出,泰鼎法律事務所,38533358,0.00,150000.00,,,,委託辦理研究、評估、調查、設計或規劃費用,金錢,台北市大安區****,,,,,,,,
158,韓國瑜,109年總統、副總統選舉,第一次賸餘,1090423,參加公職人員選舉使用支出,中華電信股份有限公司臺灣南區電信分公司雲林營運處,63501100,0.00,1867.00,,,,電信費用,金錢,雲林縣斗六市****,,,,,,,,
159,韓國瑜,109年總統、副總統選舉,第一次賸餘,1090427,參加公職人員選舉使用支出,中華郵政股份有限公司,03741302,0.00,764.00,,,,郵寄競選物品或宣傳廣告費用,金錢,台北市大安區****,,,,,,,,
160,韓國瑜,109年總統、副總統選舉,第一次賸餘,1090428,參加公職人員選舉使用支出,中華郵政股份有限公司,03741302,0.00,64.00,,,,郵寄競選物品或宣傳廣告費用,金錢,台北市大安區****,,,,,,,,
161,韓國瑜,109年總統、副總統選舉,第一次賸餘,1090428,參加公職人員選舉使用支出,王佳瑜,P22*******,0.00,6000.00,,,,其他因工作酬勞之給付,金錢,雲林縣西螺鎮****,,,,,,,,
162,韓國瑜,109年總統、副總統選舉,第一次賸餘,1090429,參加公職人員選舉使用支出,中華郵政股份有限公司,03741302,0.00,56.00,,,,郵寄競選物品或宣傳廣告費用,金錢,台北市大安區****,,,,,,,,
163,韓國瑜,109年總統、副總統選舉,第一次賸餘,1090429,參加公職人員選舉使用支出,中華郵政股份有限公司,03741302,0.00,36.00,,,,郵寄競選物品或宣傳廣告費用,金錢,台北市大安區****,,,,,,,,
164,韓國瑜,109年總統、副總統選舉,第一次賸餘,1090430,參加公職人員選舉使用支出,張孝洋,A12*******,0.00,55000.00,,,,工資或薪津,金錢,台北市松山區****,,,,,,,,
165,韓國瑜,109年總統、副總統選舉,第一次賸餘,1090430,參加公職人員選舉使用支出,粘楚璇,N22*******,0.00,50000.00,,,,工資或薪津,金錢,彰化縣鹿港鎮****,,,,,,,,
166,韓國瑜,109年總統、副總統選舉,第一次賸餘,1090430,參加公職人員選舉使用支出,葉仟偌,P22*******,0.00,30000.00,,,,工資或薪津,金錢,雲林縣斗六市****,,,,,,,,
167,韓國瑜,109年總統、副總統選舉,第一次賸餘,1090504,參加公職人員選舉使用支出,中華郵政股份有限公司,03741302,0.00,63.00,,,,郵寄競選物品或宣傳廣告費用,金錢,台北市大安區****,,,,,,,,
168,韓國瑜,109年總統、副總統選舉,第一次賸餘,1090504,參加公職人員選舉使用支出,中華郵政股份有限公司,03741302,0.00,28.00,,,,郵寄競選物品或宣傳廣告費用,金錢,台北市大安區****,,,,,,,,
169,韓國瑜,109年總統、副總統選舉,第一次賸餘,1090507,參加公職人員選舉使用支出,中華郵政股份有限公司,03741302,0.00,28.00,,,,郵寄競選物品或宣傳廣告費用,金錢,台北市大安區****,,,,,,,,
170,韓國瑜,109年總統、副總統選舉,第一次賸餘,1090507,參加公職人員選舉使用支出,社團法人亞太音樂集體管理協會,72934711,0.00,11340.00,,,,音樂會公開演出權利金,金錢,台北市信義區****,,,,,,,,
171,韓國瑜,109年總統、副總統選舉,第一次賸餘,1090513,參加公職人員選舉使用支出,中華郵政股份有限公司,03741302,0.00,36.00,,,,郵寄競選物品或宣傳廣告費用,金錢,台北市大安區****,,,,,,,,
172,韓國瑜,109年總統、副總統選舉,第一次賸餘,1090514,參加公職人員選舉使用支出,中華電信股份有限公司,19762247,0.00,269.00,,,,電信費用,金錢,高雄市左營區****,,,,,,,,
173,韓國瑜,109年總統、副總統選舉,第一次賸餘,1090515,參加公職人員選舉使用支出,中華郵政股份有限公司,03741302,0.00,28.00,,,,郵寄競選物品或宣傳廣告費用,金錢,台北市大安區****,,,,,,,,
174,韓國瑜,109年總統、副總統選舉,第一次賸餘,1090515,參加公職人員選舉使用支出,健豪印刷事業股份有限公司,16332027,0.00,45723.00,,,,印刷品,金錢,台中市西區大****,,,,,,,,
175,韓國瑜,109年總統、副總統選舉,第一次賸餘,1090520,參加公職人員選舉使用支出,中華電信股份有限公司,63501100,0.00,1031.00,,,,電信費用,金錢,雲林縣斗六市****,,,,,,,,
176,韓國瑜,109年總統、副總統選舉,第一次賸餘,1090520,參加公職人員選舉使用支出,中華電信股份有限公司,63501100,0.00,1844.00,,,,電信費用,金錢,雲林縣斗六市****,,,,,,,,
177,韓國瑜,109年總統、副總統選舉,第一次賸餘,1090520,參加公職人員選舉使用支出,中華電信股份有限公司,63501100,0.00,200.00,,,,電信費用,金錢,雲林縣斗六市****,,,,,,,,
178,韓國瑜,109年總統、副總統選舉,第一次賸餘,1090526,參加公職人員選舉使用支出,中華郵政股份有限公司,03741302,0.00,100.00,,,,郵寄競選物品或宣傳廣告費用,金錢,台北市大安區****,,,,,,,,
179,韓國瑜,109年總統、副總統選舉,第一次賸餘,1090531,參加公職人員選舉使用支出,張孝洋,A12*******,0.00,55000.00,,,,工資或薪津,金錢,台北市松山區****,,,,,,,,
180,韓國瑜,109年總統、副總統選舉,第一次賸餘,1090605,參加公職人員選舉使用支出,中華郵政股份有限公司,03741302,0.00,60.00,,,,郵寄物品費用,金錢,台北市大安區****,,,,,,,,
181,韓國瑜,109年總統、副總統選舉,第一次賸餘,1090608,參加公職人員選舉使用支出,中華郵政股份有限公司,03741302,0.00,56.00,,,,郵寄物品費用,金錢,台北市大安區****,,,,,,,,
182,韓國瑜,109年總統、副總統選舉,第一次賸餘,1090609,參加公職人員選舉使用支出,中華電信股份有限公司臺灣南區電信分公司高雄營運處,19762247,0.00,775.00,,,,電信費用,金錢,高雄市左營區****,,,,,,,,
183,韓國瑜,109年總統、副總統選舉,第一次賸餘,1090611,參加公職人員選舉使用支出,中華郵政股份有限公司,03741302,0.00,28.00,,,,郵寄物品費用,金錢,台北市大安區****,,,,,,,,
184,韓國瑜,109年總統、副總統選舉,第一次賸餘,1090616,參加公職人員選舉使用支出,中華郵政股份有限公司,03741302,0.00,28.00,,,,郵寄物品費用,金錢,台北市大安區****,,,,,,,,
185,韓國瑜,109年總統、副總統選舉,第一次賸餘,1090616,參加公職人員選舉使用支出,中華電信股份有限公司臺灣南區電信分公司雲林營運處,63501100,0.00,999.00,,,,電信費用,金錢,雲林縣斗六市****,,,,,,,,
186,韓國瑜,109年總統、副總統選舉,第一次賸餘,1090616,參加公職人員選舉使用支出,中華電信股份有限公司臺灣南區電信分公司雲林營運處,63501100,0.00,1843.00,,,,電信費用,金錢,雲林縣斗六市****,,,,,,,,
187,韓國瑜,109年總統、副總統選舉,第一次賸餘,1090617,參加公職人員選舉使用支出,中華郵政股份有限公司,03741302,0.00,28.00,,,,郵寄物品費用,金錢,台北市大安區****,,,,,,,,
188,韓國瑜,109年總統、副總統選舉,第一次賸餘,1090623,參加公職人員選舉使用支出,泰鼎法律事務所,38533358,0.00,12396.00,,,,委託辦理研究、評估、調查、設計或規劃費用,金錢,台北市大安區****,,,,,,,,
189,韓國瑜,109年總統、副總統選舉,第一次賸餘,1090630,參加公職人員選舉使用支出,中華郵政股份有限公司,03741302,0.00,96.00,,,,郵寄物品費用,金錢,台北市大安區****,,,,,,,,
190,韓國瑜,109年總統、副總統選舉,第一次賸餘,1090630,參加公職人員選舉使用支出,中華郵政股份有限公司,03741302,0.00,28.00,,,,郵寄物品費用,金錢,台北市大安區****,,,,,,,,
191,韓國瑜,109年總統、副總統選舉,第一次賸餘,1090630,參加公職人員選舉使用支出,張孝洋,A12*******,0.00,55000.00,,,,工資或薪津,金錢,台北市松山區****,,,,,,,,
192,韓國瑜,109年總統、副總統選舉,第一次賸餘,1090716,參加公職人員選舉使用支出,中華電信股份有限公司臺灣南區電信分公司雲林營運處,63501100,0.00,1839.00,,,,電信費用,金錢,雲林縣斗六市****,,,,,,,,
193,韓國瑜,109年總統、副總統選舉,第一次賸餘,1090719,參加公職人員選舉使用支出,中華電信股份有限公司臺灣南區電信分公司雲林營運處,63501100,0.00,999.00,,,,電信費用,金錢,雲林縣斗六市****,,,,,,,,
194,韓國瑜,109年總統、副總統選舉,第一次賸餘,1090729,參加公職人員選舉使用支出,中華郵政股份有限公司,03741302,0.00,71.00,,,,郵寄物品費用,金錢,台北市大安區****,,,,,,,,
195,韓國瑜,109年總統、副總統選舉,第一次賸餘,1090817,參加公職人員選舉使用支出,中華電信股份有限公司臺灣南區電信分公司雲林營運處,63501100,0.00,1839.00,,,,電信費用,金錢,雲林縣斗六市****,,,,,,,,
196,韓國瑜,109年總統、副總統選舉,第一次賸餘,1090820,參加公職人員選舉使用支出,中華電信股份有限公司臺灣南區電信分公司雲林營運處,63501100,0.00,999.00,,,,電信費用,金錢,雲林縣斗六市****,,,,,,,,
197,韓國瑜,109年總統、副總統選舉,第一次賸餘,1090825,參加公職人員選舉使用支出,中華郵政股份有限公司,03741302,0.00,56.00,,,,郵寄物品費用,金錢,台北市大安區****,,,,,,,,
198,韓國瑜,109年總統、副總統選舉,第一次賸餘,1090914,參加公職人員選舉使用支出,中華電信股份有限公司臺灣南區電信分公司高雄營運處,19762247,0.00,76.00,,,,電信費用,金錢,高雄市左營區****,,,,,,,,
199,韓國瑜,109年總統、副總統選舉,第一次賸餘,1090914,參加公職人員選舉使用支出,中華電信股份有限公司臺灣南區電信分公司高雄營運處,19762247,0.00,1173.00,,,,電信費用,金錢,高雄市左營區****,,,,,,,,
200,韓國瑜,109年總統、副總統選舉,第一次賸餘,1090914,捐贈教育、文化、公益、慈善機構或團體支出,臺北多元藝術空間青少年發展促進會,25611485,0.00,500000.00,,,,捐贈教育、文化、公益、慈善機構或團體支出,金錢,台北市萬華區****,,,,,,,,
201,韓國瑜,109年總統、副總統選舉,第一次賸餘,1090922,參加公職人員選舉使用支出,中華電信股份有限公司臺灣南區電信分公司雲林營運處,63501100,0.00,1839.00,,,,電信費用,金錢,雲林縣斗六市****,,,,,,,,
202,韓國瑜,109年總統、副總統選舉,第一次賸餘,1090922,參加公職人員選舉使用支出,中華電信股份有限公司臺灣南區電信分公司雲林營運處,63501100,0.00,999.00,,,,電信費用,金錢,雲林縣斗六市****,,,,,,,,
203,韓國瑜,109年總統、副總統選舉,第一次賸餘,1091007,參加公職人員選舉使用支出,泰鼎法律事務所,38533358,0.00,150000.00,,,,委託辦理研究、評估、調查、設計或規劃費用,金錢,台北市大安區****,0227*****,,,,,,,
204,韓國瑜,109年總統、副總統選舉,第一次賸餘,1091008,參加公職人員選舉使用支出,中華郵政股份有限公司,03741302,0.00,300.00,,,,郵政信箱續租費用,金錢,台北市大安區****,,,,,,,,
205,韓國瑜,109年總統、副總統選舉,第一次賸餘,1091016,參加公職人員選舉使用支出,中華電信股份有限公司臺灣南區電信分公司雲林營運處,63501100,0.00,732.00,,,,電信費用,金錢,雲林縣斗六市****,,,,,,,,
206,韓國瑜,109年總統、副總統選舉,第一次賸餘,1091016,參加公職人員選舉使用支出,中華電信股份有限公司臺灣南區電信分公司雲林營運處,63501100,0.00,1839.00,,,,電信費用,金錢,雲林縣斗六市****,,,,,,,,
207,韓國瑜,109年總統、副總統選舉,第一次賸餘,1091103,參加公職人員選舉使用支出,中華郵政股份有限公司,03741302,0.00,36.00,,,,郵寄物品費用,金錢,台北市大安區****,,,,,,,,
208,韓國瑜,109年總統、副總統選舉,第一次賸餘,1091104,參加公職人員選舉使用支出,網路家庭國際資訊股份有限公司,16606102,0.00,6083.00,,,,雜項購置費用,金錢,()台北市大****,,,,,,,,
209,韓國瑜,109年總統、副總統選舉,第一次賸餘,1091105,參加公職人員選舉使用支出,聯合智網股份有限公司,50985285,0.00,10040.00,,,,雜項購置費用,金錢,新北市汐止區****,02-8*****,,,,,,,
210,韓國瑜,109年總統、副總統選舉,第一次賸餘,1091105,參加公職人員選舉使用支出,奧麗有限公司,82907137,0.00,650000.00,,,,委託辦理研究、評估、調查、設計或規劃費用,金錢,台北市信義區****,,,,,,,,
211,韓國瑜,109年總統、副總統選舉,第一次賸餘,1091105,捐贈教育、文化、公益、慈善機構或團體支出,台灣重症兒童家長協會,88109820,0.00,1000000.00,,,,捐贈教育、文化、公益、慈善機構或團體支出,金錢,台北市北投區****,,,,,,,,
212,韓國瑜,109年總統、副總統選舉,第一次賸餘,1091117,參加公職人員選舉使用支出,中華電信股份有限公司臺灣南區電信分公司雲林營運處,63501100,0.00,1839.00,,,,電信費用,金錢,雲林縣斗六市****,,,,,,,,
213,韓國瑜,109年總統、副總統選舉,第一次賸餘,1091118,捐贈教育、文化、公益、慈善機構或團體支出,財團法人臺北市典亮慈善基金會,77733214,0.00,2000000.00,,,,捐贈教育、文化、公益、慈善機構或團體支出,金錢,台北市中山區****,02-2*****,,,,,,,
214,韓國瑜,109年總統、副總統選舉,第一次賸餘,1091119,捐贈教育、文化、公益、慈善機構或團體支出,財團法人善科教育基金會,85187006,0.00,1000000.00,,,,捐贈教育、文化、公益、慈善機構或團體支出,金錢,台北市中正區****,02-6*****,,,,,,,
215,韓國瑜,109年總統、副總統選舉,第一次賸餘,1091120,參加公職人員選舉使用支出,奧麗有限公司,82907137,0.00,650000.00,,,,委託辦理研究、評估、調查、設計或規劃費用,金錢,台北市信義區****,,,,,,,,
216,韓國瑜,109年總統、副總統選舉,第一次賸餘,1091124,捐贈教育、文化、公益、慈善機構或團體支出,社團法人台灣新巨輪服務協會,50724043,0.00,300000.00,,,,捐贈教育、文化、公益、慈善機構或團體支出,金錢,新北市板橋區****,02-2*****,,,,,,,
217,韓國瑜,109年總統、副總統選舉,第一次賸餘,1091124,捐贈教育、文化、公益、慈善機構或團體支出,高雄市許崑源愛心慈善會,88038522,0.00,1000000.00,,,,捐贈教育、文化、公益、慈善機構或團體支出,金錢,高雄市新興區****,07-7*****,,,,,,,
218,韓國瑜,109年總統、副總統選舉,第一次賸餘,1091126,參加公職人員選舉使用支出,泰鼎法律事務所,38533358,0.00,50000.00,,,,委託辦理研究、評估、調查、設計或規劃費用,金錢,台北市大安區****,02-2*****,,,,,,,
219,韓國瑜,109年總統、副總統選舉,第一次賸餘,1091205,參加公職人員選舉使用支出,奧麗有限公司,82907137,0.00,700000.00,,,,委託辦理研究、評估、調查、設計或規劃費用,金錢,台北市信義區****,,,,,,,,
220,韓國瑜,109年總統、副總統選舉,第一次賸餘,1091209,參加公職人員選舉使用支出,中華郵政股份有限公司,03741302,0.00,36.00,,,,郵寄物品費用,金錢,台北市大安區****,,,,,,,,
221,韓國瑜,109年總統、副總統選舉,第一次賸餘,1091210,捐贈教育、文化、公益、慈善機構或團體支出,社團法人中華信願榮景協會,73635178,0.00,200000.00,,,,捐贈教育、文化、公益、慈善機構或團體支出,金錢,台北市內湖區****,02-7*****,,,,,,,
222,韓國瑜,109年總統、副總統選舉,第一次賸餘,1091217,參加公職人員選舉使用支出,中華電信股份有限公司臺灣南區電信分公司雲林營運處,63501100,0.00,1839.00,,,,電信費用,金錢,雲林縣斗六市****,手機直撥*****,,,,,,,
