﻿序號,擬參選人／政黨,選舉名稱,申報序號／年度,交易日期,收支科目,捐贈者／支出對象,身分證／統一編號,收入金額,支出金額,支出用途,金錢類,地址,聯絡電話,資料更正日期
1,郭國文,第9屆臺南市立法委員補選,首次申報,1080104,宣傳支出,東森新聞雲股份有限公司,24328949,0.00,315000.00,播送、傳送或刊登宣傳廣告支出,金錢,復興南路一段****,,
2,郭國文,第9屆臺南市立法委員補選,首次申報,1080111,宣傳支出,六星廣告社,10847358,0.00,40000.00,租用廣告看板或車體廣告支出,金錢,臺南市六甲區****,,
3,郭國文,第9屆臺南市立法委員補選,首次申報,1080118,宣傳支出,青春廣播電台股份有限公司,13073883,0.00,150000.00,播送、傳送或刊登宣傳廣告支出,金錢,臺南市北區臨****,,
4,郭國文,第9屆臺南市立法委員補選,首次申報,1080121,宣傳支出,觀念告白整合傳播有限公司,24233129,0.00,92400.00,製作宣傳廣告支出,金錢,臺南市安平區****,,
5,郭國文,第9屆臺南市立法委員補選,首次申報,1080123,宣傳支出,勝興百貨行,36830634,0.00,31200.00,製作競選物品支出（帽子頂）,金錢,臺南市安南區****,,
6,郭國文,第9屆臺南市立法委員補選,首次申報,1080124,宣傳支出,鑫餘貿易有限公司,96975768,0.00,41580.00,製作競選物品支出（濕紙巾）,金錢,新北市林口區****,,
7,郭國文,第9屆臺南市立法委員補選,首次申報,1080124,宣傳支出,民間全民電視股份有限公司,96975768,0.00,300000.00,播送、傳送或刊登宣傳廣告支出,金錢,新北市林口區****,,
8,郭國文,第9屆臺南市立法委員補選,首次申報,1080126,宣傳支出,勝興百貨行,36830634,0.00,39000.00,製作競選物品支出（帽子頂）,金錢,臺南市安南區****,,
9,郭國文,第9屆臺南市立法委員補選,首次申報,1080130,宣傳支出,年代網際事業股份有限公司,05091991,0.00,250000.00,播送、傳送或刊登宣傳廣告支出,金錢,臺北市內湖區****,,
10,郭國文,第9屆臺南市立法委員補選,首次申報,1080131,租用競選辦事處支出,胡晉源,R12*******,0.00,59000.00,裝潢競選辦事處支出,金錢,臺南市善化區****,,
11,郭國文,第9屆臺南市立法委員補選,首次申報,1080201,宣傳支出,如寶興業股份有限公司,05703269,0.00,147600.00,製作競選物品支出（新春紅包袋）,金錢,臺北市萬華區****,,
12,郭國文,第9屆臺南市立法委員補選,首次申報,1080201,宣傳支出,東森新聞雲股份有限公司,24328949,0.00,525000.00,播送、傳送或刊登宣傳廣告支出,金錢,臺北市大安區****,,
13,郭國文,第9屆臺南市立法委員補選,首次申報,1080201,宣傳支出,均安資訊有限公司,29177527,0.00,218000.00,發送電信簡訊支出,金錢,臺北市松山區****,,
14,郭國文,第9屆臺南市立法委員補選,首次申報,1080201,宣傳支出,勝興百貨行,36830634,0.00,39000.00,製作競選物品支出（帽子頂）,金錢,臺南市安南區****,,
15,郭國文,第9屆臺南市立法委員補選,首次申報,1080209,宣傳支出,Facebook,00000000,0.00,22887.00,播送、傳送或刊登宣傳廣告支出,金錢,,,
16,郭國文,第9屆臺南市立法委員補選,首次申報,1080210,宣傳支出,益友廣告贈品商行,73853976,0.00,251040.00,製作宣傳廣告支出,金錢,臺南市南區明****,,
17,郭國文,第9屆臺南市立法委員補選,首次申報,1080211,宣傳支出,六星廣告社,10847385,0.00,38000.00,租用廣告看板或車體廣告支出,金錢,臺南市六甲區****,,
18,郭國文,第9屆臺南市立法委員補選,首次申報,1080211,宣傳支出,勝興百貨行,36830634,0.00,20800.00,製作競選物品支出（帽子頂）,金錢,臺南市安南區****,,
19,郭國文,第9屆臺南市立法委員補選,首次申報,1080214,宣傳支出,年代網際事業股份有限公司,05091991,0.00,110000.00,委託辦理研究、評估、調查、設計或規劃支出,金錢,臺北市內湖區****,,
20,郭國文,第9屆臺南市立法委員補選,首次申報,1080219,宣傳支出,六星廣告社,10847385,0.00,42000.00,租用廣告看板或車體廣告支出,金錢,臺南市六甲區****,,
21,郭國文,第9屆臺南市立法委員補選,首次申報,1080224,集會支出,師傅企業股份有限公司西門分公司,53593930,0.00,92470.00,餐飲支出,金錢,臺南市中西區****,,
22,郭國文,第9屆臺南市立法委員補選,首次申報,1080224,集會支出,金永春西點麵包店,69617439,0.00,54000.00,餐飲支出,金錢,臺南市東區崇****,,
23,郭國文,第9屆臺南市立法委員補選,首次申報,1080224,交通旅運支出,佳鑫汽車股份有限公司,72053286,0.00,188500.00,搭乘交通工具支出,金錢,臺南市佳里區****,,
24,郭國文,第9屆臺南市立法委員補選,首次申報,1080224,交通旅運支出,國君交通股份有限公司,82067056,0.00,6000.00,搭乘交通工具支出,金錢,臺南市永康區****,,
25,郭國文,第9屆臺南市立法委員補選,首次申報,1080224,集會支出,天下珍麵包,93832606,0.00,2000.00,餐飲支出,金錢,臺南市善化區****,,
26,郭國文,第9屆臺南市立法委員補選,首次申報,1080224,集會支出,李月媚,D22*******,0.00,30000.00,餐飲支出,金錢,臺南市北區裕****,,
27,郭國文,第9屆臺南市立法委員補選,首次申報,1080224,集會支出,陳永春,S12*******,0.00,45000.00,餐飲支出,金錢,高雄市路竹區****,,
28,郭國文,第9屆臺南市立法委員補選,首次申報,1080226,集會支出,易合屋有限公司,45881423,0.00,9600.00,租用設備支出,金錢,高雄市楠梓區****,,
29,郭國文,第9屆臺南市立法委員補選,首次申報,1080226,交通旅運支出,穎昌交通股份有限公司,85727263,0.00,3500.00,搭乘交通工具支出,金錢,臺南市北區北****,,
30,郭國文,第9屆臺南市立法委員補選,首次申報,1080227,返還支出,蕭淑文,A22*******,0.00,100000.00,返還,金錢,臺北市中山區****,,
31,郭國文,第9屆臺南市立法委員補選,首次申報,1080228,宣傳支出,富順美工廣告社,06567740,0.00,150000.00,製作競選物品支出（廣告旗幟及綁旗工資）,金錢,臺南市麻豆區****,,
32,郭國文,第9屆臺南市立法委員補選,首次申報,1080228,宣傳支出,富順美工廣告社,06567740,0.00,42500.00,製作競選物品支出（廣告旗幟）,金錢,臺南市麻豆區****,,
33,郭國文,第9屆臺南市立法委員補選,首次申報,1080301,公共關係費用支出,小南香飲食店,09058565,0.00,5000.00,聯誼交際費用,金錢,臺南市玉井區****,,
34,郭國文,第9屆臺南市立法委員補選,首次申報,1080304,宣傳支出,台南知音廣播股份有限公司,97033490,0.00,68640.00,播送、傳送或刊登宣傳廣告支出,金錢,臺南市永康區****,,
35,郭國文,第9屆臺南市立法委員補選,首次申報,1080305,宣傳支出,玉光工業股份有限公司,69617331,0.00,57300.00,製作競選物品支出（橡皮擦及製版費）,金錢,臺南市仁德區****,,
36,郭國文,第9屆臺南市立法委員補選,首次申報,1080305,宣傳支出,嘉樂廣播事業股份有限公司,97375587,0.00,100000.00,播送、傳送或刊登宣傳廣告支出,金錢,臺南市東區小****,,
37,郭國文,第9屆臺南市立法委員補選,首次申報,1080306,宣傳支出,祥方電視廣播事業有限公司,24872336,0.00,60000.00,播送、傳送或刊登宣傳廣告支出,金錢,桃園市蘆竹區****,,
38,郭國文,第9屆臺南市立法委員補選,首次申報,1080306,宣傳支出,小河文化工作室,30341384,0.00,77500.00,製作宣傳廣告支出,金錢,宜蘭縣宜蘭市****,,
39,郭國文,第9屆臺南市立法委員補選,首次申報,1080306,宣傳支出,勝興百貨行,36830634,0.00,39000.00,製作競選物品支出（帽子頂）,金錢,臺南市安南區****,,
40,郭國文,第9屆臺南市立法委員補選,首次申報,1080307,宣傳支出,依洛嘉國際實業有限公司,53796463,0.00,100000.00,製作競選物品支出（面膜萬個）,金錢,臺南市北區裕****,,
41,郭國文,第9屆臺南市立法委員補選,首次申報,1080308,宣傳支出,六星廣告社,10847385,0.00,35000.00,租用廣告看板或車體廣告支出,金錢,臺南市六甲區****,,
42,郭國文,第9屆臺南市立法委員補選,首次申報,1080310,宣傳支出,集立廣告社,10140971,0.00,180000.00,租用廣告看板或車體廣告支出,金錢,臺南市南區金****,,
43,郭國文,第9屆臺南市立法委員補選,首次申報,1080310,雜支支出,巧匠舞音,36684891,0.00,7200.00,餐飲費用,金錢,臺南市麻豆區****,,
44,郭國文,第9屆臺南市立法委員補選,首次申報,1080310,集會支出,千焙屋蛋糕,36772043,0.00,3060.00,餐飲支出,金錢,臺南市新市區****,,
45,郭國文,第9屆臺南市立法委員補選,首次申報,1080310,集會支出,師傅企業股份有限公司西門分公司,53593930,0.00,100800.00,餐飲支出,金錢,臺南市中西區****,,
46,郭國文,第9屆臺南市立法委員補選,首次申報,1080310,交通旅運支出,佳鑫汽車股份有限公司,72053286,0.00,181500.00,搭乘交通工具支出,金錢,臺南市佳里區****,,
47,郭國文,第9屆臺南市立法委員補選,首次申報,1080310,交通旅運支出,宗群遊覽車客運有限公司,80223989,0.00,5000.00,搭乘交通工具支出,金錢,臺南市東區育****,,
48,郭國文,第9屆臺南市立法委員補選,首次申報,1080310,交通旅運支出,驊慶遊覽客運有限公司,81075629,0.00,4000.00,搭乘交通工具支出,金錢,臺南市佳里區****,,
49,郭國文,第9屆臺南市立法委員補選,首次申報,1080310,交通旅運支出,南嘟交通事業有限公司,89571312,0.00,8000.00,搭乘交通工具支出,金錢,嘉義市東區忠****,,
50,郭國文,第9屆臺南市立法委員補選,首次申報,1080310,交通旅運支出,南鯤鯓遊覽車客運有限公司,89933531,0.00,16000.00,搭乘交通工具支出,金錢,臺南市鹽水區****,,
51,郭國文,第9屆臺南市立法委員補選,首次申報,1080310,交通旅運支出,金曄通運有限公司,97391046,0.00,12600.00,搭乘交通工具支出,金錢,臺南市東區東****,,
52,郭國文,第9屆臺南市立法委員補選,首次申報,1080310,集會支出,金曄通運有限公司,99574942,0.00,3600.00,餐飲支出,金錢,臺南市東區東****,,
53,郭國文,第9屆臺南市立法委員補選,首次申報,1080310,集會支出,李月媚,D22*******,0.00,45000.00,餐飲支出,金錢,臺南市北區裕****,,
54,郭國文,第9屆臺南市立法委員補選,首次申報,1080310,集會支出,陳永春,S12*******,0.00,45000.00,餐飲支出,金錢,高雄市路竹區****,,
55,郭國文,第9屆臺南市立法委員補選,首次申報,1080312,宣傳支出,益友廣告贈品商行,73853976,0.00,317959.00,製作宣傳廣告支出,金錢,臺南市南區明****,,
56,郭國文,第9屆臺南市立法委員補選,首次申報,1080312,宣傳支出,古都廣播股份有限公司,84709909,0.00,660001.00,播送、傳送或刊登宣傳廣告支出,金錢,臺南市東區中****,,
57,郭國文,第9屆臺南市立法委員補選,首次申報,1080312,交通旅運支出,龍聖通運有限公司,89819010,0.00,8000.00,搭乘交通工具支出,金錢,臺南市安南區****,,
58,郭國文,第9屆臺南市立法委員補選,首次申報,1080313,集會支出,百吉音響社,10186096,0.00,43000.00,租用設備支出,金錢,臺南市安定區****,,
59,郭國文,第9屆臺南市立法委員補選,首次申報,1080313,集會支出,連進企業社,10468481,0.00,36000.00,租用設備支出,金錢,臺南市安南區****,,
60,郭國文,第9屆臺南市立法委員補選,首次申報,1080313,集會支出,宏達多媒體傳播,10475568,0.00,50000.00,租用設備支出,金錢,臺南市永康區****,,
61,郭國文,第9屆臺南市立法委員補選,首次申報,1080313,集會支出,宏達多媒體傳播,10475568,0.00,102200.00,租用設備支出,金錢,臺南市永康區****,,
62,郭國文,第9屆臺南市立法委員補選,首次申報,1080313,集會支出,在和企業社,10852014,0.00,124200.00,租用設備支出,金錢,臺南市安南區****,,
63,郭國文,第9屆臺南市立法委員補選,首次申報,1080313,集會支出,怡情簡餐,17829756,0.00,1470.00,餐飲支出,金錢,臺南市新市區****,,
64,郭國文,第9屆臺南市立法委員補選,首次申報,1080313,宣傳支出,立鑫整合行銷有限公司,25118890,0.00,1350000.00,製作宣傳廣告支出,金錢,臺北市文山區****,,
65,郭國文,第9屆臺南市立法委員補選,首次申報,1080313,宣傳支出,勝興百貨行,36830634,0.00,13000.00,製作競選物品支出（帽子頂）,金錢,臺南市安南區****,,
66,郭國文,第9屆臺南市立法委員補選,首次申報,1080313,集會支出,西聯機電實業社,47958720,0.00,36000.00,租用設備支出,金錢,臺南市永康區****,,
67,郭國文,第9屆臺南市立法委員補選,首次申報,1080313,集會支出,明立音響社,81260666,0.00,60000.00,租用設備支出,金錢,臺南市安南區****,,
68,郭國文,第9屆臺南市立法委員補選,首次申報,1080313,宣傳支出,昱盛印刷事業有限公司,86937040,0.00,214200.00,製作競選物品支出（文宣品印刷）,金錢,臺中市西屯區****,,
69,郭國文,第9屆臺南市立法委員補選,首次申報,1080314,宣傳支出,均安資訊有限公司,29177527,0.00,57700.00,發送電信簡訊支出,金錢,臺北市松山區****,,
70,郭國文,第9屆臺南市立法委員補選,首次申報,1080315,宣傳支出,六星廣告社,10847385,0.00,45000.00,租用廣告看板或車體廣告支出,金錢,臺南市六甲區****,,
71,郭國文,第9屆臺南市立法委員補選,首次申報,1080315,雜支支出,喬喬西點烘焙坊,36673162,0.00,10000.00,餐飲費用,金錢,臺南市佳里區****,,
72,郭國文,第9屆臺南市立法委員補選,首次申報,1080315,交通旅運支出,佳鑫汽車股份有限公司,72053286,0.00,23000.00,搭乘交通工具支出,金錢,臺南市佳里區****,,
73,郭國文,第9屆臺南市立法委員補選,首次申報,1080315,宣傳支出,台南之聲廣播股份有限公司,89488004,0.00,32500.00,播送、傳送或刊登宣傳廣告支出,金錢,臺南市永康區****,,
74,郭國文,第9屆臺南市立法委員補選,首次申報,1080319,宣傳支出,均安資訊有限公司,29177527,0.00,121194.00,發送電信簡訊支出,金錢,臺北市松山區****,,
75,郭國文,第9屆臺南市立法委員補選,首次申報,1080320,集會支出,小南簡餐店,94968101,0.00,4000.00,餐飲支出,金錢,臺南市鹽水區****,,
76,郭國文,第9屆臺南市立法委員補選,首次申報,1080329,雜支支出,百達環保企業社,72629894,0.00,15000.00,雜項購置或修繕費用,金錢,宜蘭縣員山鄉****,,
77,郭國文,第9屆臺南市立法委員補選,首次申報,1080401,宣傳支出,搶眼影像科技股份有限公司,70636899,0.00,99825.00,製作競選物品支出（帆布、文宣品）,金錢,臺南市永康區****,,
78,郭國文,第9屆臺南市立法委員補選,首次申報,1080403,宣傳支出,六星廣告社,10847385,0.00,46500.00,租用廣告看板或車體廣告支出,金錢,臺南市六甲區****,,
79,郭國文,第9屆臺南市立法委員補選,首次申報,1080405,宣傳支出,玄助布帆行,36809203,0.00,50000.00,製作競選物品支出（布帆呎）,金錢,臺南市安南區****,,
80,郭國文,第9屆臺南市立法委員補選,首次申報,1080408,宣傳支出,六星廣告社,10847385,0.00,33500.00,租用廣告看板或車體廣告支出,金錢,臺南市六甲區****,,
81,郭國文,第9屆臺南市立法委員補選,首次申報,1080410,宣傳支出,天音廣告有限公司,25006121,0.00,800000.00,製作宣傳廣告支出,金錢,臺南市官田區****,,
