﻿序號,擬參選人／政黨,選舉名稱,申報序號／年度,交易日期,收支科目,捐贈者／支出對象,身分證／統一編號,收入金額,支出金額,捐贈方式,存入專戶日期,返還/繳庫,支出用途,金錢類,地址,聯絡電話,應揭露之支出對象,支出對象之內部人員姓名,支出對象之內部人員職稱,政黨之內部人員姓名,政黨之內部人員職稱,關係,更正註記,資料更正日期
1,莊明增,111年新竹縣北埔鄉鄉長選舉,首次申報,1110918,宣傳支出,富華影印晒圖行,10595331,0.00,25000.00,,,,製作競選物品或宣傳廣告費用（物品名稱-請填寫）,金錢,新竹縣竹北市****,0937*****,否,,,,,,,
2,莊明增,111年新竹縣北埔鄉鄉長選舉,首次申報,1110924,公共關係費用支出,表演團體,,0.00,23600.00,,,,文康活動費用(舞獅.古箏.非洲鼓.吉他.樂團),金錢,新竹縣北埔鄉****,,否,,,,,,,
3,莊明增,111年新竹縣北埔鄉鄉長選舉,首次申報,1110924,公共關係費用支出,動力舞台企業社,30334953,0.00,33950.00,,,,文康活動費用,金錢,新竹縣北埔鄉****,0919*****,否,,,,,,,
4,莊明增,111年新竹縣北埔鄉鄉長選舉,首次申報,1110925,雜支支出,睿風企業行,47076114,0.00,8000.00,,,,競選服務處成立租用音響,金錢,新竹縣北埔鄉****,5801*****,否,,,,,,,
5,莊明增,111年新竹縣北埔鄉鄉長選舉,首次申報,1110929,宣傳支出,安喲行銷,82579704,0.00,72000.00,,,,製作競選物品或宣傳廣告費用（物品名稱-印字圓T）,金錢,彰化縣溪湖鎮****,04-8*****,否,,,,,,,
6,莊明增,111年新竹縣北埔鄉鄉長選舉,首次申報,1110930,雜支支出,競選總部,J12*******,0.00,14400.00,,,,餐飲費用,非金錢,新竹縣北埔鄉****,,否,,,,,,,
7,莊明增,111年新竹縣北埔鄉鄉長選舉,首次申報,1111004,返還捐贈支出,陳炫彬,J10*******,0.00,10.00,,,,返還,金錢,新竹縣北埔鄉****,,否,,,,,,,
8,莊明增,111年新竹縣北埔鄉鄉長選舉,首次申報,1111012,宣傳支出,富華影印晒圖行,10595331,0.00,8000.00,,,,製作競選物品或宣傳廣告費用（貼紙三式.B-P張）,金錢,新竹縣竹北市****,0937*****,否,,,,,,,
9,莊明增,111年新竹縣北埔鄉鄉長選舉,首次申報,1111025,宣傳支出,巧馨企業社,40981296,0.00,25000.00,,,,製作競選物品或宣傳廣告費用（物品名稱-口罩）,金錢,新竹縣竹北市****,0932*****,否,,,,,,,
10,莊明增,111年新竹縣北埔鄉鄉長選舉,首次申報,1111025,宣傳支出,盛合廣告有限公司,45106366,0.00,258878.00,,,,製作競選物品或宣傳廣告費用（物品名稱-帆布大圖輸出）,金錢,新竹縣竹北市****,03-6*****,否,,,,,,,
11,莊明增,111年新竹縣北埔鄉鄉長選舉,首次申報,1111029,宣傳支出,富華影印晒圖行,10595331,0.00,6800.00,,,,製作競選物品或宣傳廣告費用（物品名稱-貼紙）,金錢,新竹縣竹北市****,0937*****,否,,,,,,,
12,莊明增,111年新竹縣北埔鄉鄉長選舉,首次申報,1111107,宣傳支出,巨龍企業商行,10532815,0.00,72500.00,,,,製作競選物品或宣傳廣告費用（物品名稱-環保袋）,金錢,新竹縣湖口鄉****,03-5*****,否,,,,,,,
13,莊明增,111年新竹縣北埔鄉鄉長選舉,首次申報,1111107,宣傳支出,知名度禮藝品企業商行,26144397,0.00,18600.00,,,,製作競選物品或宣傳廣告費用（物品名稱-手機架.執行帶.號碼）,金錢,新竹縣新豐鄉****,03-5*****,否,,,,,,,
14,莊明增,111年新竹縣北埔鄉鄉長選舉,首次申報,1111107,宣傳支出,巧禮企業社,99001396,0.00,80040.00,,,,製作競選物品或宣傳廣告費用（物品名稱-帽子）,金錢,新竹縣新豐鄉****,03-5*****,否,,,,,,,
15,莊明增,111年新竹縣北埔鄉鄉長選舉,首次申報,1111108,宣傳支出,巧馨企業社,40981296,0.00,50000.00,,,,製作競選物品或宣傳廣告費用（物品名稱-客製化口罩）,金錢,新竹縣竹北市****,0932*****,否,,,,,,,
16,莊明增,111年新竹縣北埔鄉鄉長選舉,首次申報,1111117,雜支支出,劉璧慧律師,J22*******,0.00,50000.00,,,,莊明增告訴違反選罷法,金錢,新竹縣竹北市****,03-6*****,否,,,,,,,
17,莊明增,111年新竹縣北埔鄉鄉長選舉,首次申報,1111123,集會支出,榮鴻畜牧場,41244613,0.00,35200.00,,,,餐飲費用副食費豬肉,金錢,新竹縣峨眉鄉****,0956*****,否,,,,,,,
18,莊明增,111年新竹縣北埔鄉鄉長選舉,首次申報,1111123,集會支出,彭旺商店,99004464,0.00,62650.00,,,,餐飲費用副食費,金錢,新竹縣北埔鄉****,5802*****,否,,,,,,,
19,莊明增,111年新竹縣北埔鄉鄉長選舉,首次申報,1111124,人事費用支出,鍾朝相,J12*******,0.00,40000.00,,,,工資或薪津,金錢,新竹縣北埔鄉****,0975*****,否,,,,,,,
20,莊明增,111年新竹縣北埔鄉鄉長選舉,首次申報,1111124,人事費用支出,莊萬貴,J12*******,0.00,20000.00,,,,工資或薪津,金錢,新竹縣北埔鄉****,0937*****,否,,,,,,,
21,莊明增,111年新竹縣北埔鄉鄉長選舉,首次申報,1111124,人事費用支出,林秀香,J22*******,0.00,60000.00,,,,工資或薪津,金錢,新竹縣北埔鄉****,0932*****,否,,,,,,,
