﻿序號,擬參選人／政黨,選舉名稱,申報序號／年度,交易日期,收支科目,捐贈者／支出對象,身分證／統一編號,收入金額,支出金額,捐贈方式,存入專戶日期,返還/繳庫,支出用途,金錢類,地址,聯絡電話,應揭露之支出對象,支出對象之內部人員姓名,支出對象之內部人員職稱,政黨之內部人員姓名,政黨之內部人員職稱,關係,更正註記,資料更正日期
1,林瑞霞,111年嘉義市議員選舉,首次申報,1110617,人事費用支出,陳守玉,I20*******,0.00,7500.00,,,,工資或薪津,金錢,嘉義市東區嘉****,0939*****,是,陳守玉,,,,二親等以內親屬(助理),,
2,林瑞霞,111年嘉義市議員選舉,首次申報,1110702,雜支支出,精展企業社,25756453,0.00,340.00,,,,影印費用,金錢,嘉義市東區彌****,0521*****,否,,,,,,,
3,林瑞霞,111年嘉義市議員選舉,首次申報,1110705,宣傳支出,元禎廣告社,14512690,0.00,56000.00,,,,製作競選物品或宣傳廣告費用（環保實用小冊子）,金錢,嘉義市東區民****,0527*****,否,,,,,,,
4,林瑞霞,111年嘉義市議員選舉,首次申報,1110705,宣傳支出,立羚國際股份有限公司,23786214,0.00,47565.00,,,,製作競選物品或宣傳廣告費用（應援小物鑰匙圈大量生產）,金錢,新北市三重區****,0285*****,否,,,,,,,
5,林瑞霞,111年嘉義市議員選舉,首次申報,1110719,人事費用支出,龔姵燐,S22*******,0.00,20000.00,,,,其他因工作酬勞之給付,金錢,高雄市鳳山區****,0910*****,否,,,,,,,
6,林瑞霞,111年嘉義市議員選舉,首次申報,1110720,雜支支出,希望印堂,98054660,0.00,350.00,,,,文具用品費用,金錢,嘉義市東區興****,0522*****,否,,,,,,,
7,林瑞霞,111年嘉義市議員選舉,首次申報,1110721,雜支支出,鼎豐影印行,36617319,0.00,258.00,,,,影印費用,金錢,嘉義市東區仁****,0527*****,否,,,,,,,
8,林瑞霞,111年嘉義市議員選舉,首次申報,1110722,宣傳支出,中華郵政,,0.00,408.00,,,,郵寄競選物品或宣傳廣告費用,金錢,嘉義市東區保****,,否,,,,,,,
9,林瑞霞,111年嘉義市議員選舉,首次申報,1110726,宣傳支出,中華郵政,,0.00,32.00,,,,郵寄競選物品或宣傳廣告費用,金錢,嘉義市東區保****,,否,,,,,,,
10,林瑞霞,111年嘉義市議員選舉,首次申報,1110730,人事費用支出,陳守玉,I20*******,0.00,7500.00,,,,工資或薪津,金錢,嘉義市東區嘉****,0939*****,是,陳守玉,,,,二親等以內親屬(助理),,
11,林瑞霞,111年嘉義市議員選舉,首次申報,1110801,宣傳支出,中華郵政,,0.00,184.00,,,,郵寄競選物品或宣傳廣告費用,金錢,嘉義市東區中****,,否,,,,,,,
12,林瑞霞,111年嘉義市議員選舉,首次申報,1110803,宣傳支出,元禎廣告社,14512690,0.00,1575.00,,,,製作競選物品或宣傳廣告費用（號碼布）,金錢,嘉義市東區民****,0527*****,否,,,,,,,
13,林瑞霞,111年嘉義市議員選舉,首次申報,1110804,宣傳支出,中華郵政,,0.00,88.00,,,,郵寄競選物品或宣傳廣告費用,金錢,嘉義市東區文****,,否,,,,,,,
14,林瑞霞,111年嘉義市議員選舉,首次申報,1110816,宣傳支出,中華郵政,,0.00,32.00,,,,郵寄競選物品或宣傳廣告費用,金錢,嘉義市東區保****,,否,,,,,,,
15,林瑞霞,111年嘉義市議員選舉,首次申報,1110817,宣傳支出,中華郵政,,0.00,60.00,,,,郵寄競選物品或宣傳廣告費用,金錢,嘉義市東區保****,,否,,,,,,,
16,林瑞霞,111年嘉義市議員選舉,首次申報,1110818,人事費用支出,陳守玉,I20*******,0.00,7500.00,,,,工資或薪津,金錢,嘉義市東區嘉****,0939*****,是,陳守玉,,,,二親等以內親屬(助理),,
17,林瑞霞,111年嘉義市議員選舉,首次申報,1110827,雜支支出,一銓影印店,67887082,0.00,4.00,,,,影印費用,金錢,嘉義市東區中****,0527*****,否,,,,,,,
18,林瑞霞,111年嘉義市議員選舉,首次申報,1110827,宣傳支出,許閎皙,I10*******,0.00,800.00,,,,演講或表演費用,金錢,嘉義市西區自****,0911*****,否,,,,,,,
19,林瑞霞,111年嘉義市議員選舉,首次申報,1110827,宣傳支出,陳名謙,P12*******,0.00,800.00,,,,演講或表演費用,金錢,雲林縣元長鄉****,0968*****,否,,,,,,,
20,林瑞霞,111年嘉義市議員選舉,首次申報,1110830,宣傳支出,中華郵政,,0.00,28.00,,,,郵寄競選物品或宣傳廣告費用,金錢,嘉義市東區中****,,否,,,,,,,
21,林瑞霞,111年嘉義市議員選舉,首次申報,1110914,宣傳支出,中華郵政,,0.00,220.00,,,,郵寄競選物品或宣傳廣告費用,金錢,嘉義市東區民****,,否,,,,,,,
22,林瑞霞,111年嘉義市議員選舉,首次申報,1110914,宣傳支出,陶漢,F12*******,0.00,3000.00,,,,演講或表演費用,金錢,新北市汐止區****,0963*****,否,,,,,,,
23,林瑞霞,111年嘉義市議員選舉,首次申報,1110914,人事費用支出,陳守玉,I20*******,0.00,7500.00,,,,工資或薪津,金錢,嘉義市東區嘉****,0939*****,是,陳守玉,,,,二親等以內親屬(助理),,
24,林瑞霞,111年嘉義市議員選舉,首次申報,1110930,宣傳支出,中華郵政,,0.00,32.00,,,,郵寄競選物品或宣傳廣告費用,金錢,嘉義市東區中****,,否,,,,,,,
25,林瑞霞,111年嘉義市議員選舉,首次申報,1111013,宣傳支出,中華郵政,,0.00,44.00,,,,郵寄競選物品或宣傳廣告費用,金錢,嘉義市東區民****,,否,,,,,,,
26,林瑞霞,111年嘉義市議員選舉,首次申報,1111021,雜支支出,世吉早餐店,88926505,0.00,354.00,,,,餐飲費用,金錢,嘉義市東區仁****,,否,,,,,,,
27,林瑞霞,111年嘉義市議員選舉,首次申報,1111021,雜支支出,高爾夫冷飲店,98877433,0.00,1300.00,,,,餐飲費用,金錢,嘉義市東區大****,0527*****,否,,,,,,,
28,林瑞霞,111年嘉義市議員選舉,首次申報,1111022,雜支支出,明文堂刻印店,98057012,0.00,100.00,,,,文具用品費用,金錢,嘉義市東區民****,0522*****,否,,,,,,,
29,林瑞霞,111年嘉義市議員選舉,首次申報,1111024,雜支支出,阿家壽司,,0.00,440.00,,,,餐飲費用,金錢,嘉義市東區吳****,0522*****,否,,,,,,,
30,林瑞霞,111年嘉義市議員選舉,首次申報,1111029,宣傳支出,中華郵政,,0.00,100.00,,,,郵寄競選物品或宣傳廣告費用,金錢,嘉義市東區文****,,否,,,,,,,
31,林瑞霞,111年嘉義市議員選舉,首次申報,1111031,人事費用支出,龔姵燐,S22*******,0.00,24500.00,,,,其他因工作酬勞之給付,金錢,高雄市鳳山區****,0910*****,否,,,,,,,
32,林瑞霞,111年嘉義市議員選舉,首次申報,1111102,宣傳支出,中華郵政,,0.00,88.00,,,,郵寄競選物品或宣傳廣告費用,金錢,嘉義市東區中****,,否,,,,,,,
33,林瑞霞,111年嘉義市議員選舉,首次申報,1111103,雜支支出,奇豫國際工藝有限公司,86164121,0.00,920.00,,,,雜項購置或修繕費用〈號碼布扣〉,金錢,新北市中和區****,0282*****,否,,,,,,,
34,林瑞霞,111年嘉義市議員選舉,首次申報,1111104,宣傳支出,中華郵政,,0.00,44.00,,,,郵寄競選物品或宣傳廣告費用,金錢,嘉義市東區保****,,否,,,,,,,
35,林瑞霞,111年嘉義市議員選舉,首次申報,1111104,租用宣傳車輛支出,壹零壹單車行,25751886,0.00,1050.00,,,,租用宣傳車輛費用,金錢,嘉義市西區玉****,0528*****,否,,,,,,,
36,林瑞霞,111年嘉義市議員選舉,首次申報,1111104,雜支支出,聯成書局,76822033,0.00,90.00,,,,文具用品費用,金錢,嘉義市東區義****,0527*****,否,,,,,,,
37,林瑞霞,111年嘉義市議員選舉,首次申報,1111109,雜支支出,鼎豐影印行,36617319,0.00,188.00,,,,影印費用,金錢,嘉義市東區仁****,0527*****,否,,,,,,,
38,林瑞霞,111年嘉義市議員選舉,首次申報,1111109,雜支支出,鼎豐影印行,36617319,0.00,560.00,,,,影印費用,金錢,嘉義市東區仁****,0527*****,否,,,,,,,
39,林瑞霞,111年嘉義市議員選舉,首次申報,1111111,宣傳支出,中華郵政,,0.00,44.00,,,,郵寄競選物品或宣傳廣告費用,金錢,嘉義市東區中****,,否,,,,,,,
40,林瑞霞,111年嘉義市議員選舉,首次申報,1111112,雜支支出,龍瀚事業有限公司,28641651,0.00,229.00,,,,文具用品費用,金錢,嘉義市東區東****,0527*****,否,,,,,,,
41,林瑞霞,111年嘉義市議員選舉,首次申報,1111113,雜支支出,小南簡餐,98877736,0.00,684.00,,,,餐飲費用,金錢,嘉義市西區民****,0521*****,否,,,,,,,
42,林瑞霞,111年嘉義市議員選舉,首次申報,1111113,宣傳支出,潘恩平,I10*******,0.00,5000.00,,,,演講或表演費用,金錢,嘉義市西區八****,0972*****,否,,,,,,,
43,林瑞霞,111年嘉義市議員選舉,首次申報,1111113,人事費用支出,楊皓乙,Q12*******,0.00,500.00,,,,工資或薪津,金錢,嘉義縣太保市****,0971*****,否,,,,,,,
44,林瑞霞,111年嘉義市議員選舉,首次申報,1111117,宣傳支出,中華郵政,,0.00,228.00,,,,郵寄競選物品或宣傳廣告費用,金錢,臺北市中山區****,,否,,,,,,,
45,林瑞霞,111年嘉義市議員選舉,首次申報,1111119,宣傳支出,中華郵政,,0.00,44.00,,,,郵寄競選物品或宣傳廣告費用,金錢,嘉義市東區文****,,否,,,,,,,
46,林瑞霞,111年嘉義市議員選舉,首次申報,1111122,宣傳支出,中華郵政,,0.00,44.00,,,,郵寄競選物品或宣傳廣告費用,金錢,嘉義市東區保****,,否,,,,,,,
47,林瑞霞,111年嘉義市議員選舉,首次申報,1111123,宣傳支出,中華郵政,,0.00,32.00,,,,郵寄競選物品或宣傳廣告費用,金錢,嘉義市東區民****,,否,,,,,,,
48,林瑞霞,111年嘉義市議員選舉,首次申報,1111125,返還捐贈支出,達宏營造工程有限公司,70493421,0.00,50000.00,,,,返還,金錢,嘉義縣布袋鎮****,,否,,,,,,,
49,林瑞霞,111年嘉義市議員選舉,首次申報,1111126,雜支支出,可口味食品有限公司民族分公司,12629060,0.00,1844.00,,,,餐飲費用,金錢,嘉義市西區民****,0522*****,否,,,,,,,
50,林瑞霞,111年嘉義市議員選舉,首次申報,1111126,雜支支出,興海鮮燒烤,85558935,0.00,850.00,,,,餐飲費用,金錢,嘉義市東區興****,0987*****,否,,,,,,,
51,林瑞霞,111年嘉義市議員選舉,首次申報,1111127,雜支支出,勝富翔股份有限公司,16521857,0.00,176.00,,,,文具用品費用,金錢,嘉義市東區民****,0527*****,否,,,,,,,
52,林瑞霞,111年嘉義市議員選舉,首次申報,1111130,雜支支出,中華電信股份有限公司,93949275,0.00,999.00,,,,電信費用,金錢,嘉義市西區中****,,否,,,,,,,
53,林瑞霞,111年嘉義市議員選舉,首次申報,1111130,雜支支出,中華電信股份有限公司,93949275,0.00,1299.00,,,,網際網路費用,金錢,嘉義市西區中****,,否,,,,,,,
54,林瑞霞,111年嘉義市議員選舉,首次申報,1111130,雜支支出,中華電信股份有限公司,93949275,0.00,5798.00,,,,電信費用,金錢,嘉義市西區中****,,否,,,,,,,
55,林瑞霞,111年嘉義市議員選舉,首次申報,1111130,雜支支出,中華電信股份有限公司,93949275,0.00,714.00,,,,電信費用,金錢,嘉義市西區中****,,否,,,,,,,
56,林瑞霞,111年嘉義市議員選舉,首次申報,1111130,宣傳支出,小杜吉企業社,98052728,0.00,16000.00,,,,製作競選物品或宣傳廣告費用（海報、旗幟）,金錢,嘉義市東區華****,0527*****,否,,,,,,,
57,林瑞霞,111年嘉義市議員選舉,首次申報,1111205,人事費用支出,陳守玉,I20*******,0.00,10000.00,,,,工資或薪津,金錢,嘉義市東區嘉****,0939*****,是,陳守玉,,,,二親等以內親屬(助理),,
58,林瑞霞,111年嘉義市議員選舉,首次申報,1111207,雜支支出,中華電信股份有限公司,93949275,0.00,999.00,,,,網際網路費用,金錢,嘉義市西區中****,,否,,,,,,,
