﻿序號,擬參選人／政黨,選舉名稱,申報序號／年度,交易日期,收支科目,捐贈者／支出對象,身分證／統一編號,收入金額,支出金額,支出用途,金錢類,地址,聯絡電話,資料更正日期
1,王誠緯,107年縣(市)議員選舉,首次申報,1070812,匿名捐贈,王居認,,1000.00,0.00,,金錢,,,
2,王誠緯,107年縣(市)議員選舉,首次申報,1070817,個人捐贈收入,朱昌政,J12*******,40000.00,0.00,,金錢,新竹縣竹東鎮****,,
3,王誠緯,107年縣(市)議員選舉,首次申報,1070830,人民團體捐贈收入,新竹市小英之友會,,20000.00,0.00,,金錢,新竹市東區光****,03-5*****,
4,王誠緯,107年縣(市)議員選舉,首次申報,1070914,匿名捐贈,葉錫家,,5000.00,0.00,,金錢,,,
5,王誠緯,107年縣(市)議員選舉,首次申報,1070918,個人捐贈收入,陳金水,L12*******,20000.00,0.00,,金錢,臺北市中山區****,0933*****,
6,王誠緯,107年縣(市)議員選舉,首次申報,1070925,匿名捐贈,無名氏1,,147.00,0.00,,金錢,,,
7,王誠緯,107年縣(市)議員選舉,首次申報,1070926,個人捐贈收入,林東播,,30000.00,0.00,,非金錢,新竹縣竹北市****,,
8,王誠緯,107年縣(市)議員選舉,首次申報,1070927,個人捐贈收入,鄭炎添,M10*******,10000.00,0.00,,金錢,臺北市萬華區****,0932*****,
9,王誠緯,107年縣(市)議員選舉,首次申報,1071005,匿名捐贈,黃琇珮祝凍蒜,,3000.00,0.00,,金錢,,,
10,王誠緯,107年縣(市)議員選舉,首次申報,1071005,個人捐贈收入,林信宗,C10*******,30000.00,0.00,,金錢,臺北市信義區****,0928*****,
11,王誠緯,107年縣(市)議員選舉,首次申報,1071009,個人捐贈收入,陳德合,E12*******,10000.00,0.00,,金錢,新北市中和區****,0934*****,
12,王誠緯,107年縣(市)議員選舉,首次申報,1071012,營利事業捐贈收入,東華工業有限公司,53982516,20000.00,0.00,,金錢,新竹縣竹北市****,0365*****,
13,王誠緯,107年縣(市)議員選舉,首次申報,1071109,營利事業捐贈收入,九發國際開發有限公司,45078354,20000.00,0.00,,金錢,新竹縣竹北市****,0355*****,
14,王誠緯,107年縣(市)議員選舉,首次申報,1071119,匿名捐贈,林傳丁,,5000.00,0.00,,金錢,,,
15,王誠緯,107年縣(市)議員選舉,首次申報,1071121,個人捐贈收入,萬鴻一,K12*******,1000.00,0.00,,金錢,新竹縣新豐鄉****,0933*****,
