﻿序號,擬參選人／政黨,選舉名稱,申報序號／年度,交易日期,收支科目,捐贈者／支出對象,身分證／統一編號,收入金額,支出金額,捐贈方式,存入專戶日期,返還/繳庫,支出用途,金錢類,地址,聯絡電話,應揭露之支出對象,支出對象之內部人員姓名,支出對象之內部人員職稱,政黨之內部人員姓名,政黨之內部人員職稱,關係,更正註記,資料更正日期
1,李亞築,111年高雄市議員選舉,首次申報,1110913,營利事業捐贈收入,震南鐵線股份有限公司,86540792,100000.00,0.00,匯款,1110913,已返還,,金錢,高雄市路竹區****,,,,,,,,,
2,李亞築,111年高雄市議員選舉,首次申報,1110913,個人捐贈收入,洪國盛,S12*******,6000.00,0.00,現金,1110913,,,金錢,高雄市路竹區****,0916*****,,,,,,,,
3,李亞築,111年高雄市議員選舉,首次申報,1110920,個人捐贈收入,蔡丁秋財,Q10*******,50000.00,0.00,現金,1110920,,,金錢,高雄市路竹區****,,,,,,,,,
4,李亞築,111年高雄市議員選舉,首次申報,1110920,個人捐贈收入,蔡丁經緯,Q12*******,50000.00,0.00,現金,1110920,,,金錢,高雄市岡山區****,,,,,,,,,
5,李亞築,111年高雄市議員選舉,首次申報,1110920,個人捐贈收入,徐啟昌,R12*******,50000.00,0.00,現金,1110920,,,金錢,高雄市路竹區****,,,,,,,,,
6,李亞築,111年高雄市議員選舉,首次申報,1110921,營利事業捐贈收入,高雄市農會,75445407,200000.00,0.00,匯款,1110921,,,金錢,高雄市鳳山區****,,,,,,,,,
7,李亞築,111年高雄市議員選舉,首次申報,1111004,個人捐贈收入,吳参貴,S10*******,60000.00,0.00,匯款,1111004,,,金錢,臺中市北屯區****,0910*****,,,,,,,,
8,李亞築,111年高雄市議員選舉,首次申報,1111025,營利事業捐贈收入,南鎮天然氣股份有限公司,86689421,30000.00,0.00,匯款,1111025,,,金錢,高雄市小港區****,,,,,,,,,
9,李亞築,111年高雄市議員選舉,首次申報,1111123,營利事業捐贈收入,合元工程有限公司,24663252,6000.00,0.00,現金,1111123,,,金錢,高雄市岡山區****,,,,,,,,,
10,李亞築,111年高雄市議員選舉,首次申報,1111123,營利事業捐贈收入,昇達鑫興業股份有限公司,86358702,100000.00,0.00,現金,1111123,,,金錢,高雄市岡山區****,,,,,,,,,
11,李亞築,111年高雄市議員選舉,首次申報,1111123,營利事業捐贈收入,舜倡發企業股份有限公司,88727294,100000.00,0.00,現金,1111123,,,金錢,高雄市阿蓮區****,,,,,,,,,
12,李亞築,111年高雄市議員選舉,首次申報,1111123,營利事業捐贈收入,達家玻璃膠股份有限公司,88729933,100000.00,0.00,現金,1111123,,,金錢,高雄市湖內區****,,,,,,,,,
13,李亞築,111年高雄市議員選舉,首次申報,1111123,營利事業捐贈收入,彤駿企業有限公司,89659442,100000.00,0.00,現金,1111123,,,金錢,高雄市岡山區****,,,,,,,,,
14,李亞築,111年高雄市議員選舉,首次申報,1111124,營利事業捐贈收入,珈菖企業有限公司,13147371,20000.00,0.00,現金,1111124,,,金錢,高雄市阿蓮區****,0763*****,,,,,,,,
15,李亞築,111年高雄市議員選舉,首次申報,1111124,營利事業捐贈收入,韋奕股份有限公司,22685651,100000.00,0.00,票據,1111124,,,金錢,高雄市路竹區****,,,,,,,,,
16,李亞築,111年高雄市議員選舉,首次申報,1111124,營利事業捐贈收入,林裕工廠股份有限公司,22969432,50000.00,0.00,票據,1111124,,,金錢,高雄市阿蓮區****,,,,,,,,,
17,李亞築,111年高雄市議員選舉,首次申報,1111124,營利事業捐贈收入,昇元鋁業有限公司,80228274,30000.00,0.00,現金,1111124,,,金錢,高雄市路竹區****,,,,,,,,,
18,李亞築,111年高雄市議員選舉,首次申報,1111124,營利事業捐贈收入,富信螺絲股份有限公司,86263950,10000.00,0.00,現金,1111124,,,金錢,高雄市路竹區****,0915*****,,,,,,,,
19,李亞築,111年高雄市議員選舉,首次申報,1111124,營利事業捐贈收入,路竹新益工廠股份有限公司,88342707,100000.00,0.00,現金,1111124,,,金錢,高雄市路竹區****,,,,,,,,,
20,李亞築,111年高雄市議員選舉,首次申報,1111124,營利事業捐贈收入,全鎧鋁業股份有限公司,89990883,100000.00,0.00,現金,1111124,,,金錢,高雄市湖內區****,0769*****,,,,,,,,
21,李亞築,111年高雄市議員選舉,首次申報,1111124,個人捐贈收入,宋祥瑋,E12*******,100000.00,0.00,現金,1111124,,,金錢,高雄市鳳山區****,,,,,,,,,
22,李亞築,111年高雄市議員選舉,首次申報,1111124,個人捐贈收入,宋祥岳,E12*******,100000.00,0.00,現金,1111124,,,金錢,高雄市鳳山區****,,,,,,,,,
23,李亞築,111年高雄市議員選舉,首次申報,1111124,個人捐贈收入,張靈銖,F20*******,3600.00,0.00,現金,1111124,,,金錢,高雄市阿蓮區****,0982*****,,,,,,,,
24,李亞築,111年高雄市議員選舉,首次申報,1111124,個人捐贈收入,梁葉雀慧,R20*******,10000.00,0.00,現金,1111124,,,金錢,高雄市阿蓮區****,0912*****,,,,,,,,
25,李亞築,111年高雄市議員選舉,首次申報,1111124,個人捐贈收入,邱綉絲,R20*******,50000.00,0.00,現金,1111124,,,金錢,臺南市歸仁區****,0937*****,,,,,,,,
26,李亞築,111年高雄市議員選舉,首次申報,1111124,個人捐贈收入,許森林,S10*******,6000.00,0.00,現金,1111124,,,金錢,高雄市阿蓮區****,0908*****,,,,,,,,
27,李亞築,111年高雄市議員選舉,首次申報,1111124,個人捐贈收入,林福雄,S10*******,50000.00,0.00,現金,1111124,,,金錢,高雄市阿蓮區****,0763*****,,,,,,,,
28,李亞築,111年高雄市議員選舉,首次申報,1111124,個人捐贈收入,黃永賢,S10*******,10000.00,0.00,現金,1111124,,,金錢,高雄市阿蓮區****,0763*****,,,,,,,,
29,李亞築,111年高雄市議員選舉,首次申報,1111124,個人捐贈收入,黃新治,S10*******,6000.00,0.00,現金,1111124,,,金錢,高雄市阿蓮區****,0763*****,,,,,,,,
30,李亞築,111年高雄市議員選舉,首次申報,1111124,個人捐贈收入,沈勝次,S10*******,3000.00,0.00,現金,1111124,,,金錢,高雄市阿蓮區****,0763*****,,,,,,,,
31,李亞築,111年高雄市議員選舉,首次申報,1111124,個人捐贈收入,黃先明,S10*******,8000.00,0.00,現金,1111124,,,金錢,高雄市田寮區****,0903*****,,,,,,,,
32,李亞築,111年高雄市議員選舉,首次申報,1111124,個人捐贈收入,李陸舜,S10*******,20000.00,0.00,現金,1111124,,,金錢,高雄市路竹區****,,,,,,,,,
33,李亞築,111年高雄市議員選舉,首次申報,1111124,個人捐贈收入,林建興,S12*******,20000.00,0.00,現金,1111124,,,金錢,高雄市阿蓮區****,0937*****,,,,,,,,
34,李亞築,111年高雄市議員選舉,首次申報,1111124,個人捐贈收入,楊志盛,S12*******,100000.00,0.00,現金,1111124,,,金錢,高雄市左營區****,0929*****,,,,,,,,
35,李亞築,111年高雄市議員選舉,首次申報,1111124,個人捐贈收入,林軍旭,S12*******,100000.00,0.00,現金,1111124,,,金錢,高雄市橋頭區****,,,,,,,,,
36,李亞築,111年高雄市議員選舉,首次申報,1111124,個人捐贈收入,林登安,S12*******,20000.00,0.00,現金,1111124,,,金錢,高雄市阿蓮區****,,,,,,,,,
37,李亞築,111年高雄市議員選舉,首次申報,1111124,個人捐贈收入,林峻央,S12*******,100000.00,0.00,現金,1111124,,,金錢,高雄市路竹區****,0986*****,,,,,,,,
38,李亞築,111年高雄市議員選舉,首次申報,1111124,個人捐贈收入,吳志芳,S12*******,50000.00,0.00,現金,1111124,,,金錢,高雄市阿蓮區****,0958*****,,,,,,,,
39,李亞築,111年高雄市議員選舉,首次申報,1111124,個人捐贈收入,謝政家,S12*******,60000.00,0.00,現金,1111124,,,金錢,高雄市路竹區****,0972*****,,,,,,,,
40,李亞築,111年高雄市議員選舉,首次申報,1111124,個人捐贈收入,曾國倫,S12*******,10000.00,0.00,現金,1111124,,,金錢,高雄市田寮區****,0920*****,,,,,,,,
41,李亞築,111年高雄市議員選舉,首次申報,1111124,個人捐贈收入,李明恭,S12*******,20000.00,0.00,現金,1111124,,,金錢,高雄市阿蓮區****,0932*****,,,,,,,,
42,李亞築,111年高雄市議員選舉,首次申報,1111124,個人捐贈收入,張溥智,S12*******,20000.00,0.00,現金,1111124,,,金錢,高雄市阿蓮區****,0956*****,,,,,,,,
43,李亞築,111年高雄市議員選舉,首次申報,1111124,個人捐贈收入,葉春源,S12*******,6000.00,0.00,現金,1111124,,,金錢,高雄市阿蓮區****,0929*****,,,,,,,,
44,李亞築,111年高雄市議員選舉,首次申報,1111124,個人捐贈收入,黃建霖,S12*******,50000.00,0.00,現金,1111124,,,金錢,高雄市岡山區****,0932*****,,,,,,,,
45,李亞築,111年高雄市議員選舉,首次申報,1111124,個人捐贈收入,黃文曲,S12*******,6000.00,0.00,現金,1111124,,,金錢,高雄市田寮區****,0939*****,,,,,,,,
46,李亞築,111年高雄市議員選舉,首次申報,1111124,個人捐贈收入,朱黃秀琴,S20*******,100000.00,0.00,現金,1111124,,,金錢,高雄市田寮區****,,,,,,,,,
47,李亞築,111年高雄市議員選舉,首次申報,1111124,個人捐贈收入,朱貞霖,S22*******,100000.00,0.00,現金,1111124,,,金錢,高雄市阿蓮區****,,,,,,,,,
48,李亞築,111年高雄市議員選舉,首次申報,1111124,個人捐贈收入,蘇素花,S22*******,10000.00,0.00,現金,1111124,,,金錢,高雄市阿蓮區****,0932*****,,,,,,,,
49,李亞築,111年高雄市議員選舉,首次申報,1111125,營利事業捐贈收入,培幼幼稚園,07927981,5000.00,0.00,現金,1111125,,,金錢,高雄市阿蓮區****,,,,,,,,,
50,李亞築,111年高雄市議員選舉,首次申報,1111221,其他收入,利息收入,,155.00,0.00,匯款,1111221,,,金錢,,,,,,,,,,
