﻿序號,擬參選人／政黨,選舉名稱,申報序號／年度,交易日期,收支科目,捐贈者／支出對象,身分證／統一編號,收入金額,支出金額,捐贈方式,存入專戶日期,返還/繳庫,支出用途,金錢類,地址,聯絡電話,應揭露之支出對象,支出對象之內部人員姓名,支出對象之內部人員職稱,政黨之內部人員姓名,政黨之內部人員職稱,關係,更正註記,資料更正日期
1,游智彬,113年立法委員選舉,首次申報,1120519,個人捐贈收入,黃熙文,T12*******,300.00,0.00,匯款,1120519,,,金錢,桃園市桃園區****,0987*****,,,,,,,,
2,游智彬,113年立法委員選舉,首次申報,1120520,個人捐贈收入,孔廷芝,,5000.00,0.00,匯款,1120520,,,金錢,新北市板橋區****,0929*****,,,,,,,,
3,游智彬,113年立法委員選舉,首次申報,1120522,個人捐贈收入,劉致豐,C12*******,30000.00,0.00,匯款,1120522,,,金錢,基隆市七堵區****,0933*****,,,,,,,,
4,游智彬,113年立法委員選舉,首次申報,1120524,個人捐贈收入,劉菁華,H22*******,5000.00,0.00,匯款,1120524,,,金錢,桃園市龍潭區****,,,,,,,,,
5,游智彬,113年立法委員選舉,首次申報,1120525,個人捐贈收入,朱萱,,1000.00,0.00,匯款,1120525,,,金錢,臺北市信義區****,0930*****,,,,,,,,
6,游智彬,113年立法委員選舉,首次申報,1120619,個人捐贈收入,黃詣翔,,2000.00,0.00,匯款,1120619,,,金錢,臺北市大安區****,0919*****,,,,,,,,
7,游智彬,113年立法委員選舉,首次申報,1120621,其他收入,利息收入,,20.00,0.00,匯款,1120621,,,金錢,,,,,,,,,,
8,游智彬,113年立法委員選舉,首次申報,1120621,個人捐贈收入,陳詳翔,,1000.00,0.00,匯款,1120621,,,金錢,桃園市中壢區****,0901*****,,,,,,,,
9,游智彬,113年立法委員選舉,首次申報,1120621,個人捐贈收入,林若羚,,500.00,0.00,匯款,1120621,,,金錢,臺北市中山區****,0926*****,,,,,,,,
10,游智彬,113年立法委員選舉,首次申報,1120722,個人捐贈收入,韓亞玲,H22*******,10000.00,0.00,匯款,1120722,,,金錢,臺北市北投區****,0927*****,,,,,,,,
11,游智彬,113年立法委員選舉,首次申報,1120724,營利事業捐贈收入,承晟股份有限公司,83203945,10000.00,0.00,現金,1120724,,,金錢,桃園市楊梅區****,03-4*****,,,,,,,,
12,游智彬,113年立法委員選舉,首次申報,1120724,個人捐贈收入,黃蘭如,M22*******,2000.00,0.00,匯款,1120724,,,金錢,臺中市北區英****,0919*****,,,,,,,,
13,游智彬,113年立法委員選舉,首次申報,1120725,個人捐贈收入,曾志慧,,5000.00,0.00,匯款,1120725,,,金錢,桃園市桃園區****,0972*****,,,,,,,,
14,游智彬,113年立法委員選舉,首次申報,1120726,個人捐贈收入,梁挺昌,,200.00,0.00,匯款,1120726,,,金錢,桃園市八德區****,0937*****,,,,,,,,
15,游智彬,113年立法委員選舉,首次申報,1120726,個人捐贈收入,閻家賢,,1000.00,0.00,匯款,1120726,,,金錢,桃園市八德區****,0932*****,,,,,,,,
16,游智彬,113年立法委員選舉,首次申報,1120726,個人捐贈收入,林鳳黛,A22*******,500.00,0.00,匯款,1120726,,,金錢,臺北市中正區****,0928*****,,,,,,,,
17,游智彬,113年立法委員選舉,首次申報,1120727,個人捐贈收入,周其光,,3000.00,0.00,匯款,1120727,,,金錢,臺中市北屯區****,,,,,,,,,
18,游智彬,113年立法委員選舉,首次申報,1120731,個人捐贈收入,甘浩成,E12*******,5000.00,0.00,匯款,1120731,,,金錢,新北市新莊區****,02-2*****,,,,,,,,
19,游智彬,113年立法委員選舉,首次申報,1120801,個人捐贈收入,陳詳翔,,1000.00,0.00,匯款,1120801,,,金錢,桃園市中壢區****,0901*****,,,,,,,,
20,游智彬,113年立法委員選舉,首次申報,1120801,個人捐贈收入,周孫益,,168.00,0.00,匯款,1120801,,,金錢,新北市瑞芳區****,02-2*****,,,,,,,,
21,游智彬,113年立法委員選舉,首次申報,1120802,個人捐贈收入,高酈珍,,1000.00,0.00,匯款,1120802,,,金錢,桃園市蘆竹區****,0926*****,,,,,,,,
22,游智彬,113年立法委員選舉,首次申報,1120803,個人捐贈收入,周燕芬,,500.00,0.00,匯款,1120803,,,金錢,新北市三重區****,0935*****,,,,,,,,
23,游智彬,113年立法委員選舉,首次申報,1120803,個人捐贈收入,楊曼君,,600.00,0.00,匯款,1120803,,,金錢,桃園市龜山區****,0939*****,,,,,,,,
24,游智彬,113年立法委員選舉,首次申報,1120803,個人捐贈收入,王菁菁,,3000.00,0.00,匯款,1120803,,,金錢,桃園市中壢區****,0920*****,,,,,,,,
25,游智彬,113年立法委員選舉,首次申報,1120804,個人捐贈收入,袁秀慧,,1000.00,0.00,匯款,1120804,,,金錢,臺北市信義區****,0988*****,,,,,,,,
26,游智彬,113年立法委員選舉,首次申報,1120804,個人捐贈收入,蔡東龍,N12*******,2888.00,0.00,匯款,1120804,,,金錢,苗栗縣竹南鎮****,037-*****,,,,,,,,
27,游智彬,113年立法委員選舉,首次申報,1120805,個人捐贈收入,林若羚,,500.00,0.00,匯款,1120805,,,金錢,臺北市中山區****,0926*****,,,,,,,,
28,游智彬,113年立法委員選舉,首次申報,1120807,個人捐贈收入,方海金,A10*******,20000.00,0.00,匯款,1120808,,,金錢,新北市汐止區****,0918*****,,,,,,,,
29,游智彬,113年立法委員選舉,首次申報,1120811,個人捐贈收入,梁育彰,,360.00,0.00,匯款,1120811,,,金錢,彰化縣彰化市****,0937*****,,,,,,,,
30,游智彬,113年立法委員選舉,首次申報,1120811,個人捐贈收入,王國榮,,1000.00,0.00,匯款,1120811,,,金錢,桃園市蘆竹區****,0958*****,,,,,,,,
31,游智彬,113年立法委員選舉,首次申報,1120820,個人捐贈收入,張高傑,E12*******,6688.00,0.00,匯款,1120820,,,金錢,高雄市旗山區****,0921*****,,,,,,,,
32,游智彬,113年立法委員選舉,首次申報,1120821,個人捐贈收入,陳詳翔,,3000.00,0.00,匯款,1120821,,,金錢,桃園市中壢區****,0901*****,,,,,,,,
33,游智彬,113年立法委員選舉,首次申報,1120821,個人捐贈收入,蔡博旭,,1200.00,0.00,匯款,1120821,,,金錢,桃園市桃園區****,0956*****,,,,,,,,
34,游智彬,113年立法委員選舉,首次申報,1120825,個人捐贈收入,林鳳黛,A22*******,500.00,0.00,匯款,1120825,,,金錢,臺北市中正區****,0928*****,,,,,,,,
35,游智彬,113年立法委員選舉,首次申報,1120903,個人捐贈收入,袁秀慧,,1000.00,0.00,匯款,1120903,,,金錢,臺北市信義區****,0988*****,,,,,,,,
36,游智彬,113年立法委員選舉,首次申報,1120904,個人捐贈收入,周明英,,2000.00,0.00,匯款,1120904,,,金錢,新北市三峽區****,,,,,,,,,
37,游智彬,113年立法委員選舉,首次申報,1120904,個人捐贈收入,高家俊,J10*******,2000.00,0.00,匯款,1120904,,,金錢,臺南市東區大****,0931*****,,,,,,,,
38,游智彬,113年立法委員選舉,首次申報,1120907,個人捐贈收入,姜竹梅,K22*******,20000.00,0.00,匯款,1120907,,,金錢,臺北市大安區****,0939*****,,,,,,,,
39,游智彬,113年立法委員選舉,首次申報,1120908,個人捐贈收入,陳文清,,1000.00,0.00,匯款,1120908,,,金錢,新北市板橋區****,0970*****,,,,,,,,
40,游智彬,113年立法委員選舉,首次申報,1120908,個人捐贈收入,林筠竹,H22*******,190.00,0.00,匯款,1120908,,,金錢,桃園市楊梅區****,0987*****,,,,,,,,
41,游智彬,113年立法委員選舉,首次申報,1120910,個人捐贈收入,馬莉莉,H29*******,10000.00,0.00,匯款,1120910,,,金錢,桃園市中壢區****,0978*****,,,,,,,,
42,游智彬,113年立法委員選舉,首次申報,1120911,個人捐贈收入,臧鳳英,H20*******,100000.00,0.00,匯款,1120911,,,金錢,桃園市中壢區****,0965*****,,,,,,,,
43,游智彬,113年立法委員選舉,首次申報,1120913,個人捐贈收入,王俊元,,2000.00,0.00,匯款,1120913,,,金錢,臺北市松山區****,0910*****,,,,,,,,
44,游智彬,113年立法委員選舉,首次申報,1120913,個人捐贈收入,林若羚,,500.00,0.00,匯款,1120913,,,金錢,臺北市中山區****,0926*****,,,,,,,,
45,游智彬,113年立法委員選舉,首次申報,1120913,個人捐贈收入,王建美,E20*******,1000.00,0.00,匯款,1120913,,,金錢,高雄市三民區****,0983*****,,,,,,,,
46,游智彬,113年立法委員選舉,首次申報,1120914,個人捐贈收入,陳盈盈,,3000.00,0.00,匯款,1120914,,,金錢,桃園市中壢區****,0987*****,,,,,,,,
47,游智彬,113年立法委員選舉,首次申報,1120915,個人捐贈收入,戴治中,A12*******,100000.00,0.00,匯款,1120915,,,金錢,臺北市內湖區****,0933*****,,,,,,,,
48,游智彬,113年立法委員選舉,首次申報,1120916,個人捐贈收入,林筠竹,H22*******,150.00,0.00,匯款,1120916,,,金錢,桃園市楊梅區****,0987*****,,,,,,,,
49,游智彬,113年立法委員選舉,首次申報,1120926,個人捐贈收入,何中平,,6000.00,0.00,匯款,1120926,,,金錢,臺北市內湖區****,0938*****,,,,,,,,
50,游智彬,113年立法委員選舉,首次申報,1120928,個人捐贈收入,吳春波,C10*******,20000.00,0.00,現金,1120928,,,金錢,桃園市桃園區****,,,,,,,,,
51,游智彬,113年立法委員選舉,首次申報,1121002,個人捐贈收入,林征智,,3000.00,0.00,匯款,1121002,,,金錢,桃園市龜山區****,0916*****,,,,,,,,
52,游智彬,113年立法委員選舉,首次申報,1121006,個人捐贈收入,張林永香,T20*******,10000.00,0.00,匯款,1121006,,,金錢,高雄市旗山區****,0989*****,,,,,,,,
53,游智彬,113年立法委員選舉,首次申報,1121016,個人捐贈收入,黎美玲,U22*******,1000.00,0.00,匯款,1121016,,,金錢,桃園市中壢區****,,,,,,,,,
54,游智彬,113年立法委員選舉,首次申報,1121019,個人捐贈收入,郭淑芬,,500.00,0.00,匯款,1121019,,,金錢,嘉義市東區神****,0987*****,,,,,,,,
55,游智彬,113年立法委員選舉,首次申報,1121024,個人捐贈收入,李美清,,1000.00,0.00,匯款,1121024,,,金錢,新北市中和區****,0917*****,,,,,,,,
56,游智彬,113年立法委員選舉,首次申報,1121025,個人捐贈收入,蔡維馨,,1500.00,0.00,匯款,1121025,,,金錢,桃園市蘆竹區****,0935*****,,,,,,,,
57,游智彬,113年立法委員選舉,首次申報,1121101,個人捐贈收入,黃佩雲,,10000.00,0.00,現金,1121101,,,金錢,臺北市大安區****,,,,,,,,,
58,游智彬,113年立法委員選舉,首次申報,1121107,個人捐贈收入,林鳳黛,A22*******,1000.00,0.00,匯款,1121107,,,金錢,臺北市中正區****,0928*****,,,,,,,,
59,游智彬,113年立法委員選舉,首次申報,1121110,匿名捐贈,匿名,,1000.00,0.00,匯款,1121110,,,金錢,,,,,,,,,,
60,游智彬,113年立法委員選舉,首次申報,1121110,個人捐贈收入,臧二英,H20*******,100000.00,0.00,匯款,1121110,,,金錢,桃園市中壢區****,0972*****,,,,,,,,
61,游智彬,113年立法委員選舉,首次申報,1121110,個人捐贈收入,葉淑玲,H22*******,3000.00,0.00,匯款,1121116,,,金錢,桃園市中壢區****,0930*****,,,,,,,,
62,游智彬,113年立法委員選舉,首次申報,1121111,個人捐贈收入,蕭智中,S12*******,1000.00,0.00,匯款,1121117,,,金錢,高雄市苓雅區****,0928*****,,,,,,,,
63,游智彬,113年立法委員選舉,首次申報,1121112,個人捐贈收入,劉易寰,K12*******,2000.00,0.00,匯款,1121120,,,金錢,桃園市中壢區****,0921*****,,,,,,,,
64,游智彬,113年立法委員選舉,首次申報,1121113,個人捐贈收入,蔡東龍,N12*******,1200.00,0.00,匯款,1121113,,,金錢,苗栗縣竹南鎮****,037-*****,,,,,,,,
65,游智彬,113年立法委員選舉,首次申報,1121117,匿名捐贈,匿名,,100.00,0.00,匯款,1121124,,,金錢,,,,,,,,,,
66,游智彬,113年立法委員選舉,首次申報,1121118,個人捐贈收入,王彥誌,A12*******,1000.00,0.00,匯款,1121124,,,金錢,臺北市大同區****,0963*****,,,,,,,,
67,游智彬,113年立法委員選舉,首次申報,1121119,個人捐贈收入,林筠竹,H22*******,200.00,0.00,匯款,1121127,,,金錢,桃園市楊梅區****,0987*****,,,,,,,,
68,游智彬,113年立法委員選舉,首次申報,1121120,個人捐贈收入,藍曉佩,F22*******,3000.00,0.00,匯款,1121127,,,金錢,臺北市內湖區****,,,,,,,,,
69,游智彬,113年立法委員選舉,首次申報,1121126,個人捐贈收入,趙治敏,A12*******,3000.00,0.00,現金,1121126,,,金錢,桃園市桃園區****,0952*****,,,,,,,,
70,游智彬,113年立法委員選舉,首次申報,1121128,個人捐贈收入,李季嫻,,3000.00,0.00,匯款,1121128,,,金錢,新北市新店區****,0932*****,,,,,,,,
71,游智彬,113年立法委員選舉,首次申報,1121129,匿名捐贈,匿名,,1000.00,0.00,匯款,1121205,,,金錢,,,,,,,,,,
72,游智彬,113年立法委員選舉,首次申報,1121129,個人捐贈收入,金惠娥,,1000.00,0.00,匯款,1121129,,,金錢,臺中市西屯區****,0915*****,,,,,,,,
73,游智彬,113年立法委員選舉,首次申報,1121129,個人捐贈收入,沈懿敏,J22*******,2000.00,0.00,匯款,1121129,,,金錢,桃園市平鎮區****,0936*****,,,,,,,,
74,游智彬,113年立法委員選舉,首次申報,1121201,個人捐贈收入,陳中慧,H22*******,1000.00,0.00,匯款,1121205,,,金錢,雲林縣斗六市****,0972*****,,,,,,,,
75,游智彬,113年立法委員選舉,首次申報,1121201,個人捐贈收入,詹沅蓁,L22*******,500.00,0.00,匯款,1121201,,,金錢,彰化縣彰化市****,0932*****,,,,,,,,
76,游智彬,113年立法委員選舉,首次申報,1121202,個人捐贈收入,謝淑珠,D22*******,1000.00,0.00,匯款,1121211,,,金錢,臺南市安南區****,0924*****,,,,,,,,
77,游智彬,113年立法委員選舉,首次申報,1121203,個人捐贈收入,賈爽梅,A22*******,100000.00,0.00,匯款,1121203,,,金錢,新北市板橋區****,,,,,,,,,
78,游智彬,113年立法委員選舉,首次申報,1121204,個人捐贈收入,羅瑩淑,H20*******,30000.00,0.00,匯款,1121204,,,金錢,新北市三峽區****,0922*****,,,,,,,,
79,游智彬,113年立法委員選舉,首次申報,1121205,個人捐贈收入,蒲燕苹,E20*******,2000.00,0.00,匯款,1121205,,,金錢,臺北市信義區****,02-2*****,,,,,,,,
80,游智彬,113年立法委員選舉,首次申報,1121206,個人捐贈收入,陳柏廷,F12*******,1500.00,0.00,匯款,1121213,,,金錢,新北市新店區****,0919*****,,,,,,,,
81,游智彬,113年立法委員選舉,首次申報,1121213,個人捐贈收入,林基生,C12*******,300.00,0.00,匯款,1121220,,,金錢,桃園市楊梅區****,0958*****,,,,,,,,
82,游智彬,113年立法委員選舉,首次申報,1121213,個人捐贈收入,朱金鳳,H22*******,2000.00,0.00,匯款,1121213,,,金錢,桃園市楊梅區****,0968*****,,,,,,,,
83,游智彬,113年立法委員選舉,首次申報,1121214,個人捐贈收入,張家生,W10*******,100000.00,0.00,匯款,1121214,,,金錢,臺北市內湖區****,,,,,,,,,
84,游智彬,113年立法委員選舉,首次申報,1121215,個人捐贈收入,江秀英,,500.00,0.00,匯款,1121218,,,金錢,桃園市桃園區****,0960*****,,,,,,,,
85,游智彬,113年立法委員選舉,首次申報,1121218,匿名捐贈,匿名,,1000.00,0.00,匯款,1121225,,,金錢,,,,,,,,,,
86,游智彬,113年立法委員選舉,首次申報,1121218,個人捐贈收入,鄭春梅,,200.00,0.00,匯款,1121225,,,金錢,桃園市中壢區****,0955*****,,,,,,,,
87,游智彬,113年立法委員選舉,首次申報,1121219,個人捐贈收入,林秀明,A22*******,100000.00,0.00,匯款,1121219,,,金錢,新北市汐止區****,,,,,,,,,
88,游智彬,113年立法委員選舉,首次申報,1121219,個人捐贈收入,高家俊,J10*******,10000.00,0.00,匯款,1121219,,,金錢,臺南市東區大****,0931*****,,,,,,,,
89,游智彬,113年立法委員選舉,首次申報,1121220,個人捐贈收入,林素珠,F22*******,3000.00,0.00,匯款,1121220,,,金錢,新北市新店區****,0932*****,,,,,,,,
90,游智彬,113年立法委員選舉,首次申報,1121221,其他收入,利息收入,,340.00,0.00,匯款,1121221,,,金錢,,,,,,,,,,
91,游智彬,113年立法委員選舉,首次申報,1121221,個人捐贈收入,許陳品,A12*******,10000.00,0.00,匯款,1121227,,,金錢,臺北市文山區****,0958*****,,,,,,,,
92,游智彬,113年立法委員選舉,首次申報,1121222,個人捐贈收入,陳珠麗,F22*******,1000.00,0.00,匯款,1121228,,,金錢,臺北市信義區****,0933*****,,,,,,,,
93,游智彬,113年立法委員選舉,首次申報,1121223,個人捐贈收入,胡耿維,P12*******,5000.00,0.00,匯款,1121229,,,金錢,雲林縣斗六市****,0938*****,,,,,,,,
94,游智彬,113年立法委員選舉,首次申報,1121224,匿名捐贈,匿名,,1000.00,0.00,匯款,1130102,,,金錢,,,,,,,,,,
95,游智彬,113年立法委員選舉,首次申報,1121225,個人捐贈收入,葉文鈞,H12*******,5000.00,0.00,匯款,1121225,,,金錢,桃園市桃園區****,0933*****,,,,,,,,
96,游智彬,113年立法委員選舉,首次申報,1121225,個人捐贈收入,葉文鈞,H12*******,5000.00,0.00,匯款,1130102,,,金錢,桃園市桃園區****,0933*****,,,,,,,,
97,游智彬,113年立法委員選舉,首次申報,1121226,個人捐贈收入,孫格偉,A12*******,12000.00,0.00,現金,1121226,,,金錢,臺北市大安區****,0910*****,,,,,,,,
98,游智彬,113年立法委員選舉,首次申報,1121226,個人捐贈收入,孫格一,A12*******,13000.00,0.00,現金,1121226,,,金錢,臺北市大安區****,0932*****,,,,,,,,
99,游智彬,113年立法委員選舉,首次申報,1121226,個人捐贈收入,雷倩,A22*******,100000.00,0.00,匯款,1121226,,,金錢,臺北市文山區****,02-2*****,,,,,,,,
100,游智彬,113年立法委員選舉,首次申報,1121226,個人捐贈收入,徐忠鼎,H12*******,1000.00,0.00,現金,1121226,,,金錢,桃園市桃園區****,0930*****,,,,,,,,
101,游智彬,113年立法委員選舉,首次申報,1121226,個人捐贈收入,張建農,M10*******,100000.00,0.00,匯款,1121226,,,金錢,臺北市文山區****,02-2*****,,,,,,,,
102,游智彬,113年立法委員選舉,首次申報,1121229,個人捐贈收入,陳信宏,T12*******,2000.00,0.00,匯款,1130104,,,金錢,屏東縣新園鄉****,0922*****,,,,,,,,
103,游智彬,113年立法委員選舉,首次申報,1130102,個人捐贈收入,吳吉妮,F27*******,75000.00,0.00,匯款,1130102,,,金錢,桃園市大園區****,0921*****,,,,,,,,
104,游智彬,113年立法委員選舉,首次申報,1130104,營利事業捐贈收入,芊泓股份有限公司,89215481,20000.00,0.00,現金,1130104,,,金錢,桃園市中壢區****,0928*****,,,,,,,,
105,游智彬,113年立法委員選舉,首次申報,1130105,個人捐贈收入,張瓈月,,1000.00,0.00,匯款,1130105,,,金錢,臺中市豐原區****,0910*****,,,,,,,,
106,游智彬,113年立法委員選舉,首次申報,1130110,個人捐贈收入,蔡東龍,N12*******,1888.00,0.00,匯款,1130110,,,金錢,苗栗縣竹南鎮****,037-*****,,,,,,,,
