﻿序號,擬參選人／政黨,選舉名稱,申報序號／年度,交易日期,收支科目,捐贈者／支出對象,身分證／統一編號,收入金額,支出金額,捐贈方式,存入專戶日期,返還/繳庫,支出用途,金錢類,地址,聯絡電話,應揭露之支出對象,支出對象之內部人員姓名,支出對象之內部人員職稱,政黨之內部人員姓名,政黨之內部人員職稱,關係,更正註記,資料更正日期
1,張烱春,113年立法委員選舉,首次申報,1120831,宣傳支出,誠信影印行,82622245,0.00,160.00,,,,影印,金錢,臺中市北區尊****,(04)*****,否,,,,,,,
2,張烱春,113年立法委員選舉,首次申報,1121122,雜支支出,台中市選舉委員會,52605971,0.00,200000.00,,,,保證金,金錢,臺中市自由路****,(04)*****,否,,,,,,,
3,張烱春,113年立法委員選舉,首次申報,1121223,宣傳支出,聯合報潭秀辦事處,,0.00,1000.00,,,,廣告,金錢,臺中市潭子區****,(04)*****,否,,,,,,,
4,張烱春,113年立法委員選舉,首次申報,1130101,交通旅運支出,全國加油站中清站,17180580,0.00,882.00,,,,油,金錢,,,否,,,,,,,
5,張烱春,113年立法委員選舉,首次申報,1130104,交通旅運支出,福懋加油站大雅加油站,99384302,0.00,882.00,,,,油,金錢,,,否,,,,,,,
6,張烱春,113年立法委員選舉,首次申報,1130106,交通旅運支出,福懋加油站大雅加油站,99384302,0.00,588.00,,,,油,金錢,,,否,,,,,,,
7,張烱春,113年立法委員選舉,首次申報,1130108,交通旅運支出,福懋加油站大雅加油站,99384302,0.00,873.00,,,,油,金錢,,,否,,,,,,,
8,張烱春,113年立法委員選舉,首次申報,1130111,交通旅運支出,山隆加油站山隆站,15673031,0.00,855.00,,,,油,金錢,,,否,,,,,,,
