﻿序號,擬參選人／政黨,選舉名稱,申報序號／年度,交易日期,收支科目,捐贈者／支出對象,身分證／統一編號,收入金額,支出金額,捐贈方式,存入專戶日期,返還/繳庫,支出用途,金錢類,地址,聯絡電話,應揭露之支出對象,支出對象之內部人員姓名,支出對象之內部人員職稱,政黨之內部人員姓名,政黨之內部人員職稱,關係,更正註記,資料更正日期
1,邱議瑩,113年立法委員選舉,首次申報,1120621,個人捐贈收入,林重雄,S10*******,60000.00,0.00,匯款,1120621,,,金錢,高雄市三民區****,0937*****,,,,,,,,
2,邱議瑩,113年立法委員選舉,首次申報,1120712,個人捐贈收入,羅源逢,A10*******,100000.00,0.00,匯款,1120712,,,金錢,高雄市三民區****,,,,,,,,,
3,邱議瑩,113年立法委員選舉,首次申報,1120712,個人捐贈收入,洪子菁,A22*******,100000.00,0.00,現金,1120712,,,金錢,臺北市中正區****,,,,,,,,,
4,邱議瑩,113年立法委員選舉,首次申報,1120712,個人捐贈收入,張又文,F22*******,100000.00,0.00,現金,1120712,,,金錢,屏東縣屏東市****,,,,,,,,,
5,邱議瑩,113年立法委員選舉,首次申報,1120712,個人捐贈收入,劉良雄,S10*******,100000.00,0.00,匯款,1120712,,,金錢,高雄市苓雅區****,,,,,,,,,
6,邱議瑩,113年立法委員選舉,首次申報,1120712,個人捐贈收入,陳增龍,S10*******,100000.00,0.00,匯款,1120712,,,金錢,高雄市美濃區****,,,,,,,,,
7,邱議瑩,113年立法委員選舉,首次申報,1120712,個人捐贈收入,吳至安,S10*******,100000.00,0.00,匯款,1120712,,,金錢,高雄市美濃區****,,,,,,,,,
8,邱議瑩,113年立法委員選舉,首次申報,1120712,個人捐贈收入,吳光德,S10*******,100000.00,0.00,匯款,1120712,,,金錢,高雄市美濃區****,,,,,,,,,
9,邱議瑩,113年立法委員選舉,首次申報,1120717,營利事業捐贈收入,裕台冷凍食品股份有限公司,19037029,300000.00,0.00,票據,1120717,,,金錢,新北市中和區****,,,,,,,,,
10,邱議瑩,113年立法委員選舉,首次申報,1120717,營利事業捐贈收入,裕賀食品股份有限公司,97093383,500000.00,0.00,票據,1120717,,,金錢,高雄市燕巢區****,,,,,,,,,
11,邱議瑩,113年立法委員選舉,首次申報,1120801,個人捐贈收入,賴漢生,F13*******,10000.00,0.00,匯款,1120801,,,金錢,新北市永和區****,,,,,,,,,
12,邱議瑩,113年立法委員選舉,首次申報,1120804,營利事業捐贈收入,大安金企業股份有限公司,12634850,100000.00,0.00,匯款,1120805,,,金錢,高雄市大樹區****,,,,,,,,,
13,邱議瑩,113年立法委員選舉,首次申報,1120804,個人捐贈收入,盧德耕,J12*******,200.00,0.00,匯款,1120805,,,金錢,新竹縣湖口鄉****,,,,,,,,,
14,邱議瑩,113年立法委員選舉,首次申報,1120805,個人捐贈收入,曾涫淜,E12*******,3000.00,0.00,匯款,1120805,,,金錢,高雄市楠梓區****,,,,,,,,,
15,邱議瑩,113年立法委員選舉,首次申報,1120811,個人捐贈收入,陳富儀,S10*******,100000.00,0.00,匯款,1120811,,,金錢,高雄市左營區****,,,,,,,,,
16,邱議瑩,113年立法委員選舉,首次申報,1120811,個人捐贈收入,柯茹瑄,T22*******,10000.00,0.00,匯款,1120811,,,金錢,新北市新莊區****,,,,,,,,,
17,邱議瑩,113年立法委員選舉,首次申報,1120814,個人捐贈收入,施教民,E10*******,10000.00,0.00,匯款,1120814,,,金錢,高雄市三民區****,,,,,,,,,
18,邱議瑩,113年立法委員選舉,首次申報,1120825,個人捐贈收入,許嘉隆,A10*******,20000.00,0.00,匯款,1120825,,,金錢,臺北市大安區****,,,,,,,,,
19,邱議瑩,113年立法委員選舉,首次申報,1120825,個人捐贈收入,林妃玲,B22*******,50000.00,0.00,匯款,1120825,,,金錢,臺北市大安區****,,,,,,,,,
20,邱議瑩,113年立法委員選舉,首次申報,1120901,個人捐贈收入,吳銘芸,F22*******,100000.00,0.00,匯款,1120901,,,金錢,新北市中和區****,,,,,,,,,
21,邱議瑩,113年立法委員選舉,首次申報,1120901,個人捐贈收入,王京玲,L20*******,100000.00,0.00,匯款,1120901,,,金錢,新北市中和區****,,,,,,,,,
22,邱議瑩,113年立法委員選舉,首次申報,1120901,個人捐贈收入,高銘穗,P10*******,100000.00,0.00,匯款,1120901,,,金錢,高雄市岡山區****,,,,,,,,,
23,邱議瑩,113年立法委員選舉,首次申報,1120906,營利事業捐贈收入,協昌國際鋼鐵股份有限公司,16087798,500000.00,0.00,匯款,1120906,,,金錢,高雄市鼓山區****,,,,,,,,,
24,邱議瑩,113年立法委員選舉,首次申報,1120906,個人捐贈收入,許清森,E10*******,60000.00,0.00,匯款,1120906,,,金錢,高雄市鳥松區****,,,,,,,,,
25,邱議瑩,113年立法委員選舉,首次申報,1120912,個人捐贈收入,周玲妏,E22*******,100000.00,0.00,匯款,1120912,,,金錢,高雄市苓雅區****,,,,,,,,,
26,邱議瑩,113年立法委員選舉,首次申報,1120915,個人捐贈收入,呂慶祥,A12*******,100000.00,0.00,匯款,1120915,,,金錢,高雄市苓雅區****,,,,,,,,,
27,邱議瑩,113年立法委員選舉,首次申報,1120915,個人捐贈收入,曾韋禎,Q12*******,6000.00,0.00,現金,1120915,,,金錢,嘉義市忠孝路****,,,,,,,,,
28,邱議瑩,113年立法委員選舉,首次申報,1120915,個人捐贈收入,柯茹瑄,T22*******,10000.00,0.00,匯款,1120915,,,金錢,新北市新莊區****,,,,,,,,,
29,邱議瑩,113年立法委員選舉,首次申報,1120919,個人捐贈收入,黃立慈,F22*******,100000.00,0.00,匯款,1120919,,,金錢,臺北市文山區****,,,,,,,,,
30,邱議瑩,113年立法委員選舉,首次申報,1120920,營利事業捐贈收入,欣建工業股份有限公司,28042430,200000.00,0.00,匯款,1120920,,,金錢,高雄市橋頭區****,,,,,,,,,
31,邱議瑩,113年立法委員選舉,首次申報,1120920,營利事業捐贈收入,玉錡企業股份有限公司,88703173,100000.00,0.00,匯款,1120920,,,金錢,高雄市路竹區****,,,,,,,,,
32,邱議瑩,113年立法委員選舉,首次申報,1120920,個人捐贈收入,陳俊輝,A12*******,100000.00,0.00,匯款,1120920,,,金錢,臺北市南港區****,,,,,,,,,
33,邱議瑩,113年立法委員選舉,首次申報,1120920,個人捐贈收入,劉曦光,C12*******,100000.00,0.00,匯款,1120920,,,金錢,新北市中和區****,,,,,,,,,
34,邱議瑩,113年立法委員選舉,首次申報,1120920,個人捐贈收入,李寬治,E10*******,20000.00,0.00,匯款,1120920,,,金錢,高雄市苓雅區****,,,,,,,,,
35,邱議瑩,113年立法委員選舉,首次申報,1120920,個人捐贈收入,洪綉娟,E22*******,100000.00,0.00,匯款,1120920,,,金錢,高雄市新興區****,,,,,,,,,
36,邱議瑩,113年立法委員選舉,首次申報,1120920,個人捐贈收入,林芳瑜,F22*******,100000.00,0.00,匯款,1120920,,,金錢,新北市中和區****,,,,,,,,,
37,邱議瑩,113年立法委員選舉,首次申報,1120920,個人捐贈收入,許嫚玲,S22*******,100000.00,0.00,匯款,1120920,,,金錢,新北市淡水區****,,,,,,,,,
38,邱議瑩,113年立法委員選舉,首次申報,1120922,個人捐贈收入,馬悅瑄,D22*******,100000.00,0.00,匯款,1120922,,,金錢,新竹縣竹北市****,,,,,,,,,
39,邱議瑩,113年立法委員選舉,首次申報,1120922,個人捐贈收入,曾偉誠,H12*******,100000.00,0.00,匯款,1120922,,,金錢,新竹縣竹北市****,,,,,,,,,
40,邱議瑩,113年立法委員選舉,首次申報,1120925,個人捐贈收入,許家羚,S22*******,100000.00,0.00,匯款,1120925,,,金錢,新北市新店區****,,,,,,,,,
41,邱議瑩,113年立法委員選舉,首次申報,1120928,個人捐贈收入,王友煌,A11*******,399.00,0.00,匯款,1120928,,,金錢,臺北市中山區****,,,,,,,,,
42,邱議瑩,113年立法委員選舉,首次申報,1120928,個人捐贈收入,劉庭妤,A22*******,100000.00,0.00,匯款,1120928,,,金錢,新北市新店區****,,,,,,,,,
43,邱議瑩,113年立法委員選舉,首次申報,1120928,個人捐贈收入,陳楷逸,C12*******,399.00,0.00,匯款,1120928,,,金錢,屏東縣內埔鄉****,,,,,,,,,
44,邱議瑩,113年立法委員選舉,首次申報,1120928,個人捐贈收入,孔維新,E12*******,3399.00,0.00,匯款,1120928,,,金錢,基隆市安樂區****,,,,,,,,,
45,邱議瑩,113年立法委員選舉,首次申報,1120928,個人捐贈收入,莊晉勳,E12*******,798.00,0.00,匯款,1120928,,,金錢,高雄市前金區****,,,,,,,,,
46,邱議瑩,113年立法委員選舉,首次申報,1120928,個人捐贈收入,張詩婷,E22*******,1995.00,0.00,匯款,1120928,,,金錢,臺中市西屯區****,,,,,,,,,
47,邱議瑩,113年立法委員選舉,首次申報,1120928,個人捐贈收入,簡晴芳,F10*******,1000.00,0.00,匯款,1120928,,,金錢,桃園市桃園區****,,,,,,,,,
48,邱議瑩,113年立法委員選舉,首次申報,1120928,個人捐贈收入,廖晨佐,F12*******,399.00,0.00,匯款,1120928,,,金錢,新北市新莊區****,,,,,,,,,
49,邱議瑩,113年立法委員選舉,首次申報,1120928,個人捐贈收入,劉慶興,F12*******,100000.00,0.00,匯款,1120928,,,金錢,臺北市大安區****,,,,,,,,,
50,邱議瑩,113年立法委員選舉,首次申報,1120928,個人捐贈收入,王韡竹,H22*******,798.00,0.00,匯款,1120928,,,金錢,臺北市中正區****,,,,,,,,,
51,邱議瑩,113年立法委員選舉,首次申報,1120928,個人捐贈收入,洪淑暖,N22*******,399.00,0.00,匯款,1120928,,,金錢,彰化縣和美鎮****,,,,,,,,,
52,邱議瑩,113年立法委員選舉,首次申報,1120928,個人捐贈收入,許鈞,Q12*******,6000.00,0.00,匯款,1120928,,,金錢,雲林縣斗六市****,,,,,,,,,
53,邱議瑩,113年立法委員選舉,首次申報,1120928,個人捐贈收入,蔡英美,Q22*******,20000.00,0.00,匯款,1120928,,,金錢,高雄市新興區****,,,,,,,,,
54,邱議瑩,113年立法委員選舉,首次申報,1121002,個人捐贈收入,羅木宏,C12*******,100000.00,0.00,現金,1121002,,,金錢,基隆市信義區****,,,,,,,,,
55,邱議瑩,113年立法委員選舉,首次申報,1121002,個人捐贈收入,黃禹馨,C22*******,100000.00,0.00,現金,1121002,,,金錢,金門縣金湖鎮****,,,,,,,,,
56,邱議瑩,113年立法委員選舉,首次申報,1121002,個人捐贈收入,黃六照,P12*******,100000.00,0.00,現金,1121002,,,金錢,基隆市中正區****,,,,,,,,,
57,邱議瑩,113年立法委員選舉,首次申報,1121003,個人捐贈收入,黃東榮,S12*******,100000.00,0.00,現金,1121003,,,金錢,基隆市安樂區****,,,,,,,,,
58,邱議瑩,113年立法委員選舉,首次申報,1121004,人民團體捐贈收入,社團法人高雄縣醫師公會,003 ,60000.00,0.00,匯款,1121004,,,金錢,高雄市鳳山區****,,,,,,,,,
59,邱議瑩,113年立法委員選舉,首次申報,1121004,營利事業捐贈收入,新阿隆師商行,82665004,100000.00,0.00,匯款,1121004,,,金錢,高雄市內門區****,,,,,,,,,
60,邱議瑩,113年立法委員選舉,首次申報,1121004,個人捐贈收入,高維祥,D10*******,20000.00,0.00,匯款,1121004,,,金錢,高雄市鳳山區****,,,,,,,,,
61,邱議瑩,113年立法委員選舉,首次申報,1121004,個人捐贈收入,曾春來,G12*******,100000.00,0.00,匯款,1121004,,,金錢,屏東縣屏東市****,,,,,,,,,
62,邱議瑩,113年立法委員選舉,首次申報,1121006,個人捐贈收入,許意涓,A22*******,100000.00,0.00,現金,1121006,,,金錢,新北市汐止區****,,,,,,,,,
63,邱議瑩,113年立法委員選舉,首次申報,1121011,營利事業捐贈收入,安拓實業股份有限公司,22067047,150000.00,0.00,匯款,1121011,,,金錢,高雄市岡山區****,,,,,,,,,
64,邱議瑩,113年立法委員選舉,首次申報,1121011,營利事業捐贈收入,棋山木業,99596761,100000.00,0.00,匯款,1121011,,,金錢,臺南市南區文****,,,,,,,,,
65,邱議瑩,113年立法委員選舉,首次申報,1121011,個人捐贈收入,黃沛軒,F13*******,100000.00,0.00,匯款,1121011,,,金錢,新北市樹林區****,,,,,,,,,
66,邱議瑩,113年立法委員選舉,首次申報,1121011,個人捐贈收入,黃瑞桐,L12*******,100000.00,0.00,匯款,1121011,,,金錢,新北市樹林區****,,,,,,,,,
67,邱議瑩,113年立法委員選舉,首次申報,1121011,個人捐贈收入,黃沛元,L12*******,100000.00,0.00,匯款,1121011,,,金錢,新北市樹林區****,,,,,,,,,
68,邱議瑩,113年立法委員選舉,首次申報,1121011,個人捐贈收入,戴秀珠,S22*******,100000.00,0.00,匯款,1121011,,,金錢,高雄市鳥松區****,,,,,,,,,
69,邱議瑩,113年立法委員選舉,首次申報,1121012,個人捐贈收入,游如賢,C12*******,100000.00,0.00,現金,1121012,,,金錢,臺北市松山區****,,,,,,,,,
70,邱議瑩,113年立法委員選舉,首次申報,1121012,個人捐贈收入,江月娥,C22*******,100000.00,0.00,現金,1121012,,,金錢,臺北市松山區****,,,,,,,,,
71,邱議瑩,113年立法委員選舉,首次申報,1121012,個人捐贈收入,楊國銘,H12*******,100000.00,0.00,現金,1121012,,,金錢,桃園市桃園區****,,,,,,,,,
72,邱議瑩,113年立法委員選舉,首次申報,1121013,匿名捐贈,匿名,,9975.00,0.00,匯款,1121013,,,金錢,,,,,,,,,,
73,邱議瑩,113年立法委員選舉,首次申報,1121013,匿名捐贈,匿名,,6000.00,0.00,匯款,1121013,,,金錢,,,,,,,,,,
74,邱議瑩,113年立法委員選舉,首次申報,1121013,匿名捐贈,匿名,,798.00,0.00,匯款,1121013,,,金錢,,,,,,,,,,
75,邱議瑩,113年立法委員選舉,首次申報,1121013,營利事業捐贈收入,韋奕工業股份有限公司,22685651,100000.00,0.00,票據,1121013,,,金錢,高雄市路竹區****,,,,,,,,,
76,邱議瑩,113年立法委員選舉,首次申報,1121013,營利事業捐贈收入,道錡工業股份有限公司,84996233,100000.00,0.00,票據,1121013,,,金錢,高雄市路竹區****,,,,,,,,,
77,邱議瑩,113年立法委員選舉,首次申報,1121013,個人捐贈收入,柯茹瑄,T22*******,10000.00,0.00,匯款,1121013,,,金錢,新北市新莊區****,,,,,,,,,
78,邱議瑩,113年立法委員選舉,首次申報,1121017,營利事業捐贈收入,鼎笈機電工程有限公司,13144260,100000.00,0.00,匯款,1121017,,,金錢,高雄市岡山區****,,,,,,,,,
79,邱議瑩,113年立法委員選舉,首次申報,1121017,營利事業捐贈收入,鳳勝實業股份有限公司,16093742,500000.00,0.00,匯款,1121017,,,金錢,高雄市仁武區****,,,,,,,,,
80,邱議瑩,113年立法委員選舉,首次申報,1121017,營利事業捐贈收入,佑春企業股份有限公司,89829805,100000.00,0.00,匯款,1121017,,,金錢,高雄市路竹區****,,,,,,,,,
81,邱議瑩,113年立法委員選舉,首次申報,1121017,個人捐贈收入,顏仲仁,S10*******,100000.00,0.00,匯款,1121017,,,金錢,高雄市路竹區****,,,,,,,,,
82,邱議瑩,113年立法委員選舉,首次申報,1121017,個人捐贈收入,張仲謀,X12*******,100000.00,0.00,匯款,1121017,,,金錢,高雄市左營區****,,,,,,,,,
83,邱議瑩,113年立法委員選舉,首次申報,1121018,營利事業捐贈收入,毅太企業股份有限公司,12264131,100000.00,0.00,匯款,1121018,,,金錢,臺北市中山區****,,,,,,,,,
84,邱議瑩,113年立法委員選舉,首次申報,1121019,營利事業捐贈收入,高旺螺絲工業有限公司,22545842,50000.00,0.00,票據,1121019,,,金錢,高雄市岡山區****,,,,,,,,,
85,邱議瑩,113年立法委員選舉,首次申報,1121019,營利事業捐贈收入,宗連工業股份有限公司,54616622,100000.00,0.00,票據,1121019,,,金錢,高雄市永安區****,,,,,,,,,
86,邱議瑩,113年立法委員選舉,首次申報,1121019,個人捐贈收入,林享安,S10*******,50000.00,0.00,現金,1121019,,,金錢,臺北市中正區****,,,,,,,,,
87,邱議瑩,113年立法委員選舉,首次申報,1121020,個人捐贈收入,游駿淋,A13*******,1000.00,0.00,匯款,1121020,,,金錢,桃園市桃園區****,,,,,,,,,
88,邱議瑩,113年立法委員選舉,首次申報,1121020,個人捐贈收入,林妃玲,B22*******,20000.00,0.00,匯款,1121020,,,金錢,臺北市大安區****,,,,,,,,,
89,邱議瑩,113年立法委員選舉,首次申報,1121020,個人捐贈收入,邱村國,D10*******,20000.00,0.00,匯款,1121020,,,金錢,臺南市安南區****,,,,,,,,,
90,邱議瑩,113年立法委員選舉,首次申報,1121023,個人捐贈收入,陳淑麗,F22*******,100000.00,0.00,匯款,1121023,,,金錢,新北市淡水區****,,,,,,,,,
91,邱議瑩,113年立法委員選舉,首次申報,1121023,個人捐贈收入,王琴賀,M22*******,100000.00,0.00,匯款,1121023,,,金錢,臺中市西屯區****,,,,,,,,,
92,邱議瑩,113年立法委員選舉,首次申報,1121023,個人捐贈收入,許淑婷,S22*******,100000.00,0.00,票據,1121023,,,金錢,臺南市南區體****,,,,,,,,,
93,邱議瑩,113年立法委員選舉,首次申報,1121025,營利事業捐贈收入,晉乾營造有限公司,80251794,100000.00,0.00,匯款,1121025,,,金錢,高雄市阿蓮區****,,,,,,,,,
94,邱議瑩,113年立法委員選舉,首次申報,1121026,個人捐贈收入,曾偉琦,B12*******,50000.00,0.00,匯款,1121026,,,金錢,高雄市左營區****,,,,,,,,,
95,邱議瑩,113年立法委員選舉,首次申報,1121027,匿名捐贈,匿名,,1000.00,0.00,匯款,1121027,,,金錢,,,,,,,,,,
96,邱議瑩,113年立法委員選舉,首次申報,1121027,匿名捐贈,匿名1,,1000.00,0.00,匯款,1121027,,,金錢,,,,,,,,,,
97,邱議瑩,113年立法委員選舉,首次申報,1121101,營利事業捐贈收入,丞曜實業有限公司,16734726,300000.00,0.00,匯款,1121101,,,金錢,高雄市岡山區****,,,,,,,,,
98,邱議瑩,113年立法委員選舉,首次申報,1121101,營利事業捐贈收入,中瑋德惠股份有限公司,24340444,100000.00,0.00,匯款,1121101,,,金錢,臺北市信義區****,,,,,,,,,
99,邱議瑩,113年立法委員選舉,首次申報,1121101,個人捐贈收入,李秋利,A12*******,30000.00,0.00,匯款,1121101,,,金錢,高雄市楠梓區****,,,,,,,,,
100,邱議瑩,113年立法委員選舉,首次申報,1121101,個人捐贈收入,鍾新富,S10*******,50000.00,0.00,匯款,1121101,,,金錢,高雄市鳳山區****,,,,,,,,,
101,邱議瑩,113年立法委員選舉,首次申報,1121101,個人捐贈收入,劉紹傑,S12*******,10000.00,0.00,匯款,1121101,,,金錢,高雄市鳥松區****,,,,,,,,,
102,邱議瑩,113年立法委員選舉,首次申報,1121103,個人捐贈收入,謝德昌,A12*******,2000.00,0.00,匯款,1121103,,,金錢,新北市汐止區****,,,,,,,,,
103,邱議瑩,113年立法委員選舉,首次申報,1121103,個人捐贈收入,喬厚誠,B12*******,1000.00,0.00,匯款,1121103,,,金錢,高雄市鼓山區****,,,,,,,,,
104,邱議瑩,113年立法委員選舉,首次申報,1121103,個人捐贈收入,李建中,H12*******,2000.00,0.00,匯款,1121103,,,金錢,高雄市三民區****,,,,,,,,,
105,邱議瑩,113年立法委員選舉,首次申報,1121103,個人捐贈收入,林義文,R12*******,2000.00,0.00,匯款,1121103,,,金錢,臺南市永康區****,,,,,,,,,
106,邱議瑩,113年立法委員選舉,首次申報,1121103,個人捐贈收入,許英豪,S10*******,20000.00,0.00,匯款,1121103,,,金錢,高雄市田寮區****,,,,,,,,,
107,邱議瑩,113年立法委員選舉,首次申報,1121103,個人捐贈收入,許福仁,S12*******,60000.00,0.00,匯款,1121103,,,金錢,高雄市阿蓮區****,,,,,,,,,
108,邱議瑩,113年立法委員選舉,首次申報,1121103,個人捐贈收入,許明豔,S12*******,10000.00,0.00,匯款,1121103,,,金錢,高雄市田寮區****,,,,,,,,,
109,邱議瑩,113年立法委員選舉,首次申報,1121103,個人捐贈收入,陳志賢,S12*******,1000.00,0.00,匯款,1121103,,,金錢,高雄市阿蓮區****,,,,,,,,,
110,邱議瑩,113年立法委員選舉,首次申報,1121106,營利事業捐贈收入,積餘慶宏業股份有限公司,22425001,100000.00,0.00,現金,1121106,,,金錢,新北市汐止區****,,,,,,,,,
111,邱議瑩,113年立法委員選舉,首次申報,1121106,個人捐贈收入,徐信文,A11*******,60000.00,0.00,匯款,1121106,,,金錢,高雄市六龜區****,,,,,,,,,
112,邱議瑩,113年立法委員選舉,首次申報,1121106,個人捐贈收入,游廖瓊英,A20*******,80000.00,0.00,現金,1121106,,,金錢,臺北市士林區****,,,,,,,,,
113,邱議瑩,113年立法委員選舉,首次申報,1121106,個人捐贈收入,陳寶桂,A20*******,10000.00,0.00,匯款,1121106,,,金錢,高雄市六龜區****,,,,,,,,,
114,邱議瑩,113年立法委員選舉,首次申報,1121106,個人捐贈收入,黃瓘博,E12*******,100000.00,0.00,匯款,1121106,,,金錢,高雄市三民區****,,,,,,,,,
115,邱議瑩,113年立法委員選舉,首次申報,1121106,個人捐贈收入,李豐村,Q12*******,60000.00,0.00,匯款,1121106,,,金錢,臺南市玉井區****,,,,,,,,,
116,邱議瑩,113年立法委員選舉,首次申報,1121106,個人捐贈收入,鍾享桂,S10*******,10000.00,0.00,匯款,1121106,,,金錢,高雄市六龜區****,,,,,,,,,
117,邱議瑩,113年立法委員選舉,首次申報,1121106,個人捐贈收入,李必興,S10*******,80000.00,0.00,現金,1121106,,,金錢,高雄市三民區****,,,,,,,,,
118,邱議瑩,113年立法委員選舉,首次申報,1121106,個人捐贈收入,李漢偉,S12*******,80000.00,0.00,現金,1121106,,,金錢,高雄市三民區****,,,,,,,,,
119,邱議瑩,113年立法委員選舉,首次申報,1121106,個人捐贈收入,李漢卿,S12*******,80000.00,0.00,現金,1121106,,,金錢,宜蘭縣宜蘭市****,,,,,,,,,
120,邱議瑩,113年立法委員選舉,首次申報,1121106,個人捐贈收入,陳建男,S12*******,20000.00,0.00,匯款,1121106,,,金錢,高雄市左營區****,,,,,,,,,
121,邱議瑩,113年立法委員選舉,首次申報,1121106,個人捐贈收入,黃裕隆,S12*******,2000.00,0.00,匯款,1121106,,,金錢,高雄市六龜區****,,,,,,,,,
122,邱議瑩,113年立法委員選舉,首次申報,1121106,個人捐贈收入,陳秋瑛,S22*******,1000.00,0.00,匯款,1121106,,,金錢,高雄市六龜區****,,,,,,,,,
123,邱議瑩,113年立法委員選舉,首次申報,1121106,個人捐贈收入,游佩熏,Y22*******,80000.00,0.00,現金,1121106,,,金錢,臺北市士林區****,,,,,,,,,
124,邱議瑩,113年立法委員選舉,首次申報,1121108,營利事業捐贈收入,佳和農化企業有限公司,24763251,100000.00,0.00,匯款,1121108,已返還,,金錢,臺中市南區興****,,,,,,,,,
125,邱議瑩,113年立法委員選舉,首次申報,1121108,營利事業捐贈收入,標捷能源股份有限公司,25078383,100000.00,0.00,票據,1121108,,,金錢,新北市新莊區****,,,,,,,,,
126,邱議瑩,113年立法委員選舉,首次申報,1121108,個人捐贈收入,李明盛,A10*******,10000.00,0.00,匯款,1121108,,,金錢,高雄市美濃區****,,,,,,,,,
127,邱議瑩,113年立法委員選舉,首次申報,1121108,個人捐贈收入,歐陽文貞,D12*******,100000.00,0.00,匯款,1121108,,,金錢,臺南市東區裕****,,,,,,,,,
128,邱議瑩,113年立法委員選舉,首次申報,1121108,個人捐贈收入,陳振芳,E10*******,100000.00,0.00,匯款,1121108,,,金錢,高雄市三民區****,,,,,,,,,
129,邱議瑩,113年立法委員選舉,首次申報,1121108,個人捐贈收入,趙府廣,E10*******,100000.00,0.00,匯款,1121108,,,金錢,高雄市苓雅區****,,,,,,,,,
130,邱議瑩,113年立法委員選舉,首次申報,1121109,匿名捐贈,匿名,,1000.00,0.00,匯款,1121109,,,金錢,,,,,,,,,,
131,邱議瑩,113年立法委員選舉,首次申報,1121109,營利事業捐贈收入,頂赫生技有限公司,53905119,100000.00,0.00,匯款,1121109,,,金錢,高雄市鳳山區****,,,,,,,,,
132,邱議瑩,113年立法委員選舉,首次申報,1121109,營利事業捐贈收入,米多空間創造有限公司,93765846,30000.00,0.00,匯款,1121109,,,金錢,臺北市文山區****,,,,,,,,,
133,邱議瑩,113年立法委員選舉,首次申報,1121110,營利事業捐贈收入,沅亨興業股份有限公司,22260140,10000.00,0.00,匯款,1121110,,,金錢,高雄市大寮區****,,,,,,,,,
134,邱議瑩,113年立法委員選舉,首次申報,1121110,營利事業捐贈收入,嘉億貿易有限公司,54189206,6000.00,0.00,匯款,1121110,,,金錢,高雄市鼓山區****,,,,,,,,,
135,邱議瑩,113年立法委員選舉,首次申報,1121110,個人捐贈收入,卓雅婷,B22*******,1000.00,0.00,匯款,1121110,,,金錢,臺中市北區崇****,,,,,,,,,
136,邱議瑩,113年立法委員選舉,首次申報,1121110,個人捐贈收入,江博暉,E12*******,20000.00,0.00,匯款,1121110,,,金錢,高雄市新興區****,,,,,,,,,
137,邱議瑩,113年立法委員選舉,首次申報,1121110,個人捐贈收入,徐新宏,K10*******,100000.00,0.00,匯款,1121110,,,金錢,臺中市南區興****,,,,,,,,,
138,邱議瑩,113年立法委員選舉,首次申報,1121110,個人捐贈收入,梁源照,S12*******,6000.00,0.00,匯款,1121110,,,金錢,高雄市大樹區****,,,,,,,,,
139,邱議瑩,113年立法委員選舉,首次申報,1121110,個人捐贈收入,楊文宋,S12*******,100000.00,0.00,匯款,1121110,,,金錢,高雄市鼓山區****,,,,,,,,,
140,邱議瑩,113年立法委員選舉,首次申報,1121110,個人捐贈收入,許珮琪,S22*******,6000.00,0.00,匯款,1121110,,,金錢,高雄市阿蓮區****,,,,,,,,,
141,邱議瑩,113年立法委員選舉,首次申報,1121110,個人捐贈收入,許綉君,Y22*******,100000.00,0.00,匯款,1121110,,,金錢,高雄市鼓山區****,,,,,,,,,
142,邱議瑩,113年立法委員選舉,首次申報,1121114,個人捐贈收入,鐘國聖,E10*******,10000.00,0.00,匯款,1121114,,,金錢,高雄市左營區****,,,,,,,,,
143,邱議瑩,113年立法委員選舉,首次申報,1121115,營利事業捐贈收入,和驛國際有限公司,45132076,10000.00,0.00,匯款,1121115,,,金錢,高雄市岡山區****,,,,,,,,,
144,邱議瑩,113年立法委員選舉,首次申報,1121115,營利事業捐贈收入,春木建設有限公司,86591807,10000.00,0.00,匯款,1121115,已返還,,金錢,高雄市鼓山區****,,,,,,,,,
145,邱議瑩,113年立法委員選舉,首次申報,1121115,營利事業捐贈收入,久添工程行,91450779,10000.00,0.00,匯款,1121115,,,金錢,高雄市三民區****,,,,,,,,,
146,邱議瑩,113年立法委員選舉,首次申報,1121115,個人捐贈收入,陳英嬌,E20*******,10000.00,0.00,匯款,1121115,,,金錢,高雄市美濃區****,,,,,,,,,
147,邱議瑩,113年立法委員選舉,首次申報,1121115,個人捐贈收入,張弘昌,S10*******,100000.00,0.00,匯款,1121115,,,金錢,桃園市平鎮區****,,,,,,,,,
148,邱議瑩,113年立法委員選舉,首次申報,1121116,人民團體捐贈收入,社團法人中華民國會計師公會全國聯合會,,50000.00,0.00,票據,1121116,,,金錢,臺北市中正區****,02-2*****,,,,,,,,
149,邱議瑩,113年立法委員選舉,首次申報,1121116,人民團體捐贈收入,社團法人高雄市會計師公會,,150000.00,0.00,票據,1121116,,,金錢,高雄市新興區****,,,,,,,,,
150,邱議瑩,113年立法委員選舉,首次申報,1121116,營利事業捐贈收入,人杰老四川餐飲管理顧問股份有限公司,28836494,200000.00,0.00,匯款,1121116,,,金錢,高雄市左營區****,,,,,,,,,
151,邱議瑩,113年立法委員選舉,首次申報,1121117,個人捐贈收入,許軒豪,A12*******,100000.00,0.00,匯款,1121117,,,金錢,高雄市左營區****,,,,,,,,,
152,邱議瑩,113年立法委員選舉,首次申報,1121117,個人捐贈收入,黃雯慈,E22*******,5000.00,0.00,匯款,1121117,,,金錢,臺北市大安區****,,,,,,,,,
153,邱議瑩,113年立法委員選舉,首次申報,1121117,個人捐贈收入,蕭智中,S12*******,1000.00,0.00,匯款,1121117,,,金錢,高雄市苓雅區****,,,,,,,,,
154,邱議瑩,113年立法委員選舉,首次申報,1121118,個人捐贈收入,林耕新,E12*******,100000.00,0.00,匯款,1121118,,,金錢,高雄市左營區****,,,,,,,,,
155,邱議瑩,113年立法委員選舉,首次申報,1121120,營利事業捐贈收入,騰翼商行,47662016,20000.00,0.00,現金,1121120,,,金錢,高雄市美濃區****,,,,,,,,,
156,邱議瑩,113年立法委員選舉,首次申報,1121120,營利事業捐贈收入,暉勝通運有限公司,76478313,100000.00,0.00,票據,1121120,已返還,,金錢,高雄市前鎮區****,,,,,,,,,
157,邱議瑩,113年立法委員選舉,首次申報,1121120,營利事業捐贈收入,敏軒企業有限公司,89890097,60000.00,0.00,現金,1121120,,,金錢,高雄市大寮區****,,,,,,,,,
158,邱議瑩,113年立法委員選舉,首次申報,1121120,營利事業捐贈收入,榮毅營造股份有限公司,90893874,15000.00,0.00,現金,1121120,,,金錢,高雄市旗山區****,,,,,,,,,
159,邱議瑩,113年立法委員選舉,首次申報,1121120,個人捐贈收入,許耕豪,A12*******,100000.00,0.00,匯款,1121120,,,金錢,高雄市三民區****,,,,,,,,,
160,邱議瑩,113年立法委員選舉,首次申報,1121120,個人捐贈收入,蔡昌學,B12*******,100000.00,0.00,匯款,1121120,,,金錢,高雄市左營區****,,,,,,,,,
161,邱議瑩,113年立法委員選舉,首次申報,1121120,個人捐贈收入,吳昆哲,E12*******,100000.00,0.00,匯款,1121120,,,金錢,高雄市前鎮區****,,,,,,,,,
162,邱議瑩,113年立法委員選舉,首次申報,1121120,個人捐贈收入,謝宇菡,E22*******,50000.00,0.00,現金,1121120,,,金錢,高雄市美濃區****,,,,,,,,,
163,邱議瑩,113年立法委員選舉,首次申報,1121120,個人捐贈收入,趙健在,S12*******,100000.00,0.00,現金,1121120,,,金錢,高雄市鳳山區****,,,,,,,,,
164,邱議瑩,113年立法委員選舉,首次申報,1121120,個人捐贈收入,莊資森,S12*******,20000.00,0.00,匯款,1121120,,,金錢,高雄市大社區****,,,,,,,,,
165,邱議瑩,113年立法委員選舉,首次申報,1121120,個人捐贈收入,孔素珍,T22*******,50000.00,0.00,現金,1121120,,,金錢,高雄市鳳山區****,,,,,,,,,
166,邱議瑩,113年立法委員選舉,首次申報,1121121,個人捐贈收入,高耿耀,A12*******,100000.00,0.00,匯款,1121121,,,金錢,高雄市楠梓區****,,,,,,,,,
167,邱議瑩,113年立法委員選舉,首次申報,1121121,個人捐贈收入,郭美琇,C22*******,100000.00,0.00,現金,1121121,,,金錢,桃園市桃園區****,,,,,,,,,
168,邱議瑩,113年立法委員選舉,首次申報,1121121,個人捐贈收入,張湘熙,E10*******,100000.00,0.00,匯款,1121121,,,金錢,高雄市鹽埕區****,,,,,,,,,
169,邱議瑩,113年立法委員選舉,首次申報,1121121,個人捐贈收入,陳尚仁,E12*******,100000.00,0.00,匯款,1121121,,,金錢,高雄市左營區****,,,,,,,,,
170,邱議瑩,113年立法委員選舉,首次申報,1121121,個人捐贈收入,徐明財,S10*******,2200.00,0.00,匯款,1121121,,,金錢,高雄市六龜區****,,,,,,,,,
171,邱議瑩,113年立法委員選舉,首次申報,1121121,個人捐贈收入,李俊岳,S12*******,100000.00,0.00,現金,1121121,,,金錢,高雄市前鎮區****,,,,,,,,,
172,邱議瑩,113年立法委員選舉,首次申報,1121121,個人捐贈收入,陳水聰,T12*******,20000.00,0.00,匯款,1121121,,,金錢,高雄市前金區****,,,,,,,,,
173,邱議瑩,113年立法委員選舉,首次申報,1121122,匿名捐贈,匿名,,2000.00,0.00,匯款,1121122,,,金錢,,,,,,,,,,
174,邱議瑩,113年立法委員選舉,首次申報,1121122,營利事業捐贈收入,新富環保有限公司,28955126,100000.00,0.00,匯款,1121122,,,金錢,高雄市路竹區****,,,,,,,,,
175,邱議瑩,113年立法委員選舉,首次申報,1121122,個人捐贈收入,趙傳亨,A12*******,100000.00,0.00,現金,1121122,,,金錢,高雄市三民區****,,,,,,,,,
176,邱議瑩,113年立法委員選舉,首次申報,1121122,個人捐贈收入,李淑華,P22*******,50000.00,0.00,現金,1121122,,,金錢,高雄市六龜區****,,,,,,,,,
177,邱議瑩,113年立法委員選舉,首次申報,1121122,個人捐贈收入,鄭大義,S10*******,100000.00,0.00,現金,1121122,,,金錢,屏東縣屏東市****,,,,,,,,,
178,邱議瑩,113年立法委員選舉,首次申報,1121123,個人捐贈收入,王志祿,E12*******,100000.00,0.00,匯款,1121123,,,金錢,高雄市左營區****,,,,,,,,,
179,邱議瑩,113年立法委員選舉,首次申報,1121124,營利事業捐贈收入,大安金企業股份有限公司,12634850,100000.00,0.00,匯款,1121124,,,金錢,高雄市大樹區****,,,,,,,,,
180,邱議瑩,113年立法委員選舉,首次申報,1121124,營利事業捐贈收入,萬境展業股份有限公司,25155156,270000.00,0.00,匯款,1121124,,,金錢,高雄市路竹區****,,,,,,,,,
181,邱議瑩,113年立法委員選舉,首次申報,1121124,個人捐贈收入,柳雱邁,E12*******,100000.00,0.00,匯款,1121124,,,金錢,高雄市鼓山區****,,,,,,,,,
182,邱議瑩,113年立法委員選舉,首次申報,1121124,個人捐贈收入,翁聖豐,E12*******,10000.00,0.00,匯款,1121124,,,金錢,高雄市三民區****,,,,,,,,,
183,邱議瑩,113年立法委員選舉,首次申報,1121124,個人捐贈收入,邱一帆,K12*******,6000.00,0.00,匯款,1121124,,,金錢,苗栗縣南庄鄉****,,,,,,,,,
184,邱議瑩,113年立法委員選舉,首次申報,1121124,個人捐贈收入,林宜忠,S10*******,10000.00,0.00,匯款,1121124,,,金錢,高雄市美濃區****,,,,,,,,,
185,邱議瑩,113年立法委員選舉,首次申報,1121124,個人捐贈收入,葉冠淼,S12*******,10000.00,0.00,匯款,1121124,,,金錢,高雄市美濃區****,,,,,,,,,
186,邱議瑩,113年立法委員選舉,首次申報,1121124,個人捐贈收入,陳靖欣,S12*******,100000.00,0.00,匯款,1121124,,,金錢,高雄市湖內區****,,,,,,,,,
187,邱議瑩,113年立法委員選舉,首次申報,1121124,個人捐贈收入,傅官貴,S12*******,1000.00,0.00,匯款,1121124,,,金錢,嘉義縣中埔鄉****,,,,,,,,,
188,邱議瑩,113年立法委員選舉,首次申報,1121124,個人捐贈收入,曾孔彥,S12*******,50000.00,0.00,匯款,1121124,,,金錢,新北市永和區****,,,,,,,,,
189,邱議瑩,113年立法委員選舉,首次申報,1121124,個人捐贈收入,鄭仁信,S12*******,100000.00,0.00,匯款,1121124,,,金錢,高雄市鼓山區****,,,,,,,,,
190,邱議瑩,113年立法委員選舉,首次申報,1121124,個人捐贈收入,林工凱,S12*******,100000.00,0.00,匯款,1121124,,,金錢,高雄市左營區****,,,,,,,,,
191,邱議瑩,113年立法委員選舉,首次申報,1121124,個人捐贈收入,李國達,S12*******,20000.00,0.00,匯款,1121124,,,金錢,高雄市美濃區****,,,,,,,,,
192,邱議瑩,113年立法委員選舉,首次申報,1121124,個人捐贈收入,盧慈香,S22*******,6000.00,0.00,匯款,1121124,,,金錢,高雄市旗山區****,,,,,,,,,
193,邱議瑩,113年立法委員選舉,首次申報,1121124,個人捐贈收入,李嘉軒,T12*******,100000.00,0.00,匯款,1121124,,,金錢,高雄市美濃區****,,,,,,,,,
194,邱議瑩,113年立法委員選舉,首次申報,1121127,人民團體捐贈收入,高雄市六龜區新發淨閑社區發展協會,,30000.00,0.00,匯款,1121127,,,金錢,高雄市六龜區****,,,,,,,,,
195,邱議瑩,113年立法委員選舉,首次申報,1121127,營利事業捐贈收入,弘御企業行,41324377,100000.00,0.00,匯款,1121127,,,金錢,高雄市大樹區****,,,,,,,,,
196,邱議瑩,113年立法委員選舉,首次申報,1121127,營利事業捐贈收入,久樂建設有限公司,42813599,20000.00,0.00,匯款,1121127,已返還,,金錢,高雄市鼓山區****,,,,,,,,,
197,邱議瑩,113年立法委員選舉,首次申報,1121127,營利事業捐贈收入,天興實業股份有限公司,81470092,300000.00,0.00,匯款,1121127,,,金錢,高雄市大社區****,,,,,,,,,
198,邱議瑩,113年立法委員選舉,首次申報,1121127,營利事業捐贈收入,清江生醫有限公司,90436103,100000.00,0.00,匯款,1121127,,,金錢,臺北市信義區****,,,,,,,,,
199,邱議瑩,113年立法委員選舉,首次申報,1121127,個人捐贈收入,石昭元,E12*******,50000.00,0.00,匯款,1121127,,,金錢,高雄市前鎮區****,,,,,,,,,
200,邱議瑩,113年立法委員選舉,首次申報,1121127,個人捐贈收入,石昭清,E12*******,50000.00,0.00,匯款,1121127,,,金錢,高雄市前鎮區****,,,,,,,,,
201,邱議瑩,113年立法委員選舉,首次申報,1121127,個人捐贈收入,李燕美,E20*******,100000.00,0.00,匯款,1121127,,,金錢,高雄市三民區****,,,,,,,,,
202,邱議瑩,113年立法委員選舉,首次申報,1121127,個人捐贈收入,劉玉賜,R10*******,100000.00,0.00,匯款,1121127,,,金錢,高雄市三民區****,,,,,,,,,
203,邱議瑩,113年立法委員選舉,首次申報,1121127,個人捐贈收入,楊銘欽,S12*******,10000.00,0.00,匯款,1121127,,,金錢,高雄市鼓山區****,,,,,,,,,
204,邱議瑩,113年立法委員選舉,首次申報,1121127,個人捐贈收入,蔡秀惠,S20*******,100000.00,0.00,匯款,1121127,,,金錢,高雄市燕巢區****,,,,,,,,,
205,邱議瑩,113年立法委員選舉,首次申報,1121127,個人捐贈收入,蔡明芬,T22*******,100000.00,0.00,匯款,1121127,,,金錢,臺北市中山區****,,,,,,,,,
206,邱議瑩,113年立法委員選舉,首次申報,1121128,營利事業捐贈收入,鳳嘉實業股份有限公司,28814787,500000.00,0.00,匯款,1121128,,,金錢,高雄市路竹區****,,,,,,,,,
207,邱議瑩,113年立法委員選舉,首次申報,1121128,個人捐贈收入,廖文和,P10*******,50000.00,0.00,匯款,1121128,,,金錢,雲林縣二崙鄉****,,,,,,,,,
208,邱議瑩,113年立法委員選舉,首次申報,1121128,個人捐贈收入,柯旗旺,S12*******,5000.00,0.00,匯款,1121128,,,金錢,高雄市旗山區****,,,,,,,,,
209,邱議瑩,113年立法委員選舉,首次申報,1121129,個人捐贈收入,方瑋晨,A12*******,20000.00,0.00,現金,1121129,,,金錢,臺北市松山區****,,,,,,,,,
210,邱議瑩,113年立法委員選舉,首次申報,1121130,個人捐贈收入,許釗涓,C22*******,30000.00,0.00,匯款,1121130,,,金錢,高雄市三民區****,,,,,,,,,
211,邱議瑩,113年立法委員選舉,首次申報,1121130,個人捐贈收入,吳其熊,D10*******,100000.00,0.00,票據,1121130,,,金錢,臺北市內湖區****,,,,,,,,,
212,邱議瑩,113年立法委員選舉,首次申報,1121201,營利事業捐贈收入,玖成企業股份有限公司,73631659,100000.00,0.00,匯款,1121201,,,金錢,臺南市仁德區****,,,,,,,,,
213,邱議瑩,113年立法委員選舉,首次申報,1121201,個人捐贈收入,葉雅強,E12*******,100000.00,0.00,匯款,1121201,,,金錢,高雄市小港區****,,,,,,,,,
214,邱議瑩,113年立法委員選舉,首次申報,1121201,個人捐贈收入,余明隆,E12*******,30000.00,0.00,匯款,1121201,,,金錢,高雄市三民區****,,,,,,,,,
215,邱議瑩,113年立法委員選舉,首次申報,1121201,個人捐贈收入,蘇俊義,S12*******,30000.00,0.00,匯款,1121201,,,金錢,高雄市大社區****,,,,,,,,,
216,邱議瑩,113年立法委員選舉,首次申報,1121201,個人捐贈收入,湯鄭信美,S20*******,10000.00,0.00,匯款,1121201,,,金錢,高雄市旗山區****,,,,,,,,,
217,邱議瑩,113年立法委員選舉,首次申報,1121201,個人捐贈收入,林宜瑾,S22*******,30000.00,0.00,匯款,1121201,,,金錢,高雄市阿蓮區****,,,,,,,,,
218,邱議瑩,113年立法委員選舉,首次申報,1121201,個人捐贈收入,黃資喻,S22*******,60000.00,0.00,匯款,1121201,,,金錢,高雄市內門區****,,,,,,,,,
219,邱議瑩,113年立法委員選舉,首次申報,1121204,營利事業捐贈收入,久雄建設有限公司,28729868,20000.00,0.00,匯款,1121204,,,金錢,高雄市鼓山區****,,,,,,,,,
220,邱議瑩,113年立法委員選舉,首次申報,1121204,營利事業捐贈收入,順吉位精密工業有限公司,54610134,60000.00,0.00,匯款,1121204,,,金錢,高雄市大社區****,,,,,,,,,
221,邱議瑩,113年立法委員選舉,首次申報,1121204,營利事業捐贈收入,幼奇股份有限公司,70700672,10000.00,0.00,匯款,1121204,,,金錢,高雄市大社區****,,,,,,,,,
222,邱議瑩,113年立法委員選舉,首次申報,1121204,個人捐贈收入,李武諺,E12*******,100000.00,0.00,匯款,1121204,,,金錢,高雄市鼓山區****,,,,,,,,,
223,邱議瑩,113年立法委員選舉,首次申報,1121204,個人捐贈收入,林黃麗花,S20*******,10000.00,0.00,匯款,1121204,,,金錢,新北市永和區****,,,,,,,,,
224,邱議瑩,113年立法委員選舉,首次申報,1121205,營利事業捐贈收入,鴻洋遊艇股份有限公司,12746047,100000.00,0.00,匯款,1121205,,,金錢,高雄市大寮區****,,,,,,,,,
225,邱議瑩,113年立法委員選舉,首次申報,1121205,營利事業捐贈收入,捷優工業股份有限公司,22314899,300000.00,0.00,匯款,1121205,,,金錢,新北市五股區****,,,,,,,,,
226,邱議瑩,113年立法委員選舉,首次申報,1121205,營利事業捐贈收入,亞太精鍍股份有限公司,27688468,100000.00,0.00,匯款,1121205,,,金錢,高雄市岡山區****,,,,,,,,,
227,邱議瑩,113年立法委員選舉,首次申報,1121205,營利事業捐贈收入,福順土木包工業,67711752,20000.00,0.00,匯款,1121205,,,金錢,高雄市鼓山區****,,,,,,,,,
228,邱議瑩,113年立法委員選舉,首次申報,1121205,營利事業捐贈收入,先進複材科技股份有限公司,70407208,100000.00,0.00,匯款,1121205,,,金錢,高雄市小港區****,,,,,,,,,
229,邱議瑩,113年立法委員選舉,首次申報,1121205,個人捐贈收入,呂哲宇,E12*******,100000.00,0.00,匯款,1121205,,,金錢,高雄市鼓山區****,,,,,,,,,
230,邱議瑩,113年立法委員選舉,首次申報,1121205,個人捐贈收入,陳彩仁,J10*******,10000.00,0.00,匯款,1121205,,,金錢,新竹縣新埔鎮****,,,,,,,,,
231,邱議瑩,113年立法委員選舉,首次申報,1121205,個人捐贈收入,黃曉芳,L22*******,100000.00,0.00,匯款,1121205,,,金錢,高雄市苓雅區****,,,,,,,,,
232,邱議瑩,113年立法委員選舉,首次申報,1121205,個人捐贈收入,呂哲維,S12*******,100000.00,0.00,匯款,1121205,,,金錢,高雄市鳥松區****,,,,,,,,,
233,邱議瑩,113年立法委員選舉,首次申報,1121206,營利事業捐贈收入,高吉克科技股份有限公司,24661698,100000.00,0.00,匯款,1121206,,,金錢,高雄市茄萣區****,,,,,,,,,
234,邱議瑩,113年立法委員選舉,首次申報,1121206,營利事業捐贈收入,美德克科技股份有限公司,24680793,100000.00,0.00,匯款,1121206,,,金錢,高雄市茄萣區****,,,,,,,,,
235,邱議瑩,113年立法委員選舉,首次申報,1121206,營利事業捐贈收入,喬成工程有限公司,84317489,1000000.00,0.00,票據,1121206,,,金錢,高雄市三民區****,,,,,,,,,
236,邱議瑩,113年立法委員選舉,首次申報,1121206,營利事業捐贈收入,成肯國際實業股份有限公司,97156751,100000.00,0.00,票據,1121206,,,金錢,高雄市路竹區****,,,,,,,,,
237,邱議瑩,113年立法委員選舉,首次申報,1121206,個人捐贈收入,何義爐,J10*******,50000.00,0.00,匯款,1121206,,,金錢,新竹市東區水****,,,,,,,,,
238,邱議瑩,113年立法委員選舉,首次申報,1121206,個人捐贈收入,黃許秀盆,R20*******,100000.00,0.00,匯款,1121206,,,金錢,臺南市佳里區****,,,,,,,,,
239,邱議瑩,113年立法委員選舉,首次申報,1121206,個人捐贈收入,林孟潔,S22*******,10000.00,0.00,匯款,1121206,,,金錢,高雄市旗山區****,,,,,,,,,
240,邱議瑩,113年立法委員選舉,首次申報,1121207,營利事業捐贈收入,茂揚生物科技有限公司,13152471,100000.00,0.00,匯款,1121207,,,金錢,高雄市美濃區****,,,,,,,,,
241,邱議瑩,113年立法委員選舉,首次申報,1121207,個人捐贈收入,蔡政良,D12*******,100000.00,0.00,匯款,1121207,,,金錢,臺南市仁德區****,,,,,,,,,
242,邱議瑩,113年立法委員選舉,首次申報,1121207,個人捐贈收入,魏淑貞,E20*******,16800.00,0.00,匯款,1121207,,,金錢,新北市淡水區****,,,,,,,,,
243,邱議瑩,113年立法委員選舉,首次申報,1121207,個人捐贈收入,徐明財,S10*******,3000.00,0.00,匯款,1121207,,,金錢,高雄市六龜區****,,,,,,,,,
244,邱議瑩,113年立法委員選舉,首次申報,1121208,匿名捐贈,匿名1,,2000.00,0.00,匯款,1121208,,,金錢,,,,,,,,,,
245,邱議瑩,113年立法委員選舉,首次申報,1121208,匿名捐贈,匿名2,,2000.00,0.00,匯款,1121208,,,金錢,,,,,,,,,,
246,邱議瑩,113年立法委員選舉,首次申報,1121208,個人捐贈收入,陳奕亭,E10*******,20000.00,0.00,匯款,1121208,,,金錢,高雄市新興區****,,,,,,,,,
247,邱議瑩,113年立法委員選舉,首次申報,1121208,個人捐贈收入,賴貴珍,K22*******,6000.00,0.00,匯款,1121208,,,金錢,新北市中和區****,,,,,,,,,
248,邱議瑩,113年立法委員選舉,首次申報,1121208,個人捐贈收入,劉文慶,N10*******,100000.00,0.00,現金,1121208,,,金錢,臺中市南屯區****,,,,,,,,,
249,邱議瑩,113年立法委員選舉,首次申報,1121208,個人捐贈收入,曾貴海,T10*******,20000.00,0.00,匯款,1121208,,,金錢,高雄市苓雅區****,,,,,,,,,
250,邱議瑩,113年立法委員選舉,首次申報,1121208,個人捐贈收入,莊家柔,T22*******,10000.00,0.00,匯款,1121208,,,金錢,高雄市旗山區****,,,,,,,,,
251,邱議瑩,113年立法委員選舉,首次申報,1121211,個人捐贈收入,莊博仁,E12*******,100000.00,0.00,現金,1121211,,,金錢,高雄市大社區****,,,,,,,,,
252,邱議瑩,113年立法委員選舉,首次申報,1121211,個人捐贈收入,王棟源,G12*******,100000.00,0.00,匯款,1121211,,,金錢,宜蘭縣頭城鎮****,,,,,,,,,
253,邱議瑩,113年立法委員選舉,首次申報,1121212,個人捐贈收入,陳雲峰,E10*******,20000.00,0.00,現金,1121212,,,金錢,高雄市大社區****,,,,,,,,,
254,邱議瑩,113年立法委員選舉,首次申報,1121212,個人捐贈收入,陳錫祥,N12*******,10000.00,0.00,現金,1121212,,,金錢,高雄市大社區****,,,,,,,,,
255,邱議瑩,113年立法委員選舉,首次申報,1121212,個人捐贈收入,吳元博,S10*******,50000.00,0.00,現金,1121212,,,金錢,高雄市仁武區****,,,,,,,,,
256,邱議瑩,113年立法委員選舉,首次申報,1121212,個人捐贈收入,李鴻鵬,S12*******,100000.00,0.00,票據,1121212,,,金錢,高雄市美濃區****,,,,,,,,,
257,邱議瑩,113年立法委員選舉,首次申報,1121213,個人捐贈收入,顏博泉,S12*******,20000.00,0.00,匯款,1121213,,,金錢,高雄市大樹區****,,,,,,,,,
258,邱議瑩,113年立法委員選舉,首次申報,1121214,營利事業捐贈收入,日友水產股份有限公司,22000270,200000.00,0.00,匯款,1121214,,,金錢,高雄市新興區****,,,,,,,,,
259,邱議瑩,113年立法委員選舉,首次申報,1121215,營利事業捐贈收入,金氏科訊股份有限公司,97413007,10000.00,0.00,匯款,1121215,已返還,,金錢,高雄市新興區****,,,,,,,,,
260,邱議瑩,113年立法委員選舉,首次申報,1121215,個人捐贈收入,劉國華,A12*******,100.00,0.00,匯款,1121215,,,金錢,桃園市龜山區****,,,,,,,,,
261,邱議瑩,113年立法委員選舉,首次申報,1121215,個人捐贈收入,鄭鈞月,A22*******,500.00,0.00,匯款,1121215,,,金錢,新北市中和區****,,,,,,,,,
262,邱議瑩,113年立法委員選舉,首次申報,1121215,個人捐贈收入,謝伯駿,B12*******,1000.00,0.00,匯款,1121215,,,金錢,新北市新店區****,,,,,,,,,
263,邱議瑩,113年立法委員選舉,首次申報,1121215,個人捐贈收入,溫曉雯,H22*******,50000.00,0.00,匯款,1121215,,,金錢,臺中市北區大****,,,,,,,,,
264,邱議瑩,113年立法委員選舉,首次申報,1121215,個人捐贈收入,蔡滄波,P12*******,20000.00,0.00,匯款,1121215,,,金錢,臺北市內湖區****,,,,,,,,,
265,邱議瑩,113年立法委員選舉,首次申報,1121215,個人捐贈收入,林義文,R12*******,3000.00,0.00,匯款,1121215,,,金錢,臺南市永康區****,,,,,,,,,
266,邱議瑩,113年立法委員選舉,首次申報,1121215,個人捐贈收入,鄭穎彥,S12*******,1000.00,0.00,匯款,1121215,,,金錢,高雄市鳳山區****,,,,,,,,,
267,邱議瑩,113年立法委員選舉,首次申報,1121215,個人捐贈收入,蕭鈺水,S12*******,3000.00,0.00,匯款,1121215,,,金錢,高雄市大社區****,,,,,,,,,
268,邱議瑩,113年立法委員選舉,首次申報,1121215,個人捐贈收入,吳淑如,S22*******,6000.00,0.00,匯款,1121215,,,金錢,高雄市鳥松區****,,,,,,,,,
269,邱議瑩,113年立法委員選舉,首次申報,1121215,個人捐贈收入,姚敏貞,S22*******,6000.00,0.00,匯款,1121215,,,金錢,臺北市士林區****,,,,,,,,,
270,邱議瑩,113年立法委員選舉,首次申報,1121215,個人捐贈收入,林春茂,T10*******,10000.00,0.00,匯款,1121215,,,金錢,臺北市士林區****,,,,,,,,,
271,邱議瑩,113年立法委員選舉,首次申報,1121218,人民團體捐贈收入,社團法人高雄市牙醫師公會,10132369100,50000.00,0.00,匯款,1121218,,,金錢,高雄市前鎮區****,3350*****,,,,,,,,
272,邱議瑩,113年立法委員選舉,首次申報,1121218,營利事業捐贈收入,石安水泥製品實業股份有限公司,22682845,100000.00,0.00,匯款,1121218,,,金錢,高雄市大寮區****,,,,,,,,,
273,邱議瑩,113年立法委員選舉,首次申報,1121218,營利事業捐贈收入,天威安全系統有限公司,83230247,10000.00,0.00,匯款,1121218,,,金錢,高雄市楠梓區****,,,,,,,,,
274,邱議瑩,113年立法委員選舉,首次申報,1121218,營利事業捐贈收入,大量建材股份有限公司,85869071,100000.00,0.00,匯款,1121218,,,金錢,高雄市大寮區****,,,,,,,,,
275,邱議瑩,113年立法委員選舉,首次申報,1121218,個人捐贈收入,林生祥,S12*******,20000.00,0.00,匯款,1121218,,,金錢,高雄市美濃區****,,,,,,,,,
276,邱議瑩,113年立法委員選舉,首次申報,1121218,個人捐贈收入,盧政杰,T12*******,100000.00,0.00,匯款,1121218,,,金錢,屏東縣佳冬鄉****,,,,,,,,,
277,邱議瑩,113年立法委員選舉,首次申報,1121219,營利事業捐贈收入,欣巴巴事業股份有限公司,33428716,300000.00,0.00,匯款,1121219,,,金錢,高雄市前鎮區****,,,,,,,,,
278,邱議瑩,113年立法委員選舉,首次申報,1121219,營利事業捐贈收入,林旺建設開發有限公司,80360435,100000.00,0.00,現金,1121219,,,金錢,高雄市左營區****,,,,,,,,,
279,邱議瑩,113年立法委員選舉,首次申報,1121219,個人捐贈收入,翁玉琳,S22*******,100000.00,0.00,現金,1121219,,,金錢,高雄市鼓山區****,,,,,,,,,
280,邱議瑩,113年立法委員選舉,首次申報,1121220,營利事業捐贈收入,城揚建設股份有限公司,16822994,300000.00,0.00,票據,1121220,,,金錢,高雄市三民區****,,,,,,,,,
281,邱議瑩,113年立法委員選舉,首次申報,1121221,其他收入,利息收入,,6378.00,0.00,匯款,1121221,,,金錢,,,,,,,,,,
282,邱議瑩,113年立法委員選舉,首次申報,1121221,個人捐贈收入,謝政家,S12*******,100000.00,0.00,匯款,1121221,,,金錢,高雄市路竹區****,,,,,,,,,
283,邱議瑩,113年立法委員選舉,首次申報,1121221,個人捐贈收入,楊國光,S12*******,20000.00,0.00,匯款,1121221,,,金錢,高雄市美濃區****,,,,,,,,,
284,邱議瑩,113年立法委員選舉,首次申報,1121221,個人捐贈收入,王月珠,S22*******,100000.00,0.00,匯款,1121221,,,金錢,高雄市左營區****,,,,,,,,,
285,邱議瑩,113年立法委員選舉,首次申報,1121222,人民團體捐贈收入,大高雄中醫師公會,,100000.00,0.00,票據,1121222,,,金錢,高雄市鼓山區****,07-5*****,,,,,,,,
286,邱議瑩,113年立法委員選舉,首次申報,1121222,個人捐贈收入,賴振融,A11*******,100000.00,0.00,匯款,1121222,,,金錢,新北市三重區****,,,,,,,,,
287,邱議瑩,113年立法委員選舉,首次申報,1121222,個人捐贈收入,鍾蔡瑛珠,D20*******,50000.00,0.00,匯款,1121222,,,金錢,臺北市中正區****,,,,,,,,,
288,邱議瑩,113年立法委員選舉,首次申報,1121222,個人捐贈收入,陳皇仲,F12*******,12000.00,0.00,匯款,1121222,,,金錢,新北市新莊區****,,,,,,,,,
289,邱議瑩,113年立法委員選舉,首次申報,1121222,個人捐贈收入,楊豐聰,S10*******,30000.00,0.00,匯款,1121222,,,金錢,高雄市旗山區****,,,,,,,,,
290,邱議瑩,113年立法委員選舉,首次申報,1121225,營利事業捐贈收入,程華工業股份有限公司,22550181,36000.00,0.00,匯款,1121225,,,金錢,高雄市左營區****,,,,,,,,,
291,邱議瑩,113年立法委員選舉,首次申報,1121225,個人捐贈收入,李文棟,A11*******,100000.00,0.00,匯款,1121225,,,金錢,高雄市三民區****,,,,,,,,,
292,邱議瑩,113年立法委員選舉,首次申報,1121225,個人捐贈收入,林英傑,D12*******,100000.00,0.00,匯款,1121225,,,金錢,高雄市茄萣區****,,,,,,,,,
293,邱議瑩,113年立法委員選舉,首次申報,1121225,個人捐贈收入,黃秀琴,E22*******,50000.00,0.00,匯款,1121225,,,金錢,高雄市三民區****,,,,,,,,,
294,邱議瑩,113年立法委員選舉,首次申報,1121225,個人捐贈收入,周賢燁,J12*******,100000.00,0.00,匯款,1121225,,,金錢,高雄市三民區****,,,,,,,,,
295,邱議瑩,113年立法委員選舉,首次申報,1121225,個人捐贈收入,黃薰萱,S22*******,10000.00,0.00,匯款,1121225,,,金錢,高雄市內門區****,,,,,,,,,
296,邱議瑩,113年立法委員選舉,首次申報,1121226,營利事業捐贈收入,樂澄數據科技股份有限公司,83515721,200000.00,0.00,匯款,1121226,,,金錢,臺北市信義區****,,,,,,,,,
297,邱議瑩,113年立法委員選舉,首次申報,1121226,個人捐贈收入,吳瑞唐,C10*******,10000.00,0.00,匯款,1121226,,,金錢,高雄市小港區****,,,,,,,,,
298,邱議瑩,113年立法委員選舉,首次申報,1121226,個人捐贈收入,簡志彥,E12*******,50000.00,0.00,匯款,1121226,,,金錢,高雄市新興區****,,,,,,,,,
299,邱議瑩,113年立法委員選舉,首次申報,1121229,個人捐贈收入,吳瑛美,H20*******,50000.00,0.00,匯款,1121229,,,金錢,新北市永和區****,,,,,,,,,
300,邱議瑩,113年立法委員選舉,首次申報,1121229,個人捐贈收入,曾榮清,S10*******,20000.00,0.00,匯款,1121229,,,金錢,台北市中山區****,,,,,,,,,
301,邱議瑩,113年立法委員選舉,首次申報,1130102,匿名捐贈,匿名,,3000.00,0.00,匯款,1130102,,,金錢,,,,,,,,,,
302,邱議瑩,113年立法委員選舉,首次申報,1130102,營利事業捐贈收入,高屏預拌混凝土有限公司,84358235,20000.00,0.00,匯款,1130102,已返還,,金錢,高雄市美濃區****,,,,,,,,,
303,邱議瑩,113年立法委員選舉,首次申報,1130102,個人捐贈收入,劉怡君,A22*******,100000.00,0.00,匯款,1130102,,,金錢,臺北市文山區****,,,,,,,,,
304,邱議瑩,113年立法委員選舉,首次申報,1130102,個人捐贈收入,蔡希真,D10*******,100000.00,0.00,匯款,1130102,,,金錢,臺中市清水區****,,,,,,,,,
305,邱議瑩,113年立法委員選舉,首次申報,1130102,個人捐贈收入,葉陳英貴,E20*******,100000.00,0.00,匯款,1130102,,,金錢,高雄市三民區****,,,,,,,,,
306,邱議瑩,113年立法委員選舉,首次申報,1130102,個人捐贈收入,賴聰宏,L10*******,20000.00,0.00,匯款,1130102,,,金錢,高雄市楠梓區****,,,,,,,,,
307,邱議瑩,113年立法委員選舉,首次申報,1130102,個人捐贈收入,孫定國,M10*******,100000.00,0.00,匯款,1130102,,,金錢,臺中市清水區****,,,,,,,,,
308,邱議瑩,113年立法委員選舉,首次申報,1130102,個人捐贈收入,張麗娟,N20*******,50000.00,0.00,匯款,1130102,,,金錢,高雄市鳳山區****,,,,,,,,,
309,邱議瑩,113年立法委員選舉,首次申報,1130102,個人捐贈收入,鄭隆成,S10*******,100000.00,0.00,匯款,1130102,,,金錢,高雄市阿蓮區****,,,,,,,,,
310,邱議瑩,113年立法委員選舉,首次申報,1130102,個人捐贈收入,陳泳鈞,S12*******,100000.00,0.00,匯款,1130102,,,金錢,高雄市岡山區****,,,,,,,,,
311,邱議瑩,113年立法委員選舉,首次申報,1130102,個人捐贈收入,阮怡文,T12*******,50000.00,0.00,匯款,1130102,,,金錢,屏東縣恆春鎮****,,,,,,,,,
312,邱議瑩,113年立法委員選舉,首次申報,1130103,人民團體捐贈收入,社團法人高雄市醫師公會,,60000.00,0.00,票據,1130103,,,金錢,高雄市前金區****,07-2*****,,,,,,,,
313,邱議瑩,113年立法委員選舉,首次申報,1130103,個人捐贈收入,辛彩瑛,E20*******,50000.00,0.00,匯款,1130103,,,金錢,高雄市鼓山區****,,,,,,,,,
314,邱議瑩,113年立法委員選舉,首次申報,1130103,個人捐贈收入,張美瑞,F22*******,50000.00,0.00,匯款,1130103,,,金錢,桃園市平鎮區****,,,,,,,,,
315,邱議瑩,113年立法委員選舉,首次申報,1130103,個人捐贈收入,羅真權,V10*******,100000.00,0.00,票據,1130103,,,金錢,新北市新莊區****,,,,,,,,,
316,邱議瑩,113年立法委員選舉,首次申報,1130104,個人捐贈收入,鄭人豪,A12*******,50000.00,0.00,匯款,1130104,,,金錢,臺北市內湖區****,,,,,,,,,
317,邱議瑩,113年立法委員選舉,首次申報,1130104,個人捐贈收入,李勝棠,S10*******,20000.00,0.00,匯款,1130104,,,金錢,高雄市美濃區****,,,,,,,,,
318,邱議瑩,113年立法委員選舉,首次申報,1130104,個人捐贈收入,謝明穆,S12*******,50000.00,0.00,匯款,1130104,,,金錢,高雄市三民區****,,,,,,,,,
319,邱議瑩,113年立法委員選舉,首次申報,1130104,個人捐贈收入,張淑琴,S22*******,20000.00,0.00,匯款,1130104,,,金錢,高雄市美濃區****,,,,,,,,,
320,邱議瑩,113年立法委員選舉,首次申報,1130105,營利事業捐贈收入,富比士投資有限公司,53316112,100000.00,0.00,匯款,1130105,已返還,,金錢,臺北市大安區****,,,,,,,,,
321,邱議瑩,113年立法委員選舉,首次申報,1130105,個人捐贈收入,柯俊吉,E12*******,100000.00,0.00,現金,1130105,,,金錢,高雄市左營區****,,,,,,,,,
322,邱議瑩,113年立法委員選舉,首次申報,1130105,個人捐贈收入,陳建宏,P12*******,60000.00,0.00,匯款,1130105,,,金錢,高雄市鳳山區****,,,,,,,,,
323,邱議瑩,113年立法委員選舉,首次申報,1130105,個人捐贈收入,林登發,S10*******,10000.00,0.00,匯款,1130105,,,金錢,高雄市內門區****,,,,,,,,,
324,邱議瑩,113年立法委員選舉,首次申報,1130105,個人捐贈收入,翁晉源,S10*******,2000.00,0.00,匯款,1130105,,,金錢,高雄市旗山區****,,,,,,,,,
325,邱議瑩,113年立法委員選舉,首次申報,1130105,個人捐贈收入,張耀文,S12*******,20000.00,0.00,匯款,1130105,,,金錢,高雄市美濃區****,,,,,,,,,
326,邱議瑩,113年立法委員選舉,首次申報,1130105,個人捐贈收入,柯盧節,S20*******,100000.00,0.00,現金,1130105,,,金錢,高雄市新興區****,,,,,,,,,
327,邱議瑩,113年立法委員選舉,首次申報,1130109,匿名捐贈,匿名,,1000.00,0.00,匯款,1130109,,,金錢,,,,,,,,,,
328,邱議瑩,113年立法委員選舉,首次申報,1130109,個人捐贈收入,周富榮,A10*******,100000.00,0.00,票據,1130109,,,金錢,高雄市旗山區****,,,,,,,,,
329,邱議瑩,113年立法委員選舉,首次申報,1130109,個人捐贈收入,侯嘉禎,E22*******,50000.00,0.00,匯款,1130109,,,金錢,臺北市中山區****,,,,,,,,,
330,邱議瑩,113年立法委員選舉,首次申報,1130109,個人捐贈收入,李其政,F12*******,30000.00,0.00,匯款,1130109,,,金錢,臺北市內湖區****,,,,,,,,,
331,邱議瑩,113年立法委員選舉,首次申報,1130109,個人捐贈收入,張偉洲,Q12*******,10000.00,0.00,匯款,1130109,,,金錢,高雄市鼓山區****,,,,,,,,,
332,邱議瑩,113年立法委員選舉,首次申報,1130109,個人捐贈收入,郭朝琴,R10*******,10000.00,0.00,票據,1130109,,,金錢,高雄市前鎮區****,,,,,,,,,
333,邱議瑩,113年立法委員選舉,首次申報,1130109,個人捐贈收入,陳昱荏,S12*******,100.00,0.00,匯款,1130109,,,金錢,高雄市鳳山區****,,,,,,,,,
334,邱議瑩,113年立法委員選舉,首次申報,1130110,營利事業捐贈收入,高健雷射精機股份有限公司,23786609,50000.00,0.00,匯款,1130110,已返還,,金錢,高雄市仁武區****,,,,,,,,,
335,邱議瑩,113年立法委員選舉,首次申報,1130110,個人捐贈收入,鄭榮興,K10*******,100000.00,0.00,匯款,1130110,,,金錢,苗栗縣苗栗市****,,,,,,,,,
336,邱議瑩,113年立法委員選舉,首次申報,1130110,個人捐贈收入,黃寶卿,S20*******,100000.00,0.00,匯款,1130110,,,金錢,臺北市大安區****,,,,,,,,,
337,邱議瑩,113年立法委員選舉,首次申報,1130110,個人捐贈收入,蔡森郎,T10*******,30000.00,0.00,票據,1130110,,,金錢,高雄市鳳山區****,,,,,,,,,
338,邱議瑩,113年立法委員選舉,首次申報,1130111,匿名捐贈,匿名,,1000.00,0.00,匯款,1130111,,,金錢,,,,,,,,,,
339,邱議瑩,113年立法委員選舉,首次申報,1130111,個人捐贈收入,林陳雪鳳,A20*******,10000.00,0.00,匯款,1130111,,,金錢,臺北市中山區****,,,,,,,,,
340,邱議瑩,113年立法委員選舉,首次申報,1130111,個人捐贈收入,周李美貞,B20*******,10000.00,0.00,匯款,1130111,,,金錢,臺北市中山區****,,,,,,,,,
341,邱議瑩,113年立法委員選舉,首次申報,1130111,個人捐贈收入,林榮漢,S12*******,20000.00,0.00,匯款,1130111,,,金錢,高雄市大寮區****,,,,,,,,,
342,邱議瑩,113年立法委員選舉,首次申報,1130112,匿名捐贈,匿名,,5000.00,0.00,匯款,1130112,,,金錢,,,,,,,,,,
343,邱議瑩,113年立法委員選舉,首次申報,1130112,個人捐贈收入,鍾蔡瑛珠,D20*******,50000.00,0.00,匯款,1130112,,,金錢,臺北市中正區****,,,,,,,,,
344,邱議瑩,113年立法委員選舉,首次申報,1130112,個人捐贈收入,柯建宗,E12*******,100000.00,0.00,匯款,1130112,,,金錢,高雄市仁武區****,,,,,,,,,
345,邱議瑩,113年立法委員選舉,首次申報,1130112,個人捐贈收入,林子超,E12*******,16000.00,0.00,匯款,1130112,,,金錢,新北市三芝區****,,,,,,,,,
346,邱議瑩,113年立法委員選舉,首次申報,1130112,個人捐贈收入,鄧依玲,F22*******,1000.00,0.00,匯款,1130112,,,金錢,屏東縣內埔鄉****,,,,,,,,,
347,邱議瑩,113年立法委員選舉,首次申報,1130112,個人捐贈收入,朱忠日,S12*******,100000.00,0.00,匯款,1130112,,,金錢,高雄市燕巢區****,,,,,,,,,
348,邱議瑩,113年立法委員選舉,首次申報,1130112,個人捐贈收入,黃彩鳳,T22*******,6000.00,0.00,匯款,1130112,,,金錢,屏東縣里港鄉****,,,,,,,,,
