﻿序號,擬參選人／政黨,選舉名稱,申報序號／年度,交易日期,收支科目,捐贈者／支出對象,身分證／統一編號,收入金額,支出金額,支出用途,金錢類,地址,聯絡電話,資料更正日期
1,羅鼎城,109年立法委員選舉,首次申報,1081108,政黨捐贈收入,台灣民眾黨,政黨證字第350號,499970.00,0.00,,金錢,臺北市大安區****,(02)*****,
2,羅鼎城,109年立法委員選舉,首次申報,1081118,個人捐贈收入,吳佩諭,A22*******,100000.00,0.00,,金錢,高雄市新興區****,,
3,羅鼎城,109年立法委員選舉,首次申報,1081210,個人捐贈收入,劉達振,S10*******,50000.00,0.00,,金錢,高雄市左營區****,,
4,羅鼎城,109年立法委員選舉,首次申報,1081211,個人捐贈收入,葉婉玉,T22*******,10000.00,0.00,,金錢,高雄市前金區****,,
5,羅鼎城,109年立法委員選舉,首次申報,1081216,個人捐贈收入,趙紘驊,E22*******,12000.00,0.00,,金錢,高雄市鳳山區****,,
6,羅鼎城,109年立法委員選舉,首次申報,1081217,人民團體捐贈收入,高雄市美濃羅氏宗親會,,12000.00,0.00,,金錢,高雄市美濃區****,6852*****,
7,羅鼎城,109年立法委員選舉,首次申報,1081223,其他收入,利息收入,,102.00,0.00,,金錢,,,
8,羅鼎城,109年立法委員選舉,首次申報,1081226,匿名捐贈,陳滿德,,3000.00,0.00,,金錢,,,
9,羅鼎城,109年立法委員選舉,首次申報,1081226,個人捐贈收入,高卿紋,A22*******,5000.00,0.00,,金錢,高雄市岡山區****,,
