﻿序號,擬參選人／政黨,選舉名稱,申報序號／年度,交易日期,收支科目,捐贈者／支出對象,身分證／統一編號,收入金額,支出金額,支出用途,金錢類,地址,聯絡電話,資料更正日期
1,彭俊豪,109年立法委員選舉,首次申報,1080918,政黨捐贈收入,民主進步黨,政黨證字第16號,1000000.00,0.00,,金錢,台北市北平東****,(02)*****,
2,彭俊豪,109年立法委員選舉,首次申報,1080924,個人捐贈收入,邱耀寬,F10*******,1000.00,0.00,,金錢,桃園市蘆竹區****,,
3,彭俊豪,109年立法委員選舉,首次申報,1081017,個人捐贈收入,彭美瑜,H22*******,15000.00,0.00,,金錢,桃園市中壢區****,,
4,彭俊豪,109年立法委員選舉,首次申報,1081024,營利事業捐贈收入,宏容環保科技股份有限公司,70491985,100000.00,0.00,,金錢,新北市板橋區****,,
5,彭俊豪,109年立法委員選舉,首次申報,1081024,個人捐贈收入,許謝彩鈴,N20*******,10000.00,0.00,,金錢,桃園市中壢區****,,
6,彭俊豪,109年立法委員選舉,首次申報,1081024,個人捐贈收入,李睿洋,S12*******,100000.00,0.00,,金錢,桃園市中壢區****,,
7,彭俊豪,109年立法委員選舉,首次申報,1081030,營利事業捐贈收入,錕億鋼鐵股份有限公司,23192748,100000.00,0.00,,金錢,桃園市中壢區****,,
8,彭俊豪,109年立法委員選舉,首次申報,1081030,營利事業捐贈收入,錕億鋼鐵股份有限公司,23192748,100000.00,0.00,,金錢,桃園市中壢區****,,
9,彭俊豪,109年立法委員選舉,首次申報,1081030,營利事業捐贈收入,鴻興發科技有限公司,28593222,100000.00,0.00,,金錢,高雄市苓雅區****,,
10,彭俊豪,109年立法委員選舉,首次申報,1081106,匿名捐贈,匿名,,3000.00,0.00,,金錢,,,
11,彭俊豪,109年立法委員選舉,首次申報,1081113,個人捐贈收入,陳冠名,A12*******,10000.00,0.00,,金錢,桃園市中壢區****,,
12,彭俊豪,109年立法委員選舉,首次申報,1081113,個人捐贈收入,謝鴻正,H12*******,56240.00,0.00,,金錢,桃園市中壢區****,0936*****,
13,彭俊豪,109年立法委員選舉,首次申報,1081115,個人捐贈收入,賴聲寬,H12*******,10000.00,0.00,,金錢,桃園市中壢區****,,
14,彭俊豪,109年立法委員選舉,首次申報,1081202,匿名捐贈,黃禮維,,5000.00,0.00,,金錢,,,
15,彭俊豪,109年立法委員選舉,首次申報,1081205,匿名捐贈,匿名,,1200.00,0.00,,金錢,,,
16,彭俊豪,109年立法委員選舉,首次申報,1081209,匿名捐贈,匿名,,6000.00,0.00,,金錢,,,
17,彭俊豪,109年立法委員選舉,首次申報,1081209,個人捐贈收入,彭源正,M12*******,10000.00,0.00,,金錢,桃園市八德區****,,
18,彭俊豪,109年立法委員選舉,首次申報,1081210,營利事業捐贈收入,超秦企業股份有限公司,02634682,100000.00,0.00,,金錢,桃園市桃園區****,,
19,彭俊豪,109年立法委員選舉,首次申報,1081210,個人捐贈收入,陳財祿,L10*******,10000.00,0.00,,金錢,桃園市中壢區****,,
20,彭俊豪,109年立法委員選舉,首次申報,1081211,匿名捐贈,匿名,,1000.00,0.00,,金錢,,,
21,彭俊豪,109年立法委員選舉,首次申報,1081211,個人捐贈收入,姜宏儒,J22*******,1000.00,0.00,,金錢,桃園市中壢區****,,
22,彭俊豪,109年立法委員選舉,首次申報,1081211,個人捐贈收入,羅慶池,U12*******,5000.00,0.00,,金錢,桃園市中壢區****,0937*****,
23,彭俊豪,109年立法委員選舉,首次申報,1081214,匿名捐贈,匿名,,6000.00,0.00,,金錢,,,
24,彭俊豪,109年立法委員選舉,首次申報,1081215,營利事業捐贈收入,貝爾國際驗證股份有限公司,16421843,30000.00,0.00,,金錢,桃園市桃園區****,,
25,彭俊豪,109年立法委員選舉,首次申報,1081216,個人捐贈收入,陳銓,,20000.00,0.00,,金錢,桃園市桃園區****,,
26,彭俊豪,109年立法委員選舉,首次申報,1081216,營利事業捐贈收入,基宏實業股份有限公司,86377546,300000.00,0.00,,金錢,新北市永和區****,,
27,彭俊豪,109年立法委員選舉,首次申報,1081216,個人捐贈收入,葉光雄,H10*******,100000.00,0.00,,金錢,桃園市桃園區****,,
28,彭俊豪,109年立法委員選舉,首次申報,1081216,個人捐贈收入,葉春樟,H12*******,100000.00,0.00,,金錢,桃園市桃園區****,,
29,彭俊豪,109年立法委員選舉,首次申報,1081217,營利事業捐贈收入,宏其醫療社團法人,10079764,100000.00,0.00,,金錢,桃園市中壢區****,,
30,彭俊豪,109年立法委員選舉,首次申報,1081217,個人捐贈收入,羅能平,H10*******,100000.00,0.00,,金錢,台北市復興北****,,
31,彭俊豪,109年立法委員選舉,首次申報,1081218,人民團體捐贈收入,桃園市牙醫師公會,,50000.00,0.00,,金錢,桃園市中壢區****,4229*****,
32,彭俊豪,109年立法委員選舉,首次申報,1081218,人民團體捐贈收入,桃園市牙醫師公會,,50000.00,0.00,,金錢,桃園市中壢區****,4229*****,
33,彭俊豪,109年立法委員選舉,首次申報,1081218,匿名捐贈,匿名,,5000.00,0.00,,金錢,,,
34,彭俊豪,109年立法委員選舉,首次申報,1081219,個人捐贈收入,廖田龍,P12*******,10000.00,0.00,,金錢,桃園市平鎮區****,,
35,彭俊豪,109年立法委員選舉,首次申報,1081220,營利事業捐贈收入,笛揚有限公司,22378491,30000.00,0.00,,金錢,桃園市中壢區****,,
36,彭俊豪,109年立法委員選舉,首次申報,1081220,營利事業捐贈收入,裕興加油站有限公司,89837002,10000.00,0.00,,金錢,桃園市大園區****,,
37,彭俊豪,109年立法委員選舉,首次申報,1081220,個人捐贈收入,陳進夲,H10*******,20000.00,0.00,,金錢,桃園市中壢區****,,
38,彭俊豪,109年立法委員選舉,首次申報,1081220,個人捐贈收入,游守福,H10*******,5000.00,0.00,,金錢,桃園市中壢區****,,
39,彭俊豪,109年立法委員選舉,首次申報,1081220,個人捐贈收入,陳帝昌,H10*******,5000.00,0.00,,金錢,桃園市桃園區****,,
40,彭俊豪,109年立法委員選舉,首次申報,1081220,個人捐贈收入,彭添榮,H10*******,10000.00,0.00,,金錢,桃園市中壢區****,,
41,彭俊豪,109年立法委員選舉,首次申報,1081220,個人捐贈收入,彭鉅融,H12*******,10000.00,0.00,,金錢,桃園市大園區****,,
42,彭俊豪,109年立法委員選舉,首次申報,1081220,個人捐贈收入,鄒玉珠,H20*******,20000.00,0.00,,金錢,桃園市中壢區****,,
43,彭俊豪,109年立法委員選舉,首次申報,1081220,個人捐贈收入,林德明,J10*******,30000.00,0.00,,金錢,桃園市中壢區****,,
44,彭俊豪,109年立法委員選舉,首次申報,1081220,個人捐贈收入,何玉燕,J22*******,10000.00,0.00,,金錢,桃園市蘆竹區****,,
45,彭俊豪,109年立法委員選舉,首次申報,1081220,個人捐贈收入,鄭詩雋,Q12*******,100000.00,0.00,,金錢,桃園市龜山區****,,
46,彭俊豪,109年立法委員選舉,首次申報,1081220,個人捐贈收入,鄭詩慧,Q22*******,100000.00,0.00,,金錢,桃園市龜山區****,,
47,彭俊豪,109年立法委員選舉,首次申報,1081221,其他收入,利息收入,,203.00,0.00,,金錢,,,
48,彭俊豪,109年立法委員選舉,首次申報,1081223,匿名捐贈,匿名,,3000.00,0.00,,金錢,,,
49,彭俊豪,109年立法委員選舉,首次申報,1081223,個人捐贈收入,李霄宇,H10*******,10000.00,0.00,,金錢,桃園市中壢區****,,
50,彭俊豪,109年立法委員選舉,首次申報,1081224,個人捐贈收入,傅仁傑,H12*******,10000.00,0.00,,金錢,桃園市中壢區****,,
51,彭俊豪,109年立法委員選舉,首次申報,1081225,匿名捐贈,匿名,,10000.00,0.00,,金錢,,,
52,彭俊豪,109年立法委員選舉,首次申報,1081225,個人捐贈收入,沈志容,A12*******,50000.00,0.00,,金錢,桃園市中壢區****,,
53,彭俊豪,109年立法委員選舉,首次申報,1081225,個人捐贈收入,呂金憲,H12*******,50000.00,0.00,,金錢,桃園市中壢區****,,
54,彭俊豪,109年立法委員選舉,首次申報,1081225,個人捐贈收入,黃柏升,T12*******,10000.00,0.00,,金錢,高雄市苓雅區****,,
55,彭俊豪,109年立法委員選舉,首次申報,1081225,個人捐贈收入,黃玟霓,T22*******,3000.00,0.00,,金錢,桃園市中壢區****,,
56,彭俊豪,109年立法委員選舉,首次申報,1081227,匿名捐贈,匿名,,3000.00,0.00,,金錢,,,
57,彭俊豪,109年立法委員選舉,首次申報,1081231,匿名捐贈,匿名,,5000.00,0.00,,金錢,,,
58,彭俊豪,109年立法委員選舉,首次申報,1090103,個人捐贈收入,莊訓亨,H10*******,10000.00,0.00,,金錢,桃園市中壢區****,,
59,彭俊豪,109年立法委員選舉,首次申報,1090103,個人捐贈收入,彭本雄,H10*******,10000.00,0.00,,金錢,桃園市中壢區****,,
60,彭俊豪,109年立法委員選舉,首次申報,1090103,個人捐贈收入,謝一正,H12*******,50000.00,0.00,,金錢,桃園市中壢區****,,
61,彭俊豪,109年立法委員選舉,首次申報,1090103,個人捐贈收入,鍾偉昌,H12*******,80000.00,0.00,,金錢,桃園市桃園區****,,
62,彭俊豪,109年立法委員選舉,首次申報,1090103,個人捐贈收入,謝逸豪,H12*******,60000.00,0.00,,金錢,桃園市中壢區****,,
63,彭俊豪,109年立法委員選舉,首次申報,1090106,個人捐贈收入,陳文旺,K12*******,20000.00,0.00,,金錢,桃園市中壢區****,,
64,彭俊豪,109年立法委員選舉,首次申報,1090107,營利事業捐贈收入,嘉風家具行,08418710,6000.00,0.00,,金錢,桃園市觀音區****,,
65,彭俊豪,109年立法委員選舉,首次申報,1090107,營利事業捐贈收入,金宏軒有限公司,16661483,20000.00,0.00,,金錢,桃園市中壢區****,,
66,彭俊豪,109年立法委員選舉,首次申報,1090107,營利事業捐贈收入,欣翔企業有限公司,54105847,50000.00,0.00,,金錢,桃園市楊梅區****,,
67,彭俊豪,109年立法委員選舉,首次申報,1090107,個人捐贈收入,柯授耀,B12*******,10000.00,0.00,,金錢,桃園市平鎮區****,,
68,彭俊豪,109年立法委員選舉,首次申報,1090107,個人捐贈收入,程秋雄,H10*******,6000.00,0.00,,金錢,桃園市中壢區****,,
69,彭俊豪,109年立法委員選舉,首次申報,1090107,個人捐贈收入,余廷開,H10*******,36000.00,0.00,,金錢,桃園市中壢區****,,
70,彭俊豪,109年立法委員選舉,首次申報,1090107,個人捐贈收入,彭淑珍,H22*******,2000.00,0.00,,金錢,桃園市中壢區****,,
71,彭俊豪,109年立法委員選舉,首次申報,1090107,個人捐贈收入,周媖惠,R20*******,10000.00,0.00,,金錢,桃園市八德區****,,
72,彭俊豪,109年立法委員選舉,首次申報,1090108,營利事業捐贈收入,台灣卡特爾石油有限公司,52538517,50000.00,0.00,,金錢,新北市永和區****,,
73,彭俊豪,109年立法委員選舉,首次申報,1090108,營利事業捐贈收入,鼎麒實業有限公司,54791775,5000.00,0.00,,金錢,桃園市楊梅區****,,
74,彭俊豪,109年立法委員選舉,首次申報,1090108,個人捐贈收入,喬守豐,H12*******,12000.00,0.00,,金錢,桃園市中壢區****,,
75,彭俊豪,109年立法委員選舉,首次申報,1090108,個人捐贈收入,鄭娟汶,I20*******,100000.00,0.00,,金錢,桃園市龜山區****,,
76,彭俊豪,109年立法委員選舉,首次申報,1090108,個人捐贈收入,洪雪娥,Q20*******,100000.00,0.00,,金錢,桃園市龜山區****,,
77,彭俊豪,109年立法委員選舉,首次申報,1090109,營利事業捐贈收入,忠勇有限公司,42570143,50000.00,0.00,,金錢,新竹市民富里****,,
78,彭俊豪,109年立法委員選舉,首次申報,1090109,營利事業捐贈收入,巨彥建設有限公司,53314986,50000.00,0.00,,金錢,臺北市文山區****,,
79,彭俊豪,109年立法委員選舉,首次申報,1090109,個人捐贈收入,陳國璋,J10*******,10000.00,0.00,,金錢,桃園市平鎮區****,,
80,彭俊豪,109年立法委員選舉,首次申報,1090110,匿名捐贈,匿名,,1000.00,0.00,,金錢,,,
81,彭俊豪,109年立法委員選舉,首次申報,1090110,營利事業捐贈收入,聯邦企業社,01540336,5000.00,0.00,,金錢,桃園市中壢區****,,
82,彭俊豪,109年立法委員選舉,首次申報,1090110,個人捐贈收入,羅欽憲,H10*******,10000.00,0.00,,金錢,桃園市中壢區****,,
83,彭俊豪,109年立法委員選舉,首次申報,1090110,個人捐贈收入,劉世淼,H12*******,50000.00,0.00,,金錢,桃園市中壢區****,,
84,彭俊豪,109年立法委員選舉,首次申報,1090110,個人捐贈收入,劉世城,H12*******,50000.00,0.00,,金錢,桃園市中壢區****,,
85,彭俊豪,109年立法委員選舉,首次申報,1090110,個人捐贈收入,劉世楷,H12*******,50000.00,0.00,,金錢,桃園市中壢區****,,
86,彭俊豪,109年立法委員選舉,首次申報,1090110,個人捐贈收入,劉瑞瑄,H22*******,50000.00,0.00,,金錢,桃園市中壢區****,,
