﻿序號,擬參選人／政黨,選舉名稱,申報序號／年度,交易日期,收支科目,捐贈者／支出對象,身分證／統一編號,收入金額,支出金額,捐贈方式,存入專戶日期,返還/繳庫,支出用途,金錢類,地址,聯絡電話,應揭露之支出對象,支出對象之內部人員姓名,支出對象之內部人員職稱,政黨之內部人員姓名,政黨之內部人員職稱,關係,更正註記,資料更正日期
1,黃文志,111年高雄市議員選舉,首次申報,1110628,個人捐贈收入,郭泰吟,E12*******,100000.00,0.00,現金,1110628,,,金錢,高雄市鼓山區****,0939*****,,,,,,,,
2,黃文志,111年高雄市議員選舉,首次申報,1110628,個人捐贈收入,方靖惠,R22*******,100000.00,0.00,現金,1110628,,,金錢,高雄市鼓山區****,0939*****,,,,,,,,
3,黃文志,111年高雄市議員選舉,首次申報,1110706,個人捐贈收入,許永昱,E22*******,30000.00,0.00,現金,1110706,,,金錢,高雄市楠梓區****,0929*****,,,,,,,,
4,黃文志,111年高雄市議員選舉,首次申報,1110706,個人捐贈收入,許明曲,P12*******,30000.00,0.00,現金,1110706,,,金錢,高雄市楠梓區****,0929*****,,,,,,,,
5,黃文志,111年高雄市議員選舉,首次申報,1110708,匿名捐贈,匿名1-22114,,1000.00,0.00,匯款,1110708,,,金錢,,,,,,,,,,
6,黃文志,111年高雄市議員選舉,首次申報,1110708,個人捐贈收入,賴國永,E12*******,30000.00,0.00,匯款,1110708,,,金錢,高雄市左營區****,0938*****,,,,,,,,
7,黃文志,111年高雄市議員選舉,首次申報,1110714,個人捐贈收入,陳嘉儀,E22*******,10000.00,0.00,現金,1110714,,,金錢,高雄市楠梓區****,0937*****,,,,,,,,
8,黃文志,111年高雄市議員選舉,首次申報,1110719,其他收入,第三方支付測試,,1.00,0.00,匯款,1110719,,,金錢,,,,,,,,,,
9,黃文志,111年高雄市議員選舉,首次申報,1110719,個人捐贈收入,吳英元,E12*******,50000.00,0.00,現金,1110719,,,金錢,高雄市左營區****,0986*****,,,,,,,,
10,黃文志,111年高雄市議員選舉,首次申報,1110719,個人捐贈收入,黃琮聖,E12*******,100000.00,0.00,現金,1110719,,,金錢,高雄市楠梓區****,0985*****,,,,,,,,
11,黃文志,111年高雄市議員選舉,首次申報,1110720,營利事業捐贈收入,興楠電業有限公司,27697641,10000.00,0.00,現金,1110720,,,金錢,高雄市楠梓區****,3582*****,,,,,,,,
12,黃文志,111年高雄市議員選舉,首次申報,1110720,個人捐贈收入,顏辛慧,E22*******,100000.00,0.00,現金,1110720,,,金錢,高雄市鼓山區****,0963*****,,,,,,,,
13,黃文志,111年高雄市議員選舉,首次申報,1110720,個人捐贈收入,黃芳融,E22*******,20000.00,0.00,現金,1110720,,,金錢,高雄市楠梓區****,0929*****,,,,,,,,
14,黃文志,111年高雄市議員選舉,首次申報,1110720,個人捐贈收入,黃仲良,K12*******,100000.00,0.00,現金,1110720,,,金錢,高雄市鼓山區****,0912*****,,,,,,,,
15,黃文志,111年高雄市議員選舉,首次申報,1110724,匿名捐贈,匿名2-0037540480409,,3000.00,0.00,現金,1110724,,,金錢,,,,,,,,,,
16,黃文志,111年高雄市議員選舉,首次申報,1110725,個人捐贈收入,顏嘉霈,E22*******,9999.00,0.00,現金,1110725,,,金錢,高雄市三民區****,0987*****,,,,,,,,
17,黃文志,111年高雄市議員選舉,首次申報,1110727,個人捐贈收入,鄒進田,E12*******,6000.00,0.00,現金,1110727,,,金錢,高雄市楠梓區****,0937*****,,,,,,,,
18,黃文志,111年高雄市議員選舉,首次申報,1110804,個人捐贈收入,鄭永湟,R12*******,20000.00,0.00,現金,1110804,,,金錢,高雄市楠梓區****,0915*****,,,,,,,,
19,黃文志,111年高雄市議員選舉,首次申報,1110811,個人捐贈收入,張次福,E12*******,50000.00,0.00,現金,1110811,,,金錢,高雄市楠梓區****,0932*****,,,,,,,,
20,黃文志,111年高雄市議員選舉,首次申報,1110811,個人捐贈收入,簡偉展,I10*******,5000.00,0.00,現金,1110811,,,金錢,高雄市楠梓區****,0930*****,,,,,,,,
21,黃文志,111年高雄市議員選舉,首次申報,1110905,個人捐贈收入,林建宏,E10*******,5000.00,0.00,匯款,1110905,,,金錢,高雄市楠梓區****,3511*****,,,,,,,,
22,黃文志,111年高雄市議員選舉,首次申報,1110908,個人捐贈收入,魏從明,E12*******,2000.00,0.00,匯款,1110908,,,金錢,高雄市楠梓區****,0980*****,,,,,,,,
23,黃文志,111年高雄市議員選舉,首次申報,1110910,營利事業捐贈收入,展勝國際企業股份有限公司,42949195,100000.00,0.00,現金,1110912,,,金錢,高雄市楠梓區****,07-3*****,,,,,,,,
24,黃文志,111年高雄市議員選舉,首次申報,1110912,個人捐贈收入,王小文,,10000.00,0.00,現金,1110912,,,金錢,高雄市三民區****,0911*****,,,,,,,,
25,黃文志,111年高雄市議員選舉,首次申報,1110912,營利事業捐贈收入,翔新工程行,38720731,500000.00,0.00,票據,1110921,,,金錢,高雄市岡山區****,0926*****,,,,,,,,
26,黃文志,111年高雄市議員選舉,首次申報,1110912,營利事業捐贈收入,展勝國際企業股份有限公司,42949195,100000.00,0.00,現金,1110912,,,金錢,高雄市楠梓區****,07-3*****,,,,,,,,
27,黃文志,111年高雄市議員選舉,首次申報,1110912,營利事業捐贈收入,永勝環保企業有限公司,45127664,100000.00,0.00,現金,1110912,,,金錢,嘉義市東區盧****,0983*****,,,,,,,,
28,黃文志,111年高雄市議員選舉,首次申報,1110912,個人捐贈收入,張文馨,E22*******,20000.00,0.00,現金,1110912,,,金錢,高雄市左營區****,0933*****,,,,,,,,
29,黃文志,111年高雄市議員選舉,首次申報,1110913,營利事業捐贈收入,九丰鋼鐵材料有限公司,24686163,100000.00,0.00,現金,1110914,,,金錢,高雄市楠梓區****,0929*****,,,,,,,,
30,黃文志,111年高雄市議員選舉,首次申報,1110913,個人捐贈收入,王文華,X12*******,60000.00,0.00,匯款,1110913,,,金錢,高雄市楠梓區****,0977*****,,,,,,,,
31,黃文志,111年高雄市議員選舉,首次申報,1110914,個人捐贈收入,張崑成,,1000.00,0.00,現金,1110914,,,金錢,高雄市楠梓區****,9210*****,,,,,,,,
32,黃文志,111年高雄市議員選舉,首次申報,1110914,營利事業捐贈收入,九丰鋼鐵材料有限公司,24686163,100000.00,0.00,現金,1110914,,,金錢,高雄市楠梓區****,0929*****,,,,,,,,
33,黃文志,111年高雄市議員選舉,首次申報,1110919,營利事業捐贈收入,興利開發股份有限公司,16836821,100000.00,0.00,現金,1110922,已返還,,金錢,臺北市士林區****,02-2*****,,,,,,,,
34,黃文志,111年高雄市議員選舉,首次申報,1110919,個人捐贈收入,蔡欣佑,E12*******,5000.00,0.00,現金,1110919,,,金錢,高雄市左營區****,0987*****,,,,,,,,
35,黃文志,111年高雄市議員選舉,首次申報,1110920,營利事業捐贈收入,興利開發股份有限公司,16836821,100000.00,0.00,現金,1110922,已返還,,金錢,臺北市士林區****,02-2*****,,,,,,,,
36,黃文志,111年高雄市議員選舉,首次申報,1110922,營利事業捐贈收入,興利開發股份有限公司,16836821,100000.00,0.00,現金,1110922,已返還,,金錢,臺北市士林區****,02-2*****,,,,,,,,
37,黃文志,111年高雄市議員選舉,首次申報,1110923,個人捐贈收入,陳增華,E10*******,60000.00,0.00,現金,1110923,,,金錢,高雄市左營區****,0932*****,,,,,,,,
38,黃文志,111年高雄市議員選舉,首次申報,1110923,個人捐贈收入,陳保銘,R10*******,60000.00,0.00,現金,1110923,,,金錢,臺南市安南區****,0911*****,,,,,,,,
39,黃文志,111年高雄市議員選舉,首次申報,1110928,個人捐贈收入,王美鳳,E22*******,10000.00,0.00,現金,1110928,,,金錢,高雄市左營區****,5887*****,,,,,,,,
40,黃文志,111年高雄市議員選舉,首次申報,1110929,個人捐贈收入,吳秋玲,E22*******,100000.00,0.00,現金,1110929,,,金錢,臺北市中山區****,0921*****,,,,,,,,
41,黃文志,111年高雄市議員選舉,首次申報,1110929,個人捐贈收入,張睿芯,J22*******,100000.00,0.00,現金,1110929,,,金錢,高雄市左營區****,5501*****,,,,,,,,
42,黃文志,111年高雄市議員選舉,首次申報,1110930,個人捐贈收入,葉勇,E12*******,100000.00,0.00,匯款,1110930,,,金錢,高雄市前鎮區****,8113*****,,,,,,,,
43,黃文志,111年高雄市議員選舉,首次申報,1111001,個人捐贈收入,王俊雄,E12*******,3465.00,0.00,匯款,1111001,,,金錢,高雄市楠梓區****,,,,,,,,,
44,黃文志,111年高雄市議員選舉,首次申報,1111004,營利事業捐贈收入,全誠建設股份有限公司,23530781,100000.00,0.00,現金,1111004,已返還,,金錢,高雄市三民區****,3216*****,,,,,,,,
45,黃文志,111年高雄市議員選舉,首次申報,1111004,營利事業捐贈收入,諄濱企業有限公司,24529045,100000.00,0.00,現金,1111004,,,金錢,高雄市左營區****,07-3*****,,,,,,,,
46,黃文志,111年高雄市議員選舉,首次申報,1111004,營利事業捐贈收入,皇苑建設股份有限公司,86339831,100000.00,0.00,現金,1111004,,,金錢,高雄市苓雅區****,5555*****,,,,,,,,
47,黃文志,111年高雄市議員選舉,首次申報,1111004,個人捐贈收入,林政良,E12*******,40000.00,0.00,現金,1111004,,,金錢,高雄市三民區****,07-3*****,,,,,,,,
48,黃文志,111年高雄市議員選舉,首次申報,1111004,個人捐贈收入,陸炤廷,E12*******,100000.00,0.00,現金,1111004,,,金錢,臺北市北投區****,07-3*****,,,,,,,,
49,黃文志,111年高雄市議員選舉,首次申報,1111004,個人捐贈收入,林碧雲,E20*******,100000.00,0.00,票據,1111007,,,金錢,高雄市三民區****,,,,,,,,,
50,黃文志,111年高雄市議員選舉,首次申報,1111004,個人捐贈收入,魏秀容,Q22*******,100000.00,0.00,現金,1111004,,,金錢,高雄市鼓山區****,07-3*****,,,,,,,,
51,黃文志,111年高雄市議員選舉,首次申報,1111006,個人捐贈收入,楊耀輝,E10*******,100000.00,0.00,票據,1111011,,,金錢,高雄市楠梓區****,5556*****,,,,,,,,
52,黃文志,111年高雄市議員選舉,首次申報,1111006,個人捐贈收入,楊惠英,E20*******,100000.00,0.00,票據,1111011,,,金錢,高雄市楠梓區****,5556*****,,,,,,,,
53,黃文志,111年高雄市議員選舉,首次申報,1111006,個人捐贈收入,陳孫秋香,S20*******,30000.00,0.00,現金,1111006,,,金錢,高雄市左營區****,0932*****,,,,,,,,
54,黃文志,111年高雄市議員選舉,首次申報,1111006,個人捐贈收入,翁慧欽,W20*******,100000.00,0.00,現金,1111006,,,金錢,高雄市楠梓區****,0935*****,,,,,,,,
55,黃文志,111年高雄市議員選舉,首次申報,1111007,營利事業捐贈收入,雍統營建股份有限公司,55017504,100000.00,0.00,匯款,1111007,,,金錢,高雄市苓雅區****,0972*****,,,,,,,,
56,黃文志,111年高雄市議員選舉,首次申報,1111007,個人捐贈收入,林國華,A22*******,100000.00,0.00,現金,1111007,,,金錢,新北市中和區****,0912*****,,,,,,,,
57,黃文志,111年高雄市議員選舉,首次申報,1111007,個人捐贈收入,林柏年,K12*******,100000.00,0.00,現金,1111007,,,金錢,新北市林口區****,0988*****,,,,,,,,
58,黃文志,111年高雄市議員選舉,首次申報,1111007,個人捐贈收入,羅士雄,Q10*******,100000.00,0.00,匯款,1111007,,,金錢,高雄市三民區****,0927*****,,,,,,,,
59,黃文志,111年高雄市議員選舉,首次申報,1111008,營利事業捐贈收入,力碇工程有限公司,45133758,100000.00,0.00,匯款,1111008,,,金錢,高雄市鳳山區****,0929*****,,,,,,,,
60,黃文志,111年高雄市議員選舉,首次申報,1111014,個人捐贈收入,蔡嘉文,E12*******,20000.00,0.00,匯款,1111014,已返還,,金錢,高雄市左營區****,07-3*****,,,,,,,,
61,黃文志,111年高雄市議員選舉,首次申報,1111014,個人捐贈收入,黃業宣,V10*******,1000.00,0.00,匯款,1111014,,,金錢,高雄市楠梓區****,3636*****,,,,,,,,
62,黃文志,111年高雄市議員選舉,首次申報,1111016,個人捐贈收入,林宜穎,R22*******,10000.00,0.00,匯款,1111016,,,金錢,高雄市楠梓區****,0917*****,,,,,,,,
63,黃文志,111年高雄市議員選舉,首次申報,1111017,營利事業捐贈收入,上豐加油站股份有限公司,80367556,60000.00,0.00,現金,1111017,,,金錢,高雄市左營區****,0917*****,,,,,,,,
64,黃文志,111年高雄市議員選舉,首次申報,1111017,個人捐贈收入,程曉晶,E22*******,20000.00,0.00,現金,1111017,,,金錢,高雄市鳥松區****,0972*****,,,,,,,,
65,黃文志,111年高雄市議員選舉,首次申報,1111017,個人捐贈收入,黃來進,S10*******,20000.00,0.00,現金,1111017,,,金錢,高雄市苓雅區****,0935*****,,,,,,,,
66,黃文志,111年高雄市議員選舉,首次申報,1111018,營利事業捐贈收入,洪茂大飯店股份有限公司,80385077,20000.00,0.00,現金,1111018,已返還,,金錢,高雄市苓雅區****,7171*****,,,,,,,,
67,黃文志,111年高雄市議員選舉,首次申報,1111018,個人捐贈收入,林玉瓶,U22*******,20000.00,0.00,現金,1111018,,,金錢,高雄市楠梓區****,0920*****,,,,,,,,
68,黃文志,111年高雄市議員選舉,首次申報,1111019,個人捐贈收入,邱宏德,E12*******,12000.00,0.00,匯款,1111019,,,金錢,高雄市楠梓區****,0912*****,,,,,,,,
69,黃文志,111年高雄市議員選舉,首次申報,1111020,個人捐贈收入,何淑惠,,20000.00,0.00,匯款,1111020,,,金錢,高雄市楠梓區****,0933*****,,,,,,,,
70,黃文志,111年高雄市議員選舉,首次申報,1111020,個人捐贈收入,陳木炫,E12*******,20000.00,0.00,現金,1111020,,,金錢,高雄市楠梓區****,0937*****,,,,,,,,
71,黃文志,111年高雄市議員選舉,首次申報,1111020,個人捐贈收入,蘇順國,S10*******,30000.00,0.00,匯款,1111020,,,金錢,高雄市楠梓區****,07-3*****,,,,,,,,
72,黃文志,111年高雄市議員選舉,首次申報,1111021,營利事業捐贈收入,雙泰加油站股份有限公司,23250958,30000.00,0.00,現金,1111021,,,金錢,高雄市大社區****,07-3*****,,,,,,,,
73,黃文志,111年高雄市議員選舉,首次申報,1111021,個人捐贈收入,陳邦裕,E12*******,36000.00,0.00,現金,1111021,,,金錢,高雄市左營區****,0920*****,,,,,,,,
74,黃文志,111年高雄市議員選舉,首次申報,1111021,個人捐贈收入,駱思斌,E12*******,10000.00,0.00,匯款,1111021,,,金錢,高雄市橋頭區****,0937*****,,,,,,,,
75,黃文志,111年高雄市議員選舉,首次申報,1111021,個人捐贈收入,黃文壽,E12*******,100000.00,0.00,票據,1111026,,,金錢,高雄市苓雅區****,07-3*****,,,,,,,,
76,黃文志,111年高雄市議員選舉,首次申報,1111021,個人捐贈收入,宋睿丞,F12*******,20000.00,0.00,現金,1111021,,,金錢,高雄市左營區****,0930*****,,,,,,,,
77,黃文志,111年高雄市議員選舉,首次申報,1111021,個人捐贈收入,朱金龍,N12*******,100000.00,0.00,匯款,1111021,,,金錢,臺南市安南區****,0989*****,,,,,,,,
78,黃文志,111年高雄市議員選舉,首次申報,1111021,個人捐贈收入,林煙,Q10*******,10000.00,0.00,現金,1111021,,,金錢,高雄市左營區****,0933*****,,,,,,,,
79,黃文志,111年高雄市議員選舉,首次申報,1111022,營利事業捐贈收入,青海工程顧問有限公司,89411239,100000.00,0.00,現金,1111026,,,金錢,高雄市左營區****,07-3*****,,,,,,,,
80,黃文志,111年高雄市議員選舉,首次申報,1111022,個人捐贈收入,楊桂榮,E12*******,100000.00,0.00,現金,1111026,,,金錢,高雄市楠梓區****,0921*****,,,,,,,,
81,黃文志,111年高雄市議員選舉,首次申報,1111024,營利事業捐贈收入,新暘煇鐵材有限公司,89749325,30000.00,0.00,現金,1111024,已返還,,金錢,高雄市左營區****,0932*****,,,,,,,,
82,黃文志,111年高雄市議員選舉,首次申報,1111024,個人捐贈收入,陳在,E10*******,20000.00,0.00,匯款,1111024,,,金錢,高雄市楠梓區****,0932*****,,,,,,,,
83,黃文志,111年高雄市議員選舉,首次申報,1111024,個人捐贈收入,黃耀輝,E12*******,20000.00,0.00,現金,1111024,,,金錢,高雄市左營區****,0911*****,,,,,,,,
84,黃文志,111年高雄市議員選舉,首次申報,1111024,個人捐贈收入,陳清景,E12*******,10000.00,0.00,現金,1111024,,,金錢,高雄市前鎮區****,0935*****,,,,,,,,
85,黃文志,111年高雄市議員選舉,首次申報,1111024,個人捐贈收入,池家仰,E12*******,2000.00,0.00,現金,1111024,,,金錢,高雄市楠梓區****,0975*****,,,,,,,,
86,黃文志,111年高雄市議員選舉,首次申報,1111024,個人捐贈收入,傅瑞凰,S20*******,20000.00,0.00,現金,1111024,,,金錢,高雄市楠梓區****,0935*****,,,,,,,,
87,黃文志,111年高雄市議員選舉,首次申報,1111024,個人捐贈收入,賴秀璉,S20*******,10000.00,0.00,現金,1111024,,,金錢,高雄市楠梓區****,0933*****,,,,,,,,
88,黃文志,111年高雄市議員選舉,首次申報,1111025,營利事業捐贈收入,力楊機電開發股份有限公司,85014997,100000.00,0.00,票據,1111103,,,金錢,臺北市中山區****,02-2*****,,,,,,,,
89,黃文志,111年高雄市議員選舉,首次申報,1111025,個人捐贈收入,蘇育田,E12*******,100000.00,0.00,現金,1111026,,,金錢,高雄市楠梓區****,0910*****,,,,,,,,
90,黃文志,111年高雄市議員選舉,首次申報,1111026,個人捐贈收入,陳昭平,E10*******,6000.00,0.00,現金,1111026,,,金錢,高雄市楠梓區****,0935*****,,,,,,,,
91,黃文志,111年高雄市議員選舉,首次申報,1111027,匿名捐贈,匿名3-1529,,3000.00,0.00,匯款,1111027,,,金錢,,,,,,,,,,
92,黃文志,111年高雄市議員選舉,首次申報,1111028,營利事業捐贈收入,高禾營造工程有限公司,23375562,20000.00,0.00,現金,1111028,,,金錢,高雄市楠梓區****,0960*****,,,,,,,,
93,黃文志,111年高雄市議員選舉,首次申報,1111028,營利事業捐贈收入,聖興工程行,26486719,10000.00,0.00,現金,1111028,,,金錢,高雄市楠梓區****,0929*****,,,,,,,,
94,黃文志,111年高雄市議員選舉,首次申報,1111028,個人捐贈收入,林足,E20*******,50000.00,0.00,匯款,1111028,,,金錢,高雄市左營區****,0972*****,,,,,,,,
95,黃文志,111年高雄市議員選舉,首次申報,1111028,個人捐贈收入,李清文,F12*******,28000.00,0.00,現金,1111028,,,金錢,高雄市楠梓區****,0931*****,,,,,,,,
96,黃文志,111年高雄市議員選舉,首次申報,1111101,營利事業捐贈收入,高園營造有限公司,16805778,100000.00,0.00,票據,1111103,,,金錢,高雄市前鎮區****,07-3*****,,,,,,,,
97,黃文志,111年高雄市議員選舉,首次申報,1111101,個人捐贈收入,鐘一仁,E12*******,20000.00,0.00,現金,1111101,,,金錢,高雄市左營區****,0989*****,,,,,,,,
98,黃文志,111年高雄市議員選舉,首次申報,1111101,個人捐贈收入,張峻瑋,E12*******,100000.00,0.00,現金,1111101,,,金錢,高雄市苓雅區****,07-3*****,,,,,,,,
99,黃文志,111年高雄市議員選舉,首次申報,1111101,個人捐贈收入,林清華,L12*******,60000.00,0.00,現金,1111101,,,金錢,高雄市苓雅區****,0912*****,,,,,,,,
100,黃文志,111年高雄市議員選舉,首次申報,1111101,個人捐贈收入,張文晃,S12*******,30000.00,0.00,現金,1111101,,,金錢,高雄市鳳山區****,0958*****,,,,,,,,
101,黃文志,111年高雄市議員選舉,首次申報,1111102,營利事業捐贈收入,私立新大益汽車駕駛人訓練班,92071065,20000.00,0.00,匯款,1111102,,,金錢,高雄市楠梓區****,07-3*****,,,,,,,,
102,黃文志,111年高雄市議員選舉,首次申報,1111104,個人捐贈收入,莊春金,E20*******,10000.00,0.00,現金,1111104,,,金錢,高雄市楠梓區****,0921*****,,,,,,,,
103,黃文志,111年高雄市議員選舉,首次申報,1111107,個人捐贈收入,蔡易倩,E12*******,5000.00,0.00,現金,1111107,,,金錢,高雄市楠梓區****,0910*****,,,,,,,,
104,黃文志,111年高雄市議員選舉,首次申報,1111107,個人捐贈收入,蘇雍傑,S12*******,20000.00,0.00,現金,1111107,,,金錢,高雄市楠梓區****,0910*****,,,,,,,,
105,黃文志,111年高雄市議員選舉,首次申報,1111107,個人捐贈收入,林金良,S12*******,6000.00,0.00,現金,1111107,,,金錢,高雄市前鎮區****,0920*****,,,,,,,,
106,黃文志,111年高雄市議員選舉,首次申報,1111108,匿名捐贈,匿名4,,10000.00,0.00,匯款,1111108,,,金錢,,,,,,,,,,
107,黃文志,111年高雄市議員選舉,首次申報,1111108,匿名捐贈,匿名5,,10000.00,0.00,匯款,1111108,,,金錢,,,,,,,,,,
108,黃文志,111年高雄市議員選舉,首次申報,1111108,個人捐贈收入,何正良,S12*******,4500.00,0.00,,,,,非金錢,高雄市左營區****,0932*****,,,,,,,,
109,黃文志,111年高雄市議員選舉,首次申報,1111109,個人捐贈收入,蘇芃琳,E22*******,28800.00,0.00,,,,,非金錢,高雄市鼓山區****,0975*****,,,,,,,,
110,黃文志,111年高雄市議員選舉,首次申報,1111109,個人捐贈收入,何正良,S12*******,9999.00,0.00,匯款,1111109,,,金錢,高雄市左營區****,0932*****,,,,,,,,
111,黃文志,111年高雄市議員選舉,首次申報,1111110,營利事業捐贈收入,新南興磚工廠股份有限公司,83176406,100000.00,0.00,現金,1111110,,,金錢,高雄市左營區****,07-3*****,,,,,,,,
112,黃文志,111年高雄市議員選舉,首次申報,1111110,個人捐贈收入,李汪成,H12*******,100000.00,0.00,票據,1111114,,,金錢,高雄市左營區****,0928*****,,,,,,,,
113,黃文志,111年高雄市議員選舉,首次申報,1111110,個人捐贈收入,曾土城,Q10*******,100000.00,0.00,票據,1111114,,,金錢,高雄市左營區****,0928*****,,,,,,,,
114,黃文志,111年高雄市議員選舉,首次申報,1111110,個人捐贈收入,陳義永,S10*******,100000.00,0.00,現金,1111110,,,金錢,高雄市燕巢區****,0937*****,,,,,,,,
115,黃文志,111年高雄市議員選舉,首次申報,1111111,營利事業捐贈收入,展裕建材有限公司,70431501,20000.00,0.00,現金,1111111,,,金錢,高雄市左營區****,07-3*****,,,,,,,,
116,黃文志,111年高雄市議員選舉,首次申報,1111111,個人捐贈收入,黃麗華,A22*******,50000.00,0.00,匯款,1111111,,,金錢,高雄市三民區****,07-5*****,,,,,,,,
117,黃文志,111年高雄市議員選舉,首次申報,1111111,個人捐贈收入,劉文彥,D12*******,50000.00,0.00,匯款,1111111,,,金錢,高雄市鼓山區****,07-5*****,,,,,,,,
118,黃文志,111年高雄市議員選舉,首次申報,1111115,個人捐贈收入,蘇育菁,E22*******,36000.00,0.00,現金,1111115,,,金錢,高雄市楠梓區****,0937*****,,,,,,,,
119,黃文志,111年高雄市議員選舉,首次申報,1111115,個人捐贈收入,蕭秉豪,S12*******,10000.00,0.00,現金,1111115,,,金錢,高雄市楠梓區****,0927*****,,,,,,,,
120,黃文志,111年高雄市議員選舉,首次申報,1111116,個人捐贈收入,王咨驊,E12*******,100000.00,0.00,匯款,1111116,,,金錢,高雄市鼓山區****,0928*****,,,,,,,,
121,黃文志,111年高雄市議員選舉,首次申報,1111116,個人捐贈收入,王咨涵,E12*******,100000.00,0.00,匯款,1111116,,,金錢,高雄市鼓山區****,0910*****,,,,,,,,
122,黃文志,111年高雄市議員選舉,首次申報,1111116,個人捐贈收入,曾麗蓉,E22*******,1000.00,0.00,匯款,1111116,,,金錢,高雄市左營區****,0932*****,,,,,,,,
123,黃文志,111年高雄市議員選舉,首次申報,1111117,個人捐贈收入,吳正宗,A10*******,1126.00,0.00,現金,1111117,,,金錢,高雄市楠梓區****,07-3*****,,,,,,,,
124,黃文志,111年高雄市議員選舉,首次申報,1111117,個人捐贈收入,蔡明宏,B12*******,1126.00,0.00,現金,1111117,,,金錢,臺中市太平區****,0955*****,,,,,,,,
125,黃文志,111年高雄市議員選舉,首次申報,1111117,個人捐贈收入,卓國安,E10*******,36000.00,0.00,現金,1111117,,,金錢,高雄市左營區****,0932*****,,,,,,,,
126,黃文志,111年高雄市議員選舉,首次申報,1111117,個人捐贈收入,柳明政,E10*******,1126.00,0.00,現金,1111117,,,金錢,高雄市楠梓區****,0932*****,,,,,,,,
127,黃文志,111年高雄市議員選舉,首次申報,1111117,個人捐贈收入,陳昭旭,E12*******,1126.00,0.00,現金,1111117,,,金錢,高雄市楠梓區****,0935*****,,,,,,,,
128,黃文志,111年高雄市議員選舉,首次申報,1111117,個人捐贈收入,鄒進何,E12*******,1126.00,0.00,現金,1111117,,,金錢,高雄市楠梓區****,0935*****,,,,,,,,
129,黃文志,111年高雄市議員選舉,首次申報,1111117,個人捐贈收入,黃安義,E12*******,1126.00,0.00,現金,1111117,,,金錢,高雄市楠梓區****,0933*****,,,,,,,,
130,黃文志,111年高雄市議員選舉,首次申報,1111117,個人捐贈收入,趙柏森,E12*******,1126.00,0.00,現金,1111117,,,金錢,高雄市楠梓區****,0952*****,,,,,,,,
131,黃文志,111年高雄市議員選舉,首次申報,1111117,個人捐贈收入,吳杰澄,E12*******,1126.00,0.00,現金,1111117,,,金錢,高雄市小港區****,0935*****,,,,,,,,
132,黃文志,111年高雄市議員選舉,首次申報,1111117,個人捐贈收入,張在丹,E20*******,1126.00,0.00,現金,1111117,,,金錢,高雄市楠梓區****,0938*****,,,,,,,,
133,黃文志,111年高雄市議員選舉,首次申報,1111117,個人捐贈收入,蔡慈君,E22*******,1126.00,0.00,現金,1111117,,,金錢,高雄市楠梓區****,0972*****,,,,,,,,
134,黃文志,111年高雄市議員選舉,首次申報,1111117,個人捐贈收入,黃淑娥,E22*******,1126.00,0.00,現金,1111117,,,金錢,臺中市太平區****,0955*****,,,,,,,,
135,黃文志,111年高雄市議員選舉,首次申報,1111117,個人捐贈收入,黃櫻綸,E22*******,1126.00,0.00,現金,1111117,,,金錢,高雄市鳥松區****,0925*****,,,,,,,,
136,黃文志,111年高雄市議員選舉,首次申報,1111117,個人捐贈收入,洪佳芊,E22*******,1126.00,0.00,現金,1111117,,,金錢,高雄市鳥松區****,07-3*****,,,,,,,,
137,黃文志,111年高雄市議員選舉,首次申報,1111117,個人捐贈收入,蘇惠真,E22*******,1126.00,0.00,現金,1111117,,,金錢,高雄市楠梓區****,0921*****,,,,,,,,
138,黃文志,111年高雄市議員選舉,首次申報,1111117,個人捐贈收入,李雨錡,E22*******,1126.00,0.00,現金,1111117,,,金錢,高雄市楠梓區****,0931*****,,,,,,,,
139,黃文志,111年高雄市議員選舉,首次申報,1111117,個人捐贈收入,莊湞芸,E22*******,1126.00,0.00,現金,1111117,,,金錢,高雄市左營區****,0988*****,,,,,,,,
140,黃文志,111年高雄市議員選舉,首次申報,1111117,個人捐贈收入,柳伊娟,E22*******,1126.00,0.00,現金,1111117,,,金錢,高雄市楠梓區****,07-3*****,,,,,,,,
141,黃文志,111年高雄市議員選舉,首次申報,1111117,個人捐贈收入,陳瓊茹,E22*******,1126.00,0.00,現金,1111117,,,金錢,高雄市楠梓區****,0916*****,,,,,,,,
142,黃文志,111年高雄市議員選舉,首次申報,1111117,個人捐贈收入,陳維敏,E22*******,1126.00,0.00,現金,1111117,,,金錢,高雄市楠梓區****,0973*****,,,,,,,,
143,黃文志,111年高雄市議員選舉,首次申報,1111117,個人捐贈收入,林國慶,F12*******,1126.00,0.00,現金,1111117,,,金錢,高雄市楠梓區****,0981*****,,,,,,,,
144,黃文志,111年高雄市議員選舉,首次申報,1111117,個人捐贈收入,陳岱玲,P22*******,1126.00,0.00,現金,1111117,,,金錢,高雄市楠梓區****,0986*****,,,,,,,,
145,黃文志,111年高雄市議員選舉,首次申報,1111117,個人捐贈收入,王淑慧,R22*******,1126.00,0.00,現金,1111117,,,金錢,高雄市楠梓區****,0921*****,,,,,,,,
146,黃文志,111年高雄市議員選舉,首次申報,1111117,個人捐贈收入,賴明聖,S12*******,50000.00,0.00,現金,1111117,,,金錢,高雄市鳳山區****,0933*****,,,,,,,,
147,黃文志,111年高雄市議員選舉,首次申報,1111117,個人捐贈收入,謝雨辰,S22*******,1126.00,0.00,現金,1111117,,,金錢,高雄市楠梓區****,0938*****,,,,,,,,
148,黃文志,111年高雄市議員選舉,首次申報,1111117,個人捐贈收入,林玉婷,S22*******,1126.00,0.00,現金,1111117,,,金錢,高雄市楠梓區****,0927*****,,,,,,,,
149,黃文志,111年高雄市議員選舉,首次申報,1111117,個人捐贈收入,曾怡萍,S22*******,1126.00,0.00,現金,1111117,,,金錢,高雄市大社區****,0972*****,,,,,,,,
150,黃文志,111年高雄市議員選舉,首次申報,1111117,個人捐贈收入,林重佑,T12*******,1126.00,0.00,現金,1111117,,,金錢,高雄市楠梓區****,0932*****,,,,,,,,
151,黃文志,111年高雄市議員選舉,首次申報,1111117,個人捐贈收入,陳麗還,T20*******,1126.00,0.00,現金,1111117,,,金錢,高雄市楠梓區****,0928*****,,,,,,,,
152,黃文志,111年高雄市議員選舉,首次申報,1111117,個人捐贈收入,林睿欣,T22*******,1126.00,0.00,現金,1111117,,,金錢,高雄市楠梓區****,0958*****,,,,,,,,
153,黃文志,111年高雄市議員選舉,首次申報,1111117,個人捐贈收入,邱振源,U12*******,1200.00,0.00,現金,1111117,,,金錢,高雄市楠梓區****,0977*****,,,,,,,,
154,黃文志,111年高雄市議員選舉,首次申報,1111117,個人捐贈收入,陳貞玲,X22*******,1126.00,0.00,現金,1111117,,,金錢,高雄市鳳山區****,0970*****,,,,,,,,
155,黃文志,111年高雄市議員選舉,首次申報,1111122,營利事業捐贈收入,全泉開發實業有限公司,89765302,100000.00,0.00,匯款,1111122,,,金錢,高雄市三民區****,07-3*****,,,,,,,,
156,黃文志,111年高雄市議員選舉,首次申報,1111122,個人捐贈收入,張芳榮,E12*******,10000.00,0.00,現金,1111122,,,金錢,高雄市岡山區****,07-6*****,,,,,,,,
157,黃文志,111年高雄市議員選舉,首次申報,1111122,個人捐贈收入,陳淑賢,E20*******,2000.00,0.00,匯款,1111122,,,金錢,高雄市楠梓區****,0936*****,,,,,,,,
158,黃文志,111年高雄市議員選舉,首次申報,1111122,個人捐贈收入,鄭秀蘭,E22*******,16000.00,0.00,現金,1111122,,,金錢,高雄市楠梓區****,0922*****,,,,,,,,
159,黃文志,111年高雄市議員選舉,首次申報,1111125,個人捐贈收入,王欽洲,S12*******,1126.00,0.00,現金,1111125,,,金錢,高雄市橋頭區****,0929*****,,,,,,,,
160,黃文志,111年高雄市議員選舉,首次申報,1111125,個人捐贈收入,顏良宇,S22*******,52000.00,0.00,現金,1111125,,,金錢,高雄市橋頭區****,0910*****,,,,,,,,
161,黃文志,111年高雄市議員選舉,首次申報,1111125,個人捐贈收入,李佳蓁,S22*******,1126.00,0.00,現金,1111125,,,金錢,高雄市楠梓區****,0960*****,,,,,,,,
162,黃文志,111年高雄市議員選舉,首次申報,1111125,個人捐贈收入,黃怡慈,S22*******,1126.00,0.00,現金,1111125,,,金錢,高雄市仁武區****,0902*****,,,,,,,,
163,黃文志,111年高雄市議員選舉,首次申報,1111125,個人捐贈收入,呂志鴻,X12*******,1126.00,0.00,現金,1111125,,,金錢,臺南市東區富****,0939*****,,,,,,,,
164,黃文志,111年高雄市議員選舉,首次申報,1111221,其他收入,利息收入,,1925.00,0.00,匯款,1111221,,,金錢,,,,,,,,,,
