﻿序號,擬參選人／政黨,選舉名稱,申報序號／年度,交易日期,收支科目,捐贈者／支出對象,身分證／統一編號,收入金額,支出金額,支出用途,金錢類,地址,聯絡電話,資料更正日期
1,李宗霖,107年直轄市議員選舉,首次申報,1070619,個人捐贈收入,歐枱均,F22*******,2000.00,0.00,,金錢,新北市新莊區****,0983*****,
2,李宗霖,107年直轄市議員選舉,首次申報,1070622,個人捐贈收入,劉高志,D12*******,10000.00,0.00,,金錢,臺南市南區彰****,,
3,李宗霖,107年直轄市議員選舉,首次申報,1070801,匿名捐贈,匿名智通,,1.00,0.00,,金錢,,,
4,李宗霖,107年直轄市議員選舉,首次申報,1070813,個人捐贈收入,歐枱均,F22*******,2000.00,0.00,,金錢,新北市新莊區****,0983*****,
5,李宗霖,107年直轄市議員選舉,首次申報,1070821,個人捐贈收入,許宏彰,S12*******,3000.00,0.00,,金錢,臺南市東區裕****,0935*****,
6,李宗霖,107年直轄市議員選舉,首次申報,1070828,匿名捐贈,匿名˙,,1000.00,0.00,,金錢,,,
7,李宗霖,107年直轄市議員選舉,首次申報,1070828,個人捐贈收入,蔡松伯,S12*******,3000.00,0.00,,金錢,高雄市大寮區****,0912*****,
8,李宗霖,107年直轄市議員選舉,首次申報,1070913,個人捐贈收入,謝佩芳,D22*******,1000.00,0.00,,金錢,臺南市東區仁****,0920*****,
9,李宗霖,107年直轄市議員選舉,首次申報,1070914,個人捐贈收入,何康美,D20*******,20000.00,0.00,,金錢,臺北市大安區****,,
10,李宗霖,107年直轄市議員選舉,首次申報,1070924,匿名捐贈,匿名,,799.00,0.00,,金錢,,,
11,李宗霖,107年直轄市議員選舉,首次申報,1070925,營利事業捐贈收入,林宏楠茶葉店,47882216,3600.00,0.00,,金錢,嘉義縣水上鄉****,0929*****,
12,李宗霖,107年直轄市議員選舉,首次申報,1070925,個人捐贈收入,吳昭旻,L22*******,146.00,0.00,,金錢,臺中市西屯區****,0989*****,
13,李宗霖,107年直轄市議員選舉,首次申報,1070926,營利事業捐贈收入,升發衛生器材行,56901869,10000.00,0.00,,金錢,臺南市東區裕****,,
14,李宗霖,107年直轄市議員選舉,首次申報,1070930,個人捐贈收入,洪智賢,E12*******,10000.00,0.00,,金錢,臺南市永康區****,0935*****,
15,李宗霖,107年直轄市議員選舉,首次申報,1071001,個人捐贈收入,蘇郁倫,D12*******,799.00,0.00,,金錢,臺南市南區德****,0912*****,
16,李宗霖,107年直轄市議員選舉,首次申報,1071002,個人捐贈收入,林建廷,E12*******,500.00,0.00,,金錢,臺南市永康區****,0924*****,
17,李宗霖,107年直轄市議員選舉,首次申報,1071008,匿名捐贈,匿名,,1000.00,0.00,,金錢,,,
18,李宗霖,107年直轄市議員選舉,首次申報,1071008,個人捐贈收入,周沐賢,D12*******,6666.00,0.00,,金錢,臺南市東區仁****,0971*****,
19,李宗霖,107年直轄市議員選舉,首次申報,1071009,營利事業捐贈收入,樺威營造有限公司,16939972,100000.00,0.00,,金錢,臺南市東區裕****,,
20,李宗霖,107年直轄市議員選舉,首次申報,1071009,營利事業捐贈收入,海允商行,47789696,100000.00,0.00,,金錢,臺南市東區崇****,,
21,李宗霖,107年直轄市議員選舉,首次申報,1071009,個人捐贈收入,許彗如,A22*******,10000.00,0.00,,金錢,臺北市中正區****,0922*****,
22,李宗霖,107年直轄市議員選舉,首次申報,1071009,個人捐贈收入,黃一欽,D12*******,25000.00,0.00,,金錢,臺南市東區裕****,0952*****,
23,李宗霖,107年直轄市議員選舉,首次申報,1071010,匿名捐贈,匿名,,5000.00,0.00,,金錢,,,
24,李宗霖,107年直轄市議員選舉,首次申報,1071010,個人捐贈收入,林君怡,M22*******,3600.00,0.00,,金錢,臺南市東區東****,0912*****,
25,李宗霖,107年直轄市議員選舉,首次申報,1071011,個人捐贈收入,郭永芳,B12*******,50000.00,0.00,,金錢,臺中市北屯區****,0927*****,
26,李宗霖,107年直轄市議員選舉,首次申報,1071011,個人捐贈收入,陳彥斌,M12*******,100000.00,0.00,,金錢,臺中市西區大****,0932*****,
27,李宗霖,107年直轄市議員選舉,首次申報,1071011,個人捐贈收入,洪美智,M22*******,50000.00,0.00,,金錢,臺中市西區大****,0972*****,
28,李宗霖,107年直轄市議員選舉,首次申報,1071011,個人捐贈收入,方智勇,R12*******,4000.00,0.00,,金錢,臺南市安南區****,0913*****,
29,李宗霖,107年直轄市議員選舉,首次申報,1071012,匿名捐贈,匿名,,2000.00,0.00,,金錢,,,
30,李宗霖,107年直轄市議員選舉,首次申報,1071013,個人捐贈收入,李俊瑩,D12*******,6000.00,0.00,,金錢,新竹市東區建****,0922*****,
31,李宗霖,107年直轄市議員選舉,首次申報,1071015,營利事業捐贈收入,大心國際企業有限公司,64969048,10000.00,0.00,,金錢,臺南市東區小****,0620*****,
32,李宗霖,107年直轄市議員選舉,首次申報,1071015,個人捐贈收入,林琤祐,E12*******,799.00,0.00,,金錢,高雄市三民區****,0928*****,
33,李宗霖,107年直轄市議員選舉,首次申報,1071016,營利事業捐贈收入,敬祥工程有限公司,88741606,60000.00,0.00,,金錢,臺南市東區崇****,0626*****,
34,李宗霖,107年直轄市議員選舉,首次申報,1071018,個人捐贈收入,蔡亦竹,L12*******,20000.00,0.00,,金錢,臺南市東區裕****,,
35,李宗霖,107年直轄市議員選舉,首次申報,1071018,個人捐贈收入,邱麗娟,R22*******,18000.00,0.00,,金錢,臺南市西港區****,0934*****,
36,李宗霖,107年直轄市議員選舉,首次申報,1071021,個人捐贈收入,陳淑珍,P22*******,10000.00,0.00,,金錢,臺南市北區公****,0932*****,
37,李宗霖,107年直轄市議員選舉,首次申報,1071025,匿名捐贈,匿名,,2280.00,0.00,,金錢,,,
38,李宗霖,107年直轄市議員選舉,首次申報,1071026,個人捐贈收入,杜信龍,D12*******,6000.00,0.00,,金錢,臺南市南區中****,,
39,李宗霖,107年直轄市議員選舉,首次申報,1071027,個人捐贈收入,王姿涵,R22*******,1000.00,0.00,,金錢,臺南市東區林****,0958*****,
40,李宗霖,107年直轄市議員選舉,首次申報,1071030,個人捐贈收入,黃廷閎,A12*******,5000.00,0.00,,金錢,臺北市文山區****,0934*****,
41,李宗霖,107年直轄市議員選舉,首次申報,1071101,個人捐贈收入,賴政雄,R12*******,2000.00,0.00,,金錢,臺南市官田區****,0931*****,
42,李宗霖,107年直轄市議員選舉,首次申報,1071103,個人捐贈收入,林維莉,F22*******,2000.00,0.00,,金錢,臺南市北區北****,0938*****,
43,李宗霖,107年直轄市議員選舉,首次申報,1071107,個人捐贈收入,施泰然,A12*******,1974.00,0.00,,金錢,新北市土城區****,0910*****,
44,李宗霖,107年直轄市議員選舉,首次申報,1071107,個人捐贈收入,歐姿漣,D22*******,6000.00,0.00,,金錢,臺北市松山區****,0926*****,
45,李宗霖,107年直轄市議員選舉,首次申報,1071109,匿名捐贈,匿名,,1000.00,0.00,,金錢,,,
46,李宗霖,107年直轄市議員選舉,首次申報,1071109,個人捐贈收入,何美玲,K22*******,3600.00,0.00,,金錢,新竹縣竹北市****,0988*****,
47,李宗霖,107年直轄市議員選舉,首次申報,1071109,個人捐贈收入,王俊傑,S12*******,1000.00,0.00,,金錢,臺南市東區崇****,0910*****,
48,李宗霖,107年直轄市議員選舉,首次申報,1071110,個人捐贈收入,蔡永溱,R22*******,1000.00,0.00,,金錢,臺南市東區榮****,0970*****,
49,李宗霖,107年直轄市議員選舉,首次申報,1071113,個人捐贈收入,吳政穎,D12*******,2000.00,0.00,,金錢,臺南市東區裕****,0921*****,
50,李宗霖,107年直轄市議員選舉,首次申報,1071114,個人捐贈收入,陳翰霆,D12*******,2000.00,0.00,,金錢,臺南市東區崇****,0953*****,
51,李宗霖,107年直轄市議員選舉,首次申報,1071114,個人捐贈收入,鄭翔雁,D22*******,426.00,0.00,,金錢,臺南市東區東****,0932*****,
52,李宗霖,107年直轄市議員選舉,首次申報,1071114,個人捐贈收入,張正瑜,N22*******,20000.00,0.00,,金錢,宜蘭縣宜蘭市****,0933*****,
53,李宗霖,107年直轄市議員選舉,首次申報,1071115,個人捐贈收入,蔡佳勳,D12*******,1000.00,0.00,,金錢,臺南市永康區****,0986*****,
54,李宗霖,107年直轄市議員選舉,首次申報,1071115,個人捐贈收入,楊雅帆,R22*******,800.00,0.00,,金錢,臺南市東區府****,0933*****,
55,李宗霖,107年直轄市議員選舉,首次申報,1071115,個人捐贈收入,陳怡君,R22*******,799.00,0.00,,金錢,臺南市大內區****,0919*****,
56,李宗霖,107年直轄市議員選舉,首次申報,1071116,匿名捐贈,匿名,,2000.00,0.00,,金錢,,,
57,李宗霖,107年直轄市議員選舉,首次申報,1071116,匿名捐贈,匿名,,2000.00,0.00,,金錢,,,
58,李宗霖,107年直轄市議員選舉,首次申報,1071119,個人捐贈收入,戴振惠,,10000.00,0.00,,金錢,高雄市橋頭區****,0963*****,
59,李宗霖,107年直轄市議員選舉,首次申報,1071119,個人捐贈收入,楊明澤,,20000.00,0.00,,金錢,彰化縣溪湖鎮****,0952*****,
60,李宗霖,107年直轄市議員選舉,首次申報,1071119,個人捐贈收入,廖學銘,B12*******,1000.00,0.00,,金錢,臺南市東區崇****,0937*****,
61,李宗霖,107年直轄市議員選舉,首次申報,1071119,個人捐贈收入,陳春旭,N12*******,3600.00,0.00,,金錢,新竹市東區水****,0916*****,
62,李宗霖,107年直轄市議員選舉,首次申報,1071119,個人捐贈收入,陳煜弦,R12*******,10000.00,0.00,,金錢,臺北市內湖區****,0920*****,
63,李宗霖,107年直轄市議員選舉,首次申報,1071120,個人捐贈收入,陳秉昱,D12*******,1000.00,0.00,,金錢,臺南市東區中****,0963*****,
64,李宗霖,107年直轄市議員選舉,首次申報,1071120,個人捐贈收入,周文皇,D12*******,799.00,0.00,,金錢,,0906*****,
65,李宗霖,107年直轄市議員選舉,首次申報,1071219,個人捐贈收入,王妤文,,1.00,0.00,,金錢,,0911*****,
66,李宗霖,107年直轄市議員選舉,首次申報,1071221,其他收入,利息收入,,10.00,0.00,,金錢,,,
