﻿序號,擬參選人／政黨,選舉名稱,申報序號／年度,交易日期,收支科目,捐贈者／支出對象,身分證／統一編號,收入金額,支出金額,捐贈方式,存入專戶日期,返還/繳庫,支出用途,金錢類,地址,聯絡電話,應揭露之支出對象,支出對象之內部人員姓名,支出對象之內部人員職稱,政黨之內部人員姓名,政黨之內部人員職稱,關係,更正註記,資料更正日期
1,黃永欽,111年桃園市議員選舉,首次申報,1110705,宣傳支出,Facebook,,0.00,2500.00,,,,播放、傳送或刊登宣傳廣告費用,金錢,臺北市信義區****,,否,,,,,,,
2,黃永欽,111年桃園市議員選舉,首次申報,1110705,人事費用支出,黃婉伶,H22*******,0.00,30000.00,,,,工資或薪津,金錢,桃園市平鎮區****,0911*****,是,黃婉伶,,,,二親等以內親屬(妹妹),,
3,黃永欽,111年桃園市議員選舉,首次申報,1110708,宣傳支出,Facebook,,0.00,2500.00,,,,播放、傳送或刊登宣傳廣告費用,金錢,臺北市信義區****,,否,,,,,,,
4,黃永欽,111年桃園市議員選舉,首次申報,1110709,宣傳支出,健豪印刷事業股份有限公司,16332027,0.00,55000.00,,,,製作競選物品或宣傳廣告費用（易拉展、荷葉扇、名片、摺頁文宣、衛生紙）,金錢,臺中市西區大****,,否,,,,,,,
5,黃永欽,111年桃園市議員選舉,首次申報,1110709,宣傳支出,健豪印刷事業股份有限公司,16332027,0.00,50000.00,,,,製作競選物品或宣傳廣告費用（刀旗、衛生紙、背心、摺頁文宣）,金錢,臺中市西區大****,,否,,,,,,,
6,黃永欽,111年桃園市議員選舉,首次申報,1110721,宣傳支出,Facebook,,0.00,2638.00,,,,播放、傳送或刊登宣傳廣告費用,金錢,臺北市信義區****,,否,,,,,,,
7,黃永欽,111年桃園市議員選舉,首次申報,1110801,雜支支出,藍新科技股份有限公司,,0.00,657.00,,,,第三方支付平台手續費,金錢,臺北市南港區****,,否,,,,,,,
8,黃永欽,111年桃園市議員選舉,首次申報,1110805,人事費用支出,黃婉伶,H22*******,0.00,30000.00,,,,工資或薪津,金錢,桃園市平鎮區****,0911*****,是,黃婉伶,,,,二親等以內親屬(妹妹),,
9,黃永欽,111年桃園市議員選舉,首次申報,1110809,宣傳支出,Facebook,,0.00,3500.00,,,,播放、傳送或刊登宣傳廣告費用,金錢,臺北市信義區****,,否,,,,,,,
10,黃永欽,111年桃園市議員選舉,首次申報,1110811,宣傳支出,冠閣有限公司,16428959,0.00,13500.00,,,,製作競選物品或宣傳廣告費用（客製化水）,金錢,桃園市桃園區****,,否,,,,,,,
11,黃永欽,111年桃園市議員選舉,首次申報,1110821,宣傳支出,Facebook,,0.00,2270.00,,,,播放、傳送或刊登宣傳廣告費用,金錢,臺北市信義區****,,否,,,,,,,
12,黃永欽,111年桃園市議員選舉,首次申報,1110825,租用宣傳車輛支出,彭筠喬,,0.00,30000.00,,,,租用宣傳車輛費用,金錢,桃園市龍潭區****,,否,,,,,,,
13,黃永欽,111年桃園市議員選舉,首次申報,1110901,雜支支出,藍新科技股份有限公司,,0.00,127.00,,,,第三方支付平台手續費,金錢,臺北市南港區****,,否,,,,,,,
14,黃永欽,111年桃園市議員選舉,首次申報,1110906,雜支支出,鼎鈺加油站有限公司,80076311,0.00,156.00,,,,汽機車燃料費用,金錢,桃園市平鎮區****,,否,,,,,,,
15,黃永欽,111年桃園市議員選舉,首次申報,1110907,宣傳支出,Facebook,,0.00,3500.00,,,,播放、傳送或刊登宣傳廣告費用,金錢,臺北市信義區****,,否,,,,,,,
16,黃永欽,111年桃園市議員選舉,首次申報,1110915,雜支支出,鼎鈺加油站有限公司,80076311,0.00,170.00,,,,汽機車燃料費用,金錢,桃園市平鎮區****,,否,,,,,,,
17,黃永欽,111年桃園市議員選舉,首次申報,1110921,宣傳支出,Facebook,,0.00,3263.00,,,,租用廣告看板或車體廣告費用,金錢,臺北市信義區****,,否,,,,,,,
18,黃永欽,111年桃園市議員選舉,首次申報,1110921,宣傳支出,健豪印刷事業股份有限公司,16332027,0.00,105000.00,,,,製作競選物品或宣傳廣告費用（面紙、帆布、背包旗、摺頁文宣）,金錢,臺中市西區大****,,否,,,,,,,
19,黃永欽,111年桃園市議員選舉,首次申報,1110923,雜支支出,金陵加油站股份有限公司,23107757,0.00,195.00,,,,汽機車燃料費用,金錢,桃園市平鎮區****,,否,,,,,,,
20,黃永欽,111年桃園市議員選舉,首次申報,1111001,宣傳支出,Facebook,,0.00,3500.00,,,,播放、傳送或刊登宣傳廣告費用,金錢,臺北市信義區****,,否,,,,,,,
21,黃永欽,111年桃園市議員選舉,首次申報,1111001,雜支支出,藍新科技股份有限公司,,0.00,300.00,,,,第三方支付平台手續費,金錢,臺北市南港區****,,否,,,,,,,
22,黃永欽,111年桃園市議員選舉,首次申報,1111005,雜支支出,長江加油站有限公司,22940512,0.00,100.00,,,,汽機車燃料費用,金錢,桃園市平鎮區****,,否,,,,,,,
23,黃永欽,111年桃園市議員選舉,首次申報,1111010,宣傳支出,Facebook,,0.00,5000.00,,,,播放、傳送或刊登宣傳廣告費用,金錢,臺北市信義區****,,否,,,,,,,
24,黃永欽,111年桃園市議員選舉,首次申報,1111011,雜支支出,長江加油站有限公司,22940512,0.00,94.00,,,,汽機車燃料費用,金錢,桃園市平鎮區****,,否,,,,,,,
25,黃永欽,111年桃園市議員選舉,首次申報,1111012,宣傳支出,大器廣告股份有限公司,53170974,0.00,42000.00,,,,租用廣告看板或車體廣告費用,金錢,桃園市桃園區****,03-3*****,否,,,,,,,
26,黃永欽,111年桃園市議員選舉,首次申報,1111013,雜支支出,家福股份有限公司桃園中壢分公司,16439793,0.00,1992.00,,,,餐飲費用,金錢,桃園市中壢區****,03-3*****,否,,,,,,,
27,黃永欽,111年桃園市議員選舉,首次申報,1111013,宣傳支出,建成帆布有限公司,53515597,0.00,4000.00,,,,製作競選物品或宣傳廣告費用（車棚帆布）,金錢,台灣桃園市平****,,否,,,,,,,
28,黃永欽,111年桃園市議員選舉,首次申報,1111016,雜支支出,台茂商場經營管理顧問股份有限公司,24211954,0.00,300.00,,,,餐飲費用,金錢,桃園市蘆竹區****,,否,,,,,,,
29,黃永欽,111年桃園市議員選舉,首次申報,1111016,雜支支出,台茂商場經營管理顧問股份有限公司,24211954,0.00,380.00,,,,餐飲費用,金錢,桃園市蘆竹區****,,否,,,,,,,
30,黃永欽,111年桃園市議員選舉,首次申報,1111016,雜支支出,全國加油站股份有限公司全國平鎮南東路加油站,82241576,0.00,1426.00,,,,汽機車燃料費用,金錢,桃園市平鎮區****,,否,,,,,,,
31,黃永欽,111年桃園市議員選舉,首次申報,1111017,租用宣傳車輛支出,好團企業有限公司,,0.00,1146.00,,,,其他與租用宣傳車輛有關之費用,金錢,桃園市平鎮區****,,否,,,,,,,
32,黃永欽,111年桃園市議員選舉,首次申報,1111017,雜支支出,長江加油站有限公司,22940512,0.00,100.00,,,,汽機車燃料費用,金錢,桃園市平鎮區****,,否,,,,,,,
33,黃永欽,111年桃園市議員選舉,首次申報,1111017,宣傳支出,炫彩有限公司,24337314,0.00,430.00,,,,製作競選物品或宣傳廣告費用（海報掛軸）,金錢,新北市三重區****,,否,,,,,,,
34,黃永欽,111年桃園市議員選舉,首次申報,1111017,雜支支出,大潤發流通事業股份有限公司平鎮分公司,80033587,0.00,860.00,,,,餐飲費用,金錢,桃園市平鎮區****,,否,,,,,,,
35,黃永欽,111年桃園市議員選舉,首次申報,1111020,宣傳支出,喬木實業有限公司,16218617,0.00,45794.00,,,,廣告工程,金錢,桃園市桃園區****,03-3*****,否,,,,,,,
36,黃永欽,111年桃園市議員選舉,首次申報,1111020,宣傳支出,冠達精業有限公司,27330659,0.00,17000.00,,,,製作競選物品或宣傳廣告費用（竹炭水）,金錢,基隆市安樂區****,0952*****,否,,,,,,,
37,黃永欽,111年桃園市議員選舉,首次申報,1111021,宣傳支出,Facebook,,0.00,4644.00,,,,播放、傳送或刊登宣傳廣告費用,金錢,臺北市信義區****,,否,,,,,,,
38,黃永欽,111年桃園市議員選舉,首次申報,1111022,雜支支出,哲榮商行,87576662,0.00,180.00,,,,餐飲費用,金錢,桃園市平鎮區****,,否,,,,,,,
39,黃永欽,111年桃園市議員選舉,首次申報,1111023,雜支支出,藍國圖書股份有限公司,80463143,0.00,257.00,,,,文具用品費用,金錢,桃園市中壢區****,,否,,,,,,,
40,黃永欽,111年桃園市議員選舉,首次申報,1111023,雜支支出,日鑫小吃店,82252741,0.00,220.00,,,,餐飲費用,金錢,桃園市中壢區****,,否,,,,,,,
41,黃永欽,111年桃園市議員選舉,首次申報,1111024,雜支支出,大潤發流通事業股份有限公司平鎮分公司,80033587,0.00,395.00,,,,餐飲費用,金錢,桃園市平鎮區****,,否,,,,,,,
42,黃永欽,111年桃園市議員選舉,首次申報,1111025,雜支支出,鼎鈺加油站有限公司,80076311,0.00,153.00,,,,汽機車燃料費用,金錢,桃園市平鎮區****,,否,,,,,,,
43,黃永欽,111年桃園市議員選舉,首次申報,1111027,雜支支出,台灣中油（股）公司油品行銷事業部桃園營業處平鎮加油站,44533314,0.00,100.00,,,,汽機車燃料費用,金錢,桃園市平鎮區****,,否,,,,,,,
44,黃永欽,111年桃園市議員選舉,首次申報,1111028,宣傳支出,Facebook,,0.00,7500.00,,,,播放、傳送或刊登宣傳廣告費用,金錢,臺北市信義區****,,否,,,,,,,
45,黃永欽,111年桃園市議員選舉,首次申報,1111029,雜支支出,益豐加油站股份有限公司,89572614,0.00,143.00,,,,汽機車燃料費用,金錢,桃園市平鎮區****,,否,,,,,,,
46,黃永欽,111年桃園市議員選舉,首次申報,1111031,宣傳支出,豐鴻衛材有限公司,55873252,0.00,24000.00,,,,製作競選物品或宣傳廣告費用（廣告口罩）,金錢,彰化縣鹿港鎮****,,否,,,,,,,
47,黃永欽,111年桃園市議員選舉,首次申報,1111031,宣傳支出,典匠企業社,91287138,0.00,350.00,,,,製作競選物品或宣傳廣告費用（電腦割字號次）,金錢,桃園市平鎮區****,0977*****,否,,,,,,,
48,黃永欽,111年桃園市議員選舉,首次申報,1111101,雜支支出,藍新科技股份有限公司,,0.00,367.00,,,,第三方支付平台手續費,金錢,臺北市南港區****,,否,,,,,,,
49,黃永欽,111年桃園市議員選舉,首次申報,1111101,宣傳支出,Facebook,,0.00,12500.00,,,,播放、傳送或刊登宣傳廣告費用,金錢,臺北市信義區****,,否,,,,,,,
50,黃永欽,111年桃園市議員選舉,首次申報,1111102,宣傳支出,喬木實業有限公司,16218617,0.00,6212.00,,,,廣告工程,金錢,桃園市桃園區****,03-3*****,否,,,,,,,
51,黃永欽,111年桃園市議員選舉,首次申報,1111102,宣傳支出,創意家國際有限公司,27665710,0.00,2184.00,,,,製作競選物品或宣傳廣告費用（競選背心）,金錢,新北市泰山區****,02-2*****,否,,,,,,,
52,黃永欽,111年桃園市議員選舉,首次申報,1111103,宣傳支出,健豪印刷事業股份有限公司,16332027,0.00,31797.00,,,,製作競選物品或宣傳廣告費用（口罩、面紙、摺頁文宣）,金錢,臺中市西區大****,,否,,,,,,,
53,黃永欽,111年桃園市議員選舉,首次申報,1111105,雜支支出,日不落有限公司臭阿奈分公司,90608463,0.00,241.00,,,,餐飲費用,金錢,桃園市平鎮區****,,否,,,,,,,
54,黃永欽,111年桃園市議員選舉,首次申報,1111106,雜支支出,程翔小吃店,41437105,0.00,1485.00,,,,餐飲費用,金錢,桃園市平鎮區****,,否,,,,,,,
55,黃永欽,111年桃園市議員選舉,首次申報,1111106,雜支支出,全國加油站股份有限公司全國平鎮南東路加油站,82241576,0.00,1290.00,,,,汽機車燃料費用,金錢,桃園市平鎮區****,,否,,,,,,,
56,黃永欽,111年桃園市議員選舉,首次申報,1111107,雜支支出,高陽股份有限公司,23408557,0.00,177.00,,,,汽機車燃料費用,金錢,桃園市中壢區****,,否,,,,,,,
57,黃永欽,111年桃園市議員選舉,首次申報,1111109,宣傳支出,Facebook,,0.00,17500.00,,,,播放、傳送或刊登宣傳廣告費用,金錢,臺北市信義區****,,否,,,,,,,
58,黃永欽,111年桃園市議員選舉,首次申報,1111110,雜支支出,全國加油站股份有限公司全國龍岡加油站,08426227,0.00,143.00,,,,汽機車燃料費用,金錢,桃園市中壢區****,,否,,,,,,,
59,黃永欽,111年桃園市議員選舉,首次申報,1111114,雜支支出,長江加油站有限公司,22940512,0.00,100.00,,,,汽機車燃料費用,金錢,桃園市平鎮區****,,否,,,,,,,
60,黃永欽,111年桃園市議員選舉,首次申報,1111114,宣傳支出,典匠企業社,91287138,0.00,1400.00,,,,製作競選物品或宣傳廣告費用（手舉牌）,金錢,桃園市平鎮區****,0977*****,否,,,,,,,
61,黃永欽,111年桃園市議員選舉,首次申報,1111117,宣傳支出,Facebook,,0.00,25000.00,,,,播放、傳送或刊登宣傳廣告費用,金錢,臺北市信義區****,,否,,,,,,,
62,黃永欽,111年桃園市議員選舉,首次申報,1111121,宣傳支出,Facebook,,0.00,7944.00,,,,播放、傳送或刊登宣傳廣告費用,金錢,臺北市信義區****,,否,,,,,,,
63,黃永欽,111年桃園市議員選舉,首次申報,1111121,雜支支出,台灣中油股份有限公司油品行銷事業部桃園營業處中山路加油站,43047309,0.00,119.00,,,,汽機車燃料費用,金錢,桃園市桃園區****,,否,,,,,,,
64,黃永欽,111年桃園市議員選舉,首次申報,1111123,宣傳支出,Facebook,,0.00,25000.00,,,,播放、傳送或刊登宣傳廣告費用,金錢,臺北市信義區****,,否,,,,,,,
65,黃永欽,111年桃園市議員選舉,首次申報,1111125,宣傳支出,Facebook,,0.00,25000.00,,,,播放、傳送或刊登宣傳廣告費用,金錢,臺北市信義區****,,否,,,,,,,
66,黃永欽,111年桃園市議員選舉,首次申報,1111125,雜支支出,長江加油站有限公司,22940512,0.00,100.00,,,,汽機車燃料費用,金錢,桃園市平鎮區****,,否,,,,,,,
67,黃永欽,111年桃園市議員選舉,首次申報,1111201,雜支支出,藍新科技股份有限公司,,0.00,131.00,,,,第三方支付平台手續費,金錢,臺北市南港區****,,否,,,,,,,
68,黃永欽,111年桃園市議員選舉,首次申報,1111221,宣傳支出,Facebook,,0.00,7202.00,,,,播放、傳送或刊登宣傳廣告費用,金錢,臺北市信義區****,,否,,,,,,,
