﻿序號,擬參選人／政黨,選舉名稱,申報序號／年度,交易日期,收支科目,捐贈者／支出對象,身分證／統一編號,收入金額,支出金額,捐贈方式,存入專戶日期,返還/繳庫,支出用途,金錢類,地址,聯絡電話,應揭露之支出對象,支出對象之內部人員姓名,支出對象之內部人員職稱,政黨之內部人員姓名,政黨之內部人員職稱,關係,更正註記,資料更正日期
1,陳碧玉,111年臺南市議員選舉,首次申報,1110817,營利事業捐贈收入,森永造漆工業有限公司,73697595,10000.00,0.00,現金,1110817,,,金錢,臺南市新市區****,,,,,,,,,
2,陳碧玉,111年臺南市議員選舉,首次申報,1110818,營利事業捐贈收入,昇葆環保股份有限公司,53269737,100000.00,0.00,現金,1110818,,,金錢,屏東縣麟洛鄉****,,,,,,,,,
3,陳碧玉,111年臺南市議員選舉,首次申報,1110818,個人捐贈收入,張百齊,R12*******,20000.00,0.00,匯款,1110818,,,金錢,臺南市善化區****,0929*****,,,,,,,,
4,陳碧玉,111年臺南市議員選舉,首次申報,1110823,營利事業捐贈收入,屏東縣私立麟洛汽車駕駛人訓練班,37631628,20000.00,0.00,現金,1110823,,,金錢,屏東縣麟洛鄉****,,,,,,,,,
5,陳碧玉,111年臺南市議員選舉,首次申報,1110824,營利事業捐贈收入,國立股份有限公司,80481091,200000.00,0.00,匯款,1110824,,,金錢,臺南市安平區****,,,,,,,,,
6,陳碧玉,111年臺南市議員選舉,首次申報,1110830,個人捐贈收入,葉昕榕,,16000.00,0.00,匯款,1110902,,,金錢,臺南市永康區****,,,,,,,,,
7,陳碧玉,111年臺南市議員選舉,首次申報,1110831,營利事業捐贈收入,德慧螺絲工業股份有限公司,23684151,200000.00,0.00,匯款,1110831,,,金錢,臺南市山上區****,,,,,,,,,
8,陳碧玉,111年臺南市議員選舉,首次申報,1110907,個人捐贈收入,楊衍彬,,20000.00,0.00,匯款,1110907,,,金錢,屏東縣屏東市****,0873*****,,,,,,,,
9,陳碧玉,111年臺南市議員選舉,首次申報,1110914,營利事業捐贈收入,協俐鑄造股份有限公司,84845926,50000.00,0.00,匯款,1110914,,,金錢,臺南市永康區****,,,,,,,,,
10,陳碧玉,111年臺南市議員選舉,首次申報,1111005,個人捐贈收入,黃建鈞,,30000.00,0.00,匯款,1111005,,,金錢,臺南市新市區****,,,,,,,,,
11,陳碧玉,111年臺南市議員選舉,首次申報,1111012,個人捐贈收入,郭依琪,,20000.00,0.00,匯款,1111012,,,金錢,臺南市善化區****,,,,,,,,,
12,陳碧玉,111年臺南市議員選舉,首次申報,1111012,營利事業捐贈收入,總局室內裝修設計有限公司,16909210,10000.00,0.00,現金,1111012,,,金錢,臺南市永康區****,,,,,,,,,
13,陳碧玉,111年臺南市議員選舉,首次申報,1111013,個人捐贈收入,王榮彬,R10*******,100000.00,0.00,現金,1111013,,,金錢,臺南市新市區****,,,,,,,,,
14,陳碧玉,111年臺南市議員選舉,首次申報,1111013,個人捐贈收入,王保富,R12*******,100000.00,0.00,現金,1111013,,,金錢,臺南市新市區****,,,,,,,,,
15,陳碧玉,111年臺南市議員選舉,首次申報,1111017,個人捐贈收入,王宣人,,30000.00,0.00,匯款,1111017,,,金錢,臺南市新市區****,,,,,,,,,
16,陳碧玉,111年臺南市議員選舉,首次申報,1111017,營利事業捐贈收入,暐盛工業股份有限公司,42924510,200000.00,0.00,匯款,1111017,,,金錢,臺南市新市區****,,,,,,,,,
17,陳碧玉,111年臺南市議員選舉,首次申報,1111023,個人捐贈收入,徐國禎,R12*******,20000.00,0.00,現金,1111023,,,金錢,臺南市新市區****,,,,,,,,,
18,陳碧玉,111年臺南市議員選舉,首次申報,1111023,個人捐贈收入,林致帆,R12*******,20000.00,0.00,現金,1111023,,,金錢,臺南市新市區****,,,,,,,,,
19,陳碧玉,111年臺南市議員選舉,首次申報,1111024,營利事業捐贈收入,亮泉工業有限公司,73699587,150000.00,0.00,票據,1111024,,,金錢,臺南市新市區****,,,,,,,,,
20,陳碧玉,111年臺南市議員選舉,首次申報,1111025,營利事業捐贈收入,鋒美有限公司,12774985,150000.00,0.00,票據,1111025,,,金錢,臺南市新市區****,,,,,,,,,
21,陳碧玉,111年臺南市議員選舉,首次申報,1111025,營利事業捐贈收入,佳大建材工業股份有限公司,72016282,100000.00,0.00,票據,1111025,,,金錢,臺南市善化區****,,,,,,,,,
22,陳碧玉,111年臺南市議員選舉,首次申報,1111028,個人捐贈收入,張淵琮,R12*******,60000.00,0.00,匯款,1111028,,,金錢,臺南市新化區****,,,,,,,,,
23,陳碧玉,111年臺南市議員選舉,首次申報,1111031,營利事業捐贈收入,寶大國際企業有限公司,28066468,60000.00,0.00,現金,1111031,已返還,,金錢,臺南市新市區****,,,,,,,,,
24,陳碧玉,111年臺南市議員選舉,首次申報,1111031,個人捐贈收入,周莯晴,R22*******,50000.00,0.00,現金,1111031,,,金錢,臺南市新化區****,,,,,,,,,
25,陳碧玉,111年臺南市議員選舉,首次申報,1111103,營利事業捐贈收入,得力實業股份有限公司,73686632,200000.00,0.00,匯款,1111103,,,金錢,臺南市新市區****,,,,,,,,,
26,陳碧玉,111年臺南市議員選舉,首次申報,1111106,個人捐贈收入,陳政諭,,10000.00,0.00,現金,1111107,,,金錢,臺南市中西區****,,,,,,,,,
27,陳碧玉,111年臺南市議員選舉,首次申報,1111106,營利事業捐贈收入,盈的紡織股份有限公司,07668443,100000.00,0.00,現金,1111106,已返還,,金錢,臺北市中山區****,,,,,,,,,
28,陳碧玉,111年臺南市議員選舉,首次申報,1111106,個人捐贈收入,林谷城,R10*******,36000.00,0.00,現金,1111107,,,金錢,臺南市新市區****,0932*****,,,,,,,,
29,陳碧玉,111年臺南市議員選舉,首次申報,1111107,個人捐贈收入,張旋隆,,10000.00,0.00,現金,1111107,,,金錢,臺南市新化區****,,,,,,,,,
30,陳碧玉,111年臺南市議員選舉,首次申報,1111107,個人捐贈收入,陳崑亮,,10000.00,0.00,現金,1111107,,,金錢,臺南市山上區****,,,,,,,,,
31,陳碧玉,111年臺南市議員選舉,首次申報,1111109,個人捐贈收入,王瑞賢,,10000.00,0.00,現金,1111109,,,金錢,臺南市新市區****,,,,,,,,,
32,陳碧玉,111年臺南市議員選舉,首次申報,1111109,個人捐贈收入,李卓隆,A12*******,60000.00,0.00,現金,1111109,,,金錢,臺南市新市區****,,,,,,,,,
33,陳碧玉,111年臺南市議員選舉,首次申報,1111110,營利事業捐贈收入,宣禹實業股份有限公司,86209422,100000.00,0.00,匯款,1111110,,,金錢,臺南市山上區****,,,,,,,,,
34,陳碧玉,111年臺南市議員選舉,首次申報,1111111,個人捐贈收入,林全欽,R10*******,100000.00,0.00,現金,1111111,,,金錢,臺南市新市區****,,,,,,,,,
35,陳碧玉,111年臺南市議員選舉,首次申報,1111114,個人捐贈收入,李信明,,20000.00,0.00,匯款,1111114,,,金錢,臺南市新市區****,,,,,,,,,
36,陳碧玉,111年臺南市議員選舉,首次申報,1111114,個人捐贈收入,林有生,R10*******,60000.00,0.00,現金,1111114,,,金錢,臺南市善化區****,,,,,,,,,
37,陳碧玉,111年臺南市議員選舉,首次申報,1111114,個人捐贈收入,李冠德,R12*******,100000.00,0.00,現金,1111114,,,金錢,臺南市新市區****,,,,,,,,,
38,陳碧玉,111年臺南市議員選舉,首次申報,1111118,匿名捐贈,匿名,,2000.00,0.00,匯款,1111118,,,金錢,,,,,,,,,,
39,陳碧玉,111年臺南市議員選舉,首次申報,1111121,個人捐贈收入,吳天素,D10*******,100000.00,0.00,匯款,1111121,,,金錢,臺南市東區自****,,,,,,,,,
40,陳碧玉,111年臺南市議員選舉,首次申報,1111121,個人捐贈收入,吳源次,D10*******,100000.00,0.00,匯款,1111121,,,金錢,臺南市東區忠****,,,,,,,,,
41,陳碧玉,111年臺南市議員選舉,首次申報,1111121,個人捐贈收入,吳佳南,D12*******,100000.00,0.00,匯款,1111121,,,金錢,臺南市新市區****,,,,,,,,,
42,陳碧玉,111年臺南市議員選舉,首次申報,1111221,其他收入,利息收入,,472.00,0.00,匯款,1111221,,,金錢,,,,,,,,,,
