﻿序號,擬參選人／政黨,選舉名稱,申報序號／年度,交易日期,收支科目,捐贈者／支出對象,身分證／統一編號,收入金額,支出金額,捐贈方式,存入專戶日期,返還/繳庫,支出用途,金錢類,地址,聯絡電話,應揭露之支出對象,支出對象之內部人員姓名,支出對象之內部人員職稱,政黨之內部人員姓名,政黨之內部人員職稱,關係,更正註記,資料更正日期
1,莊陞漢,111年彰化縣議員選舉,首次申報,1110606,雜支支出,馨品行銷有限公司,90830484,0.00,15000.00,,,,雜項購置或修繕費用,金錢,彰化縣社頭鄉****,0981*****,否,,,,,,,
2,莊陞漢,111年彰化縣議員選舉,首次申報,1110622,雜支支出,統一精工彰化加油站,80819101,0.00,980.00,,,,汽機車燃料費用,金錢,,,否,,,,,,,
3,莊陞漢,111年彰化縣議員選舉,首次申報,1110624,宣傳支出,中華郵政股份有限公司,03741302,0.00,560.00,,,,郵寄競選物品或宣傳廣告費用,金錢,,,否,,,,,,,
4,莊陞漢,111年彰化縣議員選舉,首次申報,1110624,宣傳支出,中華郵政股份有限公司,03741302,0.00,120.00,,,,郵寄競選物品或宣傳廣告費用,金錢,,,否,,,,,,,
5,莊陞漢,111年彰化縣議員選舉,首次申報,1110629,雜支支出,中山路加油站,27518653,0.00,1000.00,,,,汽機車燃料費用,金錢,,,否,,,,,,,
6,莊陞漢,111年彰化縣議員選舉,首次申報,1110630,雜支支出,賀采科技有限公司,53630392,0.00,250.00,,,,餐飲費用,金錢,,,否,,,,,,,
7,莊陞漢,111年彰化縣議員選舉,首次申報,1110630,租用宣傳車輛支出,黃水宗,N10*******,0.00,23400.00,,,,租用宣傳車輛費用,金錢,彰化縣彰化市****,0910*****,否,,,,,,,
8,莊陞漢,111年彰化縣議員選舉,首次申報,1110705,雜支支出,統一精工彰化二站加油站,45820833,0.00,1000.00,,,,汽機車燃料費用,金錢,,,否,,,,,,,
9,莊陞漢,111年彰化縣議員選舉,首次申報,1110706,雜支支出,淺田屋餐館,21896361,0.00,1000.00,,,,餐飲費用,金錢,,,否,,,,,,,
10,莊陞漢,111年彰化縣議員選舉,首次申報,1110707,雜支支出,統一精工彰化加油站,80819101,0.00,500.00,,,,汽機車燃料費用,金錢,,,否,,,,,,,
11,莊陞漢,111年彰化縣議員選舉,首次申報,1110711,雜支支出,日興曬圖文具行,19947940,0.00,500.00,,,,文具用品費用,金錢,彰化縣彰化市****,0471*****,否,,,,,,,
12,莊陞漢,111年彰化縣議員選舉,首次申報,1110718,宣傳支出,守護家健康生活有限公司,83748952,0.00,100000.00,,,,製作競選物品或宣傳廣告費用（物品名稱-防蚊液）,金錢,桃園市大溪區****,0339*****,否,,,,,,,
13,莊陞漢,111年彰化縣議員選舉,首次申報,1110719,雜支支出,云岑蛋糕坊,38762366,0.00,585.00,,,,餐飲費用,金錢,,,否,,,,,,,
14,莊陞漢,111年彰化縣議員選舉,首次申報,1110719,集會支出,不二坊,58055925,0.00,2700.00,,,,餐飲費用,金錢,,,否,,,,,,,
15,莊陞漢,111年彰化縣議員選舉,首次申報,1110720,雜支支出,台灣中油彰化站,58075302,0.00,1000.00,,,,汽機車燃料費用,金錢,,,否,,,,,,,
16,莊陞漢,111年彰化縣議員選舉,首次申報,1110724,雜支支出,彰化素食,58230304,0.00,180.00,,,,餐飲費用,金錢,,,否,,,,,,,
17,莊陞漢,111年彰化縣議員選舉,首次申報,1110725,雜支支出,統一精工彰化二站加油站,45820833,0.00,1000.00,,,,汽機車燃料費用,金錢,,,否,,,,,,,
18,莊陞漢,111年彰化縣議員選舉,首次申報,1110725,雜支支出,中正路北門口肉圓,72430850,0.00,150.00,,,,餐飲費用,金錢,,,否,,,,,,,
19,莊陞漢,111年彰化縣議員選舉,首次申報,1110725,雜支支出,木易楊小吃店,80825379,0.00,185.00,,,,餐飲費用,金錢,,,否,,,,,,,
20,莊陞漢,111年彰化縣議員選舉,首次申報,1110727,雜支支出,車亭企業股份有限公司,39936528,0.00,1738.00,,,,汽機車燃料費用,金錢,,,否,,,,,,,
21,莊陞漢,111年彰化縣議員選舉,首次申報,1110727,雜支支出,台灣中油花壇站,58074916,0.00,1000.00,,,,汽機車燃料費用,金錢,,,否,,,,,,,
22,莊陞漢,111年彰化縣議員選舉,首次申報,1110729,雜支支出,賀采科技有限公司,53630392,0.00,250.00,,,,餐飲費用,金錢,,,否,,,,,,,
23,莊陞漢,111年彰化縣議員選舉,首次申報,1110730,雜支支出,台灣中油田中二站,09278300,0.00,1000.00,,,,汽機車燃料費用,金錢,,,否,,,,,,,
24,莊陞漢,111年彰化縣議員選舉,首次申報,1110802,宣傳支出,新唐人亞太電視股份有限公司,28228576,0.00,98000.00,,,,播放、傳送或刊登宣傳廣告費用,金錢,臺北市信義區****,0255*****,否,,,,,,,
25,莊陞漢,111年彰化縣議員選舉,首次申報,1110802,雜支支出,台灣中油花壇站,58074916,0.00,1000.00,,,,汽機車燃料費用,金錢,,,否,,,,,,,
26,莊陞漢,111年彰化縣議員選舉,首次申報,1110803,雜支支出,金玉堂,50952897,0.00,211.00,,,,文具用品費用,金錢,,,否,,,,,,,
27,莊陞漢,111年彰化縣議員選舉,首次申報,1110805,雜支支出,台灣中油花壇站,58074916,0.00,1000.00,,,,汽機車燃料費用,金錢,,,否,,,,,,,
28,莊陞漢,111年彰化縣議員選舉,首次申報,1110806,雜支支出,富聚源鮮花店,26936320,0.00,1000.00,,,,雜項購置或修繕費用,金錢,,,否,,,,,,,
29,莊陞漢,111年彰化縣議員選舉,首次申報,1110809,雜支支出,上好文具行,19939202,0.00,588.00,,,,文具用品費用,金錢,,,否,,,,,,,
30,莊陞漢,111年彰化縣議員選舉,首次申報,1110809,宣傳支出,守護家健康生活有限公司,83748952,0.00,146400.00,,,,製作競選物品或宣傳廣告費用（物品名稱-防蚊液）,金錢,桃園市大溪區****,0339*****,否,,,,,,,
31,莊陞漢,111年彰化縣議員選舉,首次申報,1110810,雜支支出,台灣中油花壇站,58074916,0.00,1000.00,,,,汽機車燃料費用,金錢,,,否,,,,,,,
32,莊陞漢,111年彰化縣議員選舉,首次申報,1110812,雜支支出,金油加油站股份公司線東加油站,80820992,0.00,1000.00,,,,汽機車燃料費用,金錢,彰化縣彰化市****,,否,,,,,,,
33,莊陞漢,111年彰化縣議員選舉,首次申報,1110820,雜支支出,台灣中油花壇站,58074916,0.00,1693.00,,,,汽機車燃料費用,金錢,,,否,,,,,,,
34,莊陞漢,111年彰化縣議員選舉,首次申報,1110829,雜支支出,台灣中油花壇站,58074916,0.00,1000.00,,,,汽機車燃料費用,金錢,,,否,,,,,,,
35,莊陞漢,111年彰化縣議員選舉,首次申報,1110829,宣傳支出,部落設計工作室,82416786,0.00,15750.00,,,,委託辦理研究、評估、調查、設計或規劃費用,金錢,彰化縣彰化市****,0475*****,否,,,,,,,
36,莊陞漢,111年彰化縣議員選舉,首次申報,1110831,雜支支出,新九如大賣場,09342226,0.00,180.00,,,,雜項購置或修繕費用,金錢,,,否,,,,,,,
37,莊陞漢,111年彰化縣議員選舉,首次申報,1110831,雜支支出,賀采科技有限公司,53630392,0.00,250.00,,,,餐飲費用,金錢,,,否,,,,,,,
38,莊陞漢,111年彰化縣議員選舉,首次申報,1110901,雜支支出,台灣中油花壇站,58074916,0.00,1000.00,,,,汽機車燃料費用,金錢,,,否,,,,,,,
39,莊陞漢,111年彰化縣議員選舉,首次申報,1110903,集會支出,寶珍香食品,27798866,0.00,24890.00,,,,餐飲費用,金錢,彰化縣彰化市****,,否,,,,,,,
40,莊陞漢,111年彰化縣議員選舉,首次申報,1110905,雜支支出,台灣中油花壇站,58074916,0.00,1000.00,,,,汽機車燃料費用,金錢,,,否,,,,,,,
41,莊陞漢,111年彰化縣議員選舉,首次申報,1110907,雜支支出,金油加油站股份公司線東加油站,80820992,0.00,1515.00,,,,汽機車燃料費用,金錢,彰化縣彰化市****,,否,,,,,,,
42,莊陞漢,111年彰化縣議員選舉,首次申報,1110912,雜支支出,金油加油站股份公司線東加油站,80820992,0.00,1000.00,,,,汽機車燃料費用,金錢,彰化縣彰化市****,,否,,,,,,,
43,莊陞漢,111年彰化縣議員選舉,首次申報,1110912,雜支支出,明德加油站,83158441,0.00,1843.00,,,,汽機車燃料費用,金錢,,,否,,,,,,,
44,莊陞漢,111年彰化縣議員選舉,首次申報,1110916,雜支支出,金油加油站股份公司線東加油站,80820992,0.00,1000.00,,,,汽機車燃料費用,金錢,彰化縣彰化市****,,否,,,,,,,
45,莊陞漢,111年彰化縣議員選舉,首次申報,1110920,雜支支出,勝中加油站,23210703,0.00,1000.00,,,,汽機車燃料費用,金錢,,,否,,,,,,,
46,莊陞漢,111年彰化縣議員選舉,首次申報,1110923,雜支支出,台灣中油花壇站,58074916,0.00,1000.00,,,,汽機車燃料費用,金錢,,,否,,,,,,,
47,莊陞漢,111年彰化縣議員選舉,首次申報,1110926,雜支支出,台灣中油花壇站,58074916,0.00,1000.00,,,,汽機車燃料費用,金錢,,,否,,,,,,,
48,莊陞漢,111年彰化縣議員選舉,首次申報,1110930,雜支支出,賀采科技有限公司,53630392,0.00,250.00,,,,餐飲費用,金錢,,,否,,,,,,,
49,莊陞漢,111年彰化縣議員選舉,首次申報,1110930,雜支支出,台灣中油花壇站,58074916,0.00,1000.00,,,,汽機車燃料費用,金錢,,,否,,,,,,,
50,莊陞漢,111年彰化縣議員選舉,首次申報,1111001,人事費用支出,劉有宸,F13*******,0.00,87000.00,,,,工資或薪津,金錢,彰化縣彰化市****,0981*****,否,,,,,,,
51,莊陞漢,111年彰化縣議員選舉,首次申報,1111001,人事費用支出,鄭寶玲,N22*******,0.00,30000.00,,,,工資或薪津,金錢,彰化縣和美鎮****,0978*****,否,,,,,,,
52,莊陞漢,111年彰化縣議員選舉,首次申報,1111001,人事費用支出,李家瑋,V12*******,0.00,100500.00,,,,工資或薪津,金錢,彰化縣花壇鄉****,0916*****,否,,,,,,,
53,莊陞漢,111年彰化縣議員選舉,首次申報,1111002,雜支支出,宮堂豬腳店,39739809,0.00,420.00,,,,餐飲費用,金錢,,,否,,,,,,,
54,莊陞漢,111年彰化縣議員選舉,首次申報,1111002,雜支支出,家福加油站,80038020,0.00,500.00,,,,汽機車燃料費用,金錢,,,否,,,,,,,
55,莊陞漢,111年彰化縣議員選舉,首次申報,1111003,雜支支出,台灣中油花壇站,58074916,0.00,1000.00,,,,汽機車燃料費用,金錢,,,否,,,,,,,
56,莊陞漢,111年彰化縣議員選舉,首次申報,1111004,雜支支出,正品自助餐,39719732,0.00,390.00,,,,餐飲費用,金錢,,,否,,,,,,,
57,莊陞漢,111年彰化縣議員選舉,首次申報,1111004,雜支支出,KFC,97177496,0.00,309.00,,,,餐飲費用,金錢,,,否,,,,,,,
58,莊陞漢,111年彰化縣議員選舉,首次申報,1111005,雜支支出,台灣中油花壇站,58074916,0.00,1000.00,,,,汽機車燃料費用,金錢,,,否,,,,,,,
59,莊陞漢,111年彰化縣議員選舉,首次申報,1111007,雜支支出,富聚源鮮花店,26936320,0.00,2000.00,,,,雜項購置或修繕費用,金錢,,,否,,,,,,,
60,莊陞漢,111年彰化縣議員選舉,首次申報,1111007,宣傳支出,天喜派報社,99853199,0.00,180000.00,,,,製作競選物品或宣傳廣告費用（物品名稱-農民曆）,金錢,彰化縣鹿港鎮****,,否,,,,,,,
61,莊陞漢,111年彰化縣議員選舉,首次申報,1111008,雜支支出,台南虱目魚粥,45566142,0.00,160.00,,,,餐飲費用,金錢,,,否,,,,,,,
62,莊陞漢,111年彰化縣議員選舉,首次申報,1111009,雜支支出,台灣中油花壇站,58074916,0.00,1000.00,,,,汽機車燃料費用,金錢,,,否,,,,,,,
63,莊陞漢,111年彰化縣議員選舉,首次申報,1111009,雜支支出,KFC,97177496,0.00,244.00,,,,餐飲費用,金錢,,,否,,,,,,,
64,莊陞漢,111年彰化縣議員選舉,首次申報,1111011,雜支支出,香港明煌燒臘快餐,45280097,0.00,450.00,,,,餐飲費用,金錢,,,否,,,,,,,
65,莊陞漢,111年彰化縣議員選舉,首次申報,1111012,雜支支出,新九如大賣場,09342226,0.00,190.00,,,,雜項購置或修繕費用,金錢,,,否,,,,,,,
66,莊陞漢,111年彰化縣議員選舉,首次申報,1111012,雜支支出,隆來自助餐,67748499,0.00,400.00,,,,餐飲費用,金錢,,,否,,,,,,,
67,莊陞漢,111年彰化縣議員選舉,首次申報,1111013,宣傳支出,中華郵政股份有限公司,03741302,0.00,14590.00,,,,郵寄競選物品或宣傳廣告費用,金錢,,,否,,,,,,,
68,莊陞漢,111年彰化縣議員選舉,首次申報,1111013,雜支支出,東東美食館,14865547,0.00,340.00,,,,餐飲費用,金錢,,,否,,,,,,,
69,莊陞漢,111年彰化縣議員選舉,首次申報,1111013,宣傳支出,大彰投創意有限公司,25178242,0.00,43050.00,,,,製作競選物品或宣傳廣告費用（物品名稱-紙本文宣）,金錢,彰化縣彰化市****,,否,,,,,,,
70,莊陞漢,111年彰化縣議員選舉,首次申報,1111013,雜支支出,台灣中油花壇站,58074916,0.00,1000.00,,,,汽機車燃料費用,金錢,,,否,,,,,,,
71,莊陞漢,111年彰化縣議員選舉,首次申報,1111014,雜支支出,中華電信股份有限公司,58800108,0.00,406.00,,,,電信費用,金錢,彰化縣彰化市****,,否,,,,,,,
72,莊陞漢,111年彰化縣議員選舉,首次申報,1111017,雜支支出,晉雅堂,05923340,0.00,7500.00,,,,雜項購置或修繕費用,金錢,,,否,,,,,,,
73,莊陞漢,111年彰化縣議員選舉,首次申報,1111017,雜支支出,魚市場爌肉飯,25328018,0.00,190.00,,,,餐飲費用,金錢,,,否,,,,,,,
74,莊陞漢,111年彰化縣議員選舉,首次申報,1111017,雜支支出,台灣中油花壇站,58074916,0.00,1000.00,,,,汽機車燃料費用,金錢,,,否,,,,,,,
75,莊陞漢,111年彰化縣議員選舉,首次申報,1111020,宣傳支出,嘉里大榮物流,58045103,0.00,4760.00,,,,郵寄競選物品或宣傳廣告費用,金錢,,,否,,,,,,,
76,莊陞漢,111年彰化縣議員選舉,首次申報,1111021,雜支支出,台南虱目魚粥,45566142,0.00,280.00,,,,餐飲費用,金錢,,,否,,,,,,,
77,莊陞漢,111年彰化縣議員選舉,首次申報,1111021,雜支支出,台灣中油花壇站,58074916,0.00,1000.00,,,,汽機車燃料費用,金錢,,,否,,,,,,,
78,莊陞漢,111年彰化縣議員選舉,首次申報,1111021,雜支支出,華展圖書有限公司,97420056,0.00,444.00,,,,文具用品費用,金錢,,,否,,,,,,,
79,莊陞漢,111年彰化縣議員選舉,首次申報,1111022,雜支支出,燦坤3c數位通訊家電,80341629,0.00,357.00,,,,文具用品費用,金錢,,,否,,,,,,,
80,莊陞漢,111年彰化縣議員選舉,首次申報,1111024,雜支支出,台南虱目魚粥,45566142,0.00,340.00,,,,餐飲費用,金錢,,,否,,,,,,,
81,莊陞漢,111年彰化縣議員選舉,首次申報,1111024,雜支支出,台灣中油花壇站,58074916,0.00,1000.00,,,,汽機車燃料費用,金錢,,,否,,,,,,,
82,莊陞漢,111年彰化縣議員選舉,首次申報,1111024,雜支支出,隆來自助餐,67748499,0.00,500.00,,,,餐飲費用,金錢,,,否,,,,,,,
83,莊陞漢,111年彰化縣議員選舉,首次申報,1111025,雜支支出,上好文具行,19939202,0.00,206.00,,,,文具用品費用,金錢,,,否,,,,,,,
84,莊陞漢,111年彰化縣議員選舉,首次申報,1111025,宣傳支出,望春風廣播股份有限公司,89688018,0.00,30000.00,,,,播放、傳送或刊登宣傳廣告費用,金錢,臺中市南區忠****,,否,,,,,,,
85,莊陞漢,111年彰化縣議員選舉,首次申報,1111027,雜支支出,新九如大賣場,09342226,0.00,214.00,,,,雜項購置或修繕費用,金錢,,,否,,,,,,,
86,莊陞漢,111年彰化縣議員選舉,首次申報,1111027,雜支支出,南海茶道,56922230,0.00,375.00,,,,餐飲費用,金錢,,,否,,,,,,,
87,莊陞漢,111年彰化縣議員選舉,首次申報,1111028,雜支支出,新九如大賣場,09342226,0.00,150.00,,,,雜項購置或修繕費用,金錢,,,否,,,,,,,
88,莊陞漢,111年彰化縣議員選舉,首次申報,1111028,雜支支出,永稼商行,10960941,0.00,200.00,,,,雜項購置或修繕費用,金錢,,,否,,,,,,,
89,莊陞漢,111年彰化縣議員選舉,首次申報,1111028,集會支出,寶珍香食品,27798866,0.00,11200.00,,,,餐飲費用,金錢,彰化縣彰化市****,,否,,,,,,,
90,莊陞漢,111年彰化縣議員選舉,首次申報,1111028,雜支支出,好朋友書局,45250431,0.00,287.00,,,,文具用品費用,金錢,,,否,,,,,,,
91,莊陞漢,111年彰化縣議員選舉,首次申報,1111028,雜支支出,台灣中油花壇站,58074916,0.00,1000.00,,,,汽機車燃料費用,金錢,,,否,,,,,,,
92,莊陞漢,111年彰化縣議員選舉,首次申報,1111028,雜支支出,丁丁連鎖藥妝,88600704,0.00,700.00,,,,雜項購置或修繕費用,金錢,,,否,,,,,,,
93,莊陞漢,111年彰化縣議員選舉,首次申報,1111029,雜支支出,新九如大賣場,09342226,0.00,150.00,,,,雜項購置或修繕費用,金錢,,,否,,,,,,,
94,莊陞漢,111年彰化縣議員選舉,首次申報,1111029,集會支出,歇腳亭冰城,45694316,0.00,7500.00,,,,餐飲費用,金錢,,7774*****,否,,,,,,,
95,莊陞漢,111年彰化縣議員選舉,首次申報,1111029,雜支支出,築間幸福鍋物,83477493,0.00,1606.00,,,,餐飲費用,金錢,,,否,,,,,,,
96,莊陞漢,111年彰化縣議員選舉,首次申報,1111029,集會支出,台中美中西自助早點,87168933,0.00,2925.00,,,,餐飲費用,金錢,彰化縣彰化市****,,否,,,,,,,
97,莊陞漢,111年彰化縣議員選舉,首次申報,1111031,雜支支出,上好文具行,19939202,0.00,268.00,,,,文具用品費用,金錢,,,否,,,,,,,
98,莊陞漢,111年彰化縣議員選舉,首次申報,1111031,雜支支出,賀采科技有限公司,53630392,0.00,250.00,,,,餐飲費用,金錢,,,否,,,,,,,
99,莊陞漢,111年彰化縣議員選舉,首次申報,1111031,雜支支出,益豪鍋燒專賣店,82538541,0.00,565.00,,,,餐飲費用,金錢,,,否,,,,,,,
100,莊陞漢,111年彰化縣議員選舉,首次申報,1111031,雜支支出,全宏鎖店,93891885,0.00,400.00,,,,雜項購置或修繕費用,金錢,,,否,,,,,,,
101,莊陞漢,111年彰化縣議員選舉,首次申報,1111101,雜支支出,富聚源鮮花店,26936320,0.00,2500.00,,,,雜項購置或修繕費用,金錢,,,否,,,,,,,
102,莊陞漢,111年彰化縣議員選舉,首次申報,1111101,雜支支出,台灣中油花壇站,58074916,0.00,1000.00,,,,汽機車燃料費用,金錢,,,否,,,,,,,
103,莊陞漢,111年彰化縣議員選舉,首次申報,1111101,人事費用支出,劉有宸,F13*******,0.00,35000.00,,,,工資或薪津,金錢,彰化縣彰化市****,0981*****,否,,,,,,,
104,莊陞漢,111年彰化縣議員選舉,首次申報,1111101,人事費用支出,羅紹瑋,M12*******,0.00,21000.00,,,,工資或薪津,金錢,臺中市豐原區****,0909*****,否,,,,,,,
105,莊陞漢,111年彰化縣議員選舉,首次申報,1111101,人事費用支出,陳錫達,N12*******,0.00,60000.00,,,,工資或薪津,金錢,彰化縣花壇鄉****,0988*****,否,,,,,,,
106,莊陞漢,111年彰化縣議員選舉,首次申報,1111101,人事費用支出,柯傳閔,N12*******,0.00,60000.00,,,,工資或薪津,金錢,彰化縣花壇鄉****,0907*****,否,,,,,,,
107,莊陞漢,111年彰化縣議員選舉,首次申報,1111101,人事費用支出,鄭寶玲,N22*******,0.00,35000.00,,,,工資或薪津,金錢,彰化縣和美鎮****,0978*****,否,,,,,,,
108,莊陞漢,111年彰化縣議員選舉,首次申報,1111101,人事費用支出,邱榆馨,N22*******,0.00,25000.00,,,,工資或薪津,金錢,彰化縣彰化市****,,否,,,,,,,
109,莊陞漢,111年彰化縣議員選舉,首次申報,1111101,人事費用支出,李家瑋,V12*******,0.00,45000.00,,,,工資或薪津,金錢,彰化縣花壇鄉****,0916*****,否,,,,,,,
110,莊陞漢,111年彰化縣議員選舉,首次申報,1111104,雜支支出,台灣中油花壇站,58074916,0.00,1000.00,,,,汽機車燃料費用,金錢,,,否,,,,,,,
111,莊陞漢,111年彰化縣議員選舉,首次申報,1111106,雜支支出,金油加油站,80820992,0.00,1000.00,,,,汽機車燃料費用,金錢,,,否,,,,,,,
112,莊陞漢,111年彰化縣議員選舉,首次申報,1111106,集會支出,花壇菄池飯包店,87047973,0.00,2700.00,,,,餐飲費用,金錢,,,否,,,,,,,
113,莊陞漢,111年彰化縣議員選舉,首次申報,1111110,雜支支出,金油加油站股份公司線東加油站,80820992,0.00,1000.00,,,,汽機車燃料費用,金錢,彰化縣彰化市****,,否,,,,,,,
114,莊陞漢,111年彰化縣議員選舉,首次申報,1111111,返還捐贈支出,彰興營造股份有限公司,24854196,0.00,100000.00,,,,返還,金錢,彰化縣彰化市****,,否,,,,,,,
115,莊陞漢,111年彰化縣議員選舉,首次申報,1111113,雜支支出,統一精工彰化加油站,80819101,0.00,1000.00,,,,汽機車燃料費用,金錢,,,否,,,,,,,
116,莊陞漢,111年彰化縣議員選舉,首次申報,1111114,雜支支出,金油加油站股份公司線東加油站,80820992,0.00,1000.00,,,,汽機車燃料費用,金錢,彰化縣彰化市****,,否,,,,,,,
117,莊陞漢,111年彰化縣議員選舉,首次申報,1111115,雜支支出,domino's,13059643,0.00,452.00,,,,餐飲費用,金錢,,,否,,,,,,,
118,莊陞漢,111年彰化縣議員選舉,首次申報,1111116,雜支支出,台灣中油花壇站,58074916,0.00,1000.00,,,,汽機車燃料費用,金錢,,,否,,,,,,,
119,莊陞漢,111年彰化縣議員選舉,首次申報,1111119,雜支支出,台灣中油花壇站,58074916,0.00,1602.00,,,,汽機車燃料費用,金錢,,,否,,,,,,,
120,莊陞漢,111年彰化縣議員選舉,首次申報,1111121,雜支支出,金油加油站股份公司線東加油站,80820992,0.00,1000.00,,,,汽機車燃料費用,金錢,彰化縣彰化市****,,否,,,,,,,
121,莊陞漢,111年彰化縣議員選舉,首次申報,1111129,宣傳支出,中華電信股份有限公司,58800108,0.00,51935.00,,,,播放、傳送或刊登宣傳廣告費用,金錢,彰化縣彰化市****,,否,,,,,,,
122,莊陞漢,111年彰化縣議員選舉,首次申報,1111130,雜支支出,TEA TOP第一味,85056406,0.00,305.00,,,,餐飲費用,金錢,,,否,,,,,,,
123,莊陞漢,111年彰化縣議員選舉,首次申報,1111201,人事費用支出,劉有宸,F13*******,0.00,35000.00,,,,工資或薪津,金錢,彰化縣彰化市****,0981*****,否,,,,,,,
124,莊陞漢,111年彰化縣議員選舉,首次申報,1111201,人事費用支出,羅紹瑋,M12*******,0.00,10000.00,,,,工資或薪津,金錢,臺中市豐原區****,0909*****,否,,,,,,,
125,莊陞漢,111年彰化縣議員選舉,首次申報,1111201,人事費用支出,柯傳閔,N12*******,0.00,22000.00,,,,工資或薪津,金錢,彰化縣花壇鄉****,0907*****,否,,,,,,,
126,莊陞漢,111年彰化縣議員選舉,首次申報,1111201,人事費用支出,陳錫達,N12*******,0.00,22000.00,,,,工資或薪津,金錢,彰化縣花壇鄉****,0988*****,否,,,,,,,
127,莊陞漢,111年彰化縣議員選舉,首次申報,1111201,人事費用支出,鄭寶玲,N22*******,0.00,35000.00,,,,工資或薪津,金錢,彰化縣和美鎮****,0978*****,否,,,,,,,
128,莊陞漢,111年彰化縣議員選舉,首次申報,1111201,人事費用支出,邱榆馨,N22*******,0.00,35000.00,,,,工資或薪津,金錢,彰化縣彰化市****,,否,,,,,,,
129,莊陞漢,111年彰化縣議員選舉,首次申報,1111201,人事費用支出,李家瑋,V12*******,0.00,45000.00,,,,工資或薪津,金錢,彰化縣花壇鄉****,0916*****,否,,,,,,,
130,莊陞漢,111年彰化縣議員選舉,首次申報,1111209,集會支出,不二坊,58055925,0.00,5400.00,,,,餐飲費用,金錢,,,否,,,,,,,
131,莊陞漢,111年彰化縣議員選舉,首次申報,1111209,集會支出,不二坊,58055925,0.00,4050.00,,,,餐飲費用,金錢,,,否,,,,,,,
