﻿序號,擬參選人／政黨,選舉名稱,申報序號／年度,交易日期,收支科目,捐贈者／支出對象,身分證／統一編號,收入金額,支出金額,捐贈方式,存入專戶日期,返還/繳庫,支出用途,金錢類,地址,聯絡電話,應揭露之支出對象,支出對象之內部人員姓名,支出對象之內部人員職稱,政黨之內部人員姓名,政黨之內部人員職稱,關係,更正註記,資料更正日期
1,張文潔,111年臺北市議員選舉,首次申報,1110630,宣傳支出,興誠國際實業社,85171362,0.00,55000.00,,,,環保袋,金錢,新北市土城區****,02-8*****,否,,,,,,,
2,張文潔,111年臺北市議員選舉,首次申報,1110630,宣傳支出,尚宏印刷商行,98829138,0.00,13000.00,,,,廣告筆記本,金錢,彰化縣彰化市****,04-7*****,否,,,,,,,
3,張文潔,111年臺北市議員選舉,首次申報,1110720,宣傳支出,三一九機器有限公司,90493835,0.00,17850.00,,,,製作競選物品-口罩x.,金錢,臺中市南區工****,0965*****,否,,,,,,,
4,張文潔,111年臺北市議員選舉,首次申報,1110729,宣傳支出,誼昌文具印刷有限公司,20913264,0.00,52510.00,,,,製作競選物品-印刷品一批,金錢,臺北市松山區****,02-2*****,否,,,,,,,
5,張文潔,111年臺北市議員選舉,首次申報,1110731,宣傳支出,尚宏印刷商行,98829138,0.00,15000.00,,,,廣告筆記本,金錢,彰化縣彰化市****,04-7*****,否,,,,,,,
6,張文潔,111年臺北市議員選舉,首次申報,1110801,宣傳支出,興誠國際實業社,85171362,0.00,55000.00,,,,環保袋個,金錢,新北市土城區****,02-8*****,否,,,,,,,
7,張文潔,111年臺北市議員選舉,首次申報,1110808,宣傳支出,禮想家網路贈品股份有限公司,28888154,0.00,4550.00,,,,製作競選物品-YP背心件&運費,金錢,新北市汐止區****,02-2*****,否,,,,,,,
8,張文潔,111年臺北市議員選舉,首次申報,1110815,宣傳支出,禮想家網路贈品股份有限公司,28888154,0.00,10350.00,,,,製作競選物品-YP背心件&運費,金錢,新北市汐止區****,02-2*****,否,,,,,,,
9,張文潔,111年臺北市議員選舉,首次申報,1110819,宣傳支出,心雅服裝行,15995103,0.00,12107.00,,,,製作競選物品-背心件&轉印費,金錢,臺北市萬華區****,02-2*****,否,,,,,,,
10,張文潔,111年臺北市議員選舉,首次申報,1110822,宣傳支出,冠閣有限公司,16428959,0.00,62500.00,,,,製作競選物品-飲用水箱@,金錢,桃園市汴洲里****,03-3*****,否,,,,,,,
11,張文潔,111年臺北市議員選舉,首次申報,1110826,租用競選辦事處支出,李永裕,A12*******,0.00,200000.00,,,,租用台北市松山區八德路段ˋˋ號及號面西外牆,金錢,臺北市松山區****,0915*****,否,,,,,,,
12,張文潔,111年臺北市議員選舉,首次申報,1110829,公共關係費用支出,花卉營業人(1113),01225800,0.00,1500.00,,,,花盆,金錢,臺北市內湖區****,02-8*****,否,,,,,,,
13,張文潔,111年臺北市議員選舉,首次申報,1110830,租用宣傳車輛支出,德緯汽車有限公司,86138378,0.00,24500.00,,,,汽車零件工資,金錢,臺北市松山區****,02-2*****,否,,,,,,,
14,張文潔,111年臺北市議員選舉,首次申報,1110831,宣傳支出,思潮網路科技有限公司,90587431,0.00,6300.00,,,,傳送宣傳廣告費用-社群數位轉型系統導入與顧問,金錢,臺北市中正區****,,否,,,,,,,
15,張文潔,111年臺北市議員選舉,首次申報,1110831,宣傳支出,尚宏印刷商行,98829138,0.00,15000.00,,,,廣告筆記本,金錢,彰化縣彰化市****,04-7*****,否,,,,,,,
16,張文潔,111年臺北市議員選舉,首次申報,1110901,宣傳支出,台灣寶萬有限公司,24465176,0.00,208000.00,,,,宣傳廣告費用-口罩,金錢,新北市五股區****,8295*****,否,,,,,,,
17,張文潔,111年臺北市議員選舉,首次申報,1110901,租用宣傳車輛支出,德緯汽車有限公司,86138378,0.00,27850.00,,,,汽車零件&工資,金錢,臺北市松山區****,02-2*****,否,,,,,,,
18,張文潔,111年臺北市議員選舉,首次申報,1110902,集會支出,鮮道排股份有限公司,90273831,0.00,8000.00,,,,吳興市場場租,金錢,臺北市信義區****,02-2*****,否,,,,,,,
19,張文潔,111年臺北市議員選舉,首次申報,1110904,集會支出,洪皇帝有限公司,28324705,0.00,18600.00,,,,餐飲費用-中秋節活動枝仔冰x,金錢,新北市蘆洲區****,02-2*****,否,,,,,,,
20,張文潔,111年臺北市議員選舉,首次申報,1110904,集會支出,敘香園餐廳有限公司,50775041,0.00,120582.00,,,,餐飲費用,金錢,臺北市中山區****,02-2*****,否,,,,,,,
21,張文潔,111年臺北市議員選舉,首次申報,1110906,人事費用支出,吳杰紘,A12*******,0.00,42650.00,,,,薪津-月份人事費用,金錢,臺北市北投區****,0979*****,否,,,,,,,
22,張文潔,111年臺北市議員選舉,首次申報,1110912,宣傳支出,三竹資訊股份有限公司,86136982,0.00,20000.00,,,,購買點數,金錢,臺北市中山區****,,否,,,,,,,
23,張文潔,111年臺北市議員選舉,首次申報,1110914,宣傳支出,芩泰行,02352466,0.00,15500.00,,,,製作宣傳廣告費用-g平安福花蓮米包,金錢,新北市永和區****,02-2*****,否,,,,,,,
24,張文潔,111年臺北市議員選舉,首次申報,1110914,宣傳支出,中華郵政股份有限公司台北民生郵局,04166729,0.00,155390.00,,,,郵寄競選總部邀請函,金錢,臺北市松山區****,02-2*****,否,,,,,,,
25,張文潔,111年臺北市議員選舉,首次申報,1110914,宣傳支出,中華郵政股份有限公司台北民生郵局,04166729,0.00,712.00,,,,郵寄競選總部邀請函,金錢,臺北市松山區****,02-2*****,否,,,,,,,
26,張文潔,111年臺北市議員選舉,首次申報,1110914,宣傳支出,草人君多媒體有限公司,90176726,0.00,300000.00,,,,影片製作,金錢,新北市板橋區****,,否,,,,,,,
27,張文潔,111年臺北市議員選舉,首次申報,1110916,宣傳支出,冠閣有限公司,16428959,0.00,62500.00,,,,宣傳廣告費用-飲用水箱x,金錢,桃園市汴洲里****,03-3*****,否,,,,,,,
28,張文潔,111年臺北市議員選舉,首次申報,1110916,宣傳支出,坎誠廣告社,18462518,0.00,4800.00,,,,投遞文宣x.,金錢,桃園市桃園區****,03-3*****,否,,,,,,,
29,張文潔,111年臺北市議員選舉,首次申報,1110916,宣傳支出,坎誠廣告社,18462518,0.00,4800.00,,,,投遞文宣x.,金錢,桃園市桃園區****,03-3*****,否,,,,,,,
30,張文潔,111年臺北市議員選舉,首次申報,1110916,宣傳支出,強葳國際有限公司,27954964,0.00,133875.00,,,,製作競選物品宣傳廣告費用-公斤專用垃圾袋一批,金錢,臺北市中山區****,02-2*****,否,,,,,,,
31,張文潔,111年臺北市議員選舉,首次申報,1110917,公共關係費用支出,花卉營業人(1113),01225800,0.00,2000.00,,,,花盆,金錢,臺北市內湖區****,02-8*****,否,,,,,,,
32,張文潔,111年臺北市議員選舉,首次申報,1110917,宣傳支出,坎誠廣告社,18462518,0.00,4800.00,,,,投遞文宣x.,金錢,桃園市桃園區****,03-3*****,否,,,,,,,
33,張文潔,111年臺北市議員選舉,首次申報,1110917,宣傳支出,坎誠廣告社,18462518,0.00,4800.00,,,,投遞文宣x.,金錢,桃園市桃園區****,03-3*****,否,,,,,,,
34,張文潔,111年臺北市議員選舉,首次申報,1110919,宣傳支出,坎誠廣告社,18462518,0.00,4800.00,,,,投遞文宣x.,金錢,桃園市桃園區****,03-3*****,否,,,,,,,
35,張文潔,111年臺北市議員選舉,首次申報,1110919,宣傳支出,坎誠廣告社,18462518,0.00,4800.00,,,,投遞文宣x.,金錢,桃園市桃園區****,03-3*****,否,,,,,,,
36,張文潔,111年臺北市議員選舉,首次申報,1110920,宣傳支出,坎誠廣告社,18462518,0.00,4800.00,,,,投遞文宣x.,金錢,桃園市桃園區****,03-3*****,否,,,,,,,
37,張文潔,111年臺北市議員選舉,首次申報,1110920,宣傳支出,坎誠廣告社,18462518,0.00,4800.00,,,,投遞文宣x.,金錢,桃園市桃園區****,03-3*****,否,,,,,,,
38,張文潔,111年臺北市議員選舉,首次申報,1110920,宣傳支出,耐製文創有限公司,24781130,0.00,42945.00,,,,印有張文潔的T恤,金錢,臺北市萬華區****,,否,,,,,,,
39,張文潔,111年臺北市議員選舉,首次申報,1110921,宣傳支出,坎誠廣告社,18462518,0.00,4800.00,,,,投遞文宣x.,金錢,桃園市桃園區****,03-3*****,否,,,,,,,
40,張文潔,111年臺北市議員選舉,首次申報,1110921,宣傳支出,坎誠廣告社,18462518,0.00,4800.00,,,,投遞文宣x.,金錢,桃園市桃園區****,03-3*****,否,,,,,,,
41,張文潔,111年臺北市議員選舉,首次申報,1110921,宣傳支出,瑞司廣告整合有限公司,85126352,0.00,13860.00,,,,氣球背包,金錢,新北市三重區****,,否,,,,,,,
42,張文潔,111年臺北市議員選舉,首次申報,1110922,宣傳支出,坎誠廣告社,18462518,0.00,4800.00,,,,投遞文宣x.,金錢,桃園市桃園區****,03-3*****,否,,,,,,,
43,張文潔,111年臺北市議員選舉,首次申報,1110922,宣傳支出,坎誠廣告社,18462518,0.00,4800.00,,,,投遞文宣x.,金錢,桃園市桃園區****,03-3*****,否,,,,,,,
44,張文潔,111年臺北市議員選舉,首次申報,1110922,集會支出,蒼龍寶馬國際企業社,26359093,0.00,52000.00,,,,吳興街攤位場租費月+月份,金錢,臺北市信義區****,02-8*****,否,,,,,,,
45,張文潔,111年臺北市議員選舉,首次申報,1110922,集會支出,麗庭莊園有限公司88號樂章婚宴會館,73655292,0.00,52080.00,,,,餐飲費用,金錢,臺北市內湖區****,02-2*****,否,,,,,,,
46,張文潔,111年臺北市議員選舉,首次申報,1110922,宣傳支出,文昌企業社,98918188,0.00,173900.00,,,,印刷品-製作競選文宣,金錢,臺北市南港區****,02-2*****,否,,,,,,,
47,張文潔,111年臺北市議員選舉,首次申報,1110923,宣傳支出,坎誠廣告社,18462518,0.00,2400.00,,,,投遞文宣x.,金錢,桃園市桃園區****,03-3*****,否,,,,,,,
48,張文潔,111年臺北市議員選舉,首次申報,1110923,租用宣傳車輛支出,太旭建設開發股份有限公司,25142955,0.00,48000.00,,,,車位租金x(二個月),金錢,臺北市松山區****,02-2*****,否,,,,,,,
49,張文潔,111年臺北市議員選舉,首次申報,1110923,宣傳支出,禮想家網路贈品股份有限公司,28888154,0.00,7250.00,,,,製作競選物品-YP背心件,金錢,新北市汐止區****,02-2*****,否,,,,,,,
50,張文潔,111年臺北市議員選舉,首次申報,1110923,人事費用支出,高大為,A12*******,0.00,1600.00,,,,薪津-月人事費用,金錢,臺北市大同區****,0939*****,否,,,,,,,
51,張文潔,111年臺北市議員選舉,首次申報,1110923,人事費用支出,鄭志穎,R12*******,0.00,1400.00,,,,薪津-月人事費用,金錢,新北市三重區****,0939*****,否,,,,,,,
52,張文潔,111年臺北市議員選舉,首次申報,1110925,集會支出,台北市交通義勇警察大隊,,0.00,14560.00,,,,競選總部成立Pm:-Pm: 人,金錢,臺北市中正區****,,否,,,,,,,
53,張文潔,111年臺北市議員選舉,首次申報,1110925,集會支出,冠威音响有限公司,28865687,0.00,72450.00,,,,競選總部成立帳棚搭設施工,金錢,臺北市信義區****,02-2*****,否,,,,,,,
54,張文潔,111年臺北市議員選舉,首次申報,1110925,集會支出,龔芸,A22*******,0.00,4000.00,,,,競選總部成立-活動拍照,金錢,臺北市信義區****,0937*****,否,,,,,,,
55,張文潔,111年臺北市議員選舉,首次申報,1110925,集會支出,莊文誠,H12*******,0.00,4000.00,,,,莊文誠,金錢,新北市土城區****,0937*****,否,,,,,,,
56,張文潔,111年臺北市議員選舉,首次申報,1110926,宣傳支出,禮想家網路贈品股份有限公司,28888154,0.00,2100.00,,,,製作競選物品-YP背心件&運費,金錢,新北市汐止區****,02-2*****,否,,,,,,,
57,張文潔,111年臺北市議員選舉,首次申報,1110926,租用宣傳車輛支出,北都汽車股份有限公司南港分公司,53675708,0.00,4339.00,,,,汽車保養費,金錢,臺北市南港區****,,否,,,,,,,
58,張文潔,111年臺北市議員選舉,首次申報,1110926,宣傳支出,跡馬整合行銷有限公司,90444624,0.00,13125.00,,,,文宣設計,金錢,新北市三重區****,02-2*****,否,,,,,,,
59,張文潔,111年臺北市議員選舉,首次申報,1110926,宣傳支出,文昌企業社,98918188,0.00,8695.00,,,,印刷品-製作競選文宣,金錢,臺北市南港區****,02-2*****,否,,,,,,,
60,張文潔,111年臺北市議員選舉,首次申報,1110927,集會支出,聖德企業社,88292093,0.00,18900.00,,,,競選總部成立-鼓隊,金錢,臺北市松山區****,02-2*****,否,,,,,,,
61,張文潔,111年臺北市議員選舉,首次申報,1110928,集會支出,弘民有限公司,50770854,0.00,7350.00,,,,競選總部成立流動廁所租賃,金錢,臺北市中正區****,02-7*****,否,,,,,,,
62,張文潔,111年臺北市議員選舉,首次申報,1110929,宣傳支出,龍珥創意工作室,42414896,0.00,150150.00,,,,製作競選物品-台灣防疫紀念杯個x元,金錢,臺北市中山區****,02-2*****,否,,,,,,,
63,張文潔,111年臺北市議員選舉,首次申報,1110929,租用競選辦事處支出,晶吉電訊事業有限公司,53124682,0.00,5000.00,,,,通訊器材一批-競選總部電話Wifi牽線,金錢,臺北市南港區****,02-2*****,否,,,,,,,
64,張文潔,111年臺北市議員選舉,首次申報,1110930,宣傳支出,誼昌文具印刷有限公司,20913264,0.00,106480.00,,,,文具印刷品一批,金錢,臺北市松山區****,02-2*****,否,,,,,,,
65,張文潔,111年臺北市議員選舉,首次申報,1110930,集會支出,鮮道排股份有限公司,90273831,0.00,6000.00,,,,場租,金錢,臺北市信義區****,02-2*****,否,,,,,,,
66,張文潔,111年臺北市議員選舉,首次申報,1110930,宣傳支出,尚宏印刷商行,98829138,0.00,15000.00,,,,廣告筆記本,金錢,彰化縣彰化市****,04-7*****,否,,,,,,,
67,張文潔,111年臺北市議員選舉,首次申報,1111001,集會支出,洪皇帝有限公司,28324705,0.00,7200.00,,,,餐飲費用-中秋節活動枝仔冰x,金錢,新北市蘆洲區****,02-2*****,否,,,,,,,
68,張文潔,111年臺北市議員選舉,首次申報,1111001,宣傳支出,思潮網路科技有限公司,90587431,0.00,18900.00,,,,傳送宣傳廣告費用-社群數位轉型系統導入與顧問,金錢,臺北市中山區****,,否,,,,,,,
69,張文潔,111年臺北市議員選舉,首次申報,1111002,宣傳支出,宸采創意有限公司,29173233,0.00,912608.00,,,,競選廣告物製作一批,金錢,新北市永和區****,02-2*****,否,,,,,,,
70,張文潔,111年臺北市議員選舉,首次申報,1111003,宣傳支出,冠閣有限公司,16428959,0.00,133000.00,,,,宣傳廣告費用-飲用水箱x,金錢,桃園市汴洲里****,03-3*****,否,,,,,,,
71,張文潔,111年臺北市議員選舉,首次申報,1111004,宣傳支出,毅通網路股份有限公司,27339650,0.00,47721.00,,,,語音託播,金錢,臺北市大安區****,02-8*****,否,,,,,,,
72,張文潔,111年臺北市議員選舉,首次申報,1111005,人事費用支出,吳杰紘,A12*******,0.00,56525.00,,,,薪津-月份人事費用,金錢,臺北市北投區****,0979*****,否,,,,,,,
73,張文潔,111年臺北市議員選舉,首次申報,1111006,公共關係費用支出,花卉營業人(1113),01225800,0.00,2000.00,,,,花盆,金錢,臺北市內湖區****,02-8*****,否,,,,,,,
74,張文潔,111年臺北市議員選舉,首次申報,1111006,宣傳支出,潤豐創意行銷有限公司,83797587,0.00,210000.00,,,,廣告面紙,金錢,新北市中和區****,02-2*****,否,,,,,,,
75,張文潔,111年臺北市議員選舉,首次申報,1111006,人事費用支出,高大為,A12*******,0.00,5200.00,,,,薪津-月人事費用,金錢,臺北市大同區****,0939*****,否,,,,,,,
76,張文潔,111年臺北市議員選舉,首次申報,1111006,人事費用支出,廖婕妘,A22*******,0.00,2000.00,,,,薪津-月人事費用,金錢,臺北市大同區****,0955*****,否,,,,,,,
77,張文潔,111年臺北市議員選舉,首次申報,1111006,人事費用支出,鄭志穎,R12*******,0.00,3200.00,,,,薪津-月人事費用,金錢,新北市三重區****,0989*****,否,,,,,,,
78,張文潔,111年臺北市議員選舉,首次申報,1111007,公共關係費用支出,花卉營業人(1113),01225800,0.00,2000.00,,,,花盆,金錢,臺北市內湖區****,02-8*****,否,,,,,,,
79,張文潔,111年臺北市議員選舉,首次申報,1111010,人事費用支出,味多美麵包店,10305229,0.00,700.00,,,,許秀雲里長生日蛋糕,金錢,臺北市信義區****,02-2*****,否,,,,,,,
80,張文潔,111年臺北市議員選舉,首次申報,1111011,宣傳支出,瑞司廣告整合有限公司,85126352,0.00,27615.00,,,,氣球背包,金錢,新北市三重區****,,否,,,,,,,
81,張文潔,111年臺北市議員選舉,首次申報,1111012,人事費用支出,陳慶曲,F12*******,0.00,1100.00,,,,薪津-月人事費用,金錢,新北市板橋區****,0955*****,否,,,,,,,
82,張文潔,111年臺北市議員選舉,首次申報,1111012,人事費用支出,丁凡雅,F22*******,0.00,1100.00,,,,薪津-月人事費用,金錢,新北市板橋區****,0976*****,否,,,,,,,
83,張文潔,111年臺北市議員選舉,首次申報,1111013,租用宣傳車輛支出,李世雄,Q12*******,0.00,176200.00,,,,雇用宣傳車輛駕駛費用,金錢,臺北市內湖區****,0910*****,否,,,,,,,
84,張文潔,111年臺北市議員選舉,首次申報,1111014,宣傳支出,台北流行廣播股份有限公司,89469581,0.00,100000.00,,,,廣告費,金錢,臺北市中正區****,02-2*****,否,,,,,,,
85,張文潔,111年臺北市議員選舉,首次申報,1111014,宣傳支出,全景社區廣播電台股份有限公司,89972674,0.00,100000.00,,,,廣告費,金錢,臺北市信義區****,02-2*****,否,,,,,,,
86,張文潔,111年臺北市議員選舉,首次申報,1111014,宣傳支出,三一九機器有限公司,90493835,0.00,94605.00,,,,製作競選物品-口罩x.,金錢,臺中市南區工****,0965*****,否,,,,,,,
87,張文潔,111年臺北市議員選舉,首次申報,1111015,宣傳支出,策思整合行銷有限公司,90656534,0.00,31500.00,,,,網路行銷,金錢,臺北市中正區****,0932*****,否,,,,,,,
88,張文潔,111年臺北市議員選舉,首次申報,1111017,人事費用支出,高大為,A12*******,0.00,14900.00,,,,薪津-月人事費用,金錢,臺北市大同區****,0939*****,否,,,,,,,
89,張文潔,111年臺北市議員選舉,首次申報,1111017,人事費用支出,廖婕妘,A22*******,0.00,12900.00,,,,薪津-月人事費用,金錢,臺北市大同區****,0955*****,否,,,,,,,
90,張文潔,111年臺北市議員選舉,首次申報,1111017,人事費用支出,鄭志穎,R12*******,0.00,8700.00,,,,薪津-月人事費用,金錢,新北市三重區****,0989*****,否,,,,,,,
91,張文潔,111年臺北市議員選舉,首次申報,1111018,公共關係費用支出,金格食品股份有限公司,01628536,0.00,300.00,,,,福成里長葉佐良生日蛋糕,金錢,臺北市松山區****,02-2*****,否,,,,,,,
92,張文潔,111年臺北市議員選舉,首次申報,1111018,宣傳支出,草人君多媒體有限公司,90176726,0.00,200000.00,,,,影片製作,金錢,新北市板橋區****,,否,,,,,,,
93,張文潔,111年臺北市議員選舉,首次申報,1111018,宣傳支出,策思整合行銷有限公司,90656534,0.00,36750.00,,,,網路行銷,金錢,臺北市中正區****,0932*****,否,,,,,,,
94,張文潔,111年臺北市議員選舉,首次申報,1111019,公共關係費用支出,金格食品股份有限公司,01628536,0.00,264.00,,,,王正雄里長太太生日蛋糕,金錢,臺北市松山區****,02-2*****,否,,,,,,,
95,張文潔,111年臺北市議員選舉,首次申報,1111019,雜支支出,大達工程行,26372785,0.00,4000.00,,,,角鐵架,金錢,臺北市信義區****,02-2*****,否,,,,,,,
96,張文潔,111年臺北市議員選舉,首次申報,1111021,宣傳支出,強葳國際有限公司,27954964,0.00,89250.00,,,,製作競選物品宣傳廣告費用-公斤專用垃圾袋一批,金錢,臺北市中山區****,02-2*****,否,,,,,,,
97,張文潔,111年臺北市議員選舉,首次申報,1111022,宣傳支出,策思整合行銷有限公司,90656534,0.00,36750.00,,,,網路行銷,金錢,臺北市中正區****,0932*****,否,,,,,,,
98,張文潔,111年臺北市議員選舉,首次申報,1111024,宣傳支出,宸緯資訊有限公司,70644791,0.00,94500.00,,,,發送電信簡訊費用,金錢,雲林縣斗六市****,05-5*****,否,,,,,,,
99,張文潔,111年臺北市議員選舉,首次申報,1111024,雜支支出,基因庫科技有限公司,80636503,0.00,15500.00,,,,貼紙一批,金錢,新北市新店區****,02-2*****,否,,,,,,,
100,張文潔,111年臺北市議員選舉,首次申報,1111026,公共關係費用支出,花卉營業人(1113),01225800,0.00,2000.00,,,,花盆,金錢,臺北市內湖區****,02-8*****,否,,,,,,,
101,張文潔,111年臺北市議員選舉,首次申報,1111026,雜支支出,中華電信股份有限公司,81691784,0.00,21271.00,,,,電信費用,金錢,臺北市大安區****,,否,,,,,,,
102,張文潔,111年臺北市議員選舉,首次申報,1111026,宣傳支出,策思整合行銷有限公司,90656534,0.00,36750.00,,,,網路行銷,金錢,臺北市中正區****,0932*****,否,,,,,,,
103,張文潔,111年臺北市議員選舉,首次申報,1111027,雜支支出,台灣電力股份有限公司,03765704,0.00,16676.00,,,,松山競選總部電費++,金錢,臺北市大安區****,1911*****,否,,,,,,,
104,張文潔,111年臺北市議員選舉,首次申報,1111027,宣傳支出,中華郵政股份有限公司台北民生郵局,04166729,0.00,157248.00,,,,郵寄競選文宣,金錢,臺北市松山區****,02-2*****,否,,,,,,,
105,張文潔,111年臺北市議員選舉,首次申報,1111027,租用競選辦事處支出,嶺東水電冷氣行,48687063,0.00,4800.00,,,,水電裝燈拉線一式個x=,金錢,臺北市信義區****,02-2*****,否,,,,,,,
106,張文潔,111年臺北市議員選舉,首次申報,1111027,宣傳支出,三一九機器有限公司,90493835,0.00,44625.00,,,,製作競選物品-口罩x.,金錢,臺中市南區工****,0965*****,否,,,,,,,
107,張文潔,111年臺北市議員選舉,首次申報,1111027,人事費用支出,高大為,A12*******,0.00,8300.00,,,,薪津-月人事費用,金錢,臺北市大同區****,0939*****,否,,,,,,,
108,張文潔,111年臺北市議員選舉,首次申報,1111027,人事費用支出,鄭志穎,R12*******,0.00,7600.00,,,,月人事費用,金錢,新北市三重區****,0989*****,否,,,,,,,
109,張文潔,111年臺北市議員選舉,首次申報,1111028,公共關係費用支出,花卉營業人(1113),01225800,0.00,1500.00,,,,花盆,金錢,臺北市內湖區****,02-8*****,否,,,,,,,
110,張文潔,111年臺北市議員選舉,首次申報,1111028,雜支支出,台灣盛前運輸股份有限公司,49727628,0.00,6460.00,,,,濕紙巾運費,金錢,彰化縣大村鄉****,04-8*****,否,,,,,,,
111,張文潔,111年臺北市議員選舉,首次申報,1111028,租用宣傳車輛支出,北都汽車股份有限公司新店第四分公司,91065277,0.00,10000.00,,,,汽車保養費,金錢,新北市新店區****,,否,,,,,,,
112,張文潔,111年臺北市議員選舉,首次申報,1111028,宣傳支出,漁歌展業股份有限公司,96961862,0.00,529200.00,,,,車體廣告,金錢,臺北市中山區****,02-2*****,否,,,,,,,
113,張文潔,111年臺北市議員選舉,首次申報,1111030,集會支出,銳哥企業社,88138698,0.00,8000.00,,,,孩子王劇團親子同樂會活動音響,金錢,臺北市大安區****,0931*****,否,,,,,,,
114,張文潔,111年臺北市議員選舉,首次申報,1111030,宣傳支出,三一九機器有限公司,90493835,0.00,26775.00,,,,製作競選物品-口罩x.,金錢,臺中市南區工****,0965*****,否,,,,,,,
115,張文潔,111年臺北市議員選舉,首次申報,1111030,集會支出,劉興星,A12*******,0.00,4000.00,,,,活動雞蛋糕攤位,金錢,新北市新店區****,0935*****,否,,,,,,,
116,張文潔,111年臺北市議員選舉,首次申報,1111030,集會支出,吳奇鴻,C12*******,0.00,15000.00,,,,孩子王劇團魔術表演+鳳凰姊姊說故事,金錢,臺北市萬華區****,0938*****,否,,,,,,,
117,張文潔,111年臺北市議員選舉,首次申報,1111031,宣傳支出,誼昌文具印刷有限公司,20913264,0.00,235193.00,,,,文具印刷品一批,金錢,臺北市松山區****,02-2*****,否,,,,,,,
118,張文潔,111年臺北市議員選舉,首次申報,1111031,宣傳支出,人人廣播股份有限公司,84966081,0.00,99500.00,,,,廣告託播,金錢,臺北市松山區****,02-2*****,否,,,,,,,
119,張文潔,111年臺北市議員選舉,首次申報,1111031,宣傳支出,尚宏印刷商行,98829138,0.00,10000.00,,,,廣告筆記本,金錢,彰化縣彰化市****,04-7*****,否,,,,,,,
120,張文潔,111年臺北市議員選舉,首次申報,1111101,集會支出,蒼龍寶馬國際企業社,26359093,0.00,22000.00,,,,吳興街攤位場租費月份,金錢,臺北市信義區****,02-8*****,否,,,,,,,
121,張文潔,111年臺北市議員選舉,首次申報,1111101,宣傳支出,文昌企業社,98918188,0.00,110670.00,,,,印刷品-製作競選文宣,金錢,臺北市南港區****,02-2*****,否,,,,,,,
122,張文潔,111年臺北市議員選舉,首次申報,1111101,人事費用支出,余沈春蘭,H20*******,0.00,10480.00,,,,月份志工費用,金錢,臺北市信義區****,0936*****,否,,,,,,,
123,張文潔,111年臺北市議員選舉,首次申報,1111102,公共關係費用支出,金格食品股份有限公司,01628536,0.00,510.00,,,,里長蛋糕,金錢,臺北市松山區****,02-2*****,否,,,,,,,
124,張文潔,111年臺北市議員選舉,首次申報,1111103,宣傳支出,坎城廣告社,18462518,0.00,8400.00,,,,文宣投遞*.,金錢,桃園市桃園區****,03-3*****,否,,,,,,,
125,張文潔,111年臺北市議員選舉,首次申報,1111103,宣傳支出,豐森有限公司,27760637,0.00,141750.00,,,,宣傳面紙x.,金錢,臺北市松山區****,02-2*****,否,,,,,,,
126,張文潔,111年臺北市議員選舉,首次申報,1111104,返還捐贈支出,勝文圖書書報社,17259903,0.00,15000.00,,,,返還,金錢,臺北市大安區****,,否,,,,,,,
127,張文潔,111年臺北市議員選舉,首次申報,1111104,宣傳支出,坎城廣告社,18462518,0.00,8400.00,,,,文宣投遞*.,金錢,桃園市桃園區****,03-3*****,否,,,,,,,
128,張文潔,111年臺北市議員選舉,首次申報,1111104,集會支出,弘民有限公司,50770854,0.00,7350.00,,,,流動廁所租賃,金錢,臺北市中正區****,02-7*****,否,,,,,,,
129,張文潔,111年臺北市議員選舉,首次申報,1111104,集會支出,弘民有限公司,50770854,0.00,7350.00,,,,流動廁所租賃,金錢,臺北市中正區****,02-7*****,否,,,,,,,
130,張文潔,111年臺北市議員選舉,首次申報,1111104,返還捐贈支出,茂園貿易有限公司,53537754,0.00,50000.00,,,,返還,金錢,臺北市中山區****,,否,,,,,,,
131,張文潔,111年臺北市議員選舉,首次申報,1111104,宣傳支出,正紘企業社,72340372,0.00,6930.00,,,,廣告宣傳筆x.,金錢,臺中市潭子區****,0975*****,否,,,,,,,
132,張文潔,111年臺北市議員選舉,首次申報,1111104,返還捐贈支出,旭日聯合建築師事務所,81586517,0.00,10000.00,,,,返還,金錢,臺北市信義區****,,否,,,,,,,
133,張文潔,111年臺北市議員選舉,首次申報,1111104,返還捐贈支出,歐牧國際有限公司,83082750,0.00,5000.00,,,,返還,金錢,台北市撫遠街****,,否,,,,,,,
134,張文潔,111年臺北市議員選舉,首次申報,1111104,宣傳支出,三一九機器有限公司,90493835,0.00,47985.00,,,,製作競選物品-口罩x.自黏袋,金錢,臺中市南區工****,0965*****,否,,,,,,,
135,張文潔,111年臺北市議員選舉,首次申報,1111104,人事費用支出,李明來,A10*******,0.00,45000.00,,,,薪資,金錢,臺北市大安區****,0921*****,否,,,,,,,
136,張文潔,111年臺北市議員選舉,首次申報,1111104,人事費用支出,黃德三,F10*******,0.00,7040.00,,,,垃圾點發傳單,金錢,臺北市松山區****,0935*****,否,,,,,,,
137,張文潔,111年臺北市議員選舉,首次申報,1111104,人事費用支出,陳國明,G12*******,0.00,28500.00,,,,薪資,金錢,臺北市松山區****,0939*****,否,,,,,,,
138,張文潔,111年臺北市議員選舉,首次申報,1111104,人事費用支出,何幸美,H22*******,0.00,1920.00,,,,垃圾點發傳單,金錢,臺北市松山區****,0910*****,否,,,,,,,
139,張文潔,111年臺北市議員選舉,首次申報,1111104,人事費用支出,戴昌龍,J12*******,0.00,3840.00,,,,垃圾點發傳單,金錢,臺北市松山區****,0932*****,否,,,,,,,
140,張文潔,111年臺北市議員選舉,首次申報,1111104,人事費用支出,梁漢榮,L10*******,0.00,28500.00,,,,薪資,金錢,臺北市內湖區****,0912*****,否,,,,,,,
141,張文潔,111年臺北市議員選舉,首次申報,1111105,宣傳支出,坎城廣告社,18462518,0.00,8400.00,,,,文宣投遞*.,金錢,桃園市桃園區****,03-3*****,否,,,,,,,
142,張文潔,111年臺北市議員選舉,首次申報,1111105,人事費用支出,吳杰紘,A12*******,0.00,59075.00,,,,薪津-月人事費用,金錢,臺北市北投區****,0979*****,否,,,,,,,
143,張文潔,111年臺北市議員選舉,首次申報,1111105,人事費用支出,陳淑玲,F22*******,0.00,4160.00,,,,工資-垃圾點,金錢,臺北市中山區****,0921*****,否,,,,,,,
144,張文潔,111年臺北市議員選舉,首次申報,1111105,人事費用支出,吳佩涵,S22*******,0.00,3520.00,,,,工資-垃圾點,金錢,臺北市中山區****,0913*****,否,,,,,,,
145,張文潔,111年臺北市議員選舉,首次申報,1111106,公共關係費用支出,花卉營業人(1113),01225800,0.00,1500.00,,,,花盆,金錢,臺北市內湖區****,02-8*****,否,,,,,,,
146,張文潔,111年臺北市議員選舉,首次申報,1111106,集會支出,冠威音响有限公司,28865687,0.00,200.00,,,,對講機租用,金錢,臺北市信義區****,02-2*****,否,,,,,,,
147,張文潔,111年臺北市議員選舉,首次申報,1111106,集會支出,冠威音响有限公司,28865687,0.00,125600.00,,,,音響租用ˋ帳棚搭設ˋ圓椅租用ˋ長木桌租用,金錢,臺北市信義區****,02-2*****,否,,,,,,,
148,張文潔,111年臺北市議員選舉,首次申報,1111106,宣傳支出,王瑞德,A12*******,0.00,20000.00,,,,助講費,金錢,新北市板橋區****,0920*****,否,,,,,,,
149,張文潔,111年臺北市議員選舉,首次申報,1111106,人事費用支出,廖婕妘,A22*******,0.00,18700.00,,,,月人事費用,金錢,臺北市大同區****,0955*****,否,,,,,,,
150,張文潔,111年臺北市議員選舉,首次申報,1111106,集會支出,吳奇鴻,C12*******,0.00,12000.00,,,,孩子王劇團魔術表演,金錢,臺北市萬華區****,0938*****,否,,,,,,,
151,張文潔,111年臺北市議員選舉,首次申報,1111106,人事費用支出,林美蓉,C22*******,0.00,36920.00,,,,薪資,金錢,臺北市松山區****,0989*****,否,,,,,,,
152,張文潔,111年臺北市議員選舉,首次申報,1111107,公共關係費用支出,花卉營業人(1113),01225800,0.00,1500.00,,,,花盆,金錢,臺北市內湖區****,02-8*****,否,,,,,,,
153,張文潔,111年臺北市議員選舉,首次申報,1111107,宣傳支出,坎城廣告社,18462518,0.00,8400.00,,,,文宣投遞*.,金錢,桃園市桃園區****,03-3*****,否,,,,,,,
154,張文潔,111年臺北市議員選舉,首次申報,1111107,人事費用支出,陳雅芳,F22*******,0.00,15600.00,,,,月人事費用,金錢,新北市三重區****,0901*****,否,,,,,,,
155,張文潔,111年臺北市議員選舉,首次申報,1111108,宣傳支出,坎城廣告社,18462518,0.00,8400.00,,,,文宣投遞*.,金錢,桃園市桃園區****,03-3*****,否,,,,,,,
156,張文潔,111年臺北市議員選舉,首次申報,1111108,宣傳支出,台灣寶萬有限公司,24465176,0.00,207700.00,,,,製作競選物品-一般醫療口罩,金錢,新北市五股區****,02-8*****,否,,,,,,,
157,張文潔,111年臺北市議員選舉,首次申報,1111108,宣傳支出,禮想家網路贈品股份有限公司,28888154,0.00,14500.00,,,,製作競選物品-YP背心件,金錢,新北市汐止區****,02-2*****,否,,,,,,,
158,張文潔,111年臺北市議員選舉,首次申報,1111108,宣傳支出,綠色和平廣播股份有限公司,89339531,0.00,192000.00,,,,廣告託播費,金錢,新北市三重區****,02-2*****,否,,,,,,,
159,張文潔,111年臺北市議員選舉,首次申報,1111109,宣傳支出,杉立廣告工程行,81691686,0.00,35175.00,,,,布條廣告招牌,金錢,臺北市信義區****,02-2*****,否,,,,,,,
160,張文潔,111年臺北市議員選舉,首次申報,1111110,宣傳支出,永昌文具用品有限公司,70473585,0.00,5069.00,,,,橡皮擦個x&彩虹筆x.,金錢,臺北市中山區****,02-2*****,否,,,,,,,
161,張文潔,111年臺北市議員選舉,首次申報,1111110,宣傳支出,策思整合行銷有限公司,90656534,0.00,36750.00,,,,網路行銷,金錢,臺北市中正區****,0932*****,否,,,,,,,
162,張文潔,111年臺北市議員選舉,首次申報,1111110,人事費用支出,謝桑錦,A21*******,0.00,3040.00,,,,貼卡工資,金錢,臺北市松山區****,0981*****,否,,,,,,,
163,張文潔,111年臺北市議員選舉,首次申報,1111110,人事費用支出,郭麗玉,C20*******,0.00,3360.00,,,,貼邀請卡&垃圾點發傳單,金錢,臺北市松山區****,0972*****,否,,,,,,,
164,張文潔,111年臺北市議員選舉,首次申報,1111110,人事費用支出,楊純麗,C20*******,0.00,3040.00,,,,工資-貼卡志工費,金錢,臺北市松山區****,0939*****,否,,,,,,,
165,張文潔,111年臺北市議員選舉,首次申報,1111110,人事費用支出,謝忠和,N10*******,0.00,2560.00,,,,垃圾點發傳單,金錢,臺北市松山區****,,否,,,,,,,
166,張文潔,111年臺北市議員選舉,首次申報,1111110,人事費用支出,范魏寶珠,N20*******,0.00,2560.00,,,,垃圾點發傳單,金錢,臺北市松山區****,0919*****,否,,,,,,,
167,張文潔,111年臺北市議員選舉,首次申報,1111111,集會支出,弘民有限公司,50770854,0.00,4200.00,,,,流動廁所租賃座,金錢,臺北市中正區****,02-7*****,否,,,,,,,
168,張文潔,111年臺北市議員選舉,首次申報,1111111,宣傳支出,草人君多媒體有限公司,90176726,0.00,125000.00,,,,影片製作,金錢,新北市板橋區****,02-2*****,否,,,,,,,
169,張文潔,111年臺北市議員選舉,首次申報,1111112,集會支出,劉興星,A12*******,0.00,4000.00,,,,親子活動雞蛋糕攤位,金錢,新北市新店區****,0935*****,否,,,,,,,
170,張文潔,111年臺北市議員選舉,首次申報,1111112,集會支出,吳奇鴻,C12*******,0.00,15000.00,,,,孩子王劇團表演,金錢,臺北市萬華區****,0938*****,否,,,,,,,
171,張文潔,111年臺北市議員選舉,首次申報,1111113,公共關係費用支出,花卉營業人,01223768,0.00,8000.00,,,,盆栽,金錢,臺北市內湖區****,02-2*****,否,,,,,,,
172,張文潔,111年臺北市議員選舉,首次申報,1111113,公共關係費用支出,花卉營業人,01223768,0.00,8000.00,,,,盆栽,金錢,臺北市內湖區****,02-2*****,否,,,,,,,
173,張文潔,111年臺北市議員選舉,首次申報,1111113,公共關係費用支出,花卉營業人,01223768,0.00,6000.00,,,,盆栽,金錢,臺北市內湖區****,02-2*****,否,,,,,,,
174,張文潔,111年臺北市議員選舉,首次申報,1111113,集會支出,明春雜貨商行,21253986,0.00,1800.00,,,,活動麻糬x,金錢,臺北市信義區****,02-2*****,否,,,,,,,
175,張文潔,111年臺北市議員選舉,首次申報,1111113,集會支出,冠威音响有限公司,28865687,0.00,32000.00,,,,音響租用x&發電機租用x,金錢,臺北市信義區****,02-2*****,否,,,,,,,
176,張文潔,111年臺北市議員選舉,首次申報,1111113,集會支出,劉興星,A12*******,0.00,4000.00,,,,親子活動雞蛋糕攤位,金錢,新北市新店區****,0935*****,否,,,,,,,
177,張文潔,111年臺北市議員選舉,首次申報,1111113,集會支出,吳奇鴻,C12*******,0.00,15000.00,,,,孩子王劇團表演,金錢,臺北市萬華區****,0938*****,否,,,,,,,
178,張文潔,111年臺北市議員選舉,首次申報,1111115,宣傳支出,漁歌展業股份有限公司,96961862,0.00,21000.00,,,,車體廣告,金錢,臺北市中山區****,02-2*****,否,,,,,,,
179,張文潔,111年臺北市議員選舉,首次申報,1111116,宣傳支出,三竹資訊股份有限公司,86136982,0.00,80000.00,,,,購買點數點(簡訊費),金錢,臺北市中山區****,,否,,,,,,,
180,張文潔,111年臺北市議員選舉,首次申報,1111116,返還捐贈支出,黃楚軒,D12*******,0.00,100000.00,,,,返還,金錢,臺北市松山區****,,否,,,,,,,
181,張文潔,111年臺北市議員選舉,首次申報,1111119,公共關係費用支出,花卉營業人(1113),01225800,0.00,1500.00,,,,花盆,金錢,臺北市內湖區****,02-8*****,否,,,,,,,
182,張文潔,111年臺北市議員選舉,首次申報,1111119,公共關係費用支出,花卉營業人(1113),01225800,0.00,1500.00,,,,花盆,金錢,臺北市內湖區****,02-8*****,否,,,,,,,
183,張文潔,111年臺北市議員選舉,首次申報,1111121,宣傳支出,中華郵政股份有限公司台北民生郵局,04166729,0.00,66024.00,,,,郵寄競選文宣,金錢,臺北市松山區****,02-2*****,否,,,,,,,
184,張文潔,111年臺北市議員選舉,首次申報,1111121,宣傳支出,中華郵政股份有限公司台北民生郵局,04166729,0.00,24292.00,,,,郵寄競選文宣,金錢,臺北市松山區****,02-2*****,否,,,,,,,
185,張文潔,111年臺北市議員選舉,首次申報,1111121,宣傳支出,中華郵政股份有限公司台北民生郵局,04166729,0.00,3704.00,,,,郵寄競選文宣,金錢,臺北市松山區****,02-2*****,否,,,,,,,
186,張文潔,111年臺北市議員選舉,首次申報,1111121,宣傳支出,中華郵政股份有限公司台北民生郵局,04166729,0.00,67968.00,,,,郵寄競選文宣,金錢,臺北市松山區****,02-2*****,否,,,,,,,
187,張文潔,111年臺北市議員選舉,首次申報,1111121,宣傳支出,中華郵政股份有限公司台北民生郵局,04166729,0.00,161988.00,,,,郵寄競選文宣,金錢,臺北市松山區****,02-2*****,否,,,,,,,
188,張文潔,111年臺北市議員選舉,首次申報,1111121,宣傳支出,坎誠廣告社,18462518,0.00,9600.00,,,,投遞文宣x.&x.,金錢,桃園市桃園區****,03-3*****,否,,,,,,,
189,張文潔,111年臺北市議員選舉,首次申報,1111121,宣傳支出,毅通網路股份有限公司,27339650,0.00,42194.00,,,,語音托播,金錢,臺北市大安區****,02-8*****,否,,,,,,,
190,張文潔,111年臺北市議員選舉,首次申報,1111121,人事費用支出,林美蓉,C22*******,0.00,10000.00,,,,工資,金錢,臺北市松山區****,0989*****,否,,,,,,,
191,張文潔,111年臺北市議員選舉,首次申報,1111122,宣傳支出,坎誠廣告社,18462518,0.00,9600.00,,,,投遞文宣x.&x.,金錢,桃園市桃園區****,03-3*****,否,,,,,,,
192,張文潔,111年臺北市議員選舉,首次申報,1111122,宣傳支出,冠軍整合行銷企業社,72926521,0.00,28686.00,,,,分派廣告費,金錢,臺北市文山區****,02-2*****,否,,,,,,,
193,張文潔,111年臺北市議員選舉,首次申報,1111122,租用宣傳車輛支出,王志豪,F12*******,0.00,28000.00,,,,吉普車租借,金錢,新北市板橋區****,0953*****,否,,,,,,,
194,張文潔,111年臺北市議員選舉,首次申報,1111123,宣傳支出,傑作文化事業有限公司,13016080,0.00,300000.00,,,,影片製作費,金錢,新北市永和區****,02-8*****,否,,,,,,,
195,張文潔,111年臺北市議員選舉,首次申報,1111123,宣傳支出,坎誠廣告社,18462518,0.00,9600.00,,,,投遞文宣x.&x.,金錢,桃園市桃園區****,03-3*****,否,,,,,,,
196,張文潔,111年臺北市議員選舉,首次申報,1111124,宣傳支出,傑作文化事業有限公司,13016080,0.00,200000.00,,,,影片製作費,金錢,新北市永和區****,02-8*****,否,,,,,,,
197,張文潔,111年臺北市議員選舉,首次申報,1111124,宣傳支出,坎誠廣告社,18462518,0.00,4800.00,,,,投遞文宣x.,金錢,桃園市桃園區****,03-3*****,否,,,,,,,
198,張文潔,111年臺北市議員選舉,首次申報,1111127,人事費用支出,廖婕妘,A22*******,0.00,29800.00,,,,月份人事費用,金錢,臺北市大同區****,0955*****,否,,,,,,,
199,張文潔,111年臺北市議員選舉,首次申報,1111128,公共關係費用支出,花卉營業人(1113),01225800,0.00,1500.00,,,,花盆,金錢,臺北市內湖區****,02-8*****,否,,,,,,,
200,張文潔,111年臺北市議員選舉,首次申報,1111129,宣傳支出,文昌企業社,98918188,0.00,87455.00,,,,印刷品-製作競選文宣,金錢,臺北市南港區****,02-2*****,否,,,,,,,
201,張文潔,111年臺北市議員選舉,首次申報,1111129,人事費用支出,李明來,A10*******,0.00,42000.00,,,,薪資費用,金錢,臺北市大安區****,0921*****,否,,,,,,,
202,張文潔,111年臺北市議員選舉,首次申報,1111129,人事費用支出,林美蓉,C22*******,0.00,42000.00,,,,薪資費用,金錢,臺北市松山區****,0989*****,否,,,,,,,
203,張文潔,111年臺北市議員選舉,首次申報,1111129,人事費用支出,陳國明,G12*******,0.00,42000.00,,,,薪資費用,金錢,臺北市松山區****,0939*****,否,,,,,,,
204,張文潔,111年臺北市議員選舉,首次申報,1111129,人事費用支出,梁漢榮,L10*******,0.00,42000.00,,,,薪資費用,金錢,臺北市內湖區****,0912*****,否,,,,,,,
205,張文潔,111年臺北市議員選舉,首次申報,1111130,宣傳支出,誼昌文具印刷有限公司,20913264,0.00,126882.00,,,,印刷品一批,金錢,臺北市松山區****,02-2*****,否,,,,,,,
206,張文潔,111年臺北市議員選舉,首次申報,1111130,宣傳支出,五月雪創意服飾工作坊,30315702,0.00,99200.00,,,,競選制服x,金錢,新北市板橋區****,02-8*****,否,,,,,,,
207,張文潔,111年臺北市議員選舉,首次申報,1111130,宣傳支出,尚宏印刷商行,98829138,0.00,10000.00,,,,廣告筆記本,金錢,彰化縣彰化市****,04-7*****,否,,,,,,,
208,張文潔,111年臺北市議員選舉,首次申報,1111201,宣傳支出,冠閣有限公司,16428959,0.00,5000.00,,,,宣傳廣告費用-飲用水一批,金錢,桃園市汴洲里****,03-3*****,否,,,,,,,
209,張文潔,111年臺北市議員選舉,首次申報,1111201,宣傳支出,台灣萬寶有限公司,24465176,0.00,143800.00,,,,一般醫療口罩片x,金錢,新北市五股區****,02-8*****,否,,,,,,,
210,張文潔,111年臺北市議員選舉,首次申報,1111202,宣傳支出,毅通網路股份有限公司,27339650,0.00,124355.00,,,,語音托播,金錢,臺北市大安區****,02-8*****,否,,,,,,,
211,張文潔,111年臺北市議員選舉,首次申報,1111202,人事費用支出,高大為,A12*******,0.00,46175.00,,,,月人事費用,金錢,臺北市大同區****,0939*****,否,,,,,,,
212,張文潔,111年臺北市議員選舉,首次申報,1111202,人事費用支出,鄭志穎,R12*******,0.00,52325.00,,,,月人事費用,金錢,新北市三重區****,0989*****,否,,,,,,,
213,張文潔,111年臺北市議員選舉,首次申報,1111203,人事費用支出,李明來,A10*******,0.00,10000.00,,,,司機薪資,金錢,臺北市大安區****,0921*****,否,,,,,,,
214,張文潔,111年臺北市議員選舉,首次申報,1111203,人事費用支出,蔡德望,A10*******,0.00,10000.00,,,,司機薪資,金錢,臺北市南港區****,0979*****,否,,,,,,,
215,張文潔,111年臺北市議員選舉,首次申報,1111204,集會支出,冠威音响有限公司,28865687,0.00,8400.00,,,,音響器材租用x,金錢,臺北市信義區****,02-2*****,否,,,,,,,
216,張文潔,111年臺北市議員選舉,首次申報,1111204,集會支出,麗庭莊園有限公司88號樂章婚宴會館,73655292,0.00,329780.00,,,,餐飲費用,金錢,臺北市內湖區****,02-2*****,否,,,,,,,
217,張文潔,111年臺北市議員選舉,首次申報,1111204,人事費用支出,高大為,A12*******,0.00,20000.00,,,,工資,金錢,臺北市大同區****,0939*****,否,,,,,,,
218,張文潔,111年臺北市議員選舉,首次申報,1111204,人事費用支出,吳冠衡,A12*******,0.00,94300.00,,,,薪津,金錢,臺北市大安區****,0935*****,否,,,,,,,
219,張文潔,111年臺北市議員選舉,首次申報,1111204,人事費用支出,馮家驊,A12*******,0.00,71200.00,,,,司機費用,金錢,臺北市萬華區****,0921*****,否,,,,,,,
220,張文潔,111年臺北市議員選舉,首次申報,1111204,人事費用支出,廖婕妘,A22*******,0.00,24800.00,,,,工資,金錢,臺北市大同區****,0955*****,否,,,,,,,
221,張文潔,111年臺北市議員選舉,首次申報,1111204,人事費用支出,高駿杰,F12*******,0.00,62250.00,,,,薪津,金錢,新北市新店區****,0976*****,否,,,,,,,
222,張文潔,111年臺北市議員選舉,首次申報,1111204,人事費用支出,陳國明,G12*******,0.00,10000.00,,,,司機薪資,金錢,臺北市松山區****,0939*****,否,,,,,,,
223,張文潔,111年臺北市議員選舉,首次申報,1111204,人事費用支出,梁漢榮,L10*******,0.00,10000.00,,,,司機薪資,金錢,臺北市內湖區****,0912*****,否,,,,,,,
224,張文潔,111年臺北市議員選舉,首次申報,1111204,人事費用支出,鄭志穎,R12*******,0.00,20000.00,,,,工資,金錢,新北市三重區****,0989*****,否,,,,,,,
225,張文潔,111年臺北市議員選舉,首次申報,1111205,公共關係費用支出,花卉營業人(1113),01225800,0.00,1500.00,,,,花盆,金錢,臺北市內湖區****,02-8*****,否,,,,,,,
226,張文潔,111年臺北市議員選舉,首次申報,1111205,公共關係費用支出,花卉營業人(1113),01225800,0.00,2000.00,,,,花盆,金錢,臺北市內湖區****,02-8*****,否,,,,,,,
227,張文潔,111年臺北市議員選舉,首次申報,1111206,人事費用支出,吳杰紘,A12*******,0.00,86525.00,,,,薪津,金錢,臺北市北投區****,0979*****,否,,,,,,,
228,張文潔,111年臺北市議員選舉,首次申報,1111206,人事費用支出,李心茜,A22*******,0.00,67775.00,,,,薪津,金錢,新北市新店區****,0958*****,否,,,,,,,
229,張文潔,111年臺北市議員選舉,首次申報,1111206,人事費用支出,黃心怡,A22*******,0.00,82275.00,,,,薪津,金錢,臺北市松山區****,0936*****,否,,,,,,,
230,張文潔,111年臺北市議員選舉,首次申報,1111206,人事費用支出,蔣怡萱,E22*******,0.00,62975.00,,,,薪津,金錢,臺北市大安區****,0981*****,否,,,,,,,
231,張文潔,111年臺北市議員選舉,首次申報,1111207,雜支支出,縫時工程有限公司,04755850,0.00,4200.00,,,,Epoxy耐磨地坪式,金錢,臺北市內湖區****,02-2*****,否,,,,,,,
232,張文潔,111年臺北市議員選舉,首次申報,1111207,人事費用支出,林金霖,M22*******,0.00,48275.00,,,,工資,金錢,新北市中和區****,0905*****,否,,,,,,,
233,張文潔,111年臺北市議員選舉,首次申報,1111208,公共關係費用支出,長春花業社,01107769,0.00,95800.00,,,,盆栽一批,金錢,臺北市松山區****,02-8*****,否,,,,,,,
234,張文潔,111年臺北市議員選舉,首次申報,1111208,租用宣傳車輛支出,大目汽車用品有限公司,20981804,0.00,34900.00,,,,宣傳車擴大主機`喇叭`音響,金錢,臺北市松山區****,02-2*****,否,,,,,,,
235,張文潔,111年臺北市議員選舉,首次申報,1111208,返還捐贈支出,定興科技股份有限公司,25009669,0.00,20000.00,,,,返還,金錢,臺北市松山區****,,否,,,,,,,
236,張文潔,111年臺北市議員選舉,首次申報,1111208,宣傳支出,佳音廣告企業有限公司,80654396,0.00,6292.00,,,,噴畫帆布輸出批,金錢,臺北市松山區****,02-2*****,否,,,,,,,
237,張文潔,111年臺北市議員選舉,首次申報,1111215,租用宣傳車輛支出,拓群機械工程有限公司,84580875,0.00,21000.00,,,,門板維修式&門板更新式,金錢,新北市五股區****,02-8*****,否,,,,,,,
238,張文潔,111年臺北市議員選舉,首次申報,1111230,返還捐贈支出,坤益有限公司,04324620,0.00,20000.00,,,,返還,金錢,臺北市大同區****,,否,,,,,,,
239,張文潔,111年臺北市議員選舉,首次申報,1111230,返還捐贈支出,錦旻企業股份有限公司,04981960,0.00,5000.00,,,,返還,金錢,臺北市信義區****,,否,,,,,,,
240,張文潔,111年臺北市議員選舉,首次申報,1111230,返還捐贈支出,金信紡織股份有限公司,07631621,0.00,80000.00,,,,返還,金錢,臺北市大安區****,,否,,,,,,,
241,張文潔,111年臺北市議員選舉,首次申報,1111230,返還捐贈支出,長揚國際行銷股份有限公司,12482376,0.00,10000.00,,,,返還,金錢,臺北市大安區****,,否,,,,,,,
242,張文潔,111年臺北市議員選舉,首次申報,1111230,返還捐贈支出,全翔交通有限公司,16309659,0.00,10000.00,,,,返還,金錢,臺北市松山區****,,否,,,,,,,
243,張文潔,111年臺北市議員選舉,首次申報,1111230,返還捐贈支出,小隆企業有限公司,20924184,0.00,1000.00,,,,返還,金錢,臺北市信義區****,,否,,,,,,,
244,張文潔,111年臺北市議員選舉,首次申報,1111230,返還捐贈支出,代盟有限公司,20980431,0.00,5000.00,,,,返還,金錢,臺北市松山區****,,否,,,,,,,
245,張文潔,111年臺北市議員選舉,首次申報,1111230,返還捐贈支出,健榮電工公司,22454820,0.00,10000.00,,,,返還,金錢,臺北市松山區****,,否,,,,,,,
246,張文潔,111年臺北市議員選舉,首次申報,1111230,返還捐贈支出,達利玖玖有限公司,24254849,0.00,10000.00,,,,返還,金錢,新北市蘆洲區****,,否,,,,,,,
247,張文潔,111年臺北市議員選舉,首次申報,1111230,返還捐贈支出,有恒科技有限公司,24747393,0.00,20000.00,,,,返還,金錢,臺北市信義區****,,否,,,,,,,
248,張文潔,111年臺北市議員選舉,首次申報,1111230,返還捐贈支出,維樂實業有限公司,24972074,0.00,20000.00,,,,返還,金錢,新北市汐止區****,,否,,,,,,,
249,張文潔,111年臺北市議員選舉,首次申報,1111230,返還捐贈支出,昱宏管理顧問有限公司,29147340,0.00,60000.00,,,,返還,金錢,新北市汐止區****,,否,,,,,,,
250,張文潔,111年臺北市議員選舉,首次申報,1111230,返還捐贈支出,銓崧實業有限公司,31190820,0.00,10000.00,,,,返還,金錢,臺北市士林區****,,否,,,,,,,
251,張文潔,111年臺北市議員選舉,首次申報,1111230,返還捐贈支出,牛耳國際生技股份有限公司,42987599,0.00,20000.00,,,,返還,金錢,臺北市內湖區****,,否,,,,,,,
252,張文潔,111年臺北市議員選舉,首次申報,1111230,返還捐贈支出,城市健康股份有限公司,55802449,0.00,100000.00,,,,返還,金錢,新北市板橋區****,,否,,,,,,,
253,張文潔,111年臺北市議員選舉,首次申報,1111230,返還捐贈支出,三生盟國際事業有限公司,70465001,0.00,8000.00,,,,返還,金錢,臺北市信義區****,,否,,,,,,,
254,張文潔,111年臺北市議員選舉,首次申報,1111230,返還捐贈支出,賞鴻建設有限公司,83401918,0.00,300000.00,,,,返還,金錢,臺北市信義區****,,否,,,,,,,
255,張文潔,111年臺北市議員選舉,首次申報,1111230,返還捐贈支出,凱創全球有限公司,90435245,0.00,5000.00,,,,返還,金錢,臺北市南港區****,,否,,,,,,,
256,張文潔,111年臺北市議員選舉,首次申報,1120104,返還捐贈支出,光津實業有限公司,29034937,0.00,20000.00,,,,返還,金錢,臺北市信義區****,,否,,,,,,,
