﻿序號,擬參選人／政黨,選舉名稱,申報序號／年度,交易日期,收支科目,捐贈者／支出對象,身分證／統一編號,收入金額,支出金額,支出用途,金錢類,地址,聯絡電話,資料更正日期
1,盧光明,107年鄉(鎮、市)長選舉,首次申報,1071028,個人捐贈收入,陳晉爵,,6000.00,0.00,,金錢,嘉義市西區合****,0934*****,
2,盧光明,107年鄉(鎮、市)長選舉,首次申報,1071028,個人捐贈收入,盧欽賢,K10*******,10000.00,0.00,,金錢,苗栗縣大湖鄉****,,
3,盧光明,107年鄉(鎮、市)長選舉,首次申報,1071028,個人捐贈收入,詹德富,K10*******,2000.00,0.00,,金錢,苗栗縣泰安鄉****,,
4,盧光明,107年鄉(鎮、市)長選舉,首次申報,1071028,個人捐贈收入,盧己妹,K20*******,2000.00,0.00,,金錢,苗栗縣泰安鄉****,0965*****,
5,盧光明,107年鄉(鎮、市)長選舉,首次申報,1071028,個人捐贈收入,羅錦綢,Q20*******,50000.00,0.00,,金錢,苗栗縣竹南鎮****,0958*****,
