﻿序號,擬參選人／政黨,選舉名稱,申報序號／年度,交易日期,收支科目,捐贈者／支出對象,身分證／統一編號,收入金額,支出金額,捐贈方式,存入專戶日期,返還/繳庫,支出用途,金錢類,地址,聯絡電話,應揭露之支出對象,支出對象之內部人員姓名,支出對象之內部人員職稱,政黨之內部人員姓名,政黨之內部人員職稱,關係,更正註記,資料更正日期
1,邱奕勝,111年桃園市議員選舉,首次申報,1110819,營利事業捐贈收入,大樹醫藥股份有限公司,12803476,200000.00,0.00,匯款,1110819,,,金錢,桃園市中壢區****,03-4*****,,,,,,,,
2,邱奕勝,111年桃園市議員選舉,首次申報,1110901,營利事業捐贈收入,元啟建設股份有限公司,24213186,300000.00,0.00,票據,1110901,已返還,,金錢,桃園市桃園區****,,,,,,,,,
3,邱奕勝,111年桃園市議員選舉,首次申報,1110901,營利事業捐贈收入,廣大通信科技股份有限公司,97277158,100000.00,0.00,匯款,1110901,,,金錢,桃園市大園區****,3139*****,,,,,,,,
4,邱奕勝,111年桃園市議員選舉,首次申報,1110901,個人捐贈收入,楊文達,H10*******,100000.00,0.00,匯款,1110901,,,金錢,桃園市中壢區****,0910*****,,,,,,,,
5,邱奕勝,111年桃園市議員選舉,首次申報,1110906,營利事業捐贈收入,廣誠豐建設股份有限公司,25143737,100000.00,0.00,匯款,1110906,,,金錢,臺北市中正區****,,,,,,,,,
6,邱奕勝,111年桃園市議員選舉,首次申報,1110906,營利事業捐贈收入,春誠開發建設有限公司,25165350,300000.00,0.00,匯款,1110906,,,金錢,桃園市中壢區****,,,,,,,,,
7,邱奕勝,111年桃園市議員選舉,首次申報,1110907,營利事業捐贈收入,暉陽機械有限公司,27618442,200000.00,0.00,票據,1110914,,,金錢,桃園市龜山區****,,,,,,,,,
8,邱奕勝,111年桃園市議員選舉,首次申報,1110907,營利事業捐贈收入,峯碁建設股份有限公司,86248086,300000.00,0.00,匯款,1110907,已返還,,金錢,桃園市桃園區****,,,,,,,,,
9,邱奕勝,111年桃園市議員選舉,首次申報,1110912,營利事業捐贈收入,福御祿有限公司,42775286,500000.00,0.00,匯款,1110912,,,金錢,桃園市桃園區****,,,,,,,,,
10,邱奕勝,111年桃園市議員選舉,首次申報,1110912,營利事業捐贈收入,馥誠建設有限公司,69718350,300000.00,0.00,匯款,1110912,,,金錢,桃園市桃園區****,03-3*****,,,,,,,,
11,邱奕勝,111年桃園市議員選舉,首次申報,1110913,個人捐贈收入,郭沛晴,A22*******,100000.00,0.00,匯款,1110913,,,金錢,新北市板橋區****,,,,,,,,,
12,邱奕勝,111年桃園市議員選舉,首次申報,1110913,個人捐贈收入,陳素靜,A22*******,100000.00,0.00,匯款,1110913,,,金錢,台北市中山北****,,,,,,,,,
13,邱奕勝,111年桃園市議員選舉,首次申報,1110913,個人捐贈收入,黃嘉傳,F12*******,100000.00,0.00,匯款,1110913,,,金錢,新北市新莊區****,,,,,,,,,
14,邱奕勝,111年桃園市議員選舉,首次申報,1110913,個人捐贈收入,黃顗倫,F13*******,100000.00,0.00,匯款,1110913,,,金錢,新北市龜山區****,,,,,,,,,
15,邱奕勝,111年桃園市議員選舉,首次申報,1110913,個人捐贈收入,鐘宜真,F22*******,100000.00,0.00,匯款,1110913,,,金錢,新北市板橋區****,,,,,,,,,
16,邱奕勝,111年桃園市議員選舉,首次申報,1110914,營利事業捐贈收入,忠佑營造股份有限公司,44416929,500000.00,0.00,票據,1110920,,,金錢,桃園市平鎮區****,,,,,,,,,
17,邱奕勝,111年桃園市議員選舉,首次申報,1110914,營利事業捐贈收入,力陽建設有限公司,69531051,500000.00,0.00,票據,1110920,,,金錢,桃園市平鎮區****,,,,,,,,,
18,邱奕勝,111年桃園市議員選舉,首次申報,1110914,個人捐贈收入,林昕儀,A22*******,100000.00,0.00,匯款,1110914,,,金錢,新北市林口區****,,,,,,,,,
19,邱奕勝,111年桃園市議員選舉,首次申報,1110914,個人捐贈收入,吳淇煜,F12*******,100000.00,0.00,匯款,1110914,,,金錢,新北市林口區****,,,,,,,,,
20,邱奕勝,111年桃園市議員選舉,首次申報,1110914,個人捐贈收入,許明珠,F20*******,100000.00,0.00,匯款,1110914,,,金錢,新北市林口區****,,,,,,,,,
21,邱奕勝,111年桃園市議員選舉,首次申報,1110914,個人捐贈收入,吳緁柔,F22*******,100000.00,0.00,匯款,1110914,,,金錢,新北市林口區****,,,,,,,,,
22,邱奕勝,111年桃園市議員選舉,首次申報,1110914,個人捐贈收入,吳俊億,G10*******,100000.00,0.00,匯款,1110914,,,金錢,新北市林口區****,,,,,,,,,
23,邱奕勝,111年桃園市議員選舉,首次申報,1110914,個人捐贈收入,許英漢,H12*******,100000.00,0.00,匯款,1110914,,,金錢,桃園市大園區****,9369*****,,,,,,,,
24,邱奕勝,111年桃園市議員選舉,首次申報,1110914,個人捐贈收入,許英勝,H12*******,100000.00,0.00,匯款,1110914,,,金錢,桃園市大園區****,9531*****,,,,,,,,
25,邱奕勝,111年桃園市議員選舉,首次申報,1110914,個人捐贈收入,許清山,H12*******,100000.00,0.00,匯款,1110914,,,金錢,桃園市大園區****,9161*****,,,,,,,,
26,邱奕勝,111年桃園市議員選舉,首次申報,1110916,營利事業捐贈收入,大築建設股份有限公司,53292293,1000000.00,0.00,票據,1110921,,,金錢,桃園市桃園區****,,,,,,,,,
27,邱奕勝,111年桃園市議員選舉,首次申報,1110921,營利事業捐贈收入,財金物業股份有限公司,54002552,1000000.00,0.00,匯款,1110921,,,金錢,桃園市大園區****,,,,,,,,,
28,邱奕勝,111年桃園市議員選舉,首次申報,1110921,營利事業捐贈收入,威均建設有限公司,97222909,1000000.00,0.00,匯款,1110921,,,金錢,桃園市中壢區****,,,,,,,,,
29,邱奕勝,111年桃園市議員選舉,首次申報,1110921,個人捐贈收入,王元廷,H12*******,100000.00,0.00,匯款,1110921,,,金錢,桃園市中壢區****,03-4*****,,,,,,,,
30,邱奕勝,111年桃園市議員選舉,首次申報,1110921,個人捐贈收入,林麗敏,H22*******,100000.00,0.00,匯款,1110921,,,金錢,桃園市中壢區****,,,,,,,,,
31,邱奕勝,111年桃園市議員選舉,首次申報,1110923,營利事業捐贈收入,三鶯建設有限公司,86551875,200000.00,0.00,匯款,1110923,,,金錢,桃園市中壢區****,,,,,,,,,
32,邱奕勝,111年桃園市議員選舉,首次申報,1110928,營利事業捐贈收入,麥森飯店股份有限公司,28778804,500000.00,0.00,匯款,1110928,,,金錢,桃園市桃園區****,03-3*****,,,,,,,,
33,邱奕勝,111年桃園市議員選舉,首次申報,1110928,個人捐贈收入,江永華,H10*******,100000.00,0.00,匯款,1110928,,,金錢,桃園市桃園區****,0921*****,,,,,,,,
34,邱奕勝,111年桃園市議員選舉,首次申報,1110928,個人捐贈收入,江翊綸,H12*******,100000.00,0.00,匯款,1110928,,,金錢,桃園市中壢區****,0928*****,,,,,,,,
35,邱奕勝,111年桃園市議員選舉,首次申報,1110928,個人捐贈收入,徐嘉虹,J22*******,100000.00,0.00,匯款,1110928,,,金錢,桃園市中壢區****,03-4*****,,,,,,,,
36,邱奕勝,111年桃園市議員選舉,首次申報,1111001,營利事業捐贈收入,台清股份有限公司,97413787,200000.00,0.00,票據,1111005,,,金錢,桃園市觀音區****,,,,,,,,,
37,邱奕勝,111年桃園市議員選舉,首次申報,1111004,營利事業捐贈收入,洵酒企業有限公司,24610431,900000.00,0.00,匯款,1111004,,,金錢,桃園市中壢區****,,,,,,,,,
38,邱奕勝,111年桃園市議員選舉,首次申報,1111004,營利事業捐贈收入,煌益精密工業股份有限公司,36070606,200000.00,0.00,匯款,1111004,,,金錢,桃園市中壢區****,,,,,,,,,
39,邱奕勝,111年桃園市議員選舉,首次申報,1111004,個人捐贈收入,簡福成,H12*******,100000.00,0.00,匯款,1111004,,,金錢,桃園市桃園區****,,,,,,,,,
40,邱奕勝,111年桃園市議員選舉,首次申報,1111004,個人捐贈收入,謝秋萍,H22*******,100000.00,0.00,匯款,1111004,,,金錢,桃園市中壢區****,,,,,,,,,
41,邱奕勝,111年桃園市議員選舉,首次申報,1111007,個人捐贈收入,魏正信,J10*******,66000.00,0.00,匯款,1111007,,,金錢,桃園市楊梅區****,,,,,,,,,
42,邱奕勝,111年桃園市議員選舉,首次申報,1111009,個人捐贈收入,劉亭君,H20*******,100000.00,0.00,票據,1111014,,,金錢,桃園市中壢區****,,,,,,,,,
43,邱奕勝,111年桃園市議員選舉,首次申報,1111011,營利事業捐贈收入,柏宣建設股份有限公司,27624325,1000000.00,0.00,匯款,1111011,,,金錢,桃園市中壢區****,,,,,,,,,
44,邱奕勝,111年桃園市議員選舉,首次申報,1111014,營利事業捐贈收入,裕盛發建設股份有限公司,54801056,100000.00,0.00,匯款,1111014,已返還,,金錢,桃園市蘆竹區****,,,,,,,,,
45,邱奕勝,111年桃園市議員選舉,首次申報,1111017,營利事業捐贈收入,大鐘印染股份有限公司,57002416,300000.00,0.00,票據,1111019,,,金錢,臺中市烏日區****,04-2*****,,,,,,,,
46,邱奕勝,111年桃園市議員選舉,首次申報,1111020,營利事業捐贈收入,羿邦實業有限公司,70514349,300000.00,0.00,匯款,1111020,,,金錢,桃園市中壢區****,0910*****,,,,,,,,
47,邱奕勝,111年桃園市議員選舉,首次申報,1111024,營利事業捐贈收入,葡萄王生技股份有限公司,11880517,72000.00,0.00,,,,,非金錢,桃園市平鎮區****,03-4*****,,,,,,,,
48,邱奕勝,111年桃園市議員選舉,首次申報,1111027,營利事業捐贈收入,葡萄王生技股份有限公司,11880517,300000.00,0.00,匯款,1111027,,,金錢,桃園市平鎮區****,03-4*****,,,,,,,,
49,邱奕勝,111年桃園市議員選舉,首次申報,1111031,營利事業捐贈收入,樂成投資有限公司,42591739,200000.00,0.00,票據,1111031,,,金錢,桃園市大園區****,,,,,,,,,
50,邱奕勝,111年桃園市議員選舉,首次申報,1111031,營利事業捐贈收入,捷登建設股份有限公司,54003882,500000.00,0.00,票據,1111031,,,金錢,桃園市大園區****,,,,,,,,,
51,邱奕勝,111年桃園市議員選舉,首次申報,1111031,營利事業捐贈收入,春虹建設股份有限公司,86656738,300000.00,0.00,票據,1111031,,,金錢,桃園市桃園區****,,,,,,,,,
52,邱奕勝,111年桃園市議員選舉,首次申報,1111031,個人捐贈收入,賴森源,H10*******,100000.00,0.00,票據,1111031,,,金錢,桃園市大園區****,,,,,,,,,
53,邱奕勝,111年桃園市議員選舉,首次申報,1111031,個人捐贈收入,賴靈焜,H12*******,100000.00,0.00,票據,1111031,,,金錢,桃園市大園區****,,,,,,,,,
54,邱奕勝,111年桃園市議員選舉,首次申報,1111031,個人捐贈收入,賴靈欣,H12*******,100000.00,0.00,票據,1111031,,,金錢,桃園市大園區****,,,,,,,,,
55,邱奕勝,111年桃園市議員選舉,首次申報,1111101,營利事業捐贈收入,協承昌股份有限公司,16326209,300000.00,0.00,票據,1111107,,,金錢,臺北市中山區****,,,,,,,,,
56,邱奕勝,111年桃園市議員選舉,首次申報,1111101,營利事業捐贈收入,守善建設有限公司,69600319,1000000.00,0.00,票據,1111101,,,金錢,桃園市楊梅區****,,,,,,,,,
57,邱奕勝,111年桃園市議員選舉,首次申報,1111107,營利事業捐贈收入,聯華鋁業股份有限公司,12410036,200000.00,0.00,匯款,1111107,,,金錢,臺北市大安區****,,,,,,,,,
58,邱奕勝,111年桃園市議員選舉,首次申報,1111107,營利事業捐贈收入,元曜建設股份有限公司,54548580,300000.00,0.00,票據,1111110,,,金錢,桃園市桃園區****,,,,,,,,,
59,邱奕勝,111年桃園市議員選舉,首次申報,1111108,個人捐贈收入,宋秋蓉,H22*******,100000.00,0.00,匯款,1111109,,,金錢,桃園市中壢區****,0962*****,,,,,,,,
60,邱奕勝,111年桃園市議員選舉,首次申報,1111111,營利事業捐贈收入,台灣立馬製藥工業股份有限公司,31235306,300000.00,0.00,票據,1111115,,,金錢,臺北市大安區****,,,,,,,,,
61,邱奕勝,111年桃園市議員選舉,首次申報,1111116,個人捐贈收入,宋月香,H20*******,100000.00,0.00,票據,1111122,,,金錢,桃園市中壢區****,,,,,,,,,
62,邱奕勝,111年桃園市議員選舉,首次申報,1111120,個人捐贈收入,彭治槊,J12*******,100000.00,0.00,,,,,非金錢,桃園市平鎮區****,03-4*****,,,,,,,,
63,邱奕勝,111年桃園市議員選舉,首次申報,1111120,個人捐贈收入,卜友媜,P22*******,50000.00,0.00,,,,,非金錢,桃園市平鎮區****,0912*****,,,,,,,,
64,邱奕勝,111年桃園市議員選舉,首次申報,1111121,個人捐贈收入,曾國治,H12*******,100000.00,0.00,匯款,1111121,,,金錢,桃園市蘆竹區****,,,,,,,,,
65,邱奕勝,111年桃園市議員選舉,首次申報,1111122,營利事業捐贈收入,祥鼎投資股份有限公司,16010932,100000.00,0.00,匯款,1111122,,,金錢,桃園市大園區****,,,,,,,,,
66,邱奕勝,111年桃園市議員選舉,首次申報,1111122,個人捐贈收入,劉博文,F12*******,100000.00,0.00,匯款,1111122,,,金錢,桃園市中壢區****,,,,,,,,,
67,邱奕勝,111年桃園市議員選舉,首次申報,1111122,個人捐贈收入,李育慶,K12*******,100000.00,0.00,匯款,1111122,,,金錢,桃園市大園區****,,,,,,,,,
68,邱奕勝,111年桃園市議員選舉,首次申報,1111122,個人捐贈收入,莊健泓,M12*******,100000.00,0.00,匯款,1111122,,,金錢,桃園市中壢區****,,,,,,,,,
69,邱奕勝,111年桃園市議員選舉,首次申報,1111122,個人捐贈收入,林明政,P12*******,100000.00,0.00,匯款,1111122,,,金錢,雲林縣大埤鄉****,,,,,,,,,
70,邱奕勝,111年桃園市議員選舉,首次申報,1111221,其他收入,利息收入,,1925.00,0.00,匯款,1111221,,,金錢,,,,,,,,,,
