﻿序號,擬參選人／政黨,選舉名稱,申報序號／年度,交易日期,收支科目,捐贈者／支出對象,身分證／統一編號,收入金額,支出金額,捐贈方式,存入專戶日期,返還/繳庫,支出用途,金錢類,地址,聯絡電話,應揭露之支出對象,支出對象之內部人員姓名,支出對象之內部人員職稱,政黨之內部人員姓名,政黨之內部人員職稱,關係,更正註記,資料更正日期
1,王閔生,113年立法委員選舉,首次申報,1120620,營利事業捐贈收入,亮辰科技有限公司,27368373,50000.00,0.00,匯款,1120620,,,金錢,新北市汐止區****,02-2*****,,,,,,,,
2,王閔生,113年立法委員選舉,首次申報,1120621,其他收入,利息收入,,1.00,0.00,匯款,1120621,,,金錢,,,,,,,,,,
3,王閔生,113年立法委員選舉,首次申報,1120703,政黨捐贈收入,民主進步黨,政黨證字第16號,1000000.00,0.00,匯款,1120703,,,金錢,台北市北平東****,(02)*****,,,,,,,,
4,王閔生,113年立法委員選舉,首次申報,1120705,個人捐贈收入,王瑞華,A12*******,100000.00,0.00,匯款,1120705,,,金錢,臺北市文山區****,,,,,,,,,
5,王閔生,113年立法委員選舉,首次申報,1120705,個人捐贈收入,劉怡岑,A22*******,100000.00,0.00,匯款,1120705,,,金錢,臺北市文山區****,,,,,,,,,
6,王閔生,113年立法委員選舉,首次申報,1120707,匿名捐贈,匿名A,,3000.00,0.00,匯款,1120707,,,金錢,,,,,,,,,,
7,王閔生,113年立法委員選舉,首次申報,1120707,營利事業捐贈收入,蓮華往生事業股份有限公司,16589547,10000.00,0.00,匯款,1120707,,,金錢,台北市中山區****,,,,,,,,,
8,王閔生,113年立法委員選舉,首次申報,1120707,個人捐贈收入,高國智,A12*******,2000.00,0.00,匯款,1120707,,,金錢,台北市文山區****,,,,,,,,,
9,王閔生,113年立法委員選舉,首次申報,1120707,個人捐贈收入,謝宜玲,A29*******,200.00,0.00,匯款,1120707,,,金錢,台北市信義區****,,,,,,,,,
10,王閔生,113年立法委員選舉,首次申報,1120707,個人捐贈收入,呂秋香,G22*******,10000.00,0.00,匯款,1120707,,,金錢,台北市文山區****,,,,,,,,,
11,王閔生,113年立法委員選舉,首次申報,1120709,個人捐贈收入,王勻榛,A22*******,2000.00,0.00,匯款,1120709,,,金錢,新北市新店區****,,,,,,,,,
12,王閔生,113年立法委員選舉,首次申報,1120712,個人捐贈收入,李保生,,3000.00,0.00,匯款,1120712,,,金錢,台北市文山區****,,,,,,,,,
13,王閔生,113年立法委員選舉,首次申報,1120712,匿名捐贈,匿名B,,10000.00,0.00,匯款,1120712,,,金錢,,,,,,,,,,
14,王閔生,113年立法委員選舉,首次申報,1120716,個人捐贈收入,馮梅珍,H22*******,20000.00,0.00,匯款,1120716,,,金錢,臺北市大安區****,,,,,,,,,
15,王閔生,113年立法委員選舉,首次申報,1120718,個人捐贈收入,許修源,A12*******,10000.00,0.00,匯款,1120718,,,金錢,台北市文山區****,,,,,,,,,
16,王閔生,113年立法委員選舉,首次申報,1120718,個人捐贈收入,陳正乂,F12*******,10000.00,0.00,匯款,1120718,,,金錢,新竹市東區慈****,,,,,,,,,
17,王閔生,113年立法委員選舉,首次申報,1120728,匿名捐贈,匿名C,,10000.00,0.00,匯款,1120728,,,金錢,,,,,,,,,,
18,王閔生,113年立法委員選舉,首次申報,1120731,個人捐贈收入,吳松霖,F12*******,20000.00,0.00,匯款,1120731,,,金錢,新北市中和區****,,,,,,,,,
19,王閔生,113年立法委員選舉,首次申報,1120805,個人捐贈收入,林駿方,A12*******,5000.00,0.00,匯款,1120805,,,金錢,新竹縣竹北市****,,,,,,,,,
20,王閔生,113年立法委員選舉,首次申報,1120808,匿名捐贈,匿名A,,10000.00,0.00,現金,1120808,,,金錢,,,,,,,,,,
21,王閔生,113年立法委員選舉,首次申報,1120809,個人捐贈收入,徐志明,Q12*******,50000.00,0.00,匯款,1120809,,,金錢,台北市大安區****,,,,,,,,,
22,王閔生,113年立法委員選舉,首次申報,1120812,個人捐贈收入,呂黃閔,A12*******,10000.00,0.00,匯款,1120812,,,金錢,台北市中正區****,,,,,,,,,
23,王閔生,113年立法委員選舉,首次申報,1120812,個人捐贈收入,陳柏璁,A12*******,1008.00,0.00,匯款,1120812,,,金錢,台北市文山區****,,,,,,,,,
24,王閔生,113年立法委員選舉,首次申報,1120815,個人捐贈收入,楊東翰,F12*******,30000.00,0.00,匯款,1120815,,,金錢,台北市萬華區****,,,,,,,,,
25,王閔生,113年立法委員選舉,首次申報,1120821,個人捐贈收入,林睿宸,M12*******,100000.00,0.00,現金,1120829,,,金錢,台北市忠孝東****,,,,,,,,,
26,王閔生,113年立法委員選舉,首次申報,1120822,個人捐贈收入,楊俊元,F12*******,100000.00,0.00,現金,1120829,,,金錢,台北市大安區****,,,,,,,,,
27,王閔生,113年立法委員選舉,首次申報,1120822,個人捐贈收入,紀坤傑,L12*******,100000.00,0.00,現金,1120829,,,金錢,新北市新莊區****,,,,,,,,,
28,王閔生,113年立法委員選舉,首次申報,1120822,個人捐贈收入,胡曉菁,X22*******,100000.00,0.00,現金,1120829,,,金錢,台北市中正區****,,,,,,,,,
29,王閔生,113年立法委員選舉,首次申報,1120822,個人捐贈收入,胡庭妮,X22*******,100000.00,0.00,現金,1120831,,,金錢,澎湖縣馬公市****,,,,,,,,,
30,王閔生,113年立法委員選舉,首次申報,1120823,營利事業捐贈收入,嘉毅汽車有限公司,50782205,100000.00,0.00,匯款,1120823,已返還,,金錢,新北市汐止區****,,,,,,,,,
31,王閔生,113年立法委員選舉,首次申報,1120828,營利事業捐贈收入,梅村大眾食堂股份有限公司,27349947,100000.00,0.00,匯款,1120828,已返還,,金錢,臺北市中正區****,,,,,,,,,
32,王閔生,113年立法委員選舉,首次申報,1120828,個人捐贈收入,林文欽,L12*******,100000.00,0.00,匯款,1120828,,,金錢,桃園市桃園區****,,,,,,,,,
33,王閔生,113年立法委員選舉,首次申報,1120830,個人捐贈收入,陳漢銓,A12*******,100000.00,0.00,現金,1120901,,,金錢,台北市中山區****,,,,,,,,,
34,王閔生,113年立法委員選舉,首次申報,1120830,個人捐贈收入,陳蔡淑津,A20*******,100000.00,0.00,現金,1120901,,,金錢,台北市中山區****,,,,,,,,,
35,王閔生,113年立法委員選舉,首次申報,1120830,個人捐贈收入,王才羚,A22*******,100000.00,0.00,現金,1120901,,,金錢,台北市中山區****,,,,,,,,,
36,王閔生,113年立法委員選舉,首次申報,1120830,個人捐贈收入,陳悅惀,A22*******,100000.00,0.00,現金,1120901,,,金錢,台北市中山區****,,,,,,,,,
37,王閔生,113年立法委員選舉,首次申報,1120830,個人捐贈收入,江牧平,C12*******,100000.00,0.00,現金,1120901,,,金錢,台北市中山區****,,,,,,,,,
38,王閔生,113年立法委員選舉,首次申報,1120904,匿名捐贈,匿名D,,3000.00,0.00,匯款,1120904,,,金錢,,,,,,,,,,
39,王閔生,113年立法委員選舉,首次申報,1120913,個人捐贈收入,林潔懿,F22*******,50000.00,0.00,現金,1120913,,,金錢,新北市永和區****,,,,,,,,,
40,王閔生,113年立法委員選舉,首次申報,1120919,個人捐贈收入,廖若予,C22*******,30000.00,0.00,匯款,1120919,,,金錢,台北市內湖區****,,,,,,,,,
41,王閔生,113年立法委員選舉,首次申報,1120920,個人捐贈收入,茅元佶,A12*******,10000.00,0.00,匯款,1120920,,,金錢,台南市中西區****,,,,,,,,,
42,王閔生,113年立法委員選舉,首次申報,1120921,營利事業捐贈收入,金沪鮮貿易有限公司,24602039,50000.00,0.00,匯款,1120921,,,金錢,新北市八里區****,,,,,,,,,
43,王閔生,113年立法委員選舉,首次申報,1120921,營利事業捐贈收入,洺洋實業股份有限公司,53524028,50000.00,0.00,匯款,1120921,,,金錢,新北市八里區****,,,,,,,,,
44,王閔生,113年立法委員選舉,首次申報,1120928,匿名捐贈,匿名E,,1450.00,0.00,匯款,1120928,,,金錢,,,,,,,,,,
45,王閔生,113年立法委員選舉,首次申報,1121002,個人捐贈收入,王鐙毅,F12*******,100000.00,0.00,匯款,1121002,,,金錢,新北市新莊區****,,,,,,,,,
46,王閔生,113年立法委員選舉,首次申報,1121002,個人捐贈收入,王彥智,F12*******,100000.00,0.00,匯款,1121002,,,金錢,新北市新莊區****,,,,,,,,,
47,王閔生,113年立法委員選舉,首次申報,1121002,個人捐贈收入,王泓翔,F12*******,10000.00,0.00,匯款,1121002,,,金錢,宜蘭縣羅東鎮****,,,,,,,,,
48,王閔生,113年立法委員選舉,首次申報,1121002,個人捐贈收入,蔡東翰,F12*******,20000.00,0.00,匯款,1121002,,,金錢,新北市新店區****,,,,,,,,,
49,王閔生,113年立法委員選舉,首次申報,1121003,匿名捐贈,匿名F,,5000.00,0.00,匯款,1121003,,,金錢,,,,,,,,,,
50,王閔生,113年立法委員選舉,首次申報,1121003,個人捐贈收入,林利徽,G20*******,50000.00,0.00,匯款,1121003,,,金錢,台北市大安區****,,,,,,,,,
51,王閔生,113年立法委員選舉,首次申報,1121005,營利事業捐贈收入,建中工程股份有限公司,18793600,100000.00,0.00,匯款,1121005,已返還,,金錢,臺北市大安區****,,,,,,,,,
52,王閔生,113年立法委員選舉,首次申報,1121005,個人捐贈收入,徐杰,A12*******,100000.00,0.00,匯款,1121005,,,金錢,臺北市士林區****,,,,,,,,,
53,王閔生,113年立法委員選舉,首次申報,1121005,個人捐贈收入,陳世霖,A12*******,50000.00,0.00,匯款,1121005,,,金錢,台北市大安區****,,,,,,,,,
54,王閔生,113年立法委員選舉,首次申報,1121005,個人捐贈收入,黃凱煌,F12*******,100000.00,0.00,匯款,1121005,,,金錢,臺北市大安區****,,,,,,,,,
55,王閔生,113年立法委員選舉,首次申報,1121005,個人捐贈收入,黃嘉樂,H22*******,30000.00,0.00,匯款,1121005,,,金錢,新北市中和區****,,,,,,,,,
56,王閔生,113年立法委員選舉,首次申報,1121006,個人捐贈收入,劉菲,U22*******,10000.00,0.00,匯款,1121006,,,金錢,台北市民權東****,,,,,,,,,
57,王閔生,113年立法委員選舉,首次申報,1121007,個人捐贈收入,黃煌文,A12*******,30000.00,0.00,匯款,1121007,,,金錢,桃園市桃園區****,,,,,,,,,
58,王閔生,113年立法委員選舉,首次申報,1121008,個人捐贈收入,李美蓁,D22*******,5000.00,0.00,匯款,1121008,,,金錢,臺北市松山區****,,,,,,,,,
59,王閔生,113年立法委員選舉,首次申報,1121010,個人捐贈收入,盧宥璇,A22*******,2500.00,0.00,匯款,1121010,,,金錢,台北市文山區****,,,,,,,,,
60,王閔生,113年立法委員選舉,首次申報,1121011,匿名捐贈,匿名G,,5000.00,0.00,匯款,1121011,,,金錢,,,,,,,,,,
61,王閔生,113年立法委員選舉,首次申報,1121011,個人捐贈收入,謝明杰,,20000.00,0.00,匯款,1121011,,,金錢,新北市汐止區****,,,,,,,,,
62,王閔生,113年立法委員選舉,首次申報,1121011,營利事業捐贈收入,寬頻房訊科技股份有限公司,70841049,200000.00,0.00,匯款,1121011,,,金錢,臺北市士林區****,,,,,,,,,
63,王閔生,113年立法委員選舉,首次申報,1121011,個人捐贈收入,張俞鈞,A12*******,30000.00,0.00,匯款,1121011,,,金錢,新北市板橋區****,,,,,,,,,
64,王閔生,113年立法委員選舉,首次申報,1121011,個人捐贈收入,孫日輝,F12*******,100000.00,0.00,現金,1121011,,,金錢,臺北市中山區****,,,,,,,,,
65,王閔生,113年立法委員選舉,首次申報,1121011,個人捐贈收入,邱永吉,P12*******,20000.00,0.00,匯款,1121011,,,金錢,新北市蘆洲區****,,,,,,,,,
66,王閔生,113年立法委員選舉,首次申報,1121011,個人捐贈收入,邱麗華,Q22*******,20000.00,0.00,匯款,1121011,,,金錢,台北市萬華區****,,,,,,,,,
67,王閔生,113年立法委員選舉,首次申報,1121011,個人捐贈收入,曹明炫,Z10*******,10000.00,0.00,匯款,1121011,,,金錢,臺北市內湖區****,,,,,,,,,
68,王閔生,113年立法委員選舉,首次申報,1121012,匿名捐贈,匿名B,,5000.00,0.00,匯款,1121012,,,金錢,,,,,,,,,,
69,王閔生,113年立法委員選舉,首次申報,1121012,匿名捐贈,匿名H,,5000.00,0.00,匯款,1121012,,,金錢,,,,,,,,,,
70,王閔生,113年立法委員選舉,首次申報,1121012,個人捐贈收入,陳峙穎,A12*******,30000.00,0.00,匯款,1121012,,,金錢,臺北市文山區****,,,,,,,,,
71,王閔生,113年立法委員選舉,首次申報,1121012,個人捐贈收入,張愉羚,A22*******,10000.00,0.00,匯款,1121012,,,金錢,台北市北投區****,,,,,,,,,
72,王閔生,113年立法委員選舉,首次申報,1121012,個人捐贈收入,曾沛頤,E22*******,60000.00,0.00,匯款,1121012,,,金錢,台北市中正區****,,,,,,,,,
73,王閔生,113年立法委員選舉,首次申報,1121012,個人捐贈收入,陳發勇,F13*******,20000.00,0.00,匯款,1121012,,,金錢,新北市汐止區****,,,,,,,,,
74,王閔生,113年立法委員選舉,首次申報,1121012,個人捐贈收入,鄭寅生,G12*******,10000.00,0.00,匯款,1121012,,,金錢,台北市松江路****,,,,,,,,,
75,王閔生,113年立法委員選舉,首次申報,1121012,個人捐贈收入,梁信德,H12*******,20000.00,0.00,匯款,1121012,,,金錢,桃園市中壢區****,,,,,,,,,
76,王閔生,113年立法委員選舉,首次申報,1121012,個人捐贈收入,葉人傑,M12*******,20000.00,0.00,匯款,1121012,,,金錢,新北市淡水區****,,,,,,,,,
77,王閔生,113年立法委員選舉,首次申報,1121012,個人捐贈收入,高筱雯,Y22*******,10000.00,0.00,匯款,1121012,,,金錢,台北市北投區****,,,,,,,,,
78,王閔生,113年立法委員選舉,首次申報,1121013,個人捐贈收入,邱富皇,A12*******,20000.00,0.00,匯款,1121013,,,金錢,台北市信義區****,,,,,,,,,
79,王閔生,113年立法委員選舉,首次申報,1121013,個人捐贈收入,陳立夫,A12*******,100000.00,0.00,匯款,1121013,,,金錢,台北市景華街****,,,,,,,,,
80,王閔生,113年立法委員選舉,首次申報,1121013,個人捐贈收入,陳喜珊,A22*******,2000.00,0.00,匯款,1121013,,,金錢,台北市中山區****,,,,,,,,,
81,王閔生,113年立法委員選舉,首次申報,1121013,個人捐贈收入,王新居,N10*******,10000.00,0.00,匯款,1121013,,,金錢,台北市大安區****,,,,,,,,,
82,王閔生,113年立法委員選舉,首次申報,1121015,營利事業捐贈收入,雍國投資股份有限公司,30871030,100000.00,0.00,現金,1121016,已返還,,金錢,臺北市大安區****,,,,,,,,,
83,王閔生,113年立法委員選舉,首次申報,1121015,營利事業捐贈收入,可可休閒開發有限公司,42637101,20000.00,0.00,現金,1121016,已返還,,金錢,臺北市大安區****,,,,,,,,,
84,王閔生,113年立法委員選舉,首次申報,1121015,個人捐贈收入,鄭麟輝,A10*******,3000.00,0.00,現金,1121016,,,金錢,台北市羅斯福****,,,,,,,,,
85,王閔生,113年立法委員選舉,首次申報,1121015,個人捐贈收入,王武男,A10*******,5000.00,0.00,現金,1121016,,,金錢,台北市敦化南****,,,,,,,,,
86,王閔生,113年立法委員選舉,首次申報,1121015,個人捐贈收入,周日勝,A10*******,10000.00,0.00,現金,1121016,,,金錢,台北市青田街****,,,,,,,,,
87,王閔生,113年立法委員選舉,首次申報,1121015,個人捐贈收入,林盛善,A10*******,5000.00,0.00,現金,1121016,,,金錢,台北市廈門街****,,,,,,,,,
88,王閔生,113年立法委員選舉,首次申報,1121015,個人捐贈收入,褚盛基,A10*******,10000.00,0.00,現金,1121016,,,金錢,台北市南昌路****,,,,,,,,,
89,王閔生,113年立法委員選舉,首次申報,1121015,個人捐贈收入,黃貞實,A10*******,2000.00,0.00,現金,1121016,,,金錢,台北市通化街****,,,,,,,,,
90,王閔生,113年立法委員選舉,首次申報,1121015,個人捐贈收入,張憲忠,A10*******,6000.00,0.00,現金,1121016,,,金錢,台北市羅斯福****,,,,,,,,,
91,王閔生,113年立法委員選舉,首次申報,1121015,個人捐贈收入,林逢時,A10*******,5000.00,0.00,現金,1121016,,,金錢,新北市新店區****,,,,,,,,,
92,王閔生,113年立法委員選舉,首次申報,1121015,個人捐贈收入,林清雄,A10*******,2000.00,0.00,現金,1121016,,,金錢,新北市新店區****,,,,,,,,,
93,王閔生,113年立法委員選舉,首次申報,1121015,個人捐贈收入,吳三貴,A10*******,2000.00,0.00,現金,1121016,,,金錢,台北市南昌路****,,,,,,,,,
94,王閔生,113年立法委員選舉,首次申報,1121015,個人捐贈收入,周健章,A10*******,50000.00,0.00,現金,1121016,,,金錢,台北市羅斯福****,,,,,,,,,
95,王閔生,113年立法委員選舉,首次申報,1121015,個人捐贈收入,陳文雄,A11*******,2000.00,0.00,現金,1121016,,,金錢,台北市興隆路****,,,,,,,,,
96,王閔生,113年立法委員選舉,首次申報,1121015,個人捐贈收入,陳志英,A12*******,5000.00,0.00,現金,1121016,,,金錢,台北市萬安街****,,,,,,,,,
97,王閔生,113年立法委員選舉,首次申報,1121015,個人捐贈收入,傅淑貞,A20*******,2000.00,0.00,現金,1121016,,,金錢,台北市成都路****,,,,,,,,,
98,王閔生,113年立法委員選舉,首次申報,1121015,個人捐贈收入,邱陳淑美,A20*******,5000.00,0.00,現金,1121016,,,金錢,台北市新生南****,,,,,,,,,
99,王閔生,113年立法委員選舉,首次申報,1121015,個人捐贈收入,陳秀華,A21*******,2000.00,0.00,現金,1121016,,,金錢,台北市八德路****,,,,,,,,,
100,王閔生,113年立法委員選舉,首次申報,1121015,個人捐贈收入,黃漢和,F10*******,5000.00,0.00,現金,1121016,,,金錢,台北市新生南****,,,,,,,,,
101,王閔生,113年立法委員選舉,首次申報,1121015,個人捐贈收入,邱祥桂,F10*******,20000.00,0.00,現金,1121016,,,金錢,台北市羅斯福****,,,,,,,,,
102,王閔生,113年立法委員選舉,首次申報,1121015,個人捐贈收入,蔡家蓁,Q20*******,2000.00,0.00,現金,1121016,,,金錢,台北市士林區****,,,,,,,,,
103,王閔生,113年立法委員選舉,首次申報,1121016,營利事業捐贈收入,黑彩管理顧問有限公司,54347036,20000.00,0.00,匯款,1121016,已返還,,金錢,台北市松山區****,,,,,,,,,
104,王閔生,113年立法委員選舉,首次申報,1121016,個人捐贈收入,林冠佑,F12*******,50000.00,0.00,匯款,1121016,,,金錢,新北市永和區****,,,,,,,,,
105,王閔生,113年立法委員選舉,首次申報,1121016,個人捐贈收入,潘淑惠,V22*******,50000.00,0.00,現金,1121016,,,金錢,台北市大同區****,,,,,,,,,
106,王閔生,113年立法委員選舉,首次申報,1121017,個人捐贈收入,程芷香,A20*******,30000.00,0.00,匯款,1121017,,,金錢,台北市中山區****,,,,,,,,,
107,王閔生,113年立法委員選舉,首次申報,1121018,匿名捐贈,匿名C,,5000.00,0.00,匯款,1121018,,,金錢,,,,,,,,,,
108,王閔生,113年立法委員選舉,首次申報,1121023,營利事業捐贈收入,建坤營造事業股份有限公司,40645581,200000.00,0.00,匯款,1121023,,,金錢,臺北市內湖區****,,,,,,,,,
109,王閔生,113年立法委員選舉,首次申報,1121023,個人捐贈收入,陳曉雯,F22*******,50000.00,0.00,票據,1121024,,,金錢,新北市汐止區****,,,,,,,,,
110,王閔生,113年立法委員選舉,首次申報,1121023,個人捐贈收入,張正仁,G12*******,20000.00,0.00,匯款,1121023,,,金錢,台北市中山區****,,,,,,,,,
111,王閔生,113年立法委員選舉,首次申報,1121025,個人捐贈收入,陳裕仁,A12*******,8888.00,0.00,匯款,1121025,,,金錢,泰山區中港西****,,,,,,,,,
112,王閔生,113年立法委員選舉,首次申報,1121025,個人捐贈收入,張恩誠,A12*******,30000.00,0.00,現金,1121026,,,金錢,台北市北投區****,,,,,,,,,
113,王閔生,113年立法委員選舉,首次申報,1121025,個人捐贈收入,黃慶銘,S12*******,100000.00,0.00,匯款,1121025,,,金錢,台北市文山區****,,,,,,,,,
114,王閔生,113年立法委員選舉,首次申報,1121026,個人捐贈收入,王國棟,A12*******,20000.00,0.00,現金,1121101,,,金錢,台北市信義區****,,,,,,,,,
115,王閔生,113年立法委員選舉,首次申報,1121026,個人捐贈收入,雷詠堯,F12*******,50000.00,0.00,匯款,1121026,,,金錢,新北市永和區****,,,,,,,,,
116,王閔生,113年立法委員選舉,首次申報,1121027,營利事業捐贈收入,品毅空調工程有限公司,83377537,30000.00,0.00,匯款,1121027,,,金錢,新北市汐止區****,,,,,,,,,
117,王閔生,113年立法委員選舉,首次申報,1121027,個人捐贈收入,謝彥中,C12*******,30000.00,0.00,匯款,1121027,,,金錢,新北市鶯歌區****,,,,,,,,,
118,王閔生,113年立法委員選舉,首次申報,1121030,個人捐贈收入,陳欽賜,,20000.00,0.00,票據,1121101,,,金錢,台北市文山區****,,,,,,,,,
119,王閔生,113年立法委員選舉,首次申報,1121030,個人捐贈收入,田芷倩,A22*******,10000.00,0.00,匯款,1121030,,,金錢,台北市大同區****,,,,,,,,,
120,王閔生,113年立法委員選舉,首次申報,1121030,個人捐贈收入,吳佩凌,J22*******,100000.00,0.00,現金,1121030,,,金錢,臺北市大安區****,,,,,,,,,
121,王閔生,113年立法委員選舉,首次申報,1121030,個人捐贈收入,嚴美秀,Q22*******,30000.00,0.00,匯款,1121030,,,金錢,新北市鶯歌區****,,,,,,,,,
122,王閔生,113年立法委員選舉,首次申報,1121031,匿名捐贈,高日易,,100.00,0.00,匯款,1121031,,,金錢,,,,,,,,,,
123,王閔生,113年立法委員選舉,首次申報,1121031,個人捐贈收入,蔡國清,F10*******,50000.00,0.00,匯款,1121031,,,金錢,新北市新店區****,,,,,,,,,
124,王閔生,113年立法委員選舉,首次申報,1121031,個人捐贈收入,許恒瑞,F12*******,20000.00,0.00,匯款,1121031,,,金錢,新北市新店區****,,,,,,,,,
125,王閔生,113年立法委員選舉,首次申報,1121102,個人捐贈收入,魏攸名,K22*******,100000.00,0.00,現金,1121102,,,金錢,台北市信義區****,,,,,,,,,
126,王閔生,113年立法委員選舉,首次申報,1121102,個人捐贈收入,周欽弘,Q12*******,100000.00,0.00,現金,1121102,,,金錢,新竹縣竹北市****,,,,,,,,,
127,王閔生,113年立法委員選舉,首次申報,1121107,營利事業捐贈收入,翊豐營造股份有限公司,24645699,150000.00,0.00,票據,1121108,,,金錢,臺北市文山區****,,,,,,,,,
128,王閔生,113年立法委員選舉,首次申報,1121107,個人捐贈收入,楊英俊,A10*******,5000.00,0.00,現金,1121108,,,金錢,臺北市北投區****,,,,,,,,,
129,王閔生,113年立法委員選舉,首次申報,1121107,個人捐贈收入,黃浩忠,A10*******,20000.00,0.00,現金,1121108,,,金錢,新北市三重區****,,,,,,,,,
130,王閔生,113年立法委員選舉,首次申報,1121107,個人捐贈收入,林佳成,A11*******,20000.00,0.00,現金,1121108,,,金錢,臺北市文山區****,,,,,,,,,
131,王閔生,113年立法委員選舉,首次申報,1121107,個人捐贈收入,徐銘燦,A12*******,10000.00,0.00,現金,1121108,,,金錢,臺北市大安區****,,,,,,,,,
132,王閔生,113年立法委員選舉,首次申報,1121107,個人捐贈收入,李厚慶,A12*******,10000.00,0.00,現金,1121108,,,金錢,臺北市萬華區****,,,,,,,,,
133,王閔生,113年立法委員選舉,首次申報,1121107,個人捐贈收入,陳穎慶,A12*******,20000.00,0.00,現金,1121108,,,金錢,臺北市大安區****,,,,,,,,,
134,王閔生,113年立法委員選舉,首次申報,1121107,個人捐贈收入,章育翔,A12*******,30000.00,0.00,現金,1121108,,,金錢,新北市板橋區****,,,,,,,,,
135,王閔生,113年立法委員選舉,首次申報,1121107,個人捐贈收入,章永松,A12*******,20000.00,0.00,現金,1121108,,,金錢,新北市永和區****,,,,,,,,,
136,王閔生,113年立法委員選舉,首次申報,1121107,個人捐贈收入,龎有情,A12*******,20000.00,0.00,現金,1121108,,,金錢,臺北市文山區****,,,,,,,,,
137,王閔生,113年立法委員選舉,首次申報,1121107,個人捐贈收入,王慶珠,A20*******,20000.00,0.00,現金,1121108,,,金錢,新北市中和區****,,,,,,,,,
138,王閔生,113年立法委員選舉,首次申報,1121107,個人捐贈收入,賴姿伶,A22*******,20000.00,0.00,現金,1121108,,,金錢,臺北市內湖區****,,,,,,,,,
139,王閔生,113年立法委員選舉,首次申報,1121107,個人捐贈收入,蔣鎮宇,E12*******,20000.00,0.00,現金,1121108,,,金錢,宜蘭縣蘇澳鎮****,,,,,,,,,
140,王閔生,113年立法委員選舉,首次申報,1121107,個人捐贈收入,楊能郎,F10*******,20000.00,0.00,現金,1121108,,,金錢,臺北市羅斯福****,,,,,,,,,
141,王閔生,113年立法委員選舉,首次申報,1121107,個人捐贈收入,周清圳,F10*******,20000.00,0.00,現金,1121108,,,金錢,新北市土城區****,,,,,,,,,
142,王閔生,113年立法委員選舉,首次申報,1121107,個人捐贈收入,張秋鴻,F12*******,30000.00,0.00,現金,1121108,,,金錢,新北市新莊區****,,,,,,,,,
143,王閔生,113年立法委員選舉,首次申報,1121107,個人捐贈收入,李朕,F12*******,10000.00,0.00,現金,1121108,,,金錢,臺北市松山區****,,,,,,,,,
144,王閔生,113年立法委員選舉,首次申報,1121107,個人捐贈收入,張建文,F12*******,20000.00,0.00,現金,1121108,,,金錢,新北市三重區****,,,,,,,,,
145,王閔生,113年立法委員選舉,首次申報,1121107,個人捐贈收入,胡長容,F22*******,100000.00,0.00,現金,1121108,,,金錢,臺北市士林區****,,,,,,,,,
146,王閔生,113年立法委員選舉,首次申報,1121107,個人捐贈收入,黃翊芸,F22*******,20000.00,0.00,現金,1121108,,,金錢,臺北市中山區****,,,,,,,,,
147,王閔生,113年立法委員選舉,首次申報,1121107,個人捐贈收入,許傳宏,G12*******,10000.00,0.00,現金,1121108,,,金錢,臺北市信義區****,,,,,,,,,
148,王閔生,113年立法委員選舉,首次申報,1121107,個人捐贈收入,史堅忍,H12*******,20000.00,0.00,現金,1121108,,,金錢,新北市永和區****,,,,,,,,,
149,王閔生,113年立法委員選舉,首次申報,1121107,個人捐贈收入,曾朝煌,J12*******,50000.00,0.00,現金,1121108,,,金錢,臺北市南港區****,,,,,,,,,
150,王閔生,113年立法委員選舉,首次申報,1121107,個人捐贈收入,郭麗香,J22*******,50000.00,0.00,現金,1121108,,,金錢,臺北市南港區****,,,,,,,,,
151,王閔生,113年立法委員選舉,首次申報,1121107,個人捐贈收入,廖進平,M12*******,50000.00,0.00,現金,1121108,,,金錢,臺北市大安區****,,,,,,,,,
152,王閔生,113年立法委員選舉,首次申報,1121107,個人捐贈收入,黃惠美,M22*******,20000.00,0.00,現金,1121108,,,金錢,臺北市中山區****,,,,,,,,,
153,王閔生,113年立法委員選舉,首次申報,1121107,個人捐贈收入,許日泰,N12*******,60000.00,0.00,現金,1121108,,,金錢,新北市新店區****,,,,,,,,,
154,王閔生,113年立法委員選舉,首次申報,1121107,個人捐贈收入,吳宜璋,Q12*******,20000.00,0.00,現金,1121108,,,金錢,臺北市中山區****,,,,,,,,,
155,王閔生,113年立法委員選舉,首次申報,1121107,個人捐贈收入,翁逸鳴,Q12*******,20000.00,0.00,現金,1121108,,,金錢,臺北市大安區****,,,,,,,,,
156,王閔生,113年立法委員選舉,首次申報,1121107,個人捐贈收入,林寶松,Q12*******,20000.00,0.00,現金,1121108,,,金錢,臺北市羅斯福****,,,,,,,,,
157,王閔生,113年立法委員選舉,首次申報,1121107,個人捐贈收入,顏嘉璐,Q22*******,6000.00,0.00,現金,1121108,,,金錢,嘉義市北榮街****,,,,,,,,,
158,王閔生,113年立法委員選舉,首次申報,1121107,個人捐贈收入,董俊呈,R12*******,20000.00,0.00,現金,1121108,,,金錢,臺北市中正區****,,,,,,,,,
159,王閔生,113年立法委員選舉,首次申報,1121107,個人捐贈收入,姚侑廷,R12*******,20000.00,0.00,現金,1121108,,,金錢,新竹市立鵬路****,,,,,,,,,
160,王閔生,113年立法委員選舉,首次申報,1121107,個人捐贈收入,邱祚斌,S12*******,6000.00,0.00,現金,1121108,,,金錢,新北市五股區****,,,,,,,,,
161,王閔生,113年立法委員選舉,首次申報,1121107,個人捐贈收入,詹大慶,T12*******,20000.00,0.00,現金,1121108,,,金錢,臺北市中山區****,,,,,,,,,
162,王閔生,113年立法委員選舉,首次申報,1121107,個人捐贈收入,饒雲和,V10*******,10000.00,0.00,現金,1121108,,,金錢,臺北市松山區****,,,,,,,,,
163,王閔生,113年立法委員選舉,首次申報,1121107,個人捐贈收入,姚文彥,Y12*******,50000.00,0.00,現金,1121108,,,金錢,臺北市士林區****,,,,,,,,,
164,王閔生,113年立法委員選舉,首次申報,1121108,個人捐贈收入,王建河,,20000.00,0.00,現金,1121108,,,金錢,新北市樹林區****,,,,,,,,,
165,王閔生,113年立法委員選舉,首次申報,1121108,個人捐贈收入,陳國俊,,12000.00,0.00,現金,1121108,,,金錢,臺北市中正區****,,,,,,,,,
166,王閔生,113年立法委員選舉,首次申報,1121108,個人捐贈收入,簡君全,A12*******,20000.00,0.00,現金,1121108,,,金錢,新北市中和區****,,,,,,,,,
167,王閔生,113年立法委員選舉,首次申報,1121108,個人捐贈收入,廖俊維,A12*******,20000.00,0.00,現金,1121108,,,金錢,新北市新店區****,,,,,,,,,
168,王閔生,113年立法委員選舉,首次申報,1121110,匿名捐贈,高日易,,100.00,0.00,匯款,1121110,,,金錢,,,,,,,,,,
169,王閔生,113年立法委員選舉,首次申報,1121112,個人捐贈收入,江新柳,H10*******,10000.00,0.00,現金,1121114,,,金錢,臺北市文山區****,,,,,,,,,
170,王閔生,113年立法委員選舉,首次申報,1121113,匿名捐贈,高日易,,100.00,0.00,匯款,1121113,,,金錢,,,,,,,,,,
171,王閔生,113年立法委員選舉,首次申報,1121113,匿名捐贈,老泉部落,,2600.00,0.00,現金,1121113,,,金錢,,,,,,,,,,
172,王閔生,113年立法委員選舉,首次申報,1121113,個人捐贈收入,高炳壯,F12*******,5000.00,0.00,現金,1121115,,,金錢,新北市深坑區****,,,,,,,,,
173,王閔生,113年立法委員選舉,首次申報,1121113,個人捐贈收入,陳以倫,F12*******,100000.00,0.00,匯款,1121113,,,金錢,台中市南區忠****,,,,,,,,,
174,王閔生,113年立法委員選舉,首次申報,1121113,個人捐贈收入,鍾佩蓁,F22*******,100000.00,0.00,匯款,1121113,,,金錢,台北市吉林路****,,,,,,,,,
175,王閔生,113年立法委員選舉,首次申報,1121114,個人捐贈收入,陳宜倫,A12*******,20000.00,0.00,現金,1121116,,,金錢,新北市永和區****,,,,,,,,,
176,王閔生,113年立法委員選舉,首次申報,1121115,個人捐贈收入,陳宗智,U12*******,50000.00,0.00,匯款,1121115,,,金錢,台北市內湖區****,,,,,,,,,
177,王閔生,113年立法委員選舉,首次申報,1121116,個人捐贈收入,藍麗秋,G22*******,20000.00,0.00,現金,1121116,,,金錢,台北市信義區****,,,,,,,,,
178,王閔生,113年立法委員選舉,首次申報,1121117,營利事業捐贈收入,竣達實業股份有限公司,28408606,100000.00,0.00,票據,1121121,,,金錢,新北市三重區****,,,,,,,,,
179,王閔生,113年立法委員選舉,首次申報,1121118,個人捐贈收入,張誼如,A22*******,10000.00,0.00,匯款,1121118,,,金錢,台北市文山區****,,,,,,,,,
180,王閔生,113年立法委員選舉,首次申報,1121120,匿名捐贈,匿名I,,1168.00,0.00,匯款,1121120,,,金錢,,,,,,,,,,
181,王閔生,113年立法委員選舉,首次申報,1121120,匿名捐贈,高日易,,100.00,0.00,匯款,1121120,,,金錢,,,,,,,,,,
182,王閔生,113年立法委員選舉,首次申報,1121121,營利事業捐贈收入,日寶鋼鐵有限公司,21213113,40000.00,0.00,現金,1121122,,,金錢,臺北市大安區****,,,,,,,,,
183,王閔生,113年立法委員選舉,首次申報,1121121,營利事業捐贈收入,丞峰營造股份有限公司,23792671,20000.00,0.00,現金,1121122,,,金錢,臺北市中正區****,,,,,,,,,
184,王閔生,113年立法委員選舉,首次申報,1121121,個人捐贈收入,官朝永,Q10*******,20000.00,0.00,現金,1121122,,,金錢,臺北市中正區****,,,,,,,,,
185,王閔生,113年立法委員選舉,首次申報,1121121,個人捐贈收入,張傳為,Q12*******,20000.00,0.00,現金,1121122,,,金錢,臺北市松山區****,,,,,,,,,
186,王閔生,113年立法委員選舉,首次申報,1121121,個人捐贈收入,吳永能,Q12*******,20000.00,0.00,現金,1121122,,,金錢,臺北市內湖區****,,,,,,,,,
187,王閔生,113年立法委員選舉,首次申報,1121122,營利事業捐贈收入,台玖商行,18412291,20000.00,0.00,現金,1121122,,,金錢,臺北市文山區****,,,,,,,,,
188,王閔生,113年立法委員選舉,首次申報,1121122,個人捐贈收入,李景園,G12*******,100000.00,0.00,匯款,1121122,,,金錢,台北市信義區****,,,,,,,,,
189,王閔生,113年立法委員選舉,首次申報,1121129,營利事業捐贈收入,樹盛營造股份有限公司,12131180,100000.00,0.00,匯款,1121129,,,金錢,臺北市文山區****,,,,,,,,,
190,王閔生,113年立法委員選舉,首次申報,1121130,個人捐贈收入,林建良,A13*******,30000.00,0.00,匯款,1121130,,,金錢,台北市松山區****,,,,,,,,,
191,王閔生,113年立法委員選舉,首次申報,1121201,個人捐贈收入,郭嘉偉,A12*******,6000.00,0.00,匯款,1121201,,,金錢,台北市文山區****,,,,,,,,,
192,王閔生,113年立法委員選舉,首次申報,1121204,人民團體捐贈收入,社團法人台北市牙醫師公會,,70000.00,0.00,匯款,1121204,,,金錢,台北市中正區****,02-2*****,,,,,,,,
193,王閔生,113年立法委員選舉,首次申報,1121204,匿名捐贈,匿名J,,5000.00,0.00,匯款,1121204,,,金錢,,,,,,,,,,
194,王閔生,113年立法委員選舉,首次申報,1121204,個人捐贈收入,林秀珠,M20*******,20000.00,0.00,匯款,1121204,,,金錢,台北市大安區****,,,,,,,,,
195,王閔生,113年立法委員選舉,首次申報,1121204,個人捐贈收入,甘錫瀅,T10*******,30000.00,0.00,匯款,1121204,,,金錢,臺北市大安區****,,,,,,,,,
196,王閔生,113年立法委員選舉,首次申報,1121205,營利事業捐贈收入,郁信股份有限公司,16690240,100000.00,0.00,票據,1121209,,,金錢,南投縣南投市****,,,,,,,,,
197,王閔生,113年立法委員選舉,首次申報,1121205,個人捐贈收入,林利徽,G20*******,50000.00,0.00,匯款,1121205,,,金錢,台北市大安區****,,,,,,,,,
198,王閔生,113年立法委員選舉,首次申報,1121207,個人捐贈收入,高志昕,A12*******,20000.00,0.00,匯款,1121207,,,金錢,台北市文山區****,,,,,,,,,
199,王閔生,113年立法委員選舉,首次申報,1121207,個人捐贈收入,張慶茂,R12*******,1000.00,0.00,匯款,1121207,,,金錢,台北市文山區****,,,,,,,,,
200,王閔生,113年立法委員選舉,首次申報,1121208,營利事業捐贈收入,亞洲室內裝修設計企業有限公司,80224072,70000.00,0.00,匯款,1121208,,,金錢,彰化縣鹿港鎮****,,,,,,,,,
201,王閔生,113年立法委員選舉,首次申報,1121208,個人捐贈收入,陳嬑嫆,F22*******,100000.00,0.00,匯款,1121208,,,金錢,臺北市中山區****,,,,,,,,,
202,王閔生,113年立法委員選舉,首次申報,1121209,個人捐贈收入,王錦鐘,C10*******,20000.00,0.00,匯款,1121209,,,金錢,新北市永和區****,,,,,,,,,
203,王閔生,113年立法委員選舉,首次申報,1121209,個人捐贈收入,邱品嘉,P22*******,30000.00,0.00,匯款,1121209,,,金錢,新北市板橋區****,0936*****,,,,,,,,
204,王閔生,113年立法委員選舉,首次申報,1121210,個人捐贈收入,劉益和,H12*******,50000.00,0.00,匯款,1121210,,,金錢,台北市文山區****,,,,,,,,,
205,王閔生,113年立法委員選舉,首次申報,1121211,匿名捐贈,匿名K,,2000.00,0.00,匯款,1121211,,,金錢,,,,,,,,,,
206,王閔生,113年立法委員選舉,首次申報,1121211,匿名捐贈,匿名L,,10000.00,0.00,匯款,1121211,,,金錢,,,,,,,,,,
207,王閔生,113年立法委員選舉,首次申報,1121211,匿名捐贈,木柵民防,,1000.00,0.00,現金,1121211,,,金錢,,,,,,,,,,
208,王閔生,113年立法委員選舉,首次申報,1121211,匿名捐贈,高日易,,100.00,0.00,匯款,1121211,,,金錢,,,,,,,,,,
209,王閔生,113年立法委員選舉,首次申報,1121211,個人捐贈收入,陳美妃,R22*******,3600.00,0.00,匯款,1121211,,,金錢,臺北市大安區****,,,,,,,,,
210,王閔生,113年立法委員選舉,首次申報,1121212,人民團體捐贈收入,臺北市水管裝置業職業工會,,20000.00,0.00,票據,1121213,,,金錢,臺北市松山區****,,,,,,,,,
211,王閔生,113年立法委員選舉,首次申報,1121212,匿名捐贈,美惠大哥,,1000.00,0.00,匯款,1121212,,,金錢,,,,,,,,,,
212,王閔生,113年立法委員選舉,首次申報,1121212,匿名捐贈,高日易,,100.00,0.00,匯款,1121212,,,金錢,,,,,,,,,,
213,王閔生,113年立法委員選舉,首次申報,1121212,個人捐贈收入,蔡垂嘉,B10*******,10000.00,0.00,現金,1121213,,,金錢,台北市文山區****,,,,,,,,,
214,王閔生,113年立法委員選舉,首次申報,1121212,個人捐贈收入,蘇家儀,C20*******,2000.00,0.00,現金,1121213,,,金錢,臺北市興隆路****,,,,,,,,,
215,王閔生,113年立法委員選舉,首次申報,1121212,個人捐贈收入,陳王美惠,C20*******,3000.00,0.00,匯款,1121212,,,金錢,臺北市大安區****,,,,,,,,,
216,王閔生,113年立法委員選舉,首次申報,1121212,個人捐贈收入,林江秀貴,H20*******,6000.00,0.00,現金,1121213,,,金錢,桃園市泰山里****,,,,,,,,,
217,王閔生,113年立法委員選舉,首次申報,1121212,個人捐贈收入,賴聰信,M10*******,5000.00,0.00,現金,1121213,,,金錢,台北市文山區****,,,,,,,,,
218,王閔生,113年立法委員選舉,首次申報,1121213,個人捐贈收入,曹惠芬,Z20*******,50000.00,0.00,現金,1121214,,,金錢,新北市土城區****,,,,,,,,,
219,王閔生,113年立法委員選舉,首次申報,1121215,個人捐贈收入,蘇聖修,A12*******,30000.00,0.00,匯款,1121215,,,金錢,臺北市大安區****,,,,,,,,,
220,王閔生,113年立法委員選舉,首次申報,1121216,個人捐贈收入,汪育嫻,A22*******,1000.00,0.00,匯款,1121216,,,金錢,台北市文山區****,,,,,,,,,
221,王閔生,113年立法委員選舉,首次申報,1121218,匿名捐贈,高日易,,100.00,0.00,匯款,1121218,,,金錢,,,,,,,,,,
222,王閔生,113年立法委員選舉,首次申報,1121218,個人捐贈收入,洪太陽,A10*******,10000.00,0.00,匯款,1121218,,,金錢,臺北市大安區****,,,,,,,,,
223,王閔生,113年立法委員選舉,首次申報,1121220,匿名捐贈,匿名M,,3000.00,0.00,匯款,1121220,,,金錢,,,,,,,,,,
224,王閔生,113年立法委員選舉,首次申報,1121220,營利事業捐贈收入,裕錩工程有限公司,42640470,100000.00,0.00,現金,1121220,,,金錢,台北市大同區****,,,,,,,,,
225,王閔生,113年立法委員選舉,首次申報,1121220,營利事業捐贈收入,榮慶藥品有限公司,52494031,100000.00,0.00,現金,1121220,已返還,,金錢,臺北市中山區****,,,,,,,,,
226,王閔生,113年立法委員選舉,首次申報,1121220,營利事業捐贈收入,永信國際投資控股股份有限公司,53004906,100000.00,0.00,現金,1121220,,,金錢,臺中市大甲區****,,,,,,,,,
227,王閔生,113年立法委員選舉,首次申報,1121220,個人捐贈收入,陳思齊,E12*******,100000.00,0.00,現金,1121220,,,金錢,高雄市左營區****,,,,,,,,,
228,王閔生,113年立法委員選舉,首次申報,1121220,個人捐贈收入,林美妙,N22*******,100000.00,0.00,現金,1121220,,,金錢,新北市瑞芳區****,,,,,,,,,
229,王閔生,113年立法委員選舉,首次申報,1121220,個人捐贈收入,李梓槃,S12*******,100000.00,0.00,現金,1121220,,,金錢,新北市板橋區****,0988*****,,,,,,,,
230,王閔生,113年立法委員選舉,首次申報,1121220,個人捐贈收入,王文玲,U22*******,100000.00,0.00,現金,1121220,,,金錢,新北市板橋區****,,,,,,,,,
231,王閔生,113年立法委員選舉,首次申報,1121220,個人捐贈收入,陳明雯,X22*******,100000.00,0.00,現金,1121220,,,金錢,台北市信義區****,,,,,,,,,
232,王閔生,113年立法委員選舉,首次申報,1121221,匿名捐贈,匿名N,,3000.00,0.00,匯款,1121221,,,金錢,,,,,,,,,,
233,王閔生,113年立法委員選舉,首次申報,1121221,其他收入,利息收入,,6338.00,0.00,匯款,1121221,,,金錢,,,,,,,,,,
234,王閔生,113年立法委員選舉,首次申報,1121221,個人捐贈收入,周昶齊,N12*******,1000.00,0.00,匯款,1121221,,,金錢,彰化市彰泰二****,,,,,,,,,
235,王閔生,113年立法委員選舉,首次申報,1121222,個人捐贈收入,黃秋萍,E22*******,50000.00,0.00,匯款,1121222,,,金錢,台北市中山區****,,,,,,,,,
236,王閔生,113年立法委員選舉,首次申報,1121222,個人捐贈收入,林祖遠,F10*******,60000.00,0.00,匯款,1121222,,,金錢,台北市中山區****,,,,,,,,,
237,王閔生,113年立法委員選舉,首次申報,1121222,個人捐贈收入,林祖澤,F12*******,40000.00,0.00,匯款,1121222,,,金錢,台北市中山區****,,,,,,,,,
238,王閔生,113年立法委員選舉,首次申報,1121222,個人捐贈收入,謝錦鎮,F12*******,20000.00,0.00,匯款,1121222,,,金錢,臺北市文山區****,,,,,,,,,
239,王閔生,113年立法委員選舉,首次申報,1121222,個人捐贈收入,陳保羅,F12*******,50000.00,0.00,匯款,1121222,,,金錢,台北市文山區****,,,,,,,,,
240,王閔生,113年立法委員選舉,首次申報,1121223,個人捐贈收入,王兆祥,D12*******,50000.00,0.00,匯款,1121223,,,金錢,台北市文山區****,,,,,,,,,
241,王閔生,113年立法委員選舉,首次申報,1121223,個人捐贈收入,陳保羅,F12*******,50000.00,0.00,匯款,1121223,,,金錢,台北市文山區****,,,,,,,,,
242,王閔生,113年立法委員選舉,首次申報,1121225,個人捐贈收入,黃寶貴,A22*******,5000.00,0.00,匯款,1121225,,,金錢,台北市文山區****,,,,,,,,,
243,王閔生,113年立法委員選舉,首次申報,1121227,個人捐贈收入,黃晟彰,A12*******,10000.00,0.00,現金,1121228,,,金錢,台北市文山區****,,,,,,,,,
244,王閔生,113年立法委員選舉,首次申報,1121227,個人捐贈收入,張俊賢,A12*******,3000.00,0.00,現金,1121228,,,金錢,台北市文山區****,,,,,,,,,
245,王閔生,113年立法委員選舉,首次申報,1121227,個人捐贈收入,鄭博文,A12*******,10000.00,0.00,現金,1121228,,,金錢,台北市大安區****,,,,,,,,,
246,王閔生,113年立法委員選舉,首次申報,1121227,個人捐贈收入,林雅婷,A22*******,2000.00,0.00,現金,1121228,,,金錢,台北市文山區****,,,,,,,,,
247,王閔生,113年立法委員選舉,首次申報,1121227,個人捐贈收入,徐玉琴,A22*******,2000.00,0.00,現金,1121228,,,金錢,台北市文山區****,,,,,,,,,
248,王閔生,113年立法委員選舉,首次申報,1121227,個人捐贈收入,高榮春,F10*******,10000.00,0.00,現金,1121228,,,金錢,新北市新店區****,,,,,,,,,
249,王閔生,113年立法委員選舉,首次申報,1121227,個人捐贈收入,林怡忠,F10*******,1000.00,0.00,現金,1121228,,,金錢,台北市文山區****,,,,,,,,,
250,王閔生,113年立法委員選舉,首次申報,1121227,個人捐贈收入,張東隆,F10*******,30000.00,0.00,現金,1121228,,,金錢,台北市文山區****,,,,,,,,,
251,王閔生,113年立法委員選舉,首次申報,1121227,個人捐贈收入,林建凱,F12*******,5000.00,0.00,現金,1121228,,,金錢,台北市中山區****,,,,,,,,,
252,王閔生,113年立法委員選舉,首次申報,1121227,個人捐贈收入,林修賢,F12*******,10000.00,0.00,現金,1121228,,,金錢,新北市新店區****,,,,,,,,,
253,王閔生,113年立法委員選舉,首次申報,1121227,個人捐贈收入,藍金雄,H10*******,6000.00,0.00,現金,1121228,,,金錢,新北市新莊區****,,,,,,,,,
254,王閔生,113年立法委員選舉,首次申報,1121227,個人捐贈收入,許芳毓,H12*******,18000.00,0.00,現金,1121228,,,金錢,台北市信義區****,,,,,,,,,
255,王閔生,113年立法委員選舉,首次申報,1121227,個人捐贈收入,黃再旺,N10*******,2000.00,0.00,現金,1121228,,,金錢,台北市信義區****,,,,,,,,,
256,王閔生,113年立法委員選舉,首次申報,1121227,個人捐贈收入,施嘉和,Q10*******,5000.00,0.00,現金,1121228,,,金錢,台北市中正區****,,,,,,,,,
257,王閔生,113年立法委員選舉,首次申報,1121227,個人捐贈收入,黃聰儀,Q10*******,3000.00,0.00,現金,1121228,,,金錢,新北市中和區****,,,,,,,,,
258,王閔生,113年立法委員選舉,首次申報,1121227,個人捐贈收入,黃秀花,S20*******,5000.00,0.00,現金,1121228,,,金錢,台北市文山區****,,,,,,,,,
259,王閔生,113年立法委員選舉,首次申報,1121228,營利事業捐贈收入,總行營造興業股份有限公司,04516752,50000.00,0.00,現金,1121229,,,金錢,臺北市士林區****,,,,,,,,,
260,王閔生,113年立法委員選舉,首次申報,1121228,營利事業捐贈收入,鴻益化工原料有限公司,04864196,50000.00,0.00,現金,1121229,已返還,,金錢,臺北市文山區****,,,,,,,,,
261,王閔生,113年立法委員選舉,首次申報,1121228,營利事業捐贈收入,鼎耀食品股份有限公司,22161107,60000.00,0.00,現金,1121229,,,金錢,新北市新店區****,,,,,,,,,
262,王閔生,113年立法委員選舉,首次申報,1121228,營利事業捐贈收入,貝可國際股份有限公司,27983567,20000.00,0.00,現金,1121229,,,金錢,臺北市內湖區****,,,,,,,,,
263,王閔生,113年立法委員選舉,首次申報,1121228,營利事業捐贈收入,慶康實業股份有限公司,30442221,20000.00,0.00,現金,1121229,,,金錢,新北市新店區****,,,,,,,,,
264,王閔生,113年立法委員選舉,首次申報,1121228,營利事業捐贈收入,茂詮餐飲設備有限公司,53910035,20000.00,0.00,現金,1121229,,,金錢,台北市復興南****,,,,,,,,,
265,王閔生,113年立法委員選舉,首次申報,1121228,營利事業捐贈收入,上景照明科技有限公司,66602138,20000.00,0.00,現金,1121229,,,金錢,新北市中和區****,,,,,,,,,
266,王閔生,113年立法委員選舉,首次申報,1121228,營利事業捐贈收入,盈浜企業有限公司,70604138,100000.00,0.00,現金,1121229,,,金錢,新北市中和區****,,,,,,,,,
267,王閔生,113年立法委員選舉,首次申報,1121228,營利事業捐贈收入,永立地產開發有限公司政大營業所,88315526,20000.00,0.00,現金,1121229,,,金錢,台北市文山區****,,,,,,,,,
268,王閔生,113年立法委員選舉,首次申報,1121228,營利事業捐贈收入,勤禾新能源國際股份有限公司,90042109,40000.00,0.00,現金,1121229,已返還,,金錢,新北市永和區****,,,,,,,,,
269,王閔生,113年立法委員選舉,首次申報,1121228,個人捐贈收入,陳國基,A11*******,20000.00,0.00,現金,1121229,,,金錢,台北市大安區****,,,,,,,,,
270,王閔生,113年立法委員選舉,首次申報,1121228,個人捐贈收入,簡君全,A12*******,80000.00,0.00,現金,1121229,,,金錢,新北市中和區****,,,,,,,,,
271,王閔生,113年立法委員選舉,首次申報,1121228,個人捐贈收入,翁國薰,A12*******,100000.00,0.00,現金,1121229,,,金錢,台北市南港區****,,,,,,,,,
272,王閔生,113年立法委員選舉,首次申報,1121228,個人捐贈收入,李咨貴,A20*******,20000.00,0.00,現金,1121229,,,金錢,台北市承德路****,,,,,,,,,
273,王閔生,113年立法委員選舉,首次申報,1121228,個人捐贈收入,許慶文,F10*******,20000.00,0.00,現金,1121229,,,金錢,台北市文山區****,,,,,,,,,
274,王閔生,113年立法委員選舉,首次申報,1121228,個人捐贈收入,盧苔華,F20*******,50000.00,0.00,現金,1121229,,,金錢,台北市八德路****,,,,,,,,,
275,王閔生,113年立法委員選舉,首次申報,1121228,個人捐贈收入,高慧君,F22*******,20000.00,0.00,現金,1121229,,,金錢,台北市中正區****,,,,,,,,,
276,王閔生,113年立法委員選舉,首次申報,1121228,個人捐贈收入,詹俊彥,M12*******,20000.00,0.00,現金,1121229,,,金錢,新北市板橋區****,,,,,,,,,
277,王閔生,113年立法委員選舉,首次申報,1121229,個人捐贈收入,連千華,,10000.00,0.00,匯款,1121229,,,金錢,臺北市南港區****,,,,,,,,,
278,王閔生,113年立法委員選舉,首次申報,1121229,營利事業捐贈收入,傌克斯國際股份有限公司,28200824,20000.00,0.00,現金,1121229,,,金錢,臺北市中正區****,,,,,,,,,
279,王閔生,113年立法委員選舉,首次申報,1121229,個人捐贈收入,廖俊維,A12*******,20000.00,0.00,現金,1121229,,,金錢,新北市新店區****,,,,,,,,,
280,王閔生,113年立法委員選舉,首次申報,1121229,個人捐贈收入,趙紹玲,S22*******,20000.00,0.00,現金,1121229,,,金錢,台北市立德路****,,,,,,,,,
281,王閔生,113年立法委員選舉,首次申報,1121230,個人捐贈收入,溫志強,F12*******,20000.00,0.00,現金,1121230,,,金錢,臺北市大安區****,0932*****,,,,,,,,
282,王閔生,113年立法委員選舉,首次申報,1130102,個人捐贈收入,李文正,,20000.00,0.00,匯款,1130102,,,金錢,新北市林口區****,0933*****,,,,,,,,
283,王閔生,113年立法委員選舉,首次申報,1130102,匿名捐贈,匿名O,,6600.00,0.00,匯款,1130102,,,金錢,,,,,,,,,,
284,王閔生,113年立法委員選舉,首次申報,1130102,匿名捐贈,匿名P,,2000.00,0.00,匯款,1130102,,,金錢,,,,,,,,,,
285,王閔生,113年立法委員選舉,首次申報,1130102,個人捐贈收入,謝宜臻,A22*******,100000.00,0.00,現金,1130110,,,金錢,臺北市大安區****,,,,,,,,,
286,王閔生,113年立法委員選舉,首次申報,1130102,個人捐贈收入,吳榮貴,F10*******,20000.00,0.00,現金,1130110,,,金錢,新北市三重區****,,,,,,,,,
287,王閔生,113年立法委員選舉,首次申報,1130102,個人捐贈收入,翁秀燕,F22*******,80000.00,0.00,現金,1130110,,,金錢,新北市新店區****,,,,,,,,,
288,王閔生,113年立法委員選舉,首次申報,1130102,個人捐贈收入,高尹煌珠,F22*******,5000.00,0.00,現金,1130109,,,金錢,台北市文山區****,,,,,,,,,
289,王閔生,113年立法委員選舉,首次申報,1130102,個人捐贈收入,許漢堂,N10*******,10000.00,0.00,現金,1130105,,,金錢,台北市文山區****,,,,,,,,,
290,王閔生,113年立法委員選舉,首次申報,1130102,個人捐贈收入,李金城,N12*******,26000.00,0.00,現金,1130105,,,金錢,臺北市文山區****,,,,,,,,,
291,王閔生,113年立法委員選舉,首次申報,1130103,個人捐贈收入,胡再黃,A10*******,40000.00,0.00,現金,1130110,,,金錢,萬華區莒光路****,,,,,,,,,
292,王閔生,113年立法委員選舉,首次申報,1130103,個人捐贈收入,許文瑞,A12*******,10000.00,0.00,現金,1130110,,,金錢,台北市文山區****,,,,,,,,,
293,王閔生,113年立法委員選舉,首次申報,1130103,個人捐贈收入,賴聖憲,F12*******,10000.00,0.00,現金,1130110,,,金錢,桃園市中壢區****,,,,,,,,,
294,王閔生,113年立法委員選舉,首次申報,1130103,個人捐贈收入,陳斌豪,F12*******,10000.00,0.00,現金,1130110,,,金錢,台北市忠孝東****,,,,,,,,,
295,王閔生,113年立法委員選舉,首次申報,1130103,個人捐贈收入,王豐陽,F12*******,50000.00,0.00,現金,1130105,,,金錢,新北市蘆洲區****,,,,,,,,,
296,王閔生,113年立法委員選舉,首次申報,1130103,個人捐贈收入,林勝賢,G10*******,10000.00,0.00,現金,1130110,,,金錢,台北市民權東****,,,,,,,,,
297,王閔生,113年立法委員選舉,首次申報,1130103,個人捐贈收入,黃信楨,G12*******,10000.00,0.00,現金,1130110,,,金錢,臺北市大安區****,,,,,,,,,
298,王閔生,113年立法委員選舉,首次申報,1130103,個人捐贈收入,翁仁基,H10*******,10000.00,0.00,現金,1130105,,,金錢,台北市文山區****,,,,,,,,,
299,王閔生,113年立法委員選舉,首次申報,1130103,個人捐贈收入,陳紹康,H12*******,5000.00,0.00,現金,1130110,,,金錢,桃園市平鎮區****,,,,,,,,,
300,王閔生,113年立法委員選舉,首次申報,1130103,個人捐贈收入,劉蔭,J10*******,10000.00,0.00,現金,1130110,,,金錢,新北市永和區****,,,,,,,,,
301,王閔生,113年立法委員選舉,首次申報,1130103,個人捐贈收入,劉光儀,J10*******,10000.00,0.00,現金,1130110,,,金錢,台北市下崙路****,,,,,,,,,
302,王閔生,113年立法委員選舉,首次申報,1130103,個人捐贈收入,謝榮鴻,S10*******,100000.00,0.00,現金,1130110,,,金錢,臺北市大安區****,,,,,,,,,
303,王閔生,113年立法委員選舉,首次申報,1130105,人民團體捐贈收入,社團法人新北市牙醫師公會,,50000.00,0.00,票據,1130105,,,金錢,新北市板橋區****,8961*****,,,,,,,,
304,王閔生,113年立法委員選舉,首次申報,1130105,人民團體捐贈收入,台北市汽車駕駛員職業工會,,10000.00,0.00,現金,1130105,,,金錢,臺北市信義區****,,,,,,,,,
305,王閔生,113年立法委員選舉,首次申報,1130105,匿名捐贈,匿名Q,,3000.00,0.00,匯款,1130105,,,金錢,,,,,,,,,,
306,王閔生,113年立法委員選舉,首次申報,1130105,匿名捐贈,匿名R,,500.00,0.00,匯款,1130105,,,金錢,,,,,,,,,,
307,王閔生,113年立法委員選舉,首次申報,1130105,匿名捐贈,高日易,,100.00,0.00,匯款,1130105,,,金錢,,,,,,,,,,
308,王閔生,113年立法委員選舉,首次申報,1130105,營利事業捐贈收入,景美開發股份有限公司,27557249,500000.00,0.00,匯款,1130105,已返還,,金錢,臺北市文山區****,,,,,,,,,
309,王閔生,113年立法委員選舉,首次申報,1130105,個人捐贈收入,陳詩文,A22*******,10000.00,0.00,現金,1130109,,,金錢,臺北市文山區****,,,,,,,,,
310,王閔生,113年立法委員選舉,首次申報,1130105,個人捐贈收入,謝文雄,H10*******,30000.00,0.00,票據,1130105,,,金錢,台北市文山區****,,,,,,,,,
311,王閔生,113年立法委員選舉,首次申報,1130105,個人捐贈收入,王茂生,P10*******,10000.00,0.00,匯款,1130105,,,金錢,台北市松山區****,,,,,,,,,
312,王閔生,113年立法委員選舉,首次申報,1130108,匿名捐贈,匿名S,,200.00,0.00,匯款,1130108,,,金錢,,,,,,,,,,
313,王閔生,113年立法委員選舉,首次申報,1130108,營利事業捐贈收入,蒂奇科技有限公司,94197358,20000.00,0.00,匯款,1130108,,,金錢,臺北市中正區****,,,,,,,,,
314,王閔生,113年立法委員選舉,首次申報,1130108,個人捐贈收入,高文吉,F12*******,100000.00,0.00,現金,1130109,,,金錢,桃園市介壽路****,,,,,,,,,
315,王閔生,113年立法委員選舉,首次申報,1130108,個人捐贈收入,陳昱光,F12*******,20000.00,0.00,現金,1130109,,,金錢,新北市三重區****,,,,,,,,,
316,王閔生,113年立法委員選舉,首次申報,1130108,個人捐贈收入,侯鎭邦,L12*******,100000.00,0.00,現金,1130109,,,金錢,新北市新店區****,,,,,,,,,
317,王閔生,113年立法委員選舉,首次申報,1130109,匿名捐贈,匿名BB,,2000.00,0.00,現金,1130109,,,金錢,,,,,,,,,,
318,王閔生,113年立法委員選舉,首次申報,1130109,個人捐贈收入,江游阿照,A20*******,20000.00,0.00,現金,1130110,,,金錢,台北市文山區****,,,,,,,,,
319,王閔生,113年立法委員選舉,首次申報,1130109,個人捐贈收入,高尹煌珠,F22*******,5000.00,0.00,現金,1130122,,,金錢,台北市文山區****,,,,,,,,,
320,王閔生,113年立法委員選舉,首次申報,1130110,個人捐贈收入,高兩全,A10*******,10000.00,0.00,現金,1130112,,,金錢,台北市文山區****,,,,,,,,,
321,王閔生,113年立法委員選舉,首次申報,1130110,個人捐贈收入,陳宗發,F10*******,3000.00,0.00,現金,1130111,,,金錢,台北市文山區****,,,,,,,,,
322,王閔生,113年立法委員選舉,首次申報,1130110,個人捐贈收入,廖文傑,F12*******,40000.00,0.00,現金,1130123,,,金錢,新北市永和區****,,,,,,,,,
323,王閔生,113年立法委員選舉,首次申報,1130110,個人捐贈收入,呂俊霖,F12*******,100000.00,0.00,現金,1130123,,,金錢,新北市新莊區****,,,,,,,,,
324,王閔生,113年立法委員選舉,首次申報,1130110,個人捐贈收入,呂欣樺,F22*******,100000.00,0.00,現金,1130123,,,金錢,新北市新莊區****,,,,,,,,,
325,王閔生,113年立法委員選舉,首次申報,1130110,個人捐贈收入,錢思穎,F22*******,100000.00,0.00,現金,1130123,,,金錢,新北市新莊區****,,,,,,,,,
326,王閔生,113年立法委員選舉,首次申報,1130111,匿名捐贈,匿名T,,1000.00,0.00,匯款,1130111,,,金錢,,,,,,,,,,
327,王閔生,113年立法委員選舉,首次申報,1130111,匿名捐贈,匿名AA,,2000.00,0.00,現金,1130111,,,金錢,,,,,,,,,,
328,王閔生,113年立法委員選舉,首次申報,1130111,個人捐贈收入,陳炫蓉,,30000.00,0.00,匯款,1130111,,,金錢,新北市林口區****,0934*****,,,,,,,,
329,王閔生,113年立法委員選舉,首次申報,1130111,營利事業捐贈收入,世彬建設有限公司,04659218,100000.00,0.00,現金,1130119,,,金錢,臺北市大安區****,,,,,,,,,
330,王閔生,113年立法委員選舉,首次申報,1130111,個人捐贈收入,林宏定,A12*******,50000.00,0.00,現金,1130111,,,金錢,臺北市文山區****,,,,,,,,,
331,王閔生,113年立法委員選舉,首次申報,1130111,個人捐贈收入,林逸元,A12*******,20000.00,0.00,現金,1130111,,,金錢,臺北市大安區****,,,,,,,,,
332,王閔生,113年立法委員選舉,首次申報,1130111,個人捐贈收入,王自萱,A22*******,100000.00,0.00,現金,1130122,,,金錢,臺北市大安區****,,,,,,,,,
333,王閔生,113年立法委員選舉,首次申報,1130111,個人捐贈收入,陳慎如,A22*******,100000.00,0.00,現金,1130122,,,金錢,台北市文山區****,,,,,,,,,
334,王閔生,113年立法委員選舉,首次申報,1130111,個人捐贈收入,劉秀冬,F20*******,100000.00,0.00,現金,1130122,,,金錢,台北市文山區****,,,,,,,,,
335,王閔生,113年立法委員選舉,首次申報,1130111,個人捐贈收入,劉秀香,F20*******,100000.00,0.00,現金,1130122,,,金錢,台北市文山區****,,,,,,,,,
336,王閔生,113年立法委員選舉,首次申報,1130111,個人捐贈收入,田孝文,N12*******,20000.00,0.00,現金,1130119,,,金錢,台北市松山區****,,,,,,,,,
337,王閔生,113年立法委員選舉,首次申報,1130111,個人捐贈收入,許育榮,X12*******,100000.00,0.00,現金,1130122,,,金錢,澎湖縣馬公市****,,,,,,,,,
338,王閔生,113年立法委員選舉,首次申報,1130111,個人捐贈收入,陳春杏,X22*******,100000.00,0.00,現金,1130122,,,金錢,台北市文山區****,,,,,,,,,
