﻿序號,擬參選人／政黨,選舉名稱,申報序號／年度,交易日期,收支科目,捐贈者／支出對象,身分證／統一編號,收入金額,支出金額,支出用途,金錢類,地址,聯絡電話,資料更正日期
1,陳信棠,107年村(里)長選舉,首次申報,1071107,匿名捐贈,吳美鑾,,2000.00,0.00,,金錢,,,
2,陳信棠,107年村(里)長選舉,首次申報,1071108,匿名捐贈,劉以國,,2000.00,0.00,,金錢,,,
3,陳信棠,107年村(里)長選舉,首次申報,1071109,個人捐贈收入,李澤清,L12*******,30000.00,0.00,,金錢,桃園市桃園區****,0955*****,
4,陳信棠,107年村(里)長選舉,首次申報,1071111,營利事業捐贈收入,美雲實業有限公司,89688559,6000.00,0.00,,金錢,桃園市桃園區****,0938*****,
5,陳信棠,107年村(里)長選舉,首次申報,1071111,個人捐贈收入,陳雪觀,F22*******,20000.00,0.00,,金錢,桃園市桃園區****,0920*****,
6,陳信棠,107年村(里)長選舉,首次申報,1071111,個人捐贈收入,黃清良,H10*******,5000.00,0.00,,金錢,桃園市平鎮區****,0349*****,
7,陳信棠,107年村(里)長選舉,首次申報,1071111,個人捐贈收入,甘宗熙,H12*******,10000.00,0.00,,金錢,桃園市桃園區****,0986*****,
8,陳信棠,107年村(里)長選舉,首次申報,1071111,個人捐贈收入,潘壕銨,N12*******,10000.00,0.00,,金錢,桃園市桃園區****,0922*****,
9,陳信棠,107年村(里)長選舉,首次申報,1071111,個人捐贈收入,許海嬋,Y22*******,10000.00,0.00,,金錢,桃園市桃園區****,0920*****,
10,陳信棠,107年村(里)長選舉,首次申報,1071120,個人捐贈收入,黃天恩,F12*******,10000.00,0.00,,金錢,桃園市中壢區****,,
11,陳信棠,107年村(里)長選舉,首次申報,1071121,個人捐贈收入,陳欣如,H22*******,10000.00,0.00,,金錢,桃園市桃園區****,0939*****,
