﻿序號,擬參選人／政黨,選舉名稱,申報序號／年度,交易日期,收支科目,捐贈者／支出對象,身分證／統一編號,收入金額,支出金額,支出用途,金錢類,地址,聯絡電話,資料更正日期
1,林明溱,107年縣(市)長選舉,首次申報,1070611,營利事業捐贈收入,弘裕企業股份有限公司,58003997,100000.00,0.00,,金錢,彰化縣伸港鄉****,,
2,林明溱,107年縣(市)長選舉,首次申報,1070611,營利事業捐贈收入,弘裕企業股份有限公司,58003997,100000.00,0.00,,金錢,彰化縣伸港鄉****,,
3,林明溱,107年縣(市)長選舉,首次申報,1070611,營利事業捐贈收入,弘裕企業股份有限公司,58003997,100000.00,0.00,,金錢,彰化縣伸港鄉****,,
4,林明溱,107年縣(市)長選舉,首次申報,1070611,營利事業捐贈收入,弘裕企業股份有限公司,58003997,100000.00,0.00,,金錢,彰化縣伸港鄉****,,
5,林明溱,107年縣(市)長選舉,首次申報,1070611,營利事業捐贈收入,弘裕企業股份有限公司,58003997,100000.00,0.00,,金錢,彰化縣伸港鄉****,,
6,林明溱,107年縣(市)長選舉,首次申報,1070621,其他收入,利息收入,,9.00,0.00,,金錢,,,
7,林明溱,107年縣(市)長選舉,首次申報,1070716,營利事業捐贈收入,鵬程開發有限公司,25080466,500000.00,0.00,,金錢,臺中市大里區****,0932*****,
8,林明溱,107年縣(市)長選舉,首次申報,1070716,營利事業捐贈收入,元大興企業有限公司,27589410,500000.00,0.00,,金錢,南投縣草屯鎮****,0932*****,
9,林明溱,107年縣(市)長選舉,首次申報,1070730,營利事業捐贈收入,家會香食品股份有限公司,22214293,500000.00,0.00,,金錢,臺中市西區公****,0935*****,
10,林明溱,107年縣(市)長選舉,首次申報,1070730,個人捐贈收入,石睿騰,M12*******,100000.00,0.00,,金錢,臺中市北屯區****,0931*****,
11,林明溱,107年縣(市)長選舉,首次申報,1070730,個人捐贈收入,石陳碧姜,M20*******,100000.00,0.00,,金錢,南投縣集集鎮****,0931*****,
12,林明溱,107年縣(市)長選舉,首次申報,1070730,個人捐贈收入,石宇樺,M22*******,100000.00,0.00,,金錢,宜蘭縣宜蘭市****,0963*****,
13,林明溱,107年縣(市)長選舉,首次申報,1070808,營利事業捐贈收入,友佳精工股份有限公司,22318706,100000.00,0.00,,金錢,南投縣名間鄉****,,
14,林明溱,107年縣(市)長選舉,首次申報,1070813,營利事業捐贈收入,帝乙鋼鐵有限公司,84205077,100000.00,0.00,,金錢,南投縣草屯鎮****,,
15,林明溱,107年縣(市)長選舉,首次申報,1070814,營利事業捐贈收入,帝乙鋼鐵有限公司,84205077,100000.00,0.00,,金錢,南投縣草屯鎮****,,
16,林明溱,107年縣(市)長選舉,首次申報,1070820,個人捐贈收入,賴瑟珍,N20*******,20000.00,0.00,,金錢,臺北市信義區****,,
17,林明溱,107年縣(市)長選舉,首次申報,1070828,個人捐贈收入,藍君瑜,G22*******,100000.00,0.00,,金錢,南投縣集集鎮****,,
18,林明溱,107年縣(市)長選舉,首次申報,1070828,個人捐贈收入,林儒彬,M12*******,100000.00,0.00,,金錢,南投縣集集鎮****,,
19,林明溱,107年縣(市)長選舉,首次申報,1070903,營利事業捐贈收入,京漾生技事業股份有限公司,53376531,45500.00,0.00,,非金錢,臺中市西屯區****,,
20,林明溱,107年縣(市)長選舉,首次申報,1070903,個人捐贈收入,王斌雄,E10*******,20000.00,0.00,,金錢,高雄市小港區****,0932*****,
21,林明溱,107年縣(市)長選舉,首次申報,1070903,個人捐贈收入,林昀萱,M22*******,61370.00,0.00,,非金錢,南投縣草屯鎮****,,
22,林明溱,107年縣(市)長選舉,首次申報,1070905,個人捐贈收入,董榮輝,M10*******,100000.00,0.00,,金錢,南投縣水里鄉****,0912*****,
23,林明溱,107年縣(市)長選舉,首次申報,1070905,個人捐贈收入,董英傑,M12*******,100000.00,0.00,,金錢,苗栗縣頭份市****,0912*****,
24,林明溱,107年縣(市)長選舉,首次申報,1070905,個人捐贈收入,董孟岳,M12*******,100000.00,0.00,,金錢,南投縣水里鄉****,0912*****,
25,林明溱,107年縣(市)長選舉,首次申報,1070910,個人捐贈收入,張煅武,A11*******,10000.00,0.00,,金錢,南投縣南投市****,0932*****,
26,林明溱,107年縣(市)長選舉,首次申報,1070913,營利事業捐贈收入,龍佑營造有限公司,28550336,500000.00,0.00,,金錢,臺中市霧峰區****,04-2*****,
27,林明溱,107年縣(市)長選舉,首次申報,1070914,個人捐贈收入,陳威申,C12*******,20000.00,0.00,,金錢,南投縣集集鎮****,049-*****,
28,林明溱,107年縣(市)長選舉,首次申報,1070914,個人捐贈收入,張恒誌,M12*******,100000.00,0.00,,金錢,南投縣草屯鎮****,049-*****,
29,林明溱,107年縣(市)長選舉,首次申報,1070914,個人捐贈收入,張懷文,M22*******,100000.00,0.00,,金錢,南投縣草屯鎮****,049-*****,
30,林明溱,107年縣(市)長選舉,首次申報,1070914,個人捐贈收入,張滄浪,N10*******,100000.00,0.00,,金錢,南投縣南投市****,049-*****,
31,林明溱,107年縣(市)長選舉,首次申報,1070917,營利事業捐贈收入,群峰車業股份有限公司,53076788,500000.00,0.00,,金錢,彰化縣花壇鄉****,04-7*****,
32,林明溱,107年縣(市)長選舉,首次申報,1070919,營利事業捐贈收入,帝綸有限公司,22570948,50000.00,0.00,,金錢,南投縣信義鄉****,,
33,林明溱,107年縣(市)長選舉,首次申報,1070919,個人捐贈收入,李武守,N10*******,6000.00,0.00,,金錢,南投縣草屯鎮****,049-*****,
34,林明溱,107年縣(市)長選舉,首次申報,1070921,營利事業捐贈收入,順德工業股份有限公司,58506816,300000.00,0.00,,金錢,彰化縣彰化市****,,
35,林明溱,107年縣(市)長選舉,首次申報,1070921,營利事業捐贈收入,竹名天然氣股份有限公司,97194018,300000.00,0.00,,金錢,南投縣名間鄉****,,
36,林明溱,107年縣(市)長選舉,首次申報,1070926,營利事業捐贈收入,台灣農林股份有限公司,07525207,600000.00,0.00,,金錢,臺北市南港區****,,
37,林明溱,107年縣(市)長選舉,首次申報,1070926,營利事業捐贈收入,遊山茶訪茶業股份有限公司,16363668,50000.00,0.00,,金錢,南投縣竹山鎮****,,
38,林明溱,107年縣(市)長選舉,首次申報,1070926,個人捐贈收入,王櫂魁,P12*******,20000.00,0.00,,金錢,南投縣南投市****,0928*****,
39,林明溱,107年縣(市)長選舉,首次申報,1070927,個人捐贈收入,顏惠慶,M10*******,1000.00,0.00,,金錢,花蓮縣花蓮市****,,
40,林明溱,107年縣(市)長選舉,首次申報,1070927,個人捐贈收入,顏輝松,M10*******,3000.00,0.00,,金錢,南投縣竹山鎮****,,
41,林明溱,107年縣(市)長選舉,首次申報,1070927,個人捐贈收入,顏水靜,M20*******,1000.00,0.00,,金錢,彰化縣彰化市****,,
42,林明溱,107年縣(市)長選舉,首次申報,1070929,營利事業捐贈收入,松杰茶業有限公司,80114223,60000.00,0.00,,金錢,南投縣名間鄉****,,
43,林明溱,107年縣(市)長選舉,首次申報,1071001,營利事業捐贈收入,久仁投資股份有限公司,54740586,200000.00,0.00,,金錢,臺中市大里區****,,
44,林明溱,107年縣(市)長選舉,首次申報,1071001,個人捐贈收入,簡睿宏,B12*******,100000.00,0.00,,金錢,臺中市北屯區****,,
45,林明溱,107年縣(市)長選舉,首次申報,1071001,個人捐贈收入,易雅婷,L22*******,100000.00,0.00,,金錢,南投縣埔里鎮****,,
46,林明溱,107年縣(市)長選舉,首次申報,1071002,個人捐贈收入,李玲蘭,L22*******,100000.00,0.00,,金錢,臺中市北屯區****,,
47,林明溱,107年縣(市)長選舉,首次申報,1071002,個人捐贈收入,王水鏜,M10*******,100000.00,0.00,,金錢,臺中市西屯區****,,
48,林明溱,107年縣(市)長選舉,首次申報,1071002,個人捐贈收入,簡森垣,M12*******,100000.00,0.00,,金錢,南投縣草屯鎮****,,
49,林明溱,107年縣(市)長選舉,首次申報,1071003,個人捐贈收入,詹唐光,N10*******,10000.00,0.00,,金錢,南投縣草屯鎮****,,
50,林明溱,107年縣(市)長選舉,首次申報,1071004,營利事業捐贈收入,固滿德工業股份有限公司,61924672,300000.00,0.00,,金錢,南投縣集集鎮****,,
51,林明溱,107年縣(市)長選舉,首次申報,1071004,營利事業捐贈收入,俊侑股份有限公司,97272999,50000.00,0.00,,金錢,南投縣南投市****,,
52,林明溱,107年縣(市)長選舉,首次申報,1071004,個人捐贈收入,陳建仲,B12*******,100000.00,0.00,,金錢,臺中市北屯區****,,
53,林明溱,107年縣(市)長選舉,首次申報,1071004,個人捐贈收入,陳建良,B12*******,100000.00,0.00,,金錢,臺中市北屯區****,,
54,林明溱,107年縣(市)長選舉,首次申報,1071004,個人捐贈收入,謝黎芳,P22*******,100000.00,0.00,,金錢,臺中市北屯區****,,
55,林明溱,107年縣(市)長選舉,首次申報,1071008,營利事業捐贈收入,香里食品企業股份有限公司,15979217,600000.00,0.00,,金錢,臺北市萬華區****,,
56,林明溱,107年縣(市)長選舉,首次申報,1071008,營利事業捐贈收入,薪鍛股份有限公司,22476486,50000.00,0.00,,金錢,南投縣南投市****,,
57,林明溱,107年縣(市)長選舉,首次申報,1071008,營利事業捐贈收入,郁正股份有限公司,23408917,200000.00,0.00,,金錢,南投縣南投市****,,
58,林明溱,107年縣(市)長選舉,首次申報,1071008,營利事業捐贈收入,明山別舘股份有限公司,62540816,100000.00,0.00,,金錢,南投縣鹿谷鄉****,,
59,林明溱,107年縣(市)長選舉,首次申報,1071008,營利事業捐贈收入,青山食堂,62544714,100000.00,0.00,,金錢,南投縣鹿谷鄉****,,
60,林明溱,107年縣(市)長選舉,首次申報,1071008,營利事業捐贈收入,飾鴻實業有限公司,86339608,500000.00,0.00,,金錢,南投縣草屯鎮****,,
61,林明溱,107年縣(市)長選舉,首次申報,1071008,個人捐贈收入,林峰賢,M10*******,10000.00,0.00,,金錢,南投縣竹山鎮****,,
62,林明溱,107年縣(市)長選舉,首次申報,1071008,個人捐贈收入,張何主,Y10*******,100000.00,0.00,,金錢,臺北市中山區****,,
63,林明溱,107年縣(市)長選舉,首次申報,1071008,個人捐贈收入,林志穎,Y12*******,100000.00,0.00,,金錢,南投縣竹山鎮****,,
64,林明溱,107年縣(市)長選舉,首次申報,1071008,個人捐贈收入,張智沛,Y12*******,100000.00,0.00,,金錢,臺北市中山區****,,
65,林明溱,107年縣(市)長選舉,首次申報,1071009,人民團體捐贈收入,社團法人南投縣草屯鎮老人會,,32000.00,0.00,,金錢,南投縣草屯鎮****,2323*****,
66,林明溱,107年縣(市)長選舉,首次申報,1071009,個人捐贈收入,許文忠,G12*******,20000.00,0.00,,金錢,南投縣埔里鎮****,,
67,林明溱,107年縣(市)長選舉,首次申報,1071009,個人捐贈收入,陳明達,M10*******,20000.00,0.00,,金錢,南投縣集集鎮****,,
68,林明溱,107年縣(市)長選舉,首次申報,1071010,個人捐贈收入,張文煌,M10*******,100000.00,0.00,,金錢,南投縣南投市****,,
69,林明溱,107年縣(市)長選舉,首次申報,1071011,營利事業捐贈收入,佶佑投資股份有限公司,12747881,100000.00,0.00,,金錢,南投縣南投市****,,
70,林明溱,107年縣(市)長選舉,首次申報,1071011,營利事業捐贈收入,佶佑投資股份有限公司,12747881,100000.00,0.00,,金錢,南投縣南投市****,,
71,林明溱,107年縣(市)長選舉,首次申報,1071011,營利事業捐贈收入,佶佑投資股份有限公司,12747881,100000.00,0.00,,金錢,南投縣南投市****,,
72,林明溱,107年縣(市)長選舉,首次申報,1071011,營利事業捐贈收入,明山別舘股份有限公司,62540816,100000.00,0.00,,金錢,南投縣鹿谷鄉****,,
73,林明溱,107年縣(市)長選舉,首次申報,1071011,營利事業捐贈收入,青山食堂,62544714,100000.00,0.00,,金錢,南投縣南投市****,,
74,林明溱,107年縣(市)長選舉,首次申報,1071011,營利事業捐贈收入,季寬投資股份有限公司,80465016,100000.00,0.00,,金錢,南投縣南投市****,,
75,林明溱,107年縣(市)長選舉,首次申報,1071011,營利事業捐贈收入,季寬投資股份有限公司,80465016,100000.00,0.00,,金錢,南投縣南投市****,,
76,林明溱,107年縣(市)長選舉,首次申報,1071011,個人捐贈收入,羅春娥,H22*******,36000.00,0.00,,金錢,南投縣草屯鎮****,,
77,林明溱,107年縣(市)長選舉,首次申報,1071011,個人捐贈收入,林伸正,M12*******,100000.00,0.00,,金錢,南投縣草屯鎮****,,
78,林明溱,107年縣(市)長選舉,首次申報,1071011,個人捐贈收入,沈仁諒,R10*******,10000.00,0.00,,金錢,南投縣竹山鎮****,,
79,林明溱,107年縣(市)長選舉,首次申報,1071012,營利事業捐贈收入,佶佑投資股份有限公司,12747881,100000.00,0.00,,金錢,南投縣南投市****,,
80,林明溱,107年縣(市)長選舉,首次申報,1071012,營利事業捐贈收入,佶佑投資股份有限公司,12747881,100000.00,0.00,,金錢,南投縣南投市****,,
81,林明溱,107年縣(市)長選舉,首次申報,1071012,營利事業捐贈收入,晴宇能源有限公司,42968312,100000.00,0.00,,金錢,彰化縣彰化市****,,
82,林明溱,107年縣(市)長選舉,首次申報,1071012,營利事業捐贈收入,季寬投資股份有限公司,80465016,100000.00,0.00,,金錢,南投縣南投市****,,
83,林明溱,107年縣(市)長選舉,首次申報,1071012,營利事業捐贈收入,季寬投資股份有限公司,80465016,100000.00,0.00,,金錢,南投縣南投市****,,
84,林明溱,107年縣(市)長選舉,首次申報,1071012,營利事業捐贈收入,季寬投資股份有限公司,80465016,100000.00,0.00,,金錢,南投縣南投市****,,
85,林明溱,107年縣(市)長選舉,首次申報,1071012,營利事業捐贈收入,冠好科技股份有限公司,86779099,300000.00,0.00,,金錢,南投縣南投市****,,
86,林明溱,107年縣(市)長選舉,首次申報,1071012,個人捐贈收入,吳麗雪,B20*******,20000.00,0.00,,金錢,南投縣集集鎮****,,
87,林明溱,107年縣(市)長選舉,首次申報,1071012,個人捐贈收入,謝順成,M12*******,100000.00,0.00,,金錢,臺中市北區忠****,,
88,林明溱,107年縣(市)長選舉,首次申報,1071012,個人捐贈收入,陳重嘉,M12*******,50000.00,0.00,,金錢,南投縣竹山鎮****,,
89,林明溱,107年縣(市)長選舉,首次申報,1071012,個人捐贈收入,曾義程,N12*******,100000.00,0.00,,金錢,彰化縣和美鎮****,,
90,林明溱,107年縣(市)長選舉,首次申報,1071012,個人捐贈收入,許凱如,N22*******,100000.00,0.00,,金錢,彰化縣和美鎮****,,
91,林明溱,107年縣(市)長選舉,首次申報,1071012,個人捐贈收入,陳榮泰,Q10*******,3000.00,0.00,,金錢,南投縣南投市****,,
92,林明溱,107年縣(市)長選舉,首次申報,1071015,營利事業捐贈收入,中龍建設有限公司,27448833,66000.00,0.00,,金錢,南投縣名間鄉****,,
93,林明溱,107年縣(市)長選舉,首次申報,1071015,個人捐贈收入,路聲貴,M10*******,5000.00,0.00,,金錢,南投縣竹山鎮****,,
94,林明溱,107年縣(市)長選舉,首次申報,1071016,匿名捐贈,蔡淑貞,,100.00,0.00,,金錢,,,
95,林明溱,107年縣(市)長選舉,首次申報,1071016,營利事業捐贈收入,駿隆橡膠工業股份有限公司,22239766,120000.00,0.00,,金錢,南投縣南投市****,,
96,林明溱,107年縣(市)長選舉,首次申報,1071016,營利事業捐贈收入,晴宇能源有限公司,42968312,100000.00,0.00,,金錢,彰化縣彰化市****,,
97,林明溱,107年縣(市)長選舉,首次申報,1071016,營利事業捐贈收入,九族文化村股份有限公司,55310704,300000.00,0.00,,金錢,南投縣魚池鄉****,,
98,林明溱,107年縣(市)長選舉,首次申報,1071016,營利事業捐贈收入,日月潭纜車股份有限公司,80394033,300000.00,0.00,,金錢,南投縣魚池鄉****,,
99,林明溱,107年縣(市)長選舉,首次申報,1071016,個人捐贈收入,林昀蓉,H22*******,6000.00,0.00,,金錢,臺南市善化區****,,
100,林明溱,107年縣(市)長選舉,首次申報,1071017,營利事業捐贈收入,六一堂蔘藥行,25372549,20000.00,0.00,,金錢,南投縣南投市****,,
101,林明溱,107年縣(市)長選舉,首次申報,1071017,營利事業捐贈收入,日月潭產業開發有限公司,80616274,50000.00,0.00,,金錢,南投縣魚池鄉****,,
102,林明溱,107年縣(市)長選舉,首次申報,1071017,個人捐贈收入,林祚勗,L12*******,100000.00,0.00,,金錢,南投縣南投市****,,
103,林明溱,107年縣(市)長選舉,首次申報,1071017,個人捐贈收入,林匹耀,M10*******,10000.00,0.00,,金錢,南投縣鹿谷鄉****,,
104,林明溱,107年縣(市)長選舉,首次申報,1071018,匿名捐贈,簡學禮,,6000.00,0.00,,金錢,,,
105,林明溱,107年縣(市)長選舉,首次申報,1071018,匿名捐贈,林大明,,2000.00,0.00,,金錢,,,
106,林明溱,107年縣(市)長選舉,首次申報,1071018,營利事業捐贈收入,佶佑投資股份有限公司,12747881,100000.00,0.00,,金錢,南投縣南投市****,,
107,林明溱,107年縣(市)長選舉,首次申報,1071018,營利事業捐贈收入,佶佑投資股份有限公司,12747881,100000.00,0.00,,金錢,南投縣南投市****,,
108,林明溱,107年縣(市)長選舉,首次申報,1071018,營利事業捐贈收入,季寬投資股份有限公司,80465016,100000.00,0.00,,金錢,南投縣南投市****,,
109,林明溱,107年縣(市)長選舉,首次申報,1071018,營利事業捐贈收入,季寬投資股份有限公司,80465016,100000.00,0.00,,金錢,南投縣南投市****,,
110,林明溱,107年縣(市)長選舉,首次申報,1071018,營利事業捐贈收入,季寬投資股份有限公司,80465016,100000.00,0.00,,金錢,南投縣南投市****,,
111,林明溱,107年縣(市)長選舉,首次申報,1071018,個人捐贈收入,王勝煌,M12*******,100000.00,0.00,,金錢,南投縣南投市****,,
112,林明溱,107年縣(市)長選舉,首次申報,1071018,個人捐贈收入,王書瑾,M12*******,100000.00,0.00,,金錢,南投縣南投市****,,
113,林明溱,107年縣(市)長選舉,首次申報,1071018,個人捐贈收入,王韻茹,M22*******,100000.00,0.00,,金錢,南投縣南投市****,,
114,林明溱,107年縣(市)長選舉,首次申報,1071019,營利事業捐贈收入,佶佑投資股份有限公司,12747881,100000.00,0.00,,金錢,南投縣南投市****,,
115,林明溱,107年縣(市)長選舉,首次申報,1071019,營利事業捐贈收入,佶佑投資股份有限公司,12747881,100000.00,0.00,,金錢,南投縣南投市****,,
116,林明溱,107年縣(市)長選舉,首次申報,1071019,營利事業捐贈收入,佶佑投資股份有限公司,12747881,100000.00,0.00,,金錢,南投縣南投市****,,
117,林明溱,107年縣(市)長選舉,首次申報,1071019,營利事業捐贈收入,榮豐工業股份有限公司,61451224,50000.00,0.00,,金錢,南投縣南投市****,,
118,林明溱,107年縣(市)長選舉,首次申報,1071019,營利事業捐贈收入,季寬投資股份有限公司,80465016,100000.00,0.00,,金錢,南投縣南投市****,,
119,林明溱,107年縣(市)長選舉,首次申報,1071019,營利事業捐贈收入,季寬投資股份有限公司,80465016,100000.00,0.00,,金錢,南投縣南投市****,,
120,林明溱,107年縣(市)長選舉,首次申報,1071019,個人捐贈收入,邱秀春,J22*******,100000.00,0.00,,金錢,南投縣南投市****,,
121,林明溱,107年縣(市)長選舉,首次申報,1071019,個人捐贈收入,王品程,M12*******,50000.00,0.00,,金錢,南投縣南投市****,,
122,林明溱,107年縣(市)長選舉,首次申報,1071019,個人捐贈收入,連嘉雯,M22*******,100000.00,0.00,,金錢,南投縣名間鄉****,,
123,林明溱,107年縣(市)長選舉,首次申報,1071019,個人捐贈收入,包雅莉,N22*******,100000.00,0.00,,金錢,南投縣南投市****,,
124,林明溱,107年縣(市)長選舉,首次申報,1071021,營利事業捐贈收入,長順茶業股份有限公司,16552561,10000.00,0.00,,金錢,南投縣名間鄉****,,
125,林明溱,107年縣(市)長選舉,首次申報,1071022,營利事業捐贈收入,茶二指商行,39785036,10000.00,0.00,,金錢,南投縣名間鄉****,,
126,林明溱,107年縣(市)長選舉,首次申報,1071023,營利事業捐贈收入,東毓油壓機械股份有限公司,80094633,100000.00,0.00,,金錢,南投縣南投市****,,
127,林明溱,107年縣(市)長選舉,首次申報,1071023,個人捐贈收入,賴滄海,B10*******,100000.00,0.00,,金錢,臺中市西區民****,,
128,林明溱,107年縣(市)長選舉,首次申報,1071023,個人捐贈收入,李承中,B12*******,40000.00,0.00,,金錢,臺中市清水區****,,
129,林明溱,107年縣(市)長選舉,首次申報,1071023,個人捐贈收入,蔡希真,D10*******,100000.00,0.00,,金錢,臺中市清水區****,,
130,林明溱,107年縣(市)長選舉,首次申報,1071023,個人捐贈收入,鍾朝昌,E12*******,40000.00,0.00,,金錢,臺中市清水區****,,
131,林明溱,107年縣(市)長選舉,首次申報,1071023,個人捐贈收入,楊楨彬,L10*******,100000.00,0.00,,金錢,南投縣南投市****,,
132,林明溱,107年縣(市)長選舉,首次申報,1071023,個人捐贈收入,孫定國,M10*******,100000.00,0.00,,金錢,臺中市清水區****,,
133,林明溱,107年縣(市)長選舉,首次申報,1071023,個人捐贈收入,陳金郎,M10*******,5000.00,0.00,,金錢,南投縣竹山鎮****,,
134,林明溱,107年縣(市)長選舉,首次申報,1071023,個人捐贈收入,古振聰,M12*******,6000.00,0.00,,金錢,南投縣名間鄉****,,
135,林明溱,107年縣(市)長選舉,首次申報,1071023,個人捐贈收入,陳毅,S12*******,40000.00,0.00,,金錢,臺中市清水區****,,
136,林明溱,107年縣(市)長選舉,首次申報,1071023,個人捐贈收入,李建德,Y12*******,40000.00,0.00,,金錢,臺中市清水區****,,
137,林明溱,107年縣(市)長選舉,首次申報,1071024,營利事業捐贈收入,有郁實業股份有限公司,16952102,100000.00,0.00,,金錢,南投縣南投市****,,
138,林明溱,107年縣(市)長選舉,首次申報,1071024,營利事業捐贈收入,后政企業有限公司,86577354,600000.00,0.00,,金錢,臺中市南屯區****,,
139,林明溱,107年縣(市)長選舉,首次申報,1071024,個人捐贈收入,陳萬富,A10*******,1000.00,0.00,,金錢,南投縣信義鄉****,,
140,林明溱,107年縣(市)長選舉,首次申報,1071024,個人捐贈收入,謝金霖,M12*******,20000.00,0.00,,金錢,南投縣南投市****,,
141,林明溱,107年縣(市)長選舉,首次申報,1071024,個人捐贈收入,楊中龍,M12*******,66000.00,0.00,,金錢,南投縣名間鄉****,,
142,林明溱,107年縣(市)長選舉,首次申報,1071024,個人捐贈收入,張坊榳,M22*******,6000.00,0.00,,金錢,南投縣南投市****,,
143,林明溱,107年縣(市)長選舉,首次申報,1071024,個人捐贈收入,郭湘忠,Q12*******,50000.00,0.00,,金錢,臺中市大雅區****,,
144,林明溱,107年縣(市)長選舉,首次申報,1071025,營利事業捐贈收入,宏晨開發建設股份有限公司,13062513,100000.00,0.00,,金錢,南投縣南投市****,,
145,林明溱,107年縣(市)長選舉,首次申報,1071025,營利事業捐贈收入,宏晨開發建設股份有限公司,13062513,20000.00,0.00,,金錢,南投縣南投市****,,
146,林明溱,107年縣(市)長選舉,首次申報,1071025,營利事業捐贈收入,晉燁工業股份有限公司,22056061,100000.00,0.00,,金錢,南投縣南投市****,,
147,林明溱,107年縣(市)長選舉,首次申報,1071025,營利事業捐贈收入,德泰營造股份有限公司,89250830,100000.00,0.00,,金錢,南投縣集集鎮****,,
148,林明溱,107年縣(市)長選舉,首次申報,1071025,個人捐贈收入,林德福,F10*******,12000.00,0.00,,金錢,新北市永和區****,,
149,林明溱,107年縣(市)長選舉,首次申報,1071025,個人捐贈收入,林溪文,L10*******,100000.00,0.00,,金錢,臺北市大安區****,,
150,林明溱,107年縣(市)長選舉,首次申報,1071025,個人捐贈收入,林長昱,L12*******,100000.00,0.00,,金錢,臺中市南屯區****,,
151,林明溱,107年縣(市)長選舉,首次申報,1071025,個人捐贈收入,蔡裕孔,L12*******,100000.00,0.00,,金錢,南投縣南投市****,,
152,林明溱,107年縣(市)長選舉,首次申報,1071025,個人捐贈收入,魏玉愛,L20*******,100000.00,0.00,,金錢,臺北市大安區****,,
153,林明溱,107年縣(市)長選舉,首次申報,1071025,個人捐贈收入,林佳郁,L22*******,100000.00,0.00,,金錢,臺中市南屯區****,,
154,林明溱,107年縣(市)長選舉,首次申報,1071025,個人捐贈收入,魏瑩宜,L22*******,100000.00,0.00,,金錢,臺中市南屯區****,,
155,林明溱,107年縣(市)長選舉,首次申報,1071025,個人捐贈收入,陳淑貞,L22*******,100000.00,0.00,,金錢,南投縣南投市****,,
156,林明溱,107年縣(市)長選舉,首次申報,1071025,個人捐贈收入,李敏維,M22*******,100000.00,0.00,,金錢,南投縣草屯鎮****,,
157,林明溱,107年縣(市)長選舉,首次申報,1071025,個人捐贈收入,徐孟榆,M22*******,100000.00,0.00,,金錢,南投縣南投市****,,
158,林明溱,107年縣(市)長選舉,首次申報,1071025,個人捐贈收入,洪巧芸,M22*******,100000.00,0.00,,金錢,南投縣草屯鎮****,,
159,林明溱,107年縣(市)長選舉,首次申報,1071025,個人捐贈收入,趙應標,P12*******,100000.00,0.00,,金錢,南投縣南投市****,,
160,林明溱,107年縣(市)長選舉,首次申報,1071025,個人捐贈收入,翁啟富,Q12*******,50000.00,0.00,,金錢,新北市中和區****,,
161,林明溱,107年縣(市)長選舉,首次申報,1071025,個人捐贈收入,陳忠政,R10*******,100000.00,0.00,,金錢,南投縣草屯鎮****,,
162,林明溱,107年縣(市)長選舉,首次申報,1071025,政黨捐贈收入,中國國民黨,政黨證字第1號,500000.00,0.00,,金錢,台北市中山區****,(02)*****,
163,林明溱,107年縣(市)長選舉,首次申報,1071026,人民團體捐贈收入,南投縣不動產開發商業同業公會,,100000.00,0.00,,金錢,南投縣草屯鎮****,0980*****,
164,林明溱,107年縣(市)長選舉,首次申報,1071026,營利事業捐贈收入,隆泰茶業股份有限公司,12847994,50000.00,0.00,,金錢,南投縣竹山鎮****,,
165,林明溱,107年縣(市)長選舉,首次申報,1071026,營利事業捐贈收入,廣電投資股份有限公司,16974252,300000.00,0.00,,金錢,南投縣草屯鎮****,,
166,林明溱,107年縣(市)長選舉,首次申報,1071026,營利事業捐贈收入,茂隆投資有限公司,27400129,300000.00,0.00,,金錢,南投縣草屯鎮****,,
167,林明溱,107年縣(市)長選舉,首次申報,1071026,營利事業捐贈收入,米奇基股份有限公司,53399529,60000.00,0.00,,金錢,南投縣魚池鄉****,,
168,林明溱,107年縣(市)長選舉,首次申報,1071026,營利事業捐贈收入,米奇基股份有限公司,53399529,100000.00,0.00,,金錢,南投縣魚池鄉****,,
169,林明溱,107年縣(市)長選舉,首次申報,1071026,營利事業捐贈收入,利大電池有限公司,70646236,300000.00,0.00,,金錢,南投縣南投市****,,
170,林明溱,107年縣(市)長選舉,首次申報,1071026,個人捐贈收入,黃呈玉,B10*******,100000.00,0.00,,金錢,彰化縣埤頭鄉****,,
171,林明溱,107年縣(市)長選舉,首次申報,1071026,個人捐贈收入,蘇元煌,M12*******,1000.00,0.00,,金錢,南投縣埔里鎮****,,
172,林明溱,107年縣(市)長選舉,首次申報,1071026,個人捐贈收入,施東憲,M12*******,20000.00,0.00,,金錢,南投縣南投市****,,
173,林明溱,107年縣(市)長選舉,首次申報,1071026,個人捐贈收入,李育鴻,M12*******,10000.00,0.00,,金錢,南投縣草屯鎮****,,
174,林明溱,107年縣(市)長選舉,首次申報,1071026,個人捐贈收入,胡芝紅,M22*******,100000.00,0.00,,金錢,南投縣南投市****,,
175,林明溱,107年縣(市)長選舉,首次申報,1071029,營利事業捐贈收入,懋豐開發股份有限公司,53297950,100000.00,0.00,,金錢,南投縣草屯鎮****,,
176,林明溱,107年縣(市)長選舉,首次申報,1071029,營利事業捐贈收入,泫懋企業有限公司,89998127,200000.00,0.00,,金錢,南投縣集集鎮****,,
177,林明溱,107年縣(市)長選舉,首次申報,1071029,個人捐贈收入,王清標,B10*******,66000.00,0.00,,金錢,臺中市大里區****,,
178,林明溱,107年縣(市)長選舉,首次申報,1071029,個人捐贈收入,徐金惠,H22*******,30000.00,0.00,,金錢,南投縣埔里鎮****,,
179,林明溱,107年縣(市)長選舉,首次申報,1071029,個人捐贈收入,賴信仲,M10*******,10000.00,0.00,,金錢,南投縣南投市****,,
180,林明溱,107年縣(市)長選舉,首次申報,1071029,個人捐贈收入,張水順,M10*******,2000.00,0.00,,金錢,南投縣南投市****,,
181,林明溱,107年縣(市)長選舉,首次申報,1071029,個人捐贈收入,陸培棟,M12*******,100000.00,0.00,,金錢,南投縣南投市****,,
182,林明溱,107年縣(市)長選舉,首次申報,1071029,個人捐贈收入,黃源斌,M12*******,3000.00,0.00,,金錢,南投縣埔里鎮****,,
183,林明溱,107年縣(市)長選舉,首次申報,1071029,個人捐贈收入,施朝偉,M12*******,100000.00,0.00,,金錢,南投縣南投市****,,
184,林明溱,107年縣(市)長選舉,首次申報,1071030,營利事業捐贈收入,晟茂精密密封元件股份有限公司,28583596,100000.00,0.00,,金錢,南投縣南投市****,,
185,林明溱,107年縣(市)長選舉,首次申報,1071030,營利事業捐贈收入,埔里農產企業社,78106205,30000.00,0.00,,金錢,南投縣埔里鎮****,,
186,林明溱,107年縣(市)長選舉,首次申報,1071030,營利事業捐贈收入,德泰營造股份有限公司,89250830,100000.00,0.00,,金錢,南投縣集集鎮****,,
187,林明溱,107年縣(市)長選舉,首次申報,1071030,營利事業捐贈收入,德泰營造股份有限公司,89250830,100000.00,0.00,,金錢,南投縣集集鎮****,,
188,林明溱,107年縣(市)長選舉,首次申報,1071030,個人捐贈收入,謝輝龍(竹山秀傳醫院),M10*******,50000.00,0.00,,金錢,南投縣竹山鎮****,,
189,林明溱,107年縣(市)長選舉,首次申報,1071030,個人捐贈收入,許鎮洲,M10*******,100000.00,0.00,,金錢,南投縣南投市****,,
190,林明溱,107年縣(市)長選舉,首次申報,1071030,個人捐贈收入,謝輝龍(竹山秀傳醫院),M10*******,50000.00,0.00,,金錢,南投縣竹山鎮****,,
191,林明溱,107年縣(市)長選舉,首次申報,1071030,個人捐贈收入,莊碧焜(竹山秀傳醫院),M12*******,100000.00,0.00,,金錢,南投縣竹山鎮****,,
192,林明溱,107年縣(市)長選舉,首次申報,1071030,個人捐贈收入,張新美,M22*******,20000.00,0.00,,金錢,南投縣中寮鄉****,,
193,林明溱,107年縣(市)長選舉,首次申報,1071030,個人捐贈收入,張根本,N12*******,1000.00,0.00,,金錢,彰化縣員林市****,,
194,林明溱,107年縣(市)長選舉,首次申報,1071030,個人捐贈收入,趙文豊,N12*******,100000.00,0.00,,金錢,彰化縣芬園鄉****,,
195,林明溱,107年縣(市)長選舉,首次申報,1071030,個人捐贈收入,蔡玉麗,N20*******,100000.00,0.00,,金錢,南投縣南投市****,,
196,林明溱,107年縣(市)長選舉,首次申報,1071030,個人捐贈收入,許世青,N22*******,16000.00,0.00,,金錢,南投縣草屯鎮****,,
197,林明溱,107年縣(市)長選舉,首次申報,1071031,營利事業捐贈收入,茂順密封元件科技股份有限公司,61904541,500000.00,0.00,,金錢,南投縣南投市****,,
198,林明溱,107年縣(市)長選舉,首次申報,1071031,個人捐贈收入,邱昭榮,D12*******,30000.00,0.00,,金錢,臺南市東區長****,,
199,林明溱,107年縣(市)長選舉,首次申報,1071031,個人捐贈收入,林樹順,M10*******,100000.00,0.00,,金錢,南投縣南投市****,,
200,林明溱,107年縣(市)長選舉,首次申報,1071031,個人捐贈收入,蔡坤祥,M10*******,100000.00,0.00,,金錢,南投縣埔里鎮****,,
201,林明溱,107年縣(市)長選舉,首次申報,1071031,個人捐贈收入,葉玉華,M22*******,100000.00,0.00,,金錢,南投縣埔里鎮****,,
202,林明溱,107年縣(市)長選舉,首次申報,1071101,人民團體捐贈收入,社團法人南投縣埔里鎮四季早泳會,,100000.00,0.00,,金錢,南投縣埔里鎮****,049-*****,
203,林明溱,107年縣(市)長選舉,首次申報,1071101,個人捐贈收入,李耀銘,M10*******,100000.00,0.00,,金錢,南投縣南投市****,,
204,林明溱,107年縣(市)長選舉,首次申報,1071101,個人捐贈收入,陳貴叁,M10*******,100000.00,0.00,,金錢,南投縣埔里鎮****,,
205,林明溱,107年縣(市)長選舉,首次申報,1071102,營利事業捐贈收入,環偉實業股份有限公司,12251277,100000.00,0.00,,金錢,臺中市西區樂****,,
206,林明溱,107年縣(市)長選舉,首次申報,1071102,個人捐贈收入,李瑞河,D10*******,100000.00,0.00,,金錢,臺北市中山區****,,
207,林明溱,107年縣(市)長選舉,首次申報,1071102,個人捐贈收入,李國麟,E12*******,100000.00,0.00,,金錢,臺北市內湖區****,,
208,林明溱,107年縣(市)長選舉,首次申報,1071102,個人捐贈收入,石朝理,M10*******,50000.00,0.00,,金錢,南投縣南投市****,,
209,林明溱,107年縣(市)長選舉,首次申報,1071102,個人捐贈收入,曾明順,M12*******,50000.00,0.00,,金錢,臺北市文山區****,,
210,林明溱,107年縣(市)長選舉,首次申報,1071102,個人捐贈收入,林麗櫻,M22*******,100000.00,0.00,,金錢,南投縣南投市****,,
211,林明溱,107年縣(市)長選舉,首次申報,1071102,個人捐贈收入,梁徽彬,N10*******,100000.00,0.00,,金錢,彰化縣秀水鄉****,,
212,林明溱,107年縣(市)長選舉,首次申報,1071102,個人捐贈收入,許由設,N12*******,100000.00,0.00,,金錢,臺中市北屯區****,,
213,林明溱,107年縣(市)長選舉,首次申報,1071102,個人捐贈收入,梁維霖,N12*******,100000.00,0.00,,金錢,桃園市中壢區****,,
214,林明溱,107年縣(市)長選舉,首次申報,1071102,個人捐贈收入,梁維任,N12*******,100000.00,0.00,,金錢,彰化縣彰化市****,,
215,林明溱,107年縣(市)長選舉,首次申報,1071102,個人捐贈收入,賴政宏,N12*******,20000.00,0.00,,金錢,臺中市西區民****,,
216,林明溱,107年縣(市)長選舉,首次申報,1071102,個人捐贈收入,梁吳巷,N20*******,100000.00,0.00,,金錢,彰化縣秀水鄉****,,
217,林明溱,107年縣(市)長選舉,首次申報,1071102,個人捐贈收入,李東浩,P12*******,100000.00,0.00,,金錢,雲林縣林內鄉****,,
218,林明溱,107年縣(市)長選舉,首次申報,1071102,個人捐贈收入,李名閎,P12*******,100000.00,0.00,,金錢,雲林縣林內鄉****,,
219,林明溱,107年縣(市)長選舉,首次申報,1071102,個人捐贈收入,李宗訓,P12*******,100000.00,0.00,,金錢,雲林縣林內鄉****,,
220,林明溱,107年縣(市)長選舉,首次申報,1071102,個人捐贈收入,李宜蓁,P22*******,100000.00,0.00,,金錢,雲林縣林內鄉****,,
221,林明溱,107年縣(市)長選舉,首次申報,1071105,營利事業捐贈收入,萬大鋁業股份有限公司,22805500,100000.00,0.00,,金錢,南投縣南投市****,,
222,林明溱,107年縣(市)長選舉,首次申報,1071105,營利事業捐贈收入,上銓鑫股份有限公司,25176531,60000.00,0.00,,金錢,南投縣南投市****,,
223,林明溱,107年縣(市)長選舉,首次申報,1071105,營利事業捐贈收入,溪頭境廬山莊,25465933,50000.00,0.00,,金錢,南投縣鹿谷鄉****,,
224,林明溱,107年縣(市)長選舉,首次申報,1071105,營利事業捐贈收入,芳多麗有限公司,54241250,300000.00,0.00,,金錢,南投縣草屯鎮****,,
225,林明溱,107年縣(市)長選舉,首次申報,1071105,營利事業捐贈收入,詮亞股份有限公司,86823594,100000.00,0.00,,金錢,南投縣南投市****,,
226,林明溱,107年縣(市)長選舉,首次申報,1071105,個人捐贈收入,李翊嘉,M12*******,100000.00,0.00,,金錢,南投縣草屯鎮****,,
227,林明溱,107年縣(市)長選舉,首次申報,1071106,營利事業捐贈收入,吉成房屋仲介,99878353,100000.00,0.00,,金錢,南投縣埔里鎮****,,
228,林明溱,107年縣(市)長選舉,首次申報,1071106,個人捐贈收入,張維仕,M10*******,25000.00,0.00,,金錢,南投縣南投市****,,
229,林明溱,107年縣(市)長選舉,首次申報,1071106,個人捐贈收入,林仙見,M10*******,50000.00,0.00,,金錢,南投縣水里鄉****,,
230,林明溱,107年縣(市)長選舉,首次申報,1071106,個人捐贈收入,廖鎮坤,M10*******,1000.00,0.00,,金錢,新竹市光復路****,,
231,林明溱,107年縣(市)長選舉,首次申報,1071106,個人捐贈收入,曾景賢,M10*******,10000.00,0.00,,金錢,南投縣草屯鎮****,,
232,林明溱,107年縣(市)長選舉,首次申報,1071106,個人捐贈收入,白炳煉,M10*******,3200.00,0.00,,金錢,南投縣南投市****,,
233,林明溱,107年縣(市)長選舉,首次申報,1071106,個人捐贈收入,李永輝,M12*******,20000.00,0.00,,金錢,南投縣南投市****,,
234,林明溱,107年縣(市)長選舉,首次申報,1071106,個人捐贈收入,邱淑貞,M20*******,50000.00,0.00,,金錢,南投縣水里鄉****,,
235,林明溱,107年縣(市)長選舉,首次申報,1071106,個人捐贈收入,張妙如,M22*******,25000.00,0.00,,金錢,南投縣南投市****,,
236,林明溱,107年縣(市)長選舉,首次申報,1071106,個人捐贈收入,陳南榮,Q10*******,6000.00,0.00,,金錢,南投縣草屯鎮****,,
237,林明溱,107年縣(市)長選舉,首次申報,1071107,個人捐贈收入,李幸蓉,E22*******,50000.00,0.00,,金錢,臺中市大里區****,,
238,林明溱,107年縣(市)長選舉,首次申報,1071108,營利事業捐贈收入,庭園民宿,09320551,100000.00,0.00,,金錢,南投縣信義鄉****,,
239,林明溱,107年縣(市)長選舉,首次申報,1071108,營利事業捐贈收入,庭園民宿,09320551,100000.00,0.00,,金錢,南投縣信義鄉****,,
240,林明溱,107年縣(市)長選舉,首次申報,1071108,營利事業捐贈收入,中鑫國際有限公司,96854899,500000.00,0.00,,金錢,南投縣南投市****,,
241,林明溱,107年縣(市)長選舉,首次申報,1071108,個人捐贈收入,黃阿惠,E22*******,5000.00,0.00,,金錢,南投縣南投市****,,
242,林明溱,107年縣(市)長選舉,首次申報,1071108,個人捐贈收入,張志豪,L12*******,100000.00,0.00,,金錢,臺中市北屯區****,,
243,林明溱,107年縣(市)長選舉,首次申報,1071108,個人捐贈收入,林銘田,M10*******,100000.00,0.00,,金錢,南投縣南投市****,,
244,林明溱,107年縣(市)長選舉,首次申報,1071108,個人捐贈收入,白文龍,M10*******,2000.00,0.00,,金錢,南投縣草屯鎮****,,
245,林明溱,107年縣(市)長選舉,首次申報,1071108,個人捐贈收入,林孟錫,M10*******,10000.00,0.00,,金錢,南投縣信義鄉****,,
246,林明溱,107年縣(市)長選舉,首次申報,1071108,個人捐贈收入,林家甄,M22*******,100000.00,0.00,,金錢,臺中市北屯區****,,
247,林明溱,107年縣(市)長選舉,首次申報,1071108,個人捐贈收入,林郁蘋,M22*******,100000.00,0.00,,金錢,南投縣南投市****,,
248,林明溱,107年縣(市)長選舉,首次申報,1071108,個人捐贈收入,林武雄,Q10*******,100000.00,0.00,,金錢,臺中市大里區****,,
249,林明溱,107年縣(市)長選舉,首次申報,1071108,個人捐贈收入,連鳳珠,Q22*******,100000.00,0.00,,金錢,南投縣南投市****,,
250,林明溱,107年縣(市)長選舉,首次申報,1071109,營利事業捐贈收入,大煒塑膠工業股份有限公司,23514327,25008.00,0.00,,非金錢,南投縣草屯鎮****,,
251,林明溱,107年縣(市)長選舉,首次申報,1071109,個人捐贈收入,楊楨堂,L10*******,100000.00,0.00,,金錢,臺中市大肚區****,,
252,林明溱,107年縣(市)長選舉,首次申報,1071109,個人捐贈收入,林文和,M10*******,36000.00,0.00,,金錢,南投縣南投市****,,
253,林明溱,107年縣(市)長選舉,首次申報,1071111,個人捐贈收入,李金水,M10*******,3000.00,0.00,,金錢,南投縣草屯鎮****,,
254,林明溱,107年縣(市)長選舉,首次申報,1071112,營利事業捐贈收入,盛光企業股份有限公司,22807508,100000.00,0.00,,金錢,南投縣草屯鎮****,,
255,林明溱,107年縣(市)長選舉,首次申報,1071112,個人捐贈收入,胡志明,H12*******,100000.00,0.00,,金錢,南投縣南投市****,,
256,林明溱,107年縣(市)長選舉,首次申報,1071112,個人捐贈收入,江連福,L12*******,100000.00,0.00,,金錢,臺中市太平區****,,
257,林明溱,107年縣(市)長選舉,首次申報,1071112,個人捐贈收入,陳峻淵,M12*******,10000.00,0.00,,金錢,南投縣草屯鎮****,,
258,林明溱,107年縣(市)長選舉,首次申報,1071112,個人捐贈收入,陳美秀,P22*******,20000.00,0.00,,金錢,南投縣南投市****,,
259,林明溱,107年縣(市)長選舉,首次申報,1071112,個人捐贈收入,林郁方,S10*******,66000.00,0.00,,金錢,臺北市信義路****,,
260,林明溱,107年縣(市)長選舉,首次申報,1071113,營利事業捐贈收入,郁信股份有限公司,16690240,60000.00,0.00,,金錢,南投縣南投市****,,
261,林明溱,107年縣(市)長選舉,首次申報,1071113,營利事業捐贈收入,亞麥開發股份有限公司,22372308,100000.00,0.00,,金錢,南投縣南投市****,,
262,林明溱,107年縣(市)長選舉,首次申報,1071113,個人捐贈收入,亷蕙琦,M22*******,100000.00,0.00,,金錢,南投縣南投市****,,
263,林明溱,107年縣(市)長選舉,首次申報,1071114,個人捐贈收入,陳禹仲,M12*******,100000.00,0.00,,金錢,臺中市西屯區****,,
264,林明溱,107年縣(市)長選舉,首次申報,1071114,個人捐贈收入,蔡元銘,M12*******,30000.00,0.00,,金錢,南投縣南投市****,,
265,林明溱,107年縣(市)長選舉,首次申報,1071114,個人捐贈收入,紀世榮,N12*******,60000.00,0.00,,金錢,臺中市大里區****,,
266,林明溱,107年縣(市)長選舉,首次申報,1071114,個人捐贈收入,竇瑜芬,P22*******,100000.00,0.00,,金錢,南投縣竹山鎮****,,
267,林明溱,107年縣(市)長選舉,首次申報,1071115,營利事業捐贈收入,匯通企業社,18136134,10000.00,0.00,,金錢,南投縣南投市****,,
268,林明溱,107年縣(市)長選舉,首次申報,1071115,個人捐贈收入,吳光復,M10*******,30000.00,0.00,,金錢,南投縣名間鄉****,,
269,林明溱,107年縣(市)長選舉,首次申報,1071116,營利事業捐贈收入,大中鋼鐵股份有限公司,57001161,300000.00,0.00,,金錢,臺北市松山區****,,
270,林明溱,107年縣(市)長選舉,首次申報,1071118,個人捐贈收入,林志博,M12*******,10000.00,0.00,,金錢,南投縣信義鄉****,,
271,林明溱,107年縣(市)長選舉,首次申報,1071118,個人捐贈收入,李碧桃,M20*******,20000.00,0.00,,金錢,南投縣草屯鎮****,,
272,林明溱,107年縣(市)長選舉,首次申報,1071119,個人捐贈收入,余基明,M12*******,20000.00,0.00,,金錢,南投縣南投市****,,
273,林明溱,107年縣(市)長選舉,首次申報,1071120,營利事業捐贈收入,美上鎂科技股份有限公司,13076360,100000.00,0.00,,金錢,南投縣南投市****,,
274,林明溱,107年縣(市)長選舉,首次申報,1071120,個人捐贈收入,王又興,M12*******,10000.00,0.00,,金錢,南投縣南投市****,,
275,林明溱,107年縣(市)長選舉,首次申報,1071120,個人捐贈收入,趙堉喬,R22*******,50000.00,0.00,,金錢,臺中市南屯區****,,
276,林明溱,107年縣(市)長選舉,首次申報,1071121,個人捐贈收入,陳怡真,L22*******,100000.00,0.00,,金錢,南投縣國姓郵****,,
277,林明溱,107年縣(市)長選舉,首次申報,1071121,個人捐贈收入,陳品楓,L22*******,100000.00,0.00,,金錢,南投縣國姓郵****,,
278,林明溱,107年縣(市)長選舉,首次申報,1071121,個人捐贈收入,張為棣,N12*******,100000.00,0.00,,金錢,彰化縣員林市****,,
279,林明溱,107年縣(市)長選舉,首次申報,1071121,個人捐贈收入,張國航,N12*******,100000.00,0.00,,金錢,彰化縣員林市****,,
280,林明溱,107年縣(市)長選舉,首次申報,1071121,個人捐贈收入,張國庭,N12*******,100000.00,0.00,,金錢,南投縣草屯鎮****,,
281,林明溱,107年縣(市)長選舉,首次申報,1071122,個人捐贈收入,陳春綢,M20*******,10000.00,0.00,,金錢,南投縣國姓鄉****,,
282,林明溱,107年縣(市)長選舉,首次申報,1071122,個人捐贈收入,陳燕鴈,M22*******,20000.00,0.00,,金錢,南投縣名間鄉****,,
283,林明溱,107年縣(市)長選舉,首次申報,1071122,個人捐贈收入,林雅慧,M22*******,100000.00,0.00,,金錢,南投縣南投市****,,
284,林明溱,107年縣(市)長選舉,首次申報,1071122,個人捐贈收入,張任考,X10*******,5000.00,0.00,,金錢,南投縣南投市****,,
285,林明溱,107年縣(市)長選舉,首次申報,1071123,營利事業捐贈收入,高慶泉股份有限公司,23004247,50000.00,0.00,,金錢,南投縣南投市****,,
286,林明溱,107年縣(市)長選舉,首次申報,1071123,營利事業捐贈收入,萬隆印刷股份有限公司,86352708,100000.00,0.00,,金錢,南投縣草屯鎮****,,
287,林明溱,107年縣(市)長選舉,首次申報,1071123,個人捐贈收入,王安平,B12*******,60000.00,0.00,,金錢,臺中市太平區****,,
288,林明溱,107年縣(市)長選舉,首次申報,1071123,個人捐贈收入,洪秋東,M10*******,600.00,0.00,,金錢,南投縣草屯鎮****,,
289,林明溱,107年縣(市)長選舉,首次申報,1071123,個人捐贈收入,林昆熠,M12*******,100000.00,0.00,,金錢,南投縣草屯鎮****,,
290,林明溱,107年縣(市)長選舉,首次申報,1071123,個人捐贈收入,劉財炎,M12*******,60000.00,0.00,,金錢,南投縣國姓鄉****,,
291,林明溱,107年縣(市)長選舉,首次申報,1071123,個人捐贈收入,劉財車,M12*******,60000.00,0.00,,金錢,臺中市市政路****,,
292,林明溱,107年縣(市)長選舉,首次申報,1071123,個人捐贈收入,唐曉棻,M22*******,100000.00,0.00,,金錢,南投縣草屯鎮****,,
293,林明溱,107年縣(市)長選舉,首次申報,1071123,個人捐贈收入,張恭湖,N12*******,60000.00,0.00,,金錢,彰化縣彰化市****,,
294,林明溱,107年縣(市)長選舉,首次申報,1071123,個人捐贈收入,黃鉑翔,N12*******,60000.00,0.00,,金錢,彰化縣員林市****,,
295,林明溱,107年縣(市)長選舉,首次申報,1071221,其他收入,利息收入,,1321.00,0.00,,金錢,,,
