﻿序號,擬參選人／政黨,選舉名稱,申報序號／年度,交易日期,收支科目,捐贈者／支出對象,身分證／統一編號,收入金額,支出金額,捐贈方式,存入專戶日期,返還/繳庫,支出用途,金錢類,地址,聯絡電話,應揭露之支出對象,支出對象之內部人員姓名,支出對象之內部人員職稱,政黨之內部人員姓名,政黨之內部人員職稱,關係,資料更正日期
1,黃紹庭,107年直轄市議員選舉,第二次賸餘,1090101,當選後與其公務有關之費用支出,樂樂庵日式小吃店有限公司,53887631,0.00,1980.00,,,,餐飲費用,金錢,,,,,,,,,
2,黃紹庭,107年直轄市議員選舉,第二次賸餘,1090101,當選後與其公務有關之費用支出,統一速達股份有限公司,57928872,0.00,170.00,,,,郵資,金錢,,,,,,,,,
3,黃紹庭,107年直轄市議員選舉,第二次賸餘,1090102,當選後與其公務有關之費用支出,中堂燒肉,10255993,0.00,3430.00,,,,餐飲費用,金錢,,,,,,,,,
4,黃紹庭,107年直轄市議員選舉,第二次賸餘,1090104,當選後與其公務有關之費用支出,阿拉丁神燈咖啡館,72078630,0.00,764.00,,,,餐飲費用,金錢,,,,,,,,,
5,黃紹庭,107年直轄市議員選舉,第二次賸餘,1090104,當選後與其公務有關之費用支出,老江紅茶冷飲店,99728469,0.00,262.00,,,,餐飲費用,金錢,,,,,,,,,
6,黃紹庭,107年直轄市議員選舉,第二次賸餘,1090105,當選後與其公務有關之費用支出,全聯福利中心,27949837,0.00,198.00,,,,雜支,金錢,,,,,,,,,
7,黃紹庭,107年直轄市議員選舉,第二次賸餘,1090106,當選後與其公務有關之費用支出,忠馨燈飾行,14561376,0.00,3100.00,,,,燈具維修,金錢,,,,,,,,,
8,黃紹庭,107年直轄市議員選舉,第二次賸餘,1090106,當選後與其公務有關之費用支出,其祥食品有限公司歐貝拉尊爵館,16455287,0.00,1080.00,,,,禮盒,金錢,,,,,,,,,
9,黃紹庭,107年直轄市議員選舉,第二次賸餘,1090107,當選後與其公務有關之費用支出,健康快樂食品有限公司,28302287,0.00,65.00,,,,餐飲費用,金錢,,,,,,,,,
10,黃紹庭,107年直轄市議員選舉,第二次賸餘,1090108,當選後與其公務有關之費用支出,海慶餐廳有限公司,54638668,0.00,40200.00,,,,餐飲費用,金錢,高雄市前鎮區****,,,,,,,,
11,黃紹庭,107年直轄市議員選舉,第二次賸餘,1090108,當選後與其公務有關之費用支出,鯤鮨有限公司,59298007,0.00,24710.00,,,,餐飲費用,金錢,,,,,,,,,
12,黃紹庭,107年直轄市議員選舉,第二次賸餘,1090108,當選後與其公務有關之費用支出,其祥食品有限公司歐貝拉尊爵館,85449959,0.00,1650.00,,,,禮盒,金錢,,,,,,,,,
13,黃紹庭,107年直轄市議員選舉,第二次賸餘,1090109,當選後與其公務有關之費用支出,郵局-高雄廣澤,,0.00,31.00,,,,郵資,金錢,高雄市旗津區****,,,,,,,,
14,黃紹庭,107年直轄市議員選舉,第二次賸餘,1090111,當選後與其公務有關之費用支出,台灣中油,06957022,0.00,135.00,,,,油費,金錢,,,,,,,,,
15,黃紹庭,107年直轄市議員選舉,第二次賸餘,1090111,當選後與其公務有關之費用支出,全聯福利中心,24789225,0.00,791.00,,,,餐飲費用,金錢,,,,,,,,,
16,黃紹庭,107年直轄市議員選舉,第二次賸餘,1090111,當選後與其公務有關之費用支出,新光三越,28990263,0.00,599.00,,,,禮盒,金錢,,,,,,,,,
17,黃紹庭,107年直轄市議員選舉,第二次賸餘,1090111,當選後與其公務有關之費用支出,漢來美食,80352955,0.00,1438.00,,,,餐飲費用,金錢,,,,,,,,,
18,黃紹庭,107年直轄市議員選舉,第二次賸餘,1090111,當選後與其公務有關之費用支出,其祥食品有限公司歐貝拉尊爵館,85449959,0.00,1035.00,,,,禮盒,金錢,,,,,,,,,
19,黃紹庭,107年直轄市議員選舉,第二次賸餘,1090113,當選後與其公務有關之費用支出,全聯福利中心,27949837,0.00,138.00,,,,雜支,金錢,,,,,,,,,
20,黃紹庭,107年直轄市議員選舉,第二次賸餘,1090114,當選後與其公務有關之費用支出,郵局-高雄廣澤,,0.00,31.00,,,,郵資,金錢,高雄市前鎮區****,,,,,,,,
21,黃紹庭,107年直轄市議員選舉,第二次賸餘,1090114,當選後與其公務有關之費用支出,FAMILY MART,53676360,0.00,45.00,,,,文具,金錢,,,,,,,,,
22,黃紹庭,107年直轄市議員選舉,第二次賸餘,1090115,當選後與其公務有關之費用支出,STARBUCKS,10258730,0.00,150.00,,,,餐飲費用,金錢,,,,,,,,,
23,黃紹庭,107年直轄市議員選舉,第二次賸餘,1090115,當選後與其公務有關之費用支出,光南,80595067,0.00,96.00,,,,文具,金錢,,,,,,,,,
24,黃紹庭,107年直轄市議員選舉,第二次賸餘,1090116,當選後與其公務有關之費用支出,郵局-高雄廣澤,,0.00,192.00,,,,郵資,金錢,高雄市前鎮區****,,,,,,,,
25,黃紹庭,107年直轄市議員選舉,第二次賸餘,1090117,當選後與其公務有關之費用支出,台灣中油,06957141,0.00,726.00,,,,油費,金錢,,,,,,,,,
26,黃紹庭,107年直轄市議員選舉,第二次賸餘,1090117,當選後與其公務有關之費用支出,福海排骨小吃店,21361676,0.00,215.00,,,,餐飲費用,金錢,,,,,,,,,
27,黃紹庭,107年直轄市議員選舉,第二次賸餘,1090117,當選後與其公務有關之費用支出,瑪雅飲料店,21388366,0.00,30.00,,,,餐飲費用,金錢,,,,,,,,,
28,黃紹庭,107年直轄市議員選舉,第二次賸餘,1090118,當選後與其公務有關之費用支出,家樂福,28434409,0.00,160.00,,,,雜項購置或修繕費用,金錢,,,,,,,,,
29,黃紹庭,107年直轄市議員選舉,第二次賸餘,1090118,當選後與其公務有關之費用支出,御園自助美食館,99729755,0.00,575.00,,,,餐飲費用,金錢,,,,,,,,,
30,黃紹庭,107年直轄市議員選舉,第二次賸餘,1090119,當選後與其公務有關之費用支出,寶冠眼鏡行,06984127,0.00,180.00,,,,雜支,金錢,,,,,,,,,
31,黃紹庭,107年直轄市議員選舉,第二次賸餘,1090119,當選後與其公務有關之費用支出,全聯福利中心,27949837,0.00,144.00,,,,餐飲費用,金錢,,,,,,,,,
32,黃紹庭,107年直轄市議員選舉,第二次賸餘,1090119,當選後與其公務有關之費用支出,國泰堂印鋪,83727696,0.00,150.00,,,,印章,金錢,,,,,,,,,
33,黃紹庭,107年直轄市議員選舉,第二次賸餘,1090120,當選後與其公務有關之費用支出,郵局-新興,,0.00,110.00,,,,郵資,金錢,高雄市新興區****,,,,,,,,
34,黃紹庭,107年直轄市議員選舉,第二次賸餘,1090120,當選後與其公務有關之費用支出,建興包裝材料行,06835886,0.00,150.00,,,,連續袋,金錢,,,,,,,,,
35,黃紹庭,107年直轄市議員選舉,第二次賸餘,1090120,當選後與其公務有關之費用支出,福海排骨小吃店,21361676,0.00,320.00,,,,餐飲費用,金錢,,,,,,,,,
36,黃紹庭,107年直轄市議員選舉,第二次賸餘,1090120,當選後與其公務有關之費用支出,漢神巨蛋購物廣場,28435462,0.00,5160.00,,,,禮盒,金錢,,,,,,,,,
37,黃紹庭,107年直轄市議員選舉,第二次賸餘,1090120,當選後與其公務有關之費用支出,STARBUCKS,70788826,0.00,405.00,,,,餐飲費用,金錢,,,,,,,,,
38,黃紹庭,107年直轄市議員選舉,第二次賸餘,1090120,當選後與其公務有關之費用支出,天新藥局,76695183,0.00,100.00,,,,酒精,金錢,,,,,,,,,
39,黃紹庭,107年直轄市議員選舉,第二次賸餘,1090120,當選後與其公務有關之費用支出,太平洋崇光百貨股份有限公司,96978879,0.00,1180.00,,,,連線卡,金錢,,,,,,,,,
40,黃紹庭,107年直轄市議員選舉,第二次賸餘,1090121,當選後與其公務有關之費用支出,青年書局,75988669,0.00,510.00,,,,文具,金錢,,,,,,,,,
41,黃紹庭,107年直轄市議員選舉,第二次賸餘,1090122,當選後與其公務有關之費用支出,劉時通,,0.00,2100.00,,,,奠儀,金錢,高雄市鳥松區****,,,,,,,,
42,黃紹庭,107年直轄市議員選舉,第二次賸餘,1090122,當選後與其公務有關之費用支出,其祥食品有限公司歐貝拉尊爵館,85449959,0.00,1035.00,,,,禮盒,金錢,,,,,,,,,
43,黃紹庭,107年直轄市議員選舉,第二次賸餘,1090123,當選後與其公務有關之費用支出,全聯福利中心,27949837,0.00,1399.00,,,,禮盒,金錢,,,,,,,,,
44,黃紹庭,107年直轄市議員選舉,第二次賸餘,1090123,當選後與其公務有關之費用支出,星野烘焙事業,81155806,0.00,1100.00,,,,禮盒,金錢,,,,,,,,,
45,黃紹庭,107年直轄市議員選舉,第二次賸餘,1090123,當選後與其公務有關之費用支出,尚美鮮花店,81229357,0.00,3000.00,,,,高架花籃,金錢,,,,,,,,,
46,黃紹庭,107年直轄市議員選舉,第二次賸餘,1090123,當選後與其公務有關之費用支出,老江紅茶冷飲店,99728469,0.00,430.00,,,,餐飲費用,金錢,,,,,,,,,
47,黃紹庭,107年直轄市議員選舉,第二次賸餘,1090127,當選後與其公務有關之費用支出,皇家大飯店股份有限公司,03304409,0.00,3560.00,,,,差旅膳宿費用,金錢,,,,,,,,,
48,黃紹庭,107年直轄市議員選舉,第二次賸餘,1090127,當選後與其公務有關之費用支出,台灣高鐵,16446274,0.00,1490.00,,,,搭乘交通工具費用,金錢,,,,,,,,,
49,黃紹庭,107年直轄市議員選舉,第二次賸餘,1090127,當選後與其公務有關之費用支出,微風台北車站,28441577,0.00,400.00,,,,餐飲費用,金錢,,,,,,,,,
50,黃紹庭,107年直轄市議員選舉,第二次賸餘,1090127,當選後與其公務有關之費用支出,微風台北車站,28441577,0.00,150.00,,,,餐飲費用,金錢,,,,,,,,,
51,黃紹庭,107年直轄市議員選舉,第二次賸餘,1090128,當選後與其公務有關之費用支出,微風南山,51183903,0.00,200.00,,,,餐飲費用,金錢,,,,,,,,,
52,黃紹庭,107年直轄市議員選舉,第二次賸餘,1090128,當選後與其公務有關之費用支出,微風南山,51183903,0.00,345.00,,,,餐飲費用,金錢,,,,,,,,,
53,黃紹庭,107年直轄市議員選舉,第二次賸餘,1090128,當選後與其公務有關之費用支出,微風南山,51183903,0.00,427.00,,,,禮盒,金錢,,,,,,,,,
54,黃紹庭,107年直轄市議員選舉,第二次賸餘,1090128,當選後與其公務有關之費用支出,新光三越,84308670,0.00,129.00,,,,餐飲費用,金錢,,,,,,,,,
55,黃紹庭,107年直轄市議員選舉,第二次賸餘,1090129,當選後與其公務有關之費用支出,台灣高鐵,16446274,0.00,1490.00,,,,搭乘交通工具費用,金錢,,,,,,,,,
56,黃紹庭,107年直轄市議員選舉,第二次賸餘,1090129,當選後與其公務有關之費用支出,微風台北車站,28441577,0.00,960.00,,,,禮盒,金錢,,,,,,,,,
57,黃紹庭,107年直轄市議員選舉,第二次賸餘,1090129,當選後與其公務有關之費用支出,雙月食品,72992346,0.00,255.00,,,,禮盒,金錢,,,,,,,,,
58,黃紹庭,107年直轄市議員選舉,第二次賸餘,1090130,當選後與其公務有關之費用支出,郵局-高雄廣澤,,0.00,144.00,,,,郵資,金錢,高雄市前鎮區****,,,,,,,,
59,黃紹庭,107年直轄市議員選舉,第二次賸餘,1090131,當選後與其公務有關之費用支出,郵局-高雄廣澤,,0.00,172.00,,,,郵資,金錢,高雄市前鎮區****,,,,,,,,
60,黃紹庭,107年直轄市議員選舉,第二次賸餘,1090131,當選後與其公務有關之費用支出,台灣中油,06957043,0.00,119.00,,,,油費,金錢,,,,,,,,,
61,黃紹庭,107年直轄市議員選舉,第二次賸餘,1090201,當選後與其公務有關之費用支出,郵局-新興,,0.00,120.00,,,,郵寄,金錢,高雄市新興區****,,,,,,,,
62,黃紹庭,107年直轄市議員選舉,第二次賸餘,1090201,當選後與其公務有關之費用支出,全聯福利中心,27949837,0.00,186.00,,,,購置物品費用,金錢,高雄市苓雅區****,,,,,,,,
63,黃紹庭,107年直轄市議員選舉,第二次賸餘,1090202,當選後與其公務有關之費用支出,大安社,25949868,0.00,3000.00,,,,蘭花,金錢,,,,,,,,,
64,黃紹庭,107年直轄市議員選舉,第二次賸餘,1090203,當選後與其公務有關之費用支出,郵局-高雄廣澤,,0.00,84.00,,,,郵資,金錢,高雄市前鎮區****,,,,,,,,
65,黃紹庭,107年直轄市議員選舉,第二次賸餘,1090203,當選後與其公務有關之費用支出,御園自助美食館,99729755,0.00,240.00,,,,餐飲費用,金錢,,,,,,,,,
66,黃紹庭,107年直轄市議員選舉,第二次賸餘,1090204,當選後與其公務有關之費用支出,台灣中油,06957043,0.00,791.00,,,,油費,金錢,,,,,,,,,
67,黃紹庭,107年直轄市議員選舉,第二次賸餘,1090204,當選後與其公務有關之費用支出,屏南玖玖百貨行,25953736,0.00,170.00,,,,購置物品費用,金錢,,,,,,,,,
68,黃紹庭,107年直轄市議員選舉,第二次賸餘,1090204,當選後與其公務有關之費用支出,全聯福利中心,27949837,0.00,239.00,,,,購置物品費用,金錢,,,,,,,,,
69,黃紹庭,107年直轄市議員選舉,第二次賸餘,1090205,當選後與其公務有關之費用支出,金獎攝影社,81224472,0.00,190.00,,,,相片,金錢,,,,,,,,,
70,黃紹庭,107年直轄市議員選舉,第二次賸餘,1090206,當選後與其公務有關之費用支出,郵局-新興,,0.00,31.00,,,,郵資,金錢,高雄市新興區****,,,,,,,,
71,黃紹庭,107年直轄市議員選舉,第二次賸餘,1090206,當選後與其公務有關之費用支出,駿成交通有限公司,,0.00,125.00,,,,車資,金錢,臺北市汀州路****,,,,,,,,
72,黃紹庭,107年直轄市議員選舉,第二次賸餘,1090206,當選後與其公務有關之費用支出,台灣高鐵,16446274,0.00,2980.00,,,,搭乘交通工具費用,金錢,,,,,,,,,
73,黃紹庭,107年直轄市議員選舉,第二次賸餘,1090206,當選後與其公務有關之費用支出,華倫包裝材料行,76481149,0.00,115.00,,,,文具,金錢,,,,,,,,,
74,黃紹庭,107年直轄市議員選舉,第二次賸餘,1090207,當選後與其公務有關之費用支出,郵局-高雄廣澤,,0.00,28.00,,,,郵資,金錢,高雄市前鎮區****,,,,,,,,
75,黃紹庭,107年直轄市議員選舉,第二次賸餘,1090207,當選後與其公務有關之費用支出,永松海青果行,38707245,0.00,600.00,,,,水果,金錢,,,,,,,,,
76,黃紹庭,107年直轄市議員選舉,第二次賸餘,1090207,當選後與其公務有關之費用支出,STARBUCKS,70788826,0.00,150.00,,,,餐飲費用,金錢,,,,,,,,,
77,黃紹庭,107年直轄市議員選舉,第二次賸餘,1090209,當選後與其公務有關之費用支出,凱華.勝弘,,0.00,2600.00,,,,禮金,金錢,高雄市林園區****,,,,,,,,
78,黃紹庭,107年直轄市議員選舉,第二次賸餘,1090210,當選後與其公務有關之費用支出,全聯福利中心,27949837,0.00,130.00,,,,購置物品費用,金錢,,,,,,,,,
79,黃紹庭,107年直轄市議員選舉,第二次賸餘,1090210,當選後與其公務有關之費用支出,全聯福利中心,27949837,0.00,133.00,,,,餐飲費用,金錢,,,,,,,,,
80,黃紹庭,107年直轄市議員選舉,第二次賸餘,1090211,當選後與其公務有關之費用支出,郵局-高雄廣澤,,0.00,52.00,,,,郵資,金錢,高雄市前鎮區****,,,,,,,,
81,黃紹庭,107年直轄市議員選舉,第二次賸餘,1090211,當選後與其公務有關之費用支出,寶翰生活館有限公司,16117842,0.00,233.00,,,,餐飲費用,金錢,,,,,,,,,
82,黃紹庭,107年直轄市議員選舉,第二次賸餘,1090212,當選後與其公務有關之費用支出,郵局-高雄廣澤,,0.00,140.00,,,,郵資,金錢,高雄市前鎮區****,,,,,,,,
83,黃紹庭,107年直轄市議員選舉,第二次賸餘,1090212,當選後與其公務有關之費用支出,老江紅茶冷飲店,99728469,0.00,152.00,,,,餐飲費用,金錢,,,,,,,,,
84,黃紹庭,107年直轄市議員選舉,第二次賸餘,1090213,當選後與其公務有關之費用支出,台灣中油,06957022,0.00,115.00,,,,油費,金錢,,,,,,,,,
85,黃紹庭,107年直轄市議員選舉,第二次賸餘,1090215,當選後與其公務有關之費用支出,郵局-高雄廣澤,,0.00,95.00,,,,郵資,金錢,高雄市前鎮區****,,,,,,,,
86,黃紹庭,107年直轄市議員選舉,第二次賸餘,1090215,當選後與其公務有關之費用支出,中堂燒肉,10255993,0.00,2940.00,,,,餐飲費用,金錢,,,,,,,,,
87,黃紹庭,107年直轄市議員選舉,第二次賸餘,1090215,當選後與其公務有關之費用支出,寶翰生活館有限公司,16117842,0.00,36.00,,,,購置物品費用,金錢,,,,,,,,,
88,黃紹庭,107年直轄市議員選舉,第二次賸餘,1090215,當選後與其公務有關之費用支出,COSTCO,96972798,0.00,2355.00,,,,購置物品費用,金錢,,,,,,,,,
89,黃紹庭,107年直轄市議員選舉,第二次賸餘,1090216,當選後與其公務有關之費用支出,屏南玖玖百貨行,25953736,0.00,5.00,,,,購置物品費用,金錢,,,,,,,,,
90,黃紹庭,107年直轄市議員選舉,第二次賸餘,1090218,當選後與其公務有關之費用支出,台灣中油,42802328,0.00,780.00,,,,油費,金錢,,,,,,,,,
91,黃紹庭,107年直轄市議員選舉,第二次賸餘,1090218,當選後與其公務有關之費用支出,海慶餐廳有限公司,54638668,0.00,14330.00,,,,餐飲費用,金錢,,,,,,,,,
92,黃紹庭,107年直轄市議員選舉,第二次賸餘,1090218,當選後與其公務有關之費用支出,STARBUCKS,70788826,0.00,150.00,,,,餐飲費用,金錢,,,,,,,,,
93,黃紹庭,107年直轄市議員選舉,第二次賸餘,1090220,當選後與其公務有關之費用支出,郵局-高雄廣澤,,0.00,67.00,,,,郵資,金錢,高雄市前鎮區****,,,,,,,,
94,黃紹庭,107年直轄市議員選舉,第二次賸餘,1090220,當選後與其公務有關之費用支出,佳德糕餅有限公司,13109952,0.00,25920.00,,,,禮盒,金錢,,,,,,,,,
95,黃紹庭,107年直轄市議員選舉,第二次賸餘,1090220,當選後與其公務有關之費用支出,鮨福小吃店,25937743,0.00,2250.00,,,,餐飲費用,金錢,,,,,,,,,
96,黃紹庭,107年直轄市議員選舉,第二次賸餘,1090220,當選後與其公務有關之費用支出,鮨福小吃店,25937743,0.00,2585.00,,,,餐飲費用,金錢,,,,,,,,,
97,黃紹庭,107年直轄市議員選舉,第二次賸餘,1090220,當選後與其公務有關之費用支出,FAMILY MART,53676360,0.00,85.00,,,,郵資,金錢,,,,,,,,,
98,黃紹庭,107年直轄市議員選舉,第二次賸餘,1090221,當選後與其公務有關之費用支出,巴特里精緻烘焙,36956865,0.00,140.00,,,,餐飲費用,金錢,,,,,,,,,
99,黃紹庭,107年直轄市議員選舉,第二次賸餘,1090221,當選後與其公務有關之費用支出,聰明鴨肉店,76399752,0.00,140.00,,,,餐飲費用,金錢,,,,,,,,,
100,黃紹庭,107年直轄市議員選舉,第二次賸餘,1090221,當選後與其公務有關之費用支出,其祥食品有限公司歐貝拉尊爵館,85449959,0.00,1782.00,,,,禮盒,金錢,,,,,,,,,
101,黃紹庭,107年直轄市議員選舉,第二次賸餘,1090222,當選後與其公務有關之費用支出,台灣中油,06957043,0.00,813.00,,,,油費,金錢,,,,,,,,,
102,黃紹庭,107年直轄市議員選舉,第二次賸餘,1090222,當選後與其公務有關之費用支出,台灣高鐵,16446274,0.00,1025.00,,,,搭乘交通工具費用,金錢,,,,,,,,,
103,黃紹庭,107年直轄市議員選舉,第二次賸餘,1090223,當選後與其公務有關之費用支出,寶雅國際股份有限公司,24799949,0.00,362.00,,,,雜項購置或修繕費用,金錢,,,,,,,,,
104,黃紹庭,107年直轄市議員選舉,第二次賸餘,1090224,當選後與其公務有關之費用支出,郵局-高雄廣澤,,0.00,73.00,,,,郵資,金錢,高雄市前鎮區****,,,,,,,,
105,黃紹庭,107年直轄市議員選舉,第二次賸餘,1090224,當選後與其公務有關之費用支出,佳德糕餅有限公司,13109952,0.00,32400.00,,,,禮盒,金錢,臺北市南京東****,,,,,,,,
106,黃紹庭,107年直轄市議員選舉,第二次賸餘,1090224,當選後與其公務有關之費用支出,台灣中油,20175689,0.00,1436.00,,,,油費,金錢,,,,,,,,,
107,黃紹庭,107年直轄市議員選舉,第二次賸餘,1090224,當選後與其公務有關之費用支出,FAMILY MART,53676360,0.00,200.00,,,,郵資,金錢,,,,,,,,,
108,黃紹庭,107年直轄市議員選舉,第二次賸餘,1090224,當選後與其公務有關之費用支出,樂樂庵日式小吃店有限公司,53887631,0.00,1947.00,,,,餐飲費用,金錢,,,,,,,,,
109,黃紹庭,107年直轄市議員選舉,第二次賸餘,1090224,當選後與其公務有關之費用支出,青年書局,75988669,0.00,137.00,,,,文具,金錢,,,,,,,,,
110,黃紹庭,107年直轄市議員選舉,第二次賸餘,1090225,當選後與其公務有關之費用支出,郵局-高雄廣澤,,0.00,6727.00,,,,郵資,金錢,高雄市前鎮區****,,,,,,,,
111,黃紹庭,107年直轄市議員選舉,第二次賸餘,1090225,當選後與其公務有關之費用支出,郵局-新興,,0.00,13111.00,,,,郵資,金錢,高雄市新興區****,,,,,,,,
112,黃紹庭,107年直轄市議員選舉,第二次賸餘,1090225,當選後與其公務有關之費用支出,林禮志,,0.00,2100.00,,,,奠儀,金錢,高雄市新興區****,,,,,,,,
113,黃紹庭,107年直轄市議員選舉,第二次賸餘,1090225,當選後與其公務有關之費用支出,台灣高鐵,16446274,0.00,1530.00,,,,搭乘交通工具費用,金錢,,,,,,,,,
114,黃紹庭,107年直轄市議員選舉,第二次賸餘,1090225,當選後與其公務有關之費用支出,福海排骨小吃店,21361676,0.00,75.00,,,,餐飲費用,金錢,,,,,,,,,
115,黃紹庭,107年直轄市議員選舉,第二次賸餘,1090225,當選後與其公務有關之費用支出,瑪雅飲料店,21388366,0.00,145.00,,,,餐飲費用,金錢,,,,,,,,,
116,黃紹庭,107年直轄市議員選舉,第二次賸餘,1090225,當選後與其公務有關之費用支出,龍欣開發實業行,21957535,0.00,2500.00,,,,罐頭塔,金錢,,,,,,,,,
117,黃紹庭,107年直轄市議員選舉,第二次賸餘,1090225,當選後與其公務有關之費用支出,阿拉丁神燈咖啡館,72078630,0.00,326.00,,,,餐飲費用,金錢,,,,,,,,,
118,黃紹庭,107年直轄市議員選舉,第二次賸餘,1090226,當選後與其公務有關之費用支出,台灣高鐵,16446274,0.00,2360.00,,,,搭乘交通工具費用,金錢,,,,,,,,,
119,黃紹庭,107年直轄市議員選舉,第二次賸餘,1090226,當選後與其公務有關之費用支出,FAMILY MART,53676360,0.00,85.00,,,,郵資,金錢,,,,,,,,,
120,黃紹庭,107年直轄市議員選舉,第二次賸餘,1090227,當選後與其公務有關之費用支出,郵局-新興,,0.00,331.00,,,,郵資,金錢,高雄市新興區****,,,,,,,,
121,黃紹庭,107年直轄市議員選舉,第二次賸餘,1090227,當選後與其公務有關之費用支出,中堂燒肉,10255993,0.00,2900.00,,,,餐飲費用,金錢,,,,,,,,,
122,黃紹庭,107年直轄市議員選舉,第二次賸餘,1090227,當選後與其公務有關之費用支出,天新藥局,76695183,0.00,150.00,,,,多功能冰袋,金錢,,,,,,,,,
123,黃紹庭,107年直轄市議員選舉,第二次賸餘,1090229,當選後與其公務有關之費用支出,尚美鮮花店,81229357,0.00,2300.00,,,,高架花籃,金錢,,,,,,,,,
124,黃紹庭,107年直轄市議員選舉,第二次賸餘,1090301,當選後與其公務有關之費用支出,台灣中油,06829131,0.00,850.00,,,,油費,金錢,,,,,,,,,
125,黃紹庭,107年直轄市議員選舉,第二次賸餘,1090301,當選後與其公務有關之費用支出,其祥食品有限公司歐貝拉尊爵館,85449959,0.00,1170.00,,,,禮盒,金錢,,,,,,,,,
126,黃紹庭,107年直轄市議員選舉,第二次賸餘,1090302,當選後與其公務有關之費用支出,台灣高鐵,16446274,0.00,3565.00,,,,搭乘交通工具費用,金錢,,,,,,,,,
127,黃紹庭,107年直轄市議員選舉,第二次賸餘,1090303,當選後與其公務有關之費用支出,郵局-高雄廣澤,,0.00,32.00,,,,郵資,金錢,高雄市前鎮區****,,,,,,,,
128,黃紹庭,107年直轄市議員選舉,第二次賸餘,1090303,當選後與其公務有關之費用支出,台灣高鐵,16446274,0.00,1490.00,,,,搭乘交通工具費用,金錢,,,,,,,,,
129,黃紹庭,107年直轄市議員選舉,第二次賸餘,1090303,當選後與其公務有關之費用支出,屏南玖玖百貨行,25953736,0.00,15.00,,,,雜支,金錢,,,,,,,,,
130,黃紹庭,107年直轄市議員選舉,第二次賸餘,1090303,當選後與其公務有關之費用支出,祈旺食品行,26015680,0.00,1060.00,,,,餐飲費用,金錢,,,,,,,,,
131,黃紹庭,107年直轄市議員選舉,第二次賸餘,1090303,當選後與其公務有關之費用支出,全聯福利中心,27949837,0.00,419.00,,,,購置物品費用,金錢,,,,,,,,,
132,黃紹庭,107年直轄市議員選舉,第二次賸餘,1090303,當選後與其公務有關之費用支出,苓強鎖印行,81187125,0.00,45.00,,,,印章,金錢,,,,,,,,,
133,黃紹庭,107年直轄市議員選舉,第二次賸餘,1090304,當選後與其公務有關之費用支出,郵局-高雄廣澤,,0.00,31.00,,,,郵資,金錢,高雄市前鎮區****,,,,,,,,
134,黃紹庭,107年直轄市議員選舉,第二次賸餘,1090304,當選後與其公務有關之費用支出,老周燒肉飯,18119780,0.00,810.00,,,,餐飲費用,金錢,,,,,,,,,
135,黃紹庭,107年直轄市議員選舉,第二次賸餘,1090305,當選後與其公務有關之費用支出,台灣高鐵,16446274,0.00,1580.00,,,,搭乘交通工具費用,金錢,,,,,,,,,
136,黃紹庭,107年直轄市議員選舉,第二次賸餘,1090305,當選後與其公務有關之費用支出,大安社,25949868,0.00,3000.00,,,,蘭花,金錢,,,,,,,,,
137,黃紹庭,107年直轄市議員選舉,第二次賸餘,1090305,當選後與其公務有關之費用支出,光南,80595067,0.00,19.00,,,,文具,金錢,,,,,,,,,
138,黃紹庭,107年直轄市議員選舉,第二次賸餘,1090305,當選後與其公務有關之費用支出,嘉美迷你土雞鍋,85469666,0.00,140.00,,,,餐飲費用,金錢,,,,,,,,,
139,黃紹庭,107年直轄市議員選舉,第二次賸餘,1090306,當選後與其公務有關之費用支出,老周燒肉飯,18119780,0.00,370.00,,,,餐飲費用,金錢,,,,,,,,,
140,黃紹庭,107年直轄市議員選舉,第二次賸餘,1090306,當選後與其公務有關之費用支出,樂樂庵日式小吃店有限公司,53887631,0.00,1947.00,,,,餐飲費用,金錢,,,,,,,,,
141,黃紹庭,107年直轄市議員選舉,第二次賸餘,1090309,當選後與其公務有關之費用支出,鮨福小吃店,25937743,0.00,3905.00,,,,餐飲費用,金錢,,,,,,,,,
142,黃紹庭,107年直轄市議員選舉,第二次賸餘,1090309,當選後與其公務有關之費用支出,鮨福小吃店,25937743,0.00,4681.00,,,,餐飲費用,金錢,,,,,,,,,
143,黃紹庭,107年直轄市議員選舉,第二次賸餘,1090309,當選後與其公務有關之費用支出,海慶餐廳有限公司,54638668,0.00,31200.00,,,,餐飲費用,金錢,高雄市前鎮區****,,,,,,,,
144,黃紹庭,107年直轄市議員選舉,第二次賸餘,1090310,當選後與其公務有關之費用支出,郵局-高雄廣澤,,0.00,67.00,,,,郵資,金錢,高雄市前鎮區****,,,,,,,,
145,黃紹庭,107年直轄市議員選舉,第二次賸餘,1090310,當選後與其公務有關之費用支出,台灣中油,06829131,0.00,777.00,,,,油費,金錢,,,,,,,,,
146,黃紹庭,107年直轄市議員選舉,第二次賸餘,1090310,當選後與其公務有關之費用支出,老江紅茶冷飲店,99728469,0.00,427.00,,,,餐飲費用,金錢,,,,,,,,,
147,黃紹庭,107年直轄市議員選舉,第二次賸餘,1090311,當選後與其公務有關之費用支出,郵局-高雄廣澤,,0.00,52.00,,,,郵資,金錢,高雄市前鎮區****,,,,,,,,
148,黃紹庭,107年直轄市議員選舉,第二次賸餘,1090311,當選後與其公務有關之費用支出,大安社,25949868,0.00,3000.00,,,,蘭花,金錢,,,,,,,,,
149,黃紹庭,107年直轄市議員選舉,第二次賸餘,1090311,當選後與其公務有關之費用支出,光南,80595067,0.00,192.00,,,,文具,金錢,,,,,,,,,
150,黃紹庭,107年直轄市議員選舉,第二次賸餘,1090315,當選後與其公務有關之費用支出,婉毓.哲緯,,0.00,2600.00,,,,禮金,金錢,高雄市左營區****,,,,,,,,
151,黃紹庭,107年直轄市議員選舉,第二次賸餘,1090315,當選後與其公務有關之費用支出,樂樂庵日式小吃店有限公司,53887631,0.00,2145.00,,,,餐飲費用,金錢,,,,,,,,,
152,黃紹庭,107年直轄市議員選舉,第二次賸餘,1090318,當選後與其公務有關之費用支出,郵局-高雄廣澤,,0.00,70.00,,,,郵資,金錢,高雄市前鎮區****,,,,,,,,
153,黃紹庭,107年直轄市議員選舉,第二次賸餘,1090318,當選後與其公務有關之費用支出,台灣中油,06829131,0.00,589.00,,,,油費,金錢,,,,,,,,,
154,黃紹庭,107年直轄市議員選舉,第二次賸餘,1090318,當選後與其公務有關之費用支出,老江紅茶冷飲店,99728469,0.00,152.00,,,,餐飲費用,金錢,,,,,,,,,
155,黃紹庭,107年直轄市議員選舉,第二次賸餘,1090319,當選後與其公務有關之費用支出,FAMILY MART,53676360,0.00,80.00,,,,酒精,金錢,,,,,,,,,
156,黃紹庭,107年直轄市議員選舉,第二次賸餘,1090320,當選後與其公務有關之費用支出,郵局-高雄廣澤,,0.00,122.00,,,,郵資,金錢,高雄市前鎮區****,,,,,,,,
157,黃紹庭,107年直轄市議員選舉,第二次賸餘,1090320,當選後與其公務有關之費用支出,郵局-新興,,0.00,31.00,,,,郵資,金錢,高雄市新興區****,,,,,,,,
158,黃紹庭,107年直轄市議員選舉,第二次賸餘,1090320,當選後與其公務有關之費用支出,STARBUCKS,10258730,0.00,1088.00,,,,餐飲費用,金錢,,,,,,,,,
159,黃紹庭,107年直轄市議員選舉,第二次賸餘,1090320,當選後與其公務有關之費用支出,又來小吃店,13904753,0.00,17060.00,,,,餐飲費用,金錢,,,,,,,,,
160,黃紹庭,107年直轄市議員選舉,第二次賸餘,1090320,當選後與其公務有關之費用支出,鮨福小吃店,25937743,0.00,3652.00,,,,餐飲費用,金錢,,,,,,,,,
161,黃紹庭,107年直轄市議員選舉,第二次賸餘,1090320,當選後與其公務有關之費用支出,FAMILY MART,53676360,0.00,80.00,,,,酒精,金錢,,,,,,,,,
162,黃紹庭,107年直轄市議員選舉,第二次賸餘,1090320,當選後與其公務有關之費用支出,FAMILY MART,53676360,0.00,120.00,,,,酒精,金錢,,,,,,,,,
163,黃紹庭,107年直轄市議員選舉,第二次賸餘,1090321,當選後與其公務有關之費用支出,高雄市福康國民小學家長會,,0.00,10000.00,,,,捐贈,金錢,高雄市苓雅區****,,,,,,,,
164,黃紹庭,107年直轄市議員選舉,第二次賸餘,1090321,當選後與其公務有關之費用支出,尚美鮮花店,81229357,0.00,2600.00,,,,高架花籃,金錢,,,,,,,,,
165,黃紹庭,107年直轄市議員選舉,第二次賸餘,1090321,當選後與其公務有關之費用支出,御恩企業社,82674003,0.00,850.00,,,,罐頭塔,金錢,,,,,,,,,
166,黃紹庭,107年直轄市議員選舉,第二次賸餘,1090322,當選後與其公務有關之費用支出,家樂福,28434409,0.00,1303.00,,,,雜支,金錢,,,,,,,,,
167,黃紹庭,107年直轄市議員選舉,第二次賸餘,1090323,當選後與其公務有關之費用支出,樂樂庵日式小吃店有限公司,53887631,0.00,1848.00,,,,餐飲費用,金錢,,,,,,,,,
168,黃紹庭,107年直轄市議員選舉,第二次賸餘,1090326,當選後與其公務有關之費用支出,郵局-高雄廣澤,,0.00,36.00,,,,郵資,金錢,高雄市前鎮區****,,,,,,,,
169,黃紹庭,107年直轄市議員選舉,第二次賸餘,1090326,當選後與其公務有關之費用支出,台灣中油,06957043,0.00,608.00,,,,油費,金錢,,,,,,,,,
170,黃紹庭,107年直轄市議員選舉,第二次賸餘,1090326,當選後與其公務有關之費用支出,鮨福小吃店,25937743,0.00,2695.00,,,,餐飲費用,金錢,,,,,,,,,
171,黃紹庭,107年直轄市議員選舉,第二次賸餘,1090326,當選後與其公務有關之費用支出,鮨福小吃店,25937743,0.00,2330.00,,,,餐飲費用,金錢,,,,,,,,,
172,黃紹庭,107年直轄市議員選舉,第二次賸餘,1090326,當選後與其公務有關之費用支出,屏南玖玖百貨行,25953736,0.00,109.00,,,,雜支,金錢,,,,,,,,,
173,黃紹庭,107年直轄市議員選舉,第二次賸餘,1090326,當選後與其公務有關之費用支出,御恩企業社,82674003,0.00,850.00,,,,罐頭塔,金錢,,,,,,,,,
174,黃紹庭,107年直轄市議員選舉,第二次賸餘,1090328,當選後與其公務有關之費用支出,胡健,,0.00,2100.00,,,,奠儀,金錢,高雄市三民區****,,,,,,,,
175,黃紹庭,107年直轄市議員選舉,第二次賸餘,1090328,當選後與其公務有關之費用支出,聖德科斯,47718010,0.00,370.00,,,,餐飲費用,金錢,,,,,,,,,
176,黃紹庭,107年直轄市議員選舉,第二次賸餘,1090328,當選後與其公務有關之費用支出,阿拉丁神燈咖啡館,72078630,0.00,265.00,,,,餐飲費用,金錢,,,,,,,,,
177,黃紹庭,107年直轄市議員選舉,第二次賸餘,1090328,當選後與其公務有關之費用支出,老江紅茶冷飲店,99728469,0.00,167.00,,,,餐飲費用,金錢,,,,,,,,,
178,黃紹庭,107年直轄市議員選舉,第二次賸餘,1090329,當選後與其公務有關之費用支出,怡君.育銘,,0.00,2600.00,,,,禮金,金錢,高雄市苓雅區****,,,,,,,,
179,黃紹庭,107年直轄市議員選舉,第二次賸餘,1090330,當選後與其公務有關之費用支出,FAMILY MART,53676360,0.00,85.00,,,,郵資,金錢,,,,,,,,,
180,黃紹庭,107年直轄市議員選舉,第二次賸餘,1090330,當選後與其公務有關之費用支出,樂樂庵日式小吃店有限公司,53887631,0.00,583.00,,,,餐飲費用,金錢,,,,,,,,,
181,黃紹庭,107年直轄市議員選舉,第二次賸餘,1090331,當選後與其公務有關之費用支出,郵局-高雄廣澤,,0.00,28.00,,,,郵資,金錢,高雄市前鎮區****,,,,,,,,
182,黃紹庭,107年直轄市議員選舉,第二次賸餘,1090331,當選後與其公務有關之費用支出,郵局-高雄西甲,,0.00,190.00,,,,郵資,金錢,高雄市前鎮區****,,,,,,,,
183,黃紹庭,107年直轄市議員選舉,第二次賸餘,1090331,當選後與其公務有關之費用支出,大昌路加油站,86451448,0.00,610.00,,,,油費,金錢,,,,,,,,,
184,黃紹庭,107年直轄市議員選舉,第二次賸餘,1090401,當選後與其公務有關之費用支出,歐坤昇,,0.00,2100.00,,,,奠儀,金錢,高雄市三民區****,,,,,,,,
185,黃紹庭,107年直轄市議員選舉,第二次賸餘,1090401,當選後與其公務有關之費用支出,台灣高鐵,16446274,0.00,1490.00,,,,搭乘交通工具費用,金錢,,,,,,,,,
186,黃紹庭,107年直轄市議員選舉,第二次賸餘,1090402,當選後與其公務有關之費用支出,中堂燒肉,10255993,0.00,1470.00,,,,餐飲費用,金錢,,,,,,,,,
187,黃紹庭,107年直轄市議員選舉,第二次賸餘,1090402,當選後與其公務有關之費用支出,台灣高鐵,16446274,0.00,2980.00,,,,搭乘交通工具費用,金錢,,,,,,,,,
188,黃紹庭,107年直轄市議員選舉,第二次賸餘,1090403,當選後與其公務有關之費用支出,台灣高鐵,16446274,0.00,1490.00,,,,搭乘交通工具費用,金錢,,,,,,,,,
189,黃紹庭,107年直轄市議員選舉,第二次賸餘,1090403,當選後與其公務有關之費用支出,台灣高鐵,16446274,0.00,2980.00,,,,搭乘交通工具費用,金錢,,,,,,,,,
190,黃紹庭,107年直轄市議員選舉,第二次賸餘,1090403,當選後與其公務有關之費用支出,全聯福利中心,27949837,0.00,1103.00,,,,餐飲費用,金錢,,,,,,,,,
191,黃紹庭,107年直轄市議員選舉,第二次賸餘,1090404,當選後與其公務有關之費用支出,台灣高鐵,16446274,0.00,1580.00,,,,搭乘交通工具費用,金錢,,,,,,,,,
192,黃紹庭,107年直轄市議員選舉,第二次賸餘,1090404,當選後與其公務有關之費用支出,家樂福,28434409,0.00,1064.00,,,,禮盒,金錢,,,,,,,,,
193,黃紹庭,107年直轄市議員選舉,第二次賸餘,1090404,當選後與其公務有關之費用支出,其祥食品有限公司歐貝拉尊爵館,85449959,0.00,2400.00,,,,禮盒,金錢,,,,,,,,,
194,黃紹庭,107年直轄市議員選舉,第二次賸餘,1090405,當選後與其公務有關之費用支出,尚美鮮花店,81229357,0.00,2000.00,,,,高架花籃,金錢,,,,,,,,,
195,黃紹庭,107年直轄市議員選舉,第二次賸餘,1090407,當選後與其公務有關之費用支出,紅毛港海產有限公司,22842385,0.00,14464.00,,,,餐飲費用,金錢,,,,,,,,,
196,黃紹庭,107年直轄市議員選舉,第二次賸餘,1090407,當選後與其公務有關之費用支出,屏南玖玖百貨行,25953736,0.00,60.00,,,,雜支,金錢,,,,,,,,,
197,黃紹庭,107年直轄市議員選舉,第二次賸餘,1090407,當選後與其公務有關之費用支出,全聯福利中心,27949837,0.00,954.00,,,,禮盒,金錢,,,,,,,,,
198,黃紹庭,107年直轄市議員選舉,第二次賸餘,1090407,當選後與其公務有關之費用支出,老江紅茶冷飲店,99728469,0.00,75.00,,,,餐飲費用,金錢,,,,,,,,,
199,黃紹庭,107年直轄市議員選舉,第二次賸餘,1090408,當選後與其公務有關之費用支出,台灣中油,06957043,0.00,541.00,,,,油費,金錢,,,,,,,,,
200,黃紹庭,107年直轄市議員選舉,第二次賸餘,1090408,當選後與其公務有關之費用支出,漢神百貨,23827290,0.00,2180.00,,,,禮盒,金錢,,,,,,,,,
201,黃紹庭,107年直轄市議員選舉,第二次賸餘,1090410,當選後與其公務有關之費用支出,郵局-高雄廣澤,,0.00,31.00,,,,郵資,金錢,高雄市前鎮區****,,,,,,,,
202,黃紹庭,107年直轄市議員選舉,第二次賸餘,1090410,當選後與其公務有關之費用支出,FAMILY MART,53676360,0.00,200.00,,,,酒精,金錢,,,,,,,,,
203,黃紹庭,107年直轄市議員選舉,第二次賸餘,1090411,當選後與其公務有關之費用支出,鮨福小吃店,25937743,0.00,3938.00,,,,餐飲費用,金錢,,,,,,,,,
204,黃紹庭,107年直轄市議員選舉,第二次賸餘,1090411,當選後與其公務有關之費用支出,全聯福利中心,27949837,0.00,72.00,,,,餐飲費用,金錢,,,,,,,,,
205,黃紹庭,107年直轄市議員選舉,第二次賸餘,1090411,當選後與其公務有關之費用支出,樂樂庵日式小吃店有限公司,53887631,0.00,803.00,,,,餐飲費用,金錢,,,,,,,,,
206,黃紹庭,107年直轄市議員選舉,第二次賸餘,1090412,當選後與其公務有關之費用支出,石翠蘭園,57975826,0.00,3000.00,,,,蘭花,金錢,,,,,,,,,
207,黃紹庭,107年直轄市議員選舉,第二次賸餘,1090414,當選後與其公務有關之費用支出,郵局-高雄廣澤,,0.00,67.00,,,,郵資,金錢,高雄市前鎮區****,,,,,,,,
208,黃紹庭,107年直轄市議員選舉,第二次賸餘,1090415,當選後與其公務有關之費用支出,寶雅國際股份有限公司,24799949,0.00,75.00,,,,清潔用品,金錢,,,,,,,,,
209,黃紹庭,107年直轄市議員選舉,第二次賸餘,1090415,當選後與其公務有關之費用支出,御恩企業社,82674003,0.00,850.00,,,,罐頭塔,金錢,,,,,,,,,
210,黃紹庭,107年直轄市議員選舉,第二次賸餘,1090416,當選後與其公務有關之費用支出,台灣中油,06957000,0.00,535.00,,,,油費,金錢,,,,,,,,,
211,黃紹庭,107年直轄市議員選舉,第二次賸餘,1090418,當選後與其公務有關之費用支出,王文宗,,0.00,2100.00,,,,奠儀,金錢,高雄市大社區****,,,,,,,,
212,黃紹庭,107年直轄市議員選舉,第二次賸餘,1090420,當選後與其公務有關之費用支出,紅毛港海產有限公司,22842385,0.00,1240.00,,,,餐飲費用,金錢,,,,,,,,,
213,黃紹庭,107年直轄市議員選舉,第二次賸餘,1090421,當選後與其公務有關之費用支出,郵局-高雄廣澤,,0.00,32.00,,,,郵資,金錢,高雄市前鎮區****,,,,,,,,
214,黃紹庭,107年直轄市議員選舉,第二次賸餘,1090421,當選後與其公務有關之費用支出,台灣中油,06957043,0.00,481.00,,,,油費,金錢,,,,,,,,,
215,黃紹庭,107年直轄市議員選舉,第二次賸餘,1090421,當選後與其公務有關之費用支出,全聯福利中心,27949837,0.00,215.00,,,,餐飲費用,金錢,,,,,,,,,
216,黃紹庭,107年直轄市議員選舉,第二次賸餘,1090422,當選後與其公務有關之費用支出,陳美雲,,0.00,2100.00,,,,奠儀,金錢,高雄市苓雅區****,,,,,,,,
217,黃紹庭,107年直轄市議員選舉,第二次賸餘,1090422,當選後與其公務有關之費用支出,福大餐廳有限公司,16115817,0.00,21566.00,,,,餐飲費用,金錢,,,,,,,,,
218,黃紹庭,107年直轄市議員選舉,第二次賸餘,1090422,當選後與其公務有關之費用支出,老江紅茶冷飲店,99728469,0.00,152.00,,,,餐飲費用,金錢,,,,,,,,,
219,黃紹庭,107年直轄市議員選舉,第二次賸餘,1090423,當選後與其公務有關之費用支出,郵局-高雄廣澤,,0.00,8.00,,,,郵資,金錢,高雄市前鎮區****,,,,,,,,
220,黃紹庭,107年直轄市議員選舉,第二次賸餘,1090423,當選後與其公務有關之費用支出,郵局-高雄五塊厝郵局,,0.00,36.00,,,,郵資,金錢,高雄市苓雅區****,,,,,,,,
221,黃紹庭,107年直轄市議員選舉,第二次賸餘,1090424,當選後與其公務有關之費用支出,郵局-高雄廣澤,,0.00,31.00,,,,郵資,金錢,高雄市前鎮區****,,,,,,,,
222,黃紹庭,107年直轄市議員選舉,第二次賸餘,1090424,當選後與其公務有關之費用支出,青年書局,75988669,0.00,378.00,,,,文具,金錢,,,,,,,,,
223,黃紹庭,107年直轄市議員選舉,第二次賸餘,1090425,當選後與其公務有關之費用支出,聖德科斯,47718010,0.00,250.00,,,,餐飲費用,金錢,,,,,,,,,
224,黃紹庭,107年直轄市議員選舉,第二次賸餘,1090427,當選後與其公務有關之費用支出,家樂福,28434409,0.00,993.00,,,,餐飲費用,金錢,,,,,,,,,
225,黃紹庭,107年直轄市議員選舉,第二次賸餘,1090428,當選後與其公務有關之費用支出,其祥食品有限公司歐貝拉尊爵館,85449959,0.00,675.00,,,,禮盒,金錢,,,,,,,,,
226,黃紹庭,107年直轄市議員選舉,第二次賸餘,1090503,當選後與其公務有關之費用支出,中堂燒肉,10255993,0.00,2950.00,,,,餐飲費用,金錢,,,,,,,,,
227,黃紹庭,107年直轄市議員選舉,第二次賸餘,1090504,當選後與其公務有關之費用支出,新彩影像資訊有限公司,29007994,0.00,2340.00,,,,印刷品,金錢,,,,,,,,,
228,黃紹庭,107年直轄市議員選舉,第二次賸餘,1090505,當選後與其公務有關之費用支出,天新藥局,76695183,0.00,600.00,,,,藥膏,金錢,,,,,,,,,
229,黃紹庭,107年直轄市議員選舉,第二次賸餘,1090507,當選後與其公務有關之費用支出,郵局-高雄廣澤,,0.00,31.00,,,,郵資,金錢,高雄市前鎮區****,,,,,,,,
230,黃紹庭,107年直轄市議員選舉,第二次賸餘,1090508,當選後與其公務有關之費用支出,中堂燒肉,10255993,0.00,1760.00,,,,餐飲費用,金錢,,,,,,,,,
231,黃紹庭,107年直轄市議員選舉,第二次賸餘,1090508,當選後與其公務有關之費用支出,台灣高鐵,16446274,0.00,3653.00,,,,搭乘交通工具費用,金錢,,,,,,,,,
232,黃紹庭,107年直轄市議員選舉,第二次賸餘,1090508,當選後與其公務有關之費用支出,祈旺食品行,26015680,0.00,80.00,,,,餐飲費用,金錢,,,,,,,,,
233,黃紹庭,107年直轄市議員選舉,第二次賸餘,1090510,當選後與其公務有關之費用支出,林正泰,,0.00,2100.00,,,,奠儀,金錢,高雄市三民區****,,,,,,,,
234,黃紹庭,107年直轄市議員選舉,第二次賸餘,1090510,當選後與其公務有關之費用支出,大眾加油站,16821094,0.00,526.00,,,,油費,金錢,,,,,,,,,
235,黃紹庭,107年直轄市議員選舉,第二次賸餘,1090510,當選後與其公務有關之費用支出,樂樂庵日式小吃店有限公司,53887631,0.00,1232.00,,,,餐飲費用,金錢,,,,,,,,,
236,黃紹庭,107年直轄市議員選舉,第二次賸餘,1090510,當選後與其公務有關之費用支出,中堂有限公司,59257694,0.00,5750.00,,,,餐飲費用,金錢,,,,,,,,,
237,黃紹庭,107年直轄市議員選舉,第二次賸餘,1090511,當選後與其公務有關之費用支出,郵局-新興,,0.00,1500.00,,,,郵資,金錢,高雄市新興區****,,,,,,,,
238,黃紹庭,107年直轄市議員選舉,第二次賸餘,1090512,當選後與其公務有關之費用支出,鈺花坊園藝花卉,07984976,0.00,2600.00,,,,蘭花,金錢,,,,,,,,,
239,黃紹庭,107年直轄市議員選舉,第二次賸餘,1090513,當選後與其公務有關之費用支出,高雄市燕巢區農會供銷部,25760111,0.00,4905.00,,,,芭樂,金錢,,,,,,,,,
240,黃紹庭,107年直轄市議員選舉,第二次賸餘,1090514,當選後與其公務有關之費用支出,中堂燒肉,10255993,0.00,1290.00,,,,餐飲費用,金錢,,,,,,,,,
241,黃紹庭,107年直轄市議員選舉,第二次賸餘,1090515,當選後與其公務有關之費用支出,台灣中油,06829147,0.00,329.00,,,,油費,金錢,,,,,,,,,
242,黃紹庭,107年直轄市議員選舉,第二次賸餘,1090518,當選後與其公務有關之費用支出,中堂燒肉,10255993,0.00,1500.00,,,,餐飲費用,金錢,,,,,,,,,
243,黃紹庭,107年直轄市議員選舉,第二次賸餘,1090519,當選後與其公務有關之費用支出,郵局-新興,,0.00,62.00,,,,郵資,金錢,高雄市新興區****,,,,,,,,
244,黃紹庭,107年直轄市議員選舉,第二次賸餘,1090519,當選後與其公務有關之費用支出,全聯福利中心,27949837,0.00,477.00,,,,雜支,金錢,,,,,,,,,
245,黃紹庭,107年直轄市議員選舉,第二次賸餘,1090520,當選後與其公務有關之費用支出,台灣中油,06892324,0.00,416.00,,,,油費,金錢,,,,,,,,,
246,黃紹庭,107年直轄市議員選舉,第二次賸餘,1090520,當選後與其公務有關之費用支出,漢神巨蛋購物廣場,28435462,0.00,4070.00,,,,禮品,金錢,,,,,,,,,
247,黃紹庭,107年直轄市議員選舉,第二次賸餘,1090521,當選後與其公務有關之費用支出,郵局-高雄廣澤,,0.00,36.00,,,,郵資,金錢,高雄市前鎮區****,,,,,,,,
248,黃紹庭,107年直轄市議員選舉,第二次賸餘,1090522,當選後與其公務有關之費用支出,郵局-高雄廣澤,,0.00,72.00,,,,郵資,金錢,高雄市前鎮區****,,,,,,,,
249,黃紹庭,107年直轄市議員選舉,第二次賸餘,1090522,當選後與其公務有關之費用支出,大眾加油站,16821094,0.00,361.00,,,,油費,金錢,,,,,,,,,
250,黃紹庭,107年直轄市議員選舉,第二次賸餘,1090524,當選後與其公務有關之費用支出,大安社,25949868,0.00,3000.00,,,,蘭花,金錢,,,,,,,,,
251,黃紹庭,107年直轄市議員選舉,第二次賸餘,1090524,當選後與其公務有關之費用支出,青年書局,75988669,0.00,637.00,,,,文具,金錢,,,,,,,,,
252,黃紹庭,107年直轄市議員選舉,第二次賸餘,1090524,當選後與其公務有關之費用支出,金和鮮花店,81273780,0.00,2600.00,,,,蘭花,金錢,,,,,,,,,
253,黃紹庭,107年直轄市議員選舉,第二次賸餘,1090525,當選後與其公務有關之費用支出,中堂燒肉,10255993,0.00,1980.00,,,,餐飲費用,金錢,,,,,,,,,
254,黃紹庭,107年直轄市議員選舉,第二次賸餘,1090526,當選後與其公務有關之費用支出,郵局-新興,,0.00,36.00,,,,郵資,金錢,高雄市新興區****,,,,,,,,
255,黃紹庭,107年直轄市議員選舉,第二次賸餘,1090527,當選後與其公務有關之費用支出,台灣中油,06957043,0.00,483.00,,,,油費,金錢,,,,,,,,,
256,黃紹庭,107年直轄市議員選舉,第二次賸餘,1090527,當選後與其公務有關之費用支出,石翠蘭園,57975826,0.00,3000.00,,,,蘭花,金錢,,,,,,,,,
257,黃紹庭,107年直轄市議員選舉,第二次賸餘,1090528,當選後與其公務有關之費用支出,華泰大飯店企業股份有限公司-南京分公司,29069055,0.00,3684.00,,,,差旅膳宿費用,金錢,,,,,,,,,
258,黃紹庭,107年直轄市議員選舉,第二次賸餘,1090528,當選後與其公務有關之費用支出,老查爾斯餐飲管理顧問有限公司,45132012,0.00,2129.00,,,,餐飲費用,金錢,,,,,,,,,
259,黃紹庭,107年直轄市議員選舉,第二次賸餘,1090529,當選後與其公務有關之費用支出,寶冠眼鏡行,06984127,0.00,1100.00,,,,雜支,金錢,,,,,,,,,
260,黃紹庭,107年直轄市議員選舉,第二次賸餘,1090530,當選後與其公務有關之費用支出,陳全斌,,0.00,2100.00,,,,奠儀,金錢,高雄市前金區****,,,,,,,,
261,黃紹庭,107年直轄市議員選舉,第二次賸餘,1090530,當選後與其公務有關之費用支出,大眾加油站,16821094,0.00,435.00,,,,油費,金錢,,,,,,,,,
262,黃紹庭,107年直轄市議員選舉,第二次賸餘,1090530,當選後與其公務有關之費用支出,樂樂庵日式小吃店有限公司,53887631,0.00,1320.00,,,,餐飲費用,金錢,,,,,,,,,
263,黃紹庭,107年直轄市議員選舉,第二次賸餘,1090601,當選後與其公務有關之費用支出,鮨福小吃店,25937743,0.00,2585.00,,,,餐飲費用,金錢,,,,,,,,,
264,黃紹庭,107年直轄市議員選舉,第二次賸餘,1090602,當選後與其公務有關之費用支出,串之坊餐館,82674073,0.00,2893.00,,,,餐飲費用,金錢,,,,,,,,,
265,黃紹庭,107年直轄市議員選舉,第二次賸餘,1090605,當選後與其公務有關之費用支出,中堂燒肉,10255993,0.00,2000.00,,,,餐飲費用,金錢,,,,,,,,,
266,黃紹庭,107年直轄市議員選舉,第二次賸餘,1090605,當選後與其公務有關之費用支出,福海排骨小吃店,21361676,0.00,220.00,,,,餐飲費用,金錢,,,,,,,,,
267,黃紹庭,107年直轄市議員選舉,第二次賸餘,1090607,當選後與其公務有關之費用支出,樂樂庵日式小吃店有限公司,53887631,0.00,1012.00,,,,餐飲費用,金錢,,,,,,,,,
268,黃紹庭,107年直轄市議員選舉,第二次賸餘,1090608,當選後與其公務有關之費用支出,澄清湖加油站,23663944,0.00,632.00,,,,油費,金錢,,,,,,,,,
269,黃紹庭,107年直轄市議員選舉,第二次賸餘,1090608,當選後與其公務有關之費用支出,嘟嘟房,72127344,0.00,100.00,,,,停車費,金錢,,,,,,,,,
270,黃紹庭,107年直轄市議員選舉,第二次賸餘,1090610,當選後與其公務有關之費用支出,郵局-高雄廣澤,,0.00,103.00,,,,郵資,金錢,高雄市前鎮區****,,,,,,,,
271,黃紹庭,107年直轄市議員選舉,第二次賸餘,1090610,當選後與其公務有關之費用支出,泉成潮汕美食有限公司,80365446,0.00,3300.00,,,,餐飲費用,金錢,,,,,,,,,
272,黃紹庭,107年直轄市議員選舉,第二次賸餘,1090611,當選後與其公務有關之費用支出,中堂燒肉,10255993,0.00,2020.00,,,,餐飲費用,金錢,,,,,,,,,
273,黃紹庭,107年直轄市議員選舉,第二次賸餘,1090612,當選後與其公務有關之費用支出,嘟嘟房,72127344,0.00,160.00,,,,停車費,金錢,,,,,,,,,
274,黃紹庭,107年直轄市議員選舉,第二次賸餘,1090613,當選後與其公務有關之費用支出,樂樂庵日式小吃店有限公司,53887631,0.00,1857.00,,,,餐飲費用,金錢,,,,,,,,,
275,黃紹庭,107年直轄市議員選舉,第二次賸餘,1090615,當選後與其公務有關之費用支出,郵局-高雄廣澤,,0.00,68.00,,,,郵資,金錢,高雄市前鎮區****,,,,,,,,
276,黃紹庭,107年直轄市議員選舉,第二次賸餘,1090615,當選後與其公務有關之費用支出,中堂燒肉,10255993,0.00,1890.00,,,,餐飲費用,金錢,,,,,,,,,
277,黃紹庭,107年直轄市議員選舉,第二次賸餘,1090615,當選後與其公務有關之費用支出,石翠蘭園,57975826,0.00,2300.00,,,,蘭花盆栽,金錢,,,,,,,,,
278,黃紹庭,107年直轄市議員選舉,第二次賸餘,1090616,當選後與其公務有關之費用支出,FAMILY MART,53676360,0.00,12.00,,,,手續費,金錢,,,,,,,,,
279,黃紹庭,107年直轄市議員選舉,第二次賸餘,1090618,當選後與其公務有關之費用支出,台灣中油,06957043,0.00,508.00,,,,油費,金錢,,,,,,,,,
280,黃紹庭,107年直轄市議員選舉,第二次賸餘,1090618,當選後與其公務有關之費用支出,香月有限公司,29021659,0.00,4840.00,,,,餐飲費用,金錢,,,,,,,,,
281,黃紹庭,107年直轄市議員選舉,第二次賸餘,1090619,當選後與其公務有關之費用支出,嘟嘟房,81138194,0.00,160.00,,,,停車費,金錢,,,,,,,,,
282,黃紹庭,107年直轄市議員選舉,第二次賸餘,1090620,當選後與其公務有關之費用支出,台灣中油,06957043,0.00,435.00,,,,油費,金錢,,,,,,,,,
283,黃紹庭,107年直轄市議員選舉,第二次賸餘,1090620,當選後與其公務有關之費用支出,樂樂庵日式小吃店有限公司,53887631,0.00,1639.00,,,,餐飲費用,金錢,,,,,,,,,
284,黃紹庭,107年直轄市議員選舉,第二次賸餘,1090621,當選後與其公務有關之費用支出,肉包小吃部,79817941,0.00,8370.00,,,,餐飲費用,金錢,,,,,,,,,
285,黃紹庭,107年直轄市議員選舉,第二次賸餘,1090622,當選後與其公務有關之費用支出,郵局-高雄廣澤,,0.00,80.00,,,,郵資,金錢,高雄市前鎮區****,,,,,,,,
286,黃紹庭,107年直轄市議員選舉,第二次賸餘,1090622,當選後與其公務有關之費用支出,中堂燒肉,10255993,0.00,2540.00,,,,餐飲費用,金錢,,,,,,,,,
287,黃紹庭,107年直轄市議員選舉,第二次賸餘,1090622,當選後與其公務有關之費用支出,又來小吃店,13904753,0.00,58400.00,,,,餐飲費用,金錢,高雄市苓雅區****,,,,,,,,
288,黃紹庭,107年直轄市議員選舉,第二次賸餘,1090622,當選後與其公務有關之費用支出,寶基生活館有限公司,28592737,0.00,448.00,,,,餐飲費用,金錢,,,,,,,,,
289,黃紹庭,107年直轄市議員選舉,第二次賸餘,1090623,當選後與其公務有關之費用支出,台灣中油,06957043,0.00,490.00,,,,油費,金錢,,,,,,,,,
290,黃紹庭,107年直轄市議員選舉,第二次賸餘,1090623,當選後與其公務有關之費用支出,大黑商行,42427978,0.00,1826.00,,,,餐飲費用,金錢,,,,,,,,,
291,黃紹庭,107年直轄市議員選舉,第二次賸餘,1090624,當選後與其公務有關之費用支出,華泰大飯店企業股份有限公司-南京分公司,29069055,0.00,3474.00,,,,差旅膳宿費用,金錢,,,,,,,,,
292,黃紹庭,107年直轄市議員選舉,第二次賸餘,1090624,當選後與其公務有關之費用支出,尚美鮮花店,81229357,0.00,3000.00,,,,蘭花,金錢,,,,,,,,,
293,黃紹庭,107年直轄市議員選舉,第二次賸餘,1090626,當選後與其公務有關之費用支出,台灣高鐵,16446274,0.00,1190.00,,,,搭乘交通工具費用,金錢,,,,,,,,,
294,黃紹庭,107年直轄市議員選舉,第二次賸餘,1090627,當選後與其公務有關之費用支出,新志割烹食堂,85477119,0.00,1540.00,,,,餐飲費用,金錢,,,,,,,,,
295,黃紹庭,107年直轄市議員選舉,第二次賸餘,1090628,當選後與其公務有關之費用支出,台灣高鐵,16446274,0.00,1340.00,,,,搭乘交通工具費用,金錢,,,,,,,,,
296,黃紹庭,107年直轄市議員選舉,第二次賸餘,1090628,當選後與其公務有關之費用支出,大眾加油站,16821094,0.00,556.00,,,,油費,金錢,,,,,,,,,
297,黃紹庭,107年直轄市議員選舉,第二次賸餘,1090628,當選後與其公務有關之費用支出,尚美鮮花店,81229357,0.00,3000.00,,,,蘭花,金錢,,,,,,,,,
298,黃紹庭,107年直轄市議員選舉,第二次賸餘,1090629,當選後與其公務有關之費用支出,郵局-高雄廣澤,,0.00,147.00,,,,郵資,金錢,高雄市前鎮區****,,,,,,,,
299,黃紹庭,107年直轄市議員選舉,第二次賸餘,1090629,當選後與其公務有關之費用支出,樂樂庵日式小吃店有限公司,53887631,0.00,2030.00,,,,餐飲費用,金錢,,,,,,,,,
300,黃紹庭,107年直轄市議員選舉,第二次賸餘,1090629,當選後與其公務有關之費用支出,青年書局,75988669,0.00,100.00,,,,文具,金錢,,,,,,,,,
301,黃紹庭,107年直轄市議員選舉,第二次賸餘,1090701,當選後與其公務有關之費用支出,台灣中油,06957043,0.00,500.00,,,,油費,金錢,,,,,,,,,
302,黃紹庭,107年直轄市議員選舉,第二次賸餘,1090702,當選後與其公務有關之費用支出,大立,53584377,0.00,3015.00,,,,餐飲費用,金錢,,,,,,,,,
303,黃紹庭,107年直轄市議員選舉,第二次賸餘,1090702,當選後與其公務有關之費用支出,尚美鮮花店,81229357,0.00,3000.00,,,,蘭花,金錢,,,,,,,,,
304,黃紹庭,107年直轄市議員選舉,第二次賸餘,1090703,當選後與其公務有關之費用支出,鮨福小吃店,25937743,0.00,1474.00,,,,餐飲費用,金錢,,,,,,,,,
305,黃紹庭,107年直轄市議員選舉,第二次賸餘,1090703,當選後與其公務有關之費用支出,安欣科技服務股份有限公司,26035089,0.00,4500.00,,,,維修宣傳車輛費用,金錢,,,,,,,,,
306,黃紹庭,107年直轄市議員選舉,第二次賸餘,1090704,當選後與其公務有關之費用支出,新發行,20216470,0.00,340.00,,,,餐飲費用,金錢,,,,,,,,,
307,黃紹庭,107年直轄市議員選舉,第二次賸餘,1090704,當選後與其公務有關之費用支出,尚美鮮花店,81229357,0.00,3000.00,,,,蘭花,金錢,,,,,,,,,
308,黃紹庭,107年直轄市議員選舉,第二次賸餘,1090705,當選後與其公務有關之費用支出,樂樂庵日式小吃店有限公司,53887631,0.00,1254.00,,,,餐飲費用,金錢,,,,,,,,,
309,黃紹庭,107年直轄市議員選舉,第二次賸餘,1090706,當選後與其公務有關之費用支出,中堂燒肉,10255993,0.00,600.00,,,,餐飲費用,金錢,,,,,,,,,
310,黃紹庭,107年直轄市議員選舉,第二次賸餘,1090707,當選後與其公務有關之費用支出,台灣中油,06957043,0.00,545.00,,,,油費,金錢,,,,,,,,,
311,黃紹庭,107年直轄市議員選舉,第二次賸餘,1090707,當選後與其公務有關之費用支出,全聯福利中心,27949837,0.00,509.00,,,,雜支,金錢,,,,,,,,,
312,黃紹庭,107年直轄市議員選舉,第二次賸餘,1090707,當選後與其公務有關之費用支出,大立,53584377,0.00,2545.00,,,,餐飲費用,金錢,,,,,,,,,
313,黃紹庭,107年直轄市議員選舉,第二次賸餘,1090708,當選後與其公務有關之費用支出,鮨福小吃店,25937743,0.00,6336.00,,,,餐飲費用,金錢,,,,,,,,,
314,黃紹庭,107年直轄市議員選舉,第二次賸餘,1090710,當選後與其公務有關之費用支出,郵局-新興,,0.00,32.00,,,,郵資,金錢,高雄市新興區****,,,,,,,,
315,黃紹庭,107年直轄市議員選舉,第二次賸餘,1090710,當選後與其公務有關之費用支出,大立,53584377,0.00,4175.00,,,,餐飲費用,金錢,,,,,,,,,
316,黃紹庭,107年直轄市議員選舉,第二次賸餘,1090711,當選後與其公務有關之費用支出,大立,53584377,0.00,2265.00,,,,餐飲費用,金錢,,,,,,,,,
317,黃紹庭,107年直轄市議員選舉,第二次賸餘,1090712,當選後與其公務有關之費用支出,LOUISA COFFEE,82688132,0.00,65.00,,,,餐飲費用,金錢,,,,,,,,,
318,黃紹庭,107年直轄市議員選舉,第二次賸餘,1090714,當選後與其公務有關之費用支出,台灣中油,06957043,0.00,490.00,,,,油費,金錢,,,,,,,,,
319,黃紹庭,107年直轄市議員選舉,第二次賸餘,1090714,當選後與其公務有關之費用支出,FAMILY MART,53676360,0.00,56.00,,,,餐飲費用,金錢,,,,,,,,,
320,黃紹庭,107年直轄市議員選舉,第二次賸餘,1090717,當選後與其公務有關之費用支出,中堂燒肉,10255993,0.00,1980.00,,,,餐飲費用,金錢,,,,,,,,,
321,黃紹庭,107年直轄市議員選舉,第二次賸餘,1090717,當選後與其公務有關之費用支出,亮臻實業股份有限公司,42813731,0.00,320.00,,,,餐飲費用,金錢,,,,,,,,,
322,黃紹庭,107年直轄市議員選舉,第二次賸餘,1090717,當選後與其公務有關之費用支出,FAMILY MART,83526728,0.00,10.00,,,,報紙,金錢,,,,,,,,,
323,黃紹庭,107年直轄市議員選舉,第二次賸餘,1090718,當選後與其公務有關之費用支出,黃伯堅,,0.00,2100.00,,,,奠儀,金錢,高雄市苓雅區****,,,,,,,,
324,黃紹庭,107年直轄市議員選舉,第二次賸餘,1090718,當選後與其公務有關之費用支出,漢神巨蛋購物廣場,28435462,0.00,23040.00,,,,禮品,金錢,,,,,,,,,
325,黃紹庭,107年直轄市議員選舉,第二次賸餘,1090719,當選後與其公務有關之費用支出,大立,53584377,0.00,3810.00,,,,餐飲費用,金錢,,,,,,,,,
326,黃紹庭,107年直轄市議員選舉,第二次賸餘,1090720,當選後與其公務有關之費用支出,郵局-高雄廣澤,,0.00,59.00,,,,郵資,金錢,高雄市前鎮區****,,,,,,,,
327,黃紹庭,107年直轄市議員選舉,第二次賸餘,1090720,當選後與其公務有關之費用支出,台灣中油,06957043,0.00,695.00,,,,油費,金錢,,,,,,,,,
328,黃紹庭,107年直轄市議員選舉,第二次賸餘,1090722,當選後與其公務有關之費用支出,郵局-高雄廣澤,,0.00,36.00,,,,郵資,金錢,高雄市前鎮區****,,,,,,,,
329,黃紹庭,107年直轄市議員選舉,第二次賸餘,1090722,當選後與其公務有關之費用支出,夜問市民食品事業有限公司,52901902,0.00,2239.00,,,,餐飲費用,金錢,,,,,,,,,
330,黃紹庭,107年直轄市議員選舉,第二次賸餘,1090723,當選後與其公務有關之費用支出,家樂福,28434409,0.00,266.00,,,,餐飲費用,金錢,,,,,,,,,
331,黃紹庭,107年直轄市議員選舉,第二次賸餘,1090723,當選後與其公務有關之費用支出,華泰大飯店企業股份有限公司-南京分公司,29069055,0.00,3474.00,,,,差旅膳宿費用,金錢,,,,,,,,,
332,黃紹庭,107年直轄市議員選舉,第二次賸餘,1090723,當選後與其公務有關之費用支出,茂園餐廳有限公司,53102701,0.00,1830.00,,,,餐飲費用,金錢,,,,,,,,,
333,黃紹庭,107年直轄市議員選舉,第二次賸餘,1090723,當選後與其公務有關之費用支出,青年書局,75988669,0.00,31.00,,,,文具,金錢,,,,,,,,,
334,黃紹庭,107年直轄市議員選舉,第二次賸餘,1090724,當選後與其公務有關之費用支出,大眾加油站,16821094,0.00,593.00,,,,油費,金錢,,,,,,,,,
335,黃紹庭,107年直轄市議員選舉,第二次賸餘,1090726,當選後與其公務有關之費用支出,中堂燒肉,10255993,0.00,2820.00,,,,餐飲費用,金錢,,,,,,,,,
336,黃紹庭,107年直轄市議員選舉,第二次賸餘,1090726,當選後與其公務有關之費用支出,石翠蘭園,57975826,0.00,3000.00,,,,蘭花盆栽,金錢,,,,,,,,,
337,黃紹庭,107年直轄市議員選舉,第二次賸餘,1090727,當選後與其公務有關之費用支出,郵局-高雄廣澤,,0.00,3650.00,,,,郵資,金錢,高雄市前鎮區****,,,,,,,,
338,黃紹庭,107年直轄市議員選舉,第二次賸餘,1090727,當選後與其公務有關之費用支出,7-ELEVEN,27247646,0.00,419.00,,,,餐飲費用,金錢,,,,,,,,,
339,黃紹庭,107年直轄市議員選舉,第二次賸餘,1090727,當選後與其公務有關之費用支出,全聯福利中心,27949837,0.00,48.00,,,,餐飲費用,金錢,,,,,,,,,
340,黃紹庭,107年直轄市議員選舉,第二次賸餘,1090727,當選後與其公務有關之費用支出,家樂福,28434409,0.00,1023.00,,,,餐飲費用,金錢,,,,,,,,,
341,黃紹庭,107年直轄市議員選舉,第二次賸餘,1090727,當選後與其公務有關之費用支出,FAMILY MART,83526728,0.00,256.00,,,,餐飲費用,金錢,,,,,,,,,
342,黃紹庭,107年直轄市議員選舉,第二次賸餘,1090728,當選後與其公務有關之費用支出,台灣中油,06829147,0.00,650.00,,,,油費,金錢,,,,,,,,,
343,黃紹庭,107年直轄市議員選舉,第二次賸餘,1090728,當選後與其公務有關之費用支出,社團法人高雄市黃氏宗親會,08241621,0.00,30000.00,,,,捐贈,金錢,,,,,,,,,
344,黃紹庭,107年直轄市議員選舉,第二次賸餘,1090729,當選後與其公務有關之費用支出,鮨福小吃店,25937743,0.00,4202.00,,,,餐飲費用,金錢,,,,,,,,,
345,黃紹庭,107年直轄市議員選舉,第二次賸餘,1090729,當選後與其公務有關之費用支出,漢來美食,80352955,0.00,3472.00,,,,餐飲費用,金錢,,,,,,,,,
346,黃紹庭,107年直轄市議員選舉,第二次賸餘,1090801,當選後與其公務有關之費用支出,中堂燒肉,10255993,0.00,1790.00,,,,餐飲費用,金錢,,,,,,,,,
347,黃紹庭,107年直轄市議員選舉,第二次賸餘,1090802,當選後與其公務有關之費用支出,全國藥局,,0.00,120.00,,,,酒精,金錢,,07-3*****,,,,,,,
348,黃紹庭,107年直轄市議員選舉,第二次賸餘,1090803,當選後與其公務有關之費用支出,郵局-高雄廣澤,,0.00,31.00,,,,郵資,金錢,高雄市前鎮區****,,,,,,,,
349,黃紹庭,107年直轄市議員選舉,第二次賸餘,1090803,當選後與其公務有關之費用支出,裕田烘焙坊,85466561,0.00,2050.00,,,,餐盒,金錢,,,,,,,,,
350,黃紹庭,107年直轄市議員選舉,第二次賸餘,1090804,當選後與其公務有關之費用支出,郵局-高雄廣澤,,0.00,36.00,,,,郵資,金錢,高雄市前鎮區****,,,,,,,,
351,黃紹庭,107年直轄市議員選舉,第二次賸餘,1090804,當選後與其公務有關之費用支出,寶島眼鏡,06984127,0.00,2900.00,,,,雜支,金錢,,,,,,,,,
352,黃紹庭,107年直轄市議員選舉,第二次賸餘,1090805,當選後與其公務有關之費用支出,異塵希勒餐廳,15644992,0.00,11055.00,,,,餐飲費用,金錢,,,,,,,,,
353,黃紹庭,107年直轄市議員選舉,第二次賸餘,1090805,當選後與其公務有關之費用支出,夜問市民食品事業有限公司,52901902,0.00,1837.00,,,,餐飲費用,金錢,,,,,,,,,
354,黃紹庭,107年直轄市議員選舉,第二次賸餘,1090806,當選後與其公務有關之費用支出,中堂燒肉,10255993,0.00,3170.00,,,,餐飲費用,金錢,,,,,,,,,
355,黃紹庭,107年直轄市議員選舉,第二次賸餘,1090806,當選後與其公務有關之費用支出,華泰大飯店企業股份有限公司-南京分公司,29069055,0.00,3474.00,,,,差旅膳宿費用,金錢,,,,,,,,,
356,黃紹庭,107年直轄市議員選舉,第二次賸餘,1090808,當選後與其公務有關之費用支出,澄清湖加油站,23663944,0.00,728.00,,,,油費,金錢,,,,,,,,,
357,黃紹庭,107年直轄市議員選舉,第二次賸餘,1090809,當選後與其公務有關之費用支出,漢來美食,80352955,0.00,3001.00,,,,餐飲費用,金錢,,,,,,,,,
358,黃紹庭,107年直轄市議員選舉,第二次賸餘,1090811,當選後與其公務有關之費用支出,郵局-高雄廣澤,,0.00,28.00,,,,郵資,金錢,高雄市前鎮區****,,,,,,,,
359,黃紹庭,107年直轄市議員選舉,第二次賸餘,1090811,當選後與其公務有關之費用支出,台灣中油,17504624,0.00,634.00,,,,油費,金錢,,,,,,,,,
360,黃紹庭,107年直轄市議員選舉,第二次賸餘,1090811,當選後與其公務有關之費用支出,鮨福小吃店,25937743,0.00,1936.00,,,,餐飲費用,金錢,,,,,,,,,
361,黃紹庭,107年直轄市議員選舉,第二次賸餘,1090811,當選後與其公務有關之費用支出,光南,80595067,0.00,301.00,,,,文具,金錢,,,,,,,,,
362,黃紹庭,107年直轄市議員選舉,第二次賸餘,1090812,當選後與其公務有關之費用支出,郵局-高雄廣澤,,0.00,5216.00,,,,郵資,金錢,高雄市前鎮區****,,,,,,,,
363,黃紹庭,107年直轄市議員選舉,第二次賸餘,1090812,當選後與其公務有關之費用支出,中華民國工商建設研究會,,0.00,6000.00,,,,年費,金錢,,02-2*****,,,,,,,
364,黃紹庭,107年直轄市議員選舉,第二次賸餘,1090812,當選後與其公務有關之費用支出,微風台北車站,28441577,0.00,1240.00,,,,禮盒,金錢,,,,,,,,,
365,黃紹庭,107年直轄市議員選舉,第二次賸餘,1090812,當選後與其公務有關之費用支出,御恩企業社,82674003,0.00,850.00,,,,罐頭塔,金錢,,,,,,,,,
366,黃紹庭,107年直轄市議員選舉,第二次賸餘,1090814,當選後與其公務有關之費用支出,郵局-高雄廣澤,,0.00,250.00,,,,郵資,金錢,高雄市前鎮區****,,,,,,,,
367,黃紹庭,107年直轄市議員選舉,第二次賸餘,1090814,當選後與其公務有關之費用支出,台灣中油,06957043,0.00,505.00,,,,油費,金錢,,,,,,,,,
368,黃紹庭,107年直轄市議員選舉,第二次賸餘,1090816,當選後與其公務有關之費用支出,中堂燒肉,10255993,0.00,1090.00,,,,餐飲費用,金錢,,,,,,,,,
369,黃紹庭,107年直轄市議員選舉,第二次賸餘,1090817,當選後與其公務有關之費用支出,台灣高鐵,16446274,0.00,12135.00,,,,搭乘交通工具費用,金錢,,,,,,,,,
370,黃紹庭,107年直轄市議員選舉,第二次賸餘,1090817,當選後與其公務有關之費用支出,啟廉資訊有限公司,53586972,0.00,5600.00,,,,電腦用品,金錢,,,,,,,,,
371,黃紹庭,107年直轄市議員選舉,第二次賸餘,1090818,當選後與其公務有關之費用支出,濱松屋股份有限公司,89388981,0.00,3036.00,,,,餐飲費用,金錢,,,,,,,,,
372,黃紹庭,107年直轄市議員選舉,第二次賸餘,1090820,當選後與其公務有關之費用支出,台灣中油,06957022,0.00,650.00,,,,油費,金錢,,,,,,,,,
373,黃紹庭,107年直轄市議員選舉,第二次賸餘,1090822,當選後與其公務有關之費用支出,鮨福小吃店,25937743,0.00,5654.00,,,,餐飲費用,金錢,,,,,,,,,
374,黃紹庭,107年直轄市議員選舉,第二次賸餘,1090823,當選後與其公務有關之費用支出,中堂燒肉,10255993,0.00,1790.00,,,,餐飲費用,金錢,,,,,,,,,
375,黃紹庭,107年直轄市議員選舉,第二次賸餘,1090824,當選後與其公務有關之費用支出,台灣中油,06892339,0.00,600.00,,,,油費,金錢,,,,,,,,,
376,黃紹庭,107年直轄市議員選舉,第二次賸餘,1090825,當選後與其公務有關之費用支出,郵局-高雄廣澤,,0.00,31.00,,,,郵資,金錢,高雄市前鎮區****,,,,,,,,
377,黃紹庭,107年直轄市議員選舉,第二次賸餘,1090825,當選後與其公務有關之費用支出,寒軒企業股份有限公司,86449648,0.00,13590.00,,,,餐飲費用,金錢,,,,,,,,,
378,黃紹庭,107年直轄市議員選舉,第二次賸餘,1090826,當選後與其公務有關之費用支出,石翠蘭園,57975826,0.00,5000.00,,,,蘭花盆栽,金錢,,,,,,,,,
379,黃紹庭,107年直轄市議員選舉,第二次賸餘,1090827,當選後與其公務有關之費用支出,華泰大飯店企業股份有限公司-南京分公司,29069055,0.00,2621.00,,,,差旅膳宿費用,金錢,,,,,,,,,
380,黃紹庭,107年直轄市議員選舉,第二次賸餘,1090828,當選後與其公務有關之費用支出,大眾加油站,16821094,0.00,566.00,,,,油費,金錢,,,,,,,,,
381,黃紹庭,107年直轄市議員選舉,第二次賸餘,1090828,當選後與其公務有關之費用支出,屏南玖玖百貨行,25953736,0.00,145.00,,,,雜支,金錢,,,,,,,,,
382,黃紹庭,107年直轄市議員選舉,第二次賸餘,1090830,當選後與其公務有關之費用支出,樂樂庵日式小吃店有限公司,53887631,0.00,1848.00,,,,餐飲費用,金錢,,,,,,,,,
383,黃紹庭,107年直轄市議員選舉,第二次賸餘,1090831,當選後與其公務有關之費用支出,緝馬灣小吃,18436809,0.00,19800.00,,,,餐飲費用,金錢,,,,,,,,,
384,黃紹庭,107年直轄市議員選舉,第二次賸餘,1090831,當選後與其公務有關之費用支出,青年書局,75988669,0.00,367.00,,,,文具,金錢,,,,,,,,,
385,黃紹庭,107年直轄市議員選舉,第二次賸餘,1090901,當選後與其公務有關之費用支出,中堂飲食事業有限公司,53571014,0.00,1629.00,,,,餐飲費用,金錢,,,,,,,,,
386,黃紹庭,107年直轄市議員選舉,第二次賸餘,1090901,當選後與其公務有關之費用支出,光南,80595067,0.00,80.00,,,,文具,金錢,,,,,,,,,
387,黃紹庭,107年直轄市議員選舉,第二次賸餘,1090902,當選後與其公務有關之費用支出,台灣中油,06957043,0.00,700.00,,,,油費,金錢,,,,,,,,,
388,黃紹庭,107年直轄市議員選舉,第二次賸餘,1090902,當選後與其公務有關之費用支出,7-ELEVEN,16843647,0.00,195.00,,,,雨衣,金錢,,,,,,,,,
389,黃紹庭,107年直轄市議員選舉,第二次賸餘,1090902,當選後與其公務有關之費用支出,鮨福小吃店,25937743,0.00,2640.00,,,,餐飲費用,金錢,,,,,,,,,
390,黃紹庭,107年直轄市議員選舉,第二次賸餘,1090902,當選後與其公務有關之費用支出,FAMILY MART,53676360,0.00,200.00,,,,列印,金錢,,,,,,,,,
391,黃紹庭,107年直轄市議員選舉,第二次賸餘,1090903,當選後與其公務有關之費用支出,郵局-高雄廣澤,,0.00,31.00,,,,郵資,金錢,高雄市前鎮區****,,,,,,,,
392,黃紹庭,107年直轄市議員選舉,第二次賸餘,1090903,當選後與其公務有關之費用支出,尚美鮮花店,81229357,0.00,3000.00,,,,蘭花,金錢,,,,,,,,,
393,黃紹庭,107年直轄市議員選舉,第二次賸餘,1090904,當選後與其公務有關之費用支出,郵局-新興,,0.00,31.00,,,,郵資,金錢,高雄市新興區****,,,,,,,,
394,黃紹庭,107年直轄市議員選舉,第二次賸餘,1090904,當選後與其公務有關之費用支出,通一菸酒專賣店,10217653,0.00,9886.00,,,,餐飲費用,金錢,,,,,,,,,
395,黃紹庭,107年直轄市議員選舉,第二次賸餘,1090906,當選後與其公務有關之費用支出,台灣高鐵,16446274,0.00,12135.00,,,,搭乘交通工具費用,金錢,,,,,,,,,
396,黃紹庭,107年直轄市議員選舉,第二次賸餘,1090906,當選後與其公務有關之費用支出,大眾加油站,16821094,0.00,550.00,,,,油費,金錢,,,,,,,,,
397,黃紹庭,107年直轄市議員選舉,第二次賸餘,1090906,當選後與其公務有關之費用支出,濱松屋股份有限公司,89388981,0.00,3839.00,,,,餐飲費用,金錢,,,,,,,,,
398,黃紹庭,107年直轄市議員選舉,第二次賸餘,1090907,當選後與其公務有關之費用支出,蔡榮樹,,0.00,2100.00,,,,奠儀,金錢,高雄市三民區****,,,,,,,,
399,黃紹庭,107年直轄市議員選舉,第二次賸餘,1090908,當選後與其公務有關之費用支出,郵局-高雄廣澤,,0.00,36.00,,,,郵資,金錢,高雄市前鎮區****,,,,,,,,
400,黃紹庭,107年直轄市議員選舉,第二次賸餘,1090909,當選後與其公務有關之費用支出,鮨福小吃店,25937743,0.00,4818.00,,,,餐飲費用,金錢,,,,,,,,,
401,黃紹庭,107年直轄市議員選舉,第二次賸餘,1090910,當選後與其公務有關之費用支出,郵局-高雄廣澤,,0.00,80.00,,,,郵資,金錢,高雄市前鎮區****,,,,,,,,
402,黃紹庭,107年直轄市議員選舉,第二次賸餘,1090911,當選後與其公務有關之費用支出,香月有限公司,29021659,0.00,5520.00,,,,餐飲費用,金錢,,,,,,,,,
403,黃紹庭,107年直轄市議員選舉,第二次賸餘,1090911,當選後與其公務有關之費用支出,遠東,96978879,0.00,2980.00,,,,雜支,金錢,,,,,,,,,
404,黃紹庭,107年直轄市議員選舉,第二次賸餘,1090912,當選後與其公務有關之費用支出,樂樂庵日式小吃店有限公司,53887631,0.00,2134.00,,,,餐飲費用,金錢,,,,,,,,,
405,黃紹庭,107年直轄市議員選舉,第二次賸餘,1090913,當選後與其公務有關之費用支出,樂樂庵日式小吃店有限公司,53887631,0.00,1461.00,,,,餐飲費用,金錢,,,,,,,,,
406,黃紹庭,107年直轄市議員選舉,第二次賸餘,1090914,當選後與其公務有關之費用支出,台灣中油,06892324,0.00,500.00,,,,油費,金錢,,,,,,,,,
407,黃紹庭,107年直轄市議員選舉,第二次賸餘,1090914,當選後與其公務有關之費用支出,屏南玖玖百貨行,25953736,0.00,60.00,,,,雜支,金錢,,,,,,,,,
408,黃紹庭,107年直轄市議員選舉,第二次賸餘,1090914,當選後與其公務有關之費用支出,全聯福利中心,27949837,0.00,456.00,,,,清潔用品,金錢,,,,,,,,,
409,黃紹庭,107年直轄市議員選舉,第二次賸餘,1090914,當選後與其公務有關之費用支出,台灣文創發展股份有限公司,28687500,0.00,1837.00,,,,雜支,金錢,,,,,,,,,
410,黃紹庭,107年直轄市議員選舉,第二次賸餘,1090915,當選後與其公務有關之費用支出,高雄市玄光慈善會,,0.00,10000.00,,,,捐贈,金錢,高雄市三民區****,,,,,,,,
411,黃紹庭,107年直轄市議員選舉,第二次賸餘,1090915,當選後與其公務有關之費用支出,郵局-高雄廣澤,,0.00,188.00,,,,郵資,金錢,高雄市前鎮區****,,,,,,,,
412,黃紹庭,107年直轄市議員選舉,第二次賸餘,1090915,當選後與其公務有關之費用支出,FAMILY MART,53676360,0.00,10.00,,,,報紙,金錢,,,,,,,,,
413,黃紹庭,107年直轄市議員選舉,第二次賸餘,1090916,當選後與其公務有關之費用支出,郵局-高雄廣澤,,0.00,52.00,,,,郵資,金錢,高雄市前鎮區****,,,,,,,,
414,黃紹庭,107年直轄市議員選舉,第二次賸餘,1090917,當選後與其公務有關之費用支出,郵局-高雄廣澤,,0.00,36.00,,,,郵資,金錢,高雄市前鎮區****,,,,,,,,
415,黃紹庭,107年直轄市議員選舉,第二次賸餘,1090917,當選後與其公務有關之費用支出,大眾加油站,16821094,0.00,568.00,,,,油費,金錢,,,,,,,,,
416,黃紹庭,107年直轄市議員選舉,第二次賸餘,1090918,當選後與其公務有關之費用支出,郵局-高雄廣澤,,0.00,80.00,,,,郵資,金錢,高雄市前鎮區****,,,,,,,,
417,黃紹庭,107年直轄市議員選舉,第二次賸餘,1090918,當選後與其公務有關之費用支出,屏南玖玖百貨行,25953736,0.00,40.00,,,,雜支,金錢,,,,,,,,,
418,黃紹庭,107年直轄市議員選舉,第二次賸餘,1090918,當選後與其公務有關之費用支出,全聯福利中心,27949837,0.00,1184.00,,,,餐飲費用,金錢,,,,,,,,,
419,黃紹庭,107年直轄市議員選舉,第二次賸餘,1090918,當選後與其公務有關之費用支出,尚美鮮花店,81229357,0.00,2600.00,,,,高架花,金錢,,,,,,,,,
420,黃紹庭,107年直轄市議員選舉,第二次賸餘,1090919,當選後與其公務有關之費用支出,詩雁.原仕,,0.00,2600.00,,,,禮金,金錢,高雄市苓雅區****,,,,,,,,
421,黃紹庭,107年直轄市議員選舉,第二次賸餘,1090919,當選後與其公務有關之費用支出,鮨福小吃店,25937743,0.00,8547.00,,,,餐飲費用,金錢,,,,,,,,,
422,黃紹庭,107年直轄市議員選舉,第二次賸餘,1090919,當選後與其公務有關之費用支出,樂樂庵日式小吃店有限公司,53887631,0.00,2385.00,,,,餐飲費用,金錢,,,,,,,,,
423,黃紹庭,107年直轄市議員選舉,第二次賸餘,1090920,當選後與其公務有關之費用支出,光華加油站,22842688,0.00,555.00,,,,油費,金錢,,,,,,,,,
424,黃紹庭,107年直轄市議員選舉,第二次賸餘,1090922,當選後與其公務有關之費用支出,郵局-高雄廣澤,,0.00,220.00,,,,郵資,金錢,高雄市前鎮區****,,,,,,,,
425,黃紹庭,107年直轄市議員選舉,第二次賸餘,1090922,當選後與其公務有關之費用支出,李金旆,,0.00,3100.00,,,,奠儀,金錢,高雄市鼓山區****,,,,,,,,
426,黃紹庭,107年直轄市議員選舉,第二次賸餘,1090922,當選後與其公務有關之費用支出,家樂福,28434409,0.00,1470.00,,,,雜支,金錢,,,,,,,,,
427,黃紹庭,107年直轄市議員選舉,第二次賸餘,1090922,當選後與其公務有關之費用支出,尖東茶記燒臘,47706014,0.00,700.00,,,,餐飲費用,金錢,,,,,,,,,
428,黃紹庭,107年直轄市議員選舉,第二次賸餘,1090922,當選後與其公務有關之費用支出,盈盛水果行,69853593,0.00,300.00,,,,水果,金錢,,,,,,,,,
429,黃紹庭,107年直轄市議員選舉,第二次賸餘,1090922,當選後與其公務有關之費用支出,尚美鮮花店,81229357,0.00,3000.00,,,,蘭花,金錢,,,,,,,,,
430,黃紹庭,107年直轄市議員選舉,第二次賸餘,1090923,當選後與其公務有關之費用支出,郵局-高雄廣澤,,0.00,230.00,,,,郵資,金錢,高雄市前鎮區****,,,,,,,,
431,黃紹庭,107年直轄市議員選舉,第二次賸餘,1090923,當選後與其公務有關之費用支出,青年書局,75988669,0.00,664.00,,,,文具,金錢,,,,,,,,,
432,黃紹庭,107年直轄市議員選舉,第二次賸餘,1090924,當選後與其公務有關之費用支出,郵局-高雄廣澤,,0.00,52.00,,,,郵資,金錢,高雄市前鎮區****,,,,,,,,
433,黃紹庭,107年直轄市議員選舉,第二次賸餘,1090924,當選後與其公務有關之費用支出,台灣中油,06957043,0.00,580.00,,,,油費,金錢,,,,,,,,,
434,黃紹庭,107年直轄市議員選舉,第二次賸餘,1090924,當選後與其公務有關之費用支出,華泰大飯店企業股份有限公司-南京分公司,29069055,0.00,2947.00,,,,差旅膳宿費用,金錢,,,,,,,,,
435,黃紹庭,107年直轄市議員選舉,第二次賸餘,1090924,當選後與其公務有關之費用支出,益玖美食有限公司,54664905,0.00,1120.00,,,,餐飲費用,金錢,,,,,,,,,
436,黃紹庭,107年直轄市議員選舉,第二次賸餘,1090926,當選後與其公務有關之費用支出,寶翰生活館有限公司,16117842,0.00,25.00,,,,餐飲費用,金錢,,,,,,,,,
437,黃紹庭,107年直轄市議員選舉,第二次賸餘,1090926,當選後與其公務有關之費用支出,百宏中西大藥局,20453281,0.00,30.00,,,,雜支,金錢,,,,,,,,,
438,黃紹庭,107年直轄市議員選舉,第二次賸餘,1090926,當選後與其公務有關之費用支出,全聯福利中心,28991093,0.00,328.00,,,,餐飲費用,金錢,,,,,,,,,
439,黃紹庭,107年直轄市議員選舉,第二次賸餘,1090927,當選後與其公務有關之費用支出,王義雄,,0.00,3100.00,,,,奠儀,金錢,高雄市前鎮區****,,,,,,,,
440,黃紹庭,107年直轄市議員選舉,第二次賸餘,1090927,當選後與其公務有關之費用支出,李懿.黃湘允,,0.00,2600.00,,,,禮金,金錢,高雄市左營區****,,,,,,,,
441,黃紹庭,107年直轄市議員選舉,第二次賸餘,1090927,當選後與其公務有關之費用支出,台灣中油,06957043,0.00,480.00,,,,油費,金錢,,,,,,,,,
442,黃紹庭,107年直轄市議員選舉,第二次賸餘,1090927,當選後與其公務有關之費用支出,尖東茶記燒臘,47706014,0.00,700.00,,,,餐飲費用,金錢,,,,,,,,,
443,黃紹庭,107年直轄市議員選舉,第二次賸餘,1090927,當選後與其公務有關之費用支出,樂樂庵日式小吃店有限公司,53887631,0.00,2473.00,,,,餐飲費用,金錢,,,,,,,,,
444,黃紹庭,107年直轄市議員選舉,第二次賸餘,1090929,當選後與其公務有關之費用支出,郵局-新興,,0.00,140.00,,,,郵資,金錢,高雄市新興區****,,,,,,,,
445,黃紹庭,107年直轄市議員選舉,第二次賸餘,1090929,當選後與其公務有關之費用支出,台灣高鐵,16446274,0.00,12135.00,,,,搭乘交通工具費用,金錢,,,,,,,,,
446,黃紹庭,107年直轄市議員選舉,第二次賸餘,1090930,當選後與其公務有關之費用支出,台灣中油,06957043,0.00,530.00,,,,油費,金錢,,,,,,,,,
447,黃紹庭,107年直轄市議員選舉,第二次賸餘,1091001,當選後與其公務有關之費用支出,遠東百貨,70816203,0.00,500.00,,,,餐飲費用,金錢,,,,,,,,,
448,黃紹庭,107年直轄市議員選舉,第二次賸餘,1091003,當選後與其公務有關之費用支出,台灣鐵路局,,0.00,188.00,,,,搭乘交通工具費用,金錢,,(02)*****,,,,,,,
449,黃紹庭,107年直轄市議員選舉,第二次賸餘,1091003,當選後與其公務有關之費用支出,樂樂庵日式小吃店有限公司,53887631,0.00,2464.00,,,,餐飲費用,金錢,,,,,,,,,
450,黃紹庭,107年直轄市議員選舉,第二次賸餘,1091003,當選後與其公務有關之費用支出,蘇格蕾有限公司,54573948,0.00,480.00,,,,禮盒,金錢,,,,,,,,,
451,黃紹庭,107年直轄市議員選舉,第二次賸餘,1091005,當選後與其公務有關之費用支出,郵局-高雄廣澤,,0.00,31.00,,,,郵資,金錢,高雄市前鎮區****,,,,,,,,
452,黃紹庭,107年直轄市議員選舉,第二次賸餘,1091005,當選後與其公務有關之費用支出,台灣中油,06957043,0.00,710.00,,,,油費,金錢,,,,,,,,,
453,黃紹庭,107年直轄市議員選舉,第二次賸餘,1091006,當選後與其公務有關之費用支出,嘟嘟房,72127344,0.00,180.00,,,,停車費,金錢,,,,,,,,,
454,黃紹庭,107年直轄市議員選舉,第二次賸餘,1091007,當選後與其公務有關之費用支出,育鑫食堂,87597174,0.00,3663.00,,,,餐飲費用,金錢,,,,,,,,,
455,黃紹庭,107年直轄市議員選舉,第二次賸餘,1091009,當選後與其公務有關之費用支出,夢時代,96978370,0.00,1494.00,,,,衣服,金錢,,,,,,,,,
456,黃紹庭,107年直轄市議員選舉,第二次賸餘,1091009,當選後與其公務有關之費用支出,統一時代百貨,96978370,0.00,1914.00,,,,餐飲費用,金錢,,,,,,,,,
457,黃紹庭,107年直轄市議員選舉,第二次賸餘,1091010,當選後與其公務有關之費用支出,NPC全國加油站,14248279,0.00,710.00,,,,油費,金錢,,,,,,,,,
458,黃紹庭,107年直轄市議員選舉,第二次賸餘,1091012,當選後與其公務有關之費用支出,樂樂庵日式小吃店有限公司,53887631,0.00,1771.00,,,,餐飲費用,金錢,,,,,,,,,
459,黃紹庭,107年直轄市議員選舉,第二次賸餘,1091014,當選後與其公務有關之費用支出,郵局-高雄廣澤,,0.00,36.00,,,,郵資,金錢,高雄市前鎮區****,,,,,,,,
460,黃紹庭,107年直轄市議員選舉,第二次賸餘,1091014,當選後與其公務有關之費用支出,辰吉商行,82757003,0.00,350.00,,,,餐飲費用,金錢,,,,,,,,,
461,黃紹庭,107年直轄市議員選舉,第二次賸餘,1091014,當選後與其公務有關之費用支出,左新加油站,86051436,0.00,690.00,,,,油費,金錢,,,,,,,,,
462,黃紹庭,107年直轄市議員選舉,第二次賸餘,1091014,當選後與其公務有關之費用支出,育鑫食堂,87597174,0.00,3102.00,,,,餐飲費用,金錢,,,,,,,,,
463,黃紹庭,107年直轄市議員選舉,第二次賸餘,1091016,當選後與其公務有關之費用支出,萬國精品企業有限公司,27297217,0.00,7750.00,,,,禮品-鍋子,金錢,,,,,,,,,
464,黃紹庭,107年直轄市議員選舉,第二次賸餘,1091017,當選後與其公務有關之費用支出,JASONS,51704066,0.00,495.00,,,,餐飲費用,金錢,,,,,,,,,
465,黃紹庭,107年直轄市議員選舉,第二次賸餘,1091017,當選後與其公務有關之費用支出,樂樂庵日式小吃店有限公司,53887631,0.00,3133.00,,,,餐飲費用,金錢,,,,,,,,,
466,黃紹庭,107年直轄市議員選舉,第二次賸餘,1091018,當選後與其公務有關之費用支出,莉琳.欽澤,,0.00,2600.00,,,,禮金,金錢,高雄市左營區****,,,,,,,,
467,黃紹庭,107年直轄市議員選舉,第二次賸餘,1091018,當選後與其公務有關之費用支出,大眾加油站,16821094,0.00,600.00,,,,油費,金錢,,,,,,,,,
468,黃紹庭,107年直轄市議員選舉,第二次賸餘,1091019,當選後與其公務有關之費用支出,郵局-新興,,0.00,67.00,,,,郵資,金錢,高雄市新興區****,,,,,,,,
469,黃紹庭,107年直轄市議員選舉,第二次賸餘,1091020,當選後與其公務有關之費用支出,郵局-新興,,0.00,31.00,,,,郵資,金錢,高雄市新興區****,,,,,,,,
470,黃紹庭,107年直轄市議員選舉,第二次賸餘,1091020,當選後與其公務有關之費用支出,李懷龍,,0.00,2100.00,,,,奠儀,金錢,高雄市三民區****,,,,,,,,
471,黃紹庭,107年直轄市議員選舉,第二次賸餘,1091020,當選後與其公務有關之費用支出,北基國際,47716982,0.00,525.00,,,,油費,金錢,,,,,,,,,
472,黃紹庭,107年直轄市議員選舉,第二次賸餘,1091020,當選後與其公務有關之費用支出,光南,80595067,0.00,408.00,,,,文具,金錢,,,,,,,,,
473,黃紹庭,107年直轄市議員選舉,第二次賸餘,1091020,當選後與其公務有關之費用支出,育鑫食堂,87597174,0.00,2189.00,,,,餐飲費用,金錢,,,,,,,,,
474,黃紹庭,107年直轄市議員選舉,第二次賸餘,1091021,當選後與其公務有關之費用支出,樂樂庵日式小吃店有限公司,53887631,0.00,1452.00,,,,餐飲費用,金錢,,,,,,,,,
475,黃紹庭,107年直轄市議員選舉,第二次賸餘,1091024,當選後與其公務有關之費用支出,朱秀蘭,,0.00,2100.00,,,,奠儀,金錢,高雄市鼓山區****,,,,,,,,
476,黃紹庭,107年直轄市議員選舉,第二次賸餘,1091024,當選後與其公務有關之費用支出,青年書局,75988669,0.00,1019.00,,,,文具,金錢,,,,,,,,,
477,黃紹庭,107年直轄市議員選舉,第二次賸餘,1091024,當選後與其公務有關之費用支出,育鑫食堂,87597174,0.00,2981.00,,,,餐飲費用,金錢,,,,,,,,,
478,黃紹庭,107年直轄市議員選舉,第二次賸餘,1091024,當選後與其公務有關之費用支出,厚得福湯包麵食專賣店,99400324,0.00,375.00,,,,餐飲費用,金錢,,,,,,,,,
479,黃紹庭,107年直轄市議員選舉,第二次賸餘,1091025,當選後與其公務有關之費用支出,屏南玖玖百貨行,25953736,0.00,330.00,,,,雜支,金錢,,,,,,,,,
480,黃紹庭,107年直轄市議員選舉,第二次賸餘,1091025,當選後與其公務有關之費用支出,家樂福,28434409,0.00,502.00,,,,雜支,金錢,,,,,,,,,
481,黃紹庭,107年直轄市議員選舉,第二次賸餘,1091025,當選後與其公務有關之費用支出,御恩企業社,82674003,0.00,1700.00,,,,罐頭塔,金錢,,,,,,,,,
482,黃紹庭,107年直轄市議員選舉,第二次賸餘,1091026,當選後與其公務有關之費用支出,郵局-高雄廣澤,,0.00,80.00,,,,郵資,金錢,高雄市前鎮區****,,,,,,,,
483,黃紹庭,107年直轄市議員選舉,第二次賸餘,1091026,當選後與其公務有關之費用支出,光華加油站,22842688,0.00,660.00,,,,油費,金錢,,,,,,,,,
484,黃紹庭,107年直轄市議員選舉,第二次賸餘,1091026,當選後與其公務有關之費用支出,南門書局有限公司,43907243,0.00,3990.00,,,,圖書,金錢,,,,,,,,,
485,黃紹庭,107年直轄市議員選舉,第二次賸餘,1091027,當選後與其公務有關之費用支出,紅毛港海產有限公司,22842385,0.00,14981.00,,,,餐飲費用,金錢,,,,,,,,,
486,黃紹庭,107年直轄市議員選舉,第二次賸餘,1091027,當選後與其公務有關之費用支出,尚美鮮花店,81229357,0.00,3000.00,,,,蘭花,金錢,,,,,,,,,
487,黃紹庭,107年直轄市議員選舉,第二次賸餘,1091028,當選後與其公務有關之費用支出,育鑫食堂,87597174,0.00,2574.00,,,,餐飲費用,金錢,,,,,,,,,
488,黃紹庭,107年直轄市議員選舉,第二次賸餘,1091029,當選後與其公務有關之費用支出,祥鈺樓餐廳,85512241,0.00,30970.00,,,,餐飲費用,金錢,高雄市苓雅區****,,,,,,,,
489,黃紹庭,107年直轄市議員選舉,第二次賸餘,1091030,當選後與其公務有關之費用支出,尚美鮮花店,81229357,0.00,3000.00,,,,蘭花,金錢,,,,,,,,,
490,黃紹庭,107年直轄市議員選舉,第二次賸餘,1091031,當選後與其公務有關之費用支出,台灣中油,06957043,0.00,645.00,,,,油費,金錢,,,,,,,,,
491,黃紹庭,107年直轄市議員選舉,第二次賸餘,1091031,當選後與其公務有關之費用支出,樂樂庵日式小吃店有限公司,53887631,0.00,1975.00,,,,餐飲費用,金錢,,,,,,,,,
492,黃紹庭,107年直轄市議員選舉,第二次賸餘,1091031,當選後與其公務有關之費用支出,阿拉丁神燈咖啡館,72078630,0.00,1469.00,,,,餐飲費用,金錢,,,,,,,,,
493,黃紹庭,107年直轄市議員選舉,第二次賸餘,1091102,當選後與其公務有關之費用支出,全聯福利中心,27949837,0.00,556.00,,,,雜支,金錢,,,,,,,,,
494,黃紹庭,107年直轄市議員選舉,第二次賸餘,1091102,當選後與其公務有關之費用支出,天新藥局,76695183,0.00,120.00,,,,酒精,金錢,,,,,,,,,
495,黃紹庭,107年直轄市議員選舉,第二次賸餘,1091103,當選後與其公務有關之費用支出,世全興業行,06867514,0.00,820.00,,,,背心前綉後印,金錢,,,,,,,,,
496,黃紹庭,107年直轄市議員選舉,第二次賸餘,1091104,當選後與其公務有關之費用支出,郵局-高雄廣澤,,0.00,59.00,,,,郵資,金錢,高雄市前鎮區****,,,,,,,,
497,黃紹庭,107年直轄市議員選舉,第二次賸餘,1091104,當選後與其公務有關之費用支出,全聯福利中心,27949837,0.00,130.00,,,,垃圾袋,金錢,,,,,,,,,
498,黃紹庭,107年直轄市議員選舉,第二次賸餘,1091104,當選後與其公務有關之費用支出,正爵企業有限公司,81198214,0.00,4000.00,,,,自行車,金錢,,,,,,,,,
499,黃紹庭,107年直轄市議員選舉,第二次賸餘,1091105,當選後與其公務有關之費用支出,台灣中油,06957043,0.00,540.00,,,,油費,金錢,,,,,,,,,
500,黃紹庭,107年直轄市議員選舉,第二次賸餘,1091105,當選後與其公務有關之費用支出,大安社,25949868,0.00,3000.00,,,,蘭花,金錢,,,,,,,,,
501,黃紹庭,107年直轄市議員選舉,第二次賸餘,1091107,當選後與其公務有關之費用支出,俐婷.宗潁,,0.00,2600.00,,,,禮金,金錢,高雄市前金區****,,,,,,,,
502,黃紹庭,107年直轄市議員選舉,第二次賸餘,1091107,當選後與其公務有關之費用支出,尚美鮮花店,81229357,0.00,3000.00,,,,蘭花,金錢,,,,,,,,,
503,黃紹庭,107年直轄市議員選舉,第二次賸餘,1091109,當選後與其公務有關之費用支出,良心塑膠行,06846363,0.00,120.00,,,,PE膜,金錢,,,,,,,,,
504,黃紹庭,107年直轄市議員選舉,第二次賸餘,1091109,當選後與其公務有關之費用支出,大眾加油站,16821094,0.00,490.00,,,,油費,金錢,,,,,,,,,
505,黃紹庭,107年直轄市議員選舉,第二次賸餘,1091109,當選後與其公務有關之費用支出,全聯福利中心,27949837,0.00,39.00,,,,清潔用品,金錢,,,,,,,,,
506,黃紹庭,107年直轄市議員選舉,第二次賸餘,1091113,當選後與其公務有關之費用支出,台灣中油,06957037,0.00,500.00,,,,油費,金錢,,,,,,,,,
507,黃紹庭,107年直轄市議員選舉,第二次賸餘,1091113,當選後與其公務有關之費用支出,FAMILY MART,53676360,0.00,40.00,,,,影印,金錢,,,,,,,,,
508,黃紹庭,107年直轄市議員選舉,第二次賸餘,1091116,當選後與其公務有關之費用支出,家樂福,28434409,0.00,69.00,,,,插頭,金錢,,,,,,,,,
509,黃紹庭,107年直轄市議員選舉,第二次賸餘,1091118,當選後與其公務有關之費用支出,郵局-高雄廣澤,,0.00,4860.00,,,,郵資,金錢,高雄市前鎮區****,,,,,,,,
510,黃紹庭,107年直轄市議員選舉,第二次賸餘,1091118,當選後與其公務有關之費用支出,新彩影像資訊有限公司,29007994,0.00,4040.00,,,,電腦輸出,金錢,,,,,,,,,
511,黃紹庭,107年直轄市議員選舉,第二次賸餘,1091118,當選後與其公務有關之費用支出,FAMILY MART,53676360,0.00,65.00,,,,生理食鹽水,金錢,,,,,,,,,
512,黃紹庭,107年直轄市議員選舉,第二次賸餘,1091119,當選後與其公務有關之費用支出,郵局-高雄廣澤,,0.00,70.00,,,,郵資,金錢,高雄市前鎮區****,,,,,,,,
513,黃紹庭,107年直轄市議員選舉,第二次賸餘,1091120,當選後與其公務有關之費用支出,郵局-高雄廣澤,,0.00,43.00,,,,郵資,金錢,高雄市前鎮區****,,,,,,,,
514,黃紹庭,107年直轄市議員選舉,第二次賸餘,1091120,當選後與其公務有關之費用支出,尚美鮮花店,81229357,0.00,3000.00,,,,蘭花,金錢,,,,,,,,,
515,黃紹庭,107年直轄市議員選舉,第二次賸餘,1091121,當選後與其公務有關之費用支出,尚美鮮花店,81229357,0.00,3000.00,,,,蘭花,金錢,,,,,,,,,
516,黃紹庭,107年直轄市議員選舉,第二次賸餘,1091122,當選後與其公務有關之費用支出,台灣高鐵,16446274,0.00,1490.00,,,,搭乘交通工具費用,金錢,,,,,,,,,
517,黃紹庭,107年直轄市議員選舉,第二次賸餘,1091122,當選後與其公務有關之費用支出,KFC,27725610,0.00,145.00,,,,餐飲費用,金錢,,,,,,,,,
518,黃紹庭,107年直轄市議員選舉,第二次賸餘,1091123,當選後與其公務有關之費用支出,青年書局,75988669,0.00,192.00,,,,文具,金錢,,,,,,,,,
519,黃紹庭,107年直轄市議員選舉,第二次賸餘,1091125,當選後與其公務有關之費用支出,屏南玖玖百貨行,25953736,0.00,45.00,,,,雜支,金錢,,,,,,,,,
520,黃紹庭,107年直轄市議員選舉,第二次賸餘,1091126,當選後與其公務有關之費用支出,郵局-高雄廣澤,,0.00,38.00,,,,郵資,金錢,高雄市前鎮區****,,,,,,,,
521,黃紹庭,107年直轄市議員選舉,第二次賸餘,1091127,當選後與其公務有關之費用支出,郵局-高雄廣澤,,0.00,140.00,,,,郵資,金錢,高雄市前鎮區****,,,,,,,,
522,黃紹庭,107年直轄市議員選舉,第二次賸餘,1091128,當選後與其公務有關之費用支出,佳芳花苑,17830711,0.00,3000.00,,,,花,金錢,,,,,,,,,
523,黃紹庭,107年直轄市議員選舉,第二次賸餘,1091128,當選後與其公務有關之費用支出,寶展生活館有限公司,59274700,0.00,125.00,,,,餐飲費用,金錢,,,,,,,,,
524,黃紹庭,107年直轄市議員選舉,第二次賸餘,1091129,當選後與其公務有關之費用支出,俞君.禾叡,,0.00,2600.00,,,,禮金,金錢,高雄市前鎮區****,,,,,,,,
525,黃紹庭,107年直轄市議員選舉,第二次賸餘,1091202,當選後與其公務有關之費用支出,尚美鮮花店,81229357,0.00,3000.00,,,,蘭花,金錢,,,,,,,,,
526,黃紹庭,107年直轄市議員選舉,第二次賸餘,1091206,當選後與其公務有關之費用支出,張樹義,,0.00,2100.00,,,,奠儀,金錢,高雄市三民區****,,,,,,,,
527,黃紹庭,107年直轄市議員選舉,第二次賸餘,1091214,當選後與其公務有關之費用支出,尚美鮮花店,81229357,0.00,2600.00,,,,高架花,金錢,,,,,,,,,
528,黃紹庭,107年直轄市議員選舉,第二次賸餘,1091215,當選後與其公務有關之費用支出,郵局-高雄廣澤,,0.00,1071.00,,,,郵資,金錢,高雄市前鎮區****,,,,,,,,
529,黃紹庭,107年直轄市議員選舉,第二次賸餘,1091216,當選後與其公務有關之費用支出,御恩企業社,82674003,0.00,850.00,,,,罐頭塔,金錢,,,,,,,,,
530,黃紹庭,107年直轄市議員選舉,第二次賸餘,1091217,當選後與其公務有關之費用支出,郵局-高雄廣澤,,0.00,80.00,,,,郵資,金錢,高雄市前鎮區****,,,,,,,,
531,黃紹庭,107年直轄市議員選舉,第二次賸餘,1091222,當選後與其公務有關之費用支出,FAMILY MART,53676360,0.00,85.00,,,,郵資,金錢,,,,,,,,,
532,黃紹庭,107年直轄市議員選舉,第二次賸餘,1091223,當選後與其公務有關之費用支出,FAMILY MART,53676360,0.00,130.00,,,,餐飲費用,金錢,,,,,,,,,
533,黃紹庭,107年直轄市議員選舉,第二次賸餘,1091223,當選後與其公務有關之費用支出,FAMILY MART,53676360,0.00,85.00,,,,郵資,金錢,,,,,,,,,
534,黃紹庭,107年直轄市議員選舉,第二次賸餘,1091225,當選後與其公務有關之費用支出,青年書局,75988669,0.00,820.00,,,,文具,金錢,,,,,,,,,
535,黃紹庭,107年直轄市議員選舉,第二次賸餘,1091231,當選後與其公務有關之費用支出,高雄市後備憲兵苓雅區聯絡中心,18426984,0.00,10000.00,,,,捐贈,金錢,,,,,,,,,
536,黃紹庭,107年直轄市議員選舉,第二次賸餘,1091231,當選後與其公務有關之費用支出,祥統企業行,41303324,0.00,10000.00,,,,導航,金錢,,,,,,,,,
