﻿序號,擬參選人／政黨,選舉名稱,申報序號／年度,交易日期,收支科目,捐贈者／支出對象,身分證／統一編號,收入金額,支出金額,支出用途,金錢類,地址,聯絡電話,資料更正日期
1,楊偉浚,107年直轄市議員選舉,首次申報,1070917,個人捐贈收入,林志宏,L12*******,100000.00,0.00,,金錢,臺中市霧峰區****,,
2,楊偉浚,107年直轄市議員選舉,首次申報,1070918,匿名捐贈,匿名,,147.00,0.00,,金錢,,,
3,楊偉浚,107年直轄市議員選舉,首次申報,1070918,匿名捐贈,匿名1,,3600.00,0.00,,金錢,,,
4,楊偉浚,107年直轄市議員選舉,首次申報,1070925,營利事業捐贈收入,歐米勒國際商行,45405913,10000.00,0.00,,金錢,臺中市大里區****,,
5,楊偉浚,107年直轄市議員選舉,首次申報,1071221,其他收入,利息收入,,5.00,0.00,,金錢,,,
