﻿序號,擬參選人／政黨,選舉名稱,申報序號／年度,交易日期,收支科目,捐贈者／支出對象,身分證／統一編號,收入金額,支出金額,捐贈方式,存入專戶日期,返還/繳庫,支出用途,金錢類,地址,聯絡電話,應揭露之支出對象,支出對象之內部人員姓名,支出對象之內部人員職稱,政黨之內部人員姓名,政黨之內部人員職稱,關係,更正註記,資料更正日期
1,何子凡,111年嘉義縣議員選舉,首次申報,1111007,營利事業捐贈收入,駐竹咖啡,40918273,50000.00,0.00,現金,1111007,,,金錢,嘉義縣竹崎鄉****,0933*****,,,,,,,,
2,何子凡,111年嘉義縣議員選舉,首次申報,1111019,個人捐贈收入,林崑鴻,,10000.00,0.00,現金,1111019,,,金錢,嘉義縣竹崎鄉****,05-2*****,,,,,,,,
3,何子凡,111年嘉義縣議員選舉,首次申報,1111027,個人捐贈收入,趙宇新,,3000.00,0.00,現金,1111027,,,金錢,臺北市大安區****,0918*****,,,,,,,,
4,何子凡,111年嘉義縣議員選舉,首次申報,1111101,個人捐贈收入,盧建勳,,3000.00,0.00,現金,1111101,,,金錢,嘉義市東區林****,0921*****,,,,,,,,
5,何子凡,111年嘉義縣議員選舉,首次申報,1111110,個人捐贈收入,蔡坤憲,,3600.00,0.00,現金,1111110,,,金錢,嘉義市東區五****,0985*****,,,,,,,,
6,何子凡,111年嘉義縣議員選舉,首次申報,1111111,個人捐贈收入,謝正裕,,8000.00,0.00,現金,1111111,,,金錢,嘉義市東區博****,0928*****,,,,,,,,
7,何子凡,111年嘉義縣議員選舉,首次申報,1111117,個人捐贈收入,陳俊諺,,20000.00,0.00,現金,1111117,,,金錢,嘉義縣民雄鄉****,0933*****,,,,,,,,
8,何子凡,111年嘉義縣議員選舉,首次申報,1111118,個人捐贈收入,李明璜,,20000.00,0.00,現金,1111118,,,金錢,新北市泰山區****,02-2*****,,,,,,,,
9,何子凡,111年嘉義縣議員選舉,首次申報,1111121,個人捐贈收入,石清楨,,6000.00,0.00,現金,1111121,,,金錢,嘉義市東區吳****,05-2*****,,,,,,,,
10,何子凡,111年嘉義縣議員選舉,首次申報,1111124,個人捐贈收入,賴文協,Q10*******,20000.00,0.00,現金,1111124,,,金錢,臺北市大安區****,05-2*****,,,,,,,,
11,何子凡,111年嘉義縣議員選舉,首次申報,1111221,其他收入,利息收入,,65.00,0.00,匯款,1111221,,,金錢,,,,,,,,,,
