﻿序號,擬參選人／政黨,選舉名稱,申報序號／年度,交易日期,收支科目,捐贈者／支出對象,身分證／統一編號,收入金額,支出金額,支出用途,金錢類,地址,聯絡電話,資料更正日期
1,郭彩寶,107年鄉(鎮、市)長選舉,首次申報,1071019,個人捐贈收入,吳奉謙,K22*******,16888.00,0.00,,金錢,花蓮縣新城鄉****,,
2,郭彩寶,107年鄉(鎮、市)長選舉,首次申報,1071026,匿名捐贈,莊家瑄,,888.00,0.00,,金錢,,,
3,郭彩寶,107年鄉(鎮、市)長選舉,首次申報,1071112,個人捐贈收入,陳寶宏,J12*******,5000.00,0.00,,金錢,花蓮縣花蓮市****,0921*****,
4,郭彩寶,107年鄉(鎮、市)長選舉,首次申報,1071112,個人捐贈收入,王廷棟,P10*******,20000.00,0.00,,金錢,花蓮縣花蓮市****,03-8*****,
5,郭彩寶,107年鄉(鎮、市)長選舉,首次申報,1071113,營利事業捐贈收入,祥泰石藝有限公司,23411624,10000.00,0.00,,金錢,花蓮縣花蓮市****,0933*****,
6,郭彩寶,107年鄉(鎮、市)長選舉,首次申報,1071116,營利事業捐贈收入,亞洲工程企業有限公司,05119864,200000.00,0.00,,金錢,花蓮縣新城鄉****,,
7,郭彩寶,107年鄉(鎮、市)長選舉,首次申報,1071221,其他收入,利息收入,,3.00,0.00,,金錢,,,
