﻿序號,擬參選人／政黨,選舉名稱,申報序號／年度,交易日期,收支科目,捐贈者／支出對象,身分證／統一編號,收入金額,支出金額,捐贈方式,存入專戶日期,返還/繳庫,支出用途,金錢類,地址,聯絡電話,應揭露之支出對象,支出對象之內部人員姓名,支出對象之內部人員職稱,政黨之內部人員姓名,政黨之內部人員職稱,關係,更正註記,資料更正日期
1,陳允萍,111年臺東縣議員選舉,首次申報,1110517,個人捐贈收入,涂李秀錦,U20*******,50000.00,0.00,現金,1110517,,,金錢,花蓮縣富里鄉****,0972*****,,,,,,,,
2,陳允萍,111年臺東縣議員選舉,首次申報,1110517,個人捐贈收入,曾維德,V12*******,10000.00,0.00,現金,1110517,,,金錢,臺東縣臺東市****,0987*****,,,,,,,,
3,陳允萍,111年臺東縣議員選舉,首次申報,1110611,匿名捐贈,匿名,,2680.00,0.00,現金,1110613,,,金錢,,,,,,,,,,
4,陳允萍,111年臺東縣議員選舉,首次申報,1110611,個人捐贈收入,黃韋瑜,K22*******,1000.00,0.00,現金,1110611,,,金錢,,,,,,,,,,
5,陳允萍,111年臺東縣議員選舉,首次申報,1110611,個人捐贈收入,林惠君,N22*******,500.00,0.00,現金,1110613,,,金錢,臺北市信義區****,0952*****,,,,,,,,
6,陳允萍,111年臺東縣議員選舉,首次申報,1110620,個人捐贈收入,余一村,V12*******,10000.00,0.00,現金,1110620,,,金錢,臺東縣臺東市****,0932*****,,,,,,,,
7,陳允萍,111年臺東縣議員選舉,首次申報,1110621,其他收入,利息收入,,4.00,0.00,匯款,1110621,,,金錢,,,,,,,,,,
8,陳允萍,111年臺東縣議員選舉,首次申報,1110624,個人捐贈收入,趙梨韶,N22*******,80000.00,0.00,現金,1110630,,,金錢,新北市中和區****,0932*****,,,,,,,,
9,陳允萍,111年臺東縣議員選舉,首次申報,1110625,個人捐贈收入,丁賢龍,F12*******,1200.00,0.00,現金,1110701,,,金錢,新北市板橋區****,0918*****,,,,,,,,
10,陳允萍,111年臺東縣議員選舉,首次申報,1110707,個人捐贈收入,魏民福,L12*******,2000.00,0.00,現金,1110713,,,金錢,臺北市中山區****,0911*****,,,,,,,,
11,陳允萍,111年臺東縣議員選舉,首次申報,1110910,個人捐贈收入,陳鏡皓,J12*******,50000.00,0.00,現金,1110916,,,金錢,新竹縣新豐鄉****,0929*****,,,,,,,,
12,陳允萍,111年臺東縣議員選舉,首次申報,1111024,個人捐贈收入,江賢二,A10*******,60000.00,0.00,現金,1111024,,,金錢,臺東縣東河鄉****,0932*****,,,,,,,,
13,陳允萍,111年臺東縣議員選舉,首次申報,1111026,個人捐贈收入,吳峻元,,5000.00,0.00,現金,1111102,,,金錢,臺南市西港區****,0972*****,,,,,,,,
14,陳允萍,111年臺東縣議員選舉,首次申報,1111104,個人捐贈收入,林日春,N12*******,5000.00,0.00,現金,1111110,,,金錢,新北市板橋區****,0908*****,,,,,,,,
15,陳允萍,111年臺東縣議員選舉,首次申報,1111114,個人捐贈收入,張紅棗,B20*******,3000.00,0.00,現金,1111114,,,金錢,臺東縣臺東市****,0912*****,,,,,,,,
16,陳允萍,111年臺東縣議員選舉,首次申報,1111118,個人捐贈收入,王杰,V29*******,5000.00,0.00,現金,1111118,,,金錢,臺東縣卑南鄉****,0928*****,,,,,,,,
17,陳允萍,111年臺東縣議員選舉,首次申報,1111122,匿名捐贈,彭淑蔆,,2000.00,0.00,現金,1111122,,,金錢,,,,,,,,,,
