﻿序號,擬參選人／政黨,選舉名稱,申報序號／年度,交易日期,收支科目,捐贈者／支出對象,身分證／統一編號,收入金額,支出金額,捐贈方式,存入專戶日期,返還/繳庫,支出用途,金錢類,地址,聯絡電話,應揭露之支出對象,支出對象之內部人員姓名,支出對象之內部人員職稱,政黨之內部人員姓名,政黨之內部人員職稱,關係,更正註記,資料更正日期
1,王新堯,111年雲林縣議員選舉,首次申報,1110927,個人捐贈收入,蔡宗原,,3000.00,0.00,匯款,1110927,,,金錢,,0905*****,,,,,,,,
2,王新堯,111年雲林縣議員選舉,首次申報,1111004,個人捐贈收入,林建一,,10000.00,0.00,匯款,1111004,,,金錢,,0918*****,,,,,,,,
3,王新堯,111年雲林縣議員選舉,首次申報,1111024,個人捐贈收入,林育慶,,30000.00,0.00,匯款,1111024,,,金錢,雲林縣口湖鄉****,0910*****,,,,,,,,
4,王新堯,111年雲林縣議員選舉,首次申報,1111031,個人捐贈收入,羅登顯,,3000.00,0.00,匯款,1111031,,,金錢,雲林縣虎尾鎮****,0933*****,,,,,,,,
5,王新堯,111年雲林縣議員選舉,首次申報,1111104,匿名捐贈,匿名,,8000.00,0.00,匯款,1111104,,,金錢,,,,,,,,,,
6,王新堯,111年雲林縣議員選舉,首次申報,1111116,個人捐贈收入,高春滿,,12000.00,0.00,匯款,1111116,,,金錢,嘉義市博愛路****,0965*****,,,,,,,,
