﻿序號,擬參選人／政黨,選舉名稱,申報序號／年度,交易日期,收支科目,捐贈者／支出對象,身分證／統一編號,收入金額,支出金額,捐贈方式,存入專戶日期,返還/繳庫,支出用途,金錢類,地址,聯絡電話,應揭露之支出對象,支出對象之內部人員姓名,支出對象之內部人員職稱,政黨之內部人員姓名,政黨之內部人員職稱,關係,更正註記,資料更正日期
1,康裕成,111年高雄市議員選舉,第2次賸餘,1130101,支付當選後與其公務有關之費用,台灣連線股份有限公司,24556886,0.00,1260.00,,,,播放、傳送或刊登宣傳廣告費用,金錢,臺北市內湖區****,,否,,,,,,,
2,康裕成,111年高雄市議員選舉,第2次賸餘,1130102,支付當選後與其公務有關之費用,中華郵政股份有限公司,03741302,0.00,88.00,,,,郵寄競選物品或宣傳廣告費用,金錢,臺北市大安區****,,否,,,,,,,
3,康裕成,111年高雄市議員選舉,第2次賸餘,1130102,支付當選後與其公務有關之費用,中華電信股份有限公司台灣南區電信分公司高雄營運處,19762247,0.00,247.00,,,,電信費用,金錢,高雄市左營區****,,否,,,,,,,
4,康裕成,111年高雄市議員選舉,第2次賸餘,1130102,支付當選後與其公務有關之費用,Google Asia Pacific Pte Ltd,42523557,0.00,330.00,,,,雜項購置或修繕費用,金錢,臺北市信義區****,,否,,,,,,,
5,康裕成,111年高雄市議員選舉,第2次賸餘,1130102,支付當選後與其公務有關之費用,正發鎖印行,99704847,0.00,100.00,,,,雜項購置或修繕費用,金錢,高雄市三民區****,,否,,,,,,,
6,康裕成,111年高雄市議員選舉,第2次賸餘,1130103,支付當選後與其公務有關之費用,振生玻璃行,06729626,0.00,630.00,,,,雜項購置或修繕費用,金錢,高雄市三民區****,,否,,,,,,,
7,康裕成,111年高雄市議員選舉,第2次賸餘,1130103,支付當選後與其公務有關之費用,鑫晉暘數位事務有限公司,28611571,0.00,2625.00,,,,雜項購置或修繕費用,金錢,高雄市三民區****,,否,,,,,,,
8,康裕成,111年高雄市議員選舉,第2次賸餘,1130103,支付當選後與其公務有關之費用,正發鎖印行,99704847,0.00,80.00,,,,雜項購置或修繕費用,金錢,高雄市三民區****,,否,,,,,,,
9,康裕成,111年高雄市議員選舉,第2次賸餘,1130104,支付當選後與其公務有關之費用,寶旻生活館有限公司,24989672,0.00,1598.00,,,,雜項購置或修繕費用,金錢,高雄市三民區****,,否,,,,,,,
10,康裕成,111年高雄市議員選舉,第2次賸餘,1130104,支付當選後與其公務有關之費用,志心商行,93304838,0.00,560.00,,,,餐飲費用,金錢,高雄市三民區****,,否,,,,,,,
11,康裕成,111年高雄市議員選舉,第2次賸餘,1130105,支付當選後與其公務有關之費用,中華郵政股份有限公司,03741302,0.00,158.00,,,,郵寄競選物品或宣傳廣告費用,金錢,臺北市大安區****,,否,,,,,,,
12,康裕成,111年高雄市議員選舉,第2次賸餘,1130105,支付當選後與其公務有關之費用,寶賀生活館有限公司,24519671,0.00,540.00,,,,雜項購置或修繕費用,金錢,高雄市三民區****,,否,,,,,,,
13,康裕成,111年高雄市議員選舉,第2次賸餘,1130105,支付當選後與其公務有關之費用,帝王天下大廈管理委員會,70995297,0.00,1000.00,,,,租用廣告看板或車體廣告費用,金錢,高雄市三民區****,,否,,,,,,,
14,康裕成,111年高雄市議員選舉,第2次賸餘,1130105,支付當選後與其公務有關之費用,鴻勝電腦事務用品行,80857195,0.00,2100.00,,,,雜項購置或修繕費用,金錢,高雄市苓雅區****,,否,,,,,,,
15,康裕成,111年高雄市議員選舉,第2次賸餘,1130105,支付當選後與其公務有關之費用,中華電信股份有限公司臺灣南區電信分公司高雄營運處大昌服務中心,82723546,0.00,50000.00,,,,播放、傳送或刊登宣傳廣告費用,金錢,高雄市三民區****,,否,,,,,,,
16,康裕成,111年高雄市議員選舉,第2次賸餘,1130105,支付當選後與其公務有關之費用,黃曉銘,E12*******,0.00,8000.00,,,,租用競選辦事處費用,金錢,臺北市大安區****,,否,,,,,,,
17,康裕成,111年高雄市議員選舉,第2次賸餘,1130105,支付當選後與其公務有關之費用,康裕德,H10*******,0.00,66000.00,,,,租用競選辦事處費用,金錢,高雄市三民區****,,是,康裕德,,,,二親等以內親屬(弟弟),,
18,康裕成,111年高雄市議員選舉,第2次賸餘,1130108,支付當選後與其公務有關之費用,寶傑生活館有限公司,50954092,0.00,425.00,,,,雜項購置或修繕費用,金錢,高雄市三民區****,,否,,,,,,,
19,康裕成,111年高雄市議員選舉,第2次賸餘,1130108,支付當選後與其公務有關之費用,寶傑生活館有限公司,50954092,0.00,690.00,,,,餐飲費用,金錢,高雄市三民區****,,否,,,,,,,
20,康裕成,111年高雄市議員選舉,第2次賸餘,1130109,支付當選後與其公務有關之費用,寶賀生活館有限公司,24519671,0.00,360.00,,,,雜項購置或修繕費用,金錢,高雄市三民區****,,否,,,,,,,
21,康裕成,111年高雄市議員選舉,第2次賸餘,1130109,支付當選後與其公務有關之費用,寶威生活館有限公司,90618618,0.00,540.00,,,,雜項購置或修繕費用,金錢,高雄市前金區****,,否,,,,,,,
22,康裕成,111年高雄市議員選舉,第2次賸餘,1130110,支付當選後與其公務有關之費用,中華郵政股份有限公司,03741302,0.00,131.00,,,,郵寄競選物品或宣傳廣告費用,金錢,臺北市大安區****,,否,,,,,,,
23,康裕成,111年高雄市議員選舉,第2次賸餘,1130110,支付當選後與其公務有關之費用,中華郵政股份有限公司,03741302,0.00,64.00,,,,郵寄競選物品或宣傳廣告費用,金錢,臺北市大安區****,,否,,,,,,,
24,康裕成,111年高雄市議員選舉,第2次賸餘,1130110,支付當選後與其公務有關之費用,台灣連線股份有限公司,24556886,0.00,1360.00,,,,播放、傳送或刊登宣傳廣告費用,金錢,臺北市內湖區****,,否,,,,,,,
25,康裕成,111年高雄市議員選舉,第2次賸餘,1130111,支付當選後與其公務有關之費用,中華郵政股份有限公司,03741302,0.00,36.00,,,,郵寄競選物品或宣傳廣告費用,金錢,臺北市大安區****,,否,,,,,,,
26,康裕成,111年高雄市議員選舉,第2次賸餘,1130111,支付當選後與其公務有關之費用,寶宸生活館有限公司,54211489,0.00,360.00,,,,雜項購置或修繕費用,金錢,高雄市三民區****,,否,,,,,,,
27,康裕成,111年高雄市議員選舉,第2次賸餘,1130115,支付當選後與其公務有關之費用,中華電信股份有限公司台灣南區電信分公司高雄營運處,19762247,0.00,829.00,,,,電信費用,金錢,高雄市左營區****,,否,,,,,,,
28,康裕成,111年高雄市議員選舉,第2次賸餘,1130115,支付當選後與其公務有關之費用,中華電信股份有限公司台灣南區電信分公司高雄營運處,19762247,0.00,799.00,,,,電信費用,金錢,高雄市左營區****,,否,,,,,,,
29,康裕成,111年高雄市議員選舉,第2次賸餘,1130115,支付當選後與其公務有關之費用,九乘九文具股份有限公司高雄大昌分公司,90523021,0.00,397.00,,,,文具用品費用,金錢,高雄市三民區****,,否,,,,,,,
30,康裕成,111年高雄市議員選舉,第2次賸餘,1130117,支付當選後與其公務有關之費用,寶旻生活館有限公司,24989672,0.00,99.00,,,,雜項購置或修繕費用,金錢,高雄市三民區****,,否,,,,,,,
31,康裕成,111年高雄市議員選舉,第2次賸餘,1130117,支付當選後與其公務有關之費用,Google Asia Pacific Pte Ltd,42523557,0.00,65.00,,,,雜項購置或修繕費用,金錢,臺北市信義區****,,否,,,,,,,
32,康裕成,111年高雄市議員選舉,第2次賸餘,1130117,支付當選後與其公務有關之費用,九乘九文具股份有限公司高雄大昌分公司,90523021,0.00,403.00,,,,文具用品費用,金錢,高雄市三民區****,,否,,,,,,,
33,康裕成,111年高雄市議員選舉,第2次賸餘,1130118,支付當選後與其公務有關之費用,中華郵政股份有限公司,03741302,0.00,75.00,,,,郵寄競選物品或宣傳廣告費用,金錢,臺北市大安區****,,否,,,,,,,
34,康裕成,111年高雄市議員選舉,第2次賸餘,1130119,支付當選後與其公務有關之費用,凱旋文化事業有限公司,13197414,0.00,16300.00,,,,製作競選物品或宣傳廣告費用,金錢,高雄市三民區****,,否,,,,,,,
35,康裕成,111年高雄市議員選舉,第2次賸餘,1130119,支付當選後與其公務有關之費用,中華電信股份有限公司台灣南區電信分公司高雄營運處,19762247,0.00,2753.00,,,,電信費用,金錢,高雄市左營區****,,否,,,,,,,
36,康裕成,111年高雄市議員選舉,第2次賸餘,1130119,支付當選後與其公務有關之費用,中華電信股份有限公司台灣南區電信分公司高雄營運處,19762247,0.00,1430.00,,,,電信費用,金錢,高雄市左營區****,,否,,,,,,,
37,康裕成,111年高雄市議員選舉,第2次賸餘,1130119,支付當選後與其公務有關之費用,台灣電力股份有限公司高雄區營業處,79634302,0.00,650.00,,,,水電瓦斯費用,金錢,高雄市鼓山區****,,否,,,,,,,
38,康裕成,111年高雄市議員選舉,第2次賸餘,1130119,支付當選後與其公務有關之費用,台灣電力股份有限公司高雄區營業處,79634302,0.00,958.00,,,,水電瓦斯費用,金錢,高雄市鼓山區****,,否,,,,,,,
39,康裕成,111年高雄市議員選舉,第2次賸餘,1130122,支付當選後與其公務有關之費用,中華郵政股份有限公司,03741302,0.00,128.00,,,,郵寄競選物品或宣傳廣告費用,金錢,臺北市大安區****,,否,,,,,,,
40,康裕成,111年高雄市議員選舉,第2次賸餘,1130122,支付當選後與其公務有關之費用,中華郵政股份有限公司,03741302,0.00,44.00,,,,郵寄競選物品或宣傳廣告費用,金錢,臺北市大安區****,,否,,,,,,,
41,康裕成,111年高雄市議員選舉,第2次賸餘,1130123,支付當選後與其公務有關之費用,鴻宇行,06729013,0.00,100.00,,,,雜項購置或修繕費用,金錢,高雄市三民區****,,否,,,,,,,
42,康裕成,111年高雄市議員選舉,第2次賸餘,1130123,支付當選後與其公務有關之費用,高潔免洗餐具行,08939710,0.00,100.00,,,,雜項購置或修繕費用,金錢,高雄市三民區****,,否,,,,,,,
43,康裕成,111年高雄市議員選舉,第2次賸餘,1130123,支付當選後與其公務有關之費用,大棠實業有限公司,16867247,0.00,14597.00,,,,製作競選物品或宣傳廣告費用,金錢,高雄市仁武區****,,否,,,,,,,
44,康裕成,111年高雄市議員選舉,第2次賸餘,1130124,支付當選後與其公務有關之費用,中華郵政股份有限公司,03741302,0.00,254.00,,,,郵寄競選物品或宣傳廣告費用,金錢,臺北市大安區****,,否,,,,,,,
45,康裕成,111年高雄市議員選舉,第2次賸餘,1130124,支付當選後與其公務有關之費用,圓創包裝材料行,10265681,0.00,172.00,,,,雜項購置或修繕費用,金錢,高雄市三民區****,,否,,,,,,,
46,康裕成,111年高雄市議員選舉,第2次賸餘,1130124,支付當選後與其公務有關之費用,上高吉水果行,10296925,0.00,150.00,,,,餐飲費用,金錢,高雄市三民區****,,否,,,,,,,
47,康裕成,111年高雄市議員選舉,第2次賸餘,1130124,支付當選後與其公務有關之費用,日大廣告社,18107383,0.00,800.00,,,,製作競選物品或宣傳廣告費用,金錢,高雄市三民區****,,否,,,,,,,
48,康裕成,111年高雄市議員選舉,第2次賸餘,1130124,支付當選後與其公務有關之費用,松詠有限公司十全站分公司,54826367,0.00,912.00,,,,油資,金錢,高雄市三民區****,,否,,,,,,,
49,康裕成,111年高雄市議員選舉,第2次賸餘,1130124,支付當選後與其公務有關之費用,九乘九文具股份有限公司高雄大昌分公司,90523021,0.00,295.00,,,,文具用品費用,金錢,高雄市三民區****,,否,,,,,,,
50,康裕成,111年高雄市議員選舉,第2次賸餘,1130125,支付當選後與其公務有關之費用,中華郵政股份有限公司,03741302,0.00,92.00,,,,郵寄競選物品或宣傳廣告費用,金錢,臺北市大安區****,,否,,,,,,,
51,康裕成,111年高雄市議員選舉,第2次賸餘,1130125,支付當選後與其公務有關之費用,石翠蘭苑,41279268,0.00,3500.00,,,,為民服務費用,金錢,高雄市鳥松區****,,否,,,,,,,
52,康裕成,111年高雄市議員選舉,第2次賸餘,1130125,支付當選後與其公務有關之費用,帝王天下大廈管理委員會,70995297,0.00,1010.00,,,,其他與租用競選辦事處有關之費用,金錢,高雄市三民區****,,否,,,,,,,
53,康裕成,111年高雄市議員選舉,第2次賸餘,1130126,支付當選後與其公務有關之費用,中華郵政股份有限公司,03741302,0.00,90.00,,,,郵寄競選物品或宣傳廣告費用,金錢,臺北市大安區****,,否,,,,,,,
54,康裕成,111年高雄市議員選舉,第2次賸餘,1130126,支付當選後與其公務有關之費用,鄉親實業股份有限公司,86451448,0.00,120.00,,,,清潔整理費用,金錢,高雄市三民區****,,否,,,,,,,
55,康裕成,111年高雄市議員選舉,第2次賸餘,1130127,支付當選後與其公務有關之費用,張家地瓜球,93286825,0.00,250.00,,,,餐飲費用,金錢,高雄市三民區****,,否,,,,,,,
56,康裕成,111年高雄市議員選舉,第2次賸餘,1130129,支付當選後與其公務有關之費用,欣高石油氣股份有限公司,79882718,0.00,221.00,,,,水電瓦斯費用,金錢,高雄市鹽埕區****,,否,,,,,,,
57,康裕成,111年高雄市議員選舉,第2次賸餘,1130131,支付當選後與其公務有關之費用,中華郵政股份有限公司,03741302,0.00,120.00,,,,郵寄競選物品或宣傳廣告費用,金錢,臺北市大安區****,,否,,,,,,,
58,康裕成,111年高雄市議員選舉,第2次賸餘,1130131,支付當選後與其公務有關之費用,上高吉水果行,10296925,0.00,130.00,,,,餐飲費用,金錢,高雄市三民區****,,否,,,,,,,
59,康裕成,111年高雄市議員選舉,第2次賸餘,1130201,支付當選後與其公務有關之費用,中華郵政股份有限公司,03741302,0.00,36.00,,,,郵寄競選物品或宣傳廣告費用,金錢,臺北市大安區****,,否,,,,,,,
60,康裕成,111年高雄市議員選舉,第2次賸餘,1130201,支付當選後與其公務有關之費用,舒博資訊用品事業有限公司,13185536,0.00,1890.00,,,,雜項購置或修繕費用,金錢,高雄市三民區****,,否,,,,,,,
61,康裕成,111年高雄市議員選舉,第2次賸餘,1130201,支付當選後與其公務有關之費用,台灣連線股份有限公司,24556886,0.00,1260.00,,,,播放、傳送或刊登宣傳廣告費用,金錢,臺北市內湖區****,,否,,,,,,,
62,康裕成,111年高雄市議員選舉,第2次賸餘,1130201,支付當選後與其公務有關之費用,正發鎖印行,99704847,0.00,80.00,,,,雜項購置或修繕費用,金錢,高雄市三民區****,,否,,,,,,,
63,康裕成,111年高雄市議員選舉,第2次賸餘,1130202,支付當選後與其公務有關之費用,中華郵政股份有限公司,03741302,0.00,60.00,,,,郵寄競選物品或宣傳廣告費用,金錢,臺北市大安區****,,否,,,,,,,
64,康裕成,111年高雄市議員選舉,第2次賸餘,1130202,支付當選後與其公務有關之費用,鑫晉暘數位事務有限公司,28611571,0.00,2625.00,,,,雜項購置或修繕費用,金錢,高雄市三民區****,,否,,,,,,,
65,康裕成,111年高雄市議員選舉,第2次賸餘,1130202,支付當選後與其公務有關之費用,鄉親實業股份有限公司,86451448,0.00,1404.00,,,,油資,金錢,高雄市三民區****,,否,,,,,,,
66,康裕成,111年高雄市議員選舉,第2次賸餘,1130205,支付當選後與其公務有關之費用,台灣自來水股份有限公司第七區管理處高雄服務所,07963389,0.00,122.00,,,,水電瓦斯費用,金錢,高雄市前鎮區****,,否,,,,,,,
67,康裕成,111年高雄市議員選舉,第2次賸餘,1130205,支付當選後與其公務有關之費用,鴻勝電腦事務用品行,80857195,0.00,2100.00,,,,雜項購置或修繕費用,金錢,高雄市苓雅區****,,否,,,,,,,
68,康裕成,111年高雄市議員選舉,第2次賸餘,1130205,支付當選後與其公務有關之費用,恩煒企業社,81027839,0.00,2600.00,,,,清潔整理費用,金錢,高雄市三民區****,,否,,,,,,,
69,康裕成,111年高雄市議員選舉,第2次賸餘,1130205,支付當選後與其公務有關之費用,中華電信股份有限公司臺灣南區電信分公司高雄營運處大昌服務中心,82723546,0.00,205.00,,,,電信費用,金錢,高雄市三民區****,,否,,,,,,,
70,康裕成,111年高雄市議員選舉,第2次賸餘,1130205,支付當選後與其公務有關之費用,黃曉銘,E12*******,0.00,8000.00,,,,租用競選辦事處費用,金錢,臺北市大安區****,,否,,,,,,,
71,康裕成,111年高雄市議員選舉,第2次賸餘,1130206,支付當選後與其公務有關之費用,Google Asia Pacific Pte Ltd,42523557,0.00,330.00,,,,雜項購置或修繕費用,金錢,臺北市信義區****,,否,,,,,,,
72,康裕成,111年高雄市議員選舉,第2次賸餘,1130207,支付當選後與其公務有關之費用,國雲科技股份有限公司三民國小停車場,88055985,0.00,45.00,,,,停車費,金錢,高雄市三民區****,,否,,,,,,,
73,康裕成,111年高雄市議員選舉,第2次賸餘,1130210,支付當選後與其公務有關之費用,台灣連線股份有限公司,24556886,0.00,2093.00,,,,播放、傳送或刊登宣傳廣告費用,金錢,臺北市內湖區****,,否,,,,,,,
74,康裕成,111年高雄市議員選舉,第2次賸餘,1130217,支付當選後與其公務有關之費用,中華郵政股份有限公司,03741302,0.00,80.00,,,,郵寄競選物品或宣傳廣告費用,金錢,臺北市大安區****,,否,,,,,,,
75,康裕成,111年高雄市議員選舉,第2次賸餘,1130217,支付當選後與其公務有關之費用,寶旻生活館有限公司,24989672,0.00,459.00,,,,文具用品費用,金錢,高雄市三民區****,,否,,,,,,,
76,康裕成,111年高雄市議員選舉,第2次賸餘,1130217,支付當選後與其公務有關之費用,Google Asia Pacific Pte Ltd,42523557,0.00,65.00,,,,雜項購置或修繕費用,金錢,臺北市信義區****,,否,,,,,,,
77,康裕成,111年高雄市議員選舉,第2次賸餘,1130221,支付當選後與其公務有關之費用,中華郵政股份有限公司,03741302,0.00,111.00,,,,郵寄競選物品或宣傳廣告費用,金錢,臺北市大安區****,,否,,,,,,,
78,康裕成,111年高雄市議員選舉,第2次賸餘,1130222,支付當選後與其公務有關之費用,中華電信股份有限公司台灣南區電信分公司高雄營運處,19762247,0.00,799.00,,,,電信費用,金錢,高雄市左營區****,,否,,,,,,,
79,康裕成,111年高雄市議員選舉,第2次賸餘,1130222,支付當選後與其公務有關之費用,中華電信股份有限公司台灣南區電信分公司高雄營運處,19762247,0.00,2348.00,,,,電信費用,金錢,高雄市左營區****,,否,,,,,,,
80,康裕成,111年高雄市議員選舉,第2次賸餘,1130222,支付當選後與其公務有關之費用,中華電信股份有限公司台灣南區電信分公司高雄營運處,19762247,0.00,1666.00,,,,電信費用,金錢,高雄市左營區****,,否,,,,,,,
81,康裕成,111年高雄市議員選舉,第2次賸餘,1130222,支付當選後與其公務有關之費用,中華電信股份有限公司台灣南區電信分公司高雄營運處,19762247,0.00,829.00,,,,電信費用,金錢,高雄市左營區****,,否,,,,,,,
82,康裕成,111年高雄市議員選舉,第2次賸餘,1130222,支付當選後與其公務有關之費用,統一超商股份有限公司高雄市第一九六分公司,70813141,0.00,58.00,,,,其他與交通旅運有關之費用,金錢,高雄市三民區****,,否,,,,,,,
83,康裕成,111年高雄市議員選舉,第2次賸餘,1130226,支付當選後與其公務有關之費用,帝王天下大廈管理委員會,70995297,0.00,1010.00,,,,其他與租用競選辦事處有關之費用,金錢,高雄市三民區****,,否,,,,,,,
84,康裕成,111年高雄市議員選舉,第2次賸餘,1130226,支付當選後與其公務有關之費用,九乘九文具股份有限公司高雄大昌分公司,90523021,0.00,215.00,,,,文具用品費用,金錢,高雄市三民區****,,否,,,,,,,
85,康裕成,111年高雄市議員選舉,第2次賸餘,1130227,支付當選後與其公務有關之費用,石翠蘭苑,41279268,0.00,1500.00,,,,為民服務費用,金錢,高雄市鳥松區****,,否,,,,,,,
86,康裕成,111年高雄市議員選舉,第2次賸餘,1130301,支付當選後與其公務有關之費用,中華郵政股份有限公司,03741302,0.00,130.00,,,,郵寄競選物品或宣傳廣告費用,金錢,臺北市大安區****,,否,,,,,,,
87,康裕成,111年高雄市議員選舉,第2次賸餘,1130301,支付當選後與其公務有關之費用,台灣連線股份有限公司,24556886,0.00,1260.00,,,,播放、傳送或刊登宣傳廣告費用,金錢,臺北市內湖區****,,否,,,,,,,
88,康裕成,111年高雄市議員選舉,第2次賸餘,1130301,支付當選後與其公務有關之費用,鑫晉暘數位事務有限公司,28611571,0.00,2625.00,,,,雜項購置或修繕費用,金錢,高雄市三民區****,,否,,,,,,,
89,康裕成,111年高雄市議員選舉,第2次賸餘,1130302,支付當選後與其公務有關之費用,Google Asia Pacific Pte Ltd,42523557,0.00,330.00,,,,雜項購置或修繕費用,金錢,臺北市信義區****,,否,,,,,,,
90,康裕成,111年高雄市議員選舉,第2次賸餘,1130305,支付當選後與其公務有關之費用,鴻勝電腦事務用品行,80857195,0.00,2100.00,,,,雜項購置或修繕費用,金錢,高雄市苓雅區****,,否,,,,,,,
91,康裕成,111年高雄市議員選舉,第2次賸餘,1130305,支付當選後與其公務有關之費用,黃曉銘,E12*******,0.00,8000.00,,,,租用競選辦事處費用,金錢,臺北市大安區****,,否,,,,,,,
92,康裕成,111年高雄市議員選舉,第2次賸餘,1130307,支付當選後與其公務有關之費用,中華郵政股份有限公司,03741302,0.00,96.00,,,,郵寄競選物品或宣傳廣告費用,金錢,臺北市大安區****,,否,,,,,,,
93,康裕成,111年高雄市議員選舉,第2次賸餘,1130307,支付當選後與其公務有關之費用,北基國際股份有限公司高旗加油站,81082516,0.00,1176.00,,,,油資,金錢,高雄市鳳山區****,,否,,,,,,,
94,康裕成,111年高雄市議員選舉,第2次賸餘,1130310,支付當選後與其公務有關之費用,台灣連線股份有限公司,24556886,0.00,226.00,,,,播放、傳送或刊登宣傳廣告費用,金錢,臺北市內湖區****,,否,,,,,,,
95,康裕成,111年高雄市議員選舉,第2次賸餘,1130312,支付當選後與其公務有關之費用,中華電信股份有限公司台灣南區電信分公司高雄營運處,19762247,0.00,194.00,,,,電信費用,金錢,高雄市左營區****,,否,,,,,,,
96,康裕成,111年高雄市議員選舉,第2次賸餘,1130315,支付當選後與其公務有關之費用,全國加油站股份有限公司九如站,14248279,0.00,120.00,,,,清潔整理費用,金錢,高雄市三民區****,,否,,,,,,,
97,康裕成,111年高雄市議員選舉,第2次賸餘,1130315,支付當選後與其公務有關之費用,中華電信股份有限公司台灣南區電信分公司高雄營運處,19762247,0.00,829.00,,,,電信費用,金錢,高雄市左營區****,,否,,,,,,,
98,康裕成,111年高雄市議員選舉,第2次賸餘,1130315,支付當選後與其公務有關之費用,中華電信股份有限公司台灣南區電信分公司高雄營運處,19762247,0.00,799.00,,,,電信費用,金錢,高雄市左營區****,,否,,,,,,,
99,康裕成,111年高雄市議員選舉,第2次賸餘,1130317,支付當選後與其公務有關之費用,Google Asia Pacific Pte Ltd,42523557,0.00,65.00,,,,雜項購置或修繕費用,金錢,臺北市信義區****,,否,,,,,,,
100,康裕成,111年高雄市議員選舉,第2次賸餘,1130319,支付當選後與其公務有關之費用,中華電信股份有限公司台灣南區電信分公司高雄營運處,19762247,0.00,1641.00,,,,電信費用,金錢,高雄市左營區****,,否,,,,,,,
101,康裕成,111年高雄市議員選舉,第2次賸餘,1130319,支付當選後與其公務有關之費用,中華電信股份有限公司台灣南區電信分公司高雄營運處,19762247,0.00,1406.00,,,,電信費用,金錢,高雄市左營區****,,否,,,,,,,
102,康裕成,111年高雄市議員選舉,第2次賸餘,1130319,支付當選後與其公務有關之費用,台灣電力股份有限公司高雄區營業處,79634302,0.00,408.00,,,,水電瓦斯費用,金錢,高雄市鼓山區****,,否,,,,,,,
103,康裕成,111年高雄市議員選舉,第2次賸餘,1130319,支付當選後與其公務有關之費用,台灣電力股份有限公司高雄區營業處,79634302,0.00,696.00,,,,水電瓦斯費用,金錢,高雄市鼓山區****,,否,,,,,,,
104,康裕成,111年高雄市議員選舉,第2次賸餘,1130320,支付當選後與其公務有關之費用,帝王天下大廈管理委員會,70995297,0.00,1010.00,,,,其他與租用競選辦事處有關之費用,金錢,高雄市三民區****,,否,,,,,,,
105,康裕成,111年高雄市議員選舉,第2次賸餘,1130321,支付當選後與其公務有關之費用,九璁商行,38727951,0.00,358.00,,,,雜項購置或修繕費用,金錢,高雄市三民區****,,否,,,,,,,
106,康裕成,111年高雄市議員選舉,第2次賸餘,1130325,支付當選後與其公務有關之費用,欣高石油氣股份有限公司,79882718,0.00,208.00,,,,水電瓦斯費用,金錢,高雄市鹽埕區****,,否,,,,,,,
107,康裕成,111年高雄市議員選舉,第2次賸餘,1130329,支付當選後與其公務有關之費用,中華郵政股份有限公司,03741302,0.00,120.00,,,,郵寄競選物品或宣傳廣告費用,金錢,臺北市大安區****,,否,,,,,,,
108,康裕成,111年高雄市議員選舉,第2次賸餘,1130401,支付當選後與其公務有關之費用,台灣連線股份有限公司,24556886,0.00,1260.00,,,,播放、傳送或刊登宣傳廣告費用,金錢,臺北市內湖區****,,否,,,,,,,
109,康裕成,111年高雄市議員選舉,第2次賸餘,1130402,支付當選後與其公務有關之費用,台灣自來水股份有限公司第七區管理處高雄服務所,07963389,0.00,135.00,,,,水電瓦斯費用,金錢,高雄市前鎮區****,,否,,,,,,,
110,康裕成,111年高雄市議員選舉,第2次賸餘,1130402,支付當選後與其公務有關之費用,中華電信股份有限公司台灣南區電信分公司高雄營運處,19762247,0.00,203.00,,,,電信費用,金錢,高雄市左營區****,,否,,,,,,,
111,康裕成,111年高雄市議員選舉,第2次賸餘,1130402,支付當選後與其公務有關之費用,鑫晉暘數位事務有限公司,28611571,0.00,2625.00,,,,雜項購置或修繕費用,金錢,高雄市三民區****,,否,,,,,,,
112,康裕成,111年高雄市議員選舉,第2次賸餘,1130402,支付當選後與其公務有關之費用,Google Asia Pacific Pte Ltd,42523557,0.00,330.00,,,,雜項購置或修繕費用,金錢,臺北市信義區****,,否,,,,,,,
113,康裕成,111年高雄市議員選舉,第2次賸餘,1130402,支付當選後與其公務有關之費用,全聯實業股份有限公司三民大順二分公司,94042117,0.00,80.00,,,,雜項購置或修繕費用,金錢,高雄市三民區****,,否,,,,,,,
114,康裕成,111年高雄市議員選舉,第2次賸餘,1130405,支付當選後與其公務有關之費用,黃曉銘,E12*******,0.00,8000.00,,,,租用競選辦事處費用,金錢,臺北市大安區****,,否,,,,,,,
115,康裕成,111年高雄市議員選舉,第2次賸餘,1130408,支付當選後與其公務有關之費用,中華郵政股份有限公司,03741302,0.00,26.00,,,,郵寄競選物品或宣傳廣告費用,金錢,臺北市大安區****,,否,,,,,,,
116,康裕成,111年高雄市議員選舉,第2次賸餘,1130408,支付當選後與其公務有關之費用,鴻勝電腦事務用品行,80857195,0.00,2100.00,,,,雜項購置或修繕費用,金錢,高雄市苓雅區****,,否,,,,,,,
117,康裕成,111年高雄市議員選舉,第2次賸餘,1130413,支付當選後與其公務有關之費用,台灣中油股份有限公司油品行銷事業部高雄營業處南州交流道加油站,10476953,0.00,1155.00,,,,油資,金錢,屏東縣南州鄉****,,否,,,,,,,
118,康裕成,111年高雄市議員選舉,第2次賸餘,1130415,支付當選後與其公務有關之費用,中華電信股份有限公司台灣南區電信分公司高雄營運處,19762247,0.00,799.00,,,,電信費用,金錢,高雄市左營區****,,否,,,,,,,
119,康裕成,111年高雄市議員選舉,第2次賸餘,1130415,支付當選後與其公務有關之費用,中華電信股份有限公司台灣南區電信分公司高雄營運處,19762247,0.00,829.00,,,,電信費用,金錢,高雄市左營區****,,否,,,,,,,
120,康裕成,111年高雄市議員選舉,第2次賸餘,1130417,支付當選後與其公務有關之費用,中華郵政股份有限公司,03741302,0.00,60.00,,,,播放、傳送或刊登宣傳廣告費用,金錢,臺北市大安區****,,否,,,,,,,
121,康裕成,111年高雄市議員選舉,第2次賸餘,1130417,支付當選後與其公務有關之費用,Google Asia Pacific Pte Ltd,42523557,0.00,65.00,,,,雜項購置或修繕費用,金錢,臺北市信義區****,,否,,,,,,,
122,康裕成,111年高雄市議員選舉,第2次賸餘,1130417,支付當選後與其公務有關之費用,九乘九文具股份有限公司高雄大昌分公司,90523021,0.00,418.00,,,,文具用品費用,金錢,高雄市三民區****,,否,,,,,,,
123,康裕成,111年高雄市議員選舉,第2次賸餘,1130418,支付當選後與其公務有關之費用,中華電信股份有限公司台灣南區電信分公司高雄營運處,19762247,0.00,1917.00,,,,電信費用,金錢,高雄市左營區****,,否,,,,,,,
124,康裕成,111年高雄市議員選舉,第2次賸餘,1130418,支付當選後與其公務有關之費用,中華電信股份有限公司台灣南區電信分公司高雄營運處,19762247,0.00,1374.00,,,,電信費用,金錢,高雄市左營區****,,否,,,,,,,
125,康裕成,111年高雄市議員選舉,第2次賸餘,1130418,支付當選後與其公務有關之費用,帝王天下大廈管理委員會,70995297,0.00,1010.00,,,,租用競選辦事處費用,金錢,高雄市三民區****,,否,,,,,,,
126,康裕成,111年高雄市議員選舉,第2次賸餘,1130423,支付當選後與其公務有關之費用,中華郵政股份有限公司,03741302,0.00,28.00,,,,郵寄競選物品或宣傳廣告費用,金錢,臺北市大安區****,,否,,,,,,,
127,康裕成,111年高雄市議員選舉,第2次賸餘,1130426,支付當選後與其公務有關之費用,鄉親實業股份有限公司,86451448,0.00,930.00,,,,油資,金錢,高雄市三民區****,,否,,,,,,,
128,康裕成,111年高雄市議員選舉,第2次賸餘,1130430,支付當選後與其公務有關之費用,凱旋文化事業有限公司,13197414,0.00,48642.00,,,,製作競選物品或宣傳廣告費用,金錢,高雄市三民區****,,否,,,,,,,
129,康裕成,111年高雄市議員選舉,第2次賸餘,1130501,支付當選後與其公務有關之費用,台灣連線股份有限公司,24556886,0.00,1260.00,,,,播放、傳送或刊登宣傳廣告費用,金錢,臺北市內湖區****,,否,,,,,,,
130,康裕成,111年高雄市議員選舉,第2次賸餘,1130502,支付當選後與其公務有關之費用,全國加油站股份有限公司九如站,14248279,0.00,120.00,,,,清潔整理費用,金錢,高雄市三民區****,,否,,,,,,,
131,康裕成,111年高雄市議員選舉,第2次賸餘,1130503,支付當選後與其公務有關之費用,台灣中油股份有限公司油品行銷事業部高雄營業處建國二路加油站,06829174,0.00,1240.00,,,,油資,金錢,高雄市三民區****,,否,,,,,,,
132,康裕成,111年高雄市議員選舉,第2次賸餘,1130503,支付當選後與其公務有關之費用,鑫晉暘數位事務有限公司,28611571,0.00,2625.00,,,,雜項購置或修繕費用,金錢,高雄市三民區****,,否,,,,,,,
133,康裕成,111年高雄市議員選舉,第2次賸餘,1130503,支付當選後與其公務有關之費用,Google Asia Pacific Pte Ltd,42523557,0.00,330.00,,,,雜項購置或修繕費用,金錢,臺北市信義區****,,否,,,,,,,
134,康裕成,111年高雄市議員選舉,第2次賸餘,1130505,支付當選後與其公務有關之費用,黃曉銘,E12*******,0.00,8000.00,,,,租用競選辦事處費用,金錢,臺北市大安區****,,否,,,,,,,
135,康裕成,111年高雄市議員選舉,第2次賸餘,1130506,支付當選後與其公務有關之費用,中華電信股份有限公司台灣南區電信分公司高雄營運處,19762247,0.00,192.00,,,,電信費用,金錢,高雄市左營區****,,否,,,,,,,
136,康裕成,111年高雄市議員選舉,第2次賸餘,1130506,支付當選後與其公務有關之費用,鴻勝電腦事務用品行,80857195,0.00,2100.00,,,,雜項購置或修繕費用,金錢,高雄市苓雅區****,,否,,,,,,,
137,康裕成,111年高雄市議員選舉,第2次賸餘,1130507,支付當選後與其公務有關之費用,日大廣告社,18107383,0.00,1250.00,,,,製作競選物品或宣傳廣告費用,金錢,高雄市三民區****,,否,,,,,,,
138,康裕成,111年高雄市議員選舉,第2次賸餘,1130507,支付當選後與其公務有關之費用,全國電子股份有限公司高雄巿第二十六分公司,28422993,0.00,65.00,,,,雜項購置或修繕費用,金錢,高雄市三民區****,,否,,,,,,,
139,康裕成,111年高雄市議員選舉,第2次賸餘,1130508,支付當選後與其公務有關之費用,寶旻生活館有限公司,24989672,0.00,55.00,,,,雜項購置或修繕費用,金錢,高雄市三民區****,,否,,,,,,,
140,康裕成,111年高雄市議員選舉,第2次賸餘,1130510,支付當選後與其公務有關之費用,日大廣告社,18107383,0.00,350.00,,,,製作競選物品或宣傳廣告費用,金錢,高雄市三民區****,,否,,,,,,,
141,康裕成,111年高雄市議員選舉,第2次賸餘,1130513,支付當選後與其公務有關之費用,中華郵政股份有限公司,03741302,0.00,60.00,,,,郵寄競選物品或宣傳廣告費用,金錢,臺北市大安區****,,否,,,,,,,
142,康裕成,111年高雄市議員選舉,第2次賸餘,1130513,支付當選後與其公務有關之費用,九璁商行,38727951,0.00,387.00,,,,雜項購置或修繕費用,金錢,高雄市三民區****,,否,,,,,,,
143,康裕成,111年高雄市議員選舉,第2次賸餘,1130514,支付當選後與其公務有關之費用,中華郵政股份有限公司,03741302,0.00,44.00,,,,郵寄競選物品或宣傳廣告費用,金錢,臺北市大安區****,,否,,,,,,,
144,康裕成,111年高雄市議員選舉,第2次賸餘,1130514,支付當選後與其公務有關之費用,九乘九文具股份有限公司高雄大昌分公司,90523021,0.00,471.00,,,,文具用品費用,金錢,高雄市三民區****,,否,,,,,,,
145,康裕成,111年高雄市議員選舉,第2次賸餘,1130514,支付當選後與其公務有關之費用,正發鎖印行,99704847,0.00,700.00,,,,雜項購置或修繕費用,金錢,高雄市三民區****,,否,,,,,,,
146,康裕成,111年高雄市議員選舉,第2次賸餘,1130520,支付當選後與其公務有關之費用,中華郵政股份有限公司,03741302,0.00,51.00,,,,郵寄競選物品或宣傳廣告費用,金錢,臺北市大安區****,,否,,,,,,,
147,康裕成,111年高雄市議員選舉,第2次賸餘,1130521,支付當選後與其公務有關之費用,台灣中油股份有限公司高雄營業處覺民路加油站,06876181,0.00,1000.00,,,,油資,金錢,高雄市三民區****,,否,,,,,,,
148,康裕成,111年高雄市議員選舉,第2次賸餘,1130523,支付當選後與其公務有關之費用,中華電信股份有限公司台灣南區電信分公司高雄營運處,19762247,0.00,1746.00,,,,電信費用,金錢,高雄市左營區****,,否,,,,,,,
149,康裕成,111年高雄市議員選舉,第2次賸餘,1130523,支付當選後與其公務有關之費用,中華電信股份有限公司台灣南區電信分公司高雄營運處,19762247,0.00,1965.00,,,,電信費用,金錢,高雄市左營區****,,否,,,,,,,
150,康裕成,111年高雄市議員選舉,第2次賸餘,1130523,支付當選後與其公務有關之費用,中華電信股份有限公司台灣南區電信分公司高雄營運處,19762247,0.00,799.00,,,,電信費用,金錢,高雄市左營區****,,否,,,,,,,
151,康裕成,111年高雄市議員選舉,第2次賸餘,1130523,支付當選後與其公務有關之費用,中華電信股份有限公司台灣南區電信分公司高雄營運處,19762247,0.00,829.00,,,,電信費用,金錢,高雄市左營區****,,否,,,,,,,
152,康裕成,111年高雄市議員選舉,第2次賸餘,1130523,支付當選後與其公務有關之費用,統一超商股份有限公司,22555003,0.00,70.00,,,,其他與交通旅運有關之費用,金錢,臺北市松山區****,,否,,,,,,,
153,康裕成,111年高雄市議員選舉,第2次賸餘,1130523,支付當選後與其公務有關之費用,台灣電力股份有限公司高雄區營業處,79634302,0.00,482.00,,,,水電瓦斯費用,金錢,高雄市鼓山區****,,否,,,,,,,
154,康裕成,111年高雄市議員選舉,第2次賸餘,1130523,支付當選後與其公務有關之費用,台灣電力股份有限公司高雄區營業處,79634302,0.00,1185.00,,,,水電瓦斯費用,金錢,高雄市鼓山區****,,否,,,,,,,
155,康裕成,111年高雄市議員選舉,第2次賸餘,1130523,支付當選後與其公務有關之費用,欣高石油氣股份有限公司,79882718,0.00,208.00,,,,水電瓦斯費用,金錢,高雄市鹽埕區****,,否,,,,,,,
156,康裕成,111年高雄市議員選舉,第2次賸餘,1130523,支付當選後與其公務有關之費用,正發鎖印行,99704847,0.00,150.00,,,,雜項購置或修繕費用,金錢,高雄市三民區****,,否,,,,,,,
157,康裕成,111年高雄市議員選舉,第2次賸餘,1130525,支付當選後與其公務有關之費用,九璁商行,38727951,0.00,130.00,,,,雜項購置或修繕費用,金錢,高雄市三民區****,,否,,,,,,,
158,康裕成,111年高雄市議員選舉,第2次賸餘,1130527,支付當選後與其公務有關之費用,帝王天下大廈管理委員會,70995297,0.00,1010.00,,,,其他與租用競選辦事處有關之費用,金錢,高雄市三民區****,,否,,,,,,,
159,康裕成,111年高雄市議員選舉,第2次賸餘,1130528,支付當選後與其公務有關之費用,中華電信股份有限公司台灣南區電信分公司高雄營運處,19762247,0.00,271.00,,,,電信費用,金錢,高雄市左營區****,,否,,,,,,,
160,康裕成,111年高雄市議員選舉,第2次賸餘,1130601,支付當選後與其公務有關之費用,台灣連線股份有限公司,24556886,0.00,1260.00,,,,播放、傳送或刊登宣傳廣告費用,金錢,臺北市內湖區****,,否,,,,,,,
161,康裕成,111年高雄市議員選舉,第2次賸餘,1130602,支付當選後與其公務有關之費用,Google Asia Pacific Pte Ltd,42523557,0.00,330.00,,,,雜項購置或修繕費用,金錢,臺北市信義區****,,否,,,,,,,
162,康裕成,111年高雄市議員選舉,第2次賸餘,1130604,支付當選後與其公務有關之費用,鑫晉暘數位事務有限公司,28611571,0.00,2625.00,,,,雜項購置或修繕費用,金錢,高雄市三民區****,,否,,,,,,,
163,康裕成,111年高雄市議員選舉,第2次賸餘,1130604,支付當選後與其公務有關之費用,和廣泰開發有限公司自由路營業所,82718950,0.00,35.00,,,,停車費,金錢,高雄市三民區****,,否,,,,,,,
164,康裕成,111年高雄市議員選舉,第2次賸餘,1130605,支付當選後與其公務有關之費用,中華郵政股份有限公司,03741302,0.00,60.00,,,,郵寄競選物品或宣傳廣告費用,金錢,臺北市大安區****,,否,,,,,,,
165,康裕成,111年高雄市議員選舉,第2次賸餘,1130605,支付當選後與其公務有關之費用,凱旋文化事業有限公司,13197414,0.00,630.00,,,,雜項購置或修繕費用,金錢,高雄市三民區****,,否,,,,,,,
166,康裕成,111年高雄市議員選舉,第2次賸餘,1130605,支付當選後與其公務有關之費用,鴻勝電腦事務用品行,80857195,0.00,2100.00,,,,雜項購置或修繕費用,金錢,高雄市苓雅區****,,否,,,,,,,
167,康裕成,111年高雄市議員選舉,第2次賸餘,1130605,支付當選後與其公務有關之費用,九乘九文具股份有限公司高雄大昌分公司,90523021,0.00,460.00,,,,文具用品費用,金錢,高雄市三民區****,,否,,,,,,,
168,康裕成,111年高雄市議員選舉,第2次賸餘,1130605,支付當選後與其公務有關之費用,黃曉銘,E12*******,0.00,8000.00,,,,租用競選辦事處費用,金錢,臺北市大安區****,,否,,,,,,,
169,康裕成,111年高雄市議員選舉,第2次賸餘,1130613,支付當選後與其公務有關之費用,富邦媒體科技股份有限公司,27365925,0.00,7990.00,,,,雜項購置或修繕費用,金錢,臺北市內湖區****,,否,,,,,,,
170,康裕成,111年高雄市議員選舉,第2次賸餘,1130613,支付當選後與其公務有關之費用,鄉親實業股份有限公司,86451448,0.00,1000.00,,,,油資,金錢,高雄市三民區****,,否,,,,,,,
171,康裕成,111年高雄市議員選舉,第2次賸餘,1130617,支付當選後與其公務有關之費用,Google Asia Pacific Pte Ltd,42523557,0.00,65.00,,,,雜項購置或修繕費用,金錢,臺北市信義區****,,否,,,,,,,
172,康裕成,111年高雄市議員選舉,第2次賸餘,1130618,支付當選後與其公務有關之費用,中華郵政股份有限公司,03741302,0.00,60.00,,,,郵寄競選物品或宣傳廣告費用,金錢,臺北市大安區****,,否,,,,,,,
173,康裕成,111年高雄市議員選舉,第2次賸餘,1130618,支付當選後與其公務有關之費用,台灣自來水股份有限公司第七區管理處高雄服務所,07963389,0.00,148.00,,,,水電瓦斯費用,金錢,高雄市前鎮區****,,否,,,,,,,
174,康裕成,111年高雄市議員選舉,第2次賸餘,1130618,支付當選後與其公務有關之費用,中華電信股份有限公司台灣南區電信分公司高雄營運處,19762247,0.00,2258.00,,,,電信費用,金錢,高雄市左營區****,,否,,,,,,,
175,康裕成,111年高雄市議員選舉,第2次賸餘,1130618,支付當選後與其公務有關之費用,中華電信股份有限公司台灣南區電信分公司高雄營運處,19762247,0.00,2121.00,,,,電信費用,金錢,高雄市左營區****,,否,,,,,,,
176,康裕成,111年高雄市議員選舉,第2次賸餘,1130618,支付當選後與其公務有關之費用,中華電信股份有限公司台灣南區電信分公司高雄營運處,19762247,0.00,799.00,,,,電信費用,金錢,高雄市左營區****,,否,,,,,,,
177,康裕成,111年高雄市議員選舉,第2次賸餘,1130618,支付當選後與其公務有關之費用,中華電信股份有限公司台灣南區電信分公司高雄營運處,19762247,0.00,829.00,,,,電信費用,金錢,高雄市左營區****,,否,,,,,,,
178,康裕成,111年高雄市議員選舉,第2次賸餘,1130618,支付當選後與其公務有關之費用,帝王天下大廈管理委員會,70995297,0.00,1010.00,,,,其他與租用競選辦事處有關之費用,金錢,高雄市三民區****,,否,,,,,,,
179,康裕成,111年高雄市議員選舉,第2次賸餘,1130618,支付當選後與其公務有關之費用,雅聯紙業有限公司,76445572,0.00,614.00,,,,雜項購置或修繕費用,金錢,高雄市新興區****,,否,,,,,,,
180,康裕成,111年高雄市議員選舉,第2次賸餘,1130621,支付當選後與其公務有關之費用,美德加油站股份有限公司,23950158,0.00,1128.00,,,,油資,金錢,高雄市美濃區****,,否,,,,,,,
181,康裕成,111年高雄市議員選舉,第2次賸餘,1130621,支付當選後與其公務有關之費用,九璁商行,38727951,0.00,822.00,,,,雜項購置或修繕費用,金錢,高雄市三民區****,,否,,,,,,,
182,康裕成,111年高雄市議員選舉,第2次賸餘,1130624,支付當選後與其公務有關之費用,中華郵政股份有限公司,03741302,0.00,60.00,,,,郵寄競選物品或宣傳廣告費用,金錢,臺北市大安區****,,否,,,,,,,
183,康裕成,111年高雄市議員選舉,第2次賸餘,1130624,支付當選後與其公務有關之費用,中華郵政股份有限公司,03741302,0.00,36.00,,,,郵寄競選物品或宣傳廣告費用,金錢,臺北市大安區****,,否,,,,,,,
184,康裕成,111年高雄市議員選舉,第2次賸餘,1130625,支付當選後與其公務有關之費用,全聯實業股份有限公司高雄覺民分公司,28980259,0.00,493.00,,,,雜項購置或修繕費用,金錢,高雄市三民區****,,否,,,,,,,
185,康裕成,111年高雄市議員選舉,第2次賸餘,1130701,支付當選後與其公務有關之費用,台灣連線股份有限公司,24556886,0.00,1260.00,,,,播放、傳送或刊登宣傳廣告費用,金錢,臺北市內湖區****,,否,,,,,,,
186,康裕成,111年高雄市議員選舉,第2次賸餘,1130702,支付當選後與其公務有關之費用,Google Asia Pacific Pte Ltd,42523557,0.00,330.00,,,,雜項購置或修繕費用,金錢,臺北市信義區****,,否,,,,,,,
187,康裕成,111年高雄市議員選舉,第2次賸餘,1130703,支付當選後與其公務有關之費用,鑫晉暘數位事務有限公司,28611571,0.00,2625.00,,,,雜項購置或修繕費用,金錢,高雄市三民區****,,否,,,,,,,
188,康裕成,111年高雄市議員選舉,第2次賸餘,1130704,支付當選後與其公務有關之費用,中華電信股份有限公司台灣南區電信分公司高雄營運處,19762247,0.00,190.00,,,,電信費用,金錢,高雄市左營區****,,否,,,,,,,
189,康裕成,111年高雄市議員選舉,第2次賸餘,1130705,支付當選後與其公務有關之費用,鴻勝電腦事務用品行,80857195,0.00,2100.00,,,,雜項購置或修繕費用,金錢,高雄市苓雅區****,,否,,,,,,,
190,康裕成,111年高雄市議員選舉,第2次賸餘,1130705,支付當選後與其公務有關之費用,黃曉銘,E12*******,0.00,8000.00,,,,租用競選辦事處費用,金錢,臺北市大安區****,,否,,,,,,,
191,康裕成,111年高雄市議員選舉,第2次賸餘,1130705,支付當選後與其公務有關之費用,康裕德,H10*******,0.00,66000.00,,,,租用競選辦事處費用,金錢,高雄市三民區****,,是,康裕德,,,,二親等以內親屬(弟弟),,
192,康裕成,111年高雄市議員選舉,第2次賸餘,1130709,支付當選後與其公務有關之費用,舒博資訊用品事業有限公司,13185536,0.00,1800.00,,,,雜項購置或修繕費用,金錢,高雄市三民區****,,否,,,,,,,
193,康裕成,111年高雄市議員選舉,第2次賸餘,1130710,支付當選後與其公務有關之費用,統一超商股份有限公司高雄市第一九六分公司,70813141,0.00,89.00,,,,其他與交通旅運有關之費用,金錢,高雄市三民區****,,否,,,,,,,
194,康裕成,111年高雄市議員選舉,第2次賸餘,1130710,支付當選後與其公務有關之費用,九乘九文具股份有限公司高雄大昌分公司,90523021,0.00,1594.00,,,,雜項購置或修繕費用,金錢,高雄市三民區****,,否,,,,,,,
195,康裕成,111年高雄市議員選舉,第2次賸餘,1130711,支付當選後與其公務有關之費用,中華郵政股份有限公司,03741302,0.00,35.00,,,,郵寄競選物品或宣傳廣告費用,金錢,臺北市大安區****,,否,,,,,,,
196,康裕成,111年高雄市議員選舉,第2次賸餘,1130715,支付當選後與其公務有關之費用,北基國際股份有限公司北基九如路加油站,69780749,0.00,921.00,,,,油資,金錢,高雄市三民區****,,否,,,,,,,
197,康裕成,111年高雄市議員選舉,第2次賸餘,1130717,支付當選後與其公務有關之費用,中華郵政股份有限公司,03741302,0.00,60.00,,,,郵寄競選物品或宣傳廣告費用,金錢,臺北市大安區****,,否,,,,,,,
198,康裕成,111年高雄市議員選舉,第2次賸餘,1130717,支付當選後與其公務有關之費用,Google Asia Pacific Pte Ltd,42523557,0.00,65.00,,,,雜項購置或修繕費用,金錢,臺北市信義區****,,否,,,,,,,
199,康裕成,111年高雄市議員選舉,第2次賸餘,1130718,支付當選後與其公務有關之費用,易與國際有限公司,69636386,0.00,480.00,,,,雜項購置或修繕費用,金錢,桃園市中壢區****,,否,,,,,,,
200,康裕成,111年高雄市議員選舉,第2次賸餘,1130722,支付當選後與其公務有關之費用,中華郵政股份有限公司,03741302,0.00,35.00,,,,郵寄競選物品或宣傳廣告費用,金錢,臺北市大安區****,,否,,,,,,,
201,康裕成,111年高雄市議員選舉,第2次賸餘,1130723,支付當選後與其公務有關之費用,中華郵政股份有限公司,03741302,0.00,28.00,,,,郵寄競選物品或宣傳廣告費用,金錢,臺北市大安區****,,否,,,,,,,
202,康裕成,111年高雄市議員選舉,第2次賸餘,1130726,支付當選後與其公務有關之費用,統一超商股份有限公司高雄市第一九六分公司,70813141,0.00,120.00,,,,雜項購置或修繕費用,金錢,高雄市三民區****,,否,,,,,,,
203,康裕成,111年高雄市議員選舉,第2次賸餘,1130729,支付當選後與其公務有關之費用,中華電信股份有限公司台灣南區電信分公司高雄營運處,19762247,0.00,1508.00,,,,電信費用,金錢,高雄市左營區****,,否,,,,,,,
204,康裕成,111年高雄市議員選舉,第2次賸餘,1130729,支付當選後與其公務有關之費用,中華電信股份有限公司台灣南區電信分公司高雄營運處,19762247,0.00,2010.00,,,,電信費用,金錢,高雄市左營區****,,否,,,,,,,
205,康裕成,111年高雄市議員選舉,第2次賸餘,1130729,支付當選後與其公務有關之費用,中華電信股份有限公司台灣南區電信分公司高雄營運處,19762247,0.00,799.00,,,,電信費用,金錢,高雄市左營區****,,否,,,,,,,
206,康裕成,111年高雄市議員選舉,第2次賸餘,1130729,支付當選後與其公務有關之費用,中華電信股份有限公司台灣南區電信分公司高雄營運處,19762247,0.00,829.00,,,,電信費用,金錢,高雄市左營區****,,否,,,,,,,
207,康裕成,111年高雄市議員選舉,第2次賸餘,1130729,支付當選後與其公務有關之費用,石翠蘭苑,41279268,0.00,2000.00,,,,為民服務費用,金錢,高雄市鳥松區****,,否,,,,,,,
208,康裕成,111年高雄市議員選舉,第2次賸餘,1130729,支付當選後與其公務有關之費用,石翠蘭苑,41279268,0.00,2000.00,,,,為民服務費用,金錢,高雄市鳥松區****,,否,,,,,,,
209,康裕成,111年高雄市議員選舉,第2次賸餘,1130729,支付當選後與其公務有關之費用,帝王天下大廈管理委員會,70995297,0.00,1010.00,,,,其他與租用競選辦事處有關之費用,金錢,高雄市三民區****,,否,,,,,,,
210,康裕成,111年高雄市議員選舉,第2次賸餘,1130729,支付當選後與其公務有關之費用,台灣電力股份有限公司高雄區營業處,79634302,0.00,485.00,,,,水電瓦斯費用,金錢,高雄市鼓山區****,,否,,,,,,,
211,康裕成,111年高雄市議員選舉,第2次賸餘,1130729,支付當選後與其公務有關之費用,台灣電力股份有限公司高雄區營業處,79634302,0.00,1350.00,,,,水電瓦斯費用,金錢,高雄市鼓山區****,,否,,,,,,,
212,康裕成,111年高雄市議員選舉,第2次賸餘,1130729,支付當選後與其公務有關之費用,欣高石油氣股份有限公司,79882718,0.00,208.00,,,,水電瓦斯費用,金錢,高雄市鹽埕區****,,否,,,,,,,
213,康裕成,111年高雄市議員選舉,第2次賸餘,1130730,支付當選後與其公務有關之費用,大棠實業有限公司,16867247,0.00,10038.00,,,,雜項購置或修繕費用,金錢,高雄市仁武區****,,否,,,,,,,
214,康裕成,111年高雄市議員選舉,第2次賸餘,1130730,支付當選後與其公務有關之費用,九乘九文具股份有限公司高雄大昌分公司,90523021,0.00,1454.00,,,,文具用品費用,金錢,高雄市三民區****,,否,,,,,,,
215,康裕成,111年高雄市議員選舉,第2次賸餘,1130730,支付當選後與其公務有關之費用,九乘九文具股份有限公司高雄大昌分公司,90523021,0.00,270.00,,,,文具用品費用,金錢,高雄市三民區****,,否,,,,,,,
216,康裕成,111年高雄市議員選舉,第2次賸餘,1130731,支付當選後與其公務有關之費用,中華郵政股份有限公司,03741302,0.00,28.00,,,,郵寄競選物品或宣傳廣告費用,金錢,臺北市大安區****,,否,,,,,,,
217,康裕成,111年高雄市議員選舉,第2次賸餘,1130801,支付當選後與其公務有關之費用,中華郵政股份有限公司,03741302,0.00,28.00,,,,郵寄競選物品或宣傳廣告費用,金錢,臺北市大安區****,,否,,,,,,,
218,康裕成,111年高雄市議員選舉,第2次賸餘,1130801,支付當選後與其公務有關之費用,全國加油站股份有限公司九如站,14248279,0.00,120.00,,,,清潔整理費用,金錢,高雄市三民區****,,否,,,,,,,
219,康裕成,111年高雄市議員選舉,第2次賸餘,1130801,支付當選後與其公務有關之費用,哈客資訊廣場有限公司,16465779,0.00,1599.00,,,,雜項購置或修繕費用,金錢,高雄市三民區****,,否,,,,,,,
220,康裕成,111年高雄市議員選舉,第2次賸餘,1130801,支付當選後與其公務有關之費用,台灣連線股份有限公司,24556886,0.00,1260.00,,,,播放、傳送或刊登宣傳廣告費用,金錢,臺北市內湖區****,,否,,,,,,,
221,康裕成,111年高雄市議員選舉,第2次賸餘,1130801,支付當選後與其公務有關之費用,昱名企業有限公司,76373649,0.00,23.00,,,,雜項購置或修繕費用,金錢,高雄市三民區****,,否,,,,,,,
222,康裕成,111年高雄市議員選舉,第2次賸餘,1130802,支付當選後與其公務有關之費用,鑫晉暘數位事務有限公司,28611571,0.00,2625.00,,,,雜項購置或修繕費用,金錢,高雄市三民區****,,否,,,,,,,
223,康裕成,111年高雄市議員選舉,第2次賸餘,1130802,支付當選後與其公務有關之費用,九璁商行,38727951,0.00,70.00,,,,雜項購置或修繕費用,金錢,高雄市三民區****,,否,,,,,,,
224,康裕成,111年高雄市議員選舉,第2次賸餘,1130802,支付當選後與其公務有關之費用,Google Asia Pacific Pte Ltd,42523557,0.00,330.00,,,,雜項購置或修繕費用,金錢,臺北市信義區****,,否,,,,,,,
225,康裕成,111年高雄市議員選舉,第2次賸餘,1130802,支付當選後與其公務有關之費用,鴻遠國際貿易企業行,99251400,0.00,961.00,,,,雜項購置或修繕費用,金錢,高雄市三民區****,,否,,,,,,,
226,康裕成,111年高雄市議員選舉,第2次賸餘,1130805,支付當選後與其公務有關之費用,淨觀設計企業社,26018814,0.00,18000.00,,,,雜項購置或修繕費用,金錢,高雄市鼓山區****,,否,,,,,,,
227,康裕成,111年高雄市議員選舉,第2次賸餘,1130805,支付當選後與其公務有關之費用,鴻遠國際貿易企業行,99251400,0.00,420.00,,,,雜項購置或修繕費用,金錢,高雄市三民區****,,否,,,,,,,
228,康裕成,111年高雄市議員選舉,第2次賸餘,1130805,支付當選後與其公務有關之費用,黃曉銘,E12*******,0.00,8000.00,,,,租用競選辦事處費用,金錢,臺北市大安區****,,否,,,,,,,
229,康裕成,111年高雄市議員選舉,第2次賸餘,1130806,支付當選後與其公務有關之費用,鴻勝電腦事務用品行,80857195,0.00,2100.00,,,,雜項購置或修繕費用,金錢,高雄市苓雅區****,,否,,,,,,,
230,康裕成,111年高雄市議員選舉,第2次賸餘,1130807,支付當選後與其公務有關之費用,千越加油站實業股份有限公司華盟加油站,93269430,0.00,1103.00,,,,油資,金錢,高雄市三民區****,,否,,,,,,,
231,康裕成,111年高雄市議員選舉,第2次賸餘,1130808,支付當選後與其公務有關之費用,哈客資訊廣場有限公司,16465779,0.00,5990.00,,,,雜項購置或修繕費用,金錢,高雄市三民區****,,否,,,,,,,
232,康裕成,111年高雄市議員選舉,第2次賸餘,1130808,支付當選後與其公務有關之費用,中華電信股份有限公司台灣南區電信分公司高雄營運處,19762247,0.00,256.00,,,,電信費用,金錢,高雄市左營區****,,否,,,,,,,
233,康裕成,111年高雄市議員選舉,第2次賸餘,1130808,支付當選後與其公務有關之費用,全聯實業股份有限公司高雄覺民分公司,28980259,0.00,638.00,,,,雜項購置或修繕費用,金錢,高雄市三民區****,,否,,,,,,,
234,康裕成,111年高雄市議員選舉,第2次賸餘,1130812,支付當選後與其公務有關之費用,正發鎖印行,99704847,0.00,80.00,,,,雜項購置或修繕費用,金錢,高雄市三民區****,,否,,,,,,,
235,康裕成,111年高雄市議員選舉,第2次賸餘,1130815,支付當選後與其公務有關之費用,中華郵政股份有限公司,03741302,0.00,60.00,,,,郵寄競選物品或宣傳廣告費用,金錢,臺北市大安區****,,否,,,,,,,
236,康裕成,111年高雄市議員選舉,第2次賸餘,1130815,支付當選後與其公務有關之費用,全國加油站股份有限公司九如站,14248279,0.00,1224.00,,,,油資,金錢,高雄市三民區****,,否,,,,,,,
237,康裕成,111年高雄市議員選舉,第2次賸餘,1130816,支付當選後與其公務有關之費用,統一超商股份有限公司高雄市第一九六分公司,70813141,0.00,198.00,,,,雜項購置或修繕費用,金錢,高雄市三民區****,,否,,,,,,,
238,康裕成,111年高雄市議員選舉,第2次賸餘,1130817,支付當選後與其公務有關之費用,Google Asia Pacific Pte Ltd,42523557,0.00,65.00,,,,雜項購置或修繕費用,金錢,臺北市信義區****,,否,,,,,,,
239,康裕成,111年高雄市議員選舉,第2次賸餘,1130820,支付當選後與其公務有關之費用,中華郵政股份有限公司,03741302,0.00,28.00,,,,郵寄競選物品或宣傳廣告費用,金錢,臺北市大安區****,,否,,,,,,,
240,康裕成,111年高雄市議員選舉,第2次賸餘,1130820,支付當選後與其公務有關之費用,丸之內藥局,82728269,0.00,420.00,,,,雜項購置或修繕費用,金錢,高雄市三民區****,,否,,,,,,,
241,康裕成,111年高雄市議員選舉,第2次賸餘,1130821,支付當選後與其公務有關之費用,台灣優衣庫有限公司高雄九如路店,81122101,0.00,1290.00,,,,雜項購置或修繕費用,金錢,高雄市三民區****,,否,,,,,,,
242,康裕成,111年高雄市議員選舉,第2次賸餘,1130822,支付當選後與其公務有關之費用,崇神開發實業股份有限公司高雄分公司,28435462,0.00,7743.00,,,,雜項購置或修繕費用,金錢,高雄市左營區****,,否,,,,,,,
243,康裕成,111年高雄市議員選舉,第2次賸餘,1130826,支付當選後與其公務有關之費用,中華郵政股份有限公司,03741302,0.00,44.00,,,,郵寄競選物品或宣傳廣告費用,金錢,臺北市大安區****,,否,,,,,,,
244,康裕成,111年高雄市議員選舉,第2次賸餘,1130826,支付當選後與其公務有關之費用,鄉親實業股份有限公司,86451448,0.00,942.00,,,,油資,金錢,高雄市三民區****,,否,,,,,,,
245,康裕成,111年高雄市議員選舉,第2次賸餘,1130827,支付當選後與其公務有關之費用,台灣自來水股份有限公司第七區管理處高雄服務所,07963389,0.00,135.00,,,,水電瓦斯費用,金錢,高雄市前鎮區****,,否,,,,,,,
246,康裕成,111年高雄市議員選舉,第2次賸餘,1130827,支付當選後與其公務有關之費用,中華電信股份有限公司台灣南區電信分公司高雄營運處,19762247,0.00,799.00,,,,電信費用,金錢,高雄市左營區****,,否,,,,,,,
247,康裕成,111年高雄市議員選舉,第2次賸餘,1130827,支付當選後與其公務有關之費用,中華電信股份有限公司台灣南區電信分公司高雄營運處,19762247,0.00,1501.00,,,,電信費用,金錢,高雄市左營區****,,否,,,,,,,
248,康裕成,111年高雄市議員選舉,第2次賸餘,1130827,支付當選後與其公務有關之費用,中華電信股份有限公司台灣南區電信分公司高雄營運處,19762247,0.00,2124.00,,,,電信費用,金錢,高雄市左營區****,,否,,,,,,,
249,康裕成,111年高雄市議員選舉,第2次賸餘,1130827,支付當選後與其公務有關之費用,中華電信股份有限公司台灣南區電信分公司高雄營運處,19762247,0.00,829.00,,,,電信費用,金錢,高雄市左營區****,,否,,,,,,,
250,康裕成,111年高雄市議員選舉,第2次賸餘,1130827,支付當選後與其公務有關之費用,富邦媒體科技股份有限公司,27365925,0.00,1097.00,,,,雜項購置或修繕費用,金錢,臺北市內湖區****,,否,,,,,,,
251,康裕成,111年高雄市議員選舉,第2次賸餘,1130827,支付當選後與其公務有關之費用,帝王天下大廈管理委員會,70995297,0.00,1010.00,,,,其他與租用競選辦事處有關之費用,金錢,高雄市三民區****,,否,,,,,,,
252,康裕成,111年高雄市議員選舉,第2次賸餘,1130828,支付當選後與其公務有關之費用,中華電信股份有限公司台灣南區電信分公司高雄營運處,19762247,0.00,222.00,,,,電信費用,金錢,高雄市左營區****,,否,,,,,,,
253,康裕成,111年高雄市議員選舉,第2次賸餘,1130829,支付當選後與其公務有關之費用,石翠蘭苑,41279268,0.00,2000.00,,,,為民服務費用,金錢,高雄市鳥松區****,,否,,,,,,,
254,康裕成,111年高雄市議員選舉,第2次賸餘,1130829,支付當選後與其公務有關之費用,石翠蘭苑,41279268,0.00,2000.00,,,,為民服務費用,金錢,高雄市鳥松區****,,否,,,,,,,
255,康裕成,111年高雄市議員選舉,第2次賸餘,1130830,支付當選後與其公務有關之費用,中華郵政股份有限公司,03741302,0.00,28.00,,,,郵寄競選物品或宣傳廣告費用,金錢,臺北市大安區****,,否,,,,,,,
256,康裕成,111年高雄市議員選舉,第2次賸餘,1130830,支付當選後與其公務有關之費用,太金國際有限公司建工營業所,41266756,0.00,5920.00,,,,餐飲費用,金錢,高雄市三民區****,,否,,,,,,,
257,康裕成,111年高雄市議員選舉,第2次賸餘,1130901,支付當選後與其公務有關之費用,台灣連線股份有限公司,24556886,0.00,1260.00,,,,播放、傳送或刊登宣傳廣告費用,金錢,臺北市內湖區****,,否,,,,,,,
258,康裕成,111年高雄市議員選舉,第2次賸餘,1130902,支付當選後與其公務有關之費用,凱旋文化事業有限公司,13197414,0.00,45000.00,,,,製作競選物品或宣傳廣告費用,金錢,高雄市三民區****,,否,,,,,,,
259,康裕成,111年高雄市議員選舉,第2次賸餘,1130902,支付當選後與其公務有關之費用,Google Asia Pacific Pte Ltd,42523557,0.00,330.00,,,,雜項購置或修繕費用,金錢,臺北市信義區****,,否,,,,,,,
260,康裕成,111年高雄市議員選舉,第2次賸餘,1130903,支付當選後與其公務有關之費用,鑫晉暘數位事務有限公司,28611571,0.00,2625.00,,,,雜項購置或修繕費用,金錢,高雄市三民區****,,否,,,,,,,
261,康裕成,111年高雄市議員選舉,第2次賸餘,1130905,支付當選後與其公務有關之費用,鴻勝電腦事務用品行,80857195,0.00,2100.00,,,,雜項購置或修繕費用,金錢,高雄市苓雅區****,,否,,,,,,,
262,康裕成,111年高雄市議員選舉,第2次賸餘,1130905,支付當選後與其公務有關之費用,台灣中油股份有限公司油品行銷事業部高雄營業處岡山加油站,88036600,0.00,948.00,,,,油資,金錢,高雄市岡山區****,,否,,,,,,,
263,康裕成,111年高雄市議員選舉,第2次賸餘,1130905,支付當選後與其公務有關之費用,黃曉銘,E12*******,0.00,8000.00,,,,租用競選辦事處費用,金錢,臺北市大安區****,,否,,,,,,,
264,康裕成,111年高雄市議員選舉,第2次賸餘,1130905,支付當選後與其公務有關之費用,陳幸敏,E22*******,0.00,50000.00,,,,獎金或津貼,金錢,高雄市新興區****,,否,,,,,,,
265,康裕成,111年高雄市議員選舉,第2次賸餘,1130905,支付當選後與其公務有關之費用,楊若瑜,R22*******,0.00,50000.00,,,,獎金或津貼,金錢,高雄市三民區****,,否,,,,,,,
266,康裕成,111年高雄市議員選舉,第2次賸餘,1130905,支付當選後與其公務有關之費用,黃亦瑄,S22*******,0.00,50000.00,,,,獎金或津貼,金錢,高雄市鳳山區****,,否,,,,,,,
267,康裕成,111年高雄市議員選舉,第2次賸餘,1130905,支付當選後與其公務有關之費用,陳麗蓉,S22*******,0.00,50000.00,,,,獎金或津貼,金錢,高雄市鳳山區****,,否,,,,,,,
268,康裕成,111年高雄市議員選舉,第2次賸餘,1130905,支付當選後與其公務有關之費用,吳旻瑾,T22*******,0.00,50000.00,,,,獎金或津貼,金錢,屏東縣高樹鄉****,,否,,,,,,,
269,康裕成,111年高雄市議員選舉,第2次賸餘,1130910,支付當選後與其公務有關之費用,台灣中油股份有限公司高雄營業處建國一路加油站,06957016,0.00,1335.00,,,,油資,金錢,高雄市苓雅區****,,否,,,,,,,
270,康裕成,111年高雄市議員選舉,第2次賸餘,1130912,支付當選後與其公務有關之費用,十大興有限公司,42803678,0.00,85.00,,,,雜項購置或修繕費用,金錢,高雄市三民區****,,否,,,,,,,
271,康裕成,111年高雄市議員選舉,第2次賸餘,1130912,支付當選後與其公務有關之費用,阿華刻印鑰匙店,94711117,0.00,100.00,,,,雜項購置或修繕費用,金錢,高雄市三民區****,,否,,,,,,,
272,康裕成,111年高雄市議員選舉,第2次賸餘,1130913,支付當選後與其公務有關之費用,中華郵政股份有限公司,03741302,0.00,130.00,,,,郵寄競選物品或宣傳廣告費用,金錢,臺北市大安區****,,否,,,,,,,
273,康裕成,111年高雄市議員選舉,第2次賸餘,1130913,支付當選後與其公務有關之費用,寶宸生活館有限公司,54211489,0.00,198.00,,,,雜項購置或修繕費用,金錢,高雄市三民區****,,否,,,,,,,
274,康裕成,111年高雄市議員選舉,第2次賸餘,1130916,支付當選後與其公務有關之費用,九乘九文具股份有限公司高雄大昌分公司,90523021,0.00,179.00,,,,文具用品費用,金錢,高雄市三民區****,,否,,,,,,,
275,康裕成,111年高雄市議員選舉,第2次賸餘,1130917,支付當選後與其公務有關之費用,Google Asia Pacific Pte Ltd,42523557,0.00,65.00,,,,雜項購置或修繕費用,金錢,臺北市信義區****,,否,,,,,,,
276,康裕成,111年高雄市議員選舉,第2次賸餘,1130918,支付當選後與其公務有關之費用,寶雅國際股份有限公司高雄灣內分公司,24801163,0.00,198.00,,,,雜項購置或修繕費用,金錢,高雄市三民區****,,否,,,,,,,
277,康裕成,111年高雄市議員選舉,第2次賸餘,1130919,支付當選後與其公務有關之費用,中華電信股份有限公司台灣南區電信分公司高雄營運處,19762247,0.00,1659.00,,,,電信費用,金錢,高雄市左營區****,,否,,,,,,,
278,康裕成,111年高雄市議員選舉,第2次賸餘,1130919,支付當選後與其公務有關之費用,中華電信股份有限公司台灣南區電信分公司高雄營運處,19762247,0.00,1493.00,,,,電信費用,金錢,高雄市左營區****,,否,,,,,,,
279,康裕成,111年高雄市議員選舉,第2次賸餘,1130919,支付當選後與其公務有關之費用,中華電信股份有限公司台灣南區電信分公司高雄營運處,19762247,0.00,799.00,,,,電信費用,金錢,高雄市左營區****,,否,,,,,,,
280,康裕成,111年高雄市議員選舉,第2次賸餘,1130919,支付當選後與其公務有關之費用,中華電信股份有限公司台灣南區電信分公司高雄營運處,19762247,0.00,829.00,,,,電信費用,金錢,高雄市左營區****,,否,,,,,,,
281,康裕成,111年高雄市議員選舉,第2次賸餘,1130919,支付當選後與其公務有關之費用,帝王天下大廈管理委員會,70995297,0.00,1010.00,,,,其他與租用競選辦事處有關之費用,金錢,高雄市三民區****,,否,,,,,,,
282,康裕成,111年高雄市議員選舉,第2次賸餘,1130919,支付當選後與其公務有關之費用,台灣電力股份有限公司高雄區營業處,79634302,0.00,464.00,,,,水電瓦斯費用,金錢,高雄市鼓山區****,,否,,,,,,,
283,康裕成,111年高雄市議員選舉,第2次賸餘,1130919,支付當選後與其公務有關之費用,台灣電力股份有限公司高雄區營業處,79634302,0.00,1297.00,,,,水電瓦斯費用,金錢,高雄市鼓山區****,,否,,,,,,,
284,康裕成,111年高雄市議員選舉,第2次賸餘,1130927,支付當選後與其公務有關之費用,中華郵政股份有限公司,03741302,0.00,60.00,,,,郵寄競選物品或宣傳廣告費用,金錢,臺北市大安區****,,否,,,,,,,
285,康裕成,111年高雄市議員選舉,第2次賸餘,1131001,支付當選後與其公務有關之費用,台灣連線股份有限公司,24556886,0.00,1260.00,,,,播放、傳送或刊登宣傳廣告費用,金錢,臺北市內湖區****,,否,,,,,,,
286,康裕成,111年高雄市議員選舉,第2次賸餘,1131002,支付當選後與其公務有關之費用,Google Asia Pacific Pte Ltd,42523557,0.00,330.00,,,,雜項購置或修繕費用,金錢,臺北市信義區****,,否,,,,,,,
287,康裕成,111年高雄市議員選舉,第2次賸餘,1131005,支付當選後與其公務有關之費用,黃曉銘,E12*******,0.00,8000.00,,,,租用競選辦事處費用,金錢,臺北市大安區****,,否,,,,,,,
288,康裕成,111年高雄市議員選舉,第2次賸餘,1131007,支付當選後與其公務有關之費用,中華郵政股份有限公司,03741302,0.00,35.00,,,,郵寄競選物品或宣傳廣告費用,金錢,臺北市大安區****,,否,,,,,,,
289,康裕成,111年高雄市議員選舉,第2次賸餘,1131007,支付當選後與其公務有關之費用,中華電信股份有限公司台灣南區電信分公司高雄營運處,19762247,0.00,381.00,,,,電信費用,金錢,高雄市左營區****,,否,,,,,,,
290,康裕成,111年高雄市議員選舉,第2次賸餘,1131007,支付當選後與其公務有關之費用,欣高石油氣股份有限公司,79882718,0.00,208.00,,,,水電瓦斯費用,金錢,高雄市鹽埕區****,,否,,,,,,,
291,康裕成,111年高雄市議員選舉,第2次賸餘,1131007,支付當選後與其公務有關之費用,鴻勝電腦事務用品行,80857195,0.00,2100.00,,,,雜項購置或修繕費用,金錢,高雄市苓雅區****,,否,,,,,,,
292,康裕成,111年高雄市議員選舉,第2次賸餘,1131008,支付當選後與其公務有關之費用,德昌文具行,83700991,0.00,170.00,,,,文具用品費用,金錢,高雄市新興區****,,否,,,,,,,
293,康裕成,111年高雄市議員選舉,第2次賸餘,1131009,支付當選後與其公務有關之費用,鑫晉暘數位事務有限公司,28611571,0.00,2625.00,,,,雜項購置或修繕費用,金錢,高雄市三民區****,,否,,,,,,,
294,康裕成,111年高雄市議員選舉,第2次賸餘,1131010,支付當選後與其公務有關之費用,台灣連線股份有限公司,24556886,0.00,249.00,,,,播放、傳送或刊登宣傳廣告費用,金錢,臺北市內湖區****,,否,,,,,,,
295,康裕成,111年高雄市議員選舉,第2次賸餘,1131012,支付當選後與其公務有關之費用,台灣中油股份有限公司油品行銷事業部台南營業處仁德服務區南下加油站,99141896,0.00,1000.00,,,,油資,金錢,臺南市仁德區****,,否,,,,,,,
296,康裕成,111年高雄市議員選舉,第2次賸餘,1131014,支付當選後與其公務有關之費用,台灣自來水股份有限公司第七區管理處高雄服務所,07963389,0.00,122.00,,,,水電瓦斯費用,金錢,高雄市前鎮區****,,否,,,,,,,
297,康裕成,111年高雄市議員選舉,第2次賸餘,1131016,支付當選後與其公務有關之費用,中華郵政股份有限公司,03741302,0.00,60.00,,,,郵寄競選物品或宣傳廣告費用,金錢,臺北市大安區****,,否,,,,,,,
298,康裕成,111年高雄市議員選舉,第2次賸餘,1131016,支付當選後與其公務有關之費用,九璁商行,38727951,0.00,60.00,,,,雜項購置或修繕費用,金錢,高雄市三民區****,,否,,,,,,,
299,康裕成,111年高雄市議員選舉,第2次賸餘,1131017,支付當選後與其公務有關之費用,寶賀生活館有限公司,24519671,0.00,387.00,,,,雜項購置或修繕費用,金錢,高雄市三民區****,,否,,,,,,,
300,康裕成,111年高雄市議員選舉,第2次賸餘,1131017,支付當選後與其公務有關之費用,Google Asia Pacific Pte Ltd,42523557,0.00,65.00,,,,雜項購置或修繕費用,金錢,臺北市信義區****,,否,,,,,,,
301,康裕成,111年高雄市議員選舉,第2次賸餘,1131018,支付當選後與其公務有關之費用,大棠實業有限公司,16867247,0.00,19467.00,,,,製作競選物品或宣傳廣告費用,金錢,高雄市仁武區****,,否,,,,,,,
302,康裕成,111年高雄市議員選舉,第2次賸餘,1131018,支付當選後與其公務有關之費用,全聯實業股份有限公司高雄覺民分公司,28980259,0.00,99.00,,,,雜項購置或修繕費用,金錢,高雄市三民區****,,否,,,,,,,
303,康裕成,111年高雄市議員選舉,第2次賸餘,1131023,支付當選後與其公務有關之費用,中華電信股份有限公司台灣南區電信分公司高雄營運處,19762247,0.00,2456.00,,,,電信費用,金錢,高雄市左營區****,,否,,,,,,,
304,康裕成,111年高雄市議員選舉,第2次賸餘,1131023,支付當選後與其公務有關之費用,中華電信股份有限公司台灣南區電信分公司高雄營運處,19762247,0.00,1507.00,,,,電信費用,金錢,高雄市左營區****,,否,,,,,,,
305,康裕成,111年高雄市議員選舉,第2次賸餘,1131023,支付當選後與其公務有關之費用,中華電信股份有限公司台灣南區電信分公司高雄營運處,19762247,0.00,799.00,,,,電信費用,金錢,高雄市左營區****,,否,,,,,,,
306,康裕成,111年高雄市議員選舉,第2次賸餘,1131023,支付當選後與其公務有關之費用,中華電信股份有限公司台灣南區電信分公司高雄營運處,19762247,0.00,829.00,,,,電信費用,金錢,高雄市左營區****,,否,,,,,,,
307,康裕成,111年高雄市議員選舉,第2次賸餘,1131023,支付當選後與其公務有關之費用,統一超商股份有限公司,22555003,0.00,472.00,,,,其他與交通旅運有關之費用,金錢,臺北市松山區****,,否,,,,,,,
308,康裕成,111年高雄市議員選舉,第2次賸餘,1131023,支付當選後與其公務有關之費用,帝王天下大廈管理委員會,70995297,0.00,1010.00,,,,其他與租用競選辦事處有關之費用,金錢,高雄市三民區****,,否,,,,,,,
309,康裕成,111年高雄市議員選舉,第2次賸餘,1131024,支付當選後與其公務有關之費用,中華郵政股份有限公司,03741302,0.00,44.00,,,,郵寄競選物品或宣傳廣告費用,金錢,臺北市大安區****,,否,,,,,,,
310,康裕成,111年高雄市議員選舉,第2次賸餘,1131025,支付當選後與其公務有關之費用,淨觀設計企業社,26018814,0.00,2300.00,,,,雜項購置或修繕費用,金錢,高雄市鼓山區****,,否,,,,,,,
311,康裕成,111年高雄市議員選舉,第2次賸餘,1131025,支付當選後與其公務有關之費用,九華百貨有限公司,53885275,0.00,120.00,,,,雜項購置或修繕費用,金錢,高雄市三民區****,,否,,,,,,,
312,康裕成,111年高雄市議員選舉,第2次賸餘,1131027,支付當選後與其公務有關之費用,鄉親實業股份有限公司,86451448,0.00,909.00,,,,油資,金錢,高雄市三民區****,,否,,,,,,,
313,康裕成,111年高雄市議員選舉,第2次賸餘,1131029,支付當選後與其公務有關之費用,十大興有限公司,42803678,0.00,390.00,,,,雜項購置或修繕費用,金錢,高雄市三民區****,,否,,,,,,,
314,康裕成,111年高雄市議員選舉,第2次賸餘,1131030,支付當選後與其公務有關之費用,中華郵政股份有限公司,03741302,0.00,60.00,,,,郵寄競選物品或宣傳廣告費用,金錢,臺北市大安區****,,否,,,,,,,
315,康裕成,111年高雄市議員選舉,第2次賸餘,1131030,支付當選後與其公務有關之費用,中華郵政股份有限公司,03741302,0.00,35.00,,,,郵寄競選物品或宣傳廣告費用,金錢,臺北市大安區****,,否,,,,,,,
316,康裕成,111年高雄市議員選舉,第2次賸餘,1131030,支付當選後與其公務有關之費用,米格國際股份有限公司,16230598,0.00,700.00,,,,雜項購置或修繕費用,金錢,桃園市八德區****,,否,,,,,,,
317,康裕成,111年高雄市議員選舉,第2次賸餘,1131030,支付當選後與其公務有關之費用,米格國際股份有限公司,16230598,0.00,2100.00,,,,雜項購置或修繕費用,金錢,桃園市八德區****,,否,,,,,,,
318,康裕成,111年高雄市議員選舉,第2次賸餘,1131101,支付當選後與其公務有關之費用,中華電信股份有限公司台灣南區電信分公司高雄營運處,19762247,0.00,849.00,,,,電信費用,金錢,高雄市左營區****,,否,,,,,,,
319,康裕成,111年高雄市議員選舉,第2次賸餘,1131101,支付當選後與其公務有關之費用,台灣連線股份有限公司,24556886,0.00,1260.00,,,,播放、傳送或刊登宣傳廣告費用,金錢,臺北市內湖區****,,否,,,,,,,
320,康裕成,111年高雄市議員選舉,第2次賸餘,1131102,支付當選後與其公務有關之費用,Google Asia Pacific Pte Ltd,42523557,0.00,330.00,,,,雜項購置或修繕費用,金錢,臺北市信義區****,,否,,,,,,,
321,康裕成,111年高雄市議員選舉,第2次賸餘,1131104,支付當選後與其公務有關之費用,中華郵政股份有限公司,03741302,0.00,43.00,,,,郵寄競選物品或宣傳廣告費用,金錢,臺北市大安區****,,否,,,,,,,
322,康裕成,111年高雄市議員選舉,第2次賸餘,1131104,支付當選後與其公務有關之費用,淨觀設計企業社,26018814,0.00,30020.00,,,,製作競選物品或宣傳廣告費用,金錢,高雄市鼓山區****,,否,,,,,,,
323,康裕成,111年高雄市議員選舉,第2次賸餘,1131105,支付當選後與其公務有關之費用,計程車,,0.00,290.00,,,,搭乘交通工具費用,金錢,,0772*****,否,,,,,,,
324,康裕成,111年高雄市議員選舉,第2次賸餘,1131105,支付當選後與其公務有關之費用,鑫晉暘數位事務有限公司,28611571,0.00,2625.00,,,,雜項購置或修繕費用,金錢,高雄市三民區****,,否,,,,,,,
325,康裕成,111年高雄市議員選舉,第2次賸餘,1131105,支付當選後與其公務有關之費用,黃曉銘,E12*******,0.00,8000.00,,,,租用競選辦事處費用,金錢,臺北市大安區****,,否,,,,,,,
326,康裕成,111年高雄市議員選舉,第2次賸餘,1131106,支付當選後與其公務有關之費用,台灣中油股份有限公司高雄營業處覺民路加油站,06876181,0.00,909.00,,,,油資,金錢,高雄市三民區****,,否,,,,,,,
327,康裕成,111年高雄市議員選舉,第2次賸餘,1131106,支付當選後與其公務有關之費用,鴻勝電腦事務用品行,80857195,0.00,2100.00,,,,雜項購置或修繕費用,金錢,高雄市苓雅區****,,否,,,,,,,
328,康裕成,111年高雄市議員選舉,第2次賸餘,1131108,支付當選後與其公務有關之費用,寶雅國際股份有限公司大昌分公司,27431896,0.00,149.00,,,,雜項購置或修繕費用,金錢,高雄市三民區****,,否,,,,,,,
329,康裕成,111年高雄市議員選舉,第2次賸餘,1131110,支付當選後與其公務有關之費用,台灣連線股份有限公司,24556886,0.00,5568.00,,,,播放、傳送或刊登宣傳廣告費用,金錢,臺北市內湖區****,,否,,,,,,,
330,康裕成,111年高雄市議員選舉,第2次賸餘,1131111,支付當選後與其公務有關之費用,富邦媒體科技股份有限公司,27365925,0.00,1651.00,,,,雜項購置或修繕費用,金錢,臺北市內湖區****,,否,,,,,,,
331,康裕成,111年高雄市議員選舉,第2次賸餘,1131112,支付當選後與其公務有關之費用,中華郵政股份有限公司,03741302,0.00,35.00,,,,郵寄競選物品或宣傳廣告費用,金錢,臺北市大安區****,,否,,,,,,,
332,康裕成,111年高雄市議員選舉,第2次賸餘,1131114,支付當選後與其公務有關之費用,中華郵政股份有限公司,03741302,0.00,35.00,,,,郵寄競選物品或宣傳廣告費用,金錢,臺北市大安區****,,否,,,,,,,
333,康裕成,111年高雄市議員選舉,第2次賸餘,1131114,支付當選後與其公務有關之費用,中華電信股份有限公司台灣南區電信分公司高雄營運處,19762247,0.00,829.00,,,,電信費用,金錢,高雄市左營區****,,否,,,,,,,
334,康裕成,111年高雄市議員選舉,第2次賸餘,1131114,支付當選後與其公務有關之費用,中華電信股份有限公司台灣南區電信分公司高雄營運處,19762247,0.00,799.00,,,,電信費用,金錢,高雄市左營區****,,否,,,,,,,
335,康裕成,111年高雄市議員選舉,第2次賸餘,1131117,支付當選後與其公務有關之費用,Google Asia Pacific Pte Ltd,42523557,0.00,65.00,,,,雜項購置或修繕費用,金錢,臺北市信義區****,,否,,,,,,,
336,康裕成,111年高雄市議員選舉,第2次賸餘,1131118,支付當選後與其公務有關之費用,富邦媒體科技股份有限公司,27365925,0.00,619.00,,,,雜項購置或修繕費用,金錢,臺北市內湖區****,,否,,,,,,,
337,康裕成,111年高雄市議員選舉,第2次賸餘,1131118,支付當選後與其公務有關之費用,石翠蘭苑,41279268,0.00,1500.00,,,,為民服務費用,金錢,高雄市鳥松區****,,否,,,,,,,
338,康裕成,111年高雄市議員選舉,第2次賸餘,1131119,支付當選後與其公務有關之費用,統一超商股份有限公司高雄市第一九六分公司,70813141,0.00,499.00,,,,雜項購置或修繕費用,金錢,高雄市三民區****,,否,,,,,,,
339,康裕成,111年高雄市議員選舉,第2次賸餘,1131120,支付當選後與其公務有關之費用,大棠實業有限公司,16867247,0.00,8358.00,,,,製作競選物品或宣傳廣告費用,金錢,高雄市仁武區****,,否,,,,,,,
340,康裕成,111年高雄市議員選舉,第2次賸餘,1131120,支付當選後與其公務有關之費用,星鋐國際有限公司高雄分公司,28352032,0.00,2000.00,,,,雜項購置或修繕費用,金錢,高雄市三民區****,,否,,,,,,,
341,康裕成,111年高雄市議員選舉,第2次賸餘,1131121,支付當選後與其公務有關之費用,鄉親實業股份有限公司,86451448,0.00,1395.00,,,,油資,金錢,高雄市三民區****,,否,,,,,,,
342,康裕成,111年高雄市議員選舉,第2次賸餘,1131122,支付當選後與其公務有關之費用,帝王天下大廈管理委員會,70995297,0.00,1010.00,,,,其他與租用競選辦事處有關之費用,金錢,高雄市三民區****,,否,,,,,,,
343,康裕成,111年高雄市議員選舉,第2次賸餘,1131122,支付當選後與其公務有關之費用,鄉親實業股份有限公司,86451448,0.00,130.00,,,,清潔整理費用,金錢,高雄市三民區****,,否,,,,,,,
344,康裕成,111年高雄市議員選舉,第2次賸餘,1131124,支付當選後與其公務有關之費用,中華電信股份有限公司台灣南區電信分公司高雄營運處,19762247,0.00,985.00,,,,電信費用,金錢,高雄市左營區****,,否,,,,,,,
345,康裕成,111年高雄市議員選舉,第2次賸餘,1131124,支付當選後與其公務有關之費用,中華電信股份有限公司台灣南區電信分公司高雄營運處,19762247,0.00,1774.00,,,,電信費用,金錢,高雄市左營區****,,否,,,,,,,
346,康裕成,111年高雄市議員選舉,第2次賸餘,1131124,支付當選後與其公務有關之費用,台灣電力股份有限公司高雄區營業處,79634302,0.00,419.00,,,,水電瓦斯費用,金錢,高雄市鼓山區****,,否,,,,,,,
347,康裕成,111年高雄市議員選舉,第2次賸餘,1131124,支付當選後與其公務有關之費用,台灣電力股份有限公司高雄區營業處,79634302,0.00,963.00,,,,水電瓦斯費用,金錢,高雄市鼓山區****,,否,,,,,,,
348,康裕成,111年高雄市議員選舉,第2次賸餘,1131124,支付當選後與其公務有關之費用,欣高石油氣股份有限公司,79882718,0.00,208.00,,,,水電瓦斯費用,金錢,高雄市鹽埕區****,,否,,,,,,,
349,康裕成,111年高雄市議員選舉,第2次賸餘,1131126,支付當選後與其公務有關之費用,統一超商股份有限公司,22555003,0.00,105.00,,,,其他與交通旅運有關之費用,金錢,臺北市松山區****,,否,,,,,,,
350,康裕成,111年高雄市議員選舉,第2次賸餘,1131127,支付當選後與其公務有關之費用,中華郵政股份有限公司,03741302,0.00,70.00,,,,郵寄競選物品或宣傳廣告費用,金錢,臺北市大安區****,,否,,,,,,,
351,康裕成,111年高雄市議員選舉,第2次賸餘,1131129,支付當選後與其公務有關之費用,松詠有限公司十全站分公司,54826367,0.00,170.00,,,,清潔整理費用,金錢,高雄市三民區****,,否,,,,,,,
352,康裕成,111年高雄市議員選舉,第2次賸餘,1131201,支付當選後與其公務有關之費用,凱璇資訊有限公司,24512678,0.00,2390.00,,,,雜項購置或修繕費用,金錢,高雄市三民區****,,否,,,,,,,
353,康裕成,111年高雄市議員選舉,第2次賸餘,1131201,支付當選後與其公務有關之費用,台灣連線股份有限公司,24556886,0.00,1260.00,,,,播放、傳送或刊登宣傳廣告費用,金錢,臺北市內湖區****,,否,,,,,,,
354,康裕成,111年高雄市議員選舉,第2次賸餘,1131202,支付當選後與其公務有關之費用,世弘企業社,10256141,0.00,240.00,,,,雜項購置或修繕費用,金錢,高雄市三民區****,,否,,,,,,,
355,康裕成,111年高雄市議員選舉,第2次賸餘,1131202,支付當選後與其公務有關之費用,Google Asia Pacific Pte Ltd,42523557,0.00,330.00,,,,雜項購置或修繕費用,金錢,臺北市信義區****,,否,,,,,,,
356,康裕成,111年高雄市議員選舉,第2次賸餘,1131204,支付當選後與其公務有關之費用,九乘九文具股份有限公司高雄大昌分公司,90523021,0.00,563.00,,,,文具用品費用,金錢,高雄市三民區****,,否,,,,,,,
357,康裕成,111年高雄市議員選舉,第2次賸餘,1131205,支付當選後與其公務有關之費用,鑫晉暘數位事務有限公司,28611571,0.00,2625.00,,,,雜項購置或修繕費用,金錢,高雄市三民區****,,否,,,,,,,
358,康裕成,111年高雄市議員選舉,第2次賸餘,1131205,支付當選後與其公務有關之費用,黃曉銘,E12*******,0.00,8000.00,,,,租用競選辦事處費用,金錢,臺北市大安區****,,否,,,,,,,
359,康裕成,111年高雄市議員選舉,第2次賸餘,1131206,支付當選後與其公務有關之費用,中華郵政股份有限公司,03741302,0.00,16.00,,,,郵寄競選物品或宣傳廣告費用,金錢,臺北市大安區****,,否,,,,,,,
360,康裕成,111年高雄市議員選舉,第2次賸餘,1131206,支付當選後與其公務有關之費用,中華郵政股份有限公司,03741302,0.00,28.00,,,,郵寄競選物品或宣傳廣告費用,金錢,臺北市大安區****,,否,,,,,,,
361,康裕成,111年高雄市議員選舉,第2次賸餘,1131206,支付當選後與其公務有關之費用,富邦產物保險股份有限公司,70826461,0.00,14700.00,,,,當選後與其公務有關之費用支出,金錢,臺北市中山區****,,否,,,,,,,
362,康裕成,111年高雄市議員選舉,第2次賸餘,1131209,支付當選後與其公務有關之費用,台灣自來水股份有限公司第七區管理處高雄服務所,07963389,0.00,237.00,,,,水電瓦斯費用,金錢,高雄市前鎮區****,,否,,,,,,,
363,康裕成,111年高雄市議員選舉,第2次賸餘,1131209,支付當選後與其公務有關之費用,中華電信股份有限公司台灣南區電信分公司高雄營運處,19762247,0.00,992.00,,,,電信費用,金錢,高雄市左營區****,,否,,,,,,,
364,康裕成,111年高雄市議員選舉,第2次賸餘,1131210,支付當選後與其公務有關之費用,三奇塑膠行,06984148,0.00,160.00,,,,雜項購置或修繕費用,金錢,高雄市苓雅四****,,否,,,,,,,
365,康裕成,111年高雄市議員選舉,第2次賸餘,1131210,支付當選後與其公務有關之費用,天生企業社,37561995,0.00,44100.00,,,,製作競選物品或宣傳廣告費用,金錢,臺南市安南區****,,否,,,,,,,
366,康裕成,111年高雄市議員選舉,第2次賸餘,1131211,支付當選後與其公務有關之費用,中華郵政股份有限公司,03741302,0.00,43.00,,,,郵寄競選物品或宣傳廣告費用,金錢,臺北市大安區****,,否,,,,,,,
367,康裕成,111年高雄市議員選舉,第2次賸餘,1131212,支付當選後與其公務有關之費用,中華郵政股份有限公司,03741302,0.00,35.00,,,,郵寄競選物品或宣傳廣告費用,金錢,臺北市大安區****,,否,,,,,,,
368,康裕成,111年高雄市議員選舉,第2次賸餘,1131212,支付當選後與其公務有關之費用,北基國際股份有限公司北基九如路加油站,69780749,0.00,1103.00,,,,油資,金錢,高雄市三民區****,,否,,,,,,,
369,康裕成,111年高雄市議員選舉,第2次賸餘,1131213,支付當選後與其公務有關之費用,三奇塑膠行,06984148,0.00,140.00,,,,雜項購置或修繕費用,金錢,高雄市苓雅四****,,否,,,,,,,
370,康裕成,111年高雄市議員選舉,第2次賸餘,1131213,支付當選後與其公務有關之費用,九乘九文具股份有限公司高雄大昌分公司,90523021,0.00,85.00,,,,文具用品費用,金錢,高雄市三民區****,,否,,,,,,,
371,康裕成,111年高雄市議員選舉,第2次賸餘,1131217,支付當選後與其公務有關之費用,樺暘文具印刷有限公司,22845539,0.00,141750.00,,,,製作競選物品或宣傳廣告費用,金錢,高雄市三民區****,,否,,,,,,,
372,康裕成,111年高雄市議員選舉,第2次賸餘,1131217,支付當選後與其公務有關之費用,Google Asia Pacific Pte Ltd,42523557,0.00,65.00,,,,雜項購置或修繕費用,金錢,臺北市信義區****,,否,,,,,,,
373,康裕成,111年高雄市議員選舉,第2次賸餘,1131218,支付當選後與其公務有關之費用,中華郵政股份有限公司,03741302,0.00,60.00,,,,郵寄競選物品或宣傳廣告費用,金錢,臺北市大安區****,,否,,,,,,,
374,康裕成,111年高雄市議員選舉,第2次賸餘,1131218,支付當選後與其公務有關之費用,九璁商行,38727951,0.00,309.00,,,,雜項購置或修繕費用,金錢,高雄市三民區****,,否,,,,,,,
375,康裕成,111年高雄市議員選舉,第2次賸餘,1131219,支付當選後與其公務有關之費用,台灣中油股份有限公司油品行銷事業部高雄營業處山東街加油站,06829126,0.00,900.00,,,,油資,金錢,高雄市三民區****,,否,,,,,,,
376,康裕成,111年高雄市議員選舉,第2次賸餘,1131222,支付當選後與其公務有關之費用,德昌文具行,83700991,0.00,159.00,,,,文具用品費用,金錢,高雄市新興區****,,否,,,,,,,
377,康裕成,111年高雄市議員選舉,第2次賸餘,1131223,支付當選後與其公務有關之費用,中華郵政股份有限公司,03741302,0.00,28.00,,,,郵寄競選物品或宣傳廣告費用,金錢,臺北市大安區****,,否,,,,,,,
378,康裕成,111年高雄市議員選舉,第2次賸餘,1131223,支付當選後與其公務有關之費用,中華電信股份有限公司台灣南區電信分公司高雄營運處,19762247,0.00,799.00,,,,電信費用,金錢,高雄市左營區****,,否,,,,,,,
379,康裕成,111年高雄市議員選舉,第2次賸餘,1131223,支付當選後與其公務有關之費用,中華電信股份有限公司台灣南區電信分公司高雄營運處,19762247,0.00,829.00,,,,電信費用,金錢,高雄市左營區****,,否,,,,,,,
380,康裕成,111年高雄市議員選舉,第2次賸餘,1131223,支付當選後與其公務有關之費用,中華電信股份有限公司台灣南區電信分公司高雄營運處,19762247,0.00,1171.00,,,,電信費用,金錢,高雄市左營區****,,否,,,,,,,
381,康裕成,111年高雄市議員選舉,第2次賸餘,1131223,支付當選後與其公務有關之費用,中華電信股份有限公司台灣南區電信分公司高雄營運處,19762247,0.00,1483.00,,,,電信費用,金錢,高雄市左營區****,,否,,,,,,,
382,康裕成,111年高雄市議員選舉,第2次賸餘,1131223,支付當選後與其公務有關之費用,統一超商股份有限公司,22555003,0.00,150.00,,,,其他與交通旅運有關之費用,金錢,臺北市松山區****,,否,,,,,,,
383,康裕成,111年高雄市議員選舉,第2次賸餘,1131224,支付當選後與其公務有關之費用,帝王天下大廈管理委員會,70995297,0.00,30000.00,,,,停車費,金錢,高雄市三民區****,,否,,,,,,,
384,康裕成,111年高雄市議員選舉,第2次賸餘,1131224,支付當選後與其公務有關之費用,帝王天下大廈管理委員會,70995297,0.00,1010.00,,,,其他與租用競選辦事處有關之費用,金錢,高雄市三民區****,,否,,,,,,,
385,康裕成,111年高雄市議員選舉,第2次賸餘,1131224,支付當選後與其公務有關之費用,竑穗興業股份有限公司金馬營業處,91489423,0.00,15.00,,,,停車費,金錢,高雄市苓雅區****,,否,,,,,,,
386,康裕成,111年高雄市議員選舉,第2次賸餘,1131224,支付當選後與其公務有關之費用,竑穗興業股份有限公司金馬營業處,91489423,0.00,15.00,,,,停車費,金錢,高雄市苓雅區****,,否,,,,,,,
387,康裕成,111年高雄市議員選舉,第2次賸餘,1131231,支付當選後與其公務有關之費用,台灣中油股份有限公司油品行銷事業部高雄營業處建國二路加油站,06829174,0.00,903.00,,,,油資,金錢,高雄市三民區****,,否,,,,,,,
