﻿序號,擬參選人／政黨,選舉名稱,申報序號／年度,交易日期,收支科目,捐贈者／支出對象,身分證／統一編號,收入金額,支出金額,捐贈方式,存入專戶日期,返還/繳庫,支出用途,金錢類,地址,聯絡電話,應揭露之支出對象,支出對象之內部人員姓名,支出對象之內部人員職稱,政黨之內部人員姓名,政黨之內部人員職稱,關係,更正註記,資料更正日期
1,蔡武宏,111年高雄市議員選舉,首次申報,1110812,個人捐贈收入,顏才仁,,5000.00,0.00,匯款,1110812,,,金錢,高雄市鳳山區****,,,,,,,,,
2,蔡武宏,111年高雄市議員選舉,首次申報,1111001,匿名捐贈,匿名4,,3800.00,0.00,,,,,非金錢,,,,,,,,,,
3,蔡武宏,111年高雄市議員選舉,首次申報,1111005,匿名捐贈,匿名2,,4800.00,0.00,,,,,非金錢,,,,,,,,,,
4,蔡武宏,111年高雄市議員選舉,首次申報,1111006,匿名捐贈,匿名,,8250.00,0.00,,,,,非金錢,,,,,,,,,,
5,蔡武宏,111年高雄市議員選舉,首次申報,1111007,匿名捐贈,匿名1,,9000.00,0.00,,,,,非金錢,,,,,,,,,,
6,蔡武宏,111年高雄市議員選舉,首次申報,1111011,個人捐贈收入,王育誠,N12*******,50000.00,0.00,匯款,1111011,,,金錢,臺中市南屯區****,,,,,,,,,
7,蔡武宏,111年高雄市議員選舉,首次申報,1111013,匿名捐贈,匿名3,,3900.00,0.00,,,,,非金錢,,,,,,,,,,
8,蔡武宏,111年高雄市議員選舉,首次申報,1111019,營利事業捐贈收入,瀚翔寵物有限公司,85097167,50000.00,0.00,匯款,1111019,,,金錢,高雄市三民區****,,,,,,,,,
9,蔡武宏,111年高雄市議員選舉,首次申報,1111104,個人捐贈收入,莊理忠,,20000.00,0.00,現金,1111108,,,金錢,高雄市前鎮區****,,,,,,,,,
10,蔡武宏,111年高雄市議員選舉,首次申報,1111120,個人捐贈收入,張智鴻,,20000.00,0.00,現金,1111122,,,金錢,高雄市前鎮區****,,,,,,,,,
11,蔡武宏,111年高雄市議員選舉,首次申報,1111120,個人捐贈收入,吳新義,,10000.00,0.00,現金,1111122,,,金錢,高雄市前鎮區****,,,,,,,,,
12,蔡武宏,111年高雄市議員選舉,首次申報,1111122,個人捐贈收入,洪素珍,,20000.00,0.00,現金,1111122,,,金錢,高雄市前鎮區****,,,,,,,,,
13,蔡武宏,111年高雄市議員選舉,首次申報,1111122,營利事業捐贈收入,慶鴻交通股份有限公司,86925121,30000.00,0.00,現金,1111122,,,金錢,高雄市小港區****,,,,,,,,,
14,蔡武宏,111年高雄市議員選舉,首次申報,1111122,營利事業捐贈收入,慶興交通有限公司,89239060,20000.00,0.00,現金,1111122,,,金錢,高雄市小港區****,,,,,,,,,
15,蔡武宏,111年高雄市議員選舉,首次申報,1111124,個人捐贈收入,陳屬,,12000.00,0.00,現金,1111125,,,金錢,高雄市鳳山區****,,,,,,,,,
16,蔡武宏,111年高雄市議員選舉,首次申報,1111124,營利事業捐贈收入,富瑋企業有限公司,23660799,600000.00,0.00,匯款,1111124,,,金錢,高雄市前鎮區****,,,,,,,,,
17,蔡武宏,111年高雄市議員選舉,首次申報,1111124,個人捐贈收入,陳囿竹,Q22*******,100000.00,0.00,匯款,1111124,,,金錢,高雄市苓雅區****,,,,,,,,,
18,蔡武宏,111年高雄市議員選舉,首次申報,1111125,個人捐贈收入,林孟貴,,20000.00,0.00,現金,1111206,,,金錢,高雄市左營區****,,,,,,,,,
19,蔡武宏,111年高雄市議員選舉,首次申報,1111221,其他收入,利息收入,,147.00,0.00,匯款,1111221,,,金錢,,,,,,,,,,
