﻿序號,擬參選人／政黨,選舉名稱,申報序號／年度,交易日期,收支科目,捐贈者／支出對象,身分證／統一編號,收入金額,支出金額,支出用途,金錢類,地址,聯絡電話,資料更正日期
1,台灣維新,,108,1081018,匿名捐贈收入,藍新科技,,1.00,0.00,,金錢,,,
2,台灣維新,,108,1081031,個人捐贈收入,黃小玲,A22*******,10000.00,0.00,,金錢,臺北市大安區****,,
3,台灣維新,,108,1081114,匿名捐贈收入,傅木龍,,1000.00,0.00,,金錢,,,
4,台灣維新,,108,1081115,匿名捐贈收入,0128178246,,300.00,0.00,,金錢,,,
5,台灣維新,,108,1081121,個人捐贈收入,邱士瑋,R12*******,300000.00,0.00,,金錢,N臺南縣新營****,0932*****,
6,台灣維新,,108,1081121,個人捐贈收入,楊秀玲,A22*******,300000.00,0.00,,金錢,臺南市永康區****,0932*****,
7,台灣維新,,108,1081121,個人捐贈收入,郭豐州,R12*******,300000.00,0.00,,金錢,臺北市文山區****,0928*****,
8,台灣維新,,108,1081121,營利事業捐贈收入,協隆行興業有限公司,23949580,100000.00,0.00,,金錢,臺南市仁德區****,,
9,台灣維新,,108,1081121,營利事業捐贈收入,協慶欣業有限公司,97040106,100000.00,0.00,,金錢,臺南市仁德區****,0988*****,
10,台灣維新,,108,1081121,營利事業捐贈收入,友晟企業有限公司,22694933,50000.00,0.00,,金錢,臺南市北區公****,,
11,台灣維新,,108,1081121,個人捐贈收入,陳式皎,Y22*******,50000.00,0.00,,金錢,臺北市文山區****,,
12,台灣維新,,108,1081121,個人捐贈收入,郭椿華,R20*******,300000.00,0.00,,金錢,臺北市大安區****,,
13,台灣維新,,108,1081121,個人捐贈收入,蘇淑萍,R22*******,100000.00,0.00,,金錢,臺南市七股區****,,
14,台灣維新,,108,1081223,個人捐贈收入,黃勝政,R12*******,15000.00,0.00,,金錢,高雄市苓雅區****,0912*****,
15,台灣維新,,108,1081223,其它收入,政治獻金專戶,,9.00,0.00,,金錢,,,
