﻿序號,擬參選人／政黨,選舉名稱,申報序號／年度,交易日期,收支科目,捐贈者／支出對象,身分證／統一編號,收入金額,支出金額,捐贈方式,存入專戶日期,返還/繳庫,支出用途,金錢類,地址,聯絡電話,應揭露之支出對象,支出對象之內部人員姓名,支出對象之內部人員職稱,政黨之內部人員姓名,政黨之內部人員職稱,關係,更正註記,資料更正日期
1,陳傑麟,111年宜蘭縣議員選舉,首次申報,1110905,個人捐贈收入,林健盛,,20000.00,0.00,匯款,1110905,,,金錢,臺北市北投區****,0972*****,,,,,,,,
2,陳傑麟,111年宜蘭縣議員選舉,首次申報,1110926,政黨捐贈收入,親民黨,政黨證字第90號,200000.00,0.00,匯款,1110926,,,金錢,台北市中山區****,(02)*****,,,,,,,,
3,陳傑麟,111年宜蘭縣議員選舉,首次申報,1111020,個人捐贈收入,吳英斌,G12*******,6000.00,0.00,匯款,1111020,,,金錢,宜蘭縣礁溪鄉****,,,,,,,,,
4,陳傑麟,111年宜蘭縣議員選舉,首次申報,1111025,個人捐贈收入,古沂蓁,G22*******,6000.00,0.00,匯款,1111025,,,金錢,宜蘭縣大同鄉****,,,,,,,,,
5,陳傑麟,111年宜蘭縣議員選舉,首次申報,1111110,個人捐贈收入,林美琴,A20*******,5000.00,0.00,匯款,1111110,,,金錢,台北市中山區****,0225*****,,,,,,,,
6,陳傑麟,111年宜蘭縣議員選舉,首次申報,1111112,個人捐贈收入,王健毓,G12*******,10000.00,0.00,現金,1111115,,,金錢,宜蘭縣羅東鎮****,0922*****,,,,,,,,
7,陳傑麟,111年宜蘭縣議員選舉,首次申報,1111116,政黨捐贈收入,親民黨,政黨證字第90號,50000.00,0.00,匯款,1111116,,,金錢,台北市中山區****,(02)*****,,,,,,,,
8,陳傑麟,111年宜蘭縣議員選舉,首次申報,1111118,營利事業捐贈收入,世達興實業股份有限公司,54509019,80000.00,0.00,匯款,1111118,,,金錢,新竹縣竹東鎮****,,,,,,,,,
9,陳傑麟,111年宜蘭縣議員選舉,首次申報,1111118,個人捐贈收入,薛婉菁,D22*******,36000.00,0.00,匯款,1111118,,,金錢,台北市松山區****,,,,,,,,,
10,陳傑麟,111年宜蘭縣議員選舉,首次申報,1111221,其他收入,利息收入,,210.00,0.00,現金,1111221,,,金錢,,,,,,,,,,
