﻿序號,擬參選人／政黨,選舉名稱,申報序號／年度,交易日期,收支科目,捐贈者／支出對象,身分證／統一編號,收入金額,支出金額,支出用途,金錢類,地址,聯絡電話,資料更正日期
1,張小雲,107年鄉(鎮、市)長選舉,首次申報,1071005,人事費用支出,林淑慧,V22*******,0.00,10000.00,月份服務處人員津貼,金錢,臺東縣達仁鄉****,,
2,張小雲,107年鄉(鎮、市)長選舉,首次申報,1071105,人事費用支出,林淑慧,V22*******,0.00,10000.00,月份服務處人員津貼,金錢,臺東縣達仁鄉****,,
3,張小雲,107年鄉(鎮、市)長選舉,首次申報,1071114,宣傳支出,大中企業社,08104984,0.00,5100.00,製作宣傳車廣告看板,金錢,臺東縣太麻里****,,
4,張小雲,107年鄉(鎮、市)長選舉,首次申報,1071119,交通旅運支出,台灣中油股份有限公司,08119993,0.00,740.00,宣傳車油資,金錢,臺東縣大武鄉****,,
5,張小雲,107年鄉(鎮、市)長選舉,首次申報,1071120,交通旅運支出,台灣中油股份有限公司,08119993,0.00,696.00,宣傳車油資,金錢,臺東縣大武鄉****,,
6,張小雲,107年鄉(鎮、市)長選舉,首次申報,1071120,集會支出,參與商號,47504988,0.00,38640.00,租用設備-直播視訊,金錢,臺中市西屯區****,,
7,張小雲,107年鄉(鎮、市)長選舉,首次申報,1071121,交通旅運支出,台灣中油股份有限公司,08119993,0.00,500.00,宣傳車油資,金錢,臺東縣大武鄉****,,
8,張小雲,107年鄉(鎮、市)長選舉,首次申報,1071122,租用宣傳車輛支出,永協電機輪胎行,93721828,0.00,11000.00,維修輪胎,金錢,臺東縣大武鄉****,,
9,張小雲,107年鄉(鎮、市)長選舉,首次申報,1071123,交通旅運支出,南迴加油站股份有限公司,28631823,0.00,1000.00,宣傳車油資,金錢,臺東縣大武鄉****,,
10,張小雲,107年鄉(鎮、市)長選舉,首次申報,1071123,集會支出,勝記商號,29397851,0.00,17200.00,煙火 炮竹,金錢,臺東縣大武鄉****,,
11,張小雲,107年鄉(鎮、市)長選舉,首次申報,1071128,宣傳支出,大武文具書店,78758634,0.00,1150.00,製作競選物品支出（物品名稱-大型參選號碼及文字）,金錢,臺東縣大武鄉****,,
12,張小雲,107年鄉(鎮、市)長選舉,首次申報,1071128,雜支支出,大武文具書店,78758634,0.00,1323.00,文具用品,金錢,臺東縣大武鄉****,,
13,張小雲,107年鄉(鎮、市)長選舉,首次申報,1071128,宣傳支出,大武文具書店,78758634,0.00,127050.00,製作競選物品支出（物品名稱-背心 短T恤 帽子 模擬選票 文宣 手旗 立旗）,金錢,臺東縣大武鄉****,,
14,張小雲,107年鄉(鎮、市)長選舉,首次申報,1071205,人事費用支出,林淑慧,V22*******,0.00,10000.00,月份服務處人員津貼,金錢,臺東縣達仁鄉****,,
15,張小雲,107年鄉(鎮、市)長選舉,首次申報,1080220,返還支出,都藜氏有限公司,42772268,0.00,100000.00,返還,金錢,臺東縣達仁鄉****,,
