﻿序號,擬參選人／政黨,選舉名稱,申報序號／年度,交易日期,收支科目,捐贈者／支出對象,身分證／統一編號,收入金額,支出金額,支出用途,金錢類,地址,聯絡電話,資料更正日期
1,張小雲,107年鄉(鎮、市)長選舉,首次申報,1071005,營利事業捐贈收入,都藜氏有限公司,42772268,100000.00,0.00,,金錢,臺東縣達仁鄉****,,
2,張小雲,107年鄉(鎮、市)長選舉,首次申報,1071110,個人捐贈收入,朱連惠,V22*******,5000.00,0.00,,金錢,臺東縣達仁鄉****,,
3,張小雲,107年鄉(鎮、市)長選舉,首次申報,1071112,個人捐贈收入,陳楊正華,V12*******,6000.00,0.00,,金錢,臺東縣達仁鄉****,,
4,張小雲,107年鄉(鎮、市)長選舉,首次申報,1071115,個人捐贈收入,徐超斌,V12*******,100000.00,0.00,,金錢,臺東縣臺東市****,,
5,張小雲,107年鄉(鎮、市)長選舉,首次申報,1071119,個人捐贈收入,朱正雄,V12*******,5000.00,0.00,,金錢,臺東縣達仁鄉****,,
