﻿序號,擬參選人／政黨,選舉名稱,申報序號／年度,交易日期,收支科目,捐贈者／支出對象,身分證／統一編號,收入金額,支出金額,支出用途,金錢類,地址,聯絡電話,資料更正日期
1,徐定禎,107年縣(市)長選舉,首次申報,1070605,營利事業捐贈收入,竹祥工業股份有限公司,22998703,300000.00,0.00,,金錢,苗栗縣頭份市****,,
2,徐定禎,107年縣(市)長選舉,首次申報,1070606,個人捐贈收入,陳永鎮,K12*******,100000.00,0.00,,金錢,苗栗縣竹南鎮****,0937*****,
3,徐定禎,107年縣(市)長選舉,首次申報,1070606,個人捐贈收入,劉寶妹,K22*******,100000.00,0.00,,金錢,苗栗縣頭份市****,0932*****,
4,徐定禎,107年縣(市)長選舉,首次申報,1070607,營利事業捐贈收入,漢光精機股份有限公司,23553186,200000.00,0.00,,金錢,苗栗縣竹南鎮****,6646*****,
5,徐定禎,107年縣(市)長選舉,首次申報,1070607,個人捐贈收入,謝榮富,K12*******,100000.00,0.00,,金錢,苗栗縣竹南鎮****,0937*****,
6,徐定禎,107年縣(市)長選舉,首次申報,1070607,個人捐贈收入,阮光明,K12*******,100000.00,0.00,,金錢,苗栗縣竹南鎮****,0937*****,
7,徐定禎,107年縣(市)長選舉,首次申報,1070607,個人捐贈收入,張月琳,K22*******,100000.00,0.00,,金錢,苗栗縣竹南鎮****,0933*****,
8,徐定禎,107年縣(市)長選舉,首次申報,1070621,其他收入,利息收入,,65.00,0.00,,金錢,,,
9,徐定禎,107年縣(市)長選舉,首次申報,1070730,個人捐贈收入,林世欽,F12*******,100000.00,0.00,,金錢,臺北市士林區****,0222*****,
10,徐定禎,107年縣(市)長選舉,首次申報,1070809,個人捐贈收入,龍秀珠,J20*******,15000.00,0.00,,金錢,苗栗縣頭份市****,,
11,徐定禎,107年縣(市)長選舉,首次申報,1070811,個人捐贈收入,黃燕英,K22*******,15000.00,0.00,,金錢,苗栗縣頭份市****,0920*****,
12,徐定禎,107年縣(市)長選舉,首次申報,1070811,個人捐贈收入,謝成英,K22*******,15000.00,0.00,,金錢,苗栗縣頭份市****,0930*****,
13,徐定禎,107年縣(市)長選舉,首次申報,1070822,營利事業捐贈收入,四維清潔有限公司,86545234,10000.00,0.00,,金錢,苗栗縣頭份市****,,
14,徐定禎,107年縣(市)長選舉,首次申報,1070831,個人捐贈收入,劉亞寧,A22*******,25000.00,0.00,,金錢,苗栗縣頭份市****,,
15,徐定禎,107年縣(市)長選舉,首次申報,1070831,個人捐贈收入,蔡吉,J10*******,25000.00,0.00,,金錢,苗栗縣頭份市****,,
16,徐定禎,107年縣(市)長選舉,首次申報,1070831,個人捐贈收入,蔡孟福,J12*******,25000.00,0.00,,金錢,苗栗縣頭份市****,,
17,徐定禎,107年縣(市)長選舉,首次申報,1070831,個人捐贈收入,陳秀雲,J20*******,25000.00,0.00,,金錢,苗栗縣頭份市****,,
18,徐定禎,107年縣(市)長選舉,首次申報,1070831,個人捐贈收入,鄭昀欣,Y22*******,20000.00,0.00,,金錢,苗栗縣竹南鎮****,0915*****,
19,徐定禎,107年縣(市)長選舉,首次申報,1070907,個人捐贈收入,杜炫駒,A13*******,2000.00,0.00,,金錢,苗栗縣竹南鎮****,0988*****,
20,徐定禎,107年縣(市)長選舉,首次申報,1070908,個人捐贈收入,黎貴珠,K20*******,6600.00,0.00,,金錢,苗栗縣苗栗市****,,
21,徐定禎,107年縣(市)長選舉,首次申報,1070909,個人捐贈收入,羅慶春,K10*******,6000.00,0.00,,金錢,,,
22,徐定禎,107年縣(市)長選舉,首次申報,1070918,個人捐贈收入,陳周絹,,6000.00,0.00,,金錢,,0918*****,
23,徐定禎,107年縣(市)長選舉,首次申報,1070918,個人捐贈收入,黎貴珠,K20*******,12000.00,0.00,,金錢,苗栗市福麗里****,,
24,徐定禎,107年縣(市)長選舉,首次申報,1070918,個人捐贈收入,林妍榛,K22*******,15000.00,0.00,,金錢,苗栗市玉華里****,,
25,徐定禎,107年縣(市)長選舉,首次申報,1070923,個人捐贈收入,鍾金雄,,3000.00,0.00,,金錢,苗栗縣頭份市****,,
26,徐定禎,107年縣(市)長選舉,首次申報,1070925,個人捐贈收入,張世文,,5000.00,0.00,,金錢,,6639*****,
27,徐定禎,107年縣(市)長選舉,首次申報,1070925,營利事業捐贈收入,陞隆欣業有限公司,59048297,10000.00,0.00,,金錢,苗栗縣頭份市****,,
28,徐定禎,107年縣(市)長選舉,首次申報,1070925,個人捐贈收入,吳興寶,Q10*******,100000.00,0.00,,金錢,嘉義市林森西****,0933*****,
29,徐定禎,107年縣(市)長選舉,首次申報,1070927,個人捐贈收入,張木榮,K10*******,5000.00,0.00,,金錢,苗栗縣頭份市****,,
30,徐定禎,107年縣(市)長選舉,首次申報,1070927,個人捐贈收入,曾琰珽,K12*******,80000.00,0.00,,金錢,苗栗縣三義鄉****,0933*****,
31,徐定禎,107年縣(市)長選舉,首次申報,1070927,個人捐贈收入,曾銘錤,P10*******,90000.00,0.00,,金錢,苗栗縣三義鄉****,0933*****,
32,徐定禎,107年縣(市)長選舉,首次申報,1070927,個人捐贈收入,曾銘俊,P10*******,80000.00,0.00,,金錢,苗栗縣三義鄉****,0933*****,
33,徐定禎,107年縣(市)長選舉,首次申報,1070928,營利事業捐贈收入,志盈科技有限公司,53424750,200000.00,0.00,,金錢,新北市中和區****,02-8*****,
34,徐定禎,107年縣(市)長選舉,首次申報,1070930,個人捐贈收入,鄧維順,,3000.00,0.00,,金錢,臺北市大安區****,0920*****,
35,徐定禎,107年縣(市)長選舉,首次申報,1070930,個人捐贈收入,余俊才,,10000.00,0.00,,金錢,苗栗縣頭份市****,0933*****,
36,徐定禎,107年縣(市)長選舉,首次申報,1070930,個人捐贈收入,陳淑華,,5000.00,0.00,,金錢,臺北市永吉路****,0935*****,
37,徐定禎,107年縣(市)長選舉,首次申報,1070930,匿名捐贈,無名氏,,6000.00,0.00,,金錢,,,
38,徐定禎,107年縣(市)長選舉,首次申報,1070930,營利事業捐贈收入,晉榮有限公司,23307333,30000.00,0.00,,金錢,新北市新店區****,0910*****,
39,徐定禎,107年縣(市)長選舉,首次申報,1070930,營利事業捐贈收入,中華資產鑑定中心股份有限公司,23762796,50000.00,0.00,,金錢,臺北市松山區****,02-2*****,
40,徐定禎,107年縣(市)長選舉,首次申報,1070930,營利事業捐贈收入,中華不動產估價師聯合事務所,48824496,50000.00,0.00,,金錢,臺北市松山區****,0227*****,
41,徐定禎,107年縣(市)長選舉,首次申報,1070930,個人捐贈收入,徐煜輝,K12*******,50000.00,0.00,,金錢,苗栗縣造橋鄉****,0937*****,
42,徐定禎,107年縣(市)長選舉,首次申報,1070930,個人捐贈收入,許維昌,K12*******,10000.00,0.00,,金錢,苗栗縣公館鄉****,0928*****,
43,徐定禎,107年縣(市)長選舉,首次申報,1070930,個人捐贈收入,黎貴珠,K20*******,8888.00,0.00,,金錢,苗栗縣苗栗市****,,
44,徐定禎,107年縣(市)長選舉,首次申報,1071005,個人捐贈收入,莊志宏,K12*******,20000.00,0.00,,金錢,苗栗縣頭份市****,6817*****,
45,徐定禎,107年縣(市)長選舉,首次申報,1071008,個人捐贈收入,陳秋鎮,N12*******,66000.00,0.00,,金錢,苗栗縣頭份市****,,
46,徐定禎,107年縣(市)長選舉,首次申報,1071012,個人捐贈收入,張文彬,K10*******,60000.00,0.00,,金錢,苗栗縣竹南鎮****,,
47,徐定禎,107年縣(市)長選舉,首次申報,1071012,個人捐贈收入,吳銀龍,K10*******,5000.00,0.00,,金錢,苗栗縣頭份市****,,
48,徐定禎,107年縣(市)長選舉,首次申報,1071018,個人捐贈收入,李界義,A12*******,100000.00,0.00,,金錢,臺北市士林區****,0227*****,
49,徐定禎,107年縣(市)長選舉,首次申報,1071018,個人捐贈收入,李怡萱,A22*******,100000.00,0.00,,金錢,臺北市大安區****,0227*****,
50,徐定禎,107年縣(市)長選舉,首次申報,1071018,個人捐贈收入,陳奕如,A22*******,100000.00,0.00,,金錢,臺北市士林區****,0346*****,
51,徐定禎,107年縣(市)長選舉,首次申報,1071018,個人捐贈收入,翁郁恩,A22*******,100000.00,0.00,,金錢,臺北市忠孝東****,0919*****,
52,徐定禎,107年縣(市)長選舉,首次申報,1071018,個人捐贈收入,呂挺正,D12*******,100000.00,0.00,,金錢,臺北市忠孝東****,0913*****,
53,徐定禎,107年縣(市)長選舉,首次申報,1071018,個人捐贈收入,丁方威,E12*******,100000.00,0.00,,金錢,臺北市文山區****,0918*****,
54,徐定禎,107年縣(市)長選舉,首次申報,1071018,個人捐贈收入,郭純吟,F22*******,100000.00,0.00,,金錢,臺北市仁愛路****,0225*****,
55,徐定禎,107年縣(市)長選舉,首次申報,1071018,個人捐贈收入,簡展穎,H12*******,100000.00,0.00,,金錢,桃園市桃園區****,0255*****,
56,徐定禎,107年縣(市)長選舉,首次申報,1071018,個人捐贈收入,簡毓璇,H22*******,100000.00,0.00,,金錢,桃園市桃園區****,0255*****,
57,徐定禎,107年縣(市)長選舉,首次申報,1071018,個人捐贈收入,林榮錦,K10*******,100000.00,0.00,,金錢,臺北市南港區****,0226*****,
58,徐定禎,107年縣(市)長選舉,首次申報,1071018,個人捐贈收入,張麗晴,N22*******,100000.00,0.00,,金錢,新北市汐止區****,0227*****,
59,徐定禎,107年縣(市)長選舉,首次申報,1071018,個人捐贈收入,李玉樹,P12*******,100000.00,0.00,,金錢,桃園市平鎮區****,0227*****,
60,徐定禎,107年縣(市)長選舉,首次申報,1071018,個人捐贈收入,許菁燕,Q22*******,100000.00,0.00,,金錢,嘉義市西區建****,0227*****,
61,徐定禎,107年縣(市)長選舉,首次申報,1071018,個人捐贈收入,賴美英,Q22*******,100000.00,0.00,,金錢,臺北市文山區****,0918*****,
62,徐定禎,107年縣(市)長選舉,首次申報,1071018,個人捐贈收入,林英太,R12*******,100000.00,0.00,,金錢,桃園市楊梅區****,0346*****,
63,徐定禎,107年縣(市)長選舉,首次申報,1071018,個人捐贈收入,林王秀珠,R20*******,100000.00,0.00,,金錢,臺北市金華街****,0928*****,
64,徐定禎,107年縣(市)長選舉,首次申報,1071018,個人捐贈收入,李依蒔,R22*******,100000.00,0.00,,金錢,臺北市通化街****,0628*****,
65,徐定禎,107年縣(市)長選舉,首次申報,1071018,個人捐贈收入,莊千又,T12*******,100000.00,0.00,,金錢,臺北市仁愛路****,0225*****,
66,徐定禎,107年縣(市)長選舉,首次申報,1071018,個人捐贈收入,歐麗珠,X20*******,100000.00,0.00,,金錢,臺北市松山區****,0226*****,
67,徐定禎,107年縣(市)長選舉,首次申報,1071019,營利事業捐贈收入,儷榮科技股份有限公司,12630860,100000.00,0.00,,金錢,臺北市松山區****,0226*****,
68,徐定禎,107年縣(市)長選舉,首次申報,1071019,營利事業捐贈收入,歐室食品股份有限公司,23279224,100000.00,0.00,,金錢,臺北市南港區****,0226*****,
69,徐定禎,107年縣(市)長選舉,首次申報,1071019,營利事業捐贈收入,佳軒可技股份有限公司,27332137,100000.00,0.00,,金錢,臺北市南港區****,0226*****,
70,徐定禎,107年縣(市)長選舉,首次申報,1071019,個人捐贈收入,王擇民,A10*******,100000.00,0.00,,金錢,臺北市大安區****,0937*****,
71,徐定禎,107年縣(市)長選舉,首次申報,1071020,個人捐贈收入,賴力瑋,G12*******,10000.00,0.00,,金錢,苗栗縣頭份市****,,
72,徐定禎,107年縣(市)長選舉,首次申報,1071020,個人捐贈收入,張薰文,K22*******,6000.00,0.00,,金錢,苗栗縣頭份市****,,
73,徐定禎,107年縣(市)長選舉,首次申報,1071022,營利事業捐贈收入,儷榮科技股份有限公司,12630860,100000.00,0.00,,金錢,臺北市松山區****,,
74,徐定禎,107年縣(市)長選舉,首次申報,1071022,營利事業捐贈收入,歐室食品股份有限公司,23279224,100000.00,0.00,,金錢,臺北市南港區****,0226*****,
75,徐定禎,107年縣(市)長選舉,首次申報,1071022,營利事業捐贈收入,佳軒可技股份有限公司,27332137,100000.00,0.00,,金錢,臺北市南港區****,0226*****,
76,徐定禎,107年縣(市)長選舉,首次申報,1071026,營利事業捐贈收入,盈美美容坊,25570718,100000.00,0.00,,金錢,臺北市中山區****,,
77,徐定禎,107年縣(市)長選舉,首次申報,1071026,營利事業捐贈收入,蒂菲美容工作室,26221915,100000.00,0.00,,金錢,臺北市松山區****,,
78,徐定禎,107年縣(市)長選舉,首次申報,1071102,個人捐贈收入,范國揚,J12*******,20000.00,0.00,,金錢,苗栗縣頭份市****,,
79,徐定禎,107年縣(市)長選舉,首次申報,1071102,個人捐贈收入,溫健夫,K10*******,100000.00,0.00,,金錢,臺中市梧棲區****,0932*****,
80,徐定禎,107年縣(市)長選舉,首次申報,1071102,個人捐贈收入,葉錫卿,K12*******,30000.00,0.00,,金錢,苗栗縣苗栗市****,,
81,徐定禎,107年縣(市)長選舉,首次申報,1071102,個人捐贈收入,徐意兼,K12*******,30000.00,0.00,,金錢,苗栗縣頭份市****,,
82,徐定禎,107年縣(市)長選舉,首次申報,1071102,個人捐贈收入,徐金蓮,K20*******,100000.00,0.00,,金錢,臺中市梧棲區****,0932*****,
83,徐定禎,107年縣(市)長選舉,首次申報,1071102,個人捐贈收入,溫淑伶,K22*******,100000.00,0.00,,金錢,臺中市梧棲區****,0932*****,
84,徐定禎,107年縣(市)長選舉,首次申報,1071102,個人捐贈收入,林瓊舒,K22*******,20000.00,0.00,,金錢,苗栗縣頭份市****,,
85,徐定禎,107年縣(市)長選舉,首次申報,1071108,人民團體捐贈收入,社團法人苗栗縣牙醫師公會,,100000.00,0.00,,金錢,苗栗市文山里****,3726*****,
86,徐定禎,107年縣(市)長選舉,首次申報,1071108,個人捐贈收入,蘇錦松,K10*******,10000.00,0.00,,金錢,苗栗縣頭份市****,0933*****,
87,徐定禎,107年縣(市)長選舉,首次申報,1071113,個人捐贈收入,傅和田,K10*******,30000.00,0.00,,金錢,苗栗縣苑裡鎮****,0378*****,
88,徐定禎,107年縣(市)長選舉,首次申報,1071115,人民團體捐贈收入,苗栗縣醫師公會,,100000.00,0.00,,金錢,苗栗市中正路****,3262*****,
89,徐定禎,107年縣(市)長選舉,首次申報,1071115,匿名捐贈,匿名,,10000.00,0.00,,金錢,,,
90,徐定禎,107年縣(市)長選舉,首次申報,1071121,個人捐贈收入,郭明珠,K22*******,50000.00,0.00,,金錢,苗栗縣竹南鎮****,0937*****,
91,徐定禎,107年縣(市)長選舉,首次申報,1071122,個人捐贈收入,林尉軒,F12*******,100000.00,0.00,,金錢,新北市新店區****,0958*****,
92,徐定禎,107年縣(市)長選舉,首次申報,1071122,個人捐贈收入,林佳陵,F22*******,100000.00,0.00,,金錢,臺北市經貿二****,0958*****,
93,徐定禎,107年縣(市)長選舉,首次申報,1071122,個人捐贈收入,游金發,K12*******,100000.00,0.00,,金錢,苗栗縣竹南鎮****,0972*****,
94,徐定禎,107年縣(市)長選舉,首次申報,1071122,個人捐贈收入,游絮雯,K22*******,100000.00,0.00,,金錢,苗栗縣竹南鎮****,0972*****,
95,徐定禎,107年縣(市)長選舉,首次申報,1071122,個人捐贈收入,游閔堯,K22*******,100000.00,0.00,,金錢,苗栗縣竹南鎮****,0972*****,
96,徐定禎,107年縣(市)長選舉,首次申報,1071122,個人捐贈收入,徐美惠,K22*******,100000.00,0.00,,金錢,苗栗縣竹南鎮****,0972*****,
