﻿序號,擬參選人／政黨,選舉名稱,申報序號／年度,交易日期,收支科目,捐贈者／支出對象,身分證／統一編號,收入金額,支出金額,支出用途,金錢類,地址,聯絡電話,資料更正日期
1,吳瓊華,107年直轄市議員選舉,首次申報,1070712,個人捐贈收入,吳銘禧,T12*******,50000.00,0.00,,金錢,臺中市烏日區****,04-2*****,
2,吳瓊華,107年直轄市議員選舉,首次申報,1070725,營利事業捐贈收入,和家行興業有限公司,52943733,20000.00,0.00,,金錢,臺中市南區福****,,
3,吳瓊華,107年直轄市議員選舉,首次申報,1070831,個人捐贈收入,陳春惠,K22*******,100000.00,0.00,,金錢,臺中市潭子區****,,
4,吳瓊華,107年直轄市議員選舉,首次申報,1070831,個人捐贈收入,陳宏維,L22*******,100000.00,0.00,,金錢,臺中市潭子區****,,
5,吳瓊華,107年直轄市議員選舉,首次申報,1070907,營利事業捐贈收入,太格特殊建材股份有限公司,23387498,100000.00,0.00,,金錢,臺中市大雅區****,,
6,吳瓊華,107年直轄市議員選舉,首次申報,1070910,個人捐贈收入,蘇聰賢,S10*******,100000.00,0.00,,金錢,臺北市中山區****,,
7,吳瓊華,107年直轄市議員選舉,首次申報,1070917,營利事業捐贈收入,惠來建設股份有限公司,54127639,100000.00,0.00,,金錢,臺中市西屯區****,,
8,吳瓊華,107年直轄市議員選舉,首次申報,1070917,個人捐贈收入,顏世陸,N12*******,100000.00,0.00,,金錢,臺中市西屯區****,,
9,吳瓊華,107年直轄市議員選舉,首次申報,1070925,個人捐贈收入,黃共仁,N12*******,10000.00,0.00,,金錢,臺中市南區大****,,
10,吳瓊華,107年直轄市議員選舉,首次申報,1071005,個人捐贈收入,張曦予,B22*******,100000.00,0.00,,金錢,臺中市大里區****,,
11,吳瓊華,107年直轄市議員選舉,首次申報,1071005,個人捐贈收入,柯茂榮,L10*******,50000.00,0.00,,金錢,臺中市大肚區****,,
12,吳瓊華,107年直轄市議員選舉,首次申報,1071005,個人捐贈收入,吳典融,L12*******,100000.00,0.00,,金錢,臺中市大里區****,,
13,吳瓊華,107年直轄市議員選舉,首次申報,1071008,個人捐贈收入,林美鳳,M22*******,50000.00,0.00,,金錢,臺中市龍井區****,,
14,吳瓊華,107年直轄市議員選舉,首次申報,1071008,個人捐贈收入,洪德禮,N12*******,100000.00,0.00,,金錢,臺中市龍井區****,,
15,吳瓊華,107年直轄市議員選舉,首次申報,1071011,個人捐贈收入,黃惠明,,660.00,0.00,,金錢,臺中市南區德****,,
16,吳瓊華,107年直轄市議員選舉,首次申報,1071012,個人捐贈收入,張藝馨,L22*******,6000.00,0.00,,金錢,臺中市烏日區****,,
17,吳瓊華,107年直轄市議員選舉,首次申報,1071015,個人捐贈收入,桑梓軒,B12*******,100000.00,0.00,,金錢,臺中市北屯區****,,
18,吳瓊華,107年直轄市議員選舉,首次申報,1071015,個人捐贈收入,桑壽星,F12*******,100000.00,0.00,,金錢,臺中市北屯區****,,
19,吳瓊華,107年直轄市議員選舉,首次申報,1071017,營利事業捐贈收入,達興建設有限公司,53831503,100000.00,0.00,,金錢,臺中市大里區****,,
20,吳瓊華,107年直轄市議員選舉,首次申報,1071017,個人捐贈收入,張育然,J10*******,50000.00,0.00,,金錢,臺中市北屯區****,,
21,吳瓊華,107年直轄市議員選舉,首次申報,1071017,個人捐贈收入,張藝馨,L22*******,10000.00,0.00,,金錢,臺中市烏日區****,,
22,吳瓊華,107年直轄市議員選舉,首次申報,1071018,營利事業捐贈收入,絜璞國際企業有限公司,54230535,200000.00,0.00,,金錢,臺中市西區華****,,
23,吳瓊華,107年直轄市議員選舉,首次申報,1071018,個人捐贈收入,黃貴美,B20*******,100000.00,0.00,,金錢,臺中市北屯區****,,
24,吳瓊華,107年直轄市議員選舉,首次申報,1071018,個人捐贈收入,楊慈芳,L22*******,100000.00,0.00,,金錢,臺中市西屯區****,,
25,吳瓊華,107年直轄市議員選舉,首次申報,1071018,個人捐贈收入,鄒學維,S12*******,100000.00,0.00,,金錢,臺中市大里區****,,
26,吳瓊華,107年直轄市議員選舉,首次申報,1071019,個人捐贈收入,黃郁珊,L22*******,100000.00,0.00,,金錢,臺中市北屯區****,,
27,吳瓊華,107年直轄市議員選舉,首次申報,1071021,個人捐贈收入,魏明德,L12*******,50000.00,0.00,,金錢,臺中市潭子區****,,
28,吳瓊華,107年直轄市議員選舉,首次申報,1071022,個人捐贈收入,黃靖雯,E22*******,20000.00,0.00,,金錢,臺中市龍井區****,,
29,吳瓊華,107年直轄市議員選舉,首次申報,1071023,營利事業捐贈收入,豐彬製模股份有限公司,22108639,12000.00,0.00,,金錢,臺中市烏日區****,,
30,吳瓊華,107年直轄市議員選舉,首次申報,1071023,營利事業捐贈收入,友典實業股份有限公司,84819552,60000.00,0.00,,金錢,臺中市北屯區****,,
31,吳瓊華,107年直轄市議員選舉,首次申報,1071023,個人捐贈收入,陳清河,L10*******,30000.00,0.00,,金錢,臺中市烏日區****,,
32,吳瓊華,107年直轄市議員選舉,首次申報,1071023,個人捐贈收入,許崇賓,P12*******,16800.00,0.00,,金錢,臺中市烏日區****,,
33,吳瓊華,107年直轄市議員選舉,首次申報,1071028,個人捐贈收入,李崇德,,6000.00,0.00,,金錢,臺中市烏日區****,,
34,吳瓊華,107年直轄市議員選舉,首次申報,1071028,人民團體捐贈收入,臺中市就業服務商業同業公會,,30000.00,0.00,,金錢,台中市南區美****,04-2*****,
35,吳瓊華,107年直轄市議員選舉,首次申報,1071028,個人捐贈收入,楊惠斌,,1000.00,0.00,,金錢,,0929*****,
36,吳瓊華,107年直轄市議員選舉,首次申報,1071028,營利事業捐贈收入,鉑峰實業股份有限公司,27785519,100000.00,0.00,,金錢,臺中市南屯區****,,
37,吳瓊華,107年直轄市議員選舉,首次申報,1071028,營利事業捐贈收入,尚群環境維護事業有限公司,96898030,60000.00,0.00,,金錢,臺中市北區崇****,,
38,吳瓊華,107年直轄市議員選舉,首次申報,1071028,個人捐贈收入,黃聖芳,B12*******,10000.00,0.00,,金錢,臺中市烏日區****,,
39,吳瓊華,107年直轄市議員選舉,首次申報,1071028,個人捐贈收入,蔡文傑,L10*******,2000.00,0.00,,金錢,臺中市烏日區****,,
40,吳瓊華,107年直轄市議員選舉,首次申報,1071028,個人捐贈收入,陳忠信,L10*******,2000.00,0.00,,金錢,臺中市西區四****,,
41,吳瓊華,107年直轄市議員選舉,首次申報,1071028,個人捐贈收入,鍾朝全,L10*******,100000.00,0.00,,金錢,臺中市豐原區****,,
42,吳瓊華,107年直轄市議員選舉,首次申報,1071028,個人捐贈收入,鄧國興,L12*******,5000.00,0.00,,金錢,臺中市大里區****,,
43,吳瓊華,107年直轄市議員選舉,首次申報,1071028,個人捐贈收入,楊紹鑫,L12*******,20000.00,0.00,,金錢,臺中市烏日區****,,
44,吳瓊華,107年直轄市議員選舉,首次申報,1071028,個人捐贈收入,林進雄,L12*******,2000.00,0.00,,金錢,臺中市烏日區****,,
45,吳瓊華,107年直轄市議員選舉,首次申報,1071028,個人捐贈收入,林麗娟,L22*******,12000.00,0.00,,金錢,,04-2*****,
46,吳瓊華,107年直轄市議員選舉,首次申報,1071028,個人捐贈收入,洪偉銘,N12*******,5000.00,0.00,,金錢,臺中市烏日區****,,
47,吳瓊華,107年直轄市議員選舉,首次申報,1071028,個人捐贈收入,陳盈壽,Q12*******,30000.00,0.00,,金錢,臺中市南區仁****,,
48,吳瓊華,107年直轄市議員選舉,首次申報,1071029,個人捐贈收入,李水粉,L20*******,20000.00,0.00,,金錢,臺中市南區大****,,
49,吳瓊華,107年直轄市議員選舉,首次申報,1071030,個人捐贈收入,周忠壽,P12*******,60000.00,0.00,,金錢,桃園市平鎮區****,,
50,吳瓊華,107年直轄市議員選舉,首次申報,1071031,個人捐贈收入,李弘元,S10*******,20000.00,0.00,,金錢,台中市烏日區****,,
51,吳瓊華,107年直轄市議員選舉,首次申報,1071101,個人捐贈收入,陳清為,L10*******,30000.00,0.00,,金錢,臺中市烏日區****,,
52,吳瓊華,107年直轄市議員選舉,首次申報,1071102,個人捐贈收入,陳芳如,P22*******,60000.00,0.00,,金錢,臺中市烏日區****,,
53,吳瓊華,107年直轄市議員選舉,首次申報,1071104,營利事業捐贈收入,大象模具工業股份有限公司,22704502,6000.00,0.00,,金錢,臺中市烏日區****,,
54,吳瓊華,107年直轄市議員選舉,首次申報,1071104,營利事業捐贈收入,鼎盛工業股份有限公司,54764502,6000.00,0.00,,金錢,臺中市烏日區****,,
55,吳瓊華,107年直轄市議員選舉,首次申報,1071104,個人捐贈收入,蔡育湘,L22*******,6000.00,0.00,,金錢,臺中市烏日區****,,
56,吳瓊華,107年直轄市議員選舉,首次申報,1071106,個人捐贈收入,康聰賢,L12*******,30000.00,0.00,,金錢,臺中市烏日區****,,
57,吳瓊華,107年直轄市議員選舉,首次申報,1071106,個人捐贈收入,林麗華,L22*******,20000.00,0.00,,金錢,臺中市烏日區****,,
58,吳瓊華,107年直轄市議員選舉,首次申報,1071112,營利事業捐贈收入,祺錩機械工業有限公司,84437175,120000.00,0.00,,金錢,臺中市烏日區****,,
59,吳瓊華,107年直轄市議員選舉,首次申報,1071113,營利事業捐贈收入,鑫傳視訊廣告股份有限公司,16089901,20000.00,0.00,,金錢,臺中市梧棲區****,,
60,吳瓊華,107年直轄市議員選舉,首次申報,1071113,個人捐贈收入,蔡松年,A12*******,60000.00,0.00,,金錢,臺北市中正區****,,
61,吳瓊華,107年直轄市議員選舉,首次申報,1071113,個人捐贈收入,莊柏彥,L12*******,30000.00,0.00,,金錢,臺中市烏日區****,,
62,吳瓊華,107年直轄市議員選舉,首次申報,1071113,個人捐贈收入,陳健隆,L12*******,100000.00,0.00,,金錢,臺中市烏日區****,,
63,吳瓊華,107年直轄市議員選舉,首次申報,1071116,個人捐贈收入,廖玉雪,L20*******,6000.00,0.00,,金錢,臺中市烏日區****,,
64,吳瓊華,107年直轄市議員選舉,首次申報,1071116,個人捐贈收入,陳香貴,L20*******,100000.00,0.00,,金錢,臺中市烏日區****,,
65,吳瓊華,107年直轄市議員選舉,首次申報,1071122,個人捐贈收入,黃鴻圖,N10*******,100000.00,0.00,,金錢,臺中市大雅區****,,
66,吳瓊華,107年直轄市議員選舉,首次申報,1071123,個人捐贈收入,林坤泉,B10*******,15000.00,0.00,,金錢,臺中市烏日區****,,
67,吳瓊華,107年直轄市議員選舉,首次申報,1071221,其他收入,利息收入,,172.00,0.00,,金錢,,,
