﻿序號,擬參選人／政黨,選舉名稱,申報序號／年度,交易日期,收支科目,捐贈者／支出對象,身分證／統一編號,收入金額,支出金額,支出用途,金錢類,地址,聯絡電話,資料更正日期
1,陳秀玲,107年鄉(鎮、市)民代表選舉,首次申報,1070930,營利事業捐贈收入,冠欣五金企業有限公司,28496684,50000.00,0.00,,非金錢,彰化縣秀水鄉****,04-7*****,
2,陳秀玲,107年鄉(鎮、市)民代表選舉,首次申報,1071001,營利事業捐贈收入,冠欣五金企業有限公司,28496684,50000.00,0.00,,非金錢,彰化縣秀水鄉****,04-7*****,
3,陳秀玲,107年鄉(鎮、市)民代表選舉,首次申報,1071112,個人捐贈收入,林映嶸,,3000.00,0.00,,金錢,彰化縣彰化市****,0919*****,
4,陳秀玲,107年鄉(鎮、市)民代表選舉,首次申報,1071118,個人捐贈收入,林慶義,,5000.00,0.00,,金錢,臺中市文心路****,0938*****,
5,陳秀玲,107年鄉(鎮、市)民代表選舉,首次申報,1071118,個人捐贈收入,董勝芬,,5000.00,0.00,,金錢,彰化縣秀水鄉****,0921*****,
6,陳秀玲,107年鄉(鎮、市)民代表選舉,首次申報,1071118,個人捐贈收入,張瑋峻,,5000.00,0.00,,金錢,彰化縣埔心鄉****,0980*****,
7,陳秀玲,107年鄉(鎮、市)民代表選舉,首次申報,1071118,個人捐贈收入,白銀樹,,10000.00,0.00,,金錢,彰化縣福興鄉****,0910*****,
8,陳秀玲,107年鄉(鎮、市)民代表選舉,首次申報,1071118,個人捐贈收入,陳鐵勇,,6000.00,0.00,,金錢,彰化縣秀水鄉****,0910*****,
9,陳秀玲,107年鄉(鎮、市)民代表選舉,首次申報,1071118,個人捐贈收入,李文燦,,6000.00,0.00,,金錢,彰化縣秀水鄉****,0932*****,
10,陳秀玲,107年鄉(鎮、市)民代表選舉,首次申報,1071118,個人捐贈收入,梁忠仁,N10*******,20000.00,0.00,,金錢,彰化縣福興鄉****,0929*****,
11,陳秀玲,107年鄉(鎮、市)民代表選舉,首次申報,1071118,個人捐贈收入,郭坤發,N12*******,20000.00,0.00,,金錢,彰化縣福興鄉****,0939*****,
12,陳秀玲,107年鄉(鎮、市)民代表選舉,首次申報,1071120,個人捐贈收入,鄭忠慶,,20000.00,0.00,,金錢,彰化縣鹿港鎮****,0917*****,
13,陳秀玲,107年鄉(鎮、市)民代表選舉,首次申報,1071120,個人捐贈收入,柯秀儀,B22*******,20000.00,0.00,,金錢,臺中市南屯區****,0935*****,
14,陳秀玲,107年鄉(鎮、市)民代表選舉,首次申報,1071120,個人捐贈收入,陳文福,N10*******,60000.00,0.00,,金錢,彰化縣福興鄉****,0910*****,
15,陳秀玲,107年鄉(鎮、市)民代表選舉,首次申報,1071120,個人捐贈收入,林四振,N10*******,10000.00,0.00,,金錢,彰化縣秀水鄉****,0932*****,
16,陳秀玲,107年鄉(鎮、市)民代表選舉,首次申報,1071120,個人捐贈收入,許安進,N12*******,30000.00,0.00,,金錢,臺北市莊頂路****,0915*****,
17,陳秀玲,107年鄉(鎮、市)民代表選舉,首次申報,1071122,個人捐贈收入,林柏芬,N22*******,100000.00,0.00,,金錢,臺北市中山區****,0936*****,
18,陳秀玲,107年鄉(鎮、市)民代表選舉,首次申報,1071221,其他收入,利息收入,,2.00,0.00,,金錢,,,
