﻿序號,擬參選人／政黨,選舉名稱,申報序號／年度,交易日期,收支科目,捐贈者／支出對象,身分證／統一編號,收入金額,支出金額,捐贈方式,存入專戶日期,返還/繳庫,支出用途,金錢類,地址,聯絡電話,應揭露之支出對象,支出對象之內部人員姓名,支出對象之內部人員職稱,政黨之內部人員姓名,政黨之內部人員職稱,關係,更正註記,資料更正日期
1,陳宜,111年基隆市議員選舉,首次申報,1110602,雜支支出,應援科技股份有限公司,,0.00,3.00,,,,給付金融機構代收付作業之手續費,金錢,臺北市內湖區****,02-2*****,否,,,,,,,
2,陳宜,111年基隆市議員選舉,首次申報,1110610,雜支支出,應援科技股份有限公司,,0.00,465.00,,,,給付金融機構代收付作業之手續費,金錢,臺北市內湖區****,02-2*****,否,,,,,,,
3,陳宜,111年基隆市議員選舉,首次申報,1110624,雜支支出,應援科技股份有限公司,,0.00,120.00,,,,給付金融機構代收付作業之手續費,金錢,臺北市內湖區****,02-2*****,否,,,,,,,
4,陳宜,111年基隆市議員選舉,首次申報,1110701,雜支支出,應援科技股份有限公司,,0.00,100.00,,,,給付金融機構代收付作業之手續費,金錢,臺北市內湖區****,02-2*****,否,,,,,,,
5,陳宜,111年基隆市議員選舉,首次申報,1110822,雜支支出,台灣萬事達金流股份有限公司,,0.00,181.00,,,,給付金融機構代收付作業之手續費,金錢,臺北市中正區****,02-2*****,否,,,,,,,
6,陳宜,111年基隆市議員選舉,首次申報,1110830,雜支支出,台灣萬事達金流股份有限公司,,0.00,87.00,,,,給付金融機構代收付作業之手續費,金錢,臺北市中正區****,02-2*****,否,,,,,,,
7,陳宜,111年基隆市議員選舉,首次申報,1110902,雜支支出,台灣萬事達金流股份有限公司,,0.00,399.00,,,,給付金融機構代收付作業之手續費,金錢,臺北市中正區****,02-2*****,否,,,,,,,
8,陳宜,111年基隆市議員選舉,首次申報,1111007,雜支支出,台灣萬事達金流股份有限公司,,0.00,214.00,,,,給付金融機構代收付作業之手續費,金錢,臺北市中正區****,02-2*****,否,,,,,,,
9,陳宜,111年基隆市議員選舉,首次申報,1111017,雜支支出,台灣萬事達金流股份有限公司,,0.00,57.00,,,,給付金融機構代收付作業之手續費,金錢,臺北市中正區****,02-2*****,否,,,,,,,
10,陳宜,111年基隆市議員選舉,首次申報,1111019,雜支支出,台灣萬事達金流股份有限公司,,0.00,43.00,,,,給付金融機構代收付作業之手續費,金錢,臺北市中正區****,02-2*****,否,,,,,,,
11,陳宜,111年基隆市議員選舉,首次申報,1111103,雜支支出,台灣萬事達金流股份有限公司,,0.00,54.00,,,,給付金融機構代收付作業之手續費,金錢,臺北市中正區****,02-2*****,否,,,,,,,
12,陳宜,111年基隆市議員選舉,首次申報,1111116,宣傳支出,藝泰廣告社,41002214,0.00,77710.00,,,,製作競選物品或宣傳廣告費用（廣告看板）,金錢,基隆市安樂區****,,否,,,,,,,
13,陳宜,111年基隆市議員選舉,首次申報,1111125,返還捐贈支出,京揚營造股份有限公司,84413080,0.00,20000.00,,,,返還,金錢,基隆市中正區****,,否,,,,,,,
14,陳宜,111年基隆市議員選舉,首次申報,1111130,宣傳支出,品澄國際有限公司,24410356,0.00,105000.00,,,,製作競選物品或宣傳廣告費用（戶外廣告）,金錢,基隆市安樂區****,,否,,,,,,,
15,陳宜,111年基隆市議員選舉,首次申報,1111130,宣傳支出,品澄國際有限公司,24410356,0.00,47815.00,,,,製作競選物品或宣傳廣告費用（帆布製作安裝）,金錢,基隆市安樂區****,,否,,,,,,,
16,陳宜,111年基隆市議員選舉,首次申報,1111130,人事費用支出,林進誠,C10*******,0.00,60000.00,,,,工資或薪津,金錢,基隆市仁愛區****,,否,,,,,,,
17,陳宜,111年基隆市議員選舉,首次申報,1111130,人事費用支出,高嘉城,C12*******,0.00,60000.00,,,,工資或薪津,金錢,澎湖縣湖西鄉****,,否,,,,,,,
18,陳宜,111年基隆市議員選舉,首次申報,1111130,人事費用支出,蔡良輝,C12*******,0.00,180000.00,,,,工資或薪津,金錢,基隆市信義區****,,否,,,,,,,
19,陳宜,111年基隆市議員選舉,首次申報,1111130,人事費用支出,王淑美,CD3*******,0.00,180000.00,,,,工資或薪津,金錢,基隆市信義區****,,否,,,,,,,
