﻿序號,擬參選人／政黨,選舉名稱,申報序號／年度,交易日期,收支科目,捐贈者／支出對象,身分證／統一編號,收入金額,支出金額,支出用途,金錢類,地址,聯絡電話,資料更正日期
1,莊晉貴,107年村(里)長選舉,首次申報,1071007,雜支支出,吉仕多藝術蛋糕,78115324,0.00,1000.00,餐飲費用,金錢,南投縣埔里鎮****,,
2,莊晉貴,107年村(里)長選舉,首次申報,1071016,宣傳支出,韋慶工程行,17630782,0.00,13000.00,演講或表演支出(搭架+舞台),金錢,新北市板橋區****,,
3,莊晉貴,107年村(里)長選舉,首次申報,1071016,雜支支出,瑞豐電料行,19874398,0.00,6400.00,雜項購置或修繕費用(LED燈),金錢,新北市板橋區****,,
4,莊晉貴,107年村(里)長選舉,首次申報,1071016,雜支支出,瑞豐電料行,19874398,0.00,900.00,雜項購置或修繕費用,金錢,新北市板橋區****,,
5,莊晉貴,107年村(里)長選舉,首次申報,1071016,雜支支出,亮麗人生花坊,67796490,0.00,3000.00,雜項購置或修繕費用,金錢,新北市板橋區****,,
6,莊晉貴,107年村(里)長選舉,首次申報,1071017,雜支支出,中華電信,92887342,0.00,167.00,電信費用,金錢,新北市永和區****,,
7,莊晉貴,107年村(里)長選舉,首次申報,1071120,公共關係費用支出,文成果菜行,,0.00,11250.00,聯誼交際費用,金錢,新北市板橋區****,,
8,莊晉貴,107年村(里)長選舉,首次申報,1071120,雜支支出,一路發水果行,10509363,0.00,443.00,餐飲費用,金錢,新北市板橋區****,,
9,莊晉貴,107年村(里)長選舉,首次申報,1071120,雜支支出,鴻昌商行,34781784,0.00,735.00,雜項購置或修繕費用,金錢,新北市板橋區****,,
