﻿序號,擬參選人／政黨,選舉名稱,申報序號／年度,交易日期,收支科目,捐贈者／支出對象,身分證／統一編號,收入金額,支出金額,支出用途,金錢類,地址,聯絡電話,資料更正日期
1,林姿妙,107年縣(市)長選舉,首次申報,1070730,匿名捐贈,楊珊珊,,5000.00,0.00,,金錢,,,
2,林姿妙,107年縣(市)長選舉,首次申報,1070809,營利事業捐贈收入,台灣半導體股份有限公司,34286449,500000.00,0.00,,金錢,新北市新店區****,,
3,林姿妙,107年縣(市)長選舉,首次申報,1070813,營利事業捐贈收入,中工機械股份有限公司,97170064,200000.00,0.00,,金錢,高雄市苓雅區****,,
4,林姿妙,107年縣(市)長選舉,首次申報,1070813,個人捐贈收入,沈慶光,A10*******,100000.00,0.00,,金錢,台北市松山區****,,
5,林姿妙,107年縣(市)長選舉,首次申報,1070813,個人捐贈收入,譚令玫,F22*******,100000.00,0.00,,金錢,臺北市松山區****,,
6,林姿妙,107年縣(市)長選舉,首次申報,1070813,個人捐贈收入,林玟璇,G22*******,100000.00,0.00,,金錢,臺北市南港區****,,
7,林姿妙,107年縣(市)長選舉,首次申報,1070820,營利事業捐贈收入,新源投資股份有限公司,16660549,300000.00,0.00,,金錢,重新路段號樓****,,
8,林姿妙,107年縣(市)長選舉,首次申報,1070820,營利事業捐贈收入,寶慶投資股份有限公司,23221602,300000.00,0.00,,金錢,臺北市信義區****,,
9,林姿妙,107年縣(市)長選舉,首次申報,1070828,個人捐贈收入,胡藝臻,F22*******,50000.00,0.00,,金錢,臺北市大安區****,,
10,林姿妙,107年縣(市)長選舉,首次申報,1070828,個人捐贈收入,吳芷容,P22*******,100000.00,0.00,,金錢,臺南市善化區****,,
11,林姿妙,107年縣(市)長選舉,首次申報,1070828,個人捐贈收入,許玉瞞,Q22*******,50000.00,0.00,,金錢,新北市新莊區****,,
12,林姿妙,107年縣(市)長選舉,首次申報,1070906,營利事業捐贈收入,佳瑪百貨股份有限公司,80234156,300000.00,0.00,,金錢,新北市蘆洲區****,,
13,林姿妙,107年縣(市)長選舉,首次申報,1070914,個人捐贈收入,金世朋,B10*******,10000.00,0.00,,金錢,臺北市大安區****,,
14,林姿妙,107年縣(市)長選舉,首次申報,1071001,個人捐贈收入,劉建良,G12*******,100000.00,0.00,,金錢,宜蘭縣冬山鄉****,03-9*****,
15,林姿妙,107年縣(市)長選舉,首次申報,1071001,個人捐贈收入,劉諺穎,G12*******,100000.00,0.00,,金錢,宜蘭縣冬山鄉****,03-9*****,
16,林姿妙,107年縣(市)長選舉,首次申報,1071001,個人捐贈收入,陳月女,G20*******,100000.00,0.00,,金錢,宜蘭縣冬山鄉****,03-9*****,
17,林姿妙,107年縣(市)長選舉,首次申報,1071004,個人捐贈收入,羅哲紀,A10*******,100000.00,0.00,,金錢,宜蘭縣冬山鄉****,03-9*****,
18,林姿妙,107年縣(市)長選舉,首次申報,1071004,個人捐贈收入,王翊官,E22*******,100000.00,0.00,,金錢,新北市鶯歌區****,02-7*****,
19,林姿妙,107年縣(市)長選舉,首次申報,1071014,個人捐贈收入,李健銘,C12*******,100.00,0.00,,金錢,宜蘭縣礁溪鄉****,,
20,林姿妙,107年縣(市)長選舉,首次申報,1071016,匿名捐贈,謝鴻祥,,4000.00,0.00,,非金錢,,,
21,林姿妙,107年縣(市)長選舉,首次申報,1071016,個人捐贈收入,陳怡萍,B22*******,10000.00,0.00,,非金錢,宜蘭縣大同鄉****,03-9*****,
22,林姿妙,107年縣(市)長選舉,首次申報,1071016,個人捐贈收入,許慶文,G12*******,8500.00,0.00,,非金錢,西安街巷號****,0395*****,
23,林姿妙,107年縣(市)長選舉,首次申報,1071017,營利事業捐贈收入,元福商店,42010901,12630.00,0.00,,非金錢,宜蘭縣羅東鎮****,9547*****,
24,林姿妙,107年縣(市)長選舉,首次申報,1071018,匿名捐贈,李德鏗,,10000.00,0.00,,金錢,,,
25,林姿妙,107年縣(市)長選舉,首次申報,1071019,匿名捐贈,江彰模,,3600.00,0.00,,金錢,,,
26,林姿妙,107年縣(市)長選舉,首次申報,1071019,個人捐贈收入,陳俊傑,,9500.00,0.00,,非金錢,宜蘭縣羅東鎮****,,
27,林姿妙,107年縣(市)長選舉,首次申報,1071019,營利事業捐贈收入,蜡藝實業股份有限公司,23577048,60000.00,0.00,,金錢,宜蘭縣蘇澳鎮****,,
28,林姿妙,107年縣(市)長選舉,首次申報,1071019,營利事業捐贈收入,復岡有限公司,23689228,30000.00,0.00,,金錢,宜蘭縣五結鄉****,03-9*****,
29,林姿妙,107年縣(市)長選舉,首次申報,1071019,營利事業捐贈收入,荃揚企業社,29326462,30000.00,0.00,,金錢,宜蘭縣五結鄉****,,
30,林姿妙,107年縣(市)長選舉,首次申報,1071019,營利事業捐贈收入,聯大房地產,40972557,30000.00,0.00,,金錢,宜蘭縣五結鄉****,03-9*****,
31,林姿妙,107年縣(市)長選舉,首次申報,1071019,營利事業捐贈收入,瑞岡工程有限公司,42969311,30000.00,0.00,,金錢,宜蘭縣羅東鎮****,,
32,林姿妙,107年縣(市)長選舉,首次申報,1071019,營利事業捐贈收入,台灣黎達股份有限公司,84675056,30000.00,0.00,,金錢,宜蘭縣羅東鎮****,03-9*****,
33,林姿妙,107年縣(市)長選舉,首次申報,1071019,營利事業捐贈收入,至民實業股份有限公司,84984882,30000.00,0.00,,金錢,宜蘭縣五結鄉****,,
34,林姿妙,107年縣(市)長選舉,首次申報,1071019,個人捐贈收入,林棟樑,G12*******,30000.00,0.00,,金錢,宜蘭縣羅東鎮****,0937*****,
35,林姿妙,107年縣(市)長選舉,首次申報,1071019,個人捐贈收入,楊桐峯,G12*******,50000.00,0.00,,金錢,宜蘭縣羅東鎮****,,
36,林姿妙,107年縣(市)長選舉,首次申報,1071019,個人捐贈收入,謝佩玲,G20*******,36000.00,0.00,,金錢,宜蘭縣羅東鎮****,,
37,林姿妙,107年縣(市)長選舉,首次申報,1071020,匿名捐贈,楊丕水,,6000.00,0.00,,非金錢,,,
38,林姿妙,107年縣(市)長選舉,首次申報,1071020,人民團體捐贈收入,財團法人感恩社會福利慈善基金會,,10000.00,0.00,,金錢,宜蘭縣羅東鎮****,03-9*****,
39,林姿妙,107年縣(市)長選舉,首次申報,1071020,營利事業捐贈收入,勵榮有限公司,13009412,20000.00,0.00,,金錢,宜蘭縣冬山鄉****,039-*****,
40,林姿妙,107年縣(市)長選舉,首次申報,1071020,營利事業捐贈收入,諾貝爾食品有限公司羅東門市,31618107,48000.00,0.00,,非金錢,宜蘭縣羅東鎮****,,
41,林姿妙,107年縣(市)長選舉,首次申報,1071020,營利事業捐贈收入,味芳小吃部,40600466,50000.00,0.00,,金錢,宜蘭縣羅東鎮****,,
42,林姿妙,107年縣(市)長選舉,首次申報,1071020,營利事業捐贈收入,新生舊貨行,41818420,50000.00,0.00,,金錢,宜蘭縣五結鄉****,,
43,林姿妙,107年縣(市)長選舉,首次申報,1071020,營利事業捐贈收入,圓心圓國際事業股份有限公,53968970,10000.00,0.00,,金錢,宜蘭縣羅東鎮****,,
44,林姿妙,107年縣(市)長選舉,首次申報,1071020,營利事業捐贈收入,力佑國際營造股份有限公司,86410799,1000.00,0.00,,金錢,軍福十三路號****,,
45,林姿妙,107年縣(市)長選舉,首次申報,1071020,個人捐贈收入,袁智麗,A20*******,3000.00,0.00,,金錢,宜蘭縣冬山鄉****,,
46,林姿妙,107年縣(市)長選舉,首次申報,1071020,個人捐贈收入,彭清和,F10*******,10000.00,0.00,,金錢,臺中市大里區****,,
47,林姿妙,107年縣(市)長選舉,首次申報,1071020,個人捐贈收入,簡文魁,G10*******,50000.00,0.00,,金錢,宜蘭縣壯圍鄉****,,
48,林姿妙,107年縣(市)長選舉,首次申報,1071020,個人捐贈收入,邱吉村,G10*******,26000.00,0.00,,金錢,宜蘭縣五結鄉****,,
49,林姿妙,107年縣(市)長選舉,首次申報,1071020,個人捐贈收入,黃汾鼎,G10*******,10000.00,0.00,,金錢,羅東鎮中山西****,,
50,林姿妙,107年縣(市)長選舉,首次申報,1071020,個人捐贈收入,邱聰寶,G10*******,6000.00,0.00,,金錢,宜蘭縣羅東鎮****,,
51,林姿妙,107年縣(市)長選舉,首次申報,1071020,個人捐贈收入,蕭吟容,G20*******,6000.00,0.00,,金錢,,,
52,林姿妙,107年縣(市)長選舉,首次申報,1071020,個人捐贈收入,周子昂,J12*******,20000.00,0.00,,金錢,宜蘭縣羅東鎮****,,
53,林姿妙,107年縣(市)長選舉,首次申報,1071021,個人捐贈收入,李龍墉,G10*******,10000.00,0.00,,金錢,宜蘭縣五結鄉****,,
54,林姿妙,107年縣(市)長選舉,首次申報,1071022,個人捐贈收入,楊錫圳,G10*******,10000.00,0.00,,金錢,宜蘭縣宜蘭市****,0952*****,
55,林姿妙,107年縣(市)長選舉,首次申報,1071022,個人捐贈收入,林豐章,G12*******,8888.00,0.00,,金錢,宜蘭縣羅東鎮****,0933*****,
56,林姿妙,107年縣(市)長選舉,首次申報,1071022,個人捐贈收入,吳昕穎,G20*******,50000.00,0.00,,金錢,宜蘭縣羅東鎮****,03-9*****,
57,林姿妙,107年縣(市)長選舉,首次申報,1071023,匿名捐贈,林育銘,,6000.00,0.00,,金錢,,,
58,林姿妙,107年縣(市)長選舉,首次申報,1071023,個人捐贈收入,李榮茂,G12*******,5000.00,0.00,,金錢,宜蘭縣三星鄉****,03-9*****,
59,林姿妙,107年縣(市)長選舉,首次申報,1071024,營利事業捐贈收入,嘉瑞開發股份有限公司,24484547,100000.00,0.00,,金錢,臺北市中山區****,,
60,林姿妙,107年縣(市)長選舉,首次申報,1071024,營利事業捐贈收入,嘉瑞開發股份有限公司,24484547,100000.00,0.00,,金錢,臺北市中山區****,,
61,林姿妙,107年縣(市)長選舉,首次申報,1071024,營利事業捐贈收入,全信製藥有限公司,40064253,100000.00,0.00,,金錢,宜蘭縣宜蘭市****,,
62,林姿妙,107年縣(市)長選舉,首次申報,1071024,個人捐贈收入,陳憲明,G10*******,10000.00,0.00,,金錢,宜蘭縣羅東鎮****,,
63,林姿妙,107年縣(市)長選舉,首次申報,1071025,營利事業捐贈收入,立泰預拌混凝土工業有限公司,84236655,30000.00,0.00,,金錢,宜蘭縣冬山鄉****,0399*****,
64,林姿妙,107年縣(市)長選舉,首次申報,1071025,政黨捐贈收入,中國國民黨,政黨證字第1號,500000.00,0.00,,金錢,台北市中山區****,(02)*****,
65,林姿妙,107年縣(市)長選舉,首次申報,1071026,個人捐贈收入,林泗潭,G10*******,3000.00,0.00,,金錢,宜蘭縣羅東鎮****,,
66,林姿妙,107年縣(市)長選舉,首次申報,1071026,個人捐贈收入,詹慶彬,V10*******,100000.00,0.00,,金錢,臺北市松山區****,0939*****,
67,林姿妙,107年縣(市)長選舉,首次申報,1071027,營利事業捐贈收入,浴長龍營造有限公司,42785236,23900.00,0.00,,非金錢,宜蘭縣員山鄉****,03-9*****,
68,林姿妙,107年縣(市)長選舉,首次申報,1071028,人民團體捐贈收入,宜蘭縣總工會,,30000.00,0.00,,金錢,宜蘭市環河路****,9322*****,
69,林姿妙,107年縣(市)長選舉,首次申報,1071028,個人捐贈收入,林榮發,G12*******,60000.00,0.00,,金錢,宜蘭縣羅東鎮****,,
70,林姿妙,107年縣(市)長選舉,首次申報,1071028,個人捐贈收入,陳秋梅,G20*******,6000.00,0.00,,金錢,宜蘭縣羅東鎮****,03-9*****,
71,林姿妙,107年縣(市)長選舉,首次申報,1071029,營利事業捐贈收入,瑞時科技國際有限公司,54534523,6000.00,0.00,,金錢,宜蘭縣三星鄉****,,
72,林姿妙,107年縣(市)長選舉,首次申報,1071029,個人捐贈收入,陳金芳,G10*******,30000.00,0.00,,金錢,宜蘭縣羅東鎮****,03-9*****,
73,林姿妙,107年縣(市)長選舉,首次申報,1071029,個人捐贈收入,周錫琦,G12*******,50000.00,0.00,,金錢,宜蘭縣羅東鎮****,,
74,林姿妙,107年縣(市)長選舉,首次申報,1071029,個人捐贈收入,莊禮綸,G22*******,20000.00,0.00,,金錢,宜蘭縣羅東鎮****,03-9*****,
75,林姿妙,107年縣(市)長選舉,首次申報,1071031,營利事業捐贈收入,燿華電子股份有限公司,05637971,250000.00,0.00,,金錢,新北市土城區****,02-2*****,
76,林姿妙,107年縣(市)長選舉,首次申報,1071031,營利事業捐贈收入,達泰投資股份有限公司,16743605,250000.00,0.00,,金錢,臺北市大安區****,02-2*****,
77,林姿妙,107年縣(市)長選舉,首次申報,1071102,匿名捐贈,盧保漢,,3000.00,0.00,,金錢,,,
78,林姿妙,107年縣(市)長選舉,首次申報,1071102,營利事業捐贈收入,名台食品股份有限公司,80230779,100000.00,0.00,,金錢,宜蘭縣五結鄉****,03-9*****,
79,林姿妙,107年縣(市)長選舉,首次申報,1071102,個人捐贈收入,葉素鑾,K20*******,100000.00,0.00,,金錢,臺北市內湖區****,03-9*****,
80,林姿妙,107年縣(市)長選舉,首次申報,1071102,個人捐贈收入,黃文程,N10*******,100000.00,0.00,,金錢,臺北市內湖區****,03-9*****,
81,林姿妙,107年縣(市)長選舉,首次申報,1071103,個人捐贈收入,林文炳,G12*******,10000.00,0.00,,金錢,宜蘭縣羅東鎮****,03-9*****,
82,林姿妙,107年縣(市)長選舉,首次申報,1071103,個人捐贈收入,林世偉,G12*******,10000.00,0.00,,金錢,宜蘭縣五結鄉****,03-9*****,
83,林姿妙,107年縣(市)長選舉,首次申報,1071104,營利事業捐贈收入,宜鄉食品加工廠,42018170,60000.00,0.00,,金錢,宜蘭縣壯圍鄉****,0909*****,
84,林姿妙,107年縣(市)長選舉,首次申報,1071104,營利事業捐贈收入,松禾室內裝修設計有限公司,55899794,2000.00,0.00,,金錢,宜蘭縣宜蘭市****,0935*****,
85,林姿妙,107年縣(市)長選舉,首次申報,1071104,個人捐贈收入,莊明翰,F12*******,200.00,0.00,,金錢,宜蘭縣宜蘭市****,0918*****,
86,林姿妙,107年縣(市)長選舉,首次申報,1071105,營利事業捐贈收入,立祥工業股份有限公司,41587700,100000.00,0.00,,金錢,宜蘭縣蘇澳鎮****,03-9*****,
87,林姿妙,107年縣(市)長選舉,首次申報,1071105,個人捐贈收入,林長庚,G10*******,100000.00,0.00,,金錢,宜蘭縣蘇澳鎮****,03-9*****,
88,林姿妙,107年縣(市)長選舉,首次申報,1071105,個人捐贈收入,俞勝宜,G10*******,100000.00,0.00,,金錢,宜蘭縣羅東鎮****,03-9*****,
89,林姿妙,107年縣(市)長選舉,首次申報,1071105,個人捐贈收入,李錦池,G10*******,100000.00,0.00,,金錢,臺北市文山區****,03-9*****,
90,林姿妙,107年縣(市)長選舉,首次申報,1071105,個人捐贈收入,藍換長,G10*******,100000.00,0.00,,金錢,宜蘭縣蘇澳鎮****,03-9*****,
91,林姿妙,107年縣(市)長選舉,首次申報,1071105,個人捐贈收入,藍伯欽,G12*******,100000.00,0.00,,金錢,宜蘭縣羅東鎮****,03-9*****,
92,林姿妙,107年縣(市)長選舉,首次申報,1071105,個人捐贈收入,林文崢,G12*******,100000.00,0.00,,金錢,宜蘭縣蘇澳鎮****,03-9*****,
93,林姿妙,107年縣(市)長選舉,首次申報,1071105,個人捐贈收入,林育霆,G12*******,100000.00,0.00,,金錢,臺北市松山區****,03-9*****,
94,林姿妙,107年縣(市)長選舉,首次申報,1071106,營利事業捐贈收入,欣億水電工程行有限公司,42028206,10000.00,0.00,,金錢,,03-9*****,
95,林姿妙,107年縣(市)長選舉,首次申報,1071106,個人捐贈收入,林志維,G10*******,50000.00,0.00,,金錢,宜蘭縣冬山鄉****,03-9*****,
96,林姿妙,107年縣(市)長選舉,首次申報,1071106,個人捐贈收入,林正權,G10*******,12000.00,0.00,,金錢,宜蘭縣羅東鎮****,03-9*****,
97,林姿妙,107年縣(市)長選舉,首次申報,1071106,個人捐贈收入,盧慶南,G10*******,3000.00,0.00,,金錢,臺北市北投區****,03-9*****,
98,林姿妙,107年縣(市)長選舉,首次申報,1071106,個人捐贈收入,莊燦堂,G10*******,10000.00,0.00,,金錢,宜蘭縣冬山鄉****,03-9*****,
99,林姿妙,107年縣(市)長選舉,首次申報,1071106,個人捐贈收入,林献翔,G12*******,50000.00,0.00,,金錢,臺中市南屯區****,0910*****,
100,林姿妙,107年縣(市)長選舉,首次申報,1071106,個人捐贈收入,吳文鳳,G22*******,5000.00,0.00,,金錢,宜蘭縣冬山鄉****,03-9*****,
101,林姿妙,107年縣(市)長選舉,首次申報,1071108,個人捐贈收入,林聰慶,G10*******,3000.00,0.00,,金錢,宜蘭縣冬山鄉****,03-9*****,
102,林姿妙,107年縣(市)長選舉,首次申報,1071108,個人捐贈收入,黃榮貴,G10*******,6000.00,0.00,,金錢,宜蘭縣宜蘭市****,03-9*****,
103,林姿妙,107年縣(市)長選舉,首次申報,1071109,人民團體捐贈收入,宜蘭縣醫師公會,,50000.00,0.00,,金錢,宜蘭市女中路****,9362*****,
104,林姿妙,107年縣(市)長選舉,首次申報,1071109,人民團體捐贈收入,宜蘭縣牙醫師公會,,100000.00,0.00,,金錢,宜蘭市女中路****,9333*****,
105,林姿妙,107年縣(市)長選舉,首次申報,1071109,個人捐贈收入,林陳秋霞,G20*******,20000.00,0.00,,金錢,宜蘭縣壯圍鄉****,03-9*****,
106,林姿妙,107年縣(市)長選舉,首次申報,1071110,營利事業捐贈收入,喬洲開發股份有限公司,40597700,100000.00,0.00,,金錢,宜蘭縣三星鄉****,03-9*****,
107,林姿妙,107年縣(市)長選舉,首次申報,1071111,人民團體捐贈收入,財團法人宜蘭縣九龍山白鵝湖玉清宮,,10000.00,0.00,,金錢,宜蘭縣礁溪鄉****,03-9*****,
108,林姿妙,107年縣(市)長選舉,首次申報,1071111,個人捐贈收入,林松章,G10*******,20000.00,0.00,,金錢,臺北市松山區****,03-9*****,
109,林姿妙,107年縣(市)長選舉,首次申報,1071112,營利事業捐贈收入,宜碼裝卸股份有限公司,16706025,20000.00,0.00,,金錢,宜蘭縣蘇澳鎮****,03-9*****,
110,林姿妙,107年縣(市)長選舉,首次申報,1071112,個人捐贈收入,姚愛秀,B20*******,100000.00,0.00,,金錢,臺北市大同區****,03-9*****,
111,林姿妙,107年縣(市)長選舉,首次申報,1071112,個人捐贈收入,林昭文,G10*******,100000.00,0.00,,金錢,宜蘭縣頭城鎮****,03-9*****,
112,林姿妙,107年縣(市)長選舉,首次申報,1071112,個人捐贈收入,張璨钿,G10*******,2000.00,0.00,,金錢,宜蘭縣羅東鎮****,03-9*****,
113,林姿妙,107年縣(市)長選舉,首次申報,1071112,個人捐贈收入,林育志,G12*******,100000.00,0.00,,金錢,臺北市中山區****,03-9*****,
114,林姿妙,107年縣(市)長選舉,首次申報,1071112,個人捐贈收入,林育達,G12*******,100000.00,0.00,,金錢,宜蘭縣頭城鎮****,03-9*****,
115,林姿妙,107年縣(市)長選舉,首次申報,1071112,個人捐贈收入,林育慶,G12*******,100000.00,0.00,,金錢,臺北市信義區****,03-9*****,
116,林姿妙,107年縣(市)長選舉,首次申報,1071112,個人捐贈收入,謝采棉,G20*******,6500.00,0.00,,非金錢,,0982*****,
117,林姿妙,107年縣(市)長選舉,首次申報,1071113,營利事業捐贈收入,金車股份有限公司,05007903,1000000.00,0.00,,金錢,臺北市中正區****,(02)*****,
118,林姿妙,107年縣(市)長選舉,首次申報,1071113,個人捐贈收入,林金泉,G10*******,3000.00,0.00,,金錢,宜蘭縣宜蘭市****,0910*****,
119,林姿妙,107年縣(市)長選舉,首次申報,1071113,個人捐贈收入,朱玉君,G22*******,3000.00,0.00,,非金錢,宜蘭縣羅東鎮****,,
120,林姿妙,107年縣(市)長選舉,首次申報,1071114,個人捐贈收入,康國璋,G10*******,3500.00,0.00,,金錢,宜蘭縣冬山鄉****,03-9*****,
121,林姿妙,107年縣(市)長選舉,首次申報,1071115,營利事業捐贈收入,聯泉企業股份有限公司,16272843,20000.00,0.00,,金錢,宜蘭縣員山鄉****,03-9*****,
122,林姿妙,107年縣(市)長選舉,首次申報,1071115,營利事業捐贈收入,好味是股份有限公司,16681734,200000.00,0.00,,金錢,宜蘭縣頭城鎮****,03-9*****,
123,林姿妙,107年縣(市)長選舉,首次申報,1071115,營利事業捐贈收入,金是金股份有限公司,27855107,200000.00,0.00,,金錢,宜蘭縣員山鄉****,03-9*****,
124,林姿妙,107年縣(市)長選舉,首次申報,1071115,營利事業捐贈收入,喜互惠股份有限公司,86622169,300000.00,0.00,,金錢,宜蘭縣員山鄉****,03-9*****,
125,林姿妙,107年縣(市)長選舉,首次申報,1071116,個人捐贈收入,吳銘浚,F12*******,30000.00,0.00,,金錢,宜蘭縣羅東鎮****,0939*****,
126,林姿妙,107年縣(市)長選舉,首次申報,1071116,個人捐贈收入,陳志超,G12*******,10000.00,0.00,,金錢,宜蘭縣宜蘭市****,0918*****,
127,林姿妙,107年縣(市)長選舉,首次申報,1071116,個人捐贈收入,吳陳美香,G22*******,30000.00,0.00,,金錢,宜蘭縣羅東鎮****,0952*****,
128,林姿妙,107年縣(市)長選舉,首次申報,1071118,個人捐贈收入,王信豐,G10*******,50000.00,0.00,,金錢,宜蘭縣冬山鄉****,,
129,林姿妙,107年縣(市)長選舉,首次申報,1071118,個人捐贈收入,林進忠,G12*******,10000.00,0.00,,金錢,宜蘭縣冬山鄉****,,
130,林姿妙,107年縣(市)長選舉,首次申報,1071118,個人捐贈收入,黃啟東,K12*******,50000.00,0.00,,金錢,宜蘭縣羅東鎮****,,
131,林姿妙,107年縣(市)長選舉,首次申報,1071119,營利事業捐贈收入,玉星企業股份有限公司,24261102,500000.00,0.00,,金錢,宜蘭縣宜蘭市****,03-9*****,
132,林姿妙,107年縣(市)長選舉,首次申報,1071119,營利事業捐贈收入,榮江股份有限公司,80679946,500000.00,0.00,,金錢,宜蘭縣宜蘭市****,03-9*****,
133,林姿妙,107年縣(市)長選舉,首次申報,1071119,個人捐贈收入,段正永,G10*******,10000.00,0.00,,金錢,宜蘭縣羅東鎮****,0937*****,
134,林姿妙,107年縣(市)長選舉,首次申報,1071120,營利事業捐贈收入,玉星企業股份有限公司,24261102,500000.00,0.00,,金錢,宜蘭縣宜蘭市****,039-*****,
135,林姿妙,107年縣(市)長選舉,首次申報,1071120,營利事業捐贈收入,百立昇有限公司,24565576,500000.00,0.00,,金錢,臺北市大同區****,03-9*****,
136,林姿妙,107年縣(市)長選舉,首次申報,1071120,營利事業捐贈收入,台泥南沖綠能股份有限公司,42922148,1000000.00,0.00,,金錢,臺南市仁德區****,02-2*****,
137,林姿妙,107年縣(市)長選舉,首次申報,1071120,個人捐贈收入,鍾明村,A10*******,25000.00,0.00,,金錢,臺北市大同區****,0938*****,
138,林姿妙,107年縣(市)長選舉,首次申報,1071120,個人捐贈收入,朱春霞,A20*******,25000.00,0.00,,金錢,臺北市大同區****,0938*****,
139,林姿妙,107年縣(市)長選舉,首次申報,1071120,個人捐贈收入,闕河生,F10*******,100000.00,0.00,,金錢,宜蘭縣頭城鎮****,03-9*****,
140,林姿妙,107年縣(市)長選舉,首次申報,1071120,個人捐贈收入,劉金章,G10*******,8000.00,0.00,,金錢,宜蘭縣羅東鎮****,0920*****,
141,林姿妙,107年縣(市)長選舉,首次申報,1071120,個人捐贈收入,朱玉君,G22*******,4000.00,0.00,,非金錢,宜蘭縣宜蘭市****,,
142,林姿妙,107年縣(市)長選舉,首次申報,1071120,個人捐贈收入,羅文女,J20*******,10000.00,0.00,,金錢,宜蘭縣壯圍鄉****,03-9*****,
143,林姿妙,107年縣(市)長選舉,首次申報,1071121,營利事業捐贈收入,榮江股份有限公司,80679946,500000.00,0.00,,金錢,宜蘭縣宜蘭市****,03-9*****,
144,林姿妙,107年縣(市)長選舉,首次申報,1071121,個人捐贈收入,黃屏潘,A10*******,50000.00,0.00,,金錢,宜蘭縣冬山鄉****,0929*****,
145,林姿妙,107年縣(市)長選舉,首次申報,1071121,個人捐贈收入,蔡明達,F12*******,100000.00,0.00,,金錢,宜蘭縣羅東鎮****,03-9*****,
146,林姿妙,107年縣(市)長選舉,首次申報,1071121,個人捐贈收入,林三妹,V20*******,50000.00,0.00,,金錢,宜蘭縣冬山鄉****,0922*****,
147,林姿妙,107年縣(市)長選舉,首次申報,1071122,個人捐贈收入,陳慧文,F20*******,6800.00,0.00,,金錢,臺北市中山區****,02-2*****,
148,林姿妙,107年縣(市)長選舉,首次申報,1071122,政黨捐贈收入,中國國民黨,政黨證字第1號,2500000.00,0.00,,金錢,台北市中山區****,(02)*****,
149,林姿妙,107年縣(市)長選舉,首次申報,1071123,營利事業捐贈收入,合山實業股份有限公司,42052866,50000.00,0.00,,金錢,宜蘭縣蘇澳鎮****,03-9*****,
150,林姿妙,107年縣(市)長選舉,首次申報,1071123,個人捐贈收入,簡錦男,G12*******,1000.00,0.00,,金錢,宜蘭縣五結鄉****,03-9*****,
151,林姿妙,107年縣(市)長選舉,首次申報,1071221,其他收入,利息收入,,461.00,0.00,,金錢,,,
