﻿序號,擬參選人／政黨,選舉名稱,申報序號／年度,交易日期,收支科目,捐贈者／支出對象,身分證／統一編號,收入金額,支出金額,捐贈方式,存入專戶日期,返還/繳庫,支出用途,金錢類,地址,聯絡電話,應揭露之支出對象,支出對象之內部人員姓名,支出對象之內部人員職稱,政黨之內部人員姓名,政黨之內部人員職稱,關係,更正註記,資料更正日期
1,許茂,111年桃園市大園區南港里里長選舉,首次申報,1111107,營利事業捐贈收入,慶洲股份有限公司,72054671,20000.00,0.00,票據,,已返還,,金錢,臺北市大同區****,,,,,,,,,
2,許茂,111年桃園市大園區南港里里長選舉,首次申報,1111123,營利事業捐贈收入,百巨建設有限公司,83372907,10000.00,0.00,現金,1111123,已返還,,金錢,桃園市大園區****,,,,,,,,,
3,許茂,111年桃園市大園區南港里里長選舉,首次申報,1111123,營利事業捐贈收入,巨京開發有限公司,83722432,10000.00,0.00,現金,1111123,,,金錢,桃園市大園區****,,,,,,,,,
4,許茂,111年桃園市大園區南港里里長選舉,首次申報,1111123,營利事業捐贈收入,悅臣建設有限公司,83723501,10000.00,0.00,現金,1111123,,,金錢,桃園市大園區****,,,,,,,,,
