﻿序號,擬參選人／政黨,選舉名稱,申報序號／年度,交易日期,收支科目,捐贈者／支出對象,身分證／統一編號,收入金額,支出金額,捐贈方式,存入專戶日期,返還/繳庫,支出用途,金錢類,地址,聯絡電話,應揭露之支出對象,支出對象之內部人員姓名,支出對象之內部人員職稱,政黨之內部人員姓名,政黨之內部人員職稱,關係,更正註記,資料更正日期
1,林溢源,111年臺中市大里區內新里里長選舉,首次申報,1110818,租用競選辦事處支出,鍾添財,L10*******,0.00,27466.00,,,,競選服務處,金錢,臺中市大里區****,04-2*****,否,,,,,,,
2,林溢源,111年臺中市大里區內新里里長選舉,首次申報,1110906,雜支支出,佳客來五金公司,25176461,0.00,236.00,,,,不銹鋼壺,金錢,臺中市大里區****,2406*****,否,,,,,,,
3,林溢源,111年臺中市大里區內新里里長選舉,首次申報,1110906,雜支支出,聯富商店,47582674,0.00,1479.00,,,,清潔用品,金錢,臺中市大里區****,2483*****,否,,,,,,,
4,林溢源,111年臺中市大里區內新里里長選舉,首次申報,1110906,雜支支出,正品行,77736394,0.00,210.00,,,,棉質手套,金錢,臺中市大里區****,2485*****,否,,,,,,,
5,林溢源,111年臺中市大里區內新里里長選舉,首次申報,1110907,雜支支出,新竹物流,69496079,0.00,750.00,,,,運費,金錢,,,否,,,,,,,
6,林溢源,111年臺中市大里區內新里里長選舉,首次申報,1110908,雜支支出,尚美鮮花店,05864118,0.00,500.00,,,,盆花,金錢,臺中市大里區****,2481*****,否,,,,,,,
7,林溢源,111年臺中市大里區內新里里長選舉,首次申報,1110908,雜支支出,聯富商店,47582674,0.00,238.00,,,,事務用品,金錢,臺中市大里區****,2483*****,否,,,,,,,
8,林溢源,111年臺中市大里區內新里里長選舉,首次申報,1110916,雜支支出,甲友文具行,13421270,0.00,148.00,,,,事務用品,金錢,臺中市大里區****,2485*****,否,,,,,,,
9,林溢源,111年臺中市大里區內新里里長選舉,首次申報,1110916,雜支支出,聯富商店,47582674,0.00,428.00,,,,M強力泡棉,金錢,臺中市大里區****,2483*****,否,,,,,,,
10,林溢源,111年臺中市大里區內新里里長選舉,首次申報,1110920,雜支支出,聯富商店,47582674,0.00,122.00,,,,M掛鈎,金錢,臺中市大里區****,2483*****,否,,,,,,,
11,林溢源,111年臺中市大里區內新里里長選舉,首次申報,1110921,宣傳支出,乾耀打字印刷行,52683595,0.00,900.00,,,,印邀請卡,金錢,臺中市篤行路****,2206*****,否,,,,,,,
12,林溢源,111年臺中市大里區內新里里長選舉,首次申報,1110923,雜支支出,聯富商店,47582674,0.00,267.00,,,,手工具,金錢,臺中市大里區****,2483*****,否,,,,,,,
13,林溢源,111年臺中市大里區內新里里長選舉,首次申報,1110926,雜支支出,聯富商店,47582674,0.00,358.00,,,,M雙面膠帶,金錢,臺中市大里區****,2483*****,否,,,,,,,
14,林溢源,111年臺中市大里區內新里里長選舉,首次申報,1110926,雜支支出,泰瑞廣告設計社,69474333,0.00,450.00,,,,刻字,金錢,臺中市大里區****,2485*****,否,,,,,,,
15,林溢源,111年臺中市大里區內新里里長選舉,首次申報,1110928,雜支支出,全聯福利中心,70784949,0.00,739.00,,,,餅干、糖菓,金錢,台中大里分公****,2483*****,否,,,,,,,
16,林溢源,111年臺中市大里區內新里里長選舉,首次申報,1110930,雜支支出,統一精工,09240017,0.00,100.00,,,,汽油,金錢,臺中市大里區****,,否,,,,,,,
17,林溢源,111年臺中市大里區內新里里長選舉,首次申報,1110930,雜支支出,甲友文具行,13421270,0.00,168.00,,,,事務用品,金錢,臺中市大里區****,2485*****,否,,,,,,,
18,林溢源,111年臺中市大里區內新里里長選舉,首次申報,1110930,雜支支出,聯富商店,47582674,0.00,456.00,,,,酒精,金錢,臺中市大里區****,2483*****,否,,,,,,,
19,林溢源,111年臺中市大里區內新里里長選舉,首次申報,1110930,雜支支出,聯富商店,47582674,0.00,298.00,,,,M雙面膠,金錢,臺中市大里區****,2483*****,否,,,,,,,
20,林溢源,111年臺中市大里區內新里里長選舉,首次申報,1110930,雜支支出,泰瑞廣告設計社,69474333,0.00,900.00,,,,布條,金錢,臺中市大里區****,2485*****,否,,,,,,,
21,林溢源,111年臺中市大里區內新里里長選舉,首次申報,1111004,雜支支出,聯富商店,47582674,0.00,159.00,,,,別針 魔術靈,金錢,臺中市大里區****,(04)*****,否,,,,,,,
22,林溢源,111年臺中市大里區內新里里長選舉,首次申報,1111006,雜支支出,金鼎文具圖書行,69488435,0.00,48.00,,,,題名簿,金錢,臺中市大里區****,(04)*****,否,,,,,,,
23,林溢源,111年臺中市大里區內新里里長選舉,首次申報,1111007,雜支支出,聯富商店,47582674,0.00,914.00,,,,垃圾夾 双面膠,金錢,臺中市大里區****,(04)*****,否,,,,,,,
24,林溢源,111年臺中市大里區內新里里長選舉,首次申報,1111007,雜支支出,聯富商店,47582674,0.00,312.00,,,,文具,金錢,臺中市大里區****,(04)*****,否,,,,,,,
25,林溢源,111年臺中市大里區內新里里長選舉,首次申報,1111007,雜支支出,美達行,93912404,0.00,78.00,,,,手套,金錢,臺中市大里區****,(04)*****,否,,,,,,,
26,林溢源,111年臺中市大里區內新里里長選舉,首次申報,1111008,雜支支出,慶順行企業社,09327230,0.00,7150.00,,,,鉄架布帆、會議車、椅子、舞台、電扇,金錢,臺中市大里區****,(04)*****,否,,,,,,,
27,林溢源,111年臺中市大里區內新里里長選舉,首次申報,1111012,雜支支出,聯富商店,47582674,0.00,205.00,,,,透明膠文具桌上型,金錢,臺中市大里區****,(04)*****,否,,,,,,,
28,林溢源,111年臺中市大里區內新里里長選舉,首次申報,1111020,宣傳支出,乾耀打字印刷行,52683595,0.00,8300.00,,,,印宣傳單,金錢,臺中市篤行路****,2206*****,否,,,,,,,
29,林溢源,111年臺中市大里區內新里里長選舉,首次申報,1111101,雜支支出,永大商行,20326504,0.00,458.00,,,,食品,金錢,臺中市大里區****,(04)*****,否,,,,,,,
30,林溢源,111年臺中市大里區內新里里長選舉,首次申報,1111101,雜支支出,聯富商店,47582674,0.00,509.00,,,,漂白水 酒精,金錢,臺中市大里區****,(04)*****,否,,,,,,,
31,林溢源,111年臺中市大里區內新里里長選舉,首次申報,1111102,雜支支出,甲友文具行,13421270,0.00,208.00,,,,事務用品,金錢,臺中市大里區****,(04)*****,否,,,,,,,
32,林溢源,111年臺中市大里區內新里里長選舉,首次申報,1111102,雜支支出,全方位食品五金百貨大賣場,53260927,0.00,599.00,,,,事務用品,金錢,,(048*****,否,,,,,,,
33,林溢源,111年臺中市大里區內新里里長選舉,首次申報,1111104,雜支支出,統一精工,09240017,0.00,100.00,,,,汽油,金錢,,,否,,,,,,,
34,林溢源,111年臺中市大里區內新里里長選舉,首次申報,1111107,雜支支出,統一精工,09240017,0.00,106.00,,,,汽油,金錢,,,否,,,,,,,
35,林溢源,111年臺中市大里區內新里里長選舉,首次申報,1111109,宣傳支出,東宜和有限公司,16935553,0.00,40000.00,,,,製作宣傳帆布,金錢,臺中市西屯區****,,否,,,,,,,
36,林溢源,111年臺中市大里區內新里里長選舉,首次申報,1111112,雜支支出,統一精工,09240017,0.00,1000.00,,,,宣傳車汽油,金錢,,,否,,,,,,,
37,林溢源,111年臺中市大里區內新里里長選舉,首次申報,1111115,雜支支出,統一精工,09240017,0.00,100.00,,,,汽油,金錢,,,否,,,,,,,
38,林溢源,111年臺中市大里區內新里里長選舉,首次申報,1111115,宣傳支出,水福生技(股)公司,69364498,0.00,23205.00,,,,口罩,金錢,桃園市蘆竹區****,(03)*****,否,,,,,,,
39,林溢源,111年臺中市大里區內新里里長選舉,首次申報,1111116,宣傳支出,乾耀打字印刷行,52683595,0.00,10400.00,,,,海報,金錢,臺中市篤行路****,2206*****,否,,,,,,,
40,林溢源,111年臺中市大里區內新里里長選舉,首次申報,1111117,雜支支出,統一精工,09240017,0.00,123.00,,,,汽油,金錢,,,否,,,,,,,
41,林溢源,111年臺中市大里區內新里里長選舉,首次申報,1111117,雜支支出,聯富商店,47582674,0.00,179.00,,,,漂白水,金錢,臺中市大里區****,(04)*****,否,,,,,,,
42,林溢源,111年臺中市大里區內新里里長選舉,首次申報,1111118,雜支支出,新荷食材家有限公司,60386703,0.00,190.00,,,,餅乾糖果,金錢,臺中市大里區****,(04)*****,否,,,,,,,
43,林溢源,111年臺中市大里區內新里里長選舉,首次申報,1111119,雜支支出,禾年豐有限公司,90434793,0.00,455.00,,,,便當,金錢,臺中市大里區****,(04)*****,否,,,,,,,
44,林溢源,111年臺中市大里區內新里里長選舉,首次申報,1111120,雜支支出,百翔便當社,10976681,0.00,2700.00,,,,便當,金錢,臺中市大里區****,(04)*****,否,,,,,,,
45,林溢源,111年臺中市大里區內新里里長選舉,首次申報,1111120,雜支支出,高立池上便當店,21890275,0.00,2400.00,,,,便當,金錢,臺中市大里區****,(04)*****,否,,,,,,,
46,林溢源,111年臺中市大里區內新里里長選舉,首次申報,1111121,雜支支出,張暉美術社有限公司,80000707,0.00,780.00,,,,製作文宣材料,金錢,臺中市大里區****,(04)*****,否,,,,,,,
47,林溢源,111年臺中市大里區內新里里長選舉,首次申報,1111122,宣傳支出,乾耀打字印刷行,52683595,0.00,1600.00,,,,宣傳單,金錢,臺中市篤行路****,2206*****,否,,,,,,,
48,林溢源,111年臺中市大里區內新里里長選舉,首次申報,1111123,雜支支出,甲友文具行,13421270,0.00,192.00,,,,紙類,金錢,臺中市大里區****,(04)*****,否,,,,,,,
49,林溢源,111年臺中市大里區內新里里長選舉,首次申報,1111123,雜支支出,聯富商店,47582674,0.00,142.00,,,,百貨,金錢,臺中市大里區****,(04)*****,否,,,,,,,
50,林溢源,111年臺中市大里區內新里里長選舉,首次申報,1111123,宣傳支出,乾耀打字印刷行,52683595,0.00,1360.00,,,,宣傳單,金錢,臺中市篤行路****,2206*****,否,,,,,,,
51,林溢源,111年臺中市大里區內新里里長選舉,首次申報,1111124,雜支支出,永大商行,20326504,0.00,365.00,,,,食品,金錢,臺中市大里區****,(04)*****,否,,,,,,,
52,林溢源,111年臺中市大里區內新里里長選舉,首次申報,1111124,雜支支出,高立池上便當店,21890275,0.00,900.00,,,,便當,金錢,臺中市大里區****,(04)*****,否,,,,,,,
53,林溢源,111年臺中市大里區內新里里長選舉,首次申報,1111124,雜支支出,高立池上便當店,21890275,0.00,2050.00,,,,便當,金錢,臺中市大里區****,(04)*****,否,,,,,,,
54,林溢源,111年臺中市大里區內新里里長選舉,首次申報,1111124,雜支支出,高立池上便當店,21890275,0.00,410.00,,,,便當,金錢,臺中市大里區****,(04)*****,否,,,,,,,
55,林溢源,111年臺中市大里區內新里里長選舉,首次申報,1111125,雜支支出,高立池上便當店,21890275,0.00,660.00,,,,便當,金錢,臺中市大里區****,(04)*****,否,,,,,,,
56,林溢源,111年臺中市大里區內新里里長選舉,首次申報,1111125,雜支支出,高立池上便當店,21890275,0.00,2700.00,,,,便當,金錢,臺中市大里區****,(04)*****,否,,,,,,,
57,林溢源,111年臺中市大里區內新里里長選舉,首次申報,1111125,雜支支出,高立池上便當店,21890275,0.00,2250.00,,,,便當,金錢,臺中市大里區****,(04)*****,否,,,,,,,
