﻿序號,擬參選人／政黨,選舉名稱,申報序號／年度,交易日期,收支科目,捐贈者／支出對象,身分證／統一編號,收入金額,支出金額,支出用途,金錢類,地址,聯絡電話,資料更正日期
1,詹琬蓁,107年縣(市)議員選舉,首次申報,1070626,匿名捐贈,匿名,,100.00,0.00,,金錢,,,
2,詹琬蓁,107年縣(市)議員選舉,首次申報,1070628,政黨捐贈收入,中國國民黨,政黨證字第1號,500000.00,0.00,,金錢,台北市中山區****,(02)*****,
3,詹琬蓁,107年縣(市)議員選舉,首次申報,1070808,個人捐贈收入,張威珍,Q12*******,100000.00,0.00,,金錢,新北市三重區****,,
4,詹琬蓁,107年縣(市)議員選舉,首次申報,1070920,個人捐贈收入,蔡成達,Q12*******,50000.00,0.00,,金錢,嘉義縣太保市****,,
5,詹琬蓁,107年縣(市)議員選舉,首次申報,1071123,營利事業捐贈收入,群悅安康股份有限公司,70617247,20000.00,0.00,,金錢,嘉義市東區芳****,,
6,詹琬蓁,107年縣(市)議員選舉,首次申報,1071221,其他收入,利息收入,,37.00,0.00,,金錢,,,
