﻿序號,擬參選人／政黨,選舉名稱,申報序號／年度,交易日期,收支科目,捐贈者／支出對象,身分證／統一編號,收入金額,支出金額,支出用途,金錢類,地址,聯絡電話,資料更正日期
1,林祈烽,107年直轄市議員選舉,首次申報,1070516,個人捐贈收入,柯錦堂,B10*******,20000.00,0.00,,金錢,臺中市西區公****,0939*****,
2,林祈烽,107年直轄市議員選舉,首次申報,1070620,其他收入,利息收入,,1.00,0.00,,金錢,,,
3,林祈烽,107年直轄市議員選舉,首次申報,1070726,個人捐贈收入,王天佑,B10*******,50000.00,0.00,,金錢,臺中市西屯區****,0958*****,
4,林祈烽,107年直轄市議員選舉,首次申報,1070726,個人捐贈收入,盧進享,B12*******,60000.00,0.00,,金錢,臺中市西屯區****,0932*****,
5,林祈烽,107年直轄市議員選舉,首次申報,1070726,個人捐贈收入,黃俊憲,B12*******,5000.00,0.00,,金錢,臺中市西屯區****,0932*****,
6,林祈烽,107年直轄市議員選舉,首次申報,1070726,個人捐贈收入,杜義龍,B12*******,20000.00,0.00,,金錢,臺中市北屯區****,04-2*****,
7,林祈烽,107年直轄市議員選舉,首次申報,1070726,個人捐贈收入,鄭伯昇,D10*******,50000.00,0.00,,金錢,臺中市北區大****,0901*****,
8,林祈烽,107年直轄市議員選舉,首次申報,1070726,個人捐贈收入,謝旺熾,L10*******,100000.00,0.00,,金錢,臺中市西屯區****,0988*****,
9,林祈烽,107年直轄市議員選舉,首次申報,1070726,個人捐贈收入,余玫真,L22*******,20000.00,0.00,,金錢,臺中市西屯區****,0921*****,
10,林祈烽,107年直轄市議員選舉,首次申報,1070726,個人捐贈收入,鄭淑芬,L22*******,10000.00,0.00,,金錢,臺中市南屯區****,0910*****,
11,林祈烽,107年直轄市議員選舉,首次申報,1070726,個人捐贈收入,楊博文,M12*******,10000.00,0.00,,金錢,臺中市西屯區****,0916*****,
12,林祈烽,107年直轄市議員選舉,首次申報,1070726,個人捐贈收入,林天祥,N12*******,100000.00,0.00,,金錢,臺中市南屯區****,0937*****,
13,林祈烽,107年直轄市議員選舉,首次申報,1070726,個人捐贈收入,謝珮如,N22*******,10000.00,0.00,,金錢,臺中市南屯區****,0932*****,
14,林祈烽,107年直轄市議員選舉,首次申報,1070726,個人捐贈收入,林秉憲,Q12*******,100000.00,0.00,,金錢,臺中市北屯區****,04-2*****,
15,林祈烽,107年直轄市議員選舉,首次申報,1070726,個人捐贈收入,葉郁祺,Q22*******,10000.00,0.00,,金錢,臺中市南屯區****,0926*****,
16,林祈烽,107年直轄市議員選舉,首次申報,1070726,個人捐贈收入,謝麗蜜,R22*******,100000.00,0.00,,金錢,臺中市西屯區****,0932*****,
17,林祈烽,107年直轄市議員選舉,首次申報,1070727,個人捐贈收入,張文卿,B12*******,100000.00,0.00,,金錢,臺中市西區台****,0956*****,
18,林祈烽,107年直轄市議員選舉,首次申報,1070823,個人捐贈收入,彭士杰,B12*******,100000.00,0.00,,金錢,臺中市西屯區****,04-2*****,
19,林祈烽,107年直轄市議員選舉,首次申報,1070911,個人捐贈收入,陳麗牟,B20*******,200.00,0.00,,金錢,臺中市西屯區****,04-2*****,
20,林祈烽,107年直轄市議員選舉,首次申報,1070912,營利事業捐贈收入,卯勝工業有限公司,22409889,100000.00,0.00,,金錢,臺中市潭子區****,0975*****,
21,林祈烽,107年直轄市議員選舉,首次申報,1070912,營利事業捐贈收入,昱美包裝事業股份有限公司,25180991,100000.00,0.00,,金錢,臺中市西屯區****,0916*****,
22,林祈烽,107年直轄市議員選舉,首次申報,1070912,營利事業捐贈收入,和大工業股份有限公司,52264848,150000.00,0.00,,金錢,臺中市大雅區****,04-2*****,
23,林祈烽,107年直轄市議員選舉,首次申報,1070912,營利事業捐贈收入,犂記實業有限公司,52300372,200000.00,0.00,,金錢,臺中市北區中****,0931*****,
24,林祈烽,107年直轄市議員選舉,首次申報,1070912,營利事業捐贈收入,高鋒工業股份有限公司,55857746,150000.00,0.00,,金錢,臺中市大雅區****,04-2*****,
25,林祈烽,107年直轄市議員選舉,首次申報,1070913,個人捐贈收入,林淑貞,H20*******,100000.00,0.00,,金錢,臺中市北屯區****,0937*****,
26,林祈烽,107年直轄市議員選舉,首次申報,1070913,個人捐贈收入,張廖貴岱,L12*******,10000.00,0.00,,金錢,臺中市太平區****,0931*****,
27,林祈烽,107年直轄市議員選舉,首次申報,1070913,個人捐贈收入,張月雀,N20*******,100000.00,0.00,,金錢,臺中市西屯區****,0933*****,
28,林祈烽,107年直轄市議員選舉,首次申報,1070913,個人捐贈收入,林石秀白,N20*******,50000.00,0.00,,金錢,臺中市西屯區****,0936*****,
29,林祈烽,107年直轄市議員選舉,首次申報,1070921,個人捐贈收入,蔡東梤,B12*******,20000.00,0.00,,金錢,臺中市南屯區****,0931*****,
30,林祈烽,107年直轄市議員選舉,首次申報,1070921,個人捐贈收入,陳秀錦,B22*******,50000.00,0.00,,金錢,臺中市南屯區****,0910*****,
31,林祈烽,107年直轄市議員選舉,首次申報,1070921,個人捐贈收入,黃國誠,F12*******,20000.00,0.00,,金錢,臺中市西屯區****,0987*****,
32,林祈烽,107年直轄市議員選舉,首次申報,1070926,個人捐贈收入,鍾明芳,B12*******,60000.00,0.00,,金錢,臺中市西屯區****,04-2*****,
33,林祈烽,107年直轄市議員選舉,首次申報,1071007,個人捐贈收入,廖麗華,B22*******,200.00,0.00,,金錢,臺中市西屯區****,0935*****,
34,林祈烽,107年直轄市議員選舉,首次申報,1071008,營利事業捐贈收入,晏城股份有限公司,27588405,10000.00,0.00,,金錢,臺中市西屯區****,0928*****,
35,林祈烽,107年直轄市議員選舉,首次申報,1071008,營利事業捐贈收入,立誠農產有限公司,54583621,5000.00,0.00,,金錢,臺中市沙鹿區****,,
36,林祈烽,107年直轄市議員選舉,首次申報,1071008,個人捐贈收入,魏子洋,A12*******,20000.00,0.00,,金錢,臺中市西區美****,0932*****,
37,林祈烽,107年直轄市議員選舉,首次申報,1071008,個人捐贈收入,劉上林,B10*******,100000.00,0.00,,金錢,臺中市南屯區****,0926*****,
38,林祈烽,107年直轄市議員選舉,首次申報,1071008,個人捐贈收入,廖名勳,B12*******,20000.00,0.00,,金錢,臺中市西屯區****,0910*****,
39,林祈烽,107年直轄市議員選舉,首次申報,1071008,個人捐贈收入,張明權,B12*******,10000.00,0.00,,金錢,臺中市西屯區****,0930*****,
40,林祈烽,107年直轄市議員選舉,首次申報,1071008,個人捐贈收入,游麗華,H20*******,50000.00,0.00,,金錢,臺中市西屯區****,0933*****,
41,林祈烽,107年直轄市議員選舉,首次申報,1071008,個人捐贈收入,杜蕙明,J22*******,20000.00,0.00,,金錢,臺中市西屯區****,0987*****,
42,林祈烽,107年直轄市議員選舉,首次申報,1071008,個人捐贈收入,陳建霖,M12*******,50000.00,0.00,,金錢,臺中市西屯區****,0930*****,
43,林祈烽,107年直轄市議員選舉,首次申報,1071008,個人捐贈收入,林珮筠,R22*******,10000.00,0.00,,金錢,臺中市南屯區****,04-2*****,
44,林祈烽,107年直轄市議員選舉,首次申報,1071009,營利事業捐贈收入,協鴻工業股份有限公司,51321357,50000.00,0.00,,金錢,工業區路號****,04-2*****,
45,林祈烽,107年直轄市議員選舉,首次申報,1071009,營利事業捐贈收入,高速氣動有限公司,53620021,10000.00,0.00,,金錢,臺中市潭子區****,04-2*****,
46,林祈烽,107年直轄市議員選舉,首次申報,1071011,個人捐贈收入,洪仁宗,B10*******,100000.00,0.00,,金錢,臺中市西屯區****,0932*****,
47,林祈烽,107年直轄市議員選舉,首次申報,1071011,個人捐贈收入,廖松正,B12*******,50000.00,0.00,,金錢,臺中市西屯區****,0910*****,
48,林祈烽,107年直轄市議員選舉,首次申報,1071011,個人捐贈收入,王永樑,L12*******,20000.00,0.00,,金錢,臺中市神岡區****,0972*****,
49,林祈烽,107年直轄市議員選舉,首次申報,1071011,個人捐贈收入,王熙照,L12*******,100000.00,0.00,,金錢,臺中市大雅區****,04-2*****,
50,林祈烽,107年直轄市議員選舉,首次申報,1071011,個人捐贈收入,鐘錦梅,L20*******,12000.00,0.00,,金錢,臺中市北區大****,0911*****,
51,林祈烽,107年直轄市議員選舉,首次申報,1071011,個人捐贈收入,陳文吉,N12*******,20000.00,0.00,,金錢,臺中市西屯區****,0932*****,
52,林祈烽,107年直轄市議員選舉,首次申報,1071012,營利事業捐贈收入,漢忠營造股份有限公司,01864974,300000.00,0.00,,金錢,黎明路三段號****,04-2*****,
53,林祈烽,107年直轄市議員選舉,首次申報,1071012,個人捐贈收入,廖萬裕,B12*******,2000.00,0.00,,金錢,臺中市西屯區****,0918*****,
54,林祈烽,107年直轄市議員選舉,首次申報,1071015,營利事業捐贈收入,旺忠股份有限公司,54037623,60000.00,0.00,,金錢,臺中市西屯區****,0936*****,
55,林祈烽,107年直轄市議員選舉,首次申報,1071016,個人捐贈收入,陳建智,B10*******,50000.00,0.00,,金錢,臺中市西屯區****,2359*****,
56,林祈烽,107年直轄市議員選舉,首次申報,1071017,營利事業捐贈收入,天恕工業有限公司,05142909,100000.00,0.00,,金錢,臺中市南屯區****,04-2*****,
57,林祈烽,107年直轄市議員選舉,首次申報,1071017,營利事業捐贈收入,豐安紙器股份有限公司,22281665,60000.00,0.00,,金錢,臺中市西屯區****,04-2*****,
58,林祈烽,107年直轄市議員選舉,首次申報,1071017,營利事業捐贈收入,讚成企業有限公司,23798513,20000.00,0.00,,金錢,臺中市西屯區****,0980*****,
59,林祈烽,107年直轄市議員選舉,首次申報,1071017,營利事業捐贈收入,德金建設股份有限公司,80591674,50000.00,0.00,,金錢,臺中市大里區****,04-2*****,
60,林祈烽,107年直轄市議員選舉,首次申報,1071017,營利事業捐贈收入,喬立建設開發股份有限公司,84231835,200000.00,0.00,,金錢,臺中市西屯區****,04-2*****,
61,林祈烽,107年直轄市議員選舉,首次申報,1071017,營利事業捐贈收入,晉城投資股份有限公司,86242288,100000.00,0.00,,金錢,臺中市西屯區****,04-2*****,
62,林祈烽,107年直轄市議員選舉,首次申報,1071017,營利事業捐贈收入,昱盛印刷事業有限公司,86937040,100000.00,0.00,,金錢,臺中市西屯區****,04-2*****,
63,林祈烽,107年直轄市議員選舉,首次申報,1071017,個人捐贈收入,王清和,B12*******,10000.00,0.00,,金錢,臺中市西屯區****,0963*****,
64,林祈烽,107年直轄市議員選舉,首次申報,1071017,個人捐贈收入,莊禮全,H12*******,60000.00,0.00,,金錢,臺中市西屯區****,04-2*****,
65,林祈烽,107年直轄市議員選舉,首次申報,1071017,個人捐贈收入,謝春容,K20*******,10000.00,0.00,,金錢,臺中市西屯區****,04-2*****,
66,林祈烽,107年直轄市議員選舉,首次申報,1071017,個人捐贈收入,謝金龍,N12*******,50000.00,0.00,,金錢,臺中市北屯區****,0937*****,
67,林祈烽,107年直轄市議員選舉,首次申報,1071017,個人捐贈收入,王連朋,Q10*******,20000.00,0.00,,金錢,臺中市西屯區****,0910*****,
68,林祈烽,107年直轄市議員選舉,首次申報,1071018,營利事業捐贈收入,大鼎能源股份有限公司,28081539,30000.00,0.00,,金錢,臺中市西屯區****,0910*****,
69,林祈烽,107年直轄市議員選舉,首次申報,1071018,營利事業捐贈收入,台中商務旅館股份有限公司,28148383,50000.00,0.00,,金錢,臺中市西屯區****,0910*****,
70,林祈烽,107年直轄市議員選舉,首次申報,1071018,個人捐贈收入,李惠玲,A22*******,20000.00,0.00,,金錢,臺中市西屯區****,0920*****,
71,林祈烽,107年直轄市議員選舉,首次申報,1071018,個人捐贈收入,廖金地,B10*******,10000.00,0.00,,金錢,臺中市西屯區****,04-2*****,
72,林祈烽,107年直轄市議員選舉,首次申報,1071018,個人捐贈收入,何子清,B10*******,2000.00,0.00,,金錢,臺中市西屯區****,04-2*****,
73,林祈烽,107年直轄市議員選舉,首次申報,1071018,個人捐贈收入,許恩賜,B12*******,20000.00,0.00,,金錢,臺中市西屯區****,0937*****,
74,林祈烽,107年直轄市議員選舉,首次申報,1071018,個人捐贈收入,廖年智,B12*******,20000.00,0.00,,金錢,臺中市西屯區****,0931*****,
75,林祈烽,107年直轄市議員選舉,首次申報,1071018,個人捐贈收入,張泰弘,B12*******,10000.00,0.00,,金錢,臺中市西屯區****,0932*****,
76,林祈烽,107年直轄市議員選舉,首次申報,1071018,個人捐贈收入,黃明政,B12*******,1000.00,0.00,,金錢,臺中市西屯區****,0921*****,
77,林祈烽,107年直轄市議員選舉,首次申報,1071018,個人捐贈收入,洪朝乾,L12*******,20000.00,0.00,,金錢,臺中市西屯區****,04-2*****,
78,林祈烽,107年直轄市議員選舉,首次申報,1071018,個人捐贈收入,林道皇,M12*******,6600.00,0.00,,金錢,臺中市西屯區****,0922*****,
79,林祈烽,107年直轄市議員選舉,首次申報,1071018,個人捐贈收入,范綱閔,M12*******,3000.00,0.00,,金錢,臺中市西屯區****,0923*****,
80,林祈烽,107年直轄市議員選舉,首次申報,1071018,個人捐贈收入,陳耀庭,N12*******,3000.00,0.00,,金錢,臺中市西區梅****,0920*****,
81,林祈烽,107年直轄市議員選舉,首次申報,1071018,個人捐贈收入,後皖麗,Q22*******,20000.00,0.00,,金錢,臺中市神岡區****,0988*****,
82,林祈烽,107年直轄市議員選舉,首次申報,1071019,營利事業捐贈收入,梧濟工業股份有限公司,22977236,100000.00,0.00,,金錢,臺中市南屯區****,04-2*****,
83,林祈烽,107年直轄市議員選舉,首次申報,1071019,營利事業捐贈收入,政群投資顧問有限公司,54593389,60000.00,0.00,,金錢,臺中市西屯區****,0933*****,
84,林祈烽,107年直轄市議員選舉,首次申報,1071019,個人捐贈收入,石進益,B10*******,100000.00,0.00,,金錢,臺中市西屯區****,0930*****,
85,林祈烽,107年直轄市議員選舉,首次申報,1071019,個人捐贈收入,林煥火章,B12*******,50000.00,0.00,,金錢,臺中市南屯區****,,
86,林祈烽,107年直轄市議員選舉,首次申報,1071019,個人捐贈收入,廖彥鈞,B12*******,10000.00,0.00,,金錢,臺中市南區高****,04-2*****,
87,林祈烽,107年直轄市議員選舉,首次申報,1071019,個人捐贈收入,歐慈惠,E22*******,100000.00,0.00,,金錢,新竹縣竹北市****,04-2*****,
88,林祈烽,107年直轄市議員選舉,首次申報,1071019,個人捐贈收入,蔡栢浚,L10*******,20000.00,0.00,,金錢,臺中市清水區****,04-2*****,
89,林祈烽,107年直轄市議員選舉,首次申報,1071019,個人捐贈收入,黃昭閔,N12*******,6000.00,0.00,,金錢,臺中市西屯區****,0933*****,
90,林祈烽,107年直轄市議員選舉,首次申報,1071019,個人捐贈收入,朱俊義,P12*******,50000.00,0.00,,金錢,臺中市南屯區****,04-2*****,
91,林祈烽,107年直轄市議員選舉,首次申報,1071019,個人捐贈收入,黃資倍,R12*******,6000.00,0.00,,金錢,臺中市西屯區****,04-2*****,
92,林祈烽,107年直轄市議員選舉,首次申報,1071019,個人捐贈收入,石一志,R12*******,50000.00,0.00,,金錢,臺中市南屯區****,04-2*****,
93,林祈烽,107年直轄市議員選舉,首次申報,1071022,個人捐贈收入,謝陳美蘭,L20*******,100000.00,0.00,,金錢,臺中市西屯區****,04-2*****,
94,林祈烽,107年直轄市議員選舉,首次申報,1071023,個人捐贈收入,張立杰,B12*******,20000.00,0.00,,金錢,臺中市南屯區****,0931*****,
95,林祈烽,107年直轄市議員選舉,首次申報,1071023,個人捐贈收入,吳舜文,B22*******,100000.00,0.00,,金錢,臺中市西屯區****,,
96,林祈烽,107年直轄市議員選舉,首次申報,1071023,個人捐贈收入,林正彬,L12*******,20000.00,0.00,,金錢,臺中市西屯區****,0939*****,
97,林祈烽,107年直轄市議員選舉,首次申報,1071023,個人捐贈收入,劉素如,L22*******,100000.00,0.00,,金錢,臺中市西屯區****,,
98,林祈烽,107年直轄市議員選舉,首次申報,1071023,個人捐贈收入,陳智偉,M12*******,50000.00,0.00,,金錢,臺中市南屯區****,0915*****,
99,林祈烽,107年直轄市議員選舉,首次申報,1071024,個人捐贈收入,王永祥,B12*******,15000.00,0.00,,金錢,臺中市東區德****,2275*****,
100,林祈烽,107年直轄市議員選舉,首次申報,1071024,個人捐贈收入,郭明輝,B12*******,15000.00,0.00,,金錢,臺中市西屯區****,2313*****,
101,林祈烽,107年直轄市議員選舉,首次申報,1071024,個人捐贈收入,連清河,B12*******,20000.00,0.00,,金錢,臺中市西屯區****,0932*****,
102,林祈烽,107年直轄市議員選舉,首次申報,1071024,個人捐贈收入,梁永泉,N10*******,12000.00,0.00,,金錢,臺中市南屯區****,0935*****,
103,林祈烽,107年直轄市議員選舉,首次申報,1071024,個人捐贈收入,楊勝得,N12*******,100000.00,0.00,,金錢,臺中市西屯區****,0927*****,
104,林祈烽,107年直轄市議員選舉,首次申報,1071024,個人捐贈收入,趙婉廷,N22*******,20000.00,0.00,,金錢,臺中市北屯區****,2291*****,
105,林祈烽,107年直轄市議員選舉,首次申報,1071026,營利事業捐贈收入,般若科技股份有限公司,22063416,100000.00,0.00,,金錢,臺中市西屯區****,0936*****,
106,林祈烽,107年直轄市議員選舉,首次申報,1071026,個人捐贈收入,林金德,B12*******,50000.00,0.00,,金錢,臺中市西屯區****,0911*****,
107,林祈烽,107年直轄市議員選舉,首次申報,1071026,個人捐贈收入,范國光,E12*******,70000.00,0.00,,金錢,臺中市南屯區****,2328*****,
108,林祈烽,107年直轄市議員選舉,首次申報,1071026,個人捐贈收入,蘇良智,R12*******,80000.00,0.00,,金錢,臺中市南屯區****,2328*****,
109,林祈烽,107年直轄市議員選舉,首次申報,1071029,營利事業捐贈收入,鑫褔順有限公司,54254923,20000.00,0.00,,金錢,臺中市西屯區****,04-2*****,
110,林祈烽,107年直轄市議員選舉,首次申報,1071029,個人捐贈收入,賴承郁,B12*******,10000.00,0.00,,金錢,臺中市北區緩****,0932*****,
111,林祈烽,107年直轄市議員選舉,首次申報,1071029,個人捐贈收入,吳碧澤,B12*******,10000.00,0.00,,金錢,臺中市西屯區****,0933*****,
112,林祈烽,107年直轄市議員選舉,首次申報,1071029,個人捐贈收入,胡世融,E12*******,5000.00,0.00,,金錢,臺中市太平區****,0928*****,
113,林祈烽,107年直轄市議員選舉,首次申報,1071029,個人捐贈收入,王欣怡,E22*******,50000.00,0.00,,金錢,臺中市大里區****,0937*****,
114,林祈烽,107年直轄市議員選舉,首次申報,1071029,個人捐贈收入,廖冠豪,I10*******,50000.00,0.00,,金錢,臺中市西屯區****,0910*****,
115,林祈烽,107年直轄市議員選舉,首次申報,1071029,個人捐贈收入,陳聯寬,Q10*******,6600.00,0.00,,金錢,臺中市西屯區****,0939*****,
116,林祈烽,107年直轄市議員選舉,首次申報,1071031,營利事業捐贈收入,豐正精密工業股份有限公司,27626409,10000.00,0.00,,金錢,臺中市西屯區****,2317*****,
117,林祈烽,107年直轄市議員選舉,首次申報,1071031,個人捐贈收入,何世湧,B12*******,10000.00,0.00,,金錢,臺中市西屯區****,0932*****,
118,林祈烽,107年直轄市議員選舉,首次申報,1071031,個人捐贈收入,黃慶源,N10*******,30000.00,0.00,,金錢,臺中市北區五****,0928*****,
119,林祈烽,107年直轄市議員選舉,首次申報,1071031,個人捐贈收入,朱玉霞,N22*******,10000.00,0.00,,金錢,臺中市西屯區****,0916*****,
120,林祈烽,107年直轄市議員選舉,首次申報,1071101,營利事業捐贈收入,環台水泥製品股份有限公司,57231902,200000.00,0.00,,金錢,臺中市大肚區****,2693*****,
121,林祈烽,107年直轄市議員選舉,首次申報,1071102,營利事業捐贈收入,坤悅開發股份有限公司,04738240,200000.00,0.00,,金錢,臺中市西屯區****,2258*****,
122,林祈烽,107年直轄市議員選舉,首次申報,1071102,個人捐贈收入,楊玉梅,A22*******,100000.00,0.00,,金錢,新北市新店區****,0926*****,
123,林祈烽,107年直轄市議員選舉,首次申報,1071102,個人捐贈收入,李穎彥,B12*******,10000.00,0.00,,金錢,臺中市西屯區****,0932*****,
124,林祈烽,107年直轄市議員選舉,首次申報,1071102,個人捐贈收入,賴朝中,B12*******,5000.00,0.00,,金錢,臺中市西屯區****,0982*****,
125,林祈烽,107年直轄市議員選舉,首次申報,1071102,個人捐贈收入,劉淇增,L12*******,20000.00,0.00,,金錢,臺中市西屯區****,0932*****,
126,林祈烽,107年直轄市議員選舉,首次申報,1071106,個人捐贈收入,黃芬惠,M20*******,100000.00,0.00,,非金錢,南投縣南投市****,0912*****,
127,林祈烽,107年直轄市議員選舉,首次申報,1071107,營利事業捐贈收入,國睦工業股份有限公司,23070442,50000.00,0.00,,金錢,臺中市南屯區****,2359*****,
128,林祈烽,107年直轄市議員選舉,首次申報,1071107,個人捐贈收入,黃金城,B12*******,50000.00,0.00,,金錢,臺中市西屯區****,0933*****,
129,林祈烽,107年直轄市議員選舉,首次申報,1071107,個人捐贈收入,陳彥宏,T12*******,5000.00,0.00,,金錢,臺中市西屯區****,0921*****,
130,林祈烽,107年直轄市議員選舉,首次申報,1071108,個人捐贈收入,李世文,P10*******,10000.00,0.00,,金錢,臺中市西屯區****,0933*****,
131,林祈烽,107年直轄市議員選舉,首次申報,1071112,營利事業捐贈收入,犂記實業有限公司,52300372,100000.00,0.00,,金錢,臺中市北區中****,0931*****,
132,林祈烽,107年直轄市議員選舉,首次申報,1071112,個人捐贈收入,陳樹德,B10*******,1000.00,0.00,,金錢,臺中市西屯區****,0937*****,
133,林祈烽,107年直轄市議員選舉,首次申報,1071112,個人捐贈收入,游智森,B12*******,10000.00,0.00,,金錢,臺中市西屯區****,0923*****,
134,林祈烽,107年直轄市議員選舉,首次申報,1071112,個人捐贈收入,蔡宗諺,B12*******,50000.00,0.00,,金錢,彰化縣芬園鄉****,0928*****,
135,林祈烽,107年直轄市議員選舉,首次申報,1071112,個人捐贈收入,陳麗蘋,L22*******,5000.00,0.00,,金錢,臺中市南屯區****,0966*****,
136,林祈烽,107年直轄市議員選舉,首次申報,1071112,個人捐贈收入,洪美月,N22*******,10000.00,0.00,,金錢,臺中市西屯區****,0939*****,
137,林祈烽,107年直轄市議員選舉,首次申報,1071112,個人捐贈收入,陳建昌,P12*******,20000.00,0.00,,金錢,新北市板橋區****,0932*****,
138,林祈烽,107年直轄市議員選舉,首次申報,1071112,個人捐贈收入,王俊又,P12*******,100000.00,0.00,,金錢,臺中市西屯區****,0935*****,
139,林祈烽,107年直轄市議員選舉,首次申報,1071113,個人捐贈收入,曾崇芳,L12*******,5000.00,0.00,,金錢,臺中市西屯區****,0921*****,
140,林祈烽,107年直轄市議員選舉,首次申報,1071114,營利事業捐贈收入,一等機械有限公司,79976481,10000.00,0.00,,金錢,臺中市西屯區****,2465*****,
141,林祈烽,107年直轄市議員選舉,首次申報,1071114,個人捐贈收入,陳坤明,B12*******,12000.00,0.00,,金錢,臺中市西屯區****,0932*****,
142,林祈烽,107年直轄市議員選舉,首次申報,1071114,個人捐贈收入,張志強,M12*******,100000.00,0.00,,金錢,臺中市中區自****,0966*****,
143,林祈烽,107年直轄市議員選舉,首次申報,1071114,個人捐贈收入,王麗惠,M22*******,6000.00,0.00,,金錢,臺中市西屯區****,2451*****,
144,林祈烽,107年直轄市議員選舉,首次申報,1071114,個人捐贈收入,黃柏誠,N12*******,100000.00,0.00,,金錢,臺中市中區自****,0952*****,
145,林祈烽,107年直轄市議員選舉,首次申報,1071115,個人捐贈收入,林煥洲,L12*******,10000.00,0.00,,金錢,臺中市西屯區****,0912*****,
146,林祈烽,107年直轄市議員選舉,首次申報,1071115,個人捐贈收入,林秋香,L22*******,20000.00,0.00,,金錢,臺中市北區大****,0936*****,
147,林祈烽,107年直轄市議員選舉,首次申報,1071116,個人捐贈收入,黃國書,B12*******,50000.00,0.00,,金錢,臺中市南屯區****,0921*****,
148,林祈烽,107年直轄市議員選舉,首次申報,1071119,個人捐贈收入,馮賀欽,G12*******,60000.00,0.00,,金錢,臺中市西區大****,0935*****,
149,林祈烽,107年直轄市議員選舉,首次申報,1071119,個人捐贈收入,陳利永,N10*******,20000.00,0.00,,金錢,臺中市西屯區****,04-2*****,
150,林祈烽,107年直轄市議員選舉,首次申報,1071120,營利事業捐贈收入,坤聯營造股份有限公司,22667443,40000.00,0.00,,金錢,臺中市西屯區****,,
151,林祈烽,107年直轄市議員選舉,首次申報,1071120,營利事業捐贈收入,青園建設股份有限公司,53851465,100000.00,0.00,,金錢,臺中市西區博****,04-2*****,
152,林祈烽,107年直轄市議員選舉,首次申報,1071120,個人捐贈收入,張語全,B10*******,3600.00,0.00,,金錢,臺中市西屯區****,0932*****,
153,林祈烽,107年直轄市議員選舉,首次申報,1071120,個人捐贈收入,黃才丕,Q12*******,60000.00,0.00,,金錢,臺中市南屯區****,,
154,林祈烽,107年直轄市議員選舉,首次申報,1071123,個人捐贈收入,陳仁義,A10*******,100000.00,0.00,,金錢,臺中市西屯區****,0986*****,
155,林祈烽,107年直轄市議員選舉,首次申報,1071123,個人捐贈收入,潘貴學,B12*******,5000.00,0.00,,金錢,臺中市北屯區****,0912*****,
156,林祈烽,107年直轄市議員選舉,首次申報,1071123,個人捐贈收入,李秋蘭,K22*******,100000.00,0.00,,金錢,臺中市西屯區****,0986*****,
157,林祈烽,107年直轄市議員選舉,首次申報,1071221,其他收入,利息收入,,291.00,0.00,,金錢,,,
