﻿序號,擬參選人／政黨,選舉名稱,申報序號／年度,交易日期,收支科目,捐贈者／支出對象,身分證／統一編號,收入金額,支出金額,捐贈方式,存入專戶日期,返還/繳庫,支出用途,金錢類,地址,聯絡電話,應揭露之支出對象,支出對象之內部人員姓名,支出對象之內部人員職稱,政黨之內部人員姓名,政黨之內部人員職稱,關係,更正註記,資料更正日期
1,謝清輝,111年苗栗縣後龍鎮鎮長選舉,首次申報,1110930,租用競選辦事處支出,謝清輝,K12*******,0.00,15000.00,,,,供競選總部使用,非金錢,苗栗縣後龍鎮****,0919*****,否,,,,,,,
2,謝清輝,111年苗栗縣後龍鎮鎮長選舉,首次申報,1111006,雜支支出,仟佑電器有限公司,28138505,0.00,29000.00,,,,廣播宣傳用,金錢,苗栗縣後龍鎮****,037-*****,否,,,,,,,
3,謝清輝,111年苗栗縣後龍鎮鎮長選舉,首次申報,1111008,雜支支出,仟佑電器有限公司,28138505,0.00,6400.00,,,,泡咖啡,金錢,苗栗縣後龍鎮****,037-*****,否,,,,,,,
4,謝清輝,111年苗栗縣後龍鎮鎮長選舉,首次申報,1111012,租用宣傳車輛支出,蘇建龍,H12*******,0.00,40500.00,,,,廣告宣傳車,金錢,苗栗縣後龍鎮****,0932*****,否,,,,,,,
5,謝清輝,111年苗栗縣後龍鎮鎮長選舉,首次申報,1111012,租用宣傳車輛支出,王文安,K12*******,0.00,62100.00,,,,廣告宣傳車,金錢,苗栗縣後龍鎮****,0912*****,否,,,,,,,
6,謝清輝,111年苗栗縣後龍鎮鎮長選舉,首次申報,1111019,雜支支出,維真五金行,38984634,0.00,4050.00,,,,綁旗子用,金錢,苗栗縣後龍鎮****,037-*****,否,,,,,,,
7,謝清輝,111年苗栗縣後龍鎮鎮長選舉,首次申報,1111020,租用競選辦事處支出,興源工程行,25273436,0.00,130000.00,,,,競選總部屋頂看板鋼架工程,金錢,苗栗縣後龍鎮****,037-*****,否,,,,,,,
8,謝清輝,111年苗栗縣後龍鎮鎮長選舉,首次申報,1111020,租用競選辦事處支出,中華電信(股)公司,88813354,0.00,458.00,,,,電話費(),金錢,苗栗縣苗栗市****,0800*****,否,,,,,,,
9,謝清輝,111年苗栗縣後龍鎮鎮長選舉,首次申報,1111026,雜支支出,維真五金行,38984634,0.00,3000.00,,,,綁旗子用,金錢,苗栗縣後龍鎮****,037-*****,否,,,,,,,
10,謝清輝,111年苗栗縣後龍鎮鎮長選舉,首次申報,1111028,集會支出,東陽担仔麵,14224430,0.00,18700.00,,,,問政說明會點心,金錢,苗栗縣後龍鎮****,037-*****,否,,,,,,,
11,謝清輝,111年苗栗縣後龍鎮鎮長選舉,首次申報,1111028,租用宣傳車輛支出,蘇建龍,H12*******,0.00,51000.00,,,,廣告宣傳車,金錢,苗栗縣後龍鎮****,0932*****,否,,,,,,,
12,謝清輝,111年苗栗縣後龍鎮鎮長選舉,首次申報,1111028,租用宣傳車輛支出,王文安,K12*******,0.00,48000.00,,,,廣告宣傳車,金錢,苗栗縣後龍鎮****,0912*****,否,,,,,,,
13,謝清輝,111年苗栗縣後龍鎮鎮長選舉,首次申報,1111031,集會支出,麗聲綜藝團,66843919,0.00,5000.00,,,,問政說明會用,金錢,苗栗縣後龍鎮****,0912*****,否,,,,,,,
14,謝清輝,111年苗栗縣後龍鎮鎮長選舉,首次申報,1111031,租用競選辦事處支出,謝清輝,K12*******,0.00,15000.00,,,,供競選總部使用,非金錢,苗栗縣後龍鎮****,0919*****,否,,,,,,,
15,謝清輝,111年苗栗縣後龍鎮鎮長選舉,首次申報,1111102,宣傳支出,千舜廣告社,98163196,0.00,95625.00,,,,宣傳用帆布看版,金錢,苗栗縣竹南鎮****,037-*****,否,,,,,,,
16,謝清輝,111年苗栗縣後龍鎮鎮長選舉,首次申報,1111103,雜支支出,氣球列車禮品企業社,72453261,0.00,17100.00,,,,造勢拜票用,金錢,臺中市南屯區****,0966*****,否,,,,,,,
17,謝清輝,111年苗栗縣後龍鎮鎮長選舉,首次申報,1111105,宣傳支出,千舜廣告社,98163196,0.00,71250.00,,,,宣傳用帆布看版,金錢,苗栗縣竹南鎮****,037-*****,否,,,,,,,
18,謝清輝,111年苗栗縣後龍鎮鎮長選舉,首次申報,1111108,宣傳支出,順益企業社,49727471,0.00,8250.00,,,,宣傳用文宣,金錢,苗栗縣後龍鎮****,037-*****,否,,,,,,,
19,謝清輝,111年苗栗縣後龍鎮鎮長選舉,首次申報,1111108,集會支出,金栗城卡通蛋糕專門站,49796363,0.00,10000.00,,,,問政說明會點心,金錢,苗栗縣苗栗市****,037-*****,否,,,,,,,
20,謝清輝,111年苗栗縣後龍鎮鎮長選舉,首次申報,1111108,宣傳支出,千舜廣告社,98163196,0.00,90000.00,,,,宣傳用旗幟,金錢,苗栗縣竹南鎮****,037-*****,否,,,,,,,
21,謝清輝,111年苗栗縣後龍鎮鎮長選舉,首次申報,1111113,租用宣傳車輛支出,蘇建龍,H12*******,0.00,51300.00,,,,廣告宣傳車,金錢,苗栗縣後龍鎮****,0932*****,否,,,,,,,
22,謝清輝,111年苗栗縣後龍鎮鎮長選舉,首次申報,1111113,租用宣傳車輛支出,王文安,K12*******,0.00,50700.00,,,,廣告宣傳車,金錢,苗栗縣後龍鎮****,0912*****,否,,,,,,,
23,謝清輝,111年苗栗縣後龍鎮鎮長選舉,首次申報,1111116,宣傳支出,順益企業社,49727471,0.00,22800.00,,,,宣傳用文宣,金錢,苗栗縣後龍鎮****,037-*****,否,,,,,,,
24,謝清輝,111年苗栗縣後龍鎮鎮長選舉,首次申報,1111116,租用競選辦事處支出,中華電信(股)公司,88813354,0.00,756.00,,,,電話費(),金錢,苗栗縣苗栗市****,0800*****,否,,,,,,,
25,謝清輝,111年苗栗縣後龍鎮鎮長選舉,首次申報,1111116,租用競選辦事處支出,中華電信(股)公司,88813354,0.00,509.00,,,,電話費(),金錢,苗栗縣苗栗市****,0800*****,否,,,,,,,
26,謝清輝,111年苗栗縣後龍鎮鎮長選舉,首次申報,1111116,租用競選辦事處支出,中華電信(股)公司,88813354,0.00,276.00,,,,電話費(),金錢,苗栗縣苗栗市****,0800*****,否,,,,,,,
27,謝清輝,111年苗栗縣後龍鎮鎮長選舉,首次申報,1111116,租用競選辦事處支出,中華電信(股)公司,88813354,0.00,282.00,,,,電話費(),金錢,苗栗縣苗栗市****,0800*****,否,,,,,,,
28,謝清輝,111年苗栗縣後龍鎮鎮長選舉,首次申報,1111116,租用競選辦事處支出,中華電信(股)公司,88813354,0.00,277.00,,,,電話費(),金錢,苗栗縣苗栗市****,0800*****,否,,,,,,,
29,謝清輝,111年苗栗縣後龍鎮鎮長選舉,首次申報,1111117,租用競選辦事處支出,台灣電力公司,03795904,0.00,15879.00,,,,總部使用電費,金錢,臺北市中正區****,02-2*****,否,,,,,,,
30,謝清輝,111年苗栗縣後龍鎮鎮長選舉,首次申報,1111120,集會支出,麥加饅頭賣點,13357740,0.00,4920.00,,,,車隊造勢早餐,金錢,苗栗縣後龍鎮****,037-*****,否,,,,,,,
31,謝清輝,111年苗栗縣後龍鎮鎮長選舉,首次申報,1111120,宣傳支出,順益企業社,49727471,0.00,25600.00,,,,宣傳用文宣,金錢,苗栗縣後龍鎮****,037-*****,否,,,,,,,
32,謝清輝,111年苗栗縣後龍鎮鎮長選舉,首次申報,1111120,雜支支出,遠東企業社,66817270,0.00,4000.00,,,,茶點,金錢,苗栗縣後龍鎮****,037-*****,否,,,,,,,
33,謝清輝,111年苗栗縣後龍鎮鎮長選舉,首次申報,1111120,集會支出,麗聲綜藝團,66843919,0.00,11000.00,,,,車隊造勢宣傳車,金錢,苗栗縣後龍鎮****,0912*****,否,,,,,,,
34,謝清輝,111年苗栗縣後龍鎮鎮長選舉,首次申報,1111120,集會支出,早點,92843252,0.00,4500.00,,,,車隊造勢早餐,金錢,苗栗縣後龍鎮****,037-*****,否,,,,,,,
35,謝清輝,111年苗栗縣後龍鎮鎮長選舉,首次申報,1111122,雜支支出,伍大報業,45599018,0.00,11000.00,,,,文宣派送,金錢,苗栗縣苗栗市****,037-*****,否,,,,,,,
36,謝清輝,111年苗栗縣後龍鎮鎮長選舉,首次申報,1111124,宣傳支出,順益企業社,49727471,0.00,5400.00,,,,宣傳用文宣,金錢,苗栗縣後龍鎮****,037-*****,否,,,,,,,
37,謝清輝,111年苗栗縣後龍鎮鎮長選舉,首次申報,1111125,雜支支出,文誠行,02934870,0.00,536.00,,,,,金錢,苗栗縣後龍鎮****,037-*****,否,,,,,,,
38,謝清輝,111年苗栗縣後龍鎮鎮長選舉,首次申報,1111125,雜支支出,文誠行,02934870,0.00,918.00,,,,,金錢,苗栗縣後龍鎮****,037-*****,否,,,,,,,
39,謝清輝,111年苗栗縣後龍鎮鎮長選舉,首次申報,1111125,集會支出,東陽担仔麵,14224430,0.00,30000.00,,,,問政說明會點心,金錢,苗栗縣後龍鎮****,037-*****,否,,,,,,,
40,謝清輝,111年苗栗縣後龍鎮鎮長選舉,首次申報,1111125,宣傳支出,順益企業社,49727471,0.00,27500.00,,,,便條紙(宣傳用),金錢,苗栗縣後龍鎮****,037-*****,否,,,,,,,
41,謝清輝,111年苗栗縣後龍鎮鎮長選舉,首次申報,1111125,集會支出,麗聲綜藝團,66843919,0.00,7000.00,,,,問政說明會用,金錢,苗栗縣後龍鎮****,0912*****,否,,,,,,,
42,謝清輝,111年苗栗縣後龍鎮鎮長選舉,首次申報,1111125,租用宣傳車輛支出,蘇建龍,H12*******,0.00,52000.00,,,,廣告宣傳車,金錢,苗栗縣後龍鎮****,0932*****,否,,,,,,,
43,謝清輝,111年苗栗縣後龍鎮鎮長選舉,首次申報,1111125,租用競選辦事處支出,謝清輝,K12*******,0.00,15000.00,,,,供競選總部使用,非金錢,苗栗縣後龍鎮****,0919*****,否,,,,,,,
44,謝清輝,111年苗栗縣後龍鎮鎮長選舉,首次申報,1111125,租用宣傳車輛支出,王文安,K12*******,0.00,53700.00,,,,廣告宣傳車,金錢,苗栗縣後龍鎮****,0912*****,否,,,,,,,
45,謝清輝,111年苗栗縣後龍鎮鎮長選舉,首次申報,1111129,租用競選辦事處支出,中華電信(股)公司,88813354,0.00,908.00,,,,網路費(Y),金錢,苗栗縣苗栗市****,0800*****,否,,,,,,,
46,謝清輝,111年苗栗縣後龍鎮鎮長選舉,首次申報,1111130,租用競選辦事處支出,台灣自來水(股)公司,02900219,0.00,789.00,,,,總部日常使用水,金錢,苗栗縣苗栗市****,037-*****,否,,,,,,,
47,謝清輝,111年苗栗縣後龍鎮鎮長選舉,首次申報,1111205,宣傳支出,慶鴻旗幟有限公司,89361287,0.00,157500.00,,,,宣傳用旗幟印刷,金錢,臺中市潭子區****,04-2*****,否,,,,,,,
