﻿序號,擬參選人／政黨,選舉名稱,申報序號／年度,交易日期,收支科目,捐贈者／支出對象,身分證／統一編號,收入金額,支出金額,支出用途,金錢類,地址,聯絡電話,資料更正日期
1,黃承澤,107年村(里)長選舉,首次申報,1071001,個人捐贈收入,曾郁喬,J22*******,3000.00,0.00,,金錢,新竹市長春街****,0937*****,
2,黃承澤,107年村(里)長選舉,首次申報,1071019,個人捐贈收入,黃文政,J12*******,6600.00,0.00,,金錢,新竹市民族路****,0928*****,
3,黃承澤,107年村(里)長選舉,首次申報,1071020,個人捐贈收入,黃文怡,,10000.00,0.00,,金錢,新竹市民族路****,,
4,黃承澤,107年村(里)長選舉,首次申報,1071020,個人捐贈收入,黃國珍,J10*******,5000.00,0.00,,金錢,新竹市民族路****,0939*****,
