﻿序號,擬參選人／政黨,選舉名稱,申報序號／年度,交易日期,收支科目,捐贈者／支出對象,身分證／統一編號,收入金額,支出金額,捐贈方式,存入專戶日期,返還/繳庫,支出用途,金錢類,地址,聯絡電話,應揭露之支出對象,支出對象之內部人員姓名,支出對象之內部人員職稱,政黨之內部人員姓名,政黨之內部人員職稱,關係,更正註記,資料更正日期
1,于北辰,111年桃園市議員選舉,首次申報,1110718,宣傳支出,大器廣告有限公司,53170974,0.00,110250.00,,,,播放、傳送廣告LED電視牆//-//*點位,金錢,桃園區春日路****,03-3*****,否,,,,,,,
2,于北辰,111年桃園市議員選舉,首次申報,1110801,宣傳支出,印億科技有限公司,53791805,0.00,1050.00,,,,競選文案大圖輸出地圖件,金錢,桃園市龜山區****,03-3*****,否,,,,,,,
3,于北辰,111年桃園市議員選舉,首次申報,1110801,宣傳支出,威肯詩服裝有限公司,69756403,0.00,10080.00,,,,製作競選物品團隊短T恤件,金錢,桃園市中壢區****,03-2*****,否,,,,,,,
4,于北辰,111年桃園市議員選舉,首次申報,1110801,租用競選辦事處支出,傅思筠,A22*******,0.00,32000.00,,,,租用競選辦事處費用月房租,金錢,桃園市桃園區****,,否,,,,,,,
5,于北辰,111年桃園市議員選舉,首次申報,1110818,宣傳支出,印億科技有限公司,53791805,0.00,9030.00,,,,廣告看板設計款/設計排版費件/人形立牌含腳架件,金錢,桃園市龜山區****,03-3*****,否,,,,,,,
6,于北辰,111年桃園市議員選舉,首次申報,1110818,宣傳支出,印億科技有限公司,53791805,0.00,15000.00,,,,競選服務處招牌件及牆面大圖貼紙含施工,金錢,桃園市龜山區****,03-3*****,否,,,,,,,
7,于北辰,111年桃園市議員選舉,首次申報,1110819,租用競選辦事處支出,源明發食品行,87313556,0.00,19000.00,,,,裝潢競選辦事處費用輕板隔間,金錢,新北市樹林區****,,否,,,,,,,
8,于北辰,111年桃園市議員選舉,首次申報,1110823,租用競選辦事處支出,東陽鋁門窗工程行,45165441,0.00,50000.00,,,,裝潢競選辦事處自動鋁門窗組/自動門含機具,金錢,桃園市平鎮區****,03-4*****,否,,,,,,,
9,于北辰,111年桃園市議員選舉,首次申報,1110823,租用競選辦事處支出,入億企業有限公司,89708099,0.00,23100.00,,,,競選辦事處冷氣安裝材料費，安裝費,金錢,基隆市七堵區****,2456*****,否,,,,,,,
10,于北辰,111年桃園市議員選舉,首次申報,1110823,租用競選辦事處支出,入億企業有限公司,89708099,0.00,66900.00,,,,競選辦事處禾聯對變頻冷氣組,金錢,基隆市七堵區****,2456*****,否,,,,,,,
11,于北辰,111年桃園市議員選舉,首次申報,1110831,宣傳支出,永銓隆有限公司,28451820,0.00,6720.00,,,,製作競選物品關東旗數量面單價/旗座配件組數量單價/背包旗數量個單價,金錢,臺北市大同區****,02-2*****,否,,,,,,,
12,于北辰,111年桃園市議員選舉,首次申報,1110901,租用競選辦事處支出,傅思筠,A22*******,0.00,32000.00,,,,租用競選辦事處費用月房租,金錢,桃園市桃園區****,,否,,,,,,,
13,于北辰,111年桃園市議員選舉,首次申報,1110902,宣傳支出,印億科技有限公司,53791805,0.00,17430.00,,,,製作競選物品貼紙張與徽章個,金錢,桃園市龜山區****,03-3*****,否,,,,,,,
14,于北辰,111年桃園市議員選舉,首次申報,1110902,宣傳支出,新加坡商蝦皮娛樂店商有限公司台灣分公司,56801904,0.00,349.00,,,,競選物品費用（大聲公）,金錢,臺北市信義區****,02-6*****,否,,,,,,,
15,于北辰,111年桃園市議員選舉,首次申報,1110905,宣傳支出,能翔自動科技股份有限公司,27663234,0.00,42000.00,,,,製作競選物品防護口罩片,金錢,桃園市桃園區****,03-3*****,否,,,,,,,
16,于北辰,111年桃園市議員選舉,首次申報,1110905,宣傳支出,能翔自動科技股份有限公司,27663234,0.00,110250.00,,,,製作競選物品防護口罩片,金錢,桃園市桃園區****,03-3*****,否,,,,,,,
17,于北辰,111年桃園市議員選舉,首次申報,1110913,宣傳支出,印億科技有限公司,53791805,0.00,13608.00,,,,製作競選貼紙種尺寸貼紙張,金錢,桃園市龜山區****,03-3*****,否,,,,,,,
18,于北辰,111年桃園市議員選舉,首次申報,1110916,宣傳支出,袋來好禮有限公司,53381838,0.00,25792.00,,,,製作競選小物飛盤扇數量個,金錢,彰化縣彰化市****,04-7*****,否,,,,,,,
19,于北辰,111年桃園市議員選舉,首次申報,1110916,雜支支出,新加坡商蝦皮娛樂店商有限公司台灣分公司,56801904,0.00,484.00,,,,火漆蠟粒顆單價元\火漆蠟專用手柄個單價元\無毒蠟燭個單價元\另無毒蠟燭個單價元\折讓元,金錢,臺北市信義區****,02-6*****,否,,,,,,,
20,于北辰,111年桃園市議員選舉,首次申報,1110916,宣傳支出,新加坡商蝦皮娛樂店商有限公司台灣分公司,56801904,0.00,420.00,,,,競選小物DIY紙扇兒童勞作件,金錢,臺北市信義區****,02-6*****,否,,,,,,,
21,于北辰,111年桃園市議員選舉,首次申報,1110916,集會支出,氣球列車禮品企業社,72453261,0.00,260.00,,,,其他與集會有關之費用氣球數量個,金錢,臺中市南屯區****,0966*****,否,,,,,,,
22,于北辰,111年桃園市議員選舉,首次申報,1110917,雜支支出,新加坡商蝦皮娛樂店商有限公司台灣分公司,56801904,0.00,800.00,,,,歐式信封個,金錢,臺北市信義區****,02-6*****,否,,,,,,,
23,于北辰,111年桃園市議員選舉,首次申報,1110919,宣傳支出,新加坡商蝦皮娛樂店商有限公司台灣分公司,56801904,0.00,485.00,,,,競選小物品手工創意彩沙製作件,金錢,臺北市信義區****,02-6*****,否,,,,,,,
24,于北辰,111年桃園市議員選舉,首次申報,1110920,宣傳支出,仲泰服飾有限公司,28552622,0.00,47413.00,,,,及製作競選物品上衣短袖T恤件及,金錢,桃園市桃園區****,03-3*****,否,,,,,,,
25,于北辰,111年桃園市議員選舉,首次申報,1110920,宣傳支出,仲泰服飾有限公司,28552622,0.00,1407.00,,,,製作競選背心件,金錢,桃園市桃園區****,03-3*****,否,,,,,,,
26,于北辰,111年桃園市議員選舉,首次申報,1110921,宣傳支出,印億科技有限公司,53791805,0.00,1103.00,,,,製作競選物品明信片張,金錢,桃園市龜山區****,03-3*****,否,,,,,,,
27,于北辰,111年桃園市議員選舉,首次申報,1110922,雜支支出,新加坡商蝦皮娛樂店商有限公司台灣分公司,56801904,0.00,198.00,,,,雜項購置泡泡機隻，泡泡水補充罐,金錢,臺北市信義區****,02-6*****,否,,,,,,,
28,于北辰,111年桃園市議員選舉,首次申報,1110922,雜支支出,新加坡商蝦皮娛樂店商有限公司台灣分公司,56801904,0.00,314.00,,,,雜項購置泡泡機隻,金錢,臺北市信義區****,02-6*****,否,,,,,,,
29,于北辰,111年桃園市議員選舉,首次申報,1110923,宣傳支出,中華郵政中埔代辦所,,0.00,288.00,,,,郵寄競選信件,金錢,桃園市桃園區****,03-3*****,否,,,,,,,
30,于北辰,111年桃園市議員選舉,首次申報,1110927,宣傳支出,能翔自動科技股份有限公司,27663234,0.00,73500.00,,,,製作競選小物防護口罩片,金錢,桃園市桃園區****,03-3*****,否,,,,,,,
31,于北辰,111年桃園市議員選舉,首次申報,1110929,宣傳支出,裕卉商行,37849549,0.00,763.00,,,,競選小物品DIY手作袋個,金錢,臺北市南港區****,0226*****,否,,,,,,,
32,于北辰,111年桃園市議員選舉,首次申報,1110929,宣傳支出,中華郵政桃園永安郵局,43895387,0.00,740.00,,,,郵寄競選信件,金錢,桃園市桃園區****,03-3*****,否,,,,,,,
33,于北辰,111年桃園市議員選舉,首次申報,1110929,宣傳支出,北海國際股份有限公司,80039512,0.00,21000.00,,,,製作競選小物提袋數量個,金錢,臺中市太平區****,0800*****,否,,,,,,,
34,于北辰,111年桃園市議員選舉,首次申報,1110929,雜支支出,恆聚商行,85559033,0.00,443.00,,,,雜項購置或修繕費用,金錢,嘉義市西區美****,,否,,,,,,,
35,于北辰,111年桃園市議員選舉,首次申報,1111001,租用競選辦事處支出,傅思筠,A22*******,0.00,32000.00,,,,租用競選辦事處費用月房租,金錢,桃園市桃園區****,,否,,,,,,,
36,于北辰,111年桃園市議員選舉,首次申報,1111003,宣傳支出,印億科技有限公司,53791805,0.00,735.00,,,,製作競選物品大圖輸出排版費件,金錢,桃園市龜山區****,03-3*****,否,,,,,,,
37,于北辰,111年桃園市議員選舉,首次申報,1111003,宣傳支出,印億科技有限公司,53791805,0.00,3675.00,,,,製作競選貼紙張,金錢,桃園市龜山區****,03-3*****,否,,,,,,,
38,于北辰,111年桃園市議員選舉,首次申報,1111004,宣傳支出,印億科技有限公司,53791805,0.00,10080.00,,,,製作競選貼紙張,金錢,桃園市龜山區****,03-3*****,否,,,,,,,
39,于北辰,111年桃園市議員選舉,首次申報,1111004,集會支出,新加坡商蝦皮娛樂店商有限公司台灣分公司,56801904,0.00,2590.00,,,,其他與集會有關之費用氣球樹架個含氣球,金錢,臺北市信義區****,02-6*****,否,,,,,,,
40,于北辰,111年桃園市議員選舉,首次申報,1111004,集會支出,新加坡商蝦皮娛樂店商有限公司台灣分公司,56801904,0.00,827.00,,,,其他與集會有關之費用多款顏色裝飾氣球組,金錢,臺北市信義區****,02-6*****,否,,,,,,,
41,于北辰,111年桃園市議員選舉,首次申報,1111005,雜支支出,燦坤實業股份有限公司藝文分公司,24803937,0.00,2237.00,,,,列表機墨水夾黑色及彩色各個,金錢,桃園市桃園區****,03-3*****,否,,,,,,,
42,于北辰,111年桃園市議員選舉,首次申報,1111005,宣傳支出,集緻廣告社,29286813,0.00,57829.00,,,,製作廣告新製帆布看板面/吊車,金錢,桃園市桃園區****,03-3*****,否,,,,,,,
43,于北辰,111年桃園市議員選舉,首次申報,1111005,宣傳支出,新加坡商蝦皮娛樂店商有限公司台灣分公司,56801904,0.00,2810.00,,,,製作競選物品空白紙扇/手繪小提袋/風車繪畫勞作共件,金錢,臺北市信義區****,02-6*****,否,,,,,,,
44,于北辰,111年桃園市議員選舉,首次申報,1111005,集會支出,氣球列車禮品企業社,72453261,0.00,2079.00,,,,其他與集會有關之費用多款裝飾氣球個/氣球盒個,金錢,臺中市南屯區****,0966*****,否,,,,,,,
45,于北辰,111年桃園市議員選舉,首次申報,1111005,雜支支出,艾蜜莉生活館,81722409,0.00,432.00,,,,雜項購置或修繕費用兒童益智玩具個,金錢,臺南市北區文****,0920*****,否,,,,,,,
46,于北辰,111年桃園市議員選舉,首次申報,1111005,集會支出,俊陞企業社,82696718,0.00,2779.00,,,,其他與集會有關之費用活動派對氣球樹架個含氣球,金錢,高雄市梓官區****,,否,,,,,,,
47,于北辰,111年桃園市議員選舉,首次申報,1111005,雜支支出,競選總部,A12*******,0.00,4500.00,,,,,非金錢,桃園市桃園區****,03-3*****,否,,,,,,,
48,于北辰,111年桃園市議員選舉,首次申報,1111005,宣傳支出,競選總部,A12*******,0.00,9000.00,,,,製作競選物品或宣傳廣告費用（口罩片）,非金錢,桃園市桃園區****,03-3*****,否,,,,,,,
49,于北辰,111年桃園市議員選舉,首次申報,1111005,雜支支出,競選總部,A12*******,0.00,3800.00,,,,,非金錢,桃園市桃園區****,03-3*****,否,,,,,,,
50,于北辰,111年桃園市議員選舉,首次申報,1111006,宣傳支出,大朋國際企業有限公司,27501169,0.00,1470.00,,,,其他與選舉宣傳有關之費用候選人絨布肩帶件,金錢,桃園市桃園區****,03-3*****,否,,,,,,,
51,于北辰,111年桃園市議員選舉,首次申報,1111006,租用宣傳車輛支出,老永光汽車材料行,43782877,0.00,6300.00,,,,宣傳車輛費用車頂架，廣告機，廣告喇叭各,金錢,桃園市龜山區****,03-3*****,否,,,,,,,
52,于北辰,111年桃園市議員選舉,首次申報,1111006,宣傳支出,中華郵政桃園永安郵局,43895387,0.00,628.00,,,,郵寄競選信件,金錢,桃園市桃園區****,0800*****,否,,,,,,,
53,于北辰,111年桃園市議員選舉,首次申報,1111006,雜支支出,新加坡商蝦皮娛樂店商有限公司台灣分公司,56801904,0.00,685.00,,,,雜項購置手動泡泡機隻,金錢,臺北市信義區****,02-6*****,否,,,,,,,
54,于北辰,111年桃園市議員選舉,首次申報,1111006,宣傳支出,新加坡商蝦皮娛樂店商有限公司台灣分公司,56801904,0.00,119.00,,,,競選小物品防水防油圍裙件,金錢,臺北市信義區****,02-6*****,否,,,,,,,
55,于北辰,111年桃園市議員選舉,首次申報,1111006,宣傳支出,新加坡商蝦皮娛樂店商有限公司台灣分公司,56801904,0.00,685.00,,,,競選小物品兒童彩砂畫件,金錢,臺北市信義區****,02-6*****,否,,,,,,,
56,于北辰,111年桃園市議員選舉,首次申報,1111006,宣傳支出,新加坡商蝦皮娛樂店商有限公司台灣分公司,56801904,0.00,730.00,,,,競選小物品兒童彩砂畫個,金錢,臺北市信義區****,02-6*****,否,,,,,,,
57,于北辰,111年桃園市議員選舉,首次申報,1111007,宣傳支出,印億科技有限公司,53791805,0.00,13650.00,,,,製作競選大圖車貼式/施工費式/設計排版費式,金錢,桃園市龜山區****,03-3*****,否,,,,,,,
58,于北辰,111年桃園市議員選舉,首次申報,1111010,宣傳支出,生日分享禮小舖,91383821,0.00,660.00,,,,競選小物品兒童手繪袋個,金錢,花蓮縣花蓮市****,0927*****,否,,,,,,,
59,于北辰,111年桃園市議員選舉,首次申報,1111011,宣傳支出,印億科技有限公司,53791805,0.00,1680.00,,,,製作競選物品A文宣DM張,金錢,桃園市龜山區****,03-3*****,否,,,,,,,
60,于北辰,111年桃園市議員選舉,首次申報,1111011,雜支支出,新加坡商蝦皮娛樂店商有限公司台灣分公司,56801904,0.00,2089.00,,,,雜項購置火箭筒泡泡機隻另加物流費元,金錢,臺北市信義區****,02-6*****,否,,,,,,,
61,于北辰,111年桃園市議員選舉,首次申報,1111012,雜支支出,新加坡商蝦皮娛樂店商有限公司台灣分公司,56801904,0.00,1880.00,,,,雜項購置泡泡機個，泡泡水補充個,金錢,臺北市信義區****,02-6*****,否,,,,,,,
62,于北辰,111年桃園市議員選舉,首次申報,1111013,宣傳支出,中華郵政桃園永安郵局,43895387,0.00,248.00,,,,郵寄競選信件,金錢,桃園市桃園區****,03-3*****,否,,,,,,,
63,于北辰,111年桃園市議員選舉,首次申報,1111013,雜支支出,新加坡商蝦皮娛樂店商有限公司台灣分公司,56801904,0.00,2290.00,,,,雜項購置恐龍泡泡槍隻，西洋泡泡劍隻,金錢,臺北市信義區****,02-6*****,否,,,,,,,
64,于北辰,111年桃園市議員選舉,首次申報,1111014,雜支支出,新怡嘉書局,13242375,0.00,831.00,,,,文具款膠帶共個/剪刀隻/豆豆彩貼款各件/款瓦楞紙張,金錢,桃園市桃園區****,03-3*****,否,,,,,,,
65,于北辰,111年桃園市議員選舉,首次申報,1111014,雜支支出,家佳藥局,30194854,0.00,715.00,,,,急救箱包盒,金錢,桃園市桃園區****,03-3*****,否,,,,,,,
66,于北辰,111年桃園市議員選舉,首次申報,1111018,宣傳支出,印億科技有限公司,53791805,0.00,1200.00,,,,作競選物品大圖輸出立牌個,金錢,桃園市龜山區****,03-3*****,否,,,,,,,
67,于北辰,111年桃園市議員選舉,首次申報,1111019,宣傳支出,中華郵政桃園永安郵局,43895387,0.00,288.00,,,,郵寄競選信件,金錢,桃園市桃園區****,03-3*****,否,,,,,,,
68,于北辰,111年桃園市議員選舉,首次申報,1111020,雜支支出,新怡嘉書局,13242375,0.00,320.00,,,,文具工作證個,金錢,桃園市桃園區****,03-3*****,否,,,,,,,
69,于北辰,111年桃園市議員選舉,首次申報,1111020,宣傳支出,中華郵政桃園永安郵局,43895387,0.00,108.00,,,,郵寄競選信件,金錢,桃園市桃園區****,03-3*****,否,,,,,,,
70,于北辰,111年桃園市議員選舉,首次申報,1111020,宣傳支出,印億科技有限公司,53791805,0.00,3150.00,,,,製作競選物品舞台帆布件,金錢,桃園市龜山區****,03-3*****,否,,,,,,,
71,于北辰,111年桃園市議員選舉,首次申報,1111021,雜支支出,大朋國際企業有限公司,27501169,0.00,1890.00,,,,雜項購置好彩頭禮品,金錢,桃園市桃園區****,03-3*****,否,,,,,,,
72,于北辰,111年桃園市議員選舉,首次申報,1111021,集會支出,臺灣派對商店股份有限公司桃園分公司,52306663,0.00,2820.00,,,,其他與集會有關之費用數字氣球顆/另加充氦氣費,金錢,桃園市桃園區****,03-3*****,否,,,,,,,
73,于北辰,111年桃園市議員選舉,首次申報,1111021,雜支支出,浪漫心情花坊,70889768,0.00,1600.00,,,,雜項購置凍蒜禮盒,金錢,桃園市中壢區****,03-4*****,否,,,,,,,
74,于北辰,111年桃園市議員選舉,首次申報,1111022,集會支出,麗都燈光音響企業社,10636781,0.00,20000.00,,,,租用設備費用總部成立舞台式/TRUSS式/發電機 台,金錢,桃園市桃園區****,03-3*****,否,,,,,,,
75,于北辰,111年桃園市議員選舉,首次申報,1111022,集會支出,達成國際有限公司,16386542,0.00,11600.00,,,,租用設備費用總部成立音響工程式,金錢,桃園市新屋區****,03-4*****,否,,,,,,,
76,于北辰,111年桃園市議員選舉,首次申報,1111022,集會支出,百慶企業社,31486915,0.00,11650.00,,,,租用設備費用總部成立龍帳頂椅子張/長桌子張,金錢,桃園市桃園區****,0910*****,否,,,,,,,
77,于北辰,111年桃園市議員選舉,首次申報,1111022,集會支出,安傑展覽企業社,87419925,0.00,6000.00,,,,租用設備費用總部成立帳篷頂/長桌子張,金錢,桃園市大溪區****,0913*****,否,,,,,,,
78,于北辰,111年桃園市議員選舉,首次申報,1111022,集會支出,競選總部,A12*******,0.00,6000.00,,,,餐飲費用,非金錢,桃園市桃園區****,03-3*****,否,,,,,,,
79,于北辰,111年桃園市議員選舉,首次申報,1111022,雜支支出,競選總部,A12*******,0.00,8784.00,,,,,非金錢,桃園市桃園區****,03-3*****,否,,,,,,,
80,于北辰,111年桃園市議員選舉,首次申報,1111024,雜支支出,台灣電力股份有限公司,02488533,0.00,1491.00,,,,月競選服務處電費用,金錢,桃園市桃園區****,03-3*****,否,,,,,,,
81,于北辰,111年桃園市議員選舉,首次申報,1111024,雜支支出,合創企業社,47826242,0.00,320.00,,,,裁紙機台,金錢,臺南市南區文****,06-2*****,否,,,,,,,
82,于北辰,111年桃園市議員選舉,首次申報,1111026,宣傳支出,中華郵政桃園永安郵局,43895387,0.00,576.00,,,,郵寄競選信件,金錢,桃園市桃園區****,03-3*****,否,,,,,,,
83,于北辰,111年桃園市議員選舉,首次申報,1111026,返還捐贈支出,森森國際有限公司,45108717,0.00,6000.00,,,,返還,非金錢,,,否,,,,,,,
84,于北辰,111年桃園市議員選舉,首次申報,1111027,宣傳支出,中華郵政桃園永安郵局,43895387,0.00,72.00,,,,郵寄競選信件,金錢,桃園市桃園區****,03-3*****,否,,,,,,,
85,于北辰,111年桃園市議員選舉,首次申報,1111028,雜支支出,石長生有限公司,66581817,0.00,1035.00,,,,款自黏袋個/mm透明封箱膠帶個,金錢,新北市新莊區****,0956*****,否,,,,,,,
86,于北辰,111年桃園市議員選舉,首次申報,1111031,宣傳支出,集緻廣告社,29286813,0.00,49920.00,,,,宣傳廣告新製帆布面/貼號碼/吊車,金錢,桃園市桃園區****,03-3*****,否,,,,,,,
87,于北辰,111年桃園市議員選舉,首次申報,1111031,雜支支出,振宇五金股份有限公司桃園國際分公司,42880576,0.00,888.00,,,,規格袋包/鋼絲鉗隻/職人精工剪隻/開箱剪刀鈦隻/鉛線整丸.KG,金錢,桃園市桃園區****,03-3*****,否,,,,,,,
88,于北辰,111年桃園市議員選舉,首次申報,1111031,租用宣傳車輛支出,老永光汽車材料行,43782877,0.00,4800.00,,,,其他與租用宣傳車輛有關之費用廣告機/廣告喇叭,金錢,桃園市龜山區****,03-3*****,否,,,,,,,
89,于北辰,111年桃園市議員選舉,首次申報,1111031,宣傳支出,印億科技有限公司,53791805,0.00,25200.00,,,,製作競選物品兩款貼紙各張,金錢,桃園市龜山區****,03-3*****,否,,,,,,,
90,于北辰,111年桃園市議員選舉,首次申報,1111031,宣傳支出,印億科技有限公司,53791805,0.00,3360.00,,,,製作競選物品車貼廣告/施工費/設計排版費,金錢,桃園市龜山區****,03-3*****,否,,,,,,,
91,于北辰,111年桃園市議員選舉,首次申報,1111101,雜支支出,振宇五金股份有限公司桃園國際分公司,42880576,0.00,375.00,,,,鉛線整丸.KG/耐油止滑手套雙/鉛線鉤隻,金錢,桃園市桃園區****,03-3*****,否,,,,,,,
92,于北辰,111年桃園市議員選舉,首次申報,1111101,宣傳支出,星瑞數位行銷有限公司,90768762,0.00,3150.00,,,,競選小物手持汽球棒數量個/單價,金錢,新北市三重區****,,否,,,,,,,
93,于北辰,111年桃園市議員選舉,首次申報,1111101,租用競選辦事處支出,傅思筠,A22*******,0.00,32000.00,,,,租用競選辦事處費用月房租,金錢,桃園市桃園區****,,否,,,,,,,
94,于北辰,111年桃園市議員選舉,首次申報,1111102,宣傳支出,榮誠打字行,36486034,0.00,7000.00,,,,製作競選名片貼紙張/單價.,金錢,桃園市中壢區****,03-4*****,否,,,,,,,
95,于北辰,111年桃園市議員選舉,首次申報,1111102,宣傳支出,中華郵政桃園永安郵局,43895387,0.00,284.00,,,,郵寄競選物品,金錢,桃園市桃園區****,03-3*****,否,,,,,,,
96,于北辰,111年桃園市議員選舉,首次申報,1111102,宣傳支出,森晨貿易有限公司,53779464,0.00,40000.00,,,,製作競選物品（物品名明星花露水玲瓏瓶瓶/玲瓏瓶-防蚊瓶）,金錢,高雄市三民區****,07-3*****,否,,,,,,,
97,于北辰,111年桃園市議員選舉,首次申報,1111103,宣傳支出,印億科技有限公司,53791805,0.00,7875.00,,,,油性PVC裁型片,金錢,桃園市龜山區****,03-3*****,否,,,,,,,
98,于北辰,111年桃園市議員選舉,首次申報,1111104,宣傳支出,傑笙企業社,73817070,0.00,1575.00,,,,競選廣告貼紙張/排版,金錢,桃園市桃園區****,03-3*****,否,,,,,,,
99,于北辰,111年桃園市議員選舉,首次申報,1111104,宣傳支出,競選總部,A12*******,0.00,10000.00,,,,競選小物品花露水,非金錢,桃園市桃園區****,,否,,,,,,,
100,于北辰,111年桃園市議員選舉,首次申報,1111104,宣傳支出,競選總部,A12*******,0.00,9000.00,,,,其他與選舉宣傳有關之費用服務處團隊制服,非金錢,桃園市桃園區****,,否,,,,,,,
101,于北辰,111年桃園市議員選舉,首次申報,1111104,宣傳支出,競選總部,A12*******,0.00,15000.00,,,,競選小物品喉糖,非金錢,桃園市桃園區****,,否,,,,,,,
102,于北辰,111年桃園市議員選舉,首次申報,1111108,交通旅運支出,歐盟能源(股)公司健行加油加氣站,24241520,0.00,650.00,,,,油資品名無鉛/數量./單價.,金錢,桃園市桃園區****,03-3*****,否,,,,,,,
103,于北辰,111年桃園市議員選舉,首次申報,1111108,宣傳支出,中華郵政桃園永安郵局,43895387,0.00,112.00,,,,郵寄競選物品,金錢,桃園市桃園區****,03-3*****,否,,,,,,,
104,于北辰,111年桃園市議員選舉,首次申報,1111109,宣傳支出,森晨貿易有限公司,53779464,0.00,30000.00,,,,製作競選物品明星花露水玲瓏瓶瓶,金錢,高雄市三民區****,07-3*****,否,,,,,,,
105,于北辰,111年桃園市議員選舉,首次申報,1111110,交通旅運支出,中國石油春日加油站,02488111,0.00,1230.00,,,,油資品名無鉛/數量./單價.,金錢,桃園市桃園區****,03-3*****,否,,,,,,,
106,于北辰,111年桃園市議員選舉,首次申報,1111110,宣傳支出,大嘉衣業有限公司,13027468,0.00,18795.00,,,,競選團隊外套件及印刷,金錢,彰化縣溪湖鎮****,04-8*****,否,,,,,,,
107,于北辰,111年桃園市議員選舉,首次申報,1111110,宣傳支出,中華郵政桃園永安郵局,43895387,0.00,100.00,,,,郵寄競選物品,金錢,桃園市桃園區****,03-3*****,否,,,,,,,
108,于北辰,111年桃園市議員選舉,首次申報,1111114,交通旅運支出,歐盟能源(股)公司健行加油加氣站,24241520,0.00,810.00,,,,油資品名無鉛/數量./單價,金錢,桃園市桃園區****,03-3*****,否,,,,,,,
109,于北辰,111年桃園市議員選舉,首次申報,1111115,宣傳支出,中華郵政桃園永安郵局,43895387,0.00,192.00,,,,郵寄競選物品,金錢,桃園市桃園區****,03-3*****,否,,,,,,,
110,于北辰,111年桃園市議員選舉,首次申報,1111115,交通旅運支出,寶慶加油站有限公司,97426684,0.00,2000.00,,,,油資品名無鉛/數量./單價.,金錢,桃園市桃園區****,03-3*****,否,,,,,,,
111,于北辰,111年桃園市議員選舉,首次申報,1111116,宣傳支出,能翔自動科技股份有限公司,27663234,0.00,73500.00,,,,製作競選物品防護口罩,金錢,桃園市桃園區****,03-3*****,否,,,,,,,
112,于北辰,111年桃園市議員選舉,首次申報,1111116,宣傳支出,中華郵政桃園永安郵局,43895387,0.00,144.00,,,,郵寄競選物品,金錢,桃園市桃園區****,03-3*****,否,,,,,,,
113,于北辰,111年桃園市議員選舉,首次申報,1111118,交通旅運支出,TDJ-7582,,0.00,410.00,,,,搭乘交通工具費用計程車嘉義市,金錢,嘉義縣****,0932*****,否,,,,,,,
114,于北辰,111年桃園市議員選舉,首次申報,1111118,交通旅運支出,台灣高速鐵路股份有限公司,16446274,0.00,920.00,,,,搭乘交通工具費用高鐵桃園-嘉義,金錢,臺北市南港區****,02-8*****,否,,,,,,,
115,于北辰,111年桃園市議員選舉,首次申報,1111118,交通旅運支出,台灣高速鐵路股份有限公司,16446274,0.00,920.00,,,,搭乘交通工具費用高鐵桃園-嘉義,金錢,臺北市南港區****,02-8*****,否,,,,,,,
116,于北辰,111年桃園市議員選舉,首次申報,1111118,交通旅運支出,台灣高速鐵路股份有限公司,16446274,0.00,920.00,,,,搭乘交通工具費用高鐵嘉義-桃園,金錢,臺北市南港區****,02-8*****,否,,,,,,,
117,于北辰,111年桃園市議員選舉,首次申報,1111118,交通旅運支出,台灣高速鐵路股份有限公司,16446274,0.00,920.00,,,,搭乘交通工具費用嘉義-桃園,金錢,臺北市南港區****,02-8*****,否,,,,,,,
118,于北辰,111年桃園市議員選舉,首次申報,1111118,交通旅運支出,中油公司大竹加油站,43910492,0.00,1215.00,,,,油資品名無鉛/數量./單價.,金錢,桃園市蘆竹區****,03-3*****,否,,,,,,,
119,于北辰,111年桃園市議員選舉,首次申報,1111121,交通旅運支出,歐盟能源(股)公司健行加油加氣站,24241520,0.00,650.00,,,,九二無鉛汽油數量./單價.,金錢,桃園市桃園區****,03-3*****,否,,,,,,,
120,于北辰,111年桃園市議員選舉,首次申報,1111121,宣傳支出,中華郵政桃園永安郵局,43895387,0.00,80.00,,,,郵寄競選物品,金錢,桃園市桃園區****,03-3*****,否,,,,,,,
121,于北辰,111年桃園市議員選舉,首次申報,1111121,雜支支出,鴻流生活館有限公司,53506801,0.00,682.00,,,,KOKAS黑色腰帶/利百代麥克筆/ING工作手套/綁物帶特多龍,金錢,桃園市桃園區****,03-3*****,否,,,,,,,
122,于北辰,111年桃園市議員選舉,首次申報,1111121,雜支支出,鴻洋生活館有限公司,91112911,0.00,144.00,,,,ING工作手套/束帶包,金錢,桃園市桃園區****,03-2*****,否,,,,,,,
123,于北辰,111年桃園市議員選舉,首次申報,1111121,雜支支出,競選總部,A12*******,0.00,3150.00,,,,餐飲費用,非金錢,桃園市桃園區****,03-3*****,否,,,,,,,
124,于北辰,111年桃園市議員選舉,首次申報,1111121,宣傳支出,競選總部,A12*******,0.00,10000.00,,,,製作競選小物品造型鑰匙圈,非金錢,桃園市桃園區****,03-3*****,否,,,,,,,
125,于北辰,111年桃園市議員選舉,首次申報,1111121,雜支支出,競選總部,A12*******,0.00,6000.00,,,,餐飲費用,非金錢,桃園市桃園區****,03-3*****,否,,,,,,,
126,于北辰,111年桃園市議員選舉,首次申報,1111122,雜支支出,燦坤實業股份有限公司藝文分公司,24803937,0.00,4212.00,,,,列表機墨水夾黑色個/彩色個,金錢,桃園市桃園區****,03-3*****,否,,,,,,,
127,于北辰,111年桃園市議員選舉,首次申報,1111122,宣傳支出,圖來速數位影像有限公司,53101549,0.00,31600.00,,,,廣告小看板片/單價,金錢,臺北市南港區****,03-3*****,否,,,,,,,
128,于北辰,111年桃園市議員選舉,首次申報,1111123,交通旅運支出,歐盟能源(股)公司健行加油加氣站,24241520,0.00,660.00,,,,品名/數量九二無鉛./單價.,金錢,桃園市桃園區****,03-3*****,否,,,,,,,
129,于北辰,111年桃園市議員選舉,首次申報,1111124,雜支支出,全國食材廣場有限公司,28343560,0.00,230.00,,,,z咖啡杯/cc紙湯杯/cc紙湯杯,金錢,桃園市桃園大****,03-3*****,否,,,,,,,
130,于北辰,111年桃園市議員選舉,首次申報,1111124,宣傳支出,中華郵政桃園永安郵局,43895387,0.00,172.00,,,,郵寄選舉信件,金錢,桃園市桃園區****,03-3*****,否,,,,,,,
131,于北辰,111年桃園市議員選舉,首次申報,1111125,交通旅運支出,億瓏加油站有限公司,28075987,0.00,1254.00,,,,品名/數量九五無鉛./單價.,金錢,桃園市桃園區****,03-3*****,否,,,,,,,
132,于北辰,111年桃園市議員選舉,首次申報,1111125,宣傳支出,中華郵政桃園永安郵局,43895387,0.00,136.00,,,,郵寄競選信件,金錢,桃園市桃園區****,03-3*****,否,,,,,,,
133,于北辰,111年桃園市議員選舉,首次申報,1111127,交通旅運支出,寶慶加油站有限公司,97426684,0.00,2000.00,,,,品名/數量九五無鉛./單價.,金錢,桃園市桃園區****,03-3*****,否,,,,,,,
134,于北辰,111年桃園市議員選舉,首次申報,1111128,交通旅運支出,歐盟能源(股)公司健行加油加氣站,24241520,0.00,690.00,,,,品名/數量九二無鉛./單價.,金錢,桃園市桃園區****,03-3*****,否,,,,,,,
135,于北辰,111年桃園市議員選舉,首次申報,1111128,宣傳支出,傑笙企業社,73817070,0.00,800.00,,,,銘謝賜票海報數量/單價,金錢,桃園市桃園區****,03-3*****,否,,,,,,,
136,于北辰,111年桃園市議員選舉,首次申報,1111129,宣傳支出,中華郵政桃園永安郵局,43895387,0.00,28.00,,,,郵寄選舉信件,金錢,桃園市桃園區****,03-3*****,否,,,,,,,
137,于北辰,111年桃園市議員選舉,首次申報,1111130,宣傳支出,中華郵政桃園永安郵局,43895387,0.00,36.00,,,,郵寄選舉信件,金錢,桃園市桃園區****,03-3*****,否,,,,,,,
138,于北辰,111年桃園市議員選舉,首次申報,1111201,租用競選辦事處支出,宏泰塑膠企業有限公司,89509388,0.00,5355.00,,,,租買辦公設備費用塑膠椅張,金錢,彰化縣秀水鄉****,04-7*****,否,,,,,,,
139,于北辰,111年桃園市議員選舉,首次申報,1111201,租用競選辦事處支出,傅思筠,A22*******,0.00,32000.00,,,,租用競選辦事處費用月房租,金錢,桃園市桃園區****,,否,,,,,,,
140,于北辰,111年桃園市議員選舉,首次申報,1111205,租用競選辦事處支出,全國電子股份有限公司-桃園市第三十九分公司,53649358,0.00,24748.00,,,,日立L冰箱台,金錢,桃園市桃園區****,03-3*****,否,,,,,,,
141,于北辰,111年桃園市議員選舉,首次申報,1111207,租用競選辦事處支出,高豐國際家具有限公司,50964107,0.00,44160.00,,,,屏風 人工作站/辦公椅/書櫃主管桌/主管椅/書架/書架擴充組,金錢,桃園市龜山區****,03-3*****,否,,,,,,,
142,于北辰,111年桃園市議員選舉,首次申報,1111207,租用競選辦事處支出,高豐國際家具有限公司,50964107,0.00,46900.00,,,,屏風人工作站/辦公椅張,金錢,桃園市龜山區****,03-3*****,否,,,,,,,
143,于北辰,111年桃園市議員選舉,首次申報,1111207,租用競選辦事處支出,特力屋股份有限公司-南崁分公司,53012672,0.00,9398.00,,,,工業四層架/收納櫃/安裝費,金錢,桃園市蘆竹區****,03-3*****,否,,,,,,,
144,于北辰,111年桃園市議員選舉,首次申報,1111207,租用競選辦事處支出,特力屋股份有限公司-南崁分公司,53012672,0.00,1455.00,,,,三階鋁製輕便寬踏板梯,金錢,桃園市蘆竹區****,03-3*****,否,,,,,,,
145,于北辰,111年桃園市議員選舉,首次申報,1111208,交通旅運支出,全國加油站股份有限公司大興西路加油站,17218684,0.00,2000.00,,,,油資無鉛./單價./折扣,金錢,桃園市桃園區****,03-3*****,否,,,,,,,
146,于北辰,111年桃園市議員選舉,首次申報,1111208,宣傳支出,中華郵政桃園永安郵局,43895387,0.00,52.00,,,,郵寄競選物品,金錢,桃園市桃園區****,03-3*****,否,,,,,,,
147,于北辰,111年桃園市議員選舉,首次申報,1111209,租用競選辦事處支出,高豐國際家具有限公司,50964107,0.00,4999.00,,,,尺辦公桌,金錢,桃園市龜山區****,03-3*****,否,,,,,,,
148,于北辰,111年桃園市議員選舉,首次申報,1111209,雜支支出,育汰有限公司,54528640,0.00,1000.00,,,,捲門遙控器,金錢,桃園市平鎮區****,03-4*****,否,,,,,,,
149,于北辰,111年桃園市議員選舉,首次申報,1111209,雜支支出,迎佳企業社,87242477,0.00,1727.00,,,,A文件夾數量/A資料夾頁/A資料夾頁/運費,金錢,臺中市西屯區****,04-2*****,否,,,,,,,
150,于北辰,111年桃園市議員選舉,首次申報,1111212,雜支支出,燦坤實業股份有限公司藝文分公司,24803937,0.00,978.00,,,,雜項購置黑色墨水夾,金錢,桃園市桃園區****,03-3*****,否,,,,,,,
151,于北辰,111年桃園市議員選舉,首次申報,1111214,雜支支出,鼎文刻印社,02490593,0.00,3000.00,,,,簽名章/大小章,金錢,桃園市桃園區****,03-3*****,否,,,,,,,
152,于北辰,111年桃園市議員選舉,首次申報,1111214,雜支支出,新怡嘉書局,13242375,0.00,365.00,,,,文具用品費用影印紙/大印台/明色印泥各一,金錢,桃園市桃園區****,03-3*****,否,,,,,,,
153,于北辰,111年桃園市議員選舉,首次申報,1111214,雜支支出,瑋錸股份有限公司,27482515,0.00,7000.00,,,,配電修繕費用/接地雙插座只/電線相關配件等,金錢,桃園市八德區****,03-3*****,否,,,,,,,
154,于北辰,111年桃園市議員選舉,首次申報,1111214,雜支支出,振宇五金股份有限公司桃園國際分公司,42880576,0.00,108.00,,,,雜項購置LED玻璃燈數量,金錢,桃園市桃園區****,03-3*****,否,,,,,,,
155,于北辰,111年桃園市議員選舉,首次申報,1111216,宣傳支出,中華郵政桃園永安郵局,43895387,0.00,36.00,,,,郵寄競選物品,金錢,桃園市桃園區****,03-3*****,否,,,,,,,
156,于北辰,111年桃園市議員選舉,首次申報,1111218,雜支支出,台灣電力股份有限公司,02488533,0.00,1911.00,,,,月競選服務處電費,金錢,桃園市桃園區****,03-3*****,否,,,,,,,
157,于北辰,111年桃園市議員選舉,首次申報,1111219,租用競選辦事處支出,高豐國際家具有限公司,50964107,0.00,790.00,,,,租買辦公設備桌上木製屏風數量,金錢,桃園市龜山區****,03-3*****,否,,,,,,,
158,于北辰,111年桃園市議員選舉,首次申報,1111219,雜支支出,特力屋股份有限公司-南崁分公司,53012672,0.00,1915.00,,,,吊圖軌道尺數量單價/吊圖圓輪附鋼索數量單價/平頭鑽尾螺絲數量 單價,金錢,桃園市蘆竹區****,03-3*****,否,,,,,,,
159,于北辰,111年桃園市議員選舉,首次申報,1111219,宣傳支出,印億科技有限公司,53791805,0.00,221.00,,,,製作競選物品大圖背膠數量件,金錢,桃園市龜山區****,03-3*****,否,,,,,,,
160,于北辰,111年桃園市議員選舉,首次申報,1111219,宣傳支出,印億科技有限公司,53791805,0.00,17850.00,,,,製作競選物品（物品名稱-平口紅包袋個單價./OPP袋個單價.,金錢,桃園市龜山區****,03-3*****,否,,,,,,,
161,于北辰,111年桃園市議員選舉,首次申報,1111219,宣傳支出,隆昇企業社,87936836,0.00,2600.00,,,,製作競選物品競選服務處名片盒單價,金錢,桃園市桃園區****,03-3*****,否,,,,,,,
162,于北辰,111年桃園市議員選舉,首次申報,1111219,宣傳支出,隆昇企業社,87936836,0.00,1650.00,,,,製作競選物品新年貼紙張單價.,金錢,桃園市桃園區****,03-3*****,否,,,,,,,
163,于北辰,111年桃園市議員選舉,首次申報,1111219,交通旅運支出,寶慶加油站有限公司,97426684,0.00,2000.00,,,,油資無鉛數量.單價.,金錢,桃園市桃園區****,03-3*****,否,,,,,,,
164,于北辰,111年桃園市議員選舉,首次申報,1111220,租用競選辦事處支出,特力屋股份有限公司-南崁分公司,53012672,0.00,5998.00,,,,電競椅數量單價/收納壁板數量單價/連接配件數量單價/收納筒數量單價/掛鉤數量 單價,金錢,桃園市蘆竹區****,03-3*****,否,,,,,,,
165,于北辰,111年桃園市議員選舉,首次申報,1111221,租用競選辦事處支出,燦坤實業股份有限公司藝文分公司,24803937,0.00,9990.00,,,,雙面傳真事務機,金錢,桃園市桃園區****,03-3*****,否,,,,,,,
166,于北辰,111年桃園市議員選舉,首次申報,1111221,雜支支出,特力屋股份有限公司-南崁分公司,53012672,0.00,4400.00,,,,吊圖軌道尺數量單價/吊圖圓輪附鋼索數量單價,金錢,桃園市蘆竹區****,03-3*****,否,,,,,,,
