﻿序號,擬參選人／政黨,選舉名稱,申報序號／年度,交易日期,收支科目,捐贈者／支出對象,身分證／統一編號,收入金額,支出金額,捐贈方式,存入專戶日期,返還/繳庫,支出用途,金錢類,地址,聯絡電話,應揭露之支出對象,支出對象之內部人員姓名,支出對象之內部人員職稱,政黨之內部人員姓名,政黨之內部人員職稱,關係,更正註記,資料更正日期
1,何忠勇,111年高雄市茂林區區長選舉,首次申報,1111012,宣傳支出,文德印刷所,85708202,0.00,60000.00,,,,製作競選物品或宣傳廣告費用（競選背心),金錢,高雄市旗山區****,07-6*****,否,,,,,,,
2,何忠勇,111年高雄市茂林區區長選舉,首次申報,1111016,宣傳支出,晟太工程有限公司,90243160,0.00,160000.00,,,,競選廣告鷹架一式,金錢,屏東縣高樹鄉****,0986*****,否,,,,,,,
3,何忠勇,111年高雄市茂林區區長選舉,首次申報,1111017,宣傳支出,文德印刷所,85708202,0.00,34000.00,,,,製作競選物品或宣傳廣告費用（布旗、布條、看板貼紙、大紅貼紙）,金錢,高雄市旗山區****,07-6*****,否,,,,,,,
4,何忠勇,111年高雄市茂林區區長選舉,首次申報,1111019,宣傳支出,文德印刷所,85708202,0.00,27200.00,,,,租用廣告看板或車體廣告費用,金錢,高雄市旗山區****,07-6*****,否,,,,,,,
5,何忠勇,111年高雄市茂林區區長選舉,首次申報,1111020,宣傳支出,文德印刷所,85708202,0.00,21500.00,,,,製作競選物品或宣傳廣告費用（彩色看板、彩色文宣、服務處帆布）,金錢,高雄市旗山區****,07-6*****,否,,,,,,,
6,何忠勇,111年高雄市茂林區區長選舉,首次申報,1111028,宣傳支出,文德印刷所,85708202,0.00,17500.00,,,,製作競選物品或宣傳廣告費用（手拿旗）,金錢,高雄市旗山區****,07-6*****,否,,,,,,,
