﻿序號,擬參選人／政黨,選舉名稱,申報序號／年度,交易日期,收支科目,捐贈者／支出對象,身分證／統一編號,收入金額,支出金額,捐贈方式,存入專戶日期,返還/繳庫,支出用途,金錢類,地址,聯絡電話,應揭露之支出對象,支出對象之內部人員姓名,支出對象之內部人員職稱,政黨之內部人員姓名,政黨之內部人員職稱,關係,更正註記,資料更正日期
1,劉燈鐘,113年立法委員選舉,首次申報,1121023,個人捐贈收入,劉昊洲,L12*******,20000.00,0.00,匯款,1121023,,,金錢,臺中市清水區****,0937*****,,,,,,,,
2,劉燈鐘,113年立法委員選舉,首次申報,1121114,個人捐贈收入,蔡松卿,L12*******,16888.00,0.00,匯款,1121114,,,金錢,,0911*****,,,,,,,,
3,劉燈鐘,113年立法委員選舉,首次申報,1121219,個人捐贈收入,劉昊洲,L12*******,20000.00,0.00,匯款,1121219,,,金錢,臺中市清水區****,0937*****,,,,,,,,
4,劉燈鐘,113年立法委員選舉,首次申報,1121221,其他收入,利息,,29.00,0.00,現金,,,,金錢,,,,,,,,,,
5,劉燈鐘,113年立法委員選舉,首次申報,1121227,匿名捐贈,匿名,,3000.00,0.00,匯款,1121227,,,金錢,,,,,,,,,,
6,劉燈鐘,113年立法委員選舉,首次申報,1121228,匿名捐贈,匿名,,2000.00,0.00,匯款,1121228,,,金錢,,,,,,,,,,
7,劉燈鐘,113年立法委員選舉,首次申報,1130101,匿名捐贈,匿名,,1000.00,0.00,匯款,1130101,,,金錢,,,,,,,,,,
8,劉燈鐘,113年立法委員選舉,首次申報,1130103,個人捐贈收入,文承科,A12*******,20000.00,0.00,匯款,1130103,,,金錢,,0933*****,,,,,,,,
9,劉燈鐘,113年立法委員選舉,首次申報,1130104,個人捐贈收入,李漢盈,L12*******,12000.00,0.00,現金,1130104,,,金錢,,0933*****,,,,,,,,
10,劉燈鐘,113年立法委員選舉,首次申報,1130110,個人捐贈收入,林榮文,,2000.00,0.00,現金,1130110,,,金錢,,0963*****,,,,,,,,
