﻿序號,擬參選人／政黨,選舉名稱,申報序號／年度,交易日期,收支科目,捐贈者／支出對象,身分證／統一編號,收入金額,支出金額,捐贈方式,存入專戶日期,返還/繳庫,支出用途,金錢類,地址,聯絡電話,應揭露之支出對象,支出對象之內部人員姓名,支出對象之內部人員職稱,政黨之內部人員姓名,政黨之內部人員職稱,關係,更正註記,資料更正日期
1,中華統一促進黨,,112,1120509,個人捐贈收入,游貴湘,,2000.00,0.00,匯款,1120509,,,金錢,桃園市大溪區****,03-3*****,,,,,,,,
2,中華統一促進黨,,112,1120621,其他收入,利息收入,,37.00,0.00,現金,1120621,,,金錢,,,,,,,,,,
3,中華統一促進黨,,112,1120627,個人捐贈收入,趙淑津,,20000.00,0.00,匯款,1120627,,,金錢,臺中市北屯區****,0955*****,,,,,,,,
4,中華統一促進黨,,112,1121221,其他收入,利息收入,,102.00,0.00,現金,1121221,,,金錢,,,,,,,,,,
5,中華統一促進黨,,112,1121225,個人捐贈收入,張素玲,B22*******,30000.00,0.00,匯款,1121225,,,金錢,臺中市西屯區****,0912*****,,,,,,,,
6,中華統一促進黨,,112,1121227,個人捐贈收入,侯志超,C10*******,150000.00,0.00,匯款,1121227,,,金錢,基隆市中正區****,0978*****,,,,,,,,
