﻿序號,擬參選人／政黨,選舉名稱,申報序號／年度,交易日期,收支科目,捐贈者／支出對象,身分證／統一編號,收入金額,支出金額,支出用途,金錢類,地址,聯絡電話,資料更正日期
1,林德福,109年立法委員選舉,首次申報,1081017,政黨捐贈收入,中國國民黨,政黨證字第1號,1000000.00,0.00,,金錢,台北市中山區****,(02)*****,
2,林德福,109年立法委員選舉,首次申報,1081018,營利事業捐贈收入,磐石保險經紀人股份有限公司,80205080,200000.00,0.00,,金錢,臺北市內湖區****,7707*****,
3,林德福,109年立法委員選舉,首次申報,1081114,營利事業捐贈收入,合寶開發股份有限公司,29102250,100000.00,0.00,,金錢,新北市新店區****,2911*****,
4,林德福,109年立法委員選舉,首次申報,1081115,營利事業捐贈收入,得鋐投資股份有限公司,80337097,1000000.00,0.00,,金錢,臺北市中山區****,2834*****,
5,林德福,109年立法委員選舉,首次申報,1081115,個人捐贈收入,鄭中奇,F10*******,100000.00,0.00,,金錢,新北市新店區****,,
6,林德福,109年立法委員選舉,首次申報,1081115,個人捐贈收入,黃彥豪,F12*******,100000.00,0.00,,金錢,新北市新店區****,,
7,林德福,109年立法委員選舉,首次申報,1081115,個人捐贈收入,徐麗芬,H22*******,100000.00,0.00,,金錢,新北市新店區****,,
8,林德福,109年立法委員選舉,首次申報,1081118,個人捐贈收入,朱建興,F10*******,100000.00,0.00,,金錢,新北市新店區****,,
9,林德福,109年立法委員選舉,首次申報,1081119,個人捐贈收入,吳武雄,G10*******,100000.00,0.00,,金錢,臺北市松山區****,0932*****,
10,林德福,109年立法委員選舉,首次申報,1081122,個人捐贈收入,賈季蓁,Q22*******,10000.00,0.00,,金錢,新北市永和區****,,
11,林德福,109年立法委員選舉,首次申報,1081125,個人捐贈收入,蔡宏建,A12*******,100000.00,0.00,,金錢,臺北市信義區****,,
12,林德福,109年立法委員選舉,首次申報,1081125,個人捐贈收入,蔡郁君,A22*******,100000.00,0.00,,金錢,臺北市信義區****,,
13,林德福,109年立法委員選舉,首次申報,1081125,個人捐贈收入,蔡王水玉,F20*******,100000.00,0.00,,金錢,臺北市信義區****,,
14,林德福,109年立法委員選舉,首次申報,1081125,個人捐贈收入,游雪珍,F22*******,100000.00,0.00,,金錢,新北市土城區****,,
15,林德福,109年立法委員選舉,首次申報,1081125,個人捐贈收入,高宛玲,H22*******,100000.00,0.00,,金錢,新北市汐止區****,0227*****,
16,林德福,109年立法委員選舉,首次申報,1081126,營利事業捐贈收入,大成長城企業股份有限公司,73008303,12000.00,0.00,,非金錢,臺南市永康區****,0226*****,
17,林德福,109年立法委員選舉,首次申報,1081128,營利事業捐贈收入,正喆企業有限公司,55783230,1000000.00,0.00,,金錢,臺北市信義區****,2361*****,
18,林德福,109年立法委員選舉,首次申報,1081129,個人捐贈收入,黃鐙麒,S12*******,500.00,0.00,,金錢,高雄市岡山區****,,
19,林德福,109年立法委員選舉,首次申報,1081203,營利事業捐贈收入,磐亞股份有限公司,05712099,200000.00,0.00,,金錢,臺北市新生南****,2395*****,
20,林德福,109年立法委員選舉,首次申報,1081203,個人捐贈收入,陳子承,F12*******,100000.00,0.00,,金錢,新北市永和區****,,
21,林德福,109年立法委員選舉,首次申報,1081203,個人捐贈收入,呂榜洲,N10*******,100000.00,0.00,,金錢,彰化縣秀水鄉****,,
22,林德福,109年立法委員選舉,首次申報,1081203,個人捐贈收入,呂淑珍,N20*******,100000.00,0.00,,金錢,彰化縣彰化市****,,
23,林德福,109年立法委員選舉,首次申報,1081203,個人捐贈收入,呂淑嬌,N22*******,100000.00,0.00,,金錢,彰化縣彰化市****,,
24,林德福,109年立法委員選舉,首次申報,1081204,個人捐贈收入,尤天賜,,10000.00,0.00,,金錢,臺南市楠西區****,0657*****,
25,林德福,109年立法委員選舉,首次申報,1081204,營利事業捐贈收入,南僑油脂事業股份有限公司,52610685,100000.00,0.00,,金錢,臺北市中山區****,0266*****,
26,林德福,109年立法委員選舉,首次申報,1081204,個人捐贈收入,陳素琴,F22*******,30000.00,0.00,,金錢,新北市永和區****,0918*****,
27,林德福,109年立法委員選舉,首次申報,1081204,個人捐贈收入,林淑貞,T22*******,20000.00,0.00,,金錢,新北市永和區****,,
28,林德福,109年立法委員選舉,首次申報,1081206,個人捐贈收入,夏自雄,,1000.00,0.00,,金錢,新北市永和區****,,
29,林德福,109年立法委員選舉,首次申報,1081206,個人捐贈收入,張福源,F12*******,100000.00,0.00,,金錢,新北市中和區****,0932*****,
30,林德福,109年立法委員選舉,首次申報,1081206,個人捐贈收入,張壬水,F12*******,50000.00,0.00,,金錢,新北市淡水區****,0226*****,
31,林德福,109年立法委員選舉,首次申報,1081206,個人捐贈收入,曹王芙蓉,P22*******,20000.00,0.00,,金錢,新北市永和區****,0936*****,
32,林德福,109年立法委員選舉,首次申報,1081207,營利事業捐贈收入,寶嘉聯合股份有限公司,28479685,100000.00,0.00,,金錢,臺北市內湖區****,,
33,林德福,109年立法委員選舉,首次申報,1081207,營利事業捐贈收入,鈞偉股份有限公司,86418878,100000.00,0.00,,金錢,新北市中和區****,,
34,林德福,109年立法委員選舉,首次申報,1081207,個人捐贈收入,卓慧雅,A20*******,5000.00,0.00,,金錢,,0937*****,
35,林德福,109年立法委員選舉,首次申報,1081207,個人捐贈收入,李榮崇,Q12*******,50000.00,0.00,,金錢,新北市中和區****,0933*****,
36,林德福,109年立法委員選舉,首次申報,1081209,個人捐贈收入,范佐雙,H10*******,1000.00,0.00,,金錢,新北市深坑區****,0910*****,
37,林德福,109年立法委員選舉,首次申報,1081209,個人捐贈收入,呂政輝,N12*******,100000.00,0.00,,金錢,臺中市西屯區****,,
38,林德福,109年立法委員選舉,首次申報,1081209,個人捐贈收入,呂政龍,N12*******,100000.00,0.00,,金錢,彰化縣秀水鄉****,,
39,林德福,109年立法委員選舉,首次申報,1081209,個人捐贈收入,呂政澤,N12*******,100000.00,0.00,,金錢,彰化縣秀水鄉****,,
40,林德福,109年立法委員選舉,首次申報,1081209,個人捐贈收入,侯志郎,Q10*******,12000.00,0.00,,金錢,新北市永和區****,0933*****,
41,林德福,109年立法委員選舉,首次申報,1081210,個人捐贈收入,鄭周秋梅,A20*******,100000.00,0.00,,金錢,新北市永和區****,,
42,林德福,109年立法委員選舉,首次申報,1081210,個人捐贈收入,賴曉慧,C22*******,100000.00,0.00,,金錢,臺北市松山區****,,
43,林德福,109年立法委員選舉,首次申報,1081210,個人捐贈收入,張于福,F10*******,100000.00,0.00,,金錢,新北市永和區****,,
44,林德福,109年立法委員選舉,首次申報,1081210,個人捐贈收入,鄭阿明,F10*******,100000.00,0.00,,金錢,新北市永和區****,,
45,林德福,109年立法委員選舉,首次申報,1081210,個人捐贈收入,鄭和生,F12*******,100000.00,0.00,,金錢,新北市永和區****,,
46,林德福,109年立法委員選舉,首次申報,1081210,個人捐贈收入,劉力瑋,F12*******,100000.00,0.00,,金錢,新北市永和區****,,
47,林德福,109年立法委員選舉,首次申報,1081210,個人捐贈收入,鄭鈺焜,F12*******,100000.00,0.00,,金錢,新北市永和區****,,
48,林德福,109年立法委員選舉,首次申報,1081210,個人捐贈收入,張一凡,F12*******,100000.00,0.00,,金錢,新北市永和區****,,
49,林德福,109年立法委員選舉,首次申報,1081210,個人捐贈收入,劉力豪,F12*******,100000.00,0.00,,金錢,新北市永和區****,,
50,林德福,109年立法委員選舉,首次申報,1081210,個人捐贈收入,林宗暐,F12*******,100000.00,0.00,,金錢,臺北市大安區****,,
51,林德福,109年立法委員選舉,首次申報,1081210,個人捐贈收入,鄭美玲,F22*******,100000.00,0.00,,金錢,新北市永和區****,,
52,林德福,109年立法委員選舉,首次申報,1081210,個人捐贈收入,張紹菊,F22*******,100000.00,0.00,,金錢,新北市永和區****,,
53,林德福,109年立法委員選舉,首次申報,1081210,個人捐贈收入,劉莉嘉,F22*******,100000.00,0.00,,金錢,新北市永和區****,,
54,林德福,109年立法委員選舉,首次申報,1081210,個人捐贈收入,李美芬,F22*******,100000.00,0.00,,金錢,新北市永和區****,,
55,林德福,109年立法委員選舉,首次申報,1081210,個人捐贈收入,馬珊玉,F22*******,100000.00,0.00,,金錢,臺北市中正區****,,
56,林德福,109年立法委員選舉,首次申報,1081210,個人捐贈收入,蔡淑夏,N22*******,100000.00,0.00,,金錢,桃園市中正路****,,
57,林德福,109年立法委員選舉,首次申報,1081210,個人捐贈收入,王宇嫣,O20*******,100000.00,0.00,,金錢,基隆市七堵區****,,
58,林德福,109年立法委員選舉,首次申報,1081210,個人捐贈收入,陳韋伶,Q22*******,100000.00,0.00,,金錢,臺北市中正區****,,
59,林德福,109年立法委員選舉,首次申報,1081210,個人捐贈收入,許麗珍,W20*******,100000.00,0.00,,金錢,臺北市大安區****,,
60,林德福,109年立法委員選舉,首次申報,1081210,個人捐贈收入,張于利,Z10*******,100000.00,0.00,,金錢,新北市永和區****,,
61,林德福,109年立法委員選舉,首次申報,1081210,個人捐贈收入,劉增富,Z10*******,100000.00,0.00,,金錢,臺北市南港區****,,
62,林德福,109年立法委員選舉,首次申報,1081210,個人捐贈收入,張紹琴,Z20*******,100000.00,0.00,,金錢,新北市永和區****,,
63,林德福,109年立法委員選舉,首次申報,1081210,個人捐贈收入,張紹梅,Z20*******,100000.00,0.00,,金錢,臺北市南港區****,,
64,林德福,109年立法委員選舉,首次申報,1081211,營利事業捐贈收入,統領百貨股份有限公司,20937863,300000.00,0.00,,金錢,臺北市大安區****,2752*****,
65,林德福,109年立法委員選舉,首次申報,1081211,營利事業捐贈收入,唯福投資股份有限公司,23223778,300000.00,0.00,,金錢,臺北市松山區****,2747*****,
66,林德福,109年立法委員選舉,首次申報,1081211,營利事業捐贈收入,堂城開發投資股份有限公司,23416917,100000.00,0.00,,金錢,新北市永和區****,,
67,林德福,109年立法委員選舉,首次申報,1081211,營利事業捐贈收入,紘暉塑膠股份有限公司,34725952,100000.00,0.00,,金錢,新北市永和區****,,
68,林德福,109年立法委員選舉,首次申報,1081211,營利事業捐贈收入,欣紘建股份有限公司,86687113,400000.00,0.00,,金錢,新北市永和區****,0229*****,
69,林德福,109年立法委員選舉,首次申報,1081211,個人捐贈收入,林俊男,F12*******,100000.00,0.00,,金錢,新北市永和區****,,
70,林德福,109年立法委員選舉,首次申報,1081211,個人捐贈收入,林俊良,F12*******,100000.00,0.00,,金錢,新北市永和區****,,
71,林德福,109年立法委員選舉,首次申報,1081211,個人捐贈收入,林俊宏,F12*******,100000.00,0.00,,金錢,新北市永和區****,,
72,林德福,109年立法委員選舉,首次申報,1081211,個人捐贈收入,楊春,F20*******,100000.00,0.00,,金錢,新北市永和區****,,
73,林德福,109年立法委員選舉,首次申報,1081212,個人捐贈收入,陳順容,A21*******,2000.00,0.00,,金錢,新北市永和區****,0937*****,
74,林德福,109年立法委員選舉,首次申報,1081212,個人捐贈收入,謝鴻基,F10*******,50000.00,0.00,,金錢,臺北市內湖區****,0936*****,
75,林德福,109年立法委員選舉,首次申報,1081212,個人捐贈收入,周植奇,F10*******,1000.00,0.00,,金錢,新北市永和區****,8927*****,
76,林德福,109年立法委員選舉,首次申報,1081212,個人捐贈收入,呂禮旺,F10*******,100000.00,0.00,,金錢,新北市中和區****,0932*****,
77,林德福,109年立法委員選舉,首次申報,1081212,個人捐贈收入,呂國瑋,F12*******,100000.00,0.00,,金錢,新北市中和區****,,
78,林德福,109年立法委員選舉,首次申報,1081212,個人捐贈收入,林柏榕,G10*******,10000.00,0.00,,金錢,新北市永和區****,0928*****,
79,林德福,109年立法委員選舉,首次申報,1081212,個人捐贈收入,李淑年,L22*******,10000.00,0.00,,金錢,新北市永和區****,,
80,林德福,109年立法委員選舉,首次申報,1081213,營利事業捐贈收入,大萊國際開發股份有限公司,86860464,100000.00,0.00,,金錢,新北市中和區****,2247*****,
81,林德福,109年立法委員選舉,首次申報,1081213,個人捐贈收入,林靜華,F22*******,100000.00,0.00,,金錢,新北市永和區****,,
82,林德福,109年立法委員選舉,首次申報,1081213,個人捐贈收入,呂明霖,N12*******,100000.00,0.00,,金錢,臺中市南屯區****,0975*****,
83,林德福,109年立法委員選舉,首次申報,1081215,個人捐贈收入,劉宜真,B22*******,100000.00,0.00,,金錢,臺中市清水區****,,
84,林德福,109年立法委員選舉,首次申報,1081215,個人捐贈收入,蔡尚廷,L12*******,100000.00,0.00,,金錢,臺中市清水區****,,
85,林德福,109年立法委員選舉,首次申報,1081215,個人捐贈收入,蔡依潔,L22*******,100000.00,0.00,,金錢,臺中市沙鹿區****,0910*****,
86,林德福,109年立法委員選舉,首次申報,1081215,個人捐贈收入,鄒騰信,M12*******,100000.00,0.00,,金錢,南投縣信義鄉****,,
87,林德福,109年立法委員選舉,首次申報,1081216,營利事業捐贈收入,虎欣實業股份有限公司,34683411,100000.00,0.00,,金錢,新北市土城區****,0920*****,
88,林德福,109年立法委員選舉,首次申報,1081216,個人捐贈收入,呂學奕,F12*******,100000.00,0.00,,金錢,新北市坪林區****,,
89,林德福,109年立法委員選舉,首次申報,1081216,個人捐贈收入,呂學恩,F12*******,100000.00,0.00,,金錢,新北市中和區****,,
90,林德福,109年立法委員選舉,首次申報,1081216,個人捐贈收入,蔡全生,L10*******,100000.00,0.00,,金錢,臺中市清水區****,,
91,林德福,109年立法委員選舉,首次申報,1081216,個人捐贈收入,蔡依廷,L22*******,100000.00,0.00,,金錢,臺中市沙鹿區****,,
92,林德福,109年立法委員選舉,首次申報,1081216,個人捐贈收入,許一夫,N10*******,20000.00,0.00,,金錢,新北市永和區****,0911*****,
93,林德福,109年立法委員選舉,首次申報,1081216,個人捐贈收入,謝玉貞,N22*******,100000.00,0.00,,金錢,臺中市西屯區****,,
94,林德福,109年立法委員選舉,首次申報,1081217,個人捐贈收入,劉燕華,B10*******,100000.00,0.00,,金錢,臺中市北屯區****,,
95,林德福,109年立法委員選舉,首次申報,1081217,個人捐贈收入,劉張雪瓈,B20*******,100000.00,0.00,,金錢,臺中市北屯區****,,
96,林德福,109年立法委員選舉,首次申報,1081217,個人捐贈收入,鍾啟川,E12*******,100000.00,0.00,,金錢,臺北市南港區****,,
97,林德福,109年立法委員選舉,首次申報,1081217,個人捐贈收入,林德宏,Y12*******,10000.00,0.00,,金錢,新北市永和區****,0930*****,
98,林德福,109年立法委員選舉,首次申報,1081218,個人捐贈收入,程炕超,,10000.00,0.00,,金錢,臺北市敦化南****,,
99,林德福,109年立法委員選舉,首次申報,1081218,個人捐贈收入,洪良建,,10000.00,0.00,,金錢,新北市永和區****,,
100,林德福,109年立法委員選舉,首次申報,1081218,個人捐贈收入,陳盈成,A12*******,100000.00,0.00,,金錢,臺北市信義區****,0911*****,
101,林德福,109年立法委員選舉,首次申報,1081218,個人捐贈收入,翁慈遠,A22*******,30000.00,0.00,,金錢,臺中市南區文****,,
102,林德福,109年立法委員選舉,首次申報,1081218,個人捐贈收入,陳美伶,A22*******,100000.00,0.00,,金錢,臺北市信義區****,,
103,林德福,109年立法委員選舉,首次申報,1081218,個人捐贈收入,吳健仲,C10*******,100000.00,0.00,,金錢,臺北市和平東****,,
104,林德福,109年立法委員選舉,首次申報,1081218,個人捐贈收入,簡益信,F12*******,100000.00,0.00,,金錢,新北市中和區****,0928*****,
105,林德福,109年立法委員選舉,首次申報,1081218,個人捐贈收入,劉綉珠,K20*******,100000.00,0.00,,金錢,新北市永和區****,0910*****,
106,林德福,109年立法委員選舉,首次申報,1081218,個人捐贈收入,廖江津,P10*******,100000.00,0.00,,金錢,新北市永和區****,0963*****,
107,林德福,109年立法委員選舉,首次申報,1081218,個人捐贈收入,陳素蓉,R20*******,30000.00,0.00,,金錢,臺南市新營區****,,
108,林德福,109年立法委員選舉,首次申報,1081218,個人捐贈收入,萬德音,R22*******,100000.00,0.00,,金錢,新北市中和區****,0987*****,
109,林德福,109年立法委員選舉,首次申報,1081218,個人捐贈收入,黃逸揚,W10*******,100000.00,0.00,,金錢,新北市新店區****,0988*****,
110,林德福,109年立法委員選舉,首次申報,1081219,營利事業捐贈收入,冠杰企業有限公司,04887769,10000.00,0.00,,金錢,臺北市文山區****,,
111,林德福,109年立法委員選舉,首次申報,1081219,個人捐贈收入,葉于瑋,E10*******,10000.00,0.00,,金錢,新北市深坑區****,,
112,林德福,109年立法委員選舉,首次申報,1081219,個人捐贈收入,林可青,G12*******,10000.00,0.00,,金錢,新北市永和區****,,
113,林德福,109年立法委員選舉,首次申報,1081220,營利事業捐贈收入,大法貿易股份有限公司,18555868,300000.00,0.00,,金錢,臺北市大安區****,0910*****,
114,林德福,109年立法委員選舉,首次申報,1081220,營利事業捐贈收入,江陵機電股份有限公司,22632590,200000.00,0.00,,金錢,新北市新店區****,,
115,林德福,109年立法委員選舉,首次申報,1081221,其他收入,利息收入,,409.00,0.00,,金錢,,,
116,林德福,109年立法委員選舉,首次申報,1081222,個人捐贈收入,張國松,N12*******,11000.00,0.00,,金錢,臺北市大安區****,0920*****,
117,林德福,109年立法委員選舉,首次申報,1081223,營利事業捐贈收入,巧禾行銷股份有限公司,24338221,200000.00,0.00,,金錢,臺北市大安區****,2377*****,
118,林德福,109年立法委員選舉,首次申報,1081224,匿名捐贈,黃賴麗雲,,1000.00,0.00,,金錢,,,
119,林德福,109年立法委員選舉,首次申報,1081224,營利事業捐贈收入,弘群建設股份有限公司,12784631,300000.00,0.00,,金錢,新北市中和區****,2243*****,
120,林德福,109年立法委員選舉,首次申報,1081224,營利事業捐贈收入,弘庭營造股份有限公司,94779853,300000.00,0.00,,金錢,新北市中和區****,2243*****,
121,林德福,109年立法委員選舉,首次申報,1081224,政黨捐贈收入,中國國民黨,政黨證字第1號,200000.00,0.00,,金錢,台北市中山區****,(02)*****,
122,林德福,109年立法委員選舉,首次申報,1081226,營利事業捐贈收入,沅兼投資有限公司,52572802,200000.00,0.00,,金錢,臺北市大安區****,2377*****,
123,林德福,109年立法委員選舉,首次申報,1081228,個人捐贈收入,張永鋐,,1000.00,0.00,,金錢,臺北市大安區****,,
124,林德福,109年立法委員選舉,首次申報,1081228,個人捐贈收入,王柏傑,F12*******,100000.00,0.00,,金錢,新北市汐止區****,,
125,林德福,109年立法委員選舉,首次申報,1081228,個人捐贈收入,王薪維,F12*******,100000.00,0.00,,金錢,新北市汐止區****,,
126,林德福,109年立法委員選舉,首次申報,1081228,個人捐贈收入,何思穎,F22*******,100000.00,0.00,,金錢,新北市汐止區****,,
127,林德福,109年立法委員選舉,首次申報,1081229,營利事業捐贈收入,璞全廣告股份有限公司,80172588,50000.00,0.00,,金錢,臺北市內湖區****,,
128,林德福,109年立法委員選舉,首次申報,1081229,營利事業捐贈收入,誠家興建設股份有限公司,86566173,200000.00,0.00,,金錢,新北市永和區****,2927*****,
129,林德福,109年立法委員選舉,首次申報,1081229,個人捐贈收入,黃培宸,F12*******,36000.00,0.00,,金錢,新北市中和區****,0933*****,
130,林德福,109年立法委員選舉,首次申報,1081229,個人捐贈收入,王宣青,F22*******,100000.00,0.00,,金錢,新北市永和區****,,
131,林德福,109年立法委員選舉,首次申報,1081229,個人捐贈收入,謝政璋,T12*******,100000.00,0.00,,金錢,新北市永和區****,2920*****,
132,林德福,109年立法委員選舉,首次申報,1081230,匿名捐贈,澄悠西米露,,6600.00,0.00,,金錢,,,
133,林德福,109年立法委員選舉,首次申報,1081231,個人捐贈收入,高強華,,2000.00,0.00,,金錢,新北市永和區****,,
134,林德福,109年立法委員選舉,首次申報,1081231,營利事業捐贈收入,陽鼎實業股份有限公司,23458958,10000.00,0.00,,金錢,新北市永和區****,,
135,林德福,109年立法委員選舉,首次申報,1081231,營利事業捐贈收入,璞石建設股份有限公司,28821909,100000.00,0.00,,金錢,臺北市內湖區****,,
136,林德福,109年立法委員選舉,首次申報,1081231,營利事業捐贈收入,璞承營造股份有限公司,89822958,50000.00,0.00,,金錢,臺北市內湖區****,,
137,林德福,109年立法委員選舉,首次申報,1081231,個人捐贈收入,吳錫賢,A12*******,20000.00,0.00,,金錢,臺北市信義區****,,
138,林德福,109年立法委員選舉,首次申報,1081231,個人捐贈收入,陳妙玲,G22*******,20000.00,0.00,,金錢,臺北市信義區****,,
139,林德福,109年立法委員選舉,首次申報,1081231,個人捐贈收入,姚應馨,H22*******,10000.00,0.00,,金錢,新北市新店區****,,
140,林德福,109年立法委員選舉,首次申報,1090102,營利事業捐贈收入,冠軍建材股份有限公司,49701774,300000.00,0.00,,金錢,苗栗縣竹南鎮****,,
141,林德福,109年立法委員選舉,首次申報,1090102,營利事業捐贈收入,璞全廣告股份有限公司,80172588,50000.00,0.00,,金錢,臺北市內湖區****,,
142,林德福,109年立法委員選舉,首次申報,1090102,個人捐贈收入,紀水樹,L10*******,100000.00,0.00,,金錢,臺中市龍井區****,,
143,林德福,109年立法委員選舉,首次申報,1090102,個人捐贈收入,紀安禧,L12*******,100000.00,0.00,,金錢,臺中市龍井區****,0426*****,
144,林德福,109年立法委員選舉,首次申報,1090102,個人捐贈收入,紀陳桂香,N22*******,100000.00,0.00,,金錢,臺中市龍井區****,,
145,林德福,109年立法委員選舉,首次申報,1090103,個人捐贈收入,許永成,C12*******,50000.00,0.00,,金錢,新北市三重區****,0928*****,
146,林德福,109年立法委員選舉,首次申報,1090103,個人捐贈收入,金宸鈴,C22*******,100000.00,0.00,,金錢,新北市中和區****,0910*****,
147,林德福,109年立法委員選舉,首次申報,1090103,個人捐贈收入,張祐琮,F12*******,100000.00,0.00,,金錢,新北市中和區****,0910*****,
148,林德福,109年立法委員選舉,首次申報,1090103,個人捐贈收入,洪御書,N12*******,50000.00,0.00,,金錢,新北市板橋區****,0955*****,
149,林德福,109年立法委員選舉,首次申報,1090107,匿名捐贈,匿名,,1000.00,0.00,,金錢,,,
150,林德福,109年立法委員選舉,首次申報,1090109,個人捐贈收入,張貞次,A12*******,6600.00,0.00,,金錢,新北市中和區****,0928*****,
151,林德福,109年立法委員選舉,首次申報,1090110,個人捐贈收入,王協興,R10*******,100000.00,0.00,,金錢,臺南市新營區****,0912*****,
152,林德福,109年立法委員選舉,首次申報,1090113,匿名捐贈,馮莊元容,,293.00,0.00,,金錢,,,
153,林德福,109年立法委員選舉,首次申報,1090113,匿名捐贈,馮莊元容,,44.00,0.00,,金錢,,,
