﻿序號,擬參選人／政黨,選舉名稱,申報序號／年度,交易日期,收支科目,捐贈者／支出對象,身分證／統一編號,收入金額,支出金額,支出用途,金錢類,地址,聯絡電話,資料更正日期
1,蔡銘軒,107年縣(市)議員選舉,首次申報,1070702,個人捐贈收入,陳秀枝,N22*******,8000.00,0.00,,金錢,南投縣南投市****,,
2,蔡銘軒,107年縣(市)議員選舉,首次申報,1070719,個人捐贈收入,陳亮妤,V22*******,10000.00,0.00,,金錢,臺中市北區忠****,,
3,蔡銘軒,107年縣(市)議員選舉,首次申報,1070809,個人捐贈收入,朱峯岐,M12*******,10000.00,0.00,,金錢,南投縣草屯鎮****,,
4,蔡銘軒,107年縣(市)議員選舉,首次申報,1070810,個人捐贈收入,吳宜修,N12*******,6000.00,0.00,,金錢,南投縣草屯鎮****,,
5,蔡銘軒,107年縣(市)議員選舉,首次申報,1070816,個人捐贈收入,洪詠財,M12*******,10000.00,0.00,,金錢,南投縣草屯鎮****,,
6,蔡銘軒,107年縣(市)議員選舉,首次申報,1070830,個人捐贈收入,劉炳欣,M12*******,1000.00,0.00,,金錢,南投縣南投市****,,
7,蔡銘軒,107年縣(市)議員選舉,首次申報,1070830,個人捐贈收入,洪春森,M12*******,1000.00,0.00,,金錢,南投縣草屯鎮****,,
8,蔡銘軒,107年縣(市)議員選舉,首次申報,1070831,個人捐贈收入,李孟欣,M12*******,1000.00,0.00,,金錢,,,
9,蔡銘軒,107年縣(市)議員選舉,首次申報,1070831,個人捐贈收入,陳奕珊,M22*******,2000.00,0.00,,金錢,南投縣草屯鎮****,,
10,蔡銘軒,107年縣(市)議員選舉,首次申報,1071019,個人捐贈收入,林嘉勳,N10*******,30000.00,0.00,,金錢,臺北市八德路****,,
11,蔡銘軒,107年縣(市)議員選舉,首次申報,1071029,個人捐贈收入,楊景強,M12*******,10000.00,0.00,,金錢,南投縣竹山鎮****,,
