﻿序號,擬參選人／政黨,選舉名稱,申報序號／年度,交易日期,收支科目,捐贈者／支出對象,身分證／統一編號,收入金額,支出金額,支出用途,金錢類,地址,聯絡電話,資料更正日期
1,李中岑,107年直轄市議員選舉,首次申報,1070524,個人捐贈收入,蔡傑,R12*******,100000.00,0.00,,金錢,臺南市新營區****,,
2,李中岑,107年直轄市議員選舉,首次申報,1070604,個人捐贈收入,陳奕鎮,,3000.00,0.00,,金錢,,0932*****,
3,李中岑,107年直轄市議員選舉,首次申報,1070621,其他收入,利息收入,,3.00,0.00,,金錢,,,
4,李中岑,107年直轄市議員選舉,首次申報,1070628,個人捐贈收入,鄭榮宗,D10*******,50000.00,0.00,,金錢,臺南市安南區****,0932*****,
5,李中岑,107年直轄市議員選舉,首次申報,1070711,營利事業捐贈收入,刷樂國際股份有限公司,86257802,44950.00,0.00,,金錢,臺中市南區忠****,,
6,李中岑,107年直轄市議員選舉,首次申報,1070829,個人捐贈收入,鍾欣倍,E22*******,50000.00,0.00,,金錢,高雄市岡山區****,07-7*****,
7,李中岑,107年直轄市議員選舉,首次申報,1070906,個人捐贈收入,周金倉,D10*******,100000.00,0.00,,金錢,臺南市安南區****,,
8,李中岑,107年直轄市議員選舉,首次申報,1070906,個人捐贈收入,王月華,D20*******,100000.00,0.00,,金錢,臺南市安南區****,,
9,李中岑,107年直轄市議員選舉,首次申報,1070914,個人捐贈收入,黃金宗,,5000.00,0.00,,金錢,,0986*****,
10,李中岑,107年直轄市議員選舉,首次申報,1070921,個人捐贈收入,陳銘梓,F10*******,50000.00,0.00,,金錢,新北市鶯歌區****,,
11,李中岑,107年直轄市議員選舉,首次申報,1071001,匿名捐贈,林進旺,,6000.00,0.00,,金錢,,,
12,李中岑,107年直轄市議員選舉,首次申報,1071004,營利事業捐贈收入,佳喜建設有限公司,27406453,20000.00,0.00,,金錢,,,
13,李中岑,107年直轄市議員選舉,首次申報,1071005,個人捐贈收入,陳彥宇,,20000.00,0.00,,金錢,,0921*****,
14,李中岑,107年直轄市議員選舉,首次申報,1071009,個人捐贈收入,吳明昌,,20000.00,0.00,,金錢,,0625*****,
15,李中岑,107年直轄市議員選舉,首次申報,1071009,個人捐贈收入,林財德,,10000.00,0.00,,金錢,,0931*****,
16,李中岑,107年直轄市議員選舉,首次申報,1071009,匿名捐贈,匿名,,1000.00,0.00,,金錢,,,
17,李中岑,107年直轄市議員選舉,首次申報,1071012,匿名捐贈,匿名,,10000.00,0.00,,金錢,,,
18,李中岑,107年直轄市議員選舉,首次申報,1071012,營利事業捐贈收入,韓盛有限公司,64916562,30000.00,0.00,,金錢,臺南市安南區****,,
19,李中岑,107年直轄市議員選舉,首次申報,1071012,個人捐贈收入,翁俊傑,D12*******,30000.00,0.00,,金錢,,,
20,李中岑,107年直轄市議員選舉,首次申報,1071013,匿名捐贈,匿名,,6000.00,0.00,,金錢,,,
21,李中岑,107年直轄市議員選舉,首次申報,1071013,個人捐贈收入,王冠麒,D12*******,30000.00,0.00,,金錢,臺南市安南區****,,
22,李中岑,107年直轄市議員選舉,首次申報,1071014,個人捐贈收入,歐陽輝旺,,3600.00,0.00,,金錢,臺南市安南區****,0933*****,
23,李中岑,107年直轄市議員選舉,首次申報,1071014,個人捐贈收入,卓榮南,,5000.00,0.00,,金錢,臺南市東區裕****,0916*****,
24,李中岑,107年直轄市議員選舉,首次申報,1071016,個人捐贈收入,許美瑛,,2000.00,0.00,,金錢,臺南市安南區****,0928*****,
25,李中岑,107年直轄市議員選舉,首次申報,1071016,個人捐贈收入,吳雅雯,,200.00,0.00,,金錢,臺南市南區興****,0979*****,
26,李中岑,107年直轄市議員選舉,首次申報,1071016,個人捐贈收入,陳清亮,,3000.00,0.00,,金錢,臺南市安南區****,0935*****,
27,李中岑,107年直轄市議員選舉,首次申報,1071016,個人捐贈收入,陳玉雪,,500.00,0.00,,金錢,臺南市安南區****,2479*****,
28,李中岑,107年直轄市議員選舉,首次申報,1071016,個人捐贈收入,岩孟樺,,200.00,0.00,,金錢,,0903*****,
29,李中岑,107年直轄市議員選舉,首次申報,1071016,個人捐贈收入,黃博政,,500.00,0.00,,金錢,,0931*****,
30,李中岑,107年直轄市議員選舉,首次申報,1071016,個人捐贈收入,方瑞敏,,100.00,0.00,,金錢,臺南市安南區****,2554*****,
31,李中岑,107年直轄市議員選舉,首次申報,1071016,個人捐贈收入,謝政宏,,1000.00,0.00,,金錢,,0970*****,
32,李中岑,107年直轄市議員選舉,首次申報,1071016,個人捐贈收入,黃秀菁,,300.00,0.00,,金錢,臺南市安南區****,0958*****,
33,李中岑,107年直轄市議員選舉,首次申報,1071016,個人捐贈收入,鄭瑞娟,,500.00,0.00,,金錢,臺南市永康區****,0932*****,
34,李中岑,107年直轄市議員選舉,首次申報,1071016,個人捐贈收入,陳庭薇,,200.00,0.00,,金錢,臺南市北區文****,0936*****,
35,李中岑,107年直轄市議員選舉,首次申報,1071016,個人捐贈收入,王慧茹,,300.00,0.00,,金錢,臺南市七股區****,0952*****,
36,李中岑,107年直轄市議員選舉,首次申報,1071016,個人捐贈收入,顏一筒,,300.00,0.00,,金錢,臺南市安南區****,0989*****,
37,李中岑,107年直轄市議員選舉,首次申報,1071016,個人捐贈收入,林雪芬,,100.00,0.00,,金錢,臺南市安南區****,0976*****,
38,李中岑,107年直轄市議員選舉,首次申報,1071016,個人捐贈收入,蔡佳芳,,300.00,0.00,,金錢,臺南市安南區****,0915*****,
39,李中岑,107年直轄市議員選舉,首次申報,1071016,個人捐贈收入,黃建賓,,200.00,0.00,,金錢,臺南市安南區****,0915*****,
40,李中岑,107年直轄市議員選舉,首次申報,1071016,營利事業捐贈收入,展暉機車行,87856755,200.00,0.00,,金錢,臺南市安南區****,0624*****,
41,李中岑,107年直轄市議員選舉,首次申報,1071017,個人捐贈收入,陳素錦,,100.00,0.00,,金錢,臺南市安南區****,0935*****,
42,李中岑,107年直轄市議員選舉,首次申報,1071017,個人捐贈收入,蕭莞錤,,600.00,0.00,,金錢,臺南市安南區****,0903*****,
43,李中岑,107年直轄市議員選舉,首次申報,1071017,個人捐贈收入,陳素蓮,,100.00,0.00,,金錢,臺南市安南區****,2561*****,
44,李中岑,107年直轄市議員選舉,首次申報,1071017,個人捐贈收入,施品衣,,100.00,0.00,,金錢,臺南市安南區****,0970*****,
45,李中岑,107年直轄市議員選舉,首次申報,1071017,個人捐贈收入,陳清池,,200.00,0.00,,金錢,臺南市安南區****,0937*****,
46,李中岑,107年直轄市議員選舉,首次申報,1071017,個人捐贈收入,鄭棋木,,1000.00,0.00,,金錢,臺南市安南區****,2553*****,
47,李中岑,107年直轄市議員選舉,首次申報,1071017,個人捐贈收入,林麗秋,,100.00,0.00,,金錢,臺南市安南區****,0916*****,
48,李中岑,107年直轄市議員選舉,首次申報,1071017,個人捐贈收入,蕭淑娥,,2000.00,0.00,,金錢,臺南市安南區****,0932*****,
49,李中岑,107年直轄市議員選舉,首次申報,1071017,個人捐贈收入,郭依菁,,200.00,0.00,,金錢,臺南市安南區****,0981*****,
50,李中岑,107年直轄市議員選舉,首次申報,1071017,個人捐贈收入,吳曉嘉,,200.00,0.00,,金錢,臺南市安南區****,0935*****,
51,李中岑,107年直轄市議員選舉,首次申報,1071017,個人捐贈收入,林召荃,,100.00,0.00,,金錢,臺南市安南區****,0911*****,
52,李中岑,107年直轄市議員選舉,首次申報,1071017,個人捐贈收入,陳福仁,,1500.00,0.00,,金錢,臺南市安南區****,0983*****,
53,李中岑,107年直轄市議員選舉,首次申報,1071017,個人捐贈收入,李晨嘉,,400.00,0.00,,金錢,臺南市安南區****,0988*****,
54,李中岑,107年直轄市議員選舉,首次申報,1071017,個人捐贈收入,郭冠志,,100.00,0.00,,金錢,臺南市安南區****,0956*****,
55,李中岑,107年直轄市議員選舉,首次申報,1071017,個人捐贈收入,張永林,,500.00,0.00,,金錢,臺南市安南區****,0624*****,
56,李中岑,107年直轄市議員選舉,首次申報,1071017,個人捐贈收入,黃惠玲,,500.00,0.00,,金錢,臺南市安南區****,0931*****,
57,李中岑,107年直轄市議員選舉,首次申報,1071017,個人捐贈收入,吳淑眞,,1000.00,0.00,,金錢,臺南市安南區****,0625*****,
58,李中岑,107年直轄市議員選舉,首次申報,1071017,個人捐贈收入,吳玉英,,200.00,0.00,,金錢,,0932*****,
59,李中岑,107年直轄市議員選舉,首次申報,1071018,匿名捐贈,徐真麗,,100.00,0.00,,金錢,,,
60,李中岑,107年直轄市議員選舉,首次申報,1071018,個人捐贈收入,陳美娟,,200.00,0.00,,金錢,臺南市北區中****,0929*****,
61,李中岑,107年直轄市議員選舉,首次申報,1071018,個人捐贈收入,鄭民凱,,300.00,0.00,,金錢,臺南市安南區****,0981*****,
62,李中岑,107年直轄市議員選舉,首次申報,1071018,個人捐贈收入,林聖傑,,100.00,0.00,,金錢,臺南市安南區****,0921*****,
63,李中岑,107年直轄市議員選舉,首次申報,1071019,個人捐贈收入,鄭雅文,,200.00,0.00,,金錢,臺南市南區中****,0922*****,
64,李中岑,107年直轄市議員選舉,首次申報,1071021,匿名捐贈,匿名,,1000.00,0.00,,金錢,,,
65,李中岑,107年直轄市議員選舉,首次申報,1071021,個人捐贈收入,邱秀菡,,300.00,0.00,,金錢,臺南市安南區****,0913*****,
66,李中岑,107年直轄市議員選舉,首次申報,1071021,個人捐贈收入,吳昱寬,,100.00,0.00,,金錢,臺南市安南區****,0931*****,
67,李中岑,107年直轄市議員選舉,首次申報,1071021,個人捐贈收入,張瑞珍,,300.00,0.00,,金錢,臺南市中西區****,0955*****,
68,李中岑,107年直轄市議員選舉,首次申報,1071021,個人捐贈收入,李秀英,,200.00,0.00,,金錢,臺南市安南區****,,
69,李中岑,107年直轄市議員選舉,首次申報,1071022,個人捐贈收入,鍾家慧,,300.00,0.00,,金錢,臺南市安南區****,0913*****,
70,李中岑,107年直轄市議員選舉,首次申報,1071022,個人捐贈收入,李雪貞,,2000.00,0.00,,金錢,臺南市北區公****,0932*****,
71,李中岑,107年直轄市議員選舉,首次申報,1071022,營利事業捐贈收入,柏宇冷氣行,81234963,200.00,0.00,,金錢,臺南市安南區****,0977*****,
72,李中岑,107年直轄市議員選舉,首次申報,1071022,個人捐贈收入,王振廷,A11*******,20000.00,0.00,,金錢,臺南市北區公****,0625*****,
73,李中岑,107年直轄市議員選舉,首次申報,1071023,個人捐贈收入,黃淑敏,,1100.00,0.00,,金錢,臺南市安南區****,2559*****,
74,李中岑,107年直轄市議員選舉,首次申報,1071024,營利事業捐贈收入,銘隆節能科技股份有限公司,70683549,12000.00,0.00,,金錢,臺南市安南區****,0933*****,
75,李中岑,107年直轄市議員選舉,首次申報,1071025,個人捐贈收入,吳建智,,300.00,0.00,,金錢,臺南市安平區****,0922*****,
76,李中岑,107年直轄市議員選舉,首次申報,1071025,個人捐贈收入,黃保憲,,600.00,0.00,,金錢,臺南市安南區****,0916*****,
77,李中岑,107年直轄市議員選舉,首次申報,1071026,個人捐贈收入,楊文馨,,2000.00,0.00,,金錢,臺南市安南區****,,
78,李中岑,107年直轄市議員選舉,首次申報,1071027,個人捐贈收入,李協益,,300.00,0.00,,金錢,臺南市安南區****,0955*****,
79,李中岑,107年直轄市議員選舉,首次申報,1071027,個人捐贈收入,王筱佳,,100.00,0.00,,金錢,臺南市安南區****,0989*****,
80,李中岑,107年直轄市議員選舉,首次申報,1071027,個人捐贈收入,林柏群,,500.00,0.00,,金錢,臺南市永康區****,0973*****,
81,李中岑,107年直轄市議員選舉,首次申報,1071107,匿名捐贈,匿名,,2000.00,0.00,,金錢,,,
82,李中岑,107年直轄市議員選舉,首次申報,1071107,營利事業捐贈收入,天拓國際有限公司,54065937,6600.00,0.00,,金錢,臺南市安南區****,0928*****,
83,李中岑,107年直轄市議員選舉,首次申報,1071108,匿名捐贈,三聖會信徒,,2000.00,0.00,,金錢,,,
84,李中岑,107年直轄市議員選舉,首次申報,1071111,個人捐贈收入,鄭溪州,,10000.00,0.00,,金錢,,0933*****,
85,李中岑,107年直轄市議員選舉,首次申報,1071112,個人捐贈收入,蘇建銘,,2000.00,0.00,,金錢,,0975*****,
86,李中岑,107年直轄市議員選舉,首次申報,1071114,營利事業捐贈收入,高基工程股份有限公司,84600339,100000.00,0.00,,金錢,高雄市苓雅區****,,
87,李中岑,107年直轄市議員選舉,首次申報,1071116,個人捐贈收入,鄭祐嘉,,3000.00,0.00,,金錢,臺南市安南區****,0928*****,
88,李中岑,107年直轄市議員選舉,首次申報,1071120,匿名捐贈,匿名,,3000.00,0.00,,金錢,,,
89,李中岑,107年直轄市議員選舉,首次申報,1071221,其他收入,利息收入,,50.00,0.00,,金錢,,,
