﻿序號,擬參選人／政黨,選舉名稱,申報序號／年度,交易日期,收支科目,捐贈者／支出對象,身分證／統一編號,收入金額,支出金額,捐贈方式,存入專戶日期,返還/繳庫,支出用途,金錢類,地址,聯絡電話,應揭露之支出對象,支出對象之內部人員姓名,支出對象之內部人員職稱,政黨之內部人員姓名,政黨之內部人員職稱,關係,更正註記,資料更正日期
1,謝福弘,111年苗栗縣縣長選舉,首次申報,1110720,人事費用支出,台灣產物保險股份有限公司,46617302,0.00,2940.00,,,,選務工作人員保險費,金錢,新竹市東區三****,,否,,,,,,,
2,謝福弘,111年苗栗縣縣長選舉,首次申報,1110721,宣傳支出,南雅禮品服飾,08773020,0.00,95000.00,,,,工作服,金錢,苗栗縣卓蘭鎮****,037-*****,否,,,,,,,
3,謝福弘,111年苗栗縣縣長選舉,首次申報,1110721,宣傳支出,自由時報頭份辦事處,25351848,0.00,36000.00,,,,播放、傳送或刊登宣傳廣告費用,金錢,苗栗縣頭份市****,037-*****,否,,,,,,,
4,謝福弘,111年苗栗縣縣長選舉,首次申報,1110724,宣傳支出,自由時報頭份辦事處,25351848,0.00,36000.00,,,,郵寄競選物品或宣傳廣告費用,金錢,苗栗縣頭份市****,037-*****,否,,,,,,,
5,謝福弘,111年苗栗縣縣長選舉,首次申報,1110724,人事費用支出,北苗站小吃店,38814553,0.00,2090.00,,,,其他因工作酬勞之給付,金錢,苗栗縣苗栗市****,037-*****,否,,,,,,,
6,謝福弘,111年苗栗縣縣長選舉,首次申報,1110725,宣傳支出,順立印刷,09258472,0.00,47500.00,,,,製作競選物品或宣傳廣告費用（物品名稱-請填寫）文宣單彩對摺,金錢,苗栗縣後龍鎮****,037-*****,否,,,,,,,
7,謝福弘,111年苗栗縣縣長選舉,首次申報,1110725,集會支出,冠閣有限公司,16428959,0.00,120000.00,,,,集會飲用水,金錢,桃園市桃園區****,03-3*****,否,,,,,,,
8,謝福弘,111年苗栗縣縣長選舉,首次申報,1110725,雜支支出,詠豐興業有限公司,23403552,0.00,10500.00,,,,破碎機,金錢,苗栗縣苗栗市****,037-*****,否,,,,,,,
9,謝福弘,111年苗栗縣縣長選舉,首次申報,1110725,集會支出,杏晟有限公司,24219196,0.00,100000.00,,,,麵筋.麵條,金錢,苗栗縣公館鄉****,037-*****,否,,,,,,,
10,謝福弘,111年苗栗縣縣長選舉,首次申報,1110725,宣傳支出,美豐印刷文具行,66817665,0.00,40000.00,,,,郵寄競選物品或宣傳廣告費用,金錢,苗栗縣公館鄉****,037-*****,否,,,,,,,
11,謝福弘,111年苗栗縣縣長選舉,首次申報,1110726,宣傳支出,晉雅堂,05923340,0.00,38500.00,,,,紅布板費等,金錢,彰化縣鹿港鎮****,,否,,,,,,,
12,謝福弘,111年苗栗縣縣長選舉,首次申報,1110726,宣傳支出,順立印刷,09258472,0.00,120000.00,,,,文宣A雙采對摺,金錢,苗栗縣後龍鎮****,,否,,,,,,,
13,謝福弘,111年苗栗縣縣長選舉,首次申報,1110726,集會支出,東大百貨行,13355813,0.00,150000.00,,,,麵筋份,金錢,苗栗縣公館鄉****,,否,,,,,,,
14,謝福弘,111年苗栗縣縣長選舉,首次申報,1110726,宣傳支出,自由時報公館五谷辦事處,39791332,0.00,12800.00,,,,夾報,金錢,苗栗縣公館鄉****,,否,,,,,,,
15,謝福弘,111年苗栗縣縣長選舉,首次申報,1110726,宣傳支出,華琇企業社,45737791,0.00,252000.00,,,,宣傳背心,金錢,苗栗縣公館鄉****,,否,,,,,,,
16,謝福弘,111年苗栗縣縣長選舉,首次申報,1110726,宣傳支出,快又美企業社,83348230,0.00,10500.00,,,,帆布,金錢,苗栗縣頭份市****,,否,,,,,,,
17,謝福弘,111年苗栗縣縣長選舉,首次申報,1110727,宣傳支出,自由時報頭份辦事處,25351848,0.00,13600.00,,,,夾報,金錢,苗栗縣頭份市****,,否,,,,,,,
18,謝福弘,111年苗栗縣縣長選舉,首次申報,1110727,雜支支出,東京電腦刻印,47432373,0.00,20.00,,,,橡皮章,金錢,苗栗縣苗栗市****,,否,,,,,,,
19,謝福弘,111年苗栗縣縣長選舉,首次申報,1110728,租用競選辦事處支出,金昌通信器材有限公司,23710263,0.00,25200.00,,,,電話總機設置及移機,金錢,苗栗縣苗栗市****,,否,,,,,,,
20,謝福弘,111年苗栗縣縣長選舉,首次申報,1110728,宣傳支出,東發生物科技製藥股份有限公司,90771984,0.00,14000.00,,,,肌樂貼布片,金錢,屏東縣屏東市****,,否,,,,,,,
21,謝福弘,111年苗栗縣縣長選舉,首次申報,1110801,雜支支出,科斯達電腦維修站,13341797,0.00,34500.00,,,,電腦台,金錢,苗栗縣頭屋鄉****,,否,,,,,,,
22,謝福弘,111年苗栗縣縣長選舉,首次申報,1110801,宣傳支出,紘宇多媒體企業有限公司,28821653,0.00,261000.00,,,,播放、傳送或刊登宣傳廣告費用,金錢,苗栗縣竹南鎮****,,否,,,,,,,
23,謝福弘,111年苗栗縣縣長選舉,首次申報,1110801,宣傳支出,儒鴻企業股份有限公司,35884479,0.00,416770.00,,,,製作競選物品或宣傳廣告費用（T雙面布）,金錢,臺北市長安東****,,否,,,,,,,
24,謝福弘,111年苗栗縣縣長選舉,首次申報,1110801,雜支支出,昌泰五金行,49691987,0.00,700.00,,,,電池,金錢,苗栗縣苗栗市****,,否,,,,,,,
25,謝福弘,111年苗栗縣縣長選舉,首次申報,1110801,雜支支出,增業電氣工程有限公司,80114808,0.00,22709.00,,,,總部燈具水電修繕,金錢,苗栗縣苗栗市****,,否,,,,,,,
26,謝福弘,111年苗栗縣縣長選舉,首次申報,1110801,宣傳支出,快又美企業社,83348230,0.00,18000.00,,,,帆布,金錢,苗栗縣頭份市****,,否,,,,,,,
27,謝福弘,111年苗栗縣縣長選舉,首次申報,1110802,集會支出,冠閣有限公司,16428959,0.00,120000.00,,,,集會飲用水份,金錢,桃園市桃園區****,,否,,,,,,,
28,謝福弘,111年苗栗縣縣長選舉,首次申報,1110804,雜支支出,昌泰五金行,49691987,0.00,325.00,,,,膠水.垃圾袋等,金錢,苗栗縣苗栗市****,,否,,,,,,,
29,謝福弘,111年苗栗縣縣長選舉,首次申報,1110806,雜支支出,巨星文具行,13351106,0.00,244.00,,,,文具,金錢,苗栗縣苗栗市****,,否,,,,,,,
30,謝福弘,111年苗栗縣縣長選舉,首次申報,1110808,雜支支出,昇揚通信有限公司,89700033,0.00,28000.00,,,,監控攝影機安裝等,金錢,苗栗縣銅鑼鄉****,,否,,,,,,,
31,謝福弘,111年苗栗縣縣長選舉,首次申報,1110810,宣傳支出,順立印刷,09258472,0.00,165750.00,,,,文宣 .便條紙本等,金錢,苗栗縣後龍鎮****,,否,,,,,,,
32,謝福弘,111年苗栗縣縣長選舉,首次申報,1110810,集會支出,冠閣有限公司,16428959,0.00,120000.00,,,,飲用水份,金錢,桃園市桃園區****,,否,,,,,,,
33,謝福弘,111年苗栗縣縣長選舉,首次申報,1110810,宣傳支出,儒鴻企業股份有限公司,35884479,0.00,232406.00,,,,文宣T雙面布,金錢,臺北市長安東****,,否,,,,,,,
34,謝福弘,111年苗栗縣縣長選舉,首次申報,1110810,宣傳支出,慶浤企業社,66837347,0.00,300000.00,,,,租用廣告看板或車體廣告費用,金錢,苗栗縣公館鄉****,,否,,,,,,,
35,謝福弘,111年苗栗縣縣長選舉,首次申報,1110810,租用競選辦事處支出,柯永春,L10*******,0.00,105000.00,,,,//-//租用競選辦事處費用,金錢,苗栗縣三灣鄉****,,否,,,,,,,
36,謝福弘,111年苗栗縣縣長選舉,首次申報,1110811,雜支支出,佳慶電器有限公司,29090091,0.00,7875.00,,,,冷氣維修費,金錢,苗栗縣苗栗市****,,否,,,,,,,
37,謝福弘,111年苗栗縣縣長選舉,首次申報,1110811,宣傳支出,華琇企業社,45737791,0.00,261000.00,,,,簡易背心件,金錢,苗栗縣公館鄉****,,否,,,,,,,
38,謝福弘,111年苗栗縣縣長選舉,首次申報,1110811,租用宣傳車輛支出,勝興輪胎修理所,49281560,0.00,500.00,,,,維修宣傳車輛費用,金錢,苗栗縣苗栗市****,,否,,,,,,,
39,謝福弘,111年苗栗縣縣長選舉,首次申報,1110811,租用宣傳車輛支出,台灣中油,66803058,0.00,6046.00,,,,油資,金錢,苗栗縣苗栗市****,,否,,,,,,,
40,謝福弘,111年苗栗縣縣長選舉,首次申報,1110812,租用宣傳車輛支出,順利汽車玻璃商行,47441128,0.00,20000.00,,,,維修宣傳車輛費用,金錢,苗栗縣後龍鎮****,,否,,,,,,,
41,謝福弘,111年苗栗縣縣長選舉,首次申報,1110813,宣傳支出,立德印刷行,88812257,0.00,7200.00,,,,郵寄競選物品或宣傳廣告費用,金錢,苗栗縣苗栗市****,,否,,,,,,,
42,謝福弘,111年苗栗縣縣長選舉,首次申報,1110815,租用競選辦事處支出,欣光華股份有限公司,28991447,0.00,84000.00,,,,-月租金,金錢,臺北市八德路****,,否,,,,,,,
43,謝福弘,111年苗栗縣縣長選舉,首次申報,1110816,集會支出,冠閣有限公司,16428959,0.00,60000.00,,,,飲用水只,金錢,桃園市桃園區****,,否,,,,,,,
44,謝福弘,111年苗栗縣縣長選舉,首次申報,1110816,租用宣傳車輛支出,駿達汽車企業社,72467194,0.00,7350.00,,,,維修宣傳車輛費用,金錢,苗栗縣銅鑼鄉****,,否,,,,,,,
45,謝福弘,111年苗栗縣縣長選舉,首次申報,1110817,租用宣傳車輛支出,祥毅汽車,21824584,0.00,8800.00,,,,維修宣傳車輛費用,金錢,苗栗縣苗栗市****,,否,,,,,,,
46,謝福弘,111年苗栗縣縣長選舉,首次申報,1110817,集會支出,桓仁商行,38981215,0.00,76000.00,,,,餅乾組合包,金錢,苗栗縣大湖鄉****,,否,,,,,,,
47,謝福弘,111年苗栗縣縣長選舉,首次申報,1110817,租用宣傳車輛支出,技鼎國際企業社,88716424,0.00,24100.00,,,,維修宣傳車輛費用,金錢,苗栗縣苗栗市****,,否,,,,,,,
48,謝福弘,111年苗栗縣縣長選舉,首次申報,1110817,雜支支出,萬花筒書局,99866413,0.00,324.00,,,,文具,金錢,苗栗縣苗栗市****,,否,,,,,,,
49,謝福弘,111年苗栗縣縣長選舉,首次申報,1110818,宣傳支出,富璟應用材料有限公司,53716721,0.00,330000.00,,,,製作競選物品或宣傳廣告費用（口罩只）,金錢,桃園市龜山區****,,否,,,,,,,
50,謝福弘,111年苗栗縣縣長選舉,首次申報,1110819,宣傳支出,文宗行,66826279,0.00,115000.00,,,,郵寄競選物品或宣傳廣告費用,金錢,苗栗縣苗栗市****,,否,,,,,,,
51,謝福弘,111年苗栗縣縣長選舉,首次申報,1110824,租用宣傳車輛支出,伊士曼廣告油漆工程行,49093069,0.00,3500.00,,,,其他與租用宣傳車輛有關之費用,金錢,苗栗縣苗栗市****,,否,,,,,,,
52,謝福弘,111年苗栗縣縣長選舉,首次申報,1110825,宣傳支出,順立印刷,09258472,0.00,80000.00,,,,製作競選物品或宣傳廣告費用（便條本）,金錢,苗栗縣後龍鎮****,,否,,,,,,,
53,謝福弘,111年苗栗縣縣長選舉,首次申報,1110827,雜支支出,巨星文具行,13351106,0.00,149.00,,,,文具,金錢,苗栗縣苗栗市****,,否,,,,,,,
54,謝福弘,111年苗栗縣縣長選舉,首次申報,1110830,租用宣傳車輛支出,台灣中油,66803058,0.00,4517.00,,,,宣傳車輛燃料費用,金錢,苗栗縣苗栗市****,,否,,,,,,,
55,謝福弘,111年苗栗縣縣長選舉,首次申報,1110830,租用宣傳車輛支出,技鼎國際企業社,88716424,0.00,6800.00,,,,維修宣傳車輛費用,金錢,苗栗縣苗栗市****,,否,,,,,,,
56,謝福弘,111年苗栗縣縣長選舉,首次申報,1110831,租用宣傳車輛支出,億鴻國際企業社,94935101,0.00,72000.00,,,,維修宣傳車輛費用,金錢,苗栗縣苗栗市****,,否,,,,,,,
57,謝福弘,111年苗栗縣縣長選舉,首次申報,1110901,集會支出,冠閣有限公司,16428959,0.00,120000.00,,,,飲用水,金錢,桃園市桃園區****,,否,,,,,,,
58,謝福弘,111年苗栗縣縣長選舉,首次申報,1110901,人事費用支出,領先池上飯包,25213331,0.00,5510.00,,,,便當,金錢,苗栗縣苗栗市****,037-*****,否,,,,,,,
59,謝福弘,111年苗栗縣縣長選舉,首次申報,1110901,人事費用支出,臺灣產物保險股份有限公司,46617302,0.00,2988.00,,,,工作人員保險費,金錢,新竹市東區東****,,否,,,,,,,
60,謝福弘,111年苗栗縣縣長選舉,首次申報,1110901,人事費用支出,大廚快餐亭,47605085,0.00,3600.00,,,,便當,金錢,苗栗縣苗栗市****,037-*****,否,,,,,,,
61,謝福弘,111年苗栗縣縣長選舉,首次申報,1110901,集會支出,金栗城卡通蛋糕專門店,49796363,0.00,33600.00,,,,餐盒,金錢,苗栗縣苗栗市****,,否,,,,,,,
62,謝福弘,111年苗栗縣縣長選舉,首次申報,1110901,人事費用支出,蕭斯鵬,K10*******,0.00,26000.00,,,,工資或薪津,金錢,苗栗縣頭份市****,,否,,,,,,,
63,謝福弘,111年苗栗縣縣長選舉,首次申報,1110901,人事費用支出,李宏榮,K12*******,0.00,26000.00,,,,工資或薪津,金錢,苗栗縣南庄鄉****,,否,,,,,,,
64,謝福弘,111年苗栗縣縣長選舉,首次申報,1110901,人事費用支出,吳世垣,K12*******,0.00,26000.00,,,,工資或薪津,金錢,苗栗縣公館鄉****,,否,,,,,,,
65,謝福弘,111年苗栗縣縣長選舉,首次申報,1110901,人事費用支出,楊君祥,K12*******,0.00,26000.00,,,,工資或薪津,金錢,苗栗縣苗栗市****,,否,,,,,,,
66,謝福弘,111年苗栗縣縣長選舉,首次申報,1110901,人事費用支出,楊玉明,K12*******,0.00,26000.00,,,,工資或薪津,金錢,苗栗縣苗栗市****,,否,,,,,,,
67,謝福弘,111年苗栗縣縣長選舉,首次申報,1110901,人事費用支出,謝廷祥,K12*******,0.00,26000.00,,,,工資或薪津,金錢,苗栗縣苗栗市****,,否,,,,,,,
68,謝福弘,111年苗栗縣縣長選舉,首次申報,1110901,人事費用支出,何兆勳,K12*******,0.00,26000.00,,,,工資或薪津,金錢,苗栗縣苗栗市****,,否,,,,,,,
69,謝福弘,111年苗栗縣縣長選舉,首次申報,1110901,人事費用支出,余建辰,K12*******,0.00,26000.00,,,,工資或薪津,金錢,苗栗縣銅鑼鄉****,,否,,,,,,,
70,謝福弘,111年苗栗縣縣長選舉,首次申報,1110901,人事費用支出,林尚緯,K12*******,0.00,26000.00,,,,工資或薪津,金錢,苗栗縣竹南鎮****,,否,,,,,,,
71,謝福弘,111年苗栗縣縣長選舉,首次申報,1110901,人事費用支出,邱月英,K20*******,0.00,26000.00,,,,工資或薪津,金錢,苗栗縣公館鄉****,,否,,,,,,,
72,謝福弘,111年苗栗縣縣長選舉,首次申報,1110901,人事費用支出,劉如君,K22*******,0.00,26000.00,,,,工資或薪津,金錢,苗栗縣苗栗市****,,否,,,,,,,
73,謝福弘,111年苗栗縣縣長選舉,首次申報,1110901,人事費用支出,賴美蓮,K22*******,0.00,26000.00,,,,工資或薪津,金錢,苗栗縣苗栗市****,,否,,,,,,,
74,謝福弘,111年苗栗縣縣長選舉,首次申報,1110901,人事費用支出,黃幸娟,K22*******,0.00,26000.00,,,,工資或薪津,金錢,苗栗縣苗栗市****,,否,,,,,,,
75,謝福弘,111年苗栗縣縣長選舉,首次申報,1110901,人事費用支出,劉庭羽,K22*******,0.00,26000.00,,,,工資或薪津,金錢,苗栗縣苗栗市****,,否,,,,,,,
76,謝福弘,111年苗栗縣縣長選舉,首次申報,1110901,人事費用支出,江玉華,K22*******,0.00,26000.00,,,,工資或薪津,金錢,苗栗縣造橋鄉****,,否,,,,,,,
77,謝福弘,111年苗栗縣縣長選舉,首次申報,1110901,人事費用支出,蔡雅亘,Q22*******,0.00,26000.00,,,,工資或薪津,金錢,苗栗縣苗栗市****,,否,,,,,,,
78,謝福弘,111年苗栗縣縣長選舉,首次申報,1110902,人事費用支出,卡羅企業社,13353293,0.00,9265.00,,,,影印費,金錢,苗栗縣苗栗市****,,否,,,,,,,
79,謝福弘,111年苗栗縣縣長選舉,首次申報,1110902,集會支出,桓仁商行,38981215,0.00,92000.00,,,,餅乾組合包,金錢,苗栗縣大湖鄉****,037-*****,否,,,,,,,
80,謝福弘,111年苗栗縣縣長選舉,首次申報,1110902,人事費用支出,親子食堂,39677992,0.00,2370.00,,,,便當,金錢,苗栗縣苗栗市****,,否,,,,,,,
81,謝福弘,111年苗栗縣縣長選舉,首次申報,1110903,人事費用支出,領先池上飯包,25213331,0.00,850.00,,,,便當,金錢,苗栗縣苗栗市****,,否,,,,,,,
82,謝福弘,111年苗栗縣縣長選舉,首次申報,1110904,人事費用支出,領先池上飯包,25213331,0.00,1700.00,,,,便當,金錢,苗栗縣苗栗市****,,否,,,,,,,
83,謝福弘,111年苗栗縣縣長選舉,首次申報,1110905,雜支支出,巨星文具行,13351106,0.00,844.00,,,,文具,金錢,苗栗縣苗栗市****,,否,,,,,,,
84,謝福弘,111年苗栗縣縣長選舉,首次申報,1110905,雜支支出,卡羅企業社,13353293,0.00,2530.00,,,,影印紙,金錢,苗栗縣苗栗市****,,否,,,,,,,
85,謝福弘,111年苗栗縣縣長選舉,首次申報,1110905,租用宣傳車輛支出,來來企業股份有限公司,23188630,0.00,6549.00,,,,汽油,金錢,苗栗縣公館鄉****,,否,,,,,,,
86,謝福弘,111年苗栗縣縣長選舉,首次申報,1110905,人事費用支出,富有快餐店,39679719,0.00,2500.00,,,,便當,金錢,苗栗縣苗栗市****,,否,,,,,,,
87,謝福弘,111年苗栗縣縣長選舉,首次申報,1110905,租用宣傳車輛支出,技鼎國際企業社,88716424,0.00,1800.00,,,,車輛維修,金錢,苗栗縣苗栗市****,,否,,,,,,,
88,謝福弘,111年苗栗縣縣長選舉,首次申報,1110906,雜支支出,中華電信股份有限公司,88813354,0.00,7781.00,,,,月電話費,金錢,苗栗縣苗栗市****,,否,,,,,,,
89,謝福弘,111年苗栗縣縣長選舉,首次申報,1110907,宣傳支出,國幸廣告有限公司,12699656,0.00,357000.00,,,,苗栗客運車體廣告租金及製作費,金錢,臺北市大同區****,,否,,,,,,,
90,謝福弘,111年苗栗縣縣長選舉,首次申報,1110907,宣傳支出,玉清文具用品社,66809813,0.00,57000.00,,,,競選海報,金錢,苗栗縣苗栗市****,,否,,,,,,,
91,謝福弘,111年苗栗縣縣長選舉,首次申報,1110913,租用宣傳車輛支出,祥毅汽車,21824584,0.00,4600.00,,,,車輛維修,金錢,苗栗縣苗栗市****,,否,,,,,,,
92,謝福弘,111年苗栗縣縣長選舉,首次申報,1110913,人事費用支出,臺灣產物保險股份有限公司,46617302,0.00,3059.00,,,,工作人員保險費,金錢,新竹市東區東****,,否,,,,,,,
93,謝福弘,111年苗栗縣縣長選舉,首次申報,1110913,宣傳支出,玉清文具用品社,66809813,0.00,76000.00,,,,海報,金錢,苗栗縣苗栗市****,,否,,,,,,,
94,謝福弘,111年苗栗縣縣長選舉,首次申報,1110913,雜支支出,燦坤實業股份有限公司苗栗分公司,70774386,0.00,2026.00,,,,隨身碟,金錢,苗栗縣苗栗市****,,否,,,,,,,
95,謝福弘,111年苗栗縣縣長選舉,首次申報,1110913,宣傳支出,東發生物科技製藥股份有限公司,90771984,0.00,120000.00,,,,肌樂一條根舒緩貼布,金錢,屏東縣屏東市****,,否,,,,,,,
96,謝福弘,111年苗栗縣縣長選舉,首次申報,1110914,宣傳支出,順立印刷,09258472,0.00,80000.00,,,,便條紙,金錢,苗栗縣後龍鎮****,,否,,,,,,,
97,謝福弘,111年苗栗縣縣長選舉,首次申報,1110914,宣傳支出,天麗旗幟有限公司,16531644,0.00,18000.00,,,,國旗串旗,金錢,嘉義市西區廣****,,否,,,,,,,
98,謝福弘,111年苗栗縣縣長選舉,首次申報,1110914,宣傳支出,社團法人中華音樂著作權協會,19330608,0.00,64680.00,,,,單場次公開演出權//-//,金錢,臺北市中山區****,,否,,,,,,,
99,謝福弘,111年苗栗縣縣長選舉,首次申報,1110914,宣傳支出,自由時報頭份辦事處,25351848,0.00,48000.00,,,,派報費,金錢,苗栗縣頭份鎮****,,否,,,,,,,
100,謝福弘,111年苗栗縣縣長選舉,首次申報,1110914,租用宣傳車輛支出,吉祥汽車有限公司,42786220,0.00,1000.00,,,,車輛維修,金錢,苗栗縣苗栗市****,,否,,,,,,,
101,謝福弘,111年苗栗縣縣長選舉,首次申報,1110914,人事費用支出,旺旺友聯產物保險股份有限公司南投分公司,89388455,0.00,13216.00,,,,公共意外險保險費,金錢,南投縣草屯鎮****,,否,,,,,,,
102,謝福弘,111年苗栗縣縣長選舉,首次申報,1110915,集會支出,冠閣有限公司,16428959,0.00,120000.00,,,,飲用水,金錢,桃園市桃園區****,,否,,,,,,,
103,謝福弘,111年苗栗縣縣長選舉,首次申報,1110915,人事費用支出,台灣產物保險股份有限公司,46617302,0.00,420.00,,,,工作人員保險費,金錢,新竹市東區三****,,否,,,,,,,
104,謝福弘,111年苗栗縣縣長選舉,首次申報,1110916,宣傳支出,順立印刷,09258472,0.00,120000.00,,,,A雙彩對摺DM,金錢,苗栗縣後龍鎮****,,否,,,,,,,
105,謝福弘,111年苗栗縣縣長選舉,首次申報,1110918,集會支出,大愛救護車有限公司,25029882,0.00,3800.00,,,,救護車車資,金錢,苗栗縣苗栗市****,,否,,,,,,,
106,謝福弘,111年苗栗縣縣長選舉,首次申報,1110918,集會支出,祥峰衛生行,45564123,0.00,24000.00,,,,活動廁所清潔服務租賃費及冷風扇,金錢,苗栗縣頭屋鄉****,,否,,,,,,,
107,謝福弘,111年苗栗縣縣長選舉,首次申報,1110918,宣傳支出,大取國際娛樂有限公司,54646105,0.00,687750.00,,,,總部成立大會軟硬體規劃執行費,金錢,苗栗縣苗栗市****,,否,,,,,,,
108,謝福弘,111年苗栗縣縣長選舉,首次申報,1110919,人事費用支出,臺灣產物保險股份有限公司,46617302,0.00,1990.00,,,,工作人員保險費,金錢,新竹市東區三****,,否,,,,,,,
109,謝福弘,111年苗栗縣縣長選舉,首次申報,1110920,人事費用支出,臺灣產物保險股份有限公司,46617302,0.00,1311.00,,,,工作人員保險費,金錢,新竹市東區三****,,否,,,,,,,
110,謝福弘,111年苗栗縣縣長選舉,首次申報,1110921,宣傳支出,自由時報頭份辦事處,25351848,0.00,48000.00,,,,派報費,金錢,苗栗縣頭份鎮****,,否,,,,,,,
111,謝福弘,111年苗栗縣縣長選舉,首次申報,1110921,宣傳支出,玉清文具用品社,66809813,0.00,76000.00,,,,海報費,金錢,苗栗縣苗栗市****,,否,,,,,,,
112,謝福弘,111年苗栗縣縣長選舉,首次申報,1110923,宣傳支出,中華郵政股份有限公司,03741302,0.00,97128.00,,,,郵資,金錢,臺北市大安區****,,否,,,,,,,
113,謝福弘,111年苗栗縣縣長選舉,首次申報,1110923,人事費用支出,昌泰五金行,49691987,0.00,1350.00,,,,擦手紙、衛生紙,金錢,苗栗縣苗栗市****,,否,,,,,,,
114,謝福弘,111年苗栗縣縣長選舉,首次申報,1110926,集會支出,錦有行,19864510,0.00,20800.00,,,,租椅子,金錢,苗栗縣苗栗市****,,否,,,,,,,
115,謝福弘,111年苗栗縣縣長選舉,首次申報,1110926,租用宣傳車輛支出,泰山加油站股份有限公司,28932193,0.00,19968.00,,,,汽油,金錢,苗栗縣後龍鎮****,,否,,,,,,,
116,謝福弘,111年苗栗縣縣長選舉,首次申報,1110926,人事費用支出,台灣產物保險股份有限公司,46617302,0.00,359.00,,,,工作人員保險費,金錢,新竹市東區三****,,否,,,,,,,
117,謝福弘,111年苗栗縣縣長選舉,首次申報,1110926,集會支出,百佳泉股份有限公司,89493040,0.00,60000.00,,,,CC包裝飲用水,金錢,南投縣埔里鎮****,,否,,,,,,,
118,謝福弘,111年苗栗縣縣長選舉,首次申報,1110927,雜支支出,卡羅企業社,13353293,0.00,5087.00,,,,影印費,金錢,苗栗縣苗栗市****,,否,,,,,,,
119,謝福弘,111年苗栗縣縣長選舉,首次申報,1110927,返還捐贈支出,嘉德技術開發股份有限公司,22663404,0.00,100000.00,,,,返還,金錢,臺北市中山區****,,否,,,,,,,
120,謝福弘,111年苗栗縣縣長選舉,首次申報,1110927,宣傳支出,富景應用材料有限公司,53716721,0.00,360000.00,,,,口罩(三入一袋),金錢,桃園市龜山區****,,否,,,,,,,
121,謝福弘,111年苗栗縣縣長選舉,首次申報,1110927,返還捐贈支出,天浚國際有限公司,58019914,0.00,100000.00,,,,返還,金錢,苗栗縣頭份鎮****,,否,,,,,,,
122,謝福弘,111年苗栗縣縣長選舉,首次申報,1110927,返還捐贈支出,采縈開發建設有限公司,82914637,0.00,100000.00,,,,返還,金錢,臺中市南屯區****,,否,,,,,,,
123,謝福弘,111年苗栗縣縣長選舉,首次申報,1110928,集會支出,冠閣有限公司,16428959,0.00,120000.00,,,,飲用水,金錢,桃園市桃園區****,,否,,,,,,,
124,謝福弘,111年苗栗縣縣長選舉,首次申報,1110930,租用宣傳車輛支出,億鴻國際企業社,94935101,0.00,60000.00,,,,租借車輛損耗費,金錢,苗栗縣苗栗市****,,否,,,,,,,
125,謝福弘,111年苗栗縣縣長選舉,首次申報,1110930,人事費用支出,蕭斯鵬,K10*******,0.00,26000.00,,,,工資或薪津,金錢,苗栗縣頭份市****,,否,,,,,,,
126,謝福弘,111年苗栗縣縣長選舉,首次申報,1110930,人事費用支出,李宏榮,K12*******,0.00,26000.00,,,,工資或薪津,金錢,苗栗縣南庄鄉****,,否,,,,,,,
127,謝福弘,111年苗栗縣縣長選舉,首次申報,1110930,人事費用支出,吳世垣,K12*******,0.00,26000.00,,,,工資或薪津,金錢,苗栗縣公館鄉****,,否,,,,,,,
128,謝福弘,111年苗栗縣縣長選舉,首次申報,1110930,人事費用支出,楊君祥,K12*******,0.00,26000.00,,,,工資或薪津,金錢,苗栗縣苗栗市****,,否,,,,,,,
129,謝福弘,111年苗栗縣縣長選舉,首次申報,1110930,人事費用支出,楊玉明,K12*******,0.00,26000.00,,,,工資或薪津,金錢,苗栗縣苗栗市****,,否,,,,,,,
130,謝福弘,111年苗栗縣縣長選舉,首次申報,1110930,人事費用支出,謝廷祥,K12*******,0.00,26000.00,,,,工資或薪津,金錢,苗栗縣苗栗市****,,否,,,,,,,
131,謝福弘,111年苗栗縣縣長選舉,首次申報,1110930,人事費用支出,余建辰,K12*******,0.00,26000.00,,,,工資或薪津,金錢,苗栗縣銅鑼鄉****,,否,,,,,,,
132,謝福弘,111年苗栗縣縣長選舉,首次申報,1110930,人事費用支出,何兆勳,K12*******,0.00,26000.00,,,,工資或薪津,金錢,苗栗縣苗栗市****,,否,,,,,,,
133,謝福弘,111年苗栗縣縣長選舉,首次申報,1110930,人事費用支出,楊運金,K12*******,0.00,66000.00,,,,工資或薪津,金錢,苗栗縣苗栗市****,,否,,,,,,,
134,謝福弘,111年苗栗縣縣長選舉,首次申報,1110930,人事費用支出,林尚緯,K12*******,0.00,26000.00,,,,工資或薪津,金錢,苗栗縣竹南鎮****,,否,,,,,,,
135,謝福弘,111年苗栗縣縣長選舉,首次申報,1110930,人事費用支出,鍾智倢,K12*******,0.00,26000.00,,,,工資或薪津,金錢,苗栗縣苗栗市****,,否,,,,,,,
136,謝福弘,111年苗栗縣縣長選舉,首次申報,1110930,人事費用支出,羅鈞,K12*******,0.00,26000.00,,,,工資或薪津,金錢,苗栗縣公館鄉****,,否,,,,,,,
137,謝福弘,111年苗栗縣縣長選舉,首次申報,1110930,人事費用支出,邱月英,K20*******,0.00,26000.00,,,,工資或薪津,金錢,苗栗縣公館鄉****,,否,,,,,,,
138,謝福弘,111年苗栗縣縣長選舉,首次申報,1110930,人事費用支出,何怡玟,K22*******,0.00,29000.00,,,,工資或薪津,金錢,苗栗縣苗栗市****,,否,,,,,,,
139,謝福弘,111年苗栗縣縣長選舉,首次申報,1110930,人事費用支出,劉如君,K22*******,0.00,26000.00,,,,工資或薪津,金錢,苗栗縣苗栗市****,,否,,,,,,,
140,謝福弘,111年苗栗縣縣長選舉,首次申報,1110930,人事費用支出,湯育欣,K22*******,0.00,10000.00,,,,工資或薪津,金錢,苗栗縣苗栗市****,,否,,,,,,,
141,謝福弘,111年苗栗縣縣長選舉,首次申報,1110930,人事費用支出,賴美蓮,K22*******,0.00,26000.00,,,,工資或薪津,金錢,苗栗縣苗栗市****,,否,,,,,,,
142,謝福弘,111年苗栗縣縣長選舉,首次申報,1110930,人事費用支出,徐楓雅,K22*******,0.00,26000.00,,,,工資或薪津,金錢,苗栗縣銅鑼鄉****,,否,,,,,,,
143,謝福弘,111年苗栗縣縣長選舉,首次申報,1110930,人事費用支出,黃幸娟,K22*******,0.00,26000.00,,,,工資或薪津,金錢,苗栗縣苗栗市****,,否,,,,,,,
144,謝福弘,111年苗栗縣縣長選舉,首次申報,1110930,人事費用支出,江玉華,K22*******,0.00,26000.00,,,,工資或薪津,金錢,苗栗縣造橋鄉****,,否,,,,,,,
145,謝福弘,111年苗栗縣縣長選舉,首次申報,1110930,人事費用支出,劉庭羽,K22*******,0.00,26000.00,,,,工資或薪津,金錢,苗栗縣苗栗市****,,否,,,,,,,
146,謝福弘,111年苗栗縣縣長選舉,首次申報,1110930,人事費用支出,蔡雅亘,Q22*******,0.00,26000.00,,,,工資或薪津,金錢,苗栗縣苗栗市****,,否,,,,,,,
147,謝福弘,111年苗栗縣縣長選舉,首次申報,1111001,宣傳支出,紘宇多媒體企業有限公司,28821653,0.00,108500.00,,,,廣告費,金錢,苗栗縣竹南鎮****,,否,,,,,,,
148,謝福弘,111年苗栗縣縣長選舉,首次申報,1111001,宣傳支出,紘宇多媒體企業有限公司,28821653,0.00,147000.00,,,,廣告費,金錢,苗栗縣竹南鎮****,,否,,,,,,,
149,謝福弘,111年苗栗縣縣長選舉,首次申報,1111005,宣傳支出,玉清文具用品社,66809813,0.00,29400.00,,,,海報,金錢,苗栗縣苗栗市****,,否,,,,,,,
150,謝福弘,111年苗栗縣縣長選舉,首次申報,1111005,宣傳支出,玉清文具用品社,66809813,0.00,4200.00,,,,總部成立大會請柬,金錢,苗栗縣苗栗市****,,否,,,,,,,
151,謝福弘,111年苗栗縣縣長選舉,首次申報,1111005,宣傳支出,東發生物科技製藥股份有限公司,90771984,0.00,68000.00,,,,肌樂一條根舒緩貼布,金錢,屏東縣屏東市****,,否,,,,,,,
152,謝福弘,111年苗栗縣縣長選舉,首次申報,1111006,人事費用支出,臺灣產物保險股份有限公司,46617302,0.00,642.00,,,,工作人員保險費,金錢,新竹市東區三****,,否,,,,,,,
153,謝福弘,111年苗栗縣縣長選舉,首次申報,1111006,人事費用支出,旺旺友聯產物保險股份有限公司新竹分公司,70825060,0.00,5000.00,,,,公共意外險保險費,金錢,新竹市東區綠****,,否,,,,,,,
154,謝福弘,111年苗栗縣縣長選舉,首次申報,1111006,宣傳支出,詰富電子廠股份有限公司,79992341,0.00,60010.00,,,,擴大機及喇叭,金錢,臺中市西屯區****,,否,,,,,,,
155,謝福弘,111年苗栗縣縣長選舉,首次申報,1111006,雜支支出,中華電信股份有限公司,88813354,0.00,8695.00,,,,月份電話費,金錢,苗栗縣苗栗市****,,否,,,,,,,
156,謝福弘,111年苗栗縣縣長選舉,首次申報,1111007,集會支出,冠閣有限公司,16428959,0.00,120000.00,,,,飲用水,金錢,桃園市桃園區****,,否,,,,,,,
157,謝福弘,111年苗栗縣縣長選舉,首次申報,1111007,宣傳支出,武威行,19203602,0.00,90300.00,,,,文宣、邀請函,金錢,苗栗縣苗栗市****,,否,,,,,,,
158,謝福弘,111年苗栗縣縣長選舉,首次申報,1111007,租用宣傳車輛支出,泰由加油站股份有限公司,28932193,0.00,10853.00,,,,汽油,金錢,苗栗縣後龍鎮****,,否,,,,,,,
159,謝福弘,111年苗栗縣縣長選舉,首次申報,1111007,宣傳支出,玉清文具用品社,66809813,0.00,76000.00,,,,海報,金錢,苗栗縣苗栗市****,,否,,,,,,,
160,謝福弘,111年苗栗縣縣長選舉,首次申報,1111008,宣傳支出,順立印刷,09258472,0.00,80000.00,,,,便條紙,金錢,苗栗縣後龍鎮****,,否,,,,,,,
161,謝福弘,111年苗栗縣縣長選舉,首次申報,1111009,雜支支出,燦坤實業股份有限公司苗栗分公司,70774386,0.00,2152.00,,,,隨身碟,金錢,苗栗縣苗栗市****,,否,,,,,,,
162,謝福弘,111年苗栗縣縣長選舉,首次申報,1111010,雜支支出,振宇五金股份有限公司苗栗民族分公司,42678968,0.00,299.00,,,,五金用品,金錢,苗栗縣苗栗市****,,否,,,,,,,
163,謝福弘,111年苗栗縣縣長選舉,首次申報,1111011,雜支支出,萬花箇書局,99866413,0.00,205.00,,,,文具,金錢,苗栗縣苗栗市****,,否,,,,,,,
164,謝福弘,111年苗栗縣縣長選舉,首次申報,1111013,租用宣傳車輛支出,台灣中油股份有限公司油品行銷事業部竹苗營業處中華路加油站,66803058,0.00,18431.00,,,,汽油,金錢,苗栗縣苗栗市****,,否,,,,,,,
165,謝福弘,111年苗栗縣縣長選舉,首次申報,1111013,租用宣傳車輛支出,駿達汽車企業社,72467194,0.00,7350.00,,,,車輛維修,金錢,苗栗縣銅鑼鄉****,,否,,,,,,,
166,謝福弘,111年苗栗縣縣長選舉,首次申報,1111013,宣傳支出,東發生物科技製藥股份有限公司,90771984,0.00,92000.00,,,,肌樂一條根舒緩貼布,金錢,屏東縣屏東市****,,否,,,,,,,
167,謝福弘,111年苗栗縣縣長選舉,首次申報,1111014,雜支支出,永發工程行,25214423,0.00,31000.00,,,,總部前掛國旗材料加工資,金錢,苗栗縣苗栗市****,,否,,,,,,,
168,謝福弘,111年苗栗縣縣長選舉,首次申報,1111016,租用宣傳車輛支出,台灣中油股份有限公司油品行銷事業部竹苗營業處中華路加油站,66803058,0.00,5530.00,,,,汽油,金錢,苗栗縣苗栗市****,,否,,,,,,,
169,謝福弘,111年苗栗縣縣長選舉,首次申報,1111017,租用宣傳車輛支出,吳盛國,K10*******,0.00,69000.00,,,,雇用宣傳車輛駕駛費用,金錢,苗栗縣大湖鄉****,,否,,,,,,,
170,謝福弘,111年苗栗縣縣長選舉,首次申報,1111019,雜支支出,永松電機行,66820850,0.00,27100.00,,,,水電材料,金錢,苗栗縣苗栗市****,,否,,,,,,,
171,謝福弘,111年苗栗縣縣長選舉,首次申報,1111029,宣傳支出,自由時報頭份辦事處,25351848,0.00,44800.00,,,,派報費,金錢,苗栗縣頭份鎮****,,否,,,,,,,
172,謝福弘,111年苗栗縣縣長選舉,首次申報,1111031,租用宣傳車輛支出,台灣中油股份有限公司油品行銷事業部竹苗營業處中華路加油站,66803058,0.00,24577.00,,,,汽油,金錢,苗栗縣苗栗市****,,否,,,,,,,
173,謝福弘,111年苗栗縣縣長選舉,首次申報,1111031,租用宣傳車輛支出,億鴻國際企業社,94935101,0.00,62000.00,,,,租借車輛損耗費,金錢,苗栗縣苗栗市****,,否,,,,,,,
174,謝福弘,111年苗栗縣縣長選舉,首次申報,1111101,集會支出,冠閣有限公司,16428959,0.00,60000.00,,,,餐飲費用飲用水只,金錢,桃園市桃園區****,,否,,,,,,,
175,謝福弘,111年苗栗縣縣長選舉,首次申報,1111101,宣傳支出,紘宇多媒體企業有限公司,28821653,0.00,277200.00,,,,廣告費,金錢,苗栗縣竹南鎮****,,否,,,,,,,
176,謝福弘,111年苗栗縣縣長選舉,首次申報,1111101,租用宣傳車輛支出,彭國和,A10*******,0.00,28000.00,,,,雇用宣傳車輛駕駛費用,金錢,苗栗縣銅鑼鄉****,,否,,,,,,,
177,謝福弘,111年苗栗縣縣長選舉,首次申報,1111101,租用宣傳車輛支出,陳秋芬,H22*******,0.00,28000.00,,,,雇用宣傳車輛駕駛費用,金錢,苗栗縣苑裡鎮****,,否,,,,,,,
178,謝福弘,111年苗栗縣縣長選舉,首次申報,1111101,人事費用支出,蕭斯鵬,K10*******,0.00,26000.00,,,,工資或薪津,金錢,苗栗縣頭份市****,,否,,,,,,,
179,謝福弘,111年苗栗縣縣長選舉,首次申報,1111101,租用宣傳車輛支出,徐文保,K10*******,0.00,28000.00,,,,雇用宣傳車輛駕駛費用,金錢,苗栗縣大湖鄉****,,否,,,,,,,
180,謝福弘,111年苗栗縣縣長選舉,首次申報,1111101,租用宣傳車輛支出,林鴻坤,K10*******,0.00,28000.00,,,,雇用宣傳車輛駕駛費用,金錢,苗栗縣卓蘭鎮****,,否,,,,,,,
181,謝福弘,111年苗栗縣縣長選舉,首次申報,1111101,租用宣傳車輛支出,洪漢榮,K10*******,0.00,28000.00,,,,雇用宣傳車輛駕駛費用,金錢,苗栗縣通霄鎮****,,否,,,,,,,
182,謝福弘,111年苗栗縣縣長選舉,首次申報,1111101,租用宣傳車輛支出,吳盛國,K10*******,0.00,34400.00,,,,雇用宣傳車輛駕駛費用,金錢,苗栗縣大湖鄉****,,否,,,,,,,
183,謝福弘,111年苗栗縣縣長選舉,首次申報,1111101,人事費用支出,張世杰,K12*******,0.00,26000.00,,,,工資或薪津,金錢,苗栗縣苗栗市****,,否,,,,,,,
184,謝福弘,111年苗栗縣縣長選舉,首次申報,1111101,租用宣傳車輛支出,楊運金,K12*******,0.00,6000.00,,,,雇用宣傳車輛駕駛費用,金錢,苗栗縣苗栗市****,,否,,,,,,,
185,謝福弘,111年苗栗縣縣長選舉,首次申報,1111101,人事費用支出,羅鈞,K12*******,0.00,26000.00,,,,工資或薪津,金錢,苗栗縣公館鄉****,,否,,,,,,,
186,謝福弘,111年苗栗縣縣長選舉,首次申報,1111101,人事費用支出,楊君祥,K12*******,0.00,26000.00,,,,工資或薪津,金錢,苗栗縣苗栗市****,,否,,,,,,,
187,謝福弘,111年苗栗縣縣長選舉,首次申報,1111101,租用宣傳車輛支出,陳志明,K12*******,0.00,28000.00,,,,雇用宣傳車輛駕駛費用,金錢,苗栗縣後龍鎮****,,否,,,,,,,
188,謝福弘,111年苗栗縣縣長選舉,首次申報,1111101,租用宣傳車輛支出,張勝恭,K12*******,0.00,28000.00,,,,雇用宣傳車輛駕駛費用,金錢,苗栗縣後龍鎮****,,否,,,,,,,
189,謝福弘,111年苗栗縣縣長選舉,首次申報,1111101,人事費用支出,楊玉明,K12*******,0.00,26000.00,,,,工資或薪津,金錢,苗栗縣苗栗市****,,否,,,,,,,
190,謝福弘,111年苗栗縣縣長選舉,首次申報,1111101,租用宣傳車輛支出,王萬順,K12*******,0.00,28000.00,,,,雇用宣傳車輛駕駛費用,金錢,苗栗縣造橋鄉****,,否,,,,,,,
191,謝福弘,111年苗栗縣縣長選舉,首次申報,1111101,租用宣傳車輛支出,柯清朝,K12*******,0.00,28000.00,,,,雇用宣傳車輛駕駛費用,金錢,苗栗縣泰安鄉****,,否,,,,,,,
192,謝福弘,111年苗栗縣縣長選舉,首次申報,1111101,人事費用支出,謝廷祥,K12*******,0.00,26000.00,,,,工資或薪津,金錢,苗栗縣苗栗市****,,否,,,,,,,
193,謝福弘,111年苗栗縣縣長選舉,首次申報,1111101,人事費用支出,何兆勳,K12*******,0.00,26000.00,,,,工資或薪津,金錢,苗栗縣苗栗市****,,否,,,,,,,
194,謝福弘,111年苗栗縣縣長選舉,首次申報,1111101,人事費用支出,余建辰,K12*******,0.00,26000.00,,,,工資或薪津,金錢,苗栗縣銅鑼鄉****,,否,,,,,,,
195,謝福弘,111年苗栗縣縣長選舉,首次申報,1111101,人事費用支出,楊運金,K12*******,0.00,66000.00,,,,工資或薪津,金錢,苗栗縣苗栗市****,,否,,,,,,,
196,謝福弘,111年苗栗縣縣長選舉,首次申報,1111101,租用宣傳車輛支出,黃貴榮,K12*******,0.00,28000.00,,,,雇用宣傳車輛駕駛費用,金錢,苗栗縣獅潭鄉****,,否,,,,,,,
197,謝福弘,111年苗栗縣縣長選舉,首次申報,1111101,租用宣傳車輛支出,吳聲宏,K12*******,0.00,28000.00,,,,雇用宣傳車輛駕駛費用,金錢,苗栗縣三義鄉****,,否,,,,,,,
198,謝福弘,111年苗栗縣縣長選舉,首次申報,1111101,租用宣傳車輛支出,賴煜泉,K12*******,0.00,28000.00,,,,雇用宣傳車輛駕駛費用,金錢,苗栗縣銅鑼鄉****,,否,,,,,,,
199,謝福弘,111年苗栗縣縣長選舉,首次申報,1111101,人事費用支出,李宏榮,K12*******,0.00,26000.00,,,,工資或薪津,金錢,苗栗縣南庄鄉****,,否,,,,,,,
200,謝福弘,111年苗栗縣縣長選舉,首次申報,1111101,人事費用支出,吳世垣,K12*******,0.00,26000.00,,,,工資或薪津,金錢,苗栗縣公館鄉****,,否,,,,,,,
201,謝福弘,111年苗栗縣縣長選舉,首次申報,1111101,租用宣傳車輛支出,蕭仕昇,K12*******,0.00,28000.00,,,,雇用宣傳車輛駕駛費用,金錢,苗栗縣西湖鄉****,,否,,,,,,,
202,謝福弘,111年苗栗縣縣長選舉,首次申報,1111101,租用宣傳車輛支出,李家驊,K12*******,0.00,28000.00,,,,雇用宣傳車輛駕駛費用,金錢,苗栗縣苑裡鎮****,,否,,,,,,,
203,謝福弘,111年苗栗縣縣長選舉,首次申報,1111101,人事費用支出,邱月英,K20*******,0.00,26000.00,,,,工資或薪津,金錢,苗栗縣公館鄉****,,否,,,,,,,
204,謝福弘,111年苗栗縣縣長選舉,首次申報,1111101,租用宣傳車輛支出,林月瑩,K22*******,0.00,37200.00,,,,雇用宣傳車輛駕駛費用,金錢,苗栗縣通霄鎮****,,否,,,,,,,
205,謝福弘,111年苗栗縣縣長選舉,首次申報,1111101,人事費用支出,湯育欣,K22*******,0.00,18000.00,,,,工資或薪津,金錢,苗栗縣苗栗市****,,否,,,,,,,
206,謝福弘,111年苗栗縣縣長選舉,首次申報,1111101,人事費用支出,徐楓雅,K22*******,0.00,26000.00,,,,工資或薪津,金錢,苗栗縣銅鑼鄉****,,否,,,,,,,
207,謝福弘,111年苗栗縣縣長選舉,首次申報,1111101,人事費用支出,賴美蓮,K22*******,0.00,10000.00,,,,工資或薪津,金錢,苗栗縣苗栗市****,,否,,,,,,,
208,謝福弘,111年苗栗縣縣長選舉,首次申報,1111101,人事費用支出,劉如君,K22*******,0.00,26000.00,,,,工資或薪津,金錢,苗栗縣苗栗市****,,否,,,,,,,
209,謝福弘,111年苗栗縣縣長選舉,首次申報,1111101,人事費用支出,何怡玟,K22*******,0.00,26000.00,,,,工資或薪津,金錢,苗栗縣苗栗市****,,否,,,,,,,
210,謝福弘,111年苗栗縣縣長選舉,首次申報,1111101,人事費用支出,黃幸娟,K22*******,0.00,26000.00,,,,工資或薪津,金錢,苗栗縣苗栗市****,,否,,,,,,,
211,謝福弘,111年苗栗縣縣長選舉,首次申報,1111101,人事費用支出,劉庭羽,K22*******,0.00,26000.00,,,,工資或薪津,金錢,苗栗縣苗栗市****,,否,,,,,,,
212,謝福弘,111年苗栗縣縣長選舉,首次申報,1111101,人事費用支出,江玉華,K22*******,0.00,26000.00,,,,工資或薪津,金錢,苗栗縣造橋鄉****,,否,,,,,,,
213,謝福弘,111年苗栗縣縣長選舉,首次申報,1111101,人事費用支出,蔡雅亘,Q22*******,0.00,26000.00,,,,工資或薪津,金錢,苗栗縣苗栗市****,,否,,,,,,,
214,謝福弘,111年苗栗縣縣長選舉,首次申報,1111101,租用宣傳車輛支出,涂熀潭,V12*******,0.00,28000.00,,,,雇用宣傳車輛駕駛費用,金錢,苗栗縣苗栗市****,,否,,,,,,,
215,謝福弘,111年苗栗縣縣長選舉,首次申報,1111103,雜支支出,中華電信股份有限公司,88813354,0.00,2994.00,,,,月份電話費,金錢,苗栗縣苗栗市****,,否,,,,,,,
216,謝福弘,111年苗栗縣縣長選舉,首次申報,1111107,宣傳支出,武威行,19203602,0.00,113680.00,,,,民調文宣,金錢,苗栗縣苗栗市****,,否,,,,,,,
217,謝福弘,111年苗栗縣縣長選舉,首次申報,1111110,宣傳支出,鼎泰實業,45257032,0.00,200000.00,,,,廣告費,金錢,苗栗縣苗栗市****,,否,,,,,,,
218,謝福弘,111年苗栗縣縣長選舉,首次申報,1111110,租用宣傳車輛支出,國君電器行,49815805,0.00,6000.00,,,,維修宣傳車輛費用,金錢,苗栗縣苗栗市****,,否,,,,,,,
219,謝福弘,111年苗栗縣縣長選舉,首次申報,1111110,宣傳支出,玉清文具用品社,66809813,0.00,900.00,,,,製作競選物品或宣傳廣告費用（DM）,金錢,苗栗縣苗栗市****,,否,,,,,,,
220,謝福弘,111年苗栗縣縣長選舉,首次申報,1111110,雜支支出,中華電信股份有限公司,88813354,0.00,4334.00,,,,月份電話費,金錢,苗栗縣苗栗市****,,否,,,,,,,
221,謝福弘,111年苗栗縣縣長選舉,首次申報,1111111,租用宣傳車輛支出,和源加油站,16987685,0.00,16247.00,,,,宣傳車輛燃料費用,金錢,苗栗縣頭屋鄉****,,否,,,,,,,
222,謝福弘,111年苗栗縣縣長選舉,首次申報,1111111,宣傳支出,伊士曼廣告油漆工程行,49093069,0.00,109200.00,,,,租用廣告看板或車體廣告費用,金錢,苗栗縣苗栗市****,,否,,,,,,,
223,謝福弘,111年苗栗縣縣長選舉,首次申報,1111111,租用宣傳車輛支出,駿達汽車企業社,72467194,0.00,7350.00,,,,維修宣傳車輛費用,金錢,苗栗縣銅鑼鄉****,,否,,,,,,,
224,謝福弘,111年苗栗縣縣長選舉,首次申報,1111111,租用宣傳車輛支出,彭國和,A10*******,0.00,28000.00,,,,雇用宣傳車輛駕駛費用,金錢,苗栗縣銅鑼鄉****,,否,,,,,,,
225,謝福弘,111年苗栗縣縣長選舉,首次申報,1111111,租用宣傳車輛支出,陳秋芬,H22*******,0.00,28000.00,,,,雇用宣傳車輛駕駛費用,金錢,苗栗縣苑裡鎮****,,否,,,,,,,
226,謝福弘,111年苗栗縣縣長選舉,首次申報,1111111,租用宣傳車輛支出,徐文保,K10*******,0.00,28000.00,,,,雇用宣傳車輛駕駛費用,金錢,苗栗縣大湖鄉****,,否,,,,,,,
227,謝福弘,111年苗栗縣縣長選舉,首次申報,1111111,租用宣傳車輛支出,林鴻坤,K10*******,0.00,28000.00,,,,雇用宣傳車輛駕駛費用,金錢,苗栗縣卓蘭鎮****,,否,,,,,,,
228,謝福弘,111年苗栗縣縣長選舉,首次申報,1111111,租用宣傳車輛支出,洪漢榮,K10*******,0.00,28000.00,,,,雇用宣傳車輛駕駛費用,金錢,苗栗縣通霄鎮****,,否,,,,,,,
229,謝福弘,111年苗栗縣縣長選舉,首次申報,1111111,租用宣傳車輛支出,吳盛國,K10*******,0.00,28000.00,,,,雇用宣傳車輛駕駛費用,金錢,苗栗縣大湖鄉****,,否,,,,,,,
230,謝福弘,111年苗栗縣縣長選舉,首次申報,1111111,租用宣傳車輛支出,陳志明,K12*******,0.00,28000.00,,,,雇用宣傳車輛駕駛費用,金錢,苗栗縣後龍鎮****,,否,,,,,,,
231,謝福弘,111年苗栗縣縣長選舉,首次申報,1111111,租用宣傳車輛支出,王萬順,K12*******,0.00,28000.00,,,,雇用宣傳車輛駕駛費用,金錢,苗栗縣造橋鄉****,,否,,,,,,,
232,謝福弘,111年苗栗縣縣長選舉,首次申報,1111111,租用宣傳車輛支出,張勝恭,K12*******,0.00,28000.00,,,,雇用宣傳車輛駕駛費用,金錢,苗栗縣後龍鎮****,,否,,,,,,,
233,謝福弘,111年苗栗縣縣長選舉,首次申報,1111111,租用宣傳車輛支出,柯清朝,K12*******,0.00,28000.00,,,,雇用宣傳車輛駕駛費用,金錢,苗栗縣泰安鄉****,,否,,,,,,,
234,謝福弘,111年苗栗縣縣長選舉,首次申報,1111111,租用宣傳車輛支出,黃貴榮,K12*******,0.00,28000.00,,,,雇用宣傳車輛駕駛費用,金錢,苗栗縣獅潭鄉****,,否,,,,,,,
235,謝福弘,111年苗栗縣縣長選舉,首次申報,1111111,租用宣傳車輛支出,吳聲宏,K12*******,0.00,28000.00,,,,雇用宣傳車輛駕駛費用,金錢,苗栗縣三義鄉****,,否,,,,,,,
236,謝福弘,111年苗栗縣縣長選舉,首次申報,1111111,租用宣傳車輛支出,賴煜泉,K12*******,0.00,28000.00,,,,雇用宣傳車輛駕駛費用,金錢,苗栗縣銅鑼鄉****,,否,,,,,,,
237,謝福弘,111年苗栗縣縣長選舉,首次申報,1111111,租用宣傳車輛支出,蕭仕昇,K12*******,0.00,28000.00,,,,雇用宣傳車輛駕駛費用,金錢,苗栗縣西湖鄉****,,否,,,,,,,
238,謝福弘,111年苗栗縣縣長選舉,首次申報,1111111,租用宣傳車輛支出,李家驊,K12*******,0.00,28000.00,,,,雇用宣傳車輛駕駛費用,金錢,苗栗縣苑裡鎮****,,否,,,,,,,
239,謝福弘,111年苗栗縣縣長選舉,首次申報,1111111,租用宣傳車輛支出,林月瑩,K22*******,0.00,28000.00,,,,雇用宣傳車輛駕駛費用,金錢,苗栗縣通霄鎮****,,否,,,,,,,
240,謝福弘,111年苗栗縣縣長選舉,首次申報,1111111,租用宣傳車輛支出,涂熀潭,V12*******,0.00,28000.00,,,,雇用宣傳車輛駕駛費用,金錢,苗栗縣苗栗市****,,否,,,,,,,
241,謝福弘,111年苗栗縣縣長選舉,首次申報,1111112,集會支出,苗栗汽車客運股份有限公司,50143806,0.00,28000.00,,,,車資台,金錢,苗栗縣頭份市****,,否,,,,,,,
242,謝福弘,111年苗栗縣縣長選舉,首次申報,1111115,宣傳支出,財團法人苗栗客家文化廣播電台,17705306,0.00,20000.00,,,,播放、傳送或刊登宣傳廣告費用,金錢,苗栗縣苗栗市****,,否,,,,,,,
243,謝福弘,111年苗栗縣縣長選舉,首次申報,1111115,宣傳支出,天聲廣播股份有限公司,49501348,0.00,22500.00,,,,播放、傳送或刊登宣傳廣告費用,金錢,苗栗縣竹南鎮****,,否,,,,,,,
244,謝福弘,111年苗栗縣縣長選舉,首次申報,1111115,宣傳支出,安順創意行銷工坊,88147710,0.00,45000.00,,,,播放、傳送或刊登宣傳廣告費用,金錢,新北市中和區****,,否,,,,,,,
245,謝福弘,111年苗栗縣縣長選舉,首次申報,1111116,宣傳支出,福可司行銷企劃股份有限公司,90135985,0.00,1000000.00,,,,文宣廣告設計費,金錢,臺北市中山區****,,否,,,,,,,
246,謝福弘,111年苗栗縣縣長選舉,首次申報,1111117,租用宣傳車輛支出,祥毅汽車,21824584,0.00,13400.00,,,,維修宣傳車輛費用,金錢,苗栗縣苗栗市****,,否,,,,,,,
247,謝福弘,111年苗栗縣縣長選舉,首次申報,1111117,租用宣傳車輛支出,台灣中油,66803058,0.00,10882.00,,,,宣傳車輛燃料費用,金錢,苗栗縣苗栗市****,,否,,,,,,,
248,謝福弘,111年苗栗縣縣長選舉,首次申報,1111119,宣傳支出,自由時報頭份辦事處,25351848,0.00,48000.00,,,,夾報,金錢,苗栗縣頭份市****,,否,,,,,,,
249,謝福弘,111年苗栗縣縣長選舉,首次申報,1111121,租用宣傳車輛支出,彭國和,A10*******,0.00,28000.00,,,,雇用宣傳車輛駕駛費用,金錢,苗栗縣銅鑼鄉****,,否,,,,,,,
250,謝福弘,111年苗栗縣縣長選舉,首次申報,1111121,租用宣傳車輛支出,陳秋芬,H22*******,0.00,28000.00,,,,雇用宣傳車輛駕駛費用,金錢,苗栗縣苑裡鎮****,,否,,,,,,,
251,謝福弘,111年苗栗縣縣長選舉,首次申報,1111121,租用宣傳車輛支出,林鴻坤,K10*******,0.00,28000.00,,,,雇用宣傳車輛駕駛費用,金錢,苗栗縣卓蘭鎮****,,否,,,,,,,
252,謝福弘,111年苗栗縣縣長選舉,首次申報,1111121,租用宣傳車輛支出,徐文保,K10*******,0.00,28000.00,,,,雇用宣傳車輛駕駛費用,金錢,苗栗縣大湖鄉****,,否,,,,,,,
253,謝福弘,111年苗栗縣縣長選舉,首次申報,1111121,租用宣傳車輛支出,洪漢榮,K10*******,0.00,28000.00,,,,雇用宣傳車輛駕駛費用,金錢,苗栗縣通霄鎮****,,否,,,,,,,
254,謝福弘,111年苗栗縣縣長選舉,首次申報,1111121,租用宣傳車輛支出,吳盛國,K10*******,0.00,28000.00,,,,雇用宣傳車輛駕駛費用,金錢,苗栗縣大湖鄉****,,否,,,,,,,
255,謝福弘,111年苗栗縣縣長選舉,首次申報,1111121,租用宣傳車輛支出,張勝恭,K12*******,0.00,28000.00,,,,雇用宣傳車輛駕駛費用,金錢,苗栗縣後龍鎮****,,否,,,,,,,
256,謝福弘,111年苗栗縣縣長選舉,首次申報,1111121,租用宣傳車輛支出,王萬順,K12*******,0.00,28000.00,,,,雇用宣傳車輛駕駛費用,金錢,苗栗縣造橋鄉****,,否,,,,,,,
257,謝福弘,111年苗栗縣縣長選舉,首次申報,1111121,租用宣傳車輛支出,柯清朝,K12*******,0.00,28000.00,,,,雇用宣傳車輛駕駛費用,金錢,苗栗縣泰安鄉****,,否,,,,,,,
258,謝福弘,111年苗栗縣縣長選舉,首次申報,1111121,租用宣傳車輛支出,吳聲宏,K12*******,0.00,28000.00,,,,雇用宣傳車輛駕駛費用,金錢,苗栗縣三義鄉****,,否,,,,,,,
259,謝福弘,111年苗栗縣縣長選舉,首次申報,1111121,租用宣傳車輛支出,賴煜泉,K12*******,0.00,28000.00,,,,雇用宣傳車輛駕駛費用,金錢,苗栗縣銅鑼鄉****,,否,,,,,,,
260,謝福弘,111年苗栗縣縣長選舉,首次申報,1111121,租用宣傳車輛支出,黃貴榮,K12*******,0.00,28000.00,,,,雇用宣傳車輛駕駛費用,金錢,苗栗縣獅潭鄉****,,否,,,,,,,
261,謝福弘,111年苗栗縣縣長選舉,首次申報,1111121,租用宣傳車輛支出,蕭仕昇,K12*******,0.00,28000.00,,,,雇用宣傳車輛駕駛費用,金錢,苗栗縣西湖鄉****,,否,,,,,,,
262,謝福弘,111年苗栗縣縣長選舉,首次申報,1111121,租用宣傳車輛支出,李家驊,K12*******,0.00,28000.00,,,,雇用宣傳車輛駕駛費用,金錢,苗栗縣苑裡鎮****,,否,,,,,,,
263,謝福弘,111年苗栗縣縣長選舉,首次申報,1111121,租用宣傳車輛支出,林月瑩,K22*******,0.00,28000.00,,,,雇用宣傳車輛駕駛費用,金錢,苗栗縣通霄鎮****,,否,,,,,,,
264,謝福弘,111年苗栗縣縣長選舉,首次申報,1111121,租用宣傳車輛支出,涂熀潭,V12*******,0.00,28000.00,,,,雇用宣傳車輛駕駛費用,金錢,苗栗縣苗栗市****,,否,,,,,,,
265,謝福弘,111年苗栗縣縣長選舉,首次申報,1111123,雜支支出,卡羅企業社,13353293,0.00,6227.00,,,,影印,金錢,苗栗縣苗栗市****,,否,,,,,,,
266,謝福弘,111年苗栗縣縣長選舉,首次申報,1111123,宣傳支出,創藝廣告社,98159284,0.00,17495.00,,,,帆布.大圖輸出,金錢,苗栗縣苗栗市****,,否,,,,,,,
267,謝福弘,111年苗栗縣縣長選舉,首次申報,1111124,集會支出,超群廣告社,21477389,0.00,3000.00,,,,租用設備費用(吊車出租),金錢,苗栗縣苗栗市****,,否,,,,,,,
268,謝福弘,111年苗栗縣縣長選舉,首次申報,1111125,集會支出,三元企業社,09227422,0.00,1800.00,,,,清潔整理費用,金錢,苗栗縣大湖鄉****,,否,,,,,,,
269,謝福弘,111年苗栗縣縣長選舉,首次申報,1111125,集會支出,永昌企業社,09758700,0.00,160000.00,,,,帝王帳篷,金錢,新竹縣湖口鄉****,,否,,,,,,,
270,謝福弘,111年苗栗縣縣長選舉,首次申報,1111125,集會支出,錦有行,19864510,0.00,20000.00,,,,租用椅子,金錢,苗栗縣苗栗市****,,否,,,,,,,
271,謝福弘,111年苗栗縣縣長選舉,首次申報,1111125,集會支出,大愛救護車有限公司,25029882,0.00,3100.00,,,,救護車．護士．耗器材費等,金錢,苗栗縣苗栗市****,,否,,,,,,,
272,謝福弘,111年苗栗縣縣長選舉,首次申報,1111125,集會支出,祥峰衛生行,45564123,0.00,8000.00,,,,租用設備費用,金錢,苗栗縣頭屋鄉****,,否,,,,,,,
273,謝福弘,111年苗栗縣縣長選舉,首次申報,1111125,租用宣傳車輛支出,台灣中油,66803058,0.00,12715.00,,,,宣傳車輛燃料費用,金錢,苗栗縣苗栗市****,,否,,,,,,,
274,謝福弘,111年苗栗縣縣長選舉,首次申報,1111126,宣傳支出,伊士曼廣告油漆工程行,49093069,0.00,7110.00,,,,郵寄競選物品或宣傳廣告費用,金錢,苗栗縣苗栗市****,,否,,,,,,,
275,謝福弘,111年苗栗縣縣長選舉,首次申報,1111127,雜支支出,技鼎國際企業社,88716424,0.00,2000.00,,,,拆除工資,金錢,苗栗縣苗栗市****,,否,,,,,,,
276,謝福弘,111年苗栗縣縣長選舉,首次申報,1111128,租用宣傳車輛支出,億鴻國際企業社,94935101,0.00,56000.00,,,,租借車輛損耗費,金錢,苗栗縣苗栗市****,,否,,,,,,,
277,謝福弘,111年苗栗縣縣長選舉,首次申報,1111128,租用宣傳車輛支出,彭國和,A10*******,0.00,14000.00,,,,雇用宣傳車輛駕駛費用,金錢,苗栗縣銅鑼鄉****,,否,,,,,,,
278,謝福弘,111年苗栗縣縣長選舉,首次申報,1111128,租用宣傳車輛支出,陳秋芬,H22*******,0.00,14000.00,,,,雇用宣傳車輛駕駛費用,金錢,苗栗縣苑裡鎮****,,否,,,,,,,
279,謝福弘,111年苗栗縣縣長選舉,首次申報,1111128,租用宣傳車輛支出,徐文保,K10*******,0.00,14000.00,,,,雇用宣傳車輛駕駛費用,金錢,苗栗縣大湖鄉****,,否,,,,,,,
280,謝福弘,111年苗栗縣縣長選舉,首次申報,1111128,租用宣傳車輛支出,黃貴榮,K10*******,0.00,14000.00,,,,雇用宣傳車輛駕駛費用,金錢,苗栗縣獅潭鄉****,,否,,,,,,,
281,謝福弘,111年苗栗縣縣長選舉,首次申報,1111128,租用宣傳車輛支出,林鴻坤,K10*******,0.00,14000.00,,,,雇用宣傳車輛駕駛費用,金錢,苗栗縣卓蘭鎮****,,否,,,,,,,
282,謝福弘,111年苗栗縣縣長選舉,首次申報,1111128,租用宣傳車輛支出,洪漢榮,K10*******,0.00,14000.00,,,,雇用宣傳車輛駕駛費用,金錢,苗栗縣通霄鎮****,,否,,,,,,,
283,謝福弘,111年苗栗縣縣長選舉,首次申報,1111128,租用宣傳車輛支出,吳盛國,K10*******,0.00,14000.00,,,,雇用宣傳車輛駕駛費用,金錢,苗栗縣大湖鄉****,,否,,,,,,,
284,謝福弘,111年苗栗縣縣長選舉,首次申報,1111128,租用宣傳車輛支出,王萬順,K12*******,0.00,14000.00,,,,雇用宣傳車輛駕駛費用,金錢,苗栗縣造橋鄉****,,否,,,,,,,
285,謝福弘,111年苗栗縣縣長選舉,首次申報,1111128,租用宣傳車輛支出,張勝恭,K12*******,0.00,14000.00,,,,雇用宣傳車輛駕駛費用,金錢,苗栗縣後龍鎮****,,否,,,,,,,
286,謝福弘,111年苗栗縣縣長選舉,首次申報,1111128,租用宣傳車輛支出,柯清朝,K12*******,0.00,14000.00,,,,雇用宣傳車輛駕駛費用,金錢,苗栗縣泰安鄉****,,否,,,,,,,
287,謝福弘,111年苗栗縣縣長選舉,首次申報,1111128,租用宣傳車輛支出,吳聲宏,K12*******,0.00,14000.00,,,,雇用宣傳車輛駕駛費用,金錢,苗栗縣三義鄉****,,否,,,,,,,
288,謝福弘,111年苗栗縣縣長選舉,首次申報,1111128,租用宣傳車輛支出,賴煜泉,K12*******,0.00,14000.00,,,,雇用宣傳車輛駕駛費用,金錢,苗栗縣銅鑼鄉****,,否,,,,,,,
289,謝福弘,111年苗栗縣縣長選舉,首次申報,1111128,租用宣傳車輛支出,蕭仕昇,K12*******,0.00,14000.00,,,,雇用宣傳車輛駕駛費用,金錢,苗栗縣西湖鄉****,,否,,,,,,,
290,謝福弘,111年苗栗縣縣長選舉,首次申報,1111128,租用宣傳車輛支出,李家驊,K12*******,0.00,14000.00,,,,雇用宣傳車輛駕駛費用,金錢,苗栗縣苑裡鎮****,,否,,,,,,,
291,謝福弘,111年苗栗縣縣長選舉,首次申報,1111128,租用宣傳車輛支出,林月瑩,K22*******,0.00,14000.00,,,,雇用宣傳車輛駕駛費用,金錢,苗栗縣通霄鎮****,,否,,,,,,,
292,謝福弘,111年苗栗縣縣長選舉,首次申報,1111128,租用宣傳車輛支出,涂熀潭,V12*******,0.00,14000.00,,,,雇用宣傳車輛駕駛費用,金錢,苗栗縣苗栗市****,,否,,,,,,,
293,謝福弘,111年苗栗縣縣長選舉,首次申報,1111130,人事費用支出,蕭斯鵬,K10*******,0.00,26000.00,,,,工資或薪津,金錢,苗栗縣頭份市****,,否,,,,,,,
294,謝福弘,111年苗栗縣縣長選舉,首次申報,1111130,人事費用支出,李宏榮,K12*******,0.00,26000.00,,,,工資或薪津,金錢,苗栗縣南庄鄉****,,否,,,,,,,
295,謝福弘,111年苗栗縣縣長選舉,首次申報,1111130,人事費用支出,吳世垣,K12*******,0.00,26000.00,,,,工資或薪津,金錢,苗栗縣公館鄉****,,否,,,,,,,
296,謝福弘,111年苗栗縣縣長選舉,首次申報,1111130,人事費用支出,楊玉明,K12*******,0.00,26000.00,,,,工資或薪津,金錢,苗栗縣苗栗市****,,否,,,,,,,
297,謝福弘,111年苗栗縣縣長選舉,首次申報,1111130,人事費用支出,楊君祥,K12*******,0.00,26000.00,,,,工資或薪津,金錢,苗栗縣苗栗市****,,否,,,,,,,
298,謝福弘,111年苗栗縣縣長選舉,首次申報,1111130,人事費用支出,謝廷祥,K12*******,0.00,26000.00,,,,工資或薪津,金錢,苗栗縣苗栗市****,,否,,,,,,,
299,謝福弘,111年苗栗縣縣長選舉,首次申報,1111130,人事費用支出,余建辰,K12*******,0.00,26000.00,,,,工資或薪津,金錢,苗栗縣銅鑼鄉****,,否,,,,,,,
300,謝福弘,111年苗栗縣縣長選舉,首次申報,1111130,人事費用支出,何兆勳,K12*******,0.00,26000.00,,,,工資或薪津,金錢,苗栗縣苗栗市****,,否,,,,,,,
301,謝福弘,111年苗栗縣縣長選舉,首次申報,1111130,人事費用支出,楊運金,K12*******,0.00,66000.00,,,,工資或薪津,金錢,苗栗縣苗栗市****,,否,,,,,,,
302,謝福弘,111年苗栗縣縣長選舉,首次申報,1111130,人事費用支出,張世杰,K12*******,0.00,26000.00,,,,工資或薪津,金錢,苗栗縣苗栗市****,,否,,,,,,,
303,謝福弘,111年苗栗縣縣長選舉,首次申報,1111130,人事費用支出,羅鈞,K12*******,0.00,26000.00,,,,工資或薪津,金錢,苗栗縣公館鄉****,,否,,,,,,,
304,謝福弘,111年苗栗縣縣長選舉,首次申報,1111130,人事費用支出,邱月英,K20*******,0.00,26000.00,,,,工資或薪津,金錢,苗栗縣公館鄉****,,否,,,,,,,
305,謝福弘,111年苗栗縣縣長選舉,首次申報,1111130,人事費用支出,何怡玟,K22*******,0.00,26000.00,,,,工資或薪津,金錢,苗栗縣苗栗市****,,否,,,,,,,
306,謝福弘,111年苗栗縣縣長選舉,首次申報,1111130,人事費用支出,劉如君,K22*******,0.00,26000.00,,,,工資或薪津,金錢,苗栗縣苗栗市****,,否,,,,,,,
307,謝福弘,111年苗栗縣縣長選舉,首次申報,1111130,人事費用支出,黃幸娟,K22*******,0.00,26000.00,,,,工資或薪津,金錢,苗栗縣苗栗市****,,否,,,,,,,
308,謝福弘,111年苗栗縣縣長選舉,首次申報,1111130,人事費用支出,劉庭羽,K22*******,0.00,26000.00,,,,工資或薪津,金錢,苗栗縣苗栗市****,,否,,,,,,,
309,謝福弘,111年苗栗縣縣長選舉,首次申報,1111130,人事費用支出,江玉華,K22*******,0.00,26000.00,,,,工資或薪津,金錢,苗栗縣造橋鄉****,,否,,,,,,,
310,謝福弘,111年苗栗縣縣長選舉,首次申報,1111130,人事費用支出,蔡雅亘,Q22*******,0.00,26000.00,,,,工資或薪津,金錢,苗栗縣苗栗市****,,否,,,,,,,
311,謝福弘,111年苗栗縣縣長選舉,首次申報,1111221,返還捐贈支出,王淑娟,K22*******,0.00,20000.00,,,,返還,金錢,苗栗縣竹南鎮****,,否,,,,,,,
312,謝福弘,111年苗栗縣縣長選舉,首次申報,1111221,返還捐贈支出,王淑娟,K22*******,0.00,20000.00,,,,返還,金錢,苗栗縣竹南鎮****,,否,,,,,,,
313,謝福弘,111年苗栗縣縣長選舉,首次申報,1111221,返還捐贈支出,王淑娟,K22*******,0.00,20000.00,,,,返還,金錢,苗栗縣竹南鎮****,,否,,,,,,,
