﻿序號,擬參選人／政黨,選舉名稱,申報序號／年度,交易日期,收支科目,捐贈者／支出對象,身分證／統一編號,收入金額,支出金額,支出用途,金錢類,地址,聯絡電話,資料更正日期
1,劉秋美,107年縣(市)議員選舉,首次申報,1071014,集會支出,鴻全出租行,37733012,0.00,5400.00,租用設備支出,金錢,臺東縣臺東市****,0893*****,
2,劉秋美,107年縣(市)議員選舉,首次申報,1071015,雜支支出,富珍瓦斯行,37730654,0.00,270.00,水電瓦斯費用,金錢,臺東縣臺東市****,0893*****,
3,劉秋美,107年縣(市)議員選舉,首次申報,1071022,租用宣傳車輛支出,台灣中油股份有限公司油品行銷事業部東區營業處,93039108,0.00,20200.00,宣傳車輛燃料支出,金錢,臺東縣臺東市****,0892*****,
4,劉秋美,107年縣(市)議員選舉,首次申報,1071031,雜支支出,韓味亭韓式料理店,10819331,0.00,1340.00,餐飲費用,金錢,臺東縣臺東市****,0952*****,
5,劉秋美,107年縣(市)議員選舉,首次申報,1071105,雜支支出,儀品屋,40828815,0.00,1800.00,餐飲費用,金錢,臺東縣臺東市****,0893*****,
6,劉秋美,107年縣(市)議員選舉,首次申報,1071107,雜支支出,新生自助餐,78764024,0.00,640.00,餐飲費用,金錢,臺東縣臺東市****,3200*****,
7,劉秋美,107年縣(市)議員選舉,首次申報,1071117,雜支支出,鴻爐鴨庄,78762497,0.00,1340.00,餐飲費用,金錢,臺東縣臺東市****,3253*****,
8,劉秋美,107年縣(市)議員選舉,首次申報,1071118,雜支支出,阿興小吃部,37658317,0.00,1500.00,餐飲費用,金錢,臺東縣臺東市****,0893*****,
9,劉秋美,107年縣(市)議員選舉,首次申報,1071119,雜支支出,客家麵店,14190570,0.00,1350.00,餐飲費用,金錢,臺東縣臺東市****,0893*****,
10,劉秋美,107年縣(市)議員選舉,首次申報,1071120,雜支支出,東之園草袋飯,12074890,0.00,1600.00,餐飲費用,金錢,臺東縣臺東市****,2212*****,
11,劉秋美,107年縣(市)議員選舉,首次申報,1071120,人事費用支出,郭獻東,V10*******,0.00,45000.00,工資或薪津,金錢,臺東縣臺東市****,0916*****,
12,劉秋美,107年縣(市)議員選舉,首次申報,1071122,人事費用支出,陳君育,V10*******,0.00,45000.00,工資或薪津,金錢,臺東縣臺東市****,0963*****,
13,劉秋美,107年縣(市)議員選舉,首次申報,1071123,雜支支出,全國排骨便當店,36867126,0.00,5100.00,餐飲費用,金錢,臺東縣臺東市****,0892*****,
14,劉秋美,107年縣(市)議員選舉,首次申報,1071124,人事費用支出,陳韋均,A12*******,0.00,35000.00,工資或薪津,金錢,臺東縣臺東市****,,
15,劉秋美,107年縣(市)議員選舉,首次申報,1071124,人事費用支出,劉明清,M10*******,0.00,45000.00,工資或薪津,金錢,臺東縣臺東市****,0911*****,
16,劉秋美,107年縣(市)議員選舉,首次申報,1071129,雜支支出,台灣電力公司台東區營業處,93412105,0.00,890.00,水電瓦斯費用,金錢,臺東縣臺東市****,3224*****,
17,劉秋美,107年縣(市)議員選舉,首次申報,1071130,雜支支出,東山煤氣行,93124548,0.00,540.00,水電瓦斯費用,金錢,臺東縣臺東市****,0892*****,
18,劉秋美,107年縣(市)議員選舉,首次申報,1071130,宣傳支出,犇達資訊有限公司,97376734,0.00,95656.00,製作宣傳廣告支出,金錢,臺東縣臺東市****,0932*****,
