﻿序號,擬參選人／政黨,選舉名稱,申報序號／年度,交易日期,收支科目,捐贈者／支出對象,身分證／統一編號,收入金額,支出金額,支出用途,金錢類,地址,聯絡電話,資料更正日期
1,彭新銘,109年立法委員選舉,首次申報,1081206,宣傳支出,西榮電腦排版打字行,88836954,0.00,2400.00,製作競選物品支出（物品名稱-請填寫）紙張文宣DM,金錢,雲林縣斗六市****,05-5*****,
2,彭新銘,109年立法委員選舉,首次申報,1090106,宣傳支出,西榮電腦排版打字行,88836954,0.00,2400.00,製作競選物品支出（物品名稱-請填寫）紙張文宣DM,金錢,雲林縣斗六市****,05-5*****,
3,彭新銘,109年立法委員選舉,首次申報,1090108,宣傳支出,西榮電腦排版打字行,88836954,0.00,30000.00,製作競選物品支出（物品名稱-請填寫）紙張文宣DM,金錢,雲林縣斗六市****,05-5*****,
4,彭新銘,109年立法委員選舉,首次申報,1090109,宣傳支出,莊敬派報社,38788366,0.00,40000.00,雲林縣各鄉鎮派報,金錢,雲林縣斗六市****,,
5,彭新銘,109年立法委員選舉,首次申報,1090109,宣傳支出,西榮電腦排版打字行,88836954,0.00,30000.00,製作競選物品支出（物品名稱-請填寫）紙張文宣DM,金錢,雲林縣斗六市****,05-5*****,
6,彭新銘,109年立法委員選舉,首次申報,1090109,宣傳支出,山海屯青少年之聲廣播(股)公司,89722629,0.00,13000.00,播送、傳送或刊登宣傳廣告支出,金錢,臺中市北屯區****,04-2*****,
7,彭新銘,109年立法委員選舉,首次申報,1090110,宣傳支出,莊敬派報社,38788366,0.00,40000.00,雲林縣各鄉鎮派報,金錢,雲林縣斗六市****,,
8,彭新銘,109年立法委員選舉,首次申報,1090320,返還支出,林郁婕,,0.00,30000.00,返還,金錢,,0972*****,
9,彭新銘,109年立法委員選舉,首次申報,1090325,返還支出,劉孟彰,F12*******,0.00,2000.00,返還,金錢,新北市樹林區****,0931*****,
