﻿序號,擬參選人／政黨,選舉名稱,申報序號／年度,交易日期,收支科目,捐贈者／支出對象,身分證／統一編號,收入金額,支出金額,支出用途,金錢類,地址,聯絡電話,資料更正日期
1,金門高粱黨,,107,1070621,業務費用支出,金門郵局,,0.00,20.00,其他與業務推展有關之費用,金錢,金門縣金城鎮****,,
2,金門高粱黨,,107,1070706,業務費用支出,立榮航空股份有限公司,22958771,0.00,15830.00,其他與業務推展有關之費用,金錢,臺北市長安東****,,
3,金門高粱黨,,107,1070813,業務費用支出,金門郵局,,0.00,20.00,其他與業務推展有關之費用,金錢,金門縣金城鎮****,,
4,金門高粱黨,,107,1070815,業務費用支出,名城事業股份有限公司,84705087,0.00,10000.00,其他與業務推展有關之費用,金錢,金門縣金寧鄉****,,
5,金門高粱黨,,107,1070829,業務費用支出,許永傳,W10*******,0.00,150000.00,租用辦公處所費用,金錢,金門縣金城鎮****,,
6,金門高粱黨,,107,1070829,業務費用支出,金門郵局,,0.00,20.00,其他與業務推展有關之費用,金錢,金門縣金城鎮****,,
7,金門高粱黨,,107,1070920,業務費用支出,金門郵局,,0.00,20.00,其他與業務推展有關之費用,金錢,金門縣金城鎮****,,
8,金門高粱黨,,107,1070928,業務費用支出,金門郵局,,0.00,20.00,其他與業務推展有關之費用,金錢,金門縣金城鎮****,,
9,金門高粱黨,,107,1071004,業務費用支出,名城事業股份有限公司,84705087,0.00,10000.00,其他與業務推展有關之費用,金錢,金門縣金寧鄉****,,
10,金門高粱黨,,107,1071025,業務費用支出,金門郵局,,0.00,20.00,其他與業務推展有關之費用,金錢,金門縣金城鎮****,,
11,金門高粱黨,,107,1071106,業務費用支出,許永傳,W10*******,0.00,12000.00,月租用辦公處所費用,金錢,金門縣金城鎮****,,
12,金門高粱黨,,107,1071115,業務費用支出,名城事業股份有限公司,84705087,0.00,10000.00,其他與業務推展有關之費用,金錢,金門縣金寧鄉****,,
13,金門高粱黨,,107,1071115,業務費用支出,金門郵局,,0.00,20.00,其他與業務推展有關之費用,金錢,金門縣金城鎮****,,
14,金門高粱黨,,107,1071116,業務費用支出,金門日報,77295002,0.00,5000.00,其他與業務推展有關之費用,金錢,金門縣金湖鎮****,0956*****,
15,金門高粱黨,,107,1071120,業務費用支出,金門郵局,,0.00,20.00,其他與業務推展有關之費用,金錢,金門縣金城鎮****,,
16,金門高粱黨,,107,1071122,業務費用支出,名城事業股份有限公司,84705087,0.00,6000.00,其他與業務推展有關之費用,金錢,金門縣金寧鄉****,,
17,金門高粱黨,,107,1071122,業務費用支出,金門日報,77295002,0.00,4000.00,其他與業務推展有關之費用,金錢,金門縣金湖鎮****,,
18,金門高粱黨,,107,1071231,業務費用支出,許永傳,W10*******,0.00,2000.00,租用辦公處所費用,金錢,金門縣金城鎮****,,
