﻿序號,擬參選人／政黨,選舉名稱,申報序號／年度,交易日期,收支科目,捐贈者／支出對象,身分證／統一編號,收入金額,支出金額,支出用途,金錢類,地址,聯絡電話,資料更正日期
1,葉仁創,107年縣(市)議員選舉,首次申報,1070505,雜支支出,埔里鎖印,78117505,0.00,1370.00,文具用品費用,金錢,南投縣埔里鎮****,049-*****,
2,葉仁創,107年縣(市)議員選舉,首次申報,1070507,雜支支出,寄居蟹,39725571,0.00,315.00,餐飲費用,金錢,南投縣埔里鎮****,049-*****,
3,葉仁創,107年縣(市)議員選舉,首次申報,1070510,雜支支出,再興筒仔米糕,98736791,0.00,145.00,餐飲費用,金錢,臺中市北屯區****,04-2*****,
4,葉仁創,107年縣(市)議員選舉,首次申報,1070511,宣傳支出,賴棟梁,M12*******,0.00,30000.00,製作競選物品支出（康乃馨）,金錢,南投縣埔里鎮****,,
5,葉仁創,107年縣(市)議員選舉,首次申報,1070515,雜支支出,張家晉牛雜,25295327,0.00,640.00,餐飲費用,金錢,F臺中縣烏日****,04-2*****,
6,葉仁創,107年縣(市)議員選舉,首次申報,1070517,宣傳支出,奇詮電腦打字印刷行,78121091,0.00,38.00,影印,金錢,南投縣埔里鎮****,049-*****,
7,葉仁創,107年縣(市)議員選舉,首次申報,1070528,交通旅運支出,台灣高速鐵路股份有限公司,16446274,0.00,1350.00,搭乘交通工具支出,金錢,臺北市南港區****,02-8*****,
8,葉仁創,107年縣(市)議員選舉,首次申報,1070601,雜支支出,中華電信,61610406,0.00,4500.00,電信費用,金錢,南投縣南投市****,123*****,
9,葉仁創,107年縣(市)議員選舉,首次申報,1070605,雜支支出,瀚圖文化事業有限公司,16236277,0.00,875.00,文具用品費用,金錢,南投縣埔里鎮****,049-*****,
10,葉仁創,107年縣(市)議員選舉,首次申報,1070605,雜支支出,埔里南光郵局(南投36支),61849554,0.00,20.00,現金存款手續費,金錢,南投縣埔里鎮****,049-*****,
11,葉仁創,107年縣(市)議員選舉,首次申報,1070606,雜支支出,天歌企業有限公司,16186018,0.00,3150.00,雜項購置或修繕費用,金錢,新北市中和區****,02-2*****,
12,葉仁創,107年縣(市)議員選舉,首次申報,1070607,雜支支出,易百分書局,99864695,0.00,122.00,印台、支出證明單,金錢,南投縣埔里鎮****,049-*****,
13,葉仁創,107年縣(市)議員選舉,首次申報,1070608,交通旅運支出,NPC全國加油站,38972877,0.00,1462.00,油資,金錢,南投縣埔里鎮****,049-*****,
14,葉仁創,107年縣(市)議員選舉,首次申報,1070610,宣傳支出,粨鴻科技有限公司,39035702,0.00,49000.00,租用廣告看板或車體廣告支出,金錢,南投縣埔里鎮****,049-*****,
15,葉仁創,107年縣(市)議員選舉,首次申報,1070610,租用競選辦事處支出,李麗珠,M20*******,0.00,13000.00,租用競選辦事處費用,金錢,南投縣埔里鎮****,0965*****,
16,葉仁創,107年縣(市)議員選舉,首次申報,1070611,交通旅運支出,台灣高速鐵路股份有限公司,16446274,0.00,1400.00,搭乘交通工具支出,金錢,臺北市南港區****,02-8*****,
17,葉仁創,107年縣(市)議員選舉,首次申報,1070611,宣傳支出,新潮工作室,19414938,0.00,28500.00,製作競選物品支出（扇子）,金錢,臺中市西屯區****,04-3*****,
18,葉仁創,107年縣(市)議員選舉,首次申報,1070611,雜支支出,捷洋科技有限公司,28082755,0.00,1150.00,雜項購置或修繕費用,金錢,南投縣埔里鎮****,049-*****,
19,葉仁創,107年縣(市)議員選舉,首次申報,1070612,交通旅運支出,NPC全國加油站,38972877,0.00,1472.00,油資,金錢,南投縣埔里鎮****,049-*****,
20,葉仁創,107年縣(市)議員選舉,首次申報,1070613,雜支支出,埔里南光郵局(南投36支),61849554,0.00,20.00,現金存款手續費,金錢,南投縣埔里鎮****,049-*****,
21,葉仁創,107年縣(市)議員選舉,首次申報,1070613,雜支支出,埔里南光郵局(南投36支),61849554,0.00,60.00,雜項購置或修繕費用,金錢,南投縣埔里鎮****,049-*****,
22,葉仁創,107年縣(市)議員選舉,首次申報,1070613,雜支支出,易百分書局,99864695,0.00,283.00,文具用品費用,金錢,南投縣埔里鎮****,049-*****,
23,葉仁創,107年縣(市)議員選舉,首次申報,1070614,雜支支出,牛丼快餐,06130091,0.00,350.00,餐飲費用,金錢,南投縣埔里鎮****,049-*****,
24,葉仁創,107年縣(市)議員選舉,首次申報,1070614,宣傳支出,盛力影印社,09239237,0.00,2050.00,製作競選物品支出（肩帶）,金錢,臺中市沙鹿區****,(04)*****,
25,葉仁創,107年縣(市)議員選舉,首次申報,1070614,雜支支出,埔里南光郵局(南投36支),61849554,0.00,180.00,電信費用,金錢,南投縣埔里鎮****,049-*****,
26,葉仁創,107年縣(市)議員選舉,首次申報,1070615,宣傳支出,台灣優紙企業有限公司,80077677,0.00,46830.00,製作競選物品支出（面紙）,金錢,彰化縣鹿港鎮****,04-7*****,
27,葉仁創,107年縣(市)議員選舉,首次申報,1070616,雜支支出,蒲公英傳奇,19261089,0.00,245.00,餐飲費用,金錢,南投縣埔里鎮****,(049*****,
28,葉仁創,107年縣(市)議員選舉,首次申報,1070616,交通旅運支出,NPC全國加油站,38972877,0.00,1526.00,油資,金錢,南投縣埔里鎮****,049-*****,
29,葉仁創,107年縣(市)議員選舉,首次申報,1070616,宣傳支出,台灣優紙企業有限公司,80077677,0.00,46830.00,製作競選物品支出（廣告面紙）,金錢,彰化縣鹿港鎮****,(04)*****,
30,葉仁創,107年縣(市)議員選舉,首次申報,1070621,交通旅運支出,NPC全國加油站,38972877,0.00,1521.00,油資,金錢,南投縣埔里鎮****,049-*****,
31,葉仁創,107年縣(市)議員選舉,首次申報,1070621,雜支支出,金弘笙實業有限公司市政分公司,80749324,0.00,15596.00,雜項購置或修繕費用,金錢,臺中市西屯區****,04-2*****,
32,葉仁創,107年縣(市)議員選舉,首次申報,1070622,雜支支出,花世界園藝,78121557,0.00,1500.00,雜項購置或修繕費用,金錢,南投縣埔里鎮****,0492*****,
33,葉仁創,107年縣(市)議員選舉,首次申報,1070624,雜支支出,客廳手作慢食坊,47593187,0.00,700.00,餐飲費用,金錢,南投縣埔里鎮****,049-*****,
34,葉仁創,107年縣(市)議員選舉,首次申報,1070626,交通旅運支出,台灣高速鐵路股份有限公司,16446274,0.00,1350.00,搭乘交通工具支出,金錢,臺北市南港區****,(02)*****,
35,葉仁創,107年縣(市)議員選舉,首次申報,1070626,交通旅運支出,NPC全國加油站股份有限公司全國愛蘭交流道加油站,38972877,0.00,1520.00,油資,金錢,南投縣埔里鎮****,(049*****,
36,葉仁創,107年縣(市)議員選舉,首次申報,1070626,雜支支出,大車輪人氣廚坊有限公司,80305047,0.00,1480.00,餐飲費用,金錢,臺北市萬華區****,(02)*****,
37,葉仁創,107年縣(市)議員選舉,首次申報,1070630,交通旅運支出,NPC全國加油站股份有限公司全國愛蘭交流道加油站,38972877,0.00,1521.00,油資,金錢,南投縣埔里鎮****,049-*****,
38,葉仁創,107年縣(市)議員選舉,首次申報,1070701,雜支支出,羽任電池專賣店,99121821,0.00,5000.00,雜項購置或修繕費用,金錢,臺中市豐原區****,(04)*****,
39,葉仁創,107年縣(市)議員選舉,首次申報,1070702,雜支支出,你我他晚點,78117934,0.00,330.00,餐飲費用,金錢,南投縣埔里鎮****,049-*****,
40,葉仁創,107年縣(市)議員選舉,首次申報,1070703,交通旅運支出,NPC全國加油站股份有限公司全國愛蘭交流道加油站,38972877,0.00,1235.00,油資,金錢,南投縣埔里鎮****,,
41,葉仁創,107年縣(市)議員選舉,首次申報,1070705,雜支支出,山園小棧,25339438,0.00,190.00,餐飲費用,金錢,南投縣埔里鎮****,049-*****,
42,葉仁創,107年縣(市)議員選舉,首次申報,1070706,雜支支出,振宇五金股份有限公司埔里信義分公司,42677026,0.00,124.00,文具用品費用,金錢,南投縣埔里鎮****,049-*****,
43,葉仁創,107年縣(市)議員選舉,首次申報,1070708,交通旅運支出,NPC全國加油站股份有限公司全國愛蘭交流道加油站,38972877,0.00,1575.00,油資,金錢,南投縣埔里鎮****,049-*****,
44,葉仁創,107年縣(市)議員選舉,首次申報,1070708,雜支支出,嘉義火雞肉飯,45427803,0.00,430.00,餐飲費用,金錢,南投縣埔里中****,,
45,葉仁創,107年縣(市)議員選舉,首次申報,1070709,交通旅運支出,NPC全國加油站股份有限公司全國愛蘭交流道加油站,38972877,0.00,384.00,油資,金錢,南投縣埔里鎮****,049-*****,
46,葉仁創,107年縣(市)議員選舉,首次申報,1070709,雜支支出,中投有線電視股份有限公司,39887049,0.00,1695.00,電信費用(視訊費),金錢,南投縣南投市****,449-*****,
47,葉仁創,107年縣(市)議員選舉,首次申報,1070709,雜支支出,嘉義火雞肉飯,45427803,0.00,165.00,餐飲費用,金錢,南投縣埔里鎮****,,
48,葉仁創,107年縣(市)議員選舉,首次申報,1070710,交通旅運支出,NPC全國加油站股份有限公司全國愛蘭交流道加油站,38972877,0.00,1444.00,油資,金錢,南投縣埔里鎮****,049-*****,
49,葉仁創,107年縣(市)議員選舉,首次申報,1070710,宣傳支出,粕鴻科技有限公司,39035702,0.00,3000.00,租用廣告看板或車體廣告支出,金錢,南投縣埔里鎮****,049-*****,
50,葉仁創,107年縣(市)議員選舉,首次申報,1070710,雜支支出,寄居蟹茶餐館,39725571,0.00,520.00,餐飲費用,金錢,南投縣埔里鎮****,049-*****,
51,葉仁創,107年縣(市)議員選舉,首次申報,1070710,租用競選辦事處支出,李麗珠,M20*******,0.00,13000.00,租用競選辦事處費用-房租,金錢,南投縣埔里鎮****,0965*****,
52,葉仁創,107年縣(市)議員選舉,首次申報,1070711,雜支支出,錢都迷你刷刷鍋,98968898,0.00,800.00,餐飲費用,金錢,臺中市南區忠****,04-2*****,
53,葉仁創,107年縣(市)議員選舉,首次申報,1070712,交通旅運支出,NPC全國加油站股份有限公司全國愛蘭交流道加油站,38972877,0.00,1537.00,油資,金錢,南投縣埔里鎮****,049-*****,
54,葉仁創,107年縣(市)議員選舉,首次申報,1070713,宣傳支出,普羅文化股份有限公司,53374962,0.00,4000.00,製作競選物品支出（拜訪小卡）,金錢,南投縣埔里鎮****,049-*****,
55,葉仁創,107年縣(市)議員選舉,首次申報,1070713,雜支支出,橫濱拉麵東華營業所,72458929,0.00,220.00,餐飲費用,金錢,南投縣埔里鎮****,049-*****,
56,葉仁創,107年縣(市)議員選舉,首次申報,1070713,人事費用支出,蕭維毅,E12*******,0.00,1820.00,工資或薪津,金錢,高雄市前鎮區****,0983*****,
57,葉仁創,107年縣(市)議員選舉,首次申報,1070714,宣傳支出,上青茶葉埔里店,72453728,0.00,660.00,製作競選物品支出（茶葉空盒）,金錢,南投縣埔里鎮****,049-*****,
58,葉仁創,107年縣(市)議員選舉,首次申報,1070716,交通旅運支出,台灣高速鐵路股份有限公司,16446274,0.00,1800.00,搭乘交通工具支出,金錢,臺北市南港區****,02-8*****,
59,葉仁創,107年縣(市)議員選舉,首次申報,1070716,交通旅運支出,NPC全國加油站股份有限公司全國愛蘭交流道加油站,38972877,0.00,1563.00,油資,金錢,南投縣埔里鎮****,,
60,葉仁創,107年縣(市)議員選舉,首次申報,1070717,雜支支出,中華郵政(埔里第三市場郵局南投34支),61827828,0.00,20.00,電信費用(郵局現金存款手續費),金錢,南投縣埔里鎮****,,
61,葉仁創,107年縣(市)議員選舉,首次申報,1070717,雜支支出,貳輪國度小吃部,82390287,0.00,370.00,餐飲費用,金錢,南投縣國姓鄉****,,
62,葉仁創,107年縣(市)議員選舉,首次申報,1070718,雜支支出,中華郵政(埔里第三市場郵局南投34支),61827828,0.00,35.00,郵資,金錢,南投縣埔里鎮****,,
63,葉仁創,107年縣(市)議員選舉,首次申報,1070719,交通旅運支出,NPC全國加油站股份有限公司全國愛蘭交流道加油站,38972877,0.00,1412.00,油資,金錢,南投縣埔里鎮****,,
64,葉仁創,107年縣(市)議員選舉,首次申報,1070720,雜支支出,台南口味,14611896,0.00,290.00,餐飲費用,金錢,南投縣埔里鎮****,049-*****,
65,葉仁創,107年縣(市)議員選舉,首次申報,1070720,雜支支出,花蓮扁食,26885770,0.00,480.00,餐飲費用,金錢,南投縣埔里鎮****,,
66,葉仁創,107年縣(市)議員選舉,首次申報,1070720,宣傳支出,愛玩視覺設計廣告社,39920477,0.00,15000.00,製作競選物品支出（文宣小卡）,金錢,南投縣南投市****,049-*****,
67,葉仁創,107年縣(市)議員選舉,首次申報,1070720,雜支支出,中華電信,6160406,0.00,301.00,電信費用,金錢,南投縣埔里鎮****,,
68,葉仁創,107年縣(市)議員選舉,首次申報,1070720,雜支支出,中華電信,61610406,0.00,300.00,電信費用,金錢,南投縣埔里鎮****,,
69,葉仁創,107年縣(市)議員選舉,首次申報,1070720,雜支支出,中華電信,61610406,0.00,1519.00,電信費用,金錢,南投縣南投市****,,
70,葉仁創,107年縣(市)議員選舉,首次申報,1070720,雜支支出,中華郵政(埔里中心碑郵局南投35支),61833700,0.00,59.00,郵資費,金錢,南投縣埔里鎮****,049-*****,
71,葉仁創,107年縣(市)議員選舉,首次申報,1070721,雜支支出,有容晨業生物技術有限公司,80135493,0.00,3080.00,餐飲費用,金錢,南投縣埔里鎮****,049-*****,
72,葉仁創,107年縣(市)議員選舉,首次申報,1070722,雜支支出,田螺屋土雞城,10913791,0.00,4580.00,餐飲費用,金錢,南投縣魚池鄉****,049-*****,
73,葉仁創,107年縣(市)議員選舉,首次申報,1070724,雜支支出,社團法人南投縣埔里鎮籃城社區發展協會,06130141,0.00,7000.00,餐飲費用,金錢,南投縣埔里鎮****,,
74,葉仁創,107年縣(市)議員選舉,首次申報,1070724,雜支支出,韓大姐,38899258,0.00,275.00,餐飲費用,金錢,南投縣埔里鎮****,049-*****,
75,葉仁創,107年縣(市)議員選舉,首次申報,1070724,交通旅運支出,NPC全國加油站股份有限公司全國愛蘭交流道加油站,38972877,0.00,1450.00,油資,金錢,南投縣埔里鎮****,,
76,葉仁創,107年縣(市)議員選舉,首次申報,1070724,雜支支出,中華郵政(埔里第三市場郵局南投34支),61827828,0.00,30.00,匯費(簡訊王數位媒體有限公司),金錢,南投縣埔里鎮****,049-*****,
77,葉仁創,107年縣(市)議員選舉,首次申報,1070725,宣傳支出,簡訊王數位科技有限公司,28321094,0.00,2850.00,發送電信簡訊支出,金錢,臺北市內湖區****,02-2*****,
78,葉仁創,107年縣(市)議員選舉,首次申報,1070725,雜支支出,三媽臭臭鍋南榮店,45350380,0.00,760.00,餐飲費用,金錢,南投縣埔里鎮****,049-*****,
79,葉仁創,107年縣(市)議員選舉,首次申報,1070726,雜支支出,瀚圖文化事業有限公司,16236277,0.00,69.00,文具用品費用,金錢,南投縣埔里鎮****,049-*****,
80,葉仁創,107年縣(市)議員選舉,首次申報,1070727,雜支支出,花世界園藝,78121557,0.00,2000.00,雜項購置或修繕費用,金錢,南投縣埔里鎮****,049-*****,
81,葉仁創,107年縣(市)議員選舉,首次申報,1070728,雜支支出,好地方風味館,19260151,0.00,1790.00,餐飲費用,金錢,南投縣埔里鎮****,049-*****,
82,葉仁創,107年縣(市)議員選舉,首次申報,1070729,雜支支出,7-11便利商店中心園店,16431238,0.00,207.00,餐飲費用,金錢,南投縣埔里鎮****,,
83,葉仁創,107年縣(市)議員選舉,首次申報,1070729,交通旅運支出,NPC全國加油站股份有限公司全國愛蘭交流道加油站,38972877,0.00,1445.00,油資,金錢,南投縣埔里鎮****,,
84,葉仁創,107年縣(市)議員選舉,首次申報,1070730,雜支支出,全家便利商店泰安店,54380082,0.00,38.00,餐飲費用,金錢,南投縣埔里鎮****,,
85,葉仁創,107年縣(市)議員選舉,首次申報,1070730,雜支支出,易百分書局,99864695,0.00,192.00,文具用品費用,金錢,南投縣埔里鎮****,049-*****,
86,葉仁創,107年縣(市)議員選舉,首次申報,1070801,雜支支出,旺伯美食坊,14614850,0.00,2850.00,餐飲費用,金錢,南投縣埔里鎮****,049-*****,
87,葉仁創,107年縣(市)議員選舉,首次申報,1070802,交通旅運支出,台灣高速鐵路股份有限公司,16446274,0.00,1730.00,搭乘交通工具支出,金錢,臺北市南港區****,02-8*****,
88,葉仁創,107年縣(市)議員選舉,首次申報,1070802,交通旅運支出,埔榮加油站有限公司,28066208,0.00,1500.00,油資,金錢,南投縣埔里鎮****,049-*****,
89,葉仁創,107年縣(市)議員選舉,首次申報,1070802,宣傳支出,粨鴻科技有限公司,39035702,0.00,3000.00,租用廣告看板或車體廣告支出,金錢,新北市新莊區****,049-*****,
90,葉仁創,107年縣(市)議員選舉,首次申報,1070802,雜支支出,中華郵政(埔里南光郵局南投36支),61849554,0.00,30.00,匯費(粨鴻科技有限公司),金錢,南投縣埔里鎮****,,
91,葉仁創,107年縣(市)議員選舉,首次申報,1070802,人事費用支出,蕭維毅,M12*******,0.00,30000.00,工資或薪津,金錢,高雄市前鎮區****,,
92,葉仁創,107年縣(市)議員選舉,首次申報,1070802,人事費用支出,黃秀菁,M22*******,0.00,11000.00,工資或薪津,金錢,南投縣埔里鎮****,0986*****,
93,葉仁創,107年縣(市)議員選舉,首次申報,1070803,雜支支出,旺伯美食坊,1464850,0.00,2500.00,餐飲費用,金錢,南投縣埔里鎮****,049-*****,
94,葉仁創,107年縣(市)議員選舉,首次申報,1070804,雜支支出,花蓮扁食,26885770,0.00,200.00,餐飲費用,金錢,南投縣埔里鎮****,,
95,葉仁創,107年縣(市)議員選舉,首次申報,1070805,雜支支出,橫濱拉麵東華營業所,72458929,0.00,870.00,餐飲費用,金錢,南投縣埔里鎮****,049-*****,
96,葉仁創,107年縣(市)議員選舉,首次申報,1070806,交通旅運支出,台灣高速鐵路股份有限公司,16446274,0.00,1350.00,搭乘交通工具支出,金錢,臺北市南港區****,02-8*****,
97,葉仁創,107年縣(市)議員選舉,首次申報,1070806,交通旅運支出,福懋加油站,19259751,0.00,1442.00,油資,金錢,南投縣埔里鎮****,049-*****,
98,葉仁創,107年縣(市)議員選舉,首次申報,1070806,雜支支出,台灣電力公司,61904459,0.00,1036.00,水電瓦斯費用,金錢,南投縣埔里鎮****,049-*****,
99,葉仁創,107年縣(市)議員選舉,首次申報,1070806,交通旅運支出,臺北市計程車TDA3588,TDA*******,0.00,195.00,搭乘交通工具支出,金錢,,,
100,葉仁創,107年縣(市)議員選舉,首次申報,1070807,交通旅運支出,NPC全國加油站股份有限公司全國愛蘭交流道加油站,38972877,0.00,982.00,油資,金錢,南投縣埔里鎮****,049-*****,
101,葉仁創,107年縣(市)議員選舉,首次申報,1070808,雜支支出,風尚人文咖啡館,17183263,0.00,1579.00,餐飲費用,金錢,臺中市西屯區****,(04)*****,
102,葉仁創,107年縣(市)議員選舉,首次申報,1070808,宣傳支出,昱盛印刷事業有限公司,86937040,0.00,18900.00,製作競選物品支出（荷葉扇支）,金錢,臺中市西屯區****,04-2*****,
103,葉仁創,107年縣(市)議員選舉,首次申報,1070809,雜支支出,埔江城圓頂屋企業社,45550922,0.00,25000.00,餐飲費用,金錢,南投縣埔里鎮****,0921*****,
104,葉仁創,107年縣(市)議員選舉,首次申報,1070810,雜支支出,時來運轉,45358974,0.00,1170.00,餐飲費用,金錢,南投縣埔里鎮****,049-*****,
105,葉仁創,107年縣(市)議員選舉,首次申報,1070810,雜支支出,中華郵政第三市場郵局,61827828,0.00,20.00,電信費用(郵局現金存款手續費),金錢,南投縣埔里鎮****,,
106,葉仁創,107年縣(市)議員選舉,首次申報,1070810,雜支支出,中華郵政(埔里南光郵局南投36支),61849554,0.00,30.00,匯費(昱盛印刷事業有限公司),金錢,南投縣埔里鎮****,,
107,葉仁創,107年縣(市)議員選舉,首次申報,1070810,交通旅運支出,宜鑫加油站股份有限公司,84664282,0.00,1537.00,油資,金錢,臺中市太平區****,(04)*****,
108,葉仁創,107年縣(市)議員選舉,首次申報,1070811,租用競選辦事處支出,李麗珠,M20*******,0.00,13000.00,租用競選辦事處費用,金錢,南投縣埔里鎮****,,
109,葉仁創,107年縣(市)議員選舉,首次申報,1070812,雜支支出,娜娜泰式料理,82397346,0.00,380.00,餐飲費用,金錢,南投縣埔里鎮****,049-*****,
110,葉仁創,107年縣(市)議員選舉,首次申報,1070814,交通旅運支出,福懋加油站,19259751,0.00,1443.00,油資,金錢,南投縣埔里鎮****,,
111,葉仁創,107年縣(市)議員選舉,首次申報,1070814,雜支支出,中華郵政(埔里第三市場郵局南投34支),61827828,0.00,35.00,郵資費,金錢,南投縣埔里鎮****,,
112,葉仁創,107年縣(市)議員選舉,首次申報,1070815,雜支支出,瀚圖文化事業有限公司,16236277,0.00,99.00,文具用品費用,金錢,南投縣埔里鎮****,(049*****,
113,葉仁創,107年縣(市)議員選舉,首次申報,1070819,雜支支出,富狀元食品國際有限公司,61842308,0.00,360.00,餐飲費用,金錢,臺中市西區美****,(04)*****,
114,葉仁創,107年縣(市)議員選舉,首次申報,1070820,交通旅運支出,福懋加油站,19259751,0.00,1388.00,油資,金錢,南投縣埔里鎮****,,
115,葉仁創,107年縣(市)議員選舉,首次申報,1070820,雜支支出,中華郵政(埔里南光郵局南投36支),61849554,0.00,20.00,電信費用(郵局現金存款手續費),金錢,南投縣埔里鎮****,,
116,葉仁創,107年縣(市)議員選舉,首次申報,1070822,交通旅運支出,福懋加油站,15538937,0.00,1279.00,油資,金錢,高雄市仁武區****,,
117,葉仁創,107年縣(市)議員選舉,首次申報,1070822,雜支支出,中華電信股份有限公司,61610406,0.00,372.00,電信費用,金錢,南投縣南投市****,0800*****,
118,葉仁創,107年縣(市)議員選舉,首次申報,1070822,雜支支出,中華電信股份有限公司,61610406,0.00,1512.00,電信費用,金錢,南投縣南投市****,0800*****,
119,葉仁創,107年縣(市)議員選舉,首次申報,1070822,雜支支出,中華電信股份有限公司,61610406,0.00,1906.00,電信費用,金錢,南投縣南投市****,0800*****,
120,葉仁創,107年縣(市)議員選舉,首次申報,1070823,交通旅運支出,福懋加油站,19259751,0.00,685.00,油資,金錢,南投縣埔里鎮****,,
121,葉仁創,107年縣(市)議員選舉,首次申報,1070823,雜支支出,中華郵政(埔里南光郵局南投36支),61849554,0.00,40.00,電信費用(郵局現金存款手續費),金錢,南投縣埔里鎮****,,
122,葉仁創,107年縣(市)議員選舉,首次申報,1070823,雜支支出,橋頭邊肉圓店,94920035,0.00,190.00,餐飲費用,金錢,南投縣南投市****,049-*****,
123,葉仁創,107年縣(市)議員選舉,首次申報,1070824,雜支支出,娜娜泰式料理,82397346,0.00,955.00,餐飲費用,金錢,南投縣埔里鎮****,049-*****,
124,葉仁創,107年縣(市)議員選舉,首次申報,1070826,交通旅運支出,福懋加油站,19259751,0.00,1364.00,油資,金錢,南投縣埔里鎮****,,
125,葉仁創,107年縣(市)議員選舉,首次申報,1070829,雜支支出,津采鍋物店,39919611,0.00,535.00,餐飲費用,金錢,南投縣埔里鎮****,049-*****,
126,葉仁創,107年縣(市)議員選舉,首次申報,1070829,雜支支出,中華郵政(埔里第三市場郵局南投34支),61827828,0.00,35.00,郵資費,金錢,南投縣埔里鎮****,,
127,葉仁創,107年縣(市)議員選舉,首次申報,1070831,交通旅運支出,NPC全國加油站股份有限公司全國愛蘭交流道加油站,38972877,0.00,1588.00,油資,金錢,南投縣埔里鎮****,,
128,葉仁創,107年縣(市)議員選舉,首次申報,1070831,雜支支出,炎術飲料店,72444662,0.00,440.00,餐飲費用,金錢,南投縣埔里鎮****,,
129,葉仁創,107年縣(市)議員選舉,首次申報,1070901,雜支支出,原夢觀光農園民宿,81518011,0.00,7000.00,餐飲費用,金錢,南投縣仁愛鄉****,049-*****,
130,葉仁創,107年縣(市)議員選舉,首次申報,1070902,交通旅運支出,福懋加油站,19259751,0.00,1084.00,油資,金錢,南投縣埔里鎮****,,
131,葉仁創,107年縣(市)議員選舉,首次申報,1070902,雜支支出,山園小棧,25339438,0.00,160.00,餐飲費用,金錢,南投縣埔里鎮****,049-*****,
132,葉仁創,107年縣(市)議員選舉,首次申報,1070902,雜支支出,埔里鎖印,78117505,0.00,300.00,雜項購置或修繕費用,金錢,南投縣埔里鎮****,049-*****,
133,葉仁創,107年縣(市)議員選舉,首次申報,1070903,交通旅運支出,台灣高速鐵路股份有限公司,16446274,0.00,1350.00,搭乘交通工具支出,金錢,臺北市南港區****,02-8*****,
134,葉仁創,107年縣(市)議員選舉,首次申報,1070903,雜支支出,家樂福股份有限公司埔里分公司,54371561,0.00,99.00,雜項購置或修繕費用,金錢,南投縣埔里鎮****,049-*****,
135,葉仁創,107年縣(市)議員選舉,首次申報,1070904,雜支支出,瀚圖文化事業有限公司,16236277,0.00,243.00,文具用品費用,金錢,南投縣埔里鎮****,0492*****,
136,葉仁創,107年縣(市)議員選舉,首次申報,1070904,宣傳支出,粨鴻科技有限公司,39035702,0.00,3000.00,租用廣告看板或車體廣告支出,金錢,新北市新店區****,02-2*****,
137,葉仁創,107年縣(市)議員選舉,首次申報,1070904,雜支支出,中華郵政(埔里第三市場郵局南投34支),61827828,0.00,30.00,電信費用(匯費),金錢,南投縣埔里鎮****,,
138,葉仁創,107年縣(市)議員選舉,首次申報,1070904,雜支支出,中華郵政(埔里南光郵局南投36支),61849554,0.00,30.00,匯費(黃秀菁),金錢,南投縣埔里鎮****,,
139,葉仁創,107年縣(市)議員選舉,首次申報,1070904,雜支支出,中華郵政(埔里南光郵局南投36支),61849554,0.00,30.00,匯費(郭源健),金錢,南投縣埔里鎮****,,
140,葉仁創,107年縣(市)議員選舉,首次申報,1070904,人事費用支出,郭源健,M12*******,0.00,30000.00,工資或薪津,金錢,南投縣埔里鎮****,,
141,葉仁創,107年縣(市)議員選舉,首次申報,1070904,人事費用支出,黃秀菁,M22*******,0.00,10000.00,工資或薪津,金錢,南投縣埔里鎮****,0986*****,
142,葉仁創,107年縣(市)議員選舉,首次申報,1070905,雜支支出,花世界園藝,78121557,0.00,1500.00,雜項購置或修繕費用,金錢,南投縣埔里鎮****,0492*****,
143,葉仁創,107年縣(市)議員選舉,首次申報,1070905,雜支支出,九如五金百貨行,87841748,0.00,39.00,清潔用品(垃圾袋),金錢,南投縣埔里鎮****,,
144,葉仁創,107年縣(市)議員選舉,首次申報,1070905,雜支支出,台灣自來水股份有限公司,97700578,0.00,359.00,水電瓦斯費用,金錢,南投縣埔里鎮****,049-*****,
145,葉仁創,107年縣(市)議員選舉,首次申報,1070905,雜支支出,易百分書局,99864696,0.00,120.00,文具用品費用,金錢,北門里中山路****,049-*****,
146,葉仁創,107年縣(市)議員選舉,首次申報,1070905,雜支支出,易百分書局,99864696,0.00,40.00,文具用品費用,金錢,南投縣埔里鎮****,049-*****,
147,葉仁創,107年縣(市)議員選舉,首次申報,1070906,交通旅運支出,埔榮加油站有限公司,28066208,0.00,1493.00,油資,金錢,南投縣埔里鎮****,,
148,葉仁創,107年縣(市)議員選舉,首次申報,1070906,雜支支出,花世界園藝,78121557,0.00,1300.00,雜項購置或修繕費用,金錢,南投縣埔里鎮****,049-*****,
149,葉仁創,107年縣(市)議員選舉,首次申報,1070906,雜支支出,花世界園藝,78121557,0.00,2000.00,雜項購置或修繕費用,金錢,南投縣埔里鎮****,049-*****,
150,葉仁創,107年縣(市)議員選舉,首次申報,1070908,雜支支出,花世界園藝,78121557,0.00,1500.00,雜項購置或修繕費用,金錢,南投縣埔里鎮****,49-2*****,
151,葉仁創,107年縣(市)議員選舉,首次申報,1070909,交通旅運支出,NPC全國加油站股份有限公司全國愛蘭交流道加油站,19259751,0.00,1321.00,油資,金錢,南投縣埔里鎮****,,
152,葉仁創,107年縣(市)議員選舉,首次申報,1070909,雜支支出,蒲公英傳奇,19261089,0.00,450.00,餐飲費用,金錢,南投縣埔里鎮****,049-*****,
153,葉仁創,107年縣(市)議員選舉,首次申報,1070910,雜支支出,花世界園藝,78121557,0.00,1300.00,雜項購置或修繕費用,金錢,南投縣埔里鎮****,049-*****,
154,葉仁創,107年縣(市)議員選舉,首次申報,1070911,交通旅運支出,中國石油山大王直營店,28882291,0.00,130.00,油資,金錢,南投縣埔里鎮****,,
155,葉仁創,107年縣(市)議員選舉,首次申報,1070911,雜支支出,中華郵政(埔里南光郵局南投36支),61849554,0.00,30.00,電信費用(匯費),金錢,南投縣埔里鎮****,,
156,葉仁創,107年縣(市)議員選舉,首次申報,1070911,租用競選辦事處支出,李麗珠,M20*******,0.00,13000.00,租用競選辦事處費用,金錢,南投縣埔里鎮****,,
157,葉仁創,107年縣(市)議員選舉,首次申報,1070912,交通旅運支出,福懋加油站,19259751,0.00,766.00,油資,金錢,南投縣埔里鎮****,,
158,葉仁創,107年縣(市)議員選舉,首次申報,1070912,人事費用支出,蕭維毅,E12*******,0.00,22000.00,工資或薪津,金錢,高雄市前鎮區****,,
159,葉仁創,107年縣(市)議員選舉,首次申報,1070913,交通旅運支出,福懋加油站,19259751,0.00,1518.00,油資,金錢,南投縣埔里鎮****,,
160,葉仁創,107年縣(市)議員選舉,首次申報,1070914,雜支支出,九如五金百貨行,87841748,0.00,799.00,雜項購置或修繕費用,金錢,南投縣埔里鎮****,,
161,葉仁創,107年縣(市)議員選舉,首次申報,1070915,雜支支出,易百分書局,9986495,0.00,83.00,文具用品費用,金錢,南投縣埔里鎮****,049-*****,
162,葉仁創,107年縣(市)議員選舉,首次申報,1070916,交通旅運支出,NPC全國加油站股份有限公司全國愛蘭交流道加油站,38972877,0.00,1281.00,油資,金錢,南投縣埔里鎮****,,
163,葉仁創,107年縣(市)議員選舉,首次申報,1070918,交通旅運支出,台灣高速鐵路股份有限公司,16446274,0.00,675.00,搭乘交通工具支出,金錢,臺北市南港區****,02-8*****,
164,葉仁創,107年縣(市)議員選舉,首次申報,1070919,宣傳支出,大豐旗幟有限公司,22480165,0.00,1700.00,製作競選物品支出（肩帶）,金錢,新北市汐止區****,02-2*****,
165,葉仁創,107年縣(市)議員選舉,首次申報,1070920,交通旅運支出,福懋加油站,19259751,0.00,1482.00,油資,金錢,南投縣埔里鎮****,,
166,葉仁創,107年縣(市)議員選舉,首次申報,1070921,雜支支出,全聯福利中心南投北門分公司,27744314,0.00,102.00,雜項購置或修繕費用,金錢,南投縣埔里鎮****,,
167,葉仁創,107年縣(市)議員選舉,首次申報,1070921,雜支支出,中華電信股份有限公司,6160406,0.00,1072.00,電信費用,金錢,南投縣南投市****,0800*****,
168,葉仁創,107年縣(市)議員選舉,首次申報,1070921,雜支支出,中華電信股份有限公司,61610406,0.00,1052.00,電信費用,金錢,南投縣南投市****,0800*****,
169,葉仁創,107年縣(市)議員選舉,首次申報,1070921,雜支支出,中華電信股份有限公司,61610406,0.00,1072.00,電信費用,金錢,南投縣南投市****,049-*****,
170,葉仁創,107年縣(市)議員選舉,首次申報,1070924,交通旅運支出,NPC全國加油站股份有限公司全國五權路加油站,99,0.00,1467.00,油資,金錢,臺中市西區五****,,
171,葉仁創,107年縣(市)議員選舉,首次申報,1070925,宣傳支出,盛康實業股份有限公司,23939014,0.00,3000.00,製作競選物品支出（包裝飲用水C.C）,金錢,新北市永和區****,02-2*****,
172,葉仁創,107年縣(市)議員選舉,首次申報,1070926,雜支支出,交通部臺灣鐵路管理局,47610221,0.00,100.00,餐飲費用,金錢,臺中市烏日區****,,
173,葉仁創,107年縣(市)議員選舉,首次申報,1070927,雜支支出,你我他晚點,78117934,0.00,405.00,餐飲費用,金錢,南投縣埔里鎮****,,
174,葉仁創,107年縣(市)議員選舉,首次申報,1070928,雜支支出,易百分書局,16236277,0.00,32.00,文具用品費用,金錢,南投縣埔里鎮****,,
175,葉仁創,107年縣(市)議員選舉,首次申報,1070928,交通旅運支出,NPC全國加油站股份有限公司全國愛蘭交流道加油站,38972877,0.00,1555.00,油資,金錢,南投縣埔里鎮****,,
176,葉仁創,107年縣(市)議員選舉,首次申報,1070928,雜支支出,中華郵政(埔里第三市場郵局南投34支),61827828,0.00,28.00,電信費用(郵資),金錢,南投縣埔里鎮****,,
177,葉仁創,107年縣(市)議員選舉,首次申報,1070928,雜支支出,瑞裕文具行,78113536,0.00,235.00,文具用品費用,金錢,南投縣埔里鎮****,,
178,葉仁創,107年縣(市)議員選舉,首次申報,1071001,交通旅運支出,NPC全國加油站股份有限公司全國愛蘭交流道加油站,08972877,0.00,70.00,油資,金錢,南投縣埔里鎮****,,
179,葉仁創,107年縣(市)議員選舉,首次申報,1071001,宣傳支出,中華郵政(埔里中心碑郵局南投35支),61833700,0.00,133.00,郵寄競選物品或宣傳廣告支出,金錢,南投縣埔里鎮****,,
180,葉仁創,107年縣(市)議員選舉,首次申報,1071001,雜支支出,易百分書局,99864695,0.00,174.00,文具用品費用,金錢,南投縣埔里鎮****,049-*****,
181,葉仁創,107年縣(市)議員選舉,首次申報,1071002,雜支支出,壹分利百貨大賣場,21241864,0.00,210.00,雜項購置或修繕費用,金錢,南投縣埔里鎮****,049-*****,
182,葉仁創,107年縣(市)議員選舉,首次申報,1071002,雜支支出,壹分利百貨大賣場,21421864,0.00,120.00,文具用品費用,金錢,南投縣埔里鎮****,049-*****,
183,葉仁創,107年縣(市)議員選舉,首次申報,1071002,交通旅運支出,NPC全國加油站股份有限公司全國愛蘭交流道加油站,38972877,0.00,1574.00,油資,金錢,南投縣埔里鎮****,,
184,葉仁創,107年縣(市)議員選舉,首次申報,1071003,雜支支出,台灣電力公司,61904459,0.00,946.00,水電瓦斯費用,金錢,南投縣埔里鎮****,,
185,葉仁創,107年縣(市)議員選舉,首次申報,1071003,雜支支出,易百分書局,99864695,0.00,80.00,文具用品費用,金錢,南投縣埔里鎮****,049-*****,
186,葉仁創,107年縣(市)議員選舉,首次申報,1071004,雜支支出,中華郵政(埔里北平街郵局),62301505,0.00,60.00,電信費用(郵資),金錢,南投縣埔里鎮****,049-*****,
187,葉仁創,107年縣(市)議員選舉,首次申報,1071005,宣傳支出,粨鴻科技有限公司,39035702,0.00,3000.00,租用廣告看板或車體廣告支出,金錢,新北市新莊區****,,
188,葉仁創,107年縣(市)議員選舉,首次申報,1071005,雜支支出,中投有線電視股份有限公司,39887049,0.00,1695.00,電信費用(視訊費),金錢,南投縣南投市****,049-*****,
189,葉仁創,107年縣(市)議員選舉,首次申報,1071005,雜支支出,中華郵政(埔里第三市場郵局南投34支),61827828,0.00,30.00,電信費用(匯費),金錢,南投縣埔里鎮****,,
190,葉仁創,107年縣(市)議員選舉,首次申報,1071005,人事費用支出,郭源健,M12*******,0.00,30000.00,工資或薪津,金錢,南投縣埔里鎮****,,
191,葉仁創,107年縣(市)議員選舉,首次申報,1071005,租用競選辦事處支出,李麗珠,M20*******,0.00,13000.00,租用競選辦事處費用,金錢,南投縣埔里鎮****,,
192,葉仁創,107年縣(市)議員選舉,首次申報,1071005,人事費用支出,黃秀菁,M22*******,0.00,10000.00,工資或薪津,金錢,南投縣埔里鎮****,0986*****,
193,葉仁創,107年縣(市)議員選舉,首次申報,1071006,交通旅運支出,驛田加油站,28497213,0.00,500.00,油資,金錢,南投縣埔里鎮****,049-*****,
194,葉仁創,107年縣(市)議員選舉,首次申報,1071006,交通旅運支出,NPC全國加油站股份有限公司全國愛蘭交流道加油站,38972877,0.00,70.00,油資,金錢,南投縣埔里鎮****,,
195,葉仁創,107年縣(市)議員選舉,首次申報,1071006,交通旅運支出,NPC全國加油站股份有限公司全國愛蘭交流道加油站,38972877,0.00,1601.00,油資,金錢,南投縣埔里鎮****,,
196,葉仁創,107年縣(市)議員選舉,首次申報,1071006,雜支支出,九如五金百貨行,87841748,0.00,150.00,雜項購置或修繕費用,金錢,南投縣埔里鎮****,,
197,葉仁創,107年縣(市)議員選舉,首次申報,1071007,雜支支出,牛丼快餐,06130091,0.00,750.00,餐飲費用,金錢,南投縣埔里鎮****,049-*****,
198,葉仁創,107年縣(市)議員選舉,首次申報,1071008,雜支支出,五路財神魯肉飯,25338938,0.00,465.00,餐飲費用,金錢,臺中市北區漢****,04-2*****,
199,葉仁創,107年縣(市)議員選舉,首次申報,1071009,雜支支出,中華郵政(埔里南光郵局南投36支),61849554,0.00,44.00,電信費用(郵資),金錢,南投縣埔里鎮****,,
200,葉仁創,107年縣(市)議員選舉,首次申報,1071010,宣傳支出,簡訊王數位科技有限公司,28321094,0.00,5700.00,發送電信簡訊支出,金錢,臺北市內湖區****,02-2*****,
201,葉仁創,107年縣(市)議員選舉,首次申報,1071010,交通旅運支出,NPC全國加油站股份有限公司全國愛蘭交流道加油站,38972877,0.00,1665.00,油資,金錢,南投縣埔里鎮****,,
202,葉仁創,107年縣(市)議員選舉,首次申報,1071011,雜支支出,中華郵政(埔里南光郵局南投36支),61849554,0.00,20.00,電信費用(郵局現金存款手續費),金錢,南投縣埔里鎮****,,
203,葉仁創,107年縣(市)議員選舉,首次申報,1071012,雜支支出,好來快餐店,14616219,0.00,800.00,餐飲費用,金錢,南投縣埔里鎮****,049-*****,
204,葉仁創,107年縣(市)議員選舉,首次申報,1071012,雜支支出,全家便利商店泰安店,54380082,0.00,212.00,餐飲費用,金錢,南投縣埔里鎮****,,
205,葉仁創,107年縣(市)議員選舉,首次申報,1071013,集會支出,金標禮儀社,19258275,0.00,10500.00,租用設備支出,金錢,南投縣國姓鄉****,049-*****,
206,葉仁創,107年縣(市)議員選舉,首次申報,1071013,集會支出,欣聲企業社,40661738,0.00,10200.00,租用設備支出,金錢,臺中市大雅區****,04-2*****,
207,葉仁創,107年縣(市)議員選舉,首次申報,1071013,雜支支出,家樂福股份有限公司埔里分公司,54371561,0.00,945.00,雜項購置或修繕費用,金錢,南投縣埔里鎮****,049-*****,
208,葉仁創,107年縣(市)議員選舉,首次申報,1071013,雜支支出,李阿哥有限公司,54795982,0.00,430.00,餐飲費用,金錢,南投縣埔里鎮****,049-*****,
209,葉仁創,107年縣(市)議員選舉,首次申報,1071013,雜支支出,晉士書店,97700556,0.00,176.00,文具用品費用,金錢,南投縣埔里鎮****,049-*****,
210,葉仁創,107年縣(市)議員選舉,首次申報,1071015,交通旅運支出,台灣高速鐵路股份有限公司,16446274,0.00,1350.00,搭乘交通工具支出,金錢,臺北市南港區****,,
211,葉仁創,107年縣(市)議員選舉,首次申報,1071015,雜支支出,文宣工作室,18127374,0.00,190.00,文具用品費用,金錢,南投縣埔里鎮****,,
212,葉仁創,107年縣(市)議員選舉,首次申報,1071015,交通旅運支出,NPC全國加油站股份有限公司全國愛蘭交流道加油站,38972877,0.00,1616.00,油資,金錢,南投縣埔里鎮****,,
213,葉仁創,107年縣(市)議員選舉,首次申報,1071016,雜支支出,川味麵館,26899660,0.00,420.00,餐飲費用,金錢,南投縣埔里鎮****,049-*****,
214,葉仁創,107年縣(市)議員選舉,首次申報,1071016,雜支支出,中華郵政(埔里第三市場郵局南投34支),61827828,0.00,20.00,電信費用(郵局現金存款手續費),金錢,南投縣埔里鎮****,,
215,葉仁創,107年縣(市)議員選舉,首次申報,1071018,雜支支出,中華郵政(埔里中心碑郵局南投35支),61833700,0.00,44.00,電信費用(郵資),金錢,南投縣埔里鎮****,,
216,葉仁創,107年縣(市)議員選舉,首次申報,1071018,雜支支出,中華郵政(埔里中心碑郵局南投35支),61833700,0.00,36.00,電信費用(郵資),金錢,南投縣埔里鎮****,,
217,葉仁創,107年縣(市)議員選舉,首次申報,1071019,雜支支出,翰圖文化事業有限公司,16236277,0.00,88.00,文具用品費用,金錢,南投縣埔里鎮****,049-*****,
218,葉仁創,107年縣(市)議員選舉,首次申報,1071019,交通旅運支出,NPC全國加油站股份有限公司全國愛蘭交流道加油站,38972877,0.00,1585.00,油資,金錢,南投縣埔里鎮****,,
219,葉仁創,107年縣(市)議員選舉,首次申報,1071019,交通旅運支出,台灣中油股份有限公司埔里中山加油站,61804698,0.00,400.00,油資,金錢,南投縣埔里鎮****,,
220,葉仁創,107年縣(市)議員選舉,首次申報,1071019,雜支支出,力大五金行,61821036,0.00,120.00,雜項購置或修繕費用,金錢,南投縣埔里鎮****,049-*****,
221,葉仁創,107年縣(市)議員選舉,首次申報,1071019,雜支支出,中華郵政(埔里第三市場郵局南投34支),61827828,0.00,28.00,電信費用(郵資),金錢,南投縣埔里鎮****,,
222,葉仁創,107年縣(市)議員選舉,首次申報,1071019,雜支支出,中華郵政(埔里南光郵局南投36支),61849554,0.00,40.00,電信費用(郵局現金存款手續費),金錢,南投縣埔里鎮****,,
223,葉仁創,107年縣(市)議員選舉,首次申報,1071019,雜支支出,易百分書局,99864695,0.00,136.00,文具用品費用,金錢,南投縣埔里鎮****,049-*****,
224,葉仁創,107年縣(市)議員選舉,首次申報,1071023,交通旅運支出,台灣高速鐵路股份有限公司,16446274,0.00,700.00,搭乘交通工具支出,金錢,臺北市南港區****,02-8*****,
225,葉仁創,107年縣(市)議員選舉,首次申報,1071023,交通旅運支出,NPC全國加油站股份有限公司全國愛蘭交流道加油站,38972877,0.00,1656.00,油資,金錢,南投縣埔里鎮****,,
226,葉仁創,107年縣(市)議員選舉,首次申報,1071023,雜支支出,百文刻字餔,61800124,0.00,200.00,文具用品費用,金錢,南投縣埔里鎮****,,
227,葉仁創,107年縣(市)議員選舉,首次申報,1071023,雜支支出,中華郵政(埔里第三市場郵局南投34支),61827828,0.00,20.00,電信費用(郵局現金存款手續費),金錢,南投縣埔里鎮****,,
228,葉仁創,107年縣(市)議員選舉,首次申報,1071024,交通旅運支出,台灣高速鐵路股份有限公司,16446274,0.00,790.00,搭乘交通工具支出,金錢,臺北市南港區****,,
229,葉仁創,107年縣(市)議員選舉,首次申報,1071025,雜支支出,中華電信股份有限公司,61610406,0.00,1035.00,電信費用,金錢,南投縣埔里鎮****,,
230,葉仁創,107年縣(市)議員選舉,首次申報,1071025,雜支支出,中華電信股份有限公司,61610406,0.00,455.00,電信費用,金錢,南投縣埔里鎮****,,
231,葉仁創,107年縣(市)議員選舉,首次申報,1071025,雜支支出,中華電信股份有限公司,61610406,0.00,1166.00,電信費用,金錢,南投縣埔里鎮****,,
232,葉仁創,107年縣(市)議員選舉,首次申報,1071027,集會支出,金標禮儀社,19258275,0.00,8000.00,租用設備支出,金錢,南投縣國姓鄉****,049-*****,
233,葉仁創,107年縣(市)議員選舉,首次申報,1071027,集會支出,惠民企業社,25369122,0.00,36000.00,清潔整理支出,金錢,彰化縣二水鄉****,04-8*****,
234,葉仁創,107年縣(市)議員選舉,首次申報,1071027,交通旅運支出,驛田加油站,28497213,0.00,180.00,油資,金錢,南投縣埔里鎮****,,
235,葉仁創,107年縣(市)議員選舉,首次申報,1071027,集會支出,欣聲企業社,40661738,0.00,9000.00,租用設備支出,金錢,臺中市大雅區****,04-2*****,
236,葉仁創,107年縣(市)議員選舉,首次申報,1071027,集會支出,伸美音響社,47366562,0.00,3600.00,租用設備支出,金錢,彰化縣伸港鄉****,0958*****,
237,葉仁創,107年縣(市)議員選舉,首次申報,1071028,交通旅運支出,NPC全國加油站股份有限公司全國愛蘭交流道加油站,38972877,0.00,1573.00,油資,金錢,南投縣埔里鎮****,,
238,葉仁創,107年縣(市)議員選舉,首次申報,1071028,交通旅運支出,NPC全國加油站股份有限公司全國愛蘭交流道加油站,38972877,0.00,70.00,油資,金錢,南投縣埔里鎮****,,
239,葉仁創,107年縣(市)議員選舉,首次申報,1071029,交通旅運支出,台灣中油股份有限公司國姓加油站,61810066,0.00,500.00,油資,金錢,南投縣國姓鄉****,,
240,葉仁創,107年縣(市)議員選舉,首次申報,1071029,交通旅運支出,台灣中油股份有限公司埔里北門加油站,62023708,0.00,400.00,油資,金錢,南投縣埔里鎮****,,
241,葉仁創,107年縣(市)議員選舉,首次申報,1071030,交通旅運支出,台灣高速鐵路股份有限公司,16446274,0.00,3060.00,搭乘交通工具支出,金錢,臺北市南港區****,,
242,葉仁創,107年縣(市)議員選舉,首次申報,1071031,集會支出,惠民企業社,25369122,0.00,4000.00,租用設備支出,金錢,彰化縣二水鄉****,0487*****,
243,葉仁創,107年縣(市)議員選舉,首次申報,1071031,集會支出,惠民企業社,25369122,0.00,50000.00,租用設備支出,金錢,彰化縣二水鄉****,04-8*****,
244,葉仁創,107年縣(市)議員選舉,首次申報,1071031,集會支出,惠民企業社,25369122,0.00,30000.00,租用設備支出,金錢,彰化縣二水鄉****,04-8*****,
245,葉仁創,107年縣(市)議員選舉,首次申報,1071031,集會支出,惠民企業社,25369122,0.00,24000.00,租用設備支出,金錢,彰化縣二水鄉****,0487*****,
246,葉仁創,107年縣(市)議員選舉,首次申報,1071031,交通旅運支出,NPC全國加油站股份有限公司全國愛蘭交流道加油站,38972877,0.00,1591.00,油資,金錢,南投縣埔里鎮****,,
247,葉仁創,107年縣(市)議員選舉,首次申報,1071031,交通旅運支出,台灣中油股份有限公司埔里北門加油站,61804698,0.00,400.00,油資,金錢,南投縣埔里鎮****,,
248,葉仁創,107年縣(市)議員選舉,首次申報,1071031,雜支支出,花世界園藝,78121557,0.00,3600.00,雜項購置或修繕費用,金錢,南投縣埔里鎮****,049-*****,
249,葉仁創,107年縣(市)議員選舉,首次申報,1071101,雜支支出,瀚圖文化事業有限公司,16736277,0.00,145.00,文具用品費用,金錢,南投縣埔里鎮****,049-*****,
250,葉仁創,107年縣(市)議員選舉,首次申報,1071101,宣傳支出,簡訊王數位科技有限公司,28321094,0.00,4750.00,發送電信簡訊支出,金錢,臺北市內湖區****,02-2*****,
251,葉仁創,107年縣(市)議員選舉,首次申報,1071101,集會支出,埔江城圓頂屋企業社,45550922,0.00,28000.00,餐飲支出,金錢,南投縣埔里鎮****,0921*****,
252,葉仁創,107年縣(市)議員選舉,首次申報,1071101,集會支出,埔江城圓頂屋企業社,45550922,0.00,16000.00,餐飲支出,金錢,南投縣埔里鎮****,0921*****,
253,葉仁創,107年縣(市)議員選舉,首次申報,1071102,交通旅運支出,台灣中油股份有限公司埔里北門加油站,62023708,0.00,400.00,油資,金錢,南投縣埔里鎮****,,
254,葉仁創,107年縣(市)議員選舉,首次申報,1071104,交通旅運支出,NPC全國加油站股份有限公司全國愛蘭交流道加油站,38972877,0.00,1507.00,油資,金錢,南投縣埔里鎮****,,
255,葉仁創,107年縣(市)議員選舉,首次申報,1071105,交通旅運支出,台灣中油股份有限公司埔里中山加油站,61804698,0.00,500.00,油資,金錢,南投縣埔里鎮****,,
256,葉仁創,107年縣(市)議員選舉,首次申報,1071105,雜支支出,花世界園藝,78121557,0.00,1300.00,雜項購置或修繕費用,金錢,南投縣埔里鎮****,049-*****,
257,葉仁創,107年縣(市)議員選舉,首次申報,1071106,人事費用支出,郭源健,M12*******,0.00,30000.00,工資或薪津,金錢,南投縣埔里鎮****,0911*****,
258,葉仁創,107年縣(市)議員選舉,首次申報,1071106,人事費用支出,黃秀菁,M22*******,0.00,10000.00,工資或薪津,金錢,南投縣埔里鎮****,0986*****,
259,葉仁創,107年縣(市)議員選舉,首次申報,1071107,雜支支出,壹分利百貨大賣場,21421864,0.00,30.00,雜項購置或修繕費用,金錢,南投縣埔里鎮****,049-*****,
260,葉仁創,107年縣(市)議員選舉,首次申報,1071107,交通旅運支出,NPC全國加油站股份有限公司全國愛蘭交流道加油站,38972877,0.00,1481.00,油資,金錢,南投縣埔里鎮****,,
261,葉仁創,107年縣(市)議員選舉,首次申報,1071107,宣傳支出,粨鴻科技有限公司,39035702,0.00,3000.00,租用廣告看板或車體廣告支出,金錢,新北市新莊區****,02-2*****,
262,葉仁創,107年縣(市)議員選舉,首次申報,1071107,雜支支出,中華郵政(埔里第三市場郵局南投34支),61827828,0.00,30.00,電信費用(匯費),金錢,南投縣埔里鎮****,,
263,葉仁創,107年縣(市)議員選舉,首次申報,1071107,雜支支出,中華郵政(埔里第三市場郵局南投34支),61827828,0.00,28.00,電信費用(郵資),金錢,南投縣埔里鎮****,,
264,葉仁創,107年縣(市)議員選舉,首次申報,1071107,雜支支出,中華郵政(埔里第三市場郵局南投34支),61827828,0.00,28.00,電信費用(郵資),金錢,南投縣埔里鎮****,,
265,葉仁創,107年縣(市)議員選舉,首次申報,1071108,交通旅運支出,台灣中油股份有限公司埔里中山加油站,61804698,0.00,500.00,油資,金錢,南投縣埔里鎮****,,
266,葉仁創,107年縣(市)議員選舉,首次申報,1071109,雜支支出,順發電腦股份有限公司,28979056,0.00,504.00,文具用品費用,金錢,南投縣埔里鎮****,049-*****,
267,葉仁創,107年縣(市)議員選舉,首次申報,1071109,雜支支出,亦順汽車電機行,47352342,0.00,1900.00,雜項購置或修繕費用,金錢,南投縣埔里鎮****,,
268,葉仁創,107年縣(市)議員選舉,首次申報,1071109,交通旅運支出,台灣中油股份有限公司埔里中山加油站,61804698,0.00,200.00,油資,金錢,南投縣埔里鎮****,,
269,葉仁創,107年縣(市)議員選舉,首次申報,1071109,交通旅運支出,台灣中油股份有限公司國姓加油站,61810066,0.00,400.00,油資,金錢,南投縣國姓鄉****,,
270,葉仁創,107年縣(市)議員選舉,首次申報,1071109,雜支支出,中華郵政(埔里第三市場郵局南投34支),61827828,0.00,28.00,電信費用(郵資),金錢,南投縣埔里鎮****,,
271,葉仁創,107年縣(市)議員選舉,首次申報,1071109,雜支支出,中華郵政(埔里中心碑郵局南投35支),61833700,0.00,60.00,電信費用(郵資),金錢,南投縣埔里鎮****,,
272,葉仁創,107年縣(市)議員選舉,首次申報,1071109,雜支支出,信義五金行,78112620,0.00,210.00,雜項購置或修繕費用,金錢,南投縣埔里鎮****,049-*****,
273,葉仁創,107年縣(市)議員選舉,首次申報,1071110,雜支支出,壹分利百貨大賣場,21421864,0.00,80.00,雜項購置或修繕費用,金錢,南投縣埔里鎮****,049-*****,
274,葉仁創,107年縣(市)議員選舉,首次申報,1071110,宣傳支出,宇宙工作室,45505764,0.00,78000.00,製作宣傳廣告支出,金錢,南投縣南投市****,049-*****,
275,葉仁創,107年縣(市)議員選舉,首次申報,1071110,雜支支出,九如五金百貨行,87841748,0.00,199.00,雜項購置或修繕費用,金錢,南投縣埔里鎮****,,
276,葉仁創,107年縣(市)議員選舉,首次申報,1071110,雜支支出,九如五金百貨行,87841748,0.00,149.00,文具用品費用-車充線,金錢,南投縣埔里鎮****,,
277,葉仁創,107年縣(市)議員選舉,首次申報,1071111,交通旅運支出,宏益加油站,16691682,0.00,500.00,油資,金錢,南投縣國姓鄉****,,
278,葉仁創,107年縣(市)議員選舉,首次申報,1071112,交通旅運支出,台灣中油股份有限公司埔里中山加油站,61804698,0.00,770.00,油資,金錢,南投縣埔里鎮****,,
279,葉仁創,107年縣(市)議員選舉,首次申報,1071112,雜支支出,闔慶五金行,78112522,0.00,1565.00,雜項購置或修繕費用,金錢,南投縣埔里鎮****,049-*****,
280,葉仁創,107年縣(市)議員選舉,首次申報,1071112,雜支支出,九如五金百貨行,87841748,0.00,250.00,雜項購置或修繕費用,金錢,南投縣埔里鎮****,,
281,葉仁創,107年縣(市)議員選舉,首次申報,1071112,雜支支出,九如五金百貨行,87841748,0.00,149.00,雜項購置或修繕費用,金錢,南投縣埔里鎮****,,
282,葉仁創,107年縣(市)議員選舉,首次申報,1071112,宣傳支出,林再生,M10*******,0.00,180000.00,製作宣傳廣告支出,金錢,南投縣竹山鎮****,,
283,葉仁創,107年縣(市)議員選舉,首次申報,1071112,租用競選辦事處支出,李麗珠,M20*******,0.00,13000.00,租用競選辦事處費用,金錢,南投縣埔里鎮****,0965*****,
284,葉仁創,107年縣(市)議員選舉,首次申報,1071113,交通旅運支出,NPC全國加油站股份有限公司全國愛蘭交流道加油站,38972877,0.00,1466.00,油資,金錢,南投縣埔里鎮****,,
285,葉仁創,107年縣(市)議員選舉,首次申報,1071113,雜支支出,東和電機行,38998623,0.00,1200.00,雜項購置或修繕費用,金錢,南投縣埔里鎮****,049-*****,
286,葉仁創,107年縣(市)議員選舉,首次申報,1071113,宣傳支出,普羅文化股份有限公司,53374962,0.00,8395.00,製作競選物品支出（邀請卡、美編費等）,金錢,南投縣埔里鎮****,0492*****,
287,葉仁創,107年縣(市)議員選舉,首次申報,1071114,雜支支出,瀚圖文化事業有限公司,16236277,0.00,56.00,文具用品費用,金錢,南投縣埔里鎮****,049-*****,
288,葉仁創,107年縣(市)議員選舉,首次申報,1071114,集會支出,惠民企業社,25369122,0.00,25000.00,租用設備支出-音響,金錢,彰化縣二水鄉****,04-8*****,
289,葉仁創,107年縣(市)議員選舉,首次申報,1071114,交通旅運支出,埔榮加油站有限公司,28066208,0.00,600.00,油資,金錢,南投縣埔里鎮****,,
290,葉仁創,107年縣(市)議員選舉,首次申報,1071114,交通旅運支出,台灣中油股份有限公司埔里中山加油站,61804698,0.00,620.00,油資,金錢,南投縣埔里鎮****,,
291,葉仁創,107年縣(市)議員選舉,首次申報,1071114,交通旅運支出,台灣中油股份有限公司埔里中山加油站,61804698,0.00,100.00,油資,金錢,南投縣埔里鎮****,,
292,葉仁創,107年縣(市)議員選舉,首次申報,1071114,雜支支出,中華郵政(埔里第三市場郵局南投34支),61827828,0.00,28.00,電信費用(郵資),金錢,南投縣埔里鎮****,,
293,葉仁創,107年縣(市)議員選舉,首次申報,1071114,雜支支出,中華郵政(埔里第三市場郵局南投34支),61827828,0.00,20.00,電信費用(郵局現金存款手續費),金錢,南投縣埔里鎮****,,
294,葉仁創,107年縣(市)議員選舉,首次申報,1071115,交通旅運支出,驛田加油站,28497213,0.00,500.00,油資,金錢,南投縣埔里鎮****,,
295,葉仁創,107年縣(市)議員選舉,首次申報,1071115,雜支支出,東和電機行,38998623,0.00,600.00,雜項購置或修繕費用,金錢,南投縣埔里鎮****,049-*****,
296,葉仁創,107年縣(市)議員選舉,首次申報,1071115,雜支支出,中華郵政(埔里第三市場郵局南投34支),61827828,0.00,84.00,電信費用(郵資),金錢,南投縣埔里鎮****,,
297,葉仁創,107年縣(市)議員選舉,首次申報,1071115,雜支支出,金泰捲門材料行,61828116,0.00,2000.00,雜項購置或修繕費用,金錢,南投縣埔里鎮****,049-*****,
298,葉仁創,107年縣(市)議員選舉,首次申報,1071115,租用宣傳車輛支出,蔡萬福,M12*******,0.00,3000.00,雇用宣傳車輛駕駛支出,金錢,南投縣埔里鎮****,,
299,葉仁創,107年縣(市)議員選舉,首次申報,1071116,雜支支出,花世界園藝,78121557,0.00,800.00,雜項購置或修繕費用,金錢,南投縣埔里鎮****,049-*****,
300,葉仁創,107年縣(市)議員選舉,首次申報,1071116,交通旅運支出,開源企業有限公司,84844454,0.00,480.00,油資,金錢,南投縣國姓鄉****,,
301,葉仁創,107年縣(市)議員選舉,首次申報,1071116,交通旅運支出,埔里加油站股份有限公司,86387143,0.00,800.00,油資,金錢,南投縣埔里鎮****,,
302,葉仁創,107年縣(市)議員選舉,首次申報,1071116,租用宣傳車輛支出,陳進榮,M12*******,0.00,1500.00,雇用宣傳車輛駕駛支出,金錢,南投縣埔里鎮****,0933*****,
303,葉仁創,107年縣(市)議員選舉,首次申報,1071116,人事費用支出,李樂微,M22*******,0.00,1820.00,其他因工作酬勞之給付,金錢,南投縣埔里鎮****,,
304,葉仁創,107年縣(市)議員選舉,首次申報,1071117,雜支支出,中華郵政(埔里郵局總局第28支),62301408,0.00,60.00,電信費用(郵資),金錢,南投縣埔里鎮****,049-*****,
305,葉仁創,107年縣(市)議員選舉,首次申報,1071117,雜支支出,君安小吃部,72430541,0.00,1200.00,餐飲費用,金錢,南投縣埔里鎮****,049-*****,
306,葉仁創,107年縣(市)議員選舉,首次申報,1071118,雜支支出,瀚圖文化事業有限公司,16236277,0.00,12.00,文具用品費用,金錢,南投縣埔里鎮****,049-*****,
307,葉仁創,107年縣(市)議員選舉,首次申報,1071118,交通旅運支出,福懋加油站,19259751,0.00,500.00,油資,金錢,南投縣埔里鎮****,,
308,葉仁創,107年縣(市)議員選舉,首次申報,1071118,交通旅運支出,台灣中油股份有限公司埔里中山加油站,61804698,0.00,420.00,油資,金錢,南投縣埔里鎮****,,
309,葉仁創,107年縣(市)議員選舉,首次申報,1071118,雜支支出,君安小吃部,72430541,0.00,700.00,餐飲費用,金錢,南投縣埔里鎮****,049-*****,
310,葉仁創,107年縣(市)議員選舉,首次申報,1071118,雜支支出,九如五金百貨行,87841748,0.00,250.00,雜項購置或修繕費用,金錢,南投縣埔里鎮****,,
311,葉仁創,107年縣(市)議員選舉,首次申報,1071119,交通旅運支出,NPC全國加油站股份有限公司全國愛蘭交流道加油站,38972877,0.00,1474.00,油資,金錢,南投縣埔里鎮****,,
312,葉仁創,107年縣(市)議員選舉,首次申報,1071119,交通旅運支出,台灣中油股份有限公司埔里中山加油站,61804698,0.00,400.00,油資,金錢,南投縣埔里鎮****,,
313,葉仁創,107年縣(市)議員選舉,首次申報,1071119,雜支支出,明電機車行,61821508,0.00,30.00,雜項購置或修繕費用,金錢,南投縣埔里鎮****,049-*****,
314,葉仁創,107年縣(市)議員選舉,首次申報,1071119,雜支支出,中華郵政(埔里中心碑郵局南投35支),61833700,0.00,60.00,電信費用(郵資),金錢,南投縣埔里鎮****,049-*****,
315,葉仁創,107年縣(市)議員選舉,首次申報,1071119,雜支支出,黑肉麵,78116484,0.00,750.00,餐飲費用,金錢,南投縣埔里鎮****,049-*****,
316,葉仁創,107年縣(市)議員選舉,首次申報,1071120,交通旅運支出,福懋加油站,19259751,0.00,425.00,油資,金錢,南投縣埔里鎮****,,
317,葉仁創,107年縣(市)議員選舉,首次申報,1071120,交通旅運支出,統一精工股份有限公司埔里二站加油站,19262051,0.00,600.00,油資,金錢,南投縣埔里鎮****,,
318,葉仁創,107年縣(市)議員選舉,首次申報,1071120,宣傳支出,普羅文化股份有限公司,53374962,0.00,40280.00,製作宣傳廣告支出,金錢,南投縣埔里鎮****,049-*****,
319,葉仁創,107年縣(市)議員選舉,首次申報,1071120,雜支支出,中華郵政(埔里南光郵局南投36支),61849554,0.00,60.00,電信費用(郵局現金存款手續費),金錢,南投縣埔里鎮****,,
320,葉仁創,107年縣(市)議員選舉,首次申報,1071120,雜支支出,台灣電力公司,61904459,0.00,1284.00,水電瓦斯費用(電費),金錢,南投縣埔里鎮****,,
321,葉仁創,107年縣(市)議員選舉,首次申報,1071120,雜支支出,台灣自來水股份有限公司,97700578,0.00,332.00,水電瓦斯費用(水費),金錢,南投縣埔里鎮****,049-*****,
322,葉仁創,107年縣(市)議員選舉,首次申報,1071120,人事費用支出,陳進榮,M12*******,0.00,42000.00,工資或薪津,金錢,南投縣埔里鎮****,0933*****,
323,葉仁創,107年縣(市)議員選舉,首次申報,1071121,交通旅運支出,福懋興業股份有限公司福懋埔安加油站,26894969,0.00,400.00,油資,金錢,南投縣埔里鎮****,,
324,葉仁創,107年縣(市)議員選舉,首次申報,1071121,交通旅運支出,台灣中油股份有限公司埔里中山加油站,61804698,0.00,400.00,油資,金錢,南投縣埔里鎮****,,
325,葉仁創,107年縣(市)議員選舉,首次申報,1071122,交通旅運支出,福懋興業股份有限公司福懋埔安加油站,26894969,0.00,400.00,油資,金錢,南投縣埔里鎮****,049-*****,
326,葉仁創,107年縣(市)議員選舉,首次申報,1071122,宣傳支出,中,61849554,0.00,5040.00,郵寄競選物品或宣傳廣告支出,金錢,南投縣埔里鎮****,,
327,葉仁創,107年縣(市)議員選舉,首次申報,1071122,雜支支出,中華郵政(竹北嘉豐新竹第29支局),78028454,0.00,20.00,電信費用(郵局現金存款手續費),金錢,新竹縣竹北市****,,
328,葉仁創,107年縣(市)議員選舉,首次申報,1071122,雜支支出,易百分書局,99864695,0.00,121.00,文具用品費用,金錢,南投縣埔里鎮****,,
329,葉仁創,107年縣(市)議員選舉,首次申報,1071123,宣傳支出,宇宙工作室,45505764,0.00,53000.00,製作宣傳廣告支出,金錢,南投縣南投市****,049-*****,
330,葉仁創,107年縣(市)議員選舉,首次申報,1071123,宣傳支出,宇宙工作室,45505764,0.00,56000.00,製作宣傳廣告支出,金錢,南投縣南投市****,049-*****,
331,葉仁創,107年縣(市)議員選舉,首次申報,1071123,宣傳支出,宇宙工作室,45505764,0.00,99000.00,製作宣傳廣告支出,金錢,南投縣南投市****,049-*****,
332,葉仁創,107年縣(市)議員選舉,首次申報,1071123,雜支支出,南投站小吃部,47262840,0.00,2000.00,餐飲費用,金錢,南投縣南投市****,049-*****,
333,葉仁創,107年縣(市)議員選舉,首次申報,1071123,交通旅運支出,台灣中油股份有限公司埔里中山加油站,61804698,0.00,500.00,油資,金錢,南投縣埔里鎮****,,
334,葉仁創,107年縣(市)議員選舉,首次申報,1071123,交通旅運支出,台灣中油股份有限公司埔里北門加油站,62023708,0.00,400.00,油資,金錢,南投縣埔里鎮****,,
335,葉仁創,107年縣(市)議員選舉,首次申報,1071123,租用宣傳車輛支出,陳文曉,M12*******,0.00,15000.00,雇用宣傳車輛駕駛支出,金錢,南投縣埔里鎮****,,
336,葉仁創,107年縣(市)議員選舉,首次申報,1071123,租用宣傳車輛支出,王翠娥,M20*******,0.00,10500.00,雇用宣傳車輛駕駛支出,金錢,南投縣埔里鎮****,0977*****,
337,葉仁創,107年縣(市)議員選舉,首次申報,1071124,雜支支出,牛丼快餐,06130091,0.00,700.00,餐飲費用,金錢,南投縣埔里鎮****,049-*****,
338,葉仁創,107年縣(市)議員選舉,首次申報,1071124,集會支出,三和出租行,09290986,0.00,15000.00,租用設備支出-塑膠椅,金錢,南投縣埔里鎮****,049-*****,
339,葉仁創,107年縣(市)議員選舉,首次申報,1071124,集會支出,三和出租行,09290986,0.00,15000.00,租用設備支出-塑膠椅,金錢,南投縣埔里鎮****,049-*****,
340,葉仁創,107年縣(市)議員選舉,首次申報,1071124,雜支支出,奇詮電腦打字印刷行,78121091,0.00,400.00,文具用品費用,金錢,南投縣埔里鎮****,049-*****,
341,葉仁創,107年縣(市)議員選舉,首次申報,1071125,雜支支出,山雞肉飯,19257509,0.00,1200.00,餐飲費用,金錢,南投縣埔里鎮****,,
342,葉仁創,107年縣(市)議員選舉,首次申報,1071125,交通旅運支出,台灣中油股份有限公司埔里中山加油站,61804698,0.00,300.00,油資,金錢,南投縣埔里鎮****,,
343,葉仁創,107年縣(市)議員選舉,首次申報,1071125,交通旅運支出,台灣中油股份有限公司埔里中山加油站,61804698,0.00,910.00,油資,金錢,南投縣埔里鎮****,,
344,葉仁創,107年縣(市)議員選舉,首次申報,1071125,雜支支出,黑肉麵,781146484,0.00,1275.00,餐飲費用,金錢,南投縣埔里鎮****,049-*****,
345,葉仁創,107年縣(市)議員選舉,首次申報,1071126,租用競選辦事處支出,三和出租行,09290986,0.00,48000.00,租買辦公設備支出,金錢,南投縣埔里鎮****,0926*****,
346,葉仁創,107年縣(市)議員選舉,首次申報,1071126,雜支支出,振宇五金股份有限公司埔里信義分公司,42677026,0.00,235.00,雜項購置或修繕費用,金錢,南投縣埔里鎮****,049-*****,
347,葉仁創,107年縣(市)議員選舉,首次申報,1071127,交通旅運支出,虎山加油站股份有限公司,16335538,0.00,170.00,油資,金錢,南投縣埔里鎮****,,
348,葉仁創,107年縣(市)議員選舉,首次申報,1071127,交通旅運支出,台灣高速鐵路股份有限公司,16446274,0.00,1400.00,搭乘交通工具支出,金錢,臺北市南港區****,,
349,葉仁創,107年縣(市)議員選舉,首次申報,1071127,雜支支出,壹分利百貨大賣場,21421864,0.00,25.00,雜項購置或修繕費用,金錢,南投縣埔里鎮****,049-*****,
350,葉仁創,107年縣(市)議員選舉,首次申報,1071127,雜支支出,潤泰旭展股份有限公司,28449085,0.00,3014.00,餐飲費用,金錢,臺北市南港區****,,
351,葉仁創,107年縣(市)議員選舉,首次申報,1071127,交通旅運支出,台灣中油股份有限公司埔里中山加油站,61804698,0.00,500.00,油資,金錢,南投縣埔里鎮****,,
352,葉仁創,107年縣(市)議員選舉,首次申報,1071127,雜支支出,易百分書局,99864695,0.00,104.00,文具用品費用,金錢,南投縣埔里鎮****,049-*****,
353,葉仁創,107年縣(市)議員選舉,首次申報,1071128,交通旅運支出,台灣中油股份有限公司埔里中山加油站,61804698,0.00,500.00,油資,金錢,南投縣埔里鎮****,,
354,葉仁創,107年縣(市)議員選舉,首次申報,1071128,雜支支出,中華郵政(埔里第三市場郵局南投34支),61827828,0.00,56.00,電信費用(郵資),金錢,東****,,
355,葉仁創,107年縣(市)議員選舉,首次申報,1071128,交通旅運支出,巨登加油站,70601435,0.00,1337.00,油資,金錢,彰化縣和美鎮****,,
356,葉仁創,107年縣(市)議員選舉,首次申報,1071129,交通旅運支出,統一精工股份有限公司鳥松二站加油站,14465599,0.00,507.00,油資,金錢,K高雄縣鳥松****,,
357,葉仁創,107年縣(市)議員選舉,首次申報,1071129,雜支支出,鄉村小吃部,14615485,0.00,23000.00,餐飲費用,金錢,南投縣國姓鄉****,049-*****,
358,葉仁創,107年縣(市)議員選舉,首次申報,1071129,交通旅運支出,台灣高速鐵路股份有限公司,16446274,0.00,765.00,搭乘交通工具支出,金錢,臺北市南港區****,02-8*****,
359,葉仁創,107年縣(市)議員選舉,首次申報,1071129,交通旅運支出,宏益加油站有限公司,16691682,0.00,1740.00,油資,金錢,南投縣國姓鄉****,,
360,葉仁創,107年縣(市)議員選舉,首次申報,1071129,交通旅運支出,台灣中油股份有限公司國姓加油站,61810066,0.00,500.00,油資,金錢,南投縣國姓鄉****,,
361,葉仁創,107年縣(市)議員選舉,首次申報,1071130,雜支支出,文宣工作室,18127347,0.00,475.00,文具用品費用,金錢,南投縣埔里鎮****,049-*****,
362,葉仁創,107年縣(市)議員選舉,首次申報,1071130,雜支支出,晉士書店,2980567,0.00,128.00,文具用品費用,金錢,南投縣埔里鎮****,,
363,葉仁創,107年縣(市)議員選舉,首次申報,1071130,交通旅運支出,NPC全國加油站股份有限公司全國愛蘭交流道加油站,38972877,0.00,1434.00,油資,金錢,南投縣埔里鎮****,,
364,葉仁創,107年縣(市)議員選舉,首次申報,1071130,雜支支出,中華電信股份有限公司,61610406,0.00,1261.00,電信費用,金錢,南投縣埔里鎮****,0800*****,
365,葉仁創,107年縣(市)議員選舉,首次申報,1071130,雜支支出,中華電信股份有限公司,61610406,0.00,2503.00,電信費用,金錢,南投縣埔里鎮****,0800*****,
366,葉仁創,107年縣(市)議員選舉,首次申報,1071130,雜支支出,中華電信股份有限公司,61610406,0.00,6073.00,電信費用,金錢,南投縣埔里鎮****,0800*****,
367,葉仁創,107年縣(市)議員選舉,首次申報,1071130,人事費用支出,曾楷恩,M12*******,0.00,36407.00,工資或薪津,金錢,南投縣埔里鎮****,,
368,葉仁創,107年縣(市)議員選舉,首次申報,1071130,人事費用支出,郭源健,M12*******,0.00,40000.00,工資或薪津,金錢,南投縣埔里鎮****,,
369,葉仁創,107年縣(市)議員選舉,首次申報,1071130,人事費用支出,黃秀菁,M22*******,0.00,13500.00,工資或薪津,金錢,南投縣埔里鎮****,0986*****,
370,葉仁創,107年縣(市)議員選舉,首次申報,1071202,雜支支出,橫濱拉麵東華營業所,72458928,0.00,570.00,餐飲費用,金錢,南投縣埔里鎮****,049-*****,
371,葉仁創,107年縣(市)議員選舉,首次申報,1071204,交通旅運支出,台灣高速鐵路股份有限公司,16446274,0.00,1375.00,搭乘交通工具支出,金錢,臺北市南港區****,02-8*****,
