﻿序號,擬參選人／政黨,選舉名稱,申報序號／年度,交易日期,收支科目,捐贈者／支出對象,身分證／統一編號,收入金額,支出金額,支出用途,金錢類,地址,聯絡電話,資料更正日期
1,黃淑珍,107年縣(市)議員選舉,首次申報,1071007,集會支出,豪唱音響燈光行,41401351,0.00,15000.00,租用設備支出,金錢,新北市新莊區****,,
2,黃淑珍,107年縣(市)議員選舉,首次申報,1071007,集會支出,阿根納餐飲店,72637206,0.00,15000.00,餐飲支出,金錢,基隆市中正區****,,
3,黃淑珍,107年縣(市)議員選舉,首次申報,1071125,人事費用支出,黃瑋萍,C22*******,0.00,80000.00,工資或薪津,金錢,基隆市信義區****,,
4,黃淑珍,107年縣(市)議員選舉,首次申報,1071125,人事費用支出,林春媖,U22*******,0.00,30000.00,工資或薪津,金錢,基隆市中正區****,,
5,黃淑珍,107年縣(市)議員選舉,首次申報,1071125,人事費用支出,潘金松,V10*******,0.00,20000.00,工資或薪津,金錢,基隆市中正區****,,
