﻿序號,擬參選人／政黨,選舉名稱,申報序號／年度,交易日期,收支科目,捐贈者／支出對象,身分證／統一編號,收入金額,支出金額,支出用途,金錢類,地址,聯絡電話,資料更正日期
1,洪偉富,109年立法委員選舉,首次申報,1081118,雜支支出,台中市選舉委員會,52605971,0.00,200000.00,選舉保證金費（未退回保證金者得以報支）,金錢,臺中市中區自****,,
2,洪偉富,109年立法委員選舉,首次申報,1081122,宣傳支出,凱樂視達影像科技有限公司,13034475,0.00,1838.00,製作宣傳廣告支出,金錢,臺中市南屯區****,,
3,洪偉富,109年立法委員選舉,首次申報,1081122,宣傳支出,凱樂視達影像科技有限公司,13034475,0.00,8169.00,製作宣傳廣告支出,金錢,臺中市南屯區****,,
4,洪偉富,109年立法委員選舉,首次申報,1081204,宣傳支出,凱樂視達影像科技有限公司,13034475,0.00,3192.00,製作宣傳廣告支出,金錢,臺中市南屯區****,,
5,洪偉富,109年立法委員選舉,首次申報,1081204,宣傳支出,凱樂視達影像科技有限公司,13034475,0.00,158.00,製作宣傳廣告支出,金錢,臺中市南屯區****,,
6,洪偉富,109年立法委員選舉,首次申報,1081204,宣傳支出,銘豐製袋股份有限公司,27791316,0.00,8568.00,製作宣傳廣告支出,金錢,臺中市西屯區****,,
7,洪偉富,109年立法委員選舉,首次申報,1081204,宣傳支出,綠誠影印工坊,45873177,0.00,216.00,製作宣傳廣告支出,金錢,臺中市南區和****,,
8,洪偉富,109年立法委員選舉,首次申報,1081210,雜支支出,藍新科技股份有限公司,70565326,0.00,25.00,手續費,金錢,,,
9,洪偉富,109年立法委員選舉,首次申報,1081212,宣傳支出,台中福平里郵局,00030692,0.00,2000.00,郵寄競選物品或宣傳廣告支出,金錢,臺中市南區復****,,
10,洪偉富,109年立法委員選舉,首次申報,1081219,宣傳支出,吉揚旗織廣告有限公司,23965413,0.00,17850.00,製作宣傳廣告支出,金錢,臺中市南區復****,,
11,洪偉富,109年立法委員選舉,首次申報,1081219,人事費用支出,尤冠和,B12*******,0.00,3400.00,工資或薪津,金錢,臺中市東區自****,0925*****,
12,洪偉富,109年立法委員選舉,首次申報,1081219,人事費用支出,黃意萬,B12*******,0.00,3000.00,工資或薪津,金錢,臺中市東區東****,0918*****,
13,洪偉富,109年立法委員選舉,首次申報,1081219,人事費用支出,黃秋月,N20*******,0.00,1800.00,工資或薪津,金錢,臺中市中區建****,0902*****,
14,洪偉富,109年立法委員選舉,首次申報,1081219,人事費用支出,葉庭甄,R22*******,0.00,3600.00,工資或薪津,金錢,臺中市東區進****,0968*****,
15,洪偉富,109年立法委員選舉,首次申報,1081219,人事費用支出,藺裕展,T12*******,0.00,600.00,工資或薪津,金錢,臺中市北區文****,0952*****,
16,洪偉富,109年立法委員選舉,首次申報,1081219,人事費用支出,楊玉桂,V22*******,0.00,3600.00,工資或薪津,金錢,臺中市東區東****,0422*****,
17,洪偉富,109年立法委員選舉,首次申報,1090110,人事費用支出,尤冠和,B12*******,0.00,3200.00,工資或薪津,金錢,臺中市東區自****,0925*****,
18,洪偉富,109年立法委員選舉,首次申報,1090110,人事費用支出,黃意萬,B12*******,0.00,2000.00,工資或薪津,金錢,臺中市東區東****,0918*****,
19,洪偉富,109年立法委員選舉,首次申報,1090110,人事費用支出,王怡婷,B22*******,0.00,2500.00,工資或薪津,金錢,臺中市西區繼****,0972*****,
20,洪偉富,109年立法委員選舉,首次申報,1090110,人事費用支出,葉庭甄,R22*******,0.00,6000.00,工資或薪津,金錢,臺中市東區進****,0968*****,
21,洪偉富,109年立法委員選舉,首次申報,1090110,人事費用支出,楊玉桂,V22*******,0.00,6000.00,工資或薪津,金錢,臺中市東區東****,0422*****,
