﻿序號,擬參選人／政黨,選舉名稱,申報序號／年度,交易日期,收支科目,捐贈者／支出對象,身分證／統一編號,收入金額,支出金額,捐贈方式,存入專戶日期,返還/繳庫,支出用途,金錢類,地址,聯絡電話,應揭露之支出對象,支出對象之內部人員姓名,支出對象之內部人員職稱,政黨之內部人員姓名,政黨之內部人員職稱,關係,更正註記,資料更正日期
1,武雪恩,111年臺東縣議員選舉,首次申報,1110928,宣傳支出,長虹實業社,10726517,0.00,40000.00,,,,製作競選物品或宣傳廣告費用（物品名稱-請填寫）,金錢,臺東縣成功鎮****,,否,,,,,,,
2,武雪恩,111年臺東縣議員選舉,首次申報,1111001,宣傳支出,宏成印刷廠,36859478,0.00,48000.00,,,,製作競選物品或宣傳廣告費用（物品名稱-請填寫）,金錢,臺東縣池上鄉****,0898*****,否,,,,,,,
3,武雪恩,111年臺東縣議員選舉,首次申報,1111107,宣傳支出,定豐鞋行,12090152,0.00,40000.00,,,,製作競選物品或宣傳廣告費用（物品名稱-請填寫）,金錢,臺東縣成功鎮****,0898*****,否,,,,,,,
4,武雪恩,111年臺東縣議員選舉,首次申報,1111108,雜支支出,競選總部,V22*******,0.00,1000.00,,,,餐飲費用,非金錢,臺東縣成功鎮****,,否,,,,,,,
5,武雪恩,111年臺東縣議員選舉,首次申報,1111108,雜支支出,競選總部,V22*******,0.00,150.00,,,,餐飲費用,非金錢,臺東縣成功鎮****,,否,,,,,,,
6,武雪恩,111年臺東縣議員選舉,首次申報,1111108,雜支支出,競選總部,V22*******,0.00,1080.00,,,,餐飲費用,非金錢,臺東縣成功鎮****,,否,,,,,,,
7,武雪恩,111年臺東縣議員選舉,首次申報,1111108,雜支支出,競選總部,V22*******,0.00,1600.00,,,,餐飲費用,非金錢,臺東縣成功鎮****,,否,,,,,,,
8,武雪恩,111年臺東縣議員選舉,首次申報,1111108,宣傳支出,競選總部,V22*******,0.00,3200.00,,,,製作競選物品或宣傳廣告費用（物品名稱-鞭炮）,非金錢,臺東縣成功鎮****,,否,,,,,,,
9,武雪恩,111年臺東縣議員選舉,首次申報,1111108,雜支支出,競選總部,V22*******,0.00,2000.00,,,,餐飲費用,非金錢,臺東縣成功鎮****,,否,,,,,,,
10,武雪恩,111年臺東縣議員選舉,首次申報,1111108,雜支支出,競選總部,V22*******,0.00,900.00,,,,餐飲費用,非金錢,臺東縣成功鎮****,,否,,,,,,,
11,武雪恩,111年臺東縣議員選舉,首次申報,1111108,雜支支出,競選總部,V22*******,0.00,1000.00,,,,餐飲費用,非金錢,臺東縣成功鎮****,,否,,,,,,,
12,武雪恩,111年臺東縣議員選舉,首次申報,1111108,雜支支出,競選總部,V22*******,0.00,1000.00,,,,餐飲費用,非金錢,臺東縣成功鎮****,,否,,,,,,,
13,武雪恩,111年臺東縣議員選舉,首次申報,1111108,雜支支出,競選總部,V22*******,0.00,1400.00,,,,餐飲費用,非金錢,臺東縣成功鎮****,,否,,,,,,,
14,武雪恩,111年臺東縣議員選舉,首次申報,1111108,雜支支出,競選總部,V22*******,0.00,3000.00,,,,餐飲費用,非金錢,臺東縣成功鎮****,,否,,,,,,,
15,武雪恩,111年臺東縣議員選舉,首次申報,1111108,雜支支出,競選總部,V22*******,0.00,6400.00,,,,餐飲費用,非金錢,臺東縣成功鎮****,,否,,,,,,,
16,武雪恩,111年臺東縣議員選舉,首次申報,1111108,宣傳支出,競選總部,V22*******,0.00,4000.00,,,,製作競選物品或宣傳廣告費用（物品名稱-掛彩）,非金錢,臺東縣成功鎮****,,否,,,,,,,
17,武雪恩,111年臺東縣議員選舉,首次申報,1111108,雜支支出,競選總部,V22*******,0.00,1500.00,,,,餐飲費用,非金錢,臺東縣成功鎮****,,否,,,,,,,
18,武雪恩,111年臺東縣議員選舉,首次申報,1111108,宣傳支出,競選總部,V22*******,0.00,1300.00,,,,製作競選物品或宣傳廣告費用（物品名稱-祝賀花盆）,非金錢,臺東縣成功鎮****,,否,,,,,,,
19,武雪恩,111年臺東縣議員選舉,首次申報,1111108,宣傳支出,競選總部,V22*******,0.00,1300.00,,,,製作競選物品或宣傳廣告費用（物品名稱-祝賀花盆）,非金錢,臺東縣成功鎮****,,否,,,,,,,
20,武雪恩,111年臺東縣議員選舉,首次申報,1111108,宣傳支出,競選總部,V22*******,0.00,2000.00,,,,製作競選物品或宣傳廣告費用（物品名稱-祝賀花盆）,非金錢,臺東縣成功鎮****,,否,,,,,,,
21,武雪恩,111年臺東縣議員選舉,首次申報,1111108,宣傳支出,競選總部,V22*******,0.00,1200.00,,,,製作競選物品或宣傳廣告費用（物品名稱-祝賀花盆）,非金錢,臺東縣成功鎮****,,否,,,,,,,
22,武雪恩,111年臺東縣議員選舉,首次申報,1111108,宣傳支出,競選總部,V22*******,0.00,3000.00,,,,製作競選物品或宣傳廣告費用（物品名稱-祝賀花盆）,非金錢,臺東縣成功鎮****,,否,,,,,,,
23,武雪恩,111年臺東縣議員選舉,首次申報,1111108,雜支支出,競選總部,V22*******,0.00,4200.00,,,,餐飲費用,非金錢,臺東縣成功鎮****,,否,,,,,,,
24,武雪恩,111年臺東縣議員選舉,首次申報,1111108,雜支支出,競選總部,V22*******,0.00,5000.00,,,,餐飲費用,非金錢,臺東縣成功鎮****,,否,,,,,,,
25,武雪恩,111年臺東縣議員選舉,首次申報,1111108,雜支支出,競選總部,V22*******,0.00,700.00,,,,餐飲費用,非金錢,臺東縣成功鎮****,,否,,,,,,,
26,武雪恩,111年臺東縣議員選舉,首次申報,1111108,宣傳支出,競選總部,V22*******,0.00,2000.00,,,,製作競選物品或宣傳廣告費用（物品名稱-祝賀花盆）,非金錢,臺東縣成功鎮****,,否,,,,,,,
27,武雪恩,111年臺東縣議員選舉,首次申報,1111108,宣傳支出,競選總部,V22*******,0.00,3000.00,,,,製作競選物品或宣傳廣告費用（物品名稱-祝賀花盆）,非金錢,臺東縣成功鎮****,,否,,,,,,,
28,武雪恩,111年臺東縣議員選舉,首次申報,1111108,宣傳支出,競選總部,V22*******,0.00,1500.00,,,,製作競選物品或宣傳廣告費用（物品名稱-祝賀花盆）,非金錢,臺東縣成功鎮****,,否,,,,,,,
29,武雪恩,111年臺東縣議員選舉,首次申報,1111108,宣傳支出,競選總部,V22*******,0.00,1500.00,,,,製作競選物品或宣傳廣告費用（物品名稱-祝賀花盆）,非金錢,臺東縣成功鎮****,,否,,,,,,,
30,武雪恩,111年臺東縣議員選舉,首次申報,1111108,雜支支出,競選總部,V22*******,0.00,3000.00,,,,餐飲費用,非金錢,臺東縣成功鎮****,,否,,,,,,,
31,武雪恩,111年臺東縣議員選舉,首次申報,1111108,宣傳支出,競選總部,V22*******,0.00,1200.00,,,,製作競選物品或宣傳廣告費用（物品名稱-祝賀花盆）,非金錢,臺東縣成功鎮****,,否,,,,,,,
32,武雪恩,111年臺東縣議員選舉,首次申報,1111108,雜支支出,競選總部,V22*******,0.00,3000.00,,,,餐飲費用,非金錢,臺東縣成功鎮****,,否,,,,,,,
33,武雪恩,111年臺東縣議員選舉,首次申報,1111108,雜支支出,競選總部,V22*******,0.00,1500.00,,,,餐飲費用,非金錢,臺東縣成功鎮****,,否,,,,,,,
