﻿序號,擬參選人／政黨,選舉名稱,申報序號／年度,交易日期,收支科目,捐贈者／支出對象,身分證／統一編號,收入金額,支出金額,支出用途,金錢類,地址,聯絡電話,資料更正日期
1,紀百鍊,107年鄉(鎮、市)民代表選舉,首次申報,1070831,個人捐贈收入,費孟倫,,1000.00,0.00,,金錢,,0908*****,
2,紀百鍊,107年鄉(鎮、市)民代表選舉,首次申報,1070905,個人捐贈收入,盧依汝,,2000.00,0.00,,金錢,,0925*****,
3,紀百鍊,107年鄉(鎮、市)民代表選舉,首次申報,1070905,個人捐贈收入,李隆地,,2000.00,0.00,,金錢,,0982*****,
4,紀百鍊,107年鄉(鎮、市)民代表選舉,首次申報,1071026,個人捐贈收入,蕭麗玉,,10000.00,0.00,,金錢,,0492*****,
