﻿序號,擬參選人／政黨,選舉名稱,申報序號／年度,交易日期,收支科目,捐贈者／支出對象,身分證／統一編號,收入金額,支出金額,支出用途,金錢類,地址,聯絡電話,資料更正日期
1,翁麗吟,107年縣(市)議員選舉,首次申報,1071025,個人捐贈收入,李德龍,,5000.00,0.00,,金錢,,0988*****,
2,翁麗吟,107年縣(市)議員選舉,首次申報,1071031,個人捐贈收入,陳國雄,E10*******,30000.00,0.00,,金錢,,0955*****,
3,翁麗吟,107年縣(市)議員選舉,首次申報,1071118,營利事業捐贈收入,礐興企業股份有限公司,22988640,100000.00,0.00,,金錢,臺東縣臺東市****,,
4,翁麗吟,107年縣(市)議員選舉,首次申報,1071120,個人捐贈收入,曾純瑩,V20*******,20000.00,0.00,,金錢,臺東縣池上鄉****,0921*****,
5,翁麗吟,107年縣(市)議員選舉,首次申報,1071221,其他收入,利息收入,,4.00,0.00,,金錢,,,
