﻿序號,擬參選人／政黨,選舉名稱,申報序號／年度,交易日期,收支科目,捐贈者／支出對象,身分證／統一編號,收入金額,支出金額,支出用途,金錢類,地址,聯絡電話,資料更正日期
1,趙偉寰,107年村(里)長選舉,首次申報,1070920,匿名捐贈,梁加宏,,147.00,0.00,,金錢,,,
2,趙偉寰,107年村(里)長選舉,首次申報,1070920,個人捐贈收入,寗先文,B12*******,30000.00,0.00,,金錢,屏東縣屏東市****,,
3,趙偉寰,107年村(里)長選舉,首次申報,1070920,個人捐贈收入,湯寬蘊,D22*******,1000.00,0.00,,金錢,臺南市南區南****,,
4,趙偉寰,107年村(里)長選舉,首次申報,1070921,個人捐贈收入,郭俊良,E12*******,1000.00,0.00,,金錢,臺南市安平區****,,
5,趙偉寰,107年村(里)長選舉,首次申報,1071002,個人捐贈收入,寗先文,B12*******,30000.00,0.00,,金錢,屏東縣屏東市****,,
6,趙偉寰,107年村(里)長選舉,首次申報,1071004,個人捐贈收入,蘇郁絢,E22*******,20000.00,0.00,,金錢,,,
7,趙偉寰,107年村(里)長選舉,首次申報,1071019,個人捐贈收入,郭俊良,E12*******,2000.00,0.00,,金錢,高雄市橋頭區****,,
8,趙偉寰,107年村(里)長選舉,首次申報,1071116,個人捐贈收入,裘佩恩,D12*******,10000.00,0.00,,金錢,臺南市安平區****,,
