﻿序號,擬參選人／政黨,選舉名稱,申報序號／年度,交易日期,收支科目,捐贈者／支出對象,身分證／統一編號,收入金額,支出金額,捐贈方式,存入專戶日期,返還/繳庫,支出用途,金錢類,地址,聯絡電話,應揭露之支出對象,支出對象之內部人員姓名,支出對象之內部人員職稱,政黨之內部人員姓名,政黨之內部人員職稱,關係,更正註記,資料更正日期
1,許又仁,111年臺南市議員選舉,首次申報,1110607,營利事業捐贈收入,友鵬有限公司,23876469,60000.00,0.00,現金,1110609,,,金錢,臺南市仁德區****,,,,,,,,,
2,許又仁,111年臺南市議員選舉,首次申報,1110607,個人捐贈收入,黃淑津,R20*******,20000.00,0.00,現金,1110609,,,金錢,臺南市新化區****,0912*****,,,,,,,,
3,許又仁,111年臺南市議員選舉,首次申報,1110607,個人捐贈收入,陳芳蓉,R22*******,6000.00,0.00,現金,1110609,,,金錢,臺南市歸仁區****,0905*****,,,,,,,,
4,許又仁,111年臺南市議員選舉,首次申報,1110622,個人捐贈收入,戴銘正,,20000.00,0.00,匯款,1110622,,,金錢,臺南市永康區****,0929*****,,,,,,,,
5,許又仁,111年臺南市議員選舉,首次申報,1110725,匿名捐贈,匿名1,,1000.00,0.00,匯款,1110725,,,金錢,,,,,,,,,,
6,許又仁,111年臺南市議員選舉,首次申報,1110725,個人捐贈收入,戴世麒,,1000.00,0.00,匯款,1110725,,,金錢,基隆市安樂區****,0919*****,,,,,,,,
7,許又仁,111年臺南市議員選舉,首次申報,1110727,匿名捐贈,匿名2,,3000.00,0.00,匯款,1110727,,,金錢,,,,,,,,,,
8,許又仁,111年臺南市議員選舉,首次申報,1110729,營利事業捐贈收入,文勝工程行,20351881,10000.00,0.00,匯款,1110729,,,金錢,臺南市歸仁區****,06-2*****,,,,,,,,
9,許又仁,111年臺南市議員選舉,首次申報,1110729,營利事業捐贈收入,盈冠企業社,56932244,10000.00,0.00,匯款,1110729,,,金錢,臺南市歸仁區****,06-2*****,,,,,,,,
10,許又仁,111年臺南市議員選舉,首次申報,1110729,營利事業捐贈收入,天成包裝機械企業有限公司,96853287,30000.00,0.00,匯款,1110729,,,金錢,臺南市歸仁區****,06-2*****,,,,,,,,
11,許又仁,111年臺南市議員選舉,首次申報,1110729,個人捐贈收入,黃頂典,R12*******,30000.00,0.00,匯款,1110729,,,金錢,臺南市歸仁區****,0937*****,,,,,,,,
12,許又仁,111年臺南市議員選舉,首次申報,1110730,個人捐贈收入,陳俊男,,10000.00,0.00,匯款,1110730,,,金錢,臺南市官田區****,0956*****,,,,,,,,
13,許又仁,111年臺南市議員選舉,首次申報,1110801,個人捐贈收入,楊金松,,2500.00,0.00,匯款,1110801,,,金錢,臺南市歸仁區****,0926*****,,,,,,,,
14,許又仁,111年臺南市議員選舉,首次申報,1110801,個人捐贈收入,楊文長,,2500.00,0.00,匯款,1110801,,,金錢,臺南市歸仁區****,0935*****,,,,,,,,
15,許又仁,111年臺南市議員選舉,首次申報,1110801,個人捐贈收入,楊金發,,2500.00,0.00,匯款,1110801,,,金錢,臺南市歸仁區****,0935*****,,,,,,,,
16,許又仁,111年臺南市議員選舉,首次申報,1110801,個人捐贈收入,楊麗雲,,2500.00,0.00,匯款,1110801,,,金錢,臺南市歸仁區****,0935*****,,,,,,,,
17,許又仁,111年臺南市議員選舉,首次申報,1110801,營利事業捐贈收入,啓盟工業股份有限公司,72051870,50000.00,0.00,匯款,1110801,,,金錢,臺南市新化區****,06-5*****,,,,,,,,
18,許又仁,111年臺南市議員選舉,首次申報,1110802,營利事業捐贈收入,南良國際股份有限公司（台南分公司）,83132251,100000.00,0.00,匯款,1110802,,,金錢,臺南市永康區****,06-2*****,,,,,,,,
19,許又仁,111年臺南市議員選舉,首次申報,1110803,營利事業捐贈收入,瑞爾工業股份有限公司,84516255,20000.00,0.00,匯款,1110803,,,金錢,臺南市仁德區****,06-2*****,,,,,,,,
20,許又仁,111年臺南市議員選舉,首次申報,1110803,個人捐贈收入,程榮春,R10*******,50000.00,0.00,匯款,1110803,,,金錢,臺南市關廟區****,0955*****,,,,,,,,
21,許又仁,111年臺南市議員選舉,首次申報,1110818,個人捐贈收入,陳逸亮,,10000.00,0.00,匯款,1110818,,,金錢,臺南市仁德區****,0906*****,,,,,,,,
22,許又仁,111年臺南市議員選舉,首次申報,1110819,個人捐贈收入,劉明祥,S12*******,66000.00,0.00,匯款,1110819,,,金錢,臺南市歸仁區****,0910*****,,,,,,,,
23,許又仁,111年臺南市議員選舉,首次申報,1110823,個人捐贈收入,楊昇展,,3000.00,0.00,匯款,1110823,,,金錢,臺南市歸仁區****,0987*****,,,,,,,,
24,許又仁,111年臺南市議員選舉,首次申報,1110824,個人捐贈收入,莊皓閔,,1000.00,0.00,匯款,1110824,,,金錢,臺南市安平區****,0921*****,,,,,,,,
25,許又仁,111年臺南市議員選舉,首次申報,1110824,營利事業捐贈收入,長昕企業行,20360707,10000.00,0.00,匯款,1110824,,,金錢,臺南市仁德區****,06-2*****,,,,,,,,
26,許又仁,111年臺南市議員選舉,首次申報,1110824,個人捐贈收入,邱雅婷,D22*******,1000.00,0.00,匯款,1110824,,,金錢,臺南市永康區****,0921*****,,,,,,,,
27,許又仁,111年臺南市議員選舉,首次申報,1110824,個人捐贈收入,楊啟宗,K12*******,1000.00,0.00,匯款,1110824,,,金錢,臺南市永康區****,0922*****,,,,,,,,
28,許又仁,111年臺南市議員選舉,首次申報,1110824,個人捐贈收入,陳自治,L12*******,1000.00,0.00,匯款,1110824,,,金錢,臺南市東區中****,0937*****,,,,,,,,
29,許又仁,111年臺南市議員選舉,首次申報,1110824,個人捐贈收入,李博明,R12*******,1000.00,0.00,匯款,1110824,,,金錢,臺南市永康區****,0937*****,,,,,,,,
30,許又仁,111年臺南市議員選舉,首次申報,1110824,個人捐贈收入,王嘉雋,R12*******,500.00,0.00,匯款,1110824,,,金錢,臺南市永康區****,0963*****,,,,,,,,
31,許又仁,111年臺南市議員選舉,首次申報,1110824,個人捐贈收入,薛國信,R12*******,2500.00,0.00,匯款,1110824,,,金錢,臺南市歸仁區****,0910*****,,,,,,,,
32,許又仁,111年臺南市議員選舉,首次申報,1110825,人民團體捐贈收入,嘉義市教師職業工會,,10000.00,0.00,匯款,1110825,,,金錢,嘉義市東區宣****,05-2*****,,,,,,,,
33,許又仁,111年臺南市議員選舉,首次申報,1110825,人民團體捐贈收入,嘉義縣教師職業工會,,5000.00,0.00,匯款,1110825,,,金錢,嘉義市東區宣****,05-2*****,,,,,,,,
34,許又仁,111年臺南市議員選舉,首次申報,1110904,匿名捐贈,匿名3,,5000.00,0.00,現金,1110904,,,金錢,,,,,,,,,,
35,許又仁,111年臺南市議員選舉,首次申報,1110907,人民團體捐贈收入,新竹市教師職業工會,,2000.00,0.00,匯款,1110907,,,金錢,新竹市東區民****,,,,,,,,,
36,許又仁,111年臺南市議員選舉,首次申報,1110912,個人捐贈收入,王佳麟,R12*******,20000.00,0.00,匯款,1110912,,,金錢,臺南市歸仁區****,,,,,,,,,
37,許又仁,111年臺南市議員選舉,首次申報,1110912,個人捐贈收入,吳秋慧,S22*******,30000.00,0.00,匯款,1110912,,,金錢,臺南市仁德區****,0929*****,,,,,,,,
38,許又仁,111年臺南市議員選舉,首次申報,1110913,匿名捐贈,匿名4,,2000.00,0.00,現金,1110913,,,金錢,,,,,,,,,,
39,許又仁,111年臺南市議員選舉,首次申報,1110913,個人捐贈收入,顧翠琴,,10000.00,0.00,匯款,1110913,,,金錢,基隆市暖暖區****,0975*****,,,,,,,,
40,許又仁,111年臺南市議員選舉,首次申報,1110913,匿名捐贈,匿名16,,10000.00,0.00,匯款,1110913,,,金錢,,,,,,,,,,
41,許又仁,111年臺南市議員選舉,首次申報,1110913,匿名捐贈,匿名17,,10000.00,0.00,匯款,1110913,,,金錢,,,,,,,,,,
42,許又仁,111年臺南市議員選舉,首次申報,1110913,匿名捐贈,匿名19,,6000.00,0.00,匯款,1110913,,,金錢,,,,,,,,,,
43,許又仁,111年臺南市議員選舉,首次申報,1110913,個人捐贈收入,張舜卿,R12*******,30000.00,0.00,匯款,1110913,,,金錢,臺南市東區南****,0933*****,,,,,,,,
44,許又仁,111年臺南市議員選舉,首次申報,1110913,個人捐贈收入,康富期,R12*******,30000.00,0.00,匯款,1110913,,,金錢,臺南市安平區****,0919*****,,,,,,,,
45,許又仁,111年臺南市議員選舉,首次申報,1110914,個人捐贈收入,康德祥,,6000.00,0.00,匯款,1110914,,,金錢,臺南市歸仁區****,0970*****,,,,,,,,
46,許又仁,111年臺南市議員選舉,首次申報,1110914,匿名捐贈,匿名18,,1000.00,0.00,匯款,1110914,,,金錢,,,,,,,,,,
47,許又仁,111年臺南市議員選舉,首次申報,1110914,個人捐贈收入,許清陽,,20000.00,0.00,匯款,1110914,,,金錢,臺南市歸仁區****,06-3*****,,,,,,,,
48,許又仁,111年臺南市議員選舉,首次申報,1110914,個人捐贈收入,朱政威,P12*******,100000.00,0.00,匯款,1110914,,,金錢,臺南市關廟區****,0981*****,,,,,,,,
49,許又仁,111年臺南市議員選舉,首次申報,1110914,個人捐贈收入,陳富榮,S10*******,10000.00,0.00,匯款,1110914,,,金錢,臺南市歸仁區****,0955*****,,,,,,,,
50,許又仁,111年臺南市議員選舉,首次申報,1110915,個人捐贈收入,吳姉芬,,3000.00,0.00,匯款,1110915,,,金錢,臺南市北區文****,0937*****,,,,,,,,
51,許又仁,111年臺南市議員選舉,首次申報,1110915,個人捐贈收入,黃盟城,,2000.00,0.00,匯款,1110915,,,金錢,臺南市仁德區****,0918*****,,,,,,,,
52,許又仁,111年臺南市議員選舉,首次申報,1110915,人民團體捐贈收入,宏遠興業（股）公司企業工會,,10000.00,0.00,匯款,1110915,,,金錢,臺南市山上區****,06-5*****,,,,,,,,
53,許又仁,111年臺南市議員選舉,首次申報,1110915,個人捐贈收入,黃銀姝,,5000.00,0.00,匯款,1110915,,,金錢,臺南市安南區****,0921*****,,,,,,,,
54,許又仁,111年臺南市議員選舉,首次申報,1110915,個人捐贈收入,黃文相,,30000.00,0.00,匯款,1110915,,,金錢,臺南市關廟區****,0955*****,,,,,,,,
55,許又仁,111年臺南市議員選舉,首次申報,1110915,個人捐贈收入,沈俊翰,,20000.00,0.00,匯款,1110915,,,金錢,臺南市仁德區****,0910*****,,,,,,,,
56,許又仁,111年臺南市議員選舉,首次申報,1110915,個人捐贈收入,許秀蓮,,10000.00,0.00,匯款,1110915,,,金錢,臺南市關廟區****,0935*****,,,,,,,,
57,許又仁,111年臺南市議員選舉,首次申報,1110915,營利事業捐贈收入,天寶清潔有限公司,86537234,15000.00,0.00,匯款,1110915,,,金錢,臺南市歸仁區****,06-2*****,,,,,,,,
58,許又仁,111年臺南市議員選舉,首次申報,1110916,個人捐贈收入,陳韻如,,5000.00,0.00,匯款,1110916,,,金錢,臺南市永康區****,0912*****,,,,,,,,
59,許又仁,111年臺南市議員選舉,首次申報,1110917,個人捐贈收入,徐進文,,1000.00,0.00,匯款,1110917,,,金錢,臺南市歸仁區****,0927*****,,,,,,,,
60,許又仁,111年臺南市議員選舉,首次申報,1110918,匿名捐贈,匿名5,,3000.00,0.00,匯款,1110918,,,金錢,,,,,,,,,,
61,許又仁,111年臺南市議員選舉,首次申報,1110919,個人捐贈收入,游士印,,10000.00,0.00,匯款,1110919,,,金錢,臺南市歸仁區****,0933*****,,,,,,,,
62,許又仁,111年臺南市議員選舉,首次申報,1110920,個人捐贈收入,許春木,,20000.00,0.00,匯款,1110920,,,金錢,臺南市官田區****,06-6*****,,,,,,,,
63,許又仁,111年臺南市議員選舉,首次申報,1110920,營利事業捐贈收入,正義忠法律事務所,81943472,36000.00,0.00,匯款,1110920,,,金錢,臺南市歸仁區****,06-2*****,,,,,,,,
64,許又仁,111年臺南市議員選舉,首次申報,1110920,營利事業捐贈收入,天成包裝機械企業有限公司,96853287,50000.00,0.00,匯款,1110920,,,金錢,臺南市歸仁區****,06-2*****,,,,,,,,
65,許又仁,111年臺南市議員選舉,首次申報,1110921,個人捐贈收入,李俊毅,,10000.00,0.00,匯款,1110921,,,金錢,新北市中和區****,0921*****,,,,,,,,
66,許又仁,111年臺南市議員選舉,首次申報,1110922,個人捐贈收入,許順喬,,2000.00,0.00,匯款,1110922,,,金錢,臺南市新化區****,06-5*****,,,,,,,,
67,許又仁,111年臺南市議員選舉,首次申報,1110923,營利事業捐贈收入,祐昕工業股份有限公司,64961123,20000.00,0.00,現金,1110923,,,金錢,臺南市關廟區****,,,,,,,,,
68,許又仁,111年臺南市議員選舉,首次申報,1110923,個人捐贈收入,陳文鎮,R12*******,10000.00,0.00,匯款,1110923,,,金錢,臺南市歸仁區****,,,,,,,,,
69,許又仁,111年臺南市議員選舉,首次申報,1110923,個人捐贈收入,楊榮福,R12*******,30000.00,0.00,匯款,1110923,,,金錢,臺南市仁德區****,0963*****,,,,,,,,
70,許又仁,111年臺南市議員選舉,首次申報,1110926,匿名捐贈,匿名6,,5000.00,0.00,匯款,1110926,,,金錢,,,,,,,,,,
71,許又仁,111年臺南市議員選舉,首次申報,1110928,匿名捐贈,匿名7,,3600.00,0.00,匯款,1110928,,,金錢,,,,,,,,,,
72,許又仁,111年臺南市議員選舉,首次申報,1110929,個人捐贈收入,林汶珈,,10000.00,0.00,匯款,1110929,,,金錢,臺南市關廟區****,0910*****,,,,,,,,
73,許又仁,111年臺南市議員選舉,首次申報,1110929,個人捐贈收入,陳嘉文,,10000.00,0.00,匯款,1110929,,,金錢,臺南市歸仁區****,0916*****,,,,,,,,
74,許又仁,111年臺南市議員選舉,首次申報,1110930,個人捐贈收入,盧進榮,R12*******,5000.00,0.00,匯款,1110930,,,金錢,臺南市關廟區****,0932*****,,,,,,,,
75,許又仁,111年臺南市議員選舉,首次申報,1110930,個人捐贈收入,張鳳月,R22*******,5000.00,0.00,匯款,1110930,,,金錢,臺南市關廟區****,0915*****,,,,,,,,
76,許又仁,111年臺南市議員選舉,首次申報,1111003,營利事業捐贈收入,巨利工業股份有限公司,68140197,10000.00,0.00,匯款,1111003,,,金錢,臺南市仁德區****,0937*****,,,,,,,,
77,許又仁,111年臺南市議員選舉,首次申報,1111004,個人捐贈收入,黃玫菁,,20000.00,0.00,匯款,1111004,,,金錢,臺南市東區裕****,0939*****,,,,,,,,
78,許又仁,111年臺南市議員選舉,首次申報,1111004,個人捐贈收入,吳中發,,3000.00,0.00,匯款,1111004,,,金錢,臺南市歸仁區****,0918*****,,,,,,,,
79,許又仁,111年臺南市議員選舉,首次申報,1111004,營利事業捐贈收入,大武山牧場科技股份有限公司,28554142,30000.00,0.00,匯款,1111004,,,金錢,屏東縣新埤鄉****,08-7*****,,,,,,,,
80,許又仁,111年臺南市議員選舉,首次申報,1111004,個人捐贈收入,許繁清,R10*******,30000.00,0.00,匯款,1111004,,,金錢,臺南市歸仁區****,,,,,,,,,
81,許又仁,111年臺南市議員選舉,首次申報,1111004,個人捐贈收入,杜彥均,R12*******,50000.00,0.00,匯款,1111004,,,金錢,臺南市歸仁區****,06-2*****,,,,,,,,
82,許又仁,111年臺南市議員選舉,首次申報,1111004,個人捐贈收入,杜文智,R12*******,50000.00,0.00,匯款,1111004,,,金錢,臺南市歸仁區****,06-2*****,,,,,,,,
83,許又仁,111年臺南市議員選舉,首次申報,1111004,個人捐贈收入,杜菀真,R22*******,50000.00,0.00,匯款,1111004,,,金錢,臺南市歸仁區****,,,,,,,,,
84,許又仁,111年臺南市議員選舉,首次申報,1111004,個人捐贈收入,卓美慧,R22*******,50000.00,0.00,匯款,1111004,,,金錢,臺南市歸仁區****,06-2*****,,,,,,,,
85,許又仁,111年臺南市議員選舉,首次申報,1111004,個人捐贈收入,吳麗華,R22*******,5000.00,0.00,匯款,1111004,,,金錢,臺南市歸仁區****,,,,,,,,,
86,許又仁,111年臺南市議員選舉,首次申報,1111005,個人捐贈收入,黃琨雄,,10000.00,0.00,匯款,1111005,,,金錢,臺南市永康區****,0985*****,,,,,,,,
87,許又仁,111年臺南市議員選舉,首次申報,1111005,個人捐贈收入,林晉名,,3000.00,0.00,匯款,1111005,,,金錢,臺南市歸仁區****,06-2*****,,,,,,,,
88,許又仁,111年臺南市議員選舉,首次申報,1111006,人民團體捐贈收入,社團法人台南市牙醫師公會,,20000.00,0.00,匯款,1111006,,,金錢,臺南市永康區****,,,,,,,,,
89,許又仁,111年臺南市議員選舉,首次申報,1111008,匿名捐贈,匿名8,,5000.00,0.00,匯款,1111008,,,金錢,,,,,,,,,,
90,許又仁,111年臺南市議員選舉,首次申報,1111011,個人捐贈收入,張輝長,,20000.00,0.00,匯款,1111011,,,金錢,臺南市關廟區****,0936*****,,,,,,,,
91,許又仁,111年臺南市議員選舉,首次申報,1111011,個人捐贈收入,黃啟興,,5000.00,0.00,匯款,1111011,,,金錢,臺南市歸仁區****,0988*****,,,,,,,,
92,許又仁,111年臺南市議員選舉,首次申報,1111011,個人捐贈收入,王志峰,R12*******,60000.00,0.00,匯款,1111011,,,金錢,臺南市歸仁區****,0922*****,,,,,,,,
93,許又仁,111年臺南市議員選舉,首次申報,1111012,個人捐贈收入,張玉山,,20000.00,0.00,匯款,1111012,,,金錢,高雄市左營區****,,,,,,,,,
94,許又仁,111年臺南市議員選舉,首次申報,1111017,個人捐贈收入,李世欽,,10000.00,0.00,匯款,1111017,,,金錢,臺南市關廟區****,0919*****,,,,,,,,
95,許又仁,111年臺南市議員選舉,首次申報,1111017,個人捐贈收入,吳德和,,10000.00,0.00,匯款,1111017,,,金錢,臺南市關廟區****,,,,,,,,,
96,許又仁,111年臺南市議員選舉,首次申報,1111019,個人捐贈收入,林忠生,,20000.00,0.00,匯款,1111019,,,金錢,臺南市歸仁區****,0926*****,,,,,,,,
97,許又仁,111年臺南市議員選舉,首次申報,1111019,個人捐贈收入,楊建,,10000.00,0.00,匯款,1111019,,,金錢,臺南市龍崎區****,0926*****,,,,,,,,
98,許又仁,111年臺南市議員選舉,首次申報,1111019,個人捐贈收入,蔡進國,,8600.00,0.00,匯款,1111019,,,金錢,臺南市歸仁區****,0921*****,,,,,,,,
99,許又仁,111年臺南市議員選舉,首次申報,1111019,個人捐贈收入,陳建宏,,2000.00,0.00,匯款,1111019,,,金錢,高雄市鳳山區****,0929*****,,,,,,,,
100,許又仁,111年臺南市議員選舉,首次申報,1111019,個人捐贈收入,徐源凱,,2000.00,0.00,匯款,1111019,,,金錢,臺北市北投區****,0919*****,,,,,,,,
101,許又仁,111年臺南市議員選舉,首次申報,1111019,個人捐贈收入,楊長頲,N12*******,20000.00,0.00,匯款,1111019,,,金錢,臺南市歸仁區****,0921*****,,,,,,,,
102,許又仁,111年臺南市議員選舉,首次申報,1111019,個人捐贈收入,楊正富,R12*******,2000.00,0.00,匯款,1111019,,,金錢,臺南市關廟區****,0922*****,,,,,,,,
103,許又仁,111年臺南市議員選舉,首次申報,1111020,個人捐贈收入,黃鴻儒,,10000.00,0.00,匯款,1111020,,,金錢,高雄市鼓山區****,0928*****,,,,,,,,
104,許又仁,111年臺南市議員選舉,首次申報,1111021,個人捐贈收入,王怜惠,,30000.00,0.00,匯款,1111021,,,金錢,臺南市東區龍****,0926*****,,,,,,,,
105,許又仁,111年臺南市議員選舉,首次申報,1111021,個人捐贈收入,王正加,,10000.00,0.00,匯款,1111021,,,金錢,臺南市永康區****,0921*****,,,,,,,,
106,許又仁,111年臺南市議員選舉,首次申報,1111021,個人捐贈收入,羅德水,,6000.00,0.00,匯款,1111021,,,金錢,臺北市中山區****,0917*****,,,,,,,,
107,許又仁,111年臺南市議員選舉,首次申報,1111021,個人捐贈收入,林愛國,,10000.00,0.00,匯款,1111021,,,金錢,臺南市歸仁區****,0910*****,,,,,,,,
108,許又仁,111年臺南市議員選舉,首次申報,1111021,個人捐贈收入,洪金生,,10000.00,0.00,匯款,1111021,,,金錢,臺南市歸仁區****,0912*****,,,,,,,,
109,許又仁,111年臺南市議員選舉,首次申報,1111021,個人捐贈收入,魏燦文,D10*******,30000.00,0.00,匯款,1111021,,,金錢,臺南市北區文****,06-2*****,,,,,,,,
110,許又仁,111年臺南市議員選舉,首次申報,1111021,個人捐贈收入,陳進泰,R10*******,30000.00,0.00,匯款,1111021,,,金錢,臺南市仁德區****,0928*****,,,,,,,,
111,許又仁,111年臺南市議員選舉,首次申報,1111022,個人捐贈收入,王穗香,,4168.00,0.00,匯款,1111022,,,金錢,臺南市仁德區****,,,,,,,,,
112,許又仁,111年臺南市議員選舉,首次申報,1111022,個人捐贈收入,黃盈富,R12*******,30000.00,0.00,匯款,1111022,,,金錢,臺南市歸仁區****,0937*****,,,,,,,,
113,許又仁,111年臺南市議員選舉,首次申報,1111024,個人捐贈收入,許永坤,,5000.00,0.00,匯款,1111024,,,金錢,臺南市北區自****,0933*****,,,,,,,,
114,許又仁,111年臺南市議員選舉,首次申報,1111024,個人捐贈收入,藍婕予,,2000.00,0.00,匯款,1111024,,,金錢,臺南市歸仁區****,0972*****,,,,,,,,
115,許又仁,111年臺南市議員選舉,首次申報,1111024,營利事業捐贈收入,大亞環保股份有限公司,23251632,100000.00,0.00,匯款,1111024,,,金錢,臺南市仁德區****,06-2*****,,,,,,,,
116,許又仁,111年臺南市議員選舉,首次申報,1111025,個人捐贈收入,許榮春,,10000.00,0.00,匯款,1111025,,,金錢,臺南市歸仁區****,0937*****,,,,,,,,
117,許又仁,111年臺南市議員選舉,首次申報,1111025,個人捐贈收入,陳盈全,,2000.00,0.00,匯款,1111025,,,金錢,臺南市安南區****,0916*****,,,,,,,,
118,許又仁,111年臺南市議員選舉,首次申報,1111025,人民團體捐贈收入,新北市教育人員產業工會,,5000.00,0.00,匯款,1111025,,,金錢,新北市中和區****,,,,,,,,,
119,許又仁,111年臺南市議員選舉,首次申報,1111025,個人捐贈收入,林松宏,,3000.00,0.00,匯款,1111025,,,金錢,新北市中和區****,,,,,,,,,
120,許又仁,111年臺南市議員選舉,首次申報,1111026,人民團體捐贈收入,宜蘭縣教師職業工會,,5000.00,0.00,匯款,1111026,,,金錢,宜蘭縣宜蘭市****,,,,,,,,,
121,許又仁,111年臺南市議員選舉,首次申報,1111026,個人捐贈收入,許嘉文,,10000.00,0.00,匯款,1111026,,,金錢,臺南市東區崇****,,,,,,,,,
122,許又仁,111年臺南市議員選舉,首次申報,1111026,個人捐贈收入,羅焜哲,,6600.00,0.00,匯款,1111026,,,金錢,臺南市歸仁區****,,,,,,,,,
123,許又仁,111年臺南市議員選舉,首次申報,1111027,匿名捐贈,匿名11,,2000.00,0.00,匯款,1111027,,,金錢,,,,,,,,,,
124,許又仁,111年臺南市議員選舉,首次申報,1111027,個人捐贈收入,華國泰,,5000.00,0.00,匯款,1111027,,,金錢,臺南市歸仁區****,06-2*****,,,,,,,,
125,許又仁,111年臺南市議員選舉,首次申報,1111027,個人捐贈收入,王柏鈞,,2000.00,0.00,匯款,1111027,,,金錢,臺南市永康區****,0912*****,,,,,,,,
126,許又仁,111年臺南市議員選舉,首次申報,1111027,個人捐贈收入,卓英杰,R12*******,50000.00,0.00,匯款,1111027,,,金錢,臺南市歸仁區****,0938*****,,,,,,,,
127,許又仁,111年臺南市議員選舉,首次申報,1111028,個人捐贈收入,黃百逸,,2000.00,0.00,匯款,1111028,,,金錢,臺南市仁德區****,0919*****,,,,,,,,
128,許又仁,111年臺南市議員選舉,首次申報,1111031,個人捐贈收入,顏國峰,,10000.00,0.00,匯款,1111031,,,金錢,臺南市下營區****,0930*****,,,,,,,,
129,許又仁,111年臺南市議員選舉,首次申報,1111101,匿名捐贈,匿名12,,3000.00,0.00,匯款,1111101,,,金錢,,,,,,,,,,
130,許又仁,111年臺南市議員選舉,首次申報,1111101,個人捐贈收入,許金銀,,3000.00,0.00,匯款,1111101,,,金錢,臺南市歸仁區****,0910*****,,,,,,,,
131,許又仁,111年臺南市議員選舉,首次申報,1111101,個人捐贈收入,張慶和,,20000.00,0.00,匯款,1111101,,,金錢,臺南市永康區****,0931*****,,,,,,,,
132,許又仁,111年臺南市議員選舉,首次申報,1111101,營利事業捐贈收入,統全工程有限公司,22518330,20000.00,0.00,匯款,1111101,,,金錢,臺南市關廟區****,06-5*****,,,,,,,,
133,許又仁,111年臺南市議員選舉,首次申報,1111101,營利事業捐贈收入,介順一企業股份有限公司,27903781,36000.00,0.00,匯款,1111101,,,金錢,臺南市仁德區****,0921*****,,,,,,,,
134,許又仁,111年臺南市議員選舉,首次申報,1111101,營利事業捐贈收入,坤弘水電工程有限公司,84525141,10000.00,0.00,匯款,1111101,,,金錢,臺南市歸仁區****,06-2*****,,,,,,,,
135,許又仁,111年臺南市議員選舉,首次申報,1111101,個人捐贈收入,李宏明,R10*******,30000.00,0.00,匯款,1111101,,,金錢,臺南市龍崎區****,0926*****,,,,,,,,
136,許又仁,111年臺南市議員選舉,首次申報,1111103,人民團體捐贈收入,基隆市教師職業工會,,5000.00,0.00,匯款,1111103,,,金錢,基隆市暖暖區****,02-2*****,,,,,,,,
137,許又仁,111年臺南市議員選舉,首次申報,1111106,匿名捐贈,匿名13,,1000.00,0.00,匯款,1111106,,,金錢,,,,,,,,,,
138,許又仁,111年臺南市議員選舉,首次申報,1111107,個人捐贈收入,鄭琨楹,,20000.00,0.00,匯款,1111107,,,金錢,臺南市關廟區****,0988*****,,,,,,,,
139,許又仁,111年臺南市議員選舉,首次申報,1111107,個人捐贈收入,張瑞泰,,20000.00,0.00,匯款,1111107,,,金錢,臺南市歸仁區****,0988*****,,,,,,,,
140,許又仁,111年臺南市議員選舉,首次申報,1111107,個人捐贈收入,張億龍,,20000.00,0.00,匯款,1111107,,,金錢,臺南市歸仁區****,0936*****,,,,,,,,
141,許又仁,111年臺南市議員選舉,首次申報,1111107,個人捐贈收入,林楨棋,,6600.00,0.00,匯款,1111107,,,金錢,臺南市歸仁區****,06-3*****,,,,,,,,
142,許又仁,111年臺南市議員選舉,首次申報,1111108,人民團體捐贈收入,社團法人臺南市85樂活關懷協會,,10000.00,0.00,匯款,1111108,,,金錢,臺南市歸仁區****,,,,,,,,,
143,許又仁,111年臺南市議員選舉,首次申報,1111108,個人捐贈收入,康秀華,,2000.00,0.00,匯款,1111108,,,金錢,臺南市北區開****,,,,,,,,,
144,許又仁,111年臺南市議員選舉,首次申報,1111108,個人捐贈收入,林挺枝,,2000.00,0.00,匯款,1111108,,,金錢,臺南市北區開****,,,,,,,,,
145,許又仁,111年臺南市議員選舉,首次申報,1111108,個人捐贈收入,鄭富優,,2000.00,0.00,匯款,1111108,,,金錢,臺南市關廟區****,0926*****,,,,,,,,
146,許又仁,111年臺南市議員選舉,首次申報,1111108,個人捐贈收入,林仙化,,5000.00,0.00,匯款,1111108,,,金錢,臺南市龍崎區****,,,,,,,,,
147,許又仁,111年臺南市議員選舉,首次申報,1111108,個人捐贈收入,柯天福,,5000.00,0.00,匯款,1111108,,,金錢,臺南市歸仁區****,0937*****,,,,,,,,
148,許又仁,111年臺南市議員選舉,首次申報,1111108,個人捐贈收入,黃煥彰,,6600.00,0.00,匯款,1111108,,,金錢,臺南市東區裕****,,,,,,,,,
149,許又仁,111年臺南市議員選舉,首次申報,1111108,個人捐贈收入,林春美,,6000.00,0.00,匯款,1111108,,,金錢,臺南市關廟區****,,,,,,,,,
150,許又仁,111年臺南市議員選舉,首次申報,1111108,個人捐贈收入,陳春財,,15000.00,0.00,匯款,1111108,,,金錢,臺南市永康區****,0937*****,,,,,,,,
151,許又仁,111年臺南市議員選舉,首次申報,1111108,個人捐贈收入,蔡木盛,,10000.00,0.00,匯款,1111108,,,金錢,臺南市歸仁區****,0916*****,,,,,,,,
152,許又仁,111年臺南市議員選舉,首次申報,1111108,個人捐贈收入,張高忠,,10000.00,0.00,匯款,1111108,,,金錢,臺南市歸仁區****,,,,,,,,,
153,許又仁,111年臺南市議員選舉,首次申報,1111108,個人捐贈收入,楊景匡,,10000.00,0.00,匯款,1111108,,,金錢,臺南市永康區****,0937*****,,,,,,,,
154,許又仁,111年臺南市議員選舉,首次申報,1111108,個人捐贈收入,呂順淵,,10000.00,0.00,匯款,1111108,,,金錢,臺南市關廟區****,0932*****,,,,,,,,
155,許又仁,111年臺南市議員選舉,首次申報,1111108,個人捐贈收入,林允長,,20000.00,0.00,匯款,1111108,,,金錢,臺南市龍崎區****,0926*****,,,,,,,,
156,許又仁,111年臺南市議員選舉,首次申報,1111108,個人捐贈收入,陳石森,,10000.00,0.00,匯款,1111108,,,金錢,臺南市龍崎區****,,,,,,,,,
157,許又仁,111年臺南市議員選舉,首次申報,1111108,個人捐贈收入,郭國勝,,5000.00,0.00,匯款,1111108,,,金錢,臺南市永康區****,0919*****,,,,,,,,
158,許又仁,111年臺南市議員選舉,首次申報,1111108,個人捐贈收入,陳吉安,,5000.00,0.00,匯款,1111108,,,金錢,臺南市歸仁區****,06-3*****,,,,,,,,
159,許又仁,111年臺南市議員選舉,首次申報,1111108,個人捐贈收入,黃昭富,,5000.00,0.00,匯款,1111108,,,金錢,臺南市永康區****,0920*****,,,,,,,,
160,許又仁,111年臺南市議員選舉,首次申報,1111108,個人捐贈收入,吳政隆,,5000.00,0.00,匯款,1111108,,,金錢,臺南市永康區****,,,,,,,,,
161,許又仁,111年臺南市議員選舉,首次申報,1111108,個人捐贈收入,許舜傑,,10000.00,0.00,匯款,1111108,,,金錢,屏東縣內埔鄉****,0919*****,,,,,,,,
162,許又仁,111年臺南市議員選舉,首次申報,1111108,個人捐贈收入,鄭文發,,5000.00,0.00,匯款,1111108,,,金錢,臺南市歸仁區****,06-2*****,,,,,,,,
163,許又仁,111年臺南市議員選舉,首次申報,1111108,個人捐贈收入,吳秀琴,,4461.00,0.00,匯款,1111108,,,金錢,臺南市歸仁區****,06-3*****,,,,,,,,
164,許又仁,111年臺南市議員選舉,首次申報,1111108,個人捐贈收入,蔡惠如,,3000.00,0.00,匯款,1111108,,,金錢,臺南市永康區****,0975*****,,,,,,,,
165,許又仁,111年臺南市議員選舉,首次申報,1111108,個人捐贈收入,鄭語千,,3000.00,0.00,匯款,1111108,,,金錢,臺南市永康區****,0960*****,,,,,,,,
166,許又仁,111年臺南市議員選舉,首次申報,1111108,個人捐贈收入,楊天來,,2000.00,0.00,匯款,1111108,,,金錢,臺南市關廟區****,0937*****,,,,,,,,
167,許又仁,111年臺南市議員選舉,首次申報,1111108,個人捐贈收入,郭文郁,,2000.00,0.00,匯款,1111108,,,金錢,臺南市關廟區****,0922*****,,,,,,,,
168,許又仁,111年臺南市議員選舉,首次申報,1111108,個人捐贈收入,邱雅婷,,2000.00,0.00,匯款,1111108,,,金錢,臺南市永康區****,0921*****,,,,,,,,
169,許又仁,111年臺南市議員選舉,首次申報,1111108,個人捐贈收入,許可茵,,2000.00,0.00,匯款,1111108,,,金錢,臺南市永康區****,0956*****,,,,,,,,
170,許又仁,111年臺南市議員選舉,首次申報,1111108,個人捐贈收入,周亮吟,,1000.00,0.00,匯款,1111108,,,金錢,臺南市永康區****,0921*****,,,,,,,,
171,許又仁,111年臺南市議員選舉,首次申報,1111108,個人捐贈收入,程英淑,,1000.00,0.00,匯款,1111108,,,金錢,臺南市永康區****,0965*****,,,,,,,,
172,許又仁,111年臺南市議員選舉,首次申報,1111108,個人捐贈收入,孫柏嵐,,1000.00,0.00,匯款,1111108,,,金錢,臺南市永康區****,0918*****,,,,,,,,
173,許又仁,111年臺南市議員選舉,首次申報,1111108,個人捐贈收入,黃玉婷,,1000.00,0.00,匯款,1111108,,,金錢,臺南市永康區****,0958*****,,,,,,,,
174,許又仁,111年臺南市議員選舉,首次申報,1111108,個人捐贈收入,鄭玉華,,1000.00,0.00,匯款,1111108,,,金錢,臺南市永康區****,0953*****,,,,,,,,
175,許又仁,111年臺南市議員選舉,首次申報,1111108,個人捐贈收入,林美玲,,1000.00,0.00,匯款,1111108,,,金錢,臺南市永康區****,0928*****,,,,,,,,
176,許又仁,111年臺南市議員選舉,首次申報,1111108,個人捐贈收入,王頌婉,,1000.00,0.00,匯款,1111108,,,金錢,臺南市永康區****,0919*****,,,,,,,,
177,許又仁,111年臺南市議員選舉,首次申報,1111108,個人捐贈收入,郭玫君,,1000.00,0.00,匯款,1111108,,,金錢,臺南市永康區****,0922*****,,,,,,,,
178,許又仁,111年臺南市議員選舉,首次申報,1111108,個人捐贈收入,康嘉芝,,1000.00,0.00,匯款,1111108,,,金錢,臺南市永康區****,0929*****,,,,,,,,
179,許又仁,111年臺南市議員選舉,首次申報,1111108,個人捐贈收入,顏妙容,,1000.00,0.00,匯款,1111108,,,金錢,臺南市永康區****,0919*****,,,,,,,,
180,許又仁,111年臺南市議員選舉,首次申報,1111108,匿名捐贈,匿名,,3000.00,0.00,匯款,1111108,,,金錢,,,,,,,,,,
181,許又仁,111年臺南市議員選舉,首次申報,1111108,營利事業捐贈收入,奇和企業股份有限公司,22410324,10000.00,0.00,匯款,1111108,,,金錢,臺南市關廟區****,0932*****,,,,,,,,
182,許又仁,111年臺南市議員選舉,首次申報,1111108,營利事業捐贈收入,宜福護理之家,47850782,50000.00,0.00,匯款,1111108,,,金錢,臺南市歸仁區****,06-2*****,,,,,,,,
183,許又仁,111年臺南市議員選舉,首次申報,1111108,個人捐贈收入,徐茂松,R10*******,16800.00,0.00,匯款,1111108,,,金錢,臺南市關廟區****,,,,,,,,,
184,許又仁,111年臺南市議員選舉,首次申報,1111109,個人捐贈收入,余永宸,,20000.00,0.00,匯款,1111109,,,金錢,臺南市仁德區****,0905*****,,,,,,,,
185,許又仁,111年臺南市議員選舉,首次申報,1111109,個人捐贈收入,洪淑惠,,10000.00,0.00,匯款,1111109,,,金錢,臺南市關廟區****,06-5*****,,,,,,,,
186,許又仁,111年臺南市議員選舉,首次申報,1111109,個人捐贈收入,滕英文,,10000.00,0.00,匯款,1111109,,,金錢,臺南市仁德區****,0921*****,,,,,,,,
187,許又仁,111年臺南市議員選舉,首次申報,1111109,營利事業捐贈收入,慧同企業有限公司,16710098,10000.00,0.00,現金,1111109,,,金錢,臺南市關廟區****,06-3*****,,,,,,,,
188,許又仁,111年臺南市議員選舉,首次申報,1111110,個人捐贈收入,陳玉花,,6000.00,0.00,匯款,1111110,,,金錢,臺南市關廟區****,0928*****,,,,,,,,
189,許又仁,111年臺南市議員選舉,首次申報,1111110,個人捐贈收入,蔡志定,,1000.00,0.00,匯款,1111110,,,金錢,臺南市六甲區****,0929*****,,,,,,,,
190,許又仁,111年臺南市議員選舉,首次申報,1111110,個人捐贈收入,翁士民,,10000.00,0.00,匯款,1111110,,,金錢,臺南市歸仁區****,0913*****,,,,,,,,
191,許又仁,111年臺南市議員選舉,首次申報,1111110,營利事業捐贈收入,燦博實業股份有限公司,28070287,10000.00,0.00,匯款,1111110,,,金錢,臺南市歸仁區****,06-2*****,,,,,,,,
192,許又仁,111年臺南市議員選舉,首次申報,1111113,個人捐贈收入,方世齡,,4168.00,0.00,匯款,1111113,,,金錢,宜蘭縣宜蘭市****,,,,,,,,,
193,許又仁,111年臺南市議員選舉,首次申報,1111115,個人捐贈收入,楊進丁,,10000.00,0.00,匯款,1111115,,,金錢,臺南市關廟區****,0932*****,,,,,,,,
194,許又仁,111年臺南市議員選舉,首次申報,1111115,個人捐贈收入,林尚志,,5000.00,0.00,匯款,1111115,,,金錢,臺南市關廟區****,06-3*****,,,,,,,,
195,許又仁,111年臺南市議員選舉,首次申報,1111115,個人捐贈收入,陳寶瓊,,3000.00,0.00,匯款,1111115,,,金錢,臺南市歸仁區****,0958*****,,,,,,,,
196,許又仁,111年臺南市議員選舉,首次申報,1111115,個人捐贈收入,李志哲,,2000.00,0.00,匯款,1111115,,,金錢,臺南市歸仁區****,0932*****,,,,,,,,
197,許又仁,111年臺南市議員選舉,首次申報,1111115,營利事業捐贈收入,亞儷丁商行,21604961,20000.00,0.00,匯款,1111115,,,金錢,臺南市歸仁區****,0932*****,,,,,,,,
198,許又仁,111年臺南市議員選舉,首次申報,1111115,營利事業捐贈收入,明潔企業社,47833383,20000.00,0.00,匯款,1111115,,,金錢,臺南市永康區****,0972*****,,,,,,,,
199,許又仁,111年臺南市議員選舉,首次申報,1111115,個人捐贈收入,林宜萱,F22*******,50000.00,0.00,匯款,1111115,,,金錢,臺北市萬華區****,02-8*****,,,,,,,,
200,許又仁,111年臺南市議員選舉,首次申報,1111117,個人捐贈收入,許瑞結,,3000.00,0.00,匯款,1111117,,,金錢,臺南市關廟區****,06-5*****,,,,,,,,
201,許又仁,111年臺南市議員選舉,首次申報,1111120,匿名捐贈,匿名14,,2000.00,0.00,匯款,1111120,,,金錢,,,,,,,,,,
202,許又仁,111年臺南市議員選舉,首次申報,1111121,匿名捐贈,匿名15,,5000.00,0.00,匯款,1111121,,,金錢,,,,,,,,,,
203,許又仁,111年臺南市議員選舉,首次申報,1111121,個人捐贈收入,許育瑞,,3000.00,0.00,匯款,1111121,,,金錢,臺南市東區崇****,0937*****,,,,,,,,
204,許又仁,111年臺南市議員選舉,首次申報,1111122,個人捐贈收入,王春生,,10000.00,0.00,匯款,1111122,,,金錢,臺南市仁德區****,0933*****,,,,,,,,
205,許又仁,111年臺南市議員選舉,首次申報,1111122,個人捐贈收入,馮梅綾,,10000.00,0.00,匯款,1111122,,,金錢,臺南市仁德區****,0933*****,,,,,,,,
206,許又仁,111年臺南市議員選舉,首次申報,1111122,個人捐贈收入,蘇美華,,6000.00,0.00,匯款,1111122,,,金錢,臺南市關廟區****,0988*****,,,,,,,,
207,許又仁,111年臺南市議員選舉,首次申報,1111122,個人捐贈收入,蔡勝煌,,6000.00,0.00,匯款,1111122,,,金錢,臺南市歸仁區****,0921*****,,,,,,,,
208,許又仁,111年臺南市議員選舉,首次申報,1111122,個人捐贈收入,陳珮蓉,,6000.00,0.00,匯款,1111122,,,金錢,臺南市南區大****,0932*****,,,,,,,,
209,許又仁,111年臺南市議員選舉,首次申報,1111122,個人捐贈收入,余宗坤,,3000.00,0.00,匯款,1111122,,,金錢,臺南市永康區****,0929*****,,,,,,,,
210,許又仁,111年臺南市議員選舉,首次申報,1111122,個人捐贈收入,陳麗美,R20*******,30000.00,0.00,匯款,1111122,,,金錢,臺南市歸仁區****,06-2*****,,,,,,,,
211,許又仁,111年臺南市議員選舉,首次申報,1111124,個人捐贈收入,薄培瑤,,1500.00,0.00,匯款,1111124,,,金錢,臺南市東區富****,0921*****,,,,,,,,
212,許又仁,111年臺南市議員選舉,首次申報,1111124,個人捐贈收入,沈惠娟,,1500.00,0.00,匯款,1111124,,,金錢,臺南市東區富****,0910*****,,,,,,,,
213,許又仁,111年臺南市議員選舉,首次申報,1111221,其他收入,利息收入,,1575.00,0.00,匯款,1111221,,,金錢,,,,,,,,,,
