﻿序號,擬參選人／政黨,選舉名稱,申報序號／年度,交易日期,收支科目,捐贈者／支出對象,身分證／統一編號,收入金額,支出金額,捐贈方式,存入專戶日期,返還/繳庫,支出用途,金錢類,地址,聯絡電話,應揭露之支出對象,支出對象之內部人員姓名,支出對象之內部人員職稱,政黨之內部人員姓名,政黨之內部人員職稱,關係,更正註記,資料更正日期
1,李文俊,111年臺南市議員選舉,首次申報,1111020,個人捐贈收入,林宏哲,R10*******,100000.00,0.00,匯款,1111020,,,金錢,臺南市善化區****,06-5*****,,,,,,,,
2,李文俊,111年臺南市議員選舉,首次申報,1111026,營利事業捐贈收入,得力實業股份有限公司,73686632,300000.00,0.00,匯款,1111101,,,金錢,臺南市新市區****,06-5*****,,,,,,,,
3,李文俊,111年臺南市議員選舉,首次申報,1111030,營利事業捐贈收入,弘錩工業科技股份有限公司,85080454,100000.00,0.00,現金,1111101,已返還,,金錢,臺南市安定區****,06-5*****,,,,,,,,
4,李文俊,111年臺南市議員選舉,首次申報,1111031,個人捐贈收入,王彥儒,R12*******,100000.00,0.00,匯款,1111101,,,金錢,臺北市大安區****,,,,,,,,,
5,李文俊,111年臺南市議員選舉,首次申報,1111110,個人捐贈收入,王百興,,2000.00,0.00,現金,1111115,,,金錢,臺南市新化區****,0937*****,,,,,,,,
6,李文俊,111年臺南市議員選舉,首次申報,1111110,營利事業捐贈收入,新松子日本料理,10833798,100000.00,0.00,現金,1111115,,,金錢,臺南市麻豆區****,06-5*****,,,,,,,,
7,李文俊,111年臺南市議員選舉,首次申報,1111110,營利事業捐贈收入,欣禾豐營造工程股份有限公司,27663993,200000.00,0.00,匯款,1111115,,,金錢,臺南市東區自****,,,,,,,,,
8,李文俊,111年臺南市議員選舉,首次申報,1111110,營利事業捐贈收入,和興泰建設股份有限公司,53173992,100000.00,0.00,現金,1111115,,,金錢,臺南市北區文****,06-2*****,,,,,,,,
9,李文俊,111年臺南市議員選舉,首次申報,1111110,營利事業捐贈收入,宣禹實業股份有限公司,86209422,100000.00,0.00,匯款,1111115,,,金錢,臺南市山上區****,06-5*****,,,,,,,,
10,李文俊,111年臺南市議員選舉,首次申報,1111117,營利事業捐贈收入,年冠實業股份有限公司,12353062,100000.00,0.00,匯款,1111121,,,金錢,臺南市新營區****,06-6*****,,,,,,,,
11,李文俊,111年臺南市議員選舉,首次申報,1111124,個人捐贈收入,郭順吉,R10*******,6000.00,0.00,匯款,1111130,,,金錢,臺南市玉井區****,0920*****,,,,,,,,
