﻿序號,擬參選人／政黨,選舉名稱,申報序號／年度,交易日期,收支科目,捐贈者／支出對象,身分證／統一編號,收入金額,支出金額,捐贈方式,存入專戶日期,返還/繳庫,支出用途,金錢類,地址,聯絡電話,應揭露之支出對象,支出對象之內部人員姓名,支出對象之內部人員職稱,政黨之內部人員姓名,政黨之內部人員職稱,關係,更正註記,資料更正日期
1,黃淑君,111年新北市議員選舉,第1次賸餘,1120104,支付當選後與其公務有關之費用,郵局,,0.00,256.00,,,,郵資,金錢,新北市板橋區****,,否,,,,,,,
2,黃淑君,111年新北市議員選舉,第1次賸餘,1120109,支付當選後與其公務有關之費用,良品塑膠行,34431247,0.00,225.00,,,,膠圈,金錢,新北市板橋區****,,否,,,,,,,
3,黃淑君,111年新北市議員選舉,第1次賸餘,1120110,支付當選後與其公務有關之費用,創奇設計印刷有限公司,80004366,0.00,2573.00,,,,名片,金錢,新北市新店區****,,否,,,,,,,
4,黃淑君,111年新北市議員選舉,第1次賸餘,1120111,支付當選後與其公務有關之費用,心雅服裝行,15995103,0.00,7056.00,,,,背心+轉印費,金錢,臺北市萬華區****,,否,,,,,,,
5,黃淑君,111年新北市議員選舉,第1次賸餘,1120111,支付當選後與其公務有關之費用,拉拉烘焙工作室,50644082,0.00,120.00,,,,餐飲費用,金錢,新北市板橋區****,,否,,,,,,,
6,黃淑君,111年新北市議員選舉,第1次賸餘,1120112,支付當選後與其公務有關之費用,良品塑膠行,34431247,0.00,225.00,,,,膠圈,金錢,新北市板橋區****,,否,,,,,,,
7,黃淑君,111年新北市議員選舉,第1次賸餘,1120113,支付當選後與其公務有關之費用,良品塑膠行,34431247,0.00,90.00,,,,包材,金錢,新北市板橋區****,,否,,,,,,,
8,黃淑君,111年新北市議員選舉,第1次賸餘,1120113,支付當選後與其公務有關之費用,賓士彩色印刷設計有限公司,86496487,0.00,114419.00,,,,印刷品,金錢,新北市中和區****,,否,,,,,,,
9,黃淑君,111年新北市議員選舉,第1次賸餘,1120114,支付當選後與其公務有關之費用,台灣中油公司油品行銷事業部台北營業處土城廣福路加油站,33032480,0.00,1351.00,,,,油資,金錢,新北市土城區****,,否,,,,,,,
10,黃淑君,111年新北市議員選舉,第1次賸餘,1120116,支付當選後與其公務有關之費用,台灣中油股份有限公司油品行銷事業台北營業處板橋民族路,34548648,0.00,1317.00,,,,油資,金錢,新北市板橋區****,,否,,,,,,,
11,黃淑君,111年新北市議員選舉,第1次賸餘,1120116,支付當選後與其公務有關之費用,梁錦生,Y12*******,0.00,20000.00,,,,工讀費,金錢,台北市松山區****,,否,,,,,,,
12,黃淑君,111年新北市議員選舉,第1次賸餘,1120117,支付當選後與其公務有關之費用,板橋莒光郵局,,0.00,30.00,,,,手續費,金錢,新北市板橋區****,,否,,,,,,,
13,黃淑君,111年新北市議員選舉,第1次賸餘,1120117,支付當選後與其公務有關之費用,良品塑膠行,34431247,0.00,225.00,,,,包材,金錢,新北市板橋區****,,否,,,,,,,
14,黃淑君,111年新北市議員選舉,第1次賸餘,1120118,支付當選後與其公務有關之費用,良品塑膠行,34431247,0.00,135.00,,,,包材,金錢,新北市板橋區****,,否,,,,,,,
15,黃淑君,111年新北市議員選舉,第1次賸餘,1120118,支付當選後與其公務有關之費用,林雪玉,F22*******,0.00,1785.00,,,,工讀費,金錢,新北市板橋區****,,否,,,,,,,
16,黃淑君,111年新北市議員選舉,第1次賸餘,1120118,支付當選後與其公務有關之費用,許舒涵,F22*******,0.00,3060.00,,,,工讀費,金錢,新北市土城區****,,否,,,,,,,
17,黃淑君,111年新北市議員選舉,第1次賸餘,1120118,支付當選後與其公務有關之費用,高秀美,R22*******,0.00,3060.00,,,,工讀費,金錢,新北市中和區****,,否,,,,,,,
18,黃淑君,111年新北市議員選舉,第1次賸餘,1120118,支付當選後與其公務有關之費用,劉冠妤,R22*******,0.00,2465.00,,,,工讀費,金錢,新北市中和區****,,否,,,,,,,
19,黃淑君,111年新北市議員選舉,第1次賸餘,1120119,支付當選後與其公務有關之費用,TDP-3562,,0.00,635.00,,,,計程車車資,金錢,,02-2*****,否,,,,,,,
20,黃淑君,111年新北市議員選舉,第1次賸餘,1120119,支付當選後與其公務有關之費用,玉明廣告社,01945603,0.00,130776.00,,,,帆布,金錢,新北市板橋區****,,否,,,,,,,
21,黃淑君,111年新北市議員選舉,第1次賸餘,1120119,支付當選後與其公務有關之費用,皇星廣告工程行,34464751,0.00,31185.00,,,,廣告製品,金錢,新北市板橋區****,,否,,,,,,,
22,黃淑君,111年新北市議員選舉,第1次賸餘,1120130,支付當選後與其公務有關之費用,陞泰加油站股份有限公司,16204711,0.00,1535.00,,,,油資,金錢,南投縣名間鄉****,,否,,,,,,,
23,黃淑君,111年新北市議員選舉,第1次賸餘,1120130,支付當選後與其公務有關之費用,三竹資訊股份有限公司,86136982,0.00,30000.00,,,,簡訊費,金錢,臺北市中山區****,,否,,,,,,,
24,黃淑君,111年新北市議員選舉,第1次賸餘,1120131,支付當選後與其公務有關之費用,郵局,,0.00,70.00,,,,郵資,金錢,新北市板橋區****,,否,,,,,,,
25,黃淑君,111年新北市議員選舉,第1次賸餘,1120131,支付當選後與其公務有關之費用,郵局,,0.00,288.00,,,,郵資,金錢,新北市板橋區****,,否,,,,,,,
26,黃淑君,111年新北市議員選舉,第1次賸餘,1120131,支付當選後與其公務有關之費用,板橋莒光郵局,,0.00,30.00,,,,手續費,金錢,新北市板橋區****,,否,,,,,,,
27,黃淑君,111年新北市議員選舉,第1次賸餘,1120131,支付當選後與其公務有關之費用,板橋莒光郵局,,0.00,30.00,,,,手續費,金錢,新北市板橋區****,,否,,,,,,,
28,黃淑君,111年新北市議員選舉,第1次賸餘,1120131,支付當選後與其公務有關之費用,板橋莒光郵局,,0.00,30.00,,,,手續費,金錢,新北市板橋區****,,否,,,,,,,
29,黃淑君,111年新北市議員選舉,第1次賸餘,1120131,支付當選後與其公務有關之費用,板橋莒光郵局,,0.00,30.00,,,,手續費,金錢,新北市板橋區****,,否,,,,,,,
30,黃淑君,111年新北市議員選舉,第1次賸餘,1120131,支付當選後與其公務有關之費用,板橋莒光郵局,,0.00,30.00,,,,手續費,金錢,新北市板橋區****,,否,,,,,,,
31,黃淑君,111年新北市議員選舉,第1次賸餘,1120131,支付當選後與其公務有關之費用,板橋莒光郵局,,0.00,30.00,,,,手續費,金錢,新北市板橋區****,,否,,,,,,,
32,黃淑君,111年新北市議員選舉,第1次賸餘,1120131,支付當選後與其公務有關之費用,板橋莒光郵局,,0.00,30.00,,,,手續費,金錢,新北市板橋區****,,否,,,,,,,
33,黃淑君,111年新北市議員選舉,第1次賸餘,1120131,支付當選後與其公務有關之費用,精準刻印鎖行,14644735,0.00,50.00,,,,印章,金錢,新北市板橋區****,,否,,,,,,,
34,黃淑君,111年新北市議員選舉,第1次賸餘,1120131,支付當選後與其公務有關之費用,花田花藝精品名店,95890329,0.00,3503.00,,,,輓聯、墨寶、蘭花,金錢,新北市板橋區****,,否,,,,,,,
35,黃淑君,111年新北市議員選舉,第1次賸餘,1120201,支付當選後與其公務有關之費用,板橋莒光郵局,,0.00,30.00,,,,手續費,金錢,新北市板橋區****,,否,,,,,,,
36,黃淑君,111年新北市議員選舉,第1次賸餘,1120201,支付當選後與其公務有關之費用,台灣連線股份有限公司,24556886,0.00,840.00,,,,LINE官方帳號,金錢,臺北市內湖區****,,否,,,,,,,
37,黃淑君,111年新北市議員選舉,第1次賸餘,1120203,支付當選後與其公務有關之費用,吳明道,P12*******,0.00,25000.00,,,,工讀費,金錢,雲林縣台西鄉****,,否,,,,,,,
38,黃淑君,111年新北市議員選舉,第1次賸餘,1120204,支付當選後與其公務有關之費用,精準刻印鎖行,14644735,0.00,120.00,,,,遙控器電池,金錢,新北市板橋區****,,否,,,,,,,
39,黃淑君,111年新北市議員選舉,第1次賸餘,1120204,支付當選後與其公務有關之費用,精準刻印鎖行,14644735,0.00,130.00,,,,印章,金錢,新北市板橋區****,,否,,,,,,,
40,黃淑君,111年新北市議員選舉,第1次賸餘,1120204,支付當選後與其公務有關之費用,柯好,N20*******,0.00,600.00,,,,工讀費,金錢,新北市板橋區****,,否,,,,,,,
41,黃淑君,111年新北市議員選舉,第1次賸餘,1120205,支付當選後與其公務有關之費用,北基國際股份有限公司,23218091,0.00,1368.00,,,,油資,金錢,新北市板橋區****,,否,,,,,,,
42,黃淑君,111年新北市議員選舉,第1次賸餘,1120209,支付當選後與其公務有關之費用,柯好,N20*******,0.00,150.00,,,,工讀費,金錢,新北市板橋區****,,否,,,,,,,
43,黃淑君,111年新北市議員選舉,第1次賸餘,1120213,支付當選後與其公務有關之費用,板橋莒光郵局,,0.00,30.00,,,,手續費,金錢,新北市板橋區****,,否,,,,,,,
44,黃淑君,111年新北市議員選舉,第1次賸餘,1120213,支付當選後與其公務有關之費用,板橋莒光郵局,,0.00,30.00,,,,手續費,金錢,新北市板橋區****,,否,,,,,,,
45,黃淑君,111年新北市議員選舉,第1次賸餘,1120213,支付當選後與其公務有關之費用,袋袋相傳有限公司,53104829,0.00,728.00,,,,文具用品費用,金錢,臺北市大同區****,,否,,,,,,,
46,黃淑君,111年新北市議員選舉,第1次賸餘,1120214,支付當選後與其公務有關之費用,板橋莒光郵局,,0.00,30.00,,,,手續費,金錢,新北市板橋區****,,否,,,,,,,
47,黃淑君,111年新北市議員選舉,第1次賸餘,1120214,支付當選後與其公務有關之費用,板橋莒光郵局,,0.00,30.00,,,,手續費,金錢,新北市板橋區****,,否,,,,,,,
48,黃淑君,111年新北市議員選舉,第1次賸餘,1120214,支付當選後與其公務有關之費用,板橋莒光郵局,,0.00,30.00,,,,手續費,金錢,新北市板橋區****,,否,,,,,,,
49,黃淑君,111年新北市議員選舉,第1次賸餘,1120215,支付當選後與其公務有關之費用,北基國際股份有限公司,23218091,0.00,1000.00,,,,油資,金錢,新北市板橋區****,,否,,,,,,,
50,黃淑君,111年新北市議員選舉,第1次賸餘,1120217,支付當選後與其公務有關之費用,TDA5101,,0.00,240.00,,,,計程車,金錢,,02-2*****,否,,,,,,,
51,黃淑君,111年新北市議員選舉,第1次賸餘,1120217,支付當選後與其公務有關之費用,板橋莒光郵局,,0.00,30.00,,,,手續費,金錢,新北市板橋區****,,否,,,,,,,
52,黃淑君,111年新北市議員選舉,第1次賸餘,1120218,支付當選後與其公務有關之費用,正隆加油站有限公司,97028905,0.00,1315.00,,,,油資,金錢,新北市板橋區****,,否,,,,,,,
53,黃淑君,111年新北市議員選舉,第1次賸餘,1120220,支付當選後與其公務有關之費用,潤嘉實業有限公司,27807773,0.00,10500.00,,,,多功能保鮮盒+提袋,金錢,新北市中和區****,,否,,,,,,,
54,黃淑君,111年新北市議員選舉,第1次賸餘,1120220,支付當選後與其公務有關之費用,車容坊股份有限公司板橋營業所,85232369,0.00,1365.00,,,,油資,金錢,新北市板橋區****,,否,,,,,,,
55,黃淑君,111年新北市議員選舉,第1次賸餘,1120223,支付當選後與其公務有關之費用,陞泰加油站股份有限公司,16204711,0.00,1414.00,,,,油資,金錢,南投縣名間鄉****,,否,,,,,,,
56,黃淑君,111年新北市議員選舉,第1次賸餘,1120224,支付當選後與其公務有關之費用,郵局,,0.00,16.00,,,,郵票,金錢,新北市板橋區****,,否,,,,,,,
57,黃淑君,111年新北市議員選舉,第1次賸餘,1120224,支付當選後與其公務有關之費用,建強企業有限公司,22441804,0.00,8311.00,,,,影印費,金錢,臺北市中山區****,,否,,,,,,,
58,黃淑君,111年新北市議員選舉,第1次賸餘,1120224,支付當選後與其公務有關之費用,台灣中油股份有限公司油品行銷事業部台北營業處埔墘加油,95867072,0.00,1330.00,,,,油資,金錢,新北市板橋區****,,否,,,,,,,
59,黃淑君,111年新北市議員選舉,第1次賸餘,1120225,支付當選後與其公務有關之費用,吳明道,P12*******,0.00,25000.00,,,,工讀費,金錢,雲林縣台西鄉****,,否,,,,,,,
60,黃淑君,111年新北市議員選舉,第1次賸餘,1120228,支付當選後與其公務有關之費用,花田花藝精品名店,95890329,0.00,6350.00,,,,蘭花、墨寶,金錢,新北市板橋區****,,否,,,,,,,
61,黃淑君,111年新北市議員選舉,第1次賸餘,1120303,支付當選後與其公務有關之費用,郵局,,0.00,64.00,,,,郵資,金錢,新北市板橋區****,,否,,,,,,,
62,黃淑君,111年新北市議員選舉,第1次賸餘,1120304,支付當選後與其公務有關之費用,台灣連線股份有限公司,24556886,0.00,840.00,,,,LINE官方帳號,金錢,臺北市內湖區****,,否,,,,,,,
63,黃淑君,111年新北市議員選舉,第1次賸餘,1120307,支付當選後與其公務有關之費用,郵局,,0.00,288.00,,,,郵票,金錢,新北市板橋區****,,否,,,,,,,
64,黃淑君,111年新北市議員選舉,第1次賸餘,1120308,支付當選後與其公務有關之費用,光仁加油站有限公司,16932752,0.00,1300.00,,,,油資,金錢,新北市板橋區****,,否,,,,,,,
65,黃淑君,111年新北市議員選舉,第1次賸餘,1120313,支付當選後與其公務有關之費用,郵局,,0.00,28.00,,,,郵資,金錢,新北市板橋區****,,否,,,,,,,
66,黃淑君,111年新北市議員選舉,第1次賸餘,1120313,支付當選後與其公務有關之費用,統一超商股份有限公司台北縣第六三四分公司,27247890,0.00,104.00,,,,垃圾袋、膠水,金錢,新北市板橋區****,,否,,,,,,,
67,黃淑君,111年新北市議員選舉,第1次賸餘,1120313,支付當選後與其公務有關之費用,台灣中油股份有限公司油品行銷事業台北營業處板橋民族路,34548648,0.00,1171.00,,,,油資,金錢,新北市板橋區****,,否,,,,,,,
68,黃淑君,111年新北市議員選舉,第1次賸餘,1120314,支付當選後與其公務有關之費用,光仁加油站有限公司,16932752,0.00,1000.00,,,,油資,金錢,新北市板橋區****,,否,,,,,,,
69,黃淑君,111年新北市議員選舉,第1次賸餘,1120314,支付當選後與其公務有關之費用,北基國際股份有限公司,23218091,0.00,200.00,,,,油資,金錢,新北市板橋區****,,否,,,,,,,
70,黃淑君,111年新北市議員選舉,第1次賸餘,1120314,支付當選後與其公務有關之費用,柯好,N20*******,0.00,600.00,,,,工讀費,金錢,新北市板橋區****,,否,,,,,,,
71,黃淑君,111年新北市議員選舉,第1次賸餘,1120317,支付當選後與其公務有關之費用,台灣中油股份有限公司油品行銷事業台北營業處板橋民族路,34548648,0.00,1429.00,,,,油資,金錢,新北市板橋區****,,否,,,,,,,
72,黃淑君,111年新北市議員選舉,第1次賸餘,1120319,支付當選後與其公務有關之費用,四湖加油站有限公司,13063436,0.00,1000.00,,,,油資,金錢,雲林縣四湖鄉****,,否,,,,,,,
73,黃淑君,111年新北市議員選舉,第1次賸餘,1120320,支付當選後與其公務有關之費用,台灣中油（股）油品行銷事業部台北營業處三重重陽路加油站,35051073,0.00,1430.00,,,,油資,金錢,新北市三重區****,,否,,,,,,,
74,黃淑君,111年新北市議員選舉,第1次賸餘,1120321,支付當選後與其公務有關之費用,光仁加油站有限公司,16932752,0.00,1350.00,,,,油資,金錢,新北市板橋區****,,否,,,,,,,
75,黃淑君,111年新北市議員選舉,第1次賸餘,1120321,支付當選後與其公務有關之費用,統一超商股份有限公司台北縣第六三四分公司,27247890,0.00,110.00,,,,餐飲費用,金錢,新北市板橋區****,,否,,,,,,,
76,黃淑君,111年新北市議員選舉,第1次賸餘,1120321,支付當選後與其公務有關之費用,冠亭商行,91549674,0.00,2068.00,,,,餐飲費用,金錢,新北市板橋區****,,否,,,,,,,
77,黃淑君,111年新北市議員選舉,第1次賸餘,1120321,支付當選後與其公務有關之費用,柯好,N20*******,0.00,600.00,,,,工讀費,金錢,新北市板橋區****,,否,,,,,,,
78,黃淑君,111年新北市議員選舉,第1次賸餘,1120323,支付當選後與其公務有關之費用,皇星廣告工程行,34464751,0.00,19110.00,,,,廣告製品,金錢,新北市板橋區****,,否,,,,,,,
79,黃淑君,111年新北市議員選舉,第1次賸餘,1120323,支付當選後與其公務有關之費用,台灣中油股份有限公司油品行銷事業台北營業處板橋民族路,34548648,0.00,934.00,,,,油資,金錢,新北市板橋區****,,否,,,,,,,
80,黃淑君,111年新北市議員選舉,第1次賸餘,1120325,支付當選後與其公務有關之費用,廣源加油站股份有限公司,89338126,0.00,1210.00,,,,油資,金錢,新竹縣芎林鄉****,,否,,,,,,,
81,黃淑君,111年新北市議員選舉,第1次賸餘,1120326,支付當選後與其公務有關之費用,台灣中油股份有限公司油品行銷事業台北營業處板橋民族路,34548648,0.00,1287.00,,,,油資,金錢,新北市板橋區****,,否,,,,,,,
82,黃淑君,111年新北市議員選舉,第1次賸餘,1120327,支付當選後與其公務有關之費用,光仁加油站有限公司,16932752,0.00,1310.00,,,,油資,金錢,新北市板橋區****,,否,,,,,,,
83,黃淑君,111年新北市議員選舉,第1次賸餘,1120328,支付當選後與其公務有關之費用,台灣中油股份有限公司油品行銷事業部台北營業處埔墘加油,95867072,0.00,876.00,,,,油資,金錢,新北市板橋區****,,否,,,,,,,
84,黃淑君,111年新北市議員選舉,第1次賸餘,1120329,支付當選後與其公務有關之費用,協記有限公司,23147934,0.00,1000.00,,,,油資,金錢,臺北市內湖區****,,否,,,,,,,
85,黃淑君,111年新北市議員選舉,第1次賸餘,1120330,支付當選後與其公務有關之費用,台灣中油（股）公司油品行銷事業部台北營業處菜寮站,35873212,0.00,700.00,,,,油資,金錢,新北市三重區****,,否,,,,,,,
86,黃淑君,111年新北市議員選舉,第1次賸餘,1120330,支付當選後與其公務有關之費用,路易莎職人咖啡股份有限公司一一三分公司,91091182,0.00,1308.00,,,,餐飲費用,金錢,新北市板橋區****,,否,,,,,,,
87,黃淑君,111年新北市議員選舉,第1次賸餘,1120331,支付當選後與其公務有關之費用,台灣中油股份有限公司油品行銷事業部台北營業處汀州路加油站,01489458,0.00,900.00,,,,油資,金錢,臺北市中正區****,,否,,,,,,,
88,黃淑君,111年新北市議員選舉,第1次賸餘,1120331,支付當選後與其公務有關之費用,光仁加油站有限公司,16932752,0.00,1200.00,,,,油資,金錢,新北市板橋區****,,否,,,,,,,
89,黃淑君,111年新北市議員選舉,第1次賸餘,1120331,支付當選後與其公務有關之費用,台灣中油股份有限公司油品行銷事業台北營業處板橋民族路,34548648,0.00,1082.00,,,,油資,金錢,新北市板橋區****,,否,,,,,,,
90,黃淑君,111年新北市議員選舉,第1次賸餘,1120331,支付當選後與其公務有關之費用,九乘九數位行銷股份有限公司,83497821,0.00,1027.00,,,,影印紙,金錢,高雄市鼓山區****,,否,,,,,,,
91,黃淑君,111年新北市議員選舉,第1次賸餘,1120401,支付當選後與其公務有關之費用,台灣連線股份有限公司,24556886,0.00,840.00,,,,LINE官方帳號,金錢,臺北市內湖區****,,否,,,,,,,
92,黃淑君,111年新北市議員選舉,第1次賸餘,1120404,支付當選後與其公務有關之費用,四湖加油站有限公司,13063436,0.00,1000.00,,,,油資,金錢,雲林縣四湖鄉****,,否,,,,,,,
93,黃淑君,111年新北市議員選舉,第1次賸餘,1120406,支付當選後與其公務有關之費用,196-2D,,0.00,245.00,,,,計程車車資,金錢,,02-2*****,否,,,,,,,
94,黃淑君,111年新北市議員選舉,第1次賸餘,1120406,支付當選後與其公務有關之費用,光仁加油站有限公司,16932752,0.00,1200.00,,,,油資,金錢,新北市板橋區****,,否,,,,,,,
95,黃淑君,111年新北市議員選舉,第1次賸餘,1120406,支付當選後與其公務有關之費用,光仁加油站有限公司,16932752,0.00,740.00,,,,油資,金錢,新北市板橋區****,,否,,,,,,,
96,黃淑君,111年新北市議員選舉,第1次賸餘,1120406,支付當選後與其公務有關之費用,台灣中油股份有限公司油品行銷事業部台北營業處淡水加油站,37017209,0.00,1000.00,,,,油資,金錢,新北市淡水區****,,否,,,,,,,
97,黃淑君,111年新北市議員選舉,第1次賸餘,1120407,支付當選後與其公務有關之費用,車容坊股份有限公司林口營業所,30178550,0.00,800.00,,,,油資,金錢,新北市林口區****,,否,,,,,,,
98,黃淑君,111年新北市議員選舉,第1次賸餘,1120408,支付當選後與其公務有關之費用,台灣中油股份有限公司油品行銷事業部嘉義營業處麥寮加油站,64920067,0.00,975.00,,,,油資,金錢,雲林縣麥寮鄉****,,否,,,,,,,
99,黃淑君,111年新北市議員選舉,第1次賸餘,1120408,支付當選後與其公務有關之費用,龍形加油站實業有限公司,97422505,0.00,1000.00,,,,油資,金錢,新北市八里區****,,否,,,,,,,
100,黃淑君,111年新北市議員選舉,第1次賸餘,1120409,支付當選後與其公務有關之費用,光仁加油站有限公司,16932752,0.00,1300.00,,,,油資,金錢,新北市板橋區****,,否,,,,,,,
101,黃淑君,111年新北市議員選舉,第1次賸餘,1120409,支付當選後與其公務有關之費用,鬍鬚張股份有限公司板橋江子翠分公司,53350103,0.00,454.00,,,,餐飲費用,金錢,新北市板橋區****,,否,,,,,,,
102,黃淑君,111年新北市議員選舉,第1次賸餘,1120409,支付當選後與其公務有關之費用,鬍鬚張股份有限公司板橋江子翠分公司,53350103,0.00,245.00,,,,餐飲費用,金錢,新北市板橋區****,,否,,,,,,,
103,黃淑君,111年新北市議員選舉,第1次賸餘,1120409,支付當選後與其公務有關之費用,竹圍加油站有限公司,96997854,0.00,1000.00,,,,油資,金錢,新北市淡水區****,,否,,,,,,,
104,黃淑君,111年新北市議員選舉,第1次賸餘,1120409,支付當選後與其公務有關之費用,張明雄,A12*******,0.00,8000.00,,,,工讀費,金錢,新北市中和區****,,否,,,,,,,
105,黃淑君,111年新北市議員選舉,第1次賸餘,1120410,支付當選後與其公務有關之費用,光仁加油站有限公司,16932752,0.00,1000.00,,,,油資,金錢,新北市板橋區****,,否,,,,,,,
106,黃淑君,111年新北市議員選舉,第1次賸餘,1120410,支付當選後與其公務有關之費用,良品塑膠行,34431247,0.00,120.00,,,,手套,金錢,新北市板橋區****,,否,,,,,,,
107,黃淑君,111年新北市議員選舉,第1次賸餘,1120410,支付當選後與其公務有關之費用,百佳泉股份有限公司,89493040,0.00,100000.00,,,,包裝飲用水,金錢,南投縣埔里鎮****,,否,,,,,,,
108,黃淑君,111年新北市議員選舉,第1次賸餘,1120410,支付當選後與其公務有關之費用,彭志成,A12*******,0.00,3000.00,,,,工讀費,金錢,新北市中和區****,,否,,,,,,,
109,黃淑君,111年新北市議員選舉,第1次賸餘,1120410,支付當選後與其公務有關之費用,張明雄,A12*******,0.00,3000.00,,,,工讀費,金錢,新北市中和區****,,否,,,,,,,
110,黃淑君,111年新北市議員選舉,第1次賸餘,1120412,支付當選後與其公務有關之費用,三竹資訊股份有限公司,86136982,0.00,10000.00,,,,簡訊費,金錢,臺北市中山區****,,否,,,,,,,
111,黃淑君,111年新北市議員選舉,第1次賸餘,1120412,支付當選後與其公務有關之費用,竹圍加油站有限公司,96997854,0.00,1000.00,,,,油資,金錢,新北市淡水區****,,否,,,,,,,
112,黃淑君,111年新北市議員選舉,第1次賸餘,1120412,支付當選後與其公務有關之費用,竹圍加油站有限公司,96997854,0.00,850.00,,,,油資,金錢,新北市淡水區****,,否,,,,,,,
113,黃淑君,111年新北市議員選舉,第1次賸餘,1120413,支付當選後與其公務有關之費用,TDF2176,,0.00,580.00,,,,計程車車資,金錢,,02-2*****,否,,,,,,,
114,黃淑君,111年新北市議員選舉,第1次賸餘,1120413,支付當選後與其公務有關之費用,TDP6226,,0.00,315.00,,,,計程車車資,金錢,,02-2*****,否,,,,,,,
115,黃淑君,111年新北市議員選舉,第1次賸餘,1120413,支付當選後與其公務有關之費用,台灣中油股份有限公司油品行銷事業部台北營業處內湖加油站,08590459,0.00,800.00,,,,油資,金錢,臺北市內湖區****,,否,,,,,,,
116,黃淑君,111年新北市議員選舉,第1次賸餘,1120413,支付當選後與其公務有關之費用,台灣中油股份有限公司油品行銷事業部北營業處林口加油站,36201311,0.00,1366.00,,,,油資,金錢,新北市林口區****,,否,,,,,,,
117,黃淑君,111年新北市議員選舉,第1次賸餘,1120414,支付當選後與其公務有關之費用,光仁加油站有限公司,16932752,0.00,800.00,,,,油資,金錢,新北市板橋區****,,否,,,,,,,
118,黃淑君,111年新北市議員選舉,第1次賸餘,1120414,支付當選後與其公務有關之費用,光仁加油站有限公司,16932752,0.00,870.00,,,,油資,金錢,新北市板橋區****,,否,,,,,,,
119,黃淑君,111年新北市議員選舉,第1次賸餘,1120414,支付當選後與其公務有關之費用,良品塑膠行,34431247,0.00,225.00,,,,OPP/包裝材料,金錢,新北市板橋區****,,否,,,,,,,
120,黃淑君,111年新北市議員選舉,第1次賸餘,1120414,支付當選後與其公務有關之費用,得冠皇商行,72866235,0.00,12443.00,,,,毛巾,金錢,新北市樹林區****,,否,,,,,,,
121,黃淑君,111年新北市議員選舉,第1次賸餘,1120414,支付當選後與其公務有關之費用,龍形加油站實業有限公司,97422505,0.00,755.00,,,,油資,金錢,新北市八里區****,,否,,,,,,,
122,黃淑君,111年新北市議員選舉,第1次賸餘,1120415,支付當選後與其公務有關之費用,永秦企業有限公司,27477739,0.00,600.00,,,,油資,金錢,新北市淡水區****,,否,,,,,,,
123,黃淑君,111年新北市議員選舉,第1次賸餘,1120415,支付當選後與其公務有關之費用,永錡加油站股份有限公司,97370730,0.00,800.00,,,,油資,金錢,新北市泰山區****,,否,,,,,,,
124,黃淑君,111年新北市議員選舉,第1次賸餘,1120415,支付當選後與其公務有關之費用,陳黃玉萍,A22*******,0.00,630.00,,,,工讀費,金錢,新北市板橋區****,,否,,,,,,,
125,黃淑君,111年新北市議員選舉,第1次賸餘,1120415,支付當選後與其公務有關之費用,蔡易峻,F12*******,0.00,2000.00,,,,工讀費,金錢,新北市板橋區****,,否,,,,,,,
126,黃淑君,111年新北市議員選舉,第1次賸餘,1120416,支付當選後與其公務有關之費用,光仁加油站有限公司,16932752,0.00,1000.00,,,,油資,金錢,新北市板橋區****,,否,,,,,,,
127,黃淑君,111年新北市議員選舉,第1次賸餘,1120416,支付當選後與其公務有關之費用,永錡加油站股份有限公司,97370730,0.00,650.00,,,,油資,金錢,新北市泰山區****,,否,,,,,,,
128,黃淑君,111年新北市議員選舉,第1次賸餘,1120417,支付當選後與其公務有關之費用,TDS8512,,0.00,250.00,,,,計程車車資,金錢,,02-8*****,否,,,,,,,
129,黃淑君,111年新北市議員選舉,第1次賸餘,1120417,支付當選後與其公務有關之費用,TDL7719,,0.00,265.00,,,,計程車車資,金錢,,02-8*****,否,,,,,,,
130,黃淑君,111年新北市議員選舉,第1次賸餘,1120417,支付當選後與其公務有關之費用,台灣中油股份有限公司油品行銷事業部台北營業處八里加油站,37505158,0.00,800.00,,,,油資,金錢,新北市八里區****,,否,,,,,,,
131,黃淑君,111年新北市議員選舉,第1次賸餘,1120417,支付當選後與其公務有關之費用,永錡加油站股份有限公司,97370730,0.00,680.00,,,,油資,金錢,新北市泰山區****,,否,,,,,,,
132,黃淑君,111年新北市議員選舉,第1次賸餘,1120418,支付當選後與其公務有關之費用,TAS-077,,0.00,305.00,,,,計程車車資,金錢,,02-8*****,否,,,,,,,
133,黃淑君,111年新北市議員選舉,第1次賸餘,1120418,支付當選後與其公務有關之費用,光仁加油站有限公司,16932752,0.00,1200.00,,,,油資,金錢,新北市板橋區****,,否,,,,,,,
134,黃淑君,111年新北市議員選舉,第1次賸餘,1120419,支付當選後與其公務有關之費用,廣源加油站股份有限公司,89338126,0.00,1000.00,,,,油資,金錢,新竹縣芎林鄉****,,否,,,,,,,
135,黃淑君,111年新北市議員選舉,第1次賸餘,1120419,支付當選後與其公務有關之費用,陳冠富,F13*******,0.00,1300.00,,,,工讀費,金錢,新北市板橋區****,,否,,,,,,,
136,黃淑君,111年新北市議員選舉,第1次賸餘,1120420,支付當選後與其公務有關之費用,永錡加油站股份有限公司,97370730,0.00,1000.00,,,,油資,金錢,新北市泰山區****,,否,,,,,,,
137,黃淑君,111年新北市議員選舉,第1次賸餘,1120421,支付當選後與其公務有關之費用,柯好,N20*******,0.00,600.00,,,,工讀費,金錢,新北市板橋區****,,否,,,,,,,
138,黃淑君,111年新北市議員選舉,第1次賸餘,1120422,支付當選後與其公務有關之費用,光仁加油站有限公司,16932752,0.00,1200.00,,,,油資,金錢,新北市板橋區****,,否,,,,,,,
139,黃淑君,111年新北市議員選舉,第1次賸餘,1120422,支付當選後與其公務有關之費用,光仁加油站有限公司,16932752,0.00,500.00,,,,油資,金錢,新北市板橋區****,,否,,,,,,,
140,黃淑君,111年新北市議員選舉,第1次賸餘,1120423,支付當選後與其公務有關之費用,台亞石油股份有限公司台亞八里台北港站,14508627,0.00,502.00,,,,油資,金錢,新北市八里區****,,否,,,,,,,
141,黃淑君,111年新北市議員選舉,第1次賸餘,1120424,支付當選後與其公務有關之費用,光仁加油站有限公司,16932752,0.00,1200.00,,,,油資,金錢,新北市板橋區****,,否,,,,,,,
142,黃淑君,111年新北市議員選舉,第1次賸餘,1120424,支付當選後與其公務有關之費用,大嘉好加油站企業有限公司,23725569,0.00,1000.00,,,,油資,金錢,新北市三芝區****,,否,,,,,,,
143,黃淑君,111年新北市議員選舉,第1次賸餘,1120425,支付當選後與其公務有關之費用,中華電信股份有限公司臺灣北區電信分公司新北營運處,92887342,0.00,2688.00,,,,電信費用,金錢,新北市永和區****,,否,,,,,,,
144,黃淑君,111年新北市議員選舉,第1次賸餘,1120426,支付當選後與其公務有關之費用,亞柏油品事業股份有限公司亞柏土城加油站,72749027,0.00,1000.00,,,,油資,金錢,新北市土城區****,,否,,,,,,,
145,黃淑君,111年新北市議員選舉,第1次賸餘,1120426,支付當選後與其公務有關之費用,車容坊股份有限公司板橋營業所,85232369,0.00,578.00,,,,油資,金錢,新北市板橋區****,,否,,,,,,,
146,黃淑君,111年新北市議員選舉,第1次賸餘,1120427,支付當選後與其公務有關之費用,車容坊股份有限公司板橋營業所,85232369,0.00,549.00,,,,油資,金錢,新北市板橋區****,,否,,,,,,,
147,黃淑君,111年新北市議員選舉,第1次賸餘,1120428,支付當選後與其公務有關之費用,光仁加油站有限公司,16932752,0.00,1200.00,,,,油資,金錢,新北市板橋區****,,否,,,,,,,
148,黃淑君,111年新北市議員選舉,第1次賸餘,1120429,支付當選後與其公務有關之費用,台灣中油股份有限公司油品行銷事業台北營業處板橋民族路,34548648,0.00,1171.00,,,,油資,金錢,新北市板橋區****,,否,,,,,,,
149,黃淑君,111年新北市議員選舉,第1次賸餘,1120501,支付當選後與其公務有關之費用,光仁加油站有限公司,16932752,0.00,1000.00,,,,油資,金錢,新北市板橋區****,,否,,,,,,,
150,黃淑君,111年新北市議員選舉,第1次賸餘,1120501,支付當選後與其公務有關之費用,台灣連線股份有限公司,24556886,0.00,840.00,,,,LINE官方帳號,金錢,臺北市內湖區****,,否,,,,,,,
151,黃淑君,111年新北市議員選舉,第1次賸餘,1120502,支付當選後與其公務有關之費用,北基國際股份有限公司,23218091,0.00,1300.00,,,,油資,金錢,新北市板橋區****,,否,,,,,,,
152,黃淑君,111年新北市議員選舉,第1次賸餘,1120502,支付當選後與其公務有關之費用,車容坊股份有限公司民生營業所,92572146,0.00,990.00,,,,油資,金錢,新北市板橋區****,,否,,,,,,,
153,黃淑君,111年新北市議員選舉,第1次賸餘,1120503,支付當選後與其公務有關之費用,潤嘉實業有限公司,27807773,0.00,9975.00,,,,不鏽鋼單把奶鍋,金錢,新北市中和區****,,否,,,,,,,
154,黃淑君,111年新北市議員選舉,第1次賸餘,1120504,支付當選後與其公務有關之費用,台灣自來水股份有限公司第十二區管理處板橋服務所,01889546,0.00,225.00,,,,水費,金錢,新北市板橋區****,,否,,,,,,,
155,黃淑君,111年新北市議員選舉,第1次賸餘,1120504,支付當選後與其公務有關之費用,潤嘉實業有限公司,27807773,0.00,10500.00,,,,多功能保鮮盒,金錢,新北市中和區****,,否,,,,,,,
156,黃淑君,111年新北市議員選舉,第1次賸餘,1120505,支付當選後與其公務有關之費用,光仁加油站有限公司,16932752,0.00,1200.00,,,,油資,金錢,新北市板橋區****,,否,,,,,,,
157,黃淑君,111年新北市議員選舉,第1次賸餘,1120506,支付當選後與其公務有關之費用,台灣中油股份有限公司油品行銷事業部基隆營業處成功一路加油站,77709565,0.00,1000.00,,,,油資,金錢,基隆市仁愛區****,,否,,,,,,,
158,黃淑君,111年新北市議員選舉,第1次賸餘,1120507,支付當選後與其公務有關之費用,台灣中油公司油品行銷事業部台北營業處土城廣福路加油站,33032480,0.00,851.00,,,,油資,金錢,新北市土城區****,,否,,,,,,,
159,黃淑君,111年新北市議員選舉,第1次賸餘,1120508,支付當選後與其公務有關之費用,台灣電力股份有限公司台北南區營業處,04860092,0.00,6784.00,,,,電費,金錢,新北市板橋區****,,否,,,,,,,
160,黃淑君,111年新北市議員選舉,第1次賸餘,1120508,支付當選後與其公務有關之費用,中華電信股份有限公司臺灣北區電信分公司新北營運處,92887342,0.00,3747.00,,,,電信費用,金錢,新北市永和區****,,否,,,,,,,
161,黃淑君,111年新北市議員選舉,第1次賸餘,1120511,支付當選後與其公務有關之費用,光仁加油站有限公司,16932752,0.00,1000.00,,,,油資,金錢,新北市板橋區****,,否,,,,,,,
162,黃淑君,111年新北市議員選舉,第1次賸餘,1120513,支付當選後與其公務有關之費用,光仁加油站有限公司,16932752,0.00,1000.00,,,,油資,金錢,新北市板橋區****,,否,,,,,,,
163,黃淑君,111年新北市議員選舉,第1次賸餘,1120513,支付當選後與其公務有關之費用,光仁加油站有限公司,16932752,0.00,567.00,,,,油資,金錢,新北市板橋區****,,否,,,,,,,
164,黃淑君,111年新北市議員選舉,第1次賸餘,1120514,支付當選後與其公務有關之費用,車容坊股份有限公司民族路營業所,91653182,0.00,1000.00,,,,油資,金錢,桃園市中壢區****,,否,,,,,,,
165,黃淑君,111年新北市議員選舉,第1次賸餘,1120516,支付當選後與其公務有關之費用,廣源加油站股份有限公司,89338126,0.00,1000.00,,,,油資,金錢,新竹縣芎林鄉****,,否,,,,,,,
166,黃淑君,111年新北市議員選舉,第1次賸餘,1120518,支付當選後與其公務有關之費用,光仁加油站有限公司,16932752,0.00,1200.00,,,,油資,金錢,新北市板橋區****,,否,,,,,,,
167,黃淑君,111年新北市議員選舉,第1次賸餘,1120520,支付當選後與其公務有關之費用,光仁加油站有限公司,16932752,0.00,1200.00,,,,油資,金錢,新北市板橋區****,,否,,,,,,,
168,黃淑君,111年新北市議員選舉,第1次賸餘,1120522,支付當選後與其公務有關之費用,光仁加油站有限公司,16932752,0.00,1300.00,,,,油資,金錢,新北市板橋區****,,否,,,,,,,
169,黃淑君,111年新北市議員選舉,第1次賸餘,1120523,支付當選後與其公務有關之費用,九龍國際廣告有限公司,25055712,0.00,9660.00,,,,廣告費,金錢,新北市土城區****,,否,,,,,,,
170,黃淑君,111年新北市議員選舉,第1次賸餘,1120524,支付當選後與其公務有關之費用,光仁加油站有限公司,16932752,0.00,1300.00,,,,油資,金錢,新北市板橋區****,,否,,,,,,,
171,黃淑君,111年新北市議員選舉,第1次賸餘,1120526,支付當選後與其公務有關之費用,光仁加油站有限公司,16932752,0.00,1000.00,,,,油資,金錢,新北市板橋區****,,否,,,,,,,
172,黃淑君,111年新北市議員選舉,第1次賸餘,1120528,支付當選後與其公務有關之費用,光仁加油站有限公司,16932752,0.00,500.00,,,,停車費,金錢,新北市板橋區****,,否,,,,,,,
173,黃淑君,111年新北市議員選舉,第1次賸餘,1120529,支付當選後與其公務有關之費用,郵局,,0.00,36.00,,,,郵資,金錢,新北市板橋區****,,否,,,,,,,
174,黃淑君,111年新北市議員選舉,第1次賸餘,1120529,支付當選後與其公務有關之費用,助安企業有限公司市立殯儀館停車場,87545768,0.00,50.00,,,,停車費,金錢,新北市板橋區****,,否,,,,,,,
175,黃淑君,111年新北市議員選舉,第1次賸餘,1120530,支付當選後與其公務有關之費用,松寶電機有限公司,01858451,0.00,20000.00,,,,雪平鍋,金錢,新北市板橋區****,,否,,,,,,,
176,黃淑君,111年新北市議員選舉,第1次賸餘,1120530,支付當選後與其公務有關之費用,台灣中油股份有限公司油品行銷事業部台北營業處淡海新市鎮加油站,14176232,0.00,500.00,,,,油資,金錢,新北市淡水區****,,否,,,,,,,
177,黃淑君,111年新北市議員選舉,第1次賸餘,1120531,支付當選後與其公務有關之費用,品富花坊壽香塔店,87192856,0.00,2500.00,,,,蘭花,金錢,彰化縣員林市****,,否,,,,,,,
178,黃淑君,111年新北市議員選舉,第1次賸餘,1120531,支付當選後與其公務有關之費用,花田花藝精品名店,95890329,0.00,700.00,,,,輓聯,金錢,新北市板橋區****,,否,,,,,,,
179,黃淑君,111年新北市議員選舉,第1次賸餘,1120601,支付當選後與其公務有關之費用,建強企業有限公司,22441804,0.00,9200.00,,,,影印費,金錢,臺北市中山區****,,否,,,,,,,
180,黃淑君,111年新北市議員選舉,第1次賸餘,1120601,支付當選後與其公務有關之費用,得冠皇商行,72866235,0.00,2142.00,,,,毛巾,金錢,新北市樹林區****,,否,,,,,,,
181,黃淑君,111年新北市議員選舉,第1次賸餘,1120602,支付當選後與其公務有關之費用,光仁加油站有限公司,16932752,0.00,1000.00,,,,油資,金錢,新北市板橋區****,,否,,,,,,,
182,黃淑君,111年新北市議員選舉,第1次賸餘,1120602,支付當選後與其公務有關之費用,九乘九文具股份有限公司板橋中山分公司,90174369,0.00,629.00,,,,文具用品費用,金錢,新北市板橋區****,,否,,,,,,,
183,黃淑君,111年新北市議員選舉,第1次賸餘,1120604,支付當選後與其公務有關之費用,北基國際股份有限公司,23218091,0.00,1300.00,,,,油資,金錢,新北市板橋區****,,否,,,,,,,
184,黃淑君,111年新北市議員選舉,第1次賸餘,1120605,支付當選後與其公務有關之費用,北基國際股份有限公司,23218091,0.00,1000.00,,,,油資,金錢,新北市板橋區****,,否,,,,,,,
185,黃淑君,111年新北市議員選舉,第1次賸餘,1120606,支付當選後與其公務有關之費用,光仁加油站有限公司,16932752,0.00,1000.00,,,,油資,金錢,新北市板橋區****,,否,,,,,,,
186,黃淑君,111年新北市議員選舉,第1次賸餘,1120607,支付當選後與其公務有關之費用,台灣連線股份有限公司,24556886,0.00,840.00,,,,LINE官方帳號,金錢,臺北市內湖區****,,否,,,,,,,
187,黃淑君,111年新北市議員選舉,第1次賸餘,1120608,支付當選後與其公務有關之費用,光仁加油站有限公司,16932752,0.00,1000.00,,,,油資,金錢,新北市板橋區****,,否,,,,,,,
188,黃淑君,111年新北市議員選舉,第1次賸餘,1120610,支付當選後與其公務有關之費用,台灣中油股份有限公司油品行銷事業部台北營業處淡海新市鎮加油站,14176232,0.00,1072.00,,,,油資,金錢,新新北市淡水****,,否,,,,,,,
189,黃淑君,111年新北市議員選舉,第1次賸餘,1120611,支付當選後與其公務有關之費用,光仁加油站有限公司,16932752,0.00,1000.00,,,,油資,金錢,新北市板橋區****,,否,,,,,,,
190,黃淑君,111年新北市議員選舉,第1次賸餘,1120613,支付當選後與其公務有關之費用,光仁加油站有限公司,16932752,0.00,1000.00,,,,油資,金錢,新北市板橋區****,,否,,,,,,,
191,黃淑君,111年新北市議員選舉,第1次賸餘,1120613,支付當選後與其公務有關之費用,新田食品玩具行,34468911,0.00,6080.00,,,,食品,金錢,新北市板橋區****,,否,,,,,,,
192,黃淑君,111年新北市議員選舉,第1次賸餘,1120615,支付當選後與其公務有關之費用,光仁加油站有限公司,16932752,0.00,1000.00,,,,油資,金錢,新北市板橋區****,,否,,,,,,,
193,黃淑君,111年新北市議員選舉,第1次賸餘,1120616,支付當選後與其公務有關之費用,中華電信股份有限公司臺灣北區電信分公司新北營運處,92887342,0.00,3999.00,,,,電信費用,金錢,新北市永和區****,,否,,,,,,,
194,黃淑君,111年新北市議員選舉,第1次賸餘,1120617,支付當選後與其公務有關之費用,光仁加油站有限公司,16932752,0.00,1000.00,,,,油資,金錢,新北市板橋區****,,否,,,,,,,
195,黃淑君,111年新北市議員選舉,第1次賸餘,1120618,支付當選後與其公務有關之費用,台灣中油股份有限公司油品行銷事業部竹苗營業處頭份加油站,50025202,0.00,975.00,,,,油資,金錢,苗栗縣頭份市****,,否,,,,,,,
196,黃淑君,111年新北市議員選舉,第1次賸餘,1120620,支付當選後與其公務有關之費用,精準刻印鎖行,14644735,0.00,100.00,,,,電池遙控機,金錢,新北市板橋區****,,否,,,,,,,
197,黃淑君,111年新北市議員選舉,第1次賸餘,1120620,支付當選後與其公務有關之費用,台灣中油（股）公司油品行銷事業部台北營業處菜寮站,35873212,0.00,1000.00,,,,油資,金錢,新北市三重區****,,否,,,,,,,
198,黃淑君,111年新北市議員選舉,第1次賸餘,1120622,支付當選後與其公務有關之費用,北基國際股份有限公司,23218091,0.00,1000.00,,,,油資,金錢,新北市板橋區****,,否,,,,,,,
199,黃淑君,111年新北市議員選舉,第1次賸餘,1120625,支付當選後與其公務有關之費用,光仁加油站有限公司,16932752,0.00,1100.00,,,,油資,金錢,新北市板橋區****,,否,,,,,,,
200,黃淑君,111年新北市議員選舉,第1次賸餘,1120625,支付當選後與其公務有關之費用,承鋐股份有限公司新莊營業所,41235229,0.00,440.00,,,,停車費,金錢,新北市新莊區****,,否,,,,,,,
201,黃淑君,111年新北市議員選舉,第1次賸餘,1120627,支付當選後與其公務有關之費用,國道加油站股份有限公司,84867060,0.00,1000.00,,,,油資,金錢,桃園市大溪區****,,否,,,,,,,
202,黃淑君,111年新北市議員選舉,第1次賸餘,1120629,支付當選後與其公務有關之費用,車容坊股份有限公司民生營業所,92572146,0.00,1000.00,,,,油資,金錢,新北市板橋區****,,否,,,,,,,
203,黃淑君,111年新北市議員選舉,第1次賸餘,1120630,支付當選後與其公務有關之費用,統一超商股份有限公司,22555003,0.00,474.00,,,,垃圾袋,金錢,臺北市松山區****,,否,,,,,,,
204,黃淑君,111年新北市議員選舉,第1次賸餘,1120630,支付當選後與其公務有關之費用,花田花藝精品名店,95890329,0.00,2900.00,,,,代客題字+花籃,金錢,新北市板橋區****,,否,,,,,,,
205,黃淑君,111年新北市議員選舉,第1次賸餘,1120701,支付當選後與其公務有關之費用,光仁加油站有限公司,16932752,0.00,1200.00,,,,油資,金錢,新北市板橋區****,,否,,,,,,,
206,黃淑君,111年新北市議員選舉,第1次賸餘,1120701,支付當選後與其公務有關之費用,蕾拉花藝工作室,69816633,0.00,900.00,,,,輓聯,金錢,高雄市前鎮區****,,否,,,,,,,
207,黃淑君,111年新北市議員選舉,第1次賸餘,1120702,支付當選後與其公務有關之費用,台灣中油股份有限公司油品行銷事業部台北營業處泰新加油站,02097304,0.00,1000.00,,,,油資,金錢,新北市泰山區****,,否,,,,,,,
208,黃淑君,111年新北市議員選舉,第1次賸餘,1120704,支付當選後與其公務有關之費用,台灣自來水股份有限公司第十二區管理處板橋服務所,01889546,0.00,225.00,,,,水費,金錢,新北市板橋區****,,否,,,,,,,
209,黃淑君,111年新北市議員選舉,第1次賸餘,1120704,支付當選後與其公務有關之費用,九乘九數位行銷股份有限公司,83497821,0.00,2584.00,,,,水洗彩色筆,金錢,高雄市鼓山區****,,否,,,,,,,
210,黃淑君,111年新北市議員選舉,第1次賸餘,1120705,支付當選後與其公務有關之費用,長壽山加油站股份有限公司,16961427,0.00,1000.00,,,,油資,金錢,新北市三峽區****,,否,,,,,,,
211,黃淑君,111年新北市議員選舉,第1次賸餘,1120707,支付當選後與其公務有關之費用,光仁加油站有限公司,16932752,0.00,1000.00,,,,油資,金錢,新北市板橋區****,,否,,,,,,,
212,黃淑君,111年新北市議員選舉,第1次賸餘,1120709,支付當選後與其公務有關之費用,光仁加油站有限公司,16932752,0.00,1000.00,,,,油資,金錢,新北市板橋區****,,否,,,,,,,
213,黃淑君,111年新北市議員選舉,第1次賸餘,1120710,支付當選後與其公務有關之費用,皇星廣告工程行,34464751,0.00,1890.00,,,,廣告製品,金錢,新北市板橋區****,,否,,,,,,,
214,黃淑君,111年新北市議員選舉,第1次賸餘,1120711,支付當選後與其公務有關之費用,台灣連線股份有限公司,24556886,0.00,840.00,,,,LINE官方帳號,金錢,臺北市內湖區****,,否,,,,,,,
215,黃淑君,111年新北市議員選舉,第1次賸餘,1120713,支付當選後與其公務有關之費用,光仁加油站有限公司,16932752,0.00,1000.00,,,,油資,金錢,新北市板橋區****,,否,,,,,,,
216,黃淑君,111年新北市議員選舉,第1次賸餘,1120715,支付當選後與其公務有關之費用,光仁加油站有限公司,16932752,0.00,1000.00,,,,油資,金錢,新北市板橋區****,,否,,,,,,,
217,黃淑君,111年新北市議員選舉,第1次賸餘,1120717,支付當選後與其公務有關之費用,北基國際股份有限公司,23218091,0.00,1000.00,,,,油資,金錢,新北市板橋區****,,否,,,,,,,
218,黃淑君,111年新北市議員選舉,第1次賸餘,1120719,支付當選後與其公務有關之費用,光仁加油站有限公司,16932752,0.00,1100.00,,,,油資,金錢,新北市板橋區****,,否,,,,,,,
219,黃淑君,111年新北市議員選舉,第1次賸餘,1120721,支付當選後與其公務有關之費用,國豐書局,01941629,0.00,290.00,,,,文具,金錢,新北市板橋區****,,否,,,,,,,
220,黃淑君,111年新北市議員選舉,第1次賸餘,1120722,支付當選後與其公務有關之費用,台灣中油股份有限公司油品行銷事業部北營業處林口加油站,36201311,0.00,1000.00,,,,油資,金錢,新北市林口區****,,否,,,,,,,
221,黃淑君,111年新北市議員選舉,第1次賸餘,1120724,支付當選後與其公務有關之費用,泰和加油站實業有限公司,12882008,0.00,1000.00,,,,油資,金錢,新北市石碇區****,,否,,,,,,,
222,黃淑君,111年新北市議員選舉,第1次賸餘,1120725,支付當選後與其公務有關之費用,真憶實業有限公司,16483306,0.00,10710.00,,,,包裝飲用水,金錢,桃園市中壢區****,,否,,,,,,,
223,黃淑君,111年新北市議員選舉,第1次賸餘,1120725,支付當選後與其公務有關之費用,光仁加油站有限公司,16932752,0.00,980.00,,,,油資,金錢,新北市板橋區****,,否,,,,,,,
224,黃淑君,111年新北市議員選舉,第1次賸餘,1120727,支付當選後與其公務有關之費用,四湖加油站有限公司,13063436,0.00,1200.00,,,,油資,金錢,雲林縣四湖鄉****,,否,,,,,,,
225,黃淑君,111年新北市議員選舉,第1次賸餘,1120728,支付當選後與其公務有關之費用,光仁加油站有限公司,16932752,0.00,1000.00,,,,油資,金錢,新北市板橋區****,,否,,,,,,,
226,黃淑君,111年新北市議員選舉,第1次賸餘,1120728,支付當選後與其公務有關之費用,廖子馨,F23*******,0.00,4200.00,,,,工讀費,金錢,新北市汐止區****,,否,,,,,,,
227,黃淑君,111年新北市議員選舉,第1次賸餘,1120730,支付當選後與其公務有關之費用,永秦企業有限公司,27477739,0.00,1000.00,,,,油資,金錢,新北市淡水區****,,否,,,,,,,
228,黃淑君,111年新北市議員選舉,第1次賸餘,1120731,支付當選後與其公務有關之費用,花田花藝精品名店,95890329,0.00,700.00,,,,代客題字,金錢,新北市板橋區****,,否,,,,,,,
229,黃淑君,111年新北市議員選舉,第1次賸餘,1120803,支付當選後與其公務有關之費用,光仁加油站有限公司,16932752,0.00,1000.00,,,,油資,金錢,新北市板橋區****,,否,,,,,,,
230,黃淑君,111年新北市議員選舉,第1次賸餘,1120806,支付當選後與其公務有關之費用,台灣中油股份有限公司油品行銷事業部台北營業處龍安加油站,01802099,0.00,1074.00,,,,油資,金錢,臺北市大安區****,,否,,,,,,,
231,黃淑君,111年新北市議員選舉,第1次賸餘,1120809,支付當選後與其公務有關之費用,光仁加油站有限公司,16932752,0.00,1200.00,,,,油資,金錢,新北市板橋區****,,否,,,,,,,
232,黃淑君,111年新北市議員選舉,第1次賸餘,1120812,支付當選後與其公務有關之費用,光仁加油站有限公司,16932752,0.00,1000.00,,,,油資,金錢,新北市板橋區****,,否,,,,,,,
233,黃淑君,111年新北市議員選舉,第1次賸餘,1120814,支付當選後與其公務有關之費用,國豐書局,01941629,0.00,540.00,,,,A粉紅紙,金錢,新北市板橋區****,,否,,,,,,,
234,黃淑君,111年新北市議員選舉,第1次賸餘,1120815,支付當選後與其公務有關之費用,光仁加油站有限公司,16932752,0.00,1000.00,,,,油資,金錢,新北市板橋區****,,否,,,,,,,
235,黃淑君,111年新北市議員選舉,第1次賸餘,1120817,支付當選後與其公務有關之費用,北基國際股份有限公司,23218091,0.00,1000.00,,,,油資,金錢,新北市板橋區****,,否,,,,,,,
236,黃淑君,111年新北市議員選舉,第1次賸餘,1120819,支付當選後與其公務有關之費用,光仁加油站有限公司,16932752,0.00,1000.00,,,,油資,金錢,新北市板橋區****,,否,,,,,,,
237,黃淑君,111年新北市議員選舉,第1次賸餘,1120820,支付當選後與其公務有關之費用,車容坊股份有限公司板橋營業所,85232369,0.00,500.00,,,,油資,金錢,新北市板橋區****,,否,,,,,,,
238,黃淑君,111年新北市議員選舉,第1次賸餘,1120821,支付當選後與其公務有關之費用,精準刻印鎖行,14644735,0.00,350.00,,,,日期印章,金錢,新北市板橋區****,,否,,,,,,,
239,黃淑君,111年新北市議員選舉,第1次賸餘,1120821,支付當選後與其公務有關之費用,光仁加油站有限公司,16932752,0.00,1000.00,,,,油資,金錢,新北市板橋區****,,否,,,,,,,
240,黃淑君,111年新北市議員選舉,第1次賸餘,1120827,支付當選後與其公務有關之費用,北基國際股份有限公司,23218091,0.00,1000.00,,,,油資,金錢,新北市板橋區****,,否,,,,,,,
241,黃淑君,111年新北市議員選舉,第1次賸餘,1120829,支付當選後與其公務有關之費用,台灣中油（股）油品行銷事業部台北（營）三重重新路加油站,35068309,0.00,1000.00,,,,油資,金錢,新北市三重區****,,否,,,,,,,
242,黃淑君,111年新北市議員選舉,第1次賸餘,1120831,支付當選後與其公務有關之費用,國豐書局,01941629,0.00,455.00,,,,文具,金錢,新北市板橋區****,,否,,,,,,,
243,黃淑君,111年新北市議員選舉,第1次賸餘,1120831,支付當選後與其公務有關之費用,全國加油站股份有限公司全國中華路加油站,99231003,0.00,1000.00,,,,油資,金錢,新北市土城區****,,否,,,,,,,
244,黃淑君,111年新北市議員選舉,第1次賸餘,1120902,支付當選後與其公務有關之費用,聚輪有限公司,22964485,0.00,1000.00,,,,油資,金錢,新北市三峽區****,,否,,,,,,,
245,黃淑君,111年新北市議員選舉,第1次賸餘,1120903,支付當選後與其公務有關之費用,光仁加油站有限公司,16932752,0.00,1000.00,,,,油資,金錢,新北市板橋區****,,否,,,,,,,
246,黃淑君,111年新北市議員選舉,第1次賸餘,1120905,支付當選後與其公務有關之費用,光仁加油站有限公司,16932752,0.00,1200.00,,,,油資,金錢,新北市板橋區****,,否,,,,,,,
247,黃淑君,111年新北市議員選舉,第1次賸餘,1120908,支付當選後與其公務有關之費用,光仁加油站有限公司,16932752,0.00,1000.00,,,,油資,金錢,新北市板橋區****,,否,,,,,,,
248,黃淑君,111年新北市議員選舉,第1次賸餘,1120913,支付當選後與其公務有關之費用,心雅服裝行,15995103,0.00,2174.00,,,,背心+轉印費,金錢,臺北市萬華區****,,否,,,,,,,
249,黃淑君,111年新北市議員選舉,第1次賸餘,1120913,支付當選後與其公務有關之費用,北基國際股份有限公司,23218091,0.00,1500.00,,,,油資,金錢,新北市板橋區****,,否,,,,,,,
250,黃淑君,111年新北市議員選舉,第1次賸餘,1120915,支付當選後與其公務有關之費用,國豐書局,01941629,0.00,120.00,,,,文具,金錢,新北市板橋區****,,否,,,,,,,
251,黃淑君,111年新北市議員選舉,第1次賸餘,1120915,支付當選後與其公務有關之費用,花田花藝精品名店,95890329,0.00,3000.00,,,,蘭花盆栽,金錢,新北市板橋區****,,否,,,,,,,
252,黃淑君,111年新北市議員選舉,第1次賸餘,1120917,支付當選後與其公務有關之費用,台亞石油股份有限公司台亞八里台北港站,14508627,0.00,1018.00,,,,油資,金錢,新北市八里區****,,否,,,,,,,
253,黃淑君,111年新北市議員選舉,第1次賸餘,1120917,支付當選後與其公務有關之費用,全家加油站股份有限公司中正站,39725951,0.00,1000.00,,,,油資,金錢,臺中市梧棲區****,,否,,,,,,,
254,黃淑君,111年新北市議員選舉,第1次賸餘,1120921,支付當選後與其公務有關之費用,光仁加油站有限公司,16932752,0.00,1300.00,,,,油資,金錢,新北市板橋區****,,否,,,,,,,
255,黃淑君,111年新北市議員選舉,第1次賸餘,1121006,支付當選後與其公務有關之費用,光仁加油站有限公司,16932752,0.00,1400.00,,,,油資,金錢,新北市板橋區****,,否,,,,,,,
256,黃淑君,111年新北市議員選舉,第1次賸餘,1121009,支付當選後與其公務有關之費用,光仁加油站有限公司,16932752,0.00,1186.00,,,,油資,金錢,新北市板橋區****,,否,,,,,,,
257,黃淑君,111年新北市議員選舉,第1次賸餘,1121012,支付當選後與其公務有關之費用,光仁加油站有限公司,16932752,0.00,1200.00,,,,油資,金錢,新北市板橋區****,,否,,,,,,,
258,黃淑君,111年新北市議員選舉,第1次賸餘,1121015,支付當選後與其公務有關之費用,五工有限公司,23949771,0.00,1000.00,,,,油資,金錢,新北市新莊區****,,否,,,,,,,
259,黃淑君,111年新北市議員選舉,第1次賸餘,1121016,支付當選後與其公務有關之費用,國豐書局,01941629,0.00,1020.00,,,,文具用品費用,金錢,新北市板橋區****,,否,,,,,,,
260,黃淑君,111年新北市議員選舉,第1次賸餘,1121017,支付當選後與其公務有關之費用,北基國際股份有限公司,23218091,0.00,1300.00,,,,油資,金錢,新北市板橋區****,,否,,,,,,,
261,黃淑君,111年新北市議員選舉,第1次賸餘,1121020,支付當選後與其公務有關之費用,光仁加油站有限公司,16932752,0.00,1200.00,,,,油資,金錢,新北市板橋區****,,否,,,,,,,
262,黃淑君,111年新北市議員選舉,第1次賸餘,1121021,支付當選後與其公務有關之費用,光騏加油站股份有限公司,16526380,0.00,1410.00,,,,油資,金錢,苗栗縣竹南鎮****,,否,,,,,,,
263,黃淑君,111年新北市議員選舉,第1次賸餘,1121029,支付當選後與其公務有關之費用,台灣中油股份有限公司油品行銷事業部台北營業處三峽站,33031264,0.00,1000.00,,,,油資,金錢,新北市三峽區****,,否,,,,,,,
264,黃淑君,111年新北市議員選舉,第1次賸餘,1121031,支付當選後與其公務有關之費用,花田花藝精品名店,95890329,0.00,1540.00,,,,代客題字,金錢,新北市板橋區****,,否,,,,,,,
265,黃淑君,111年新北市議員選舉,第1次賸餘,1121103,支付當選後與其公務有關之費用,吳振誠,F13*******,0.00,21060.00,,,,工讀費,金錢,新北市板橋區****,,否,,,,,,,
266,黃淑君,111年新北市議員選舉,第1次賸餘,1121107,支付當選後與其公務有關之費用,光仁加油站有限公司,16932752,0.00,1300.00,,,,油資,金錢,新北市板橋區****,,否,,,,,,,
267,黃淑君,111年新北市議員選舉,第1次賸餘,1121109,支付當選後與其公務有關之費用,光仁加油站有限公司,16932752,0.00,1410.00,,,,油資,金錢,新北市板橋區****,,否,,,,,,,
268,黃淑君,111年新北市議員選舉,第1次賸餘,1121110,支付當選後與其公務有關之費用,國豐書局,01941629,0.00,270.00,,,,文具用品費用,金錢,新北市板橋區****,,否,,,,,,,
269,黃淑君,111年新北市議員選舉,第1次賸餘,1121110,支付當選後與其公務有關之費用,國立臺灣大學臨時停車場,18384226,0.00,120.00,,,,停車費,金錢,新北市板橋區****,,否,,,,,,,
270,黃淑君,111年新北市議員選舉,第1次賸餘,1121111,支付當選後與其公務有關之費用,光仁加油站有限公司,16932752,0.00,1200.00,,,,油資,金錢,新北市板橋區****,,否,,,,,,,
271,黃淑君,111年新北市議員選舉,第1次賸餘,1121113,支付當選後與其公務有關之費用,國豐書局,01941629,0.00,450.00,,,,文具用品費用,金錢,新北市板橋區****,,否,,,,,,,
272,黃淑君,111年新北市議員選舉,第1次賸餘,1121114,支付當選後與其公務有關之費用,良品塑膠行,34431247,0.00,320.00,,,,雙面膠,金錢,新北市板橋區****,,否,,,,,,,
273,黃淑君,111年新北市議員選舉,第1次賸餘,1121116,支付當選後與其公務有關之費用,光仁加油站有限公司,16932752,0.00,1265.00,,,,油資,金錢,新北市板橋區****,,否,,,,,,,
274,黃淑君,111年新北市議員選舉,第1次賸餘,1121118,支付當選後與其公務有關之費用,福懋興業股份有限公司福懋虎尾加油站,14152560,0.00,1000.00,,,,油資,金錢,雲林縣虎尾鎮****,,否,,,,,,,
275,黃淑君,111年新北市議員選舉,第1次賸餘,1121119,支付當選後與其公務有關之費用,台灣中油股份有限公司油品行銷事業部台中營業處清水服務區加油站,99369230,0.00,1000.00,,,,油資,金錢,臺中市清水區****,,否,,,,,,,
276,黃淑君,111年新北市議員選舉,第1次賸餘,1121120,支付當選後與其公務有關之費用,永秦企業有限公司,27477739,0.00,500.00,,,,油資,金錢,新北市淡水區****,,否,,,,,,,
277,黃淑君,111年新北市議員選舉,第1次賸餘,1121122,支付當選後與其公務有關之費用,光仁加油站有限公司,16932752,0.00,1200.00,,,,油資,金錢,新北市板橋區****,,否,,,,,,,
278,黃淑君,111年新北市議員選舉,第1次賸餘,1121125,支付當選後與其公務有關之費用,台亞石油股份有限公司西螺加油站,15601403,0.00,1384.00,,,,油資,金錢,雲林縣西螺鎮****,,否,,,,,,,
279,黃淑君,111年新北市議員選舉,第1次賸餘,1121129,支付當選後與其公務有關之費用,光仁加油站有限公司,16932752,0.00,1200.00,,,,油資,金錢,新北市板橋區****,,否,,,,,,,
280,黃淑君,111年新北市議員選舉,第1次賸餘,1121129,支付當選後與其公務有關之費用,建強企業有限公司,22441804,0.00,7221.00,,,,影印費,金錢,臺北市中山區****,,否,,,,,,,
281,黃淑君,111年新北市議員選舉,第1次賸餘,1121129,支付當選後與其公務有關之費用,豪禮尚國際有限公司,70489290,0.00,10000.00,,,,雪平鍋,金錢,新北市板橋區****,,否,,,,,,,
282,黃淑君,111年新北市議員選舉,第1次賸餘,1121201,支付當選後與其公務有關之費用,西線加油站股份有限公司,16947544,0.00,1200.00,,,,油資,金錢,彰化縣線西鄉****,,否,,,,,,,
283,黃淑君,111年新北市議員選舉,第1次賸餘,1121205,支付當選後與其公務有關之費用,光仁加油站有限公司,16932752,0.00,1000.00,,,,油資,金錢,新北市板橋區****,,否,,,,,,,
284,黃淑君,111年新北市議員選舉,第1次賸餘,1121210,支付當選後與其公務有關之費用,光仁加油站有限公司,16932752,0.00,1200.00,,,,油資,金錢,新北市板橋區****,,否,,,,,,,
285,黃淑君,111年新北市議員選舉,第1次賸餘,1121214,支付當選後與其公務有關之費用,光仁加油站有限公司,16932752,0.00,1160.00,,,,油資,金錢,新北市板橋區****,,否,,,,,,,
286,黃淑君,111年新北市議員選舉,第1次賸餘,1121214,支付當選後與其公務有關之費用,好友文具城,83974056,0.00,300.00,,,,文具用品費用,金錢,新北市板橋區****,,否,,,,,,,
287,黃淑君,111年新北市議員選舉,第1次賸餘,1121215,支付當選後與其公務有關之費用,豪禮尚國際有限公司,70489290,0.00,10000.00,,,,雪平鍋,金錢,新北市板橋區****,,否,,,,,,,
288,黃淑君,111年新北市議員選舉,第1次賸餘,1121217,支付當選後與其公務有關之費用,光仁加油站有限公司,16932752,0.00,1100.00,,,,油資,金錢,新北市板橋區****,,否,,,,,,,
289,黃淑君,111年新北市議員選舉,第1次賸餘,1121218,支付當選後與其公務有關之費用,國豐書局,01941629,0.00,85.00,,,,文具用品費用,金錢,新北市板橋區****,,否,,,,,,,
290,黃淑君,111年新北市議員選舉,第1次賸餘,1121219,支付當選後與其公務有關之費用,光仁加油站有限公司,16932752,0.00,1000.00,,,,油資,金錢,新北市板橋區****,,否,,,,,,,
291,黃淑君,111年新北市議員選舉,第1次賸餘,1121220,支付當選後與其公務有關之費用,台灣中油股份有限公司油品行銷事業部基隆營業處萬里加油站,37012226,0.00,1000.00,,,,油資,金錢,新北市萬里區****,,否,,,,,,,
292,黃淑君,111年新北市議員選舉,第1次賸餘,1121221,支付當選後與其公務有關之費用,吳振誠,F13*******,0.00,15858.00,,,,工讀費,金錢,新北市板橋區****,,否,,,,,,,
293,黃淑君,111年新北市議員選舉,第1次賸餘,1121230,支付當選後與其公務有關之費用,光仁加油站有限公司,16932752,0.00,1000.00,,,,油資,金錢,新北市板橋區****,,否,,,,,,,
