﻿序號,擬參選人／政黨,選舉名稱,申報序號／年度,交易日期,收支科目,捐贈者／支出對象,身分證／統一編號,收入金額,支出金額,支出用途,金錢類,地址,聯絡電話,資料更正日期
1,盧翊淮,107年直轄市議員選舉,首次申報,1070501,租用競選辦事處支出,高雄市博愛馨關懷慈善會,81097980,0.00,48000.00,房租,金錢,高雄市左營區****,,
2,盧翊淮,107年直轄市議員選舉,首次申報,1070501,公共關係費用支出,榮星花園,81877389,0.00,7500.00,盆栽,金錢,高雄市鼓山區****,,
3,盧翊淮,107年直轄市議員選舉,首次申報,1070519,雜支支出,仲益通信,23543575,0.00,2200.00,電話配線,金錢,高雄市前鎮區****,,
4,盧翊淮,107年直轄市議員選舉,首次申報,1070524,雜支支出,佳湘麵包,67926058,0.00,5600.00,餐點,金錢,高雄市楠梓區****,,
5,盧翊淮,107年直轄市議員選舉,首次申報,1070604,宣傳支出,億欣企業行,13904254,0.00,71623.00,製作宣傳廣告支出,金錢,高雄市前鎮區****,,
6,盧翊淮,107年直轄市議員選舉,首次申報,1070608,雜支支出,上禾花坊,25997349,0.00,2000.00,盆栽,金錢,高雄市三民區****,,
7,盧翊淮,107年直轄市議員選舉,首次申報,1070702,宣傳支出,億欣企業社,13904254,0.00,41217.00,製作宣傳廣告支出,金錢,高雄市前鎮區****,,
8,盧翊淮,107年直轄市議員選舉,首次申報,1070815,雜支支出,星星企業行,41283093,0.00,4000.00,獎狀框,金錢,高雄市三民區****,,
9,盧翊淮,107年直轄市議員選舉,首次申報,1070830,雜支支出,高雄市選舉委員會,76201457,0.00,200000.00,保證金,金錢,高雄市鳳山區****,,
10,盧翊淮,107年直轄市議員選舉,首次申報,1070904,宣傳支出,億欣企業行,13904254,0.00,94596.00,製作宣傳廣告支出,金錢,高雄市前鎮區****,,
11,盧翊淮,107年直轄市議員選舉,首次申報,1070909,宣傳支出,台灣時報,76012913,0.00,100000.00,台灣時報,金錢,高雄市仁武區****,,
12,盧翊淮,107年直轄市議員選舉,首次申報,1071001,雜支支出,加昌鎖匙刻印行,83676042,0.00,14000.00,雜項購置或修繕費用,金錢,高雄市楠梓區****,,
13,盧翊淮,107年直轄市議員選舉,首次申報,1071001,宣傳支出,汪隆盛,S12*******,0.00,30000.00,廣告牆,金錢,高雄市仁武區****,,
14,盧翊淮,107年直轄市議員選舉,首次申報,1071002,雜支支出,東韻樂團,26054304,0.00,10000.00,舞台架設,金錢,高雄市三民區****,,
15,盧翊淮,107年直轄市議員選舉,首次申報,1071002,宣傳支出,黃孟鈴,S22*******,0.00,10000.00,看板,金錢,高雄市楠梓區****,,
16,盧翊淮,107年直轄市議員選舉,首次申報,1071003,雜支支出,金冠帽行,76410638,0.00,9000.00,帽子,金錢,高雄市三民區****,,
17,盧翊淮,107年直轄市議員選舉,首次申報,1071007,雜支支出,加昌鎖匙刻印行,83676042,0.00,20000.00,雜項購置或修繕費用,金錢,高雄市楠梓區****,,
18,盧翊淮,107年直轄市議員選舉,首次申報,1071009,宣傳支出,和欣多媒體廣告社,62991467,0.00,17000.00,製作宣傳廣告支出,金錢,高雄市楠梓區****,0917*****,
19,盧翊淮,107年直轄市議員選舉,首次申報,1071009,雜支支出,吉英企業有限公司,84334662,0.00,3800.00,防滑墊,金錢,高雄市前鎮區****,,
20,盧翊淮,107年直轄市議員選舉,首次申報,1071023,宣傳支出,快印通數位,25719492,0.00,8300.00,製作競選物品支出（號碼貼）,金錢,高雄市大寮區****,,
21,盧翊淮,107年直轄市議員選舉,首次申報,1071026,宣傳支出,十六小時廣告設計有限公司,80372066,0.00,31300.00,DM,金錢,高雄市三民區****,,
22,盧翊淮,107年直轄市議員選舉,首次申報,1071029,宣傳支出,和欣多媒體廣告社,62991467,0.00,45744.00,製作宣傳廣告支出,金錢,高雄市苓雅區****,,
23,盧翊淮,107年直轄市議員選舉,首次申報,1071103,宣傳支出,快印通數位印刷廠,25719492,0.00,9200.00,製作宣傳廣告支出,金錢,高雄市大寮區****,,
24,盧翊淮,107年直轄市議員選舉,首次申報,1071122,宣傳支出,億欣企業行,13904254,0.00,184576.00,製作宣傳廣告支出,金錢,高雄市前鎮區****,,
