﻿序號,擬參選人／政黨,選舉名稱,申報序號／年度,交易日期,收支科目,捐贈者／支出對象,身分證／統一編號,收入金額,支出金額,捐贈方式,存入專戶日期,返還/繳庫,支出用途,金錢類,地址,聯絡電話,應揭露之支出對象,支出對象之內部人員姓名,支出對象之內部人員職稱,政黨之內部人員姓名,政黨之內部人員職稱,關係,更正註記,資料更正日期
1,李菁琪,111年臺北市議員選舉,首次申報,1110915,宣傳支出,柳茹薰,E22*******,0.00,20000.00,,,,委託辦理研究、評估、調查、設計或規劃費用,金錢,高雄市鳳山區****,,否,,,,,,,
2,李菁琪,111年臺北市議員選舉,首次申報,1110916,雜支支出,法朋有限公司,53930285,0.00,920.00,,,,餐飲費用,金錢,臺北市大安區****,,否,,,,,,,
3,李菁琪,111年臺北市議員選舉,首次申報,1110919,雜支支出,三商餐飲股份有限公司新福門市部,26123718,0.00,180.00,,,,餐飲費用,金錢,新北市新店區****,,否,,,,,,,
4,李菁琪,111年臺北市議員選舉,首次申報,1110923,雜支支出,六品小館,09433345,0.00,5380.00,,,,餐飲費用,金錢,,,否,,,,,,,
5,李菁琪,111年臺北市議員選舉,首次申報,1110923,雜支支出,應援科技股份有限公司,83763685,0.00,1172.00,,,,雜項購置或修繕費用,金錢,臺北市內湖區****,,否,,,,,,,
6,李菁琪,111年臺北市議員選舉,首次申報,1110926,交通旅運支出,計程車,,0.00,570.00,,,,搭乘交通工具費用,金錢,臺南市****,TD09*****,否,,,,,,,
7,李菁琪,111年臺北市議員選舉,首次申報,1110927,雜支支出,應援科技股份有限公司,83763685,0.00,2216.00,,,,雜項購置或修繕費用,金錢,臺北市內湖區****,,否,,,,,,,
8,李菁琪,111年臺北市議員選舉,首次申報,1110928,雜支支出,蜂大咖啡有限公司,70364828,0.00,92.00,,,,餐飲費用,金錢,臺北市萬華區****,,否,,,,,,,
9,李菁琪,111年臺北市議員選舉,首次申報,1110930,雜支支出,應援科技股份有限公司,83763685,0.00,114.00,,,,雜項購置或修繕費用,金錢,臺北市內湖區****,,否,,,,,,,
10,李菁琪,111年臺北市議員選舉,首次申報,1110930,人事費用支出,江羿賢,Q22*******,0.00,10000.00,,,,月工資,金錢,嘉義市西區港****,,否,,,,,,,
11,李菁琪,111年臺北市議員選舉,首次申報,1111002,雜支支出,柏仁飲品有限公司,66830978,0.00,726.00,,,,餐飲費用,金錢,臺北市中山區****,,否,,,,,,,
12,李菁琪,111年臺北市議員選舉,首次申報,1111004,雜支支出,應援科技股份有限公司,83763685,0.00,213.00,,,,雜項購置或修繕費用,金錢,臺北市內湖區****,,否,,,,,,,
13,李菁琪,111年臺北市議員選舉,首次申報,1111007,宣傳支出,慶餘電腦有限公司,16064535,0.00,1995.00,,,,製作競選物品或宣傳廣告費用（海報）,金錢,新竹市立功里****,,否,,,,,,,
14,李菁琪,111年臺北市議員選舉,首次申報,1111007,雜支支出,應援科技股份有限公司,83763685,0.00,81.00,,,,雜項購置或修繕費用,金錢,臺北市內湖區****,,否,,,,,,,
15,李菁琪,111年臺北市議員選舉,首次申報,1111007,雜支支出,應援科技股份有限公司,83763685,0.00,3150.00,,,,雜項購置或修繕費用,金錢,臺北市內湖區****,,否,,,,,,,
16,李菁琪,111年臺北市議員選舉,首次申報,1111010,雜支支出,荷蘭商愛特思股份有限公司台灣分公司飒拉忠孝東路店,26379106,0.00,1490.00,,,,雜項購置或修繕費用,金錢,臺北市大安區****,,否,,,,,,,
17,李菁琪,111年臺北市議員選舉,首次申報,1111011,雜支支出,應援科技股份有限公司,83763685,0.00,127.00,,,,雜項購置或修繕費用,金錢,臺北市內湖區****,,否,,,,,,,
18,李菁琪,111年臺北市議員選舉,首次申報,1111014,交通旅運支出,計程車,,0.00,270.00,,,,搭乘交通工具費用,金錢,新北市****,923-*****,否,,,,,,,
19,李菁琪,111年臺北市議員選舉,首次申報,1111014,雜支支出,人生好難有限公司,50879329,0.00,930.00,,,,餐飲費用,金錢,臺北市中正區****,,否,,,,,,,
20,李菁琪,111年臺北市議員選舉,首次申報,1111014,雜支支出,鑫皇璽企業社,72914659,0.00,836.00,,,,餐飲費用,金錢,臺北市大安區****,,否,,,,,,,
21,李菁琪,111年臺北市議員選舉,首次申報,1111014,雜支支出,全家便利商店股份有限公司慶城分公司,80024095,0.00,799.00,,,,文具用品費用,金錢,臺北市松山區****,,否,,,,,,,
22,李菁琪,111年臺北市議員選舉,首次申報,1111014,雜支支出,應援科技股份有限公司,83763685,0.00,222.00,,,,雜項購置或修繕費用,金錢,臺北市內湖區****,,否,,,,,,,
23,李菁琪,111年臺北市議員選舉,首次申報,1111015,交通旅運支出,計程車,,0.00,405.00,,,,搭乘交通工具費用,金錢,臺北市松山區****,TDL7*****,否,,,,,,,
24,李菁琪,111年臺北市議員選舉,首次申報,1111015,宣傳支出,柳茹薰,E22*******,0.00,20000.00,,,,委託辦理研究、評估、調查、設計或規劃費用,金錢,高雄市鳳山區****,,否,,,,,,,
25,李菁琪,111年臺北市議員選舉,首次申報,1111017,雜支支出,燦坤實業股份有限公司文德分公司,80028923,0.00,122200.00,,,,雜項購置或修繕費用,金錢,臺北市內湖區****,,否,,,,,,,
26,李菁琪,111年臺北市議員選舉,首次申報,1111018,雜支支出,應援科技股份有限公司,83763685,0.00,156.00,,,,雜項購置或修繕費用,金錢,臺北市內湖區****,,否,,,,,,,
27,李菁琪,111年臺北市議員選舉,首次申報,1111019,雜支支出,偉多利食品有限公司,86323182,0.00,35.00,,,,餐飲費用,金錢,臺北市文山區****,,否,,,,,,,
28,李菁琪,111年臺北市議員選舉,首次申報,1111020,雜支支出,全家便利商店股份有限公司常興分公司,28417801,0.00,446.00,,,,餐飲費用,金錢,臺北市松山區****,,否,,,,,,,
29,李菁琪,111年臺北市議員選舉,首次申報,1111021,交通旅運支出,計程車,,0.00,160.00,,,,搭乘交通工具費用,金錢,臺北市****,TDN2*****,否,,,,,,,
30,李菁琪,111年臺北市議員選舉,首次申報,1111021,雜支支出,墾丁企業有限公司,04530945,0.00,530.00,,,,餐飲費用,金錢,臺北市萬華區****,,否,,,,,,,
31,李菁琪,111年臺北市議員選舉,首次申報,1111021,雜支支出,利吉利商行,72928507,0.00,265.00,,,,文具用品費用,金錢,臺北市松山區****,,否,,,,,,,
32,李菁琪,111年臺北市議員選舉,首次申報,1111021,雜支支出,元浤有限公司,83612673,0.00,346.00,,,,餐飲費用,金錢,臺北市中山區****,,否,,,,,,,
33,李菁琪,111年臺北市議員選舉,首次申報,1111022,交通旅運支出,計程車,,0.00,151.00,,,,搭乘交通工具費用,金錢,臺北市松山區****,TDL3*****,否,,,,,,,
34,李菁琪,111年臺北市議員選舉,首次申報,1111022,雜支支出,台灣大創百貨(股)公司台北慶城分公司,24933447,0.00,147.00,,,,文具用品費用,金錢,臺北市松山區****,,否,,,,,,,
35,李菁琪,111年臺北市議員選舉,首次申報,1111022,雜支支出,吉拾行樂有限公司峨眉門市,88262247,0.00,3480.00,,,,餐飲費用,金錢,臺北市萬華區****,,否,,,,,,,
36,李菁琪,111年臺北市議員選舉,首次申報,1111023,雜支支出,貝蒂碧瓷演藝經紀有限公司,83225645,0.00,385.00,,,,餐飲費用,金錢,臺北市信義區****,,否,,,,,,,
37,李菁琪,111年臺北市議員選舉,首次申報,1111025,雜支支出,應援科技股份有限公司,83763685,0.00,558.00,,,,雜項購置或修繕費用,金錢,臺北市內湖區****,,否,,,,,,,
38,李菁琪,111年臺北市議員選舉,首次申報,1111026,雜支支出,頂好紫琳蒸餃館,81682693,0.00,525.00,,,,餐飲費用,金錢,臺北市大安區****,,否,,,,,,,
39,李菁琪,111年臺北市議員選舉,首次申報,1111026,雜支支出,元浤有限公司,83612673,0.00,95.00,,,,餐飲費用,金錢,臺北市中山區****,,否,,,,,,,
40,李菁琪,111年臺北市議員選舉,首次申報,1111028,交通旅運支出,計程車,,0.00,195.00,,,,搭乘交通工具費用,金錢,臺北市****,TDA-*****,否,,,,,,,
41,李菁琪,111年臺北市議員選舉,首次申報,1111028,雜支支出,犁園食品行,25666072,0.00,420.00,,,,餐飲費用,金錢,臺北市松山區****,,否,,,,,,,
42,李菁琪,111年臺北市議員選舉,首次申報,1111028,雜支支出,應援科技股份有限公司,83763685,0.00,58.00,,,,雜項購置或修繕費用,金錢,臺北市內湖區****,,否,,,,,,,
43,李菁琪,111年臺北市議員選舉,首次申報,1111029,交通旅運支出,計程車,,0.00,175.00,,,,搭乘交通工具費用,金錢,臺北市****,486-*****,否,,,,,,,
44,李菁琪,111年臺北市議員選舉,首次申報,1111029,交通旅運支出,計程車,,0.00,170.00,,,,搭乘交通工具費用,金錢,臺北市****,TDG3*****,否,,,,,,,
45,李菁琪,111年臺北市議員選舉,首次申報,1111029,交通旅運支出,計程車,,0.00,350.00,,,,搭乘交通工具費用,金錢,臺北市****,TDN1*****,否,,,,,,,
46,李菁琪,111年臺北市議員選舉,首次申報,1111029,交通旅運支出,計程車,,0.00,225.00,,,,搭乘交通工具費用,金錢,新北市****,TDP6*****,否,,,,,,,
47,李菁琪,111年臺北市議員選舉,首次申報,1111029,交通旅運支出,計程車,,0.00,310.00,,,,搭乘交通工具費用,金錢,新北市****,TDN6*****,否,,,,,,,
48,李菁琪,111年臺北市議員選舉,首次申報,1111029,雜支支出,三商家購股份有限公司松山復興分公司,29077225,0.00,288.00,,,,雜項購置或修繕費用,金錢,臺北市松山區****,,否,,,,,,,
49,李菁琪,111年臺北市議員選舉,首次申報,1111029,雜支支出,台灣屈臣氏個人用品股份有限公司漢中分公司,51934308,0.00,369.00,,,,雜項購置或修繕費用,金錢,臺北市萬華區****,,否,,,,,,,
50,李菁琪,111年臺北市議員選舉,首次申報,1111030,交通旅運支出,計程車,,0.00,185.00,,,,搭乘交通工具費用,金錢,臺北市****,TDD1*****,否,,,,,,,
51,李菁琪,111年臺北市議員選舉,首次申報,1111030,交通旅運支出,計程車,,0.00,290.00,,,,搭乘交通工具費用,金錢,臺北市****,TDP-*****,否,,,,,,,
52,李菁琪,111年臺北市議員選舉,首次申報,1111030,雜支支出,統一超商股份有限公司臺北巿第196分公司,23983030,0.00,128.00,,,,餐飲費用,金錢,臺北市文山區****,,否,,,,,,,
53,李菁琪,111年臺北市議員選舉,首次申報,1111030,雜支支出,三商家購股份有限公司-松山復興分公司,29077225,0.00,76.00,,,,餐飲費用,金錢,臺北市松山區****,,否,,,,,,,
54,李菁琪,111年臺北市議員選舉,首次申報,1111030,雜支支出,小螺波餐飲股份有限公司慶城店,88103240,0.00,265.00,,,,餐飲費用,金錢,臺北市松山區****,,否,,,,,,,
55,李菁琪,111年臺北市議員選舉,首次申報,1111031,雜支支出,魚金貿易有限公司民族營業所,31812664,0.00,477.00,,,,餐飲費用,金錢,,,否,,,,,,,
56,李菁琪,111年臺北市議員選舉,首次申報,1111031,人事費用支出,江羿賢,Q22*******,0.00,10000.00,,,,月工資,金錢,嘉義市西區港****,,否,,,,,,,
57,李菁琪,111年臺北市議員選舉,首次申報,1111101,交通旅運支出,計程車,,0.00,75.00,,,,搭乘交通工具費用,金錢,臺北市****,TDG1*****,否,,,,,,,
58,李菁琪,111年臺北市議員選舉,首次申報,1111101,雜支支出,京站實業股份有限公司,28710621,0.00,79.00,,,,餐飲費用,金錢,,,否,,,,,,,
59,李菁琪,111年臺北市議員選舉,首次申報,1111101,雜支支出,西門町鴨肉扁有限公司,42841096,0.00,60.00,,,,餐飲費用,金錢,臺北市萬華區****,,否,,,,,,,
60,李菁琪,111年臺北市議員選舉,首次申報,1111101,雜支支出,成都鳳梨冰店,48887999,0.00,90.00,,,,餐飲費用,金錢,臺北市萬華區****,,否,,,,,,,
61,李菁琪,111年臺北市議員選舉,首次申報,1111101,雜支支出,蜂大咖啡有限公司,70364828,0.00,180.00,,,,餐飲費用,金錢,臺北市萬華區****,,否,,,,,,,
62,李菁琪,111年臺北市議員選舉,首次申報,1111101,雜支支出,應援科技股份有限公司,83763685,0.00,244.00,,,,雜項購置或修繕費用,金錢,臺北市內湖區****,,否,,,,,,,
63,李菁琪,111年臺北市議員選舉,首次申報,1111101,宣傳支出,潤豐創意行銷有限公司,83797587,0.00,72350.00,,,,製作競選物品或宣傳廣告費用（文宣印刷品）,金錢,新北市板南路****,,否,,,,,,,
64,李菁琪,111年臺北市議員選舉,首次申報,1111102,交通旅運支出,計程車,,0.00,325.00,,,,搭乘交通工具費用,金錢,臺北市****,TDU9*****,否,,,,,,,
65,李菁琪,111年臺北市議員選舉,首次申報,1111102,交通旅運支出,計程車,,0.00,130.00,,,,搭乘交通工具費用,金錢,新北市****,TDP2*****,否,,,,,,,
66,李菁琪,111年臺北市議員選舉,首次申報,1111102,雜支支出,台灣壹番屋股份有限公司南京分公司,28006167,0.00,264.00,,,,餐飲費用,金錢,臺北市松山區****,,否,,,,,,,
67,李菁琪,111年臺北市議員選舉,首次申報,1111103,雜支支出,吸引力生活事業股份有限公司,24329715,0.00,120.00,,,,雜項購置或修繕費用,金錢,臺北市信義區****,,否,,,,,,,
68,李菁琪,111年臺北市議員選舉,首次申報,1111103,雜支支出,貓下去跨業發展股份有限公司敦北分公司,43648035,0.00,1740.00,,,,餐飲費用,金錢,臺北市松山區****,,否,,,,,,,
69,李菁琪,111年臺北市議員選舉,首次申報,1111104,雜支支出,應援科技股份有限公司,83763685,0.00,11.00,,,,雜項購置或修繕費用,金錢,臺北市內湖區****,,否,,,,,,,
70,李菁琪,111年臺北市議員選舉,首次申報,1111104,雜支支出,小螺波餐飲股份有限公司慶城店,88103240,0.00,265.00,,,,餐飲費用,金錢,臺北市松山區****,,否,,,,,,,
71,李菁琪,111年臺北市議員選舉,首次申報,1111105,交通旅運支出,計程車,,0.00,220.00,,,,搭乘交通工具費用,金錢,臺北市****,911-*****,否,,,,,,,
72,李菁琪,111年臺北市議員選舉,首次申報,1111105,交通旅運支出,計程車,,0.00,175.00,,,,搭乘交通工具費用,金錢,臺北市****,TDU5*****,否,,,,,,,
73,李菁琪,111年臺北市議員選舉,首次申報,1111105,交通旅運支出,計程車,,0.00,370.00,,,,搭乘交通工具費用,金錢,臺北市松山區****,TDS9*****,否,,,,,,,
74,李菁琪,111年臺北市議員選舉,首次申報,1111105,雜支支出,彩琿實業有限公司西門分公司,24971758,0.00,204.00,,,,文具用品費用,金錢,臺北市萬華區****,,否,,,,,,,
75,李菁琪,111年臺北市議員選舉,首次申報,1111105,雜支支出,雨焰商行,42358037,0.00,555.00,,,,餐飲費用,金錢,臺北市萬華區****,,否,,,,,,,
76,李菁琪,111年臺北市議員選舉,首次申報,1111105,雜支支出,和德昌股份有限公司台北南京五分公司,53664511,0.00,243.00,,,,餐飲費用,金錢,臺北市中山區****,,否,,,,,,,
77,李菁琪,111年臺北市議員選舉,首次申報,1111105,雜支支出,揚秦國際企業股份有限公司西門桂林門市,88104613,0.00,125.00,,,,餐飲費用,金錢,臺北市萬華區****,,否,,,,,,,
78,李菁琪,111年臺北市議員選舉,首次申報,1111106,交通旅運支出,計程車,,0.00,263.00,,,,搭乘交通工具費用,金錢,臺北市松山區****,TDH1*****,否,,,,,,,
79,李菁琪,111年臺北市議員選舉,首次申報,1111106,交通旅運支出,計程車,,0.00,100.00,,,,搭乘交通工具費用,金錢,臺北市****,706-*****,否,,,,,,,
80,李菁琪,111年臺北市議員選舉,首次申報,1111106,交通旅運支出,計程車,,0.00,75.00,,,,搭乘交通工具費用,金錢,臺北市****,TDH-*****,否,,,,,,,
81,李菁琪,111年臺北市議員選舉,首次申報,1111106,交通旅運支出,計程車,,0.00,215.00,,,,搭乘交通工具費用,金錢,臺北市****,TDG3*****,否,,,,,,,
82,李菁琪,111年臺北市議員選舉,首次申報,1111106,交通旅運支出,計程車,,0.00,170.00,,,,搭乘交通工具費用,金錢,臺北市****,235-*****,否,,,,,,,
83,李菁琪,111年臺北市議員選舉,首次申報,1111106,雜支支出,犁園食品行,25666072,0.00,685.00,,,,餐飲費用,金錢,臺北市松山區****,,否,,,,,,,
84,李菁琪,111年臺北市議員選舉,首次申報,1111106,雜支支出,和德昌股份有限公司台北南京五分公司,53664511,0.00,50.00,,,,餐飲費用,金錢,臺北市中山區****,,否,,,,,,,
85,李菁琪,111年臺北市議員選舉,首次申報,1111106,雜支支出,小王煮瓜館,75944298,0.00,460.00,,,,餐飲費用,金錢,臺北市萬華區****,,否,,,,,,,
86,李菁琪,111年臺北市議員選舉,首次申報,1111106,雜支支出,元浤有限公司,83612673,0.00,190.00,,,,餐飲費用,金錢,臺北市中山區****,,否,,,,,,,
87,李菁琪,111年臺北市議員選舉,首次申報,1111107,雜支支出,美德耐(股)常德小歇門市部,14339279,0.00,360.00,,,,雜項購置或修繕費用,金錢,臺北市常德街****,,否,,,,,,,
88,李菁琪,111年臺北市議員選舉,首次申報,1111107,雜支支出,美德耐(股)常德小歇門市部,14339279,0.00,150.00,,,,雜項購置或修繕費用,金錢,臺北市常德街****,,否,,,,,,,
89,李菁琪,111年臺北市議員選舉,首次申報,1111107,雜支支出,杏一台北台安藥局安藥局,48876655,0.00,144.00,,,,雜項購置或修繕費用,金錢,臺北市松山區****,,否,,,,,,,
90,李菁琪,111年臺北市議員選舉,首次申報,1111107,雜支支出,統一超商股份有限公司-台北市第八四五分公司,53659171,0.00,45.00,,,,餐飲費用,金錢,臺北市北投區****,,否,,,,,,,
91,李菁琪,111年臺北市議員選舉,首次申報,1111107,雜支支出,帥團小吃店,75182306,0.00,150.00,,,,餐飲費用,金錢,臺北市萬華區****,,否,,,,,,,
92,李菁琪,111年臺北市議員選舉,首次申報,1111108,雜支支出,應援科技股份有限公司,83763685,0.00,66.00,,,,雜項購置或修繕費用,金錢,臺北市內湖區****,,否,,,,,,,
93,李菁琪,111年臺北市議員選舉,首次申報,1111108,雜支支出,泰正點泰式餐坊,83909627,0.00,350.00,,,,餐飲費用,金錢,臺北市中正區****,,否,,,,,,,
94,李菁琪,111年臺北市議員選舉,首次申報,1111109,交通旅運支出,計程車,,0.00,305.00,,,,搭乘交通工具費用,金錢,臺北市****,TDS-*****,否,,,,,,,
95,李菁琪,111年臺北市議員選舉,首次申報,1111109,雜支支出,小螺波餐飲股份有限公司慶城店,88103240,0.00,150.00,,,,餐飲費用,金錢,臺北市松山區****,,否,,,,,,,
96,李菁琪,111年臺北市議員選舉,首次申報,1111110,交通旅運支出,計程車,,0.00,340.00,,,,搭乘交通工具費用,金錢,臺北市****,TDG9*****,否,,,,,,,
97,李菁琪,111年臺北市議員選舉,首次申報,1111110,雜支支出,統一超商股份有限公司台北市第一0一八分公司,83662069,0.00,445.00,,,,餐飲費用,金錢,臺北市中山區****,,否,,,,,,,
98,李菁琪,111年臺北市議員選舉,首次申報,1111111,交通旅運支出,計程車,,0.00,225.00,,,,搭乘交通工具費用,金錢,新北市****,TDH5*****,否,,,,,,,
99,李菁琪,111年臺北市議員選舉,首次申報,1111111,交通旅運支出,計程車,,0.00,185.00,,,,搭乘交通工具費用,金錢,臺北市****,TDP-*****,否,,,,,,,
100,李菁琪,111年臺北市議員選舉,首次申報,1111111,雜支支出,彩琿實業有限公司西門分公司,24971758,0.00,45.00,,,,文具用品費用,金錢,臺北市萬華區****,,否,,,,,,,
101,李菁琪,111年臺北市議員選舉,首次申報,1111111,雜支支出,成都楊桃冰,36508023,0.00,90.00,,,,餐飲費用,金錢,臺北市萬華區****,,否,,,,,,,
102,李菁琪,111年臺北市議員選舉,首次申報,1111111,雜支支出,和德昌股份有限公司台北南京五分公司,53664511,0.00,194.00,,,,餐飲費用,金錢,臺北市中山區****,,否,,,,,,,
103,李菁琪,111年臺北市議員選舉,首次申報,1111111,雜支支出,天天利小吃店,77165107,0.00,990.00,,,,餐飲費用,金錢,臺北市萬華區****,,否,,,,,,,
104,李菁琪,111年臺北市議員選舉,首次申報,1111111,雜支支出,應援科技股份有限公司,83763685,0.00,529.00,,,,雜項購置或修繕費用,金錢,臺北市內湖區****,,否,,,,,,,
105,李菁琪,111年臺北市議員選舉,首次申報,1111112,交通旅運支出,計程車,,0.00,170.00,,,,搭乘交通工具費用,金錢,新北市****,TDP0*****,否,,,,,,,
106,李菁琪,111年臺北市議員選舉,首次申報,1111112,雜支支出,利吉利商行,72928507,0.00,105.00,,,,文具用品費用,金錢,臺北市松山區****,,否,,,,,,,
107,李菁琪,111年臺北市議員選舉,首次申報,1111112,雜支支出,統一超商股份有限公司台北市第一0一八分公司,83662069,0.00,45.00,,,,餐飲費用,金錢,臺北市中山區****,,否,,,,,,,
108,李菁琪,111年臺北市議員選舉,首次申報,1111112,雜支支出,吾桐好有限公司,90744988,0.00,130.00,,,,餐飲費用,金錢,臺北市大安區****,,否,,,,,,,
109,李菁琪,111年臺北市議員選舉,首次申報,1111113,交通旅運支出,計程車,,0.00,180.00,,,,搭乘交通工具費用,金錢,新北市****,TDP6*****,否,,,,,,,
110,李菁琪,111年臺北市議員選舉,首次申報,1111113,雜支支出,和德昌股份有限公司台北南京五分公司,53664511,0.00,75.00,,,,餐飲費用,金錢,臺北市中山區****,,否,,,,,,,
111,李菁琪,111年臺北市議員選舉,首次申報,1111113,雜支支出,利吉利商行,72928507,0.00,550.00,,,,雜項購置或修繕費用,金錢,臺北市松山區****,,否,,,,,,,
112,李菁琪,111年臺北市議員選舉,首次申報,1111113,雜支支出,弄泉茶坊,76487707,0.00,270.00,,,,餐飲費用,金錢,台北市中正區****,,否,,,,,,,
113,李菁琪,111年臺北市議員選舉,首次申報,1111114,雜支支出,統一超商股份有限公司臺北巿第196分公司,23983030,0.00,65.00,,,,餐飲費用,金錢,臺北市文山區****,,否,,,,,,,
114,李菁琪,111年臺北市議員選舉,首次申報,1111114,雜支支出,七賢麵食館,88292208,0.00,80.00,,,,餐飲費用,金錢,臺北市文山區****,,否,,,,,,,
115,李菁琪,111年臺北市議員選舉,首次申報,1111115,交通旅運支出,計程車,,0.00,315.00,,,,搭乘交通工具費用,金錢,新北市****,TDP5*****,否,,,,,,,
116,李菁琪,111年臺北市議員選舉,首次申報,1111115,雜支支出,應援科技股份有限公司,83763685,0.00,15.00,,,,雜項購置或修繕費用,金錢,臺北市內湖區****,,否,,,,,,,
117,李菁琪,111年臺北市議員選舉,首次申報,1111115,雜支支出,小螺波餐飲股份有限公司慶城店,88103240,0.00,265.00,,,,餐飲費用,金錢,臺北市松山區****,,否,,,,,,,
118,李菁琪,111年臺北市議員選舉,首次申報,1111115,宣傳支出,柳茹薰,E22*******,0.00,20000.00,,,,委託辦理研究、評估、調查、設計或規劃費用,金錢,高雄市鳳山區****,,否,,,,,,,
119,李菁琪,111年臺北市議員選舉,首次申報,1111116,交通旅運支出,計程車,,0.00,425.00,,,,搭乘交通工具費用,金錢,臺北市****,TDL6*****,否,,,,,,,
120,李菁琪,111年臺北市議員選舉,首次申報,1111116,交通旅運支出,計程車,,0.00,180.00,,,,搭乘交通工具費用,金錢,臺北市****,TDN5*****,否,,,,,,,
121,李菁琪,111年臺北市議員選舉,首次申報,1111117,交通旅運支出,計程車,,0.00,410.00,,,,搭乘交通工具費用,金錢,臺北市****,EPA-*****,否,,,,,,,
122,李菁琪,111年臺北市議員選舉,首次申報,1111117,雜支支出,金津有限公司桂林門市部,38633259,0.00,369.00,,,,餐飲費用,金錢,臺北市萬華區****,,否,,,,,,,
123,李菁琪,111年臺北市議員選舉,首次申報,1111117,雜支支出,海波滷股份有限公司,83106824,0.00,7250.00,,,,餐飲費用,金錢,臺北市中山區****,,否,,,,,,,
124,李菁琪,111年臺北市議員選舉,首次申報,1111118,交通旅運支出,計程車,,0.00,205.00,,,,搭乘交通工具費用,金錢,臺北市****,TDD2*****,否,,,,,,,
125,李菁琪,111年臺北市議員選舉,首次申報,1111119,交通旅運支出,計程車,,0.00,195.00,,,,搭乘交通工具費用,金錢,新北市****,TDR2*****,否,,,,,,,
126,李菁琪,111年臺北市議員選舉,首次申報,1111119,交通旅運支出,計程車,,0.00,205.00,,,,搭乘交通工具費用,金錢,新北市****,TDF6*****,否,,,,,,,
127,李菁琪,111年臺北市議員選舉,首次申報,1111119,雜支支出,加爾各答異國料理有限公司,43905250,0.00,2830.00,,,,餐飲費用,金錢,臺北市萬華區****,,否,,,,,,,
128,李菁琪,111年臺北市議員選舉,首次申報,1111119,雜支支出,統一超商股份有限公司台北市第一00五分公司,83538294,0.00,188.00,,,,餐飲費用,金錢,臺北市松山區****,,否,,,,,,,
129,李菁琪,111年臺北市議員選舉,首次申報,1111120,交通旅運支出,計程車,,0.00,275.00,,,,搭乘交通工具費用,金錢,臺北市****,TDU-*****,否,,,,,,,
130,李菁琪,111年臺北市議員選舉,首次申報,1111120,交通旅運支出,計程車,,0.00,385.00,,,,搭乘交通工具費用,金錢,臺北市****,TDD-*****,否,,,,,,,
131,李菁琪,111年臺北市議員選舉,首次申報,1111121,交通旅運支出,計程車,,0.00,190.00,,,,搭乘交通工具費用,金錢,桃園市****,TDJ1*****,否,,,,,,,
132,李菁琪,111年臺北市議員選舉,首次申報,1111121,雜支支出,統一超商股份有限公司臺北巿第196分公司,23983030,0.00,126.00,,,,餐飲費用,金錢,臺北市文山區****,,否,,,,,,,
133,李菁琪,111年臺北市議員選舉,首次申報,1111121,雜支支出,安心食品服務股份有限公司慶城門市部,72939167,0.00,170.00,,,,餐飲費用,金錢,臺北市松山區****,,否,,,,,,,
134,李菁琪,111年臺北市議員選舉,首次申報,1111122,交通旅運支出,計程車,,0.00,273.00,,,,搭乘交通工具費用,金錢,臺北市****,TDU8*****,否,,,,,,,
135,李菁琪,111年臺北市議員選舉,首次申報,1111122,交通旅運支出,計程車,,0.00,325.00,,,,搭乘交通工具費用,金錢,臺北市****,TAQ-*****,否,,,,,,,
136,李菁琪,111年臺北市議員選舉,首次申報,1111122,雜支支出,家城股份有限公司-長春分公司,25136320,0.00,315.00,,,,餐飲費用,金錢,臺北市中山區****,,否,,,,,,,
137,李菁琪,111年臺北市議員選舉,首次申報,1111122,雜支支出,思月小吃店,76438805,0.00,583.00,,,,餐飲費用,金錢,臺北市文山區****,,否,,,,,,,
138,李菁琪,111年臺北市議員選舉,首次申報,1111122,雜支支出,應援科技股份有限公司,83763685,0.00,61.00,,,,雜項購置或修繕費用,金錢,臺北市內湖區****,,否,,,,,,,
139,李菁琪,111年臺北市議員選舉,首次申報,1111123,交通旅運支出,計程車,,0.00,400.00,,,,搭乘交通工具費用,金錢,臺北市****,EPA-*****,否,,,,,,,
140,李菁琪,111年臺北市議員選舉,首次申報,1111123,交通旅運支出,計程車,,0.00,225.00,,,,搭乘交通工具費用,金錢,臺北市****,TDG0*****,否,,,,,,,
141,李菁琪,111年臺北市議員選舉,首次申報,1111123,雜支支出,利吉利商行,72928507,0.00,144.00,,,,文具用品費用,金錢,臺北市松山區****,,否,,,,,,,
142,李菁琪,111年臺北市議員選舉,首次申報,1111123,雜支支出,又一間商行有限公司,90611452,0.00,649.00,,,,餐飲費用,金錢,臺北市松山區****,,否,,,,,,,
143,李菁琪,111年臺北市議員選舉,首次申報,1111124,交通旅運支出,計程車,,0.00,205.00,,,,搭乘交通工具費用,金錢,臺北市****,TDV5*****,否,,,,,,,
144,李菁琪,111年臺北市議員選舉,首次申報,1111124,雜支支出,家樂福股份有限公司台北桂林分公司,27946803,0.00,1211.00,,,,雜項購置或修繕費用,金錢,臺北市萬華區****,,否,,,,,,,
145,李菁琪,111年臺北市議員選舉,首次申報,1111124,雜支支出,豆府股份有限公司北村豆腐家萬華桂林分店,88180837,0.00,1280.00,,,,餐飲費用,金錢,臺北市萬華區****,,否,,,,,,,
146,李菁琪,111年臺北市議員選舉,首次申報,1111125,雜支支出,統一超商股份有限公司台北市第六十九分公司,22555968,0.00,370.00,,,,餐飲費用,金錢,臺北市萬華區****,,否,,,,,,,
147,李菁琪,111年臺北市議員選舉,首次申報,1111125,雜支支出,賈霸商行,79871661,0.00,1600.00,,,,餐飲費用,金錢,臺北市文山區****,,否,,,,,,,
148,李菁琪,111年臺北市議員選舉,首次申報,1111125,雜支支出,應援科技股份有限公司,83763685,0.00,79.00,,,,雜項購置或修繕費用,金錢,臺北市內湖區****,,否,,,,,,,
149,李菁琪,111年臺北市議員選舉,首次申報,1111126,交通旅運支出,計程車,,0.00,385.00,,,,搭乘交通工具費用,金錢,臺北市****,997-*****,否,,,,,,,
150,李菁琪,111年臺北市議員選舉,首次申報,1111126,交通旅運支出,計程車,,0.00,85.00,,,,搭乘交通工具費用,金錢,臺北市****,TDP-*****,否,,,,,,,
151,李菁琪,111年臺北市議員選舉,首次申報,1111126,雜支支出,澳滋有限公司,50775181,0.00,1342.00,,,,餐飲費用,金錢,臺北市信義區****,,否,,,,,,,
152,李菁琪,111年臺北市議員選舉,首次申報,1111127,交通旅運支出,計程車,,0.00,145.00,,,,搭乘交通工具費用,金錢,臺北市****,TDU7*****,否,,,,,,,
153,李菁琪,111年臺北市議員選舉,首次申報,1111130,人事費用支出,江羿賢,Q22*******,0.00,15000.00,,,,月工資,金錢,嘉義市西區港****,,否,,,,,,,
154,李菁琪,111年臺北市議員選舉,首次申報,1111215,宣傳支出,柳茹薰,E22*******,0.00,20000.00,,,,委託辦理研究、評估、調查、設計或規劃費用,金錢,高雄市鳳山區****,,否,,,,,,,
155,李菁琪,111年臺北市議員選舉,首次申報,1120215,返還捐贈支出,湮云創意股份有限公司,90148948,0.00,20001.00,,,,返還,金錢,台中市西屯區****,,否,,,,,,,
156,李菁琪,111年臺北市議員選舉,首次申報,1120216,返還捐贈支出,錦緻集國際有限公司,83605194,0.00,420.00,,,,返還,金錢,臺北市內湖區****,,否,,,,,,,
