﻿序號,擬參選人／政黨,選舉名稱,申報序號／年度,交易日期,收支科目,捐贈者／支出對象,身分證／統一編號,收入金額,支出金額,捐贈方式,存入專戶日期,返還/繳庫,支出用途,金錢類,地址,聯絡電話,應揭露之支出對象,支出對象之內部人員姓名,支出對象之內部人員職稱,政黨之內部人員姓名,政黨之內部人員職稱,關係,更正註記,資料更正日期
1,張淑惠,111年新北市議員選舉,首次申報,1110429,交通旅運支出,計程車TDA8075,,0.00,245.00,,,,搭乘交通工具費用(板橋→濟南路，里程.km),金錢,,0289*****,否,,,,,,,
2,張淑惠,111年新北市議員選舉,首次申報,1110501,宣傳支出,拾柒設計文創工作室,87311749,0.00,1365.00,,,,製作競選物品或宣傳廣告費用（印製旗幟及文創口罩）,金錢,新北市淡水區****,0922*****,否,,,,,,,
3,張淑惠,111年新北市議員選舉,首次申報,1110504,交通旅運支出,計程車TDT0597,,0.00,110.00,,,,搭乘交通工具費用(新埔站到浮州，KM.),金錢,,0333*****,否,,,,,,,
4,張淑惠,111年新北市議員選舉,首次申報,1110505,租用競選辦事處支出,陳茂霖,,0.00,4000.00,,,,租用競選辦事處費用,金錢,新北市板橋區****,,否,,,,,,,
5,張淑惠,111年新北市議員選舉,首次申報,1110505,人事費用支出,林戴安,B22*******,0.00,4000.00,,,,其他因工作酬勞之給付(文案及撰稿),金錢,臺北市內湖區****,,否,,,,,,,
6,張淑惠,111年新北市議員選舉,首次申報,1110505,人事費用支出,劉紫緹,F22*******,0.00,2000.00,,,,其他因工作酬勞之給付(設計費：文宣品及圖案設計),金錢,新北市板橋區****,,否,,,,,,,
7,張淑惠,111年新北市議員選舉,首次申報,1110509,交通旅運支出,計程車TDA7599,,0.00,210.00,,,,搭乘交通工具費用(板橋→西寧南路，里程km),金錢,,0973*****,否,,,,,,,
8,張淑惠,111年新北市議員選舉,首次申報,1110511,交通旅運支出,計程車578-3C,,0.00,255.00,,,,搭乘交通工具費用(板橋，忠孝東路三段),金錢,,收據無顯*****,否,,,,,,,
9,張淑惠,111年新北市議員選舉,首次申報,1110515,交通旅運支出,計程車TDP7055,,0.00,70.00,,,,搭乘交通工具費用(致理科大→板橋車站，里程.KM),金錢,,02-2*****,否,,,,,,,
10,張淑惠,111年新北市議員選舉,首次申報,1110515,交通旅運支出,計程車TAN-139,,0.00,85.00,,,,搭乘交通工具費用(板橋車站→致理科大，里程.KM),金錢,,02-2*****,否,,,,,,,
11,張淑惠,111年新北市議員選舉,首次申報,1110516,交通旅運支出,計程車TDH7908,,0.00,150.00,,,,搭乘交通工具費用(板橋→浮洲橋租借站，里程.KM),金錢,,0289*****,否,,,,,,,
12,張淑惠,111年新北市議員選舉,首次申報,1110516,交通旅運支出,計程車783-5D,,0.00,145.00,,,,搭乘交通工具費用(浮州橋租借站→板橋),金錢,,0229*****,否,,,,,,,
13,張淑惠,111年新北市議員選舉,首次申報,1110516,宣傳支出,藍格印刷國際企業有限公司,22076600,0.00,420.00,,,,製作競選物品或宣傳廣告費用（宣傳單）,金錢,臺北市內湖區****,,否,,,,,,,
14,張淑惠,111年新北市議員選舉,首次申報,1110519,交通旅運支出,計程車963-5C,,0.00,100.00,,,,搭乘交通工具費用(亞東醫院到健華新村，KM.),金錢,,0227*****,否,,,,,,,
15,張淑惠,111年新北市議員選舉,首次申報,1110525,交通旅運支出,計程車399-L9,,0.00,130.00,,,,搭乘交通工具費用(新莊中華路到板橋文化路，KM.),金錢,,0227*****,否,,,,,,,
16,張淑惠,111年新北市議員選舉,首次申報,1110525,交通旅運支出,計程車TDL5560,,0.00,70.00,,,,搭乘交通工具費用(板橋文化路→莊敬路，里程.km),金錢,,02-8*****,否,,,,,,,
17,張淑惠,111年新北市議員選舉,首次申報,1110526,交通旅運支出,計程車7N610,,0.00,140.00,,,,搭乘交通工具費用(板橋文化路到大觀路，KM.),金錢,,0289*****,否,,,,,,,
18,張淑惠,111年新北市議員選舉,首次申報,1110528,集會支出,7-ELEVEN,53027339,0.00,320.00,,,,餐飲費用(點心),金錢,,,否,,,,,,,
19,張淑惠,111年新北市議員選舉,首次申報,1110601,宣傳支出,映鈞彩色印刷有限公司,70615389,0.00,9093.00,,,,製作競選物品或宣傳廣告費用（DM、邀請卡、信、名片）,金錢,,,否,,,,,,,
20,張淑惠,111年新北市議員選舉,首次申報,1110602,宣傳支出,中華郵政股份有限公司,03741302,0.00,378.00,,,,郵寄競選物品或宣傳廣告費用,金錢,,,否,,,,,,,
21,張淑惠,111年新北市議員選舉,首次申報,1110602,雜支支出,應援科技股份有限公司,83763685,0.00,15.00,,,,應援科技金流手續費,金錢,,,否,,,,,,,
22,張淑惠,111年新北市議員選舉,首次申報,1110604,集會支出,淞品生技有限公司新埔分公司,,0.00,350.00,,,,餐飲費用,金錢,,0225*****,否,,,,,,,
23,張淑惠,111年新北市議員選舉,首次申報,1110605,租用競選辦事處支出,陳茂霖,,0.00,4000.00,,,,租用競選辦事處費用,金錢,新北市板橋區****,,否,,,,,,,
24,張淑惠,111年新北市議員選舉,首次申報,1110605,人事費用支出,林戴安,B22*******,0.00,4000.00,,,,其他因工作酬勞之給付(文案及撰稿),金錢,臺北市內湖區****,,否,,,,,,,
25,張淑惠,111年新北市議員選舉,首次申報,1110605,人事費用支出,劉紫緹,F22*******,0.00,2000.00,,,,其他因工作酬勞之給付(設計費：文宣品及圖案設計),金錢,新北市板橋區****,,否,,,,,,,
26,張淑惠,111年新北市議員選舉,首次申報,1110606,交通旅運支出,計程車TDA6251,,0.00,235.00,,,,搭乘交通工具費用(浮州橋→板橋文化路，里程.km),金錢,,02-8*****,否,,,,,,,
27,張淑惠,111年新北市議員選舉,首次申報,1110606,交通旅運支出,計程車TDU9928,,0.00,225.00,,,,搭乘交通工具費用(新莊中華路→板橋文化路),金錢,,0227*****,否,,,,,,,
28,張淑惠,111年新北市議員選舉,首次申報,1110606,集會支出,永元手工包子店,42157806,0.00,450.00,,,,餐飲費用,金錢,,0225*****,否,,,,,,,
29,張淑惠,111年新北市議員選舉,首次申報,1110607,交通旅運支出,計程車TDH3991,,0.00,135.00,,,,搭乘交通工具費用(板橋文化路→新莊中華路，里程.km),金錢,,0289*****,否,,,,,,,
30,張淑惠,111年新北市議員選舉,首次申報,1110607,宣傳支出,中華郵政股份有限公司,03741302,0.00,60.00,,,,郵寄競選物品或宣傳廣告費用,金錢,,,否,,,,,,,
31,張淑惠,111年新北市議員選舉,首次申報,1110609,交通旅運支出,計程車TDL5319,,0.00,270.00,,,,搭乘交通工具費用(板橋→西寧北路，里程.km),金錢,,0289*****,否,,,,,,,
32,張淑惠,111年新北市議員選舉,首次申報,1110610,宣傳支出,友翔複印文具有限公司,80114568,0.00,420.00,,,,製作競選物品或宣傳廣告費用（A彩色海報）,金錢,,,否,,,,,,,
33,張淑惠,111年新北市議員選舉,首次申報,1110610,雜支支出,應援科技股份有限公司,83763685,0.00,30.00,,,,應援科技金流手續費,金錢,,,否,,,,,,,
34,張淑惠,111年新北市議員選舉,首次申報,1110611,集會支出,祈恩有限公司,16661998,0.00,350.00,,,,餐飲費用(茶會-純水),金錢,,,否,,,,,,,
35,張淑惠,111年新北市議員選舉,首次申報,1110612,集會支出,基隆紅燒鰻,21560582,0.00,260.00,,,,餐飲費用(茶會-便當),金錢,,,否,,,,,,,
36,張淑惠,111年新北市議員選舉,首次申報,1110612,集會支出,富利餐飲(股)公司,28180192,0.00,1380.00,,,,餐飲費用(茶會-茶會後志工用餐),金錢,,,否,,,,,,,
37,張淑惠,111年新北市議員選舉,首次申報,1110612,集會支出,春嬌冰果室,47976733,0.00,50.00,,,,餐飲費用(茶會-水),金錢,,,否,,,,,,,
38,張淑惠,111年新北市議員選舉,首次申報,1110612,集會支出,龍恩焢肉飯店,99760235,0.00,1120.00,,,,餐飲費用(茶會-便當),金錢,,,否,,,,,,,
39,張淑惠,111年新北市議員選舉,首次申報,1110615,交通旅運支出,計程車TDE-0595,,0.00,75.00,,,,搭乘交通工具費用(文化路→莊敬路，里程.km),金錢,,0227*****,否,,,,,,,
40,張淑惠,111年新北市議員選舉,首次申報,1110615,雜支支出,佑誠書局,14507198,0.00,149.00,,,,文具用品費用,金錢,,,否,,,,,,,
41,張淑惠,111年新北市議員選舉,首次申報,1110615,雜支支出,佑誠書局,14507198,0.00,320.00,,,,文具用品費用,金錢,,,否,,,,,,,
42,張淑惠,111年新北市議員選舉,首次申報,1110616,交通旅運支出,計程車TDD8808,,0.00,210.00,,,,搭乘交通工具費用(板橋文化路→玉泉公園),金錢,,0227*****,否,,,,,,,
43,張淑惠,111年新北市議員選舉,首次申報,1110617,交通旅運支出,計程車256-E7,,0.00,75.00,,,,搭乘交通工具費用(板橋莊敬路-健華新城),金錢,,0289*****,否,,,,,,,
44,張淑惠,111年新北市議員選舉,首次申報,1110617,宣傳支出,放點子企業社,09883448,0.00,578.00,,,,製作競選物品或宣傳廣告費用（印海報、合成板）,金錢,,0227*****,否,,,,,,,
45,張淑惠,111年新北市議員選舉,首次申報,1110619,人事費用支出,賴宣任,A22*******,0.00,4600.00,,,,其他因工作酬勞之給付,金錢,台北市文山區****,,否,,,,,,,
46,張淑惠,111年新北市議員選舉,首次申報,1110620,交通旅運支出,計程車TAV-009,,0.00,445.00,,,,搭乘交通工具費用(板橋新埔-松德路),金錢,,0227*****,否,,,,,,,
47,張淑惠,111年新北市議員選舉,首次申報,1110620,集會支出,柏怡有限公司,42721395,0.00,208.00,,,,其他與集會有關之費用(親子活動耗材),金錢,,0289*****,否,,,,,,,
48,張淑惠,111年新北市議員選舉,首次申報,1110622,交通旅運支出,計程車TDP3568,,0.00,70.00,,,,搭乘交通工具費用(健華新村→板橋莊敬路，里程.KM),金錢,,0227*****,否,,,,,,,
49,張淑惠,111年新北市議員選舉,首次申報,1110623,交通旅運支出,計程車679D3,,0.00,75.00,,,,搭乘交通工具費用(新埔-赤峰街),金錢,,0227*****,否,,,,,,,
50,張淑惠,111年新北市議員選舉,首次申報,1110623,交通旅運支出,計程車TDS-6823,,0.00,280.00,,,,搭乘交通工具費用(赤峰街→大稻埕),金錢,,0966*****,否,,,,,,,
51,張淑惠,111年新北市議員選舉,首次申報,1110624,集會支出,祈恩有限公司,16661998,0.00,300.00,,,,餐飲費用(純水),金錢,,,否,,,,,,,
52,張淑惠,111年新北市議員選舉,首次申報,1110624,雜支支出,應援科技股份有限公司,83763685,0.00,30.00,,,,應援科技金流手續費,金錢,,,否,,,,,,,
53,張淑惠,111年新北市議員選舉,首次申報,1110627,交通旅運支出,計程車958-8C,,0.00,80.00,,,,搭乘交通工具費用(板新站→健華新村，里程.km),金錢,,0227*****,否,,,,,,,
54,張淑惠,111年新北市議員選舉,首次申報,1110627,宣傳支出,京站時尚廣場,28710621,0.00,690.00,,,,製作競選物品或宣傳廣告費用（競選背心）,金錢,,,否,,,,,,,
55,張淑惠,111年新北市議員選舉,首次申報,1110628,交通旅運支出,計程車TDG-2315,,0.00,95.00,,,,搭乘交通工具費用(中正路→文化路，里程.km),金錢,,0227*****,否,,,,,,,
56,張淑惠,111年新北市議員選舉,首次申報,1110628,交通旅運支出,計程車TDP2590,,0.00,115.00,,,,搭乘交通工具費用(健華→中正新，里程.km),金錢,,0289*****,否,,,,,,,
57,張淑惠,111年新北市議員選舉,首次申報,1110628,交通旅運支出,計程車TDD6693,,0.00,125.00,,,,搭乘交通工具費用(中正路→中山路，里程.km),金錢,,0289*****,否,,,,,,,
58,張淑惠,111年新北市議員選舉,首次申報,1110628,交通旅運支出,計程車TDL6692,,0.00,120.00,,,,搭乘交通工具費用(華江市場→健華新村，里程.km),金錢,,0289*****,否,,,,,,,
59,張淑惠,111年新北市議員選舉,首次申報,1110629,交通旅運支出,計程車TDA7215,,0.00,115.00,,,,搭乘交通工具費用(萬華→健華，里程.km),金錢,,0289*****,否,,,,,,,
60,張淑惠,111年新北市議員選舉,首次申報,1110629,交通旅運支出,計程車TBAD201,,0.00,100.00,,,,搭乘交通工具費用(亞東→健華，里程.km),金錢,,0289*****,否,,,,,,,
61,張淑惠,111年新北市議員選舉,首次申報,1110630,交通旅運支出,計程車901-5G,,0.00,170.00,,,,搭乘交通工具費用(大稻埕→健華，里新，里程km),金錢,,0289*****,否,,,,,,,
62,張淑惠,111年新北市議員選舉,首次申報,1110630,交通旅運支出,計程車TDN-2313,,0.00,180.00,,,,搭乘交通工具費用(浮洲→健華),金錢,,收據無顯*****,否,,,,,,,
63,張淑惠,111年新北市議員選舉,首次申報,1110630,交通旅運支出,計程車TDN-2313,,0.00,70.00,,,,搭乘交通工具費用(健華→中山路，里程.km),金錢,,收據無顯*****,否,,,,,,,
64,張淑惠,111年新北市議員選舉,首次申報,1110630,交通旅運支出,計程車TDS6959,,0.00,70.00,,,,搭乘交通工具費用(健華→中山路，里程.km),金錢,,收據無顯*****,否,,,,,,,
65,張淑惠,111年新北市議員選舉,首次申報,1110630,交通旅運支出,計程車TAR-679,,0.00,140.00,,,,搭乘交通工具費用(萬華→健華),金錢,,0227*****,否,,,,,,,
66,張淑惠,111年新北市議員選舉,首次申報,1110701,交通旅運支出,計程車TDH7908,,0.00,105.00,,,,搭乘交通工具費用(府中站到健華新村，KM.),金錢,,0289*****,否,,,,,,,
67,張淑惠,111年新北市議員選舉,首次申報,1110701,交通旅運支出,計程車190-5G,,0.00,85.00,,,,搭乘交通工具費用(新府站到健華新村，KM.),金錢,,02-8*****,否,,,,,,,
68,張淑惠,111年新北市議員選舉,首次申報,1110701,交通旅運支出,計程車TDV0889,,0.00,70.00,,,,搭乘交通工具費用(民權路到健華新村，KM.),金錢,,0227*****,否,,,,,,,
69,張淑惠,111年新北市議員選舉,首次申報,1110704,交通旅運支出,計程車657-8D,,0.00,110.00,,,,搭乘交通工具費用(府中路到健華新村，KM.),金錢,,02-8*****,否,,,,,,,
70,張淑惠,111年新北市議員選舉,首次申報,1110704,交通旅運支出,計程車TDL3257,,0.00,90.00,,,,搭乘交通工具費用(中山路到健華新村，KM.),金錢,,02-2*****,否,,,,,,,
71,張淑惠,111年新北市議員選舉,首次申報,1110704,交通旅運支出,計程車TDS-8159,,0.00,130.00,,,,搭乘交通工具費用(大觀路到民權路，KM.),金錢,,02-8*****,否,,,,,,,
72,張淑惠,111年新北市議員選舉,首次申報,1110704,交通旅運支出,計程車838-5G,,0.00,80.00,,,,搭乘交通工具費用(民生路到健華新村，KM.),金錢,,02-2*****,否,,,,,,,
73,張淑惠,111年新北市議員選舉,首次申報,1110704,集會支出,好貨多五金百貨商行,,0.00,165.00,,,,其他與集會有關之費用(場佈),金錢,,0286*****,否,,,,,,,
74,張淑惠,111年新北市議員選舉,首次申報,1110704,宣傳支出,藍格印刷國際企業有限公司,22076600,0.00,2695.00,,,,製作競選物品或宣傳廣告費用（宣傳單）,金錢,臺北市內湖區****,,否,,,,,,,
75,張淑惠,111年新北市議員選舉,首次申報,1110704,宣傳支出,迎華企業社,41304604,0.00,819.00,,,,製作競選物品或宣傳廣告費用（宣傳品）,金錢,,,否,,,,,,,
76,張淑惠,111年新北市議員選舉,首次申報,1110705,交通旅運支出,計程車927-K5,,0.00,80.00,,,,搭乘交通工具費用(民權路到健華新村，KM.),金錢,,02-8*****,否,,,,,,,
77,張淑惠,111年新北市議員選舉,首次申報,1110705,交通旅運支出,計程車TDA-6072,,0.00,75.00,,,,搭乘交通工具費用(江子翠到健華，KM.),金錢,,02-2*****,否,,,,,,,
78,張淑惠,111年新北市議員選舉,首次申報,1110705,交通旅運支出,計程車911-ET,,0.00,75.00,,,,搭乘交通工具費用(健華新村到縣民大道，KM.),金錢,,02-2*****,否,,,,,,,
79,張淑惠,111年新北市議員選舉,首次申報,1110705,租用競選辦事處支出,陳茂霖,,0.00,4000.00,,,,租用競選辦事處費用,金錢,新北市板橋區****,,否,,,,,,,
80,張淑惠,111年新北市議員選舉,首次申報,1110706,交通旅運支出,計程車TDU-686,,0.00,75.00,,,,搭乘交通工具費用(中山路到健華新村，KM.),金錢,,02-8*****,否,,,,,,,
81,張淑惠,111年新北市議員選舉,首次申報,1110706,交通旅運支出,計程車852-K5,,0.00,95.00,,,,搭乘交通工具費用(民權路到健華新村，KM.),金錢,,02-2*****,否,,,,,,,
82,張淑惠,111年新北市議員選舉,首次申報,1110706,雜支支出,和平配鎖刻印行,66949954,0.00,340.00,,,,雜項購置或修繕費用(刻單位印章),金錢,,,否,,,,,,,
83,張淑惠,111年新北市議員選舉,首次申報,1110707,交通旅運支出,計程車TAL-066,,0.00,85.00,,,,搭乘交通工具費用(健華新村到民權路，KM.),金錢,,02-2*****,否,,,,,,,
84,張淑惠,111年新北市議員選舉,首次申報,1110707,交通旅運支出,計程車7D-226,,0.00,80.00,,,,搭乘交通工具費用(中山路到健華新村，KM.),金錢,,02-2*****,否,,,,,,,
85,張淑惠,111年新北市議員選舉,首次申報,1110707,交通旅運支出,計程車TDF5006,,0.00,245.00,,,,搭乘交通工具費用(文化路到林森南路，KM.),金錢,,02-2*****,否,,,,,,,
86,張淑惠,111年新北市議員選舉,首次申報,1110708,交通旅運支出,計程車662-9D,,0.00,115.00,,,,搭乘交通工具費用(文化路到萬華，KM.),金錢,,02-2*****,否,,,,,,,
87,張淑惠,111年新北市議員選舉,首次申報,1110708,交通旅運支出,計程車TDV2860,,0.00,125.00,,,,搭乘交通工具費用(萬華到健華新村，KM.),金錢,,02-2*****,否,,,,,,,
88,張淑惠,111年新北市議員選舉,首次申報,1110708,交通旅運支出,計程車TDD5931,,0.00,175.00,,,,搭乘交通工具費用(浮洲到文化路，KM.),金錢,,02-2*****,否,,,,,,,
89,張淑惠,111年新北市議員選舉,首次申報,1110708,集會支出,勝新欣企業社,38569117,0.00,150.00,,,,其他與集會有關之費用(集會活動現場使用),金錢,,,否,,,,,,,
90,張淑惠,111年新北市議員選舉,首次申報,1110708,雜支支出,應援科技股份有限公司,83763685,0.00,60.00,,,,應援科技金流手續費,金錢,,,否,,,,,,,
91,張淑惠,111年新北市議員選舉,首次申報,1110710,交通旅運支出,計程車TDG8309,,0.00,270.00,,,,搭乘交通工具費用(健華新村到善導寺站，KM.),金錢,,02-2*****,否,,,,,,,
92,張淑惠,111年新北市議員選舉,首次申報,1110711,交通旅運支出,計程車TAU-573,,0.00,75.00,,,,搭乘交通工具費用(漢生東路到文化路，KM.),金錢,,02-8*****,否,,,,,,,
93,張淑惠,111年新北市議員選舉,首次申報,1110711,交通旅運支出,計程車TDL6617,,0.00,70.00,,,,搭乘交通工具費用(里程：km),金錢,,0227*****,否,,,,,,,
94,張淑惠,111年新北市議員選舉,首次申報,1110712,交通旅運支出,計程車TDL9109,,0.00,85.00,,,,搭乘交通工具費用(文化路到中山路，KM.),金錢,,02-8*****,否,,,,,,,
95,張淑惠,111年新北市議員選舉,首次申報,1110712,雜支支出,中華郵政股份有限公司,03741302,0.00,30.00,,,,匯款手續費,金錢,,,否,,,,,,,
96,張淑惠,111年新北市議員選舉,首次申報,1110713,交通旅運支出,計程車215-L7,,0.00,70.00,,,,搭乘交通工具費用(民權路到健華新村，KM.),金錢,,02-2*****,否,,,,,,,
97,張淑惠,111年新北市議員選舉,首次申報,1110713,交通旅運支出,計程車759-C3,,0.00,70.00,,,,搭乘交通工具費用(健華新村到三猿廣場，KM.),金錢,,02-8*****,否,,,,,,,
98,張淑惠,111年新北市議員選舉,首次申報,1110714,交通旅運支出,計程車TDF8970,,0.00,95.00,,,,搭乘交通工具費用(環河西路到健華新村，KM.),金錢,,02-2*****,否,,,,,,,
99,張淑惠,111年新北市議員選舉,首次申報,1110715,集會支出,淞品生技有限公司新埔分公司,55878778,0.00,310.00,,,,餐飲費用(會議餐點),金錢,,0225*****,否,,,,,,,
100,張淑惠,111年新北市議員選舉,首次申報,1110715,雜支支出,應援科技股份有限公司,83763685,0.00,300.00,,,,應援科技金流手續費,金錢,,,否,,,,,,,
101,張淑惠,111年新北市議員選舉,首次申報,1110716,交通旅運支出,計程車550-K2,,0.00,95.00,,,,搭乘交通工具費用(健華新村到車站，KM.),金錢,,02-8*****,否,,,,,,,
102,張淑惠,111年新北市議員選舉,首次申報,1110716,交通旅運支出,計程車TDA7692,,0.00,105.00,,,,搭乘交通工具費用(健華新村到八德公園，KM.),金錢,,02-2*****,否,,,,,,,
103,張淑惠,111年新北市議員選舉,首次申報,1110717,雜支支出,誠實精品文具有限公司,54840092,0.00,269.00,,,,文具用品費用,金錢,,,否,,,,,,,
104,張淑惠,111年新北市議員選舉,首次申報,1110718,交通旅運支出,計程車TDF9595,,0.00,325.00,,,,搭乘交通工具費用(安和路到健華新村，KM.),金錢,,02-2*****,否,,,,,,,
105,張淑惠,111年新北市議員選舉,首次申報,1110718,交通旅運支出,計程車958-L5,,0.00,140.00,,,,搭乘交通工具費用(健華新村到亞東醫院，KM.),金錢,,02-2*****,否,,,,,,,
106,張淑惠,111年新北市議員選舉,首次申報,1110718,交通旅運支出,計程車403-2G,,0.00,380.00,,,,搭乘交通工具費用(文化路到安和路，KM.),金錢,,02-8*****,否,,,,,,,
107,張淑惠,111年新北市議員選舉,首次申報,1110718,交通旅運支出,計程車TDH7908,,0.00,285.00,,,,搭乘交通工具費用(文化路到亞東醫院，KM.),金錢,,0289*****,否,,,,,,,
108,張淑惠,111年新北市議員選舉,首次申報,1110718,交通旅運支出,計程車TDR-1578,,0.00,270.00,,,,搭乘交通工具費用(浮洲到健華新村，KM.),金錢,,0227*****,否,,,,,,,
109,張淑惠,111年新北市議員選舉,首次申報,1110718,雜支支出,米波羅企業有限公司,16757038,0.00,1575.00,,,,雜項購置或修繕費用(修擴音器：訊號連接頭、搖控器),金錢,,,否,,,,,,,
110,張淑惠,111年新北市議員選舉,首次申報,1110719,交通旅運支出,計程車TDL6087,,0.00,160.00,,,,搭乘交通工具費用(健華新村到迪化公園，KM.),金錢,,02-2*****,否,,,,,,,
111,張淑惠,111年新北市議員選舉,首次申報,1110719,宣傳支出,藍格印刷國際企業有限公司,22076600,0.00,1199.00,,,,製作競選物品或宣傳廣告費用（宣傳單）,金錢,臺北市內湖區****,,否,,,,,,,
112,張淑惠,111年新北市議員選舉,首次申報,1110721,交通旅運支出,計程車602-2C,,0.00,90.00,,,,搭乘交通工具費用(文化路到民權路，KM.),金錢,,0227*****,否,,,,,,,
113,張淑惠,111年新北市議員選舉,首次申報,1110721,交通旅運支出,計程車TDH1521,,0.00,280.00,,,,搭乘交通工具費用(文化路到浮洲，KM.),金錢,,0227*****,否,,,,,,,
114,張淑惠,111年新北市議員選舉,首次申報,1110721,交通旅運支出,計程車TDD2067,,0.00,320.00,,,,搭乘交通工具費用(榮星花園到文化路，KM.),金錢,,0227*****,否,,,,,,,
115,張淑惠,111年新北市議員選舉,首次申報,1110722,雜支支出,應援科技股份有限公司,83763685,0.00,936.00,,,,應援科技金流手續費,金錢,,,否,,,,,,,
116,張淑惠,111年新北市議員選舉,首次申報,1110722,集會支出,樂芽一號庇護工程,88261774,0.00,3100.00,,,,餐飲費用(園遊會餐點),金錢,,,否,,,,,,,
117,張淑惠,111年新北市議員選舉,首次申報,1110723,交通旅運支出,計程車TDA7902,,0.00,80.00,,,,搭乘交通工具費用(健華新村到民生路，KM.),金錢,,0227*****,否,,,,,,,
118,張淑惠,111年新北市議員選舉,首次申報,1110725,交通旅運支出,計程車TDS7856,,0.00,95.00,,,,搭乘交通工具費用(縣民大道到健華新村，KM.),金錢,,0289*****,否,,,,,,,
119,張淑惠,111年新北市議員選舉,首次申報,1110725,交通旅運支出,計程車TDU6795,,0.00,75.00,,,,搭乘交通工具費用(民生路到健華新村，KM.),金錢,,0227*****,否,,,,,,,
120,張淑惠,111年新北市議員選舉,首次申報,1110726,交通旅運支出,計程車TAU-573,,0.00,80.00,,,,搭乘交通工具費用(文化路到新府路，KM.),金錢,,0289*****,否,,,,,,,
121,張淑惠,111年新北市議員選舉,首次申報,1110726,宣傳支出,藍格印刷國際企業有限公司,22076600,0.00,1152.00,,,,製作競選物品或宣傳廣告費用（宣傳單）,金錢,臺北市內湖區****,,否,,,,,,,
122,張淑惠,111年新北市議員選舉,首次申報,1110727,交通旅運支出,計程車TDS6221,,0.00,105.00,,,,搭乘交通工具費用(縣民大道到文化路，KM.),金錢,,0289*****,否,,,,,,,
123,張淑惠,111年新北市議員選舉,首次申報,1110727,交通旅運支出,計程車620-K3,,0.00,100.00,,,,搭乘交通工具費用(文化路到府中路，KM.),金錢,,0289*****,否,,,,,,,
124,張淑惠,111年新北市議員選舉,首次申報,1110727,交通旅運支出,計程車TDP-2711,,0.00,100.00,,,,搭乘交通工具費用(民權路到文化路，KM),金錢,,0289*****,否,,,,,,,
125,張淑惠,111年新北市議員選舉,首次申報,1110727,交通旅運支出,計程車TDF9165,,0.00,90.00,,,,搭乘交通工具費用(文化路到四維公園，KM.),金錢,,0227*****,否,,,,,,,
126,張淑惠,111年新北市議員選舉,首次申報,1110728,交通旅運支出,計程車550-K2,,0.00,100.00,,,,搭乘交通工具費用(文化路到八德公園，KM.),金錢,,0289*****,否,,,,,,,
127,張淑惠,111年新北市議員選舉,首次申報,1110729,雜支支出,應援科技股份有限公司,83763685,0.00,20.00,,,,應援科技金流手續費,金錢,,,否,,,,,,,
128,張淑惠,111年新北市議員選舉,首次申報,1110801,宣傳支出,拾柒設計文創工作室,87311749,0.00,5040.00,,,,製作競選物品或宣傳廣告費用（背心印刷）,金錢,新北市淡水區****,0922*****,否,,,,,,,
129,張淑惠,111年新北市議員選舉,首次申報,1110802,交通旅運支出,計程車TAR-710,,0.00,320.00,,,,搭乘交通工具費用(林森北路到文化路),金錢,,單據無資*****,否,,,,,,,
130,張淑惠,111年新北市議員選舉,首次申報,1110803,交通旅運支出,計程車987-K7,,0.00,345.00,,,,搭乘交通工具費用(文化路到榮星花園，KM.),金錢,,0289*****,否,,,,,,,
131,張淑惠,111年新北市議員選舉,首次申報,1110803,交通旅運支出,計程車TDJ1652,,0.00,100.00,,,,搭乘交通工具費用(中山路到健華新村，KM.),金錢,,0333*****,否,,,,,,,
132,張淑惠,111年新北市議員選舉,首次申報,1110804,交通旅運支出,計程車TDL-5353,,0.00,180.00,,,,搭乘交通工具費用(文化路到萬華，KM.),金錢,,0289*****,否,,,,,,,
133,張淑惠,111年新北市議員選舉,首次申報,1110804,交通旅運支出,計程車TDJ2928,,0.00,135.00,,,,搭乘交通工具費用(環河公園到健華新村，KM.),金錢,,0289*****,否,,,,,,,
134,張淑惠,111年新北市議員選舉,首次申報,1110804,集會支出,柏怡有限公司,42721395,0.00,348.00,,,,其他與集會有關之費用(集會活動使用),金錢,,0289*****,否,,,,,,,
135,張淑惠,111年新北市議員選舉,首次申報,1110805,租用競選辦事處支出,陳茂霖,,0.00,4000.00,,,,租用競選辦事處費用,金錢,新北市板橋區****,,否,,,,,,,
136,張淑惠,111年新北市議員選舉,首次申報,1110805,人事費用支出,林戴安,B22*******,0.00,4000.00,,,,其他因工作酬勞之給付(文案及撰稿),金錢,臺北市內湖區****,,否,,,,,,,
137,張淑惠,111年新北市議員選舉,首次申報,1110805,人事費用支出,劉紫緹,F22*******,0.00,5000.00,,,,工資或薪津(部分工時),金錢,新北市板橋區****,,否,,,,,,,
138,張淑惠,111年新北市議員選舉,首次申報,1110806,交通旅運支出,計程車TDH9866,,0.00,90.00,,,,搭乘交通工具費用(文化路到海山市場，KM.),金錢,,0227*****,否,,,,,,,
139,張淑惠,111年新北市議員選舉,首次申報,1110806,交通旅運支出,計程車TAQ-182,,0.00,75.00,,,,搭乘交通工具費用(文化路到民生路，KM.),金錢,,0227*****,否,,,,,,,
140,張淑惠,111年新北市議員選舉,首次申報,1110806,交通旅運支出,計程車TDL665,,0.00,75.00,,,,搭乘交通工具費用(文化路到民權路，KM.),金錢,,0227*****,否,,,,,,,
141,張淑惠,111年新北市議員選舉,首次申報,1110807,交通旅運支出,計程車615-YG,,0.00,100.00,,,,搭乘交通工具費用(健華新村到環河公園，KM.),金錢,,0227*****,否,,,,,,,
142,張淑惠,111年新北市議員選舉,首次申報,1110807,交通旅運支出,計程車TDH2883,,0.00,110.00,,,,搭乘交通工具費用(文化路到新府路，KM.),金錢,,0289*****,否,,,,,,,
143,張淑惠,111年新北市議員選舉,首次申報,1110808,雜支支出,中華郵政股份有限公司,03741302,0.00,30.00,,,,匯款手續費,金錢,,,否,,,,,,,
144,張淑惠,111年新北市議員選舉,首次申報,1110809,交通旅運支出,計程車TDD6890,,0.00,330.00,,,,搭乘交通工具費用(林森南路到健華新村，KM.),金錢,,0227*****,否,,,,,,,
145,張淑惠,111年新北市議員選舉,首次申報,1110809,交通旅運支出,計程車TDD7581,,0.00,75.00,,,,搭乘交通工具費用(健華新村到縣民大道，KM.),金錢,,0289*****,否,,,,,,,
146,張淑惠,111年新北市議員選舉,首次申報,1110810,交通旅運支出,計程車TDS5266,,0.00,105.00,,,,搭乘交通工具費用(幸德市場到健華新村，KM.),金錢,,單據無資*****,否,,,,,,,
147,張淑惠,111年新北市議員選舉,首次申報,1110810,交通旅運支出,計程車TDP6833,,0.00,85.00,,,,搭乘交通工具費用(幸德市場到健華新村，KM.),金錢,,0289*****,否,,,,,,,
148,張淑惠,111年新北市議員選舉,首次申報,1110810,集會支出,和泰興食品有限公司,,0.00,400.00,,,,餐飲費用(餐點),金錢,,0222*****,否,,,,,,,
149,張淑惠,111年新北市議員選舉,首次申報,1110811,交通旅運支出,計程車TDN-1936,,0.00,115.00,,,,搭乘交通工具費用(健華新村到新莊體育館，KM.),金錢,,0227*****,否,,,,,,,
150,張淑惠,111年新北市議員選舉,首次申報,1110811,交通旅運支出,計程車160-E7,,0.00,130.00,,,,搭乘交通工具費用(健華新村到南雅南路，KM.),金錢,,0224*****,否,,,,,,,
151,張淑惠,111年新北市議員選舉,首次申報,1110812,雜支支出,應援科技股份有限公司,83763685,0.00,62.00,,,,應援科技金流手續費,金錢,,,否,,,,,,,
152,張淑惠,111年新北市議員選舉,首次申報,1110813,交通旅運支出,計程車TDD1536,,0.00,175.00,,,,搭乘交通工具費用(新莊中信街到健華新村，KM.),金錢,,0227*****,否,,,,,,,
153,張淑惠,111年新北市議員選舉,首次申報,1110814,交通旅運支出,計程車TDH-6669,,0.00,210.00,,,,搭乘交通工具費用(板橋到新莊中信街，KM.),金錢,,0289*****,否,,,,,,,
154,張淑惠,111年新北市議員選舉,首次申報,1110814,交通旅運支出,計程車358-6D,,0.00,195.00,,,,搭乘交通工具費用(林森南路到文化路，KM.),金錢,,0289*****,否,,,,,,,
155,張淑惠,111年新北市議員選舉,首次申報,1110815,交通旅運支出,計程車TDA7781,,0.00,275.00,,,,搭乘交通工具費用(板橋到龍鳳公園，KM.),金錢,,0289*****,否,,,,,,,
156,張淑惠,111年新北市議員選舉,首次申報,1110815,交通旅運支出,計程車TDE3988,,0.00,95.00,,,,搭乘交通工具費用(文化路到民權路KM.),金錢,,0289*****,否,,,,,,,
157,張淑惠,111年新北市議員選舉,首次申報,1110815,交通旅運支出,計程車TDH-7622,,0.00,120.00,,,,搭乘交通工具費用(南雅南路到健華新村，KM.),金錢,,0227*****,否,,,,,,,
158,張淑惠,111年新北市議員選舉,首次申報,1110816,交通旅運支出,計程車TDH8305,,0.00,80.00,,,,搭乘交通工具費用(縣民大道到健華新村，KM.),金錢,,0227*****,否,,,,,,,
159,張淑惠,111年新北市議員選舉,首次申報,1110816,交通旅運支出,計程車099-K2,,0.00,80.00,,,,搭乘交通工具費用(健華新村到縣民大道，KM.),金錢,,0229*****,否,,,,,,,
160,張淑惠,111年新北市議員選舉,首次申報,1110817,交通旅運支出,計程車412-E5,,0.00,85.00,,,,搭乘交通工具費用(健華新村到介壽公園，KM.),金錢,,0358*****,否,,,,,,,
161,張淑惠,111年新北市議員選舉,首次申報,1110817,人事費用支出,江玉雯,F22*******,0.00,500.00,,,,其他因工作酬勞之給付(活動講師),金錢,新北市板橋區****,,否,,,,,,,
162,張淑惠,111年新北市議員選舉,首次申報,1110818,交通旅運支出,計程車TDG2966,,0.00,70.00,,,,搭乘交通工具費用(板橋區公所到火車站，KM.),金錢,,0227*****,否,,,,,,,
163,張淑惠,111年新北市議員選舉,首次申報,1110818,交通旅運支出,計程車TDP5021,,0.00,250.00,,,,搭乘交通工具費用(健華新村到台北車站，KM.),金錢,,0227*****,否,,,,,,,
164,張淑惠,111年新北市議員選舉,首次申報,1110818,交通旅運支出,計程車862-NS,,0.00,75.00,,,,搭乘交通工具費用(健華新村到火車站，KM.),金錢,,0229*****,否,,,,,,,
165,張淑惠,111年新北市議員選舉,首次申報,1110819,交通旅運支出,計程車685-K3,,0.00,80.00,,,,搭乘交通工具費用(健華新村到新府路，KM.),金錢,,0229*****,否,,,,,,,
166,張淑惠,111年新北市議員選舉,首次申報,1110819,交通旅運支出,計程車TDS-7783,,0.00,80.00,,,,搭乘交通工具費用(新府路到健華新村，KM.),金錢,,0289*****,否,,,,,,,
167,張淑惠,111年新北市議員選舉,首次申報,1110819,雜支支出,中華郵政股份有限公司,03741302,0.00,30.00,,,,匯款手續費,金錢,,,否,,,,,,,
168,張淑惠,111年新北市議員選舉,首次申報,1110819,雜支支出,中華郵政股份有限公司,03741302,0.00,30.00,,,,匯款手續費,金錢,,,否,,,,,,,
169,張淑惠,111年新北市議員選舉,首次申報,1110819,雜支支出,中華郵政股份有限公司,03741302,0.00,30.00,,,,匯款手續費,金錢,,,否,,,,,,,
170,張淑惠,111年新北市議員選舉,首次申報,1110819,雜支支出,應援科技股份有限公司,83763685,0.00,166.00,,,,應援科技金流手續費,金錢,,,否,,,,,,,
171,張淑惠,111年新北市議員選舉,首次申報,1110820,交通旅運支出,計程車TAF-516,,0.00,200.00,,,,搭乘交通工具費用(新莊宏匯廣場到健華新村，KM.),金錢,,0227*****,否,,,,,,,
172,張淑惠,111年新北市議員選舉,首次申報,1110820,交通旅運支出,計程車TDE-0336,,0.00,210.00,,,,搭乘交通工具費用(健華新村到新莊宏匯廣場，KM),金錢,,0227*****,否,,,,,,,
173,張淑惠,111年新北市議員選舉,首次申報,1110820,交通旅運支出,計程車TDD6852,,0.00,90.00,,,,搭乘交通工具費用(朝陽市場到健華新村，KM),金錢,,0289*****,否,,,,,,,
174,張淑惠,111年新北市議員選舉,首次申報,1110820,交通旅運支出,計程車803-E6,,0.00,90.00,,,,搭乘交通工具費用(健華新村到朝陽市場),金錢,,單據無資*****,否,,,,,,,
175,張淑惠,111年新北市議員選舉,首次申報,1110821,集會支出,太棒有限公司,50848255,0.00,3000.00,,,,餐飲費用(太棒烘培，麵包點心餐盒),金錢,,,否,,,,,,,
176,張淑惠,111年新北市議員選舉,首次申報,1110822,交通旅運支出,計程車TDU3331,,0.00,80.00,,,,搭乘交通工具費用(健華新村到縣民大道，KM.),金錢,,0227*****,否,,,,,,,
177,張淑惠,111年新北市議員選舉,首次申報,1110822,交通旅運支出,計程車TDS-6977,,0.00,95.00,,,,搭乘交通工具費用(縣民大道到健華新村，KM.),金錢,,0289*****,否,,,,,,,
178,張淑惠,111年新北市議員選舉,首次申報,1110823,雜支支出,中華郵政股份有限公司,03741302,0.00,30.00,,,,匯款手續費,金錢,,,否,,,,,,,
179,張淑惠,111年新北市議員選舉,首次申報,1110823,雜支支出,中華郵政股份有限公司,03741302,0.00,30.00,,,,匯款手續費,金錢,,,否,,,,,,,
180,張淑惠,111年新北市議員選舉,首次申報,1110824,交通旅運支出,計程車TDF5107,,0.00,285.00,,,,搭乘交通工具費用(健華新村到鎮江街，KM.),金錢,,0227*****,否,,,,,,,
181,張淑惠,111年新北市議員選舉,首次申報,1110825,交通旅運支出,計程車048-K2,,0.00,175.00,,,,搭乘交通工具費用(國泰市場到健華新村，KM.),金錢,,0229*****,否,,,,,,,
182,張淑惠,111年新北市議員選舉,首次申報,1110825,交通旅運支出,計程車979-9D,,0.00,275.00,,,,搭乘交通工具費用(新莊民安街到健華新村，KM),金錢,,0289*****,否,,,,,,,
183,張淑惠,111年新北市議員選舉,首次申報,1110825,交通旅運支出,計程車048-K2,,0.00,290.00,,,,搭乘交通工具費用(健華新村到三重疏洪東路，KM.),金錢,,0229*****,否,,,,,,,
184,張淑惠,111年新北市議員選舉,首次申報,1110825,交通旅運支出,計程車048-K2,,0.00,85.00,,,,搭乘交通工具費用(埔墘到健華新村，KM.),金錢,,0229*****,否,,,,,,,
185,張淑惠,111年新北市議員選舉,首次申報,1110825,雜支支出,應援科技股份有限公司,83763685,0.00,9450.00,,,,應援科技平台月租費,金錢,,,否,,,,,,,
186,張淑惠,111年新北市議員選舉,首次申報,1110826,雜支支出,應援科技股份有限公司,83763685,0.00,303.00,,,,應援科技金流手續費,金錢,,,否,,,,,,,
187,張淑惠,111年新北市議員選舉,首次申報,1110829,雜支支出,衛生福利中央健康保險署,,0.00,1238.00,,,,月單位負擔健保費(自負額),金錢,台北市南港區****,,否,,,,,,,
188,張淑惠,111年新北市議員選舉,首次申報,1110829,雜支支出,勞動部勞工保險局,,0.00,772.00,,,,月勞保費用(自付額元),金錢,臺北市中正區****,,否,,,,,,,
189,張淑惠,111年新北市議員選舉,首次申報,1110829,雜支支出,中國信託商業銀行,03077208,0.00,30.00,,,,匯款手續費,金錢,,,否,,,,,,,
190,張淑惠,111年新北市議員選舉,首次申報,1110829,雜支支出,中華郵政股份有限公司,03741302,0.00,30.00,,,,開發業務支票,金錢,,,否,,,,,,,
191,張淑惠,111年新北市議員選舉,首次申報,1110829,雜支支出,中華郵政股份有限公司,03741302,0.00,30.00,,,,匯款手續費,金錢,,,否,,,,,,,
192,張淑惠,111年新北市議員選舉,首次申報,1110829,返還捐贈支出,陶靚儀,A22*******,0.00,5000.00,,,,返還,金錢,台北市北投區****,,否,,,,,,,
193,張淑惠,111年新北市議員選舉,首次申報,1110830,雜支支出,來來企業社,,0.00,120.00,,,,雜項購置或修繕費用(鐵絲for旗桿),金錢,,0287*****,否,,,,,,,
194,張淑惠,111年新北市議員選舉,首次申報,1110831,交通旅運支出,計程車TDH-9322,,0.00,265.00,,,,搭乘交通工具費用(健華新村到濟南路),金錢,,單據無資*****,否,,,,,,,
195,張淑惠,111年新北市議員選舉,首次申報,1110831,雜支支出,新北市選舉委員會,34400271,0.00,200000.00,,,,選舉保證金費（未退回保證金者得以報支）,金錢,新北市中和區****,,否,,,,,,,
196,張淑惠,111年新北市議員選舉,首次申報,1110901,交通旅運支出,計程車556-K3,,0.00,385.00,,,,搭乘交通工具費用(健華新村到迪化街，KM.),金錢,,0289*****,否,,,,,,,
197,張淑惠,111年新北市議員選舉,首次申報,1110901,人事費用支出,宋鈺宸,A22*******,0.00,2000.00,,,,其他因工作酬勞之給付(線上講座講師費),金錢,臺北市內湖區****,,否,,,,,,,
198,張淑惠,111年新北市議員選舉,首次申報,1110902,雜支支出,應援科技股份有限公司,83763685,0.00,1014.00,,,,應援科技金流手續費,金錢,,,否,,,,,,,
199,張淑惠,111年新北市議員選舉,首次申報,1110903,交通旅運支出,計程車057-5C,,0.00,105.00,,,,搭乘交通工具費用(健華新村到民權路，KM.),金錢,,0227*****,否,,,,,,,
200,張淑惠,111年新北市議員選舉,首次申報,1110904,交通旅運支出,計程車559-B8,,0.00,210.00,,,,搭乘交通工具費用(健華新村到永和仁愛路，KM.),金錢,,0227*****,否,,,,,,,
201,張淑惠,111年新北市議員選舉,首次申報,1110905,租用競選辦事處支出,陳茂霖,,0.00,4000.00,,,,租用競選辦事處費用,金錢,新北市板橋區****,,否,,,,,,,
202,張淑惠,111年新北市議員選舉,首次申報,1110905,交通旅運支出,計程車TDH9719,,0.00,170.00,,,,搭乘交通工具費用(南雅南路到健華新村，KM.),金錢,,0227*****,否,,,,,,,
203,張淑惠,111年新北市議員選舉,首次申報,1110905,交通旅運支出,計程車433-CK,,0.00,185.00,,,,搭乘交通工具費用(健華新村到萬華，KM.),金錢,,0227*****,否,,,,,,,
204,張淑惠,111年新北市議員選舉,首次申報,1110905,人事費用支出,林戴安,B22*******,0.00,4000.00,,,,其他因工作酬勞之給付(文案及撰稿),金錢,臺北市內湖區****,,否,,,,,,,
205,張淑惠,111年新北市議員選舉,首次申報,1110905,人事費用支出,劉紫緹,F22*******,0.00,5000.00,,,,工資或薪津(部分工時),金錢,新北市板橋區****,,否,,,,,,,
206,張淑惠,111年新北市議員選舉,首次申報,1110906,交通旅運支出,計程車G2-230,,0.00,75.00,,,,搭乘交通工具費用(健華新村到民權路，KM.),金錢,,0227*****,否,,,,,,,
207,張淑惠,111年新北市議員選舉,首次申報,1110906,交通旅運支出,計程車TDU-6360,,0.00,70.00,,,,搭乘交通工具費用(縣民大道到健華新村，KM.),金錢,,0227*****,否,,,,,,,
208,張淑惠,111年新北市議員選舉,首次申報,1110906,交通旅運支出,計程車TDG3969,,0.00,75.00,,,,搭乘交通工具費用(民權路到健華新村，KM.),金錢,,0227*****,否,,,,,,,
209,張淑惠,111年新北市議員選舉,首次申報,1110906,交通旅運支出,計程車881-3C,,0.00,75.00,,,,搭乘交通工具費用(健華新村到浮洲，KM.),金錢,,0227*****,否,,,,,,,
210,張淑惠,111年新北市議員選舉,首次申報,1110907,交通旅運支出,計程車TDN1178,,0.00,85.00,,,,搭乘交通工具費用(健華新村到福德市場，KM.),金錢,,0289*****,否,,,,,,,
211,張淑惠,111年新北市議員選舉,首次申報,1110907,交通旅運支出,計程車TDG8231,,0.00,140.00,,,,搭乘交通工具費用(福德市場到健華新村，KM.),金錢,,0227*****,否,,,,,,,
212,張淑惠,111年新北市議員選舉,首次申報,1110908,交通旅運支出,計程車270-6D,,0.00,70.00,,,,搭乘交通工具費用(文化路到民權路，KM.),金錢,,0289*****,否,,,,,,,
213,張淑惠,111年新北市議員選舉,首次申報,1110908,雜支支出,應援科技股份有限公司,83763685,0.00,448.00,,,,應援科技金流手續費,金錢,,,否,,,,,,,
214,張淑惠,111年新北市議員選舉,首次申報,1110909,交通旅運支出,計程車611-K9,,0.00,125.00,,,,搭乘交通工具費用(民權路到健華新村),金錢,,單據無資*****,否,,,,,,,
215,張淑惠,111年新北市議員選舉,首次申報,1110909,交通旅運支出,計程車TDF3992,,0.00,75.00,,,,搭乘交通工具費用(中山路到健華新村，KM.),金錢,,0227*****,否,,,,,,,
216,張淑惠,111年新北市議員選舉,首次申報,1110909,交通旅運支出,計程車296-6C,,0.00,80.00,,,,搭乘交通工具費用(民權路到健華新村，KM.),金錢,,0289*****,否,,,,,,,
217,張淑惠,111年新北市議員選舉,首次申報,1110910,交通旅運支出,計程車297-K6,,0.00,120.00,,,,搭乘交通工具費用(青翠市場到健華新村，KM.),金錢,,0227*****,否,,,,,,,
218,張淑惠,111年新北市議員選舉,首次申報,1110910,交通旅運支出,計程車TAU-576,,0.00,90.00,,,,搭乘交通工具費用(青翠市場到健華新村，KM.),金錢,,0289*****,否,,,,,,,
219,張淑惠,111年新北市議員選舉,首次申報,1110912,交通旅運支出,計程車TDH8230,,0.00,145.00,,,,搭乘交通工具費用(健華新村到親民公園，KM.),金錢,,0227*****,否,,,,,,,
220,張淑惠,111年新北市議員選舉,首次申報,1110912,雜支支出,中華郵政股份有限公司,03741302,0.00,30.00,,,,匯款手續費,金錢,,,否,,,,,,,
221,張淑惠,111年新北市議員選舉,首次申報,1110913,交通旅運支出,計程車TDP2326,,0.00,80.00,,,,搭乘交通工具費用(健華新村到南雅南路，KM),金錢,,0289*****,否,,,,,,,
222,張淑惠,111年新北市議員選舉,首次申報,1110913,交通旅運支出,計程車TDP8605,,0.00,245.00,,,,搭乘交通工具費用(南雅南路到健華新村，KM),金錢,,0289*****,否,,,,,,,
223,張淑惠,111年新北市議員選舉,首次申報,1110913,宣傳支出,藍格印刷國際企業有限公司,22076600,0.00,2333.00,,,,製作競選物品或宣傳廣告費用（宣傳單）,金錢,臺北市內湖區****,,否,,,,,,,
224,張淑惠,111年新北市議員選舉,首次申報,1110914,交通旅運支出,計程車TAR315,,0.00,120.00,,,,搭乘交通工具費用(中山路到健華新村，KM.),金錢,,0227*****,否,,,,,,,
225,張淑惠,111年新北市議員選舉,首次申報,1110914,交通旅運支出,計程車TDH7119,,0.00,125.00,,,,搭乘交通工具費用(中山路到健華新村，KM.),金錢,,0227*****,否,,,,,,,
226,張淑惠,111年新北市議員選舉,首次申報,1110914,交通旅運支出,計程車TDA8075,,0.00,75.00,,,,搭乘交通工具費用(百壽市場到健華新村，KM.),金錢,,0289*****,否,,,,,,,
227,張淑惠,111年新北市議員選舉,首次申報,1110914,交通旅運支出,計程車TDP6166,,0.00,75.00,,,,搭乘交通工具費用(百壽市場到健華新村，KM.),金錢,,0227*****,否,,,,,,,
228,張淑惠,111年新北市議員選舉,首次申報,1110915,交通旅運支出,計程車TDF0919,,0.00,340.00,,,,搭乘交通工具費用(健華新村到內湖運動公園，KM.),金錢,,0227*****,否,,,,,,,
229,張淑惠,111年新北市議員選舉,首次申報,1110915,交通旅運支出,計程車TDP7073,,0.00,80.00,,,,搭乘交通工具費用(健華新村到新府路，KM.),金錢,,0289*****,否,,,,,,,
230,張淑惠,111年新北市議員選舉,首次申報,1110915,交通旅運支出,計程車TDP7993,,0.00,95.00,,,,搭乘交通工具費用(新府路到健華新村，KM.),金錢,,0289*****,否,,,,,,,
231,張淑惠,111年新北市議員選舉,首次申報,1110915,交通旅運支出,計程車P15-2G,,0.00,245.00,,,,搭乘交通工具費用(健華新村到濟南路),金錢,,單據無資*****,否,,,,,,,
232,張淑惠,111年新北市議員選舉,首次申報,1110916,集會支出,蹦兔洛設計有限公司,24739443,0.00,2100.00,,,,餐飲費用(集會餐點),金錢,,,否,,,,,,,
233,張淑惠,111年新北市議員選舉,首次申報,1110916,雜支支出,應援科技股份有限公司,83763685,0.00,9.00,,,,應援科技金流手續費,金錢,,,否,,,,,,,
234,張淑惠,111年新北市議員選舉,首次申報,1110917,交通旅運支出,計程車989-K5,,0.00,110.00,,,,搭乘交通工具費用(健華新村到民權路，KM.),金錢,,0289*****,否,,,,,,,
235,張淑惠,111年新北市議員選舉,首次申報,1110917,集會支出,來來企業社,31935791,0.00,170.00,,,,其他與集會有關之費用(集會活動使用),金錢,,,否,,,,,,,
236,張淑惠,111年新北市議員選舉,首次申報,1110918,交通旅運支出,計程車TDU-0985,,0.00,70.00,,,,搭乘交通工具費用(福德市場到健華新村，KM.),金錢,,0227*****,否,,,,,,,
237,張淑惠,111年新北市議員選舉,首次申報,1110919,交通旅運支出,計程車TAV-361,,0.00,70.00,,,,搭乘交通工具費用(健華新村到中山路，KM.),金錢,,0289*****,否,,,,,,,
238,張淑惠,111年新北市議員選舉,首次申報,1110919,交通旅運支出,計程車TDD2320,,0.00,70.00,,,,搭乘交通工具費用(健華新村到華江公園，KM.),金錢,,0227*****,否,,,,,,,
239,張淑惠,111年新北市議員選舉,首次申報,1110919,交通旅運支出,計程車032-6C,,0.00,300.00,,,,搭乘交通工具費用(中山南路路到健華新村),金錢,,單據無資*****,否,,,,,,,
240,張淑惠,111年新北市議員選舉,首次申報,1110920,交通旅運支出,計程車TDS6737,,0.00,70.00,,,,搭乘交通工具費用(健華新村到國光國小，KM.),金錢,,0289*****,否,,,,,,,
241,張淑惠,111年新北市議員選舉,首次申報,1110920,交通旅運支出,計程車TDP7381,,0.00,80.00,,,,搭乘交通工具費用(健華新村到民生路，KM.),金錢,,0289*****,否,,,,,,,
242,張淑惠,111年新北市議員選舉,首次申報,1110920,交通旅運支出,計程車TDH7908,,0.00,70.00,,,,搭乘交通工具費用(漢生東路到健華新村，KM.),金錢,,0289*****,否,,,,,,,
243,張淑惠,111年新北市議員選舉,首次申報,1110920,宣傳支出,藍格印刷國際企業有限公司,22076600,0.00,534.00,,,,製作競選物品或宣傳廣告費用（宣傳單）,金錢,臺北市內湖區****,,否,,,,,,,
244,張淑惠,111年新北市議員選舉,首次申報,1110920,雜支支出,應援科技股份有限公司,83763685,0.00,1.00,,,,應援科技金流手續費,金錢,,,否,,,,,,,
245,張淑惠,111年新北市議員選舉,首次申報,1110921,交通旅運支出,計程車TDP6228,,0.00,265.00,,,,搭乘交通工具費用(健華新村到和平東路台少盟，KM.),金錢,,0289*****,否,,,,,,,
246,張淑惠,111年新北市議員選舉,首次申報,1110921,交通旅運支出,計程車527K3,,0.00,145.00,,,,搭乘交通工具費用(華德市場到健華新村，KM.),金錢,,0229*****,否,,,,,,,
247,張淑惠,111年新北市議員選舉,首次申報,1110921,交通旅運支出,計程車255NT,,0.00,140.00,,,,搭乘交通工具費用(健華新村到華德市場，KM.),金錢,,0227*****,否,,,,,,,
248,張淑惠,111年新北市議員選舉,首次申報,1110922,交通旅運支出,計程車825-L6,,0.00,70.00,,,,搭乘交通工具費用(健華新村到民權路，KM.),金錢,,0227*****,否,,,,,,,
249,張淑惠,111年新北市議員選舉,首次申報,1110922,交通旅運支出,計程車TDH5787,,0.00,80.00,,,,搭乘交通工具費用(民權路到新埔站，KM.),金錢,,0229*****,否,,,,,,,
250,張淑惠,111年新北市議員選舉,首次申報,1110923,交通旅運支出,計程車TDP6952,,0.00,135.00,,,,搭乘交通工具費用(健華新村到大觀路，KM),金錢,,0289*****,否,,,,,,,
251,張淑惠,111年新北市議員選舉,首次申報,1110923,交通旅運支出,計程車TDS-7306,,0.00,175.00,,,,搭乘交通工具費用(浮洲到健華新村，KM.),金錢,,0227*****,否,,,,,,,
252,張淑惠,111年新北市議員選舉,首次申報,1110924,交通旅運支出,計程車TDL6229,,0.00,265.00,,,,搭乘交通工具費用(新埔到新莊四維公園，KM.),金錢,,0289*****,否,,,,,,,
253,張淑惠,111年新北市議員選舉,首次申報,1110924,交通旅運支出,計程車TDH2557,,0.00,120.00,,,,搭乘交通工具費用(福德市場到健華新村，KM.),金錢,,0289*****,否,,,,,,,
254,張淑惠,111年新北市議員選舉,首次申報,1110924,交通旅運支出,計程車TAT-520,,0.00,240.00,,,,搭乘交通工具費用(新莊四維公園到新埔，KM.),金錢,,0289*****,否,,,,,,,
255,張淑惠,111年新北市議員選舉,首次申報,1110924,交通旅運支出,計程車991-5G,,0.00,165.00,,,,搭乘交通工具費用(健華新村到萬華婦女館，KM.),金錢,,0227*****,否,,,,,,,
256,張淑惠,111年新北市議員選舉,首次申報,1110924,交通旅運支出,計程車TDH-8913,,0.00,90.00,,,,搭乘交通工具費用(健華新村到福德市場，KM.),金錢,,0289*****,否,,,,,,,
257,張淑惠,111年新北市議員選舉,首次申報,1110925,交通旅運支出,計程車TDH8957,,0.00,185.00,,,,搭乘交通工具費用(合宜住宅到健華新村，KM.),金錢,,0227*****,否,,,,,,,
258,張淑惠,111年新北市議員選舉,首次申報,1110926,交通旅運支出,計程車TDA3039,,0.00,85.00,,,,搭乘交通工具費用(新府路到健華新村，KM.),金錢,,0227*****,否,,,,,,,
259,張淑惠,111年新北市議員選舉,首次申報,1110926,交通旅運支出,計程車522-3G,,0.00,200.00,,,,搭乘交通工具費用(健華新村到溪北公園，KM.),金錢,,0289*****,否,,,,,,,
260,張淑惠,111年新北市議員選舉,首次申報,1110927,交通旅運支出,計程車TDH5390,,0.00,220.00,,,,搭乘交通工具費用(健華新村到樹林市場，KM.),金錢,,0289*****,否,,,,,,,
261,張淑惠,111年新北市議員選舉,首次申報,1110927,交通旅運支出,計程車TDP6936,,0.00,225.00,,,,搭乘交通工具費用(樹林市場到健華新村，KM.),金錢,,0227*****,否,,,,,,,
262,張淑惠,111年新北市議員選舉,首次申報,1110927,交通旅運支出,計程車560-L6,,0.00,145.00,,,,搭乘交通工具費用(健華新村到中山實小，KM.),金錢,,0227*****,否,,,,,,,
263,張淑惠,111年新北市議員選舉,首次申報,1110927,交通旅運支出,計程車TDL5832,,0.00,140.00,,,,搭乘交通工具費用(中山實小到健華新村，KM),金錢,,0289*****,否,,,,,,,
264,張淑惠,111年新北市議員選舉,首次申報,1110927,宣傳支出,藍格印刷國際企業有限公司,22076600,0.00,2431.00,,,,製作競選物品或宣傳廣告費用（宣傳單）,金錢,臺北市內湖區****,,否,,,,,,,
265,張淑惠,111年新北市議員選舉,首次申報,1110927,雜支支出,應援科技股份有限公司,83763685,0.00,180.00,,,,應援科技金流手續費,金錢,,,否,,,,,,,
266,張淑惠,111年新北市議員選舉,首次申報,1110928,交通旅運支出,計程車TDD9011,,0.00,105.00,,,,搭乘交通工具費用(縣民大道到健華新村，KM.),金錢,,0227*****,否,,,,,,,
267,張淑惠,111年新北市議員選舉,首次申報,1110928,交通旅運支出,計程車661-L7,,0.00,70.00,,,,搭乘交通工具費用(健華新村到縣民大道，KM.),金錢,,0289*****,否,,,,,,,
268,張淑惠,111年新北市議員選舉,首次申報,1110928,交通旅運支出,計程車TDA-7827,,0.00,115.00,,,,搭乘交通工具費用(健華新村到大觀國小，KM.),金錢,,0289*****,否,,,,,,,
269,張淑惠,111年新北市議員選舉,首次申報,1110929,交通旅運支出,計程車TDF3079,,0.00,210.00,,,,搭乘交通工具費用(健華新村到新莊中信街，KM.),金錢,,0227*****,否,,,,,,,
270,張淑惠,111年新北市議員選舉,首次申報,1110929,交通旅運支出,計程車TDU9396,,0.00,195.00,,,,搭乘交通工具費用(新莊中信街到健華新村，KM.),金錢,,0227*****,否,,,,,,,
271,張淑惠,111年新北市議員選舉,首次申報,1110929,交通旅運支出,計程車433-CK,,0.00,105.00,,,,搭乘交通工具費用(南雅南路到健華新村),金錢,,2987*****,否,,,,,,,
272,張淑惠,111年新北市議員選舉,首次申報,1110929,交通旅運支出,計程車455-2G,,0.00,95.00,,,,搭乘交通工具費用(南雅南路到健華新村，KM.),金錢,,0289*****,否,,,,,,,
273,張淑惠,111年新北市議員選舉,首次申報,1110930,交通旅運支出,計程車TDN-7156,,0.00,90.00,,,,搭乘交通工具費用(健華新村到府中路，KM.),金錢,,0289*****,否,,,,,,,
274,張淑惠,111年新北市議員選舉,首次申報,1110930,宣傳支出,台灣臉書有限公司,24781069,0.00,683.00,,,,播放、傳送或刊登宣傳廣告費用(臉書廣告),金錢,臺北市信義區****,,否,,,,,,,
275,張淑惠,111年新北市議員選舉,首次申報,1111001,交通旅運支出,計程車079-5G,,0.00,150.00,,,,搭乘交通工具費用(健華新村到親民公園，KM.),金錢,,0227*****,否,,,,,,,
276,張淑惠,111年新北市議員選舉,首次申報,1111001,交通旅運支出,計程車TDU7269,,0.00,140.00,,,,搭乘交通工具費用(湳雅市場到健華新村，KM.),金錢,,0227*****,否,,,,,,,
277,張淑惠,111年新北市議員選舉,首次申報,1111001,交通旅運支出,計程車TDS7997,,0.00,95.00,,,,搭乘交通工具費用(健華新村到湳雅市場，KM.),金錢,,0289*****,否,,,,,,,
278,張淑惠,111年新北市議員選舉,首次申報,1111001,集會支出,大城嵐晴國際有限公司,83519803,0.00,550.00,,,,餐飲費用(園遊會紅茶),金錢,,,否,,,,,,,
279,張淑惠,111年新北市議員選舉,首次申報,1111001,集會支出,樂芽一號庇護工程,88261774,0.00,4000.00,,,,餐飲費用(園遊會餐點),金錢,,,否,,,,,,,
280,張淑惠,111年新北市議員選舉,首次申報,1111001,人事費用支出,劉于濟,F12*******,0.00,1500.00,,,,其他因工作酬勞之給付(講座出席費),金錢,臺北市萬華區****,,否,,,,,,,
281,張淑惠,111年新北市議員選舉,首次申報,1111001,人事費用支出,袁佳娣,F22*******,0.00,2500.00,,,,其他因工作酬勞之給付(園遊會出席費),金錢,新北市新店區****,,否,,,,,,,
282,張淑惠,111年新北市議員選舉,首次申報,1111002,交通旅運支出,計程車TDP7567,,0.00,85.00,,,,搭乘交通工具費用(健華新村到福德市場，KM.),金錢,,0227*****,否,,,,,,,
283,張淑惠,111年新北市議員選舉,首次申報,1111003,交通旅運支出,計程車333P2,,0.00,80.00,,,,搭乘交通工具費用(板橋高中到健華新村，KM.),金錢,,0227*****,否,,,,,,,
284,張淑惠,111年新北市議員選舉,首次申報,1111003,交通旅運支出,計程車909-C7,,0.00,75.00,,,,搭乘交通工具費用(民權路到健華新村，KM.),金錢,,0227*****,否,,,,,,,
285,張淑惠,111年新北市議員選舉,首次申報,1111003,雜支支出,衛生福利中央健康保險署,,0.00,1238.00,,,,月健保費用(自付額元),金錢,台北市南港區****,,否,,,,,,,
286,張淑惠,111年新北市議員選舉,首次申報,1111003,雜支支出,勞動部勞工保險局,,0.00,927.00,,,,月勞保費用(自付額元),金錢,臺北市中正區****,,否,,,,,,,
287,張淑惠,111年新北市議員選舉,首次申報,1111003,雜支支出,日新五金行,08650569,0.00,70.00,,,,雜項購置或修繕費用(電池、螺絲),金錢,,,否,,,,,,,
288,張淑惠,111年新北市議員選舉,首次申報,1111004,宣傳支出,藍格印刷國際企業有限公司,22076600,0.00,3253.00,,,,製作競選物品或宣傳廣告費用（宣傳單）,金錢,臺北市內湖區****,,否,,,,,,,
289,張淑惠,111年新北市議員選舉,首次申報,1111004,雜支支出,應援科技股份有限公司,83763685,0.00,44.00,,,,應援科技金流手續費,金錢,,,否,,,,,,,
290,張淑惠,111年新北市議員選舉,首次申報,1111005,租用競選辦事處支出,陳茂霖,,0.00,4000.00,,,,租用競選辦事處費用,金錢,新北市板橋區****,,否,,,,,,,
291,張淑惠,111年新北市議員選舉,首次申報,1111005,人事費用支出,林戴安,B22*******,0.00,8000.00,,,,工資或薪津(部分工時),金錢,臺北市內湖區****,,否,,,,,,,
292,張淑惠,111年新北市議員選舉,首次申報,1111005,人事費用支出,劉紫緹,F22*******,0.00,5000.00,,,,工資或薪津(部分工時),金錢,新北市板橋區****,,否,,,,,,,
293,張淑惠,111年新北市議員選舉,首次申報,1111005,宣傳支出,台灣臉書有限公司,N22*******,0.00,1717.00,,,,播放、傳送或刊登宣傳廣告費用(臉書廣告),金錢,臺北市信義區****,,否,,,,,,,
294,張淑惠,111年新北市議員選舉,首次申報,1111007,集會支出,新北市板橋區公所,,0.00,11400.00,,,,租用場地費用,金錢,,0229*****,否,,,,,,,
295,張淑惠,111年新北市議員選舉,首次申報,1111007,雜支支出,應援科技股份有限公司,83763685,0.00,30.00,,,,應援科技金流手續費,金錢,,,否,,,,,,,
296,張淑惠,111年新北市議員選舉,首次申報,1111010,雜支支出,八洲企業用品社,,0.00,260.00,,,,雜項購置或修繕費用(口罩掛繩、塑膠袋、貼紙等),金錢,,0229*****,否,,,,,,,
297,張淑惠,111年新北市議員選舉,首次申報,1111013,交通旅運支出,計程車TDS7660,,0.00,75.00,,,,搭乘交通工具費用(新府路到健華新村，KM.),金錢,,0227*****,否,,,,,,,
298,張淑惠,111年新北市議員選舉,首次申報,1111013,交通旅運支出,計程車TDP6235,,0.00,95.00,,,,搭乘交通工具費用(健華新村到埔墘市場，KM.),金錢,,0289*****,否,,,,,,,
299,張淑惠,111年新北市議員選舉,首次申報,1111013,交通旅運支出,計程車TDP8090,,0.00,80.00,,,,搭乘交通工具費用(健華新村到民權路，KM.),金錢,,0227*****,否,,,,,,,
300,張淑惠,111年新北市議員選舉,首次申報,1111013,交通旅運支出,計程車TDP7361,,0.00,80.00,,,,搭乘交通工具費用(健華新村到新府路，KM.),金錢,,0289*****,否,,,,,,,
301,張淑惠,111年新北市議員選舉,首次申報,1111013,交通旅運支出,計程車TDD6773,,0.00,90.00,,,,搭乘交通工具費用(埔墘市場到健華新村，KM.),金錢,,0289*****,否,,,,,,,
302,張淑惠,111年新北市議員選舉,首次申報,1111013,交通旅運支出,計程車TAN-858,,0.00,95.00,,,,搭乘交通工具費用(民權路到健華新村，KM.),金錢,,0227*****,否,,,,,,,
303,張淑惠,111年新北市議員選舉,首次申報,1111013,宣傳支出,藍格印刷國際企業有限公司,22076600,0.00,4255.00,,,,製作競選物品或宣傳廣告費用（宣傳單）,金錢,臺北市內湖區****,,否,,,,,,,
304,張淑惠,111年新北市議員選舉,首次申報,1111013,宣傳支出,藍格印刷國際企業有限公司,22076600,0.00,2177.00,,,,製作競選物品或宣傳廣告費用（宣傳旗子）,金錢,臺北市內湖區****,,否,,,,,,,
305,張淑惠,111年新北市議員選舉,首次申報,1111014,交通旅運支出,計程車TDR2960,,0.00,305.00,,,,搭乘交通工具費用(健華新村到林森北路，KM.),金錢,,0227*****,否,,,,,,,
306,張淑惠,111年新北市議員選舉,首次申報,1111014,交通旅運支出,計程車122-5G,,0.00,130.00,,,,搭乘交通工具費用(林森北路到濟南路，KM.),金錢,,0227*****,否,,,,,,,
307,張淑惠,111年新北市議員選舉,首次申報,1111014,交通旅運支出,計程車083-L9,,0.00,265.00,,,,搭乘交通工具費用(濟南路到健華新村，KM.),金錢,,0227*****,否,,,,,,,
308,張淑惠,111年新北市議員選舉,首次申報,1111014,雜支支出,金雄材料行,78069638,0.00,1030.00,,,,雜項購置或修繕費用(R伸收桿、塑膠帽),金錢,,,否,,,,,,,
309,張淑惠,111年新北市議員選舉,首次申報,1111014,雜支支出,應援科技股份有限公司,83763685,0.00,300.00,,,,應援科技金流手續費,金錢,,,否,,,,,,,
310,張淑惠,111年新北市議員選舉,首次申報,1111014,宣傳支出,盈宇視覺創意印刷社,87308673,0.00,2468.00,,,,製作競選物品或宣傳廣告費用（宣傳DM）,金錢,,,否,,,,,,,
311,張淑惠,111年新北市議員選舉,首次申報,1111015,交通旅運支出,計程車TDG-3960,,0.00,125.00,,,,搭乘交通工具費用(國泰市場到健華新村，KM.),金錢,,0289*****,否,,,,,,,
312,張淑惠,111年新北市議員選舉,首次申報,1111015,交通旅運支出,計程車122-5G,,0.00,95.00,,,,搭乘交通工具費用(健華新村到國泰市場，KM.),金錢,,0227*****,否,,,,,,,
313,張淑惠,111年新北市議員選舉,首次申報,1111017,宣傳支出,藍格印刷國際企業有限公司,22076600,0.00,3818.00,,,,製作競選物品或宣傳廣告費用（宣傳單）,金錢,臺北市內湖區****,,否,,,,,,,
314,張淑惠,111年新北市議員選舉,首次申報,1111017,宣傳支出,台灣臉書有限公司,N22*******,0.00,7660.00,,,,播放、傳送或刊登宣傳廣告費用(臉書廣告),金錢,臺北市信義區****,,否,,,,,,,
315,張淑惠,111年新北市議員選舉,首次申報,1111018,交通旅運支出,計程車TDA6237,,0.00,120.00,,,,搭乘交通工具費用(莒光國小到健華新村，KM.),金錢,,0289*****,否,,,,,,,
316,張淑惠,111年新北市議員選舉,首次申報,1111018,交通旅運支出,計程車659-6D,,0.00,75.00,,,,搭乘交通工具費用(健華新村到莒光國小，KM.),金錢,,0227*****,否,,,,,,,
317,張淑惠,111年新北市議員選舉,首次申報,1111018,交通旅運支出,計程車TDS-9020,,0.00,80.00,,,,搭乘交通工具費用(民權路到健華新村，KM),金錢,,0289*****,否,,,,,,,
318,張淑惠,111年新北市議員選舉,首次申報,1111018,交通旅運支出,計程車TAQ-952,,0.00,105.00,,,,搭乘交通工具費用(新府路到健華新村，KM.),金錢,,0227*****,否,,,,,,,
319,張淑惠,111年新北市議員選舉,首次申報,1111018,交通旅運支出,計程車TDH5356,,0.00,70.00,,,,搭乘交通工具費用(健華新村到民權跂，KM.),金錢,,0289*****,否,,,,,,,
320,張淑惠,111年新北市議員選舉,首次申報,1111018,雜支支出,應援科技股份有限公司,83763685,0.00,10.00,,,,應援科技金流手續費,金錢,,,否,,,,,,,
321,張淑惠,111年新北市議員選舉,首次申報,1111019,交通旅運支出,計程車137P3,,0.00,75.00,,,,搭乘交通工具費用(文德國小到健華新村，KM.),金錢,,0289*****,否,,,,,,,
322,張淑惠,111年新北市議員選舉,首次申報,1111019,交通旅運支出,計程車TDS2116,,0.00,105.00,,,,搭乘交通工具費用(府中路到健華新村，KM.),金錢,,0227*****,否,,,,,,,
323,張淑惠,111年新北市議員選舉,首次申報,1111019,交通旅運支出,計程車2316D,,0.00,85.00,,,,搭乘交通工具費用(健華新村到府中路，KM.),金錢,,0229*****,否,,,,,,,
324,張淑惠,111年新北市議員選舉,首次申報,1111019,宣傳支出,藍格印刷國際企業有限公司,22076600,0.00,8295.00,,,,製作競選物品或宣傳廣告費用（宣傳單）,金錢,臺北市內湖區****,,否,,,,,,,
325,張淑惠,111年新北市議員選舉,首次申報,1111020,交通旅運支出,計程車952-E2,,0.00,85.00,,,,搭乘交通工具費用(漢生東路到健華新村，KM.),金錢,,0227*****,否,,,,,,,
326,張淑惠,111年新北市議員選舉,首次申報,1111020,交通旅運支出,計程車422-LH,,0.00,150.00,,,,搭乘交通工具費用(健華新村到福德市場),金錢,,單據無資*****,否,,,,,,,
327,張淑惠,111年新北市議員選舉,首次申報,1111020,交通旅運支出,計程車101-6D,,0.00,95.00,,,,搭乘交通工具費用(漢生東路到健華新村),金錢,,單據無資*****,否,,,,,,,
328,張淑惠,111年新北市議員選舉,首次申報,1111020,交通旅運支出,計程車313-K5,,0.00,100.00,,,,搭乘交通工具費用(福德市場到健華新村，KM.),金錢,,02-8*****,否,,,,,,,
329,張淑惠,111年新北市議員選舉,首次申報,1111021,交通旅運支出,計程車TDE3629,,0.00,195.00,,,,搭乘交通工具費用(浮洲到健華新村，KM.),金錢,,02-8*****,否,,,,,,,
330,張淑惠,111年新北市議員選舉,首次申報,1111021,交通旅運支出,計程車TDE3629,,0.00,160.00,,,,搭乘交通工具費用(景美女中到大坪林，KM.),金錢,,02-8*****,否,,,,,,,
331,張淑惠,111年新北市議員選舉,首次申報,1111021,交通旅運支出,計程車553-C9,,0.00,170.00,,,,搭乘交通工具費用(健華新村到中和，KM.),金錢,,02-2*****,否,,,,,,,
332,張淑惠,111年新北市議員選舉,首次申報,1111021,雜支支出,應援科技股份有限公司,83763685,0.00,30.00,,,,應援科技金流手續費,金錢,,,否,,,,,,,
333,張淑惠,111年新北市議員選舉,首次申報,1111021,宣傳支出,盈宇視覺創意印刷社,87308673,0.00,1764.00,,,,製作競選物品或宣傳廣告費用（宣傳DM）,金錢,,,否,,,,,,,
334,張淑惠,111年新北市議員選舉,首次申報,1111022,交通旅運支出,計程車236-P3,,0.00,85.00,,,,搭乘交通工具費用(健華新村到文昌街，KM.),金錢,,02-8*****,否,,,,,,,
335,張淑惠,111年新北市議員選舉,首次申報,1111022,集會支出,油庫口小吃店,73790430,0.00,290.00,,,,餐飲費用(志工餐點),金錢,,,否,,,,,,,
336,張淑惠,111年新北市議員選舉,首次申報,1111024,交通旅運支出,計程車TDL-9372,,0.00,85.00,,,,搭乘交通工具費用(民權路到健華新村，KM.),金錢,,02-2*****,否,,,,,,,
337,張淑惠,111年新北市議員選舉,首次申報,1111024,交通旅運支出,計程車TDP5399,,0.00,100.00,,,,搭乘交通工具費用(民權路到健華新村，KM.),金錢,,02-8*****,否,,,,,,,
338,張淑惠,111年新北市議員選舉,首次申報,1111025,交通旅運支出,計程車TDN0902,,0.00,85.00,,,,搭乘交通工具費用(健華新村到文昌街，KM.),金錢,,02-2*****,否,,,,,,,
339,張淑惠,111年新北市議員選舉,首次申報,1111025,交通旅運支出,計程車TDH-9282,,0.00,125.00,,,,搭乘交通工具費用(實踐國小到健華新村，KM.),金錢,,02-8*****,否,,,,,,,
340,張淑惠,111年新北市議員選舉,首次申報,1111025,交通旅運支出,計程車TDS6909,,0.00,70.00,,,,搭乘交通工具費用(健華新村到縣民大道，KM),金錢,,02-2*****,否,,,,,,,
341,張淑惠,111年新北市議員選舉,首次申報,1111025,交通旅運支出,計程車657-8D,,0.00,225.00,,,,搭乘交通工具費用(市民大道到健華新村，KM),金錢,,02-8*****,否,,,,,,,
342,張淑惠,111年新北市議員選舉,首次申報,1111025,交通旅運支出,計程車TDP8389,,0.00,80.00,,,,搭乘交通工具費用(縣民大道到健華新村，KM.),金錢,,02-8*****,否,,,,,,,
343,張淑惠,111年新北市議員選舉,首次申報,1111025,宣傳支出,藍格印刷國際企業有限公司,22076600,0.00,1826.00,,,,製作競選物品或宣傳廣告費用（宣傳單）,金錢,臺北市內湖區****,,否,,,,,,,
344,張淑惠,111年新北市議員選舉,首次申報,1111025,雜支支出,應援科技股份有限公司,83763685,0.00,291.00,,,,應援科技金流手續費,金錢,,,否,,,,,,,
345,張淑惠,111年新北市議員選舉,首次申報,1111026,交通旅運支出,計程車TDD6308,,0.00,135.00,,,,搭乘交通工具費用(埔墘國小到健華新村，KM.),金錢,,02-8*****,否,,,,,,,
346,張淑惠,111年新北市議員選舉,首次申報,1111026,交通旅運支出,計程車TDH1199,,0.00,90.00,,,,搭乘交通工具費用(健華新村到埔墘市場，KM.),金錢,,02-2*****,否,,,,,,,
347,張淑惠,111年新北市議員選舉,首次申報,1111027,交通旅運支出,計程車422-LH,,0.00,230.00,,,,搭乘交通工具費用(健華新村到浮洲),金錢,,單據無資*****,否,,,,,,,
348,張淑惠,111年新北市議員選舉,首次申報,1111027,交通旅運支出,計程車798-9C,,0.00,170.00,,,,搭乘交通工具費用(華德市場到健華新村，KM.),金錢,,0229*****,否,,,,,,,
349,張淑惠,111年新北市議員選舉,首次申報,1111027,交通旅運支出,計程車TDP7361,,0.00,90.00,,,,搭乘交通工具費用(山路到健華新村，KM.),金錢,,0289*****,否,,,,,,,
350,張淑惠,111年新北市議員選舉,首次申報,1111027,交通旅運支出,計程車TDH5971,,0.00,90.00,,,,搭乘交通工具費用(南雅南路到健華新村，KM.),金錢,,0289*****,否,,,,,,,
351,張淑惠,111年新北市議員選舉,首次申報,1111027,宣傳支出,藍格印刷國際企業有限公司,22076600,0.00,2503.00,,,,製作競選物品或宣傳廣告費用（宣傳單、旗）,金錢,臺北市內湖區****,,否,,,,,,,
352,張淑惠,111年新北市議員選舉,首次申報,1111028,交通旅運支出,計程車TDL7989,,0.00,230.00,,,,搭乘交通工具費用(新莊四維公園到健華新村，KM.),金錢,,0289*****,否,,,,,,,
353,張淑惠,111年新北市議員選舉,首次申報,1111028,交通旅運支出,計程車TDL2622,,0.00,210.00,,,,搭乘交通工具費用(浮洲到健華新村，KM.),金錢,,0227*****,否,,,,,,,
354,張淑惠,111年新北市議員選舉,首次申報,1111029,交通旅運支出,計程車TAJ-187,,0.00,400.00,,,,搭乘交通工具費用(松高路到健華新村，KM.),金錢,,0227*****,否,,,,,,,
355,張淑惠,111年新北市議員選舉,首次申報,1111029,交通旅運支出,計程車757E3,,0.00,390.00,,,,搭乘交通工具費用(健華新村到松高路，KM.),金錢,,0289*****,否,,,,,,,
356,張淑惠,111年新北市議員選舉,首次申報,1111029,交通旅運支出,計程車TDV-2119,,0.00,85.00,,,,搭乘交通工具費用(大觀路到板橋車站，KM.),金錢,,0227*****,否,,,,,,,
357,張淑惠,111年新北市議員選舉,首次申報,1111031,交通旅運支出,計程車669-B6,,0.00,210.00,,,,搭乘交通工具費用(忠孝東路到健華新村),金錢,,單據無資*****,否,,,,,,,
358,張淑惠,111年新北市議員選舉,首次申報,1111031,宣傳支出,藍格印刷國際企業有限公司,22076600,0.00,1303.00,,,,製作競選物品或宣傳廣告費用（宣傳單）,金錢,臺北市內湖區****,,否,,,,,,,
359,張淑惠,111年新北市議員選舉,首次申報,1111031,集會支出,詠騰策展有限公司,68059724,0.00,20423.00,,,,其他與集會有關之費用(場地佈置),金錢,,,否,,,,,,,
360,張淑惠,111年新北市議員選舉,首次申報,1111031,宣傳支出,台灣臉書有限公司,N22*******,0.00,5858.00,,,,播放、傳送或刊登宣傳廣告費用(臉書廣告),金錢,臺北市信義區****,,否,,,,,,,
361,張淑惠,111年新北市議員選舉,首次申報,1111101,交通旅運支出,計程車TDH7583,,0.00,80.00,,,,搭乘交通工具費用(健華新村到新府路，KM.),金錢,,0289*****,否,,,,,,,
362,張淑惠,111年新北市議員選舉,首次申報,1111101,交通旅運支出,計程車TAD-187,,0.00,85.00,,,,搭乘交通工具費用(健華新村到海山國小，KM.),金錢,,0227*****,否,,,,,,,
363,張淑惠,111年新北市議員選舉,首次申報,1111101,交通旅運支出,計程車TDV-2612,,0.00,70.00,,,,搭乘交通工具費用(埔墘市場到健華新村，KM),金錢,,0289*****,否,,,,,,,
364,張淑惠,111年新北市議員選舉,首次申報,1111101,雜支支出,應援科技股份有限公司,83763685,0.00,90.00,,,,應援科技金流手續費,金錢,,,否,,,,,,,
365,張淑惠,111年新北市議員選舉,首次申報,1111102,交通旅運支出,計程車426-K7,,0.00,120.00,,,,搭乘交通工具費用(民生路到江翠國小，KM.),金錢,,0289*****,否,,,,,,,
366,張淑惠,111年新北市議員選舉,首次申報,1111102,交通旅運支出,計程車TDP9207,,0.00,130.00,,,,搭乘交通工具費用(國慶市場到府中捷運站，KM.),金錢,,0227*****,否,,,,,,,
367,張淑惠,111年新北市議員選舉,首次申報,1111102,交通旅運支出,計程車TDL8152,,0.00,90.00,,,,搭乘交通工具費用(民生路到健華新村，KM.),金錢,,0289*****,否,,,,,,,
368,張淑惠,111年新北市議員選舉,首次申報,1111102,交通旅運支出,計程車TDS7139,,0.00,145.00,,,,搭乘交通工具費用(國慶市場到健華新村，KM.),金錢,,0289*****,否,,,,,,,
369,張淑惠,111年新北市議員選舉,首次申報,1111102,交通旅運支出,計程車TDD6059,,0.00,230.00,,,,搭乘交通工具費用(健華新村到濟南路，KM.),金錢,,0289*****,否,,,,,,,
370,張淑惠,111年新北市議員選舉,首次申報,1111102,交通旅運支出,計程車800-6D,,0.00,160.00,,,,搭乘交通工具費用(健華新村到國慶市場，KM.),金錢,,0289*****,否,,,,,,,
371,張淑惠,111年新北市議員選舉,首次申報,1111103,交通旅運支出,計程車166-K5,,0.00,120.00,,,,搭乘交通工具費用(健華新村到國泰市場，KM.),金錢,,0289*****,否,,,,,,,
372,張淑惠,111年新北市議員選舉,首次申報,1111103,交通旅運支出,計程車TDS7125,,0.00,125.00,,,,搭乘交通工具費用(國泰市場到健華新村，KM.),金錢,,0227*****,否,,,,,,,
373,張淑惠,111年新北市議員選舉,首次申報,1111103,宣傳支出,立昇有限公司,23540535,0.00,37706.00,,,,製作競選物品或宣傳廣告費用（路燈旗）,金錢,新北市板橋區****,,否,,,,,,,
374,張淑惠,111年新北市議員選舉,首次申報,1111104,交通旅運支出,計程車097-9C,,0.00,75.00,,,,搭乘交通工具費用(健華新村到莊敬路，KM.),金錢,,0289*****,否,,,,,,,
375,張淑惠,111年新北市議員選舉,首次申報,1111104,雜支支出,日新五金行,08650569,0.00,55.00,,,,雜項購置或修繕費用(螺絲),金錢,,,否,,,,,,,
376,張淑惠,111年新北市議員選舉,首次申報,1111104,雜支支出,應援科技股份有限公司,83763685,0.00,191.00,,,,應援科技金流手續費,金錢,,,否,,,,,,,
377,張淑惠,111年新北市議員選舉,首次申報,1111105,租用競選辦事處支出,陳茂霖,,0.00,4000.00,,,,租用競選辦事處費用,金錢,新北市板橋區****,,否,,,,,,,
378,張淑惠,111年新北市議員選舉,首次申報,1111105,交通旅運支出,計程車747-2C,,0.00,70.00,,,,搭乘交通工具費用(華江市場到健華新村，KM.),金錢,,0227*****,否,,,,,,,
379,張淑惠,111年新北市議員選舉,首次申報,1111105,交通旅運支出,計程車TDP5533,,0.00,115.00,,,,搭乘交通工具費用(湳雅夜市到健華新村，KM.),金錢,,0227*****,否,,,,,,,
380,張淑惠,111年新北市議員選舉,首次申報,1111105,交通旅運支出,計程車TDH-8913,,0.00,80.00,,,,搭乘交通工具費用(健華新村到幸德市場，KM.),金錢,,0289*****,否,,,,,,,
381,張淑惠,111年新北市議員選舉,首次申報,1111105,交通旅運支出,計程車367-N8,,0.00,100.00,,,,搭乘交通工具費用(幸德市場到健華新村，KM.),金錢,,0227*****,否,,,,,,,
382,張淑惠,111年新北市議員選舉,首次申報,1111105,交通旅運支出,計程車TAE789,,0.00,90.00,,,,搭乘交通工具費用(健華新村到國慶市場，KM.),金錢,,0227*****,否,,,,,,,
383,張淑惠,111年新北市議員選舉,首次申報,1111105,人事費用支出,林戴安,B22*******,0.00,8000.00,,,,工資或薪津(部分工時),金錢,臺北市內湖區****,,否,,,,,,,
384,張淑惠,111年新北市議員選舉,首次申報,1111105,人事費用支出,劉紫緹,F22*******,0.00,5000.00,,,,工資或薪津(部分工時),金錢,新北市板橋區****,,否,,,,,,,
385,張淑惠,111年新北市議員選舉,首次申報,1111106,交通旅運支出,計程車TDS3510,,0.00,255.00,,,,搭乘交通工具費用(健華新村到浮洲，KM.),金錢,,0227*****,否,,,,,,,
386,張淑惠,111年新北市議員選舉,首次申報,1111106,集會支出,全聯福利中心,27948176,0.00,229.00,,,,其他與集會有關之費用(園遊會攤位使用),金錢,,,否,,,,,,,
387,張淑惠,111年新北市議員選舉,首次申報,1111106,集會支出,津好烘焙坊,91424288,0.00,5500.00,,,,餐飲費用(餐盒),金錢,,,否,,,,,,,
388,張淑惠,111年新北市議員選舉,首次申報,1111106,人事費用支出,段可薇,B22*******,0.00,500.00,,,,其他因工作酬勞之給付(園遊會出席費),金錢,臺中市北屯區****,,否,,,,,,,
389,張淑惠,111年新北市議員選舉,首次申報,1111106,人事費用支出,劉于濟,F12*******,0.00,500.00,,,,其他因工作酬勞之給付(園遊會出席費),金錢,臺北市萬華區****,,否,,,,,,,
390,張淑惠,111年新北市議員選舉,首次申報,1111106,人事費用支出,袁佳娣,F22*******,0.00,500.00,,,,其他因工作酬勞之給付(園遊會出席費),金錢,新北市新店區****,,否,,,,,,,
391,張淑惠,111年新北市議員選舉,首次申報,1111107,交通旅運支出,計程車369-J6,,0.00,75.00,,,,搭乘交通工具費用(健華新村到中山路),金錢,,單據無資*****,否,,,,,,,
392,張淑惠,111年新北市議員選舉,首次申報,1111107,交通旅運支出,計程車TDH2836,,0.00,85.00,,,,搭乘交通工具費用(縣民大道到健華新村，KM.),金錢,,0227*****,否,,,,,,,
393,張淑惠,111年新北市議員選舉,首次申報,1111108,交通旅運支出,計程車TDH-7201,,0.00,110.00,,,,搭乘交通工具費用(民生路到健華新村，KM.),金錢,,0289*****,否,,,,,,,
394,張淑惠,111年新北市議員選舉,首次申報,1111108,宣傳支出,藍格印刷國際企業有限公司,22076600,0.00,3047.00,,,,製作競選物品或宣傳廣告費用（宣傳單）,金錢,臺北市內湖區****,,否,,,,,,,
395,張淑惠,111年新北市議員選舉,首次申報,1111109,交通旅運支出,計程車TDH3950,,0.00,135.00,,,,搭乘交通工具費用(南雅南路到健華新村，KM),金錢,,0289*****,否,,,,,,,
396,張淑惠,111年新北市議員選舉,首次申報,1111109,交通旅運支出,計程車TDN0933,,0.00,95.00,,,,搭乘交通工具費用(縣民大道到健華新村，KM.),金錢,,0227*****,否,,,,,,,
397,張淑惠,111年新北市議員選舉,首次申報,1111109,交通旅運支出,計程車TDP3329,,0.00,115.00,,,,搭乘交通工具費用(國慶路到健華新村，KM.),金錢,,0227*****,否,,,,,,,
398,張淑惠,111年新北市議員選舉,首次申報,1111109,交通旅運支出,計程車TDD1371,,0.00,95.00,,,,搭乘交通工具費用(民權路到健華新村，KM.),金錢,,0227*****,否,,,,,,,
399,張淑惠,111年新北市議員選舉,首次申報,1111109,交通旅運支出,計程車131-N7,,0.00,85.00,,,,搭乘交通工具費用(江子翠到健華新村，KM.),金錢,,0227*****,否,,,,,,,
400,張淑惠,111年新北市議員選舉,首次申報,1111109,交通旅運支出,計程車TDH7211,,0.00,100.00,,,,搭乘交通工具費用(縣民大道到健華新村，KM.),金錢,,0227*****,否,,,,,,,
401,張淑惠,111年新北市議員選舉,首次申報,1111110,交通旅運支出,計程車TDH8615,,0.00,105.00,,,,搭乘交通工具費用(新府路到健華新村，KM.),金錢,,0227*****,否,,,,,,,
402,張淑惠,111年新北市議員選舉,首次申報,1111110,交通旅運支出,計程車753-5D,,0.00,80.00,,,,搭乘交通工具費用(文化路到新府路，KM.),金錢,,0227*****,否,,,,,,,
403,張淑惠,111年新北市議員選舉,首次申報,1111110,交通旅運支出,計程車TDG7090,,0.00,80.00,,,,搭乘交通工具費用(健華新村到民權路，KM.),金錢,,0227*****,否,,,,,,,
404,張淑惠,111年新北市議員選舉,首次申報,1111110,交通旅運支出,計程車TDS3510,,0.00,125.00,,,,搭乘交通工具費用(中山路到健華新村，KM.),金錢,,0227*****,否,,,,,,,
405,張淑惠,111年新北市議員選舉,首次申報,1111110,交通旅運支出,計程車TAS-993,,0.00,85.00,,,,搭乘交通工具費用(朝陽市場到健華新村，KM.),金錢,,0229*****,否,,,,,,,
406,張淑惠,111年新北市議員選舉,首次申報,1111110,交通旅運支出,計程車TDD2878,,0.00,115.00,,,,搭乘交通工具費用(府中路到健華新村，KM.),金錢,,0227*****,否,,,,,,,
407,張淑惠,111年新北市議員選舉,首次申報,1111110,集會支出,勝新欣企業社,38569117,0.00,170.00,,,,其他與集會有關之費用(集會使用_魔鬼粘綁帶),金錢,,,否,,,,,,,
408,張淑惠,111年新北市議員選舉,首次申報,1111111,雜支支出,勞動部勞工保險局,,0.00,1854.00,,,,月勞保(自付額元),金錢,臺北市中正區****,,否,,,,,,,
409,張淑惠,111年新北市議員選舉,首次申報,1111111,雜支支出,中華郵政股份有限公司,03741302,0.00,30.00,,,,匯款手續費,金錢,,,否,,,,,,,
410,張淑惠,111年新北市議員選舉,首次申報,1111111,雜支支出,中華郵政股份有限公司,03741302,0.00,30.00,,,,匯款手續費,金錢,,,否,,,,,,,
411,張淑惠,111年新北市議員選舉,首次申報,1111111,雜支支出,中華郵政股份有限公司,03741302,0.00,30.00,,,,匯款手續費,金錢,,,否,,,,,,,
412,張淑惠,111年新北市議員選舉,首次申報,1111111,宣傳支出,藍格印刷國際企業有限公司,22076600,0.00,3913.00,,,,製作競選物品或宣傳廣告費用（宣傳單）,金錢,臺北市內湖區****,,否,,,,,,,
413,張淑惠,111年新北市議員選舉,首次申報,1111112,交通旅運支出,台亞石油,,0.00,1000.00,,,,油資,金錢,新北市板橋區****,,否,,,,,,,
414,張淑惠,111年新北市議員選舉,首次申報,1111115,交通旅運支出,計程車TDP6578,,0.00,150.00,,,,搭乘交通工具費用(健華新村到朝陽市場，KM.),金錢,,0289*****,否,,,,,,,
415,張淑惠,111年新北市議員選舉,首次申報,1111115,雜支支出,勝新欣企業社,26223391,0.00,680.00,,,,雜項購置或修繕費用(LED燈),金錢,,,否,,,,,,,
416,張淑惠,111年新北市議員選舉,首次申報,1111116,雜支支出,中華郵政股份有限公司,03741302,0.00,30.00,,,,匯款手續費,金錢,,,否,,,,,,,
417,張淑惠,111年新北市議員選舉,首次申報,1111116,宣傳支出,全聯派報社,26368972,0.00,104790.00,,,,其他與選舉宣傳有關之費用（海報派送及印刷）,金錢,臺北市中正區****,,否,,,,,,,
418,張淑惠,111年新北市議員選舉,首次申報,1111117,交通旅運支出,計程車778EL,,0.00,70.00,,,,搭乘交通工具費用(健華新村到府中，KM.),金錢,,0229*****,否,,,,,,,
419,張淑惠,111年新北市議員選舉,首次申報,1111117,交通旅運支出,計程車TDA9597,,0.00,85.00,,,,搭乘交通工具費用(健華新村到華江市場，KM.),金錢,,0289*****,否,,,,,,,
420,張淑惠,111年新北市議員選舉,首次申報,1111117,交通旅運支出,計程車TDU8276,,0.00,90.00,,,,搭乘交通工具費用(健華新村到民權路，KM.),金錢,,0227*****,否,,,,,,,
421,張淑惠,111年新北市議員選舉,首次申報,1111118,交通旅運支出,計程車177-K7,,0.00,90.00,,,,搭乘交通工具費用(健華新村到埔墘市場),金錢,,0926*****,否,,,,,,,
422,張淑惠,111年新北市議員選舉,首次申報,1111118,交通旅運支出,計程車TDH5292,,0.00,80.00,,,,搭乘交通工具費用(健華新村到新府路，KM.),金錢,,0289*****,否,,,,,,,
423,張淑惠,111年新北市議員選舉,首次申報,1111118,雜支支出,應援科技股份有限公司,83763685,0.00,30.00,,,,應援科技金流手續費,金錢,,,否,,,,,,,
424,張淑惠,111年新北市議員選舉,首次申報,1111118,宣傳支出,台灣臉書有限公司,N22*******,0.00,7660.00,,,,播放、傳送或刊登宣傳廣告費用(臉書廣告),金錢,臺北市信義區****,,否,,,,,,,
425,張淑惠,111年新北市議員選舉,首次申報,1111119,交通旅運支出,計程車TDL6855,,0.00,160.00,,,,搭乘交通工具費用(健華新村到湳雅市場，KM.),金錢,,0289*****,否,,,,,,,
426,張淑惠,111年新北市議員選舉,首次申報,1111119,交通旅運支出,計程車TDN1035,,0.00,95.00,,,,搭乘交通工具費用(健華新村到國泰市場，KM.),金錢,,0227*****,否,,,,,,,
427,張淑惠,111年新北市議員選舉,首次申報,1111119,交通旅運支出,計程車TDL6161,,0.00,150.00,,,,搭乘交通工具費用(健華新村到湳雅夜市，KM.),金錢,,0227*****,否,,,,,,,
428,張淑惠,111年新北市議員選舉,首次申報,1111120,交通旅運支出,計程車TDV1633,,0.00,90.00,,,,搭乘交通工具費用(實踐路到健華新村，KM.),金錢,,0227*****,否,,,,,,,
429,張淑惠,111年新北市議員選舉,首次申報,1111120,交通旅運支出,計程車8689C,,0.00,110.00,,,,搭乘交通工具費用(健華新村到實踐路，KM.),金錢,,0227*****,否,,,,,,,
430,張淑惠,111年新北市議員選舉,首次申報,1111120,交通旅運支出,計程車TDL8152,,0.00,90.00,,,,搭乘交通工具費用(健華新村到國泰市場，KM.),金錢,,0289*****,否,,,,,,,
431,張淑惠,111年新北市議員選舉,首次申報,1111120,交通旅運支出,計程車6905G,,0.00,120.00,,,,搭乘交通工具費用(健華新村到湳雅市場，KM.),金錢,,0229*****,否,,,,,,,
432,張淑惠,111年新北市議員選舉,首次申報,1111120,交通旅運支出,計程車TAA501,,0.00,125.00,,,,搭乘交通工具費用(健華新村到埔墘市場，KM.),金錢,,0227*****,否,,,,,,,
433,張淑惠,111年新北市議員選舉,首次申報,1111120,雜支支出,侑鑫商行,38504190,0.00,148.00,,,,雜項購置或修繕費用(束帶),金錢,,,否,,,,,,,
434,張淑惠,111年新北市議員選舉,首次申報,1111120,租用宣傳車輛支出,全國加油站,41217307,0.00,759.00,,,,宣傳車輛燃料費用,金錢,,,否,,,,,,,
435,張淑惠,111年新北市議員選舉,首次申報,1111120,租用宣傳車輛支出,台亞石油,87366477,0.00,500.00,,,,宣傳車輛燃料費用,金錢,臺北市中正區****,,否,,,,,,,
436,張淑惠,111年新北市議員選舉,首次申報,1111121,交通旅運支出,計程車TDE0335,,0.00,90.00,,,,搭乘交通工具費用(新府路到健華新村，KM.),金錢,,0289*****,否,,,,,,,
437,張淑惠,111年新北市議員選舉,首次申報,1111121,交通旅運支出,計程車079-B7,,0.00,70.00,,,,搭乘交通工具費用(健華新村到新府路，KM),金錢,,0229*****,否,,,,,,,
438,張淑惠,111年新北市議員選舉,首次申報,1111122,交通旅運支出,計程車TPH5686,,0.00,100.00,,,,搭乘交通工具費用(縣民大道到健華新村),金錢,,0244*****,否,,,,,,,
439,張淑惠,111年新北市議員選舉,首次申報,1111122,交通旅運支出,計程車809-J9,,0.00,140.00,,,,搭乘交通工具費用(南雅南路到健華新村，KM.),金錢,,單據無資*****,否,,,,,,,
440,張淑惠,111年新北市議員選舉,首次申報,1111122,宣傳支出,噶瑪蘭冊館,14900896,0.00,718.00,,,,製作競選物品或宣傳廣告費用（宣傳DM）,金錢,,,否,,,,,,,
441,張淑惠,111年新北市議員選舉,首次申報,1111122,雜支支出,應援科技股份有限公司,83763685,0.00,14.00,,,,應援科技金流手續費,金錢,,,否,,,,,,,
442,張淑惠,111年新北市議員選舉,首次申報,1111122,租用宣傳車輛支出,力揚停車設備(股)公司崑崙公園營業所,85350415,0.00,30.00,,,,其他與租用宣傳車輛有關之費用(宣傳車停車費),金錢,,,否,,,,,,,
443,張淑惠,111年新北市議員選舉,首次申報,1111122,宣傳支出,盈宇視覺創意印刷社,87308673,0.00,2200.00,,,,製作競選物品或宣傳廣告費用（宣傳DM）,金錢,,,否,,,,,,,
444,張淑惠,111年新北市議員選舉,首次申報,1111123,交通旅運支出,計程車927-K5,,0.00,90.00,,,,搭乘交通工具費用(民生路到健華新村，KM.),金錢,,0289*****,否,,,,,,,
445,張淑惠,111年新北市議員選舉,首次申報,1111123,集會支出,蹦兔洛設計有限公司,24739443,0.00,1700.00,,,,餐飲費用,金錢,,,否,,,,,,,
446,張淑惠,111年新北市議員選舉,首次申報,1111123,宣傳支出,台灣臉書有限公司,N22*******,0.00,7660.00,,,,播放、傳送或刊登宣傳廣告費用(臉書廣告),金錢,臺北市信義區****,,否,,,,,,,
447,張淑惠,111年新北市議員選舉,首次申報,1111124,交通旅運支出,計程車TDR-2705,,0.00,100.00,,,,搭乘交通工具費用健華新村到南雅南路，KM.),金錢,,0227*****,否,,,,,,,
448,張淑惠,111年新北市議員選舉,首次申報,1111124,人事費用支出,施慧玲,J22*******,0.00,3750.00,,,,其他因工作酬勞之給付(講座講師費),金錢,臺中市南區建****,,否,,,,,,,
449,張淑惠,111年新北市議員選舉,首次申報,1111125,交通旅運支出,計程車673-MY,,0.00,100.00,,,,搭乘交通工具費用(國泰市場到健華新村),金錢,,單據無資*****,否,,,,,,,
450,張淑惠,111年新北市議員選舉,首次申報,1111125,交通旅運支出,計程車TDP0037,,0.00,80.00,,,,搭乘交通工具費用(健華新村到國泰市場，KM.),金錢,,0227*****,否,,,,,,,
451,張淑惠,111年新北市議員選舉,首次申報,1111125,交通旅運支出,計程車428-NX,,0.00,95.00,,,,搭乘交通工具費用(健華新村到國泰市場，KM),金錢,,0227*****,否,,,,,,,
452,張淑惠,111年新北市議員選舉,首次申報,1111125,交通旅運支出,計程車TDL6189,,0.00,155.00,,,,搭乘交通工具費用(埔墘市場到健華新村，KM),金錢,,0289*****,否,,,,,,,
453,張淑惠,111年新北市議員選舉,首次申報,1111125,雜支支出,應援科技股份有限公司,83763685,0.00,190.00,,,,應援科技金流手續費,金錢,,,否,,,,,,,
454,張淑惠,111年新北市議員選舉,首次申報,1111125,租用宣傳車輛支出,旺隆汽車商行,99232066,0.00,11529.00,,,,租用宣傳車輛費用,金錢,,,否,,,,,,,
455,張淑惠,111年新北市議員選舉,首次申報,1111129,宣傳支出,台灣臉書有限公司,N22*******,0.00,5196.00,,,,播放、傳送或刊登宣傳廣告費用(臉書廣告),金錢,臺北市信義區****,,否,,,,,,,
456,張淑惠,111年新北市議員選舉,首次申報,1111130,雜支支出,衛生福利中央健康保險署,,0.00,1238.00,,,,月健保費用(自付額元),金錢,台北市南港區****,,否,,,,,,,
457,張淑惠,111年新北市議員選舉,首次申報,1111130,雜支支出,中華郵政股份有限公司,03741302,0.00,30.00,,,,匯款手續費,金錢,,,否,,,,,,,
458,張淑惠,111年新北市議員選舉,首次申報,1111130,雜支支出,中華郵政股份有限公司,03741302,0.00,30.00,,,,匯款手續費,金錢,,,否,,,,,,,
459,張淑惠,111年新北市議員選舉,首次申報,1111130,雜支支出,中華郵政股份有限公司,03741302,0.00,30.00,,,,匯款手續費,金錢,,,否,,,,,,,
460,張淑惠,111年新北市議員選舉,首次申報,1111130,人事費用支出,林戴安,B22*******,0.00,8000.00,,,,工資或薪津(部分工時),金錢,臺北市內湖區****,,否,,,,,,,
461,張淑惠,111年新北市議員選舉,首次申報,1111130,人事費用支出,劉紫緹,F22*******,0.00,5000.00,,,,工資或薪津(部分工時),金錢,新北市板橋區****,,否,,,,,,,
