﻿序號,擬參選人／政黨,選舉名稱,申報序號／年度,交易日期,收支科目,捐贈者／支出對象,身分證／統一編號,收入金額,支出金額,支出用途,金錢類,地址,聯絡電話,資料更正日期
1,賴淑娞,107年縣(市)議員選舉,首次申報,1070612,公共關係費用支出,百合鮮花店,,0.00,18000.00,為民服務費用,金錢,雲林縣斗六市****,,
2,賴淑娞,107年縣(市)議員選舉,首次申報,1070612,宣傳支出,中華郵政股份有限公司,,0.00,35.00,郵寄競選物品或宣傳廣告支出,金錢,雲林縣斗六市****,,
3,賴淑娞,107年縣(市)議員選舉,首次申報,1070612,租用競選辦事處支出,翁杉魁,P10*******,0.00,60000.00,租用競選服務處停車場,金錢,雲林縣斗六市****,,
4,賴淑娞,107年縣(市)議員選舉,首次申報,1070613,公共關係費用支出,大新禮品行,63018801,0.00,200.00,為民服務費用,金錢,雲林縣斗六市****,,
5,賴淑娞,107年縣(市)議員選舉,首次申報,1070614,公共關係費用支出,百合鮮花店,,0.00,12000.00,為民服務費用,金錢,雲林縣斗六市****,,
6,賴淑娞,107年縣(市)議員選舉,首次申報,1070615,雜支支出,台灣中油,06176223,0.00,900.00,汽機車燃料費用,金錢,雲林縣莿桐鄉****,,
7,賴淑娞,107年縣(市)議員選舉,首次申報,1070618,公共關係費用支出,愛情郵差鮮花坊,19356022,0.00,600.00,為民服務費用,金錢,雲林縣斗六市****,,
8,賴淑娞,107年縣(市)議員選舉,首次申報,1070619,雜支支出,台灣中油,06163727,0.00,1428.00,汽機車燃料費用,金錢,雲林縣斗六市****,,
9,賴淑娞,107年縣(市)議員選舉,首次申報,1070620,雜支支出,福懋加油站,18352646,0.00,1387.00,汽機車燃料費用,金錢,雲林縣斗六市****,,
10,賴淑娞,107年縣(市)議員選舉,首次申報,1070620,雜支支出,中華電信,63501100,0.00,240.00,電信費用,金錢,雲林縣斗六市****,,
11,賴淑娞,107年縣(市)議員選舉,首次申報,1070620,雜支支出,中華電信,63501100,0.00,271.00,電信費用,金錢,雲林縣斗六市****,,
12,賴淑娞,107年縣(市)議員選舉,首次申報,1070621,公共關係費用支出,愛情郵差鮮花坊,19356022,0.00,8200.00,為民服務費用,金錢,雲林縣斗六市****,,
13,賴淑娞,107年縣(市)議員選舉,首次申報,1070621,雜支支出,宜家金香大賣場,39704891,0.00,1000.00,雜項購置或修繕費用,金錢,雲林縣斗六市****,,
14,賴淑娞,107年縣(市)議員選舉,首次申報,1070622,宣傳支出,中華郵政股份有限公司,,0.00,104.00,郵寄競選物品或宣傳廣告支出,金錢,雲林縣斗六市****,,
15,賴淑娞,107年縣(市)議員選舉,首次申報,1070622,公共關係費用支出,愛情郵差鮮花坊,19356022,0.00,1500.00,為民服務費用,金錢,雲林縣斗六市****,,
16,賴淑娞,107年縣(市)議員選舉,首次申報,1070623,雜支支出,台灣中油,64992913,0.00,2215.00,汽機車燃料費用,金錢,雲林縣斗六市****,,
17,賴淑娞,107年縣(市)議員選舉,首次申報,1070623,雜支支出,台灣中油,72014186,0.00,2215.00,汽機車燃料費用,金錢,臺南市六甲區****,,
18,賴淑娞,107年縣(市)議員選舉,首次申報,1070624,雜支支出,台灣中油,21801689,0.00,1834.00,汽機車燃料費用,金錢,雲林縣斗六市****,,
19,賴淑娞,107年縣(市)議員選舉,首次申報,1070625,公共關係費用支出,愛情郵差鮮花坊,19356022,0.00,2000.00,為民服務費用,金錢,雲林縣斗六市****,,
20,賴淑娞,107年縣(市)議員選舉,首次申報,1070625,雜支支出,中華電信,63501100,0.00,889.00,電信費用,金錢,雲林縣斗六市****,,
21,賴淑娞,107年縣(市)議員選舉,首次申報,1070628,公共關係費用支出,百合鮮花店,,0.00,17400.00,為民服務費用,金錢,雲林縣斗六市****,,
22,賴淑娞,107年縣(市)議員選舉,首次申報,1070630,雜支支出,維新洗車場,38902444,0.00,800.00,雜項購置或修繕費用,金錢,雲林縣斗六市****,,
23,賴淑娞,107年縣(市)議員選舉,首次申報,1070630,人事費用支出,陳素琴,A22*******,0.00,20000.00,工資或薪津,金錢,雲林縣斗六市****,,
24,賴淑娞,107年縣(市)議員選舉,首次申報,1070630,人事費用支出,高顯榮,P10*******,0.00,15000.00,工資或薪津,金錢,雲林縣莿桐鄉****,,
25,賴淑娞,107年縣(市)議員選舉,首次申報,1070630,人事費用支出,陳紹禹,P10*******,0.00,15000.00,工資或薪津,金錢,雲林縣莿桐鄉****,,
26,賴淑娞,107年縣(市)議員選舉,首次申報,1070630,人事費用支出,吳俊德,P12*******,0.00,8000.00,工資或薪津,金錢,雲林縣斗六市****,,
27,賴淑娞,107年縣(市)議員選舉,首次申報,1070630,人事費用支出,吳宗融,P12*******,0.00,8000.00,工資或薪津,金錢,雲林縣斗六市****,,
28,賴淑娞,107年縣(市)議員選舉,首次申報,1070630,人事費用支出,林碧慧,P22*******,0.00,15000.00,工資或薪津,金錢,雲林縣斗六市****,,
29,賴淑娞,107年縣(市)議員選舉,首次申報,1070701,雜支支出,福懋加油站,18352646,0.00,2295.00,汽機車燃料費用,金錢,雲林縣斗六市****,,
30,賴淑娞,107年縣(市)議員選舉,首次申報,1070701,雜支支出,台灣中油,21801689,0.00,1355.00,汽機車燃料費用,金錢,雲林縣斗六市****,,
31,賴淑娞,107年縣(市)議員選舉,首次申報,1070701,雜支支出,台灣電力公司,64991225,0.00,7704.00,水電瓦斯費用,金錢,雲林縣斗六市****,,
32,賴淑娞,107年縣(市)議員選舉,首次申報,1070702,公共關係費用支出,大新禮品行,63018801,0.00,200.00,為民服務費用,金錢,雲林縣斗六市****,,
33,賴淑娞,107年縣(市)議員選舉,首次申報,1070702,雜支支出,台灣中油,63024825,0.00,1240.00,汽機車燃料費用,金錢,雲林縣林內鄉****,,
34,賴淑娞,107年縣(市)議員選舉,首次申報,1070705,雜支支出,台灣中油,21801689,0.00,1318.00,汽機車燃料費用,金錢,雲林縣斗六市****,,
35,賴淑娞,107年縣(市)議員選舉,首次申報,1070705,公共關係費用支出,大新禮品行,63018801,0.00,400.00,為民服務費用,金錢,雲林縣斗六市****,,
36,賴淑娞,107年縣(市)議員選舉,首次申報,1070706,雜支支出,全聯福利中心,54384670,0.00,688.00,雜項購置或修繕費用,金錢,雲林縣斗六市****,,
37,賴淑娞,107年縣(市)議員選舉,首次申報,1070710,雜支支出,台灣中油,21801689,0.00,1546.00,汽機車燃料費用,金錢,雲林縣斗六市****,,
38,賴淑娞,107年縣(市)議員選舉,首次申報,1070712,雜支支出,維新洗車場,38902444,0.00,900.00,雜項購置或修繕費用,金錢,雲林縣斗六市****,,
39,賴淑娞,107年縣(市)議員選舉,首次申報,1070715,雜支支出,福懋加油站,18352646,0.00,2469.00,汽機車燃料費用,金錢,雲林縣斗六市****,,
40,賴淑娞,107年縣(市)議員選舉,首次申報,1070716,雜支支出,維新洗車場,38902444,0.00,750.00,雜項購置或修繕費用,金錢,雲林縣斗六市****,,
41,賴淑娞,107年縣(市)議員選舉,首次申報,1070716,雜支支出,利安商行,47399043,0.00,20.00,雜項購置或修繕費用,金錢,雲林縣斗六市****,,
42,賴淑娞,107年縣(市)議員選舉,首次申報,1070717,雜支支出,福懋加油站,17461189,0.00,1362.00,汽機車燃料費用,金錢,雲林縣斗六市****,,
43,賴淑娞,107年縣(市)議員選舉,首次申報,1070717,公共關係費用支出,佳林園藝材料行,97629338,0.00,13500.00,為民服務費用,金錢,雲林縣斗六市****,,
44,賴淑娞,107年縣(市)議員選舉,首次申報,1070718,雜支支出,福懋加油站,18352646,0.00,80.00,汽機車燃料費用,金錢,雲林縣斗六市****,,
45,賴淑娞,107年縣(市)議員選舉,首次申報,1070718,公共關係費用支出,愛情郵差鮮花坊,19356022,0.00,1200.00,為民服務費用,金錢,雲林縣斗六市****,,
46,賴淑娞,107年縣(市)議員選舉,首次申報,1070718,雜支支出,台灣聯通停車場開發(股)公司埔里忠孝停車場,39905736,0.00,40.00,雜項購置或修繕費用,金錢,南投縣埔里鎮****,,
47,賴淑娞,107年縣(市)議員選舉,首次申報,1070720,雜支支出,台灣中油,06163727,0.00,1411.00,汽機車燃料費用,金錢,雲林縣斗六市****,,
48,賴淑娞,107年縣(市)議員選舉,首次申報,1070720,雜支支出,台灣中油,63039600,0.00,1442.00,汽機車燃料費用,金錢,雲林縣斗南鎮****,,
49,賴淑娞,107年縣(市)議員選舉,首次申報,1070720,雜支支出,中華電信,63501100,0.00,250.00,電信費用,金錢,雲林縣斗六市****,,
50,賴淑娞,107年縣(市)議員選舉,首次申報,1070720,雜支支出,中華電信,63501100,0.00,243.00,電信費用,金錢,雲林縣斗六市****,,
51,賴淑娞,107年縣(市)議員選舉,首次申報,1070721,雜支支出,福懋加油站,18352646,0.00,2404.00,汽機車燃料費用,金錢,雲林縣斗六市****,,
52,賴淑娞,107年縣(市)議員選舉,首次申報,1070723,宣傳支出,中華郵政,,0.00,24.00,郵寄競選物品或宣傳廣告支出,金錢,雲林縣斗六市****,,
53,賴淑娞,107年縣(市)議員選舉,首次申報,1070724,雜支支出,南門柑仔店,45772353,0.00,6130.00,餐飲費用,金錢,雲林縣古坑鄉****,,
54,賴淑娞,107年縣(市)議員選舉,首次申報,1070725,雜支支出,台灣中油,21801689,0.00,1432.00,汽機車燃料費用,金錢,雲林縣斗六市****,,
55,賴淑娞,107年縣(市)議員選舉,首次申報,1070725,雜支支出,中華電信,63501100,0.00,1029.00,電信費用,金錢,雲林縣斗六市****,,
56,賴淑娞,107年縣(市)議員選舉,首次申報,1070726,雜支支出,台灣中油,21801689,0.00,1543.00,汽機車燃料費用,金錢,雲林縣斗六市****,,
57,賴淑娞,107年縣(市)議員選舉,首次申報,1070727,公共關係費用支出,愛情郵差鮮花坊,19356022,0.00,600.00,為民服務費用,金錢,雲林縣斗六市****,,
58,賴淑娞,107年縣(市)議員選舉,首次申報,1070728,雜支支出,台灣中油,21801689,0.00,1245.00,汽機車燃料費用,金錢,雲林縣斗六市****,,
59,賴淑娞,107年縣(市)議員選舉,首次申報,1070728,宣傳支出,台灣宅配通股份有限公司,99864533,0.00,180.00,郵寄競選物品或宣傳廣告支出,金錢,雲林縣斗六市****,,
60,賴淑娞,107年縣(市)議員選舉,首次申報,1070731,雜支支出,維新洗車場,38902444,0.00,900.00,雜項購置或修繕費用,金錢,雲林縣斗六市****,,
61,賴淑娞,107年縣(市)議員選舉,首次申報,1070731,人事費用支出,陳素琴,A22*******,0.00,35000.00,工資或薪津,金錢,雲林縣斗六市****,,
62,賴淑娞,107年縣(市)議員選舉,首次申報,1070731,人事費用支出,高顯榮,P10*******,0.00,30000.00,工資或薪津,金錢,雲林縣莿桐鄉****,,
63,賴淑娞,107年縣(市)議員選舉,首次申報,1070731,人事費用支出,陳紹禹,P10*******,0.00,30000.00,工資或薪津,金錢,雲林縣莿桐鄉****,,
64,賴淑娞,107年縣(市)議員選舉,首次申報,1070731,人事費用支出,吳俊德,P12*******,0.00,10000.00,工資或薪津,金錢,雲林縣斗六市****,,
65,賴淑娞,107年縣(市)議員選舉,首次申報,1070731,人事費用支出,吳宗融,P12*******,0.00,10000.00,工資或薪津,金錢,雲林縣斗六市****,,
66,賴淑娞,107年縣(市)議員選舉,首次申報,1070731,人事費用支出,林碧慧,P22*******,0.00,30000.00,工資或薪津,金錢,雲林縣斗六市****,,
67,賴淑娞,107年縣(市)議員選舉,首次申報,1070801,公共關係費用支出,大新禮品行,63018801,0.00,200.00,為民服務費用,金錢,雲林縣斗六市****,,
68,賴淑娞,107年縣(市)議員選舉,首次申報,1070802,雜支支出,福懋加油站,18352646,0.00,2400.00,汽機車燃料費用,金錢,雲林縣斗六市****,,
69,賴淑娞,107年縣(市)議員選舉,首次申報,1070802,雜支支出,東曨煤氣有限公司,46189982,0.00,800.00,水電瓦斯費用,金錢,雲林縣斗六市****,,
70,賴淑娞,107年縣(市)議員選舉,首次申報,1070802,雜支支出,利安商行,47399043,0.00,28.00,文具用品費用,金錢,雲林縣斗六市****,,
71,賴淑娞,107年縣(市)議員選舉,首次申報,1070803,雜支支出,Hi-Life萊爾富,28420186,0.00,403.00,餐飲費用,金錢,,,
72,賴淑娞,107年縣(市)議員選舉,首次申報,1070803,雜支支出,COSTCO,53666362,0.00,1034.00,雜項購置或修繕費用,金錢,,,
73,賴淑娞,107年縣(市)議員選舉,首次申報,1070805,雜支支出,家樂福,24306473,0.00,1680.00,餐飲費用,金錢,,,
74,賴淑娞,107年縣(市)議員選舉,首次申報,1070805,雜支支出,日升加油站,80604306,0.00,1000.00,汽機車燃料費用,金錢,雲林縣斗六市****,,
75,賴淑娞,107年縣(市)議員選舉,首次申報,1070806,雜支支出,東曨煤氣有限公司,46189982,0.00,830.00,水電瓦斯費用,金錢,雲林縣斗六市****,,
76,賴淑娞,107年縣(市)議員選舉,首次申報,1070808,雜支支出,台灣中油,06163727,0.00,1505.00,汽機車燃料費用,金錢,雲林縣斗六市****,,
77,賴淑娞,107年縣(市)議員選舉,首次申報,1070808,雜支支出,台灣中油,06163727,0.00,1513.00,汽機車燃料費用,金錢,雲林縣斗六市****,,
78,賴淑娞,107年縣(市)議員選舉,首次申報,1070809,公共關係費用支出,威德超級商店,63373169,0.00,800.00,為民服務費用,金錢,雲林縣莿桐鄉****,,
79,賴淑娞,107年縣(市)議員選舉,首次申報,1070810,雜支支出,宜家金香大賣場,39704891,0.00,2150.00,雜項購置或修繕費用,金錢,雲林縣斗六市****,,
80,賴淑娞,107年縣(市)議員選舉,首次申報,1070811,雜支支出,台灣中油,21801689,0.00,1396.00,汽機車燃料費用,金錢,雲林縣斗六市****,,
81,賴淑娞,107年縣(市)議員選舉,首次申報,1070812,雜支支出,台灣中油,21801689,0.00,1785.00,汽機車燃料費用,金錢,雲林縣斗六市****,,
82,賴淑娞,107年縣(市)議員選舉,首次申報,1070812,雜支支出,7-ELEVEN,53678819,0.00,99.00,餐飲費用,金錢,雲林縣斗六市****,,
83,賴淑娞,107年縣(市)議員選舉,首次申報,1070813,雜支支出,實實賣電腦百貨,,0.00,1598.00,雜項購置或修繕費用,金錢,雲林縣斗六市****,,
84,賴淑娞,107年縣(市)議員選舉,首次申報,1070814,雜支支出,台灣中油,06176223,0.00,1278.00,汽機車燃料費用,金錢,雲林縣莿桐鄉****,,
85,賴淑娞,107年縣(市)議員選舉,首次申報,1070814,公共關係費用支出,愛情郵差鮮花坊,19356022,0.00,7100.00,為民服務費用,金錢,雲林縣斗六市****,,
86,賴淑娞,107年縣(市)議員選舉,首次申報,1070815,雜支支出,東曨煤氣有限公司,46189982,0.00,4500.00,水電瓦斯費用,金錢,雲林縣斗六市****,,
87,賴淑娞,107年縣(市)議員選舉,首次申報,1070817,雜支支出,台灣中油,21801689,0.00,1448.00,汽機車燃料費用,金錢,雲林縣斗六市****,,
88,賴淑娞,107年縣(市)議員選舉,首次申報,1070817,雜支支出,兆輝企業社,67861885,0.00,1200.00,雜項購置或修繕費用,金錢,雲林縣斗六市****,,
89,賴淑娞,107年縣(市)議員選舉,首次申報,1070818,雜支支出,福懋加油站,18352646,0.00,80.00,汽機車燃料費用,金錢,雲林縣斗六市****,,
90,賴淑娞,107年縣(市)議員選舉,首次申報,1070818,雜支支出,台灣中油,19351568,0.00,1542.00,汽機車燃料費用,金錢,雲林縣斗六市****,,
91,賴淑娞,107年縣(市)議員選舉,首次申報,1070819,雜支支出,家樂福,24306473,0.00,4539.00,餐飲費用,金錢,,,
92,賴淑娞,107年縣(市)議員選舉,首次申報,1070820,雜支支出,龍族國際有限公司,,0.00,3480.00,雜項購置或修繕費用,金錢,臺中市潭子區****,,
93,賴淑娞,107年縣(市)議員選舉,首次申報,1070820,雜支支出,台灣中油,21801689,0.00,1643.00,汽機車燃料費用,金錢,雲林縣斗六市****,,
94,賴淑娞,107年縣(市)議員選舉,首次申報,1070820,雜支支出,中華電信,63501100,0.00,248.00,電信費用,金錢,雲林縣斗六市****,,
95,賴淑娞,107年縣(市)議員選舉,首次申報,1070820,雜支支出,中華電信,63501100,0.00,293.00,電信費用,金錢,雲林縣斗六市****,,
96,賴淑娞,107年縣(市)議員選舉,首次申報,1070821,雜支支出,九大文具連鎖,42995535,0.00,352.00,文具用品費用,金錢,,,
97,賴淑娞,107年縣(市)議員選舉,首次申報,1070822,雜支支出,南門柑仔店,45772353,0.00,2550.00,餐飲費用,金錢,雲林縣古坑鄉****,,
98,賴淑娞,107年縣(市)議員選舉,首次申報,1070823,公共關係費用支出,威德超級商店,63373169,0.00,1000.00,為民服務費用,金錢,雲林縣莿桐鄉****,,
99,賴淑娞,107年縣(市)議員選舉,首次申報,1070823,公共關係費用支出,廣承鮮花禮儀社,77818347,0.00,2800.00,為民服務費用,金錢,雲林縣莿桐鄉****,,
100,賴淑娞,107年縣(市)議員選舉,首次申報,1070824,公共關係費用支出,愛情郵差鮮花坊,19356022,0.00,600.00,為民服務費用,金錢,雲林縣斗六市****,,
101,賴淑娞,107年縣(市)議員選舉,首次申報,1070824,雜支支出,台灣中油,21801689,0.00,1277.00,汽機車燃料費用,金錢,雲林縣斗六市****,,
102,賴淑娞,107年縣(市)議員選舉,首次申報,1070826,雜支支出,家樂福,24306473,0.00,1047.00,餐飲費用,金錢,,,
103,賴淑娞,107年縣(市)議員選舉,首次申報,1070827,雜支支出,台灣中油,21801689,0.00,1336.00,汽機車燃料費用,金錢,雲林縣斗六市****,,
104,賴淑娞,107年縣(市)議員選舉,首次申報,1070827,雜支支出,中華電信,63501100,0.00,937.00,電信費用,金錢,雲林縣斗六市****,,
105,賴淑娞,107年縣(市)議員選舉,首次申報,1070827,宣傳支出,台灣宅配通股份有限公司,99864533,0.00,80.00,郵寄競選物品或宣傳廣告支出,金錢,雲林縣斗六市****,,
106,賴淑娞,107年縣(市)議員選舉,首次申報,1070828,公共關係費用支出,愛情郵差鮮花坊,19356022,0.00,3600.00,為民服務費用,金錢,雲林縣斗六市****,,
107,賴淑娞,107年縣(市)議員選舉,首次申報,1070829,雜支支出,福懋加油站,18352646,0.00,2125.00,汽機車燃料費用,金錢,雲林縣斗六市****,,
108,賴淑娞,107年縣(市)議員選舉,首次申報,1070829,公共關係費用支出,大新禮品行,63018801,0.00,200.00,為民服務費用,金錢,雲林縣斗六市****,,
109,賴淑娞,107年縣(市)議員選舉,首次申報,1070829,雜支支出,台灣中油,64992913,0.00,1000.00,汽機車燃料費用,金錢,雲林縣斗六市****,,
110,賴淑娞,107年縣(市)議員選舉,首次申報,1070830,雜支支出,台灣電力公司,64991225,0.00,11656.00,水電瓦斯費用,金錢,雲林縣斗六市****,,
111,賴淑娞,107年縣(市)議員選舉,首次申報,1070831,雜支支出,芳原汽車有限公司,,0.00,450.00,雜項購置或修繕費用,金錢,雲林縣斗六市****,,
112,賴淑娞,107年縣(市)議員選舉,首次申報,1070831,雜支支出,台灣中油,06163727,0.00,1177.00,汽機車燃料費用,金錢,雲林縣斗六市****,,
113,賴淑娞,107年縣(市)議員選舉,首次申報,1070831,人事費用支出,陳素琴,A22*******,0.00,35000.00,工資或薪津,金錢,雲林縣斗六市****,,
114,賴淑娞,107年縣(市)議員選舉,首次申報,1070831,人事費用支出,高顯榮,P10*******,0.00,30000.00,工資或薪津,金錢,雲林縣莿桐鄉****,,
115,賴淑娞,107年縣(市)議員選舉,首次申報,1070831,人事費用支出,陳紹禹,P10*******,0.00,30000.00,工資或薪津,金錢,雲林縣莿桐鄉****,,
116,賴淑娞,107年縣(市)議員選舉,首次申報,1070831,人事費用支出,吳俊德,P12*******,0.00,10000.00,工資或薪津,金錢,雲林縣斗六市****,,
117,賴淑娞,107年縣(市)議員選舉,首次申報,1070831,人事費用支出,吳宗融,P12*******,0.00,10000.00,工資或薪津,金錢,雲林縣斗六市****,,
118,賴淑娞,107年縣(市)議員選舉,首次申報,1070831,人事費用支出,林碧慧,P22*******,0.00,30000.00,工資或薪津,金錢,雲林縣斗六市****,,
119,賴淑娞,107年縣(市)議員選舉,首次申報,1070901,雜支支出,大群雞肉行,14168704,0.00,12500.00,餐飲費用,金錢,雲林縣斗六市****,,
120,賴淑娞,107年縣(市)議員選舉,首次申報,1070901,雜支支出,村露國際有限公司,42781061,0.00,1200.00,餐飲費用,金錢,雲林縣斗六市****,,
121,賴淑娞,107年縣(市)議員選舉,首次申報,1070901,雜支支出,唐榮肉商號,77810984,0.00,18000.00,餐飲費用,金錢,雲林縣斗六市****,,
122,賴淑娞,107年縣(市)議員選舉,首次申報,1070901,雜支支出,成功書局,97625950,0.00,67.00,文具用品費用,金錢,雲林縣斗南鎮****,,
123,賴淑娞,107年縣(市)議員選舉,首次申報,1070902,雜支支出,台灣中油,63039600,0.00,1401.00,汽機車燃料費用,金錢,雲林縣斗南鎮****,,
124,賴淑娞,107年縣(市)議員選舉,首次申報,1070903,公共關係費用支出,愛情郵差鮮花坊,19356022,0.00,1200.00,為民服務費用,金錢,雲林縣斗六市****,,
125,賴淑娞,107年縣(市)議員選舉,首次申報,1070903,雜支支出,台灣中油,63039600,0.00,1425.00,汽機車燃料費用,金錢,雲林縣斗南鎮****,,
126,賴淑娞,107年縣(市)議員選舉,首次申報,1070904,宣傳支出,中華郵政股份有限公司,,0.00,828.00,郵寄競選物品或宣傳廣告支出,金錢,雲林縣莿桐鄉****,,
127,賴淑娞,107年縣(市)議員選舉,首次申報,1070904,雜支支出,台灣中油,21801689,0.00,1644.00,汽機車燃料費用,金錢,雲林縣斗六市****,,
128,賴淑娞,107年縣(市)議員選舉,首次申報,1070904,宣傳支出,曾記企業社,99666013,0.00,1500.00,製作宣傳廣告支出,金錢,雲林縣斗六市****,,
129,賴淑娞,107年縣(市)議員選舉,首次申報,1070905,宣傳支出,中華郵政股份有限公司,,0.00,28.00,郵寄競選物品或宣傳廣告支出,金錢,雲林縣斗六市****,,
130,賴淑娞,107年縣(市)議員選舉,首次申報,1070905,雜支支出,利安商行,47399043,0.00,69.00,選舉保證金費（未退回保證金者得以報支）,金錢,雲林縣斗六市****,,
131,賴淑娞,107年縣(市)議員選舉,首次申報,1070905,雜支支出,台灣中油,63039600,0.00,1373.00,汽機車燃料費用,金錢,雲林縣斗南鎮****,,
132,賴淑娞,107年縣(市)議員選舉,首次申報,1070907,宣傳支出,中華郵政股份有限公司,,0.00,1374.00,郵寄競選物品或宣傳廣告支出,金錢,雲林縣斗六市****,,
133,賴淑娞,107年縣(市)議員選舉,首次申報,1070907,雜支支出,福懋加油站,18352646,0.00,80.00,汽機車燃料費用,金錢,雲林縣斗六市****,,
134,賴淑娞,107年縣(市)議員選舉,首次申報,1070907,雜支支出,福懋加油站,18352646,0.00,2200.00,汽機車燃料費用,金錢,雲林縣斗六市****,,
135,賴淑娞,107年縣(市)議員選舉,首次申報,1070907,公共關係費用支出,愛情郵差鮮花坊,19356022,0.00,1500.00,為民服務費用,金錢,雲林縣斗六市****,,
136,賴淑娞,107年縣(市)議員選舉,首次申報,1070907,雜支支出,利峰刀剪鎖匙店,67863053,0.00,580.00,雜項購置或修繕費用,金錢,雲林縣斗六市****,,
137,賴淑娞,107年縣(市)議員選舉,首次申報,1070908,雜支支出,台灣中油,63024825,0.00,1312.00,汽機車燃料費用,金錢,雲林縣林內鄉****,,
138,賴淑娞,107年縣(市)議員選舉,首次申報,1070909,雜支支出,福懋加油站,18352646,0.00,100.00,汽機車燃料費用,金錢,雲林縣斗六市****,,
139,賴淑娞,107年縣(市)議員選舉,首次申報,1070909,雜支支出,台灣中油,21801689,0.00,1388.00,汽機車燃料費用,金錢,雲林縣斗六市****,,
140,賴淑娞,107年縣(市)議員選舉,首次申報,1070910,雜支支出,新竟五金行,45637940,0.00,275.00,雜項購置或修繕費用,金錢,雲林縣斗六市****,,
141,賴淑娞,107年縣(市)議員選舉,首次申報,1070910,雜支支出,大眾文具行,99371405,0.00,334.00,文具用品費用,金錢,雲林縣斗六市****,,
142,賴淑娞,107年縣(市)議員選舉,首次申報,1070911,宣傳支出,中華郵政,,0.00,60.00,郵寄競選物品或宣傳廣告支出,金錢,雲林縣斗六市****,,
143,賴淑娞,107年縣(市)議員選舉,首次申報,1070911,宣傳支出,中華郵政股份有限公司,,0.00,60.00,郵寄競選物品或宣傳廣告支出,金錢,雲林縣斗六市****,,
144,賴淑娞,107年縣(市)議員選舉,首次申報,1070911,公共關係費用支出,愛情郵差鮮花坊,19356022,0.00,5000.00,為民服務費用,金錢,雲林縣斗六市****,,
145,賴淑娞,107年縣(市)議員選舉,首次申報,1070911,雜支支出,台灣中油,21801689,0.00,1349.00,汽機車燃料費用,金錢,雲林縣斗六市****,,
146,賴淑娞,107年縣(市)議員選舉,首次申報,1070911,雜支支出,新世紀書局成功分店,25489702,0.00,301.00,文具用品費用,金錢,雲林縣斗六市****,,
147,賴淑娞,107年縣(市)議員選舉,首次申報,1070912,雜支支出,嘉義火雞肉飯,19358909,0.00,290.00,餐飲費用,金錢,雲林縣斗六市****,,
148,賴淑娞,107年縣(市)議員選舉,首次申報,1070912,雜支支出,宜家金香大賣場,39704891,0.00,3000.00,雜項購置或修繕費用,金錢,雲林縣斗六市****,,
149,賴淑娞,107年縣(市)議員選舉,首次申報,1070912,宣傳支出,多比企業社,45607798,0.00,92800.00,製作宣傳廣告支出,金錢,雲林縣虎尾鎮****,,
150,賴淑娞,107年縣(市)議員選舉,首次申報,1070912,雜支支出,台灣中油,63039600,0.00,1466.00,汽機車燃料費用,金錢,雲林縣斗南鎮****,,
151,賴淑娞,107年縣(市)議員選舉,首次申報,1070913,公共關係費用支出,愛情郵差鮮花坊,19356022,0.00,2000.00,為民服務費用,金錢,雲林縣斗六市****,,
152,賴淑娞,107年縣(市)議員選舉,首次申報,1070913,公共關係費用支出,蔡長禮儀社,45550367,0.00,1500.00,為民服務費用,金錢,雲林縣莿桐鄉****,,
153,賴淑娞,107年縣(市)議員選舉,首次申報,1070913,雜支支出,力啓鎖匙行,94934551,0.00,110.00,文具用品費用,金錢,雲林縣斗南鎮****,,
154,賴淑娞,107年縣(市)議員選舉,首次申報,1070913,雜支支出,力啓鎖匙行,94934551,0.00,300.00,文具用品費用,金錢,雲林縣斗南鎮****,,
155,賴淑娞,107年縣(市)議員選舉,首次申報,1070914,公共關係費用支出,愛情郵差鮮花坊,19356022,0.00,2900.00,為民服務費用,金錢,雲林縣斗六市****,,
156,賴淑娞,107年縣(市)議員選舉,首次申報,1070914,雜支支出,嘉義火雞肉飯,5340526,0.00,505.00,餐飲費用,金錢,雲林縣斗六市****,,
157,賴淑娞,107年縣(市)議員選舉,首次申報,1070914,雜支支出,統一雜貨店,64833269,0.00,1170.00,餐飲費用,金錢,雲林縣斗六市****,,
158,賴淑娞,107年縣(市)議員選舉,首次申報,1070914,雜支支出,金億源香業行,67850846,0.00,300.00,雜項購置或修繕費用,金錢,雲林縣斗六市****,,
159,賴淑娞,107年縣(市)議員選舉,首次申報,1070915,集會支出,鎮北製紅龜粿,,0.00,7500.00,餐飲支出,金錢,雲林縣斗六市****,,
160,賴淑娞,107年縣(市)議員選舉,首次申報,1070915,雜支支出,台灣中油,06163727,0.00,912.00,汽機車燃料費用,金錢,雲林縣斗六市****,,
161,賴淑娞,107年縣(市)議員選舉,首次申報,1070915,集會支出,藍天專業燈光音響,20041887,0.00,8000.00,租用設備支出,金錢,雲林縣林內鄉****,,
162,賴淑娞,107年縣(市)議員選舉,首次申報,1070915,集會支出,藍天專業燈光音響,20041887,0.00,45000.00,租用設備支出,金錢,雲林縣林內鄉****,,
163,賴淑娞,107年縣(市)議員選舉,首次申報,1070915,集會支出,重光企業社,21478090,0.00,60700.00,租用設備支出,金錢,雲林縣斗六市****,,
164,賴淑娞,107年縣(市)議員選舉,首次申報,1070915,集會支出,重光企業社,21478090,0.00,13000.00,租用設備支出,金錢,雲林縣斗六市****,,
165,賴淑娞,107年縣(市)議員選舉,首次申報,1070915,集會支出,重光企業社,21478090,0.00,20000.00,租用設備支出,金錢,雲林縣斗六市****,,
166,賴淑娞,107年縣(市)議員選舉,首次申報,1070915,集會支出,全藝企業社,25484586,0.00,12000.00,租用設備支出,金錢,雲林縣莿桐鄉****,,
167,賴淑娞,107年縣(市)議員選舉,首次申報,1070915,集會支出,全藝企業社,25484586,0.00,10000.00,租用設備支出,金錢,雲林縣莿桐鄉****,,
168,賴淑娞,107年縣(市)議員選舉,首次申報,1070915,集會支出,久承環保有限公司,27281720,0.00,8000.00,租用設備支出,金錢,雲林縣斗六市****,,
169,賴淑娞,107年縣(市)議員選舉,首次申報,1070915,集會支出,多比企業社,45607798,0.00,54200.00,租用設備支出,金錢,雲林縣虎尾鎮****,,
170,賴淑娞,107年縣(市)議員選舉,首次申報,1070915,租用宣傳車輛支出,環島遊覽汽車股份有限公司,64588006,0.00,6000.00,租用宣傳車輛支出,金錢,雲林縣虎尾鎮****,,
171,賴淑娞,107年縣(市)議員選舉,首次申報,1070915,集會支出,百盛企業行,88829341,0.00,90000.00,餐飲支出,金錢,雲林縣西螺鎮****,,
172,賴淑娞,107年縣(市)議員選舉,首次申報,1070916,雜支支出,台灣中油,21801689,0.00,1566.00,汽機車燃料費用,金錢,雲林縣斗六市****,,
173,賴淑娞,107年縣(市)議員選舉,首次申報,1070917,雜支支出,林森加油站,45819809,0.00,2465.00,汽機車燃料費用,金錢,雲林縣虎尾鎮****,,
174,賴淑娞,107年縣(市)議員選舉,首次申報,1070918,雜支支出,福懋加油站,18352646,0.00,80.00,汽機車燃料費用,金錢,雲林縣斗六市****,,
175,賴淑娞,107年縣(市)議員選舉,首次申報,1070919,雜支支出,詹麗鳳,,0.00,470.00,餐飲費用,金錢,,,
176,賴淑娞,107年縣(市)議員選舉,首次申報,1070920,雜支支出,福懋加油站,15604746,0.00,1543.00,汽機車燃料費用,金錢,雲林縣斗南鎮****,,
177,賴淑娞,107年縣(市)議員選舉,首次申報,1070920,雜支支出,台灣中油,21801689,0.00,1508.00,汽機車燃料費用,金錢,雲林縣斗六市****,,
178,賴淑娞,107年縣(市)議員選舉,首次申報,1070920,雜支支出,中華電信,63501100,0.00,239.00,電信費用,金錢,雲林縣斗六市****,,
179,賴淑娞,107年縣(市)議員選舉,首次申報,1070920,雜支支出,中華電信,63501100,0.00,308.00,電信費用,金錢,雲林縣斗六市****,,
180,賴淑娞,107年縣(市)議員選舉,首次申報,1070920,雜支支出,佛品金香舖,88836835,0.00,3000.00,雜項購置或修繕費用,金錢,雲林縣斗南鎮****,,
181,賴淑娞,107年縣(市)議員選舉,首次申報,1070921,雜支支出,福懋加油站,18352646,0.00,100.00,汽機車燃料費用,金錢,雲林縣斗六市****,,
182,賴淑娞,107年縣(市)議員選舉,首次申報,1070921,雜支支出,唐榮商店,63234907,0.00,590.00,餐飲費用,金錢,雲林縣斗六市****,,
183,賴淑娞,107年縣(市)議員選舉,首次申報,1070923,雜支支出,台灣中油,21801689,0.00,1566.00,汽機車燃料費用,金錢,雲林縣斗六市****,,
184,賴淑娞,107年縣(市)議員選舉,首次申報,1070923,雜支支出,台灣中油,21801689,0.00,1402.00,汽機車燃料費用,金錢,雲林縣斗六市****,,
185,賴淑娞,107年縣(市)議員選舉,首次申報,1070923,雜支支出,台灣中油,64992913,0.00,1540.00,汽機車燃料費用,金錢,雲林縣斗六市****,,
186,賴淑娞,107年縣(市)議員選舉,首次申報,1070924,雜支支出,豐裕豆腐工廠,63165704,0.00,100.00,餐飲費用,金錢,雲林縣斗六市****,,
187,賴淑娞,107年縣(市)議員選舉,首次申報,1070925,雜支支出,中華電信,63501100,0.00,943.00,電信費用,金錢,雲林縣斗六市****,,
188,賴淑娞,107年縣(市)議員選舉,首次申報,1070925,雜支支出,新光保全,84897698,0.00,12805.00,雜項購置或修繕費用,金錢,,,
189,賴淑娞,107年縣(市)議員選舉,首次申報,1070926,公共關係費用支出,愛情郵差鮮花坊,19356022,0.00,4900.00,為民服務費用,金錢,雲林縣斗六市****,,
190,賴淑娞,107年縣(市)議員選舉,首次申報,1070926,雜支支出,凱麗百貨有限公司,24852253,0.00,1598.00,雜項購置或修繕費用,金錢,雲林縣斗六市****,,
191,賴淑娞,107年縣(市)議員選舉,首次申報,1070927,宣傳支出,中華郵政股份有限公司,,0.00,168.00,郵寄競選物品或宣傳廣告支出,金錢,雲林縣斗六市****,,
192,賴淑娞,107年縣(市)議員選舉,首次申報,1070927,雜支支出,台灣中油,21801689,0.00,1379.00,汽機車燃料費用,金錢,雲林縣斗六市****,,
193,賴淑娞,107年縣(市)議員選舉,首次申報,1070927,雜支支出,東曨煤氣有限公司,46189982,0.00,800.00,水電瓦斯費用,金錢,雲林縣斗六市****,,
194,賴淑娞,107年縣(市)議員選舉,首次申報,1070927,宣傳支出,中華郵政股份有限公司,65528174,0.00,110.00,郵寄競選物品或宣傳廣告支出,金錢,雲林縣斗六市****,,
195,賴淑娞,107年縣(市)議員選舉,首次申報,1070927,宣傳支出,台灣宅配股份有限公司斗六營業所,99864533,0.00,5520.00,郵寄競選物品或宣傳廣告支出,金錢,雲林縣斗六市****,,
196,賴淑娞,107年縣(市)議員選舉,首次申報,1070928,雜支支出,新竟五金商行,45637940,0.00,60.00,雜項購置或修繕費用,金錢,雲林縣斗六公****,,
197,賴淑娞,107年縣(市)議員選舉,首次申報,1070928,雜支支出,南門柑仔店,45772353,0.00,1770.00,餐飲費用,金錢,雲林縣古坑鄉****,,
198,賴淑娞,107年縣(市)議員選舉,首次申報,1070928,雜支支出,唐榮商店,63234907,0.00,630.00,餐飲費用,金錢,雲林縣斗六市****,,
199,賴淑娞,107年縣(市)議員選舉,首次申報,1070928,宣傳支出,台灣宅配股份有限公司斗六營業所,99864533,0.00,480.00,郵寄競選物品或宣傳廣告支出,金錢,雲林縣斗六市****,,
200,賴淑娞,107年縣(市)議員選舉,首次申報,1070929,雜支支出,福懋加油站,18352646,0.00,50.00,汽機車燃料費用,金錢,雲林縣斗六市****,,
201,賴淑娞,107年縣(市)議員選舉,首次申報,1070929,雜支支出,福懋加油站,18352646,0.00,1897.00,汽機車燃料費用,金錢,雲林縣斗六市****,,
202,賴淑娞,107年縣(市)議員選舉,首次申報,1070930,雜支支出,宸鴻五金行,72409815,0.00,221.00,雜項購置或修繕費用,金錢,雲林縣斗六市****,,
203,賴淑娞,107年縣(市)議員選舉,首次申報,1070930,雜支支出,宸鴻五金行,72409815,0.00,198.00,汽機車燃料費用,金錢,雲林縣斗六市****,,
204,賴淑娞,107年縣(市)議員選舉,首次申報,1070930,人事費用支出,陳素琴,A22*******,0.00,40000.00,工資或薪津,金錢,雲林縣斗六市****,,
205,賴淑娞,107年縣(市)議員選舉,首次申報,1070930,人事費用支出,孫伯鈺,P10*******,0.00,35000.00,工資或薪津,金錢,雲林縣虎尾鎮****,,
206,賴淑娞,107年縣(市)議員選舉,首次申報,1070930,人事費用支出,黃進強,P10*******,0.00,20000.00,工資或薪津,金錢,雲林縣莿桐鄉****,,
207,賴淑娞,107年縣(市)議員選舉,首次申報,1070930,人事費用支出,高顯榮,P10*******,0.00,30000.00,工資或薪津,金錢,雲林縣莿桐鄉****,,
208,賴淑娞,107年縣(市)議員選舉,首次申報,1070930,人事費用支出,陳紹禹,P10*******,0.00,30000.00,工資或薪津,金錢,雲林縣莿桐鄉****,,
209,賴淑娞,107年縣(市)議員選舉,首次申報,1070930,人事費用支出,李昇峰,P12*******,0.00,30000.00,工資或薪津,金錢,雲林縣斗南鎮****,,
210,賴淑娞,107年縣(市)議員選舉,首次申報,1070930,人事費用支出,楊瑞安,P12*******,0.00,20000.00,工資或薪津,金錢,雲林縣林內鄉****,,
211,賴淑娞,107年縣(市)議員選舉,首次申報,1070930,人事費用支出,吳俊德,P12*******,0.00,10000.00,工資或薪津,金錢,雲林縣斗六市****,,
212,賴淑娞,107年縣(市)議員選舉,首次申報,1070930,人事費用支出,吳宗融,P12*******,0.00,10000.00,工資或薪津,金錢,雲林縣斗六市****,,
213,賴淑娞,107年縣(市)議員選舉,首次申報,1070930,人事費用支出,魏意宸,P12*******,0.00,40000.00,工資或薪津,金錢,雲林縣斗六市****,,
214,賴淑娞,107年縣(市)議員選舉,首次申報,1070930,人事費用支出,林李秀忍,P20*******,0.00,30000.00,工資或薪津,金錢,雲林縣斗南鎮****,,
215,賴淑娞,107年縣(市)議員選舉,首次申報,1070930,人事費用支出,林碧慧,P22*******,0.00,30000.00,工資或薪津,金錢,雲林縣斗六市****,,
216,賴淑娞,107年縣(市)議員選舉,首次申報,1070930,人事費用支出,張翠玲,P22*******,0.00,25000.00,工資或薪津,金錢,雲林縣莿桐鄉****,,
217,賴淑娞,107年縣(市)議員選舉,首次申報,1071001,雜支支出,台灣中油,21801689,0.00,1486.00,汽機車燃料費用,金錢,雲林縣斗六市****,,
218,賴淑娞,107年縣(市)議員選舉,首次申報,1071001,雜支支出,東曨煤氣有限公司,46189982,0.00,1660.00,水電瓦斯費用,金錢,雲林縣斗六市****,,
219,賴淑娞,107年縣(市)議員選舉,首次申報,1071002,雜支支出,唐榮商店,63234907,0.00,670.00,餐飲費用,金錢,雲林縣斗六市****,,
220,賴淑娞,107年縣(市)議員選舉,首次申報,1071002,公共關係費用支出,惠樺花藝,78926864,0.00,1200.00,為民服務費用,金錢,雲林縣斗六市****,,
221,賴淑娞,107年縣(市)議員選舉,首次申報,1071003,宣傳支出,中華郵政股份有限公司,,0.00,400.00,郵寄競選物品或宣傳廣告支出,金錢,雲林縣斗六市****,,
222,賴淑娞,107年縣(市)議員選舉,首次申報,1071003,公共關係費用支出,愛情郵差鮮花坊,09356022,0.00,9500.00,為民服務費用,金錢,雲林縣斗六市****,,
223,賴淑娞,107年縣(市)議員選舉,首次申報,1071004,宣傳支出,曾記企業社,99666013,0.00,1800.00,製作宣傳廣告支出,金錢,雲林縣斗六市****,,
224,賴淑娞,107年縣(市)議員選舉,首次申報,1071005,雜支支出,萊東方商行,09238841,0.00,160.00,餐飲費用,金錢,雲林縣斗六市****,,
225,賴淑娞,107年縣(市)議員選舉,首次申報,1071005,雜支支出,福懋加油站,18352646,0.00,100.00,汽機車燃料費用,金錢,雲林縣斗六市****,,
226,賴淑娞,107年縣(市)議員選舉,首次申報,1071005,雜支支出,台灣中油,21801689,0.00,322.00,汽機車燃料費用,金錢,雲林縣斗六市****,,
227,賴淑娞,107年縣(市)議員選舉,首次申報,1071005,雜支支出,台灣中油,21801689,0.00,1010.00,汽機車燃料費用,金錢,雲林縣斗六市****,,
228,賴淑娞,107年縣(市)議員選舉,首次申報,1071005,雜支支出,台灣中油,21801689,0.00,1430.00,汽機車燃料費用,金錢,雲林縣斗六市****,,
229,賴淑娞,107年縣(市)議員選舉,首次申報,1071005,雜支支出,新竟五金商行,45637940,0.00,25.00,雜項購置或修繕費用,金錢,雲林縣斗六市****,,
230,賴淑娞,107年縣(市)議員選舉,首次申報,1071005,公共關係費用支出,大新禮品行,63018801,0.00,1200.00,為民服務費用,金錢,雲林縣斗六市****,,
231,賴淑娞,107年縣(市)議員選舉,首次申報,1071005,雜支支出,唐榮商店,63234907,0.00,680.00,餐飲費用,金錢,雲林縣斗六市****,,
232,賴淑娞,107年縣(市)議員選舉,首次申報,1071005,宣傳支出,曾記企業社,99666013,0.00,300.00,製作宣傳廣告支出,金錢,雲林縣斗六市****,,
233,賴淑娞,107年縣(市)議員選舉,首次申報,1071006,雜支支出,大為農產行,38785987,0.00,437.00,餐飲費用,金錢,雲林縣斗六市****,,
234,賴淑娞,107年縣(市)議員選舉,首次申報,1071006,雜支支出,光輝企業社,67861885,0.00,800.00,雜項購置或修繕費用,金錢,雲林縣斗六市****,,
235,賴淑娞,107年縣(市)議員選舉,首次申報,1071006,雜支支出,彩豐食品行,77822644,0.00,45.00,雜項購置或修繕費用,金錢,雲林縣斗六市****,,
236,賴淑娞,107年縣(市)議員選舉,首次申報,1071007,雜支支出,台灣中油,21801689,0.00,1183.00,汽機車燃料費用,金錢,雲林縣斗六市****,,
237,賴淑娞,107年縣(市)議員選舉,首次申報,1071009,公共關係費用支出,愛情郵差鮮花坊,19356022,0.00,1200.00,為民服務費用,金錢,雲林縣斗六市****,,
238,賴淑娞,107年縣(市)議員選舉,首次申報,1071009,雜支支出,唐榮商店,63234907,0.00,650.00,餐飲費用,金錢,雲林縣斗六市****,,
239,賴淑娞,107年縣(市)議員選舉,首次申報,1071010,雜支支出,陳勝男,,0.00,8000.00,雜項購置或修繕費用,金錢,,,
240,賴淑娞,107年縣(市)議員選舉,首次申報,1071010,雜支支出,又豪商行,20041795,0.00,1188.00,雜項購置或修繕費用,金錢,雲林縣莿桐鄉****,,
241,賴淑娞,107年縣(市)議員選舉,首次申報,1071011,雜支支出,超聯五金百貨食品大賣場,,0.00,948.00,餐飲費用,金錢,雲林縣斗六市****,,
242,賴淑娞,107年縣(市)議員選舉,首次申報,1071011,雜支支出,福懋加油站,14158537,0.00,1461.00,汽機車燃料費用,金錢,雲林縣斗六市****,,
243,賴淑娞,107年縣(市)議員選舉,首次申報,1071011,公共關係費用支出,大新禮品行,63018801,0.00,200.00,為民服務費用,金錢,雲林縣斗六市****,,
244,賴淑娞,107年縣(市)議員選舉,首次申報,1071011,雜支支出,唐榮商店,63234907,0.00,550.00,餐飲費用,金錢,雲林縣斗六市****,,
245,賴淑娞,107年縣(市)議員選舉,首次申報,1071012,公共關係費用支出,佳林園藝材料行,97629338,0.00,34500.00,為民服務費用,金錢,雲林縣斗六市****,,
246,賴淑娞,107年縣(市)議員選舉,首次申報,1071013,雜支支出,福懋加油站,18352646,0.00,1696.00,汽機車燃料費用,金錢,雲林縣斗六市****,,
247,賴淑娞,107年縣(市)議員選舉,首次申報,1071013,雜支支出,唐榮商店,63234907,0.00,600.00,餐飲費用,金錢,雲林縣斗六市****,,
248,賴淑娞,107年縣(市)議員選舉,首次申報,1071014,雜支支出,福懋加油站,18352646,0.00,100.00,汽機車燃料費用,金錢,雲林縣斗六市****,,
249,賴淑娞,107年縣(市)議員選舉,首次申報,1071014,雜支支出,福懋加油站,18352646,0.00,100.00,汽機車燃料費用,金錢,雲林縣斗六市****,,
250,賴淑娞,107年縣(市)議員選舉,首次申報,1071014,雜支支出,台灣中油,21801689,0.00,1292.00,汽機車燃料費用,金錢,雲林縣斗六市****,,
251,賴淑娞,107年縣(市)議員選舉,首次申報,1071014,雜支支出,台灣中油,21801689,0.00,1800.00,汽機車燃料費用,金錢,雲林縣斗六市****,,
252,賴淑娞,107年縣(市)議員選舉,首次申報,1071014,雜支支出,台灣中油,64992913,0.00,1515.00,汽機車燃料費用,金錢,雲林縣斗六市****,,
253,賴淑娞,107年縣(市)議員選舉,首次申報,1071014,雜支支出,石榴簡餐店,72402995,0.00,760.00,餐飲費用,金錢,雲林縣斗六市****,,
254,賴淑娞,107年縣(市)議員選舉,首次申報,1071015,雜支支出,陳勝男,,0.00,2000.00,雜項購置或修繕費用,金錢,,,
255,賴淑娞,107年縣(市)議員選舉,首次申報,1071015,公共關係費用支出,愛情郵差鮮花坊,19356022,0.00,1000.00,為民服務費用,金錢,雲林縣斗六市****,,
256,賴淑娞,107年縣(市)議員選舉,首次申報,1071015,雜支支出,東曨煤氣有限公司,46189982,0.00,830.00,水電瓦斯費用,金錢,雲林縣斗六市****,,
257,賴淑娞,107年縣(市)議員選舉,首次申報,1071016,雜支支出,台灣中油,06163727,0.00,1000.00,汽機車燃料費用,金錢,雲林縣斗六市****,,
258,賴淑娞,107年縣(市)議員選舉,首次申報,1071016,雜支支出,大為農產行,38785987,0.00,400.00,餐飲費用,金錢,雲林縣斗六市****,,
259,賴淑娞,107年縣(市)議員選舉,首次申報,1071016,雜支支出,上海當歸鴨,47392793,0.00,3600.00,餐飲費用,金錢,雲林縣斗六市****,,
260,賴淑娞,107年縣(市)議員選舉,首次申報,1071016,雜支支出,台灣電力公司,64991225,0.00,15975.00,水電瓦斯費用,金錢,雲林縣斗六市****,,
261,賴淑娞,107年縣(市)議員選舉,首次申報,1071016,公共關係費用支出,惠樺花藝,78926864,0.00,1000.00,為民服務費用,金錢,雲林縣斗六市****,,
262,賴淑娞,107年縣(市)議員選舉,首次申報,1071017,雜支支出,大為農產行,10932586,0.00,430.00,餐飲費用,金錢,雲林縣斗六市****,,
263,賴淑娞,107年縣(市)議員選舉,首次申報,1071017,雜支支出,唐榮商店,63234907,0.00,320.00,餐飲費用,金錢,雲林縣斗六市****,,
264,賴淑娞,107年縣(市)議員選舉,首次申報,1071017,宣傳支出,曾記企業社,99666013,0.00,2700.00,製作宣傳廣告支出,金錢,雲林縣斗六市****,,
265,賴淑娞,107年縣(市)議員選舉,首次申報,1071018,租用宣傳車輛支出,黃柏晟,P12*******,0.00,7800.00,雇用宣傳車輛駕駛支出,金錢,雲林縣斗六市****,,
266,賴淑娞,107年縣(市)議員選舉,首次申報,1071019,雜支支出,吳記蔬果行,,0.00,240.00,餐飲費用,金錢,,,
267,賴淑娞,107年縣(市)議員選舉,首次申報,1071019,雜支支出,陳勝男,,0.00,400.00,雜項購置或修繕費用,金錢,,,
268,賴淑娞,107年縣(市)議員選舉,首次申報,1071019,雜支支出,福懋加油站,18352646,0.00,1456.00,汽機車燃料費用,金錢,雲林縣斗六市****,,
269,賴淑娞,107年縣(市)議員選舉,首次申報,1071019,公共關係費用支出,愛情郵差鮮花坊,19356022,0.00,3600.00,為民服務費用,金錢,雲林縣斗六市****,,
270,賴淑娞,107年縣(市)議員選舉,首次申報,1071019,雜支支出,台灣中油,21801689,0.00,1065.00,汽機車燃料費用,金錢,雲林縣斗六市****,,
271,賴淑娞,107年縣(市)議員選舉,首次申報,1071019,雜支支出,王牌廚具行,45217399,0.00,16000.00,雜項購置或修繕費用,金錢,雲林縣斗六市****,,
272,賴淑娞,107年縣(市)議員選舉,首次申報,1071019,雜支支出,統一五金行,47404587,0.00,138.00,文具用品費用,金錢,雲林縣斗六市****,,
273,賴淑娞,107年縣(市)議員選舉,首次申報,1071019,雜支支出,唐榮商店,63234907,0.00,1490.00,餐飲費用,金錢,雲林縣斗六市****,,
274,賴淑娞,107年縣(市)議員選舉,首次申報,1071019,雜支支出,大眾文具行,99371405,0.00,460.00,文具用品費用,金錢,雲林縣斗六市****,,
275,賴淑娞,107年縣(市)議員選舉,首次申報,1071019,宣傳支出,曾紀企業社,99666013,0.00,1800.00,製作宣傳廣告支出,金錢,雲林縣斗六市****,,
276,賴淑娞,107年縣(市)議員選舉,首次申報,1071020,雜支支出,吳記蔬果行,,0.00,1070.00,餐飲費用,金錢,,,
277,賴淑娞,107年縣(市)議員選舉,首次申報,1071020,雜支支出,新世紀書局成功分店,25489702,0.00,100.00,文具用品費用,金錢,雲林縣斗六市****,,
278,賴淑娞,107年縣(市)議員選舉,首次申報,1071020,雜支支出,錡洋水產行,38780456,0.00,1860.00,餐飲費用,金錢,雲林縣斗六市****,,
279,賴淑娞,107年縣(市)議員選舉,首次申報,1071020,雜支支出,唐榮商店,63234907,0.00,1250.00,餐飲費用,金錢,雲林縣斗六市****,,
280,賴淑娞,107年縣(市)議員選舉,首次申報,1071020,雜支支出,大眾文具行,99371405,0.00,90.00,文具用品費用,金錢,雲林縣斗六市****,,
281,賴淑娞,107年縣(市)議員選舉,首次申報,1071021,雜支支出,大為農產行,38785987,0.00,283.00,餐飲費用,金錢,雲林縣斗六市****,,
282,賴淑娞,107年縣(市)議員選舉,首次申報,1071021,雜支支出,統一雜貨店,64833269,0.00,290.00,餐飲費用,金錢,雲林縣斗六市****,,
283,賴淑娞,107年縣(市)議員選舉,首次申報,1071022,雜支支出,芳原汽車有限公司,,0.00,450.00,雜項購置或修繕費用,金錢,雲林縣斗六市****,,
284,賴淑娞,107年縣(市)議員選舉,首次申報,1071022,集會支出,藍天專業燈光音響,20041887,0.00,50000.00,租用設備支出,金錢,雲林縣林內鄉****,,
285,賴淑娞,107年縣(市)議員選舉,首次申報,1071022,集會支出,藍天專業燈光音響,20041887,0.00,40000.00,租用設備支出,金錢,雲林縣林內鄉****,,
286,賴淑娞,107年縣(市)議員選舉,首次申報,1071022,集會支出,重光企業社,21478090,0.00,2000.00,租用設備支出,金錢,雲林縣斗六市****,,
287,賴淑娞,107年縣(市)議員選舉,首次申報,1071022,集會支出,重光企業社,21478090,0.00,6000.00,租用設備支出,金錢,雲林縣斗六市****,,
288,賴淑娞,107年縣(市)議員選舉,首次申報,1071022,集會支出,重光企業社,21478090,0.00,3000.00,租用設備支出,金錢,雲林縣斗六市****,,
289,賴淑娞,107年縣(市)議員選舉,首次申報,1071022,集會支出,重光企業社,21478090,0.00,20000.00,租用設備支出,金錢,雲林縣斗六市****,,
290,賴淑娞,107年縣(市)議員選舉,首次申報,1071022,集會支出,重光企業社,21478090,0.00,20000.00,租用設備支出,金錢,雲林縣斗六市****,,
291,賴淑娞,107年縣(市)議員選舉,首次申報,1071022,雜支支出,台灣中油,21801689,0.00,1055.00,汽機車燃料費用,金錢,雲林縣斗六市****,,
292,賴淑娞,107年縣(市)議員選舉,首次申報,1071022,雜支支出,台灣中油,21801689,0.00,1636.00,汽機車燃料費用,金錢,雲林縣斗六市****,,
293,賴淑娞,107年縣(市)議員選舉,首次申報,1071022,集會支出,全藝企業社,25484586,0.00,16000.00,租用設備支出,金錢,雲林縣莿桐鄉****,,
294,賴淑娞,107年縣(市)議員選舉,首次申報,1071022,集會支出,全藝企業社,25484586,0.00,15000.00,租用設備支出,金錢,雲林縣莿桐鄉****,,
295,賴淑娞,107年縣(市)議員選舉,首次申報,1071022,集會支出,全藝企業社,25484586,0.00,12000.00,租用設備支出,金錢,雲林縣莿桐鄉****,,
296,賴淑娞,107年縣(市)議員選舉,首次申報,1071022,集會支出,全藝企業社,25484586,0.00,16000.00,租用設備支出,金錢,雲林縣莿桐鄉****,,
297,賴淑娞,107年縣(市)議員選舉,首次申報,1071022,雜支支出,統一五金行,47404587,0.00,138.00,雜項購置或修繕費用,金錢,雲林縣斗六市****,,
298,賴淑娞,107年縣(市)議員選舉,首次申報,1071022,雜支支出,唐榮商店,63234907,0.00,1050.00,餐飲費用,金錢,雲林縣斗六市****,,
299,賴淑娞,107年縣(市)議員選舉,首次申報,1071022,雜支支出,中華電信股份有限公司,63501100,0.00,252.00,電信費用,金錢,雲林縣斗六市****,,
300,賴淑娞,107年縣(市)議員選舉,首次申報,1071022,雜支支出,中華電信股份有限公司,63501100,0.00,468.00,電信費用,金錢,雲林縣斗六市****,,
301,賴淑娞,107年縣(市)議員選舉,首次申報,1071023,雜支支出,好日盛有限公司,16706101,0.00,288.00,雜項購置或修繕費用,金錢,雲林縣斗六市****,,
302,賴淑娞,107年縣(市)議員選舉,首次申報,1071023,雜支支出,福懋加油站,18352646,0.00,2190.00,汽機車燃料費用,金錢,雲林縣斗六市****,,
303,賴淑娞,107年縣(市)議員選舉,首次申報,1071023,雜支支出,85度C,21824000,0.00,330.00,餐飲費用,金錢,雲林縣斗六市****,,
304,賴淑娞,107年縣(市)議員選舉,首次申報,1071023,雜支支出,圓始禪飲店,39710964,0.00,105.00,餐飲費用,金錢,雲林縣斗六市****,,
305,賴淑娞,107年縣(市)議員選舉,首次申報,1071023,雜支支出,新竟五金商行,45637940,0.00,195.00,雜項購置或修繕費用,金錢,雲林縣斗六市****,,
306,賴淑娞,107年縣(市)議員選舉,首次申報,1071023,公共關係費用支出,佳林園藝材料行,97629338,0.00,2000.00,為民服務費用,金錢,雲林縣斗六市****,,
307,賴淑娞,107年縣(市)議員選舉,首次申報,1071024,雜支支出,大為農產行,38785987,0.00,230.00,餐飲費用,金錢,雲林縣斗六市****,,
308,賴淑娞,107年縣(市)議員選舉,首次申報,1071025,雜支支出,中華電信股份有限公司,63501100,0.00,703.00,電信費用,金錢,雲林縣斗六市****,,
309,賴淑娞,107年縣(市)議員選舉,首次申報,1071025,雜支支出,台灣中油,64992913,0.00,1361.00,汽機車燃料費用,金錢,雲林縣斗六市****,,
310,賴淑娞,107年縣(市)議員選舉,首次申報,1071025,雜支支出,港記燒鴨店,78921559,0.00,320.00,餐飲費用,金錢,雲林縣斗六市****,,
311,賴淑娞,107年縣(市)議員選舉,首次申報,1071025,雜支支出,愛國街排骨飯,92829836,0.00,375.00,餐飲費用,金錢,雲林縣斗六市****,,
312,賴淑娞,107年縣(市)議員選舉,首次申報,1071026,雜支支出,福懋加油站,18352646,0.00,100.00,汽機車燃料費用,金錢,雲林縣斗六市****,,
313,賴淑娞,107年縣(市)議員選舉,首次申報,1071026,公共關係費用支出,愛情郵差鮮花坊,19356022,0.00,1200.00,為民服務費用,金錢,雲林縣斗六市****,,
314,賴淑娞,107年縣(市)議員選舉,首次申報,1071026,雜支支出,台灣中油,21801689,0.00,1150.00,汽機車燃料費用,金錢,雲林縣斗六市****,,
315,賴淑娞,107年縣(市)議員選舉,首次申報,1071026,雜支支出,東隴煤氣有限公司,46189982,0.00,830.00,水電瓦斯費用,金錢,雲林縣斗六市****,,
316,賴淑娞,107年縣(市)議員選舉,首次申報,1071026,雜支支出,唐榮商店,63234907,0.00,1850.00,餐飲費用,金錢,雲林縣斗六市****,,
317,賴淑娞,107年縣(市)議員選舉,首次申報,1071026,雜支支出,東池快餐店,92835154,0.00,560.00,餐飲費用,金錢,雲林縣斗六市****,,
318,賴淑娞,107年縣(市)議員選舉,首次申報,1071027,雜支支出,台灣中油,06293566,0.00,893.00,汽機車燃料費用,金錢,苗栗縣竹南鎮****,,
319,賴淑娞,107年縣(市)議員選舉,首次申報,1071027,雜支支出,豪億五金企業有限公司,24247117,0.00,88.00,雜項購置或修繕費用,金錢,雲林縣斗六市****,,
320,賴淑娞,107年縣(市)議員選舉,首次申報,1071027,雜支支出,大為農產行,38785987,0.00,221.00,餐飲費用,金錢,雲林縣斗六市****,,
321,賴淑娞,107年縣(市)議員選舉,首次申報,1071027,雜支支出,新竟五金商行,45637940,0.00,100.00,雜項購置或修繕費用,金錢,雲林縣斗六市****,,
322,賴淑娞,107年縣(市)議員選舉,首次申報,1071028,雜支支出,福懋加油站,18352646,0.00,2180.00,汽機車燃料費用,金錢,雲林縣斗六市****,,
323,賴淑娞,107年縣(市)議員選舉,首次申報,1071028,雜支支出,福懋加油站,38805554,0.00,1406.00,汽機車燃料費用,金錢,雲林縣林內鄉****,,
324,賴淑娞,107年縣(市)議員選舉,首次申報,1071028,雜支支出,唐榮商店,63234907,0.00,570.00,餐飲費用,金錢,雲林縣斗六市****,,
325,賴淑娞,107年縣(市)議員選舉,首次申報,1071028,雜支支出,愛國街排骨飯,92829836,0.00,350.00,餐飲費用,金錢,雲林縣斗六市****,,
326,賴淑娞,107年縣(市)議員選舉,首次申報,1071028,租用宣傳車輛支出,陳勝男,D10*******,0.00,19100.00,雇用宣傳車輛駕駛支出,金錢,雲林縣斗六市****,,
327,賴淑娞,107年縣(市)議員選舉,首次申報,1071028,租用宣傳車輛支出,朱宗明,P10*******,0.00,19100.00,雇用宣傳車輛駕駛支出,金錢,雲林縣斗六市****,,
328,賴淑娞,107年縣(市)議員選舉,首次申報,1071028,租用宣傳車輛支出,林順豐,P10*******,0.00,19100.00,雇用宣傳車輛駕駛支出,金錢,雲林縣莿桐鄉****,,
329,賴淑娞,107年縣(市)議員選舉,首次申報,1071028,租用宣傳車輛支出,黃柏晟,P12*******,0.00,13000.00,雇用宣傳車輛駕駛支出,金錢,雲林縣斗六市****,,
330,賴淑娞,107年縣(市)議員選舉,首次申報,1071029,雜支支出,東隴煤氣有限公司,46189982,0.00,1660.00,水電瓦斯費用,金錢,雲林縣斗六市****,,
331,賴淑娞,107年縣(市)議員選舉,首次申報,1071029,雜支支出,唐榮商店,63234907,0.00,1630.00,餐飲費用,金錢,雲林縣斗六市****,,
332,賴淑娞,107年縣(市)議員選舉,首次申報,1071029,雜支支出,唐榮商店,63234907,0.00,780.00,餐飲費用,金錢,雲林縣斗六市****,,
333,賴淑娞,107年縣(市)議員選舉,首次申報,1071030,雜支支出,台灣中油,21801689,0.00,1100.00,汽機車燃料費用,金錢,雲林縣斗六市****,,
334,賴淑娞,107年縣(市)議員選舉,首次申報,1071030,雜支支出,南門食品原料有限公司,54523188,0.00,425.00,雜項購置或修繕費用,金錢,雲林縣斗六市****,,
335,賴淑娞,107年縣(市)議員選舉,首次申報,1071031,雜支支出,台灣中油,21801689,0.00,1295.00,汽機車燃料費用,金錢,雲林縣斗六市****,,
336,賴淑娞,107年縣(市)議員選舉,首次申報,1071031,雜支支出,鈺齊生活館有限公司,45070803,0.00,169.00,雜項購置或修繕費用,金錢,雲林縣斗六市****,,
337,賴淑娞,107年縣(市)議員選舉,首次申報,1071031,雜支支出,南門柑仔店,45772353,0.00,6460.00,雜項購置或修繕費用,金錢,雲林縣古坑鄉****,,
338,賴淑娞,107年縣(市)議員選舉,首次申報,1071031,雜支支出,唐榮商店,63234907,0.00,930.00,餐飲費用,金錢,雲林縣斗六市****,,
339,賴淑娞,107年縣(市)議員選舉,首次申報,1071031,雜支支出,建昌五金行有限公司,64843007,0.00,488.00,雜項購置或修繕費用,金錢,雲林縣斗六市****,,
340,賴淑娞,107年縣(市)議員選舉,首次申報,1071031,人事費用支出,陳素琴,A22*******,0.00,40000.00,工資或薪津,金錢,雲林縣斗六市****,,
341,賴淑娞,107年縣(市)議員選舉,首次申報,1071031,人事費用支出,孫伯鈺,P10*******,0.00,40000.00,工資或薪津,金錢,雲林縣虎尾鎮****,,
342,賴淑娞,107年縣(市)議員選舉,首次申報,1071031,人事費用支出,高顯榮,P10*******,0.00,30000.00,工資或薪津,金錢,雲林縣莿桐鄉****,,
343,賴淑娞,107年縣(市)議員選舉,首次申報,1071031,人事費用支出,陳紹禹,P10*******,0.00,30000.00,工資或薪津,金錢,雲林縣莿桐鄉****,,
344,賴淑娞,107年縣(市)議員選舉,首次申報,1071031,人事費用支出,黃進強,P10*******,0.00,30000.00,工資或薪津,金錢,雲林縣莿桐鄉****,,
345,賴淑娞,107年縣(市)議員選舉,首次申報,1071031,人事費用支出,李昇峰,P12*******,0.00,30000.00,工資或薪津,金錢,雲林縣斗南鎮****,,
346,賴淑娞,107年縣(市)議員選舉,首次申報,1071031,人事費用支出,魏意宸,P12*******,0.00,40000.00,工資或薪津,金錢,雲林縣斗六市****,,
347,賴淑娞,107年縣(市)議員選舉,首次申報,1071031,人事費用支出,吳俊德,P12*******,0.00,10000.00,工資或薪津,金錢,雲林縣斗六市****,,
348,賴淑娞,107年縣(市)議員選舉,首次申報,1071031,人事費用支出,吳宗融,P12*******,0.00,10000.00,工資或薪津,金錢,雲林縣斗六市****,,
349,賴淑娞,107年縣(市)議員選舉,首次申報,1071031,人事費用支出,楊瑞安,P12*******,0.00,30000.00,工資或薪津,金錢,雲林縣林內鄉****,,
350,賴淑娞,107年縣(市)議員選舉,首次申報,1071031,人事費用支出,林李秀忍,P20*******,0.00,30000.00,工資或薪津,金錢,雲林縣斗南鎮****,,
351,賴淑娞,107年縣(市)議員選舉,首次申報,1071031,人事費用支出,林碧慧,P22*******,0.00,30000.00,工資或薪津,金錢,雲林縣斗六市****,,
352,賴淑娞,107年縣(市)議員選舉,首次申報,1071031,人事費用支出,張翠玲,P22*******,0.00,30000.00,工資或薪津,金錢,雲林縣莿桐鄉****,,
353,賴淑娞,107年縣(市)議員選舉,首次申報,1071101,雜支支出,維新洗車場,38902444,0.00,500.00,雜項購置或修繕費用,金錢,雲林縣斗六市****,,
354,賴淑娞,107年縣(市)議員選舉,首次申報,1071102,宣傳支出,中華郵政股份有限公司,,0.00,399.00,郵寄競選物品或宣傳廣告支出,金錢,雲林縣斗六市****,,
355,賴淑娞,107年縣(市)議員選舉,首次申報,1071102,雜支支出,福懋加油站,18352646,0.00,100.00,汽機車燃料費用,金錢,雲林縣斗六市****,,
356,賴淑娞,107年縣(市)議員選舉,首次申報,1071102,雜支支出,大為農產行,38785987,0.00,285.00,餐飲費用,金錢,雲林縣斗六市****,,
357,賴淑娞,107年縣(市)議員選舉,首次申報,1071102,雜支支出,金億商店,97600579,0.00,960.00,餐飲費用,金錢,雲林縣斗六市****,,
358,賴淑娞,107年縣(市)議員選舉,首次申報,1071102,人事費用支出,宋世昌,P12*******,0.00,60000.00,工資或薪津,金錢,雲林縣林內鄉****,,
359,賴淑娞,107年縣(市)議員選舉,首次申報,1071103,人事費用支出,廖家德,P10*******,0.00,30000.00,工資或薪津,金錢,雲林縣虎尾鎮****,,
360,賴淑娞,107年縣(市)議員選舉,首次申報,1071103,人事費用支出,宋世昌,P12*******,0.00,33000.00,工資或薪津,金錢,雲林縣林內鄉****,,
361,賴淑娞,107年縣(市)議員選舉,首次申報,1071104,雜支支出,台灣中油,63039600,0.00,1267.00,請勿輸入涉及個資之資料，例如身分證字號、電話、地址,金錢,雲林縣斗南鎮****,,
362,賴淑娞,107年縣(市)議員選舉,首次申報,1071104,雜支支出,台灣中油,64992913,0.00,1060.00,汽機車燃料費用,金錢,雲林縣斗六市****,,
363,賴淑娞,107年縣(市)議員選舉,首次申報,1071104,雜支支出,菲比冷飲店,76739746,0.00,640.00,餐飲費用,金錢,雲林縣斗六市****,,
364,賴淑娞,107年縣(市)議員選舉,首次申報,1071104,人事費用支出,宋世昌,P12*******,0.00,33000.00,工資或薪津,金錢,雲林縣林內鄉****,,
365,賴淑娞,107年縣(市)議員選舉,首次申報,1071105,雜支支出,台灣中油,21801689,0.00,1312.00,汽機車燃料費用,金錢,雲林縣斗六市****,,
366,賴淑娞,107年縣(市)議員選舉,首次申報,1071105,雜支支出,台灣中油,21801689,0.00,1363.00,汽機車燃料費用,金錢,雲林縣斗六市****,,
367,賴淑娞,107年縣(市)議員選舉,首次申報,1071106,雜支支出,錡洋水產行,38780456,0.00,1440.00,餐飲費用,金錢,雲林縣斗六市****,,
368,賴淑娞,107年縣(市)議員選舉,首次申報,1071106,雜支支出,唐榮商店,63234907,0.00,175.00,餐飲費用,金錢,雲林縣斗六市****,,
369,賴淑娞,107年縣(市)議員選舉,首次申報,1071106,雜支支出,唐榮商店,63234907,0.00,260.00,餐飲費用,金錢,雲林縣斗六市****,,
370,賴淑娞,107年縣(市)議員選舉,首次申報,1071106,雜支支出,唐榮商店,63234907,0.00,430.00,餐飲費用,金錢,雲林縣斗六市****,,
371,賴淑娞,107年縣(市)議員選舉,首次申報,1071107,租用宣傳車輛支出,陳勝男,D10*******,0.00,22000.00,雇用宣傳車輛駕駛支出,金錢,雲林縣斗六市****,,
372,賴淑娞,107年縣(市)議員選舉,首次申報,1071107,租用宣傳車輛支出,朱宗明,P10*******,0.00,22000.00,雇用宣傳車輛駕駛支出,金錢,雲林縣斗六市****,,
373,賴淑娞,107年縣(市)議員選舉,首次申報,1071107,租用宣傳車輛支出,林順豐,P10*******,0.00,22000.00,雇用宣傳車輛駕駛支出,金錢,雲林縣莿桐鄉****,,
374,賴淑娞,107年縣(市)議員選舉,首次申報,1071107,租用宣傳車輛支出,黃柏晟,P12*******,0.00,13000.00,雇用宣傳車輛駕駛支出,金錢,雲林縣斗六市****,,
375,賴淑娞,107年縣(市)議員選舉,首次申報,1071108,雜支支出,福懋加油站,18352646,0.00,100.00,汽機車燃料費用,金錢,雲林縣斗六市****,,
376,賴淑娞,107年縣(市)議員選舉,首次申報,1071108,雜支支出,福懋加油站,18352646,0.00,80.00,汽機車燃料費用,金錢,雲林縣斗六市****,,
377,賴淑娞,107年縣(市)議員選舉,首次申報,1071108,雜支支出,台灣中油,21801689,0.00,2005.00,汽機車燃料費用,金錢,雲林縣斗六市****,,
378,賴淑娞,107年縣(市)議員選舉,首次申報,1071108,雜支支出,台灣中油,21801689,0.00,1000.00,汽機車燃料費用,金錢,雲林縣斗六市****,,
379,賴淑娞,107年縣(市)議員選舉,首次申報,1071108,雜支支出,台灣中油,27463995,0.00,1429.00,汽機車燃料費用,金錢,雲林縣斗六市****,,
380,賴淑娞,107年縣(市)議員選舉,首次申報,1071108,雜支支出,宜家金香大賣場,39704891,0.00,1350.00,雜項購置或修繕費用,金錢,雲林縣斗六市****,,
381,賴淑娞,107年縣(市)議員選舉,首次申報,1071108,雜支支出,唐榮商店,63234907,0.00,1060.00,餐飲費用,金錢,雲林縣斗六市****,,
382,賴淑娞,107年縣(市)議員選舉,首次申報,1071109,雜支支出,玩家單車專賣店,67741117,0.00,400.00,雜項購置或修繕費用,金錢,雲林縣斗六市****,,
383,賴淑娞,107年縣(市)議員選舉,首次申報,1071111,雜支支出,台灣中油,21801689,0.00,1157.00,汽機車燃料費用,金錢,雲林縣斗六市****,,
384,賴淑娞,107年縣(市)議員選舉,首次申報,1071111,雜支支出,統一五金行,47404587,0.00,35.00,雜項購置或修繕費用,金錢,雲林縣斗六市****,,
385,賴淑娞,107年縣(市)議員選舉,首次申報,1071112,雜支支出,台灣中油,21801689,0.00,1000.00,汽機車燃料費用,金錢,雲林縣斗六市****,,
386,賴淑娞,107年縣(市)議員選舉,首次申報,1071112,雜支支出,嘻遊記單車專賣店,45607951,0.00,2550.00,雜項購置或修繕費用,金錢,雲林縣斗六市****,,
387,賴淑娞,107年縣(市)議員選舉,首次申報,1071112,雜支支出,貓耳多菓子工坊,45763066,0.00,640.00,餐飲費用,金錢,雲林縣斗六市****,,
388,賴淑娞,107年縣(市)議員選舉,首次申報,1071112,雜支支出,東隴煤氣有限公司,46189982,0.00,1560.00,水電瓦斯費用,金錢,雲林縣斗六市****,,
389,賴淑娞,107年縣(市)議員選舉,首次申報,1071112,雜支支出,東池快餐店,92835154,0.00,655.00,餐飲費用,金錢,雲林縣斗六市****,,
390,賴淑娞,107年縣(市)議員選舉,首次申報,1071113,宣傳支出,中華郵政股份有限公司,,0.00,296.00,郵寄競選物品或宣傳廣告支出,金錢,雲林縣斗六市****,,
391,賴淑娞,107年縣(市)議員選舉,首次申報,1071113,雜支支出,大為農產行,38785987,0.00,325.00,餐飲費用,金錢,雲林縣斗六市****,,
392,賴淑娞,107年縣(市)議員選舉,首次申報,1071113,人事費用支出,廖家德,P10*******,0.00,30000.00,工資或薪津,金錢,雲林縣虎尾鎮****,,
393,賴淑娞,107年縣(市)議員選舉,首次申報,1071114,雜支支出,台灣中油,21801689,0.00,1185.00,汽機車燃料費用,金錢,雲林縣斗六市****,,
394,賴淑娞,107年縣(市)議員選舉,首次申報,1071114,雜支支出,南門食品原料有限公司,54523188,0.00,135.00,雜項購置或修繕費用,金錢,雲林縣斗六市****,,
395,賴淑娞,107年縣(市)議員選舉,首次申報,1071115,宣傳支出,中華郵政股份有限公司,,0.00,262.00,郵寄競選物品或宣傳廣告支出,金錢,雲林縣斗六市****,,
396,賴淑娞,107年縣(市)議員選舉,首次申報,1071115,雜支支出,大為農產行,38785987,0.00,460.00,餐飲費用,金錢,雲林縣斗六市****,,
397,賴淑娞,107年縣(市)議員選舉,首次申報,1071115,雜支支出,文化號,64830093,0.00,300.00,文具用品費用,金錢,雲林縣斗六市****,,
398,賴淑娞,107年縣(市)議員選舉,首次申報,1071115,雜支支出,南都汽車股份有限公司斗六營業所,77823806,0.00,1800.00,雜項購置或修繕費用,金錢,雲林縣斗六市****,,
399,賴淑娞,107年縣(市)議員選舉,首次申報,1071116,雜支支出,吳記蔬果行,,0.00,2425.00,餐飲費用,金錢,,,
400,賴淑娞,107年縣(市)議員選舉,首次申報,1071116,雜支支出,唐榮商店,63234907,0.00,1980.00,餐飲費用,金錢,雲林縣斗六市****,,
401,賴淑娞,107年縣(市)議員選舉,首次申報,1071116,宣傳支出,曾記企業社,99666013,0.00,3600.00,製作宣傳廣告支出,金錢,雲林縣斗六市****,,
402,賴淑娞,107年縣(市)議員選舉,首次申報,1071117,雜支支出,台灣中油,21801689,0.00,1000.00,汽機車燃料費用,金錢,雲林縣斗六市****,,
403,賴淑娞,107年縣(市)議員選舉,首次申報,1071117,雜支支出,錡洋水產行,38780456,0.00,690.00,餐飲費用,金錢,雲林縣斗六市****,,
404,賴淑娞,107年縣(市)議員選舉,首次申報,1071117,雜支支出,大眾文具行,99371405,0.00,124.00,文具用品費用,金錢,雲林縣斗六市****,,
405,賴淑娞,107年縣(市)議員選舉,首次申報,1071117,租用宣傳車輛支出,陳勝男,D10*******,0.00,24000.00,雇用宣傳車輛駕駛支出,金錢,雲林縣斗六市****,,
406,賴淑娞,107年縣(市)議員選舉,首次申報,1071117,租用宣傳車輛支出,林順豐,P10*******,0.00,22500.00,雇用宣傳車輛駕駛支出,金錢,雲林縣莿桐鄉****,,
407,賴淑娞,107年縣(市)議員選舉,首次申報,1071117,租用宣傳車輛支出,朱宗明,P10*******,0.00,23000.00,雇用宣傳車輛駕駛支出,金錢,雲林縣斗六市****,,
408,賴淑娞,107年縣(市)議員選舉,首次申報,1071117,租用宣傳車輛支出,黃柏晟,P12*******,0.00,16500.00,雇用宣傳車輛駕駛支出,金錢,雲林縣斗六市****,,
409,賴淑娞,107年縣(市)議員選舉,首次申報,1071118,雜支支出,福懋加油站,18352646,0.00,975.00,汽機車燃料費用,金錢,雲林縣斗六市****,,
410,賴淑娞,107年縣(市)議員選舉,首次申報,1071118,宣傳支出,薪傳行,38790840,0.00,3250.00,製作競選物品支出（物品名稱-GZ海報）,金錢,雲林縣斗六市****,,
411,賴淑娞,107年縣(市)議員選舉,首次申報,1071118,宣傳支出,薪傳行,38790840,0.00,5700.00,製作競選物品支出（物品名稱-邀請卡、絨布背帶）,金錢,雲林縣斗六市****,,
412,賴淑娞,107年縣(市)議員選舉,首次申報,1071118,宣傳支出,薪傳行,38790840,0.00,5800.00,製作競選物品支出（物品名稱-DM）,金錢,雲林縣斗六市****,,
413,賴淑娞,107年縣(市)議員選舉,首次申報,1071118,宣傳支出,薪傳行,38790840,0.00,3490.00,製作競選物品支出（物品名稱-貼紙、背帶號碼轉印）,金錢,雲林縣斗六市****,,
414,賴淑娞,107年縣(市)議員選舉,首次申報,1071118,宣傳支出,薪傳行,38790840,0.00,27600.00,製作競選物品支出（物品名稱-面紙）,金錢,雲林縣斗六市****,,
415,賴淑娞,107年縣(市)議員選舉,首次申報,1071118,宣傳支出,薪傳行,38790840,0.00,2600.00,製作競選物品支出（物品名稱-背心）,金錢,雲林縣斗六市****,,
416,賴淑娞,107年縣(市)議員選舉,首次申報,1071118,宣傳支出,薪傳行,38790840,0.00,54000.00,製作競選物品支出（物品名稱-文宣便條紙）,金錢,雲林縣斗六市****,,
417,賴淑娞,107年縣(市)議員選舉,首次申報,1071118,宣傳支出,薪傳行,38790840,0.00,69534.00,製作競選物品支出（物品名稱-交織帽、交織帽彩印、活動背心）,金錢,雲林縣斗六市****,,
418,賴淑娞,107年縣(市)議員選舉,首次申報,1071118,宣傳支出,薪傳行,38790840,0.00,51300.00,製作競選物品支出（物品名稱-面紙、版費、邀請卡）,金錢,雲林縣斗六市****,,
419,賴淑娞,107年縣(市)議員選舉,首次申報,1071118,宣傳支出,薪傳行,38790840,0.00,1560.00,製作競選物品支出（物品名稱-背心）,金錢,雲林縣斗六市****,,
420,賴淑娞,107年縣(市)議員選舉,首次申報,1071118,雜支支出,松群榮豐塑膠餐具行,38795373,0.00,170.00,雜項購置或修繕費用,金錢,雲林縣斗六市****,,
421,賴淑娞,107年縣(市)議員選舉,首次申報,1071119,雜支支出,台灣中油,06163727,0.00,1000.00,汽機車燃料費用,金錢,雲林縣斗六市****,,
422,賴淑娞,107年縣(市)議員選舉,首次申報,1071119,雜支支出,福懋加油站,18352646,0.00,100.00,汽機車燃料費用,金錢,雲林縣斗六市****,,
423,賴淑娞,107年縣(市)議員選舉,首次申報,1071119,雜支支出,台灣中油,21801689,0.00,1544.00,汽機車燃料費用,金錢,雲林縣斗六市****,,
424,賴淑娞,107年縣(市)議員選舉,首次申報,1071119,雜支支出,大為農產行,38785987,0.00,295.00,餐飲費用,金錢,雲林縣斗六市****,,
425,賴淑娞,107年縣(市)議員選舉,首次申報,1071119,雜支支出,南門柑仔店,45772353,0.00,665.00,餐飲費用,金錢,雲林縣古坑鄉****,,
426,賴淑娞,107年縣(市)議員選舉,首次申報,1071119,雜支支出,台灣電力公司,51868406,0.00,93.00,水電瓦斯費用,金錢,臺中市中區自****,,
427,賴淑娞,107年縣(市)議員選舉,首次申報,1071120,雜支支出,順發3C量販,00995564,0.00,845.00,雜項購置或修繕費用,金錢,雲林縣斗六市****,,
428,賴淑娞,107年縣(市)議員選舉,首次申報,1071120,公共關係費用支出,晉雅堂,05923340,0.00,8000.00,為民服務費用,金錢,彰化縣鹿港鎮****,,
429,賴淑娞,107年縣(市)議員選舉,首次申報,1071120,雜支支出,大員文化事業有限公司,12926879,0.00,600.00,雜項購置或修繕費用,金錢,雲林縣斗六市****,,
430,賴淑娞,107年縣(市)議員選舉,首次申報,1071120,雜支支出,福懋加油站,14158537,0.00,90.00,汽機車燃料費用,金錢,雲林縣斗六市****,,
431,賴淑娞,107年縣(市)議員選舉,首次申報,1071120,雜支支出,福懋加油站,17461189,0.00,80.00,汽機車燃料費用,金錢,雲林縣斗六市****,,
432,賴淑娞,107年縣(市)議員選舉,首次申報,1071120,雜支支出,錡洋水產行,38780456,0.00,740.00,餐飲費用,金錢,雲林縣斗六市****,,
433,賴淑娞,107年縣(市)議員選舉,首次申報,1071120,雜支支出,王牌廚具行,45217399,0.00,1800.00,雜項購置或修繕費用,金錢,雲林縣斗六市****,,
434,賴淑娞,107年縣(市)議員選舉,首次申報,1071120,宣傳支出,多比企業社,45607798,0.00,35800.00,製作競選物品支出（物品名稱-帆布、號碼貼紙、手舉牌、PP版數字、廣告車、大看板號碼、計票表）,金錢,雲林縣虎尾鎮****,,
435,賴淑娞,107年縣(市)議員選舉,首次申報,1071120,雜支支出,中華電信股份有限公司,63501100,0.00,507.00,電信費用,金錢,雲林縣斗六市****,,
436,賴淑娞,107年縣(市)議員選舉,首次申報,1071120,雜支支出,中華電信股份有限公司,63501100,0.00,698.00,電信費用,金錢,雲林縣斗六市****,,
437,賴淑娞,107年縣(市)議員選舉,首次申報,1071120,雜支支出,中華電信股份有限公司,63501100,0.00,249.00,電信費用,金錢,雲林縣斗六市****,,
438,賴淑娞,107年縣(市)議員選舉,首次申報,1071121,雜支支出,台灣中油,06163727,0.00,1000.00,汽機車燃料費用,金錢,雲林縣斗六市****,,
439,賴淑娞,107年縣(市)議員選舉,首次申報,1071121,雜支支出,7-ELEVEN,28421397,0.00,109.00,雜項購置或修繕費用,金錢,雲林縣林內鄉****,,
440,賴淑娞,107年縣(市)議員選舉,首次申報,1071121,租用宣傳車輛支出,新勝汽車修護廠,72412467,0.00,5000.00,租用宣傳車輛支出,金錢,雲林縣斗六市****,,
441,賴淑娞,107年縣(市)議員選舉,首次申報,1071121,租用宣傳車輛支出,陳柏瑋,P12*******,0.00,5000.00,租用宣傳車輛支出,金錢,雲林縣土庫鎮****,,
442,賴淑娞,107年縣(市)議員選舉,首次申報,1071122,雜支支出,台灣中油,21801689,0.00,1364.00,汽機車燃料費用,金錢,雲林縣斗六市****,,
443,賴淑娞,107年縣(市)議員選舉,首次申報,1071122,雜支支出,禾園養生蔬食,25483334,0.00,2280.00,餐飲費用,金錢,雲林縣斗六市****,,
444,賴淑娞,107年縣(市)議員選舉,首次申報,1071122,雜支支出,大為農產行,38785987,0.00,165.00,餐飲費用,金錢,雲林縣斗六市****,,
445,賴淑娞,107年縣(市)議員選舉,首次申報,1071122,雜支支出,尚佳企業社,45589383,0.00,5000.00,雜項購置或修繕費用,金錢,雲林縣虎尾鎮****,,
446,賴淑娞,107年縣(市)議員選舉,首次申報,1071122,雜支支出,新竟五金商行,45637940,0.00,90.00,雜項購置或修繕費用,金錢,雲林縣斗六市****,,
447,賴淑娞,107年縣(市)議員選舉,首次申報,1071122,雜支支出,上海當歸鴨,47392793,0.00,10020.00,餐飲費用,金錢,雲林縣斗六市****,,
448,賴淑娞,107年縣(市)議員選舉,首次申報,1071122,租用宣傳車輛支出,陳柏瑋,P12*******,0.00,5000.00,租用宣傳車輛支出,金錢,雲林縣土庫鎮****,,
449,賴淑娞,107年縣(市)議員選舉,首次申報,1071123,雜支支出,台灣中油,21801689,0.00,500.00,汽機車燃料費用,金錢,雲林縣斗六市****,,
450,賴淑娞,107年縣(市)議員選舉,首次申報,1071123,租用宣傳車輛支出,陳勝男,D10*******,0.00,13200.00,雇用宣傳車輛駕駛支出,金錢,雲林縣斗六市****,,
451,賴淑娞,107年縣(市)議員選舉,首次申報,1071123,租用宣傳車輛支出,朱宗明,P10*******,0.00,13200.00,雇用宣傳車輛駕駛支出,金錢,雲林縣斗六市****,,
452,賴淑娞,107年縣(市)議員選舉,首次申報,1071123,租用宣傳車輛支出,林順豐,P10*******,0.00,13200.00,雇用宣傳車輛駕駛支出,金錢,雲林縣莿桐鄉****,,
453,賴淑娞,107年縣(市)議員選舉,首次申報,1071123,人事費用支出,廖家德,P10*******,0.00,30000.00,工資或薪津,金錢,雲林縣虎尾鎮****,,
454,賴淑娞,107年縣(市)議員選舉,首次申報,1071123,人事費用支出,吳政明,P10*******,0.00,50000.00,工資或薪津,金錢,雲林縣斗六市****,,
455,賴淑娞,107年縣(市)議員選舉,首次申報,1071123,租用宣傳車輛支出,陳柏瑋,P12*******,0.00,5000.00,租用宣傳車輛支出,金錢,雲林縣土庫鎮****,,
456,賴淑娞,107年縣(市)議員選舉,首次申報,1071123,人事費用支出,陳英綢,P20*******,0.00,50000.00,工資或薪津,金錢,雲林縣斗六市****,,
457,賴淑娞,107年縣(市)議員選舉,首次申報,1071123,人事費用支出,吳妍蝶,P22*******,0.00,50000.00,工資或薪津,金錢,雲林縣斗六市****,,
458,賴淑娞,107年縣(市)議員選舉,首次申報,1071125,雜支支出,福懋加油站,17461189,0.00,2101.00,汽機車燃料費用,金錢,雲林縣斗六市****,,
459,賴淑娞,107年縣(市)議員選舉,首次申報,1071125,雜支支出,錡洋水產行,38780456,0.00,570.00,餐飲費用,金錢,雲林縣斗六市****,,
460,賴淑娞,107年縣(市)議員選舉,首次申報,1071125,雜支支出,大為農產行,38785987,0.00,350.00,餐飲費用,金錢,雲林縣斗六市****,,
461,賴淑娞,107年縣(市)議員選舉,首次申報,1071125,雜支支出,統一雜貨店,64833269,0.00,270.00,餐飲費用,金錢,雲林縣斗六市****,,
462,賴淑娞,107年縣(市)議員選舉,首次申報,1071125,雜支支出,建中書局,76743381,0.00,57.00,文具用品費用,金錢,雲林縣斗六市****,,
463,賴淑娞,107年縣(市)議員選舉,首次申報,1071126,雜支支出,台灣中油,21801689,0.00,200.00,汽機車燃料費用,金錢,雲林縣斗六市****,,
464,賴淑娞,107年縣(市)議員選舉,首次申報,1071126,租用宣傳車輛支出,黃柏晟,P12*******,0.00,10400.00,雇用宣傳車輛駕駛支出,金錢,雲林縣斗六市****,,
465,賴淑娞,107年縣(市)議員選舉,首次申報,1071130,集會支出,鈴蘭美食,15597105,0.00,16000.00,餐飲支出,金錢,雲林縣斗六市****,,
466,賴淑娞,107年縣(市)議員選舉,首次申報,1071130,集會支出,嘉義火雞肉飯,19358909,0.00,14000.00,餐飲支出,金錢,雲林縣斗六市****,,
467,賴淑娞,107年縣(市)議員選舉,首次申報,1071130,宣傳支出,多比企業社,45607798,0.00,100000.00,製作宣傳廣告支出,金錢,雲林縣虎尾鎮****,,
468,賴淑娞,107年縣(市)議員選舉,首次申報,1071130,集會支出,東池快餐店,92835154,0.00,8000.00,餐飲支出,金錢,雲林縣斗六市****,,
469,賴淑娞,107年縣(市)議員選舉,首次申報,1071130,人事費用支出,陳素琴,A22*******,0.00,45000.00,工資或薪津,金錢,雲林縣斗六市****,,
470,賴淑娞,107年縣(市)議員選舉,首次申報,1071130,人事費用支出,陳紹禹,P10*******,0.00,40000.00,工資或薪津,金錢,雲林縣莿桐鄉****,,
471,賴淑娞,107年縣(市)議員選舉,首次申報,1071130,人事費用支出,黃進強,P10*******,0.00,30000.00,工資或薪津,金錢,雲林縣莿桐鄉****,,
472,賴淑娞,107年縣(市)議員選舉,首次申報,1071130,人事費用支出,李昇峰,P12*******,0.00,30000.00,工資或薪津,金錢,雲林縣斗南鎮****,,
473,賴淑娞,107年縣(市)議員選舉,首次申報,1071130,人事費用支出,楊瑞安,P12*******,0.00,30000.00,工資或薪津,金錢,雲林縣林內鄉****,,
474,賴淑娞,107年縣(市)議員選舉,首次申報,1071130,人事費用支出,魏意宸,P12*******,0.00,40000.00,工資或薪津,金錢,雲林縣斗六市****,,
475,賴淑娞,107年縣(市)議員選舉,首次申報,1071130,人事費用支出,吳俊德,P12*******,0.00,10000.00,工資或薪津,金錢,雲林縣斗六市****,,
476,賴淑娞,107年縣(市)議員選舉,首次申報,1071130,人事費用支出,吳宗融,P12*******,0.00,10000.00,工資或薪津,金錢,雲林縣斗六市****,,
477,賴淑娞,107年縣(市)議員選舉,首次申報,1071130,人事費用支出,林李秀忍,P20*******,0.00,30000.00,工資或薪津,金錢,雲林縣斗南鎮****,,
478,賴淑娞,107年縣(市)議員選舉,首次申報,1071130,人事費用支出,張翠玲,P22*******,0.00,30000.00,工資或薪津,金錢,雲林縣斗六市****,,
479,賴淑娞,107年縣(市)議員選舉,首次申報,1071130,人事費用支出,林碧慧,P22*******,0.00,30000.00,工資或薪津,金錢,雲林縣斗六市****,,
480,賴淑娞,107年縣(市)議員選舉,首次申報,1080222,返還支出,新華企業(股)公司,13008547,0.00,100000.00,返還,金錢,雲林縣大埤鄉****,,
481,賴淑娞,107年縣(市)議員選舉,首次申報,1080222,返還支出,建誼電腦有限公司,23394370,0.00,35000.00,返還,金錢,雲林縣斗六市****,,
