﻿序號,擬參選人／政黨,選舉名稱,申報序號／年度,交易日期,收支科目,捐贈者／支出對象,身分證／統一編號,收入金額,支出金額,支出用途,金錢類,地址,聯絡電話,資料更正日期
1,張正治,107年縣(市)議員選舉,首次申報,1071106,營利事業捐贈收入,尚好建設有限公司,54248900,100000.00,0.00,,金錢,花蓮市中美路****,,
2,張正治,107年縣(市)議員選舉,首次申報,1071106,個人捐贈收入,黃權,D10*******,5000.00,0.00,,金錢,花蓮市中華路****,,
3,張正治,107年縣(市)議員選舉,首次申報,1071106,個人捐贈收入,林舜卿,G22*******,100000.00,0.00,,金錢,花蓮市美工路****,,
4,張正治,107年縣(市)議員選舉,首次申報,1071106,個人捐贈收入,陳筱靖,U22*******,10000.00,0.00,,金錢,花蓮市中央路****,,
5,張正治,107年縣(市)議員選舉,首次申報,1071107,個人捐贈收入,洪惠玓,T22*******,6600.00,0.00,,金錢,吉安鄉北昌一****,,
6,張正治,107年縣(市)議員選舉,首次申報,1071108,個人捐贈收入,蕭林素真,F20*******,100000.00,0.00,,金錢,花蓮市林森路****,,
7,張正治,107年縣(市)議員選舉,首次申報,1071108,個人捐贈收入,吳慧珍,U22*******,20000.00,0.00,,金錢,花蓮市仁愛街****,,
8,張正治,107年縣(市)議員選舉,首次申報,1071110,個人捐贈收入,謝和芸,U22*******,20000.00,0.00,,金錢,吉安鄉太昌村****,,
9,張正治,107年縣(市)議員選舉,首次申報,1071114,個人捐贈收入,李國明,U12*******,3000.00,0.00,,金錢,花蓮市中美三****,,
