﻿序號,擬參選人／政黨,選舉名稱,申報序號／年度,交易日期,收支科目,捐贈者／支出對象,身分證／統一編號,收入金額,支出金額,捐贈方式,存入專戶日期,返還/繳庫,支出用途,金錢類,地址,聯絡電話,應揭露之支出對象,支出對象之內部人員姓名,支出對象之內部人員職稱,政黨之內部人員姓名,政黨之內部人員職稱,關係,更正註記,資料更正日期
1,孔賢傑,111年高雄市那瑪夏區區長選舉,首次申報,1110921,宣傳支出,金斧頭服裝行,21340238,0.00,50850.00,,,,團隊，志工背心，候選人外套,金錢,高雄市三民區****,0723*****,否,,,,,,,
2,孔賢傑,111年高雄市那瑪夏區區長選舉,首次申報,1110930,宣傳支出,南主角文化事業有限公司,13172899,0.00,45360.00,,,,設計文宣(帽子，看板，邀卡及帆布設計),金錢,高雄市鼓山區****,0727*****,否,,,,,,,
3,孔賢傑,111年高雄市那瑪夏區區長選舉,首次申報,1111018,宣傳支出,南主角文化事業有限公司,13172899,0.00,103950.00,,,,關東旗，帆布，小旗子，手拿板,金錢,高雄市鼓山區****,,否,,,,,,,
4,孔賢傑,111年高雄市那瑪夏區區長選舉,首次申報,1111028,宣傳支出,金斧頭服裝行,21340238,0.00,9500.00,,,,帽子,金錢,高雄市三民區****,0723*****,否,,,,,,,
5,孔賢傑,111年高雄市那瑪夏區區長選舉,首次申報,1111127,宣傳支出,風向音響工作室,70987769,0.00,89500.00,,,,TRUSS，桌租用，音響，燈光,金錢,高雄市岡山區****,0762*****,否,,,,,,,
6,孔賢傑,111年高雄市那瑪夏區區長選舉,首次申報,1120217,返還捐贈支出,達陣實業有限公司,50943461,0.00,30000.00,,,,返還,金錢,臺北市文山區****,,否,,,,,,,
