﻿序號,擬參選人／政黨,選舉名稱,申報序號／年度,交易日期,收支科目,捐贈者／支出對象,身分證／統一編號,收入金額,支出金額,捐贈方式,存入專戶日期,返還/繳庫,支出用途,金錢類,地址,聯絡電話,應揭露之支出對象,支出對象之內部人員姓名,支出對象之內部人員職稱,政黨之內部人員姓名,政黨之內部人員職稱,關係,更正註記,資料更正日期
1,李宗豪,111年桃園市議員選舉,首次申報,1110628,匿名捐贈,匿名1,,100.00,0.00,匯款,,,,金錢,,,,,,,,,,
2,李宗豪,111年桃園市議員選舉,首次申報,1110628,個人捐贈收入,張溒垽,H12*******,100000.00,0.00,匯款,,,,金錢,桃園市龜山區****,,,,,,,,,
3,李宗豪,111年桃園市議員選舉,首次申報,1110629,個人捐贈收入,林明彬,H12*******,30000.00,0.00,匯款,,,,金錢,桃園市龜山區****,,,,,,,,,
4,李宗豪,111年桃園市議員選舉,首次申報,1110629,個人捐贈收入,陳富美,T22*******,3000.00,0.00,匯款,,,,金錢,桃園市龜山區****,,,,,,,,,
5,李宗豪,111年桃園市議員選舉,首次申報,1110714,個人捐贈收入,謝淑貞,H22*******,10000.00,0.00,匯款,,,,金錢,桃園市龜山區****,,,,,,,,,
6,李宗豪,111年桃園市議員選舉,首次申報,1110727,個人捐贈收入,董義明,F12*******,100000.00,0.00,匯款,,,,金錢,桃園市桃園區****,,,,,,,,,
7,李宗豪,111年桃園市議員選舉,首次申報,1110727,個人捐贈收入,李若蘋,P22*******,100000.00,0.00,匯款,,,,金錢,桃園市桃園區****,,,,,,,,,
8,李宗豪,111年桃園市議員選舉,首次申報,1110805,營利事業捐贈收入,百大有限公司,11236812,100000.00,0.00,匯款,,,,金錢,臺北市中山區****,,,,,,,,,
9,李宗豪,111年桃園市議員選舉,首次申報,1110809,個人捐贈收入,王聖如,U22*******,32000.00,0.00,現金,1110809,,,金錢,桃園市龜山區****,0933*****,,,,,,,,
10,李宗豪,111年桃園市議員選舉,首次申報,1110815,個人捐贈收入,葉剛傑,Y12*******,30000.00,0.00,匯款,,,,金錢,臺北市大同區****,,,,,,,,,
11,李宗豪,111年桃園市議員選舉,首次申報,1110825,營利事業捐贈收入,寶齡富錦生技股份有限公司,04742997,200000.00,0.00,匯款,,已返還,,金錢,臺北市南港區****,,,,,,,,,
12,李宗豪,111年桃園市議員選舉,首次申報,1110831,營利事業捐贈收入,禾發企業股份有限公司,83303590,500000.00,0.00,票據,,,,金錢,桃園市龜山區****,,,,,,,,,
13,李宗豪,111年桃園市議員選舉,首次申報,1110914,個人捐贈收入,李卿照,H10*******,100000.00,0.00,匯款,,,,金錢,桃園市龜山區****,,,,,,,,,
14,李宗豪,111年桃園市議員選舉,首次申報,1110914,個人捐贈收入,李佳怡,H22*******,100000.00,0.00,匯款,,,,金錢,新北市板橋區****,,,,,,,,,
15,李宗豪,111年桃園市議員選舉,首次申報,1110914,個人捐贈收入,宋秉衡,Y12*******,100000.00,0.00,匯款,,,,金錢,新北市中和區****,,,,,,,,,
16,李宗豪,111年桃園市議員選舉,首次申報,1110917,個人捐贈收入,莊玉明,H12*******,100000.00,0.00,匯款,,,,金錢,桃園市蘆竹區****,,,,,,,,,
17,李宗豪,111年桃園市議員選舉,首次申報,1110919,營利事業捐贈收入,合華企業社,26634269,32000.00,0.00,匯款,,,,金錢,桃園市龜山區****,,,,,,,,,
18,李宗豪,111年桃園市議員選舉,首次申報,1110919,營利事業捐贈收入,宏昌磚廠股份有限公司,35564807,100000.00,0.00,匯款,,,,金錢,新北市林口區****,,,,,,,,,
19,李宗豪,111年桃園市議員選舉,首次申報,1110921,個人捐贈收入,陳建利,D10*******,50000.00,0.00,匯款,,,,金錢,臺北市士林區****,,,,,,,,,
20,李宗豪,111年桃園市議員選舉,首次申報,1110922,人民團體捐贈收入,桃園市市政研究學會,,250000.00,0.00,票據,,,,金錢,桃園市桃園區****,3322*****,,,,,,,,
21,李宗豪,111年桃園市議員選舉,首次申報,1110922,個人捐贈收入,邵秀葉,F20*******,20000.00,0.00,票據,,,,金錢,新北市新莊區****,,,,,,,,,
22,李宗豪,111年桃園市議員選舉,首次申報,1110927,營利事業捐贈收入,鑫光金屬工業股份有限公司,35856255,300000.00,0.00,票據,,,,金錢,桃園市龜山區****,,,,,,,,,
23,李宗豪,111年桃園市議員選舉,首次申報,1110929,營利事業捐贈收入,翔鐳企業有限公司,12471048,30000.00,0.00,匯款,,,,金錢,臺北市大同區****,,,,,,,,,
24,李宗豪,111年桃園市議員選舉,首次申報,1110929,營利事業捐贈收入,聲豐工業股份有限公司,86857165,10000.00,0.00,匯款,1110929,,,金錢,桃園市龜山區****,03-3*****,,,,,,,,
25,李宗豪,111年桃園市議員選舉,首次申報,1110930,營利事業捐贈收入,淞竹塑膠股份有限公司,23398066,120000.00,0.00,匯款,,,,金錢,桃園市龜山區****,,,,,,,,,
26,李宗豪,111年桃園市議員選舉,首次申報,1110930,營利事業捐贈收入,集美立石材興業有限公司,89337533,100000.00,0.00,票據,,,,金錢,桃園市桃園區****,,,,,,,,,
27,李宗豪,111年桃園市議員選舉,首次申報,1110930,個人捐贈收入,陳雅文,A22*******,30000.00,0.00,匯款,,,,金錢,臺北市大同區****,,,,,,,,,
28,李宗豪,111年桃園市議員選舉,首次申報,1111001,個人捐贈收入,蘇鳳儀,T22*******,100000.00,0.00,匯款,,,,金錢,新北市林口區****,,,,,,,,,
29,李宗豪,111年桃園市議員選舉,首次申報,1111005,營利事業捐贈收入,城乙化工原料有限公司,86513578,30000.00,0.00,匯款,,,,金錢,臺北市大同區****,,,,,,,,,
30,李宗豪,111年桃園市議員選舉,首次申報,1111007,營利事業捐贈收入,台灣優創發展有限公司,24764907,30000.00,0.00,匯款,,已返還,,金錢,臺北市中正區****,,,,,,,,,
31,李宗豪,111年桃園市議員選舉,首次申報,1111007,營利事業捐贈收入,凱棣科技股份有限公司,86366864,50000.00,0.00,匯款,,已返還,,金錢,桃園市桃園區****,,,,,,,,,
32,李宗豪,111年桃園市議員選舉,首次申報,1111014,營利事業捐贈收入,大鐘印染股份有限公司,57002416,200000.00,0.00,票據,,,,金錢,桃園市中壢區****,,,,,,,,,
33,李宗豪,111年桃園市議員選舉,首次申報,1111015,營利事業捐贈收入,慶益開發股份有限公司,24340275,100000.00,0.00,票據,,,,金錢,臺北市中山區****,,,,,,,,,
34,李宗豪,111年桃園市議員選舉,首次申報,1111019,個人捐贈收入,張自立,A12*******,100000.00,0.00,匯款,,,,金錢,新北市土城區****,,,,,,,,,
35,李宗豪,111年桃園市議員選舉,首次申報,1111019,個人捐贈收入,陳浣潔,E22*******,100000.00,0.00,匯款,,,,金錢,新北市土城區****,,,,,,,,,
36,李宗豪,111年桃園市議員選舉,首次申報,1111019,個人捐贈收入,呂曜東,H12*******,100000.00,0.00,匯款,,,,金錢,新北市土城區****,,,,,,,,,
37,李宗豪,111年桃園市議員選舉,首次申報,1111020,營利事業捐贈收入,佳瑪百貨股份有限公司,80234156,100000.00,0.00,匯款,,,,金錢,新北市蘆洲區****,,,,,,,,,
38,李宗豪,111年桃園市議員選舉,首次申報,1111021,個人捐贈收入,陳麗杏,A20*******,100000.00,0.00,匯款,,,,金錢,新北市林口區****,,,,,,,,,
39,李宗豪,111年桃園市議員選舉,首次申報,1111021,個人捐贈收入,周佩珺,H22*******,100000.00,0.00,匯款,,,,金錢,桃園市桃園區****,,,,,,,,,
40,李宗豪,111年桃園市議員選舉,首次申報,1111026,營利事業捐贈收入,隆欣工業股份有限公司,34123522,60000.00,0.00,匯款,,,,金錢,桃園市龜山區****,,,,,,,,,
41,李宗豪,111年桃園市議員選舉,首次申報,1111030,營利事業捐贈收入,國紡科技實業股份有限公司,80275509,100000.00,0.00,票據,,,,金錢,桃園市大園區****,,,,,,,,,
42,李宗豪,111年桃園市議員選舉,首次申報,1111031,匿名捐贈,匿名2,,888.00,0.00,匯款,,,,金錢,,,,,,,,,,
43,李宗豪,111年桃園市議員選舉,首次申報,1111031,營利事業捐贈收入,力根實業股份有限公司,35974181,50000.00,0.00,匯款,,,,金錢,桃園市龜山區****,,,,,,,,,
44,李宗豪,111年桃園市議員選舉,首次申報,1111031,個人捐贈收入,葉光雄,H10*******,100000.00,0.00,票據,,,,金錢,桃園市桃園區****,,,,,,,,,
45,李宗豪,111年桃園市議員選舉,首次申報,1111101,匿名捐贈,匿名3,,3000.00,0.00,匯款,,,,金錢,,,,,,,,,,
46,李宗豪,111年桃園市議員選舉,首次申報,1111101,營利事業捐贈收入,怡芯股份有限公司,28833692,100000.00,0.00,匯款,,已繳庫,,金錢,新北市新莊區****,,,,,,,,,
47,李宗豪,111年桃園市議員選舉,首次申報,1111103,匿名捐贈,洪蘇敦厚,,5000.00,0.00,匯款,,,,金錢,,,,,,,,,,
48,李宗豪,111年桃園市議員選舉,首次申報,1111104,匿名捐贈,陳錦豐,,10000.00,0.00,匯款,,,,金錢,,,,,,,,,,
49,李宗豪,111年桃園市議員選舉,首次申報,1111104,營利事業捐贈收入,精工采工程有限公司,24620439,20000.00,0.00,匯款,,,,金錢,桃園市八德區****,,,,,,,,,
50,李宗豪,111年桃園市議員選舉,首次申報,1111104,營利事業捐贈收入,佑明企業社,37799724,5000.00,0.00,匯款,,,,金錢,桃園市八德區****,,,,,,,,,
51,李宗豪,111年桃園市議員選舉,首次申報,1111104,營利事業捐贈收入,政雄橡膠工業股份有限公司,43837129,30000.00,0.00,匯款,,,,金錢,桃園市龜山區****,,,,,,,,,
52,李宗豪,111年桃園市議員選舉,首次申報,1111104,個人捐贈收入,洪慶和,F10*******,10000.00,0.00,匯款,,,,金錢,桃園市桃園區****,,,,,,,,,
53,李宗豪,111年桃園市議員選舉,首次申報,1111104,個人捐贈收入,江泰一,H10*******,10000.00,0.00,匯款,,,,金錢,桃園市中壢區****,,,,,,,,,
54,李宗豪,111年桃園市議員選舉,首次申報,1111104,個人捐贈收入,黃順明,H10*******,50000.00,0.00,匯款,,,,金錢,桃園市桃園區****,,,,,,,,,
55,李宗豪,111年桃園市議員選舉,首次申報,1111104,個人捐贈收入,簡征潭,H12*******,20000.00,0.00,匯款,,,,金錢,桃園市桃園區****,,,,,,,,,
56,李宗豪,111年桃園市議員選舉,首次申報,1111104,個人捐贈收入,邱治騵,H12*******,20000.00,0.00,匯款,,,,金錢,桃園市蘆竹區****,,,,,,,,,
57,李宗豪,111年桃園市議員選舉,首次申報,1111104,個人捐贈收入,黃昭銘,K10*******,10000.00,0.00,匯款,,,,金錢,桃園市龜山區****,,,,,,,,,
58,李宗豪,111年桃園市議員選舉,首次申報,1111105,營利事業捐贈收入,賢助工程有限公司,89510420,20000.00,0.00,票據,,,,金錢,桃園市龜山區****,,,,,,,,,
59,李宗豪,111年桃園市議員選舉,首次申報,1111107,匿名捐贈,鄭泰山,,10000.00,0.00,匯款,,,,金錢,,,,,,,,,,
60,李宗豪,111年桃園市議員選舉,首次申報,1111108,個人捐贈收入,卓昱安,H12*******,100000.00,0.00,現金,,,,金錢,桃園市桃園區****,,,,,,,,,
61,李宗豪,111年桃園市議員選舉,首次申報,1111108,個人捐贈收入,卓曼晴,H22*******,100000.00,0.00,匯款,,,,金錢,桃園市桃園區****,,,,,,,,,
62,李宗豪,111年桃園市議員選舉,首次申報,1111108,個人捐贈收入,邱瑞華,H22*******,20000.00,0.00,匯款,,,,金錢,新北市板橋區****,,,,,,,,,
63,李宗豪,111年桃園市議員選舉,首次申報,1111109,匿名捐贈,林政清,,10000.00,0.00,匯款,,,,金錢,,,,,,,,,,
64,李宗豪,111年桃園市議員選舉,首次申報,1111109,匿名捐贈,吳永田,,2000.00,0.00,匯款,,,,金錢,,,,,,,,,,
65,李宗豪,111年桃園市議員選舉,首次申報,1111110,匿名捐贈,李添壽,,1000.00,0.00,匯款,,,,金錢,,,,,,,,,,
66,李宗豪,111年桃園市議員選舉,首次申報,1111110,營利事業捐贈收入,聲寶股份有限公司,03607500,200000.00,0.00,匯款,1111110,已返還,,金錢,桃園市龜山區****,,,,,,,,,
67,李宗豪,111年桃園市議員選舉,首次申報,1111110,營利事業捐贈收入,翔笙精密機械股份有限公司,25168531,50000.00,0.00,票據,,,,金錢,桃園市龜山區****,,,,,,,,,
68,李宗豪,111年桃園市議員選舉,首次申報,1111111,營利事業捐贈收入,惠祥貿易股份有限公司,04283509,50000.00,0.00,匯款,,,,金錢,桃園市龜山區****,,,,,,,,,
69,李宗豪,111年桃園市議員選舉,首次申報,1111111,個人捐贈收入,蔡武昌,H10*******,10000.00,0.00,匯款,,,,金錢,桃園市龜山區****,,,,,,,,,
70,李宗豪,111年桃園市議員選舉,首次申報,1111117,營利事業捐贈收入,永全懋股份有限公司,70519575,100000.00,0.00,匯款,,,,金錢,桃園市觀音區****,,,,,,,,,
71,李宗豪,111年桃園市議員選舉,首次申報,1111117,個人捐贈收入,黃奕秋,H10*******,10000.00,0.00,匯款,,,,金錢,桃園市龜山區****,,,,,,,,,
72,李宗豪,111年桃園市議員選舉,首次申報,1111117,個人捐贈收入,周均妮,H22*******,100000.00,0.00,匯款,,,,金錢,桃園市楊梅區****,,,,,,,,,
73,李宗豪,111年桃園市議員選舉,首次申報,1111123,營利事業捐贈收入,福誠股份有限公司,33954344,200000.00,0.00,票據,,,,金錢,新北市鶯歌區****,,,,,,,,,
74,李宗豪,111年桃園市議員選舉,首次申報,1111123,營利事業捐贈收入,福和窯業股份有限公司,34253329,100000.00,0.00,票據,,,,金錢,新北市鶯歌區****,,,,,,,,,
75,李宗豪,111年桃園市議員選舉,首次申報,1111124,個人捐贈收入,許惠雅,P22*******,20000.00,0.00,匯款,,,,金錢,臺北市萬華區****,,,,,,,,,
76,李宗豪,111年桃園市議員選舉,首次申報,1111125,人民團體捐贈收入,台灣綠色立委聯盟,,60000.00,0.00,匯款,,,,金錢,臺北市中正區****,,,,,,,,,
77,李宗豪,111年桃園市議員選舉,首次申報,1111125,個人捐贈收入,簡鳳儀,,5000.00,0.00,匯款,1111125,,,金錢,桃園市龜山區****,,,,,,,,,
78,李宗豪,111年桃園市議員選舉,首次申報,1111125,個人捐贈收入,陳柏彰,,1000.00,0.00,匯款,1111125,,,金錢,新北市新莊區****,,,,,,,,,
79,李宗豪,111年桃園市議員選舉,首次申報,1111125,匿名捐贈,匿名4,,520.00,0.00,匯款,1111125,,,金錢,,,,,,,,,,
80,李宗豪,111年桃園市議員選舉,首次申報,1111125,個人捐贈收入,陳政堃,,3000.00,0.00,匯款,1111125,,,金錢,桃園市大園區****,0927*****,,,,,,,,
81,李宗豪,111年桃園市議員選舉,首次申報,1111125,個人捐贈收入,陳建文,,666.00,0.00,匯款,1111125,,,金錢,臺北市萬華區****,0987*****,,,,,,,,
82,李宗豪,111年桃園市議員選舉,首次申報,1111125,匿名捐贈,匿名5,,100.00,0.00,匯款,1111125,,,金錢,,,,,,,,,,
83,李宗豪,111年桃園市議員選舉,首次申報,1111125,個人捐贈收入,許翠蓮,A22*******,10000.00,0.00,匯款,1111125,,,金錢,桃園市龜山區****,,,,,,,,,
84,李宗豪,111年桃園市議員選舉,首次申報,1111125,個人捐贈收入,林群智,E12*******,1000.00,0.00,匯款,1111125,,,金錢,高雄市楠梓區****,,,,,,,,,
85,李宗豪,111年桃園市議員選舉,首次申報,1111125,個人捐贈收入,吳宗頴,H12*******,1000.00,0.00,匯款,,,,金錢,桃園市龜山區****,,,,,,,,,
86,李宗豪,111年桃園市議員選舉,首次申報,1111125,個人捐贈收入,胡佳芝,H22*******,1000.00,0.00,匯款,1111125,,,金錢,桃園市龍潭區****,,,,,,,,,
87,李宗豪,111年桃園市議員選舉,首次申報,1111125,個人捐贈收入,陳麗珍,M22*******,1000.00,0.00,匯款,1111125,,,金錢,桃園市龜山區****,,,,,,,,,
88,李宗豪,111年桃園市議員選舉,首次申報,1111125,個人捐贈收入,陳建安,N12*******,20000.00,0.00,匯款,1111125,,,金錢,桃園市桃園區****,,,,,,,,,
89,李宗豪,111年桃園市議員選舉,首次申報,1111125,個人捐贈收入,黃偉荃,O10*******,500.00,0.00,匯款,1111125,,,金錢,新竹市北區延****,,,,,,,,,
90,李宗豪,111年桃園市議員選舉,首次申報,1111221,其他收入,利息收入,,188.00,0.00,匯款,1111221,,,金錢,,,,,,,,,,
