﻿序號,擬參選人／政黨,選舉名稱,申報序號／年度,交易日期,收支科目,捐贈者／支出對象,身分證／統一編號,收入金額,支出金額,支出用途,金錢類,地址,聯絡電話,資料更正日期
1,邱烽堯,107年直轄市議員選舉,首次申報,1070927,個人捐贈收入,張雲翔,A10*******,2000.00,0.00,,金錢,新北市中和區****,0987*****,
2,邱烽堯,107年直轄市議員選舉,首次申報,1071005,個人捐贈收入,張春生,F12*******,100000.00,0.00,,金錢,新北市中和區****,0928*****,
3,邱烽堯,107年直轄市議員選舉,首次申報,1071005,個人捐贈收入,余遠彣,F12*******,100000.00,0.00,,金錢,新北市中和區****,2249*****,
4,邱烽堯,107年直轄市議員選舉,首次申報,1071005,個人捐贈收入,呂美如,F22*******,100000.00,0.00,,金錢,新北市土城區****,2249*****,
5,邱烽堯,107年直轄市議員選舉,首次申報,1071008,營利事業捐贈收入,格尚營造股份有限公司,51540402,200000.00,0.00,,金錢,臺北市中正區****,2395*****,
6,邱烽堯,107年直轄市議員選舉,首次申報,1071008,個人捐贈收入,陳錦治,D20*******,10000.00,0.00,,金錢,新北市中和區****,0910*****,
7,邱烽堯,107年直轄市議員選舉,首次申報,1071011,營利事業捐贈收入,鋒霖建設股份有限公司,28448136,100000.00,0.00,,金錢,新北市永和區****,,
8,邱烽堯,107年直轄市議員選舉,首次申報,1071011,個人捐贈收入,張恆國,A12*******,80000.00,0.00,,金錢,新北市中和區****,0930*****,
9,邱烽堯,107年直轄市議員選舉,首次申報,1071016,個人捐贈收入,李榮文,C12*******,20000.00,0.00,,金錢,新北市中和區****,0987*****,
10,邱烽堯,107年直轄市議員選舉,首次申報,1071018,個人捐贈收入,陳水盛,A12*******,10000.00,0.00,,金錢,新北市中和區****,0919*****,
11,邱烽堯,107年直轄市議員選舉,首次申報,1071018,個人捐贈收入,吳安傑,F12*******,10000.00,0.00,,金錢,,,
12,邱烽堯,107年直轄市議員選舉,首次申報,1071018,個人捐贈收入,張喬岳,Q12*******,10000.00,0.00,,金錢,臺北市萬華區****,2307*****,
13,邱烽堯,107年直轄市議員選舉,首次申報,1071019,個人捐贈收入,陳宗仁,F12*******,10000.00,0.00,,金錢,,0963*****,
14,邱烽堯,107年直轄市議員選舉,首次申報,1071022,營利事業捐贈收入,格尚營造股份有限公司,51540402,200000.00,0.00,,金錢,臺北市中正區****,2395*****,
15,邱烽堯,107年直轄市議員選舉,首次申報,1071022,個人捐贈收入,邱顯川,F10*******,3000.00,0.00,,金錢,新北市板橋區****,,
16,邱烽堯,107年直轄市議員選舉,首次申報,1071022,個人捐贈收入,何秋玉,F20*******,20000.00,0.00,,金錢,新北市中和區****,0936*****,
17,邱烽堯,107年直轄市議員選舉,首次申報,1071022,個人捐贈收入,葉碧卿,H20*******,10000.00,0.00,,金錢,新北市中和區****,2961*****,
18,邱烽堯,107年直轄市議員選舉,首次申報,1071022,個人捐贈收入,洪忠義,N10*******,20000.00,0.00,,金錢,新北市板橋區****,2957*****,
19,邱烽堯,107年直轄市議員選舉,首次申報,1071023,營利事業捐贈收入,易安消防實業有限公司,12601598,5000.00,0.00,,金錢,新北市中和區****,,
20,邱烽堯,107年直轄市議員選舉,首次申報,1071023,營利事業捐贈收入,義泉語文文理短期補習班,87792649,10000.00,0.00,,金錢,新北市中和區****,,
21,邱烽堯,107年直轄市議員選舉,首次申報,1071023,營利事業捐贈收入,勤墩興業有限公司,96891846,30000.00,0.00,,金錢,,,
22,邱烽堯,107年直轄市議員選舉,首次申報,1071025,營利事業捐贈收入,大慶證券金融股份有限公司,97172915,100000.00,0.00,,金錢,臺北市中山區****,,
23,邱烽堯,107年直轄市議員選舉,首次申報,1071026,個人捐贈收入,鍾淑華,F20*******,3000.00,0.00,,金錢,,,
24,邱烽堯,107年直轄市議員選舉,首次申報,1071026,個人捐贈收入,羅寶雲,F20*******,1000.00,0.00,,金錢,,,
25,邱烽堯,107年直轄市議員選舉,首次申報,1071029,人民團體捐贈收入,社團法人新北市醫師公會,,20000.00,0.00,,金錢,新北市三重區****,02-2*****,
26,邱烽堯,107年直轄市議員選舉,首次申報,1071029,營利事業捐贈收入,祥惠塑膠股份有限公司,33656963,30000.00,0.00,,金錢,新北市中和區****,,
27,邱烽堯,107年直轄市議員選舉,首次申報,1071029,個人捐贈收入,陳秋蜂,A20*******,5000.00,0.00,,金錢,新北市中和區****,,
28,邱烽堯,107年直轄市議員選舉,首次申報,1071029,個人捐贈收入,潘慶忠,C10*******,1500.00,0.00,,金錢,臺北市中山區****,,
29,邱烽堯,107年直轄市議員選舉,首次申報,1071029,個人捐贈收入,藍慶輝,H12*******,5000.00,0.00,,金錢,新北市中和區****,,
30,邱烽堯,107年直轄市議員選舉,首次申報,1071030,個人捐贈收入,姚高德,A12*******,30000.00,0.00,,金錢,新北市鶯歌區****,0933*****,
31,邱烽堯,107年直轄市議員選舉,首次申報,1071101,個人捐贈收入,邱政則,F10*******,3000.00,0.00,,金錢,新北市中和區****,,
32,邱烽堯,107年直轄市議員選舉,首次申報,1071108,個人捐贈收入,張格書,F12*******,6200.00,0.00,,金錢,新北市中和區****,,
33,邱烽堯,107年直轄市議員選舉,首次申報,1071113,個人捐贈收入,邱顯泰,F12*******,50000.00,0.00,,金錢,新北市中和區****,,
34,邱烽堯,107年直轄市議員選舉,首次申報,1071113,個人捐贈收入,邱玉真,F22*******,50000.00,0.00,,金錢,新北市中和區****,,
35,邱烽堯,107年直轄市議員選舉,首次申報,1071113,個人捐贈收入,張雅麗,F29*******,2000.00,0.00,,金錢,,,
36,邱烽堯,107年直轄市議員選舉,首次申報,1071113,個人捐贈收入,林振裕,N10*******,10000.00,0.00,,金錢,,,
37,邱烽堯,107年直轄市議員選舉,首次申報,1071119,個人捐贈收入,張益彰,M10*******,2000.00,0.00,,金錢,,,
38,邱烽堯,107年直轄市議員選舉,首次申報,1071120,個人捐贈收入,何岳韋,F12*******,5000.00,0.00,,金錢,,,
39,邱烽堯,107年直轄市議員選舉,首次申報,1071120,個人捐贈收入,廖秀倩,F22*******,30000.00,0.00,,金錢,新北市板橋區****,,
