﻿序號,擬參選人／政黨,選舉名稱,申報序號／年度,交易日期,收支科目,捐贈者／支出對象,身分證／統一編號,收入金額,支出金額,捐贈方式,存入專戶日期,返還/繳庫,支出用途,金錢類,地址,聯絡電話,應揭露之支出對象,支出對象之內部人員姓名,支出對象之內部人員職稱,政黨之內部人員姓名,政黨之內部人員職稱,關係,更正註記,資料更正日期
1,黃瑞珠,111年彰化縣溪湖鎮鎮長選舉,首次申報,1110901,雜支支出,億合電器行,45399118,0.00,11000.00,,,,雜項購置或修繕費用,金錢,彰化縣溪湖鎮****,0488*****,否,,,,,,,
2,黃瑞珠,111年彰化縣溪湖鎮鎮長選舉,首次申報,1110910,雜支支出,太子快餐店,39732587,0.00,320.00,,,,餐飲費用,金錢,彰化縣溪湖鎮****,,否,,,,,,,
3,黃瑞珠,111年彰化縣溪湖鎮鎮長選舉,首次申報,1110910,租用競選辦事處支出,楊孟宜,N10*******,0.00,240000.00,,,,租用競選辦事處費用,金錢,臺中市北屯區****,0911*****,否,,,,,,,
4,黃瑞珠,111年彰化縣溪湖鎮鎮長選舉,首次申報,1110912,雜支支出,天九自助餐專賣店,45400966,0.00,960.00,,,,餐飲費用,金錢,彰化縣溪湖鎮****,,否,,,,,,,
5,黃瑞珠,111年彰化縣溪湖鎮鎮長選舉,首次申報,1110914,雜支支出,天九自助餐專賣店,45400966,0.00,160.00,,,,餐飲費用,金錢,彰化縣溪湖鎮****,,否,,,,,,,
6,黃瑞珠,111年彰化縣溪湖鎮鎮長選舉,首次申報,1110915,雜支支出,太子快餐店,39732587,0.00,480.00,,,,餐飲費用,金錢,彰化縣溪湖鎮****,,否,,,,,,,
7,黃瑞珠,111年彰化縣溪湖鎮鎮長選舉,首次申報,1110916,宣傳支出,吉美印刷材料行,17298048,0.00,6900.00,,,,租用廣告看板或車體廣告費用,金錢,彰化縣溪湖鎮****,0488*****,否,,,,,,,
8,黃瑞珠,111年彰化縣溪湖鎮鎮長選舉,首次申報,1110916,雜支支出,太子快餐店,39732587,0.00,560.00,,,,餐飲費用,金錢,彰化縣溪湖鎮****,,否,,,,,,,
9,黃瑞珠,111年彰化縣溪湖鎮鎮長選舉,首次申報,1110918,雜支支出,相好自助餐,47546495,0.00,3675.00,,,,餐飲費用,金錢,彰化縣溪湖鎮****,,否,,,,,,,
10,黃瑞珠,111年彰化縣溪湖鎮鎮長選舉,首次申報,1110920,雜支支出,天九自助餐專賣店,,0.00,1280.00,,,,餐飲費用,金錢,彰化縣溪湖鎮****,,否,,,,,,,
11,黃瑞珠,111年彰化縣溪湖鎮鎮長選舉,首次申報,1110920,雜支支出,相好自助餐,47546495,0.00,1760.00,,,,餐飲費用,金錢,彰化縣溪湖鎮****,,否,,,,,,,
12,黃瑞珠,111年彰化縣溪湖鎮鎮長選舉,首次申報,1110921,雜支支出,太子快餐店,39732587,0.00,640.00,,,,餐飲費用,金錢,彰化縣溪湖鎮****,,否,,,,,,,
13,黃瑞珠,111年彰化縣溪湖鎮鎮長選舉,首次申報,1110921,雜支支出,花雲太泰國料理店,83822116,0.00,900.00,,,,餐飲費用,金錢,彰化縣溪湖鎮****,,否,,,,,,,
14,黃瑞珠,111年彰化縣溪湖鎮鎮長選舉,首次申報,1110922,雜支支出,相好自助餐,,0.00,960.00,,,,餐飲費用,金錢,彰化縣溪湖鎮****,,否,,,,,,,
15,黃瑞珠,111年彰化縣溪湖鎮鎮長選舉,首次申報,1110922,雜支支出,天九自助餐專賣店,45400966,0.00,1120.00,,,,餐飲費用,金錢,彰化縣溪湖鎮****,,否,,,,,,,
16,黃瑞珠,111年彰化縣溪湖鎮鎮長選舉,首次申報,1110923,雜支支出,天九自助餐專賣店,45400966,0.00,3120.00,,,,餐飲費用,金錢,彰化縣溪湖鎮****,,否,,,,,,,
17,黃瑞珠,111年彰化縣溪湖鎮鎮長選舉,首次申報,1110924,雜支支出,相好自助餐,47546495,0.00,1200.00,,,,餐飲費用,金錢,彰化縣溪湖鎮****,,否,,,,,,,
18,黃瑞珠,111年彰化縣溪湖鎮鎮長選舉,首次申報,1110924,雜支支出,中興行,59086144,0.00,3825.00,,,,餐飲費用,金錢,彰化縣溪湖鎮****,0488*****,否,,,,,,,
19,黃瑞珠,111年彰化縣溪湖鎮鎮長選舉,首次申報,1110926,雜支支出,天九自助餐專賣店,45400966,0.00,960.00,,,,餐飲費用,金錢,彰化縣溪湖鎮****,,否,,,,,,,
20,黃瑞珠,111年彰化縣溪湖鎮鎮長選舉,首次申報,1110927,雜支支出,天九自助餐專賣店,45400966,0.00,2880.00,,,,餐飲費用,金錢,彰化縣溪湖鎮****,,否,,,,,,,
21,黃瑞珠,111年彰化縣溪湖鎮鎮長選舉,首次申報,1110928,雜支支出,日興美食餐館,88588188,0.00,1440.00,,,,餐飲費用,金錢,彰化縣溪湖鎮****,,否,,,,,,,
22,黃瑞珠,111年彰化縣溪湖鎮鎮長選舉,首次申報,1110929,雜支支出,天九自助餐專賣店,45400966,0.00,2800.00,,,,餐飲費用,金錢,彰化縣溪湖鎮****,0488*****,否,,,,,,,
23,黃瑞珠,111年彰化縣溪湖鎮鎮長選舉,首次申報,1110929,雜支支出,日興美食餐館,88588188,0.00,4000.00,,,,餐飲費用,金錢,彰化縣溪湖鎮****,,否,,,,,,,
24,黃瑞珠,111年彰化縣溪湖鎮鎮長選舉,首次申報,1111003,租用宣傳車輛支出,宇昶汽車修配廠,72387306,0.00,2800.00,,,,其他與租用宣傳車輛有關之費用,金錢,彰化縣溪湖鎮****,0488*****,否,,,,,,,
25,黃瑞珠,111年彰化縣溪湖鎮鎮長選舉,首次申報,1111011,雜支支出,鴻成企業社,80827067,0.00,800.00,,,,餐飲費用,金錢,彰化縣溪湖鎮****,0488*****,否,,,,,,,
26,黃瑞珠,111年彰化縣溪湖鎮鎮長選舉,首次申報,1111012,雜支支出,中興行,59086144,0.00,1250.00,,,,餐飲費用,金錢,彰化縣溪湖鎮****,0488*****,否,,,,,,,
27,黃瑞珠,111年彰化縣溪湖鎮鎮長選舉,首次申報,1111015,雜支支出,鴻成企業社,80827067,0.00,2400.00,,,,餐飲費用,金錢,彰化縣溪湖鎮****,0488*****,否,,,,,,,
28,黃瑞珠,111年彰化縣溪湖鎮鎮長選舉,首次申報,1111021,雜支支出,中興行,59086144,0.00,735.00,,,,餐飲費用,金錢,彰化縣溪湖鎮****,0488*****,否,,,,,,,
29,黃瑞珠,111年彰化縣溪湖鎮鎮長選舉,首次申報,1111028,雜支支出,中興行,59086144,0.00,350.00,,,,餐飲費用,金錢,彰化縣溪湖鎮****,0488*****,否,,,,,,,
30,黃瑞珠,111年彰化縣溪湖鎮鎮長選舉,首次申報,1111101,雜支支出,中興行,59086144,0.00,265.00,,,,餐飲費用,金錢,彰化縣溪湖鎮****,0488*****,否,,,,,,,
31,黃瑞珠,111年彰化縣溪湖鎮鎮長選舉,首次申報,1111101,宣傳支出,芷卉廣告設計社,80818779,0.00,19000.00,,,,播放、傳送或刊登宣傳廣告費用,金錢,彰化縣埔鹽鄉****,,否,,,,,,,
32,黃瑞珠,111年彰化縣溪湖鎮鎮長選舉,首次申報,1111101,宣傳支出,芷卉廣告設計社,80818779,0.00,147925.00,,,,租用廣告看板或車體廣告費用,金錢,彰化縣埔鹽鄉****,,否,,,,,,,
33,黃瑞珠,111年彰化縣溪湖鎮鎮長選舉,首次申報,1111101,宣傳支出,芷卉廣告設計社,80818779,0.00,24000.00,,,,製作競選物品或宣傳廣告費用（文宣）,金錢,彰化縣埔鹽鄉****,,否,,,,,,,
34,黃瑞珠,111年彰化縣溪湖鎮鎮長選舉,首次申報,1111102,雜支支出,聯宏書局,13954401,0.00,96.00,,,,文具用品費用,金錢,彰化縣溪湖鎮****,0488*****,否,,,,,,,
35,黃瑞珠,111年彰化縣溪湖鎮鎮長選舉,首次申報,1111104,雜支支出,中興行,59086144,0.00,2200.00,,,,餐飲費用,金錢,彰化縣溪湖鎮****,0485*****,否,,,,,,,
36,黃瑞珠,111年彰化縣溪湖鎮鎮長選舉,首次申報,1111104,雜支支出,日興美食餐館,88588188,0.00,450.00,,,,餐飲費用,金錢,彰化縣溪湖鎮****,0488*****,否,,,,,,,
37,黃瑞珠,111年彰化縣溪湖鎮鎮長選舉,首次申報,1111109,雜支支出,素珍齋素食自助餐,13725718,0.00,800.00,,,,餐飲費用,金錢,彰化縣溪湖鎮****,0488*****,否,,,,,,,
38,黃瑞珠,111年彰化縣溪湖鎮鎮長選舉,首次申報,1111109,租用宣傳車輛支出,宇昶汽車修配所,72387306,0.00,2800.00,,,,其他與租用宣傳車輛有關之費用,金錢,彰化縣溪湖鎮****,0488*****,否,,,,,,,
39,黃瑞珠,111年彰化縣溪湖鎮鎮長選舉,首次申報,1111110,雜支支出,素珍齋素食自助餐,13725718,0.00,800.00,,,,餐飲費用,金錢,彰化縣溪湖鎮****,0488*****,否,,,,,,,
40,黃瑞珠,111年彰化縣溪湖鎮鎮長選舉,首次申報,1111110,雜支支出,鴻成企業社,80827067,0.00,1200.00,,,,餐飲費用,金錢,彰化縣溪湖鎮****,0488*****,否,,,,,,,
41,黃瑞珠,111年彰化縣溪湖鎮鎮長選舉,首次申報,1111111,宣傳支出,三禾企業社,26947353,0.00,67500.00,,,,租用廣告看板或車體廣告費用,金錢,南投縣南投市****,0932*****,否,,,,,,,
42,黃瑞珠,111年彰化縣溪湖鎮鎮長選舉,首次申報,1111115,雜支支出,天祐企業行,70868237,0.00,4600.00,,,,雜項購置或修繕費用,金錢,彰化縣溪湖鎮****,0488*****,否,,,,,,,
43,黃瑞珠,111年彰化縣溪湖鎮鎮長選舉,首次申報,1111116,集會支出,龍行展覽股份有限公司,24619735,0.00,120435.00,,,,租用設備費用,金錢,彰化縣田尾鄉****,0487*****,否,,,,,,,
44,黃瑞珠,111年彰化縣溪湖鎮鎮長選舉,首次申報,1111117,宣傳支出,吉美印刷材料行,17298048,0.00,1440.00,,,,租用廣告看板或車體廣告費用,金錢,彰化縣溪湖鎮****,0488*****,否,,,,,,,
45,黃瑞珠,111年彰化縣溪湖鎮鎮長選舉,首次申報,1111117,宣傳支出,大彰投有限公司,80130841,0.00,11400.00,,,,製作競選物品或宣傳廣告費用（文宣）,金錢,彰化縣彰化市****,0472*****,否,,,,,,,
46,黃瑞珠,111年彰化縣溪湖鎮鎮長選舉,首次申報,1111117,雜支支出,鴻成企業社,80827067,0.00,3600.00,,,,餐飲費用,金錢,彰化縣溪湖鎮****,0488*****,否,,,,,,,
47,黃瑞珠,111年彰化縣溪湖鎮鎮長選舉,首次申報,1111118,租用宣傳車輛支出,一美商行,98613502,0.00,7700.00,,,,其他與租用宣傳車輛有關之費用,金錢,彰化縣員林鎮****,0483*****,否,,,,,,,
48,黃瑞珠,111年彰化縣溪湖鎮鎮長選舉,首次申報,1111214,宣傳支出,正騰旺傳播有限公司,84355498,0.00,762314.00,,,,租用廣告看板或車體廣告費用,金錢,彰化縣彰化市****,0473*****,否,,,,,,,
49,黃瑞珠,111年彰化縣溪湖鎮鎮長選舉,首次申報,1120220,返還捐贈支出,胤呈建設有限公司,42950018,0.00,100000.00,,,,返還,金錢,彰化縣溪湖鎮****,,否,,,,,,,
