﻿序號,擬參選人／政黨,選舉名稱,申報序號／年度,交易日期,收支科目,捐贈者／支出對象,身分證／統一編號,收入金額,支出金額,捐贈方式,存入專戶日期,返還/繳庫,支出用途,金錢類,地址,聯絡電話,應揭露之支出對象,支出對象之內部人員姓名,支出對象之內部人員職稱,政黨之內部人員姓名,政黨之內部人員職稱,關係,更正註記,資料更正日期
1,曹爾凱,113年立法委員選舉,首次申報,1121019,匿名捐贈,匿名,,200.00,0.00,匯款,1121019,,,金錢,,,,,,,,,,
2,曹爾凱,113年立法委員選舉,首次申報,1121019,匿名捐贈,匿名,,400.00,0.00,匯款,1121019,,,金錢,,,,,,,,,,
3,曹爾凱,113年立法委員選舉,首次申報,1121025,個人捐贈收入,陳子明,,3000.00,0.00,匯款,1121025,,,金錢,連江縣南竿鄉****,0937*****,,,,,,,,
4,曹爾凱,113年立法委員選舉,首次申報,1121201,個人捐贈收入,蔡政達,,500.00,0.00,匯款,1121201,,,金錢,桃園市大園區****,0963*****,,,,,,,,
5,曹爾凱,113年立法委員選舉,首次申報,1121201,個人捐贈收入,林秀如,G20*******,10000.00,0.00,匯款,1121201,,,金錢,宜蘭縣五結鄉****,0911*****,,,,,,,,
6,曹爾凱,113年立法委員選舉,首次申報,1121201,個人捐贈收入,林秀美,G22*******,10000.00,0.00,匯款,1121201,,,金錢,宜蘭縣五結鄉****,0912*****,,,,,,,,
7,曹爾凱,113年立法委員選舉,首次申報,1121201,個人捐贈收入,林秀真,G22*******,10000.00,0.00,匯款,1121201,,,金錢,宜蘭縣五結鄉****,0937*****,,,,,,,,
8,曹爾凱,113年立法委員選舉,首次申報,1121204,個人捐贈收入,曹爾旭,,500.00,0.00,匯款,1121204,,,金錢,,0912*****,,,,,,,,
9,曹爾凱,113年立法委員選舉,首次申報,1121204,個人捐贈收入,張淑惠,,1000.00,0.00,匯款,1121204,,,金錢,,0929*****,,,,,,,,
10,曹爾凱,113年立法委員選舉,首次申報,1121204,個人捐贈收入,林璧霞,,1000.00,0.00,匯款,1121204,,,金錢,連江縣南竿鄉****,0911*****,,,,,,,,
11,曹爾凱,113年立法委員選舉,首次申報,1121204,個人捐贈收入,曹敏麗,Z20*******,100.00,0.00,匯款,1121204,,,金錢,屏東縣屏東市****,0912*****,,,,,,,,
12,曹爾凱,113年立法委員選舉,首次申報,1121204,個人捐贈收入,曹敏麗,Z20*******,100.00,0.00,匯款,1121204,,,金錢,屏東縣屏東市****,0912*****,,,,,,,,
13,曹爾凱,113年立法委員選舉,首次申報,1121205,個人捐贈收入,吳莉芸,,100.00,0.00,匯款,1121205,,,金錢,宜蘭縣宜蘭市****,0937*****,,,,,,,,
14,曹爾凱,113年立法委員選舉,首次申報,1121205,匿名捐贈,匿名,,500.00,0.00,匯款,1121205,,,金錢,,,,,,,,,,
15,曹爾凱,113年立法委員選舉,首次申報,1121205,匿名捐贈,匿名,,500.00,0.00,匯款,1121205,,,金錢,,,,,,,,,,
16,曹爾凱,113年立法委員選舉,首次申報,1121205,匿名捐贈,匿名,,100.00,0.00,現金,1121205,,,金錢,,,,,,,,,,
17,曹爾凱,113年立法委員選舉,首次申報,1121205,匿名捐贈,匿名,,500.00,0.00,匯款,1121205,,,金錢,,,,,,,,,,
18,曹爾凱,113年立法委員選舉,首次申報,1121205,匿名捐贈,匿名,,1000.00,0.00,匯款,1121205,,,金錢,,,,,,,,,,
19,曹爾凱,113年立法委員選舉,首次申報,1121205,匿名捐贈,匿名,,100.00,0.00,匯款,1121205,,,金錢,,,,,,,,,,
20,曹爾凱,113年立法委員選舉,首次申報,1121206,個人捐贈收入,曹湘筠,,500.00,0.00,匯款,1121206,,,金錢,,0836*****,,,,,,,,
21,曹爾凱,113年立法委員選舉,首次申報,1121206,匿名捐贈,匿名,,3000.00,0.00,匯款,1121206,,,金錢,,,,,,,,,,
22,曹爾凱,113年立法委員選舉,首次申報,1121207,匿名捐贈,匿名,,10.00,0.00,匯款,1121207,,,金錢,,,,,,,,,,
23,曹爾凱,113年立法委員選舉,首次申報,1121208,匿名捐贈,匿名,,3000.00,0.00,匯款,1121208,,,金錢,,,,,,,,,,
24,曹爾凱,113年立法委員選舉,首次申報,1121211,匿名捐贈,匿名,,1000.00,0.00,匯款,1121211,,,金錢,,,,,,,,,,
25,曹爾凱,113年立法委員選舉,首次申報,1121211,個人捐贈收入,王品芬,,10000.00,0.00,匯款,1121211,,,金錢,,02-2*****,,,,,,,,
26,曹爾凱,113年立法委員選舉,首次申報,1121211,匿名捐贈,匿名,,500.00,0.00,匯款,1121211,,,金錢,,,,,,,,,,
27,曹爾凱,113年立法委員選舉,首次申報,1121211,匿名捐贈,匿名,,500.00,0.00,現金,1121211,,,金錢,,,,,,,,,,
28,曹爾凱,113年立法委員選舉,首次申報,1121211,匿名捐贈,匿名,,500.00,0.00,現金,1121211,,,金錢,,,,,,,,,,
29,曹爾凱,113年立法委員選舉,首次申報,1121211,匿名捐贈,匿名,,500.00,0.00,匯款,1121211,,,金錢,,,,,,,,,,
30,曹爾凱,113年立法委員選舉,首次申報,1121211,匿名捐贈,匿名,,500.00,0.00,匯款,1121211,,,金錢,,,,,,,,,,
31,曹爾凱,113年立法委員選舉,首次申報,1121211,匿名捐贈,匿名,,500.00,0.00,匯款,1121211,,,金錢,,,,,,,,,,
32,曹爾凱,113年立法委員選舉,首次申報,1121211,匿名捐贈,匿名,,1000.00,0.00,現金,1121211,,,金錢,,,,,,,,,,
33,曹爾凱,113年立法委員選舉,首次申報,1121213,匿名捐贈,匿名,,500.00,0.00,匯款,1121213,,,金錢,,,,,,,,,,
34,曹爾凱,113年立法委員選舉,首次申報,1121213,個人捐贈收入,曹敏蓉,,500.00,0.00,匯款,1121213,,,金錢,,0972*****,,,,,,,,
35,曹爾凱,113年立法委員選舉,首次申報,1121213,個人捐贈收入,陳景文,,2000.00,0.00,匯款,1121213,,,金錢,連江縣南竿鄉****,0919*****,,,,,,,,
36,曹爾凱,113年立法委員選舉,首次申報,1121213,個人捐贈收入,陳登堂,,1000.00,0.00,匯款,1121213,,,金錢,基隆市愛三路****,0911*****,,,,,,,,
37,曹爾凱,113年立法委員選舉,首次申報,1121213,個人捐贈收入,王品芬,,10000.00,0.00,匯款,1121213,,,金錢,,02-2*****,,,,,,,,
38,曹爾凱,113年立法委員選舉,首次申報,1121213,個人捐贈收入,曹容琴,Z20*******,3000.00,0.00,匯款,1121213,,,金錢,桃園市龜山區****,0921*****,,,,,,,,
39,曹爾凱,113年立法委員選舉,首次申報,1121221,其他收入,利息收入,,3.00,0.00,匯款,1121221,,,金錢,,,,,,,,,,
40,曹爾凱,113年立法委員選舉,首次申報,1121222,個人捐贈收入,洪石柱,,10000.00,0.00,匯款,1121222,,,金錢,宜蘭縣宜蘭市****,,,,,,,,,
41,曹爾凱,113年立法委員選舉,首次申報,1121224,匿名捐贈,匿名,,1000.00,0.00,匯款,1121224,,,金錢,,,,,,,,,,
42,曹爾凱,113年立法委員選舉,首次申報,1121226,匿名捐贈,匿名,,200.00,0.00,匯款,1121226,,,金錢,,,,,,,,,,
43,曹爾凱,113年立法委員選舉,首次申報,1121227,匿名捐贈,匿名,,1000.00,0.00,匯款,1121227,,,金錢,,,,,,,,,,
44,曹爾凱,113年立法委員選舉,首次申報,1121229,匿名捐贈,匿名,,1000.00,0.00,匯款,1121229,,,金錢,,,,,,,,,,
45,曹爾凱,113年立法委員選舉,首次申報,1121229,個人捐贈收入,陳貞妃,S22*******,3000.00,0.00,匯款,1121229,,,金錢,屏東縣萬丹鄉****,0920*****,,,,,,,,
46,曹爾凱,113年立法委員選舉,首次申報,1130104,個人捐贈收入,楊鴻迪,,500.00,0.00,匯款,1130104,,,金錢,臺北市信義區****,0929*****,,,,,,,,
47,曹爾凱,113年立法委員選舉,首次申報,1130108,匿名捐贈,匿名,,607.00,0.00,匯款,1130108,,,金錢,,,,,,,,,,
48,曹爾凱,113年立法委員選舉,首次申報,1130108,個人捐贈收入,楊淑媛,,3600.00,0.00,匯款,1130108,,,金錢,桃園市大園區****,0935*****,,,,,,,,
49,曹爾凱,113年立法委員選舉,首次申報,1130111,匿名捐贈,匿名,,500.00,0.00,匯款,1130111,,,金錢,,,,,,,,,,
50,曹爾凱,113年立法委員選舉,首次申報,1130112,匿名捐贈,匿名,,500.00,0.00,匯款,1130112,,,金錢,,,,,,,,,,
