﻿序號,擬參選人／政黨,選舉名稱,申報序號／年度,交易日期,收支科目,捐贈者／支出對象,身分證／統一編號,收入金額,支出金額,支出用途,金錢類,地址,聯絡電話,資料更正日期
1,郭新政,109年立法委員選舉,首次申報,1080909,匿名捐贈,匿名,,30.00,0.00,,金錢,,,
2,郭新政,109年立法委員選舉,首次申報,1080909,個人捐贈收入,陳宏,,1000.00,0.00,,金錢,,8661*****,
3,郭新政,109年立法委員選舉,首次申報,1080909,匿名捐贈,匿名,,1010.00,0.00,,金錢,,,
4,郭新政,109年立法委員選舉,首次申報,1080910,個人捐贈收入,陳秀娟,,3000.00,0.00,,金錢,,0985*****,
5,郭新政,109年立法委員選舉,首次申報,1080912,匿名捐贈,匿名,,500.00,0.00,,金錢,,,
6,郭新政,109年立法委員選舉,首次申報,1080917,個人捐贈收入,莊柏昭,,100.00,0.00,,金錢,,07-3*****,
7,郭新政,109年立法委員選舉,首次申報,1080920,個人捐贈收入,柯靜如,,2000.00,0.00,,金錢,,0932*****,
8,郭新政,109年立法委員選舉,首次申報,1080921,個人捐贈收入,莊柏昭,,200.00,0.00,,金錢,,07-3*****,
9,郭新政,109年立法委員選舉,首次申報,1080921,個人捐贈收入,莊柏昭,,200.00,0.00,,金錢,,07-3*****,
10,郭新政,109年立法委員選舉,首次申報,1081212,個人捐贈收入,郭一亨,,200.00,0.00,,金錢,,0975*****,
11,郭新政,109年立法委員選舉,首次申報,1081221,匿名捐贈,匿名,,500.00,0.00,,金錢,,,
12,郭新政,109年立法委員選舉,首次申報,1081225,匿名捐贈,匿名,,500.00,0.00,,金錢,,,
