﻿序號,擬參選人／政黨,選舉名稱,申報序號／年度,交易日期,收支科目,捐贈者／支出對象,身分證／統一編號,收入金額,支出金額,支出用途,金錢類,地址,聯絡電話,資料更正日期
1,郭國文,109年立法委員選舉,首次申報,1080705,個人捐贈收入,姚旭燈,P12*******,100000.00,0.00,,金錢,臺北市中山區****,,
2,郭國文,109年立法委員選舉,首次申報,1080711,個人捐贈收入,黃顯中,,5000.00,0.00,,金錢,臺南市善化區****,,
3,郭國文,109年立法委員選舉,首次申報,1080711,個人捐贈收入,鄒心維,K22*******,90000.00,0.00,,金錢,臺中市南屯區****,,
4,郭國文,109年立法委員選舉,首次申報,1080711,個人捐贈收入,江雅茹,R22*******,50000.00,0.00,,金錢,臺南市永康區****,,
5,郭國文,109年立法委員選舉,首次申報,1080711,個人捐贈收入,賴勇吉,T12*******,90000.00,0.00,,金錢,臺中市南屯區****,,
6,郭國文,109年立法委員選舉,首次申報,1080711,個人捐贈收入,高茂仁,T12*******,100000.00,0.00,,金錢,臺南市永康區****,,
7,郭國文,109年立法委員選舉,首次申報,1080806,個人捐贈收入,張吉宏,R12*******,20000.00,0.00,,金錢,臺南市歸仁區****,,
8,郭國文,109年立法委員選舉,首次申報,1080819,營利事業捐贈收入,得源營造有限公司,28770325,20000.00,0.00,,金錢,臺南市善化區****,,
9,郭國文,109年立法委員選舉,首次申報,1080823,匿名捐贈,匿名4,,10000.00,0.00,,金錢,,,
10,郭國文,109年立法委員選舉,首次申報,1080823,匿名捐贈,匿名5,,10000.00,0.00,,金錢,,,
11,郭國文,109年立法委員選舉,首次申報,1080823,匿名捐贈,匿名6,,10000.00,0.00,,金錢,,,
12,郭國文,109年立法委員選舉,首次申報,1080823,個人捐贈收入,蔡國麟,E10*******,30000.00,0.00,,金錢,臺南市善化區****,,
13,郭國文,109年立法委員選舉,首次申報,1080824,匿名捐贈,匿名7,,10000.00,0.00,,金錢,,,
14,郭國文,109年立法委員選舉,首次申報,1080824,匿名捐贈,匿名8,,10000.00,0.00,,金錢,,,
15,郭國文,109年立法委員選舉,首次申報,1080824,匿名捐贈,匿名9,,10000.00,0.00,,金錢,,,
16,郭國文,109年立法委員選舉,首次申報,1080824,匿名捐贈,匿名11,,10000.00,0.00,,金錢,,,
17,郭國文,109年立法委員選舉,首次申報,1080825,匿名捐贈,匿名12,,10000.00,0.00,,金錢,,,
18,郭國文,109年立法委員選舉,首次申報,1080825,匿名捐贈,匿名13,,10000.00,0.00,,金錢,,,
19,郭國文,109年立法委員選舉,首次申報,1080825,匿名捐贈,匿名14,,10000.00,0.00,,金錢,,,
20,郭國文,109年立法委員選舉,首次申報,1080826,匿名捐贈,匿名10,,10000.00,0.00,,金錢,,,
21,郭國文,109年立法委員選舉,首次申報,1080826,匿名捐贈,匿名15,,10000.00,0.00,,金錢,,,
22,郭國文,109年立法委員選舉,首次申報,1080830,個人捐贈收入,張松盛,H12*******,25000.00,0.00,,金錢,臺南市佳里區****,,
23,郭國文,109年立法委員選舉,首次申報,1080902,個人捐贈收入,黃有連,R10*******,10000.00,0.00,,金錢,臺南市佳里區****,,
24,郭國文,109年立法委員選舉,首次申報,1080903,營利事業捐贈收入,永誠諮詢顧問有限公司,42853374,60000.00,0.00,,金錢,臺南市永康區****,,
25,郭國文,109年立法委員選舉,首次申報,1080903,個人捐贈收入,黃素娥,R22*******,10000.00,0.00,,金錢,臺南市麻豆區****,,
26,郭國文,109年立法委員選舉,首次申報,1080905,個人捐贈收入,楊馬粉,D20*******,100000.00,0.00,,金錢,臺南市東區裕****,,
27,郭國文,109年立法委員選舉,首次申報,1080905,個人捐贈收入,楊淑容,D22*******,100000.00,0.00,,金錢,臺南市東區裕****,,
28,郭國文,109年立法委員選舉,首次申報,1080906,營利事業捐贈收入,國棋科技股份有限公司,54207680,100000.00,0.00,,金錢,臺南市東區崇****,,
29,郭國文,109年立法委員選舉,首次申報,1080906,個人捐贈收入,楊萬生,A12*******,10000.00,0.00,,金錢,臺南市東區中****,,
30,郭國文,109年立法委員選舉,首次申報,1080906,個人捐贈收入,邱茂賢,D10*******,100000.00,0.00,,金錢,臺南市永康區****,,
31,郭國文,109年立法委員選舉,首次申報,1080906,個人捐贈收入,邱宏泰,D12*******,100000.00,0.00,,金錢,臺南市安南區****,,
32,郭國文,109年立法委員選舉,首次申報,1080906,個人捐贈收入,陳信宏,K12*******,100000.00,0.00,,金錢,臺南市東區裕****,,
33,郭國文,109年立法委員選舉,首次申報,1080906,個人捐贈收入,周蓁佑,R12*******,50000.00,0.00,,金錢,臺南市東區林****,,
34,郭國文,109年立法委員選舉,首次申報,1080906,個人捐贈收入,顏慶山,R12*******,20000.00,0.00,,金錢,臺南市安定區****,,
35,郭國文,109年立法委員選舉,首次申報,1080906,個人捐贈收入,郭宏文,R12*******,50000.00,0.00,,金錢,臺南市麻豆區****,,
36,郭國文,109年立法委員選舉,首次申報,1080906,個人捐贈收入,郭建成,R12*******,50000.00,0.00,,金錢,臺南市麻豆區****,,
37,郭國文,109年立法委員選舉,首次申報,1080906,個人捐贈收入,潘柏梁,R12*******,30000.00,0.00,,金錢,臺南市麻豆區****,,
38,郭國文,109年立法委員選舉,首次申報,1080906,個人捐贈收入,黃玉如,R22*******,50000.00,0.00,,金錢,臺南市善化區****,,
39,郭國文,109年立法委員選舉,首次申報,1080906,個人捐贈收入,陳美妏,R22*******,100000.00,0.00,,金錢,臺南市中西區****,,
40,郭國文,109年立法委員選舉,首次申報,1080906,個人捐贈收入,陳俊文,V12*******,50000.00,0.00,,金錢,臺南市東區崇****,,
41,郭國文,109年立法委員選舉,首次申報,1080909,個人捐贈收入,陳玉樹,R10*******,2000.00,0.00,,金錢,臺南市七股區****,,
42,郭國文,109年立法委員選舉,首次申報,1080909,個人捐贈收入,鍾明勳,R12*******,20000.00,0.00,,金錢,臺南市東區裕****,,
43,郭國文,109年立法委員選舉,首次申報,1080910,個人捐贈收入,葉志鴻,D12*******,30000.00,0.00,,金錢,臺南市安南區****,,
44,郭國文,109年立法委員選舉,首次申報,1080912,匿名捐贈,匿名3,,1.00,0.00,,金錢,,,
45,郭國文,109年立法委員選舉,首次申報,1080918,個人捐贈收入,許素芬,,3000.00,0.00,,金錢,臺南市新化區****,,
46,郭國文,109年立法委員選舉,首次申報,1080918,政黨捐贈收入,民主進步黨,政黨證字第16號,1000000.00,0.00,,金錢,台北市北平東****,(02)*****,
47,郭國文,109年立法委員選舉,首次申報,1080923,個人捐贈收入,張瑞期,R10*******,30000.00,0.00,,金錢,臺南市麻豆區****,,
48,郭國文,109年立法委員選舉,首次申報,1080927,個人捐贈收入,吳國財,E12*******,20000.00,0.00,,金錢,高雄市左營區****,,
49,郭國文,109年立法委員選舉,首次申報,1081001,營利事業捐贈收入,洺揮建設股份有限公司,53823530,300000.00,0.00,,金錢,臺南市東區裕****,,
50,郭國文,109年立法委員選舉,首次申報,1081002,營利事業捐贈收入,洺揮建設股份有限公司,53823530,200000.00,0.00,,金錢,臺南市東區裕****,,
51,郭國文,109年立法委員選舉,首次申報,1081002,個人捐贈收入,杜逸嵐,D12*******,100000.00,0.00,,金錢,臺南市仁德區****,,
52,郭國文,109年立法委員選舉,首次申報,1081003,個人捐贈收入,蔡宗錡,R12*******,10000.00,0.00,,金錢,臺南市新市區****,,
53,郭國文,109年立法委員選舉,首次申報,1081004,個人捐贈收入,吳秋麗,E22*******,6000.00,0.00,,金錢,臺中市北屯區****,,
54,郭國文,109年立法委員選舉,首次申報,1081005,個人捐贈收入,陳吳奇,,10000.00,0.00,,金錢,臺南市佳里區****,,
55,郭國文,109年立法委員選舉,首次申報,1081007,個人捐贈收入,蘇炳文,E12*******,20000.00,0.00,,金錢,臺南市善化區****,,
56,郭國文,109年立法委員選舉,首次申報,1081007,個人捐贈收入,張月卿,R20*******,10000.00,0.00,,金錢,臺南市新市區****,,
57,郭國文,109年立法委員選舉,首次申報,1081009,個人捐贈收入,羅明哲,,1000.00,0.00,,金錢,臺南市麻豆區****,,
58,郭國文,109年立法委員選舉,首次申報,1081009,個人捐贈收入,李岳駿,F12*******,100000.00,0.00,,金錢,新北市中和區****,,
59,郭國文,109年立法委員選舉,首次申報,1081015,營利事業捐贈收入,五都停車場股份有限公司,25147332,500000.00,0.00,,金錢,臺中市烏日區****,,
60,郭國文,109年立法委員選舉,首次申報,1081015,營利事業捐贈收入,佳大建材工業股份有限公司,72016282,300000.00,0.00,,金錢,臺南市善化區****,,
61,郭國文,109年立法委員選舉,首次申報,1081015,個人捐贈收入,賴建利,R12*******,50000.00,0.00,,金錢,臺南市佳里區****,,
62,郭國文,109年立法委員選舉,首次申報,1081021,個人捐贈收入,林宗弘,C12*******,10000.00,0.00,,金錢,臺北市大安區****,,
63,郭國文,109年立法委員選舉,首次申報,1081023,個人捐贈收入,方碩筠,,3000.00,0.00,,金錢,臺南市佳里區****,,
64,郭國文,109年立法委員選舉,首次申報,1081024,營利事業捐贈收入,金器工業股份有限公司,04486005,100000.00,0.00,,金錢,臺北市大同區****,,
65,郭國文,109年立法委員選舉,首次申報,1081028,營利事業捐贈收入,台灣杉化股份有限公司,12714349,300000.00,0.00,,金錢,臺南市永康區****,,
66,郭國文,109年立法委員選舉,首次申報,1081028,個人捐贈收入,蔡慧樺,L22*******,100000.00,0.00,,金錢,臺南市東區崇****,,
67,郭國文,109年立法委員選舉,首次申報,1081028,個人捐贈收入,張靖明,R12*******,100000.00,0.00,,金錢,臺南市南區新****,,
68,郭國文,109年立法委員選舉,首次申報,1081029,個人捐贈收入,蔡明輝,Y12*******,5000.00,0.00,,金錢,臺南市永康區****,,
69,郭國文,109年立法委員選舉,首次申報,1081030,人民團體捐贈收入,社團法人台南市牙醫師公會,,100000.00,0.00,,金錢,臺南市永康區****,06-3*****,
70,郭國文,109年立法委員選舉,首次申報,1081102,個人捐贈收入,許婷宜,A22*******,100000.00,0.00,,金錢,高雄市鼓山區****,,
71,郭國文,109年立法委員選舉,首次申報,1081102,個人捐贈收入,范秀芳,C22*******,100000.00,0.00,,金錢,高雄市前金區****,,
72,郭國文,109年立法委員選舉,首次申報,1081102,個人捐贈收入,黃俊賢,D12*******,100000.00,0.00,,金錢,臺南市東區仁****,,
73,郭國文,109年立法委員選舉,首次申報,1081102,個人捐贈收入,邱進源,E12*******,100000.00,0.00,,金錢,新北市板橋區****,,
74,郭國文,109年立法委員選舉,首次申報,1081102,個人捐贈收入,吳育綾,E22*******,100000.00,0.00,,金錢,高雄市鼓山區****,,
75,郭國文,109年立法委員選舉,首次申報,1081102,個人捐贈收入,李萬國,F12*******,100000.00,0.00,,金錢,臺南市東區仁****,,
76,郭國文,109年立法委員選舉,首次申報,1081102,個人捐贈收入,陳福成,R10*******,100000.00,0.00,,金錢,臺南市安平區****,,
77,郭國文,109年立法委員選舉,首次申報,1081102,個人捐贈收入,陳福明,R10*******,100000.00,0.00,,金錢,臺南市安平區****,,
78,郭國文,109年立法委員選舉,首次申報,1081102,個人捐贈收入,黃德茂,R12*******,100000.00,0.00,,金錢,臺南市龍崎區****,,
79,郭國文,109年立法委員選舉,首次申報,1081102,個人捐贈收入,王美媖,R22*******,100000.00,0.00,,金錢,臺南市龍崎區****,,
80,郭國文,109年立法委員選舉,首次申報,1081102,個人捐贈收入,楊贄豪,S12*******,100000.00,0.00,,金錢,高雄市三民區****,,
81,郭國文,109年立法委員選舉,首次申報,1081102,個人捐贈收入,楊色玉,S22*******,100000.00,0.00,,金錢,臺北市北投區****,,
82,郭國文,109年立法委員選舉,首次申報,1081102,個人捐贈收入,楊色玲,S22*******,100000.00,0.00,,金錢,高雄市林園區****,,
83,郭國文,109年立法委員選舉,首次申報,1081102,個人捐贈收入,許勝傑,Y12*******,100000.00,0.00,,金錢,臺北市萬華區****,,
84,郭國文,109年立法委員選舉,首次申報,1081102,個人捐贈收入,許鈴君,Y22*******,100000.00,0.00,,金錢,臺北市萬華區****,,
85,郭國文,109年立法委員選舉,首次申報,1081102,個人捐贈收入,許麗君,Y22*******,100000.00,0.00,,金錢,臺北市萬華區****,,
86,郭國文,109年立法委員選舉,首次申報,1081103,個人捐贈收入,謝明峰,A12*******,100000.00,0.00,,金錢,臺北市內湖區****,,
87,郭國文,109年立法委員選舉,首次申報,1081103,個人捐贈收入,謝明軒,A12*******,100000.00,0.00,,金錢,臺北市中山區****,,
88,郭國文,109年立法委員選舉,首次申報,1081103,個人捐贈收入,謝明樹,A12*******,100000.00,0.00,,金錢,臺北市內湖區****,,
89,郭國文,109年立法委員選舉,首次申報,1081103,個人捐贈收入,陳昭明,R10*******,6000.00,0.00,,金錢,臺南市佳里區****,,
90,郭國文,109年立法委員選舉,首次申報,1081103,個人捐贈收入,莊英柳,R22*******,1000.00,0.00,,金錢,臺南市佳里區****,,
91,郭國文,109年立法委員選舉,首次申報,1081104,個人捐贈收入,陳家盛,E10*******,50000.00,0.00,,金錢,高雄市三民區****,,
92,郭國文,109年立法委員選舉,首次申報,1081104,個人捐贈收入,陳家豐,E12*******,50000.00,0.00,,金錢,高雄市三民區****,,
93,郭國文,109年立法委員選舉,首次申報,1081104,個人捐贈收入,陳國信,R12*******,100000.00,0.00,,金錢,新北市蘆洲區****,,
94,郭國文,109年立法委員選舉,首次申報,1081106,營利事業捐贈收入,微風場站開發股份有限公司,28441577,300000.00,0.00,,金錢,臺北市信義區****,,
95,郭國文,109年立法委員選舉,首次申報,1081106,營利事業捐贈收入,寶圓投資有限公司,43874828,200000.00,0.00,,金錢,臺北市中山區****,,
96,郭國文,109年立法委員選舉,首次申報,1081106,個人捐贈收入,李美雲,R20*******,50000.00,0.00,,金錢,臺南市官田區****,,
97,郭國文,109年立法委員選舉,首次申報,1081109,個人捐贈收入,王明美,B22*******,6000.00,0.00,,金錢,臺南市玉井區****,,
98,郭國文,109年立法委員選舉,首次申報,1081109,個人捐贈收入,林成發,R10*******,10000.00,0.00,,金錢,臺南市楠西區****,,
99,郭國文,109年立法委員選舉,首次申報,1081111,個人捐贈收入,丁友昭,R12*******,100000.00,0.00,,金錢,臺南市善化區****,,
100,郭國文,109年立法委員選舉,首次申報,1081111,個人捐贈收入,洪錦秀,R22*******,100000.00,0.00,,金錢,臺南市善化區****,,
101,郭國文,109年立法委員選舉,首次申報,1081113,個人捐贈收入,林建良,,10000.00,0.00,,金錢,臺南市麻豆區****,,
102,郭國文,109年立法委員選舉,首次申報,1081114,個人捐贈收入,毛福安,,10000.00,0.00,,金錢,臺南市新市區****,,
103,郭國文,109年立法委員選舉,首次申報,1081114,個人捐贈收入,黃仰澤,C10*******,100000.00,0.00,,金錢,臺北市大安區****,,
104,郭國文,109年立法委員選舉,首次申報,1081115,個人捐贈收入,溫喬任,B12*******,100000.00,0.00,,金錢,臺南市左鎮區****,,
105,郭國文,109年立法委員選舉,首次申報,1081115,個人捐贈收入,吳南河,R10*******,60000.00,0.00,,金錢,臺南市佳里區****,,
106,郭國文,109年立法委員選舉,首次申報,1081115,個人捐贈收入,溫福泉,R12*******,100000.00,0.00,,金錢,臺南市左鎮區****,,
107,郭國文,109年立法委員選舉,首次申報,1081118,個人捐贈收入,許文萍,E22*******,100000.00,0.00,,金錢,臺南市善化區****,,
108,郭國文,109年立法委員選舉,首次申報,1081118,個人捐贈收入,范思筠,N22*******,60000.00,0.00,,金錢,臺南市中西區****,,
109,郭國文,109年立法委員選舉,首次申報,1081118,個人捐贈收入,林志鴻,R12*******,100000.00,0.00,,金錢,臺南市善化區****,,
110,郭國文,109年立法委員選舉,首次申報,1081119,個人捐贈收入,李進芳,R12*******,20000.00,0.00,,金錢,臺南市永康區****,,
111,郭國文,109年立法委員選舉,首次申報,1081120,個人捐贈收入,王文化,R10*******,20000.00,0.00,,金錢,臺南市山上區****,,
112,郭國文,109年立法委員選舉,首次申報,1081120,個人捐贈收入,洪永長,R12*******,20000.00,0.00,,金錢,臺南市山上區****,,
113,郭國文,109年立法委員選舉,首次申報,1081120,個人捐贈收入,蘇淑汶,R22*******,50000.00,0.00,,金錢,高雄市鼓山區****,,
114,郭國文,109年立法委員選舉,首次申報,1081121,個人捐贈收入,謝進福,R10*******,30000.00,0.00,,金錢,臺南市善化區****,,
115,郭國文,109年立法委員選舉,首次申報,1081121,個人捐贈收入,茅新吉,R10*******,20000.00,0.00,,金錢,臺南市善化區****,,
116,郭國文,109年立法委員選舉,首次申報,1081121,個人捐贈收入,郭忠吉,R12*******,10000.00,0.00,,金錢,臺南市善化區****,,
117,郭國文,109年立法委員選舉,首次申報,1081122,營利事業捐贈收入,生農有限公司,16920518,100000.00,0.00,,金錢,臺南市善化區****,,
118,郭國文,109年立法委員選舉,首次申報,1081122,營利事業捐贈收入,善化貿易有限公司,27615775,100000.00,0.00,,金錢,臺南市善化區****,,
119,郭國文,109年立法委員選舉,首次申報,1081122,個人捐贈收入,楊耿榮,R12*******,20000.00,0.00,,金錢,臺南市善化區****,,
120,郭國文,109年立法委員選舉,首次申報,1081123,匿名捐贈,匿名1,,1000.00,0.00,,金錢,,,
121,郭國文,109年立法委員選舉,首次申報,1081123,個人捐贈收入,陳富厚,,2000.00,0.00,,金錢,臺南市永康區****,,
122,郭國文,109年立法委員選舉,首次申報,1081123,個人捐贈收入,鄭千玉,D22*******,10000.00,0.00,,金錢,臺南市北區臨****,,
123,郭國文,109年立法委員選舉,首次申報,1081123,個人捐贈收入,陳淑娟,D22*******,10000.00,0.00,,金錢,臺北市大安區****,,
124,郭國文,109年立法委員選舉,首次申報,1081123,個人捐贈收入,李昱赬,E22*******,50000.00,0.00,,金錢,臺南市善化區****,,
125,郭國文,109年立法委員選舉,首次申報,1081123,個人捐贈收入,陳國鎮,R10*******,20000.00,0.00,,金錢,臺南市新市區****,,
126,郭國文,109年立法委員選舉,首次申報,1081123,個人捐贈收入,黃永源,R10*******,20000.00,0.00,,金錢,臺南市新化區****,,
127,郭國文,109年立法委員選舉,首次申報,1081123,個人捐贈收入,胡慶輝,R10*******,8000.00,0.00,,金錢,臺南市善化區****,,
128,郭國文,109年立法委員選舉,首次申報,1081123,個人捐贈收入,毛志成,R10*******,100000.00,0.00,,金錢,臺南市永康區****,,
129,郭國文,109年立法委員選舉,首次申報,1081123,個人捐贈收入,郭進義,R10*******,5000.00,0.00,,金錢,臺南市仁德區****,,
130,郭國文,109年立法委員選舉,首次申報,1081123,個人捐贈收入,曾燦雄,R12*******,100000.00,0.00,,金錢,臺南市永康區****,,
131,郭國文,109年立法委員選舉,首次申報,1081123,個人捐贈收入,陳樹葆,R12*******,20000.00,0.00,,金錢,臺南市安定區****,,
132,郭國文,109年立法委員選舉,首次申報,1081123,個人捐贈收入,鄭江山,R12*******,5000.00,0.00,,金錢,臺南市新市區****,,
133,郭國文,109年立法委員選舉,首次申報,1081123,個人捐贈收入,鄭太郡,R12*******,5000.00,0.00,,金錢,臺南市新市區****,,
134,郭國文,109年立法委員選舉,首次申報,1081123,個人捐贈收入,許麗華,R20*******,20000.00,0.00,,金錢,臺南市善化區****,,
135,郭國文,109年立法委員選舉,首次申報,1081123,個人捐贈收入,王森源,S10*******,10000.00,0.00,,金錢,臺南市永康區****,,
136,郭國文,109年立法委員選舉,首次申報,1081123,個人捐贈收入,机慶華,S10*******,2000.00,0.00,,金錢,臺南市永康區****,,
137,郭國文,109年立法委員選舉,首次申報,1081125,個人捐贈收入,謝淵泉,S12*******,100000.00,0.00,,金錢,臺中市中區台****,,
138,郭國文,109年立法委員選舉,首次申報,1081125,個人捐贈收入,鄭文禮,X12*******,100000.00,0.00,,金錢,臺南市東區裕****,,
139,郭國文,109年立法委員選舉,首次申報,1081126,個人捐贈收入,何福壽,R10*******,50000.00,0.00,,金錢,臺南市永康區****,,
140,郭國文,109年立法委員選舉,首次申報,1081126,個人捐贈收入,郭金松,R12*******,5000.00,0.00,,金錢,臺南市西港區****,,
141,郭國文,109年立法委員選舉,首次申報,1081126,個人捐贈收入,黃富宗,R12*******,50000.00,0.00,,金錢,臺南市善化區****,,
142,郭國文,109年立法委員選舉,首次申報,1081126,個人捐贈收入,陳甲辰,R12*******,10000.00,0.00,,金錢,臺南市永康區****,,
143,郭國文,109年立法委員選舉,首次申報,1081127,個人捐贈收入,利錦祥,L10*******,100000.00,0.00,,金錢,臺中市豐原區****,,
144,郭國文,109年立法委員選舉,首次申報,1081127,個人捐贈收入,潘晃宇,L12*******,100000.00,0.00,,金錢,臺中市豐原區****,,
145,郭國文,109年立法委員選舉,首次申報,1081127,個人捐贈收入,陳姿媚,L22*******,100000.00,0.00,,金錢,臺中市豐原區****,,
146,郭國文,109年立法委員選舉,首次申報,1081127,個人捐贈收入,葉誌明,R12*******,20000.00,0.00,,金錢,臺南市北區大****,,
147,郭國文,109年立法委員選舉,首次申報,1081128,個人捐贈收入,方育連,R12*******,100000.00,0.00,,金錢,臺南市新市區****,,
148,郭國文,109年立法委員選舉,首次申報,1081129,營利事業捐贈收入,東森人身保險代理人股份有限公司,80655698,1000000.00,0.00,,金錢,忠孝西路一段****,,
149,郭國文,109年立法委員選舉,首次申報,1081129,個人捐贈收入,吳高益,R10*******,100000.00,0.00,,金錢,臺南市柳營區****,,
150,郭國文,109年立法委員選舉,首次申報,1081129,個人捐贈收入,楊益銘,R12*******,100000.00,0.00,,金錢,臺南市新市區****,,
151,郭國文,109年立法委員選舉,首次申報,1081129,個人捐贈收入,李淑燕,R22*******,50000.00,0.00,,金錢,臺南市善化區****,,
152,郭國文,109年立法委員選舉,首次申報,1081130,個人捐贈收入,許正昌,,20000.00,0.00,,金錢,臺南市安南區****,,
153,郭國文,109年立法委員選舉,首次申報,1081130,個人捐贈收入,葉榮光,,3000.00,0.00,,金錢,臺南市新營區****,,
154,郭國文,109年立法委員選舉,首次申報,1081130,營利事業捐贈收入,台農有限公司,28819262,30000.00,0.00,,金錢,臺南市佳里區****,,
155,郭國文,109年立法委員選舉,首次申報,1081202,營利事業捐贈收入,廣翰瀝青有限公司,12927526,200000.00,0.00,,金錢,臺南市安定區****,,
156,郭國文,109年立法委員選舉,首次申報,1081202,個人捐贈收入,蔡耀宗,D10*******,100000.00,0.00,,金錢,臺南市安定區****,,
157,郭國文,109年立法委員選舉,首次申報,1081202,個人捐贈收入,林美珠,F20*******,100000.00,0.00,,金錢,臺北市大同區****,,
158,郭國文,109年立法委員選舉,首次申報,1081202,個人捐贈收入,蔡昕達,Q12*******,50000.00,0.00,,金錢,臺南市新市區****,,
159,郭國文,109年立法委員選舉,首次申報,1081203,營利事業捐贈收入,佳新鈴木汽車股份有限公司,53166937,100000.00,0.00,,金錢,臺南市永康區****,,
160,郭國文,109年立法委員選舉,首次申報,1081203,營利事業捐贈收入,瑞特汽車股份有限公司,80332500,100000.00,0.00,,金錢,臺南市永康區****,,
161,郭國文,109年立法委員選舉,首次申報,1081203,個人捐贈收入,陳南州,D10*******,100000.00,0.00,,金錢,臺南市七股區****,,
162,郭國文,109年立法委員選舉,首次申報,1081203,個人捐贈收入,李百爵,R10*******,100000.00,0.00,,金錢,臺南市南區金****,,
163,郭國文,109年立法委員選舉,首次申報,1081204,個人捐贈收入,陳逸安,,20000.00,0.00,,金錢,臺南市佳里區****,,
164,郭國文,109年立法委員選舉,首次申報,1081204,營利事業捐贈收入,鼎豐傳播事業股份有限公司,16094221,1000000.00,0.00,,金錢,臺北市中正區****,,
165,郭國文,109年立法委員選舉,首次申報,1081205,個人捐贈收入,黃維明,,20000.00,0.00,,金錢,臺南市佳里區****,,
166,郭國文,109年立法委員選舉,首次申報,1081205,營利事業捐贈收入,和蕙有限公司,45891225,100000.00,0.00,,金錢,臺南市佳里區****,,
167,郭國文,109年立法委員選舉,首次申報,1081205,個人捐贈收入,戴梁春梅,D22*******,90000.00,0.00,,金錢,臺南市西港區****,,
168,郭國文,109年立法委員選舉,首次申報,1081205,個人捐贈收入,林和均,R10*******,100000.00,0.00,,金錢,臺南市佳里區****,,
169,郭國文,109年立法委員選舉,首次申報,1081205,個人捐贈收入,戴登寶,R12*******,90000.00,0.00,,金錢,臺南市西港區****,,
170,郭國文,109年立法委員選舉,首次申報,1081205,個人捐贈收入,戴國哲,R12*******,60000.00,0.00,,金錢,臺南市西港區****,,
171,郭國文,109年立法委員選舉,首次申報,1081205,個人捐贈收入,戴碧慧,R22*******,60000.00,0.00,,金錢,臺南市西港區****,,
172,郭國文,109年立法委員選舉,首次申報,1081205,個人捐贈收入,曾楹珍,R22*******,100000.00,0.00,,金錢,臺南市北區文****,,
173,郭國文,109年立法委員選舉,首次申報,1081206,營利事業捐贈收入,寶臨投資有限公司,52497136,200000.00,0.00,,金錢,臺北市中山區****,,
174,郭國文,109年立法委員選舉,首次申報,1081206,個人捐贈收入,吳政翰,D12*******,100000.00,0.00,,金錢,臺南市安南區****,,
175,郭國文,109年立法委員選舉,首次申報,1081206,個人捐贈收入,李鴻儀,F22*******,100000.00,0.00,,金錢,桃園市龜山區****,,
176,郭國文,109年立法委員選舉,首次申報,1081206,個人捐贈收入,林慧珍,M22*******,6000.00,0.00,,金錢,新北市中和區****,,
177,郭國文,109年立法委員選舉,首次申報,1081206,個人捐贈收入,陳威瑾,Q12*******,100000.00,0.00,,金錢,臺南市山上區****,,
178,郭國文,109年立法委員選舉,首次申報,1081209,個人捐贈收入,蔡媛琪,R22*******,100000.00,0.00,,金錢,臺南市北區開****,,
179,郭國文,109年立法委員選舉,首次申報,1081210,個人捐贈收入,楊焱森,,5000.00,0.00,,金錢,臺南市新化區****,,
180,郭國文,109年立法委員選舉,首次申報,1081210,個人捐贈收入,葉安晉,Q12*******,2000.00,0.00,,金錢,嘉義市南京路****,,
181,郭國文,109年立法委員選舉,首次申報,1081210,個人捐贈收入,王明元,R10*******,20000.00,0.00,,金錢,臺南市麻豆區****,,
182,郭國文,109年立法委員選舉,首次申報,1081210,個人捐贈收入,黃榮裕,R12*******,100000.00,0.00,,金錢,臺南市麻豆區****,,
183,郭國文,109年立法委員選舉,首次申報,1081210,個人捐贈收入,張國強,R12*******,100000.00,0.00,,金錢,臺南市新營區****,,
184,郭國文,109年立法委員選舉,首次申報,1081210,個人捐贈收入,林景鴻,R12*******,100000.00,0.00,,金錢,臺南市後壁區****,,
185,郭國文,109年立法委員選舉,首次申報,1081210,個人捐贈收入,段幸昂,R22*******,100000.00,0.00,,金錢,臺南市永康區****,,
186,郭國文,109年立法委員選舉,首次申報,1081211,個人捐贈收入,廖宏邦,,2000.00,0.00,,金錢,臺南市南化區****,,
187,郭國文,109年立法委員選舉,首次申報,1081211,營利事業捐贈收入,異人館國際餐飲股份有限公司,28780528,50000.00,0.00,,金錢,臺南市中西區****,,
188,郭國文,109年立法委員選舉,首次申報,1081211,個人捐贈收入,李昀錚,R12*******,5000.00,0.00,,金錢,臺南市中西區****,,
189,郭國文,109年立法委員選舉,首次申報,1081212,個人捐贈收入,翁佳驥,,10000.00,0.00,,金錢,新北市汐止區****,,
190,郭國文,109年立法委員選舉,首次申報,1081213,營利事業捐贈收入,萬全營造有限公司,24912512,30000.00,0.00,,金錢,臺南市永康區****,,
191,郭國文,109年立法委員選舉,首次申報,1081213,營利事業捐贈收入,金城堡股份有限公司,28407260,20000.00,0.00,,金錢,臺南市永康區****,,
192,郭國文,109年立法委員選舉,首次申報,1081213,營利事業捐贈收入,速配鼎國際股份有限公司,80217614,20000.00,0.00,,金錢,臺南市永康區****,,
193,郭國文,109年立法委員選舉,首次申報,1081213,營利事業捐贈收入,聯陳企業有限公司,84418775,30000.00,0.00,,金錢,臺南市永康區****,,
194,郭國文,109年立法委員選舉,首次申報,1081213,個人捐贈收入,呂晶晶,D22*******,50000.00,0.00,,金錢,臺南市永康區****,,
195,郭國文,109年立法委員選舉,首次申報,1081213,個人捐贈收入,李華洲,R12*******,20000.00,0.00,,金錢,臺南市中西區****,,
196,郭國文,109年立法委員選舉,首次申報,1081214,個人捐贈收入,李志聖,,1000.00,0.00,,金錢,臺南市新化區****,,
197,郭國文,109年立法委員選舉,首次申報,1081214,個人捐贈收入,方兟鈿,R10*******,100000.00,0.00,,金錢,臺南市麻豆區****,,
198,郭國文,109年立法委員選舉,首次申報,1081214,個人捐贈收入,李仙德,R10*******,10000.00,0.00,,金錢,臺南市東區裕****,,
199,郭國文,109年立法委員選舉,首次申報,1081214,個人捐贈收入,蔡明詳,R10*******,10000.00,0.00,,金錢,臺南市南化區****,,
200,郭國文,109年立法委員選舉,首次申報,1081214,個人捐贈收入,陳月嬌,R22*******,100000.00,0.00,,金錢,臺南市麻豆區****,,
201,郭國文,109年立法委員選舉,首次申報,1081215,個人捐贈收入,江木桂,R10*******,3000.00,0.00,,金錢,臺南市楠西區****,,
202,郭國文,109年立法委員選舉,首次申報,1081215,個人捐贈收入,邱俊融,R12*******,50000.00,0.00,,金錢,臺南市北區中****,,
203,郭國文,109年立法委員選舉,首次申報,1081216,人民團體捐贈收入,大同股份有限公司關係企業工會,,30000.00,0.00,,金錢,臺北市中山區****,02-2*****,
204,郭國文,109年立法委員選舉,首次申報,1081217,個人捐贈收入,陳昭良,R10*******,6000.00,0.00,,金錢,臺南市善化區****,,
205,郭國文,109年立法委員選舉,首次申報,1081217,個人捐贈收入,郭秉鑫,R12*******,20000.00,0.00,,金錢,臺南市安定區****,,
206,郭國文,109年立法委員選舉,首次申報,1081218,個人捐贈收入,蕭全政,,10000.00,0.00,,金錢,臺北市中正區****,,
207,郭國文,109年立法委員選舉,首次申報,1081219,人民團體捐贈收入,中華民國藥師公會全國聯合會,,100000.00,0.00,,金錢,臺北市中山區****,02-2*****,
208,郭國文,109年立法委員選舉,首次申報,1081219,營利事業捐贈收入,達麗建設事業股份有限公司,04477420,100000.00,0.00,,金錢,臺北市中山區****,,
209,郭國文,109年立法委員選舉,首次申報,1081219,營利事業捐贈收入,寶信營造股份有限公司,16494129,100000.00,0.00,,金錢,臺北市中山區****,,
210,郭國文,109年立法委員選舉,首次申報,1081219,營利事業捐贈收入,力麒建設股份有限公司,86690644,100000.00,0.00,,金錢,臺北市中山區****,,
211,郭國文,109年立法委員選舉,首次申報,1081219,營利事業捐贈收入,弘祥投資股份有限公司,89399903,100000.00,0.00,,金錢,臺北市中山區****,,
212,郭國文,109年立法委員選舉,首次申報,1081219,營利事業捐贈收入,弘祥投資股份有限公司,89399903,100000.00,0.00,,金錢,松江路號樓****,,
213,郭國文,109年立法委員選舉,首次申報,1081220,個人捐贈收入,方龍宮,,2000.00,0.00,,金錢,臺南市麻豆區****,,
214,郭國文,109年立法委員選舉,首次申報,1081220,營利事業捐贈收入,國昕電腦股份有限公司,16934386,30000.00,0.00,,金錢,臺南市佳里區****,,
215,郭國文,109年立法委員選舉,首次申報,1081220,營利事業捐贈收入,宣禹實業股份有限公司,86209422,100000.00,0.00,,金錢,臺南市山上區****,,
216,郭國文,109年立法委員選舉,首次申報,1081220,個人捐贈收入,林一男,R10*******,20000.00,0.00,,金錢,臺南市麻豆區****,,
217,郭國文,109年立法委員選舉,首次申報,1081221,其他收入,利息收入,,606.00,0.00,,金錢,,,
218,郭國文,109年立法委員選舉,首次申報,1081221,個人捐贈收入,蔡四松,Q10*******,40000.00,0.00,,金錢,臺南市東區裕****,,
219,郭國文,109年立法委員選舉,首次申報,1081221,個人捐贈收入,郭朝萬,R10*******,100000.00,0.00,,金錢,臺南市北區文****,,
220,郭國文,109年立法委員選舉,首次申報,1081223,營利事業捐贈收入,技航科技股份有限公司,28854746,200000.00,0.00,,金錢,臺北市內湖區****,,
221,郭國文,109年立法委員選舉,首次申報,1081223,個人捐贈收入,郭文俊,R12*******,50000.00,0.00,,金錢,臺南市善化區****,,
222,郭國文,109年立法委員選舉,首次申報,1081224,個人捐贈收入,李世明,,10000.00,0.00,,金錢,臺南市仁德區****,,
223,郭國文,109年立法委員選舉,首次申報,1081224,個人捐贈收入,翁韶嶽,Q12*******,50000.00,0.00,,金錢,臺南市永康區****,,
224,郭國文,109年立法委員選舉,首次申報,1081225,個人捐贈收入,溫財炳,S12*******,100000.00,0.00,,金錢,新北市蘆洲區****,,
225,郭國文,109年立法委員選舉,首次申報,1081226,營利事業捐贈收入,台灣銅業科技股份有限公司,97270752,80000.00,0.00,,金錢,臺南市鹽水區****,,
226,郭國文,109年立法委員選舉,首次申報,1081227,營利事業捐贈收入,金玉珍銀樓,74133407,20000.00,0.00,,金錢,臺南市西港區****,,
227,郭國文,109年立法委員選舉,首次申報,1081227,營利事業捐贈收入,翔仁企業有限公司,86448373,20000.00,0.00,,金錢,臺南市新市區****,,
228,郭國文,109年立法委員選舉,首次申報,1081227,營利事業捐贈收入,成綸企業股份有限公司,89651429,300000.00,0.00,,金錢,臺南市永康區****,,
229,郭國文,109年立法委員選舉,首次申報,1081227,個人捐贈收入,段宜康,A12*******,100000.00,0.00,,金錢,臺北市松山區****,,
230,郭國文,109年立法委員選舉,首次申報,1081227,個人捐贈收入,林彥偉,F12*******,20000.00,0.00,,金錢,臺南市佳里區****,,
231,郭國文,109年立法委員選舉,首次申報,1081227,個人捐贈收入,郭銀發,R12*******,20000.00,0.00,,金錢,臺南市善化區****,,
232,郭國文,109年立法委員選舉,首次申報,1081228,個人捐贈收入,康文榮,R12*******,30000.00,0.00,,金錢,臺南市新化區****,,
233,郭國文,109年立法委員選舉,首次申報,1081228,個人捐贈收入,楊政財,R12*******,30000.00,0.00,,金錢,臺南市新化區****,,
234,郭國文,109年立法委員選舉,首次申報,1081230,匿名捐贈,匿名2,,2000.00,0.00,,金錢,,,
235,郭國文,109年立法委員選舉,首次申報,1081230,個人捐贈收入,黃新立,R10*******,6000.00,0.00,,金錢,臺南市七股區****,,
236,郭國文,109年立法委員選舉,首次申報,1081230,個人捐贈收入,鄭清紂,R10*******,6000.00,0.00,,金錢,臺南市善化區****,,
237,郭國文,109年立法委員選舉,首次申報,1081230,個人捐贈收入,黃登木,R12*******,10000.00,0.00,,金錢,桃園市桃園區****,,
238,郭國文,109年立法委員選舉,首次申報,1090101,營利事業捐贈收入,年冠實業股份有限公司,12353062,200000.00,0.00,,金錢,臺南市新營區****,,
239,郭國文,109年立法委員選舉,首次申報,1090101,個人捐贈收入,王正坤,R12*******,10000.00,0.00,,金錢,臺南市東區東****,,
240,郭國文,109年立法委員選舉,首次申報,1090102,個人捐贈收入,溫榮泰,,10000.00,0.00,,金錢,臺南市左鎮區****,,
241,郭國文,109年立法委員選舉,首次申報,1090102,營利事業捐贈收入,振偉國際營造有限公司,64591781,500000.00,0.00,,金錢,臺南市善化區****,,
242,郭國文,109年立法委員選舉,首次申報,1090102,營利事業捐贈收入,華菱開發股份有限公司,70522489,300000.00,0.00,,金錢,臺南市新市區****,,
243,郭國文,109年立法委員選舉,首次申報,1090102,個人捐贈收入,李明昆,A12*******,100000.00,0.00,,金錢,臺北市內湖區****,,
244,郭國文,109年立法委員選舉,首次申報,1090102,個人捐贈收入,林家萱,P22*******,100000.00,0.00,,金錢,臺北市內湖區****,,
245,郭國文,109年立法委員選舉,首次申報,1090102,個人捐贈收入,黃石柱,R10*******,100000.00,0.00,,金錢,臺南市七股區****,,
246,郭國文,109年立法委員選舉,首次申報,1090102,個人捐贈收入,林黃麗香,R20*******,10000.00,0.00,,金錢,臺南市佳里區****,,
247,郭國文,109年立法委員選舉,首次申報,1090103,個人捐贈收入,陳麗雯,K22*******,100000.00,0.00,,金錢,臺北市松山區****,,
248,郭國文,109年立法委員選舉,首次申報,1090105,個人捐贈收入,陳洋裕,N10*******,100000.00,0.00,,金錢,彰化縣彰化市****,,
249,郭國文,109年立法委員選舉,首次申報,1090107,個人捐贈收入,吳朝景,,5000.00,0.00,,金錢,臺中市北屯區****,,
250,郭國文,109年立法委員選舉,首次申報,1090107,個人捐贈收入,陳慶邦,R10*******,2000.00,0.00,,金錢,臺南市永康區****,,
251,郭國文,109年立法委員選舉,首次申報,1090108,個人捐贈收入,張聿民,E12*******,50000.00,0.00,,金錢,臺南市東區裕****,,
252,郭國文,109年立法委員選舉,首次申報,1090108,個人捐贈收入,謝萬省,N10*******,100000.00,0.00,,金錢,臺北市大安區****,,
253,郭國文,109年立法委員選舉,首次申報,1090108,個人捐贈收入,蔡宗霖,Q12*******,100000.00,0.00,,金錢,臺南市麻豆區****,,
254,郭國文,109年立法委員選舉,首次申報,1090108,個人捐贈收入,郭輝賢,R12*******,20000.00,0.00,,金錢,臺南市永康區****,,
255,郭國文,109年立法委員選舉,首次申報,1090108,個人捐贈收入,吳慈念,T20*******,50000.00,0.00,,金錢,臺南市東區裕****,,
256,郭國文,109年立法委員選舉,首次申報,1090108,個人捐贈收入,吳慈恩,T22*******,50000.00,0.00,,金錢,臺南市東區裕****,,
257,郭國文,109年立法委員選舉,首次申報,1090109,個人捐贈收入,劉美玉,,5000.00,0.00,,金錢,臺南市善化區****,,
258,郭國文,109年立法委員選舉,首次申報,1090109,營利事業捐贈收入,南良實業股份有限公司,73176434,100000.00,0.00,,金錢,鹽洲里洲尾街****,,
259,郭國文,109年立法委員選舉,首次申報,1090110,個人捐贈收入,蔡逸民,D12*******,100000.00,0.00,,金錢,臺南市安定區****,,
260,郭國文,109年立法委員選舉,首次申報,1090110,個人捐贈收入,林品勳,D12*******,60000.00,0.00,,金錢,臺南市安南區****,,
261,郭國文,109年立法委員選舉,首次申報,1090110,個人捐贈收入,湯皓雲,D12*******,100000.00,0.00,,金錢,桃園市桃園區****,,
262,郭國文,109年立法委員選舉,首次申報,1090110,個人捐贈收入,許家榮,D12*******,100000.00,0.00,,金錢,臺南市北區文****,,
263,郭國文,109年立法委員選舉,首次申報,1090110,個人捐贈收入,呂鴻圖,P12*******,100000.00,0.00,,金錢,臺北市南港區****,,
264,郭國文,109年立法委員選舉,首次申報,1090110,個人捐贈收入,周榮祥,R12*******,6000.00,0.00,,金錢,臺南市七股區****,,
265,郭國文,109年立法委員選舉,首次申報,1090110,個人捐贈收入,郭國輝,R12*******,32000.00,0.00,,金錢,臺南市歸仁區****,,
266,郭國文,109年立法委員選舉,首次申報,1090110,個人捐贈收入,黃俊彥,R12*******,50000.00,0.00,,金錢,臺南市佳里區****,,
267,郭國文,109年立法委員選舉,首次申報,1090110,個人捐贈收入,林黃蕙香,R20*******,100000.00,0.00,,金錢,臺南市佳里區****,,
268,郭國文,109年立法委員選舉,首次申報,1090110,個人捐贈收入,陳碧媛,R22*******,100000.00,0.00,,金錢,臺南市歸仁區****,,
269,郭國文,109年立法委員選舉,首次申報,1090110,個人捐贈收入,宋魯文,S12*******,30000.00,0.00,,金錢,高雄市路竹區****,,
270,郭國文,109年立法委員選舉,首次申報,1090110,個人捐贈收入,郭耀文,S12*******,100000.00,0.00,,金錢,臺南市安平區****,,
271,郭國文,109年立法委員選舉,首次申報,1090110,個人捐贈收入,陳郁婷,S22*******,100000.00,0.00,,金錢,臺南市安平區****,,
272,郭國文,109年立法委員選舉,首次申報,1090110,個人捐贈收入,陳乾錟,T12*******,38000.00,0.00,,金錢,臺南市歸仁區****,,
