﻿序號,擬參選人／政黨,選舉名稱,申報序號／年度,交易日期,收支科目,捐贈者／支出對象,身分證／統一編號,收入金額,支出金額,支出用途,金錢類,地址,聯絡電話,資料更正日期
1,陳玫娟,107年直轄市議員選舉,首次申報,1070821,個人捐贈收入,蘇明輝,S12*******,20000.00,0.00,,金錢,高雄市鳥松區****,,
2,陳玫娟,107年直轄市議員選舉,首次申報,1070831,營利事業捐贈收入,裕鋐實業股份有限公司,13141995,300000.00,0.00,,金錢,高雄市大樹區****,,
3,陳玫娟,107年直轄市議員選舉,首次申報,1070905,個人捐贈收入,柯雅然,E22*******,50000.00,0.00,,非金錢,臺南市新營區****,,
4,陳玫娟,107年直轄市議員選舉,首次申報,1070916,匿名捐贈,匿名,,147.00,0.00,,金錢,,,
5,陳玫娟,107年直轄市議員選舉,首次申報,1070925,個人捐贈收入,林俊良,E10*******,50000.00,0.00,,金錢,高雄市楠梓區****,,
6,陳玫娟,107年直轄市議員選舉,首次申報,1071002,營利事業捐贈收入,勝一化工股份有限公司,75970680,100000.00,0.00,,金錢,高雄市永安區****,,
7,陳玫娟,107年直轄市議員選舉,首次申報,1071002,個人捐贈收入,沈震宇,E12*******,12000.00,0.00,,金錢,高雄市鳥松區****,,
8,陳玫娟,107年直轄市議員選舉,首次申報,1071002,個人捐贈收入,劉文琦,E12*******,4000.00,0.00,,金錢,臺北市大安區****,,
9,陳玫娟,107年直轄市議員選舉,首次申報,1071002,個人捐贈收入,鍾朝昌,E12*******,4000.00,0.00,,金錢,高雄市左營區****,,
10,陳玫娟,107年直轄市議員選舉,首次申報,1071002,個人捐贈收入,呂勵忠,E12*******,50000.00,0.00,,金錢,高雄市新興區****,,
11,陳玫娟,107年直轄市議員選舉,首次申報,1071004,個人捐贈收入,朱火木,E10*******,12000.00,0.00,,金錢,高雄市楠梓區****,,
12,陳玫娟,107年直轄市議員選舉,首次申報,1071004,個人捐贈收入,江英隆,S10*******,20000.00,0.00,,金錢,高雄市新興區****,,
13,陳玫娟,107年直轄市議員選舉,首次申報,1071005,個人捐贈收入,林掙和,E10*******,100000.00,0.00,,金錢,高雄市三民區****,,
14,陳玫娟,107年直轄市議員選舉,首次申報,1071005,個人捐贈收入,李人頴,E12*******,20000.00,0.00,,金錢,高雄市左營區****,,
15,陳玫娟,107年直轄市議員選舉,首次申報,1071008,營利事業捐贈收入,高園營造有限公司,16805778,200000.00,0.00,,金錢,高雄市前鎮區****,,
16,陳玫娟,107年直轄市議員選舉,首次申報,1071008,個人捐贈收入,陳哲恭,E10*******,10000.00,0.00,,金錢,高雄市苓雅區****,,
17,陳玫娟,107年直轄市議員選舉,首次申報,1071008,個人捐贈收入,陳燈煌,P12*******,10000.00,0.00,,金錢,高雄市苓雅區****,,
18,陳玫娟,107年直轄市議員選舉,首次申報,1071008,個人捐贈收入,張齡方,Q22*******,10000.00,0.00,,金錢,高雄市苓雅區****,,
19,陳玫娟,107年直轄市議員選舉,首次申報,1071009,營利事業捐贈收入,永堂建設股份有限公司,86685396,24000.00,0.00,,金錢,高雄市新興區****,,
20,陳玫娟,107年直轄市議員選舉,首次申報,1071011,個人捐贈收入,鄭順榮,S12*******,2000.00,0.00,,金錢,高雄市左營區****,,
21,陳玫娟,107年直轄市議員選舉,首次申報,1071012,個人捐贈收入,史茂榮,E12*******,100000.00,0.00,,金錢,高雄市左營區****,,
22,陳玫娟,107年直轄市議員選舉,首次申報,1071012,個人捐贈收入,黃馨荷,E22*******,30000.00,0.00,,金錢,高雄市三民區****,,
23,陳玫娟,107年直轄市議員選舉,首次申報,1071012,個人捐贈收入,曾翌捷,H12*******,100000.00,0.00,,金錢,高雄市左營區****,,
24,陳玫娟,107年直轄市議員選舉,首次申報,1071012,個人捐贈收入,陳春木,N12*******,100000.00,0.00,,金錢,高雄市左營區****,,
25,陳玫娟,107年直轄市議員選舉,首次申報,1071015,個人捐贈收入,盧國璋,E10*******,100000.00,0.00,,金錢,高雄市新興區****,,
26,陳玫娟,107年直轄市議員選舉,首次申報,1071016,匿名捐贈,匿名,,2000.00,0.00,,金錢,,,
27,陳玫娟,107年直轄市議員選舉,首次申報,1071016,匿名捐贈,匿名,,5000.00,0.00,,金錢,,,
28,陳玫娟,107年直轄市議員選舉,首次申報,1071016,個人捐贈收入,馬武雄,D10*******,1000.00,0.00,,金錢,,,
29,陳玫娟,107年直轄市議員選舉,首次申報,1071018,營利事業捐贈收入,建展營造有限公司,97377939,60000.00,0.00,,金錢,F臺中縣大里****,,
30,陳玫娟,107年直轄市議員選舉,首次申報,1071018,個人捐贈收入,藍振芳,E10*******,10000.00,0.00,,金錢,高雄市左營區****,,
31,陳玫娟,107年直轄市議員選舉,首次申報,1071018,個人捐贈收入,吳蘭妹,T20*******,1000.00,0.00,,金錢,高雄市楠梓區****,,
32,陳玫娟,107年直轄市議員選舉,首次申報,1071021,個人捐贈收入,張嘉文,S12*******,2000.00,0.00,,金錢,高雄市岡山區****,,
33,陳玫娟,107年直轄市議員選舉,首次申報,1071022,匿名捐贈,匿名,,1000.00,0.00,,金錢,,,
34,陳玫娟,107年直轄市議員選舉,首次申報,1071023,個人捐贈收入,林德造,,20000.00,0.00,,金錢,高雄市左營區****,,
35,陳玫娟,107年直轄市議員選舉,首次申報,1071023,個人捐贈收入,洪維鴻,,20000.00,0.00,,金錢,高雄市苓雅區****,,
36,陳玫娟,107年直轄市議員選舉,首次申報,1071023,個人捐贈收入,李季鐘,,30000.00,0.00,,金錢,高雄市鳥松區****,,
37,陳玫娟,107年直轄市議員選舉,首次申報,1071023,營利事業捐贈收入,上豐加油站股份有限公司,80367556,100000.00,0.00,,金錢,高雄市左營區****,,
38,陳玫娟,107年直轄市議員選舉,首次申報,1071023,營利事業捐贈收入,信宇投資股份有限公司,86687839,100000.00,0.00,,金錢,松高路號樓****,,
39,陳玫娟,107年直轄市議員選舉,首次申報,1071023,個人捐贈收入,易煥民,A12*******,10000.00,0.00,,金錢,高雄市左營區****,,
40,陳玫娟,107年直轄市議員選舉,首次申報,1071023,個人捐贈收入,周素蘭,N22*******,20000.00,0.00,,金錢,高雄市三民區****,,
41,陳玫娟,107年直轄市議員選舉,首次申報,1071024,個人捐贈收入,王健柔,E22*******,1000.00,0.00,,金錢,,,
42,陳玫娟,107年直轄市議員選舉,首次申報,1071025,匿名捐贈,匿名,,1200.00,0.00,,金錢,,,
43,陳玫娟,107年直轄市議員選舉,首次申報,1071025,個人捐贈收入,劉志亮,E12*******,20000.00,0.00,,金錢,,,
44,陳玫娟,107年直轄市議員選舉,首次申報,1071025,個人捐贈收入,黃瑛瑛,E22*******,20000.00,0.00,,金錢,高雄市左營區****,,
45,陳玫娟,107年直轄市議員選舉,首次申報,1071025,個人捐贈收入,鄒秀華,S22*******,10000.00,0.00,,金錢,高雄市左營區****,,
46,陳玫娟,107年直轄市議員選舉,首次申報,1071026,營利事業捐贈收入,鴻展建設股份有限公司,97137039,30000.00,0.00,,金錢,高雄市新興區****,,
47,陳玫娟,107年直轄市議員選舉,首次申報,1071027,個人捐贈收入,汪ˇ德,A10*******,20000.00,0.00,,金錢,臺北市中山區****,,
48,陳玫娟,107年直轄市議員選舉,首次申報,1071027,個人捐贈收入,李韶殷,E22*******,10000.00,0.00,,金錢,高雄市左營區****,,
49,陳玫娟,107年直轄市議員選舉,首次申報,1071029,匿名捐贈,匿名,,1000.00,0.00,,金錢,,,
50,陳玫娟,107年直轄市議員選舉,首次申報,1071029,匿名捐贈,匿名,,5000.00,0.00,,金錢,,,
51,陳玫娟,107年直轄市議員選舉,首次申報,1071030,個人捐贈收入,林裕晴,E12*******,10000.00,0.00,,金錢,高雄市左營區****,,
52,陳玫娟,107年直轄市議員選舉,首次申報,1071031,個人捐贈收入,澎麗秋,E20*******,2000.00,0.00,,金錢,,,
53,陳玫娟,107年直轄市議員選舉,首次申報,1071102,人民團體捐贈收入,高雄市中藥商業同業公會,,20000.00,0.00,,金錢,高雄市三民區****,3217*****,
54,陳玫娟,107年直轄市議員選舉,首次申報,1071106,匿名捐贈,匿名,,2000.00,0.00,,金錢,,,
55,陳玫娟,107年直轄市議員選舉,首次申報,1071106,個人捐贈收入,沈震宇,E12*******,10000.00,0.00,,金錢,高雄市鳥松區****,,
56,陳玫娟,107年直轄市議員選舉,首次申報,1071107,匿名捐贈,匿名,,10000.00,0.00,,金錢,,,
57,陳玫娟,107年直轄市議員選舉,首次申報,1071107,營利事業捐贈收入,高都汽車股份有限公司,85961513,30000.00,0.00,,金錢,高雄市岡山區****,,
58,陳玫娟,107年直轄市議員選舉,首次申報,1071108,個人捐贈收入,王碩傑,D12*******,20000.00,0.00,,金錢,臺南市永康區****,,
59,陳玫娟,107年直轄市議員選舉,首次申報,1071108,個人捐贈收入,黃一珊,E10*******,20000.00,0.00,,金錢,屏東縣恆春鎮****,,
60,陳玫娟,107年直轄市議員選舉,首次申報,1071108,個人捐贈收入,莊傳宗,E10*******,20000.00,0.00,,金錢,高雄市前金區****,,
61,陳玫娟,107年直轄市議員選舉,首次申報,1071109,匿名捐贈,匿名,,500.00,0.00,,金錢,,,
62,陳玫娟,107年直轄市議員選舉,首次申報,1071109,匿名捐贈,匿名,,1000.00,0.00,,金錢,,,
63,陳玫娟,107年直轄市議員選舉,首次申報,1071110,個人捐贈收入,陳萬達,E10*******,100000.00,0.00,,金錢,高雄市楠梓區****,,
64,陳玫娟,107年直轄市議員選舉,首次申報,1071110,個人捐贈收入,陳進川,E12*******,100000.00,0.00,,金錢,高雄市楠梓區****,,
65,陳玫娟,107年直轄市議員選舉,首次申報,1071110,個人捐贈收入,陳三才,E12*******,100000.00,0.00,,金錢,高雄市楠梓區****,,
66,陳玫娟,107年直轄市議員選舉,首次申報,1071110,個人捐贈收入,朱秀玲,E22*******,20000.00,0.00,,金錢,高雄市左營區****,,
67,陳玫娟,107年直轄市議員選舉,首次申報,1071110,個人捐贈收入,謝秋敏,H22*******,100000.00,0.00,,金錢,高雄市楠梓區****,,
68,陳玫娟,107年直轄市議員選舉,首次申報,1071110,個人捐贈收入,王豔惠,R20*******,100000.00,0.00,,金錢,高雄市楠梓區****,,
69,陳玫娟,107年直轄市議員選舉,首次申報,1071110,個人捐贈收入,劉境倫,S12*******,3000.00,0.00,,金錢,高雄市左營區****,,
70,陳玫娟,107年直轄市議員選舉,首次申報,1071116,個人捐贈收入,黃淑媛,D20*******,100000.00,0.00,,金錢,臺北市信義區****,,
71,陳玫娟,107年直轄市議員選舉,首次申報,1071116,個人捐贈收入,李懋華,G10*******,100000.00,0.00,,金錢,臺北市信義區****,,
72,陳玫娟,107年直轄市議員選舉,首次申報,1071117,個人捐贈收入,吳國亮,,1000.00,0.00,,金錢,高雄市左營區****,,
73,陳玫娟,107年直轄市議員選舉,首次申報,1071117,營利事業捐贈收入,遠東建設事業股份有限公司,05151717,50000.00,0.00,,金錢,臺北市信義區****,,
74,陳玫娟,107年直轄市議員選舉,首次申報,1071117,營利事業捐贈收入,建誌營造股份有限公司,85695234,100000.00,0.00,,金錢,高雄市左營區****,,
75,陳玫娟,107年直轄市議員選舉,首次申報,1071117,個人捐贈收入,李孟賢,E10*******,50000.00,0.00,,金錢,高雄市鼓山區****,,
76,陳玫娟,107年直轄市議員選舉,首次申報,1071117,個人捐贈收入,方健良,E10*******,100000.00,0.00,,金錢,高雄市三民區****,,
77,陳玫娟,107年直轄市議員選舉,首次申報,1071117,個人捐贈收入,江秀娥,E20*******,1000.00,0.00,,金錢,高雄市左營區****,,
78,陳玫娟,107年直轄市議員選舉,首次申報,1071117,個人捐贈收入,陳渝雯,E22*******,100000.00,0.00,,金錢,高雄市左營區****,,
79,陳玫娟,107年直轄市議員選舉,首次申報,1071120,人民團體捐贈收入,台灣社區醫院協會,,20000.00,0.00,,金錢,高雄市三民區****,07-3*****,
80,陳玫娟,107年直轄市議員選舉,首次申報,1071120,營利事業捐贈收入,上禾興有限公司,89414361,20000.00,0.00,,金錢,,,
81,陳玫娟,107年直轄市議員選舉,首次申報,1071121,人民團體捐贈收入,社團法人高雄市牙醫師公會,,50000.00,0.00,,金錢,高雄市前鎮區****,3350*****,
82,陳玫娟,107年直轄市議員選舉,首次申報,1071121,個人捐贈收入,曾仁德,E10*******,3000.00,0.00,,金錢,,,
83,陳玫娟,107年直轄市議員選舉,首次申報,1071122,營利事業捐贈收入,高園營造有限公司,16805778,200000.00,0.00,,金錢,高雄市前鎮區****,,
84,陳玫娟,107年直轄市議員選舉,首次申報,1071122,個人捐贈收入,林淑玉,F20*******,24000.00,0.00,,金錢,,,
85,陳玫娟,107年直轄市議員選舉,首次申報,1071123,匿名捐贈,匿名,,500.00,0.00,,金錢,,,
86,陳玫娟,107年直轄市議員選舉,首次申報,1071123,匿名捐贈,匿名,,1000.00,0.00,,金錢,,,
87,陳玫娟,107年直轄市議員選舉,首次申報,1071123,個人捐贈收入,蘇明政,,20000.00,0.00,,金錢,,0932*****,
88,陳玫娟,107年直轄市議員選舉,首次申報,1071123,個人捐贈收入,曾月娥,,10000.00,0.00,,金錢,,07-3*****,
89,陳玫娟,107年直轄市議員選舉,首次申報,1071123,個人捐贈收入,謝敏靜,,10000.00,0.00,,金錢,,07-3*****,
90,陳玫娟,107年直轄市議員選舉,首次申報,1071123,個人捐贈收入,葉國貴,E10*******,50000.00,0.00,,金錢,高雄市楠梓區****,,
91,陳玫娟,107年直轄市議員選舉,首次申報,1071123,個人捐贈收入,楊椀旬,E22*******,50000.00,0.00,,金錢,高雄市苓雅區****,,
