﻿序號,擬參選人／政黨,選舉名稱,申報序號／年度,交易日期,收支科目,捐贈者／支出對象,身分證／統一編號,收入金額,支出金額,捐贈方式,存入專戶日期,返還/繳庫,支出用途,金錢類,地址,聯絡電話,應揭露之支出對象,支出對象之內部人員姓名,支出對象之內部人員職稱,政黨之內部人員姓名,政黨之內部人員職稱,關係,更正註記,資料更正日期
1,陳睿生,111年桃園市議員選舉,首次申報,1110927,人事費用支出,許恩豪,H12*******,0.00,40000.00,,,,加班費或值班費,金錢,桃園市觀音區****,0931*****,否,,,,,,,
2,陳睿生,111年桃園市議員選舉,首次申報,1110927,人事費用支出,李易儒,P12*******,0.00,30000.00,,,,加班費或值班費,金錢,桃園市楊梅區****,0921*****,否,,,,,,,
3,陳睿生,111年桃園市議員選舉,首次申報,1110927,人事費用支出,劉儀芬,R22*******,0.00,30000.00,,,,加班費或值班費,金錢,桃園市中壢區****,0915*****,否,,,,,,,
4,陳睿生,111年桃園市議員選舉,首次申報,1111027,宣傳支出,吉利國際商行,50610421,0.00,140000.00,,,,宣傳攝影費用,金錢,桃園市平鎮區****,,否,,,,,,,
5,陳睿生,111年桃園市議員選舉,首次申報,1111125,雜支支出,芊福紙業有限公司,83587196,0.00,382500.00,,,,桌曆,金錢,臺中市西區福****,,否,,,,,,,
6,陳睿生,111年桃園市議員選舉,首次申報,1111130,雜支支出,富發麵線食品企業有限公司,70629377,0.00,577501.00,,,,麵線,金錢,桃園市新屋區****,,否,,,,,,,
7,陳睿生,111年桃園市議員選舉,首次申報,1111228,返還捐贈支出,知禮建設股份有限公司,91079075,0.00,100000.00,,,,返還,金錢,桃園市桃園區****,,否,,,,,,,
