﻿序號,擬參選人／政黨,選舉名稱,申報序號／年度,交易日期,收支科目,捐贈者／支出對象,身分證／統一編號,收入金額,支出金額,支出用途,金錢類,地址,聯絡電話,資料更正日期
1,曾資程,107年縣(市)議員選舉,首次申報,1070723,個人捐贈收入,周漢章,,9000.00,0.00,,金錢,新竹市原興路****,03-5*****,
2,曾資程,107年縣(市)議員選舉,首次申報,1070725,個人捐贈收入,胡端圓,A12*******,100000.00,0.00,,金錢,臺北市內湖區****,0916*****,
3,曾資程,107年縣(市)議員選舉,首次申報,1070731,個人捐贈收入,陳志如,,6000.00,0.00,,金錢,,0928*****,
4,曾資程,107年縣(市)議員選舉,首次申報,1070806,個人捐贈收入,王銘和,,5000.00,0.00,,金錢,,03-5*****,
5,曾資程,107年縣(市)議員選舉,首次申報,1070912,個人捐贈收入,蔡武雄,J10*******,10000.00,0.00,,金錢,新竹市千甲路****,0927*****,
6,曾資程,107年縣(市)議員選舉,首次申報,1070914,個人捐贈收入,呂泳英,H22*******,2000.00,0.00,,金錢,新竹市原興路****,0912*****,
7,曾資程,107年縣(市)議員選舉,首次申報,1070917,個人捐贈收入,任國忠,J10*******,10000.00,0.00,,金錢,新竹市原與路****,,
8,曾資程,107年縣(市)議員選舉,首次申報,1070917,個人捐贈收入,曾美卿,J22*******,5000.00,0.00,,金錢,新竹市原與路****,,
9,曾資程,107年縣(市)議員選舉,首次申報,1070918,個人捐贈收入,王銘和,,5000.00,0.00,,金錢,,0913*****,
10,曾資程,107年縣(市)議員選舉,首次申報,1070918,個人捐贈收入,黃吉隆,J10*******,60000.00,0.00,,金錢,新竹市大同路****,,
11,曾資程,107年縣(市)議員選舉,首次申報,1070918,個人捐贈收入,陳連欽,N10*******,10000.00,0.00,,金錢,新竹市湳雅街****,0958*****,
12,曾資程,107年縣(市)議員選舉,首次申報,1070921,個人捐贈收入,陳鏗爾,J10*******,25000.00,0.00,,非金錢,新竹市千甲路****,03-5*****,
13,曾資程,107年縣(市)議員選舉,首次申報,1070921,個人捐贈收入,徐富原,J10*******,5000.00,0.00,,非金錢,新竹縣竹東鎮****,0932*****,
14,曾資程,107年縣(市)議員選舉,首次申報,1070921,個人捐贈收入,曾木松,J12*******,25000.00,0.00,,非金錢,新竹市千甲路****,03-5*****,
15,曾資程,107年縣(市)議員選舉,首次申報,1070922,個人捐贈收入,鄭欽維,J12*******,2000.00,0.00,,金錢,新竹市公園路****,0972*****,
16,曾資程,107年縣(市)議員選舉,首次申報,1070925,人民團體捐贈收入,新竹市集中市場零售攤販職業工會,,20000.00,0.00,,金錢,新竹市新源街****,,
17,曾資程,107年縣(市)議員選舉,首次申報,1070925,個人捐贈收入,溫有土,J10*******,10000.00,0.00,,金錢,新竹市溪州路****,03-5*****,
18,曾資程,107年縣(市)議員選舉,首次申報,1070925,個人捐贈收入,郭金源,J10*******,10000.00,0.00,,金錢,新竹市食品路****,0937*****,
19,曾資程,107年縣(市)議員選舉,首次申報,1070925,個人捐贈收入,溫樵勳,J10*******,10000.00,0.00,,金錢,新竹市溪州路****,0932*****,
20,曾資程,107年縣(市)議員選舉,首次申報,1070925,個人捐贈收入,曾萬子,J10*******,20000.00,0.00,,金錢,新竹市溪州路****,0910*****,
21,曾資程,107年縣(市)議員選舉,首次申報,1070925,個人捐贈收入,謝侑昇,J12*******,48000.00,0.00,,金錢,新竹市千甲路****,0930*****,
22,曾資程,107年縣(市)議員選舉,首次申報,1070925,個人捐贈收入,溫賴美,J20*******,3000.00,0.00,,金錢,新竹市溪州路****,0937*****,
23,曾資程,107年縣(市)議員選舉,首次申報,1070925,個人捐贈收入,王貴珠,J20*******,2000.00,0.00,,金錢,新竹市原興路****,0910*****,
24,曾資程,107年縣(市)議員選舉,首次申報,1070925,個人捐贈收入,林淑芬,J22*******,3000.00,0.00,,金錢,新竹市武陵路****,0928*****,
25,曾資程,107年縣(市)議員選舉,首次申報,1070925,個人捐贈收入,林秀柔,J22*******,3000.00,0.00,,金錢,新竹市水利路****,0926*****,
26,曾資程,107年縣(市)議員選舉,首次申報,1070925,個人捐贈收入,林淑娥,J22*******,2000.00,0.00,,金錢,新竹市太原路****,03-5*****,
27,曾資程,107年縣(市)議員選舉,首次申報,1070925,個人捐贈收入,林日生,O10*******,6000.00,0.00,,非金錢,新竹市中華路****,03-5*****,
28,曾資程,107年縣(市)議員選舉,首次申報,1070926,匿名捐贈,匿名捐贈者,,3000.00,0.00,,金錢,,,
29,曾資程,107年縣(市)議員選舉,首次申報,1070926,個人捐贈收入,曾毓婷,J22*******,10000.00,0.00,,金錢,新竹市民生路****,03-5*****,
30,曾資程,107年縣(市)議員選舉,首次申報,1070926,個人捐贈收入,周謝素琴,N20*******,6000.00,0.00,,金錢,新竹市原興路****,03-5*****,
31,曾資程,107年縣(市)議員選舉,首次申報,1070927,個人捐贈收入,歐天來,J10*******,5000.00,0.00,,金錢,新竹市溪州路****,03-5*****,
32,曾資程,107年縣(市)議員選舉,首次申報,1070927,個人捐贈收入,林劉梅娣,J20*******,5000.00,0.00,,金錢,新竹市中華路****,03-5*****,
33,曾資程,107年縣(市)議員選舉,首次申報,1070928,營利事業捐贈收入,大一商行,18213265,30000.00,0.00,,金錢,新竹市中山里****,,
34,曾資程,107年縣(市)議員選舉,首次申報,1070928,個人捐贈收入,郭木筆,J10*******,10000.00,0.00,,金錢,新竹市民權路****,03-5*****,
35,曾資程,107年縣(市)議員選舉,首次申報,1070929,個人捐贈收入,詹家任,O10*******,5000.00,0.00,,金錢,新竹市忠孝路****,,
36,曾資程,107年縣(市)議員選舉,首次申報,1070930,個人捐贈收入,黃光榮,,10000.00,0.00,,金錢,新竹市千甲路****,0920*****,
37,曾資程,107年縣(市)議員選舉,首次申報,1070930,個人捐贈收入,歐文烽,,3000.00,0.00,,金錢,新竹市溪州路****,0932*****,
38,曾資程,107年縣(市)議員選舉,首次申報,1070930,個人捐贈收入,薛寶生,,3000.00,0.00,,金錢,新竹市水源里****,0357*****,
39,曾資程,107年縣(市)議員選舉,首次申報,1070930,人民團體捐贈收入,新竹市治安協進會,,3000.00,0.00,,金錢,新竹市千甲路****,03-5*****,
40,曾資程,107年縣(市)議員選舉,首次申報,1070930,人民團體捐贈收入,新竹市廿張犁長青協會,,5000.00,0.00,,金錢,新竹市原興路****,0933*****,
41,曾資程,107年縣(市)議員選舉,首次申報,1070930,個人捐贈收入,楊福財,,2000.00,0.00,,金錢,新竹市中華路****,03-5*****,
42,曾資程,107年縣(市)議員選舉,首次申報,1070930,人民團體捐贈收入,新竹市東區水源社區發展協會,,5000.00,0.00,,金錢,新竹市原興路****,,
43,曾資程,107年縣(市)議員選舉,首次申報,1070930,營利事業捐贈收入,正成加油站股份有限公司,22937544,100000.00,0.00,,金錢,新竹縣竹北市****,0988*****,
44,曾資程,107年縣(市)議員選舉,首次申報,1070930,個人捐贈收入,李政國,A10*******,1000.00,0.00,,金錢,新竹市中華路****,0911*****,
45,曾資程,107年縣(市)議員選舉,首次申報,1070930,個人捐贈收入,蘇明順,F12*******,5000.00,0.00,,金錢,新竹市民主路****,0932*****,
46,曾資程,107年縣(市)議員選舉,首次申報,1070930,個人捐贈收入,黃進益,J10*******,3000.00,0.00,,金錢,新竹縣竹東鎮****,0937*****,
47,曾資程,107年縣(市)議員選舉,首次申報,1070930,個人捐贈收入,張文青,J10*******,1000.00,0.00,,金錢,新竹市西大路****,0928*****,
48,曾資程,107年縣(市)議員選舉,首次申報,1070930,個人捐贈收入,姜森泰,J10*******,10000.00,0.00,,金錢,新竹市食品路****,0911*****,
49,曾資程,107年縣(市)議員選舉,首次申報,1070930,個人捐贈收入,姜金潭,J10*******,3000.00,0.00,,金錢,新竹市原興路****,,
50,曾資程,107年縣(市)議員選舉,首次申報,1070930,個人捐贈收入,蘇銘勳,J10*******,2000.00,0.00,,金錢,新竹市大太原****,0357*****,
51,曾資程,107年縣(市)議員選舉,首次申報,1070930,個人捐贈收入,郭文漢,J10*******,2000.00,0.00,,金錢,新竹市太原路****,0357*****,
52,曾資程,107年縣(市)議員選舉,首次申報,1070930,個人捐贈收入,張盛光,J10*******,2000.00,0.00,,金錢,新竹市公道五****,,
53,曾資程,107年縣(市)議員選舉,首次申報,1070930,個人捐贈收入,黃國基,J10*******,12000.00,0.00,,金錢,新竹市千甲路****,0933*****,
54,曾資程,107年縣(市)議員選舉,首次申報,1070930,個人捐贈收入,朱鏡鏞,J10*******,3000.00,0.00,,金錢,新竹市千甲路****,0932*****,
55,曾資程,107年縣(市)議員選舉,首次申報,1070930,個人捐贈收入,朱勝榮,J10*******,3000.00,0.00,,金錢,新竹市水源里****,0357*****,
56,曾資程,107年縣(市)議員選舉,首次申報,1070930,個人捐贈收入,楊根棟,J10*******,1200.00,0.00,,金錢,新竹市光華二****,0353*****,
57,曾資程,107年縣(市)議員選舉,首次申報,1070930,個人捐贈收入,黃紳有,J10*******,2000.00,0.00,,金錢,新竹市水源里****,0953*****,
58,曾資程,107年縣(市)議員選舉,首次申報,1070930,個人捐贈收入,黃鎮隆,J10*******,10000.00,0.00,,金錢,新竹市大學路****,0910*****,
59,曾資程,107年縣(市)議員選舉,首次申報,1070930,個人捐贈收入,蘇武雄,J10*******,2000.00,0.00,,金錢,新竹市水源里****,0961*****,
60,曾資程,107年縣(市)議員選舉,首次申報,1070930,個人捐贈收入,葉清旗,J10*******,3600.00,0.00,,金錢,新竹市原興路****,,
61,曾資程,107年縣(市)議員選舉,首次申報,1070930,個人捐贈收入,林榮春,J10*******,3000.00,0.00,,金錢,新竹市埔頂路****,0357*****,
62,曾資程,107年縣(市)議員選舉,首次申報,1070930,個人捐贈收入,洪文進,J10*******,10000.00,0.00,,金錢,新竹市中央路****,0932*****,
63,曾資程,107年縣(市)議員選舉,首次申報,1070930,個人捐贈收入,陳龍蟠,J10*******,10000.00,0.00,,金錢,新竹市西門街****,0921*****,
64,曾資程,107年縣(市)議員選舉,首次申報,1070930,個人捐贈收入,林獻銘,J10*******,100000.00,0.00,,金錢,新竹縣竹北市****,0988*****,
65,曾資程,107年縣(市)議員選舉,首次申報,1070930,個人捐贈收入,黃正雄,J10*******,5000.00,0.00,,金錢,新竹市千甲路****,0910*****,
66,曾資程,107年縣(市)議員選舉,首次申報,1070930,個人捐贈收入,林文宗,J12*******,3000.00,0.00,,金錢,新竹市振興里****,0912*****,
67,曾資程,107年縣(市)議員選舉,首次申報,1070930,個人捐贈收入,蘇秀春,J20*******,3000.00,0.00,,金錢,新竹市千甲路****,0357*****,
68,曾資程,107年縣(市)議員選舉,首次申報,1070930,個人捐贈收入,曾蘇梅,J20*******,3000.00,0.00,,金錢,新竹市民族路****,03-5*****,
69,曾資程,107年縣(市)議員選舉,首次申報,1070930,個人捐贈收入,范月英,J20*******,3000.00,0.00,,金錢,新竹市千甲路****,,
70,曾資程,107年縣(市)議員選舉,首次申報,1070930,個人捐贈收入,陳春蘭,J20*******,3000.00,0.00,,金錢,新竹市千甲路****,,
71,曾資程,107年縣(市)議員選舉,首次申報,1070930,個人捐贈收入,郭吳純,J20*******,10000.00,0.00,,金錢,新竹市溪州路****,0357*****,
72,曾資程,107年縣(市)議員選舉,首次申報,1070930,個人捐贈收入,溫菊,J20*******,3000.00,0.00,,金錢,新竹市太原路****,0357*****,
73,曾資程,107年縣(市)議員選舉,首次申報,1070930,個人捐贈收入,劉源美,J20*******,1000.00,0.00,,金錢,新竹市金城一****,0937*****,
74,曾資程,107年縣(市)議員選舉,首次申報,1070930,個人捐贈收入,曾琳瑜,J22*******,3600.00,0.00,,金錢,雲林縣林內鄉****,0920*****,
75,曾資程,107年縣(市)議員選舉,首次申報,1070930,個人捐贈收入,黃銘琴,O10*******,3000.00,0.00,,金錢,新竹市光復里****,0937*****,
76,曾資程,107年縣(市)議員選舉,首次申報,1070930,個人捐贈收入,王秀萍,Q20*******,10000.00,0.00,,金錢,新竹市原興路****,0922*****,
77,曾資程,107年縣(市)議員選舉,首次申報,1071001,個人捐贈收入,曾祥峻,E12*******,20000.00,0.00,,金錢,新竹市關新路****,0928*****,
78,曾資程,107年縣(市)議員選舉,首次申報,1071001,個人捐贈收入,陳萬桔,J10*******,50000.00,0.00,,金錢,新竹市千甲路****,03-5*****,
79,曾資程,107年縣(市)議員選舉,首次申報,1071001,個人捐贈收入,陳榮發,J12*******,12000.00,0.00,,金錢,新竹市千甲路****,0937*****,
80,曾資程,107年縣(市)議員選舉,首次申報,1071001,個人捐贈收入,楊富如,N20*******,2000.00,0.00,,金錢,新竹市龍山西****,03-5*****,
81,曾資程,107年縣(市)議員選舉,首次申報,1071001,個人捐贈收入,楊富如,N20*******,1000.00,0.00,,金錢,新竹市龍山西****,03-5*****,
82,曾資程,107年縣(市)議員選舉,首次申報,1071001,個人捐贈收入,蔡瑾佩,O20*******,3000.00,0.00,,金錢,新竹市忠孝路****,,
83,曾資程,107年縣(市)議員選舉,首次申報,1071002,個人捐贈收入,張春城,J10*******,5000.00,0.00,,金錢,新竹市公道五****,0910*****,
84,曾資程,107年縣(市)議員選舉,首次申報,1071002,個人捐贈收入,吳銓德,J12*******,5000.00,0.00,,金錢,新竹市埔頂路****,0928*****,
85,曾資程,107年縣(市)議員選舉,首次申報,1071002,個人捐贈收入,魏裕妹,J20*******,5000.00,0.00,,金錢,新竹市水源里****,03-5*****,
86,曾資程,107年縣(市)議員選舉,首次申報,1071002,個人捐贈收入,蔡鳯雀,J20*******,3000.00,0.00,,金錢,新竹市東明街****,03-5*****,
87,曾資程,107年縣(市)議員選舉,首次申報,1071002,個人捐贈收入,周美玉,J22*******,2000.00,0.00,,金錢,新竹市東勢里****,0911*****,
88,曾資程,107年縣(市)議員選舉,首次申報,1071002,個人捐贈收入,陳蘭鈺,T22*******,2000.00,0.00,,金錢,新竹市水利路****,0939*****,
89,曾資程,107年縣(市)議員選舉,首次申報,1071004,個人捐贈收入,姚朝欽,J12*******,3000.00,0.00,,金錢,新竹市東勢街****,0920*****,
90,曾資程,107年縣(市)議員選舉,首次申報,1071005,個人捐贈收入,曾清水,,10000.00,0.00,,金錢,,0920*****,
91,曾資程,107年縣(市)議員選舉,首次申報,1071006,個人捐贈收入,吳振成,J12*******,10000.00,0.00,,金錢,新竹市東光路****,0939*****,
92,曾資程,107年縣(市)議員選舉,首次申報,1071006,個人捐贈收入,陳國煙,J12*******,5000.00,0.00,,金錢,新竹市東明街****,0928*****,
93,曾資程,107年縣(市)議員選舉,首次申報,1071006,個人捐贈收入,陳偉華,K22*******,10000.00,0.00,,金錢,苗栗縣竹南鎮****,0988*****,
94,曾資程,107年縣(市)議員選舉,首次申報,1071007,個人捐贈收入,陳秀雄,J10*******,3000.00,0.00,,金錢,新竹縣竹北市****,0932*****,
95,曾資程,107年縣(市)議員選舉,首次申報,1071008,個人捐贈收入,吳來春,,3000.00,0.00,,金錢,新竹市原興路****,0953*****,
96,曾資程,107年縣(市)議員選舉,首次申報,1071008,個人捐贈收入,陳長河,J10*******,3000.00,0.00,,金錢,新竹市東前街****,03-5*****,
97,曾資程,107年縣(市)議員選舉,首次申報,1071008,個人捐贈收入,曾金鍾,J10*******,20000.00,0.00,,金錢,新竹市埔頂路****,0933*****,
98,曾資程,107年縣(市)議員選舉,首次申報,1071009,個人捐贈收入,謝碧祥,B12*******,60000.00,0.00,,金錢,新竹市光復路****,03-5*****,
99,曾資程,107年縣(市)議員選舉,首次申報,1071010,個人捐贈收入,江秀雄,J10*******,26000.00,0.00,,金錢,新竹市公道五****,0937*****,
100,曾資程,107年縣(市)議員選舉,首次申報,1071011,個人捐贈收入,陳許玉枝,J20*******,2000.00,0.00,,金錢,新竹市中華路****,03-5*****,
101,曾資程,107年縣(市)議員選舉,首次申報,1071013,個人捐贈收入,郭珍輝,J12*******,30000.00,0.00,,金錢,新竹市千甲路****,0933*****,
102,曾資程,107年縣(市)議員選舉,首次申報,1071013,個人捐贈收入,謝其文,K10*******,100000.00,0.00,,金錢,新竹市民族路****,,
103,曾資程,107年縣(市)議員選舉,首次申報,1071013,個人捐贈收入,呂盈蓁,P22*******,2000.00,0.00,,金錢,,,
104,曾資程,107年縣(市)議員選舉,首次申報,1071014,個人捐贈收入,李江榮,J12*******,20000.00,0.00,,金錢,新竹市東南街****,,
105,曾資程,107年縣(市)議員選舉,首次申報,1071015,個人捐贈收入,林祺平,J10*******,5000.00,0.00,,金錢,新竹市水利路****,03-5*****,
106,曾資程,107年縣(市)議員選舉,首次申報,1071016,個人捐贈收入,曾清,,3000.00,0.00,,金錢,新竹市千甲路****,03-5*****,
107,曾資程,107年縣(市)議員選舉,首次申報,1071016,個人捐贈收入,余秀梅,C22*******,2000.00,0.00,,金錢,新竹市建功一****,,
108,曾資程,107年縣(市)議員選舉,首次申報,1071016,個人捐贈收入,黃榮富,J10*******,3000.00,0.00,,金錢,新竹市光復路****,03-5*****,
109,曾資程,107年縣(市)議員選舉,首次申報,1071016,個人捐贈收入,蕭廣萱,J12*******,1000.00,0.00,,金錢,新竹市科學園****,0932*****,
110,曾資程,107年縣(市)議員選舉,首次申報,1071016,個人捐贈收入,何庭蓉,K22*******,1000.00,0.00,,金錢,新竹市長春街****,0932*****,
111,曾資程,107年縣(市)議員選舉,首次申報,1071017,個人捐贈收入,林和雄,,2000.00,0.00,,金錢,,03-5*****,
112,曾資程,107年縣(市)議員選舉,首次申報,1071017,個人捐贈收入,林秀禎,J22*******,3000.00,0.00,,金錢,新竹縣新豐鄉****,0928*****,
113,曾資程,107年縣(市)議員選舉,首次申報,1071018,個人捐贈收入,魏裕妹,J20*******,1000.00,0.00,,金錢,新竹市水源里****,03-5*****,
114,曾資程,107年縣(市)議員選舉,首次申報,1071020,個人捐贈收入,林森泰,J12*******,6000.00,0.00,,金錢,新竹市原興路****,0972*****,
115,曾資程,107年縣(市)議員選舉,首次申報,1071021,個人捐贈收入,周清木,,2000.00,0.00,,金錢,新竹市原興路****,03-5*****,
116,曾資程,107年縣(市)議員選舉,首次申報,1071021,個人捐贈收入,陳秋對,,2000.00,0.00,,金錢,新竹市中華路****,03-5*****,
117,曾資程,107年縣(市)議員選舉,首次申報,1071022,個人捐贈收入,曾坤偉,,10000.00,0.00,,金錢,新竹市溪州路****,0926*****,
118,曾資程,107年縣(市)議員選舉,首次申報,1071022,個人捐贈收入,張意珠,J22*******,2000.00,0.00,,金錢,新竹縣新埔鎮****,0958*****,
119,曾資程,107年縣(市)議員選舉,首次申報,1071023,個人捐贈收入,洪招碧,B20*******,20000.00,0.00,,金錢,新竹市民族路****,,
120,曾資程,107年縣(市)議員選舉,首次申報,1071023,個人捐贈收入,林蔡玉幸,J20*******,20000.00,0.00,,金錢,新竹市民族路****,,
121,曾資程,107年縣(市)議員選舉,首次申報,1071024,個人捐贈收入,蔡智玲,,2000.00,0.00,,金錢,,0932*****,
122,曾資程,107年縣(市)議員選舉,首次申報,1071024,個人捐贈收入,曾兆盛,H10*******,5000.00,0.00,,金錢,新竹市三民路****,03-5*****,
123,曾資程,107年縣(市)議員選舉,首次申報,1071029,個人捐贈收入,周錦和,,3000.00,0.00,,金錢,,0932*****,
124,曾資程,107年縣(市)議員選舉,首次申報,1071029,個人捐贈收入,陳正忠,,20000.00,0.00,,金錢,新竹市太原路****,03-5*****,
125,曾資程,107年縣(市)議員選舉,首次申報,1071029,營利事業捐贈收入,鑫鉅電機有限公司,47317401,3000.00,0.00,,金錢,新竹市中華路****,03-5*****,
126,曾資程,107年縣(市)議員選舉,首次申報,1071029,個人捐贈收入,田坤隴,J10*******,3000.00,0.00,,金錢,新竹市中華路****,03-5*****,
127,曾資程,107年縣(市)議員選舉,首次申報,1071029,個人捐贈收入,林麗樣,J22*******,10000.00,0.00,,金錢,新竹中山路號****,0933*****,
128,曾資程,107年縣(市)議員選舉,首次申報,1071030,個人捐贈收入,佘仁祥,J22*******,3000.00,0.00,,金錢,新竹市中華路****,03-5*****,
129,曾資程,107年縣(市)議員選舉,首次申報,1071031,營利事業捐贈收入,允固建設股份有限公司,86674095,100000.00,0.00,,金錢,新竹市光復路****,03-5*****,
130,曾資程,107年縣(市)議員選舉,首次申報,1071031,個人捐贈收入,陳瑞銘,J12*******,30000.00,0.00,,金錢,新竹市埔頂路****,0933*****,
131,曾資程,107年縣(市)議員選舉,首次申報,1071103,個人捐贈收入,曾永璋,J12*******,5000.00,0.00,,金錢,新竹市千甲路****,,
132,曾資程,107年縣(市)議員選舉,首次申報,1071104,個人捐贈收入,張振泰,J12*******,38000.00,0.00,,金錢,新竹市中華路****,0919*****,
133,曾資程,107年縣(市)議員選舉,首次申報,1071112,個人捐贈收入,林沛傑,B12*******,5000.00,0.00,,金錢,新竹市長春街****,,
134,曾資程,107年縣(市)議員選舉,首次申報,1071114,營利事業捐贈收入,開元國際投資股份有限公司,16744436,500000.00,0.00,,金錢,臺北市敦化南****,,
135,曾資程,107年縣(市)議員選舉,首次申報,1071114,個人捐贈收入,洪啟智,U12*******,10000.00,0.00,,金錢,新竹市大學路****,0933*****,
136,曾資程,107年縣(市)議員選舉,首次申報,1071116,個人捐贈收入,洪運來,K10*******,100000.00,0.00,,金錢,新竹市中央路****,0938*****,
137,曾資程,107年縣(市)議員選舉,首次申報,1071119,營利事業捐贈收入,台北馥敦飯店股份有限公司,13082118,400000.00,0.00,,金錢,臺北市復興北****,,
138,曾資程,107年縣(市)議員選舉,首次申報,1071119,個人捐贈收入,林廷瑞,J10*******,5000.00,0.00,,金錢,新竹縣竹北市****,0921*****,
139,曾資程,107年縣(市)議員選舉,首次申報,1071120,個人捐贈收入,許鈞量,J10*******,66000.00,0.00,,金錢,新竹市水源里****,0934*****,
140,曾資程,107年縣(市)議員選舉,首次申報,1071120,個人捐贈收入,曾瑞龍,J10*******,3000.00,0.00,,金錢,新竹市千甲路****,0934*****,
141,曾資程,107年縣(市)議員選舉,首次申報,1071120,個人捐贈收入,曾鼎昌,K10*******,50000.00,0.00,,金錢,新竹市民族路****,,
142,曾資程,107年縣(市)議員選舉,首次申報,1071122,個人捐贈收入,李文傑,J10*******,10000.00,0.00,,金錢,新竹市北區大****,03-5*****,
143,曾資程,107年縣(市)議員選舉,首次申報,1071122,個人捐贈收入,黃悼修,S12*******,6000.00,0.00,,金錢,新竹市大同路****,,
144,曾資程,107年縣(市)議員選舉,首次申報,1071221,其他收入,利息收入,,92.00,0.00,,金錢,,,
