﻿序號,擬參選人／政黨,選舉名稱,申報序號／年度,交易日期,收支科目,捐贈者／支出對象,身分證／統一編號,收入金額,支出金額,捐贈方式,存入專戶日期,返還/繳庫,支出用途,金錢類,地址,聯絡電話,應揭露之支出對象,支出對象之內部人員姓名,支出對象之內部人員職稱,政黨之內部人員姓名,政黨之內部人員職稱,關係,更正註記,資料更正日期
1,鄭伯其,111年臺中市議員選舉,首次申報,1110627,個人捐贈收入,何啟元,B12*******,30000.00,0.00,現金,1110627,,,金錢,臺中市西屯區****,,,,,,,,,
2,鄭伯其,111年臺中市議員選舉,首次申報,1110705,個人捐贈收入,陳當權,M10*******,6000.00,0.00,現金,1110705,,,金錢,臺中市甲堤六****,,,,,,,,,
3,鄭伯其,111年臺中市議員選舉,首次申報,1110706,個人捐贈收入,吳世名,M12*******,2000.00,0.00,現金,1110706,,,金錢,南投縣名間鄉****,0937*****,,,,,,,,
4,鄭伯其,111年臺中市議員選舉,首次申報,1110711,匿名捐贈,匿名,,1000.00,0.00,現金,1110711,,,金錢,,,,,,,,,,
5,鄭伯其,111年臺中市議員選舉,首次申報,1110717,匿名捐贈,匿名,,500.00,0.00,現金,1110717,,,金錢,,,,,,,,,,
6,鄭伯其,111年臺中市議員選舉,首次申報,1110719,匿名捐贈,匿名,,500.00,0.00,現金,1110719,,,金錢,,,,,,,,,,
7,鄭伯其,111年臺中市議員選舉,首次申報,1110719,個人捐贈收入,賴文洲,B12*******,10000.00,0.00,現金,1110719,,,金錢,臺中市大里區****,,,,,,,,,
8,鄭伯其,111年臺中市議員選舉,首次申報,1110720,個人捐贈收入,林育政,L12*******,100000.00,0.00,現金,1110720,,,金錢,臺中市大里區****,0972*****,,,,,,,,
9,鄭伯其,111年臺中市議員選舉,首次申報,1110720,個人捐贈收入,梁景誌,N12*******,100000.00,0.00,現金,1110720,,,金錢,臺中市大里區****,0928*****,,,,,,,,
10,鄭伯其,111年臺中市議員選舉,首次申報,1110721,匿名捐贈,匿名,,5000.00,0.00,現金,1110721,,,金錢,,,,,,,,,,
11,鄭伯其,111年臺中市議員選舉,首次申報,1110721,個人捐贈收入,劉家宥,Q12*******,10000.00,0.00,現金,1110721,,,金錢,臺中市北屯區****,0935*****,,,,,,,,
12,鄭伯其,111年臺中市議員選舉,首次申報,1110725,匿名捐贈,匿名,,100.00,0.00,現金,1110725,,,金錢,,,,,,,,,,
13,鄭伯其,111年臺中市議員選舉,首次申報,1110801,匿名捐贈,匿名,,1000.00,0.00,現金,1110801,,,金錢,,,,,,,,,,
14,鄭伯其,111年臺中市議員選舉,首次申報,1110808,個人捐贈收入,藍崧維,K12*******,10000.00,0.00,現金,1110808,,,金錢,臺中市大里區****,0930*****,,,,,,,,
15,鄭伯其,111年臺中市議員選舉,首次申報,1110812,個人捐贈收入,廖貴枝,B20*******,100000.00,0.00,現金,1110812,,,金錢,臺中市大里區****,0915*****,,,,,,,,
16,鄭伯其,111年臺中市議員選舉,首次申報,1110812,個人捐贈收入,張慧鈴,L22*******,100000.00,0.00,現金,1110812,,,金錢,臺中市大里區****,0915*****,,,,,,,,
17,鄭伯其,111年臺中市議員選舉,首次申報,1110914,個人捐贈收入,葉進樹,P12*******,20000.00,0.00,現金,1110914,,,金錢,臺中市大里區****,0932*****,,,,,,,,
18,鄭伯其,111年臺中市議員選舉,首次申報,1110929,營利事業捐贈收入,君心建設有限公司,27271053,20000.00,0.00,現金,1110929,,,金錢,臺中市霧峰區****,0423*****,,,,,,,,
19,鄭伯其,111年臺中市議員選舉,首次申報,1111005,營利事業捐贈收入,富旺國際開發股份有限公司,97447647,100000.00,0.00,現金,1111005,,,金錢,臺中市西區大****,0423*****,,,,,,,,
20,鄭伯其,111年臺中市議員選舉,首次申報,1111006,匿名捐贈,匿名,,100.00,0.00,現金,1111006,,,金錢,,,,,,,,,,
21,鄭伯其,111年臺中市議員選舉,首次申報,1111006,營利事業捐贈收入,射電科技有限公司,28758737,6000.00,0.00,現金,1111011,,,金錢,臺中市大里區****,0937*****,,,,,,,,
22,鄭伯其,111年臺中市議員選舉,首次申報,1111006,個人捐贈收入,陳姿雲,A22*******,6000.00,0.00,現金,1111013,,,金錢,臺中市北屯區****,0936*****,,,,,,,,
23,鄭伯其,111年臺中市議員選舉,首次申報,1111006,個人捐贈收入,林那慧,D22*******,100000.00,0.00,現金,1111013,,,金錢,臺中市大里區****,0911*****,,,,,,,,
24,鄭伯其,111年臺中市議員選舉,首次申報,1111007,匿名捐贈,匿名,,1000.00,0.00,現金,1111007,,,金錢,,,,,,,,,,
25,鄭伯其,111年臺中市議員選舉,首次申報,1111007,匿名捐贈,匿名,,2000.00,0.00,現金,1111007,,,金錢,,,,,,,,,,
26,鄭伯其,111年臺中市議員選舉,首次申報,1111007,營利事業捐贈收入,聖世機器股份有限公司,97524361,20000.00,0.00,現金,1111011,,,金錢,臺中市太平區****,0422*****,,,,,,,,
27,鄭伯其,111年臺中市議員選舉,首次申報,1111012,營利事業捐贈收入,雲廬社區長照機構,92238277,6000.00,0.00,現金,1111013,,,金錢,臺中市大里區****,0931*****,,,,,,,,
28,鄭伯其,111年臺中市議員選舉,首次申報,1111018,營利事業捐贈收入,興華城不動產投資顧問,53376954,30000.00,0.00,現金,1111018,已返還,,金錢,霧峰區林森路****,0926*****,,,,,,,,
29,鄭伯其,111年臺中市議員選舉,首次申報,1111019,個人捐贈收入,陳世楨,L12*******,100000.00,0.00,現金,1111019,,,金錢,臺中市大墩十****,0936*****,,,,,,,,
30,鄭伯其,111年臺中市議員選舉,首次申報,1111023,個人捐贈收入,陳順雄,M10*******,80000.00,0.00,現金,1111024,,,金錢,臺中市大里區****,0937*****,,,,,,,,
31,鄭伯其,111年臺中市議員選舉,首次申報,1111024,匿名捐贈,匿名,,5000.00,0.00,現金,1111024,,,金錢,,,,,,,,,,
32,鄭伯其,111年臺中市議員選舉,首次申報,1111031,個人捐贈收入,高庭煜,B12*******,30000.00,0.00,現金,1111031,,,金錢,臺中市大里區****,0932*****,,,,,,,,
33,鄭伯其,111年臺中市議員選舉,首次申報,1111102,營利事業捐贈收入,北美洲興業有限公司,82790164,100000.00,0.00,現金,1111102,,,金錢,臺中市大里區****,0932*****,,,,,,,,
34,鄭伯其,111年臺中市議員選舉,首次申報,1111104,個人捐贈收入,郭逢福,L12*******,100000.00,0.00,現金,1111104,,,金錢,臺中市北區民****,,,,,,,,,
35,鄭伯其,111年臺中市議員選舉,首次申報,1111107,營利事業捐贈收入,銘祐實業有限公司,84991455,60000.00,0.00,現金,1111109,,,金錢,臺中市太平區****,0932*****,,,,,,,,
36,鄭伯其,111年臺中市議員選舉,首次申報,1111108,營利事業捐贈收入,冠利精密有限公司,50817696,60000.00,0.00,現金,1111109,,,金錢,臺中市太平區****,0930*****,,,,,,,,
37,鄭伯其,111年臺中市議員選舉,首次申報,1111114,匿名捐贈,匿名,,2000.00,0.00,現金,1111114,,,金錢,,,,,,,,,,
38,鄭伯其,111年臺中市議員選舉,首次申報,1111117,營利事業捐贈收入,品茂塑膠工業股份有限公司,23207622,30000.00,0.00,票據,1111118,,,金錢,臺中市大里區****,0424*****,,,,,,,,
39,鄭伯其,111年臺中市議員選舉,首次申報,1111120,營利事業捐贈收入,建益工業社,69493319,5000.00,0.00,現金,1111121,,,金錢,臺中市霧峰區****,0923*****,,,,,,,,
40,鄭伯其,111年臺中市議員選舉,首次申報,1111120,個人捐贈收入,陳素貞,L22*******,100000.00,0.00,現金,1111129,,,金錢,臺中市太平區****,0910*****,,,,,,,,
41,鄭伯其,111年臺中市議員選舉,首次申報,1111121,個人捐贈收入,劉大貝,,10000.00,0.00,現金,1111121,,,金錢,臺北市仁愛路****,0936*****,,,,,,,,
42,鄭伯其,111年臺中市議員選舉,首次申報,1111121,個人捐贈收入,林蓓津,L22*******,100000.00,0.00,現金,1111121,,,金錢,臺中市西屯區****,,,,,,,,,
43,鄭伯其,111年臺中市議員選舉,首次申報,1111124,個人捐贈收入,邱嘉芬,F22*******,50000.00,0.00,現金,1111124,,,金錢,新北市新莊區****,0916*****,,,,,,,,
