﻿序號,擬參選人／政黨,選舉名稱,申報序號／年度,交易日期,收支科目,捐贈者／支出對象,身分證／統一編號,收入金額,支出金額,捐贈方式,存入專戶日期,返還/繳庫,支出用途,金錢類,地址,聯絡電話,應揭露之支出對象,支出對象之內部人員姓名,支出對象之內部人員職稱,政黨之內部人員姓名,政黨之內部人員職稱,關係,更正註記,資料更正日期
1,鄭光峰,111年高雄市議員選舉,首次申報,1110506,營利事業捐贈收入,鎮新建設有限公司,13193064,100000.00,0.00,現金,1110506,已返還,,金錢,高雄林森二路****,,,,,,,,,
2,鄭光峰,111年高雄市議員選舉,首次申報,1110509,營利事業捐贈收入,智勝股份有限公司,96867901,100000.00,0.00,現金,1110511,,,金錢,高雄市前鎮區****,,,,,,,,,
3,鄭光峰,111年高雄市議員選舉,首次申報,1110511,個人捐贈收入,陳建宇,E12*******,10000.00,0.00,現金,1110511,,,金錢,臺南市歸仁區****,,,,,,,,,
4,鄭光峰,111年高雄市議員選舉,首次申報,1110522,個人捐贈收入,林志勳,S12*******,7200.00,0.00,,,,,非金錢,高雄市鳳山區****,,,,,,,,,
5,鄭光峰,111年高雄市議員選舉,首次申報,1110527,個人捐贈收入,許金蓮,E20*******,100000.00,0.00,現金,1110527,,,金錢,高雄市左營區****,,,,,,,,,
6,鄭光峰,111年高雄市議員選舉,首次申報,1110527,個人捐贈收入,曾安煙,X10*******,100000.00,0.00,現金,1110527,,,金錢,高雄市左營區****,,,,,,,,,
7,鄭光峰,111年高雄市議員選舉,首次申報,1110527,個人捐贈收入,曾家琪,X22*******,100000.00,0.00,現金,1110527,,,金錢,高雄市左營區****,,,,,,,,,
8,鄭光峰,111年高雄市議員選舉,首次申報,1110531,營利事業捐贈收入,崧  建設股份有限公司,27206455,300000.00,0.00,匯款,1110531,已返還,,金錢,高雄市前鎮區****,,,,,,,,,
9,鄭光峰,111年高雄市議員選舉,首次申報,1110605,營利事業捐贈收入,弗利思特文化事業股份有限公司,80649367,120000.00,0.00,,,已返還,,非金錢,高雄市前鎮區****,,,,,,,,,
10,鄭光峰,111年高雄市議員選舉,首次申報,1110606,個人捐贈收入,呂佳佩,E22*******,50000.00,0.00,現金,1110606,,,金錢,高雄市鳳山區****,,,,,,,,,
11,鄭光峰,111年高雄市議員選舉,首次申報,1110606,個人捐贈收入,呂佳佩,E22*******,50000.00,0.00,現金,1110606,,,金錢,高雄市鳳山區****,,,,,,,,,
12,鄭光峰,111年高雄市議員選舉,首次申報,1110611,個人捐贈收入,林志勳,S12*******,24000.00,0.00,,,,,非金錢,高雄市鳳山區****,,,,,,,,,
13,鄭光峰,111年高雄市議員選舉,首次申報,1110615,個人捐贈收入,楊靜芬,S22*******,55000.00,0.00,,,,,非金錢,高雄市小港區****,,,,,,,,,
14,鄭光峰,111年高雄市議員選舉,首次申報,1110615,個人捐贈收入,楊美華,S22*******,55000.00,0.00,,,,,非金錢,高雄市小港區****,,,,,,,,,
15,鄭光峰,111年高雄市議員選舉,首次申報,1110621,其他收入,利息收入,,57.00,0.00,現金,1110621,,,金錢,,,,,,,,,,
16,鄭光峰,111年高雄市議員選舉,首次申報,1110713,個人捐贈收入,陳威志,E12*******,20000.00,0.00,匯款,1110713,,,金錢,高雄市新興區****,,,,,,,,,
17,鄭光峰,111年高雄市議員選舉,首次申報,1110713,個人捐贈收入,邱文旭,S12*******,100000.00,0.00,匯款,1110713,,,金錢,高雄市林園區****,,,,,,,,,
18,鄭光峰,111年高雄市議員選舉,首次申報,1110715,個人捐贈收入,鄭富仁,E10*******,100000.00,0.00,匯款,1110715,,,金錢,高雄市小港區****,,,,,,,,,
19,鄭光峰,111年高雄市議員選舉,首次申報,1110715,個人捐贈收入,呂昇賢,E12*******,100000.00,0.00,匯款,1110715,,,金錢,高雄市小港區****,,,,,,,,,
20,鄭光峰,111年高雄市議員選舉,首次申報,1110718,個人捐贈收入,王貞潔,E22*******,10000.00,0.00,匯款,1110718,,,金錢,高雄市楠梓區****,,,,,,,,,
21,鄭光峰,111年高雄市議員選舉,首次申報,1110720,個人捐贈收入,林憲章,E10*******,100000.00,0.00,匯款,1110720,,,金錢,高雄市前金區****,,,,,,,,,
22,鄭光峰,111年高雄市議員選舉,首次申報,1110720,個人捐贈收入,吳玉娟,S22*******,100000.00,0.00,匯款,1110720,,,金錢,高雄市前金區****,,,,,,,,,
23,鄭光峰,111年高雄市議員選舉,首次申報,1110721,人民團體捐贈收入,大高雄中醫師公會,,100000.00,0.00,匯款,1110721,,,金錢,高雄市鼓山區****,,,,,,,,,
24,鄭光峰,111年高雄市議員選舉,首次申報,1110721,營利事業捐贈收入,高園營造有限公司,16805778,100000.00,0.00,匯款,1110721,,,金錢,高雄市前鎮區****,,,,,,,,,
25,鄭光峰,111年高雄市議員選舉,首次申報,1110725,營利事業捐贈收入,芃柏科技股份有限公司,28601623,100000.00,0.00,匯款,1110725,,,金錢,高雄市前鎮區****,,,,,,,,,
26,鄭光峰,111年高雄市議員選舉,首次申報,1110725,營利事業捐贈收入,益江企業股份有限公司,82928323,200000.00,0.00,,,,,非金錢,高雄市前鎮區****,,,,,,,,,
27,鄭光峰,111年高雄市議員選舉,首次申報,1110725,個人捐贈收入,林永清,S12*******,10000.00,0.00,匯款,1110725,,,金錢,高雄市三民區****,,,,,,,,,
28,鄭光峰,111年高雄市議員選舉,首次申報,1110726,營利事業捐贈收入,泰維企業股份有限公司,22529287,500000.00,0.00,匯款,1110726,,,金錢,高雄市大寮區****,,,,,,,,,
29,鄭光峰,111年高雄市議員選舉,首次申報,1110726,營利事業捐贈收入,皇延創新股份有限公司,24412116,10000.00,0.00,匯款,1110726,已返還,,金錢,臺北市南港區****,,,,,,,,,
30,鄭光峰,111年高雄市議員選舉,首次申報,1110727,營利事業捐贈收入,巴特里食品有限公司,24405662,50000.00,0.00,匯款,1110727,,,金錢,高雄市鳳山區****,,,,,,,,,
31,鄭光峰,111年高雄市議員選舉,首次申報,1110728,營利事業捐贈收入,金合發鋼鐵股份有限公司,15176809,100000.00,0.00,匯款,1110728,,,金錢,臺北市萬華區****,,,,,,,,,
32,鄭光峰,111年高雄市議員選舉,首次申報,1110728,營利事業捐贈收入,力昌行鋁業有限公司,54206009,100000.00,0.00,匯款,1110728,,,金錢,高雄市大樹區****,,,,,,,,,
33,鄭光峰,111年高雄市議員選舉,首次申報,1110728,個人捐贈收入,何英奬,Q12*******,100000.00,0.00,匯款,1110728,,,金錢,嘉義市東區金****,,,,,,,,,
34,鄭光峰,111年高雄市議員選舉,首次申報,1110801,營利事業捐贈收入,鋐昇實業股份有限公司,16476467,147000.00,0.00,,,,,非金錢,高雄市苓雅區****,,,,,,,,,
35,鄭光峰,111年高雄市議員選舉,首次申報,1110809,匿名捐贈,匿名,,10000.00,0.00,匯款,1110809,,,金錢,,,,,,,,,,
36,鄭光峰,111年高雄市議員選舉,首次申報,1110815,營利事業捐贈收入,新泉營造股份有限公司,85739583,300000.00,0.00,匯款,1110815,已返還,,金錢,高雄市大樹區****,,,,,,,,,
37,鄭光峰,111年高雄市議員選舉,首次申報,1110819,營利事業捐贈收入,常春藤生技股份有限公司,28744158,150000.00,0.00,匯款,1110819,,,金錢,桃園市中壢區****,,,,,,,,,
38,鄭光峰,111年高雄市議員選舉,首次申報,1110819,營利事業捐贈收入,百林物流股份有限公司,69548124,150000.00,0.00,匯款,1110819,,,金錢,桃園市中壢區****,,,,,,,,,
39,鄭光峰,111年高雄市議員選舉,首次申報,1110825,營利事業捐贈收入,協勝發鋼鐵廠股份有限公司,79254702,500000.00,0.00,匯款,1110825,,,金錢,高雄市小港區****,,,,,,,,,
40,鄭光峰,111年高雄市議員選舉,首次申報,1110826,個人捐贈收入,許堯典,E12*******,30000.00,0.00,匯款,1110826,,,金錢,高雄市前鎮區****,,,,,,,,,
41,鄭光峰,111年高雄市議員選舉,首次申報,1110828,營利事業捐贈收入,寰宇國際環保顧問有限公司,13167220,40000.00,0.00,現金,1110902,,,金錢,高雄市苓雅區****,,,,,,,,,
42,鄭光峰,111年高雄市議員選舉,首次申報,1110828,營利事業捐贈收入,雄洋房屋不動產仲介經紀有限公司,13190849,10000.00,0.00,現金,1110902,已返還,,金錢,高雄市三民區****,,,,,,,,,
43,鄭光峰,111年高雄市議員選舉,首次申報,1110828,營利事業捐贈收入,日東不動產仲介經紀有限公司,16826197,18000.00,0.00,現金,1110902,已返還,,金錢,高雄市左營區****,,,,,,,,,
44,鄭光峰,111年高雄市議員選舉,首次申報,1110828,營利事業捐贈收入,馹通交通(股)有限公司,23354004,100000.00,0.00,現金,1110902,,,金錢,高雄市苓雅區****,,,,,,,,,
45,鄭光峰,111年高雄市議員選舉,首次申報,1110828,營利事業捐贈收入,鑫倍鑫實業有限公司,24677798,10000.00,0.00,現金,1110902,,,金錢,高雄市鳳山區****,,,,,,,,,
46,鄭光峰,111年高雄市議員選舉,首次申報,1110828,營利事業捐贈收入,大高雄地產事業有限公司,28285652,8000.00,0.00,現金,1110902,已返還,,金錢,高雄市鳥松區****,,,,,,,,,
47,鄭光峰,111年高雄市議員選舉,首次申報,1110828,營利事業捐贈收入,豐田金開發有限公司,28298100,8000.00,0.00,現金,1110902,已返還,,金錢,高雄市前金區****,,,,,,,,,
48,鄭光峰,111年高雄市議員選舉,首次申報,1110828,營利事業捐贈收入,寬庭房屋仲介有限公司,28595517,8000.00,0.00,現金,1110902,,,金錢,高雄市鼓山區****,,,,,,,,,
49,鄭光峰,111年高雄市議員選舉,首次申報,1110828,營利事業捐贈收入,祥富不動產有限公司,53236032,8000.00,0.00,現金,1110902,已返還,,金錢,高雄市左營區****,,,,,,,,,
50,鄭光峰,111年高雄市議員選舉,首次申報,1110828,營利事業捐贈收入,顥灃不動產仲介有限公司,53886035,8000.00,0.00,現金,1110902,,,金錢,高雄市左營區****,,,,,,,,,
51,鄭光峰,111年高雄市議員選舉,首次申報,1110828,營利事業捐贈收入,崴盛投資股份有限公司,53908241,10000.00,0.00,現金,1110902,,,金錢,高雄市新興區****,,,,,,,,,
52,鄭光峰,111年高雄市議員選舉,首次申報,1110828,營利事業捐贈收入,鈉多不動產有限公司,54822637,10000.00,0.00,現金,1110902,,,金錢,高雄市三民區****,,,,,,,,,
53,鄭光峰,111年高雄市議員選舉,首次申報,1110828,營利事業捐贈收入,高屏榮騰國際有限公司,59180719,20000.00,0.00,現金,1110902,已返還,,金錢,高雄市小港區****,,,,,,,,,
54,鄭光峰,111年高雄市議員選舉,首次申報,1110828,營利事業捐贈收入,豪邦投資有限公司,59297204,20000.00,0.00,現金,1110902,,,金錢,高雄市鹽埕區****,,,,,,,,,
55,鄭光峰,111年高雄市議員選舉,首次申報,1110828,營利事業捐贈收入,九鼎資產管理股份有限公司,70546139,8000.00,0.00,現金,1110902,已返還,,金錢,高雄市前金區****,,,,,,,,,
56,鄭光峰,111年高雄市議員選舉,首次申報,1110828,營利事業捐贈收入,立竑預拌股份有限公司,76344878,20000.00,0.00,現金,1110902,,,金錢,高雄市大寮區****,,,,,,,,,
57,鄭光峰,111年高雄市議員選舉,首次申報,1110828,營利事業捐贈收入,昌懋工程股份有限公司,81270881,100000.00,0.00,現金,1110902,,,金錢,高雄市小港區****,,,,,,,,,
58,鄭光峰,111年高雄市議員選舉,首次申報,1110828,營利事業捐贈收入,童心不動產仲介經紀有限公司,97156725,8000.00,0.00,現金,1110902,,,金錢,高雄市苓雅區****,,,,,,,,,
59,鄭光峰,111年高雄市議員選舉,首次申報,1110828,營利事業捐贈收入,楓山裝潢工程行,99195816,100000.00,0.00,現金,1110902,,,金錢,高雄市大寮區****,,,,,,,,,
60,鄭光峰,111年高雄市議員選舉,首次申報,1110828,個人捐贈收入,張迪杰,E12*******,10000.00,0.00,現金,1110902,,,金錢,高雄市鼓山區****,,,,,,,,,
61,鄭光峰,111年高雄市議員選舉,首次申報,1110828,個人捐贈收入,黃俊宏,E12*******,8000.00,0.00,現金,1110902,,,金錢,高雄市楠梓區****,,,,,,,,,
62,鄭光峰,111年高雄市議員選舉,首次申報,1110828,個人捐贈收入,洪進縈,E12*******,100000.00,0.00,現金,1110902,,,金錢,高雄市前鎮區****,,,,,,,,,
63,鄭光峰,111年高雄市議員選舉,首次申報,1110828,個人捐贈收入,張凱泰,E12*******,10000.00,0.00,現金,1110902,,,金錢,高雄市三民區****,0911*****,,,,,,,,
64,鄭光峰,111年高雄市議員選舉,首次申報,1110828,個人捐贈收入,顏玉瑩,E22*******,50000.00,0.00,現金,1110902,,,金錢,高雄市前鎮區****,,,,,,,,,
65,鄭光峰,111年高雄市議員選舉,首次申報,1110828,個人捐贈收入,吳儒芳,E22*******,13000.00,0.00,現金,1110902,,,金錢,高雄市苓雅區****,0928*****,,,,,,,,
66,鄭光峰,111年高雄市議員選舉,首次申報,1110828,個人捐贈收入,張素月,E22*******,20000.00,0.00,現金,1110902,,,金錢,高雄市前鎮區****,0975*****,,,,,,,,
67,鄭光峰,111年高雄市議員選舉,首次申報,1110828,個人捐贈收入,陳湘宜,E22*******,36000.00,0.00,現金,1110902,,,金錢,高雄市楠梓區****,,,,,,,,,
68,鄭光峰,111年高雄市議員選舉,首次申報,1110828,個人捐贈收入,陳靜如,E22*******,100000.00,0.00,現金,1110902,,,金錢,高雄市前鎮區****,,,,,,,,,
69,鄭光峰,111年高雄市議員選舉,首次申報,1110828,個人捐贈收入,李幸懿,E22*******,100000.00,0.00,現金,1110902,,,金錢,高雄市前鎮區****,,,,,,,,,
70,鄭光峰,111年高雄市議員選舉,首次申報,1110828,個人捐贈收入,張逢源,K22*******,10000.00,0.00,現金,1110902,,,金錢,高雄市三民區****,0955*****,,,,,,,,
71,鄭光峰,111年高雄市議員選舉,首次申報,1110828,個人捐贈收入,詹文馨,L22*******,5000.00,0.00,現金,1110902,,,金錢,高雄市仁武區****,,,,,,,,,
72,鄭光峰,111年高雄市議員選舉,首次申報,1110828,個人捐贈收入,吳俊佑,Q12*******,100000.00,0.00,現金,1110902,,,金錢,高雄市苓雅區****,,,,,,,,,
73,鄭光峰,111年高雄市議員選舉,首次申報,1110828,個人捐贈收入,林錦章,Q12*******,10000.00,0.00,現金,1110902,,,金錢,高雄市苓雅區****,,,,,,,,,
74,鄭光峰,111年高雄市議員選舉,首次申報,1110828,個人捐贈收入,龔秀慈,Q22*******,100000.00,0.00,現金,1110902,,,金錢,高雄市楠梓區****,,,,,,,,,
75,鄭光峰,111年高雄市議員選舉,首次申報,1110828,個人捐贈收入,趙太欉,R10*******,50000.00,0.00,現金,1110902,,,金錢,高雄市前鎮區****,,,,,,,,,
76,鄭光峰,111年高雄市議員選舉,首次申報,1110828,個人捐贈收入,陳志鵬,R12*******,100000.00,0.00,現金,1110902,,,金錢,高雄市前鎮區****,,,,,,,,,
77,鄭光峰,111年高雄市議員選舉,首次申報,1110828,個人捐贈收入,張盈棠,R12*******,10000.00,0.00,現金,1110902,,,金錢,高雄市鼓山區****,0936*****,,,,,,,,
78,鄭光峰,111年高雄市議員選舉,首次申報,1110828,個人捐贈收入,黃婷苓,R22*******,100000.00,0.00,現金,1110902,,,金錢,高雄市前鎮區****,,,,,,,,,
79,鄭光峰,111年高雄市議員選舉,首次申報,1110828,個人捐贈收入,陳世勳,S12*******,100000.00,0.00,現金,1110902,,,金錢,高雄市前鎮區****,0932*****,,,,,,,,
80,鄭光峰,111年高雄市議員選舉,首次申報,1110828,個人捐贈收入,鄭啟峯,S12*******,8000.00,0.00,現金,1110902,,,金錢,高雄市鳳山區****,,,,,,,,,
81,鄭光峰,111年高雄市議員選舉,首次申報,1110828,個人捐贈收入,涂銓祐,T12*******,100000.00,0.00,現金,1110902,,,金錢,高雄市仁武區****,,,,,,,,,
82,鄭光峰,111年高雄市議員選舉,首次申報,1110828,個人捐贈收入,郭朝源,T12*******,10000.00,0.00,現金,1110902,,,金錢,屏東縣南州鄉****,0932*****,,,,,,,,
83,鄭光峰,111年高雄市議員選舉,首次申報,1110828,個人捐贈收入,邱士原,T12*******,10000.00,0.00,現金,1110902,,,金錢,高雄市三民區****,,,,,,,,,
84,鄭光峰,111年高雄市議員選舉,首次申報,1110828,個人捐贈收入,李建輝,X12*******,10000.00,0.00,現金,1110902,,,金錢,高雄市新興區****,,,,,,,,,
85,鄭光峰,111年高雄市議員選舉,首次申報,1110902,營利事業捐贈收入,鋐昇實業股份有限公司,16476467,147000.00,0.00,,,,,非金錢,高雄市苓雅區****,,,,,,,,,
86,鄭光峰,111年高雄市議員選舉,首次申報,1110902,個人捐贈收入,梅栩菖,H12*******,10000.00,0.00,現金,1110902,已返還,,金錢,高雄市鳳山區****,,,,,,,,,
87,鄭光峰,111年高雄市議員選舉,首次申報,1110905,營利事業捐贈收入,天璘不動產仲介有限公司,85120245,50000.00,0.00,現金,1110905,已返還,,金錢,高雄市前鎮區****,,,,,,,,,
88,鄭光峰,111年高雄市議員選舉,首次申報,1110905,個人捐贈收入,陳書嫚,L22*******,100000.00,0.00,現金,1110905,,,金錢,臺中市沙鹿區****,,,,,,,,,
89,鄭光峰,111年高雄市議員選舉,首次申報,1110906,個人捐贈收入,呂維人,D12*******,100000.00,0.00,匯款,1110906,,,金錢,臺南市中西區****,,,,,,,,,
90,鄭光峰,111年高雄市議員選舉,首次申報,1110906,個人捐贈收入,許利銘,E12*******,100000.00,0.00,匯款,1110906,,,金錢,高雄市三民區****,,,,,,,,,
91,鄭光峰,111年高雄市議員選舉,首次申報,1110912,個人捐贈收入,朱勇臻,E12*******,100000.00,0.00,現金,1110912,,,金錢,高雄市小港區****,,,,,,,,,
92,鄭光峰,111年高雄市議員選舉,首次申報,1110914,營利事業捐贈收入,壺藝軒國際貿易有限公司,53586121,30000.00,0.00,現金,1110923,已返還,,金錢,高雄市前鎮區****,,,,,,,,,
93,鄭光峰,111年高雄市議員選舉,首次申報,1110914,營利事業捐贈收入,順昌漁業有限公司,54212065,50000.00,0.00,現金,1110923,,,金錢,高雄市前鎮區****,,,,,,,,,
94,鄭光峰,111年高雄市議員選舉,首次申報,1110914,營利事業捐贈收入,健康長照股份有限公司,83105260,100000.00,0.00,現金,1110923,,,金錢,高雄市三民區****,,,,,,,,,
95,鄭光峰,111年高雄市議員選舉,首次申報,1110914,個人捐贈收入,李建成,A12*******,10000.00,0.00,現金,1110923,已返還,,金錢,高雄市鳳山區****,,,,,,,,,
96,鄭光峰,111年高雄市議員選舉,首次申報,1110914,個人捐贈收入,盤志瑋,D12*******,10000.00,0.00,現金,1110923,,,金錢,高雄市楠梓區****,,,,,,,,,
97,鄭光峰,111年高雄市議員選舉,首次申報,1110914,個人捐贈收入,陳若螢,D22*******,10000.00,0.00,現金,1110914,,,金錢,高雄市三民區****,,,,,,,,,
98,鄭光峰,111年高雄市議員選舉,首次申報,1110914,個人捐贈收入,鄭裕欽,E12*******,50000.00,0.00,現金,1110923,,,金錢,高雄市苓雅區****,,,,,,,,,
99,鄭光峰,111年高雄市議員選舉,首次申報,1110914,個人捐贈收入,陳毅明,G12*******,100000.00,0.00,現金,1110923,,,金錢,高雄市三民區****,,,,,,,,,
100,鄭光峰,111年高雄市議員選舉,首次申報,1110914,個人捐贈收入,顏裕豪,Q12*******,100000.00,0.00,現金,1110923,,,金錢,高雄市鳳山區****,,,,,,,,,
101,鄭光峰,111年高雄市議員選舉,首次申報,1110914,個人捐贈收入,沈秀美,Q22*******,100000.00,0.00,現金,1110923,,,金錢,高雄市鳳山區****,,,,,,,,,
102,鄭光峰,111年高雄市議員選舉,首次申報,1110914,個人捐贈收入,張景棠,R10*******,3000.00,0.00,現金,1110923,,,金錢,高雄市前鎮區****,,,,,,,,,
103,鄭光峰,111年高雄市議員選舉,首次申報,1110914,個人捐贈收入,許添發,S12*******,10000.00,0.00,現金,1110923,,,金錢,高雄市橋頭區****,,,,,,,,,
104,鄭光峰,111年高雄市議員選舉,首次申報,1110914,個人捐贈收入,楊啓聖,T12*******,10000.00,0.00,現金,1110923,,,金錢,高雄市鼓山區****,,,,,,,,,
105,鄭光峰,111年高雄市議員選舉,首次申報,1110914,個人捐贈收入,鍾利珍,T20*******,100000.00,0.00,現金,1110923,,,金錢,屏東縣長治鄉****,,,,,,,,,
106,鄭光峰,111年高雄市議員選舉,首次申報,1110914,個人捐贈收入,陳福展,X12*******,10000.00,0.00,現金,1110923,,,金錢,高雄市前鎮區****,,,,,,,,,
107,鄭光峰,111年高雄市議員選舉,首次申報,1110916,個人捐贈收入,陳冠良,E12*******,100000.00,0.00,現金,1110923,,,金錢,高雄市新興區****,,,,,,,,,
108,鄭光峰,111年高雄市議員選舉,首次申報,1110916,個人捐贈收入,陳曾四欣,E20*******,100000.00,0.00,現金,1110923,,,金錢,高雄市新興區****,,,,,,,,,
109,鄭光峰,111年高雄市議員選舉,首次申報,1110916,個人捐贈收入,黃翠薰,S22*******,100000.00,0.00,現金,1110923,,,金錢,高雄市鳳山區****,,,,,,,,,
110,鄭光峰,111年高雄市議員選舉,首次申報,1110918,匿名捐贈,匿名,,10000.00,0.00,匯款,1110918,,,金錢,,,,,,,,,,
111,鄭光峰,111年高雄市議員選舉,首次申報,1110924,個人捐贈收入,魏志勳,E12*******,8000.00,0.00,現金,1110924,,,金錢,高雄市前鎮區****,,,,,,,,,
112,鄭光峰,111年高雄市議員選舉,首次申報,1110925,個人捐贈收入,林志勳,S12*******,16000.00,0.00,,,,,非金錢,高雄市鳳山區****,,,,,,,,,
113,鄭光峰,111年高雄市議員選舉,首次申報,1110927,營利事業捐贈收入,淨園國際開發股份有限公司,28598330,100000.00,0.00,現金,1110927,,,金錢,高雄市小港區****,,,,,,,,,
114,鄭光峰,111年高雄市議員選舉,首次申報,1110927,營利事業捐贈收入,博淳金屬企業股份有限公司,81239658,100000.00,0.00,現金,1110927,,,金錢,高雄市小港區****,,,,,,,,,
115,鄭光峰,111年高雄市議員選舉,首次申報,1110928,營利事業捐贈收入,捷優工業股份有限公司,22314899,300000.00,0.00,匯款,1110928,,,金錢,新北市五股區****,,,,,,,,,
116,鄭光峰,111年高雄市議員選舉,首次申報,1110929,人民團體捐贈收入,高雄市中山醫學大學校友會,,50000.00,0.00,匯款,1110929,,,金錢,高雄市左營區****,3502*****,,,,,,,,
117,鄭光峰,111年高雄市議員選舉,首次申報,1111003,營利事業捐贈收入,淨園國際開發股份有限公司,28598330,100000.00,0.00,現金,1111003,,,金錢,高雄市小港區****,,,,,,,,,
118,鄭光峰,111年高雄市議員選舉,首次申報,1111003,營利事業捐贈收入,節研節能科技股份有限公司,29185625,100000.00,0.00,現金,1111003,,,金錢,高雄市前鎮區****,,,,,,,,,
119,鄭光峰,111年高雄市議員選舉,首次申報,1111003,營利事業捐贈收入,益江企業股份有限公司,82928323,100000.00,0.00,現金,1111003,,,金錢,高雄市前鎮區****,,,,,,,,,
120,鄭光峰,111年高雄市議員選舉,首次申報,1111003,營利事業捐贈收入,良聯工業股份有限公司,89436978,100000.00,0.00,現金,1111003,,,金錢,高雄市林園區****,,,,,,,,,
121,鄭光峰,111年高雄市議員選舉,首次申報,1111005,營利事業捐贈收入,岩急企業有限公司,12896093,50000.00,0.00,現金,1111013,,,金錢,高雄市鳳山區****,,,,,,,,,
122,鄭光峰,111年高雄市議員選舉,首次申報,1111005,營利事業捐贈收入,急安企業有限公司,13149526,50000.00,0.00,現金,1111013,,,金錢,高雄市前鎮區****,,,,,,,,,
123,鄭光峰,111年高雄市議員選舉,首次申報,1111005,營利事業捐贈收入,德昇船舶貨物裝卸承攬股份有限公司,16123507,100000.00,0.00,現金,1111013,,,金錢,高雄市前鎮區****,,,,,,,,,
124,鄭光峰,111年高雄市議員選舉,首次申報,1111005,營利事業捐贈收入,德京有限公司,45074630,100000.00,0.00,現金,1111013,,,金錢,屏東縣內埔鄉****,,,,,,,,,
125,鄭光峰,111年高雄市議員選舉,首次申報,1111005,營利事業捐贈收入,德榮通運股份有限公司,50808916,100000.00,0.00,現金,1111013,,,金錢,高雄市前鎮區****,,,,,,,,,
126,鄭光峰,111年高雄市議員選舉,首次申報,1111005,營利事業捐贈收入,連宜股份有限公司,79808302,90000.00,0.00,現金,1111013,,,金錢,高雄市前鎮區****,,,,,,,,,
127,鄭光峰,111年高雄市議員選舉,首次申報,1111005,營利事業捐贈收入,吉旺通運有限公司,80109333,50000.00,0.00,現金,1111013,,,金錢,高雄市前鎮區****,,,,,,,,,
128,鄭光峰,111年高雄市議員選舉,首次申報,1111005,營利事業捐贈收入,明晉機械有限公司,80725553,50000.00,0.00,現金,1111013,,,金錢,高雄市大寮區****,,,,,,,,,
129,鄭光峰,111年高雄市議員選舉,首次申報,1111005,營利事業捐贈收入,海洋國際股份有限公司,84705951,100000.00,0.00,現金,1111013,已返還,,金錢,高雄市前鎮區****,,,,,,,,,
130,鄭光峰,111年高雄市議員選舉,首次申報,1111005,營利事業捐贈收入,粲紘貿易股份有限公司,86040473,100000.00,0.00,現金,1111013,,,金錢,高雄市前鎮區****,,,,,,,,,
131,鄭光峰,111年高雄市議員選舉,首次申報,1111005,營利事業捐贈收入,德聖通運股份有限公司,89201389,100000.00,0.00,現金,1111013,,,金錢,高雄市前鎮區****,,,,,,,,,
132,鄭光峰,111年高雄市議員選舉,首次申報,1111005,營利事業捐贈收入,國鼎通運有限公司,89375108,50000.00,0.00,現金,1111013,,,金錢,高雄市鳳山區****,,,,,,,,,
133,鄭光峰,111年高雄市議員選舉,首次申報,1111005,個人捐贈收入,張德賢,E10*******,100000.00,0.00,現金,1111013,,,金錢,高雄市小港區****,,,,,,,,,
134,鄭光峰,111年高雄市議員選舉,首次申報,1111005,個人捐贈收入,王竑稑,E12*******,50000.00,0.00,現金,1111013,,,金錢,臺中市西屯區****,,,,,,,,,
135,鄭光峰,111年高雄市議員選舉,首次申報,1111005,個人捐贈收入,潘正豐,E12*******,100000.00,0.00,現金,1111013,,,金錢,高雄市鳳山區****,,,,,,,,,
136,鄭光峰,111年高雄市議員選舉,首次申報,1111005,個人捐贈收入,蘇永昌,E12*******,20000.00,0.00,現金,1111013,,,金錢,高雄市小港區****,,,,,,,,,
137,鄭光峰,111年高雄市議員選舉,首次申報,1111005,個人捐贈收入,何光珍,E22*******,100000.00,0.00,現金,1111013,,,金錢,高雄市楠梓區****,,,,,,,,,
138,鄭光峰,111年高雄市議員選舉,首次申報,1111005,個人捐贈收入,曾天成,N10*******,100000.00,0.00,現金,1111013,,,金錢,高雄市三民區****,,,,,,,,,
139,鄭光峰,111年高雄市議員選舉,首次申報,1111005,個人捐贈收入,曾玲莉,N22*******,100000.00,0.00,現金,1111013,,,金錢,高雄市鼓山區****,,,,,,,,,
140,鄭光峰,111年高雄市議員選舉,首次申報,1111005,個人捐贈收入,顏宏典,Q10*******,20000.00,0.00,現金,1111005,,,金錢,高雄市前鎮區****,,,,,,,,★,1130726
141,鄭光峰,111年高雄市議員選舉,首次申報,1111005,個人捐贈收入,張鴻榮,Q12*******,10000.00,0.00,現金,1111013,,,金錢,高雄市小港區****,,,,,,,,,
142,鄭光峰,111年高雄市議員選舉,首次申報,1111005,個人捐贈收入,王國泰,R10*******,20000.00,0.00,現金,1111013,,,金錢,高雄市鼓山區****,,,,,,,,,
143,鄭光峰,111年高雄市議員選舉,首次申報,1111005,個人捐贈收入,蔡旺成,R10*******,100000.00,0.00,現金,1111013,,,金錢,高雄市前鎮區****,,,,,,,,,
144,鄭光峰,111年高雄市議員選舉,首次申報,1111005,個人捐贈收入,杜桂華,R22*******,2000.00,0.00,現金,1111013,,,金錢,高雄市小港區****,,,,,,,,,
145,鄭光峰,111年高雄市議員選舉,首次申報,1111005,個人捐贈收入,李汶育,R22*******,100000.00,0.00,現金,1111013,,,金錢,高雄市楠梓區****,,,,,,,,,
146,鄭光峰,111年高雄市議員選舉,首次申報,1111005,個人捐贈收入,陳武雄,S10*******,20000.00,0.00,現金,1111013,,,金錢,高雄市小港區****,,,,,,,,,
147,鄭光峰,111年高雄市議員選舉,首次申報,1111005,個人捐贈收入,李洪蓮,S20*******,10000.00,0.00,現金,1111013,,,金錢,高雄市大寮區****,,,,,,,,,
148,鄭光峰,111年高雄市議員選舉,首次申報,1111005,個人捐贈收入,陳武聰,T10*******,50000.00,0.00,現金,1111013,,,金錢,高雄市苓雅區****,,,,,,,,,
149,鄭光峰,111年高雄市議員選舉,首次申報,1111005,個人捐贈收入,蔡文達,T12*******,20000.00,0.00,現金,1111013,,,金錢,高雄市鳳山區****,,,,,,,,,
150,鄭光峰,111年高雄市議員選舉,首次申報,1111005,個人捐贈收入,陳林雲,T20*******,100000.00,0.00,現金,1111013,,,金錢,高雄市前鎮區****,,,,,,,,,
151,鄭光峰,111年高雄市議員選舉,首次申報,1111005,個人捐贈收入,于淑君,T22*******,10000.00,0.00,現金,1111013,,,金錢,高雄市左營區****,,,,,,,,,
152,鄭光峰,111年高雄市議員選舉,首次申報,1111005,個人捐贈收入,郭漢龍,U12*******,50000.00,0.00,現金,1111013,,,金錢,高雄市前鎮區****,,,,,,,,,
153,鄭光峰,111年高雄市議員選舉,首次申報,1111006,個人捐贈收入,林國華,A22*******,100000.00,0.00,匯款,1111006,,,金錢,新北市中和區****,,,,,,,,,
154,鄭光峰,111年高雄市議員選舉,首次申報,1111006,個人捐贈收入,林柏年,K12*******,100000.00,0.00,匯款,1111006,,,金錢,新北市林口區****,,,,,,,,,
155,鄭光峰,111年高雄市議員選舉,首次申報,1111011,營利事業捐贈收入,高永建設股份有限公司,89763830,100000.00,0.00,票據,1111011,,,金錢,高雄市苓雅區****,,,,,,,,,
156,鄭光峰,111年高雄市議員選舉,首次申報,1111012,個人捐贈收入,張宗凱,F12*******,100000.00,0.00,匯款,1111012,,,金錢,新北市三重區****,,,,,,,,,
157,鄭光峰,111年高雄市議員選舉,首次申報,1111013,營利事業捐贈收入,維多廣告股份有限公司,27227183,100000.00,0.00,現金,1111013,,,金錢,高雄市鼓山區****,,,,,,,,,
158,鄭光峰,111年高雄市議員選舉,首次申報,1111013,營利事業捐贈收入,節研節能科技股份有限公司,29185625,100000.00,0.00,現金,1111013,,,金錢,高雄市前鎮新****,,,,,,,,,
159,鄭光峰,111年高雄市議員選舉,首次申報,1111013,營利事業捐贈收入,博淳金屬企業股份有限公司,81239658,100000.00,0.00,現金,1111013,,,金錢,高雄市小港區****,,,,,,,,,
160,鄭光峰,111年高雄市議員選舉,首次申報,1111013,營利事業捐贈收入,益江企業股份有限公司,82928323,100000.00,0.00,現金,1111013,,,金錢,高雄市前鎮區****,,,,,,,,,
161,鄭光峰,111年高雄市議員選舉,首次申報,1111013,營利事業捐贈收入,良聯工業股份有限公司,89436978,100000.00,0.00,現金,1111013,,,金錢,高雄市林園區****,,,,,,,,,
162,鄭光峰,111年高雄市議員選舉,首次申報,1111016,個人捐贈收入,張圖豪,A12*******,20000.00,0.00,匯款,1111016,,,金錢,高雄市左營區****,,,,,,,,,
163,鄭光峰,111年高雄市議員選舉,首次申報,1111018,營利事業捐贈收入,維多廣告股份有限公司,27227183,100000.00,0.00,現金,1111018,,,金錢,高雄市鼓山區****,,,,,,,,,
164,鄭光峰,111年高雄市議員選舉,首次申報,1111018,營利事業捐贈收入,洸鼎生物科技有限公司,28300979,100000.00,0.00,匯款,1111018,,,金錢,高雄市大寮區****,,,,,,,,,
165,鄭光峰,111年高雄市議員選舉,首次申報,1111018,營利事業捐贈收入,節研節能科技股份有限公司,29185625,100000.00,0.00,現金,1111018,,,金錢,高雄市前鎮區****,,,,,,,,,
166,鄭光峰,111年高雄市議員選舉,首次申報,1111018,營利事業捐贈收入,良聯工業股份有限公司,89436978,100000.00,0.00,現金,1111018,,,金錢,高雄市林園區****,,,,,,,,,
167,鄭光峰,111年高雄市議員選舉,首次申報,1111018,個人捐贈收入,劉經文,P12*******,10000.00,0.00,匯款,1111018,,,金錢,高雄市鼓山區****,,,,,,,,,
168,鄭光峰,111年高雄市議員選舉,首次申報,1111020,營利事業捐贈收入,巴森營造股份有限公司,63052005,100000.00,0.00,現金,1111025,,,金錢,高雄市苓雅區****,,,,,,,,,
169,鄭光峰,111年高雄市議員選舉,首次申報,1111020,營利事業捐贈收入,本業營造有限公司,97036969,100000.00,0.00,現金,1111025,,,金錢,高雄市三民區****,,,,,,,,,
170,鄭光峰,111年高雄市議員選舉,首次申報,1111021,營利事業捐贈收入,儀弘貿易股份有限公司,22832696,50000.00,0.00,匯款,1111021,已返還,,金錢,高雄市前鎮區****,,,,,,,,,
171,鄭光峰,111年高雄市議員選舉,首次申報,1111021,個人捐贈收入,羅婷仁,E22*******,10000.00,0.00,匯款,1111021,,,金錢,高雄市林園區****,,,,,,,,,
172,鄭光峰,111年高雄市議員選舉,首次申報,1111025,人民團體捐贈收入,高雄市中醫師公會,,50000.00,0.00,票據,1111103,,,金錢,高雄市鼓山區****,,,,,,,,,
173,鄭光峰,111年高雄市議員選舉,首次申報,1111025,營利事業捐贈收入,維多廣告股份有限公司,27227183,100000.00,0.00,現金,1111025,,,金錢,高雄市鼓山區****,,,,,,,,,
174,鄭光峰,111年高雄市議員選舉,首次申報,1111025,營利事業捐贈收入,南鎮天然氣股份有限公司,86689421,50000.00,0.00,匯款,1111025,,,金錢,高雄市小港區****,,,,,,,,,
175,鄭光峰,111年高雄市議員選舉,首次申報,1111028,個人捐贈收入,黃則堯,E12*******,20000.00,0.00,匯款,1111028,,,金錢,高雄市前鎮區****,,,,,,,,,
176,鄭光峰,111年高雄市議員選舉,首次申報,1111031,個人捐贈收入,吳慶龍,Q12*******,6000.00,0.00,匯款,1111031,,,金錢,高雄市仁武區****,,,,,,,,,
177,鄭光峰,111年高雄市議員選舉,首次申報,1111102,個人捐贈收入,吳耀禎,E10*******,50000.00,0.00,現金,1111103,,,金錢,高雄市新興區****,,,,,,,,,
178,鄭光峰,111年高雄市議員選舉,首次申報,1111102,個人捐贈收入,王定棟,E10*******,50000.00,0.00,現金,1111103,,,金錢,高雄市苓雅區****,,,,,,,,,
179,鄭光峰,111年高雄市議員選舉,首次申報,1111102,個人捐贈收入,吳勵昇,E10*******,100000.00,0.00,現金,1111103,,,金錢,高雄市左營區****,,,,,,,,,
180,鄭光峰,111年高雄市議員選舉,首次申報,1111102,個人捐贈收入,李錦堂,E12*******,50000.00,0.00,現金,1111103,,,金錢,高雄市前鎮區****,,,,,,,,,
181,鄭光峰,111年高雄市議員選舉,首次申報,1111102,個人捐贈收入,林奕衡,E12*******,15000.00,0.00,現金,1111103,,,金錢,高雄市小港區****,,,,,,,,,
182,鄭光峰,111年高雄市議員選舉,首次申報,1111102,個人捐贈收入,陳秀英,E22*******,100000.00,0.00,現金,1111103,,,金錢,高雄市左營區****,,,,,,,,,
183,鄭光峰,111年高雄市議員選舉,首次申報,1111102,個人捐贈收入,林詠婕,E22*******,100000.00,0.00,現金,1111103,,,金錢,高雄市左營區****,,,,,,,,,
184,鄭光峰,111年高雄市議員選舉,首次申報,1111102,個人捐贈收入,陳晚珍,E22*******,100000.00,0.00,現金,1111103,,,金錢,高雄市鳳山區****,,,,,,,,,
185,鄭光峰,111年高雄市議員選舉,首次申報,1111102,個人捐贈收入,林清秀,F22*******,100000.00,0.00,現金,1111103,,,金錢,高雄市楠梓區****,,,,,,,,,
186,鄭光峰,111年高雄市議員選舉,首次申報,1111102,個人捐贈收入,黃昇振,R10*******,50000.00,0.00,現金,1111103,,,金錢,高雄市前鎮區****,,,,,,,,,
187,鄭光峰,111年高雄市議員選舉,首次申報,1111102,個人捐贈收入,郭文仲,R12*******,100000.00,0.00,現金,1111103,,,金錢,高雄市左營區****,,,,,,,,,
188,鄭光峰,111年高雄市議員選舉,首次申報,1111102,個人捐贈收入,李宜玲,R22*******,50000.00,0.00,現金,1111103,,,金錢,臺南市東區莊****,,,,,,,,,
189,鄭光峰,111年高雄市議員選舉,首次申報,1111102,個人捐贈收入,王義宗,S12*******,100000.00,0.00,現金,1111103,,,金錢,高雄市左營區****,,,,,,,,,
190,鄭光峰,111年高雄市議員選舉,首次申報,1111102,個人捐贈收入,何曜男,S12*******,20000.00,0.00,現金,1111103,,,金錢,高雄市苓雅區****,,,,,,,,,
191,鄭光峰,111年高雄市議員選舉,首次申報,1111102,個人捐贈收入,李武哲,S12*******,100000.00,0.00,現金,1111103,,,金錢,高雄市左營區****,,,,,,,,,
192,鄭光峰,111年高雄市議員選舉,首次申報,1111102,個人捐贈收入,陳佩瑩,S22*******,100000.00,0.00,現金,1111103,,,金錢,高雄市前鎮區****,,,,,,,,,
193,鄭光峰,111年高雄市議員選舉,首次申報,1111102,個人捐贈收入,譚本榮,T12*******,20000.00,0.00,現金,1111103,,,金錢,高雄市鼓山區****,,,,,,,,,
194,鄭光峰,111年高雄市議員選舉,首次申報,1111102,個人捐贈收入,林佩樺,T22*******,10000.00,0.00,現金,1111103,,,金錢,高雄市苓雅區****,,,,,,,,,
195,鄭光峰,111年高雄市議員選舉,首次申報,1111103,匿名捐贈,龔國強,,6000.00,0.00,匯款,1111103,,,金錢,,,,,,,,,,
196,鄭光峰,111年高雄市議員選舉,首次申報,1111104,個人捐贈收入,張慧雲,A22*******,50000.00,0.00,匯款,1111104,,,金錢,臺北市內湖區****,,,,,,,,,
197,鄭光峰,111年高雄市議員選舉,首次申報,1111104,個人捐贈收入,張慧雲,A22*******,50000.00,0.00,匯款,1111104,,,金錢,臺北市內湖區****,,,,,,,,,
198,鄭光峰,111年高雄市議員選舉,首次申報,1111104,個人捐贈收入,陳荃銘,E12*******,6000.00,0.00,現金,1111104,,,金錢,高雄市前鎮區****,,,,,,,,,
199,鄭光峰,111年高雄市議員選舉,首次申報,1111104,個人捐贈收入,蘇彥同,E12*******,50000.00,0.00,現金,1111104,,,金錢,高雄市前鎮區****,,,,,,,,,
200,鄭光峰,111年高雄市議員選舉,首次申報,1111104,個人捐贈收入,劉侯麗華,E20*******,10000.00,0.00,現金,1111104,,,金錢,高雄市前鎮區****,,,,,,,,,
201,鄭光峰,111年高雄市議員選舉,首次申報,1111104,個人捐贈收入,姜旻伶,E22*******,10000.00,0.00,現金,1111104,,,金錢,高雄市鳳山區****,,,,,,,,,
202,鄭光峰,111年高雄市議員選舉,首次申報,1111104,個人捐贈收入,陳英娥,E22*******,10000.00,0.00,現金,1111104,,,金錢,高雄市前鎮區****,,,,,,,,,
203,鄭光峰,111年高雄市議員選舉,首次申報,1111104,個人捐贈收入,吳美玲,G22*******,100000.00,0.00,匯款,1111104,,,金錢,新北市土城區****,,,,,,,,,
204,鄭光峰,111年高雄市議員選舉,首次申報,1111104,個人捐贈收入,周欽弘,Q12*******,50000.00,0.00,匯款,1111104,,,金錢,新竹縣竹北市****,,,,,,,,,
205,鄭光峰,111年高雄市議員選舉,首次申報,1111104,個人捐贈收入,周欽弘,Q12*******,50000.00,0.00,匯款,1111104,,,金錢,新竹縣竹北市****,,,,,,,,,
206,鄭光峰,111年高雄市議員選舉,首次申報,1111104,個人捐贈收入,周欽源,Q12*******,100000.00,0.00,匯款,1111104,,,金錢,新北市板橋區****,,,,,,,,,
207,鄭光峰,111年高雄市議員選舉,首次申報,1111104,個人捐贈收入,蔡文玲,Q22*******,20000.00,0.00,現金,1111104,,,金錢,高雄市前鎮區****,,,,,,,,,
208,鄭光峰,111年高雄市議員選舉,首次申報,1111104,個人捐贈收入,張景棠,R10*******,2000.00,0.00,現金,1111104,,,金錢,高雄市前鎮區****,,,,,,,,,
209,鄭光峰,111年高雄市議員選舉,首次申報,1111104,個人捐贈收入,林明正,R12*******,6000.00,0.00,現金,1111104,,,金錢,高雄市前鎮區****,,,,,,,,,
210,鄭光峰,111年高雄市議員選舉,首次申報,1111104,個人捐贈收入,林國鎮,S12*******,10000.00,0.00,現金,1111104,,,金錢,高雄市前鎮區****,,,,,,,,,
211,鄭光峰,111年高雄市議員選舉,首次申報,1111104,個人捐贈收入,梁宇峰,S12*******,30000.00,0.00,現金,1111104,,,金錢,高雄市新興區****,,,,,,,,,
212,鄭光峰,111年高雄市議員選舉,首次申報,1111104,個人捐贈收入,郭翠淑,S22*******,12000.00,0.00,現金,1111104,,,金錢,高雄市苓雅區****,,,,,,,,,
213,鄭光峰,111年高雄市議員選舉,首次申報,1111104,個人捐贈收入,劉齡喻,S22*******,30000.00,0.00,現金,1111104,,,金錢,高雄市苓雅區****,,,,,,,,,
214,鄭光峰,111年高雄市議員選舉,首次申報,1111104,個人捐贈收入,張文照,T10*******,20000.00,0.00,現金,1111104,,,金錢,高雄市鳳山區****,,,,,,,,,
215,鄭光峰,111年高雄市議員選舉,首次申報,1111104,個人捐贈收入,陳屬,T22*******,20000.00,0.00,現金,1111104,,,金錢,高雄市鳳山區****,,,,,,,,,
216,鄭光峰,111年高雄市議員選舉,首次申報,1111105,個人捐贈收入,李玟娟,E22*******,50000.00,0.00,匯款,1111105,,,金錢,新竹縣竹北市****,,,,,,,,,
217,鄭光峰,111年高雄市議員選舉,首次申報,1111105,個人捐贈收入,李玟娟,E22*******,50000.00,0.00,匯款,1111105,,,金錢,新竹縣竹北市****,,,,,,,,,
218,鄭光峰,111年高雄市議員選舉,首次申報,1111108,營利事業捐贈收入,沛興國際企業股份有限公司,53588818,100000.00,0.00,匯款,1111108,,,金錢,高雄市湖內區****,,,,,,,,,
219,鄭光峰,111年高雄市議員選舉,首次申報,1111109,匿名捐贈,林佳靜,,3000.00,0.00,匯款,1111109,,,金錢,,,,,,,,,,
220,鄭光峰,111年高雄市議員選舉,首次申報,1111109,個人捐贈收入,簡志坤,S12*******,18000.00,0.00,匯款,1111109,,,金錢,高雄市左營區****,,,,,,,,,
221,鄭光峰,111年高雄市議員選舉,首次申報,1111110,人民團體捐贈收入,社團法人高雄市醫師公會,,50000.00,0.00,票據,1111111,,,金錢,高雄市前金區****,,,,,,,,,
222,鄭光峰,111年高雄市議員選舉,首次申報,1111111,營利事業捐贈收入,湟泰建設股份有限公司,13181898,100000.00,0.00,票據,1111111,,,金錢,高雄市左營區****,,,,,,,,,
223,鄭光峰,111年高雄市議員選舉,首次申報,1111111,營利事業捐贈收入,小港汽車有限公司,28300041,47000.00,0.00,現金,1111115,,,金錢,高雄市小港區****,,,,,,,,,
224,鄭光峰,111年高雄市議員選舉,首次申報,1111111,營利事業捐贈收入,台陽營造股份有限公司,49680996,100000.00,0.00,現金,1111115,,,金錢,高雄市苓雅區****,,,,,,,,,
225,鄭光峰,111年高雄市議員選舉,首次申報,1111111,營利事業捐贈收入,高苑工程有限公司,50926202,100000.00,0.00,匯款,1111111,,,金錢,高雄市小港區****,,,,,,,,,
226,鄭光峰,111年高雄市議員選舉,首次申報,1111111,營利事業捐贈收入,新樺鋼鐵工業股份有限公司,82956663,100000.00,0.00,現金,1111115,,,金錢,新北市三重區****,,,,,,,,,
227,鄭光峰,111年高雄市議員選舉,首次申報,1111111,個人捐贈收入,曾繼輝,E12*******,100000.00,0.00,現金,1111115,,,金錢,高雄市左營區****,,,,,,,,,
228,鄭光峰,111年高雄市議員選舉,首次申報,1111111,個人捐贈收入,曾啓堯,E12*******,100000.00,0.00,現金,1111115,,,金錢,高雄市左營區****,,,,,,,,,
229,鄭光峰,111年高雄市議員選舉,首次申報,1111111,個人捐贈收入,張杉,F10*******,100000.00,0.00,現金,1111115,,,金錢,新北市樹林區****,,,,,,,,,
230,鄭光峰,111年高雄市議員選舉,首次申報,1111111,個人捐贈收入,張旭文,F12*******,100000.00,0.00,現金,1111115,,,金錢,新北市樹林區****,,,,,,,,,
231,鄭光峰,111年高雄市議員選舉,首次申報,1111111,個人捐贈收入,戴淑玲,Q22*******,100000.00,0.00,現金,1111111,,,金錢,高雄市前鎮區****,,,,,,,,,
232,鄭光峰,111年高雄市議員選舉,首次申報,1111114,個人捐贈收入,翁全義,E10*******,10000.00,0.00,匯款,1111114,,,金錢,高雄市三民區****,,,,,,,,,
233,鄭光峰,111年高雄市議員選舉,首次申報,1111114,個人捐贈收入,謝幸娟,S22*******,100000.00,0.00,匯款,1111114,,,金錢,高雄市鳳山區****,,,,,,,,,
234,鄭光峰,111年高雄市議員選舉,首次申報,1111115,營利事業捐贈收入,向陽優能電力股份有限公司,53084598,300000.00,0.00,匯款,1111115,已返還,,金錢,臺北市大安區****,,,,,,,,,
235,鄭光峰,111年高雄市議員選舉,首次申報,1111115,個人捐贈收入,林睿達,A12*******,100000.00,0.00,現金,1111115,,,金錢,臺北市松山區****,,,,,,,,,
236,鄭光峰,111年高雄市議員選舉,首次申報,1111115,個人捐贈收入,李志應,A22*******,100000.00,0.00,現金,1111115,,,金錢,新北市林口區****,,,,,,,,,
237,鄭光峰,111年高雄市議員選舉,首次申報,1111115,個人捐贈收入,龔信愷,F12*******,100000.00,0.00,現金,1111115,,,金錢,新北市林口區****,,,,,,,,,
238,鄭光峰,111年高雄市議員選舉,首次申報,1111115,個人捐贈收入,林慧婷,P22*******,100000.00,0.00,現金,1111115,,,金錢,臺北市松山區****,,,,,,,,,
239,鄭光峰,111年高雄市議員選舉,首次申報,1111115,個人捐贈收入,林宇茂,T12*******,100000.00,0.00,現金,1111115,,,金錢,臺中市北屯區****,,,,,,,,,
240,鄭光峰,111年高雄市議員選舉,首次申報,1111116,人民團體捐贈收入,社團法人高雄縣醫師公會,,20000.00,0.00,現金,1111118,,,金錢,高雄市鳳山區****,,,,,,,,,
241,鄭光峰,111年高雄市議員選舉,首次申報,1111116,人民團體捐贈收入,高雄市藥師公會,,10000.00,0.00,現金,1111118,,,金錢,鼓山區明華路****,5530*****,,,,,,,,
242,鄭光峰,111年高雄市議員選舉,首次申報,1111116,人民團體捐贈收入,高雄市汽車洗車工職業工會,,6000.00,0.00,現金,1111118,,,金錢,高雄市前鎮區****,,,,,,,,,
243,鄭光峰,111年高雄市議員選舉,首次申報,1111116,人民團體捐贈收入,社團法人高雄市牙醫師公會,,50000.00,0.00,現金,1111118,,,金錢,高雄市前鎮區****,,,,,,,,,
244,鄭光峰,111年高雄市議員選舉,首次申報,1111116,營利事業捐贈收入,鼎承能源科技股份有限公司,53896195,100000.00,0.00,現金,1111118,,,金錢,高雄市仁武區****,,,,,,,,,
245,鄭光峰,111年高雄市議員選舉,首次申報,1111116,營利事業捐贈收入,昌懋工程股份有限公司,81270881,100000.00,0.00,現金,1111118,,,金錢,高雄市小港區****,,,,,,,,,
246,鄭光峰,111年高雄市議員選舉,首次申報,1111116,個人捐贈收入,周沂璇,D22*******,10000.00,0.00,現金,1111118,,,金錢,高雄市仁武區****,,,,,,,,,
247,鄭光峰,111年高雄市議員選舉,首次申報,1111116,個人捐贈收入,葉聰敏,K12*******,20000.00,0.00,現金,1111118,,,金錢,高雄市小港區****,,,,,,,,,
248,鄭光峰,111年高雄市議員選舉,首次申報,1111116,個人捐贈收入,謝坤霖,M12*******,50000.00,0.00,現金,1111118,,,金錢,高雄市苓雅區****,,,,,,,,,
249,鄭光峰,111年高雄市議員選舉,首次申報,1111116,個人捐贈收入,林蘇清金,R20*******,20000.00,0.00,現金,1111116,,,金錢,高雄市前鎮區****,,,,,,,,,
250,鄭光峰,111年高雄市議員選舉,首次申報,1111116,個人捐贈收入,呂炳融,S12*******,50000.00,0.00,現金,1111121,,,金錢,高雄市小港區****,,,,,,,,,
251,鄭光峰,111年高雄市議員選舉,首次申報,1111116,個人捐贈收入,黃雅雲,S22*******,10000.00,0.00,現金,1111118,,,金錢,高雄市三民區****,,,,,,,,,
252,鄭光峰,111年高雄市議員選舉,首次申報,1111116,個人捐贈收入,李宜珊,S22*******,10000.00,0.00,現金,1111118,,,金錢,嘉義縣太保市****,,,,,,,,,
253,鄭光峰,111年高雄市議員選舉,首次申報,1111117,營利事業捐贈收入,正宇鍛造工業有限公司,13191002,100000.00,0.00,現金,1111121,,,金錢,高雄市小港區****,,,,,,,,,
254,鄭光峰,111年高雄市議員選舉,首次申報,1111121,營利事業捐贈收入,富岳冷凍食品廠股份有限公司,22258051,1000000.00,0.00,匯款,1111121,,,金錢,高雄市前鎮區****,,,,,,,,,
255,鄭光峰,111年高雄市議員選舉,首次申報,1111121,營利事業捐贈收入,曜順企業股份有限公司,22535160,50000.00,0.00,匯款,1111121,,,金錢,高雄市前鎮區****,,,,,,,,,
256,鄭光峰,111年高雄市議員選舉,首次申報,1111121,個人捐贈收入,林意誠,S10*******,50000.00,0.00,現金,1111122,,,金錢,高雄市小港區****,,,,,,,,,
257,鄭光峰,111年高雄市議員選舉,首次申報,1111125,個人捐贈收入,黃欐婷,F22*******,100000.00,0.00,匯款,1111125,,,金錢,新竹市北大路****,,,,,,,,,
258,鄭光峰,111年高雄市議員選舉,首次申報,1111221,其他收入,利息收入,,1323.00,0.00,匯款,1111221,,,金錢,,,,,,,,,,
