﻿序號,擬參選人／政黨,選舉名稱,申報序號／年度,交易日期,收支科目,捐贈者／支出對象,身分證／統一編號,收入金額,支出金額,支出用途,金錢類,地址,聯絡電話,資料更正日期
1,林沛祥,107年縣(市)議員選舉,首次申報,1070608,雜支支出,小天使海鮮熱炒,74839848,0.00,462.00,餐飲費用,金錢,基隆市安樂區****,,
2,林沛祥,107年縣(市)議員選舉,首次申報,1070608,雜支支出,輕鬆購生活工場,99814247,0.00,40.00,文具用品費用,金錢,基隆市安樂區****,,
3,林沛祥,107年縣(市)議員選舉,首次申報,1070609,雜支支出,南榮鮮花店,37754487,0.00,4750.00,雜項購置 高架花,金錢,基隆市仁愛區****,,
4,林沛祥,107年縣(市)議員選舉,首次申報,1070615,雜支支出,匠職人車美妍,,0.00,1000.00,雜項購置或修繕費用 汽車清潔洗車,金錢,基隆市暖暖區****,0989*****,
5,林沛祥,107年縣(市)議員選舉,首次申報,1070618,宣傳支出,恩倢斯視覺策略顧問有限公司,53086337,0.00,40971.00,製作宣傳廣告支出 恩倢斯視覺策略顧問有限公司,金錢,新北市新莊區****,,
6,林沛祥,107年縣(市)議員選舉,首次申報,1070619,公共關係費用支出,李鵠餅店,00141304,0.00,180.00,聯誼交際費用,金錢,基隆市仁愛區****,,
7,林沛祥,107年縣(市)議員選舉,首次申報,1070619,雜支支出,文誠車業行,09747660,0.00,1400.00,汽機車燃料費用　　換輪胎中古,金錢,基隆市安樂區****,,
8,林沛祥,107年縣(市)議員選舉,首次申報,1070620,宣傳支出,恩偼斯視覺策略股份有限公司,53086337,0.00,108293.00,製作競選物品支出（移動式廣告、帆布廣告、形象廣告）,金錢,新北市新莊區****,,
9,林沛祥,107年縣(市)議員選舉,首次申報,1070627,宣傳支出,潤嘉實業有限公司,27807773,0.00,33600.00,製作競選物品支出（牙籤文宣品）,金錢,新北市中和區****,02-2*****,
10,林沛祥,107年縣(市)議員選舉,首次申報,1070628,雜支支出,基金福隆店,09976121,0.00,195.00,餐飲費用,金錢,基隆市安樂區****,,
11,林沛祥,107年縣(市)議員選舉,首次申報,1070703,雜支支出,美美百貨行,39965282,0.00,405.00,文具用品費用,金錢,基隆市安樂區****,,
12,林沛祥,107年縣(市)議員選舉,首次申報,1070704,雜支支出,南榮鮮花店,37754487,0.00,5000.00,雜項購置或修繕費用,金錢,基隆市仁愛區****,,
13,林沛祥,107年縣(市)議員選舉,首次申報,1070708,雜支支出,南榮鮮花店,37754487,0.00,4550.00,雜項購置或修繕費用,金錢,基隆市仁愛區****,02-2*****,
14,林沛祥,107年縣(市)議員選舉,首次申報,1070709,公共關係費用支出,溫莎堡食品股份有限公司,23821660,0.00,199.00,聯誼交際費用,金錢,基隆市安樂區****,,
15,林沛祥,107年縣(市)議員選舉,首次申報,1070709,宣傳支出,佳士達百貨有限公司,28880815,0.00,20475.00,製作競選物品支出（宣傳原子筆）,金錢,基隆市仁愛區****,02-2*****,
16,林沛祥,107年縣(市)議員選舉,首次申報,1070711,雜支支出,小天使海鮮熱炒,74839848,0.00,527.00,餐飲費用,金錢,基隆市安樂區****,02-2*****,
17,林沛祥,107年縣(市)議員選舉,首次申報,1070712,雜支支出,美美百貨行,39965282,0.00,30.00,文具用品費用,金錢,基隆市安樂區****,,
18,林沛祥,107年縣(市)議員選舉,首次申報,1070712,宣傳支出,恩偼思視覺策略顧問有限公司,53086337,0.00,146698.00,製作競選物品支出（第二波帆布、拜訪卡、扇子）,金錢,新北市新莊區****,0932*****,
19,林沛祥,107年縣(市)議員選舉,首次申報,1070713,雜支支出,順義商行,50587391,0.00,92.00,餐飲費用  飲料,金錢,基隆市安樂區****,02-2*****,
20,林沛祥,107年縣(市)議員選舉,首次申報,1070713,雜支支出,小天使海鮮熱炒,74839848,0.00,330.00,餐飲費用,金錢,基隆市安樂區****,02-2*****,
21,林沛祥,107年縣(市)議員選舉,首次申報,1070714,雜支支出,成家小吃店有限公司,84122457,0.00,4975.00,餐飲費用 辦公室聚餐,金錢,臺北市大安區****,,
22,林沛祥,107年縣(市)議員選舉,首次申報,1070717,宣傳支出,恩偼思視覺策略顧問有限公司,53086337,0.00,181940.00,製作競選物品支出（面紙、扇子）,金錢,新北市新莊區****,0932*****,
23,林沛祥,107年縣(市)議員選舉,首次申報,1070719,雜支支出,女人家清潔社,,0.00,6500.00,雜項購置或修繕費用  清潔費用,金錢,,0922*****,
24,林沛祥,107年縣(市)議員選舉,首次申報,1070719,雜支支出,基金福隆店,09976121,0.00,1120.00,午餐便當,金錢,基隆市安樂區****,02-2*****,
25,林沛祥,107年縣(市)議員選舉,首次申報,1070719,雜支支出,OKｍａｒｔ,28414109,0.00,15.00,雜項購置（報紙）,金錢,基隆市安樂區****,,
26,林沛祥,107年縣(市)議員選舉,首次申報,1070719,雜支支出,美美百貨行,39965282,0.00,929.00,文具用品費用 延長線,金錢,基隆市安樂區****,02-2*****,
27,林沛祥,107年縣(市)議員選舉,首次申報,1070719,雜支支出,順義商行,50587391,0.00,330.00,飲料,金錢,基隆市安樂區****,,
28,林沛祥,107年縣(市)議員選舉,首次申報,1070720,雜支支出,全家便利店,53009888,0.00,166.00,礦泉水、報紙,金錢,基隆市****,,
29,林沛祥,107年縣(市)議員選舉,首次申報,1070722,雜支支出,南榮鮮花店,37754487,0.00,4750.00,雜項購置或修繕費用,金錢,基隆市仁愛區****,02-2*****,
30,林沛祥,107年縣(市)議員選舉,首次申報,1070723,雜支支出,中華郵政股份有限公司基隆大武崙郵局,00922027,0.00,210.00,電信費用 寄送 郵件,金錢,基隆市安樂區****,,
31,林沛祥,107年縣(市)議員選舉,首次申報,1070723,雜支支出,基金福隆店,09976121,0.00,255.00,餐飲費用,金錢,基隆市安樂區****,02-2*****,
32,林沛祥,107年縣(市)議員選舉,首次申報,1070724,雜支支出,太平鎖店,00881953,0.00,600.00,雜項購置或修繕費用 遙控器拷貝,金錢,基隆市仁愛區****,2428*****,
33,林沛祥,107年縣(市)議員選舉,首次申報,1070724,雜支支出,基金福隆店,09976121,0.00,170.00,餐飲費用,金錢,基隆市安樂區****,02-2*****,
34,林沛祥,107年縣(市)議員選舉,首次申報,1070724,雜支支出,輕鬆購生活工場,99814247,0.00,506.00,文具用品費用 一批,金錢,基隆市安樂區****,,
35,林沛祥,107年縣(市)議員選舉,首次申報,1070725,雜支支出,基金福隆店,09976121,0.00,340.00,餐飲費用,金錢,基隆市安樂區****,02-2*****,
36,林沛祥,107年縣(市)議員選舉,首次申報,1070725,雜支支出,全家便利商店股份有限公司基隆市第一一九分公司,51360604,0.00,384.00,餐飲費用 沙士一箱,金錢,基隆市安樂區****,,
37,林沛祥,107年縣(市)議員選舉,首次申報,1070726,雜支支出,基金福隆店,09976121,0.00,170.00,餐飲費用,金錢,基隆市安樂區****,02-2*****,
38,林沛祥,107年縣(市)議員選舉,首次申報,1070727,交通旅運支出,義交大象衛星車行,,0.00,300.00,搭乘交通工具支出,金錢,基隆市安樂區****,2426*****,
39,林沛祥,107年縣(市)議員選舉,首次申報,1070727,雜支支出,勤和行,,0.00,1800.00,餐飲費用 茶會用,金錢,基隆市安樂區****,,
40,林沛祥,107年縣(市)議員選舉,首次申報,1070727,雜支支出,仁愛市場第20攤,,0.00,1995.00,雜項購置 拜拜用三牲,金錢,基隆市仁愛區****,0982*****,
41,林沛祥,107年縣(市)議員選舉,首次申報,1070727,雜支支出,德元行,00912822,0.00,890.00,雜項購置(菜刀),金錢,基隆市仁愛區****,02-2*****,
42,林沛祥,107年縣(市)議員選舉,首次申報,1070727,雜支支出,基金福隆店,09976121,0.00,170.00,餐飲費用,金錢,基隆市安樂區****,02-2*****,
43,林沛祥,107年縣(市)議員選舉,首次申報,1070727,雜支支出,早中晚健康農匯,25599497,0.00,4140.00,雜項購置或修繕費用 拜拜用水果,金錢,,,
44,林沛祥,107年縣(市)議員選舉,首次申報,1070727,宣傳支出,願景天下媒體廣告有限公司,27515207,0.00,18240.00,製作宣傳廣告支出,金錢,基隆市安樂區****,,
45,林沛祥,107年縣(市)議員選舉,首次申報,1070727,雜支支出,金興香行,29370065,0.00,500.00,雜項購置或修繕費用 金紙、香,金錢,基隆市安樂區****,02-2*****,
46,林沛祥,107年縣(市)議員選舉,首次申報,1070727,雜支支出,全家便利商店,51360604,0.00,1365.00,雜項購置或修繕費用 拜拜用泡麵,金錢,,,
47,林沛祥,107年縣(市)議員選舉,首次申報,1070727,雜支支出,明昌商行,98109089,0.00,170.00,雜項購置或修繕費用 免洗盤一批,金錢,,,
48,林沛祥,107年縣(市)議員選舉,首次申報,1070727,雜支支出,輕鬆購生活工場,99814247,0.00,614.00,文具用品費用,金錢,,,
49,林沛祥,107年縣(市)議員選舉,首次申報,1070727,雜支支出,輕鬆購生活工場,99814247,0.00,690.00,文具用品費用 紅紙、筆、紙盤、金紙,金錢,基隆市安樂區****,02-3*****,
50,林沛祥,107年縣(市)議員選舉,首次申報,1070730,雜支支出,基金福隆店,09976121,0.00,695.00,餐飲費用,金錢,基隆市安樂區****,2433*****,
51,林沛祥,107年縣(市)議員選舉,首次申報,1070731,公共關係費用支出,華豐行,00343809,0.00,34150.00,聯誼交際費用,金錢,基隆市中正區****,,
52,林沛祥,107年縣(市)議員選舉,首次申報,1070801,雜支支出,基金福隆店,09976121,0.00,460.00,義工及團會會議便當,金錢,基隆市安樂區****,,
53,林沛祥,107年縣(市)議員選舉,首次申報,1070802,雜支支出,基金福隆店,09976121,0.00,175.00,餐飲費用,金錢,基隆市安樂區****,,
54,林沛祥,107年縣(市)議員選舉,首次申報,1070803,雜支支出,基金福隆店,09976121,0.00,75.00,餐飲費用,金錢,基隆市安樂區****,2433*****,
55,林沛祥,107年縣(市)議員選舉,首次申報,1070804,公共關係費用支出,秦味館,25580357,0.00,13118.00,聯誼交際費用,金錢,臺北市大安區****,02-8*****,
56,林沛祥,107年縣(市)議員選舉,首次申報,1070805,雜支支出,基金福隆店,09976121,0.00,75.00,餐飲費用 午餐會議便當,金錢,基隆市安樂區****,02-2*****,
57,林沛祥,107年縣(市)議員選舉,首次申報,1070805,宣傳支出,願景媒體廣告以限公司,27515207,0.00,87311.00,製作宣傳廣告支出,金錢,基隆市安樂區****,02-2*****,
58,林沛祥,107年縣(市)議員選舉,首次申報,1070805,雜支支出,大信派報廣告社,76672914,0.00,225.00,書報雜誌費用,金錢,基隆市安樂區****,,
59,林沛祥,107年縣(市)議員選舉,首次申報,1070807,雜支支出,南榮鮮花店,37754487,0.00,4800.00,雜項購置或修繕費用,金錢,基隆市仁愛區****,,
60,林沛祥,107年縣(市)議員選舉,首次申報,1070808,宣傳支出,美美百貨行,39965282,0.00,573.00,製作競選物品支出（手拿桿修繕）,金錢,基隆市安樂區****,02-2*****,
61,林沛祥,107年縣(市)議員選舉,首次申報,1070809,雜支支出,基金福隆店,09976121,0.00,255.00,餐飲費用,金錢,基隆市安樂區****,02-2*****,
62,林沛祥,107年縣(市)議員選舉,首次申報,1070809,雜支支出,基金福隆店,09976121,0.00,150.00,餐飲費用,金錢,基隆市安樂區****,02-2*****,
63,林沛祥,107年縣(市)議員選舉,首次申報,1070809,雜支支出,基金福隆店,09976121,0.00,375.00,餐飲費用,金錢,基隆市安樂區****,02-2*****,
64,林沛祥,107年縣(市)議員選舉,首次申報,1070810,租用競選辦事處支出,萬虹通訊有限公司,,0.00,13000.00,裝潢競選辦事處支出  總機移機,金錢,基隆市仁愛區****,,
65,林沛祥,107年縣(市)議員選舉,首次申報,1070812,宣傳支出,布紙飾雜貨工作室,37755872,0.00,900.00,製作競選物品支出（桌巾車邊）,金錢,基隆市安樂區****,02-3*****,
66,林沛祥,107年縣(市)議員選舉,首次申報,1070813,雜支支出,基金福隆店,09976121,0.00,150.00,餐飲費用,金錢,基隆市安樂區****,,
67,林沛祥,107年縣(市)議員選舉,首次申報,1070813,雜支支出,光南大批發,53618670,0.00,202.00,文具用品費用,金錢,,,
68,林沛祥,107年縣(市)議員選舉,首次申報,1070813,雜支支出,宏德布行,73892751,0.00,2121.00,文具用品費用 桌布,金錢,臺北市迪化街****,02-2*****,
69,林沛祥,107年縣(市)議員選舉,首次申報,1070814,雜支支出,基金福隆店,09976121,0.00,340.00,餐飲費用,金錢,基隆市安樂區****,02-2*****,
70,林沛祥,107年縣(市)議員選舉,首次申報,1070814,雜支支出,老爹滷肉飯,18313449,0.00,170.00,晚餐會議,金錢,基隆市安樂區****,02-2*****,
71,林沛祥,107年縣(市)議員選舉,首次申報,1070814,雜支支出,伯郎咖啡股份有限公司,28198735,0.00,260.00,餐飲費用,金錢,臺北市****,02-2*****,
72,林沛祥,107年縣(市)議員選舉,首次申報,1070815,宣傳支出,恩偼思視覺策略顧問有限公司,53086337,0.00,297540.00,製作競選物品支出（廣告設計與製作）,金錢,新北市新莊區****,,
73,林沛祥,107年縣(市)議員選舉,首次申報,1070816,雜支支出,基金福隆店,09976121,0.00,75.00,餐飲費用,金錢,基隆市安樂區****,02-2*****,
74,林沛祥,107年縣(市)議員選舉,首次申報,1070816,雜支支出,豪福有限公司,27479526,0.00,800.00,雜項購置 中元節拜拜用食物,金錢,基隆市信義區****,,
75,林沛祥,107年縣(市)議員選舉,首次申報,1070816,雜支支出,東帝士,81800164,0.00,3407.00,雜項購置或修繕費用 中元普渡祭品一批,金錢,基隆市安樂區****,,
76,林沛祥,107年縣(市)議員選舉,首次申報,1070817,雜支支出,全聯福利中心,27923148,0.00,182.00,雜項購置(刷子、清潔劑、購物袋),金錢,基隆市安樂區****,,
77,林沛祥,107年縣(市)議員選舉,首次申報,1070818,宣傳支出,願景媒體廣告以限公司,27515207,0.00,27307.00,製作競選物品支出（廣告帆布）,金錢,基隆市安樂區****,02-2*****,
78,林沛祥,107年縣(市)議員選舉,首次申報,1070818,雜支支出,全家便利商店,51360604,0.00,658.00,雜項購置 中元節拜拜食品一批,金錢,基隆市安樂區****,,
79,林沛祥,107年縣(市)議員選舉,首次申報,1070820,雜支支出,基金福隆店,09976121,0.00,150.00,餐飲費用,金錢,基隆市安樂區****,02-2*****,
80,林沛祥,107年縣(市)議員選舉,首次申報,1070820,租用競選辦事處支出,辰興國際開發股份有限公司,42574318,0.00,47880.00,裝潢競選辦事處支出,金錢,基隆市信義區****,0919*****,
81,林沛祥,107年縣(市)議員選舉,首次申報,1070820,雜支支出,光南大批發,5361870,0.00,847.00,文具用品費用,金錢,基隆市仁愛區****,,
82,林沛祥,107年縣(市)議員選舉,首次申報,1070821,雜支支出,基金福隆店,09976121,0.00,150.00,餐飲費用,金錢,基隆市安樂區****,,
83,林沛祥,107年縣(市)議員選舉,首次申報,1070822,雜支支出,全聯福利中心,53672239,0.00,388.00,餐飲費用 雀巢咖啡、伯朗夏威夷拿鐵、雀巢咖啡濃醇待,金錢,基隆市安樂區****,,
84,林沛祥,107年縣(市)議員選舉,首次申報,1070823,雜支支出,基金福隆店,09976121,0.00,425.00,餐飲費用,金錢,基隆市安樂區****,02-2*****,
85,林沛祥,107年縣(市)議員選舉,首次申報,1070825,雜支支出,全家便利店,51360604,0.00,325.00,飲料,金錢,基隆市安樂區****,,
86,林沛祥,107年縣(市)議員選舉,首次申報,1070827,雜支支出,基金福隆店,09976121,0.00,150.00,便當,金錢,基隆市安樂區****,02-2*****,
87,林沛祥,107年縣(市)議員選舉,首次申報,1070829,雜支支出,基金福隆店,09976121,0.00,425.00,便當,金錢,基隆市安樂區****,,
88,林沛祥,107年縣(市)議員選舉,首次申報,1070829,雜支支出,南榮鮮花店,37754487,0.00,4550.00,餐飲費用,金錢,基隆市仁愛區****,,
89,林沛祥,107年縣(市)議員選舉,首次申報,1070829,雜支支出,年發企業社,94931273,0.00,3600.00,文具用品費用 碳粉夾個,金錢,臺中市大雅區****,04-2*****,
90,林沛祥,107年縣(市)議員選舉,首次申報,1070830,雜支支出,基金福隆店,09976121,0.00,555.00,餐飲費用,金錢,基隆市安樂區****,,
91,林沛祥,107年縣(市)議員選舉,首次申報,1070830,雜支支出,義法特咖啡館,72833784,0.00,345.00,餐飲費用 飲品,金錢,基隆市安樂區****,02-2*****,
92,林沛祥,107年縣(市)議員選舉,首次申報,1070831,雜支支出,華豐行,00343809,0.00,77795.00,雜項購置 (月份飲料),金錢,基隆市中正區****,02-2*****,
93,林沛祥,107年縣(市)議員選舉,首次申報,1070901,雜支支出,南榮鮮花店,37754487,0.00,1950.00,雜項購置或修繕費用,金錢,基隆市仁愛區****,,
94,林沛祥,107年縣(市)議員選舉,首次申報,1070904,雜支支出,大明工藝社,98099619,0.00,5400.00,雜項購置(中堂支),金錢,基隆市中正區****,02-2*****,
95,林沛祥,107年縣(市)議員選舉,首次申報,1070905,雜支支出,基金福隆店,09976121,0.00,300.00,餐飲費用,金錢,基隆市安樂區****,02-2*****,
96,林沛祥,107年縣(市)議員選舉,首次申報,1070905,雜支支出,大信派報廣告社,76672914,0.00,750.00,書報雜誌費用,金錢,基隆市安樂區****,0912*****,
97,林沛祥,107年縣(市)議員選舉,首次申報,1070906,雜支支出,全家便利商店,51360604,0.00,1028.00,文具用品費用,金錢,基隆市安樂區****,,
98,林沛祥,107年縣(市)議員選舉,首次申報,1070906,雜支支出,大明工藝社,98099619,0.00,900.00,雜項購置 (中堂支),金錢,基隆市中正區****,02-2*****,
99,林沛祥,107年縣(市)議員選舉,首次申報,1070907,雜支支出,基金福隆店,09976121,0.00,250.00,餐飲費用,金錢,基隆市安樂區****,02-2*****,
100,林沛祥,107年縣(市)議員選舉,首次申報,1070907,雜支支出,光南大批發,53618670,0.00,583.00,文具用品費用,金錢,基隆市仁愛區****,,
101,林沛祥,107年縣(市)議員選舉,首次申報,1070907,雜支支出,台灣中油,77709565,0.00,1000.00,汽機車燃料費用-AAQ-加油費用,金錢,基隆市安樂區****,,
102,林沛祥,107年縣(市)議員選舉,首次申報,1070907,雜支支出,大明工藝社,98099619,0.00,450.00,雜項購置 中堂,金錢,基隆市中正區****,,
103,林沛祥,107年縣(市)議員選舉,首次申報,1070910,雜支支出,光南大批發,53618670,0.00,608.00,文具用品費用,金錢,基隆市仁愛區****,,
104,林沛祥,107年縣(市)議員選舉,首次申報,1070911,雜支支出,美美百貨商行,07210638,0.00,220.00,雜項購置 沙包袋、畚箕,金錢,基隆市安樂區****,02-2*****,
105,林沛祥,107年縣(市)議員選舉,首次申報,1070911,雜支支出,基金福隆店,09976121,0.00,325.00,餐飲費用,金錢,基隆市安樂區****,02-2*****,
106,林沛祥,107年縣(市)議員選舉,首次申報,1070911,雜支支出,光南大批發,53618670,0.00,118.00,文具用品費用,金錢,基隆市仁愛區****,,
107,林沛祥,107年縣(市)議員選舉,首次申報,1070911,雜支支出,光南大批發,53618670,0.00,100.00,文具用品費用,金錢,基隆市仁愛區****,,
108,林沛祥,107年縣(市)議員選舉,首次申報,1070911,雜支支出,光南大批發,53618670,0.00,1023.00,文具用品費用,金錢,基隆市仁愛區****,,
109,林沛祥,107年縣(市)議員選舉,首次申報,1070912,雜支支出,基金福隆店,09976121,0.00,300.00,餐飲費用,金錢,基隆市安樂區****,02-2*****,
110,林沛祥,107年縣(市)議員選舉,首次申報,1070913,雜支支出,全家便利商店,51360604,0.00,402.00,餐飲費用 零食跟水果,金錢,基隆市安樂區****,,
111,林沛祥,107年縣(市)議員選舉,首次申報,1070914,雜支支出,台灣中油,77709621,0.00,1000.00,汽機車燃料費用 加油費,金錢,基隆市安樂區****,,
112,林沛祥,107年縣(市)議員選舉,首次申報,1070915,雜支支出,光南大批發,53618670,0.00,679.00,文具用品費用 圓形標籤、透明標籤、鋼珠筆,金錢,基隆市仁愛區****,,
113,林沛祥,107年縣(市)議員選舉,首次申報,1070917,宣傳支出,中華郵政股份有限公司基隆大武崙郵局,00922027,0.00,2580.00,郵寄競選物品或宣傳廣告支出 第一批邀請卡寄出,金錢,基隆市安樂區****,,
114,林沛祥,107年縣(市)議員選舉,首次申報,1070917,雜支支出,基金福隆店,09976121,0.00,225.00,餐飲費用,金錢,基隆市安樂區****,02-2*****,
115,林沛祥,107年縣(市)議員選舉,首次申報,1070917,雜支支出,南榮鮮花店,37754487,0.00,4550.00,雜項購置或修繕費用,金錢,,02-2*****,
116,林沛祥,107年縣(市)議員選舉,首次申報,1070917,雜支支出,光南大批發,53618670,0.00,160.00,文具用品費用 聘書用 A黃牛皮公文信封,金錢,基隆市仁愛區****,,
117,林沛祥,107年縣(市)議員選舉,首次申報,1070917,雜支支出,光南大批發,53618670,0.00,244.00,文具用品費用 包裝水玉紅入、慶陽K包裝紙,金錢,基隆市仁愛區****,,
118,林沛祥,107年縣(市)議員選舉,首次申報,1070918,宣傳支出,中華郵政股份有限公司基隆大武崙郵局,00922027,0.00,3156.00,郵寄競選物品或宣傳廣告支出,金錢,基隆市安樂區****,,
119,林沛祥,107年縣(市)議員選舉,首次申報,1070918,雜支支出,基金福隆店,09976121,0.00,285.00,餐飲費用,金錢,基隆市安樂區****,02-2*****,
120,林沛祥,107年縣(市)議員選舉,首次申報,1070918,雜支支出,光南大批發,53618670,0.00,256.00,文具用品費用 A影印紙G 入,金錢,基隆市仁愛區****,,
121,林沛祥,107年縣(市)議員選舉,首次申報,1070919,宣傳支出,中華郵政股份有限公司基隆大武崙郵局,00922027,0.00,2100.00,郵寄競選物品或宣傳廣告支出,金錢,基隆市安樂區****,,
122,林沛祥,107年縣(市)議員選舉,首次申報,1070919,雜支支出,基金福隆店,09976121,0.00,385.00,餐飲費用,金錢,基隆市安樂區****,02-2*****,
123,林沛祥,107年縣(市)議員選舉,首次申報,1070919,交通旅運支出,台灣中油,77709609,0.00,500.00,油資,金錢,基隆市安樂區****,,
124,林沛祥,107年縣(市)議員選舉,首次申報,1070920,宣傳支出,亮源企業行,41255738,0.00,49000.00,製作宣傳廣告支出,金錢,基隆市暖暖區****,02-2*****,
125,林沛祥,107年縣(市)議員選舉,首次申報,1070920,宣傳支出,亮源企業行,41255738,0.00,37800.00,製作競選物品支出（設計費）,金錢,基隆市暖暖區****,02-2*****,
126,林沛祥,107年縣(市)議員選舉,首次申報,1070920,宣傳支出,亮源企業行,41255738,0.00,56700.00,製作競選物品支出（設計費訂金）,金錢,基隆市暖暖區****,02-2*****,
127,林沛祥,107年縣(市)議員選舉,首次申報,1070920,宣傳支出,亮源企業社,41255738,0.00,189000.00,製作競選物品支出（設計費、帆布廣告、邀請卡）,金錢,基隆市暖暖區****,02-2*****,
128,林沛祥,107年縣(市)議員選舉,首次申報,1070921,雜支支出,基金福隆店,09976121,0.00,350.00,餐飲費用,金錢,基隆市安樂區****,02-2*****,
129,林沛祥,107年縣(市)議員選舉,首次申報,1070921,公共關係費用支出,珍味香食品行,78409405,0.00,960.00,聯誼交際費用 中秋月餅伴手禮二份,金錢,基隆市仁愛區****,,
130,林沛祥,107年縣(市)議員選舉,首次申報,1070923,雜支支出,泳勝小吃店,72711161,0.00,180.00,餐飲費用,金錢,基隆市安樂區****,02-2*****,
131,林沛祥,107年縣(市)議員選舉,首次申報,1070923,交通旅運支出,台灣中油,77709609,0.00,1000.00,油資,金錢,基隆市安樂區****,,
132,林沛祥,107年縣(市)議員選舉,首次申報,1070924,公共關係費用支出,愛買,28983592,0.00,3582.00,聯誼交際費用,金錢,基隆市信義區****,,
133,林沛祥,107年縣(市)議員選舉,首次申報,1070924,公共關係費用支出,全家便利商店股份有限公司基隆市第一一九分公司,51360604,0.00,508.00,聯誼交際費用,金錢,基隆市安樂區****,,
134,林沛祥,107年縣(市)議員選舉,首次申報,1070924,公共關係費用支出,東逸企業股份有限公司八堵物流中心,81800164,0.00,1138.00,聯誼交際費用,金錢,基隆市安樂區****,,
135,林沛祥,107年縣(市)議員選舉,首次申報,1070925,雜支支出,鴨香寶港式燒臘,31525348,0.00,445.00,餐飲費用 便當,金錢,基隆市安樂區****,02-2*****,
136,林沛祥,107年縣(市)議員選舉,首次申報,1070925,雜支支出,寶頤文具有限公司,32230850,0.00,272.00,文具用品費用,金錢,基隆市仁愛區****,02-2*****,
137,林沛祥,107年縣(市)議員選舉,首次申報,1070925,雜支支出,全家便利店,51360604,0.00,1443.00,雜項購置或修繕費用,金錢,基隆市安樂區****,,
138,林沛祥,107年縣(市)議員選舉,首次申報,1070925,雜支支出,光南大批發,53618670,0.00,40.00,文具用品費用,金錢,基隆市仁愛區****,,
139,林沛祥,107年縣(市)議員選舉,首次申報,1070926,宣傳支出,中華郵政股份有限公司基隆大武崙郵局,00922027,0.00,3636.00,郵寄競選物品或宣傳廣告支出,金錢,基隆市安樂區****,,
140,林沛祥,107年縣(市)議員選舉,首次申報,1070926,雜支支出,基金福隆店,09976121,0.00,375.00,餐飲費用 志工便當,金錢,基隆市中山區****,,
141,林沛祥,107年縣(市)議員選舉,首次申報,1070927,雜支支出,兆豐產物保險公司,03090217,0.00,5453.00,雜項購置(保險費用),金錢,臺北市****,,
142,林沛祥,107年縣(市)議員選舉,首次申報,1070927,雜支支出,美美百貨商行,39965282,0.00,819.00,雜項購置 (名片簿、旅行袋),金錢,基隆市安樂區****,02-2*****,
143,林沛祥,107年縣(市)議員選舉,首次申報,1070927,雜支支出,全家便利商店,51360604,0.00,167.00,蒟蒻凍,金錢,基隆市安樂區****,,
144,林沛祥,107年縣(市)議員選舉,首次申報,1070927,宣傳支出,昊彥複印社,98115202,0.00,7660.00,製作競選物品支出（印刷費）,金錢,基隆市中正區****,02-2*****,
145,林沛祥,107年縣(市)議員選舉,首次申報,1070928,宣傳支出,中華郵政股份有限公司基隆大武崙郵局,00922027,0.00,2574.00,郵寄競選物品或宣傳廣告支出,金錢,基隆市安樂區****,,
146,林沛祥,107年縣(市)議員選舉,首次申報,1070928,雜支支出,基金福隆店,09976121,0.00,150.00,餐飲費用(志工午餐費),金錢,基隆市安樂區****,02-2*****,
147,林沛祥,107年縣(市)議員選舉,首次申報,1070930,雜支支出,南榮鮮花店,37754487,0.00,4100.00,雜項購置或修繕費用,金錢,基隆市仁愛區****,02-2*****,
148,林沛祥,107年縣(市)議員選舉,首次申報,1071001,交通旅運支出,義交大象衛星車行,,0.00,355.00,搭乘交通工具支出,金錢,,02-2*****,
149,林沛祥,107年縣(市)議員選舉,首次申報,1071001,宣傳支出,中華郵政股份有限公司基隆大武崙郵局,00922027,0.00,608.00,郵寄競選物品或宣傳廣告支出,金錢,基隆市安樂區****,,
150,林沛祥,107年縣(市)議員選舉,首次申報,1071001,雜支支出,基金福隆店,09976121,0.00,475.00,餐飲費用,金錢,基隆市安樂區****,02-2*****,
151,林沛祥,107年縣(市)議員選舉,首次申報,1071001,宣傳支出,齊邑企業股份有限公司,52554092,0.00,14700.00,播送、傳送或刊登宣傳廣告支出,金錢,臺北市忠孝東****,02-2*****,
152,林沛祥,107年縣(市)議員選舉,首次申報,1071001,雜支支出,光南大批發,53618670,0.00,512.00,文具用品費用 (A影印紙),金錢,基隆市仁愛區****,,
153,林沛祥,107年縣(市)議員選舉,首次申報,1071002,雜支支出,基金福隆店,09976121,0.00,400.00,餐飲費用,金錢,基隆市安樂區****,02-2*****,
154,林沛祥,107年縣(市)議員選舉,首次申報,1071002,雜支支出,名鄉燒腊店,74834344,0.00,160.00,餐飲費用,金錢,基隆市安樂區****,02-2*****,
155,林沛祥,107年縣(市)議員選舉,首次申報,1071003,雜支支出,鴨香寶港式燒臘,31525348,0.00,445.00,餐飲費用,金錢,基隆市安樂區****,02-2*****,
156,林沛祥,107年縣(市)議員選舉,首次申報,1071004,雜支支出,基金福隆店,09976121,0.00,275.00,晚餐會議費用,金錢,基隆市安樂區****,02-2*****,
157,林沛祥,107年縣(市)議員選舉,首次申報,1071004,雜支支出,鴨香寶港式燒臘,31525348,0.00,530.00,餐飲費用,金錢,基隆市安樂區****,02-2*****,
158,林沛祥,107年縣(市)議員選舉,首次申報,1071005,雜支支出,鴨香寶港式燒臘,31525348,0.00,455.00,餐飲費用,金錢,基隆市安樂區****,02-2*****,
159,林沛祥,107年縣(市)議員選舉,首次申報,1071006,雜支支出,光南大批發,53618670,0.00,654.00,文具用品費用(紅包袋、 G-黑字膽),金錢,基隆市仁愛區****,,
160,林沛祥,107年縣(市)議員選舉,首次申報,1071006,雜支支出,義法特區咖啡館,72823784,0.00,160.00,餐飲費用 飲料,金錢,基隆市安樂區****,02-2*****,
161,林沛祥,107年縣(市)議員選舉,首次申報,1071006,雜支支出,大明工藝社,98099619,0.00,480.00,雜項購置(成立大會造勢拉叭),金錢,基隆市中正區****,02-2*****,
162,林沛祥,107年縣(市)議員選舉,首次申報,1071007,雜支支出,天寶堂香舖,00888885,0.00,260.00,雜項購置(成立大會金紙),金錢,基隆市安樂區****,02-2*****,
163,林沛祥,107年縣(市)議員選舉,首次申報,1071007,集會支出,金時代音響企業社,26519211,0.00,12000.00,租用設備支出 舞台車設備租金,金錢,新北市樹林區****,02- *****,
164,林沛祥,107年縣(市)議員選舉,首次申報,1071007,雜支支出,富源蔬果店,31403865,0.00,360.00,雜項購置 (大蒜一把),金錢,基隆市仁愛區****,02-2*****,
165,林沛祥,107年縣(市)議員選舉,首次申報,1071007,集會支出,珍讚小吃店,41207737,0.00,33500.00,餐飲支出,金錢,基隆市仁愛區****,02-2*****,
166,林沛祥,107年縣(市)議員選舉,首次申報,1071007,雜支支出,寶頤文具有限公司,53640618,0.00,258.00,文具用品費用,金錢,基隆市仁愛區****,02-2*****,
167,林沛祥,107年縣(市)議員選舉,首次申報,1071007,雜支支出,小天使海鮮熱炒,74839848,0.00,390.00,餐飲費用,金錢,基隆市安樂區****,02-2*****,
168,林沛祥,107年縣(市)議員選舉,首次申報,1071007,集會支出,春壹桌餐館,82198445,0.00,2000.00,餐飲支出  成立大會工作人員餐敘,金錢,基隆市安樂區****,02-2*****,
169,林沛祥,107年縣(市)議員選舉,首次申報,1071008,公共關係費用支出,新進發水果行,,0.00,600.00,聯誼交際費用 水果,金錢,基隆市安樂區****,2431*****,
170,林沛祥,107年縣(市)議員選舉,首次申報,1071008,雜支支出,鴨香寶港式燒臘,31525348,0.00,610.00,餐飲費用,金錢,基隆市安樂區****,02-2*****,
171,林沛祥,107年縣(市)議員選舉,首次申報,1071008,雜支支出,全家便利商店,51360604,0.00,399.00,雜項購置  軟糖禮盒,金錢,,,
172,林沛祥,107年縣(市)議員選舉,首次申報,1071009,雜支支出,信盛水果行,,0.00,330.00,雜項購置(購買水果),金錢,基隆市安樂區****,02-2*****,
173,林沛祥,107年縣(市)議員選舉,首次申報,1071009,雜支支出,鴨香寶港式燒臘,31525348,0.00,610.00,餐飲費用,金錢,基隆市安樂區****,02-2*****,
174,林沛祥,107年縣(市)議員選舉,首次申報,1071009,雜支支出,全家便利店,53662577,0.00,280.00,餐飲費用,金錢,,,
175,林沛祥,107年縣(市)議員選舉,首次申報,1071009,人事費用支出,賴得琦,P10*******,0.00,2000.00,工資或薪津,金錢,基隆市七堵區****,,
176,林沛祥,107年縣(市)議員選舉,首次申報,1071010,雜支支出,基金福隆店,09976121,0.00,320.00,餐飲費用,金錢,基隆市安樂區****,02-2*****,
177,林沛祥,107年縣(市)議員選舉,首次申報,1071011,雜支支出,台灣自來水股份有限公司,00904745,0.00,220.00,水電瓦斯費用  水費,金錢,基隆市安樂區****,,
178,林沛祥,107年縣(市)議員選舉,首次申報,1071011,雜支支出,鴨香寶港式燒臘,31525348,0.00,440.00,餐飲費用 便當,金錢,基隆市安樂區****,02-2*****,
179,林沛祥,107年縣(市)議員選舉,首次申報,1071011,雜支支出,全家便利商店,53009888,0.00,194.00,餐飲費用,金錢,,,
180,林沛祥,107年縣(市)議員選舉,首次申報,1071011,雜支支出,義法特區咖啡館,72823784,0.00,60.00,餐飲費用 飲料,金錢,基隆市安樂區****,02-2*****,
181,林沛祥,107年縣(市)議員選舉,首次申報,1071011,雜支支出,小天使海鮮熱炒,74839848,0.00,180.00,餐飲費用,金錢,基隆市安樂區****,02-2*****,
182,林沛祥,107年縣(市)議員選舉,首次申報,1071012,集會支出,十月國際整合行銷,28919121,0.00,78855.00,租用設備支出  阿里山帳、塑膠椅、流動廁所,金錢,基隆市安樂區****,02-2*****,
183,林沛祥,107年縣(市)議員選舉,首次申報,1071012,雜支支出,鴨香寶港式燒臘,31525348,0.00,425.00,餐飲費用,金錢,基隆市安樂區****,02-2*****,
184,林沛祥,107年縣(市)議員選舉,首次申報,1071012,雜支支出,武嶺廖媽媽餐館,39965446,0.00,450.00,餐飲費用,金錢,基隆市安樂區****,02-2*****,
185,林沛祥,107年縣(市)議員選舉,首次申報,1071012,雜支支出,全家便利商店,54380885,0.00,135.00,餐飲費用 便當,金錢,基隆市安樂區****,,
186,林沛祥,107年縣(市)議員選舉,首次申報,1071012,雜支支出,義法特區咖啡館,72823784,0.00,60.00,餐飲費用 飲料,金錢,基隆市安樂區****,02-2*****,
187,林沛祥,107年縣(市)議員選舉,首次申報,1071013,雜支支出,基金福隆店,09976121,0.00,375.00,餐飲費用,金錢,基隆市安樂區****,02-2*****,
188,林沛祥,107年縣(市)議員選舉,首次申報,1071013,雜支支出,全家便利商店,51360604,0.00,883.00,雜項購置或修繕費用,金錢,,,
189,林沛祥,107年縣(市)議員選舉,首次申報,1071014,雜支支出,鴨香寶港式燒臘,31525348,0.00,425.00,餐飲費用,金錢,基隆市安樂區****,02-2*****,
190,林沛祥,107年縣(市)議員選舉,首次申報,1071014,人事費用支出,葉元英,J22*******,0.00,2000.00,工資或薪津,金錢,基隆市仁愛區****,,
191,林沛祥,107年縣(市)議員選舉,首次申報,1071015,雜支支出,基金福隆店,09976121,0.00,300.00,餐飲費用,金錢,基隆市安樂區****,02-2*****,
192,林沛祥,107年縣(市)議員選舉,首次申報,1071015,雜支支出,鴨香寶港式燒臘,31525348,0.00,425.00,餐飲費用,金錢,基隆市安樂區****,02-2*****,
193,林沛祥,107年縣(市)議員選舉,首次申報,1071016,雜支支出,環華文教實業社,30123129,0.00,154.00,文具用品費用,金錢,基隆市仁愛區****,02-2*****,
194,林沛祥,107年縣(市)議員選舉,首次申報,1071016,雜支支出,鴨香寶港式燒臘,31525348,0.00,510.00,餐飲費用,金錢,基隆市安樂區****,02-2*****,
195,林沛祥,107年縣(市)議員選舉,首次申報,1071016,公共關係費用支出,捷登藥局愛三店,98105746,0.00,1250.00,文康活動費用,金錢,基隆市仁愛區****,02-2*****,
196,林沛祥,107年縣(市)議員選舉,首次申報,1071017,人事費用支出,陳紹瑜,C12*******,0.00,510.00,工資或薪津,金錢,基隆市安樂區****,,
197,林沛祥,107年縣(市)議員選舉,首次申報,1071018,宣傳支出,亮源企業行,41255738,0.00,26581.00,製作宣傳廣告支出,金錢,基隆市暖暖區****,02-2*****,
198,林沛祥,107年縣(市)議員選舉,首次申報,1071018,雜支支出,金其茶品專賣店,41358782,0.00,80.00,餐飲費用,金錢,基隆市安樂區****,02-3*****,
199,林沛祥,107年縣(市)議員選舉,首次申報,1071018,雜支支出,小天使海鮮熱炒,74839848,0.00,460.00,餐飲費用,金錢,基隆市安樂區****,02-2*****,
200,林沛祥,107年縣(市)議員選舉,首次申報,1071018,人事費用支出,馮昱翔,A12*******,0.00,6500.00,工資或薪津,金錢,臺北市尊賢街****,,
201,林沛祥,107年縣(市)議員選舉,首次申報,1071018,人事費用支出,張雅棠,F22*******,0.00,18200.00,工資或薪津,金錢,基隆市暖暖區****,,
202,林沛祥,107年縣(市)議員選舉,首次申報,1071019,雜支支出,金興刻印店,00124500,0.00,3610.00,文具用品費用  顆製印章個,金錢,基隆市仁愛區****,02-2*****,
203,林沛祥,107年縣(市)議員選舉,首次申報,1071019,雜支支出,安隆彩色印刷製版有限公司,22049549,0.00,14175.00,文具用品費用 貼紙,金錢,新北市中和區****,02-2*****,
204,林沛祥,107年縣(市)議員選舉,首次申報,1071019,宣傳支出,十月國際整合行銷,28919121,0.00,15855.00,播送、傳送或刊登宣傳廣告支出,金錢,基隆市安樂區****,02-2*****,
205,林沛祥,107年縣(市)議員選舉,首次申報,1071019,雜支支出,光南大批發,53618670,0.00,1056.00,文具用品費用  印泥 個,金錢,,,
206,林沛祥,107年縣(市)議員選舉,首次申報,1071019,雜支支出,小天使海鮮熱炒,74839848,0.00,510.00,餐飲費用,金錢,基隆市安樂區****,02-2*****,
207,林沛祥,107年縣(市)議員選舉,首次申報,1071019,雜支支出,小天使海鮮熱炒,74839848,0.00,700.00,餐飲費用,金錢,基隆市安樂區****,02-2*****,
208,林沛祥,107年縣(市)議員選舉,首次申報,1071019,人事費用支出,趙建傑,C12*******,0.00,630.00,工資或薪津,金錢,基隆市中正區****,,
209,林沛祥,107年縣(市)議員選舉,首次申報,1071020,集會支出,協和商店,00154709,0.00,48.00,餐飲支出,金錢,基隆市仁愛區****,02-2*****,
210,林沛祥,107年縣(市)議員選舉,首次申報,1071020,雜支支出,基金福隆店,09976121,0.00,75.00,餐飲費用,金錢,基隆市安樂區****,02-2*****,
211,林沛祥,107年縣(市)議員選舉,首次申報,1071020,雜支支出,南榮鮮花店,37754487,0.00,4950.00,雜項購置或修繕費用,金錢,基隆市仁愛區****,02-2*****,
212,林沛祥,107年縣(市)議員選舉,首次申報,1071020,雜支支出,小天使海鮮熱炒,74839848,0.00,510.00,餐飲費用,金錢,基隆市安樂區****,02-2*****,
213,林沛祥,107年縣(市)議員選舉,首次申報,1071021,集會支出,凱文食品行,17740438,0.00,8389.00,餐飲支出,金錢,臺北市延吉街****,2579*****,
214,林沛祥,107年縣(市)議員選舉,首次申報,1071021,雜支支出,全聯福利中心,27923148,0.00,140.00,雜項購置或修繕費用,金錢,基隆市安樂區****,,
215,林沛祥,107年縣(市)議員選舉,首次申報,1071021,集會支出,珍讚小吃店,41207737,0.00,6000.00,餐飲支出 後援會外燴,金錢,基隆市仁愛區****,02-2*****,
216,林沛祥,107年縣(市)議員選舉,首次申報,1071022,宣傳支出,中華郵政股份有限公司基隆大武崙郵局,00922027,0.00,1008.00,郵寄競選物品或宣傳廣告支出,金錢,,,
217,林沛祥,107年縣(市)議員選舉,首次申報,1071022,雜支支出,小天使海鮮熱炒,74839848,0.00,610.00,餐飲費用,金錢,基隆市安樂區****,02-2*****,
218,林沛祥,107年縣(市)議員選舉,首次申報,1071022,雜支支出,小天使海鮮熱炒,74839848,0.00,460.00,餐飲費用,金錢,基隆市安樂區****,02-2*****,
219,林沛祥,107年縣(市)議員選舉,首次申報,1071023,雜支支出,南榮鮮花店,37754487,0.00,4000.00,雜項購置或修繕費用,金錢,基隆市仁愛區****,02-2*****,
220,林沛祥,107年縣(市)議員選舉,首次申報,1071023,雜支支出,南榮鮮花店,37754487,0.00,4950.00,雜項購置或修繕費用,金錢,基隆市仁愛區****,02-2*****,
221,林沛祥,107年縣(市)議員選舉,首次申報,1071023,雜支支出,小天使海鮮熱炒,74839848,0.00,640.00,餐飲費用,金錢,基隆市安樂區****,02-2*****,
222,林沛祥,107年縣(市)議員選舉,首次申報,1071023,人事費用支出,鄭宜芳,C22*******,0.00,21000.00,工資或薪津,金錢,基隆市暖暖區****,,
223,林沛祥,107年縣(市)議員選舉,首次申報,1071024,宣傳支出,中華郵政股份有限公司基隆大武崙郵局,00922027,0.00,28.00,郵寄競選物品或宣傳廣告支出,金錢,,,
224,林沛祥,107年縣(市)議員選舉,首次申報,1071024,集會支出,永泰行,09805204,0.00,170.00,餐飲支出,金錢,基隆市中山區****,02-2*****,
225,林沛祥,107年縣(市)議員選舉,首次申報,1071024,雜支支出,泳勝小吃店,72711161,0.00,560.00,餐飲費用,金錢,基隆市安樂區****,02-2*****,
226,林沛祥,107年縣(市)議員選舉,首次申報,1071024,雜支支出,小天使海鮮熱炒,74839848,0.00,400.00,餐飲費用,金錢,基隆市安樂區****,02-2*****,
227,林沛祥,107年縣(市)議員選舉,首次申報,1071024,人事費用支出,陳紹瑜,C12*******,0.00,1370.00,工資或薪津,金錢,基隆市安樂區****,,
228,林沛祥,107年縣(市)議員選舉,首次申報,1071025,集會支出,正信企業社,10626952,0.00,10000.00,租用場地支出,金錢,新北市萬里區****,02-2*****,
229,林沛祥,107年縣(市)議員選舉,首次申報,1071025,宣傳支出,願景媒體廣告以限公司,27515207,0.00,113969.00,製作宣傳廣告支出,金錢,基隆市安樂區****,02-2*****,
230,林沛祥,107年縣(市)議員選舉,首次申報,1071025,雜支支出,以琳坊,31480834,0.00,220.00,文具用品費用,金錢,基隆市安樂區****,02-2*****,
231,林沛祥,107年縣(市)議員選舉,首次申報,1071025,雜支支出,久大文具連鎖,42866531,0.00,549.00,文具用品費用,金錢,,,
232,林沛祥,107年縣(市)議員選舉,首次申報,1071025,雜支支出,誠信精品文具有限公司,53309230,0.00,100.00,文具用品費用,金錢,基隆市****,,
233,林沛祥,107年縣(市)議員選舉,首次申報,1071025,雜支支出,小天使海鮮熱炒,74839848,0.00,550.00,餐飲費用,金錢,基隆市安樂區****,02-2*****,
234,林沛祥,107年縣(市)議員選舉,首次申報,1071025,雜支支出,輕鬆購生活工場,99814247,0.00,98.00,文具用品費用,金錢,基隆市安樂區****,,
235,林沛祥,107年縣(市)議員選舉,首次申報,1071025,人事費用支出,方鈺琳,R22*******,0.00,2545.00,工資或薪津,金錢,臺南市東山區****,,
236,林沛祥,107年縣(市)議員選舉,首次申報,1071026,宣傳支出,中華郵政股份有限公司基隆大武崙郵局,00922027,0.00,28.00,郵寄競選物品或宣傳廣告支出,金錢,,,
237,林沛祥,107年縣(市)議員選舉,首次申報,1071026,公共關係費用支出,全家便利店,51360604,0.00,1305.00,聯誼交際費用,金錢,基隆市安樂區****,,
238,林沛祥,107年縣(市)議員選舉,首次申報,1071026,租用宣傳車輛支出,日興五金有限公司,55981528,0.00,190.00,維修宣傳車輛支出,金錢,基隆市安樂區****,02-2*****,
239,林沛祥,107年縣(市)議員選舉,首次申報,1071026,雜支支出,小天使海鮮熱炒,74839848,0.00,575.00,餐飲費用,金錢,基隆市安樂區****,02-2*****,
240,林沛祥,107年縣(市)議員選舉,首次申報,1071026,雜支支出,小天使海鮮熱炒,74839848,0.00,560.00,餐飲費用,金錢,基隆市安樂區****,02-2*****,
241,林沛祥,107年縣(市)議員選舉,首次申報,1071026,人事費用支出,鄭宜芳,C22*******,0.00,27800.00,工資或薪津,金錢,基隆市暖暖區****,,
242,林沛祥,107年縣(市)議員選舉,首次申報,1071027,公共關係費用支出,蓮蓮百貨行,00846555,0.00,480.00,聯誼交際費用,金錢,基隆市仁愛區****,,
243,林沛祥,107年縣(市)議員選舉,首次申報,1071027,雜支支出,小天使海鮮熱炒,74839848,0.00,560.00,餐飲費用,金錢,基隆市安樂區****,02-2*****,
244,林沛祥,107年縣(市)議員選舉,首次申報,1071027,雜支支出,小天使海鮮熱炒,74839848,0.00,520.00,餐飲費用,金錢,基隆市安樂區****,02-2*****,
245,林沛祥,107年縣(市)議員選舉,首次申報,1071028,雜支支出,南榮鮮花店,37754487,0.00,4600.00,雜項購置或修繕費用,金錢,基隆市仁愛區****,02-2*****,
246,林沛祥,107年縣(市)議員選舉,首次申報,1071028,雜支支出,南榮鮮花店,37754487,0.00,4000.00,雜項購置或修繕費用,金錢,基隆市仁愛區****,02-2*****,
247,林沛祥,107年縣(市)議員選舉,首次申報,1071028,雜支支出,小天使海鮮熱炒,74839848,0.00,440.00,餐飲費用,金錢,基隆市安樂區****,02-2*****,
248,林沛祥,107年縣(市)議員選舉,首次申報,1071028,人事費用支出,馮昱翔,A12*******,0.00,10780.00,工資或薪津,金錢,臺北市尊賢街****,,
249,林沛祥,107年縣(市)議員選舉,首次申報,1071029,宣傳支出,中華郵政股份有限公司基隆大武崙郵局,00922027,0.00,532.00,郵寄競選物品或宣傳廣告支出,金錢,,,
250,林沛祥,107年縣(市)議員選舉,首次申報,1071029,交通旅運支出,泉益加油站,23686828,0.00,200.00,油資,金錢,,,
251,林沛祥,107年縣(市)議員選舉,首次申報,1071029,雜支支出,義法特區咖啡館,72823784,0.00,150.00,餐飲費用,金錢,基隆市安樂區****,02-2*****,
252,林沛祥,107年縣(市)議員選舉,首次申報,1071029,雜支支出,小天使海鮮熱炒,74839848,0.00,630.00,餐飲費用,金錢,基隆市安樂區****,02-2*****,
253,林沛祥,107年縣(市)議員選舉,首次申報,1071030,雜支支出,小天使海鮮熱炒,74839848,0.00,580.00,餐飲費用,金錢,基隆市安樂區****,02-2*****,
254,林沛祥,107年縣(市)議員選舉,首次申報,1071030,交通旅運支出,台灣中油,77709621,0.00,500.00,油資,金錢,,,
255,林沛祥,107年縣(市)議員選舉,首次申報,1071031,雜支支出,小天使海鮮熱炒,74839848,0.00,575.00,餐飲費用,金錢,基隆市安樂區****,02-2*****,
256,林沛祥,107年縣(市)議員選舉,首次申報,1071031,人事費用支出,蕭宇芯,C22*******,0.00,19200.00,工資或薪津,金錢,基隆市安樂區****,,
257,林沛祥,107年縣(市)議員選舉,首次申報,1071031,人事費用支出,葉元英,J22*******,0.00,20160.00,工資或薪津,金錢,基隆市仁愛區****,,
258,林沛祥,107年縣(市)議員選舉,首次申報,1071101,雜支支出,基金福隆店,09976121,0.00,800.00,餐飲費用,金錢,基隆市安樂區****,02-2*****,
259,林沛祥,107年縣(市)議員選舉,首次申報,1071101,雜支支出,安一海南飯,37759286,0.00,400.00,餐飲費用,金錢,基隆市安樂區****,0975*****,
260,林沛祥,107年縣(市)議員選舉,首次申報,1071101,雜支支出,光南大批發,53618670,0.00,1259.00,文具用品費用,金錢,基隆市仁愛區****,,
261,林沛祥,107年縣(市)議員選舉,首次申報,1071101,雜支支出,義法特區咖啡館,72823784,0.00,60.00,餐飲費用,金錢,基隆市安樂區****,02-2*****,
262,林沛祥,107年縣(市)議員選舉,首次申報,1071101,交通旅運支出,台灣中油,77709621,0.00,500.00,油資,金錢,基隆市安樂區****,,
263,林沛祥,107年縣(市)議員選舉,首次申報,1071101,租用宣傳車輛支出,周阿緞,A22*******,0.00,6000.00,維修宣傳車輛支出,金錢,基隆市信義區****,,
264,林沛祥,107年縣(市)議員選舉,首次申報,1071102,雜支支出,暖暖小館有限公司,12631657,0.00,830.00,餐飲費用,金錢,基隆市暖暖區****,02-2*****,
265,林沛祥,107年縣(市)議員選舉,首次申報,1071102,雜支支出,食神熱炒店,26123978,0.00,2980.00,餐飲費用,金錢,基隆市安樂區****,02-2*****,
266,林沛祥,107年縣(市)議員選舉,首次申報,1071102,集會支出,以琳坊,31480834,0.00,72.00,餐飲支出,金錢,基隆市安樂區****,02-2*****,
267,林沛祥,107年縣(市)議員選舉,首次申報,1071102,集會支出,珍讚小吃店,41207737,0.00,270.00,餐飲支出,金錢,基隆市仁愛區****,02-2*****,
268,林沛祥,107年縣(市)議員選舉,首次申報,1071102,雜支支出,小天使海鮮熱炒,74839848,0.00,500.00,餐飲費用,金錢,基隆市安樂區****,02-2*****,
269,林沛祥,107年縣(市)議員選舉,首次申報,1071102,交通旅運支出,統一精工,80877122,0.00,1450.00,油資,金錢,基隆市安樂區****,,
270,林沛祥,107年縣(市)議員選舉,首次申報,1071102,交通旅運支出,陽光故鄉社區臨時停車收費,95941191,0.00,90.00,停車費,金錢,基隆市安樂區****,02-2*****,
271,林沛祥,107年縣(市)議員選舉,首次申報,1071102,集會支出,輕鬆購生活工場,99814247,0.00,195.00,餐飲支出,金錢,基隆市安樂區****,02-3*****,
272,林沛祥,107年縣(市)議員選舉,首次申報,1071102,租用宣傳車輛支出,蘇建昌,C12*******,0.00,5000.00,雇用宣傳車輛駕駛支出,金錢,基隆市安樂區****,0912*****,
273,林沛祥,107年縣(市)議員選舉,首次申報,1071103,雜支支出,義法特區咖啡館,72823784,0.00,90.00,餐飲費用,金錢,基隆市安樂區****,02--*****,
274,林沛祥,107年縣(市)議員選舉,首次申報,1071104,雜支支出,小天使海鮮熱炒,74839848,0.00,240.00,餐飲費用,金錢,基隆市安樂基****,02-2*****,
275,林沛祥,107年縣(市)議員選舉,首次申報,1071104,交通旅運支出,台灣中油,77709621,0.00,500.00,油資,金錢,基隆市安樂區****,,
276,林沛祥,107年縣(市)議員選舉,首次申報,1071105,雜支支出,台灣電力公司,00423107,0.00,10298.00,水電瓦斯費用 競選總部電費 -樓,金錢,基隆市安樂區****,,
277,林沛祥,107年縣(市)議員選舉,首次申報,1071105,雜支支出,全家便利商店,53009888,0.00,79.00,餐飲費用,金錢,基隆市安樂區****,,
278,林沛祥,107年縣(市)議員選舉,首次申報,1071105,雜支支出,大信派報廣告社,76672914,0.00,750.00,文具用品費用,金錢,基隆市安樂區****,0912*****,
279,林沛祥,107年縣(市)議員選舉,首次申報,1071106,雜支支出,小天使海鮮熱炒,74839848,0.00,140.00,餐飲費用,金錢,基隆市安樂區****,02-2*****,
280,林沛祥,107年縣(市)議員選舉,首次申報,1071106,雜支支出,小天使海鮮熱炒,74839848,0.00,1125.00,餐飲費用,金錢,基隆市安樂區****,02-2*****,
281,林沛祥,107年縣(市)議員選舉,首次申報,1071106,雜支支出,7-11,80339709,0.00,70.00,文具用品費用,金錢,,,
282,林沛祥,107年縣(市)議員選舉,首次申報,1071106,交通旅運支出,統一精工,80877122,0.00,1382.00,油資,金錢,基隆市安樂區****,,
283,林沛祥,107年縣(市)議員選舉,首次申報,1071106,雜支支出,輕鬆購生活工場,99814247,0.00,385.00,雜項購置(購物袋一批),金錢,基隆市安樂區****,02-3*****,
284,林沛祥,107年縣(市)議員選舉,首次申報,1071106,人事費用支出,林芊佑,C22*******,0.00,2200.00,工資或薪津,金錢,基隆市安樂區****,,
285,林沛祥,107年縣(市)議員選舉,首次申報,1071107,雜支支出,義法特區咖啡館,72823784,0.00,90.00,餐飲費用,金錢,基隆市安樂區****,02-2*****,
286,林沛祥,107年縣(市)議員選舉,首次申報,1071107,雜支支出,小天使海鮮熱炒,74839848,0.00,1390.00,餐飲費用,金錢,基隆市安樂區****,02-2*****,
287,林沛祥,107年縣(市)議員選舉,首次申報,1071107,雜支支出,小天使海鮮熱炒,74839848,0.00,750.00,餐飲費用,金錢,基隆市安樂區****,,
288,林沛祥,107年縣(市)議員選舉,首次申報,1071107,交通旅運支出,台灣中油,77709565,0.00,500.00,油資,金錢,基隆市安樂區****,,
289,林沛祥,107年縣(市)議員選舉,首次申報,1071108,交通旅運支出,全家便利店,,0.00,30.00,停車費,金錢,,,
290,林沛祥,107年縣(市)議員選舉,首次申報,1071108,雜支支出,李麗寶,,0.00,2000.00,餐飲費用,金錢,基隆市安樂區****,,
291,林沛祥,107年縣(市)議員選舉,首次申報,1071108,租用競選辦事處支出,甲山林建設股份有限公司,24300338,0.00,10000.00,租用競選辦事處費用,金錢,臺北市松山區****,02-2*****,
292,林沛祥,107年縣(市)議員選舉,首次申報,1071108,雜支支出,極靜頂級美車工藝工作坊,72636950,0.00,2500.00,雜項購置或修繕費用,金錢,基隆市信義區****,,
293,林沛祥,107年縣(市)議員選舉,首次申報,1071108,雜支支出,義法特區咖啡館,72823784,0.00,60.00,餐飲費用,金錢,基隆市安樂區****,02-2*****,
294,林沛祥,107年縣(市)議員選舉,首次申報,1071108,雜支支出,我媽煮的菜商行,72826874,0.00,1095.00,餐飲費用,金錢,基隆市安樂區****,0933*****,
295,林沛祥,107年縣(市)議員選舉,首次申報,1071108,雜支支出,我媽煮的菜商行,72826874,0.00,770.00,餐飲費用,金錢,基隆市安樂區****,0933*****,
296,林沛祥,107年縣(市)議員選舉,首次申報,1071108,人事費用支出,賴得琦,P10*******,0.00,1200.00,工資或薪津,金錢,基隆市七堵區****,,
297,林沛祥,107年縣(市)議員選舉,首次申報,1071109,宣傳支出,中華郵政股份有限公司基隆大武崙郵局,00922027,0.00,56.00,郵寄競選物品或宣傳廣告支出,金錢,基隆市安樂區****,,
298,林沛祥,107年縣(市)議員選舉,首次申報,1071109,雜支支出,義法特區咖啡館,72823784,0.00,230.00,餐飲費用,金錢,基隆市安樂區****,02-2*****,
299,林沛祥,107年縣(市)議員選舉,首次申報,1071109,雜支支出,我媽煮的菜商行,72826874,0.00,1205.00,餐飲費用,金錢,基隆市安樂區****,0933*****,
300,林沛祥,107年縣(市)議員選舉,首次申報,1071109,雜支支出,我媽煮的菜商行,72826874,0.00,750.00,餐飲費用,金錢,基隆市安樂區****,0933*****,
301,林沛祥,107年縣(市)議員選舉,首次申報,1071109,交通旅運支出,台灣中油,77709621,0.00,500.00,油資,金錢,基隆市安樂區****,,
302,林沛祥,107年縣(市)議員選舉,首次申報,1071109,雜支支出,東帝士,81800164,0.00,1354.00,雜項購置,金錢,基隆市安樂區****,,
303,林沛祥,107年縣(市)議員選舉,首次申報,1071110,雜支支出,四季蔬果行,37781674,0.00,500.00,餐飲費用,金錢,基隆市仁愛區****,02-2*****,
304,林沛祥,107年縣(市)議員選舉,首次申報,1071111,雜支支出,南榮鮮花店,37754487,0.00,4600.00,雜項購置或修繕費用,金錢,基隆市仁愛區****,02-2*****,
305,林沛祥,107年縣(市)議員選舉,首次申報,1071111,雜支支出,南榮鮮花店,37754487,0.00,4800.00,雜項購置或修繕費用,金錢,基隆市仁愛區****,02-2*****,
306,林沛祥,107年縣(市)議員選舉,首次申報,1071111,雜支支出,家芳小吃店,72638079,0.00,775.00,餐飲費用,金錢,基隆市安樂區****,02-2*****,
307,林沛祥,107年縣(市)議員選舉,首次申報,1071111,雜支支出,我媽煮的菜商行,72826874,0.00,190.00,餐飲費用,金錢,基隆市安樂區****,0933*****,
308,林沛祥,107年縣(市)議員選舉,首次申報,1071111,雜支支出,小天使海鮮熱炒,74839848,0.00,410.00,餐飲費用,金錢,基隆市安樂區****,,
309,林沛祥,107年縣(市)議員選舉,首次申報,1071112,雜支支出,基金福隆店,09976121,0.00,765.00,餐飲費用,金錢,基隆市安樂區****,02-2*****,
310,林沛祥,107年縣(市)議員選舉,首次申報,1071112,交通旅運支出,台灣中油,77709621,0.00,500.00,油資,金錢,基隆市安樂區****,,
311,林沛祥,107年縣(市)議員選舉,首次申報,1071112,雜支支出,豪勇電機五金行,81810070,0.00,1050.00,雜項購置或修繕費用,金錢,基隆市安樂區****,,
312,林沛祥,107年縣(市)議員選舉,首次申報,1071112,人事費用支出,賴得琦,P10*******,0.00,1200.00,其他因工作酬勞之給付  發家訪卡,金錢,基隆市七堵區****,,
313,林沛祥,107年縣(市)議員選舉,首次申報,1071113,交通旅運支出,大武崙黃昏市場,,0.00,90.00,停車費,金錢,,,
314,林沛祥,107年縣(市)議員選舉,首次申報,1071113,宣傳支出,中華郵政股份有限公司基隆大武崙郵局,00922027,0.00,11632.00,郵寄競選物品或宣傳廣告支出,金錢,,,
315,林沛祥,107年縣(市)議員選舉,首次申報,1071113,雜支支出,食神熱炒店,26123978,0.00,4400.00,餐飲費用,金錢,基隆市安樂區****,,
316,林沛祥,107年縣(市)議員選舉,首次申報,1071113,雜支支出,我媽煮的菜商行,72826874,0.00,850.00,餐飲費用,金錢,基隆市安樂區****,0933*****,
317,林沛祥,107年縣(市)議員選舉,首次申報,1071113,雜支支出,小天使海鮮熱炒,74839848,0.00,990.00,餐飲費用,金錢,基隆市安樂區****,,
318,林沛祥,107年縣(市)議員選舉,首次申報,1071113,人事費用支出,蘇建昌,C12*******,0.00,1700.00,工資或薪津,金錢,基隆市安樂區****,0912*****,
319,林沛祥,107年縣(市)議員選舉,首次申報,1071113,人事費用支出,魏天枝,G10*******,0.00,15000.00,工資或薪津,金錢,基隆市仁愛區****,,
320,林沛祥,107年縣(市)議員選舉,首次申報,1071113,人事費用支出,賴得琦,P10*******,0.00,1200.00,其他因工作酬勞之給付,金錢,基隆市七堵區****,,
321,林沛祥,107年縣(市)議員選舉,首次申報,1071114,宣傳支出,中華郵政股份有限公司基隆大武崙郵局,00922027,0.00,6296.00,郵寄競選物品或宣傳廣告支出,金錢,,,
322,林沛祥,107年縣(市)議員選舉,首次申報,1071114,交通旅運支出,台灣中油,18311272,0.00,500.00,油資,金錢,基隆市安樂區****,,
323,林沛祥,107年縣(市)議員選舉,首次申報,1071114,交通旅運支出,泉益加油站,23686828,0.00,1000.00,油資,金錢,基隆市安樂區****,,
324,林沛祥,107年縣(市)議員選舉,首次申報,1071114,交通旅運支出,台亞加油站,30198887,0.00,1000.00,油資,金錢,基隆市安樂區****,,
325,林沛祥,107年縣(市)議員選舉,首次申報,1071115,交通旅運支出,台灣中油,18311272,0.00,500.00,油資,金錢,基隆市仁愛區****,,
326,林沛祥,107年縣(市)議員選舉,首次申報,1071115,雜支支出,小天使海鮮熱炒,74839848,0.00,990.00,餐飲費用,金錢,基隆市安樂區****,,
327,林沛祥,107年縣(市)議員選舉,首次申報,1071115,雜支支出,競選總部,C12*******,0.00,600.00,餐飲費用,非金錢,基隆市安樂區****,,
328,林沛祥,107年縣(市)議員選舉,首次申報,1071116,雜支支出,永新水果行,01995841,0.00,5100.00,雜項購置或修繕費用,金錢,,,
329,林沛祥,107年縣(市)議員選舉,首次申報,1071116,雜支支出,金鮮魯肉飯店,10571318,0.00,1110.00,餐飲費用,金錢,基隆市中山區****,,
330,林沛祥,107年縣(市)議員選舉,首次申報,1071116,交通旅運支出,泉益加油站,23686828,0.00,500.00,油資,金錢,基隆市安樂區****,,
331,林沛祥,107年縣(市)議員選舉,首次申報,1071116,人事費用支出,莊樹材,F12*******,0.00,6000.00,工資或薪津,金錢,基隆市安樂區****,,
332,林沛祥,107年縣(市)議員選舉,首次申報,1071117,雜支支出,周慧君,,0.00,1500.00,雜項購置 九如三明治 炮竹,金錢,基隆市仁愛區****,0952*****,
333,林沛祥,107年縣(市)議員選舉,首次申報,1071117,交通旅運支出,泉益加油站,23686828,0.00,500.00,油資,金錢,,,
334,林沛祥,107年縣(市)議員選舉,首次申報,1071117,雜支支出,小天使海鮮熱炒,74839848,0.00,1040.00,餐飲費用,金錢,基隆市安樂區****,,
335,林沛祥,107年縣(市)議員選舉,首次申報,1071117,交通旅運支出,台灣中油,77709615,0.00,1000.00,油資,金錢,基隆市安樂區****,,
336,林沛祥,107年縣(市)議員選舉,首次申報,1071117,雜支支出,競選總部,C12*******,0.00,1000.00,餐飲費用,非金錢,基隆市安樂區****,,
337,林沛祥,107年縣(市)議員選舉,首次申報,1071118,雜支支出,金鮮魯肉飯店,10571318,0.00,990.00,餐飲費用,金錢,基隆市安樂區****,,
338,林沛祥,107年縣(市)議員選舉,首次申報,1071118,交通旅運支出,泉益加油站,23686828,0.00,500.00,油資,金錢,基隆市安樂區****,,
339,林沛祥,107年縣(市)議員選舉,首次申報,1071118,雜支支出,我媽煮的菜商行,72826874,0.00,935.00,餐飲費用,金錢,,,
340,林沛祥,107年縣(市)議員選舉,首次申報,1071119,交通旅運支出,泉益加油站,23686828,0.00,500.00,油資,金錢,基隆市安樂區****,,
341,林沛祥,107年縣(市)議員選舉,首次申報,1071119,宣傳支出,亮源企業行,41255738,0.00,62590.00,製作競選物品支出（設計製作印刷費）,金錢,基隆市暖暖區****,02-2*****,
342,林沛祥,107年縣(市)議員選舉,首次申報,1071119,雜支支出,小天使海鮮熱炒,74839848,0.00,1540.00,餐飲費用,金錢,,02-2*****,
343,林沛祥,107年縣(市)議員選舉,首次申報,1071119,集會支出,小天使海鮮熱炒,74839848,0.00,3000.00,餐飲支出,金錢,基隆市安樂區****,02-2*****,
344,林沛祥,107年縣(市)議員選舉,首次申報,1071119,雜支支出,豪勇電機五金行,81810070,0.00,350.00,雜項購置或修繕費用,金錢,基隆市安樂區****,,
345,林沛祥,107年縣(市)議員選舉,首次申報,1071119,租用宣傳車輛支出,吳文祥,C12*******,0.00,1200.00,雇用宣傳車輛駕駛支出,金錢,基隆市仁愛區****,,
346,林沛祥,107年縣(市)議員選舉,首次申報,1071119,租用宣傳車輛支出,賴得琦,P10*******,0.00,1200.00,雇用宣傳車輛駕駛支出,金錢,基隆市七堵區****,,
347,林沛祥,107年縣(市)議員選舉,首次申報,1071120,交通旅運支出,台灣中油,18311272,0.00,500.00,油資,金錢,,,
348,林沛祥,107年縣(市)議員選舉,首次申報,1071120,宣傳支出,願景媒體廣告有限公司,27515207,0.00,67274.00,製作競選物品支出（設計費）,金錢,基隆市安樂區****,02-2*****,
349,林沛祥,107年縣(市)議員選舉,首次申報,1071120,雜支支出,小天使海鮮熱炒,74839848,0.00,880.00,餐飲費用,金錢,基隆市安樂區****,,
350,林沛祥,107年縣(市)議員選舉,首次申報,1071120,雜支支出,小天使海鮮熱炒,74839848,0.00,280.00,餐飲費用,金錢,,,
351,林沛祥,107年縣(市)議員選舉,首次申報,1071120,雜支支出,小天使海鮮熱炒,74839848,0.00,480.00,餐飲費用,金錢,基隆市安樂區****,,
352,林沛祥,107年縣(市)議員選舉,首次申報,1071121,雜支支出,李麗寶,,0.00,600.00,餐飲費用,金錢,基隆市安樂區****,,
353,林沛祥,107年縣(市)議員選舉,首次申報,1071121,雜支支出,張金紫,,0.00,2000.00,雜項購置或修繕費用,金錢,基隆市仁愛區****,02-3*****,
354,林沛祥,107年縣(市)議員選舉,首次申報,1071121,公共關係費用支出,永新水果行,01995841,0.00,2850.00,聯誼交際費用,金錢,,,
355,林沛祥,107年縣(市)議員選舉,首次申報,1071121,雜支支出,基金福隆店,09976121,0.00,1110.00,餐飲費用,金錢,基隆市安樂區****,,
356,林沛祥,107年縣(市)議員選舉,首次申報,1071121,交通旅運支出,台灣中油,18311272,0.00,500.00,油資,金錢,基隆市信義區****,,
357,林沛祥,107年縣(市)議員選舉,首次申報,1071121,雜支支出,小天使海鮮熱炒,74839848,0.00,2050.00,餐飲費用,金錢,基隆市安樂區****,,
358,林沛祥,107年縣(市)議員選舉,首次申報,1071122,雜支支出,全聯福利中心,27923148,0.00,1445.00,餐飲費用,金錢,,,
359,林沛祥,107年縣(市)議員選舉,首次申報,1071122,交通旅運支出,台灣中油,77709609,0.00,500.00,油資,金錢,基隆市安樂區****,,
360,林沛祥,107年縣(市)議員選舉,首次申報,1071122,交通旅運支出,台亞石油,99800449,0.00,500.00,油資,金錢,基隆市安樂區****,,
361,林沛祥,107年縣(市)議員選舉,首次申報,1071123,雜支支出,小天使海鮮熱炒,74839848,0.00,2600.00,餐飲費用,金錢,基隆市安樂區****,02-2*****,
362,林沛祥,107年縣(市)議員選舉,首次申報,1071123,雜支支出,小天使海鮮熱炒,74839848,0.00,2050.00,餐飲費用,金錢,基隆市安樂區****,02-2*****,
363,林沛祥,107年縣(市)議員選舉,首次申報,1071123,交通旅運支出,統一精工,80877122,0.00,1000.00,油資,金錢,基隆市安樂區****,,
364,林沛祥,107年縣(市)議員選舉,首次申報,1071123,交通旅運支出,台亞石油,99800449,0.00,500.00,油資,金錢,基隆市安樂區****,,
365,林沛祥,107年縣(市)議員選舉,首次申報,1071124,雜支支出,張金紫,,0.00,6000.00,修繕費用,金錢,基隆市仁愛區****,02-3*****,
366,林沛祥,107年縣(市)議員選舉,首次申報,1071124,雜支支出,以琳坊,31480834,0.00,356.00,文具用品費用,金錢,基隆市安樂區****,,
367,林沛祥,107年縣(市)議員選舉,首次申報,1071124,雜支支出,光南大批發,53618670,0.00,120.00,文具用品費用,金錢,,,
368,林沛祥,107年縣(市)議員選舉,首次申報,1071124,雜支支出,小天使海鮮熱炒,74839848,0.00,1100.00,餐飲費用,金錢,基隆市安樂區****,,
369,林沛祥,107年縣(市)議員選舉,首次申報,1071125,交通旅運支出,台灣中油,18311272,0.00,500.00,油資,金錢,,,
370,林沛祥,107年縣(市)議員選舉,首次申報,1071125,租用宣傳車輛支出,周阿緞,A22*******,0.00,50700.00,雇用宣傳車輛駕駛支出,金錢,基隆市信義區****,0932*****,
371,林沛祥,107年縣(市)議員選舉,首次申報,1071126,交通旅運支出,台灣中油,18311272,0.00,1500.00,油資,金錢,,,
372,林沛祥,107年縣(市)議員選舉,首次申報,1071126,公共關係費用支出,安樂美食館,72639957,0.00,4000.00,聯誼交際費用,金錢,基隆市安樂區****,02-2*****,
373,林沛祥,107年縣(市)議員選舉,首次申報,1071126,雜支支出,小天使海鮮熱炒,74839848,0.00,1440.00,餐飲費用,金錢,基隆市安樂區****,02-2*****,
374,林沛祥,107年縣(市)議員選舉,首次申報,1071126,雜支支出,大信派報社,76672914,0.00,750.00,書報雜誌費用,金錢,基隆市安樂區****,0912*****,
375,林沛祥,107年縣(市)議員選舉,首次申報,1071126,租用宣傳車輛支出,蘇建昌,C12*******,0.00,41500.00,雇用宣傳車輛駕駛支出,金錢,基隆市安樂區****,蘇建昌*****,
376,林沛祥,107年縣(市)議員選舉,首次申報,1071126,人事費用支出,張雅棠,F22*******,0.00,31400.00,工資或薪津,金錢,基隆市暖暖區****,,
377,林沛祥,107年縣(市)議員選舉,首次申報,1071127,雜支支出,小天使海鮮熱炒,74839848,0.00,300.00,餐飲費用,金錢,基隆市安樂區****,02-2*****,
378,林沛祥,107年縣(市)議員選舉,首次申報,1071128,雜支支出,蘇建昌,C12*******,0.00,3000.00,雜項購置或修繕費用,金錢,基隆市安樂區****,,
379,林沛祥,107年縣(市)議員選舉,首次申報,1071129,人事費用支出,葉元英,J22*******,0.00,27580.00,工資或薪津,金錢,基隆市仁愛區****,,
380,林沛祥,107年縣(市)議員選舉,首次申報,1071130,人事費用支出,蕭宇芯,C22*******,0.00,23200.00,工資或薪津,金錢,基隆市安樂區****,,
381,林沛祥,107年縣(市)議員選舉,首次申報,1071202,宣傳支出,亮源企業行,41255738,0.00,63000.00,製作宣傳廣告支出,金錢,基隆市暖暖區****,02-2*****,
382,林沛祥,107年縣(市)議員選舉,首次申報,1071203,宣傳支出,阿諾德音樂工作坊,82214472,0.00,30000.00,播送、傳送或刊登宣傳廣告支出,金錢,基隆市信義區****,0928*****,
383,林沛祥,107年縣(市)議員選舉,首次申報,1071204,雜支支出,吉品小吃,30120404,0.00,1670.00,餐飲費用,金錢,基隆市仁愛區****,02-2*****,
384,林沛祥,107年縣(市)議員選舉,首次申報,1071204,雜支支出,金龍億食品有限公司,80650363,0.00,2700.00,餐飲費用,金錢,新北市中和區****,02-8*****,
385,林沛祥,107年縣(市)議員選舉,首次申報,1071205,雜支支出,HOMERUN,41357833,0.00,880.00,餐飲費用,金錢,基隆市仁愛區****,,
386,林沛祥,107年縣(市)議員選舉,首次申報,1071214,宣傳支出,藝泰廣告社,41002214,0.00,328788.00,製作宣傳廣告支出,金錢,基隆市安樂區****,02-2*****,
387,林沛祥,107年縣(市)議員選舉,首次申報,1071215,集會支出,珍讚小吃店,41207737,0.00,13200.00,餐飲支出 城上城感恩餐會,金錢,基隆市仁愛區****,02-2*****,
388,林沛祥,107年縣(市)議員選舉,首次申報,1071215,集會支出,全家便利店,51360604,0.00,1200.00,餐飲支出,金錢,基隆市安樂區****,,
389,林沛祥,107年縣(市)議員選舉,首次申報,1071217,雜支支出,COSTCO,16439323,0.00,7479.00,雜項購置或修繕費用,金錢,臺北市內湖區****,,
390,林沛祥,107年縣(市)議員選舉,首次申報,1071217,公共關係費用支出,溫莎堡食品股份有限公司,23821660,0.00,52750.00,聯誼交際費用,金錢,基隆市安樂區****,02-2*****,
391,林沛祥,107年縣(市)議員選舉,首次申報,1080221,返還支出,益華機械起重工程有限公司,23968517,0.00,10000.00,返還,金錢,基隆市安樂區****,0937*****,
