﻿序號,擬參選人／政黨,選舉名稱,申報序號／年度,交易日期,收支科目,捐贈者／支出對象,身分證／統一編號,收入金額,支出金額,支出用途,金錢類,地址,聯絡電話,資料更正日期
1,林志聰,107年直轄市議員選舉,首次申報,1070630,雜支支出,旻眾百貨,14356570,0.00,250.00,文具用品費用,金錢,臺南市新化區****,,
2,林志聰,107年直轄市議員選舉,首次申報,1070720,雜支支出,清珍商行,14998949,0.00,1900.00,雜項購置或修繕費用,金錢,臺南市新化區****,,
3,林志聰,107年直轄市議員選舉,首次申報,1070720,宣傳支出,信利達廣告社,37595897,0.00,2170.00,郵寄競選物品或宣傳廣告支出,金錢,臺南市永康區****,,
4,林志聰,107年直轄市議員選舉,首次申報,1070801,人事費用支出,康育朗,R12*******,0.00,30000.00,工資或薪津,金錢,臺南市新化區****,,
5,林志聰,107年直轄市議員選舉,首次申報,1070811,交通旅運支出,大新加油站,,0.00,1400.00,油資,金錢,臺南市新化區****,,
6,林志聰,107年直轄市議員選舉,首次申報,1070814,交通旅運支出,大新加油站,,0.00,1162.00,油資,金錢,臺南市新化區****,,
7,林志聰,107年直轄市議員選舉,首次申報,1070817,交通旅運支出,大新加油站,,0.00,1460.00,油資,金錢,臺南市新化區****,,
8,林志聰,107年直轄市議員選舉,首次申報,1070901,人事費用支出,李建志,Q12*******,0.00,30000.00,工資或薪津,金錢,嘉義縣義竹鄉****,,
9,林志聰,107年直轄市議員選舉,首次申報,1070901,人事費用支出,康育朗,R12*******,0.00,30000.00,工資或薪津,金錢,臺南市新化區****,,
10,林志聰,107年直轄市議員選舉,首次申報,1070911,集會支出,大統飲食店,78424829,0.00,32800.00,餐飲支出,金錢,臺南市仁德區****,,
11,林志聰,107年直轄市議員選舉,首次申報,1070913,宣傳支出,山水民意研究股份有限公司,16135975,0.00,31500.00,發送電信簡訊支出,金錢,臺北市八德路****,,
12,林志聰,107年直轄市議員選舉,首次申報,1070917,交通旅運支出,台灣中油善化站,,0.00,1500.00,油資,金錢,臺南市善化區****,,
13,林志聰,107年直轄市議員選舉,首次申報,1070920,雜支支出,品源文具行,,0.00,530.00,文具用品費用,金錢,臺南市新化區****,,
14,林志聰,107年直轄市議員選舉,首次申報,1070921,交通旅運支出,上曜加油站,,0.00,1500.00,油資,金錢,臺南市關廟區****,,
15,林志聰,107年直轄市議員選舉,首次申報,1070921,雜支支出,康寧書局,67926402,0.00,1560.00,文具用品費用,金錢,臺南市新化區****,,
16,林志聰,107年直轄市議員選舉,首次申報,1070922,宣傳支出,自由時報新化辦事處,,0.00,1800.00,播送、傳送或刊登宣傳廣告支出,金錢,臺南市新化區****,06-5*****,
17,林志聰,107年直轄市議員選舉,首次申報,1070925,交通旅運支出,中油安定交流道,,0.00,1425.00,油資,金錢,臺南市安定區****,,
18,林志聰,107年直轄市議員選舉,首次申報,1070925,雜支支出,兆竣商行,,0.00,15.00,雜項購置或修繕費用,金錢,臺南市新化區****,,
19,林志聰,107年直轄市議員選舉,首次申報,1070926,宣傳支出,自由時報新化辦事處,,0.00,1800.00,播送、傳送或刊登宣傳廣告支出,金錢,臺南市新化區****,,
20,林志聰,107年直轄市議員選舉,首次申報,1070927,雜支支出,大廟口快餐店,25899121,0.00,650.00,餐飲費用,金錢,臺南市歸仁區****,,
21,林志聰,107年直轄市議員選舉,首次申報,1070927,公共關係費用支出,未來式企業有限公司,28312187,0.00,9600.00,總部成立講者伴手禮,金錢,臺南市新化區****,,
22,林志聰,107年直轄市議員選舉,首次申報,1070927,公共關係費用支出,順泰農場行銷有限公司,53508815,0.00,9000.00,總部成立講者伴手禮,金錢,臺南市新化區****,,
23,林志聰,107年直轄市議員選舉,首次申報,1070927,雜支支出,康寧書局,67926402,0.00,382.00,文具用品費用,金錢,臺南市新化區****,,
24,林志聰,107年直轄市議員選舉,首次申報,1070928,集會支出,大廟口快餐店,,0.00,950.00,餐飲支出,金錢,臺南市歸仁區****,,
25,林志聰,107年直轄市議員選舉,首次申報,1070928,租用宣傳車輛支出,台灣中油府前路站,,0.00,1402.00,宣傳車輛燃料支出,金錢,臺南市中西區****,,
26,林志聰,107年直轄市議員選舉,首次申報,1070928,宣傳支出,自由時報安定辦事處,,0.00,1000.00,播送、傳送或刊登宣傳廣告支出,金錢,臺南市安定區****,,
27,林志聰,107年直轄市議員選舉,首次申報,1070928,集會支出,大廟口快餐店,25899121,0.00,1400.00,餐飲支出,金錢,臺南市歸仁區****,,
28,林志聰,107年直轄市議員選舉,首次申報,1070928,集會支出,果豐青果行,47963567,0.00,13000.00,餐飲支出,金錢,臺南市永康區****,,
29,林志聰,107年直轄市議員選舉,首次申報,1070930,雜支支出,兆竣商行,,0.00,50.00,雜項購置或修繕費用,金錢,臺南市新化區****,,
30,林志聰,107年直轄市議員選舉,首次申報,1071001,人事費用支出,李建志,Q12*******,0.00,30000.00,工資或薪津,金錢,嘉義縣義竹鄉****,,
31,林志聰,107年直轄市議員選舉,首次申報,1071001,人事費用支出,康育朗,R12*******,0.00,30000.00,工資或薪津,金錢,臺南市新化區****,,
32,林志聰,107年直轄市議員選舉,首次申報,1071002,雜支支出,大廟口快餐店,25899121,0.00,540.00,餐飲費用,金錢,臺南市歸仁區****,,
33,林志聰,107年直轄市議員選舉,首次申報,1071002,人事費用支出,鄭永彥,R12*******,0.00,1500.00,其他因工作酬勞之給付,金錢,臺南市新化區****,0910*****,
34,林志聰,107年直轄市議員選舉,首次申報,1071002,人事費用支出,鄭永裕,R12*******,0.00,1000.00,其他因工作酬勞之給付,金錢,臺南市南化區****,0919*****,
35,林志聰,107年直轄市議員選舉,首次申報,1071002,人事費用支出,蔡建安,R12*******,0.00,1500.00,其他因工作酬勞之給付,金錢,臺南市新化區****,,
36,林志聰,107年直轄市議員選舉,首次申報,1071002,人事費用支出,顏淑靜,R22*******,0.00,1500.00,其他因工作酬勞之給付,金錢,臺南市新化區****,0921*****,
37,林志聰,107年直轄市議員選舉,首次申報,1071002,人事費用支出,陳美珠,R22*******,0.00,1500.00,其他因工作酬勞之給付,金錢,臺南市新化區****,0963*****,
38,林志聰,107年直轄市議員選舉,首次申報,1071005,雜支支出,大廟口快餐店,25899121,0.00,300.00,餐飲費用,金錢,臺南市歸仁區****,,
39,林志聰,107年直轄市議員選舉,首次申報,1071006,交通旅運支出,台灣中油慶平路站,,0.00,1373.00,油資,金錢,臺南市安平區****,,
40,林志聰,107年直轄市議員選舉,首次申報,1071006,宣傳支出,統一廣告社,06601141,0.00,61500.00,租用廣告看板或車體廣告支出,金錢,臺南市新化區****,,
41,林志聰,107年直轄市議員選舉,首次申報,1071006,雜支支出,大廟口快餐店,25899121,0.00,600.00,餐飲費用,金錢,臺南市歸仁區****,,
42,林志聰,107年直轄市議員選舉,首次申報,1071008,雜支支出,大廟口快餐店,25899121,0.00,510.00,餐飲費用,金錢,臺南市歸仁區****,,
43,林志聰,107年直轄市議員選舉,首次申報,1071009,交通旅運支出,台灣中油新化站,,0.00,1500.00,油資,金錢,臺南市新化區****,,
44,林志聰,107年直轄市議員選舉,首次申報,1071009,宣傳支出,金時代演藝傳播,19790118,0.00,4600.00,播送、傳送或刊登宣傳廣告支出,金錢,臺南市將軍區****,,
45,林志聰,107年直轄市議員選舉,首次申報,1071009,雜支支出,大廟口快餐店,25899121,0.00,350.00,餐飲費用,金錢,臺南市歸仁區****,,
46,林志聰,107年直轄市議員選舉,首次申報,1071010,雜支支出,大廟口快餐店,25899121,0.00,550.00,餐飲費用,金錢,臺南市歸仁區****,,
47,林志聰,107年直轄市議員選舉,首次申報,1071010,人事費用支出,鄭永裕,R12*******,0.00,4000.00,其他因工作酬勞之給付,金錢,臺南市南化區****,0919*****,
48,林志聰,107年直轄市議員選舉,首次申報,1071010,人事費用支出,蔡建安,R12*******,0.00,4500.00,其他因工作酬勞之給付,金錢,臺南市新化區****,0956*****,
49,林志聰,107年直轄市議員選舉,首次申報,1071010,人事費用支出,鄭永彥,R12*******,0.00,4500.00,其他因工作酬勞之給付,金錢,臺南市新化區****,0910*****,
50,林志聰,107年直轄市議員選舉,首次申報,1071010,人事費用支出,陳美珠,R22*******,0.00,4500.00,其他因工作酬勞之給付,金錢,臺南市新化區****,0963*****,
51,林志聰,107年直轄市議員選舉,首次申報,1071010,人事費用支出,顏淑靜,R22*******,0.00,4500.00,其他因工作酬勞之給付,金錢,臺南市新化區****,0921*****,
52,林志聰,107年直轄市議員選舉,首次申報,1071011,租用宣傳車輛支出,台灣中油新化站,,0.00,900.00,宣傳車輛燃料支出,金錢,臺南市新化區****,,
53,林志聰,107年直轄市議員選舉,首次申報,1071011,租用宣傳車輛支出,台灣中油新化站,,0.00,175.00,宣傳車輛燃料支出,金錢,臺南市新化區****,,
54,林志聰,107年直轄市議員選舉,首次申報,1071011,雜支支出,康寧書局,67926402,0.00,158.00,文具用品費用,金錢,臺南市新化區****,,
55,林志聰,107年直轄市議員選舉,首次申報,1071012,雜支支出,兆竣商行,,0.00,60.00,雜項購置或修繕費用,金錢,臺南市新化區****,,
56,林志聰,107年直轄市議員選舉,首次申報,1071012,租用宣傳車輛支出,東新加油站,,0.00,870.00,宣傳車輛燃料支出,金錢,臺南市新化區****,,
57,林志聰,107年直轄市議員選舉,首次申報,1071012,交通旅運支出,台灣中油新化站,,0.00,1500.00,油資,金錢,臺南市新化區****,,
58,林志聰,107年直轄市議員選舉,首次申報,1071013,雜支支出,兆竣商行,,0.00,196.00,雜項購置或修繕費用,金錢,臺南市新化區****,,
59,林志聰,107年直轄市議員選舉,首次申報,1071014,租用宣傳車輛支出,台灣中油新化站,,0.00,760.00,宣傳車輛燃料支出,金錢,臺南市新化區****,,
60,林志聰,107年直轄市議員選舉,首次申報,1071014,租用宣傳車輛支出,台灣中油新化站,,0.00,810.00,宣傳車輛燃料支出,金錢,臺南市新化區****,,
61,林志聰,107年直轄市議員選舉,首次申報,1071015,租用宣傳車輛支出,台灣中油新化站,,0.00,670.00,宣傳車輛燃料支出,金錢,臺南市新化區****,,
62,林志聰,107年直轄市議員選舉,首次申報,1071015,雜支支出,兆竣商行,,0.00,35.00,雜項購置或修繕費用,金錢,臺南市新化區****,,
63,林志聰,107年直轄市議員選舉,首次申報,1071015,雜支支出,晶品五金百貨,47818279,0.00,281.00,雜項購置或修繕費用,金錢,臺南市新化區****,,
64,林志聰,107年直轄市議員選舉,首次申報,1071016,租用宣傳車輛支出,台灣中油新化站,,0.00,800.00,宣傳車輛燃料支出,金錢,臺南市新化區****,,
65,林志聰,107年直轄市議員選舉,首次申報,1071017,租用宣傳車輛支出,台灣中油新化站,,0.00,700.00,宣傳車輛燃料支出,金錢,臺南市新化區****,,
66,林志聰,107年直轄市議員選舉,首次申報,1071017,雜支支出,大廟口快餐店,,0.00,405.00,餐飲費用,金錢,臺南市歸仁區****,,
67,林志聰,107年直轄市議員選舉,首次申報,1071018,租用宣傳車輛支出,台灣中油新化站,,0.00,700.00,宣傳車輛燃料支出,金錢,臺南市新化區****,,
68,林志聰,107年直轄市議員選舉,首次申報,1071019,租用宣傳車輛支出,台灣中油新化站,,0.00,720.00,宣傳車輛燃料支出,金錢,臺南市新化區****,,
69,林志聰,107年直轄市議員選舉,首次申報,1071019,宣傳支出,金時代演藝傳播,19790118,0.00,3600.00,製作宣傳廣告支出,金錢,臺南市將軍區****,,
70,林志聰,107年直轄市議員選舉,首次申報,1071019,宣傳支出,刷樂國際股份有限公司,86257802,0.00,235001.00,製作競選物品支出（牙線棒）,金錢,臺中市南區忠****,,
71,林志聰,107年直轄市議員選舉,首次申報,1071020,租用宣傳車輛支出,台灣中油新化站,,0.00,795.00,宣傳車輛燃料支出,金錢,臺南市新化區****,,
72,林志聰,107年直轄市議員選舉,首次申報,1071020,雜支支出,品源文具行,,0.00,440.00,文具用品費用,金錢,臺南市新化區****,,
73,林志聰,107年直轄市議員選舉,首次申報,1071021,租用宣傳車輛支出,台灣中油新化站,,0.00,720.00,宣傳車輛燃料支出,金錢,臺南市新化區****,,
74,林志聰,107年直轄市議員選舉,首次申報,1071021,人事費用支出,鄭永裕,R12*******,0.00,4000.00,其他因工作酬勞之給付,金錢,臺南市南化區****,0919*****,
75,林志聰,107年直轄市議員選舉,首次申報,1071021,人事費用支出,蔡建安,R12*******,0.00,4500.00,其他因工作酬勞之給付,金錢,臺南市新化區****,0956*****,
76,林志聰,107年直轄市議員選舉,首次申報,1071021,人事費用支出,鄭永彥,R12*******,0.00,4500.00,其他因工作酬勞之給付,金錢,臺南市新化區****,,
77,林志聰,107年直轄市議員選舉,首次申報,1071021,人事費用支出,顏淑靜,R22*******,0.00,4500.00,其他因工作酬勞之給付,金錢,臺南市新化區****,,
78,林志聰,107年直轄市議員選舉,首次申報,1071021,人事費用支出,陳美珠,R22*******,0.00,4500.00,其他因工作酬勞之給付,金錢,臺南市新化區****,0963*****,
79,林志聰,107年直轄市議員選舉,首次申報,1071022,宣傳支出,新化郵局,,0.00,600.00,郵寄競選物品或宣傳廣告支出,金錢,臺南市新化區****,,
80,林志聰,107年直轄市議員選舉,首次申報,1071022,宣傳支出,新化郵局,,0.00,201.00,郵寄競選物品或宣傳廣告支出,金錢,臺南市新化區****,,
81,林志聰,107年直轄市議員選舉,首次申報,1071024,租用宣傳車輛支出,台灣中油新化站,,0.00,100.00,宣傳車輛燃料支出,金錢,臺南市新化區****,,
82,林志聰,107年直轄市議員選舉,首次申報,1071024,租用宣傳車輛支出,台灣中油新化站,,0.00,800.00,宣傳車輛燃料支出,金錢,臺南市新化區****,,
83,林志聰,107年直轄市議員選舉,首次申報,1071025,租用宣傳車輛支出,台灣中油新化站,,0.00,670.00,宣傳車輛燃料支出,金錢,臺南市新化區****,,
84,林志聰,107年直轄市議員選舉,首次申報,1071025,租用宣傳車輛支出,台灣中油新化站,,0.00,750.00,宣傳車輛燃料支出,金錢,臺南市新化區****,,
85,林志聰,107年直轄市議員選舉,首次申報,1071027,租用宣傳車輛支出,台灣中油善化站,,0.00,786.00,宣傳車輛燃料支出,金錢,臺南市善化區****,,
86,林志聰,107年直轄市議員選舉,首次申報,1071027,租用宣傳車輛支出,大新加油站,,0.00,1470.00,宣傳車輛燃料支出,金錢,臺南市新化區****,,
87,林志聰,107年直轄市議員選舉,首次申報,1071027,租用宣傳車輛支出,東新加油站,14353969,0.00,840.00,宣傳車輛燃料支出,金錢,臺南市新化區****,,
88,林志聰,107年直轄市議員選舉,首次申報,1071028,雜支支出,兆竣商行,,0.00,100.00,雜項購置或修繕費用,金錢,臺南市新化區****,,
89,林志聰,107年直轄市議員選舉,首次申報,1071028,雜支支出,晶品五金百貨,47818279,0.00,134.00,雜項購置或修繕費用,金錢,臺南市新化區****,,
90,林志聰,107年直轄市議員選舉,首次申報,1071029,租用宣傳車輛支出,那拔林加油站,,0.00,620.00,宣傳車輛燃料支出,金錢,臺南市新化區****,,
91,林志聰,107年直轄市議員選舉,首次申報,1071029,租用宣傳車輛支出,台灣中油善化站,,0.00,750.00,宣傳車輛燃料支出,金錢,,,
92,林志聰,107年直轄市議員選舉,首次申報,1071030,交通旅運支出,車立屋加油站,,0.00,1480.00,油資,金錢,臺南市善化區****,,
93,林志聰,107年直轄市議員選舉,首次申報,1071030,雜支支出,大廟口快餐店,25899121,0.00,325.00,餐飲費用,金錢,臺南市歸仁區****,,
94,林志聰,107年直轄市議員選舉,首次申報,1071031,租用宣傳車輛支出,台灣中油善化站,,0.00,770.00,宣傳車輛燃料支出,金錢,臺南市善化區****,,
95,林志聰,107年直轄市議員選舉,首次申報,1071031,租用宣傳車輛支出,台灣中油善化站,,0.00,735.00,宣傳車輛燃料支出,金錢,臺南市善化區****,,
96,林志聰,107年直轄市議員選舉,首次申報,1071101,人事費用支出,李建志,Q12*******,0.00,30000.00,工資或薪津,金錢,嘉義縣義竹鄉****,,
97,林志聰,107年直轄市議員選舉,首次申報,1071101,租用宣傳車輛支出,林德福,R10*******,0.00,27000.00,雇用宣傳車輛駕駛支出,金錢,臺南市新化區****,,
98,林志聰,107年直轄市議員選舉,首次申報,1071101,租用宣傳車輛支出,吳聯和,R12*******,0.00,25500.00,雇用宣傳車輛駕駛支出,金錢,臺南市新化區****,,
99,林志聰,107年直轄市議員選舉,首次申報,1071101,人事費用支出,康育朗,R12*******,0.00,30000.00,工資或薪津,金錢,臺南市新化區****,,
100,林志聰,107年直轄市議員選舉,首次申報,1071102,交通旅運支出,台灣中油新化站,,0.00,1400.00,油資,金錢,臺南市新化區****,,
101,林志聰,107年直轄市議員選舉,首次申報,1071102,租用宣傳車輛支出,那拔林加油站,,0.00,780.00,宣傳車輛燃料支出,金錢,臺南市新化區****,,
102,林志聰,107年直轄市議員選舉,首次申報,1071102,租用宣傳車輛支出,台灣中油山上站,,0.00,750.00,宣傳車輛燃料支出,金錢,臺南市山上區****,,
103,林志聰,107年直轄市議員選舉,首次申報,1071102,人事費用支出,蔡建安,R12*******,0.00,1500.00,其他因工作酬勞之給付,金錢,臺南市新化區****,0956*****,
104,林志聰,107年直轄市議員選舉,首次申報,1071102,人事費用支出,鄭永彥,R12*******,0.00,1500.00,其他因工作酬勞之給付,金錢,臺南市新化區****,,
105,林志聰,107年直轄市議員選舉,首次申報,1071102,人事費用支出,鄭永裕,R12*******,0.00,1500.00,其他因工作酬勞之給付,金錢,臺南市南化區****,0919*****,
106,林志聰,107年直轄市議員選舉,首次申報,1071102,人事費用支出,顏淑靜,R22*******,0.00,1500.00,其他因工作酬勞之給付,金錢,臺南市新化區****,0921*****,
107,林志聰,107年直轄市議員選舉,首次申報,1071102,人事費用支出,陳美珠,R22*******,0.00,1500.00,其他因工作酬勞之給付,金錢,臺南市新化區****,0963*****,
108,林志聰,107年直轄市議員選舉,首次申報,1071104,租用宣傳車輛支出,台灣中油善化站,,0.00,750.00,宣傳車輛燃料支出,金錢,臺南市善化區****,,
109,林志聰,107年直轄市議員選舉,首次申報,1071104,租用宣傳車輛支出,那拔林加油站,,0.00,800.00,宣傳車輛燃料支出,金錢,臺南市新化區****,,
110,林志聰,107年直轄市議員選舉,首次申報,1071106,租用宣傳車輛支出,那拔林加油站,,0.00,720.00,宣傳車輛燃料支出,金錢,臺南市新化區****,,
111,林志聰,107年直轄市議員選舉,首次申報,1071106,租用宣傳車輛支出,台灣中油善化站,,0.00,700.00,宣傳車輛燃料支出,金錢,臺南市善化區****,,
112,林志聰,107年直轄市議員選舉,首次申報,1071106,交通旅運支出,台灣中油東門路站,,0.00,1306.00,油資,金錢,臺南市東區東****,,
113,林志聰,107年直轄市議員選舉,首次申報,1071107,雜支支出,大廟口快餐店,25899121,0.00,300.00,餐飲費用,金錢,臺南市歸仁區****,,
114,林志聰,107年直轄市議員選舉,首次申報,1071108,租用宣傳車輛支出,那拔林加油站,,0.00,760.00,宣傳車輛燃料支出,金錢,臺南市新化區****,,
115,林志聰,107年直轄市議員選舉,首次申報,1071108,雜支支出,大廟口快餐店,25899121,0.00,190.00,餐飲費用,金錢,臺南市歸仁區****,,
116,林志聰,107年直轄市議員選舉,首次申報,1071109,交通旅運支出,台灣中油新化站,,0.00,1440.00,油資,金錢,臺南市新化區****,,
117,林志聰,107年直轄市議員選舉,首次申報,1071109,宣傳支出,自由時報新化辦事處,,0.00,1800.00,播送、傳送或刊登宣傳廣告支出,金錢,臺南市新化區****,,
118,林志聰,107年直轄市議員選舉,首次申報,1071110,租用宣傳車輛支出,那拔林加油站,,0.00,790.00,宣傳車輛燃料支出,金錢,臺南市新化區****,,
119,林志聰,107年直轄市議員選舉,首次申報,1071110,租用宣傳車輛支出,統茄企業(股)公司,27675647,0.00,800.00,租用宣傳車輛支出,金錢,臺南市安定區****,,
120,林志聰,107年直轄市議員選舉,首次申報,1071110,人事費用支出,蔡建安,R12*******,0.00,4500.00,其他因工作酬勞之給付,金錢,臺南市新化區****,0956*****,
121,林志聰,107年直轄市議員選舉,首次申報,1071110,人事費用支出,鄭永裕,R12*******,0.00,4500.00,其他因工作酬勞之給付,金錢,臺南市南化區****,,
122,林志聰,107年直轄市議員選舉,首次申報,1071110,人事費用支出,鄭永彥,R12*******,0.00,5000.00,其他因工作酬勞之給付,金錢,臺南市新化區****,,
123,林志聰,107年直轄市議員選舉,首次申報,1071110,人事費用支出,陳美珠,R22*******,0.00,5000.00,其他因工作酬勞之給付,金錢,臺南市新化區****,0963*****,
124,林志聰,107年直轄市議員選舉,首次申報,1071110,人事費用支出,顏淑靜,R22*******,0.00,5000.00,其他因工作酬勞之給付,金錢,臺南市新化區****,0921*****,
125,林志聰,107年直轄市議員選舉,首次申報,1071111,雜支支出,大廟口快餐,,0.00,2460.00,餐飲費用,金錢,臺南市歸仁區****,,
126,林志聰,107年直轄市議員選舉,首次申報,1071112,租用宣傳車輛支出,東新加油站,,0.00,730.00,宣傳車輛燃料支出,金錢,臺南市新化區****,,
127,林志聰,107年直轄市議員選舉,首次申報,1071112,租用宣傳車輛支出,台灣中油茄拔站,,0.00,700.00,宣傳車輛燃料支出,金錢,臺南市新化區****,,
128,林志聰,107年直轄市議員選舉,首次申報,1071114,租用宣傳車輛支出,台灣中油善化站,,0.00,700.00,宣傳車輛燃料支出,金錢,臺南市善化區****,,
129,林志聰,107年直轄市議員選舉,首次申報,1071114,租用宣傳車輛支出,那拔林加油站,,0.00,730.00,宣傳車輛燃料支出,金錢,臺南市新化區****,,
130,林志聰,107年直轄市議員選舉,首次申報,1071114,交通旅運支出,台灣中油山上站,,0.00,1400.00,油資,金錢,臺南市山上區****,,
131,林志聰,107年直轄市議員選舉,首次申報,1071115,雜支支出,兆竣商行,,0.00,15.00,雜項購置或修繕費用,金錢,臺南市新化區****,,
132,林志聰,107年直轄市議員選舉,首次申報,1071116,租用宣傳車輛支出,台灣中油善化站,,0.00,700.00,宣傳車輛燃料支出,金錢,臺南市善化區****,,
133,林志聰,107年直轄市議員選舉,首次申報,1071116,租用宣傳車輛支出,那拔林加油站,,0.00,720.00,宣傳車輛燃料支出,金錢,臺南市新化區****,,
134,林志聰,107年直轄市議員選舉,首次申報,1071117,交通旅運支出,大新加油站,,0.00,1220.00,油資,金錢,臺南市新化區****,,
135,林志聰,107年直轄市議員選舉,首次申報,1071117,雜支支出,清珍商行,14998949,0.00,1000.00,雜項購置或修繕費用,金錢,臺南市新化區****,,
136,林志聰,107年直轄市議員選舉,首次申報,1071118,租用宣傳車輛支出,東新加油站,,0.00,730.00,宣傳車輛燃料支出,金錢,臺南市新化區****,,
137,林志聰,107年直轄市議員選舉,首次申報,1071118,租用宣傳車輛支出,台灣中油新化站,,0.00,830.00,宣傳車輛燃料支出,金錢,臺南市新化區****,,
138,林志聰,107年直轄市議員選舉,首次申報,1071118,租用宣傳車輛支出,安定交流道站,,0.00,700.00,宣傳車輛燃料支出,金錢,臺南市安定區****,,
139,林志聰,107年直轄市議員選舉,首次申報,1071118,租用宣傳車輛支出,蔡三和,R12*******,0.00,29000.00,租用宣傳車輛支出,金錢,臺南市新化區****,,
140,林志聰,107年直轄市議員選舉,首次申報,1071119,宣傳支出,新化郵局,,0.00,5198.00,郵寄競選物品或宣傳廣告支出,金錢,臺南市新化區****,,
141,林志聰,107年直轄市議員選舉,首次申報,1071119,宣傳支出,中國時報善化辦事處,,0.00,800.00,播送、傳送或刊登宣傳廣告支出,金錢,臺南市善化區****,,
142,林志聰,107年直轄市議員選舉,首次申報,1071119,租用宣傳車輛支出,台灣中油新化站,,0.00,670.00,宣傳車輛燃料支出,金錢,臺南市新化區****,,
143,林志聰,107年直轄市議員選舉,首次申報,1071120,租用宣傳車輛支出,台灣中油新化站,,0.00,675.00,宣傳車輛燃料支出,金錢,臺南市新化區****,,
144,林志聰,107年直轄市議員選舉,首次申報,1071120,宣傳支出,中華日報新市辦事處,,0.00,2400.00,播送、傳送或刊登宣傳廣告支出,金錢,臺南市新市區****,,
145,林志聰,107年直轄市議員選舉,首次申報,1071121,租用宣傳車輛支出,台灣中油新化站,,0.00,670.00,宣傳車輛燃料支出,金錢,臺南市新化區****,,
146,林志聰,107年直轄市議員選舉,首次申報,1071121,租用宣傳車輛支出,台灣中油新化站,,0.00,770.00,宣傳車輛燃料支出,金錢,臺南市新化區****,,
147,林志聰,107年直轄市議員選舉,首次申報,1071121,返還支出,力漢建設開發股份有限公司,86376342,0.00,100000.00,返還,金錢,臺南市北區和****,,
148,林志聰,107年直轄市議員選舉,首次申報,1071121,人事費用支出,鄭永裕,R12*******,0.00,5000.00,其他因工作酬勞之給付,金錢,臺南市南化區****,,
149,林志聰,107年直轄市議員選舉,首次申報,1071121,人事費用支出,蔡建安,R12*******,0.00,5000.00,其他因工作酬勞之給付,金錢,臺南市新化區****,,
150,林志聰,107年直轄市議員選舉,首次申報,1071121,人事費用支出,鄭永彥,R12*******,0.00,4500.00,其他因工作酬勞之給付,金錢,臺南市新化區****,,
151,林志聰,107年直轄市議員選舉,首次申報,1071121,人事費用支出,顏淑靜,R22*******,0.00,5000.00,其他因工作酬勞之給付,金錢,臺南市新化區****,,
152,林志聰,107年直轄市議員選舉,首次申報,1071121,人事費用支出,陳美珠,R22*******,0.00,5000.00,其他因工作酬勞之給付,金錢,臺南市新化區****,,
153,林志聰,107年直轄市議員選舉,首次申報,1071122,雜支支出,新化煤氣行,,0.00,250.00,水電瓦斯費用,金錢,臺南市新化區****,,
154,林志聰,107年直轄市議員選舉,首次申報,1071122,租用宣傳車輛支出,台灣中油新化站,,0.00,700.00,宣傳車輛燃料支出,金錢,臺南市新化區****,,
155,林志聰,107年直轄市議員選舉,首次申報,1071122,租用宣傳車輛支出,蔡三和,R12*******,0.00,25000.00,租用宣傳車輛支出,金錢,臺南市新化區****,,
156,林志聰,107年直轄市議員選舉,首次申報,1071123,雜支支出,品源文具行,,0.00,420.00,文具用品費用,金錢,臺南市新化區****,,
157,林志聰,107年直轄市議員選舉,首次申報,1071123,人事費用支出,鄭永裕,R12*******,0.00,1000.00,其他因工作酬勞之給付,金錢,臺南市南化區****,,
158,林志聰,107年直轄市議員選舉,首次申報,1071123,人事費用支出,鄭永彥,R12*******,0.00,1500.00,其他因工作酬勞之給付,金錢,臺南市新化區****,,
159,林志聰,107年直轄市議員選舉,首次申報,1071123,人事費用支出,蔡建安,R12*******,0.00,1500.00,其他因工作酬勞之給付,金錢,臺南市新化區****,,
160,林志聰,107年直轄市議員選舉,首次申報,1071123,人事費用支出,顏淑靜,R22*******,0.00,1500.00,其他因工作酬勞之給付,金錢,臺南市新化區****,,
161,林志聰,107年直轄市議員選舉,首次申報,1071123,人事費用支出,陳美珠,R22*******,0.00,1500.00,其他因工作酬勞之給付,金錢,臺南市新化區****,0963*****,
162,林志聰,107年直轄市議員選舉,首次申報,1071124,雜支支出,大廟口快餐店,25899121,0.00,2500.00,餐飲費用,金錢,臺南市歸仁區****,,
163,林志聰,107年直轄市議員選舉,首次申報,1071124,租用宣傳車輛支出,林德福,R10*******,0.00,34500.00,雇用宣傳車輛駕駛支出,金錢,臺南市新化區****,,
164,林志聰,107年直轄市議員選舉,首次申報,1071124,租用宣傳車輛支出,吳聯和,R12*******,0.00,34500.00,雇用宣傳車輛駕駛支出,金錢,臺南市新化區****,,
165,林志聰,107年直轄市議員選舉,首次申報,1071126,租用宣傳車輛支出,台灣中油新化站,,0.00,600.00,宣傳車輛燃料支出,金錢,臺南市新化區****,,
166,林志聰,107年直轄市議員選舉,首次申報,1071203,人事費用支出,李建志,Q12*******,0.00,30000.00,工資或薪津,金錢,嘉義縣義竹鄉****,,
167,林志聰,107年直轄市議員選舉,首次申報,1071203,人事費用支出,康育朗,R12*******,0.00,30000.00,工資或薪津,金錢,臺南市新化區****,,
168,林志聰,107年直轄市議員選舉,首次申報,1080223,返還支出,王中誠,D10*******,0.00,6000.00,返還,金錢,臺南市新化區****,,
