﻿序號,擬參選人／政黨,選舉名稱,申報序號／年度,交易日期,收支科目,捐贈者／支出對象,身分證／統一編號,收入金額,支出金額,支出用途,金錢類,地址,聯絡電話,資料更正日期
1,林志聰,107年直轄市議員選舉,首次申報,1070920,個人捐贈收入,陳慧綺,D22*******,100000.00,0.00,,金錢,臺南市安平區****,,
2,林志聰,107年直轄市議員選舉,首次申報,1070920,個人捐贈收入,呂月萍,D22*******,100000.00,0.00,,金錢,臺南市北區公****,,
3,林志聰,107年直轄市議員選舉,首次申報,1070920,個人捐贈收入,楊傑人,R12*******,100000.00,0.00,,金錢,臺南市東區東****,,
4,林志聰,107年直轄市議員選舉,首次申報,1071003,營利事業捐贈收入,力漢建設開發股份有限公司,86376342,100000.00,0.00,,金錢,臺南市北區和****,,
5,林志聰,107年直轄市議員選舉,首次申報,1071003,個人捐贈收入,陳信宏,R12*******,10000.00,0.00,,金錢,臺南市新化區****,,
6,林志聰,107年直轄市議員選舉,首次申報,1071009,個人捐贈收入,黎偉良,F10*******,50000.00,0.00,,金錢,臺南市東區東****,,
7,林志聰,107年直轄市議員選舉,首次申報,1071115,個人捐贈收入,郭秀芬,E22*******,100000.00,0.00,,金錢,臺南市永康區****,0659*****,
8,林志聰,107年直轄市議員選舉,首次申報,1071115,個人捐贈收入,黃穎隆,R12*******,100000.00,0.00,,金錢,臺南市新市區****,,
9,林志聰,107年直轄市議員選舉,首次申報,1071116,個人捐贈收入,蔡鴻章,R12*******,50000.00,0.00,,金錢,臺南市新化區****,0928*****,
10,林志聰,107年直轄市議員選舉,首次申報,1071119,營利事業捐贈收入,宏明工業股份有限公司,69398672,50000.00,0.00,,金錢,臺南市關廟區****,,
11,林志聰,107年直轄市議員選舉,首次申報,1071121,個人捐贈收入,王中誠,D10*******,6000.00,0.00,,金錢,臺南市新化區****,,
12,林志聰,107年直轄市議員選舉,首次申報,1071123,個人捐贈收入,林淑鈴,A22*******,100000.00,0.00,,金錢,臺南市北區和****,06-2*****,
13,林志聰,107年直轄市議員選舉,首次申報,1071123,個人捐贈收入,林怡甄,G22*******,50000.00,0.00,,金錢,臺南市官田區****,06-6*****,
14,林志聰,107年直轄市議員選舉,首次申報,1071123,個人捐贈收入,葉能蓁,P12*******,70000.00,0.00,,金錢,臺南市新化區****,06-5*****,
15,林志聰,107年直轄市議員選舉,首次申報,1071123,個人捐贈收入,陳思克,R12*******,100000.00,0.00,,金錢,臺南市東區中****,,
