﻿序號,擬參選人／政黨,選舉名稱,申報序號／年度,交易日期,收支科目,捐贈者／支出對象,身分證／統一編號,收入金額,支出金額,支出用途,金錢類,地址,聯絡電話,資料更正日期
1,陳美雅,107年直轄市議員選舉,首次申報,1070701,個人捐贈收入,沈震泰,D12*******,100000.00,0.00,,金錢,高雄市左營區****,,
2,陳美雅,107年直轄市議員選舉,首次申報,1070704,個人捐贈收入,童建華,S12*******,100000.00,0.00,,金錢,高雄市左營區****,,
3,陳美雅,107年直轄市議員選舉,首次申報,1070709,營利事業捐贈收入,永久鋼鐵實業股份有限公司,28280306,100000.00,0.00,,金錢,高雄市永安區****,,
4,陳美雅,107年直轄市議員選舉,首次申報,1070717,個人捐贈收入,林恒茂,T12*******,100000.00,0.00,,金錢,高雄市岡山區****,,
5,陳美雅,107年直轄市議員選舉,首次申報,1070720,營利事業捐贈收入,柏文健康事業股份有限公司,27693238,100000.00,0.00,,金錢,高雄市左營區****,,
6,陳美雅,107年直轄市議員選舉,首次申報,1070725,個人捐贈收入,黃士恆,E12*******,20000.00,0.00,,金錢,高雄市鼓山區****,,
7,陳美雅,107年直轄市議員選舉,首次申報,1070806,營利事業捐贈收入,志昌邱鋼鐵有限公司,86220355,100000.00,0.00,,金錢,高雄市岡山區****,,
8,陳美雅,107年直轄市議員選舉,首次申報,1070806,個人捐贈收入,陳秀巧,S22*******,50000.00,0.00,,金錢,高雄市左營區****,,
9,陳美雅,107年直轄市議員選舉,首次申報,1070822,個人捐贈收入,邱慧宜,U22*******,50000.00,0.00,,金錢,高雄市仁武區****,,
10,陳美雅,107年直轄市議員選舉,首次申報,1070823,個人捐贈收入,阮仲洲,E10*******,100000.00,0.00,,金錢,高雄市苓雅區****,,
11,陳美雅,107年直轄市議員選舉,首次申報,1070823,個人捐贈收入,阮仲烱,E10*******,100000.00,0.00,,金錢,高雄市苓雅區****,,
12,陳美雅,107年直轄市議員選舉,首次申報,1070827,匿名捐贈,匿名1,,278.00,0.00,,金錢,,,
13,陳美雅,107年直轄市議員選舉,首次申報,1070831,營利事業捐贈收入,正威營造有限公司,16820243,500000.00,0.00,,金錢,高雄市楠梓區****,,
14,陳美雅,107年直轄市議員選舉,首次申報,1070905,匿名捐贈,黃文騰,,10000.00,0.00,,金錢,,,
15,陳美雅,107年直轄市議員選舉,首次申報,1070905,個人捐贈收入,張書楷,A12*******,100000.00,0.00,,金錢,臺北市中山區****,,
16,陳美雅,107年直轄市議員選舉,首次申報,1070906,匿名捐贈,匿名2,,2000.00,0.00,,金錢,,,
17,陳美雅,107年直轄市議員選舉,首次申報,1070917,個人捐贈收入,林怡屏,E22*******,2000.00,0.00,,金錢,高雄市仁武區****,,
18,陳美雅,107年直轄市議員選舉,首次申報,1070917,個人捐贈收入,許義郎,P10*******,20000.00,0.00,,金錢,高雄市林園區****,,
19,陳美雅,107年直轄市議員選舉,首次申報,1071001,個人捐贈收入,黃士恆,E12*******,30000.00,0.00,,金錢,高雄市鼓山區****,,
20,陳美雅,107年直轄市議員選舉,首次申報,1071002,營利事業捐贈收入,欣建工業股份有限公司,28042430,300000.00,0.00,,金錢,高雄市橋頭區****,,
21,陳美雅,107年直轄市議員選舉,首次申報,1071003,個人捐贈收入,樂群,A12*******,50000.00,0.00,,金錢,高雄市大寮區****,,
22,陳美雅,107年直轄市議員選舉,首次申報,1071004,營利事業捐贈收入,華瀚保險經紀人有限公司,16101980,20000.00,0.00,,金錢,高雄市鼓山區****,,
23,陳美雅,107年直轄市議員選舉,首次申報,1071005,個人捐贈收入,柳鳳美,F22*******,20000.00,0.00,,金錢,高雄市前金區****,,
24,陳美雅,107年直轄市議員選舉,首次申報,1071008,營利事業捐贈收入,運錩鋼鐵股份有限公司,22533297,300000.00,0.00,,金錢,高雄市大寮區****,,
25,陳美雅,107年直轄市議員選舉,首次申報,1071008,營利事業捐贈收入,聯合鋼鐵有限公司,28150958,100000.00,0.00,,金錢,高雄市前鎮區****,,
26,陳美雅,107年直轄市議員選舉,首次申報,1071008,營利事業捐贈收入,聯鐵企業股份有限公司,86466168,150000.00,0.00,,金錢,高雄市橋頭區****,,
27,陳美雅,107年直轄市議員選舉,首次申報,1071008,營利事業捐贈收入,有益鋼鐵股份有限公司,96862363,300000.00,0.00,,金錢,高雄市永安區****,,
28,陳美雅,107年直轄市議員選舉,首次申報,1071008,個人捐贈收入,李逸湘,C10*******,20000.00,0.00,,金錢,高雄市左營區****,,
29,陳美雅,107年直轄市議員選舉,首次申報,1071009,營利事業捐贈收入,太平洋船舶貨物裝卸股份有限公司,16122697,300000.00,0.00,,金錢,高雄市鹽埕區****,,
30,陳美雅,107年直轄市議員選舉,首次申報,1071009,營利事業捐贈收入,慈陽科技工業股份有限公司,16506151,100000.00,0.00,,金錢,高雄市路竹區****,,
31,陳美雅,107年直轄市議員選舉,首次申報,1071009,營利事業捐贈收入,中大營造股份有限公司,53298281,100000.00,0.00,,金錢,高雄市鼓山區****,,
32,陳美雅,107年直轄市議員選舉,首次申報,1071009,營利事業捐贈收入,冠郢企業股份有限公司,70417466,200000.00,0.00,,金錢,高雄市楠梓區****,,
33,陳美雅,107年直轄市議員選舉,首次申報,1071012,營利事業捐贈收入,冠鋒企業行,93951314,5000.00,0.00,,金錢,高雄市仁武區****,,
34,陳美雅,107年直轄市議員選舉,首次申報,1071015,營利事業捐贈收入,華立企業股份有限公司,75514419,100000.00,0.00,,金錢,高雄市前金區****,,
35,陳美雅,107年直轄市議員選舉,首次申報,1071017,個人捐贈收入,蘇姿菁,E22*******,50000.00,0.00,,金錢,高雄市鼓山區****,,
36,陳美雅,107年直轄市議員選舉,首次申報,1071018,營利事業捐贈收入,南鎮天然氣股份有限公司,86689421,30000.00,0.00,,金錢,高雄市小港區****,,
37,陳美雅,107年直轄市議員選舉,首次申報,1071022,營利事業捐贈收入,鑫富國際投資股份有限公司,59165772,100000.00,0.00,,金錢,高雄市鼓山區****,,
38,陳美雅,107年直轄市議員選舉,首次申報,1071022,個人捐贈收入,陳義明,T10*******,30000.00,0.00,,金錢,高雄市鼓山區****,,
39,陳美雅,107年直轄市議員選舉,首次申報,1071023,匿名捐贈,楊王秀霞,,2000.00,0.00,,金錢,,,
40,陳美雅,107年直轄市議員選舉,首次申報,1071023,營利事業捐贈收入,尚德偉電子有限公司,29132825,20000.00,0.00,,金錢,高雄市左營區****,,
41,陳美雅,107年直轄市議員選舉,首次申報,1071024,匿名捐贈,周台生,,1000.00,0.00,,金錢,,,
42,陳美雅,107年直轄市議員選舉,首次申報,1071024,個人捐贈收入,黃昱璋,S12*******,20000.00,0.00,,金錢,高雄市岡山區****,,
43,陳美雅,107年直轄市議員選舉,首次申報,1071025,匿名捐贈,王宗顯,,3000.00,0.00,,金錢,,,
44,陳美雅,107年直轄市議員選舉,首次申報,1071025,營利事業捐贈收入,大展呢絨行,79879875,20000.00,0.00,,金錢,高雄市鹽埕區****,,
45,陳美雅,107年直轄市議員選舉,首次申報,1071025,個人捐贈收入,黃余真姬,S20*******,20000.00,0.00,,金錢,高雄市岡山區****,,
46,陳美雅,107年直轄市議員選舉,首次申報,1071026,營利事業捐贈收入,漢來美食股份有限公司,80352343,200000.00,0.00,,金錢,高雄市前金區****,,
47,陳美雅,107年直轄市議員選舉,首次申報,1071026,個人捐贈收入,洪金鐘,E10*******,50000.00,0.00,,金錢,高雄市鼓山區****,,
48,陳美雅,107年直轄市議員選舉,首次申報,1071028,個人捐贈收入,陳國明,,10000.00,0.00,,金錢,高雄市鼓山區****,,
49,陳美雅,107年直轄市議員選舉,首次申報,1071028,營利事業捐贈收入,川記船務代理有限公司,79806466,10000.00,0.00,,金錢,高雄市鹽埕區****,,
50,陳美雅,107年直轄市議員選舉,首次申報,1071028,營利事業捐贈收入,勤緯交通股份有限公司,86692994,60000.00,0.00,,金錢,高雄市三民區****,,
51,陳美雅,107年直轄市議員選舉,首次申報,1071028,個人捐贈收入,邱盈峻,E12*******,1000.00,0.00,,金錢,高雄市左營區****,,
52,陳美雅,107年直轄市議員選舉,首次申報,1071028,個人捐贈收入,潘芃綺,E20*******,500.00,0.00,,金錢,高雄市鼓山區****,,
53,陳美雅,107年直轄市議員選舉,首次申報,1071028,個人捐贈收入,陳敏妃,E20*******,2000.00,0.00,,金錢,高雄市鹽埕區****,,
54,陳美雅,107年直轄市議員選舉,首次申報,1071028,個人捐贈收入,陳雪亭,E20*******,6000.00,0.00,,金錢,高雄市小港區****,,
55,陳美雅,107年直轄市議員選舉,首次申報,1071028,個人捐贈收入,許倚馨,E22*******,200.00,0.00,,金錢,高雄市小港區****,,
56,陳美雅,107年直轄市議員選舉,首次申報,1071028,個人捐贈收入,陸志航,S12*******,1000.00,0.00,,金錢,高雄市鼓山區****,,
57,陳美雅,107年直轄市議員選舉,首次申報,1071028,個人捐贈收入,何宇羚,S22*******,3200.00,0.00,,金錢,高雄市鼓山區****,,
58,陳美雅,107年直轄市議員選舉,首次申報,1071028,個人捐贈收入,張台花,S22*******,1000.00,0.00,,金錢,高雄市鼓山區****,,
59,陳美雅,107年直轄市議員選舉,首次申報,1071028,個人捐贈收入,簡秀珠,T20*******,2000.00,0.00,,金錢,高雄市鼓山區****,,
60,陳美雅,107年直轄市議員選舉,首次申報,1071028,個人捐贈收入,陳劉麗珍,T20*******,2000.00,0.00,,金錢,高雄市鼓山區****,,
61,陳美雅,107年直轄市議員選舉,首次申報,1071028,個人捐贈收入,吳麗環,T22*******,20000.00,0.00,,金錢,高雄市仁武區****,,
62,陳美雅,107年直轄市議員選舉,首次申報,1071029,個人捐贈收入,蔡清波,R10*******,10000.00,0.00,,金錢,高雄市三民區****,,
63,陳美雅,107年直轄市議員選舉,首次申報,1071030,匿名捐贈,陳冶秋,,500.00,0.00,,金錢,,,
64,陳美雅,107年直轄市議員選舉,首次申報,1071030,營利事業捐贈收入,岳勇企業股份有限公司,27621615,100000.00,0.00,,金錢,高雄市岡山區****,,
65,陳美雅,107年直轄市議員選舉,首次申報,1071030,個人捐贈收入,曾文衍,B12*******,100000.00,0.00,,金錢,高雄市前鎮區****,,
66,陳美雅,107年直轄市議員選舉,首次申報,1071030,個人捐贈收入,鐘俞竣,E12*******,20000.00,0.00,,金錢,高雄市左營區****,,
67,陳美雅,107年直轄市議員選舉,首次申報,1071030,個人捐贈收入,朱傅琇禎,E20*******,5000.00,0.00,,金錢,高雄市三民區****,,
68,陳美雅,107年直轄市議員選舉,首次申報,1071031,匿名捐贈,王來興,,1000.00,0.00,,金錢,,,
69,陳美雅,107年直轄市議員選舉,首次申報,1071101,個人捐贈收入,吳月双,J20*******,6000.00,0.00,,金錢,高雄市鼓山區****,,
70,陳美雅,107年直轄市議員選舉,首次申報,1071105,人民團體捐贈收入,社團法人高雄市醫師公會,,20000.00,0.00,,金錢,高雄市市中一****,07-2*****,
71,陳美雅,107年直轄市議員選舉,首次申報,1071105,個人捐贈收入,鄭文貴,R12*******,30000.00,0.00,,金錢,高雄市鼓山區****,,
72,陳美雅,107年直轄市議員選舉,首次申報,1071105,個人捐贈收入,沈正林,T12*******,2000.00,0.00,,金錢,高雄市前鎮區****,,
73,陳美雅,107年直轄市議員選舉,首次申報,1071112,匿名捐贈,王艷芬,,2000.00,0.00,,金錢,,,
74,陳美雅,107年直轄市議員選舉,首次申報,1071112,營利事業捐贈收入,台灣報關行股份有限公司,79633900,50000.00,0.00,,金錢,高雄市苓雅區****,,
75,陳美雅,107年直轄市議員選舉,首次申報,1071112,個人捐贈收入,顏富強,E10*******,10000.00,0.00,,金錢,高雄市鼓山區****,,
76,陳美雅,107年直轄市議員選舉,首次申報,1071112,個人捐贈收入,吳月双,J20*******,4000.00,0.00,,金錢,高雄市鼓山區****,,
77,陳美雅,107年直轄市議員選舉,首次申報,1071119,個人捐贈收入,邱彥騰,D12*******,100000.00,0.00,,金錢,臺南市安平區****,,
78,陳美雅,107年直轄市議員選舉,首次申報,1071119,個人捐贈收入,王馨瑤,S22*******,100000.00,0.00,,金錢,高雄市鼓山區****,,
79,陳美雅,107年直轄市議員選舉,首次申報,1071120,營利事業捐贈收入,劦耀鋼鐵股份有限公司,22982619,60000.00,0.00,,金錢,高雄市燕巢區****,,
80,陳美雅,107年直轄市議員選舉,首次申報,1071121,個人捐贈收入,李鎮洲,E10*******,6000.00,0.00,,金錢,高雄市鼓山區****,,
81,陳美雅,107年直轄市議員選舉,首次申報,1071121,個人捐贈收入,馬雪月,E20*******,1000.00,0.00,,金錢,高雄市鼓山區****,,
82,陳美雅,107年直轄市議員選舉,首次申報,1071121,個人捐贈收入,韓秀英,E20*******,3000.00,0.00,,金錢,高雄市鼓山區****,,
83,陳美雅,107年直轄市議員選舉,首次申報,1071121,個人捐贈收入,藍美娟,T22*******,1000.00,0.00,,金錢,高雄市鼓山區****,,
84,陳美雅,107年直轄市議員選舉,首次申報,1071123,個人捐贈收入,李孟修,E12*******,20000.00,0.00,,金錢,臺北市松山區****,,
