﻿序號,擬參選人／政黨,選舉名稱,申報序號／年度,交易日期,收支科目,捐贈者／支出對象,身分證／統一編號,收入金額,支出金額,捐贈方式,存入專戶日期,返還/繳庫,支出用途,金錢類,地址,聯絡電話,應揭露之支出對象,支出對象之內部人員姓名,支出對象之內部人員職稱,政黨之內部人員姓名,政黨之內部人員職稱,關係,更正註記,資料更正日期
1,洪岳銘,111年臺南市議員選舉,首次申報,1110711,個人捐贈收入,康哲豪,R12*******,2688.00,0.00,匯款,1110711,,,金錢,臺南市新市區****,0910*****,,,,,,,,
2,洪岳銘,111年臺南市議員選舉,首次申報,1110714,個人捐贈收入,周麗芳,,1000.00,0.00,現金,1110722,,,金錢,臺南市永康區****,0928*****,,,,,,,,
3,洪岳銘,111年臺南市議員選舉,首次申報,1110715,個人捐贈收入,林志佳,E12*******,800.00,0.00,匯款,1110715,,,金錢,臺南市新化區****,,,,,,,,,
4,洪岳銘,111年臺南市議員選舉,首次申報,1110804,個人捐贈收入,梁瑜庭,,600.00,0.00,匯款,1110804,,,金錢,臺南市仁德區****,,,,,,,,,
5,洪岳銘,111年臺南市議員選舉,首次申報,1110911,個人捐贈收入,詹雅程,,1000.00,0.00,現金,1110916,,,金錢,臺南市安定區****,,,,,,,,,
6,洪岳銘,111年臺南市議員選舉,首次申報,1111115,個人捐贈收入,夏澤鴻,,10000.00,0.00,匯款,1111115,,,金錢,臺南市南區新****,,,,,,,,,
7,洪岳銘,111年臺南市議員選舉,首次申報,1111117,營利事業捐贈收入,群晶科技有限公司,12807183,50000.00,0.00,現金,1111117,,,金錢,新北市新莊區****,,,,,,,,,
8,洪岳銘,111年臺南市議員選舉,首次申報,1111117,個人捐贈收入,林敏益,P12*******,5000.00,0.00,現金,1111117,,,金錢,臺南市東區裕****,,,,,,,,,
9,洪岳銘,111年臺南市議員選舉,首次申報,1111125,營利事業捐贈收入,濬邦大地工程有限公司,84197610,16800.00,0.00,現金,1111125,,,金錢,臺南市東區崇****,,,,,,,,,
10,洪岳銘,111年臺南市議員選舉,首次申報,1111125,個人捐贈收入,陳恆燈,I10*******,100000.00,0.00,現金,1111125,,,金錢,臺南市北區南****,,,,,,,,,
11,洪岳銘,111年臺南市議員選舉,首次申報,1111125,個人捐贈收入,洪忠誠,R12*******,20000.00,0.00,現金,1111125,,,金錢,臺南市新化區****,,,,,,,,,
12,洪岳銘,111年臺南市議員選舉,首次申報,1111125,個人捐贈收入,洪偵珍,R22*******,20000.00,0.00,現金,1111125,,,金錢,臺南市新化區****,,,,,,,,,
