﻿序號,擬參選人／政黨,選舉名稱,申報序號／年度,交易日期,收支科目,捐贈者／支出對象,身分證／統一編號,收入金額,支出金額,支出用途,金錢類,地址,聯絡電話,資料更正日期
1,張春洋,107年縣(市)議員選舉,首次申報,1070831,營利事業捐贈收入,芳田加油站股份有限公司,84238416,20000.00,0.00,,金錢,彰化縣田中鎮****,04-8*****,
2,張春洋,107年縣(市)議員選舉,首次申報,1071024,個人捐贈收入,陳國賢,R12*******,30000.00,0.00,,金錢,彰化縣芳苑鄉****,04-8*****,
3,張春洋,107年縣(市)議員選舉,首次申報,1071025,個人捐贈收入,張文露,N10*******,20000.00,0.00,,金錢,高雄市三民區****,07-2*****,
4,張春洋,107年縣(市)議員選舉,首次申報,1071028,個人捐贈收入,許松裕,N10*******,16000.00,0.00,,金錢,彰化縣埔心鄉****,04-8*****,
5,張春洋,107年縣(市)議員選舉,首次申報,1071105,營利事業捐贈收入,翔崴企業(股)公司,80713037,100000.00,0.00,,金錢,彰化縣埔心鄉****,,
6,張春洋,107年縣(市)議員選舉,首次申報,1071108,個人捐贈收入,洪麗華,M22*******,100000.00,0.00,,金錢,臺中市大里區****,,
7,張春洋,107年縣(市)議員選舉,首次申報,1071108,個人捐贈收入,許增鏞,N12*******,50000.00,0.00,,金錢,彰化縣埔心鄉****,,
8,張春洋,107年縣(市)議員選舉,首次申報,1071116,營利事業捐贈收入,興隆羽毛股份有限公司,22915372,60000.00,0.00,,金錢,彰化縣溪湖鎮****,,
9,張春洋,107年縣(市)議員選舉,首次申報,1071116,營利事業捐贈收入,茂峰捲門五金有限公司,80121456,10000.00,0.00,,金錢,彰化縣埔心鄉****,,
10,張春洋,107年縣(市)議員選舉,首次申報,1071221,其他收入,利息收入,,21.00,0.00,,金錢,,,
