﻿序號,擬參選人／政黨,選舉名稱,申報序號／年度,交易日期,收支科目,捐贈者／支出對象,身分證／統一編號,收入金額,支出金額,支出用途,金錢類,地址,聯絡電話,資料更正日期
1,陳柏惟,107年直轄市議員選舉,首次申報,1070612,匿名捐贈,匿名,,1.00,0.00,,金錢,,,
2,陳柏惟,107年直轄市議員選舉,首次申報,1070718,匿名捐贈,匿名,,10000.00,0.00,,金錢,,,
3,陳柏惟,107年直轄市議員選舉,首次申報,1070718,匿名捐贈,匿名,,689.00,0.00,,金錢,,,
4,陳柏惟,107年直轄市議員選舉,首次申報,1070721,匿名捐贈,匿名,,100.00,0.00,,金錢,,,
5,陳柏惟,107年直轄市議員選舉,首次申報,1070724,個人捐贈收入,李俊銘,,3000.00,0.00,,金錢,臺南市善化區****,0953*****,
6,陳柏惟,107年直轄市議員選舉,首次申報,1070725,個人捐贈收入,高懷茹,,5000.00,0.00,,金錢,桃園市桃園區****,0953*****,
7,陳柏惟,107年直轄市議員選舉,首次申報,1070812,匿名捐贈,匿名,,2018.00,0.00,,金錢,,,
8,陳柏惟,107年直轄市議員選舉,首次申報,1070824,個人捐贈收入,陳春木,,10000.00,0.00,,金錢,高雄市三民區****,,
9,陳柏惟,107年直轄市議員選舉,首次申報,1070825,匿名捐贈,匿名,,3000.00,0.00,,金錢,,,
10,陳柏惟,107年直轄市議員選舉,首次申報,1070904,個人捐贈收入,蔡潔娃,,5000.00,0.00,,金錢,高雄市三民區****,0956*****,
11,陳柏惟,107年直轄市議員選舉,首次申報,1070904,營利事業捐贈收入,京寶福有限公司,53577880,100000.00,0.00,,金錢,高雄市苓雅區****,,
12,陳柏惟,107年直轄市議員選舉,首次申報,1070904,個人捐贈收入,蕭旭勛,E12*******,100000.00,0.00,,金錢,高雄市忠孝一****,0986*****,
13,陳柏惟,107年直轄市議員選舉,首次申報,1070907,個人捐贈收入,劉奕彣,,12000.00,0.00,,金錢,高雄市三民區****,,
14,陳柏惟,107年直轄市議員選舉,首次申報,1070908,匿名捐贈,匿名,,3000.00,0.00,,金錢,,,
15,陳柏惟,107年直轄市議員選舉,首次申報,1070914,匿名捐贈,匿名,,4000.00,0.00,,金錢,,,
16,陳柏惟,107年直轄市議員選舉,首次申報,1070915,個人捐贈收入,黃旭初,,10000.00,0.00,,金錢,高雄市民生一****,,
17,陳柏惟,107年直轄市議員選舉,首次申報,1070927,個人捐贈收入,蔡炳煌,,10000.00,0.00,,金錢,高雄市新興區****,,
18,陳柏惟,107年直轄市議員選舉,首次申報,1070929,個人捐贈收入,廖明宏,,1974.00,0.00,,金錢,高雄市三民區****,,
19,陳柏惟,107年直轄市議員選舉,首次申報,1071001,個人捐贈收入,陳虹因,,2000.00,0.00,,金錢,高雄市楠梓區****,,
20,陳柏惟,107年直轄市議員選舉,首次申報,1071001,個人捐贈收入,張美風,,5000.00,0.00,,金錢,高雄市三民區****,,
21,陳柏惟,107年直轄市議員選舉,首次申報,1071002,匿名捐贈,匿名,,2000.00,0.00,,金錢,,,
22,陳柏惟,107年直轄市議員選舉,首次申報,1071002,匿名捐贈,匿名,,6000.00,0.00,,金錢,,,
23,陳柏惟,107年直轄市議員選舉,首次申報,1071002,匿名捐贈,匿名,,7000.00,0.00,,金錢,,,
24,陳柏惟,107年直轄市議員選舉,首次申報,1071008,匿名捐贈,匿名,,1000.00,0.00,,金錢,,,
25,陳柏惟,107年直轄市議員選舉,首次申報,1071017,個人捐贈收入,郭博仁,,5000.00,0.00,,金錢,高雄市自立一****,,
26,陳柏惟,107年直轄市議員選舉,首次申報,1071018,匿名捐贈,匿名,,1000.00,0.00,,金錢,,,
27,陳柏惟,107年直轄市議員選舉,首次申報,1071025,個人捐贈收入,姚姿伶,,2280.00,0.00,,金錢,台中市南屯區****,,
28,陳柏惟,107年直轄市議員選舉,首次申報,1071025,個人捐贈收入,許慧盈,,10000.00,0.00,,金錢,台北市萬華區****,,
29,陳柏惟,107年直轄市議員選舉,首次申報,1071025,個人捐贈收入,莊承得,,7000.00,0.00,,金錢,高雄市鼓山區****,,
30,陳柏惟,107年直轄市議員選舉,首次申報,1071025,個人捐贈收入,莊棨鈞,,7000.00,0.00,,金錢,高雄市鼓山區****,,
31,陳柏惟,107年直轄市議員選舉,首次申報,1071026,匿名捐贈,匿名,,550.00,0.00,,金錢,,,
32,陳柏惟,107年直轄市議員選舉,首次申報,1071026,個人捐贈收入,方勇駿,,30000.00,0.00,,金錢,高雄市三民區****,,
33,陳柏惟,107年直轄市議員選舉,首次申報,1071029,匿名捐贈,匿名,,6000.00,0.00,,金錢,,,
34,陳柏惟,107年直轄市議員選舉,首次申報,1071030,個人捐贈收入,楊紹銓,,1000.00,0.00,,金錢,高雄市三民區****,,
35,陳柏惟,107年直轄市議員選舉,首次申報,1071031,個人捐贈收入,吳曉雲,,10000.00,0.00,,金錢,高雄市三民區****,,
36,陳柏惟,107年直轄市議員選舉,首次申報,1071031,個人捐贈收入,謝政憲,,1974.00,0.00,,金錢,新竹市北區中****,0918*****,
37,陳柏惟,107年直轄市議員選舉,首次申報,1071031,個人捐贈收入,李坤霖,,5000.00,0.00,,金錢,台北市大安區****,0912*****,
38,陳柏惟,107年直轄市議員選舉,首次申報,1071031,個人捐贈收入,陸岳隆,,799.00,0.00,,金錢,高雄市三民區****,0926*****,
39,陳柏惟,107年直轄市議員選舉,首次申報,1071101,匿名捐贈,匿名,,5000.00,0.00,,金錢,,,
40,陳柏惟,107年直轄市議員選舉,首次申報,1071101,匿名捐贈,匿名,,1066.00,0.00,,金錢,,,
41,陳柏惟,107年直轄市議員選舉,首次申報,1071101,個人捐贈收入,陳岡緯,,1974.00,0.00,,金錢,高雄市三民區****,0911*****,
42,陳柏惟,107年直轄市議員選舉,首次申報,1071101,個人捐贈收入,江元宏,,2000.00,0.00,,金錢,桃園市觀音區****,0963*****,
43,陳柏惟,107年直轄市議員選舉,首次申報,1071101,匿名捐贈,匿名,,1000.00,0.00,,金錢,,,
44,陳柏惟,107年直轄市議員選舉,首次申報,1071101,匿名捐贈,匿名,,200.00,0.00,,金錢,,,
45,陳柏惟,107年直轄市議員選舉,首次申報,1071101,個人捐贈收入,陳凌紫,,689.00,0.00,,金錢,新北市三重區****,0980*****,
46,陳柏惟,107年直轄市議員選舉,首次申報,1071101,匿名捐贈,匿名,,1000.00,0.00,,金錢,,,
47,陳柏惟,107年直轄市議員選舉,首次申報,1071101,匿名捐贈,匿名,,1974.00,0.00,,金錢,,,
48,陳柏惟,107年直轄市議員選舉,首次申報,1071101,個人捐贈收入,吳宗胤,,5000.00,0.00,,金錢,高雄市三民區****,0935*****,
49,陳柏惟,107年直轄市議員選舉,首次申報,1071101,個人捐贈收入,潘季如,,1000.00,0.00,,金錢,台南市永康區****,0989*****,
50,陳柏惟,107年直轄市議員選舉,首次申報,1071101,個人捐贈收入,許慧如,,10000.00,0.00,,金錢,台北市中正區****,0922*****,
51,陳柏惟,107年直轄市議員選舉,首次申報,1071101,個人捐贈收入,蕭海茵,,1000.00,0.00,,金錢,台中市南屯區****,0928*****,
52,陳柏惟,107年直轄市議員選舉,首次申報,1071101,個人捐贈收入,陳冠霖,,689.00,0.00,,金錢,高雄市橋頭區****,0937*****,
53,陳柏惟,107年直轄市議員選舉,首次申報,1071101,個人捐贈收入,陳苑玉,,10000.00,0.00,,金錢,台北市松山區****,0920*****,
54,陳柏惟,107年直轄市議員選舉,首次申報,1071101,匿名捐贈,匿名,,1989.00,0.00,,金錢,,,
55,陳柏惟,107年直轄市議員選舉,首次申報,1071101,個人捐贈收入,許獻文,,5000.00,0.00,,金錢,高雄市鳥松區****,0972*****,
56,陳柏惟,107年直轄市議員選舉,首次申報,1071101,個人捐贈收入,賴郁升,,799.00,0.00,,金錢,高雄市左營區****,0928*****,
57,陳柏惟,107年直轄市議員選舉,首次申報,1071101,個人捐贈收入,黃聰彥,,689.00,0.00,,金錢,高雄市三民區****,0939*****,
58,陳柏惟,107年直轄市議員選舉,首次申報,1071101,個人捐贈收入,蕭慧玲,,689.00,0.00,,金錢,台中市北屯區****,0930*****,
59,陳柏惟,107年直轄市議員選舉,首次申報,1071101,個人捐贈收入,廖淑芳,,2000.00,0.00,,金錢,雲林縣斗六市****,0915*****,
60,陳柏惟,107年直轄市議員選舉,首次申報,1071102,個人捐贈收入,周鳳美,,2000.00,0.00,,金錢,台北市大安區****,0911*****,
61,陳柏惟,107年直轄市議員選舉,首次申報,1071102,個人捐贈收入,顏志安,,689.00,0.00,,金錢,高雄市鳳山區****,0953*****,
62,陳柏惟,107年直轄市議員選舉,首次申報,1071102,個人捐贈收入,龔俊明,,799.00,0.00,,金錢,台北市中山區****,0983*****,
63,陳柏惟,107年直轄市議員選舉,首次申報,1071102,個人捐贈收入,林馥郁,,2000.00,0.00,,金錢,高雄市橋頭區****,0929*****,
64,陳柏惟,107年直轄市議員選舉,首次申報,1071102,個人捐贈收入,洪政賢,,1000.00,0.00,,金錢,高雄市新興區****,0915*****,
65,陳柏惟,107年直轄市議員選舉,首次申報,1071102,匿名捐贈,匿名,,5000.00,0.00,,金錢,,,
66,陳柏惟,107年直轄市議員選舉,首次申報,1071102,個人捐贈收入,黃孟萍,,1000.00,0.00,,金錢,高雄市左營區****,0975*****,
67,陳柏惟,107年直轄市議員選舉,首次申報,1071102,個人捐贈收入,陳明易,,799.00,0.00,,金錢,台北市大安區****,0978*****,
68,陳柏惟,107年直轄市議員選舉,首次申報,1071102,個人捐贈收入,湯欣恬,,1000.00,0.00,,金錢,桃園市龍潭鄉****,0926*****,
69,陳柏惟,107年直轄市議員選舉,首次申報,1071102,匿名捐贈,匿名,,1000.00,0.00,,金錢,,,
70,陳柏惟,107年直轄市議員選舉,首次申報,1071102,個人捐贈收入,林昭旭,,1000.00,0.00,,金錢,台南市麻豆區****,0929*****,
71,陳柏惟,107年直轄市議員選舉,首次申報,1071102,個人捐贈收入,黃麟翔,,1500.00,0.00,,金錢,高雄市仁武區****,0922*****,
72,陳柏惟,107年直轄市議員選舉,首次申報,1071102,個人捐贈收入,李世昱,,5000.00,0.00,,金錢,高雄市楠梓區****,0926*****,
73,陳柏惟,107年直轄市議員選舉,首次申報,1071102,匿名捐贈,匿名,,1000.00,0.00,,金錢,,,
74,陳柏惟,107年直轄市議員選舉,首次申報,1071102,個人捐贈收入,曾耀禛,,799.00,0.00,,金錢,高雄市三民區****,0931*****,
75,陳柏惟,107年直轄市議員選舉,首次申報,1071102,個人捐贈收入,潘戍衍,,1974.00,0.00,,金錢,新竹縣寶山鄉****,0911*****,
76,陳柏惟,107年直轄市議員選舉,首次申報,1071102,個人捐贈收入,張立群,,1000.00,0.00,,金錢,高雄市左營區****,0925*****,
77,陳柏惟,107年直轄市議員選舉,首次申報,1071102,匿名捐贈,匿名,,1000.00,0.00,,金錢,,,
78,陳柏惟,107年直轄市議員選舉,首次申報,1071102,匿名捐贈,匿名,,1000.00,0.00,,金錢,,,
79,陳柏惟,107年直轄市議員選舉,首次申報,1071102,個人捐贈收入,林慶鋒,,799.00,0.00,,金錢,新北市中和區****,0919*****,
80,陳柏惟,107年直轄市議員選舉,首次申報,1071102,個人捐贈收入,陳昱瑋,,1974.00,0.00,,金錢,台南市善化區****,0933*****,
81,陳柏惟,107年直轄市議員選舉,首次申報,1071102,個人捐贈收入,蔡明興,,689.00,0.00,,金錢,新北市板橋區****,0920*****,
82,陳柏惟,107年直轄市議員選舉,首次申報,1071102,個人捐贈收入,劉若瑄,,799.00,0.00,,金錢,雲林縣斗六市****,0952*****,
83,陳柏惟,107年直轄市議員選舉,首次申報,1071102,個人捐贈收入,陳怡安,,689.00,0.00,,金錢,台中市西區五****,0960*****,
84,陳柏惟,107年直轄市議員選舉,首次申報,1071102,個人捐贈收入,薛閔升,,3000.00,0.00,,金錢,高雄市仁武區****,0960*****,
85,陳柏惟,107年直轄市議員選舉,首次申報,1071102,個人捐贈收入,林立偉,,2000.00,0.00,,金錢,台中市南屯區****,0987*****,
86,陳柏惟,107年直轄市議員選舉,首次申報,1071103,個人捐贈收入,陳淑貴,,4000.00,0.00,,金錢,高雄市中華一****,,
87,陳柏惟,107年直轄市議員選舉,首次申報,1071103,個人捐贈收入,林晉德,,600.00,0.00,,金錢,高雄市三民區****,,
88,陳柏惟,107年直轄市議員選舉,首次申報,1071103,個人捐贈收入,龔奕仲,,3000.00,0.00,,金錢,高雄市前鎮區****,0911*****,
89,陳柏惟,107年直轄市議員選舉,首次申報,1071103,匿名捐贈,匿名,,1974.00,0.00,,金錢,,,
90,陳柏惟,107年直轄市議員選舉,首次申報,1071103,個人捐贈收入,林慶逸,,799.00,0.00,,金錢,高雄市三民區****,0918*****,
91,陳柏惟,107年直轄市議員選舉,首次申報,1071103,個人捐贈收入,陳秀貞,,10000.00,0.00,,金錢,高雄市苓雅區****,0933*****,
92,陳柏惟,107年直轄市議員選舉,首次申報,1071103,個人捐贈收入,林景新,,1974.00,0.00,,金錢,高雄市三民區****,0936*****,
93,陳柏惟,107年直轄市議員選舉,首次申報,1071103,個人捐贈收入,施顯學,,1974.00,0.00,,金錢,台北市中正區****,0912*****,
94,陳柏惟,107年直轄市議員選舉,首次申報,1071103,個人捐贈收入,邱太隆,,799.00,0.00,,金錢,高雄市三民區****,0928*****,
95,陳柏惟,107年直轄市議員選舉,首次申報,1071103,個人捐贈收入,陳系美,,1974.00,0.00,,金錢,台北市中山區****,0958*****,
96,陳柏惟,107年直轄市議員選舉,首次申報,1071103,個人捐贈收入,楊宗憲,,5000.00,0.00,,金錢,台中市南區福****,0922*****,
97,陳柏惟,107年直轄市議員選舉,首次申報,1071103,個人捐贈收入,王韋翔,,3333.00,0.00,,金錢,台中市沙鹿區****,0988*****,
98,陳柏惟,107年直轄市議員選舉,首次申報,1071103,匿名捐贈,匿名,,1974.00,0.00,,金錢,,,
99,陳柏惟,107年直轄市議員選舉,首次申報,1071103,個人捐贈收入,陳力瑋,,1000.00,0.00,,金錢,高雄市新興區****,0981*****,
100,陳柏惟,107年直轄市議員選舉,首次申報,1071103,個人捐贈收入,鄭期引,,500.00,0.00,,金錢,高雄市三民區****,0932*****,
101,陳柏惟,107年直轄市議員選舉,首次申報,1071103,個人捐贈收入,陳威華,,5000.00,0.00,,金錢,高雄市三民區****,0929*****,
102,陳柏惟,107年直轄市議員選舉,首次申報,1071103,個人捐贈收入,林嘉蓉,,799.00,0.00,,金錢,澎湖縣馬公市****,0937*****,
103,陳柏惟,107年直轄市議員選舉,首次申報,1071103,個人捐贈收入,鄒宗霖,,8888.00,0.00,,金錢,新北市新店區****,0937*****,
104,陳柏惟,107年直轄市議員選舉,首次申報,1071103,個人捐贈收入,施閔涵,,799.00,0.00,,金錢,新北市新店區****,0918*****,
105,陳柏惟,107年直轄市議員選舉,首次申報,1071103,個人捐贈收入,顏鳳蘋,,1000.00,0.00,,金錢,高雄市三民區****,0922*****,
106,陳柏惟,107年直轄市議員選舉,首次申報,1071103,個人捐贈收入,李梵辰,,3000.00,0.00,,金錢,雲林縣元長鄉****,0975*****,
107,陳柏惟,107年直轄市議員選舉,首次申報,1071103,個人捐贈收入,王佩羿,,10000.00,0.00,,金錢,高雄市苓雅區****,0922*****,
108,陳柏惟,107年直轄市議員選舉,首次申報,1071103,個人捐贈收入,蕭惠彬,,3000.00,0.00,,金錢,高雄市左營區****,0975*****,
109,陳柏惟,107年直轄市議員選舉,首次申報,1071103,匿名捐贈,匿名,,200.00,0.00,,金錢,,,
110,陳柏惟,107年直轄市議員選舉,首次申報,1071103,個人捐贈收入,郭榮根,,1000.00,0.00,,金錢,高雄市三民區****,0910*****,
111,陳柏惟,107年直轄市議員選舉,首次申報,1071103,匿名捐贈,匿名,,10000.00,0.00,,金錢,,,
112,陳柏惟,107年直轄市議員選舉,首次申報,1071104,個人捐贈收入,薛琬蓉,,300.00,0.00,,金錢,台南市東區崇****,0986*****,
113,陳柏惟,107年直轄市議員選舉,首次申報,1071104,個人捐贈收入,胡惠文,,1974.00,0.00,,金錢,屏東縣內埔鄉****,0963*****,
114,陳柏惟,107年直轄市議員選舉,首次申報,1071104,匿名捐贈,匿名,,689.00,0.00,,金錢,,,
115,陳柏惟,107年直轄市議員選舉,首次申報,1071104,個人捐贈收入,陳嘉行,,2000.00,0.00,,金錢,台中市東區力****,0228*****,
116,陳柏惟,107年直轄市議員選舉,首次申報,1071104,個人捐贈收入,顏雪花,,5000.00,0.00,,金錢,高雄市三民區****,0929*****,
117,陳柏惟,107年直轄市議員選舉,首次申報,1071104,個人捐贈收入,邱慧玲,,799.00,0.00,,金錢,台中市西屯區****,0987*****,
118,陳柏惟,107年直轄市議員選舉,首次申報,1071104,匿名捐贈,匿名,,689.00,0.00,,金錢,,,
119,陳柏惟,107年直轄市議員選舉,首次申報,1071104,個人捐贈收入,彭勤富,,500.00,0.00,,金錢,台東縣臺東市****,0929*****,
120,陳柏惟,107年直轄市議員選舉,首次申報,1071104,個人捐贈收入,張詩予,,1000.00,0.00,,金錢,新北市新莊區****,0989*****,
121,陳柏惟,107年直轄市議員選舉,首次申報,1071104,個人捐贈收入,林信宏,,5000.00,0.00,,金錢,新竹縣竹北市****,0921*****,
122,陳柏惟,107年直轄市議員選舉,首次申報,1071104,個人捐贈收入,張淑晴,,1000.00,0.00,,金錢,台東縣長濱鄉****,0920*****,
123,陳柏惟,107年直轄市議員選舉,首次申報,1071104,匿名捐贈,匿名,,1000.00,0.00,,金錢,,,
124,陳柏惟,107年直轄市議員選舉,首次申報,1071104,個人捐贈收入,林信慰,,1974.00,0.00,,金錢,嘉義縣水上鄉****,0932*****,
125,陳柏惟,107年直轄市議員選舉,首次申報,1071104,個人捐贈收入,王派傑,,2000.00,0.00,,金錢,新竹縣竹北市****,0982*****,
126,陳柏惟,107年直轄市議員選舉,首次申報,1071104,個人捐贈收入,張粲鑫,,1974.00,0.00,,金錢,高雄市三民區****,0933*****,
127,陳柏惟,107年直轄市議員選舉,首次申報,1071104,匿名捐贈,匿名,,1000.00,0.00,,金錢,,,
128,陳柏惟,107年直轄市議員選舉,首次申報,1071104,匿名捐贈,匿名,,689.00,0.00,,金錢,,,
129,陳柏惟,107年直轄市議員選舉,首次申報,1071104,個人捐贈收入,梁乃云,,500.00,0.00,,金錢,高雄市小港區****,0911*****,
130,陳柏惟,107年直轄市議員選舉,首次申報,1071104,個人捐贈收入,謝佩蓁,,1974.00,0.00,,金錢,新北市三峽區****,0921*****,
131,陳柏惟,107年直轄市議員選舉,首次申報,1071105,匿名捐贈,匿名,,2000.00,0.00,,金錢,,,
132,陳柏惟,107年直轄市議員選舉,首次申報,1071105,個人捐贈收入,楊傑思,,10000.00,0.00,,金錢,台北市北投區****,0923*****,
133,陳柏惟,107年直轄市議員選舉,首次申報,1071105,個人捐贈收入,黃彥穎,,10000.00,0.00,,金錢,新竹縣竹北市****,0952*****,
134,陳柏惟,107年直轄市議員選舉,首次申報,1071105,個人捐贈收入,黃雅芝,,689.00,0.00,,金錢,高雄市三民區****,0932*****,
135,陳柏惟,107年直轄市議員選舉,首次申報,1071105,個人捐贈收入,沈穎鋒,,1000.00,0.00,,金錢,高雄市三民區****,0932*****,
136,陳柏惟,107年直轄市議員選舉,首次申報,1071105,個人捐贈收入,劉家安,,100.00,0.00,,金錢,桃園市龜山區****,0978*****,
137,陳柏惟,107年直轄市議員選舉,首次申報,1071105,個人捐贈收入,張玉佩,,2000.00,0.00,,金錢,高雄市三民區****,0936*****,
138,陳柏惟,107年直轄市議員選舉,首次申報,1071105,個人捐贈收入,蕭思郁,,1974.00,0.00,,金錢,高雄市鼓山區****,0935*****,
139,陳柏惟,107年直轄市議員選舉,首次申報,1071105,匿名捐贈,匿名,,1000.00,0.00,,金錢,,,
140,陳柏惟,107年直轄市議員選舉,首次申報,1071105,個人捐贈收入,丁維萱,,1974.00,0.00,,金錢,高雄市新興區****,0956*****,
141,陳柏惟,107年直轄市議員選舉,首次申報,1071105,個人捐贈收入,黃于軒,,700.00,0.00,,金錢,高雄市三民區****,0986*****,
142,陳柏惟,107年直轄市議員選舉,首次申報,1071105,匿名捐贈,匿名,,1000.00,0.00,,金錢,,,
143,陳柏惟,107年直轄市議員選舉,首次申報,1071105,匿名捐贈,匿名,,2000.00,0.00,,金錢,,,
144,陳柏惟,107年直轄市議員選舉,首次申報,1071105,匿名捐贈,匿名,,1000.00,0.00,,金錢,,,
145,陳柏惟,107年直轄市議員選舉,首次申報,1071106,個人捐贈收入,林詩韻,,799.00,0.00,,金錢,台北市大安區****,0973*****,
146,陳柏惟,107年直轄市議員選舉,首次申報,1071106,個人捐贈收入,陳裕仁,,3000.00,0.00,,金錢,高雄市鳥松區****,0921*****,
147,陳柏惟,107年直轄市議員選舉,首次申報,1071106,個人捐贈收入,蕭彥甫,,1000.00,0.00,,金錢,高雄市左營區****,0920*****,
148,陳柏惟,107年直轄市議員選舉,首次申報,1071106,個人捐贈收入,黃任聰,,5000.00,0.00,,金錢,高雄市鳥松區****,0961*****,
149,陳柏惟,107年直轄市議員選舉,首次申報,1071106,個人捐贈收入,陳鳳瑜,,5000.00,0.00,,金錢,台中市南區工****,0912*****,
150,陳柏惟,107年直轄市議員選舉,首次申報,1071106,個人捐贈收入,黃冠穎,,5000.00,0.00,,金錢,高雄市三民區****,0916*****,
151,陳柏惟,107年直轄市議員選舉,首次申報,1071106,個人捐贈收入,王宗澤,,1000.00,0.00,,金錢,高雄市三民區****,0933*****,
152,陳柏惟,107年直轄市議員選舉,首次申報,1071106,匿名捐贈,匿名,,5000.00,0.00,,金錢,,,
153,陳柏惟,107年直轄市議員選舉,首次申報,1071107,個人捐贈收入,張明玉,,888.00,0.00,,金錢,新北市汐止區****,,
154,陳柏惟,107年直轄市議員選舉,首次申報,1071107,個人捐贈收入,蘇偉翔,,1974.00,0.00,,金錢,台南市中西區****,0975*****,
155,陳柏惟,107年直轄市議員選舉,首次申報,1071107,個人捐贈收入,伍筠庭,,799.00,0.00,,金錢,高雄市苓雅區****,0929*****,
156,陳柏惟,107年直轄市議員選舉,首次申報,1071107,個人捐贈收入,張唯倫,,689.00,0.00,,金錢,花蓮縣吉安鄉****,0937*****,
157,陳柏惟,107年直轄市議員選舉,首次申報,1071107,匿名捐贈,匿名,,2000.00,0.00,,金錢,,,
158,陳柏惟,107年直轄市議員選舉,首次申報,1071107,個人捐贈收入,王霞君,,10000.00,0.00,,金錢,高雄市三民區****,0933*****,
159,陳柏惟,107年直轄市議員選舉,首次申報,1071107,個人捐贈收入,許英一,,5000.00,0.00,,金錢,新北市板橋區****,0910*****,
160,陳柏惟,107年直轄市議員選舉,首次申報,1071107,個人捐贈收入,林政賢,,689.00,0.00,,金錢,雲林縣莿桐鄉****,0978*****,
161,陳柏惟,107年直轄市議員選舉,首次申報,1071107,個人捐贈收入,施泰然,,1974.00,0.00,,金錢,台北市中正區****,0910*****,
162,陳柏惟,107年直轄市議員選舉,首次申報,1071107,個人捐贈收入,林泳彣,,2000.00,0.00,,金錢,台南市歸仁區****,0923*****,
163,陳柏惟,107年直轄市議員選舉,首次申報,1071107,個人捐贈收入,曾建穎,,5000.00,0.00,,金錢,高雄市三民區****,0935*****,
164,陳柏惟,107年直轄市議員選舉,首次申報,1071107,個人捐贈收入,鄭雅文,,1000.00,0.00,,金錢,高雄市苓雅區****,0955*****,
165,陳柏惟,107年直轄市議員選舉,首次申報,1071107,個人捐贈收入,鄭憲廷,,1000.00,0.00,,金錢,高雄市鳳山區****,0933*****,
166,陳柏惟,107年直轄市議員選舉,首次申報,1071107,匿名捐贈,匿名,,689.00,0.00,,金錢,,,
167,陳柏惟,107年直轄市議員選舉,首次申報,1071107,個人捐贈收入,吳宜恩,,300.00,0.00,,金錢,高雄市三民區****,0937*****,
168,陳柏惟,107年直轄市議員選舉,首次申報,1071107,匿名捐贈,匿名,,5000.00,0.00,,金錢,,,
169,陳柏惟,107年直轄市議員選舉,首次申報,1071107,匿名捐贈,匿名,,1000.00,0.00,,金錢,,,
170,陳柏惟,107年直轄市議員選舉,首次申報,1071107,匿名捐贈,匿名,,5000.00,0.00,,金錢,,,
171,陳柏惟,107年直轄市議員選舉,首次申報,1071108,匿名捐贈,匿名,,200.00,0.00,,金錢,,,
172,陳柏惟,107年直轄市議員選舉,首次申報,1071108,匿名捐贈,匿名,,300.00,0.00,,金錢,,,
173,陳柏惟,107年直轄市議員選舉,首次申報,1071108,匿名捐贈,匿名,,1300.00,0.00,,金錢,,,
174,陳柏惟,107年直轄市議員選舉,首次申報,1071108,匿名捐贈,匿名,,799.00,0.00,,金錢,,,
175,陳柏惟,107年直轄市議員選舉,首次申報,1071108,個人捐贈收入,陳宏瑋,,2000.00,0.00,,金錢,雲林縣虎尾鎮****,0906*****,
176,陳柏惟,107年直轄市議員選舉,首次申報,1071108,個人捐贈收入,陳彥勳,,799.00,0.00,,金錢,高雄市左營區****,0915*****,
177,陳柏惟,107年直轄市議員選舉,首次申報,1071108,個人捐贈收入,黃湘文,,888.00,0.00,,金錢,高雄市林園區****,0988*****,
178,陳柏惟,107年直轄市議員選舉,首次申報,1071108,個人捐贈收入,林家甫,,1500.00,0.00,,金錢,南投縣草屯鎮****,0989*****,
179,陳柏惟,107年直轄市議員選舉,首次申報,1071108,個人捐贈收入,邱語如,,1000.00,0.00,,金錢,高雄市左營區****,0910*****,
180,陳柏惟,107年直轄市議員選舉,首次申報,1071108,個人捐贈收入,楊明晃,,1974.00,0.00,,金錢,新北市板橋區****,0932*****,
181,陳柏惟,107年直轄市議員選舉,首次申報,1071108,個人捐贈收入,高翡霙,,1000.00,0.00,,金錢,屏東縣里港鄉****,0915*****,
182,陳柏惟,107年直轄市議員選舉,首次申報,1071108,個人捐贈收入,陳依瀅,,1500.00,0.00,,金錢,台南市東區裕****,0926*****,
183,陳柏惟,107年直轄市議員選舉,首次申報,1071108,個人捐贈收入,林進春,,5000.00,0.00,,金錢,台南市後壁區****,0933*****,
184,陳柏惟,107年直轄市議員選舉,首次申報,1071108,個人捐贈收入,林文琦,,799.00,0.00,,金錢,台北市大安區****,0918*****,
185,陳柏惟,107年直轄市議員選舉,首次申報,1071108,個人捐贈收入,黃甯園,,1000.00,0.00,,金錢,新竹縣竹北市****,0921*****,
186,陳柏惟,107年直轄市議員選舉,首次申報,1071108,個人捐贈收入,林致心,,689.00,0.00,,金錢,台北市中山區****,0978*****,
187,陳柏惟,107年直轄市議員選舉,首次申報,1071108,匿名捐贈,匿名,,5800.00,0.00,,金錢,,,
188,陳柏惟,107年直轄市議員選舉,首次申報,1071109,個人捐贈收入,呂英周,,1000.00,0.00,,金錢,高雄市三民區****,,
189,陳柏惟,107年直轄市議員選舉,首次申報,1071109,個人捐贈收入,呂姿嬋,,1000.00,0.00,,金錢,高雄市三民區****,,
190,陳柏惟,107年直轄市議員選舉,首次申報,1071109,個人捐贈收入,莊進勝,,1000.00,0.00,,金錢,高雄市三民區****,,
191,陳柏惟,107年直轄市議員選舉,首次申報,1071109,個人捐贈收入,連玉玲,,500.00,0.00,,金錢,高雄市三民區****,,
192,陳柏惟,107年直轄市議員選舉,首次申報,1071109,匿名捐贈,匿名,,1000.00,0.00,,金錢,,,
193,陳柏惟,107年直轄市議員選舉,首次申報,1071109,個人捐贈收入,張培峰,,1974.00,0.00,,金錢,台中市西區梅****,0912*****,
194,陳柏惟,107年直轄市議員選舉,首次申報,1071109,個人捐贈收入,黃煥中,,1500.00,0.00,,金錢,高雄市三民區****,0911*****,
195,陳柏惟,107年直轄市議員選舉,首次申報,1071110,個人捐贈收入,殷揚智,,5000.00,0.00,,金錢,屏東縣恆春鎮****,08-8*****,
196,陳柏惟,107年直轄市議員選舉,首次申報,1071110,匿名捐贈,匿名,,5000.00,0.00,,金錢,,,
197,陳柏惟,107年直轄市議員選舉,首次申報,1071110,匿名捐贈,匿名,,1000.00,0.00,,金錢,,,
198,陳柏惟,107年直轄市議員選舉,首次申報,1071110,匿名捐贈,匿名,,1974.00,0.00,,金錢,,,
199,陳柏惟,107年直轄市議員選舉,首次申報,1071110,個人捐贈收入,許哲誌,,1974.00,0.00,,金錢,台中市西屯區****,,
200,陳柏惟,107年直轄市議員選舉,首次申報,1071111,個人捐贈收入,黃名賢,,1974.00,0.00,,金錢,台中市南屯區****,0918*****,
201,陳柏惟,107年直轄市議員選舉,首次申報,1071112,個人捐贈收入,楊登喬,,799.00,0.00,,金錢,台中市西區向****,0932*****,
202,陳柏惟,107年直轄市議員選舉,首次申報,1071113,匿名捐贈,匿名,,10000.00,0.00,,金錢,,,
203,陳柏惟,107年直轄市議員選舉,首次申報,1071113,匿名捐贈,匿名,,3000.00,0.00,,金錢,,,
204,陳柏惟,107年直轄市議員選舉,首次申報,1071113,個人捐贈收入,劉冠廷,,3000.00,0.00,,金錢,澎湖縣湖西鄉****,0910*****,
205,陳柏惟,107年直轄市議員選舉,首次申報,1071113,個人捐贈收入,王聖裴,,999.00,0.00,,金錢,台中市北區原****,0937*****,
206,陳柏惟,107年直轄市議員選舉,首次申報,1071113,個人捐贈收入,陳思帆,,200.00,0.00,,金錢,南投縣竹山鎮****,0911*****,
207,陳柏惟,107年直轄市議員選舉,首次申報,1071113,個人捐贈收入,林宜鋒,,1000.00,0.00,,金錢,台北市大同區****,0986*****,
208,陳柏惟,107年直轄市議員選舉,首次申報,1071113,個人捐贈收入,施紅圭,,10000.00,0.00,,金錢,高雄市苓雅區****,0937*****,
209,陳柏惟,107年直轄市議員選舉,首次申報,1071113,個人捐贈收入,楊佳勳,,799.00,0.00,,金錢,新北市板橋區****,0988*****,
210,陳柏惟,107年直轄市議員選舉,首次申報,1071114,個人捐贈收入,陳奕亮,,10000.00,0.00,,金錢,高雄市新興區****,0728*****,
211,陳柏惟,107年直轄市議員選舉,首次申報,1071114,個人捐贈收入,陳邦恩,,1974.00,0.00,,金錢,高雄市左營區****,0987*****,
212,陳柏惟,107年直轄市議員選舉,首次申報,1071114,個人捐贈收入,李俊輝,,1688.00,0.00,,金錢,高雄市燕巢區****,0926*****,
213,陳柏惟,107年直轄市議員選舉,首次申報,1071114,個人捐贈收入,鄭碧瓊,,10000.00,0.00,,金錢,新北市汐止區****,0917*****,
214,陳柏惟,107年直轄市議員選舉,首次申報,1071114,個人捐贈收入,張晉榮,,4000.00,0.00,,金錢,高雄市三民區****,0916*****,
215,陳柏惟,107年直轄市議員選舉,首次申報,1071115,個人捐贈收入,楊晚珍,,2000.00,0.00,,金錢,高雄市三民區****,0937*****,
216,陳柏惟,107年直轄市議員選舉,首次申報,1071115,個人捐贈收入,鄭雅云,,1974.00,0.00,,金錢,高雄市左營區****,0928*****,
217,陳柏惟,107年直轄市議員選舉,首次申報,1071115,匿名捐贈,匿名,,10000.00,0.00,,金錢,,,
218,陳柏惟,107年直轄市議員選舉,首次申報,1071116,個人捐贈收入,陳君豪,,6000.00,0.00,,金錢,高雄市鼓山區****,0932*****,
219,陳柏惟,107年直轄市議員選舉,首次申報,1071116,個人捐贈收入,王柏成,,5000.00,0.00,,金錢,高雄市內門區****,,
220,陳柏惟,107年直轄市議員選舉,首次申報,1071116,個人捐贈收入,王士芳,,2000.00,0.00,,金錢,高雄市苓雅區****,0936*****,
221,陳柏惟,107年直轄市議員選舉,首次申報,1071116,個人捐贈收入,葉為平,,10000.00,0.00,,金錢,台北市文山區****,0939*****,
222,陳柏惟,107年直轄市議員選舉,首次申報,1071116,匿名捐贈,匿名,,5000.00,0.00,,金錢,,,
223,陳柏惟,107年直轄市議員選舉,首次申報,1071116,個人捐贈收入,楊佩蓁,,3333.00,0.00,,金錢,高雄市前鎮區****,0935*****,
224,陳柏惟,107年直轄市議員選舉,首次申報,1071117,個人捐贈收入,李崇安,,300.00,0.00,,金錢,雲林縣二崙鄉****,0970*****,
225,陳柏惟,107年直轄市議員選舉,首次申報,1071117,個人捐贈收入,辛明哲,,1000.00,0.00,,金錢,高雄市左營區****,0975*****,
226,陳柏惟,107年直轄市議員選舉,首次申報,1071117,個人捐贈收入,鐘彥傑,,10000.00,0.00,,金錢,台北市大安區****,0933*****,
227,陳柏惟,107年直轄市議員選舉,首次申報,1071118,個人捐贈收入,黃己容,,2000.00,0.00,,金錢,高雄市鳳山區****,0910*****,
228,陳柏惟,107年直轄市議員選舉,首次申報,1071118,個人捐贈收入,郭上民,,200.00,0.00,,金錢,高雄市苓雅區****,0982*****,
229,陳柏惟,107年直轄市議員選舉,首次申報,1071118,個人捐贈收入,黃祺舜,,200.00,0.00,,金錢,高雄市三民區****,0911*****,
230,陳柏惟,107年直轄市議員選舉,首次申報,1071118,個人捐贈收入,陳信助,,3600.00,0.00,,金錢,高雄市前金區****,,
231,陳柏惟,107年直轄市議員選舉,首次申報,1071118,個人捐贈收入,殷文竹,,1000.00,0.00,,金錢,高雄市仁武區****,0905*****,
232,陳柏惟,107年直轄市議員選舉,首次申報,1071118,個人捐贈收入,胡珈禎,,1000.00,0.00,,金錢,高雄市三民區****,0958*****,
233,陳柏惟,107年直轄市議員選舉,首次申報,1071118,匿名捐贈,匿名,,1000.00,0.00,,金錢,,,
234,陳柏惟,107年直轄市議員選舉,首次申報,1071118,個人捐贈收入,許紘瑞,,799.00,0.00,,金錢,高雄市大社區****,0925*****,
235,陳柏惟,107年直轄市議員選舉,首次申報,1071118,個人捐贈收入,胡寶云,,1000.00,0.00,,金錢,高雄市三民區****,0910*****,
236,陳柏惟,107年直轄市議員選舉,首次申報,1071118,個人捐贈收入,楊適丞,,1000.00,0.00,,金錢,台南市六甲區****,0921*****,
237,陳柏惟,107年直轄市議員選舉,首次申報,1071118,匿名捐贈,匿名,,2000.00,0.00,,金錢,,,
238,陳柏惟,107年直轄市議員選舉,首次申報,1071119,匿名捐贈,匿名,,10000.00,0.00,,金錢,,,
239,陳柏惟,107年直轄市議員選舉,首次申報,1071119,個人捐贈收入,陳春旭,,3600.00,0.00,,金錢,新竹市東區水****,0916*****,
240,陳柏惟,107年直轄市議員選舉,首次申報,1071120,個人捐贈收入,謝佳燕,,689.00,0.00,,金錢,高雄市苓雅區****,0919*****,
241,陳柏惟,107年直轄市議員選舉,首次申報,1071120,個人捐贈收入,洪啟銘,,500.00,0.00,,金錢,高雄市苓雅區****,0929*****,
242,陳柏惟,107年直轄市議員選舉,首次申報,1071120,個人捐贈收入,薛世昌,,5000.00,0.00,,金錢,高雄市鼓山區****,0963*****,
243,陳柏惟,107年直轄市議員選舉,首次申報,1071121,個人捐贈收入,蔡汶真,,2000.00,0.00,,金錢,高雄市苓雅區****,0956*****,
244,陳柏惟,107年直轄市議員選舉,首次申報,1071122,個人捐贈收入,陳致融,,1000.00,0.00,,金錢,,0929*****,
245,陳柏惟,107年直轄市議員選舉,首次申報,1071122,個人捐贈收入,王怡璇,,1000.00,0.00,,金錢,高雄市三民區****,0928*****,
246,陳柏惟,107年直轄市議員選舉,首次申報,1071122,個人捐贈收入,蘇崑明,,1500.00,0.00,,金錢,,0920*****,
247,陳柏惟,107年直轄市議員選舉,首次申報,1071122,匿名捐贈,匿名,,5000.00,0.00,,金錢,,,
248,陳柏惟,107年直轄市議員選舉,首次申報,1071122,營利事業捐贈收入,冠中物業管理顧問有限公司,53881432,8000.00,0.00,,金錢,高雄市三民區****,,
249,陳柏惟,107年直轄市議員選舉,首次申報,1071123,個人捐贈收入,林婷茵,,500.00,0.00,,金錢,台北市北投區****,0920*****,
250,陳柏惟,107年直轄市議員選舉,首次申報,1071123,匿名捐贈,匿名,,1688.00,0.00,,金錢,,,
251,陳柏惟,107年直轄市議員選舉,首次申報,1071123,匿名捐贈,匿名,,100.00,0.00,,金錢,,,
252,陳柏惟,107年直轄市議員選舉,首次申報,1071221,其他收入,利息收入,,18.00,0.00,,金錢,,,
