﻿序號,擬參選人／政黨,選舉名稱,申報序號／年度,交易日期,收支科目,捐贈者／支出對象,身分證／統一編號,收入金額,支出金額,支出用途,金錢類,地址,聯絡電話,資料更正日期
1,吳蕚洋,107年直轄市市長選舉,首次申報,1070830,雜支支出,台北市選舉委員會,04138077,0.00,2000000.00,台北市第七屆市長候選人保証金,金錢,台北市信義路****,,
2,吳蕚洋,107年直轄市市長選舉,首次申報,1070901,租用競選辦事處支出,多普樂商務中心(有)公司,54649187,0.00,14000.00,月份租金,金錢,台北市大安區****,,
3,吳蕚洋,107年直轄市市長選舉,首次申報,1070903,人事費用支出,吳承澔,L12*******,0.00,10000.00,車馬費月,金錢,台北市信義區****,,
4,吳蕚洋,107年直轄市市長選舉,首次申報,1070903,人事費用支出,陳玫束,L22*******,0.00,10000.00,車馬費月,金錢,台北市信義區****,,
5,吳蕚洋,107年直轄市市長選舉,首次申報,1070903,人事費用支出,張蓁家,T22*******,0.00,20000.00,車馬費月,金錢,新北市林口區****,,
6,吳蕚洋,107年直轄市市長選舉,首次申報,1070920,宣傳支出,志佳複印社,19443552,0.00,1200.00,名片影印裝訂,金錢,新北市新莊區****,,
7,吳蕚洋,107年直轄市市長選舉,首次申報,1070921,宣傳支出,志佳複印社,19443552,0.00,1800.00,DM影印裝訂,金錢,新北市新莊區****,,
8,吳蕚洋,107年直轄市市長選舉,首次申報,1071001,宣傳支出,創意家國際(有)公司,27665710,0.00,15225.00,活動背心,金錢,新北市泰山區****,,
9,吳蕚洋,107年直轄市市長選舉,首次申報,1071001,人事費用支出,吳承澔,L12*******,0.00,10000.00,月份車馬費,金錢,台北市信義區****,,
10,吳蕚洋,107年直轄市市長選舉,首次申報,1071001,人事費用支出,陳玫束,L22*******,0.00,10000.00,月份車馬費,金錢,台北市信義區****,,
11,吳蕚洋,107年直轄市市長選舉,首次申報,1071001,人事費用支出,張蓁家,T22*******,0.00,20000.00,月份車馬費,金錢,新北市林口區****,,
12,吳蕚洋,107年直轄市市長選舉,首次申報,1071005,租用競選辦事處支出,多普樂商務中心(有)公司,54649187,0.00,17834.00,月份租金,金錢,台北市大安區****,,
13,吳蕚洋,107年直轄市市長選舉,首次申報,1071024,宣傳支出,志佳複印社,19443552,0.00,3800.00,DM影印製作,金錢,新北市新莊區****,,
14,吳蕚洋,107年直轄市市長選舉,首次申報,1071031,宣傳支出,志佳複印社,19443552,0.00,12450.00,DM影印製作,金錢,新北市新莊區****,,
15,吳蕚洋,107年直轄市市長選舉,首次申報,1071031,宣傳支出,聯利媒體(股)公司,84305300,0.00,125000.00,TVBS辯論會廣告費,金錢,台北市內湖區****,,
16,吳蕚洋,107年直轄市市長選舉,首次申報,1071101,人事費用支出,吳承澔,L12*******,0.00,10000.00,月份車馬費,金錢,台北市信義區****,,
17,吳蕚洋,107年直轄市市長選舉,首次申報,1071101,人事費用支出,陳玫束,L22*******,0.00,10000.00,月份車馬費,金錢,台北市信義區****,,
18,吳蕚洋,107年直轄市市長選舉,首次申報,1071101,人事費用支出,張蓁家,T22*******,0.00,20000.00,月份車馬費,金錢,新北市林口區****,,
19,吳蕚洋,107年直轄市市長選舉,首次申報,1071106,租用競選辦事處支出,多普樂商務中心(有)公司,54649187,0.00,14000.00,月份租金,金錢,台北市大安區****,,
20,吳蕚洋,107年直轄市市長選舉,首次申報,1071203,人事費用支出,吳承澔,L12*******,0.00,10000.00,車馬費月,金錢,台北市信義區****,,
21,吳蕚洋,107年直轄市市長選舉,首次申報,1071203,人事費用支出,陳玫束,L22*******,0.00,10000.00,車馬費月,金錢,台北市信義區****,,
22,吳蕚洋,107年直轄市市長選舉,首次申報,1071203,人事費用支出,張蓁家,T22*******,0.00,20000.00,車馬費月,金錢,新北市林口區****,,
23,吳蕚洋,107年直轄市市長選舉,首次申報,1071204,租用競選辦事處支出,多普樂商務中心(有)公司,54649187,0.00,14000.00,月份租金,金錢,台北市大安區****,,
