﻿序號,擬參選人／政黨,選舉名稱,申報序號／年度,交易日期,收支科目,捐贈者／支出對象,身分證／統一編號,收入金額,支出金額,支出用途,金錢類,地址,聯絡電話,資料更正日期
1,張連亨,107年鄉(鎮、市)民代表選舉,首次申報,1070830,交通旅運支出,台灣中油,25353450,0.00,1570.00,油資,金錢,雲林縣斗六市****,,
2,張連亨,107年鄉(鎮、市)民代表選舉,首次申報,1070901,宣傳支出,天祥廣告社,25497674,0.00,271000.00,製作宣傳廣告支出,金錢,雲林縣斗六市****,,
3,張連亨,107年鄉(鎮、市)民代表選舉,首次申報,1070905,租用競選辦事處支出,北基國際股份有限公司,23218091,0.00,35000.00,租用競選辦事處費用,金錢,新北市板橋區****,,
4,張連亨,107年鄉(鎮、市)民代表選舉,首次申報,1070922,雜支支出,尚峰煤氣行,72404038,0.00,480.00,水電瓦斯費用,金錢,雲林縣斗六市****,,
5,張連亨,107年鄉(鎮、市)民代表選舉,首次申報,1070929,雜支支出,小林小吃部,92829462,0.00,360.00,餐飲費用,金錢,雲林縣斗六市****,,
6,張連亨,107年鄉(鎮、市)民代表選舉,首次申報,1071005,租用競選辦事處支出,北基國際股份有限公司,23218091,0.00,35000.00,租用競選辦事處費用,金錢,新北市板橋區****,,
7,張連亨,107年鄉(鎮、市)民代表選舉,首次申報,1071011,宣傳支出,長城打字行,92839980,0.00,5000.00,布條,金錢,雲林縣斗六市****,,
8,張連亨,107年鄉(鎮、市)民代表選舉,首次申報,1071019,交通旅運支出,佳得美(股)公司石榴分公司,28585476,0.00,1115.00,油資,金錢,雲林縣斗六市****,,
9,張連亨,107年鄉(鎮、市)民代表選舉,首次申報,1071019,雜支支出,昌哥美食店,99926735,0.00,1625.00,餐飲費用,金錢,雲林縣斗六市****,,
10,張連亨,107年鄉(鎮、市)民代表選舉,首次申報,1071031,雜支支出,敎芋部商行,10924072,0.00,650.00,餐飲費用,金錢,雲林縣林內鄉****,,
11,張連亨,107年鄉(鎮、市)民代表選舉,首次申報,1071101,租用競選辦事處支出,北基國際股份有限公司,23218091,0.00,35000.00,租用競選辦事處費用,金錢,新北市板橋區****,,
12,張連亨,107年鄉(鎮、市)民代表選舉,首次申報,1071102,交通旅運支出,佳得美(股)公司石榴分公司,28585476,0.00,500.00,油資,金錢,雲林縣斗六市****,,
13,張連亨,107年鄉(鎮、市)民代表選舉,首次申報,1071103,交通旅運支出,佳得美(股)公司石榴分公司,28585476,0.00,1000.00,油資,金錢,雲林縣斗六市****,,
14,張連亨,107年鄉(鎮、市)民代表選舉,首次申報,1071105,雜支支出,敎芋部商行,10924072,0.00,2000.00,餐飲費用,金錢,雲林縣林內鄉****,,
15,張連亨,107年鄉(鎮、市)民代表選舉,首次申報,1071105,人事費用支出,陳嘉隆,F12*******,0.00,10200.00,工資或薪津,金錢,雲林縣莿桐鄉****,,
16,張連亨,107年鄉(鎮、市)民代表選舉,首次申報,1071105,人事費用支出,陳嘉隆,F12*******,0.00,15000.00,工資或薪津,金錢,雲林縣莿桐鄉****,,
17,張連亨,107年鄉(鎮、市)民代表選舉,首次申報,1071110,雜支支出,陳記速食快餐,92831312,0.00,1080.00,餐飲費用,金錢,雲林縣斗六市****,,
18,張連亨,107年鄉(鎮、市)民代表選舉,首次申報,1071112,交通旅運支出,佳得美(股)公司石榴分公司,28585476,0.00,1000.00,油資,金錢,雲林縣斗六市****,,
19,張連亨,107年鄉(鎮、市)民代表選舉,首次申報,1071115,人事費用支出,陳嘉隆,F12*******,0.00,10350.00,工資或薪津,金錢,雲林縣莿桐鄉****,,
20,張連亨,107年鄉(鎮、市)民代表選舉,首次申報,1071117,雜支支出,尚峰煤氣行,72404038,0.00,1220.00,水電瓦斯費用,金錢,雲林縣斗六市****,,
21,張連亨,107年鄉(鎮、市)民代表選舉,首次申報,1071119,宣傳支出,自由時報斗六辦事處,,0.00,4800.00,播送、傳送或刊登宣傳廣告支出,金錢,雲林縣斗六市****,,
22,張連亨,107年鄉(鎮、市)民代表選舉,首次申報,1071120,宣傳支出,長城打字行,92839980,0.00,30928.00,布條,金錢,雲林縣斗六市****,,
