﻿序號,擬參選人／政黨,選舉名稱,申報序號／年度,交易日期,收支科目,捐贈者／支出對象,身分證／統一編號,收入金額,支出金額,支出用途,金錢類,地址,聯絡電話,資料更正日期
1,張連亨,107年鄉(鎮、市)民代表選舉,首次申報,1070901,個人捐贈收入,周秀琴,P20*******,1688.00,0.00,,金錢,雲林縣斗六市****,,
2,張連亨,107年鄉(鎮、市)民代表選舉,首次申報,1070921,個人捐贈收入,蔡碧娟,P22*******,1000.00,0.00,,金錢,臺中市西區公****,,
3,張連亨,107年鄉(鎮、市)民代表選舉,首次申報,1070926,個人捐贈收入,歐文亮,P12*******,2020.00,0.00,,金錢,雲林縣虎尾鎮****,,
4,張連亨,107年鄉(鎮、市)民代表選舉,首次申報,1071006,個人捐贈收入,林秀玉,P22*******,5000.00,0.00,,金錢,新北市土城區****,,
5,張連亨,107年鄉(鎮、市)民代表選舉,首次申報,1071024,營利事業捐贈收入,福懋興業股份有限公司,14001199,100000.00,0.00,,金錢,雲林縣斗六市****,,
6,張連亨,107年鄉(鎮、市)民代表選舉,首次申報,1071221,其他收入,利息收入,,8.00,0.00,,金錢,,,
