﻿序號,擬參選人／政黨,選舉名稱,申報序號／年度,交易日期,收支科目,捐贈者／支出對象,身分證／統一編號,收入金額,支出金額,支出用途,金錢類,地址,聯絡電話,資料更正日期
1,郭一亨,107年村(里)長選舉,首次申報,1071013,宣傳支出,久領有限公司,70403688,0.00,196.00,文具,金錢,高雄市鹽埕區****,,
2,郭一亨,107年村(里)長選舉,首次申報,1071018,宣傳支出,王迺驊,E22*******,0.00,10000.00,播送、傳送或刊登宣傳廣告支出,金錢,高雄市鼓山區****,,
3,郭一亨,107年村(里)長選舉,首次申報,1071025,宣傳支出,藝光廣告社,82068739,0.00,890.00,候選人貼紙，照片,金錢,高雄市鼓山區****,07-5*****,
4,郭一亨,107年村(里)長選舉,首次申報,1071112,宣傳支出,禾樺科技股份有限公司,16105732,0.00,1684.00,藍芽喇叭，大聲公喇叭,金錢,高雄市三民區****,07-2*****,
5,郭一亨,107年村(里)長選舉,首次申報,1071115,宣傳支出,文彩影印行,25979588,0.00,5000.00,製作候選人宣傳單,金錢,高雄市鼓山區****,07-5*****,
6,郭一亨,107年村(里)長選舉,首次申報,1071120,宣傳支出,郭一亨,E12*******,0.00,25000.00,辦理研究、評估、調查、設計或規劃支出,金錢,高雄市鼓山區****,,
7,郭一亨,107年村(里)長選舉,首次申報,1071210,雜支支出,高雄市選舉委員會,76201457,0.00,50000.00,選舉保證金費（未退回保證金者得以報支）,金錢,高雄市鳳山區****,,
