﻿序號,擬參選人／政黨,選舉名稱,申報序號／年度,交易日期,收支科目,捐贈者／支出對象,身分證／統一編號,收入金額,支出金額,捐贈方式,存入專戶日期,返還/繳庫,支出用途,金錢類,地址,聯絡電話,應揭露之支出對象,支出對象之內部人員姓名,支出對象之內部人員職稱,政黨之內部人員姓名,政黨之內部人員職稱,關係,更正註記,資料更正日期
1,林為洲,111年新竹縣竹北市市長選舉,首次申報,1110705,個人捐贈收入,張竣傑,A12*******,100000.00,0.00,現金,1110705,,,金錢,新竹市北區舊****,03-5*****,,,,,,,,
2,林為洲,111年新竹縣竹北市市長選舉,首次申報,1110801,個人捐贈收入,倪森豪,O10*******,50000.00,0.00,現金,1110801,,,金錢,新竹市大同里****,03-6*****,,,,,,,,
3,林為洲,111年新竹縣竹北市市長選舉,首次申報,1110808,個人捐贈收入,林宜樺,L22*******,6000.00,0.00,現金,1110808,,,金錢,南投縣草屯鎮****,,,,,,,,,
4,林為洲,111年新竹縣竹北市市長選舉,首次申報,1110809,個人捐贈收入,楊婷羽,,6600.00,0.00,現金,1110809,,,金錢,新竹縣竹北市****,,,,,,,,,
5,林為洲,111年新竹縣竹北市市長選舉,首次申報,1110809,匿名捐贈,劉羿君,,10000.00,0.00,現金,1110809,,,金錢,,,,,,,,,,
6,林為洲,111年新竹縣竹北市市長選舉,首次申報,1110809,個人捐贈收入,洪宗奇,B12*******,100000.00,0.00,現金,1110809,,,金錢,新竹縣竹北市****,,,,,,,,,
7,林為洲,111年新竹縣竹北市市長選舉,首次申報,1110809,個人捐贈收入,楊淑梅,H22*******,100000.00,0.00,現金,1110809,,,金錢,新竹市延平路****,,,,,,,,,
8,林為洲,111年新竹縣竹北市市長選舉,首次申報,1110809,個人捐贈收入,陳坤影,J10*******,100000.00,0.00,現金,1110809,,,金錢,新竹市北區湳****,,,,,,,,,
9,林為洲,111年新竹縣竹北市市長選舉,首次申報,1110809,個人捐贈收入,黃俊僥,J12*******,100000.00,0.00,現金,1110809,,,金錢,新竹縣竹北市****,,,,,,,,,
10,林為洲,111年新竹縣竹北市市長選舉,首次申報,1110809,個人捐贈收入,王以仁,J12*******,100000.00,0.00,現金,1110809,,,金錢,新竹市北區中****,,,,,,,,,
11,林為洲,111年新竹縣竹北市市長選舉,首次申報,1110809,個人捐贈收入,羅淑伶,J22*******,100000.00,0.00,現金,1110809,,,金錢,新竹縣竹北市****,,,,,,,,,
12,林為洲,111年新竹縣竹北市市長選舉,首次申報,1110809,個人捐贈收入,孫榆妏,J22*******,100000.00,0.00,現金,1110809,,,金錢,新竹市北區湳****,,,,,,,,,
13,林為洲,111年新竹縣竹北市市長選舉,首次申報,1110809,個人捐贈收入,田鉫玉,J22*******,100000.00,0.00,現金,1110809,,,金錢,新竹市北區中****,,,,,,,,,
14,林為洲,111年新竹縣竹北市市長選舉,首次申報,1110809,個人捐贈收入,謝麗雲,O20*******,100000.00,0.00,現金,1110809,,,金錢,新竹市北區中****,,,,,,,,,
15,林為洲,111年新竹縣竹北市市長選舉,首次申報,1110809,個人捐贈收入,陳志雄,U12*******,100000.00,0.00,現金,1110809,,,金錢,新竹市振興路****,,,,,,,,,
16,林為洲,111年新竹縣竹北市市長選舉,首次申報,1110811,個人捐贈收入,林素珠,A20*******,40000.00,0.00,現金,1110811,,,金錢,臺北市信義區****,,,,,,,,,
17,林為洲,111年新竹縣竹北市市長選舉,首次申報,1110817,營利事業捐贈收入,良岳營造股份有限公司,97329352,500000.00,0.00,匯款,1110817,,,金錢,新竹縣竹東鎮****,03-6*****,,,,,,,,
18,林為洲,111年新竹縣竹北市市長選舉,首次申報,1110823,個人捐贈收入,陳政勳,J12*******,100000.00,0.00,現金,1110823,,,金錢,新竹市東區南****,,,,,,,,,
19,林為洲,111年新竹縣竹北市市長選舉,首次申報,1110825,個人捐贈收入,吳秀連,L22*******,12000.00,0.00,現金,1110825,,,金錢,臺北市信義區****,,,,,,,,,
20,林為洲,111年新竹縣竹北市市長選舉,首次申報,1110902,個人捐贈收入,藍雪麗,N22*******,100000.00,0.00,現金,1110902,,,金錢,臺北市士林區****,,,,,,,,,
21,林為洲,111年新竹縣竹北市市長選舉,首次申報,1110908,個人捐贈收入,盧怡珊,F22*******,100000.00,0.00,現金,1110908,,,金錢,新竹縣竹北市****,,,,,,,,,
22,林為洲,111年新竹縣竹北市市長選舉,首次申報,1110908,個人捐贈收入,曾柏勝,J12*******,100000.00,0.00,現金,1110908,,,金錢,新竹縣竹北市****,,,,,,,,,
23,林為洲,111年新竹縣竹北市市長選舉,首次申報,1110915,營利事業捐贈收入,威盈投資有限公司,82902409,500000.00,0.00,匯款,1110915,,,金錢,新竹市東區中****,,,,,,,,,
24,林為洲,111年新竹縣竹北市市長選舉,首次申報,1110915,個人捐贈收入,曾慶富,J12*******,100000.00,0.00,現金,1110915,,,金錢,新竹縣竹北市****,,,,,,,,,
25,林為洲,111年新竹縣竹北市市長選舉,首次申報,1110915,個人捐贈收入,蘇欣玫,J22*******,100000.00,0.00,現金,1110915,,,金錢,新竹縣竹北市****,,,,,,,,,
26,林為洲,111年新竹縣竹北市市長選舉,首次申報,1110915,個人捐贈收入,翁慧翎,J22*******,100000.00,0.00,現金,1110915,,,金錢,苗栗縣造橋鄉****,,,,,,,,,
27,林為洲,111年新竹縣竹北市市長選舉,首次申報,1110916,個人捐贈收入,周柏昇,F12*******,30000.00,0.00,現金,1110916,,,金錢,新竹縣竹北市****,,,,,,,,,
28,林為洲,111年新竹縣竹北市市長選舉,首次申報,1110916,個人捐贈收入,林雄發,J10*******,100000.00,0.00,現金,1110916,,,金錢,新竹縣竹北市****,,,,,,,,,
29,林為洲,111年新竹縣竹北市市長選舉,首次申報,1110916,個人捐贈收入,劉駿謀,J12*******,30000.00,0.00,匯款,1110916,,,金錢,,,,,,,,,,
30,林為洲,111年新竹縣竹北市市長選舉,首次申報,1110919,個人捐贈收入,郭國裕,J12*******,50000.00,0.00,現金,1110919,,,金錢,新竹縣湖口鄉****,,,,,,,,,
31,林為洲,111年新竹縣竹北市市長選舉,首次申報,1110919,個人捐贈收入,張蔚熙,S12*******,100000.00,0.00,現金,1110919,,,金錢,高雄市苓雅區****,,,,,,,,,
32,林為洲,111年新竹縣竹北市市長選舉,首次申報,1110919,個人捐贈收入,曾淑慎,T20*******,100000.00,0.00,現金,1110919,,,金錢,高雄市三民區****,,,,,,,,,
33,林為洲,111年新竹縣竹北市市長選舉,首次申報,1110919,個人捐贈收入,曾韶婉,T20*******,100000.00,0.00,現金,1110919,,,金錢,高雄市仁武區****,,,,,,,,,
34,林為洲,111年新竹縣竹北市市長選舉,首次申報,1110920,匿名捐贈,賴源欽,,2000.00,0.00,現金,1110920,,,金錢,,,,,,,,,,
35,林為洲,111年新竹縣竹北市市長選舉,首次申報,1110920,個人捐贈收入,曾美蘭,,20000.00,0.00,現金,1110920,,,金錢,新竹縣竹北市****,,,,,,,,,
36,林為洲,111年新竹縣竹北市市長選舉,首次申報,1110920,個人捐贈收入,陳美榮,J22*******,100000.00,0.00,現金,1110920,,,金錢,新竹縣竹北市****,,,,,,,,,
37,林為洲,111年新竹縣竹北市市長選舉,首次申報,1110923,個人捐贈收入,蔡孝文,A12*******,100000.00,0.00,現金,1110923,,,金錢,新竹縣竹北市****,,,,,,,,,
38,林為洲,111年新竹縣竹北市市長選舉,首次申報,1110923,個人捐贈收入,余正榮,J10*******,100000.00,0.00,現金,1110923,,,金錢,新竹縣湖口鄉****,,,,,,,,,
39,林為洲,111年新竹縣竹北市市長選舉,首次申報,1110923,個人捐贈收入,吳森壽,J12*******,100000.00,0.00,現金,1110923,,,金錢,新竹市西大路****,,,,,,,,,
40,林為洲,111年新竹縣竹北市市長選舉,首次申報,1110923,個人捐贈收入,余立偉,J12*******,100000.00,0.00,現金,1110923,,,金錢,新竹縣湖口鄉****,,,,,,,,,
41,林為洲,111年新竹縣竹北市市長選舉,首次申報,1110923,個人捐贈收入,陳淑燕,J22*******,100000.00,0.00,現金,1110923,,,金錢,新竹縣竹北市****,,,,,,,,,
42,林為洲,111年新竹縣竹北市市長選舉,首次申報,1110923,個人捐贈收入,廖偵伩,J22*******,100000.00,0.00,現金,1110923,,,金錢,新竹市國光街****,,,,,,,,,
43,林為洲,111年新竹縣竹北市市長選舉,首次申報,1110923,個人捐贈收入,鄧宜君,J22*******,100000.00,0.00,現金,1110923,,,金錢,新竹市華北路****,,,,,,,,,
44,林為洲,111年新竹縣竹北市市長選舉,首次申報,1110923,個人捐贈收入,李武謁,P12*******,100000.00,0.00,現金,1110923,,,金錢,桃園市楊梅區****,,,,,,,,,
45,林為洲,111年新竹縣竹北市市長選舉,首次申報,1110923,個人捐贈收入,蔡惠珠,Q22*******,100000.00,0.00,現金,1110923,,,金錢,新竹縣竹北市****,,,,,,,,,
46,林為洲,111年新竹縣竹北市市長選舉,首次申報,1110923,個人捐贈收入,謝政達,S12*******,100000.00,0.00,現金,1110923,,,金錢,新竹市光復路****,,,,,,,,,
47,林為洲,111年新竹縣竹北市市長選舉,首次申報,1110925,個人捐贈收入,蘇啟文,,6800.00,0.00,匯款,1110925,,,金錢,新竹縣竹北市****,,,,,,,,,
48,林為洲,111年新竹縣竹北市市長選舉,首次申報,1110927,個人捐贈收入,林億榮,,20000.00,0.00,現金,1110927,,,金錢,新竹縣竹北市****,,,,,,,,,
49,林為洲,111年新竹縣竹北市市長選舉,首次申報,1111003,個人捐贈收入,魏盟芳,J12*******,3000.00,0.00,現金,1111003,,,金錢,新竹市金雅七****,,,,,,,,,
50,林為洲,111年新竹縣竹北市市長選舉,首次申報,1111004,營利事業捐贈收入,鴻霖開發股份有限公司,59060545,100000.00,0.00,匯款,1111004,,,金錢,桃園市龍潭區****,,,,,,,,,
51,林為洲,111年新竹縣竹北市市長選舉,首次申報,1111005,個人捐贈收入,鄭萬賀,,20000.00,0.00,現金,1111005,,,金錢,新竹縣竹北市****,,,,,,,,,
52,林為洲,111年新竹縣竹北市市長選舉,首次申報,1111005,個人捐贈收入,戴義信,J10*******,3000.00,0.00,現金,1111005,,,金錢,新竹縣竹北市****,,,,,,,,,
53,林為洲,111年新竹縣竹北市市長選舉,首次申報,1111006,個人捐贈收入,黃慶豐,J12*******,20000.00,0.00,現金,1111006,,,金錢,新竹縣竹北市****,,,,,,,,,
54,林為洲,111年新竹縣竹北市市長選舉,首次申報,1111012,個人捐贈收入,李佳衡,J10*******,50000.00,0.00,現金,1111012,,,金錢,新竹縣竹北市****,,,,,,,,,
55,林為洲,111年新竹縣竹北市市長選舉,首次申報,1111014,營利事業捐贈收入,結果實業股份有限公司,83459122,300000.00,0.00,匯款,1111014,,,金錢,臺北市中正區****,,,,,,,,,
56,林為洲,111年新竹縣竹北市市長選舉,首次申報,1111015,人民團體捐贈收入,中華民國全國建築師公會,,63000.00,0.00,,,,,非金錢,臺北市基隆路****,,,,,,,,,
57,林為洲,111年新竹縣竹北市市長選舉,首次申報,1111020,個人捐贈收入,林柏志,J10*******,100000.00,0.00,現金,1111020,,,金錢,新竹縣竹北市****,,,,,,,,,
58,林為洲,111年新竹縣竹北市市長選舉,首次申報,1111031,營利事業捐贈收入,富郁開發建設有限公司,85091380,300000.00,0.00,匯款,1111031,,,金錢,新竹市經國路****,,,,,,,,,
59,林為洲,111年新竹縣竹北市市長選舉,首次申報,1111031,個人捐贈收入,林家億,J12*******,10000.00,0.00,現金,1111031,,,金錢,新竹市民族路****,,,,,,,,,
60,林為洲,111年新竹縣竹北市市長選舉,首次申報,1111031,個人捐贈收入,黃朝龍,K12*******,2000.00,0.00,現金,1111031,,,金錢,新竹縣新埔鎮****,,,,,,,,,
61,林為洲,111年新竹縣竹北市市長選舉,首次申報,1111104,個人捐贈收入,羅瑞鴻,K12*******,100000.00,0.00,現金,1111104,,,金錢,新竹市明湖路****,,,,,,,,,
62,林為洲,111年新竹縣竹北市市長選舉,首次申報,1111104,個人捐贈收入,林敬堯,L10*******,100000.00,0.00,現金,1111104,,,金錢,新竹市中華路****,,,,,,,,,
63,林為洲,111年新竹縣竹北市市長選舉,首次申報,1111104,個人捐贈收入,王滄鍊,M10*******,100000.00,0.00,現金,1111104,,,金錢,新竹市中華路****,,,,,,,,,
64,林為洲,111年新竹縣竹北市市長選舉,首次申報,1111107,個人捐贈收入,陳俊昇,J12*******,30000.00,0.00,現金,1111107,,,金錢,新竹縣竹北市****,,,,,,,,,
65,林為洲,111年新竹縣竹北市市長選舉,首次申報,1111110,個人捐贈收入,陳欽忠,J10*******,6000.00,0.00,現金,1111110,,,金錢,臺中市南區永****,,,,,,,,,
66,林為洲,111年新竹縣竹北市市長選舉,首次申報,1111114,個人捐贈收入,陳榮裕,J12*******,10000.00,0.00,現金,1111114,,,金錢,臺北市大安區****,,,,,,,,,
67,林為洲,111年新竹縣竹北市市長選舉,首次申報,1111114,個人捐贈收入,許皓翔,J12*******,100000.00,0.00,現金,1111114,,,金錢,臺北市南港區****,,,,,,,,,
68,林為洲,111年新竹縣竹北市市長選舉,首次申報,1111115,個人捐贈收入,何增光,J12*******,100000.00,0.00,現金,1111115,,,金錢,新竹縣竹東鎮****,,,,,,,,,
69,林為洲,111年新竹縣竹北市市長選舉,首次申報,1111115,個人捐贈收入,黃新春,J22*******,100000.00,0.00,現金,1111115,,,金錢,新竹縣竹東鎮****,,,,,,,,,
70,林為洲,111年新竹縣竹北市市長選舉,首次申報,1111122,個人捐贈收入,林瑞金,J22*******,50000.00,0.00,現金,1111122,,,金錢,新竹縣竹北市****,,,,,,,,,
71,林為洲,111年新竹縣竹北市市長選舉,首次申報,1111123,個人捐贈收入,沈子霖,G12*******,60000.00,0.00,現金,1111123,,,金錢,新北市永和區****,,,,,,,,,
72,林為洲,111年新竹縣竹北市市長選舉,首次申報,1111124,個人捐贈收入,葉美足,R22*******,60000.00,0.00,現金,1111124,,,金錢,新竹縣竹北市****,,,,,,,,,
73,林為洲,111年新竹縣竹北市市長選舉,首次申報,1111221,其他收入,利息收入,,627.00,0.00,匯款,1111221,,,金錢,,,,,,,,,,
