﻿序號,擬參選人／政黨,選舉名稱,申報序號／年度,交易日期,收支科目,捐贈者／支出對象,身分證／統一編號,收入金額,支出金額,捐贈方式,存入專戶日期,返還/繳庫,支出用途,金錢類,地址,聯絡電話,應揭露之支出對象,支出對象之內部人員姓名,支出對象之內部人員職稱,政黨之內部人員姓名,政黨之內部人員職稱,關係,更正註記,資料更正日期
1,洪美珠,111年屏東縣琉球鄉鄉長選舉,首次申報,1110919,個人捐贈收入,陳宥臻,,12000.00,0.00,匯款,1110919,,,金錢,高雄市小港區****,,,,,,,,,
2,洪美珠,111年屏東縣琉球鄉鄉長選舉,首次申報,1110921,匿名捐贈,匿名,,6600.00,0.00,匯款,1110921,,,金錢,,,,,,,,,,
3,洪美珠,111年屏東縣琉球鄉鄉長選舉,首次申報,1110922,個人捐贈收入,曾正潔,,10000.00,0.00,匯款,1110922,,,金錢,臺東縣臺東市****,,,,,,,,,
4,洪美珠,111年屏東縣琉球鄉鄉長選舉,首次申報,1111017,營利事業捐贈收入,參泰企業有限公司,16260804,6000.00,0.00,匯款,1111017,已返還,,金錢,屏東縣屏東市****,,,,,,,,,
5,洪美珠,111年屏東縣琉球鄉鄉長選舉,首次申報,1111020,匿名捐贈,匿名1,,2000.00,0.00,匯款,1111020,,,金錢,,,,,,,,,,
6,洪美珠,111年屏東縣琉球鄉鄉長選舉,首次申報,1111021,個人捐贈收入,洪素霞,,5000.00,0.00,匯款,1111021,,,金錢,屏東縣琉球鄉****,,,,,,,,,
7,洪美珠,111年屏東縣琉球鄉鄉長選舉,首次申報,1111103,營利事業捐贈收入,聖州企業股份有限公司,07992639,60000.00,0.00,匯款,1111103,,,金錢,臺北市大安區****,,,,,,,,,
8,洪美珠,111年屏東縣琉球鄉鄉長選舉,首次申報,1111107,個人捐贈收入,周天賞,T10*******,50000.00,0.00,匯款,1111107,,,金錢,新北市板橋區****,,,,,,,,,
9,洪美珠,111年屏東縣琉球鄉鄉長選舉,首次申報,1111221,其他收入,利息收入,,58.00,0.00,匯款,1111221,,,金錢,,,,,,,,,,
