﻿序號,擬參選人／政黨,選舉名稱,申報序號／年度,交易日期,收支科目,捐贈者／支出對象,身分證／統一編號,收入金額,支出金額,捐贈方式,存入專戶日期,返還/繳庫,支出用途,金錢類,地址,聯絡電話,應揭露之支出對象,支出對象之內部人員姓名,支出對象之內部人員職稱,政黨之內部人員姓名,政黨之內部人員職稱,關係,更正註記,資料更正日期
1,洪士奇,111年臺北市議員選舉,首次申報,1110601,租用競選辦事處支出,鄭汎梓,A12*******,0.00,228000.00,,,,租用競選辦事處費用,金錢,臺北市信義區****,0935*****,否,,,,,,,
2,洪士奇,111年臺北市議員選舉,首次申報,1110714,雜支支出,創意點子數位股份有限公司,53737417,0.00,546.00,,,,網際網路費用,金錢,臺北市內湖區****,,否,,,,,,,
3,洪士奇,111年臺北市議員選舉,首次申報,1110715,雜支支出,台新銀行內湖分行,86519539,0.00,10.00,,,,網際網路費用,金錢,臺北市內湖區****,,否,,,,,,,
4,洪士奇,111年臺北市議員選舉,首次申報,1110802,雜支支出,創意點子數位股份有限公司,53737417,0.00,1868.00,,,,網際網路費用,金錢,臺北市內湖區****,,否,,,,,,,
5,洪士奇,111年臺北市議員選舉,首次申報,1110813,人事費用支出,張美慧,A22*******,0.00,20000.00,,,,工資或薪津,金錢,臺北市信義區****,,否,,,,,,,
6,洪士奇,111年臺北市議員選舉,首次申報,1110815,雜支支出,台新銀行內湖分行,86519539,0.00,10.00,,,,網際網路費用,金錢,臺北市內湖區****,,否,,,,,,,
7,洪士奇,111年臺北市議員選舉,首次申報,1110815,人事費用支出,陳逸安,A12*******,0.00,20000.00,,,,工資或薪津,金錢,臺北市內湖區****,,否,,,,,,,
8,洪士奇,111年臺北市議員選舉,首次申報,1110815,人事費用支出,潘大宇,A12*******,0.00,20000.00,,,,工資或薪津,金錢,臺北市大同區****,,否,,,,,,,
9,洪士奇,111年臺北市議員選舉,首次申報,1110815,人事費用支出,蘇庭暉,A12*******,0.00,20000.00,,,,工資或薪津,金錢,臺北市南港區****,,否,,,,,,,
10,洪士奇,111年臺北市議員選舉,首次申報,1110815,人事費用支出,余駿緯,A12*******,0.00,10000.00,,,,工資或薪津,金錢,桃園市龜山區****,,否,,,,,,,
11,洪士奇,111年臺北市議員選舉,首次申報,1110815,人事費用支出,唐未秦,A22*******,0.00,15000.00,,,,工資或薪津,金錢,臺北市南港區****,,否,,,,,,,
12,洪士奇,111年臺北市議員選舉,首次申報,1110815,人事費用支出,吳亞玲,A22*******,0.00,10000.00,,,,工資或薪津,金錢,臺北市信義區****,,否,,,,,,,
13,洪士奇,111年臺北市議員選舉,首次申報,1110815,人事費用支出,林佳儀,A22*******,0.00,15000.00,,,,工資或薪津,金錢,臺北市信義區****,,否,,,,,,,
14,洪士奇,111年臺北市議員選舉,首次申報,1110815,人事費用支出,王小桃,A23*******,0.00,15000.00,,,,工資或薪津,金錢,臺北市信義區****,,否,,,,,,,
15,洪士奇,111年臺北市議員選舉,首次申報,1110815,人事費用支出,謝良,F20*******,0.00,10000.00,,,,工資或薪津,金錢,臺北市信義區****,,否,,,,,,,
16,洪士奇,111年臺北市議員選舉,首次申報,1110828,人事費用支出,陳逸安,A12*******,0.00,30000.00,,,,工資或薪津,金錢,臺北市內湖區****,,否,,,,,,,
17,洪士奇,111年臺北市議員選舉,首次申報,1110828,人事費用支出,余駿緯,A12*******,0.00,10000.00,,,,工資或薪津,金錢,桃園市龜山區****,,否,,,,,,,
18,洪士奇,111年臺北市議員選舉,首次申報,1110828,人事費用支出,張美慧,A22*******,0.00,30000.00,,,,工資或薪津,金錢,臺北市信義區****,,否,,,,,,,
19,洪士奇,111年臺北市議員選舉,首次申報,1110828,人事費用支出,謝中凡,T12*******,0.00,30000.00,,,,工資或薪津,金錢,新北市三重區****,,否,,,,,,,
20,洪士奇,111年臺北市議員選舉,首次申報,1110829,人事費用支出,蘇庭暉,A12*******,0.00,30000.00,,,,工資或薪津,金錢,臺北市南港區****,,否,,,,,,,
21,洪士奇,111年臺北市議員選舉,首次申報,1110829,人事費用支出,蘇庭暉,A12*******,0.00,20000.00,,,,工資或薪津,金錢,臺北市南港區****,,否,,,,,,,
22,洪士奇,111年臺北市議員選舉,首次申報,1110829,人事費用支出,潘大宇,A12*******,0.00,20000.00,,,,工資或薪津,金錢,臺北市大同區****,,否,,,,,,,
23,洪士奇,111年臺北市議員選舉,首次申報,1110829,人事費用支出,林佳儀,A22*******,0.00,30000.00,,,,工資或薪津,金錢,臺北市信義區****,,否,,,,,,,
24,洪士奇,111年臺北市議員選舉,首次申報,1110829,人事費用支出,唐未秦,A22*******,0.00,20000.00,,,,工資或薪津,金錢,臺北市南港區****,,否,,,,,,,
25,洪士奇,111年臺北市議員選舉,首次申報,1110829,人事費用支出,王小桃,A23*******,0.00,15000.00,,,,工資或薪津,金錢,臺北市信義區****,,否,,,,,,,
26,洪士奇,111年臺北市議員選舉,首次申報,1110829,人事費用支出,王鈞鐸,C10*******,0.00,30000.00,,,,工資或薪津,金錢,臺北市信義區****,,否,,,,,,,
27,洪士奇,111年臺北市議員選舉,首次申報,1110829,人事費用支出,謝良,F20*******,0.00,10000.00,,,,工資或薪津,金錢,臺北市信義區****,,否,,,,,,,
28,洪士奇,111年臺北市議員選舉,首次申報,1110829,人事費用支出,謝中凡,T12*******,0.00,10000.00,,,,工資或薪津,金錢,新北市三重區****,,否,,,,,,,
29,洪士奇,111年臺北市議員選舉,首次申報,1110901,宣傳支出,色影科技有限公司,97118286,0.00,4410.00,,,,製作競選物品或宣傳廣告費用（物品名稱-請填寫）,金錢,臺北市松山區****,,否,,,,,,,
30,洪士奇,111年臺北市議員選舉,首次申報,1110908,宣傳支出,樂橙創想影像工作室,54160377,0.00,78210.00,,,,租用廣告看板或車體廣告費用,金錢,新北市汐止區****,,否,,,,,,,
31,洪士奇,111年臺北市議員選舉,首次申報,1110922,人事費用支出,唐未秦,A22*******,0.00,20000.00,,,,工資或薪津,金錢,臺北市南港區****,,否,,,,,,,
32,洪士奇,111年臺北市議員選舉,首次申報,1110922,人事費用支出,王鈞鐸,C10*******,0.00,20000.00,,,,工資或薪津,金錢,臺北市信義區****,,否,,,,,,,
33,洪士奇,111年臺北市議員選舉,首次申報,1110927,雜支支出,創意點子數位股份有限公司,53737417,0.00,265.00,,,,網際網路費用,金錢,臺北市內湖區****,,否,,,,,,,
34,洪士奇,111年臺北市議員選舉,首次申報,1110927,人事費用支出,陳逸安,A12*******,0.00,30000.00,,,,工資或薪津,金錢,臺北市內湖區****,,否,,,,,,,
35,洪士奇,111年臺北市議員選舉,首次申報,1110927,人事費用支出,謝良,F20*******,0.00,20000.00,,,,工資或薪津,金錢,臺北市信義區****,,否,,,,,,,
36,洪士奇,111年臺北市議員選舉,首次申報,1110927,人事費用支出,謝中凡,T12*******,0.00,30000.00,,,,工資或薪津,金錢,新北市三重區****,,否,,,,,,,
37,洪士奇,111年臺北市議員選舉,首次申報,1110928,雜支支出,台新銀行內湖分行,86519539,0.00,10.00,,,,網際網路費用,金錢,臺北市內湖區****,,否,,,,,,,
38,洪士奇,111年臺北市議員選舉,首次申報,1110930,集會支出,志緯漢堡店,42347671,0.00,12700.00,,,,餐飲費用,金錢,臺北市大安區****,,否,,,,,,,
39,洪士奇,111年臺北市議員選舉,首次申報,1110930,交通旅運支出,潘大宇,A12*******,0.00,15000.00,,,,油資,金錢,臺北市大同區****,,否,,,,,,,
40,洪士奇,111年臺北市議員選舉,首次申報,1111003,人事費用支出,王鈞鐸,C10*******,0.00,30800.00,,,,工資或薪津,金錢,臺北市信義區****,,否,,,,,,,
41,洪士奇,111年臺北市議員選舉,首次申報,1111004,人事費用支出,蘇庭暉,A12*******,0.00,60000.00,,,,工資或薪津,金錢,臺北市南港區****,,否,,,,,,,
42,洪士奇,111年臺北市議員選舉,首次申報,1111004,人事費用支出,余駿緯,A12*******,0.00,45000.00,,,,工資或薪津,金錢,桃園市龜山區****,,否,,,,,,,
43,洪士奇,111年臺北市議員選舉,首次申報,1111004,人事費用支出,陳逸安,A12*******,0.00,30000.00,,,,工資或薪津,金錢,臺北市內湖區****,,否,,,,,,,
44,洪士奇,111年臺北市議員選舉,首次申報,1111004,人事費用支出,李竺軒,A12*******,0.00,30000.00,,,,工資或薪津,金錢,臺北市信義區****,,否,,,,,,,
45,洪士奇,111年臺北市議員選舉,首次申報,1111004,人事費用支出,唐未秦,A22*******,0.00,45000.00,,,,工資或薪津,金錢,臺北市內湖區****,,否,,,,,,,
46,洪士奇,111年臺北市議員選舉,首次申報,1111004,人事費用支出,張美慧,A22*******,0.00,30000.00,,,,工資或薪津,金錢,臺北市信義區****,,否,,,,,,,
47,洪士奇,111年臺北市議員選舉,首次申報,1111004,人事費用支出,林佳儀,A22*******,0.00,60000.00,,,,工資或薪津,金錢,臺北市信義區****,,否,,,,,,,
48,洪士奇,111年臺北市議員選舉,首次申報,1111004,人事費用支出,郭家瑋,F12*******,0.00,28000.00,,,,工資或薪津,金錢,新北市新店區****,,否,,,,,,,
49,洪士奇,111年臺北市議員選舉,首次申報,1111004,人事費用支出,王怡婷,N22*******,0.00,30000.00,,,,工資或薪津,金錢,臺北市信義區****,,否,,,,,,,
50,洪士奇,111年臺北市議員選舉,首次申報,1111005,租用競選辦事處支出,彭文泓,A12*******,0.00,70000.00,,,,租用競選辦事處費用,金錢,臺北市松山區****,,否,,,,,,,
51,洪士奇,111年臺北市議員選舉,首次申報,1111007,宣傳支出,李啟輝,,0.00,9000.00,,,,租用廣告看板或車體廣告費用,金錢,臺北市信義區****,0927*****,否,,,,,,,
52,洪士奇,111年臺北市議員選舉,首次申報,1111007,人事費用支出,陳逸安,A12*******,0.00,28000.00,,,,工資或薪津,金錢,臺北市內湖區****,,否,,,,,,,
53,洪士奇,111年臺北市議員選舉,首次申報,1111008,宣傳支出,樂橙創想影像工作室,54160377,0.00,78210.00,,,,租用廣告看板或車體廣告費用,金錢,新北市汐止區****,,否,,,,,,,
54,洪士奇,111年臺北市議員選舉,首次申報,1111008,宣傳支出,樂橙創想影像工作室,54160377,0.00,38500.00,,,,租用廣告看板或車體廣告費用,金錢,新北市汐止區****,,否,,,,,,,
55,洪士奇,111年臺北市議員選舉,首次申報,1111009,人事費用支出,施明雄,A12*******,0.00,23000.00,,,,工資或薪津,金錢,臺北市松山區****,,否,,,,,,,
56,洪士奇,111年臺北市議員選舉,首次申報,1111009,人事費用支出,滕聿富,Y12*******,0.00,25000.00,,,,工資或薪津,金錢,臺北市士林區****,,否,,,,,,,
57,洪士奇,111年臺北市議員選舉,首次申報,1111011,宣傳支出,伯國服裝有限公司,16919998,0.00,39230.00,,,,製作競選物品或宣傳廣告費用（物品名稱-請填寫）,金錢,臺中市沙鹿區****,,否,,,,,,,
58,洪士奇,111年臺北市議員選舉,首次申報,1111012,宣傳支出,立大林數位印刷有限公司,16270991,0.00,199500.00,,,,製作競選物品或宣傳廣告費用（物品名稱-請填寫）,金錢,新北市三重區****,,否,,,,,,,
59,洪士奇,111年臺北市議員選舉,首次申報,1111014,人事費用支出,相仁淦,F12*******,0.00,29600.00,,,,工資或薪津,金錢,新北市新店區****,,否,,,,,,,
60,洪士奇,111年臺北市議員選舉,首次申報,1111014,人事費用支出,欒采慈,S20*******,0.00,29600.00,,,,工資或薪津,金錢,新北市新店區****,,否,,,,,,,
61,洪士奇,111年臺北市議員選舉,首次申報,1111016,人事費用支出,施明雄,A12*******,0.00,23000.00,,,,工資或薪津,金錢,臺北市松山區****,,否,,,,,,,
62,洪士奇,111年臺北市議員選舉,首次申報,1111016,人事費用支出,滕聿富,Y12*******,0.00,25000.00,,,,工資或薪津,金錢,臺北市士林區****,,否,,,,,,,
63,洪士奇,111年臺北市議員選舉,首次申報,1111017,雜支支出,創意點子數位股份有限公司,53737417,0.00,634.00,,,,網際網路費用,金錢,臺北市內湖區****,,否,,,,,,,
64,洪士奇,111年臺北市議員選舉,首次申報,1111017,人事費用支出,王小桃,A23*******,0.00,15000.00,,,,工資或薪津,金錢,臺北市信義區****,,否,,,,,,,
65,洪士奇,111年臺北市議員選舉,首次申報,1111020,宣傳支出,樂橙創想影像工作室,54160377,0.00,12700.00,,,,製作競選物品或宣傳廣告費用（標籤號碼牌）,金錢,新北市汐止區****,,否,,,,,,,
66,洪士奇,111年臺北市議員選舉,首次申報,1111021,人事費用支出,洪秋美,Q20*******,0.00,3200.00,,,,工資或薪津,金錢,臺北市松山區****,,否,,,,,,,
67,洪士奇,111年臺北市議員選舉,首次申報,1111021,人事費用支出,黃華生,R10*******,0.00,3200.00,,,,工資或薪津,金錢,臺北市松山區****,,否,,,,,,,
68,洪士奇,111年臺北市議員選舉,首次申報,1111023,人事費用支出,施明雄,A12*******,0.00,23000.00,,,,工資或薪津,金錢,臺北市松山區****,,否,,,,,,,
69,洪士奇,111年臺北市議員選舉,首次申報,1111023,人事費用支出,滕聿富,Y12*******,0.00,25000.00,,,,工資或薪津,金錢,臺北市士林區****,,否,,,,,,,
70,洪士奇,111年臺北市議員選舉,首次申報,1111024,人事費用支出,陳東榮,A10*******,0.00,800.00,,,,工資或薪津,金錢,臺北市信義區****,,否,,,,,,,
71,洪士奇,111年臺北市議員選舉,首次申報,1111024,人事費用支出,楊宗諺,A12*******,0.00,3200.00,,,,工資或薪津,金錢,臺北市重陽路****,,否,,,,,,,
72,洪士奇,111年臺北市議員選舉,首次申報,1111024,人事費用支出,陳海定,A12*******,0.00,800.00,,,,工資或薪津,金錢,臺北市信義區****,,否,,,,,,,
73,洪士奇,111年臺北市議員選舉,首次申報,1111024,人事費用支出,潘大宇,A12*******,0.00,20000.00,,,,工資或薪津,金錢,臺北市大同區****,,否,,,,,,,
74,洪士奇,111年臺北市議員選舉,首次申報,1111024,人事費用支出,辜惠倫,A20*******,0.00,3200.00,,,,工資或薪津,金錢,臺北市松山區****,,否,,,,,,,
75,洪士奇,111年臺北市議員選舉,首次申報,1111024,人事費用支出,潘麗如,A22*******,0.00,3200.00,,,,工資或薪津,金錢,新北市三重區****,,否,,,,,,,
76,洪士奇,111年臺北市議員選舉,首次申報,1111024,人事費用支出,陳慧慈,A22*******,0.00,1600.00,,,,工資或薪津,金錢,臺北市文山區****,,否,,,,,,,
77,洪士奇,111年臺北市議員選舉,首次申報,1111024,人事費用支出,吳依婷,A23*******,0.00,1600.00,,,,工資或薪津,金錢,臺北市萬華區****,,否,,,,,,,
78,洪士奇,111年臺北市議員選舉,首次申報,1111024,人事費用支出,吳貞麟,F22*******,0.00,3200.00,,,,工資或薪津,金錢,臺北市松山區****,,否,,,,,,,
79,洪士奇,111年臺北市議員選舉,首次申報,1111024,人事費用支出,韓依蓉,F22*******,0.00,1600.00,,,,工資或薪津,金錢,臺北市松山區****,,否,,,,,,,
80,洪士奇,111年臺北市議員選舉,首次申報,1111024,人事費用支出,呂盈瑩,F22*******,0.00,1600.00,,,,工資或薪津,金錢,臺北市松山區****,,否,,,,,,,
81,洪士奇,111年臺北市議員選舉,首次申報,1111024,人事費用支出,宋家芬,F22*******,0.00,3200.00,,,,工資或薪津,金錢,新北市板橋區****,,否,,,,,,,
82,洪士奇,111年臺北市議員選舉,首次申報,1111024,人事費用支出,陳維欣,F22*******,0.00,3200.00,,,,工資或薪津,金錢,臺北市內湖區****,,否,,,,,,,
83,洪士奇,111年臺北市議員選舉,首次申報,1111024,人事費用支出,徐嬿茹,F22*******,0.00,3200.00,,,,工資或薪津,金錢,新北市新莊區****,,否,,,,,,,
84,洪士奇,111年臺北市議員選舉,首次申報,1111024,人事費用支出,林沛絃,G20*******,0.00,800.00,,,,工資或薪津,金錢,臺北市信義區****,,否,,,,,,,
85,洪士奇,111年臺北市議員選舉,首次申報,1111024,人事費用支出,林曉蘋,H22*******,0.00,3200.00,,,,工資或薪津,金錢,臺北市信義區****,,否,,,,,,,
86,洪士奇,111年臺北市議員選舉,首次申報,1111024,人事費用支出,王振叡,L12*******,0.00,3200.00,,,,工資或薪津,金錢,臺北市南港區****,,否,,,,,,,
87,洪士奇,111年臺北市議員選舉,首次申報,1111024,人事費用支出,楊琇羽,N22*******,0.00,3200.00,,,,工資或薪津,金錢,臺北市萬華區****,,否,,,,,,,
88,洪士奇,111年臺北市議員選舉,首次申報,1111024,人事費用支出,洪東華,Q12*******,0.00,3200.00,,,,工資或薪津,金錢,臺北市松山區****,,否,,,,,,,
89,洪士奇,111年臺北市議員選舉,首次申報,1111024,人事費用支出,尹衍蓉,T22*******,0.00,3200.00,,,,工資或薪津,金錢,臺北市北門郵****,,否,,,,,,,
90,洪士奇,111年臺北市議員選舉,首次申報,1111025,雜支支出,台灣電力公司,,0.00,1860.00,,,,水電瓦斯費用,金錢,臺北市松山區****,,否,,,,,,,
91,洪士奇,111年臺北市議員選舉,首次申報,1111026,雜支支出,台灣電力公司,,0.00,1982.00,,,,水電瓦斯費用,金錢,臺北市信義區****,,否,,,,,,,
92,洪士奇,111年臺北市議員選舉,首次申報,1111026,宣傳支出,吉星廣告社,87766641,0.00,92950.00,,,,郵寄競選物品或宣傳廣告費用,金錢,新北市汐止區****,,否,,,,,,,
93,洪士奇,111年臺北市議員選舉,首次申報,1111026,人事費用支出,謝中凡,T12*******,0.00,200000.00,,,,其他因工作酬勞之給付,金錢,新北市三重區****,,否,,,,,,,
94,洪士奇,111年臺北市議員選舉,首次申報,1111027,雜支支出,台新銀行內湖分行,86519539,0.00,10.00,,,,網際網路費用,金錢,臺北市內湖區****,,否,,,,,,,
95,洪士奇,111年臺北市議員選舉,首次申報,1111028,宣傳支出,樂橙創想影像工作室,54160377,0.00,47385.00,,,,製作競選物品或宣傳廣告費用（值星帶 號碼輸出 宣傳車貼圖）,金錢,新北市汐止區****,,否,,,,,,,
96,洪士奇,111年臺北市議員選舉,首次申報,1111029,集會支出,福心包子饅頭專賣店,42503222,0.00,13600.00,,,,餐飲費用,金錢,臺北市松山區****,,否,,,,,,,
97,洪士奇,111年臺北市議員選舉,首次申報,1111030,集會支出,志緯漢堡店,42347671,0.00,16100.00,,,,餐飲費用,金錢,臺北市大安區****,,否,,,,,,,
98,洪士奇,111年臺北市議員選舉,首次申報,1111030,交通旅運支出,潘大宇,A12*******,0.00,4093.00,,,,油資,金錢,臺北市大同區****,,否,,,,,,,
99,洪士奇,111年臺北市議員選舉,首次申報,1111030,人事費用支出,施明雄,A12*******,0.00,23000.00,,,,工資或薪津,金錢,臺北市松山區****,,否,,,,,,,
100,洪士奇,111年臺北市議員選舉,首次申報,1111030,人事費用支出,滕聿富,Y12*******,0.00,26000.00,,,,工資或薪津,金錢,臺北市士林區****,,否,,,,,,,
101,洪士奇,111年臺北市議員選舉,首次申報,1111031,集會支出,宏亞小吃店,,0.00,20500.00,,,,餐飲費用,金錢,臺北市松山區****,,否,,,,,,,
102,洪士奇,111年臺北市議員選舉,首次申報,1111031,雜支支出,安陽水電材料行,31332200,0.00,22000.00,,,,水電瓦斯費用,金錢,,,否,,,,,,,
103,洪士奇,111年臺北市議員選舉,首次申報,1111031,雜支支出,杏竺企業有限公司,43943493,0.00,6000.00,,,,書報雜誌費用,金錢,臺北市松山區****,,否,,,,,,,
104,洪士奇,111年臺北市議員選舉,首次申報,1111031,人事費用支出,蕭宇,A12*******,0.00,3200.00,,,,工資或薪津,金錢,臺北市南港區****,,否,,,,,,,
105,洪士奇,111年臺北市議員選舉,首次申報,1111031,人事費用支出,王聖儒,A12*******,0.00,1200.00,,,,工資或薪津,金錢,臺北市中山區****,,否,,,,,,,
106,洪士奇,111年臺北市議員選舉,首次申報,1111031,人事費用支出,辜惠倫,A20*******,0.00,9300.00,,,,工資或薪津,金錢,臺北市松山區****,,否,,,,,,,
107,洪士奇,111年臺北市議員選舉,首次申報,1111031,人事費用支出,蔡麗娟,A22*******,0.00,2400.00,,,,工資或薪津,金錢,臺北市大同區****,,否,,,,,,,
108,洪士奇,111年臺北市議員選舉,首次申報,1111031,人事費用支出,楊春華,A22*******,0.00,2400.00,,,,工資或薪津,金錢,臺北市金山南****,,否,,,,,,,
109,洪士奇,111年臺北市議員選舉,首次申報,1111031,人事費用支出,陳蓮迷,A22*******,0.00,2400.00,,,,工資或薪津,金錢,臺北市南港區****,,否,,,,,,,
110,洪士奇,111年臺北市議員選舉,首次申報,1111031,人事費用支出,陳慧慈,A22*******,0.00,3200.00,,,,工資或薪津,金錢,臺北市松山區****,,否,,,,,,,
111,洪士奇,111年臺北市議員選舉,首次申報,1111031,人事費用支出,吳依婷,A23*******,0.00,3200.00,,,,工資或薪津,金錢,臺北市松山區****,,否,,,,,,,
112,洪士奇,111年臺北市議員選舉,首次申報,1111031,人事費用支出,馮埱娟,D22*******,0.00,3200.00,,,,工資或薪津,金錢,新北市三重區****,,否,,,,,,,
113,洪士奇,111年臺北市議員選舉,首次申報,1111031,人事費用支出,倪慶麟,E12*******,0.00,3200.00,,,,工資或薪津,金錢,金門縣金寧鄉****,,否,,,,,,,
114,洪士奇,111年臺北市議員選舉,首次申報,1111031,人事費用支出,韓依蓉,F22*******,0.00,7800.00,,,,工資或薪津,金錢,臺北市松山區****,,否,,,,,,,
115,洪士奇,111年臺北市議員選舉,首次申報,1111031,人事費用支出,呂盈瑩,F22*******,0.00,3600.00,,,,工資或薪津,金錢,臺北市松山區****,,否,,,,,,,
116,洪士奇,111年臺北市議員選舉,首次申報,1111031,人事費用支出,陳維欣,F22*******,0.00,8700.00,,,,工資或薪津,金錢,臺北市內湖區****,,否,,,,,,,
117,洪士奇,111年臺北市議員選舉,首次申報,1111031,人事費用支出,駱宜伶,F22*******,0.00,3200.00,,,,工資或薪津,金錢,新北市淡水區****,,否,,,,,,,
118,洪士奇,111年臺北市議員選舉,首次申報,1111031,人事費用支出,林淑敏,F22*******,0.00,3200.00,,,,工資或薪津,金錢,新北市淡水區****,,否,,,,,,,
119,洪士奇,111年臺北市議員選舉,首次申報,1111031,人事費用支出,吳貞麟,F22*******,0.00,5200.00,,,,工資或薪津,金錢,臺北市松山區****,,否,,,,,,,
120,洪士奇,111年臺北市議員選舉,首次申報,1111031,人事費用支出,宋家芬,F22*******,0.00,9300.00,,,,工資或薪津,金錢,新北市板橋區****,,否,,,,,,,
121,洪士奇,111年臺北市議員選舉,首次申報,1111031,人事費用支出,游偉賢,G12*******,0.00,3200.00,,,,工資或薪津,金錢,新北市三重區****,,否,,,,,,,
122,洪士奇,111年臺北市議員選舉,首次申報,1111031,人事費用支出,王振叡,L12*******,0.00,3200.00,,,,工資或薪津,金錢,臺北市南港區****,,否,,,,,,,
123,洪士奇,111年臺北市議員選舉,首次申報,1111031,人事費用支出,郭妍蓁,N22*******,0.00,3200.00,,,,工資或薪津,金錢,彰化縣中山路****,,否,,,,,,,
124,洪士奇,111年臺北市議員選舉,首次申報,1111031,人事費用支出,顏惠如,N22*******,0.00,2400.00,,,,工資或薪津,金錢,新北市板橋區****,,否,,,,,,,
125,洪士奇,111年臺北市議員選舉,首次申報,1111031,人事費用支出,洪東華,Q12*******,0.00,5200.00,,,,工資或薪津,金錢,臺北市松山區****,,否,,,,,,,
126,洪士奇,111年臺北市議員選舉,首次申報,1111031,人事費用支出,洪秋美,Q20*******,0.00,12000.00,,,,工資或薪津,金錢,臺北市松山區****,,否,,,,,,,
127,洪士奇,111年臺北市議員選舉,首次申報,1111031,人事費用支出,沈鈺庭,Q22*******,0.00,5200.00,,,,工資或薪津,金錢,新北市淡水區****,,否,,,,,,,
128,洪士奇,111年臺北市議員選舉,首次申報,1111031,人事費用支出,黃華生,R10*******,0.00,12000.00,,,,工資或薪津,金錢,臺北市松山區****,,否,,,,,,,
129,洪士奇,111年臺北市議員選舉,首次申報,1111031,人事費用支出,徐高鳳,S22*******,0.00,1800.00,,,,工資或薪津,金錢,臺北市北投區****,,否,,,,,,,
130,洪士奇,111年臺北市議員選舉,首次申報,1111031,人事費用支出,劉絲怡,V22*******,0.00,3200.00,,,,工資或薪津,金錢,新北市新莊區****,,否,,,,,,,
131,洪士奇,111年臺北市議員選舉,首次申報,1111101,宣傳支出,傳神戶外媒體有限公司,27520222,0.00,250000.00,,,,播放、傳送或刊登宣傳廣告費用,金錢,臺北市文山區****,,否,,,,,,,
132,洪士奇,111年臺北市議員選舉,首次申報,1111101,人事費用支出,陳逸安,A12*******,0.00,20000.00,,,,工資或薪津,金錢,臺北市內湖區****,,否,,,,,,,
133,洪士奇,111年臺北市議員選舉,首次申報,1111101,人事費用支出,陳逸安,A12*******,0.00,30000.00,,,,工資或薪津,金錢,臺北市內湖區****,,否,,,,,,,
134,洪士奇,111年臺北市議員選舉,首次申報,1111101,人事費用支出,蘇庭暉,A12*******,0.00,30000.00,,,,工資或薪津,金錢,臺北市南港區****,,否,,,,,,,
135,洪士奇,111年臺北市議員選舉,首次申報,1111101,人事費用支出,余駿緯,A12*******,0.00,45000.00,,,,工資或薪津,金錢,桃園市龜山區****,,否,,,,,,,
136,洪士奇,111年臺北市議員選舉,首次申報,1111101,人事費用支出,潘大宇,A12*******,0.00,10000.00,,,,工資或薪津,金錢,臺北市大同區****,,否,,,,,,,
137,洪士奇,111年臺北市議員選舉,首次申報,1111101,人事費用支出,李竺軒,A12*******,0.00,30000.00,,,,工資或薪津,金錢,臺北市信義區****,,否,,,,,,,
138,洪士奇,111年臺北市議員選舉,首次申報,1111101,人事費用支出,唐未秦,A22*******,0.00,30000.00,,,,工資或薪津,金錢,臺北市內湖區****,,否,,,,,,,
139,洪士奇,111年臺北市議員選舉,首次申報,1111101,人事費用支出,王小桃,A23*******,0.00,30000.00,,,,工資或薪津,金錢,臺北市信義區****,,否,,,,,,,
140,洪士奇,111年臺北市議員選舉,首次申報,1111101,人事費用支出,王鈞鐸,C10*******,0.00,30000.00,,,,工資或薪津,金錢,臺北市信義區****,,否,,,,,,,
141,洪士奇,111年臺北市議員選舉,首次申報,1111101,人事費用支出,郭家瑋,F12*******,0.00,28000.00,,,,工資或薪津,金錢,新北市新店區****,,否,,,,,,,
142,洪士奇,111年臺北市議員選舉,首次申報,1111101,人事費用支出,謝良,F20*******,0.00,20000.00,,,,工資或薪津,金錢,臺北市信義區****,,否,,,,,,,
143,洪士奇,111年臺北市議員選舉,首次申報,1111101,人事費用支出,郭文標,K10*******,0.00,30000.00,,,,工資或薪津,金錢,臺北市信義區****,,否,,,,,,,
144,洪士奇,111年臺北市議員選舉,首次申報,1111101,人事費用支出,王怡婷,N22*******,0.00,30000.00,,,,工資或薪津,金錢,臺北市信義區****,,否,,,,,,,
145,洪士奇,111年臺北市議員選舉,首次申報,1111101,人事費用支出,謝中凡,T12*******,0.00,50000.00,,,,工資或薪津,金錢,新北市三重區****,,否,,,,,,,
146,洪士奇,111年臺北市議員選舉,首次申報,1111102,雜支支出,創意點子數位股份有限公司,53737417,0.00,978.00,,,,網際網路費用,金錢,臺北市內湖區****,,否,,,,,,,
147,洪士奇,111年臺北市議員選舉,首次申報,1111103,租用競選辦事處支出,彭文泓,A12*******,0.00,70000.00,,,,租用競選辦事處費用,金錢,臺北市松山區****,,否,,,,,,,
148,洪士奇,111年臺北市議員選舉,首次申報,1111104,雜支支出,台新銀行內湖分行,86519539,0.00,10.00,,,,網際網路費用,金錢,臺北市內湖區****,,否,,,,,,,
149,洪士奇,111年臺北市議員選舉,首次申報,1111104,人事費用支出,相仁淦,F12*******,0.00,29600.00,,,,工資或薪津,金錢,新北市新店區****,,否,,,,,,,
150,洪士奇,111年臺北市議員選舉,首次申報,1111104,人事費用支出,欒采慈,S20*******,0.00,29600.00,,,,工資或薪津,金錢,新北市新店區****,,否,,,,,,,
151,洪士奇,111年臺北市議員選舉,首次申報,1111106,人事費用支出,施明雄,A12*******,0.00,23000.00,,,,工資或薪津,金錢,臺北市松山區****,,否,,,,,,,
152,洪士奇,111年臺北市議員選舉,首次申報,1111106,人事費用支出,滕聿富,Y12*******,0.00,25000.00,,,,工資或薪津,金錢,臺北市士林區****,,否,,,,,,,
153,洪士奇,111年臺北市議員選舉,首次申報,1111107,宣傳支出,樂橙創想影像工作室,54160377,0.00,83000.00,,,,製作競選物品或宣傳廣告費用（文宣 布條 海報 數字 輸出等）,金錢,新北市汐止區****,,否,,,,,,,
154,洪士奇,111年臺北市議員選舉,首次申報,1111107,宣傳支出,吉星廣告社,87766641,0.00,16000.00,,,,郵寄競選物品或宣傳廣告費用,金錢,新北市汐止區****,,否,,,,,,,
155,洪士奇,111年臺北市議員選舉,首次申報,1111107,人事費用支出,陳東榮,A10*******,0.00,3900.00,,,,工資或薪津,金錢,臺北市信義區****,,否,,,,,,,
156,洪士奇,111年臺北市議員選舉,首次申報,1111107,人事費用支出,陳志彬,A12*******,0.00,1800.00,,,,工資或薪津,金錢,臺北市北投區****,,否,,,,,,,
157,洪士奇,111年臺北市議員選舉,首次申報,1111107,人事費用支出,張文榮,A12*******,0.00,1800.00,,,,工資或薪津,金錢,臺北市南港區****,,否,,,,,,,
158,洪士奇,111年臺北市議員選舉,首次申報,1111107,人事費用支出,余駿緯,A12*******,0.00,35000.00,,,,工資或薪津,金錢,桃園市龜山區****,,否,,,,,,,
159,洪士奇,111年臺北市議員選舉,首次申報,1111107,人事費用支出,陳昱廷,A13*******,0.00,3600.00,,,,工資或薪津,金錢,臺北市信義區****,,否,,,,,,,
160,洪士奇,111年臺北市議員選舉,首次申報,1111107,人事費用支出,陳宣翰,A13*******,0.00,3600.00,,,,工資或薪津,金錢,臺北市大同區****,,否,,,,,,,
161,洪士奇,111年臺北市議員選舉,首次申報,1111107,人事費用支出,曾伯洋,A13*******,0.00,4600.00,,,,工資或薪津,金錢,新北市三重區****,,否,,,,,,,
162,洪士奇,111年臺北市議員選舉,首次申報,1111107,人事費用支出,高慶和,A13*******,0.00,3600.00,,,,工資或薪津,金錢,新北市三重區****,,否,,,,,,,
163,洪士奇,111年臺北市議員選舉,首次申報,1111107,人事費用支出,辜惠倫,A20*******,0.00,5800.00,,,,工資或薪津,金錢,臺北市松山區****,,否,,,,,,,
164,洪士奇,111年臺北市議員選舉,首次申報,1111107,人事費用支出,王來美,A22*******,0.00,3000.00,,,,工資或薪津,金錢,臺北市中山區****,,否,,,,,,,
165,洪士奇,111年臺北市議員選舉,首次申報,1111107,人事費用支出,張美華,A22*******,0.00,5400.00,,,,工資或薪津,金錢,桃園市桃園區****,,否,,,,,,,
166,洪士奇,111年臺北市議員選舉,首次申報,1111107,人事費用支出,張慧玫,A22*******,0.00,2100.00,,,,工資或薪津,金錢,臺北市南港區****,,否,,,,,,,
167,洪士奇,111年臺北市議員選舉,首次申報,1111107,人事費用支出,張瑜庭,A23*******,0.00,5400.00,,,,工資或薪津,金錢,桃園市桃園區****,,否,,,,,,,
168,洪士奇,111年臺北市議員選舉,首次申報,1111107,人事費用支出,彭愛菊,A29*******,0.00,4500.00,,,,工資或薪津,金錢,臺北市信義區****,,否,,,,,,,
169,洪士奇,111年臺北市議員選舉,首次申報,1111107,人事費用支出,洪俊烜,E12*******,0.00,3600.00,,,,工資或薪津,金錢,臺北市萬華區****,,否,,,,,,,
170,洪士奇,111年臺北市議員選舉,首次申報,1111107,人事費用支出,邢靜,E22*******,0.00,1800.00,,,,工資或薪津,金錢,臺北市內湖區****,,否,,,,,,,
171,洪士奇,111年臺北市議員選舉,首次申報,1111107,人事費用支出,張銀寶,F12*******,0.00,5400.00,,,,工資或薪津,金錢,桃園市桃園區****,,否,,,,,,,
172,洪士奇,111年臺北市議員選舉,首次申報,1111107,人事費用支出,彭家弘,F12*******,0.00,6600.00,,,,工資或薪津,金錢,新北市板橋區****,,否,,,,,,,
173,洪士奇,111年臺北市議員選舉,首次申報,1111107,人事費用支出,王禹傑,F12*******,0.00,6800.00,,,,工資或薪津,金錢,桃園市龜山區****,,否,,,,,,,
174,洪士奇,111年臺北市議員選舉,首次申報,1111107,人事費用支出,張中仁,F12*******,0.00,3600.00,,,,工資或薪津,金錢,新北市中和區****,,否,,,,,,,
175,洪士奇,111年臺北市議員選舉,首次申報,1111107,人事費用支出,彭茂霖,F12*******,0.00,3600.00,,,,工資或薪津,金錢,新北市板橋區****,,否,,,,,,,
176,洪士奇,111年臺北市議員選舉,首次申報,1111107,人事費用支出,董秉紘,F13*******,0.00,3600.00,,,,工資或薪津,金錢,新北市板橋區****,,否,,,,,,,
177,洪士奇,111年臺北市議員選舉,首次申報,1111107,人事費用支出,董秉紘,F13*******,0.00,3900.00,,,,工資或薪津,金錢,新北市板橋區****,,否,,,,,,,
178,洪士奇,111年臺北市議員選舉,首次申報,1111107,人事費用支出,林聖軒,F13*******,0.00,3600.00,,,,工資或薪津,金錢,新北市板橋區****,,否,,,,,,,
179,洪士奇,111年臺北市議員選舉,首次申報,1111107,人事費用支出,高閎楷,F13*******,0.00,3600.00,,,,工資或薪津,金錢,新北龍街巷號****,,否,,,,,,,
180,洪士奇,111年臺北市議員選舉,首次申報,1111107,人事費用支出,王順吉,F13*******,0.00,3600.00,,,,工資或薪津,金錢,新北市板橋區****,,否,,,,,,,
181,洪士奇,111年臺北市議員選舉,首次申報,1111107,人事費用支出,王辛育,F13*******,0.00,3600.00,,,,工資或薪津,金錢,新北市板橋區****,,否,,,,,,,
182,洪士奇,111年臺北市議員選舉,首次申報,1111107,人事費用支出,簡嘉宸,F13*******,0.00,3600.00,,,,工資或薪津,金錢,新北市板橋區****,,否,,,,,,,
183,洪士奇,111年臺北市議員選舉,首次申報,1111107,人事費用支出,謝明澔,F13*******,0.00,3600.00,,,,工資或薪津,金錢,新北市板橋區****,,否,,,,,,,
184,洪士奇,111年臺北市議員選舉,首次申報,1111107,人事費用支出,呂振弘,F13*******,0.00,3600.00,,,,工資或薪津,金錢,新北市泰山區****,,否,,,,,,,
185,洪士奇,111年臺北市議員選舉,首次申報,1111107,人事費用支出,蔡慶中,F13*******,0.00,4500.00,,,,工資或薪津,金錢,新北市板橋區****,,否,,,,,,,
186,洪士奇,111年臺北市議員選舉,首次申報,1111107,人事費用支出,蔡慶南,F13*******,0.00,5300.00,,,,工資或薪津,金錢,新北市板橋區****,,否,,,,,,,
187,洪士奇,111年臺北市議員選舉,首次申報,1111107,人事費用支出,陳建達,F13*******,0.00,4700.00,,,,工資或薪津,金錢,新北市板橋區****,,否,,,,,,,
188,洪士奇,111年臺北市議員選舉,首次申報,1111107,人事費用支出,羅丞佑,F13*******,0.00,2500.00,,,,工資或薪津,金錢,新北市土城區****,,否,,,,,,,
189,洪士奇,111年臺北市議員選舉,首次申報,1111107,人事費用支出,徐榮廷,F13*******,0.00,2500.00,,,,工資或薪津,金錢,新北市土城區****,,否,,,,,,,
190,洪士奇,111年臺北市議員選舉,首次申報,1111107,人事費用支出,林芊融,F13*******,0.00,2500.00,,,,工資或薪津,金錢,新北市土城區****,,否,,,,,,,
191,洪士奇,111年臺北市議員選舉,首次申報,1111107,人事費用支出,黃永昌,F17*******,0.00,3600.00,,,,工資或薪津,金錢,新北市板橋區****,,否,,,,,,,
192,洪士奇,111年臺北市議員選舉,首次申報,1111107,人事費用支出,李美瑩,F22*******,0.00,3200.00,,,,工資或薪津,金錢,臺北市中山區****,,否,,,,,,,
193,洪士奇,111年臺北市議員選舉,首次申報,1111107,人事費用支出,韓依蓉,F22*******,0.00,1400.00,,,,工資或薪津,金錢,臺北市松山區****,,否,,,,,,,
194,洪士奇,111年臺北市議員選舉,首次申報,1111107,人事費用支出,呂盈瑩,F22*******,0.00,1600.00,,,,工資或薪津,金錢,臺北市松山區****,,否,,,,,,,
195,洪士奇,111年臺北市議員選舉,首次申報,1111107,人事費用支出,林宥妍,F22*******,0.00,5000.00,,,,工資或薪津,金錢,長江路一段一****,,否,,,,,,,
196,洪士奇,111年臺北市議員選舉,首次申報,1111107,人事費用支出,宋家芬,F22*******,0.00,15000.00,,,,工資或薪津,金錢,新北市板橋區****,,否,,,,,,,
197,洪士奇,111年臺北市議員選舉,首次申報,1111107,人事費用支出,魏立佳,G12*******,0.00,3600.00,,,,工資或薪津,金錢,新北市三重區****,,否,,,,,,,
198,洪士奇,111年臺北市議員選舉,首次申報,1111107,人事費用支出,曾慧蓮,G22*******,0.00,4800.00,,,,工資或薪津,金錢,臺北市信義區****,,否,,,,,,,
199,洪士奇,111年臺北市議員選舉,首次申報,1111107,人事費用支出,林煜翔,H12*******,0.00,4800.00,,,,工資或薪津,金錢,新北市板橋區****,,否,,,,,,,
200,洪士奇,111年臺北市議員選舉,首次申報,1111107,人事費用支出,曾德隆,H12*******,0.00,3600.00,,,,工資或薪津,金錢,新北市三重區****,,否,,,,,,,
201,洪士奇,111年臺北市議員選舉,首次申報,1111107,人事費用支出,許庭榛,H22*******,0.00,5400.00,,,,工資或薪津,金錢,桃園市桃園區****,,否,,,,,,,
202,洪士奇,111年臺北市議員選舉,首次申報,1111107,人事費用支出,許庭瑜,H22*******,0.00,5400.00,,,,工資或薪津,金錢,桃園市桃園區****,,否,,,,,,,
203,洪士奇,111年臺北市議員選舉,首次申報,1111107,人事費用支出,葉仕郎,K12*******,0.00,1800.00,,,,工資或薪津,金錢,臺北市內湖區****,,否,,,,,,,
204,洪士奇,111年臺北市議員選舉,首次申報,1111107,人事費用支出,王慶祥,M12*******,0.00,3900.00,,,,工資或薪津,金錢,臺北市內湖區****,,否,,,,,,,
205,洪士奇,111年臺北市議員選舉,首次申報,1111107,人事費用支出,蔡昇維,M12*******,0.00,7500.00,,,,工資或薪津,金錢,新北市板橋區****,,否,,,,,,,
206,洪士奇,111年臺北市議員選舉,首次申報,1111107,人事費用支出,王怡婷,N22*******,0.00,2400.00,,,,工資或薪津,金錢,臺北市信義區****,,否,,,,,,,
207,洪士奇,111年臺北市議員選舉,首次申報,1111107,人事費用支出,程珮荃,S22*******,0.00,3600.00,,,,工資或薪津,金錢,臺北市內湖區****,,否,,,,,,,
208,洪士奇,111年臺北市議員選舉,首次申報,1111107,人事費用支出,蘇慧瑩,T22*******,0.00,6400.00,,,,工資或薪津,金錢,臺北市松山區****,,否,,,,,,,
209,洪士奇,111年臺北市議員選舉,首次申報,1111107,人事費用支出,張哲豪,U12*******,0.00,3600.00,,,,工資或薪津,金錢,新北市蘆洲區****,,否,,,,,,,
210,洪士奇,111年臺北市議員選舉,首次申報,1111107,人事費用支出,劉敬銘,Y12*******,0.00,1800.00,,,,工資或薪津,金錢,臺北市士林區****,,否,,,,,,,
211,洪士奇,111年臺北市議員選舉,首次申報,1111110,宣傳支出,拓德創意廣告有限公司,90510969,0.00,180000.00,,,,播放、傳送或刊登宣傳廣告費用,金錢,臺北市文山區****,,否,,,,,,,
212,洪士奇,111年臺北市議員選舉,首次申報,1111111,宣傳支出,台北流行廣播股份有限公司,89469581,0.00,50000.00,,,,播放、傳送或刊登宣傳廣告費用,金錢,臺北市中正區****,,否,,,,,,,
213,洪士奇,111年臺北市議員選舉,首次申報,1111111,人事費用支出,相仁淦,F12*******,0.00,29600.00,,,,工資或薪津,金錢,新北市新店區****,,否,,,,,,,
214,洪士奇,111年臺北市議員選舉,首次申報,1111111,人事費用支出,欒采慈,S20*******,0.00,29600.00,,,,工資或薪津,金錢,新北市新店區****,,否,,,,,,,
215,洪士奇,111年臺北市議員選舉,首次申報,1111113,人事費用支出,施明雄,A12*******,0.00,23000.00,,,,工資或薪津,金錢,臺北市松山區****,,否,,,,,,,
216,洪士奇,111年臺北市議員選舉,首次申報,1111113,人事費用支出,滕聿富,Y12*******,0.00,25000.00,,,,工資或薪津,金錢,臺北市士林區****,,否,,,,,,,
217,洪士奇,111年臺北市議員選舉,首次申報,1111114,人事費用支出,陳東榮,A10*******,0.00,1500.00,,,,工資或薪津,金錢,臺北市信義區****,,否,,,,,,,
218,洪士奇,111年臺北市議員選舉,首次申報,1111114,人事費用支出,陳志彬,A12*******,0.00,1000.00,,,,工資或薪津,金錢,臺北市北投區****,,否,,,,,,,
219,洪士奇,111年臺北市議員選舉,首次申報,1111114,人事費用支出,李祐廷,A13*******,0.00,1600.00,,,,工資或薪津,金錢,臺北市南港區****,,否,,,,,,,
220,洪士奇,111年臺北市議員選舉,首次申報,1111114,人事費用支出,李祐銓,A13*******,0.00,1800.00,,,,工資或薪津,金錢,臺北市南港區****,,否,,,,,,,
221,洪士奇,111年臺北市議員選舉,首次申報,1111114,人事費用支出,王言恩,A13*******,0.00,1600.00,,,,工資或薪津,金錢,臺北市南港區****,,否,,,,,,,
222,洪士奇,111年臺北市議員選舉,首次申報,1111114,人事費用支出,梁瀞文,A20*******,0.00,800.00,,,,工資或薪津,金錢,臺北市松山區****,,否,,,,,,,
223,洪士奇,111年臺北市議員選舉,首次申報,1111114,人事費用支出,辜惠倫,A20*******,0.00,5300.00,,,,工資或薪津,金錢,臺北市松山區****,,否,,,,,,,
224,洪士奇,111年臺北市議員選舉,首次申報,1111114,人事費用支出,王來美,A22*******,0.00,3600.00,,,,工資或薪津,金錢,臺北市中山區****,,否,,,,,,,
225,洪士奇,111年臺北市議員選舉,首次申報,1111114,人事費用支出,張美華,A22*******,0.00,5400.00,,,,工資或薪津,金錢,桃園市桃園區****,,否,,,,,,,
226,洪士奇,111年臺北市議員選舉,首次申報,1111114,人事費用支出,高采彤,A22*******,0.00,2300.00,,,,工資或薪津,金錢,臺北市信義區****,,否,,,,,,,
227,洪士奇,111年臺北市議員選舉,首次申報,1111114,人事費用支出,張慧玫,A22*******,0.00,1000.00,,,,工資或薪津,金錢,臺北市南港區****,,否,,,,,,,
228,洪士奇,111年臺北市議員選舉,首次申報,1111114,人事費用支出,王小桃,A23*******,0.00,1600.00,,,,工資或薪津,金錢,臺北市信義區****,,否,,,,,,,
229,洪士奇,111年臺北市議員選舉,首次申報,1111114,人事費用支出,張瑜庭,A23*******,0.00,5400.00,,,,工資或薪津,金錢,桃園市桃園區****,,否,,,,,,,
230,洪士奇,111年臺北市議員選舉,首次申報,1111114,人事費用支出,彭愛菊,A29*******,0.00,3000.00,,,,工資或薪津,金錢,臺北市信義區****,,否,,,,,,,
231,洪士奇,111年臺北市議員選舉,首次申報,1111114,人事費用支出,張銀寶,F12*******,0.00,5400.00,,,,工資或薪津,金錢,桃園市桃園區****,,否,,,,,,,
232,洪士奇,111年臺北市議員選舉,首次申報,1111114,人事費用支出,尤挺宇,F12*******,0.00,800.00,,,,工資或薪津,金錢,新北市三重區****,,否,,,,,,,
233,洪士奇,111年臺北市議員選舉,首次申報,1111114,人事費用支出,黃睿安,F13*******,0.00,1600.00,,,,工資或薪津,金錢,新北市汐止區****,,否,,,,,,,
234,洪士奇,111年臺北市議員選舉,首次申報,1111114,人事費用支出,陳建達,F13*******,0.00,1100.00,,,,工資或薪津,金錢,新北市板橋區****,,否,,,,,,,
235,洪士奇,111年臺北市議員選舉,首次申報,1111114,人事費用支出,蔡慶南,F13*******,0.00,2800.00,,,,工資或薪津,金錢,新北市板橋區****,,否,,,,,,,
236,洪士奇,111年臺北市議員選舉,首次申報,1111114,人事費用支出,董秉紘,F13*******,0.00,1700.00,,,,工資或薪津,金錢,新北市板橋區****,,否,,,,,,,
237,洪士奇,111年臺北市議員選舉,首次申報,1111114,人事費用支出,董秉紘,F13*******,0.00,2300.00,,,,工資或薪津,金錢,新北市板橋區****,,否,,,,,,,
238,洪士奇,111年臺北市議員選舉,首次申報,1111114,人事費用支出,劉祖浩,F13*******,0.00,1600.00,,,,工資或薪津,金錢,新北市汐止區****,,否,,,,,,,
239,洪士奇,111年臺北市議員選舉,首次申報,1111114,人事費用支出,吳貞麟,F22*******,0.00,9200.00,,,,工資或薪津,金錢,臺北市松山區****,,否,,,,,,,
240,洪士奇,111年臺北市議員選舉,首次申報,1111114,人事費用支出,宋家芬,F22*******,0.00,6800.00,,,,工資或薪津,金錢,新北市板橋區****,,否,,,,,,,
241,洪士奇,111年臺北市議員選舉,首次申報,1111114,人事費用支出,曾慧蓮,G22*******,0.00,9000.00,,,,工資或薪津,金錢,臺北市信義區****,,否,,,,,,,
242,洪士奇,111年臺北市議員選舉,首次申報,1111114,人事費用支出,林煜翔,H12*******,0.00,500.00,,,,工資或薪津,金錢,新北市板橋區****,,否,,,,,,,
243,洪士奇,111年臺北市議員選舉,首次申報,1111114,人事費用支出,許庭瑜,H22*******,0.00,5400.00,,,,工資或薪津,金錢,桃園市桃園區****,,否,,,,,,,
244,洪士奇,111年臺北市議員選舉,首次申報,1111114,人事費用支出,許庭榛,H22*******,0.00,5400.00,,,,工資或薪津,金錢,桃園市桃園區****,,否,,,,,,,
245,洪士奇,111年臺北市議員選舉,首次申報,1111114,人事費用支出,王慶祥,M12*******,0.00,500.00,,,,工資或薪津,金錢,臺北市內湖區****,,否,,,,,,,
246,洪士奇,111年臺北市議員選舉,首次申報,1111114,人事費用支出,洪東華,Q12*******,0.00,11600.00,,,,工資或薪津,金錢,臺北市松山區****,,否,,,,,,,
247,洪士奇,111年臺北市議員選舉,首次申報,1111114,人事費用支出,洪秋美,Q20*******,0.00,8400.00,,,,工資或薪津,金錢,臺北市松山區****,,否,,,,,,,
248,洪士奇,111年臺北市議員選舉,首次申報,1111114,人事費用支出,黃華生,R10*******,0.00,9800.00,,,,工資或薪津,金錢,臺北市松山區****,,否,,,,,,,
249,洪士奇,111年臺北市議員選舉,首次申報,1111114,人事費用支出,蘇慧瑩,T22*******,0.00,7300.00,,,,工資或薪津,金錢,臺北市松山區****,,否,,,,,,,
250,洪士奇,111年臺北市議員選舉,首次申報,1111115,集會支出,百福農產健康店,,0.00,13500.00,,,,餐飲費用,金錢,臺北市松山區****,,否,,,,,,,
251,洪士奇,111年臺北市議員選舉,首次申報,1111115,集會支出,福心包子饅頭專賣店,42503222,0.00,4800.00,,,,餐飲費用,金錢,臺北市松山區****,,否,,,,,,,
252,洪士奇,111年臺北市議員選舉,首次申報,1111115,宣傳支出,飛碟廣播股份有限公司,96954150,0.00,28000.00,,,,播放、傳送或刊登宣傳廣告費用,金錢,臺北市羅斯福****,,否,,,,,,,
253,洪士奇,111年臺北市議員選舉,首次申報,1111115,人事費用支出,蘇庭暉,A12*******,0.00,20000.00,,,,工資或薪津,金錢,臺北市南港區****,,否,,,,,,,
254,洪士奇,111年臺北市議員選舉,首次申報,1111116,宣傳支出,翠克數位行銷有限公司,24704660,0.00,150000.00,,,,播放、傳送或刊登宣傳廣告費用,金錢,臺北市中山區****,,否,,,,,,,
255,洪士奇,111年臺北市議員選舉,首次申報,1111116,人事費用支出,呂泳霖,A12*******,0.00,1000.00,,,,工資或薪津,金錢,臺北市松山區****,,否,,,,,,,
256,洪士奇,111年臺北市議員選舉,首次申報,1111116,人事費用支出,邱雲珠,A20*******,0.00,1400.00,,,,工資或薪津,金錢,臺北市內湖區****,,否,,,,,,,
257,洪士奇,111年臺北市議員選舉,首次申報,1111116,人事費用支出,吳治琳,A22*******,0.00,1400.00,,,,工資或薪津,金錢,臺北市松山區****,,否,,,,,,,
258,洪士奇,111年臺北市議員選舉,首次申報,1111116,人事費用支出,許涵婷,A22*******,0.00,1800.00,,,,工資或薪津,金錢,彰化縣埤頭鄉****,,否,,,,,,,
259,洪士奇,111年臺北市議員選舉,首次申報,1111116,人事費用支出,馬秋惠,A22*******,0.00,3600.00,,,,工資或薪津,金錢,臺北市南港區****,,否,,,,,,,
260,洪士奇,111年臺北市議員選舉,首次申報,1111116,人事費用支出,倪慶麟,E12*******,0.00,1200.00,,,,工資或薪津,金錢,金門縣金寧鄉****,,否,,,,,,,
261,洪士奇,111年臺北市議員選舉,首次申報,1111116,人事費用支出,王懷慶,F12*******,0.00,2500.00,,,,工資或薪津,金錢,新北市新店區****,,否,,,,,,,
262,洪士奇,111年臺北市議員選舉,首次申報,1111116,人事費用支出,王甄,F22*******,0.00,2500.00,,,,工資或薪津,金錢,新北市三重區****,,否,,,,,,,
263,洪士奇,111年臺北市議員選舉,首次申報,1111116,人事費用支出,蘇佩玲,F22*******,0.00,3600.00,,,,工資或薪津,金錢,臺北市文山區****,,否,,,,,,,
264,洪士奇,111年臺北市議員選舉,首次申報,1111116,人事費用支出,呂盈瑩,F22*******,0.00,2400.00,,,,工資或薪津,金錢,臺北市松山區****,,否,,,,,,,
265,洪士奇,111年臺北市議員選舉,首次申報,1111116,人事費用支出,韓依蓉,F22*******,0.00,2600.00,,,,工資或薪津,金錢,臺北市松山區****,,否,,,,,,,
266,洪士奇,111年臺北市議員選舉,首次申報,1111116,人事費用支出,薛婉如,P22*******,0.00,4800.00,,,,工資或薪津,金錢,新北市汐止區****,,否,,,,,,,
267,洪士奇,111年臺北市議員選舉,首次申報,1111117,宣傳支出,樂橙創想影像工作室,54160377,0.00,35000.00,,,,製作競選物品或宣傳廣告費用（車貼）,金錢,新北市汐止區****,,否,,,,,,,
268,洪士奇,111年臺北市議員選舉,首次申報,1111118,人事費用支出,相仁淦,F12*******,0.00,29600.00,,,,工資或薪津,金錢,新北市新店區****,,否,,,,,,,
269,洪士奇,111年臺北市議員選舉,首次申報,1111118,人事費用支出,欒采慈,S20*******,0.00,25900.00,,,,工資或薪津,金錢,新北市新店區****,,否,,,,,,,
270,洪士奇,111年臺北市議員選舉,首次申報,1111119,集會支出,八噗食堂,31956726,0.00,9800.00,,,,餐飲費用,金錢,臺北市松山區****,,否,,,,,,,
271,洪士奇,111年臺北市議員選舉,首次申報,1111119,宣傳支出,吉星廣告社,87766641,0.00,40800.00,,,,郵寄競選物品或宣傳廣告費用,金錢,新北市汐止區****,,否,,,,,,,
272,洪士奇,111年臺北市議員選舉,首次申報,1111120,集會支出,宏亞小吃店,42508253,0.00,8100.00,,,,餐飲費用,金錢,臺北市松山區****,,否,,,,,,,
273,洪士奇,111年臺北市議員選舉,首次申報,1111121,宣傳支出,人人廣播股份有限公司,84966081,0.00,30000.00,,,,播放、傳送或刊登宣傳廣告費用,金錢,臺北市松山區****,,否,,,,,,,
274,洪士奇,111年臺北市議員選舉,首次申報,1111121,人事費用支出,潘培哲,A13*******,0.00,1600.00,,,,工資或薪津,金錢,臺北市北投區****,,否,,,,,,,
275,洪士奇,111年臺北市議員選舉,首次申報,1111121,人事費用支出,高培恩,A13*******,0.00,3200.00,,,,工資或薪津,金錢,臺北市信義區****,,否,,,,,,,
276,洪士奇,111年臺北市議員選舉,首次申報,1111121,人事費用支出,楊軒宇,A13*******,0.00,1600.00,,,,工資或薪津,金錢,臺北市北投區****,,否,,,,,,,
277,洪士奇,111年臺北市議員選舉,首次申報,1111121,人事費用支出,李俊憲,A13*******,0.00,1500.00,,,,工資或薪津,金錢,臺北市內湖區****,,否,,,,,,,
278,洪士奇,111年臺北市議員選舉,首次申報,1111121,人事費用支出,李祐廷,A13*******,0.00,2600.00,,,,工資或薪津,金錢,臺北市南港區****,,否,,,,,,,
279,洪士奇,111年臺北市議員選舉,首次申報,1111121,人事費用支出,王言恩,A13*******,0.00,1200.00,,,,工資或薪津,金錢,臺北市南港區****,,否,,,,,,,
280,洪士奇,111年臺北市議員選舉,首次申報,1111121,人事費用支出,辜惠倫,A20*******,0.00,600.00,,,,工資或薪津,金錢,臺北市松山區****,,否,,,,,,,
281,洪士奇,111年臺北市議員選舉,首次申報,1111121,人事費用支出,王來美,A22*******,0.00,5000.00,,,,工資或薪津,金錢,臺北市中山區****,,否,,,,,,,
282,洪士奇,111年臺北市議員選舉,首次申報,1111121,人事費用支出,高采彤,A22*******,0.00,2400.00,,,,工資或薪津,金錢,臺北市信義區****,,否,,,,,,,
283,洪士奇,111年臺北市議員選舉,首次申報,1111121,人事費用支出,馬秋惠,A22*******,0.00,2800.00,,,,工資或薪津,金錢,臺北市南港區****,,否,,,,,,,
284,洪士奇,111年臺北市議員選舉,首次申報,1111121,人事費用支出,吳亞玲,A22*******,0.00,32500.00,,,,工資或薪津,金錢,臺北市信義區****,,否,,,,,,,
285,洪士奇,111年臺北市議員選舉,首次申報,1111121,人事費用支出,劉祖浩,F13*******,0.00,1600.00,,,,工資或薪津,金錢,新北市汐止區****,,否,,,,,,,
286,洪士奇,111年臺北市議員選舉,首次申報,1111121,人事費用支出,洪宇倫,F13*******,0.00,1500.00,,,,工資或薪津,金錢,臺北市松山區****,,否,,,,,,,
287,洪士奇,111年臺北市議員選舉,首次申報,1111121,人事費用支出,李美瑩,F22*******,0.00,700.00,,,,工資或薪津,金錢,臺北市中山區****,,否,,,,,,,
288,洪士奇,111年臺北市議員選舉,首次申報,1111121,人事費用支出,韓依蓉,F22*******,0.00,800.00,,,,工資或薪津,金錢,臺北市松山區****,,否,,,,,,,
289,洪士奇,111年臺北市議員選舉,首次申報,1111121,人事費用支出,吳貞麟,F22*******,0.00,9100.00,,,,工資或薪津,金錢,臺北市松山區****,,否,,,,,,,
290,洪士奇,111年臺北市議員選舉,首次申報,1111121,人事費用支出,宋家芬,F22*******,0.00,6000.00,,,,工資或薪津,金錢,新北市板橋區****,,否,,,,,,,
291,洪士奇,111年臺北市議員選舉,首次申報,1111121,人事費用支出,曾慧蓮,G22*******,0.00,10400.00,,,,工資或薪津,金錢,臺北市信義區****,,否,,,,,,,
292,洪士奇,111年臺北市議員選舉,首次申報,1111121,人事費用支出,薛婉如,P22*******,0.00,2400.00,,,,工資或薪津,金錢,新北市汐止區****,,否,,,,,,,
293,洪士奇,111年臺北市議員選舉,首次申報,1111121,人事費用支出,洪東華,Q12*******,0.00,9100.00,,,,工資或薪津,金錢,臺北市松山區****,,否,,,,,,,
294,洪士奇,111年臺北市議員選舉,首次申報,1111121,人事費用支出,洪秋美,Q20*******,0.00,7500.00,,,,工資或薪津,金錢,臺北市松山區****,,否,,,,,,,
295,洪士奇,111年臺北市議員選舉,首次申報,1111121,人事費用支出,黃華生,R10*******,0.00,7600.00,,,,工資或薪津,金錢,臺北市松山區****,,否,,,,,,,
296,洪士奇,111年臺北市議員選舉,首次申報,1111121,人事費用支出,蘇慧瑩,T22*******,0.00,5800.00,,,,工資或薪津,金錢,臺北市松山區****,,否,,,,,,,
297,洪士奇,111年臺北市議員選舉,首次申報,1111121,人事費用支出,許曉雯,U22*******,0.00,4300.00,,,,工資或薪津,金錢,臺北市信義區****,,否,,,,,,,
298,洪士奇,111年臺北市議員選舉,首次申報,1111122,人事費用支出,謝中凡,T12*******,0.00,50000.00,,,,工資或薪津,金錢,新北市三重區****,,否,,,,,,,
299,洪士奇,111年臺北市議員選舉,首次申報,1111122,人事費用支出,謝中凡,T12*******,0.00,50000.00,,,,其他因工作酬勞之給付,金錢,新北市三重區****,,否,,,,,,,
300,洪士奇,111年臺北市議員選舉,首次申報,1111123,宣傳支出,翠克數位行銷有限公司,24704660,0.00,40000.00,,,,播放、傳送或刊登宣傳廣告費用,金錢,臺北市中山區****,,否,,,,,,,
301,洪士奇,111年臺北市議員選舉,首次申報,1111123,人事費用支出,施明雄,A12*******,0.00,41700.00,,,,工資或薪津,金錢,臺北市松山區****,,否,,,,,,,
302,洪士奇,111年臺北市議員選舉,首次申報,1111124,宣傳支出,吉星廣告社,87766641,0.00,92950.00,,,,郵寄競選物品或宣傳廣告費用,金錢,新北市汐止區****,,否,,,,,,,
303,洪士奇,111年臺北市議員選舉,首次申報,1111125,集會支出,志緯漢堡店,42347671,0.00,12100.00,,,,餐飲費用,金錢,臺北市大安區****,,否,,,,,,,
304,洪士奇,111年臺北市議員選舉,首次申報,1111125,集會支出,福心包子饅頭專賣店,42503222,0.00,4800.00,,,,餐飲費用,金錢,臺北市松山區****,,否,,,,,,,
305,洪士奇,111年臺北市議員選舉,首次申報,1111125,雜支支出,創意點子數位股份有限公司,53737417,0.00,967.00,,,,網際網路費用,金錢,臺北市內湖區****,,否,,,,,,,
306,洪士奇,111年臺北市議員選舉,首次申報,1111125,宣傳支出,樂橙創想影像工作室,54160377,0.00,36530.00,,,,製作競選物品或宣傳廣告費用（文宣 車體外包）,金錢,新北市汐止區****,,否,,,,,,,
307,洪士奇,111年臺北市議員選舉,首次申報,1111125,雜支支出,台新銀行內湖分行,86519539,0.00,10.00,,,,網際網路費用,金錢,臺北市內湖區****,,否,,,,,,,
308,洪士奇,111年臺北市議員選舉,首次申報,1111125,交通旅運支出,潘大宇,A12*******,0.00,10871.00,,,,油資,金錢,臺北市大同區****,,否,,,,,,,
309,洪士奇,111年臺北市議員選舉,首次申報,1111125,人事費用支出,施嘉怡,A22*******,0.00,30000.00,,,,工資或薪津,金錢,新北市土城區****,,否,,,,,,,
310,洪士奇,111年臺北市議員選舉,首次申報,1111125,人事費用支出,相仁淦,F12*******,0.00,31600.00,,,,工資或薪津,金錢,新北市新店區****,,否,,,,,,,
311,洪士奇,111年臺北市議員選舉,首次申報,1111125,人事費用支出,欒采慈,S20*******,0.00,31600.00,,,,工資或薪津,金錢,新北市新店區****,,否,,,,,,,
312,洪士奇,111年臺北市議員選舉,首次申報,1111127,人事費用支出,彭愛菊,A29*******,0.00,13500.00,,,,工資或薪津,金錢,臺北市信義區****,,否,,,,,,,
313,洪士奇,111年臺北市議員選舉,首次申報,1111128,雜支支出,台灣電力公司,,0.00,8817.00,,,,水電瓦斯費用,金錢,臺北市松山區****,,否,,,,,,,
314,洪士奇,111年臺北市議員選舉,首次申報,1111128,雜支支出,中華電信股份有限公司,,0.00,7570.00,,,,水電瓦斯費用,金錢,臺北市松山區****,,否,,,,,,,
315,洪士奇,111年臺北市議員選舉,首次申報,1111128,人事費用支出,蘇庭暉,A12*******,0.00,28000.00,,,,工資或薪津,金錢,臺北市南港區****,,否,,,,,,,
316,洪士奇,111年臺北市議員選舉,首次申報,1111128,人事費用支出,潘大宇,A12*******,0.00,30000.00,,,,工資或薪津,金錢,臺北市大同區****,,否,,,,,,,
317,洪士奇,111年臺北市議員選舉,首次申報,1111128,人事費用支出,施明雄,A12*******,0.00,21000.00,,,,工資或薪津,金錢,臺北市松山區****,,否,,,,,,,
318,洪士奇,111年臺北市議員選舉,首次申報,1111128,人事費用支出,李竺軒,A12*******,0.00,30000.00,,,,工資或薪津,金錢,臺北市信義區****,,否,,,,,,,
319,洪士奇,111年臺北市議員選舉,首次申報,1111128,人事費用支出,余駿緯,A12*******,0.00,45000.00,,,,工資或薪津,金錢,桃園市龜山區****,,否,,,,,,,
320,洪士奇,111年臺北市議員選舉,首次申報,1111128,人事費用支出,李俊憲,A13*******,0.00,800.00,,,,工資或薪津,金錢,臺北市內湖區****,,否,,,,,,,
321,洪士奇,111年臺北市議員選舉,首次申報,1111128,人事費用支出,潘培哲,A13*******,0.00,1600.00,,,,工資或薪津,金錢,臺北市北投區****,,否,,,,,,,
322,洪士奇,111年臺北市議員選舉,首次申報,1111128,人事費用支出,楊軒宇,A13*******,0.00,1600.00,,,,工資或薪津,金錢,臺北市北投區****,,否,,,,,,,
323,洪士奇,111年臺北市議員選舉,首次申報,1111128,人事費用支出,吳亞玲,A22*******,0.00,30000.00,,,,工資或薪津,金錢,臺北市信義區****,,否,,,,,,,
324,洪士奇,111年臺北市議員選舉,首次申報,1111128,人事費用支出,林佳儀,A22*******,0.00,22000.00,,,,工資或薪津,金錢,臺北市信義區****,,否,,,,,,,
325,洪士奇,111年臺北市議員選舉,首次申報,1111128,人事費用支出,王小桃,A23*******,0.00,30000.00,,,,工資或薪津,金錢,臺北市信義區****,,否,,,,,,,
326,洪士奇,111年臺北市議員選舉,首次申報,1111128,人事費用支出,王小桃,A23*******,0.00,2400.00,,,,工資或薪津,金錢,臺北市信義區****,,否,,,,,,,
327,洪士奇,111年臺北市議員選舉,首次申報,1111128,人事費用支出,郭家瑋,F12*******,0.00,30000.00,,,,工資或薪津,金錢,新北市新店區****,,否,,,,,,,
328,洪士奇,111年臺北市議員選舉,首次申報,1111128,人事費用支出,劉祖浩,F13*******,0.00,1600.00,,,,工資或薪津,金錢,新北市汐止區****,,否,,,,,,,
329,洪士奇,111年臺北市議員選舉,首次申報,1111128,人事費用支出,洪宇倫,F13*******,0.00,800.00,,,,工資或薪津,金錢,臺北市松山區****,,否,,,,,,,
330,洪士奇,111年臺北市議員選舉,首次申報,1111128,人事費用支出,李美瑩,F22*******,0.00,1200.00,,,,工資或薪津,金錢,臺北市中山區****,,否,,,,,,,
331,洪士奇,111年臺北市議員選舉,首次申報,1111128,人事費用支出,吳貞麟,F22*******,0.00,9500.00,,,,工資或薪津,金錢,臺北市松山區****,,否,,,,,,,
332,洪士奇,111年臺北市議員選舉,首次申報,1111128,人事費用支出,宋家芬,F22*******,0.00,5500.00,,,,工資或薪津,金錢,新北市板橋區****,,否,,,,,,,
333,洪士奇,111年臺北市議員選舉,首次申報,1111128,人事費用支出,曾慧蓮,G22*******,0.00,9100.00,,,,工資或薪津,金錢,臺北市信義區****,,否,,,,,,,
334,洪士奇,111年臺北市議員選舉,首次申報,1111128,人事費用支出,王慶祥,M12*******,0.00,800.00,,,,工資或薪津,金錢,臺北市內湖區****,,否,,,,,,,
335,洪士奇,111年臺北市議員選舉,首次申報,1111128,人事費用支出,王怡婷,N22*******,0.00,20000.00,,,,工資或薪津,金錢,臺北市信義區****,,否,,,,,,,
336,洪士奇,111年臺北市議員選舉,首次申報,1111128,人事費用支出,洪東華,Q12*******,0.00,9500.00,,,,工資或薪津,金錢,臺北市松山區****,,否,,,,,,,
337,洪士奇,111年臺北市議員選舉,首次申報,1111128,人事費用支出,洪秋美,Q20*******,0.00,9300.00,,,,工資或薪津,金錢,臺北市松山區****,,否,,,,,,,
338,洪士奇,111年臺北市議員選舉,首次申報,1111128,人事費用支出,黃華生,R10*******,0.00,9300.00,,,,工資或薪津,金錢,臺北市松山區****,,否,,,,,,,
339,洪士奇,111年臺北市議員選舉,首次申報,1111128,人事費用支出,蘇慧瑩,T22*******,0.00,1300.00,,,,工資或薪津,金錢,臺北市松山區****,,否,,,,,,,
340,洪士奇,111年臺北市議員選舉,首次申報,1111128,人事費用支出,滕聿富,Y12*******,0.00,90000.00,,,,工資或薪津,金錢,臺北市士林區****,,否,,,,,,,
341,洪士奇,111年臺北市議員選舉,首次申報,1111201,宣傳支出,徐拓,A12*******,0.00,80000.00,,,,租用廣告看板或車體廣告費用,金錢,臺北市文山區****,,否,,,,,,,
342,洪士奇,111年臺北市議員選舉,首次申報,1111202,宣傳支出,富予行銷事業有限公司,83613504,0.00,300000.00,,,,租用廣告看板或車體廣告費用,金錢,臺北市大安區****,,否,,,,,,,
343,洪士奇,111年臺北市議員選舉,首次申報,1111205,返還捐贈支出,藝軒圖書文具有限公司,04856816,0.00,10000.00,,,,返還,金錢,新北市新店區****,,否,,,,,,,
344,洪士奇,111年臺北市議員選舉,首次申報,1111205,返還捐贈支出,笙寶實業股份有限公司,12119587,0.00,10000.00,,,,返還,金錢,桃園市桃園區****,,否,,,,,,,
345,洪士奇,111年臺北市議員選舉,首次申報,1111205,宣傳支出,傳神戶外媒體有限公司,27520222,0.00,200000.00,,,,租用廣告看板或車體廣告費用,金錢,臺北市文山區****,0973*****,否,,,,,,,
346,洪士奇,111年臺北市議員選舉,首次申報,1111205,返還捐贈支出,嘉予製衣,34435588,0.00,10000.00,,,,返還,金錢,新北市永和區****,,否,,,,,,,
347,洪士奇,111年臺北市議員選舉,首次申報,1111205,返還捐贈支出,格蘭國際旅行社股份有限公司,54659706,0.00,16800.00,,,,返還,金錢,臺北市中山區****,,否,,,,,,,
348,洪士奇,111年臺北市議員選舉,首次申報,1111205,返還捐贈支出,環康實業股份有限公司,86482929,0.00,10000.00,,,,返還,金錢,臺北市內湖區****,,否,,,,,,,
349,洪士奇,111年臺北市議員選舉,首次申報,1111205,宣傳支出,鄭堯今,N12*******,0.00,72459.00,,,,租用廣告看板或車體廣告費用,金錢,臺北市南港區****,,否,,,,,,,
350,洪士奇,111年臺北市議員選舉,首次申報,1111208,宣傳支出,拓德創意廣告有限公司,90510969,0.00,200000.00,,,,租用廣告看板或車體廣告費用,金錢,臺北市大安區****,,否,,,,,,,
351,洪士奇,111年臺北市議員選舉,首次申報,1111208,宣傳支出,拓德創意廣告有限公司,90510969,0.00,200000.00,,,,租用廣告看板或車體廣告費用,金錢,臺北市大安區****,,否,,,,,,,
352,洪士奇,111年臺北市議員選舉,首次申報,1111208,宣傳支出,拓德創意廣告有限公司,90510969,0.00,200000.00,,,,租用廣告看板或車體廣告費用,金錢,臺北市大安區****,,否,,,,,,,
353,洪士奇,111年臺北市議員選舉,首次申報,1111208,宣傳支出,拓德創意廣告有限公司,90510969,0.00,200000.00,,,,租用廣告看板或車體廣告費用,金錢,臺北市大安區****,,否,,,,,,,
354,洪士奇,111年臺北市議員選舉,首次申報,1111214,宣傳支出,鉅淇生技有限公司,83688167,0.00,770000.00,,,,製作競選物品或宣傳廣告費用（口罩）,金錢,新北市深坑區****,,否,,,,,,,
355,洪士奇,111年臺北市議員選舉,首次申報,1111215,宣傳支出,徐拓,A12*******,0.00,20000.00,,,,租用廣告看板或車體廣告費用,金錢,臺北市文山區****,,否,,,,,,,
356,洪士奇,111年臺北市議員選舉,首次申報,1111216,集會支出,砸鍋賣鐵小吃店,88229183,0.00,11650.00,,,,餐飲費用,金錢,臺北市中正區****,,否,,,,,,,
357,洪士奇,111年臺北市議員選舉,首次申報,1111216,交通旅運支出,蘇庭暉,A12*******,0.00,23632.00,,,,油資,金錢,臺北市南港區****,,否,,,,,,,
