﻿序號,擬參選人／政黨,選舉名稱,申報序號／年度,交易日期,收支科目,捐贈者／支出對象,身分證／統一編號,收入金額,支出金額,支出用途,金錢類,地址,聯絡電話,資料更正日期
1,傅民雄,107年鄉(鎮、市)長選舉,首次申報,1070925,宣傳支出,聚豐企業社,34954743,0.00,60000.00,廣告帆布，竹架,金錢,屏東縣屏東市****,,
2,傅民雄,107年鄉(鎮、市)長選舉,首次申報,1071001,宣傳支出,聚豐企業社,34954743,0.00,58000.00,廣告帆布，竹架,金錢,屏東縣屏東市****,,
3,傅民雄,107年鄉(鎮、市)長選舉,首次申報,1071011,雜支支出,內埔書局,90985661,0.00,183.00,文具用品費用,金錢,屏東縣內埔鄉****,,
4,傅民雄,107年鄉(鎮、市)長選舉,首次申報,1071012,雜支支出,旭成刻印佛俱行,92246207,0.00,230.00,橡皮章,金錢,屏東縣內埔鄉****,,
5,傅民雄,107年鄉(鎮、市)長選舉,首次申報,1071015,雜支支出,幸福的味,47755366,0.00,540.00,魚肚粥 等,金錢,屏東縣潮州鎮****,,
6,傅民雄,107年鄉(鎮、市)長選舉,首次申報,1071015,雜支支出,全聯福利中心,53003420,0.00,390.00,糖果，餅乾,金錢,屏東縣潮州鎮****,,
7,傅民雄,107年鄉(鎮、市)長選舉,首次申報,1071015,雜支支出,燦坤實業股份有限公司,70787283,0.00,2288.00,電磁爐,金錢,屏東縣潮州鎮****,,
8,傅民雄,107年鄉(鎮、市)長選舉,首次申報,1071015,雜支支出,寶昌餅店,92413204,0.00,1195.00,餅乾一批,金錢,屏東縣潮州鎮****,,
9,傅民雄,107年鄉(鎮、市)長選舉,首次申報,1071016,雜支支出,金玉堂文具行,95984037,0.00,544.00,尺彩球,金錢,屏東縣屏東市****,,
10,傅民雄,107年鄉(鎮、市)長選舉,首次申報,1071017,宣傳支出,榮泰贈品企業社,15696386,0.00,10500.00,帽子,金錢,屏東縣潮州鎮****,,
11,傅民雄,107年鄉(鎮、市)長選舉,首次申報,1071018,雜支支出,志仁商行,87655173,0.00,720.00,塑膠杯，梅子,金錢,屏東縣竹田鄉****,,
12,傅民雄,107年鄉(鎮、市)長選舉,首次申報,1071018,宣傳支出,新潮錄音室,87663645,0.00,7200.00,錄音製作，隨身碟,金錢,屏東縣屏東市****,,
13,傅民雄,107年鄉(鎮、市)長選舉,首次申報,1071019,租用宣傳車輛支出,山隆加油站,14486715,0.00,400.00,宣傳車輛燃料支出,金錢,,,
14,傅民雄,107年鄉(鎮、市)長選舉,首次申報,1071019,雜支支出,百辰金香舖,18153386,0.00,700.00,石燈,金錢,屏東縣竹田鄉****,,
15,傅民雄,107年鄉(鎮、市)長選舉,首次申報,1071019,租用宣傳車輛支出,百達加油站,28358768,0.00,500.00,宣傳車輛燃料支出,金錢,,,
16,傅民雄,107年鄉(鎮、市)長選舉,首次申報,1071019,宣傳支出,內埔四郎企業社,36634289,0.00,8000.00,音響舞台費,金錢,屏東縣內埔鄉****,,
17,傅民雄,107年鄉(鎮、市)長選舉,首次申報,1071019,雜支支出,全聯福利中心,70781289,0.00,644.00,糖果，餅乾,金錢,,,
18,傅民雄,107年鄉(鎮、市)長選舉,首次申報,1071019,雜支支出,旭成刻印佛俱行,92246207,0.00,1100.00,印章，印泥,金錢,屏東縣內埔鄉****,,
19,傅民雄,107年鄉(鎮、市)長選舉,首次申報,1071019,雜支支出,寶昌餅店,92413204,0.00,1974.00,食品一批,金錢,屏東縣潮州鎮****,,
20,傅民雄,107年鄉(鎮、市)長選舉,首次申報,1071020,集會支出,張永弁,,0.00,2000.00,插旗，收旗,金錢,屏東縣竹田鄉****,0986*****,
21,傅民雄,107年鄉(鎮、市)長選舉,首次申報,1071020,集會支出,賴林連娣,,0.00,1200.00,餐飲支出,金錢,屏東縣竹田鄉****,08-7*****,
22,傅民雄,107年鄉(鎮、市)長選舉,首次申報,1071020,集會支出,林秀娣,,0.00,1200.00,餐飲支出,金錢,屏東縣竹田鄉****,08-7*****,
23,傅民雄,107年鄉(鎮、市)長選舉,首次申報,1071020,集會支出,賴月英,,0.00,1500.00,餐飲支出,金錢,屏東縣竹田鄉****,08-7*****,
24,傅民雄,107年鄉(鎮、市)長選舉,首次申報,1071020,集會支出,吳和珍,,0.00,600.00,餐飲支出,金錢,屏東縣竹田鄉****,08-7*****,
25,傅民雄,107年鄉(鎮、市)長選舉,首次申報,1071020,集會支出,李文漳,,0.00,720.00,餐飲支出,金錢,屏東縣竹田鄉****,08-7*****,
26,傅民雄,107年鄉(鎮、市)長選舉,首次申報,1071020,集會支出,鍾英菊,,0.00,720.00,餐飲支出,金錢,屏東縣竹田鄉****,08-7*****,
27,傅民雄,107年鄉(鎮、市)長選舉,首次申報,1071020,集會支出,王志宏,,0.00,7500.00,餐飲支出,金錢,屏東縣竹田鄉****,08-7*****,
28,傅民雄,107年鄉(鎮、市)長選舉,首次申報,1071020,集會支出,王志宏,,0.00,7500.00,餐飲支出,金錢,屏東縣竹田鄉****,08-7*****,
29,傅民雄,107年鄉(鎮、市)長選舉,首次申報,1071020,租用宣傳車輛支出,台灣中油,08058449,0.00,500.00,宣傳車輛燃料支出,金錢,,,
30,傅民雄,107年鄉(鎮、市)長選舉,首次申報,1071020,宣傳支出,聚豐企業社,34954743,0.00,49200.00,宣傳原子筆，選舉文宣,金錢,屏東縣屏東市****,,
31,傅民雄,107年鄉(鎮、市)長選舉,首次申報,1071020,集會支出,銀星企業行,40799327,0.00,8000.00,舞台音響,金錢,屏東縣內埔鄉****,,
32,傅民雄,107年鄉(鎮、市)長選舉,首次申報,1071020,集會支出,阿榮水果,47728066,0.00,2700.00,水果,金錢,屏東縣內埔鄉****,08-7*****,
33,傅民雄,107年鄉(鎮、市)長選舉,首次申報,1071020,集會支出,惜緣亭小吃,47915899,0.00,7500.00,餐飲支出,金錢,屏東縣竹田鄉****,,
34,傅民雄,107年鄉(鎮、市)長選舉,首次申報,1071020,集會支出,新發外燴,78601042,0.00,7500.00,餐飲支出,金錢,屏東縣竹田鄉****,,
35,傅民雄,107年鄉(鎮、市)長選舉,首次申報,1071020,集會支出,吳家紅茶冰,81364389,0.00,2000.00,餐飲支出,金錢,屏東縣竹田鄉****,,
36,傅民雄,107年鄉(鎮、市)長選舉,首次申報,1071020,雜支支出,立泰行,91857313,0.00,225.00,噴漆,金錢,屏東縣竹田鄉****,,
37,傅民雄,107年鄉(鎮、市)長選舉,首次申報,1071020,集會支出,楊記企業社,99249019,0.00,21500.00,帆布，鐵架，椅子，會議桌,金錢,屏東縣內埔鄉****,,
38,傅民雄,107年鄉(鎮、市)長選舉,首次申報,1071020,宣傳支出,李聖祐,T12*******,0.00,50000.00,演講或表演支出,金錢,屏東縣竹田鄉****,0929*****,
39,傅民雄,107年鄉(鎮、市)長選舉,首次申報,1071020,集會支出,張志宏,T12*******,0.00,2000.00,插旗，收旗,金錢,屏東縣竹田鄉****,0910*****,
40,傅民雄,107年鄉(鎮、市)長選舉,首次申報,1071021,租用宣傳車輛支出,台灣中油,08058449,0.00,500.00,宣傳車輛燃料支出,金錢,,,
41,傅民雄,107年鄉(鎮、市)長選舉,首次申報,1071021,宣傳支出,榮泰贈品企業社,15696386,0.00,6500.00,製作競選物品支出-志工背心,金錢,屏東縣潮州鎮****,,
42,傅民雄,107年鄉(鎮、市)長選舉,首次申報,1071021,雜支支出,美美餐飲商行,92264915,0.00,400.00,餐飲費用,金錢,屏東縣竹田鄉****,,
43,傅民雄,107年鄉(鎮、市)長選舉,首次申報,1071022,租用宣傳車輛支出,百達加油站,28358768,0.00,700.00,宣傳車輛燃料支出,金錢,,,
44,傅民雄,107年鄉(鎮、市)長選舉,首次申報,1071022,雜支支出,元堡自助餐,29419052,0.00,285.00,餐飲費用,金錢,屏東縣潮州鎮****,,
45,傅民雄,107年鄉(鎮、市)長選舉,首次申報,1071022,雜支支出,阿榮水果,47728066,0.00,1800.00,水果,金錢,屏東縣內埔鄉****,,
46,傅民雄,107年鄉(鎮、市)長選舉,首次申報,1071022,雜支支出,同力商店,67823068,0.00,270.00,噴漆,金錢,屏東縣竹田鄉****,,
47,傅民雄,107年鄉(鎮、市)長選舉,首次申報,1071023,租用宣傳車輛支出,台灣中油,08058449,0.00,500.00,宣傳車輛燃料支出,金錢,,,
48,傅民雄,107年鄉(鎮、市)長選舉,首次申報,1071023,宣傳支出,聚豐企業社,34954743,0.00,90000.00,製作競選物品支出-旗幟，旗桿,金錢,屏東縣屏東市****,,
49,傅民雄,107年鄉(鎮、市)長選舉,首次申報,1071023,雜支支出,全聯福利中心,53003420,0.00,292.00,餅乾,金錢,,,
50,傅民雄,107年鄉(鎮、市)長選舉,首次申報,1071023,雜支支出,全聯福利中心,70781289,0.00,218.00,餅乾,金錢,,,
51,傅民雄,107年鄉(鎮、市)長選舉,首次申報,1071023,雜支支出,全聯福利中心,70781289,0.00,162.00,餅乾,金錢,,,
52,傅民雄,107年鄉(鎮、市)長選舉,首次申報,1071023,雜支支出,陳家池上飯包,95995323,0.00,1380.00,餐飲費用,金錢,屏東縣潮州鎮****,,
53,傅民雄,107年鄉(鎮、市)長選舉,首次申報,1071024,租用宣傳車輛支出,山隆加油站,14486715,0.00,500.00,宣傳車輛燃料支出,金錢,,,
54,傅民雄,107年鄉(鎮、市)長選舉,首次申報,1071024,租用宣傳車輛支出,群益汽車修護廠,40772066,0.00,2000.00,維修宣傳車輛支出,金錢,屏東縣竹田鄉****,,
55,傅民雄,107年鄉(鎮、市)長選舉,首次申報,1071024,雜支支出,立泰行,91857313,0.00,475.00,噴漆膠布,金錢,屏東縣竹田鄉****,,
56,傅民雄,107年鄉(鎮、市)長選舉,首次申報,1071024,租用宣傳車輛支出,金興機車行,92193412,0.00,650.00,維修宣傳車輛支出,金錢,屏東縣竹田鄉****,,
57,傅民雄,107年鄉(鎮、市)長選舉,首次申報,1071024,雜支支出,陳家池上飯包,95995323,0.00,1380.00,餐飲費用,金錢,屏東縣潮州鎮****,,
58,傅民雄,107年鄉(鎮、市)長選舉,首次申報,1071024,雜支支出,張志宏,T12*******,0.00,2000.00,旗桿噴漆,金錢,屏東縣竹田鄉****,,
59,傅民雄,107年鄉(鎮、市)長選舉,首次申報,1071025,租用宣傳車輛支出,台灣中油,08058449,0.00,700.00,宣傳車輛燃料支出,金錢,,,
60,傅民雄,107年鄉(鎮、市)長選舉,首次申報,1071025,租用宣傳車輛支出,台灣中油,08058449,0.00,500.00,宣傳車輛燃料支出,金錢,,,
61,傅民雄,107年鄉(鎮、市)長選舉,首次申報,1071025,雜支支出,金浩快餐店,36683062,0.00,1600.00,餐飲費用,金錢,屏東縣屏東市****,,
62,傅民雄,107年鄉(鎮、市)長選舉,首次申報,1071025,雜支支出,阿榮水果,47728066,0.00,1800.00,水果,金錢,屏東縣內埔鄉****,,
63,傅民雄,107年鄉(鎮、市)長選舉,首次申報,1071026,雜支支出,邱菊源,,0.00,400.00,檳榔,金錢,屏東縣竹田鄉****,,
64,傅民雄,107年鄉(鎮、市)長選舉,首次申報,1071026,雜支支出,惜緣亭小吃,47915899,0.00,4130.00,餐飲費用,金錢,屏東縣竹田鄉****,,
65,傅民雄,107年鄉(鎮、市)長選舉,首次申報,1071026,雜支支出,美美自助餐,81372509,0.00,1920.00,餐飲費用,金錢,屏東縣竹田鄉****,,
66,傅民雄,107年鄉(鎮、市)長選舉,首次申報,1071027,租用宣傳車輛支出,台灣中油,08058449,0.00,700.00,宣傳車輛燃料支出,金錢,,,
67,傅民雄,107年鄉(鎮、市)長選舉,首次申報,1071027,租用宣傳車輛支出,山隆加油站,14486715,0.00,500.00,宣傳車輛燃料支出,金錢,,,
68,傅民雄,107年鄉(鎮、市)長選舉,首次申報,1071027,雜支支出,金浩快餐店,36683062,0.00,2970.00,餐飲費用,金錢,屏東縣屏東市****,,
69,傅民雄,107年鄉(鎮、市)長選舉,首次申報,1071027,雜支支出,竹田快餐,37651222,0.00,420.00,餐飲費用,金錢,屏東縣竹田鄉****,,
70,傅民雄,107年鄉(鎮、市)長選舉,首次申報,1071027,雜支支出,阿榮水果,47728066,0.00,1330.00,水果,金錢,屏東縣內埔鄉****,,
71,傅民雄,107年鄉(鎮、市)長選舉,首次申報,1071028,雜支支出,阿榮水果,47728066,0.00,2700.00,水果,金錢,屏東縣內埔鄉****,,
72,傅民雄,107年鄉(鎮、市)長選舉,首次申報,1071028,雜支支出,立峰行,90965200,0.00,1000.00,蠶豆酥,金錢,屏東縣竹田鄉****,,
73,傅民雄,107年鄉(鎮、市)長選舉,首次申報,1071028,雜支支出,美美餐飲商行,92264915,0.00,370.00,餐飲費用,金錢,屏東縣竹田鄉****,,
74,傅民雄,107年鄉(鎮、市)長選舉,首次申報,1071029,雜支支出,惜緣亭小吃,47915899,0.00,2280.00,餐飲費用,金錢,屏東縣竹田鄉****,,
75,傅民雄,107年鄉(鎮、市)長選舉,首次申報,1071029,雜支支出,全聯福利中心,70781289,0.00,667.00,餅乾,金錢,,,
76,傅民雄,107年鄉(鎮、市)長選舉,首次申報,1071030,雜支支出,吳亮福,,0.00,1000.00,檳榔,金錢,,08-7*****,
77,傅民雄,107年鄉(鎮、市)長選舉,首次申報,1071030,租用宣傳車輛支出,台灣中油,08058449,0.00,700.00,宣傳車輛燃料支出,金錢,,,
78,傅民雄,107年鄉(鎮、市)長選舉,首次申報,1071030,租用宣傳車輛支出,台灣中油,08058449,0.00,500.00,宣傳車輛燃料支出,金錢,,,
79,傅民雄,107年鄉(鎮、市)長選舉,首次申報,1071030,宣傳支出,聚豐企業社,34954743,0.00,90000.00,製作競選物品支出-彩色橫布條,金錢,屏東縣屏東市****,,
80,傅民雄,107年鄉(鎮、市)長選舉,首次申報,1071030,雜支支出,惜緣亭小吃,47915899,0.00,1720.00,餐飲費用,金錢,屏東縣竹田鄉****,,
81,傅民雄,107年鄉(鎮、市)長選舉,首次申報,1071030,雜支支出,歐維斯有限公司,70671332,0.00,382.00,餅乾,金錢,,,
82,傅民雄,107年鄉(鎮、市)長選舉,首次申報,1071030,雜支支出,歐維斯有限公司,70671332,0.00,245.00,餅乾,金錢,,,
83,傅民雄,107年鄉(鎮、市)長選舉,首次申報,1071031,雜支支出,大禾園,,0.00,1820.00,餐飲費用,金錢,屏東縣竹田鄉****,08-7*****,
84,傅民雄,107年鄉(鎮、市)長選舉,首次申報,1071031,雜支支出,潮州徐豆花,26063922,0.00,875.00,茶點,金錢,高雄市鳳山區****,,
85,傅民雄,107年鄉(鎮、市)長選舉,首次申報,1071031,雜支支出,阿榮水果,47728066,0.00,2700.00,水果,金錢,屏東縣內埔鄉****,,
86,傅民雄,107年鄉(鎮、市)長選舉,首次申報,1071031,雜支支出,惜緣亭小吃,47915899,0.00,840.00,餐飲費用,金錢,屏東縣竹田鄉****,,
87,傅民雄,107年鄉(鎮、市)長選舉,首次申報,1071031,雜支支出,寶昌餅店,92413204,0.00,1585.00,餅乾,金錢,屏東縣潮州鎮****,,
88,傅民雄,107年鄉(鎮、市)長選舉,首次申報,1071101,雜支支出,大禾園,,0.00,775.00,餐飲費用,金錢,屏東縣竹田鄉****,08-7*****,
89,傅民雄,107年鄉(鎮、市)長選舉,首次申報,1071101,雜支支出,張文俊,,0.00,8000.00,修理電燈材料,金錢,屏東縣竹田鄉****,0925*****,
90,傅民雄,107年鄉(鎮、市)長選舉,首次申報,1071101,租用宣傳車輛支出,台灣中油,08058449,0.00,500.00,宣傳車輛燃料支出,金錢,,,
91,傅民雄,107年鄉(鎮、市)長選舉,首次申報,1071101,雜支支出,潮州徐豆花,26063922,0.00,500.00,茶點,金錢,高雄市鳳山區****,,
92,傅民雄,107年鄉(鎮、市)長選舉,首次申報,1071101,雜支支出,金浩快餐店,36683062,0.00,2100.00,餐飲費用,金錢,屏東縣屏東市****,,
93,傅民雄,107年鄉(鎮、市)長選舉,首次申報,1071102,集會支出,張永弁,,0.00,1000.00,插旗，收旗,金錢,屏東縣竹田鄉****,0986*****,
94,傅民雄,107年鄉(鎮、市)長選舉,首次申報,1071102,集會支出,張志宏,,0.00,1000.00,差旗，收旗,金錢,屏東縣竹田鄉****,0910*****,
95,傅民雄,107年鄉(鎮、市)長選舉,首次申報,1071102,租用宣傳車輛支出,台灣中油,08004465,0.00,500.00,宣傳車輛燃料支出,金錢,,,
96,傅民雄,107年鄉(鎮、市)長選舉,首次申報,1071102,租用宣傳車輛支出,台灣中油,08058449,0.00,800.00,宣傳車輛燃料支出,金錢,,,
97,傅民雄,107年鄉(鎮、市)長選舉,首次申報,1071102,租用宣傳車輛支出,台灣中油,08058449,0.00,700.00,宣傳車輛燃料支出,金錢,,,
98,傅民雄,107年鄉(鎮、市)長選舉,首次申報,1071102,雜支支出,粥先生,36641140,0.00,240.00,餐飲費用,金錢,屏東縣潮州鎮****,,
99,傅民雄,107年鄉(鎮、市)長選舉,首次申報,1071102,集會支出,金浩快餐店,36683062,0.00,2625.00,餐飲支出,金錢,屏東縣屏東市****,,
100,傅民雄,107年鄉(鎮、市)長選舉,首次申報,1071102,集會支出,鑫酒窖洋行,36735815,0.00,3350.00,菸,金錢,屏東縣潮州鎮****,,
101,傅民雄,107年鄉(鎮、市)長選舉,首次申報,1071102,集會支出,竹柚商行,36811469,0.00,705.00,餐飲支出,金錢,屏東縣竹田鄉****,,
102,傅民雄,107年鄉(鎮、市)長選舉,首次申報,1071102,集會支出,阿榮水果,47728066,0.00,1800.00,水果,金錢,屏東縣內埔鄉****,,
103,傅民雄,107年鄉(鎮、市)長選舉,首次申報,1071102,集會支出,美美自助餐,81372509,0.00,1930.00,餐飲支出,金錢,屏東縣竹田鄉****,,
104,傅民雄,107年鄉(鎮、市)長選舉,首次申報,1071102,雜支支出,美美餐飲商行,92264915,0.00,300.00,餐飲費用,金錢,屏東縣竹田鄉****,,
105,傅民雄,107年鄉(鎮、市)長選舉,首次申報,1071102,租用宣傳車輛支出,張松輝,T12*******,0.00,30000.00,雇用宣傳車輛駕駛支出,金錢,屏東縣竹田鄉****,,
106,傅民雄,107年鄉(鎮、市)長選舉,首次申報,1071102,租用宣傳車輛支出,王勝乾,T12*******,0.00,30000.00,雇用宣傳車輛駕駛支出,金錢,屏東縣竹田竹****,08-7*****,
107,傅民雄,107年鄉(鎮、市)長選舉,首次申報,1071103,宣傳支出,張松輝,,0.00,2000.00,吊桿作業,金錢,,08-7*****,
108,傅民雄,107年鄉(鎮、市)長選舉,首次申報,1071103,雜支支出,大禾園,,0.00,625.00,餐飲費用,金錢,,08-7*****,
109,傅民雄,107年鄉(鎮、市)長選舉,首次申報,1071103,租用宣傳車輛支出,台灣中油,08058449,0.00,500.00,宣傳車輛燃料支出,金錢,,,
110,傅民雄,107年鄉(鎮、市)長選舉,首次申報,1071103,雜支支出,竹田快餐,37651222,0.00,250.00,餐飲費用,金錢,,,
111,傅民雄,107年鄉(鎮、市)長選舉,首次申報,1071103,雜支支出,惜緣亭小吃,47915899,0.00,910.00,餐飲費用,金錢,屏東縣竹田鄉****,,
112,傅民雄,107年鄉(鎮、市)長選舉,首次申報,1071104,雜支支出,竹柚商行,36811469,0.00,815.00,餐飲費用,金錢,,,
113,傅民雄,107年鄉(鎮、市)長選舉,首次申報,1071104,雜支支出,惜緣亭小吃,47915899,0.00,2400.00,餐飲費用,金錢,,,
114,傅民雄,107年鄉(鎮、市)長選舉,首次申報,1071105,租用宣傳車輛支出,台灣中油,08058449,0.00,500.00,宣傳車輛燃料支出,金錢,,,
115,傅民雄,107年鄉(鎮、市)長選舉,首次申報,1071105,宣傳支出,榮泰贈品企業社,15696386,0.00,7000.00,製作競選物品支出-帽子,金錢,,,
116,傅民雄,107年鄉(鎮、市)長選舉,首次申報,1071105,宣傳支出,聚豐企業社,34954743,0.00,74000.00,製作宣傳廣告支出-文宣，傳單,金錢,屏東縣屏東市****,,
117,傅民雄,107年鄉(鎮、市)長選舉,首次申報,1071105,雜支支出,金浩快餐店,36683062,0.00,2250.00,餐飲費用,金錢,,,
118,傅民雄,107年鄉(鎮、市)長選舉,首次申報,1071105,雜支支出,竹柚商行,36811469,0.00,570.00,餐飲費用,金錢,,,
119,傅民雄,107年鄉(鎮、市)長選舉,首次申報,1071106,交通旅運支出,台灣中油,08004465,0.00,1500.00,油資,金錢,,,
120,傅民雄,107年鄉(鎮、市)長選舉,首次申報,1071106,租用宣傳車輛支出,台灣中油,08058449,0.00,530.00,宣傳車輛燃料支出,金錢,,,
121,傅民雄,107年鄉(鎮、市)長選舉,首次申報,1071106,雜支支出,富吉商行,13611270,0.00,110.00,百貨一批,金錢,屏東縣潮州鎮****,,
122,傅民雄,107年鄉(鎮、市)長選舉,首次申報,1071106,雜支支出,粥先生,36641140,0.00,180.00,餐飲費用,金錢,,,
123,傅民雄,107年鄉(鎮、市)長選舉,首次申報,1071106,雜支支出,竹柚商行,36811469,0.00,1150.00,餐飲費用,金錢,,,
124,傅民雄,107年鄉(鎮、市)長選舉,首次申報,1071106,雜支支出,歐維斯有限公司,70671332,0.00,1032.00,餅乾,金錢,,,
125,傅民雄,107年鄉(鎮、市)長選舉,首次申報,1071106,雜支支出,寶昌餅店,92413204,0.00,788.00,餅乾,金錢,,,
126,傅民雄,107年鄉(鎮、市)長選舉,首次申報,1071107,租用宣傳車輛支出,台灣中油,08058449,0.00,500.00,宣傳車輛燃料支出,金錢,,,
127,傅民雄,107年鄉(鎮、市)長選舉,首次申報,1071108,雜支支出,中華郵政,,0.00,90.00,郵資,金錢,,08-7*****,
128,傅民雄,107年鄉(鎮、市)長選舉,首次申報,1071108,雜支支出,潮州徐豆花,26063922,0.00,175.00,茶點,金錢,,,
129,傅民雄,107年鄉(鎮、市)長選舉,首次申報,1071108,雜支支出,潮州徐豆花,26063922,0.00,700.00,茶點,金錢,,,
130,傅民雄,107年鄉(鎮、市)長選舉,首次申報,1071108,雜支支出,蟹老板美食店,37641415,0.00,2520.00,餐飲費用,金錢,屏東縣內埔鄉****,,
131,傅民雄,107年鄉(鎮、市)長選舉,首次申報,1071108,雜支支出,美美餐飲商行,92264915,0.00,210.00,餐飲費用,金錢,,,
132,傅民雄,107年鄉(鎮、市)長選舉,首次申報,1071109,租用宣傳車輛支出,謝雲鵬,,0.00,30000.00,雇用宣傳車輛駕駛支出,金錢,屏東縣竹田鄉****,0922*****,
133,傅民雄,107年鄉(鎮、市)長選舉,首次申報,1071109,租用宣傳車輛支出,台灣中油,08058449,0.00,500.00,宣傳車輛燃料支出,金錢,,,
134,傅民雄,107年鄉(鎮、市)長選舉,首次申報,1071109,租用宣傳車輛支出,台灣中油,08058449,0.00,500.00,宣傳車輛燃料支出,金錢,,,
135,傅民雄,107年鄉(鎮、市)長選舉,首次申報,1071109,雜支支出,阿榮水果,47728066,0.00,3400.00,水果,金錢,,,
136,傅民雄,107年鄉(鎮、市)長選舉,首次申報,1071109,租用宣傳車輛支出,王勝乾,T12*******,0.00,30000.00,雇用宣傳車輛駕駛支出,金錢,屏東縣竹田鄉****,08-7*****,
137,傅民雄,107年鄉(鎮、市)長選舉,首次申報,1071110,雜支支出,張議文,,0.00,4500.00,探照燈安裝，線路插座燈架,金錢,屏東縣竹田鄉****,0932*****,
138,傅民雄,107年鄉(鎮、市)長選舉,首次申報,1071110,雜支支出,張永弁,,0.00,1000.00,發放文宣,金錢,,0986*****,
139,傅民雄,107年鄉(鎮、市)長選舉,首次申報,1071110,雜支支出,美美自助餐,81372509,0.00,1820.00,餐飲費用,金錢,,,
140,傅民雄,107年鄉(鎮、市)長選舉,首次申報,1071111,雜支支出,邱菊源,,0.00,1200.00,檳榔,金錢,屏東縣竹田鄉****,08-7*****,
141,傅民雄,107年鄉(鎮、市)長選舉,首次申報,1071111,雜支支出,吳亮福,,0.00,2500.00,檳榔,金錢,,08-7*****,
142,傅民雄,107年鄉(鎮、市)長選舉,首次申報,1071111,租用宣傳車輛支出,台灣中油,08058449,0.00,500.00,宣傳車輛燃料支出,金錢,,,
143,傅民雄,107年鄉(鎮、市)長選舉,首次申報,1071111,租用宣傳車輛支出,台灣中油,08058449,0.00,610.00,宣傳車輛燃料支出,金錢,,,
144,傅民雄,107年鄉(鎮、市)長選舉,首次申報,1071111,雜支支出,新發外燴,78601042,0.00,4000.00,餐飲費用,金錢,屏東縣竹田鄉****,,
145,傅民雄,107年鄉(鎮、市)長選舉,首次申報,1071111,雜支支出,立泰行,91857313,0.00,150.00,膠布,金錢,,,
146,傅民雄,107年鄉(鎮、市)長選舉,首次申報,1071112,雜支支出,大禾園,,0.00,750.00,餐飲費用,金錢,,08-7*****,
147,傅民雄,107年鄉(鎮、市)長選舉,首次申報,1071112,交通旅運支出,台灣中油,08058449,0.00,1559.00,油資,金錢,,,
148,傅民雄,107年鄉(鎮、市)長選舉,首次申報,1071112,雜支支出,惜緣亭小吃,47915899,0.00,1780.00,餐飲費用,金錢,,,
149,傅民雄,107年鄉(鎮、市)長選舉,首次申報,1071112,雜支支出,惜緣亭小吃,47915899,0.00,430.00,餐飲費用,金錢,,,
150,傅民雄,107年鄉(鎮、市)長選舉,首次申報,1071112,雜支支出,寶昌餅店,92413204,0.00,1610.00,餅乾,金錢,,,
151,傅民雄,107年鄉(鎮、市)長選舉,首次申報,1071113,租用宣傳車輛支出,台灣中油,08058449,0.00,500.00,宣傳車輛燃料支出,金錢,,,
152,傅民雄,107年鄉(鎮、市)長選舉,首次申報,1071113,雜支支出,阿明肉包,36692702,0.00,800.00,餐飲費用,金錢,屏東縣潮州鎮****,,
153,傅民雄,107年鄉(鎮、市)長選舉,首次申報,1071113,雜支支出,蟹老板美食店,37641415,0.00,1820.00,餐飲費用,金錢,,,
154,傅民雄,107年鄉(鎮、市)長選舉,首次申報,1071113,雜支支出,惜緣亭小吃,47915899,0.00,700.00,餐飲費用,金錢,,,
155,傅民雄,107年鄉(鎮、市)長選舉,首次申報,1071113,雜支支出,歐維斯有限公司,70671332,0.00,648.00,餅乾,金錢,,,
156,傅民雄,107年鄉(鎮、市)長選舉,首次申報,1071113,雜支支出,歐維斯有限公司,70671332,0.00,231.00,餅乾,金錢,,,
157,傅民雄,107年鄉(鎮、市)長選舉,首次申報,1071113,雜支支出,金玉堂文具店,95984037,0.00,213.00,文具用品費用,金錢,,,
158,傅民雄,107年鄉(鎮、市)長選舉,首次申報,1071114,租用宣傳車輛支出,台灣中油,08058449,0.00,700.00,宣傳車輛燃料支出,金錢,,,
159,傅民雄,107年鄉(鎮、市)長選舉,首次申報,1071114,雜支支出,惜緣亭小吃,47915899,0.00,700.00,餐飲費用,金錢,,,
160,傅民雄,107年鄉(鎮、市)長選舉,首次申報,1071114,雜支支出,光南大批發,89430806,0.00,144.00,文具用品費用,金錢,,,
161,傅民雄,107年鄉(鎮、市)長選舉,首次申報,1071115,雜支支出,張議文,,0.00,1500.00,燈具及線路配件,金錢,,0932*****,
162,傅民雄,107年鄉(鎮、市)長選舉,首次申報,1071115,雜支支出,大禾園,,0.00,900.00,餐飲費用,金錢,,08-7*****,
163,傅民雄,107年鄉(鎮、市)長選舉,首次申報,1071115,雜支支出,新穎文具行,13398881,0.00,400.00,文具用品費用,金錢,,,
164,傅民雄,107年鄉(鎮、市)長選舉,首次申報,1071115,雜支支出,新穎文具行,13398881,0.00,154.00,文具用品費用,金錢,,,
165,傅民雄,107年鄉(鎮、市)長選舉,首次申報,1071115,雜支支出,惜緣亭小吃,47915899,0.00,2940.00,餐飲費用,金錢,,,
166,傅民雄,107年鄉(鎮、市)長選舉,首次申報,1071116,租用宣傳車輛支出,台灣中油,08058449,0.00,500.00,宣傳車輛燃料支出,金錢,,,
167,傅民雄,107年鄉(鎮、市)長選舉,首次申報,1071116,雜支支出,粥先生,36641140,0.00,180.00,餐飲費用,金錢,,,
168,傅民雄,107年鄉(鎮、市)長選舉,首次申報,1071116,雜支支出,阿榮水果,47728066,0.00,4250.00,水果,金錢,,,
169,傅民雄,107年鄉(鎮、市)長選舉,首次申報,1071116,雜支支出,美美自助餐,81372509,0.00,2520.00,餐飲費用,金錢,,,
170,傅民雄,107年鄉(鎮、市)長選舉,首次申報,1071116,雜支支出,寶昌餅店,92413204,0.00,1430.00,餅乾,金錢,,,
171,傅民雄,107年鄉(鎮、市)長選舉,首次申報,1071117,雜支支出,第一素食,36784527,0.00,700.00,素食便當,金錢,屏東縣內埔鄉****,,
172,傅民雄,107年鄉(鎮、市)長選舉,首次申報,1071117,集會支出,銀星企業行,40799327,0.00,8000.00,舞台音響,金錢,屏東縣內埔鄉****,,
173,傅民雄,107年鄉(鎮、市)長選舉,首次申報,1071117,雜支支出,富永行,40804736,0.00,10009.00,菸，食品，百貨一批,金錢,,,
174,傅民雄,107年鄉(鎮、市)長選舉,首次申報,1071117,雜支支出,美美餐飲商行,92264915,0.00,120.00,餐飲費用,金錢,,,
175,傅民雄,107年鄉(鎮、市)長選舉,首次申報,1071118,雜支支出,西勢自助餐,,0.00,9800.00,便當,金錢,屏東縣竹田鄉****,08-7*****,
176,傅民雄,107年鄉(鎮、市)長選舉,首次申報,1071118,租用宣傳車輛支出,台灣中油,08058449,0.00,500.00,宣傳車輛燃料支出,金錢,,,
177,傅民雄,107年鄉(鎮、市)長選舉,首次申報,1071118,租用宣傳車輛支出,台灣中油,08058449,0.00,500.00,宣傳車輛燃料支出,金錢,,,
178,傅民雄,107年鄉(鎮、市)長選舉,首次申報,1071118,交通旅運支出,台灣中油,91862316,0.00,1574.00,油資,金錢,,,
179,傅民雄,107年鄉(鎮、市)長選舉,首次申報,1071118,雜支支出,美美餐飲商行,92264915,0.00,420.00,餐飲費用,金錢,,,
180,傅民雄,107年鄉(鎮、市)長選舉,首次申報,1071119,雜支支出,大禾園,,0.00,260.00,餐飲費用,金錢,,08-7*****,
181,傅民雄,107年鄉(鎮、市)長選舉,首次申報,1071119,雜支支出,新發外匯,78601042,0.00,1800.00,餐飲費用,金錢,,,
182,傅民雄,107年鄉(鎮、市)長選舉,首次申報,1071120,雜支支出,中華郵政,,0.00,180.00,郵資,金錢,,08-7*****,
183,傅民雄,107年鄉(鎮、市)長選舉,首次申報,1071120,雜支支出,西勢自助餐,,0.00,2100.00,餐飲費用,金錢,屏東縣竹田鄉****,08-7*****,
184,傅民雄,107年鄉(鎮、市)長選舉,首次申報,1071120,租用宣傳車輛支出,台灣中油,08058449,0.00,500.00,宣傳車輛燃料支出,金錢,,,
185,傅民雄,107年鄉(鎮、市)長選舉,首次申報,1071120,集會支出,內埔四郎企業社,36634289,0.00,8000.00,音響舞台,金錢,屏東縣內埔鄉****,,
186,傅民雄,107年鄉(鎮、市)長選舉,首次申報,1071120,雜支支出,新發外燴,78601042,0.00,1500.00,餐飲費用,金錢,,,
187,傅民雄,107年鄉(鎮、市)長選舉,首次申報,1071120,租用宣傳車輛支出,台灣中油,92121109,0.00,500.00,宣傳車輛燃料支出,金錢,,,
188,傅民雄,107年鄉(鎮、市)長選舉,首次申報,1071120,雜支支出,寶昌餅店,92413204,0.00,1080.00,餅乾,金錢,,,
189,傅民雄,107年鄉(鎮、市)長選舉,首次申報,1071121,雜支支出,惜緣亭小吃,47915899,0.00,800.00,餐飲費用,金錢,,,
190,傅民雄,107年鄉(鎮、市)長選舉,首次申報,1071121,雜支支出,世紀商行,99242959,0.00,5655.00,食品一批,金錢,屏東縣潮州鎮****,,
191,傅民雄,107年鄉(鎮、市)長選舉,首次申報,1071122,租用宣傳車輛支出,台灣中油,08058449,0.00,500.00,宣傳車輛燃料支出,金錢,,,
192,傅民雄,107年鄉(鎮、市)長選舉,首次申報,1071122,雜支支出,百辰金香舖,18153386,0.00,800.00,烽炮,金錢,屏東縣竹田鄉****,,
193,傅民雄,107年鄉(鎮、市)長選舉,首次申報,1071122,雜支支出,全聯福利中心,24793136,0.00,578.00,糖果，餅乾,金錢,,,
194,傅民雄,107年鄉(鎮、市)長選舉,首次申報,1071122,雜支支出,阿榮水果,47728066,0.00,2550.00,水果,金錢,,,
195,傅民雄,107年鄉(鎮、市)長選舉,首次申報,1071122,雜支支出,美美自助餐,81372509,0.00,860.00,餐飲費用,金錢,,,
196,傅民雄,107年鄉(鎮、市)長選舉,首次申報,1071122,雜支支出,金振興香舖,91736120,0.00,1200.00,高空煙火,金錢,屏東縣屏東市****,,
197,傅民雄,107年鄉(鎮、市)長選舉,首次申報,1071123,雜支支出,邱菊源,,0.00,1600.00,檳榔,金錢,屏東縣竹田鄉****,08-7*****,
198,傅民雄,107年鄉(鎮、市)長選舉,首次申報,1071123,雜支支出,李文漳,,0.00,720.00,肉包,金錢,屏東縣竹田鄉****,08-7*****,
199,傅民雄,107年鄉(鎮、市)長選舉,首次申報,1071123,雜支支出,王志宏,,0.00,12800.00,餐飲費用,金錢,屏東縣竹田鄉****,08-7*****,
200,傅民雄,107年鄉(鎮、市)長選舉,首次申報,1071123,租用宣傳車輛支出,台灣中油,08058449,0.00,500.00,宣傳車輛燃料支出,金錢,,,
201,傅民雄,107年鄉(鎮、市)長選舉,首次申報,1071123,雜支支出,新發外燴,78601042,0.00,4500.00,餐飲費用,金錢,,,
202,傅民雄,107年鄉(鎮、市)長選舉,首次申報,1071123,雜支支出,寶昌餅店,92413204,0.00,641.00,食品一批,金錢,,,
203,傅民雄,107年鄉(鎮、市)長選舉,首次申報,1071123,租用宣傳車輛支出,李聖祐,T12*******,0.00,30000.00,租用宣傳車輛支出,金錢,屏東縣竹田鄉****,0929*****,
204,傅民雄,107年鄉(鎮、市)長選舉,首次申報,1071124,雜支支出,蔡家涼麵大王,,0.00,730.00,餐飲費用,金錢,屏東縣屏東市****,08-7*****,
205,傅民雄,107年鄉(鎮、市)長選舉,首次申報,1071124,集會支出,慶霖行,,0.00,5500.00,租用設備支出-帆布，鐵架,金錢,屏東縣竹田鄉****,0932*****,
206,傅民雄,107年鄉(鎮、市)長選舉,首次申報,1071124,雜支支出,竹田鄉農會生鮮超市,15695817,0.00,532.00,糖果,金錢,,,
207,傅民雄,107年鄉(鎮、市)長選舉,首次申報,1071124,雜支支出,竹田鄉農會生鮮超市,15695817,0.00,16.00,奇異筆,金錢,,,
208,傅民雄,107年鄉(鎮、市)長選舉,首次申報,1071124,雜支支出,7-ELEVEN,27259136,0.00,45.00,飲料,金錢,,,
209,傅民雄,107年鄉(鎮、市)長選舉,首次申報,1071124,雜支支出,阿榮水果,47728066,0.00,2550.00,水果,金錢,,,
210,傅民雄,107年鄉(鎮、市)長選舉,首次申報,1071124,雜支支出,志仁商行,87655173,0.00,2460.00,啤酒，飲料,金錢,屏東縣竹田鄉****,,
211,傅民雄,107年鄉(鎮、市)長選舉,首次申報,1071127,雜支支出,千越太平加油站,17505378,0.00,1000.00,汽機車燃料費用,金錢,,,
212,傅民雄,107年鄉(鎮、市)長選舉,首次申報,1071201,雜支支出,胖匠守作料理,47905689,0.00,2128.00,餐飲費用,金錢,屏東縣潮州鎮****,,
213,傅民雄,107年鄉(鎮、市)長選舉,首次申報,1071202,雜支支出,台灣中油,92121001,0.00,1696.00,汽機車燃料費用,金錢,,,
214,傅民雄,107年鄉(鎮、市)長選舉,首次申報,1071220,公共關係費用支出,傅美英,,0.00,5000.00,文康活動費用,金錢,,08-7*****,
215,傅民雄,107年鄉(鎮、市)長選舉,首次申報,1071220,雜支支出,大眾小吃,29387262,0.00,9000.00,餐飲費用,金錢,,,
216,傅民雄,107年鄉(鎮、市)長選舉,首次申報,1071220,雜支支出,志仁商行,87655173,0.00,2610.00,紅酒，果汁,金錢,,,
