﻿序號,擬參選人／政黨,選舉名稱,申報序號／年度,交易日期,收支科目,捐贈者／支出對象,身分證／統一編號,收入金額,支出金額,捐贈方式,存入專戶日期,返還/繳庫,支出用途,金錢類,地址,聯絡電話,應揭露之支出對象,支出對象之內部人員姓名,支出對象之內部人員職稱,政黨之內部人員姓名,政黨之內部人員職稱,關係,更正註記,資料更正日期
1,吳振嘉,111年臺中市議員選舉,首次申報,1110524,營利事業捐贈收入,福德土地開發股份有限公司,25185829,88800.00,0.00,票據,1110524,,,金錢,臺中市神岡區****,,,,,,,,,
2,吳振嘉,111年臺中市議員選舉,首次申報,1110617,個人捐贈收入,徐楷崴,L12*******,100000.00,0.00,匯款,1110617,,,金錢,臺中市豐原區****,0937*****,,,,,,,,
3,吳振嘉,111年臺中市議員選舉,首次申報,1110617,個人捐贈收入,徐中雄,L12*******,100000.00,0.00,匯款,1110617,,,金錢,臺中市豐原區****,0937*****,,,,,,,,
4,吳振嘉,111年臺中市議員選舉,首次申報,1110621,其他收入,利息收入,,2.00,0.00,匯款,1110621,,,金錢,,,,,,,,,,
5,吳振嘉,111年臺中市議員選舉,首次申報,1110701,個人捐贈收入,歐嘉文,L12*******,20000.00,0.00,匯款,1110701,,,金錢,臺中市豐原區****,0928*****,,,,,,,,
6,吳振嘉,111年臺中市議員選舉,首次申報,1110809,營利事業捐贈收入,甜露露國際貿易有限公司,53139778,60000.00,0.00,現金,1110809,,,金錢,臺中市東勢區****,04-2*****,,,,,,,,
7,吳振嘉,111年臺中市議員選舉,首次申報,1110831,個人捐贈收入,趙培善,A12*******,20000.00,0.00,匯款,1110831,,,金錢,臺中市西區向****,0958*****,,,,,,,,
8,吳振嘉,111年臺中市議員選舉,首次申報,1110905,個人捐贈收入,傅鳳珠,L22*******,3000.00,0.00,現金,1110905,,,金錢,臺中市東勢區****,,,,,,,,,
9,吳振嘉,111年臺中市議員選舉,首次申報,1110920,營利事業捐贈收入,雨利行生化科技實業有限公司,84609508,50000.00,0.00,匯款,1110920,,,金錢,臺中市石岡區****,04-2*****,,,,,,,,
10,吳振嘉,111年臺中市議員選舉,首次申報,1110928,營利事業捐贈收入,揚昇營造有限公司,84234761,80000.00,0.00,票據,1110929,,,金錢,臺中市西屯區****,04-2*****,,,,,,,,
11,吳振嘉,111年臺中市議員選舉,首次申報,1110930,個人捐贈收入,張森洲,L10*******,2000.00,0.00,匯款,1110930,,,金錢,臺中市東勢區****,,,,,,,,,
12,吳振嘉,111年臺中市議員選舉,首次申報,1111003,個人捐贈收入,徐添裕,L12*******,2000.00,0.00,匯款,1111003,,,金錢,臺中市東勢區****,04-2*****,,,,,,,,
13,吳振嘉,111年臺中市議員選舉,首次申報,1111014,營利事業捐贈收入,順晟製模股份有限公司,22380736,100000.00,0.00,現金,1111014,,,金錢,臺中市大里區****,04-2*****,,,,,,,,
14,吳振嘉,111年臺中市議員選舉,首次申報,1111014,個人捐贈收入,涂峻榮,M12*******,30000.00,0.00,現金,1111014,,,金錢,臺中市東勢區****,0919*****,,,,,,,,
15,吳振嘉,111年臺中市議員選舉,首次申報,1111018,個人捐贈收入,林志賢,L12*******,100000.00,0.00,匯款,1111018,,,金錢,臺中市東勢區****,0935*****,,,,,,,,
16,吳振嘉,111年臺中市議員選舉,首次申報,1111018,個人捐贈收入,詹惠雯,L22*******,100000.00,0.00,匯款,1111018,,,金錢,臺中市東勢區****,0963*****,,,,,,,,
17,吳振嘉,111年臺中市議員選舉,首次申報,1111018,個人捐贈收入,陳淑莉,L22*******,20000.00,0.00,現金,1111019,,,金錢,新北市淡水區****,0988*****,,,,,,,,
18,吳振嘉,111年臺中市議員選舉,首次申報,1111020,個人捐贈收入,張添財,L10*******,10000.00,0.00,現金,1111021,,,金錢,臺中市東勢區****,0928*****,,,,,,,,
19,吳振嘉,111年臺中市議員選舉,首次申報,1111025,營利事業捐贈收入,起成國際開發有限公司,23577820,200000.00,0.00,匯款,1111025,,,金錢,臺中市北屯區****,,,,,,,,,
20,吳振嘉,111年臺中市議員選舉,首次申報,1111025,個人捐贈收入,詹東仁,L10*******,10000.00,0.00,現金,1111026,,,金錢,臺中市東勢區****,0932*****,,,,,,,,
21,吳振嘉,111年臺中市議員選舉,首次申報,1111026,個人捐贈收入,王運源,L12*******,6000.00,0.00,現金,1111026,,,金錢,臺中市東勢區****,0912*****,,,,,,,,
22,吳振嘉,111年臺中市議員選舉,首次申報,1111028,個人捐贈收入,李明昌,,3000.00,0.00,現金,1111028,,,金錢,,0932*****,,,,,,,,
23,吳振嘉,111年臺中市議員選舉,首次申報,1111028,個人捐贈收入,鎖家駒,,1000.00,0.00,現金,1111028,,,金錢,臺中市東勢區****,04-2*****,,,,,,,,
24,吳振嘉,111年臺中市議員選舉,首次申報,1111030,個人捐贈收入,鄧麗君,K22*******,5000.00,0.00,現金,1111031,,,金錢,臺中市新社區****,0919*****,,,,,,,,
25,吳振嘉,111年臺中市議員選舉,首次申報,1111113,個人捐贈收入,劉森霖,L10*******,10000.00,0.00,現金,1111114,,,金錢,臺中市石岡區****,04-2*****,,,,,,,,
26,吳振嘉,111年臺中市議員選舉,首次申報,1111115,個人捐贈收入,黃文郎,L10*******,1000.00,0.00,現金,1111116,,,金錢,臺中市石岡區****,0921*****,,,,,,,,
27,吳振嘉,111年臺中市議員選舉,首次申報,1111121,營利事業捐贈收入,榮際實業股份有限公司,22283734,6000.00,0.00,現金,1111122,已返還,,金錢,臺中市新社區****,04-2*****,,,,,,,,
28,吳振嘉,111年臺中市議員選舉,首次申報,1111121,個人捐贈收入,朱清涼,L10*******,5000.00,0.00,現金,1111122,,,金錢,臺中市新社區****,04-2*****,,,,,,,,
29,吳振嘉,111年臺中市議員選舉,首次申報,1111122,營利事業捐贈收入,東勢牛稼莊飲食店,84011017,5000.00,0.00,現金,1111122,,,金錢,臺中市東勢區****,04-2*****,,,,,,,,
30,吳振嘉,111年臺中市議員選舉,首次申報,1111221,其他收入,利息收入,,52.00,0.00,匯款,1111221,,,金錢,,,,,,,,,,
