﻿序號,擬參選人／政黨,選舉名稱,申報序號／年度,交易日期,收支科目,捐贈者／支出對象,身分證／統一編號,收入金額,支出金額,支出用途,金錢類,地址,聯絡電話,資料更正日期
1,劉馨正,107年直轄市議員選舉,首次申報,1070911,交通旅運支出,台灣中油,87016444,0.00,1000.00,油資,金錢,,,
2,劉馨正,107年直轄市議員選舉,首次申報,1070915,交通旅運支出,台灣中油,87016444,0.00,1000.00,油資,金錢,,,
3,劉馨正,107年直轄市議員選舉,首次申報,1070921,交通旅運支出,美濃加油,23905018,0.00,1000.00,油資,金錢,,,
4,劉馨正,107年直轄市議員選舉,首次申報,1070925,交通旅運支出,台灣中油,87016444,0.00,1000.00,油資,金錢,,,
5,劉馨正,107年直轄市議員選舉,首次申報,1071016,雜支支出,世全興業行,06867514,0.00,8500.00,衣服.帽子,金錢,,,
6,劉馨正,107年直轄市議員選舉,首次申報,1071018,交通旅運支出,洋洋加油,15533855,0.00,1296.00,油資,金錢,,,
7,劉馨正,107年直轄市議員選舉,首次申報,1071018,交通旅運支出,台灣中油,87016444,0.00,1843.00,油資,金錢,,,
8,劉馨正,107年直轄市議員選舉,首次申報,1071020,交通旅運支出,洋洋加油,15533855,0.00,1135.00,油資,金錢,,,
9,劉馨正,107年直轄市議員選舉,首次申報,1071021,宣傳支出,聯合報,03799802,0.00,4650.00,夾報,金錢,,,
10,劉馨正,107年直轄市議員選舉,首次申報,1071021,交通旅運支出,洋洋加油,15533855,0.00,1000.00,油資,金錢,,,
11,劉馨正,107年直轄市議員選舉,首次申報,1071024,交通旅運支出,洋洋加油,15533855,0.00,1746.00,油資,金錢,,,
12,劉馨正,107年直轄市議員選舉,首次申報,1071026,交通旅運支出,洋洋加油,15533855,0.00,1782.00,油資,金錢,,,
13,劉馨正,107年直轄市議員選舉,首次申報,1071028,雜支支出,燦坤3C,70766800,0.00,1191.00,光碟,金錢,,,
14,劉馨正,107年直轄市議員選舉,首次申報,1071028,交通旅運支出,台灣中油,87016444,0.00,1000.00,油資,金錢,,,
15,劉馨正,107年直轄市議員選舉,首次申報,1071030,集會支出,佳農環保,27546264,0.00,9450.00,總部成立,金錢,,,
16,劉馨正,107年直轄市議員選舉,首次申報,1071101,集會支出,中美樂器,06749762,0.00,8000.00,音響,金錢,,,
17,劉馨正,107年直轄市議員選舉,首次申報,1071105,集會支出,艾芬迪食品,96869393,0.00,11550.00,糖果,金錢,,,
18,劉馨正,107年直轄市議員選舉,首次申報,1071113,交通旅運支出,洋洋加油,15533855,0.00,1000.00,油資,金錢,,,
19,劉馨正,107年直轄市議員選舉,首次申報,1071114,交通旅運支出,宏洋加油,10186510,0.00,1000.00,油資,金錢,,,
20,劉馨正,107年直轄市議員選舉,首次申報,1071114,雜支支出,順吉電池,85679001,0.00,1200.00,電池,金錢,,,
21,劉馨正,107年直轄市議員選舉,首次申報,1071115,交通旅運支出,台灣中油,87016444,0.00,1000.00,油資,金錢,,,
22,劉馨正,107年直轄市議員選舉,首次申報,1071115,人事費用支出,洪正智,S10*******,0.00,6000.00,工資,金錢,高雄市杉林區****,,
23,劉馨正,107年直轄市議員選舉,首次申報,1071115,人事費用支出,黃才丁,S10*******,0.00,6000.00,工資,金錢,高雄市美濃區****,,
24,劉馨正,107年直轄市議員選舉,首次申報,1071115,人事費用支出,劉志文,S10*******,0.00,6000.00,工資,金錢,高雄市美濃區****,,
25,劉馨正,107年直轄市議員選舉,首次申報,1071115,人事費用支出,余德雄,S12*******,0.00,6000.00,工資,金錢,高雄市美濃區****,,
26,劉馨正,107年直轄市議員選舉,首次申報,1071116,交通旅運支出,台灣中油,87016444,0.00,1000.00,油資,金錢,,,
27,劉馨正,107年直轄市議員選舉,首次申報,1071117,交通旅運支出,洋洋加油,15533855,0.00,1000.00,油資,金錢,,,
28,劉馨正,107年直轄市議員選舉,首次申報,1071119,交通旅運支出,旗鉀加油,89501415,0.00,1000.00,油資,金錢,,,
29,劉馨正,107年直轄市議員選舉,首次申報,1071119,人事費用支出,林呈英,S12*******,0.00,15000.00,工資,金錢,高雄市美濃區****,,
30,劉馨正,107年直轄市議員選舉,首次申報,1071120,租用宣傳車輛支出,同益科技,24685832,0.00,54894.00,廣告車印刷,金錢,高雄市楠梓區****,,
31,劉馨正,107年直轄市議員選舉,首次申報,1071120,人事費用支出,洪正智,S10*******,0.00,6000.00,工資,金錢,高雄市杉林區****,,
32,劉馨正,107年直轄市議員選舉,首次申報,1071120,人事費用支出,劉志文,S10*******,0.00,6000.00,工資,金錢,高雄市美濃區****,,
33,劉馨正,107年直轄市議員選舉,首次申報,1071120,人事費用支出,黃才丁,S10*******,0.00,6000.00,工資,金錢,高雄市美濃區****,,
34,劉馨正,107年直轄市議員選舉,首次申報,1071120,人事費用支出,余德雄,S12*******,0.00,6000.00,工資,金錢,高雄市美濃區****,,
35,劉馨正,107年直轄市議員選舉,首次申報,1071123,雜支支出,明芳企業,47679614,0.00,7000.00,礦泉水,金錢,,,
36,劉馨正,107年直轄市議員選舉,首次申報,1071123,人事費用支出,黃才丁,S10*******,0.00,3600.00,工資,金錢,高雄市美濃區****,,
37,劉馨正,107年直轄市議員選舉,首次申報,1071123,人事費用支出,劉志文,S10*******,0.00,3600.00,工資,金錢,高雄市美濃區****,,
38,劉馨正,107年直轄市議員選舉,首次申報,1071123,人事費用支出,洪正智,S10*******,0.00,3000.00,工資,金錢,高雄市杉林區****,,
39,劉馨正,107年直轄市議員選舉,首次申報,1071123,人事費用支出,余德雄,S12*******,0.00,3600.00,工資,金錢,高雄市美濃區****,,
40,劉馨正,107年直轄市議員選舉,首次申報,1071124,人事費用支出,何國光,S10*******,0.00,3000.00,工資,金錢,高雄市大寮區****,,
41,劉馨正,107年直轄市議員選舉,首次申報,1071124,人事費用支出,古坤杉,S10*******,0.00,35000.00,工資,金錢,高雄市美濃區****,,
42,劉馨正,107年直轄市議員選舉,首次申報,1071124,人事費用支出,林呈英,S12*******,0.00,15000.00,工資,金錢,高雄市美濃區****,,
43,劉馨正,107年直轄市議員選舉,首次申報,1071125,人事費用支出,楊國賢,S12*******,0.00,11000.00,工資,金錢,高雄市美濃區****,,
44,劉馨正,107年直轄市議員選舉,首次申報,1071126,集會支出,香利金商行,10749011,0.00,86850.00,冲天炮,金錢,高雄市美濃區****,,
45,劉馨正,107年直轄市議員選舉,首次申報,1071126,集會支出,香利金商行,10749011,0.00,26550.00,冲天炮,金錢,高雄市美濃區****,,
46,劉馨正,107年直轄市議員選舉,首次申報,1071218,宣傳支出,強打國際,28299874,0.00,100000.00,廣告製作看板,金錢,高雄市三民區****,,
