﻿序號,擬參選人／政黨,選舉名稱,申報序號／年度,交易日期,收支科目,捐贈者／支出對象,身分證／統一編號,收入金額,支出金額,捐贈方式,存入專戶日期,返還/繳庫,支出用途,金錢類,地址,聯絡電話,應揭露之支出對象,支出對象之內部人員姓名,支出對象之內部人員職稱,政黨之內部人員姓名,政黨之內部人員職稱,關係,更正註記,資料更正日期
1,邱述文,111年桃園市議員選舉,首次申報,1110628,個人捐贈收入,黃妤庭,,3600.00,0.00,現金,1110628,,,金錢,桃園市八德區****,,,,,,,,,
2,邱述文,111年桃園市議員選舉,首次申報,1110628,匿名捐贈,匿名,,100.00,0.00,現金,1110628,,,金錢,,,,,,,,,,
3,邱述文,111年桃園市議員選舉,首次申報,1110628,匿名捐贈,匿名,,100.00,0.00,現金,1110628,,,金錢,,,,,,,,,,
4,邱述文,111年桃園市議員選舉,首次申報,1110628,匿名捐贈,匿名,,3888.00,0.00,現金,1110628,,,金錢,,,,,,,,,,
5,邱述文,111年桃園市議員選舉,首次申報,1110629,匿名捐贈,匿名,,200.00,0.00,匯款,1110629,,,金錢,,,,,,,,,,
6,邱述文,111年桃園市議員選舉,首次申報,1110629,匿名捐贈,匿名,,1000.00,0.00,匯款,1110629,,,金錢,,,,,,,,,,
7,邱述文,111年桃園市議員選舉,首次申報,1110629,個人捐贈收入,畢魁元,,3000.00,0.00,匯款,1110629,,,金錢,桃園市八德區****,,,,,,,,,
8,邱述文,111年桃園市議員選舉,首次申報,1110629,營利事業捐贈收入,萬濬企業社,82029075,10000.00,0.00,匯款,1110629,,,金錢,桃園市蘆竹區****,,,,,,,,,
9,邱述文,111年桃園市議員選舉,首次申報,1110629,營利事業捐贈收入,中友企業社,91569761,3000.00,0.00,匯款,1110629,,,金錢,桃園市八德區****,,,,,,,,,
10,邱述文,111年桃園市議員選舉,首次申報,1110630,匿名捐贈,匿名,,1000.00,0.00,匯款,1110630,,,金錢,,,,,,,,,,
11,邱述文,111年桃園市議員選舉,首次申報,1110702,營利事業捐贈收入,相信專業寵物美容,72722596,2000.00,0.00,現金,1110702,,,金錢,桃園市八德區****,,,,,,,,,
12,邱述文,111年桃園市議員選舉,首次申報,1110704,個人捐贈收入,呂若瑜,,2000.00,0.00,匯款,1110704,,,金錢,桃園市八德區****,,,,,,,,,
13,邱述文,111年桃園市議員選舉,首次申報,1110704,個人捐贈收入,蕭玉玲,,10000.00,0.00,匯款,1110704,,,金錢,桃園市八德區****,,,,,,,,,
14,邱述文,111年桃園市議員選舉,首次申報,1110704,個人捐贈收入,劉逸雯,,2000.00,0.00,匯款,1110704,,,金錢,桃園市八德區****,,,,,,,,,
15,邱述文,111年桃園市議員選舉,首次申報,1110705,匿名捐贈,匿名,,2000.00,0.00,匯款,1110705,,,金錢,,,,,,,,,,
16,邱述文,111年桃園市議員選舉,首次申報,1110706,個人捐贈收入,楊惠喻,,20000.00,0.00,匯款,1110706,,,金錢,桃園市八德區****,,,,,,,,,
17,邱述文,111年桃園市議員選舉,首次申報,1110707,個人捐贈收入,江芠萍,,5000.00,0.00,匯款,1110707,,,金錢,桃園市八德區****,,,,,,,,,
18,邱述文,111年桃園市議員選舉,首次申報,1110710,個人捐贈收入,黃邱秀琴,,10000.00,0.00,匯款,1110710,,,金錢,彰化縣彰化市****,,,,,,,,,
19,邱述文,111年桃園市議員選舉,首次申報,1110713,匿名捐贈,匿名,,2600.00,0.00,匯款,1110713,,,金錢,,,,,,,,,,
20,邱述文,111年桃園市議員選舉,首次申報,1110714,個人捐贈收入,歐淑茹,,999.00,0.00,匯款,1110714,,,金錢,桃園市八德區****,,,,,,,,,
21,邱述文,111年桃園市議員選舉,首次申報,1110714,個人捐贈收入,邱惠祺,,3000.00,0.00,匯款,1110714,,,金錢,桃園市八德區****,,,,,,,,,
22,邱述文,111年桃園市議員選舉,首次申報,1110714,個人捐贈收入,邱述襁,,2000.00,0.00,匯款,1110714,,,金錢,桃園市八德區****,,,,,,,,,
23,邱述文,111年桃園市議員選舉,首次申報,1110716,匿名捐贈,匿名,,3000.00,0.00,匯款,1110716,,,金錢,,,,,,,,,,
24,邱述文,111年桃園市議員選舉,首次申報,1110718,個人捐贈收入,黃玉鳳,,2000.00,0.00,匯款,1110718,,,金錢,桃園市八德區****,,,,,,,,,
25,邱述文,111年桃園市議員選舉,首次申報,1110718,個人捐贈收入,蘇哲男,,774.00,0.00,匯款,1110718,,,金錢,桃園市八德區****,,,,,,,,,
26,邱述文,111年桃園市議員選舉,首次申報,1110726,營利事業捐贈收入,正欣清潔有限公司,28800637,6000.00,0.00,匯款,1110726,,,金錢,桃園市八德區****,,,,,,,,,
27,邱述文,111年桃園市議員選舉,首次申報,1110821,個人捐贈收入,崔益興,,1000.00,0.00,匯款,1110821,,,金錢,桃園市八德區****,,,,,,,,,
28,邱述文,111年桃園市議員選舉,首次申報,1110905,營利事業捐贈收入,盈隆商行,91307985,2000.00,0.00,匯款,1110905,,,金錢,桃園市桃園區****,,,,,,,,,
29,邱述文,111年桃園市議員選舉,首次申報,1110908,個人捐贈收入,邱冠鈞,,10000.00,0.00,匯款,1110908,,,金錢,桃園市八德區****,,,,,,,,,
30,邱述文,111年桃園市議員選舉,首次申報,1110911,個人捐贈收入,曾武郎,,5000.00,0.00,匯款,1110911,,,金錢,桃園市八德區****,,,,,,,,,
31,邱述文,111年桃園市議員選舉,首次申報,1110912,匿名捐贈,匿名,,500.00,0.00,匯款,1110912,,,金錢,,,,,,,,,,
32,邱述文,111年桃園市議員選舉,首次申報,1110914,個人捐贈收入,謝淑貞,,3000.00,0.00,匯款,1110914,,,金錢,桃園市龜山區****,,,,,,,,,
33,邱述文,111年桃園市議員選舉,首次申報,1110918,個人捐贈收入,黃漢斌,,20000.00,0.00,匯款,1110918,,,金錢,彰化縣彰化市****,,,,,,,,,
34,邱述文,111年桃園市議員選舉,首次申報,1110918,個人捐贈收入,簡玉鳳,,5888.00,0.00,匯款,1110918,,,金錢,桃園市八德區****,,,,,,,,,
35,邱述文,111年桃園市議員選舉,首次申報,1110922,營利事業捐贈收入,中友企業社,91569761,7000.00,0.00,匯款,1110922,,,金錢,桃園市八德區****,,,,,,,,,
36,邱述文,111年桃園市議員選舉,首次申報,1111031,營利事業捐贈收入,廣峰營造有限公司,54813932,50000.00,0.00,匯款,1111031,,,金錢,桃園市八德區****,,,,,,,,,
37,邱述文,111年桃園市議員選舉,首次申報,1111101,匿名捐贈,匿名,,2000.00,0.00,匯款,1111101,,,金錢,,,,,,,,,,
38,邱述文,111年桃園市議員選舉,首次申報,1111109,個人捐贈收入,陳建鈞,,10000.00,0.00,匯款,1111109,,,金錢,桃園市八德區****,,,,,,,,,
39,邱述文,111年桃園市議員選舉,首次申報,1111110,匿名捐贈,匿名,,3000.00,0.00,匯款,1111110,,,金錢,,,,,,,,,,
