﻿序號,擬參選人／政黨,選舉名稱,申報序號／年度,交易日期,收支科目,捐贈者／支出對象,身分證／統一編號,收入金額,支出金額,支出用途,金錢類,地址,聯絡電話,資料更正日期
1,左翼聯盟,,107,1071125,雜支支出,中華電信股份有限公司,81691784,0.00,1612.00,電信費用,金錢,臺北市中正區****,,
2,左翼聯盟,,107,1071130,業務費用支出,蔡美玲,C22*******,0.00,19000.00,租用辦公處所費用,金錢,臺北市信義區****,0910*****,
3,左翼聯盟,,107,1071215,業務費用支出,蔡美玲,C22*******,0.00,19000.00,租用辦公處所費用,金錢,臺北市信義區****,0910*****,
4,左翼聯盟,,107,1071215,雜支支出,中華電信股份有限公司,81691784,0.00,100.00,電信費用,金錢,臺北市中正區****,,
5,左翼聯盟,,107,1071226,雜支支出,欣欣天然氣公司,33665843,0.00,135.00,水電瓦斯費用,金錢,新北市永和區****,2921*****,
6,左翼聯盟,,107,1071226,雜支支出,台灣電力公司,04860092,0.00,526.00,水電瓦斯費用,金錢,臺北市文山區****,,
7,左翼聯盟,,107,1071226,雜支支出,臺北自來水事業處,03774909,0.00,284.00,水電瓦斯費用,金錢,臺北市中正區****,8733*****,
8,左翼聯盟,,107,1071226,雜支支出,中華電信股份有限公司,81691784,0.00,1523.00,電信費用,金錢,臺北市中正區****,,
9,左翼聯盟,,107,1071226,雜支支出,中華電信股份有限公司,81691784,0.00,102.00,電信費用,金錢,臺北市中正區****,,
10,左翼聯盟,,107,1071226,雜支支出,中華電信股份有限公司,81691784,0.00,1578.00,電信費用,金錢,臺北市中正區****,,
11,左翼聯盟,,107,1071230,業務費用支出,蔡美玲,C22*******,0.00,19000.00,租用辦公處所費用,金錢,臺北市信義區****,0910*****,
