﻿序號,擬參選人／政黨,選舉名稱,申報序號／年度,交易日期,收支科目,捐贈者／支出對象,身分證／統一編號,收入金額,支出金額,捐贈方式,存入專戶日期,返還/繳庫,支出用途,金錢類,地址,聯絡電話,應揭露之支出對象,支出對象之內部人員姓名,支出對象之內部人員職稱,政黨之內部人員姓名,政黨之內部人員職稱,關係,更正註記,資料更正日期
1,黃文益,111年高雄市議員選舉,首次申報,1110427,雜支支出,郵局,,0.00,320.00,,,,印花稅票,金錢,高雄市苓雅區****,,否,,,,,,,
2,黃文益,111年高雄市議員選舉,首次申報,1110505,公共關係費用支出,瑞興禮品社,,0.00,3370.00,,,,輓聯一批,金錢,桃園市大溪區****,,否,,,,,,,
3,黃文益,111年高雄市議員選舉,首次申報,1110505,交通旅運支出,大眾加油站有限公司,,0.00,1000.00,,,,公務車油資,金錢,高雄市苓雅區****,,否,,,,,,,
4,黃文益,111年高雄市議員選舉,首次申報,1110510,返還捐贈支出,聯合鋼鐵有限公司,28150958,0.00,100000.00,,,,返還,金錢,高雄市前鎮區****,,否,,,,,,,
5,黃文益,111年高雄市議員選舉,首次申報,1110510,人事費用支出,楊棋樹,E10*******,0.00,5000.00,,,,楊棋樹-月份工作費,金錢,高雄市新興區****,,否,,,,,,,
6,黃文益,111年高雄市議員選舉,首次申報,1110510,人事費用支出,趙書梵,E12*******,0.00,3500.00,,,,趙書梵-月份工作費,金錢,高雄市三民區****,,否,,,,,,,
7,黃文益,111年高雄市議員選舉,首次申報,1110512,雜支支出,中華電信股份有限公司,,0.00,11161.00,,,,年月份電話費,金錢,高雄市新興區****,,否,,,,,,,
8,黃文益,111年高雄市議員選舉,首次申報,1110514,交通旅運支出,左新加油站有限公司,,0.00,2300.00,,,,公務車油資,金錢,高雄市左營區****,,否,,,,,,,
9,黃文益,111年高雄市議員選舉,首次申報,1110514,交通旅運支出,台灣中油左楠加油加氣站,,0.00,800.00,,,,公務車油資,金錢,高雄市楠梓區****,,否,,,,,,,
10,黃文益,111年高雄市議員選舉,首次申報,1110519,交通旅運支出,中油公司中正二路站,,0.00,1000.00,,,,公務車油資,金錢,高雄市新興區****,,否,,,,,,,
11,黃文益,111年高雄市議員選舉,首次申報,1110523,雜支支出,郵局,,0.00,247.00,,,,郵寄文件,金錢,高雄市新興區****,,否,,,,,,,
12,黃文益,111年高雄市議員選舉,首次申報,1110527,雜支支出,郵局,,0.00,80.00,,,,郵票,金錢,高雄市新興區****,,否,,,,,,,
13,黃文益,111年高雄市議員選舉,首次申報,1110529,交通旅運支出,中油公司三多二路站,,0.00,1000.00,,,,公務車油資,金錢,高雄市苓雅區****,,否,,,,,,,
14,黃文益,111年高雄市議員選舉,首次申報,1110530,交通旅運支出,許新興加油站有限公司德民加油站,,0.00,1000.00,,,,公務車油資,金錢,高雄市楠梓區****,,否,,,,,,,
15,黃文益,111年高雄市議員選舉,首次申報,1110530,雜支支出,港都有線電視股份有限公司,,0.00,1000.00,,,,有線電視~月份,金錢,高雄市前鎮區****,,否,,,,,,,
16,黃文益,111年高雄市議員選舉,首次申報,1110530,公共關係費用支出,北大武園藝坊,,0.00,8000.00,,,,蘭花盆,金錢,高雄市苓雅區****,,否,,,,,,,
17,黃文益,111年高雄市議員選舉,首次申報,1110530,返還捐贈支出,黃玲衿,E22*******,0.00,30000.00,,,,返還,金錢,高雄市前鎮區****,,否,,,,,,,
18,黃文益,111年高雄市議員選舉,首次申報,1110531,交通旅運支出,左新加油站有限公司,,0.00,3556.00,,,,公務車油資,金錢,高雄市左營區****,,否,,,,,,,
19,黃文益,111年高雄市議員選舉,首次申報,1110605,交通旅運支出,左新加油站有限公司,,0.00,1300.00,,,,公務車油資,金錢,高雄市左營區****,,否,,,,,,,
20,黃文益,111年高雄市議員選舉,首次申報,1110606,公共關係費用支出,瑞興禮品社,,0.00,3370.00,,,,輓聯一批,金錢,桃園市大溪區****,,否,,,,,,,
21,黃文益,111年高雄市議員選舉,首次申報,1110606,雜支支出,九易宇軒股份有限公司,,0.00,2400.00,,,,酒精及柔濕巾一箱,金錢,臺北市南港區****,,否,,,,,,,
22,黃文益,111年高雄市議員選舉,首次申報,1110609,交通旅運支出,源豐加油站有限公司,,0.00,1000.00,,,,公務車油資,金錢,高雄市左營區****,,否,,,,,,,
23,黃文益,111年高雄市議員選舉,首次申報,1110610,人事費用支出,楊棋樹,E10*******,0.00,5000.00,,,,楊棋樹-月份工作費,金錢,高雄市新興區****,,否,,,,,,,
24,黃文益,111年高雄市議員選舉,首次申報,1110612,交通旅運支出,慶昌加油站股份有限公司,,0.00,2000.00,,,,公務車油資,金錢,高雄市楠梓區****,,否,,,,,,,
25,黃文益,111年高雄市議員選舉,首次申報,1110613,雜支支出,郵局,,0.00,168.00,,,,郵寄文件,金錢,高雄市新興區****,,否,,,,,,,
26,黃文益,111年高雄市議員選舉,首次申報,1110613,人事費用支出,趙書梵,E12*******,0.00,3500.00,,,,趙書梵-月份工作費,金錢,高雄市三民區****,,否,,,,,,,
27,黃文益,111年高雄市議員選舉,首次申報,1110614,雜支支出,中華電信股份有限公司,,0.00,6739.00,,,,年月份電話費,金錢,高雄市新興區****,,否,,,,,,,
28,黃文益,111年高雄市議員選舉,首次申報,1110614,雜支支出,台灣電力公司,,0.00,3174.00,,,,競選辦公處/~/電費,金錢,高雄市鼓山區****,,否,,,,,,,
29,黃文益,111年高雄市議員選舉,首次申報,1110614,租用競選辦事處支出,台灣自來水股份有限公司,,0.00,347.00,,,,競選辦公室水費,金錢,高雄市前鎮區****,,否,,,,,,,
30,黃文益,111年高雄市議員選舉,首次申報,1110615,人事費用支出,林思愷,E12*******,0.00,10000.00,,,,林思愷月份工讀費,金錢,高雄市前鎮區****,,否,,,,,,,
31,黃文益,111年高雄市議員選舉,首次申報,1110616,雜支支出,郵局,,0.00,168.00,,,,郵寄文件,金錢,高雄市新興區****,,否,,,,,,,
32,黃文益,111年高雄市議員選舉,首次申報,1110622,雜支支出,郵局,,0.00,160.00,,,,印花稅票,金錢,高雄市苓雅區****,,否,,,,,,,
33,黃文益,111年高雄市議員選舉,首次申報,1110622,雜支支出,康福電子實業有限公司,,0.00,200.00,,,,熱熔膠,金錢,高雄市三民區****,,否,,,,,,,
34,黃文益,111年高雄市議員選舉,首次申報,1110622,雜支支出,寶嘉生活館有限公司,,0.00,107.00,,,,日用品,金錢,高雄市新興區****,,否,,,,,,,
35,黃文益,111年高雄市議員選舉,首次申報,1110623,交通旅運支出,左新加油站有限公司,,0.00,3733.00,,,,公務車油資,金錢,高雄市左營區****,,否,,,,,,,
36,黃文益,111年高雄市議員選舉,首次申報,1110626,交通旅運支出,中油公司鳳松加油站,,0.00,1000.00,,,,公務車油資,金錢,高雄市鳳山區****,,否,,,,,,,
37,黃文益,111年高雄市議員選舉,首次申報,1110628,交通旅運支出,裕誠加油站股份有限公司,,0.00,1000.00,,,,公務車油資,金錢,高雄市左營區****,,否,,,,,,,
38,黃文益,111年高雄市議員選舉,首次申報,1110628,公共關係費用支出,瑞興禮品社,37793159,0.00,3390.00,,,,輓聯一批,金錢,桃園市大溪區****,,否,,,,,,,
39,黃文益,111年高雄市議員選舉,首次申報,1110701,交通旅運支出,NPC全國加油站三多路加油站,,0.00,1000.00,,,,公務車油資,金錢,高雄市苓雅區****,,否,,,,,,,
40,黃文益,111年高雄市議員選舉,首次申報,1110701,雜支支出,藍新科技股份有限公司,,0.00,621.00,,,,藍新技科政治獻金線上捐款手續費,金錢,臺北市南港區****,,否,,,,,,,
41,黃文益,111年高雄市議員選舉,首次申報,1110701,雜支支出,郵局,,0.00,260.00,,,,郵寄文件,金錢,高雄市新興區****,,否,,,,,,,
42,黃文益,111年高雄市議員選舉,首次申報,1110703,交通旅運支出,左新加油站有限公司,,0.00,1300.00,,,,公務車油資,金錢,高雄市左營區****,,否,,,,,,,
43,黃文益,111年高雄市議員選舉,首次申報,1110703,雜支支出,全宏文具有限公司,,0.00,102.00,,,,文具用品,金錢,高雄市鳳山區****,,否,,,,,,,
44,黃文益,111年高雄市議員選舉,首次申報,1110705,交通旅運支出,光華加油站有限公司,,0.00,500.00,,,,公務車油資,金錢,高雄市苓雅區****,,否,,,,,,,
45,黃文益,111年高雄市議員選舉,首次申報,1110705,人事費用支出,趙書梵,E12*******,0.00,3500.00,,,,趙書梵-月份工作費,金錢,高雄市三民區****,,否,,,,,,,
46,黃文益,111年高雄市議員選舉,首次申報,1110706,雜支支出,一零一企業股份有限公司復興分公司,,0.00,180.00,,,,A紙,金錢,高雄市新興區****,,否,,,,,,,
47,黃文益,111年高雄市議員選舉,首次申報,1110706,雜支支出,急有企業有限公司,,0.00,137.00,,,,清潔用品,金錢,高雄市新興區****,,否,,,,,,,
48,黃文益,111年高雄市議員選舉,首次申報,1110707,交通旅運支出,NPC全國加油站南一站,,0.00,1000.00,,,,公務車油資,金錢,台南市南區中****,,否,,,,,,,
49,黃文益,111年高雄市議員選舉,首次申報,1110709,交通旅運支出,台糖加昌加油站,,0.00,2000.00,,,,公務車油資,金錢,高雄市楠梓區****,,否,,,,,,,
50,黃文益,111年高雄市議員選舉,首次申報,1110711,交通旅運支出,中油公司建國二路站,,0.00,1000.00,,,,公務車油資,金錢,高雄市三民區****,,否,,,,,,,
51,黃文益,111年高雄市議員選舉,首次申報,1110711,雜支支出,中華電信股份有限公司,,0.00,6749.00,,,,年月份電話費,金錢,高雄市新興區****,,否,,,,,,,
52,黃文益,111年高雄市議員選舉,首次申報,1110711,雜支支出,港都有線電視股份有限公司,,0.00,1000.00,,,,有線電視~ 月份,金錢,高雄市前鎮區****,,否,,,,,,,
53,黃文益,111年高雄市議員選舉,首次申報,1110711,人事費用支出,黃玲玲,E22*******,0.00,38456.00,,,,黃玲玲-月份薪資,金錢,高雄市三民區****,,否,,,,,,,
54,黃文益,111年高雄市議員選舉,首次申報,1110711,人事費用支出,林非比,E22*******,0.00,4750.00,,,,林非比-月份工作費,金錢,高雄市新興區****,,否,,,,,,,
55,黃文益,111年高雄市議員選舉,首次申報,1110713,雜支支出,九乘九文具股份有限公司高雄中山分公司,,0.00,651.00,,,,文具用品,金錢,高雄市新興區****,,否,,,,,,,
56,黃文益,111年高雄市議員選舉,首次申報,1110714,雜支支出,郵局,,0.00,140.00,,,,郵寄文件,金錢,高雄市新興區****,,否,,,,,,,
57,黃文益,111年高雄市議員選舉,首次申報,1110714,人事費用支出,林思愷,E12*******,0.00,24277.00,,,,林思愷-/~/工讀費,金錢,高雄市前鎮區****,,否,,,,,,,
58,黃文益,111年高雄市議員選舉,首次申報,1110715,交通旅運支出,山隆加油站,,0.00,485.00,,,,公務車油資,金錢,高雄市苓雅區****,,否,,,,,,,
59,黃文益,111年高雄市議員選舉,首次申報,1110715,雜支支出,富邦媒體科技股份有限公司,,0.00,1388.00,,,,衛生紙及冷水壺,金錢,臺北市內湖區****,,否,,,,,,,
60,黃文益,111年高雄市議員選舉,首次申報,1110718,雜支支出,鑫寶資訊社,,0.00,900.00,,,,碳粉匣,金錢,高雄市三民區****,,否,,,,,,,
61,黃文益,111年高雄市議員選舉,首次申報,1110719,交通旅運支出,久井企業股份有限公司,,0.00,1000.00,,,,公務車油資,金錢,臺南市永康區****,,否,,,,,,,
62,黃文益,111年高雄市議員選舉,首次申報,1110720,交通旅運支出,左新加油站有限公司,,0.00,2600.00,,,,公務車油資,金錢,高雄市左營區****,,否,,,,,,,
63,黃文益,111年高雄市議員選舉,首次申報,1110723,交通旅運支出,台糖加昌加油站,,0.00,1000.00,,,,公務車油資,金錢,高雄市楠梓區****,,否,,,,,,,
64,黃文益,111年高雄市議員選舉,首次申報,1110723,交通旅運支出,台灣中油大順加油站,,0.00,1000.00,,,,公務車油資,金錢,高雄市三民區****,,否,,,,,,,
65,黃文益,111年高雄市議員選舉,首次申報,1110725,交通旅運支出,中油公司中正三路站,,0.00,1000.00,,,,公務車油資,金錢,高雄市新興區****,,否,,,,,,,
66,黃文益,111年高雄市議員選舉,首次申報,1110727,交通旅運支出,山隆加油站,,0.00,968.00,,,,公務車油資,金錢,高雄市苓雅區****,,否,,,,,,,
67,黃文益,111年高雄市議員選舉,首次申報,1110728,交通旅運支出,左新加油站有限公司,,0.00,2600.00,,,,公務車油資,金錢,高雄市左營區****,,否,,,,,,,
68,黃文益,111年高雄市議員選舉,首次申報,1110728,雜支支出,郵局,,0.00,228.00,,,,郵寄文件,金錢,高雄市新興區****,,否,,,,,,,
69,黃文益,111年高雄市議員選舉,首次申報,1110730,公共關係費用支出,北大武園藝坊,,0.00,8000.00,,,,蘭花盆,金錢,高雄市苓雅區****,,否,,,,,,,
70,黃文益,111年高雄市議員選舉,首次申報,1110730,交通旅運支出,松詠有限公司松詠加油站,,0.00,1000.00,,,,公務車油資,金錢,高雄市左營區****,,否,,,,,,,
71,黃文益,111年高雄市議員選舉,首次申報,1110730,交通旅運支出,甲洲加油站股份有限公司,,0.00,673.00,,,,公務車油資,金錢,高雄市鳳山區****,,否,,,,,,,
72,黃文益,111年高雄市議員選舉,首次申報,1110730,雜支支出,泰虎泰式料理,91453810,0.00,710.00,,,,餐飲費用(助理午餐),金錢,高雄市新興區****,,否,,,,,,,
73,黃文益,111年高雄市議員選舉,首次申報,1110801,交通旅運支出,山隆加油站,,0.00,484.00,,,,公務車油資,金錢,高雄市苓雅區****,,否,,,,,,,
74,黃文益,111年高雄市議員選舉,首次申報,1110801,雜支支出,急有企業有限公司,,0.00,117.00,,,,垃圾袋,金錢,高雄市新興區****,,否,,,,,,,
75,黃文益,111年高雄市議員選舉,首次申報,1110803,交通旅運支出,松詠有限公司松詠加油站,,0.00,998.00,,,,公務車油資,金錢,高雄市左營區****,,否,,,,,,,
76,黃文益,111年高雄市議員選舉,首次申報,1110803,雜支支出,富邦媒體科技股份有限公司,,0.00,1164.00,,,,雙面膠.垃圾袋等,金錢,臺北市內湖區****,,否,,,,,,,
77,黃文益,111年高雄市議員選舉,首次申報,1110804,公共關係費用支出,瑞興禮品社,,0.00,3390.00,,,,輓聯一批,金錢,桃園市大溪區****,,否,,,,,,,
78,黃文益,111年高雄市議員選舉,首次申報,1110804,交通旅運支出,金永勝加油站,,0.00,502.00,,,,公務車油資,金錢,臺中市烏日區****,,否,,,,,,,
79,黃文益,111年高雄市議員選舉,首次申報,1110805,人事費用支出,趙書梵,E12*******,0.00,3500.00,,,,趙書梵-月份工作費,金錢,高雄市三民區****,,否,,,,,,,
80,黃文益,111年高雄市議員選舉,首次申報,1110806,雜支支出,康福電子實業有限公司,,0.00,200.00,,,,熱熔膠,金錢,高雄市三民區****,,否,,,,,,,
81,黃文益,111年高雄市議員選舉,首次申報,1110806,雜支支出,留家港式燒腊館,69894200,0.00,630.00,,,,餐飲費用(助理午餐),金錢,高雄市苓雅區****,,否,,,,,,,
82,黃文益,111年高雄市議員選舉,首次申報,1110807,交通旅運支出,台灣中油左楠加油加氣站,,0.00,1300.00,,,,公務車油資,金錢,高雄市楠梓區****,,否,,,,,,,
83,黃文益,111年高雄市議員選舉,首次申報,1110808,交通旅運支出,中油公司中正三路站,,0.00,2700.00,,,,公務車油資,金錢,高雄市新興區****,,否,,,,,,,
84,黃文益,111年高雄市議員選舉,首次申報,1110810,人事費用支出,林非比,E22*******,0.00,4750.00,,,,林非比-月份工作費,金錢,高雄市新興區****,,否,,,,,,,
85,黃文益,111年高雄市議員選舉,首次申報,1110811,雜支支出,九乘九文具股份有限公司高雄中山分公司,,0.00,358.00,,,,文具用品,金錢,高雄市新興區****,,否,,,,,,,
86,黃文益,111年高雄市議員選舉,首次申報,1110811,人事費用支出,黃玲玲,E22*******,0.00,37212.00,,,,黃玲玲-月份薪資,金錢,高雄市三民區****,,否,,,,,,,
87,黃文益,111年高雄市議員選舉,首次申報,1110812,雜支支出,台灣自來水股份有限公司,,0.00,334.00,,,,//~//水費,金錢,高雄市前鎮區****,,否,,,,,,,
88,黃文益,111年高雄市議員選舉,首次申報,1110812,雜支支出,台灣電力公司,,0.00,4984.00,,,,競選辦公處/~/電費,金錢,高雄市鼓山區****,,否,,,,,,,
89,黃文益,111年高雄市議員選舉,首次申報,1110812,雜支支出,中華電信股份有限公司,,0.00,7767.00,,,,年月份電話費,金錢,高雄市新興區****,,否,,,,,,,
90,黃文益,111年高雄市議員選舉,首次申報,1110813,雜支支出,寶嘉生活館有限公司,,0.00,288.00,,,,雙面膠,金錢,高雄市新興區****,,否,,,,,,,
91,黃文益,111年高雄市議員選舉,首次申報,1110813,雜支支出,六和小吃店,10261101,0.00,750.00,,,,餐飲費用(助理午餐),金錢,高雄市新興區****,,否,,,,,,,
92,黃文益,111年高雄市議員選舉,首次申報,1110813,雜支支出,窗口土司店,38728229,0.00,210.00,,,,餐飲費用(助理晚餐),金錢,高雄市新興區****,,否,,,,,,,
93,黃文益,111年高雄市議員選舉,首次申報,1110814,交通旅運支出,左新加油站有限公司,,0.00,2700.00,,,,公務車油資,金錢,高雄市左營區****,,否,,,,,,,
94,黃文益,111年高雄市議員選舉,首次申報,1110815,人事費用支出,林思愷,E12*******,0.00,24277.00,,,,林思愷/~/工讀費,金錢,高雄市前鎮區****,,否,,,,,,,
95,黃文益,111年高雄市議員選舉,首次申報,1110816,交通旅運支出,中油公司建國二路站,,0.00,1500.00,,,,公務車油資,金錢,高雄市三民區****,,否,,,,,,,
96,黃文益,111年高雄市議員選舉,首次申報,1110817,交通旅運支出,台灣中油仁武站,,0.00,1400.00,,,,公務車油資,金錢,高雄市仁武區****,,否,,,,,,,
97,黃文益,111年高雄市議員選舉,首次申報,1110819,交通旅運支出,台灣中油左楠加油加氣站,,0.00,1400.00,,,,公務車油資,金錢,高雄市楠梓區****,,否,,,,,,,
98,黃文益,111年高雄市議員選舉,首次申報,1110819,雜支支出,蔡師傅筳席包辦,18109468,0.00,760.00,,,,餐飲費用(助理午餐),金錢,高雄市鼓山區****,,否,,,,,,,
99,黃文益,111年高雄市議員選舉,首次申報,1110820,雜支支出,富邦媒體科技股份有限公司,,0.00,699.00,,,,拖把,金錢,臺北市內湖區****,,否,,,,,,,
100,黃文益,111年高雄市議員選舉,首次申報,1110820,雜支支出,安田壽司日本料理,93966610,0.00,390.00,,,,餐飲費用(助理午餐),金錢,高雄市新興區****,,否,,,,,,,
101,黃文益,111年高雄市議員選舉,首次申報,1110821,交通旅運支出,甲洲加油站股份有限公司,,0.00,614.00,,,,公務車油資,金錢,高雄市鳳山區****,,否,,,,,,,
102,黃文益,111年高雄市議員選舉,首次申報,1110822,交通旅運支出,中油公司建國二路站,,0.00,1000.00,,,,公務車油資,金錢,高雄市三民區****,,否,,,,,,,
103,黃文益,111年高雄市議員選舉,首次申報,1110823,宣傳支出,大眾上校派報形象社,15536950,0.00,17500.00,,,,派報活動文宣,金錢,高雄市鳳山區****,,否,,,,,,,
104,黃文益,111年高雄市議員選舉,首次申報,1110823,宣傳支出,京泓國際事業有限公司,80380782,0.00,315000.00,,,,廣告看板製作一批,金錢,高雄市前金區****,,否,,,,,,,
105,黃文益,111年高雄市議員選舉,首次申報,1110824,雜支支出,郵局,,0.00,223.00,,,,郵寄文件,金錢,高雄市新興區****,,否,,,,,,,
106,黃文益,111年高雄市議員選舉,首次申報,1110824,雜支支出,九易宇軒股份有限公司,,0.00,1076.00,,,,酒精及柔濕巾一箱,金錢,臺北市南港區****,,否,,,,,,,
107,黃文益,111年高雄市議員選舉,首次申報,1110825,雜支支出,天之美彩色沖印行,,0.00,240.00,,,,照片沖印,金錢,高雄市新興區****,,否,,,,,,,
108,黃文益,111年高雄市議員選舉,首次申報,1110825,雜支支出,康福電子實業有限公司,,0.00,400.00,,,,熱熔膠,金錢,高雄市三民區****,,否,,,,,,,
109,黃文益,111年高雄市議員選舉,首次申報,1110826,租用競選辦事處支出,新藝綜合美術廣告社,,0.00,5000.00,,,,燈光照明更新修繕,金錢,高雄市苓雅區****,,否,,,,,,,
110,黃文益,111年高雄市議員選舉,首次申報,1110826,雜支支出,一零一企業股份有限公司復興分公司,,0.00,42.00,,,,泡棉膠,金錢,高雄市新興區****,,否,,,,,,,
111,黃文益,111年高雄市議員選舉,首次申報,1110827,雜支支出,順發電腦股份有限公司高雄分公司,,0.00,428.00,,,,耳機及CD,金錢,高雄市三民區****,,否,,,,,,,
112,黃文益,111年高雄市議員選舉,首次申報,1110827,交通旅運支出,中油公司中華三路站,,0.00,1000.00,,,,公務車油資,金錢,高雄市前金區****,,否,,,,,,,
113,黃文益,111年高雄市議員選舉,首次申報,1110827,交通旅運支出,NPC全國加油站三多路加油站,,0.00,863.00,,,,公務車油資,金錢,高雄市苓雅區****,,否,,,,,,,
114,黃文益,111年高雄市議員選舉,首次申報,1110827,雜支支出,六和小吃店,10261101,0.00,450.00,,,,餐飲費用(助理午餐),金錢,高雄市新興區****,,否,,,,,,,
115,黃文益,111年高雄市議員選舉,首次申報,1110827,雜支支出,一家人池上飯盒,92117061,0.00,240.00,,,,餐飲費用(助理午餐),金錢,高雄市新興區****,,否,,,,,,,
116,黃文益,111年高雄市議員選舉,首次申報,1110828,交通旅運支出,松詠有限公司松詠加油站,,0.00,2000.00,,,,公務車油資,金錢,高雄市左營區****,,否,,,,,,,
117,黃文益,111年高雄市議員選舉,首次申報,1110829,宣傳支出,大眾上校派報形象社,15536950,0.00,21420.00,,,,派報活動宣傳文宣,金錢,高雄市鳳山區****,,否,,,,,,,
118,黃文益,111年高雄市議員選舉,首次申報,1110831,宣傳支出,青恆視覺設計工作室,41305131,0.00,24255.00,,,,文宣設計一批,金錢,高雄市鼓山區****,,否,,,,,,,
119,黃文益,111年高雄市議員選舉,首次申報,1110831,宣傳支出,青恆視覺設計工作室,41305131,0.00,34230.00,,,,文宣設計一批及名片印刷,金錢,高雄市鼓山區****,,否,,,,,,,
120,黃文益,111年高雄市議員選舉,首次申報,1110901,雜支支出,青年書局,,0.00,210.00,,,,文具用品,金錢,高雄市苓雅區****,,否,,,,,,,
121,黃文益,111年高雄市議員選舉,首次申報,1110901,交通旅運支出,楠都油加油站股份有限公司,,0.00,1000.00,,,,公務車油資,金錢,高雄市楠梓區****,,否,,,,,,,
122,黃文益,111年高雄市議員選舉,首次申報,1110905,交通旅運支出,中油公司中正二路站,,0.00,1000.00,,,,公務車油資,金錢,高雄市新興區****,,否,,,,,,,
123,黃文益,111年高雄市議員選舉,首次申報,1110905,人事費用支出,趙書梵,E12*******,0.00,5000.00,,,,趙書梵-月份加班費,金錢,高雄市新興區****,,否,,,,,,,
124,黃文益,111年高雄市議員選舉,首次申報,1110905,人事費用支出,蔣恩平,E12*******,0.00,5000.00,,,,蔣恩平月份加班費,金錢,高雄市左營區****,,否,,,,,,,
125,黃文益,111年高雄市議員選舉,首次申報,1110905,人事費用支出,江金貴,E20*******,0.00,5000.00,,,,江金貴-月份加班費,金錢,高雄市苓雅區****,,否,,,,,,,
126,黃文益,111年高雄市議員選舉,首次申報,1110905,人事費用支出,林非比,E22*******,0.00,5000.00,,,,林非比-月份加班費,金錢,高雄市新興區****,,否,,,,,,,
127,黃文益,111年高雄市議員選舉,首次申報,1110905,人事費用支出,黃玲玲,E22*******,0.00,5000.00,,,,月份加班費,金錢,高雄市三民區****,,否,,,,,,,
128,黃文益,111年高雄市議員選舉,首次申報,1110905,人事費用支出,黃濡茵,E22*******,0.00,5000.00,,,,黃濡茵-月份加班費,金錢,高雄市楠梓區****,,否,,,,,,,
129,黃文益,111年高雄市議員選舉,首次申報,1110905,人事費用支出,劉美青,S22*******,0.00,5000.00,,,,劉美青-月份加班費,金錢,高雄市苓雅區****,,否,,,,,,,
130,黃文益,111年高雄市議員選舉,首次申報,1110906,交通旅運支出,澄清湖加油站股份有限公司,,0.00,1000.00,,,,公務車油資,金錢,高雄市三民區****,,否,,,,,,,
131,黃文益,111年高雄市議員選舉,首次申報,1110907,交通旅運支出,中油公司中正二路站,,0.00,1000.00,,,,公務車油資,金錢,高雄市新興區****,,否,,,,,,,
132,黃文益,111年高雄市議員選舉,首次申報,1110907,公共關係費用支出,瑞興禮品社,,0.00,6280.00,,,,中堂.輓聯,金錢,桃園市大溪區****,,否,,,,,,,
133,黃文益,111年高雄市議員選舉,首次申報,1110908,公共關係費用支出,炫佑企業行,,0.00,9240.00,,,,摸彩品一批,金錢,高雄市鼓山區****,,否,,,,,,,
134,黃文益,111年高雄市議員選舉,首次申報,1110909,交通旅運支出,中油公司建國二路站,,0.00,1700.00,,,,公務車油資,金錢,高雄市三民區****,,否,,,,,,,
135,黃文益,111年高雄市議員選舉,首次申報,1110909,雜支支出,阿義小吃店,76401130,0.00,630.00,,,,餐飲費用(助理午餐),金錢,高雄市新興區****,,否,,,,,,,
136,黃文益,111年高雄市議員選舉,首次申報,1110910,雜支支出,小南碗粿,79861137,0.00,670.00,,,,餐飲費用(助理午餐),金錢,高雄市前金區****,,否,,,,,,,
137,黃文益,111年高雄市議員選舉,首次申報,1110912,宣傳支出,快樂廣播事業股份有限公司,89281812,0.00,50000.00,,,,播放、傳送或刊登宣傳廣告費用,金錢,高雄市苓雅區****,,否,,,,,,,
138,黃文益,111年高雄市議員選舉,首次申報,1110912,人事費用支出,黃玲玲,E22*******,0.00,37834.00,,,,黃玲玲-月份薪資,金錢,高雄市三民區****,,否,,,,,,,
139,黃文益,111年高雄市議員選舉,首次申報,1110912,人事費用支出,林非比,E22*******,0.00,4750.00,,,,林非比-月份工作費,金錢,高雄市新興區****,,否,,,,,,,
140,黃文益,111年高雄市議員選舉,首次申報,1110913,租用競選辦事處支出,富邦媒體科技股份有限公司,,0.00,4490.00,,,,相片印相機,金錢,臺北市內湖區****,,否,,,,,,,
141,黃文益,111年高雄市議員選舉,首次申報,1110914,雜支支出,中華電信股份有限公司,,0.00,5159.00,,,,年月份電話費,金錢,高雄市新興區****,,否,,,,,,,
142,黃文益,111年高雄市議員選舉,首次申報,1110914,交通旅運支出,許新興加油站有限公司德民加油站,,0.00,1800.00,,,,公務車油資,金錢,高雄市楠梓區****,,否,,,,,,,
143,黃文益,111年高雄市議員選舉,首次申報,1110914,雜支支出,良輝企業社,78713996,0.00,15750.00,,,,塑膠袋一批(放置口罩用),金錢,高雄市左營區****,,否,,,,,,,
144,黃文益,111年高雄市議員選舉,首次申報,1110917,雜支支出,福海排骨小吃店,21361676,0.00,420.00,,,,餐飲費用(助理午餐),金錢,高雄市苓雅區****,,否,,,,,,,
145,黃文益,111年高雄市議員選舉,首次申報,1110918,交通旅運支出,中油公司建國二路站,,0.00,2150.00,,,,公務車油資,金錢,高雄市三民區****,,否,,,,,,,
146,黃文益,111年高雄市議員選舉,首次申報,1110919,交通旅運支出,中油公司中正三路站,,0.00,2300.00,,,,公務車油資,金錢,高雄市新興區****,,否,,,,,,,
147,黃文益,111年高雄市議員選舉,首次申報,1110920,交通旅運支出,NPC全國加油站三多路加油站,,0.00,1893.00,,,,公務車油資,金錢,高雄市苓雅區****,,否,,,,,,,
148,黃文益,111年高雄市議員選舉,首次申報,1110920,雜支支出,良輝企業社,78713996,0.00,10238.00,,,,塑膠袋一批(放置口罩用),金錢,高雄市左營區****,,否,,,,,,,
149,黃文益,111年高雄市議員選舉,首次申報,1110921,交通旅運支出,台灣中油關廟服務區北上加油站,,0.00,1000.00,,,,公務車油資,金錢,臺南市龍崎區****,,否,,,,,,,
150,黃文益,111年高雄市議員選舉,首次申報,1110921,人事費用支出,高雄市議會總務組出納,76006406,0.00,15625.00,,,,助理月份勞健保費用,金錢,高雄市鳳山區****,,否,,,,,,,
151,黃文益,111年高雄市議員選舉,首次申報,1110922,交通旅運支出,中油公司南鼓山站,,0.00,1000.00,,,,公務車油資,金錢,高雄市鼓山區****,,否,,,,,,,
152,黃文益,111年高雄市議員選舉,首次申報,1110922,雜支支出,青年書局,,0.00,140.00,,,,文具用品,金錢,高雄市苓雅區****,,否,,,,,,,
153,黃文益,111年高雄市議員選舉,首次申報,1110923,雜支支出,九乘九文具股份有限公司高雄中山分公司,,0.00,199.00,,,,A紙,金錢,高雄市新興區****,,否,,,,,,,
154,黃文益,111年高雄市議員選舉,首次申報,1110923,雜支支出,郵局,,0.00,240.00,,,,印花稅票,金錢,高雄市苓雅區****,,否,,,,,,,
155,黃文益,111年高雄市議員選舉,首次申報,1110923,雜支支出,一零一企業股份有限公司復興分公司,,0.00,61.00,,,,橡皮筋,金錢,高雄市新興區****,,否,,,,,,,
156,黃文益,111年高雄市議員選舉,首次申報,1110923,雜支支出,急有企業有限公司,,0.00,137.00,,,,垃圾袋.清潔劑,金錢,高雄市新興區****,,否,,,,,,,
157,黃文益,111年高雄市議員選舉,首次申報,1110924,交通旅運支出,裕誠加油站股份有限公司,,0.00,999.00,,,,公務車油資,金錢,高雄市左營區****,,否,,,,,,,
158,黃文益,111年高雄市議員選舉,首次申報,1110927,雜支支出,日馨文具有限公司,,0.00,1673.00,,,,雙面膠,金錢,高雄市前鎮區****,,否,,,,,,,
159,黃文益,111年高雄市議員選舉,首次申報,1110928,雜支支出,富邦媒體科技股份有限公司,,0.00,434.00,,,,束帶扣二個,金錢,臺北市內湖區****,,否,,,,,,,
160,黃文益,111年高雄市議員選舉,首次申報,1110928,雜支支出,金斧頭服裝行,,0.00,2000.00,,,,助理背心件,金錢,高雄市三民區****,,否,,,,,,,
161,黃文益,111年高雄市議員選舉,首次申報,1110928,雜支支出,寶嘉生活館有限公司,,0.00,1500.00,,,,塑膠椅張,金錢,高雄市新興區****,,否,,,,,,,
162,黃文益,111年高雄市議員選舉,首次申報,1110928,公共關係費用支出,瑞興禮品社,37793159,0.00,2900.00,,,,中堂一批,金錢,桃園市大溪區****,,否,,,,,,,
163,黃文益,111年高雄市議員選舉,首次申報,1110929,交通旅運支出,中油公司中華三路站,,0.00,1000.00,,,,公務車油資,金錢,高雄市前金區****,,否,,,,,,,
164,黃文益,111年高雄市議員選舉,首次申報,1110929,雜支支出,康福電子實業有限公司,,0.00,5060.00,,,,無線麥克風.擴音器及延長線,金錢,高雄市三民區****,,否,,,,,,,
165,黃文益,111年高雄市議員選舉,首次申報,1110930,公共關係費用支出,祥泰企業社,,0.00,150.00,,,,中堂,金錢,高雄市新興區****,,否,,,,,,,
166,黃文益,111年高雄市議員選舉,首次申報,1110930,公共關係費用支出,北大武園藝坊,,0.00,5000.00,,,,蘭花盆,金錢,高雄市苓雅區****,,否,,,,,,,
167,黃文益,111年高雄市議員選舉,首次申報,1110930,雜支支出,愛肯科技社,,0.00,3650.00,,,,C產品,金錢,新北市淡水區****,,否,,,,,,,
168,黃文益,111年高雄市議員選舉,首次申報,1110930,雜支支出,港都有線電視股份有限公司,,0.00,1000.00,,,,有線電視~ 月份,金錢,高雄市前鎮區****,,否,,,,,,,
169,黃文益,111年高雄市議員選舉,首次申報,1110930,雜支支出,郵局,,0.00,146.00,,,,郵寄信件,金錢,高雄市新興區****,,否,,,,,,,
170,黃文益,111年高雄市議員選舉,首次申報,1110930,交通旅運支出,中油公司建國二路站,,0.00,3350.00,,,,公務車油資,金錢,高雄市三民區****,,否,,,,,,,
171,黃文益,111年高雄市議員選舉,首次申報,1111001,雜支支出,康福電子實業有限公司,,0.00,1000.00,,,,延長線,金錢,高雄市三民區****,,否,,,,,,,
172,黃文益,111年高雄市議員選舉,首次申報,1111001,雜支支出,金伯鈴排骨大王,99718336,0.00,1400.00,,,,餐飲費用(助理午餐),金錢,高雄市新興區****,,否,,,,,,,
173,黃文益,111年高雄市議員選舉,首次申報,1111002,雜支支出,六和小吃店,10261101,0.00,500.00,,,,餐飲費用(助理午餐),金錢,高雄市新興區****,,否,,,,,,,
174,黃文益,111年高雄市議員選舉,首次申報,1111003,雜支支出,郵局,,0.00,28.00,,,,郵寄文件,金錢,高雄市新興區****,,否,,,,,,,
175,黃文益,111年高雄市議員選舉,首次申報,1111004,雜支支出,急有企業有限公司,,0.00,88.00,,,,垃圾袋,金錢,高雄市新興區****,,否,,,,,,,
176,黃文益,111年高雄市議員選舉,首次申報,1111005,雜支支出,富邦媒體科技股份有限公司,,0.00,799.00,,,,衛生紙一箱,金錢,臺北市內湖區****,,否,,,,,,,
177,黃文益,111年高雄市議員選舉,首次申報,1111006,交通旅運支出,新翔加油站股份有限公司,,0.00,999.00,,,,公務車油資,金錢,高雄市鼓山區****,,否,,,,,,,
178,黃文益,111年高雄市議員選舉,首次申報,1111007,交通旅運支出,中油公司建國二路站,,0.00,3400.00,,,,公務車油資,金錢,高雄市三民區****,,否,,,,,,,
179,黃文益,111年高雄市議員選舉,首次申報,1111007,宣傳支出,大眾上校派報形象社,15536950,0.00,44100.00,,,,派報活動文宣,金錢,高雄市鳳山區****,,否,,,,,,,
180,黃文益,111年高雄市議員選舉,首次申報,1111008,雜支支出,八洲企業用品社,,0.00,190.00,,,,文具用品,金錢,高雄市三民區****,,否,,,,,,,
181,黃文益,111年高雄市議員選舉,首次申報,1111008,交通旅運支出,中油公司林森二路站,,0.00,800.00,,,,公務車油資,金錢,高雄市新興區****,,否,,,,,,,
182,黃文益,111年高雄市議員選舉,首次申報,1111008,雜支支出,陳家前金肉燥飯營業所,72149396,0.00,610.00,,,,餐飲費用(助理午餐),金錢,高雄市前金區****,,否,,,,,,,
183,黃文益,111年高雄市議員選舉,首次申報,1111009,雜支支出,諭泉豆乳店,78702914,0.00,560.00,,,,餐飲費用(助理午餐),金錢,高雄市新興區****,,否,,,,,,,
184,黃文益,111年高雄市議員選舉,首次申報,1111010,雜支支出,金百鈴排骨大王,99053443,0.00,625.00,,,,餐飲費用(助理午餐),金錢,高雄市新興區****,,否,,,,,,,
185,黃文益,111年高雄市議員選舉,首次申報,1111011,雜支支出,台灣電力公司,,0.00,7976.00,,,,競選辦公處/~/電費,金錢,高雄市鼓山區****,,否,,,,,,,
186,黃文益,111年高雄市議員選舉,首次申報,1111011,雜支支出,台灣自來水股份有限公司,,0.00,414.00,,,,//~//水費,金錢,高雄市前鎮區****,,否,,,,,,,
187,黃文益,111年高雄市議員選舉,首次申報,1111011,雜支支出,中華電信股份有限公司,,0.00,4991.00,,,,年月份電話費,金錢,高雄市新興區****,,否,,,,,,,
188,黃文益,111年高雄市議員選舉,首次申報,1111011,人事費用支出,陳郁升,E12*******,0.00,10000.00,,,,陳郁升-臨時工資月份,金錢,高雄市苓雅區****,,否,,,,,,,
189,黃文益,111年高雄市議員選舉,首次申報,1111011,人事費用支出,蔣恩平,E12*******,0.00,5000.00,,,,蔣恩平月份加班費,金錢,高雄市左營區****,,否,,,,,,,
190,黃文益,111年高雄市議員選舉,首次申報,1111011,人事費用支出,趙書梵,E12*******,0.00,5000.00,,,,趙書梵月份加班費,金錢,高雄市新興區****,,否,,,,,,,
191,黃文益,111年高雄市議員選舉,首次申報,1111011,人事費用支出,江金貴,E20*******,0.00,5000.00,,,,江金貴月份加班費,金錢,高雄市苓雅區****,,否,,,,,,,
192,黃文益,111年高雄市議員選舉,首次申報,1111011,人事費用支出,林非比,E22*******,0.00,5000.00,,,,林非比月份加班費,金錢,高雄市新興區****,,否,,,,,,,
193,黃文益,111年高雄市議員選舉,首次申報,1111011,人事費用支出,林非比,E22*******,0.00,4750.00,,,,林非比-月份工作費,金錢,高雄市新興區****,,否,,,,,,,
194,黃文益,111年高雄市議員選舉,首次申報,1111011,人事費用支出,黃濡茵,E22*******,0.00,5000.00,,,,黃濡茵月份加班費,金錢,高雄市楠梓區****,,否,,,,,,,
195,黃文益,111年高雄市議員選舉,首次申報,1111011,人事費用支出,黃玲玲,E22*******,0.00,5000.00,,,,黃玲玲月份加班費,金錢,高雄市三民區****,,否,,,,,,,
196,黃文益,111年高雄市議員選舉,首次申報,1111011,人事費用支出,黃玲玲,E22*******,0.00,37834.00,,,,黃玲玲-月份薪資,金錢,高雄市三民區****,,否,,,,,,,
197,黃文益,111年高雄市議員選舉,首次申報,1111011,人事費用支出,劉美青,S22*******,0.00,5000.00,,,,劉美青-月份加班費,金錢,高雄市苓雅區****,,否,,,,,,,
198,黃文益,111年高雄市議員選舉,首次申報,1111012,交通旅運支出,大眾加油站有限公司,,0.00,1984.00,,,,公務車油資,金錢,高雄市苓雅區****,,否,,,,,,,
199,黃文益,111年高雄市議員選舉,首次申報,1111012,雜支支出,寶嘉生活館有限公司,,0.00,251.00,,,,束帶.電池.垃圾袋,金錢,高雄市新興區****,,否,,,,,,,
200,黃文益,111年高雄市議員選舉,首次申報,1111012,公共關係費用支出,瑞興禮品社,,0.00,3370.00,,,,輓聯一批,金錢,桃園市大溪區****,,否,,,,,,,
201,黃文益,111年高雄市議員選舉,首次申報,1111012,雜支支出,山和水美食坊,18105673,0.00,930.00,,,,餐飲費用(助理晚餐),金錢,高雄市苓雅區****,,否,,,,,,,
202,黃文益,111年高雄市議員選舉,首次申報,1111013,雜支支出,正爵企業有限公司,,0.00,1000.00,,,,自行車安全帽,金錢,高雄市苓雅區****,,否,,,,,,,
203,黃文益,111年高雄市議員選舉,首次申報,1111013,人事費用支出,王錡婷,E22*******,0.00,15000.00,,,,王錡婷-臨時工/~/薪資,金錢,高雄市苓雅區****,,否,,,,,,,
204,黃文益,111年高雄市議員選舉,首次申報,1111014,雜支支出,梅之家便當,06789412,0.00,860.00,,,,餐飲費用(助理午餐),金錢,高雄市新興區****,,否,,,,,,,
205,黃文益,111年高雄市議員選舉,首次申報,1111015,交通旅運支出,桂華加油站股份有限公司,,0.00,300.00,,,,公務車油資,金錢,高雄市左營區****,,否,,,,,,,
206,黃文益,111年高雄市議員選舉,首次申報,1111015,交通旅運支出,甲洲加油站股份有限公司,,0.00,907.00,,,,公務車油資,金錢,高雄市鳳山區****,,否,,,,,,,
207,黃文益,111年高雄市議員選舉,首次申報,1111015,交通旅運支出,中油公司建國二路站,,0.00,1400.00,,,,公務車油資,金錢,高雄市三民區****,,否,,,,,,,
208,黃文益,111年高雄市議員選舉,首次申報,1111015,雜支支出,沐川咖哩,38700974,0.00,850.00,,,,餐飲費用(助理午餐),金錢,高雄市新興區****,,否,,,,,,,
209,黃文益,111年高雄市議員選舉,首次申報,1111016,交通旅運支出,許新興加油站有限公司德民加油站,,0.00,1000.00,,,,公務車油資,金錢,高雄市楠梓區****,,否,,,,,,,
210,黃文益,111年高雄市議員選舉,首次申報,1111016,雜支支出,康福電子實業有限公司,,0.00,1973.00,,,,無線麥克風接收器及延長線,金錢,高雄市三民區****,,否,,,,,,,
211,黃文益,111年高雄市議員選舉,首次申報,1111017,雜支支出,郵局,,0.00,196.00,,,,郵寄文件,金錢,高雄市新興區****,,否,,,,,,,
212,黃文益,111年高雄市議員選舉,首次申報,1111017,宣傳支出,青恆視覺設計工作室,41305131,0.00,24255.00,,,,文宣看板設計一批,金錢,高雄市鼓山區****,,否,,,,,,,
213,黃文益,111年高雄市議員選舉,首次申報,1111018,雜支支出,郵局,,0.00,124.00,,,,郵寄文件,金錢,高雄市新興區****,,否,,,,,,,
214,黃文益,111年高雄市議員選舉,首次申報,1111018,宣傳支出,南六企業股份有公司,75989858,0.00,91800.00,,,,製作競選物品（口罩個）,金錢,高雄市燕巢區****,,否,,,,,,,
215,黃文益,111年高雄市議員選舉,首次申報,1111020,雜支支出,涵馥堂美術事業有限公司,,0.00,495.00,,,,文具用品,金錢,高雄市苓雅區****,,否,,,,,,,
216,黃文益,111年高雄市議員選舉,首次申報,1111020,租用宣傳車輛支出,中油公司建國二路站,,0.00,1010.00,,,,宣傳車油資,金錢,高雄市三民區****,,否,,,,,,,
217,黃文益,111年高雄市議員選舉,首次申報,1111020,雜支支出,寶雅高雄七賢店,,0.00,603.00,,,,束帶及童軍繩(宣傳車用),金錢,高雄市前金區****,,否,,,,,,,
218,黃文益,111年高雄市議員選舉,首次申報,1111020,宣傳支出,大眾上校派報形象社,15536950,0.00,12600.00,,,,派報總部成立文宣,金錢,高雄市鳳山區****,,否,,,,,,,
219,黃文益,111年高雄市議員選舉,首次申報,1111020,人事費用支出,高雄市議會總務組出納,76006406,0.00,15625.00,,,,助理月份勞健保費用,金錢,高雄市鳳山區****,,否,,,,,,,
220,黃文益,111年高雄市議員選舉,首次申報,1111020,雜支支出,良輝企業社,78713996,0.00,3240.00,,,,塑膠袋一批(放置口罩用),金錢,高雄市左營區****,,否,,,,,,,
221,黃文益,111年高雄市議員選舉,首次申報,1111020,雜支支出,一家人池上飯盒,92117061,0.00,200.00,,,,餐飲費用(助理午餐),金錢,高雄市新興區****,,否,,,,,,,
222,黃文益,111年高雄市議員選舉,首次申報,1111021,雜支支出,六和小吃店,10261101,0.00,1680.00,,,,餐飲費用(助理午餐),金錢,高雄市新興區****,,否,,,,,,,
223,黃文益,111年高雄市議員選舉,首次申報,1111021,雜支支出,山和水美食坊,18105673,0.00,1350.00,,,,餐飲費用(助理午餐),金錢,高雄市苓雅區****,,否,,,,,,,
224,黃文益,111年高雄市議員選舉,首次申報,1111022,雜支支出,竑印企業社,,0.00,168.00,,,,印刷,金錢,高雄市左營區****,,否,,,,,,,
225,黃文益,111年高雄市議員選舉,首次申報,1111022,雜支支出,福海排骨小吃店,21361676,0.00,1760.00,,,,餐飲費用,金錢,高雄市苓雅區****,,否,,,,,,,
226,黃文益,111年高雄市議員選舉,首次申報,1111022,雜支支出,高嶺越排骨飯館,72076865,0.00,1200.00,,,,餐飲費用,金錢,高雄市苓雅區****,,否,,,,,,,
227,黃文益,111年高雄市議員選舉,首次申報,1111023,雜支支出,九乘九文具股份有限公司高雄中山分公司,,0.00,399.00,,,,噴墨專用紙及文具,金錢,高雄市新興區****,,否,,,,,,,
228,黃文益,111年高雄市議員選舉,首次申報,1111023,雜支支出,燦坤實業股份有限公司左營光華分公司,,0.00,664.00,,,,隨身碟,金錢,高雄市左營區****,,否,,,,,,,
229,黃文益,111年高雄市議員選舉,首次申報,1111023,雜支支出,劉江便當,76394551,0.00,1180.00,,,,餐飲費用(助理晚餐),金錢,高雄市新興區****,,否,,,,,,,
230,黃文益,111年高雄市議員選舉,首次申報,1111023,雜支支出,安田壽司日本料理,93966610,0.00,1020.00,,,,餐飲費用(助理午餐),金錢,高雄市新興區****,,否,,,,,,,
231,黃文益,111年高雄市議員選舉,首次申報,1111024,雜支支出,國泰世紀產物保險股份有限公司,,0.00,5549.00,,,,競選總部工作人員意外險,金錢,臺北市大安區****,,否,,,,,,,
232,黃文益,111年高雄市議員選舉,首次申報,1111024,交通旅運支出,中油公司中正二路站,,0.00,1200.00,,,,公務車油資,金錢,高雄市新興區****,,否,,,,,,,
233,黃文益,111年高雄市議員選舉,首次申報,1111024,租用宣傳車輛支出,中油公司中正三路站,,0.00,500.00,,,,宣傳車油資,金錢,高雄市新興區****,,否,,,,,,,
234,黃文益,111年高雄市議員選舉,首次申報,1111024,雜支支出,郵局,,0.00,84.00,,,,郵寄文件,金錢,高雄市新興區****,,否,,,,,,,
235,黃文益,111年高雄市議員選舉,首次申報,1111024,雜支支出,復興鴨莊小吃店,81108699,0.00,1300.00,,,,餐飲費用(助理午餐),金錢,高雄市新興區****,,否,,,,,,,
236,黃文益,111年高雄市議員選舉,首次申報,1111024,雜支支出,金伯鈴排骨大王,99718336,0.00,1105.00,,,,餐飲費用(助理午餐),金錢,高雄市新興區****,,否,,,,,,,
237,黃文益,111年高雄市議員選舉,首次申報,1111024,人事費用支出,劉續琯,E12*******,0.00,28833.00,,,,劉續琯/~/薪資,金錢,高雄市苓雅區****,,否,,,,,,,
238,黃文益,111年高雄市議員選舉,首次申報,1111025,雜支支出,全賓中式快餐便當,69899140,0.00,905.00,,,,餐飲費用(助理午餐),金錢,高雄市三民區****,,否,,,,,,,
239,黃文益,111年高雄市議員選舉,首次申報,1111025,雜支支出,金百鈴排骨大王,99053443,0.00,780.00,,,,餐飲費用(助理午餐),金錢,高雄市新興區****,,否,,,,,,,
240,黃文益,111年高雄市議員選舉,首次申報,1111026,交通旅運支出,新翔加油站股份有限公司,,0.00,983.00,,,,公務車油資,金錢,高雄市鼓山區****,,否,,,,,,,
241,黃文益,111年高雄市議員選舉,首次申報,1111026,公共關係費用支出,瑞興禮品社,37793159,0.00,2900.00,,,,中堂一批,金錢,桃園市大溪區****,,否,,,,,,,
242,黃文益,111年高雄市議員選舉,首次申報,1111026,宣傳支出,南六企業股份有公司,75989858,0.00,30000.00,,,,製作競選物品（口罩個）,金錢,高雄市燕巢區****,,否,,,,,,,
243,黃文益,111年高雄市議員選舉,首次申報,1111027,雜支支出,泉富商行維新分店,,0.00,9750.00,,,,礦泉水箱,金錢,高雄市岡山區****,,否,,,,,,,
244,黃文益,111年高雄市議員選舉,首次申報,1111027,交通旅運支出,中油公司建國二路站,,0.00,3733.00,,,,公務車油資,金錢,高雄市三民區****,,否,,,,,,,
245,黃文益,111年高雄市議員選舉,首次申報,1111027,雜支支出,小葉水餃麵店,,0.00,1100.00,,,,餐飲費用(助理午餐),金錢,高雄市新興區****,,否,,,,,,,
246,黃文益,111年高雄市議員選舉,首次申報,1111027,雜支支出,草原亭小吃店,67849270,0.00,1410.00,,,,餐飲費用(助理午餐),金錢,高雄市新興區****,,否,,,,,,,
247,黃文益,111年高雄市議員選舉,首次申報,1111028,雜支支出,日馨文具有限公司,,0.00,3126.00,,,,標籤紙包及雙面膠,金錢,高雄市前鎮區****,,否,,,,,,,
248,黃文益,111年高雄市議員選舉,首次申報,1111028,雜支支出,善友素食,08883504,0.00,160.00,,,,餐飲費用,金錢,高雄市新興區****,,否,,,,,,,
249,黃文益,111年高雄市議員選舉,首次申報,1111028,雜支支出,六和小吃店,10261101,0.00,540.00,,,,餐飲費用(助理午餐),金錢,高雄市新興區****,,否,,,,,,,
250,黃文益,111年高雄市議員選舉,首次申報,1111028,雜支支出,阿好碗粿,98718597,0.00,1170.00,,,,餐飲費用(助理午餐),金錢,高雄市新興區****,,否,,,,,,,
251,黃文益,111年高雄市議員選舉,首次申報,1111029,租用宣傳車輛支出,中油公司青年路站,,0.00,2500.00,,,,宣傳車油資,金錢,高雄市苓雅區****,,否,,,,,,,
252,黃文益,111年高雄市議員選舉,首次申報,1111029,雜支支出,急有企業有限公司,,0.00,78.00,,,,垃圾袋,金錢,高雄市新興區****,,否,,,,,,,
253,黃文益,111年高雄市議員選舉,首次申報,1111029,雜支支出,聰明鴨肉店,76399752,0.00,1260.00,,,,餐飲費用(助理午餐),金錢,高雄市新興區****,,否,,,,,,,
254,黃文益,111年高雄市議員選舉,首次申報,1111029,雜支支出,良輝企業社,78713996,0.00,9150.00,,,,塑膠袋一批(放置口罩用),金錢,高雄市左營區****,,否,,,,,,,
255,黃文益,111年高雄市議員選舉,首次申報,1111029,雜支支出,富品臻便當店,85516416,0.00,890.00,,,,餐飲費用(助理午餐),金錢,高雄市新興區****,,否,,,,,,,
256,黃文益,111年高雄市議員選舉,首次申報,1111030,公共關係費用支出,北大武園藝坊,,0.00,9000.00,,,,蘭花盆,金錢,高雄市苓雅區****,,否,,,,,,,
257,黃文益,111年高雄市議員選舉,首次申報,1111030,雜支支出,一零一企業股份有限公司復興分公司,,0.00,552.00,,,,文具用品,金錢,高雄市新興區****,,否,,,,,,,
258,黃文益,111年高雄市議員選舉,首次申報,1111030,雜支支出,光南大批發文橫店,,0.00,240.00,,,,標籤紙,金錢,高雄市新興區****,,否,,,,,,,
259,黃文益,111年高雄市議員選舉,首次申報,1111030,租用宣傳車輛支出,中油公司中正二路站,,0.00,2210.00,,,,宣傳車油資,金錢,高雄市新興區****,,否,,,,,,,
260,黃文益,111年高雄市議員選舉,首次申報,1111030,交通旅運支出,台糖加昌加油站,,0.00,1100.00,,,,公務車油資,金錢,高雄市楠梓區****,,否,,,,,,,
261,黃文益,111年高雄市議員選舉,首次申報,1111030,宣傳支出,青恆視覺設計工作室,41305131,0.00,24150.00,,,,海報印刷及插畫一批,金錢,高雄市鼓山區****,,否,,,,,,,
262,黃文益,111年高雄市議員選舉,首次申報,1111030,雜支支出,也百合咖哩飯,47650270,0.00,1010.00,,,,餐飲費用(助理午餐),金錢,高雄市苓雅區****,,否,,,,,,,
263,黃文益,111年高雄市議員選舉,首次申報,1111031,雜支支出,小程牛肉麵,,0.00,1500.00,,,,餐飲費用(助理晚餐),金錢,高雄市新興區****,,否,,,,,,,
264,黃文益,111年高雄市議員選舉,首次申報,1111031,雜支支出,鑫寶資訊社,,0.00,800.00,,,,碳粉匣,金錢,高雄市三民區****,,否,,,,,,,
265,黃文益,111年高雄市議員選舉,首次申報,1111031,租用宣傳車輛支出,中油公司三多三路站,,0.00,500.00,,,,宣傳車油資,金錢,高雄市苓雅區****,,否,,,,,,,
266,黃文益,111年高雄市議員選舉,首次申報,1111031,宣傳支出,中華郵政股份有限公司高雄郵局,15626116,0.00,34858.00,,,,郵寄總部成立邀請卡,金錢,高雄市新興區****,,否,,,,,,,
267,黃文益,111年高雄市議員選舉,首次申報,1111031,雜支支出,山和水美食坊,18105673,0.00,1170.00,,,,餐飲費用(助理午餐),金錢,高雄市苓雅區****,,否,,,,,,,
268,黃文益,111年高雄市議員選舉,首次申報,1111101,租用宣傳車輛支出,中油公司運河站,,0.00,500.00,,,,宣傳車油資,金錢,高雄市前金區****,,否,,,,,,,
269,黃文益,111年高雄市議員選舉,首次申報,1111101,宣傳支出,臺灣導報社,36922937,0.00,20000.00,,,,播放、傳送或刊登宣傳廣告費用,金錢,高雄市苓雅區****,,否,,,,,,,
270,黃文益,111年高雄市議員選舉,首次申報,1111101,雜支支出,南華鷄肉飯,75928537,0.00,940.00,,,,餐飲費用(助理午餐),金錢,高雄市新興區****,,否,,,,,,,
271,黃文益,111年高雄市議員選舉,首次申報,1111101,雜支支出,霖武銡企業社,91518757,0.00,1305.00,,,,餐飲費用(助理晚餐),金錢,高雄市三民區****,,否,,,,,,,
272,黃文益,111年高雄市議員選舉,首次申報,1111101,租用宣傳車輛支出,林仁德,E12*******,0.00,12000.00,,,,林仁德-宣傳車司機/~/薪資,金錢,高雄市新興區****,,否,,,,,,,
273,黃文益,111年高雄市議員選舉,首次申報,1111101,租用宣傳車輛支出,蔡明倫,T12*******,0.00,12000.00,,,,蔡明倫-宣傳車司機/~/薪資,金錢,高雄市苓雅區****,,否,,,,,,,
274,黃文益,111年高雄市議員選舉,首次申報,1111102,集會支出,高雄市政府,,0.00,1800.00,,,,租用計時收費汽車停車位,金錢,高雄市新興區****,,否,,,,,,,
275,黃文益,111年高雄市議員選舉,首次申報,1111102,雜支支出,梅之家便當,06789412,0.00,1080.00,,,,餐飲費用(助理晚餐),金錢,高雄市新興區****,,否,,,,,,,
276,黃文益,111年高雄市議員選舉,首次申報,1111102,人事費用支出,劉續琯,E12*******,0.00,10000.00,,,,劉續琯月份加班費,金錢,高雄市苓雅區****,,否,,,,,,,
277,黃文益,111年高雄市議員選舉,首次申報,1111102,人事費用支出,陳郁升,E12*******,0.00,5000.00,,,,陳郁升月份加班費,金錢,高雄市苓雅區****,,否,,,,,,,
278,黃文益,111年高雄市議員選舉,首次申報,1111102,人事費用支出,蔣恩平,E12*******,0.00,10000.00,,,,蔣恩平月份加班費,金錢,高雄市左營區****,,否,,,,,,,
279,黃文益,111年高雄市議員選舉,首次申報,1111102,人事費用支出,趙書梵,E12*******,0.00,10000.00,,,,趙書梵月份加班費,金錢,高雄市新興區****,,否,,,,,,,
280,黃文益,111年高雄市議員選舉,首次申報,1111102,人事費用支出,江金貴,E20*******,0.00,10000.00,,,,江金貴月份加班費,金錢,高雄市苓雅區****,,否,,,,,,,
281,黃文益,111年高雄市議員選舉,首次申報,1111102,人事費用支出,林非比,E22*******,0.00,10000.00,,,,林非比月份加班費,金錢,高雄市新興區****,,否,,,,,,,
282,黃文益,111年高雄市議員選舉,首次申報,1111102,人事費用支出,黃濡茵,E22*******,0.00,10000.00,,,,黃濡茵月份加班費,金錢,高雄市楠梓區****,,否,,,,,,,
283,黃文益,111年高雄市議員選舉,首次申報,1111102,人事費用支出,黃玲玲,E22*******,0.00,10000.00,,,,黃玲玲月份加班費,金錢,高雄市三民區****,,否,,,,,,,
284,黃文益,111年高雄市議員選舉,首次申報,1111102,人事費用支出,劉美青,S22*******,0.00,10000.00,,,,劉美青月份加班費,金錢,高雄市苓雅區****,,否,,,,,,,
285,黃文益,111年高雄市議員選舉,首次申報,1111103,雜支支出,鑫寶資訊社,,0.00,800.00,,,,碳粉匣,金錢,高雄市三民區****,,否,,,,,,,
286,黃文益,111年高雄市議員選舉,首次申報,1111103,雜支支出,一零一企業股份有限公司復興分公司,,0.00,284.00,,,,文具用品,金錢,高雄市新興區****,,否,,,,,,,
287,黃文益,111年高雄市議員選舉,首次申報,1111103,雜支支出,全聯福利中心新興復一分公司,,0.00,731.00,,,,餅干(拜拜),金錢,高雄市新興區****,,否,,,,,,,
288,黃文益,111年高雄市議員選舉,首次申報,1111103,雜支支出,金大麵食坊,21307821,0.00,2055.00,,,,餐飲費用(助理晚餐),金錢,高雄市苓雅區****,,否,,,,,,,
289,黃文益,111年高雄市議員選舉,首次申報,1111103,雜支支出,金百鈴排骨大王,99053443,0.00,1195.00,,,,餐飲費用(助理午餐),金錢,高雄市新興區****,,否,,,,,,,
290,黃文益,111年高雄市議員選舉,首次申報,1111104,租用競選辦事處支出,燦坤實業股份有限公司建國分公司,,0.00,4757.00,,,,印表機及滑鼠,金錢,高雄市三民區****,,否,,,,,,,
291,黃文益,111年高雄市議員選舉,首次申報,1111104,交通旅運支出,中油公司建國二路站,,0.00,2500.00,,,,公務車油資,金錢,高雄市三民區****,,否,,,,,,,
292,黃文益,111年高雄市議員選舉,首次申報,1111104,交通旅運支出,源豐加油站有限公司,,0.00,1000.00,,,,公務車油資,金錢,高雄市左營區****,,否,,,,,,,
293,黃文益,111年高雄市議員選舉,首次申報,1111104,雜支支出,大鴻廣式燒臘,72162637,0.00,1700.00,,,,餐飲費用(助理午餐),金錢,高雄市苓雅區****,,否,,,,,,,
294,黃文益,111年高雄市議員選舉,首次申報,1111104,雜支支出,御品園小吃店,93957247,0.00,1940.00,,,,餐飲費用(助理午餐),金錢,高雄市新興區****,,否,,,,,,,
295,黃文益,111年高雄市議員選舉,首次申報,1111105,雜支支出,樹田豆漿店,,0.00,257.00,,,,餐飲費用,金錢,高雄市新興區****,,否,,,,,,,
296,黃文益,111年高雄市議員選舉,首次申報,1111105,集會支出,大順桌椅行,,0.00,9000.00,,,,靠背椅租借,金錢,高雄市大寮區****,,否,,,,,,,
297,黃文益,111年高雄市議員選舉,首次申報,1111105,集會支出,魔幻顧問企業社,41322130,0.00,195500.00,,,,舞台設備.電視牆.動態攝影.音響.發電機.椅子等等租借,金錢,高雄市三民區****,,否,,,,,,,
298,黃文益,111年高雄市議員選舉,首次申報,1111106,雜支支出,一葉便當店,25994589,0.00,760.00,,,,餐飲費用(助理午餐),金錢,高雄市新興區****,,否,,,,,,,
299,黃文益,111年高雄市議員選舉,首次申報,1111106,雜支支出,川庭美食館,36900265,0.00,485.00,,,,餐飲費用(助理午餐),金錢,高雄市新興區****,,否,,,,,,,
300,黃文益,111年高雄市議員選舉,首次申報,1111107,雜支支出,鵬熱炒,,0.00,910.00,,,,餐飲費用(助理午餐),金錢,高雄市苓雅區****,,否,,,,,,,
301,黃文益,111年高雄市議員選舉,首次申報,1111107,雜支支出,悅香小吃部,78698952,0.00,890.00,,,,餐飲費用(助理午餐),金錢,高雄市苓雅區****,,否,,,,,,,
302,黃文益,111年高雄市議員選舉,首次申報,1111108,租用宣傳車輛支出,中油公司中正二路站,,0.00,1300.00,,,,宣傳車油資,金錢,高雄市新興區****,,否,,,,,,,
303,黃文益,111年高雄市議員選舉,首次申報,1111108,交通旅運支出,中油公司青年路站,,0.00,1300.00,,,,公務車油資,金錢,高雄市苓雅區****,,否,,,,,,,
304,黃文益,111年高雄市議員選舉,首次申報,1111108,雜支支出,統一超商新新賢店,,0.00,259.00,,,,電池,金錢,高雄市新興區****,,否,,,,,,,
305,黃文益,111年高雄市議員選舉,首次申報,1111108,雜支支出,急有企業有限公司,,0.00,137.00,,,,垃圾袋.清潔劑,金錢,高雄市新興區****,,否,,,,,,,
306,黃文益,111年高雄市議員選舉,首次申報,1111108,雜支支出,真好味快餐,41335120,0.00,920.00,,,,餐飲費用(助理午餐),金錢,高雄市苓雅區****,,否,,,,,,,
307,黃文益,111年高雄市議員選舉,首次申報,1111109,租用宣傳車輛支出,中油公司青年路站,,0.00,2600.00,,,,宣傳車油資,金錢,高雄市苓雅區****,,否,,,,,,,
308,黃文益,111年高雄市議員選舉,首次申報,1111109,雜支支出,川庭美食館,36900265,0.00,990.00,,,,餐飲費用(助理晚餐),金錢,高雄市新興區****,,否,,,,,,,
309,黃文益,111年高雄市議員選舉,首次申報,1111109,雜支支出,能量麵,36905310,0.00,1000.00,,,,餐飲費用(助理午餐),金錢,高雄市新興區****,,否,,,,,,,
310,黃文益,111年高雄市議員選舉,首次申報,1111110,交通旅運支出,台灣中油左楠加油加氣站,,0.00,1000.00,,,,公務車油資,金錢,高雄市楠梓區****,,否,,,,,,,
311,黃文益,111年高雄市議員選舉,首次申報,1111110,雜支支出,辛巴通訊有限公司,,0.00,1580.00,,,,通訊器材,金錢,高雄市新興區****,,否,,,,,,,
312,黃文益,111年高雄市議員選舉,首次申報,1111110,雜支支出,中華電信股份有限公司,,0.00,6369.00,,,,年月份電話費,金錢,高雄市新興區****,,否,,,,,,,
313,黃文益,111年高雄市議員選舉,首次申報,1111110,雜支支出,港都有線電視股份有限公司,,0.00,1000.00,,,,有線電視~ 月份,金錢,高雄市前鎮區****,,否,,,,,,,
314,黃文益,111年高雄市議員選舉,首次申報,1111110,雜支支出,六和小吃店,10261101,0.00,930.00,,,,餐飲費用(助理午餐),金錢,高雄市新興區****,,否,,,,,,,
315,黃文益,111年高雄市議員選舉,首次申報,1111110,雜支支出,窗口土司店,38728229,0.00,1050.00,,,,餐飲費用(助理晚餐),金錢,高雄市新興區****,,否,,,,,,,
316,黃文益,111年高雄市議員選舉,首次申報,1111110,人事費用支出,劉續綰,E12*******,0.00,11000.00,,,,劉續綰-/~/薪資,金錢,高雄市苓雅區****,,否,,,,,,,
317,黃文益,111年高雄市議員選舉,首次申報,1111111,雜支支出,青年書局,,0.00,367.00,,,,文具用品,金錢,高雄市苓雅區****,,否,,,,,,,
318,黃文益,111年高雄市議員選舉,首次申報,1111111,宣傳支出,澄觀創意設計工作室,72324561,0.00,1650.00,,,,手舉牌印刷,金錢,臺中市西區誠****,,否,,,,,,,
319,黃文益,111年高雄市議員選舉,首次申報,1111111,雜支支出,永豐馥小吃店,81846181,0.00,1440.00,,,,餐飲費用(助理午餐),金錢,高雄市前金區****,,否,,,,,,,
320,黃文益,111年高雄市議員選舉,首次申報,1111111,宣傳支出,古今傳播股份有限公司,97435874,0.00,330750.00,,,,播放、傳送或刊登宣傳廣告費用,金錢,臺北市大安區****,,否,,,,,,,
321,黃文益,111年高雄市議員選舉,首次申報,1111111,人事費用支出,陳郁升,E12*******,0.00,10000.00,,,,陳郁升-臨時工月份,金錢,高雄市苓雅區****,,否,,,,,,,
322,黃文益,111年高雄市議員選舉,首次申報,1111111,人事費用支出,林非比,E22*******,0.00,4750.00,,,,林非比月份工作費,金錢,高雄市新興區****,,否,,,,,,,
323,黃文益,111年高雄市議員選舉,首次申報,1111111,人事費用支出,黃玲玲,E22*******,0.00,37834.00,,,,黃玲玲-月份薪資,金錢,高雄市三民區****,,否,,,,,,,
324,黃文益,111年高雄市議員選舉,首次申報,1111112,雜支支出,梅之家便當,06789412,0.00,950.00,,,,餐飲費用(助理午餐),金錢,高雄市新興區****,,否,,,,,,,
325,黃文益,111年高雄市議員選舉,首次申報,1111112,雜支支出,泰妙捌食行號,41336036,0.00,1195.00,,,,餐飲費用(助理午餐),金錢,高雄市前金區****,,否,,,,,,,
326,黃文益,111年高雄市議員選舉,首次申報,1111113,租用宣傳車輛支出,中油公司成功一路站,,0.00,1180.00,,,,宣傳車油資,金錢,高雄市前金區****,,否,,,,,,,
327,黃文益,111年高雄市議員選舉,首次申報,1111113,交通旅運支出,光華油加油站有限公司,,0.00,1200.00,,,,公務車油資,金錢,高雄市苓雅區****,,否,,,,,,,
328,黃文益,111年高雄市議員選舉,首次申報,1111113,租用宣傳車輛支出,台灣中油建國一路站,,0.00,500.00,,,,宣傳車油資,金錢,高雄市苓雅區****,,否,,,,,,,
329,黃文益,111年高雄市議員選舉,首次申報,1111113,雜支支出,發財燒臘,42807077,0.00,1430.00,,,,餐飲費用(助理午餐),金錢,高雄市苓雅區****,,否,,,,,,,
330,黃文益,111年高雄市議員選舉,首次申報,1111114,雜支支出,水展食坊,81029885,0.00,1395.00,,,,餐飲費用(助理午餐),金錢,高雄市苓雅區****,,否,,,,,,,
331,黃文益,111年高雄市議員選舉,首次申報,1111114,雜支支出,阿好碗粿,98718597,0.00,1000.00,,,,餐飲費用(助理午餐),金錢,高雄市新興區****,,否,,,,,,,
332,黃文益,111年高雄市議員選舉,首次申報,1111114,人事費用支出,王錡婷,E22*******,0.00,15000.00,,,,王錡婷-臨時工/~/薪資,金錢,高雄市苓雅區****,,否,,,,,,,
333,黃文益,111年高雄市議員選舉,首次申報,1111114,返還捐贈支出,王寬容,Q10*******,0.00,20000.00,,,,返還,金錢,高雄市苓雅區****,,否,,,,,,,
334,黃文益,111年高雄市議員選舉,首次申報,1111115,雜支支出,山和水美食坊,18105673,0.00,1080.00,,,,餐飲費用(助理午餐),金錢,高雄市苓雅區****,,否,,,,,,,
335,黃文益,111年高雄市議員選舉,首次申報,1111115,雜支支出,冰城八寶冰,47639515,0.00,1400.00,,,,餐飲費用(助理午餐),金錢,高雄市苓雅區****,,否,,,,,,,
336,黃文益,111年高雄市議員選舉,首次申報,1111115,返還捐贈支出,悅揚國際實業有限公司,53250569,0.00,400000.00,,,,返還,金錢,高雄市左營區****,,否,,,,,,,
337,黃文益,111年高雄市議員選舉,首次申報,1111116,雜支支出,郵局,,0.00,428.00,,,,郵寄文件,金錢,高雄市新興區****,,否,,,,,,,
338,黃文益,111年高雄市議員選舉,首次申報,1111116,租用宣傳車輛支出,中油公司中正二路站,,0.00,650.00,,,,宣傳車油資,金錢,高雄市新興區****,,否,,,,,,,
339,黃文益,111年高雄市議員選舉,首次申報,1111116,雜支支出,小帆船小吃店,06989220,0.00,900.00,,,,餐飲費用(助理午餐),金錢,高雄市新興區****,,否,,,,,,,
340,黃文益,111年高雄市議員選舉,首次申報,1111116,雜支支出,沐川咖哩,38700974,0.00,1050.00,,,,餐飲費用(助理晚餐),金錢,高雄市新興區****,,否,,,,,,,
341,黃文益,111年高雄市議員選舉,首次申報,1111116,宣傳支出,南六企業股份有公司,75989858,0.00,60000.00,,,,製作競選物品（口罩個）,金錢,高雄市燕巢區****,,否,,,,,,,
342,黃文益,111年高雄市議員選舉,首次申報,1111117,雜支支出,浙江俞記麵館,81147807,0.00,1925.00,,,,餐飲費用(助理晚餐),金錢,高雄市新興區****,,否,,,,,,,
343,黃文益,111年高雄市議員選舉,首次申報,1111117,雜支支出,銅亨鐵路便當,81177034,0.00,840.00,,,,餐飲費用(助理午餐),金錢,高雄市前金區****,,否,,,,,,,
344,黃文益,111年高雄市議員選舉,首次申報,1111118,雜支支出,小葉水餃麵店,,0.00,1500.00,,,,餐飲費用(助理午餐),金錢,高雄市新興區****,,否,,,,,,,
345,黃文益,111年高雄市議員選舉,首次申報,1111118,雜支支出,九易宇軒股份有限公司,,0.00,600.00,,,,柔濕巾一箱,金錢,臺北市南港區****,,否,,,,,,,
346,黃文益,111年高雄市議員選舉,首次申報,1111118,交通旅運支出,中油公司建國二路站,,0.00,2500.00,,,,公務車油資,金錢,高雄市三民區****,,否,,,,,,,
347,黃文益,111年高雄市議員選舉,首次申報,1111118,雜支支出,真便宜汽車精品百貨,,0.00,195.00,,,,汽車零件,金錢,高雄市苓雅區****,,否,,,,,,,
348,黃文益,111年高雄市議員選舉,首次申報,1111118,租用宣傳車輛支出,中油公司運河站,,0.00,600.00,,,,宣傳車油資,金錢,高雄市前金區****,,否,,,,,,,
349,黃文益,111年高雄市議員選舉,首次申報,1111118,雜支支出,廟口小吃,25946258,0.00,1205.00,,,,餐飲費用(助理晚餐),金錢,高雄市前金區****,,否,,,,,,,
350,黃文益,111年高雄市議員選舉,首次申報,1111118,宣傳支出,強打國際事業有限公司,28299874,0.00,43680.00,,,,文宣廣告製作,金錢,高雄市三民區****,,否,,,,,,,
351,黃文益,111年高雄市議員選舉,首次申報,1111119,租用宣傳車輛支出,中油公司青年路站,,0.00,2500.00,,,,宣傳車油資,金錢,高雄市苓雅區****,,否,,,,,,,
352,黃文益,111年高雄市議員選舉,首次申報,1111119,雜支支出,御品園小吃店,93957247,0.00,820.00,,,,餐飲費用(助理午餐),金錢,高雄市新興區****,,否,,,,,,,
353,黃文益,111年高雄市議員選舉,首次申報,1111120,租用競選辦事處支出,燦坤實業股份有限公司左營分公司,,0.00,19480.00,,,,投影機,金錢,高雄市左營區****,,否,,,,,,,
354,黃文益,111年高雄市議員選舉,首次申報,1111120,雜支支出,能量麵,36905310,0.00,1000.00,,,,餐飲費用(助理晚餐),金錢,高雄市新興區****,,否,,,,,,,
355,黃文益,111年高雄市議員選舉,首次申報,1111120,宣傳支出,青恆視覺設計工作室,41305131,0.00,12600.00,,,,文宣設計,金錢,高雄市鼓山區****,,否,,,,,,,
356,黃文益,111年高雄市議員選舉,首次申報,1111120,雜支支出,聰明鴨肉店,76399752,0.00,2140.00,,,,餐飲費用(助理晚餐),金錢,高雄市新興區****,,否,,,,,,,
357,黃文益,111年高雄市議員選舉,首次申報,1111121,雜支支出,泰新國際貿易股份有限公司,,0.00,1180.00,,,,螢光棒一批,金錢,高雄市大社區****,,否,,,,,,,
358,黃文益,111年高雄市議員選舉,首次申報,1111121,交通旅運支出,中油公司中正三路站,,0.00,1300.00,,,,公務車油資,金錢,高雄市新興區****,,否,,,,,,,
359,黃文益,111年高雄市議員選舉,首次申報,1111121,返還捐贈支出,基茂建設股份有限公司,13176987,0.00,100000.00,,,,返還,金錢,高雄市三民區****,,否,,,,,,,
360,黃文益,111年高雄市議員選舉,首次申報,1111121,返還捐贈支出,詠暉實業有限公司,50929072,0.00,20000.00,,,,返還,金錢,高雄市新興區****,,否,,,,,,,
361,黃文益,111年高雄市議員選舉,首次申報,1111121,雜支支出,熊熊蛋包飯,85527238,0.00,1950.00,,,,餐飲費用(助理晚餐),金錢,高雄市苓雅區****,,否,,,,,,,
362,黃文益,111年高雄市議員選舉,首次申報,1111121,雜支支出,阿好碗粿,98718597,0.00,1460.00,,,,餐飲費用(助理午餐),金錢,高雄市新興區****,,否,,,,,,,
363,黃文益,111年高雄市議員選舉,首次申報,1111122,雜支支出,郵局,,0.00,336.00,,,,郵寄文件,金錢,高雄市新興區****,,否,,,,,,,
364,黃文益,111年高雄市議員選舉,首次申報,1111122,租用宣傳車輛支出,中油公司中正三路站,,0.00,1819.00,,,,宣傳車油資,金錢,高雄市新興區****,,否,,,,,,,
365,黃文益,111年高雄市議員選舉,首次申報,1111122,雜支支出,全家超商高雄福華店,,0.00,145.00,,,,電池,金錢,高雄市新興區****,,否,,,,,,,
366,黃文益,111年高雄市議員選舉,首次申報,1111122,雜支支出,玩味早餐店,71184107,0.00,1650.00,,,,餐飲費用(助理午餐),金錢,高雄市苓雅區****,,否,,,,,,,
367,黃文益,111年高雄市議員選舉,首次申報,1111123,租用宣傳車輛支出,中油公司青年路站,,0.00,500.00,,,,宣傳車油資,金錢,高雄市苓雅區****,,否,,,,,,,
368,黃文益,111年高雄市議員選舉,首次申報,1111123,租用競選辦事處支出,九旗影音科技有限公司,,0.00,9000.00,,,,投影布幕,金錢,高雄市鼓山區****,,否,,,,,,,
369,黃文益,111年高雄市議員選舉,首次申報,1111123,集會支出,雷光企業社,,0.00,12100.00,,,,發電機.帳棚,金錢,高雄市橋頭區****,,否,,,,,,,
370,黃文益,111年高雄市議員選舉,首次申報,1111123,集會支出,美麗人生音樂坊,,0.00,18000.00,,,,音響.燈光租用,金錢,高雄市大寮區****,,否,,,,,,,
371,黃文益,111年高雄市議員選舉,首次申報,1111123,集會支出,大順桌椅行,,0.00,6000.00,,,,靠背椅租借,金錢,高雄市大寮區****,,否,,,,,,,
372,黃文益,111年高雄市議員選舉,首次申報,1111123,返還捐贈支出,富山香堂企業有限公司,80126190,0.00,200000.00,,,,返還,金錢,高雄市前鎮區****,,否,,,,,,,
373,黃文益,111年高雄市議員選舉,首次申報,1111123,返還捐贈支出,捷利通運有限公司,89738657,0.00,100000.00,,,,返還,金錢,高雄市苓雅區****,,否,,,,,,,
374,黃文益,111年高雄市議員選舉,首次申報,1111124,雜支支出,康福電子實業有限公司,,0.00,3020.00,,,,無線麥克風.接收器及熱溶膠,金錢,高雄市三民區****,,否,,,,,,,
375,黃文益,111年高雄市議員選舉,首次申報,1111124,雜支支出,日馨文具有限公司,,0.00,358.00,,,,文具用品,金錢,高雄市前鎮區****,,否,,,,,,,
376,黃文益,111年高雄市議員選舉,首次申報,1111124,雜支支出,寶嘉生活館有限公司,,0.00,84.00,,,,垃圾袋,金錢,高雄市新興區****,,否,,,,,,,
377,黃文益,111年高雄市議員選舉,首次申報,1111124,雜支支出,九乘九文具股份有限公司高雄中山分公司,,0.00,69.00,,,,文具用品,金錢,高雄市新興區****,,否,,,,,,,
378,黃文益,111年高雄市議員選舉,首次申報,1111124,宣傳支出,聯合報股份有限公司,03799802,0.00,31500.00,,,,播放、傳送或刊登宣傳廣告費用,金錢,新北市汐止區****,,否,,,,,,,
379,黃文益,111年高雄市議員選舉,首次申報,1111124,宣傳支出,旭邦整合行銷股份有限公司,69315574,0.00,12880.00,,,,播放、傳送或刊登宣傳廣告費用,金錢,臺北市中正區****,,否,,,,,,,
380,黃文益,111年高雄市議員選舉,首次申報,1111124,雜支支出,大鴻廣式燒臘,72162637,0.00,1300.00,,,,餐飲費用(助理午餐),金錢,高雄市苓雅區****,,否,,,,,,,
381,黃文益,111年高雄市議員選舉,首次申報,1111124,雜支支出,水展食坊,81029885,0.00,1220.00,,,,餐飲費用(助理午餐),金錢,高雄市苓雅區****,,否,,,,,,,
382,黃文益,111年高雄市議員選舉,首次申報,1111125,雜支支出,六和小吃店,10261101,0.00,2070.00,,,,餐飲費用(助理午餐),金錢,高雄市新興區****,,否,,,,,,,
383,黃文益,111年高雄市議員選舉,首次申報,1111125,宣傳支出,大眾上校派報形象社,15536950,0.00,128835.00,,,,派報競選文宣廣告費用,金錢,高雄市鳳山區****,,否,,,,,,,
384,黃文益,111年高雄市議員選舉,首次申報,1111125,宣傳支出,自由時報,52570683,0.00,37800.00,,,,播放、傳送或刊登宣傳廣告費用,金錢,臺北市內湖區****,,否,,,,,,,
385,黃文益,111年高雄市議員選舉,首次申報,1111125,宣傳支出,倍適特科技有限公司,53232633,0.00,127300.00,,,,製作文宣貼紙及燈箱宣傳廣告費用,金錢,高雄市苓雅區****,,否,,,,,,,
386,黃文益,111年高雄市議員選舉,首次申報,1111125,人事費用支出,高雄市議會總務組出納,76006406,0.00,9827.00,,,,助理月份勞健保費用,金錢,高雄市鳳山區****,,否,,,,,,,
387,黃文益,111年高雄市議員選舉,首次申報,1111125,雜支支出,玉金香便當,85473958,0.00,1500.00,,,,餐飲費用(助理午餐),金錢,高雄市新興區****,,否,,,,,,,
388,黃文益,111年高雄市議員選舉,首次申報,1111125,租用宣傳車輛支出,林仁德,E12*******,0.00,25000.00,,,,林仁德-宣傳車司機/~/薪資,金錢,高雄市新興區****,,否,,,,,,,
389,黃文益,111年高雄市議員選舉,首次申報,1111125,租用宣傳車輛支出,蔡明倫,T12*******,0.00,25000.00,,,,蔡明倫-宣傳車司機/~/薪資,金錢,高雄市苓雅區****,,否,,,,,,,
390,黃文益,111年高雄市議員選舉,首次申報,1111127,雜支支出,全賓中式快餐便當,69899140,0.00,1060.00,,,,餐飲費用(助理午餐),金錢,高雄市三民區****,,否,,,,,,,
391,黃文益,111年高雄市議員選舉,首次申報,1111127,宣傳支出,今傳媒報社,88064507,0.00,20000.00,,,,播放、傳送或刊登宣傳廣告費用,金錢,高雄市路竹區****,,否,,,,,,,
392,黃文益,111年高雄市議員選舉,首次申報,1111128,雜支支出,一零一企業股份有限公司復興分公司,,0.00,400.00,,,,文具用品,金錢,高雄市新興區****,,否,,,,,,,
393,黃文益,111年高雄市議員選舉,首次申報,1111128,租用宣傳車輛支出,中油公司中正三路站,,0.00,1000.00,,,,宣傳車油資,金錢,高雄市新興區****,,否,,,,,,,
394,黃文益,111年高雄市議員選舉,首次申報,1111128,雜支支出,能量麵,36905310,0.00,1360.00,,,,餐飲費用(助理午餐),金錢,高雄市新興區****,,否,,,,,,,
395,黃文益,111年高雄市議員選舉,首次申報,1111128,雜支支出,窗口土司店,38728229,0.00,1480.00,,,,餐飲費用(助理晚餐),金錢,高雄市新興區****,,否,,,,,,,
396,黃文益,111年高雄市議員選舉,首次申報,1111128,雜支支出,梁社漢排骨飯,88029869,0.00,1293.00,,,,餐飲費用(助理午餐),金錢,高雄市苓雅區****,,否,,,,,,,
397,黃文益,111年高雄市議員選舉,首次申報,1111129,交通旅運支出,中油公司中正三路站,,0.00,500.00,,,,公務車油資,金錢,高雄市新興區****,,否,,,,,,,
398,黃文益,111年高雄市議員選舉,首次申報,1111129,雜支支出,銅亨鐵路便當,81177034,0.00,640.00,,,,餐飲費用(助理午餐),金錢,高雄市前金區****,,否,,,,,,,
399,黃文益,111年高雄市議員選舉,首次申報,1111129,雜支支出,小玉飯糰,91460208,0.00,900.00,,,,餐飲費用(助理午餐),金錢,高雄市新興區****,,否,,,,,,,
400,黃文益,111年高雄市議員選舉,首次申報,1111130,交通旅運支出,中油公司建國二路站,,0.00,4101.00,,,,公務車油資,金錢,高雄市三民區****,,否,,,,,,,
401,黃文益,111年高雄市議員選舉,首次申報,1111130,雜支支出,郵局,,0.00,56.00,,,,郵寄文件,金錢,高雄市鳳山區****,,否,,,,,,,
402,黃文益,111年高雄市議員選舉,首次申報,1111130,宣傳支出,巨達印刷事業股份有限公司,23356657,0.00,137550.00,,,,海報印刷一批,金錢,高雄市前鎮區****,,否,,,,,,,
403,黃文益,111年高雄市議員選舉,首次申報,1111130,雜支支出,浙江俞記麵館,81147807,0.00,665.00,,,,餐飲費用(助理午餐),金錢,高雄市新興區****,,否,,,,,,,
404,黃文益,111年高雄市議員選舉,首次申報,1111130,宣傳支出,民間全民電視股份有限公司,96975768,0.00,120000.00,,,,播放、傳送或刊登宣傳廣告費用,金錢,新北市林口區****,,否,,,,,,,
405,黃文益,111年高雄市議員選舉,首次申報,1111130,租用宣傳車輛支出,林仁德,E12*******,0.00,5000.00,,,,林仁德-月份加班費,金錢,高雄市新興區****,,否,,,,,,,
406,黃文益,111年高雄市議員選舉,首次申報,1111130,人事費用支出,劉續琯,E12*******,0.00,20000.00,,,,劉續琯月份加班費,金錢,高雄市苓雅區****,,否,,,,,,,
407,黃文益,111年高雄市議員選舉,首次申報,1111130,人事費用支出,蔡翔任,E12*******,0.00,10000.00,,,,蔡翔任月份加班費,金錢,高雄市新興區****,,否,,,,,,,
408,黃文益,111年高雄市議員選舉,首次申報,1111130,人事費用支出,劉世雄,E12*******,0.00,10000.00,,,,劉世雄月份加班費,金錢,高雄市新興區****,,否,,,,,,,
409,黃文益,111年高雄市議員選舉,首次申報,1111130,人事費用支出,陳郁升,E12*******,0.00,10000.00,,,,陳郁升月份加班費,金錢,高雄市苓雅區****,,否,,,,,,,
410,黃文益,111年高雄市議員選舉,首次申報,1111130,人事費用支出,蔣恩平,E12*******,0.00,20000.00,,,,蔣恩平月份加班費,金錢,高雄市左營區****,,否,,,,,,,
411,黃文益,111年高雄市議員選舉,首次申報,1111130,人事費用支出,江金貴,E20*******,0.00,20000.00,,,,江金貴月份加班費,金錢,高雄市苓雅區****,,否,,,,,,,
412,黃文益,111年高雄市議員選舉,首次申報,1111130,人事費用支出,林非比,E22*******,0.00,20000.00,,,,林非比月份加班費,金錢,高雄市新興區****,,否,,,,,,,
413,黃文益,111年高雄市議員選舉,首次申報,1111130,人事費用支出,王錡婷,E22*******,0.00,5000.00,,,,王錡婷月份加班費,金錢,高雄市苓雅區****,,否,,,,,,,
414,黃文益,111年高雄市議員選舉,首次申報,1111130,人事費用支出,黃濡茵,E22*******,0.00,20000.00,,,,黃濡茵月份加班費,金錢,高雄市楠梓區****,,否,,,,,,,
415,黃文益,111年高雄市議員選舉,首次申報,1111130,人事費用支出,黃玲玲,E22*******,0.00,20000.00,,,,黃玲玲月份加班費,金錢,高雄市三民區****,,否,,,,,,,
416,黃文益,111年高雄市議員選舉,首次申報,1111130,人事費用支出,王錡婷,E22*******,0.00,9000.00,,,,王錡婷-臨時工/~/薪資,金錢,高雄市苓雅區****,,否,,,,,,,
417,黃文益,111年高雄市議員選舉,首次申報,1111130,人事費用支出,翁明道,R10*******,0.00,10000.00,,,,翁明道月份加班費,金錢,高雄市苓雅區****,,否,,,,,,,
418,黃文益,111年高雄市議員選舉,首次申報,1111130,人事費用支出,劉美青,S22*******,0.00,20000.00,,,,劉美青月份加班費,金錢,高雄市苓雅區****,,否,,,,,,,
419,黃文益,111年高雄市議員選舉,首次申報,1111130,租用宣傳車輛支出,蔡明倫,T12*******,0.00,3000.00,,,,蔡明倫-宣傳車司機/~/薪資,金錢,高雄市苓雅區****,,否,,,,,,,
420,黃文益,111年高雄市議員選舉,首次申報,1111130,租用宣傳車輛支出,蔡明倫,T12*******,0.00,5000.00,,,,蔡明倫-月份加班費,金錢,高雄市苓雅區****,,否,,,,,,,
421,黃文益,111年高雄市議員選舉,首次申報,1111201,雜支支出,藍新科技股份有限公司,,0.00,69.00,,,,藍新技科政治獻金線上捐款手續費,金錢,臺北市南港區****,,否,,,,,,,
422,黃文益,111年高雄市議員選舉,首次申報,1111201,宣傳支出,京泓國際事業有限公司,80380782,0.00,76608.00,,,,文宣印刷費用,金錢,高雄市前金區****,,否,,,,,,,
423,黃文益,111年高雄市議員選舉,首次申報,1111201,宣傳支出,京泓國際事業有限公司,80380782,0.00,980000.00,,,,廣告帆布一批,金錢,高雄市前金區****,,否,,,,,,,
424,黃文益,111年高雄市議員選舉,首次申報,1111201,人事費用支出,劉續綰,E12*******,0.00,28833.00,,,,劉續綰月份薪資,金錢,高雄市苓雅區****,,否,,,,,,,
425,黃文益,111年高雄市議員選舉,首次申報,1111202,交通旅運支出,中油公司建國二路站,,0.00,2200.00,,,,公務車油資,金錢,高雄市三民區****,,否,,,,,,,
426,黃文益,111年高雄市議員選舉,首次申報,1111202,雜支支出,東急屋五金百貨,,0.00,127.00,,,,垃圾袋,金錢,高雄市新興區****,,否,,,,,,,
427,黃文益,111年高雄市議員選舉,首次申報,1111202,公共關係費用支出,瑞興禮品社,37793159,0.00,9390.00,,,,中堂及輓聯一批,金錢,桃園市大溪區****,,否,,,,,,,
428,黃文益,111年高雄市議員選舉,首次申報,1111205,雜支支出,郵局,,0.00,97.00,,,,郵寄信件,金錢,高雄市新興區****,,否,,,,,,,
429,黃文益,111年高雄市議員選舉,首次申報,1111205,雜支支出,郵局,,0.00,1808.00,,,,郵寄文件,金錢,高雄市新興區****,,否,,,,,,,
430,黃文益,111年高雄市議員選舉,首次申報,1111206,交通旅運支出,中油公司運河站,06892318,0.00,800.00,,,,公務車油資,金錢,高雄市前金區****,,否,,,,,,,
431,黃文益,111年高雄市議員選舉,首次申報,1111208,雜支支出,一新書局,,0.00,39.00,,,,文具用品,金錢,高雄市苓雅區****,,否,,,,,,,
432,黃文益,111年高雄市議員選舉,首次申報,1111208,雜支支出,九乘九文具股份有限公司高雄二聖分公司,,0.00,135.00,,,,噴墨專用紙,金錢,高雄市前鎮區****,,否,,,,,,,
433,黃文益,111年高雄市議員選舉,首次申報,1111209,交通旅運支出,台灣中油建國一路站,,0.00,500.00,,,,公務車油資,金錢,高雄市苓雅區****,,否,,,,,,,
434,黃文益,111年高雄市議員選舉,首次申報,1111212,雜支支出,台灣自來水股份有限公司,,0.00,544.00,,,,//~//水費,金錢,高雄市前鎮區****,,否,,,,,,,
435,黃文益,111年高雄市議員選舉,首次申報,1111212,雜支支出,中華電信股份有限公司,,0.00,8120.00,,,,年月份電話費,金錢,高雄市新興區****,,否,,,,,,,
436,黃文益,111年高雄市議員選舉,首次申報,1111212,雜支支出,台灣電力公司,,0.00,9158.00,,,,競選服務處/~/電費,金錢,高雄市鼓山區****,,否,,,,,,,
437,黃文益,111年高雄市議員選舉,首次申報,1111212,人事費用支出,陳郁升,E12*******,0.00,10000.00,,,,陳郁升月份工資,金錢,高雄市苓雅區****,,否,,,,,,,
438,黃文益,111年高雄市議員選舉,首次申報,1111212,人事費用支出,林非比,E22*******,0.00,4750.00,,,,林非比月份工作費,金錢,高雄市新興區****,,否,,,,,,,
439,黃文益,111年高雄市議員選舉,首次申報,1111213,雜支支出,文化中心郵局,,0.00,240.00,,,,印花稅,金錢,高雄市苓雅區****,,否,,,,,,,
440,黃文益,111年高雄市議員選舉,首次申報,1111213,交通旅運支出,中油公司建國二路站,06892318,0.00,1000.00,,,,公務車油資,金錢,高雄市三民區****,,否,,,,,,,
441,黃文益,111年高雄市議員選舉,首次申報,1111213,宣傳支出,三立電視股份有限公司,23740512,0.00,150000.00,,,,播放、傳送或刊登宣傳廣告費用,金錢,臺北市內湖區****,,否,,,,,,,
442,黃文益,111年高雄市議員選舉,首次申報,1111214,雜支支出,上海筆墨莊,76402692,0.00,600.00,,,,墨汁瓶,金錢,高雄市前金區****,,否,,,,,,,
443,黃文益,111年高雄市議員選舉,首次申報,1111215,雜支支出,中華郵政股份有限公司高雄郵局,15626116,0.00,364.00,,,,郵寄文件,金錢,高雄市新興區****,,否,,,,,,,
444,黃文益,111年高雄市議員選舉,首次申報,1111216,交通旅運支出,中油公司中山二路站,06892274,0.00,1300.00,,,,公務車油資,金錢,高雄市前金區****,,否,,,,,,,
445,黃文益,111年高雄市議員選舉,首次申報,1111218,租用競選辦事處支出,皇家之星管理委員會,,0.00,15504.00,,,,辦事處大樓管理費(年月~月),金錢,高雄市新興區****,,否,,,,,,,
446,黃文益,111年高雄市議員選舉,首次申報,1111224,雜支支出,鳳山新富郵局,,0.00,344.00,,,,郵寄文件,金錢,高雄市鳳山區****,,否,,,,,,,
447,黃文益,111年高雄市議員選舉,首次申報,1111225,人事費用支出,高雄市議會總務組出納,76006406,0.00,17652.00,,,,助理月份勞健保費用,金錢,高雄市鳳山區****,,否,,,,,,,
448,黃文益,111年高雄市議員選舉,首次申報,1111225,交通旅運支出,左新加油站有限公司,86051436,0.00,1000.00,,,,公務車油資,金錢,高雄市左營區****,,否,,,,,,,
449,黃文益,111年高雄市議員選舉,首次申報,1111226,雜支支出,中華郵政股份有限公司高雄郵局,15626116,0.00,120.00,,,,郵寄文件,金錢,高雄市新興區****,,否,,,,,,,
450,黃文益,111年高雄市議員選舉,首次申報,1111226,公共關係費用支出,萬毅企業社,25723685,0.00,5600.00,,,,租LED松柏造景座,金錢,高雄市仁武區****,,否,,,,,,,
