﻿序號,擬參選人／政黨,選舉名稱,申報序號／年度,交易日期,收支科目,捐贈者／支出對象,身分證／統一編號,收入金額,支出金額,捐贈方式,存入專戶日期,返還/繳庫,支出用途,金錢類,地址,聯絡電話,應揭露之支出對象,支出對象之內部人員姓名,支出對象之內部人員職稱,政黨之內部人員姓名,政黨之內部人員職稱,關係,資料更正日期
1,林瑞圖,107年直轄市議員選舉,第二次賸餘,1090102,當選後與其公務有關之費用支出,067-J9,,0.00,225.00,,,,搭乘交通工具支出,金錢,,2918*****,,,,,,,
2,林瑞圖,107年直轄市議員選舉,第二次賸餘,1090102,當選後與其公務有關之費用支出,修文鎖匙印刷打字行,01393307,0.00,400.00,,,,雜項購置或修繕費用,金錢,臺北市北投區****,,,,,,,,
3,林瑞圖,107年直轄市議員選舉,第二次賸餘,1090102,當選後與其公務有關之費用支出,中昱有限公司,84105990,0.00,2000.00,,,,影印費,金錢,臺北市南港區****,,,,,,,,
4,林瑞圖,107年直轄市議員選舉,第二次賸餘,1090103,當選後與其公務有關之費用支出,全聯實業股份有限公司,,0.00,232.00,,,,雜項購置費用,金錢,臺北市文山區****,,,,,,,,
5,林瑞圖,107年直轄市議員選舉,第二次賸餘,1090104,當選後與其公務有關之費用支出,台灣中油股份有限公司,01391292,0.00,1360.00,,,,油資,金錢,臺北市北投區****,,,,,,,,
6,林瑞圖,107年直轄市議員選舉,第二次賸餘,1090106,當選後與其公務有關之費用支出,中華郵政,,0.00,1360.00,,,,郵資,金錢,臺北市信義區****,2720*****,,,,,,,
7,林瑞圖,107年直轄市議員選舉,第二次賸餘,1090106,當選後與其公務有關之費用支出,海樂國際有限公司,25066210,0.00,3200.00,,,,餐飲支出,金錢,新北市五股區****,,,,,,,,
8,林瑞圖,107年直轄市議員選舉,第二次賸餘,1090107,當選後與其公務有關之費用支出,全聯實業股份有限公司,51711587,0.00,173.00,,,,雜項購置費用,金錢,臺北市文山區****,,,,,,,,
9,林瑞圖,107年直轄市議員選舉,第二次賸餘,1090110,當選後與其公務有關之費用支出,TDD-2050,,0.00,75.00,,,,搭乘交通工具支出,金錢,,02-2*****,,,,,,,
10,林瑞圖,107年直轄市議員選舉,第二次賸餘,1090110,當選後與其公務有關之費用支出,TDG-8988,,0.00,185.00,,,,搭乘交通工具支出,金錢,,02-2*****,,,,,,,
11,林瑞圖,107年直轄市議員選舉,第二次賸餘,1090110,當選後與其公務有關之費用支出,富叡股份有限公司,70576604,0.00,1000.00,,,,油資,金錢,臺北市北投區****,,,,,,,,
12,林瑞圖,107年直轄市議員選舉,第二次賸餘,1090111,當選後與其公務有關之費用支出,宏利米行,33814294,0.00,150.00,,,,雜項購置或修繕費用,金錢,新北市新店區****,,,,,,,,
13,林瑞圖,107年直轄市議員選舉,第二次賸餘,1090111,當選後與其公務有關之費用支出,晶叡股份有限公司,70837220,0.00,1500.00,,,,油資,金錢,臺北市北投區****,,,,,,,,
14,林瑞圖,107年直轄市議員選舉,第二次賸餘,1090111,當選後與其公務有關之費用支出,群品餐飲股份有限公司石二鍋台北羅斯福店,72960983,0.00,218.00,,,,餐飲支出,金錢,臺北市文山區****,,,,,,,,
15,林瑞圖,107年直轄市議員選舉,第二次賸餘,1090112,當選後與其公務有關之費用支出,台灣中油股份有限公司,01391292,0.00,1300.00,,,,油資,金錢,臺北市北投區****,,,,,,,,
16,林瑞圖,107年直轄市議員選舉,第二次賸餘,1090113,當選後與其公務有關之費用支出,惠康百貨股份有限公司,29232401,0.00,180.00,,,,雜項購置費用,金錢,臺北市大安區****,,,,,,,,
17,林瑞圖,107年直轄市議員選舉,第二次賸餘,1090114,當選後與其公務有關之費用支出,台灣電力公司,31096199,0.00,1314.00,,,,水電瓦斯費用,金錢,臺北市北投區****,,,,,,,,
18,林瑞圖,107年直轄市議員選舉,第二次賸餘,1090114,當選後與其公務有關之費用支出,台灣電力公司,31096199,0.00,310.00,,,,水電瓦斯費用,金錢,臺北市北投區****,,,,,,,,
19,林瑞圖,107年直轄市議員選舉,第二次賸餘,1090114,當選後與其公務有關之費用支出,全聯實業股份有限公司,51711587,0.00,175.00,,,,雜項購置費用,金錢,臺北市文山區****,,,,,,,,
20,林瑞圖,107年直轄市議員選舉,第二次賸餘,1090115,當選後與其公務有關之費用支出,淞品畜產有限公司,55878926,0.00,1000.00,,,,餐飲支出,金錢,臺北市士林區****,,,,,,,,
21,林瑞圖,107年直轄市議員選舉,第二次賸餘,1090116,當選後與其公務有關之費用支出,TDH-6272,,0.00,100.00,,,,搭乘交通工具支出,金錢,,02-8*****,,,,,,,
22,林瑞圖,107年直轄市議員選舉,第二次賸餘,1090116,當選後與其公務有關之費用支出,全聯實業股份有限公司,51711587,0.00,213.00,,,,雜項購置費用,金錢,臺北市文山區****,,,,,,,,
23,林瑞圖,107年直轄市議員選舉,第二次賸餘,1090116,當選後與其公務有關之費用支出,晶叡股份有限公司,70837220,0.00,1000.00,,,,油資,金錢,臺北市北投區****,,,,,,,,
24,林瑞圖,107年直轄市議員選舉,第二次賸餘,1090117,當選後與其公務有關之費用支出,台灣中油股份有限公司,38004110,0.00,130.00,,,,油資,金錢,新北市新店區****,,,,,,,,
25,林瑞圖,107年直轄市議員選舉,第二次賸餘,1090118,當選後與其公務有關之費用支出,台灣中油股份有限公司,01391315,0.00,1300.00,,,,油資,金錢,臺北市北投區****,,,,,,,,
26,林瑞圖,107年直轄市議員選舉,第二次賸餘,1090118,當選後與其公務有關之費用支出,全聯實業股份有限公司,24810070,0.00,461.00,,,,雜項購置費用,金錢,臺北市松山區****,,,,,,,,
27,林瑞圖,107年直轄市議員選舉,第二次賸餘,1090118,當選後與其公務有關之費用支出,群品餐飲股份有限公司石二鍋台北羅斯福店,72960983,0.00,230.00,,,,餐飲支出,金錢,臺北市文山區****,,,,,,,,
28,林瑞圖,107年直轄市議員選舉,第二次賸餘,1090120,當選後與其公務有關之費用支出,TDF-0385,,0.00,220.00,,,,搭乘交通工具支出,金錢,,02-2*****,,,,,,,
29,林瑞圖,107年直轄市議員選舉,第二次賸餘,1090120,當選後與其公務有關之費用支出,富叡股份有限公司,70576604,0.00,1000.00,,,,油資,金錢,臺北市北投區****,,,,,,,,
30,林瑞圖,107年直轄市議員選舉,第二次賸餘,1090120,當選後與其公務有關之費用支出,晶叡股份有限公司,70837220,0.00,1000.00,,,,油資,金錢,臺北市北投區****,,,,,,,,
31,林瑞圖,107年直轄市議員選舉,第二次賸餘,1090122,當選後與其公務有關之費用支出,家福股份有限公司,23931879,0.00,230.00,,,,雜項購置費用,金錢,臺北市士林區****,,,,,,,,
32,林瑞圖,107年直轄市議員選舉,第二次賸餘,1090122,當選後與其公務有關之費用支出,洪崇傑,A12*******,0.00,45000.00,,,,工資或薪津,金錢,臺北市文山區****,,,,,,,,
33,林瑞圖,107年直轄市議員選舉,第二次賸餘,1090124,當選後與其公務有關之費用支出,晶叡股份有限公司,70837220,0.00,1000.00,,,,油資,金錢,臺北市北投區****,,,,,,,,
34,林瑞圖,107年直轄市議員選舉,第二次賸餘,1090127,當選後與其公務有關之費用支出,達美樂披薩股份有限公司,96973115,0.00,565.00,,,,餐飲支出,金錢,臺北市中山區****,,,,,,,,
35,林瑞圖,107年直轄市議員選舉,第二次賸餘,1090128,當選後與其公務有關之費用支出,台灣中油股份有限公司,01391292,0.00,1250.00,,,,油資,金錢,臺北市北投區****,,,,,,,,
36,林瑞圖,107年直轄市議員選舉,第二次賸餘,1090128,當選後與其公務有關之費用支出,台灣麥當勞餐廳股份有限公司,53675329,0.00,177.00,,,,餐飲費用,金錢,臺北市士林區****,,,,,,,,
37,林瑞圖,107年直轄市議員選舉,第二次賸餘,1090131,當選後與其公務有關之費用支出,陳銘瑜,A12*******,0.00,11000.00,,,,加班費或值班費,金錢,臺北市北投區****,,,,,,,,
38,林瑞圖,107年直轄市議員選舉,第二次賸餘,1090131,當選後與其公務有關之費用支出,史鎮花,A22*******,0.00,13000.00,,,,加班費或值班費,金錢,臺北市北投區****,,,,,,,,
39,林瑞圖,107年直轄市議員選舉,第二次賸餘,1090131,當選後與其公務有關之費用支出,解惠君,A22*******,0.00,11000.00,,,,加班費或值班費,金錢,新北市新店區****,,,,,,,,
40,林瑞圖,107年直轄市議員選舉,第二次賸餘,1090131,當選後與其公務有關之費用支出,張淑美,A22*******,0.00,11000.00,,,,加班費或值班費,金錢,臺北市文山區****,,,,,,,,
41,林瑞圖,107年直轄市議員選舉,第二次賸餘,1090131,當選後與其公務有關之費用支出,簡正昕,F12*******,0.00,6000.00,,,,加班費或值班費,金錢,臺北市士林區****,,,,,,,,
42,林瑞圖,107年直轄市議員選舉,第二次賸餘,1090202,當選後與其公務有關之費用支出,車容坊股份有限公司,48894160,0.00,1000.00,,,,油資,金錢,臺北市北投區****,,,,,,,,
43,林瑞圖,107年直轄市議員選舉,第二次賸餘,1090203,當選後與其公務有關之費用支出,台灣中油股份有限公司,77402191,0.00,1150.00,,,,油資,金錢,臺北市士林區****,,,,,,,,
44,林瑞圖,107年直轄市議員選舉,第二次賸餘,1090204,當選後與其公務有關之費用支出,中昱有限公司,84105990,0.00,2000.00,,,,影印費,金錢,臺北市南港區****,,,,,,,,
45,林瑞圖,107年直轄市議員選舉,第二次賸餘,1090206,當選後與其公務有關之費用支出,臺北自來水事業處,03774909,0.00,456.00,,,,水電瓦斯費用,金錢,臺北市士林區****,,,,,,,,
46,林瑞圖,107年直轄市議員選舉,第二次賸餘,1090206,當選後與其公務有關之費用支出,中華電信股份有限公司,81691784,0.00,180.00,,,,電信費用,金錢,臺北市大安區****,,,,,,,,
47,林瑞圖,107年直轄市議員選舉,第二次賸餘,1090206,當選後與其公務有關之費用支出,中華電信股份有限公司,81691784,0.00,2521.00,,,,電信費用,金錢,臺北市大安區****,,,,,,,,
48,林瑞圖,107年直轄市議員選舉,第二次賸餘,1090207,當選後與其公務有關之費用支出,車容坊股份有限公司,48894160,0.00,1000.00,,,,油資,金錢,臺北市北投區****,,,,,,,,
49,林瑞圖,107年直轄市議員選舉,第二次賸餘,1090207,當選後與其公務有關之費用支出,全聯實業股份有限公司,51711587,0.00,137.00,,,,雜項購置費用,金錢,臺北市文山區****,,,,,,,,
50,林瑞圖,107年直轄市議員選舉,第二次賸餘,1090207,當選後與其公務有關之費用支出,統一超商股份有限公司,53650143,0.00,253.00,,,,雜項購置費用,金錢,臺北市信義區****,,,,,,,,
51,林瑞圖,107年直轄市議員選舉,第二次賸餘,1090207,當選後與其公務有關之費用支出,晶叡股份有限公司,70837220,0.00,1500.00,,,,油資,金錢,臺北市北投區****,,,,,,,,
52,林瑞圖,107年直轄市議員選舉,第二次賸餘,1090208,當選後與其公務有關之費用支出,全聯實業股份有限公司,28995470,0.00,360.00,,,,雜項購置費用,金錢,臺北市中山區****,,,,,,,,
53,林瑞圖,107年直轄市議員選舉,第二次賸餘,1090209,當選後與其公務有關之費用支出,台灣中油股份有限公司,01391292,0.00,1250.00,,,,油資,金錢,臺北市北投區****,,,,,,,,
54,林瑞圖,107年直轄市議員選舉,第二次賸餘,1090209,當選後與其公務有關之費用支出,前港麵食館,75585933,0.00,140.00,,,,餐飲支出,金錢,臺北市士林區****,,,,,,,,
55,林瑞圖,107年直轄市議員選舉,第二次賸餘,1090211,當選後與其公務有關之費用支出,北投區奇岩福主宮管理委員會,,0.00,3000.00,,,,為民服務費用,金錢,臺北市北投區****,,,,,,,,
56,林瑞圖,107年直轄市議員選舉,第二次賸餘,1090213,當選後與其公務有關之費用支出,885-K5,,0.00,100.00,,,,搭乘交通工具支出,金錢,,02-8*****,,,,,,,
57,林瑞圖,107年直轄市議員選舉,第二次賸餘,1090213,當選後與其公務有關之費用支出,台灣中油股份有限公司,01391292,0.00,1000.00,,,,油資,金錢,臺北市北投區****,,,,,,,,
58,林瑞圖,107年直轄市議員選舉,第二次賸餘,1090214,當選後與其公務有關之費用支出,台灣中油股份有限公司,01391292,0.00,1100.00,,,,油資,金錢,臺北市北投區****,,,,,,,,
59,林瑞圖,107年直轄市議員選舉,第二次賸餘,1090214,當選後與其公務有關之費用支出,東門興記有限公司,55683133,0.00,140.00,,,,雜項購置或修繕費用,金錢,臺北市中正區****,,,,,,,,
60,林瑞圖,107年直轄市議員選舉,第二次賸餘,1090221,當選後與其公務有關之費用支出,晶叡股份有限公司,70837220,0.00,1600.00,,,,油資,金錢,臺北市北投區****,,,,,,,,
61,林瑞圖,107年直轄市議員選舉,第二次賸餘,1090222,當選後與其公務有關之費用支出,何億福,,0.00,3200.00,,,,為民服務費用,金錢,,0907*****,,,,,,,
62,林瑞圖,107年直轄市議員選舉,第二次賸餘,1090222,當選後與其公務有關之費用支出,台灣中油股份有限公司,01391292,0.00,1150.00,,,,油資,金錢,臺北市北投區****,,,,,,,,
63,林瑞圖,107年直轄市議員選舉,第二次賸餘,1090222,當選後與其公務有關之費用支出,晶叡股份有限公司,70837220,0.00,1000.00,,,,油資,金錢,臺北市北投區****,,,,,,,,
64,林瑞圖,107年直轄市議員選舉,第二次賸餘,1090225,當選後與其公務有關之費用支出,木村屋食品股份有限公司,48897758,0.00,50.00,,,,雜項購置費用,金錢,臺北市大安區****,,,,,,,,
65,林瑞圖,107年直轄市議員選舉,第二次賸餘,1090225,當選後與其公務有關之費用支出,歐立食品股份有限公司,50895361,0.00,119.00,,,,雜項購置費用,金錢,臺北市大安區****,,,,,,,,
66,林瑞圖,107年直轄市議員選舉,第二次賸餘,1090226,當選後與其公務有關之費用支出,富叡股份有限公司,70576604,0.00,953.00,,,,油資,金錢,臺北市北投區****,,,,,,,,
67,林瑞圖,107年直轄市議員選舉,第二次賸餘,1090226,當選後與其公務有關之費用支出,萊爾富國際股份有限公司,74716536,0.00,179.00,,,,雜項購置費用,金錢,臺北市信義區****,,,,,,,,
68,林瑞圖,107年直轄市議員選舉,第二次賸餘,1090226,當選後與其公務有關之費用支出,台灣中油股份有限公司,77210216,0.00,1000.00,,,,油資,金錢,臺中市南屯區****,,,,,,,,
69,林瑞圖,107年直轄市議員選舉,第二次賸餘,1090226,當選後與其公務有關之費用支出,中華電信股份有限公司,81691784,0.00,180.00,,,,電信費用,金錢,臺北市大安區****,,,,,,,,
70,林瑞圖,107年直轄市議員選舉,第二次賸餘,1090226,當選後與其公務有關之費用支出,中華電信股份有限公司,81691784,0.00,2312.00,,,,電信費用,金錢,臺北市大安區****,,,,,,,,
71,林瑞圖,107年直轄市議員選舉,第二次賸餘,1090227,當選後與其公務有關之費用支出,羽鈦實業社,,0.00,1000.00,,,,雜項購置或修繕費用,金錢,新北市蘆洲區****,,,,,,,,
72,林瑞圖,107年直轄市議員選舉,第二次賸餘,1090227,當選後與其公務有關之費用支出,德興行,10396071,0.00,250.00,,,,雜項購置或修繕費用,金錢,臺北市北投區****,,,,,,,,
73,林瑞圖,107年直轄市議員選舉,第二次賸餘,1090228,當選後與其公務有關之費用支出,陳銘瑜,A12*******,0.00,11000.00,,,,加班費或值班費,金錢,臺北市北投區****,,,,,,,,
74,林瑞圖,107年直轄市議員選舉,第二次賸餘,1090228,當選後與其公務有關之費用支出,張淑美,A22*******,0.00,11000.00,,,,加班費或值班費,金錢,臺北市文山區****,,,,,,,,
75,林瑞圖,107年直轄市議員選舉,第二次賸餘,1090228,當選後與其公務有關之費用支出,解惠君,A22*******,0.00,11000.00,,,,加班費或值班費,金錢,新北市新店區****,,,,,,,,
76,林瑞圖,107年直轄市議員選舉,第二次賸餘,1090228,當選後與其公務有關之費用支出,簡正昕,F12*******,0.00,6000.00,,,,加班費或值班費,金錢,臺北市士林區****,,,,,,,,
77,林瑞圖,107年直轄市議員選舉,第二次賸餘,1090229,當選後與其公務有關之費用支出,史鎮花,A22*******,0.00,13000.00,,,,加班費或值班費,金錢,臺北市北投區****,,,,,,,,
78,林瑞圖,107年直轄市議員選舉,第二次賸餘,1090301,當選後與其公務有關之費用支出,郭翔杰,,0.00,6000.00,,,,為民服務費用,金錢,,2821*****,,,,,,,
79,林瑞圖,107年直轄市議員選舉,第二次賸餘,1090302,當選後與其公務有關之費用支出,台灣中油股份有限公司,77402191,0.00,1150.00,,,,油資,金錢,臺北市士林區****,,,,,,,,
80,林瑞圖,107年直轄市議員選舉,第二次賸餘,1090304,當選後與其公務有關之費用支出,富叡股份有限公司,70576604,0.00,900.00,,,,油資,金錢,臺北市北投區****,,,,,,,,
81,林瑞圖,107年直轄市議員選舉,第二次賸餘,1090305,當選後與其公務有關之費用支出,中昱有限公司,84105990,0.00,2000.00,,,,影印費,金錢,臺北市南港區****,,,,,,,,
82,林瑞圖,107年直轄市議員選舉,第二次賸餘,1090306,當選後與其公務有關之費用支出,TDG-9583,,0.00,100.00,,,,搭乘交通工具支出,金錢,,02-2*****,,,,,,,
83,林瑞圖,107年直轄市議員選舉,第二次賸餘,1090306,當選後與其公務有關之費用支出,晶叡股份有限公司,70837220,0.00,1472.00,,,,油資,金錢,臺北市北投區****,,,,,,,,
84,林瑞圖,107年直轄市議員選舉,第二次賸餘,1090307,當選後與其公務有關之費用支出,TAC-566,,0.00,180.00,,,,搭乘交通工具支出,金錢,,02-2*****,,,,,,,
85,林瑞圖,107年直轄市議員選舉,第二次賸餘,1090309,當選後與其公務有關之費用支出,台灣中油股份有限公司,01391292,0.00,1150.00,,,,油資,金錢,臺北市北投區****,,,,,,,,
86,林瑞圖,107年直轄市議員選舉,第二次賸餘,1090316,當選後與其公務有關之費用支出,鈉叡股份有限公司,24343462,0.00,828.00,,,,油資,金錢,臺北市北投區****,,,,,,,,
87,林瑞圖,107年直轄市議員選舉,第二次賸餘,1090317,當選後與其公務有關之費用支出,台灣中油股份有限公司,01391292,0.00,880.00,,,,油資,金錢,臺北市北投區****,,,,,,,,
88,林瑞圖,107年直轄市議員選舉,第二次賸餘,1090317,當選後與其公務有關之費用支出,台灣電力公司,31096199,0.00,1257.00,,,,水電瓦斯費用,金錢,臺北市北投區****,,,,,,,,
89,林瑞圖,107年直轄市議員選舉,第二次賸餘,1090317,當選後與其公務有關之費用支出,台灣電力公司,31096199,0.00,225.00,,,,水電瓦斯費用,金錢,臺北市北投區****,,,,,,,,
90,林瑞圖,107年直轄市議員選舉,第二次賸餘,1090320,當選後與其公務有關之費用支出,晶叡股份有限公司,70837220,0.00,1500.00,,,,油資,金錢,臺北市北投區****,,,,,,,,
91,林瑞圖,107年直轄市議員選舉,第二次賸餘,1090323,當選後與其公務有關之費用支出,台灣中油股份有限公司,01391315,0.00,935.00,,,,油資,金錢,臺北市北投區****,,,,,,,,
92,林瑞圖,107年直轄市議員選舉,第二次賸餘,1090323,當選後與其公務有關之費用支出,林務局農林航空測量所,03768408,0.00,300.00,,,,雷射沖印放大航空照片,金錢,臺北市中正區****,,,,,,,,
93,林瑞圖,107年直轄市議員選舉,第二次賸餘,1090327,當選後與其公務有關之費用支出,公有木新市場第12號攤位,25506717,0.00,6600.00,,,,雜項購置或修繕費用,金錢,臺北市文山區****,,,,,,,,
94,林瑞圖,107年直轄市議員選舉,第二次賸餘,1090328,當選後與其公務有關之費用支出,車容坊股份有限公司,48894160,0.00,600.00,,,,油資,金錢,臺北市北投區****,,,,,,,,
95,林瑞圖,107年直轄市議員選舉,第二次賸餘,1090330,當選後與其公務有關之費用支出,台灣中油股份有限公司,01391315,0.00,850.00,,,,油資,金錢,臺北市北投區****,,,,,,,,
96,林瑞圖,107年直轄市議員選舉,第二次賸餘,1090331,當選後與其公務有關之費用支出,中華電信股份有限公司,81691784,0.00,180.00,,,,電信費用,金錢,臺北市大安區****,,,,,,,,
97,林瑞圖,107年直轄市議員選舉,第二次賸餘,1090331,當選後與其公務有關之費用支出,中華電信股份有限公司,81691784,0.00,2487.00,,,,電信費用,金錢,臺北市大安區****,,,,,,,,
98,林瑞圖,107年直轄市議員選舉,第二次賸餘,1090331,當選後與其公務有關之費用支出,陳銘瑜,A12*******,0.00,11000.00,,,,加班費或值班費,金錢,臺北市北投區****,,,,,,,,
99,林瑞圖,107年直轄市議員選舉,第二次賸餘,1090331,當選後與其公務有關之費用支出,史鎮花,A22*******,0.00,13000.00,,,,加班費或值班費,金錢,臺北市北投區****,,,,,,,,
100,林瑞圖,107年直轄市議員選舉,第二次賸餘,1090331,當選後與其公務有關之費用支出,張淑美,A22*******,0.00,11000.00,,,,加班費或值班費,金錢,臺北市文山區****,,,,,,,,
101,林瑞圖,107年直轄市議員選舉,第二次賸餘,1090331,當選後與其公務有關之費用支出,解惠君,A22*******,0.00,11000.00,,,,加班費或值班費,金錢,新北市新店區****,,,,,,,,
102,林瑞圖,107年直轄市議員選舉,第二次賸餘,1090331,當選後與其公務有關之費用支出,簡正昕,F12*******,0.00,6000.00,,,,加班費或值班費,金錢,臺北市士林區****,,,,,,,,
103,林瑞圖,107年直轄市議員選舉,第二次賸餘,1090401,當選後與其公務有關之費用支出,臺北自來水事業處,03774909,0.00,73.00,,,,水電瓦斯費用,金錢,臺北市士林區****,,,,,,,,
104,林瑞圖,107年直轄市議員選舉,第二次賸餘,1090406,當選後與其公務有關之費用支出,台灣中油股份有限公司,01391292,0.00,750.00,,,,油資,金錢,臺北市北投區****,,,,,,,,
105,林瑞圖,107年直轄市議員選舉,第二次賸餘,1090408,當選後與其公務有關之費用支出,晶叡股份有限公司,70837220,0.00,1000.00,,,,油資,金錢,臺北市北投區****,,,,,,,,
106,林瑞圖,107年直轄市議員選舉,第二次賸餘,1090408,當選後與其公務有關之費用支出,中昱有限公司,84105990,0.00,2000.00,,,,影印費,金錢,臺北市南港區****,,,,,,,,
107,林瑞圖,107年直轄市議員選舉,第二次賸餘,1090409,當選後與其公務有關之費用支出,富叡股份有限公司,70576604,0.00,699.00,,,,油資,金錢,臺北市北投區****,,,,,,,,
108,林瑞圖,107年直轄市議員選舉,第二次賸餘,1090412,當選後與其公務有關之費用支出,台灣中油股份有限公司,01391292,0.00,650.00,,,,油資,金錢,臺北市北投區****,,,,,,,,
109,林瑞圖,107年直轄市議員選舉,第二次賸餘,1090414,當選後與其公務有關之費用支出,統一超商股份有限公司,22555003,0.00,50.00,,,,停車費,金錢,臺北市松山區****,,,,,,,,
110,林瑞圖,107年直轄市議員選舉,第二次賸餘,1090414,當選後與其公務有關之費用支出,統一超商股份有限公司,22555003,0.00,50.00,,,,停車費,金錢,臺北市松山區****,,,,,,,,
111,林瑞圖,107年直轄市議員選舉,第二次賸餘,1090415,當選後與其公務有關之費用支出,台灣中油股份有限公司,01391292,0.00,55.00,,,,油資,金錢,臺北市北投區****,,,,,,,,
112,林瑞圖,107年直轄市議員選舉,第二次賸餘,1090420,當選後與其公務有關之費用支出,768-3C,,0.00,210.00,,,,搭乘交通工具支出,金錢,,0007*****,,,,,,,
113,林瑞圖,107年直轄市議員選舉,第二次賸餘,1090421,當選後與其公務有關之費用支出,年盈文化事業社,77640975,0.00,168.00,,,,雜誌,金錢,臺中市北區賴****,,,,,,,,
114,林瑞圖,107年直轄市議員選舉,第二次賸餘,1090422,當選後與其公務有關之費用支出,台灣中油股份有限公司,01391315,0.00,800.00,,,,油資,金錢,臺北市北投區****,,,,,,,,
115,林瑞圖,107年直轄市議員選舉,第二次賸餘,1090422,當選後與其公務有關之費用支出,宏利米行,33814294,0.00,300.00,,,,雜項購置或修繕費用,金錢,新北市新店區****,,,,,,,,
116,林瑞圖,107年直轄市議員選舉,第二次賸餘,1090422,當選後與其公務有關之費用支出,富叡股份有限公司,70576604,0.00,775.00,,,,油資,金錢,臺北市北投區****,,,,,,,,
117,林瑞圖,107年直轄市議員選舉,第二次賸餘,1090422,當選後與其公務有關之費用支出,晶叡股份有限公司,70837220,0.00,1000.00,,,,油資,金錢,臺北市北投區****,,,,,,,,
118,林瑞圖,107年直轄市議員選舉,第二次賸餘,1090424,當選後與其公務有關之費用支出,政燕車體工藝企業社,81170736,0.00,2230.00,,,,雜項購置或修繕費用,金錢,高雄市前鎮區****,,,,,,,,
119,林瑞圖,107年直轄市議員選舉,第二次賸餘,1090427,當選後與其公務有關之費用支出,台灣中油股份有限公司,37505158,0.00,623.00,,,,油資,金錢,新北市八里區****,,,,,,,,
120,林瑞圖,107年直轄市議員選舉,第二次賸餘,1090429,當選後與其公務有關之費用支出,修文鎖匙印刷打字行,01393307,0.00,60.00,,,,雜項購置或修繕費用,金錢,臺北市北投區****,,,,,,,,
121,林瑞圖,107年直轄市議員選舉,第二次賸餘,1090429,當選後與其公務有關之費用支出,中華電信股份有限公司,81691784,0.00,180.00,,,,電信費用,金錢,臺北市大安區****,,,,,,,,
122,林瑞圖,107年直轄市議員選舉,第二次賸餘,1090429,當選後與其公務有關之費用支出,中華電信股份有限公司,81691784,0.00,2541.00,,,,電信費用,金錢,臺北市大安區****,,,,,,,,
123,林瑞圖,107年直轄市議員選舉,第二次賸餘,1090430,當選後與其公務有關之費用支出,台灣中油股份有限公司,01391292,0.00,750.00,,,,油資,金錢,臺北市北投區****,,,,,,,,
124,林瑞圖,107年直轄市議員選舉,第二次賸餘,1090430,當選後與其公務有關之費用支出,天地花坊,15915397,0.00,129.00,,,,為民服務費用,金錢,臺北市萬華區****,,,,,,,,
125,林瑞圖,107年直轄市議員選舉,第二次賸餘,1090430,當選後與其公務有關之費用支出,大華企業社,95902697,0.00,280.00,,,,為民服務費用,金錢,桃園市大溪區****,,,,,,,,
126,林瑞圖,107年直轄市議員選舉,第二次賸餘,1090430,當選後與其公務有關之費用支出,陳銘瑜,A12*******,0.00,11000.00,,,,加班費或值班費,金錢,臺北市北投區****,,,,,,,,
127,林瑞圖,107年直轄市議員選舉,第二次賸餘,1090430,當選後與其公務有關之費用支出,張淑美,A22*******,0.00,11000.00,,,,加班費或值班費,金錢,臺北市文山區****,,,,,,,,
128,林瑞圖,107年直轄市議員選舉,第二次賸餘,1090430,當選後與其公務有關之費用支出,解惠君,A22*******,0.00,11000.00,,,,加班費或值班費,金錢,新北市新店區****,,,,,,,,
129,林瑞圖,107年直轄市議員選舉,第二次賸餘,1090430,當選後與其公務有關之費用支出,史鎮花,A22*******,0.00,13000.00,,,,加班費或值班費,金錢,臺北市北投區****,,,,,,,,
130,林瑞圖,107年直轄市議員選舉,第二次賸餘,1090430,當選後與其公務有關之費用支出,簡正昕,F12*******,0.00,6000.00,,,,加班費或值班費,金錢,臺北市士林區****,,,,,,,,
131,林瑞圖,107年直轄市議員選舉,第二次賸餘,1090504,當選後與其公務有關之費用支出,中昱有限公司,84105990,0.00,2000.00,,,,影印費,金錢,臺北市南港區****,,,,,,,,
132,林瑞圖,107年直轄市議員選舉,第二次賸餘,1090506,當選後與其公務有關之費用支出,599-9D,,0.00,235.00,,,,搭乘交通工具支出,金錢,,02-2*****,,,,,,,
133,林瑞圖,107年直轄市議員選舉,第二次賸餘,1090506,當選後與其公務有關之費用支出,台灣中油股份有限公司,01391292,0.00,700.00,,,,油資,金錢,臺北市北投區****,,,,,,,,
134,林瑞圖,107年直轄市議員選舉,第二次賸餘,1090509,當選後與其公務有關之費用支出,台灣中油股份有限公司,01391292,0.00,58.00,,,,油資,金錢,臺北市北投區****,,,,,,,,
135,林瑞圖,107年直轄市議員選舉,第二次賸餘,1090509,當選後與其公務有關之費用支出,晶叡股份有限公司,70837220,0.00,1293.00,,,,油資,金錢,臺北市北投區****,,,,,,,,
136,林瑞圖,107年直轄市議員選舉,第二次賸餘,1090510,當選後與其公務有關之費用支出,台灣中油股份有限公司,01391292,0.00,682.00,,,,油資,金錢,臺北市北投區****,,,,,,,,
137,林瑞圖,107年直轄市議員選舉,第二次賸餘,1090513,當選後與其公務有關之費用支出,湳雅福安宮管理委員會,,0.00,3000.00,,,,為民服務費用,金錢,臺北市士林區****,,,,,,,,
138,林瑞圖,107年直轄市議員選舉,第二次賸餘,1090514,當選後與其公務有關之費用支出,全聯實業股份有限公司,51711587,0.00,312.00,,,,雜項購置費用,金錢,臺北市文山區****,,,,,,,,
139,林瑞圖,107年直轄市議員選舉,第二次賸餘,1090515,當選後與其公務有關之費用支出,吸引力生活事業股份有限公司,24329715,0.00,442.00,,,,餐飲費用,金錢,臺北市信義區****,,,,,,,,
140,林瑞圖,107年直轄市議員選舉,第二次賸餘,1090515,當選後與其公務有關之費用支出,台灣電力公司,31096199,0.00,249.00,,,,水電瓦斯費用,金錢,臺北市北投區****,,,,,,,,
141,林瑞圖,107年直轄市議員選舉,第二次賸餘,1090515,當選後與其公務有關之費用支出,台灣電力公司,31096199,0.00,1393.00,,,,水電瓦斯費用,金錢,臺北市北投區****,,,,,,,,
142,林瑞圖,107年直轄市議員選舉,第二次賸餘,1090517,當選後與其公務有關之費用支出,湳雅福安宮管理委員會,,0.00,1200.00,,,,為民服務費用,金錢,臺北市士林區****,,,,,,,,
143,林瑞圖,107年直轄市議員選舉,第二次賸餘,1090520,當選後與其公務有關之費用支出,富叡股份有限公司,70576604,0.00,500.00,,,,油資,金錢,臺北市北投區****,,,,,,,,
144,林瑞圖,107年直轄市議員選舉,第二次賸餘,1090523,當選後與其公務有關之費用支出,台灣中油股份有限公司,01391315,0.00,945.00,,,,油資,金錢,臺北市北投區****,,,,,,,,
145,林瑞圖,107年直轄市議員選舉,第二次賸餘,1090525,當選後與其公務有關之費用支出,台灣中油股份有限公司,01391292,0.00,70.00,,,,油資,金錢,臺北市北投區****,,,,,,,,
146,林瑞圖,107年直轄市議員選舉,第二次賸餘,1090525,當選後與其公務有關之費用支出,晶叡股份有限公司,70837220,0.00,1000.00,,,,油資,金錢,臺北市北投區****,,,,,,,,
147,林瑞圖,107年直轄市議員選舉,第二次賸餘,1090527,當選後與其公務有關之費用支出,羽鈦實業社,,0.00,1000.00,,,,雜項購置或修繕費用,金錢,新北市蘆洲區****,,,,,,,,
148,林瑞圖,107年直轄市議員選舉,第二次賸餘,1090527,當選後與其公務有關之費用支出,TDA-6273,,0.00,285.00,,,,搭乘交通工具支出,金錢,,02-2*****,,,,,,,
149,林瑞圖,107年直轄市議員選舉,第二次賸餘,1090527,當選後與其公務有關之費用支出,國建行,48877129,0.00,120.00,,,,雜項購置費用,金錢,臺北市信義區****,,,,,,,,
150,林瑞圖,107年直轄市議員選舉,第二次賸餘,1090528,當選後與其公務有關之費用支出,TDA-6273,,0.00,260.00,,,,搭乘交通工具支出,金錢,,02-8*****,,,,,,,
151,林瑞圖,107年直轄市議員選舉,第二次賸餘,1090531,當選後與其公務有關之費用支出,台灣中油股份有限公司,01391292,0.00,955.00,,,,油資,金錢,臺北市北投區****,,,,,,,,
152,林瑞圖,107年直轄市議員選舉,第二次賸餘,1090531,當選後與其公務有關之費用支出,陳銘瑜,A12*******,0.00,11000.00,,,,加班費或值班費,金錢,臺北市北投區****,,,,,,,,
153,林瑞圖,107年直轄市議員選舉,第二次賸餘,1090531,當選後與其公務有關之費用支出,張淑美,A22*******,0.00,11000.00,,,,加班費或值班費,金錢,臺北市文山區****,,,,,,,,
154,林瑞圖,107年直轄市議員選舉,第二次賸餘,1090531,當選後與其公務有關之費用支出,解惠君,A22*******,0.00,11000.00,,,,加班費或值班費,金錢,新北市新店區****,,,,,,,,
155,林瑞圖,107年直轄市議員選舉,第二次賸餘,1090531,當選後與其公務有關之費用支出,史鎮花,A22*******,0.00,13000.00,,,,加班費或值班費,金錢,臺北市北投區****,,,,,,,,
156,林瑞圖,107年直轄市議員選舉,第二次賸餘,1090531,當選後與其公務有關之費用支出,簡正昕,F12*******,0.00,6000.00,,,,加班費或值班費,金錢,臺北市士林區****,,,,,,,,
157,林瑞圖,107年直轄市議員選舉,第二次賸餘,1090601,當選後與其公務有關之費用支出,富叡股份有限公司,70576604,0.00,500.00,,,,油資,金錢,臺北市北投區****,,,,,,,,
158,林瑞圖,107年直轄市議員選舉,第二次賸餘,1090602,當選後與其公務有關之費用支出,臺北自來水事業處,03774909,0.00,79.00,,,,水電瓦斯費用,金錢,臺北市士林區****,,,,,,,,
159,林瑞圖,107年直轄市議員選舉,第二次賸餘,1090602,當選後與其公務有關之費用支出,中華電信股份有限公司,81691784,0.00,2459.00,,,,電信費用,金錢,臺北市大安區****,,,,,,,,
160,林瑞圖,107年直轄市議員選舉,第二次賸餘,1090602,當選後與其公務有關之費用支出,中華電信股份有限公司,81691784,0.00,180.00,,,,電信費用,金錢,臺北市大安區****,,,,,,,,
161,林瑞圖,107年直轄市議員選舉,第二次賸餘,1090602,當選後與其公務有關之費用支出,中昱有限公司,84105990,0.00,2000.00,,,,影印費,金錢,臺北市南港區****,,,,,,,,
162,林瑞圖,107年直轄市議員選舉,第二次賸餘,1090604,當選後與其公務有關之費用支出,應安有限公司,42541865,0.00,120.00,,,,停車費,金錢,臺北市中正區****,,,,,,,,
163,林瑞圖,107年直轄市議員選舉,第二次賸餘,1090605,當選後與其公務有關之費用支出,609-YM,,0.00,100.00,,,,搭乘交通工具支出,金錢,,02-8*****,,,,,,,
164,林瑞圖,107年直轄市議員選舉,第二次賸餘,1090605,當選後與其公務有關之費用支出,德興行,10396071,0.00,1100.00,,,,雜項購置或修繕費用,金錢,臺北市北投區****,,,,,,,,
165,林瑞圖,107年直轄市議員選舉,第二次賸餘,1090606,當選後與其公務有關之費用支出,晶叡股份有限公司,70837220,0.00,1400.00,,,,油資,金錢,臺北市北投區****,,,,,,,,
166,林瑞圖,107年直轄市議員選舉,第二次賸餘,1090607,當選後與其公務有關之費用支出,台灣中油股份有限公司,01391292,0.00,700.00,,,,油資,金錢,臺北市北投區****,,,,,,,,
167,林瑞圖,107年直轄市議員選舉,第二次賸餘,1090607,當選後與其公務有關之費用支出,台灣中油股份有限公司,37505158,0.00,501.00,,,,油資,金錢,新北市八里區****,,,,,,,,
168,林瑞圖,107年直轄市議員選舉,第二次賸餘,1090611,當選後與其公務有關之費用支出,富叡股份有限公司,70576604,0.00,500.00,,,,油資,金錢,臺北市北投區****,,,,,,,,
169,林瑞圖,107年直轄市議員選舉,第二次賸餘,1090612,當選後與其公務有關之費用支出,興旺烘焙股份有限公司,96936750,0.00,890.00,,,,雜項購置或修繕費用,金錢,臺北市大安區****,,,,,,,,
170,林瑞圖,107年直轄市議員選舉,第二次賸餘,1090613,當選後與其公務有關之費用支出,全國加油站股份有限公司,01716643,0.00,738.00,,,,油資,金錢,臺北市文山區****,,,,,,,,
171,林瑞圖,107年直轄市議員選舉,第二次賸餘,1090613,當選後與其公務有關之費用支出,家福股份有限公司,27243938,0.00,618.00,,,,雜項購置費用,金錢,新北市新店區****,,,,,,,,
172,林瑞圖,107年直轄市議員選舉,第二次賸餘,1090614,當選後與其公務有關之費用支出,台灣中油股份有限公司,01391292,0.00,800.00,,,,油資,金錢,臺北市北投區****,,,,,,,,
173,林瑞圖,107年直轄市議員選舉,第二次賸餘,1090615,當選後與其公務有關之費用支出,全家便利商店股份有限公司,27234972,0.00,108.00,,,,雜項購置費用,金錢,臺北市北投區****,,,,,,,,
174,林瑞圖,107年直轄市議員選舉,第二次賸餘,1090615,當選後與其公務有關之費用支出,萊爾富國際股份有限公司,27240067,0.00,900.00,,,,雜項購置或修繕費用,金錢,臺北市信義區****,,,,,,,,
175,林瑞圖,107年直轄市議員選舉,第二次賸餘,1090615,當選後與其公務有關之費用支出,富叡股份有限公司,70576604,0.00,500.00,,,,油資,金錢,臺北市北投區****,,,,,,,,
176,林瑞圖,107年直轄市議員選舉,第二次賸餘,1090618,當選後與其公務有關之費用支出,德興行,10396071,0.00,2000.00,,,,雜項購置或修繕費用,金錢,臺北市北投區****,,,,,,,,
177,林瑞圖,107年直轄市議員選舉,第二次賸餘,1090619,當選後與其公務有關之費用支出,建成印社,04202719,0.00,1200.00,,,,名片,金錢,臺北市中正區****,,,,,,,,
178,林瑞圖,107年直轄市議員選舉,第二次賸餘,1090620,當選後與其公務有關之費用支出,富叡股份有限公司,70576604,0.00,950.00,,,,油資,金錢,臺北市北投區****,,,,,,,,
179,林瑞圖,107年直轄市議員選舉,第二次賸餘,1090620,當選後與其公務有關之費用支出,晶叡股份有限公司,70837220,0.00,1000.00,,,,油資,金錢,臺北市北投區****,,,,,,,,
180,林瑞圖,107年直轄市議員選舉,第二次賸餘,1090621,當選後與其公務有關之費用支出,台灣中油股份有限公司,01391292,0.00,900.00,,,,油資,金錢,臺北市北投區****,,,,,,,,
181,林瑞圖,107年直轄市議員選舉,第二次賸餘,1090621,當選後與其公務有關之費用支出,晶叡股份有限公司,70837220,0.00,500.00,,,,油資,金錢,臺北市北投區****,,,,,,,,
182,林瑞圖,107年直轄市議員選舉,第二次賸餘,1090623,當選後與其公務有關之費用支出,阿玉國際有限公司,82827866,0.00,685.00,,,,雜項購置或修繕費用,金錢,臺北市大安區****,,,,,,,,
183,林瑞圖,107年直轄市議員選舉,第二次賸餘,1090624,當選後與其公務有關之費用支出,上天宮,,0.00,2000.00,,,,為民服務費用,金錢,臺北市士林區****,,,,,,,,
184,林瑞圖,107年直轄市議員選舉,第二次賸餘,1090624,當選後與其公務有關之費用支出,花卉營業人,01226168,0.00,2000.00,,,,為民服務費用,金錢,臺北市內湖區****,,,,,,,,
185,林瑞圖,107年直轄市議員選舉,第二次賸餘,1090628,當選後與其公務有關之費用支出,台灣中油股份有限公司,01391292,0.00,900.00,,,,油資,金錢,臺北市北投區****,,,,,,,,
186,林瑞圖,107年直轄市議員選舉,第二次賸餘,1090628,當選後與其公務有關之費用支出,全國加油站股份有限公司,83945433,0.00,350.00,,,,油資,金錢,臺北市士林區****,,,,,,,,
187,林瑞圖,107年直轄市議員選舉,第二次賸餘,1090630,當選後與其公務有關之費用支出,陳銘瑜,A12*******,0.00,11000.00,,,,加班費或值班費,金錢,臺北市北投區****,,,,,,,,
188,林瑞圖,107年直轄市議員選舉,第二次賸餘,1090630,當選後與其公務有關之費用支出,張淑美,A22*******,0.00,11000.00,,,,加班費或值班費,金錢,臺北市文山區****,,,,,,,,
189,林瑞圖,107年直轄市議員選舉,第二次賸餘,1090630,當選後與其公務有關之費用支出,解惠君,A22*******,0.00,11000.00,,,,加班費或值班費,金錢,新北市新店區****,,,,,,,,
190,林瑞圖,107年直轄市議員選舉,第二次賸餘,1090630,當選後與其公務有關之費用支出,史鎮花,A22*******,0.00,13000.00,,,,加班費或值班費,金錢,臺北市北投區****,,,,,,,,
191,林瑞圖,107年直轄市議員選舉,第二次賸餘,1090630,當選後與其公務有關之費用支出,簡正昕,F12*******,0.00,6000.00,,,,加班費或值班費,金錢,臺北市士林區****,,,,,,,,
192,林瑞圖,107年直轄市議員選舉,第二次賸餘,1090701,當選後與其公務有關之費用支出,富叡股份有限公司,70576604,0.00,1000.00,,,,油資,金錢,臺北市北投區****,,,,,,,,
193,林瑞圖,107年直轄市議員選舉,第二次賸餘,1090701,當選後與其公務有關之費用支出,晶叡股份有限公司,70837220,0.00,1000.00,,,,油資,金錢,臺北市北投區****,,,,,,,,
194,林瑞圖,107年直轄市議員選舉,第二次賸餘,1090701,當選後與其公務有關之費用支出,中昱有限公司,84105990,0.00,2000.00,,,,影印費,金錢,臺北市南港區****,,,,,,,,
195,林瑞圖,107年直轄市議員選舉,第二次賸餘,1090702,當選後與其公務有關之費用支出,全聯實業股份有限公司,16741228,0.00,215.00,,,,雜項購置或修繕費用,金錢,臺北市北投區****,,,,,,,,
196,林瑞圖,107年直轄市議員選舉,第二次賸餘,1090702,當選後與其公務有關之費用支出,中華電信股份有限公司,81691784,0.00,180.00,,,,電信費用,金錢,臺北市大安區****,,,,,,,,
197,林瑞圖,107年直轄市議員選舉,第二次賸餘,1090702,當選後與其公務有關之費用支出,中華電信股份有限公司,81691784,0.00,2513.00,,,,電信費用,金錢,臺北市大安區****,,,,,,,,
198,林瑞圖,107年直轄市議員選舉,第二次賸餘,1090704,當選後與其公務有關之費用支出,台灣中油股份有限公司,01391292,0.00,600.00,,,,油資,金錢,臺北市北投區****,,,,,,,,
199,林瑞圖,107年直轄市議員選舉,第二次賸餘,1090706,當選後與其公務有關之費用支出,全國加油站股份有限公司,01716643,0.00,746.00,,,,油資,金錢,臺北市文山區****,,,,,,,,
200,林瑞圖,107年直轄市議員選舉,第二次賸餘,1090707,當選後與其公務有關之費用支出,富叡股份有限公司,70576604,0.00,1000.00,,,,油資,金錢,臺北市北投區****,,,,,,,,
201,林瑞圖,107年直轄市議員選舉,第二次賸餘,1090709,當選後與其公務有關之費用支出,都一處有限公司,29072066,0.00,275.00,,,,餐飲支出,金錢,臺北市信義區****,,,,,,,,
202,林瑞圖,107年直轄市議員選舉,第二次賸餘,1090710,當選後與其公務有關之費用支出,公有木新市場第12號攤位,25506717,0.00,7800.00,,,,雜項購置或修繕費用,金錢,臺北市文山區****,,,,,,,,
203,林瑞圖,107年直轄市議員選舉,第二次賸餘,1090710,當選後與其公務有關之費用支出,興旺烘焙股份有限公司,96936750,0.00,680.00,,,,雜項購置或修繕費用,金錢,臺北市大安區****,,,,,,,,
204,林瑞圖,107年直轄市議員選舉,第二次賸餘,1090711,當選後與其公務有關之費用支出,晶叡股份有限公司,70837220,0.00,1300.00,,,,油資,金錢,臺北市北投區****,,,,,,,,
205,林瑞圖,107年直轄市議員選舉,第二次賸餘,1090712,當選後與其公務有關之費用支出,台灣中油股份有限公司,01391292,0.00,560.00,,,,油資,金錢,臺北市北投區****,,,,,,,,
206,林瑞圖,107年直轄市議員選舉,第二次賸餘,1090712,當選後與其公務有關之費用支出,全國加油站股份有限公司,83945433,0.00,446.00,,,,油資,金錢,臺北市士林區****,,,,,,,,
207,林瑞圖,107年直轄市議員選舉,第二次賸餘,1090714,當選後與其公務有關之費用支出,藍格印刷國際企業有限公司,22076600,0.00,4108.00,,,,雜項購置費用,金錢,新北市三重區****,,,,,,,,
208,林瑞圖,107年直轄市議員選舉,第二次賸餘,1090714,當選後與其公務有關之費用支出,全家便利商店股份有限公司,54915537,0.00,450.00,,,,雜項購置或修繕費用,金錢,臺北市文山區****,,,,,,,,
209,林瑞圖,107年直轄市議員選舉,第二次賸餘,1090714,當選後與其公務有關之費用支出,富叡股份有限公司,70576604,0.00,955.00,,,,油資,金錢,臺北市北投區****,,,,,,,,
210,林瑞圖,107年直轄市議員選舉,第二次賸餘,1090715,當選後與其公務有關之費用支出,青果承銷人1134,01265252,0.00,1500.00,,,,雜項購置或修繕費用,金錢,臺北市中山區****,,,,,,,,
211,林瑞圖,107年直轄市議員選舉,第二次賸餘,1090715,當選後與其公務有關之費用支出,全家便利商店股份有限公司,54915537,0.00,720.00,,,,雜項購置或修繕費用,金錢,臺北市文山區****,,,,,,,,
212,林瑞圖,107年直轄市議員選舉,第二次賸餘,1090717,當選後與其公務有關之費用支出,都一處有限公司,29072066,0.00,275.00,,,,餐飲支出,金錢,臺北市信義區****,,,,,,,,
213,林瑞圖,107年直轄市議員選舉,第二次賸餘,1090718,當選後與其公務有關之費用支出,台灣電力公司,31096199,0.00,762.00,,,,水電瓦斯費用,金錢,臺北市北投區****,,,,,,,,
214,林瑞圖,107年直轄市議員選舉,第二次賸餘,1090718,當選後與其公務有關之費用支出,台灣電力公司,31096199,0.00,3991.00,,,,水電瓦斯費用,金錢,臺北市北投區****,,,,,,,,
215,林瑞圖,107年直轄市議員選舉,第二次賸餘,1090718,當選後與其公務有關之費用支出,晶叡股份有限公司,70837220,0.00,1206.00,,,,油資,金錢,臺北市北投區****,,,,,,,,
216,林瑞圖,107年直轄市議員選舉,第二次賸餘,1090718,當選後與其公務有關之費用支出,陶板屋和風創作料理,75963153,0.00,2346.00,,,,餐飲支出,金錢,臺北市松山區****,,,,,,,,
217,林瑞圖,107年直轄市議員選舉,第二次賸餘,1090720,當選後與其公務有關之費用支出,車容坊股份有限公司,48894160,0.00,850.00,,,,油資,金錢,臺北市北投區****,,,,,,,,
218,林瑞圖,107年直轄市議員選舉,第二次賸餘,1090721,當選後與其公務有關之費用支出,都一處有限公司,29072066,0.00,1080.00,,,,餐飲支出,金錢,臺北市信義區****,,,,,,,,
219,林瑞圖,107年直轄市議員選舉,第二次賸餘,1090722,當選後與其公務有關之費用支出,錦記小吃店,14345737,0.00,90.00,,,,餐飲支出,金錢,臺北市信義區****,,,,,,,,
220,林瑞圖,107年直轄市議員選舉,第二次賸餘,1090722,當選後與其公務有關之費用支出,宋廚企業有限公司,16589201,0.00,9152.00,,,,餐飲費用,金錢,臺北市信義區****,,,,,,,,
221,林瑞圖,107年直轄市議員選舉,第二次賸餘,1090723,當選後與其公務有關之費用支出,富利餐飲股份有限公司,24815103,0.00,174.00,,,,餐飲支出,金錢,臺北市中山區****,,,,,,,,
222,林瑞圖,107年直轄市議員選舉,第二次賸餘,1090725,當選後與其公務有關之費用支出,晶叡股份有限公司,70837220,0.00,1000.00,,,,油資,金錢,臺北市北投區****,,,,,,,,
223,林瑞圖,107年直轄市議員選舉,第二次賸餘,1090726,當選後與其公務有關之費用支出,全國加油站股份有限公司,83945433,0.00,337.00,,,,油資,金錢,臺北市士林區****,,,,,,,,
224,林瑞圖,107年直轄市議員選舉,第二次賸餘,1090727,當選後與其公務有關之費用支出,台灣中油股份有限公司,01391315,0.00,800.00,,,,油資,金錢,臺北市北投區****,,,,,,,,
225,林瑞圖,107年直轄市議員選舉,第二次賸餘,1090727,當選後與其公務有關之費用支出,天東牛肉麵,75428809,0.00,350.00,,,,餐飲支出,金錢,臺北市士林區****,,,,,,,,
226,林瑞圖,107年直轄市議員選舉,第二次賸餘,1090729,當選後與其公務有關之費用支出,台灣中油股份有限公司,01113283,0.00,846.00,,,,油資,金錢,臺北市信義區****,,,,,,,,
227,林瑞圖,107年直轄市議員選舉,第二次賸餘,1090729,當選後與其公務有關之費用支出,台灣中油股份有限公司,01391309,0.00,80.00,,,,油資,金錢,臺北市北投區****,,,,,,,,
228,林瑞圖,107年直轄市議員選舉,第二次賸餘,1090730,當選後與其公務有關之費用支出,台北士林雙溪鎮北宮管理委員會,,0.00,2000.00,,,,為民活動費用,金錢,臺北市士林區****,,,,,,,,
229,林瑞圖,107年直轄市議員選舉,第二次賸餘,1090730,當選後與其公務有關之費用支出,富叡股份有限公司,70576604,0.00,1000.00,,,,油資,金錢,臺北市北投區****,,,,,,,,
230,林瑞圖,107年直轄市議員選舉,第二次賸餘,1090731,當選後與其公務有關之費用支出,福星宮管理委員會,,0.00,1500.00,,,,為民服務費用,金錢,臺北市北投區****,,,,,,,,
231,林瑞圖,107年直轄市議員選舉,第二次賸餘,1090731,當選後與其公務有關之費用支出,劉家肉粽股份有限公司,83454528,0.00,580.00,,,,餐飲費用,金錢,臺北市士林區****,,,,,,,,
232,林瑞圖,107年直轄市議員選舉,第二次賸餘,1090731,當選後與其公務有關之費用支出,陳銘瑜,A12*******,0.00,11000.00,,,,加班費或值班費,金錢,臺北市北投區****,,,,,,,,
233,林瑞圖,107年直轄市議員選舉,第二次賸餘,1090731,當選後與其公務有關之費用支出,史鎮花,A22*******,0.00,13000.00,,,,加班費或值班費,金錢,臺北市北投區****,,,,,,,,
234,林瑞圖,107年直轄市議員選舉,第二次賸餘,1090731,當選後與其公務有關之費用支出,張淑美,A22*******,0.00,11000.00,,,,加班費或值班費,金錢,臺北市文山區****,,,,,,,,
235,林瑞圖,107年直轄市議員選舉,第二次賸餘,1090731,當選後與其公務有關之費用支出,解惠君,A22*******,0.00,11000.00,,,,加班費或值班費,金錢,新北市新店區****,,,,,,,,
236,林瑞圖,107年直轄市議員選舉,第二次賸餘,1090731,當選後與其公務有關之費用支出,簡正昕,F12*******,0.00,6000.00,,,,加班費或值班費,金錢,臺北市士林區****,,,,,,,,
237,林瑞圖,107年直轄市議員選舉,第二次賸餘,1090802,當選後與其公務有關之費用支出,台灣中油股份有限公司,01391292,0.00,720.00,,,,油資,金錢,臺北市北投區****,,,,,,,,
238,林瑞圖,107年直轄市議員選舉,第二次賸餘,1090802,當選後與其公務有關之費用支出,臺北自來水事業處,03774909,0.00,77.00,,,,水電瓦斯費用,金錢,臺北市士林區****,,,,,,,,
239,林瑞圖,107年直轄市議員選舉,第二次賸餘,1090802,當選後與其公務有關之費用支出,中華電信股份有限公司,81691784,0.00,2488.00,,,,電信費用,金錢,臺北市大安區****,,,,,,,,
240,林瑞圖,107年直轄市議員選舉,第二次賸餘,1090802,當選後與其公務有關之費用支出,中華電信股份有限公司,81691784,0.00,180.00,,,,電信費用,金錢,臺北市大安區****,,,,,,,,
241,林瑞圖,107年直轄市議員選舉,第二次賸餘,1090804,當選後與其公務有關之費用支出,欣欣客運股份有限公司,18739212,0.00,5600.00,,,,雜項購置或修繕費用,金錢,臺北市中正區****,,,,,,,,
242,林瑞圖,107年直轄市議員選舉,第二次賸餘,1090804,當選後與其公務有關之費用支出,中昱有限公司,84105990,0.00,2000.00,,,,影印費,金錢,臺北市南港區****,,,,,,,,
243,林瑞圖,107年直轄市議員選舉,第二次賸餘,1090805,當選後與其公務有關之費用支出,車容坊股份有限公司,48894160,0.00,955.00,,,,油資,金錢,臺北市北投區****,,,,,,,,
244,林瑞圖,107年直轄市議員選舉,第二次賸餘,1090805,當選後與其公務有關之費用支出,全家便利商店股份有限公司,54915537,0.00,900.00,,,,雜項購置或修繕費用,金錢,臺北市文山區****,,,,,,,,
245,林瑞圖,107年直轄市議員選舉,第二次賸餘,1090805,當選後與其公務有關之費用支出,晶叡股份有限公司,70837220,0.00,1200.00,,,,油資,金錢,臺北市北投區****,,,,,,,,
246,林瑞圖,107年直轄市議員選舉,第二次賸餘,1090806,當選後與其公務有關之費用支出,台灣中油股份有限公司,01391292,0.00,1055.00,,,,油資,金錢,臺北市北投區****,,,,,,,,
247,林瑞圖,107年直轄市議員選舉,第二次賸餘,1090809,當選後與其公務有關之費用支出,台灣中油股份有限公司,01391292,0.00,90.00,,,,油資,金錢,臺北市北投區****,,,,,,,,
248,林瑞圖,107年直轄市議員選舉,第二次賸餘,1090812,當選後與其公務有關之費用支出,花卉營業人,01226168,0.00,2000.00,,,,為民服務費用,金錢,臺北市內湖區****,,,,,,,,
249,林瑞圖,107年直轄市議員選舉,第二次賸餘,1090812,當選後與其公務有關之費用支出,富叡股份有限公司,70576604,0.00,945.00,,,,油資,金錢,臺北市北投區****,,,,,,,,
250,林瑞圖,107年直轄市議員選舉,第二次賸餘,1090813,當選後與其公務有關之費用支出,TAB-163,,0.00,205.00,,,,搭乘交通工具支出,金錢,,02-2*****,,,,,,,
251,林瑞圖,107年直轄市議員選舉,第二次賸餘,1090814,當選後與其公務有關之費用支出,台灣中油股份有限公司,01391292,0.00,1000.00,,,,油資,金錢,臺北市北投區****,,,,,,,,
252,林瑞圖,107年直轄市議員選舉,第二次賸餘,1090814,當選後與其公務有關之費用支出,晶叡股份有限公司,70837220,0.00,1300.00,,,,油資,金錢,臺北市北投區****,,,,,,,,
253,林瑞圖,107年直轄市議員選舉,第二次賸餘,1090815,當選後與其公務有關之費用支出,和億生活股份有限公司北車站二店,42266699,0.00,823.00,,,,雜項購置或修繕費用,金錢,臺北市中正區****,,,,,,,,
254,林瑞圖,107年直轄市議員選舉,第二次賸餘,1090818,當選後與其公務有關之費用支出,中華郵政,,0.00,130.00,,,,郵資,金錢,臺北市北投區****,(02)*****,,,,,,,
255,林瑞圖,107年直轄市議員選舉,第二次賸餘,1090818,當選後與其公務有關之費用支出,都一處有限公司,29072066,0.00,240.00,,,,餐飲費用,金錢,臺北市信義區****,,,,,,,,
256,林瑞圖,107年直轄市議員選舉,第二次賸餘,1090819,當選後與其公務有關之費用支出,台灣中油股份有限公司,01391292,0.00,960.00,,,,油資,金錢,臺北市北投區****,,,,,,,,
257,林瑞圖,107年直轄市議員選舉,第二次賸餘,1090819,當選後與其公務有關之費用支出,台灣中油股份有限公司,01391292,0.00,80.00,,,,油資,金錢,臺北市北投區****,,,,,,,,
258,林瑞圖,107年直轄市議員選舉,第二次賸餘,1090820,當選後與其公務有關之費用支出,羽鈦實業社,,0.00,1000.00,,,,雜項購置或修繕費用,金錢,新北市蘆洲區****,,,,,,,,
259,林瑞圖,107年直轄市議員選舉,第二次賸餘,1090821,當選後與其公務有關之費用支出,安勝企業社,48536283,0.00,130.00,,,,勞務費,金錢,臺北市萬華區****,,,,,,,,
260,林瑞圖,107年直轄市議員選舉,第二次賸餘,1090821,當選後與其公務有關之費用支出,天東牛肉麵,75428809,0.00,350.00,,,,餐飲支出,金錢,臺北市士林區****,,,,,,,,
261,林瑞圖,107年直轄市議員選舉,第二次賸餘,1090823,當選後與其公務有關之費用支出,晶叡股份有限公司,70837220,0.00,1000.00,,,,油資,金錢,臺北市北投區****,,,,,,,,
262,林瑞圖,107年直轄市議員選舉,第二次賸餘,1090824,當選後與其公務有關之費用支出,富叡股份有限公司,70576604,0.00,1000.00,,,,油資,金錢,臺北市北投區****,,,,,,,,
263,林瑞圖,107年直轄市議員選舉,第二次賸餘,1090826,當選後與其公務有關之費用支出,士林區農會供銷部,48845133,0.00,290.00,,,,雜項購置或修繕費用,金錢,臺北市士林區****,,,,,,,,
264,林瑞圖,107年直轄市議員選舉,第二次賸餘,1090828,當選後與其公務有關之費用支出,台灣中油股份有限公司,25638689,0.00,1000.00,,,,油資,金錢,臺北市松山區****,,,,,,,,
265,林瑞圖,107年直轄市議員選舉,第二次賸餘,1090828,當選後與其公務有關之費用支出,劉家肉粽股份有限公司,83454528,0.00,900.00,,,,餐飲費用,金錢,臺北市士林區****,,,,,,,,
266,林瑞圖,107年直轄市議員選舉,第二次賸餘,1090829,當選後與其公務有關之費用支出,晶叡股份有限公司,70837220,0.00,1407.00,,,,油資,金錢,臺北市北投區****,,,,,,,,
267,林瑞圖,107年直轄市議員選舉,第二次賸餘,1090830,當選後與其公務有關之費用支出,華秝國際興業有限公司,54399738,0.00,350.00,,,,雜項購置或修繕費用,金錢,南投縣埔里鎮****,,,,,,,,
268,林瑞圖,107年直轄市議員選舉,第二次賸餘,1090831,當選後與其公務有關之費用支出,富叡股份有限公司,70576604,0.00,930.00,,,,油資,金錢,臺北市北投區****,,,,,,,,
269,林瑞圖,107年直轄市議員選舉,第二次賸餘,1090831,當選後與其公務有關之費用支出,陳銘瑜,A12*******,0.00,11000.00,,,,加班費或值班費,金錢,臺北市北投區****,,,,,,,,
270,林瑞圖,107年直轄市議員選舉,第二次賸餘,1090831,當選後與其公務有關之費用支出,張淑美,A22*******,0.00,11000.00,,,,加班費或值班費,金錢,臺北市文山區****,,,,,,,,
271,林瑞圖,107年直轄市議員選舉,第二次賸餘,1090831,當選後與其公務有關之費用支出,解惠君,A22*******,0.00,11000.00,,,,加班費或值班費,金錢,新北市新店區****,,,,,,,,
272,林瑞圖,107年直轄市議員選舉,第二次賸餘,1090831,當選後與其公務有關之費用支出,史鎮花,A22*******,0.00,13000.00,,,,加班費或值班費,金錢,臺北市北投區****,,,,,,,,
273,林瑞圖,107年直轄市議員選舉,第二次賸餘,1090831,當選後與其公務有關之費用支出,簡正昕,F12*******,0.00,6000.00,,,,加班費或值班費,金錢,臺北市士林區****,,,,,,,,
274,林瑞圖,107年直轄市議員選舉,第二次賸餘,1090901,當選後與其公務有關之費用支出,全家便利商店股份有限公司,54915537,0.00,450.00,,,,飲料,金錢,臺北市文山區****,,,,,,,,
275,林瑞圖,107年直轄市議員選舉,第二次賸餘,1090901,當選後與其公務有關之費用支出,中華電信股份有限公司,81691784,0.00,180.00,,,,電信費用,金錢,臺北市大安區****,,,,,,,,
276,林瑞圖,107年直轄市議員選舉,第二次賸餘,1090901,當選後與其公務有關之費用支出,中華電信股份有限公司,81691784,0.00,2507.00,,,,電信費用,金錢,臺北市大安區****,,,,,,,,
277,林瑞圖,107年直轄市議員選舉,第二次賸餘,1090902,當選後與其公務有關之費用支出,中昱有限公司,84105990,0.00,2000.00,,,,影印費,金錢,臺北市南港區****,,,,,,,,
278,林瑞圖,107年直轄市議員選舉,第二次賸餘,1090905,當選後與其公務有關之費用支出,台灣中油股份有限公司,01391292,0.00,80.00,,,,油資,金錢,臺北市北投區****,,,,,,,,
279,林瑞圖,107年直轄市議員選舉,第二次賸餘,1090905,當選後與其公務有關之費用支出,潤泰旭展股份有限公司,28449085,0.00,724.00,,,,雜項購置或修繕費用,金錢,臺北市南港區****,,,,,,,,
280,林瑞圖,107年直轄市議員選舉,第二次賸餘,1090906,當選後與其公務有關之費用支出,富叡股份有限公司,70576604,0.00,1000.00,,,,油資,金錢,臺北市北投區****,,,,,,,,
281,林瑞圖,107年直轄市議員選舉,第二次賸餘,1090907,當選後與其公務有關之費用支出,中華郵政,,0.00,52.00,,,,郵資,金錢,臺北市北投區****,(02)*****,,,,,,,
282,林瑞圖,107年直轄市議員選舉,第二次賸餘,1090907,當選後與其公務有關之費用支出,晶叡股份有限公司,70837220,0.00,1000.00,,,,油資,金錢,臺北市北投區****,,,,,,,,
283,林瑞圖,107年直轄市議員選舉,第二次賸餘,1090908,當選後與其公務有關之費用支出,全國加油站股份有限公司,83945433,0.00,422.00,,,,油資,金錢,臺北市士林區****,,,,,,,,
284,林瑞圖,107年直轄市議員選舉,第二次賸餘,1090909,當選後與其公務有關之費用支出,昀亨行,10396071,0.00,2000.00,,,,雜項購置或修繕費用,金錢,臺北市北投區****,,,,,,,,
285,林瑞圖,107年直轄市議員選舉,第二次賸餘,1090911,當選後與其公務有關之費用支出,又莉企業有限公司,31149533,0.00,1180.00,,,,雜項購置或修繕費用,金錢,臺北市士林區****,,,,,,,,
286,林瑞圖,107年直轄市議員選舉,第二次賸餘,1090912,當選後與其公務有關之費用支出,台灣中油股份有限公司,01391315,0.00,1000.00,,,,油資,金錢,臺北市北投區****,,,,,,,,
287,林瑞圖,107年直轄市議員選舉,第二次賸餘,1090913,當選後與其公務有關之費用支出,人見人愛花坊,13835068,0.00,3000.00,,,,為民服務費用,金錢,臺北市中山區****,,,,,,,,
288,林瑞圖,107年直轄市議員選舉,第二次賸餘,1090913,當選後與其公務有關之費用支出,全聯實業股份有限公司,51711587,0.00,437.00,,,,雜項購置或修繕費用,金錢,臺北市文山區****,,,,,,,,
289,林瑞圖,107年直轄市議員選舉,第二次賸餘,1090913,當選後與其公務有關之費用支出,全家便利商店股份有限公司,54915537,0.00,510.00,,,,飲料,金錢,臺北市文山區****,,,,,,,,
290,林瑞圖,107年直轄市議員選舉,第二次賸餘,1090914,當選後與其公務有關之費用支出,駟海小五金行,01709713,0.00,400.00,,,,雜項購置或修繕費用,金錢,臺北市文山區****,,,,,,,,
291,林瑞圖,107年直轄市議員選舉,第二次賸餘,1090914,當選後與其公務有關之費用支出,富叡股份有限公司,70576604,0.00,1000.00,,,,油資,金錢,臺北市北投區****,,,,,,,,
292,林瑞圖,107年直轄市議員選舉,第二次賸餘,1090916,當選後與其公務有關之費用支出,全國加油站股份有限公司,01716643,0.00,722.00,,,,油資,金錢,臺北市文山區****,,,,,,,,
293,林瑞圖,107年直轄市議員選舉,第二次賸餘,1090916,當選後與其公務有關之費用支出,富叡股份有限公司,70576604,0.00,1500.00,,,,油資,金錢,臺北市北投區****,,,,,,,,
294,林瑞圖,107年直轄市議員選舉,第二次賸餘,1090917,當選後與其公務有關之費用支出,台灣中油股份有限公司,77402208,0.00,1000.00,,,,油資,金錢,臺北市士林區****,,,,,,,,
295,林瑞圖,107年直轄市議員選舉,第二次賸餘,1090918,當選後與其公務有關之費用支出,台灣中油股份有限公司,01391292,0.00,85.00,,,,油資,金錢,臺北市北投區****,,,,,,,,
296,林瑞圖,107年直轄市議員選舉,第二次賸餘,1090918,當選後與其公務有關之費用支出,全國加油站股份有限公司,29206826,0.00,510.00,,,,油資,金錢,臺北市士林區****,,,,,,,,
297,林瑞圖,107年直轄市議員選舉,第二次賸餘,1090918,當選後與其公務有關之費用支出,台灣電力公司,31096199,0.00,6154.00,,,,水電瓦斯費用,金錢,臺北市北投區****,,,,,,,,
298,林瑞圖,107年直轄市議員選舉,第二次賸餘,1090918,當選後與其公務有關之費用支出,台灣電力公司,31096199,0.00,798.00,,,,水電瓦斯費用,金錢,臺北市北投區****,,,,,,,,
299,林瑞圖,107年直轄市議員選舉,第二次賸餘,1090919,當選後與其公務有關之費用支出,社口犁記餅店,27597262,0.00,7390.00,,,,雜項購置或修繕費用,金錢,臺中市神岡區****,,,,,,,,
300,林瑞圖,107年直轄市議員選舉,第二次賸餘,1090919,當選後與其公務有關之費用支出,天東牛肉麵,75428809,0.00,400.00,,,,餐飲支出,金錢,臺北市士林區****,,,,,,,,
301,林瑞圖,107年直轄市議員選舉,第二次賸餘,1090920,當選後與其公務有關之費用支出,台灣中油股份有限公司,01391292,0.00,735.00,,,,油資,金錢,臺北市北投區****,,,,,,,,
302,林瑞圖,107年直轄市議員選舉,第二次賸餘,1090920,當選後與其公務有關之費用支出,全國加油站股份有限公司,83945433,0.00,268.00,,,,油資,金錢,臺北市士林區****,,,,,,,,
303,林瑞圖,107年直轄市議員選舉,第二次賸餘,1090921,當選後與其公務有關之費用支出,富叡股份有限公司,70576604,0.00,1000.00,,,,油資,金錢,臺北市北投區****,,,,,,,,
304,林瑞圖,107年直轄市議員選舉,第二次賸餘,1090923,當選後與其公務有關之費用支出,新瑞興車行,10991472,0.00,12000.00,,,,雜項購置或修繕費用,金錢,臺中市西屯區****,,,,,,,,
305,林瑞圖,107年直轄市議員選舉,第二次賸餘,1090923,當選後與其公務有關之費用支出,新瑞興車行,10991472,0.00,10000.00,,,,雜項購置或修繕費用,金錢,臺中市西屯區****,,,,,,,,
306,林瑞圖,107年直轄市議員選舉,第二次賸餘,1090923,當選後與其公務有關之費用支出,全家便利商店股份有限公司,54915537,0.00,490.00,,,,雜項購置或修繕費用,金錢,臺北市文山區****,,,,,,,,
307,林瑞圖,107年直轄市議員選舉,第二次賸餘,1090925,當選後與其公務有關之費用支出,美智國際有限公司,13093396,0.00,50000.00,,,,雜項購置或修繕費用,金錢,臺北市士林區****,,,,,,,,
308,林瑞圖,107年直轄市議員選舉,第二次賸餘,1090926,當選後與其公務有關之費用支出,台灣中油股份有限公司,01391292,0.00,80.00,,,,油資,金錢,臺北市北投區****,,,,,,,,
309,林瑞圖,107年直轄市議員選舉,第二次賸餘,1090926,當選後與其公務有關之費用支出,淞品畜產有限公司,55878926,0.00,1300.00,,,,餐飲支出,金錢,臺北市士林區****,,,,,,,,
310,林瑞圖,107年直轄市議員選舉,第二次賸餘,1090926,當選後與其公務有關之費用支出,富叡股份有限公司,70576604,0.00,1000.00,,,,油資,金錢,臺北市北投區****,,,,,,,,
311,林瑞圖,107年直轄市議員選舉,第二次賸餘,1090927,當選後與其公務有關之費用支出,車容坊股份有限公司,48894160,0.00,950.00,,,,油資,金錢,臺北市北投區****,,,,,,,,
312,林瑞圖,107年直轄市議員選舉,第二次賸餘,1090928,當選後與其公務有關之費用支出,台灣中油股份有限公司,01391292,0.00,980.00,,,,油資,金錢,臺北市北投區****,,,,,,,,
313,林瑞圖,107年直轄市議員選舉,第二次賸餘,1090929,當選後與其公務有關之費用支出,台灣中油股份有限公司,01391309,0.00,1000.00,,,,油資,金錢,臺北市北投區****,,,,,,,,
314,林瑞圖,107年直轄市議員選舉,第二次賸餘,1090929,當選後與其公務有關之費用支出,淞品畜產有限公司,55878926,0.00,1300.00,,,,餐飲支出,金錢,臺北市士林區****,,,,,,,,
315,林瑞圖,107年直轄市議員選舉,第二次賸餘,1090930,當選後與其公務有關之費用支出,農庄花店,14646826,0.00,5000.00,,,,為民服務費用,金錢,新北市三芝區****,,,,,,,,
316,林瑞圖,107年直轄市議員選舉,第二次賸餘,1090930,當選後與其公務有關之費用支出,車容坊股份有限公司,48894160,0.00,892.00,,,,油資,金錢,臺北市北投區****,,,,,,,,
317,林瑞圖,107年直轄市議員選舉,第二次賸餘,1090930,當選後與其公務有關之費用支出,劉家肉粽股份有限公司,83454528,0.00,450.00,,,,餐飲支出,金錢,臺北市士林區****,,,,,,,,
318,林瑞圖,107年直轄市議員選舉,第二次賸餘,1090930,當選後與其公務有關之費用支出,陳銘瑜,A12*******,0.00,11000.00,,,,加班費或值班費,金錢,臺北市北投區****,,,,,,,,
319,林瑞圖,107年直轄市議員選舉,第二次賸餘,1090930,當選後與其公務有關之費用支出,張淑美,A22*******,0.00,11000.00,,,,加班費或值班費,金錢,臺北市文山區****,,,,,,,,
320,林瑞圖,107年直轄市議員選舉,第二次賸餘,1090930,當選後與其公務有關之費用支出,解惠君,A22*******,0.00,11000.00,,,,加班費或值班費,金錢,新北市新店區****,,,,,,,,
321,林瑞圖,107年直轄市議員選舉,第二次賸餘,1090930,當選後與其公務有關之費用支出,史鎮花,A22*******,0.00,13000.00,,,,加班費或值班費,金錢,臺北市北投區****,,,,,,,,
322,林瑞圖,107年直轄市議員選舉,第二次賸餘,1090930,當選後與其公務有關之費用支出,簡正昕,F12*******,0.00,6000.00,,,,加班費或值班費,金錢,臺北市士林區****,,,,,,,,
323,林瑞圖,107年直轄市議員選舉,第二次賸餘,1091001,當選後與其公務有關之費用支出,宏利米行,33814294,0.00,300.00,,,,雜項購置或修繕費用,金錢,新北市新店區****,,,,,,,,
324,林瑞圖,107年直轄市議員選舉,第二次賸餘,1091001,當選後與其公務有關之費用支出,全家便利商店股份有限公司,54915537,0.00,450.00,,,,雜項購置或修繕費用,金錢,臺北市文山區****,,,,,,,,
325,林瑞圖,107年直轄市議員選舉,第二次賸餘,1091001,當選後與其公務有關之費用支出,全國加油站股份有限公司,80983159,0.00,709.00,,,,油資,金錢,臺北市內湖區****,,,,,,,,
326,林瑞圖,107年直轄市議員選舉,第二次賸餘,1091001,當選後與其公務有關之費用支出,中華電信股份有限公司,81691784,0.00,2444.00,,,,電信費用,金錢,臺北市大安區****,,,,,,,,
327,林瑞圖,107年直轄市議員選舉,第二次賸餘,1091001,當選後與其公務有關之費用支出,中華電信股份有限公司,81691784,0.00,180.00,,,,電信費用,金錢,臺北市大安區****,,,,,,,,
328,林瑞圖,107年直轄市議員選舉,第二次賸餘,1091005,當選後與其公務有關之費用支出,台灣聯通停車場開發股份有限公司福安停車場,99968349,0.00,90.00,,,,停車費,金錢,臺北市大安區****,,,,,,,,
329,林瑞圖,107年直轄市議員選舉,第二次賸餘,1091006,當選後與其公務有關之費用支出,中昱有限公司,84105990,0.00,2000.00,,,,影印費,金錢,臺北市南港區****,,,,,,,,
330,林瑞圖,107年直轄市議員選舉,第二次賸餘,1091007,當選後與其公務有關之費用支出,台灣中油股份有限公司,01391292,0.00,75.00,,,,油資,金錢,臺北市北投區****,,,,,,,,
331,林瑞圖,107年直轄市議員選舉,第二次賸餘,1091008,當選後與其公務有關之費用支出,台灣中油股份有限公司,01391315,0.00,1000.00,,,,油資,金錢,臺北市北投區****,,,,,,,,
332,林瑞圖,107年直轄市議員選舉,第二次賸餘,1091008,當選後與其公務有關之費用支出,西歐加油站股份有限公司,16285093,0.00,1000.00,,,,油資,金錢,臺北市士林區****,,,,,,,,
333,林瑞圖,107年直轄市議員選舉,第二次賸餘,1091010,當選後與其公務有關之費用支出,全國加油站股份有限公司,01716643,0.00,753.00,,,,油資,金錢,臺北市文山區****,,,,,,,,
334,林瑞圖,107年直轄市議員選舉,第二次賸餘,1091010,當選後與其公務有關之費用支出,盛華小吃店,17523848,0.00,465.00,,,,餐飲支出,金錢,臺北市中山區****,,,,,,,,
335,林瑞圖,107年直轄市議員選舉,第二次賸餘,1091012,當選後與其公務有關之費用支出,車容坊股份有限公司,48894160,0.00,950.00,,,,油資,金錢,臺北市北投區****,,,,,,,,
336,林瑞圖,107年直轄市議員選舉,第二次賸餘,1091013,當選後與其公務有關之費用支出,臺北自來水事業處,03774909,0.00,89.00,,,,水電瓦斯費用,金錢,臺北市士林區****,,,,,,,,
337,林瑞圖,107年直轄市議員選舉,第二次賸餘,1091014,當選後與其公務有關之費用支出,焙傳餐廳有限公司,24561585,0.00,970.00,,,,餐飲支出,金錢,臺北市北投區****,,,,,,,,
338,林瑞圖,107年直轄市議員選舉,第二次賸餘,1091017,當選後與其公務有關之費用支出,晶叡股份有限公司,70837220,0.00,1300.00,,,,油資,金錢,臺北市北投區****,,,,,,,,
339,林瑞圖,107年直轄市議員選舉,第二次賸餘,1091018,當選後與其公務有關之費用支出,台灣中油股份有限公司,01391292,0.00,79.00,,,,油資,金錢,臺北市北投區****,,,,,,,,
340,林瑞圖,107年直轄市議員選舉,第二次賸餘,1091018,當選後與其公務有關之費用支出,全國加油站股份有限公司,80983159,0.00,482.00,,,,油資,金錢,臺北市內湖區****,,,,,,,,
341,林瑞圖,107年直轄市議員選舉,第二次賸餘,1091019,當選後與其公務有關之費用支出,立赫健保藥局,42310533,0.00,230.00,,,,雜項購置或修繕費用,金錢,臺北市中正區****,,,,,,,,
342,林瑞圖,107年直轄市議員選舉,第二次賸餘,1091020,當選後與其公務有關之費用支出,車容坊股份有限公司,48894160,0.00,951.00,,,,油資,金錢,臺北市北投區****,,,,,,,,
343,林瑞圖,107年直轄市議員選舉,第二次賸餘,1091022,當選後與其公務有關之費用支出,台灣中油股份有限公司,07960046,0.00,850.00,,,,油資,金錢,高雄市前鎮區****,,,,,,,,
344,林瑞圖,107年直轄市議員選舉,第二次賸餘,1091022,當選後與其公務有關之費用支出,鉅誠實業有限公司,84237113,0.00,2270.00,,,,雜項購置或修繕費用,金錢,臺中市北屯區****,,,,,,,,
345,林瑞圖,107年直轄市議員選舉,第二次賸餘,1091023,當選後與其公務有關之費用支出,富叡股份有限公司,70576604,0.00,1000.00,,,,油資,金錢,臺北市北投區****,,,,,,,,
346,林瑞圖,107年直轄市議員選舉,第二次賸餘,1091023,當選後與其公務有關之費用支出,統一生活事業股份有限公司,89608486,0.00,860.00,,,,雜項購置或修繕費用,金錢,臺北市信義區****,,,,,,,,
347,林瑞圖,107年直轄市議員選舉,第二次賸餘,1091024,當選後與其公務有關之費用支出,玉旨觀音元帥宮,,0.00,2000.00,,,,為民服務費用,金錢,臺北市士林區****,,,,,,,,
348,林瑞圖,107年直轄市議員選舉,第二次賸餘,1091025,當選後與其公務有關之費用支出,台灣中油股份有限公司,01391292,0.00,1000.00,,,,油資,金錢,臺北市北投區****,,,,,,,,
349,林瑞圖,107年直轄市議員選舉,第二次賸餘,1091025,當選後與其公務有關之費用支出,雋晅有限公司,24760162,0.00,2220.00,,,,餐飲支出,金錢,臺北市大安區****,,,,,,,,
350,林瑞圖,107年直轄市議員選舉,第二次賸餘,1091029,當選後與其公務有關之費用支出,台灣中油股份有限公司,01391315,0.00,1010.00,,,,油資,金錢,臺北市北投區****,,,,,,,,
351,林瑞圖,107年直轄市議員選舉,第二次賸餘,1091030,當選後與其公務有關之費用支出,富利餐飲股份有限公司,23928564,0.00,146.00,,,,餐飲支出,金錢,臺北市士林區****,,,,,,,,
352,林瑞圖,107年直轄市議員選舉,第二次賸餘,1091031,當選後與其公務有關之費用支出,台灣中油股份有限公司,37505158,0.00,1000.00,,,,油資,金錢,新北市八里區****,,,,,,,,
353,林瑞圖,107年直轄市議員選舉,第二次賸餘,1091031,當選後與其公務有關之費用支出,晶叡股份有限公司,70837220,0.00,1399.00,,,,油資,金錢,臺北市北投區****,,,,,,,,
354,林瑞圖,107年直轄市議員選舉,第二次賸餘,1091031,當選後與其公務有關之費用支出,劉家肉粽股份有限公司,83454528,0.00,590.00,,,,餐飲支出,金錢,臺北市士林區****,,,,,,,,
355,林瑞圖,107年直轄市議員選舉,第二次賸餘,1091031,當選後與其公務有關之費用支出,豐車實業有限公司,86861225,0.00,15200.00,,,,雜項購置或修繕費用,金錢,臺北市北投區****,,,,,,,,
356,林瑞圖,107年直轄市議員選舉,第二次賸餘,1091031,當選後與其公務有關之費用支出,陳銘瑜,A12*******,0.00,11000.00,,,,加班費或值班費,金錢,臺北市北投區****,,,,,,,,
357,林瑞圖,107年直轄市議員選舉,第二次賸餘,1091031,當選後與其公務有關之費用支出,張淑美,A22*******,0.00,11000.00,,,,加班費或值班費,金錢,臺北市文山區****,,,,,,,,
358,林瑞圖,107年直轄市議員選舉,第二次賸餘,1091031,當選後與其公務有關之費用支出,解惠君,A22*******,0.00,11000.00,,,,加班費或值班費,金錢,新北市新店區****,,,,,,,,
359,林瑞圖,107年直轄市議員選舉,第二次賸餘,1091031,當選後與其公務有關之費用支出,史鎮花,A22*******,0.00,13000.00,,,,加班費或值班費,金錢,臺北市北投區****,,,,,,,,
360,林瑞圖,107年直轄市議員選舉,第二次賸餘,1091031,當選後與其公務有關之費用支出,簡正昕,F12*******,0.00,6000.00,,,,加班費或值班費,金錢,臺北市士林區****,,,,,,,,
361,林瑞圖,107年直轄市議員選舉,第二次賸餘,1091101,當選後與其公務有關之費用支出,管家婆科技股份有限公司,42298405,0.00,3384.00,,,,雜項購置或修繕費用,金錢,臺北市內湖區****,,,,,,,,
362,林瑞圖,107年直轄市議員選舉,第二次賸餘,1091102,當選後與其公務有關之費用支出,台灣中油股份有限公司,01391292,0.00,80.00,,,,油資,金錢,臺北市北投區****,,,,,,,,
363,林瑞圖,107年直轄市議員選舉,第二次賸餘,1091102,當選後與其公務有關之費用支出,富叡股份有限公司,70576604,0.00,1000.00,,,,油資,金錢,臺北市北投區****,,,,,,,,
364,林瑞圖,107年直轄市議員選舉,第二次賸餘,1091102,當選後與其公務有關之費用支出,中華電信股份有限公司,81691784,0.00,180.00,,,,電信費用,金錢,臺北市大安區****,,,,,,,,
365,林瑞圖,107年直轄市議員選舉,第二次賸餘,1091102,當選後與其公務有關之費用支出,中華電信股份有限公司,81691784,0.00,2385.00,,,,電信費用,金錢,臺北市大安區****,,,,,,,,
366,林瑞圖,107年直轄市議員選舉,第二次賸餘,1091104,當選後與其公務有關之費用支出,羽鈦實業社,,0.00,1000.00,,,,雜項購置或修繕費用,金錢,新北市蘆洲區****,02-2*****,,,,,,,
367,林瑞圖,107年直轄市議員選舉,第二次賸餘,1091104,當選後與其公務有關之費用支出,中昱有限公司,84105990,0.00,2000.00,,,,影印費,金錢,臺北市南港區****,,,,,,,,
368,林瑞圖,107年直轄市議員選舉,第二次賸餘,1091108,當選後與其公務有關之費用支出,TDP-0853,,0.00,190.00,,,,搭乘交通工具支出,金錢,,02-2*****,,,,,,,
369,林瑞圖,107年直轄市議員選舉,第二次賸餘,1091108,當選後與其公務有關之費用支出,同宏事業有限公司,86740476,0.00,1000.00,,,,油資,金錢,臺北市士林區****,,,,,,,,
370,林瑞圖,107年直轄市議員選舉,第二次賸餘,1091113,當選後與其公務有關之費用支出,富叡股份有限公司,70576604,0.00,900.00,,,,油資,金錢,臺北市北投區****,,,,,,,,
371,林瑞圖,107年直轄市議員選舉,第二次賸餘,1091114,當選後與其公務有關之費用支出,台灣中油股份有限公司,01391292,0.00,83.00,,,,油資,金錢,臺北市北投區****,,,,,,,,
372,林瑞圖,107年直轄市議員選舉,第二次賸餘,1091114,當選後與其公務有關之費用支出,晶叡股份有限公司,70837220,0.00,1200.00,,,,油資,金錢,臺北市北投區****,,,,,,,,
373,林瑞圖,107年直轄市議員選舉,第二次賸餘,1091115,當選後與其公務有關之費用支出,台灣中油股份有限公司,01391292,0.00,957.00,,,,油資,金錢,臺北市北投區****,,,,,,,,
374,林瑞圖,107年直轄市議員選舉,第二次賸餘,1091116,當選後與其公務有關之費用支出,台灣電力公司,31096199,0.00,2145.00,,,,水電瓦斯費用,金錢,臺北市北投區****,,,,,,,,
375,林瑞圖,107年直轄市議員選舉,第二次賸餘,1091116,當選後與其公務有關之費用支出,台灣電力公司,31096199,0.00,251.00,,,,水電瓦斯費用,金錢,臺北市北投區****,,,,,,,,
376,林瑞圖,107年直轄市議員選舉,第二次賸餘,1091120,當選後與其公務有關之費用支出,公有木新市場第12號攤位,25506717,0.00,7200.00,,,,雜項購置或修繕費用,金錢,臺北市文山區****,,,,,,,,
377,林瑞圖,107年直轄市議員選舉,第二次賸餘,1091121,當選後與其公務有關之費用支出,晶叡股份有限公司,70837220,0.00,1000.00,,,,油資,金錢,臺北市北投區****,,,,,,,,
378,林瑞圖,107年直轄市議員選舉,第二次賸餘,1091127,當選後與其公務有關之費用支出,台灣中油股份有限公司,01391292,0.00,980.00,,,,油資,金錢,臺北市北投區****,,,,,,,,
379,林瑞圖,107年直轄市議員選舉,第二次賸餘,1091129,當選後與其公務有關之費用支出,台灣中油股份有限公司,01391292,0.00,950.00,,,,油資,金錢,臺北市北投區****,,,,,,,,
380,林瑞圖,107年直轄市議員選舉,第二次賸餘,1091130,當選後與其公務有關之費用支出,林正雄,,0.00,13100.00,,,,為民服務費用,金錢,新北市三重區****,0933*****,,,,,,,
381,林瑞圖,107年直轄市議員選舉,第二次賸餘,1091130,當選後與其公務有關之費用支出,陳銘瑜,A12*******,0.00,11000.00,,,,加班費或值班費,金錢,臺北市北投區****,,,,,,,,
382,林瑞圖,107年直轄市議員選舉,第二次賸餘,1091130,當選後與其公務有關之費用支出,史鎮花,A22*******,0.00,13000.00,,,,加班費或值班費,金錢,臺北市北投區****,,,,,,,,
383,林瑞圖,107年直轄市議員選舉,第二次賸餘,1091130,當選後與其公務有關之費用支出,張淑美,A22*******,0.00,11000.00,,,,加班費或值班費,金錢,臺北市文山區****,,,,,,,,
384,林瑞圖,107年直轄市議員選舉,第二次賸餘,1091130,當選後與其公務有關之費用支出,解惠君,A22*******,0.00,11000.00,,,,加班費或值班費,金錢,新北市新店區****,,,,,,,,
385,林瑞圖,107年直轄市議員選舉,第二次賸餘,1091130,當選後與其公務有關之費用支出,簡正昕,F12*******,0.00,6000.00,,,,加班費或值班費,金錢,臺北市士林區****,,,,,,,,
386,林瑞圖,107年直轄市議員選舉,第二次賸餘,1091203,當選後與其公務有關之費用支出,中華電信股份有限公司,81691784,0.00,2438.00,,,,電信費用,金錢,臺北市大安區****,,,,,,,,
387,林瑞圖,107年直轄市議員選舉,第二次賸餘,1091203,當選後與其公務有關之費用支出,中華電信股份有限公司,81691784,0.00,180.00,,,,電信費用,金錢,臺北市大安區****,,,,,,,,
388,林瑞圖,107年直轄市議員選舉,第二次賸餘,1091204,當選後與其公務有關之費用支出,台灣中油股份有限公司,01391292,0.00,930.00,,,,油資,金錢,臺北市北投區****,,,,,,,,
389,林瑞圖,107年直轄市議員選舉,第二次賸餘,1091204,當選後與其公務有關之費用支出,全聯實業股份有限公司台北北投分公司,16741228,0.00,509.00,,,,雜項購置或修繕費用,金錢,臺北市北投區****,,,,,,,,
390,林瑞圖,107年直轄市議員選舉,第二次賸餘,1091204,當選後與其公務有關之費用支出,晶叡股份有限公司,70837220,0.00,1200.00,,,,油資,金錢,臺北市北投區****,,,,,,,,
391,林瑞圖,107年直轄市議員選舉,第二次賸餘,1091206,當選後與其公務有關之費用支出,家福股份有限公司台北大直分公司,27257897,0.00,944.00,,,,雜項購置或修繕費用,金錢,臺北市中山區****,,,,,,,,
392,林瑞圖,107年直轄市議員選舉,第二次賸餘,1091206,當選後與其公務有關之費用支出,全國加油站股份有限公司,83945433,0.00,330.00,,,,油資,金錢,臺北市士林區****,,,,,,,,
393,林瑞圖,107年直轄市議員選舉,第二次賸餘,1091207,當選後與其公務有關之費用支出,台灣中油股份有限公司,01391292,0.00,90.00,,,,油資,金錢,臺北市北投區****,,,,,,,,
394,林瑞圖,107年直轄市議員選舉,第二次賸餘,1091207,當選後與其公務有關之費用支出,中昱有限公司,84105990,0.00,2000.00,,,,影印費,金錢,臺北市南港區****,,,,,,,,
395,林瑞圖,107年直轄市議員選舉,第二次賸餘,1091208,當選後與其公務有關之費用支出,台灣中油股份有限公司,13667111,0.00,1010.00,,,,油資,金錢,宜蘭縣冬山鄉****,,,,,,,,
396,林瑞圖,107年直轄市議員選舉,第二次賸餘,1091210,當選後與其公務有關之費用支出,臺北自來水事業處,03774909,0.00,100.00,,,,水電瓦斯費用,金錢,臺北市士林區****,,,,,,,,
397,林瑞圖,107年直轄市議員選舉,第二次賸餘,1091211,當選後與其公務有關之費用支出,TDP-2359,,0.00,110.00,,,,搭乘交通工具支出,金錢,,02-2*****,,,,,,,
398,林瑞圖,107年直轄市議員選舉,第二次賸餘,1091211,當選後與其公務有關之費用支出,TDG-5227,,0.00,110.00,,,,搭乘交通工具支出,金錢,,02-2*****,,,,,,,
399,林瑞圖,107年直轄市議員選舉,第二次賸餘,1091211,當選後與其公務有關之費用支出,德興行,10396071,0.00,425.00,,,,雜項購置或修繕費用,金錢,臺北市北投區****,,,,,,,,
400,林瑞圖,107年直轄市議員選舉,第二次賸餘,1091213,當選後與其公務有關之費用支出,陽明山明玄宮管理委會員,,0.00,2000.00,,,,為民服務費用,金錢,臺北市北投區****,02-2*****,,,,,,,
401,林瑞圖,107年直轄市議員選舉,第二次賸餘,1091215,當選後與其公務有關之費用支出,台灣中油股份有限公司,01391292,0.00,1050.00,,,,油資,金錢,臺北市北投區****,,,,,,,,
402,林瑞圖,107年直轄市議員選舉,第二次賸餘,1091215,當選後與其公務有關之費用支出,太平洋崇光百貨股份有限公司,21257316,0.00,7780.00,,,,雜項購置或修繕費用,金錢,臺北市大安區****,,,,,,,,
403,林瑞圖,107年直轄市議員選舉,第二次賸餘,1091215,當選後與其公務有關之費用支出,太平洋崇光百貨股份有限公司,21257316,0.00,3960.00,,,,雜項購置或修繕費用,金錢,臺北市大安區****,,,,,,,,
404,林瑞圖,107年直轄市議員選舉,第二次賸餘,1091215,當選後與其公務有關之費用支出,全國加油站股份有限公司,29206826,0.00,1000.00,,,,油資,金錢,臺北市士林區****,,,,,,,,
405,林瑞圖,107年直轄市議員選舉,第二次賸餘,1091217,當選後與其公務有關之費用支出,全國加油站股份有限公司,01716643,0.00,793.00,,,,油資,金錢,臺北市文山區****,,,,,,,,
406,林瑞圖,107年直轄市議員選舉,第二次賸餘,1091217,當選後與其公務有關之費用支出,台灣麥當勞餐廳股份有限公司台北大業分公司,97173772,0.00,194.00,,,,餐飲支出,金錢,臺北市北投區****,,,,,,,,
407,林瑞圖,107年直轄市議員選舉,第二次賸餘,1091218,當選後與其公務有關之費用支出,台灣中油股份有限公司,01391292,0.00,93.00,,,,油資,金錢,臺北市北投區****,,,,,,,,
408,林瑞圖,107年直轄市議員選舉,第二次賸餘,1091219,當選後與其公務有關之費用支出,勵進餐廳,04924791,0.00,2880.00,,,,餐飲費用,金錢,臺北市大安區****,,,,,,,,
409,林瑞圖,107年直轄市議員選舉,第二次賸餘,1091219,當選後與其公務有關之費用支出,寶雅國際股份有限公司台北古亭分公司,51860707,0.00,1127.00,,,,雜項購置或修繕費用,金錢,臺北市中正區****,,,,,,,,
410,林瑞圖,107年直轄市議員選舉,第二次賸餘,1091219,當選後與其公務有關之費用支出,晶叡股份有限公司,70837220,0.00,1200.00,,,,油資,金錢,臺北市北投區****,,,,,,,,
411,林瑞圖,107年直轄市議員選舉,第二次賸餘,1091220,當選後與其公務有關之費用支出,全國加油站股份有限公司,83945433,0.00,319.00,,,,油資,金錢,臺北市士林區****,,,,,,,,
412,林瑞圖,107年直轄市議員選舉,第二次賸餘,1091224,當選後與其公務有關之費用支出,富叡股份有限公司,70576604,0.00,1000.00,,,,油資,金錢,臺北市北投區****,,,,,,,,
413,林瑞圖,107年直轄市議員選舉,第二次賸餘,1091227,當選後與其公務有關之費用支出,台灣中油股份有限公司,33891030,0.00,1110.00,,,,油資,金錢,新北市瑞芳區****,,,,,,,,
414,林瑞圖,107年直轄市議員選舉,第二次賸餘,1091227,當選後與其公務有關之費用支出,日森烘焙有限公司,83182717,0.00,900.00,,,,餐飲費用,金錢,臺北市中山區****,,,,,,,,
415,林瑞圖,107年直轄市議員選舉,第二次賸餘,1091228,當選後與其公務有關之費用支出,保儀尊王北投集應廟管理委員會,,0.00,3000.00,,,,為民服務費用,金錢,臺北市北投區****,2894*****,,,,,,,
416,林瑞圖,107年直轄市議員選舉,第二次賸餘,1091230,當選後與其公務有關之費用支出,富叡股份有限公司,70576604,0.00,90.00,,,,油資,金錢,臺北市北投區****,,,,,,,,
417,林瑞圖,107年直轄市議員選舉,第二次賸餘,1091231,當選後與其公務有關之費用支出,車容坊股份有限公司,48894160,0.00,1000.00,,,,油資,金錢,臺北市北投區****,,,,,,,,
418,林瑞圖,107年直轄市議員選舉,第二次賸餘,1091231,當選後與其公務有關之費用支出,中華電信股份有限公司,81691784,0.00,180.00,,,,電信費用,金錢,臺北市大安區****,,,,,,,,
419,林瑞圖,107年直轄市議員選舉,第二次賸餘,1091231,當選後與其公務有關之費用支出,中華電信股份有限公司,81691784,0.00,2383.00,,,,電信費用,金錢,臺北市大安區****,,,,,,,,
420,林瑞圖,107年直轄市議員選舉,第二次賸餘,1091231,當選後與其公務有關之費用支出,劉家肉粽股份有限公司士林分公司,83454528,0.00,580.00,,,,餐飲費用,金錢,臺北市士林區****,,,,,,,,
421,林瑞圖,107年直轄市議員選舉,第二次賸餘,1091231,當選後與其公務有關之費用支出,陳銘瑜,A12*******,0.00,11000.00,,,,加班費或值班費,金錢,臺北市北投區****,,,,,,,,
422,林瑞圖,107年直轄市議員選舉,第二次賸餘,1091231,當選後與其公務有關之費用支出,史鎮花,A22*******,0.00,13000.00,,,,加班費或值班費,金錢,臺北市北投區****,,,,,,,,
423,林瑞圖,107年直轄市議員選舉,第二次賸餘,1091231,當選後與其公務有關之費用支出,張淑美,A22*******,0.00,11000.00,,,,加班費或值班費,金錢,臺北市文山區****,,,,,,,,
424,林瑞圖,107年直轄市議員選舉,第二次賸餘,1091231,當選後與其公務有關之費用支出,解惠君,A22*******,0.00,11000.00,,,,加班費或值班費,金錢,新北市新店區****,,,,,,,,
425,林瑞圖,107年直轄市議員選舉,第二次賸餘,1091231,當選後與其公務有關之費用支出,簡正昕,F12*******,0.00,6000.00,,,,加班費或值班費,金錢,臺北市士林區****,,,,,,,,
