﻿序號,擬參選人／政黨,選舉名稱,申報序號／年度,交易日期,收支科目,捐贈者／支出對象,身分證／統一編號,收入金額,支出金額,捐贈方式,存入專戶日期,返還/繳庫,支出用途,金錢類,地址,聯絡電話,應揭露之支出對象,支出對象之內部人員姓名,支出對象之內部人員職稱,政黨之內部人員姓名,政黨之內部人員職稱,關係,更正註記,資料更正日期
1,彭盛韶,111年新北市議員選舉,首次申報,1110503,匿名捐贈,匿名-王'R,,1.00,0.00,匯款,1110503,,,金錢,,,,,,,,,,
2,彭盛韶,111年新北市議員選舉,首次申報,1110505,個人捐贈收入,丁穩勝,F12*******,20000.00,0.00,匯款,1110505,,,金錢,臺北市北投區****,0918*****,,,,,,,,
3,彭盛韶,111年新北市議員選舉,首次申報,1110509,個人捐贈收入,王韋翔,F12*******,100.00,0.00,匯款,1110516,,,金錢,臺北市大同區****,,,,,,,,,
4,彭盛韶,111年新北市議員選舉,首次申報,1110512,個人捐贈收入,王韋翔,F12*******,100.00,0.00,匯款,1110518,,,金錢,臺北市大同區****,0968*****,,,,,,,,
5,彭盛韶,111年新北市議員選舉,首次申報,1110516,匿名捐贈,匿名1-黃先生,,5000.00,0.00,匯款,1110516,,,金錢,,,,,,,,,,
6,彭盛韶,111年新北市議員選舉,首次申報,1110516,匿名捐贈,匿名,,500.00,0.00,匯款,1110516,,,金錢,,,,,,,,,,
7,彭盛韶,111年新北市議員選舉,首次申報,1110516,個人捐贈收入,黃祥嘉,P12*******,10000.00,0.00,匯款,1110516,,,金錢,新竹市東區慈****,0911*****,,,,,,,,
8,彭盛韶,111年新北市議員選舉,首次申報,1110517,個人捐贈收入,褚立陽,A12*******,10000.00,0.00,匯款,1110523,,,金錢,臺北市松山區****,0911*****,,,,,,,,
9,彭盛韶,111年新北市議員選舉,首次申報,1110517,個人捐贈收入,史茵茵,A22*******,100000.00,0.00,匯款,1110517,,,金錢,臺北市大安區****,0988*****,,,,,,,,
10,彭盛韶,111年新北市議員選舉,首次申報,1110518,個人捐贈收入,尤建文,F12*******,30000.00,0.00,匯款,1110525,,,金錢,新北市三重區****,0936*****,,,,,,,,
11,彭盛韶,111年新北市議員選舉,首次申報,1110519,個人捐贈收入,許懷中,A12*******,10000.00,0.00,匯款,1110519,,,金錢,臺中市西屯區****,0986*****,,,,,,,,
12,彭盛韶,111年新北市議員選舉,首次申報,1110521,個人捐贈收入,吳佳珍,M22*******,1000.00,0.00,匯款,1110521,,,金錢,臺北市中山區****,0919*****,,,,,,,,
13,彭盛韶,111年新北市議員選舉,首次申報,1110524,匿名捐贈,匿名-張R,,1000.00,0.00,匯款,1110530,,,金錢,,,,,,,,,,
14,彭盛韶,111年新北市議員選舉,首次申報,1110525,個人捐贈收入,王向榮,A12*******,5000.00,0.00,匯款,1110525,,,金錢,新北市板橋區****,0916*****,,,,,,,,
15,彭盛韶,111年新北市議員選舉,首次申報,1110525,個人捐贈收入,王清秀,D20*******,100000.00,0.00,匯款,1110525,,,金錢,臺北市中正區****,'095*****,,,,,,,,
16,彭盛韶,111年新北市議員選舉,首次申報,1110529,個人捐贈收入,歐新匯,H12*******,2000.00,0.00,匯款,1110606,,,金錢,桃園市中壢區****,0988*****,,,,,,,,
17,彭盛韶,111年新北市議員選舉,首次申報,1110605,個人捐贈收入,陳韻如,B22*******,2000.00,0.00,匯款,1110605,,,金錢,臺北市大安區****,0988*****,,,,,,,,
18,彭盛韶,111年新北市議員選舉,首次申報,1110609,個人捐贈收入,蔣維倫,S12*******,6666.00,0.00,匯款,1110609,,,金錢,臺北市信義區****,,,,,,,,,
19,彭盛韶,111年新北市議員選舉,首次申報,1110614,匿名捐贈,匿名-李小姐,,1000.00,0.00,匯款,1110614,,,金錢,,,,,,,,,,
20,彭盛韶,111年新北市議員選舉,首次申報,1110614,匿名捐贈,匿名,,100.00,0.00,匯款,1110614,,,金錢,,,,,,,,,,
21,彭盛韶,111年新北市議員選舉,首次申報,1110614,匿名捐贈,匿名-黃先生,,500.00,0.00,匯款,1110615,,,金錢,,,,,,,,,,
22,彭盛韶,111年新北市議員選舉,首次申報,1110614,個人捐贈收入,賴維鈞,A12*******,5000.00,0.00,匯款,1110620,,,金錢,新竹縣竹北市****,0911*****,,,,,,,,
23,彭盛韶,111年新北市議員選舉,首次申報,1110619,個人捐贈收入,陳威達,F12*******,1000.00,0.00,匯款,1110627,,,金錢,林森路二段-****,0987*****,,,,,,,,
24,彭盛韶,111年新北市議員選舉,首次申報,1110620,匿名捐贈,匿名,,1000.00,0.00,匯款,1110627,,,金錢,,,,,,,,,,
25,彭盛韶,111年新北市議員選舉,首次申報,1110620,匿名捐贈,匿名(廖R),,10000.00,0.00,匯款,1110627,,,金錢,,,,,,,,,,
26,彭盛韶,111年新北市議員選舉,首次申報,1110620,個人捐贈收入,彭俊人,B12*******,3000.00,0.00,匯款,1110627,,,金錢,新北市淡水區****,0988*****,,,,,,,,
27,彭盛韶,111年新北市議員選舉,首次申報,1110620,個人捐贈收入,史栢源,D10*******,100000.00,0.00,匯款,1110620,,,金錢,臺北市中正區****,0917*****,,,,,,,,
28,彭盛韶,111年新北市議員選舉,首次申報,1110621,匿名捐贈,匿名,,500.00,0.00,匯款,1110621,,,金錢,,,,,,,,,,
29,彭盛韶,111年新北市議員選舉,首次申報,1110621,其他收入,利息,,40.00,0.00,匯款,1110621,,,金錢,,,,,,,,,,
30,彭盛韶,111年新北市議員選舉,首次申報,1110626,匿名捐贈,匿名-王's,,888.00,0.00,匯款,1110705,,,金錢,,,,,,,,,,
31,彭盛韶,111年新北市議員選舉,首次申報,1110627,匿名捐贈,匿名1-黃先生,,3000.00,0.00,匯款,1110627,,,金錢,,,,,,,,,,
32,彭盛韶,111年新北市議員選舉,首次申報,1110629,匿名捐贈,匿名-莊'R,,1000.00,0.00,匯款,1110705,,,金錢,,,,,,,,,,
33,彭盛韶,111年新北市議員選舉,首次申報,1110629,個人捐贈收入,唐亞聖,F12*******,1688.00,0.00,匯款,1110629,,,金錢,新北市中和區****,0921*****,,,,,,,,
34,彭盛韶,111年新北市議員選舉,首次申報,1110629,個人捐贈收入,劉琬靖,F22*******,5000.00,0.00,匯款,1110705,,,金錢,新竹縣竹北市****,0922*****,,,,,,,,
35,彭盛韶,111年新北市議員選舉,首次申報,1110630,匿名捐贈,匿名-林R,,3000.00,0.00,匯款,1110706,,,金錢,,,,,,,,,,
36,彭盛韶,111年新北市議員選舉,首次申報,1110630,個人捐贈收入,林于之,E22*******,6000.00,0.00,匯款,1110706,,,金錢,新北市新店區****,0958*****,,,,,,,,
37,彭盛韶,111年新北市議員選舉,首次申報,1110701,匿名捐贈,匿名-張'S,,500.00,0.00,匯款,1110708,,,金錢,,,,,,,,,,
38,彭盛韶,111年新北市議員選舉,首次申報,1110701,個人捐贈收入,劉恒温,A12*******,5000.00,0.00,匯款,1110701,,,金錢,臺北市信義區****,0928*****,,,,,,,,
39,彭盛韶,111年新北市議員選舉,首次申報,1110705,個人捐贈收入,朱元凱,E12*******,30000.00,0.00,匯款,1110711,,,金錢,桃園市蘆竹區****,0937*****,,,,,,,,
40,彭盛韶,111年新北市議員選舉,首次申報,1110711,個人捐贈收入,張衞航,F12*******,6000.00,0.00,匯款,1110711,,,金錢,新北市淡水區****,0955*****,,,,,,,,
41,彭盛韶,111年新北市議員選舉,首次申報,1110712,個人捐贈收入,葉靜倫,A22*******,3000.00,0.00,匯款,1110718,,,金錢,新北市新店區****,0986*****,,,,,,,,
42,彭盛韶,111年新北市議員選舉,首次申報,1110713,匿名捐贈,匿名,,888.00,0.00,匯款,1110719,,,金錢,,,,,,,,,,
43,彭盛韶,111年新北市議員選舉,首次申報,1110713,匿名捐贈,匿名-黃'R,,1688.00,0.00,匯款,1110720,,,金錢,,,,,,,,,,
44,彭盛韶,111年新北市議員選舉,首次申報,1110714,匿名捐贈,匿名-徐'R,,3000.00,0.00,匯款,1110721,,,金錢,,,,,,,,,,
45,彭盛韶,111年新北市議員選舉,首次申報,1110718,匿名捐贈,匿名-賴'R,,1000.00,0.00,匯款,1110725,,,金錢,,,,,,,,,,
46,彭盛韶,111年新北市議員選舉,首次申報,1110718,個人捐贈收入,施孝霖,N12*******,6000.00,0.00,匯款,1110718,,,金錢,桃園市桃園區****,0910*****,,,,,,,,
47,彭盛韶,111年新北市議員選舉,首次申報,1110719,匿名捐贈,匿名,,1688.00,0.00,匯款,1110725,,,金錢,,,,,,,,,,
48,彭盛韶,111年新北市議員選舉,首次申報,1110721,匿名捐贈,匿名-翁'S,,888.00,0.00,匯款,1110727,,,金錢,,,,,,,,,,
49,彭盛韶,111年新北市議員選舉,首次申報,1110721,個人捐贈收入,林為文,K12*******,5566.00,0.00,匯款,1110727,,,金錢,新竹市東區東****,0932*****,,,,,,,,
50,彭盛韶,111年新北市議員選舉,首次申報,1110722,匿名捐贈,匿名,,500.00,0.00,匯款,1110728,,,金錢,,,,,,,,,,
51,彭盛韶,111年新北市議員選舉,首次申報,1110724,匿名捐贈,匿名,,888.00,0.00,匯款,1110801,,,金錢,,,,,,,,,,
52,彭盛韶,111年新北市議員選舉,首次申報,1110724,個人捐贈收入,洪瑞壕,F12*******,3000.00,0.00,匯款,1110724,,,金錢,新竹市香山區****,0988*****,,,,,,,,
53,彭盛韶,111年新北市議員選舉,首次申報,1110725,匿名捐贈,匿名,,1688.00,0.00,匯款,1110801,,,金錢,,,,,,,,,,
54,彭盛韶,111年新北市議員選舉,首次申報,1110725,個人捐贈收入,鄭伊騏,N12*******,1688.00,0.00,匯款,1110801,,,金錢,彰化縣彰化市****,0919*****,,,,,,,,
55,彭盛韶,111年新北市議員選舉,首次申報,1110729,匿名捐贈,匿名,,1000.00,0.00,匯款,1110804,,,金錢,,,,,,,,,,
56,彭盛韶,111年新北市議員選舉,首次申報,1110729,匿名捐贈,匿名-古'R,,888.00,0.00,匯款,1110804,,,金錢,,,,,,,,,,
57,彭盛韶,111年新北市議員選舉,首次申報,1110730,匿名捐贈,匿名-陳'S,,3888.00,0.00,匯款,1110805,,,金錢,,,,,,,,,,
58,彭盛韶,111年新北市議員選舉,首次申報,1110730,個人捐贈收入,鄭力維,F12*******,20000.00,0.00,匯款,1110805,,,金錢,新北市板橋區****,0937*****,,,,,,,,
59,彭盛韶,111年新北市議員選舉,首次申報,1110731,匿名捐贈,匿名-陳'R,,1500.00,0.00,匯款,1110804,,,金錢,,,,,,,,,,
60,彭盛韶,111年新北市議員選舉,首次申報,1110809,個人捐贈收入,彭康傑,J12*******,5000.00,0.00,匯款,1110809,,,金錢,新竹縣竹東鎮****,0975*****,,,,,,,,
61,彭盛韶,111年新北市議員選舉,首次申報,1110811,匿名捐贈,匿名-凌'R,,1688.00,0.00,匯款,1110817,,,金錢,,,,,,,,,,
62,彭盛韶,111年新北市議員選舉,首次申報,1110811,個人捐贈收入,尤建文,F12*******,20000.00,0.00,匯款,1110818,,,金錢,新北市三重區****,0936*****,,,,,,,,
63,彭盛韶,111年新北市議員選舉,首次申報,1110817,匿名捐贈,匿名,,1688.00,0.00,匯款,1110823,,,金錢,,,,,,,,,,
64,彭盛韶,111年新北市議員選舉,首次申報,1110817,個人捐贈收入,李康銘,K12*******,10000.00,0.00,匯款,1110823,,,金錢,新北市板橋區****,0955*****,,,,,,,,
65,彭盛韶,111年新北市議員選舉,首次申報,1110824,個人捐贈收入,賴聖志,Y12*******,30000.00,0.00,匯款,1110830,,,金錢,臺北市松山區****,0933*****,,,,,,,,
66,彭盛韶,111年新北市議員選舉,首次申報,1110824,政黨捐贈收入,時代力量,政黨證字第267號,200000.00,0.00,匯款,1110824,已返還,,金錢,臺北市大同區****,(02)*****,,,,,,,,
67,彭盛韶,111年新北市議員選舉,首次申報,1110908,匿名捐贈,匿名-林先生,,300.00,0.00,匯款,1110914,,,金錢,,,,,,,,,,
68,彭盛韶,111年新北市議員選舉,首次申報,1110913,匿名捐贈,匿名-江先生,,1000.00,0.00,匯款,1110920,,,金錢,,,,,,,,,,
69,彭盛韶,111年新北市議員選舉,首次申報,1110914,個人捐贈收入,蘇喻哲,A13*******,100000.00,0.00,匯款,1110914,,,金錢,臺北市大安區****,02-2*****,,,,,,,,
70,彭盛韶,111年新北市議員選舉,首次申報,1110915,匿名捐贈,匿名-蔡先生,,5566.00,0.00,匯款,1110921,,,金錢,,,,,,,,,,
71,彭盛韶,111年新北市議員選舉,首次申報,1110916,個人捐贈收入,陳思元,N12*******,20000.00,0.00,匯款,1110923,,,金錢,新北市蘆洲區****,0988*****,,,,,,,,
72,彭盛韶,111年新北市議員選舉,首次申報,1110918,個人捐贈收入,許景惠,B12*******,1688.00,0.00,匯款,1110926,,,金錢,彰化縣彰化市****,0975*****,,,,,,,,
73,彭盛韶,111年新北市議員選舉,首次申報,1110920,匿名捐贈,匿名-林先生,,1268.00,0.00,匯款,1110926,,,金錢,,,,,,,,,,
74,彭盛韶,111年新北市議員選舉,首次申報,1110920,個人捐贈收入,許懷中,A12*******,10000.00,0.00,匯款,1110920,,,金錢,臺中市西屯區****,,,,,,,,,
75,彭盛韶,111年新北市議員選舉,首次申報,1110922,匿名捐贈,匿名-王先生,,600.00,0.00,匯款,1110928,,,金錢,,,,,,,,,,
76,彭盛韶,111年新北市議員選舉,首次申報,1110924,匿名捐贈,匿名-黃先生,,10000.00,0.00,匯款,1110930,,,金錢,,,,,,,,,,
77,彭盛韶,111年新北市議員選舉,首次申報,1110924,個人捐贈收入,陳建智,F12*******,888.00,0.00,匯款,1110930,,,金錢,新北市板橋區****,0912*****,,,,,,,,
78,彭盛韶,111年新北市議員選舉,首次申報,1110927,個人捐贈收入,馮季眉,A22*******,50000.00,0.00,匯款,1110927,,,金錢,臺北市中山區****,0927*****,,,,,,,,
79,彭盛韶,111年新北市議員選舉,首次申報,1111006,匿名捐贈,匿名-王先生,,600.00,0.00,匯款,1111012,,,金錢,,,,,,,,,,
80,彭盛韶,111年新北市議員選舉,首次申報,1111006,個人捐贈收入,彭永鑫,J10*******,100000.00,0.00,匯款,1111006,,,金錢,新竹縣竹東鎮****,03-5*****,,,,,,,,
81,彭盛韶,111年新北市議員選舉,首次申報,1111006,個人捐贈收入,彭郁惠,J20*******,100000.00,0.00,匯款,1111006,,,金錢,新竹縣竹東鎮****,03-5*****,,,,,,,,
82,彭盛韶,111年新北市議員選舉,首次申報,1111006,個人捐贈收入,彭郁景,J20*******,100000.00,0.00,匯款,1111006,,,金錢,新竹縣竹東鎮****,03-5*****,,,,,,,,
83,彭盛韶,111年新北市議員選舉,首次申報,1111006,個人捐贈收入,施孝霖,N12*******,6000.00,0.00,匯款,1111006,,,金錢,桃園市桃園區****,0910*****,,,,,,,,
84,彭盛韶,111年新北市議員選舉,首次申報,1111013,匿名捐贈,匿名-林'r,,600.00,0.00,匯款,1111019,,,金錢,,,,,,,,,,
85,彭盛韶,111年新北市議員選舉,首次申報,1111013,匿名捐贈,匿名-袁'r,,1000.00,0.00,匯款,1111020,,,金錢,,,,,,,,,,
86,彭盛韶,111年新北市議員選舉,首次申報,1111013,個人捐贈收入,王博賢,K12*******,1688.00,0.00,匯款,1111020,,,金錢,,0921*****,,,,,,,,
87,彭盛韶,111年新北市議員選舉,首次申報,1111016,匿名捐贈,匿名,,10000.00,0.00,匯款,1111024,,,金錢,,,,,,,,,,
88,彭盛韶,111年新北市議員選舉,首次申報,1111016,匿名捐贈,匿名-呂'r,,1688.00,0.00,匯款,1111024,,,金錢,,,,,,,,,,
89,彭盛韶,111年新北市議員選舉,首次申報,1111021,個人捐贈收入,李柏鋒,F12*******,50000.00,0.00,匯款,1111027,,,金錢,桃園市桃園區****,0928*****,,,,,,,,
90,彭盛韶,111年新北市議員選舉,首次申報,1111021,個人捐贈收入,姜佩萱,F22*******,100000.00,0.00,匯款,1111027,,,金錢,新北市五股區****,0910*****,,,,,,,,
91,彭盛韶,111年新北市議員選舉,首次申報,1111028,匿名捐贈,匿名,,7777.00,0.00,匯款,1111103,,,金錢,,,,,,,,,,
92,彭盛韶,111年新北市議員選舉,首次申報,1111101,個人捐贈收入,楊韻則,N12*******,5000.00,0.00,匯款,1111108,,,金錢,新北市中和區****,0911*****,,,,,,,,
93,彭盛韶,111年新北市議員選舉,首次申報,1111104,匿名捐贈,匿名-袁'r,,1000.00,0.00,匯款,1111110,,,金錢,,,,,,,,,,
94,彭盛韶,111年新北市議員選舉,首次申報,1111113,個人捐贈收入,莊豪隆,H12*******,888.00,0.00,匯款,1111121,,,金錢,桃園市桃園區****,0952*****,,,,,,,,
95,彭盛韶,111年新北市議員選舉,首次申報,1111115,匿名捐贈,匿名-朱'r,,10000.00,0.00,匯款,1111122,,,金錢,,,,,,,,,,
96,彭盛韶,111年新北市議員選舉,首次申報,1111115,匿名捐贈,匿名-朱'r,,10000.00,0.00,匯款,1111122,,,金錢,,,,,,,,,,
97,彭盛韶,111年新北市議員選舉,首次申報,1111115,個人捐贈收入,張吟綺,F22*******,1688.00,0.00,匯款,1111121,,,金錢,新北市板橋區****,0919*****,,,,,,,,
98,彭盛韶,111年新北市議員選舉,首次申報,1111116,匿名捐贈,匿名-陳'r,,1688.00,0.00,匯款,1111122,,,金錢,,,,,,,,,,
99,彭盛韶,111年新北市議員選舉,首次申報,1111117,匿名捐贈,匿名-馮'r,,1688.00,0.00,匯款,1111123,,,金錢,,,,,,,,,,
100,彭盛韶,111年新北市議員選舉,首次申報,1111117,個人捐贈收入,李立翔,A12*******,1688.00,0.00,匯款,1111124,,,金錢,新北市板橋區****,0928*****,,,,,,,,
101,彭盛韶,111年新北市議員選舉,首次申報,1111117,個人捐贈收入,林莊周,R12*******,5000.00,0.00,匯款,1111124,,,金錢,臺北市中山區****,0919*****,,,,,,,,
102,彭盛韶,111年新北市議員選舉,首次申報,1111124,匿名捐贈,匿名-許小姐,,9000.00,0.00,現金,1111206,,,金錢,,,,,,,,,,
103,彭盛韶,111年新北市議員選舉,首次申報,1111124,匿名捐贈,匿名-張先生,,9000.00,0.00,現金,1111206,,,金錢,,,,,,,,,,
104,彭盛韶,111年新北市議員選舉,首次申報,1111124,匿名捐贈,匿名-劉小姐,,9000.00,0.00,現金,1111206,,,金錢,,,,,,,,,,
105,彭盛韶,111年新北市議員選舉,首次申報,1111124,匿名捐贈,匿名-吳先生,,9000.00,0.00,現金,1111206,,,金錢,,,,,,,,,,
106,彭盛韶,111年新北市議員選舉,首次申報,1111221,其他收入,利息收入,,398.00,0.00,匯款,1111221,,,金錢,,,,,,,,,,
