﻿序號,擬參選人／政黨,選舉名稱,申報序號／年度,交易日期,收支科目,捐贈者／支出對象,身分證／統一編號,收入金額,支出金額,支出用途,金錢類,地址,聯絡電話,資料更正日期
1,謝采芳,107年鄉(鎮、市)長選舉,首次申報,1070925,個人捐贈收入,楊明陶,,6000.00,0.00,,金錢,,0932*****,
2,謝采芳,107年鄉(鎮、市)長選舉,首次申報,1070926,個人捐贈收入,陳順府,,20000.00,0.00,,金錢,彰化縣埔鹽鄉****,,
3,謝采芳,107年鄉(鎮、市)長選舉,首次申報,1070928,個人捐贈收入,林才壽,,10000.00,0.00,,金錢,彰化縣溪湖鎮****,,
4,謝采芳,107年鄉(鎮、市)長選舉,首次申報,1070929,個人捐贈收入,施朱吉,,2000.00,0.00,,金錢,彰化縣埔鹽鄉****,,
5,謝采芳,107年鄉(鎮、市)長選舉,首次申報,1070929,個人捐贈收入,施長卿,,6000.00,0.00,,金錢,,8651*****,
6,謝采芳,107年鄉(鎮、市)長選舉,首次申報,1070929,個人捐贈收入,蔡志協,,20000.00,0.00,,金錢,,0932*****,
7,謝采芳,107年鄉(鎮、市)長選舉,首次申報,1070929,個人捐贈收入,趙高達,,2000.00,0.00,,金錢,彰化縣鹿港鎮****,04-7*****,
8,謝采芳,107年鄉(鎮、市)長選舉,首次申報,1070929,營利事業捐贈收入,泰樺家具股份有限公司,01985288,20000.00,0.00,,金錢,彰化縣埔鹽鄉****,,
9,謝采芳,107年鄉(鎮、市)長選舉,首次申報,1070929,營利事業捐贈收入,高盛汽車有限公司,27875482,20000.00,0.00,,金錢,彰化縣溪湖鎮****,,
10,謝采芳,107年鄉(鎮、市)長選舉,首次申報,1070929,營利事業捐贈收入,猛進工業股份有限公司,60246577,30000.00,0.00,,金錢,彰化縣溪湖鎮****,,
11,謝采芳,107年鄉(鎮、市)長選舉,首次申報,1071008,個人捐贈收入,魏玉華,N22*******,100000.00,0.00,,金錢,彰化縣埔鹽鄉****,0937*****,
12,謝采芳,107年鄉(鎮、市)長選舉,首次申報,1071009,個人捐贈收入,施克朗,,2000.00,0.00,,金錢,彰化縣埔鹽鄉****,8652*****,
13,謝采芳,107年鄉(鎮、市)長選舉,首次申報,1071018,個人捐贈收入,謝銘鴻,,20000.00,0.00,,金錢,彰化縣埔鹽鄉****,0935*****,
14,謝采芳,107年鄉(鎮、市)長選舉,首次申報,1071031,個人捐贈收入,梁忠仁,N10*******,36000.00,0.00,,金錢,彰化縣福興鄉****,0929*****,
15,謝采芳,107年鄉(鎮、市)長選舉,首次申報,1071101,個人捐贈收入,葉慶明,,12000.00,0.00,,金錢,彰化縣溪湖鎮****,,
16,謝采芳,107年鄉(鎮、市)長選舉,首次申報,1071122,個人捐贈收入,董勝芬,,20000.00,0.00,,金錢,彰化縣秀水鄉****,,
