﻿序號,擬參選人／政黨,選舉名稱,申報序號／年度,交易日期,收支科目,捐贈者／支出對象,身分證／統一編號,收入金額,支出金額,支出用途,金錢類,地址,聯絡電話,資料更正日期
1,蔡淑君,107年直轄市議員選舉,首次申報,1070710,匿名捐贈,顧小玉,,600.00,0.00,,金錢,,,
2,蔡淑君,107年直轄市議員選舉,首次申報,1070710,個人捐贈收入,陳金蘭,,6000.00,0.00,,金錢,,0919*****,
3,蔡淑君,107年直轄市議員選舉,首次申報,1070710,個人捐贈收入,張書維,D12*******,2400.00,0.00,,金錢,新北市新莊區****,0935*****,
4,蔡淑君,107年直轄市議員選舉,首次申報,1070710,個人捐贈收入,謝志平,F12*******,1800.00,0.00,,金錢,新北市樹林區****,0939*****,
5,蔡淑君,107年直轄市議員選舉,首次申報,1070710,個人捐贈收入,何蘇珠,F22*******,600.00,0.00,,金錢,新北市林口區****,0912*****,
6,蔡淑君,107年直轄市議員選舉,首次申報,1070710,個人捐贈收入,何蘇月,F22*******,600.00,0.00,,金錢,新北市林口區****,2601*****,
7,蔡淑君,107年直轄市議員選舉,首次申報,1070710,個人捐贈收入,張美月,F22*******,6000.00,0.00,,金錢,新北市林口區****,0935*****,
8,蔡淑君,107年直轄市議員選舉,首次申報,1070710,個人捐贈收入,陳鳳釐,R22*******,2400.00,0.00,,金錢,新北市林口區****,0932*****,
9,蔡淑君,107年直轄市議員選舉,首次申報,1070712,個人捐贈收入,劉益杋,,600.00,0.00,,金錢,,0927*****,
10,蔡淑君,107年直轄市議員選舉,首次申報,1070712,個人捐贈收入,陳明松,,600.00,0.00,,金錢,,0927*****,
11,蔡淑君,107年直轄市議員選舉,首次申報,1070712,個人捐贈收入,吳鏗玲,,600.00,0.00,,金錢,,0927*****,
12,蔡淑君,107年直轄市議員選舉,首次申報,1070712,個人捐贈收入,劉秀玉,,600.00,0.00,,金錢,,0927*****,
13,蔡淑君,107年直轄市議員選舉,首次申報,1070712,個人捐贈收入,翁淑媛,,600.00,0.00,,金錢,,0927*****,
14,蔡淑君,107年直轄市議員選舉,首次申報,1070712,匿名捐贈,陳巧,,1200.00,0.00,,金錢,,,
15,蔡淑君,107年直轄市議員選舉,首次申報,1070712,匿名捐贈,黃美月,,600.00,0.00,,金錢,,,
16,蔡淑君,107年直轄市議員選舉,首次申報,1070712,營利事業捐贈收入,大安都保全股份有限公司,42712516,2400.00,0.00,,金錢,新北市林口區****,2608*****,
17,蔡淑君,107年直轄市議員選舉,首次申報,1070712,營利事業捐贈收入,鴻灃有限公司,67317506,15000.00,0.00,,金錢,新北市林口區****,0939*****,
18,蔡淑君,107年直轄市議員選舉,首次申報,1070712,個人捐贈收入,呂宜倫,A22*******,7200.00,0.00,,金錢,新北市林口區****,0932*****,
19,蔡淑君,107年直轄市議員選舉,首次申報,1070712,個人捐贈收入,劉紋伶,A22*******,30000.00,0.00,,金錢,新北市林口區****,0936*****,
20,蔡淑君,107年直轄市議員選舉,首次申報,1070712,個人捐贈收入,王秉芳,F12*******,1800.00,0.00,,金錢,新北市林口區****,0953*****,
21,蔡淑君,107年直轄市議員選舉,首次申報,1070712,個人捐贈收入,黃瑜婷,F22*******,1200.00,0.00,,金錢,新北市林口區****,0970*****,
22,蔡淑君,107年直轄市議員選舉,首次申報,1070712,個人捐贈收入,范鈞維,G12*******,1800.00,0.00,,金錢,新北市林口區****,0972*****,
23,蔡淑君,107年直轄市議員選舉,首次申報,1070712,個人捐贈收入,葉冠伶,R22*******,600.00,0.00,,金錢,新北市林口區****,0920*****,
24,蔡淑君,107年直轄市議員選舉,首次申報,1070713,匿名捐贈,曹秀芝,,600.00,0.00,,金錢,,,
25,蔡淑君,107年直轄市議員選舉,首次申報,1070713,匿名捐贈,李翠珍,,1200.00,0.00,,金錢,,,
26,蔡淑君,107年直轄市議員選舉,首次申報,1070713,匿名捐贈,羅大宇,,3000.00,0.00,,金錢,,,
27,蔡淑君,107年直轄市議員選舉,首次申報,1070713,匿名捐贈,陳昱潔,,1800.00,0.00,,金錢,,,
28,蔡淑君,107年直轄市議員選舉,首次申報,1070713,個人捐贈收入,呂志雄,,12000.00,0.00,,金錢,,0935*****,
29,蔡淑君,107年直轄市議員選舉,首次申報,1070713,匿名捐贈,匿名,,1200.00,0.00,,金錢,,,
30,蔡淑君,107年直轄市議員選舉,首次申報,1070713,個人捐贈收入,王一萍,A22*******,7200.00,0.00,,金錢,新北市林口區****,0933*****,
31,蔡淑君,107年直轄市議員選舉,首次申報,1070716,匿名捐贈,蘇月英,,600.00,0.00,,金錢,,,
32,蔡淑君,107年直轄市議員選舉,首次申報,1070716,匿名捐贈,任秀娜,,600.00,0.00,,金錢,,,
33,蔡淑君,107年直轄市議員選舉,首次申報,1070716,匿名捐贈,吳含笑,,600.00,0.00,,金錢,,,
34,蔡淑君,107年直轄市議員選舉,首次申報,1070716,個人捐贈收入,游素真,A22*******,7200.00,0.00,,金錢,新北市林口區****,0932*****,
35,蔡淑君,107年直轄市議員選舉,首次申報,1070716,個人捐贈收入,丘皓明,A22*******,2400.00,0.00,,金錢,新北市林口區****,0922*****,
36,蔡淑君,107年直轄市議員選舉,首次申報,1070716,個人捐贈收入,吳仲崴,F12*******,600.00,0.00,,金錢,新北市新莊區****,0973*****,
37,蔡淑君,107年直轄市議員選舉,首次申報,1070716,個人捐贈收入,陳儘忠,F12*******,600.00,0.00,,金錢,新北市林口區****,0958*****,
38,蔡淑君,107年直轄市議員選舉,首次申報,1070716,個人捐贈收入,謝承恩,F12*******,3600.00,0.00,,金錢,新北市林口區****,0930*****,
39,蔡淑君,107年直轄市議員選舉,首次申報,1070716,個人捐贈收入,許吳麗英,F20*******,600.00,0.00,,金錢,新北市林口區****,0937*****,
40,蔡淑君,107年直轄市議員選舉,首次申報,1070716,個人捐贈收入,夏畛羚,F22*******,1200.00,0.00,,金錢,新北市林口區****,0970*****,
41,蔡淑君,107年直轄市議員選舉,首次申報,1070716,個人捐贈收入,張美月,F22*******,600.00,0.00,,金錢,新北市林口區****,0931*****,
42,蔡淑君,107年直轄市議員選舉,首次申報,1070716,個人捐贈收入,張美月,F22*******,600.00,0.00,,金錢,新北市林口區****,0935*****,
43,蔡淑君,107年直轄市議員選舉,首次申報,1070716,個人捐贈收入,郭光瑜,G12*******,2400.00,0.00,,金錢,新北市林口區****,0972*****,
44,蔡淑君,107年直轄市議員選舉,首次申報,1070716,個人捐贈收入,劉曉非,H22*******,600.00,0.00,,金錢,新北市林口區****,0928*****,
45,蔡淑君,107年直轄市議員選舉,首次申報,1070716,個人捐贈收入,劉凱楓,K12*******,600.00,0.00,,金錢,新北市板橋區****,0931*****,
46,蔡淑君,107年直轄市議員選舉,首次申報,1070716,個人捐贈收入,李德川,P12*******,7200.00,0.00,,金錢,新北市板橋區****,0932*****,
47,蔡淑君,107年直轄市議員選舉,首次申報,1070716,個人捐贈收入,洪新龍,P12*******,3000.00,0.00,,金錢,新北市新莊區****,0929*****,
48,蔡淑君,107年直轄市議員選舉,首次申報,1070716,個人捐贈收入,楊阿桑,P20*******,7800.00,0.00,,金錢,新北市林口區****,0932*****,
49,蔡淑君,107年直轄市議員選舉,首次申報,1070716,個人捐贈收入,陳敏華,T22*******,2400.00,0.00,,金錢,新北市林口區****,0936*****,
50,蔡淑君,107年直轄市議員選舉,首次申報,1070717,個人捐贈收入,黃國瑋,,30000.00,0.00,,金錢,,0936*****,
51,蔡淑君,107年直轄市議員選舉,首次申報,1070718,匿名捐贈,洪淑華,,600.00,0.00,,金錢,,,
52,蔡淑君,107年直轄市議員選舉,首次申報,1070718,個人捐贈收入,游騰樹,,600.00,0.00,,金錢,,0934*****,
53,蔡淑君,107年直轄市議員選舉,首次申報,1070718,個人捐贈收入,陳美娟,,1200.00,0.00,,金錢,新北市林口區****,0928*****,
54,蔡淑君,107年直轄市議員選舉,首次申報,1070718,個人捐贈收入,許秀華,F22*******,1800.00,0.00,,金錢,新北市林口區****,0912*****,
55,蔡淑君,107年直轄市議員選舉,首次申報,1070718,個人捐贈收入,吳俊青,K12*******,60000.00,0.00,,金錢,新北市林口區****,0920*****,
56,蔡淑君,107年直轄市議員選舉,首次申報,1070719,個人捐贈收入,陳怡文,,600.00,0.00,,金錢,,0920*****,
57,蔡淑君,107年直轄市議員選舉,首次申報,1070719,個人捐贈收入,連張孋嬌,,600.00,0.00,,金錢,,0910*****,
58,蔡淑君,107年直轄市議員選舉,首次申報,1070719,匿名捐贈,彭莉程,,600.00,0.00,,金錢,,,
59,蔡淑君,107年直轄市議員選舉,首次申報,1070719,個人捐贈收入,王添隆,A12*******,1800.00,0.00,,金錢,新北市林口區****,0939*****,
60,蔡淑君,107年直轄市議員選舉,首次申報,1070719,個人捐贈收入,沈建志,D12*******,2400.00,0.00,,金錢,桃園市桃園區****,0919*****,
61,蔡淑君,107年直轄市議員選舉,首次申報,1070719,個人捐贈收入,鄭定睿,F12*******,6000.00,0.00,,金錢,新北市新店區****,0910*****,
62,蔡淑君,107年直轄市議員選舉,首次申報,1070719,個人捐贈收入,許清地,K12*******,3000.00,0.00,,金錢,新北市林口區****,0937*****,
63,蔡淑君,107年直轄市議員選舉,首次申報,1070719,個人捐贈收入,劉道德,P12*******,1200.00,0.00,,金錢,新北市樹林區****,0922*****,
64,蔡淑君,107年直轄市議員選舉,首次申報,1070720,個人捐贈收入,林金聰,,1800.00,0.00,,金錢,新北市林口區****,2601*****,
65,蔡淑君,107年直轄市議員選舉,首次申報,1070720,匿名捐贈,呂詠莊,,1200.00,0.00,,金錢,,,
66,蔡淑君,107年直轄市議員選舉,首次申報,1070720,匿名捐贈,張台蘭,,1200.00,0.00,,金錢,,,
67,蔡淑君,107年直轄市議員選舉,首次申報,1070720,匿名捐贈,莊于瑩,,1200.00,0.00,,金錢,,,
68,蔡淑君,107年直轄市議員選舉,首次申報,1070720,匿名捐贈,曾玉梅,,600.00,0.00,,金錢,,,
69,蔡淑君,107年直轄市議員選舉,首次申報,1070720,匿名捐贈,舒國華,,1200.00,0.00,,金錢,,,
70,蔡淑君,107年直轄市議員選舉,首次申報,1070720,匿名捐贈,李張彩蓮,,600.00,0.00,,金錢,,,
71,蔡淑君,107年直轄市議員選舉,首次申報,1070720,匿名捐贈,楊幼梅,,1200.00,0.00,,金錢,,,
72,蔡淑君,107年直轄市議員選舉,首次申報,1070720,匿名捐贈,林淑華,,600.00,0.00,,金錢,,,
73,蔡淑君,107年直轄市議員選舉,首次申報,1070720,匿名捐贈,洪萬生,,1200.00,0.00,,金錢,,,
74,蔡淑君,107年直轄市議員選舉,首次申報,1070720,匿名捐贈,李光蕙,,600.00,0.00,,金錢,,,
75,蔡淑君,107年直轄市議員選舉,首次申報,1070720,個人捐贈收入,楊宗榮,,1800.00,0.00,,金錢,,0958*****,
76,蔡淑君,107年直轄市議員選舉,首次申報,1070720,個人捐贈收入,黃豐浪,,600.00,0.00,,金錢,,0958*****,
77,蔡淑君,107年直轄市議員選舉,首次申報,1070720,個人捐贈收入,王雲卿,,600.00,0.00,,金錢,,0958*****,
78,蔡淑君,107年直轄市議員選舉,首次申報,1070720,個人捐贈收入,郭國榮,A11*******,600.00,0.00,,金錢,新北市林口區****,0921*****,
79,蔡淑君,107年直轄市議員選舉,首次申報,1070720,個人捐贈收入,黃婉茹,E22*******,600.00,0.00,,金錢,新北市林口區****,0988*****,
80,蔡淑君,107年直轄市議員選舉,首次申報,1070720,個人捐贈收入,陳文仁,F12*******,60000.00,0.00,,金錢,新北市林口區****,0921*****,
81,蔡淑君,107年直轄市議員選舉,首次申報,1070720,個人捐贈收入,曾麗菁,F20*******,600.00,0.00,,金錢,新北市林口區****,0913*****,
82,蔡淑君,107年直轄市議員選舉,首次申報,1070720,個人捐贈收入,陳時子,F20*******,600.00,0.00,,金錢,新北市林口區****,0937*****,
83,蔡淑君,107年直轄市議員選舉,首次申報,1070720,個人捐贈收入,陳子萍,F22*******,600.00,0.00,,金錢,新北市五股區****,0952*****,
84,蔡淑君,107年直轄市議員選舉,首次申報,1070720,個人捐贈收入,林綉彗,F22*******,600.00,0.00,,金錢,新北市林口區****,0918*****,
85,蔡淑君,107年直轄市議員選舉,首次申報,1070720,個人捐贈收入,陳錦姿,F22*******,600.00,0.00,,金錢,新北市林口區****,0939*****,
86,蔡淑君,107年直轄市議員選舉,首次申報,1070720,個人捐贈收入,黃聖芬,F22*******,3000.00,0.00,,金錢,新北市林口區****,0952*****,
87,蔡淑君,107年直轄市議員選舉,首次申報,1070720,個人捐贈收入,汪袁訢,F22*******,600.00,0.00,,金錢,新北市林口區****,0917*****,
88,蔡淑君,107年直轄市議員選舉,首次申報,1070720,個人捐贈收入,吳蕙良,G22*******,600.00,0.00,,金錢,新北市林口區****,0930*****,
89,蔡淑君,107年直轄市議員選舉,首次申報,1070720,個人捐贈收入,葉俊廷,H12*******,600.00,0.00,,金錢,新北市林口區****,0958*****,
90,蔡淑君,107年直轄市議員選舉,首次申報,1070720,個人捐贈收入,林春燕,H22*******,600.00,0.00,,金錢,桃園市龜山區****,0911*****,
91,蔡淑君,107年直轄市議員選舉,首次申報,1070720,個人捐贈收入,藍淑娟,H22*******,30000.00,0.00,,金錢,桃園市桃園區****,0332*****,
92,蔡淑君,107年直轄市議員選舉,首次申報,1070720,個人捐贈收入,郭正芬,H22*******,600.00,0.00,,金錢,新北市林口區****,0910*****,
93,蔡淑君,107年直轄市議員選舉,首次申報,1070720,個人捐贈收入,羅秀玉,H22*******,600.00,0.00,,金錢,新北市林口區****,0931*****,
94,蔡淑君,107年直轄市議員選舉,首次申報,1070720,個人捐贈收入,徐春萍,J22*******,1200.00,0.00,,金錢,新北市林口區****,0937*****,
95,蔡淑君,107年直轄市議員選舉,首次申報,1070720,個人捐贈收入,吳玉嬌,K22*******,600.00,0.00,,金錢,新北市林口區****,0928*****,
96,蔡淑君,107年直轄市議員選舉,首次申報,1070720,個人捐贈收入,曾秀紅,L22*******,600.00,0.00,,金錢,新北市林口區****,0922*****,
97,蔡淑君,107年直轄市議員選舉,首次申報,1070720,個人捐贈收入,許杏花,L22*******,600.00,0.00,,金錢,新北市林口區****,0935*****,
98,蔡淑君,107年直轄市議員選舉,首次申報,1070720,個人捐贈收入,洪慶源,M12*******,600.00,0.00,,金錢,新北市林口區****,0928*****,
99,蔡淑君,107年直轄市議員選舉,首次申報,1070720,個人捐贈收入,曾佳俊,R12*******,2400.00,0.00,,金錢,臺北市信義區****,0928*****,
100,蔡淑君,107年直轄市議員選舉,首次申報,1070720,個人捐贈收入,林鄭履瑤,R20*******,600.00,0.00,,金錢,新北市林口區****,0920*****,
101,蔡淑君,107年直轄市議員選舉,首次申報,1070720,個人捐贈收入,吳黃碧雲,R20*******,600.00,0.00,,金錢,新北市新莊區****,0928*****,
102,蔡淑君,107年直轄市議員選舉,首次申報,1070720,個人捐贈收入,林惠玟,S22*******,1200.00,0.00,,金錢,新北市林口區****,0987*****,
103,蔡淑君,107年直轄市議員選舉,首次申報,1070720,個人捐贈收入,林英如,U22*******,600.00,0.00,,金錢,新北市林口區****,0958*****,
104,蔡淑君,107年直轄市議員選舉,首次申報,1070720,個人捐贈收入,吳鏗玲,V22*******,600.00,0.00,,金錢,新北市林口區****,0927*****,
105,蔡淑君,107年直轄市議員選舉,首次申報,1070720,個人捐贈收入,邱語玲,Z20*******,600.00,0.00,,金錢,新北市林口區****,0926*****,
106,蔡淑君,107年直轄市議員選舉,首次申報,1070723,個人捐贈收入,王金詣,,10200.00,0.00,,金錢,,0953*****,
107,蔡淑君,107年直轄市議員選舉,首次申報,1070723,個人捐贈收入,李麗華,,3000.00,0.00,,金錢,,0987*****,
108,蔡淑君,107年直轄市議員選舉,首次申報,1070723,個人捐贈收入,連張孋嬌,,600.00,0.00,,金錢,,0910*****,
109,蔡淑君,107年直轄市議員選舉,首次申報,1070723,營利事業捐贈收入,林口陽業實業社,29295860,4200.00,0.00,,金錢,新北市林口區****,2609*****,
110,蔡淑君,107年直轄市議員選舉,首次申報,1070723,個人捐贈收入,陳子禮,F12*******,600.00,0.00,,金錢,新北市林口區****,0912*****,
111,蔡淑君,107年直轄市議員選舉,首次申報,1070723,個人捐贈收入,曾于豪,F12*******,1200.00,0.00,,金錢,新北市新莊區****,0966*****,
112,蔡淑君,107年直轄市議員選舉,首次申報,1070723,個人捐贈收入,李玉婷,G22*******,600.00,0.00,,金錢,,0958*****,
113,蔡淑君,107年直轄市議員選舉,首次申報,1070723,個人捐贈收入,楊銀寶,L12*******,600.00,0.00,,金錢,新北市林口區****,0910*****,
114,蔡淑君,107年直轄市議員選舉,首次申報,1070724,個人捐贈收入,徐菁穗,,1800.00,0.00,,金錢,,0935*****,
115,蔡淑君,107年直轄市議員選舉,首次申報,1070724,個人捐贈收入,陳麗紅,,600.00,0.00,,金錢,,0958*****,
116,蔡淑君,107年直轄市議員選舉,首次申報,1070724,個人捐贈收入,徐珧晴,A22*******,100000.00,0.00,,金錢,新北市林口區****,0911*****,
117,蔡淑君,107年直轄市議員選舉,首次申報,1070724,個人捐贈收入,陳銘鴻,F12*******,100000.00,0.00,,金錢,新北市林口區****,0953*****,
118,蔡淑君,107年直轄市議員選舉,首次申報,1070724,個人捐贈收入,莊永聖,F12*******,100000.00,0.00,,金錢,新北市林口區****,0936*****,
119,蔡淑君,107年直轄市議員選舉,首次申報,1070724,個人捐贈收入,李子鳳,H22*******,100000.00,0.00,,金錢,新北市林口區****,0920*****,
120,蔡淑君,107年直轄市議員選舉,首次申報,1070725,個人捐贈收入,周俊仁,A12*******,100000.00,0.00,,金錢,新北市林口區****,0939*****,
121,蔡淑君,107年直轄市議員選舉,首次申報,1070725,個人捐贈收入,康世堃,A12*******,100000.00,0.00,,金錢,桃園市龜山區****,0925*****,
122,蔡淑君,107年直轄市議員選舉,首次申報,1070725,個人捐贈收入,褚珮瑜,F22*******,600.00,0.00,,金錢,新北市林口區****,0937*****,
123,蔡淑君,107年直轄市議員選舉,首次申報,1070725,個人捐贈收入,褚常家玲,F22*******,600.00,0.00,,金錢,新北市林口區****,0910*****,
124,蔡淑君,107年直轄市議員選舉,首次申報,1070725,個人捐贈收入,張正昌,L12*******,100000.00,0.00,,金錢,新北市林口區****,0926*****,
125,蔡淑君,107年直轄市議員選舉,首次申報,1070725,個人捐贈收入,王郁茹,L22*******,100000.00,0.00,,金錢,新北市林口區****,0926*****,
126,蔡淑君,107年直轄市議員選舉,首次申報,1070726,匿名捐贈,呂秋雲,,600.00,0.00,,金錢,,,
127,蔡淑君,107年直轄市議員選舉,首次申報,1070726,個人捐贈收入,游寶貴,A20*******,50000.00,0.00,,金錢,新北市林口區****,0988*****,
128,蔡淑君,107年直轄市議員選舉,首次申報,1070726,個人捐贈收入,陳志明,F10*******,2400.00,0.00,,金錢,新北市林口區****,0928*****,
129,蔡淑君,107年直轄市議員選舉,首次申報,1070726,個人捐贈收入,陳志明,F10*******,50000.00,0.00,,金錢,新北市林口區****,0928*****,
130,蔡淑君,107年直轄市議員選舉,首次申報,1070726,個人捐贈收入,陳江秀蘭,F20*******,600.00,0.00,,金錢,新北市林口區****,0935*****,
131,蔡淑君,107年直轄市議員選舉,首次申報,1070726,個人捐贈收入,李金安,H12*******,100000.00,0.00,,金錢,桃園市蘆竹區****,0927*****,
132,蔡淑君,107年直轄市議員選舉,首次申報,1070726,個人捐贈收入,曾阿諶,H20*******,100000.00,0.00,,金錢,桃園市蘆竹區****,0935*****,
133,蔡淑君,107年直轄市議員選舉,首次申報,1070727,個人捐贈收入,余金英,,1200.00,0.00,,金錢,新北市林口區****,0987*****,
134,蔡淑君,107年直轄市議員選舉,首次申報,1070727,營利事業捐贈收入,台灣固品企業有限公司,12188232,30000.00,0.00,,金錢,新北市新莊區****,0933*****,
135,蔡淑君,107年直轄市議員選舉,首次申報,1070727,個人捐贈收入,林欣佩,A22*******,2400.00,0.00,,金錢,新北市林口區****,0936*****,
136,蔡淑君,107年直轄市議員選舉,首次申報,1070727,個人捐贈收入,蔡正德,F12*******,60000.00,0.00,,金錢,新北市林口區****,0936*****,
137,蔡淑君,107年直轄市議員選舉,首次申報,1070730,個人捐贈收入,陳銘義,,3000.00,0.00,,金錢,新北市林口區****,0933*****,
138,蔡淑君,107年直轄市議員選舉,首次申報,1070730,個人捐贈收入,李金池,,3000.00,0.00,,金錢,,0961*****,
139,蔡淑君,107年直轄市議員選舉,首次申報,1070731,個人捐贈收入,黃芳文,F22*******,30000.00,0.00,,金錢,新北市林口區****,2606*****,
140,蔡淑君,107年直轄市議員選舉,首次申報,1070801,個人捐贈收入,李宜霖,,2400.00,0.00,,金錢,,0988*****,
141,蔡淑君,107年直轄市議員選舉,首次申報,1070802,個人捐贈收入,孫智義,T10*******,1200.00,0.00,,金錢,新北市林口區****,2600*****,
142,蔡淑君,107年直轄市議員選舉,首次申報,1070803,營利事業捐贈收入,陽業有限公司,89713706,36000.00,0.00,,金錢,新北市林口區****,0935*****,
143,蔡淑君,107年直轄市議員選舉,首次申報,1070806,匿名捐贈,李美玉,,600.00,0.00,,金錢,,,
144,蔡淑君,107年直轄市議員選舉,首次申報,1070806,個人捐贈收入,陳素蘭,,600.00,0.00,,金錢,,0952*****,
145,蔡淑君,107年直轄市議員選舉,首次申報,1070806,個人捐贈收入,羅祈煌,G12*******,100000.00,0.00,,金錢,新北市林口區****,0932*****,
146,蔡淑君,107年直轄市議員選舉,首次申報,1070807,人民團體捐贈收入,新北市林口區雙林社區發展協會,,3600.00,0.00,,金錢,新北市林口區****,,
147,蔡淑君,107年直轄市議員選舉,首次申報,1070807,個人捐贈收入,吳美慧,D20*******,100000.00,0.00,,金錢,新北市新莊區****,0910*****,
148,蔡淑君,107年直轄市議員選舉,首次申報,1070807,個人捐贈收入,洪條民,N10*******,100000.00,0.00,,金錢,新北市五股區****,0937*****,
149,蔡淑君,107年直轄市議員選舉,首次申報,1070808,匿名捐贈,邵錦祥,,600.00,0.00,,金錢,,,
150,蔡淑君,107年直轄市議員選舉,首次申報,1070808,營利事業捐贈收入,典紘投資有限公司,68537303,100000.00,0.00,,金錢,新北市中和區****,8951*****,
151,蔡淑君,107年直轄市議員選舉,首次申報,1070808,營利事業捐贈收入,富威明投資有限公司,68580808,100000.00,0.00,,金錢,新北市中和區****,8951*****,
152,蔡淑君,107年直轄市議員選舉,首次申報,1070808,個人捐贈收入,翁宗坪,F10*******,100000.00,0.00,,金錢,新北市板橋區****,0910*****,
153,蔡淑君,107年直轄市議員選舉,首次申報,1070808,個人捐贈收入,翁月桂,F22*******,100000.00,0.00,,金錢,新北市板橋區****,0911*****,
154,蔡淑君,107年直轄市議員選舉,首次申報,1070808,個人捐贈收入,翁月燕,F22*******,100000.00,0.00,,金錢,新北市板橋區****,0911*****,
155,蔡淑君,107年直轄市議員選舉,首次申報,1070808,個人捐贈收入,吳綉華,F22*******,100000.00,0.00,,金錢,新北市板橋區****,0935*****,
156,蔡淑君,107年直轄市議員選舉,首次申報,1070809,個人捐贈收入,楊鴻山,A12*******,100000.00,0.00,,金錢,臺北市內湖區****,0933*****,
157,蔡淑君,107年直轄市議員選舉,首次申報,1070813,個人捐贈收入,黃明山,F12*******,6000.00,0.00,,金錢,新北市林口區****,0939*****,
158,蔡淑君,107年直轄市議員選舉,首次申報,1070813,個人捐贈收入,池博鈞,H12*******,1200.00,0.00,,金錢,新北市林口區****,0918*****,
159,蔡淑君,107年直轄市議員選舉,首次申報,1070814,個人捐贈收入,許玉梨,A21*******,600.00,0.00,,金錢,新北市新莊區****,0980*****,
160,蔡淑君,107年直轄市議員選舉,首次申報,1070814,個人捐贈收入,曹秀鳳,F22*******,1800.00,0.00,,金錢,新北市林口區****,0939*****,
161,蔡淑君,107年直轄市議員選舉,首次申報,1070816,個人捐贈收入,陳怡文,,600.00,0.00,,金錢,,0920*****,
162,蔡淑君,107年直轄市議員選舉,首次申報,1070817,個人捐贈收入,楊舒婷,F22*******,14400.00,0.00,,金錢,新北市林口區****,0915*****,
163,蔡淑君,107年直轄市議員選舉,首次申報,1070821,個人捐贈收入,曹素靚,P22*******,600.00,0.00,,金錢,新北市林口區****,0926*****,
164,蔡淑君,107年直轄市議員選舉,首次申報,1070822,個人捐贈收入,賴穎章,,1200.00,0.00,,金錢,新北市林口區****,0978*****,
165,蔡淑君,107年直轄市議員選舉,首次申報,1070828,匿名捐贈,匿名,,6000.00,0.00,,金錢,,,
166,蔡淑君,107年直轄市議員選舉,首次申報,1070829,個人捐贈收入,邱徐淑貞,,1200.00,0.00,,金錢,,0910*****,
167,蔡淑君,107年直轄市議員選舉,首次申報,1070829,個人捐贈收入,林森陵,,600.00,0.00,,金錢,,0989*****,
168,蔡淑君,107年直轄市議員選舉,首次申報,1070830,個人捐贈收入,莊麗珠,F22*******,600.00,0.00,,金錢,新北市林口區****,0920*****,
169,蔡淑君,107年直轄市議員選舉,首次申報,1070831,個人捐贈收入,陳文甲,F10*******,20000.00,0.00,,金錢,新北市林口區****,2601*****,
170,蔡淑君,107年直轄市議員選舉,首次申報,1070904,營利事業捐贈收入,泳菘水電工程行,30288108,3600.00,0.00,,金錢,新北市林口區****,2608*****,
171,蔡淑君,107年直轄市議員選舉,首次申報,1070904,個人捐贈收入,胡江萍,U22*******,1200.00,0.00,,金錢,新北市林口區****,0921*****,
172,蔡淑君,107年直轄市議員選舉,首次申報,1070907,個人捐贈收入,陳國展,,3600.00,0.00,,金錢,新北市樹林區****,0912*****,
173,蔡淑君,107年直轄市議員選舉,首次申報,1070907,個人捐贈收入,鄞嘉君,,1200.00,0.00,,金錢,新北市林口區****,0960*****,
174,蔡淑君,107年直轄市議員選舉,首次申報,1070907,個人捐贈收入,陳銘義,F12*******,60000.00,0.00,,金錢,新北市林口區****,0933*****,
175,蔡淑君,107年直轄市議員選舉,首次申報,1070907,個人捐贈收入,賴鴻慈,G12*******,12000.00,0.00,,金錢,新北市林口區****,0932*****,
176,蔡淑君,107年直轄市議員選舉,首次申報,1070910,個人捐贈收入,徐依聖,H12*******,100000.00,0.00,,金錢,新北市林口區****,0952*****,
177,蔡淑君,107年直轄市議員選舉,首次申報,1070913,個人捐贈收入,謝岱杰,E12*******,100000.00,0.00,,金錢,臺北市內湖區****,0916*****,
178,蔡淑君,107年直轄市議員選舉,首次申報,1070913,個人捐贈收入,謝凱安,E12*******,100000.00,0.00,,金錢,高雄市楠梓區****,0916*****,
179,蔡淑君,107年直轄市議員選舉,首次申報,1070913,個人捐贈收入,黃美麗,E22*******,100000.00,0.00,,金錢,臺北市內湖區****,0916*****,
180,蔡淑君,107年直轄市議員選舉,首次申報,1070913,個人捐贈收入,王福增,K12*******,30000.00,0.00,,金錢,新北市林口區****,0922*****,
181,蔡淑君,107年直轄市議員選舉,首次申報,1070914,個人捐贈收入,廖芯慧,,600.00,0.00,,金錢,新北市板橋區****,,
182,蔡淑君,107年直轄市議員選舉,首次申報,1070914,營利事業捐贈收入,仰心殿有限公司,42701264,9000.00,0.00,,金錢,新北市林口區****,2603*****,
183,蔡淑君,107年直轄市議員選舉,首次申報,1070914,營利事業捐贈收入,仰鑫殿有限公司,46463094,9000.00,0.00,,金錢,新北市林口區****,2603*****,
184,蔡淑君,107年直轄市議員選舉,首次申報,1070914,個人捐贈收入,陳志忠,F12*******,3000.00,0.00,,金錢,新北市林口區****,2602*****,
185,蔡淑君,107年直轄市議員選舉,首次申報,1070914,個人捐贈收入,張錦華,Y22*******,1200.00,0.00,,金錢,新北市林口區****,0939*****,
186,蔡淑君,107年直轄市議員選舉,首次申報,1070919,個人捐贈收入,陳厚助,,600.00,0.00,,金錢,新北市林口區****,0939*****,
187,蔡淑君,107年直轄市議員選舉,首次申報,1070919,個人捐贈收入,溫秀專,,600.00,0.00,,金錢,,0911*****,
188,蔡淑君,107年直轄市議員選舉,首次申報,1070919,個人捐贈收入,賴美秀,,600.00,0.00,,金錢,,0933*****,
189,蔡淑君,107年直轄市議員選舉,首次申報,1070919,個人捐贈收入,洪孟楷,F12*******,100000.00,0.00,,金錢,新北市林口區****,0918*****,
190,蔡淑君,107年直轄市議員選舉,首次申報,1070919,個人捐贈收入,郭素春,F22*******,100000.00,0.00,,金錢,臺北市中山區****,0911*****,
191,蔡淑君,107年直轄市議員選舉,首次申報,1070920,個人捐贈收入,陳怡文,,600.00,0.00,,金錢,,0920*****,
192,蔡淑君,107年直轄市議員選舉,首次申報,1070922,個人捐贈收入,陳尉勇,F12*******,30000.00,0.00,,金錢,新北市鶯歌區****,0912*****,
193,蔡淑君,107年直轄市議員選舉,首次申報,1070925,個人捐贈收入,李美玉,,1200.00,0.00,,金錢,,0932*****,
194,蔡淑君,107年直轄市議員選舉,首次申報,1070925,個人捐贈收入,邱淑燕,,1800.00,0.00,,金錢,新北市林口區****,0932*****,
195,蔡淑君,107年直轄市議員選舉,首次申報,1070925,營利事業捐贈收入,龍疆國際企業股份有限公司,15879836,200000.00,0.00,,金錢,新北市林口區****,2601*****,
196,蔡淑君,107年直轄市議員選舉,首次申報,1070925,營利事業捐贈收入,冠鈞機械工業有限公司,22781970,100000.00,0.00,,金錢,新北市新莊區****,2603*****,
197,蔡淑君,107年直轄市議員選舉,首次申報,1070925,營利事業捐贈收入,厚威股份有限公司,23562973,100000.00,0.00,,金錢,新北市林口區****,2602*****,
198,蔡淑君,107年直轄市議員選舉,首次申報,1070925,個人捐贈收入,顏月裡,A22*******,100000.00,0.00,,金錢,新北市林口區****,0910*****,
199,蔡淑君,107年直轄市議員選舉,首次申報,1070925,個人捐贈收入,林美華,A22*******,10000.00,0.00,,金錢,臺北市中正區****,0932*****,
200,蔡淑君,107年直轄市議員選舉,首次申報,1070925,個人捐贈收入,郁復平,F12*******,6000.00,0.00,,金錢,新北市新莊區****,0935*****,
201,蔡淑君,107年直轄市議員選舉,首次申報,1070925,個人捐贈收入,王泓升,N12*******,2000.00,0.00,,金錢,新北市林口區****,0938*****,
202,蔡淑君,107年直轄市議員選舉,首次申報,1070925,個人捐贈收入,林煥清,P12*******,6000.00,0.00,,金錢,新北市林口區****,0916*****,
203,蔡淑君,107年直轄市議員選舉,首次申報,1070928,個人捐贈收入,王章鳳,,13200.00,0.00,,金錢,新北市五股區****,,
204,蔡淑君,107年直轄市議員選舉,首次申報,1070928,營利事業捐贈收入,亮威全方位有限公司,28932905,100000.00,0.00,,金錢,新北市林口區****,0909*****,
205,蔡淑君,107年直轄市議員選舉,首次申報,1070928,個人捐贈收入,陳嘉慧,A22*******,100000.00,0.00,,金錢,新北市林口區****,0922*****,
206,蔡淑君,107年直轄市議員選舉,首次申報,1070928,個人捐贈收入,洪菁陞,B12*******,20000.00,0.00,,金錢,新北市泰山區****,0972*****,
207,蔡淑君,107年直轄市議員選舉,首次申報,1070928,個人捐贈收入,蔡朝發,F12*******,100000.00,0.00,,金錢,新北市林口區****,0932*****,
208,蔡淑君,107年直轄市議員選舉,首次申報,1071002,營利事業捐贈收入,平安公寓大廈管理維護有限公司,53720751,10000.00,0.00,,金錢,新北市樹林區****,2683*****,
209,蔡淑君,107年直轄市議員選舉,首次申報,1071002,個人捐贈收入,霍新亞,A11*******,100000.00,0.00,,金錢,臺北市民生東****,0937*****,
210,蔡淑君,107年直轄市議員選舉,首次申報,1071002,個人捐贈收入,李良月,A22*******,100000.00,0.00,,金錢,臺北市民生東****,0937*****,
211,蔡淑君,107年直轄市議員選舉,首次申報,1071002,個人捐贈收入,霍明,F10*******,100000.00,0.00,,金錢,臺北市民生東****,0937*****,
212,蔡淑君,107年直轄市議員選舉,首次申報,1071002,個人捐贈收入,蔡郁峰,F12*******,100000.00,0.00,,金錢,新北市林口區****,0921*****,
213,蔡淑君,107年直轄市議員選舉,首次申報,1071002,個人捐贈收入,黃吳寶鸞,F22*******,60000.00,0.00,,金錢,新北市林口區****,0938*****,
214,蔡淑君,107年直轄市議員選舉,首次申報,1071002,個人捐贈收入,陳峰人,Q10*******,100000.00,0.00,,金錢,新北市林口區****,0933*****,
215,蔡淑君,107年直轄市議員選舉,首次申報,1071002,個人捐贈收入,李秀鳳,Y22*******,100000.00,0.00,,金錢,新北市林口區****,0958*****,
216,蔡淑君,107年直轄市議員選舉,首次申報,1071003,匿名捐贈,匿名,,10000.00,0.00,,金錢,,,
217,蔡淑君,107年直轄市議員選舉,首次申報,1071003,個人捐贈收入,彭莉程,H20*******,3000.00,0.00,,金錢,新北市林口區****,0963*****,
218,蔡淑君,107年直轄市議員選舉,首次申報,1071005,匿名捐贈,匿名,,10000.00,0.00,,金錢,,,
219,蔡淑君,107年直轄市議員選舉,首次申報,1071005,匿名捐贈,匿名,,3800.00,0.00,,非金錢,,,
220,蔡淑君,107年直轄市議員選舉,首次申報,1071005,匿名捐贈,匿名,,3800.00,0.00,,非金錢,,,
221,蔡淑君,107年直轄市議員選舉,首次申報,1071005,個人捐贈收入,陳佐國,P12*******,20000.00,0.00,,金錢,雲林縣古坑鄉****,0920*****,
222,蔡淑君,107年直轄市議員選舉,首次申報,1071006,個人捐贈收入,郭振煙,,10000.00,0.00,,金錢,新北市林口區****,0917*****,
223,蔡淑君,107年直轄市議員選舉,首次申報,1071006,個人捐贈收入,簡正德,F10*******,100000.00,0.00,,金錢,臺北市敦化北****,0919*****,
224,蔡淑君,107年直轄市議員選舉,首次申報,1071006,個人捐贈收入,魏夢麟,F10*******,100000.00,0.00,,金錢,臺北市敦化北****,0921*****,
225,蔡淑君,107年直轄市議員選舉,首次申報,1071006,個人捐贈收入,簡文潔,F12*******,100000.00,0.00,,金錢,臺北市敦化北****,2713*****,
226,蔡淑君,107年直轄市議員選舉,首次申報,1071006,個人捐贈收入,張哲銘,F12*******,50000.00,0.00,,金錢,新北市林口區****,2603*****,
227,蔡淑君,107年直轄市議員選舉,首次申報,1071006,個人捐贈收入,李勝田,P10*******,50000.00,0.00,,金錢,新北市林口區****,0937*****,
228,蔡淑君,107年直轄市議員選舉,首次申報,1071006,個人捐贈收入,廖錦盈,P12*******,50000.00,0.00,,金錢,臺北市中山區****,2515*****,
229,蔡淑君,107年直轄市議員選舉,首次申報,1071007,人民團體捐贈收入,新北市林口區體育會,,2000.00,0.00,,金錢,新北市林口區****,2603*****,
230,蔡淑君,107年直轄市議員選舉,首次申報,1071007,人民團體捐贈收入,新北市林口區體育會,,6000.00,0.00,,金錢,新北市林口區****,2603*****,
231,蔡淑君,107年直轄市議員選舉,首次申報,1071007,人民團體捐贈收入,新北市林口區體育會,,10000.00,0.00,,金錢,新北市林口區****,2603*****,
232,蔡淑君,107年直轄市議員選舉,首次申報,1071007,人民團體捐贈收入,新北市林口區體育會,,2000.00,0.00,,金錢,新北市林口區****,2603*****,
233,蔡淑君,107年直轄市議員選舉,首次申報,1071007,人民團體捐贈收入,新北市林口區體育會,,2000.00,0.00,,金錢,新北市林口區****,2603*****,
234,蔡淑君,107年直轄市議員選舉,首次申報,1071007,營利事業捐贈收入,鋒泉螺釘股份有限公司,31334805,30000.00,0.00,,金錢,新北市林口區****,0932*****,
235,蔡淑君,107年直轄市議員選舉,首次申報,1071007,營利事業捐贈收入,蘆洲輪胎有限公司,89710911,60000.00,0.00,,金錢,新北市泰山區****,0956*****,
236,蔡淑君,107年直轄市議員選舉,首次申報,1071007,個人捐贈收入,薛理玉,A10*******,100000.00,0.00,,金錢,新北市林口區****,0932*****,
237,蔡淑君,107年直轄市議員選舉,首次申報,1071007,個人捐贈收入,李芳慶,A12*******,100000.00,0.00,,金錢,新北市林口區****,0920*****,
238,蔡淑君,107年直轄市議員選舉,首次申報,1071007,個人捐贈收入,蔡青錡,A12*******,2000.00,0.00,,金錢,新北市新店區****,0925*****,
239,蔡淑君,107年直轄市議員選舉,首次申報,1071007,個人捐贈收入,蕭家福,C12*******,100000.00,0.00,,金錢,臺北市大安區****,2781*****,
240,蔡淑君,107年直轄市議員選舉,首次申報,1071007,個人捐贈收入,林俊亮,C12*******,100000.00,0.00,,金錢,新北市林口區****,0928*****,
241,蔡淑君,107年直轄市議員選舉,首次申報,1071007,個人捐贈收入,周勝次,F10*******,10000.00,0.00,,金錢,新北市林口區****,0932*****,
242,蔡淑君,107年直轄市議員選舉,首次申報,1071007,個人捐贈收入,吳亭山,F10*******,10000.00,0.00,,金錢,新北市林口區****,2608*****,
243,蔡淑君,107年直轄市議員選舉,首次申報,1071007,個人捐贈收入,黃東青,F10*******,60000.00,0.00,,金錢,新北市林口區****,0932*****,
244,蔡淑君,107年直轄市議員選舉,首次申報,1071007,個人捐贈收入,黃世昌,F12*******,10000.00,0.00,,金錢,,0933*****,
245,蔡淑君,107年直轄市議員選舉,首次申報,1071007,個人捐贈收入,周戴𤆬,F20*******,2000.00,0.00,,金錢,新北市林口區****,0922*****,
246,蔡淑君,107年直轄市議員選舉,首次申報,1071007,個人捐贈收入,李陳美珠,F22*******,3000.00,0.00,,金錢,桃園市桃園區****,03-3*****,
247,蔡淑君,107年直轄市議員選舉,首次申報,1071007,個人捐贈收入,周麗珍,F22*******,2000.00,0.00,,金錢,新北市林口區****,0972*****,
248,蔡淑君,107年直轄市議員選舉,首次申報,1071007,個人捐贈收入,張婉如,F22*******,600.00,0.00,,金錢,新北市林口區****,0955*****,
249,蔡淑君,107年直轄市議員選舉,首次申報,1071007,個人捐贈收入,陳保源,H12*******,1000.00,0.00,,金錢,新北市林口區****,0910*****,
250,蔡淑君,107年直轄市議員選舉,首次申報,1071007,個人捐贈收入,游雅淨,H22*******,20000.00,0.00,,金錢,桃園市龜山區****,0920*****,
251,蔡淑君,107年直轄市議員選舉,首次申報,1071007,個人捐贈收入,蔡華賢,J10*******,100000.00,0.00,,金錢,新北市林口區****,0910*****,
252,蔡淑君,107年直轄市議員選舉,首次申報,1071007,個人捐贈收入,黃玉容,J22*******,3000.00,0.00,,金錢,新北市林口區****,0939*****,
253,蔡淑君,107年直轄市議員選舉,首次申報,1071007,個人捐贈收入,蔡德明,Q10*******,10000.00,0.00,,金錢,新北市林口區****,0978*****,
254,蔡淑君,107年直轄市議員選舉,首次申報,1071007,個人捐贈收入,沈皆凉,Q12*******,3000.00,0.00,,金錢,新北市林口區****,0920*****,
255,蔡淑君,107年直轄市議員選舉,首次申報,1071007,個人捐贈收入,侯碧枝,Q20*******,1000.00,0.00,,金錢,桃園市中壢區****,0928*****,
256,蔡淑君,107年直轄市議員選舉,首次申報,1071007,個人捐贈收入,何雨蓮,Q22*******,100000.00,0.00,,金錢,臺北市大安區****,2781*****,
257,蔡淑君,107年直轄市議員選舉,首次申報,1071007,個人捐贈收入,楊卿捷,V12*******,5000.00,0.00,,金錢,新北市林口區****,0935*****,
258,蔡淑君,107年直轄市議員選舉,首次申報,1071008,個人捐贈收入,萬玉珍,,3000.00,0.00,,金錢,新北市林口區****,,
259,蔡淑君,107年直轄市議員選舉,首次申報,1071008,匿名捐贈,林翠屏,,2000.00,0.00,,金錢,,,
260,蔡淑君,107年直轄市議員選舉,首次申報,1071008,匿名捐贈,陳炳熔,,5000.00,0.00,,金錢,,,
261,蔡淑君,107年直轄市議員選舉,首次申報,1071008,個人捐贈收入,施連芳,,6000.00,0.00,,金錢,新北市林口區****,0928*****,
262,蔡淑君,107年直轄市議員選舉,首次申報,1071008,人民團體捐贈收入,新北市林口區嘉瑞社區發展協會,,12600.00,0.00,,金錢,新北市林口區****,,
263,蔡淑君,107年直轄市議員選舉,首次申報,1071008,營利事業捐贈收入,昶捷物流股份有限公司,16161564,200000.00,0.00,,金錢,新北市林口區****,2601*****,
264,蔡淑君,107年直轄市議員選舉,首次申報,1071008,營利事業捐贈收入,承冠建設有限公司,25089966,100000.00,0.00,,金錢,新北市林口區****,2602*****,
265,蔡淑君,107年直轄市議員選舉,首次申報,1071008,營利事業捐贈收入,正記印舖鎖匙店,74933219,20000.00,0.00,,金錢,新北市林口區****,2602*****,
266,蔡淑君,107年直轄市議員選舉,首次申報,1071008,個人捐贈收入,江季恆,A12*******,20000.00,0.00,,金錢,新北市林口區****,0910*****,
267,蔡淑君,107年直轄市議員選舉,首次申報,1071008,個人捐贈收入,王雅萍,A22*******,100000.00,0.00,,金錢,桃園市桃園區****,0939*****,
268,蔡淑君,107年直轄市議員選舉,首次申報,1071008,個人捐贈收入,劉世楠,F12*******,100000.00,0.00,,金錢,新北市林口區****,2609*****,
269,蔡淑君,107年直轄市議員選舉,首次申報,1071008,個人捐贈收入,王義強,F12*******,30000.00,0.00,,金錢,新北市板橋區****,0956*****,
270,蔡淑君,107年直轄市議員選舉,首次申報,1071008,個人捐贈收入,王維聖,F12*******,30000.00,0.00,,金錢,新北市板橋區****,0956*****,
271,蔡淑君,107年直轄市議員選舉,首次申報,1071008,個人捐贈收入,王暐誠,F12*******,40000.00,0.00,,金錢,新北市板橋區****,,
272,蔡淑君,107年直轄市議員選舉,首次申報,1071008,個人捐贈收入,劉家欣,F22*******,100000.00,0.00,,金錢,新北市林口區****,2609*****,
273,蔡淑君,107年直轄市議員選舉,首次申報,1071008,個人捐贈收入,范秉豐,N12*******,100000.00,0.00,,金錢,桃園市桃園區****,0939*****,
274,蔡淑君,107年直轄市議員選舉,首次申報,1071008,個人捐贈收入,陳湘如,P22*******,100000.00,0.00,,金錢,新北市林口區****,2609*****,
275,蔡淑君,107年直轄市議員選舉,首次申報,1071008,個人捐贈收入,施靜婕,P22*******,50000.00,0.00,,金錢,新北市林口區****,0926*****,
276,蔡淑君,107年直轄市議員選舉,首次申報,1071008,個人捐贈收入,黃彰德,Q12*******,600.00,0.00,,金錢,新北市新莊區****,0930*****,
277,蔡淑君,107年直轄市議員選舉,首次申報,1071008,個人捐贈收入,陳月霞,Y20*******,20000.00,0.00,,金錢,新北市林口區****,0953*****,
278,蔡淑君,107年直轄市議員選舉,首次申報,1071009,匿名捐贈,陳世祿,,10000.00,0.00,,金錢,,,
279,蔡淑君,107年直轄市議員選舉,首次申報,1071009,匿名捐贈,褚阿美,,1200.00,0.00,,金錢,,,
280,蔡淑君,107年直轄市議員選舉,首次申報,1071009,個人捐贈收入,蔡世煌,,12000.00,0.00,,金錢,,0921*****,
281,蔡淑君,107年直轄市議員選舉,首次申報,1071009,個人捐贈收入,周建宏,A12*******,60000.00,0.00,,金錢,新北市林口區****,0958*****,
282,蔡淑君,107年直轄市議員選舉,首次申報,1071009,個人捐贈收入,陳重生,F12*******,20000.00,0.00,,金錢,新北市林口區****,0920*****,
283,蔡淑君,107年直轄市議員選舉,首次申報,1071010,個人捐贈收入,許世榮,,5000.00,0.00,,金錢,新北市林口區****,0932*****,
284,蔡淑君,107年直轄市議員選舉,首次申報,1071010,個人捐贈收入,陳兆祺,,600.00,0.00,,金錢,新北市林口區****,0931*****,
285,蔡淑君,107年直轄市議員選舉,首次申報,1071010,個人捐贈收入,劉秀玉,A22*******,200.00,0.00,,金錢,桃園市大有路****,,
286,蔡淑君,107年直轄市議員選舉,首次申報,1071010,個人捐贈收入,蕭智杰,F12*******,20000.00,0.00,,金錢,新北市林口區****,0932*****,
287,蔡淑君,107年直轄市議員選舉,首次申報,1071010,個人捐贈收入,游素蘭,M22*******,2100.00,0.00,,金錢,新北市林口區****,0989*****,
288,蔡淑君,107年直轄市議員選舉,首次申報,1071011,個人捐贈收入,蘇哲雄,F10*******,100000.00,0.00,,金錢,新北市林口區****,0953*****,
289,蔡淑君,107年直轄市議員選舉,首次申報,1071012,個人捐贈收入,詹文生,,600.00,0.00,,金錢,新北市林口區****,0911*****,
290,蔡淑君,107年直轄市議員選舉,首次申報,1071012,營利事業捐贈收入,福原木材廠股份有限公司,96858516,50000.00,0.00,,金錢,新北市林口區****,2601*****,
291,蔡淑君,107年直轄市議員選舉,首次申報,1071014,個人捐贈收入,陳秀鳳,F20*******,3000.00,0.00,,金錢,新北市林口區****,0905*****,
292,蔡淑君,107年直轄市議員選舉,首次申報,1071014,個人捐贈收入,許國樑,P12*******,10000.00,0.00,,金錢,新北市林口區****,0975*****,
293,蔡淑君,107年直轄市議員選舉,首次申報,1071015,個人捐贈收入,夏蘇傳,,3000.00,0.00,,金錢,新北市林口區****,0936*****,
294,蔡淑君,107年直轄市議員選舉,首次申報,1071015,個人捐贈收入,謝國瑞,,16000.00,0.00,,金錢,新北市林口區****,0933*****,
295,蔡淑君,107年直轄市議員選舉,首次申報,1071015,營利事業捐贈收入,毅嘉科技股份有限公司,23588039,300000.00,0.00,,金錢,桃園市龜山區****,0339*****,
296,蔡淑君,107年直轄市議員選舉,首次申報,1071015,個人捐贈收入,蘇徐蘭,F20*******,10000.00,0.00,,金錢,新北市林口區****,0933*****,
297,蔡淑君,107年直轄市議員選舉,首次申報,1071015,個人捐贈收入,龍德惠,H10*******,2000.00,0.00,,金錢,新北市林口區****,2601*****,
298,蔡淑君,107年直轄市議員選舉,首次申報,1071015,個人捐贈收入,洪新龍,P12*******,12000.00,0.00,,金錢,新北市新莊區****,0929*****,
299,蔡淑君,107年直轄市議員選舉,首次申報,1071016,個人捐贈收入,謝寶玉,F20*******,100000.00,0.00,,金錢,新北市林口區****,0937*****,
300,蔡淑君,107年直轄市議員選舉,首次申報,1071016,個人捐贈收入,王美雲,N20*******,50000.00,0.00,,金錢,新北市五股區****,02-2*****,
301,蔡淑君,107年直轄市議員選舉,首次申報,1071016,個人捐贈收入,邱鄭素理,T20*******,10000.00,0.00,,金錢,新北市五股區****,02-2*****,
302,蔡淑君,107年直轄市議員選舉,首次申報,1071017,匿名捐贈,匿名,,9000.00,0.00,,金錢,,,
303,蔡淑君,107年直轄市議員選舉,首次申報,1071017,匿名捐贈,匿名,,9000.00,0.00,,金錢,,,
304,蔡淑君,107年直轄市議員選舉,首次申報,1071017,個人捐贈收入,劉柏成,,600.00,0.00,,金錢,,0933*****,
305,蔡淑君,107年直轄市議員選舉,首次申報,1071017,營利事業捐贈收入,保德利投資股份有限公司,25003644,100000.00,0.00,,金錢,新北市新店區****,2211*****,
306,蔡淑君,107年直轄市議員選舉,首次申報,1071017,個人捐贈收入,翁國榮,F12*******,100000.00,0.00,,金錢,新北市板橋區****,8951*****,
307,蔡淑君,107年直轄市議員選舉,首次申報,1071017,個人捐贈收入,翁國華,F12*******,100000.00,0.00,,金錢,新北市板橋區****,8951*****,
308,蔡淑君,107年直轄市議員選舉,首次申報,1071017,個人捐贈收入,王訢瑜,F22*******,200.00,0.00,,金錢,新北市林口區****,0928*****,
309,蔡淑君,107年直轄市議員選舉,首次申報,1071017,個人捐贈收入,張志誠,N10*******,60000.00,0.00,,金錢,新北市新莊區****,0938*****,
310,蔡淑君,107年直轄市議員選舉,首次申報,1071017,個人捐贈收入,張春重,N12*******,60000.00,0.00,,金錢,新北市新莊區****,0978*****,
311,蔡淑君,107年直轄市議員選舉,首次申報,1071017,個人捐贈收入,黃清草,Q10*******,20000.00,0.00,,金錢,新北市林口區****,0928*****,
312,蔡淑君,107年直轄市議員選舉,首次申報,1071018,個人捐贈收入,林天華,,2300.00,0.00,,金錢,,0974*****,
313,蔡淑君,107年直轄市議員選舉,首次申報,1071018,個人捐贈收入,林財益,,15000.00,0.00,,金錢,,0910*****,
314,蔡淑君,107年直轄市議員選舉,首次申報,1071018,個人捐贈收入,張進在,F10*******,100000.00,0.00,,金錢,新北市林口區****,2609*****,
315,蔡淑君,107年直轄市議員選舉,首次申報,1071018,個人捐贈收入,謝秋香,F20*******,6000.00,0.00,,金錢,新北市林口區****,0920*****,
316,蔡淑君,107年直轄市議員選舉,首次申報,1071020,個人捐贈收入,王正弘,,200.00,0.00,,金錢,,0918*****,
317,蔡淑君,107年直轄市議員選舉,首次申報,1071020,匿名捐贈,蕭文生,,10000.00,0.00,,金錢,,,
318,蔡淑君,107年直轄市議員選舉,首次申報,1071020,個人捐贈收入,葉惟高,F12*******,200.00,0.00,,金錢,新北市林口區****,0928*****,
319,蔡淑君,107年直轄市議員選舉,首次申報,1071020,個人捐贈收入,陳毅生,H12*******,400.00,0.00,,金錢,新北市林口區****,0912*****,
320,蔡淑君,107年直轄市議員選舉,首次申報,1071020,個人捐贈收入,卓永裕,L10*******,60000.00,0.00,,金錢,臺中市梧棲區****,0928*****,
321,蔡淑君,107年直轄市議員選舉,首次申報,1071021,個人捐贈收入,沈通安,F10*******,20000.00,0.00,,金錢,桃園市楊梅區****,0926*****,
322,蔡淑君,107年直轄市議員選舉,首次申報,1071021,個人捐贈收入,葉垂昇,F12*******,10000.00,0.00,,金錢,新北市林口區****,0932*****,
323,蔡淑君,107年直轄市議員選舉,首次申報,1071021,個人捐贈收入,葉斯隆,F12*******,3600.00,0.00,,金錢,新北市林口區****,0910*****,
324,蔡淑君,107年直轄市議員選舉,首次申報,1071022,個人捐贈收入,邱俊智,F10*******,100000.00,0.00,,金錢,新北市林口區****,0910*****,
325,蔡淑君,107年直轄市議員選舉,首次申報,1071023,個人捐贈收入,陳毅生,H12*******,400.00,0.00,,金錢,新北市林口區****,0912*****,
326,蔡淑君,107年直轄市議員選舉,首次申報,1071024,匿名捐贈,匿名,,3000.00,0.00,,金錢,,,
327,蔡淑君,107年直轄市議員選舉,首次申報,1071024,個人捐贈收入,蔡炳爵,,2000.00,0.00,,非金錢,,2601*****,
328,蔡淑君,107年直轄市議員選舉,首次申報,1071024,個人捐贈收入,周士紘,F12*******,7000.00,0.00,,非金錢,新北市林口區****,0916*****,
329,蔡淑君,107年直轄市議員選舉,首次申報,1071025,匿名捐贈,郭美霞,,600.00,0.00,,金錢,,,
330,蔡淑君,107年直轄市議員選舉,首次申報,1071025,個人捐贈收入,吳浚瑀,C12*******,100000.00,0.00,,金錢,新北市林口區****,2601*****,
331,蔡淑君,107年直轄市議員選舉,首次申報,1071025,個人捐贈收入,徐秋棋,F10*******,100000.00,0.00,,金錢,新北市林口區****,0937*****,
332,蔡淑君,107年直轄市議員選舉,首次申報,1071025,個人捐贈收入,蔡子良,F12*******,50000.00,0.00,,金錢,新北市林口區****,2601*****,
333,蔡淑君,107年直轄市議員選舉,首次申報,1071025,個人捐贈收入,張秀琴,F20*******,100000.00,0.00,,金錢,新北市林口區****,2601*****,
334,蔡淑君,107年直轄市議員選舉,首次申報,1071026,營利事業捐贈收入,兆亮企業有限公司,86430839,20000.00,0.00,,金錢,新北市林口區****,2601*****,
335,蔡淑君,107年直轄市議員選舉,首次申報,1071026,個人捐贈收入,駱柏良,F12*******,80000.00,0.00,,金錢,新北市板橋區****,0920*****,
336,蔡淑君,107年直轄市議員選舉,首次申報,1071026,個人捐贈收入,許秋燕,G22*******,6000.00,0.00,,金錢,新北市林口區****,0932*****,
337,蔡淑君,107年直轄市議員選舉,首次申報,1071026,個人捐贈收入,高秀蘭,Y20*******,4200.00,0.00,,金錢,新北市林口區****,2601*****,
338,蔡淑君,107年直轄市議員選舉,首次申報,1071028,個人捐贈收入,黃月麗,F22*******,20000.00,0.00,,金錢,新北市林口區****,0935*****,
339,蔡淑君,107年直轄市議員選舉,首次申報,1071028,個人捐贈收入,成慰慈,H20*******,2000.00,0.00,,金錢,新北市林口區****,0937*****,
340,蔡淑君,107年直轄市議員選舉,首次申報,1071028,個人捐贈收入,胡炳雄,X12*******,200.00,0.00,,金錢,新北市林口區****,0910*****,
341,蔡淑君,107年直轄市議員選舉,首次申報,1071028,個人捐贈收入,陳志中,Y12*******,10000.00,0.00,,金錢,,0978*****,
342,蔡淑君,107年直轄市議員選舉,首次申報,1071030,營利事業捐贈收入,信創營造股份有限公司,96907376,100000.00,0.00,,金錢,臺北市中山區****,2277*****,
343,蔡淑君,107年直轄市議員選舉,首次申報,1071102,個人捐贈收入,黃種明,,6000.00,0.00,,金錢,新北市林口區****,2600*****,
344,蔡淑君,107年直轄市議員選舉,首次申報,1071102,個人捐贈收入,洪漢龍,F12*******,600.00,0.00,,金錢,新北市林口區****,0918*****,
345,蔡淑君,107年直轄市議員選舉,首次申報,1071103,個人捐贈收入,朱宜軒,,1800.00,0.00,,金錢,,0916*****,
346,蔡淑君,107年直轄市議員選舉,首次申報,1071103,營利事業捐贈收入,鋁祥發實業有限公司,97236050,100000.00,0.00,,金錢,新北市林口區****,2603*****,
347,蔡淑君,107年直轄市議員選舉,首次申報,1071103,個人捐贈收入,王慶寶,R12*******,10000.00,0.00,,金錢,新北市林口區****,0932*****,
348,蔡淑君,107年直轄市議員選舉,首次申報,1071103,個人捐贈收入,姚小喬,R20*******,20000.00,0.00,,金錢,新北市林口區****,0910*****,
349,蔡淑君,107年直轄市議員選舉,首次申報,1071104,個人捐贈收入,詹淳宇,H12*******,100000.00,0.00,,金錢,桃園市龜山區****,0988*****,
350,蔡淑君,107年直轄市議員選舉,首次申報,1071105,個人捐贈收入,曾文奇,F12*******,20000.00,0.00,,金錢,新北市新莊區****,0910*****,
351,蔡淑君,107年直轄市議員選舉,首次申報,1071105,個人捐贈收入,李建興,F12*******,20000.00,0.00,,金錢,新北市林口區****,0972*****,
352,蔡淑君,107年直轄市議員選舉,首次申報,1071105,個人捐贈收入,薛雅萍,F22*******,60000.00,0.00,,金錢,臺北市北投區****,0919*****,
353,蔡淑君,107年直轄市議員選舉,首次申報,1071108,人民團體捐贈收入,新北市牙醫師公會,,30000.00,0.00,,金錢,新北市板橋區****,8961*****,
354,蔡淑君,107年直轄市議員選舉,首次申報,1071108,營利事業捐贈收入,聲寶股份有限公司,03607500,1000000.00,0.00,,金錢,桃園市龜山區****,0339*****,
355,蔡淑君,107年直轄市議員選舉,首次申報,1071108,營利事業捐贈收入,翔準國際有限公司,54185004,200000.00,0.00,,金錢,桃園市蘆竹區****,0335*****,
356,蔡淑君,107年直轄市議員選舉,首次申報,1071108,營利事業捐贈收入,五泰房屋仲介有限公司,97337000,200000.00,0.00,,金錢,新北市泰山區****,8295*****,
357,蔡淑君,107年直轄市議員選舉,首次申報,1071108,個人捐贈收入,官明穎,A22*******,50000.00,0.00,,金錢,臺北市士林區****,0913*****,
358,蔡淑君,107年直轄市議員選舉,首次申報,1071108,個人捐贈收入,陳寶彩,L22*******,100000.00,0.00,,金錢,新北市五股區****,0932*****,
359,蔡淑君,107年直轄市議員選舉,首次申報,1071108,個人捐贈收入,李麗淑,N22*******,3000.00,0.00,,金錢,新北市林口區****,2608*****,
360,蔡淑君,107年直轄市議員選舉,首次申報,1071108,個人捐贈收入,趙唯伶,Q22*******,100000.00,0.00,,金錢,新北市五股區****,0932*****,
361,蔡淑君,107年直轄市議員選舉,首次申報,1071109,營利事業捐贈收入,宏昌磚廠股份有限公司,35564807,100000.00,0.00,,金錢,新北市林口區****,2601*****,
362,蔡淑君,107年直轄市議員選舉,首次申報,1071109,營利事業捐贈收入,立工工程有限公司,54314197,100000.00,0.00,,金錢,新北市三重區****,2978*****,
363,蔡淑君,107年直轄市議員選舉,首次申報,1071109,個人捐贈收入,林永崇,A12*******,2000.00,0.00,,金錢,新北市林口區****,0927*****,
364,蔡淑君,107年直轄市議員選舉,首次申報,1071109,個人捐贈收入,蔡秀文,F10*******,10000.00,0.00,,金錢,新北市林口區****,0910*****,
365,蔡淑君,107年直轄市議員選舉,首次申報,1071109,個人捐贈收入,黃柏峰,F12*******,100000.00,0.00,,金錢,新北市林口區****,2608*****,
366,蔡淑君,107年直轄市議員選舉,首次申報,1071109,個人捐贈收入,吳惠敏,F20*******,30000.00,0.00,,金錢,新北市新莊區****,0933*****,
367,蔡淑君,107年直轄市議員選舉,首次申報,1071109,個人捐贈收入,龍徐錦珠,K20*******,1200.00,0.00,,金錢,新北市林口區****,2601*****,
368,蔡淑君,107年直轄市議員選舉,首次申報,1071110,個人捐贈收入,諶曉嵐,F20*******,1200.00,0.00,,金錢,新北市林口區****,0932*****,
369,蔡淑君,107年直轄市議員選舉,首次申報,1071112,個人捐贈收入,葉詠如,,10000.00,0.00,,金錢,新北市林口區****,0935*****,
370,蔡淑君,107年直轄市議員選舉,首次申報,1071112,個人捐贈收入,周文章,F12*******,100000.00,0.00,,金錢,新北市林口區****,0916*****,
371,蔡淑君,107年直轄市議員選舉,首次申報,1071113,營利事業捐贈收入,長虹建設股份有限公司,04633597,200000.00,0.00,,金錢,臺北市中正區****,2395*****,
372,蔡淑君,107年直轄市議員選舉,首次申報,1071114,個人捐贈收入,魏金樹,A10*******,6000.00,0.00,,金錢,新北市林口區****,2341*****,
373,蔡淑君,107年直轄市議員選舉,首次申報,1071114,個人捐贈收入,葉時禹,A12*******,1200.00,0.00,,金錢,臺北市北投區****,0932*****,
374,蔡淑君,107年直轄市議員選舉,首次申報,1071114,個人捐贈收入,李政哲,F12*******,100000.00,0.00,,金錢,新北市五股區****,8295*****,
375,蔡淑君,107年直轄市議員選舉,首次申報,1071114,個人捐贈收入,許美雪,F22*******,20000.00,0.00,,金錢,新北市林口區****,0912*****,
376,蔡淑君,107年直轄市議員選舉,首次申報,1071114,個人捐贈收入,陳毅生,H12*******,400.00,0.00,,金錢,新北市林口區****,0912*****,
377,蔡淑君,107年直轄市議員選舉,首次申報,1071114,個人捐贈收入,陳素君,H22*******,100000.00,0.00,,金錢,新北市五股區****,8295*****,
378,蔡淑君,107年直轄市議員選舉,首次申報,1071114,個人捐贈收入,翁廷朝,J10*******,20000.00,0.00,,金錢,新北市林口區****,0952*****,
379,蔡淑君,107年直轄市議員選舉,首次申報,1071115,匿名捐贈,黃美澤,,2000.00,0.00,,金錢,,,
380,蔡淑君,107年直轄市議員選舉,首次申報,1071115,個人捐贈收入,李金進,,10000.00,0.00,,金錢,新北市林口區****,0953*****,
381,蔡淑君,107年直轄市議員選舉,首次申報,1071115,營利事業捐贈收入,森城建設股份有限公司,27102141,100000.00,0.00,,金錢,臺北市復興南****,2755*****,
382,蔡淑君,107年直轄市議員選舉,首次申報,1071115,個人捐贈收入,劉敏如,B22*******,30000.00,0.00,,金錢,新北市林口區****,0939*****,
383,蔡淑君,107年直轄市議員選舉,首次申報,1071116,個人捐贈收入,鄭進驛,,3000.00,0.00,,金錢,新北市八里區****,0910*****,
384,蔡淑君,107年直轄市議員選舉,首次申報,1071116,營利事業捐贈收入,成台股份有限公司,31276050,50000.00,0.00,,金錢,臺北市士林區****,2601*****,
385,蔡淑君,107年直轄市議員選舉,首次申報,1071116,營利事業捐贈收入,通德興業股份有限公司,35983055,50000.00,0.00,,金錢,新北市林口區****,2603*****,
386,蔡淑君,107年直轄市議員選舉,首次申報,1071116,個人捐贈收入,蔡文斌,F12*******,20000.00,0.00,,金錢,新北市林口區****,2601*****,
387,蔡淑君,107年直轄市議員選舉,首次申報,1071116,個人捐贈收入,林正傑,G12*******,600.00,0.00,,金錢,新北市新莊區****,0987*****,
388,蔡淑君,107年直轄市議員選舉,首次申報,1071117,個人捐贈收入,陳連興,F12*******,10000.00,0.00,,金錢,新北市林口區****,0952*****,
389,蔡淑君,107年直轄市議員選舉,首次申報,1071118,個人捐贈收入,張葉滿,,2000.00,0.00,,金錢,新北市林口區****,2601*****,
390,蔡淑君,107年直轄市議員選舉,首次申報,1071118,個人捐贈收入,王萬鈞,R12*******,6000.00,0.00,,金錢,新北市林口區****,0916*****,
391,蔡淑君,107年直轄市議員選舉,首次申報,1071119,匿名捐贈,周明達,,1000.00,0.00,,金錢,,,
392,蔡淑君,107年直轄市議員選舉,首次申報,1071119,匿名捐贈,蔡玉洞,,10000.00,0.00,,金錢,,,
393,蔡淑君,107年直轄市議員選舉,首次申報,1071119,個人捐贈收入,陳銘華,A12*******,200.00,0.00,,金錢,新北市林口區****,0939*****,
394,蔡淑君,107年直轄市議員選舉,首次申報,1071119,個人捐贈收入,周慧真,D22*******,200.00,0.00,,金錢,新北市林口區****,0983*****,
395,蔡淑君,107年直轄市議員選舉,首次申報,1071119,個人捐贈收入,鍾延文,F10*******,50000.00,0.00,,金錢,新北市林口區****,2601*****,
396,蔡淑君,107年直轄市議員選舉,首次申報,1071119,個人捐贈收入,蔡凱倫,H22*******,30000.00,0.00,,金錢,桃園市龜山區****,0928*****,
397,蔡淑君,107年直轄市議員選舉,首次申報,1071120,個人捐贈收入,葉玉鳳,,600.00,0.00,,金錢,,0939*****,
398,蔡淑君,107年直轄市議員選舉,首次申報,1071120,營利事業捐贈收入,怡興機械股份有限公司,35900098,50000.00,0.00,,金錢,新北市林口區****,2601*****,
399,蔡淑君,107年直轄市議員選舉,首次申報,1071120,個人捐贈收入,董邱水妹,K20*******,3000.00,0.00,,金錢,新北市林口區****,8601*****,
400,蔡淑君,107年直轄市議員選舉,首次申報,1071122,個人捐贈收入,劉志鵬,N12*******,60000.00,0.00,,金錢,彰化縣員林市****,0935*****,
