﻿序號,擬參選人／政黨,選舉名稱,申報序號／年度,交易日期,收支科目,捐贈者／支出對象,身分證／統一編號,收入金額,支出金額,捐贈方式,存入專戶日期,返還/繳庫,支出用途,金錢類,地址,聯絡電話,應揭露之支出對象,支出對象之內部人員姓名,支出對象之內部人員職稱,政黨之內部人員姓名,政黨之內部人員職稱,關係,更正註記,資料更正日期
1,黃珊珊,111年臺北市市長選舉,首次申報,1110829,雜支支出,內湖碧湖郵局(臺北149支),04143851,0.00,75.00,,,,劃撥存款手續費,金錢,臺北市內湖區****,2795*****,否,,,,,,,
2,黃珊珊,111年臺北市市長選舉,首次申報,1110830,雜支支出,內湖碧湖郵局(臺北149支),04143851,0.00,80.00,,,,劃撥存款手續費,金錢,臺北市內湖區****,2795*****,否,,,,,,,
3,黃珊珊,111年臺北市市長選舉,首次申報,1110831,雜支支出,內湖碧湖郵局(臺北149支),04143851,0.00,55.00,,,,劃撥存款手續費,金錢,臺北市內湖區****,2795*****,否,,,,,,,
4,黃珊珊,111年臺北市市長選舉,首次申報,1110901,雜支支出,內湖碧湖郵局(臺北149支),04143851,0.00,120.00,,,,劃撥存款手續費,金錢,臺北市內湖區****,2795*****,否,,,,,,,
5,黃珊珊,111年臺北市市長選舉,首次申報,1110901,租用競選辦事處支出,李萬金,F10*******,0.00,1365344.00,,,,租用競選辦事處費用,金錢,臺北市大安區****,2711*****,否,,,,,,,
6,黃珊珊,111年臺北市市長選舉,首次申報,1110902,雜支支出,內湖碧湖郵局(臺北149支),04143851,0.00,120.00,,,,劃撥存款手續費,金錢,臺北市內湖區****,2795*****,否,,,,,,,
7,黃珊珊,111年臺北市市長選舉,首次申報,1110902,雜支支出,應援科技股份有限公司,83763685,0.00,18.00,,,,應援科技金流手續費,金錢,臺北市內湖區****,2627*****,否,,,,,,,
8,黃珊珊,111年臺北市市長選舉,首次申報,1110905,雜支支出,內湖碧湖郵局(臺北149支),04143851,0.00,40.00,,,,劃撥存款手續費,金錢,臺北市內湖區****,2795*****,否,,,,,,,
9,黃珊珊,111年臺北市市長選舉,首次申報,1110905,租用競選辦事處支出,艾德莉精品家具行,81656169,0.00,175758.00,,,,裝潢競選辦事處費用+匯費$,金錢,臺北市內湖區****,2790*****,否,,,,,,,
10,黃珊珊,111年臺北市市長選舉,首次申報,1110905,租用競選辦事處支出,尚立資訊有限公司,83465356,0.00,384960.00,,,,總部弱電工程費用+匯費$,金錢,臺北市松山區****,0289*****,否,,,,,,,
11,黃珊珊,111年臺北市市長選舉,首次申報,1110906,雜支支出,內湖碧湖郵局(臺北149支),04143851,0.00,30.00,,,,劃撥存款手續費,金錢,臺北市內湖區****,2795*****,否,,,,,,,
12,黃珊珊,111年臺北市市長選舉,首次申報,1110908,雜支支出,應援科技股份有限公司,83763685,0.00,46935.00,,,,應援科技金流手續費,金錢,臺北市內湖區****,2627*****,否,,,,,,,
13,黃珊珊,111年臺北市市長選舉,首次申報,1110912,雜支支出,內湖碧湖郵局(臺北149支),04143851,0.00,40.00,,,,劃撥存款手續費,金錢,臺北市內湖區****,2795*****,否,,,,,,,
14,黃珊珊,111年臺北市市長選舉,首次申報,1110913,雜支支出,內湖碧湖郵局(臺北149支),04143851,0.00,40.00,,,,劃撥存款手續費,金錢,臺北市內湖區****,2795*****,否,,,,,,,
15,黃珊珊,111年臺北市市長選舉,首次申報,1110913,雜支支出,應援科技股份有限公司,83763685,0.00,2486.00,,,,應援科技金流手續費,金錢,臺北市內湖區****,2627*****,否,,,,,,,
16,黃珊珊,111年臺北市市長選舉,首次申報,1110914,雜支支出,內湖碧湖郵局(臺北149支),04143851,0.00,200.00,,,,劃撥存款手續費,金錢,臺北市內湖區****,2795*****,否,,,,,,,
17,黃珊珊,111年臺北市市長選舉,首次申報,1110914,宣傳支出,青鳥文化制作有限公司,52204188,0.00,126030.00,,,,刊物編輯設計費用+匯費$,金錢,臺北市信義區****,8768*****,否,,,,,,,
18,黃珊珊,111年臺北市市長選舉,首次申報,1110914,人事費用支出,張怡文,Y22*******,0.00,200030.00,,,,採訪、稿件撰寫等費用+匯費$,金錢,臺北市士林區****,,否,,,,,,,
19,黃珊珊,111年臺北市市長選舉,首次申報,1110915,雜支支出,內湖碧湖郵局(臺北149支),04143851,0.00,40.00,,,,劃撥存款手續費,金錢,臺北市內湖區****,2795*****,否,,,,,,,
20,黃珊珊,111年臺北市市長選舉,首次申報,1110916,雜支支出,內湖碧湖郵局(臺北149支),04143851,0.00,880.00,,,,劃撥存款手續費,金錢,臺北市內湖區****,2795*****,否,,,,,,,
21,黃珊珊,111年臺北市市長選舉,首次申報,1110916,雜支支出,應援科技股份有限公司,83763685,0.00,27725.00,,,,應援科技金流手續費,金錢,臺北市內湖區****,2627*****,否,,,,,,,
22,黃珊珊,111年臺北市市長選舉,首次申報,1110919,雜支支出,內湖碧湖郵局(臺北149支),04143851,0.00,40.00,,,,劃撥存款手續費,金錢,臺北市內湖區****,2795*****,否,,,,,,,
23,黃珊珊,111年臺北市市長選舉,首次申報,1110920,雜支支出,內湖碧湖郵局(臺北149支),04143851,0.00,215.00,,,,劃撥存款手續費,金錢,臺北市內湖區****,2795*****,否,,,,,,,
24,黃珊珊,111年臺北市市長選舉,首次申報,1110920,雜支支出,應援科技股份有限公司,83763685,0.00,4529.00,,,,應援科技金流手續費,金錢,臺北市內湖區****,2627*****,否,,,,,,,
25,黃珊珊,111年臺北市市長選舉,首次申報,1110921,雜支支出,內湖碧湖郵局(臺北149支),04143851,0.00,360.00,,,,劃撥存款手續費,金錢,臺北市內湖區****,2795*****,否,,,,,,,
26,黃珊珊,111年臺北市市長選舉,首次申報,1110922,雜支支出,內湖碧湖郵局(臺北149支),04143851,0.00,100.00,,,,劃撥存款手續費,金錢,臺北市內湖區****,2795*****,否,,,,,,,
27,黃珊珊,111年臺北市市長選舉,首次申報,1110923,雜支支出,內湖碧湖郵局(臺北149支),04143851,0.00,255.00,,,,劃撥存款手續費,金錢,臺北市內湖區****,2795*****,否,,,,,,,
28,黃珊珊,111年臺北市市長選舉,首次申報,1110923,雜支支出,應援科技股份有限公司,83763685,0.00,6406.00,,,,應援科技金流手續費,金錢,臺北市內湖區****,2627*****,否,,,,,,,
29,黃珊珊,111年臺北市市長選舉,首次申報,1110926,雜支支出,內湖碧湖郵局(臺北149支),04143851,0.00,460.00,,,,劃撥存款手續費,金錢,臺北市內湖區****,2795*****,否,,,,,,,
30,黃珊珊,111年臺北市市長選舉,首次申報,1110927,雜支支出,內湖碧湖郵局(臺北149支),04143851,0.00,20.00,,,,劃撥存款手續費,金錢,臺北市內湖區****,2795*****,否,,,,,,,
31,黃珊珊,111年臺北市市長選舉,首次申報,1110927,宣傳支出,神采時尚事業股份有限公司,27592626,0.00,3947070.00,,,,製作競選物品費用(品項：鋼印圓領T、鋼印POLO衫、防疫外套、防風外套)+匯費$(分兩次匯款),金錢,新北市新莊區****,0285*****,否,,,,,,,
32,黃珊珊,111年臺北市市長選舉,首次申報,1110927,宣傳支出,康田奎克有限公司,82959964,0.00,1690530.00,,,,新聞專案合作及網站規劃製作費用+匯費$,金錢,臺北市松山區****,,否,,,,,,,
33,黃珊珊,111年臺北市市長選舉,首次申報,1110927,雜支支出,應援科技股份有限公司,83763685,0.00,14703.00,,,,應援科技金流手續費,金錢,臺北市內湖區****,2627*****,否,,,,,,,
34,黃珊珊,111年臺北市市長選舉,首次申報,1110927,宣傳支出,震傳媒股份有限公司,85127079,0.00,525030.00,,,,廣告費+匯費$,金錢,臺北市內湖區****,0287*****,否,,,,,,,
35,黃珊珊,111年臺北市市長選舉,首次申報,1110927,人事費用支出,陳宗佑,A12*******,0.00,32000.00,,,,訪談、撰稿處理費用,金錢,臺北市士林區****,,否,,,,,,,
36,黃珊珊,111年臺北市市長選舉,首次申報,1110928,雜支支出,內湖碧湖郵局(臺北149支),04143851,0.00,95.00,,,,劃撥存款手續費,金錢,臺北市內湖區****,2795*****,否,,,,,,,
37,黃珊珊,111年臺北市市長選舉,首次申報,1110929,雜支支出,內湖碧湖郵局(臺北149支),04143851,0.00,225.00,,,,劃撥存款手續費,金錢,臺北市內湖區****,2795*****,否,,,,,,,
38,黃珊珊,111年臺北市市長選舉,首次申報,1110929,雜支支出,內湖碧湖郵局(臺北149支),04143851,0.00,320.00,,,,補入手續費轉帳提款,金錢,臺北市內湖區****,2795*****,否,,,,,,,
39,黃珊珊,111年臺北市市長選舉,首次申報,1110930,雜支支出,內湖碧湖郵局(臺北149支),04143851,0.00,80.00,,,,劃撥存款手續費,金錢,臺北市內湖區****,2795*****,否,,,,,,,
40,黃珊珊,111年臺北市市長選舉,首次申報,1110930,雜支支出,應援科技股份有限公司,83763685,0.00,5680.00,,,,應援科技金流手續費,金錢,臺北市內湖區****,2627*****,否,,,,,,,
41,黃珊珊,111年臺北市市長選舉,首次申報,1111003,雜支支出,內湖碧湖郵局(臺北149支),04143851,0.00,80.00,,,,劃撥存款手續費,金錢,臺北市內湖區****,2795*****,否,,,,,,,
42,黃珊珊,111年臺北市市長選舉,首次申報,1111004,雜支支出,內湖碧湖郵局(臺北149支),04143851,0.00,230.00,,,,劃撥存款手續費,金錢,臺北市內湖區****,2795*****,否,,,,,,,
43,黃珊珊,111年臺北市市長選舉,首次申報,1111004,雜支支出,應援科技股份有限公司,83763685,0.00,11382.00,,,,應援科技金流手續費,金錢,臺北市內湖區****,2627*****,否,,,,,,,
44,黃珊珊,111年臺北市市長選舉,首次申報,1111005,雜支支出,內湖碧湖郵局(臺北149支),04143851,0.00,80.00,,,,劃撥存款及票據存款手續費,金錢,臺北市內湖區****,2795*****,否,,,,,,,
45,黃珊珊,111年臺北市市長選舉,首次申報,1111006,雜支支出,內湖碧湖郵局(臺北149支),04143851,0.00,255.00,,,,劃撥存款手續費,金錢,臺北市內湖區****,2795*****,否,,,,,,,
46,黃珊珊,111年臺北市市長選舉,首次申報,1111007,返還捐贈支出,財團法人梅花基金會,,0.00,100000.00,,,,返還,金錢,桃園市中壢區****,,否,,,,,,,
47,黃珊珊,111年臺北市市長選舉,首次申報,1111007,返還捐贈支出,台灣創新產業策進協會,,0.00,830000.00,,,,返還,金錢,臺北市大安區****,,否,,,,,,,
48,黃珊珊,111年臺北市市長選舉,首次申報,1111007,雜支支出,內湖碧湖郵局(臺北149支),04143851,0.00,60.00,,,,劃撥存款手續費,金錢,臺北市內湖區****,2795*****,否,,,,,,,
49,黃珊珊,111年臺北市市長選舉,首次申報,1111007,宣傳支出,中國電視事業股份有限公司,18556774,0.00,750030.00,,,,中視黃金周造勢前款+匯費$,金錢,臺北市南港區****,,否,,,,,,,
50,黃珊珊,111年臺北市市長選舉,首次申報,1111007,宣傳支出,環球七福廣告有限公司,22456025,0.00,787530.00,,,,競選廣告費用+匯費$,金錢,臺北市松山區****,0225*****,否,,,,,,,
51,黃珊珊,111年臺北市市長選舉,首次申報,1111007,宣傳支出,台灣摩菲爾國際股份有限公司,24312453,0.00,1443780.00,,,,媒體廣告費用+匯費$,金錢,臺北市中正區****,2351*****,否,,,,,,,
52,黃珊珊,111年臺北市市長選舉,首次申報,1111007,宣傳支出,泰呈國際有限公司,47084819,0.00,134325.00,,,,招牌廣告費用+匯費$,金錢,新北市蘆洲區****,0222*****,否,,,,,,,
53,黃珊珊,111年臺北市市長選舉,首次申報,1111007,返還捐贈支出,久升音藝科技有限公司,52923005,0.00,20000.00,,,,返還,金錢,臺北市內湖區****,,否,,,,,,,
54,黃珊珊,111年臺北市市長選舉,首次申報,1111007,雜支支出,應援科技股份有限公司,83763685,0.00,4411.00,,,,應援科技金流手續費,金錢,臺北市內湖區****,2627*****,否,,,,,,,
55,黃珊珊,111年臺北市市長選舉,首次申報,1111007,宣傳支出,東森電視事業股份有限公司,86121480,0.00,525030.00,,,,台灣啟示錄特別節目製作費用+匯費$,金錢,臺北市中正區****,,否,,,,,,,
56,黃珊珊,111年臺北市市長選舉,首次申報,1111007,宣傳支出,社團法人台灣人間魚詩社文創協會,88132821,0.00,300030.00,,,,人間魚詩生活誌V.(黃珊珊版)費用+匯費$,金錢,臺北市大安區****,0227*****,否,,,,,,,
57,黃珊珊,111年臺北市市長選舉,首次申報,1111007,人事費用支出,翁國航,A12*******,0.00,44613.00,,,,工資或薪津(月份),金錢,臺北市信義區****,,否,,,,,,,
58,黃珊珊,111年臺北市市長選舉,首次申報,1111007,人事費用支出,周家宏,A12*******,0.00,48000.00,,,,工資或薪津(月份),金錢,臺北市文山區****,,否,,,,,,,
59,黃珊珊,111年臺北市市長選舉,首次申報,1111007,人事費用支出,陳義杰,A12*******,0.00,45000.00,,,,工資或薪津(月份),金錢,臺北市大同區****,,否,,,,,,,
60,黃珊珊,111年臺北市市長選舉,首次申報,1111007,人事費用支出,陳重銘,A12*******,0.00,40000.00,,,,工資或薪津(月份),金錢,新北市三重區****,,否,,,,,,,
61,黃珊珊,111年臺北市市長選舉,首次申報,1111007,人事費用支出,吳東翰,A13*******,0.00,5050.00,,,,工資或薪津(月份),金錢,臺北市北投區****,,否,,,,,,,
62,黃珊珊,111年臺北市市長選舉,首次申報,1111007,人事費用支出,馬千涵,A22*******,0.00,61218.00,,,,工資或薪津(月份),金錢,臺北市大安區****,,否,,,,,,,
63,黃珊珊,111年臺北市市長選舉,首次申報,1111007,人事費用支出,劉嘉琪,A22*******,0.00,50000.00,,,,工資或薪津(月份),金錢,臺北市萬華區****,,否,,,,,,,
64,黃珊珊,111年臺北市市長選舉,首次申報,1111007,人事費用支出,朱騏君,A22*******,0.00,30000.00,,,,工資或薪津(月份),金錢,臺北市文山區****,,否,,,,,,,
65,黃珊珊,111年臺北市市長選舉,首次申報,1111007,人事費用支出,黃郁庭,B22*******,0.00,33417.00,,,,工資或薪津(月份),金錢,臺北市內湖區****,,否,,,,,,,
66,黃珊珊,111年臺北市市長選舉,首次申報,1111007,人事費用支出,黃柏尹,E12*******,0.00,48000.00,,,,工資或薪津(月份),金錢,高雄市楠梓區****,,否,,,,,,,
67,黃珊珊,111年臺北市市長選舉,首次申報,1111007,人事費用支出,張煥霖,F12*******,0.00,48000.00,,,,工資或薪津(月份),金錢,臺北市內湖區****,,否,,,,,,,
68,黃珊珊,111年臺北市市長選舉,首次申報,1111007,人事費用支出,蘇竹玲,F22*******,0.00,52000.00,,,,工資或薪津(月份),金錢,新北市淡水區****,,否,,,,,,,
69,黃珊珊,111年臺北市市長選舉,首次申報,1111007,人事費用支出,張鈞凱,G12*******,0.00,48000.00,,,,工資或薪津(月份),金錢,臺北市大同區****,,否,,,,,,,
70,黃珊珊,111年臺北市市長選舉,首次申報,1111007,人事費用支出,黃宗毅,H12*******,0.00,30000.00,,,,工資或薪津(月份),金錢,臺北市內湖區****,,否,,,,,,,
71,黃珊珊,111年臺北市市長選舉,首次申報,1111007,人事費用支出,劉于瑄,J22*******,0.00,21000.00,,,,工資或薪津(月份),金錢,新竹縣竹北市****,,否,,,,,,,
72,黃珊珊,111年臺北市市長選舉,首次申報,1111011,雜支支出,內湖碧湖郵局(臺北149支),04143851,0.00,335.00,,,,劃撥存款手續費,金錢,臺北市內湖區****,2795*****,否,,,,,,,
73,黃珊珊,111年臺北市市長選舉,首次申報,1111011,雜支支出,應援科技股份有限公司,83763685,0.00,10659.00,,,,應援科技金流手續費,金錢,臺北市內湖區****,2627*****,否,,,,,,,
74,黃珊珊,111年臺北市市長選舉,首次申報,1111012,雜支支出,內湖碧湖郵局(臺北149支),04143851,0.00,20.00,,,,劃撥存款手續費,金錢,臺北市內湖區****,2795*****,否,,,,,,,
75,黃珊珊,111年臺北市市長選舉,首次申報,1111013,雜支支出,內湖碧湖郵局(臺北149支),04143851,0.00,270.00,,,,劃撥存款及票據存款手續費,金錢,臺北市內湖區****,2795*****,否,,,,,,,
76,黃珊珊,111年臺北市市長選舉,首次申報,1111014,雜支支出,內湖碧湖郵局(臺北149支),04143851,0.00,40.00,,,,劃撥存款手續費,金錢,臺北市內湖區****,2795*****,否,,,,,,,
77,黃珊珊,111年臺北市市長選舉,首次申報,1111014,宣傳支出,環球七福廣告有限公司,22456025,0.00,787530.00,,,,競選廣告費用+匯費$,金錢,臺北市松山區****,0225*****,否,,,,,,,
78,黃珊珊,111年臺北市市長選舉,首次申報,1111014,宣傳支出,趨勢民意調查股份有限公司,53121236,0.00,300030.00,,,,市場調查第一次費用+匯費$,金錢,臺北市信義區****,0227*****,否,,,,,,,
79,黃珊珊,111年臺北市市長選舉,首次申報,1111014,雜支支出,應援科技股份有限公司,83763685,0.00,5816.00,,,,應援科技金流手續費,金錢,臺北市內湖區****,2627*****,否,,,,,,,
80,黃珊珊,111年臺北市市長選舉,首次申報,1111014,宣傳支出,冠達布業有限公司,96935788,0.00,199030.00,,,,製作競選物品(口罩)費用(現金支付$+匯款$+匯費$),金錢,新北市三重區****,8985*****,否,,,,,,,
81,黃珊珊,111年臺北市市長選舉,首次申報,1111014,返還捐贈支出,林佳模,N12*******,0.00,233.00,,,,返還,金錢,彰化縣北斗鎮****,,否,,,,,,,
82,黃珊珊,111年臺北市市長選舉,首次申報,1111017,雜支支出,內湖碧湖郵局(臺北149支),04143851,0.00,300.00,,,,劃撥存款手續費,金錢,臺北市內湖區****,2795*****,否,,,,,,,
83,黃珊珊,111年臺北市市長選舉,首次申報,1111018,雜支支出,內湖碧湖郵局(臺北149支),04143851,0.00,95.00,,,,劃撥存款及票據存款手續費,金錢,臺北市內湖區****,2795*****,否,,,,,,,
84,黃珊珊,111年臺北市市長選舉,首次申報,1111018,雜支支出,應援科技股份有限公司,83763685,0.00,14494.00,,,,應援科技金流手續費,金錢,臺北市內湖區****,2627*****,否,,,,,,,
85,黃珊珊,111年臺北市市長選舉,首次申報,1111020,雜支支出,內湖碧湖郵局(臺北149支),04143851,0.00,80.00,,,,劃撥存款及票據存款手續費,金錢,臺北市內湖區****,2795*****,否,,,,,,,
86,黃珊珊,111年臺北市市長選舉,首次申報,1111020,宣傳支出,政統印刷事業有限公司,22872423,0.00,181470.00,,,,製作競選物品(黃珊珊政策白皮書-/-/-)費用+匯費$,金錢,臺北市松山區****,8773*****,否,,,,,,,
87,黃珊珊,111年臺北市市長選舉,首次申報,1111020,租用競選辦事處支出,尚立資訊有限公司,83465356,0.00,442815.00,,,,總部CALL CENTER工程及水塔工程費用+匯費$,金錢,臺北市松山區****,0289*****,否,,,,,,,
88,黃珊珊,111年臺北市市長選舉,首次申報,1111021,雜支支出,內湖碧湖郵局(臺北149支),04143851,0.00,40.00,,,,劃撥存款手續費,金錢,臺北市內湖區****,2795*****,否,,,,,,,
89,黃珊珊,111年臺北市市長選舉,首次申報,1111021,雜支支出,應援科技股份有限公司,83763685,0.00,3850.00,,,,應援科技金流手續費,金錢,臺北市內湖區****,2627*****,否,,,,,,,
90,黃珊珊,111年臺北市市長選舉,首次申報,1111024,雜支支出,內湖碧湖郵局(臺北149支),04143851,0.00,20.00,,,,劃撥存款手續費,金錢,臺北市內湖區****,2795*****,否,,,,,,,
91,黃珊珊,111年臺北市市長選舉,首次申報,1111025,雜支支出,內湖碧湖郵局(臺北149支),04143851,0.00,775.00,,,,劃撥存款手續費,金錢,臺北市內湖區****,2795*****,否,,,,,,,
92,黃珊珊,111年臺北市市長選舉,首次申報,1111025,雜支支出,應援科技股份有限公司,83763685,0.00,3688.00,,,,應援科技金流手續費,金錢,臺北市內湖區****,2627*****,否,,,,,,,
93,黃珊珊,111年臺北市市長選舉,首次申報,1111026,宣傳支出,中國時報文化事業股份有限公司,03798509,0.00,1500030.00,,,,廣告費+匯費$,金錢,臺北市萬華區****,,否,,,,,,,
94,黃珊珊,111年臺北市市長選舉,首次申報,1111026,雜支支出,內湖碧湖郵局(臺北149支),04143851,0.00,140.00,,,,劃撥存款手續費,金錢,臺北市內湖區****,2795*****,否,,,,,,,
95,黃珊珊,111年臺北市市長選舉,首次申報,1111026,宣傳支出,東森新媒體控股股份有限公司,24328949,0.00,1575030.00,,,,廣告(候選合作)費用+匯費$,金錢,臺北市大安區****,0255*****,否,,,,,,,
96,黃珊珊,111年臺北市市長選舉,首次申報,1111026,宣傳支出,東森新媒體控股股份有限公司,24328949,0.00,749760.00,,,,媒體廣告費用+匯費$(分兩次匯款),金錢,臺北市大安區****,0255*****,否,,,,,,,
97,黃珊珊,111年臺北市市長選舉,首次申報,1111026,宣傳支出,國風傳媒有限公司,54340511,0.00,300030.00,,,,臺北市(黃珊珊)競選總部宣傳+匯費$,金錢,臺北市內湖區****,,否,,,,,,,
98,黃珊珊,111年臺北市市長選舉,首次申報,1111026,宣傳支出,尼奧創意行銷有限公司,80198686,0.00,4960060.00,,,,委託辦理研究、評估、調查、設計或規劃費用+匯費$,金錢,臺北市內湖區****,2791*****,否,,,,,,,
99,黃珊珊,111年臺北市市長選舉,首次申報,1111026,宣傳支出,台城衛生醫材有限公司,83076125,0.00,551280.00,,,,製作競選物品(口罩)費用+匯費$,金錢,新北市樹林區****,0226*****,否,,,,,,,
100,黃珊珊,111年臺北市市長選舉,首次申報,1111026,宣傳支出,應援科技股份有限公司,83763685,0.00,74371.00,,,,應援小物月份物流費$+平台月租費$+匯費$,金錢,臺北市內湖區****,2627*****,否,,,,,,,
101,黃珊珊,111年臺北市市長選舉,首次申報,1111027,雜支支出,內湖碧湖郵局(臺北149支),04143851,0.00,95.00,,,,劃撥存款手續費,金錢,臺北市內湖區****,2795*****,否,,,,,,,
102,黃珊珊,111年臺北市市長選舉,首次申報,1111027,返還捐贈支出,同越食品有限公司,24331450,0.00,10000.00,,,,返還,金錢,臺北市中山區****,,否,,,,,,,
103,黃珊珊,111年臺北市市長選舉,首次申報,1111027,返還捐贈支出,小澂寶有限公司,54642277,0.00,50000.00,,,,返還,金錢,臺北市大安區****,,否,,,,,,,
104,黃珊珊,111年臺北市市長選舉,首次申報,1111027,返還捐贈支出,米匠有限公司,82883466,0.00,10000.00,,,,返還,金錢,臺北市中山區****,,否,,,,,,,
105,黃珊珊,111年臺北市市長選舉,首次申報,1111027,宣傳支出,東森電視事業股份有限公司,86121480,0.00,1365030.00,,,,東森網路直播製作費用(/+/)+匯費$,金錢,臺北市中正區****,,否,,,,,,,
106,黃珊珊,111年臺北市市長選舉,首次申報,1111027,返還捐贈支出,宏明建設股份有限公司,90805366,0.00,100000.00,,,,返還,金錢,臺北市內湖區****,,否,,,,,,,
107,黃珊珊,111年臺北市市長選舉,首次申報,1111028,雜支支出,內湖碧湖郵局(臺北149支),04143851,0.00,40.00,,,,票據存款手續費,金錢,臺北市內湖區****,2795*****,否,,,,,,,
108,黃珊珊,111年臺北市市長選舉,首次申報,1111028,雜支支出,應援科技股份有限公司,83763685,0.00,2732.00,,,,應援科技金流手續費,金錢,臺北市內湖區****,2627*****,否,,,,,,,
109,黃珊珊,111年臺北市市長選舉,首次申報,1111031,雜支支出,內湖碧湖郵局(臺北149支),04143851,0.00,60.00,,,,劃撥存款手續費,金錢,臺北市內湖區****,2795*****,否,,,,,,,
110,黃珊珊,111年臺北市市長選舉,首次申報,1111101,雜支支出,內湖碧湖郵局(臺北149支),04143851,0.00,495.00,,,,劃撥存款手續費,金錢,臺北市內湖區****,2795*****,否,,,,,,,
111,黃珊珊,111年臺北市市長選舉,首次申報,1111101,宣傳支出,年代網際事業股份有限公司,05091991,0.00,1260030.00,,,,年代選前之夜+匯費$,金錢,臺北市內湖區****,,否,,,,,,,
112,黃珊珊,111年臺北市市長選舉,首次申報,1111101,宣傳支出,中國電視事業股份有限公司,18556774,0.00,750030.00,,,,中視黃金周造勢尾款+匯費$,金錢,臺北市南港區****,,否,,,,,,,
113,黃珊珊,111年臺北市市長選舉,首次申報,1111101,宣傳支出,欣工場多媒體有限公司,25120501,0.00,44130.00,,,,/手舉牌(大圖輸出)費用+匯費$,金錢,臺北市中山區****,,否,,,,,,,
114,黃珊珊,111年臺北市市長選舉,首次申報,1111101,雜支支出,應援科技股份有限公司,83763685,0.00,6171.00,,,,應援科技金流手續費,金錢,臺北市內湖區****,2627*****,否,,,,,,,
115,黃珊珊,111年臺北市市長選舉,首次申報,1111101,宣傳支出,聯利媒體股份有限公司,84305300,0.00,2100040.00,,,,TVBS /黃金周造勢+匯費$,金錢,臺北市內湖區****,,否,,,,,,,
116,黃珊珊,111年臺北市市長選舉,首次申報,1111101,宣傳支出,震傳媒股份有限公司,85127079,0.00,525030.00,,,,廣告費+匯費$,金錢,臺北市內湖區****,0287*****,否,,,,,,,
117,黃珊珊,111年臺北市市長選舉,首次申報,1111101,人事費用支出,陳義杰,A12*******,0.00,45000.00,,,,工資或薪津(月份),金錢,臺北市大同區****,,否,,,,,,,
118,黃珊珊,111年臺北市市長選舉,首次申報,1111101,人事費用支出,陳重銘,A12*******,0.00,40000.00,,,,工資或薪津(月份),金錢,新北市三重區****,,否,,,,,,,
119,黃珊珊,111年臺北市市長選舉,首次申報,1111101,人事費用支出,黃柏維,A12*******,0.00,70000.00,,,,工資或薪津(月份),金錢,臺北市內湖區****,,否,,,,,,,
120,黃珊珊,111年臺北市市長選舉,首次申報,1111101,人事費用支出,翁國航,A12*******,0.00,46151.00,,,,工資或薪津(月份),金錢,臺北市信義區****,,否,,,,,,,
121,黃珊珊,111年臺北市市長選舉,首次申報,1111101,人事費用支出,王國全,A12*******,0.00,28125.00,,,,工資或薪津(月份),金錢,臺北市大安區****,,否,,,,,,,
122,黃珊珊,111年臺北市市長選舉,首次申報,1111101,人事費用支出,吳東翰,A13*******,0.00,25250.00,,,,工資或薪津(月份),金錢,臺北市北投區****,,否,,,,,,,
123,黃珊珊,111年臺北市市長選舉,首次申報,1111101,人事費用支出,薛靖縈,A22*******,0.00,30000.00,,,,工資或薪津(月份),金錢,臺北市大同區****,,否,,,,,,,
124,黃珊珊,111年臺北市市長選舉,首次申報,1111101,人事費用支出,馬千涵,A22*******,0.00,61218.00,,,,工資或薪津(月份),金錢,臺北市大安區****,,否,,,,,,,
125,黃珊珊,111年臺北市市長選舉,首次申報,1111101,人事費用支出,李昀臻,A22*******,0.00,100000.00,,,,工資或薪津(月份),金錢,臺北市南港區****,,否,,,,,,,
126,黃珊珊,111年臺北市市長選舉,首次申報,1111101,人事費用支出,黃郁庭,B22*******,0.00,34569.00,,,,工資或薪津(月份),金錢,臺北市內湖區****,,否,,,,,,,
127,黃珊珊,111年臺北市市長選舉,首次申報,1111101,人事費用支出,黃柏尹,E12*******,0.00,48000.00,,,,工資或薪津(月份),金錢,高雄市楠梓區****,,否,,,,,,,
128,黃珊珊,111年臺北市市長選舉,首次申報,1111101,人事費用支出,李佩珊,E22*******,0.00,50842.00,,,,工資或薪津(月份),金錢,臺北市內湖區****,,否,,,,,,,
129,黃珊珊,111年臺北市市長選舉,首次申報,1111101,人事費用支出,張煥霖,F12*******,0.00,48000.00,,,,工資或薪津(月份),金錢,臺北市內湖區****,,否,,,,,,,
130,黃珊珊,111年臺北市市長選舉,首次申報,1111101,人事費用支出,張鈞凱,G12*******,0.00,48000.00,,,,工資或薪津(月份),金錢,臺北市大同區****,,否,,,,,,,
131,黃珊珊,111年臺北市市長選舉,首次申報,1111101,人事費用支出,黃宗毅,H12*******,0.00,30000.00,,,,工資或薪津(月份),金錢,臺北市內湖區****,,否,,,,,,,
132,黃珊珊,111年臺北市市長選舉,首次申報,1111101,人事費用支出,劉于瑄,J22*******,0.00,35000.00,,,,工資或薪津(月份),金錢,新竹縣竹北市****,,否,,,,,,,
133,黃珊珊,111年臺北市市長選舉,首次申報,1111101,人事費用支出,李佳妍,M22*******,0.00,58858.00,,,,工資或薪津(月份),金錢,新北市林口區****,,否,,,,,,,
134,黃珊珊,111年臺北市市長選舉,首次申報,1111102,雜支支出,內湖碧湖郵局(臺北149支),04143851,0.00,15.00,,,,劃撥存款手續費,金錢,臺北市內湖區****,2795*****,否,,,,,,,
135,黃珊珊,111年臺北市市長選舉,首次申報,1111103,雜支支出,內湖碧湖郵局(臺北149支),04143851,0.00,40.00,,,,劃撥存款手續費,金錢,臺北市內湖區****,2795*****,否,,,,,,,
136,黃珊珊,111年臺北市市長選舉,首次申報,1111104,雜支支出,內湖碧湖郵局(臺北149支),04143851,0.00,725.00,,,,劃撥存款手續費,金錢,臺北市內湖區****,2795*****,否,,,,,,,
137,黃珊珊,111年臺北市市長選舉,首次申報,1111104,雜支支出,應援科技股份有限公司,83763685,0.00,11795.00,,,,應援科技金流手續費,金錢,臺北市內湖區****,2627*****,否,,,,,,,
138,黃珊珊,111年臺北市市長選舉,首次申報,1111107,雜支支出,內湖碧湖郵局(臺北149支),04143851,0.00,20.00,,,,劃撥存款手續費,金錢,臺北市內湖區****,2795*****,否,,,,,,,
139,黃珊珊,111年臺北市市長選舉,首次申報,1111107,返還捐贈支出,健英實業股份有限公司,12132174,0.00,50000.00,,,,返還,金錢,臺北市松山區****,,否,,,,,,,
140,黃珊珊,111年臺北市市長選舉,首次申報,1111107,返還捐贈支出,維德國際開發有限公司,12651935,0.00,2000.00,,,,返還,金錢,臺北市信義區****,,否,,,,,,,
141,黃珊珊,111年臺北市市長選舉,首次申報,1111107,返還捐贈支出,奕均工業有限公司,24319195,0.00,100000.00,,,,返還,金錢,臺北市內湖區****,,否,,,,,,,
142,黃珊珊,111年臺北市市長選舉,首次申報,1111107,返還捐贈支出,曜群生醫國際有限公司,24562331,0.00,60000.00,,,,返還,非金錢,臺北市信義區****,,否,,,,,,,
143,黃珊珊,111年臺北市市長選舉,首次申報,1111107,返還捐贈支出,明義科技有限公司,24775284,0.00,100000.00,,,,返還,金錢,臺北市內湖區****,,否,,,,,,,
144,黃珊珊,111年臺北市市長選舉,首次申報,1111107,返還捐贈支出,台灣波動實業股份有限公司,25020094,0.00,50000.00,,,,返還,金錢,臺北市松山區****,,否,,,,,,,
145,黃珊珊,111年臺北市市長選舉,首次申報,1111107,返還捐贈支出,承霈投資股份有限公司,25190365,0.00,13660.00,,,,返還,金錢,臺北市中正區****,,否,,,,,,,
146,黃珊珊,111年臺北市市長選舉,首次申報,1111107,返還捐贈支出,立雋建設股份有限公司,29054139,0.00,100000.00,,,,返還,金錢,臺北市大同區****,,否,,,,,,,
147,黃珊珊,111年臺北市市長選舉,首次申報,1111107,返還捐贈支出,環球睿視股份有限公司,52207410,0.00,33000.00,,,,返還,金錢,臺北市內湖區****,,否,,,,,,,
148,黃珊珊,111年臺北市市長選舉,首次申報,1111107,返還捐贈支出,啟明出版事業股份有限公司,53500813,0.00,2000.00,,,,返還,金錢,臺北市大安區****,,否,,,,,,,
149,黃珊珊,111年臺北市市長選舉,首次申報,1111107,返還捐贈支出,添翼行銷顧問有限公司,54725375,0.00,33520.00,,,,返還,金錢,桃園市桃園區****,,否,,,,,,,
150,黃珊珊,111年臺北市市長選舉,首次申報,1111107,返還捐贈支出,敦煌天地有限公司,70470671,0.00,16800.00,,,,返還,金錢,臺北市大安區****,,否,,,,,,,
151,黃珊珊,111年臺北市市長選舉,首次申報,1111107,返還捐贈支出,利嘉建設股份有限公司,86728310,0.00,100000.00,,,,返還,金錢,臺北市大同區****,,否,,,,,,,
152,黃珊珊,111年臺北市市長選舉,首次申報,1111108,雜支支出,內湖碧湖郵局(臺北149支),04143851,0.00,15.00,,,,劃撥存款手續費,金錢,臺北市內湖區****,2795*****,否,,,,,,,
153,黃珊珊,111年臺北市市長選舉,首次申報,1111108,雜支支出,應援科技股份有限公司,83763685,0.00,22968.00,,,,應援科技金流手續費,金錢,臺北市內湖區****,2627*****,否,,,,,,,
154,黃珊珊,111年臺北市市長選舉,首次申報,1111109,繳庫支出,監察院,03753307,0.00,233.00,,,,繳庫,金錢,台北市忠孝東****,,否,,,,,,,
155,黃珊珊,111年臺北市市長選舉,首次申報,1111110,雜支支出,內湖碧湖郵局(臺北149支),04143851,0.00,385.00,,,,劃撥存款手續費,金錢,臺北市內湖區****,2795*****,否,,,,,,,
156,黃珊珊,111年臺北市市長選舉,首次申報,1111110,返還捐贈支出,居阜室內裝修工程有限公司,50766508,0.00,5000.00,,,,返還,金錢,臺北市信義區****,,否,,,,,,,
157,黃珊珊,111年臺北市市長選舉,首次申報,1111110,宣傳支出,尼奧創意行銷有限公司,80198686,0.00,12050140.00,,,,委託辦理研究、評估、調查、設計或規劃費用+匯費$,金錢,臺北市內湖區****,2791*****,否,,,,,,,
158,黃珊珊,111年臺北市市長選舉,首次申報,1111110,返還捐贈支出,蔡晏睿,P12*******,0.00,3666.00,,,,返還,金錢,臺中市西屯區****,,否,,,,,,,
159,黃珊珊,111年臺北市市長選舉,首次申報,1111111,雜支支出,內湖碧湖郵局(臺北149支),04143851,0.00,175.00,,,,劃撥存款手續費,金錢,臺北市內湖區****,2795*****,否,,,,,,,
160,黃珊珊,111年臺北市市長選舉,首次申報,1111111,雜支支出,應援科技股份有限公司,83763685,0.00,18885.00,,,,應援科技金流手續費,金錢,臺北市內湖區****,2627*****,否,,,,,,,
161,黃珊珊,111年臺北市市長選舉,首次申報,1111114,雜支支出,內湖碧湖郵局(臺北149支),04143851,0.00,180.00,,,,劃撥存款手續費,金錢,臺北市內湖區****,2795*****,否,,,,,,,
162,黃珊珊,111年臺北市市長選舉,首次申報,1111114,返還捐贈支出,元青國際有限公司,24459195,0.00,200000.00,,,,返還,金錢,臺北市中山區****,,否,,,,,,,
163,黃珊珊,111年臺北市市長選舉,首次申報,1111114,宣傳支出,鈺紳科技股份有限公司,27600724,0.00,75030.00,,,,音樂卡片設計製作費用+匯費$,金錢,新竹市綠水里****,0351*****,否,,,,,,,
164,黃珊珊,111年臺北市市長選舉,首次申報,1111114,宣傳支出,趨勢民意調查股份有限公司,53121236,0.00,240030.00,,,,市場調查第二次費用+匯費$,金錢,臺北市信義區****,0227*****,否,,,,,,,
165,黃珊珊,111年臺北市市長選舉,首次申報,1111114,返還捐贈支出,磊鉅企業股份有限公司,89456740,0.00,18165.00,,,,返還,金錢,臺北市北投區****,,否,,,,,,,
166,黃珊珊,111年臺北市市長選舉,首次申報,1111114,返還捐贈支出,誠隆汽車股份有限公司,97298604,0.00,100000.00,,,,返還,金錢,臺北市內湖區****,,否,,,,,,,
167,黃珊珊,111年臺北市市長選舉,首次申報,1111115,雜支支出,內湖碧湖郵局(臺北149支),04143851,0.00,530.00,,,,劃撥存款手續費,金錢,臺北市內湖區****,2795*****,否,,,,,,,
168,黃珊珊,111年臺北市市長選舉,首次申報,1111115,雜支支出,應援科技股份有限公司,83763685,0.00,12254.00,,,,應援科技金流手續費,金錢,臺北市內湖區****,2627*****,否,,,,,,,
169,黃珊珊,111年臺北市市長選舉,首次申報,1111116,雜支支出,內湖碧湖郵局(臺北149支),04143851,0.00,15.00,,,,劃撥存款手續費,金錢,臺北市內湖區****,2795*****,否,,,,,,,
170,黃珊珊,111年臺北市市長選舉,首次申報,1111117,雜支支出,內湖碧湖郵局(臺北149支),04143851,0.00,15.00,,,,劃撥存款手續費,金錢,臺北市內湖區****,2795*****,否,,,,,,,
171,黃珊珊,111年臺北市市長選舉,首次申報,1111117,宣傳支出,趨勢民意調查股份有限公司,53121236,0.00,270030.00,,,,市場調查第三次費用+匯費$,金錢,臺北市信義區****,0227*****,否,,,,,,,
172,黃珊珊,111年臺北市市長選舉,首次申報,1111117,返還捐贈支出,陳思延,E12*******,0.00,666.00,,,,返還,金錢,高雄市鼓山區****,,否,,,,,,,
173,黃珊珊,111年臺北市市長選舉,首次申報,1111118,雜支支出,內湖碧湖郵局(臺北149支),04143851,0.00,805.00,,,,劃撥存款及票據存款手續費,金錢,臺北市內湖區****,2795*****,否,,,,,,,
174,黃珊珊,111年臺北市市長選舉,首次申報,1111118,雜支支出,應援科技股份有限公司,83763685,0.00,9284.00,,,,應援科技金流手續費,金錢,臺北市內湖區****,2627*****,否,,,,,,,
175,黃珊珊,111年臺北市市長選舉,首次申報,1111121,雜支支出,內湖碧湖郵局(臺北149支),04143851,0.00,625.00,,,,劃撥存款手續費,金錢,臺北市內湖區****,2795*****,否,,,,,,,
176,黃珊珊,111年臺北市市長選舉,首次申報,1111121,宣傳支出,佳聖媒體行銷有限公司,28176937,0.00,3769300.00,,,,廣告費+匯費$,金錢,臺北市中山區****,2502*****,否,,,,,,,
177,黃珊珊,111年臺北市市長選舉,首次申報,1111122,雜支支出,內湖碧湖郵局(臺北149支),04143851,0.00,375.00,,,,劃撥存款及票據存款手續費,金錢,臺北市內湖區****,2795*****,否,,,,,,,
178,黃珊珊,111年臺北市市長選舉,首次申報,1111122,返還捐贈支出,亞曼妮國際有限公司,27819124,0.00,10000.00,,,,返還,金錢,臺北市大安區****,,否,,,,,,,
179,黃珊珊,111年臺北市市長選舉,首次申報,1111122,宣傳支出,趨勢民意調查股份有限公司,53121236,0.00,240030.00,,,,市場調查第四次費用+匯費$,金錢,臺北市信義區****,0227*****,否,,,,,,,
180,黃珊珊,111年臺北市市長選舉,首次申報,1111122,返還捐贈支出,萬瑞廣告事業有限公司,80695397,0.00,20000.00,,,,返還,金錢,新北市三重區****,,否,,,,,,,
181,黃珊珊,111年臺北市市長選舉,首次申報,1111122,雜支支出,應援科技股份有限公司,83763685,0.00,28687.00,,,,應援科技金流手續費,金錢,臺北市內湖區****,2627*****,否,,,,,,,
182,黃珊珊,111年臺北市市長選舉,首次申報,1111122,宣傳支出,求真民意調查股份有限公司,90607366,0.00,400030.00,,,,民意調查+匯費$,金錢,臺北市松山區****,2771*****,否,,,,,,,
183,黃珊珊,111年臺北市市長選舉,首次申報,1111123,雜支支出,內湖碧湖郵局(臺北149支),04143851,0.00,410.00,,,,劃撥存款手續費,金錢,臺北市內湖區****,2795*****,否,,,,,,,
184,黃珊珊,111年臺北市市長選舉,首次申報,1111124,繳庫支出,監察院,03753307,0.00,600.00,,,,繳庫,金錢,台北市忠孝東****,,否,,,,,,,
185,黃珊珊,111年臺北市市長選舉,首次申報,1111124,雜支支出,內湖碧湖郵局(臺北149支),04143851,0.00,90.00,,,,劃撥存款及票據存款手續費,金錢,臺北市內湖區****,2795*****,否,,,,,,,
186,黃珊珊,111年臺北市市長選舉,首次申報,1111125,雜支支出,內湖碧湖郵局(臺北149支),04143851,0.00,705.00,,,,劃撥存款手續費,金錢,臺北市內湖區****,2795*****,否,,,,,,,
187,黃珊珊,111年臺北市市長選舉,首次申報,1111125,宣傳支出,政統印刷事業有限公司,22872423,0.00,478200.00,,,,製作競選物品(黃珊珊政策白皮書共八期/公文封/再版-/-/-)費用+匯費$,金錢,臺北市松山區****,8773*****,否,,,,,,,
188,黃珊珊,111年臺北市市長選舉,首次申報,1111125,返還捐贈支出,蒔頤室內裝修設計工程有限公司,50856917,0.00,5000.00,,,,返還,金錢,新北市三重區****,,否,,,,,,,
189,黃珊珊,111年臺北市市長選舉,首次申報,1111125,宣傳支出,趨勢民意調查股份有限公司,53121236,0.00,250030.00,,,,市場調查第五次費用+匯費$,金錢,臺北市信義區****,0227*****,否,,,,,,,
190,黃珊珊,111年臺北市市長選舉,首次申報,1111125,返還捐贈支出,數位內容股份有限公司,80445342,0.00,1000.00,,,,返還,金錢,新北市永和區****,,否,,,,,,,
191,黃珊珊,111年臺北市市長選舉,首次申報,1111125,雜支支出,應援科技股份有限公司,83763685,0.00,30561.00,,,,應援科技金流手續費,金錢,臺北市內湖區****,2627*****,否,,,,,,,
192,黃珊珊,111年臺北市市長選舉,首次申報,1111129,雜支支出,內湖碧湖郵局(臺北149支),04143851,0.00,100.00,,,,選印歷史交易工本費,金錢,臺北市內湖區****,2795*****,否,,,,,,,
193,黃珊珊,111年臺北市市長選舉,首次申報,1111129,宣傳支出,明堂設計有限公司,27573613,0.00,517701.00,,,,攝影服務費用+匯費$,金錢,臺北市大安區****,2791*****,否,,,,,,,
194,黃珊珊,111年臺北市市長選舉,首次申報,1111129,宣傳支出,尼奧創意行銷有限公司,80198686,0.00,18390210.00,,,,委託辦理研究、評估、調查、設計或規劃費用+匯費$(分兩次匯款),金錢,臺北市內湖區****,2791*****,否,,,,,,,
195,黃珊珊,111年臺北市市長選舉,首次申報,1111129,宣傳支出,小刀工作室(周介堂),88292468,0.00,31530.00,,,,會場佈置(謝票)費用+匯費$,金錢,臺北市信義區****,0958*****,否,,,,,,,
196,黃珊珊,111年臺北市市長選舉,首次申報,1111130,宣傳支出,佳聖媒體行銷有限公司,28176937,0.00,10712646.00,,,,廣告費,金錢,臺北市中山區****,2502*****,否,,,,,,,
197,黃珊珊,111年臺北市市長選舉,首次申報,1111130,宣傳支出,佳聖媒體行銷有限公司,28176937,0.00,7371000.00,,,,廣告費,金錢,臺北市中山區****,2502*****,否,,,,,,,
198,黃珊珊,111年臺北市市長選舉,首次申報,1111130,宣傳支出,佳聖媒體行銷有限公司,28176937,0.00,3400000.00,,,,廣告費,金錢,臺北市中山區****,2502*****,否,,,,,,,
199,黃珊珊,111年臺北市市長選舉,首次申報,1111130,返還捐贈支出,陳嘉偉,H12*******,0.00,30000.00,,,,返還,金錢,臺北市北投區****,,否,,,,,,,
200,黃珊珊,111年臺北市市長選舉,首次申報,1111219,返還捐贈支出,海達投資有限公司,28858243,0.00,500000.00,,,,返還,金錢,臺北市信義區****,,否,,,,,,,
201,黃珊珊,111年臺北市市長選舉,首次申報,1111219,返還捐贈支出,周奕丞,D12*******,0.00,333.00,,,,返還,金錢,臺南市安南區****,,否,,,,,,,
202,黃珊珊,111年臺北市市長選舉,首次申報,1111219,返還捐贈支出,詹智謀,F13*******,0.00,766.00,,,,返還,金錢,新北市汐止區****,,否,,,,,,,
203,黃珊珊,111年臺北市市長選舉,首次申報,1111219,返還捐贈支出,陳裕仁,V12*******,0.00,933.00,,,,返還,金錢,基隆市中正區****,,否,,,,,,,
204,黃珊珊,111年臺北市市長選舉,首次申報,1111219,返還捐贈支出,潘德崧,X12*******,0.00,566.00,,,,返還,金錢,新北市三重區****,,否,,,,,,,
205,黃珊珊,111年臺北市市長選舉,首次申報,1111223,返還捐贈支出,朱柏宇,A13*******,0.00,333.00,,,,返還,金錢,臺北市士林區****,,否,,,,,,,
206,黃珊珊,111年臺北市市長選舉,首次申報,1111223,返還捐贈支出,黃廷瑋,D12*******,0.00,1866.00,,,,返還,金錢,高雄市阿蓮區****,,否,,,,,,,
207,黃珊珊,111年臺北市市長選舉,首次申報,1111223,返還捐贈支出,黃柄升,N12*******,0.00,933.00,,,,返還,金錢,彰化縣花壇鄉****,,否,,,,,,,
208,黃珊珊,111年臺北市市長選舉,首次申報,1111223,返還捐贈支出,黃炳嘉,N12*******,0.00,933.00,,,,返還,金錢,彰化縣花壇鄉****,,否,,,,,,,
209,黃珊珊,111年臺北市市長選舉,首次申報,1111226,雜支支出,內湖碧湖郵局(臺北149支),04143851,0.00,100.00,,,,選印歷史交易工本費,金錢,臺北市內湖區****,2795*****,否,,,,,,,
