﻿序號,擬參選人／政黨,選舉名稱,申報序號／年度,交易日期,收支科目,捐贈者／支出對象,身分證／統一編號,收入金額,支出金額,捐贈方式,存入專戶日期,返還/繳庫,支出用途,金錢類,地址,聯絡電話,應揭露之支出對象,支出對象之內部人員姓名,支出對象之內部人員職稱,政黨之內部人員姓名,政黨之內部人員職稱,關係,資料更正日期
1,顏寬恒,109年立法委員選舉,第一次賸餘,1090210,參加公職人員選舉使用支出,吳治鋒,A12*******,0.00,30000.00,,,,工資或薪津,金錢,臺中市沙鹿區****,,,,,,,,
2,顏寬恒,109年立法委員選舉,第一次賸餘,1090210,參加公職人員選舉使用支出,林文珍,L12*******,0.00,32000.00,,,,工資或薪津,金錢,臺中市龍井區****,,,,,,,,
3,顏寬恒,109年立法委員選舉,第一次賸餘,1090210,參加公職人員選舉使用支出,吳達榮,L12*******,0.00,35000.00,,,,工資或薪津,金錢,臺中市烏日區****,,,,,,,,
4,顏寬恒,109年立法委員選舉,第一次賸餘,1090210,參加公職人員選舉使用支出,陳志誠,L12*******,0.00,28000.00,,,,工資或薪津,金錢,臺中市大里區****,,,,,,,,
5,顏寬恒,109年立法委員選舉,第一次賸餘,1090210,參加公職人員選舉使用支出,陳姿妙,L22*******,0.00,40000.00,,,,工資或薪津,金錢,臺中市沙鹿區****,,,,,,,,
6,顏寬恒,109年立法委員選舉,第一次賸餘,1090210,參加公職人員選舉使用支出,顏羽宣,L22*******,0.00,22000.00,,,,工資或薪津,金錢,臺中市沙鹿區****,,,,,,,,
7,顏寬恒,109年立法委員選舉,第一次賸餘,1090210,參加公職人員選舉使用支出,賴怡靜,P22*******,0.00,40000.00,,,,工資或薪津,金錢,臺中市龍井區****,,,,,,,,
8,顏寬恒,109年立法委員選舉,第一次賸餘,1090221,參加公職人員選舉使用支出,中華電信,52003801,0.00,744.00,,,,電信費用,金錢,,,,,,,,,
9,顏寬恒,109年立法委員選舉,第一次賸餘,1090225,參加公職人員選舉使用支出,中華電信,52003801,0.00,5003.00,,,,電信費用,金錢,,,,,,,,,
10,顏寬恒,109年立法委員選舉,第一次賸餘,1090226,參加公職人員選舉使用支出,合渼花藝坊,82602493,0.00,2500.00,,,,雜項購置或修繕費用,金錢,,,,,,,,,
11,顏寬恒,109年立法委員選舉,第一次賸餘,1090227,參加公職人員選舉使用支出,合渼花藝坊,82602493,0.00,2500.00,,,,雜項購置或修繕費用,金錢,,,,,,,,,
12,顏寬恒,109年立法委員選舉,第一次賸餘,1090310,參加公職人員選舉使用支出,吳治鋒,A12*******,0.00,30000.00,,,,工資或薪津,金錢,臺中市沙鹿區****,,,,,,,,
13,顏寬恒,109年立法委員選舉,第一次賸餘,1090310,參加公職人員選舉使用支出,林文珍,L12*******,0.00,32000.00,,,,工資或薪津,金錢,臺中市龍井區****,,,,,,,,
14,顏寬恒,109年立法委員選舉,第一次賸餘,1090310,參加公職人員選舉使用支出,吳達榮,L12*******,0.00,35000.00,,,,工資或薪津,金錢,臺中市烏日區****,,,,,,,,
15,顏寬恒,109年立法委員選舉,第一次賸餘,1090310,參加公職人員選舉使用支出,陳志誠,L12*******,0.00,28000.00,,,,工資或薪津,金錢,臺中市大里區****,,,,,,,,
16,顏寬恒,109年立法委員選舉,第一次賸餘,1090310,參加公職人員選舉使用支出,陳姿妙,L22*******,0.00,40000.00,,,,工資或薪津,金錢,臺中市沙鹿區****,,,,,,,,
17,顏寬恒,109年立法委員選舉,第一次賸餘,1090310,參加公職人員選舉使用支出,顏羽宣,L22*******,0.00,22000.00,,,,工資或薪津,金錢,臺中市沙鹿區****,,,,,,,,
18,顏寬恒,109年立法委員選舉,第一次賸餘,1090310,參加公職人員選舉使用支出,賴怡靜,P22*******,0.00,40000.00,,,,工資或薪津,金錢,臺中市龍井區****,,,,,,,,
19,顏寬恒,109年立法委員選舉,第一次賸餘,1090312,參加公職人員選舉使用支出,青宏商行,13813085,0.00,680.00,,,,餐飲費用,金錢,,,,,,,,,
20,顏寬恒,109年立法委員選舉,第一次賸餘,1090312,參加公職人員選舉使用支出,文昌書局,56034903,0.00,700.00,,,,文具用品費用,金錢,,,,,,,,,
21,顏寬恒,109年立法委員選舉,第一次賸餘,1090316,參加公職人員選舉使用支出,台電,51868406,0.00,11481.00,,,,水電瓦斯費用,金錢,,,,,,,,,
22,顏寬恒,109年立法委員選舉,第一次賸餘,1090322,參加公職人員選舉使用支出,青宏商行,13813085,0.00,680.00,,,,餐飲費用,金錢,,,,,,,,,
23,顏寬恒,109年立法委員選舉,第一次賸餘,1090323,參加公職人員選舉使用支出,中華電信,52003801,0.00,149.00,,,,電信費用,金錢,,,,,,,,,
24,顏寬恒,109年立法委員選舉,第一次賸餘,1090325,參加公職人員選舉使用支出,清隆冷凍空調有限公司,12992259,0.00,29400.00,,,,修繕費用,金錢,,,,,,,,,
25,顏寬恒,109年立法委員選舉,第一次賸餘,1090325,參加公職人員選舉使用支出,台電,51868406,0.00,4118.00,,,,水電瓦斯費用,金錢,,,,,,,,,
26,顏寬恒,109年立法委員選舉,第一次賸餘,1090325,參加公職人員選舉使用支出,中華電信,52003801,0.00,1352.00,,,,電信費用,金錢,,,,,,,,,
27,顏寬恒,109年立法委員選舉,第一次賸餘,1090325,參加公職人員選舉使用支出,中華電信,52003801,0.00,1411.00,,,,電信費用,金錢,,,,,,,,,
28,顏寬恒,109年立法委員選舉,第一次賸餘,1090329,參加公職人員選舉使用支出,英雄餐飲店,72377308,0.00,1320.00,,,,餐飲費用,金錢,,,,,,,,,
29,顏寬恒,109年立法委員選舉,第一次賸餘,1090403,參加公職人員選舉使用支出,協慶事業有限公司,24383490,0.00,4000.00,,,,雜項購置或修繕費用,金錢,,,,,,,,,
30,顏寬恒,109年立法委員選舉,第一次賸餘,1090406,參加公職人員選舉使用支出,青宏商行,13813085,0.00,680.00,,,,餐飲費用,金錢,,,,,,,,,
31,顏寬恒,109年立法委員選舉,第一次賸餘,1090410,參加公職人員選舉使用支出,吳治鋒,A12*******,0.00,30000.00,,,,工資或薪津,金錢,臺中市沙鹿區****,,,,,,,,
32,顏寬恒,109年立法委員選舉,第一次賸餘,1090410,參加公職人員選舉使用支出,吳達榮,L12*******,0.00,35000.00,,,,工資或薪津,金錢,臺中市烏日區****,,,,,,,,
33,顏寬恒,109年立法委員選舉,第一次賸餘,1090410,參加公職人員選舉使用支出,陳志誠,L12*******,0.00,28000.00,,,,工資或薪津,金錢,臺中市大里區****,,,,,,,,
34,顏寬恒,109年立法委員選舉,第一次賸餘,1090410,參加公職人員選舉使用支出,林文珍,L12*******,0.00,32000.00,,,,工資或薪津,金錢,臺中市龍井區****,,,,,,,,
35,顏寬恒,109年立法委員選舉,第一次賸餘,1090410,參加公職人員選舉使用支出,顏羽宣,L22*******,0.00,22000.00,,,,工資或薪津,金錢,臺中市沙鹿區****,,,,,,,,
36,顏寬恒,109年立法委員選舉,第一次賸餘,1090410,參加公職人員選舉使用支出,陳姿妙,L22*******,0.00,40000.00,,,,工資或薪津,金錢,臺中市沙鹿區****,,,,,,,,
37,顏寬恒,109年立法委員選舉,第一次賸餘,1090410,參加公職人員選舉使用支出,賴怡靜,P22*******,0.00,40000.00,,,,工資或薪津,金錢,臺中市龍井區****,,,,,,,,
38,顏寬恒,109年立法委員選舉,第一次賸餘,1090414,參加公職人員選舉使用支出,千易水電工程行,82442594,0.00,33300.00,,,,雜項購置或修繕費用,金錢,臺中市清水區****,,,,,,,,
39,顏寬恒,109年立法委員選舉,第一次賸餘,1090416,參加公職人員選舉使用支出,中華電信,52003801,0.00,161.00,,,,電信費用,金錢,,,,,,,,,
40,顏寬恒,109年立法委員選舉,第一次賸餘,1090421,參加公職人員選舉使用支出,文昌書局,56034903,0.00,380.00,,,,文具用品費用,金錢,,,,,,,,,
41,顏寬恒,109年立法委員選舉,第一次賸餘,1090423,參加公職人員選舉使用支出,中華電信,52003801,0.00,1648.00,,,,電信費用,金錢,,,,,,,,,
42,顏寬恒,109年立法委員選舉,第一次賸餘,1090424,參加公職人員選舉使用支出,小園排骨簡餐,67956926,0.00,1215.00,,,,餐飲費用,金錢,,,,,,,,,
43,顏寬恒,109年立法委員選舉,第一次賸餘,1090424,參加公職人員選舉使用支出,英雄餐飲店,72377308,0.00,600.00,,,,餐飲費用,金錢,,,,,,,,,
44,顏寬恒,109年立法委員選舉,第一次賸餘,1090430,參加公職人員選舉使用支出,文昌書局,56034903,0.00,300.00,,,,餐飲費用,金錢,,,,,,,,,
45,顏寬恒,109年立法委員選舉,第一次賸餘,1090510,參加公職人員選舉使用支出,顏羽宣,L22*******,0.00,22000.00,,,,工資或薪津,金錢,臺中市沙鹿區****,,,,,,,,
46,顏寬恒,109年立法委員選舉,第一次賸餘,1090511,參加公職人員選舉使用支出,吳治鋒,A12*******,0.00,30000.00,,,,工資或薪津,金錢,臺中市沙鹿區****,,,,,,,,
47,顏寬恒,109年立法委員選舉,第一次賸餘,1090511,參加公職人員選舉使用支出,吳達榮,L12*******,0.00,35000.00,,,,工資或薪津,金錢,臺中市烏日區****,,,,,,,,
48,顏寬恒,109年立法委員選舉,第一次賸餘,1090511,參加公職人員選舉使用支出,陳志誠,L12*******,0.00,28000.00,,,,工資或薪津,金錢,臺中市大里區****,,,,,,,,
49,顏寬恒,109年立法委員選舉,第一次賸餘,1090511,參加公職人員選舉使用支出,林文珍,L12*******,0.00,40000.00,,,,工資或薪津,金錢,臺中市龍井區****,,,,,,,,
50,顏寬恒,109年立法委員選舉,第一次賸餘,1090511,參加公職人員選舉使用支出,陳姿妙,L22*******,0.00,40000.00,,,,工資或薪津,金錢,臺中市沙鹿區****,,,,,,,,
51,顏寬恒,109年立法委員選舉,第一次賸餘,1090511,參加公職人員選舉使用支出,賴怡靜,P22*******,0.00,40000.00,,,,工資或薪津,金錢,臺中市龍井區****,,,,,,,,
52,顏寬恒,109年立法委員選舉,第一次賸餘,1090514,參加公職人員選舉使用支出,英雄餐飲店,72377308,0.00,770.00,,,,餐飲費用,金錢,,,,,,,,,
53,顏寬恒,109年立法委員選舉,第一次賸餘,1090518,參加公職人員選舉使用支出,台灣電力公司,51868406,0.00,10530.00,,,,水電瓦斯費用,金錢,臺中市沙鹿區****,,,,,,,,
54,顏寬恒,109年立法委員選舉,第一次賸餘,1090520,參加公職人員選舉使用支出,青宏商行,13813085,0.00,640.00,,,,餐飲費用,金錢,,,,,,,,,
55,顏寬恒,109年立法委員選舉,第一次賸餘,1090520,參加公職人員選舉使用支出,中華電信,52003801,0.00,198.00,,,,電信費用,金錢,,,,,,,,,
56,顏寬恒,109年立法委員選舉,第一次賸餘,1090527,參加公職人員選舉使用支出,中華電信,52003801,0.00,1928.00,,,,電信費用,金錢,,,,,,,,,
57,顏寬恒,109年立法委員選舉,第一次賸餘,1090529,參加公職人員選舉使用支出,小園排骨簡餐,67956926,0.00,850.00,,,,餐飲費用,金錢,,,,,,,,,
58,顏寬恒,109年立法委員選舉,第一次賸餘,1090603,參加公職人員選舉使用支出,寶晟水果行,36731590,0.00,340.00,,,,餐飲費用,金錢,,,,,,,,,
59,顏寬恒,109年立法委員選舉,第一次賸餘,1090604,參加公職人員選舉使用支出,文昌書局,89916505,0.00,750.00,,,,文具用品費用,金錢,,,,,,,,,
60,顏寬恒,109年立法委員選舉,第一次賸餘,1090608,參加公職人員選舉使用支出,半月燒,26828687,0.00,960.00,,,,餐飲費用,金錢,,,,,,,,,
61,顏寬恒,109年立法委員選舉,第一次賸餘,1090608,參加公職人員選舉使用支出,富杰商行,40599496,0.00,560.00,,,,雜項購置或修繕費用,金錢,,,,,,,,,
62,顏寬恒,109年立法委員選舉,第一次賸餘,1090610,參加公職人員選舉使用支出,吳治鋒,A12*******,0.00,30000.00,,,,工資或薪津,金錢,臺中市沙鹿區****,,,,,,,,
63,顏寬恒,109年立法委員選舉,第一次賸餘,1090610,參加公職人員選舉使用支出,林文珍,L12*******,0.00,40000.00,,,,工資或薪津,金錢,臺中市龍井區****,,,,,,,,
64,顏寬恒,109年立法委員選舉,第一次賸餘,1090610,參加公職人員選舉使用支出,吳達榮,L12*******,0.00,35000.00,,,,工資或薪津,金錢,臺中市烏日區****,,,,,,,,
65,顏寬恒,109年立法委員選舉,第一次賸餘,1090610,參加公職人員選舉使用支出,陳志誠,L12*******,0.00,28000.00,,,,工資或薪津,金錢,臺中市大里區****,,,,,,,,
66,顏寬恒,109年立法委員選舉,第一次賸餘,1090610,參加公職人員選舉使用支出,陳姿妙,L22*******,0.00,40000.00,,,,工資或薪津,金錢,臺中市沙鹿區****,,,,,,,,
67,顏寬恒,109年立法委員選舉,第一次賸餘,1090610,參加公職人員選舉使用支出,顏羽宣,L22*******,0.00,22000.00,,,,工資或薪津,金錢,臺中市沙鹿區****,,,,,,,,
68,顏寬恒,109年立法委員選舉,第一次賸餘,1090610,參加公職人員選舉使用支出,賴怡靜,P22*******,0.00,40000.00,,,,工資或薪津,金錢,臺中市龍井區****,,,,,,,,
69,顏寬恒,109年立法委員選舉,第一次賸餘,1090612,參加公職人員選舉使用支出,富杰商行,40599496,0.00,560.00,,,,雜項購置或修繕費用,金錢,,,,,,,,,
70,顏寬恒,109年立法委員選舉,第一次賸餘,1090616,參加公職人員選舉使用支出,青宏商行,13813085,0.00,680.00,,,,雜項購置或修繕費用,金錢,,,,,,,,,
71,顏寬恒,109年立法委員選舉,第一次賸餘,1090622,參加公職人員選舉使用支出,半月燒,26828687,0.00,1980.00,,,,餐飲費用,金錢,,,,,,,,,
72,顏寬恒,109年立法委員選舉,第一次賸餘,1090623,參加公職人員選舉使用支出,中華電信,52003801,0.00,892.00,,,,電信費用,金錢,,,,,,,,,
73,顏寬恒,109年立法委員選舉,第一次賸餘,1090624,參加公職人員選舉使用支出,百朝股份有限公司台中分公司,86688078,0.00,21000.00,,,,雜項購置或修繕費用,金錢,,,,,,,,,
74,顏寬恒,109年立法委員選舉,第一次賸餘,1090629,參加公職人員選舉使用支出,中華電信,52003801,0.00,128.00,,,,電信費用,金錢,,,,,,,,,
75,顏寬恒,109年立法委員選舉,第一次賸餘,1090630,參加公職人員選舉使用支出,千易水電工程行,82442594,0.00,49350.00,,,,雜項購置或修繕費用,金錢,臺中市清水區****,,,,,,,,
76,顏寬恒,109年立法委員選舉,第一次賸餘,1090701,參加公職人員選舉使用支出,玉麒麟臭臭鍋總店,99118950,0.00,1120.00,,,,餐飲費用,金錢,,,,,,,,,
77,顏寬恒,109年立法委員選舉,第一次賸餘,1090703,參加公職人員選舉使用支出,美辰鮮花店,45776484,0.00,9900.00,,,,聯誼費用,金錢,,,,,,,,,
78,顏寬恒,109年立法委員選舉,第一次賸餘,1090706,參加公職人員選舉使用支出,半月燒,26828687,0.00,960.00,,,,餐飲費用,金錢,,,,,,,,,
79,顏寬恒,109年立法委員選舉,第一次賸餘,1090707,參加公職人員選舉使用支出,清隆冷凍空調有限公司,12992259,0.00,2625.00,,,,雜項購置或修繕費用,金錢,,,,,,,,,
80,顏寬恒,109年立法委員選舉,第一次賸餘,1090707,參加公職人員選舉使用支出,中華電信,52003801,0.00,1798.00,,,,電信費用,金錢,,,,,,,,,
81,顏寬恒,109年立法委員選舉,第一次賸餘,1090707,參加公職人員選舉使用支出,廣才商行,99874770,0.00,2400.00,,,,聯誼交際費用,金錢,,,,,,,,,
82,顏寬恒,109年立法委員選舉,第一次賸餘,1090709,參加公職人員選舉使用支出,富杰商行,40599496,0.00,520.00,,,,雜項購置或修繕費用,金錢,,,,,,,,,
83,顏寬恒,109年立法委員選舉,第一次賸餘,1090710,參加公職人員選舉使用支出,文昌書局,56034903,0.00,400.00,,,,文具用品費用,金錢,,,,,,,,,
84,顏寬恒,109年立法委員選舉,第一次賸餘,1090710,參加公職人員選舉使用支出,吳治鋒,A12*******,0.00,30000.00,,,,工資或薪津,金錢,臺中市沙鹿區****,,,,,,,,
85,顏寬恒,109年立法委員選舉,第一次賸餘,1090710,參加公職人員選舉使用支出,林文珍,L12*******,0.00,40000.00,,,,工資或薪津,金錢,臺中市龍井區****,,,,,,,,
86,顏寬恒,109年立法委員選舉,第一次賸餘,1090710,參加公職人員選舉使用支出,吳達榮,L12*******,0.00,35000.00,,,,工資或薪津,金錢,臺中市烏日區****,,,,,,,,
87,顏寬恒,109年立法委員選舉,第一次賸餘,1090710,參加公職人員選舉使用支出,陳志誠,L12*******,0.00,28000.00,,,,工資或薪津,金錢,臺中市大里區****,,,,,,,,
88,顏寬恒,109年立法委員選舉,第一次賸餘,1090710,參加公職人員選舉使用支出,陳姿妙,L22*******,0.00,40000.00,,,,工資或薪津,金錢,臺中市沙鹿區****,,,,,,,,
89,顏寬恒,109年立法委員選舉,第一次賸餘,1090710,參加公職人員選舉使用支出,顏羽宣,L22*******,0.00,22000.00,,,,工資或薪津,金錢,臺中市沙鹿區****,,,,,,,,
90,顏寬恒,109年立法委員選舉,第一次賸餘,1090710,參加公職人員選舉使用支出,賴怡靜,P22*******,0.00,40000.00,,,,工資或薪津,金錢,臺中市龍井區****,,,,,,,,
91,顏寬恒,109年立法委員選舉,第一次賸餘,1090716,參加公職人員選舉使用支出,台電,51868406,0.00,12299.00,,,,水電瓦斯費用,金錢,,,,,,,,,
92,顏寬恒,109年立法委員選舉,第一次賸餘,1090716,參加公職人員選舉使用支出,中華電信,52003801,0.00,130.00,,,,電信費用,金錢,,,,,,,,,
93,顏寬恒,109年立法委員選舉,第一次賸餘,1090721,參加公職人員選舉使用支出,富杰商行,40599496,0.00,660.00,,,,雜項購置或修繕費用,金錢,,,,,,,,,
94,顏寬恒,109年立法委員選舉,第一次賸餘,1090722,參加公職人員選舉使用支出,青宏商行,13813085,0.00,520.00,,,,雜項購置或修繕費用,金錢,,,,,,,,,
95,顏寬恒,109年立法委員選舉,第一次賸餘,1090724,參加公職人員選舉使用支出,中華電信,52003801,0.00,1914.00,,,,電信費用,金錢,,,,,,,,,
96,顏寬恒,109年立法委員選舉,第一次賸餘,1090731,參加公職人員選舉使用支出,加吉利實業股份有限公司,28557886,0.00,65000.00,,,,聯誼交際費用,金錢,南投縣草屯鎮****,,,,,,,,
97,顏寬恒,109年立法委員選舉,第一次賸餘,1090731,參加公職人員選舉使用支出,達香餅行,55742843,0.00,480.00,,,,聯誼交際費用,金錢,,,,,,,,,
98,顏寬恒,109年立法委員選舉,第一次賸餘,1090731,參加公職人員選舉使用支出,達香餅行,55742843,0.00,5250.00,,,,餐飲費用,金錢,,,,,,,,,
99,顏寬恒,109年立法委員選舉,第一次賸餘,1090801,參加公職人員選舉使用支出,萬香小吃店,47387433,0.00,4200.00,,,,餐飲費用,金錢,,,,,,,,,
100,顏寬恒,109年立法委員選舉,第一次賸餘,1090810,參加公職人員選舉使用支出,加吉利實業股份有限公司,28557886,0.00,116480.00,,,,為民服務費用,金錢,南投縣草屯鎮****,,,,,,,,
101,顏寬恒,109年立法委員選舉,第一次賸餘,1090810,參加公職人員選舉使用支出,吳治鋒,A12*******,0.00,30000.00,,,,工資或薪津,金錢,臺中市沙鹿區****,,,,,,,,
102,顏寬恒,109年立法委員選舉,第一次賸餘,1090810,參加公職人員選舉使用支出,林文珍,L12*******,0.00,40000.00,,,,工資或薪津,金錢,臺中市龍井區****,,,,,,,,
103,顏寬恒,109年立法委員選舉,第一次賸餘,1090810,參加公職人員選舉使用支出,吳達榮,L12*******,0.00,35000.00,,,,工資或薪津,金錢,臺中市烏日區****,,,,,,,,
104,顏寬恒,109年立法委員選舉,第一次賸餘,1090810,參加公職人員選舉使用支出,陳志誠,L12*******,0.00,28000.00,,,,工資或薪津,金錢,臺中市大里區****,,,,,,,,
105,顏寬恒,109年立法委員選舉,第一次賸餘,1090810,參加公職人員選舉使用支出,陳志誠,L12*******,0.00,28000.00,,,,工資或薪津,金錢,臺中市大里區****,,,,,,,,
106,顏寬恒,109年立法委員選舉,第一次賸餘,1090810,參加公職人員選舉使用支出,陳姿妙,L22*******,0.00,40000.00,,,,工資或薪津,金錢,臺中市沙鹿區****,,,,,,,,
107,顏寬恒,109年立法委員選舉,第一次賸餘,1090810,參加公職人員選舉使用支出,顏羽宣,L22*******,0.00,22000.00,,,,工資或薪津,金錢,臺中市沙鹿區****,,,,,,,,
108,顏寬恒,109年立法委員選舉,第一次賸餘,1090810,參加公職人員選舉使用支出,賴怡靜,P22*******,0.00,40000.00,,,,工資或薪津,金錢,臺中市龍井區****,,,,,,,,
109,顏寬恒,109年立法委員選舉,第一次賸餘,1090812,參加公職人員選舉使用支出,小園排骨簡餐,67956926,0.00,1020.00,,,,餐飲費用,金錢,,,,,,,,,
110,顏寬恒,109年立法委員選舉,第一次賸餘,1090813,參加公職人員選舉使用支出,冠軍牛肉大王,05825235,0.00,1200.00,,,,餐飲費用,金錢,,,,,,,,,
111,顏寬恒,109年立法委員選舉,第一次賸餘,1090813,參加公職人員選舉使用支出,台電,61904459,0.00,2993.00,,,,水電瓦斯費用,金錢,,,,,,,,,
112,顏寬恒,109年立法委員選舉,第一次賸餘,1090817,參加公職人員選舉使用支出,香港威利燒臘快餐,45566115,0.00,935.00,,,,餐飲費用,金錢,,,,,,,,,
113,顏寬恒,109年立法委員選舉,第一次賸餘,1090819,參加公職人員選舉使用支出,中華電信,52003801,0.00,976.00,,,,電信費用,金錢,,,,,,,,,
114,顏寬恒,109年立法委員選舉,第一次賸餘,1090821,參加公職人員選舉使用支出,中華電信,52003801,0.00,2878.00,,,,電信費用,金錢,,,,,,,,,
115,顏寬恒,109年立法委員選舉,第一次賸餘,1090824,參加公職人員選舉使用支出,中國旗幟社,84002376,0.00,4000.00,,,,為民活動費用,金錢,,,,,,,,,
116,顏寬恒,109年立法委員選舉,第一次賸餘,1090910,參加公職人員選舉使用支出,吳治鋒,A12*******,0.00,30000.00,,,,工資或薪津,金錢,臺中市沙鹿區****,,,,,,,,
117,顏寬恒,109年立法委員選舉,第一次賸餘,1090910,參加公職人員選舉使用支出,林文珍,L12*******,0.00,40000.00,,,,工資或薪津,金錢,臺中市龍井區****,,,,,,,,
118,顏寬恒,109年立法委員選舉,第一次賸餘,1090910,參加公職人員選舉使用支出,吳達榮,L12*******,0.00,35000.00,,,,工資或薪津,金錢,臺中市烏日區****,,,,,,,,
119,顏寬恒,109年立法委員選舉,第一次賸餘,1090910,參加公職人員選舉使用支出,陳志誠,L12*******,0.00,28000.00,,,,工資或薪津,金錢,臺中市大里區****,,,,,,,,
120,顏寬恒,109年立法委員選舉,第一次賸餘,1090910,參加公職人員選舉使用支出,陳姿妙,L22*******,0.00,40000.00,,,,工資或薪津,金錢,臺中市沙鹿區****,,,,,,,,
121,顏寬恒,109年立法委員選舉,第一次賸餘,1090910,參加公職人員選舉使用支出,顏羽宣,L22*******,0.00,22000.00,,,,工資或薪津,金錢,臺中市沙鹿區****,,,,,,,,
122,顏寬恒,109年立法委員選舉,第一次賸餘,1090910,參加公職人員選舉使用支出,賴怡靜,P22*******,0.00,40000.00,,,,工資或薪津,金錢,臺中市龍井區****,,,,,,,,
123,顏寬恒,109年立法委員選舉,第一次賸餘,1091012,參加公職人員選舉使用支出,吳治鋒,A12*******,0.00,30000.00,,,,工資或薪津,金錢,臺中市沙鹿區****,,,,,,,,
124,顏寬恒,109年立法委員選舉,第一次賸餘,1091012,參加公職人員選舉使用支出,吳達榮,L12*******,0.00,35000.00,,,,工資或薪津,金錢,臺中市烏日區****,,,,,,,,
125,顏寬恒,109年立法委員選舉,第一次賸餘,1091012,參加公職人員選舉使用支出,陳志誠,L12*******,0.00,28000.00,,,,工資或薪津,金錢,臺中市大里區****,,,,,,,,
126,顏寬恒,109年立法委員選舉,第一次賸餘,1091012,參加公職人員選舉使用支出,林文珍,L12*******,0.00,40000.00,,,,工資或薪津,金錢,臺中市龍井區****,,,,,,,,
127,顏寬恒,109年立法委員選舉,第一次賸餘,1091012,參加公職人員選舉使用支出,陳姿妙,L22*******,0.00,40000.00,,,,工資或薪津,金錢,臺中市沙鹿區****,,,,,,,,
128,顏寬恒,109年立法委員選舉,第一次賸餘,1091012,參加公職人員選舉使用支出,顏羽宣,L22*******,0.00,22000.00,,,,工資或薪津,金錢,臺中市沙鹿區****,,,,,,,,
129,顏寬恒,109年立法委員選舉,第一次賸餘,1091012,參加公職人員選舉使用支出,賴怡靜,P22*******,0.00,40000.00,,,,工資或薪津,金錢,臺中市龍井區****,,,,,,,,
130,顏寬恒,109年立法委員選舉,第一次賸餘,1091110,參加公職人員選舉使用支出,吳治鋒,A12*******,0.00,30000.00,,,,工資或薪津,金錢,臺中市沙鹿區****,,,,,,,,
131,顏寬恒,109年立法委員選舉,第一次賸餘,1091110,參加公職人員選舉使用支出,林文珍,L12*******,0.00,40000.00,,,,工資或薪津,金錢,臺中市龍井區****,,,,,,,,
132,顏寬恒,109年立法委員選舉,第一次賸餘,1091110,參加公職人員選舉使用支出,吳達榮,L12*******,0.00,35000.00,,,,工資或薪津,金錢,臺中市烏日區****,,,,,,,,
133,顏寬恒,109年立法委員選舉,第一次賸餘,1091110,參加公職人員選舉使用支出,陳志誠,L12*******,0.00,28000.00,,,,工資或薪津,金錢,臺中市大里區****,,,,,,,,
134,顏寬恒,109年立法委員選舉,第一次賸餘,1091110,參加公職人員選舉使用支出,陳姿妙,L22*******,0.00,40000.00,,,,工資或薪津,金錢,臺中市沙鹿區****,,,,,,,,
135,顏寬恒,109年立法委員選舉,第一次賸餘,1091110,參加公職人員選舉使用支出,顏羽宣,L22*******,0.00,22000.00,,,,工資或薪津,金錢,臺中市沙鹿區****,,,,,,,,
136,顏寬恒,109年立法委員選舉,第一次賸餘,1091110,參加公職人員選舉使用支出,賴怡靜,P22*******,0.00,40000.00,,,,工資或薪津,金錢,臺中市龍井區****,,,,,,,,
137,顏寬恒,109年立法委員選舉,第一次賸餘,1091210,參加公職人員選舉使用支出,吳治鋒,A12*******,0.00,30000.00,,,,工資或薪津,金錢,臺中市沙鹿區****,,,,,,,,
138,顏寬恒,109年立法委員選舉,第一次賸餘,1091210,參加公職人員選舉使用支出,吳達榮,L12*******,0.00,35000.00,,,,工資或薪津,金錢,臺中市烏日區****,,,,,,,,
139,顏寬恒,109年立法委員選舉,第一次賸餘,1091210,參加公職人員選舉使用支出,林文珍,L12*******,0.00,40000.00,,,,工資或薪津,金錢,臺中市龍井區****,,,,,,,,
140,顏寬恒,109年立法委員選舉,第一次賸餘,1091210,參加公職人員選舉使用支出,陳志誠,L12*******,0.00,28000.00,,,,工資或薪津,金錢,臺中市大里區****,,,,,,,,
141,顏寬恒,109年立法委員選舉,第一次賸餘,1091210,參加公職人員選舉使用支出,顏羽宣,L22*******,0.00,22000.00,,,,工資或薪津,金錢,臺中市沙鹿區****,,,,,,,,
142,顏寬恒,109年立法委員選舉,第一次賸餘,1091210,參加公職人員選舉使用支出,陳姿妙,L22*******,0.00,40000.00,,,,工資或薪津,金錢,臺中市沙鹿區****,,,,,,,,
143,顏寬恒,109年立法委員選舉,第一次賸餘,1091210,參加公職人員選舉使用支出,賴怡靜,P22*******,0.00,40000.00,,,,工資或薪津,金錢,臺中市龍井區****,,,,,,,,
