﻿序號,擬參選人／政黨,選舉名稱,申報序號／年度,交易日期,收支科目,捐贈者／支出對象,身分證／統一編號,收入金額,支出金額,捐贈方式,存入專戶日期,返還/繳庫,支出用途,金錢類,地址,聯絡電話,應揭露之支出對象,支出對象之內部人員姓名,支出對象之內部人員職稱,政黨之內部人員姓名,政黨之內部人員職稱,關係,更正註記,資料更正日期
1,耿葳,111年臺北市議員選舉,首次申報,1110505,雜支支出,健康食彩,31840937,0.00,1249.00,,,,餐飲費用,金錢,臺北市文山區****,02-2*****,否,,,,,,,
2,耿葳,111年臺北市議員選舉,首次申報,1110505,雜支支出,豆豆里DODOLI,83166884,0.00,1730.00,,,,餐飲費用,金錢,臺北市大安區****,02-3*****,否,,,,,,,
3,耿葳,111年臺北市議員選舉,首次申報,1110508,雜支支出,老行家,21709249,0.00,7614.00,,,,餐飲費用,金錢,臺北市松山區****,02-8*****,否,,,,,,,
4,耿葳,111年臺北市議員選舉,首次申報,1110508,雜支支出,囍聚公司,42630281,0.00,4170.00,,,,餐飲費用,金錢,臺北市大安區****,02-8*****,否,,,,,,,
5,耿葳,111年臺北市議員選舉,首次申報,1110509,雜支支出,郁宸企業社,85425387,0.00,950.00,,,,雜項購置或修繕費用,金錢,新北市瑞芳區****,03-3*****,否,,,,,,,
6,耿葳,111年臺北市議員選舉,首次申報,1110509,雜支支出,郁宸企業社,85425387,0.00,950.00,,,,雜項購置或修繕費用,金錢,新北市瑞芳區****,03-3*****,否,,,,,,,
7,耿葳,111年臺北市議員選舉,首次申報,1110510,雜支支出,杰豐有限公司,28313067,0.00,610.00,,,,餐飲費用,金錢,臺北市大安區****,2707*****,否,,,,,,,
8,耿葳,111年臺北市議員選舉,首次申報,1110511,雜支支出,修文鎖匙印刷打字行,01393307,0.00,380.00,,,,文具用品費用,金錢,臺北市北投區****,2891*****,否,,,,,,,
9,耿葳,111年臺北市議員選舉,首次申報,1110511,雜支支出,本家長壽村餐廳,88094805,0.00,1264.00,,,,餐飲費用,金錢,臺北市大安區****,5594*****,否,,,,,,,
10,耿葳,111年臺北市議員選舉,首次申報,1110512,雜支支出,瞞著爹餐廳,42380571,0.00,1250.00,,,,餐飲費用,金錢,臺北市松山區****,7728*****,否,,,,,,,
11,耿葳,111年臺北市議員選舉,首次申報,1110513,雜支支出,撈王餐廳,42540824,0.00,1640.00,,,,餐飲費用,金錢,臺北市信義區****,7737*****,否,,,,,,,
12,耿葳,111年臺北市議員選舉,首次申報,1110513,雜支支出,迷克夏飲料店,75935869,0.00,326.00,,,,餐飲費用,金錢,臺北市文山區****,8931*****,否,,,,,,,
13,耿葳,111年臺北市議員選舉,首次申報,1110514,雜支支出,全家便利商店,51617648,0.00,619.00,,,,雜項購置或修繕費用,金錢,臺北市文山區****,2933*****,否,,,,,,,
14,耿葳,111年臺北市議員選舉,首次申報,1110514,雜支支出,雷門數據服務股份有限公司,90469075,0.00,2000.00,,,,雜項購置或修繕費用,金錢,臺北市大安區****,2700*****,否,,,,,,,
15,耿葳,111年臺北市議員選舉,首次申報,1110514,雜支支出,麥當勞餐廳,96976443,0.00,463.00,,,,餐飲費用,金錢,臺北市文山區****,2933*****,否,,,,,,,
16,耿葳,111年臺北市議員選舉,首次申報,1110514,雜支支出,小李子餐廳,97123817,0.00,1090.00,,,,餐飲費用,金錢,臺北市大安區****,2709*****,否,,,,,,,
17,耿葳,111年臺北市議員選舉,首次申報,1110515,雜支支出,露易莎咖啡店,38579419,0.00,260.00,,,,餐飲費用,金錢,臺北市文山區****,2239*****,否,,,,,,,
18,耿葳,111年臺北市議員選舉,首次申報,1110515,人事費用支出,傅翊涵,A22*******,0.00,30000.00,,,,工資或薪津,金錢,臺北市中山區****,,否,,,,,,,
19,耿葳,111年臺北市議員選舉,首次申報,1110515,人事費用支出,孫珮紜,R22*******,0.00,25000.00,,,,工資或薪津,金錢,臺北市中正區****,,否,,,,,,,
20,耿葳,111年臺北市議員選舉,首次申報,1110517,雜支支出,好市多,16439323,0.00,17452.00,,,,雜項購置或修繕費用,金錢,臺北市內湖區****,,否,,,,,,,
21,耿葳,111年臺北市議員選舉,首次申報,1110517,雜支支出,全聯福利中心,24805506,0.00,678.00,,,,雜項購置或修繕費用,金錢,臺北市文山區****,8663*****,否,,,,,,,
22,耿葳,111年臺北市議員選舉,首次申報,1110517,交通旅運支出,台灣中油車容坊股份有限公司,31932458,0.00,1717.00,,,,油資,金錢,臺北市文山區****,,否,,,,,,,
23,耿葳,111年臺北市議員選舉,首次申報,1110517,雜支支出,全家便利商店,54915071,0.00,108.00,,,,餐飲費用,金錢,臺北市信義區****,2720*****,否,,,,,,,
24,耿葳,111年臺北市議員選舉,首次申報,1110517,雜支支出,全家便利商店,70782908,0.00,98.00,,,,餐飲費用,金錢,臺北市大安區****,2754*****,否,,,,,,,
25,耿葳,111年臺北市議員選舉,首次申報,1110518,交通旅運支出,九和汽車股份有限公司,04799800,0.00,47263.00,,,,其他與交通旅運有關之費用,金錢,臺北市南港區****,2654*****,否,,,,,,,
26,耿葳,111年臺北市議員選舉,首次申報,1110518,雜支支出,躍獅新芳藥局,31830001,0.00,200.00,,,,雜項購置或修繕費用,金錢,臺北市文山區****,2930*****,否,,,,,,,
27,耿葳,111年臺北市議員選舉,首次申報,1110518,雜支支出,星華鍋物小吃店,31962852,0.00,1500.00,,,,餐飲費用,金錢,臺北市中山區****,2775*****,否,,,,,,,
28,耿葳,111年臺北市議員選舉,首次申報,1110521,雜支支出,全聯福利中心,24805506,0.00,1437.00,,,,雜項購置或修繕費用,金錢,臺北市文山區****,8663*****,否,,,,,,,
29,耿葳,111年臺北市議員選舉,首次申報,1110521,雜支支出,迷客夏飲料店,75935869,0.00,351.00,,,,餐飲費用,金錢,臺北市文山區****,8931*****,否,,,,,,,
30,耿葳,111年臺北市議員選舉,首次申報,1110523,雜支支出,紅皇后餐廳,13104078,0.00,3230.00,,,,餐飲費用,金錢,臺北市大安區****,2732*****,否,,,,,,,
31,耿葳,111年臺北市議員選舉,首次申報,1110523,雜支支出,遠企購物中心,50879073,0.00,2090.00,,,,雜項購置或修繕費用,金錢,臺北市大安區****,,否,,,,,,,
32,耿葳,111年臺北市議員選舉,首次申報,1110523,雜支支出,星巴克,53311989,0.00,260.00,,,,餐飲費用,金錢,臺北市大安區****,2732*****,否,,,,,,,
33,耿葳,111年臺北市議員選舉,首次申報,1110524,雜支支出,現代法國餐廳,82884887,0.00,2574.00,,,,餐飲費用,金錢,臺北市大安區****,2700*****,否,,,,,,,
34,耿葳,111年臺北市議員選舉,首次申報,1110526,雜支支出,姜太太包子店,25581378,0.00,100.00,,,,餐飲費用,金錢,臺北市大安區****,2781*****,否,,,,,,,
35,耿葳,111年臺北市議員選舉,首次申報,1110526,交通旅運支出,車容坊股份有限公司,31932458,0.00,1783.00,,,,油資,金錢,臺北市文山區****,,否,,,,,,,
36,耿葳,111年臺北市議員選舉,首次申報,1110526,雜支支出,雷門數據服務股份有限公司,90469075,0.00,2000.00,,,,雜項購置或修繕費用,金錢,臺北市大安區****,2700*****,否,,,,,,,
37,耿葳,111年臺北市議員選舉,首次申報,1110527,宣傳支出,中華郵政股份有限公司台北逸仙郵局,04127310,0.00,120.00,,,,郵寄競選物品或宣傳廣告費用,金錢,臺北市信義區****,2729*****,否,,,,,,,
38,耿葳,111年臺北市議員選舉,首次申報,1110528,雜支支出,好市多,16846757,0.00,930.00,,,,雜項購置或修繕費用,金錢,新北市汐止區****,,否,,,,,,,
39,耿葳,111年臺北市議員選舉,首次申報,1110528,雜支支出,新光三越黑武士餐廳,80033340,0.00,2838.00,,,,餐飲費用,金錢,臺北市信義區****,8780*****,否,,,,,,,
40,耿葳,111年臺北市議員選舉,首次申報,1110528,雜支支出,nene chicken韓式炸雞店店,87461471,0.00,479.00,,,,餐飲費用,金錢,新北市新店區****,2910*****,否,,,,,,,
41,耿葳,111年臺北市議員選舉,首次申報,1110529,雜支支出,全家便利商店,24808124,0.00,415.00,,,,雜項購置或修繕費用,金錢,臺北市文山區****,2935*****,否,,,,,,,
42,耿葳,111年臺北市議員選舉,首次申報,1110530,雜支支出,紅皇后餐廳,13104078,0.00,3036.00,,,,餐飲費用,金錢,臺北市大安區****,2732*****,否,,,,,,,
43,耿葳,111年臺北市議員選舉,首次申報,1110531,雜支支出,微風廣場,89477962,0.00,1029.00,,,,餐飲費用,金錢,臺北市松山區****,6600*****,否,,,,,,,
44,耿葳,111年臺北市議員選舉,首次申報,1110531,雜支支出,微風廣場,89477962,0.00,1020.00,,,,雜項購置或修繕費用,金錢,臺北市松山區****,6600*****,否,,,,,,,
45,耿葳,111年臺北市議員選舉,首次申報,1110531,雜支支出,微風廣場,89477962,0.00,132.00,,,,餐飲費用,金錢,臺北市松山區****,6600*****,否,,,,,,,
46,耿葳,111年臺北市議員選舉,首次申報,1110531,雜支支出,微風廣場,89477962,0.00,1111.00,,,,雜項購置或修繕費用,金錢,臺北市松山區****,6600*****,否,,,,,,,
47,耿葳,111年臺北市議員選舉,首次申報,1110601,雜支支出,花卉營業人,01226168,0.00,2000.00,,,,雜項購置或修繕費用,金錢,臺北市內湖區****,2792*****,否,,,,,,,
48,耿葳,111年臺北市議員選舉,首次申報,1110601,雜支支出,花卉營業人,01226168,0.00,3000.00,,,,雜項購置或修繕費用,金錢,臺北市內湖區****,2792*****,否,,,,,,,
49,耿葳,111年臺北市議員選舉,首次申報,1110601,雜支支出,心月餐廳有限公司,52875030,0.00,5200.00,,,,餐飲費用,金錢,臺北市信義信****,8780*****,否,,,,,,,
50,耿葳,111年臺北市議員選舉,首次申報,1110601,人事費用支出,蔡行健,U12*******,0.00,20000.00,,,,其他因工作酬勞之給付,金錢,新北市中和區****,,否,,,,,,,
51,耿葳,111年臺北市議員選舉,首次申報,1110602,雜支支出,花卉營業人,01226168,0.00,2000.00,,,,雜項購置或修繕費用,金錢,臺北市內湖區****,2792*****,否,,,,,,,
52,耿葳,111年臺北市議員選舉,首次申報,1110602,交通旅運支出,台灣中油車容坊股份有限公司,31932458,0.00,1767.00,,,,油資,金錢,臺北市文山區****,,否,,,,,,,
53,耿葳,111年臺北市議員選舉,首次申報,1110603,雜支支出,焦糖楓串燒木柵店,88158722,0.00,665.00,,,,餐飲費用,金錢,臺北市文山區****,,否,,,,,,,
54,耿葳,111年臺北市議員選舉,首次申報,1110604,雜支支出,迷克夏飲料店,75935869,0.00,321.00,,,,餐飲費用,金錢,臺北市文山區****,8931*****,否,,,,,,,
55,耿葳,111年臺北市議員選舉,首次申報,1110605,人事費用支出,孫珮紜,R22*******,0.00,25000.00,,,,工資或薪津,金錢,臺北市中正區****,,否,,,,,,,
56,耿葳,111年臺北市議員選舉,首次申報,1110605,人事費用支出,蔡行健,U12*******,0.00,16400.00,,,,工資或薪津,金錢,新北市中和區****,,否,,,,,,,
57,耿葳,111年臺北市議員選舉,首次申報,1110607,雜支支出,台北金融大樓股份有限公司,16095410,0.00,25000.00,,,,雜項購置或修繕費用,金錢,臺北市信義區****,8101*****,否,,,,,,,
58,耿葳,111年臺北市議員選舉,首次申報,1110607,雜支支出,台北金融大樓股份有限公司,16095410,0.00,5786.00,,,,餐飲費用,金錢,臺北市信義區****,8101*****,否,,,,,,,
59,耿葳,111年臺北市議員選舉,首次申報,1110607,雜支支出,迷克夏飲料店,75935869,0.00,176.00,,,,餐飲費用,金錢,臺北市文山區****,8931*****,否,,,,,,,
60,耿葳,111年臺北市議員選舉,首次申報,1110607,雜支支出,悅禾莊園,75965259,0.00,3300.00,,,,雜項購置或修繕費用,金錢,臺北市大安區****,2732*****,否,,,,,,,
61,耿葳,111年臺北市議員選舉,首次申報,1110607,雜支支出,福利麵包食品有限公司,82901372,0.00,223.00,,,,餐飲費用,金錢,臺北市大安區****,,否,,,,,,,
62,耿葳,111年臺北市議員選舉,首次申報,1110607,雜支支出,小李子餐廳有限公司,97123817,0.00,1050.00,,,,餐飲費用,金錢,臺北市大安區****,2709*****,否,,,,,,,
63,耿葳,111年臺北市議員選舉,首次申報,1110607,雜支支出,星巴克萬芳門市,99361526,0.00,230.00,,,,餐飲費用,金錢,臺北市文山區****,2933*****,否,,,,,,,
64,耿葳,111年臺北市議員選舉,首次申報,1110610,交通旅運支出,台灣中油車容坊股份有限公司,31932458,0.00,1276.00,,,,油資,金錢,臺北市文山區****,,否,,,,,,,
65,耿葳,111年臺北市議員選舉,首次申報,1110612,雜支支出,台北金融大樓股份有限公司,16095410,0.00,770.00,,,,餐飲費用,金錢,臺北市信義區****,8101*****,否,,,,,,,
66,耿葳,111年臺北市議員選舉,首次申報,1110612,雜支支出,台北金融大樓股份有限公司,16095410,0.00,1700.00,,,,雜項購置或修繕費用,金錢,臺北市信義區****,8101*****,否,,,,,,,
67,耿葳,111年臺北市議員選舉,首次申報,1110612,雜支支出,迷克夏飲料店,75935869,0.00,235.00,,,,餐飲費用,金錢,臺北市文山區****,8931*****,否,,,,,,,
68,耿葳,111年臺北市議員選舉,首次申報,1110612,雜支支出,驥園小吃店,77884232,0.00,3300.00,,,,餐飲費用,金錢,臺北市大安區****,2708*****,否,,,,,,,
69,耿葳,111年臺北市議員選舉,首次申報,1110614,雜支支出,立赫健保藥局,42310533,0.00,1400.00,,,,雜項購置或修繕費用,金錢,臺北市大安區****,3322*****,否,,,,,,,
70,耿葳,111年臺北市議員選舉,首次申報,1110614,雜支支出,新光三越,80033340,0.00,3520.00,,,,餐飲費用,金錢,臺北市信義區****,8780*****,否,,,,,,,
71,耿葳,111年臺北市議員選舉,首次申報,1110614,雜支支出,新光三越,80033340,0.00,1500.00,,,,雜項購置或修繕費用,金錢,臺北市信義區****,8780*****,否,,,,,,,
72,耿葳,111年臺北市議員選舉,首次申報,1110615,雜支支出,高雙管四神湯小吃店,42295147,0.00,240.00,,,,餐飲費用,金錢,臺北市文山區****,,否,,,,,,,
73,耿葳,111年臺北市議員選舉,首次申報,1110615,雜支支出,POYA寶雅,82948030,0.00,3497.00,,,,雜項購置或修繕費用,金錢,臺北市文山區****,2930*****,否,,,,,,,
74,耿葳,111年臺北市議員選舉,首次申報,1110615,雜支支出,全家便利商店,90514439,0.00,179.00,,,,餐飲費用,金錢,臺北市中山區****,2522*****,否,,,,,,,
75,耿葳,111年臺北市議員選舉,首次申報,1110615,宣傳支出,漁歌展業股份有限公司,96961862,0.00,12600.00,,,,租用廣告看板或車體廣告費用,金錢,臺北市松山區****,2562*****,否,,,,,,,
76,耿葳,111年臺北市議員選舉,首次申報,1110616,雜支支出,吉誠小吃店,38460995,0.00,1930.00,,,,餐飲費用,金錢,臺北市松山區****,2766*****,否,,,,,,,
77,耿葳,111年臺北市議員選舉,首次申報,1110618,交通旅運支出,車容坊股份有限公司,31932458,0.00,1908.00,,,,油資,金錢,臺北市文山區****,,否,,,,,,,
78,耿葳,111年臺北市議員選舉,首次申報,1110618,交通旅運支出,車容坊股份有限公司,31932458,0.00,300.00,,,,油資,金錢,臺北市文山區****,,否,,,,,,,
79,耿葳,111年臺北市議員選舉,首次申報,1110618,雜支支出,迷克夏飲料店,75935869,0.00,210.00,,,,餐飲費用,金錢,臺北市文山區****,8931*****,否,,,,,,,
80,耿葳,111年臺北市議員選舉,首次申報,1110618,雜支支出,太平洋崇光百貨股份有限公司,84310795,0.00,3865.00,,,,餐飲費用,金錢,臺北市大安區****,2776*****,否,,,,,,,
81,耿葳,111年臺北市議員選舉,首次申報,1110620,交通旅運支出,九和汽車股份有限公司修護總廠,04799800,0.00,9912.00,,,,其他與交通旅運有關之費用,金錢,臺北市南港區****,2654*****,否,,,,,,,
82,耿葳,111年臺北市議員選舉,首次申報,1110620,雜支支出,新光三越,16091596,0.00,519.00,,,,雜項購置或修繕費用,金錢,臺北市信義區****,8780*****,否,,,,,,,
83,耿葳,111年臺北市議員選舉,首次申報,1110620,雜支支出,新光三越,80033340,0.00,4164.00,,,,餐飲費用,金錢,臺北市信義區****,8780*****,否,,,,,,,
84,耿葳,111年臺北市議員選舉,首次申報,1110621,雜支支出,迷克夏飲料店,42506467,0.00,236.00,,,,餐飲費用,金錢,臺北市大安區****,8931*****,否,,,,,,,
85,耿葳,111年臺北市議員選舉,首次申報,1110621,雜支支出,le kief,88179607,0.00,9548.00,,,,餐飲費用,金錢,臺北市大安區****,2782*****,否,,,,,,,
86,耿葳,111年臺北市議員選舉,首次申報,1110622,雜支支出,7-11龍門店,54917893,0.00,151.00,,,,餐飲費用,金錢,臺北市大安區****,2362*****,否,,,,,,,
87,耿葳,111年臺北市議員選舉,首次申報,1110623,雜支支出,新光三越黑武士餐廳,80033340,0.00,5764.00,,,,餐飲費用,金錢,臺北市信義區****,8780*****,否,,,,,,,
88,耿葳,111年臺北市議員選舉,首次申報,1110625,雜支支出,遠東百貨,54911841,0.00,1365.00,,,,餐飲費用,金錢,臺北市信義區****,,否,,,,,,,
89,耿葳,111年臺北市議員選舉,首次申報,1110625,雜支支出,豆豆里DODOLI,83166884,0.00,2509.00,,,,餐飲費用,金錢,臺北市大安區****,02-3*****,否,,,,,,,
90,耿葳,111年臺北市議員選舉,首次申報,1110626,雜支支出,nene chicken韓式炸雞店店,87461471,0.00,479.00,,,,餐飲費用,金錢,新北市新店區****,2910*****,否,,,,,,,
91,耿葳,111年臺北市議員選舉,首次申報,1110627,雜支支出,松山小紅莓火鍋有限公司,12658613,0.00,1840.00,,,,餐飲費用,金錢,臺北市松山區****,2767*****,否,,,,,,,
92,耿葳,111年臺北市議員選舉,首次申報,1110627,交通旅運支出,台灣中油車容坊股份有限公司,31932458,0.00,1658.00,,,,油資,金錢,臺北市文山區****,,否,,,,,,,
93,耿葳,111年臺北市議員選舉,首次申報,1110627,雜支支出,迷克夏飲料店,75935869,0.00,291.00,,,,餐飲費用,金錢,臺北市文山區****,8931*****,否,,,,,,,
94,耿葳,111年臺北市議員選舉,首次申報,1110628,雜支支出,技固帕日式小吃店,38472916,0.00,4477.00,,,,餐飲費用,金錢,臺北市大安區****,2741*****,否,,,,,,,
95,耿葳,111年臺北市議員選舉,首次申報,1110629,雜支支出,麻膳堂餐廳,25105092,0.00,300.00,,,,餐飲費用,金錢,臺北市內湖區****,8791*****,否,,,,,,,
96,耿葳,111年臺北市議員選舉,首次申報,1110629,雜支支出,立赫健保藥局,42310533,0.00,760.00,,,,雜項購置或修繕費用,金錢,臺北市大安區****,3322*****,否,,,,,,,
97,耿葳,111年臺北市議員選舉,首次申報,1110629,雜支支出,迷克夏飲料店,75935869,0.00,171.00,,,,餐飲費用,金錢,臺北市文山區****,8931*****,否,,,,,,,
98,耿葳,111年臺北市議員選舉,首次申報,1110629,雜支支出,福利麵包食品有限公司,82901372,0.00,135.00,,,,餐飲費用,金錢,臺北市大安區****,,否,,,,,,,
99,耿葳,111年臺北市議員選舉,首次申報,1110629,雜支支出,小李子餐廳有限公司,97123817,0.00,1000.00,,,,餐飲費用,金錢,臺北市大安區****,2709*****,否,,,,,,,
100,耿葳,111年臺北市議員選舉,首次申報,1110630,繳庫支出,監察院,03753307,0.00,100000.00,,,,繳庫,非金錢,台北市忠孝東****,,否,,,,,,,
101,耿葳,111年臺北市議員選舉,首次申報,1110630,雜支支出,晶華國際酒店,04268726,0.00,2421.00,,,,餐飲費用,金錢,臺北市中山區****,2523*****,否,,,,,,,
102,耿葳,111年臺北市議員選舉,首次申報,1110630,雜支支出,PIZZAROCK義大利廳,42417248,0.00,1217.00,,,,餐飲費用,金錢,臺北市松山區****,2577*****,否,,,,,,,
103,耿葳,111年臺北市議員選舉,首次申報,1110630,雜支支出,迷克夏飲料店,42506467,0.00,392.00,,,,餐飲費用,金錢,臺北市大安區****,8931*****,否,,,,,,,
104,耿葳,111年臺北市議員選舉,首次申報,1110701,雜支支出,源禧麵包坊羅宋之家,26188535,0.00,140.00,,,,餐飲費用,金錢,新北市新店區****,,否,,,,,,,
105,耿葳,111年臺北市議員選舉,首次申報,1110701,雜支支出,晶華國際酒店,88104732,0.00,5066.00,,,,餐飲費用,金錢,臺北市中山區****,2523*****,否,,,,,,,
106,耿葳,111年臺北市議員選舉,首次申報,1110701,人事費用支出,孫紹凱,R12*******,0.00,25000.00,,,,工資或薪津,金錢,新北市淡水區****,,否,,,,,,,
107,耿葳,111年臺北市議員選舉,首次申報,1110701,人事費用支出,王譯生,S12*******,0.00,5100.00,,,,工資或薪津,金錢,臺北市信義區****,,否,,,,,,,
108,耿葳,111年臺北市議員選舉,首次申報,1110701,人事費用支出,王譯生,S12*******,0.00,3400.00,,,,工資或薪津,金錢,臺北市信義區****,,否,,,,,,,
109,耿葳,111年臺北市議員選舉,首次申報,1110701,人事費用支出,王譯生,S12*******,0.00,5100.00,,,,工資或薪津,金錢,臺北市信義區****,,否,,,,,,,
110,耿葳,111年臺北市議員選舉,首次申報,1110701,人事費用支出,王譯生,S12*******,0.00,3400.00,,,,工資或薪津,金錢,臺北市信義區****,,否,,,,,,,
111,耿葳,111年臺北市議員選舉,首次申報,1110703,雜支支出,遠百企業(股)公司景美分公司,23825103,0.00,607.00,,,,雜項購置或修繕費用,金錢,臺北市文山區****,2933*****,否,,,,,,,
112,耿葳,111年臺北市議員選舉,首次申報,1110704,雜支支出,雲品國際酒店,54389062,0.00,9400.00,,,,雜項購置或修繕費用,金錢,南投縣魚池鄉****,0428*****,否,,,,,,,
113,耿葳,111年臺北市議員選舉,首次申報,1110705,雜支支出,眷村燒餅,88257390,0.00,5000.00,,,,餐飲費用,金錢,臺北市文山區****,0985*****,否,,,,,,,
114,耿葳,111年臺北市議員選舉,首次申報,1110705,人事費用支出,吳耑雄,P12*******,0.00,50000.00,,,,工資或薪津,金錢,新北市板橋區****,,否,,,,,,,
115,耿葳,111年臺北市議員選舉,首次申報,1110705,人事費用支出,孫珮紜,R22*******,0.00,25000.00,,,,工資或薪津,金錢,臺北市中正區****,,否,,,,,,,
116,耿葳,111年臺北市議員選舉,首次申報,1110706,雜支支出,醴本韓國正統燒肉店,83179924,0.00,5478.00,,,,餐飲費用,金錢,臺中市西區中****,,否,,,,,,,
117,耿葳,111年臺北市議員選舉,首次申報,1110707,雜支支出,奄達的肉屋,45881922,0.00,7458.00,,,,餐飲費用,金錢,臺中市西區公****,04-2*****,否,,,,,,,
118,耿葳,111年臺北市議員選舉,首次申報,1110707,雜支支出,POYA寶雅,54912790,0.00,2293.00,,,,雜項購置或修繕費用,金錢,臺中市西公益****,04-2*****,否,,,,,,,
119,耿葳,111年臺北市議員選舉,首次申報,1110707,雜支支出,茶湯會飲料店,72311284,0.00,196.00,,,,餐飲費用,金錢,臺中市西區公****,,否,,,,,,,
120,耿葳,111年臺北市議員選舉,首次申報,1110707,雜支支出,康是美,83694978,0.00,1195.00,,,,雜項購置或修繕費用,金錢,臺中市西區公****,04-2*****,否,,,,,,,
121,耿葳,111年臺北市議員選舉,首次申報,1110708,雜支支出,大苑子飲料店,42411238,0.00,350.00,,,,餐飲費用,金錢,臺北市文山區****,,否,,,,,,,
122,耿葳,111年臺北市議員選舉,首次申報,1110708,雜支支出,遠百企業(股)公司,53014101,0.00,8094.00,,,,雜項購置或修繕費用,金錢,臺中市西屯區****,,否,,,,,,,
123,耿葳,111年臺北市議員選舉,首次申報,1110708,雜支支出,日日出(股)公司,61799148,0.00,630.00,,,,餐飲費用,金錢,臺中市西屯區****,04-2*****,否,,,,,,,
124,耿葳,111年臺北市議員選舉,首次申報,1110708,雜支支出,DORE餐廳,61844798,0.00,1169.00,,,,餐飲費用,金錢,臺中市西屯區****,04-2*****,否,,,,,,,
125,耿葳,111年臺北市議員選舉,首次申報,1110710,雜支支出,軒饌廚坊(股)公司,88170296,0.00,575.00,,,,餐飲費用,金錢,臺北市內湖陽****,2936*****,否,,,,,,,
126,耿葳,111年臺北市議員選舉,首次申報,1110711,雜支支出,新光三越黑武士餐廳,80033340,0.00,3168.00,,,,餐飲費用,金錢,臺北市信義區****,8780*****,否,,,,,,,
127,耿葳,111年臺北市議員選舉,首次申報,1110713,雜支支出,紅皇后餐廳,13104078,0.00,2115.00,,,,餐飲費用,金錢,臺北市大安區****,2732*****,否,,,,,,,
128,耿葳,111年臺北市議員選舉,首次申報,1110713,交通旅運支出,車容坊股份有限公司,31932458,0.00,1669.00,,,,油資,金錢,臺北市文山區****,,否,,,,,,,
129,耿葳,111年臺北市議員選舉,首次申報,1110714,雜支支出,7-ELEVEN,53650143,0.00,394.00,,,,雜項購置或修繕費用,金錢,臺北市信義區****,,否,,,,,,,
130,耿葳,111年臺北市議員選舉,首次申報,1110714,雜支支出,全家便利商店,54915071,0.00,286.00,,,,雜項購置或修繕費用,金錢,臺北市信義區****,2720*****,否,,,,,,,
131,耿葳,111年臺北市議員選舉,首次申報,1110715,雜支支出,原鮨割烹餐飲公司,82829415,0.00,5500.00,,,,餐飲費用,金錢,臺北市大安區****,2703*****,否,,,,,,,
132,耿葳,111年臺北市議員選舉,首次申報,1110716,雜支支出,新光三越,27922534,0.00,1295.00,,,,餐飲費用,金錢,臺北市信義區****,8780*****,否,,,,,,,
133,耿葳,111年臺北市議員選舉,首次申報,1110716,雜支支出,迷克夏飲料店,42506467,0.00,281.00,,,,餐飲費用,金錢,臺北市大安區****,8931*****,否,,,,,,,
134,耿葳,111年臺北市議員選舉,首次申報,1110716,雜支支出,遠百企業(股)公司,54911841,0.00,540.00,,,,餐飲費用,金錢,臺北市信義區****,,否,,,,,,,
135,耿葳,111年臺北市議員選舉,首次申報,1110717,雜支支出,7-ELEVEN,22959743,0.00,146.00,,,,餐飲費用,金錢,臺北市文山區****,,否,,,,,,,
136,耿葳,111年臺北市議員選舉,首次申報,1110717,雜支支出,屈臣氏,97161207,0.00,738.00,,,,雜項購置或修繕費用,金錢,臺北市中正區****,,否,,,,,,,
137,耿葳,111年臺北市議員選舉,首次申報,1110718,雜支支出,全家便利商店,54915071,0.00,261.00,,,,餐飲費用,金錢,臺北市信義區****,,否,,,,,,,
138,耿葳,111年臺北市議員選舉,首次申報,1110718,人事費用支出,孫珮紜,R22*******,0.00,25000.00,,,,工資或薪津,金錢,臺北市中正區****,,否,,,,,,,
139,耿葳,111年臺北市議員選舉,首次申報,1110719,雜支支出,全家便利商店,25627233,0.00,117.00,,,,餐飲費用,金錢,臺北市信義區****,,否,,,,,,,
140,耿葳,111年臺北市議員選舉,首次申報,1110719,雜支支出,MOMO牧場燒肉店,28443054,0.00,1098.00,,,,餐飲費用,金錢,臺北市信義區****,,否,,,,,,,
141,耿葳,111年臺北市議員選舉,首次申報,1110720,雜支支出,紅皇后餐廳,13104078,0.00,2301.00,,,,餐飲費用,金錢,臺北市大安區****,2732*****,否,,,,,,,
142,耿葳,111年臺北市議員選舉,首次申報,1110720,雜支支出,香奈兒有限公司,76309154,0.00,10540.00,,,,雜項購置或修繕費用,金錢,臺北市信義區****,3725*****,否,,,,,,,
143,耿葳,111年臺北市議員選舉,首次申報,1110720,雜支支出,全家便利商店,83663102,0.00,258.00,,,,餐飲費用,金錢,臺北市大安區****,,否,,,,,,,
144,耿葳,111年臺北市議員選舉,首次申報,1110720,雜支支出,眷村燒餅,88257390,0.00,3750.00,,,,餐飲費用,金錢,臺北市文山區****,0985*****,否,,,,,,,
145,耿葳,111年臺北市議員選舉,首次申報,1110721,雜支支出,迷客夏飲料店,75935869,0.00,161.00,,,,餐飲費用,金錢,臺北市文山區****,8931*****,否,,,,,,,
146,耿葳,111年臺北市議員選舉,首次申報,1110722,交通旅運支出,台灣中油,01802176,0.00,2063.00,,,,油資,金錢,臺北市大安區****,,否,,,,,,,
147,耿葳,111年臺北市議員選舉,首次申報,1110722,雜支支出,小李子餐廳有限公司,97123817,0.00,1345.00,,,,餐飲費用,金錢,臺北市大安區****,2709*****,否,,,,,,,
148,耿葳,111年臺北市議員選舉,首次申報,1110723,雜支支出,迷克夏飲料店,75935869,0.00,276.00,,,,餐飲費用,金錢,臺北市文山區****,8931*****,否,,,,,,,
149,耿葳,111年臺北市議員選舉,首次申報,1110723,雜支支出,麥當勞,96976443,0.00,285.00,,,,餐飲費用,金錢,臺北市文山區****,,否,,,,,,,
150,耿葳,111年臺北市議員選舉,首次申報,1110724,雜支支出,悅禾莊園SPA,75965259,0.00,5200.00,,,,雜項購置或修繕費用,金錢,臺北市大安區****,,否,,,,,,,
151,耿葳,111年臺北市議員選舉,首次申報,1110725,雜支支出,鍋霸有限公司,24475076,0.00,1914.00,,,,餐飲費用,金錢,臺北市松山區****,2757*****,否,,,,,,,
152,耿葳,111年臺北市議員選舉,首次申報,1110726,租用宣傳車輛支出,中租汽車租賃股份有限公司,27998148,0.00,8500.00,,,,租用宣傳車輛費用,金錢,臺北市內湖區****,,否,,,,,,,
153,耿葳,111年臺北市議員選舉,首次申報,1110726,雜支支出,新光三越黑武士餐廳,80033340,0.00,4388.00,,,,餐飲費用,金錢,臺北市信義區****,8780*****,否,,,,,,,
154,耿葳,111年臺北市議員選舉,首次申報,1110727,租用宣傳車輛支出,中租汽車租賃股份有限公司,27998148,0.00,1500.00,,,,租用宣傳車輛費用,金錢,臺北市內湖區****,,否,,,,,,,
155,耿葳,111年臺北市議員選舉,首次申報,1110727,租用宣傳車輛支出,中租汽車租賃股份有限公司,31974914,0.00,2250.00,,,,租用宣傳車輛費用,金錢,臺北市大同區****,,否,,,,,,,
156,耿葳,111年臺北市議員選舉,首次申報,1110728,雜支支出,富邦媒體科技股份有限公司,27365925,0.00,1980.00,,,,雜項購置或修繕費用,金錢,臺北市內湖區****,,否,,,,,,,
157,耿葳,111年臺北市議員選舉,首次申報,1110728,人事費用支出,王賀,A13*******,0.00,600.00,,,,工資或薪津,金錢,臺北市內湖區****,,否,,,,,,,
158,耿葳,111年臺北市議員選舉,首次申報,1110729,租用宣傳車輛支出,中租汽車租賃股份有限公司,27998148,0.00,3400.00,,,,租用宣傳車輛費用,金錢,臺北市內湖區****,,否,,,,,,,
159,耿葳,111年臺北市議員選舉,首次申報,1110729,雜支支出,晶澈科技股份有限公司,83766796,0.00,3230.00,,,,雜項購置或修繕費用,金錢,桃園市大溪區****,,否,,,,,,,
160,耿葳,111年臺北市議員選舉,首次申報,1110730,人事費用支出,閻昱伶,I20*******,0.00,600.00,,,,工資或薪津,金錢,臺南市新營區****,,否,,,,,,,
161,耿葳,111年臺北市議員選舉,首次申報,1110731,雜支支出,晶華國際酒店,04268726,0.00,2475.00,,,,餐飲費用,金錢,臺北市中山區****,2523*****,否,,,,,,,
162,耿葳,111年臺北市議員選舉,首次申報,1110731,雜支支出,海底撈火鍋,58579916,0.00,2699.00,,,,餐飲費用,金錢,臺北市松山區****,2719*****,否,,,,,,,
163,耿葳,111年臺北市議員選舉,首次申報,1110731,雜支支出,忠孝水菓店,77912650,0.00,933.00,,,,雜項購置或修繕費用,金錢,臺北市大安區****,2721*****,否,,,,,,,
164,耿葳,111年臺北市議員選舉,首次申報,1110801,雜支支出,蝦米水果行,25579035,0.00,1180.00,,,,雜項購置或修繕費用,金錢,臺北市文山區****,,否,,,,,,,
165,耿葳,111年臺北市議員選舉,首次申報,1110801,交通旅運支出,車容坊股份有限公司,31932458,0.00,903.00,,,,油資,金錢,臺北市文山區****,,否,,,,,,,
166,耿葳,111年臺北市議員選舉,首次申報,1110801,雜支支出,眷村燒餅,88257390,0.00,2500.00,,,,餐飲費用,金錢,臺北市文山區****,0985*****,否,,,,,,,
167,耿葳,111年臺北市議員選舉,首次申報,1110801,人事費用支出,孫紹凱,R12*******,0.00,25000.00,,,,工資或薪津,金錢,新北市淡水區****,,否,,,,,,,
168,耿葳,111年臺北市議員選舉,首次申報,1110801,人事費用支出,李梅玉,R20*******,0.00,30000.00,,,,工資或薪津,金錢,臺北市大安區****,,否,,,,,,,
169,耿葳,111年臺北市議員選舉,首次申報,1110802,雜支支出,好市多,16439323,0.00,4598.00,,,,雜項購置或修繕費用,金錢,臺北市內湖區****,,否,,,,,,,
170,耿葳,111年臺北市議員選舉,首次申報,1110802,雜支支出,三協成小吃店,18400422,0.00,520.00,,,,餐飲費用,金錢,臺北市文山區****,2935*****,否,,,,,,,
171,耿葳,111年臺北市議員選舉,首次申報,1110802,租用宣傳車輛支出,精緻 專業汽車美容,26387767,0.00,4000.00,,,,其他與租用宣傳車輛有關之費用,金錢,臺北市信義區****,0925*****,否,,,,,,,
172,耿葳,111年臺北市議員選舉,首次申報,1110802,雜支支出,初魚,88179536,0.00,3520.00,,,,餐飲費用,金錢,臺北市中山區****,2366*****,否,,,,,,,
173,耿葳,111年臺北市議員選舉,首次申報,1110803,租用宣傳車輛支出,中租汽車租賃股份有限公司,31974914,0.00,3750.00,,,,租用宣傳車輛費用,金錢,臺北市大同區****,,否,,,,,,,
174,耿葳,111年臺北市議員選舉,首次申報,1110803,租用宣傳車輛支出,中租汽車租賃股份有限公司,31974914,0.00,2000.00,,,,租用宣傳車輛費用,金錢,臺北市大同區****,,否,,,,,,,
175,耿葳,111年臺北市議員選舉,首次申報,1110803,租用宣傳車輛支出,中租汽車租賃股份有限公司,31974914,0.00,3000.00,,,,租用宣傳車輛費用,金錢,臺北市大同區****,,否,,,,,,,
176,耿葳,111年臺北市議員選舉,首次申報,1110803,租用宣傳車輛支出,中租汽車租賃股份有限公司,31974914,0.00,2000.00,,,,租用宣傳車輛費用,金錢,臺北市大同區****,,否,,,,,,,
177,耿葳,111年臺北市議員選舉,首次申報,1110804,雜支支出,大潤發,27243775,0.00,6560.00,,,,雜項購置或修繕費用,金錢,臺北市中山區****,2779*****,否,,,,,,,
178,耿葳,111年臺北市議員選舉,首次申報,1110804,雜支支出,大潤發,27243775,0.00,1836.00,,,,雜項購置或修繕費用,金錢,臺北市中山區****,2779*****,否,,,,,,,
179,耿葳,111年臺北市議員選舉,首次申報,1110804,租用宣傳車輛支出,中租汽車租賃股份有限公司,27998148,0.00,8500.00,,,,租用宣傳車輛費用,金錢,臺北市內湖區****,,否,,,,,,,
180,耿葳,111年臺北市議員選舉,首次申報,1110804,雜支支出,新光三越,80033340,0.00,4626.00,,,,餐飲費用,金錢,臺北市信義區****,8780*****,否,,,,,,,
181,耿葳,111年臺北市議員選舉,首次申報,1110805,雜支支出,青吉商行,09498070,0.00,500.00,,,,雜項購置或修繕費用,金錢,臺北市青田街****,,否,,,,,,,
182,耿葳,111年臺北市議員選舉,首次申報,1110805,雜支支出,萬隆燒臘,26243306,0.00,310.00,,,,餐飲費用,金錢,臺北市文山區****,,否,,,,,,,
183,耿葳,111年臺北市議員選舉,首次申報,1110805,雜支支出,50大到池上飯包店,26307390,0.00,2400.00,,,,餐飲費用,金錢,臺北市文山區****,2933*****,否,,,,,,,
184,耿葳,111年臺北市議員選舉,首次申報,1110805,雜支支出,開泰豐國際股份有限公司,28202098,0.00,9020.00,,,,餐飲費用,金錢,臺北市松山區****,2715*****,否,,,,,,,
185,耿葳,111年臺北市議員選舉,首次申報,1110805,雜支支出,眷村燒餅,88257390,0.00,2400.00,,,,餐飲費用,金錢,臺北市文山區****,0985*****,否,,,,,,,
186,耿葳,111年臺北市議員選舉,首次申報,1110805,雜支支出,眷村燒餅,88257390,0.00,5000.00,,,,雜項購置或修繕費用,金錢,臺北市文山區****,0985*****,否,,,,,,,
187,耿葳,111年臺北市議員選舉,首次申報,1110805,人事費用支出,吳耑雄,P12*******,0.00,50000.00,,,,工資或薪津,金錢,新北市板橋區****,,否,,,,,,,
188,耿葳,111年臺北市議員選舉,首次申報,1110805,人事費用支出,蔡行健,U12*******,0.00,75000.00,,,,工資或薪津,金錢,新北市中和區****,,否,,,,,,,
189,耿葳,111年臺北市議員選舉,首次申報,1110806,雜支支出,迷克夏飲料店,42506467,0.00,291.00,,,,餐飲費用,金錢,臺北市大安區****,8931*****,否,,,,,,,
190,耿葳,111年臺北市議員選舉,首次申報,1110807,雜支支出,杰豐有限公司,28313067,0.00,570.00,,,,餐飲費用,金錢,臺北市大安區****,2707*****,否,,,,,,,
191,耿葳,111年臺北市議員選舉,首次申報,1110807,交通旅運支出,車容坊股份有限公司,31932458,0.00,1162.00,,,,油資,金錢,臺北市文山區****,,否,,,,,,,
192,耿葳,111年臺北市議員選舉,首次申報,1110808,繳庫支出,監察院,03753307,0.00,20000.00,,,,繳庫,金錢,台北市忠孝東****,,否,,,,,,,
193,耿葳,111年臺北市議員選舉,首次申報,1110808,雜支支出,屈臣氏,16743577,0.00,1028.00,,,,雜項購置或修繕費用,金錢,臺北市信義區****,,否,,,,,,,
194,耿葳,111年臺北市議員選舉,首次申報,1110808,雜支支出,王品牛排店,42449419,0.00,3190.00,,,,餐飲費用,金錢,臺北市中正區****,,否,,,,,,,
195,耿葳,111年臺北市議員選舉,首次申報,1110808,雜支支出,惠康百貨(股)公司,84309523,0.00,1010.00,,,,雜項購置或修繕費用,金錢,臺北市大安區****,,否,,,,,,,
196,耿葳,111年臺北市議員選舉,首次申報,1110808,租用宣傳車輛支出,日月亭板橋雙十廣場營業所,91389178,0.00,710.00,,,,其他與租用宣傳車輛有關之費用,金錢,新北市板橋區****,,否,,,,,,,
197,耿葳,111年臺北市議員選舉,首次申報,1110810,雜支支出,青吉商行,09498070,0.00,550.00,,,,雜項購置或修繕費用,金錢,臺北市青田街****,,否,,,,,,,
198,耿葳,111年臺北市議員選舉,首次申報,1110810,租用宣傳車輛支出,中租汽車租賃股份有限公司,27998148,0.00,5100.00,,,,租用宣傳車輛費用,金錢,臺北市內湖區****,,否,,,,,,,
199,耿葳,111年臺北市議員選舉,首次申報,1110812,租用宣傳車輛支出,中租汽車租賃股份有限公司,27998148,0.00,6800.00,,,,租用宣傳車輛費用,金錢,臺北市內湖區****,,否,,,,,,,
200,耿葳,111年臺北市議員選舉,首次申報,1110812,租用宣傳車輛支出,中租汽車租賃股份有限公司,31974914,0.00,5250.00,,,,租用宣傳車輛費用,金錢,臺北市大同區****,,否,,,,,,,
201,耿葳,111年臺北市議員選舉,首次申報,1110812,租用宣傳車輛支出,中租汽車租賃股份有限公司,31974914,0.00,2800.00,,,,租用宣傳車輛費用,金錢,臺北市大同區****,,否,,,,,,,
202,耿葳,111年臺北市議員選舉,首次申報,1110812,交通旅運支出,全國加油站,99231003,0.00,313.00,,,,油資,金錢,新北市土城區****,,否,,,,,,,
203,耿葳,111年臺北市議員選舉,首次申報,1110812,交通旅運支出,全國加油站,99231003,0.00,626.00,,,,油資,金錢,新北市土城區****,,否,,,,,,,
204,耿葳,111年臺北市議員選舉,首次申報,1110813,雜支支出,康是美,28462679,0.00,1006.00,,,,雜項購置或修繕費用,金錢,臺北市松山區****,,否,,,,,,,
205,耿葳,111年臺北市議員選舉,首次申報,1110813,雜支支出,海底撈火鍋,58579916,0.00,2390.00,,,,餐飲費用,金錢,臺北市松山區****,2719*****,否,,,,,,,
206,耿葳,111年臺北市議員選舉,首次申報,1110814,雜支支出,青吉商行,09498070,0.00,450.00,,,,雜項購置或修繕費用,金錢,臺北市青田街****,,否,,,,,,,
207,耿葳,111年臺北市議員選舉,首次申報,1110814,交通旅運支出,車容坊股份有限公司,31932458,0.00,1525.00,,,,油資,金錢,臺北市文山區****,,否,,,,,,,
208,耿葳,111年臺北市議員選舉,首次申報,1110815,雜支支出,大盈若沖餐飲有限松,25137094,0.00,6600.00,,,,餐飲費用,金錢,臺北市大安區****,2725*****,否,,,,,,,
209,耿葳,111年臺北市議員選舉,首次申報,1110815,雜支支出,雷門數據服務股份有限公司,90469075,0.00,4000.00,,,,雜項購置或修繕費用,金錢,臺北市大安區****,2700*****,否,,,,,,,
210,耿葳,111年臺北市議員選舉,首次申報,1110817,雜支支出,楓葉國際(股)公司,52441345,0.00,4675.00,,,,餐飲費用,金錢,臺北市信義區****,8780*****,否,,,,,,,
211,耿葳,111年臺北市議員選舉,首次申報,1110818,雜支支出,全家便利商店,23167419,0.00,452.00,,,,雜項購置或修繕費用,金錢,臺北市信義區****,,否,,,,,,,
212,耿葳,111年臺北市議員選舉,首次申報,1110819,雜支支出,富邦媒體科技股份有限公司,27365925,0.00,3360.00,,,,雜項購置或修繕費用,金錢,臺北市內湖區****,,否,,,,,,,
213,耿葳,111年臺北市議員選舉,首次申報,1110819,雜支支出,瓦城泰統集團,28840027,0.00,1550.00,,,,餐飲費用,金錢,新北市新店區****,2219*****,否,,,,,,,
214,耿葳,111年臺北市議員選舉,首次申報,1110820,雜支支出,金緻專業汽車美容,26387767,0.00,6000.00,,,,雜項購置或修繕費用,金錢,臺北市信義區****,0925*****,否,,,,,,,
215,耿葳,111年臺北市議員選舉,首次申報,1110820,雜支支出,北方果園場,88283067,0.00,1200.00,,,,雜項購置或修繕費用,金錢,臺北市文山區****,2931*****,否,,,,,,,
216,耿葳,111年臺北市議員選舉,首次申報,1110820,人事費用支出,王賀,A13*******,0.00,400.00,,,,工資或薪津,金錢,臺北市內湖區****,,否,,,,,,,
217,耿葳,111年臺北市議員選舉,首次申報,1110820,人事費用支出,黃逢廣,H10*******,0.00,1000.00,,,,工資或薪津,金錢,臺北市文山區****,,否,,,,,,,
218,耿葳,111年臺北市議員選舉,首次申報,1110822,雜支支出,微風台北車站,28441577,0.00,550.00,,,,餐飲費用,金錢,臺北市中正區****,,否,,,,,,,
219,耿葳,111年臺北市議員選舉,首次申報,1110822,雜支支出,台中商貿,82658329,0.00,7326.00,,,,餐飲費用,金錢,臺中市西屯區****,,否,,,,,,,
220,耿葳,111年臺北市議員選舉,首次申報,1110823,雜支支出,杰豐有限公司,28313067,0.00,825.00,,,,餐飲費用,金錢,臺北市大安區****,2707*****,否,,,,,,,
221,耿葳,111年臺北市議員選舉,首次申報,1110823,雜支支出,初魚餐廳,50893259,0.00,3520.00,,,,餐飲費用,金錢,臺北市大安區****,2366*****,否,,,,,,,
222,耿葳,111年臺北市議員選舉,首次申報,1110825,交通旅運支出,台灣中油車容坊股份有限公司,31932458,0.00,1524.00,,,,油資,金錢,臺北市文山區****,,否,,,,,,,
223,耿葳,111年臺北市議員選舉,首次申報,1110825,雜支支出,眷村燒餅,88257390,0.00,5000.00,,,,餐飲費用,金錢,臺北市文山區****,0985*****,否,,,,,,,
224,耿葳,111年臺北市議員選舉,首次申報,1110825,雜支支出,連芳梅,A22*******,0.00,1500.00,,,,雜項購置或修繕費用,金錢,臺北市信義區****,0936*****,否,,,,,,,
225,耿葳,111年臺北市議員選舉,首次申報,1110826,繳庫支出,監察院,03753307,0.00,30000.00,,,,繳庫,金錢,台北市忠孝東****,,否,,,,,,,
226,耿葳,111年臺北市議員選舉,首次申報,1110826,雜支支出,台北金融大樓股份有限公司,16095410,0.00,495.00,,,,餐飲費用,金錢,臺北市信義區****,8101*****,否,,,,,,,
227,耿葳,111年臺北市議員選舉,首次申報,1110827,雜支支出,海底撈火鍋,58579916,0.00,2429.00,,,,餐飲費用,金錢,臺北市松山區****,2719*****,否,,,,,,,
228,耿葳,111年臺北市議員選舉,首次申報,1110828,雜支支出,不老聖健康事業(股)公司,52696748,0.00,2100.00,,,,雜項購置或修繕費用,金錢,臺北市中山區****,,否,,,,,,,
229,耿葳,111年臺北市議員選舉,首次申報,1110829,雜支支出,誠品生活館,27258333,0.00,1550.00,,,,餐飲費用,金錢,臺北市信義區****,,否,,,,,,,
230,耿葳,111年臺北市議員選舉,首次申報,1110829,雜支支出,時熙國際(股)有限公司,90611880,0.00,756.00,,,,雜項購置或修繕費用,金錢,臺北市松山區****,,否,,,,,,,
231,耿葳,111年臺北市議員選舉,首次申報,1110829,人事費用支出,王賀,A13*******,0.00,21000.00,,,,工資或薪津,金錢,臺北市內湖區****,,否,,,,,,,
232,耿葳,111年臺北市議員選舉,首次申報,1110829,人事費用支出,鄭重模,F12*******,0.00,9000.00,,,,工資或薪津,金錢,新北市新店區****,,否,,,,,,,
233,耿葳,111年臺北市議員選舉,首次申報,1110829,人事費用支出,田志雄,U12*******,0.00,9000.00,,,,工資或薪津,金錢,新北市新店區****,,否,,,,,,,
234,耿葳,111年臺北市議員選舉,首次申報,1110830,宣傳支出,米卡洛商行,50585767,0.00,8000.00,,,,製作競選物品或宣傳廣告費用（手提袋）,金錢,基隆市中正路****,0933*****,否,,,,,,,
235,耿葳,111年臺北市議員選舉,首次申報,1110830,雜支支出,微風廣場,89477962,0.00,3440.00,,,,餐飲費用,金錢,臺北市松山區****,6600*****,否,,,,,,,
236,耿葳,111年臺北市議員選舉,首次申報,1110831,雜支支出,晶華國際酒店,04268726,0.00,13697.00,,,,餐飲費用,金錢,臺北市中山區****,2523*****,否,,,,,,,
237,耿葳,111年臺北市議員選舉,首次申報,1110831,雜支支出,偉盛花坊,10355260,0.00,927.00,,,,雜項購置或修繕費用,金錢,臺北市南京東****,2777*****,否,,,,,,,
238,耿葳,111年臺北市議員選舉,首次申報,1110831,雜支支出,UNIQLO景美瀚星店,38539917,0.00,7700.00,,,,雜項購置或修繕費用,金錢,臺北市文山區****,2930*****,否,,,,,,,
239,耿葳,111年臺北市議員選舉,首次申報,1110831,雜支支出,50嵐綠茶連鎖專賣店,48891017,0.00,366.00,,,,餐飲費用,金錢,臺北市文山區****,,否,,,,,,,
240,耿葳,111年臺北市議員選舉,首次申報,1110831,雜支支出,壽喜燒一丁,50903995,0.00,1338.00,,,,餐飲費用,金錢,臺北市文山區****,,否,,,,,,,
241,耿葳,111年臺北市議員選舉,首次申報,1110831,雜支支出,新光三越,80033340,0.00,3520.00,,,,餐飲費用,金錢,臺北市信義區****,8780*****,否,,,,,,,
242,耿葳,111年臺北市議員選舉,首次申報,1110831,雜支支出,POYA寶雅,82948030,0.00,4942.00,,,,雜項購置或修繕費用,金錢,臺北市文山區****,2930*****,否,,,,,,,
243,耿葳,111年臺北市議員選舉,首次申報,1110831,宣傳支出,徐永基,K12*******,0.00,20000.00,,,,租用廣告看板或車體廣告費用,金錢,臺北市文山區****,,否,,,,,,,
244,耿葳,111年臺北市議員選舉,首次申報,1110901,交通旅運支出,車容坊股份有限公司,31932458,0.00,1595.00,,,,油資,金錢,臺北市文山區****,,否,,,,,,,
245,耿葳,111年臺北市議員選舉,首次申報,1110901,雜支支出,茹絲葵食品企業股份有限公司,38592638,0.00,5500.00,,,,餐飲費用,金錢,臺北市中山區****,8501*****,否,,,,,,,
246,耿葳,111年臺北市議員選舉,首次申報,1110901,雜支支出,迷克夏飲料店,42506467,0.00,305.00,,,,餐飲費用,金錢,臺北市大安區****,8931*****,否,,,,,,,
247,耿葳,111年臺北市議員選舉,首次申報,1110901,租用競選辦事處支出,黃智森  黃智杰,A12*******,0.00,150000.00,,,,租用競選辦事處費用,金錢,臺北市文山區****,,否,,,,,,,
248,耿葳,111年臺北市議員選舉,首次申報,1110901,人事費用支出,詹麗玲,A22*******,0.00,50000.00,,,,工資或薪津,金錢,臺北市文山區****,,否,,,,,,,
249,耿葳,111年臺北市議員選舉,首次申報,1110901,人事費用支出,楊銘華,F12*******,0.00,50000.00,,,,工資或薪津,金錢,新北市板橋區****,,否,,,,,,,
250,耿葳,111年臺北市議員選舉,首次申報,1110901,人事費用支出,孫紹凱,R12*******,0.00,50000.00,,,,工資或薪津,金錢,新北市淡水區****,,否,,,,,,,
251,耿葳,111年臺北市議員選舉,首次申報,1110903,雜支支出,迷克夏飲料店,75935869,0.00,201.00,,,,餐飲費用,金錢,臺北市文山區****,8931*****,否,,,,,,,
252,耿葳,111年臺北市議員選舉,首次申報,1110903,人事費用支出,李梅玉,R20*******,0.00,30000.00,,,,工資或薪津,金錢,臺北市大安區****,,否,,,,,,,
253,耿葳,111年臺北市議員選舉,首次申報,1110904,雜支支出,全家便利商店,24808124,0.00,244.00,,,,雜項購置或修繕費用,金錢,臺北市文山區****,2935*****,否,,,,,,,
254,耿葳,111年臺北市議員選舉,首次申報,1110904,雜支支出,7-11,27949983,0.00,814.00,,,,雜項購置或修繕費用,金錢,臺北市大安區****,,否,,,,,,,
255,耿葳,111年臺北市議員選舉,首次申報,1110904,雜支支出,康是美,28462679,0.00,1453.00,,,,雜項購置或修繕費用,金錢,臺北市松山區****,,否,,,,,,,
256,耿葳,111年臺北市議員選舉,首次申報,1110904,交通旅運支出,車容坊股份有限公司,31932458,0.00,1893.00,,,,油資,金錢,臺北市文山區****,,否,,,,,,,
257,耿葳,111年臺北市議員選舉,首次申報,1110904,雜支支出,海底撈火鍋,58579916,0.00,2970.00,,,,餐飲費用,金錢,臺北市松山區****,2719*****,否,,,,,,,
258,耿葳,111年臺北市議員選舉,首次申報,1110905,宣傳支出,禾生印刷有限公司,23678377,0.00,38500.00,,,,製作競選物品或宣傳廣告費用（物品名稱-請填寫）,金錢,新北市樹林區****,2681*****,否,,,,,,,
259,耿葳,111年臺北市議員選舉,首次申報,1110905,雜支支出,大盈若沖餐飲有限松,25137094,0.00,6600.00,,,,餐飲費用,金錢,臺北市大安區****,2725*****,否,,,,,,,
260,耿葳,111年臺北市議員選舉,首次申報,1110905,雜支支出,車容坊股份有限公司,31932458,0.00,15600.00,,,,雜項購置或修繕費用,金錢,臺北市文山區****,,否,,,,,,,
261,耿葳,111年臺北市議員選舉,首次申報,1110905,雜支支出,全家便利商店,54915071,0.00,250.00,,,,雜項購置或修繕費用,金錢,臺北市信義區****,,否,,,,,,,
262,耿葳,111年臺北市議員選舉,首次申報,1110905,雜支支出,悅禾莊園,75965259,0.00,3500.00,,,,雜項購置或修繕費用,金錢,臺北市大安區****,2732*****,否,,,,,,,
263,耿葳,111年臺北市議員選舉,首次申報,1110905,人事費用支出,蔡行健,U12*******,0.00,22000.00,,,,工資或薪津,金錢,新北市中和區****,,否,,,,,,,
264,耿葳,111年臺北市議員選舉,首次申報,1110906,雜支支出,7-11,24817405,0.00,164.00,,,,雜項購置或修繕費用,金錢,臺北市大安區****,,否,,,,,,,
265,耿葳,111年臺北市議員選舉,首次申報,1110906,雜支支出,淞品生技(股)公司,27522811,0.00,14400.00,,,,雜項購置或修繕費用,金錢,嘉義縣溪口鄉****,,否,,,,,,,
266,耿葳,111年臺北市議員選舉,首次申報,1110906,雜支支出,中鼎國際開發股份有限公司,52878091,0.00,1083.00,,,,餐飲費用,金錢,臺北市大安區****,2731*****,否,,,,,,,
267,耿葳,111年臺北市議員選舉,首次申報,1110906,雜支支出,張劍平,75974172,0.00,4350.00,,,,雜項購置或修繕費用,金錢,臺北市萬華區****,2388*****,否,,,,,,,
268,耿葳,111年臺北市議員選舉,首次申報,1110906,雜支支出,雷門數據服務股份有限公司,90469075,0.00,1800.00,,,,雜項購置或修繕費用,金錢,臺北市大安區****,2700*****,否,,,,,,,
269,耿葳,111年臺北市議員選舉,首次申報,1110907,租用競選辦事處支出,宜家家居(股)公司,90880370,0.00,6392.00,,,,租買辦公設備費用,金錢,臺北市內湖區****,,否,,,,,,,
270,耿葳,111年臺北市議員選舉,首次申報,1110907,租用競選辦事處支出,宜家家居(股)公司,90880370,0.00,5794.00,,,,租買辦公設備費用,金錢,臺北市內湖區****,,否,,,,,,,
271,耿葳,111年臺北市議員選舉,首次申報,1110908,交通旅運支出,車容坊股份有限公司,31932458,0.00,2021.00,,,,油資,金錢,臺北市文山區****,,否,,,,,,,
272,耿葳,111年臺北市議員選舉,首次申報,1110908,雜支支出,新光三越,80033340,0.00,3343.00,,,,餐飲費用,金錢,臺北市信義區****,8780*****,否,,,,,,,
273,耿葳,111年臺北市議員選舉,首次申報,1110909,雜支支出,瓦城泰統集團,28840027,0.00,1875.00,,,,餐飲費用,金錢,新北市新店區****,2219*****,否,,,,,,,
274,耿葳,111年臺北市議員選舉,首次申報,1110910,雜支支出,不老聖健康事業(股)公司,52696748,0.00,1600.00,,,,雜項購置或修繕費用,金錢,臺北市中山區****,,否,,,,,,,
275,耿葳,111年臺北市議員選舉,首次申報,1110913,宣傳支出,禾生印刷有限公司,23678377,0.00,73500.00,,,,製作競選物品或宣傳廣告費用（物品名稱-請填寫）,金錢,新北市樹林區****,2681*****,否,,,,,,,
276,耿葳,111年臺北市議員選舉,首次申報,1110913,雜支支出,日日出(股)公司,25019955,0.00,1260.00,,,,雜項購置或修繕費用,金錢,臺中市西區五****,,否,,,,,,,
277,耿葳,111年臺北市議員選舉,首次申報,1110913,雜支支出,DORE餐廳,61844798,0.00,960.00,,,,餐飲費用,金錢,臺中市西屯區****,04-2*****,否,,,,,,,
278,耿葳,111年臺北市議員選舉,首次申報,1110913,雜支支出,新光三越,70784899,0.00,6849.00,,,,雜項購置或修繕費用,金錢,臺中市台灣大****,,否,,,,,,,
279,耿葳,111年臺北市議員選舉,首次申報,1110913,雜支支出,脂.板前炭火燒,72551087,0.00,7832.00,,,,餐飲費用,金錢,臺中市西區五****,,否,,,,,,,
280,耿葳,111年臺北市議員選舉,首次申報,1110913,雜支支出,7-11,90728805,0.00,859.00,,,,雜項購置或修繕費用,金錢,臺中市西屯區****,,否,,,,,,,
281,耿葳,111年臺北市議員選舉,首次申報,1110914,雜支支出,台中日月千禧酒店,27450696,0.00,9160.00,,,,餐飲費用,金錢,臺中市西屯區****,,否,,,,,,,
282,耿葳,111年臺北市議員選舉,首次申報,1110914,雜支支出,台中日月千禧酒店,27450696,0.00,1976.00,,,,餐飲費用,金錢,臺中市西屯區****,,否,,,,,,,
283,耿葳,111年臺北市議員選舉,首次申報,1110915,雜支支出,連芳梅,A22*******,0.00,4500.00,,,,雜項購置或修繕費用,金錢,臺北市信義區****,0936*****,否,,,,,,,
284,耿葳,111年臺北市議員選舉,首次申報,1110916,交通旅運支出,車容坊股份有限公司,31932458,0.00,1769.00,,,,油資,金錢,臺北市文山區****,,否,,,,,,,
285,耿葳,111年臺北市議員選舉,首次申報,1110917,雜支支出,柳哥排骨便當,42303619,0.00,420.00,,,,餐飲費用,金錢,臺北市文山區****,2936*****,否,,,,,,,
286,耿葳,111年臺北市議員選舉,首次申報,1110918,雜支支出,瓦城泰統集團,28840027,0.00,1820.00,,,,餐飲費用,金錢,新北市新店區****,2219*****,否,,,,,,,
287,耿葳,111年臺北市議員選舉,首次申報,1110919,雜支支出,太平洋崇光百貨股份有限公司,27945380,0.00,2970.00,,,,餐飲費用,金錢,臺北市大安區****,2776*****,否,,,,,,,
288,耿葳,111年臺北市議員選舉,首次申報,1110919,雜支支出,太平洋崇光百貨股份有限公司,27945380,0.00,5037.00,,,,雜項購置或修繕費用,金錢,臺北市大安區****,2776*****,否,,,,,,,
289,耿葳,111年臺北市議員選舉,首次申報,1110921,宣傳支出,皇星廣告工程行,34464751,0.00,37500.00,,,,製作競選物品或宣傳廣告費用（物品名稱-請填寫）,金錢,新北市板橋區****,2251*****,否,,,,,,,
290,耿葳,111年臺北市議員選舉,首次申報,1110921,雜支支出,POYA寶雅,51860707,0.00,316.00,,,,雜項購置或修繕費用,金錢,臺北市中正區****,2930*****,否,,,,,,,
291,耿葳,111年臺北市議員選舉,首次申報,1110922,雜支支出,液晶之家企業社,26744998,0.00,1500.00,,,,雜項購置或修繕費用,金錢,新北市中和區****,3234*****,否,,,,,,,
292,耿葳,111年臺北市議員選舉,首次申報,1110922,宣傳支出,米卡洛商行,50585767,0.00,8000.00,,,,製作競選物品或宣傳廣告費用（手提袋）,金錢,基隆市中正路****,0933*****,否,,,,,,,
293,耿葳,111年臺北市議員選舉,首次申報,1110922,雜支支出,全家便利商店,90413278,0.00,543.00,,,,雜項購置或修繕費用,金錢,臺北市信義區****,,否,,,,,,,
294,耿葳,111年臺北市議員選舉,首次申報,1110922,人事費用支出,蔡維勳,F12*******,0.00,33000.00,,,,工資或薪津,金錢,基隆市信義區****,,否,,,,,,,
295,耿葳,111年臺北市議員選舉,首次申報,1110922,人事費用支出,陳如真,F22*******,0.00,33000.00,,,,工資或薪津,金錢,基隆市信義區****,,否,,,,,,,
296,耿葳,111年臺北市議員選舉,首次申報,1110922,人事費用支出,黃瑞吉,S12*******,0.00,12000.00,,,,工資或薪津,金錢,臺北市內湖區****,,否,,,,,,,
297,耿葳,111年臺北市議員選舉,首次申報,1110923,雜支支出,文明五金行,04887043,0.00,1700.00,,,,雜項購置或修繕費用,金錢,臺北市文山區****,2934*****,否,,,,,,,
298,耿葳,111年臺北市議員選舉,首次申報,1110923,雜支支出,台北金融大樓股份有限公司,16095410,0.00,2986.00,,,,餐飲費用,金錢,臺北市信義區****,8101*****,否,,,,,,,
299,耿葳,111年臺北市議員選舉,首次申報,1110923,雜支支出,新光源商行,17740795,0.00,1342.00,,,,雜項購置或修繕費用,金錢,臺北市文山區****,,否,,,,,,,
300,耿葳,111年臺北市議員選舉,首次申報,1110923,交通旅運支出,福華加油站,22868379,0.00,1944.00,,,,油資,金錢,臺北市文山區****,,否,,,,,,,
301,耿葳,111年臺北市議員選舉,首次申報,1110923,雜支支出,ZARA,26379099,0.00,2480.00,,,,雜項購置或修繕費用,金錢,臺北市信義區****,,否,,,,,,,
302,耿葳,111年臺北市議員選舉,首次申報,1110923,租用競選辦事處支出,樂屋地板工程有限公司,82922496,0.00,76000.00,,,,裝潢競選辦事處費用,金錢,新北市土延和****,,否,,,,,,,
303,耿葳,111年臺北市議員選舉,首次申報,1110925,雜支支出,悅禾莊園SPA,75965259,0.00,5500.00,,,,雜項購置或修繕費用,金錢,臺北市大安區****,,否,,,,,,,
304,耿葳,111年臺北市議員選舉,首次申報,1110925,雜支支出,7-11,80355215,0.00,333.00,,,,雜項購置或修繕費用,金錢,臺北市信義區****,,否,,,,,,,
305,耿葳,111年臺北市議員選舉,首次申報,1110925,雜支支出,青花驕餐廳,82291218,0.00,1056.00,,,,餐飲費用,金錢,新北市新店區****,,否,,,,,,,
306,耿葳,111年臺北市議員選舉,首次申報,1110925,人事費用支出,楊銘華,F12*******,0.00,50000.00,,,,工資或薪津,金錢,新北市板橋區****,,否,,,,,,,
307,耿葳,111年臺北市議員選舉,首次申報,1110926,雜支支出,鍋霸有限公司,24475076,0.00,1276.00,,,,餐飲費用,金錢,臺北市松山區****,,否,,,,,,,
308,耿葳,111年臺北市議員選舉,首次申報,1110928,交通旅運支出,福華加油站,22868379,0.00,2009.00,,,,油資,金錢,臺北市文山區****,,否,,,,,,,
309,耿葳,111年臺北市議員選舉,首次申報,1110930,雜支支出,晶華國際酒店,04268726,0.00,6996.00,,,,餐飲費用,金錢,臺北市中山區****,2523*****,否,,,,,,,
310,耿葳,111年臺北市議員選舉,首次申報,1110930,雜支支出,齊味小吃店,31484542,0.00,3320.00,,,,餐飲費用,金錢,新北市板橋區****,,否,,,,,,,
311,耿葳,111年臺北市議員選舉,首次申報,1111001,交通旅運支出,台灣中油,01113283,0.00,1700.00,,,,油資,金錢,臺北市信義區****,,否,,,,,,,
312,耿葳,111年臺北市議員選舉,首次申報,1111001,雜支支出,鮮牧火鍋,69307271,0.00,707.00,,,,餐飲費用,金錢,新北市新店區****,,否,,,,,,,
313,耿葳,111年臺北市議員選舉,首次申報,1111001,人事費用支出,詹麗玲,A22*******,0.00,50000.00,,,,工資或薪津,金錢,臺北市文山區****,,否,,,,,,,
314,耿葳,111年臺北市議員選舉,首次申報,1111001,人事費用支出,陳大偉,F12*******,0.00,2000.00,,,,工資或薪津,金錢,新北市永和區****,,否,,,,,,,
315,耿葳,111年臺北市議員選舉,首次申報,1111001,人事費用支出,楊銘華,F12*******,0.00,50000.00,,,,工資或薪津,金錢,新北市板橋區****,,否,,,,,,,
316,耿葳,111年臺北市議員選舉,首次申報,1111001,人事費用支出,閻昱伶,I20*******,0.00,600.00,,,,工資或薪津,金錢,臺南市新營區****,,否,,,,,,,
317,耿葳,111年臺北市議員選舉,首次申報,1111001,人事費用支出,孫紹凱,R12*******,0.00,50000.00,,,,工資或薪津,金錢,新北市淡水區****,,否,,,,,,,
318,耿葳,111年臺北市議員選舉,首次申報,1111001,人事費用支出,袁筱婷,V22*******,0.00,800.00,,,,工資或薪津,金錢,新北市淡水區****,,否,,,,,,,
319,耿葳,111年臺北市議員選舉,首次申報,1111002,雜支支出,三協成小吃店,18400422,0.00,1060.00,,,,餐飲費用,金錢,臺北市文山區****,2935*****,否,,,,,,,
320,耿葳,111年臺北市議員選舉,首次申報,1111002,雜支支出,UNIQLO,76324084,0.00,445.00,,,,雜項購置或修繕費用,金錢,臺北市文山區****,,否,,,,,,,
321,耿葳,111年臺北市議員選舉,首次申報,1111003,雜支支出,PAUL,42332375,0.00,590.00,,,,餐飲費用,金錢,臺北市大安區****,,否,,,,,,,
322,耿葳,111年臺北市議員選舉,首次申報,1111004,宣傳支出,斐特美術工程有限公司,86514627,0.00,17000.00,,,,製作競選物品或宣傳廣告費用（物品名稱-請填寫）,金錢,臺北市萬華區****,2336*****,否,,,,,,,
323,耿葳,111年臺北市議員選舉,首次申報,1111005,雜支支出,邑晟水電材料股份有限公司,16508860,0.00,1100.00,,,,雜項購置或修繕費用,金錢,新北市板橋區****,2951*****,否,,,,,,,
324,耿葳,111年臺北市議員選舉,首次申報,1111005,人事費用支出,許文川,F12*******,0.00,4800.00,,,,工資或薪津,金錢,新北市深坑區****,,否,,,,,,,
325,耿葳,111年臺北市議員選舉,首次申報,1111005,人事費用支出,陳宇頌頌,F12*******,0.00,15000.00,,,,工資或薪津,金錢,新北市板橋區****,,否,,,,,,,
326,耿葳,111年臺北市議員選舉,首次申報,1111005,宣傳支出,王淑貞,H22*******,0.00,29000.00,,,,製作競選物品或宣傳廣告費用（物品名稱-請填寫）,金錢,新北市樹林區****,,否,,,,,,,
327,耿葳,111年臺北市議員選舉,首次申報,1111005,人事費用支出,李梅玉,R20*******,0.00,30000.00,,,,工資或薪津,金錢,臺北市大安區****,,否,,,,,,,
328,耿葳,111年臺北市議員選舉,首次申報,1111006,雜支支出,八和和牛燒肉專門店,82855497,0.00,7700.00,,,,餐飲費用,金錢,臺北市大安區****,2325*****,否,,,,,,,
329,耿葳,111年臺北市議員選舉,首次申報,1111007,雜支支出,美麗華城市發展(股)有限公司,16447098,0.00,845.00,,,,餐飲費用,金錢,臺北市中山區****,2175*****,否,,,,,,,
330,耿葳,111年臺北市議員選舉,首次申報,1111007,雜支支出,邑晟水電材料股份有限公司,16508860,0.00,1200.00,,,,雜項購置或修繕費用,金錢,新北市板橋區****,,否,,,,,,,
331,耿葳,111年臺北市議員選舉,首次申報,1111007,雜支支出,微風南山,51183903,0.00,3685.00,,,,餐飲費用,金錢,臺北市信義區****,6638*****,否,,,,,,,
332,耿葳,111年臺北市議員選舉,首次申報,1111007,雜支支出,遠百企業(股)公司,54911841,0.00,2800.00,,,,雜項購置或修繕費用,金錢,臺北市信義區****,,否,,,,,,,
333,耿葳,111年臺北市議員選舉,首次申報,1111007,雜支支出,春大直,82876535,0.00,3390.00,,,,餐飲費用,金錢,臺北市中山區****,,否,,,,,,,
334,耿葳,111年臺北市議員選舉,首次申報,1111008,雜支支出,遠東百貨,53014088,0.00,2180.00,,,,雜項購置或修繕費用,金錢,新北市板橋區****,,否,,,,,,,
335,耿葳,111年臺北市議員選舉,首次申報,1111008,雜支支出,鮮牧火鍋,69307271,0.00,1877.00,,,,餐飲費用,金錢,新北市新店區****,,否,,,,,,,
336,耿葳,111年臺北市議員選舉,首次申報,1111010,雜支支出,星巴克,21505765,0.00,370.00,,,,餐飲費用,金錢,新北市新店區****,,否,,,,,,,
337,耿葳,111年臺北市議員選舉,首次申報,1111010,交通旅運支出,車容坊股份有限公司,31932458,0.00,1344.00,,,,油資,金錢,臺北市文山區****,,否,,,,,,,
338,耿葳,111年臺北市議員選舉,首次申報,1111011,雜支支出,瓦城泰統集團,28840027,0.00,1668.00,,,,餐飲費用,金錢,新北市新店區****,2219*****,否,,,,,,,
339,耿葳,111年臺北市議員選舉,首次申報,1111011,雜支支出,POYA寶雅,82948030,0.00,3416.00,,,,雜項購置或修繕費用,金錢,臺北市文山區****,2930*****,否,,,,,,,
340,耿葳,111年臺北市議員選舉,首次申報,1111012,宣傳支出,禾生印刷有限公司,23678377,0.00,35500.00,,,,製作競選物品或宣傳廣告費用（物品名稱-請填寫）,金錢,新北市樹林區****,2681*****,否,,,,,,,
341,耿葳,111年臺北市議員選舉,首次申報,1111013,宣傳支出,禾生印刷有限公司,23678377,0.00,9900.00,,,,製作競選物品或宣傳廣告費用（物品名稱-請填寫）,金錢,新北市樹林區****,2681*****,否,,,,,,,
342,耿葳,111年臺北市議員選舉,首次申報,1111013,宣傳支出,禾生印刷有限公司,23678377,0.00,16000.00,,,,製作競選物品或宣傳廣告費用（物品名稱-請填寫）,金錢,新北市樹林區****,2681*****,否,,,,,,,
343,耿葳,111年臺北市議員選舉,首次申報,1111014,雜支支出,屈臣氏,22662812,0.00,3504.00,,,,雜項購置或修繕費用,金錢,臺北市中山區****,,否,,,,,,,
344,耿葳,111年臺北市議員選舉,首次申報,1111015,雜支支出,太平洋崇光百貨(股)公司,27945380,0.00,2314.00,,,,餐飲費用,金錢,臺北市大安區****,,否,,,,,,,
345,耿葳,111年臺北市議員選舉,首次申報,1111015,雜支支出,太平洋崇光百貨股份有限公司,27945380,0.00,800.00,,,,雜項購置或修繕費用,金錢,臺北市大安區****,2776*****,否,,,,,,,
346,耿葳,111年臺北市議員選舉,首次申報,1111015,宣傳支出,米卡洛商行,50585767,0.00,8000.00,,,,製作競選物品或宣傳廣告費用（手提袋）,金錢,基隆市中正路****,0933*****,否,,,,,,,
347,耿葳,111年臺北市議員選舉,首次申報,1111015,雜支支出,晶澈科技股份有限公司,83766796,0.00,1760.00,,,,雜項購置或修繕費用,金錢,新北市新莊區****,,否,,,,,,,
348,耿葳,111年臺北市議員選舉,首次申報,1111016,交通旅運支出,車容坊股份有限公司,31932458,0.00,2185.00,,,,油資,金錢,臺北市文山區****,,否,,,,,,,
349,耿葳,111年臺北市議員選舉,首次申報,1111017,交通旅運支出,台灣中油,01709333,0.00,1652.00,,,,油資,金錢,臺北市文山區****,,否,,,,,,,
350,耿葳,111年臺北市議員選舉,首次申報,1111018,宣傳支出,中華郵政股份有限公司,03741302,0.00,135785.00,,,,郵寄競選物品或宣傳廣告費用,金錢,臺北市大安區****,,否,,,,,,,
351,耿葳,111年臺北市議員選舉,首次申報,1111019,雜支支出,ICHEF資廚,79860101,0.00,4950.00,,,,餐飲費用,金錢,臺北市大安區****,,否,,,,,,,
352,耿葳,111年臺北市議員選舉,首次申報,1111019,人事費用支出,陳韋嘉,P12*******,0.00,24550.00,,,,工資或薪津,金錢,桃園市中壢區****,,否,,,,,,,
353,耿葳,111年臺北市議員選舉,首次申報,1111020,宣傳支出,禾生印刷有限公司,23678377,0.00,5880.00,,,,製作競選物品或宣傳廣告費用（物品名稱-請填寫）,金錢,新北市樹林區****,2681*****,否,,,,,,,
354,耿葳,111年臺北市議員選舉,首次申報,1111020,雜支支出,湯棧火鍋店,50819379,0.00,1763.00,,,,餐飲費用,金錢,臺中市南屯區****,,否,,,,,,,
355,耿葳,111年臺北市議員選舉,首次申報,1111020,雜支支出,日日出(股)公司,61799148,0.00,1180.00,,,,餐飲費用,金錢,臺中市西屯區****,04-2*****,否,,,,,,,
356,耿葳,111年臺北市議員選舉,首次申報,1111020,雜支支出,無印良品,76326528,0.00,1303.00,,,,雜項購置或修繕費用,金錢,臺北市信義區****,,否,,,,,,,
357,耿葳,111年臺北市議員選舉,首次申報,1111020,雜支支出,葳澤冷氣空調有限公司,83503041,0.00,23000.00,,,,雜項購置或修繕費用,金錢,新北市土城區****,0981*****,否,,,,,,,
358,耿葳,111年臺北市議員選舉,首次申報,1111020,交通旅運支出,向上加油站,89247672,0.00,1393.00,,,,油資,金錢,臺中市西區向****,,否,,,,,,,
359,耿葳,111年臺北市議員選舉,首次申報,1111020,人事費用支出,許文川,F12*******,0.00,6000.00,,,,工資或薪津,金錢,新北市深坑區****,,否,,,,,,,
360,耿葳,111年臺北市議員選舉,首次申報,1111021,租用競選辦事處支出,四季芳明室內裝修設計有限公司,80468750,0.00,100000.00,,,,裝潢競選辦事處費用,金錢,桃園市大業路****,03-3*****,否,,,,,,,
361,耿葳,111年臺北市議員選舉,首次申報,1111021,宣傳支出,王淑貞,H22*******,0.00,61000.00,,,,製作競選物品或宣傳廣告費用（物品名稱-請填寫）,金錢,新北市樹林區****,,否,,,,,,,
362,耿葳,111年臺北市議員選舉,首次申報,1111022,人事費用支出,楊仲斌,C10*******,0.00,6000.00,,,,工資或薪津,金錢,臺北市文山區****,,否,,,,,,,
363,耿葳,111年臺北市議員選舉,首次申報,1111023,交通旅運支出,福華加油站,22868379,0.00,1652.00,,,,油資,金錢,臺北市文山區****,,否,,,,,,,
364,耿葳,111年臺北市議員選舉,首次申報,1111023,集會支出,大欣隆食品店,48776831,0.00,5000.00,,,,餐飲費用,金錢,臺北市文山區****,2930*****,否,,,,,,,
365,耿葳,111年臺北市議員選舉,首次申報,1111023,雜支支出,大苑子飲料店,79676105,0.00,401.00,,,,餐飲費用,金錢,臺北市信義區****,,否,,,,,,,
366,耿葳,111年臺北市議員選舉,首次申報,1111023,集會支出,眷村燒餅,88257390,0.00,5000.00,,,,餐飲費用,金錢,臺北市文山區****,0985*****,否,,,,,,,
367,耿葳,111年臺北市議員選舉,首次申報,1111023,雜支支出,眷村燒餅,88257390,0.00,10000.00,,,,餐飲費用,金錢,臺北市文山區****,0985*****,否,,,,,,,
368,耿葳,111年臺北市議員選舉,首次申報,1111023,人事費用支出,翁志中,A12*******,0.00,600.00,,,,工資或薪津,金錢,臺北市文山區****,,否,,,,,,,
369,耿葳,111年臺北市議員選舉,首次申報,1111023,人事費用支出,楊忠憲,A12*******,0.00,400.00,,,,工資或薪津,金錢,臺北市文山區****,,否,,,,,,,
370,耿葳,111年臺北市議員選舉,首次申報,1111023,人事費用支出,廖濬新,A13*******,0.00,1500.00,,,,工資或薪津,金錢,臺北市文山區****,,否,,,,,,,
371,耿葳,111年臺北市議員選舉,首次申報,1111023,人事費用支出,謝欣穎,A22*******,0.00,1000.00,,,,工資或薪津,金錢,臺北市文山區****,,否,,,,,,,
372,耿葳,111年臺北市議員選舉,首次申報,1111023,雜支支出,連芳梅,A22*******,0.00,54000.00,,,,雜項購置或修繕費用,金錢,臺北市信義區****,0936*****,否,,,,,,,
373,耿葳,111年臺北市議員選舉,首次申報,1111023,人事費用支出,楊仲斌,C10*******,0.00,3000.00,,,,工資或薪津,金錢,臺北市文山區****,,否,,,,,,,
374,耿葳,111年臺北市議員選舉,首次申報,1111023,人事費用支出,蔡維勳,F12*******,0.00,45000.00,,,,工資或薪津,金錢,基隆市信義區****,,否,,,,,,,
375,耿葳,111年臺北市議員選舉,首次申報,1111023,人事費用支出,王宥崴,F13*******,0.00,1500.00,,,,其他因工作酬勞之給付,金錢,臺北市士林區****,,否,,,,,,,
376,耿葳,111年臺北市議員選舉,首次申報,1111023,人事費用支出,陳翊閔,F13*******,0.00,1500.00,,,,其他因工作酬勞之給付,金錢,新北市三重區****,,否,,,,,,,
377,耿葳,111年臺北市議員選舉,首次申報,1111023,人事費用支出,林亮君,F22*******,0.00,1500.00,,,,其他因工作酬勞之給付,金錢,新北市三重區****,,否,,,,,,,
378,耿葳,111年臺北市議員選舉,首次申報,1111023,人事費用支出,陳如真,F22*******,0.00,45000.00,,,,工資或薪津,金錢,基隆市信義區****,,否,,,,,,,
379,耿葳,111年臺北市議員選舉,首次申報,1111023,人事費用支出,郭旭豪,H12*******,0.00,1500.00,,,,其他因工作酬勞之給付,金錢,桃園市觀音區****,,否,,,,,,,
380,耿葳,111年臺北市議員選舉,首次申報,1111023,人事費用支出,李祥維,H12*******,0.00,1500.00,,,,其他因工作酬勞之給付,金錢,桃園市觀音區****,,否,,,,,,,
381,耿葳,111年臺北市議員選舉,首次申報,1111023,人事費用支出,閻昱伶,I20*******,0.00,1200.00,,,,工資或薪津,金錢,臺南市新營區****,,否,,,,,,,
382,耿葳,111年臺北市議員選舉,首次申報,1111023,人事費用支出,蘇品云,K22*******,0.00,1500.00,,,,其他因工作酬勞之給付,金錢,桃園市信服二****,,否,,,,,,,
383,耿葳,111年臺北市議員選舉,首次申報,1111023,人事費用支出,賴威丞,R12*******,0.00,1500.00,,,,其他因工作酬勞之給付,金錢,臺南市學甲區****,,否,,,,,,,
384,耿葳,111年臺北市議員選舉,首次申報,1111023,人事費用支出,袁筱婷,V22*******,0.00,800.00,,,,工資或薪津,金錢,新北市淡水區****,,否,,,,,,,
385,耿葳,111年臺北市議員選舉,首次申報,1111024,雜支支出,微風南山,51183903,0.00,8503.00,,,,餐飲費用,金錢,臺北市信義區****,6638*****,否,,,,,,,
386,耿葳,111年臺北市議員選舉,首次申報,1111024,雜支支出,悅禾莊園,75965259,0.00,5500.00,,,,雜項購置或修繕費用,金錢,臺北市大安區****,2732*****,否,,,,,,,
387,耿葳,111年臺北市議員選舉,首次申報,1111025,宣傳支出,禾生印刷有限公司,23678377,0.00,60000.00,,,,製作競選物品或宣傳廣告費用（物品名稱-請填寫）,金錢,新北市樹林區****,2681*****,否,,,,,,,
388,耿葳,111年臺北市議員選舉,首次申報,1111025,雜支支出,晶澈科技股份有限公司,83766796,0.00,3984.00,,,,雜項購置或修繕費用,金錢,新北市新莊區****,,否,,,,,,,
389,耿葳,111年臺北市議員選舉,首次申報,1111025,人事費用支出,李振花,C12*******,0.00,33200.00,,,,工資或薪津,金錢,基隆市仁愛區****,,否,,,,,,,
390,耿葳,111年臺北市議員選舉,首次申報,1111025,人事費用支出,楊銘華,F12*******,0.00,50000.00,,,,工資或薪津,金錢,新北市板橋區****,,否,,,,,,,
391,耿葳,111年臺北市議員選舉,首次申報,1111026,雜支支出,新光三越,27922534,0.00,7843.00,,,,餐飲費用,金錢,臺北市信義區****,8780*****,否,,,,,,,
392,耿葳,111年臺北市議員選舉,首次申報,1111026,雜支支出,太平洋崇光百貨股份有限公司,27945380,0.00,3383.00,,,,雜項購置或修繕費用,金錢,臺北市大安區****,2776*****,否,,,,,,,
393,耿葳,111年臺北市議員選舉,首次申報,1111026,宣傳支出,皇星廣告工程行,34464751,0.00,9030.00,,,,製作競選物品或宣傳廣告費用（物品名稱-請填寫）,金錢,新北市板橋區****,2251*****,否,,,,,,,
394,耿葳,111年臺北市議員選舉,首次申報,1111026,雜支支出,新光三越,80033340,0.00,2500.00,,,,雜項購置或修繕費用,金錢,臺北市信義區****,8780*****,否,,,,,,,
395,耿葳,111年臺北市議員選舉,首次申報,1111026,人事費用支出,蔡生龍,Q10*******,0.00,40000.00,,,,工資或薪津,金錢,臺北市大安區****,,否,,,,,,,
396,耿葳,111年臺北市議員選舉,首次申報,1111027,雜支支出,台北金融大樓股份有限公司,16095410,0.00,850.00,,,,餐飲費用,金錢,臺北市信義區****,8101*****,否,,,,,,,
397,耿葳,111年臺北市議員選舉,首次申報,1111027,人事費用支出,黃弘陵,A12*******,0.00,52500.00,,,,工資或薪津,金錢,臺北市文山區****,,否,,,,,,,
398,耿葳,111年臺北市議員選舉,首次申報,1111027,人事費用支出,黃弘陵,A12*******,0.00,52500.00,,,,工資或薪津,金錢,臺北市文山區****,,否,,,,,,,
399,耿葳,111年臺北市議員選舉,首次申報,1111028,交通旅運支出,台灣中油,01709333,0.00,1615.00,,,,油資,金錢,臺北市文山區****,2931*****,否,,,,,,,
400,耿葳,111年臺北市議員選舉,首次申報,1111028,宣傳支出,禾生印刷有限公司,23678377,0.00,52500.00,,,,製作競選物品或宣傳廣告費用（物品名稱-請填寫）,金錢,新北市樹林區****,2681*****,否,,,,,,,
401,耿葳,111年臺北市議員選舉,首次申報,1111028,宣傳支出,東森新媒體控股股份有限公司,24328949,0.00,103018.00,,,,播放、傳送或刊登宣傳廣告費用,金錢,臺北市復興南****,5555*****,否,,,,,,,
402,耿葳,111年臺北市議員選舉,首次申報,1111028,雜支支出,齊窩餐飲(股)公司,83051193,0.00,17677.00,,,,餐飲費用,金錢,臺北市大安區****,2711*****,否,,,,,,,
403,耿葳,111年臺北市議員選舉,首次申報,1111028,雜支支出,新光三越,84308670,0.00,5000.00,,,,雜項購置或修繕費用,金錢,臺北市信義區****,8780*****,否,,,,,,,
404,耿葳,111年臺北市議員選舉,首次申報,1111030,雜支支出,鼎越豐越式麵食館,48923947,0.00,650.00,,,,餐飲費用,金錢,臺北市信義區****,,否,,,,,,,
405,耿葳,111年臺北市議員選舉,首次申報,1111031,雜支支出,大安九號有限公司,42833743,0.00,7788.00,,,,餐飲費用,金錢,臺北市大安區****,,否,,,,,,,
406,耿葳,111年臺北市議員選舉,首次申報,1111031,租用競選辦事處支出,中華電信(股)公司,81691784,0.00,4893.00,,,,其他與租用競選辦事處有關之費用,金錢,臺北市金山南****,,否,,,,,,,
407,耿葳,111年臺北市議員選舉,首次申報,1111101,雜支支出,新光三越,80033340,0.00,3520.00,,,,餐飲費用,金錢,臺北市信義區****,8780*****,否,,,,,,,
408,耿葳,111年臺北市議員選舉,首次申報,1111101,雜支支出,新光三越,80033340,0.00,5000.00,,,,雜項購置或修繕費用,金錢,臺北市信義區****,8780*****,否,,,,,,,
409,耿葳,111年臺北市議員選舉,首次申報,1111101,人事費用支出,詹麗芳,A20*******,0.00,25000.00,,,,工資或薪津,金錢,新北市淡水區****,,否,,,,,,,
410,耿葳,111年臺北市議員選舉,首次申報,1111101,人事費用支出,詹麗玲,A22*******,0.00,50000.00,,,,工資或薪津,金錢,臺北市文山區****,,否,,,,,,,
411,耿葳,111年臺北市議員選舉,首次申報,1111101,人事費用支出,傅翊涵,A22*******,0.00,5000.00,,,,工資或薪津,金錢,臺北市中山區****,,否,,,,,,,
412,耿葳,111年臺北市議員選舉,首次申報,1111101,人事費用支出,楊銘華,F12*******,0.00,80000.00,,,,工資或薪津,金錢,新北市板橋區****,,否,,,,,,,
413,耿葳,111年臺北市議員選舉,首次申報,1111101,人事費用支出,耿繼光,K10*******,0.00,60000.00,,,,工資或薪津,金錢,臺北市文山區****,,否,,,,,,,
414,耿葳,111年臺北市議員選舉,首次申報,1111102,雜支支出,雷門數據服務股份有限公司,90469075,0.00,2000.00,,,,雜項購置或修繕費用,金錢,臺北市大安區****,2700*****,否,,,,,,,
415,耿葳,111年臺北市議員選舉,首次申報,1111102,雜支支出,安心食品服務(股)公司,96970047,0.00,725.00,,,,餐飲費用,金錢,臺北市文山區****,,否,,,,,,,
416,耿葳,111年臺北市議員選舉,首次申報,1111103,雜支支出,杏一,13468632,0.00,5638.00,,,,雜項購置或修繕費用,金錢,臺北市大安區****,2704*****,否,,,,,,,
417,耿葳,111年臺北市議員選舉,首次申報,1111103,交通旅運支出,福華加油站,22868379,0.00,1663.00,,,,油資,金錢,臺北市文山區****,,否,,,,,,,
418,耿葳,111年臺北市議員選舉,首次申報,1111103,雜支支出,露易莎咖啡店,31871044,0.00,695.00,,,,餐飲費用,金錢,臺北市大安區****,2239*****,否,,,,,,,
419,耿葳,111年臺北市議員選舉,首次申報,1111104,雜支支出,大宗生西藥房,20810078,0.00,670.00,,,,雜項購置或修繕費用,金錢,臺北市信義區****,,否,,,,,,,
420,耿葳,111年臺北市議員選舉,首次申報,1111104,雜支支出,安心食品服務(股)公司,28174950,0.00,1147.00,,,,餐飲費用,金錢,臺北市大安區****,,否,,,,,,,
421,耿葳,111年臺北市議員選舉,首次申報,1111105,雜支支出,興將鞋業有限公司,70521159,0.00,3470.00,,,,雜項購置或修繕費用,金錢,臺北市大安區****,,否,,,,,,,
422,耿葳,111年臺北市議員選舉,首次申報,1111105,雜支支出,悅禾莊園SPA,75965259,0.00,5500.00,,,,雜項購置或修繕費用,金錢,臺北市大安區****,,否,,,,,,,
423,耿葳,111年臺北市議員選舉,首次申報,1111105,人事費用支出,楊銘華,F12*******,0.00,50000.00,,,,工資或薪津,金錢,新北市板橋區****,,否,,,,,,,
424,耿葳,111年臺北市議員選舉,首次申報,1111105,人事費用支出,楊銘華,F12*******,0.00,50000.00,,,,工資或薪津,金錢,新北市板橋區****,,否,,,,,,,
425,耿葳,111年臺北市議員選舉,首次申報,1111106,雜支支出,宜華國際(股)公司,16434853,0.00,2123.00,,,,餐飲費用,金錢,臺北市中山區****,8502*****,否,,,,,,,
426,耿葳,111年臺北市議員選舉,首次申報,1111106,人事費用支出,林宥丞,A12*******,0.00,600.00,,,,工資或薪津,金錢,臺北市士林區****,,否,,,,,,,
427,耿葳,111年臺北市議員選舉,首次申報,1111106,人事費用支出,熊廷瑀,A23*******,0.00,600.00,,,,工資或薪津,金錢,臺北市文山區****,,否,,,,,,,
428,耿葳,111年臺北市議員選舉,首次申報,1111106,人事費用支出,劉宜芳,F22*******,0.00,600.00,,,,工資或薪津,金錢,新北市裕民街****,,否,,,,,,,
429,耿葳,111年臺北市議員選舉,首次申報,1111106,人事費用支出,余健愷,H12*******,0.00,1200.00,,,,工資或薪津,金錢,新北市新莊區****,,否,,,,,,,
430,耿葳,111年臺北市議員選舉,首次申報,1111106,人事費用支出,吳亦晴,U22*******,0.00,500.00,,,,工資或薪津,金錢,臺北市文山區****,,否,,,,,,,
431,耿葳,111年臺北市議員選舉,首次申報,1111107,交通旅運支出,台灣中油,01802176,0.00,1630.00,,,,油資,金錢,臺北市大安區****,,否,,,,,,,
432,耿葳,111年臺北市議員選舉,首次申報,1111107,宣傳支出,台灣摩菲爾國際(股)公司,24312453,0.00,47250.00,,,,租用廣告看板或車體廣告費用,金錢,臺北市仁愛路****,2351*****,否,,,,,,,
433,耿葳,111年臺北市議員選舉,首次申報,1111107,雜支支出,蓄利企業社,26357877,0.00,1400.00,,,,雜項購置或修繕費用,金錢,臺北市中正區****,2391*****,否,,,,,,,
434,耿葳,111年臺北市議員選舉,首次申報,1111107,雜支支出,金緻專業汽車美容,26387767,0.00,800.00,,,,雜項購置或修繕費用,金錢,臺北市信義區****,0925*****,否,,,,,,,
435,耿葳,111年臺北市議員選舉,首次申報,1111108,雜支支出,POYA寶雅,83793739,0.00,2922.00,,,,雜項購置或修繕費用,金錢,臺北市大安區****,8379*****,否,,,,,,,
436,耿葳,111年臺北市議員選舉,首次申報,1111108,雜支支出,屈臣氏,86382843,0.00,2471.00,,,,雜項購置或修繕費用,金錢,臺北市大安區****,,否,,,,,,,
437,耿葳,111年臺北市議員選舉,首次申報,1111109,雜支支出,兄弟大飯店,04274804,0.00,963.00,,,,餐飲費用,金錢,臺北市南京東****,,否,,,,,,,
438,耿葳,111年臺北市議員選舉,首次申報,1111109,雜支支出,微風信義,54385262,0.00,7300.00,,,,餐飲費用,金錢,臺北市信義區****,,否,,,,,,,
439,耿葳,111年臺北市議員選舉,首次申報,1111109,人事費用支出,顏俊傑,A12*******,0.00,3200.00,,,,工資或薪津,金錢,臺北市大安區****,,否,,,,,,,
440,耿葳,111年臺北市議員選舉,首次申報,1111109,人事費用支出,陳韋嘉,P12*******,0.00,8800.00,,,,工資或薪津,金錢,桃園市中壢區****,,否,,,,,,,
441,耿葳,111年臺北市議員選舉,首次申報,1111110,宣傳支出,禾生印刷有限公司,23678377,0.00,105000.00,,,,製作競選物品或宣傳廣告費用（文宣）,金錢,新北市樹林區****,2681*****,否,,,,,,,
442,耿葳,111年臺北市議員選舉,首次申報,1111110,雜支支出,鼎越豐越式麵食館,48923947,0.00,500.00,,,,餐飲費用,金錢,臺北市信義區****,,否,,,,,,,
443,耿葳,111年臺北市議員選舉,首次申報,1111111,交通旅運支出,福華加油站,22868379,0.00,1675.00,,,,油資,金錢,臺北市文山區****,,否,,,,,,,
444,耿葳,111年臺北市議員選舉,首次申報,1111111,雜支支出,新光三越,27922534,0.00,690.00,,,,雜項購置或修繕費用,金錢,臺北市信義區****,8780*****,否,,,,,,,
445,耿葳,111年臺北市議員選舉,首次申報,1111111,雜支支出,瓦城泰統集團,28840027,0.00,1635.00,,,,餐飲費用,金錢,新北市新店區****,2219*****,否,,,,,,,
446,耿葳,111年臺北市議員選舉,首次申報,1111112,宣傳支出,皇星廣告工程行,34464751,0.00,5775.00,,,,製作競選物品或宣傳廣告費用（物品名稱-文宣）,金錢,新北市板橋區****,2251*****,否,,,,,,,
447,耿葳,111年臺北市議員選舉,首次申報,1111112,雜支支出,鮮牧火鍋,69307271,0.00,763.00,,,,餐飲費用,金錢,新北市新店區****,,否,,,,,,,
448,耿葳,111年臺北市議員選舉,首次申報,1111112,人事費用支出,蔡宏希,A12*******,0.00,600.00,,,,工資或薪津,金錢,臺北市羅斯福****,,否,,,,,,,
449,耿葳,111年臺北市議員選舉,首次申報,1111112,人事費用支出,張毓珊,I20*******,0.00,500.00,,,,工資或薪津,金錢,臺北市文山區****,,否,,,,,,,
450,耿葳,111年臺北市議員選舉,首次申報,1111112,人事費用支出,傅瑞學,K20*******,0.00,1300.00,,,,工資或薪津,金錢,臺北市文山區****,,否,,,,,,,
451,耿葳,111年臺北市議員選舉,首次申報,1111112,人事費用支出,蘇清池,P12*******,0.00,15800.00,,,,工資或薪津,金錢,臺北市西藏路****,,否,,,,,,,
452,耿葳,111年臺北市議員選舉,首次申報,1111112,人事費用支出,吳亦晴,U22*******,0.00,500.00,,,,工資或薪津,金錢,臺北市文山區****,,否,,,,,,,
453,耿葳,111年臺北市議員選舉,首次申報,1111112,人事費用支出,袁筱婷,V22*******,0.00,1700.00,,,,工資或薪津,金錢,新北市淡水區****,,否,,,,,,,
454,耿葳,111年臺北市議員選舉,首次申報,1111113,人事費用支出,李詠圅,A23*******,0.00,500.00,,,,工資或薪津,金錢,臺北市信義區****,,否,,,,,,,
455,耿葳,111年臺北市議員選舉,首次申報,1111113,人事費用支出,楊仲斌,C10*******,0.00,1000.00,,,,工資或薪津,金錢,臺北市文山區****,,否,,,,,,,
456,耿葳,111年臺北市議員選舉,首次申報,1111113,人事費用支出,賴李仕翔,U12*******,0.00,500.00,,,,工資或薪津,金錢,臺北市文山區****,,否,,,,,,,
457,耿葳,111年臺北市議員選舉,首次申報,1111113,人事費用支出,吳亦晴,U22*******,0.00,500.00,,,,工資或薪津,金錢,臺北市文山區****,,否,,,,,,,
458,耿葳,111年臺北市議員選舉,首次申報,1111114,交通旅運支出,福華加油站,22868379,0.00,1365.00,,,,油資,金錢,臺北市文山區****,,否,,,,,,,
459,耿葳,111年臺北市議員選舉,首次申報,1111114,人事費用支出,楊仲斌,C10*******,0.00,2500.00,,,,工資或薪津,金錢,臺北市文山區****,,否,,,,,,,
460,耿葳,111年臺北市議員選舉,首次申報,1111115,雜支支出,媽咪早餐店,48675427,0.00,2100.00,,,,餐飲費用,金錢,臺北市文山區****,2931*****,否,,,,,,,
461,耿葳,111年臺北市議員選舉,首次申報,1111115,雜支支出,7-11,99361526,0.00,830.00,,,,餐飲費用,金錢,臺北市文山區****,,否,,,,,,,
462,耿葳,111年臺北市議員選舉,首次申報,1111115,人事費用支出,楊仲斌,C10*******,0.00,2000.00,,,,工資或薪津,金錢,臺北市文山區****,,否,,,,,,,
463,耿葳,111年臺北市議員選舉,首次申報,1111116,人事費用支出,楊仲斌,C10*******,0.00,2000.00,,,,工資或薪津,金錢,臺北市文山區****,,否,,,,,,,
464,耿葳,111年臺北市議員選舉,首次申報,1111117,雜支支出,悅禾莊園SPA,75965259,0.00,2750.00,,,,雜項購置或修繕費用,金錢,臺北市大安區****,,否,,,,,,,
465,耿葳,111年臺北市議員選舉,首次申報,1111117,人事費用支出,黃弘陵,A12*******,0.00,45000.00,,,,工資或薪津,金錢,臺北市文山區****,,否,,,,,,,
466,耿葳,111年臺北市議員選舉,首次申報,1111117,人事費用支出,黃弘陵,A12*******,0.00,45000.00,,,,工資或薪津,金錢,臺北市文山區****,,否,,,,,,,
467,耿葳,111年臺北市議員選舉,首次申報,1111117,人事費用支出,楊仲斌,C10*******,0.00,2000.00,,,,工資或薪津,金錢,臺北市文山區****,,否,,,,,,,
468,耿葳,111年臺北市議員選舉,首次申報,1111118,交通旅運支出,福華加油站,22868379,0.00,1519.00,,,,油資,金錢,臺北市文山區****,,否,,,,,,,
469,耿葳,111年臺北市議員選舉,首次申報,1111119,雜支支出,POYA寶雅,82948030,0.00,516.00,,,,雜項購置或修繕費用,金錢,臺北市文山區****,,否,,,,,,,
470,耿葳,111年臺北市議員選舉,首次申報,1111119,人事費用支出,顏俊傑,A12*******,0.00,2200.00,,,,工資或薪津,金錢,臺北市大安區****,,否,,,,,,,
471,耿葳,111年臺北市議員選舉,首次申報,1111119,人事費用支出,陳威龍,A12*******,0.00,16000.00,,,,工資或薪津,金錢,新北市淡水區****,,否,,,,,,,
472,耿葳,111年臺北市議員選舉,首次申報,1111120,雜支支出,通化肉圓,,0.00,690.00,,,,餐飲費用,金錢,臺北市中山區****,,否,,,,,,,
473,耿葳,111年臺北市議員選舉,首次申報,1111120,人事費用支出,陳威龍,A12*******,0.00,24000.00,,,,工資或薪津,金錢,新北市淡水區****,,否,,,,,,,
474,耿葳,111年臺北市議員選舉,首次申報,1111121,交通旅運支出,福華加油站,22868379,0.00,1314.00,,,,油資,金錢,臺北市文山區****,,否,,,,,,,
475,耿葳,111年臺北市議員選舉,首次申報,1111121,宣傳支出,禾生印刷有限公司,23678377,0.00,52500.00,,,,製作競選物品或宣傳廣告費用（物品名稱-文宣）,金錢,新北市樹林區****,2681*****,否,,,,,,,
476,耿葳,111年臺北市議員選舉,首次申報,1111122,人事費用支出,黃弘陵,A12*******,0.00,9000.00,,,,工資或薪津,金錢,臺北市文山區****,,否,,,,,,,
477,耿葳,111年臺北市議員選舉,首次申報,1111122,人事費用支出,黃弘陵,A12*******,0.00,9000.00,,,,工資或薪津,金錢,臺北市文山區****,,否,,,,,,,
478,耿葳,111年臺北市議員選舉,首次申報,1111123,雜支支出,中華郵政股份有限公司,,0.00,635.00,,,,郵局手續費,金錢,臺北市大安區****,,否,,,,,,,
479,耿葳,111年臺北市議員選舉,首次申報,1111123,宣傳支出,禾生印刷有限公司,23678377,0.00,5250.00,,,,製作競選物品或宣傳廣告費用（物品名稱-文宣）,金錢,新北市樹林區****,2681*****,否,,,,,,,
480,耿葳,111年臺北市議員選舉,首次申報,1111123,雜支支出,萬隆燒臘,26243306,0.00,1100.00,,,,餐飲費用,金錢,臺北市文山區****,,否,,,,,,,
481,耿葳,111年臺北市議員選舉,首次申報,1111123,雜支支出,小李子餐廳有限公司,97123817,0.00,1250.00,,,,餐飲費用,金錢,臺北市大安區****,2709*****,否,,,,,,,
482,耿葳,111年臺北市議員選舉,首次申報,1111124,宣傳支出,台灣摩菲爾國際(股)公司,24312453,0.00,25000.00,,,,租用廣告看板或車體廣告費用,金錢,臺北市仁愛路****,2351*****,否,,,,,,,
483,耿葳,111年臺北市議員選舉,首次申報,1111124,雜支支出,珍佳香小吃店,48851346,0.00,745.00,,,,餐飲費用,金錢,臺北市文山區****,,否,,,,,,,
484,耿葳,111年臺北市議員選舉,首次申報,1111124,雜支支出,POYA寶雅,82948030,0.00,1408.00,,,,雜項購置或修繕費用,金錢,臺北市文山區****,2930*****,否,,,,,,,
485,耿葳,111年臺北市議員選舉,首次申報,1111124,人事費用支出,陳威龍,A12*******,0.00,21000.00,,,,工資或薪津,金錢,新北市淡水區****,,否,,,,,,,
486,耿葳,111年臺北市議員選舉,首次申報,1111125,交通旅運支出,福華加油站,22868379,0.00,1406.00,,,,油資,金錢,臺北市文山區****,,否,,,,,,,
487,耿葳,111年臺北市議員選舉,首次申報,1111126,雜支支出,新光三越,80033340,0.00,4517.00,,,,餐飲費用,金錢,臺北市信義區****,8780*****,否,,,,,,,
488,耿葳,111年臺北市議員選舉,首次申報,1111127,雜支支出,PAUL,42332375,0.00,1315.00,,,,餐飲費用,金錢,臺北市大安區****,,否,,,,,,,
489,耿葳,111年臺北市議員選舉,首次申報,1111127,雜支支出,悅禾莊園SPA,75965259,0.00,2750.00,,,,雜項購置或修繕費用,金錢,臺北市大安區****,,否,,,,,,,
490,耿葳,111年臺北市議員選舉,首次申報,1111127,人事費用支出,高福田,F12*******,0.00,8000.00,,,,工資或薪津,金錢,新北市三重區****,,否,,,,,,,
491,耿葳,111年臺北市議員選舉,首次申報,1111128,雜支支出,新光三越,16091596,0.00,1605.00,,,,雜項購置或修繕費用,金錢,臺北市信義區****,8780*****,否,,,,,,,
492,耿葳,111年臺北市議員選舉,首次申報,1111128,雜支支出,鍋霸有限公司,24475076,0.00,1276.00,,,,餐飲費用,金錢,臺北市松山區****,2757*****,否,,,,,,,
493,耿葳,111年臺北市議員選舉,首次申報,1111128,宣傳支出,捷盛印務有限公司,27828931,0.00,650000.00,,,,租用廣告看板或車體廣告費用,金錢,臺北市中山區****,2991*****,否,,,,,,,
494,耿葳,111年臺北市議員選舉,首次申報,1111128,雜支支出,太平洋崇光百貨(股)公司,27945380,0.00,1170.00,,,,雜項購置或修繕費用,金錢,臺北市大安區****,,否,,,,,,,
495,耿葳,111年臺北市議員選舉,首次申報,1111128,返還捐贈支出,酷旅老房旅店股份有限公司,54261776,0.00,50000.00,,,,返還,金錢,新北市永和區****,,否,,,,,,,
496,耿葳,111年臺北市議員選舉,首次申報,1111128,人事費用支出,徐素英,B20*******,0.00,1000.00,,,,工資或薪津,金錢,臺北市文山區****,,否,,,,,,,
497,耿葳,111年臺北市議員選舉,首次申報,1111130,交通旅運支出,福華加油站,22868379,0.00,1206.00,,,,油資,金錢,臺北市文山區****,,否,,,,,,,
498,耿葳,111年臺北市議員選舉,首次申報,1111130,雜支支出,POYA寶雅,51801617,0.00,4389.00,,,,雜項購置或修繕費用,金錢,臺北市大安區****,,否,,,,,,,
499,耿葳,111年臺北市議員選舉,首次申報,1111130,租用競選辦事處支出,中華電信(股)公司,81691784,0.00,990.00,,,,其他與租用競選辦事處有關之費用,金錢,臺北市金山南****,,否,,,,,,,
500,耿葳,111年臺北市議員選舉,首次申報,1111130,雜支支出,維春商業開發(股)公司,82876535,0.00,19984.00,,,,餐飲費用,金錢,臺北市中山區****,8502*****,否,,,,,,,
501,耿葳,111年臺北市議員選舉,首次申報,1111130,雜支支出,暘鋒通訊有限公司,83784627,0.00,3990.00,,,,雜項購置或修繕費用,金錢,臺北市文山區****,,否,,,,,,,
502,耿葳,111年臺北市議員選舉,首次申報,1111130,人事費用支出,鈴木百惠,D22*******,0.00,50000.00,,,,獎金或津貼,金錢,新北市板橋區****,,否,,,,,,,
503,耿葳,111年臺北市議員選舉,首次申報,1111201,人事費用支出,詹麗芳,A20*******,0.00,25000.00,,,,工資或薪津,金錢,新北市淡水區****,,否,,,,,,,
504,耿葳,111年臺北市議員選舉,首次申報,1111201,人事費用支出,傅翊涵,A22*******,0.00,25000.00,,,,獎金或津貼,金錢,臺北市中山區****,,否,,,,,,,
505,耿葳,111年臺北市議員選舉,首次申報,1111201,人事費用支出,詹麗玲,A22*******,0.00,50000.00,,,,獎金或津貼,金錢,臺北市文山區****,,否,,,,,,,
506,耿葳,111年臺北市議員選舉,首次申報,1111201,人事費用支出,楊銘華,F12*******,0.00,50000.00,,,,獎金或津貼,金錢,新北市板橋區****,,否,,,,,,,
507,耿葳,111年臺北市議員選舉,首次申報,1111201,人事費用支出,孫紹凱,R12*******,0.00,50000.00,,,,獎金或津貼,金錢,新北市淡水區****,,否,,,,,,,
508,耿葳,111年臺北市議員選舉,首次申報,1111201,人事費用支出,增泉惠,S10*******,0.00,50000.00,,,,獎金或津貼,金錢,臺北市大安區****,,否,,,,,,,
509,耿葳,111年臺北市議員選舉,首次申報,1111202,返還捐贈支出,艾玖國際有限公司,53130474,0.00,10000.00,,,,返還,金錢,臺北市中山區****,,否,,,,,,,
510,耿葳,111年臺北市議員選舉,首次申報,1111203,人事費用支出,蔡行健,U12*******,0.00,33000.00,,,,其他因工作酬勞之給付,金錢,新北市中和區****,,否,,,,,,,
511,耿葳,111年臺北市議員選舉,首次申報,1111206,人事費用支出,王清鐺,L10*******,0.00,23000.00,,,,工資或薪津,金錢,臺北市文山區****,,否,,,,,,,
512,耿葳,111年臺北市議員選舉,首次申報,1111212,雜支支出,立冠車業有限公司,12893552,0.00,9480.00,,,,雜項購置或修繕費用,金錢,新北市淡水區****,2622*****,否,,,,,,,
513,耿葳,111年臺北市議員選舉,首次申報,1111216,雜支支出,立赫健保藥局,42310533,0.00,1520.00,,,,雜項購置或修繕費用,金錢,臺北市大安區****,3322*****,否,,,,,,,
