﻿序號,擬參選人／政黨,選舉名稱,申報序號／年度,交易日期,收支科目,捐贈者／支出對象,身分證／統一編號,收入金額,支出金額,支出用途,金錢類,地址,聯絡電話,資料更正日期
1,陳金鐘,107年直轄市議員選舉,首次申報,1070710,個人捐贈收入,謝佳玲,A22*******,100000.00,0.00,,金錢,臺南市東區仁****,,
2,陳金鐘,107年直轄市議員選舉,首次申報,1070710,個人捐贈收入,李伶桂,M22*******,100000.00,0.00,,金錢,臺南市東區仁****,,
3,陳金鐘,107年直轄市議員選舉,首次申報,1070710,個人捐贈收入,李維潔,R22*******,100000.00,0.00,,金錢,臺南市東區裕****,,
4,陳金鐘,107年直轄市議員選舉,首次申報,1070712,個人捐贈收入,鄭雅敏,T22*******,100000.00,0.00,,金錢,臺南市東區龍****,,
5,陳金鐘,107年直轄市議員選舉,首次申報,1070815,個人捐贈收入,潘育君,C22*******,6000.00,0.00,,金錢,臺南市東區長****,0958*****,
6,陳金鐘,107年直轄市議員選舉,首次申報,1070815,個人捐贈收入,曾美珠,D22*******,2000.00,0.00,,金錢,臺南市東區大****,0980*****,
7,陳金鐘,107年直轄市議員選舉,首次申報,1070815,個人捐贈收入,沈領昌,L12*******,30000.00,0.00,,金錢,臺南市東區崇****,0931*****,
8,陳金鐘,107年直轄市議員選舉,首次申報,1070815,個人捐贈收入,徐章洋,R12*******,100000.00,0.00,,金錢,臺南市歸仁區****,0623*****,
9,陳金鐘,107年直轄市議員選舉,首次申報,1070827,個人捐贈收入,李育林,M12*******,100000.00,0.00,,金錢,桃園市桃園區****,,
10,陳金鐘,107年直轄市議員選舉,首次申報,1070918,個人捐贈收入,蔡招展,R10*******,6000.00,0.00,,金錢,臺南市東區龍****,06-2*****,
11,陳金鐘,107年直轄市議員選舉,首次申報,1070918,個人捐贈收入,藍榮儒,T12*******,20000.00,0.00,,金錢,臺南市東區龍****,,
12,陳金鐘,107年直轄市議員選舉,首次申報,1070920,個人捐贈收入,呂炳輝,D10*******,10000.00,0.00,,金錢,臺南市東區龍****,06-2*****,
13,陳金鐘,107年直轄市議員選舉,首次申報,1070920,個人捐贈收入,詹淑卿,Q20*******,20000.00,0.00,,金錢,臺南市東區立****,,
14,陳金鐘,107年直轄市議員選舉,首次申報,1070920,個人捐贈收入,洪明得,R10*******,5000.00,0.00,,金錢,臺南市東區中****,,
15,陳金鐘,107年直轄市議員選舉,首次申報,1071003,人民團體捐贈收入,台南市不動產開發商業同業公會,,50000.00,0.00,,金錢,台南市建平十****,2978*****,
16,陳金鐘,107年直轄市議員選舉,首次申報,1071004,個人捐贈收入,吳世烈,R10*******,10000.00,0.00,,金錢,臺南市永康區****,,
17,陳金鐘,107年直轄市議員選舉,首次申報,1071008,個人捐贈收入,謝保源,,2000.00,0.00,,金錢,高雄市大樹區****,0920*****,
18,陳金鐘,107年直轄市議員選舉,首次申報,1071009,匿名捐贈,匿名1,,5000.00,0.00,,金錢,,,
19,陳金鐘,107年直轄市議員選舉,首次申報,1071009,匿名捐贈,洪幸雄,,1000.00,0.00,,金錢,,,
20,陳金鐘,107年直轄市議員選舉,首次申報,1071009,個人捐贈收入,陳建中,N10*******,10000.00,0.00,,金錢,臺南市北區臨****,,
21,陳金鐘,107年直轄市議員選舉,首次申報,1071011,個人捐贈收入,陳福蒼,,2000.00,0.00,,金錢,臺南市東區裕****,,
22,陳金鐘,107年直轄市議員選舉,首次申報,1071011,匿名捐贈,台南市中小企業婦女協會,,2000.00,0.00,,金錢,,,
23,陳金鐘,107年直轄市議員選舉,首次申報,1071011,匿名捐贈,何秀蓮,,3000.00,0.00,,金錢,,,
24,陳金鐘,107年直轄市議員選舉,首次申報,1071011,匿名捐贈,台南市中藥製造職業工會,,2000.00,0.00,,金錢,,,
25,陳金鐘,107年直轄市議員選舉,首次申報,1071011,個人捐贈收入,陳美花,A22*******,100000.00,0.00,,金錢,臺中市北屯區****,04-2*****,
26,陳金鐘,107年直轄市議員選舉,首次申報,1071011,個人捐贈收入,張玲琍,B20*******,5000.00,0.00,,金錢,臺南市東區崇****,0929*****,
27,陳金鐘,107年直轄市議員選舉,首次申報,1071011,個人捐贈收入,杜建軍,D12*******,10000.00,0.00,,金錢,臺南市仁德區****,0919*****,
28,陳金鐘,107年直轄市議員選舉,首次申報,1071011,個人捐贈收入,嚴世曜,D12*******,50000.00,0.00,,金錢,臺南市南區健****,,
29,陳金鐘,107年直轄市議員選舉,首次申報,1071011,個人捐贈收入,陳添壽,D12*******,30000.00,0.00,,金錢,臺南市東區仁****,,
30,陳金鐘,107年直轄市議員選舉,首次申報,1071011,個人捐贈收入,林子晴,D22*******,20000.00,0.00,,金錢,臺南市東區崇****,,
31,陳金鐘,107年直轄市議員選舉,首次申報,1071011,個人捐贈收入,黃格山,P10*******,20000.00,0.00,,金錢,臺南市東區裕****,06-3*****,
32,陳金鐘,107年直轄市議員選舉,首次申報,1071011,個人捐贈收入,施啟輝,R10*******,10000.00,0.00,,金錢,臺南市東區怡****,,
33,陳金鐘,107年直轄市議員選舉,首次申報,1071011,個人捐贈收入,徐盟貴,R12*******,100000.00,0.00,,金錢,臺中市北屯區****,04-2*****,
34,陳金鐘,107年直轄市議員選舉,首次申報,1071011,個人捐贈收入,王正坤,R12*******,10000.00,0.00,,金錢,臺南市東區東****,0921*****,
35,陳金鐘,107年直轄市議員選舉,首次申報,1071012,個人捐贈收入,陳曜宗,D10*******,10000.00,0.00,,金錢,臺南市東區崇****,,
36,陳金鐘,107年直轄市議員選舉,首次申報,1071012,個人捐贈收入,吳添成,R12*******,100000.00,0.00,,金錢,臺南市東區裕****,,
37,陳金鐘,107年直轄市議員選舉,首次申報,1071015,匿名捐贈,後甲社區發展協會,,2000.00,0.00,,金錢,,,
38,陳金鐘,107年直轄市議員選舉,首次申報,1071015,營利事業捐贈收入,海泓建設股份有限公司,25029807,100000.00,0.00,,金錢,臺南市東區崇****,,
39,陳金鐘,107年直轄市議員選舉,首次申報,1071015,營利事業捐贈收入,加益貿易股份有限公司,28038533,20000.00,0.00,,金錢,臺南市東區崇****,06-2*****,
40,陳金鐘,107年直轄市議員選舉,首次申報,1071015,營利事業捐贈收入,劍橋自動化科技股份有限公司,28323733,50000.00,0.00,,金錢,臺南市北區公****,,
41,陳金鐘,107年直轄市議員選舉,首次申報,1071015,營利事業捐贈收入,駿昌交通有限公司,89539828,20000.00,0.00,,金錢,臺南市東區崇****,0933*****,
42,陳金鐘,107年直轄市議員選舉,首次申報,1071015,個人捐贈收入,陳正章,D12*******,20000.00,0.00,,金錢,臺南市東區長****,0933*****,
43,陳金鐘,107年直轄市議員選舉,首次申報,1071015,個人捐贈收入,梁英煌,P10*******,10000.00,0.00,,金錢,臺南市南區台****,,
44,陳金鐘,107年直轄市議員選舉,首次申報,1071015,個人捐贈收入,許嘉文,R12*******,20000.00,0.00,,金錢,臺南市東區崇****,,
45,陳金鐘,107年直轄市議員選舉,首次申報,1071015,個人捐贈收入,黃輝鵬,R12*******,10000.00,0.00,,金錢,臺南市東區崇****,0953*****,
46,陳金鐘,107年直轄市議員選舉,首次申報,1071015,個人捐贈收入,蔡鎮安,R12*******,2000.00,0.00,,金錢,臺南市東區崇****,0955*****,
47,陳金鐘,107年直轄市議員選舉,首次申報,1071015,個人捐贈收入,林玉琇,R20*******,2000.00,0.00,,金錢,臺南市歸仁區****,06-3*****,
48,陳金鐘,107年直轄市議員選舉,首次申報,1071015,個人捐贈收入,林金燕,R22*******,50000.00,0.00,,金錢,公園路之號****,,
49,陳金鐘,107年直轄市議員選舉,首次申報,1071016,營利事業捐贈收入,媛緹美國際股份有限公司,28901564,100000.00,0.00,,金錢,臺南市北區成****,,
50,陳金鐘,107年直轄市議員選舉,首次申報,1071016,個人捐贈收入,楊崑明,R12*******,50000.00,0.00,,金錢,臺南市東區凱****,,
51,陳金鐘,107年直轄市議員選舉,首次申報,1071017,個人捐贈收入,蔡明坤,D12*******,20000.00,0.00,,金錢,臺南市北區文****,,
52,陳金鐘,107年直轄市議員選舉,首次申報,1071017,個人捐贈收入,胡界銘,R12*******,10000.00,0.00,,金錢,臺南市仁德區****,,
53,陳金鐘,107年直轄市議員選舉,首次申報,1071018,個人捐贈收入,林士賢,D12*******,2000.00,0.00,,金錢,臺南市東區裕****,,
54,陳金鐘,107年直轄市議員選舉,首次申報,1071018,個人捐贈收入,蔡應利,D12*******,15000.00,0.00,,金錢,臺南市東區裕****,06-3*****,
55,陳金鐘,107年直轄市議員選舉,首次申報,1071018,個人捐贈收入,方雪芳,R22*******,30000.00,0.00,,金錢,臺南市東區崇****,,
56,陳金鐘,107年直轄市議員選舉,首次申報,1071019,匿名捐贈,匿名2,,2000.00,0.00,,金錢,,,
57,陳金鐘,107年直轄市議員選舉,首次申報,1071019,個人捐贈收入,蔡式中,D12*******,100000.00,0.00,,金錢,臺南市安平區****,,
58,陳金鐘,107年直轄市議員選舉,首次申報,1071019,個人捐贈收入,鍾月雲,P20*******,10000.00,0.00,,金錢,臺南市東區中****,0965*****,
59,陳金鐘,107年直轄市議員選舉,首次申報,1071019,個人捐贈收入,吳星賢,R12*******,100000.00,0.00,,金錢,臺南市東區中****,,
60,陳金鐘,107年直轄市議員選舉,首次申報,1071023,匿名捐贈,匿名3,,500.00,0.00,,金錢,,,
61,陳金鐘,107年直轄市議員選舉,首次申報,1071025,個人捐贈收入,李昭榮,A12*******,10000.00,0.00,,金錢,臺南市南區金****,0971*****,
62,陳金鐘,107年直轄市議員選舉,首次申報,1071025,個人捐贈收入,洪英哲,D10*******,2000.00,0.00,,金錢,臺南市東區長****,06-2*****,
63,陳金鐘,107年直轄市議員選舉,首次申報,1071025,個人捐贈收入,郭信成,D10*******,2000.00,0.00,,金錢,臺南市永康區****,,
64,陳金鐘,107年直轄市議員選舉,首次申報,1071025,個人捐贈收入,黃雨泉,D12*******,20000.00,0.00,,金錢,臺南市東區崇****,,
65,陳金鐘,107年直轄市議員選舉,首次申報,1071025,個人捐贈收入,黃俊諺,D12*******,10000.00,0.00,,金錢,臺南市東區富****,0980*****,
66,陳金鐘,107年直轄市議員選舉,首次申報,1071025,個人捐贈收入,李淑鈴,D22*******,5000.00,0.00,,金錢,臺南市中西區****,,
67,陳金鐘,107年直轄市議員選舉,首次申報,1071025,個人捐贈收入,閻漢琳,E12*******,100000.00,0.00,,金錢,臺南市東區崇****,,
68,陳金鐘,107年直轄市議員選舉,首次申報,1071025,個人捐贈收入,周易韋,Q12*******,38000.00,0.00,,金錢,臺南市北區開****,0919*****,
69,陳金鐘,107年直轄市議員選舉,首次申報,1071025,個人捐贈收入,蔡茂松,R10*******,2000.00,0.00,,金錢,臺南市東區龍****,0932*****,
70,陳金鐘,107年直轄市議員選舉,首次申報,1071025,個人捐贈收入,黃仁享,R12*******,20000.00,0.00,,金錢,臺南市永康區****,0932*****,
71,陳金鐘,107年直轄市議員選舉,首次申報,1071026,個人捐贈收入,吳信賢,D10*******,50000.00,0.00,,金錢,臺南市中西區****,,
72,陳金鐘,107年直轄市議員選舉,首次申報,1071030,個人捐贈收入,林文龍,D10*******,3000.00,0.00,,金錢,臺南市東區崇****,0979*****,
73,陳金鐘,107年直轄市議員選舉,首次申報,1071030,個人捐贈收入,施懿修,D12*******,30000.00,0.00,,金錢,臺南市東區怡****,,
74,陳金鐘,107年直轄市議員選舉,首次申報,1071030,個人捐贈收入,劉桂昭,S22*******,3000.00,0.00,,金錢,臺南市東區中****,0933*****,
75,陳金鐘,107年直轄市議員選舉,首次申報,1071106,個人捐贈收入,邱讚霖,B10*******,20000.00,0.00,,金錢,臺南市安平區****,0939*****,
76,陳金鐘,107年直轄市議員選舉,首次申報,1071106,個人捐贈收入,陳佳綾,N22*******,100000.00,0.00,,金錢,臺中市西屯區****,,
77,陳金鐘,107年直轄市議員選舉,首次申報,1071107,營利事業捐贈收入,春輪企業股份有限公司,73736464,10000.00,0.00,,金錢,臺南市仁德區****,06-2*****,
78,陳金鐘,107年直轄市議員選舉,首次申報,1071107,個人捐贈收入,劉高志,D12*******,15000.00,0.00,,金錢,臺南市南區新****,0921*****,
79,陳金鐘,107年直轄市議員選舉,首次申報,1071107,個人捐贈收入,陳永通,E12*******,10000.00,0.00,,金錢,高雄市三民區****,,
80,陳金鐘,107年直轄市議員選舉,首次申報,1071107,個人捐贈收入,戴芳楟,J10*******,100000.00,0.00,,金錢,臺南市東區龍****,,
81,陳金鐘,107年直轄市議員選舉,首次申報,1071107,個人捐贈收入,陳佳綾,N22*******,100000.00,0.00,,金錢,臺中市西屯區****,,
82,陳金鐘,107年直轄市議員選舉,首次申報,1071107,個人捐贈收入,王秋子,R22*******,100000.00,0.00,,金錢,臺南市歸仁區****,,
83,陳金鐘,107年直轄市議員選舉,首次申報,1071109,個人捐贈收入,陳明禮,D10*******,10000.00,0.00,,金錢,臺南市中西區****,,
84,陳金鐘,107年直轄市議員選舉,首次申報,1071109,個人捐贈收入,施金印,R12*******,6600.00,0.00,,金錢,臺北市內湖區****,0933*****,
85,陳金鐘,107年直轄市議員選舉,首次申報,1071112,個人捐贈收入,吳宏斌,D12*******,18000.00,0.00,,金錢,臺南市東區裕****,0932*****,
86,陳金鐘,107年直轄市議員選舉,首次申報,1071114,匿名捐贈,謝明堂,,1000.00,0.00,,金錢,,,
87,陳金鐘,107年直轄市議員選舉,首次申報,1071114,個人捐贈收入,洪金樹,B10*******,6000.00,0.00,,金錢,彰化縣大村鄉****,0921*****,
88,陳金鐘,107年直轄市議員選舉,首次申報,1071114,個人捐贈收入,王炯勝,D12*******,30000.00,0.00,,金錢,臺南市東區立****,,
89,陳金鐘,107年直轄市議員選舉,首次申報,1071114,個人捐贈收入,黃淑惠,D22*******,20000.00,0.00,,金錢,臺南市東區崇****,,
90,陳金鐘,107年直轄市議員選舉,首次申報,1071114,個人捐贈收入,吳介仁,E12*******,20000.00,0.00,,金錢,高雄市鼓山區****,0921*****,
91,陳金鐘,107年直轄市議員選舉,首次申報,1071114,個人捐贈收入,蘇守毅,Q12*******,36000.00,0.00,,金錢,臺南市東區裕****,,
92,陳金鐘,107年直轄市議員選舉,首次申報,1071114,個人捐贈收入,劉吉甫,R10*******,20000.00,0.00,,金錢,臺南市北區東****,,
93,陳金鐘,107年直轄市議員選舉,首次申報,1071114,個人捐贈收入,陳奕廷,T12*******,100000.00,0.00,,金錢,臺南市東區龍****,,
94,陳金鐘,107年直轄市議員選舉,首次申報,1071116,人民團體捐贈收入,台南市府城桌球協會,,10000.00,0.00,,金錢,台南市東區長****,2759*****,
95,陳金鐘,107年直轄市議員選舉,首次申報,1071116,個人捐贈收入,王昭庸,D12*******,6000.00,0.00,,金錢,臺南市北區北****,,
96,陳金鐘,107年直轄市議員選舉,首次申報,1071116,個人捐贈收入,黎永康,F10*******,100000.00,0.00,,金錢,臺南市東區長****,,
97,陳金鐘,107年直轄市議員選舉,首次申報,1071116,個人捐贈收入,廖志中,N12*******,20000.00,0.00,,金錢,臺南市東區崇****,0937*****,
98,陳金鐘,107年直轄市議員選舉,首次申報,1071116,個人捐贈收入,廖芳陞,P12*******,5000.00,0.00,,金錢,臺南市東區林****,,
99,陳金鐘,107年直轄市議員選舉,首次申報,1071116,個人捐贈收入,鄭昆山,R10*******,20000.00,0.00,,金錢,臺南市東區生****,,
100,陳金鐘,107年直轄市議員選舉,首次申報,1071116,個人捐贈收入,鍾國謀,T12*******,100000.00,0.00,,金錢,臺南市林森路****,,
101,陳金鐘,107年直轄市議員選舉,首次申報,1071119,個人捐贈收入,林政男,D12*******,7000.00,0.00,,金錢,臺南市東區崇****,,
102,陳金鐘,107年直轄市議員選舉,首次申報,1071119,個人捐贈收入,張素碧,D22*******,5000.00,0.00,,金錢,臺南市安平區****,,
103,陳金鐘,107年直轄市議員選舉,首次申報,1071119,個人捐贈收入,王正賜,Q12*******,90000.00,0.00,,金錢,臺南市東區凱****,0937*****,
104,陳金鐘,107年直轄市議員選舉,首次申報,1071119,個人捐贈收入,林宗輝,S10*******,5000.00,0.00,,金錢,高雄市湖內區****,0985*****,
105,陳金鐘,107年直轄市議員選舉,首次申報,1071120,個人捐贈收入,張碩文,D12*******,30000.00,0.00,,金錢,高雄市三民區****,,
106,陳金鐘,107年直轄市議員選舉,首次申報,1071121,個人捐贈收入,黃友正,R10*******,20000.00,0.00,,金錢,臺南市南區喜****,,
107,陳金鐘,107年直轄市議員選舉,首次申報,1071122,個人捐贈收入,蘇仁斌,D12*******,100000.00,0.00,,金錢,臺南市安南區****,0981*****,
108,陳金鐘,107年直轄市議員選舉,首次申報,1071122,個人捐贈收入,范姜緯楓,R12*******,100000.00,0.00,,金錢,臺南市安南區****,0938*****,
109,陳金鐘,107年直轄市議員選舉,首次申報,1071122,個人捐贈收入,洪堂財,R12*******,100000.00,0.00,,金錢,臺南市柳營區****,0932*****,
110,陳金鐘,107年直轄市議員選舉,首次申報,1071123,營利事業捐贈收入,宏明工業股份有限公司,69398672,100000.00,0.00,,金錢,臺南市關廟區****,,
111,陳金鐘,107年直轄市議員選舉,首次申報,1071123,個人捐贈收入,巫義淵,A10*******,2000.00,0.00,,金錢,臺南市東區崇****,,
112,陳金鐘,107年直轄市議員選舉,首次申報,1071123,個人捐贈收入,張斯雯,R22*******,50000.00,0.00,,金錢,臺南市善化區****,0989*****,
113,陳金鐘,107年直轄市議員選舉,首次申報,1071221,其他收入,利息收入,,107.00,0.00,,金錢,,,
