﻿序號,擬參選人／政黨,選舉名稱,申報序號／年度,交易日期,收支科目,捐贈者／支出對象,身分證／統一編號,收入金額,支出金額,支出用途,金錢類,地址,聯絡電話,資料更正日期
1,施性鍾,107年鄉(鎮、市)長選舉,首次申報,1070806,集會支出,池上便當,10949051,0.00,240.00,餐飲支出,金錢,彰化縣鹿港鎮****,,
2,施性鍾,107年鄉(鎮、市)長選舉,首次申報,1070806,宣傳支出,仁棠帆布出租,10958804,0.00,1800.00,製作宣傳廣告支出,金錢,彰化縣鹿港鎮****,,
3,施性鍾,107年鄉(鎮、市)長選舉,首次申報,1070806,雜支支出,麥當勞,16095306,0.00,84.00,餐飲費用,金錢,彰化縣鹿港鎮****,,
4,施性鍾,107年鄉(鎮、市)長選舉,首次申報,1070806,集會支出,真好味便當社,19947147,0.00,2800.00,餐飲支出,金錢,彰化縣鹿港鎮****,,
5,施性鍾,107年鄉(鎮、市)長選舉,首次申報,1070806,雜支支出,龍山魷魚肉羹,21426137,0.00,425.00,餐飲費用,金錢,彰化縣鹿港鎮****,,
6,施性鍾,107年鄉(鎮、市)長選舉,首次申報,1070806,雜支支出,台塑石油,22933250,0.00,1100.00,汽機車燃料費用,金錢,彰化縣鹿港鎮****,,
7,施性鍾,107年鄉(鎮、市)長選舉,首次申報,1070806,雜支支出,鹿港鎖匙店,45405977,0.00,150.00,雜項購置或修繕費用,金錢,彰化縣鹿港鎮****,,
8,施性鍾,107年鄉(鎮、市)長選舉,首次申報,1070806,雜支支出,鹿港鎖匙店,45405977,0.00,320.00,雜項購置或修繕費用,金錢,彰化縣鹿港鎮****,,
9,施性鍾,107年鄉(鎮、市)長選舉,首次申報,1070806,雜支支出,隆滿小吃店,45691520,0.00,630.00,餐飲費用,金錢,彰化縣鹿港鎮****,,
10,施性鍾,107年鄉(鎮、市)長選舉,首次申報,1070806,集會支出,邱記芋園城,47617224,0.00,450.00,餐飲支出,金錢,彰化縣鹿港鎮****,,
11,施性鍾,107年鄉(鎮、市)長選舉,首次申報,1070806,雜支支出,大盤大,57003674,0.00,500.00,雜項購置或修繕費用,金錢,彰化縣鹿港鎮****,,
12,施性鍾,107年鄉(鎮、市)長選舉,首次申報,1070806,雜支支出,大盤大,57003674,0.00,500.00,雜項購置或修繕費用,金錢,彰化縣鹿港鎮****,,
13,施性鍾,107年鄉(鎮、市)長選舉,首次申報,1070806,雜支支出,大盤大,57003674,0.00,469.00,雜項購置或修繕費用,金錢,彰化縣鹿港鎮****,,
14,施性鍾,107年鄉(鎮、市)長選舉,首次申報,1070806,雜支支出,大盤大,57003674,0.00,25.00,雜項購置或修繕費用,金錢,彰化縣鹿港鎮****,,
15,施性鍾,107年鄉(鎮、市)長選舉,首次申報,1070806,雜支支出,大盤大,57003674,0.00,45.00,雜項購置或修繕費用,金錢,彰化縣鹿港鎮****,,
16,施性鍾,107年鄉(鎮、市)長選舉,首次申報,1070806,公共關係費用支出,安安禮儀服務部,77099000,0.00,19000.00,聯誼交際費用,金錢,彰化縣鹿港鎮****,,
17,施性鍾,107年鄉(鎮、市)長選舉,首次申報,1070806,宣傳支出,朝揚廣告社,93895691,0.00,10500.00,製作競選物品支出（帆布）,金錢,彰化縣鹿港鎮****,,
18,施性鍾,107年鄉(鎮、市)長選舉,首次申報,1070807,雜支支出,台塑石油,22933250,0.00,100.00,汽機車燃料費用,金錢,彰化縣鹿港鎮****,,
19,施性鍾,107年鄉(鎮、市)長選舉,首次申報,1070807,集會支出,迷客夏,38930309,0.00,928.00,餐飲支出,金錢,彰化縣鹿港鎮****,,
20,施性鍾,107年鄉(鎮、市)長選舉,首次申報,1070807,雜支支出,50嵐,53511234,0.00,151.00,餐飲費用,金錢,彰化縣鹿港鎮****,,
21,施性鍾,107年鄉(鎮、市)長選舉,首次申報,1070807,公共關係費用支出,興建禮儀社,92818015,0.00,2000.00,聯誼交際費用,金錢,彰化縣鹿港鎮****,,
22,施性鍾,107年鄉(鎮、市)長選舉,首次申報,1070809,雜支支出,中國石油,28165116,0.00,1011.00,汽機車燃料費用,金錢,彰化縣福興鄉****,,
23,施性鍾,107年鄉(鎮、市)長選舉,首次申報,1070809,人事費用支出,林俊宏,N12*******,0.00,15000.00,工資或薪津,金錢,彰化縣鹿港鎮****,,
24,施性鍾,107年鄉(鎮、市)長選舉,首次申報,1070809,人事費用支出,郭芷瑜,N22*******,0.00,19000.00,工資或薪津,金錢,彰化縣鹿港鎮****,,
25,施性鍾,107年鄉(鎮、市)長選舉,首次申報,1070809,人事費用支出,周湘芸,N22*******,0.00,14000.00,工資或薪津,金錢,彰化縣鹿港鎮****,,
26,施性鍾,107年鄉(鎮、市)長選舉,首次申報,1070810,雜支支出,中國石油,86625757,0.00,100.00,汽機車燃料費用,金錢,彰化縣鹿港鎮****,,
27,施性鍾,107年鄉(鎮、市)長選舉,首次申報,1070811,集會支出,施豆花,45794933,0.00,500.00,餐飲支出,金錢,彰化縣鹿港鎮****,,
28,施性鍾,107年鄉(鎮、市)長選舉,首次申報,1070811,宣傳支出,朝揚廣告社,93895691,0.00,12360.00,製作競選物品支出（帆布）,金錢,彰化縣鹿港鎮****,,
29,施性鍾,107年鄉(鎮、市)長選舉,首次申報,1070815,宣傳支出,朝揚廣告社,93895691,0.00,180045.00,租用廣告看板或車體廣告支出,金錢,彰化縣鹿港鎮****,,
30,施性鍾,107年鄉(鎮、市)長選舉,首次申報,1070817,集會支出,麥當勞,16095306,0.00,1040.00,餐飲支出,金錢,彰化縣鹿港鎮****,,
31,施性鍾,107年鄉(鎮、市)長選舉,首次申報,1070817,集會支出,鹿港施豆花,45794933,0.00,570.00,餐飲支出,金錢,彰化縣鹿港鎮****,,
32,施性鍾,107年鄉(鎮、市)長選舉,首次申報,1070818,集會支出,真好味便當社,19947147,0.00,3300.00,餐飲支出,金錢,彰化縣鹿港鎮****,,
33,施性鍾,107年鄉(鎮、市)長選舉,首次申報,1070820,集會支出,鹿鼎記,14864131,0.00,911.00,餐飲支出,金錢,彰化縣鹿港鎮****,,
34,施性鍾,107年鄉(鎮、市)長選舉,首次申報,1070820,雜支支出,八方雲集,47371875,0.00,590.00,餐飲費用,金錢,彰化縣鹿港鎮****,,
35,施性鍾,107年鄉(鎮、市)長選舉,首次申報,1070820,宣傳支出,勝合旗幟有限公司,84529575,0.00,12600.00,製作競選物品支出（布旗）,金錢,彰化縣秀水鄉****,,
36,施性鍾,107年鄉(鎮、市)長選舉,首次申報,1070821,雜支支出,清心,09335105,0.00,325.00,餐飲費用,金錢,彰化縣鹿港鎮****,,
37,施性鍾,107年鄉(鎮、市)長選舉,首次申報,1070821,雜支支出,台塑石油,22933250,0.00,100.00,汽機車燃料費用,金錢,彰化縣鹿港鎮****,,
38,施性鍾,107年鄉(鎮、市)長選舉,首次申報,1070821,宣傳支出,朝揚廣告社,93895691,0.00,16580.00,製作競選物品支出（帆布）,金錢,彰化縣鹿港鎮****,,
39,施性鍾,107年鄉(鎮、市)長選舉,首次申報,1070822,雜支支出,台塑石油,22933250,0.00,1010.00,汽機車燃料費用,金錢,彰化縣鹿港鎮****,,
40,施性鍾,107年鄉(鎮、市)長選舉,首次申報,1070822,集會支出,冷凍豆花大王,80827881,0.00,530.00,餐飲支出,金錢,彰化縣鹿港鎮****,,
41,施性鍾,107年鄉(鎮、市)長選舉,首次申報,1070823,集會支出,麥當勞,16095306,0.00,1044.00,餐飲支出,金錢,彰化縣鹿港鎮****,,
42,施性鍾,107年鄉(鎮、市)長選舉,首次申報,1070823,租用宣傳車輛支出,南昱輪胎行,45821903,0.00,2800.00,維修宣傳車輛支出,金錢,彰化縣福興鄉****,04-7*****,
43,施性鍾,107年鄉(鎮、市)長選舉,首次申報,1070824,雜支支出,好印象鎖印家,73979399,0.00,150.00,雜項購置或修繕費用,金錢,彰化縣鹿港鎮****,,
44,施性鍾,107年鄉(鎮、市)長選舉,首次申報,1070825,集會支出,麥當勞,16095306,0.00,1341.00,餐飲支出,金錢,彰化縣鹿港鎮****,,
45,施性鍾,107年鄉(鎮、市)長選舉,首次申報,1070825,雜支支出,全聯,51572065,0.00,168.00,雜項購置或修繕費用,金錢,彰化縣鹿港鎮****,,
46,施性鍾,107年鄉(鎮、市)長選舉,首次申報,1070827,雜支支出,立特屋,16537062,0.00,500.00,雜項購置或修繕費用,金錢,彰化縣鹿港鎮****,,
47,施性鍾,107年鄉(鎮、市)長選舉,首次申報,1070827,雜支支出,台北小籠包,72486565,0.00,650.00,餐飲費用,金錢,彰化縣福興鄉****,,
48,施性鍾,107年鄉(鎮、市)長選舉,首次申報,1070828,雜支支出,中國石油,28165116,0.00,1203.00,汽機車燃料費用,金錢,彰化縣福興鄉****,,
49,施性鍾,107年鄉(鎮、市)長選舉,首次申報,1070828,雜支支出,50嵐,53967521,0.00,151.00,餐飲費用,金錢,彰化縣鹿港鎮****,,
50,施性鍾,107年鄉(鎮、市)長選舉,首次申報,1070829,集會支出,必勝客,28860439,0.00,2915.00,餐飲支出,金錢,彰化縣鹿港鎮****,,
51,施性鍾,107年鄉(鎮、市)長選舉,首次申報,1070829,宣傳支出,朝揚廣告社,93895691,0.00,17240.00,製作競選物品支出（帆布）,金錢,彰化縣鹿港鎮****,,
52,施性鍾,107年鄉(鎮、市)長選舉,首次申報,1070830,公共關係費用支出,興建禮儀社,92818015,0.00,500.00,聯誼交際費用,金錢,彰化縣鹿港鎮****,,
53,施性鍾,107年鄉(鎮、市)長選舉,首次申報,1070831,雜支支出,台塑石油,22933250,0.00,1290.00,汽機車燃料費用,金錢,彰化縣鹿港鎮****,,
54,施性鍾,107年鄉(鎮、市)長選舉,首次申報,1070831,雜支支出,中國石油,28165116,0.00,100.00,汽機車燃料費用,金錢,彰化縣福興鄉****,,
55,施性鍾,107年鄉(鎮、市)長選舉,首次申報,1070831,公共關係費用支出,興建禮儀社,92818015,0.00,2000.00,聯誼交際費用,金錢,彰化縣鹿港鎮****,,
56,施性鍾,107年鄉(鎮、市)長選舉,首次申報,1070831,公共關係費用支出,興建禮儀社,92818015,0.00,500.00,聯誼交際費用,金錢,彰化縣鹿港鎮****,,
57,施性鍾,107年鄉(鎮、市)長選舉,首次申報,1070831,公共關係費用支出,興建禮儀社,92818015,0.00,500.00,聯誼交際費用,金錢,彰化縣鹿港鎮****,,
58,施性鍾,107年鄉(鎮、市)長選舉,首次申報,1070901,雜支支出,豆花大王,80827881,0.00,450.00,餐飲費用,金錢,彰化縣鹿港鎮****,,
59,施性鍾,107年鄉(鎮、市)長選舉,首次申報,1070901,宣傳支出,金利工藝社,95956601,0.00,3500.00,播送、傳送或刊登宣傳廣告支出,金錢,彰化縣伸港鄉****,,
60,施性鍾,107年鄉(鎮、市)長選舉,首次申報,1070901,宣傳支出,金利工藝社,95956601,0.00,3500.00,播送、傳送或刊登宣傳廣告支出,金錢,彰化縣伸港鄉****,,
61,施性鍾,107年鄉(鎮、市)長選舉,首次申報,1070901,人事費用支出,曾子誠,L12*******,0.00,32200.00,工資或薪津,金錢,F臺中縣豐原****,0988*****,
62,施性鍾,107年鄉(鎮、市)長選舉,首次申報,1070901,人事費用支出,施枚岑,N22*******,0.00,45000.00,工資或薪津,金錢,彰化縣福興鄉****,0952*****,
63,施性鍾,107年鄉(鎮、市)長選舉,首次申報,1070901,人事費用支出,施芝妤,N22*******,0.00,47000.00,工資或薪津,金錢,彰化縣鹿港鎮****,0934*****,
64,施性鍾,107年鄉(鎮、市)長選舉,首次申報,1070903,雜支支出,燦坤,27244578,0.00,699.00,雜項購置或修繕費用,金錢,彰化縣福興鄉****,,
65,施性鍾,107年鄉(鎮、市)長選舉,首次申報,1070903,雜支支出,迷客夏,38930309,0.00,221.00,餐飲費用,金錢,彰化縣鹿港鎮****,,
66,施性鍾,107年鄉(鎮、市)長選舉,首次申報,1070903,宣傳支出,朝揚廣告社,93895691,0.00,14640.00,製作競選物品支出（帆布）,金錢,彰化縣鹿港鎮****,,
67,施性鍾,107年鄉(鎮、市)長選舉,首次申報,1070903,宣傳支出,朝揚廣告社,93895691,0.00,7000.00,播送、傳送或刊登宣傳廣告支出,金錢,彰化縣鹿港鎮****,,
68,施性鍾,107年鄉(鎮、市)長選舉,首次申報,1070903,宣傳支出,金利工藝社,95956601,0.00,7000.00,播送、傳送或刊登宣傳廣告支出,金錢,彰化縣伸港鄉****,,
69,施性鍾,107年鄉(鎮、市)長選舉,首次申報,1070903,宣傳支出,金利工藝社,95956601,0.00,3500.00,播送、傳送或刊登宣傳廣告支出,金錢,彰化縣伸港鄉****,,
70,施性鍾,107年鄉(鎮、市)長選舉,首次申報,1070903,宣傳支出,金利工藝社,95956601,0.00,3500.00,播送、傳送或刊登宣傳廣告支出,金錢,彰化縣伸港鄉****,,
71,施性鍾,107年鄉(鎮、市)長選舉,首次申報,1070904,雜支支出,台塑石油,22933250,0.00,1174.00,汽機車燃料費用,金錢,彰化縣鹿港鎮****,,
72,施性鍾,107年鄉(鎮、市)長選舉,首次申報,1070904,雜支支出,台塑石油,22933250,0.00,821.00,汽機車燃料費用,金錢,彰化縣鹿港鎮****,,
73,施性鍾,107年鄉(鎮、市)長選舉,首次申報,1070904,雜支支出,可不可熟成紅茶,72451658,0.00,60.00,餐飲費用,金錢,彰化縣鹿港鎮****,,
74,施性鍾,107年鄉(鎮、市)長選舉,首次申報,1070907,宣傳支出,朝揚廣告社,93895691,0.00,9720.00,製作競選物品支出（帆布）,金錢,彰化縣鹿港鎮****,,
75,施性鍾,107年鄉(鎮、市)長選舉,首次申報,1070910,集會支出,宥香快餐店,10949051,0.00,430.00,餐飲支出,金錢,彰化縣鹿港鎮****,,
76,施性鍾,107年鄉(鎮、市)長選舉,首次申報,1070910,雜支支出,台塑石油,22933250,0.00,590.00,汽機車燃料費用,金錢,彰化縣鹿港鎮****,,
77,施性鍾,107年鄉(鎮、市)長選舉,首次申報,1070910,雜支支出,中國石油,28165116,0.00,100.00,汽機車燃料費用,金錢,彰化縣福興鄉****,,
78,施性鍾,107年鄉(鎮、市)長選舉,首次申報,1070911,宣傳支出,朝揚廣告社,93895691,0.00,14336.00,製作競選物品支出（帆布）,金錢,彰化縣鹿港鎮****,,
79,施性鍾,107年鄉(鎮、市)長選舉,首次申報,1070912,雜支支出,澄糖入室黑糖乳飲專賣店,82376166,0.00,1190.00,餐飲費用,金錢,彰化縣鹿港鎮****,,
80,施性鍾,107年鄉(鎮、市)長選舉,首次申報,1070915,雜支支出,中國石油,09326176,0.00,780.00,汽機車燃料費用,金錢,彰化縣鹿港鎮****,,
81,施性鍾,107年鄉(鎮、市)長選舉,首次申報,1070915,雜支支出,台塑石油,22933250,0.00,500.00,汽機車燃料費用,金錢,彰化縣鹿港鎮****,,
82,施性鍾,107年鄉(鎮、市)長選舉,首次申報,1070917,租用宣傳車輛支出,第一產物保險股份有限公司,03359109,0.00,7567.00,宣傳車輛保險支出,金錢,臺北市中正區****,,
83,施性鍾,107年鄉(鎮、市)長選舉,首次申報,1070917,租用宣傳車輛支出,南昱輪胎行,45821903,0.00,2800.00,維修宣傳車輛支出,金錢,彰化縣福興鄉****,,
84,施性鍾,107年鄉(鎮、市)長選舉,首次申報,1070918,雜支支出,台塑石油,22933250,0.00,100.00,汽機車燃料費用,金錢,彰化縣鹿港鎮****,,
85,施性鍾,107年鄉(鎮、市)長選舉,首次申報,1070918,雜支支出,悟饕,38936556,0.00,2210.00,餐飲費用,金錢,彰化縣鹿港鎮****,,
86,施性鍾,107年鄉(鎮、市)長選舉,首次申報,1070918,宣傳支出,朝揚廣告社,93895691,0.00,9840.00,製作競選物品支出（帆布）,金錢,彰化縣鹿港鎮****,,
87,施性鍾,107年鄉(鎮、市)長選舉,首次申報,1070919,集會支出,邱記芋園城,47617224,0.00,665.00,餐飲支出,金錢,彰化縣鹿港鎮****,,
88,施性鍾,107年鄉(鎮、市)長選舉,首次申報,1070919,雜支支出,可不可熟成紅茶,72451658,0.00,252.00,餐飲費用,金錢,彰化縣鹿港鎮****,,
89,施性鍾,107年鄉(鎮、市)長選舉,首次申報,1070920,雜支支出,台塑石油,22933250,0.00,1221.00,汽機車燃料費用,金錢,彰化縣鹿港鎮****,,
90,施性鍾,107年鄉(鎮、市)長選舉,首次申報,1070920,雜支支出,程勝企業股份有限公司,84680641,0.00,5550.00,雜項購置或修繕費用,金錢,嘉義縣民雄鄉****,,
91,施性鍾,107年鄉(鎮、市)長選舉,首次申報,1070922,雜支支出,台塑石油,22933250,0.00,800.00,汽機車燃料費用,金錢,彰化縣鹿港鎮****,,
92,施性鍾,107年鄉(鎮、市)長選舉,首次申報,1070922,集會支出,巧也飽(金豪餐飲商行),47447185,0.00,410.00,餐飲支出,金錢,彰化縣鹿港鎮****,,
93,施性鍾,107年鄉(鎮、市)長選舉,首次申報,1070923,雜支支出,迷客夏,38930309,0.00,220.00,餐飲費用,金錢,彰化縣鹿港鎮****,,
94,施性鍾,107年鄉(鎮、市)長選舉,首次申報,1070925,宣傳支出,朝揚廣告社,93895691,0.00,9300.00,製作競選物品支出（帆布）,金錢,彰化縣鹿港鎮****,,
95,施性鍾,107年鄉(鎮、市)長選舉,首次申報,1070925,租用競選辦事處支出,粘湘宜,N22*******,0.00,20000.00,租用競選辦事處費用,金錢,彰化縣鹿港鎮****,,
96,施性鍾,107年鄉(鎮、市)長選舉,首次申報,1070926,雜支支出,鹿鼎記三色湯圓,14864131,0.00,665.00,餐飲費用,金錢,彰化縣鹿港鎮****,,
97,施性鍾,107年鄉(鎮、市)長選舉,首次申報,1070926,雜支支出,全聯,28988442,0.00,115.00,雜項購置或修繕費用,金錢,彰化縣鹿港鎮****,,
98,施性鍾,107年鄉(鎮、市)長選舉,首次申報,1070927,雜支支出,台塑石油,22933250,0.00,800.00,汽機車燃料費用,金錢,彰化縣鹿港鎮****,,
99,施性鍾,107年鄉(鎮、市)長選舉,首次申報,1070928,雜支支出,進泰商行,14867783,0.00,800.00,雜項購置或修繕費用,金錢,彰化縣鹿港鎮****,,
100,施性鍾,107年鄉(鎮、市)長選舉,首次申報,1070928,雜支支出,鹿港鎖匙店,45405977,0.00,25.00,雜項購置或修繕費用,金錢,彰化縣鹿港鎮****,,
101,施性鍾,107年鄉(鎮、市)長選舉,首次申報,1070928,雜支支出,成發塑膠行,58023728,0.00,110.00,餐飲費用,金錢,彰化縣鹿港鎮****,,
102,施性鍾,107年鄉(鎮、市)長選舉,首次申報,1070928,宣傳支出,朝揚廣告社,93895691,0.00,12000.00,製作競選物品支出（帆布）,金錢,彰化縣鹿港鎮****,,
103,施性鍾,107年鄉(鎮、市)長選舉,首次申報,1071001,雜支支出,迷客夏,38930309,0.00,330.00,餐飲費用,金錢,彰化縣鹿港鎮****,,
104,施性鍾,107年鄉(鎮、市)長選舉,首次申報,1071001,集會支出,悟饕(家竣飯包店),38936556,0.00,950.00,餐飲支出,金錢,彰化縣鹿港鎮****,,
105,施性鍾,107年鄉(鎮、市)長選舉,首次申報,1071001,人事費用支出,曾子誠,L12*******,0.00,5000.00,獎金或津貼,金錢,F臺中縣豐原****,0988*****,
106,施性鍾,107年鄉(鎮、市)長選舉,首次申報,1071001,人事費用支出,曾子誠,L12*******,0.00,25000.00,工資或薪津,金錢,F臺中縣豐原****,0988*****,
107,施性鍾,107年鄉(鎮、市)長選舉,首次申報,1071001,人事費用支出,施芝妤,N22*******,0.00,27000.00,工資或薪津,金錢,彰化縣鹿港鎮****,0934*****,
108,施性鍾,107年鄉(鎮、市)長選舉,首次申報,1071001,人事費用支出,施芝妤,N22*******,0.00,5000.00,獎金或津貼,金錢,彰化縣鹿港鎮****,0934*****,
109,施性鍾,107年鄉(鎮、市)長選舉,首次申報,1071001,人事費用支出,施枚岑,N22*******,0.00,6000.00,獎金或津貼,金錢,彰化縣福興鄉****,0952*****,
110,施性鍾,107年鄉(鎮、市)長選舉,首次申報,1071001,人事費用支出,施枚岑,N22*******,0.00,30000.00,工資或薪津,金錢,彰化縣福興鄉****,0952*****,
111,施性鍾,107年鄉(鎮、市)長選舉,首次申報,1071002,雜支支出,立特屋,16537062,0.00,75.00,雜項購置或修繕費用,金錢,彰化縣鹿港鎮****,,
112,施性鍾,107年鄉(鎮、市)長選舉,首次申報,1071002,集會支出,吳記,17304554,0.00,1000.00,餐飲支出,金錢,彰化縣鹿港鎮****,,
113,施性鍾,107年鄉(鎮、市)長選舉,首次申報,1071002,雜支支出,吳記,17304554,0.00,1380.00,餐飲費用,金錢,彰化縣鹿港鎮****,,
114,施性鍾,107年鄉(鎮、市)長選舉,首次申報,1071002,雜支支出,台塑石油,22933250,0.00,800.00,汽機車燃料費用,金錢,彰化縣鹿港鎮****,,
115,施性鍾,107年鄉(鎮、市)長選舉,首次申報,1071002,雜支支出,可不可熟成紅茶,72451658,0.00,720.00,餐飲費用,金錢,彰化縣鹿港鎮****,,
116,施性鍾,107年鄉(鎮、市)長選舉,首次申報,1071003,雜支支出,泰安產物保險股份有限公司,03336704,0.00,40000.00,公共意外責任險,金錢,臺北市中正區****,,
117,施性鍾,107年鄉(鎮、市)長選舉,首次申報,1071003,集會支出,麥當勞,16095306,0.00,1915.00,餐飲支出,金錢,彰化縣鹿港鎮****,,
118,施性鍾,107年鄉(鎮、市)長選舉,首次申報,1071005,雜支支出,中國石油,17314188,0.00,100.00,汽機車燃料費用,金錢,彰化縣鹿港鎮****,,
119,施性鍾,107年鄉(鎮、市)長選舉,首次申報,1071005,雜支支出,台塑石油,22933250,0.00,1130.00,汽機車燃料費用,金錢,彰化縣鹿港鎮****,,
120,施性鍾,107年鄉(鎮、市)長選舉,首次申報,1071005,租用競選辦事處支出,潘鴻淇,A10*******,0.00,36000.00,裝潢競選辦事處支出,金錢,彰化縣鹿港鎮****,0937*****,
121,施性鍾,107年鄉(鎮、市)長選舉,首次申報,1071006,雜支支出,鹿兒角手作私茶,00002158,0.00,578.00,餐飲費用,金錢,彰化縣鹿港鎮****,,
122,施性鍾,107年鄉(鎮、市)長選舉,首次申報,1071006,雜支支出,台塑石油,22933250,0.00,681.00,汽機車燃料費用,金錢,彰化縣鹿港鎮****,,
123,施性鍾,107年鄉(鎮、市)長選舉,首次申報,1071007,雜支支出,迷客夏,38930309,0.00,415.00,餐飲費用,金錢,彰化縣鹿港鎮****,,
124,施性鍾,107年鄉(鎮、市)長選舉,首次申報,1071008,雜支支出,大盤大,57003674,0.00,180.00,雜項購置或修繕費用,金錢,彰化縣鹿港鎮****,,
125,施性鍾,107年鄉(鎮、市)長選舉,首次申報,1071008,雜支支出,大盤大,57003674,0.00,264.00,雜項購置或修繕費用,金錢,彰化縣鹿港鎮****,,
126,施性鍾,107年鄉(鎮、市)長選舉,首次申報,1071008,宣傳支出,鴻慶旗幟有限公司,89361287,0.00,105525.00,製作競選物品支出（立旗）,金錢,臺中市潭子區****,,
127,施性鍾,107年鄉(鎮、市)長選舉,首次申報,1071009,集會支出,香鴨城,13295490,0.00,650.00,餐飲支出,金錢,彰化縣鹿港鎮****,,
128,施性鍾,107年鄉(鎮、市)長選舉,首次申報,1071010,雜支支出,台塑石油,22933250,0.00,700.00,汽機車燃料費用,金錢,彰化縣鹿港鎮****,,
129,施性鍾,107年鄉(鎮、市)長選舉,首次申報,1071010,雜支支出,丁丁連鎖藥妝,28602995,0.00,360.00,雜項購置或修繕費用,金錢,彰化縣鹿港鎮****,,
130,施性鍾,107年鄉(鎮、市)長選舉,首次申報,1071010,雜支支出,丁丁連鎖藥妝,28602995,0.00,450.00,雜項購置或修繕費用,金錢,彰化縣鹿港鎮****,,
131,施性鍾,107年鄉(鎮、市)長選舉,首次申報,1071010,雜支支出,丁丁連鎖藥妝,28602995,0.00,75.00,雜項購置或修繕費用,金錢,彰化縣鹿港鎮****,,
132,施性鍾,107年鄉(鎮、市)長選舉,首次申報,1071010,雜支支出,50嵐,53967521,0.00,115.00,餐飲費用,金錢,彰化縣鹿港鎮****,,
133,施性鍾,107年鄉(鎮、市)長選舉,首次申報,1071010,雜支支出,萬春鎖印店,77112051,0.00,100.00,雜項購置或修繕費用,金錢,彰化縣鹿港鎮****,,
134,施性鍾,107年鄉(鎮、市)長選舉,首次申報,1071010,雜支支出,萬春鎖印店,77112051,0.00,210.00,雜項購置或修繕費用,金錢,彰化縣鹿港鎮****,,
135,施性鍾,107年鄉(鎮、市)長選舉,首次申報,1071010,雜支支出,喜美超市民權店,84078213,0.00,79.00,餐飲費用,金錢,彰化縣鹿港鎮****,,
136,施性鍾,107年鄉(鎮、市)長選舉,首次申報,1071011,雜支支出,宥香快餐店,10949051,0.00,665.00,餐飲費用,金錢,彰化縣鹿港鎮****,,
137,施性鍾,107年鄉(鎮、市)長選舉,首次申報,1071011,雜支支出,迷客夏,38930309,0.00,201.00,餐飲費用,金錢,彰化縣鹿港鎮****,,
138,施性鍾,107年鄉(鎮、市)長選舉,首次申報,1071011,集會支出,芋冰城,39730862,0.00,610.00,餐飲支出,金錢,彰化縣鹿港鎮****,,
139,施性鍾,107年鄉(鎮、市)長選舉,首次申報,1071013,雜支支出,台塑石油,22933250,0.00,950.00,汽機車燃料費用,金錢,彰化縣鹿港鎮****,,
140,施性鍾,107年鄉(鎮、市)長選舉,首次申報,1071014,雜支支出,台塑石油,22933250,0.00,600.00,汽機車燃料費用,金錢,彰化縣鹿港鎮****,,
141,施性鍾,107年鄉(鎮、市)長選舉,首次申報,1071015,宣傳支出,中華郵政股份有限公司,03741302,0.00,1656.00,郵寄競選物品或宣傳廣告支出,金錢,彰化縣鹿港鎮****,04-7*****,
142,施性鍾,107年鄉(鎮、市)長選舉,首次申報,1071015,雜支支出,益成漆行,05917282,0.00,200.00,雜項購置或修繕費用,金錢,彰化縣鹿港鎮****,,
143,施性鍾,107年鄉(鎮、市)長選舉,首次申報,1071015,雜支支出,鎰順五金行,78618162,0.00,120.00,雜項購置或修繕費用,金錢,彰化縣鹿港鎮****,,
144,施性鍾,107年鄉(鎮、市)長選舉,首次申報,1071016,雜支支出,金仁堂文教有限公司,12708389,0.00,200.00,雜項購置或修繕費用,金錢,彰化縣鹿港鎮****,,
145,施性鍾,107年鄉(鎮、市)長選舉,首次申報,1071016,雜支支出,立特屋興業有限公司,16537062,0.00,130.00,雜項購置或修繕費用,金錢,彰化縣鹿港鎮****,,
146,施性鍾,107年鄉(鎮、市)長選舉,首次申報,1071016,雜支支出,立特屋興業有限公司,16537062,0.00,765.00,雜項購置或修繕費用,金錢,彰化縣鹿港鎮****,,
147,施性鍾,107年鄉(鎮、市)長選舉,首次申報,1071016,公共關係費用支出,心悅花藝工作室,47374015,0.00,8500.00,聯誼交際費用,金錢,彰化縣和美鎮****,,
148,施性鍾,107年鄉(鎮、市)長選舉,首次申報,1071016,公共關係費用支出,心悅花藝工作室,47374015,0.00,8500.00,聯誼交際費用,金錢,彰化縣鹿港鎮****,0972*****,
149,施性鍾,107年鄉(鎮、市)長選舉,首次申報,1071016,雜支支出,50嵐,53967521,0.00,206.00,餐飲費用,金錢,彰化縣鹿港鎮****,,
150,施性鍾,107年鄉(鎮、市)長選舉,首次申報,1071017,宣傳支出,中華郵政股份有限公司,03741302,0.00,3312.00,郵寄競選物品或宣傳廣告支出,金錢,彰化縣鹿港鎮****,04-7*****,
151,施性鍾,107年鄉(鎮、市)長選舉,首次申報,1071017,宣傳支出,唐古拉有限公司,25152783,0.00,459870.00,製作競選物品支出（面紙盒）,金錢,雲林縣北港鎮****,05-7*****,
152,施性鍾,107年鄉(鎮、市)長選舉,首次申報,1071018,宣傳支出,中華郵政股份有限公司,03741302,0.00,2952.00,郵寄競選物品或宣傳廣告支出,金錢,彰化縣鹿港鎮****,04-7*****,
153,施性鍾,107年鄉(鎮、市)長選舉,首次申報,1071018,雜支支出,迷客夏,38930309,0.00,195.00,餐飲費用,金錢,彰化縣鹿港鎮****,,
154,施性鍾,107年鄉(鎮、市)長選舉,首次申報,1071019,宣傳支出,中華郵政股份有限公司,03741302,0.00,3070.00,郵寄競選物品或宣傳廣告支出,金錢,彰化縣鹿港鎮****,04-7*****,
155,施性鍾,107年鄉(鎮、市)長選舉,首次申報,1071019,集會支出,朗朗上口快餐店,20348535,0.00,1920.00,餐飲支出,金錢,彰化縣鹿港鎮****,,
156,施性鍾,107年鄉(鎮、市)長選舉,首次申報,1071019,宣傳支出,朝揚廣告社,93895691,0.00,12700.00,製作競選物品支出（帆布）,金錢,彰化縣鹿港鎮****,,
157,施性鍾,107年鄉(鎮、市)長選舉,首次申報,1071020,集會支出,朗朗上口快餐店,20348535,0.00,3710.00,餐飲支出,金錢,彰化縣鹿港鎮****,,
158,施性鍾,107年鄉(鎮、市)長選舉,首次申報,1071021,集會支出,朗朗上口快餐店,20348535,0.00,1920.00,餐飲支出,金錢,彰化縣鹿港鎮****,,
159,施性鍾,107年鄉(鎮、市)長選舉,首次申報,1071021,雜支支出,迷客夏,38930309,0.00,230.00,餐飲費用,金錢,彰化縣鹿港鎮****,,
160,施性鍾,107年鄉(鎮、市)長選舉,首次申報,1071021,雜支支出,統一超商,54380436,0.00,94.00,餐飲費用,金錢,彰化縣鹿港鎮****,,
161,施性鍾,107年鄉(鎮、市)長選舉,首次申報,1071021,雜支支出,信豐塑膠行,59369332,0.00,260.00,餐飲費用,金錢,彰化縣鹿港鎮****,,
162,施性鍾,107年鄉(鎮、市)長選舉,首次申報,1071021,雜支支出,大二行,77070637,0.00,720.00,餐飲費用,金錢,彰化縣鹿港鎮****,,
163,施性鍾,107年鄉(鎮、市)長選舉,首次申報,1071022,宣傳支出,中華郵政股份有限公司,03741302,0.00,4038.00,郵寄競選物品或宣傳廣告支出,金錢,彰化縣鹿港鎮****,04-7*****,
164,施性鍾,107年鄉(鎮、市)長選舉,首次申報,1071022,集會支出,朗朗上口快餐店,20348535,0.00,960.00,餐飲支出,金錢,彰化縣鹿港鎮****,,
165,施性鍾,107年鄉(鎮、市)長選舉,首次申報,1071022,雜支支出,朗朗上口快餐店,20348535,0.00,960.00,餐飲費用,金錢,彰化縣鹿港鎮****,,
166,施性鍾,107年鄉(鎮、市)長選舉,首次申報,1071022,公共關係費用支出,富沅農產行,39799279,0.00,105.00,聯誼交際費用,金錢,彰化縣福興鄉****,,
167,施性鍾,107年鄉(鎮、市)長選舉,首次申報,1071022,雜支支出,大二行,77070637,0.00,400.00,雜項購置或修繕費用,金錢,彰化縣鹿港鎮****,,
168,施性鍾,107年鄉(鎮、市)長選舉,首次申報,1071023,宣傳支出,中華郵政股份有限公司,03741302,0.00,4161.00,郵寄競選物品或宣傳廣告支出,金錢,彰化縣鹿港鎮****,04-7*****,
169,施性鍾,107年鄉(鎮、市)長選舉,首次申報,1071023,雜支支出,朗朗上口快餐店,20348535,0.00,800.00,餐飲費用,金錢,彰化縣鹿港鎮****,,
170,施性鍾,107年鄉(鎮、市)長選舉,首次申報,1071023,雜支支出,朗朗上口快餐店,20348535,0.00,800.00,餐飲費用,金錢,彰化縣鹿港鎮****,,
171,施性鍾,107年鄉(鎮、市)長選舉,首次申報,1071023,宣傳支出,粘志偉,N12*******,0.00,5100.00,播送、傳送或刊登宣傳廣告支出,金錢,,,
172,施性鍾,107年鄉(鎮、市)長選舉,首次申報,1071024,宣傳支出,中華郵政股份有限公司,03741302,0.00,35.00,郵寄競選物品或宣傳廣告支出,金錢,彰化縣鹿港鎮****,04-7*****,
173,施性鍾,107年鄉(鎮、市)長選舉,首次申報,1071024,雜支支出,朗朗上口快餐店,20348535,0.00,800.00,餐飲費用,金錢,彰化縣鹿港鎮****,,
174,施性鍾,107年鄉(鎮、市)長選舉,首次申報,1071024,雜支支出,金龍聖文具有限公司,28087766,0.00,204.00,雜項購置或修繕費用,金錢,彰化縣鹿港鎮****,,
175,施性鍾,107年鄉(鎮、市)長選舉,首次申報,1071024,雜支支出,迷客夏,38930309,0.00,495.00,餐飲費用,金錢,彰化縣鹿港鎮****,,
176,施性鍾,107年鄉(鎮、市)長選舉,首次申報,1071024,宣傳支出,施逢富,N12*******,0.00,1740.00,播送、傳送或刊登宣傳廣告支出,金錢,,,
177,施性鍾,107年鄉(鎮、市)長選舉,首次申報,1071025,雜支支出,朗朗上口快餐店,20348535,0.00,800.00,餐飲費用,金錢,彰化縣鹿港鎮****,,
178,施性鍾,107年鄉(鎮、市)長選舉,首次申報,1071025,雜支支出,朗朗上口快餐店,20348535,0.00,960.00,餐飲費用,金錢,彰化縣鹿港鎮****,,
179,施性鍾,107年鄉(鎮、市)長選舉,首次申報,1071025,雜支支出,中國石油,28104580,0.00,90.00,汽機車燃料費用,金錢,彰化縣鹿港鎮****,,
180,施性鍾,107年鄉(鎮、市)長選舉,首次申報,1071025,雜支支出,中國石油,28165116,0.00,1350.00,汽機車燃料費用,金錢,彰化縣福興鄉****,,
181,施性鍾,107年鄉(鎮、市)長選舉,首次申報,1071025,宣傳支出,施逢富,N12*******,0.00,3900.00,播送、傳送或刊登宣傳廣告支出,金錢,,,
182,施性鍾,107年鄉(鎮、市)長選舉,首次申報,1071026,雜支支出,燦坤實業股份有限公司,,0.00,349.00,雜項購置或修繕費用,金錢,彰化縣福興鄉****,,
183,施性鍾,107年鄉(鎮、市)長選舉,首次申報,1071026,雜支支出,宏毅文具圖書社(愛迪生),14630367,0.00,30.00,雜項購置或修繕費用,金錢,彰化縣鹿港鎮****,,
184,施性鍾,107年鄉(鎮、市)長選舉,首次申報,1071026,雜支支出,朗朗上口快餐店,20348535,0.00,1200.00,餐飲費用,金錢,彰化縣鹿港鎮****,,
185,施性鍾,107年鄉(鎮、市)長選舉,首次申報,1071026,雜支支出,朗朗上口快餐店,20348535,0.00,960.00,餐飲費用,金錢,彰化縣鹿港鎮****,,
186,施性鍾,107年鄉(鎮、市)長選舉,首次申報,1071026,雜支支出,台塑石油,22933250,0.00,100.00,汽機車燃料費用,金錢,彰化縣鹿港鎮****,,
187,施性鍾,107年鄉(鎮、市)長選舉,首次申報,1071026,雜支支出,台塑石油,22933250,0.00,500.00,汽機車燃料費用,金錢,彰化縣鹿港鎮****,,
188,施性鍾,107年鄉(鎮、市)長選舉,首次申報,1071026,雜支支出,迷客夏,38930309,0.00,110.00,餐飲費用,金錢,彰化縣鹿港鎮****,,
189,施性鍾,107年鄉(鎮、市)長選舉,首次申報,1071026,雜支支出,富昱百貨有限公司,57003674,0.00,200.00,雜項購置或修繕費用,金錢,彰化縣鹿港鎮****,,
190,施性鍾,107年鄉(鎮、市)長選舉,首次申報,1071026,雜支支出,中國石油,58010672,0.00,90.00,汽機車燃料費用,金錢,彰化縣福興鄉****,,
191,施性鍾,107年鄉(鎮、市)長選舉,首次申報,1071026,雜支支出,萬春鎖印店,77112051,0.00,450.00,雜項購置或修繕費用,金錢,彰化縣鹿港鎮****,,
192,施性鍾,107年鄉(鎮、市)長選舉,首次申報,1071026,宣傳支出,勝合旗幟有限公司,84529575,0.00,57000.00,製作競選物品支出（布旗）,金錢,彰化縣秀水鄉****,,
193,施性鍾,107年鄉(鎮、市)長選舉,首次申報,1071026,宣傳支出,施逢富,N12*******,0.00,3900.00,播送、傳送或刊登宣傳廣告支出,金錢,,,
194,施性鍾,107年鄉(鎮、市)長選舉,首次申報,1071027,雜支支出,宏毅文具圖書社(愛迪生),14630367,0.00,560.00,雜項購置或修繕費用,金錢,彰化縣鹿港鎮****,,
195,施性鍾,107年鄉(鎮、市)長選舉,首次申報,1071027,集會支出,朗朗上口快餐店,20348535,0.00,2400.00,餐飲支出,金錢,彰化縣鹿港鎮****,,
196,施性鍾,107年鄉(鎮、市)長選舉,首次申報,1071027,雜支支出,中國石油,28165116,0.00,500.00,汽機車燃料費用,金錢,彰化縣福興鄉****,,
197,施性鍾,107年鄉(鎮、市)長選舉,首次申報,1071027,雜支支出,郡泰生活館有限公司,42581839,0.00,360.00,雜項購置或修繕費用,金錢,彰化縣鹿港鎮****,,
198,施性鍾,107年鄉(鎮、市)長選舉,首次申報,1071027,雜支支出,郡泰生活館有限公司,42581839,0.00,481.00,雜項購置或修繕費用,金錢,彰化縣鹿港鎮****,,
199,施性鍾,107年鄉(鎮、市)長選舉,首次申報,1071027,雜支支出,富昱百貨有限公司,57003674,0.00,170.00,雜項購置或修繕費用,金錢,彰化縣鹿港鎮****,,
200,施性鍾,107年鄉(鎮、市)長選舉,首次申報,1071027,雜支支出,中國石油,58010672,0.00,92.00,汽機車燃料費用,金錢,彰化縣福興鄉****,,
201,施性鍾,107年鄉(鎮、市)長選舉,首次申報,1071027,宣傳支出,粘志偉,N12*******,0.00,1840.00,播送、傳送或刊登宣傳廣告支出,金錢,,,
202,施性鍾,107年鄉(鎮、市)長選舉,首次申報,1071028,集會支出,仁棠帆布出租,10958804,0.00,17400.00,租用設備支出,金錢,彰化縣鹿港鎮****,,
203,施性鍾,107年鄉(鎮、市)長選舉,首次申報,1071028,集會支出,仁棠帆布出租,10958804,0.00,8800.00,租用設備支出,金錢,彰化縣鹿港鎮****,,
204,施性鍾,107年鄉(鎮、市)長選舉,首次申報,1071028,雜支支出,宏毅文具圖書社(愛迪生),14630367,0.00,72.00,雜項購置或修繕費用,金錢,彰化縣鹿港鎮****,,
205,施性鍾,107年鄉(鎮、市)長選舉,首次申報,1071028,集會支出,朗朗上口快餐店,20348535,0.00,2450.00,餐飲支出,金錢,彰化縣鹿港鎮****,,
206,施性鍾,107年鄉(鎮、市)長選舉,首次申報,1071028,雜支支出,朗朗上口快餐店,20348535,0.00,400.00,餐飲費用,金錢,彰化縣鹿港鎮****,,
207,施性鍾,107年鄉(鎮、市)長選舉,首次申報,1071028,雜支支出,朗朗上口快餐店,20348535,0.00,1080.00,餐飲費用,金錢,彰化縣鹿港鎮****,,
208,施性鍾,107年鄉(鎮、市)長選舉,首次申報,1071028,雜支支出,金龍聖文具有限公司,28087766,0.00,288.00,雜項購置或修繕費用,金錢,彰化縣鹿港鎮****,,
209,施性鍾,107年鄉(鎮、市)長選舉,首次申報,1071028,雜支支出,郡泰生活館有限公司,42581839,0.00,481.00,雜項購置或修繕費用,金錢,彰化縣鹿港鎮****,,
210,施性鍾,107年鄉(鎮、市)長選舉,首次申報,1071028,雜支支出,中國石油,58010672,0.00,96.00,汽機車燃料費用,金錢,彰化縣福興鄉****,,
211,施性鍾,107年鄉(鎮、市)長選舉,首次申報,1071028,雜支支出,清涼冰店,58011244,0.00,200.00,餐飲費用,金錢,彰化縣鹿港鎮****,,
212,施性鍾,107年鄉(鎮、市)長選舉,首次申報,1071028,集會支出,隆昌環保有限公司,58517623,0.00,7000.00,清潔整理支出,金錢,彰化縣埔心鄉****,04-8*****,
213,施性鍾,107年鄉(鎮、市)長選舉,首次申報,1071028,雜支支出,澄糖入室黑糖乳飲專賣店,59369332,0.00,850.00,雜項購置或修繕費用,金錢,彰化縣鹿港鎮****,,
214,施性鍾,107年鄉(鎮、市)長選舉,首次申報,1071028,集會支出,王貴生,N20*******,0.00,60000.00,餐飲支出,金錢,彰化縣鹿港鎮****,,
215,施性鍾,107年鄉(鎮、市)長選舉,首次申報,1071028,集會支出,陳慧君,N22*******,0.00,5000.00,餐飲支出,金錢,彰化縣鹿港鎮****,0927*****,
216,施性鍾,107年鄉(鎮、市)長選舉,首次申報,1071029,雜支支出,中國石油,17314188,0.00,1050.00,文具用品費用,金錢,彰化縣鹿港鎮****,,
217,施性鍾,107年鄉(鎮、市)長選舉,首次申報,1071029,雜支支出,朗朗上口快餐店,20348535,0.00,1200.00,餐飲費用,金錢,彰化縣鹿港鎮****,,
218,施性鍾,107年鄉(鎮、市)長選舉,首次申報,1071029,雜支支出,朗朗上口快餐店,20348535,0.00,640.00,餐飲費用,金錢,彰化縣鹿港鎮****,,
219,施性鍾,107年鄉(鎮、市)長選舉,首次申報,1071029,雜支支出,中國石油,22938699,0.00,100.00,汽機車燃料費用,金錢,彰化縣鹿港鎮****,,
220,施性鍾,107年鄉(鎮、市)長選舉,首次申報,1071029,集會支出,鹿港施豆花,45794933,0.00,600.00,餐飲支出,金錢,彰化縣鹿港鎮****,,
221,施性鍾,107年鄉(鎮、市)長選舉,首次申報,1071030,雜支支出,朗朗上口快餐店,20348535,0.00,780.00,餐飲費用,金錢,彰化縣鹿港鎮****,,
222,施性鍾,107年鄉(鎮、市)長選舉,首次申報,1071030,雜支支出,朗朗上口快餐店,20348535,0.00,1270.00,餐飲費用,金錢,彰化縣鹿港鎮****,,
223,施性鍾,107年鄉(鎮、市)長選舉,首次申報,1071030,雜支支出,台塑石油,22938699,0.00,500.00,汽機車燃料費用,金錢,彰化縣鹿港鎮****,,
224,施性鍾,107年鄉(鎮、市)長選舉,首次申報,1071030,雜支支出,中國石油,28104580,0.00,100.00,汽機車燃料費用,金錢,彰化縣鹿港鎮****,,
225,施性鍾,107年鄉(鎮、市)長選舉,首次申報,1071030,雜支支出,成發塑膠行,58023728,0.00,345.00,雜項購置或修繕費用,金錢,彰化縣鹿港鎮****,,
226,施性鍾,107年鄉(鎮、市)長選舉,首次申報,1071030,宣傳支出,台灣優紙企業有限公司,80077677,0.00,109069.00,製作競選物品支出（袋鼠包面紙）,金錢,彰化縣鹿港鎮****,,
227,施性鍾,107年鄉(鎮、市)長選舉,首次申報,1071030,宣傳支出,施逢富,N12*******,0.00,4100.00,播送、傳送或刊登宣傳廣告支出,金錢,,,
228,施性鍾,107年鄉(鎮、市)長選舉,首次申報,1071031,雜支支出,全聯,16741254,0.00,42.00,餐飲費用,金錢,彰化縣鹿港鎮****,,
229,施性鍾,107年鄉(鎮、市)長選舉,首次申報,1071031,雜支支出,朗朗上口快餐店,20348535,0.00,1760.00,餐飲費用,金錢,彰化縣鹿港鎮****,,
230,施性鍾,107年鄉(鎮、市)長選舉,首次申報,1071031,雜支支出,朗朗上口快餐店,20348535,0.00,640.00,餐飲費用,金錢,彰化縣鹿港鎮****,,
231,施性鍾,107年鄉(鎮、市)長選舉,首次申報,1071031,雜支支出,富昱百貨有限公司,57003674,0.00,109.00,雜項購置或修繕費用,金錢,彰化縣鹿港鎮****,,
232,施性鍾,107年鄉(鎮、市)長選舉,首次申報,1071031,雜支支出,中國石油,58010672,0.00,96.00,汽機車燃料費用,金錢,彰化縣福興鄉****,,
233,施性鍾,107年鄉(鎮、市)長選舉,首次申報,1071031,雜支支出,成發塑膠行,58023728,0.00,120.00,雜項購置或修繕費用,金錢,彰化縣鹿港鎮****,,
234,施性鍾,107年鄉(鎮、市)長選舉,首次申報,1071031,雜支支出,成發塑膠行,58023728,0.00,640.00,雜項購置或修繕費用,金錢,彰化縣鹿港鎮****,,
235,施性鍾,107年鄉(鎮、市)長選舉,首次申報,1071031,雜支支出,澄糖入室黑糖乳飲專賣店,82376166,0.00,460.00,餐飲費用,金錢,彰化縣鹿港鎮****,,
236,施性鍾,107年鄉(鎮、市)長選舉,首次申報,1071031,宣傳支出,怡浴企業有限公司,86669403,0.00,130000.00,製作競選物品支出（沐浴巾）,金錢,彰化縣鹿港鎮****,,
237,施性鍾,107年鄉(鎮、市)長選舉,首次申報,1071031,租用宣傳車輛支出,林世傳,N10*******,0.00,4950.00,雇用宣傳車輛駕駛支出,金錢,彰化縣福興鄉****,,
238,施性鍾,107年鄉(鎮、市)長選舉,首次申報,1071031,租用宣傳車輛支出,蔣財奎,N10*******,0.00,10114.00,雇用宣傳車輛駕駛支出,金錢,彰化縣鹿港鎮****,,
239,施性鍾,107年鄉(鎮、市)長選舉,首次申報,1071101,雜支支出,全聯福利中心,16741254,0.00,287.00,雜項購置或修繕費用,金錢,彰化縣鹿港鎮****,,
240,施性鍾,107年鄉(鎮、市)長選舉,首次申報,1071101,雜支支出,中國石油,17314188,0.00,1100.00,汽機車燃料費用,金錢,彰化縣鹿港鎮****,,
241,施性鍾,107年鄉(鎮、市)長選舉,首次申報,1071101,雜支支出,朗朗上口快餐店,20348535,0.00,640.00,餐飲費用,金錢,彰化縣鹿港鎮****,,
242,施性鍾,107年鄉(鎮、市)長選舉,首次申報,1071101,雜支支出,朗朗上口快餐店,20348535,0.00,1280.00,餐飲費用,金錢,彰化縣鹿港鎮****,,
243,施性鍾,107年鄉(鎮、市)長選舉,首次申報,1071101,雜支支出,台塑石油,22933250,0.00,1000.00,汽機車燃料費用,金錢,彰化縣鹿港鎮****,,
244,施性鍾,107年鄉(鎮、市)長選舉,首次申報,1071101,雜支支出,慧興企業社,38923784,0.00,480.00,雜項購置或修繕費用,金錢,彰化縣福興鄉****,,
245,施性鍾,107年鄉(鎮、市)長選舉,首次申報,1071101,雜支支出,大二行,77070637,0.00,550.00,雜項購置或修繕費用,金錢,彰化縣鹿港鎮****,,
246,施性鍾,107年鄉(鎮、市)長選舉,首次申報,1071101,宣傳支出,久順影印行,99879233,0.00,22230.00,製作競選物品支出（打卡版）,金錢,彰化縣大村鄉****,,
247,施性鍾,107年鄉(鎮、市)長選舉,首次申報,1071101,人事費用支出,曾子誠,L12*******,0.00,25000.00,工資或薪津,金錢,F臺中縣豐原****,0988*****,
248,施性鍾,107年鄉(鎮、市)長選舉,首次申報,1071101,人事費用支出,曾子誠,L12*******,0.00,10000.00,獎金或津貼,金錢,F臺中縣豐原****,0988*****,
249,施性鍾,107年鄉(鎮、市)長選舉,首次申報,1071101,宣傳支出,粘志偉,N12*******,0.00,4530.00,播送、傳送或刊登宣傳廣告支出,金錢,,,
250,施性鍾,107年鄉(鎮、市)長選舉,首次申報,1071101,人事費用支出,施芝妤,N22*******,0.00,27000.00,工資或薪津,金錢,彰化縣鹿港鎮****,0934*****,
251,施性鍾,107年鄉(鎮、市)長選舉,首次申報,1071101,人事費用支出,施芝妤,N22*******,0.00,14000.00,獎金或津貼,金錢,彰化縣鹿港鎮****,0934*****,
252,施性鍾,107年鄉(鎮、市)長選舉,首次申報,1071101,人事費用支出,施枚岑,N22*******,0.00,14000.00,獎金或津貼,金錢,彰化縣福興鄉****,0952*****,
253,施性鍾,107年鄉(鎮、市)長選舉,首次申報,1071101,人事費用支出,施枚岑,N22*******,0.00,30000.00,工資或薪津,金錢,彰化縣福興鄉****,0952*****,
254,施性鍾,107年鄉(鎮、市)長選舉,首次申報,1071102,雜支支出,朗朗上口快餐店,20348535,0.00,1600.00,餐飲費用,金錢,彰化縣鹿港鎮****,,
255,施性鍾,107年鄉(鎮、市)長選舉,首次申報,1071102,雜支支出,朗朗上口快餐店,20348535,0.00,640.00,餐飲費用,金錢,彰化縣鹿港鎮****,,
256,施性鍾,107年鄉(鎮、市)長選舉,首次申報,1071102,雜支支出,中國石油,28165116,0.00,800.00,汽機車燃料費用,金錢,彰化縣福興鄉****,,
257,施性鍾,107年鄉(鎮、市)長選舉,首次申報,1071103,雜支支出,朗朗上口快餐店,20348535,0.00,1280.00,餐飲費用,金錢,彰化縣鹿港鎮****,,
258,施性鍾,107年鄉(鎮、市)長選舉,首次申報,1071103,雜支支出,朗朗上口快餐店,20348535,0.00,1280.00,餐飲費用,金錢,彰化縣鹿港鎮****,,
259,施性鍾,107年鄉(鎮、市)長選舉,首次申報,1071103,雜支支出,丁丁連鎖藥妝,28602995,0.00,485.00,雜項購置或修繕費用,金錢,彰化縣鹿港鎮****,,
260,施性鍾,107年鄉(鎮、市)長選舉,首次申報,1071103,集會支出,鹿港施豆花,45794933,0.00,480.00,餐飲支出,金錢,彰化縣鹿港鎮****,,
261,施性鍾,107年鄉(鎮、市)長選舉,首次申報,1071104,雜支支出,中國石油,17314188,0.00,1100.00,汽機車燃料費用,金錢,彰化縣鹿港鎮****,,
262,施性鍾,107年鄉(鎮、市)長選舉,首次申報,1071104,雜支支出,朗朗上口快餐店,20348535,0.00,640.00,餐飲費用,金錢,彰化縣鹿港鎮****,,
263,施性鍾,107年鄉(鎮、市)長選舉,首次申報,1071104,雜支支出,朗朗上口快餐店,20348535,0.00,640.00,餐飲費用,金錢,彰化縣鹿港鎮****,,
264,施性鍾,107年鄉(鎮、市)長選舉,首次申報,1071104,雜支支出,朗朗上口快餐店,20348535,0.00,1280.00,餐飲費用,金錢,彰化縣鹿港鎮****,,
265,施性鍾,107年鄉(鎮、市)長選舉,首次申報,1071104,雜支支出,一千包通企業行,97842957,0.00,1500.00,雜項購置或修繕費用,金錢,彰化縣和美鎮****,,
266,施性鍾,107年鄉(鎮、市)長選舉,首次申報,1071105,雜支支出,立特屋,16537062,0.00,160.00,雜項購置或修繕費用,金錢,彰化縣鹿港鎮****,,
267,施性鍾,107年鄉(鎮、市)長選舉,首次申報,1071105,雜支支出,朗朗上口快餐店,20348535,0.00,640.00,餐飲費用,金錢,彰化縣鹿港鎮****,,
268,施性鍾,107年鄉(鎮、市)長選舉,首次申報,1071105,雜支支出,朗朗上口快餐店,20348535,0.00,1200.00,餐飲費用,金錢,彰化縣鹿港鎮****,,
269,施性鍾,107年鄉(鎮、市)長選舉,首次申報,1071105,雜支支出,同心自動門工程行,45474137,0.00,2625.00,雜項購置或修繕費用,金錢,彰化縣彰化市****,,
270,施性鍾,107年鄉(鎮、市)長選舉,首次申報,1071105,雜支支出,大二行,77070637,0.00,2440.00,雜項購置或修繕費用,金錢,彰化縣鹿港鎮****,,
271,施性鍾,107年鄉(鎮、市)長選舉,首次申報,1071106,雜支支出,朗朗上口快餐店,20348535,0.00,640.00,餐飲費用,金錢,彰化縣鹿港鎮****,,
272,施性鍾,107年鄉(鎮、市)長選舉,首次申報,1071106,雜支支出,朗朗上口快餐店,20348535,0.00,1200.00,餐飲費用,金錢,彰化縣鹿港鎮****,,
273,施性鍾,107年鄉(鎮、市)長選舉,首次申報,1071106,雜支支出,台塑石油,22933250,0.00,850.00,汽機車燃料費用,金錢,彰化縣鹿港鎮****,,
274,施性鍾,107年鄉(鎮、市)長選舉,首次申報,1071106,雜支支出,富昱百貨有限公司,57003674,0.00,238.00,雜項購置或修繕費用,金錢,彰化縣鹿港鎮****,,
275,施性鍾,107年鄉(鎮、市)長選舉,首次申報,1071106,雜支支出,便利商店,80824913,0.00,125.00,雜項購置或修繕費用,金錢,彰化縣鹿港鎮****,,
276,施性鍾,107年鄉(鎮、市)長選舉,首次申報,1071107,雜支支出,朗朗上口快餐店,20348535,0.00,640.00,餐飲費用,金錢,彰化縣鹿港鎮****,,
277,施性鍾,107年鄉(鎮、市)長選舉,首次申報,1071107,雜支支出,朗朗上口快餐店,20348535,0.00,1200.00,餐飲費用,金錢,彰化縣鹿港鎮****,,
278,施性鍾,107年鄉(鎮、市)長選舉,首次申報,1071107,雜支支出,台塑石油,22933250,0.00,1150.00,汽機車燃料費用,金錢,彰化縣鹿港鎮****,,
279,施性鍾,107年鄉(鎮、市)長選舉,首次申報,1071107,雜支支出,台塑石油,22933250,0.00,100.00,汽機車燃料費用,金錢,彰化縣鹿港鎮****,,
280,施性鍾,107年鄉(鎮、市)長選舉,首次申報,1071107,宣傳支出,新彰數位有線電視股份有限公司,24635926,0.00,41400.00,播送、傳送或刊登宣傳廣告支出,金錢,彰化縣花壇鄉****,,
281,施性鍾,107年鄉(鎮、市)長選舉,首次申報,1071107,雜支支出,薩摩亞商思邁特國際股份有限公司,24798385,0.00,4060.00,雜項購置或修繕費用,金錢,臺北市中山區****,,
282,施性鍾,107年鄉(鎮、市)長選舉,首次申報,1071107,雜支支出,澄糖入室黑糖乳飲專賣店,82376166,0.00,770.00,餐飲費用,金錢,彰化縣鹿港鎮****,,
283,施性鍾,107年鄉(鎮、市)長選舉,首次申報,1071108,雜支支出,朗朗上口快餐店,20348535,0.00,640.00,餐飲費用,金錢,彰化縣鹿港鎮****,,
284,施性鍾,107年鄉(鎮、市)長選舉,首次申報,1071108,雜支支出,朗朗上口快餐店,20348535,0.00,1200.00,餐飲費用,金錢,彰化縣鹿港鎮****,,
285,施性鍾,107年鄉(鎮、市)長選舉,首次申報,1071108,雜支支出,小新樂器有限公司,54299999,0.00,4470.00,雜項購置或修繕費用,金錢,新北市蘆洲區****,02-2*****,
286,施性鍾,107年鄉(鎮、市)長選舉,首次申報,1071108,雜支支出,富昱百貨有限公司,57003674,0.00,884.00,雜項購置或修繕費用,金錢,彰化縣鹿港鎮****,,
287,施性鍾,107年鄉(鎮、市)長選舉,首次申報,1071108,雜支支出,冷凍豆花大王,80827881,0.00,600.00,餐飲費用,金錢,彰化縣鹿港鎮****,,
288,施性鍾,107年鄉(鎮、市)長選舉,首次申報,1071109,雜支支出,立特屋,16537062,0.00,320.00,雜項購置或修繕費用,金錢,彰化縣鹿港鎮****,,
289,施性鍾,107年鄉(鎮、市)長選舉,首次申報,1071109,雜支支出,朗朗上口快餐店,20348535,0.00,640.00,餐飲費用,金錢,彰化縣鹿港鎮****,,
290,施性鍾,107年鄉(鎮、市)長選舉,首次申報,1071109,雜支支出,朗朗上口快餐店,20348535,0.00,1200.00,餐飲費用,金錢,彰化縣鹿港鎮****,,
291,施性鍾,107年鄉(鎮、市)長選舉,首次申報,1071109,宣傳支出,久順影印行,99879233,0.00,3600.00,製作競選物品支出（手舉牌）,金錢,彰化縣大村鄉****,,
292,施性鍾,107年鄉(鎮、市)長選舉,首次申報,1071110,雜支支出,朗朗上口快餐店,20348535,0.00,1000.00,餐飲費用,金錢,彰化縣鹿港鎮****,,
293,施性鍾,107年鄉(鎮、市)長選舉,首次申報,1071110,雜支支出,朗朗上口快餐店,20348535,0.00,1700.00,餐飲費用,金錢,彰化縣鹿港鎮****,,
294,施性鍾,107年鄉(鎮、市)長選舉,首次申報,1071110,雜支支出,台塑石油,22933250,0.00,800.00,汽機車燃料費用,金錢,彰化縣鹿港鎮****,,
295,施性鍾,107年鄉(鎮、市)長選舉,首次申報,1071110,雜支支出,台塑石油,22933250,0.00,1150.00,汽機車燃料費用,金錢,彰化縣鹿港鎮****,,
296,施性鍾,107年鄉(鎮、市)長選舉,首次申報,1071110,租用宣傳車輛支出,林世傳,N10*******,0.00,16500.00,雇用宣傳車輛駕駛支出,金錢,,,
297,施性鍾,107年鄉(鎮、市)長選舉,首次申報,1071110,租用宣傳車輛支出,蔣財奎,N10*******,0.00,14440.00,雇用宣傳車輛駕駛支出,金錢,彰化縣鹿港鎮****,,
298,施性鍾,107年鄉(鎮、市)長選舉,首次申報,1071111,雜支支出,朗朗上口快餐店,20348535,0.00,1600.00,餐飲費用,金錢,彰化縣鹿港鎮****,,
299,施性鍾,107年鄉(鎮、市)長選舉,首次申報,1071111,雜支支出,朗朗上口快餐店,20348535,0.00,1500.00,餐飲費用,金錢,彰化縣鹿港鎮****,,
300,施性鍾,107年鄉(鎮、市)長選舉,首次申報,1071111,租用宣傳車輛支出,中國石油,58010672,0.00,110.00,宣傳車輛燃料支出,金錢,彰化縣福興鄉****,,
301,施性鍾,107年鄉(鎮、市)長選舉,首次申報,1071111,雜支支出,大二行,77070637,0.00,240.00,雜項購置或修繕費用,金錢,彰化縣鹿港鎮****,,
302,施性鍾,107年鄉(鎮、市)長選舉,首次申報,1071112,雜支支出,精上百貨股份有限公司,12753721,0.00,44.00,雜項購置或修繕費用,金錢,彰化縣鹿港鎮****,,
303,施性鍾,107年鄉(鎮、市)長選舉,首次申報,1071112,雜支支出,朗朗上口快餐店,20348535,0.00,1200.00,餐飲費用,金錢,彰化縣鹿港鎮****,,
304,施性鍾,107年鄉(鎮、市)長選舉,首次申報,1071112,雜支支出,朗朗上口快餐店,20348535,0.00,1500.00,餐飲費用,金錢,彰化縣鹿港鎮****,,
305,施性鍾,107年鄉(鎮、市)長選舉,首次申報,1071112,宣傳支出,唐古拉有限公司,25152783,0.00,351000.00,製作競選物品支出（面紙盒）,金錢,雲林縣北港鎮****,05-7*****,
306,施性鍾,107年鄉(鎮、市)長選舉,首次申報,1071112,雜支支出,鹿港施豆花,45794933,0.00,720.00,餐飲費用,金錢,彰化縣鹿港鎮****,,
307,施性鍾,107年鄉(鎮、市)長選舉,首次申報,1071112,租用宣傳車輛支出,中國石油,58010672,0.00,100.00,宣傳車輛燃料支出,金錢,彰化縣福興鄉****,,
308,施性鍾,107年鄉(鎮、市)長選舉,首次申報,1071112,租用宣傳車輛支出,中國石油,58010672,0.00,105.00,宣傳車輛燃料支出,金錢,彰化縣福興鄉****,,
309,施性鍾,107年鄉(鎮、市)長選舉,首次申報,1071112,宣傳支出,怡浴企業有限公司,86669403,0.00,130000.00,製作競選物品支出（澡巾）,金錢,彰化縣鹿港鎮****,04-7*****,
310,施性鍾,107年鄉(鎮、市)長選舉,首次申報,1071113,雜支支出,全聯福利中心,16741254,0.00,452.00,雜項購置或修繕費用,金錢,彰化縣鹿港鎮****,,
311,施性鍾,107年鄉(鎮、市)長選舉,首次申報,1071113,雜支支出,朗朗上口快餐店,20348535,0.00,1500.00,餐飲費用,金錢,彰化縣鹿港鎮****,,
312,施性鍾,107年鄉(鎮、市)長選舉,首次申報,1071113,雜支支出,朗朗上口快餐店,20348535,0.00,1500.00,餐飲費用,金錢,彰化縣鹿港鎮****,,
313,施性鍾,107年鄉(鎮、市)長選舉,首次申報,1071113,雜支支出,台塑石油,22933250,0.00,765.00,汽機車燃料費用,金錢,彰化縣鹿港鎮****,,
314,施性鍾,107年鄉(鎮、市)長選舉,首次申報,1071113,租用宣傳車輛支出,台塑石油,22933250,0.00,93.00,宣傳車輛燃料支出,金錢,彰化縣鹿港鎮****,,
315,施性鍾,107年鄉(鎮、市)長選舉,首次申報,1071113,雜支支出,台塑石油,22933250,0.00,1090.00,汽機車燃料費用,金錢,彰化縣鹿港鎮****,,
316,施性鍾,107年鄉(鎮、市)長選舉,首次申報,1071114,雜支支出,朗朗上口快餐店,20348535,0.00,2350.00,餐飲費用,金錢,彰化縣鹿港鎮****,,
317,施性鍾,107年鄉(鎮、市)長選舉,首次申報,1071114,雜支支出,朗朗上口快餐店,20348535,0.00,1850.00,餐飲費用,金錢,彰化縣鹿港鎮****,,
318,施性鍾,107年鄉(鎮、市)長選舉,首次申報,1071114,雜支支出,金龍聖文具有限公司,28087766,0.00,350.00,雜項購置或修繕費用,金錢,彰化縣鹿港鎮****,,
319,施性鍾,107年鄉(鎮、市)長選舉,首次申報,1071114,租用宣傳車輛支出,台塑石油,28104580,0.00,83.00,宣傳車輛燃料支出,金錢,彰化縣鹿港鎮****,,
320,施性鍾,107年鄉(鎮、市)長選舉,首次申報,1071114,雜支支出,成發塑膠行,58023728,0.00,60.00,雜項購置或修繕費用,金錢,彰化縣鹿港鎮****,,
321,施性鍾,107年鄉(鎮、市)長選舉,首次申報,1071115,雜支支出,朗朗上口快餐店,20348535,0.00,1820.00,餐飲費用,金錢,彰化縣鹿港鎮****,,
322,施性鍾,107年鄉(鎮、市)長選舉,首次申報,1071115,雜支支出,朗朗上口快餐店,20348535,0.00,200.00,餐飲費用,金錢,彰化縣鹿港鎮****,,
323,施性鍾,107年鄉(鎮、市)長選舉,首次申報,1071115,雜支支出,朗朗上口快餐店,20348535,0.00,1250.00,餐飲費用,金錢,彰化縣鹿港鎮****,,
324,施性鍾,107年鄉(鎮、市)長選舉,首次申報,1071115,雜支支出,必勝客,28860439,0.00,1660.00,餐飲費用,金錢,彰化縣鹿港鎮****,,
325,施性鍾,107年鄉(鎮、市)長選舉,首次申報,1071115,宣傳支出,響客影音科技錄音室,38925185,0.00,3400.00,製作宣傳廣告支出,金錢,彰化縣彰化市****,,
326,施性鍾,107年鄉(鎮、市)長選舉,首次申報,1071115,雜支支出,85度C,45205035,0.00,580.00,餐飲費用,金錢,彰化縣鹿港鎮****,,
327,施性鍾,107年鄉(鎮、市)長選舉,首次申報,1071115,租用宣傳車輛支出,中國石油,58010672,0.00,84.00,宣傳車輛燃料支出,金錢,彰化縣福興鄉****,,
328,施性鍾,107年鄉(鎮、市)長選舉,首次申報,1071116,雜支支出,朗朗上口快餐店,20348535,0.00,1600.00,餐飲費用,金錢,彰化縣鹿港鎮****,,
329,施性鍾,107年鄉(鎮、市)長選舉,首次申報,1071116,雜支支出,朗朗上口快餐店,20348535,0.00,1400.00,餐飲費用,金錢,彰化縣鹿港鎮****,,
330,施性鍾,107年鄉(鎮、市)長選舉,首次申報,1071116,雜支支出,台塑石油,22933250,0.00,700.00,汽機車燃料費用,金錢,彰化縣鹿港鎮****,,
331,施性鍾,107年鄉(鎮、市)長選舉,首次申報,1071116,雜支支出,台塑石油,22933250,0.00,500.00,汽機車燃料費用,金錢,彰化縣鹿港鎮****,,
332,施性鍾,107年鄉(鎮、市)長選舉,首次申報,1071116,租用宣傳車輛支出,中國石油,22938699,0.00,86.00,維修宣傳車輛支出,金錢,彰化縣鹿港鎮****,,
333,施性鍾,107年鄉(鎮、市)長選舉,首次申報,1071117,雜支支出,立特屋,16537062,0.00,79.00,雜項購置或修繕費用,金錢,彰化縣鹿港鎮****,,
334,施性鍾,107年鄉(鎮、市)長選舉,首次申報,1071117,雜支支出,朗朗上口快餐店,20348535,0.00,4500.00,餐飲費用,金錢,彰化縣鹿港鎮****,,
335,施性鍾,107年鄉(鎮、市)長選舉,首次申報,1071117,雜支支出,朗朗上口快餐店,20348535,0.00,4000.00,餐飲費用,金錢,彰化縣鹿港鎮****,,
336,施性鍾,107年鄉(鎮、市)長選舉,首次申報,1071117,雜支支出,台塑石油,22933250,0.00,1186.00,汽機車燃料費用,金錢,彰化縣鹿港鎮****,,
337,施性鍾,107年鄉(鎮、市)長選舉,首次申報,1071117,租用宣傳車輛支出,中國石油,22938699,0.00,89.00,宣傳車輛燃料支出,金錢,彰化縣鹿港鎮****,,
338,施性鍾,107年鄉(鎮、市)長選舉,首次申報,1071117,雜支支出,迷客夏,38930309,0.00,205.00,餐飲費用,金錢,彰化縣鹿港鎮****,,
339,施性鍾,107年鄉(鎮、市)長選舉,首次申報,1071117,雜支支出,大二行,77070637,0.00,1000.00,雜項購置或修繕費用,金錢,彰化縣鹿港鎮****,,
340,施性鍾,107年鄉(鎮、市)長選舉,首次申報,1071118,雜支支出,朗朗上口快餐店,20348535,0.00,2300.00,餐飲費用,金錢,彰化縣鹿港鎮****,,
341,施性鍾,107年鄉(鎮、市)長選舉,首次申報,1071118,雜支支出,朗朗上口快餐店,20348535,0.00,2800.00,餐飲費用,金錢,彰化縣鹿港鎮****,,
342,施性鍾,107年鄉(鎮、市)長選舉,首次申報,1071118,租用宣傳車輛支出,中國石油,22938699,0.00,86.00,宣傳車輛燃料支出,金錢,彰化縣鹿港鎮****,,
343,施性鍾,107年鄉(鎮、市)長選舉,首次申報,1071118,雜支支出,冷凍豆花大王,80827881,0.00,870.00,餐飲費用,金錢,彰化縣鹿港鎮****,,
344,施性鍾,107年鄉(鎮、市)長選舉,首次申報,1071119,雜支支出,全聯福利中心,16741254,0.00,456.00,雜項購置或修繕費用,金錢,彰化縣鹿港鎮****,,
345,施性鍾,107年鄉(鎮、市)長選舉,首次申報,1071119,租用宣傳車輛支出,彰化汽車客運股份有限公司草港加油站,17314188,0.00,80.00,維修宣傳車輛支出,金錢,彰化縣鹿港鎮****,,
346,施性鍾,107年鄉(鎮、市)長選舉,首次申報,1071119,雜支支出,朗朗上口快餐店,20348535,0.00,2800.00,餐飲費用,金錢,彰化縣鹿港鎮****,,
347,施性鍾,107年鄉(鎮、市)長選舉,首次申報,1071119,雜支支出,朗朗上口快餐店,20348535,0.00,1500.00,餐飲費用,金錢,彰化縣鹿港鎮****,,
348,施性鍾,107年鄉(鎮、市)長選舉,首次申報,1071120,雜支支出,全聯福利中心,16741254,0.00,499.00,汽機車燃料費用,金錢,彰化縣鹿港鎮****,,
349,施性鍾,107年鄉(鎮、市)長選舉,首次申報,1071120,雜支支出,朗朗上口快餐店,20348535,0.00,2500.00,選舉保證金費（未退回保證金者得以報支）,金錢,彰化縣鹿港鎮****,,
350,施性鍾,107年鄉(鎮、市)長選舉,首次申報,1071120,雜支支出,朗朗上口快餐店,20348535,0.00,1500.00,餐飲費用,金錢,彰化縣鹿港鎮****,,
351,施性鍾,107年鄉(鎮、市)長選舉,首次申報,1071120,宣傳支出,唐古拉有限公司,25152783,0.00,186000.00,製作競選物品支出（面紙盒）,金錢,雲林縣北港鎮****,05-7*****,
352,施性鍾,107年鄉(鎮、市)長選舉,首次申報,1071120,租用宣傳車輛支出,中國石油,28104580,0.00,80.00,宣傳車輛燃料支出,金錢,彰化縣鹿港鎮****,,
353,施性鍾,107年鄉(鎮、市)長選舉,首次申報,1071120,雜支支出,台塑石油,28165116,0.00,800.00,汽機車燃料費用,金錢,彰化縣福興鄉****,,
354,施性鍾,107年鄉(鎮、市)長選舉,首次申報,1071120,租用宣傳車輛支出,林世傳,N10*******,0.00,16500.00,雇用宣傳車輛駕駛支出,金錢,彰化縣福興鄉****,,
355,施性鍾,107年鄉(鎮、市)長選舉,首次申報,1071120,租用宣傳車輛支出,蔣財奎,N10*******,0.00,13500.00,雇用宣傳車輛駕駛支出,金錢,彰化縣鹿港鎮****,,
356,施性鍾,107年鄉(鎮、市)長選舉,首次申報,1071121,租用宣傳車輛支出,中國石油,17314188,0.00,1200.00,宣傳車輛燃料支出,金錢,彰化縣鹿港鎮****,,
357,施性鍾,107年鄉(鎮、市)長選舉,首次申報,1071121,雜支支出,朗朗上口快餐店,20348535,0.00,3000.00,餐飲費用,金錢,彰化縣鹿港鎮****,,
358,施性鍾,107年鄉(鎮、市)長選舉,首次申報,1071121,雜支支出,朗朗上口快餐店,20348535,0.00,2000.00,餐飲費用,金錢,彰化縣鹿港鎮****,,
359,施性鍾,107年鄉(鎮、市)長選舉,首次申報,1071121,雜支支出,台塑石油,22933250,0.00,965.00,汽機車燃料費用,金錢,彰化縣鹿港鎮****,,
360,施性鍾,107年鄉(鎮、市)長選舉,首次申報,1071121,宣傳支出,怡浴企業有限公司,86669403,0.00,130000.00,製作競選物品支出（沐浴巾）,金錢,彰化縣鹿港鎮****,,
361,施性鍾,107年鄉(鎮、市)長選舉,首次申報,1071122,雜支支出,朗朗上口快餐店,20348535,0.00,1500.00,餐飲費用,金錢,彰化縣鹿港鎮****,,
362,施性鍾,107年鄉(鎮、市)長選舉,首次申報,1071122,雜支支出,朗朗上口快餐店,20348535,0.00,2500.00,餐飲費用,金錢,彰化縣鹿港鎮****,,
363,施性鍾,107年鄉(鎮、市)長選舉,首次申報,1071122,雜支支出,鴻易商行,25294755,0.00,595.00,餐飲費用,金錢,彰化縣鹿港鎮****,,
364,施性鍾,107年鄉(鎮、市)長選舉,首次申報,1071122,租用宣傳車輛支出,中國石油,58010672,0.00,246.00,宣傳車輛燃料支出,金錢,彰化縣福興鄉****,,
365,施性鍾,107年鄉(鎮、市)長選舉,首次申報,1071122,雜支支出,大二行,77070637,0.00,450.00,雜項購置或修繕費用,金錢,彰化縣鹿港鎮****,,
366,施性鍾,107年鄉(鎮、市)長選舉,首次申報,1071122,雜支支出,冷凍豆花大王,80827881,0.00,840.00,餐飲費用,金錢,彰化縣鹿港鎮****,,
367,施性鍾,107年鄉(鎮、市)長選舉,首次申報,1071123,集會支出,仁棠帆布出租,10958804,0.00,2200.00,租用設備支出,金錢,彰化縣鹿港鎮****,,
368,施性鍾,107年鄉(鎮、市)長選舉,首次申報,1071123,集會支出,朗朗上口快餐店,20348535,0.00,20000.00,餐飲支出,金錢,彰化縣鹿港鎮****,,
369,施性鍾,107年鄉(鎮、市)長選舉,首次申報,1071123,雜支支出,朗朗上口快餐店,20348535,0.00,3000.00,餐飲費用,金錢,彰化縣鹿港鎮****,,
370,施性鍾,107年鄉(鎮、市)長選舉,首次申報,1071123,雜支支出,鎰順五金行,78618162,0.00,160.00,雜項購置或修繕費用,金錢,彰化縣鹿港鎮****,,
371,施性鍾,107年鄉(鎮、市)長選舉,首次申報,1071123,雜支支出,鎰順五金行,78618162,0.00,80.00,雜項購置或修繕費用,金錢,彰化縣鹿港鎮****,,
372,施性鍾,107年鄉(鎮、市)長選舉,首次申報,1071123,雜支支出,鎰順五金行,78618162,0.00,54.00,雜項購置或修繕費用,金錢,彰化縣鹿港鎮****,,
373,施性鍾,107年鄉(鎮、市)長選舉,首次申報,1071123,租用宣傳車輛支出,中國石油,86625757,0.00,84.00,維修宣傳車輛支出,金錢,彰化縣鹿港鎮****,,
374,施性鍾,107年鄉(鎮、市)長選舉,首次申報,1071123,租用宣傳車輛支出,林世傳,N10*******,0.00,4950.00,雇用宣傳車輛駕駛支出,金錢,彰化縣福興鄉****,,
375,施性鍾,107年鄉(鎮、市)長選舉,首次申報,1071123,租用宣傳車輛支出,蔣財奎,N10*******,0.00,4050.00,雇用宣傳車輛駕駛支出,金錢,彰化縣鹿港鎮****,,
376,施性鍾,107年鄉(鎮、市)長選舉,首次申報,1071123,人事費用支出,詹鎮宇,N12*******,0.00,11000.00,工資或薪津,金錢,彰化縣彰化市****,,
377,施性鍾,107年鄉(鎮、市)長選舉,首次申報,1071124,雜支支出,朗朗上口快餐店,20348535,0.00,2000.00,餐飲費用,金錢,彰化縣鹿港鎮****,,
378,施性鍾,107年鄉(鎮、市)長選舉,首次申報,1071124,雜支支出,迷客夏,38930309,0.00,225.00,餐飲費用,金錢,彰化縣鹿港鎮****,,
379,施性鍾,107年鄉(鎮、市)長選舉,首次申報,1071128,宣傳支出,逸凡文化事業工作室,18195718,0.00,32350.00,製作宣傳廣告支出,金錢,彰化縣鹿港鎮****,04-7*****,
380,施性鍾,107年鄉(鎮、市)長選舉,首次申報,1071128,雜支支出,郡泰生活館有限公司,42581839,0.00,297.00,雜項購置或修繕費用,金錢,彰化縣鹿港鎮****,,
381,施性鍾,107年鄉(鎮、市)長選舉,首次申報,1071128,宣傳支出,三奇廣告社,58024509,0.00,52200.00,製作宣傳廣告支出,金錢,彰化縣鹿港鎮****,04-7*****,
382,施性鍾,107年鄉(鎮、市)長選舉,首次申報,1071128,宣傳支出,朝陽廣告社,93895691,0.00,110876.00,製作宣傳廣告支出,金錢,彰化縣鹿港鎮****,04-7*****,
383,施性鍾,107年鄉(鎮、市)長選舉,首次申報,1071128,宣傳支出,天喜派報社,99853199,0.00,97084.00,製作宣傳廣告支出,金錢,彰化縣鹿港鎮****,,
384,施性鍾,107年鄉(鎮、市)長選舉,首次申報,1071129,雜支支出,迷客夏,38930309,0.00,30.00,餐飲費用,金錢,彰化縣鹿港鎮****,,
385,施性鍾,107年鄉(鎮、市)長選舉,首次申報,1071129,雜支支出,景福小吃店,45812117,0.00,66.00,餐飲費用,金錢,彰化縣鹿港鎮****,,
386,施性鍾,107年鄉(鎮、市)長選舉,首次申報,1071130,公共關係費用支出,代正葬儀社,77099000,0.00,16650.00,聯誼交際費用,金錢,彰化縣鹿港鎮****,,
387,施性鍾,107年鄉(鎮、市)長選舉,首次申報,1071130,公共關係費用支出,安安禮儀服務部,77099000,0.00,16650.00,聯誼交際費用,金錢,彰化縣鹿港鎮****,04-7*****,
388,施性鍾,107年鄉(鎮、市)長選舉,首次申報,1071201,人事費用支出,曾子誠,L12*******,0.00,25000.00,工資或薪津,金錢,F臺中縣豐原****,0988*****,
389,施性鍾,107年鄉(鎮、市)長選舉,首次申報,1071201,人事費用支出,曾子誠,L12*******,0.00,10000.00,獎金或津貼,金錢,F臺中縣豐原****,0988*****,
390,施性鍾,107年鄉(鎮、市)長選舉,首次申報,1071201,人事費用支出,施芝妤,N22*******,0.00,14000.00,獎金或津貼,金錢,彰化縣鹿港鎮****,0934*****,
391,施性鍾,107年鄉(鎮、市)長選舉,首次申報,1071201,人事費用支出,施枚岑,N22*******,0.00,14000.00,獎金或津貼,金錢,彰化縣福興鄉****,0952*****,
392,施性鍾,107年鄉(鎮、市)長選舉,首次申報,1071201,人事費用支出,施芝妤,N22*******,0.00,27000.00,工資或薪津,金錢,彰化縣鹿港鎮****,0934*****,
393,施性鍾,107年鄉(鎮、市)長選舉,首次申報,1071201,人事費用支出,施枚岑,N22*******,0.00,30000.00,工資或薪津,金錢,彰化縣福興鄉****,0952*****,
394,施性鍾,107年鄉(鎮、市)長選舉,首次申報,1071203,公共關係費用支出,如春花軒,17691915,0.00,3750.00,聯誼交際費用,金錢,彰化縣鹿港鎮****,04-7*****,
395,施性鍾,107年鄉(鎮、市)長選舉,首次申報,1071203,公共關係費用支出,崇達鮮花禮儀社,18198736,0.00,12500.00,聯誼交際費用,金錢,彰化縣鹿港鎮****,,
396,施性鍾,107年鄉(鎮、市)長選舉,首次申報,1071203,公共關係費用支出,崇達鮮花禮儀社,18198736,0.00,2000.00,聯誼交際費用,金錢,彰化縣鹿港鎮****,,
397,施性鍾,107年鄉(鎮、市)長選舉,首次申報,1071203,公共關係費用支出,崇達鮮花禮品店,18198736,0.00,22500.00,聯誼交際費用,金錢,彰化縣鹿港鎮****,04-7*****,
398,施性鍾,107年鄉(鎮、市)長選舉,首次申報,1071203,公共關係費用支出,上億園藝鮮花店,20346591,0.00,500.00,聯誼交際費用,金錢,彰化縣鹿港鎮****,,
399,施性鍾,107年鄉(鎮、市)長選舉,首次申報,1071203,公共關係費用支出,上億園藝鮮花店,20346591,0.00,500.00,聯誼交際費用,金錢,彰化縣鹿港鎮****,,
400,施性鍾,107年鄉(鎮、市)長選舉,首次申報,1071203,公共關係費用支出,上億園藝鮮花店,20346591,0.00,500.00,聯誼交際費用,金錢,彰化縣鹿港鎮****,,
401,施性鍾,107年鄉(鎮、市)長選舉,首次申報,1071203,公共關係費用支出,上億園藝鮮花店,20346591,0.00,2000.00,聯誼交際費用,金錢,彰化縣鹿港鎮****,,
402,施性鍾,107年鄉(鎮、市)長選舉,首次申報,1071203,公共關係費用支出,上億園藝鮮花店,20346591,0.00,2000.00,聯誼交際費用,金錢,彰化縣鹿港鎮****,,
403,施性鍾,107年鄉(鎮、市)長選舉,首次申報,1071203,公共關係費用支出,上億園藝鮮花店,20346591,0.00,2000.00,聯誼交際費用,金錢,彰化縣鹿港鎮****,,
404,施性鍾,107年鄉(鎮、市)長選舉,首次申報,1071203,公共關係費用支出,上億園藝鮮花店,20346591,0.00,2000.00,聯誼交際費用,金錢,彰化縣鹿港鎮****,,
405,施性鍾,107年鄉(鎮、市)長選舉,首次申報,1071203,公共關係費用支出,上億園藝鮮花店,20346591,0.00,2000.00,聯誼交際費用,金錢,彰化縣鹿港鎮****,,
406,施性鍾,107年鄉(鎮、市)長選舉,首次申報,1071203,公共關係費用支出,德利,59213113,0.00,4500.00,聯誼交際費用,金錢,彰化縣鹿港鎮****,,
407,施性鍾,107年鄉(鎮、市)長選舉,首次申報,1071203,公共關係費用支出,興建禮儀社,92818015,0.00,5500.00,聯誼交際費用,金錢,彰化縣鹿港鎮****,04-7*****,
408,施性鍾,107年鄉(鎮、市)長選舉,首次申報,1071204,公共關係費用支出,心悅花儀工作室,47374015,0.00,5500.00,聯誼交際費用,金錢,彰化縣和美鎮****,,
409,施性鍾,107年鄉(鎮、市)長選舉,首次申報,1071204,公共關係費用支出,大嘉鮮花禮儀社,67759642,0.00,17000.00,聯誼交際費用,金錢,彰化縣鹿港鎮****,,
410,施性鍾,107年鄉(鎮、市)長選舉,首次申報,1071206,雜支支出,鑫鼎王餐飲股份有限公司,53549978,0.00,7841.00,餐飲費用,金錢,臺中市西屯區****,,
411,施性鍾,107年鄉(鎮、市)長選舉,首次申報,1071206,雜支支出,盅龐水產有限公司,54095475,0.00,175.00,餐飲費用,金錢,彰化縣彰化市****,,
412,施性鍾,107年鄉(鎮、市)長選舉,首次申報,1071206,雜支支出,聯亭,55931909,0.00,800.00,餐飲費用,金錢,彰化縣彰化市****,,
413,施性鍾,107年鄉(鎮、市)長選舉,首次申報,1071206,集會支出,家樂福,70752587,0.00,2631.00,餐飲支出,金錢,彰化縣彰化市****,,
414,施性鍾,107年鄉(鎮、市)長選舉,首次申報,1071206,公共關係費用支出,育新商行,70856035,0.00,89225.00,聯誼交際費用,金錢,彰化縣福興鄉****,04-7*****,
415,施性鍾,107年鄉(鎮、市)長選舉,首次申報,1071206,公共關係費用支出,易昇贈品社,70865055,0.00,25000.00,聯誼交際費用,金錢,彰化縣鹿港鎮****,04-7*****,
416,施性鍾,107年鄉(鎮、市)長選舉,首次申報,1071207,雜支支出,信華食品行,17699016,0.00,680.00,餐飲費用,金錢,彰化縣鹿港鎮****,,
417,施性鍾,107年鄉(鎮、市)長選舉,首次申報,1071207,公共關係費用支出,代正葬儀社,21820825,0.00,13750.00,聯誼交際費用,金錢,彰化縣福興鄉****,,
418,施性鍾,107年鄉(鎮、市)長選舉,首次申報,1071217,雜支支出,全聯福利中心,16741254,0.00,1750.00,餐飲費用,金錢,彰化縣鹿港鎮****,,
419,施性鍾,107年鄉(鎮、市)長選舉,首次申報,1071217,雜支支出,東光花環禮儀社,58023728,0.00,100.00,雜項購置或修繕費用,金錢,彰化縣鹿港鎮****,,
420,施性鍾,107年鄉(鎮、市)長選舉,首次申報,1071219,雜支支出,全聯福利中心,16741254,0.00,1449.00,餐飲費用,金錢,彰化縣鹿港鎮****,,
421,施性鍾,107年鄉(鎮、市)長選舉,首次申報,1071219,雜支支出,復興路煤氣行,58018231,0.00,200.00,水電瓦斯費用,金錢,彰化縣鹿港鎮****,,
422,施性鍾,107年鄉(鎮、市)長選舉,首次申報,1071220,雜支支出,全聯福利中心,16741254,0.00,1045.00,餐飲費用,金錢,彰化縣鹿港鎮****,,
423,施性鍾,107年鄉(鎮、市)長選舉,首次申報,1071220,雜支支出,成發塑膠行,58023728,0.00,110.00,雜項購置或修繕費用,金錢,彰化縣鹿港鎮****,,
424,施性鍾,107年鄉(鎮、市)長選舉,首次申報,1071220,公共關係費用支出,東光花環禮儀社,77090079,0.00,1800.00,聯誼交際費用,金錢,彰化縣鹿港鎮****,,
425,施性鍾,107年鄉(鎮、市)長選舉,首次申報,1071220,宣傳支出,國泰廣告社,98615396,0.00,76127.00,製作宣傳廣告支出,金錢,彰化縣福興鄉****,04-7*****,
426,施性鍾,107年鄉(鎮、市)長選舉,首次申報,1071222,宣傳支出,台灣優紙企業有限公司,80077677,0.00,161569.00,製作競選物品支出（袋鼠包面紙）,金錢,彰化縣鹿港鎮****,04-7*****,
427,施性鍾,107年鄉(鎮、市)長選舉,首次申報,1071223,集會支出,施性鍾競選總部,,0.00,20800.00,餐飲支出,非金錢,彰化縣鹿港鎮****,,
428,施性鍾,107年鄉(鎮、市)長選舉,首次申報,1071223,公共關係費用支出,心悅花藝工作室,47374015,0.00,5500.00,聯誼交際費用,金錢,彰化縣鹿港鎮****,0972*****,
429,施性鍾,107年鄉(鎮、市)長選舉,首次申報,1071223,人事費用支出,曾子誠,L12*******,0.00,8000.00,獎金或津貼,金錢,F臺中縣豐原****,0988*****,
430,施性鍾,107年鄉(鎮、市)長選舉,首次申報,1071223,人事費用支出,曾子誠,L12*******,0.00,35000.00,工資或薪津,金錢,F臺中縣豐原****,0988*****,
431,施性鍾,107年鄉(鎮、市)長選舉,首次申報,1071223,宣傳支出,競選總部,N10*******,0.00,40000.00,租用廣告看板或車體廣告支出,非金錢,彰化縣鹿港鎮****,,
432,施性鍾,107年鄉(鎮、市)長選舉,首次申報,1071223,宣傳支出,競選總部,N10*******,0.00,40000.00,租用廣告看板或車體廣告支出,非金錢,彰化縣鹿港鎮****,,
433,施性鍾,107年鄉(鎮、市)長選舉,首次申報,1071223,宣傳支出,競選總部,N10*******,0.00,30000.00,租用廣告看板或車體廣告支出,非金錢,彰化縣鹿港鎮****,,
434,施性鍾,107年鄉(鎮、市)長選舉,首次申報,1071223,宣傳支出,競選總部,N10*******,0.00,30000.00,租用廣告看板或車體廣告支出,非金錢,彰化縣鹿港鎮****,,
435,施性鍾,107年鄉(鎮、市)長選舉,首次申報,1071223,宣傳支出,競選總部,N10*******,0.00,30000.00,租用廣告看板或車體廣告支出,非金錢,彰化縣鹿港鎮****,,
436,施性鍾,107年鄉(鎮、市)長選舉,首次申報,1071223,宣傳支出,競選總部,N10*******,0.00,30000.00,租用廣告看板或車體廣告支出,非金錢,彰化縣鹿港鎮****,,
437,施性鍾,107年鄉(鎮、市)長選舉,首次申報,1071223,集會支出,施性鍾競選總部,N10*******,0.00,32000.00,餐飲支出,非金錢,彰化縣鹿港鎮****,04-7*****,
438,施性鍾,107年鄉(鎮、市)長選舉,首次申報,1071223,宣傳支出,競選總部,N10*******,0.00,32000.00,租用廣告看板或車體廣告支出,非金錢,彰化縣鹿港鎮****,,
439,施性鍾,107年鄉(鎮、市)長選舉,首次申報,1071223,租用競選辦事處支出,競選總部,N10*******,0.00,150000.00,租用競選辦事處費用,非金錢,彰化縣鹿港鎮****,,
440,施性鍾,107年鄉(鎮、市)長選舉,首次申報,1071223,宣傳支出,競選總部,N10*******,0.00,80000.00,租用廣告看板或車體廣告支出,非金錢,彰化縣鹿港鎮****,,
441,施性鍾,107年鄉(鎮、市)長選舉,首次申報,1071223,宣傳支出,競選總部,N10*******,0.00,60000.00,租用廣告看板或車體廣告支出,非金錢,彰化縣鹿港鎮****,,
442,施性鍾,107年鄉(鎮、市)長選舉,首次申報,1071223,宣傳支出,競選總部,N10*******,0.00,60000.00,租用廣告看板或車體廣告支出,非金錢,彰化縣鹿港鎮****,,
443,施性鍾,107年鄉(鎮、市)長選舉,首次申報,1071223,宣傳支出,競選總部,N10*******,0.00,24000.00,租用廣告看板或車體廣告支出,非金錢,彰化縣鹿港鎮****,,
444,施性鍾,107年鄉(鎮、市)長選舉,首次申報,1071223,宣傳支出,競選總部,N10*******,0.00,24000.00,租用廣告看板或車體廣告支出,非金錢,彰化縣鹿港鎮****,,
445,施性鍾,107年鄉(鎮、市)長選舉,首次申報,1071223,宣傳支出,競選總部,N10*******,0.00,20000.00,租用廣告看板或車體廣告支出,非金錢,彰化縣鹿港鎮****,,
446,施性鍾,107年鄉(鎮、市)長選舉,首次申報,1071223,人事費用支出,施呈隆,N12*******,0.00,103500.00,工資或薪津,金錢,彰化縣鹿港鎮****,,
447,施性鍾,107年鄉(鎮、市)長選舉,首次申報,1071223,人事費用支出,施枚岑,N22*******,0.00,60000.00,工資或薪津,金錢,彰化縣福興鄉****,0952*****,
448,施性鍾,107年鄉(鎮、市)長選舉,首次申報,1071223,人事費用支出,施芝妤,N22*******,0.00,50000.00,工資或薪津,金錢,彰化縣鹿港鎮****,0934*****,
449,施性鍾,107年鄉(鎮、市)長選舉,首次申報,1071223,人事費用支出,施佩妤,N22*******,0.00,140000.00,工資或薪津,金錢,彰化縣鹿港鎮****,0911*****,
450,施性鍾,107年鄉(鎮、市)長選舉,首次申報,1071223,人事費用支出,施枚岑,N22*******,0.00,15000.00,獎金或津貼,金錢,彰化縣福興鄉****,0952*****,
451,施性鍾,107年鄉(鎮、市)長選舉,首次申報,1071223,人事費用支出,施芝妤,N22*******,0.00,14000.00,獎金或津貼,金錢,彰化縣鹿港鎮****,0934*****,
