﻿序號,擬參選人／政黨,選舉名稱,申報序號／年度,交易日期,收支科目,捐贈者／支出對象,身分證／統一編號,收入金額,支出金額,支出用途,金錢類,地址,聯絡電話,資料更正日期
1,李雨蓁,107年直轄市議員選舉,首次申報,1070613,匿名捐贈,匿名,,1.00,0.00,,金錢,,,
2,李雨蓁,107年直轄市議員選舉,首次申報,1070702,個人捐贈收入,黃郁茜,,666.00,0.00,,金錢,高雄市鳳山區****,,
3,李雨蓁,107年直轄市議員選舉,首次申報,1070702,個人捐贈收入,翁煥瑤,,100.00,0.00,,金錢,嘉義縣朴子市****,,
4,李雨蓁,107年直轄市議員選舉,首次申報,1070708,個人捐贈收入,吳雨琦,,1000.00,0.00,,金錢,高雄市鳳山區****,,
5,李雨蓁,107年直轄市議員選舉,首次申報,1070721,匿名捐贈,匿名,,500.00,0.00,,金錢,,,
6,李雨蓁,107年直轄市議員選舉,首次申報,1070721,匿名捐贈,匿名,,1000.00,0.00,,金錢,,,
7,李雨蓁,107年直轄市議員選舉,首次申報,1070721,匿名捐贈,匿名,,1000.00,0.00,,金錢,,,
8,李雨蓁,107年直轄市議員選舉,首次申報,1070721,匿名捐贈,匿名,,100.00,0.00,,金錢,,,
9,李雨蓁,107年直轄市議員選舉,首次申報,1070721,匿名捐贈,匿名,,500.00,0.00,,金錢,,,
10,李雨蓁,107年直轄市議員選舉,首次申報,1070721,匿名捐贈,匿名,,500.00,0.00,,金錢,,,
11,李雨蓁,107年直轄市議員選舉,首次申報,1070721,個人捐贈收入,張晉強,,10000.00,0.00,,金錢,新竹市光復路****,,
12,李雨蓁,107年直轄市議員選舉,首次申報,1070721,匿名捐贈,匿名,,10000.00,0.00,,金錢,,,
13,李雨蓁,107年直轄市議員選舉,首次申報,1070721,匿名捐贈,匿名,,2500.00,0.00,,金錢,,,
14,李雨蓁,107年直轄市議員選舉,首次申報,1070721,匿名捐贈,匿名,,2500.00,0.00,,金錢,,,
15,李雨蓁,107年直轄市議員選舉,首次申報,1070721,匿名捐贈,匿名,,10000.00,0.00,,金錢,,,
16,李雨蓁,107年直轄市議員選舉,首次申報,1070721,匿名捐贈,匿名,,5000.00,0.00,,金錢,,,
17,李雨蓁,107年直轄市議員選舉,首次申報,1070721,匿名捐贈,匿名,,5000.00,0.00,,金錢,,,
18,李雨蓁,107年直轄市議員選舉,首次申報,1070724,個人捐贈收入,李俊銘,,3000.00,0.00,,金錢,臺南市善化區****,,
19,李雨蓁,107年直轄市議員選舉,首次申報,1070727,個人捐贈收入,蘇瑋佳,,689.00,0.00,,金錢,台南市安平區****,,
20,李雨蓁,107年直轄市議員選舉,首次申報,1070804,個人捐贈收入,曾朝瑋,,2000.00,0.00,,金錢,高雄市左營區****,0911*****,
21,李雨蓁,107年直轄市議員選舉,首次申報,1070812,匿名捐贈,匿名,,2018.00,0.00,,金錢,,,
22,李雨蓁,107年直轄市議員選舉,首次申報,1070814,個人捐贈收入,許智堯,,1974.00,0.00,,金錢,高雄市鳳山區****,0911*****,
23,李雨蓁,107年直轄市議員選舉,首次申報,1070820,個人捐贈收入,王敏香,,5000.00,0.00,,金錢,高雄市鳳山區****,,
24,李雨蓁,107年直轄市議員選舉,首次申報,1070821,個人捐贈收入,胡一鳴,,4000.00,0.00,,金錢,高雄市鳳山區****,,
25,李雨蓁,107年直轄市議員選舉,首次申報,1070824,匿名捐贈,匿名,,10000.00,0.00,,金錢,,,
26,李雨蓁,107年直轄市議員選舉,首次申報,1070902,個人捐贈收入,黃識樺,,1000.00,0.00,,金錢,高雄市仁武區****,0922*****,
27,李雨蓁,107年直轄市議員選舉,首次申報,1070903,匿名捐贈,匿名,,10000.00,0.00,,金錢,,,
28,李雨蓁,107年直轄市議員選舉,首次申報,1070908,匿名捐贈,匿名,,3000.00,0.00,,金錢,,,
29,李雨蓁,107年直轄市議員選舉,首次申報,1070911,匿名捐贈,匿名,,3000.00,0.00,,金錢,,,
30,李雨蓁,107年直轄市議員選舉,首次申報,1070913,個人捐贈收入,江岳勳,,100.00,0.00,,金錢,臺北市大同區****,0921*****,
31,李雨蓁,107年直轄市議員選舉,首次申報,1070913,個人捐贈收入,徐瑋澤,,1974.00,0.00,,金錢,高雄市前鎮區****,0952*****,
32,李雨蓁,107年直轄市議員選舉,首次申報,1070913,個人捐贈收入,鄭淑文,,600.00,0.00,,金錢,高雄市仁武區****,0935*****,
33,李雨蓁,107年直轄市議員選舉,首次申報,1070913,個人捐贈收入,王俊鈞,,1017.00,0.00,,金錢,高雄市苓雅區****,0972*****,
34,李雨蓁,107年直轄市議員選舉,首次申報,1070914,匿名捐贈,匿名,,1974.00,0.00,,金錢,,,
35,李雨蓁,107年直轄市議員選舉,首次申報,1070914,個人捐贈收入,林曉瑄,,500.00,0.00,,金錢,高雄市鳳山區****,0930*****,
36,李雨蓁,107年直轄市議員選舉,首次申報,1070914,個人捐贈收入,林嘉蓉,,799.00,0.00,,金錢,澎湖縣馬公市****,0937*****,
37,李雨蓁,107年直轄市議員選舉,首次申報,1070914,個人捐贈收入,吳曉雲,,10000.00,0.00,,金錢,高雄市三民區****,0920*****,
38,李雨蓁,107年直轄市議員選舉,首次申報,1070914,個人捐贈收入,廖文宗,,3000.00,0.00,,金錢,高雄市鳳山區****,0952*****,
39,李雨蓁,107年直轄市議員選舉,首次申報,1070915,匿名捐贈,匿名,,2000.00,0.00,,金錢,,,
40,李雨蓁,107年直轄市議員選舉,首次申報,1070915,個人捐贈收入,洪維展,,1974.00,0.00,,金錢,台中市南區****,0912*****,
41,李雨蓁,107年直轄市議員選舉,首次申報,1070915,個人捐贈收入,葉宗凱,,3000.00,0.00,,金錢,高雄市鳳山區****,0925*****,
42,李雨蓁,107年直轄市議員選舉,首次申報,1070915,個人捐贈收入,如如,,5000.00,0.00,,金錢,台南市東區建****,0933*****,
43,李雨蓁,107年直轄市議員選舉,首次申報,1070915,個人捐贈收入,陳惠娟,,20000.00,0.00,,金錢,高雄市前金區****,0931*****,
44,李雨蓁,107年直轄市議員選舉,首次申報,1070915,個人捐贈收入,黃旭初,,10000.00,0.00,,金錢,高雄市民生一****,0932*****,
45,李雨蓁,107年直轄市議員選舉,首次申報,1070916,匿名捐贈,匿名,,300.00,0.00,,金錢,,,
46,李雨蓁,107年直轄市議員選舉,首次申報,1070916,個人捐贈收入,洪千惠,,2018.00,0.00,,金錢,屏東縣潮州鎮****,0910*****,
47,李雨蓁,107年直轄市議員選舉,首次申報,1070916,匿名捐贈,匿名,,799.00,0.00,,金錢,,,
48,李雨蓁,107年直轄市議員選舉,首次申報,1070916,匿名捐贈,匿名,,3500.00,0.00,,金錢,,,
49,李雨蓁,107年直轄市議員選舉,首次申報,1070917,匿名捐贈,匿名,,10000.00,0.00,,金錢,,,
50,李雨蓁,107年直轄市議員選舉,首次申報,1070918,個人捐贈收入,蔡智堯,,2000.00,0.00,,金錢,臺中市烏日區****,0972*****,
51,李雨蓁,107年直轄市議員選舉,首次申報,1070920,匿名捐贈,匿名,,1000.00,0.00,,金錢,,,
52,李雨蓁,107年直轄市議員選舉,首次申報,1070921,匿名捐贈,匿名,,5000.00,0.00,,金錢,,,
53,李雨蓁,107年直轄市議員選舉,首次申報,1070921,個人捐贈收入,陳慧雯,,1000.00,0.00,,金錢,台南市東區東****,0912*****,
54,李雨蓁,107年直轄市議員選舉,首次申報,1070922,個人捐贈收入,劉書宏,,200.00,0.00,,金錢,高雄市鳥松區****,0912*****,
55,李雨蓁,107年直轄市議員選舉,首次申報,1070923,匿名捐贈,匿名,,147.00,0.00,,金錢,,,
56,李雨蓁,107年直轄市議員選舉,首次申報,1070926,個人捐贈收入,黃鏘綺,,2000.00,0.00,,金錢,高雄市鳥松區****,0937*****,
57,李雨蓁,107年直轄市議員選舉,首次申報,1070927,個人捐贈收入,蔡炳煌,,10000.00,0.00,,金錢,高雄市新興區****,,
58,李雨蓁,107年直轄市議員選舉,首次申報,1070928,個人捐贈收入,李文毅,,10000.00,0.00,,金錢,高雄市三民區****,0952*****,
59,李雨蓁,107年直轄市議員選舉,首次申報,1070930,個人捐贈收入,鄭錦茂,,2000.00,0.00,,金錢,高雄市鳳山區****,,
60,李雨蓁,107年直轄市議員選舉,首次申報,1070930,匿名捐贈,匿名,,1974.00,0.00,,金錢,,,
61,李雨蓁,107年直轄市議員選舉,首次申報,1071001,個人捐贈收入,陳虹因,,2000.00,0.00,,金錢,高雄市楠梓區****,0955*****,
62,李雨蓁,107年直轄市議員選舉,首次申報,1071002,個人捐贈收入,黃耀雄,,689.00,0.00,,金錢,高雄市小港區****,0931*****,
63,李雨蓁,107年直轄市議員選舉,首次申報,1071003,個人捐贈收入,張復聚,,10000.00,0.00,,金錢,高雄市三民區****,0988*****,
64,李雨蓁,107年直轄市議員選舉,首次申報,1071006,匿名捐贈,匿名,,1000.00,0.00,,金錢,,,
65,李雨蓁,107年直轄市議員選舉,首次申報,1071008,匿名捐贈,匿名,,1000.00,0.00,,金錢,,,
66,李雨蓁,107年直轄市議員選舉,首次申報,1071010,個人捐贈收入,陸韋翰,,10000.00,0.00,,金錢,高雄市橋頭區****,0928*****,
67,李雨蓁,107年直轄市議員選舉,首次申報,1071012,個人捐贈收入,余柔慧,,300.00,0.00,,金錢,高雄市鳳山區****,0987*****,
68,李雨蓁,107年直轄市議員選舉,首次申報,1071012,個人捐贈收入,曾慶和,,400.00,0.00,,金錢,高雄市鳳山區****,0938*****,
69,李雨蓁,107年直轄市議員選舉,首次申報,1071013,個人捐贈收入,劉亭妤,,1000.00,0.00,,金錢,高雄市鳳山區****,0922*****,
70,李雨蓁,107年直轄市議員選舉,首次申報,1071015,匿名捐贈,匿名,,3000.00,0.00,,金錢,,,
71,李雨蓁,107年直轄市議員選舉,首次申報,1071016,個人捐贈收入,呂政蔚,,1974.00,0.00,,金錢,高雄市鳳山區****,0929*****,
72,李雨蓁,107年直轄市議員選舉,首次申報,1071016,個人捐贈收入,李建鋐,S12*******,70000.00,0.00,,金錢,台南市永康區****,0932*****,
73,李雨蓁,107年直轄市議員選舉,首次申報,1071018,匿名捐贈,匿名,,1000.00,0.00,,金錢,,,
74,李雨蓁,107年直轄市議員選舉,首次申報,1071024,個人捐贈收入,莊淵智,,5000.00,0.00,,金錢,高雄市三民區****,0910*****,
75,李雨蓁,107年直轄市議員選舉,首次申報,1071024,個人捐贈收入,林明森,,1000.00,0.00,,金錢,台中市南屯區****,,
76,李雨蓁,107年直轄市議員選舉,首次申報,1071025,個人捐贈收入,廖木村,,1000.00,0.00,,金錢,鳳山區林森路****,,
77,李雨蓁,107年直轄市議員選舉,首次申報,1071025,匿名捐贈,匿名,,700.00,0.00,,金錢,,,
78,李雨蓁,107年直轄市議員選舉,首次申報,1071025,匿名捐贈,匿名,,200.00,0.00,,金錢,,,
79,李雨蓁,107年直轄市議員選舉,首次申報,1071025,匿名捐贈,匿名,,200.00,0.00,,金錢,,,
80,李雨蓁,107年直轄市議員選舉,首次申報,1071025,匿名捐贈,匿名,,100.00,0.00,,金錢,,,
81,李雨蓁,107年直轄市議員選舉,首次申報,1071025,匿名捐贈,匿名,,500.00,0.00,,金錢,,,
82,李雨蓁,107年直轄市議員選舉,首次申報,1071026,個人捐贈收入,莊承得,,7000.00,0.00,,金錢,高雄市鼓山區****,,
83,李雨蓁,107年直轄市議員選舉,首次申報,1071026,個人捐贈收入,莊棨鈞,,7000.00,0.00,,金錢,高雄市鼓山區****,,
84,李雨蓁,107年直轄市議員選舉,首次申報,1071028,個人捐贈收入,鄭憲廷,,1000.00,0.00,,金錢,高雄市鳳山區****,0933*****,
85,李雨蓁,107年直轄市議員選舉,首次申報,1071028,個人捐贈收入,王志豪,,1000.00,0.00,,金錢,高雄市鳳山區****,0936*****,
86,李雨蓁,107年直轄市議員選舉,首次申報,1071029,個人捐贈收入,陳美靜,,5000.00,0.00,,金錢,台南市新化區****,0955*****,
87,李雨蓁,107年直轄市議員選舉,首次申報,1071029,匿名捐贈,匿名,,6000.00,0.00,,金錢,,,
88,李雨蓁,107年直轄市議員選舉,首次申報,1071030,個人捐贈收入,王志豪,,10000.00,0.00,,金錢,高雄市鳳山區****,0936*****,
89,李雨蓁,107年直轄市議員選舉,首次申報,1071030,個人捐贈收入,蔡坪芫,,1000.00,0.00,,金錢,高雄市前鎮區****,0916*****,
90,李雨蓁,107年直轄市議員選舉,首次申報,1071101,匿名捐贈,匿名,,1989.00,0.00,,金錢,,,
91,李雨蓁,107年直轄市議員選舉,首次申報,1071101,個人捐贈收入,謝逸傑,,1500.00,0.00,,金錢,高雄市新興區****,,
92,李雨蓁,107年直轄市議員選舉,首次申報,1071102,匿名捐贈,匿名,,1000.00,0.00,,金錢,,,
93,李雨蓁,107年直轄市議員選舉,首次申報,1071103,個人捐贈收入,陳淑貴,,4000.00,0.00,,金錢,高雄市中華一****,,
94,李雨蓁,107年直轄市議員選舉,首次申報,1071103,個人捐贈收入,林晉德,,600.00,0.00,,金錢,高雄市三民區****,,
95,李雨蓁,107年直轄市議員選舉,首次申報,1071103,個人捐贈收入,吳宗勤,,5000.00,0.00,,金錢,高雄市鳳山區****,0972*****,
96,李雨蓁,107年直轄市議員選舉,首次申報,1071103,個人捐贈收入,陳力瑋,,1000.00,0.00,,金錢,高雄市新興區****,,
97,李雨蓁,107年直轄市議員選舉,首次申報,1071104,個人捐贈收入,許慧如,,10000.00,0.00,,金錢,台北市中正區****,0922*****,
98,李雨蓁,107年直轄市議員選舉,首次申報,1071105,個人捐贈收入,劉金燁,,3000.00,0.00,,金錢,台北市南港區****,0952*****,
99,李雨蓁,107年直轄市議員選舉,首次申報,1071105,個人捐贈收入,吳配岑,,1000.00,0.00,,金錢,高雄市鳳山區****,0911*****,
100,李雨蓁,107年直轄市議員選舉,首次申報,1071106,匿名捐贈,匿名,,2000.00,0.00,,金錢,,,
101,李雨蓁,107年直轄市議員選舉,首次申報,1071107,個人捐贈收入,施泰然,,1974.00,0.00,,金錢,台北市中正區****,0910*****,
102,李雨蓁,107年直轄市議員選舉,首次申報,1071107,匿名捐贈,匿名,,2000.00,0.00,,金錢,,,
103,李雨蓁,107年直轄市議員選舉,首次申報,1071107,個人捐贈收入,賴政任,,1000.00,0.00,,金錢,彰化縣員林市****,0939*****,
104,李雨蓁,107年直轄市議員選舉,首次申報,1071108,個人捐贈收入,何珊錦,,689.00,0.00,,金錢,新北市板橋區****,0952*****,
105,李雨蓁,107年直轄市議員選舉,首次申報,1071108,個人捐贈收入,張勻慈,,666.00,0.00,,金錢,台北市文山區****,0984*****,
106,李雨蓁,107年直轄市議員選舉,首次申報,1071108,個人捐贈收入,梁智超,,5000.00,0.00,,金錢,高雄市鳳山區****,0955*****,
107,李雨蓁,107年直轄市議員選舉,首次申報,1071108,個人捐贈收入,熊怡雯,,1974.00,0.00,,金錢,台中市北屯區****,0919*****,
108,李雨蓁,107年直轄市議員選舉,首次申報,1071108,個人捐贈收入,王英龍,,1000.00,0.00,,金錢,高雄市鳳山區****,0933*****,
109,李雨蓁,107年直轄市議員選舉,首次申報,1071108,匿名捐贈,匿名,,2000.00,0.00,,金錢,,,
110,李雨蓁,107年直轄市議員選舉,首次申報,1071109,個人捐贈收入,廖金德,,10000.00,0.00,,金錢,高雄市前鎮區****,0916*****,
111,李雨蓁,107年直轄市議員選舉,首次申報,1071109,匿名捐贈,匿名,,300.00,0.00,,金錢,,,
112,李雨蓁,107年直轄市議員選舉,首次申報,1071109,個人捐贈收入,陳維縈,,799.00,0.00,,金錢,台北市文山區****,0928*****,
113,李雨蓁,107年直轄市議員選舉,首次申報,1071109,個人捐贈收入,江岳勳,,500.00,0.00,,金錢,台北市大同區****,0921*****,
114,李雨蓁,107年直轄市議員選舉,首次申報,1071109,個人捐贈收入,張民人,,3000.00,0.00,,金錢,高雄市苓雅區****,0911*****,
115,李雨蓁,107年直轄市議員選舉,首次申報,1071109,個人捐贈收入,蔡欣辰,,1000.00,0.00,,金錢,高雄市大樹區****,,
116,李雨蓁,107年直轄市議員選舉,首次申報,1071110,個人捐贈收入,許慧盈,,5000.00,0.00,,金錢,台北市萬華區****,0913*****,
117,李雨蓁,107年直轄市議員選舉,首次申報,1071112,個人捐贈收入,王智勇,,8000.00,0.00,,金錢,高雄市鳳山區****,0970*****,
118,李雨蓁,107年直轄市議員選舉,首次申報,1071112,個人捐贈收入,蔡正耀,,20000.00,0.00,,金錢,高雄市三民區****,0985*****,
119,李雨蓁,107年直轄市議員選舉,首次申報,1071113,個人捐贈收入,吳國財,,2000.00,0.00,,金錢,高雄市左營區****,0937*****,
120,李雨蓁,107年直轄市議員選舉,首次申報,1071114,個人捐贈收入,李建德,,1000.00,0.00,,金錢,高雄市大樹區****,0910*****,
121,李雨蓁,107年直轄市議員選舉,首次申報,1071114,個人捐贈收入,鄭宗廷,,1000.00,0.00,,金錢,高雄市鳳山區****,0906*****,
122,李雨蓁,107年直轄市議員選舉,首次申報,1071114,個人捐贈收入,陳可杰,,3000.00,0.00,,金錢,高雄市鼓山區****,0931*****,
123,李雨蓁,107年直轄市議員選舉,首次申報,1071115,個人捐贈收入,丁維萱,,1974.00,0.00,,金錢,高雄市新興區****,0956*****,
124,李雨蓁,107年直轄市議員選舉,首次申報,1071115,個人捐贈收入,吳宗秉,,1000.00,0.00,,金錢,新北市汐止區****,0952*****,
125,李雨蓁,107年直轄市議員選舉,首次申報,1071115,個人捐贈收入,王惟正,,3600.00,0.00,,金錢,台南市仁德區****,0919*****,
126,李雨蓁,107年直轄市議員選舉,首次申報,1071115,個人捐贈收入,郭家秀,,2000.00,0.00,,金錢,高雄市鳳山區****,0922*****,
127,李雨蓁,107年直轄市議員選舉,首次申報,1071117,匿名捐贈,匿名,,689.00,0.00,,金錢,,,
128,李雨蓁,107年直轄市議員選舉,首次申報,1071117,個人捐贈收入,林建成,,1974.00,0.00,,金錢,高雄市苓雅區****,0922*****,
129,李雨蓁,107年直轄市議員選舉,首次申報,1071118,個人捐贈收入,彭勤富,,500.00,0.00,,金錢,台東縣臺東市****,0929*****,
130,李雨蓁,107年直轄市議員選舉,首次申報,1071118,個人捐贈收入,陳豐偉,,5000.00,0.00,,金錢,高雄市苓雅區****,0937*****,
131,李雨蓁,107年直轄市議員選舉,首次申報,1071119,個人捐贈收入,陳春旭,,3600.00,0.00,,金錢,新竹市東區水****,0916*****,
132,李雨蓁,107年直轄市議員選舉,首次申報,1071119,匿名捐贈,匿名,,500.00,0.00,,金錢,,,
133,李雨蓁,107年直轄市議員選舉,首次申報,1071120,匿名捐贈,匿名,,5000.00,0.00,,金錢,,,
134,李雨蓁,107年直轄市議員選舉,首次申報,1071120,匿名捐贈,匿名,,5000.00,0.00,,金錢,,,
135,李雨蓁,107年直轄市議員選舉,首次申報,1071121,個人捐贈收入,劉士豪,E12*******,50000.00,0.00,,金錢,高雄市苓雅區****,,
136,李雨蓁,107年直轄市議員選舉,首次申報,1071122,個人捐贈收入,黃耀雄,,799.00,0.00,,金錢,高雄市小港區****,0931*****,
137,李雨蓁,107年直轄市議員選舉,首次申報,1071123,個人捐贈收入,楊佩蓁,,3666.00,0.00,,金錢,高雄市前鎮區****,0935*****,
138,李雨蓁,107年直轄市議員選舉,首次申報,1071123,匿名捐贈,匿名,,100.00,0.00,,金錢,,,
139,李雨蓁,107年直轄市議員選舉,首次申報,1071221,其他收入,利息收入,,13.00,0.00,,金錢,,,
