﻿序號,擬參選人／政黨,選舉名稱,申報序號／年度,交易日期,收支科目,捐贈者／支出對象,身分證／統一編號,收入金額,支出金額,支出用途,金錢類,地址,聯絡電話,資料更正日期
1,林淑姣,107年縣(市)議員選舉,首次申報,1070820,宣傳支出,鶴屋企業行,19760775,0.00,1120.00,宣傳支出,金錢,高雄縣鳳山市****,,
2,林淑姣,107年縣(市)議員選舉,首次申報,1070901,租用競選辦事處支出,蘇翊豪,C12*******,0.00,15000.00,租用競選辦事處支出,金錢,基隆市仁愛區****,,
3,林淑姣,107年縣(市)議員選舉,首次申報,1070903,宣傳支出,東方複印社,76661629,0.00,900.00,宣傳支出,金錢,基隆市北寧路****,,
4,林淑姣,107年縣(市)議員選舉,首次申報,1070905,宣傳支出,光南大批發連鎖店,53618670,0.00,169.00,宣傳支出,金錢,,,
5,林淑姣,107年縣(市)議員選舉,首次申報,1070905,宣傳支出,東方複印社,76661629,0.00,900.00,宣傳支出,金錢,基隆市北寧路****,,
6,林淑姣,107年縣(市)議員選舉,首次申報,1070906,宣傳支出,鶴屋企業行,19760775,0.00,1120.00,宣傳支出,金錢,高雄縣鳳山市****,,
7,林淑姣,107年縣(市)議員選舉,首次申報,1070911,宣傳支出,協和商行,00154709,0.00,150.00,宣傳支出,金錢,基隆市忠三路****,,
8,林淑姣,107年縣(市)議員選舉,首次申報,1070912,宣傳支出,晶晶企業城,26560745,0.00,750.00,宣傳支出,金錢,基隆市劉銘傳****,,
9,林淑姣,107年縣(市)議員選舉,首次申報,1070913,宣傳支出,永泰行,09805204,0.00,850.00,宣傳支出,金錢,基隆市復興路****,,
10,林淑姣,107年縣(市)議員選舉,首次申報,1070913,宣傳支出,鶴屋企業行,19760775,0.00,2450.00,宣傳支出,金錢,高雄縣鳳山市****,,
11,林淑姣,107年縣(市)議員選舉,首次申報,1070917,宣傳支出,和大文化企業有限公司,23238049,0.00,750.00,宣傳支出,金錢,基隆市愛五路****,,
12,林淑姣,107年縣(市)議員選舉,首次申報,1070919,雜支支出,光南大批發連鎖店,53618670,0.00,450.00,雜支支出,金錢,,,
13,林淑姣,107年縣(市)議員選舉,首次申報,1070919,雜支支出,音頤文具有限公司,53640618,0.00,218.00,雜支支出,金錢,基隆市愛二路****,,
14,林淑姣,107年縣(市)議員選舉,首次申報,1070921,宣傳支出,Watsons 屈臣氏,23930816,0.00,1000.00,宣傳支出,金錢,,,
15,林淑姣,107年縣(市)議員選舉,首次申報,1070921,宣傳支出,晶晶企業城,26560745,0.00,450.00,宣傳支出,金錢,基隆市劉銘傳****,,
16,林淑姣,107年縣(市)議員選舉,首次申報,1070921,宣傳支出,晶晶企業城,26560745,0.00,750.00,宣傳支出,金錢,基隆市劉銘傳****,,
17,林淑姣,107年縣(市)議員選舉,首次申報,1070921,宣傳支出,光南大批發連鎖店,53618670,0.00,338.00,宣傳支出,金錢,,,
18,林淑姣,107年縣(市)議員選舉,首次申報,1070923,宣傳支出,POYA 寶雅,51446429,0.00,1815.00,宣傳支出,金錢,,,
19,林淑姣,107年縣(市)議員選舉,首次申報,1070923,宣傳支出,POYA 寶雅,51446429,0.00,825.00,宣傳支出,金錢,,,
20,林淑姣,107年縣(市)議員選舉,首次申報,1070925,宣傳支出,協和商行,00154709,0.00,300.00,宣傳支出,金錢,基隆市忠三路****,,
21,林淑姣,107年縣(市)議員選舉,首次申報,1070925,宣傳支出,祥利名片印章商行,60392156,0.00,9200.00,宣傳支出,金錢,基隆市劉銘傳****,,
22,林淑姣,107年縣(市)議員選舉,首次申報,1070925,宣傳支出,日藥本舖股份有限公司,72762169,0.00,1938.00,宣傳支出,金錢,,,
23,林淑姣,107年縣(市)議員選舉,首次申報,1070927,宣傳支出,協和商行,00154709,0.00,200.00,宣傳支出,金錢,基隆市忠三路****,,
24,林淑姣,107年縣(市)議員選舉,首次申報,1070927,宣傳支出,晶晶企業城,26560745,0.00,750.00,宣傳支出,金錢,基隆市劉銘傳****,,
25,林淑姣,107年縣(市)議員選舉,首次申報,1070928,宣傳支出,日藥本舖股份有限公司,72762169,0.00,798.00,宣傳支出,金錢,,,
26,林淑姣,107年縣(市)議員選舉,首次申報,1070930,宣傳支出,祥利名片印章商行,60392156,0.00,8500.00,宣傳支出,金錢,基隆市劉銘傳****,,
27,林淑姣,107年縣(市)議員選舉,首次申報,1070930,人事費用支出,郭淑美,C22*******,0.00,10000.00,人事費用,金錢,基隆市崇安街****,,
28,林淑姣,107年縣(市)議員選舉,首次申報,1071001,宣傳支出,協和商行,00154709,0.00,150.00,宣傳支出,金錢,基隆市忠三路****,,
29,林淑姣,107年縣(市)議員選舉,首次申報,1071001,租用競選辦事處支出,蘇翊豪,C12*******,0.00,15000.00,租用競選辦事處支出,金錢,基隆市仁愛區****,,
30,林淑姣,107年縣(市)議員選舉,首次申報,1071002,宣傳支出,基隆市光華大廈社區管理委員會,,0.00,2520.00,宣傳支出,金錢,基隆市成功一****,,
31,林淑姣,107年縣(市)議員選舉,首次申報,1071002,宣傳支出,協和商行,00154709,0.00,200.00,宣傳支出,金錢,基隆市忠三路****,,
32,林淑姣,107年縣(市)議員選舉,首次申報,1071002,宣傳支出,晶晶企業城,26560745,0.00,750.00,宣傳支出,金錢,基隆市劉銘傳****,,
33,林淑姣,107年縣(市)議員選舉,首次申報,1071004,宣傳支出,基隆市光華大廈社區管理委員會,,0.00,1500.00,宣傳支出,金錢,基隆市成功一****,,
34,林淑姣,107年縣(市)議員選舉,首次申報,1071005,宣傳支出,協和商行,00154709,0.00,150.00,宣傳支出,金錢,基隆市忠三路****,,
35,林淑姣,107年縣(市)議員選舉,首次申報,1071005,雜支支出,永泰行,09805204,0.00,350.00,雜支支出,金錢,基隆市復興路****,,
36,林淑姣,107年縣(市)議員選舉,首次申報,1071005,宣傳支出,日藥本舖股份有限公司,72762169,0.00,855.00,宣傳支出,金錢,,,
37,林淑姣,107年縣(市)議員選舉,首次申報,1071006,宣傳支出,光南大批發連鎖店,53618670,0.00,338.00,宣傳支出,金錢,,,
38,林淑姣,107年縣(市)議員選舉,首次申報,1071008,宣傳支出,光南大批發連鎖店,53618670,0.00,189.00,宣傳支出,金錢,,,
39,林淑姣,107年縣(市)議員選舉,首次申報,1071010,宣傳支出,永泰行,09805204,0.00,419.00,宣傳支出,金錢,基隆市復興路****,,
40,林淑姣,107年縣(市)議員選舉,首次申報,1071010,宣傳支出,光南大批發連鎖店,53618670,0.00,298.00,宣傳支出,金錢,,,
41,林淑姣,107年縣(市)議員選舉,首次申報,1071010,宣傳支出,東方複印社,76661629,0.00,2300.00,宣傳支出,金錢,基隆市北寧路****,,
42,林淑姣,107年縣(市)議員選舉,首次申報,1071011,宣傳支出,孝三路郵局,,0.00,183.00,宣傳支出,金錢,,,
43,林淑姣,107年縣(市)議員選舉,首次申報,1071011,宣傳支出,光南大批發連鎖店,53618670,0.00,358.00,宣傳支出,金錢,,,
44,林淑姣,107年縣(市)議員選舉,首次申報,1071012,宣傳支出,孝三路郵局,,0.00,1123.00,宣傳支出,金錢,,,
45,林淑姣,107年縣(市)議員選舉,首次申報,1071012,宣傳支出,孝三路郵局,,0.00,1098.00,宣傳支出,金錢,,,
46,林淑姣,107年縣(市)議員選舉,首次申報,1071012,雜支支出,德昌食品行,60387203,0.00,700.00,雜支支出,金錢,基隆市仁四路****,,
47,林淑姣,107年縣(市)議員選舉,首次申報,1071012,雜支支出,德昌食品行,60387203,0.00,600.00,雜支支出,金錢,基隆市仁四路****,,
48,林淑姣,107年縣(市)議員選舉,首次申報,1071015,宣傳支出,孝三路郵局,,0.00,532.00,宣傳支出,金錢,,,
49,林淑姣,107年縣(市)議員選舉,首次申報,1071015,宣傳支出,孝三路郵局,,0.00,312.00,宣傳支出,金錢,,,
50,林淑姣,107年縣(市)議員選舉,首次申報,1071015,雜支支出,台灣電力公司,00423107,0.00,304.00,雜支支出,金錢,基隆市仁一路****,,
51,林淑姣,107年縣(市)議員選舉,首次申報,1071017,宣傳支出,孝三路郵局,,0.00,180.00,宣傳支出,金錢,,,
52,林淑姣,107年縣(市)議員選舉,首次申報,1071017,宣傳支出,鶴屋企業行,19760775,0.00,1613.00,宣傳支出,金錢,高雄縣鳳山市****,,
53,林淑姣,107年縣(市)議員選舉,首次申報,1071019,雜支支出,千益電器行,00808530,0.00,900.00,雜支支出,金錢,基隆市孝二路****,,
54,林淑姣,107年縣(市)議員選舉,首次申報,1071019,雜支支出,鎖大夫行,00944654,0.00,88.00,雜支支出,金錢,基隆市中正路****,,
55,林淑姣,107年縣(市)議員選舉,首次申報,1071019,雜支支出,鎖大夫行,00944654,0.00,100.00,雜支支出,金錢,基隆市中正路****,,
56,林淑姣,107年縣(市)議員選舉,首次申報,1071019,雜支支出,光南大批發連鎖店,53618670,0.00,226.00,雜支支出,金錢,,,
57,林淑姣,107年縣(市)議員選舉,首次申報,1071020,集會支出,小周水果行,,0.00,1200.00,集會支出,金錢,基隆市成功一****,,
58,林淑姣,107年縣(市)議員選舉,首次申報,1071020,集會支出,創憶道具服裝出租,,0.00,1200.00,集會支出,金錢,台北市萬華區****,,
59,林淑姣,107年縣(市)議員選舉,首次申報,1071020,集會支出,福生布莊,00403806,0.00,2200.00,集會支出,金錢,基隆市愛二路****,,
60,林淑姣,107年縣(市)議員選舉,首次申報,1071020,集會支出,龍門園藝社,00713611,0.00,1100.00,集會支出,金錢,基隆市愛一路****,,
61,林淑姣,107年縣(市)議員選舉,首次申報,1071020,雜支支出,永泰行,09805204,0.00,180.00,雜支支出,金錢,基隆市復興路****,,
62,林淑姣,107年縣(市)議員選舉,首次申報,1071020,集會支出,佳美點心專賣店,09848246,0.00,1860.00,集會支出,金錢,基隆市愛二路****,,
63,林淑姣,107年縣(市)議員選舉,首次申報,1071020,集會支出,佳美點心專賣店,09848246,0.00,2250.00,集會支出,金錢,基隆市仁愛區****,,
64,林淑姣,107年縣(市)議員選舉,首次申報,1071020,集會支出,國田西點麵包坊,42217086,0.00,1320.00,集會支出,金錢,基隆市獅球路****,,
65,林淑姣,107年縣(市)議員選舉,首次申報,1071020,集會支出,德昌食品行,60387203,0.00,1260.00,集會支出,金錢,基隆市仁四路****,,
66,林淑姣,107年縣(市)議員選舉,首次申報,1071020,集會支出,阿秋音響出租店,77713300,0.00,36100.00,集會支出,金錢,基隆市信義區****,,
67,林淑姣,107年縣(市)議員選舉,首次申報,1071024,雜支支出,三立便利商店,00888787,0.00,350.00,雜支支出,金錢,基隆市南榮路****,,
68,林淑姣,107年縣(市)議員選舉,首次申報,1071024,雜支支出,三立便利商店,00888787,0.00,150.00,雜支支出,金錢,基隆市南榮路****,,
69,林淑姣,107年縣(市)議員選舉,首次申報,1071024,宣傳支出,祥利名片印章商行,60392156,0.00,7700.00,宣傳支出,金錢,基隆市劉銘傳****,,
70,林淑姣,107年縣(市)議員選舉,首次申報,1071025,宣傳支出,全聯福利中心,27923484,0.00,754.00,宣傳支出,金錢,,,
71,林淑姣,107年縣(市)議員選舉,首次申報,1071025,宣傳支出,全聯福利中心,53003955,0.00,765.00,宣傳支出,金錢,,,
72,林淑姣,107年縣(市)議員選舉,首次申報,1071026,宣傳支出,全聯福利中心,28984229,0.00,408.00,宣傳支出,金錢,,,
73,林淑姣,107年縣(市)議員選舉,首次申報,1071026,宣傳支出,全聯福利中心,54378831,0.00,561.00,宣傳支出,金錢,,,
74,林淑姣,107年縣(市)議員選舉,首次申報,1071027,宣傳支出,全聯福利中心,27923484,0.00,316.00,宣傳支出,金錢,,,
75,林淑姣,107年縣(市)議員選舉,首次申報,1071027,宣傳支出,全聯福利中心,27923484,0.00,198.00,宣傳支出,金錢,,,
76,林淑姣,107年縣(市)議員選舉,首次申報,1071027,宣傳支出,全聯福利中心,54378831,0.00,450.00,宣傳支出,金錢,,,
77,林淑姣,107年縣(市)議員選舉,首次申報,1071029,宣傳支出,鶴屋企業行,19760775,0.00,1120.00,宣傳支出,金錢,高雄縣鳳山市****,,
78,林淑姣,107年縣(市)議員選舉,首次申報,1071029,宣傳支出,全聯福利中心,27923484,0.00,765.00,宣傳支出,金錢,,,
79,林淑姣,107年縣(市)議員選舉,首次申報,1071029,宣傳支出,全聯福利中心,53003955,0.00,714.00,宣傳支出,金錢,,,
80,林淑姣,107年縣(市)議員選舉,首次申報,1071031,集會支出,小周水果行,,0.00,700.00,集會支出,金錢,基隆市成功一****,,
81,林淑姣,107年縣(市)議員選舉,首次申報,1071031,雜支支出,小周水果行,,0.00,900.00,雜支支出,金錢,基隆市成功一****,,
82,林淑姣,107年縣(市)議員選舉,首次申報,1071031,雜支支出,三立便利商店,00888787,0.00,150.00,雜支支出,金錢,基隆市南榮路****,,
83,林淑姣,107年縣(市)議員選舉,首次申報,1071031,集會支出,基隆游花坊,14440465,0.00,5200.00,集會支出,金錢,基隆市成功一****,,
84,林淑姣,107年縣(市)議員選舉,首次申報,1071031,集會支出,佳和商行,18295337,0.00,2600.00,集會支出,金錢,基隆市成功一****,,
85,林淑姣,107年縣(市)議員選舉,首次申報,1071031,宣傳支出,全聯福利中心,27923484,0.00,622.00,宣傳支出,金錢,,,
86,林淑姣,107年縣(市)議員選舉,首次申報,1071031,宣傳支出,全聯福利中心,28984229,0.00,918.00,宣傳支出,金錢,,,
87,林淑姣,107年縣(市)議員選舉,首次申報,1071031,宣傳支出,全聯福利中心,28984229,0.00,306.00,宣傳支出,金錢,,,
88,林淑姣,107年縣(市)議員選舉,首次申報,1071031,宣傳支出,祥利名片印章商行,60392156,0.00,9700.00,宣傳支出,金錢,基隆市劉銘傳****,,
89,林淑姣,107年縣(市)議員選舉,首次申報,1071031,人事費用支出,郭淑美,C22*******,0.00,10000.00,人事費用,金錢,基隆市崇安街****,,
90,林淑姣,107年縣(市)議員選舉,首次申報,1071101,宣傳支出,全聯福利中心,28984229,0.00,869.00,宣傳支出,金錢,,,
91,林淑姣,107年縣(市)議員選舉,首次申報,1071101,宣傳支出,全聯福利中心,53003955,0.00,316.00,宣傳支出,金錢,,,
92,林淑姣,107年縣(市)議員選舉,首次申報,1071101,宣傳支出,協盟商行,77713821,0.00,130.00,宣傳支出,金錢,基隆市華二街****,,
93,林淑姣,107年縣(市)議員選舉,首次申報,1071101,租用競選辦事處支出,蘇翊豪,C12*******,0.00,15000.00,租用競選辦事處支出,金錢,基隆市仁愛區****,,
94,林淑姣,107年縣(市)議員選舉,首次申報,1071102,宣傳支出,祥利名片印章商行,60392156,0.00,9400.00,宣傳支出,金錢,基隆市劉銘傳****,,
95,林淑姣,107年縣(市)議員選舉,首次申報,1071103,宣傳支出,協和商店,00154709,0.00,200.00,宣傳支出,金錢,基隆市忠三路****,,
96,林淑姣,107年縣(市)議員選舉,首次申報,1071103,宣傳支出,全聯福利中心,53003955,0.00,195.00,宣傳支出,金錢,,,
97,林淑姣,107年縣(市)議員選舉,首次申報,1071103,宣傳支出,光南大批發連鎖店,53618670,0.00,567.00,宣傳支出,金錢,,,
98,林淑姣,107年縣(市)議員選舉,首次申報,1071104,宣傳支出,全聯福利中心,27923484,0.00,316.00,宣傳支出,金錢,,,
99,林淑姣,107年縣(市)議員選舉,首次申報,1071104,宣傳支出,全聯福利中心,53003955,0.00,316.00,宣傳支出,金錢,,,
100,林淑姣,107年縣(市)議員選舉,首次申報,1071105,雜支支出,小周水果行,,0.00,850.00,雜支支出,金錢,基隆市成功一****,,
101,林淑姣,107年縣(市)議員選舉,首次申報,1071105,宣傳支出,協和商店,00154709,0.00,200.00,宣傳支出,金錢,基隆市忠三路****,,
102,林淑姣,107年縣(市)議員選舉,首次申報,1071105,宣傳支出,協和商店,00154709,0.00,200.00,宣傳支出,金錢,基隆市忠三路****,,
103,林淑姣,107年縣(市)議員選舉,首次申報,1071105,雜支支出,三立便利商店,00888787,0.00,145.00,雜支支出,金錢,基隆市南榮路****,,
104,林淑姣,107年縣(市)議員選舉,首次申報,1071105,宣傳支出,晶晶企業城,26560745,0.00,625.00,宣傳支出,金錢,基隆市劉銘傳****,,
105,林淑姣,107年縣(市)議員選舉,首次申報,1071105,宣傳支出,全聯福利中心,53003955,0.00,707.00,宣傳支出,金錢,,,
106,林淑姣,107年縣(市)議員選舉,首次申報,1071105,雜支支出,德昌食品行,60387203,0.00,200.00,雜支支出,金錢,基隆市仁四路****,,
107,林淑姣,107年縣(市)議員選舉,首次申報,1071105,宣傳支出,祥利名片印章商行,60392156,0.00,8700.00,宣傳支出,金錢,基隆市劉銘傳****,,
108,林淑姣,107年縣(市)議員選舉,首次申報,1071107,集會支出,小周水果行,,0.00,1100.00,集會支出,金錢,基隆市成功一****,,
109,林淑姣,107年縣(市)議員選舉,首次申報,1071107,集會支出,三立便利商店,00888787,0.00,160.00,集會支出,金錢,基隆市南榮路****,,
110,林淑姣,107年縣(市)議員選舉,首次申報,1071107,集會支出,金香西點麵包店,04787157,0.00,1000.00,集會支出,金錢,基隆市武聖街****,,
111,林淑姣,107年縣(市)議員選舉,首次申報,1071107,集會支出,佳美點心專賣店,09848246,0.00,1110.00,集會支出,金錢,基隆市愛二路****,,
112,林淑姣,107年縣(市)議員選舉,首次申報,1071107,集會支出,佳美點心專賣店,09848246,0.00,600.00,集會支出,金錢,基隆市愛二路****,,
113,林淑姣,107年縣(市)議員選舉,首次申報,1071107,宣傳支出,祥利名片印章商行,60392156,0.00,8500.00,宣傳支出,金錢,基隆市劉銘傳****,,
114,林淑姣,107年縣(市)議員選舉,首次申報,1071107,集會支出,周明治蛋糕店,66960774,0.00,1500.00,集會支出,金錢,基隆市愛一路****,,
115,林淑姣,107年縣(市)議員選舉,首次申報,1071110,宣傳支出,祥利名片印章商行,60392156,0.00,7500.00,宣傳支出,金錢,基隆市劉銘傳****,,
116,林淑姣,107年縣(市)議員選舉,首次申報,1071110,宣傳支出,祥利名片印章商行,60392156,0.00,7600.00,宣傳支出,金錢,基隆市劉銘傳****,,
117,林淑姣,107年縣(市)議員選舉,首次申報,1071111,宣傳支出,全聯福利中心,27923484,0.00,553.00,宣傳支出,金錢,,,
118,林淑姣,107年縣(市)議員選舉,首次申報,1071111,宣傳支出,光南大批發連鎖店,53618670,0.00,398.00,宣傳支出,金錢,,,
119,林淑姣,107年縣(市)議員選舉,首次申報,1071112,宣傳支出,張聰明地政士事務所,,0.00,2200.00,宣傳支出,金錢,基隆市仁愛區****,,
120,林淑姣,107年縣(市)議員選舉,首次申報,1071112,宣傳支出,協和商店,00154709,0.00,200.00,宣傳支出,金錢,基隆市忠三路****,,
121,林淑姣,107年縣(市)議員選舉,首次申報,1071112,宣傳支出,晶晶企業城,26560745,0.00,625.00,宣傳支出,金錢,基隆市劉銘傳****,,
122,林淑姣,107年縣(市)議員選舉,首次申報,1071113,集會支出,小周水果行,,0.00,1900.00,集會支出,金錢,基隆市成功一****,,
123,林淑姣,107年縣(市)議員選舉,首次申報,1071113,集會支出,金香西點麵包店,04787157,0.00,1000.00,集會支出,金錢,基隆市武聖街****,,
124,林淑姣,107年縣(市)議員選舉,首次申報,1071113,集會支出,佳美點心專賣店,09848246,0.00,1050.00,集會支出,金錢,基隆市愛二路****,,
125,林淑姣,107年縣(市)議員選舉,首次申報,1071113,集會支出,佳美點心專賣店,09848246,0.00,900.00,集會支出,金錢,基隆市愛二路****,,
126,林淑姣,107年縣(市)議員選舉,首次申報,1071113,集會支出,基隆游花坊,14440465,0.00,5600.00,集會支出,金錢,基隆市成功一****,,
127,林淑姣,107年縣(市)議員選舉,首次申報,1071113,集會支出,國田西點麵包坊,42217086,0.00,980.00,集會支出,金錢,基隆市獅球路****,,
128,林淑姣,107年縣(市)議員選舉,首次申報,1071114,租用宣傳車輛支出,王智暉,C10*******,0.00,17500.00,宣傳車,金錢,基隆市仁愛區****,,
129,林淑姣,107年縣(市)議員選舉,首次申報,1071115,宣傳支出,全聯福利中心,27923484,0.00,316.00,宣傳支出,金錢,,,
130,林淑姣,107年縣(市)議員選舉,首次申報,1071115,宣傳支出,全聯福利中心,53003955,0.00,474.00,宣傳支出,金錢,,,
131,林淑姣,107年縣(市)議員選舉,首次申報,1071115,宣傳支出,協盟商行,77713821,0.00,200.00,宣傳支出,金錢,基隆市華二街****,,
132,林淑姣,107年縣(市)議員選舉,首次申報,1071116,雜支支出,小周水果行,,0.00,800.00,雜支支出,金錢,基隆市成功一****,,
133,林淑姣,107年縣(市)議員選舉,首次申報,1071116,宣傳支出,晶晶企業城,26560745,0.00,625.00,宣傳支出,金錢,基隆市劉銘傳****,,
134,林淑姣,107年縣(市)議員選舉,首次申報,1071116,宣傳支出,全聯福利中心,28984229,0.00,1384.00,宣傳支出,金錢,,,
135,林淑姣,107年縣(市)議員選舉,首次申報,1071117,宣傳支出,協盟商行,77713821,0.00,230.00,宣傳支出,金錢,基隆市華二街****,,
136,林淑姣,107年縣(市)議員選舉,首次申報,1071117,租用宣傳車輛支出,王智暉,C10*******,0.00,15000.00,宣傳車,金錢,基隆市仁愛區****,,
137,林淑姣,107年縣(市)議員選舉,首次申報,1071119,宣傳支出,孝三路郵局,,0.00,420.00,宣傳支出,金錢,,,
138,林淑姣,107年縣(市)議員選舉,首次申報,1071119,宣傳支出,晶晶企業城,26560745,0.00,625.00,宣傳支出,金錢,基隆市劉銘傳****,,
139,林淑姣,107年縣(市)議員選舉,首次申報,1071119,宣傳支出,全聯福利中心,27923484,0.00,1011.00,宣傳支出,金錢,,,
140,林淑姣,107年縣(市)議員選舉,首次申報,1071119,宣傳支出,全聯福利中心,53003955,0.00,1010.00,宣傳支出,金錢,,,
141,林淑姣,107年縣(市)議員選舉,首次申報,1071119,宣傳支出,光南大批發連鎖店,53618670,0.00,378.00,宣傳支出,金錢,,,
142,林淑姣,107年縣(市)議員選舉,首次申報,1071119,租用宣傳車輛支出,王智暉,C10*******,0.00,17500.00,宣傳車,金錢,基隆市仁愛區****,,
143,林淑姣,107年縣(市)議員選舉,首次申報,1071120,宣傳支出,孝三路郵局,,0.00,624.00,宣傳支出,金錢,,,
144,林淑姣,107年縣(市)議員選舉,首次申報,1071120,雜支支出,佳美點心專賣店,09848246,0.00,1950.00,雜支支出,金錢,基隆市愛二路****,,
145,林淑姣,107年縣(市)議員選舉,首次申報,1071120,宣傳支出,7-ELEVEN,16439371,0.00,620.00,宣傳支出,金錢,,,
146,林淑姣,107年縣(市)議員選舉,首次申報,1071120,宣傳支出,全聯福利中心,27923484,0.00,707.00,宣傳支出,金錢,,,
147,林淑姣,107年縣(市)議員選舉,首次申報,1071121,宣傳支出,張聰明地政士事務所,,0.00,2200.00,宣傳支出,金錢,基隆市仁愛區****,,
148,林淑姣,107年縣(市)議員選舉,首次申報,1071121,宣傳支出,協和商店,00154709,0.00,200.00,宣傳支出,金錢,基隆市忠三路****,,
149,林淑姣,107年縣(市)議員選舉,首次申報,1071121,宣傳支出,晶晶企業城,26560745,0.00,625.00,宣傳支出,金錢,基隆市劉銘傳****,,
150,林淑姣,107年縣(市)議員選舉,首次申報,1071121,宣傳支出,全聯福利中心,27923484,0.00,1166.00,宣傳支出,金錢,,,
151,林淑姣,107年縣(市)議員選舉,首次申報,1071121,宣傳支出,全聯福利中心,53003955,0.00,619.00,宣傳支出,金錢,,,
152,林淑姣,107年縣(市)議員選舉,首次申報,1071122,宣傳支出,大福禮儀造墓公司,00903226,0.00,30000.00,宣傳支出,金錢,基隆市南榮路****,,
153,林淑姣,107年縣(市)議員選舉,首次申報,1071122,宣傳支出,全聯福利中心,27923484,0.00,922.00,宣傳支出,金錢,,,
154,林淑姣,107年縣(市)議員選舉,首次申報,1071123,雜支支出,小周水果行,,0.00,950.00,雜支支出,金錢,基隆市成功一****,,
155,林淑姣,107年縣(市)議員選舉,首次申報,1071123,雜支支出,佳美點心專賣店,09848246,0.00,1890.00,雜支支出,金錢,基隆市愛二路****,,
156,林淑姣,107年縣(市)議員選舉,首次申報,1071123,雜支支出,佳美點心專賣店,09848246,0.00,1740.00,雜支支出,金錢,基隆市愛二路****,,
157,林淑姣,107年縣(市)議員選舉,首次申報,1071124,雜支支出,佳美點心專賣店,09848246,0.00,2070.00,雜支支出,金錢,基隆市愛二路****,,
158,林淑姣,107年縣(市)議員選舉,首次申報,1071124,雜支支出,佳美點心專賣店,09848246,0.00,975.00,雜支支出,金錢,基隆市愛二路****,,
159,林淑姣,107年縣(市)議員選舉,首次申報,1071126,雜支支出,中華電信(股)公司,81817257,0.00,2664.00,雜支支出,金錢,基隆市安樂路****,,
160,林淑姣,107年縣(市)議員選舉,首次申報,1071129,人事費用支出,郭淑美,C22*******,0.00,10000.00,人事費用,金錢,基隆市崇安街****,,
161,林淑姣,107年縣(市)議員選舉,首次申報,1071203,宣傳支出,袋來好禮有限公司,53381838,0.00,20449.00,宣傳支出,金錢,彰化縣彰化市****,,
162,林淑姣,107年縣(市)議員選舉,首次申報,1071204,宣傳支出,袋來好禮有限公司,53381838,0.00,14173.00,宣傳支出,金錢,彰化縣彰化市****,,
163,林淑姣,107年縣(市)議員選舉,首次申報,1071205,宣傳支出,袋來好禮有限公司,53381838,0.00,21578.00,宣傳支出,金錢,彰化縣彰化市****,,
164,林淑姣,107年縣(市)議員選舉,首次申報,1071210,宣傳支出,宏祥美術廣告工程行,00868446,0.00,105000.00,宣傳支出,金錢,基隆市深溪路****,,
165,林淑姣,107年縣(市)議員選舉,首次申報,1071220,宣傳支出,紅點企業社,09745305,0.00,8100.00,宣傳支出,金錢,基隆市安和二****,,
166,林淑姣,107年縣(市)議員選舉,首次申報,1071220,宣傳支出,原創視覺設計社,09975538,0.00,10500.00,宣傳支出,金錢,新竹市民生路****,,
167,林淑姣,107年縣(市)議員選舉,首次申報,1071224,雜支支出,台灣電力公司,00423107,0.00,2140.00,雜支支出,金錢,基隆市仁一路****,,
168,林淑姣,107年縣(市)議員選舉,首次申報,1071224,雜支支出,台灣自來水(股)公司,00904745,0.00,36.00,雜支支出,金錢,基隆市義一路****,,
169,林淑姣,107年縣(市)議員選舉,首次申報,1071224,雜支支出,台灣自來水(股)公司,00904745,0.00,70.00,雜支支出,金錢,基隆市義一路****,,
