﻿序號,擬參選人／政黨,選舉名稱,申報序號／年度,交易日期,收支科目,捐贈者／支出對象,身分證／統一編號,收入金額,支出金額,支出用途,金錢類,地址,聯絡電話,資料更正日期
1,彭子軒,109年立法委員選舉,首次申報,1081027,個人捐贈收入,傅傳志,L12*******,100.00,0.00,,金錢,臺中市太平區****,0953*****,
2,彭子軒,109年立法委員選舉,首次申報,1081030,個人捐贈收入,傅傳志,L12*******,5000.00,0.00,,金錢,臺中市太平區****,0953*****,
3,彭子軒,109年立法委員選舉,首次申報,1081201,個人捐贈收入,張佳情,F10*******,10000.00,0.00,,非金錢,,,
4,彭子軒,109年立法委員選舉,首次申報,1081203,個人捐贈收入,陳繼堯,R12*******,50000.00,0.00,,金錢,臺南市南區萬****,0916*****,
5,彭子軒,109年立法委員選舉,首次申報,1081207,個人捐贈收入,王愛美,A20*******,20000.00,0.00,,金錢,臺北市文山區****,,
6,彭子軒,109年立法委員選舉,首次申報,1081208,匿名捐贈,匿名1,,1000.00,0.00,,金錢,,,
7,彭子軒,109年立法委員選舉,首次申報,1081212,匿名捐贈,陳鴻業,,6600.00,0.00,,金錢,,,
8,彭子軒,109年立法委員選舉,首次申報,1081216,匿名捐贈,匿名2,,1000.00,0.00,,金錢,,,
9,彭子軒,109年立法委員選舉,首次申報,1081221,其他收入,利息收入,,2.00,0.00,,金錢,,,
