﻿序號,擬參選人／政黨,選舉名稱,申報序號／年度,交易日期,收支科目,捐贈者／支出對象,身分證／統一編號,收入金額,支出金額,捐贈方式,存入專戶日期,返還/繳庫,支出用途,金錢類,地址,聯絡電話,應揭露之支出對象,支出對象之內部人員姓名,支出對象之內部人員職稱,政黨之內部人員姓名,政黨之內部人員職稱,關係,更正註記,資料更正日期
1,周秀月,111年雲林縣議員選舉,首次申報,1110708,匿名捐贈,匿名,,1.00,0.00,匯款,1110708,,,金錢,,,,,,,,,,
2,周秀月,111年雲林縣議員選舉,首次申報,1110714,個人捐贈收入,周秀琴,P20*******,6600.00,0.00,匯款,1110714,,,金錢,臺北市北投區****,0920*****,,,,,,,,
3,周秀月,111年雲林縣議員選舉,首次申報,1110719,匿名捐贈,匿名1,,488.00,0.00,匯款,1110719,,,金錢,,,,,,,,,,
4,周秀月,111年雲林縣議員選舉,首次申報,1110804,個人捐贈收入,張何碧魚,P20*******,19540.00,0.00,匯款,1110804,,,金錢,雲林縣斗六市****,,,,,,,,,
5,周秀月,111年雲林縣議員選舉,首次申報,1110822,營利事業捐贈收入,樂佩創意工作室,82488850,58620.00,0.00,匯款,1110822,,,金錢,雲林縣斗六市****,,,,,,,,,
6,周秀月,111年雲林縣議員選舉,首次申報,1111014,營利事業捐贈收入,力捷欣股份有限公司,16900793,60000.00,0.00,票據,1111017,,,金錢,彰化縣員林鎮****,04-8*****,,,,,,,,
7,周秀月,111年雲林縣議員選舉,首次申報,1111028,個人捐贈收入,李佳隆,P12*******,50000.00,0.00,現金,1111101,,,金錢,雲林縣斗六市****,0932*****,,,,,,,,
8,周秀月,111年雲林縣議員選舉,首次申報,1111031,營利事業捐贈收入,福懋興業股份有限公司,14001199,100000.00,0.00,票據,1111103,,,金錢,雲林縣斗六市****,05-5*****,,,,,,,,
9,周秀月,111年雲林縣議員選舉,首次申報,1111120,個人捐贈收入,林慶春,P12*******,2000.00,0.00,現金,1111124,,,金錢,雲林縣斗六市****,05-5*****,,,,,,,,
10,周秀月,111年雲林縣議員選舉,首次申報,1111125,匿名捐贈,匿名2,,6000.00,0.00,匯款,1111125,,,金錢,,,,,,,,,,
