﻿序號,擬參選人／政黨,選舉名稱,申報序號／年度,交易日期,收支科目,捐贈者／支出對象,身分證／統一編號,收入金額,支出金額,支出用途,金錢類,地址,聯絡電話,資料更正日期
1,鄭文婷,107年縣(市)議員選舉,首次申報,1070516,個人捐贈收入,蔡順雄,A12*******,100000.00,0.00,,金錢,台北市大安區****,,
2,鄭文婷,107年縣(市)議員選舉,首次申報,1070516,個人捐贈收入,林仲章,C12*******,20000.00,0.00,,金錢,新竹縣竹北市****,,
3,鄭文婷,107年縣(市)議員選舉,首次申報,1070516,個人捐贈收入,陳峰富,S10*******,10000.00,0.00,,金錢,臺北市中正區****,,
4,鄭文婷,107年縣(市)議員選舉,首次申報,1070517,匿名捐贈,匿名,,10000.00,0.00,,金錢,,,
5,鄭文婷,107年縣(市)議員選舉,首次申報,1070517,營利事業捐贈收入,三益事業有限公司,28774244,100000.00,0.00,,金錢,臺南市北區文****,,
6,鄭文婷,107年縣(市)議員選舉,首次申報,1070517,個人捐贈收入,張宏碩,A10*******,10000.00,0.00,,金錢,臺北市敦化北****,,
7,鄭文婷,107年縣(市)議員選舉,首次申報,1070517,個人捐贈收入,李仁勇,F12*******,10000.00,0.00,,金錢,台北市中山區****,,
8,鄭文婷,107年縣(市)議員選舉,首次申報,1070517,個人捐贈收入,張献祥,R12*******,20000.00,0.00,,金錢,台北市內湖區****,,
9,鄭文婷,107年縣(市)議員選舉,首次申報,1070518,個人捐贈收入,陳智義,A12*******,10000.00,0.00,,金錢,桃園市桃園區****,,
10,鄭文婷,107年縣(市)議員選舉,首次申報,1070518,個人捐贈收入,侯良杰,D12*******,10000.00,0.00,,金錢,新北市蘆洲區****,,
11,鄭文婷,107年縣(市)議員選舉,首次申報,1070518,個人捐贈收入,張献祥,R12*******,80000.00,0.00,,金錢,台北市內湖區****,,
12,鄭文婷,107年縣(市)議員選舉,首次申報,1070518,個人捐贈收入,徐渧薽,R22*******,100000.00,0.00,,金錢,臺北市內湖區****,,
13,鄭文婷,107年縣(市)議員選舉,首次申報,1070520,個人捐贈收入,陳建勳,A12*******,20000.00,0.00,,金錢,臺北市中山區****,,
14,鄭文婷,107年縣(市)議員選舉,首次申報,1070521,個人捐贈收入,林清暉,A12*******,50000.00,0.00,,金錢,臺北市北投區****,,
15,鄭文婷,107年縣(市)議員選舉,首次申報,1070521,個人捐贈收入,盧明珠,A20*******,100000.00,0.00,,金錢,台北市中山北****,,
16,鄭文婷,107年縣(市)議員選舉,首次申報,1070521,個人捐贈收入,王定乾,F12*******,100000.00,0.00,,金錢,臺北市中正區****,,
17,鄭文婷,107年縣(市)議員選舉,首次申報,1070521,個人捐贈收入,徐瑞源,H12*******,20000.00,0.00,,金錢,桃園市平鎮區****,,
18,鄭文婷,107年縣(市)議員選舉,首次申報,1070521,個人捐贈收入,羅仁之,H12*******,20000.00,0.00,,金錢,桃園市龍潭區****,,
19,鄭文婷,107年縣(市)議員選舉,首次申報,1070521,個人捐贈收入,葉景裕,L12*******,10000.00,0.00,,金錢,台北市信義區****,,
20,鄭文婷,107年縣(市)議員選舉,首次申報,1070521,個人捐贈收入,鄭欽華,V12*******,50000.00,0.00,,金錢,臺北市中山區****,,
21,鄭文婷,107年縣(市)議員選舉,首次申報,1070522,個人捐贈收入,徐國容,A12*******,10000.00,0.00,,金錢,新北市林口區****,,
22,鄭文婷,107年縣(市)議員選舉,首次申報,1070522,個人捐贈收入,蘇炯忠,D12*******,30000.00,0.00,,金錢,臺北市中正區****,,
23,鄭文婷,107年縣(市)議員選舉,首次申報,1070522,個人捐贈收入,許正和,F10*******,100000.00,0.00,,金錢,新北市新店區****,,
24,鄭文婷,107年縣(市)議員選舉,首次申報,1070522,個人捐贈收入,張士達,F12*******,50000.00,0.00,,金錢,台北市松山區****,,
25,鄭文婷,107年縣(市)議員選舉,首次申報,1070522,個人捐贈收入,鄭中行,F12*******,30000.00,0.00,,金錢,新北市中和區****,,
26,鄭文婷,107年縣(市)議員選舉,首次申報,1070522,個人捐贈收入,范瑞華,J22*******,10000.00,0.00,,金錢,台北市仁愛路****,,
27,鄭文婷,107年縣(市)議員選舉,首次申報,1070522,個人捐贈收入,陳奐文,T12*******,10000.00,0.00,,金錢,新北市林口區****,,
28,鄭文婷,107年縣(市)議員選舉,首次申報,1070522,個人捐贈收入,李文堂,Y12*******,12000.00,0.00,,金錢,台北市和平東****,,
29,鄭文婷,107年縣(市)議員選舉,首次申報,1070522,個人捐贈收入,連元龍,Y12*******,50000.00,0.00,,金錢,台北市中正區****,,
30,鄭文婷,107年縣(市)議員選舉,首次申報,1070522,個人捐贈收入,張華倚,Y22*******,10000.00,0.00,,金錢,臺北市民生東****,,
31,鄭文婷,107年縣(市)議員選舉,首次申報,1070523,營利事業捐贈收入,博暉科技股份有限公司,70539165,100000.00,0.00,,金錢,臺北市內湖區****,,
32,鄭文婷,107年縣(市)議員選舉,首次申報,1070523,個人捐贈收入,陳玄祐,A12*******,10000.00,0.00,,金錢,臺北市民生東****,,
33,鄭文婷,107年縣(市)議員選舉,首次申報,1070523,個人捐贈收入,王昱翰,A12*******,100000.00,0.00,,金錢,台北市建國北****,,
34,鄭文婷,107年縣(市)議員選舉,首次申報,1070523,個人捐贈收入,王文賢,A12*******,100000.00,0.00,,金錢,台北市建國北****,,
35,鄭文婷,107年縣(市)議員選舉,首次申報,1070523,個人捐贈收入,張乃文,A22*******,10000.00,0.00,,金錢,台北市中山北****,,
36,鄭文婷,107年縣(市)議員選舉,首次申報,1070523,個人捐贈收入,莊淑娟,Q22*******,10000.00,0.00,,金錢,臺北市重慶南****,,
37,鄭文婷,107年縣(市)議員選舉,首次申報,1070523,個人捐贈收入,蔡靜如,Y20*******,10000.00,0.00,,金錢,台北市士林區****,,
38,鄭文婷,107年縣(市)議員選舉,首次申報,1070524,個人捐贈收入,周志宏,A10*******,10000.00,0.00,,金錢,台北市辛亥路****,,
39,鄭文婷,107年縣(市)議員選舉,首次申報,1070524,個人捐贈收入,陳舜璽,A22*******,20000.00,0.00,,金錢,台北市中山區****,,
40,鄭文婷,107年縣(市)議員選舉,首次申報,1070524,個人捐贈收入,周筱玲,A22*******,50000.00,0.00,,金錢,臺北市中山區****,,
41,鄭文婷,107年縣(市)議員選舉,首次申報,1070524,個人捐贈收入,陳仁豪,B12*******,10000.00,0.00,,金錢,高雄市南梓區****,,
42,鄭文婷,107年縣(市)議員選舉,首次申報,1070524,個人捐贈收入,賴鴻洲,C12*******,50000.00,0.00,,金錢,臺北市信義路****,,
43,鄭文婷,107年縣(市)議員選舉,首次申報,1070524,個人捐贈收入,鄭獻政,F12*******,5000.00,0.00,,金錢,台北市南港區****,,
44,鄭文婷,107年縣(市)議員選舉,首次申報,1070524,個人捐贈收入,郭靖中,F12*******,10000.00,0.00,,金錢,臺北市大安區****,,
45,鄭文婷,107年縣(市)議員選舉,首次申報,1070524,個人捐贈收入,高有洪,N12*******,10000.00,0.00,,金錢,台北市長安西****,,
46,鄭文婷,107年縣(市)議員選舉,首次申報,1070524,個人捐贈收入,陳志一,P12*******,20000.00,0.00,,金錢,台北市大安區****,,
47,鄭文婷,107年縣(市)議員選舉,首次申報,1070524,個人捐贈收入,施春成,Q12*******,50000.00,0.00,,金錢,新北市五股區****,,
48,鄭文婷,107年縣(市)議員選舉,首次申報,1070524,個人捐贈收入,許俊麒,W10*******,30000.00,0.00,,金錢,新北市中和區****,,
49,鄭文婷,107年縣(市)議員選舉,首次申報,1070525,營利事業捐贈收入,皇維投資有限公司,29046027,60000.00,0.00,,金錢,臺北市信義區****,,
50,鄭文婷,107年縣(市)議員選舉,首次申報,1070525,個人捐贈收入,何戎,A12*******,10000.00,0.00,,金錢,臺北市信義區****,,
51,鄭文婷,107年縣(市)議員選舉,首次申報,1070525,個人捐贈收入,林維娟,B22*******,10000.00,0.00,,金錢,台北市信義路****,,
52,鄭文婷,107年縣(市)議員選舉,首次申報,1070525,個人捐贈收入,賀士郡,D12*******,30000.00,0.00,,金錢,臺北市大安區****,,
53,鄭文婷,107年縣(市)議員選舉,首次申報,1070525,個人捐贈收入,江燕琇,K22*******,5000.00,0.00,,金錢,新北市樹林區****,,
54,鄭文婷,107年縣(市)議員選舉,首次申報,1070525,個人捐贈收入,饒瑞瑛,K22*******,66000.00,0.00,,金錢,新北市板橋區****,,
55,鄭文婷,107年縣(市)議員選舉,首次申報,1070525,個人捐贈收入,張瓊文,L22*******,20000.00,0.00,,金錢,台北市中正區****,,
56,鄭文婷,107年縣(市)議員選舉,首次申報,1070526,個人捐贈收入,施志鴻,D12*******,10000.00,0.00,,金錢,臺北市中山區****,,
57,鄭文婷,107年縣(市)議員選舉,首次申報,1070527,個人捐贈收入,杜建興,A12*******,10000.00,0.00,,金錢,基隆市中山三****,,
58,鄭文婷,107年縣(市)議員選舉,首次申報,1070528,個人捐贈收入,程友力,B12*******,20000.00,0.00,,金錢,新北市林口區****,,
59,鄭文婷,107年縣(市)議員選舉,首次申報,1070528,個人捐贈收入,高文宗,F10*******,25000.00,0.00,,金錢,台北市文山區****,,
60,鄭文婷,107年縣(市)議員選舉,首次申報,1070529,個人捐贈收入,吳元裕,A12*******,10000.00,0.00,,金錢,臺北市大安區****,,
61,鄭文婷,107年縣(市)議員選舉,首次申報,1070529,個人捐贈收入,張豐美,N22*******,20000.00,0.00,,金錢,基隆市中正區****,,
62,鄭文婷,107年縣(市)議員選舉,首次申報,1070529,個人捐贈收入,侯西泉,Q10*******,50000.00,0.00,,金錢,台北市民生東****,,
63,鄭文婷,107年縣(市)議員選舉,首次申報,1070530,個人捐贈收入,沈慧如,P22*******,20000.00,0.00,,金錢,台北市文山區****,,
64,鄭文婷,107年縣(市)議員選舉,首次申報,1070601,個人捐贈收入,陳紫婕,N22*******,10000.00,0.00,,金錢,臺北市北投區****,,
65,鄭文婷,107年縣(市)議員選舉,首次申報,1070609,個人捐贈收入,王暐霖,A12*******,10000.00,0.00,,金錢,新北市淡水區****,,
66,鄭文婷,107年縣(市)議員選舉,首次申報,1070609,個人捐贈收入,周鈺庭,A22*******,10000.00,0.00,,金錢,新北市新店區****,,
67,鄭文婷,107年縣(市)議員選舉,首次申報,1070619,個人捐贈收入,李雲霖,M10*******,20000.00,0.00,,金錢,台北市北投區****,,
68,鄭文婷,107年縣(市)議員選舉,首次申報,1070621,其他收入,利息收入,,72.00,0.00,,金錢,,,
69,鄭文婷,107年縣(市)議員選舉,首次申報,1070621,個人捐贈收入,楊蘭台,A12*******,10000.00,0.00,,金錢,臺北市大安區****,,
70,鄭文婷,107年縣(市)議員選舉,首次申報,1070622,個人捐贈收入,林恭慶,P12*******,10000.00,0.00,,金錢,台北市中山區****,,
71,鄭文婷,107年縣(市)議員選舉,首次申報,1070628,政黨捐贈收入,民主進步黨,政黨證字第16號,100000.00,0.00,,金錢,台北市北平東****,(02)*****,
72,鄭文婷,107年縣(市)議員選舉,首次申報,1070814,個人捐贈收入,鄭名道,A12*******,100000.00,0.00,,金錢,台北市南港區****,,
73,鄭文婷,107年縣(市)議員選舉,首次申報,1070814,個人捐贈收入,葉繼仁,A12*******,20000.00,0.00,,金錢,台北市昆明街****,,
74,鄭文婷,107年縣(市)議員選舉,首次申報,1070823,個人捐贈收入,黃宗菁,T22*******,50000.00,0.00,,金錢,台北市中正區****,,
75,鄭文婷,107年縣(市)議員選舉,首次申報,1070910,個人捐贈收入,魏子寅,C12*******,50000.00,0.00,,金錢,基隆市安樂區****,,
76,鄭文婷,107年縣(市)議員選舉,首次申報,1070911,個人捐贈收入,李珮璜,A22*******,50000.00,0.00,,金錢,台北市士林區****,,
77,鄭文婷,107年縣(市)議員選舉,首次申報,1070925,個人捐贈收入,周玟吟,N20*******,10000.00,0.00,,金錢,台北市寧夏路****,,
78,鄭文婷,107年縣(市)議員選舉,首次申報,1071005,人民團體捐贈收入,社團法人基隆市鄭姓宗親會,,3000.00,0.00,,金錢,基隆市仁愛區****,2428*****,
79,鄭文婷,107年縣(市)議員選舉,首次申報,1071005,個人捐贈收入,鄭春明,C10*******,2500.00,0.00,,金錢,基隆市仁愛區****,,
80,鄭文婷,107年縣(市)議員選舉,首次申報,1071012,個人捐贈收入,陳玉嬿,C20*******,1000.00,0.00,,金錢,基隆市仁愛區****,,
81,鄭文婷,107年縣(市)議員選舉,首次申報,1071016,個人捐贈收入,廖健智,,6600.00,0.00,,金錢,台中市南屯區****,,
82,鄭文婷,107年縣(市)議員選舉,首次申報,1071021,個人捐贈收入,朱書昕,C22*******,600.00,0.00,,金錢,基隆市仁愛區****,,
83,鄭文婷,107年縣(市)議員選舉,首次申報,1071115,個人捐贈收入,林玉芬,U22*******,100000.00,0.00,,金錢,台北市士林區****,,
84,鄭文婷,107年縣(市)議員選舉,首次申報,1071220,其他收入,利息收入,,236.00,0.00,,金錢,,,
