﻿序號,擬參選人／政黨,選舉名稱,申報序號／年度,交易日期,收支科目,捐贈者／支出對象,身分證／統一編號,收入金額,支出金額,捐贈方式,存入專戶日期,返還/繳庫,支出用途,金錢類,地址,聯絡電話,應揭露之支出對象,支出對象之內部人員姓名,支出對象之內部人員職稱,政黨之內部人員姓名,政黨之內部人員職稱,關係,更正註記,資料更正日期
1,嚴眺鴻,111年嘉義縣新港鄉鄉長選舉,首次申報,1111104,個人捐贈收入,嚴明智,Q12*******,2000.00,0.00,匯款,1111104,,,金錢,嘉義縣新港鄉****,,,,,,,,,
2,嚴眺鴻,111年嘉義縣新港鄉鄉長選舉,首次申報,1111104,個人捐贈收入,嚴翠蓮,Q22*******,100000.00,0.00,匯款,1111104,,,金錢,嘉義市東區大****,,,,,,,,,
3,嚴眺鴻,111年嘉義縣新港鄉鄉長選舉,首次申報,1111119,匿名捐贈,匿名1,,10000.00,0.00,匯款,1111119,,,金錢,,,,,,,,,,
4,嚴眺鴻,111年嘉義縣新港鄉鄉長選舉,首次申報,1111221,其他收入,利息,,46.00,0.00,匯款,1111221,,,金錢,,,,,,,,,,
