﻿序號,擬參選人／政黨,選舉名稱,申報序號／年度,交易日期,收支科目,捐贈者／支出對象,身分證／統一編號,收入金額,支出金額,支出用途,金錢類,地址,聯絡電話,資料更正日期
1,陳文昌,107年縣(市)議員選舉,首次申報,1071001,個人捐贈收入,許安邦,N10*******,100000.00,0.00,,金錢,臺北市大同區****,,
2,陳文昌,107年縣(市)議員選舉,首次申報,1071008,個人捐贈收入,楊秀萍,G22*******,10000.00,0.00,,金錢,宜蘭縣三星鄉****,,
3,陳文昌,107年縣(市)議員選舉,首次申報,1071009,營利事業捐贈收入,員邦室內裝修設計股份有限公司,36275072,100000.00,0.00,,金錢,臺北市萬華區****,,
4,陳文昌,107年縣(市)議員選舉,首次申報,1071018,營利事業捐贈收入,金車物流股份有限公司,80729349,300000.00,0.00,,金錢,桃園市中壢區****,,
5,陳文昌,107年縣(市)議員選舉,首次申報,1071026,營利事業捐贈收入,華瑞廣告有限公司,89449782,10000.00,0.00,,金錢,臺北市信義區****,,
6,陳文昌,107年縣(市)議員選舉,首次申報,1071029,個人捐贈收入,戴曉明,G12*******,100000.00,0.00,,金錢,桃園市平鎮區****,,
7,陳文昌,107年縣(市)議員選舉,首次申報,1071102,個人捐贈收入,張榮昌,G12*******,5000.00,0.00,,金錢,宜蘭縣三星鄉****,,
8,陳文昌,107年縣(市)議員選舉,首次申報,1071104,個人捐贈收入,莊天章,G10*******,50000.00,0.00,,金錢,臺北市北投區****,,
9,陳文昌,107年縣(市)議員選舉,首次申報,1071105,營利事業捐贈收入,怡華實業股份有限公司,33144175,100000.00,0.00,,金錢,臺北市內湖區****,,
10,陳文昌,107年縣(市)議員選舉,首次申報,1071105,個人捐贈收入,林育志,G12*******,100000.00,0.00,,金錢,臺北市中山區****,,
11,陳文昌,107年縣(市)議員選舉,首次申報,1071105,個人捐贈收入,林育達,G12*******,100000.00,0.00,,金錢,宜蘭縣頭城鎮****,,
12,陳文昌,107年縣(市)議員選舉,首次申報,1071108,個人捐贈收入,蔣文增,G12*******,20000.00,0.00,,金錢,宜蘭縣三星鄉****,,
13,陳文昌,107年縣(市)議員選舉,首次申報,1071112,營利事業捐贈收入,普威實業股份有限公司,36029305,50000.00,0.00,,金錢,新北市三重區****,,
14,陳文昌,107年縣(市)議員選舉,首次申報,1071112,個人捐贈收入,吳樹彬,G12*******,60000.00,0.00,,金錢,宜蘭縣三星鄉****,,
15,陳文昌,107年縣(市)議員選舉,首次申報,1071112,個人捐贈收入,方東榮,G12*******,1000.00,0.00,,金錢,宜蘭縣三星鄉****,,
16,陳文昌,107年縣(市)議員選舉,首次申報,1071112,個人捐贈收入,方東星,G12*******,1000.00,0.00,,金錢,宜蘭縣三星鄉****,,
17,陳文昌,107年縣(市)議員選舉,首次申報,1071113,營利事業捐贈收入,福安礦業股份有限公司,27483964,500000.00,0.00,,金錢,宜蘭縣宜蘭市****,,
18,陳文昌,107年縣(市)議員選舉,首次申報,1071113,個人捐贈收入,陳錦煌,G12*******,10000.00,0.00,,金錢,宜蘭縣三星鄉****,,
19,陳文昌,107年縣(市)議員選舉,首次申報,1071115,個人捐贈收入,曾寶城,A10*******,100000.00,0.00,,金錢,彰化縣秀水鄉****,,
20,陳文昌,107年縣(市)議員選舉,首次申報,1071120,營利事業捐贈收入,好事達股份有限公司,12632348,50000.00,0.00,,金錢,宜蘭縣蘇澳鎮****,,
21,陳文昌,107年縣(市)議員選舉,首次申報,1071120,營利事業捐贈收入,喬洲開發股份有限公司,40597700,50000.00,0.00,,金錢,宜蘭縣三星鄉****,,
22,陳文昌,107年縣(市)議員選舉,首次申報,1071221,其他收入,利息收入,,124.00,0.00,,金錢,,,
