﻿序號,擬參選人／政黨,選舉名稱,申報序號／年度,交易日期,收支科目,捐贈者／支出對象,身分證／統一編號,收入金額,支出金額,捐贈方式,存入專戶日期,返還/繳庫,支出用途,金錢類,地址,聯絡電話,應揭露之支出對象,支出對象之內部人員姓名,支出對象之內部人員職稱,政黨之內部人員姓名,政黨之內部人員職稱,關係,更正註記,資料更正日期
1,陳思宇,111年臺北市議員選舉,首次申報,1110606,匿名捐贈,匿名2,,530.00,0.00,匯款,1110606,,,金錢,,,,,,,,,,
2,陳思宇,111年臺北市議員選舉,首次申報,1110621,個人捐贈收入,黃齡瑩,A22*******,100000.00,0.00,匯款,1110621,,,金錢,大直街巷號樓****,,,,,,,,,
3,陳思宇,111年臺北市議員選舉,首次申報,1110621,個人捐贈收入,林雅玲,A22*******,100000.00,0.00,匯款,1110621,,,金錢,臺北市中山區****,,,,,,,,,
4,陳思宇,111年臺北市議員選舉,首次申報,1110622,個人捐贈收入,林志華,Y12*******,100000.00,0.00,匯款,1110622,,,金錢,臺北市士林區****,,,,,,,,,
5,陳思宇,111年臺北市議員選舉,首次申報,1110629,營利事業捐贈收入,德恩奈國際(股)公司,23747439,300000.00,0.00,匯款,1110629,,,金錢,臺北市信義路****,,,,,,,,,
6,陳思宇,111年臺北市議員選舉,首次申報,1110629,個人捐贈收入,謝煒達,F12*******,100000.00,0.00,匯款,1110629,,,金錢,臺北市信義路****,,,,,,,,,
7,陳思宇,111年臺北市議員選舉,首次申報,1110629,個人捐贈收入,吳德億,Q10*******,100000.00,0.00,匯款,1110629,,,金錢,臺北市仁愛路****,,,,,,,,,
8,陳思宇,111年臺北市議員選舉,首次申報,1110701,匿名捐贈,匿名1,,10000.00,0.00,匯款,1110701,,,金錢,,,,,,,,,,
9,陳思宇,111年臺北市議員選舉,首次申報,1110712,營利事業捐贈收入,台灣嘉碩科技(股)公司,16264983,50000.00,0.00,,,,,非金錢,桃園市平鎮區****,,,,,,,,,
10,陳思宇,111年臺北市議員選舉,首次申報,1110715,個人捐贈收入,吳昭毅,F12*******,50000.00,0.00,匯款,1110715,,,金錢,臺北市北投區****,,,,,,,,,
11,陳思宇,111年臺北市議員選舉,首次申報,1110715,個人捐贈收入,吳昭瑩,F22*******,50000.00,0.00,匯款,1110715,,,金錢,臺北市士林區****,,,,,,,,,
12,陳思宇,111年臺北市議員選舉,首次申報,1110715,個人捐贈收入,徐榮燦,S12*******,6400.00,0.00,,,,,非金錢,臺北市北投區****,,,,,,,,,
13,陳思宇,111年臺北市議員選舉,首次申報,1110719,營利事業捐贈收入,福埠實業(股)公司,07634872,100000.00,0.00,現金,1110719,,,金錢,臺北市松山區****,,,,,,,,,
14,陳思宇,111年臺北市議員選舉,首次申報,1110719,個人捐贈收入,胡偉良,Q10*******,100000.00,0.00,匯款,1110719,,,金錢,臺北市中山區****,,,,,,,,,
15,陳思宇,111年臺北市議員選舉,首次申報,1110726,營利事業捐贈收入,國都汽車(股)公司,22663848,300000.00,0.00,匯款,1110726,,,金錢,臺北市北投區****,,,,,,,,,
16,陳思宇,111年臺北市議員選舉,首次申報,1110726,個人捐贈收入,陳瑞欽,Q10*******,6000.00,0.00,匯款,1110726,,,金錢,臺北市信義區****,,,,,,,,,
17,陳思宇,111年臺北市議員選舉,首次申報,1110801,營利事業捐贈收入,騰勢(股)公司,54506580,200000.00,0.00,匯款,1110801,,,金錢,臺北市中正區****,,,,,,,,,
18,陳思宇,111年臺北市議員選舉,首次申報,1110812,匿名捐贈,匿名3,,5000.00,0.00,匯款,1110812,,,金錢,,,,,,,,,,
19,陳思宇,111年臺北市議員選舉,首次申報,1110828,匿名捐贈,匿名4,,3000.00,0.00,匯款,1110828,,,金錢,,,,,,,,,,
20,陳思宇,111年臺北市議員選舉,首次申報,1110830,個人捐贈收入,陳淑惠,Y20*******,30000.00,0.00,,,,,非金錢,臺北市士林區****,,,,,,,,,
21,陳思宇,111年臺北市議員選舉,首次申報,1110830,個人捐贈收入,陳淑娟,Y22*******,30000.00,0.00,,,,,非金錢,臺北市士林區****,,,,,,,,,
22,陳思宇,111年臺北市議員選舉,首次申報,1110831,個人捐贈收入,林中民,Q10*******,100000.00,0.00,匯款,1110831,,,金錢,桃園市龜山區****,,,,,,,,,
23,陳思宇,111年臺北市議員選舉,首次申報,1110905,個人捐贈收入,王繼中,D10*******,50000.00,0.00,匯款,1110905,,,金錢,臺北市士林區****,,,,,,,,,
24,陳思宇,111年臺北市議員選舉,首次申報,1110922,個人捐贈收入,黃彥誠,A12*******,100000.00,0.00,匯款,1110922,,,金錢,臺北市復興北****,,,,,,,,,
25,陳思宇,111年臺北市議員選舉,首次申報,1110927,個人捐贈收入,張若偉,B12*******,20000.00,0.00,匯款,1110927,,,金錢,臺北市士林區****,,,,,,,,,
26,陳思宇,111年臺北市議員選舉,首次申報,1110928,營利事業捐贈收入,家登精密工業(股)公司,16406379,300000.00,0.00,票據,1110928,,,金錢,新北市土城區****,,,,,,,,,
27,陳思宇,111年臺北市議員選舉,首次申報,1110928,個人捐贈收入,張若偉,B12*******,30000.00,0.00,匯款,1110928,,,金錢,臺北市士林區****,,,,,,,,,
28,陳思宇,111年臺北市議員選舉,首次申報,1110930,個人捐贈收入,余佩穎,E22*******,10000.00,0.00,匯款,1110930,,,金錢,臺北市內湖區****,,,,,,,,,
29,陳思宇,111年臺北市議員選舉,首次申報,1110930,個人捐贈收入,林宏憲,T12*******,50000.00,0.00,匯款,1110930,,,金錢,臺北市中山區****,,,,,,,,,
30,陳思宇,111年臺北市議員選舉,首次申報,1111001,匿名捐贈,匿名5,,10000.00,0.00,匯款,1111001,,,金錢,,,,,,,,,,
31,陳思宇,111年臺北市議員選舉,首次申報,1111001,匿名捐贈,匿名6,,10000.00,0.00,匯款,1111001,,,金錢,,,,,,,,,,
32,陳思宇,111年臺北市議員選舉,首次申報,1111001,個人捐贈收入,吳誌雄,N12*******,30000.00,0.00,,,,,非金錢,臺北市信義區****,,,,,,,,,
33,陳思宇,111年臺北市議員選舉,首次申報,1111001,個人捐贈收入,陳靜敏,Y22*******,30000.00,0.00,,,,,非金錢,臺南市北區大****,,,,,,,,,
34,陳思宇,111年臺北市議員選舉,首次申報,1111003,匿名捐贈,匿名7,,1500.00,0.00,匯款,1111003,,,金錢,,,,,,,,,,
35,陳思宇,111年臺北市議員選舉,首次申報,1111005,匿名捐贈,匿名8,,3000.00,0.00,匯款,1111005,,,金錢,,,,,,,,,,
36,陳思宇,111年臺北市議員選舉,首次申報,1111005,人民團體捐贈收入,社團法人台北市牙醫師公會,,20000.00,0.00,匯款,1111005,,,金錢,臺北市中正區****,,,,,,,,,
37,陳思宇,111年臺北市議員選舉,首次申報,1111005,營利事業捐贈收入,晴雅實業(股)公司,23172095,100000.00,0.00,,,,,非金錢,臺北市中山區****,,,,,,,,,
38,陳思宇,111年臺北市議員選舉,首次申報,1111006,營利事業捐贈收入,竣達實業(股)公司,28408606,100000.00,0.00,票據,1111006,,,金錢,新北市三重區****,,,,,,,,,
39,陳思宇,111年臺北市議員選舉,首次申報,1111006,個人捐贈收入,蕭昌貴,A10*******,26000.00,0.00,現金,1111006,,,金錢,臺北市士林區****,,,,,,,,,
40,陳思宇,111年臺北市議員選舉,首次申報,1111006,個人捐贈收入,鄭大宇,A12*******,100000.00,0.00,匯款,1111006,,,金錢,臺北市信義區****,,,,,,,,,
41,陳思宇,111年臺北市議員選舉,首次申報,1111006,個人捐贈收入,簡于捷,A22*******,10000.00,0.00,匯款,1111006,,,金錢,臺北市民生東****,,,,,,,,,
42,陳思宇,111年臺北市議員選舉,首次申報,1111006,個人捐贈收入,李美燕,F22*******,100000.00,0.00,匯款,1111006,,,金錢,新北市三峽區****,,,,,,,,,
43,陳思宇,111年臺北市議員選舉,首次申報,1111006,個人捐贈收入,林坤銘,P10*******,100000.00,0.00,票據,1111006,,,金錢,臺北市大安區****,,,,,,,,,
44,陳思宇,111年臺北市議員選舉,首次申報,1111006,個人捐贈收入,許繼元,Y12*******,10000.00,0.00,現金,1111006,,,金錢,臺北市社子街****,,,,,,,,,
45,陳思宇,111年臺北市議員選舉,首次申報,1111007,個人捐贈收入,周郭傑,F12*******,10000.00,0.00,匯款,1111007,,,金錢,臺北市內湖區****,,,,,,,,,
46,陳思宇,111年臺北市議員選舉,首次申報,1111008,匿名捐贈,匿名9,,500.00,0.00,匯款,1111008,,,金錢,,,,,,,,,,
47,陳思宇,111年臺北市議員選舉,首次申報,1111012,匿名捐贈,匿名10,,3000.00,0.00,匯款,1111012,,,金錢,,,,,,,,,,
48,陳思宇,111年臺北市議員選舉,首次申報,1111014,匿名捐贈,匿名11,,2000.00,0.00,匯款,1111014,,,金錢,,,,,,,,,,
49,陳思宇,111年臺北市議員選舉,首次申報,1111014,個人捐贈收入,林元中,A12*******,100000.00,0.00,匯款,1111014,,,金錢,桃園市同德六****,,,,,,,,,
50,陳思宇,111年臺北市議員選舉,首次申報,1111014,個人捐贈收入,陳鈺羚,G22*******,10000.00,0.00,匯款,1111014,,,金錢,臺北市復興北****,,,,,,,,,
51,陳思宇,111年臺北市議員選舉,首次申報,1111019,個人捐贈收入,吳紹麟,A12*******,30000.00,0.00,現金,1111019,,,金錢,臺北市大安區****,,,,,,,,,
52,陳思宇,111年臺北市議員選舉,首次申報,1111019,個人捐贈收入,許崴勝,W10*******,20000.00,0.00,匯款,1111019,,,金錢,臺北市士林區****,,,,,,,,,
53,陳思宇,111年臺北市議員選舉,首次申報,1111021,匿名捐贈,匿名12,,6600.00,0.00,匯款,1111021,,,金錢,,,,,,,,,,
54,陳思宇,111年臺北市議員選舉,首次申報,1111021,個人捐贈收入,方順利,A12*******,100000.00,0.00,匯款,1111021,,,金錢,臺北市中山區****,,,,,,,,,
55,陳思宇,111年臺北市議員選舉,首次申報,1111021,個人捐贈收入,曾林桂花,A20*******,20000.00,0.00,匯款,1111021,,,金錢,臺北市內湖區****,,,,,,,,,
56,陳思宇,111年臺北市議員選舉,首次申報,1111021,個人捐贈收入,張正清,F12*******,100000.00,0.00,匯款,1111021,,,金錢,臺北市中正區****,,,,,,,,,
57,陳思宇,111年臺北市議員選舉,首次申報,1111021,個人捐贈收入,林益謙,M10*******,10000.00,0.00,現金,1111021,,,金錢,新北市蘆洲區****,,,,,,,,,
58,陳思宇,111年臺北市議員選舉,首次申報,1111021,個人捐贈收入,張綺芬,M22*******,100000.00,0.00,匯款,1111021,,,金錢,臺北市中山區****,,,,,,,,,
59,陳思宇,111年臺北市議員選舉,首次申報,1111021,個人捐贈收入,程海濱,P10*******,100000.00,0.00,匯款,1111021,,,金錢,臺北市中山區****,,,,,,,,,
60,陳思宇,111年臺北市議員選舉,首次申報,1111022,個人捐贈收入,賴守弘,Y12*******,20000.00,0.00,匯款,1111022,,,金錢,臺北市北投區****,,,,,,,,,
61,陳思宇,111年臺北市議員選舉,首次申報,1111023,匿名捐贈,匿名13,,6000.00,0.00,匯款,1111023,,,金錢,,,,,,,,,,
62,陳思宇,111年臺北市議員選舉,首次申報,1111024,匿名捐贈,匿名14,,10000.00,0.00,匯款,1111024,,,金錢,,,,,,,,,,
63,陳思宇,111年臺北市議員選舉,首次申報,1111024,營利事業捐贈收入,凡諾創新數位行銷有限公司,83613906,50000.00,0.00,現金,1111024,,,金錢,臺北市南京東****,,,,,,,,,
64,陳思宇,111年臺北市議員選舉,首次申報,1111024,個人捐贈收入,林欣欣,A22*******,100000.00,0.00,匯款,1111024,,,金錢,臺北市萬華區****,,,,,,,,,
65,陳思宇,111年臺北市議員選舉,首次申報,1111024,個人捐贈收入,高詩惠,A22*******,50000.00,0.00,現金,1111024,,,金錢,新北市永和區****,,,,,,,,,
66,陳思宇,111年臺北市議員選舉,首次申報,1111024,個人捐贈收入,廖淑端,C20*******,5000.00,0.00,匯款,1111024,,,金錢,臺北市士林區****,,,,,,,,,
67,陳思宇,111年臺北市議員選舉,首次申報,1111024,個人捐贈收入,林晉祥,K12*******,100000.00,0.00,匯款,1111024,,,金錢,新北市鶯歌區****,,,,,,,,,
68,陳思宇,111年臺北市議員選舉,首次申報,1111025,個人捐贈收入,簡志倉,M12*******,20000.00,0.00,匯款,1111025,,,金錢,新北市板橋區****,,,,,,,,,
69,陳思宇,111年臺北市議員選舉,首次申報,1111026,營利事業捐贈收入,鴻億鐘錶有限公司,12734318,300000.00,0.00,匯款,1111026,,,金錢,臺中市五權西****,,,,,,,,,
70,陳思宇,111年臺北市議員選舉,首次申報,1111026,營利事業捐贈收入,寶鴻堂鐘錶眼鏡有限公司,82863953,300000.00,0.00,匯款,1111026,,,金錢,臺北市忠孝東****,,,,,,,,,
71,陳思宇,111年臺北市議員選舉,首次申報,1111026,營利事業捐贈收入,寶祥鴻鐘錶有限公司,84748467,300000.00,0.00,匯款,1111026,,,金錢,臺北市松山區****,,,,,,,,,
72,陳思宇,111年臺北市議員選舉,首次申報,1111026,個人捐贈收入,張皓欽,A12*******,60000.00,0.00,匯款,1111026,,,金錢,臺北市大同區****,,,,,,,,,
73,陳思宇,111年臺北市議員選舉,首次申報,1111026,個人捐贈收入,蔡靜麗,A22*******,100000.00,0.00,現金,1111026,,,金錢,臺北市南港區****,,,,,,,,,
74,陳思宇,111年臺北市議員選舉,首次申報,1111026,個人捐贈收入,范萬楠,D10*******,100000.00,0.00,匯款,1111026,,,金錢,臺北市大同區****,,,,,,,,,
75,陳思宇,111年臺北市議員選舉,首次申報,1111026,個人捐贈收入,陳秋堂,N10*******,100000.00,0.00,匯款,1111026,,,金錢,臺北市松山區****,,,,,,,,,
76,陳思宇,111年臺北市議員選舉,首次申報,1111026,個人捐贈收入,陳俊賓,N12*******,100000.00,0.00,匯款,1111026,,,金錢,臺中市市政北****,,,,,,,,,
77,陳思宇,111年臺北市議員選舉,首次申報,1111026,個人捐贈收入,陳怡臻,N22*******,100000.00,0.00,匯款,1111026,,,金錢,臺北市松山區****,,,,,,,,,
78,陳思宇,111年臺北市議員選舉,首次申報,1111026,個人捐贈收入,鄭瓊足,N22*******,100000.00,0.00,匯款,1111026,,,金錢,臺北市松山區****,,,,,,,,,
79,陳思宇,111年臺北市議員選舉,首次申報,1111026,個人捐贈收入,陳怡靜,N22*******,100000.00,0.00,匯款,1111026,,,金錢,臺北市松山區****,,,,,,,,,
80,陳思宇,111年臺北市議員選舉,首次申報,1111026,個人捐贈收入,黃美月,Q20*******,50000.00,0.00,匯款,1111026,,,金錢,臺北市大同區****,,,,,,,,,
81,陳思宇,111年臺北市議員選舉,首次申報,1111026,個人捐贈收入,潘文山,Y12*******,10000.00,0.00,現金,1111026,,,金錢,臺北市士林區****,,,,,,,,,
82,陳思宇,111年臺北市議員選舉,首次申報,1111026,個人捐贈收入,簡翠玲,Y20*******,50000.00,0.00,現金,1111026,,,金錢,臺北市士林區****,,,,,,,,,
83,陳思宇,111年臺北市議員選舉,首次申報,1111027,匿名捐贈,匿名15,,1000.00,0.00,匯款,1111027,,,金錢,,,,,,,,,,
84,陳思宇,111年臺北市議員選舉,首次申報,1111028,營利事業捐贈收入,德源建設(股)公司,70672445,100000.00,0.00,匯款,1111028,,,金錢,臺北市大同區****,,,,,,,,,
85,陳思宇,111年臺北市議員選舉,首次申報,1111101,個人捐贈收入,吳惠文,A12*******,100000.00,0.00,現金,1111101,,,金錢,道香里崗山路****,,,,,,,,,
86,陳思宇,111年臺北市議員選舉,首次申報,1111101,個人捐贈收入,劉雅靜,A22*******,100000.00,0.00,現金,1111101,,,金錢,稻香里崗山路****,,,,,,,,,
87,陳思宇,111年臺北市議員選舉,首次申報,1111101,個人捐贈收入,許秀敏,P22*******,100000.00,0.00,現金,1111101,,,金錢,新北市新莊區****,,,,,,,,,
88,陳思宇,111年臺北市議員選舉,首次申報,1111101,個人捐贈收入,蘇川津,V12*******,100000.00,0.00,現金,1111101,,,金錢,新北市樹林區****,,,,,,,,,
89,陳思宇,111年臺北市議員選舉,首次申報,1111102,個人捐贈收入,林靖凱,A12*******,10000.00,0.00,匯款,1111102,,,金錢,新北市淡水區****,,,,,,,,,
90,陳思宇,111年臺北市議員選舉,首次申報,1111102,個人捐贈收入,程振隆,P10*******,100000.00,0.00,匯款,1111102,,,金錢,臺北市仁愛路****,,,,,,,,,
91,陳思宇,111年臺北市議員選舉,首次申報,1111104,個人捐贈收入,惠玉樑,G10*******,50000.00,0.00,現金,1111104,,,金錢,臺北市中正區****,,,,,,,,,
92,陳思宇,111年臺北市議員選舉,首次申報,1111104,個人捐贈收入,陳淑娟,M22*******,50000.00,0.00,現金,1111104,,,金錢,臺北市中正區****,,,,,,,,,
93,陳思宇,111年臺北市議員選舉,首次申報,1111108,匿名捐贈,匿名16,,10000.00,0.00,匯款,1111108,,,金錢,,,,,,,,,,
94,陳思宇,111年臺北市議員選舉,首次申報,1111108,個人捐贈收入,羅楊秀麗,T20*******,100000.00,0.00,現金,1111108,,,金錢,臺北市北投區****,,,,,,,,,
95,陳思宇,111年臺北市議員選舉,首次申報,1111109,營利事業捐贈收入,永吉企業(股)公司,23681056,100000.00,0.00,匯款,1111109,,,金錢,龍潭里逢甲路****,,,,,,,,,
96,陳思宇,111年臺北市議員選舉,首次申報,1111109,營利事業捐贈收入,紅門互動(股)公司,53278454,10000.00,0.00,匯款,1111109,,,金錢,臺北市松山區****,,,,,,,,,
97,陳思宇,111年臺北市議員選舉,首次申報,1111109,營利事業捐贈收入,欣鼎益事業(股)公司,70456740,100000.00,0.00,匯款,1111109,,,金錢,臺北市內湖區****,,,,,,,,,
98,陳思宇,111年臺北市議員選舉,首次申報,1111109,個人捐贈收入,陳進勛,Q10*******,20000.00,0.00,匯款,1111109,,,金錢,,,,,,,,,,
99,陳思宇,111年臺北市議員選舉,首次申報,1111111,營利事業捐贈收入,松潤實業有限公司,83712906,20000.00,0.00,現金,1111111,,,金錢,新北市三重區****,,,,,,,,,
100,陳思宇,111年臺北市議員選舉,首次申報,1111111,個人捐贈收入,王世文,A12*******,100000.00,0.00,票據,1111111,,,金錢,臺北市中山區****,,,,,,,,,
101,陳思宇,111年臺北市議員選舉,首次申報,1111115,個人捐贈收入,賴玫馨,A22*******,20000.00,0.00,現金,1111115,,,金錢,臺北市北投區****,,,,,,,,,
102,陳思宇,111年臺北市議員選舉,首次申報,1111115,個人捐贈收入,謝金碧,C22*******,20000.00,0.00,現金,1111115,,,金錢,臺北市北投區****,,,,,,,,,
103,陳思宇,111年臺北市議員選舉,首次申報,1111115,個人捐贈收入,陳奕瑋,F12*******,20000.00,0.00,現金,1111115,,,金錢,臺北市北投區****,,,,,,,,,
104,陳思宇,111年臺北市議員選舉,首次申報,1111117,匿名捐贈,匿名17,,2000.00,0.00,匯款,1111117,,,金錢,,,,,,,,,,
105,陳思宇,111年臺北市議員選舉,首次申報,1111117,營利事業捐贈收入,雲起國際有限公司,43313220,100000.00,0.00,票據,1111117,,,金錢,臺北市延平北****,,,,,,,,,
106,陳思宇,111年臺北市議員選舉,首次申報,1111117,個人捐贈收入,蘇慧文,D22*******,100000.00,0.00,匯款,1111117,,,金錢,臺北市士林區****,,,,,,,,,
107,陳思宇,111年臺北市議員選舉,首次申報,1111117,個人捐贈收入,蘇慧貞,D22*******,100000.00,0.00,匯款,1111117,,,金錢,臺南市北區林****,,,,,,,,,
108,陳思宇,111年臺北市議員選舉,首次申報,1111117,個人捐贈收入,林子哲,H12*******,20000.00,0.00,匯款,1111117,,,金錢,新北市新店區****,,,,,,,,,
109,陳思宇,111年臺北市議員選舉,首次申報,1111117,個人捐贈收入,陳文昌,Y12*******,100000.00,0.00,匯款,1111117,,,金錢,臺北市士林區****,,,,,,,,,
110,陳思宇,111年臺北市議員選舉,首次申報,1111121,個人捐贈收入,潘麗貞,Y20*******,20000.00,0.00,票據,1111121,,,金錢,臺北市士林區****,,,,,,,,,
111,陳思宇,111年臺北市議員選舉,首次申報,1111122,匿名捐贈,匿名18,,6000.00,0.00,匯款,1111122,,,金錢,,,,,,,,,,
112,陳思宇,111年臺北市議員選舉,首次申報,1111125,個人捐贈收入,曾振賢,H10*******,20000.00,0.00,匯款,1111125,,,金錢,臺北市士林區****,,,,,,,,,
113,陳思宇,111年臺北市議員選舉,首次申報,1111125,個人捐贈收入,楊雪芬,R22*******,36000.00,0.00,現金,1111125,,,金錢,臺北市內湖區****,,,,,,,,,
114,陳思宇,111年臺北市議員選舉,首次申報,1111221,其他收入,利息收入,,1943.00,0.00,匯款,1111221,,,金錢,,,,,,,,,,
115,陳思宇,111年臺北市議員選舉,首次申報,1120201,其他收入,利息收入,,27.00,0.00,匯款,1120201,,,金錢,,,,,,,,,,
