﻿序號,擬參選人／政黨,選舉名稱,申報序號／年度,交易日期,收支科目,捐贈者／支出對象,身分證／統一編號,收入金額,支出金額,捐贈方式,存入專戶日期,返還/繳庫,支出用途,金錢類,地址,聯絡電話,應揭露之支出對象,支出對象之內部人員姓名,支出對象之內部人員職稱,政黨之內部人員姓名,政黨之內部人員職稱,關係,更正註記,資料更正日期
1,王浩,111年嘉義市議員選舉,首次申報,1110427,個人捐贈收入,鄭書勉,T22*******,20020.00,0.00,匯款,1110427,,,金錢,嘉義市西區蘭****,0939*****,,,,,,,,
2,王浩,111年嘉義市議員選舉,首次申報,1110429,個人捐贈收入,張傳佳,,1000.00,0.00,匯款,1110429,,,金錢,臺北市文山區****,,,,,,,,,
3,王浩,111年嘉義市議員選舉,首次申報,1110429,匿名捐贈,0429-匿名1,,2.00,0.00,匯款,1110429,,,金錢,,,,,,,,,,
4,王浩,111年嘉義市議員選舉,首次申報,1110429,匿名捐贈,0429-匿名2,,3.00,0.00,匯款,1110429,,,金錢,,,,,,,,,,
5,王浩,111年嘉義市議員選舉,首次申報,1110429,匿名捐贈,0429-匿名3,,5.00,0.00,匯款,1110429,,,金錢,,,,,,,,,,
6,王浩,111年嘉義市議員選舉,首次申報,1110430,營利事業捐贈收入,真昀書店有限公司,54367736,9700.00,0.00,匯款,1110430,已返還,,金錢,臺北市士林區****,,,,,,,,,
7,王浩,111年嘉義市議員選舉,首次申報,1110430,個人捐贈收入,李世瑛,F12*******,10000.00,0.00,匯款,1110430,,,金錢,新北市中和區****,0978*****,,,,,,,,
8,王浩,111年嘉義市議員選舉,首次申報,1110501,個人捐贈收入,翁瑋,,20000.00,0.00,匯款,1110501,,,金錢,臺中市東區大****,0920*****,,,,,,,,
9,王浩,111年嘉義市議員選舉,首次申報,1110503,個人捐贈收入,吳博元,,3000.00,0.00,匯款,1110503,,,金錢,臺北市松山區****,,,,,,,,,
10,王浩,111年嘉義市議員選舉,首次申報,1110504,個人捐贈收入,朱梅雪,,6600.00,0.00,匯款,1110504,,,金錢,桃園市桃園區****,,,,,,,,,
11,王浩,111年嘉義市議員選舉,首次申報,1110505,個人捐贈收入,丁穩勝,,20000.00,0.00,匯款,1110505,,,金錢,臺北市北投區****,,,,,,,,,
12,王浩,111年嘉義市議員選舉,首次申報,1110505,個人捐贈收入,鄭書勉,T22*******,20020.00,0.00,匯款,1110505,,,金錢,嘉義市西區蘭****,0939*****,,,,,,,,
13,王浩,111年嘉義市議員選舉,首次申報,1110509,個人捐贈收入,夏筱瓏,,1000.00,0.00,匯款,1110509,,,金錢,桃園市觀音區****,0911*****,,,,,,,,
14,王浩,111年嘉義市議員選舉,首次申報,1110509,個人捐贈收入,湯鳳花,,10000.00,0.00,匯款,1110509,,,金錢,臺中市大里區****,0932*****,,,,,,,,
15,王浩,111年嘉義市議員選舉,首次申報,1110509,匿名捐贈,0509-匿名1,,1000.00,0.00,匯款,1110509,,,金錢,,,,,,,,,,
16,王浩,111年嘉義市議員選舉,首次申報,1110509,個人捐贈收入,黃珮修,E12*******,5000.00,0.00,匯款,1110509,,,金錢,高雄市三民區****,0921*****,,,,,,,,
17,王浩,111年嘉義市議員選舉,首次申報,1110509,個人捐贈收入,翁子明,F12*******,10000.00,0.00,匯款,1110509,,,金錢,苗栗縣竹南鎮****,0932*****,,,,,,,,
18,王浩,111年嘉義市議員選舉,首次申報,1110509,個人捐贈收入,張淙閔,Q12*******,3000.00,0.00,匯款,1110509,,,金錢,嘉義市東區垂****,0953*****,,,,,,,,
19,王浩,111年嘉義市議員選舉,首次申報,1110512,個人捐贈收入,吳繼興,,10000.00,0.00,匯款,1110512,,,金錢,臺北市文山區****,0987*****,,,,,,,,
20,王浩,111年嘉義市議員選舉,首次申報,1110512,個人捐贈收入,黃柏鈞,A12*******,3000.00,0.00,匯款,1110512,,,金錢,嘉義市東區林****,0953*****,,,,,,,,
21,王浩,111年嘉義市議員選舉,首次申報,1110512,個人捐贈收入,廖懿文,H12*******,1000.00,0.00,匯款,1110512,,,金錢,桃園市桃園區****,0966*****,,,,,,,,
22,王浩,111年嘉義市議員選舉,首次申報,1110512,個人捐贈收入,湯鈞佑,U12*******,1000.00,0.00,匯款,1110512,,,金錢,臺北市大安區****,0972*****,,,,,,,,
23,王浩,111年嘉義市議員選舉,首次申報,1110512,個人捐贈收入,翁宗民,U12*******,1000.00,0.00,匯款,1110512,,,金錢,臺北市文山區****,0937*****,,,,,,,,
24,王浩,111年嘉義市議員選舉,首次申報,1110513,營利事業捐贈收入,真昀書店有限公司,54367736,36000.00,0.00,,,已返還,,非金錢,臺北市士林區****,02-2*****,,,,,,,,
25,王浩,111年嘉義市議員選舉,首次申報,1110513,個人捐贈收入,賴維鈞,A12*******,5000.00,0.00,匯款,1110513,,,金錢,新竹縣竹北市****,0911*****,,,,,,,,
26,王浩,111年嘉義市議員選舉,首次申報,1110513,個人捐贈收入,王金壽,T12*******,10000.00,0.00,匯款,1110513,,,金錢,臺南市北區北****,0936*****,,,,,,,,
27,王浩,111年嘉義市議員選舉,首次申報,1110516,匿名捐贈,0516匿名-1,,2000.00,0.00,匯款,1110516,,,金錢,,,,,,,,,,
28,王浩,111年嘉義市議員選舉,首次申報,1110516,匿名捐贈,0516匿名-2,,500.00,0.00,匯款,1110516,,,金錢,,,,,,,,,,
29,王浩,111年嘉義市議員選舉,首次申報,1110516,個人捐贈收入,郭嘉榮,C12*******,2000.00,0.00,匯款,1110516,,,金錢,新北市土城區****,0922*****,,,,,,,,
30,王浩,111年嘉義市議員選舉,首次申報,1110516,個人捐贈收入,李宛思,F22*******,3000.00,0.00,匯款,1110516,,,金錢,桃園市中壢區****,0975*****,,,,,,,,
31,王浩,111年嘉義市議員選舉,首次申報,1110516,個人捐贈收入,曾國治,H10*******,50000.00,0.00,匯款,1110516,,,金錢,桃園市蘆竹區****,0975*****,,,,,,,,
32,王浩,111年嘉義市議員選舉,首次申報,1110516,個人捐贈收入,吳毓瑩,H22*******,1000.00,0.00,匯款,1110516,,,金錢,新竹市東區明****,0920*****,,,,,,,,
33,王浩,111年嘉義市議員選舉,首次申報,1110516,個人捐贈收入,林映辰,P12*******,10000.00,0.00,匯款,1110516,,,金錢,嘉義縣民雄鄉****,0918*****,,,,,,,,
34,王浩,111年嘉義市議員選舉,首次申報,1110516,個人捐贈收入,翁淑英,Q22*******,1000.00,0.00,匯款,1110516,,,金錢,新北市新莊區****,0930*****,,,,,,,,
35,王浩,111年嘉義市議員選舉,首次申報,1110517,個人捐贈收入,呂振權,,6000.00,0.00,匯款,1110517,,,金錢,桃園市桃園區****,,,,,,,,,
36,王浩,111年嘉義市議員選舉,首次申報,1110517,個人捐贈收入,陳惠澤,A12*******,5000.00,0.00,匯款,1110517,,,金錢,臺中市北屯區****,0936*****,,,,,,,,
37,王浩,111年嘉義市議員選舉,首次申報,1110517,個人捐贈收入,李慕哲,A13*******,2000.00,0.00,匯款,1110517,,,金錢,新北市淡水區****,0953*****,,,,,,,,
38,王浩,111年嘉義市議員選舉,首次申報,1110518,匿名捐贈,0518匿名,,1000.00,0.00,匯款,1110518,,,金錢,,,,,,,,,,
39,王浩,111年嘉義市議員選舉,首次申報,1110518,個人捐贈收入,樊小梅,A20*******,10000.00,0.00,匯款,1110518,,,金錢,桃園市蘆竹區****,0939*****,,,,,,,,
40,王浩,111年嘉義市議員選舉,首次申報,1110519,營利事業捐贈收入,真昀書店有限公司,54367736,17000.00,0.00,,,已返還,,非金錢,臺北市士林區****,02-2*****,,,,,,,,
41,王浩,111年嘉義市議員選舉,首次申報,1110519,個人捐贈收入,李韻立,A12*******,1000.00,0.00,匯款,1110519,,,金錢,臺北市松山區****,0928*****,,,,,,,,
42,王浩,111年嘉義市議員選舉,首次申報,1110519,個人捐贈收入,洪瑞壕,F12*******,5000.00,0.00,匯款,1110519,,,金錢,新竹市香山區****,0988*****,,,,,,,,
43,王浩,111年嘉義市議員選舉,首次申報,1110519,個人捐贈收入,尤建文,F12*******,20000.00,0.00,匯款,1110519,,,金錢,新北市三重區****,0936*****,,,,,,,,
44,王浩,111年嘉義市議員選舉,首次申報,1110519,個人捐贈收入,譚兆良,K12*******,2000.00,0.00,匯款,1110519,,,金錢,桃園市中壢區****,0975*****,,,,,,,,
45,王浩,111年嘉義市議員選舉,首次申報,1110519,個人捐贈收入,許樵文,Q12*******,1000.00,0.00,匯款,1110519,,,金錢,嘉義市西區林****,0929*****,,,,,,,,
46,王浩,111年嘉義市議員選舉,首次申報,1110520,個人捐贈收入,鍾明郎,,6666.00,0.00,匯款,1110520,,,金錢,桃園市蘆竹區****,0988*****,,,,,,,,
47,王浩,111年嘉義市議員選舉,首次申報,1110520,個人捐贈收入,林佳和,A12*******,20000.00,0.00,匯款,1110520,,,金錢,臺北市內湖區****,0920*****,,,,,,,,
48,王浩,111年嘉義市議員選舉,首次申報,1110520,個人捐贈收入,李璇辰,H12*******,2000.00,0.00,匯款,1110520,,,金錢,新北市三重區****,0913*****,,,,,,,,
49,王浩,111年嘉義市議員選舉,首次申報,1110523,匿名捐贈,0523-匿名,,1000.00,0.00,匯款,1110523,,,金錢,,,,,,,,,,
50,王浩,111年嘉義市議員選舉,首次申報,1110523,個人捐贈收入,林祖祺,F22*******,1000.00,0.00,匯款,1110523,,,金錢,桃園市中壢區****,0956*****,,,,,,,,
51,王浩,111年嘉義市議員選舉,首次申報,1110523,個人捐贈收入,陳遠任,H12*******,10000.00,0.00,匯款,1110523,,,金錢,桃園市八德區****,0932*****,,,,,,,,
52,王浩,111年嘉義市議員選舉,首次申報,1110525,營利事業捐贈收入,樂達達企業有限公司,45127658,5000.00,0.00,匯款,1110525,,,金錢,彰化縣花壇鄉****,04-7*****,,,,,,,,
53,王浩,111年嘉義市議員選舉,首次申報,1110526,營利事業捐贈收入,本店吳銘有限公司,84105892,1000.00,0.00,匯款,1110526,已返還,,金錢,臺北市中正區****,0936*****,,,,,,,,
54,王浩,111年嘉義市議員選舉,首次申報,1110526,個人捐贈收入,張鑫隆,F12*******,20000.00,0.00,匯款,1110526,,,金錢,花蓮縣壽豐鄉****,0910*****,,,,,,,,
55,王浩,111年嘉義市議員選舉,首次申報,1110527,個人捐贈收入,陳文吉,Q12*******,2000.00,0.00,匯款,1110527,,,金錢,嘉義市東區興****,,,,,,,,,
56,王浩,111年嘉義市議員選舉,首次申報,1110528,個人捐贈收入,謝創智,B12*******,10000.00,0.00,匯款,1110528,,,金錢,臺中市東區富****,0932*****,,,,,,,,
57,王浩,111年嘉義市議員選舉,首次申報,1110530,個人捐贈收入,李宣毅,B12*******,10000.00,0.00,匯款,1110530,,,金錢,臺中市北屯區****,0963*****,,,,,,,,
58,王浩,111年嘉義市議員選舉,首次申報,1110530,個人捐贈收入,廖建瑋,K12*******,10000.00,0.00,匯款,1110530,,,金錢,臺南市安平區****,0921*****,,,,,,,,
59,王浩,111年嘉義市議員選舉,首次申報,1110530,個人捐贈收入,黃偉巒,U12*******,2000.00,0.00,匯款,1110530,,,金錢,花蓮縣花蓮市****,0928*****,,,,,,,,
60,王浩,111年嘉義市議員選舉,首次申報,1110601,個人捐贈收入,翟本喬,A12*******,43120.00,0.00,,,,,非金錢,臺北市大安區****,,,,,,,,,
61,王浩,111年嘉義市議員選舉,首次申報,1110602,個人捐贈收入,賴嘉倫,Q12*******,3000.00,0.00,匯款,1110602,,,金錢,臺北市中正區****,0956*****,,,,,,,,
62,王浩,111年嘉義市議員選舉,首次申報,1110603,個人捐贈收入,張欽智,Q12*******,60000.00,0.00,,,,,非金錢,嘉義縣民雄鄉****,0921*****,,,,,,,,
63,王浩,111年嘉義市議員選舉,首次申報,1110606,個人捐贈收入,張瀚尹,A12*******,50000.00,0.00,匯款,1110606,,,金錢,臺北市內湖區****,0988*****,,,,,,,,
64,王浩,111年嘉義市議員選舉,首次申報,1110606,個人捐贈收入,李昭玫,A22*******,1000.00,0.00,匯款,1110606,,,金錢,臺北市信義區****,0920*****,,,,,,,,
65,王浩,111年嘉義市議員選舉,首次申報,1110606,個人捐贈收入,歐新匯,H12*******,2000.00,0.00,匯款,1110606,,,金錢,桃園市中壢區****,0988*****,,,,,,,,
66,王浩,111年嘉義市議員選舉,首次申報,1110609,個人捐贈收入,周水清,E12*******,2000.00,0.00,匯款,1110609,,,金錢,高雄市小港區****,0980*****,,,,,,,,
67,王浩,111年嘉義市議員選舉,首次申報,1110609,個人捐贈收入,葉昭華,R22*******,10000.00,0.00,匯款,1110609,,,金錢,嘉義市西區友****,0938*****,,,,,,,,
68,王浩,111年嘉義市議員選舉,首次申報,1110613,人民團體捐贈收入,全國電子股份有限公司企業工會,,3000.00,0.00,匯款,1110613,,,金錢,新北市新莊區****,0937*****,,,,,,,,
69,王浩,111年嘉義市議員選舉,首次申報,1110613,個人捐贈收入,吳東牧,A12*******,1000.00,0.00,匯款,1110613,,,金錢,臺北市內湖區****,0913*****,,,,,,,,
70,王浩,111年嘉義市議員選舉,首次申報,1110613,個人捐贈收入,黃慧萍,P22*******,500.00,0.00,匯款,1110613,,,金錢,雲林縣東勢鄉****,0989*****,,,,,,,,
71,王浩,111年嘉義市議員選舉,首次申報,1110614,個人捐贈收入,賴正偉,A12*******,1000.00,0.00,匯款,1110614,,,金錢,臺北市萬華區****,0981*****,,,,,,,,
72,王浩,111年嘉義市議員選舉,首次申報,1110614,個人捐贈收入,吳若瑩,A22*******,3000.00,0.00,匯款,1110614,,,金錢,臺北市士林區****,0919*****,,,,,,,,
73,王浩,111年嘉義市議員選舉,首次申報,1110620,個人捐贈收入,林政良,A12*******,3000.00,0.00,匯款,1110620,,,金錢,臺北市北投區****,0922*****,,,,,,,,
74,王浩,111年嘉義市議員選舉,首次申報,1110620,個人捐贈收入,蕭嘉展,N12*******,1000.00,0.00,匯款,1110620,,,金錢,嘉義市西區僑****,0922*****,,,,,,,,
75,王浩,111年嘉義市議員選舉,首次申報,1110621,其他收入,利息收入,,10.00,0.00,匯款,1110621,,,金錢,,,,,,,,,,
76,王浩,111年嘉義市議員選舉,首次申報,1110621,個人捐贈收入,孫杰,U12*******,1295.00,0.00,匯款,1110621,,,金錢,花蓮縣吉安鄉****,0910*****,,,,,,,,
77,王浩,111年嘉義市議員選舉,首次申報,1110629,個人捐贈收入,朱耕甫,H12*******,20000.00,0.00,匯款,1110629,,,金錢,新北市深坑區****,0905*****,,,,,,,,
78,王浩,111年嘉義市議員選舉,首次申報,1110701,個人捐贈收入,謝秉成,L12*******,2000.00,0.00,匯款,1110701,,,金錢,臺中市大安區****,0963*****,,,,,,,,
79,王浩,111年嘉義市議員選舉,首次申報,1110704,個人捐贈收入,鄭書勉,T22*******,59860.00,0.00,匯款,1110704,,,金錢,嘉義市西區蘭****,0939*****,,,,,,,,
80,王浩,111年嘉義市議員選舉,首次申報,1110704,個人捐贈收入,翁宗民,U12*******,1000.00,0.00,匯款,1110704,,,金錢,臺北市文山區****,0937*****,,,,,,,,
81,王浩,111年嘉義市議員選舉,首次申報,1110704,個人捐贈收入,王耀廷,U12*******,140.00,0.00,匯款,1110704,,,金錢,花蓮縣花蓮市****,0906*****,,,,,,,,
82,王浩,111年嘉義市議員選舉,首次申報,1110705,個人捐贈收入,侯大川,,2000.00,0.00,匯款,1110705,,,金錢,嘉義市西區忠****,0988*****,,,,,,,,
83,王浩,111年嘉義市議員選舉,首次申報,1110705,匿名捐贈,0705匿名-1,,5000.00,0.00,匯款,1110705,,,金錢,,,,,,,,,,
84,王浩,111年嘉義市議員選舉,首次申報,1110705,個人捐贈收入,吳信賢,,3000.00,0.00,匯款,1110705,,,金錢,嘉義市東區維****,0931*****,,,,,,,,
85,王浩,111年嘉義市議員選舉,首次申報,1110705,個人捐贈收入,蔡明美,,2000.00,0.00,匯款,1110705,,,金錢,嘉義市東區北****,0938*****,,,,,,,,
86,王浩,111年嘉義市議員選舉,首次申報,1110705,個人捐贈收入,陳云茵,F23*******,3000.00,0.00,匯款,1110705,,,金錢,新北市新店區****,0922*****,,,,,,,,
87,王浩,111年嘉義市議員選舉,首次申報,1110705,個人捐贈收入,朱沛其,I20*******,2000.00,0.00,匯款,1110705,,,金錢,新竹市東區中****,0975*****,,,,,,,,
88,王浩,111年嘉義市議員選舉,首次申報,1110705,個人捐贈收入,朱韋穎,I20*******,2000.00,0.00,匯款,1110705,,,金錢,嘉義市西區北****,0978*****,,,,,,,,
89,王浩,111年嘉義市議員選舉,首次申報,1110706,人民團體捐贈收入,中華電信股份有限公司企業工會,,30000.00,0.00,匯款,1110706,,,金錢,臺北市大安區****,0223*****,,,,,,,,
90,王浩,111年嘉義市議員選舉,首次申報,1110706,個人捐贈收入,林鈺祥,F12*******,3000.00,0.00,匯款,1110706,,,金錢,新北市中和區****,0916*****,,,,,,,,
91,王浩,111年嘉義市議員選舉,首次申報,1110711,匿名捐贈,0711匿名-1,,10000.00,0.00,匯款,1110711,,,金錢,,,,,,,,,,
92,王浩,111年嘉義市議員選舉,首次申報,1110711,匿名捐贈,0711匿名-2,,6600.00,0.00,匯款,1110711,,,金錢,,,,,,,,,,
93,王浩,111年嘉義市議員選舉,首次申報,1110712,個人捐贈收入,張衞航,F12*******,5000.00,0.00,匯款,1110712,,,金錢,新北市淡水區****,0955*****,,,,,,,,
94,王浩,111年嘉義市議員選舉,首次申報,1110714,個人捐贈收入,朱梅雪,,3000.00,0.00,匯款,1110714,,,金錢,桃園市桃園區****,0928*****,,,,,,,,
95,王浩,111年嘉義市議員選舉,首次申報,1110715,個人捐贈收入,高培修,,2000.00,0.00,匯款,1110715,,,金錢,臺南市安平區****,0933*****,,,,,,,,
96,王浩,111年嘉義市議員選舉,首次申報,1110715,個人捐贈收入,徐志達,,1000.00,0.00,匯款,1110715,,,金錢,苗栗縣南庄鄉****,0922*****,,,,,,,,
97,王浩,111年嘉義市議員選舉,首次申報,1110718,個人捐贈收入,鄭景蓮,T22*******,3000.00,0.00,匯款,1110718,,,金錢,苗栗縣竹南鎮****,0931*****,,,,,,,,
98,王浩,111年嘉義市議員選舉,首次申報,1110719,個人捐贈收入,朱祚漢,F12*******,3000.00,0.00,匯款,1110719,,,金錢,臺北市萬華區****,0922*****,,,,,,,,
99,王浩,111年嘉義市議員選舉,首次申報,1110721,個人捐贈收入,范宏鈴,U22*******,10000.00,0.00,匯款,1110721,,,金錢,花蓮縣吉安鄉****,0920*****,,,,,,,,
100,王浩,111年嘉義市議員選舉,首次申報,1110722,個人捐贈收入,張詠卿,L22*******,1000.00,0.00,匯款,1110722,,,金錢,臺中市豐原區****,0917*****,,,,,,,,
101,王浩,111年嘉義市議員選舉,首次申報,1110722,個人捐贈收入,李冠儀,Q22*******,2000.00,0.00,匯款,1110722,,,金錢,高雄市楠梓區****,0908*****,,,,,,,,
102,王浩,111年嘉義市議員選舉,首次申報,1110725,個人捐贈收入,黃珮修,E12*******,20000.00,0.00,匯款,1110725,,,金錢,高雄市三民區****,0921*****,,,,,,,,
103,王浩,111年嘉義市議員選舉,首次申報,1110727,個人捐贈收入,黃皓哲,Q12*******,500.00,0.00,匯款,1110727,,,金錢,臺北市文山區****,0973*****,,,,,,,,
104,王浩,111年嘉義市議員選舉,首次申報,1110728,個人捐贈收入,林筠淪,K22*******,500.00,0.00,匯款,1110728,,,金錢,新竹縣湖口鄉****,0917*****,,,,,,,,
105,王浩,111年嘉義市議員選舉,首次申報,1110728,個人捐贈收入,趙麟宇,Y12*******,10000.00,0.00,匯款,1110728,,,金錢,嘉義市東區忠****,0963*****,,,,,,,,
106,王浩,111年嘉義市議員選舉,首次申報,1110801,個人捐贈收入,陳岱聲,I10*******,10000.00,0.00,匯款,1110801,,,金錢,嘉義市西區四****,0910*****,,,,,,,,
107,王浩,111年嘉義市議員選舉,首次申報,1110802,個人捐贈收入,洪頎翔,,600.00,0.00,匯款,1110802,,,金錢,嘉義縣中埔鄉****,0900*****,,,,,,,,
108,王浩,111年嘉義市議員選舉,首次申報,1110802,人民團體捐贈收入,新海瓦斯工會,,6000.00,0.00,匯款,1110802,,,金錢,新北市三重區****,0229*****,,,,,,,,
109,王浩,111年嘉義市議員選舉,首次申報,1110802,個人捐贈收入,蘇明倫,,3000.00,0.00,匯款,1110802,,,金錢,桃園市蘆竹區****,,,,,,,,,
110,王浩,111年嘉義市議員選舉,首次申報,1110802,個人捐贈收入,黃乃羿,F12*******,3000.00,0.00,匯款,1110802,,,金錢,嘉義縣新港鄉****,0911*****,,,,,,,,
111,王浩,111年嘉義市議員選舉,首次申報,1110803,個人捐贈收入,翁宗民,U12*******,1000.00,0.00,匯款,1110803,,,金錢,臺北市文山區****,0937*****,,,,,,,,
112,王浩,111年嘉義市議員選舉,首次申報,1110804,個人捐贈收入,葉建宗,Q12*******,1000.00,0.00,匯款,1110804,,,金錢,嘉義縣竹崎鄉****,0912*****,,,,,,,,
113,王浩,111年嘉義市議員選舉,首次申報,1110810,個人捐贈收入,吳崇華,A12*******,1000.00,0.00,匯款,1110810,,,金錢,新北市中和區****,0986*****,,,,,,,,
114,王浩,111年嘉義市議員選舉,首次申報,1110810,個人捐贈收入,翁宗民,U12*******,1000.00,0.00,匯款,1110810,,,金錢,臺北市文山區****,0937*****,,,,,,,,
115,王浩,111年嘉義市議員選舉,首次申報,1110812,個人捐贈收入,潘忠政,S10*******,2000.00,0.00,匯款,1110812,,,金錢,桃園市中壢區****,0972*****,,,,,,,,
116,王浩,111年嘉義市議員選舉,首次申報,1110815,個人捐贈收入,黃柏鈞,A12*******,1000.00,0.00,匯款,1110815,,,金錢,嘉義市東區林****,0953*****,,,,,,,,
117,王浩,111年嘉義市議員選舉,首次申報,1110815,個人捐贈收入,沈靜菁,A22*******,2000.00,0.00,匯款,1110815,,,金錢,嘉義縣大林鎮****,0983*****,,,,,,,,
118,王浩,111年嘉義市議員選舉,首次申報,1110819,個人捐贈收入,王煦惠,,20000.00,0.00,匯款,1110819,,,金錢,臺北市內湖區****,0975*****,,,,,,,,
119,王浩,111年嘉義市議員選舉,首次申報,1110822,個人捐贈收入,王煦惠,,10000.00,0.00,匯款,1110822,,,金錢,臺北市內湖區****,0975*****,,,,,,,,
120,王浩,111年嘉義市議員選舉,首次申報,1110823,個人捐贈收入,何昶億,,1000.00,0.00,匯款,1110823,,,金錢,臺中市南屯區****,0988*****,,,,,,,,
121,王浩,111年嘉義市議員選舉,首次申報,1110824,個人捐贈收入,陳嘉宏,N12*******,5000.00,0.00,匯款,1110824,,,金錢,彰化縣北斗鎮****,0921*****,,,,,,,,
122,王浩,111年嘉義市議員選舉,首次申報,1110824,政黨捐贈收入,時代力量,政黨證字第267號,120000.00,0.00,匯款,1110824,已返還,,金錢,臺北市大同區****,(02)*****,,,,,,,,
123,王浩,111年嘉義市議員選舉,首次申報,1110829,個人捐贈收入,黃柏勳,D12*******,80000.00,0.00,匯款,1110829,,,金錢,臺南市東區裕****,0916*****,,,,,,,,
124,王浩,111年嘉義市議員選舉,首次申報,1110830,人民團體捐贈收入,南投汽車客運股份有限公司企業工會,,2600.00,0.00,匯款,1110830,,,金錢,南投縣埔里鎮****,0910*****,,,,,,,,
125,王浩,111年嘉義市議員選舉,首次申報,1110830,個人捐贈收入,尤敏華,F22*******,2022.00,0.00,匯款,1110830,,,金錢,新北市泰山區****,0976*****,,,,,,,,
126,王浩,111年嘉義市議員選舉,首次申報,1110831,個人捐贈收入,胡全河,K12*******,6000.00,0.00,匯款,1110831,,,金錢,苗栗縣頭份市****,0921*****,,,,,,,,
127,王浩,111年嘉義市議員選舉,首次申報,1110901,個人捐贈收入,李世瑛,F12*******,5000.00,0.00,匯款,1110901,,,金錢,新北市中和區****,0978*****,,,,,,,,
128,王浩,111年嘉義市議員選舉,首次申報,1110901,個人捐贈收入,蔡濬安,I10*******,2000.00,0.00,匯款,1110901,,,金錢,嘉義市東區南****,0937*****,,,,,,,,
129,王浩,111年嘉義市議員選舉,首次申報,1110902,個人捐贈收入,賴維鈞,A12*******,5000.00,0.00,匯款,1110902,,,金錢,新竹縣竹北市****,0911*****,,,,,,,,
130,王浩,111年嘉義市議員選舉,首次申報,1110912,個人捐贈收入,李慕哲,A13*******,2000.00,0.00,匯款,1110912,,,金錢,新北市淡水區****,0953*****,,,,,,,,
131,王浩,111年嘉義市議員選舉,首次申報,1110912,個人捐贈收入,林瑞珠,J22*******,1000.00,0.00,匯款,1110912,,,金錢,臺北市信義區****,0952*****,,,,,,,,
132,王浩,111年嘉義市議員選舉,首次申報,1110912,個人捐贈收入,劉瑞政,Q12*******,2000.00,0.00,匯款,1110912,,,金錢,嘉義市西區建****,0936*****,,,,,,,,
133,王浩,111年嘉義市議員選舉,首次申報,1110912,個人捐贈收入,袁明泉,Q12*******,2000.00,0.00,匯款,1110912,,,金錢,嘉義市西區民****,0922*****,,,,,,,,
134,王浩,111年嘉義市議員選舉,首次申報,1110912,個人捐贈收入,卓福盛,U12*******,2000.00,0.00,匯款,1110912,,,金錢,新北市五股區****,0936*****,,,,,,,,
135,王浩,111年嘉義市議員選舉,首次申報,1110913,個人捐贈收入,張牧晴,E22*******,20000.00,0.00,匯款,1110913,,,金錢,嘉義市東區蘭****,0956*****,,,,,,,,
136,王浩,111年嘉義市議員選舉,首次申報,1110914,個人捐贈收入,蔡明美,,2000.00,0.00,匯款,1110914,,,金錢,嘉義市東區北****,0938*****,,,,,,,,
137,王浩,111年嘉義市議員選舉,首次申報,1110914,個人捐贈收入,聶清啟,,2000.00,0.00,匯款,1110914,,,金錢,嘉義市西區自****,0932*****,,,,,,,,
138,王浩,111年嘉義市議員選舉,首次申報,1110914,匿名捐贈,0914匿名-1,,2500.00,0.00,匯款,1110914,,,金錢,,,,,,,,,,
139,王浩,111年嘉義市議員選舉,首次申報,1110914,個人捐贈收入,張衞航,F12*******,5000.00,0.00,匯款,1110914,,,金錢,新北市淡水區****,0955*****,,,,,,,,
140,王浩,111年嘉義市議員選舉,首次申報,1110915,個人捐贈收入,李鴻志,E12*******,3000.00,0.00,匯款,1110915,,,金錢,臺北市松山區****,0919*****,,,,,,,,
141,王浩,111年嘉義市議員選舉,首次申報,1110915,個人捐贈收入,張子見,F12*******,20000.00,0.00,匯款,1110915,,,金錢,雲林縣虎尾鎮****,0921*****,,,,,,,,
142,王浩,111年嘉義市議員選舉,首次申報,1110915,個人捐贈收入,王煦惠,F22*******,8000.00,0.00,匯款,1110915,,,金錢,臺北市內湖區****,0975*****,,,,,,,,
143,王浩,111年嘉義市議員選舉,首次申報,1110916,個人捐贈收入,吳峻傑,,2000.00,0.00,匯款,1110916,,,金錢,嘉義市西區自****,0905*****,,,,,,,,
144,王浩,111年嘉義市議員選舉,首次申報,1110916,個人捐贈收入,賀忠民,,2000.00,0.00,匯款,1110916,,,金錢,嘉義市西區世****,0939*****,,,,,,,,
145,王浩,111年嘉義市議員選舉,首次申報,1110916,匿名捐贈,0916-匿名1,,1500.00,0.00,,,,,非金錢,,,,,,,,,,
146,王浩,111年嘉義市議員選舉,首次申報,1110916,個人捐贈收入,楊貴智,A12*******,3000.00,0.00,匯款,1110916,,,金錢,臺北市內湖區****,0916*****,,,,,,,,
147,王浩,111年嘉義市議員選舉,首次申報,1110916,個人捐贈收入,江鳳英,L22*******,10000.00,0.00,匯款,1110916,,,金錢,臺中市南屯區****,0918*****,,,,,,,,
148,王浩,111年嘉義市議員選舉,首次申報,1110916,個人捐贈收入,賴嘉倫,Q12*******,2000.00,0.00,匯款,1110916,,,金錢,臺北市中正區****,0956*****,,,,,,,,
149,王浩,111年嘉義市議員選舉,首次申報,1110918,個人捐贈收入,卓福盛,U12*******,5500.00,0.00,匯款,1110918,,,金錢,新北市五股區****,0936*****,,,,,,,,
150,王浩,111年嘉義市議員選舉,首次申報,1110919,匿名捐贈,0919-匿名1,,6500.00,0.00,匯款,1110919,,,金錢,,,,,,,,,,
151,王浩,111年嘉義市議員選舉,首次申報,1110919,個人捐贈收入,鄭哲舟,L10*******,20000.00,0.00,匯款,1110919,,,金錢,臺南市新營區****,0932*****,,,,,,,,
152,王浩,111年嘉義市議員選舉,首次申報,1110919,個人捐贈收入,鄭哲舟,L10*******,20000.00,0.00,匯款,1110919,,,金錢,臺南市新營區****,0932*****,,,,,,,,
153,王浩,111年嘉義市議員選舉,首次申報,1110919,個人捐贈收入,鄭哲舟,L10*******,20000.00,0.00,匯款,1110919,,,金錢,臺南市新營區****,0932*****,,,,,,,,
154,王浩,111年嘉義市議員選舉,首次申報,1110920,個人捐贈收入,張欽智,Q12*******,5000.00,0.00,匯款,1110920,,,金錢,嘉義縣民雄鄉****,0921*****,,,,,,,,
155,王浩,111年嘉義市議員選舉,首次申報,1110920,個人捐贈收入,蔡旻岳,Q12*******,2000.00,0.00,匯款,1110920,,,金錢,嘉義市西區重****,0929*****,,,,,,,,
156,王浩,111年嘉義市議員選舉,首次申報,1110920,個人捐贈收入,翁宗民,U12*******,1000.00,0.00,匯款,1110920,,,金錢,臺北市文山區****,0937*****,,,,,,,,
157,王浩,111年嘉義市議員選舉,首次申報,1110921,個人捐贈收入,孫家榕,,2000.00,0.00,匯款,1110921,,,金錢,嘉義縣大林鎮****,0912*****,,,,,,,,
158,王浩,111年嘉義市議員選舉,首次申報,1110921,匿名捐贈,0921-匿名1,,2000.00,0.00,匯款,1110921,,,金錢,,,,,,,,,,
159,王浩,111年嘉義市議員選舉,首次申報,1110921,匿名捐贈,0921-匿名2,,2000.00,0.00,匯款,1110921,,,金錢,,,,,,,,,,
160,王浩,111年嘉義市議員選舉,首次申報,1110921,匿名捐贈,0921-匿名3,,2000.00,0.00,匯款,1110921,,,金錢,,,,,,,,,,
161,王浩,111年嘉義市議員選舉,首次申報,1110921,匿名捐贈,0921-匿名4,,2000.00,0.00,匯款,1110921,,,金錢,,,,,,,,,,
162,王浩,111年嘉義市議員選舉,首次申報,1110921,匿名捐贈,0921-匿名5,,2000.00,0.00,匯款,1110921,,,金錢,,,,,,,,,,
163,王浩,111年嘉義市議員選舉,首次申報,1110921,匿名捐贈,0921-匿名6,,2000.00,0.00,匯款,1110921,,,金錢,,,,,,,,,,
164,王浩,111年嘉義市議員選舉,首次申報,1110921,個人捐贈收入,吳麗慧,N20*******,4000.00,0.00,匯款,1110921,,,金錢,彰化縣彰化市****,0933*****,,,,,,,,
165,王浩,111年嘉義市議員選舉,首次申報,1110921,個人捐贈收入,黃皓哲,Q12*******,1000.00,0.00,匯款,1110921,,,金錢,臺北市文山區****,0973*****,,,,,,,,
166,王浩,111年嘉義市議員選舉,首次申報,1110922,個人捐贈收入,李聖弘,Q12*******,6600.00,0.00,匯款,1110922,,,金錢,雲林縣斗南鎮****,0919*****,,,,,,,,
167,王浩,111年嘉義市議員選舉,首次申報,1111003,匿名捐贈,1003-匿名1,,2000.00,0.00,匯款,1111003,,,金錢,,,,,,,,,,
168,王浩,111年嘉義市議員選舉,首次申報,1111007,匿名捐贈,1007-匿名1,,2000.00,0.00,匯款,1111007,,,金錢,,,,,,,,,,
169,王浩,111年嘉義市議員選舉,首次申報,1111011,個人捐贈收入,張牧晴,E22*******,20000.00,0.00,匯款,1111011,,,金錢,嘉義市東區蘭****,0956*****,,,,,,,,
170,王浩,111年嘉義市議員選舉,首次申報,1111011,個人捐贈收入,鄭哲舟,L10*******,40000.00,0.00,匯款,1111011,,,金錢,臺南市新營區****,0932*****,,,,,,,,
171,王浩,111年嘉義市議員選舉,首次申報,1111011,個人捐贈收入,翁宗民,U12*******,1000.00,0.00,匯款,1111011,,,金錢,臺北市文山區****,0937*****,,,,,,,,
172,王浩,111年嘉義市議員選舉,首次申報,1111017,匿名捐贈,1017-匿名1,,1000.00,0.00,匯款,1111017,,,金錢,,,,,,,,,,
173,王浩,111年嘉義市議員選舉,首次申報,1111018,個人捐贈收入,吳柏均,D12*******,1000.00,0.00,匯款,1111018,,,金錢,臺北市士林區****,0954*****,,,,,,,,
174,王浩,111年嘉義市議員選舉,首次申報,1111019,個人捐贈收入,向麗琴,,2000.00,0.00,匯款,1111019,,,金錢,新北市板橋區****,0982*****,,,,,,,,
175,王浩,111年嘉義市議員選舉,首次申報,1111019,匿名捐贈,1019-匿名1,,3000.00,0.00,匯款,1111019,,,金錢,,,,,,,,,,
176,王浩,111年嘉義市議員選舉,首次申報,1111019,個人捐贈收入,姚光祖,F12*******,1000.00,0.00,匯款,1111019,,,金錢,新北市新店區****,0952*****,,,,,,,,
177,王浩,111年嘉義市議員選舉,首次申報,1111019,個人捐贈收入,蔡旻岳,Q12*******,1000.00,0.00,,,,,非金錢,嘉義市西區重****,0929*****,,,,,,,,
178,王浩,111年嘉義市議員選舉,首次申報,1111024,個人捐贈收入,許文榮,F12*******,300.00,0.00,匯款,1111024,,,金錢,新北市金山區****,0972*****,,,,,,,,
179,王浩,111年嘉義市議員選舉,首次申報,1111024,個人捐贈收入,楊智強,S12*******,1080.00,0.00,匯款,1111024,,,金錢,嘉義市西區杭****,0956*****,,,,,,,,
180,王浩,111年嘉義市議員選舉,首次申報,1111026,匿名捐贈,1026-匿名1,,1000.00,0.00,匯款,1111026,,,金錢,,,,,,,,,,
181,王浩,111年嘉義市議員選舉,首次申報,1111027,個人捐贈收入,陳宗揚,I10*******,2022.00,0.00,匯款,1111027,,,金錢,嘉義市西區自****,0985*****,,,,,,,,
182,王浩,111年嘉義市議員選舉,首次申報,1111028,匿名捐贈,1028-匿名1,,5000.00,0.00,,,,,非金錢,,,,,,,,,,
183,王浩,111年嘉義市議員選舉,首次申報,1111028,個人捐贈收入,孫國明,A10*******,30000.00,0.00,匯款,1111028,,,金錢,南投縣水里鄉****,0932*****,,,,,,,,
184,王浩,111年嘉義市議員選舉,首次申報,1111031,個人捐贈收入,黃柏鈞,A12*******,2000.00,0.00,匯款,1111031,,,金錢,嘉義市東區林****,0953*****,,,,,,,,
185,王浩,111年嘉義市議員選舉,首次申報,1111102,個人捐贈收入,林莊周,R12*******,10000.00,0.00,匯款,1111102,,,金錢,臺北市中山區****,0919*****,,,,,,,,
186,王浩,111年嘉義市議員選舉,首次申報,1111104,個人捐贈收入,陳廣志,T12*******,8000.00,0.00,匯款,1111104,,,金錢,屏東縣屏東市****,0958*****,,,,,,,,
187,王浩,111年嘉義市議員選舉,首次申報,1111107,個人捐贈收入,林琚環,U10*******,20000.00,0.00,匯款,1111107,,,金錢,花蓮縣花蓮市****,0932*****,,,,,,,,
188,王浩,111年嘉義市議員選舉,首次申報,1111108,個人捐贈收入,林信志,R12*******,20000.00,0.00,匯款,1111108,,,金錢,臺南市東區崇****,0929*****,,,,,,,,
189,王浩,111年嘉義市議員選舉,首次申報,1111108,個人捐贈收入,翁宗民,U12*******,1000.00,0.00,匯款,1111108,,,金錢,臺北市文山區****,0937*****,,,,,,,,
190,王浩,111年嘉義市議員選舉,首次申報,1111109,個人捐贈收入,黃中銘,,5000.00,0.00,匯款,1111109,,,金錢,高雄市楠梓區****,0919*****,,,,,,,,
191,王浩,111年嘉義市議員選舉,首次申報,1111109,個人捐贈收入,宋傑倫,A12*******,1000.00,0.00,匯款,1111109,,,金錢,臺北市南港區****,0936*****,,,,,,,,
192,王浩,111年嘉義市議員選舉,首次申報,1111109,個人捐贈收入,郭冠廷,A12*******,9700.00,0.00,匯款,1111109,,,金錢,臺北市士林區****,0933*****,,,,,,,,
193,王浩,111年嘉義市議員選舉,首次申報,1111109,個人捐贈收入,郭冠廷,A12*******,21000.00,0.00,匯款,1111109,,,金錢,臺北市士林區****,0933*****,,,,,,,,
194,王浩,111年嘉義市議員選舉,首次申報,1111111,個人捐贈收入,陳淑蘭,A22*******,5000.00,0.00,匯款,1111111,,,金錢,新北市新店區****,0932*****,,,,,,,,
195,王浩,111年嘉義市議員選舉,首次申報,1111114,匿名捐贈,1114-匿名,,500.00,0.00,匯款,1111114,,,金錢,,,,,,,,,,
196,王浩,111年嘉義市議員選舉,首次申報,1111114,個人捐贈收入,張譽尹,A12*******,2000.00,0.00,匯款,1111114,,,金錢,新北市淡水區****,0925*****,,,,,,,,
197,王浩,111年嘉義市議員選舉,首次申報,1111114,個人捐贈收入,施泓成,F12*******,3000.00,0.00,匯款,1111114,,,金錢,臺北市信義區****,0919*****,,,,,,,,
198,王浩,111年嘉義市議員選舉,首次申報,1111114,個人捐贈收入,呂佳澤,I10*******,600.00,0.00,匯款,1111114,,,金錢,新北市新莊區****,0955*****,,,,,,,,
199,王浩,111年嘉義市議員選舉,首次申報,1111114,個人捐贈收入,汪佩,U22*******,10000.00,0.00,匯款,1111114,,,金錢,桃園市蘆竹區****,0988*****,,,,,,,,
200,王浩,111年嘉義市議員選舉,首次申報,1111114,政黨捐贈收入,時代力量,政黨證字第267號,40000.00,0.00,匯款,1111114,,,金錢,臺北市大同區****,(02)*****,,,,,,,,
201,王浩,111年嘉義市議員選舉,首次申報,1111116,個人捐贈收入,林幸珍,A22*******,10000.00,0.00,匯款,1111116,,,金錢,新北市板橋區****,0939*****,,,,,,,,
202,王浩,111年嘉義市議員選舉,首次申報,1111120,匿名捐贈,1120-匿名,,500.00,0.00,匯款,1111120,,,金錢,,,,,,,,,,
203,王浩,111年嘉義市議員選舉,首次申報,1111122,個人捐贈收入,蔡郁芝,F22*******,3000.00,0.00,匯款,1111122,,,金錢,臺南市東區中****,0920*****,,,,,,,,
204,王浩,111年嘉義市議員選舉,首次申報,1111123,個人捐贈收入,郭明隆,N10*******,32000.00,0.00,匯款,1111123,,,金錢,臺北市士林區****,0920*****,,,,,,,,
205,王浩,111年嘉義市議員選舉,首次申報,1111125,匿名捐贈,1125-匿名,,3000.00,0.00,匯款,1111125,,,金錢,,,,,,,,,,
206,王浩,111年嘉義市議員選舉,首次申報,1111221,其他收入,利息收入,,188.00,0.00,匯款,1111221,,,金錢,,,,,,,,,,
