﻿序號,擬參選人／政黨,選舉名稱,申報序號／年度,交易日期,收支科目,捐贈者／支出對象,身分證／統一編號,收入金額,支出金額,捐贈方式,存入專戶日期,返還/繳庫,支出用途,金錢類,地址,聯絡電話,應揭露之支出對象,支出對象之內部人員姓名,支出對象之內部人員職稱,政黨之內部人員姓名,政黨之內部人員職稱,關係,更正註記,資料更正日期
1,台聯黨,,113,1130102,雜支支出,星輝工作坊,78300926,0.00,3600.00,,,,其他為維持日常運作所必要之相關費用,金錢,新北市林口區****,,否,,,,,,,
2,台聯黨,,113,1130105,雜支支出,中華郵政股份有限公司,03741302,0.00,323.00,,,,其他為維持日常運作所必要之相關費用,金錢,臺北市大安區****,,否,,,,,,,
3,台聯黨,,113,1130106,雜支支出,華信航空股份有限公司,23988865,0.00,391.00,,,,其他為維持日常運作所必要之相關費用,金錢,臺北市松山區****,,否,,,,,,,
4,台聯黨,,113,1130107,雜支支出,星輝工作坊,78300926,0.00,2600.00,,,,其他為維持日常運作所必要之相關費用,金錢,新北市林口區****,,否,,,,,,,
5,台聯黨,,113,1130108,雜支支出,郵局,,0.00,20.00,,,,其他為維持日常運作所必要之相關費用,金錢,臺北市中正區****,,否,,,,,,,
6,台聯黨,,113,1130109,雜支支出,立榮航空股份有限公司,22958771,0.00,255.00,,,,其他為維持日常運作所必要之相關費用,金錢,臺北市中山區****,,否,,,,,,,
7,台聯黨,,113,1130109,業務費用支出,趴趴走國際餐飲股份有限公司,82865376,0.00,8600.00,,,,其他與業務推展有關之費用,金錢,新北市汐止區****,,否,,,,,,,
8,台聯黨,,113,1130109,業務費用支出,珍品小館,80987090,0.00,13589.00,,,,其他與業務推展有關之費用,金錢,臺北市中正區****,,否,,,,,,,
9,台聯黨,,113,1130109,業務費用支出,財團法人國立台灣大學校友會文化基金會校友聯誼社,05140016,0.00,12140.00,,,,其他與業務推展有關之費用,金錢,臺北市中正區****,,否,,,,,,,
10,台聯黨,,113,1130109,選務費用支出,潤嘉實業有限公司,27807773,0.00,28000.00,,,,其他與選舉有關之費用,金錢,新北市中和區****,,否,,,,,,,
11,台聯黨,,113,1130110,雜支支出,郵局,,0.00,15.00,,,,其他為維持日常運作所必要之相關費用,金錢,臺北市中正區****,,否,,,,,,,
12,台聯黨,,113,1130110,業務費用支出,全家便利商店股份有限公司,28980069,0.00,561.00,,,,其他與業務推展有關之費用,金錢,臺北市中山區****,,否,,,,,,,
13,台聯黨,,113,1130111,業務費用支出,助安企業有限公司蘆洲三民停車場,91650832,0.00,40.00,,,,其他與業務推展有關之費用,金錢,新北市蘆洲區****,,否,,,,,,,
14,台聯黨,,113,1130111,業務費用支出,豪品味小吃店,98885308,0.00,1787.00,,,,其他與業務推展有關之費用,金錢,,,否,,,,,,,
15,台聯黨,,113,1130115,選務費用支出,民間全民電視股份有限公司,96975768,0.00,262530.00,,,,播放、傳送或刊登宣傳廣告費用,金錢,新北市林口區****,,否,,,,,,,
16,台聯黨,,113,1130115,業務費用支出,遠通電收股份有限公司,98770235,0.00,747.00,,,,交通旅運費用,金錢,新北市板橋區****,,否,,,,,,,
17,台聯黨,,113,1130115,選務費用支出,潤嘉實業有限公司,27807773,0.00,23300.00,,,,其他與選舉有關之費用,金錢,新北市中和區****,,否,,,,,,,
18,台聯黨,,113,1130116,雜支支出,郵局,,0.00,20.00,,,,其他為維持日常運作所必要之相關費用,金錢,臺北市中正區****,,否,,,,,,,
19,台聯黨,,113,1130116,業務費用支出,台灣中油,06522723,0.00,11548.00,,,,交通旅運費用,金錢,臺南市安中路****,,否,,,,,,,
20,台聯黨,,113,1130116,業務費用支出,應安有限公司北平東停車場,38492743,0.00,100.00,,,,其他與業務推展有關之費用,金錢,臺北市中正區****,,否,,,,,,,
21,台聯黨,,113,1130120,業務費用支出,國光汽車客運股份有限公司,70810572,0.00,3107.00,,,,交通旅運費用,金錢,新北市三重區****,,否,,,,,,,
22,台聯黨,,113,1130122,業務費用支出,台灣高速鐵路股份有限公司,16446274,0.00,2560.00,,,,交通旅運費用,金錢,臺北市南港區****,,否,,,,,,,
23,台聯黨,,113,1130124,業務費用支出,典華雅聚股份有限公司,82856355,0.00,35165.00,,,,其他與業務推展有關之費用,金錢,臺北市士林區****,,否,,,,,,,
24,台聯黨,,113,1130124,業務費用支出,好庭車企業有限公司天母,48993909,0.00,140.00,,,,其他與業務推展有關之費用,金錢,臺北市士林區****,,否,,,,,,,
25,台聯黨,,113,1130125,業務費用支出,國光汽車客運股份有限公司,70810572,0.00,425.00,,,,交通旅運費用,金錢,新北市三重區****,,否,,,,,,,
26,台聯黨,,113,1130125,業務費用支出,統一速達股份有限公司南中正營業區,99640458,0.00,1280.00,,,,其他與業務推展有關之費用,金錢,臺北市中正區****,,否,,,,,,,
27,台聯黨,,113,1130126,雜支支出,郵局,,0.00,20.00,,,,其他為維持日常運作所必要之相關費用,金錢,臺北市中正區****,,否,,,,,,,
28,台聯黨,,113,1130126,業務費用支出,國營臺灣鐵路股份有限公司,07524729,0.00,139.00,,,,交通旅運費用,金錢,臺北市中正區****,,否,,,,,,,
29,台聯黨,,113,1130203,業務費用支出,國光汽車客運股份有限公司,70810572,0.00,441.00,,,,交通旅運費用,金錢,新北市三重區****,,否,,,,,,,
30,台聯黨,,113,1130205,業務費用支出,阮家茶坊,21602859,0.00,4030.00,,,,其他與業務推展有關之費用,金錢,屏東縣枋寮鄉****,,否,,,,,,,
31,台聯黨,,113,1130207,業務費用支出,國泰商旅股份有限公司-忠孝分公司,54180916,0.00,1920.00,,,,其他與業務推展有關之費用,金錢,臺北市中正區****,,否,,,,,,,
32,台聯黨,,113,1130208,業務費用支出,國營臺灣鐵路股份有限公司,07524729,0.00,278.00,,,,交通旅運費用,金錢,臺北市中正區****,,否,,,,,,,
33,台聯黨,,113,1130214,業務費用支出,台灣高速鐵路股份有限公司,16446274,0.00,1280.00,,,,交通旅運費用,金錢,臺北市南港區****,,否,,,,,,,
34,台聯黨,,113,1130216,業務費用支出,全聯實業股份有限公司-華山分公司,27561623,0.00,201.00,,,,其他與業務推展有關之費用,金錢,臺北市中正區****,,否,,,,,,,
35,台聯黨,,113,1130218,業務費用支出,國光汽車客運股份有限公司,70810572,0.00,441.00,,,,交通旅運費用,金錢,新北市三重區****,,否,,,,,,,
36,台聯黨,,113,1130220,業務費用支出,國營臺灣鐵路股份有限公司,07524729,0.00,721.00,,,,交通旅運費用,金錢,臺北市中正區****,,否,,,,,,,
37,台聯黨,,113,1130222,業務費用支出,應安有限公司北平東停車場,38492743,0.00,690.00,,,,其他與業務推展有關之費用,金錢,臺北市中正區****,,否,,,,,,,
38,台聯黨,,113,1130223,業務費用支出,全家便利商店股份有限公司台中市第五六一分公司,24804324,0.00,512.00,,,,其他與業務推展有關之費用,金錢,臺北市中正區****,,否,,,,,,,
39,台聯黨,,113,1130223,雜支支出,双福花藝社,97578984,0.00,2000.00,,,,其他為維持日常運作所必要之相關費用,金錢,臺中市霧峰區****,,否,,,,,,,
40,台聯黨,,113,1130223,業務費用支出,和欣汽車客運股份有限公司,70755825,0.00,570.00,,,,交通旅運費用,金錢,臺南市佳里區****,,否,,,,,,,
41,台聯黨,,113,1130224,業務費用支出,愉悅小吃店,91697007,0.00,271.00,,,,其他與業務推展有關之費用,金錢,臺北市中正區****,,否,,,,,,,
42,台聯黨,,113,1130227,雜支支出,中華郵政股份有限公司儲匯處,,0.00,15.00,,,,其他為維持日常運作所必要之相關費用,金錢,臺北市大安區****,,否,,,,,,,
43,台聯黨,,113,1130229,業務費用支出,安心食品服務股份有限公司善導寺分公司,29056642,0.00,679.00,,,,其他與業務推展有關之費用,金錢,臺北市中正區****,,否,,,,,,,
44,台聯黨,,113,1130229,業務費用支出,和園小吃店,81766594,0.00,1460.00,,,,其他與業務推展有關之費用,金錢,臺北市中正區****,,否,,,,,,,
45,台聯黨,,113,1130302,業務費用支出,國光汽車客運股份有限公司,70810572,0.00,500.00,,,,交通旅運費用,金錢,新北市三重區****,,否,,,,,,,
46,台聯黨,,113,1130303,業務費用支出,計程車,,0.00,255.00,,,,交通旅運費用,金錢,,2759*****,否,,,,,,,
47,台聯黨,,113,1130303,業務費用支出,統一加油站,34967959,0.00,1540.00,,,,交通旅運費用,金錢,,,否,,,,,,,
48,台聯黨,,113,1130307,業務費用支出,計程車,,0.00,360.00,,,,交通旅運費用,金錢,,2759*****,否,,,,,,,
49,台聯黨,,113,1130309,業務費用支出,國光汽車客運股份有限公司,70810572,0.00,441.00,,,,交通旅運費用,金錢,新北市三重區****,,否,,,,,,,
50,台聯黨,,113,1130309,業務費用支出,台亞加油站,50686239,0.00,1031.00,,,,交通旅運費用,金錢,,,否,,,,,,,
51,台聯黨,,113,1130310,業務費用支出,計程車,,0.00,205.00,,,,交通旅運費用,金錢,,2759*****,否,,,,,,,
52,台聯黨,,113,1130310,業務費用支出,計程車,,0.00,145.00,,,,交通旅運費用,金錢,,2759*****,否,,,,,,,
53,台聯黨,,113,1130310,業務費用支出,微風置地股份有限公司-南山分公司,51183903,0.00,630.00,,,,其他與業務推展有關之費用,金錢,,,否,,,,,,,
54,台聯黨,,113,1130310,業務費用支出,阡品小吃店,21752842,0.00,100.00,,,,其他與業務推展有關之費用,金錢,,,否,,,,,,,
55,台聯黨,,113,1130313,業務費用支出,國營臺灣鐵路股份有限公司,07524729,0.00,505.00,,,,交通旅運費用,金錢,臺北市中正區****,,否,,,,,,,
56,台聯黨,,113,1130315,業務費用支出,張國峰家屬,,0.00,2500.00,,,,其他與業務推展有關之費用,金錢,,2394*****,否,,,,,,,
57,台聯黨,,113,1130315,業務費用支出,國營臺灣鐵路股份有限公司,07524729,0.00,459.00,,,,交通旅運費用,金錢,臺北市中正區****,,否,,,,,,,
58,台聯黨,,113,1130315,業務費用支出,台灣高速鐵路股份有限公司,16446274,0.00,645.00,,,,交通旅運費用,金錢,臺北市南港區****,,否,,,,,,,
59,台聯黨,,113,1130316,業務費用支出,計程車,,0.00,120.00,,,,交通旅運費用,金錢,,2759*****,否,,,,,,,
60,台聯黨,,113,1130317,業務費用支出,台灣高速鐵路股份有限公司,16446274,0.00,4195.00,,,,交通旅運費用,金錢,臺北市南港區****,,否,,,,,,,
61,台聯黨,,113,1130317,業務費用支出,計程車,,0.00,110.00,,,,交通旅運費用,金錢,,8965*****,否,,,,,,,
62,台聯黨,,113,1130318,業務費用支出,國光汽車客運股份有限公司,70810572,0.00,425.00,,,,交通旅運費用,金錢,新北市三重區****,,否,,,,,,,
63,台聯黨,,113,1130319,雜支支出,星輝工作坊,78300926,0.00,4000.00,,,,其他為維持日常運作所必要之相關費用,金錢,新北市林口區****,,否,,,,,,,
64,台聯黨,,113,1130319,業務費用支出,三豐小吃店,85145246,0.00,203.00,,,,其他與業務推展有關之費用,金錢,,,否,,,,,,,
65,台聯黨,,113,1130321,業務費用支出,應安有限公司北平東停車場,38492743,0.00,100.00,,,,其他與業務推展有關之費用,金錢,臺北市中正區****,,否,,,,,,,
66,台聯黨,,113,1130322,雜支支出,郵局,,0.00,20.00,,,,其他為維持日常運作所必要之相關費用,金錢,臺北市中正區****,,否,,,,,,,
67,台聯黨,,113,1130322,業務費用支出,國光汽車客運股份有限公司,70810572,0.00,441.00,,,,交通旅運費用,金錢,新北市三重區****,,否,,,,,,,
68,台聯黨,,113,1130322,業務費用支出,三豐小吃店,85145246,0.00,1000.00,,,,其他與業務推展有關之費用,金錢,,,否,,,,,,,
69,台聯黨,,113,1130323,業務費用支出,國營臺灣鐵路股份有限公司,07524729,0.00,139.00,,,,交通旅運費用,金錢,臺北市中正區****,,否,,,,,,,
70,台聯黨,,113,1130325,業務費用支出,國營臺灣鐵路股份有限公司,07524729,0.00,721.00,,,,交通旅運費用,金錢,臺北市中正區****,,否,,,,,,,
71,台聯黨,,113,1130327,業務費用支出,社團法人台灣國家聯盟,48758432,0.00,5000.00,,,,其他與業務推展有關之費用,金錢,,,否,,,,,,,
72,台聯黨,,113,1130330,業務費用支出,國光汽車客運股份有限公司,70810572,0.00,441.00,,,,交通旅運費用,金錢,新北市三重區****,,否,,,,,,,
73,台聯黨,,113,1130330,業務費用支出,勝利加油站,25505956,0.00,1155.00,,,,交通旅運費用,金錢,,,否,,,,,,,
74,台聯黨,,113,1130331,業務費用支出,應安有限公司北平東停車場,38492743,0.00,550.00,,,,其他與業務推展有關之費用,金錢,臺北市中正區****,,否,,,,,,,
75,台聯黨,,113,1130404,業務費用支出,加油-台灣中油,65059221,0.00,1527.00,,,,交通旅運費用,金錢,,,否,,,,,,,
76,台聯黨,,113,1130404,雜支支出,花籃-萬花鄉花坊,15722096,0.00,2000.00,,,,其他為維持日常運作所必要之相關費用,金錢,臺南市金華路****,,否,,,,,,,
77,台聯黨,,113,1130406,業務費用支出,台灣中油,14765940,0.00,1505.00,,,,交通旅運費用,金錢,,,否,,,,,,,
78,台聯黨,,113,1130409,業務費用支出,7-ELEVEN,53012167,0.00,294.00,,,,其他與業務推展有關之費用,金錢,,,否,,,,,,,
79,台聯黨,,113,1130415,雜支支出,郵局,,0.00,100.00,,,,其他為維持日常運作所必要之相關費用,金錢,臺北市中正區****,,否,,,,,,,
80,台聯黨,,113,1130417,雜支支出,郵局,,0.00,56.00,,,,其他為維持日常運作所必要之相關費用,金錢,臺北市中正區****,,否,,,,,,,
81,台聯黨,,113,1130420,業務費用支出,尚津麵食館,10347810,0.00,580.00,,,,其他與業務推展有關之費用,金錢,,,否,,,,,,,
82,台聯黨,,113,1130422,業務費用支出,應安有限公司北平東停車場,38492743,0.00,1050.00,,,,其他與業務推展有關之費用,金錢,臺北市中正區****,,否,,,,,,,
83,台聯黨,,113,1130429,雜支支出,郵局,,0.00,20.00,,,,其他為維持日常運作所必要之相關費用,金錢,臺北市中正區****,,否,,,,,,,
84,台聯黨,,113,1130430,業務費用支出,國營臺灣鐵路股份有限公司,07524729,0.00,2197.00,,,,交通旅運費用,金錢,臺北市中正區****,,否,,,,,,,
85,台聯黨,,113,1130430,業務費用支出,國光汽車客運股份有限公司,70810572,0.00,882.00,,,,交通旅運費用,金錢,新北市三重區****,,否,,,,,,,
86,台聯黨,,113,1130430,業務費用支出,國光汽車客運股份有限公司,70810572,0.00,866.00,,,,交通旅運費用,金錢,新北市三重區****,,否,,,,,,,
87,台聯黨,,113,1130430,業務費用支出,國營臺灣鐵路股份有限公司,07524729,0.00,1089.00,,,,交通旅運費用,金錢,臺北市中正區****,,否,,,,,,,
88,台聯黨,,113,1130430,雜支支出,潔富實業,30867113,0.00,1050.00,,,,其他為維持日常運作所必要之相關費用,金錢,臺北市中正區****,,否,,,,,,,
89,台聯黨,,113,1130507,業務費用支出,國營臺灣鐵路股份有限公司,07524729,0.00,738.00,,,,交通旅運費用,金錢,臺北市中正區****,,否,,,,,,,
90,台聯黨,,113,1130508,業務費用支出,國光汽車客運股份有限公司,70810572,0.00,425.00,,,,交通旅運費用,金錢,新北市三重區****,,否,,,,,,,
91,台聯黨,,113,1130510,雜支支出,沈好,R22*******,0.00,3000.00,,,,其他為維持日常運作所必要之相關費用,金錢,,,否,,,,,,,
92,台聯黨,,113,1130511,業務費用支出,台亞石油,87334124,0.00,1301.00,,,,交通旅運費用,金錢,,,否,,,,,,,
93,台聯黨,,113,1130513,業務費用支出,國寶,80451879,0.00,2000.00,,,,其他與業務推展有關之費用,金錢,,,否,,,,,,,
94,台聯黨,,113,1130513,業務費用支出,年慶企業社,02248534,0.00,1500.00,,,,其他與業務推展有關之費用,金錢,,,否,,,,,,,
95,台聯黨,,113,1130514,雜支支出,郵局,,0.00,20.00,,,,其他為維持日常運作所必要之相關費用,金錢,臺北市中正區****,,否,,,,,,,
96,台聯黨,,113,1130515,業務費用支出,應安有限公司北平東停車場,38492743,0.00,100.00,,,,其他與業務推展有關之費用,金錢,臺北市中正區****,,否,,,,,,,
97,台聯黨,,113,1130517,業務費用支出,加油-久井,81702950,0.00,1508.00,,,,交通旅運費用,金錢,,,否,,,,,,,
98,台聯黨,,113,1130518,業務費用支出,計程車,,0.00,110.00,,,,交通旅運費用,金錢,,8965*****,否,,,,,,,
99,台聯黨,,113,1130520,業務費用支出,鐵道大飯店,23550694,0.00,1115.00,,,,差旅膳宿費用,金錢,,,否,,,,,,,
100,台聯黨,,113,1130522,雜支支出,郵局,,0.00,20.00,,,,其他為維持日常運作所必要之相關費用,金錢,臺北市中正區****,,否,,,,,,,
101,台聯黨,,113,1130522,業務費用支出,國營臺灣鐵路股份有限公司,07524729,0.00,103.00,,,,交通旅運費用,金錢,臺北市中正區****,,否,,,,,,,
102,台聯黨,,113,1130522,業務費用支出,全聯,53665407,0.00,197.00,,,,其他與業務推展有關之費用,金錢,,,否,,,,,,,
103,台聯黨,,113,1130523,雜支支出,郵局,,0.00,20.00,,,,其他為維持日常運作所必要之相關費用,金錢,臺北市中正區****,,否,,,,,,,
104,台聯黨,,113,1130523,業務費用支出,台灣高速鐵路股份有限公司,16446274,0.00,2395.00,,,,交通旅運費用,金錢,臺北市南港區****,,否,,,,,,,
105,台聯黨,,113,1130524,雜支支出,郵局,,0.00,15.00,,,,其他為維持日常運作所必要之相關費用,金錢,臺北市中正區****,,否,,,,,,,
106,台聯黨,,113,1130529,雜支支出,郵局,,0.00,20.00,,,,其他為維持日常運作所必要之相關費用,金錢,臺北市中正區****,,否,,,,,,,
107,台聯黨,,113,1130530,業務費用支出,國營臺灣鐵路股份有限公司,07524729,0.00,738.00,,,,交通旅運費用,金錢,臺北市中正區****,,否,,,,,,,
108,台聯黨,,113,1130530,業務費用支出,加油-全國,74924534,0.00,1115.00,,,,交通旅運費用,金錢,,,否,,,,,,,
109,台聯黨,,113,1130530,業務費用支出,垂坤食品有限公司-山柑分公司,54262986,0.00,1100.00,,,,其他與業務推展有關之費用,金錢,,,否,,,,,,,
110,台聯黨,,113,1130531,業務費用支出,國營臺灣鐵路股份有限公司,07524729,0.00,1876.00,,,,交通旅運費用,金錢,臺北市中正區****,,否,,,,,,,
111,台聯黨,,113,1130531,雜支支出,郵局,,0.00,1127.00,,,,其他為維持日常運作所必要之相關費用,金錢,臺北市中正區****,,否,,,,,,,
112,台聯黨,,113,1130601,業務費用支出,國營臺灣鐵路股份有限公司,07524729,0.00,582.00,,,,交通旅運費用,金錢,臺北市中正區****,,否,,,,,,,
113,台聯黨,,113,1130601,業務費用支出,加油-勝利加油站(建國南路),25505956,0.00,1252.00,,,,交通旅運費用,金錢,,,否,,,,,,,
114,台聯黨,,113,1130608,業務費用支出,台灣高速鐵路股份有限公司,16446274,0.00,5940.00,,,,交通旅運費用,金錢,臺北市南港區****,,否,,,,,,,
115,台聯黨,,113,1130608,雜支支出,花籃-大芳商行,07984440,0.00,2000.00,,,,其他為維持日常運作所必要之相關費用,金錢,,,否,,,,,,,
116,台聯黨,,113,1130614,雜支支出,刻章-金振發,04236844,0.00,500.00,,,,其他為維持日常運作所必要之相關費用,金錢,,,否,,,,,,,
117,台聯黨,,113,1130614,業務費用支出,應安有限公司北平東停車場,38492743,0.00,525.00,,,,其他與業務推展有關之費用,金錢,臺北市中正區****,,否,,,,,,,
118,台聯黨,,113,1130614,業務費用支出,計程車,,0.00,95.00,,,,交通旅運費用,金錢,,8965*****,否,,,,,,,
119,台聯黨,,113,1130615,業務費用支出,國營臺灣鐵路股份有限公司,07524729,0.00,278.00,,,,交通旅運費用,金錢,臺北市中正區****,,否,,,,,,,
120,台聯黨,,113,1130616,業務費用支出,捷星航空,,0.00,1500.00,,,,其他與業務推展有關之費用,金錢,,0801*****,否,,,,,,,
121,台聯黨,,113,1130619,業務費用支出,計程車,,0.00,230.00,,,,交通旅運費用,金錢,,0800*****,否,,,,,,,
122,台聯黨,,113,1130620,業務費用支出,加油-台灣中油(林森北路),01490119,0.00,348.00,,,,交通旅運費用,金錢,,,否,,,,,,,
123,台聯黨,,113,1130623,業務費用支出,國光汽車客運股份有限公司,70810572,0.00,1748.00,,,,交通旅運費用,金錢,新北市三重區****,,否,,,,,,,
124,台聯黨,,113,1130630,業務費用支出,國營臺灣鐵路股份有限公司,07524729,0.00,1459.00,,,,交通旅運費用,金錢,臺北市中正區****,,否,,,,,,,
125,台聯黨,,113,1130630,雜支支出,花籃-慶瑞蘭園,R12*******,0.00,2000.00,,,,其他為維持日常運作所必要之相關費用,金錢,臺南市新化區****,,否,,,,,,,
126,台聯黨,,113,1130701,雜支支出,文具-明林美術,86071904,0.00,189.00,,,,其他為維持日常運作所必要之相關費用,金錢,新北市永和區****,,否,,,,,,,
127,台聯黨,,113,1130704,雜支支出,郵局,,0.00,20.00,,,,其他為維持日常運作所必要之相關費用,金錢,臺北市中正區****,,否,,,,,,,
128,台聯黨,,113,1130705,雜支支出,郵局,,0.00,20.00,,,,其他為維持日常運作所必要之相關費用,金錢,臺北市中正區****,,否,,,,,,,
129,台聯黨,,113,1130705,雜支支出,義美-北榮,42824940,0.00,419.00,,,,其他為維持日常運作所必要之相關費用,金錢,新北市永和區****,,否,,,,,,,
130,台聯黨,,113,1130706,業務費用支出,停車費-助安蘆洲,91650832,0.00,140.00,,,,其他與業務推展有關之費用,金錢,,,否,,,,,,,
131,台聯黨,,113,1130712,雜支支出,訂報-大紀元,,0.00,4500.00,,,,書報雜誌費用,金錢,,8797*****,否,,,,,,,
132,台聯黨,,113,1130723,雜支支出,訂報-台灣時報,,0.00,3600.00,,,,書報雜誌費用,金錢,,2351*****,否,,,,,,,
133,台聯黨,,113,1130730,雜支支出,手續費-郵局,,0.00,15.00,,,,其他為維持日常運作所必要之相關費用,金錢,臺北市中正區****,,否,,,,,,,
134,台聯黨,,113,1130731,業務費用支出,國光汽車客運股份有限公司,70810572,0.00,1746.00,,,,交通旅運費用,金錢,新北市三重區****,,否,,,,,,,
135,台聯黨,,113,1130731,業務費用支出,國營臺灣鐵路股份有限公司,07524729,0.00,1574.00,,,,交通旅運費用,金錢,臺北市中正區****,,否,,,,,,,
136,台聯黨,,113,1130802,業務費用支出,社團法人台灣北社,15561459,0.00,3000.00,,,,其他與業務推展有關之費用,金錢,,,否,,,,,,,
137,台聯黨,,113,1130805,雜支支出,手續費-郵局,,0.00,20.00,,,,其他為維持日常運作所必要之相關費用,金錢,臺北市中正區****,,否,,,,,,,
138,台聯黨,,113,1130806,業務費用支出,國光汽車客運股份有限公司,70810572,0.00,455.00,,,,交通旅運費用,金錢,新北市三重區****,,否,,,,,,,
139,台聯黨,,113,1130807,業務費用支出,Wix.com LTD,88133080,0.00,4546.00,,,,其他與業務推展有關之費用,金錢,,,否,,,,,,,
140,台聯黨,,113,1130811,業務費用支出,加油-桃園,01826873,0.00,1506.00,,,,交通旅運費用,金錢,,,否,,,,,,,
141,台聯黨,,113,1130816,業務費用支出,台灣高速鐵路股份有限公司,16446274,0.00,1305.00,,,,交通旅運費用,金錢,臺北市南港區****,,否,,,,,,,
142,台聯黨,,113,1130816,業務費用支出,台灣高速鐵路股份有限公司,16446274,0.00,2230.00,,,,交通旅運費用,金錢,臺北市南港區****,,否,,,,,,,
143,台聯黨,,113,1130820,雜支支出,手續費-郵局,,0.00,20.00,,,,其他為維持日常運作所必要之相關費用,金錢,臺北市中正區****,,否,,,,,,,
144,台聯黨,,113,1130824,業務費用支出,國營臺灣鐵路股份有限公司,07524729,0.00,2935.00,,,,交通旅運費用,金錢,臺北市中正區****,,否,,,,,,,
145,台聯黨,,113,1130826,雜支支出,手續費-郵局,,0.00,20.00,,,,其他為維持日常運作所必要之相關費用,金錢,臺北市中正區****,,否,,,,,,,
146,台聯黨,,113,1130827,雜支支出,手續費-郵局,,0.00,20.00,,,,其他為維持日常運作所必要之相關費用,金錢,臺北市中正區****,,否,,,,,,,
147,台聯黨,,113,1130831,雜支支出,手續費-郵局,,0.00,15.00,,,,其他為維持日常運作所必要之相關費用,金錢,臺北市中正區****,,否,,,,,,,
148,台聯黨,,113,1130831,業務費用支出,國光汽車客運股份有限公司,70810572,0.00,1382.00,,,,交通旅運費用,金錢,新北市三重區****,,否,,,,,,,
149,台聯黨,,113,1130831,業務費用支出,國營臺灣鐵路股份有限公司,07524729,0.00,180.00,,,,交通旅運費用,金錢,臺北市中正區****,,否,,,,,,,
150,台聯黨,,113,1130831,雜支支出,手續費-郵局,,0.00,98.00,,,,其他為維持日常運作所必要之相關費用,金錢,臺北市中正區****,,否,,,,,,,
151,台聯黨,,113,1130901,業務費用支出,國光汽車客運股份有限公司,70810572,0.00,441.00,,,,交通旅運費用,金錢,新北市三重區****,,否,,,,,,,
152,台聯黨,,113,1130901,業務費用支出,謝庭豪,,0.00,3000.00,,,,其他與業務推展有關之費用(包同鄉家屬),金錢,,0908*****,否,,,,,,,
153,台聯黨,,113,1130902,雜支支出,手續費-郵局,,0.00,20.00,,,,其他為維持日常運作所必要之相關費用,金錢,臺北市中正區****,,否,,,,,,,
154,台聯黨,,113,1130902,雜支支出,文具-明林美術,86071904,0.00,105.00,,,,文具用品費用,金錢,新北市永和區****,,否,,,,,,,
155,台聯黨,,113,1130903,業務費用支出,計程車,,0.00,190.00,,,,交通旅運費用,金錢,,2759*****,否,,,,,,,
156,台聯黨,,113,1130904,業務費用支出,安心食品服務股份有限公司-羅斯福路分公司,80541274,0.00,140.00,,,,其他與業務推展有關之費用,金錢,,,否,,,,,,,
157,台聯黨,,113,1130907,業務費用支出,國營臺灣鐵路股份有限公司,07524729,0.00,130.00,,,,交通旅運費用,金錢,臺北市中正區****,,否,,,,,,,
158,台聯黨,,113,1130910,業務費用支出,加油-台灣中油(林森北路),01490119,0.00,930.00,,,,交通旅運費用,金錢,,,否,,,,,,,
159,台聯黨,,113,1130912,業務費用支出,新東陽股份有限公司台北國際機場商場門市部,42467936,0.00,700.00,,,,其他與業務推展有關之費用,金錢,,,否,,,,,,,
160,台聯黨,,113,1130913,業務費用支出,應安有限公司北平東停車場,38492743,0.00,180.00,,,,其他與業務推展有關之費用,金錢,臺北市中正區****,,否,,,,,,,
161,台聯黨,,113,1130914,雜支支出,手續費-郵局,,0.00,20.00,,,,其他為維持日常運作所必要之相關費用,金錢,臺北市中正區****,,否,,,,,,,
162,台聯黨,,113,1130915,業務費用支出,國光汽車客運股份有限公司,70810572,0.00,1323.00,,,,交通旅運費用,金錢,新北市三重區****,,否,,,,,,,
163,台聯黨,,113,1130917,雜支支出,拖把-特力屋,80032010,0.00,449.00,,,,其他為維持日常運作所必要之相關費用,金錢,,,否,,,,,,,
164,台聯黨,,113,1130919,業務費用支出,禾旭實業有限公司,52659080,0.00,210.00,,,,其他與業務推展有關之費用,金錢,,,否,,,,,,,
165,台聯黨,,113,1130919,業務費用支出,又一村小吃店,98882392,0.00,345.00,,,,其他與業務推展有關之費用,金錢,,,否,,,,,,,
166,台聯黨,,113,1130921,業務費用支出,濟南教會,04141988,0.00,2000.00,,,,其他與業務推展有關之費用,金錢,,,否,,,,,,,
167,台聯黨,,113,1130924,雜支支出,文具-世維,04404980,0.00,75.00,,,,文具用品費用,金錢,,,否,,,,,,,
168,台聯黨,,113,1130924,業務費用支出,台灣新世紀文教基金會,81583005,0.00,5000.00,,,,其他與業務推展有關之費用,金錢,,,否,,,,,,,
169,台聯黨,,113,1130924,業務費用支出,國光汽車客運股份有限公司,70810572,0.00,866.00,,,,交通旅運費用,金錢,新北市三重區****,,否,,,,,,,
170,台聯黨,,113,1130925,雜支支出,手續費-郵局,,0.00,20.00,,,,其他為維持日常運作所必要之相關費用,金錢,臺北市大安區****,,否,,,,,,,
171,台聯黨,,113,1130926,雜支支出,中華郵政股份有限公司,03741302,0.00,2472.00,,,,其他為維持日常運作所必要之相關費用,金錢,臺北市大安區****,,否,,,,,,,
172,台聯黨,,113,1130926,業務費用支出,中華電信,96979997,0.00,800.00,,,,其他與業務推展有關之費用,金錢,,,否,,,,,,,
173,台聯黨,,113,1130927,雜支支出,中華郵政股份有限公司儲匯處,,0.00,20.00,,,,其他為維持日常運作所必要之相關費用,金錢,臺北市大安區****,,否,,,,,,,
174,台聯黨,,113,1130930,雜支支出,中華郵政股份有限公司儲匯處,,0.00,35.00,,,,其他為維持日常運作所必要之相關費用,金錢,臺北市大安區****,,否,,,,,,,
175,台聯黨,,113,1130930,雜支支出,中華郵政股份有限公司,03741302,0.00,676.00,,,,其他為維持日常運作所必要之相關費用,金錢,臺北市大安區****,,否,,,,,,,
176,台聯黨,,113,1130930,雜支支出,文具-世維,04404980,0.00,75.00,,,,文具用品費用,金錢,,,否,,,,,,,
177,台聯黨,,113,1131001,雜支支出,藍新科技,,0.00,120.00,,,,其他為維持日常運作所必要之相關費用,金錢,臺北市南港區****,,否,,,,,,,
178,台聯黨,,113,1131002,雜支支出,文具-明林美術,86071904,0.00,70.00,,,,其他為維持日常運作所必要之相關費用,金錢,新北市永和區****,,否,,,,,,,
179,台聯黨,,113,1131004,雜支支出,中華郵政股份有限公司儲匯處,,0.00,80.00,,,,其他為維持日常運作所必要之相關費用,金錢,臺北市大安區****,,否,,,,,,,
180,台聯黨,,113,1131008,雜支支出,中華郵政股份有限公司儲匯處,,0.00,60.00,,,,其他為維持日常運作所必要之相關費用,金錢,臺北市大安區****,,否,,,,,,,
181,台聯黨,,113,1131008,業務費用支出,御全壽司屋,26339581,0.00,1920.00,,,,其他與業務推展有關之費用,金錢,,,否,,,,,,,
182,台聯黨,,113,1131009,雜支支出,中華郵政股份有限公司儲匯處,,0.00,100.00,,,,其他為維持日常運作所必要之相關費用,金錢,臺北市大安區****,,否,,,,,,,
183,台聯黨,,113,1131011,雜支支出,中華郵政股份有限公司儲匯處,,0.00,80.00,,,,其他為維持日常運作所必要之相關費用,金錢,臺北市大安區****,,否,,,,,,,
184,台聯黨,,113,1131014,雜支支出,中華郵政股份有限公司儲匯處,,0.00,40.00,,,,其他為維持日常運作所必要之相關費用,金錢,臺北市大安區****,,否,,,,,,,
185,台聯黨,,113,1131015,雜支支出,中華郵政股份有限公司儲匯處,,0.00,60.00,,,,其他為維持日常運作所必要之相關費用,金錢,臺北市大安區****,,否,,,,,,,
186,台聯黨,,113,1131016,雜支支出,中華郵政股份有限公司儲匯處,,0.00,80.00,,,,其他為維持日常運作所必要之相關費用,金錢,臺北市大安區****,,否,,,,,,,
187,台聯黨,,113,1131016,業務費用支出,國營臺灣鐵路股份有限公司,07524729,0.00,2164.00,,,,交通旅運費用,金錢,臺北市中正區****,,否,,,,,,,
188,台聯黨,,113,1131016,業務費用支出,加油-台灣中油(林森北路),01490119,0.00,723.00,,,,交通旅運費用,金錢,,,否,,,,,,,
189,台聯黨,,113,1131017,雜支支出,中華郵政股份有限公司儲匯處,,0.00,40.00,,,,其他為維持日常運作所必要之相關費用,金錢,臺北市大安區****,,否,,,,,,,
190,台聯黨,,113,1131018,雜支支出,中華郵政股份有限公司儲匯處,,0.00,100.00,,,,其他為維持日常運作所必要之相關費用,金錢,臺北市大安區****,,否,,,,,,,
191,台聯黨,,113,1131018,業務費用支出,台聯黨,13543885,0.00,10500.00,,,,其他與業務推展有關之費用,非金錢,台北市中正區****,,否,,,,,,,
192,台聯黨,,113,1131018,業務費用支出,台灣高速鐵路股份有限公司,16446274,0.00,1350.00,,,,交通旅運費用,金錢,臺北市南港區****,,否,,,,,,,
193,台聯黨,,113,1131018,業務費用支出,計程車,,0.00,200.00,,,,交通旅運費用,金錢,,8965*****,否,,,,,,,
194,台聯黨,,113,1131018,業務費用支出,阡品小吃店,21752842,0.00,470.00,,,,其他與業務推展有關之費用,金錢,,,否,,,,,,,
195,台聯黨,,113,1131018,業務費用支出,停車場-新北市農會,25637886,0.00,135.00,,,,其他與業務推展有關之費用,金錢,臺北市中正區****,,否,,,,,,,
196,台聯黨,,113,1131019,業務費用支出,加油-台灣中油,99369230,0.00,1473.00,,,,交通旅運費用,金錢,,,否,,,,,,,
197,台聯黨,,113,1131021,雜支支出,中華郵政股份有限公司儲匯處,,0.00,40.00,,,,其他為維持日常運作所必要之相關費用,金錢,臺北市大安區****,,否,,,,,,,
198,台聯黨,,113,1131021,業務費用支出,應安有限公司北平東停車場,38492743,0.00,60.00,,,,其他與業務推展有關之費用,金錢,臺北市中正區****,,否,,,,,,,
199,台聯黨,,113,1131023,雜支支出,中華郵政股份有限公司儲匯處,,0.00,80.00,,,,其他為維持日常運作所必要之相關費用,金錢,臺北市大安區****,,否,,,,,,,
200,台聯黨,,113,1131023,業務費用支出,台灣環境保護聯盟,18038746,0.00,3000.00,,,,其他與業務推展有關之費用,金錢,,,否,,,,,,,
201,台聯黨,,113,1131024,雜支支出,中華郵政股份有限公司儲匯處,,0.00,20.00,,,,其他為維持日常運作所必要之相關費用,金錢,臺北市大安區****,,否,,,,,,,
202,台聯黨,,113,1131024,業務費用支出,停車費-三重,91918986,0.00,120.00,,,,其他與業務推展有關之費用,金錢,,,否,,,,,,,
203,台聯黨,,113,1131025,業務費用支出,國光汽車客運股份有限公司,70810572,0.00,934.00,,,,交通旅運費用,金錢,新北市三重區****,,否,,,,,,,
204,台聯黨,,113,1131026,業務費用支出,加油-勝利加油站(建國南路),25505956,0.00,1000.00,,,,交通旅運費用,金錢,,,否,,,,,,,
205,台聯黨,,113,1131028,雜支支出,中華郵政股份有限公司儲匯處,,0.00,15.00,,,,其他為維持日常運作所必要之相關費用,金錢,臺北市大安區****,,否,,,,,,,
206,台聯黨,,113,1131028,雜支支出,星輝工作坊,78300926,0.00,2000.00,,,,其他為維持日常運作所必要之相關費用,金錢,新北市林口區****,,否,,,,,,,
207,台聯黨,,113,1131028,業務費用支出,助安企業有限公司-二殯,93111059,0.00,75.00,,,,其他與業務推展有關之費用,金錢,,,否,,,,,,,
208,台聯黨,,113,1131028,業務費用支出,停車費-二殯,93111059,0.00,75.00,,,,其他與業務推展有關之費用,金錢,,,否,,,,,,,
209,台聯黨,,113,1131029,雜支支出,中華郵政股份有限公司,03741302,0.00,126.00,,,,其他為維持日常運作所必要之相關費用,金錢,臺北市大安區****,,否,,,,,,,
210,台聯黨,,113,1131030,業務費用支出,台灣高速鐵路股份有限公司,16446274,0.00,675.00,,,,交通旅運費用,金錢,臺北市南港區****,,否,,,,,,,
211,台聯黨,,113,1131101,雜支支出,藍新科技,,0.00,766.00,,,,其他為維持日常運作所必要之相關費用,金錢,臺北市南港區****,,否,,,,,,,
212,台聯黨,,113,1131103,業務費用支出,國營臺灣鐵路股份有限公司,07524729,0.00,1211.00,,,,交通旅運費用,金錢,臺北市中正區****,,否,,,,,,,
213,台聯黨,,113,1131105,返還捐贈支出,財團法人李登輝基金會,,0.00,10000.00,,,,返還,金錢,新北市淡水區****,,否,,,,,,,
214,台聯黨,,113,1131105,業務費用支出,台灣教授協會,81585171,0.00,9000.00,,,,其他與業務推展有關之費用,金錢,,,否,,,,,,,
215,台聯黨,,113,1131105,雜支支出,富邦媒體momo,27365925,0.00,1122.00,,,,其他為維持日常運作所必要之相關費用,金錢,,,否,,,,,,,
216,台聯黨,,113,1131108,雜支支出,中華郵政股份有限公司儲匯處,,0.00,20.00,,,,其他為維持日常運作所必要之相關費用,金錢,臺北市大安區****,,否,,,,,,,
217,台聯黨,,113,1131115,業務費用支出,國光汽車客運股份有限公司,70810572,0.00,838.00,,,,交通旅運費用,金錢,新北市三重區****,,否,,,,,,,
218,台聯黨,,113,1131117,業務費用支出,國營臺灣鐵路股份有限公司,07524729,0.00,853.00,,,,交通旅運費用,金錢,臺北市中正區****,,否,,,,,,,
219,台聯黨,,113,1131118,雜支支出,中華郵政股份有限公司儲匯處,,0.00,20.00,,,,其他為維持日常運作所必要之相關費用,金錢,臺北市大安區****,,否,,,,,,,
220,台聯黨,,113,1131118,業務費用支出,小玉小吃店,10301510,0.00,190.00,,,,其他與業務推展有關之費用,金錢,,,否,,,,,,,
221,台聯黨,,113,1131119,雜支支出,中華郵政股份有限公司儲匯處,,0.00,20.00,,,,其他為維持日常運作所必要之相關費用,金錢,臺北市大安區****,,否,,,,,,,
222,台聯黨,,113,1131119,業務費用支出,停車場-新北市農會,25637886,0.00,105.00,,,,其他與業務推展有關之費用,金錢,臺北市中正區****,,否,,,,,,,
223,台聯黨,,113,1131120,雜支支出,中華郵政股份有限公司儲匯處,,0.00,20.00,,,,其他為維持日常運作所必要之相關費用,金錢,臺北市大安區****,,否,,,,,,,
224,台聯黨,,113,1131122,雜支支出,中華郵政股份有限公司儲匯處,,0.00,20.00,,,,其他為維持日常運作所必要之相關費用,金錢,臺北市大安區****,,否,,,,,,,
225,台聯黨,,113,1131126,雜支支出,中華郵政股份有限公司,03741302,0.00,521.00,,,,其他為維持日常運作所必要之相關費用,金錢,臺北市大安區****,,否,,,,,,,
226,台聯黨,,113,1131127,雜支支出,中華郵政股份有限公司儲匯處,,0.00,20.00,,,,其他為維持日常運作所必要之相關費用,金錢,臺北市大安區****,,否,,,,,,,
227,台聯黨,,113,1131129,雜支支出,中華郵政股份有限公司儲匯處,,0.00,20.00,,,,其他為維持日常運作所必要之相關費用,金錢,臺北市大安區****,,否,,,,,,,
228,台聯黨,,113,1131201,雜支支出,藍新科技,,0.00,163.00,,,,其他為維持日常運作所必要之相關費用,金錢,臺北市南港區****,,否,,,,,,,
229,台聯黨,,113,1131203,業務費用支出,社團法人台灣國,38637277,0.00,30000.00,,,,其他與業務推展有關之費用,金錢,臺北市中正區****,,否,,,,,,,
230,台聯黨,,113,1131204,業務費用支出,港記小吃店,26358215,0.00,1090.00,,,,其他與業務推展有關之費用,金錢,,,否,,,,,,,
231,台聯黨,,113,1131205,雜支支出,中華郵政股份有限公司儲匯處,,0.00,20.00,,,,其他為維持日常運作所必要之相關費用,金錢,臺北市大安區****,,否,,,,,,,
232,台聯黨,,113,1131210,雜支支出,文具-萬佳,80280340,0.00,800.00,,,,文具用品費用,金錢,,,否,,,,,,,
233,台聯黨,,113,1131214,業務費用支出,計程車,,0.00,355.00,,,,交通旅運費用,金錢,,2759*****,否,,,,,,,
234,台聯黨,,113,1131217,雜支支出,中華郵政股份有限公司儲匯處,,0.00,20.00,,,,其他為維持日常運作所必要之相關費用,金錢,臺北市大安區****,,否,,,,,,,
235,台聯黨,,113,1131221,業務費用支出,國光汽車客運股份有限公司,70810572,0.00,1831.00,,,,交通旅運費用,金錢,新北市三重區****,,否,,,,,,,
236,台聯黨,,113,1131221,業務費用支出,計程車,,0.00,175.00,,,,交通旅運費用,金錢,,2759*****,否,,,,,,,
237,台聯黨,,113,1131224,雜支支出,文具-伯光,21201382,0.00,296.00,,,,其他為維持日常運作所必要之相關費用,金錢,臺北市中正區****,,否,,,,,,,
238,台聯黨,,113,1131225,雜支支出,中華郵政股份有限公司儲匯處,,0.00,15.00,,,,其他為維持日常運作所必要之相關費用,金錢,臺北市大安區****,,否,,,,,,,
239,台聯黨,,113,1131226,雜支支出,文具-正方圓,54311847,0.00,88.00,,,,其他為維持日常運作所必要之相關費用,金錢,,,否,,,,,,,
240,台聯黨,,113,1131229,業務費用支出,全聯-永和,90303357,0.00,690.00,,,,其他與業務推展有關之費用,金錢,,,否,,,,,,,
241,台聯黨,,113,1131231,雜支支出,中華郵政股份有限公司,03741302,0.00,580.00,,,,其他為維持日常運作所必要之相關費用,金錢,臺北市大安區****,,否,,,,,,,
242,台聯黨,,113,1131231,人事費用支出,勞動部勞工保險局,03769808,0.00,63263.00,,,,其他因工作酬勞之給付,金錢,臺北市中正區****,,否,,,,,,,
243,台聯黨,,113,1131231,人事費用支出,勞動部勞工保險局(勞退),03769808,0.00,48566.00,,,,其他因工作酬勞之給付,金錢,臺北市中正區****,,否,,,,,,,
244,台聯黨,,113,1131231,人事費用支出,中央健保署,08628407,0.00,24022.00,,,,11301-11312其他因工作酬勞之給付,金錢,臺北市大安區****,,否,,,,,,,
245,台聯黨,,113,1131231,業務費用支出,滎得會計師事務所,85186077,0.00,50000.00,,,,其他與業務推展有關之費用,金錢,臺北市松山區****,,否,,,,,,,
246,台聯黨,,113,1131231,人事費用支出,許麗玉,F22*******,0.00,20000.00,,,,其他因工作酬勞之給付,金錢,臺北市中正區****,,否,,,,,,,
247,台聯黨,,113,1131231,人事費用支出,王元廷,L10*******,0.00,2000.00,,,,其他因工作酬勞之給付,金錢,臺北市中正區****,,否,,,,,,,
248,台聯黨,,113,1131231,人事費用支出,王銘源,P12*******,0.00,41000.00,,,,其他因工作酬勞之給付,金錢,新北市五股區****,,否,,,,,,,
249,台聯黨,,113,1131231,人事費用支出,辜耀興,A12*******,0.00,109200.00,,,,其他因工作酬勞之給付,金錢,臺北市松山區****,,否,,,,,,,
250,台聯黨,,113,1131231,人事費用支出,王思棠,A12*******,0.00,21000.00,,,,工資或薪津,金錢,新北市板橋區****,,否,,,,,,,
251,台聯黨,,113,1131231,人事費用支出,王茂全,D12*******,0.00,5000.00,,,,其他因工作酬勞之給付,金錢,臺南市北區實****,,否,,,,,,,
252,台聯黨,,113,1131231,人事費用支出,歐陽瑞蓮,A22*******,0.00,60000.00,,,,其他因工作酬勞之給付,金錢,臺北市內湖區****,,否,,,,,,,
253,台聯黨,,113,1131231,人事費用支出,蔡卓立,Y12*******,0.00,1000.00,,,,其他因工作酬勞之給付,金錢,臺北市中正區****,,否,,,,,,,
254,台聯黨,,113,1131231,人事費用支出,劉一德,Q12*******,0.00,61000.00,,,,工資或薪津,金錢,臺北市中正區****,,否,,,,,,,
255,台聯黨,,113,1131231,人事費用支出,賴其瑋,B12*******,0.00,107000.00,,,,其他因工作酬勞之給付,金錢,臺北市中正區****,,否,,,,,,,
256,台聯黨,,113,1131231,人事費用支出,周倪安,A22*******,0.00,360000.00,,,,工資或薪津,金錢,臺北市中正區****,,否,,,,,,,
257,台聯黨,,113,1131231,人事費用支出,周倪安,A22*******,0.00,20000.00,,,,其他因工作酬勞之給付,金錢,臺北市中正區****,,否,,,,,,,
258,台聯黨,,113,1131231,人事費用支出,黎益勝,F12*******,0.00,51500.00,,,,其他因工作酬勞之給付,金錢,臺北市中正區****,,否,,,,,,,
259,台聯黨,,113,1131231,人事費用支出,游文玲,A22*******,0.00,22000.00,,,,其他因工作酬勞之給付,金錢,臺北市中正區****,,否,,,,,,,
260,台聯黨,,113,1131231,人事費用支出,吳億帆,F13*******,0.00,9677.00,,,,其他因工作酬勞之給付,金錢,臺北市中正區****,,否,,,,,,,
261,台聯黨,,113,1131231,人事費用支出,魏明炎,R12*******,0.00,8000.00,,,,其他因工作酬勞之給付,金錢,臺南市新營區****,,否,,,,,,,
262,台聯黨,,113,1131231,人事費用支出,王皆新,F12*******,0.00,13000.00,,,,其他因工作酬勞之給付,金錢,新北市新莊區****,,否,,,,,,,
263,台聯黨,,113,1131231,雜支支出,藍新科技,,0.00,562.00,,,,其他為維持日常運作所必要之相關費用,金錢,台北市南港區****,,否,,,,,,,
