﻿序號,擬參選人／政黨,選舉名稱,申報序號／年度,交易日期,收支科目,捐贈者／支出對象,身分證／統一編號,收入金額,支出金額,支出用途,金錢類,地址,聯絡電話,資料更正日期
1,鄭秋風,107年縣(市)議員選舉,首次申報,1070920,人事費用支出,劉文國,K12*******,0.00,10000.00,工資或薪津,金錢,苗栗縣後龍鎮****,0987*****,
2,鄭秋風,107年縣(市)議員選舉,首次申報,1070920,人事費用支出,呂秋明,K12*******,0.00,10000.00,工資或薪津,金錢,苗栗縣後龍鎮****,0908*****,
3,鄭秋風,107年縣(市)議員選舉,首次申報,1070928,宣傳支出,益勝鷹架有限公司,42776004,0.00,59900.00,租用廣告看板或車體廣告支出,金錢,苗栗縣後龍鎮****,0963*****,
4,鄭秋風,107年縣(市)議員選舉,首次申報,1071003,宣傳支出,吉元開發有限公司,70664297,0.00,114500.00,製作競選物品支出（衣服、背心、帽子）,金錢,新北市五股區****,0921*****,
5,鄭秋風,107年縣(市)議員選舉,首次申報,1071005,人事費用支出,梁玲瑟,L22*******,0.00,25000.00,工資或薪津,金錢,臺中市豐原區****,0977*****,
6,鄭秋風,107年縣(市)議員選舉,首次申報,1071008,人事費用支出,呂秋明,K12*******,0.00,5250.00,工資或薪津,金錢,苗栗縣後龍鎮****,0908*****,
7,鄭秋風,107年縣(市)議員選舉,首次申報,1071008,人事費用支出,劉文國,K12*******,0.00,15000.00,工資或薪津,金錢,苗栗縣後龍鎮****,0987*****,
8,鄭秋風,107年縣(市)議員選舉,首次申報,1071013,集會支出,張國亨,M12*******,0.00,19500.00,租用設備支出(總部成立用-蓬架、歐帳、流動廁所),金錢,苗栗縣後龍鎮****,0928*****,
9,鄭秋風,107年縣(市)議員選舉,首次申報,1071016,人事費用支出,呂秋明,K12*******,0.00,15000.00,工資或薪津,金錢,苗栗縣後龍鎮****,0908*****,
10,鄭秋風,107年縣(市)議員選舉,首次申報,1071016,人事費用支出,劉文國,K12*******,0.00,14250.00,工資或薪津,金錢,苗栗縣後龍鎮****,0987*****,
11,鄭秋風,107年縣(市)議員選舉,首次申報,1071025,人事費用支出,劉文國,K12*******,0.00,13500.00,工資或薪津,金錢,苗栗縣後龍鎮****,0987*****,
12,鄭秋風,107年縣(市)議員選舉,首次申報,1071027,租用宣傳車輛支出,陳志明,K12*******,0.00,18000.00,雇用宣傳車輛駕駛支出,金錢,苗栗縣後龍鎮****,0980*****,
13,鄭秋風,107年縣(市)議員選舉,首次申報,1071027,租用宣傳車輛支出,黃清標,K12*******,0.00,12000.00,雇用宣傳車輛駕駛支出,金錢,苗栗縣後龍鎮****,0956*****,
14,鄭秋風,107年縣(市)議員選舉,首次申報,1071027,人事費用支出,呂秋明,K12*******,0.00,8400.00,工資或薪津,金錢,苗栗縣後龍鎮****,0908*****,
15,鄭秋風,107年縣(市)議員選舉,首次申報,1071027,人事費用支出,葉庭彰,K12*******,0.00,8500.00,工資或薪津,金錢,苗栗縣後龍鎮****,0922*****,
16,鄭秋風,107年縣(市)議員選舉,首次申報,1071027,人事費用支出,陳麗華,K22*******,0.00,6500.00,工資或薪津,金錢,苗栗縣後龍鎮****,0912*****,
17,鄭秋風,107年縣(市)議員選舉,首次申報,1071027,人事費用支出,王麗華,K22*******,0.00,7000.00,工資或薪津,金錢,苗栗縣後龍鎮****,0975*****,
18,鄭秋風,107年縣(市)議員選舉,首次申報,1071027,人事費用支出,洪月雲,K22*******,0.00,5000.00,工資或薪津,金錢,苗栗縣後龍鎮****,0928*****,
19,鄭秋風,107年縣(市)議員選舉,首次申報,1071027,租用宣傳車輛支出,張信釧,P10*******,0.00,18000.00,雇用宣傳車輛駕駛支出,金錢,苗栗縣後龍鎮****,0927*****,
20,鄭秋風,107年縣(市)議員選舉,首次申報,1071030,宣傳支出,晉雅堂,05923340,0.00,190000.00,製作競選物品支出（旗幟、小手旗）,金錢,彰化縣鹿港鎮****,04-7*****,
21,鄭秋風,107年縣(市)議員選舉,首次申報,1071105,租用宣傳車輛支出,黃清標,K12*******,0.00,25000.00,雇用宣傳車輛駕駛支出,金錢,苗栗縣後龍鎮****,0956*****,
22,鄭秋風,107年縣(市)議員選舉,首次申報,1071105,租用宣傳車輛支出,陳志明,K12*******,0.00,30000.00,雇用宣傳車輛駕駛支出,金錢,苗栗縣後龍鎮****,0980*****,
23,鄭秋風,107年縣(市)議員選舉,首次申報,1071105,人事費用支出,卓雷洲,K12*******,0.00,30000.00,工資或薪津,金錢,苗栗縣後龍鎮****,0932*****,
24,鄭秋風,107年縣(市)議員選舉,首次申報,1071105,人事費用支出,劉文國,K12*******,0.00,16500.00,工資或薪津,金錢,苗栗縣後龍鎮****,0987*****,
25,鄭秋風,107年縣(市)議員選舉,首次申報,1071105,人事費用支出,呂秋明,K12*******,0.00,13200.00,工資或薪津,金錢,苗栗縣後龍鎮****,0908*****,
26,鄭秋風,107年縣(市)議員選舉,首次申報,1071105,人事費用支出,王麗華,K22*******,0.00,11000.00,工資或薪津,金錢,苗栗縣後龍鎮****,0975*****,
27,鄭秋風,107年縣(市)議員選舉,首次申報,1071105,人事費用支出,洪月雲,K22*******,0.00,6500.00,工資或薪津,金錢,苗栗縣後龍鎮****,0928*****,
28,鄭秋風,107年縣(市)議員選舉,首次申報,1071105,人事費用支出,陳麗華,K22*******,0.00,9500.00,工資或薪津,金錢,苗栗縣後龍鎮****,0912*****,
29,鄭秋風,107年縣(市)議員選舉,首次申報,1071105,人事費用支出,劉淑玲,K22*******,0.00,10000.00,工資或薪津,金錢,苗栗縣後龍鎮****,0931*****,
30,鄭秋風,107年縣(市)議員選舉,首次申報,1071105,人事費用支出,呂鈁鈁,K22*******,0.00,28000.00,工資或薪津,金錢,苗栗縣後龍鎮****,0912*****,
31,鄭秋風,107年縣(市)議員選舉,首次申報,1071105,人事費用支出,梁玲瑟,L22*******,0.00,30000.00,工資或薪津,金錢,臺中市豐原區****,0977*****,
32,鄭秋風,107年縣(市)議員選舉,首次申報,1071105,租用宣傳車輛支出,張信釧,P10*******,0.00,30000.00,雇用宣傳車輛駕駛支出,金錢,苗栗縣後龍鎮****,0927*****,
33,鄭秋風,107年縣(市)議員選舉,首次申報,1071106,人事費用支出,葉庭彰,K12*******,0.00,10000.00,工資或薪津,金錢,苗栗縣後龍鎮****,0922*****,
34,鄭秋風,107年縣(市)議員選舉,首次申報,1071107,宣傳支出,弘亞印刷社,92847790,0.00,24300.00,製作競選物品支出（邀請卡、文宣、傳單）,金錢,苗栗縣後龍鎮****,0910*****,
35,鄭秋風,107年縣(市)議員選舉,首次申報,1071109,宣傳支出,晉雅堂,05923340,0.00,3870.00,製作競選物品支出（旗座）,金錢,彰化縣鹿港鎮****,04-7*****,
36,鄭秋風,107年縣(市)議員選舉,首次申報,1071109,宣傳支出,金品屋禮品贈品社,47434153,0.00,69650.00,製作競選物品支出（文宣品-筆）,金錢,苗栗縣苗栗市****,037-*****,
37,鄭秋風,107年縣(市)議員選舉,首次申報,1071109,宣傳支出,千舜廣告社,98163196,0.00,213145.00,製作宣傳廣告支出(帆布、舉牌、廣告車製作),金錢,苗栗縣竹南鎮****,4719*****,
38,鄭秋風,107年縣(市)議員選舉,首次申報,1071112,宣傳支出,興鵬企業有限公司,28042543,0.00,27700.00,製作競選物品支出（文宣、模擬選票）,金錢,苗栗縣後龍鎮****,7208*****,
39,鄭秋風,107年縣(市)議員選舉,首次申報,1071116,租用宣傳車輛支出,元輝汽車材料行,66836950,0.00,12000.00,維修宣傳車輛支出(廣告車-音響、電燈裝置),金錢,苗栗縣後龍鎮****,037-*****,
40,鄭秋風,107年縣(市)議員選舉,首次申報,1071116,宣傳支出,弘亞印刷社,92847790,0.00,17215.00,製作競選物品支出（廣告宣傳板）,金錢,苗栗縣後龍鎮****,0910*****,
41,鄭秋風,107年縣(市)議員選舉,首次申報,1071116,人事費用支出,呂秋明,K12*******,0.00,12000.00,工資或薪津,金錢,苗栗縣後龍鎮****,0908*****,
42,鄭秋風,107年縣(市)議員選舉,首次申報,1071116,人事費用支出,葉庭彰,K12*******,0.00,10000.00,工資或薪津,金錢,苗栗縣後龍鎮****,0922*****,
43,鄭秋風,107年縣(市)議員選舉,首次申報,1071116,租用宣傳車輛支出,陳志明,K12*******,0.00,30000.00,雇用宣傳車輛駕駛支出,金錢,苗栗縣後龍鎮****,0980*****,
44,鄭秋風,107年縣(市)議員選舉,首次申報,1071116,租用宣傳車輛支出,黃清標,K12*******,0.00,27000.00,雇用宣傳車輛駕駛支出,金錢,苗栗縣後龍鎮****,0956*****,
45,鄭秋風,107年縣(市)議員選舉,首次申報,1071116,人事費用支出,劉淑玲,K22*******,0.00,5000.00,工資或薪津,金錢,苗栗縣後龍鎮****,0931*****,
46,鄭秋風,107年縣(市)議員選舉,首次申報,1071116,人事費用支出,王麗華,K22*******,0.00,10000.00,工資或薪津,金錢,苗栗縣後龍鎮****,0975*****,
47,鄭秋風,107年縣(市)議員選舉,首次申報,1071116,人事費用支出,陳麗華,K22*******,0.00,9500.00,工資或薪津,金錢,苗栗縣後龍鎮****,0912*****,
48,鄭秋風,107年縣(市)議員選舉,首次申報,1071116,人事費用支出,洪月雲,K22*******,0.00,8500.00,工資或薪津,金錢,苗栗縣後龍鎮****,0928*****,
49,鄭秋風,107年縣(市)議員選舉,首次申報,1071116,租用宣傳車輛支出,張信釧,P10*******,0.00,30000.00,雇用宣傳車輛駕駛支出,金錢,苗栗縣後龍鎮****,0927*****,
50,鄭秋風,107年縣(市)議員選舉,首次申報,1071125,人事費用支出,卓雷洲,K12*******,0.00,30000.00,工資或薪津,金錢,苗栗縣後龍鎮****,0932*****,
51,鄭秋風,107年縣(市)議員選舉,首次申報,1071125,租用宣傳車輛支出,陳志明,K12*******,0.00,25500.00,雇用宣傳車輛駕駛支出,金錢,苗栗縣後龍鎮****,0980*****,
52,鄭秋風,107年縣(市)議員選舉,首次申報,1071125,人事費用支出,葉庭彰,K12*******,0.00,5500.00,工資或薪津,金錢,苗栗縣後龍鎮****,0922*****,
53,鄭秋風,107年縣(市)議員選舉,首次申報,1071125,人事費用支出,呂秋明,K12*******,0.00,12000.00,工資或薪津,金錢,苗栗縣後龍鎮****,0908*****,
54,鄭秋風,107年縣(市)議員選舉,首次申報,1071125,租用宣傳車輛支出,黃清標,K12*******,0.00,21000.00,雇用宣傳車輛駕駛支出,金錢,苗栗縣後龍鎮****,0956*****,
55,鄭秋風,107年縣(市)議員選舉,首次申報,1071125,人事費用支出,劉文國,K12*******,0.00,15000.00,工資或薪津,金錢,苗栗縣後龍鎮****,0987*****,
56,鄭秋風,107年縣(市)議員選舉,首次申報,1071125,人事費用支出,王麗華,K22*******,0.00,4000.00,工資或薪津,金錢,苗栗縣後龍鎮****,0975*****,
57,鄭秋風,107年縣(市)議員選舉,首次申報,1071125,人事費用支出,呂鈁鈁,K22*******,0.00,28000.00,工資或薪津,金錢,苗栗縣後龍鎮****,0912*****,
58,鄭秋風,107年縣(市)議員選舉,首次申報,1071125,人事費用支出,梁玲瑟,L22*******,0.00,30000.00,工資或薪津,金錢,臺中市豐原區****,0977*****,
59,鄭秋風,107年縣(市)議員選舉,首次申報,1071125,租用宣傳車輛支出,張信釧,P10*******,0.00,25500.00,雇用宣傳車輛駕駛支出,金錢,苗栗縣後龍鎮****,0927*****,
60,鄭秋風,107年縣(市)議員選舉,首次申報,1071126,宣傳支出,金品屋禮品贈品社,47434153,0.00,34650.00,製作競選物品支出（文宣品-筆）,金錢,苗栗縣苗栗市****,037-*****,
61,鄭秋風,107年縣(市)議員選舉,首次申報,1071126,人事費用支出,洪月雲,K22*******,0.00,1000.00,工資或薪津,金錢,苗栗縣後龍鎮****,0928*****,
62,鄭秋風,107年縣(市)議員選舉,首次申報,1071216,人事費用支出,劉文國,K12*******,0.00,15000.00,工資或薪津,金錢,苗栗縣後龍鎮****,0987*****,
63,鄭秋風,107年縣(市)議員選舉,首次申報,1071219,宣傳支出,吉元開發有限公司,70664297,0.00,22500.00,製作競選物品支出（帽子、背心）,金錢,新北市五股區****,0921*****,
