﻿序號,擬參選人／政黨,選舉名稱,申報序號／年度,交易日期,收支科目,捐贈者／支出對象,身分證／統一編號,收入金額,支出金額,支出用途,金錢類,地址,聯絡電話,資料更正日期
1,鄭秋風,107年縣(市)議員選舉,首次申報,1070902,匿名捐贈,匿名,,147.00,0.00,,金錢,,,
2,鄭秋風,107年縣(市)議員選舉,首次申報,1071015,營利事業捐贈收入,欣岳營造有限公司,53486988,100000.00,0.00,,金錢,苗栗縣竹南鎮****,0377*****,
3,鄭秋風,107年縣(市)議員選舉,首次申報,1071018,個人捐贈收入,洪春玉,K22*******,100000.00,0.00,,金錢,苗栗縣後龍鎮****,,
4,鄭秋風,107年縣(市)議員選舉,首次申報,1071019,營利事業捐贈收入,源昌砂石股份有限公司,49759212,500000.00,0.00,,金錢,苗栗縣銅鑼鄉****,0379*****,
5,鄭秋風,107年縣(市)議員選舉,首次申報,1071029,個人捐贈收入,翁瑞鴻,K12*******,100000.00,0.00,,金錢,新竹縣竹北市****,,
6,鄭秋風,107年縣(市)議員選舉,首次申報,1071029,個人捐贈收入,郭建中,K12*******,30000.00,0.00,,金錢,苗栗縣竹南鎮****,,
7,鄭秋風,107年縣(市)議員選舉,首次申報,1071029,個人捐贈收入,林岑穗,K22*******,30000.00,0.00,,金錢,苗栗縣頭份市****,,
8,鄭秋風,107年縣(市)議員選舉,首次申報,1071029,個人捐贈收入,郭明珠,K22*******,100000.00,0.00,,金錢,苗栗縣竹南鎮****,4706*****,
9,鄭秋風,107年縣(市)議員選舉,首次申報,1071114,營利事業捐贈收入,上緯新能源股份有限公司,24784410,100000.00,0.00,,金錢,臺北市大安區****,0227*****,
10,鄭秋風,107年縣(市)議員選舉,首次申報,1071123,個人捐贈收入,陳鑾英,K22*******,50000.00,0.00,,金錢,苗栗縣後龍鎮****,0921*****,
