﻿序號,擬參選人／政黨,選舉名稱,申報序號／年度,交易日期,收支科目,捐贈者／支出對象,身分證／統一編號,收入金額,支出金額,捐贈方式,存入專戶日期,返還/繳庫,支出用途,金錢類,地址,聯絡電話,應揭露之支出對象,支出對象之內部人員姓名,支出對象之內部人員職稱,政黨之內部人員姓名,政黨之內部人員職稱,關係,更正註記,資料更正日期
1,鍾佳濱,113年立法委員選舉,首次申報,1120424,公共關係費用支出,傳家寶教育贈品社,14597418,0.00,8000.00,,,,為民服務費用,金錢,台中市北屯區****,,否,,,,,,,
2,鍾佳濱,113年立法委員選舉,首次申報,1120424,租用宣傳車輛支出,泓美汽車企業有限公司,25193481,0.00,4000.00,,,,維修宣傳車輛費用,金錢,屏東縣屏東市****,0876*****,否,,,,,,,
3,鍾佳濱,113年立法委員選舉,首次申報,1120425,宣傳支出,觀昇有線電視股份有限公司,97168406,0.00,27000.00,,,,播放、傳送或刊登宣傳廣告費用,金錢,屏東縣屏東市****,,否,,,,,,,
4,鍾佳濱,113年立法委員選舉,首次申報,1120427,宣傳支出,慈光派報社,25705069,0.00,21750.00,,,,製作競選物品或宣傳廣告費用,金錢,屏東縣屏東市****,08-7*****,否,,,,,,,
5,鍾佳濱,113年立法委員選舉,首次申報,1120427,雜支支出,中華電信股份有限公司,91007903,0.00,45609.00,,,,電信費用,金錢,屏東縣屏東市****,,否,,,,,,,
6,鍾佳濱,113年立法委員選舉,首次申報,1120430,宣傳支出,新潮錄音室,87663645,0.00,1600.00,,,,播放、傳送或刊登宣傳廣告費用,金錢,屏東縣屏東市****,08-7*****,否,,,,,,,
7,鍾佳濱,113年立法委員選舉,首次申報,1120502,雜支支出,中華郵政,,0.00,840.00,,,,郵資,金錢,臺北市大安區****,,否,,,,,,,
8,鍾佳濱,113年立法委員選舉,首次申報,1120502,宣傳支出,道格廣告企業社,99246738,0.00,47000.00,,,,製作競選物品或宣傳廣告費用,金錢,屏東縣屏東市****,08-7*****,否,,,,,,,
9,鍾佳濱,113年立法委員選舉,首次申報,1120503,雜支支出,好鮮宴小吃部,17501062,0.00,1500.00,,,,餐飲費用,金錢,屏東縣屏東市****,08-7*****,否,,,,,,,
10,鍾佳濱,113年立法委員選舉,首次申報,1120503,宣傳支出,威亞策略顧問股份有限公司,27987091,0.00,8661.00,,,,播放、傳送或刊登宣傳廣告費用,金錢,台北市中山區****,02-2*****,否,,,,,,,
11,鍾佳濱,113年立法委員選舉,首次申報,1120505,雜支支出,津準鎖行,36733372,0.00,390.00,,,,雜項購置或修繕費用,金錢,屏東縣屏東市****,,否,,,,,,,
12,鍾佳濱,113年立法委員選舉,首次申報,1120505,雜支支出,中華電信股份有限公司屏東營運處,91007903,0.00,6240.00,,,,電信費用,金錢,屏東縣屏東市****,,否,,,,,,,
13,鍾佳濱,113年立法委員選舉,首次申報,1120515,宣傳支出,道格廣告企業社,99246738,0.00,73500.00,,,,製作競選物品或宣傳廣告費用,金錢,屏東縣屏東市****,08-7*****,否,,,,,,,
14,鍾佳濱,113年立法委員選舉,首次申報,1120523,宣傳支出,峯薇企業社,88773183,0.00,40000.00,,,,製作競選物品或宣傳廣告費用,金錢,屏東縣屏東市****,,否,,,,,,,
15,鍾佳濱,113年立法委員選舉,首次申報,1120524,租用宣傳車輛支出,竝帆摩托工作室,88939353,0.00,3000.00,,,,維修宣傳車輛費用,金錢,屏東縣屏東市****,,否,,,,,,,
16,鍾佳濱,113年立法委員選舉,首次申報,1120525,宣傳支出,大力科技有限公司,83304628,0.00,50000.00,,,,發送電信簡訊費用,金錢,嘉義市西區重****,0955*****,否,,,,,,,
17,鍾佳濱,113年立法委員選舉,首次申報,1120529,宣傳支出,道格廣告企業社,99246738,0.00,61000.00,,,,製作競選物品或宣傳廣告費用,金錢,屏東縣屏東市****,08-7*****,否,,,,,,,
18,鍾佳濱,113年立法委員選舉,首次申報,1120530,人事費用支出,勞動部勞工保險局,03769808,0.00,666.00,,,,員工勞退金,金錢,臺北市中正區****,,否,,,,,,,
19,鍾佳濱,113年立法委員選舉,首次申報,1120530,人事費用支出,勞動部勞工保險局,03769808,0.00,1236.00,,,,員工勞保,金錢,臺北市中正區****,,否,,,,,,,
20,鍾佳濱,113年立法委員選舉,首次申報,1120530,人事費用支出,衛生福利部中央健康保險署,08628407,0.00,1695.00,,,,健保保險費,金錢,高雄市前金區****,,否,,,,,,,
21,鍾佳濱,113年立法委員選舉,首次申報,1120606,宣傳支出,道格廣告企業社,99246738,0.00,63000.00,,,,製作競選物品或宣傳廣告費用,金錢,屏東縣屏東市****,08-7*****,否,,,,,,,
22,鍾佳濱,113年立法委員選舉,首次申報,1120610,宣傳支出,道格廣告企業社,99246738,0.00,51000.00,,,,製作競選物品或宣傳廣告費用,金錢,屏東縣屏東市****,08-7*****,否,,,,,,,
23,鍾佳濱,113年立法委員選舉,首次申報,1120615,宣傳支出,道格廣告企業社,99246738,0.00,495000.00,,,,製作競選物品或宣傳廣告費用,金錢,屏東縣屏東市****,08-7*****,否,,,,,,,
24,鍾佳濱,113年立法委員選舉,首次申報,1120616,雜支支出,吉誠企業社,88774063,0.00,50000.00,,,,雜項購置或修繕費用,金錢,屏東縣屏東市****,08-7*****,否,,,,,,,
25,鍾佳濱,113年立法委員選舉,首次申報,1120622,宣傳支出,道格廣告企業社,99246738,0.00,43000.00,,,,製作競選物品或宣傳廣告費用,金錢,屏東縣屏東市****,08-7*****,否,,,,,,,
26,鍾佳濱,113年立法委員選舉,首次申報,1120626,雜支支出,同康科技(股)同合屏東德和分公司,27681161,0.00,18000.00,,,,餐飲費用,金錢,屏東縣長治鄉****,08-7*****,否,,,,,,,
27,鍾佳濱,113年立法委員選舉,首次申報,1120702,宣傳支出,道格廣告企業社,99246738,0.00,26000.00,,,,製作競選物品或宣傳廣告費用,金錢,屏東縣屏東市****,08-7*****,否,,,,,,,
28,鍾佳濱,113年立法委員選舉,首次申報,1120704,雜支支出,士欣廣告社,,0.00,15000.00,,,,雜項購置或修繕費用,金錢,屏東縣屏東市****,08-7*****,否,,,,,,,
29,鍾佳濱,113年立法委員選舉,首次申報,1120706,宣傳支出,威亞策略顧問股份有限公司,,0.00,8400.00,,,,播放、傳送或刊登宣傳廣告費用,金錢,臺北市中山區****,02-2*****,否,,,,,,,
30,鍾佳濱,113年立法委員選舉,首次申報,1120710,公共關係費用支出,傳家寶教育贈品社,14597418,0.00,7900.00,,,,為民服務費用,金錢,台中市北屯區****,,否,,,,,,,
31,鍾佳濱,113年立法委員選舉,首次申報,1120713,雜支支出,透視數據有限公司,52439896,0.00,1980.00,,,,雜項購置或修繕費用,金錢,臺北市中正區****,,否,,,,,,,
32,鍾佳濱,113年立法委員選舉,首次申報,1120713,雜支支出,吉誠企業社,88774063,0.00,50000.00,,,,雜項購置或修繕費用,金錢,屏東縣屏東市****,08-7*****,否,,,,,,,
33,鍾佳濱,113年立法委員選舉,首次申報,1120719,宣傳支出,道格廣告企業社,99246738,0.00,-730.00,,,,製作競選物品或宣傳廣告費用,金錢,屏東縣屏東市****,08-7*****,否,,,,,,,
34,鍾佳濱,113年立法委員選舉,首次申報,1120719,宣傳支出,道格廣告企業社,99246738,0.00,12230.00,,,,製作競選物品或宣傳廣告費用,金錢,屏東縣屏東市****,08-7*****,否,,,,,,,
35,鍾佳濱,113年立法委員選舉,首次申報,1120721,宣傳支出,毓秀興業有限公司,90528784,0.00,200000.00,,,,瓶裝水訂金,金錢,高雄市鳳山區****,07-7*****,否,,,,,,,
36,鍾佳濱,113年立法委員選舉,首次申報,1120722,人事費用支出,王瑞芳,T12*******,0.00,20000.00,,,,獎金或津貼,金錢,屏東縣屏東市****,,否,,,,,,,
37,鍾佳濱,113年立法委員選舉,首次申報,1120722,人事費用支出,李玉如,T22*******,0.00,10000.00,,,,獎金或津貼,金錢,屏東縣潮州鎮****,,否,,,,,,,
38,鍾佳濱,113年立法委員選舉,首次申報,1120723,宣傳支出,志勝企業社,36896109,0.00,12000.00,,,,製作競選物品或宣傳廣告費用,金錢,屏東縣內埔鄉****,08-7*****,否,,,,,,,
39,鍾佳濱,113年立法委員選舉,首次申報,1120723,集會支出,新潮流舞台音響,91954814,0.00,8000.00,,,,租用設備費用,金錢,高雄市仁武區****,,否,,,,,,,
40,鍾佳濱,113年立法委員選舉,首次申報,1120724,宣傳支出,東衣服飾有限公司,86661423,0.00,42010.00,,,,製作競選物品或宣傳廣告費用,金錢,屏東縣屏東市****,,否,,,,,,,
41,鍾佳濱,113年立法委員選舉,首次申報,1120724,人事費用支出,黃明國,T10*******,0.00,5000.00,,,,獎金或津貼,金錢,屏東縣屏東市****,,否,,,,,,,
42,鍾佳濱,113年立法委員選舉,首次申報,1120725,人事費用支出,江亦婕,H22*******,0.00,11088.00,,,,工資或薪津,金錢,屏東縣屏東市****,,否,,,,,,,
43,鍾佳濱,113年立法委員選舉,首次申報,1120725,人事費用支出,梁登富,N12*******,0.00,9360.00,,,,工資或薪津,金錢,彰化縣二林鎮****,,否,,,,,,,
44,鍾佳濱,113年立法委員選舉,首次申報,1120725,人事費用支出,翁銘村,T12*******,0.00,15000.00,,,,工資或薪津,金錢,屏東縣萬丹鄉****,,否,,,,,,,
45,鍾佳濱,113年立法委員選舉,首次申報,1120729,集會支出,魔幻顧問企業社,41322130,0.00,9500.00,,,,租用設備費用,金錢,高雄市三民區****,,否,,,,,,,
46,鍾佳濱,113年立法委員選舉,首次申報,1120731,雜支支出,新加坡商蝦皮娛樂電商有限公司台灣分公司,56801904,0.00,6299.00,,,,文具用品費用,金錢,臺北市信義區****,,否,,,,,,,
47,鍾佳濱,113年立法委員選舉,首次申報,1120801,雜支支出,藍新科技股份有限公司,70565326,0.00,1350.00,,,,第三方支付手續費,金錢,臺北市南港區****,02-2*****,否,,,,,,,
48,鍾佳濱,113年立法委員選舉,首次申報,1120802,租用競選辦事處支出,四海照相器材行,76441344,0.00,60.00,,,,相機鏡頭蓋,金錢,高雄市新興區****,07-2*****,否,,,,,,,
49,鍾佳濱,113年立法委員選舉,首次申報,1120802,租用競選辦事處支出,科隆攝影器材行,81166199,0.00,39400.00,,,,租用相機及配件,金錢,高雄市鹽埕區****,07-5*****,否,,,,,,,
50,鍾佳濱,113年立法委員選舉,首次申報,1120805,雜支支出,大山河風味堂小吃店,10701451,0.00,8000.00,,,,餐飲費用,金錢,屏東縣里港鄉****,0877*****,否,,,,,,,
51,鍾佳濱,113年立法委員選舉,首次申報,1120806,雜支支出,大山河風味堂小吃店,10701451,0.00,9500.00,,,,餐飲費用,金錢,屏東縣里港鄉****,0877*****,否,,,,,,,
52,鍾佳濱,113年立法委員選舉,首次申報,1120807,雜支支出,大山河風味堂小吃店,10701451,0.00,10000.00,,,,餐飲費用,金錢,屏東縣里港鄉****,0877*****,否,,,,,,,
53,鍾佳濱,113年立法委員選舉,首次申報,1120809,雜支支出,大山河風味堂小吃店,10701451,0.00,9000.00,,,,餐飲費用,金錢,屏東縣里港鄉****,0877*****,否,,,,,,,
54,鍾佳濱,113年立法委員選舉,首次申報,1120810,雜支支出,大山河風味堂小吃店,10701451,0.00,8170.00,,,,餐飲費用,金錢,屏東縣里港鄉****,0877*****,否,,,,,,,
55,鍾佳濱,113年立法委員選舉,首次申報,1120811,人事費用支出,劉俊偉,T12*******,0.00,7200.00,,,,工資或薪津,金錢,屏東縣內埔鄉****,0981*****,否,,,,,,,
56,鍾佳濱,113年立法委員選舉,首次申報,1120811,人事費用支出,劉俊偉,T12*******,0.00,6000.00,,,,工資或薪津,金錢,屏東縣內埔鄉****,0981*****,否,,,,,,,
57,鍾佳濱,113年立法委員選舉,首次申報,1120813,雜支支出,競選總部,E12*******,0.00,25200.00,,,,餐飲費用,非金錢,屏東縣屏東市****,,否,,,,,,,
58,鍾佳濱,113年立法委員選舉,首次申報,1120815,雜支支出,大山河風味堂小吃店,10701451,0.00,8000.00,,,,餐飲費用,金錢,屏東縣里港鄉****,0877*****,否,,,,,,,
59,鍾佳濱,113年立法委員選舉,首次申報,1120815,公共關係費用支出,張希仁,T12*******,0.00,40000.00,,,,聯誼交際費用,金錢,屏東縣高樹鄉****,,否,,,,,,,
60,鍾佳濱,113年立法委員選舉,首次申報,1120818,雜支支出,裕順請帖印刷燙金社,21679060,0.00,-20000.00,,,,瓶裝水棧板押金,金錢,屏東縣屏東市****,08-7*****,否,,,,,,,
61,鍾佳濱,113年立法委員選舉,首次申報,1120818,雜支支出,裕順請帖印刷燙金社,21679060,0.00,20000.00,,,,瓶裝水棧板押金,金錢,屏東縣屏東市****,08-7*****,否,,,,,,,
62,鍾佳濱,113年立法委員選舉,首次申報,1120818,宣傳支出,裕順請帖印刷燙金社,21679060,0.00,90000.00,,,,製作競選物品或宣傳廣告費用,金錢,屏東縣屏東市****,08-7*****,否,,,,,,,
63,鍾佳濱,113年立法委員選舉,首次申報,1120818,宣傳支出,秀全企業社,36731368,0.00,34000.00,,,,製作競選物品或宣傳廣告費用,金錢,屏東縣長治鄉****,0916*****,否,,,,,,,
64,鍾佳濱,113年立法委員選舉,首次申報,1120818,宣傳支出,志勝企業社,36896109,0.00,12000.00,,,,製作競選物品或宣傳廣告費用,金錢,屏東縣內埔鄉****,08-7*****,否,,,,,,,
65,鍾佳濱,113年立法委員選舉,首次申報,1120818,宣傳支出,毓秀興業有限公司,90528784,0.00,231840.00,,,,製作競選物品或宣傳廣告費用,金錢,高雄市鳳山區****,07-7*****,否,,,,,,,
66,鍾佳濱,113年立法委員選舉,首次申報,1120818,人事費用支出,江亦婕,H22*******,0.00,11088.00,,,,工資或薪津,金錢,屏東縣屏東市****,0929*****,否,,,,,,,
67,鍾佳濱,113年立法委員選舉,首次申報,1120818,人事費用支出,黃明國,T10*******,0.00,5000.00,,,,獎金或津貼,金錢,屏東縣屏東市****,0933*****,否,,,,,,,
68,鍾佳濱,113年立法委員選舉,首次申報,1120818,人事費用支出,翁銘村,T12*******,0.00,20000.00,,,,工資或薪津,金錢,屏東縣萬丹鄉****,0926*****,否,,,,,,,
69,鍾佳濱,113年立法委員選舉,首次申報,1120818,人事費用支出,鍾旻翰,T12*******,0.00,4576.00,,,,工資或薪津,金錢,屏東縣內埔鄉****,0979*****,否,,,,,,,
70,鍾佳濱,113年立法委員選舉,首次申報,1120818,人事費用支出,李振均,T12*******,0.00,15840.00,,,,工資或薪津,金錢,屏東縣內埔鄉****,0970*****,否,,,,,,,
71,鍾佳濱,113年立法委員選舉,首次申報,1120818,人事費用支出,李振均,T12*******,0.00,3360.00,,,,獎金或津貼,金錢,屏東縣內埔鄉****,0970*****,否,,,,,,,
72,鍾佳濱,113年立法委員選舉,首次申報,1120819,人事費用支出,王瑞芳,T12*******,0.00,20000.00,,,,獎金或津貼,金錢,屏東縣屏東市****,0915*****,否,,,,,,,
73,鍾佳濱,113年立法委員選舉,首次申報,1120819,人事費用支出,李玉如,T22*******,0.00,10000.00,,,,獎金或津貼,金錢,屏東縣潮州鎮****,0903*****,否,,,,,,,
74,鍾佳濱,113年立法委員選舉,首次申報,1120819,租用宣傳車輛支出,徐立姸,T22*******,0.00,26000.00,,,,其他與租用宣傳車輛有關之費用,金錢,屏東縣屏東市****,0958*****,否,,,,,,,
75,鍾佳濱,113年立法委員選舉,首次申報,1120819,租用宣傳車輛支出,徐立姸,T22*******,0.00,-26000.00,,,,其他與租用宣傳車輛有關之費用,金錢,屏東縣屏東市****,0958*****,否,,,,,,,
76,鍾佳濱,113年立法委員選舉,首次申報,1120819,租用宣傳車輛支出,徐立姸,T22*******,0.00,26000.00,,,,租用宣傳車輛費用,金錢,屏東縣屏東市****,0958*****,否,,,,,,,
77,鍾佳濱,113年立法委員選舉,首次申報,1120822,人事費用支出,邱惠姍,H22*******,0.00,15840.00,,,,工資或薪津,金錢,屏東縣內埔鄉****,0981*****,否,,,,,,,
78,鍾佳濱,113年立法委員選舉,首次申報,1120825,宣傳支出,道格廣告企業社,99246738,0.00,87610.00,,,,製作競選物品或宣傳廣告費用,金錢,屏東縣屏東市****,08-7*****,否,,,,,,,
79,鍾佳濱,113年立法委員選舉,首次申報,1120828,雜支支出,吉誠企業社,88774063,0.00,60000.00,,,,雜項購置或修繕費用,金錢,屏東縣屏東市****,08-7*****,否,,,,,,,
80,鍾佳濱,113年立法委員選舉,首次申報,1120831,人事費用支出,施美亘,T22*******,0.00,3000.00,,,,獎金或津貼,金錢,屏東市歸心里****,0955*****,否,,,,,,,
81,鍾佳濱,113年立法委員選舉,首次申報,1120831,人事費用支出,蕭惠君,T22*******,0.00,3000.00,,,,獎金或津貼,金錢,屏東市必信里****,0960*****,否,,,,,,,
82,鍾佳濱,113年立法委員選舉,首次申報,1120901,雜支支出,藍新科技股份有限公司,70565326,0.00,1590.00,,,,第三方支付手續費,金錢,臺北市南港區****,02-2*****,否,,,,,,,
83,鍾佳濱,113年立法委員選舉,首次申報,1120901,人事費用支出,江亦婕,H22*******,0.00,11088.00,,,,工資或薪津,金錢,屏東縣屏東市****,0929*****,否,,,,,,,
84,鍾佳濱,113年立法委員選舉,首次申報,1120901,人事費用支出,黃明國,T10*******,0.00,5000.00,,,,獎金或津貼,金錢,屏東市厚生里****,0933*****,否,,,,,,,
85,鍾佳濱,113年立法委員選舉,首次申報,1120901,人事費用支出,郭志忠,T12*******,0.00,7000.00,,,,工資或薪津,金錢,屏東縣內埔鄉****,0983*****,否,,,,,,,
86,鍾佳濱,113年立法委員選舉,首次申報,1120901,人事費用支出,劉俊偉,T12*******,0.00,13200.00,,,,工資或薪津,金錢,屏東縣內埔鄉****,0981*****,否,,,,,,,
87,鍾佳濱,113年立法委員選舉,首次申報,1120905,宣傳支出,威亞策略顧問股份有限公司,,0.00,8400.00,,,,播放、傳送或刊登宣傳廣告費用,金錢,台北市中山區****,02-2*****,否,,,,,,,
88,鍾佳濱,113年立法委員選舉,首次申報,1120907,宣傳支出,苙媞企業社,45862235,0.00,35910.00,,,,製作競選物品或宣傳廣告費用,金錢,臺中市大肚區****,04-2*****,否,,,,,,,
89,鍾佳濱,113年立法委員選舉,首次申報,1120912,宣傳支出,虎尾旗幟社,92837168,0.00,162000.00,,,,製作競選物品或宣傳廣告費用,金錢,雲林縣虎尾鎮****,05-6*****,否,,,,,,,
90,鍾佳濱,113年立法委員選舉,首次申報,1120914,宣傳支出,道格廣告企業社,99246738,0.00,90590.00,,,,製作競選物品或宣傳廣告費用,金錢,屏東縣屏東市****,08-7*****,否,,,,,,,
91,鍾佳濱,113年立法委員選舉,首次申報,1120915,宣傳支出,裕順請帖印刷燙金社,21679060,0.00,5000.00,,,,製作競選物品或宣傳廣告費用,金錢,屏東縣屏東市****,08-7*****,否,,,,,,,
92,鍾佳濱,113年立法委員選舉,首次申報,1120915,宣傳支出,極臻企業有限公司,45133103,0.00,16655.00,,,,製作競選物品或宣傳廣告費用,金錢,高雄市左營區****,,否,,,,,,,
93,鍾佳濱,113年立法委員選舉,首次申報,1120915,宣傳支出,極臻企業有限公司,45133103,0.00,8400.00,,,,製作競選物品或宣傳廣告費用,金錢,高雄市左營區****,,否,,,,,,,
94,鍾佳濱,113年立法委員選舉,首次申報,1120915,人事費用支出,李玉如,T22*******,0.00,10000.00,,,,獎金或津貼,金錢,屏東縣潮州鎮****,0903*****,否,,,,,,,
95,鍾佳濱,113年立法委員選舉,首次申報,1120916,集會支出,金吉利五金百貨行,,0.00,2782.00,,,,餐飲費用,金錢,,08-7*****,否,,,,,,,
96,鍾佳濱,113年立法委員選舉,首次申報,1120916,集會支出,上仁通運有限公司,04210696,0.00,18000.00,,,,其他與集會有關之費用,金錢,高雄市大寮區****,,否,,,,,,,
97,鍾佳濱,113年立法委員選舉,首次申報,1120916,集會支出,尚德素食館,26403703,0.00,80.00,,,,餐飲費用,金錢,屏東縣屏東市****,,否,,,,,,,
98,鍾佳濱,113年立法委員選舉,首次申報,1120916,集會支出,𡘙師傅便當專賣店,53582808,0.00,1920.00,,,,餐飲費用,金錢,屏東縣屏東市****,,否,,,,,,,
99,鍾佳濱,113年立法委員選舉,首次申報,1120916,集會支出,𡘙師傅企業股份有限公司民生分公司,53583145,0.00,119600.00,,,,餐飲費用,金錢,屏東縣屏東市****,08-7*****,否,,,,,,,
100,鍾佳濱,113年立法委員選舉,首次申報,1120916,集會支出,大千秋專業便當有限公司,90309991,0.00,2400.00,,,,餐飲費用,金錢,屏東縣屏東市****,08-7*****,否,,,,,,,
101,鍾佳濱,113年立法委員選舉,首次申報,1120916,集會支出,屏東汽車客運股份有限公司,90724553,0.00,134000.00,,,,其他與集會有關之費用,金錢,屏東市橋南里****,08-7*****,否,,,,,,,
102,鍾佳濱,113年立法委員選舉,首次申報,1120916,交通旅運支出,國雲科技股份有限公司仁愛路立體停車場,92394826,0.00,160.00,,,,停車費,金錢,屏東縣屏東市****,,否,,,,,,,
103,鍾佳濱,113年立法委員選舉,首次申報,1120916,宣傳支出,虎尾旗幟社,92837168,0.00,135000.00,,,,製作競選物品或宣傳廣告費用,金錢,雲林縣虎尾鎮****,05-6*****,否,,,,,,,
104,鍾佳濱,113年立法委員選舉,首次申報,1120918,集會支出,屏東縣民防總隊交通義勇警察大隊屏東中隊,40940872,0.00,21750.00,,,,其他與集會有關之費用,金錢,屏東縣屏東市****,,否,,,,,,,
105,鍾佳濱,113年立法委員選舉,首次申報,1120919,租用競選辦事處支出,林榮枝,T10*******,0.00,25000.00,,,,租用競選辦事處費用,金錢,屏東縣長治鄉****,0973*****,否,,,,,,,
106,鍾佳濱,113年立法委員選舉,首次申報,1120919,租用競選辦事處支出,林榮枝,T10*******,0.00,50000.00,,,,其他與租用競選辦事處有關之費用,金錢,屏東縣長治鄉****,0973*****,否,,,,,,,
107,鍾佳濱,113年立法委員選舉,首次申報,1120919,租用競選辦事處支出,林榮枝,T10*******,0.00,-50000.00,,,,其他與租用競選辦事處有關之費用,金錢,屏東縣長治鄉****,0973*****,否,,,,,,,
108,鍾佳濱,113年立法委員選舉,首次申報,1120920,集會支出,浩宇通運有限公司,14088651,0.00,22680.00,,,,其他與集會有關之費用,金錢,屏東縣新園鄉****,,否,,,,,,,
109,鍾佳濱,113年立法委員選舉,首次申報,1120921,人事費用支出,郭志忠,T12*******,0.00,1200.00,,,,工資或薪津,金錢,屏東縣內埔鄉****,0983*****,否,,,,,,,
110,鍾佳濱,113年立法委員選舉,首次申報,1120921,人事費用支出,劉俊偉,T12*******,0.00,9450.00,,,,工資或薪津,金錢,屏東縣內埔鄉****,0981*****,否,,,,,,,
111,鍾佳濱,113年立法委員選舉,首次申報,1120922,公共關係費用支出,傳家寶教育贈品社,14597418,0.00,9900.00,,,,為民服務費用,金錢,台中市北屯區****,,否,,,,,,,
112,鍾佳濱,113年立法委員選舉,首次申報,1120922,集會支出,世鑫遊覽股份有限公司,43657060,0.00,6000.00,,,,其他與集會有關之費用,金錢,屏東縣內埔鄉****,0877*****,否,,,,,,,
113,鍾佳濱,113年立法委員選舉,首次申報,1120922,人事費用支出,李振均,T12*******,0.00,15840.00,,,,工資或薪津,金錢,屏東縣內埔鄉****,0970*****,否,,,,,,,
114,鍾佳濱,113年立法委員選舉,首次申報,1120922,人事費用支出,李振均,T12*******,0.00,3360.00,,,,獎金或津貼,金錢,屏東縣內埔鄉****,0970*****,否,,,,,,,
115,鍾佳濱,113年立法委員選舉,首次申報,1120923,人事費用支出,王瑞芳,T12*******,0.00,20000.00,,,,獎金或津貼,金錢,屏東市華山里****,0915*****,否,,,,,,,
116,鍾佳濱,113年立法委員選舉,首次申報,1120925,租用宣傳車輛支出,徐立姸,T22*******,0.00,26000.00,,,,租用宣傳車輛費用,金錢,屏東縣屏東市****,0958*****,否,,,,,,,
117,鍾佳濱,113年立法委員選舉,首次申報,1120926,宣傳支出,觀昇有線電視股份有限公司,97168406,0.00,9000.00,,,,播放、傳送或刊登宣傳廣告費用,金錢,屏東縣屏東市****,,否,,,,,,,
118,鍾佳濱,113年立法委員選舉,首次申報,1120926,人事費用支出,鍾旻翰,T12*******,0.00,12496.00,,,,工資或薪津,金錢,屏東縣內埔鄉****,0979*****,否,,,,,,,
119,鍾佳濱,113年立法委員選舉,首次申報,1120926,人事費用支出,翁銘村,T12*******,0.00,20000.00,,,,工資或薪津,金錢,屏東縣萬丹鄉****,0926*****,否,,,,,,,
120,鍾佳濱,113年立法委員選舉,首次申報,1120927,集會支出,穩達遊覽車有限公司,16766141,0.00,66000.00,,,,其他與集會有關之費用,金錢,屏東縣九如鄉****,0934*****,否,,,,,,,
121,鍾佳濱,113年立法委員選舉,首次申報,1120927,集會支出,佳樂遊覽車客運有限公司,84707992,0.00,6000.00,,,,其他與集會有關之費用,金錢,屏東縣新園鄉****,,否,,,,,,,
122,鍾佳濱,113年立法委員選舉,首次申報,1120927,雜支支出,電統電子材料行,90762866,0.00,3500.00,,,,雜項購置或修繕費用,金錢,屏東縣屏東市****,08-7*****,否,,,,,,,
123,鍾佳濱,113年立法委員選舉,首次申報,1120927,宣傳支出,道格廣告企業社,99246738,0.00,93560.00,,,,製作競選物品或宣傳廣告費用,金錢,屏東縣屏東市****,08-7*****,否,,,,,,,
124,鍾佳濱,113年立法委員選舉,首次申報,1120928,租用宣傳車輛支出,米氏企業社,47908503,0.00,35000.00,,,,其他與租用宣傳車輛有關之費用,金錢,屏東縣屏東市****,08-7*****,否,,,,,,,
125,鍾佳濱,113年立法委員選舉,首次申報,1120928,人事費用支出,邱惠姍,H22*******,0.00,15840.00,,,,工資或薪津,金錢,屏東縣內埔鄉****,0981*****,否,,,,,,,
126,鍾佳濱,113年立法委員選舉,首次申報,1120928,租用宣傳車輛支出,鄭信安,T12*******,0.00,3500.00,,,,其他與租用宣傳車輛有關之費用,金錢,屏東縣屏東市****,08-7*****,否,,,,,,,
127,鍾佳濱,113年立法委員選舉,首次申報,1121001,宣傳支出,裕順請帖印刷燙金社,21679060,0.00,12000.00,,,,製作競選物品或宣傳廣告費用,金錢,屏東縣屏東市****,08-7*****,否,,,,,,,
128,鍾佳濱,113年立法委員選舉,首次申報,1121001,雜支支出,藍新科技股份有限公司,70565326,0.00,2135.00,,,,第三方支付手續費,金錢,臺北市南港區****,02-2*****,否,,,,,,,
129,鍾佳濱,113年立法委員選舉,首次申報,1121002,雜支支出,佳昌角鋼行,08018600,0.00,12600.00,,,,雜項購置或修繕費用,金錢,屏東縣屏東市****,0873*****,否,,,,,,,
130,鍾佳濱,113年立法委員選舉,首次申報,1121002,雜支支出,全部10元店,99247309,0.00,726.00,,,,文具用品費用,金錢,屏東縣屏東市****,,否,,,,,,,
131,鍾佳濱,113年立法委員選舉,首次申報,1121003,集會支出,永昕弘有限公司,82980283,0.00,4000.00,,,,餐飲費用,金錢,屏東縣屏東市****,08-7*****,否,,,,,,,
132,鍾佳濱,113年立法委員選舉,首次申報,1121005,宣傳支出,春佩企業社,36894670,0.00,3500.00,,,,製作競選物品或宣傳廣告費用,金錢,屏東縣屏東市****,,否,,,,,,,
133,鍾佳濱,113年立法委員選舉,首次申報,1121006,租用競選辦事處支出,麗光裝璜行,07999056,0.00,133700.00,,,,裝潢競選辦事處費用,金錢,屏東縣屏東市****,08-7*****,否,,,,,,,
134,鍾佳濱,113年立法委員選舉,首次申報,1121006,租用競選辦事處支出,麗光裝璜行,07999056,0.00,20000.00,,,,裝潢競選辦事處費用,金錢,屏東縣屏東市****,08-7*****,否,,,,,,,
135,鍾佳濱,113年立法委員選舉,首次申報,1121006,租用競選辦事處支出,永成清潔衛生工程行,26499756,0.00,23000.00,,,,裝潢競選辦事處費用,金錢,屏東縣屏東市****,0873*****,否,,,,,,,
136,鍾佳濱,113年立法委員選舉,首次申報,1121006,雜支支出,大展五金行,91769851,0.00,1800.00,,,,雜項購置或修繕費用,金錢,屏東縣屏東市****,0875*****,否,,,,,,,
137,鍾佳濱,113年立法委員選舉,首次申報,1121006,宣傳支出,道格廣告企業社,99246738,0.00,87558.00,,,,製作競選物品或宣傳廣告費用,金錢,屏東縣屏東市****,08-7*****,否,,,,,,,
138,鍾佳濱,113年立法委員選舉,首次申報,1121011,雜支支出,蔡隆豐,T12*******,0.00,10000.00,,,,雜項購置或修繕費用,金錢,屏東縣長治鄉****,0933*****,否,,,,,,,
139,鍾佳濱,113年立法委員選舉,首次申報,1121012,返還捐贈支出,水月囍樓有限公司,24876699,0.00,20000.00,,,,返還,金錢,屏東縣屏東市****,,否,,,,,,,
140,鍾佳濱,113年立法委員選舉,首次申報,1121012,集會支出,賢宗環保科技有限公司,28337363,0.00,8400.00,,,,清潔整理費用,金錢,高雄市小港區****,07-8*****,否,,,,,,,
141,鍾佳濱,113年立法委員選舉,首次申報,1121012,集會支出,國際舞台燈光音響工程,40792491,0.00,519750.00,,,,租用設備費用,金錢,屏東縣萬丹鄉****,08-7*****,否,,,,,,,
142,鍾佳濱,113年立法委員選舉,首次申報,1121012,人事費用支出,郭銘璋,E12*******,0.00,20000.00,,,,其他與租用競選辦事處有關之費用,金錢,屏東縣屏東市****,0939*****,否,,,,,,,
143,鍾佳濱,113年立法委員選舉,首次申報,1121012,雜支支出,徐漢勇,L12*******,0.00,50000.00,,,,雜項購置或修繕費用,金錢,台中市龍井區****,0935*****,否,,,,,,,
144,鍾佳濱,113年立法委員選舉,首次申報,1121012,雜支支出,徐漢勇,L12*******,0.00,40000.00,,,,雜項購置或修繕費用,金錢,台中市龍井區****,0935*****,否,,,,,,,
145,鍾佳濱,113年立法委員選舉,首次申報,1121013,雜支支出,王文志,T10*******,0.00,20000.00,,,,水電瓦斯費用,金錢,屏東縣屏東市****,0933*****,否,,,,,,,
146,鍾佳濱,113年立法委員選舉,首次申報,1121013,人事費用支出,王逸民,T12*******,0.00,9600.00,,,,工資或薪津,金錢,屏東縣屏東市****,,否,,,,,,,
147,鍾佳濱,113年立法委員選舉,首次申報,1121015,集會支出,百勝交通有限公司,20573119,0.00,72000.00,,,,其他與集會有關之費用,金錢,屏東縣九如鄉****,08-7*****,否,,,,,,,
148,鍾佳濱,113年立法委員選舉,首次申報,1121015,人事費用支出,李玉如,T22*******,0.00,10000.00,,,,獎金或津貼,金錢,屏東縣潮州鎮****,0903*****,否,,,,,,,
149,鍾佳濱,113年立法委員選舉,首次申報,1121017,租用競選辦事處支出,穀山電業有限公司,96899208,0.00,70000.00,,,,租用競選辦事處費用,金錢,屏東縣屏東市****,0876*****,否,,,,,,,
150,鍾佳濱,113年立法委員選舉,首次申報,1121018,雜支支出,屏東林森路郵局,,0.00,9831.00,,,,雜項購置或修繕費用,金錢,屏東縣屏東市****,,否,,,,,,,
151,鍾佳濱,113年立法委員選舉,首次申報,1121018,租用競選辦事處支出,穀山電業有限公司,96899208,0.00,120000.00,,,,裝潢競選辦事處費用,金錢,屏東縣屏東市****,0876*****,否,,,,,,,
152,鍾佳濱,113年立法委員選舉,首次申報,1121018,人事費用支出,許進再,T10*******,0.00,9750.00,,,,工資或薪津,金錢,屏東縣萬丹鄉****,,否,,,,,,,
153,鍾佳濱,113年立法委員選舉,首次申報,1121019,雜支支出,屏東林森路郵局,,0.00,8697.00,,,,雜項購置或修繕費用,金錢,屏東縣屏東市****,,否,,,,,,,
154,鍾佳濱,113年立法委員選舉,首次申報,1121019,宣傳支出,台灣臉書有限公司,24781069,0.00,343.00,,,,播放、傳送或刊登宣傳廣告費用,金錢,臺北市信義區****,,否,,,,,,,
155,鍾佳濱,113年立法委員選舉,首次申報,1121019,宣傳支出,台灣臉書有限公司,24781069,0.00,4385.00,,,,播放、傳送或刊登宣傳廣告費用,金錢,臺北市信義區****,,否,,,,,,,
156,鍾佳濱,113年立法委員選舉,首次申報,1121019,公共關係費用支出,金萬壽香鋪,88771832,0.00,4000.00,,,,為民服務費用,金錢,屏東縣屏東市****,0916*****,否,,,,,,,
157,鍾佳濱,113年立法委員選舉,首次申報,1121019,雜支支出,億達,95992830,0.00,100.00,,,,雜項購置或修繕費用,金錢,屏東市廣東路****,,否,,,,,,,
158,鍾佳濱,113年立法委員選舉,首次申報,1121020,宣傳支出,苙媞企業社,45862235,0.00,25568.00,,,,製作競選物品或宣傳廣告費用,金錢,臺中市大肚區****,04-2*****,否,,,,,,,
159,鍾佳濱,113年立法委員選舉,首次申報,1121020,宣傳支出,道格廣告企業社,99246738,0.00,93584.00,,,,製作競選物品或宣傳廣告費用,金錢,屏東縣屏東市****,08-7*****,否,,,,,,,
160,鍾佳濱,113年立法委員選舉,首次申報,1121020,人事費用支出,邱惠姍,H22*******,0.00,15840.00,,,,工資或薪津,金錢,屏東縣內埔鄉****,0981*****,否,,,,,,,
161,鍾佳濱,113年立法委員選舉,首次申報,1121020,人事費用支出,江亦婕,H22*******,0.00,11088.00,,,,工資或薪津,金錢,屏東縣屏東市****,0929*****,否,,,,,,,
162,鍾佳濱,113年立法委員選舉,首次申報,1121020,人事費用支出,黃明國,T10*******,0.00,5000.00,,,,獎金或津貼,金錢,屏東縣屏東市****,0933*****,否,,,,,,,
163,鍾佳濱,113年立法委員選舉,首次申報,1121020,租用競選辦事處支出,林榮枝,T10*******,0.00,25000.00,,,,租用競選辦事處費用,金錢,屏東縣長治鄉****,0973*****,否,,,,,,,
164,鍾佳濱,113年立法委員選舉,首次申報,1121020,人事費用支出,鍾旻翰,T12*******,0.00,1408.00,,,,工資或薪津,金錢,屏東縣內埔鄉****,0979*****,否,,,,,,,
165,鍾佳濱,113年立法委員選舉,首次申報,1121020,人事費用支出,翁銘村,T12*******,0.00,20000.00,,,,工資或薪津,金錢,屏東縣萬丹鄉****,0926*****,否,,,,,,,
166,鍾佳濱,113年立法委員選舉,首次申報,1121020,人事費用支出,李振均,T12*******,0.00,15840.00,,,,工資或薪津,金錢,屏東縣內埔鄉****,0970*****,否,,,,,,,
167,鍾佳濱,113年立法委員選舉,首次申報,1121020,人事費用支出,李振均,T12*******,0.00,3360.00,,,,獎金或津貼,金錢,屏東縣內埔鄉****,0970*****,否,,,,,,,
168,鍾佳濱,113年立法委員選舉,首次申報,1121020,租用宣傳車輛支出,徐立姸,T22*******,0.00,26000.00,,,,租用宣傳車輛費用,金錢,屏東縣屏東市****,0958*****,否,,,,,,,
169,鍾佳濱,113年立法委員選舉,首次申報,1121020,人事費用支出,施美亘,T22*******,0.00,3000.00,,,,獎金或津貼,金錢,屏東市歸心里****,0955*****,否,,,,,,,
170,鍾佳濱,113年立法委員選舉,首次申報,1121020,人事費用支出,蕭惠君,T22*******,0.00,3000.00,,,,獎金或津貼,金錢,屏東市必信里****,0960*****,否,,,,,,,
171,鍾佳濱,113年立法委員選舉,首次申報,1121020,人事費用支出,邱珮惠,U22*******,0.00,3000.00,,,,獎金或津貼,金錢,屏東縣萬丹鄉****,0973*****,否,,,,,,,
172,鍾佳濱,113年立法委員選舉,首次申報,1121021,集會支出,威鼎商行,47897864,0.00,9450.00,,,,餐飲費用,金錢,屏東縣屏東市****,08-7*****,否,,,,,,,
173,鍾佳濱,113年立法委員選舉,首次申報,1121022,集會支出,廣通食品有限公司,80488947,0.00,800.00,,,,餐飲費用,金錢,屏東縣屏東市****,08-7*****,否,,,,,,,
174,鍾佳濱,113年立法委員選舉,首次申報,1121022,集會支出,大千秋專業便當有限公司,90309991,0.00,40000.00,,,,餐飲費用,金錢,屏東縣屏東市****,08-7*****,否,,,,,,,
175,鍾佳濱,113年立法委員選舉,首次申報,1121022,集會支出,屏東汽車客運股份有限公司,90724553,0.00,102000.00,,,,其他與集會有關之費用,金錢,屏東市橋南里****,08-7*****,否,,,,,,,
176,鍾佳濱,113年立法委員選舉,首次申報,1121023,集會支出,鏡銀匯智有限公司台南營業所,88888299,0.00,3220.00,,,,租用設備費用,金錢,臺南市永康區****,(04)*****,否,,,,,,,
177,鍾佳濱,113年立法委員選舉,首次申報,1121023,人事費用支出,吳紀,T12*******,0.00,1500.00,,,,工資或薪津,金錢,屏東縣竹田鄉****,0918*****,否,,,,,,,
178,鍾佳濱,113年立法委員選舉,首次申報,1121024,集會支出,大仁科技大學,91001507,0.00,70000.00,,,,租用場地費用,金錢,屏東縣鹽埔鄉****,,否,,,,,,,
179,鍾佳濱,113年立法委員選舉,首次申報,1121027,宣傳支出,裕順請帖印刷燙金社,21679060,0.00,5000.00,,,,製作競選物品或宣傳廣告費用,金錢,屏東縣屏東市****,08-7*****,否,,,,,,,
180,鍾佳濱,113年立法委員選舉,首次申報,1121027,人事費用支出,徐運達,T10*******,0.00,4000.00,,,,工資或薪津,金錢,屏東縣長治鄉****,,否,,,,,,,
181,鍾佳濱,113年立法委員選舉,首次申報,1121031,宣傳支出,彩藝美工社,76790341,0.00,32500.00,,,,製作競選物品或宣傳廣告費用,金錢,屏東縣屏東市****,08-7*****,否,,,,,,,
182,鍾佳濱,113年立法委員選舉,首次申報,1121031,租用競選辦事處支出,永信企業行,78591255,0.00,8000.00,,,,租買辦公設備費用,金錢,屏東市豐榮里****,,否,,,,,,,
183,鍾佳濱,113年立法委員選舉,首次申報,1121031,宣傳支出,道格廣告企業社,99246738,0.00,60240.00,,,,製作競選物品或宣傳廣告費用,金錢,屏東縣屏東市****,08-7*****,否,,,,,,,
184,鍾佳濱,113年立法委員選舉,首次申報,1121101,雜支支出,中華電信屏東營運處建國服務中心,81613710,0.00,9000.00,,,,電信費用,金錢,屏東縣屏東市****,,否,,,,,,,
185,鍾佳濱,113年立法委員選舉,首次申報,1121101,宣傳支出,虎尾旗幟社,92837168,0.00,139860.00,,,,製作競選物品或宣傳廣告費用,金錢,雲林縣虎尾鎮****,05-6*****,否,,,,,,,
186,鍾佳濱,113年立法委員選舉,首次申報,1121101,人事費用支出,王瑞芳,T12*******,0.00,20000.00,,,,獎金或津貼,金錢,屏東縣屏東市****,0915*****,否,,,,,,,
187,鍾佳濱,113年立法委員選舉,首次申報,1121102,宣傳支出,常興廣告社,25846363,0.00,53800.00,,,,製作競選物品或宣傳廣告費用,金錢,屏東縣屏東市****,,否,,,,,,,
188,鍾佳濱,113年立法委員選舉,首次申報,1121102,集會支出,國際舞台燈光音響工程,40792491,0.00,369023.00,,,,租用設備費用,金錢,屏東縣萬丹鄉****,08-7*****,否,,,,,,,
189,鍾佳濱,113年立法委員選舉,首次申報,1121103,交通旅運支出,慶昌加油站有限公司,22846495,0.00,983.00,,,,油資,金錢,高雄市楠梓區****,,否,,,,,,,
190,鍾佳濱,113年立法委員選舉,首次申報,1121103,宣傳支出,威亞策略顧問股份有限公司,27987091,0.00,3128.00,,,,播放、傳送或刊登宣傳廣告費用,金錢,台北市中山區****,02-2*****,否,,,,,,,
191,鍾佳濱,113年立法委員選舉,首次申報,1121104,雜支支出,皇家御品企業社,36803910,0.00,14400.00,,,,餐飲費用,金錢,屏東縣萬丹鄉****,0928*****,否,,,,,,,
192,鍾佳濱,113年立法委員選舉,首次申報,1121108,租用宣傳車輛支出,泓美汽車企業有限公司,25193481,0.00,22600.00,,,,維修宣傳車輛費用,金錢,屏東縣屏東市****,,否,,,,,,,
193,鍾佳濱,113年立法委員選舉,首次申報,1121111,租用宣傳車輛支出,台灣國際開發事業有限公司,81373970,0.00,1000.00,,,,其他與租用宣傳車輛有關之費用,金錢,屏東縣屏東市****,,否,,,,,,,
194,鍾佳濱,113年立法委員選舉,首次申報,1121111,雜支支出,乙味屋,88944166,0.00,12000.00,,,,餐飲費用,金錢,屏東縣鹽埔鄉****,,否,,,,,,,
195,鍾佳濱,113年立法委員選舉,首次申報,1121112,集會支出,翔宇音樂社,85618434,0.00,8000.00,,,,租用設備費用,金錢,台南市仁德區****,0955*****,否,,,,,,,
196,鍾佳濱,113年立法委員選舉,首次申報,1121112,宣傳支出,道格廣告企業社,99246738,0.00,99300.00,,,,製作競選物品或宣傳廣告費用,金錢,屏東縣屏東市****,08-7*****,否,,,,,,,
197,鍾佳濱,113年立法委員選舉,首次申報,1121112,人事費用支出,楊烈,A10*******,0.00,30000.00,,,,工資或薪津,金錢,台北市中山北****,,否,,,,,,,
198,鍾佳濱,113年立法委員選舉,首次申報,1121113,宣傳支出,美太企業有限公司,83730165,0.00,130305.00,,,,播放、傳送或刊登宣傳廣告費用,金錢,高雄市苓雅區****,07-2*****,否,,,,,,,
199,鍾佳濱,113年立法委員選舉,首次申報,1121114,雜支支出,益康水企業社,,0.00,200.00,,,,餐飲費用,金錢,屏東市安心四****,,否,,,,,,,
200,鍾佳濱,113年立法委員選舉,首次申報,1121114,人事費用支出,江亦婕,H22*******,0.00,18480.00,,,,工資或薪津,金錢,屏東縣屏東市****,0929*****,否,,,,,,,
201,鍾佳濱,113年立法委員選舉,首次申報,1121114,人事費用支出,翁銘村,T12*******,0.00,20000.00,,,,工資或薪津,金錢,屏東縣萬丹鄉****,0926*****,否,,,,,,,
202,鍾佳濱,113年立法委員選舉,首次申報,1121115,租用競選辦事處支出,貳工箱造設計有限公司,82903998,0.00,210000.00,,,,租用競選辦事處費用,金錢,屏東縣屏東市****,,否,,,,,,,
203,鍾佳濱,113年立法委員選舉,首次申報,1121115,人事費用支出,邱惠姍,H22*******,0.00,15840.00,,,,工資或薪津,金錢,屏東縣內埔鄉****,0981*****,否,,,,,,,
204,鍾佳濱,113年立法委員選舉,首次申報,1121115,人事費用支出,黃明國,T10*******,0.00,5000.00,,,,獎金或津貼,金錢,屏東縣屏東市****,0933*****,否,,,,,,,
205,鍾佳濱,113年立法委員選舉,首次申報,1121115,人事費用支出,王逸民,T12*******,0.00,13200.00,,,,工資或薪津,金錢,屏東縣屏東市****,,否,,,,,,,
206,鍾佳濱,113年立法委員選舉,首次申報,1121115,人事費用支出,李振均,T12*******,0.00,7040.00,,,,工資或薪津,金錢,屏東縣內埔鄉****,0970*****,否,,,,,,,
207,鍾佳濱,113年立法委員選舉,首次申報,1121115,人事費用支出,李振均,T12*******,0.00,3360.00,,,,獎金或津貼,金錢,屏東縣內埔鄉****,0970*****,否,,,,,,,
208,鍾佳濱,113年立法委員選舉,首次申報,1121115,人事費用支出,李玉如,T22*******,0.00,10000.00,,,,獎金或津貼,金錢,屏東縣潮州鎮****,0903*****,否,,,,,,,
209,鍾佳濱,113年立法委員選舉,首次申報,1121115,人事費用支出,蕭惠君,T22*******,0.00,3000.00,,,,獎金或津貼,金錢,屏東市必信里****,0960*****,否,,,,,,,
210,鍾佳濱,113年立法委員選舉,首次申報,1121115,人事費用支出,邱珮惠,U22*******,0.00,4000.00,,,,獎金或津貼,金錢,屏東縣萬丹鄉****,0973*****,否,,,,,,,
211,鍾佳濱,113年立法委員選舉,首次申報,1121116,交通旅運支出,大屏東加油站,16736034,0.00,1000.00,,,,油資,金錢,屏東縣屏東市****,,否,,,,,,,
212,鍾佳濱,113年立法委員選舉,首次申報,1121116,人事費用支出,施美亘,T22*******,0.00,4000.00,,,,工資或薪津,金錢,屏東市歸心里****,0955*****,否,,,,,,,
213,鍾佳濱,113年立法委員選舉,首次申報,1121117,宣傳支出,東衣服飾有限公司,86661423,0.00,10870.00,,,,製作競選物品或宣傳廣告費用,金錢,屏東縣屏東市****,,否,,,,,,,
214,鍾佳濱,113年立法委員選舉,首次申報,1121119,宣傳支出,台灣臉書有限公司,24781069,0.00,96.00,,,,播放、傳送或刊登宣傳廣告費用,金錢,臺北市信義區****,,否,,,,,,,
215,鍾佳濱,113年立法委員選舉,首次申報,1121119,宣傳支出,台灣臉書有限公司,24781069,0.00,4719.00,,,,播放、傳送或刊登宣傳廣告費用,金錢,臺北市信義區****,,否,,,,,,,
216,鍾佳濱,113年立法委員選舉,首次申報,1121120,租用競選辦事處支出,三坪聯合建築師事務所,92440130,0.00,90000.00,,,,其他與租用競選辦事處有關之費用,金錢,屏東縣屏東市****,,否,,,,,,,
217,鍾佳濱,113年立法委員選舉,首次申報,1121120,租用宣傳車輛支出,徐立姸,T22*******,0.00,26000.00,,,,租用宣傳車輛費用,金錢,屏東縣屏東市****,0958*****,否,,,,,,,
218,鍾佳濱,113年立法委員選舉,首次申報,1121121,返還捐贈支出,詠昊人身保險代理人股份有限公司,05718122,0.00,20000.00,,,,返還,金錢,臺北市松山區****,,否,,,,,,,
219,鍾佳濱,113年立法委員選舉,首次申報,1121121,返還捐贈支出,詠昊財產保險代理人股份有限公司,25111545,0.00,30000.00,,,,返還,金錢,臺北市松山區****,,否,,,,,,,
220,鍾佳濱,113年立法委員選舉,首次申報,1121121,返還捐贈支出,日岳生管理顧問有限公司,28614628,0.00,10000.00,,,,返還,金錢,屏東縣屏東市****,,否,,,,,,,
221,鍾佳濱,113年立法委員選舉,首次申報,1121121,雜支支出,屏東縣選舉委員會,90757168,0.00,200000.00,,,,選舉保證金費（未退回保證金者得以報支）,金錢,屏東縣屏東市****,0873*****,否,,,,,,,
222,鍾佳濱,113年立法委員選舉,首次申報,1121121,雜支支出,屏東縣選舉委員會,90757168,0.00,-200000.00,,,,選舉保證金費（未退回保證金者得以報支）,金錢,屏東縣屏東市****,0873*****,否,,,,,,,
223,鍾佳濱,113年立法委員選舉,首次申報,1121121,租用競選辦事處支出,觀昇有線電視股份有限公司,97168406,0.00,11424.00,,,,其他與租用競選辦事處有關之費用,金錢,屏東縣屏東市****,08-7*****,否,,,,,,,
224,鍾佳濱,113年立法委員選舉,首次申報,1121121,宣傳支出,道格廣告企業社,99246738,0.00,81770.00,,,,製作競選物品或宣傳廣告費用,金錢,屏東縣屏東市****,08-7*****,否,,,,,,,
225,鍾佳濱,113年立法委員選舉,首次申報,1121121,租用競選辦事處支出,林榮枝,T10*******,0.00,25000.00,,,,租用競選辦事處費用,金錢,屏東縣長治鄉****,0973*****,否,,,,,,,
226,鍾佳濱,113年立法委員選舉,首次申報,1121123,交通旅運支出,日日春加油站股份有限公司屏東中山站,47931700,0.00,1000.00,,,,油資,金錢,屏東縣屏東市****,,否,,,,,,,
227,鍾佳濱,113年立法委員選舉,首次申報,1121124,宣傳支出,成記廣告行,09116740,0.00,10000.00,,,,製作競選物品或宣傳廣告費用,金錢,屏東縣屏東市****,,否,,,,,,,
228,鍾佳濱,113年立法委員選舉,首次申報,1121127,集會支出,穩達遊覽車有限公司,16766141,0.00,54000.00,,,,其他與集會有關之費用,金錢,屏東縣九如鄉****,0934*****,否,,,,,,,
229,鍾佳濱,113年立法委員選舉,首次申報,1121127,集會支出,百勝交通有限公司,20573119,0.00,12000.00,,,,其他與集會有關之費用,金錢,屏東縣九如鄉****,08-7*****,否,,,,,,,
230,鍾佳濱,113年立法委員選舉,首次申報,1121127,宣傳支出,競選總部,E12*******,0.00,100000.00,,,,其他與選舉宣傳有關之費用,非金錢,屏東縣屏東市****,,否,,,,,,,
231,鍾佳濱,113年立法委員選舉,首次申報,1121128,宣傳支出,道格廣告企業社,99246738,0.00,77036.00,,,,製作競選物品或宣傳廣告費用,金錢,屏東縣屏東市****,08-7*****,否,,,,,,,
232,鍾佳濱,113年立法委員選舉,首次申報,1121129,宣傳支出,慈光派報社,25705069,0.00,68490.00,,,,播放、傳送或刊登宣傳廣告費用,金錢,屏東縣屏東市****,,否,,,,,,,
233,鍾佳濱,113年立法委員選舉,首次申報,1121129,宣傳支出,陳建誠,S12*******,0.00,25900.00,,,,製作競選物品或宣傳廣告費用,金錢,高雄市旗山鎮****,0932*****,否,,,,,,,
234,鍾佳濱,113年立法委員選舉,首次申報,1121201,宣傳支出,裕順請帖印刷燙金社,21679060,0.00,11000.00,,,,製作競選物品或宣傳廣告費用,金錢,屏東縣屏東市****,08-7*****,否,,,,,,,
235,鍾佳濱,113年立法委員選舉,首次申報,1121201,雜支支出,遠足文化事業股份有限公司,70446624,0.00,356000.00,,,,書報雜誌費用,金錢,新北市新店區****,02-2*****,否,,,,,,,
236,鍾佳濱,113年立法委員選舉,首次申報,1121201,雜支支出,藍新科技股份有限公司,70565326,0.00,2125.00,,,,第三方支付手續費,金錢,臺北市南港區****,02-2*****,否,,,,,,,
237,鍾佳濱,113年立法委員選舉,首次申報,1121201,宣傳支出,道格廣告企業社,99246738,0.00,99080.00,,,,製作競選物品或宣傳廣告費用,金錢,屏東縣屏東市****,08-7*****,否,,,,,,,
238,鍾佳濱,113年立法委員選舉,首次申報,1121201,人事費用支出,林孟穎,G22*******,0.00,9856.00,,,,工資或薪津,金錢,新北市樹林區****,,否,,,,,,,
239,鍾佳濱,113年立法委員選舉,首次申報,1121201,人事費用支出,王瑞芳,T12*******,0.00,20000.00,,,,獎金或津貼,金錢,屏東縣屏東市****,0915*****,否,,,,,,,
240,鍾佳濱,113年立法委員選舉,首次申報,1121205,宣傳支出,春佩企業社,36894670,0.00,80000.00,,,,製作競選物品或宣傳廣告費用,金錢,屏東縣屏東市****,,否,,,,,,,
241,鍾佳濱,113年立法委員選舉,首次申報,1121205,集會支出,瓏山林茶行,47913127,0.00,15000.00,,,,餐飲費用,金錢,屏東縣屏東市****,0913*****,否,,,,,,,
242,鍾佳濱,113年立法委員選舉,首次申報,1121205,人事費用支出,楊甄佩,E22*******,0.00,3000.00,,,,工資或薪津,金錢,高雄市三民區****,0938*****,否,,,,,,,
243,鍾佳濱,113年立法委員選舉,首次申報,1121205,人事費用支出,蘇逸凌,E22*******,0.00,3500.00,,,,工資或薪津,金錢,高雄市左營區****,0928*****,否,,,,,,,
244,鍾佳濱,113年立法委員選舉,首次申報,1121205,人事費用支出,王意婷,F22*******,0.00,5000.00,,,,工資或薪津,金錢,高雄市三多二****,0932*****,否,,,,,,,
245,鍾佳濱,113年立法委員選舉,首次申報,1121205,人事費用支出,吳柏翰,L12*******,0.00,3500.00,,,,工資或薪津,金錢,台中市沙鹿區****,,否,,,,,,,
246,鍾佳濱,113年立法委員選舉,首次申報,1121205,人事費用支出,吳紀,T12*******,0.00,2500.00,,,,獎金或津貼,金錢,屏東縣竹田鄉****,,否,,,,,,,
247,鍾佳濱,113年立法委員選舉,首次申報,1121207,宣傳支出,道格廣告企業社,99246738,0.00,99464.00,,,,製作競選物品或宣傳廣告費用,金錢,屏東縣屏東市****,08-7*****,否,,,,,,,
248,鍾佳濱,113年立法委員選舉,首次申報,1121208,宣傳支出,毓秀興業有限公司,90528784,0.00,160000.00,,,,製作競選物品或宣傳廣告費用,金錢,高雄市鳳山區****,07-7*****,否,,,,,,,
249,鍾佳濱,113年立法委員選舉,首次申報,1121209,集會支出,食在饌商行,36892602,0.00,20000.00,,,,餐飲費用,金錢,屏東縣九如鄉****,08-7*****,否,,,,,,,
250,鍾佳濱,113年立法委員選舉,首次申報,1121209,集會支出,翔宇音樂社,85618434,0.00,10000.00,,,,租用設備費用,金錢,台南市仁德區****,0955*****,否,,,,,,,
251,鍾佳濱,113年立法委員選舉,首次申報,1121210,宣傳支出,慈光派報社,25705069,0.00,68490.00,,,,播放、傳送或刊登宣傳廣告費用,金錢,屏東縣屏東市****,08-7*****,否,,,,,,,
252,鍾佳濱,113年立法委員選舉,首次申報,1121210,集會支出,𡘙師傅企業股份有限公司民生分公司,53583145,0.00,21600.00,,,,餐飲費用,金錢,屏東縣屏東市****,08-7*****,否,,,,,,,
253,鍾佳濱,113年立法委員選舉,首次申報,1121210,集會支出,翔宇音樂社,85618434,0.00,10000.00,,,,租用設備費用,金錢,台南市仁德區****,0955*****,否,,,,,,,
254,鍾佳濱,113年立法委員選舉,首次申報,1121211,宣傳支出,梅藤股份有限公司,53498507,0.00,105000.00,,,,播放、傳送或刊登宣傳廣告費用,金錢,桃園縣蘆竹鄉****,03-2*****,否,,,,,,,
255,鍾佳濱,113年立法委員選舉,首次申報,1121212,宣傳支出,台灣臉書有限公司,24781069,0.00,9624.00,,,,播放、傳送或刊登宣傳廣告費用,金錢,臺北市信義區****,,否,,,,,,,
256,鍾佳濱,113年立法委員選舉,首次申報,1121213,返還捐贈支出,聯友金屬科技股份有限公司,50802223,0.00,300000.00,,,,返還,金錢,屏東縣枋寮鄉****,,否,,,,,,,
257,鍾佳濱,113年立法委員選舉,首次申報,1121213,宣傳支出,大倫氣球工業股份有限公司,55016408,0.00,12890.00,,,,製作競選物品或宣傳廣告費用,金錢,臺中市神岡區****,,否,,,,,,,
258,鍾佳濱,113年立法委員選舉,首次申報,1121213,宣傳支出,道格廣告企業社,99246738,0.00,55584.00,,,,製作競選物品或宣傳廣告費用,金錢,屏東縣屏東市****,08-7*****,否,,,,,,,
259,鍾佳濱,113年立法委員選舉,首次申報,1121214,人事費用支出,徐漢勇,L12*******,0.00,100000.00,,,,工資或薪津,金錢,台中市龍井區****,0935*****,否,,,,,,,
260,鍾佳濱,113年立法委員選舉,首次申報,1121215,雜支支出,銘甫外燴企業社,25704842,0.00,609000.00,,,,餐飲費用,金錢,屏東縣潮州鎮****,,否,,,,,,,
261,鍾佳濱,113年立法委員選舉,首次申報,1121215,租用競選辦事處支出,貳工箱造設計有限公司,82903998,0.00,210000.00,,,,租用競選辦事處費用,金錢,屏東縣屏東市****,,否,,,,,,,
262,鍾佳濱,113年立法委員選舉,首次申報,1121215,人事費用支出,邱惠姍,H22*******,0.00,3000.00,,,,獎金或津貼,金錢,屏東縣內埔鄉****,0981*****,否,,,,,,,
263,鍾佳濱,113年立法委員選舉,首次申報,1121215,人事費用支出,江亦婕,H22*******,0.00,18480.00,,,,工資或薪津,金錢,屏東縣屏東市****,0929*****,否,,,,,,,
264,鍾佳濱,113年立法委員選舉,首次申報,1121215,人事費用支出,邱惠姍,H22*******,0.00,15840.00,,,,工資或薪津,金錢,屏東縣內埔鄉****,0981*****,否,,,,,,,
265,鍾佳濱,113年立法委員選舉,首次申報,1121215,人事費用支出,黃明國,T10*******,0.00,5000.00,,,,獎金或津貼,金錢,屏東縣屏東市****,0933*****,否,,,,,,,
266,鍾佳濱,113年立法委員選舉,首次申報,1121215,人事費用支出,王逸民,T12*******,0.00,30000.00,,,,工資或薪津,金錢,屏東縣屏東市****,0931*****,否,,,,,,,
267,鍾佳濱,113年立法委員選舉,首次申報,1121215,人事費用支出,洪安,T12*******,0.00,3000.00,,,,獎金或津貼,金錢,屏東縣屏東市****,0989*****,否,,,,,,,
268,鍾佳濱,113年立法委員選舉,首次申報,1121215,人事費用支出,洪安,T12*******,0.00,31000.00,,,,工資或薪津,金錢,屏東縣屏東市****,0989*****,否,,,,,,,
269,鍾佳濱,113年立法委員選舉,首次申報,1121215,人事費用支出,洪偉彥,T12*******,0.00,5000.00,,,,獎金或津貼,金錢,屏東縣屏東市****,0918*****,否,,,,,,,
270,鍾佳濱,113年立法委員選舉,首次申報,1121215,人事費用支出,翁銘村,T12*******,0.00,20000.00,,,,工資或薪津,金錢,屏東縣萬丹鄉****,0926*****,否,,,,,,,
271,鍾佳濱,113年立法委員選舉,首次申報,1121215,人事費用支出,王瑞芳,T12*******,0.00,20000.00,,,,獎金或津貼,金錢,屏東縣屏東市****,0915*****,否,,,,,,,
272,鍾佳濱,113年立法委員選舉,首次申報,1121215,人事費用支出,李振均,T12*******,0.00,28800.00,,,,工資或薪津,金錢,屏東縣內埔鄉****,0970*****,否,,,,,,,
273,鍾佳濱,113年立法委員選舉,首次申報,1121215,人事費用支出,蕭惠君,T22*******,0.00,4000.00,,,,獎金或津貼,金錢,屏東市必信里****,0960*****,否,,,,,,,
274,鍾佳濱,113年立法委員選舉,首次申報,1121215,人事費用支出,買淑滿,T22*******,0.00,10000.00,,,,獎金或津貼,金錢,屏東縣萬丹鄉****,,否,,,,,,,
275,鍾佳濱,113年立法委員選舉,首次申報,1121215,人事費用支出,邱珮惠,U22*******,0.00,5000.00,,,,獎金或津貼,金錢,屏東縣萬丹鄉****,0973*****,否,,,,,,,
276,鍾佳濱,113年立法委員選舉,首次申報,1121217,集會支出,御宴餐館,10898264,0.00,48000.00,,,,餐飲費用,金錢,屏東縣屏東市****,08-7*****,否,,,,,,,
277,鍾佳濱,113年立法委員選舉,首次申報,1121217,集會支出,御宴餐館,10898264,0.00,8000.00,,,,餐飲費用,金錢,屏東縣屏東市****,08-7*****,否,,,,,,,
278,鍾佳濱,113年立法委員選舉,首次申報,1121217,集會支出,阿鴻自助美食,36739967,0.00,4100.00,,,,餐飲費用,金錢,屏東縣里港鄉****,,否,,,,,,,
279,鍾佳濱,113年立法委員選舉,首次申報,1121217,集會支出,權曜企業社,81931953,0.00,160800.00,,,,租用設備費用,金錢,屏東縣屏東市****,,否,,,,,,,
280,鍾佳濱,113年立法委員選舉,首次申報,1121217,集會支出,屏東汽車客運股份有限公司,90724553,0.00,18000.00,,,,其他與集會有關之費用,金錢,屏東市橋南里****,08-7*****,否,,,,,,,
281,鍾佳濱,113年立法委員選舉,首次申報,1121219,宣傳支出,台灣臉書有限公司,24781069,0.00,124.00,,,,播放、傳送或刊登宣傳廣告費用,金錢,臺北市信義區****,,否,,,,,,,
282,鍾佳濱,113年立法委員選舉,首次申報,1121219,宣傳支出,台灣臉書有限公司,24781069,0.00,2063.00,,,,播放、傳送或刊登宣傳廣告費用,金錢,臺北市信義區****,,否,,,,,,,
283,鍾佳濱,113年立法委員選舉,首次申報,1121219,宣傳支出,台灣臉書有限公司,24781069,0.00,7875.00,,,,播放、傳送或刊登宣傳廣告費用,金錢,臺北市信義區****,,否,,,,,,,
284,鍾佳濱,113年立法委員選舉,首次申報,1121220,宣傳支出,中華新報社,25909937,0.00,30000.00,,,,播放、傳送或刊登宣傳廣告費用,金錢,高雄市前鎮區****,0913*****,否,,,,,,,
285,鍾佳濱,113年立法委員選舉,首次申報,1121220,宣傳支出,道格廣告企業社,99246738,0.00,93150.00,,,,製作競選物品或宣傳廣告費用,金錢,屏東縣屏東市****,08-7*****,否,,,,,,,
286,鍾佳濱,113年立法委員選舉,首次申報,1121220,宣傳支出,道格廣告企業社,99246738,0.00,56000.00,,,,製作競選物品或宣傳廣告費用,金錢,屏東縣屏東市****,08-7*****,否,,,,,,,
287,鍾佳濱,113年立法委員選舉,首次申報,1121220,人事費用支出,葉昭杉,E12*******,0.00,25000.00,,,,工資或薪津,金錢,高雄市小港區****,,否,,,,,,,
288,鍾佳濱,113年立法委員選舉,首次申報,1121221,集會支出,世鑫遊覽股份有限公司,43657060,0.00,9500.00,,,,其他與集會有關之費用,金錢,屏東縣內埔鄉****,0877*****,否,,,,,,,
289,鍾佳濱,113年立法委員選舉,首次申報,1121221,租用競選辦事處支出,林榮枝,T10*******,0.00,25000.00,,,,租用競選辦事處費用,金錢,屏東縣長治鄉****,0973*****,否,,,,,,,
290,鍾佳濱,113年立法委員選舉,首次申報,1121222,租用宣傳車輛支出,徐立姸,T22*******,0.00,26000.00,,,,租用宣傳車輛費用,金錢,屏東縣屏東市****,0958*****,否,,,,,,,
291,鍾佳濱,113年立法委員選舉,首次申報,1121223,集會支出,翔宇音樂社,85618434,0.00,10000.00,,,,租用設備費用,金錢,台南市仁德區****,0955*****,否,,,,,,,
292,鍾佳濱,113年立法委員選舉,首次申報,1121224,集會支出,佳利帆布行,19494003,0.00,34000.00,,,,租用設備費用,金錢,高雄市岡山區****,0919*****,否,,,,,,,
293,鍾佳濱,113年立法委員選舉,首次申報,1121224,集會支出,亞興企業行,29422492,0.00,30000.00,,,,租用設備費用,金錢,高雄市鳳山區****,0932*****,否,,,,,,,
294,鍾佳濱,113年立法委員選舉,首次申報,1121224,雜支支出,食在饌商行,36892602,0.00,96000.00,,,,餐飲費用,金錢,屏東縣九如鄉****,08-7*****,否,,,,,,,
295,鍾佳濱,113年立法委員選舉,首次申報,1121224,交通旅運支出,竑穗興業股份有限公司屏東林森郵局營業處,85813817,0.00,90.00,,,,停車費,金錢,屏東縣屏東市****,,否,,,,,,,
296,鍾佳濱,113年立法委員選舉,首次申報,1121224,集會支出,宏全帆布架行,88947229,0.00,36000.00,,,,租用設備費用,金錢,屏東縣九如鄉****,08-7*****,否,,,,,,,
297,鍾佳濱,113年立法委員選舉,首次申報,1121225,宣傳支出,虎尾旗幟社,92837168,0.00,279832.00,,,,製作競選物品或宣傳廣告費用,金錢,雲林縣虎尾鎮****,05-6*****,否,,,,,,,
298,鍾佳濱,113年立法委員選舉,首次申報,1121225,宣傳支出,道格廣告企業社,99246738,0.00,95490.00,,,,製作競選物品或宣傳廣告費用,金錢,屏東縣屏東市****,08-7*****,否,,,,,,,
299,鍾佳濱,113年立法委員選舉,首次申報,1121226,交通旅運支出,毓秀興業有限公司,90528784,0.00,9360.00,,,,其他與交通旅運有關之費用,金錢,高雄市鳳山區****,07-7*****,否,,,,,,,
300,鍾佳濱,113年立法委員選舉,首次申報,1121228,交通旅運支出,台灣國際開發事業有限公司,81373970,0.00,810.00,,,,停車費,金錢,屏東縣屏東市****,,否,,,,,,,
301,鍾佳濱,113年立法委員選舉,首次申報,1121228,人事費用支出,張軍猛,T12*******,0.00,14400.00,,,,獎金或津貼,金錢,屏東縣里港鄉****,,否,,,,,,,
302,鍾佳濱,113年立法委員選舉,首次申報,1121228,人事費用支出,張文德,T12*******,0.00,16800.00,,,,獎金或津貼,金錢,屏東縣萬丹鄉****,,否,,,,,,,
303,鍾佳濱,113年立法委員選舉,首次申報,1121229,集會支出,屏東汽車客運股份有限公司,90724553,0.00,8000.00,,,,其他與集會有關之費用,金錢,屏東市橋南里****,08-7*****,否,,,,,,,
304,鍾佳濱,113年立法委員選舉,首次申報,1121229,集會支出,新潮流舞台音響,91954814,0.00,10000.00,,,,租用設備費用,金錢,高雄市仁武區****,,否,,,,,,,
305,鍾佳濱,113年立法委員選舉,首次申報,1121229,人事費用支出,李玟蒨,T22*******,0.00,9600.00,,,,工資或薪津,金錢,屏東市北興里****,0915*****,否,,,,,,,
306,鍾佳濱,113年立法委員選舉,首次申報,1121229,人事費用支出,李玟蒨,T22*******,0.00,4500.00,,,,工資或薪津,金錢,屏東市北興里****,0915*****,否,,,,,,,
307,鍾佳濱,113年立法委員選舉,首次申報,1121229,人事費用支出,李玟蒨,T22*******,0.00,2000.00,,,,工資或薪津,金錢,屏東市北興里****,0915*****,否,,,,,,,
308,鍾佳濱,113年立法委員選舉,首次申報,1130101,雜支支出,藍新科技股份有限公司,70565326,0.00,8399.00,,,,第三方支付手續費,金錢,臺北市南港區****,02-2*****,否,,,,,,,
309,鍾佳濱,113年立法委員選舉,首次申報,1130102,宣傳支出,主人廣播電台股份有限公司,97145045,0.00,15000.00,,,,播放、傳送或刊登宣傳廣告費用,金錢,高雄市新興區****,0722*****,否,,,,,,,
310,鍾佳濱,113年立法委員選舉,首次申報,1130102,人事費用支出,伊梃瑋,T12*******,0.00,3000.00,,,,工資或薪津,金錢,屏東縣屏東市****,,否,,,,,,,
311,鍾佳濱,113年立法委員選舉,首次申報,1130102,人事費用支出,伊梃瑋,T12*******,0.00,8000.00,,,,工資或薪津,金錢,屏東縣屏東市****,,否,,,,,,,
312,鍾佳濱,113年立法委員選舉,首次申報,1130103,宣傳支出,裕順請帖印刷燙金社,21679060,0.00,10800.00,,,,製作競選物品或宣傳廣告費用,金錢,屏東縣屏東市****,08-7*****,否,,,,,,,
313,鍾佳濱,113年立法委員選舉,首次申報,1130103,公共關係費用支出,無糖舞蹈學院,92413464,0.00,14000.00,,,,文康活動費用,金錢,屏東縣屏東市****,0981*****,否,,,,,,,
314,鍾佳濱,113年立法委員選舉,首次申報,1130103,人事費用支出,徐立姸,T22*******,0.00,6000.00,,,,獎金或津貼,金錢,屏東縣屏東市****,,否,,,,,,,
315,鍾佳濱,113年立法委員選舉,首次申報,1130104,宣傳支出,道格廣告企業社,99246738,0.00,5691.00,,,,製作競選物品或宣傳廣告費用,金錢,屏東縣屏東市****,08-7*****,否,,,,,,,
316,鍾佳濱,113年立法委員選舉,首次申報,1130104,宣傳支出,道格廣告企業社,99246738,0.00,88178.00,,,,製作競選物品或宣傳廣告費用,金錢,屏東縣屏東市****,08-7*****,否,,,,,,,
317,鍾佳濱,113年立法委員選舉,首次申報,1130105,宣傳支出,山水民意研究股份有限公司,16135975,0.00,157500.00,,,,委託辦理研究、評估、調查、設計或規劃費用,金錢,台北市八德路****,0225*****,否,,,,,,,
318,鍾佳濱,113年立法委員選舉,首次申報,1130105,返還捐贈支出,瑛盛建設有限公司,16269241,0.00,100000.00,,,,返還,金錢,屏東縣內埔鄉****,,否,,,,,,,
319,鍾佳濱,113年立法委員選舉,首次申報,1130105,公共關係費用支出,裕順請帖印刷燙金社,21679060,0.00,4000.00,,,,為民服務費用,金錢,屏東縣屏東市****,0873*****,否,,,,,,,
320,鍾佳濱,113年立法委員選舉,首次申報,1130105,返還捐贈支出,新世紀漢方生技股份有限公司,27680304,0.00,100000.00,,,,返還,金錢,屏東縣長治鄉****,,否,,,,,,,
321,鍾佳濱,113年立法委員選舉,首次申報,1130105,宣傳支出,志勝企業社,36896109,0.00,6000.00,,,,製作競選物品或宣傳廣告費用,金錢,屏東縣內埔鄉****,08-7*****,否,,,,,,,
322,鍾佳濱,113年立法委員選舉,首次申報,1130105,宣傳支出,梅藤股份有限公司,53498507,0.00,80000.00,,,,播放、傳送或刊登宣傳廣告費用,金錢,桃園縣蘆竹鄉****,03-2*****,否,,,,,,,
323,鍾佳濱,113年立法委員選舉,首次申報,1130105,返還捐贈支出,龍鼎昌砂石股份有限公司,84093988,0.00,200000.00,,,,返還,金錢,屏東縣高樹鄉****,,否,,,,,,,
324,鍾佳濱,113年立法委員選舉,首次申報,1130105,人事費用支出,黃清俊,T12*******,0.00,18000.00,,,,工資或薪津,金錢,屏東縣佳冬鄉****,,否,,,,,,,
325,鍾佳濱,113年立法委員選舉,首次申報,1130106,雜支支出,芊紅水果行,,0.00,415.00,,,,雜項購置或修繕費用,金錢,屏東市建華一****,,否,,,,,,,
326,鍾佳濱,113年立法委員選舉,首次申報,1130106,宣傳支出,大眾廣播股份有限公司,89256721,0.00,100000.00,,,,播放、傳送或刊登宣傳廣告費用,金錢,高雄市前鎮區****,07-3*****,否,,,,,,,
327,鍾佳濱,113年立法委員選舉,首次申報,1130108,宣傳支出,台灣臉書有限公司,24781069,0.00,6906.00,,,,播放、傳送或刊登宣傳廣告費用,金錢,臺北市信義區****,,否,,,,,,,
328,鍾佳濱,113年立法委員選舉,首次申報,1130108,宣傳支出,威亞策略顧問股份有限公司,27987091,0.00,3514.00,,,,播放、傳送或刊登宣傳廣告費用,金錢,台北市中山區****,02-2*****,否,,,,,,,
329,鍾佳濱,113年立法委員選舉,首次申報,1130108,雜支支出,𡘙師傅企業股份有限公司民生分公司,53583145,0.00,8000.00,,,,餐飲費用,金錢,屏東縣屏東市****,08-7*****,否,,,,,,,
330,鍾佳濱,113年立法委員選舉,首次申報,1130108,宣傳支出,港都廣播電台股份有限公司,89280861,0.00,47500.00,,,,播放、傳送或刊登宣傳廣告費用,金錢,高雄市三民區****,,否,,,,,,,
331,鍾佳濱,113年立法委員選舉,首次申報,1130108,宣傳支出,道格廣告企業社,99246738,0.00,95455.00,,,,製作競選物品或宣傳廣告費用,金錢,屏東縣屏東市****,08-7*****,否,,,,,,,
332,鍾佳濱,113年立法委員選舉,首次申報,1130110,宣傳支出,道格廣告企業社,99246738,0.00,4790.00,,,,製作競選物品或宣傳廣告費用,金錢,屏東縣屏東市****,08-7*****,否,,,,,,,
333,鍾佳濱,113年立法委員選舉,首次申報,1130110,人事費用支出,邱惠姍,H22*******,0.00,8000.00,,,,獎金或津貼,金錢,屏東縣內埔鄉****,0981*****,否,,,,,,,
334,鍾佳濱,113年立法委員選舉,首次申報,1130110,人事費用支出,葉思妤,T22*******,0.00,458.00,,,,工資或薪津,金錢,屏東縣竹田鄉****,0911*****,否,,,,,,,
335,鍾佳濱,113年立法委員選舉,首次申報,1130110,人事費用支出,麥小梅,T29*******,0.00,458.00,,,,工資或薪津,金錢,屏東縣屏東市****,,否,,,,,,,
336,鍾佳濱,113年立法委員選舉,首次申報,1130110,人事費用支出,邱珮惠,U22*******,0.00,8000.00,,,,獎金或津貼,金錢,屏東縣萬丹鄉****,0973*****,否,,,,,,,
337,鍾佳濱,113年立法委員選舉,首次申報,1130111,返還捐贈支出,一航實業有限公司,06667163,0.00,50000.00,,,,返還,金錢,高雄市三民區****,,否,,,,,,,
338,鍾佳濱,113年立法委員選舉,首次申報,1130111,宣傳支出,自由時報企業股份有限公司,52570683,0.00,73500.00,,,,播放、傳送或刊登宣傳廣告費用,金錢,台北市瑞光路****,,否,,,,,,,
339,鍾佳濱,113年立法委員選舉,首次申報,1130111,集會支出,𡘙師傅便當專賣店勝利店,53582997,0.00,9200.00,,,,餐飲費用,金錢,屏東縣屏東市****,,否,,,,,,,
340,鍾佳濱,113年立法委員選舉,首次申報,1130111,雜支支出,玫瑰餐飲企業社,81350110,0.00,9840.00,,,,餐飲費用,金錢,屏東縣屏東市****,08-7*****,否,,,,,,,
341,鍾佳濱,113年立法委員選舉,首次申報,1130111,雜支支出,金萬壽香鋪,88771832,0.00,7800.00,,,,雜項購置或修繕費用,金錢,屏東縣屏東市****,0916*****,否,,,,,,,
342,鍾佳濱,113年立法委員選舉,首次申報,1130111,雜支支出,中華電信,91007903,0.00,44896.00,,,,電信費用,金錢,屏東縣屏東市****,,否,,,,,,,
343,鍾佳濱,113年立法委員選舉,首次申報,1130111,人事費用支出,邱惠姍,H22*******,0.00,15840.00,,,,工資或薪津,金錢,屏東縣內埔鄉****,0981*****,否,,,,,,,
344,鍾佳濱,113年立法委員選舉,首次申報,1130111,人事費用支出,王瑞芳,T12*******,0.00,20000.00,,,,獎金或津貼,金錢,屏東縣屏東市****,0915*****,否,,,,,,,
345,鍾佳濱,113年立法委員選舉,首次申報,1130111,人事費用支出,王逸民,T12*******,0.00,37200.00,,,,工資或薪津,金錢,屏東縣屏東市****,0931*****,否,,,,,,,
346,鍾佳濱,113年立法委員選舉,首次申報,1130112,返還捐贈支出,聯發生物科技股份有限公司,13077754,0.00,500000.00,,,,返還,金錢,屏東縣長治鄉****,,否,,,,,,,
347,鍾佳濱,113年立法委員選舉,首次申報,1130112,雜支支出,𡘙師傅企業股份有限公司民生分公司,53583145,0.00,40800.00,,,,餐飲費用,金錢,屏東縣屏東市****,08-7*****,否,,,,,,,
348,鍾佳濱,113年立法委員選舉,首次申報,1130112,宣傳支出,大力科技有限公司,83304628,0.00,22800.00,,,,播放、傳送或刊登宣傳廣告費用,金錢,嘉義市重興里****,0523*****,否,,,,,,,
349,鍾佳濱,113年立法委員選舉,首次申報,1130112,人事費用支出,李珈慧,E22*******,0.00,18000.00,,,,獎金或津貼,金錢,高雄市小港區****,0987*****,否,,,,,,,
350,鍾佳濱,113年立法委員選舉,首次申報,1130112,人事費用支出,洪安,T12*******,0.00,31000.00,,,,工資或薪津,金錢,屏東縣屏東市****,0989*****,否,,,,,,,
351,鍾佳濱,113年立法委員選舉,首次申報,1130112,人事費用支出,洪安,T12*******,0.00,8000.00,,,,獎金或津貼,金錢,屏東縣屏東市****,0989*****,否,,,,,,,
352,鍾佳濱,113年立法委員選舉,首次申報,1130112,人事費用支出,施美亘,T22*******,0.00,8000.00,,,,獎金或津貼,金錢,屏東市歸心里****,0955*****,否,,,,,,,
353,鍾佳濱,113年立法委員選舉,首次申報,1130112,人事費用支出,蕭惠君,T22*******,0.00,6000.00,,,,獎金或津貼,金錢,屏東市必信里****,0960*****,否,,,,,,,
354,鍾佳濱,113年立法委員選舉,首次申報,1130113,宣傳支出,硬頸影像有限公司,90098476,0.00,30000.00,,,,製作競選物品或宣傳廣告費用,金錢,台南市新市區****,0910*****,否,,,,,,,
355,鍾佳濱,113年立法委員選舉,首次申報,1130113,人事費用支出,莊和翰,T12*******,0.00,10300.00,,,,工資或薪津,金錢,屏東縣屏東市****,,否,,,,,,,
356,鍾佳濱,113年立法委員選舉,首次申報,1130114,人事費用支出,林孟穎,G22*******,0.00,19396.00,,,,工資或薪津,金錢,新北市樹林區****,,否,,,,,,,
357,鍾佳濱,113年立法委員選舉,首次申報,1130114,人事費用支出,蘇峻霆,T12*******,0.00,6160.00,,,,工資或薪津,金錢,屏東縣里港鄉****,,否,,,,,,,
358,鍾佳濱,113年立法委員選舉,首次申報,1130114,人事費用支出,張秀慧,T22*******,0.00,27808.00,,,,獎金或津貼,金錢,屏東縣竹田鄉****,,否,,,,,,,
359,鍾佳濱,113年立法委員選舉,首次申報,1130115,租用宣傳車輛支出,泓美汽車企業有限公司,25193481,0.00,2700.00,,,,維修宣傳車輛費用,金錢,屏東縣屏東市****,0876*****,否,,,,,,,
360,鍾佳濱,113年立法委員選舉,首次申報,1130115,租用競選辦事處支出,貳工箱造設計有限公司,82903998,0.00,210000.00,,,,租用競選辦事處費用,金錢,屏東縣屏東市****,,否,,,,,,,
361,鍾佳濱,113年立法委員選舉,首次申報,1130115,交通旅運支出,台灣中油股份有限公司公司油品行銷事業部高雄營業處忠孝加油站,90974849,0.00,200.00,,,,油資,金錢,屏東縣屏東市****,,否,,,,,,,
362,鍾佳濱,113年立法委員選舉,首次申報,1130115,人事費用支出,黃明國,T10*******,0.00,5000.00,,,,獎金或津貼,金錢,屏東縣屏東市****,0933*****,否,,,,,,,
363,鍾佳濱,113年立法委員選舉,首次申報,1130115,人事費用支出,王瑞芳,T12*******,0.00,18000.00,,,,工資或薪津,金錢,屏東縣屏東市****,0915*****,否,,,,,,,
364,鍾佳濱,113年立法委員選舉,首次申報,1130115,人事費用支出,買淑滿,T22*******,0.00,10000.00,,,,獎金或津貼,金錢,屏東縣萬丹鄉****,,否,,,,,,,
365,鍾佳濱,113年立法委員選舉,首次申報,1130115,人事費用支出,李玉如,T22*******,0.00,10000.00,,,,獎金或津貼,金錢,屏東縣潮州鎮****,0903*****,否,,,,,,,
366,鍾佳濱,113年立法委員選舉,首次申報,1130115,人事費用支出,李玉如,T22*******,0.00,10000.00,,,,獎金或津貼,金錢,屏東縣潮州鎮****,0903*****,否,,,,,,,
367,鍾佳濱,113年立法委員選舉,首次申報,1130116,宣傳支出,道格廣告企業社,99246738,0.00,90870.00,,,,製作競選物品或宣傳廣告費用,金錢,屏東縣屏東市****,08-7*****,否,,,,,,,
368,鍾佳濱,113年立法委員選舉,首次申報,1130116,人事費用支出,李珈慧,E22*******,0.00,58000.00,,,,獎金或津貼,金錢,高雄市小港區****,0987*****,否,,,,,,,
369,鍾佳濱,113年立法委員選舉,首次申報,1130116,人事費用支出,江亦婕,H22*******,0.00,18480.00,,,,工資或薪津,金錢,屏東縣屏東市****,0929*****,否,,,,,,,
370,鍾佳濱,113年立法委員選舉,首次申報,1130117,公共關係費用支出,傳家寶教育贈品社,14597418,0.00,11800.00,,,,為民服務費用,金錢,台中市北屯區****,,否,,,,,,,
371,鍾佳濱,113年立法委員選舉,首次申報,1130117,宣傳支出,慈光派報社,25705069,0.00,34350.00,,,,播放、傳送或刊登宣傳廣告費用,金錢,屏東縣屏東市****,08-7*****,否,,,,,,,
372,鍾佳濱,113年立法委員選舉,首次申報,1130117,人事費用支出,李玟蒨,T22*******,0.00,18000.00,,,,工資或薪津,金錢,屏東市北興里****,0915*****,否,,,,,,,
373,鍾佳濱,113年立法委員選舉,首次申報,1130118,人事費用支出,邱淑君,E22*******,0.00,4000.00,,,,獎金或津貼,金錢,屏東縣三地門****,0911*****,否,,,,,,,
374,鍾佳濱,113年立法委員選舉,首次申報,1130118,人事費用支出,李郁純,P22*******,0.00,12000.00,,,,工資或薪津,金錢,雲林縣二崙鄉****,,否,,,,,,,
375,鍾佳濱,113年立法委員選舉,首次申報,1130118,人事費用支出,李彥鋒,T12*******,0.00,15000.00,,,,工資或薪津,金錢,屏東縣潮州鎮****,0925*****,否,,,,,,,
376,鍾佳濱,113年立法委員選舉,首次申報,1130118,人事費用支出,伊梃瑋,T12*******,0.00,2000.00,,,,工資或薪津,金錢,屏東縣屏東市****,0975*****,否,,,,,,,
377,鍾佳濱,113年立法委員選舉,首次申報,1130120,人事費用支出,黃清俊,T12*******,0.00,22000.00,,,,工資或薪津,金錢,屏東縣佳冬鄉****,,否,,,,,,,
378,鍾佳濱,113年立法委員選舉,首次申報,1130120,人事費用支出,許秀華,T22*******,0.00,25000.00,,,,獎金或津貼,金錢,屏東縣長治鄉****,,否,,,,,,,
379,鍾佳濱,113年立法委員選舉,首次申報,1130122,租用宣傳車輛支出,泓美汽車企業有限公司,25193481,0.00,1950.00,,,,維修宣傳車輛費用,金錢,屏東縣屏東市****,0876*****,否,,,,,,,
380,鍾佳濱,113年立法委員選舉,首次申報,1130122,宣傳支出,觀昇有線電視股份有限公司,97168406,0.00,150000.00,,,,播放、傳送或刊登宣傳廣告費用,金錢,屏東縣屏東市****,,否,,,,,,,
381,鍾佳濱,113年立法委員選舉,首次申報,1130123,雜支支出,揚記商行,88769054,0.00,90000.00,,,,餐飲費用,金錢,屏東縣九如鄉****,,否,,,,,,,
382,鍾佳濱,113年立法委員選舉,首次申報,1130123,雜支支出,高紳企業社,88941674,0.00,90510.00,,,,餐飲費用,金錢,屏東縣屏東市****,,否,,,,,,,
383,鍾佳濱,113年立法委員選舉,首次申報,1130123,人事費用支出,李振均,T12*******,0.00,37520.00,,,,工資或薪津,金錢,屏東縣內埔鄉****,0970*****,否,,,,,,,
384,鍾佳濱,113年立法委員選舉,首次申報,1130123,人事費用支出,蘇峻霆,T12*******,0.00,15006.00,,,,工資或薪津,金錢,屏東縣里港鄉****,0900*****,否,,,,,,,
385,鍾佳濱,113年立法委員選舉,首次申報,1130124,宣傳支出,寶生股份有限公司屏東營業所,08007630,0.00,236500.00,,,,製作競選物品或宣傳廣告費用,金錢,屏東縣內埔鄉****,08-7*****,否,,,,,,,
386,鍾佳濱,113年立法委員選舉,首次申報,1130124,返還捐贈支出,智誼實業有限公司,29025487,0.00,100000.00,,,,返還,金錢,新北市樹林區****,,否,,,,,,,
387,鍾佳濱,113年立法委員選舉,首次申報,1130124,雜支支出,龍門客家食堂,67815905,0.00,52700.00,,,,餐飲費用,金錢,屏東縣內埔鄉****,,否,,,,,,,
388,鍾佳濱,113年立法委員選舉,首次申報,1130126,雜支支出,加味食品行,78596667,0.00,90000.00,,,,餐飲費用,金錢,屏東縣里港鄉****,,否,,,,,,,
389,鍾佳濱,113年立法委員選舉,首次申報,1130126,人事費用支出,許秀華,T22*******,0.00,5000.00,,,,獎金或津貼,金錢,屏東縣長治鄉****,,否,,,,,,,
390,鍾佳濱,113年立法委員選舉,首次申報,1130127,公共關係費用支出,家福股份有限公司屏東分公司,16080417,0.00,14521.00,,,,春節禮盒,金錢,屏東縣屏東市****,,否,,,,,,,
391,鍾佳濱,113年立法委員選舉,首次申報,1130127,雜支支出,加味食品行,78596667,0.00,60000.00,,,,餐飲費用,金錢,屏東縣里港鄉****,0877*****,否,,,,,,,
392,鍾佳濱,113年立法委員選舉,首次申報,1130128,公共關係費用支出,新加坡商蝦皮娛樂電商有限公司台灣分公司,56801904,0.00,6528.00,,,,春節禮盒,金錢,台北市信義區****,,否,,,,,,,
393,鍾佳濱,113年立法委員選舉,首次申報,1130129,租用宣傳車輛支出,泓美汽車企業有限公司,25193481,0.00,5550.00,,,,維修宣傳車輛費用,金錢,屏東縣屏東市****,0876*****,否,,,,,,,
394,鍾佳濱,113年立法委員選舉,首次申報,1130129,公共關係費用支出,新加坡商蝦皮娛樂電商有限公司台灣分公司,56801904,0.00,7425.00,,,,春節禮盒,金錢,台北市信義區****,,否,,,,,,,
395,鍾佳濱,113年立法委員選舉,首次申報,1130130,公共關係費用支出,成偉食品股份有限公司,12999372,0.00,147500.00,,,,春節禮盒,金錢,台中市梧棲區****,,否,,,,,,,
396,鍾佳濱,113年立法委員選舉,首次申報,1130130,返還捐贈支出,打狗亂歌團,70996205,0.00,3000.00,,,,返還,金錢,屏東縣九如鄉****,,否,,,,,,,
397,鍾佳濱,113年立法委員選舉,首次申報,1130130,返還捐贈支出,屏東縣高樹鄉砂石業者地方關懷協會,屏府社政字第1000289725號,0.00,200000.00,,,,返還,金錢,屏東縣高樹鄉****,,否,,,,,,,
398,鍾佳濱,113年立法委員選舉,首次申報,1130131,雜支支出,中華郵政股份有限公司,,0.00,7980.00,,,,給付金融機構代收付作業之手續費,金錢,臺北市大安區****,,否,,,,,,,
399,鍾佳濱,113年立法委員選舉,首次申報,1130131,宣傳支出,東衣服飾有限公司,86661423,0.00,7740.00,,,,製作競選物品或宣傳廣告費用,金錢,屏東縣屏東市****,,否,,,,,,,
400,鍾佳濱,113年立法委員選舉,首次申報,1130131,人事費用支出,陳智平,T12*******,0.00,18000.00,,,,獎金或津貼,金錢,屏東縣長治鄉****,0911*****,否,,,,,,,
401,鍾佳濱,113年立法委員選舉,首次申報,1130201,雜支支出,藍新科技股份有限公司,70565326,0.00,2100.00,,,,第三方支付手續費,金錢,臺北市南港區****,02-2*****,否,,,,,,,
402,鍾佳濱,113年立法委員選舉,首次申報,1130201,租用競選辦事處支出,永信企業行,78591255,0.00,2000.00,,,,租買辦公設備費用,金錢,屏東市豐榮里****,,否,,,,,,,
403,鍾佳濱,113年立法委員選舉,首次申報,1130201,人事費用支出,李玟宣,N22*******,0.00,25620.00,,,,工資或薪津,金錢,彰化縣彰化市****,,否,,,,,,,
404,鍾佳濱,113年立法委員選舉,首次申報,1130202,雜支支出,井源企業社,90980032,0.00,30800.00,,,,雜項購置或修繕費用,金錢,屏東縣屏東市****,,否,,,,,,,
405,鍾佳濱,113年立法委員選舉,首次申報,1130203,人事費用支出,王逸民,T12*******,0.00,19200.00,,,,工資或薪津,金錢,屏東縣屏東市****,0931*****,否,,,,,,,
406,鍾佳濱,113年立法委員選舉,首次申報,1130205,租用宣傳車輛支出,泓美汽車企業有限公司,25193481,0.00,1600.00,,,,維修宣傳車輛費用,金錢,屏東縣屏東市****,0876*****,否,,,,,,,
407,鍾佳濱,113年立法委員選舉,首次申報,1130205,人事費用支出,梁蕓茗,F12*******,0.00,3455.00,,,,獎金或津貼,金錢,新竹縣竹北市****,,否,,,,,,,
408,鍾佳濱,113年立法委員選舉,首次申報,1130205,人事費用支出,洪安,T12*******,0.00,31000.00,,,,工資或薪津,金錢,屏東縣屏東市****,0989*****,否,,,,,,,
409,鍾佳濱,113年立法委員選舉,首次申報,1130205,人事費用支出,張秀慧,T22*******,0.00,24339.00,,,,工資或薪津,金錢,屏東縣竹田鄉****,,否,,,,,,,
410,鍾佳濱,113年立法委員選舉,首次申報,1130205,雜支支出,謝紫縈,T22*******,0.00,78000.00,,,,雜項購置或修繕費用,金錢,屏東縣內埔鄉****,0987*****,否,,,,,,,
411,鍾佳濱,113年立法委員選舉,首次申報,1130207,返還捐贈支出,統源連合開發有限公司,13063689,0.00,4000.00,,,,返還,金錢,,,否,,,,,,,
412,鍾佳濱,113年立法委員選舉,首次申報,1130207,返還捐贈支出,匯鑫不動產有限公司,90248411,0.00,7000.00,,,,返還,金錢,屏東縣屏東市****,,否,,,,,,,
413,鍾佳濱,113年立法委員選舉,首次申報,1130207,人事費用支出,楊烈,A10*******,0.00,39760.00,,,,工資或薪津,金錢,台北市中山北****,,否,,,,,,,
414,鍾佳濱,113年立法委員選舉,首次申報,1130207,人事費用支出,洪岱君,E22*******,0.00,15555.00,,,,工資或薪津,金錢,屏東縣屏東市****,0968*****,否,,,,,,,
415,鍾佳濱,113年立法委員選舉,首次申報,1130207,人事費用支出,李芝玉,E22*******,0.00,15006.00,,,,工資或薪津,金錢,屏東縣萬丹鄉****,0908*****,否,,,,,,,
416,鍾佳濱,113年立法委員選舉,首次申報,1130207,人事費用支出,葉正山,L12*******,0.00,6000.00,,,,工資或薪津,金錢,屏東縣屏東市****,,否,,,,,,,
417,鍾佳濱,113年立法委員選舉,首次申報,1130207,人事費用支出,吳淑暖,P22*******,0.00,1000.00,,,,工資或薪津,金錢,高雄市鳳山區****,,否,,,,,,,
418,鍾佳濱,113年立法委員選舉,首次申報,1130207,人事費用支出,李宜庭,S22*******,0.00,3000.00,,,,工資或薪津,金錢,高雄市鳳山區****,,否,,,,,,,
419,鍾佳濱,113年立法委員選舉,首次申報,1130207,人事費用支出,林啟明,T12*******,0.00,5000.00,,,,工資或薪津,金錢,屏東縣九如鄉****,,否,,,,,,,
420,鍾佳濱,113年立法委員選舉,首次申報,1130207,人事費用支出,鍾旻翰,T12*******,0.00,14823.00,,,,工資或薪津,金錢,屏東縣內埔鄉****,0979*****,否,,,,,,,
421,鍾佳濱,113年立法委員選舉,首次申報,1130207,人事費用支出,翁銘村,T12*******,0.00,6000.00,,,,獎金或津貼,金錢,屏東縣萬丹鄉****,0926*****,否,,,,,,,
422,鍾佳濱,113年立法委員選舉,首次申報,1130207,人事費用支出,張嘉芸,T22*******,0.00,24000.00,,,,工資或薪津,金錢,屏東縣林邊鄉****,,否,,,,,,,
423,鍾佳濱,113年立法委員選舉,首次申報,1130207,人事費用支出,王亭懿,T22*******,0.00,4000.00,,,,工資或薪津,金錢,屏東縣屏東市****,,否,,,,,,,
424,鍾佳濱,113年立法委員選舉,首次申報,1130207,人事費用支出,潘佩莉,T22*******,0.00,24000.00,,,,工資或薪津,金錢,高雄市鳳山區****,0988*****,否,,,,,,,
425,鍾佳濱,113年立法委員選舉,首次申報,1130210,人事費用支出,洪岱君,E22*******,0.00,3660.00,,,,工資或薪津,金錢,屏東縣屏東市****,0968*****,否,,,,,,,
426,鍾佳濱,113年立法委員選舉,首次申報,1130210,人事費用支出,李芝玉,E22*******,0.00,3935.00,,,,工資或薪津,金錢,屏東縣萬丹鄉****,0908*****,否,,,,,,,
427,鍾佳濱,113年立法委員選舉,首次申報,1130210,人事費用支出,江亦婕,H22*******,0.00,18300.00,,,,工資或薪津,金錢,屏東縣屏東市****,0929*****,否,,,,,,,
428,鍾佳濱,113年立法委員選舉,首次申報,1130210,人事費用支出,唐瑋浩,P12*******,0.00,27600.00,,,,工資或薪津,金錢,雲林縣斗六市****,0939*****,否,,,,,,,
429,鍾佳濱,113年立法委員選舉,首次申報,1130210,人事費用支出,黃明國,T10*******,0.00,5000.00,,,,獎金或津貼,金錢,屏東縣屏東市****,0933*****,否,,,,,,,
430,鍾佳濱,113年立法委員選舉,首次申報,1130210,人事費用支出,黃永志,T12*******,0.00,3000.00,,,,獎金或津貼,金錢,屏東縣長治鄉****,0989*****,否,,,,,,,
431,鍾佳濱,113年立法委員選舉,首次申報,1130210,人事費用支出,陳智平,T12*******,0.00,9600.00,,,,獎金或津貼,金錢,屏東縣長治鄉****,0911*****,否,,,,,,,
432,鍾佳濱,113年立法委員選舉,首次申報,1130210,人事費用支出,李仲仁,T12*******,0.00,27600.00,,,,工資或薪津,金錢,屏東縣長治鄉****,0910*****,否,,,,,,,
433,鍾佳濱,113年立法委員選舉,首次申報,1130210,人事費用支出,鍾旻翰,T12*******,0.00,3477.00,,,,工資或薪津,金錢,屏東縣內埔鄉****,0979*****,否,,,,,,,
434,鍾佳濱,113年立法委員選舉,首次申報,1130210,人事費用支出,洪偉成,T12*******,0.00,10000.00,,,,獎金或津貼,金錢,屏東縣屏東市****,0913*****,否,,,,,,,
435,鍾佳濱,113年立法委員選舉,首次申報,1130210,人事費用支出,王瑞芳,T12*******,0.00,20000.00,,,,獎金或津貼,金錢,屏東縣屏東市****,0915*****,否,,,,,,,
436,鍾佳濱,113年立法委員選舉,首次申報,1130210,人事費用支出,王聖蕙,T22*******,0.00,10000.00,,,,獎金或津貼,金錢,屏東縣麟洛鄉****,,否,,,,,,,
437,鍾佳濱,113年立法委員選舉,首次申報,1130210,人事費用支出,邱俐菱,T22*******,0.00,9200.00,,,,工資或薪津,金錢,屏東縣屏東市****,0911*****,否,,,,,,,
438,鍾佳濱,113年立法委員選舉,首次申報,1130212,雜支支出,中華郵政股份有限公司,,0.00,580.00,,,,給付金融機構代收付作業之手續費(匯費),金錢,臺北市大安區****,,否,,,,,,,
