﻿序號,擬參選人／政黨,選舉名稱,申報序號／年度,交易日期,收支科目,捐贈者／支出對象,身分證／統一編號,收入金額,支出金額,支出用途,金錢類,地址,聯絡電話,資料更正日期
1,陳雅慧,107年直轄市議員選舉,首次申報,1070828,個人捐贈收入,楊正利,R12*******,100000.00,0.00,,金錢,臺北市天母西****,0910*****,
2,陳雅慧,107年直轄市議員選舉,首次申報,1070828,個人捐贈收入,楊子萱,R22*******,100000.00,0.00,,金錢,臺北市天母西****,03-4*****,
3,陳雅慧,107年直轄市議員選舉,首次申報,1070911,個人捐贈收入,高宏田,,3600.00,0.00,,金錢,臺中市西屯區****,0936*****,
4,陳雅慧,107年直轄市議員選舉,首次申報,1070911,個人捐贈收入,吳春龍,,3000.00,0.00,,金錢,臺北市士林區****,,
5,陳雅慧,107年直轄市議員選舉,首次申報,1070912,個人捐贈收入,吳子龍,,3000.00,0.00,,金錢,高雄市鳥松區****,07-7*****,
6,陳雅慧,107年直轄市議員選舉,首次申報,1070914,個人捐贈收入,陳忠和,,3000.00,0.00,,金錢,臺南市歸仁區****,0911*****,
7,陳雅慧,107年直轄市議員選舉,首次申報,1070914,個人捐贈收入,陳慶華,,3000.00,0.00,,金錢,嘉義縣六腳鄉****,,
8,陳雅慧,107年直轄市議員選舉,首次申報,1070917,個人捐贈收入,邱家鴻,,3000.00,0.00,,金錢,臺南市將軍區****,0931*****,
9,陳雅慧,107年直轄市議員選舉,首次申報,1070917,個人捐贈收入,林世夫,,3000.00,0.00,,金錢,高雄市三民區****,07-3*****,
10,陳雅慧,107年直轄市議員選舉,首次申報,1070919,個人捐贈收入,林仙林,,3000.00,0.00,,金錢,新北市永和區****,0933*****,
11,陳雅慧,107年直轄市議員選舉,首次申報,1070919,個人捐贈收入,楊士楠,,3000.00,0.00,,金錢,臺南市佳里區****,0912*****,
12,陳雅慧,107年直轄市議員選舉,首次申報,1070919,個人捐贈收入,翁清海,,3000.00,0.00,,金錢,臺南市永康區****,0933*****,
13,陳雅慧,107年直轄市議員選舉,首次申報,1070919,個人捐贈收入,林楻松,,3000.00,0.00,,金錢,臺南市佳里區****,0932*****,
14,陳雅慧,107年直轄市議員選舉,首次申報,1070920,個人捐贈收入,謝華忠,,3000.00,0.00,,金錢,高雄市鳳山區****,0912*****,
15,陳雅慧,107年直轄市議員選舉,首次申報,1070928,個人捐贈收入,陳劍明,,3000.00,0.00,,金錢,臺南市善化區****,0937*****,
16,陳雅慧,107年直轄市議員選舉,首次申報,1070928,個人捐贈收入,林炎坤,,3000.00,0.00,,金錢,臺南市東區裕****,0932*****,
17,陳雅慧,107年直轄市議員選舉,首次申報,1071003,個人捐贈收入,黄伊庸,,20000.00,0.00,,金錢,臺南市佳里區****,0937*****,
18,陳雅慧,107年直轄市議員選舉,首次申報,1071003,個人捐贈收入,李怛修,R10*******,100000.00,0.00,,金錢,臺南市佳里區****,0920*****,
19,陳雅慧,107年直轄市議員選舉,首次申報,1071009,個人捐贈收入,黃秋馨,,3000.00,0.00,,金錢,臺南市佳里區****,06-7*****,
20,陳雅慧,107年直轄市議員選舉,首次申報,1071015,個人捐贈收入,林建廷,,5000.00,0.00,,金錢,臺南市佳里區****,0929*****,
21,陳雅慧,107年直轄市議員選舉,首次申報,1071221,其他收入,利息收入,,31.00,0.00,,金錢,,,
