﻿序號,擬參選人／政黨,選舉名稱,申報序號／年度,交易日期,收支科目,捐贈者／支出對象,身分證／統一編號,收入金額,支出金額,捐贈方式,存入專戶日期,返還/繳庫,支出用途,金錢類,地址,聯絡電話,應揭露之支出對象,支出對象之內部人員姓名,支出對象之內部人員職稱,政黨之內部人員姓名,政黨之內部人員職稱,關係,資料更正日期
1,郭清華,107年直轄市議員選舉,第二次賸餘,1090102,當選後與其公務有關之費用支出,淳鎂實業社,06521787,0.00,400.00,,,,名片,金錢,,,,,,,,,
2,郭清華,107年直轄市議員選舉,第二次賸餘,1090103,當選後與其公務有關之費用支出,自來水公司,06388346,0.00,299.00,,,,水費,金錢,,,,,,,,,
3,郭清華,107年直轄市議員選舉,第二次賸餘,1090103,當選後與其公務有關之費用支出,中華電信,69109906,0.00,6290.00,,,,電信費,金錢,,,,,,,,,
4,郭清華,107年直轄市議員選舉,第二次賸餘,1090103,當選後與其公務有關之費用支出,中華電信,69109906,0.00,902.00,,,,電信費,金錢,,,,,,,,,
5,郭清華,107年直轄市議員選舉,第二次賸餘,1090103,當選後與其公務有關之費用支出,中華電信,69109906,0.00,114.00,,,,電信費,金錢,,,,,,,,,
6,郭清華,107年直轄市議員選舉,第二次賸餘,1090106,捐贈教育、文化、公益、慈善機構或團體支出,身心障礙者自力更生創業協會,62987267,0.00,12000.00,,,,捐贈,金錢,,,,,,,,,
7,郭清華,107年直轄市議員選舉,第二次賸餘,1090109,當選後與其公務有關之費用支出,淳鎂實業社,06521787,0.00,3000.00,,,,紅布條,金錢,,,,,,,,,
8,郭清華,107年直轄市議員選舉,第二次賸餘,1090110,當選後與其公務有關之費用支出,台灣電力公司,68887960,0.00,3052.00,,,,電費,金錢,,,,,,,,,
9,郭清華,107年直轄市議員選舉,第二次賸餘,1090112,當選後與其公務有關之費用支出,竇爸雞腿王中式速食,13585195,0.00,3205.00,,,,便當,金錢,,,,,,,,,
10,郭清華,107年直轄市議員選舉,第二次賸餘,1090117,當選後與其公務有關之費用支出,中華電信,69109906,0.00,1799.00,,,,電信費,金錢,,,,,,,,,
11,郭清華,107年直轄市議員選舉,第二次賸餘,1090121,當選後與其公務有關之費用支出,三竹資訊股份有限公司,86136982,0.00,10000.00,,,,簡訊費,金錢,,,,,,,,,
12,郭清華,107年直轄市議員選舉,第二次賸餘,1090128,當選後與其公務有關之費用支出,台南市鞋業祖師管理委員會,,0.00,3000.00,,,,禮金,金錢,台南市文賢路****,,,,,,,,
13,郭清華,107年直轄市議員選舉,第二次賸餘,1090130,當選後與其公務有關之費用支出,台灣中油,94974342,0.00,6745.00,,,,油資,金錢,,,,,,,,,
14,郭清華,107年直轄市議員選舉,第二次賸餘,1090131,當選後與其公務有關之費用支出,中華日報,03710808,0.00,540.00,,,,報費,金錢,,,,,,,,,
15,郭清華,107年直轄市議員選舉,第二次賸餘,1090204,當選後與其公務有關之費用支出,台灣連線股份有限公司,24556886,0.00,798.00,,,,官方帳號,金錢,,,,,,,,,
16,郭清華,107年直轄市議員選舉,第二次賸餘,1090210,當選後與其公務有關之費用支出,台灣電力公司,68887960,0.00,3052.00,,,,電費,金錢,,,,,,,,,
17,郭清華,107年直轄市議員選舉,第二次賸餘,1090211,當選後與其公務有關之費用支出,慶展車業股份有限公司,27509325,0.00,450.00,,,,驗車費,金錢,,,,,,,,,
18,郭清華,107年直轄市議員選舉,第二次賸餘,1090212,當選後與其公務有關之費用支出,南區外燴餐具聯誼會,,0.00,5000.00,,,,禮金,金錢,台南市安南區****,,,,,,,,
19,郭清華,107年直轄市議員選舉,第二次賸餘,1090212,當選後與其公務有關之費用支出,樂活城市社,37584907,0.00,6000.00,,,,賀歲影片,金錢,,,,,,,,,
20,郭清華,107年直轄市議員選舉,第二次賸餘,1090213,當選後與其公務有關之費用支出,中華電信,69109906,0.00,1802.00,,,,電信費,金錢,,,,,,,,,
21,郭清華,107年直轄市議員選舉,第二次賸餘,1090215,捐贈教育、文化、公益、慈善機構或團體支出,普光慈善會,,0.00,2000.00,,,,捐贈,金錢,台南市歸仁區****,,,,,,,,
22,郭清華,107年直轄市議員選舉,第二次賸餘,1090225,當選後與其公務有關之費用支出,四草鐵府壇建壇基金會,,0.00,2000.00,,,,禮金,金錢,台南市安南區****,,,,,,,,
23,郭清華,107年直轄市議員選舉,第二次賸餘,1090225,當選後與其公務有關之費用支出,台灣中油,09134000,0.00,9514.00,,,,油資,金錢,,,,,,,,,
24,郭清華,107年直轄市議員選舉,第二次賸餘,1090229,當選後與其公務有關之費用支出,中華日報,03710808,0.00,540.00,,,,報費,金錢,,,,,,,,,
25,郭清華,107年直轄市議員選舉,第二次賸餘,1090301,當選後與其公務有關之費用支出,台灣連線股份有限公司,24556886,0.00,840.00,,,,官方帳號,金錢,,,,,,,,,
26,郭清華,107年直轄市議員選舉,第二次賸餘,1090304,當選後與其公務有關之費用支出,金玉堂,28772196,0.00,566.00,,,,文具,金錢,,,,,,,,,
27,郭清華,107年直轄市議員選舉,第二次賸餘,1090305,當選後與其公務有關之費用支出,青草崙北汕尾城隍廟管理委員會,,0.00,3000.00,,,,禮金,金錢,台南市安南區****,,,,,,,,
28,郭清華,107年直轄市議員選舉,第二次賸餘,1090305,當選後與其公務有關之費用支出,中華電信,69109906,0.00,393.00,,,,電信費,金錢,,,,,,,,,
29,郭清華,107年直轄市議員選舉,第二次賸餘,1090306,當選後與其公務有關之費用支出,海佃郵局,,0.00,500.00,,,,郵資,金錢,台南市安南區****,,,,,,,,
30,郭清華,107年直轄市議員選舉,第二次賸餘,1090316,當選後與其公務有關之費用支出,自來水公司,06388346,0.00,381.00,,,,水費,金錢,,,,,,,,,
31,郭清華,107年直轄市議員選舉,第二次賸餘,1090316,當選後與其公務有關之費用支出,台灣電力公司,68887960,0.00,3150.00,,,,電費,金錢,,,,,,,,,
32,郭清華,107年直轄市議員選舉,第二次賸餘,1090323,當選後與其公務有關之費用支出,中華電信,69109906,0.00,1804.00,,,,電信費,金錢,,,,,,,,,
33,郭清華,107年直轄市議員選舉,第二次賸餘,1090326,當選後與其公務有關之費用支出,富陽廣告工程行,26446581,0.00,4200.00,,,,招牌,金錢,,,,,,,,,
34,郭清華,107年直轄市議員選舉,第二次賸餘,1090327,當選後與其公務有關之費用支出,台灣中油,09134000,0.00,4857.00,,,,油資,金錢,,,,,,,,,
35,郭清華,107年直轄市議員選舉,第二次賸餘,1090331,當選後與其公務有關之費用支出,中華日報,03710808,0.00,540.00,,,,報費,金錢,,,,,,,,,
36,郭清華,107年直轄市議員選舉,第二次賸餘,1090331,當選後與其公務有關之費用支出,大誠國際,54565659,0.00,1155.00,,,,衛生紙 垃圾袋,金錢,,,,,,,,,
37,郭清華,107年直轄市議員選舉,第二次賸餘,1090401,當選後與其公務有關之費用支出,台灣連線股份有限公司,24556886,0.00,840.00,,,,官方帳號,金錢,,,,,,,,,
38,郭清華,107年直轄市議員選舉,第二次賸餘,1090401,當選後與其公務有關之費用支出,中華電信,69109906,0.00,618.00,,,,電信費,金錢,,,,,,,,,
39,郭清華,107年直轄市議員選舉,第二次賸餘,1090413,當選後與其公務有關之費用支出,海佃郵局,,0.00,1000.00,,,,郵資,金錢,台南市安南區****,,,,,,,,
40,郭清華,107年直轄市議員選舉,第二次賸餘,1090413,當選後與其公務有關之費用支出,台灣電力公司,68887960,0.00,3052.00,,,,電費,金錢,,,,,,,,,
41,郭清華,107年直轄市議員選舉,第二次賸餘,1090414,當選後與其公務有關之費用支出,源谷茶行,21655721,0.00,4500.00,,,,茶葉,金錢,,,,,,,,,
42,郭清華,107年直轄市議員選舉,第二次賸餘,1090415,當選後與其公務有關之費用支出,文曲星資訊有限公司,25003314,0.00,3600.00,,,,軟體維護費,金錢,,,,,,,,,
43,郭清華,107年直轄市議員選舉,第二次賸餘,1090420,當選後與其公務有關之費用支出,淳鎂實業社,06521787,0.00,500.00,,,,紅布條,金錢,,,,,,,,,
44,郭清華,107年直轄市議員選舉,第二次賸餘,1090427,當選後與其公務有關之費用支出,中華電信,69109906,0.00,1815.00,,,,電信費,金錢,,,,,,,,,
45,郭清華,107年直轄市議員選舉,第二次賸餘,1090428,當選後與其公務有關之費用支出,源谷茶行,21655721,0.00,4500.00,,,,茶葉,金錢,,,,,,,,,
46,郭清華,107年直轄市議員選舉,第二次賸餘,1090428,當選後與其公務有關之費用支出,榮華製帽行,68934008,0.00,980.00,,,,背心,金錢,,,,,,,,,
47,郭清華,107年直轄市議員選舉,第二次賸餘,1090430,當選後與其公務有關之費用支出,台灣中油,09134000,0.00,4490.00,,,,油資,金錢,,,,,,,,,
48,郭清華,107年直轄市議員選舉,第二次賸餘,1090430,當選後與其公務有關之費用支出,金玉堂,28772196,0.00,210.00,,,,文具,金錢,,,,,,,,,
49,郭清華,107年直轄市議員選舉,第二次賸餘,1090430,當選後與其公務有關之費用支出,中華電信,69109906,0.00,1532.00,,,,電信費,金錢,,,,,,,,,
50,郭清華,107年直轄市議員選舉,第二次賸餘,1090501,當選後與其公務有關之費用支出,崴隆科技股份有限公司,22244352,0.00,12500.00,,,,辦公椅,金錢,,,,,,,,,
51,郭清華,107年直轄市議員選舉,第二次賸餘,1090501,當選後與其公務有關之費用支出,台灣連線股份有限公司,24556886,0.00,840.00,,,,官方帳號,金錢,,,,,,,,,
52,郭清華,107年直轄市議員選舉,第二次賸餘,1090505,當選後與其公務有關之費用支出,淳鎂實業社,06521787,0.00,4650.00,,,,印刷品,金錢,,,,,,,,,
53,郭清華,107年直轄市議員選舉,第二次賸餘,1090508,當選後與其公務有關之費用支出,淳鎂實業社,06521787,0.00,900.00,,,,印刷品,金錢,,,,,,,,,
54,郭清華,107年直轄市議員選舉,第二次賸餘,1090508,當選後與其公務有關之費用支出,金玉堂,28772196,0.00,275.00,,,,文具,金錢,,,,,,,,,
55,郭清華,107年直轄市議員選舉,第二次賸餘,1090511,當選後與其公務有關之費用支出,自來水公司,06388346,0.00,395.00,,,,水費,金錢,,,,,,,,,
56,郭清華,107年直轄市議員選舉,第二次賸餘,1090511,當選後與其公務有關之費用支出,台灣中油,09134000,0.00,5341.00,,,,油資,金錢,,,,,,,,,
57,郭清華,107年直轄市議員選舉,第二次賸餘,1090511,當選後與其公務有關之費用支出,台灣電力公司,68887960,0.00,3248.00,,,,電費,金錢,,,,,,,,,
58,郭清華,107年直轄市議員選舉,第二次賸餘,1090512,當選後與其公務有關之費用支出,金玉堂,28772196,0.00,413.00,,,,文具,金錢,,,,,,,,,
59,郭清華,107年直轄市議員選舉,第二次賸餘,1090520,當選後與其公務有關之費用支出,坤霖盒子輸出中心,21903573,0.00,1800.00,,,,口罩,金錢,,,,,,,,,
60,郭清華,107年直轄市議員選舉,第二次賸餘,1090521,當選後與其公務有關之費用支出,揚名企業社,17197246,0.00,2800.00,,,,手舉牌等,金錢,,,,,,,,,
61,郭清華,107年直轄市議員選舉,第二次賸餘,1090522,當選後與其公務有關之費用支出,中華電信,69109906,0.00,1799.00,,,,電信費,金錢,,,,,,,,,
62,郭清華,107年直轄市議員選舉,第二次賸餘,1090522,當選後與其公務有關之費用支出,南一辦公家具股份有限公司,86547922,0.00,74800.00,,,,辦公室隔間,金錢,台南市安平區****,,,,,,,,
63,郭清華,107年直轄市議員選舉,第二次賸餘,1090524,當選後與其公務有關之費用支出,億和雞腿飯,81559960,0.00,3990.00,,,,便當,金錢,,,,,,,,,
64,郭清華,107年直轄市議員選舉,第二次賸餘,1090526,當選後與其公務有關之費用支出,偉盛工程行,47778142,0.00,8200.00,,,,日光燈維修,金錢,,,,,,,,,
65,郭清華,107年直轄市議員選舉,第二次賸餘,1090601,當選後與其公務有關之費用支出,台灣連線股份有限公司,24556886,0.00,840.00,,,,官方帳號,金錢,,,,,,,,,
66,郭清華,107年直轄市議員選舉,第二次賸餘,1090601,當選後與其公務有關之費用支出,中華電信,69109906,0.00,1058.00,,,,電信費,金錢,,,,,,,,,
67,郭清華,107年直轄市議員選舉,第二次賸餘,1090608,當選後與其公務有關之費用支出,廣訊科技設計有限公司,86430704,0.00,8800.00,,,,墨水夾,金錢,,,,,,,,,
68,郭清華,107年直轄市議員選舉,第二次賸餘,1090609,當選後與其公務有關之費用支出,傳勝行,15718500,0.00,400.00,,,,影印紙,金錢,,,,,,,,,
69,郭清華,107年直轄市議員選舉,第二次賸餘,1090613,當選後與其公務有關之費用支出,溪頂寮保安宮,17956020,0.00,10000.00,,,,禮金,金錢,,,,,,,,,
70,郭清華,107年直轄市議員選舉,第二次賸餘,1090615,當選後與其公務有關之費用支出,台灣中油,09134000,0.00,2800.00,,,,油資,金錢,,,,,,,,,
71,郭清華,107年直轄市議員選舉,第二次賸餘,1090615,當選後與其公務有關之費用支出,台灣電力公司,68887960,0.00,4032.00,,,,電費,金錢,,,,,,,,,
72,郭清華,107年直轄市議員選舉,第二次賸餘,1090617,當選後與其公務有關之費用支出,海佃郵局,,0.00,500.00,,,,郵資,金錢,台南市安南區****,,,,,,,,
73,郭清華,107年直轄市議員選舉,第二次賸餘,1090621,當選後與其公務有關之費用支出,陳金魚,,0.00,3000.00,,,,禮金,金錢,台南市安南區****,0625*****,,,,,,,
74,郭清華,107年直轄市議員選舉,第二次賸餘,1090627,當選後與其公務有關之費用支出,台南市海佃社區發展協會,,0.00,3000.00,,,,禮金,金錢,台南市海佃路****,,,,,,,,
75,郭清華,107年直轄市議員選舉,第二次賸餘,1090629,當選後與其公務有關之費用支出,中華電信,69109906,0.00,1799.00,,,,電信費,金錢,,,,,,,,,
76,郭清華,107年直轄市議員選舉,第二次賸餘,1090701,當選後與其公務有關之費用支出,台灣連線股份有限公司,24556886,0.00,840.00,,,,官方帳號,金錢,,,,,,,,,
77,郭清華,107年直轄市議員選舉,第二次賸餘,1090706,捐贈教育、文化、公益、慈善機構或團體支出,台南女子高級中學,10460024,0.00,2000.00,,,,捐贈,金錢,,,,,,,,,
78,郭清華,107年直轄市議員選舉,第二次賸餘,1090706,當選後與其公務有關之費用支出,中華電信,69109906,0.00,652.00,,,,電信費,金錢,,,,,,,,,
79,郭清華,107年直轄市議員選舉,第二次賸餘,1090708,當選後與其公務有關之費用支出,志成商行,06636824,0.00,600.00,,,,濾心,金錢,,,,,,,,,
80,郭清華,107年直轄市議員選舉,第二次賸餘,1090710,當選後與其公務有關之費用支出,台灣連線股份有限公司,24556886,0.00,260.00,,,,官方帳號,金錢,,,,,,,,,
81,郭清華,107年直轄市議員選舉,第二次賸餘,1090715,當選後與其公務有關之費用支出,自來水公司,06388346,0.00,395.00,,,,水費,金錢,,,,,,,,,
82,郭清華,107年直轄市議員選舉,第二次賸餘,1090715,當選後與其公務有關之費用支出,台灣電力公司,68887960,0.00,5390.00,,,,電費,金錢,,,,,,,,,
83,郭清華,107年直轄市議員選舉,第二次賸餘,1090716,當選後與其公務有關之費用支出,偉盛工程行,47778142,0.00,8300.00,,,,電話總機維修,金錢,,,,,,,,,
84,郭清華,107年直轄市議員選舉,第二次賸餘,1090717,當選後與其公務有關之費用支出,台灣中油,29440576,0.00,5900.00,,,,油資,金錢,,,,,,,,,
85,郭清華,107年直轄市議員選舉,第二次賸餘,1090719,當選後與其公務有關之費用支出,台灣高鐵,16446274,0.00,13380.00,,,,黨中央選舉,金錢,,,,,,,,,
86,郭清華,107年直轄市議員選舉,第二次賸餘,1090720,當選後與其公務有關之費用支出,中華電信,69109906,0.00,1799.00,,,,電信費,金錢,,,,,,,,,
87,郭清華,107年直轄市議員選舉,第二次賸餘,1090724,當選後與其公務有關之費用支出,淳鎂實業社,06521787,0.00,500.00,,,,印刷品,金錢,,,,,,,,,
88,郭清華,107年直轄市議員選舉,第二次賸餘,1090726,當選後與其公務有關之費用支出,淳鎂實業社,06521787,0.00,500.00,,,,紅布條,金錢,,,,,,,,,
89,郭清華,107年直轄市議員選舉,第二次賸餘,1090727,當選後與其公務有關之費用支出,淳鎂實業社,06521787,0.00,550.00,,,,印刷品,金錢,,,,,,,,,
90,郭清華,107年直轄市議員選舉,第二次賸餘,1090731,當選後與其公務有關之費用支出,台南監理站,,0.00,7128.00,,,,燃料費,金錢,台南市東區崇****,,,,,,,,
91,郭清華,107年直轄市議員選舉,第二次賸餘,1090801,當選後與其公務有關之費用支出,天龍宮,,0.00,2000.00,,,,禮金,金錢,台南市公學路****,,,,,,,,
92,郭清華,107年直轄市議員選舉,第二次賸餘,1090801,當選後與其公務有關之費用支出,海佃社區健行登山隊,,0.00,2000.00,,,,禮金,金錢,台南市國安街****,0625*****,,,,,,,
93,郭清華,107年直轄市議員選舉,第二次賸餘,1090801,當選後與其公務有關之費用支出,台灣連線股份有限公司,24556886,0.00,840.00,,,,官方帳號,金錢,,,,,,,,,
94,郭清華,107年直轄市議員選舉,第二次賸餘,1090806,當選後與其公務有關之費用支出,溪南寮興安宮,06524855,0.00,2000.00,,,,禮金,金錢,,,,,,,,,
95,郭清華,107年直轄市議員選舉,第二次賸餘,1090806,當選後與其公務有關之費用支出,傳勝行,15718500,0.00,400.00,,,,影印紙,金錢,,,,,,,,,
96,郭清華,107年直轄市議員選舉,第二次賸餘,1090807,當選後與其公務有關之費用支出,崇聖宮,,0.00,2000.00,,,,禮金,金錢,台南市安南區****,,,,,,,,
97,郭清華,107年直轄市議員選舉,第二次賸餘,1090807,當選後與其公務有關之費用支出,天福宮,,0.00,2000.00,,,,禮金,金錢,台南市國安街****,,,,,,,,
98,郭清華,107年直轄市議員選舉,第二次賸餘,1090807,當選後與其公務有關之費用支出,南天宮,,0.00,2000.00,,,,禮金,金錢,台南市公學路****,,,,,,,,
99,郭清華,107年直轄市議員選舉,第二次賸餘,1090807,當選後與其公務有關之費用支出,本淵寮朝興宮,20250595,0.00,2000.00,,,,禮金,金錢,,,,,,,,,
100,郭清華,107年直轄市議員選舉,第二次賸餘,1090808,當選後與其公務有關之費用支出,佃東社區發展協會,06525340,0.00,2000.00,,,,禮金,金錢,,,,,,,,,
101,郭清華,107年直轄市議員選舉,第二次賸餘,1090809,當選後與其公務有關之費用支出,文衡財神宮,,0.00,2000.00,,,,禮金,金錢,台南市安南區****,,,,,,,,
102,郭清華,107年直轄市議員選舉,第二次賸餘,1090809,當選後與其公務有關之費用支出,四聯境普濟殿,,0.00,2000.00,,,,禮金,金錢,台南市普濟街****,,,,,,,,
103,郭清華,107年直轄市議員選舉,第二次賸餘,1090810,當選後與其公務有關之費用支出,台灣連線股份有限公司,24556886,0.00,411.00,,,,官方帳號,金錢,,,,,,,,,
104,郭清華,107年直轄市議員選舉,第二次賸餘,1090812,當選後與其公務有關之費用支出,大誠國際,54565659,0.00,1065.00,,,,垃圾袋等,金錢,,,,,,,,,
105,郭清華,107年直轄市議員選舉,第二次賸餘,1090814,當選後與其公務有關之費用支出,台灣中油,06522723,0.00,4001.00,,,,油資,金錢,,,,,,,,,
106,郭清華,107年直轄市議員選舉,第二次賸餘,1090816,當選後與其公務有關之費用支出,台灣電力公司,68887960,0.00,5398.00,,,,電費,金錢,,,,,,,,,
107,郭清華,107年直轄市議員選舉,第二次賸餘,1090817,當選後與其公務有關之費用支出,傳勝行,15718500,0.00,2200.00,,,,影印機刮片,金錢,,,,,,,,,
108,郭清華,107年直轄市議員選舉,第二次賸餘,1090824,當選後與其公務有關之費用支出,海佃郵局,,0.00,500.00,,,,郵資,金錢,台南市安南區****,,,,,,,,
109,郭清華,107年直轄市議員選舉,第二次賸餘,1090825,當選後與其公務有關之費用支出,中華電信,69109906,0.00,1799.00,,,,電信費,金錢,,,,,,,,,
110,郭清華,107年直轄市議員選舉,第二次賸餘,1090826,當選後與其公務有關之費用支出,淳鎂實業社,06521787,0.00,800.00,,,,名片,金錢,,,,,,,,,
111,郭清華,107年直轄市議員選舉,第二次賸餘,1090828,當選後與其公務有關之費用支出,台南市殯葬管理所,,0.00,1000.00,,,,輓額,金錢,台南市南區國****,,,,,,,,
112,郭清華,107年直轄市議員選舉,第二次賸餘,1090901,當選後與其公務有關之費用支出,台灣連線股份有限公司,24556886,0.00,840.00,,,,官方帳號,金錢,,,,,,,,,
113,郭清華,107年直轄市議員選舉,第二次賸餘,1090904,當選後與其公務有關之費用支出,王林鳳嬌,R20*******,0.00,50000.00,,,,文旦,金錢,台南市麻豆區****,,,,,,,,
114,郭清華,107年直轄市議員選舉,第二次賸餘,1090914,當選後與其公務有關之費用支出,台灣電力公司,68887960,0.00,5914.00,,,,電費,金錢,,,,,,,,,
115,郭清華,107年直轄市議員選舉,第二次賸餘,1090915,當選後與其公務有關之費用支出,果子狸水果專賣店,93872135,0.00,2000.00,,,,禮盒,金錢,,,,,,,,,
116,郭清華,107年直轄市議員選舉,第二次賸餘,1090921,當選後與其公務有關之費用支出,自來水公司,06388346,0.00,340.00,,,,水費,金錢,,,,,,,,,
117,郭清華,107年直轄市議員選舉,第二次賸餘,1090921,當選後與其公務有關之費用支出,台灣中油,09134000,0.00,5166.00,,,,油資,金錢,,,,,,,,,
118,郭清華,107年直轄市議員選舉,第二次賸餘,1090924,當選後與其公務有關之費用支出,中華電信,69109906,0.00,1799.00,,,,電信費,金錢,,,,,,,,,
119,郭清華,107年直轄市議員選舉,第二次賸餘,1090930,當選後與其公務有關之費用支出,無極九鳳宮,,0.00,2000.00,,,,禮金,金錢,台南市安南區****,,,,,,,,
120,郭清華,107年直轄市議員選舉,第二次賸餘,1091001,當選後與其公務有關之費用支出,台灣連線股份有限公司,24556886,0.00,840.00,,,,官方帳號,金錢,,,,,,,,,
121,郭清華,107年直轄市議員選舉,第二次賸餘,1091008,當選後與其公務有關之費用支出,飛鳳殿,,0.00,2000.00,,,,禮金,金錢,台南市安南區****,,,,,,,,
122,郭清華,107年直轄市議員選舉,第二次賸餘,1091010,當選後與其公務有關之費用支出,聖天宮,,0.00,5000.00,,,,禮金,金錢,台南市七股區****,,,,,,,,
123,郭清華,107年直轄市議員選舉,第二次賸餘,1091010,當選後與其公務有關之費用支出,台灣連線股份有限公司,24556886,0.00,330.00,,,,官方帳號,金錢,,,,,,,,,
124,郭清華,107年直轄市議員選舉,第二次賸餘,1091011,當選後與其公務有關之費用支出,城東里長壽會暨歌友會,,0.00,2000.00,,,,禮金,金錢,台南市安南區****,0928*****,,,,,,,
125,郭清華,107年直轄市議員選舉,第二次賸餘,1091011,當選後與其公務有關之費用支出,海東長壽會,,0.00,2000.00,,,,禮金,金錢,台南市安南區****,0624*****,,,,,,,
126,郭清華,107年直轄市議員選舉,第二次賸餘,1091015,當選後與其公務有關之費用支出,台灣電力公司,68887960,0.00,5871.00,,,,電費,金錢,,,,,,,,,
127,郭清華,107年直轄市議員選舉,第二次賸餘,1091017,當選後與其公務有關之費用支出,塩田里辦公室,,0.00,2000.00,,,,重陽節禮金,金錢,台南市安南區****,0638*****,,,,,,,
128,郭清華,107年直轄市議員選舉,第二次賸餘,1091017,當選後與其公務有關之費用支出,城中里辦公室,,0.00,2000.00,,,,重陽禮金,金錢,台南市安南區****,0932*****,,,,,,,
129,郭清華,107年直轄市議員選舉,第二次賸餘,1091018,當選後與其公務有關之費用支出,頂安社區長壽俱樂部,,0.00,2000.00,,,,重陽禮金,金錢,台南市安南區****,0625*****,,,,,,,
130,郭清華,107年直轄市議員選舉,第二次賸餘,1091018,當選後與其公務有關之費用支出,無極代天府,,0.00,2000.00,,,,禮金,金錢,台南市安南區****,0625*****,,,,,,,
131,郭清華,107年直轄市議員選舉,第二次賸餘,1091018,當選後與其公務有關之費用支出,淵西里社區長壽會,,0.00,2000.00,,,,重陽禮金,金錢,台南市安中路****,0932*****,,,,,,,
132,郭清華,107年直轄市議員選舉,第二次賸餘,1091018,當選後與其公務有關之費用支出,草湖寮社區發展協會,,0.00,2000.00,,,,禮金,金錢,台南市安南區****,0936*****,,,,,,,
133,郭清華,107年直轄市議員選舉,第二次賸餘,1091018,當選後與其公務有關之費用支出,布袋里長壽俱樂部,,0.00,2000.00,,,,重陽禮金,金錢,台南市長和路****,,,,,,,,
134,郭清華,107年直轄市議員選舉,第二次賸餘,1091019,當選後與其公務有關之費用支出,祈順社區長壽會,,0.00,2000.00,,,,重陽禮金,金錢,台南市安南區****,0936*****,,,,,,,
135,郭清華,107年直轄市議員選舉,第二次賸餘,1091019,當選後與其公務有關之費用支出,淳鎂實業社,06521787,0.00,350.00,,,,名片,金錢,,,,,,,,,
136,郭清華,107年直轄市議員選舉,第二次賸餘,1091021,當選後與其公務有關之費用支出,四草社區長壽會,,0.00,3000.00,,,,重陽禮金,金錢,台南市安南區****,0628*****,,,,,,,
137,郭清華,107年直轄市議員選舉,第二次賸餘,1091021,當選後與其公務有關之費用支出,城南里辦公室,,0.00,2000.00,,,,重陽禮金,金錢,台南市安南區****,0928*****,,,,,,,
138,郭清華,107年直轄市議員選舉,第二次賸餘,1091021,當選後與其公務有關之費用支出,偉盛工程行,47778142,0.00,2150.00,,,,燈管更換,金錢,,,,,,,,,
139,郭清華,107年直轄市議員選舉,第二次賸餘,1091022,當選後與其公務有關之費用支出,大誠國際,54565659,0.00,1807.00,,,,垃圾袋等,金錢,,,,,,,,,
140,郭清華,107年直轄市議員選舉,第二次賸餘,1091024,當選後與其公務有關之費用支出,慈雲社區長壽俱樂部,,0.00,2000.00,,,,禮金,金錢,台南市長溪路****,0625*****,,,,,,,
141,郭清華,107年直轄市議員選舉,第二次賸餘,1091024,當選後與其公務有關之費用支出,原佃里辦公室,,0.00,2000.00,,,,重陽禮金,金錢,台南市本原街****,,,,,,,,
142,郭清華,107年直轄市議員選舉,第二次賸餘,1091024,當選後與其公務有關之費用支出,安和長壽俱樂部,,0.00,2000.00,,,,重陽禮金,金錢,台南市安南區****,0622*****,,,,,,,
143,郭清華,107年直轄市議員選舉,第二次賸餘,1091024,當選後與其公務有關之費用支出,三王府,,0.00,2000.00,,,,禮金,金錢,台南市安南區****,0912*****,,,,,,,
144,郭清華,107年直轄市議員選舉,第二次賸餘,1091025,當選後與其公務有關之費用支出,文和宮,,0.00,3000.00,,,,禮金,金錢,台南市文和街****,0911*****,,,,,,,
145,郭清華,107年直轄市議員選舉,第二次賸餘,1091025,當選後與其公務有關之費用支出,幸福社區長壽會,,0.00,2000.00,,,,重陽禮金,金錢,台南市安南區****,0625*****,,,,,,,
146,郭清華,107年直轄市議員選舉,第二次賸餘,1091025,當選後與其公務有關之費用支出,城西社區發展協會,,0.00,2000.00,,,,重陽禮金,金錢,台南市安南區****,0919*****,,,,,,,
147,郭清華,107年直轄市議員選舉,第二次賸餘,1091026,當選後與其公務有關之費用支出,台灣中油,56957125,0.00,5840.00,,,,油資,金錢,,,,,,,,,
148,郭清華,107年直轄市議員選舉,第二次賸餘,1091026,當選後與其公務有關之費用支出,中華電信,69109906,0.00,1799.00,,,,電信費,金錢,,,,,,,,,
149,郭清華,107年直轄市議員選舉,第二次賸餘,1091027,當選後與其公務有關之費用支出,楊淑雲,R22*******,0.00,60000.00,,,,文旦,金錢,台南市下營區****,,,,,,,,
150,郭清華,107年直轄市議員選舉,第二次賸餘,1091028,當選後與其公務有關之費用支出,方瑞和,R12*******,0.00,197450.00,,,,文旦,金錢,台南市西港區****,,,,,,,,
151,郭清華,107年直轄市議員選舉,第二次賸餘,1091029,當選後與其公務有關之費用支出,台南市皮鞋職業工會,,0.00,5000.00,,,,禮金,金錢,北區文賢路巷****,,,,,,,,
152,郭清華,107年直轄市議員選舉,第二次賸餘,1091031,當選後與其公務有關之費用支出,溪南寮興安宮,,0.00,2000.00,,,,禮金,金錢,台南市安南區****,0628*****,,,,,,,
153,郭清華,107年直轄市議員選舉,第二次賸餘,1091101,當選後與其公務有關之費用支出,台灣連線股份有限公司,24556886,0.00,840.00,,,,官方帳號,金錢,,,,,,,,,
154,郭清華,107年直轄市議員選舉,第二次賸餘,1091108,當選後與其公務有關之費用支出,台南市陽光愛心會,,0.00,2000.00,,,,禮金,金錢,台南市安南區****,0635*****,,,,,,,
155,郭清華,107年直轄市議員選舉,第二次賸餘,1091109,當選後與其公務有關之費用支出,台灣中油,09134000,0.00,3737.00,,,,油資,金錢,,,,,,,,,
156,郭清華,107年直轄市議員選舉,第二次賸餘,1091110,當選後與其公務有關之費用支出,台灣連線股份有限公司,24556886,0.00,482.00,,,,官方帳號,金錢,,,,,,,,,
157,郭清華,107年直轄市議員選舉,第二次賸餘,1091110,當選後與其公務有關之費用支出,台灣電力公司,68887960,0.00,4477.00,,,,電費,金錢,,,,,,,,,
158,郭清華,107年直轄市議員選舉,第二次賸餘,1091113,當選後與其公務有關之費用支出,消防局第六大隊土城分隊,,0.00,3000.00,,,,禮金,金錢,台南市安南區****,0625*****,,,,,,,
159,郭清華,107年直轄市議員選舉,第二次賸餘,1091117,當選後與其公務有關之費用支出,自來水公司,06388346,0.00,734.00,,,,水費,金錢,,,,,,,,,
160,郭清華,107年直轄市議員選舉,第二次賸餘,1091118,當選後與其公務有關之費用支出,海佃郵局,,0.00,500.00,,,,郵資,金錢,台南市安南區****,,,,,,,,
161,郭清華,107年直轄市議員選舉,第二次賸餘,1091118,當選後與其公務有關之費用支出,海佃國中家長會,09015525,0.00,6000.00,,,,捐贈,金錢,,,,,,,,,
162,郭清華,107年直轄市議員選舉,第二次賸餘,1091119,當選後與其公務有關之費用支出,殯葬管理所,,0.00,2000.00,,,,電子輓額,金錢,台南市南區國****,0621*****,,,,,,,
163,郭清華,107年直轄市議員選舉,第二次賸餘,1091120,當選後與其公務有關之費用支出,土城國小家長會,,0.00,6000.00,,,,捐贈,金錢,台南市安南區****,,,,,,,,
164,郭清華,107年直轄市議員選舉,第二次賸餘,1091121,當選後與其公務有關之費用支出,海聖宮,,0.00,2000.00,,,,禮金,金錢,台南市府安路****,,,,,,,,
165,郭清華,107年直轄市議員選舉,第二次賸餘,1091123,當選後與其公務有關之費用支出,佳愛藥局,10868091,0.00,1000.00,,,,酒精,金錢,,,,,,,,,
166,郭清華,107年直轄市議員選舉,第二次賸餘,1091123,當選後與其公務有關之費用支出,本淵寮朝興宮,20250595,0.00,2000.00,,,,禮金,金錢,,,,,,,,,
167,郭清華,107年直轄市議員選舉,第二次賸餘,1091125,當選後與其公務有關之費用支出,中華電信,69109906,0.00,1800.00,,,,電信費,金錢,,,,,,,,,
168,郭清華,107年直轄市議員選舉,第二次賸餘,1091126,當選後與其公務有關之費用支出,台灣中油,09134000,0.00,5238.00,,,,油資,金錢,,,,,,,,,
169,郭清華,107年直轄市議員選舉,第二次賸餘,1091127,當選後與其公務有關之費用支出,烏橋開基玉聖宮,47726594,0.00,6000.00,,,,禮金,金錢,,0626*****,,,,,,,
170,郭清華,107年直轄市議員選舉,第二次賸餘,1091129,當選後與其公務有關之費用支出,溪南寮興安宮,,0.00,2000.00,,,,禮金,金錢,台南市安南區****,0628*****,,,,,,,
171,郭清華,107年直轄市議員選舉,第二次賸餘,1091201,當選後與其公務有關之費用支出,萬毅企業社,25723685,0.00,1800.00,,,,邊條紙等,金錢,,,,,,,,,
172,郭清華,107年直轄市議員選舉,第二次賸餘,1091204,當選後與其公務有關之費用支出,土城高級中學,,0.00,10000.00,,,,顧問費,金錢,台南市安南區****,0625*****,,,,,,,
173,郭清華,107年直轄市議員選舉,第二次賸餘,1091205,當選後與其公務有關之費用支出,聖恩宮,,0.00,2000.00,,,,禮金,金錢,台南市安南區****,0635*****,,,,,,,
174,郭清華,107年直轄市議員選舉,第二次賸餘,1091207,當選後與其公務有關之費用支出,台灣電力公司,68887960,0.00,3640.00,,,,電費,金錢,,,,,,,,,
175,郭清華,107年直轄市議員選舉,第二次賸餘,1091215,當選後與其公務有關之費用支出,淳鎂實業社,06521787,0.00,1600.00,,,,印刷品,金錢,,,,,,,,,
176,郭清華,107年直轄市議員選舉,第二次賸餘,1091215,當選後與其公務有關之費用支出,皇幗車輪五金行,87862644,0.00,2000.00,,,,推車等,金錢,,,,,,,,,
177,郭清華,107年直轄市議員選舉,第二次賸餘,1091218,當選後與其公務有關之費用支出,鎮海國小家長會,10192962,0.00,6000.00,,,,禮金,金錢,,,,,,,,,
178,郭清華,107年直轄市議員選舉,第二次賸餘,1091218,當選後與其公務有關之費用支出,中華電信,69109906,0.00,1799.00,,,,電信費,金錢,,,,,,,,,
179,郭清華,107年直轄市議員選舉,第二次賸餘,1091222,捐贈政治團體或所屬政黨支出,民主進步黨,76905744,0.00,220000.00,,,,捐贈,金錢,台北市中正區****,,,,,,,,
180,郭清華,107年直轄市議員選舉,第二次賸餘,1091224,當選後與其公務有關之費用支出,淳鎂實業社,06521787,0.00,500.00,,,,紅布條,金錢,,,,,,,,,
181,郭清華,107年直轄市議員選舉,第二次賸餘,1091231,當選後與其公務有關之費用支出,楊明峻,D10*******,0.00,480000.00,,,,海佃路一段號服務處租金,金錢,臺南市安南區****,,,,,,,,
