﻿序號,擬參選人／政黨,選舉名稱,申報序號／年度,交易日期,收支科目,捐贈者／支出對象,身分證／統一編號,收入金額,支出金額,支出用途,金錢類,地址,聯絡電話,資料更正日期
1,李珮瑜,107年村(里)長選舉,首次申報,1070913,宣傳支出,藍格印刷國際企業有限公司,22076600,0.00,407.00,名片印刷,金錢,新北市三重區****,,
2,李珮瑜,107年村(里)長選舉,首次申報,1070927,宣傳支出,健紗印刷事業股份有限公司,54113207,0.00,4809.00,文宣印刷,金錢,苗栗縣苗栗市****,,
3,李珮瑜,107年村(里)長選舉,首次申報,1071002,宣傳支出,健紗印刷事業股份有限公司,54113207,0.00,1260.00,貼紙製作,金錢,苗栗縣苗栗市****,,
4,李珮瑜,107年村(里)長選舉,首次申報,1071019,租用競選辦事處支出,李秉芳,A22*******,0.00,22000.00,競選辦事處,金錢,桃園市桃園區****,,
5,李珮瑜,107年村(里)長選舉,首次申報,1071030,宣傳支出,健紗印刷事業股份有限公司,54113207,0.00,6048.00,文宣印刷,金錢,苗栗縣苗栗市****,,
6,李珮瑜,107年村(里)長選舉,首次申報,1071031,宣傳支出,健紗印刷事業股份有限公司,54113207,0.00,1260.00,名片印刷,金錢,苗栗縣苗栗市****,,
7,李珮瑜,107年村(里)長選舉,首次申報,1071102,宣傳支出,健紗印刷事業股份有限公司,54113207,0.00,1890.00,名片印刷,金錢,苗栗縣苗栗市****,,
8,李珮瑜,107年村(里)長選舉,首次申報,1071102,宣傳支出,健紗印刷事業股份有限公司,54113207,0.00,2044.00,文宣印刷,金錢,苗栗縣苗栗市****,,
9,李珮瑜,107年村(里)長選舉,首次申報,1071121,宣傳支出,健紗印刷事業股份有限公司,54113207,0.00,3592.00,文宣印刷,金錢,苗栗縣苗栗市****,,
10,李珮瑜,107年村(里)長選舉,首次申報,1071215,租用競選辦事處支出,儒藝科技廣告有限公司,28917159,0.00,100000.00,廣告帆布製作,金錢,桃園區慈文路****,,
