﻿序號,擬參選人／政黨,選舉名稱,申報序號／年度,交易日期,收支科目,捐贈者／支出對象,身分證／統一編號,收入金額,支出金額,支出用途,金錢類,地址,聯絡電話,資料更正日期
1,李珮瑜,107年村(里)長選舉,首次申報,1071011,個人捐贈收入,鄭貫宸,A12*******,10000.00,0.00,,金錢,桃市天祥五街****,,
2,李珮瑜,107年村(里)長選舉,首次申報,1071015,個人捐贈收入,陳美如,A20*******,10000.00,0.00,,金錢,桃市桃園區天****,,
3,李珮瑜,107年村(里)長選舉,首次申報,1071017,個人捐贈收入,趙文榮,H12*******,10000.00,0.00,,金錢,桃市桃園區春****,,
4,李珮瑜,107年村(里)長選舉,首次申報,1071022,營利事業捐贈收入,宸鼎精密有限公司,53816968,10000.00,0.00,,金錢,桃市桃園區天****,,
