﻿序號,擬參選人／政黨,選舉名稱,申報序號／年度,交易日期,收支科目,捐贈者／支出對象,身分證／統一編號,收入金額,支出金額,捐贈方式,存入專戶日期,返還/繳庫,支出用途,金錢類,地址,聯絡電話,應揭露之支出對象,支出對象之內部人員姓名,支出對象之內部人員職稱,政黨之內部人員姓名,政黨之內部人員職稱,關係,更正註記,資料更正日期
1,陳明建,111年基隆市議員選舉,首次申報,1111021,匿名捐贈,匿名1,,3000.00,0.00,匯款,1111021,,,金錢,,,,,,,,,,
2,陳明建,111年基隆市議員選舉,首次申報,1111110,匿名捐贈,李源春,,3000.00,0.00,匯款,1111110,,,金錢,,,,,,,,,,
3,陳明建,111年基隆市議員選舉,首次申報,1111122,匿名捐贈,匿名2,,6000.00,0.00,匯款,1111122,,,金錢,,,,,,,,,,
4,陳明建,111年基隆市議員選舉,首次申報,1111123,個人捐贈收入,陳桃花,U22*******,6000.00,0.00,匯款,1111123,,,金錢,基隆市中正區****,0953*****,,,,,,,,
5,陳明建,111年基隆市議員選舉,首次申報,1111123,個人捐贈收入,羅嚴守,V10*******,10000.00,0.00,匯款,1111123,,,金錢,基隆市中正區****,0910*****,,,,,,,,
6,陳明建,111年基隆市議員選舉,首次申報,1111123,個人捐贈收入,林仁智,V12*******,30000.00,0.00,匯款,1111123,,,金錢,新北市新店區****,0933*****,,,,,,,,
7,陳明建,111年基隆市議員選舉,首次申報,1111123,個人捐贈收入,葉春香,V20*******,6000.00,0.00,匯款,1111123,,,金錢,基隆市中正區****,0981*****,,,,,,,,
8,陳明建,111年基隆市議員選舉,首次申報,1111123,個人捐贈收入,陳慈愛,V22*******,20000.00,0.00,匯款,1111123,,,金錢,新北市新店區****,0952*****,,,,,,,,
