﻿序號,擬參選人／政黨,選舉名稱,申報序號／年度,交易日期,收支科目,捐贈者／支出對象,身分證／統一編號,收入金額,支出金額,捐贈方式,存入專戶日期,返還/繳庫,支出用途,金錢類,地址,聯絡電話,應揭露之支出對象,支出對象之內部人員姓名,支出對象之內部人員職稱,政黨之內部人員姓名,政黨之內部人員職稱,關係,更正註記,資料更正日期
1,江國銘,111年臺南市議員選舉,首次申報,1110507,宣傳支出,恆酉有限公司,45893976,0.00,116780.00,,,,帆布,金錢,臺南市仁德區****,,否,,,,,,,
2,江國銘,111年臺南市議員選舉,首次申報,1110513,雜支支出,應援科技,,0.00,110.00,,,,第三方支付,金錢,臺北市內湖區****,02 2*****,否,,,,,,,
3,江國銘,111年臺南市議員選舉,首次申報,1110520,雜支支出,應援科技,,0.00,180.00,,,,第三方支付,金錢,臺北市內湖區****,02 2*****,否,,,,,,,
4,江國銘,111年臺南市議員選舉,首次申報,1110708,雜支支出,應援科技,,0.00,120.00,,,,第三方支付,金錢,臺北市內湖區****,02 2*****,否,,,,,,,
5,江國銘,111年臺南市議員選舉,首次申報,1110928,雜支支出,應援科技,,0.00,60.00,,,,手續費,金錢,臺北市內湖區****,02 2*****,否,,,,,,,
6,江國銘,111年臺南市議員選舉,首次申報,1111014,雜支支出,應援科技,,0.00,30.00,,,,手續費,金錢,臺北市內湖區****,02 2*****,否,,,,,,,
7,江國銘,111年臺南市議員選舉,首次申報,1111025,雜支支出,應援科技,,0.00,180.00,,,,手續費,金錢,臺北市內湖區****,02 2*****,否,,,,,,,
8,江國銘,111年臺南市議員選舉,首次申報,1111108,雜支支出,應援科技,,0.00,30.00,,,,手續費,金錢,臺北市內湖區****,02 2*****,否,,,,,,,
9,江國銘,111年臺南市議員選舉,首次申報,1111111,雜支支出,應援科技,,0.00,180.00,,,,手續費,金錢,臺北市內湖區****,02 2*****,否,,,,,,,
