﻿序號,擬參選人／政黨,選舉名稱,申報序號／年度,交易日期,收支科目,捐贈者／支出對象,身分證／統一編號,收入金額,支出金額,捐贈方式,存入專戶日期,返還/繳庫,支出用途,金錢類,地址,聯絡電話,應揭露之支出對象,支出對象之內部人員姓名,支出對象之內部人員職稱,政黨之內部人員姓名,政黨之內部人員職稱,關係,更正註記,資料更正日期
1,江國銘,111年臺南市議員選舉,首次申報,1110509,個人捐贈收入,梁耿彰,,2000.00,0.00,匯款,1110513,,,金錢,,0980*****,,,,,,,,
2,江國銘,111年臺南市議員選舉,首次申報,1110509,個人捐贈收入,康哲豪,R12*******,2000.00,0.00,匯款,1110513,,,金錢,臺南市新市區****,0910*****,,,,,,,,
3,江國銘,111年臺南市議員選舉,首次申報,1110509,個人捐贈收入,周麗芳,S22*******,1000.00,0.00,匯款,1110513,,,金錢,臺南市永康區****,0928*****,,,,,,,,
4,江國銘,111年臺南市議員選舉,首次申報,1110511,匿名捐贈,林偉凱,,3000.00,0.00,匯款,1110520,,,金錢,,,,,,,,,,
5,江國銘,111年臺南市議員選舉,首次申報,1110511,匿名捐贈,林偉凱,,3000.00,0.00,匯款,1110520,,,金錢,,,,,,,,,,
6,江國銘,111年臺南市議員選舉,首次申報,1110702,個人捐贈收入,趙韞博,F12*******,1000.00,0.00,匯款,1110708,,,金錢,臺北市大安區****,0952*****,,,,,,,,
7,江國銘,111年臺南市議員選舉,首次申報,1110702,個人捐贈收入,趙韞博,F12*******,3000.00,0.00,匯款,1110708,,,金錢,臺北市大安區****,0952*****,,,,,,,,
8,江國銘,111年臺南市議員選舉,首次申報,1110712,個人捐贈收入,林錦德,R12*******,20000.00,0.00,現金,1110712,,,金錢,臺南市將軍區****,0972*****,,,,,,,,
9,江國銘,111年臺南市議員選舉,首次申報,1110721,個人捐贈收入,吳志強,R12*******,10000.00,0.00,匯款,1110721,,,金錢,臺南市安南區****,0925*****,,,,,,,,
10,江國銘,111年臺南市議員選舉,首次申報,1110729,個人捐贈收入,潘雪眀,L22*******,2000.00,0.00,現金,1110729,,,金錢,臺南市東區生****,0981*****,,,,,,,,
11,江國銘,111年臺南市議員選舉,首次申報,1110819,個人捐贈收入,蔡立璿,B22*******,1000.00,0.00,現金,1110819,,,金錢,臺南市安平區****,0917*****,,,,,,,,
12,江國銘,111年臺南市議員選舉,首次申報,1110928,個人捐贈收入,趙韞博,F12*******,2000.00,0.00,匯款,1111004,,,金錢,臺北市大安區****,0952*****,,,,,,,,
13,江國銘,111年臺南市議員選舉,首次申報,1111010,匿名捐贈,匿名3,,50.00,0.00,匯款,1111010,,,金錢,,,,,,,,,,
14,江國銘,111年臺南市議員選舉,首次申報,1111010,個人捐贈收入,邱嬿如,D22*******,1000.00,0.00,匯款,1111014,,,金錢,臺南市仁德區****,0935*****,,,,,,,,
15,江國銘,111年臺南市議員選舉,首次申報,1111016,個人捐贈收入,黃麗雪,,5000.00,0.00,現金,1111025,,,金錢,臺南市永康區****,0932*****,,,,,,,,
16,江國銘,111年臺南市議員選舉,首次申報,1111016,個人捐贈收入,蔡孟青,D12*******,1000.00,0.00,現金,1111025,,,金錢,臺南市南區喜****,,,,,,,,,
17,江國銘,111年臺南市議員選舉,首次申報,1111021,個人捐贈收入,葉沛澤,D12*******,4000.00,0.00,匯款,1111021,,,金錢,臺南市中西區****,,,,,,,,,
18,江國銘,111年臺南市議員選舉,首次申報,1111022,個人捐贈收入,楊晴媛,,10000.00,0.00,現金,1111025,,,金錢,臺南市大內區****,,,,,,,,,
19,江國銘,111年臺南市議員選舉,首次申報,1111022,匿名捐贈,匿名2,,6000.00,0.00,現金,1111025,,,金錢,,,,,,,,,,
20,江國銘,111年臺南市議員選舉,首次申報,1111022,個人捐贈收入,張雪明,,1000.00,0.00,現金,1111025,,,金錢,臺南市東區生****,0981*****,,,,,,,,
21,江國銘,111年臺南市議員選舉,首次申報,1111022,個人捐贈收入,李生福,,3000.00,0.00,現金,1111025,,,金錢,臺南市歸仁區****,0933*****,,,,,,,,
22,江國銘,111年臺南市議員選舉,首次申報,1111022,個人捐贈收入,李明憲,,2000.00,0.00,現金,1111025,,,金錢,臺南市歸仁區****,0623*****,,,,,,,,
23,江國銘,111年臺南市議員選舉,首次申報,1111022,個人捐贈收入,邱文安,E12*******,6000.00,0.00,匯款,1111025,,,金錢,臺南市仁德區****,0922*****,,,,,,,,
24,江國銘,111年臺南市議員選舉,首次申報,1111025,個人捐贈收入,林文欽,R12*******,20000.00,0.00,現金,1111025,,,金錢,臺南市歸仁區****,0929*****,,,,,,,,
25,江國銘,111年臺南市議員選舉,首次申報,1111105,個人捐贈收入,張家祥,R12*******,1000.00,0.00,匯款,1111108,,,金錢,臺南市歸仁區****,0987*****,,,,,,,,
26,江國銘,111年臺南市議員選舉,首次申報,1111106,個人捐贈收入,蔡坤峰,D12*******,3000.00,0.00,匯款,1111111,,,金錢,臺南市南區明****,0934*****,,,,,,,,
27,江國銘,111年臺南市議員選舉,首次申報,1111108,個人捐贈收入,陳俊男,F12*******,3000.00,0.00,匯款,1111111,,,金錢,新北市鶯歌區****,0928*****,,,,,,,,
