﻿序號,擬參選人／政黨,選舉名稱,申報序號／年度,交易日期,收支科目,捐贈者／支出對象,身分證／統一編號,收入金額,支出金額,捐贈方式,存入專戶日期,返還/繳庫,支出用途,金錢類,地址,聯絡電話,應揭露之支出對象,支出對象之內部人員姓名,支出對象之內部人員職稱,政黨之內部人員姓名,政黨之內部人員職稱,關係,更正註記,資料更正日期
1,劉睿宸,113年立法委員選舉,首次申報,1121210,匿名捐贈,匿名,,10000.00,0.00,匯款,1121210,,,金錢,,,,,,,,,,
2,劉睿宸,113年立法委員選舉,首次申報,1121211,匿名捐贈,匿名,,2000.00,0.00,匯款,1121211,,,金錢,,,,,,,,,,
3,劉睿宸,113年立法委員選舉,首次申報,1121211,個人捐贈收入,林伯宗,,16888.00,0.00,匯款,1121211,,,金錢,,0928*****,,,,,,,,
4,劉睿宸,113年立法委員選舉,首次申報,1121212,個人捐贈收入,謝素梅,,10000.00,0.00,現金,1121212,,,金錢,,0961*****,,,,,,,,
5,劉睿宸,113年立法委員選舉,首次申報,1121213,個人捐贈收入,馬世衡,,10000.00,0.00,匯款,1121213,,,金錢,,0961*****,,,,,,,,
6,劉睿宸,113年立法委員選舉,首次申報,1121220,個人捐贈收入,林昀震,,20000.00,0.00,匯款,1121220,,,金錢,,0938*****,,,,,,,,
7,劉睿宸,113年立法委員選舉,首次申報,1121220,個人捐贈收入,蔣雪櫻,,30000.00,0.00,匯款,1121220,,,金錢,臺北市大同區****,0967*****,,,,,,,,
8,劉睿宸,113年立法委員選舉,首次申報,1121221,其他收入,利息收入,,4.00,0.00,匯款,1121221,,,金錢,,,,,,,,,,
9,劉睿宸,113年立法委員選舉,首次申報,1121222,匿名捐贈,匿名,,5000.00,0.00,匯款,1121222,,,金錢,,,,,,,,,,
10,劉睿宸,113年立法委員選舉,首次申報,1121225,個人捐贈收入,胡守華,,6000.00,0.00,匯款,1121225,,,金錢,,0933*****,,,,,,,,
11,劉睿宸,113年立法委員選舉,首次申報,1121226,個人捐贈收入,郭五山,,1000.00,0.00,匯款,1121226,,,金錢,,0955*****,,,,,,,,
12,劉睿宸,113年立法委員選舉,首次申報,1121228,匿名捐贈,匿名,,2000.00,0.00,匯款,1121228,,,金錢,,,,,,,,,,
13,劉睿宸,113年立法委員選舉,首次申報,1121229,個人捐贈收入,胡志偉,,10000.00,0.00,匯款,1121229,,,金錢,,0936*****,,,,,,,,
14,劉睿宸,113年立法委員選舉,首次申報,1121229,個人捐贈收入,朱衛華,,10000.00,0.00,匯款,1121229,,,金錢,,0937*****,,,,,,,,
15,劉睿宸,113年立法委員選舉,首次申報,1130103,個人捐贈收入,黃廖全,H10*******,100000.00,0.00,匯款,1130103,,,金錢,桃園市蘆竹區****,0933*****,,,,,,,,
16,劉睿宸,113年立法委員選舉,首次申報,1130107,匿名捐贈,匿名,,10000.00,0.00,匯款,1130107,,,金錢,,,,,,,,,,
17,劉睿宸,113年立法委員選舉,首次申報,1130112,匿名捐贈,匿名,,2000.00,0.00,現金,1130112,,,金錢,,,,,,,,,,
18,劉睿宸,113年立法委員選舉,首次申報,1130112,匿名捐贈,匿名,,1000.00,0.00,匯款,1130112,,,金錢,,,,,,,,,,
