﻿序號,擬參選人／政黨,選舉名稱,申報序號／年度,交易日期,收支科目,捐贈者／支出對象,身分證／統一編號,收入金額,支出金額,支出用途,金錢類,地址,聯絡電話,資料更正日期
1,謝志得,107年縣(市)議員選舉,首次申報,1070913,匿名捐贈,智付通之媒體交換存款,,1.00,0.00,,金錢,,,
2,謝志得,107年縣(市)議員選舉,首次申報,1071014,個人捐贈收入,林國華,G12*******,2000.00,0.00,,金錢,,,
3,謝志得,107年縣(市)議員選舉,首次申報,1071018,個人捐贈收入,楊智中,G12*******,2000.00,0.00,,金錢,新北市蘆洲區****,,
4,謝志得,107年縣(市)議員選舉,首次申報,1071018,個人捐贈收入,吳士冠,G12*******,5000.00,0.00,,金錢,台北市內湖區****,,
5,謝志得,107年縣(市)議員選舉,首次申報,1071019,個人捐贈收入,張文煌,G12*******,10000.00,0.00,,金錢,宜蘭市津梅路****,,
6,謝志得,107年縣(市)議員選舉,首次申報,1071031,個人捐贈收入,曾仁松,G12*******,2000.00,0.00,,金錢,羅東鎮復興路****,,
7,謝志得,107年縣(市)議員選舉,首次申報,1071104,個人捐贈收入,楊桐峯,G12*******,20000.00,0.00,,金錢,羅東鎮林森路****,,
8,謝志得,107年縣(市)議員選舉,首次申報,1071123,個人捐贈收入,陳仲毅,F12*******,6000.00,0.00,,金錢,蘇澳鎮中山路****,,
9,謝志得,107年縣(市)議員選舉,首次申報,1071221,其他收入,利息存款,,3.00,0.00,,金錢,,,
