﻿序號,擬參選人／政黨,選舉名稱,申報序號／年度,交易日期,收支科目,捐贈者／支出對象,身分證／統一編號,收入金額,支出金額,捐贈方式,存入專戶日期,返還/繳庫,支出用途,金錢類,地址,聯絡電話,應揭露之支出對象,支出對象之內部人員姓名,支出對象之內部人員職稱,政黨之內部人員姓名,政黨之內部人員職稱,關係,資料更正日期
1,徐弘庭,107年直轄市議員選舉,首次申報,1070606,營利事業捐贈收入,杜蓮國際開發股份有限公司,16766043,100000.00,0.00,匯款,1070606,,,金錢,臺北市大同區****,,,,,,,,2021/8/2 下午 03:45:51
2,徐弘庭,107年直轄市議員選舉,首次申報,1070606,個人捐贈收入,莊自強,A12*******,100000.00,0.00,匯款,1070606,,,金錢,臺北市大同區****,,,,,,,,2021/8/2 下午 03:45:51
3,徐弘庭,107年直轄市議員選舉,首次申報,1070606,個人捐贈收入,莊榮德,E10*******,100000.00,0.00,匯款,1070606,,,金錢,臺北市大同區****,,,,,,,,2021/8/2 下午 03:45:51
4,徐弘庭,107年直轄市議員選舉,首次申報,1070621,其他收入,利息收入,,1.00,0.00,現金,1070621,,,金錢,,,,,,,,,2021/8/2 下午 03:45:51
5,徐弘庭,107年直轄市議員選舉,首次申報,1070623,個人捐贈收入,李裔櫻,Y20*******,10000.00,0.00,匯款,1070623,,,金錢,臺北市大安區****,0955*****,,,,,,,2021/8/2 下午 03:45:51
6,徐弘庭,107年直轄市議員選舉,首次申報,1070627,個人捐贈收入,廖碧霞,A20*******,5000.00,0.00,現金,1070629,,,金錢,臺北市文山區****,0928*****,,,,,,,2021/8/2 下午 03:45:51
7,徐弘庭,107年直轄市議員選舉,首次申報,1070709,營利事業捐贈收入,環泥投資股份有限公司,23531445,200000.00,0.00,匯款,1070709,,,金錢,臺北市中山區****,02-2*****,,,,,,,2021/8/2 下午 03:45:51
8,徐弘庭,107年直轄市議員選舉,首次申報,1070719,營利事業捐贈收入,台灣領航資產投資股份有限公司,27923512,500000.00,0.00,匯款,1070719,,,金錢,臺北市中正區****,02-2*****,,,,,,,2021/8/2 下午 03:45:51
9,徐弘庭,107年直轄市議員選舉,首次申報,1070723,匿名捐贈,匿名,,1.00,0.00,匯款,1070723,,,金錢,,,,,,,,,2021/8/2 下午 03:45:51
10,徐弘庭,107年直轄市議員選舉,首次申報,1070726,個人捐贈收入,邱宏哲,F10*******,80000.00,0.00,匯款,1070726,,,金錢,臺北市大安區****,02-2*****,,,,,,,2021/8/2 下午 03:45:51
11,徐弘庭,107年直轄市議員選舉,首次申報,1070729,匿名捐贈,匿名,,1000.00,0.00,匯款,1070729,,,金錢,,,,,,,,,2021/8/2 下午 03:45:51
12,徐弘庭,107年直轄市議員選舉,首次申報,1070731,個人捐贈收入,楊珊珊,,5000.00,0.00,現金,1070731,,,金錢,臺北市大安區****,0920*****,,,,,,,2021/8/2 下午 03:45:51
13,徐弘庭,107年直轄市議員選舉,首次申報,1070731,個人捐贈收入,王韻菁,A22*******,1000.00,0.00,匯款,1070806,,,金錢,臺北市信義區****,0935*****,,,,,,,2021/8/2 下午 03:45:51
14,徐弘庭,107年直轄市議員選舉,首次申報,1070801,個人捐贈收入,林碧玉,A21*******,10000.00,0.00,匯款,1070807,,,金錢,臺北市文山區****,0937*****,,,,,,,2021/8/2 下午 03:45:51
15,徐弘庭,107年直轄市議員選舉,首次申報,1070801,個人捐贈收入,陳思如,A22*******,12000.00,0.00,匯款,1070807,,,金錢,臺北市文山區****,0988*****,,,,,,,2021/8/2 下午 03:45:51
16,徐弘庭,107年直轄市議員選舉,首次申報,1070801,個人捐贈收入,魏曉燕,D22*******,15000.00,0.00,匯款,1070807,,,金錢,臺北市文山區****,0952*****,,,,,,,2021/8/2 下午 03:45:51
17,徐弘庭,107年直轄市議員選舉,首次申報,1070803,個人捐贈收入,吳子州,A12*******,20000.00,0.00,匯款,1070809,,,金錢,臺北市北投區****,0910*****,,,,,,,2021/8/2 下午 03:45:51
18,徐弘庭,107年直轄市議員選舉,首次申報,1070803,個人捐贈收入,黃勻昭,A21*******,1000.00,0.00,匯款,1070813,,,金錢,臺北市北投區****,0963*****,,,,,,,2021/8/2 下午 03:45:51
19,徐弘庭,107年直轄市議員選舉,首次申報,1070803,個人捐贈收入,蘇國銘,E12*******,3600.00,0.00,匯款,1070813,,,金錢,高雄市前鎮區****,0910*****,,,,,,,2021/8/2 下午 03:45:51
20,徐弘庭,107年直轄市議員選舉,首次申報,1070804,個人捐贈收入,王韻菁,A22*******,1000.00,0.00,匯款,1070810,,,金錢,臺北市信義區****,0935*****,,,,,,,2021/8/2 下午 03:45:51
21,徐弘庭,107年直轄市議員選舉,首次申報,1070806,個人捐贈收入,王韻菁,A22*******,1000.00,0.00,匯款,1070813,,,金錢,臺北市信義區****,0935*****,,,,,,,2021/8/2 下午 03:45:51
22,徐弘庭,107年直轄市議員選舉,首次申報,1070806,個人捐贈收入,湯君祥,R12*******,1000.00,0.00,匯款,1070806,,,金錢,臺北市文山區****,0938*****,,,,,,,2021/8/2 下午 03:45:51
23,徐弘庭,107年直轄市議員選舉,首次申報,1070807,個人捐贈收入,唐先慧,B22*******,20000.00,0.00,匯款,1070814,,,金錢,臺北市信義區****,0910*****,,,,,,,2021/8/2 下午 03:45:51
24,徐弘庭,107年直轄市議員選舉,首次申報,1070807,個人捐贈收入,蘇瑞文,F10*******,50000.00,0.00,匯款,1070807,,,金錢,臺北市南港區****,0932*****,,,,,,,2021/8/2 下午 03:45:51
25,徐弘庭,107年直轄市議員選舉,首次申報,1070807,個人捐贈收入,游淑惠,Q22*******,1000.00,0.00,匯款,1070814,,,金錢,臺北市文山區****,0952*****,,,,,,,2021/8/2 下午 03:45:51
26,徐弘庭,107年直轄市議員選舉,首次申報,1070807,個人捐贈收入,齊眉,Y20*******,1000.00,0.00,匯款,1070813,,,金錢,新北市淡水區****,0919*****,,,,,,,2021/8/2 下午 03:45:51
27,徐弘庭,107年直轄市議員選舉,首次申報,1070819,個人捐贈收入,孟繁敏,E20*******,3000.00,0.00,匯款,1070827,,,金錢,臺北市文山區****,0917*****,,,,,,,2021/8/2 下午 03:45:51
28,徐弘庭,107年直轄市議員選舉,首次申報,1070820,營利事業捐贈收入,寶盛投資股份有限公司,23223094,500000.00,0.00,票據,1070823,,,金錢,臺北市信義區****,0930*****,,,,,,,2021/8/2 下午 03:45:51
29,徐弘庭,107年直轄市議員選舉,首次申報,1070820,個人捐贈收入,胥傳斌,E10*******,1000.00,0.00,匯款,1070827,,,金錢,高雄市新興區****,0908*****,,,,,,,2021/8/2 下午 03:45:51
30,徐弘庭,107年直轄市議員選舉,首次申報,1070822,個人捐贈收入,張廷絪,D20*******,1000.00,0.00,現金,1070822,,,金錢,臺北市文山區****,0921*****,,,,,,,2021/8/2 下午 03:45:51
31,徐弘庭,107年直轄市議員選舉,首次申報,1070823,個人捐贈收入,翁聖博,A12*******,1000.00,0.00,匯款,1070830,,,金錢,臺北市文山區****,0929*****,,,,,,,2021/8/2 下午 03:45:51
32,徐弘庭,107年直轄市議員選舉,首次申報,1070904,營利事業捐贈收入,翰門企業股份有限公司,30834991,250000.00,0.00,匯款,1070904,,,金錢,新北市汐止區****,02-2*****,,,,,,,2021/8/2 下午 03:45:51
33,徐弘庭,107年直轄市議員選舉,首次申報,1070905,營利事業捐贈收入,及幼文化出版股份有限公司,23619547,50000.00,0.00,匯款,1070911,,,金錢,臺北市大安區****,0921*****,,,,,,,2021/8/2 下午 03:45:51
34,徐弘庭,107年直轄市議員選舉,首次申報,1070905,個人捐贈收入,郭大為,A12*******,50000.00,0.00,匯款,1070905,,,金錢,臺北市松山區****,02-7*****,,,,,,,2021/8/2 下午 03:45:51
35,徐弘庭,107年直轄市議員選舉,首次申報,1070906,營利事業捐贈收入,鑫星采有限公司,53941396,300000.00,0.00,匯款,1070906,,,金錢,臺北市松山區****,02-2*****,,,,,,,2021/8/2 下午 03:45:51
36,徐弘庭,107年直轄市議員選舉,首次申報,1070910,個人捐贈收入,施景彬,A12*******,100000.00,0.00,現金,1070912,,,金錢,臺北市南港區****,0928*****,,,,,,,2021/8/2 下午 03:45:51
37,徐弘庭,107年直轄市議員選舉,首次申報,1070910,個人捐贈收入,馮嘉豪,A12*******,1000.00,0.00,匯款,1070917,,,金錢,臺北市大安區****,0930*****,,,,,,,2021/8/2 下午 03:45:51
38,徐弘庭,107年直轄市議員選舉,首次申報,1070912,個人捐贈收入,鄭有欽,A12*******,200000.00,0.00,匯款,1070912,已返還,,金錢,臺北市大同區****,0958*****,,,,,,,2021/8/2 下午 03:45:51
39,徐弘庭,107年直轄市議員選舉,首次申報,1070918,個人捐贈收入,李彥穎,A22*******,100000.00,0.00,票據,1070926,,,金錢,臺北市中山區****,02-8*****,,,,,,,2021/8/2 下午 03:45:51
40,徐弘庭,107年直轄市議員選舉,首次申報,1070918,個人捐贈收入,李彥靜,A22*******,100000.00,0.00,票據,1070926,,,金錢,臺北市中山區****,02-8*****,,,,,,,2021/8/2 下午 03:45:51
41,徐弘庭,107年直轄市議員選舉,首次申報,1070918,個人捐贈收入,蘇進柔,C12*******,100000.00,0.00,票據,1070926,,,金錢,基隆市安樂區****,02-8*****,,,,,,,2021/8/2 下午 03:45:51
42,徐弘庭,107年直轄市議員選舉,首次申報,1070918,個人捐贈收入,陳麗美,Q20*******,20000.00,0.00,現金,1070918,,,金錢,臺北市文山區****,02-2*****,,,,,,,2021/8/2 下午 03:45:51
43,徐弘庭,107年直轄市議員選舉,首次申報,1070918,個人捐贈收入,謝銘倫,Y22*******,100000.00,0.00,票據,1070926,,,金錢,臺北市士林區****,02-8*****,,,,,,,2021/8/2 下午 03:45:51
44,徐弘庭,107年直轄市議員選舉,首次申報,1070918,個人捐贈收入,謝純雅,Y22*******,100000.00,0.00,票據,1070926,,,金錢,臺北市北投區****,02-8*****,,,,,,,2021/8/2 下午 03:45:51
45,徐弘庭,107年直轄市議員選舉,首次申報,1070919,個人捐贈收入,張純瑤,A22*******,100000.00,0.00,現金,1070920,,,金錢,臺北市內湖區****,0935*****,,,,,,,2021/8/2 下午 03:45:51
46,徐弘庭,107年直轄市議員選舉,首次申報,1070919,個人捐贈收入,朱英帆,F12*******,100000.00,0.00,現金,1070920,,,金錢,臺北市中山區****,0935*****,,,,,,,2021/8/2 下午 03:45:51
47,徐弘庭,107年直轄市議員選舉,首次申報,1070921,營利事業捐贈收入,順承企業股份有限公司,12132548,100000.00,0.00,匯款,1070921,已繳庫,,金錢,臺北市大安區****,02-2*****,,,,,,,2021/8/2 下午 03:45:51
48,徐弘庭,107年直轄市議員選舉,首次申報,1070923,個人捐贈收入,張靜波,E20*******,1000.00,0.00,匯款,1071001,,,金錢,臺北市北投區****,0960*****,,,,,,,2021/8/2 下午 03:45:51
49,徐弘庭,107年直轄市議員選舉,首次申報,1070923,個人捐贈收入,錢薏蕾,E22*******,500.00,0.00,匯款,1071001,,,金錢,臺北市北投區****,0982*****,,,,,,,2021/8/2 下午 03:45:51
50,徐弘庭,107年直轄市議員選舉,首次申報,1070927,個人捐贈收入,謝秀祝,S22*******,100000.00,0.00,匯款,1070927,,,金錢,臺北市大同區****,02-2*****,,,,,,,2021/8/2 下午 03:45:51
51,徐弘庭,107年直轄市議員選舉,首次申報,1070928,營利事業捐贈收入,互貴興業股份有限公司,54648808,300000.00,0.00,匯款,1070928,已繳庫,,金錢,臺北市中山區****,02-2*****,,,,,,,2021/8/2 下午 03:45:51
52,徐弘庭,107年直轄市議員選舉,首次申報,1070928,個人捐贈收入,王祥全,A10*******,100000.00,0.00,現金,1070928,,,金錢,臺北市中正區****,0952*****,,,,,,,2021/8/2 下午 03:45:51
53,徐弘庭,107年直轄市議員選舉,首次申報,1070928,個人捐贈收入,李雯茹,A22*******,2000.00,0.00,現金,1070928,,,金錢,臺北市文山區****,0935*****,,,,,,,2021/8/2 下午 03:45:51
54,徐弘庭,107年直轄市議員選舉,首次申報,1071001,營利事業捐贈收入,遊戲橘子數位科技股份有限公司,89550029,300000.00,0.00,匯款,1071001,,,金錢,臺北市內湖區****,02-2*****,,,,,,,2021/8/2 下午 03:45:51
55,徐弘庭,107年直轄市議員選舉,首次申報,1071001,個人捐贈收入,喻銘鐸,A12*******,100000.00,0.00,匯款,1071001,,,金錢,臺北市大安區****,0988*****,,,,,,,2021/8/2 下午 03:45:51
56,徐弘庭,107年直轄市議員選舉,首次申報,1071002,個人捐贈收入,簡榮宗,F12*******,100000.00,0.00,匯款,1071002,,,金錢,臺北市松山區****,0978*****,,,,,,,2021/8/2 下午 03:45:51
57,徐弘庭,107年直轄市議員選舉,首次申報,1071003,個人捐贈收入,盧文聰,Q12*******,100000.00,0.00,匯款,1071003,,,金錢,臺北市內湖區****,0933*****,,,,,,,2021/8/2 下午 03:45:51
58,徐弘庭,107年直轄市議員選舉,首次申報,1071004,個人捐贈收入,侯銘罡,Q12*******,50000.00,0.00,匯款,1071004,,,金錢,新北市新莊區****,0935*****,,,,,,,2021/8/2 下午 03:45:51
59,徐弘庭,107年直轄市議員選舉,首次申報,1071005,營利事業捐贈收入,巧可麗文教事業股份有限公司,52874525,200000.00,0.00,匯款,1071005,已返還,,金錢,臺北市中山區****,02-2*****,,,,,,,2021/8/2 下午 03:45:51
60,徐弘庭,107年直轄市議員選舉,首次申報,1071008,營利事業捐贈收入,橙豐國際實業有限公司,54173794,150000.00,0.00,匯款,1071008,,,金錢,臺北市大安區****,02-2*****,,,,,,,2021/8/2 下午 03:45:51
61,徐弘庭,107年直轄市議員選舉,首次申報,1071008,個人捐贈收入,★康恩誒,AD0*******,100000.00,0.00,匯款,1071008,已繳庫,,金錢,臺北市中正區****,0920*****,,,,,,,2021/8/2 下午 03:45:51
62,徐弘庭,107年直轄市議員選舉,首次申報,1071009,營利事業捐贈收入,璽悅國際股份有限公司,28862485,50000.00,0.00,匯款,1071009,,,金錢,臺北市中正區****,02-7*****,,,,,,,2021/8/2 下午 03:45:51
63,徐弘庭,107年直轄市議員選舉,首次申報,1071009,營利事業捐贈收入,樂點股份有限公司,53209324,300000.00,0.00,匯款,1071009,,,金錢,臺北市內湖區****,02-2*****,,,,,,,2021/8/2 下午 03:45:51
64,徐弘庭,107年直轄市議員選舉,首次申報,1071011,匿名捐贈,匿名,,500.00,0.00,匯款,1071011,,,金錢,,,,,,,,,2021/8/2 下午 03:45:51
65,徐弘庭,107年直轄市議員選舉,首次申報,1071012,營利事業捐贈收入,至上電子股份有限公司,22368959,125000.00,0.00,匯款,1071012,,,金錢,臺北市內湖區****,02-2*****,,,,,,,2021/8/2 下午 03:45:51
66,徐弘庭,107年直轄市議員選舉,首次申報,1071012,個人捐贈收入,麥升陽,A12*******,50000.00,0.00,匯款,1071012,,,金錢,臺北市中山區****,02-2*****,,,,,,,2021/8/2 下午 03:45:51
67,徐弘庭,107年直轄市議員選舉,首次申報,1071015,營利事業捐贈收入,新睦豐建材股份有限公司,16164794,50000.00,0.00,匯款,1071015,,,金錢,臺北市大安區****,02-2*****,,,,,,,2021/8/2 下午 03:45:51
68,徐弘庭,107年直轄市議員選舉,首次申報,1071016,個人捐贈收入,劉俊北,F12*******,100000.00,0.00,匯款,1071022,,,金錢,臺北市文山區****,0916*****,,,,,,,2021/8/2 下午 03:45:51
69,徐弘庭,107年直轄市議員選舉,首次申報,1071017,營利事業捐贈收入,伍豐科技股份有限公司,89961466,200000.00,0.00,匯款,1071017,,,金錢,新北市汐止區****,02-2*****,,,,,,,2021/8/2 下午 03:45:51
70,徐弘庭,107年直轄市議員選舉,首次申報,1071019,個人捐贈收入,韓秀梅,F20*******,5000.00,0.00,現金,1071023,已返還,,金錢,臺北市大安區****,0958*****,,,,,,,2021/8/2 下午 03:45:51
71,徐弘庭,107年直轄市議員選舉,首次申報,1071025,政黨捐贈收入,中國國民黨,政黨證字第1號,100000.00,0.00,匯款,1071025,,,金錢,台北市中山區****,(02)*****,,,,,,,2021/8/2 下午 03:45:51
72,徐弘庭,107年直轄市議員選舉,首次申報,1071026,營利事業捐贈收入,大慶證券股份有限公司,22957098,200000.00,0.00,匯款,1071026,,,金錢,臺北市中山區****,02-2*****,,,,,,,2021/8/2 下午 03:45:51
73,徐弘庭,107年直轄市議員選舉,首次申報,1071029,營利事業捐贈收入,台灣邦普仕有限公司,54262108,20000.00,0.00,現金,1071102,,,金錢,基隆市安樂區****,0988*****,,,,,,,2021/8/2 下午 03:45:51
74,徐弘庭,107年直轄市議員選舉,首次申報,1071029,營利事業捐贈收入,頂尖寵物用品有限公司,89961418,10000.00,0.00,現金,1071102,,,金錢,臺北市松山區****,0933*****,,,,,,,2021/8/2 下午 03:45:51
75,徐弘庭,107年直轄市議員選舉,首次申報,1071030,個人捐贈收入,李正文,A12*******,2000.00,0.00,現金,1071102,,,金錢,臺北市文山區****,0917*****,,,,,,,2021/8/2 下午 03:45:51
76,徐弘庭,107年直轄市議員選舉,首次申報,1071030,個人捐贈收入,楊世雄,J10*******,20000.00,0.00,匯款,1071030,,,金錢,新北市中和區****,0932*****,,,,,,,2021/8/2 下午 03:45:51
77,徐弘庭,107年直轄市議員選舉,首次申報,1071031,營利事業捐贈收入,嘉瑞開發股份有限公司,24484547,100000.00,0.00,票據,1071031,,,金錢,臺北市中山區****,02-2*****,,,,,,,2021/8/2 下午 03:45:51
78,徐弘庭,107年直轄市議員選舉,首次申報,1071101,個人捐贈收入,賴志明,A11*******,40000.00,0.00,匯款,1071101,,,金錢,臺北市中山區****,0939*****,,,,,,,2021/8/2 下午 03:45:51
79,徐弘庭,107年直轄市議員選舉,首次申報,1071101,個人捐贈收入,林皓昱,R12*******,100000.00,0.00,現金,1071101,,,金錢,臺北市文山區****,0913*****,,,,,,,2021/8/2 下午 03:45:51
80,徐弘庭,107年直轄市議員選舉,首次申報,1071102,個人捐贈收入,鄺沛泉,A20*******,40000.00,0.00,匯款,1071102,,,金錢,臺北市大安區****,0938*****,,,,,,,2021/8/2 下午 03:45:51
81,徐弘庭,107年直轄市議員選舉,首次申報,1071102,個人捐贈收入,張素卿,A20*******,100000.00,0.00,現金,1071102,,,金錢,臺北市中山區****,0935*****,,,,,,,2021/8/2 下午 03:45:51
82,徐弘庭,107年直轄市議員選舉,首次申報,1071102,個人捐贈收入,郭彥菁,A22*******,20000.00,0.00,現金,1071102,,,金錢,新北市淡水區****,0921*****,,,,,,,2021/8/2 下午 03:45:51
83,徐弘庭,107年直轄市議員選舉,首次申報,1071102,個人捐贈收入,姚建華,F12*******,100000.00,0.00,現金,1071102,,,金錢,新北市汐止區****,0932*****,,,,,,,2021/8/2 下午 03:45:51
84,徐弘庭,107年直轄市議員選舉,首次申報,1071102,個人捐贈收入,姚筱薇,F20*******,100000.00,0.00,現金,1071102,,,金錢,新北市汐止區****,0958*****,,,,,,,2021/8/2 下午 03:45:51
85,徐弘庭,107年直轄市議員選舉,首次申報,1071105,個人捐贈收入,李齊斌,,500.00,0.00,現金,1071105,,,金錢,臺北市大安區****,0926*****,,,,,,,2021/8/2 下午 03:45:51
86,徐弘庭,107年直轄市議員選舉,首次申報,1071105,營利事業捐贈收入,京站投資控股企業股份有限公司,53957740,100000.00,0.00,匯款,1071105,,,金錢,臺北市大同區****,02-7*****,,,,,,,2021/8/2 下午 03:45:51
87,徐弘庭,107年直轄市議員選舉,首次申報,1071105,營利事業捐贈收入,群盛公寓大廈管理維護股份有限公司,54704511,100000.00,0.00,票據,1071119,,,金錢,高雄市苓雅區****,02-2*****,,,,,,,2021/8/2 下午 03:45:51
88,徐弘庭,107年直轄市議員選舉,首次申報,1071105,個人捐贈收入,陳亭伶,H22*******,20000.00,0.00,現金,1071105,,,金錢,臺北市大安區****,0937*****,,,,,,,2021/8/2 下午 03:45:51
89,徐弘庭,107年直轄市議員選舉,首次申報,1071105,個人捐贈收入,彭顯鈞,J12*******,10000.00,0.00,匯款,1071112,,,金錢,桃園市桃園區****,0930*****,,,,,,,2021/8/2 下午 03:45:51
90,徐弘庭,107年直轄市議員選舉,首次申報,1071106,營利事業捐贈收入,臺北市私立林立文理短期補習班,48891810,3600.00,0.00,匯款,1071106,已返還,,金錢,臺北市文山區****,02-2*****,,,,,,,2021/8/2 下午 03:45:51
91,徐弘庭,107年直轄市議員選舉,首次申報,1071106,個人捐贈收入,金世朋,B10*******,5000.00,0.00,現金,1071108,,,金錢,臺北市大安區****,0935*****,,,,,,,2021/8/2 下午 03:45:51
92,徐弘庭,107年直轄市議員選舉,首次申報,1071107,個人捐贈收入,鄭絜文,A22*******,20000.00,0.00,現金,1071107,,,金錢,臺北市北投區****,02-2*****,,,,,,,2021/8/2 下午 03:45:51
93,徐弘庭,107年直轄市議員選舉,首次申報,1071107,個人捐贈收入,許文玲,A22*******,100000.00,0.00,匯款,1071107,,,金錢,臺北市內湖區****,0930*****,,,,,,,2021/8/2 下午 03:45:51
94,徐弘庭,107年直轄市議員選舉,首次申報,1071107,個人捐贈收入,鄭宇潔,C22*******,100000.00,0.00,匯款,1071107,,,金錢,臺北市大安區****,0910*****,,,,,,,2021/8/2 下午 03:45:51
95,徐弘庭,107年直轄市議員選舉,首次申報,1071107,個人捐贈收入,徐福進,F10*******,10000.00,0.00,現金,1071107,,,金錢,臺北市文山區****,0932*****,,,,,,,2021/8/2 下午 03:45:51
96,徐弘庭,107年直轄市議員選舉,首次申報,1071107,個人捐贈收入,吳張立,F12*******,100000.00,0.00,匯款,1071107,,,金錢,臺北市北投區****,0939*****,,,,,,,2021/8/2 下午 03:45:51
97,徐弘庭,107年直轄市議員選舉,首次申報,1071107,個人捐贈收入,高慶雄,N12*******,100000.00,0.00,匯款,1071107,,,金錢,新北市新店區****,0932*****,,,,,,,2021/8/2 下午 03:45:51
98,徐弘庭,107年直轄市議員選舉,首次申報,1071107,個人捐贈收入,張雅秀,S22*******,100000.00,0.00,匯款,1071107,,,金錢,臺北市大安區****,0910*****,,,,,,,2021/8/2 下午 03:45:51
99,徐弘庭,107年直轄市議員選舉,首次申報,1071108,個人捐贈收入,邱羅火,J10*******,100000.00,0.00,匯款,1071108,,,金錢,新竹縣竹北市****,02-8*****,,,,,,,2021/8/2 下午 03:45:51
100,徐弘庭,107年直轄市議員選舉,首次申報,1071109,個人捐贈收入,李宜蓁,A22*******,1500.00,0.00,匯款,1071115,,,金錢,新北市林口區****,0933*****,,,,,,,2021/8/2 下午 03:45:51
101,徐弘庭,107年直轄市議員選舉,首次申報,1071109,個人捐贈收入,郭文瑞,S12*******,50000.00,0.00,匯款,1071109,,,金錢,臺北市中山區****,02-2*****,,,,,,,2021/8/2 下午 03:45:51
102,徐弘庭,107年直轄市議員選舉,首次申報,1071110,個人捐贈收入,李淑敏,F22*******,5000.00,0.00,現金,1071115,,,金錢,新北市雙溪區****,0933*****,,,,,,,2021/8/2 下午 03:45:51
103,徐弘庭,107年直轄市議員選舉,首次申報,1071111,個人捐贈收入,伍開勳,A12*******,2000.00,0.00,現金,1071113,,,金錢,臺北市文山區****,02-2*****,,,,,,,2021/8/2 下午 03:45:51
104,徐弘庭,107年直轄市議員選舉,首次申報,1071111,個人捐贈收入,高令國,D10*******,2000.00,0.00,現金,1071113,,,金錢,臺北市文山區****,02-2*****,,,,,,,2021/8/2 下午 03:45:51
105,徐弘庭,107年直轄市議員選舉,首次申報,1071111,個人捐贈收入,簡秀義,F10*******,5000.00,0.00,現金,1071113,,,金錢,臺北市大安區****,0910*****,,,,,,,2021/8/2 下午 03:45:51
106,徐弘庭,107年直轄市議員選舉,首次申報,1071111,個人捐贈收入,饒鄭玉寶,F20*******,2000.00,0.00,現金,1071113,,,金錢,臺北市文山區****,02-2*****,,,,,,,2021/8/2 下午 03:45:51
107,徐弘庭,107年直轄市議員選舉,首次申報,1071111,個人捐贈收入,易承祚,H12*******,3000.00,0.00,現金,1071113,,,金錢,新北市新店區****,02-2*****,,,,,,,2021/8/2 下午 03:45:51
108,徐弘庭,107年直轄市議員選舉,首次申報,1071111,個人捐贈收入,褚珠慧,Q20*******,500.00,0.00,現金,1071113,,,金錢,臺北市文山區****,0937*****,,,,,,,2021/8/2 下午 03:45:51
109,徐弘庭,107年直轄市議員選舉,首次申報,1071111,個人捐贈收入,曾垂紀,Y10*******,20000.00,0.00,匯款,1071111,,,金錢,新北市永和區****,0988*****,,,,,,,2021/8/2 下午 03:45:51
110,徐弘庭,107年直轄市議員選舉,首次申報,1071112,個人捐贈收入,范光普,,20000.00,0.00,匯款,1071112,,,金錢,新北市永和區****,02-8*****,,,,,,,2021/8/2 下午 03:45:51
111,徐弘庭,107年直轄市議員選舉,首次申報,1071112,個人捐贈收入,趙銘圓,A11*******,2000.00,0.00,現金,1071113,,,金錢,臺北市大安區****,0952*****,,,,,,,2021/8/2 下午 03:45:51
112,徐弘庭,107年直轄市議員選舉,首次申報,1071112,個人捐贈收入,簡宇泰,A12*******,2000.00,0.00,匯款,1071119,,,金錢,臺北市大安區****,0980*****,,,,,,,2021/8/2 下午 03:45:51
113,徐弘庭,107年直轄市議員選舉,首次申報,1071112,個人捐贈收入,方國健,B10*******,30000.00,0.00,匯款,1071112,,,金錢,臺北市文山區****,02-2*****,,,,,,,2021/8/2 下午 03:45:51
114,徐弘庭,107年直轄市議員選舉,首次申報,1071112,個人捐贈收入,林繼暉,C12*******,50000.00,0.00,匯款,1071112,,,金錢,臺北市大安區****,0913*****,,,,,,,2021/8/2 下午 03:45:51
115,徐弘庭,107年直轄市議員選舉,首次申報,1071112,個人捐贈收入,宋培華,F12*******,70000.00,0.00,匯款,1071112,,,金錢,臺北市中山區****,0912*****,,,,,,,2021/8/2 下午 03:45:51
116,徐弘庭,107年直轄市議員選舉,首次申報,1071112,個人捐贈收入,陳立恆,Q10*******,100000.00,0.00,現金,1071112,,,金錢,臺北市士林區****,02-2*****,,,,,,,2021/8/2 下午 03:45:51
117,徐弘庭,107年直轄市議員選舉,首次申報,1071113,個人捐贈收入,徐筱婷,L22*******,888.00,0.00,匯款,1071119,,,金錢,新北市板橋區****,0926*****,,,,,,,2021/8/2 下午 03:45:51
118,徐弘庭,107年直轄市議員選舉,首次申報,1071113,個人捐贈收入,陳玉瑛,X22*******,100000.00,0.00,匯款,1071113,,,金錢,臺北市松山區****,02-2*****,,,,,,,2021/8/2 下午 03:45:51
119,徐弘庭,107年直轄市議員選舉,首次申報,1071114,個人捐贈收入,曾瑞璟,A12*******,10000.00,0.00,匯款,1071115,,,金錢,苗栗縣頭份市****,0955*****,,,,,,,2021/8/2 下午 03:45:51
120,徐弘庭,107年直轄市議員選舉,首次申報,1071114,個人捐贈收入,高嘉隆,F12*******,2000.00,0.00,現金,1071115,,,金錢,臺北市文山區****,02-2*****,,,,,,,2021/8/2 下午 03:45:51
121,徐弘庭,107年直轄市議員選舉,首次申報,1071114,個人捐贈收入,鄭凱文,Q12*******,100000.00,0.00,匯款,1071114,,,金錢,臺北市中正區****,02-2*****,,,,,,,2021/8/2 下午 03:45:51
122,徐弘庭,107年直轄市議員選舉,首次申報,1071115,個人捐贈收入,楊宗修,E12*******,100000.00,0.00,現金,1071116,,,金錢,臺北市松山區****,0922*****,,,,,,,2021/8/2 下午 03:45:51
123,徐弘庭,107年直轄市議員選舉,首次申報,1071115,個人捐贈收入,陳志和,L12*******,5000.00,0.00,現金,1071115,,,金錢,臺北市大安區****,0939*****,,,,,,,2021/8/2 下午 03:45:51
124,徐弘庭,107年直轄市議員選舉,首次申報,1071115,個人捐贈收入,詹李麗紅,M20*******,100000.00,0.00,現金,1071120,,,金錢,臺南市東區龍****,02-8*****,,,,,,,2021/8/2 下午 03:45:51
125,徐弘庭,107年直轄市議員選舉,首次申報,1071115,個人捐贈收入,吳欣絜,P22*******,100000.00,0.00,現金,1071116,,,金錢,高雄市左營區****,0922*****,,,,,,,2021/8/2 下午 03:45:51
126,徐弘庭,107年直轄市議員選舉,首次申報,1071115,個人捐贈收入,陳玫玲,V22*******,100000.00,0.00,票據,1071119,,,金錢,臺北市信義區****,0922*****,,,,,,,2021/8/2 下午 03:45:51
127,徐弘庭,107年直轄市議員選舉,首次申報,1071116,個人捐贈收入,張仁炯,A12*******,30000.00,0.00,匯款,1071122,,,金錢,臺北市文山區****,0936*****,,,,,,,2021/8/2 下午 03:45:51
128,徐弘庭,107年直轄市議員選舉,首次申報,1071119,個人捐贈收入,曾智偉,F12*******,20000.00,0.00,匯款,1071128,,,金錢,臺北市士林區****,0939*****,,,,,,,2021/8/2 下午 03:45:51
129,徐弘庭,107年直轄市議員選舉,首次申報,1071119,個人捐贈收入,劉貽婷,S22*******,3600.00,0.00,匯款,1071119,,,金錢,花蓮縣吉安鄉****,0955*****,,,,,,,2021/8/2 下午 03:45:51
130,徐弘庭,107年直轄市議員選舉,首次申報,1071119,個人捐贈收入,薛元昀,X12*******,1000.00,0.00,匯款,1071128,,,金錢,臺北市文山區****,0905*****,,,,,,,2021/8/2 下午 03:45:51
131,徐弘庭,107年直轄市議員選舉,首次申報,1071120,營利事業捐贈收入,寶盛投資股份有限公司,23223094,300000.00,0.00,票據,1071122,,,金錢,臺北市信義區****,0930*****,,,,,,,2021/8/2 下午 03:45:51
132,徐弘庭,107年直轄市議員選舉,首次申報,1071121,個人捐贈收入,林晏仲,A12*******,100000.00,0.00,匯款,1071121,,,金錢,臺北市文山區****,02-2*****,,,,,,,2021/8/2 下午 03:45:51
133,徐弘庭,107年直轄市議員選舉,首次申報,1071121,個人捐贈收入,沈怡文,C22*******,100000.00,0.00,匯款,1071121,,,金錢,臺北市內湖區****,02-2*****,,,,,,,2021/8/2 下午 03:45:51
134,徐弘庭,107年直轄市議員選舉,首次申報,1071121,個人捐贈收入,吳銘馨,Y12*******,3000.00,0.00,匯款,1071129,,,金錢,臺北市內湖區****,0932*****,,,,,,,2021/8/2 下午 03:45:51
135,徐弘庭,107年直轄市議員選舉,首次申報,1071122,營利事業捐贈收入,領航投資開發股份有限公司,89664992,300000.00,0.00,匯款,1071122,,,金錢,新北市板橋區****,02-2*****,,,,,,,2021/8/2 下午 03:45:51
136,徐弘庭,107年直轄市議員選舉,首次申報,1071122,個人捐贈收入,施純傑,N12*******,5000.00,0.00,匯款,1071128,,,金錢,臺北市大安區****,0933*****,,,,,,,2021/8/2 下午 03:45:51
137,徐弘庭,107年直轄市議員選舉,首次申報,1071123,個人捐贈收入,周美枝,A20*******,10000.00,0.00,現金,1071123,,,金錢,臺北市大安區****,0982*****,,,,,,,2021/8/2 下午 03:45:51
138,徐弘庭,107年直轄市議員選舉,首次申報,1071123,個人捐贈收入,楊曜熏,D12*******,10000.00,0.00,匯款,1071123,,,金錢,新北市淡水區****,0909*****,,,,,,,2021/8/2 下午 03:45:51
139,徐弘庭,107年直轄市議員選舉,首次申報,1071123,個人捐贈收入,楊曜熏,D12*******,5000.00,0.00,匯款,1071123,,,金錢,新北市淡水區****,0909*****,,,,,,,2021/8/2 下午 03:45:51
140,徐弘庭,107年直轄市議員選舉,首次申報,1071123,個人捐贈收入,黃艶秋,R22*******,50000.00,0.00,現金,1071203,,,金錢,臺北市文山區****,0938*****,,,,,,,2021/8/2 下午 03:45:51
141,徐弘庭,107年直轄市議員選舉,首次申報,1071221,其他收入,利息收入,,29.00,0.00,現金,1071221,,,金錢,,,,,,,,,2021/8/2 下午 03:45:51
