﻿序號,擬參選人／政黨,選舉名稱,申報序號／年度,交易日期,收支科目,捐贈者／支出對象,身分證／統一編號,收入金額,支出金額,捐贈方式,存入專戶日期,返還/繳庫,支出用途,金錢類,地址,聯絡電話,應揭露之支出對象,支出對象之內部人員姓名,支出對象之內部人員職稱,政黨之內部人員姓名,政黨之內部人員職稱,關係,更正註記,資料更正日期
1,潘玉淳,111年臺南市東區新東里里長選舉,首次申報,1110905,交通旅運支出,台灣中油股份有限公司油品行銷事業部台南營業處東門路加油站,68073514,0.00,94.00,,,,油資,金錢,臺南市東區東****,,否,,,,,,,
2,潘玉淳,111年臺南市東區新東里里長選舉,首次申報,1110906,雜支支出,弘鈺生活館有限公司,12803996,0.00,154.00,,,,膠帶*、清潔袋*,金錢,臺南市東區東****,,否,,,,,,,
3,潘玉淳,111年臺南市東區新東里里長選舉,首次申報,1110906,雜支支出,弘鈺生活館有限公司,12803996,0.00,290.00,,,,清潔袋*,金錢,臺南市東區東****,,否,,,,,,,
4,潘玉淳,111年臺南市東區新東里里長選舉,首次申報,1110906,宣傳支出,久大廣告社,81550975,0.00,3300.00,,,,製作競選物品或宣傳廣告費用（帆布看板）,金錢,臺南市東區大****,,否,,,,,,,
5,潘玉淳,111年臺南市東區新東里里長選舉,首次申報,1110907,雜支支出,統北生活館有限公司,28367767,0.00,320.00,,,,清潔袋*,金錢,臺南市東區崇****,,否,,,,,,,
6,潘玉淳,111年臺南市東區新東里里長選舉,首次申報,1110908,雜支支出,弘鈺生活館有限公司,12803996,0.00,308.00,,,,膠帶*、清潔袋*,金錢,臺南市東區東****,,否,,,,,,,
7,潘玉淳,111年臺南市東區新東里里長選舉,首次申報,1110911,雜支支出,弘鈺生活館有限公司,12803996,0.00,290.00,,,,清潔袋*,金錢,臺南市東區東****,,否,,,,,,,
8,潘玉淳,111年臺南市東區新東里里長選舉,首次申報,1110911,交通旅運支出,台灣中油股份有限公司油品行銷事業部台南營業處成功路加油站,68075442,0.00,100.00,,,,油資,金錢,臺南市北區公****,,否,,,,,,,
9,潘玉淳,111年臺南市東區新東里里長選舉,首次申報,1110915,交通旅運支出,台灣中油股份有限公司油品行銷事業部台南營業處東門路加油站,68073514,0.00,104.00,,,,油資,金錢,臺南市東區東****,,否,,,,,,,
10,潘玉淳,111年臺南市東區新東里里長選舉,首次申報,1110915,返還捐贈支出,楊山河,D10*******,0.00,20000.00,,,,返還,金錢,臺南市東區東****,,否,,,,,,,
11,潘玉淳,111年臺南市東區新東里里長選舉,首次申報,1110918,交通旅運支出,台灣中油股份有限公司油品行銷事業部台南營業處東門路加油站,68073514,0.00,100.00,,,,油資,金錢,臺南市東區東****,,否,,,,,,,
12,潘玉淳,111年臺南市東區新東里里長選舉,首次申報,1110929,交通旅運支出,台灣中油股份有限公司油品行銷事業部台南營業處東門路加油站,68073514,0.00,90.00,,,,油資,金錢,臺南市東區東****,,否,,,,,,,
13,潘玉淳,111年臺南市東區新東里里長選舉,首次申報,1111003,雜支支出,弘鈺生活館有限公司,12803996,0.00,145.00,,,,垃圾袋*,金錢,臺南市東區東****,,否,,,,,,,
14,潘玉淳,111年臺南市東區新東里里長選舉,首次申報,1111004,雜支支出,弘鈺生活館有限公司,12803996,0.00,290.00,,,,垃圾袋(小)件,金錢,臺南市東區東****,,否,,,,,,,
15,潘玉淳,111年臺南市東區新東里里長選舉,首次申報,1111009,交通旅運支出,台灣中油股份有限公司油品行銷事業部台南營業處東門路加油站,68073514,0.00,90.00,,,,油資,金錢,臺南市東區東****,,否,,,,,,,
16,潘玉淳,111年臺南市東區新東里里長選舉,首次申報,1111022,交通旅運支出,台灣中油股份有限公司油品行銷事業部台南營業處崇學路加油站,56955251,0.00,96.00,,,,油資,金錢,臺南市東區崇****,,否,,,,,,,
17,潘玉淳,111年臺南市東區新東里里長選舉,首次申報,1111027,交通旅運支出,台灣中油股份有限公司油品行銷事業部台南營業處東門路加油站,,0.00,115.00,,,,油資,金錢,臺南市東區東****,,否,,,,,,,
18,潘玉淳,111年臺南市東區新東里里長選舉,首次申報,1111027,宣傳支出,宇揚企業社,14393625,0.00,9479.00,,,,製作競選物品或宣傳廣告費用（宣傳旗）,金錢,臺南市中西區****,06-2*****,否,,,,,,,
19,潘玉淳,111年臺南市東區新東里里長選舉,首次申報,1111031,宣傳支出,愛地球生物科技有限公司,54236876,0.00,4750.00,,,,製作競選物品或宣傳廣告費用（口罩、貼紙）,金錢,臺南市永康區****,,否,,,,,,,
