﻿序號,擬參選人／政黨,選舉名稱,申報序號／年度,交易日期,收支科目,捐贈者／支出對象,身分證／統一編號,收入金額,支出金額,捐贈方式,存入專戶日期,返還/繳庫,支出用途,金錢類,地址,聯絡電話,應揭露之支出對象,支出對象之內部人員姓名,支出對象之內部人員職稱,政黨之內部人員姓名,政黨之內部人員職稱,關係,更正註記,資料更正日期
1,胡娘妹,111年苗栗縣議員選舉,首次申報,1110823,雜支支出,伯國服裝有限公司,16919998,0.00,20000.00,,,,雜項購置或修繕費用,金錢,臺中市沙鹿區****,0426*****,否,,,,,,,
2,胡娘妹,111年苗栗縣議員選舉,首次申報,1110825,宣傳支出,超群廣告社,21477389,0.00,66000.00,,,,租用廣告看板或車體廣告費用,金錢,苗栗縣苗栗市****,0373*****,否,,,,,,,
3,胡娘妹,111年苗栗縣議員選舉,首次申報,1110830,雜支支出,伯國服裝有限公司,16919998,0.00,40560.00,,,,雜項購置或修繕費用,金錢,臺中市沙鹿區****,0426*****,否,,,,,,,
4,胡娘妹,111年苗栗縣議員選舉,首次申報,1110905,雜支支出,金慶商號,06994997,0.00,9000.00,,,,雜項購置或修繕費用-礦泉水,金錢,高雄市鼓山區****,07-5*****,否,,,,,,,
5,胡娘妹,111年苗栗縣議員選舉,首次申報,1110905,雜支支出,興隆商店,49448908,0.00,750.00,,,,雜項購置或修繕費用,金錢,苗栗縣大湖鄉****,9910*****,否,,,,,,,
6,胡娘妹,111年苗栗縣議員選舉,首次申報,1110906,宣傳支出,崑成企業股份有限公司,22813874,0.00,29000.00,,,,製作競選物品或宣傳廣告費用（物品名稱-茄芷袋）,金錢,臺南市後壁區****,06-6*****,否,,,,,,,
7,胡娘妹,111年苗栗縣議員選舉,首次申報,1110912,雜支支出,新高大賣場,92847449,0.00,11200.00,,,,雜項購置或修繕費用,金錢,苗栗縣苗栗市****,3355*****,否,,,,,,,
8,胡娘妹,111年苗栗縣議員選舉,首次申報,1110913,集會支出,大湖釣蝦場,45700345,0.00,6500.00,,,,租用設備費用-棚架,金錢,苗栗縣大湖鄉****,0379*****,否,,,,,,,
9,胡娘妹,111年苗栗縣議員選舉,首次申報,1110915,宣傳支出,超群廣告社,21477389,0.00,63200.00,,,,其他與選舉宣傳有關之費用,金錢,苗栗縣苗栗市****,037-*****,否,,,,,,,
10,胡娘妹,111年苗栗縣議員選舉,首次申報,1110922,雜支支出,興隆商店,49448908,0.00,260.00,,,,雜項購置或修繕費用,金錢,苗栗縣大湖鄉****,9910*****,否,,,,,,,
11,胡娘妹,111年苗栗縣議員選舉,首次申報,1110928,人事費用支出,古永園,K12*******,0.00,9500.00,,,,工資或薪津,金錢,苗栗縣大湖鄉****,0988*****,否,,,,,,,
12,胡娘妹,111年苗栗縣議員選舉,首次申報,1110930,人事費用支出,傅惠蓮,K22*******,0.00,35000.00,,,,工資或薪津,金錢,苗栗縣大湖鄉****,0982*****,否,,,,,,,
13,胡娘妹,111年苗栗縣議員選舉,首次申報,1111001,宣傳支出,鴻慶旗幟有限公司,89361287,0.00,34650.00,,,,其他與選舉宣傳有關之費用,金錢,臺中市潭子區****,04-2*****,否,,,,,,,
14,胡娘妹,111年苗栗縣議員選舉,首次申報,1111003,雜支支出,金慶商號,06994997,0.00,9000.00,,,,雜項購置或修繕費用,金錢,高雄市鼓山區****,07-5*****,否,,,,,,,
15,胡娘妹,111年苗栗縣議員選舉,首次申報,1111005,宣傳支出,超群廣告社,21477389,0.00,24700.00,,,,租用廣告看板或車體廣告費用,金錢,苗栗縣苗栗市****,0373*****,否,,,,,,,
16,胡娘妹,111年苗栗縣議員選舉,首次申報,1111018,宣傳支出,崑成企業股份有限公司,22813874,0.00,43500.00,,,,製作競選物品或宣傳廣告費用（物品名稱-請填寫）,金錢,臺南市後壁區****,06-6*****,否,,,,,,,
17,胡娘妹,111年苗栗縣議員選舉,首次申報,1111022,租用宣傳車輛支出,祥駿企業社,19869769,0.00,8050.00,,,,維修宣傳車輛費用,金錢,苗栗縣大湖鄉****,0379*****,否,,,,,,,
18,胡娘妹,111年苗栗縣議員選舉,首次申報,1111023,雜支支出,榮盛五金行,49405801,0.00,425.00,,,,雜項購置或修繕費用,金錢,苗栗縣大湖鄉****,9915*****,否,,,,,,,
19,胡娘妹,111年苗栗縣議員選舉,首次申報,1111026,人事費用支出,吳澤欣,A22*******,0.00,32000.00,,,,工資或薪津,金錢,苗栗縣大湖鄉****,0905*****,否,,,,,,,
20,胡娘妹,111年苗栗縣議員選舉,首次申報,1111029,雜支支出,榮盛五金行,49405801,0.00,640.00,,,,雜項購置或修繕費用,金錢,苗栗縣大湖鄉****,9915*****,否,,,,,,,
21,胡娘妹,111年苗栗縣議員選舉,首次申報,1111030,雜支支出,我家自助餐,26900879,0.00,2720.00,,,,餐飲費用,金錢,苗栗縣大湖鄉****,037-*****,否,,,,,,,
22,胡娘妹,111年苗栗縣議員選舉,首次申報,1111031,人事費用支出,鄧美蘭,K22*******,0.00,20100.00,,,,工資或薪津,金錢,苗栗縣大湖鄉****,0952*****,否,,,,,,,
23,胡娘妹,111年苗栗縣議員選舉,首次申報,1111031,人事費用支出,傅惠蓮,K22*******,0.00,35000.00,,,,工資或薪津,金錢,苗栗縣大湖鄉****,0982*****,否,,,,,,,
24,胡娘妹,111年苗栗縣議員選舉,首次申報,1111101,雜支支出,金慶商號,06994997,0.00,9000.00,,,,雜項購置或修繕費用,金錢,高雄市鼓山區****,07-5*****,否,,,,,,,
25,胡娘妹,111年苗栗縣議員選舉,首次申報,1111101,宣傳支出,財團法人苗栗客家文化電台廣播電台,17705306,0.00,2100.00,,,,播放、傳送或刊登宣傳廣告費用,金錢,苗栗縣苗栗市****,0373*****,否,,,,,,,
26,胡娘妹,111年苗栗縣議員選舉,首次申報,1111101,集會支出,南北通創意小館,88488272,0.00,20000.00,,,,餐飲費用,金錢,苗栗縣大湖鄉****,0379*****,否,,,,,,,
27,胡娘妹,111年苗栗縣議員選舉,首次申報,1111101,集會支出,南北通創意小館,88488272,0.00,5000.00,,,,租用場地費用,金錢,苗栗縣大湖鄉****,0379*****,否,,,,,,,
28,胡娘妹,111年苗栗縣議員選舉,首次申報,1111103,集會支出,喜臨門電腦多媒體影音,21459208,0.00,25000.00,,,,租用設備費用,金錢,苗栗縣大湖鄉****,0379*****,否,,,,,,,
29,胡娘妹,111年苗栗縣議員選舉,首次申報,1111103,集會支出,振豐外燴行,39871665,0.00,40000.00,,,,餐飲費用,金錢,苗栗縣大湖鄉****,0379*****,否,,,,,,,
30,胡娘妹,111年苗栗縣議員選舉,首次申報,1111103,集會支出,玉記商店,92843859,0.00,30600.00,,,,其他與集會有關之費用,金錢,苗栗縣大湖鄉****,0379*****,否,,,,,,,
31,胡娘妹,111年苗栗縣議員選舉,首次申報,1111107,集會支出,大湖釣蝦場,45700345,0.00,32400.00,,,,租用設備費用-棚架,金錢,苗栗縣大湖鄉****,0379*****,否,,,,,,,
32,胡娘妹,111年苗栗縣議員選舉,首次申報,1111109,人事費用支出,鄭美玉,K22*******,0.00,14100.00,,,,工資或薪津,金錢,苗栗縣大湖鄉****,0963*****,否,,,,,,,
33,胡娘妹,111年苗栗縣議員選舉,首次申報,1111110,雜支支出,好彩頭自助餐,66833911,0.00,2640.00,,,,餐飲費用,金錢,苗栗縣大湖鄉****,2640*****,否,,,,,,,
34,胡娘妹,111年苗栗縣議員選舉,首次申報,1111111,租用宣傳車輛支出,台灣中油,49025513,0.00,850.00,,,,宣傳車輛燃料費用,金錢,苗栗縣大湖鄉****,0379*****,否,,,,,,,
35,胡娘妹,111年苗栗縣議員選舉,首次申報,1111114,雜支支出,伯國服裝有限公司,16919998,0.00,79200.00,,,,雜項購置或修繕費用,金錢,臺中市沙鹿區****,0426*****,否,,,,,,,
36,胡娘妹,111年苗栗縣議員選舉,首次申報,1111116,宣傳支出,永鑫快速影印便利店,14212624,0.00,37000.00,,,,製作競選物品或宣傳廣告費用（物品名稱-紅布條）,金錢,苗栗縣竹南鎮****,0374*****,否,,,,,,,
37,胡娘妹,111年苗栗縣議員選舉,首次申報,1111117,宣傳支出,順益企業社,49727471,0.00,7600.00,,,,其他與選舉宣傳有關之費用-DM,金錢,苗栗縣後龍鎮****,0377*****,否,,,,,,,
38,胡娘妹,111年苗栗縣議員選舉,首次申報,1111123,宣傳支出,宏昇廣告出版社,08777601,0.00,91300.00,,,,其他與選舉宣傳有關之費用,金錢,苗栗縣大湖鄉****,0379*****,否,,,,,,,
39,胡娘妹,111年苗栗縣議員選舉,首次申報,1111123,宣傳支出,永鑫快速影印便利店,14212624,0.00,22000.00,,,,製作競選物品或宣傳廣告費用（物品名稱-紅布條）,金錢,苗栗縣竹南鎮****,0374*****,否,,,,,,,
40,胡娘妹,111年苗栗縣議員選舉,首次申報,1111123,宣傳支出,桓仁商行,38981215,0.00,59170.00,,,,製作競選物品或宣傳廣告費用（物品名稱-菜瓜布）,金錢,苗栗縣大湖鄉****,0379*****,否,,,,,,,
41,胡娘妹,111年苗栗縣議員選舉,首次申報,1111123,宣傳支出,桓仁商行,38981215,0.00,28250.00,,,,製作競選物品或宣傳廣告費用（物品名稱-口罩）,金錢,苗栗縣大湖鄉****,0379*****,否,,,,,,,
42,胡娘妹,111年苗栗縣議員選舉,首次申報,1111123,集會支出,玉記商店,92843859,0.00,25100.00,,,,其他與集會有關之費用,金錢,苗栗縣大湖鄉****,0379*****,否,,,,,,,
43,胡娘妹,111年苗栗縣議員選舉,首次申報,1111125,雜支支出,吉品自助餐,87218595,0.00,2880.00,,,,餐飲費用,金錢,苗栗縣大湖鄉****,037-*****,否,,,,,,,
44,胡娘妹,111年苗栗縣議員選舉,首次申報,1111126,租用宣傳車輛支出,邱乾昌,K10*******,0.00,50000.00,,,,雇用宣傳車輛駕駛費用,金錢,苗栗縣大湖鄉****,0911*****,否,,,,,,,
45,胡娘妹,111年苗栗縣議員選舉,首次申報,1111126,人事費用支出,傅惠蓮,K22*******,0.00,35000.00,,,,工資或薪津,金錢,苗栗縣大湖鄉****,0982*****,否,,,,,,,
46,胡娘妹,111年苗栗縣議員選舉,首次申報,1111126,人事費用支出,鄧美蘭,K22*******,0.00,23700.00,,,,工資或薪津,金錢,苗栗縣大湖鄉****,0952*****,否,,,,,,,
47,胡娘妹,111年苗栗縣議員選舉,首次申報,1111128,人事費用支出,吳澤欣,A22*******,0.00,32000.00,,,,工資或薪津,金錢,苗栗縣大湖鄉****,0905*****,否,,,,,,,
48,胡娘妹,111年苗栗縣議員選舉,首次申報,1111128,租用宣傳車輛支出,賴志芳,K12*******,0.00,77000.00,,,,雇用宣傳車輛駕駛費用-含油,金錢,苗栗縣大湖鄉****,0921*****,否,,,,,,,
49,胡娘妹,111年苗栗縣議員選舉,首次申報,1111128,人事費用支出,鄭美玉,K22*******,0.00,34100.00,,,,工資或薪津,金錢,苗栗縣大湖鄉****,0963*****,否,,,,,,,
