﻿序號,擬參選人／政黨,選舉名稱,申報序號／年度,交易日期,收支科目,捐贈者／支出對象,身分證／統一編號,收入金額,支出金額,支出用途,金錢類,地址,聯絡電話,資料更正日期
1,林亭君,107年直轄市議員選舉,首次申報,1070827,宣傳支出,強葳國際有限公司,27954964,0.00,17600.00,製作競選物品支出（物品名稱-全採海報試面紙）,金錢,臺北市中山區****,2752*****,
2,林亭君,107年直轄市議員選舉,首次申報,1070831,雜支支出,中華電信(股)公司,96979933,0.00,5500.00,支室內電話申裝費,金錢,臺北市中山區****,,
3,林亭君,107年直轄市議員選舉,首次申報,1070904,宣傳支出,全明廣告股份有限公司,23610362,0.00,16640.00,租用廣告看板或車體廣告支出,金錢,臺北市信義區****,2762*****,
4,林亭君,107年直轄市議員選舉,首次申報,1070905,雜支支出,峯廷水電行,05422937,0.00,14500.00,電燈安裝費用,金錢,臺北市內湖區****,,
5,林亭君,107年直轄市議員選舉,首次申報,1070905,雜支支出,捷文國際興業有限公司,53532765,0.00,10000.00,影印機費用,金錢,臺北市中山區****,,
6,林亭君,107年直轄市議員選舉,首次申報,1070905,人事費用支出,林健雄,A12*******,0.00,5000.00,月加班費,金錢,臺北市大安區****,,
7,林亭君,107年直轄市議員選舉,首次申報,1070905,人事費用支出,李丞哲,A12*******,0.00,5000.00,月加班費,金錢,臺北市中山區****,,
8,林亭君,107年直轄市議員選舉,首次申報,1070905,人事費用支出,陳美蓁,A22*******,0.00,5000.00,月加班費,金錢,臺北市大同區****,,
9,林亭君,107年直轄市議員選舉,首次申報,1070905,人事費用支出,徐文榮,H10*******,0.00,50000.00,月份薪資,金錢,臺北市北投區****,,
10,林亭君,107年直轄市議員選舉,首次申報,1070906,宣傳支出,強葳國際有限公司,27954964,0.00,8800.00,製作競選物品支出（物品名稱-全採海報試面紙）,金錢,臺北市中山區****,,
11,林亭君,107年直轄市議員選舉,首次申報,1070912,租用競選辦事處支出,伊利企業有限公司,03166601,0.00,360000.00,租用競選辦事處費用,金錢,臺北市中山區****,,
12,林亭君,107年直轄市議員選舉,首次申報,1070912,雜支支出,東霖通信工業有限公司,12694786,0.00,75338.00,監視攝影器材和安裝租用電話及線路配置,金錢,臺北市信義區****,,
13,林亭君,107年直轄市議員選舉,首次申報,1070912,宣傳支出,品晟股份有限公司,80274678,0.00,44359.00,製作競選物品支出（物品名稱-POLO杉&帆布）,金錢,臺北市信義區****,,
14,林亭君,107年直轄市議員選舉,首次申報,1070912,宣傳支出,陳淵源,A12*******,0.00,74000.00,租用廣告看板或車體廣告支出,金錢,臺北市大同區****,,
15,林亭君,107年直轄市議員選舉,首次申報,1070913,宣傳支出,邱泰元,,0.00,12000.00,製作宣傳廣告支出,金錢,,0985*****,
16,林亭君,107年直轄市議員選舉,首次申報,1070913,宣傳支出,山暉廣告有限公司,04676574,0.00,180597.00,租用廣告看板或車體廣告支出,金錢,臺北市萬華區****,,
17,林亭君,107年直轄市議員選舉,首次申報,1070913,宣傳支出,強葳國際有限公司,27954964,0.00,76000.00,製作競選物品支出（物品名稱-全彩海報試菜瓜布）,金錢,臺北市中山區****,,
18,林亭君,107年直轄市議員選舉,首次申報,1070914,宣傳支出,吳景騰,,0.00,3000.00,播送、傳送或刊登宣傳廣告支出,金錢,,0932*****,
19,林亭君,107年直轄市議員選舉,首次申報,1070917,宣傳支出,中華郵政(股)公司,03741302,0.00,38548.00,郵寄競選物品或宣傳廣告支出,金錢,臺北市中山區****,,
20,林亭君,107年直轄市議員選舉,首次申報,1070917,宣傳支出,強葳國際有限公司,27954964,0.00,8800.00,製作競選物品支出（物品名稱-全彩海報試面紙）,金錢,臺北市中山區****,,
21,林亭君,107年直轄市議員選舉,首次申報,1070917,返還支出,東南汽車客運股份有限公司,80336169,0.00,100000.00,返還,金錢,臺北市內湖區****,8791*****,
22,林亭君,107年直轄市議員選舉,首次申報,1070918,返還支出,福昇儀器有限公司,04441970,0.00,10000.00,返還,金錢,臺北市中山區****,2558*****,
23,林亭君,107年直轄市議員選舉,首次申報,1070918,宣傳支出,迦勒廣告事業有限公司,42859882,0.00,25000.00,租用廣告看板或車體廣告支出,金錢,臺北市信義區****,,
24,林亭君,107年直轄市議員選舉,首次申報,1070920,宣傳支出,駿成文具印刷品行,01330633,0.00,121495.00,製作宣傳廣告支出,金錢,臺北市中山區****,,
25,林亭君,107年直轄市議員選舉,首次申報,1070920,宣傳支出,周振民,A12*******,0.00,15000.00,租用廣告看板或車體廣告支出,金錢,臺北市中山區****,,
26,林亭君,107年直轄市議員選舉,首次申報,1070927,宣傳支出,迦勒廣告事業有限公司,42859882,0.00,32000.00,租用廣告看板或車體廣告支出,金錢,臺北市信義區****,,
27,林亭君,107年直轄市議員選舉,首次申報,1070927,宣傳支出,台灣順安生物科技製藥有限公司,85832075,0.00,90000.00,製作競選物品支出（物品名稱-精油貼布）,金錢,高雄市大寮區****,,
28,林亭君,107年直轄市議員選舉,首次申報,1070928,宣傳支出,松鶴印刷有限公司,23783693,0.00,90000.00,製作宣傳廣告支出,金錢,新北市中和區****,,
29,林亭君,107年直轄市議員選舉,首次申報,1071001,宣傳支出,天王節目製作工作室,18073222,0.00,116655.00,播送、傳送或刊登宣傳廣告支出,金錢,新北市三重區****,,
30,林亭君,107年直轄市議員選舉,首次申報,1071001,人事費用支出,林健雄,A12*******,0.00,10000.00,月加班費,金錢,臺北市大安區****,,
31,林亭君,107年直轄市議員選舉,首次申報,1071001,人事費用支出,陳美蓁,A22*******,0.00,10000.00,月加班費,金錢,臺北市大同區****,,
32,林亭君,107年直轄市議員選舉,首次申報,1071001,人事費用支出,林芯儀,F22*******,0.00,35000.00,月薪資,金錢,臺北市大同區****,,
33,林亭君,107年直轄市議員選舉,首次申報,1071005,宣傳支出,強葳國際有限公司,27954964,0.00,8800.00,製作競選物品支出（物品名稱-全彩海報式面紙）,金錢,臺北市中山區****,,
34,林亭君,107年直轄市議員選舉,首次申報,1071005,人事費用支出,徐文榮,H10*******,0.00,50000.00,月薪資,金錢,臺北市北投區****,,
35,林亭君,107年直轄市議員選舉,首次申報,1071009,宣傳支出,潮網科技股份有限公司,25128095,0.00,200000.00,播送、傳送或刊登宣傳廣告支出,金錢,臺北市內湖區****,,
36,林亭君,107年直轄市議員選舉,首次申報,1071009,宣傳支出,飛碟廣播股份有限公司,96954150,0.00,190000.00,播送、傳送或刊登宣傳廣告支出,金錢,臺北市中正區****,,
37,林亭君,107年直轄市議員選舉,首次申報,1071012,宣傳支出,強葳國際有限公司,27954964,0.00,46800.00,製作競選物品支出（物品名稱-全彩海報式面紙和菜瓜布）,金錢,臺北市中山區****,,
38,林亭君,107年直轄市議員選舉,首次申報,1071012,返還支出,泛亞傳播事業有限公司,84790491,0.00,5000.00,返還,金錢,臺北市中山區****,,
39,林亭君,107年直轄市議員選舉,首次申報,1071015,返還支出,昇亞股份有限公司,04662255,0.00,20000.00,返還,金錢,臺北市信義區****,0932*****,
40,林亭君,107年直轄市議員選舉,首次申報,1071016,宣傳支出,全明廣告股份有限公司,23610362,0.00,26376.00,租用廣告看板或車體廣告支出,金錢,臺北市信義區****,,
41,林亭君,107年直轄市議員選舉,首次申報,1071017,宣傳支出,太安廣告行,01272697,0.00,118650.00,製作宣傳廣告支出,金錢,臺北市大同區****,,
42,林亭君,107年直轄市議員選舉,首次申報,1071018,宣傳支出,台灣順安生物科技製藥有限公司,85832075,0.00,177975.00,製作競選物品支出（精油貼布）,金錢,高雄市大寮區****,,
43,林亭君,107年直轄市議員選舉,首次申報,1071022,宣傳支出,品晟股份有限公司,80274678,0.00,9050.00,製作競選物品支出（物品名稱-帆布.號次貼）,金錢,臺北市信義區****,,
44,林亭君,107年直轄市議員選舉,首次申報,1071023,人事費用支出,葉鍊發,A11*******,0.00,35000.00,工資或薪津,金錢,臺北市大同區****,,
45,林亭君,107年直轄市議員選舉,首次申報,1071023,人事費用支出,許慧玲,A22*******,0.00,35000.00,工資或薪津,金錢,新北市三重區****,,
46,林亭君,107年直轄市議員選舉,首次申報,1071023,人事費用支出,林淑貞,A22*******,0.00,31500.00,工資或薪津,金錢,新北市板橋區****,,
47,林亭君,107年直轄市議員選舉,首次申報,1071026,宣傳支出,嘜德有限公司,30973445,0.00,36200.00,製作競選物品支出（背心.關東旗）,金錢,臺北市信義區****,,
48,林亭君,107年直轄市議員選舉,首次申報,1071026,人事費用支出,吳承翰,A12*******,0.00,41373.00,工資或薪津,金錢,臺北市中山區****,,
49,林亭君,107年直轄市議員選舉,首次申報,1071030,宣傳支出,良羑有限公司,,0.00,27000.00,製作競選物品支出（物品名稱-胖燈筆）,金錢,新北市深坑區****,,
50,林亭君,107年直轄市議員選舉,首次申報,1071030,宣傳支出,六金廣告有限公司,54319101,0.00,133862.00,製作宣傳廣告支出,金錢,新北市土城區****,,
51,林亭君,107年直轄市議員選舉,首次申報,1071030,人事費用支出,葉鍊發,A11*******,0.00,35000.00,工資或薪津,金錢,臺北市大同區****,,
52,林亭君,107年直轄市議員選舉,首次申報,1071030,人事費用支出,林淑貞,A22*******,0.00,35000.00,工資或薪津,金錢,新北市板橋區****,,
53,林亭君,107年直轄市議員選舉,首次申報,1071031,宣傳支出,強葳國際有限公司,27954964,0.00,66000.00,製作競選物品支出（全彩海報式口罩）,金錢,臺北市中山區****,,
54,林亭君,107年直轄市議員選舉,首次申報,1071031,人事費用支出,李俊德,A12*******,0.00,38000.00,工資或薪津,金錢,臺北市中山區****,,
55,林亭君,107年直轄市議員選舉,首次申報,1071031,人事費用支出,許慧玲,A22*******,0.00,35000.00,工資或薪津,金錢,臺北市大同區****,,
56,林亭君,107年直轄市議員選舉,首次申報,1071031,人事費用支出,林芯儀,F22*******,0.00,40000.00,工資或薪津,金錢,臺北市大同區****,,
57,林亭君,107年直轄市議員選舉,首次申報,1071106,宣傳支出,種瓜得瓜工作室,10329622,0.00,80000.00,演講或表演支出,金錢,臺北市中山區****,,
58,林亭君,107年直轄市議員選舉,首次申報,1071107,宣傳支出,天王節目製作工作室,18073222,0.00,60165.00,播送、傳送或刊登宣傳廣告支出,金錢,新北市三重區****,,
59,林亭君,107年直轄市議員選舉,首次申報,1071108,宣傳支出,台灣摩菲爾國際股份有限公司,24312453,0.00,170000.00,製作宣傳廣告支出,金錢,臺北市中正區****,,
60,林亭君,107年直轄市議員選舉,首次申報,1071108,返還支出,中星建設股份有限公司,86513319,0.00,100000.00,返還,金錢,臺北市信義區****,2726*****,
61,林亭君,107年直轄市議員選舉,首次申報,1071113,宣傳支出,松鶴印刷有限公司,23783693,0.00,139600.00,製作競選物品支出（兒童手繪本&DM）,金錢,新北市中和區****,,
62,林亭君,107年直轄市議員選舉,首次申報,1071114,宣傳支出,太安廣告行,01272697,0.00,41265.00,製作宣傳廣告支出,金錢,臺北市大同區****,,
63,林亭君,107年直轄市議員選舉,首次申報,1071114,宣傳支出,立幃廣告事業有限公司,28301858,0.00,290000.00,租用廣告看板或車體廣告支出,金錢,臺北市大安區****,,
64,林亭君,107年直轄市議員選舉,首次申報,1071115,宣傳支出,三竹資訊股份有限公司,,0.00,18635.00,發送電信簡訊支出,金錢,,,
65,林亭君,107年直轄市議員選舉,首次申報,1071115,宣傳支出,三竹資訊股份有限公司,10397058,0.00,32000.00,製作競選物品支出（布條）,金錢,臺北市萬華區****,,
66,林亭君,107年直轄市議員選舉,首次申報,1071116,宣傳支出,駿成文具印刷品行,01330633,0.00,26460.00,製作宣傳廣告支出,金錢,臺北市中山區****,,
67,林亭君,107年直轄市議員選舉,首次申報,1071116,宣傳支出,天王節目製作工作室,18073222,0.00,140700.00,演講或表演支出,金錢,新北市三重區****,,
68,林亭君,107年直轄市議員選舉,首次申報,1071116,宣傳支出,潤嘉實業有限公司,27807773,0.00,126500.00,製作競選物品支出（瓶裝水）,金錢,新北市中和區****,,
69,林亭君,107年直轄市議員選舉,首次申報,1071120,宣傳支出,強葳國際有限公司,27954964,0.00,110000.00,製作競選物品支出（全彩海報機械式口罩）,金錢,臺北市中山區****,,
70,林亭君,107年直轄市議員選舉,首次申報,1071121,宣傳支出,駿成文具印刷品行,01330633,0.00,16698.00,製作宣傳廣告支出,金錢,臺北市中山區****,,
71,林亭君,107年直轄市議員選舉,首次申報,1071121,宣傳支出,山暉廣告有限公司,04676574,0.00,332957.00,製作宣傳廣告支出,金錢,臺北市萬華區****,,
72,林亭君,107年直轄市議員選舉,首次申報,1071121,租用競選辦事處支出,競選總部,A22*******,0.00,9600.00,租用競選辦事處費用,非金錢,臺北市中山區****,,
73,林亭君,107年直轄市議員選舉,首次申報,1071121,宣傳支出,許瑋倫,A22*******,0.00,25000.00,製作宣傳廣告支出,金錢,臺北市中山區****,,
74,林亭君,107年直轄市議員選舉,首次申報,1071121,宣傳支出,黃葳樺,F22*******,0.00,25000.00,製作宣傳廣告支出,金錢,新北市汐止區****,,
75,林亭君,107年直轄市議員選舉,首次申報,1071123,宣傳支出,松鶴印刷有限公司,23783693,0.00,104800.00,製作競選物品支出（彩色DM.搶救信函）,金錢,新北市中和區****,,
76,林亭君,107年直轄市議員選舉,首次申報,1071123,宣傳支出,潤嘉實業有限公司,27807773,0.00,57645.00,製作競選物品支出（瓶裝水）,金錢,新北市中和區****,,
