﻿序號,擬參選人／政黨,選舉名稱,申報序號／年度,交易日期,收支科目,捐贈者／支出對象,身分證／統一編號,收入金額,支出金額,捐贈方式,存入專戶日期,返還/繳庫,支出用途,金錢類,地址,聯絡電話,應揭露之支出對象,支出對象之內部人員姓名,支出對象之內部人員職稱,政黨之內部人員姓名,政黨之內部人員職稱,關係,更正註記,資料更正日期
1,吳秀華,111年臺東縣議員選舉,首次申報,1110913,營利事業捐贈收入,日暉池上股份有限公司,04204049,200000.00,0.00,匯款,1110913,已繳庫,,金錢,臺北市中正區****,,,,,,,,,
2,吳秀華,111年臺東縣議員選舉,首次申報,1110915,個人捐贈收入,吳進興,S10*******,32000.00,0.00,現金,1110915,,,金錢,臺東縣臺東市****,,,,,,,,,
3,吳秀華,111年臺東縣議員選舉,首次申報,1110916,個人捐贈收入,蕭勝彥,B10*******,50000.00,0.00,匯款,1110916,,,金錢,臺北市松山區****,,,,,,,,,
4,吳秀華,111年臺東縣議員選舉,首次申報,1111005,個人捐贈收入,黃士原,E12*******,25000.00,0.00,匯款,1111005,,,金錢,高雄市楠梓區****,,,,,,,,,
5,吳秀華,111年臺東縣議員選舉,首次申報,1111007,個人捐贈收入,曾月娟,D22*******,60000.00,0.00,匯款,1111007,,,金錢,花蓮縣吉安鄉****,,,,,,,,,
6,吳秀華,111年臺東縣議員選舉,首次申報,1111018,個人捐贈收入,張朝珍,S10*******,100000.00,0.00,匯款,1111018,,,金錢,臺東縣臺東市****,,,,,,,,,
7,吳秀華,111年臺東縣議員選舉,首次申報,1111018,個人捐贈收入,唐學山,V12*******,10000.00,0.00,現金,1111018,,,金錢,臺東縣太麻里****,,,,,,,,,
8,吳秀華,111年臺東縣議員選舉,首次申報,1111018,個人捐贈收入,許鳳女,V22*******,10000.00,0.00,現金,1111018,,,金錢,臺東縣太麻里****,,,,,,,,,
9,吳秀華,111年臺東縣議員選舉,首次申報,1111108,個人捐贈收入,許鈴英,N22*******,10000.00,0.00,匯款,1111108,,,金錢,臺東縣臺東市****,,,,,,,,,
10,吳秀華,111年臺東縣議員選舉,首次申報,1111111,匿名捐贈,匿名,,6600.00,0.00,匯款,1111111,,,金錢,,,,,,,,,,
11,吳秀華,111年臺東縣議員選舉,首次申報,1111111,營利事業捐贈收入,星展科技實業有限公司,53893107,100000.00,0.00,票據,1111111,已返還,,金錢,臺東縣臺東市****,,,,,,,,,
12,吳秀華,111年臺東縣議員選舉,首次申報,1111111,個人捐贈收入,陳麗雪,V22*******,50000.00,0.00,匯款,1111111,,,金錢,臺東縣臺東市****,,,,,,,,,
13,吳秀華,111年臺東縣議員選舉,首次申報,1111114,個人捐贈收入,吳怡萱,A22*******,100000.00,0.00,現金,1111114,,,金錢,臺北市士林區****,,,,,,,,,
14,吳秀華,111年臺東縣議員選舉,首次申報,1111114,個人捐贈收入,張銘期,B12*******,100000.00,0.00,現金,1111114,,,金錢,臺北市松山區****,,,,,,,,,
15,吳秀華,111年臺東縣議員選舉,首次申報,1111116,營利事業捐贈收入,新東錦營造有限公司,93711379,100000.00,0.00,現金,1111116,已返還,,金錢,臺東縣臺東市****,,,,,,,,,
16,吳秀華,111年臺東縣議員選舉,首次申報,1111117,人民團體捐贈收入,臺東縣中藥商業同業公會,,10000.00,0.00,現金,1111118,,,金錢,臺東縣臺東市****,,,,,,,,,
17,吳秀華,111年臺東縣議員選舉,首次申報,1111119,個人捐贈收入,林繼光,V12*******,100000.00,0.00,現金,1111121,,,金錢,臺東縣臺東市****,,,,,,,,,
18,吳秀華,111年臺東縣議員選舉,首次申報,1111221,其他收入,利息收入,,318.00,0.00,匯款,1111221,,,金錢,,,,,,,,,,
