﻿序號,擬參選人／政黨,選舉名稱,申報序號／年度,交易日期,收支科目,捐贈者／支出對象,身分證／統一編號,收入金額,支出金額,捐贈方式,存入專戶日期,返還/繳庫,支出用途,金錢類,地址,聯絡電話,應揭露之支出對象,支出對象之內部人員姓名,支出對象之內部人員職稱,政黨之內部人員姓名,政黨之內部人員職稱,關係,更正註記,資料更正日期
1,社會民主黨,,112,1120621,其他收入,利息收入,,126.00,0.00,現金,1120621,,,金錢,,,,,,,,,,
2,社會民主黨,,112,1120707,個人捐贈收入,陳胤羲,A22*******,100000.00,0.00,匯款,1120707,,,金錢,臺北市大安區****,0227*****,,,,,,,,
3,社會民主黨,,112,1121006,營利事業捐贈收入,群策投資股份有限公司,97179229,1000000.00,0.00,匯款,1121006,,,金錢,臺北市內湖區****,0976*****,,,,,,,,
4,社會民主黨,,112,1121221,其他收入,利息收入,,1305.00,0.00,現金,1121221,,,金錢,,,,,,,,,,
