﻿序號,擬參選人／政黨,選舉名稱,申報序號／年度,交易日期,收支科目,捐贈者／支出對象,身分證／統一編號,收入金額,支出金額,捐贈方式,存入專戶日期,返還/繳庫,支出用途,金錢類,地址,聯絡電話,應揭露之支出對象,支出對象之內部人員姓名,支出對象之內部人員職稱,政黨之內部人員姓名,政黨之內部人員職稱,關係,更正註記,資料更正日期
1,游淑慧,113年立法委員選舉,第1次賸餘,1130829,支付當選後與其公務有關之費用,明美廣告有限公司,70399208,0.00,900.00,,,,當選後與其公務有關之費用支出,金錢,臺北市內湖區****,,否,,,,,,,
2,游淑慧,113年立法委員選舉,第1次賸餘,1130830,支付當選後與其公務有關之費用,嘉穗創意食品股份有限公司-內湖分公司,55345909,0.00,520.00,,,,餐飲費用,金錢,臺北市內湖區****,,否,,,,,,,
3,游淑慧,113年立法委員選舉,第1次賸餘,1130923,支付當選後與其公務有關之費用,計程車-TDH6167,,0.00,140.00,,,,搭乘交通工具費用,金錢,臺北市中山區****,TDH6*****,否,,,,,,,
4,游淑慧,113年立法委員選舉,第1次賸餘,1130925,支付當選後與其公務有關之費用,計程車-TDE3897,,0.00,270.00,,,,搭乘交通工具費用,金錢,臺北市中山區****,TDE3*****,否,,,,,,,
5,游淑慧,113年立法委員選舉,第1次賸餘,1130927,支付當選後與其公務有關之費用,台北市停車管理工程處,,0.00,50.00,,,,停車費,金錢,臺北市信義區****,,否,,,,,,,
6,游淑慧,113年立法委員選舉,第1次賸餘,1130927,支付當選後與其公務有關之費用,台灣中油股份有限公司油品行銷事業部台北營業處忠孝東路加油站,01113283,0.00,893.00,,,,油資,金錢,臺北市信義區****,,否,,,,,,,
7,游淑慧,113年立法委員選舉,第1次賸餘,1130927,支付當選後與其公務有關之費用,台灣中油股份有限公司油品行銷事業部台北營業處內湖加油站,08590459,0.00,1000.00,,,,油資,金錢,臺北市內湖區****,,否,,,,,,,
8,游淑慧,113年立法委員選舉,第1次賸餘,1130928,支付當選後與其公務有關之費用,計程車-TDS8079,,0.00,265.00,,,,搭乘交通工具費用,金錢,臺北市中山區****,TDS8*****,否,,,,,,,
9,游淑慧,113年立法委員選舉,第1次賸餘,1130928,支付當選後與其公務有關之費用,悠旅生活事業股份有限公司舊宗門市部,25505246,0.00,920.00,,,,餐飲費用,金錢,臺北市內湖區****,,否,,,,,,,
10,游淑慧,113年立法委員選舉,第1次賸餘,1130928,支付當選後與其公務有關之費用,台灣中油（股）油品行銷事業部台北營業處民生東路加油站,78334051,0.00,2302.00,,,,油資,金錢,臺北市松山區****,,否,,,,,,,
11,游淑慧,113年立法委員選舉,第1次賸餘,1130929,支付當選後與其公務有關之費用,新光三越百貨股份有限公司-台北信義分公司二館,70824891,0.00,1824.00,,,,餐飲費用,金錢,臺北市信義區****,,否,,,,,,,
12,游淑慧,113年立法委員選舉,第1次賸餘,1130929,支付當選後與其公務有關之費用,萊爾富第四九一四分公司,90413306,0.00,111.00,,,,餐飲費用,金錢,臺北市南港區****,,否,,,,,,,
13,游淑慧,113年立法委員選舉,第1次賸餘,1130930,支付當選後與其公務有關之費用,計程車-TDS2622,,0.00,205.00,,,,搭乘交通工具費用,金錢,臺北市中山區****,TDS2*****,否,,,,,,,
14,游淑慧,113年立法委員選舉,第1次賸餘,1131008,支付當選後與其公務有關之費用,中華郵政股份有限公司台北逸仙郵局,04127310,0.00,28.00,,,,郵寄競選物品或宣傳廣告費用,金錢,臺北市信義區****,,否,,,,,,,
15,游淑慧,113年立法委員選舉,第1次賸餘,1131016,支付當選後與其公務有關之費用,台灣高速鐵路股份有限公司,16446274,0.00,1190.00,,,,搭乘交通工具費用,金錢,臺北市南港區****,,否,,,,,,,
16,游淑慧,113年立法委員選舉,第1次賸餘,1131016,支付當選後與其公務有關之費用,驥園餐廳有限公司,84491233,0.00,6523.00,,,,餐飲費用,金錢,臺北市大安區****,,否,,,,,,,
17,游淑慧,113年立法委員選舉,第1次賸餘,1131016,支付當選後與其公務有關之費用,台灣大哥大股份有限公司,97176270,0.00,1053.00,,,,電信費用,金錢,臺北市信義區****,,否,,,,,,,
18,游淑慧,113年立法委員選舉,第1次賸餘,1131020,支付當選後與其公務有關之費用,台灣高速鐵路股份有限公司,16446274,0.00,1490.00,,,,搭乘交通工具費用,金錢,臺北市南港區****,,否,,,,,,,
19,游淑慧,113年立法委員選舉,第1次賸餘,1131020,支付當選後與其公務有關之費用,富錦樹文創科技股份有限公司民生輝牛肉鍋店,88344521,0.00,2277.00,,,,餐飲費用,金錢,臺北市大安區****,,否,,,,,,,
20,游淑慧,113年立法委員選舉,第1次賸餘,1131022,支付當選後與其公務有關之費用,臺北農產運銷股份有限公司,04550147,0.00,690.00,,,,當選後與其公務有關之費用支出,金錢,臺北市中山區****,,否,,,,,,,
21,游淑慧,113年立法委員選舉,第1次賸餘,1131022,支付當選後與其公務有關之費用,橘色小火鍋有限公司,52575505,0.00,3889.00,,,,餐飲費用,金錢,臺北市內湖區****,,否,,,,,,,
22,游淑慧,113年立法委員選舉,第1次賸餘,1131023,支付當選後與其公務有關之費用,富邦媒體科技股份有限公司,27365925,0.00,694.00,,,,雜項購置或修繕費用,金錢,臺北市內湖區****,,否,,,,,,,
23,游淑慧,113年立法委員選舉,第1次賸餘,1131024,支付當選後與其公務有關之費用,如星閣國際有限公司,13121273,0.00,8235.00,,,,餐飲費用,金錢,臺北市內湖區****,,否,,,,,,,
24,游淑慧,113年立法委員選舉,第1次賸餘,1131026,支付當選後與其公務有關之費用,旺財豬食品坊,,0.00,9600.00,,,,餐飲費用,金錢,新北市平溪區****,,否,,,,,,,
25,游淑慧,113年立法委員選舉,第1次賸餘,1131026,支付當選後與其公務有關之費用,鄭如珊,N22*******,0.00,5000.00,,,,工資或薪津,金錢,臺北市萬華區****,,否,,,,,,,
26,游淑慧,113年立法委員選舉,第1次賸餘,1131027,支付當選後與其公務有關之費用,台灣中油股份有限公司油品行銷事業部台北營業處內湖加油站,08590459,0.00,2325.00,,,,油資,金錢,臺北市內湖區****,,否,,,,,,,
27,游淑慧,113年立法委員選舉,第1次賸餘,1131029,支付當選後與其公務有關之費用,台灣中油股份有限公司油品行銷事業部台北營業處內湖加油站,08590459,0.00,790.00,,,,油資,金錢,臺北市內湖區****,,否,,,,,,,
28,游淑慧,113年立法委員選舉,第1次賸餘,1131105,支付當選後與其公務有關之費用,大客滿餐飲有限公司,82822519,0.00,1805.00,,,,餐飲費用,金錢,臺北市大安區****,,否,,,,,,,
29,游淑慧,113年立法委員選舉,第1次賸餘,1131105,支付當選後與其公務有關之費用,翌風創意行銷有限公司,90099931,0.00,10395.00,,,,當選後與其公務有關之費用支出,金錢,臺北市中山區****,,否,,,,,,,
30,游淑慧,113年立法委員選舉,第1次賸餘,1131112,支付當選後與其公務有關之費用,康寧加油站股份有限公司,23450344,0.00,870.00,,,,油資,金錢,臺北市內湖區****,,否,,,,,,,
31,游淑慧,113年立法委員選舉,第1次賸餘,1131112,支付當選後與其公務有關之費用,財團法人陽光社會福利基金會陽光汽車美容中心和平店,77847440,0.00,850.00,,,,雜項購置或修繕費用,金錢,臺北市大安區****,,否,,,,,,,
32,游淑慧,113年立法委員選舉,第1次賸餘,1131113,支付當選後與其公務有關之費用,台灣中油（股）油品行銷事業部台北營業處民生東路加油站,78334051,0.00,1598.00,,,,油資,金錢,臺北市松山區****,,否,,,,,,,
33,游淑慧,113年立法委員選舉,第1次賸餘,1131114,支付當選後與其公務有關之費用,全家便利商店股份有限公司,23060248,0.00,30.00,,,,停車費,金錢,臺北市中山區****,,否,,,,,,,
34,游淑慧,113年立法委員選舉,第1次賸餘,1131116,支付當選後與其公務有關之費用,富邦媒體科技股份有限公司,27365925,0.00,1661.00,,,,雜項購置或修繕費用,金錢,臺北市內湖區****,,否,,,,,,,
35,游淑慧,113年立法委員選舉,第1次賸餘,1131116,支付當選後與其公務有關之費用,富邦媒體科技股份有限公司,27365925,0.00,835.00,,,,雜項購置或修繕費用,金錢,臺北市內湖區****,,否,,,,,,,
36,游淑慧,113年立法委員選舉,第1次賸餘,1131119,支付當選後與其公務有關之費用,杏苑股份有限公司,90244908,0.00,2728.00,,,,餐飲費用,金錢,臺北市松山區****,,否,,,,,,,
37,游淑慧,113年立法委員選舉,第1次賸餘,1131122,支付當選後與其公務有關之費用,辣吉點餐飲有限公司,90271931,0.00,1879.00,,,,餐飲費用,金錢,臺北市松山區****,,否,,,,,,,
38,游淑慧,113年立法委員選舉,第1次賸餘,1131124,支付當選後與其公務有關之費用,台灣普客二四股份有限公司板橋金門街停車場,37821438,0.00,120.00,,,,停車費,金錢,新北市板橋區****,,否,,,,,,,
39,游淑慧,113年立法委員選舉,第1次賸餘,1131125,支付當選後與其公務有關之費用,謝文梅,A22*******,0.00,2000.00,,,,獎金或津貼,金錢,新北市板橋區****,0955*****,否,,,,,,,
40,游淑慧,113年立法委員選舉,第1次賸餘,1131125,支付當選後與其公務有關之費用,李欣茹,S22*******,0.00,2000.00,,,,獎金或津貼,金錢,高雄市岡山區****,0963*****,否,,,,,,,
41,游淑慧,113年立法委員選舉,第1次賸餘,1131126,支付當選後與其公務有關之費用,計程車-TDL5396,,0.00,150.00,,,,搭乘交通工具費用,金錢,臺北市中山區****,TDL5*****,否,,,,,,,
42,游淑慧,113年立法委員選舉,第1次賸餘,1131126,支付當選後與其公務有關之費用,計程車-TDN9655,,0.00,145.00,,,,搭乘交通工具費用,金錢,臺北市中山區****,TDN9*****,否,,,,,,,
43,游淑慧,113年立法委員選舉,第1次賸餘,1131126,支付當選後與其公務有關之費用,中華電信股份有限公司臺灣北區電信分公司新北營運處,92887342,0.00,1657.00,,,,電信費用,金錢,新北市永和區****,,否,,,,,,,
44,游淑慧,113年立法委員選舉,第1次賸餘,1131126,支付當選後與其公務有關之費用,陳孝廷,M12*******,0.00,2240.00,,,,獎金或津貼,金錢,臺北市信義區****,0916*****,否,,,,,,,
45,游淑慧,113年立法委員選舉,第1次賸餘,1131127,支付當選後與其公務有關之費用,馮道遠,A12*******,0.00,10000.00,,,,獎金或津貼,金錢,臺北市松山區****,0936*****,否,,,,,,,
46,游淑慧,113年立法委員選舉,第1次賸餘,1131128,支付當選後與其公務有關之費用,台灣中油股份有限公司油品行銷事業部台北營業處西湖加油,08590465,0.00,100.00,,,,油資,金錢,臺北市內湖區****,,否,,,,,,,
47,游淑慧,113年立法委員選舉,第1次賸餘,1131128,支付當選後與其公務有關之費用,東明廣告有限公司,28721401,0.00,12957.00,,,,當選後與其公務有關之費用支出,金錢,新北市永和區****,,否,,,,,,,
48,游淑慧,113年立法委員選舉,第1次賸餘,1131129,支付當選後與其公務有關之費用,順成西點麵包有限公司,22345859,0.00,890.00,,,,餐飲費用,金錢,臺北市大安區****,,否,,,,,,,
49,游淑慧,113年立法委員選舉,第1次賸餘,1131129,支付當選後與其公務有關之費用,助安企業有限公司大安停車場,42334198,0.00,300.00,,,,停車費,金錢,臺北市大安區****,,否,,,,,,,
50,游淑慧,113年立法委員選舉,第1次賸餘,1131129,支付當選後與其公務有關之費用,錢櫃企業股份有限公司忠孝分公司,70760073,0.00,4406.00,,,,餐飲費用,金錢,臺北市大安區****,,否,,,,,,,
51,游淑慧,113年立法委員選舉,第1次賸餘,1131130,支付當選後與其公務有關之費用,全家便利商店股份有限公司-台北市第五一七分公司,54382146,0.00,68.00,,,,餐飲費用,金錢,臺北市內湖區****,,否,,,,,,,
52,游淑慧,113年立法委員選舉,第1次賸餘,1131203,支付當選後與其公務有關之費用,台灣中油股份有限公司油品行銷事業部台北營業處南港加油站,01665932,0.00,847.00,,,,油資,金錢,臺北市南港區****,,否,,,,,,,
53,游淑慧,113年立法委員選舉,第1次賸餘,1131205,支付當選後與其公務有關之費用,全家便利商店股份有限公司-台北市第五一七分公司,54382146,0.00,35.00,,,,餐飲費用,金錢,臺北市內湖區****,,否,,,,,,,
54,游淑慧,113年立法委員選舉,第1次賸餘,1131207,支付當選後與其公務有關之費用,台灣中油股份有限公司油品行銷事業部台北營業處內湖加油站,08590459,0.00,470.00,,,,油資,金錢,臺北市內湖區****,,否,,,,,,,
55,游淑慧,113年立法委員選舉,第1次賸餘,1131212,支付當選後與其公務有關之費用,台灣中油股份有限公司油品行銷事業部台北營業處內湖加油站,08590459,0.00,625.00,,,,油資,金錢,臺北市內湖區****,,否,,,,,,,
56,游淑慧,113年立法委員選舉,第1次賸餘,1131217,支付當選後與其公務有關之費用,台灣中油股份有限公司油品行銷事業部台北營業處內湖加油站,08590459,0.00,665.00,,,,油資,金錢,臺北市內湖區****,,否,,,,,,,
57,游淑慧,113年立法委員選舉,第1次賸餘,1131217,支付當選後與其公務有關之費用,荷富商行,88372618,0.00,1497.00,,,,餐飲費用,金錢,臺北市信義區****,,否,,,,,,,
58,游淑慧,113年立法委員選舉,第1次賸餘,1131220,支付當選後與其公務有關之費用,四川龍府小吃店,42425325,0.00,2158.00,,,,餐飲費用,金錢,臺北市內湖區****,,否,,,,,,,
59,游淑慧,113年立法委員選舉,第1次賸餘,1131220,支付當選後與其公務有關之費用,華源商行,77532321,0.00,280.00,,,,雜項購置或修繕費用,金錢,臺北市大同區****,,否,,,,,,,
60,游淑慧,113年立法委員選舉,第1次賸餘,1131221,支付當選後與其公務有關之費用,林樹烜,A12*******,0.00,6500.00,,,,工資或薪津,金錢,基隆市仁愛區****,,否,,,,,,,
61,游淑慧,113年立法委員選舉,第1次賸餘,1131221,支付當選後與其公務有關之費用,鄭如珊,N22*******,0.00,5000.00,,,,工資或薪津,金錢,臺北市萬華區****,,否,,,,,,,
62,游淑慧,113年立法委員選舉,第1次賸餘,1131221,支付當選後與其公務有關之費用,賴淯暄,O20*******,0.00,1000.00,,,,工資或薪津,金錢,新竹市香山區****,,否,,,,,,,
63,游淑慧,113年立法委員選舉,第1次賸餘,1131221,支付當選後與其公務有關之費用,袁鈺鈞,R22*******,0.00,1000.00,,,,工資或薪津,金錢,臺北市內湖區****,,否,,,,,,,
64,游淑慧,113年立法委員選舉,第1次賸餘,1131223,捐贈政治團體或所屬政黨支出,中國國民黨,01032780,0.00,100000.00,,,,捐贈政治團體或所屬政黨支出,金錢,臺北市中山區****,,否,,,,,,,
65,游淑慧,113年立法委員選舉,第1次賸餘,1131224,支付當選後與其公務有關之費用,台灣中油（股）油品行銷事業部台北營業處林森北路加油站,01490119,0.00,822.00,,,,油資,金錢,臺北市中正區****,,否,,,,,,,
66,游淑慧,113年立法委員選舉,第1次賸餘,1131224,支付當選後與其公務有關之費用,全家便利商店股份有限公司-台北市第五一七分公司,54382146,0.00,45.00,,,,餐飲費用,金錢,臺北市內湖區****,,否,,,,,,,
67,游淑慧,113年立法委員選舉,第1次賸餘,1131225,支付當選後與其公務有關之費用,鼎紘影印有限公司,28462256,0.00,2940.00,,,,當選後與其公務有關之費用支出,金錢,臺北市中正區****,,否,,,,,,,
68,游淑慧,113年立法委員選舉,第1次賸餘,1131225,支付當選後與其公務有關之費用,德朗飲食企業股份有限公司行善店,42332874,0.00,4312.00,,,,餐飲費用,金錢,臺北市內湖區****,,否,,,,,,,
69,游淑慧,113年立法委員選舉,第1次賸餘,1131226,支付當選後與其公務有關之費用,克麗比努爾國際有限公司,16781614,0.00,2700.00,,,,雜項購置或修繕費用,金錢,臺北市內湖區****,,否,,,,,,,
70,游淑慧,113年立法委員選舉,第1次賸餘,1131226,支付當選後與其公務有關之費用,中華電信股份有限公司臺灣北區電信分公司新北營運處,92887342,0.00,1935.00,,,,電信費用,金錢,新北市永和區****,,否,,,,,,,
71,游淑慧,113年立法委員選舉,第1次賸餘,1131228,支付當選後與其公務有關之費用,台灣中油股份有限公司油品行銷事業部台北營業處內湖加油站,08590459,0.00,735.00,,,,油資,金錢,臺北市內湖區****,,否,,,,,,,
72,游淑慧,113年立法委員選舉,第1次賸餘,1131228,支付當選後與其公務有關之費用,統一超商台北市第一一０八分公司,89131666,0.00,329.00,,,,雜項購置或修繕費用,金錢,臺北市內湖區****,,否,,,,,,,
73,游淑慧,113年立法委員選舉,第1次賸餘,1131230,支付當選後與其公務有關之費用,馮道遠,A12*******,0.00,13000.00,,,,獎金或津貼,金錢,臺北市松山區****,0936*****,否,,,,,,,
