﻿序號,擬參選人／政黨,選舉名稱,申報序號／年度,交易日期,收支科目,捐贈者／支出對象,身分證／統一編號,收入金額,支出金額,捐贈方式,存入專戶日期,返還/繳庫,支出用途,金錢類,地址,聯絡電話,應揭露之支出對象,支出對象之內部人員姓名,支出對象之內部人員職稱,政黨之內部人員姓名,政黨之內部人員職稱,關係,更正註記,資料更正日期
1,陳怡萱,111年臺中市議員選舉,首次申報,1110501,匿名捐贈,匿名,,2000.00,0.00,現金,1110503,,,金錢,,0919*****,,,,,,,,
2,陳怡萱,111年臺中市議員選舉,首次申報,1110530,個人捐贈收入,紀世麒,M12*******,430.00,0.00,匯款,1110602,,,金錢,台中市大里區****,0918*****,,,,,,,,
3,陳怡萱,111年臺中市議員選舉,首次申報,1110603,個人捐贈收入,張鏸文,P22*******,1000.00,0.00,匯款,1110610,,,金錢,新北市板橋區****,0921*****,,,,,,,,
4,陳怡萱,111年臺中市議員選舉,首次申報,1110606,匿名捐贈,匿名,,4000.00,0.00,現金,1110606,,,金錢,,,,,,,,,,
5,陳怡萱,111年臺中市議員選舉,首次申報,1110613,個人捐贈收入,林品君,,430.00,0.00,匯款,1110617,,,金錢,,0937*****,,,,,,,,
6,陳怡萱,111年臺中市議員選舉,首次申報,1110613,個人捐贈收入,黃孟婷,,430.00,0.00,匯款,1110617,,,金錢,,0921*****,,,,,,,,
7,陳怡萱,111年臺中市議員選舉,首次申報,1110621,其他收入,利息收入,,1.00,0.00,匯款,1110621,,,金錢,,,,,,,,,,
8,陳怡萱,111年臺中市議員選舉,首次申報,1110704,匿名捐贈,匿名,,60.00,0.00,匯款,1110708,,,金錢,,,,,,,,,,
9,陳怡萱,111年臺中市議員選舉,首次申報,1110707,個人捐贈收入,陣娉嫄,,2000.00,0.00,,,,,非金錢,臺中市南區工****,9162*****,,,,,,,,
10,陳怡萱,111年臺中市議員選舉,首次申報,1110708,個人捐贈收入,林家安,F22*******,1500.00,0.00,匯款,1110715,,,金錢,台中市北屯區****,,,,,,,,,
11,陳怡萱,111年臺中市議員選舉,首次申報,1110710,個人捐贈收入,張慧盈,,1173.00,0.00,匯款,1110710,,,金錢,臺中市沙鹿區****,9225*****,,,,,,,,
12,陳怡萱,111年臺中市議員選舉,首次申報,1110710,匿名捐贈,匿名,,5000.00,0.00,現金,1110712,,,金錢,,,,,,,,,,
13,陳怡萱,111年臺中市議員選舉,首次申報,1110711,個人捐贈收入,王幸媜,,500.00,0.00,匯款,1110711,,,金錢,彰化縣鹿港鎮****,,,,,,,,,
14,陳怡萱,111年臺中市議員選舉,首次申報,1110711,個人捐贈收入,張育豪,B12*******,1000.00,0.00,匯款,1110715,,,金錢,台中市南區福****,,,,,,,,,
15,陳怡萱,111年臺中市議員選舉,首次申報,1110712,個人捐贈收入,張芸綺,,500.00,0.00,匯款,1110712,,,金錢,臺中市龍井區****,,,,,,,,,
16,陳怡萱,111年臺中市議員選舉,首次申報,1110712,個人捐贈收入,陣娉嫄,L22*******,10000.00,0.00,現金,1110719,,,金錢,台中市南區工****,9162*****,,,,,,,,
17,陳怡萱,111年臺中市議員選舉,首次申報,1110715,匿名捐贈,匿名,,5000.00,0.00,現金,1110719,,,金錢,,,,,,,,,,
18,陳怡萱,111年臺中市議員選舉,首次申報,1110717,匿名捐贈,匿名,,150.00,0.00,匯款,1110717,,,金錢,,,,,,,,,,
19,陳怡萱,111年臺中市議員選舉,首次申報,1110717,個人捐贈收入,吳語綸,A22*******,1000.00,0.00,現金,1110719,,,金錢,新北市三重區****,9877*****,,,,,,,,
20,陳怡萱,111年臺中市議員選舉,首次申報,1110717,個人捐贈收入,林家安,F22*******,1000.00,0.00,匯款,1110722,,,金錢,台中市北屯區****,9889*****,,,,,,,,
21,陳怡萱,111年臺中市議員選舉,首次申報,1110717,個人捐贈收入,江佳珮,H22*******,3000.00,0.00,匯款,1110722,,,金錢,雲林縣斗六市****,9110*****,,,,,,,,
22,陳怡萱,111年臺中市議員選舉,首次申報,1110717,個人捐贈收入,王幸媜,L22*******,500.00,0.00,匯款,1110717,,,金錢,彰化縣鹿港鎮****,9102*****,,,,,,,,
23,陳怡萱,111年臺中市議員選舉,首次申報,1110717,個人捐贈收入,林詮弼,M12*******,1000.00,0.00,匯款,1110717,,,金錢,台中市梧棲區****,9378*****,,,,,,,,
24,陳怡萱,111年臺中市議員選舉,首次申報,1110717,個人捐贈收入,林詮弼,M12*******,100.00,0.00,匯款,1110717,,,金錢,台中市梧棲區****,9378*****,,,,,,,,
25,陳怡萱,111年臺中市議員選舉,首次申報,1110717,個人捐贈收入,蔡婉吟,N22*******,400.00,0.00,匯款,1110717,,,金錢,彰化市向陽街****,0985*****,,,,,,,,
26,陳怡萱,111年臺中市議員選舉,首次申報,1110717,個人捐贈收入,鄭節雯,P22*******,2500.00,0.00,匯款,1110717,,,金錢,台中市大里區****,9343*****,,,,,,,,
27,陳怡萱,111年臺中市議員選舉,首次申報,1110717,個人捐贈收入,張淇斐,P22*******,6000.00,0.00,匯款,1110717,,,金錢,雲林縣麥寮鄉****,9265*****,,,,,,,,
28,陳怡萱,111年臺中市議員選舉,首次申報,1110717,個人捐贈收入,張芝榕,V22*******,1000.00,0.00,匯款,1110722,,,金錢,臺北市中山區****,9215*****,,,,,,,,
29,陳怡萱,111年臺中市議員選舉,首次申報,1110717,個人捐贈收入,葉淑梅,X22*******,500.00,0.00,匯款,1110722,,,金錢,台中市西屯區****,9308*****,,,,,,,,
30,陳怡萱,111年臺中市議員選舉,首次申報,1110718,匿名捐贈,匿名,,500.00,0.00,匯款,1110722,,,金錢,,,,,,,,,,
31,陳怡萱,111年臺中市議員選舉,首次申報,1110718,個人捐贈收入,梁家禎,A22*******,5300.00,0.00,匯款,1110718,,,金錢,台中市北屯區****,9214*****,,,,,,,,
32,陳怡萱,111年臺中市議員選舉,首次申報,1110718,個人捐贈收入,張千蕙,Q22*******,1000.00,0.00,匯款,1110718,,,金錢,台中市西區大****,9232*****,,,,,,,,
33,陳怡萱,111年臺中市議員選舉,首次申報,1110718,個人捐贈收入,曾玉寧,T22*******,700.00,0.00,匯款,1110718,,,金錢,台南市永康區****,9127*****,,,,,,,,
34,陳怡萱,111年臺中市議員選舉,首次申報,1110719,個人捐贈收入,張曜樽,A12*******,1000.00,0.00,匯款,1110722,,,金錢,臺北市文山區****,9169*****,,,,,,,,
35,陳怡萱,111年臺中市議員選舉,首次申報,1110719,個人捐贈收入,陳德美,L22*******,6000.00,0.00,匯款,1110722,,,金錢,台中市清水區****,9122*****,,,,,,,,
36,陳怡萱,111年臺中市議員選舉,首次申報,1110719,個人捐贈收入,饒珮齡,Q22*******,2000.00,0.00,匯款,1110719,,,金錢,台中市西屯區****,9780*****,,,,,,,,
37,陳怡萱,111年臺中市議員選舉,首次申報,1110720,個人捐贈收入,李明翰,A12*******,666.00,0.00,匯款,1110729,,,金錢,臺北市中正區****,9339*****,,,,,,,,
38,陳怡萱,111年臺中市議員選舉,首次申報,1110720,個人捐贈收入,彭于家,B22*******,500.00,0.00,匯款,1110720,,,金錢,宜蘭縣壯圍鄉****,9630*****,,,,,,,,
39,陳怡萱,111年臺中市議員選舉,首次申報,1110720,個人捐贈收入,鄒宛倪,H22*******,3000.00,0.00,匯款,1110720,,,金錢,桃園市中壢區****,9326*****,,,,,,,,
40,陳怡萱,111年臺中市議員選舉,首次申報,1110721,個人捐贈收入,陳玫如,,500.00,0.00,匯款,1110721,,,金錢,台中市大里區****,9222*****,,,,,,,,
41,陳怡萱,111年臺中市議員選舉,首次申報,1110721,個人捐贈收入,吳旻霏,M22*******,300.00,0.00,匯款,1110721,,,金錢,南投縣水里鄉****,9341*****,,,,,,,,
42,陳怡萱,111年臺中市議員選舉,首次申報,1110722,匿名捐贈,匿名,,5000.00,0.00,現金,1110726,,,金錢,,,,,,,,,,
43,陳怡萱,111年臺中市議員選舉,首次申報,1110722,匿名捐贈,匿名,,5000.00,0.00,現金,1110727,,,金錢,,,,,,,,,,
44,陳怡萱,111年臺中市議員選舉,首次申報,1110805,個人捐贈收入,高瑄憶,E22*******,5000.00,0.00,匯款,1110805,,,金錢,台中市中區成****,9565*****,,,,,,,,
45,陳怡萱,111年臺中市議員選舉,首次申報,1110807,個人捐贈收入,蔡佩珊,,1300.00,0.00,現金,1110808,,,金錢,台中市北屯區****,9229*****,,,,,,,,
46,陳怡萱,111年臺中市議員選舉,首次申報,1110809,匿名捐贈,匿名,,200.00,0.00,匯款,1110809,,,金錢,,,,,,,,,,
47,陳怡萱,111年臺中市議員選舉,首次申報,1110809,個人捐贈收入,林昱辰,F22*******,2000.00,0.00,匯款,1110809,,,金錢,苗栗縣苑裡鎮****,9156*****,,,,,,,,
48,陳怡萱,111年臺中市議員選舉,首次申報,1110811,個人捐贈收入,李芷瑋,T22*******,2000.00,0.00,匯款,1110811,,,金錢,台中市西區五****,9651*****,,,,,,,,
49,陳怡萱,111年臺中市議員選舉,首次申報,1110812,個人捐贈收入,連惠雯,L22*******,1000.00,0.00,匯款,1110812,,,金錢,台中市豐原區****,9117*****,,,,,,,,
50,陳怡萱,111年臺中市議員選舉,首次申報,1110813,個人捐贈收入,吳玫儀,U22*******,2000.00,0.00,匯款,1110813,,,金錢,花蓮市華泰街****,9607*****,,,,,,,,
51,陳怡萱,111年臺中市議員選舉,首次申報,1110814,匿名捐贈,匿名,,2000.00,0.00,匯款,1110814,,,金錢,,,,,,,,,,
52,陳怡萱,111年臺中市議員選舉,首次申報,1110815,個人捐贈收入,吳雅萍,Q22*******,1688.00,0.00,匯款,1110815,,,金錢,新北市三重區****,9605*****,,,,,,,,
53,陳怡萱,111年臺中市議員選舉,首次申報,1110815,個人捐贈收入,許妤妮,Q22*******,1688.00,0.00,匯款,1110815,,,金錢,台中市西屯區****,9630*****,,,,,,,,
54,陳怡萱,111年臺中市議員選舉,首次申報,1110816,個人捐贈收入,廖婷宥,P22*******,3000.00,0.00,匯款,1110816,,,金錢,雲林縣斗六市****,9195*****,,,,,,,,
55,陳怡萱,111年臺中市議員選舉,首次申報,1110817,個人捐贈收入,林佩玹,L22*******,1200.00,0.00,匯款,1110826,,,金錢,台中市沙鹿區****,9538*****,,,,,,,,
56,陳怡萱,111年臺中市議員選舉,首次申報,1110817,個人捐贈收入,林詮弼,M12*******,30000.00,0.00,匯款,1110817,,,金錢,台中市梧棲區****,9378*****,,,,,,,,
57,陳怡萱,111年臺中市議員選舉,首次申報,1110817,個人捐贈收入,林詮弼,M12*******,30000.00,0.00,匯款,1110817,,,金錢,台中市梧棲區****,9378*****,,,,,,,,
58,陳怡萱,111年臺中市議員選舉,首次申報,1110818,個人捐贈收入,潘佩宜,,200.00,0.00,現金,1110829,,,金錢,,9866*****,,,,,,,,
59,陳怡萱,111年臺中市議員選舉,首次申報,1110818,個人捐贈收入,蘇芷嫣,,200.00,0.00,現金,1110829,,,金錢,台中市東區富****,,,,,,,,,
60,陳怡萱,111年臺中市議員選舉,首次申報,1110818,個人捐贈收入,杜彥潔,,200.00,0.00,現金,1110829,,,金錢,,9894*****,,,,,,,,
61,陳怡萱,111年臺中市議員選舉,首次申報,1110818,個人捐贈收入,張慧盈,,200.00,0.00,現金,1110829,,,金錢,,9225*****,,,,,,,,
62,陳怡萱,111年臺中市議員選舉,首次申報,1110818,個人捐贈收入,許義隴,,200.00,0.00,現金,1110829,,,金錢,,9109*****,,,,,,,,
63,陳怡萱,111年臺中市議員選舉,首次申報,1110818,個人捐贈收入,蔡佩珊,,400.00,0.00,現金,1110829,,,金錢,,9229*****,,,,,,,,
64,陳怡萱,111年臺中市議員選舉,首次申報,1110818,個人捐贈收入,林佩玹,,200.00,0.00,現金,1110829,,,金錢,,9538*****,,,,,,,,
65,陳怡萱,111年臺中市議員選舉,首次申報,1110818,個人捐贈收入,簡妤倩,,400.00,0.00,現金,1110829,,,金錢,,9836*****,,,,,,,,
66,陳怡萱,111年臺中市議員選舉,首次申報,1110818,個人捐贈收入,鄭美芬,B22*******,1000.00,0.00,匯款,1110818,,,金錢,台中市西區美****,9315*****,,,,,,,,
67,陳怡萱,111年臺中市議員選舉,首次申報,1110818,個人捐贈收入,陳鈺薇,F22*******,1000.00,0.00,匯款,1110818,,,金錢,台北市士林區****,9786*****,,,,,,,,
68,陳怡萱,111年臺中市議員選舉,首次申報,1110818,個人捐贈收入,蔡珮蓁,L22*******,300.00,0.00,匯款,1110818,,,金錢,台中市西屯區****,9585*****,,,,,,,,
69,陳怡萱,111年臺中市議員選舉,首次申報,1110819,個人捐贈收入,陳靜貞,G22*******,1000.00,0.00,匯款,1110819,,,金錢,宜蘭縣五結鄉****,9630*****,,,,,,,,
70,陳怡萱,111年臺中市議員選舉,首次申報,1110820,個人捐贈收入,柯明憲,P12*******,500.00,0.00,匯款,1110826,,,金錢,台中市北屯區****,9108*****,,,,,,,,
71,陳怡萱,111年臺中市議員選舉,首次申報,1110821,個人捐贈收入,林孟潔,L22*******,100.00,0.00,匯款,1110821,,,金錢,台中市豐原區****,9286*****,,,,,,,,
72,陳怡萱,111年臺中市議員選舉,首次申報,1110822,個人捐贈收入,陳怡萍,,3000.00,0.00,匯款,1110826,,,金錢,台中市大甲區****,9357*****,,,,,,,,
73,陳怡萱,111年臺中市議員選舉,首次申報,1110822,個人捐贈收入,紀世麒,,2000.00,0.00,匯款,1110822,,,金錢,台中市大里區****,9188*****,,,,,,,,
74,陳怡萱,111年臺中市議員選舉,首次申報,1110822,個人捐贈收入,盧文翔,B12*******,10000.00,0.00,匯款,1110822,,,金錢,台中市中區成****,9334*****,,,,,,,,
75,陳怡萱,111年臺中市議員選舉,首次申報,1110822,個人捐贈收入,林香君,C22*******,500.00,0.00,匯款,1110822,,,金錢,台南市柳營區****,9887*****,,,,,,,,
76,陳怡萱,111年臺中市議員選舉,首次申報,1110822,個人捐贈收入,吳庭昀,G22*******,200.00,0.00,匯款,1110822,,,金錢,高雄市左營區****,9207*****,,,,,,,,
77,陳怡萱,111年臺中市議員選舉,首次申報,1110822,個人捐贈收入,鄒宛倪,H22*******,2000.00,0.00,匯款,1110822,,,金錢,桃園市中壢區****,9326*****,,,,,,,,
78,陳怡萱,111年臺中市議員選舉,首次申報,1110822,個人捐贈收入,吳虹潔,L22*******,10000.00,0.00,匯款,1110822,,,金錢,新北市鶯歌區****,9235*****,,,,,,,,
79,陳怡萱,111年臺中市議員選舉,首次申報,1110822,個人捐贈收入,黃宜芝,L22*******,2000.00,0.00,匯款,1110822,,,金錢,台中市沙鹿區****,9105*****,,,,,,,,
80,陳怡萱,111年臺中市議員選舉,首次申報,1110822,個人捐贈收入,宋玟瑾,L22*******,100.00,0.00,匯款,1110822,,,金錢,台中市北屯區****,9195*****,,,,,,,,
81,陳怡萱,111年臺中市議員選舉,首次申報,1110822,個人捐贈收入,劉宣妙,M22*******,200.00,0.00,匯款,1110822,,,金錢,台中市西屯區****,9667*****,,,,,,,,
82,陳怡萱,111年臺中市議員選舉,首次申報,1110822,個人捐贈收入,薛俊彥,N12*******,500.00,0.00,匯款,1110822,,,金錢,台中市西屯區****,9103*****,,,,,,,,
83,陳怡萱,111年臺中市議員選舉,首次申報,1110822,個人捐贈收入,廖淑芬,P22*******,3000.00,0.00,匯款,1110822,,,金錢,台中市烏日區****,9364*****,,,,,,,,
84,陳怡萱,111年臺中市議員選舉,首次申報,1110823,個人捐贈收入,謝佩如,,2000.00,0.00,匯款,1110823,,,金錢,彰化市自強南****,9105*****,,,,,,,,
85,陳怡萱,111年臺中市議員選舉,首次申報,1110823,個人捐贈收入,吳崇源,,1000.00,0.00,匯款,1110823,,,金錢,台北市北投區****,9520*****,,,,,,,,
86,陳怡萱,111年臺中市議員選舉,首次申報,1110823,個人捐贈收入,簡妤倩,B22*******,10000.00,0.00,匯款,1110823,,,金錢,台中市潭子區****,9836*****,,,,,,,,
87,陳怡萱,111年臺中市議員選舉,首次申報,1110823,個人捐贈收入,傅詩純,F22*******,1000.00,0.00,匯款,1110823,,,金錢,雲林縣麥寮鄉****,9881*****,,,,,,,,
88,陳怡萱,111年臺中市議員選舉,首次申報,1110825,匿名捐贈,匿名,,3000.00,0.00,匯款,1110825,,,金錢,,,,,,,,,,
89,陳怡萱,111年臺中市議員選舉,首次申報,1110826,個人捐贈收入,洪廷彰,,3000.00,0.00,匯款,1110826,,,金錢,苗栗縣苑裡鎮****,9372*****,,,,,,,,
90,陳怡萱,111年臺中市議員選舉,首次申報,1110828,個人捐贈收入,方偉翰,,2000.00,0.00,匯款,1110828,,,金錢,台中市北屯區****,9214*****,,,,,,,,
91,陳怡萱,111年臺中市議員選舉,首次申報,1110831,個人捐贈收入,張懿方,,2000.00,0.00,現金,1110831,,,金錢,,9128*****,,,,,,,,
92,陳怡萱,111年臺中市議員選舉,首次申報,1110908,個人捐贈收入,紀世麒,,8000.00,0.00,現金,1110908,,,金錢,台中市大里區****,9188*****,,,,,,,,
93,陳怡萱,111年臺中市議員選舉,首次申報,1110908,個人捐贈收入,林家安,,500.00,0.00,匯款,1110908,,,金錢,台中市中清路****,9889*****,,,,,,,,
94,陳怡萱,111年臺中市議員選舉,首次申報,1110908,個人捐贈收入,林家安,,670.00,0.00,匯款,1110908,,,金錢,中清路段巷號****,9889*****,,,,,,,,
95,陳怡萱,111年臺中市議員選舉,首次申報,1110914,個人捐贈收入,郭懿憶,,10000.00,0.00,匯款,1110920,,,金錢,台中市霧峰區****,9854*****,,,,,,,,
96,陳怡萱,111年臺中市議員選舉,首次申報,1110927,個人捐贈收入,李興國,J12*******,1100.00,0.00,匯款,1110927,,,金錢,台中市東區力****,9585*****,,,,,,,,
97,陳怡萱,111年臺中市議員選舉,首次申報,1110928,個人捐贈收入,鍾佩珊,L22*******,1200.00,0.00,匯款,1110928,,,金錢,台中市大甲區****,9265*****,,,,,,,,
98,陳怡萱,111年臺中市議員選舉,首次申報,1110929,個人捐贈收入,張寧娟,T22*******,2060.00,0.00,匯款,1110929,,,金錢,南投縣埔里鎮****,9373*****,,,,,,,,
99,陳怡萱,111年臺中市議員選舉,首次申報,1111003,個人捐贈收入,陳亦瑱,R22*******,1150.00,0.00,匯款,1111003,,,金錢,南投縣埔里鎮****,9883*****,,,,,,,,
100,陳怡萱,111年臺中市議員選舉,首次申報,1111006,個人捐贈收入,陳彥男,,6000.00,0.00,匯款,1111006,,,金錢,台中市南屯區****,9197*****,,,,,,,,
101,陳怡萱,111年臺中市議員選舉,首次申報,1111007,個人捐贈收入,林穎,B22*******,150.00,0.00,匯款,1111007,,,金錢,台中市華美西****,9117*****,,,,,,,,
102,陳怡萱,111年臺中市議員選舉,首次申報,1111007,個人捐贈收入,吳明芬,D22*******,400.00,0.00,匯款,1111007,,,金錢,台中市太平區****,9865*****,,,,,,,,
103,陳怡萱,111年臺中市議員選舉,首次申報,1111007,個人捐贈收入,李世揚,L12*******,1000.00,0.00,匯款,1111007,,,金錢,台中市沙鹿區****,9377*****,,,,,,,,
104,陳怡萱,111年臺中市議員選舉,首次申報,1111009,個人捐贈收入,詹雅婷,N22*******,100.00,0.00,匯款,1111009,,,金錢,南投縣埔里鎮****,9565*****,,,,,,,,
105,陳怡萱,111年臺中市議員選舉,首次申報,1111021,個人捐贈收入,劉哲宏,N12*******,300.00,0.00,匯款,1111021,,,金錢,,9103*****,,,,,,,,
106,陳怡萱,111年臺中市議員選舉,首次申報,1111025,個人捐贈收入,李宜蓁,A22*******,500.00,0.00,匯款,1111025,,,金錢,新北市林口區****,9337*****,,,,,,,,
107,陳怡萱,111年臺中市議員選舉,首次申報,1111106,個人捐贈收入,陳德美,,6000.00,0.00,匯款,1111111,,,金錢,台中市清水區****,9122*****,,,,,,,,
108,陳怡萱,111年臺中市議員選舉,首次申報,1111109,個人捐贈收入,高伃貞,,10000.00,0.00,匯款,1111109,,,金錢,,9883*****,,,,,,,,
109,陳怡萱,111年臺中市議員選舉,首次申報,1111118,匿名捐贈,匿名,,1200.00,0.00,匯款,1111118,,,金錢,,,,,,,,,,
110,陳怡萱,111年臺中市議員選舉,首次申報,1111120,個人捐贈收入,李碧珍,N22*******,1000.00,0.00,匯款,1111120,,,金錢,台中市清水區****,9282*****,,,,,,,,
111,陳怡萱,111年臺中市議員選舉,首次申報,1111124,個人捐贈收入,陳君宜,C22*******,1000.00,0.00,匯款,1111125,,,金錢,臺北市信義區****,9533*****,,,,,,,,
112,陳怡萱,111年臺中市議員選舉,首次申報,1111125,匿名捐贈,匿名,,1000.00,0.00,匯款,1111125,,,金錢,,,,,,,,,,
113,陳怡萱,111年臺中市議員選舉,首次申報,1111125,個人捐贈收入,尤妍庭,L22*******,200.00,0.00,匯款,1111125,,,金錢,台中市梧棲區****,9130*****,,,,,,,,
114,陳怡萱,111年臺中市議員選舉,首次申報,1111221,其他收入,利息收入,,80.00,0.00,匯款,1111221,,,金錢,,,,,,,,,,
