﻿序號,擬參選人／政黨,選舉名稱,申報序號／年度,交易日期,收支科目,捐贈者／支出對象,身分證／統一編號,收入金額,支出金額,支出用途,金錢類,地址,聯絡電話,資料更正日期
1,黃美蘭,107年縣(市)議員選舉,首次申報,1070928,宣傳支出,比比創意旗幟社,36616114,0.00,37500.00,廣告品,金錢,嘉義市東區安****,,
2,黃美蘭,107年縣(市)議員選舉,首次申報,1071001,雜支支出,123鴨莊,10900064,0.00,825.00,便當,金錢,雲林縣北港鎮****,,
3,黃美蘭,107年縣(市)議員選舉,首次申報,1071001,雜支支出,九順商行,38789858,0.00,3080.00,茶巾 快意壺 電風扇等,金錢,雲林縣北港鎮****,,
4,黃美蘭,107年縣(市)議員選舉,首次申報,1071001,雜支支出,木山傢俱店,64907634,0.00,17600.00,休閒椅 鋁製屏風L型,金錢,雲林縣北港鎮****,,
5,黃美蘭,107年縣(市)議員選舉,首次申報,1071001,雜支支出,國豐企業股份有限公司,71455282,0.00,30000.00,爆竹煙火,金錢,台南市後壁區****,,
6,黃美蘭,107年縣(市)議員選舉,首次申報,1071001,雜支支出,國豐企業股份有限公司,71455282,0.00,3050.00,爆竹煙火,金錢,台南市後壁區****,,
7,黃美蘭,107年縣(市)議員選舉,首次申報,1071003,雜支支出,金玉堂文具行,17462238,0.00,320.00,中國結,金錢,雲林縣北港鎮****,,
8,黃美蘭,107年縣(市)議員選舉,首次申報,1071004,雜支支出,123鴨莊,10900064,0.00,225.00,便當,金錢,雲林縣北港鎮****,,
9,黃美蘭,107年縣(市)議員選舉,首次申報,1071004,雜支支出,九順商行,38789858,0.00,210.00,雙杯托 牙線,金錢,雲林縣北港鎮****,,
10,黃美蘭,107年縣(市)議員選舉,首次申報,1071004,雜支支出,良昌書局,63676207,0.00,366.00,筆記本 膠帶 筆 美工刀等,金錢,雲林縣北港鎮****,,
11,黃美蘭,107年縣(市)議員選舉,首次申報,1071005,宣傳支出,比比創意旗幟社,36616114,0.00,35000.00,旗幟 小手旗,金錢,嘉義市東區安****,,
12,黃美蘭,107年縣(市)議員選舉,首次申報,1071007,集會支出,福記電子琴花車社,06361439,0.00,40000.00,帳篷,金錢,嘉義縣六腳鄉****,,
13,黃美蘭,107年縣(市)議員選舉,首次申報,1071007,集會支出,福記電子琴花車社,06361439,0.00,5000.00,椅子,金錢,嘉義縣六腳鄉****,,
14,黃美蘭,107年縣(市)議員選舉,首次申報,1071007,雜支支出,123鴨莊,10900064,0.00,3900.00,便當,金錢,雲林縣北港鎮****,,
15,黃美蘭,107年縣(市)議員選舉,首次申報,1071007,集會支出,可艾商行,26869125,0.00,13000.00,水冷扇,金錢,雲林縣北港鎮****,,
16,黃美蘭,107年縣(市)議員選舉,首次申報,1071007,集會支出,永豐製冰工廠,63655603,0.00,1000.00,冰塊,金錢,雲林縣北港鎮****,,
17,黃美蘭,107年縣(市)議員選舉,首次申報,1071009,公共關係費用支出,裕昌油行,78904756,0.00,2500.00,黑麻油,金錢,雲林縣北港鎮****,,
18,黃美蘭,107年縣(市)議員選舉,首次申報,1071012,雜支支出,東龍工業股份有限公司,55658253,0.00,2900.00,飲水機修理費,金錢,台中市豐原區****,,
19,黃美蘭,107年縣(市)議員選舉,首次申報,1071017,雜支支出,金田水果行,45827358,0.00,308.00,水果,金錢,雲林縣北港鎮****,,
20,黃美蘭,107年縣(市)議員選舉,首次申報,1071018,雜支支出,全美油廠,45765352,0.00,270.00,黑麻油,金錢,雲林縣北港鎮****,,
21,黃美蘭,107年縣(市)議員選舉,首次申報,1071019,雜支支出,豪又豪商行,78920171,0.00,519.00,五金用品,金錢,雲林縣北港鎮****,,
22,黃美蘭,107年縣(市)議員選舉,首次申報,1071021,雜支支出,九龍電器行,06193052,0.00,7800.00,擴大器維修費等,金錢,雲林縣北港鎮****,,
23,黃美蘭,107年縣(市)議員選舉,首次申報,1071022,雜支支出,全順衛生工程行,09082713,0.00,3000.00,疏通馬桶及抽肥,金錢,嘉義縣新港鄉****,,
24,黃美蘭,107年縣(市)議員選舉,首次申報,1071022,租用宣傳車輛支出,福懋興業股份有限公司,45434179,0.00,572.00,油資,金錢,雲林縣北港鎮****,,
25,黃美蘭,107年縣(市)議員選舉,首次申報,1071022,租用宣傳車輛支出,福懋興業股份有限公司,45434179,0.00,691.00,油資,金錢,雲林縣北港鎮****,,
26,黃美蘭,107年縣(市)議員選舉,首次申報,1071024,雜支支出,123鴨莊,10900064,0.00,225.00,便當,金錢,雲林縣北港鎮****,,
27,黃美蘭,107年縣(市)議員選舉,首次申報,1071024,宣傳支出,印王印舖,63656602,0.00,1050.00,貼紙,金錢,雲林縣北港鎮****,,
28,黃美蘭,107年縣(市)議員選舉,首次申報,1071024,集會支出,統一電機行,63801107,0.00,37800.00,租擴音器 LED燈座,金錢,雲林縣北港鎮****,,
29,黃美蘭,107年縣(市)議員選舉,首次申報,1071026,租用宣傳車輛支出,福懋興業股份有限公司,45434179,0.00,690.00,油資,金錢,雲林縣北港鎮****,,
30,黃美蘭,107年縣(市)議員選舉,首次申報,1071030,宣傳支出,比比創意旗幟社,36616114,0.00,30000.00,旗幟 小手旗 布條,金錢,嘉義市東區安****,,
31,黃美蘭,107年縣(市)議員選舉,首次申報,1071031,租用競選辦事處支出,魔力通訊館,25491427,0.00,30800.00,電腦主機及零組件,金錢,雲林縣北港鎮****,,
32,黃美蘭,107年縣(市)議員選舉,首次申報,1071031,租用競選辦事處支出,魔力通訊館,25491427,0.00,5600.00,錄音器 分享器 滑鼠 隨身碟等,金錢,雲林縣北港鎮****,,
33,黃美蘭,107年縣(市)議員選舉,首次申報,1071031,宣傳支出,印王印舖,63656602,0.00,1600.00,貼紙,金錢,雲林縣北港鎮****,,
34,黃美蘭,107年縣(市)議員選舉,首次申報,1071102,宣傳支出,比比創意旗幟社,36616114,0.00,40000.00,廣告印刷 設計,金錢,嘉義市東區安****,,
35,黃美蘭,107年縣(市)議員選舉,首次申報,1071106,雜支支出,123鴨莊,10900064,0.00,300.00,便當,金錢,雲林縣北港鎮****,,
36,黃美蘭,107年縣(市)議員選舉,首次申報,1071111,雜支支出,九順商行,38789858,0.00,202.00,五金用品,金錢,雲林縣北港鎮****,,
37,黃美蘭,107年縣(市)議員選舉,首次申報,1071120,雜支支出,九龍電器行,06193052,0.00,6800.00,冰箱維修費,金錢,雲林縣北港鎮****,,
38,黃美蘭,107年縣(市)議員選舉,首次申報,1071122,雜支支出,何記燒肉飯,47461691,0.00,5600.00,便當,金錢,雲林縣北港鎮****,,
39,黃美蘭,107年縣(市)議員選舉,首次申報,1071127,雜支支出,123鴨莊,10900064,0.00,225.00,便當,金錢,雲林縣北港鎮****,,
