﻿序號,擬參選人／政黨,選舉名稱,申報序號／年度,交易日期,收支科目,捐贈者／支出對象,身分證／統一編號,收入金額,支出金額,支出用途,金錢類,地址,聯絡電話,資料更正日期
1,莊錦田,107年縣(市)議員選舉,首次申報,1070703,雜支支出,生活鎖匙刻印行,31519275,0.00,90.00,雜項購置-橡皮章,金錢,基隆市安樂區****,,
2,莊錦田,107年縣(市)議員選舉,首次申報,1070719,雜支支出,陽金資訊股份有限公司,16919271,0.00,12000.00,雜項購置或修繕費用-電腦,金錢,基隆市中正區****,2426*****,
3,莊錦田,107年縣(市)議員選舉,首次申報,1070801,雜支支出,以琳坊,31480834,0.00,300.00,文具用品費用,金錢,基隆市安樂區****,,
4,莊錦田,107年縣(市)議員選舉,首次申報,1070802,宣傳支出,大武崙郵局,,0.00,258.00,郵寄競選物品或宣傳廣告支出,金錢,基隆市安樂區****,,
5,莊錦田,107年縣(市)議員選舉,首次申報,1070803,宣傳支出,印堤科技國際有公司,28471918,0.00,422.00,發送電信簡訊支出,金錢,桃園市龍潭區****,,
6,莊錦田,107年縣(市)議員選舉,首次申報,1070805,人事費用支出,林宜慧,G22*******,0.00,10000.00,獎金或津貼,金錢,基隆市安樂區****,,
7,莊錦田,107年縣(市)議員選舉,首次申報,1070826,交通旅運支出,台亞石油,09807239,0.00,1234.00,油資  AGV-,金錢,,,
8,莊錦田,107年縣(市)議員選舉,首次申報,1070831,交通旅運支出,台亞石油麥金加油站,30198887,0.00,1363.00,油資  AGV-,金錢,,,
9,莊錦田,107年縣(市)議員選舉,首次申報,1070904,交通旅運支出,台亞石油麥金加油站,30198887,0.00,1440.00,油資  AGV-,金錢,,,
10,莊錦田,107年縣(市)議員選舉,首次申報,1070905,人事費用支出,鄭仰峰,A12*******,0.00,30000.00,工資或薪津,金錢,基隆市安樂區****,,
11,莊錦田,107年縣(市)議員選舉,首次申報,1070905,人事費用支出,林宜慧,G22*******,0.00,10000.00,獎金或津貼,金錢,基隆市安樂區****,,
12,莊錦田,107年縣(市)議員選舉,首次申報,1070908,交通旅運支出,台亞石油麥金加油站,30198887,0.00,1309.00,油資  AGV-,金錢,,,
13,莊錦田,107年縣(市)議員選舉,首次申報,1070913,雜支支出,台亞石油中正路加油站,09807239,0.00,1003.00,汽機車燃料費用   -EA,金錢,,,
14,莊錦田,107年縣(市)議員選舉,首次申報,1070914,交通旅運支出,台亞石油麥金加油站,30198887,0.00,1475.00,油資  AGV-,金錢,,,
15,莊錦田,107年縣(市)議員選舉,首次申報,1070919,交通旅運支出,台亞石油麥金加油站,30198887,0.00,1455.00,油資  AGV-,金錢,,,
16,莊錦田,107年縣(市)議員選舉,首次申報,1070919,雜支支出,小天使海鮮熱炒,74839848,0.00,700.00,餐飲費用,金錢,基隆市安樂區****,,
17,莊錦田,107年縣(市)議員選舉,首次申報,1070920,雜支支出,小天使海鮮熱炒,,0.00,640.00,餐飲費用,金錢,基隆市基金一****,,
18,莊錦田,107年縣(市)議員選舉,首次申報,1070924,交通旅運支出,台亞石油麥金加油站,30198887,0.00,1425.00,油資  AGV-,金錢,,,
19,莊錦田,107年縣(市)議員選舉,首次申報,1070925,雜支支出,小天使海鮮熱炒,,0.00,630.00,餐飲費用,金錢,基隆市安樂區****,,
20,莊錦田,107年縣(市)議員選舉,首次申報,1070926,雜支支出,小天使海鮮熱炒,,0.00,675.00,餐飲費用,金錢,基隆市安樂區****,,
21,莊錦田,107年縣(市)議員選舉,首次申報,1070927,雜支支出,基金福隆店,,0.00,750.00,餐飲費用,金錢,基隆市安樂區****,,
22,莊錦田,107年縣(市)議員選舉,首次申報,1070927,雜支支出,定佳有限公司,,0.00,2700.00,文具用品費用-影印紙(白色包，粉紅包，淺藍包，淺綠包，淺黃包),金錢,新北市鶯歌區****,,
23,莊錦田,107年縣(市)議員選舉,首次申報,1070928,雜支支出,名鄉燒腊店,,0.00,765.00,餐飲費用,金錢,基隆市安樂區****,,
24,莊錦田,107年縣(市)議員選舉,首次申報,1070928,交通旅運支出,台亞石油麥金加油站,30198887,0.00,1367.00,油資  AGV-,金錢,,,
25,莊錦田,107年縣(市)議員選舉,首次申報,1071001,返還支出,劉豐榜,N12*******,0.00,100000.00,返還,金錢,基隆市七堵區****,2451*****,
26,莊錦田,107年縣(市)議員選舉,首次申報,1071002,雜支支出,全聯大武崙分公司,27923148,0.00,120.00,雜項購置-清潔用品-白博士,金錢,,,
27,莊錦田,107年縣(市)議員選舉,首次申報,1071003,雜支支出,慶筑小吃店,30256387,0.00,765.00,餐飲費用,金錢,基隆市中山區****,,
28,莊錦田,107年縣(市)議員選舉,首次申報,1071003,雜支支出,武嶺廖媽媽餐館,39965446,0.00,680.00,餐飲費用,金錢,基隆市安樂區****,,
29,莊錦田,107年縣(市)議員選舉,首次申報,1071004,交通旅運支出,台亞石油麥金加油站,30198887,0.00,1359.00,油資  AGV-,金錢,,,
30,莊錦田,107年縣(市)議員選舉,首次申報,1071004,雜支支出,天下滷肉飯,81817566,0.00,600.00,餐飲費用,金錢,基隆市安樂區****,,
31,莊錦田,107年縣(市)議員選舉,首次申報,1071005,宣傳支出,齊邑企業股份有限公司,52554092,0.00,37800.00,播送、傳送或刊登宣傳廣告支出,金錢,臺北市信義區****,,
32,莊錦田,107年縣(市)議員選舉,首次申報,1071005,雜支支出,天下滷肉飯,81817566,0.00,600.00,餐飲費用,金錢,基隆市安樂區****,,
33,莊錦田,107年縣(市)議員選舉,首次申報,1071005,人事費用支出,鄭仰峰,A12*******,0.00,30000.00,工資或薪津,金錢,基隆市安樂區****,,
34,莊錦田,107年縣(市)議員選舉,首次申報,1071005,人事費用支出,林宜慧,G22*******,0.00,15000.00,獎金或津貼,金錢,基隆市安樂區****,,
35,莊錦田,107年縣(市)議員選舉,首次申報,1071005,人事費用支出,廖建豪,H12*******,0.00,30000.00,工資或薪津,金錢,桃園市大溪區****,,
36,莊錦田,107年縣(市)議員選舉,首次申報,1071008,交通旅運支出,台亞石油麥金加油站,30198887,0.00,1389.00,油資  AGV-,金錢,,,
37,莊錦田,107年縣(市)議員選舉,首次申報,1071008,宣傳支出,綵豐團體服裝行,41367240,0.00,6200.00,製作競選物品支出（競選背心）,金錢,新北市板橋區****,,
38,莊錦田,107年縣(市)議員選舉,首次申報,1071008,雜支支出,定佳有限公司,54710160,0.00,1065.00,文具用品費用-噴墨貼紙,金錢,新北市鶯歌區****,,
39,莊錦田,107年縣(市)議員選舉,首次申報,1071008,交通旅運支出,中油安樂站,77709621,0.00,1000.00,油資,金錢,,,
40,莊錦田,107年縣(市)議員選舉,首次申報,1071008,雜支支出,東帝士,81800164,0.00,443.00,雜項購置-清潔用品,金錢,,,
41,莊錦田,107年縣(市)議員選舉,首次申報,1071009,雜支支出,基金福隆店,09976121,0.00,825.00,餐飲費用,金錢,基隆市安樂區****,,
42,莊錦田,107年縣(市)議員選舉,首次申報,1071009,雜支支出,周記小吃店,81813111,0.00,850.00,餐飲費用,金錢,基隆市安樂區****,,
43,莊錦田,107年縣(市)議員選舉,首次申報,1071011,宣傳支出,愛二路郵局,,0.00,536.00,郵寄競選物品或宣傳廣告支出,金錢,,,
44,莊錦田,107年縣(市)議員選舉,首次申報,1071011,雜支支出,周記小吃店,81813111,0.00,850.00,餐飲費用,金錢,基隆市安樂區****,,
45,莊錦田,107年縣(市)議員選舉,首次申報,1071011,雜支支出,天下滷肉飯,81817566,0.00,600.00,餐飲費用,金錢,基隆市安樂區****,,
46,莊錦田,107年縣(市)議員選舉,首次申報,1071012,宣傳支出,愛二路郵局,,0.00,352.00,郵寄競選物品或宣傳廣告支出,金錢,,,
47,莊錦田,107年縣(市)議員選舉,首次申報,1071012,宣傳支出,印堤科技國際有公司,28471918,0.00,757.00,發送電信簡訊支出,金錢,桃園市龍潭區****,,
48,莊錦田,107年縣(市)議員選舉,首次申報,1071012,雜支支出,武嶺廖媽媽餐館,39965446,0.00,765.00,餐飲費用,金錢,基隆市安樂區****,,
49,莊錦田,107年縣(市)議員選舉,首次申報,1071012,雜支支出,田園健康素食坊,42160274,0.00,770.00,餐飲費用,金錢,基隆市安樂區****,,
50,莊錦田,107年縣(市)議員選舉,首次申報,1071013,交通旅運支出,台亞石油麥金加油站,30198887,0.00,1366.00,油資  AGV-,金錢,,,
51,莊錦田,107年縣(市)議員選舉,首次申報,1071015,雜支支出,小天使海鮮熱炒,74839848,0.00,825.00,餐飲費用,金錢,基隆市安樂區****,,
52,莊錦田,107年縣(市)議員選舉,首次申報,1071015,雜支支出,小天使海鮮熱炒,74839848,0.00,700.00,餐飲費用,金錢,基隆市安樂區****,,
53,莊錦田,107年縣(市)議員選舉,首次申報,1071016,雜支支出,小文飲食店,00679064,0.00,700.00,餐飲費用,金錢,基隆市安一路****,,
54,莊錦田,107年縣(市)議員選舉,首次申報,1071016,雜支支出,小天使海鮮熱炒,74839848,0.00,700.00,餐飲費用,金錢,基隆市安樂區****,,
55,莊錦田,107年縣(市)議員選舉,首次申報,1071016,交通旅運支出,中油大武崙站,77709609,0.00,1000.00,油資  -EA,金錢,,,
56,莊錦田,107年縣(市)議員選舉,首次申報,1071017,雜支支出,老爹魯肉飯,18313449,0.00,1500.00,餐飲費用,金錢,基隆市安樂區****,,
57,莊錦田,107年縣(市)議員選舉,首次申報,1071017,交通旅運支出,台亞石油麥金加油站,30198887,0.00,1389.00,油資  AGV-,金錢,,,
58,莊錦田,107年縣(市)議員選舉,首次申報,1071017,雜支支出,日興五金有限公司,55981528,0.00,870.00,雜項購置-透明布-桌墊,金錢,基隆市安樂區****,,
59,莊錦田,107年縣(市)議員選舉,首次申報,1071017,雜支支出,周記小吃店,81813111,0.00,1020.00,餐飲費用,金錢,基隆市安樂區****,,
60,莊錦田,107年縣(市)議員選舉,首次申報,1071018,雜支支出,勤和行,,0.00,1700.00,餐飲費用-競選總部水果,金錢,基隆市安樂區****,,
61,莊錦田,107年縣(市)議員選舉,首次申報,1071018,雜支支出,文通企業有限公司,00660059,0.00,230.00,雜項購置-免洗筷.,金錢,基隆市仁二路****,,
62,莊錦田,107年縣(市)議員選舉,首次申報,1071018,雜支支出,以琳坊,31480834,0.00,22.00,文具用品費用,金錢,基隆市安樂區****,,
63,莊錦田,107年縣(市)議員選舉,首次申報,1071018,雜支支出,明達果菜行,34010168,0.00,203.00,餐飲費用-蔬菜,金錢,基隆市安樂區****,,
64,莊錦田,107年縣(市)議員選舉,首次申報,1071018,雜支支出,小天使海鮮熱炒,74839848,0.00,700.00,餐飲費用,金錢,基隆市安樂區****,,
65,莊錦田,107年縣(市)議員選舉,首次申報,1071018,雜支支出,小天使海鮮熱炒,74839848,0.00,880.00,餐飲費用,金錢,基隆市安樂區****,,
66,莊錦田,107年縣(市)議員選舉,首次申報,1071019,集會支出,張麻油飯,,0.00,2400.00,餐飲支出-油飯,金錢,基隆市仁愛區****,,
67,莊錦田,107年縣(市)議員選舉,首次申報,1071019,雜支支出,明星行,00160701,0.00,2100.00,雜項購置-輕便雨衣(成立大會用),金錢,基隆市仁愛區****,,
68,莊錦田,107年縣(市)議員選舉,首次申報,1071019,雜支支出,小天使海鮮熱炒,74839848,0.00,700.00,餐飲費用,金錢,基隆市安樂區****,,
69,莊錦田,107年縣(市)議員選舉,首次申報,1071019,雜支支出,小天使海鮮熱炒,74839848,0.00,720.00,餐飲費用,金錢,基隆市安樂區****,,
70,莊錦田,107年縣(市)議員選舉,首次申報,1071019,雜支支出,好康蔬果店,81821935,0.00,560.00,雜項購置-競選總部拜拜水果,金錢,,,
71,莊錦田,107年縣(市)議員選舉,首次申報,1071019,雜支支出,好康蔬果店,98110298,0.00,490.00,雜項購置-競選總部拜拜水果,金錢,,,
72,莊錦田,107年縣(市)議員選舉,首次申報,1071021,交通旅運支出,台亞石油麥金加油站,30198887,0.00,1299.00,油資  AGV-,金錢,,,
73,莊錦田,107年縣(市)議員選舉,首次申報,1071022,雜支支出,小天使海鮮熱炒,74839848,0.00,1050.00,餐飲費用,金錢,基隆市安樂區****,,
74,莊錦田,107年縣(市)議員選舉,首次申報,1071022,雜支支出,小天使海鮮熱炒,74839848,0.00,800.00,餐飲費用,金錢,基隆市安樂區****,,
75,莊錦田,107年縣(市)議員選舉,首次申報,1071022,集會支出,王哥企業社,81800397,0.00,27900.00,租用設備支出-舞台搭設，帳棚.桌子.椅子,金錢,基隆市仁愛區****,,
76,莊錦田,107年縣(市)議員選舉,首次申報,1071023,雜支支出,小天使海鮮熱炒,74839848,0.00,770.00,餐飲費用,金錢,基隆市安樂區****,,
77,莊錦田,107年縣(市)議員選舉,首次申報,1071023,雜支支出,小天使海鮮熱炒,74839848,0.00,765.00,餐飲費用,金錢,基隆市安樂區****,,
78,莊錦田,107年縣(市)議員選舉,首次申報,1071024,雜支支出,小天使海鮮熱炒,74839848,0.00,880.00,餐飲費用,金錢,基隆市安樂區****,,
79,莊錦田,107年縣(市)議員選舉,首次申報,1071024,交通旅運支出,中油祥豐站,76665060,0.00,1000.00,油資  -EA,金錢,,,
80,莊錦田,107年縣(市)議員選舉,首次申報,1071024,雜支支出,豪勇電機五金行,8180070,0.00,100.00,雜項購置或修繕費用,金錢,基隆市安樂區****,,
81,莊錦田,107年縣(市)議員選舉,首次申報,1071024,雜支支出,周記小吃店,81813111,0.00,800.00,餐飲費用,金錢,基隆市安樂區****,,
82,莊錦田,107年縣(市)議員選舉,首次申報,1071024,雜支支出,TOYOTA北都汽車股份有限公司大武崙分公司,84309241,0.00,6000.00,修繕費用-宣傳車保養  AGV-,金錢,,,
83,莊錦田,107年縣(市)議員選舉,首次申報,1071025,雜支支出,小天使海鮮熱炒,74839848,0.00,770.00,餐飲費用,金錢,基隆市安樂區****,,
84,莊錦田,107年縣(市)議員選舉,首次申報,1071025,宣傳支出,儒鑫電腦打字排版行,81810732,0.00,18000.00,製作競選物品支出（名片.貼紙）,金錢,基隆市安樂區****,,
85,莊錦田,107年縣(市)議員選舉,首次申報,1071025,集會支出,駿森錄影工作室,98106999,0.00,7000.00,租用設備支出-競選總部成立錄影,金錢,基隆市安樂區****,,
86,莊錦田,107年縣(市)議員選舉,首次申報,1071026,宣傳支出,大武崙郵局,,0.00,64.00,郵寄競選物品或宣傳廣告支出,金錢,,,
87,莊錦田,107年縣(市)議員選舉,首次申報,1071026,雜支支出,鴨香寶港式燒臘,31525348,0.00,765.00,餐飲費用,金錢,基隆市安樂區****,,
88,莊錦田,107年縣(市)議員選舉,首次申報,1071026,雜支支出,小天使海鮮熱炒,74839848,0.00,750.00,餐飲費用,金錢,基隆市安樂區****,,
89,莊錦田,107年縣(市)議員選舉,首次申報,1071027,交通旅運支出,台亞石油麥金加油站,30198887,0.00,1475.00,油資  AGV-,金錢,,,
90,莊錦田,107年縣(市)議員選舉,首次申報,1071028,雜支支出,欣馨小吃店,34945576,0.00,285.00,餐飲費用,金錢,基隆市安樂區****,,
91,莊錦田,107年縣(市)議員選舉,首次申報,1071028,雜支支出,欣馨小吃店,34945576,0.00,640.00,餐飲費用,金錢,基隆市安樂區****,,
92,莊錦田,107年縣(市)議員選舉,首次申報,1071030,雜支支出,小天使海鮮熱炒,74839848,0.00,700.00,餐飲費用,金錢,基隆市安樂區****,,
93,莊錦田,107年縣(市)議員選舉,首次申報,1071030,交通旅運支出,統一精工,80877122,0.00,1000.00,油資  -EA,金錢,,,
94,莊錦田,107年縣(市)議員選舉,首次申報,1071031,雜支支出,泰昌汽車裝潢帆布行,00868543,0.00,1300.00,雜項購置-宣傳車旅行架,金錢,,,
95,莊錦田,107年縣(市)議員選舉,首次申報,1071031,交通旅運支出,台亞石油麥金加油站,30198887,0.00,1425.00,油資  AGV-,金錢,,,
96,莊錦田,107年縣(市)議員選舉,首次申報,1071031,雜支支出,鎔記小館,50585751,0.00,700.00,餐飲費用,金錢,基隆市安樂區****,,
97,莊錦田,107年縣(市)議員選舉,首次申報,1071101,雜支支出,小天使海鮮熱炒,74839848,0.00,770.00,餐飲費用,金錢,基隆市安樂區****,,
98,莊錦田,107年縣(市)議員選舉,首次申報,1071101,宣傳支出,儒鑫電腦打字排版行,81810732,0.00,7200.00,製作競選物品支出（信函DM）,金錢,基隆市安樂區****,,
99,莊錦田,107年縣(市)議員選舉,首次申報,1071102,雜支支出,溫莎堡食品股份有限公司,23821660,0.00,2200.00,餐飲費用,金錢,基隆市安樂區****,,
100,莊錦田,107年縣(市)議員選舉,首次申報,1071102,雜支支出,周記小吃店,81813111,0.00,480.00,餐飲費用,金錢,基隆市安樂區****,,
101,莊錦田,107年縣(市)議員選舉,首次申報,1071104,交通旅運支出,台亞石油麥金加油站,30198887,0.00,1425.00,油資  AGV-,金錢,,,
102,莊錦田,107年縣(市)議員選舉,首次申報,1071104,雜支支出,欣馨小吃店,31546435,0.00,585.00,餐飲費用,金錢,基隆市中山區****,,
103,莊錦田,107年縣(市)議員選舉,首次申報,1071104,雜支支出,欣馨小吃店,34945576,0.00,175.00,餐飲費用,金錢,基隆市安樂區****,,
104,莊錦田,107年縣(市)議員選舉,首次申報,1071104,交通旅運支出,中油西定路站,77709615,0.00,1000.00,油資  -EA,金錢,,,
105,莊錦田,107年縣(市)議員選舉,首次申報,1071105,雜支支出,老爹魯肉飯,18313449,0.00,560.00,餐飲費用,金錢,基隆市安樂區****,,
106,莊錦田,107年縣(市)議員選舉,首次申報,1071105,雜支支出,小天使海鮮熱炒,74839848,0.00,700.00,餐飲費用,金錢,基隆市安樂區****,,
107,莊錦田,107年縣(市)議員選舉,首次申報,1071105,人事費用支出,鄭仰峰,A12*******,0.00,30000.00,工資或薪津,金錢,基隆市安樂區****,,
108,莊錦田,107年縣(市)議員選舉,首次申報,1071105,人事費用支出,林宜慧,G22*******,0.00,15000.00,工資或薪津,金錢,基隆市安樂區****,,
109,莊錦田,107年縣(市)議員選舉,首次申報,1071105,人事費用支出,廖建豪,H12*******,0.00,30000.00,工資或薪津,金錢,桃園市大溪區****,,
110,莊錦田,107年縣(市)議員選舉,首次申報,1071106,雜支支出,李師父便當店,31546435,0.00,390.00,餐飲費用,金錢,基隆市中山區****,,
111,莊錦田,107年縣(市)議員選舉,首次申報,1071106,雜支支出,天下滷肉飯,81817566,0.00,500.00,餐飲費用,金錢,基隆市安樂區****,,
112,莊錦田,107年縣(市)議員選舉,首次申報,1071107,雜支支出,老爹魯肉飯,18313449,0.00,200.00,餐飲費用,金錢,基隆市安樂區****,,
113,莊錦田,107年縣(市)議員選舉,首次申報,1071107,交通旅運支出,台亞石油麥金加油站,30198887,0.00,1029.00,油資  AGV-,金錢,,,
114,莊錦田,107年縣(市)議員選舉,首次申報,1071107,雜支支出,美美百貨商行,39965282,0.00,89.00,擴音機電池,金錢,基隆市安樂區****,,
115,莊錦田,107年縣(市)議員選舉,首次申報,1071107,雜支支出,周記小吃店,81813111,0.00,680.00,餐飲費用,金錢,基隆市安樂區****,,
116,莊錦田,107年縣(市)議員選舉,首次申報,1071108,交通旅運支出,全國加油站,30378473,0.00,1000.00,油資--EA,金錢,,,
117,莊錦田,107年縣(市)議員選舉,首次申報,1071108,雜支支出,天下滷肉飯,81817566,0.00,600.00,餐飲費用,金錢,基隆市安樂區****,,
118,莊錦田,107年縣(市)議員選舉,首次申報,1071109,雜支支出,基金福隆店,09976121,0.00,1050.00,餐飲費用,金錢,基隆市安樂區****,,
119,莊錦田,107年縣(市)議員選舉,首次申報,1071109,雜支支出,台豐文教有限公司,53290990,0.00,80.00,文具用品費用-訂書針,金錢,基隆市仁愛區****,,
120,莊錦田,107年縣(市)議員選舉,首次申報,1071109,雜支支出,小天使海鮮熱炒,74839848,0.00,840.00,餐飲費用,金錢,基隆市安樂區****,,
121,莊錦田,107年縣(市)議員選舉,首次申報,1071109,宣傳支出,吉隆有線電視股份有限公司,97162515,0.00,105000.00,製作宣傳廣告支出,金錢,基隆市七堵區****,,
122,莊錦田,107年縣(市)議員選舉,首次申報,1071111,交通旅運支出,台亞石油麥金加油站,30198887,0.00,1382.00,油資  AGV-,金錢,,,
123,莊錦田,107年縣(市)議員選舉,首次申報,1071112,雜支支出,美美百貨商行,39965282,0.00,152.00,雜項購置-垃圾袋.雙面膠,金錢,基隆市安樂區****,,
124,莊錦田,107年縣(市)議員選舉,首次申報,1071112,雜支支出,小天使海鮮熱炒,74839848,0.00,750.00,餐飲費用,金錢,基隆市安樂區****,,
125,莊錦田,107年縣(市)議員選舉,首次申報,1071112,雜支支出,周記小吃店,81813111,0.00,640.00,餐飲費用,金錢,基隆市安樂區****,,
126,莊錦田,107年縣(市)議員選舉,首次申報,1071113,雜支支出,燦坤3C,28419202,0.00,169.00,雜項購置-隨身碟,金錢,,,
127,莊錦田,107年縣(市)議員選舉,首次申報,1071113,雜支支出,小天使海鮮熱炒,74839848,0.00,700.00,餐飲費用,金錢,基隆市安樂區****,,
128,莊錦田,107年縣(市)議員選舉,首次申報,1071113,雜支支出,玉惠飲食店,81803850,0.00,1020.00,餐飲費用,金錢,基隆市安樂區****,,
129,莊錦田,107年縣(市)議員選舉,首次申報,1071113,雜支支出,豪勇電機五金行,81810070,0.00,140.00,雜項購置-束帶,金錢,基隆市安樂區****,,
130,莊錦田,107年縣(市)議員選舉,首次申報,1071114,雜支支出,台亞石油-麥金加油站,30198887,0.00,199.00,汽機車燃料費用,金錢,基隆市安樂區****,,
131,莊錦田,107年縣(市)議員選舉,首次申報,1071114,雜支支出,美美百貨商行,39965282,0.00,260.00,雜項購置-免洗碗,金錢,基隆市安樂區****,,
132,莊錦田,107年縣(市)議員選舉,首次申報,1071114,集會支出,路地壽司店,72824398,0.00,6400.00,開會,金錢,基隆市義三路****,,
133,莊錦田,107年縣(市)議員選舉,首次申報,1071114,雜支支出,小天使海鮮熱炒,74839848,0.00,630.00,餐飲費用,金錢,基隆市安樂區****,,
134,莊錦田,107年縣(市)議員選舉,首次申報,1071114,交通旅運支出,中油-安樂站,77709621,0.00,50.00,油資,金錢,基隆市安樂區****,,
135,莊錦田,107年縣(市)議員選舉,首次申報,1071114,交通旅運支出,統一精工,80877122,0.00,1022.00,油資  -EA,金錢,基隆市****,,
136,莊錦田,107年縣(市)議員選舉,首次申報,1071115,雜支支出,基金福隆店,09976121,0.00,910.00,餐飲費用,金錢,基隆市安樂區****,,
137,莊錦田,107年縣(市)議員選舉,首次申報,1071116,交通旅運支出,台亞石油麥金加油站,30198887,0.00,606.00,油資  AGV-,金錢,,,
138,莊錦田,107年縣(市)議員選舉,首次申報,1071116,雜支支出,鴨香寶港式燒臘,31525348,0.00,680.00,餐飲費用,金錢,基隆市安樂區****,,
139,莊錦田,107年縣(市)議員選舉,首次申報,1071118,交通旅運支出,中油碇內加油站,00938793,0.00,1000.00,油資  -EA,金錢,,,
140,莊錦田,107年縣(市)議員選舉,首次申報,1071118,交通旅運支出,台亞石油麥金加油站,30198887,0.00,1267.00,油資  AGV-,金錢,,,
141,莊錦田,107年縣(市)議員選舉,首次申報,1071119,宣傳支出,愛二路郵局,,0.00,14284.00,郵寄競選物品或宣傳廣告支出,金錢,,,
142,莊錦田,107年縣(市)議員選舉,首次申報,1071119,雜支支出,小天使海鮮熱炒,74839848,0.00,910.00,餐飲費用,金錢,基隆市安樂區****,,
143,莊錦田,107年縣(市)議員選舉,首次申報,1071119,人事費用支出,羅淑禎,C22*******,0.00,16000.00,工資或薪津,金錢,基隆市中山區****,,
144,莊錦田,107年縣(市)議員選舉,首次申報,1071120,雜支支出,台亞石油-麥金加油站,30198887,0.00,1291.00,汽機車燃料費用  AGV-,金錢,,,
145,莊錦田,107年縣(市)議員選舉,首次申報,1071120,雜支支出,周記小吃店,81813111,0.00,1275.00,餐飲費用,金錢,基隆市安樂區****,,
146,莊錦田,107年縣(市)議員選舉,首次申報,1071120,雜支支出,天下滷肉飯,81817566,0.00,800.00,餐飲費用,金錢,基隆市安樂區****,,
147,莊錦田,107年縣(市)議員選舉,首次申報,1071121,交通旅運支出,中油成功一路加油站,77709565,0.00,1000.00,油資,金錢,,,
148,莊錦田,107年縣(市)議員選舉,首次申報,1071121,雜支支出,玉惠飲食店,81803650,0.00,595.00,餐飲費用,金錢,基隆市安樂區****,,
149,莊錦田,107年縣(市)議員選舉,首次申報,1071121,宣傳支出,儒鑫電腦打字排版行,81810732,0.00,7500.00,製作競選物品支出（信函DM）,金錢,基隆市安樂區****,,
150,莊錦田,107年縣(市)議員選舉,首次申報,1071121,雜支支出,天下滷肉飯,81817566,0.00,550.00,餐飲費用,金錢,基隆市安樂區****,,
151,莊錦田,107年縣(市)議員選舉,首次申報,1071122,雜支支出,周記小吃店,39965446,0.00,950.00,餐飲費用,金錢,基隆市安樂區****,,
152,莊錦田,107年縣(市)議員選舉,首次申報,1071122,雜支支出,周記小吃店,81813111,0.00,935.00,餐飲費用,金錢,基隆市安樂區****,,
153,莊錦田,107年縣(市)議員選舉,首次申報,1071123,交通旅運支出,泉益加油站,23686828,0.00,74.00,油資,金錢,,,
154,莊錦田,107年縣(市)議員選舉,首次申報,1071123,交通旅運支出,台亞石油,30198887,0.00,153.00,油資,金錢,,,
155,莊錦田,107年縣(市)議員選舉,首次申報,1071123,交通旅運支出,台亞石油麥金加油站,30198887,0.00,1288.00,油資  AGV-,金錢,,,
156,莊錦田,107年縣(市)議員選舉,首次申報,1071123,雜支支出,全聯武隆分公司,53672239,0.00,545.00,雜項購置-暖暖包,金錢,,,
157,莊錦田,107年縣(市)議員選舉,首次申報,1071123,雜支支出,名鄉燒腊店,74834344,0.00,1575.00,餐飲費用,金錢,基隆市安樂區****,,
158,莊錦田,107年縣(市)議員選舉,首次申報,1071123,雜支支出,周記小吃店,81813111,0.00,2125.00,餐飲費用,金錢,基隆市安樂區****,,
159,莊錦田,107年縣(市)議員選舉,首次申報,1071125,雜支支出,金鮮魯肉飯店,10571318,0.00,2400.00,餐飲費用,金錢,基隆市安樂區****,,
160,莊錦田,107年縣(市)議員選舉,首次申報,1071125,雜支支出,溫沙堡食品股份有限公司,23821660,0.00,2500.00,餐飲費用,金錢,基隆市安樂區****,,
161,莊錦田,107年縣(市)議員選舉,首次申報,1071125,人事費用支出,鄭仰壹,A12*******,0.00,30000.00,工資或薪津,金錢,基隆市安樂區****,,
162,莊錦田,107年縣(市)議員選舉,首次申報,1071125,租用宣傳車輛支出,魏天枝,G10*******,0.00,31500.00,雇用宣傳車輛駕駛支出,金錢,基隆市信義區****,,
163,莊錦田,107年縣(市)議員選舉,首次申報,1071126,交通旅運支出,台亞石油麥金加油站,3019887,0.00,920.00,油資  -EA,金錢,,,
164,莊錦田,107年縣(市)議員選舉,首次申報,1071127,雜支支出,和大文化企業有限公司,2328049,0.00,32.00,雜項購置-謝卡,金錢,基隆市仁愛區****,,
165,莊錦田,107年縣(市)議員選舉,首次申報,1071127,雜支支出,台豐文教有限公司,53290990,0.00,24.00,文具用品費用,金錢,基隆市仁愛區****,,
166,莊錦田,107年縣(市)議員選舉,首次申報,1071128,宣傳支出,愛二路郵局,,0.00,112.00,郵寄競選物品或宣傳廣告支出,金錢,基隆市****,,
167,莊錦田,107年縣(市)議員選舉,首次申報,1071128,交通旅運支出,台亞石油中正路加油站,09807239,0.00,1328.00,油資  AGV-,金錢,,,
168,莊錦田,107年縣(市)議員選舉,首次申報,1071128,雜支支出,美美百貨商行,39965282,0.00,220.00,雜項購置-噴漆,金錢,基隆市安樂區****,,
169,莊錦田,107年縣(市)議員選舉,首次申報,1071130,宣傳支出,順易利實業有限公司,16734752,0.00,75000.00,製作競選物品支出-口罩文宣,金錢,臺北市大安區****,,
170,莊錦田,107年縣(市)議員選舉,首次申報,1071130,宣傳支出,順易利實業有限公司,16734752,0.00,18000.00,製作競選物品支出-口罩文宣,金錢,臺北市大安區****,,
171,莊錦田,107年縣(市)議員選舉,首次申報,1071130,人事費用支出,周若豪,C12*******,0.00,7000.00,工資或薪津,金錢,基隆市仁愛區****,,
172,莊錦田,107年縣(市)議員選舉,首次申報,1071201,交通旅運支出,台亞石油麥金加油站,30198887,0.00,623.00,油資  AGV-,金錢,,,
173,莊錦田,107年縣(市)議員選舉,首次申報,1071204,公共關係費用支出,北都大飯店股份有公司,84449881,0.00,9000.00,聯誼交際費用,金錢,基隆市信二路****,,
174,莊錦田,107年縣(市)議員選舉,首次申報,1071205,雜支支出,中華電信,41245296,0.00,10800.00,雜項購置或修繕費用-電話,金錢,,,
175,莊錦田,107年縣(市)議員選舉,首次申報,1071205,雜支支出,小天使海鮮熱炒,74839848,0.00,490.00,餐飲費用,金錢,基隆市安樂區****,,
176,莊錦田,107年縣(市)議員選舉,首次申報,1071205,人事費用支出,鄭仰峰,A12*******,0.00,30000.00,工資或薪津,金錢,基隆市安樂區****,,
177,莊錦田,107年縣(市)議員選舉,首次申報,1071205,人事費用支出,林宜慧,G22*******,0.00,15000.00,獎金或津貼,金錢,基隆市安樂區****,,
178,莊錦田,107年縣(市)議員選舉,首次申報,1071205,人事費用支出,廖建豪,H12*******,0.00,30000.00,工資或薪津,金錢,桃園市大溪區****,,
179,莊錦田,107年縣(市)議員選舉,首次申報,1071209,交通旅運支出,台亞石油,09807239,0.00,1135.00,油資  AGV-,金錢,,,
180,莊錦田,107年縣(市)議員選舉,首次申報,1071210,公共關係費用支出,源裕行,18297932,0.00,1890.00,聯誼交際費用,金錢,基隆市信義區****,,
181,莊錦田,107年縣(市)議員選舉,首次申報,1071211,公共關係費用支出,北都大飯店股份有公司,84449881,0.00,9000.00,聯誼交際費用,金錢,基隆市信義區****,,
182,莊錦田,107年縣(市)議員選舉,首次申報,1071218,宣傳支出,藝大廣告社,76665792,0.00,270000.00,製作宣傳廣告支出-廣告看板,金錢,基隆市中正區****,,
183,莊錦田,107年縣(市)議員選舉,首次申報,1071221,交通旅運支出,台亞石油,09807239,0.00,742.00,油資  AGV-,金錢,,,
184,莊錦田,107年縣(市)議員選舉,首次申報,1071221,交通旅運支出,台亞石油,30198887,0.00,1298.00,油資  AGV-,金錢,,,
185,莊錦田,107年縣(市)議員選舉,首次申報,1071222,宣傳支出,廣藝工程行,09863421,0.00,200000.00,製作宣傳廣告支出-戶外帆布廣告,金錢,基隆市中正區****,,
