﻿序號,擬參選人／政黨,選舉名稱,申報序號／年度,交易日期,收支科目,捐贈者／支出對象,身分證／統一編號,收入金額,支出金額,支出用途,金錢類,地址,聯絡電話,資料更正日期
1,莊錦田,107年縣(市)議員選舉,首次申報,1070907,個人捐贈收入,鄭文煜,C10*******,50000.00,0.00,,金錢,基隆市武訓街****,2432*****,
2,莊錦田,107年縣(市)議員選舉,首次申報,1070911,匿名捐贈,匿名,,2000.00,0.00,,金錢,,,
3,莊錦田,107年縣(市)議員選舉,首次申報,1070921,個人捐贈收入,劉豐榜,N12*******,200000.00,0.00,,金錢,基隆市七堵區****,2451*****,
4,莊錦田,107年縣(市)議員選舉,首次申報,1071002,匿名捐贈,匿名,,1000.00,0.00,,金錢,,,
5,莊錦田,107年縣(市)議員選舉,首次申報,1071004,個人捐贈收入,林介山,P12*******,100000.00,0.00,,金錢,基隆市七堵區****,,
6,莊錦田,107年縣(市)議員選舉,首次申報,1071008,個人捐贈收入,王劍漪,H29*******,10000.00,0.00,,金錢,基隆市新明路****,,
7,莊錦田,107年縣(市)議員選舉,首次申報,1071009,匿名捐贈,匿名,,1000.00,0.00,,金錢,,,
8,莊錦田,107年縣(市)議員選舉,首次申報,1071011,個人捐贈收入,陳光雄,C10*******,3000.00,0.00,,金錢,,,
9,莊錦田,107年縣(市)議員選舉,首次申報,1071015,個人捐贈收入,呂春益,C10*******,10000.00,0.00,,金錢,,,
10,莊錦田,107年縣(市)議員選舉,首次申報,1071018,個人捐贈收入,鄭美華,C20*******,5000.00,0.00,,金錢,,,
11,莊錦田,107年縣(市)議員選舉,首次申報,1071019,營利事業捐贈收入,基隆第一信用合作社,00280902,30000.00,0.00,,金錢,基隆市中正區****,,
12,莊錦田,107年縣(市)議員選舉,首次申報,1071019,個人捐贈收入,吳忠昌,M10*******,5000.00,0.00,,金錢,,,
13,莊錦田,107年縣(市)議員選舉,首次申報,1071019,個人捐贈收入,蔡淑美,P22*******,6000.00,0.00,,金錢,,,
14,莊錦田,107年縣(市)議員選舉,首次申報,1071019,個人捐贈收入,陳俊翰,S12*******,1000.00,0.00,,金錢,,,
15,莊錦田,107年縣(市)議員選舉,首次申報,1071021,其他收入,利息收入,,7.00,0.00,,金錢,,,
16,莊錦田,107年縣(市)議員選舉,首次申報,1071023,營利事業捐贈收入,耀瀚股份有限公司,04487905,20000.00,0.00,,金錢,,,
17,莊錦田,107年縣(市)議員選舉,首次申報,1071031,個人捐贈收入,江宏志,C10*******,100000.00,0.00,,金錢,臺北市中山區****,0937*****,
18,莊錦田,107年縣(市)議員選舉,首次申報,1071031,個人捐贈收入,江榮慶,C12*******,100000.00,0.00,,金錢,基隆市仁愛區****,0933*****,
19,莊錦田,107年縣(市)議員選舉,首次申報,1071031,個人捐贈收入,江莊麗華,C20*******,100000.00,0.00,,金錢,臺北市內湖區****,0910*****,
20,莊錦田,107年縣(市)議員選舉,首次申報,1071031,個人捐贈收入,鄭明珠,C22*******,20000.00,0.00,,金錢,,,
21,莊錦田,107年縣(市)議員選舉,首次申報,1071031,個人捐贈收入,江怡諄,C22*******,100000.00,0.00,,金錢,基隆市仁愛區****,0913*****,
22,莊錦田,107年縣(市)議員選舉,首次申報,1071031,政黨捐贈收入,親民黨,政黨證字第90號,50000.00,0.00,,金錢,台北市長安東****,(02)*****,
23,莊錦田,107年縣(市)議員選舉,首次申報,1071105,匿名捐贈,匿名,,3000.00,0.00,,金錢,,,
24,莊錦田,107年縣(市)議員選舉,首次申報,1071107,個人捐贈收入,盧蓮昭,F20*******,100000.00,0.00,,金錢,基隆市七堵區****,2456*****,
25,莊錦田,107年縣(市)議員選舉,首次申報,1071107,政黨捐贈收入,親民黨,政黨證字第90號,200000.00,0.00,,金錢,台北市長安東****,(02)*****,
26,莊錦田,107年縣(市)議員選舉,首次申報,1071112,個人捐贈收入,謝景凱,C12*******,10000.00,0.00,,金錢,,0935*****,
27,莊錦田,107年縣(市)議員選舉,首次申報,1071112,個人捐贈收入,周明山,F10*******,10000.00,0.00,,金錢,桃園市蘆竹區****,0921*****,
28,莊錦田,107年縣(市)議員選舉,首次申報,1071115,個人捐贈收入,周昇德,C10*******,50000.00,0.00,,金錢,基隆市信義區****,,
29,莊錦田,107年縣(市)議員選舉,首次申報,1071121,其他收入,利息收入,,16.00,0.00,,金錢,,,
30,莊錦田,107年縣(市)議員選舉,首次申報,1071121,營利事業捐贈收入,集好旅店,60381616,100000.00,0.00,,金錢,基隆市仁愛區****,2420*****,
31,莊錦田,107年縣(市)議員選舉,首次申報,1071221,其他收入,利息收入,,18.00,0.00,,金錢,,,
