﻿序號,擬參選人／政黨,選舉名稱,申報序號／年度,交易日期,收支科目,捐贈者／支出對象,身分證／統一編號,收入金額,支出金額,支出用途,金錢類,地址,聯絡電話,資料更正日期
1,鄭文燦,107年直轄市市長選舉,首次申報,1070604,營利事業捐贈收入,鴻臣實業公司,16307765,92800.00,0.00,,非金錢,桃園市龜山區****,,
2,鄭文燦,107年直轄市市長選舉,首次申報,1070621,營利事業捐贈收入,昕禾投資股份有限公司,27380926,500000.00,0.00,,金錢,桃園市桃園區****,,
3,鄭文燦,107年直轄市市長選舉,首次申報,1070621,營利事業捐贈收入,湧翔投資股份有限公司,80558648,500000.00,0.00,,金錢,桃園市桃園區****,,
4,鄭文燦,107年直轄市市長選舉,首次申報,1070625,營利事業捐贈收入,微風廣場實業股份有限公司,89477962,1000000.00,0.00,,金錢,臺北市松山區****,,
5,鄭文燦,107年直轄市市長選舉,首次申報,1070801,營利事業捐贈收入,承德投資股份有限公司,16096516,1000000.00,0.00,,金錢,臺北市中山區****,,
6,鄭文燦,107年直轄市市長選舉,首次申報,1070801,營利事業捐贈收入,裕鋐投資股份有限公司,80331782,1000000.00,0.00,,金錢,臺北市中山區****,,
7,鄭文燦,107年直轄市市長選舉,首次申報,1070801,營利事業捐贈收入,常德投資股份有限公司,96970638,1000000.00,0.00,,金錢,臺北市中山區****,,
8,鄭文燦,107年直轄市市長選舉,首次申報,1070806,營利事業捐贈收入,承德投資股份有限公司,16096516,1000000.00,0.00,,金錢,臺北市中山區****,,
9,鄭文燦,107年直轄市市長選舉,首次申報,1070806,營利事業捐贈收入,裕鋐投資股份有限公司,80331782,1000000.00,0.00,,金錢,長安東路一段****,,
10,鄭文燦,107年直轄市市長選舉,首次申報,1070806,營利事業捐贈收入,常德投資股份有限公司,96970638,1000000.00,0.00,,金錢,臺北市中山區****,,
11,鄭文燦,107年直轄市市長選舉,首次申報,1070907,個人捐贈收入,簡文豐,H10*******,100000.00,0.00,,金錢,桃園市桃園區****,,
12,鄭文燦,107年直轄市市長選舉,首次申報,1070907,個人捐贈收入,簡達人,H12*******,100000.00,0.00,,金錢,桃園市桃園區****,,
13,鄭文燦,107年直轄市市長選舉,首次申報,1070910,營利事業捐贈收入,達聿股份有限公司,28781060,300000.00,0.00,,金錢,桃園市蘆竹區****,,
14,鄭文燦,107年直轄市市長選舉,首次申報,1070911,營利事業捐贈收入,小人國企業股份有限公司,07682557,200000.00,0.00,,金錢,桃園市龍潭區****,,
15,鄭文燦,107年直轄市市長選舉,首次申報,1070911,營利事業捐贈收入,龍潭渴望智慧園區工業區管理委員會,99808603,200000.00,0.00,,金錢,桃園市龍潭區****,,
16,鄭文燦,107年直轄市市長選舉,首次申報,1070911,個人捐贈收入,徐清輝,H10*******,50000.00,0.00,,金錢,桃園市蘆竹區****,,
17,鄭文燦,107年直轄市市長選舉,首次申報,1070911,個人捐贈收入,徐清吉,H12*******,100000.00,0.00,,金錢,桃園市蘆竹區****,,
18,鄭文燦,107年直轄市市長選舉,首次申報,1070911,個人捐贈收入,蔡米珠,H22*******,50000.00,0.00,,金錢,桃園市蘆竹區****,,
19,鄭文燦,107年直轄市市長選舉,首次申報,1070911,個人捐贈收入,蘆美麗,R20*******,100000.00,0.00,,金錢,桃園市蘆竹區****,,
20,鄭文燦,107年直轄市市長選舉,首次申報,1070912,營利事業捐贈收入,新潤興業股份有限公司,16318881,1000000.00,0.00,,金錢,臺北市松山區****,,
21,鄭文燦,107年直轄市市長選舉,首次申報,1070912,營利事業捐贈收入,采略投資股份有限公司,27290565,1000000.00,0.00,,金錢,新北市林口區****,,
22,鄭文燦,107年直轄市市長選舉,首次申報,1070912,營利事業捐贈收入,德陽投資股份有限公司,27808626,1000000.00,0.00,,金錢,新北市林口區****,,
23,鄭文燦,107年直轄市市長選舉,首次申報,1070912,營利事業捐贈收入,揚潤營造股份有限公司,91759468,1000000.00,0.00,,金錢,桃園市中壢區****,,
24,鄭文燦,107年直轄市市長選舉,首次申報,1070912,營利事業捐贈收入,詠吉彩藝工業股份有限公司,97418039,200000.00,0.00,,金錢,桃園市龍潭區****,,
25,鄭文燦,107年直轄市市長選舉,首次申報,1070912,個人捐贈收入,褚學忠,A12*******,100000.00,0.00,,金錢,臺北市北投區****,,
26,鄭文燦,107年直轄市市長選舉,首次申報,1070912,個人捐贈收入,劉官龍,A12*******,100000.00,0.00,,金錢,臺北市大安區****,,
27,鄭文燦,107年直轄市市長選舉,首次申報,1070912,個人捐贈收入,陳彥宏,B12*******,100000.00,0.00,,金錢,新北市林口區****,,
28,鄭文燦,107年直轄市市長選舉,首次申報,1070918,個人捐贈收入,林珍如,J22*******,100000.00,0.00,,金錢,桃園市龍潭區****,,
29,鄭文燦,107年直轄市市長選舉,首次申報,1070918,個人捐贈收入,吳載道,K12*******,100000.00,0.00,,金錢,桃園市龍潭區****,,
30,鄭文燦,107年直轄市市長選舉,首次申報,1070925,匿名捐贈,王香茹,,147.00,0.00,,金錢,,,
31,鄭文燦,107年直轄市市長選舉,首次申報,1070925,營利事業捐贈收入,興利開發股份有限公司,16836821,500000.00,0.00,,金錢,臺北市士林區****,,
32,鄭文燦,107年直轄市市長選舉,首次申報,1070926,個人捐贈收入,汪官玫,H20*******,100000.00,0.00,,金錢,桃園市蘆竹區****,,
33,鄭文燦,107年直轄市市長選舉,首次申報,1070927,營利事業捐贈收入,家德股份有限公司,54500707,300000.00,0.00,,金錢,桃園市龜山區****,,
34,鄭文燦,107年直轄市市長選舉,首次申報,1070927,個人捐贈收入,賴進財,F10*******,100000.00,0.00,,金錢,新北市板橋區****,,
35,鄭文燦,107年直轄市市長選舉,首次申報,1070927,個人捐贈收入,賴人禾,F12*******,100000.00,0.00,,金錢,新北市樹林區****,,
36,鄭文燦,107年直轄市市長選舉,首次申報,1070927,個人捐贈收入,曹月霞,F20*******,100000.00,0.00,,金錢,新北市樹林區****,,
37,鄭文燦,107年直轄市市長選舉,首次申報,1070927,個人捐贈收入,謝秀珠,H22*******,100000.00,0.00,,金錢,桃園市龜山區****,,
38,鄭文燦,107年直轄市市長選舉,首次申報,1070928,個人捐贈收入,蘇文生,H10*******,50000.00,0.00,,金錢,桃園市大溪區****,,
39,鄭文燦,107年直轄市市長選舉,首次申報,1071002,個人捐贈收入,許明珠,F20*******,100000.00,0.00,,金錢,新北市三重區****,,
40,鄭文燦,107年直轄市市長選舉,首次申報,1071002,個人捐贈收入,吳俊億,G10*******,100000.00,0.00,,金錢,桃園市大園區****,,
41,鄭文燦,107年直轄市市長選舉,首次申報,1071002,個人捐贈收入,王儀琳,H12*******,100000.00,0.00,,金錢,桃園市桃園區****,,
42,鄭文燦,107年直轄市市長選舉,首次申報,1071002,個人捐贈收入,王梅影,J22*******,100000.00,0.00,,金錢,桃園市桃園區****,,
43,鄭文燦,107年直轄市市長選舉,首次申報,1071003,營利事業捐贈收入,永聚企業有限公司,12202972,100000.00,0.00,,金錢,臺北市懷寧街****,,
44,鄭文燦,107年直轄市市長選舉,首次申報,1071003,個人捐贈收入,何有喜,H10*******,100000.00,0.00,,金錢,桃園市平鎮區****,,
45,鄭文燦,107年直轄市市長選舉,首次申報,1071003,個人捐贈收入,何如玉,H22*******,100000.00,0.00,,金錢,桃園市平鎮區****,,
46,鄭文燦,107年直轄市市長選舉,首次申報,1071004,個人捐贈收入,許益誌,C12*******,100000.00,0.00,,金錢,桃園市八德區****,,
47,鄭文燦,107年直轄市市長選舉,首次申報,1071004,個人捐贈收入,賴祉菱,F22*******,100000.00,0.00,,金錢,新竹縣竹北市****,,
48,鄭文燦,107年直轄市市長選舉,首次申報,1071004,個人捐贈收入,曾國威,H12*******,100000.00,0.00,,金錢,新竹縣竹北市****,,
49,鄭文燦,107年直轄市市長選舉,首次申報,1071004,個人捐贈收入,簡瑞青,H22*******,100000.00,0.00,,金錢,桃園市中壢區****,,
50,鄭文燦,107年直轄市市長選舉,首次申報,1071005,營利事業捐贈收入,岳豐科技股份有限公司,45911735,500000.00,0.00,,金錢,桃園市新屋區****,,
51,鄭文燦,107年直轄市市長選舉,首次申報,1071005,個人捐贈收入,陳福進,S10*******,100000.00,0.00,,金錢,高雄市鳳山區****,,
52,鄭文燦,107年直轄市市長選舉,首次申報,1071005,個人捐贈收入,陳蘇豔玲,S22*******,100000.00,0.00,,金錢,高雄市旗山區****,,
53,鄭文燦,107年直轄市市長選舉,首次申報,1071008,營利事業捐贈收入,建榮工業材料股份有限公司,86691377,100000.00,0.00,,金錢,桃園市楊梅區****,,
54,鄭文燦,107年直轄市市長選舉,首次申報,1071009,匿名捐贈,林雅惠,,2000.00,0.00,,金錢,,,
55,鄭文燦,107年直轄市市長選舉,首次申報,1071009,個人捐贈收入,張邱傳,Y12*******,100000.00,0.00,,金錢,桃園市龍潭區****,,
56,鄭文燦,107年直轄市市長選舉,首次申報,1071011,營利事業捐贈收入,寶豐資產管理股份有限公司,16436748,1000000.00,0.00,,金錢,桃園市八德區****,,
57,鄭文燦,107年直轄市市長選舉,首次申報,1071011,個人捐贈收入,李雅玲,H22*******,100000.00,0.00,,金錢,桃園市中壢區****,,
58,鄭文燦,107年直轄市市長選舉,首次申報,1071011,個人捐贈收入,謝銘勇,M12*******,2000.00,0.00,,金錢,桃園市楊梅區****,,
59,鄭文燦,107年直轄市市長選舉,首次申報,1071015,營利事業捐贈收入,新光鋼鐵股份有限公司,35836625,1000000.00,0.00,,金錢,新北市三重區****,,
60,鄭文燦,107年直轄市市長選舉,首次申報,1071016,營利事業捐贈收入,志成股份有限公司,04633983,1000000.00,0.00,,金錢,臺北市大安區****,,
61,鄭文燦,107年直轄市市長選舉,首次申報,1071016,營利事業捐贈收入,太川國際開發有限公司,54866402,23600.00,0.00,,非金錢,新北市板橋區****,,
62,鄭文燦,107年直轄市市長選舉,首次申報,1071017,營利事業捐贈收入,鉑宴會館股份有限公司,69598637,201500.00,0.00,,非金錢,桃園市桃園區****,,
63,鄭文燦,107年直轄市市長選舉,首次申報,1071018,營利事業捐贈收入,聯上開發股份有限公司,22659295,1000000.00,0.00,,金錢,臺北市信義區****,,
64,鄭文燦,107年直轄市市長選舉,首次申報,1071019,個人捐贈收入,陳李金英,H20*******,100000.00,0.00,,金錢,桃園市桃園區****,,
65,鄭文燦,107年直轄市市長選舉,首次申報,1071020,營利事業捐贈收入,大統新創股份有限公司,22267777,100000.00,0.00,,金錢,桃園市蘆竹區****,,
66,鄭文燦,107年直轄市市長選舉,首次申報,1071022,營利事業捐贈收入,禾聯碩股份有限公司,80333058,1000000.00,0.00,,金錢,桃園市龜山區****,,
67,鄭文燦,107年直轄市市長選舉,首次申報,1071023,營利事業捐贈收入,弘大事業有限公司,80503124,300000.00,0.00,,金錢,桃園市大園區****,,
68,鄭文燦,107年直轄市市長選舉,首次申報,1071023,個人捐贈收入,張碧蓮,H20*******,100000.00,0.00,,金錢,桃園市平鎮區****,,
69,鄭文燦,107年直轄市市長選舉,首次申報,1071023,個人捐贈收入,劉士來,J10*******,100000.00,0.00,,金錢,桃園市平鎮區****,,
70,鄭文燦,107年直轄市市長選舉,首次申報,1071023,個人捐贈收入,王欽室,L10*******,100000.00,0.00,,金錢,新北市林口區****,,
71,鄭文燦,107年直轄市市長選舉,首次申報,1071024,人民團體捐贈收入,臺灣區綜合營造業同業公會,,200000.00,0.00,,金錢,臺北市萬華區****,02-2*****,
72,鄭文燦,107年直轄市市長選舉,首次申報,1071024,人民團體捐贈收入,中華民國綜合營造業同業公會全國聯合會,,300000.00,0.00,,金錢,臺北市萬華區****,（02）*****,
73,鄭文燦,107年直轄市市長選舉,首次申報,1071024,營利事業捐贈收入,阿美特股份有限公司,24350126,300000.00,0.00,,金錢,桃園市觀音區****,,
74,鄭文燦,107年直轄市市長選舉,首次申報,1071025,營利事業捐贈收入,昇貿科技股份有限公司,04789211,400000.00,0.00,,金錢,桃園市觀音區****,,
75,鄭文燦,107年直轄市市長選舉,首次申報,1071025,營利事業捐贈收入,群翊工業股份有限公司,23555277,300000.00,0.00,,金錢,桃園市楊梅區****,,
76,鄭文燦,107年直轄市市長選舉,首次申報,1071026,匿名捐贈,林啟淵,,10000.00,0.00,,金錢,,,
77,鄭文燦,107年直轄市市長選舉,首次申報,1071026,個人捐贈收入,藍元利,H10*******,30000.00,0.00,,金錢,桃園市八德區****,,
78,鄭文燦,107年直轄市市長選舉,首次申報,1071026,個人捐贈收入,吳有信,P10*******,1000000.00,0.00,,金錢,桃園市觀音區****,,
79,鄭文燦,107年直轄市市長選舉,首次申報,1071026,個人捐贈收入,蔣筱欽,U10*******,100000.00,0.00,,金錢,桃園市楊梅區****,,
80,鄭文燦,107年直轄市市長選舉,首次申報,1071027,匿名捐贈,黃秋菊,,600.00,0.00,,金錢,,,
81,鄭文燦,107年直轄市市長選舉,首次申報,1071027,匿名捐贈,林聖智,,6000.00,0.00,,金錢,,,
82,鄭文燦,107年直轄市市長選舉,首次申報,1071027,匿名捐贈,周大盛,,3000.00,0.00,,金錢,,,
83,鄭文燦,107年直轄市市長選舉,首次申報,1071027,營利事業捐贈收入,廣笠機械工業有限公司,80436414,20000.00,0.00,,金錢,桃園市八德區****,,
84,鄭文燦,107年直轄市市長選舉,首次申報,1071027,營利事業捐贈收入,佳倫玻璃企業有限公司,86964756,50000.00,0.00,,金錢,桃園市桃園區****,,
85,鄭文燦,107年直轄市市長選舉,首次申報,1071027,營利事業捐贈收入,宗運交通有限公司,89783364,6000.00,0.00,,金錢,桃園市蘆竹區****,,
86,鄭文燦,107年直轄市市長選舉,首次申報,1071027,個人捐贈收入,陳振陞,A12*******,50000.00,0.00,,金錢,臺北市中正區****,,
87,鄭文燦,107年直轄市市長選舉,首次申報,1071027,個人捐贈收入,杜鈺婷,A22*******,70000.00,0.00,,金錢,桃園市蘆竹區****,,
88,鄭文燦,107年直轄市市長選舉,首次申報,1071027,個人捐贈收入,歐百貴,D12*******,100000.00,0.00,,金錢,臺中市大雅區****,,
89,鄭文燦,107年直轄市市長選舉,首次申報,1071027,個人捐贈收入,陳振旺,H10*******,3000.00,0.00,,金錢,新北市鶯歌區****,,
90,鄭文燦,107年直轄市市長選舉,首次申報,1071027,個人捐贈收入,朱瑞榮,H12*******,10000.00,0.00,,金錢,桃園市八德區****,,
91,鄭文燦,107年直轄市市長選舉,首次申報,1071027,個人捐贈收入,王文龍,H12*******,50000.00,0.00,,金錢,桃園市大溪區****,,
92,鄭文燦,107年直轄市市長選舉,首次申報,1071027,個人捐贈收入,蔡文清,H12*******,80000.00,0.00,,金錢,桃園市蘆竹區****,,
93,鄭文燦,107年直轄市市長選舉,首次申報,1071027,個人捐贈收入,蔡慧玲,K22*******,50000.00,0.00,,金錢,臺北市中正區****,,
94,鄭文燦,107年直轄市市長選舉,首次申報,1071027,個人捐贈收入,陳顯宗,M12*******,100000.00,0.00,,金錢,臺中市大雅區****,,
95,鄭文燦,107年直轄市市長選舉,首次申報,1071027,個人捐贈收入,洪意柔,M22*******,30000.00,0.00,,金錢,桃園市桃園區****,,
96,鄭文燦,107年直轄市市長選舉,首次申報,1071027,個人捐贈收入,詹縣,P10*******,10000.00,0.00,,金錢,桃園市八德區****,,
97,鄭文燦,107年直轄市市長選舉,首次申報,1071027,個人捐贈收入,郭登山,Q10*******,10000.00,0.00,,金錢,桃園市八德區****,,
98,鄭文燦,107年直轄市市長選舉,首次申報,1071027,個人捐贈收入,陳招永,Q12*******,5000.00,0.00,,金錢,桃園市桃園區****,,
99,鄭文燦,107年直轄市市長選舉,首次申報,1071029,營利事業捐贈收入,宏亞食品股份有限公司,34106066,200000.00,0.00,,金錢,新北市新店區****,,
100,鄭文燦,107年直轄市市長選舉,首次申報,1071029,個人捐贈收入,呂全芳,A12*******,20000.00,0.00,,金錢,桃園市蘆竹區****,,
101,鄭文燦,107年直轄市市長選舉,首次申報,1071029,個人捐贈收入,賴光煌,H10*******,2000.00,0.00,,金錢,桃園市中壢區****,,
102,鄭文燦,107年直轄市市長選舉,首次申報,1071029,個人捐贈收入,張世威,Y12*******,30000.00,0.00,,金錢,桃園市桃園區****,,
103,鄭文燦,107年直轄市市長選舉,首次申報,1071030,營利事業捐贈收入,聚錩鋼鐵有限公司,24374149,500000.00,0.00,,金錢,桃園市大園區****,,
104,鄭文燦,107年直轄市市長選舉,首次申報,1071030,營利事業捐贈收入,祥興工業有限公司,45045571,500000.00,0.00,,金錢,桃園市中壢區****,,
105,鄭文燦,107年直轄市市長選舉,首次申報,1071030,個人捐贈收入,陳宗義,A12*******,100000.00,0.00,,金錢,桃園市桃園區****,,
106,鄭文燦,107年直轄市市長選舉,首次申報,1071030,個人捐贈收入,曾文育,H10*******,100000.00,0.00,,金錢,桃園市蘆竹區****,,
107,鄭文燦,107年直轄市市長選舉,首次申報,1071030,個人捐贈收入,童小紅,H20*******,100000.00,0.00,,金錢,桃園市蘆竹區****,,
108,鄭文燦,107年直轄市市長選舉,首次申報,1071030,個人捐贈收入,席豔俠,U22*******,20000.00,0.00,,金錢,桃園市八德區****,,
109,鄭文燦,107年直轄市市長選舉,首次申報,1071030,個人捐贈收入,張世威,Y12*******,70000.00,0.00,,金錢,桃園市桃園區****,,
110,鄭文燦,107年直轄市市長選舉,首次申報,1071031,營利事業捐贈收入,禾林室內設計工程有限公司,13004845,300000.00,0.00,,金錢,桃園市桃園區****,,
111,鄭文燦,107年直轄市市長選舉,首次申報,1071031,營利事業捐贈收入,騏鑑人力資源管理顧問有限公司,24260693,1000000.00,0.00,,金錢,桃園市平鎮區****,,
112,鄭文燦,107年直轄市市長選舉,首次申報,1071031,營利事業捐贈收入,勝發材料股份有限公司,69657608,100000.00,0.00,,金錢,桃園市楊梅區****,,
113,鄭文燦,107年直轄市市長選舉,首次申報,1071031,營利事業捐贈收入,順倉股份有限公司,84710883,200000.00,0.00,,金錢,桃園市大園區****,,
114,鄭文燦,107年直轄市市長選舉,首次申報,1071031,營利事業捐贈收入,競銘機械股份有限公司,97397999,200000.00,0.00,,金錢,桃園市龜山區****,0937*****,
115,鄭文燦,107年直轄市市長選舉,首次申報,1071031,個人捐贈收入,張國偉,A10*******,20000.00,0.00,,金錢,桃園市中壢區****,,
116,鄭文燦,107年直轄市市長選舉,首次申報,1071031,個人捐贈收入,詹友綜,F12*******,100000.00,0.00,,金錢,桃園市大溪區****,,
117,鄭文燦,107年直轄市市長選舉,首次申報,1071101,營利事業捐贈收入,昇銳電子股份有限公司,22601576,300000.00,0.00,,金錢,桃園市八德區****,,
118,鄭文燦,107年直轄市市長選舉,首次申報,1071101,營利事業捐贈收入,寶結企業有限公司,23911326,300000.00,0.00,,金錢,桃園市桃園區****,,
119,鄭文燦,107年直轄市市長選舉,首次申報,1071101,營利事業捐贈收入,車威視科技股份有限公司,54537752,300000.00,0.00,,金錢,桃園市八德區****,,
120,鄭文燦,107年直轄市市長選舉,首次申報,1071101,個人捐贈收入,黃科志,G12*******,20000.00,0.00,,金錢,桃園市龍潭區****,,
121,鄭文燦,107年直轄市市長選舉,首次申報,1071102,營利事業捐贈收入,德微科技股份有限公司,89672698,300000.00,0.00,,金錢,新北市深坑區****,,
122,鄭文燦,107年直轄市市長選舉,首次申報,1071102,個人捐贈收入,陳台志,H10*******,100000.00,0.00,,金錢,桃園市桃園區****,,
123,鄭文燦,107年直轄市市長選舉,首次申報,1071102,個人捐贈收入,駱國彥,H10*******,30000.00,0.00,,金錢,桃園市大園區****,,
124,鄭文燦,107年直轄市市長選舉,首次申報,1071102,個人捐贈收入,謝文章,H10*******,100000.00,0.00,,金錢,桃園市中壢區****,,
125,鄭文燦,107年直轄市市長選舉,首次申報,1071102,個人捐贈收入,謝祥弘,H12*******,20000.00,0.00,,金錢,桃園市中壢區****,,
126,鄭文燦,107年直轄市市長選舉,首次申報,1071102,個人捐贈收入,丁培根,P10*******,100000.00,0.00,,金錢,桃園市桃園區****,,
127,鄭文燦,107年直轄市市長選舉,首次申報,1071103,匿名捐贈,古金英,,1000.00,0.00,,金錢,,,
128,鄭文燦,107年直轄市市長選舉,首次申報,1071103,匿名捐贈,梁文益,,5000.00,0.00,,金錢,,,
129,鄭文燦,107年直轄市市長選舉,首次申報,1071103,匿名捐贈,張瓊雵,,10000.00,0.00,,金錢,,,
130,鄭文燦,107年直轄市市長選舉,首次申報,1071103,營利事業捐贈收入,祭祀公業法人,15581125,20000.00,0.00,,金錢,桃園市大溪區****,,
131,鄭文燦,107年直轄市市長選舉,首次申報,1071103,個人捐贈收入,許連景,H10*******,60000.00,0.00,,金錢,桃園市中壢區****,,
132,鄭文燦,107年直轄市市長選舉,首次申報,1071103,個人捐贈收入,呂文調,H10*******,10000.00,0.00,,金錢,桃園市中壢區****,,
133,鄭文燦,107年直轄市市長選舉,首次申報,1071103,個人捐贈收入,謝文森,H10*******,100000.00,0.00,,金錢,新北市永和區****,,
134,鄭文燦,107年直轄市市長選舉,首次申報,1071103,個人捐贈收入,謝文政,H10*******,100000.00,0.00,,金錢,新北市永和區****,,
135,鄭文燦,107年直轄市市長選舉,首次申報,1071103,個人捐贈收入,黃靜涵,H22*******,3000.00,0.00,,金錢,桃園市中壢區****,,
136,鄭文燦,107年直轄市市長選舉,首次申報,1071103,個人捐贈收入,陳娘森,K20*******,5000.00,0.00,,金錢,桃園市平鎮區****,,
137,鄭文燦,107年直轄市市長選舉,首次申報,1071103,個人捐贈收入,陳銓,L10*******,20000.00,0.00,,金錢,桃園市桃園區****,,
138,鄭文燦,107年直轄市市長選舉,首次申報,1071103,個人捐贈收入,林振輝,L10*******,10000.00,0.00,,金錢,桃園市大溪區****,,
139,鄭文燦,107年直轄市市長選舉,首次申報,1071103,個人捐贈收入,陳丁華,T12*******,10000.00,0.00,,金錢,桃園市平鎮區****,,
140,鄭文燦,107年直轄市市長選舉,首次申報,1071104,個人捐贈收入,呂文顯,A12*******,11111.00,0.00,,金錢,桃園市大園區****,,
141,鄭文燦,107年直轄市市長選舉,首次申報,1071104,個人捐贈收入,王建榮,F12*******,10000.00,0.00,,金錢,新北市林口區****,,
142,鄭文燦,107年直轄市市長選舉,首次申報,1071105,營利事業捐贈收入,富喬工業股份有限公司,16834268,500000.00,0.00,,金錢,雲林縣斗六市****,,
143,鄭文燦,107年直轄市市長選舉,首次申報,1071105,營利事業捐贈收入,寶倉物流股份有限公司,54132106,500000.00,0.00,,金錢,桃園市桃園區****,,
144,鄭文燦,107年直轄市市長選舉,首次申報,1071105,營利事業捐贈收入,匠新室內裝修有限公司,54258131,300000.00,0.00,,金錢,桃園市八德區****,,
145,鄭文燦,107年直轄市市長選舉,首次申報,1071105,個人捐贈收入,呂芳英,H10*******,35000.00,0.00,,金錢,桃園市八德區****,,
146,鄭文燦,107年直轄市市長選舉,首次申報,1071105,個人捐贈收入,何宗榮,H10*******,100000.00,0.00,,金錢,桃園市桃園區****,,
147,鄭文燦,107年直轄市市長選舉,首次申報,1071105,個人捐贈收入,簡志浩,H12*******,1888.00,0.00,,金錢,桃園市龜山區****,,
148,鄭文燦,107年直轄市市長選舉,首次申報,1071105,個人捐贈收入,蘇維棠,J20*******,20000.00,0.00,,金錢,桃園市觀音區****,,
149,鄭文燦,107年直轄市市長選舉,首次申報,1071105,個人捐贈收入,李顯榮,R10*******,100000.00,0.00,,金錢,新北市新莊區****,,
150,鄭文燦,107年直轄市市長選舉,首次申報,1071106,營利事業捐贈收入,聖堃營造股份有限公司,86790860,500000.00,0.00,,金錢,桃園市桃園區****,,
151,鄭文燦,107年直轄市市長選舉,首次申報,1071106,個人捐贈收入,陳逢良,H12*******,10000.00,0.00,,金錢,桃園市中壢區****,,
152,鄭文燦,107年直轄市市長選舉,首次申報,1071106,個人捐贈收入,鄭詩釧,H12*******,6000.00,0.00,,金錢,桃園市中壢區****,,
153,鄭文燦,107年直轄市市長選舉,首次申報,1071106,個人捐贈收入,姜鴻鈞,H12*******,10000.00,0.00,,金錢,桃園市新屋區****,,
154,鄭文燦,107年直轄市市長選舉,首次申報,1071107,營利事業捐贈收入,鑫城營造有限公司,02631290,100000.00,0.00,,金錢,桃園市桃園區****,,
155,鄭文燦,107年直轄市市長選舉,首次申報,1071107,營利事業捐贈收入,欣鼎益事業股份有限公司,70456740,500000.00,0.00,,金錢,臺北市內湖區****,,
156,鄭文燦,107年直轄市市長選舉,首次申報,1071107,個人捐贈收入,李原良,H10*******,20000.00,0.00,,金錢,桃園市桃園區****,,
157,鄭文燦,107年直轄市市長選舉,首次申報,1071107,個人捐贈收入,李吳燕美,H20*******,20000.00,0.00,,金錢,桃園市桃園區****,,
158,鄭文燦,107年直轄市市長選舉,首次申報,1071107,個人捐贈收入,羅麗芬,K22*******,100000.00,0.00,,金錢,臺北市大安區****,,
159,鄭文燦,107年直轄市市長選舉,首次申報,1071108,匿名捐贈,邱美雲,,2000.00,0.00,,金錢,,,
160,鄭文燦,107年直轄市市長選舉,首次申報,1071108,營利事業捐贈收入,隆遠股份有限公司,04244393,300000.00,0.00,,金錢,臺北市大同區****,,
161,鄭文燦,107年直轄市市長選舉,首次申報,1071108,營利事業捐贈收入,正泰消防企業有限公司,23857717,100000.00,0.00,,金錢,桃園市蘆竹區****,,
162,鄭文燦,107年直轄市市長選舉,首次申報,1071108,營利事業捐贈收入,立倢國際開發有限公司,24278075,100000.00,0.00,,金錢,桃園市中壢區****,,
163,鄭文燦,107年直轄市市長選舉,首次申報,1071108,營利事業捐贈收入,大園消防器材有限公司,89998914,100000.00,0.00,,金錢,桃園市中壢區****,,
164,鄭文燦,107年直轄市市長選舉,首次申報,1071108,個人捐贈收入,方婉妮,B22*******,40000.00,0.00,,金錢,桃園市八德區****,,
165,鄭文燦,107年直轄市市長選舉,首次申報,1071108,個人捐贈收入,鄭坤通,H10*******,6000.00,0.00,,金錢,桃園市桃園區****,,
166,鄭文燦,107年直轄市市長選舉,首次申報,1071108,個人捐贈收入,陳連壽,H10*******,50000.00,0.00,,金錢,桃園市大園區****,,
167,鄭文燦,107年直轄市市長選舉,首次申報,1071108,個人捐贈收入,許文來,H12*******,20000.00,0.00,,金錢,桃園市大園區****,,
168,鄭文燦,107年直轄市市長選舉,首次申報,1071108,個人捐贈收入,鄭文生,H12*******,100000.00,0.00,,金錢,桃園市八德區****,,
169,鄭文燦,107年直轄市市長選舉,首次申報,1071108,個人捐贈收入,楊書凱,H12*******,100000.00,0.00,,金錢,桃園市八德區****,,
170,鄭文燦,107年直轄市市長選舉,首次申報,1071108,個人捐贈收入,鄭文中,H12*******,100000.00,0.00,,金錢,桃園市八德區****,,
171,鄭文燦,107年直轄市市長選舉,首次申報,1071108,個人捐贈收入,鄭文德,H12*******,100000.00,0.00,,金錢,桃園市八德區****,,
172,鄭文燦,107年直轄市市長選舉,首次申報,1071108,個人捐贈收入,楊書宇,H12*******,100000.00,0.00,,金錢,桃園市八德區****,,
173,鄭文燦,107年直轄市市長選舉,首次申報,1071108,個人捐贈收入,曾國治,H12*******,100000.00,0.00,,金錢,桃園市蘆竹區****,,
174,鄭文燦,107年直轄市市長選舉,首次申報,1071108,個人捐贈收入,鄭秀緞,H20*******,100000.00,0.00,,金錢,高雄市鳥松區****,,
175,鄭文燦,107年直轄市市長選舉,首次申報,1071108,個人捐贈收入,游于葶,H22*******,60000.00,0.00,,金錢,桃園市八德區****,,
176,鄭文燦,107年直轄市市長選舉,首次申報,1071108,個人捐贈收入,呂桂森,H22*******,100000.00,0.00,,金錢,桃園市八德區****,,
177,鄭文燦,107年直轄市市長選舉,首次申報,1071108,個人捐贈收入,鄭秀珍,H22*******,100000.00,0.00,,金錢,桃園市八德區****,,
178,鄭文燦,107年直轄市市長選舉,首次申報,1071108,個人捐贈收入,蘇維棠,J20*******,20000.00,0.00,,金錢,桃園市觀音區****,,
179,鄭文燦,107年直轄市市長選舉,首次申報,1071108,個人捐贈收入,黃權均,S10*******,100000.00,0.00,,金錢,高雄市前鎮區****,,
180,鄭文燦,107年直轄市市長選舉,首次申報,1071108,個人捐贈收入,黃維立,S12*******,100000.00,0.00,,金錢,嘉義市東區中****,,
181,鄭文燦,107年直轄市市長選舉,首次申報,1071108,個人捐贈收入,楊進輝,V12*******,100000.00,0.00,,金錢,桃園市桃園區****,,
182,鄭文燦,107年直轄市市長選舉,首次申報,1071109,營利事業捐贈收入,豐達科技股份有限公司,16095404,300000.00,0.00,,金錢,桃園市平鎮區****,,
183,鄭文燦,107年直轄市市長選舉,首次申報,1071109,營利事業捐贈收入,黃金海岸餐飲有限公司,24893212,20000.00,0.00,,金錢,桃園市蘆竹區****,,
184,鄭文燦,107年直轄市市長選舉,首次申報,1071109,營利事業捐贈收入,千如電機工業股份有限公司,45011782,100000.00,0.00,,金錢,桃園市楊梅區****,,
185,鄭文燦,107年直轄市市長選舉,首次申報,1071109,營利事業捐贈收入,德建國際行銷有限公司,53286264,200000.00,0.00,,金錢,桃園市蘆竹區****,,
186,鄭文燦,107年直轄市市長選舉,首次申報,1071109,營利事業捐贈收入,寶台建設有限公司,80594237,100000.00,0.00,,金錢,桃園市龍潭區****,,
187,鄭文燦,107年直轄市市長選舉,首次申報,1071109,個人捐贈收入,何山壯,A12*******,100000.00,0.00,,金錢,桃園市龜山區****,,
188,鄭文燦,107年直轄市市長選舉,首次申報,1071109,個人捐贈收入,吳朝景,B10*******,10000.00,0.00,,金錢,臺中市北屯區****,,
189,鄭文燦,107年直轄市市長選舉,首次申報,1071109,個人捐贈收入,于洪武,F12*******,100000.00,0.00,,金錢,桃園市桃園區****,,
190,鄭文燦,107年直轄市市長選舉,首次申報,1071109,個人捐贈收入,徐佳婕,F22*******,100000.00,0.00,,金錢,桃園市龜山區****,,
191,鄭文燦,107年直轄市市長選舉,首次申報,1071109,個人捐贈收入,陳文盛,H12*******,6000.00,0.00,,金錢,桃園市中壢區****,,
192,鄭文燦,107年直轄市市長選舉,首次申報,1071111,個人捐贈收入,江支來,H10*******,50000.00,0.00,,金錢,桃園市大溪區****,,
193,鄭文燦,107年直轄市市長選舉,首次申報,1071112,營利事業捐贈收入,景暉精密企業有限公司,31345346,300000.00,0.00,,金錢,桃園市蘆竹區****,,
194,鄭文燦,107年直轄市市長選舉,首次申報,1071112,營利事業捐贈收入,永富餘國際貿易有限公司,53488352,72000.00,0.00,,金錢,桃園市桃園區****,,
195,鄭文燦,107年直轄市市長選舉,首次申報,1071112,營利事業捐贈收入,證豐企業管理顧問有限公司,86832290,10000.00,0.00,,金錢,桃園市桃園區****,,
196,鄭文燦,107年直轄市市長選舉,首次申報,1071112,個人捐贈收入,曾文勇,H12*******,100000.00,0.00,,金錢,桃園市蘆竹區****,,
197,鄭文燦,107年直轄市市長選舉,首次申報,1071112,個人捐贈收入,陳佳誼,Q22*******,100000.00,0.00,,金錢,新北市林口區****,,
198,鄭文燦,107年直轄市市長選舉,首次申報,1071113,個人捐贈收入,朱瑞爐,H10*******,100000.00,0.00,,金錢,桃園市中壢區****,,
199,鄭文燦,107年直轄市市長選舉,首次申報,1071113,個人捐贈收入,楊春風,H10*******,100000.00,0.00,,金錢,桃園市桃園區****,,
200,鄭文燦,107年直轄市市長選舉,首次申報,1071113,個人捐贈收入,謝秉宏,H12*******,100000.00,0.00,,金錢,桃園市平鎮區****,,
201,鄭文燦,107年直轄市市長選舉,首次申報,1071114,營利事業捐贈收入,石繶工業股份有限公司,27796380,300000.00,0.00,,金錢,桃園市蘆竹區****,,
202,鄭文燦,107年直轄市市長選舉,首次申報,1071114,營利事業捐贈收入,欣隆精密壓鑄股份有限公司,34176294,400000.00,0.00,,金錢,桃園市龜山區****,,
203,鄭文燦,107年直轄市市長選舉,首次申報,1071114,營利事業捐贈收入,一品饌國際餐飲股份有限公司,42985699,2000.00,0.00,,金錢,苗栗縣竹南鎮****,,
204,鄭文燦,107年直轄市市長選舉,首次申報,1071114,個人捐贈收入,鄭添安,H10*******,5000.00,0.00,,金錢,桃園市中壢區****,,
205,鄭文燦,107年直轄市市長選舉,首次申報,1071114,個人捐贈收入,唐永正,H12*******,5000.00,0.00,,金錢,新北市板橋區****,,
206,鄭文燦,107年直轄市市長選舉,首次申報,1071115,個人捐贈收入,許新漢,H10*******,100000.00,0.00,,金錢,桃園市中壢區****,,
207,鄭文燦,107年直轄市市長選舉,首次申報,1071115,個人捐贈收入,陳河泉,H12*******,30000.00,0.00,,金錢,桃園市桃園區****,,
208,鄭文燦,107年直轄市市長選舉,首次申報,1071116,營利事業捐贈收入,瑞盟行銷股份有限公司,22766020,100000.00,0.00,,金錢,臺北市中山區****,,
209,鄭文燦,107年直轄市市長選舉,首次申報,1071116,個人捐贈收入,高永吉,F10*******,50000.00,0.00,,金錢,桃園市桃園區****,,
210,鄭文燦,107年直轄市市長選舉,首次申報,1071116,個人捐贈收入,呂芳時,H10*******,50000.00,0.00,,金錢,桃園市桃園區****,,
211,鄭文燦,107年直轄市市長選舉,首次申報,1071119,人民團體捐贈收入,桃園市龜山工業區廠商協進會,,100000.00,0.00,,金錢,桃園市桃園區****,3677*****,
212,鄭文燦,107年直轄市市長選舉,首次申報,1071119,匿名捐贈,楊明讚,,6000.00,0.00,,金錢,,,
213,鄭文燦,107年直轄市市長選舉,首次申報,1071119,匿名捐贈,許惇惠,,1000.00,0.00,,金錢,,,
214,鄭文燦,107年直轄市市長選舉,首次申報,1071119,營利事業捐贈收入,香榮實業股份有限公司,13035951,100000.00,0.00,,金錢,桃園市龜山區****,,
215,鄭文燦,107年直轄市市長選舉,首次申報,1071119,營利事業捐贈收入,崑益企業股份有限公司,16727268,50000.00,0.00,,金錢,桃園市桃園區****,,
216,鄭文燦,107年直轄市市長選舉,首次申報,1071119,營利事業捐贈收入,饗賓餐旅事業股份有限公司,79955280,50000.00,0.00,,金錢,桃園市大園區****,,
217,鄭文燦,107年直轄市市長選舉,首次申報,1071119,營利事業捐贈收入,翔新企業股份有限公司,84570243,50000.00,0.00,,金錢,桃園市桃園區****,,
218,鄭文燦,107年直轄市市長選舉,首次申報,1071119,營利事業捐贈收入,昇頡實業股份有限公司,86093870,50000.00,0.00,,金錢,桃園市龜山區****,,
219,鄭文燦,107年直轄市市長選舉,首次申報,1071119,個人捐贈收入,呂建勳,A12*******,100000.00,0.00,,金錢,臺北市信義區****,,
220,鄭文燦,107年直轄市市長選舉,首次申報,1071119,個人捐贈收入,黃慧美,A22*******,100000.00,0.00,,金錢,臺北市內湖區****,,
221,鄭文燦,107年直轄市市長選舉,首次申報,1071119,個人捐贈收入,陳淑真,A22*******,50000.00,0.00,,金錢,桃園市桃園區****,,
222,鄭文燦,107年直轄市市長選舉,首次申報,1071119,個人捐贈收入,施志明,C10*******,5000.00,0.00,,金錢,桃園市桃園區****,,
223,鄭文燦,107年直轄市市長選舉,首次申報,1071119,個人捐贈收入,許阿鐘,H10*******,100000.00,0.00,,金錢,桃園市大園區****,,
224,鄭文燦,107年直轄市市長選舉,首次申報,1071119,個人捐贈收入,朱凰鑑,H10*******,50000.00,0.00,,金錢,桃園市大園區****,,
225,鄭文燦,107年直轄市市長選舉,首次申報,1071119,個人捐贈收入,吳德中,H10*******,30000.00,0.00,,金錢,桃園市桃園區****,,
226,鄭文燦,107年直轄市市長選舉,首次申報,1071119,個人捐贈收入,邱希景,H10*******,30000.00,0.00,,金錢,桃園市桃園區****,,
227,鄭文燦,107年直轄市市長選舉,首次申報,1071119,個人捐贈收入,蕭成田,H10*******,100000.00,0.00,,金錢,桃園市桃園區****,,
228,鄭文燦,107年直轄市市長選舉,首次申報,1071119,個人捐贈收入,張武誼,H10*******,60000.00,0.00,,金錢,桃園市桃園區****,,
229,鄭文燦,107年直轄市市長選舉,首次申報,1071119,個人捐贈收入,林黃彰,H10*******,100000.00,0.00,,金錢,桃園市桃園區****,,
230,鄭文燦,107年直轄市市長選舉,首次申報,1071119,個人捐贈收入,趙克毅,H12*******,20000.00,0.00,,金錢,桃園市大溪區****,,
231,鄭文燦,107年直轄市市長選舉,首次申報,1071119,個人捐贈收入,許堂媜,H22*******,1000.00,0.00,,金錢,桃園市桃園區****,,
232,鄭文燦,107年直轄市市長選舉,首次申報,1071119,個人捐贈收入,王美雲,H22*******,100000.00,0.00,,金錢,桃園市桃園區****,,
233,鄭文燦,107年直轄市市長選舉,首次申報,1071119,個人捐贈收入,林倉立,M12*******,50000.00,0.00,,金錢,桃園市桃園區****,,
234,鄭文燦,107年直轄市市長選舉,首次申報,1071119,個人捐贈收入,顏昌洲,N12*******,200000.00,0.00,,金錢,桃園市桃園區****,,
235,鄭文燦,107年直轄市市長選舉,首次申報,1071120,人民團體捐贈收入,社團法人桃園市牙醫師公會,,100000.00,0.00,,金錢,桃園市中壢區****,4229*****,
236,鄭文燦,107年直轄市市長選舉,首次申報,1071120,匿名捐贈,匿名,,3000.00,0.00,,金錢,,,
237,鄭文燦,107年直轄市市長選舉,首次申報,1071120,營利事業捐贈收入,益萊工業股份有限公司,22985171,500000.00,0.00,,金錢,桃園市蘆竹區****,,
238,鄭文燦,107年直轄市市長選舉,首次申報,1071120,營利事業捐贈收入,鼎極實業有限公司,80005652,250000.00,0.00,,金錢,桃園市大園區****,,
239,鄭文燦,107年直轄市市長選舉,首次申報,1071120,營利事業捐贈收入,宇志物業管理有限公司,80540752,250000.00,0.00,,金錢,臺北市大同區****,,
240,鄭文燦,107年直轄市市長選舉,首次申報,1071120,營利事業捐贈收入,光鈦國際工業股份有限公司,97366601,100000.00,0.00,,金錢,桃園市蘆竹區****,,
241,鄭文燦,107年直轄市市長選舉,首次申報,1071120,個人捐贈收入,李哲男,A10*******,50000.00,0.00,,金錢,桃園市桃園區****,,
242,鄭文燦,107年直轄市市長選舉,首次申報,1071120,個人捐贈收入,鄭麗華,A20*******,10000.00,0.00,,金錢,桃園市新屋區****,,
243,鄭文燦,107年直轄市市長選舉,首次申報,1071120,個人捐贈收入,黃秋麟,F12*******,10000.00,0.00,,金錢,桃園市桃園區****,,
244,鄭文燦,107年直轄市市長選舉,首次申報,1071120,個人捐贈收入,嚴文志,F12*******,100000.00,0.00,,金錢,臺北市北投區****,,
245,鄭文燦,107年直轄市市長選舉,首次申報,1071120,個人捐贈收入,嚴立婷,F22*******,100000.00,0.00,,金錢,臺北市北投區****,,
246,鄭文燦,107年直轄市市長選舉,首次申報,1071120,個人捐贈收入,曾文鎔,H10*******,10000.00,0.00,,金錢,桃園市蘆竹區****,,
247,鄭文燦,107年直轄市市長選舉,首次申報,1071120,個人捐贈收入,鄭魏魁,H10*******,20000.00,0.00,,金錢,桃園市大園區****,,
248,鄭文燦,107年直轄市市長選舉,首次申報,1071120,個人捐贈收入,胡進利,H10*******,100000.00,0.00,,金錢,桃園市蘆竹區****,,
249,鄭文燦,107年直轄市市長選舉,首次申報,1071120,個人捐贈收入,陳泯樺,H10*******,10000.00,0.00,,金錢,桃園市中壢區****,,
250,鄭文燦,107年直轄市市長選舉,首次申報,1071120,個人捐贈收入,邱金旺,H12*******,10000.00,0.00,,金錢,桃園市平鎮區****,,
251,鄭文燦,107年直轄市市長選舉,首次申報,1071120,個人捐贈收入,黃成業,H12*******,20000.00,0.00,,金錢,桃園市楊梅區****,,
252,鄭文燦,107年直轄市市長選舉,首次申報,1071120,個人捐贈收入,胡家智,H12*******,100000.00,0.00,,金錢,桃園市蘆竹區****,,
253,鄭文燦,107年直轄市市長選舉,首次申報,1071120,個人捐贈收入,劉得全,H12*******,3000.00,0.00,,金錢,桃園市中壢區****,,
254,鄭文燦,107年直轄市市長選舉,首次申報,1071120,個人捐贈收入,莊嘉郁,N12*******,10000.00,0.00,,金錢,桃園市大園區****,,
255,鄭文燦,107年直轄市市長選舉,首次申報,1071121,匿名捐贈,匿名,,6888.00,0.00,,金錢,,,
256,鄭文燦,107年直轄市市長選舉,首次申報,1071121,匿名捐贈,匿名,,1000.00,0.00,,金錢,,,
257,鄭文燦,107年直轄市市長選舉,首次申報,1071121,匿名捐贈,匿名,,1000.00,0.00,,金錢,,,
258,鄭文燦,107年直轄市市長選舉,首次申報,1071121,營利事業捐贈收入,晨光企業顧問有限公司,80184971,100000.00,0.00,,金錢,臺北市大安區****,,
259,鄭文燦,107年直轄市市長選舉,首次申報,1071121,個人捐贈收入,葉步煙,A10*******,10000.00,0.00,,金錢,桃園市平鎮區****,,
260,鄭文燦,107年直轄市市長選舉,首次申報,1071121,個人捐贈收入,王維蒂,D22*******,100000.00,0.00,,金錢,桃園市桃園區****,,
261,鄭文燦,107年直轄市市長選舉,首次申報,1071121,個人捐贈收入,許淑娥,F22*******,2000.00,0.00,,金錢,桃園市大溪區****,,
262,鄭文燦,107年直轄市市長選舉,首次申報,1071121,個人捐贈收入,林晉祿,H12*******,30000.00,0.00,,金錢,桃園市蘆竹區****,,
263,鄭文燦,107年直轄市市長選舉,首次申報,1071121,個人捐贈收入,林桂金,H22*******,40000.00,0.00,,金錢,桃園市桃園區****,,
264,鄭文燦,107年直轄市市長選舉,首次申報,1071121,個人捐贈收入,顏昌洲,N12*******,100000.00,0.00,,金錢,桃園市桃園區****,,
265,鄭文燦,107年直轄市市長選舉,首次申報,1071121,個人捐贈收入,李建民,P12*******,20000.00,0.00,,金錢,桃園市蘆竹區****,,
266,鄭文燦,107年直轄市市長選舉,首次申報,1071122,匿名捐贈,吳振臺,,1000.00,0.00,,金錢,,,
267,鄭文燦,107年直轄市市長選舉,首次申報,1071122,匿名捐贈,匿名,,10000.00,0.00,,金錢,,,
268,鄭文燦,107年直轄市市長選舉,首次申報,1071122,個人捐贈收入,李俊煌,A10*******,5000.00,0.00,,金錢,桃園市龜山區****,,
269,鄭文燦,107年直轄市市長選舉,首次申報,1071122,個人捐贈收入,孫昆忠,F10*******,100000.00,0.00,,金錢,桃園市桃園區****,,
270,鄭文燦,107年直轄市市長選舉,首次申報,1071122,個人捐贈收入,孫黃雪子,F20*******,100000.00,0.00,,金錢,桃園市桃園區****,,
271,鄭文燦,107年直轄市市長選舉,首次申報,1071122,個人捐贈收入,邱顯堯,H12*******,100000.00,0.00,,金錢,桃園市大園區****,,
272,鄭文燦,107年直轄市市長選舉,首次申報,1071122,個人捐贈收入,簡美枝,H22*******,100000.00,0.00,,金錢,桃園市大園區****,,
273,鄭文燦,107年直轄市市長選舉,首次申報,1071122,個人捐贈收入,鄭詩萍,H22*******,10000.00,0.00,,金錢,桃園市中壢區****,,
274,鄭文燦,107年直轄市市長選舉,首次申報,1071123,營利事業捐贈收入,田圃企業股份有限公司,23987731,500000.00,0.00,,金錢,高雄市苓雅區****,,
275,鄭文燦,107年直轄市市長選舉,首次申報,1071123,營利事業捐贈收入,松福有限公司,27553594,20000.00,0.00,,金錢,臺北市中正區****,,
276,鄭文燦,107年直轄市市長選舉,首次申報,1071123,營利事業捐贈收入,田潤股份有限公司,86919296,400000.00,0.00,,金錢,高雄市苓雅區****,,
277,鄭文燦,107年直轄市市長選舉,首次申報,1071123,個人捐贈收入,陳青,A22*******,50000.00,0.00,,金錢,桃園市桃園區****,,
278,鄭文燦,107年直轄市市長選舉,首次申報,1071123,個人捐贈收入,陳涓,A22*******,50000.00,0.00,,金錢,桃園市桃園區****,,
279,鄭文燦,107年直轄市市長選舉,首次申報,1071123,個人捐贈收入,陳建甫,E12*******,100000.00,0.00,,金錢,高雄市苓雅區****,,
280,鄭文燦,107年直轄市市長選舉,首次申報,1071123,個人捐贈收入,林芬瓊,H20*******,100000.00,0.00,,金錢,桃園市蘆竹區****,,
281,鄭文燦,107年直轄市市長選舉,首次申報,1071123,個人捐贈收入,呂梅英,J22*******,80000.00,0.00,,金錢,桃園市中壢區****,,
282,鄭文燦,107年直轄市市長選舉,首次申報,1071123,個人捐贈收入,顏證文,P12*******,16800.00,0.00,,金錢,桃園市大溪區****,,
283,鄭文燦,107年直轄市市長選舉,首次申報,1071221,其他收入,利息收入,,1240.00,0.00,,金錢,,,
