﻿序號,擬參選人／政黨,選舉名稱,申報序號／年度,交易日期,收支科目,捐贈者／支出對象,身分證／統一編號,收入金額,支出金額,捐贈方式,存入專戶日期,返還/繳庫,支出用途,金錢類,地址,聯絡電話,應揭露之支出對象,支出對象之內部人員姓名,支出對象之內部人員職稱,政黨之內部人員姓名,政黨之內部人員職稱,關係,更正註記,資料更正日期
1,沈銘恭,111年雲林縣議員選舉,首次申報,1110730,宣傳支出,佳晨禮贈品企業社,85786950,0.00,131250.00,,,,競選用小藥膏,金錢,嘉義縣水上鄉****,0988*****,否,,,,,,,
2,沈銘恭,111年雲林縣議員選舉,首次申報,1110923,宣傳支出,宏捷派報社,88562384,0.00,19500.00,,,,選舉DM派報,金錢,彰化縣北斗鎮****,0921*****,否,,,,,,,
3,沈銘恭,111年雲林縣議員選舉,首次申報,1111007,宣傳支出,鈺泰企業社,72410101,0.00,50000.00,,,,印刷品,金錢,雲林縣斗六市****,0903*****,否,,,,,,,
4,沈銘恭,111年雲林縣議員選舉,首次申報,1111102,宣傳支出,鈺泰企業社,72410101,0.00,50000.00,,,,廣告帆布,金錢,雲林縣斗六市****,0903*****,否,,,,,,,
5,沈銘恭,111年雲林縣議員選舉,首次申報,1111123,宣傳支出,正聲廣播股份有限公司雲林廣播電台,15592474,0.00,20000.00,,,,廣告費,金錢,雲林縣虎尾鎮****,05-6*****,否,,,,,,,
6,沈銘恭,111年雲林縣議員選舉,首次申報,1111212,宣傳支出,新雲林之聲廣播電台股份有限公司,89571523,0.00,14400.00,,,,廣告費,金錢,雲林縣斗南鎮****,05-5*****,否,,,,,,,
