﻿序號,擬參選人／政黨,選舉名稱,申報序號／年度,交易日期,收支科目,捐贈者／支出對象,身分證／統一編號,收入金額,支出金額,捐贈方式,存入專戶日期,返還/繳庫,支出用途,金錢類,地址,聯絡電話,應揭露之支出對象,支出對象之內部人員姓名,支出對象之內部人員職稱,政黨之內部人員姓名,政黨之內部人員職稱,關係,更正註記,資料更正日期
1,闕枚莎,107年直轄市議員選舉,第3次賸餘,1100107,當選後與其公務有關之費用支出,九品書法社,01324533,0.00,5925.00,,,,為民活動費用,金錢,,,,,,,,,,
2,闕枚莎,107年直轄市議員選舉,第3次賸餘,1100107,當選後與其公務有關之費用支出,寶發音樂工作室,30387640,0.00,10000.00,,,,為民服務費用,金錢,,,,,,,,,,
3,闕枚莎,107年直轄市議員選舉,第3次賸餘,1100108,當選後與其公務有關之費用支出,謝英美,F20*******,0.00,15000.00,,,,租用競選辦事處費用,金錢,,,,,,,,,,
4,闕枚莎,107年直轄市議員選舉,第3次賸餘,1100110,當選後與其公務有關之費用支出,台灣高速鐵路股份有限公司,16446274,0.00,2530.00,,,,搭乘長程運輸工具費用,金錢,,,,,,,,,,
5,闕枚莎,107年直轄市議員選舉,第3次賸餘,1100113,當選後與其公務有關之費用支出,台灣雀巢股份有限公司奈斯派索分公司松壽營業所,31888220,0.00,4150.00,,,,為民活動費用,金錢,,,,,,,,,,
6,闕枚莎,107年直轄市議員選舉,第3次賸餘,1100118,當選後與其公務有關之費用支出,寶發音樂工作室,30387640,0.00,10000.00,,,,為民活動費用,金錢,,,,,,,,,,
7,闕枚莎,107年直轄市議員選舉,第3次賸餘,1100118,當選後與其公務有關之費用支出,喆園事業股份有限公司,53102104,0.00,37639.00,,,,餐飲費用,金錢,臺北市中山區****,02-2*****,,,,,,,,
8,闕枚莎,107年直轄市議員選舉,第3次賸餘,1100120,當選後與其公務有關之費用支出,張綢,N20*******,0.00,23000.00,,,,租用競選辦事處費用,金錢,,,,,,,,,,
9,闕枚莎,107年直轄市議員選舉,第3次賸餘,1100121,當選後與其公務有關之費用支出,南港富康郵局,,0.00,30.00,,,,電信費用,金錢,,02-2*****,,,,,,,,
10,闕枚莎,107年直轄市議員選舉,第3次賸餘,1100122,當選後與其公務有關之費用支出,潤嘉實業有限公司,27807773,0.00,102900.00,,,,製作競選物品或宣傳廣告費用（物品名稱-不織布手提袋）,金錢,新北市中和區****,02-2*****,,,,,,,,
11,闕枚莎,107年直轄市議員選舉,第3次賸餘,1100125,當選後與其公務有關之費用支出,印通彩色印刷股份有限公司,86758854,0.00,1100.00,,,,製作競選物品或宣傳廣告費用（物品名稱-名片）,金錢,,,,,,,,,,
12,闕枚莎,107年直轄市議員選舉,第3次賸餘,1100126,當選後與其公務有關之費用支出,南港郵局,,0.00,5106.00,,,,郵寄競選物品或宣傳廣告費用,金錢,,0800*****,,,,,,,,
13,闕枚莎,107年直轄市議員選舉,第3次賸餘,1100201,當選後與其公務有關之費用支出,絨香商行,47521585,0.00,27500.00,,,,為民活動費用,金錢,,,,,,,,,,
14,闕枚莎,107年直轄市議員選舉,第3次賸餘,1100204,當選後與其公務有關之費用支出,三商餐飲股份有限公司南港門市部,42310013,0.00,1686.00,,,,餐飲費用,金錢,,,,,,,,,,
15,闕枚莎,107年直轄市議員選舉,第3次賸餘,1100208,當選後與其公務有關之費用支出,南港富康郵局,,0.00,60.00,,,,電信費用,金錢,,02-2*****,,,,,,,,
16,闕枚莎,107年直轄市議員選舉,第3次賸餘,1100208,當選後與其公務有關之費用支出,埔興企業股份有限公司,23181708,0.00,146825.00,,,,製作競選物品或宣傳廣告費用（物品名稱-瓶裝水）,金錢,南投縣埔里鎮****,049-*****,,,,,,,,
17,闕枚莎,107年直轄市議員選舉,第3次賸餘,1100208,當選後與其公務有關之費用支出,台灣雀巢股份有限公司奈斯派索分公司松壽營業所,31888220,0.00,3360.00,,,,為民活動費用,金錢,,,,,,,,,,
18,闕枚莎,107年直轄市議員選舉,第3次賸餘,1100208,當選後與其公務有關之費用支出,謝英美,F20*******,0.00,15000.00,,,,租用競選辦事處費用,金錢,,,,,,,,,,
19,闕枚莎,107年直轄市議員選舉,第3次賸餘,1100220,當選後與其公務有關之費用支出,飛燕印刷有限公司,05009655,0.00,1800.00,,,,製作競選物品或宣傳廣告費用（物品名稱-春聯）,金錢,,,,,,,,,,
20,闕枚莎,107年直轄市議員選舉,第3次賸餘,1100220,當選後與其公務有關之費用支出,張綢,N20*******,0.00,23000.00,,,,租用競選辦事處費用,金錢,,,,,,,,,,
21,闕枚莎,107年直轄市議員選舉,第3次賸餘,1100222,當選後與其公務有關之費用支出,台灣雀巢股份有限公司奈斯派索分公司松壽營業所,31888220,0.00,2020.00,,,,為民活動費用,金錢,,,,,,,,,,
22,闕枚莎,107年直轄市議員選舉,第3次賸餘,1100222,當選後與其公務有關之費用支出,寶雅國際股份有限公司忠孝明曜分公司,51801617,0.00,466.00,,,,文具用品費用,金錢,,,,,,,,,,
23,闕枚莎,107年直轄市議員選舉,第3次賸餘,1100224,當選後與其公務有關之費用支出,南港郵局,,0.00,3996.00,,,,郵寄競選物品或宣傳廣告費用,金錢,,0800*****,,,,,,,,
24,闕枚莎,107年直轄市議員選舉,第3次賸餘,1100225,當選後與其公務有關之費用支出,寶船餐廳有限公司,89624303,0.00,2332.00,,,,餐飲費用,金錢,,,,,,,,,,
25,闕枚莎,107年直轄市議員選舉,第3次賸餘,1100227,當選後與其公務有關之費用支出,台灣雀巢股份有限公司奈斯派索分公司松壽營業所,31888220,0.00,910.00,,,,為民活動費用,金錢,,,,,,,,,,
26,闕枚莎,107年直轄市議員選舉,第3次賸餘,1100227,當選後與其公務有關之費用支出,寶船餐廳有限公司,89624303,0.00,9060.00,,,,餐飲費用,金錢,,,,,,,,,,
27,闕枚莎,107年直轄市議員選舉,第3次賸餘,1100304,當選後與其公務有關之費用支出,許陳玉梅,P20*******,0.00,92500.00,,,,為民活動費用,金錢,雲林縣水林鄉****,,,,,,,,,
28,闕枚莎,107年直轄市議員選舉,第3次賸餘,1100305,當選後與其公務有關之費用支出,三通網資訊股份有限公司,70561948,0.00,4232.00,,,,發送電信簡訊費用,金錢,,,,,,,,,,
29,闕枚莎,107年直轄市議員選舉,第3次賸餘,1100310,當選後與其公務有關之費用支出,謝英美,F20*******,0.00,15000.00,,,,租用競選辦事處費用,金錢,,,,,,,,,,
30,闕枚莎,107年直轄市議員選舉,第3次賸餘,1100315,當選後與其公務有關之費用支出,千弘汽車修護廠有限公司,41131300,0.00,7500.00,,,,修繕費用,金錢,,,,,,,,,,
31,闕枚莎,107年直轄市議員選舉,第3次賸餘,1100316,當選後與其公務有關之費用支出,南港郵局,,0.00,4620.00,,,,郵寄競選物品或宣傳廣告費用,金錢,,0800*****,,,,,,,,
32,闕枚莎,107年直轄市議員選舉,第3次賸餘,1100318,當選後與其公務有關之費用支出,許陳玉梅,P20*******,0.00,83200.00,,,,為民活動費用,金錢,雲林縣水林鄉****,,,,,,,,,
33,闕枚莎,107年直轄市議員選舉,第3次賸餘,1100323,當選後與其公務有關之費用支出,好朋友食品有限公司,54159569,0.00,2403.00,,,,餐飲費用,金錢,,,,,,,,,,
34,闕枚莎,107年直轄市議員選舉,第3次賸餘,1100323,當選後與其公務有關之費用支出,張綢,N20*******,0.00,23000.00,,,,租用競選辦事處費用,金錢,,,,,,,,,,
35,闕枚莎,107年直轄市議員選舉,第3次賸餘,1100324,當選後與其公務有關之費用支出,寶船餐廳有限公司,89624303,0.00,19074.00,,,,餐飲費用,金錢,,,,,,,,,,
36,闕枚莎,107年直轄市議員選舉,第3次賸餘,1100326,當選後與其公務有關之費用支出,千弘汽車修護廠有限公司,27839819,0.00,5000.00,,,,修繕費用,金錢,,,,,,,,,,
37,闕枚莎,107年直轄市議員選舉,第3次賸餘,1100330,當選後與其公務有關之費用支出,寶船餐廳有限公司,89624303,0.00,10500.00,,,,餐飲費用,金錢,,,,,,,,,,
38,闕枚莎,107年直轄市議員選舉,第3次賸餘,1100401,當選後與其公務有關之費用支出,北都汽車股份有限公司南港分公司,53675708,0.00,9251.00,,,,修繕費用,金錢,,,,,,,,,,
39,闕枚莎,107年直轄市議員選舉,第3次賸餘,1100409,當選後與其公務有關之費用支出,謝英美,F20*******,0.00,15000.00,,,,租用競選辦事處費用,金錢,,,,,,,,,,
40,闕枚莎,107年直轄市議員選舉,第3次賸餘,1100414,當選後與其公務有關之費用支出,南港郵局,,0.00,3540.00,,,,郵寄競選物品或宣傳廣告費用,金錢,,0800*****,,,,,,,,
41,闕枚莎,107年直轄市議員選舉,第3次賸餘,1100416,當選後與其公務有關之費用支出,煜正有限公司,80671064,0.00,18900.00,,,,修繕費用,金錢,,,,,,,,,,
42,闕枚莎,107年直轄市議員選舉,第3次賸餘,1100420,當選後與其公務有關之費用支出,張綢,N20*******,0.00,23000.00,,,,租用競選辦事處費用,金錢,,,,,,,,,,
43,闕枚莎,107年直轄市議員選舉,第3次賸餘,1100421,當選後與其公務有關之費用支出,橙霖資訊科技有限公司,24409061,0.00,21000.00,,,,文具用品費用,金錢,,,,,,,,,,
44,闕枚莎,107年直轄市議員選舉,第3次賸餘,1100422,當選後與其公務有關之費用支出,許陳玉梅,P20*******,0.00,27500.00,,,,為民活動費用,金錢,雲林縣水林鄉****,,,,,,,,,
45,闕枚莎,107年直轄市議員選舉,第3次賸餘,1100505,當選後與其公務有關之費用支出,台灣雀巢股份有限公司奈斯派索分公司松壽營業所,31888220,0.00,2440.00,,,,為民活動費用,金錢,,,,,,,,,,
46,闕枚莎,107年直轄市議員選舉,第3次賸餘,1100507,當選後與其公務有關之費用支出,花卉營業人(1718),01225695,0.00,2000.00,,,,為民活動費用,金錢,,,,,,,,,,
47,闕枚莎,107年直轄市議員選舉,第3次賸餘,1100507,當選後與其公務有關之費用支出,景裕電影企業有限公司,36531663,0.00,20000.00,,,,為民活動費用,金錢,,,,,,,,,,
48,闕枚莎,107年直轄市議員選舉,第3次賸餘,1100510,當選後與其公務有關之費用支出,謝英美,F20*******,0.00,15000.00,,,,租用競選辦事處費用,金錢,,,,,,,,,,
49,闕枚莎,107年直轄市議員選舉,第3次賸餘,1100520,當選後與其公務有關之費用支出,張綢,N20*******,0.00,23000.00,,,,租用競選辦事處費用,金錢,,,,,,,,,,
50,闕枚莎,107年直轄市議員選舉,第3次賸餘,1100526,當選後與其公務有關之費用支出,學欣書局,26229297,0.00,2191.00,,,,文具用品費用,金錢,,,,,,,,,,
51,闕枚莎,107年直轄市議員選舉,第3次賸餘,1100531,當選後與其公務有關之費用支出,鈦克企業社,76423373,0.00,3600.00,,,,雜項購置費用,金錢,,,,,,,,,,
52,闕枚莎,107年直轄市議員選舉,第3次賸餘,1100608,當選後與其公務有關之費用支出,南港郵局,,0.00,3648.00,,,,郵寄競選物品或宣傳廣告費用,金錢,,0800*****,,,,,,,,
53,闕枚莎,107年直轄市議員選舉,第3次賸餘,1100608,當選後與其公務有關之費用支出,英屬維京群島商禾寶醫療器材股份有限公司台灣分公司,42963610,0.00,5000.00,,,,為民活動費用,金錢,,,,,,,,,,
54,闕枚莎,107年直轄市議員選舉,第3次賸餘,1100608,當選後與其公務有關之費用支出,英屬維京群島商禾寶醫療器材股份有限公司台灣分公司,42963610,0.00,14850.00,,,,為民活動費用,金錢,,,,,,,,,,
55,闕枚莎,107年直轄市議員選舉,第3次賸餘,1100608,當選後與其公務有關之費用支出,英屬維京群島商禾寶醫療器材股份有限公司台灣分公司,42963610,0.00,20000.00,,,,為民活動費用,金錢,,,,,,,,,,
56,闕枚莎,107年直轄市議員選舉,第3次賸餘,1100610,當選後與其公務有關之費用支出,謝英美,F20*******,0.00,15000.00,,,,租用競選辦事處費用,金錢,,,,,,,,,,
57,闕枚莎,107年直轄市議員選舉,第3次賸餘,1100617,當選後與其公務有關之費用支出,台灣雀巢股份有限公司奈斯派索分公司松壽營業所,31888220,0.00,4060.00,,,,為民活動費用,金錢,,,,,,,,,,
58,闕枚莎,107年直轄市議員選舉,第3次賸餘,1100620,當選後與其公務有關之費用支出,張綢,N20*******,0.00,23000.00,,,,租用競選辦事處費用,金錢,,,,,,,,,,
59,闕枚莎,107年直轄市議員選舉,第3次賸餘,1100625,當選後與其公務有關之費用支出,南港郵局,,0.00,3570.00,,,,郵寄競選物品或宣傳廣告費用,金錢,,0800*****,,,,,,,,
60,闕枚莎,107年直轄市議員選舉,第3次賸餘,1100625,當選後與其公務有關之費用支出,南港富康郵局,,0.00,30.00,,,,電信費用,金錢,,02-2*****,,,,,,,,
61,闕枚莎,107年直轄市議員選舉,第3次賸餘,1100625,當選後與其公務有關之費用支出,南港富康郵局,,0.00,30.00,,,,電信費用,金錢,,02-2*****,,,,,,,,
62,闕枚莎,107年直轄市議員選舉,第3次賸餘,1100625,當選後與其公務有關之費用支出,宸采創意有限公司,29173233,0.00,110000.00,,,,製作競選物品或宣傳廣告費用（物品名稱-文宣印製）,金錢,新北市永和區****,02-2*****,,,,,,,,
63,闕枚莎,107年直轄市議員選舉,第3次賸餘,1100627,當選後與其公務有關之費用支出,宸采創意有限公司,29173233,0.00,31500.00,,,,製作競選物品或宣傳廣告費用（物品名稱-文宣印製）,金錢,新北市永和區****,02-2*****,,,,,,,,
64,闕枚莎,107年直轄市議員選舉,第3次賸餘,1100709,當選後與其公務有關之費用支出,謝英美,F20*******,0.00,15000.00,,,,租用競選辦事處費用,金錢,,,,,,,,,,
65,闕枚莎,107年直轄市議員選舉,第3次賸餘,1100713,當選後與其公務有關之費用支出,南港郵局,,0.00,4320.00,,,,郵寄競選物品或宣傳廣告費用,金錢,,0800*****,,,,,,,,
66,闕枚莎,107年直轄市議員選舉,第3次賸餘,1100722,當選後與其公務有關之費用支出,南港富康郵局,,0.00,30.00,,,,電信費用,金錢,,02-2*****,,,,,,,,
67,闕枚莎,107年直轄市議員選舉,第3次賸餘,1100722,當選後與其公務有關之費用支出,南港富康郵局,,0.00,30.00,,,,電信費用,金錢,,02-2*****,,,,,,,,
68,闕枚莎,107年直轄市議員選舉,第3次賸餘,1100722,當選後與其公務有關之費用支出,埔興企業股份有限公司,23181708,0.00,88200.00,,,,製作競選物品或宣傳廣告費用（物品名稱-瓶裝水）,金錢,南投縣埔里鎮****,049-*****,,,,,,,,
69,闕枚莎,107年直轄市議員選舉,第3次賸餘,1100722,當選後與其公務有關之費用支出,張綢,N20*******,0.00,23000.00,,,,租用競選辦事處費用,金錢,,,,,,,,,,
70,闕枚莎,107年直轄市議員選舉,第3次賸餘,1100722,當選後與其公務有關之費用支出,許陳玉梅,P20*******,0.00,64200.00,,,,為民活動費用,金錢,雲林縣水林鄉****,,,,,,,,,
71,闕枚莎,107年直轄市議員選舉,第3次賸餘,1100809,當選後與其公務有關之費用支出,謝英美,F20*******,0.00,15000.00,,,,租用競選辦事處費用,金錢,,,,,,,,,,
72,闕枚莎,107年直轄市議員選舉,第3次賸餘,1100818,當選後與其公務有關之費用支出,南港郵局,,0.00,4410.00,,,,郵寄競選物品或宣傳廣告費用,金錢,,0800*****,,,,,,,,
73,闕枚莎,107年直轄市議員選舉,第3次賸餘,1100818,當選後與其公務有關之費用支出,北都汽車股份有限公司南港分公司,53675708,0.00,7227.00,,,,修繕費用,金錢,,,,,,,,,,
74,闕枚莎,107年直轄市議員選舉,第3次賸餘,1100823,當選後與其公務有關之費用支出,張綢,N20*******,0.00,23000.00,,,,租用競選辦事處費用,金錢,,,,,,,,,,
75,闕枚莎,107年直轄市議員選舉,第3次賸餘,1100910,當選後與其公務有關之費用支出,謝英美,F20*******,0.00,15000.00,,,,租用競選辦事處費用,金錢,,,,,,,,,,
76,闕枚莎,107年直轄市議員選舉,第3次賸餘,1100911,當選後與其公務有關之費用支出,台灣雀巢股份有限公司奈斯派索分公司松壽營業所,31888220,0.00,3650.00,,,,為民活動費用,金錢,,,,,,,,,,
77,闕枚莎,107年直轄市議員選舉,第3次賸餘,1100913,當選後與其公務有關之費用支出,法朋有限公司,53930285,0.00,2540.00,,,,餐飲費用,金錢,,,,,,,,,,
78,闕枚莎,107年直轄市議員選舉,第3次賸餘,1100914,當選後與其公務有關之費用支出,榮德汽車保養商行,83903530,0.00,1800.00,,,,修繕費用,金錢,,,,,,,,,,
79,闕枚莎,107年直轄市議員選舉,第3次賸餘,1100923,當選後與其公務有關之費用支出,張綢,N20*******,0.00,23000.00,,,,租用競選辦事處費用,金錢,,,,,,,,,,
80,闕枚莎,107年直轄市議員選舉,第3次賸餘,1101008,當選後與其公務有關之費用支出,謝英美,F20*******,0.00,15000.00,,,,租用競選辦事處費用,金錢,,,,,,,,,,
81,闕枚莎,107年直轄市議員選舉,第3次賸餘,1101022,當選後與其公務有關之費用支出,張綢,N20*******,0.00,23000.00,,,,租用競選辦事處費用,金錢,,,,,,,,,,
82,闕枚莎,107年直轄市議員選舉,第3次賸餘,1101110,當選後與其公務有關之費用支出,謝英美,F20*******,0.00,15000.00,,,,租用競選辦事處費用,金錢,,,,,,,,,,
83,闕枚莎,107年直轄市議員選舉,第3次賸餘,1101120,當選後與其公務有關之費用支出,張綢,N20*******,0.00,23000.00,,,,租用競選辦事處費用,金錢,,,,,,,,,,
84,闕枚莎,107年直轄市議員選舉,第3次賸餘,1101210,當選後與其公務有關之費用支出,謝英美,F20*******,0.00,15000.00,,,,租用競選辦事處費用,金錢,,,,,,,,,,
85,闕枚莎,107年直轄市議員選舉,第3次賸餘,1101217,當選後與其公務有關之費用支出,金龍香餅店,04782744,0.00,2800.00,,,,為民活動費用,金錢,,,,,,,,,,
86,闕枚莎,107年直轄市議員選舉,第3次賸餘,1101220,當選後與其公務有關之費用支出,張綢,N20*******,0.00,23000.00,,,,租用競選辦事處費用,金錢,,,,,,,,,,
