﻿序號,擬參選人／政黨,選舉名稱,申報序號／年度,交易日期,收支科目,捐贈者／支出對象,身分證／統一編號,收入金額,支出金額,捐贈方式,存入專戶日期,返還/繳庫,支出用途,金錢類,地址,聯絡電話,應揭露之支出對象,支出對象之內部人員姓名,支出對象之內部人員職稱,政黨之內部人員姓名,政黨之內部人員職稱,關係,更正註記,資料更正日期
1,卓冠廷,111年新北市議員選舉,第2次賸餘,1130206,支付當選後與其公務有關之費用,尤世昌,A12*******,0.00,67500.00,,,,獎金或津貼,金錢,新北市鶯歌區****,,否,,,,,,,
2,卓冠廷,111年新北市議員選舉,第2次賸餘,1130206,支付當選後與其公務有關之費用,林修任,A12*******,0.00,2500.00,,,,獎金或津貼,金錢,新北市新店區****,,否,,,,,,,
3,卓冠廷,111年新北市議員選舉,第2次賸餘,1130206,支付當選後與其公務有關之費用,王中愷,F12*******,0.00,7500.00,,,,獎金或津貼,金錢,新北市鶯歌區****,,否,,,,,,,
4,卓冠廷,111年新北市議員選舉,第2次賸餘,1130206,支付當選後與其公務有關之費用,陳佳煜,F13*******,0.00,2500.00,,,,獎金或津貼,金錢,新北市鶯歌區****,,否,,,,,,,
5,卓冠廷,111年新北市議員選舉,第2次賸餘,1130206,支付當選後與其公務有關之費用,蔡上偉,F13*******,0.00,15000.00,,,,獎金或津貼,金錢,新北市板橋區****,,否,,,,,,,
6,卓冠廷,111年新北市議員選舉,第2次賸餘,1130206,支付當選後與其公務有關之費用,林家好,F22*******,0.00,4625.00,,,,獎金或津貼,金錢,新北市板橋區****,,否,,,,,,,
7,卓冠廷,111年新北市議員選舉,第2次賸餘,1130206,支付當選後與其公務有關之費用,洪玲玲,J22*******,0.00,65000.00,,,,獎金或津貼,金錢,新北市板橋區****,,否,,,,,,,
8,卓冠廷,111年新北市議員選舉,第2次賸餘,1130206,支付當選後與其公務有關之費用,于顥,O10*******,0.00,57500.00,,,,獎金或津貼,金錢,新竹縣竹北市****,,否,,,,,,,
9,卓冠廷,111年新北市議員選舉,第2次賸餘,1130314,支付當選後與其公務有關之費用,正將廣告有限公司,80631129,0.00,50318.00,,,,製作競選物品或宣傳廣告費用,金錢,新北市樹林區****,,否,,,,,,,
