﻿序號,擬參選人／政黨,選舉名稱,申報序號／年度,交易日期,收支科目,捐贈者／支出對象,身分證／統一編號,收入金額,支出金額,捐贈方式,存入專戶日期,返還/繳庫,支出用途,金錢類,地址,聯絡電話,應揭露之支出對象,支出對象之內部人員姓名,支出對象之內部人員職稱,政黨之內部人員姓名,政黨之內部人員職稱,關係,更正註記,資料更正日期
1,劉秋美,111年臺東縣議員選舉,首次申報,1110915,宣傳支出,台東建設有限公司,53511868,0.00,18900.00,,,,租用廣告看板或車體廣告費用,金錢,臺東縣臺東市****,0963*****,否,,,,,,,
2,劉秋美,111年臺東縣議員選舉,首次申報,1111010,雜支支出,書香婷文教禮品商行,,0.00,918.00,,,,文具用品費用,金錢,臺東縣臺東市****,089-*****,否,,,,,,,
3,劉秋美,111年臺東縣議員選舉,首次申報,1111019,租用競選辦事處支出,鴻全出租行,37733012,0.00,5300.00,,,,租用競選辦事處費用,金錢,臺東縣臺東市****,089-*****,否,,,,,,,
4,劉秋美,111年臺東縣議員選舉,首次申報,1111031,宣傳支出,奔達資訊有限公司,97376734,0.00,48980.00,,,,租用廣告看板或車體廣告費用,金錢,臺東縣臺東市****,089-*****,否,,,,,,,
5,劉秋美,111年臺東縣議員選舉,首次申報,1111105,雜支支出,立星企業社,12067363,0.00,15000.00,,,,文具用品費用,金錢,臺東縣臺東市****,089-*****,否,,,,,,,
6,劉秋美,111年臺東縣議員選舉,首次申報,1111105,宣傳支出,奔達資訊有限公司,97376734,0.00,12500.00,,,,製作競選物品或宣傳廣告費用（物品名稱-請填寫）,金錢,臺東縣臺東市****,089-*****,否,,,,,,,
7,劉秋美,111年臺東縣議員選舉,首次申報,1111201,宣傳支出,立星企業社,12067363,0.00,36000.00,,,,製作競選物品或宣傳廣告費用（物品名稱-請填寫）,金錢,臺東縣臺東市****,089-*****,否,,,,,,,
8,劉秋美,111年臺東縣議員選舉,首次申報,1111201,人事費用支出,陳韋均,A12*******,0.00,70000.00,,,,工資或薪津,金錢,臺東縣臺東市****,,否,,,,,,,
9,劉秋美,111年臺東縣議員選舉,首次申報,1111201,人事費用支出,陳焄建,V10*******,0.00,60000.00,,,,工資或薪津,金錢,臺東縣臺東市****,,否,,,,,,,
10,劉秋美,111年臺東縣議員選舉,首次申報,1111201,人事費用支出,郭獻東,V10*******,0.00,60000.00,,,,工資或薪津,金錢,臺東縣臺東市****,,否,,,,,,,
11,劉秋美,111年臺東縣議員選舉,首次申報,1111201,人事費用支出,陳焄育,V10*******,0.00,60000.00,,,,工資或薪津,金錢,臺東縣臺東市****,,否,,,,,,,
12,劉秋美,111年臺東縣議員選舉,首次申報,1111201,租用競選辦事處支出,陳顯興,V12*******,0.00,80000.00,,,,租用競選辦事處費用,金錢,台東市四維路****,,否,,,,,,,
13,劉秋美,111年臺東縣議員選舉,首次申報,1120208,返還捐贈支出,嘉群交通股份有限公司,89778334,0.00,100000.00,,,,返還,金錢,臺東縣臺東市****,,否,,,,,,,
