﻿序號,擬參選人／政黨,選舉名稱,申報序號／年度,交易日期,收支科目,捐贈者／支出對象,身分證／統一編號,收入金額,支出金額,支出用途,金錢類,地址,聯絡電話,資料更正日期
1,王汝聰,107年直轄市議員選舉,首次申報,1070605,雜支支出,都會開發股份有限公司,53433300,0.00,1804.00,雜項購置或修繕費用,金錢,高雄市新興區****,,
2,王汝聰,107年直轄市議員選舉,首次申報,1070611,雜支支出,甄星百貨有限公司,66619573,0.00,149.00,雜項購置或修繕費用,金錢,新北市板橋區****,,
3,王汝聰,107年直轄市議員選舉,首次申報,1070614,雜支支出,都會開發股份有限公司,23541648,0.00,1046.00,汽機車燃料費用,金錢,,,
4,王汝聰,107年直轄市議員選舉,首次申報,1070615,雜支支出,小米之家台北店,13375846,0.00,2610.00,雜項購置或修繕費用,金錢,新北市板橋區****,,
5,王汝聰,107年直轄市議員選舉,首次申報,1070617,交通旅運支出,山水開發有限公司,50738813,0.00,200.00,停車費,金錢,新北市中和區****,,
6,王汝聰,107年直轄市議員選舉,首次申報,1070620,雜支支出,小米之家台北店,24778043,0.00,1395.00,雜項購置或修繕費用,金錢,台北市中山區****,,
7,王汝聰,107年直轄市議員選舉,首次申報,1070620,雜支支出,家樂福,27243938,0.00,1325.00,雜項購置或修繕費用,金錢,新北市新店區****,,
8,王汝聰,107年直轄市議員選舉,首次申報,1070620,雜支支出,禮爵國際服務形象顧問有限公司,28005195,0.00,800.00,雜項購置或修繕費用,金錢,臺北市中山區****,,
9,王汝聰,107年直轄市議員選舉,首次申報,1070620,雜支支出,萊爾富,96967107,0.00,101.00,餐飲費用,金錢,,,
10,王汝聰,107年直轄市議員選舉,首次申報,1070621,雜支支出,法蘭絲股份有限公司,97311851,0.00,5714.00,紅酒,金錢,臺北市內湖區****,,
11,王汝聰,107年直轄市議員選舉,首次申報,1070623,雜支支出,北市立圖書館員工消費合作社萬興分館,01709349,0.00,981.00,雜項購置或修繕費用,金錢,臺北市文山區****,,
12,王汝聰,107年直轄市議員選舉,首次申報,1070626,人事費用支出,吳偉民,C10*******,0.00,20000.00,工資或薪津,金錢,基隆市七堵區****,,
13,王汝聰,107年直轄市議員選舉,首次申報,1070629,雜支支出,台灣微軟股份有限公司,23525730,0.00,750.00,雜項購置或修繕費用,金錢,台北市信義區****,,
14,王汝聰,107年直轄市議員選舉,首次申報,1070701,雜支支出,古月傳說股份有限公司,27489192,0.00,390.00,餐飲費用,金錢,新北市新莊區****,,
15,王汝聰,107年直轄市議員選舉,首次申報,1070701,交通旅運支出,日月亭股份有限公司,42481682,0.00,800.00,停車費,金錢,台北市文山區****,,
16,王汝聰,107年直轄市議員選舉,首次申報,1070701,交通旅運支出,普客二四停車場,72752042,0.00,130.00,停車費,金錢,,,
17,王汝聰,107年直轄市議員選舉,首次申報,1070701,交通旅運支出,普客二四停車場,72752042,0.00,60.00,停車費,金錢,,,
18,王汝聰,107年直轄市議員選舉,首次申報,1070702,雜支支出,台灣中油,01709349,0.00,86.00,雜項購置或修繕費用,金錢,,,
19,王汝聰,107年直轄市議員選舉,首次申報,1070702,雜支支出,COSTCO,16439323,0.00,149.00,餐飲費用,金錢,臺北市內湖區****,,
20,王汝聰,107年直轄市議員選舉,首次申報,1070702,雜支支出,COSTCO,16846757,0.00,6016.00,雜項購置或修繕費用,金錢,新北市汐止區****,,
21,王汝聰,107年直轄市議員選舉,首次申報,1070702,雜支支出,微風三總商店街,24795583,0.00,70.00,餐飲費用,金錢,,,
22,王汝聰,107年直轄市議員選舉,首次申報,1070702,雜支支出,古早傳說,80186387,0.00,200.00,餐飲費用,金錢,台北市內湖區****,,
23,王汝聰,107年直轄市議員選舉,首次申報,1070705,雜支支出,全聯福利中心,80353504,0.00,192.00,雜項購置或修繕費用,金錢,新北市新莊區****,,
24,王汝聰,107年直轄市議員選舉,首次申報,1070706,交通旅運支出,日月亭股份有公司,42481682,0.00,170.00,停車費,金錢,,,
25,王汝聰,107年直轄市議員選舉,首次申報,1070706,交通旅運支出,日月亭股份有公司,72743754,0.00,90.00,停車費,金錢,,,
26,王汝聰,107年直轄市議員選舉,首次申報,1070706,雜支支出,全聯福利中心,80337842,0.00,133.00,雜項購置或修繕費用,金錢,新北市新莊區****,,
27,王汝聰,107年直轄市議員選舉,首次申報,1070707,雜支支出,享相有限公司,43853274,0.00,573.00,雜項購置或修繕費用,金錢,,,
28,王汝聰,107年直轄市議員選舉,首次申報,1070707,交通旅運支出,民權停車場,99818166,0.00,150.00,停車費,金錢,新北市永和區****,,
29,王汝聰,107年直轄市議員選舉,首次申報,1070708,雜支支出,日勝昌商行,31715993,0.00,144.00,雜項購置或修繕費用,金錢,新北市中和區****,,
30,王汝聰,107年直轄市議員選舉,首次申報,1070709,宣傳支出,南鯤鯓代天府代天巡守御旨袋天堂,,0.00,2000.00,演講或表演支出,金錢,新北市板橋區****,,
31,王汝聰,107年直轄市議員選舉,首次申報,1070709,宣傳支出,南鯤鯓代天府代天巡守御旨袋天堂,,0.00,2000.00,演講或表演支出,金錢,新北市板橋區****,,
32,王汝聰,107年直轄市議員選舉,首次申報,1070709,雜支支出,文山聯股份有限公司,28336955,0.00,1565.00,餐飲費用,金錢,台北市文山區****,,
33,王汝聰,107年直轄市議員選舉,首次申報,1070709,交通旅運支出,台灣中油,37505158,0.00,100.00,油資,金錢,新北市八里區****,,
34,王汝聰,107年直轄市議員選舉,首次申報,1070709,雜支支出,享相有限公司,43853274,0.00,296.00,雜項購置或修繕費用,金錢,,,
35,王汝聰,107年直轄市議員選舉,首次申報,1070710,雜支支出,7-ELEVEN,23362829,0.00,156.00,餐飲費用,金錢,,,
36,王汝聰,107年直轄市議員選舉,首次申報,1070710,雜支支出,麥當勞,24543665,0.00,288.00,餐飲費用,金錢,,,
37,王汝聰,107年直轄市議員選舉,首次申報,1070710,雜支支出,新東陽,42467936,0.00,118.00,餐飲費用,金錢,,,
38,王汝聰,107年直轄市議員選舉,首次申報,1070711,交通旅運支出,岳洋有限公司,38530681,0.00,180.00,停車費,金錢,台北市忠孝東****,,
39,王汝聰,107年直轄市議員選舉,首次申報,1070711,交通旅運支出,日月亭股份有公司,42481682,0.00,90.00,停車費,金錢,,,
40,王汝聰,107年直轄市議員選舉,首次申報,1070712,交通旅運支出,NPC全國加油站,14256805,0.00,100.00,油資,金錢,新北市新莊區****,,
41,王汝聰,107年直轄市議員選舉,首次申報,1070712,雜支支出,北都汽車股份有限公司,23526196,0.00,3820.00,雜項購置或修繕費用,金錢,新北市新店區****,,
42,王汝聰,107年直轄市議員選舉,首次申報,1070712,雜支支出,家樂福,51609605,0.00,208.00,雜項購置或修繕費用,金錢,新北市新莊區****,,
43,王汝聰,107年直轄市議員選舉,首次申報,1070712,雜支支出,KimiPOS,66351104,0.00,638.00,雜項購置或修繕費用,金錢,,,
44,王汝聰,107年直轄市議員選舉,首次申報,1070713,雜支支出,台灣中油股份有限公司油品行銷事業部台北營業處,01709349,0.00,1027.00,汽機車燃料費用,金錢,臺北市文山區****,,
45,王汝聰,107年直轄市議員選舉,首次申報,1070713,雜支支出,愛買,54393973,0.00,99.00,餐飲費用,金錢,,,
46,王汝聰,107年直轄市議員選舉,首次申報,1070713,雜支支出,魔菇外文書房有限公司,80654255,0.00,540.00,文具支出,金錢,台北市文山區****,,
47,王汝聰,107年直轄市議員選舉,首次申報,1070713,交通旅運支出,興盛興有限公司,82171446,0.00,240.00,停車費,金錢,新北市板橋區****,,
48,王汝聰,107年直轄市議員選舉,首次申報,1070714,交通旅運支出,NPC全國加油站,14256805,0.00,64.00,油資,金錢,新北市新莊區****,,
49,王汝聰,107年直轄市議員選舉,首次申報,1070714,雜支支出,爭鮮,27736790,0.00,990.00,餐飲費用,金錢,新北市三峽區****,,
50,王汝聰,107年直轄市議員選舉,首次申報,1070714,雜支支出,老阿伯豆干店,34818683,0.00,138.00,餐飲費用,金錢,桃園市大溪區****,,
51,王汝聰,107年直轄市議員選舉,首次申報,1070714,雜支支出,老阿伯豆干店,34818683,0.00,135.00,餐飲費用,金錢,桃園市大溪區****,,
52,王汝聰,107年直轄市議員選舉,首次申報,1070714,雜支支出,7-ELEVEN,84708654,0.00,119.00,餐飲費用,金錢,臺北市文山區****,,
53,王汝聰,107年直轄市議員選舉,首次申報,1070715,交通旅運支出,NPC全國加油站,14256805,0.00,97.00,油資,金錢,新北市新莊區****,,
54,王汝聰,107年直轄市議員選舉,首次申報,1070715,雜支支出,藝殿國際圖書有限公司,16348272,0.00,1015.00,雜項購置或修繕費用,金錢,台北市文山區****,,
55,王汝聰,107年直轄市議員選舉,首次申報,1070716,雜支支出,坤展百貨有限公司,27305856,0.00,65.00,雜項購置或修繕費用,金錢,新北市新莊區****,,
56,王汝聰,107年直轄市議員選舉,首次申報,1070717,雜支支出,麥當勞,24543665,0.00,288.00,餐飲費用,金錢,,,
57,王汝聰,107年直轄市議員選舉,首次申報,1070717,交通旅運支出,興化加油站,70528770,0.00,125.00,油資,金錢,新北市新莊區****,,
58,王汝聰,107年直轄市議員選舉,首次申報,1070718,雜支支出,台鐵,18087062,0.00,90.00,餐飲費用,金錢,臺北市中正區****,,
59,王汝聰,107年直轄市議員選舉,首次申報,1070718,雜支支出,台鐵,18087062,0.00,90.00,餐飲費用,金錢,臺北市中正區****,,
60,王汝聰,107年直轄市議員選舉,首次申報,1070718,雜支支出,歐特儀股份有限公司,72940220,0.00,140.00,雜項購置或修繕費用,金錢,,,
61,王汝聰,107年直轄市議員選舉,首次申報,1070718,雜支支出,中歌國際股份有限公司,89621636,0.00,540.00,餐飲費用,金錢,,,
62,王汝聰,107年直轄市議員選舉,首次申報,1070720,雜支支出,新黨,,0.00,1000.00,新黨入黨費,金錢,松山區光復南****,,
63,王汝聰,107年直轄市議員選舉,首次申報,1070720,雜支支出,文山聯股份有限公司,28336955,0.00,1057.00,餐飲費用,金錢,台北市文篩司****,,
64,王汝聰,107年直轄市議員選舉,首次申報,1070720,雜支支出,七號小吃店,42287168,0.00,157.00,餐飲費用,金錢,,,
65,王汝聰,107年直轄市議員選舉,首次申報,1070720,雜支支出,youth台北八德店,97280040,0.00,11900.00,apple watch加網卡,金錢,,,
66,王汝聰,107年直轄市議員選舉,首次申報,1070721,雜支支出,台灣中油,01709349,0.00,986.00,汽機車燃料費用,金錢,臺北市文山區****,,
67,王汝聰,107年直轄市議員選舉,首次申報,1070721,雜支支出,味全食品工業公司,44650001,0.00,1149.00,雜項購置或修繕費用,金錢,味全食品工業****,,
68,王汝聰,107年直轄市議員選舉,首次申報,1070721,交通旅運支出,味全食品,44650001,0.00,100.00,停車費,金錢,桃園市楊梅區****,,
69,王汝聰,107年直轄市議員選舉,首次申報,1070721,交通旅運支出,味全食品工業股份有限公司,44650001,0.00,100.00,停車費,金錢,桃園市楊梅區****,,
70,王汝聰,107年直轄市議員選舉,首次申報,1070722,交通旅運支出,香格里拉冬山河旅館有限公司,12793202,0.00,3899.00,差旅膳宿支出,金錢,宜蘭縣五結鄉****,,
71,王汝聰,107年直轄市議員選舉,首次申報,1070722,雜支支出,家樂福,27243938,0.00,817.00,雜項購置或修繕費用,金錢,,,
72,王汝聰,107年直轄市議員選舉,首次申報,1070723,交通旅運支出,京華城股份有限公司,97170634,0.00,219.00,停車費,金錢,台北市八德路****,,
73,王汝聰,107年直轄市議員選舉,首次申報,1070724,雜支支出,吉野家,28832687,0.00,406.00,餐飲費用,金錢,,,
74,王汝聰,107年直轄市議員選舉,首次申報,1070724,雜支支出,墨欣有限公司,50766789,0.00,450.00,餐飲費用,金錢,台北市文山區****,,
75,王汝聰,107年直轄市議員選舉,首次申報,1070725,交通旅運支出,台鐵,03805305,0.00,60.00,搭乘交通工具支出,金錢,臺北市中正區****,,
76,王汝聰,107年直轄市議員選舉,首次申報,1070725,雜支支出,台灣中油,08590465,0.00,100.00,汽機車燃料費用,金錢,臺北市內湖區****,,
77,王汝聰,107年直轄市議員選舉,首次申報,1070725,雜支支出,台鐵,18087056,0.00,52.00,餐飲費用,金錢,臺北市中正區****,,
78,王汝聰,107年直轄市議員選舉,首次申報,1070726,雜支支出,7-ELEVEN,23639017,0.00,95.00,雜項購置或修繕費用,金錢,新北市新莊區****,,
79,王汝聰,107年直轄市議員選舉,首次申報,1070726,雜支支出,7-ELEVEN,28415199,0.00,95.00,雜項購置或修繕費用,金錢,台北市信義區****,,
80,王汝聰,107年直轄市議員選舉,首次申報,1070726,人事費用支出,吳偉民,C10*******,0.00,20000.00,工資或薪津,金錢,基隆市七堵區****,,
81,王汝聰,107年直轄市議員選舉,首次申報,1070727,交通旅運支出,NPC全國加油站,14256805,0.00,93.00,油資,金錢,新北市新莊區****,,
82,王汝聰,107年直轄市議員選舉,首次申報,1070727,雜支支出,全聯福利中心,31729075,0.00,48.00,餐飲費用,金錢,新北市板橋區****,,
83,王汝聰,107年直轄市議員選舉,首次申報,1070728,雜支支出,全聯便利中心,80353504,0.00,209.00,雜項購置或修繕費用,金錢,新北市新莊區****,,
84,王汝聰,107年直轄市議員選舉,首次申報,1070729,雜支支出,7-ELEVEN,16841084,0.00,95.00,雜項購置或修繕費用,金錢,,,
85,王汝聰,107年直轄市議員選舉,首次申報,1070730,雜支支出,挪葳森林實業股份有限公司,24209176,0.00,1150.00,雜項購置或修繕費用,金錢,,,
86,王汝聰,107年直轄市議員選舉,首次申報,1070731,雜支支出,7-ELEVEN,23639017,0.00,95.00,雜項購置或修繕費用,金錢,,,
87,王汝聰,107年直轄市議員選舉,首次申報,1070731,雜支支出,7-ELEVEN,23639017,0.00,29.00,雜項購置或修繕費用,金錢,新北市新莊區****,,
88,王汝聰,107年直轄市議員選舉,首次申報,1070731,交通旅運支出,勝利加油站,25505956,0.00,100.00,油資,金錢,臺北市大安區****,,
89,王汝聰,107年直轄市議員選舉,首次申報,1070801,雜支支出,7-ELEVEN,23639017,0.00,95.00,雜項購置或修繕費用,金錢,新北市新莊區****,,
90,王汝聰,107年直轄市議員選舉,首次申報,1070802,雜支支出,家樂福,29071952,0.00,379.00,雜項購置或修繕費用,金錢,新北市新莊區****,,
91,王汝聰,107年直轄市議員選舉,首次申報,1070802,雜支支出,全家便利商店,51320929,0.00,29.00,雜項購置或修繕費用,金錢,新北市板橋區****,,
92,王汝聰,107年直轄市議員選舉,首次申報,1070804,雜支支出,7-ELEVEN,23639017,0.00,95.00,雜項購置或修繕費用,金錢,新北市新莊區****,,
93,王汝聰,107年直轄市議員選舉,首次申報,1070804,雜支支出,新東陽,34566624,0.00,140.00,餐飲費用,金錢,新北市板橋區****,,
94,王汝聰,107年直轄市議員選舉,首次申報,1070804,雜支支出,家樂福,51609605,0.00,116.00,雜項購置或修繕費用,金錢,新北市新莊區****,,
95,王汝聰,107年直轄市議員選舉,首次申報,1070804,雜支支出,美華泰流行生活館,53130729,0.00,79.00,雜項購置或修繕費用,金錢,新北市板橋區****,,
96,王汝聰,107年直轄市議員選舉,首次申報,1070804,雜支支出,台灣中油長壽路站,72762040,0.00,82.00,雜項購置或修繕費用,金錢,桃園市龜山區****,,
97,王汝聰,107年直轄市議員選舉,首次申報,1070805,雜支支出,柔情便利商店,27180130,0.00,90.00,雜項購置或修繕費用,金錢,北市民生東路****,,
98,王汝聰,107年直轄市議員選舉,首次申報,1070805,雜支支出,柔情便利商店,27180130,0.00,20.00,雜項購置或修繕費用,金錢,北市民生東路****,,
99,王汝聰,107年直轄市議員選舉,首次申報,1070805,雜支支出,柔情便利商店,27180130,0.00,20.00,雜項購置或修繕費用,金錢,北市民生東路****,,
100,王汝聰,107年直轄市議員選舉,首次申報,1070805,雜支支出,柔情便利商店,27180130,0.00,20.00,雜項購置或修繕費用,金錢,北市民生東路****,,
101,王汝聰,107年直轄市議員選舉,首次申報,1070805,雜支支出,7-ELEVEN,28422473,0.00,29.00,雜項購置或修繕費用,金錢,臺北市中山區****,,
102,王汝聰,107年直轄市議員選舉,首次申報,1070805,雜支支出,全家便利商店,31729075,0.00,32.00,雜項購置或修繕費用,金錢,新北市板橋區****,,
103,王汝聰,107年直轄市議員選舉,首次申報,1070805,雜支支出,OKMART,80516394,0.00,35.00,雜項購置或修繕費用,金錢,基隆市七堵區****,,
104,王汝聰,107年直轄市議員選舉,首次申報,1070805,雜支支出,OKMART,80516394,0.00,48.00,雜項購置或修繕費用,金錢,基隆市七堵區****,,
105,王汝聰,107年直轄市議員選舉,首次申報,1070806,雜支支出,7-ELEVEN,16835560,0.00,95.00,雜項購置或修繕費用,金錢,新北市淡水區****,,
106,王汝聰,107年直轄市議員選舉,首次申報,1070806,雜支支出,7-ELEVEN,16835560,0.00,12.00,雜項購置或修繕費用,金錢,新北市淡水區****,,
107,王汝聰,107年直轄市議員選舉,首次申報,1070807,雜支支出,台灣中油,01802176,0.00,96.00,汽機車燃料費用,金錢,,,
108,王汝聰,107年直轄市議員選舉,首次申報,1070807,雜支支出,7-ELEVEN,23639017,0.00,95.00,雜項購置或修繕費用,金錢,新北市新莊區****,,
109,王汝聰,107年直轄市議員選舉,首次申報,1070807,雜支支出,7-ELEVEN,23639017,0.00,44.00,雜項購置或修繕費用,金錢,新北市新莊區****,,
110,王汝聰,107年直轄市議員選舉,首次申報,1070807,雜支支出,7-ELEVEN,23639017,0.00,47.00,雜項購置或修繕費用,金錢,新北市新莊區****,,
111,王汝聰,107年直轄市議員選舉,首次申報,1070807,雜支支出,ok便利商店,80516394,0.00,29.00,雜項購置或修繕費用,金錢,基隆市七堵區****,,
112,王汝聰,107年直轄市議員選舉,首次申報,1070807,雜支支出,ok便利商店,80516394,0.00,80.00,雜項購置或修繕費用,金錢,基隆市七堵區****,,
113,王汝聰,107年直轄市議員選舉,首次申報,1070808,雜支支出,家樂福,29071952,0.00,200.00,雜項購置或修繕費用,金錢,新北市新莊區****,,
114,王汝聰,107年直轄市議員選舉,首次申報,1070808,雜支支出,家樂福,29071952,0.00,10.00,雜項購置或修繕費用,金錢,新北市新莊區****,,
115,王汝聰,107年直轄市議員選舉,首次申報,1070809,交通旅運支出,NPC全國加油站,14256805,0.00,100.00,油資,金錢,新北市新莊區****,,
116,王汝聰,107年直轄市議員選舉,首次申報,1070809,雜支支出,7-ELEVEN,23639017,0.00,4.00,雜項購置或修繕費用,金錢,新北市新莊區****,,
117,王汝聰,107年直轄市議員選舉,首次申報,1070809,雜支支出,全聯福利中心,24805371,0.00,149.00,雜項購置或修繕費用,金錢,新北市新莊區****,,
118,王汝聰,107年直轄市議員選舉,首次申報,1070809,雜支支出,萊爾富,28974643,0.00,95.00,雜項購置或修繕費用,金錢,,,
119,王汝聰,107年直轄市議員選舉,首次申報,1070809,雜支支出,家樂福,51609605,0.00,78.00,雜項購置或修繕費用,金錢,新北市新莊區****,,
120,王汝聰,107年直轄市議員選舉,首次申報,1070811,交通旅運支出,台灣中油,34548648,0.00,100.00,油資,金錢,桃園市八德區****,,
121,王汝聰,107年直轄市議員選舉,首次申報,1070811,雜支支出,全聯福利中心,80353504,0.00,62.00,雜項購置或修繕費用,金錢,新北市新莊區****,,
122,王汝聰,107年直轄市議員選舉,首次申報,1070812,雜支支出,7-ELEVEN,23639017,0.00,20.00,雜項購置或修繕費用,金錢,新北市新莊區****,,
123,王汝聰,107年直轄市議員選舉,首次申報,1070812,雜支支出,家樂福,51609605,0.00,248.00,雜項購置或修繕費用,金錢,新北市新莊區****,,
124,王汝聰,107年直轄市議員選舉,首次申報,1070812,雜支支出,家樂福,51609605,0.00,81.00,雜項購置或修繕費用,金錢,新北市新莊區****,,
125,王汝聰,107年直轄市議員選舉,首次申報,1070814,交通旅運支出,台灣中油,01802175,0.00,100.00,油資,金錢,台北市大安區****,,
126,王汝聰,107年直轄市議員選舉,首次申報,1070815,宣傳支出,威雅策略顧問股份有限股份公司,27987091,0.00,52500.00,郵寄競選物品或宣傳廣告支出,金錢,青島東路號樓****,,
127,王汝聰,107年直轄市議員選舉,首次申報,1070815,雜支支出,全聯福利中心,51570600,0.00,359.00,雜項購置或修繕費用,金錢,桃園市龍潭區****,,
128,王汝聰,107年直轄市議員選舉,首次申報,1070815,雜支支出,家樂福,51609605,0.00,118.00,雜項購置或修繕費用,金錢,,,
129,王汝聰,107年直轄市議員選舉,首次申報,1070815,雜支支出,台灣中油,70614797,0.00,100.00,汽機車燃料費用,金錢,,,
130,王汝聰,107年直轄市議員選舉,首次申報,1070816,雜支支出,NPC全國加油站,34903273,0.00,90.00,雜項購置或修繕費用,金錢,新北市新莊區****,,
131,王汝聰,107年直轄市議員選舉,首次申報,1070816,雜支支出,全聯福利中心,53014221,0.00,111.00,雜項購置或修繕費用,金錢,新北市新莊區****,,
132,王汝聰,107年直轄市議員選舉,首次申報,1070817,交通旅運支出,計程車,,0.00,95.00,搭乘交通工具支出,金錢,,02-2*****,
133,王汝聰,107年直轄市議員選舉,首次申報,1070817,雜支支出,全聯福利中心,24805371,0.00,135.00,雜項購置或修繕費用,金錢,新北市新莊區****,,
134,王汝聰,107年直轄市議員選舉,首次申報,1070817,雜支支出,7-ELEVEN,28428808,0.00,4.00,雜項購置或修繕費用,金錢,新北市新莊區****,,
135,王汝聰,107年直轄市議員選舉,首次申報,1070818,雜支支出,7-ELEVEN,16085237,0.00,32.00,雜項購置或修繕費用,金錢,台北市中山區****,,
136,王汝聰,107年直轄市議員選舉,首次申報,1070819,交通旅運支出,NPC全國加油站,14256805,0.00,85.00,油資,金錢,新北市新莊區****,,
137,王汝聰,107年直轄市議員選舉,首次申報,1070819,雜支支出,7-ELEVEN,23638039,0.00,28.00,雜項購置或修繕費用,金錢,新北市泰山區****,,
138,王汝聰,107年直轄市議員選舉,首次申報,1070820,交通旅運支出,計程車,,0.00,115.00,搭乘交通工具支出,金錢,,0916*****,
139,王汝聰,107年直轄市議員選舉,首次申報,1070820,雜支支出,7-ELEVEN,53000654,0.00,25.00,雜項購置或修繕費用,金錢,新北市板橋區****,,
140,王汝聰,107年直轄市議員選舉,首次申報,1070820,雜支支出,全家便利商店,66488072,0.00,10.00,雜項購置或修繕費用,金錢,新北市板橋區****,,
141,王汝聰,107年直轄市議員選舉,首次申報,1070820,雜支支出,協陽企業股份有限公司,66488072,0.00,10.00,雜項購置或修繕費用,金錢,新北市板橋區****,,
142,王汝聰,107年直轄市議員選舉,首次申報,1070820,雜支支出,油庫口小吃店,73790430,0.00,25.00,餐飲費用,金錢,新北市板橋區****,,
143,王汝聰,107年直轄市議員選舉,首次申報,1070820,雜支支出,油庫口小吃店,73790430,0.00,100.00,餐飲費用,金錢,新北市板橋區****,,
144,王汝聰,107年直轄市議員選舉,首次申報,1070821,租用競選辦事處支出,李姵綺,,0.00,1300.00,裝潢競選辦事處支出,金錢,新北市永和區****,0916*****,
145,王汝聰,107年直轄市議員選舉,首次申報,1070821,雜支支出,北基國際股份有限公司,23218091,0.00,100.00,雜項購置或修繕費用,金錢,新北市板橋區****,,
146,王汝聰,107年直轄市議員選舉,首次申報,1070821,雜支支出,坤展百貨有限公司,27305856,0.00,20.00,雜項購置或修繕費用,金錢,新北市新莊區****,,
147,王汝聰,107年直轄市議員選舉,首次申報,1070821,雜支支出,坤展百貨有限公司,27305856,0.00,20.00,雜項購置或修繕費用,金錢,新北市新莊區****,,
148,王汝聰,107年直轄市議員選舉,首次申報,1070821,雜支支出,全聯便利中心,80353504,0.00,323.00,雜項購置或修繕費用,金錢,新北市新莊區****,,
149,王汝聰,107年直轄市議員選舉,首次申報,1070822,宣傳支出,迪亞國際服飾開發有限公司,25146544,0.00,5800.00,製作競選物品支出（工作背心）,金錢,新北市中和區****,,
150,王汝聰,107年直轄市議員選舉,首次申報,1070822,雜支支出,7-ELEVEN,27257518,0.00,25.00,雜項購置或修繕費用,金錢,台北市文山區****,,
151,王汝聰,107年直轄市議員選舉,首次申報,1070822,雜支支出,萊爾富,70751861,0.00,10.00,雜項購置或修繕費用,金錢,,,
152,王汝聰,107年直轄市議員選舉,首次申報,1070822,雜支支出,萊爾富,70751861,0.00,10.00,雜項購置或修繕費用,金錢,,,
153,王汝聰,107年直轄市議員選舉,首次申報,1070822,交通旅運支出,台北捷運,84894989,0.00,1280.00,搭乘交通工具支出,金錢,臺北市中山區****,,
154,王汝聰,107年直轄市議員選舉,首次申報,1070823,雜支支出,屈臣氏,16084292,0.00,199.00,雜項購置或修繕費用,金錢,新北市新莊區****,,
155,王汝聰,107年直轄市議員選舉,首次申報,1070823,雜支支出,北基國際股份有限公司,23218091,0.00,100.00,雜項購置或修繕費用,金錢,新北市板橋區****,,
156,王汝聰,107年直轄市議員選舉,首次申報,1070823,雜支支出,7-ELEVEN,23639017,0.00,40.00,雜項購置或修繕費用,金錢,新北市新莊區****,,
157,王汝聰,107年直轄市議員選舉,首次申報,1070824,雜支支出,7-ELEVEN,23639017,0.00,40.00,雜項購置或修繕費用,金錢,新北市新莊區****,,
158,王汝聰,107年直轄市議員選舉,首次申報,1070824,宣傳支出,昇禾彩藝股份有限公司,54172850,0.00,1575.00,製作宣傳廣告支出,金錢,台北市文山區****,,
159,王汝聰,107年直轄市議員選舉,首次申報,1070825,雜支支出,NPC全國加油站,23218091,0.00,100.00,雜項購置或修繕費用,金錢,新北市板橋區****,,
160,王汝聰,107年直轄市議員選舉,首次申報,1070826,雜支支出,全家便利商店,53668468,0.00,59.00,雜項購置或修繕費用,金錢,新北市新店區****,,
161,王汝聰,107年直轄市議員選舉,首次申報,1070826,交通旅運支出,台北捷運,84894989,0.00,1280.00,搭乘交通工具支出,金錢,臺北市中山區****,,
162,王汝聰,107年直轄市議員選舉,首次申報,1070826,人事費用支出,王林蘭英,A20*******,0.00,10000.00,工資或薪津,金錢,新北市板橋區****,,
163,王汝聰,107年直轄市議員選舉,首次申報,1070826,人事費用支出,吳偉民,C10*******,0.00,10000.00,工資或薪津,金錢,基隆市七堵區****,,
164,王汝聰,107年直轄市議員選舉,首次申報,1070827,交通旅運支出,光仁加油站,16932752,0.00,55.00,油資,金錢,新北市板橋區****,,
165,王汝聰,107年直轄市議員選舉,首次申報,1070827,雜支支出,全家便利商店,31729075,0.00,20.00,雜項購置或修繕費用,金錢,新北市板橋區****,,
166,王汝聰,107年直轄市議員選舉,首次申報,1070827,雜支支出,7-ELEVEN,51619147,0.00,90.00,雜項購置或修繕費用,金錢,台北市松山區****,,
167,王汝聰,107年直轄市議員選舉,首次申報,1070827,雜支支出,君悅食品有限公司,86311094,0.00,25.00,餐飲費用,金錢,台北市松山區****,,
168,王汝聰,107年直轄市議員選舉,首次申報,1070828,交通旅運支出,計程車,,0.00,215.00,搭乘交通工具支出,金錢,,0227*****,
169,王汝聰,107年直轄市議員選舉,首次申報,1070828,交通旅運支出,全家便利商店,18090502,0.00,29.00,搭乘交通工具支出,金錢,,,
170,王汝聰,107年直轄市議員選舉,首次申報,1070828,雜支支出,7-ELEVEN,27947654,0.00,20.00,雜項購置或修繕費用,金錢,新北市板橋區****,,
171,王汝聰,107年直轄市議員選舉,首次申報,1070829,雜支支出,全家便利商店,54377811,0.00,24.00,雜項購置或修繕費用,金錢,新北市板橋區****,,
172,王汝聰,107年直轄市議員選舉,首次申報,1070829,雜支支出,全家便利商店,54377811,0.00,1.00,雜項購置或修繕費用,金錢,,,
173,王汝聰,107年直轄市議員選舉,首次申報,1070829,雜支支出,全聯福利中心,80353504,0.00,235.00,雜項購置或修繕費用,金錢,新北市新莊區****,,
174,王汝聰,107年直轄市議員選舉,首次申報,1070830,雜支支出,全家便利商店,70818292,0.00,95.00,雜項購置或修繕費用,金錢,新北市板橋區****,,
175,王汝聰,107年直轄市議員選舉,首次申報,1070831,雜支支出,一馨企業社,02485938,0.00,90.00,雜項購置或修繕費用,金錢,新北市新莊區****,,
176,王汝聰,107年直轄市議員選舉,首次申報,1070831,雜支支出,萊爾富,70807295,0.00,25.00,雜項購置或修繕費用,金錢,台北市文山區****,,
177,王汝聰,107年直轄市議員選舉,首次申報,1070901,雜支支出,台鐵餐旅服務總所,18087062,0.00,10.00,餐飲費用,金錢,臺北市中正區****,,
178,王汝聰,107年直轄市議員選舉,首次申報,1070901,雜支支出,7-ELEVEN,28979160,0.00,95.00,雜項購置或修繕費用,金錢,,,
179,王汝聰,107年直轄市議員選舉,首次申報,1070901,交通旅運支出,日月亭停車場,42481682,0.00,800.00,停車費,金錢,台北市文山區****,,
180,王汝聰,107年直轄市議員選舉,首次申報,1070901,雜支支出,愛買,54393973,0.00,746.00,雜項購置或修繕費用,金錢,新北市板橋區****,,
181,王汝聰,107年直轄市議員選舉,首次申報,1070901,雜支支出,愛買,54393973,0.00,159.00,雜項購置或修繕費用,金錢,新北市板橋區****,,
182,王汝聰,107年直轄市議員選舉,首次申報,1070901,交通旅運支出,車亭停車場,72742755,0.00,60.00,停車費,金錢,新北市板橋區****,,
183,王汝聰,107年直轄市議員選舉,首次申報,1070902,交通旅運支出,台灣中油,08590465,0.00,1008.00,油資,金錢,台北市內湖區****,,
184,王汝聰,107年直轄市議員選舉,首次申報,1070902,雜支支出,全家便利商店,51808560,0.00,65.00,雜項購置或修繕費用,金錢,,,
185,王汝聰,107年直轄市議員選舉,首次申報,1070902,雜支支出,全聯福利中心,53678276,0.00,304.00,雜項購置或修繕費用,金錢,臺北市文山區****,,
186,王汝聰,107年直轄市議員選舉,首次申報,1070902,交通旅運支出,助安板橋合宜住宅停車場,82161427,0.00,120.00,停車費,金錢,新北市板橋區****,,
187,王汝聰,107年直轄市議員選舉,首次申報,1070903,宣傳支出,勝美電器行,25512838,0.00,9000.00,播送、傳送或刊登宣傳廣告支出,金錢,台北市萬華區****,,
188,王汝聰,107年直轄市議員選舉,首次申報,1070903,雜支支出,大創百貨南西店,25597126,0.00,186.00,餐飲費用,金錢,台北市中山區****,,
189,王汝聰,107年直轄市議員選舉,首次申報,1070903,雜支支出,新北市選委會,34400271,0.00,200000.00,選舉保證金費（未退回保證金者得以報支）,金錢,新北市中和區****,,
190,王汝聰,107年直轄市議員選舉,首次申報,1070903,雜支支出,7-ELEVEN,51713712,0.00,15.00,雜項購置或修繕費用,金錢,,,
191,王汝聰,107年直轄市議員選舉,首次申報,1070903,雜支支出,全家便利商店,51808560,0.00,53.00,雜項購置或修繕費用,金錢,新北市板橋區****,,
192,王汝聰,107年直轄市議員選舉,首次申報,1070903,雜支支出,金星發生活百貨,53324529,0.00,128.00,文具用品費用,金錢,台北市中山區****,,
193,王汝聰,107年直轄市議員選舉,首次申報,1070903,雜支支出,7-ELEVEN,70818292,0.00,28.00,雜項購置或修繕費用,金錢,,,
194,王汝聰,107年直轄市議員選舉,首次申報,1070903,雜支支出,7-ELEVEN,80027797,0.00,23.00,雜項購置或修繕費用,金錢,臺北市萬華區****,,
195,王汝聰,107年直轄市議員選舉,首次申報,1070903,雜支支出,燦坤3C,80345929,0.00,5490.00,文具用品費用,金錢,台北市中山區****,,
196,王汝聰,107年直轄市議員選舉,首次申報,1070903,雜支支出,吉野家,84311605,0.00,173.00,餐飲費用,金錢,臺北市中山區****,,
197,王汝聰,107年直轄市議員選舉,首次申報,1070903,人事費用支出,王子為,A12*******,0.00,1000.00,工資或薪津,金錢,台北市文山區****,,
198,王汝聰,107年直轄市議員選舉,首次申報,1070904,雜支支出,風帆音響商行,17279979,0.00,1000.00,雜項購置或修繕費用,金錢,新北市中和區****,,
199,王汝聰,107年直轄市議員選舉,首次申報,1070904,雜支支出,板橋車站,24332140,0.00,814.00,雜項購置或修繕費用,金錢,新北市板橋區****,,
200,王汝聰,107年直轄市議員選舉,首次申報,1070904,雜支支出,全家便利商店,31825817,0.00,10.00,雜項購置或修繕費用,金錢,臺北市士林區****,,
201,王汝聰,107年直轄市議員選舉,首次申報,1070904,雜支支出,全家便利商店,31825817,0.00,30.00,雜項購置或修繕費用,金錢,臺北市士林區****,,
202,王汝聰,107年直轄市議員選舉,首次申報,1070904,雜支支出,亞東技術學院,33503910,0.00,105.00,雜項購置或修繕費用,金錢,,,
203,王汝聰,107年直轄市議員選舉,首次申報,1070904,雜支支出,亞東技術學院,33503910,0.00,60.00,雜項購置或修繕費用,金錢,新北市板橋區****,,
204,王汝聰,107年直轄市議員選舉,首次申報,1070904,雜支支出,誠品生活,42852086,0.00,92.00,雜項購置或修繕費用,金錢,,,
205,王汝聰,107年直轄市議員選舉,首次申報,1070904,雜支支出,遠東百貨,53014088,0.00,990.00,雜項購置或修繕費用,金錢,新北市板橋區****,,
206,王汝聰,107年直轄市議員選舉,首次申報,1070904,交通旅運支出,助安板橋合宜住宅,82161427,0.00,120.00,停車費,金錢,新北市板橋區****,,
207,王汝聰,107年直轄市議員選舉,首次申報,1070904,交通旅運支出,板橋合宜住宅,82161427,0.00,120.00,停車費,金錢,新北市板橋區****,,
208,王汝聰,107年直轄市議員選舉,首次申報,1070904,交通旅運支出,台北捷運,84894989,0.00,1280.00,搭乘交通工具支出,金錢,臺北市中山區****,,
209,王汝聰,107年直轄市議員選舉,首次申報,1070904,雜支支出,麥當勞,97172984,0.00,144.00,餐飲費用,金錢,台北市文山區****,,
210,王汝聰,107年直轄市議員選舉,首次申報,1070905,宣傳支出,狀贏磁鐵,22649924,0.00,1230.00,製作宣傳廣告支出,金錢,台北市北投區****,,
211,王汝聰,107年直轄市議員選舉,首次申報,1070905,雜支支出,麥當勞,23932125,0.00,92.00,餐飲費用,金錢,台北市士林區****,,
212,王汝聰,107年直轄市議員選舉,首次申報,1070905,交通旅運支出,助安板橋合宜住宅停車場,82161427,0.00,40.00,停車費,金錢,新北市板橋區****,,
213,王汝聰,107年直轄市議員選舉,首次申報,1070905,交通旅運支出,板橋合宜住宅停車場,82161427,0.00,120.00,停車費,金錢,,,
214,王汝聰,107年直轄市議員選舉,首次申報,1070905,交通旅運支出,助安板橋合宜住宅停車場,82161427,0.00,80.00,停車費,金錢,,,
215,王汝聰,107年直轄市議員選舉,首次申報,1070905,人事費用支出,王子為,A12*******,0.00,2000.00,工資或薪津,金錢,台北市文山區****,,
216,王汝聰,107年直轄市議員選舉,首次申報,1070906,交通旅運支出,台灣中油,01317131,0.00,1021.00,油資,金錢,台北市中山區****,,
217,王汝聰,107年直轄市議員選舉,首次申報,1070906,交通旅運支出,榮總停車場,01392665,0.00,80.00,停車費,金錢,臺北市北投區****,,
218,王汝聰,107年直轄市議員選舉,首次申報,1070906,雜支支出,台北榮總生活廣場,42824940,0.00,25.00,餐飲費用,金錢,台北市北投區****,,
219,王汝聰,107年直轄市議員選舉,首次申報,1070906,雜支支出,義美北榮分公司,42824940,0.00,168.00,餐飲費用,金錢,台北市北投區****,,
220,王汝聰,107年直轄市議員選舉,首次申報,1070906,宣傳支出,昇禾彩藝股份有限公司,54172850,0.00,630.00,播送、傳送或刊登宣傳廣告支出,金錢,台北市文山區****,,
221,王汝聰,107年直轄市議員選舉,首次申報,1070906,交通旅運支出,助安板橋合宜住宅停車場,82161427,0.00,100.00,停車費,金錢,新北市板橋區****,,
222,王汝聰,107年直轄市議員選舉,首次申報,1070906,租用競選辦事處支出,大豐有線電視股份有限公司,96974228,0.00,5860.00,租買辦公設備支出,金錢,新北市土城區****,,
223,王汝聰,107年直轄市議員選舉,首次申報,1070907,雜支支出,誠正精品文具有限公司,42070323,0.00,65.00,文具用品費用,金錢,新北市新莊區****,,
224,王汝聰,107年直轄市議員選舉,首次申報,1070907,宣傳支出,昇禾彩藝印刷有限股份公司,54172850,0.00,420.00,播送、傳送或刊登宣傳廣告支出,金錢,台北市文山區****,,
225,王汝聰,107年直轄市議員選舉,首次申報,1070908,雜支支出,羿品工程有限公司,24455389,0.00,8000.00,雜項購置或修繕費用,金錢,台北市中正區****,,
226,王汝聰,107年直轄市議員選舉,首次申報,1070909,租用競選辦事處支出,賴文龍,,0.00,10000.00,裝潢競選辦事處支出,金錢,,0932*****,
227,王汝聰,107年直轄市議員選舉,首次申報,1070909,雜支支出,福里建設股份有限公司,30945552,0.00,100.00,雜項購置或修繕費用,金錢,臺北市松山區****,,
228,王汝聰,107年直轄市議員選舉,首次申報,1070909,雜支支出,甄星百貨股份有限公司,66619573,0.00,968.00,文具用品費用,金錢,新北市板橋區****,,
229,王汝聰,107年直轄市議員選舉,首次申報,1070909,雜支支出,家樂福,80032829,0.00,460.00,雜項購置或修繕費用,金錢,,,
230,王汝聰,107年直轄市議員選舉,首次申報,1070910,雜支支出,興億貿易有限公司,28526527,0.00,80.00,餐飲費用,金錢,新北市板橋區****,,
231,王汝聰,107年直轄市議員選舉,首次申報,1070910,雜支支出,秀泰生活百貨,66618477,0.00,164.00,雜項購置或修繕費用,金錢,新北市樹林區****,,
232,王汝聰,107年直轄市議員選舉,首次申報,1070910,雜支支出,秀泰生活,66618477,0.00,45.00,雜項購置或修繕費用,金錢,新北市樹林區****,,
233,王汝聰,107年直轄市議員選舉,首次申報,1070910,交通旅運支出,板橋合宜住宅停車場,82161427,0.00,120.00,停車費,金錢,新北市板橋區****,,
234,王汝聰,107年直轄市議員選舉,首次申報,1070911,租用競選辦事處支出,奇美裱框行,01459031,0.00,5200.00,裝潢競選辦事處支出,金錢,台北市羅斯福****,,
235,王汝聰,107年直轄市議員選舉,首次申報,1070911,雜支支出,助安板橋合宜住宅停車場,70818292,0.00,25.00,雜項購置或修繕費用,金錢,新北市板橋區****,,
236,王汝聰,107年直轄市議員選舉,首次申報,1070911,宣傳支出,家樂福,80032829,0.00,792.00,播送、傳送或刊登宣傳廣告支出,金錢,新北市樹林大****,,
237,王汝聰,107年直轄市議員選舉,首次申報,1070911,交通旅運支出,板橋合宜住宅停車場,82161427,0.00,120.00,停車費,金錢,新北市板橋區****,,
238,王汝聰,107年直轄市議員選舉,首次申報,1070911,雜支支出,麥當勞,97172984,0.00,45.00,餐飲費用,金錢,,,
239,王汝聰,107年直轄市議員選舉,首次申報,1070912,交通旅運支出,計程車,,0.00,90.00,搭乘交通工具支出,金錢,,02-2*****,
240,王汝聰,107年直轄市議員選舉,首次申報,1070912,交通旅運支出,計程車,,0.00,75.00,搭乘交通工具支出,金錢,,02-2*****,
241,王汝聰,107年直轄市議員選舉,首次申報,1070912,交通旅運支出,台灣中油,01709349,0.00,47.00,油資,金錢,臺北市文山區****,,
242,王汝聰,107年直轄市議員選舉,首次申報,1070912,雜支支出,麥當勞考試院,70782528,0.00,65.00,餐飲費用,金錢,台北市文山區****,,
243,王汝聰,107年直轄市議員選舉,首次申報,1070914,交通旅運支出,計程車,,0.00,130.00,搭乘交通工具支出,金錢,,02-2*****,
244,王汝聰,107年直轄市議員選舉,首次申報,1070914,宣傳支出,學府成企業有限公司,16576016,0.00,2162.00,播送、傳送或刊登宣傳廣告支出,金錢,新北市板橋區****,,
245,王汝聰,107年直轄市議員選舉,首次申報,1070914,雜支支出,鮮天下小吃店,26724022,0.00,54.00,餐飲費用,金錢,新北市板橋區****,,
246,王汝聰,107年直轄市議員選舉,首次申報,1070914,雜支支出,隆昌汽車材料行,26745069,0.00,10400.00,雜項購置或修繕費用,金錢,新北市板橋區****,,
247,王汝聰,107年直轄市議員選舉,首次申報,1070914,雜支支出,無尾熊紅茶冰品,73909900,0.00,100.00,餐飲費用,金錢,臺北市文山區****,,
248,王汝聰,107年直轄市議員選舉,首次申報,1070915,交通旅運支出,台灣高鐵,16446274,0.00,500.00,搭乘交通工具支出,金錢,,,
249,王汝聰,107年直轄市議員選舉,首次申報,1070915,雜支支出,萊爾富,80343106,0.00,110.00,雜項購置或修繕費用,金錢,,,
250,王汝聰,107年直轄市議員選舉,首次申報,1070915,交通旅運支出,板橋合宜住宅停車場,82161427,0.00,450.00,停車費,金錢,新北市板橋區****,,
251,王汝聰,107年直轄市議員選舉,首次申報,1070916,雜支支出,宇佑軒飲料,42706660,0.00,120.00,餐飲費用,金錢,新北市板橋區****,,
252,王汝聰,107年直轄市議員選舉,首次申報,1070917,雜支支出,爭鮮股份有限公司,27712452,0.00,570.00,餐飲費用,金錢,新北市新店區****,,
253,王汝聰,107年直轄市議員選舉,首次申報,1070917,雜支支出,富蘭克林餐飲,43364917,0.00,352.00,餐飲費用,金錢,臺北市信義區****,,
254,王汝聰,107年直轄市議員選舉,首次申報,1070918,雜支支出,亞東技術學院,33503910,0.00,30.00,雜項購置或修繕費用,金錢,,,
255,王汝聰,107年直轄市議員選舉,首次申報,1070918,雜支支出,興裕電器有限公司,97045094,0.00,19500.00,汽機車燃料費用,金錢,新北市板橋區****,,
256,王汝聰,107年直轄市議員選舉,首次申報,1070919,雜支支出,享相有限公司,43853274,0.00,236.00,雜項購置或修繕費用,金錢,台北市文山區****,,
257,王汝聰,107年直轄市議員選舉,首次申報,1070920,交通旅運支出,計程車,,0.00,70.00,搭乘交通工具支出,金錢,,02-2*****,
258,王汝聰,107年直轄市議員選舉,首次申報,1070920,交通旅運支出,計程車,,0.00,75.00,搭乘交通工具支出,金錢,,02-2*****,
259,王汝聰,107年直轄市議員選舉,首次申報,1070920,租用競選辦事處支出,鐘東橋,,0.00,20000.00,租用競選辦事處費用,金錢,新北市板橋區****,,
260,王汝聰,107年直轄市議員選舉,首次申報,1070920,雜支支出,亞東技術學院,33503910,0.00,30.00,雜項購置或修繕費用,金錢,新北市板橋區****,,
261,王汝聰,107年直轄市議員選舉,首次申報,1070920,雜支支出,萊爾富,70747662,0.00,60.00,雜項購置或修繕費用,金錢,,,
262,王汝聰,107年直轄市議員選舉,首次申報,1070920,雜支支出,麥當勞,70782528,0.00,144.00,餐飲費用,金錢,台北市文山區****,,
263,王汝聰,107年直轄市議員選舉,首次申報,1070921,雜支支出,7-ELEVEN,22555361,0.00,97.00,雜項購置或修繕費用,金錢,台北市松山區****,,
264,王汝聰,107年直轄市議員選舉,首次申報,1070921,雜支支出,米淇有限公司,42304482,0.00,100.00,雜項購置或修繕費用,金錢,台北市信義區****,,
265,王汝聰,107年直轄市議員選舉,首次申報,1070921,雜支支出,金鴻福文具有限公司,66652468,0.00,141.00,文具用品費用,金錢,新北市板橋區****,,
266,王汝聰,107年直轄市議員選舉,首次申報,1070921,交通旅運支出,板橋高中地下停車場,72764589,0.00,165.00,停車費,金錢,新北市板橋區****,,
267,王汝聰,107年直轄市議員選舉,首次申報,1070921,交通旅運支出,興盛興停車場,82171446,0.00,10.00,停車費,金錢,新北市板橋區****,,
268,王汝聰,107年直轄市議員選舉,首次申報,1070922,雜支支出,車麗屋汽車百貨,13375846,0.00,568.00,雜項購置或修繕費用,金錢,新北市板橋區****,,
269,王汝聰,107年直轄市議員選舉,首次申報,1070922,雜支支出,隆昌汽車材料行,26745069,0.00,2900.00,汽機車燃料費用,金錢,新北市板橋區****,,
270,王汝聰,107年直轄市議員選舉,首次申報,1070922,雜支支出,全家便利商店,51808560,0.00,159.00,雜項購置或修繕費用,金錢,新北市板橋區****,,
271,王汝聰,107年直轄市議員選舉,首次申報,1070923,雜支支出,麥當勞,97172984,0.00,170.00,餐飲費用,金錢,臺北市文山區****,,
272,王汝聰,107年直轄市議員選舉,首次申報,1070924,雜支支出,家城公司二航站外店,31727941,0.00,210.00,餐飲費用,金錢,桃園市大園區****,,
273,王汝聰,107年直轄市議員選舉,首次申報,1070924,交通旅運支出,日月亭股份有限公司,72743754,0.00,70.00,停車費,金錢,桃園市大園區****,,
274,王汝聰,107年直轄市議員選舉,首次申報,1070925,交通旅運支出,計程車,,0.00,75.00,搭乘交通工具支出,金錢,,02-8*****,
275,王汝聰,107年直轄市議員選舉,首次申報,1070925,交通旅運支出,三重區三賢街停車場,,0.00,30.00,停車費,金錢,新北市三重區****,,
276,王汝聰,107年直轄市議員選舉,首次申報,1070925,雜支支出,麥當勞,22522073,0.00,75.00,餐飲費用,金錢,台北市大安區****,,
277,王汝聰,107年直轄市議員選舉,首次申報,1070925,雜支支出,家樂福,24303481,0.00,3462.00,雜項購置或修繕費用,金錢,新北市三重區****,,
278,王汝聰,107年直轄市議員選舉,首次申報,1070925,雜支支出,家樂福,24303481,0.00,1146.00,雜項購置或修繕費用,金錢,新北市三重區****,,
279,王汝聰,107年直轄市議員選舉,首次申報,1070925,交通旅運支出,台灣中油,35005993,0.00,689.00,油資,金錢,新北市三重區****,,
280,王汝聰,107年直轄市議員選舉,首次申報,1070925,雜支支出,MISTERDOUNUT,37988204,0.00,280.00,餐飲費用,金錢,新北市三重區****,,
281,王汝聰,107年直轄市議員選舉,首次申報,1070925,雜支支出,甄星百貨,66619573,0.00,798.00,文具用品費用,金錢,新北市板橋區****,,
282,王汝聰,107年直轄市議員選舉,首次申報,1070925,交通旅運支出,興盛興停車場,82171446,0.00,40.00,停車費,金錢,新北市板橋區****,,
283,王汝聰,107年直轄市議員選舉,首次申報,1070926,雜支支出,7-ELEVEN,30378190,0.00,28.00,雜項購置或修繕費用,金錢,新北市淡水區****,,
284,王汝聰,107年直轄市議員選舉,首次申報,1070926,交通旅運支出,興盛興停車場,82171446,0.00,190.00,停車費,金錢,新北市板橋區****,,
285,王汝聰,107年直轄市議員選舉,首次申報,1070926,人事費用支出,王林蘭英,A20*******,0.00,10000.00,工資或薪津,金錢,新北市板橋區****,,
286,王汝聰,107年直轄市議員選舉,首次申報,1070926,人事費用支出,吳偉民,C10*******,0.00,20000.00,工資或薪津,金錢,基隆市七堵區****,,
287,王汝聰,107年直轄市議員選舉,首次申報,1070927,交通旅運支出,三鶯加油站,22964485,0.00,1000.00,油資,金錢,新北市三峽區****,,
288,王汝聰,107年直轄市議員選舉,首次申報,1070927,雜支支出,costco,53026887,0.00,209.00,雜項購置或修繕費用,金錢,桃園市蘆竹區****,,
289,王汝聰,107年直轄市議員選舉,首次申報,1070927,交通旅運支出,日月亭停車場,72743754,0.00,50.00,停車費,金錢,,,
290,王汝聰,107年直轄市議員選舉,首次申報,1070927,雜支支出,大潤發,80030738,0.00,1010.00,雜項購置或修繕費用,金錢,新北市土城區****,,
291,王汝聰,107年直轄市議員選舉,首次申報,1070927,雜支支出,7-ELEVEN,89392681,0.00,49.00,雜項購置或修繕費用,金錢,新北市土城區****,,
292,王汝聰,107年直轄市議員選舉,首次申報,1070927,雜支支出,7-ELEVEN,89392681,0.00,45.00,雜項購置或修繕費用,金錢,新北市土城區****,,
293,王汝聰,107年直轄市議員選舉,首次申報,1070929,雜支支出,麥當勞,24801591,0.00,85.00,餐飲費用,金錢,,,
294,王汝聰,107年直轄市議員選舉,首次申報,1070929,集會支出,一之軒,26714734,0.00,1050.00,餐飲支出,金錢,新北市新店區****,,
295,王汝聰,107年直轄市議員選舉,首次申報,1070929,租用宣傳車輛支出,格上租車,31599853,0.00,1650.00,租用宣傳車輛支出,金錢,新北市新莊區****,,
296,王汝聰,107年直轄市議員選舉,首次申報,1070929,雜支支出,7-ELEVEN,54387917,0.00,50.00,雜項購置或修繕費用,金錢,,,
297,王汝聰,107年直轄市議員選舉,首次申報,1070930,雜支支出,台灣中油,28005569,0.00,203.00,雜項購置或修繕費用,金錢,新北市新莊區****,,
298,王汝聰,107年直轄市議員選舉,首次申報,1070930,雜支支出,IKEA,28005569,0.00,2285.00,雜項購置或修繕費用,金錢,新北市新莊區****,,
299,王汝聰,107年直轄市議員選舉,首次申報,1070930,交通旅運支出,國雲停車,31439104,0.00,120.00,停車費,金錢,新北市新莊區****,,
300,王汝聰,107年直轄市議員選舉,首次申報,1070930,交通旅運支出,國營停車,31439104,0.00,120.00,停車費,金錢,新北市新莊區****,,
301,王汝聰,107年直轄市議員選舉,首次申報,1071001,雜支支出,立法院郵局,04137838,0.00,600.00,租據,金錢,台北市中正區****,,
302,王汝聰,107年直轄市議員選舉,首次申報,1071001,宣傳支出,再興企業社,48738149,0.00,800.00,播送、傳送或刊登宣傳廣告支出,金錢,台北市文山區****,,
303,王汝聰,107年直轄市議員選舉,首次申報,1071001,雜支支出,麥當勞考試院店,70782528,0.00,154.00,餐飲費用,金錢,台北市文山區****,,
304,王汝聰,107年直轄市議員選舉,首次申報,1071001,雜支支出,中原麵店,73882450,0.00,130.00,餐飲費用,金錢,臺北市延平南****,,
305,王汝聰,107年直轄市議員選舉,首次申報,1071001,雜支支出,麥當勞,97172984,0.00,65.00,餐飲費用,金錢,台北市文山區****,,
306,王汝聰,107年直轄市議員選舉,首次申報,1071003,雜支支出,台灣中油,66596282,0.00,960.00,汽機車燃料費用,金錢,,,
307,王汝聰,107年直轄市議員選舉,首次申報,1071003,交通旅運支出,富蘭克林餐飲,82171446,0.00,90.00,停車費,金錢,新北市板橋區****,,
308,王汝聰,107年直轄市議員選舉,首次申報,1071005,交通旅運支出,計程車,,0.00,70.00,搭乘交通工具支出,金錢,,02-8*****,
309,王汝聰,107年直轄市議員選舉,首次申報,1071005,交通旅運支出,計程車,,0.00,120.00,搭乘交通工具支出,金錢,,02-2*****,
310,王汝聰,107年直轄市議員選舉,首次申報,1071005,雜支支出,政治大學合作社,01711598,0.00,305.00,雜項購置或修繕費用,金錢,台北市指南路****,,
311,王汝聰,107年直轄市議員選舉,首次申報,1071005,雜支支出,7-ELEVEN,89398714,0.00,28.00,雜項購置或修繕費用,金錢,台北市文山區****,,
312,王汝聰,107年直轄市議員選舉,首次申報,1071005,雜支支出,進恩水電材料有限公司,97475158,0.00,539.00,雜項購置或修繕費用,金錢,台北市永安街****,,
313,王汝聰,107年直轄市議員選舉,首次申報,1071006,雜支支出,興德貿易有限公司,28526527,0.00,99.00,雜項購置或修繕費用,金錢,新北市板橋區****,,
314,王汝聰,107年直轄市議員選舉,首次申報,1071006,租用競選辦事處支出,傳登電器有限公司,96895792,0.00,10500.00,裝潢競選辦事處支出,金錢,嘉義市西區六****,,
315,王汝聰,107年直轄市議員選舉,首次申報,1071007,雜支支出,IKEA新莊店,28005569,0.00,518.00,雜項購置或修繕費用,金錢,新北市新莊區****,,
316,王汝聰,107年直轄市議員選舉,首次申報,1071007,租用競選辦事處支出,統揚電器有限公司,28316418,0.00,14000.00,裝潢競選辦事處支出,金錢,嘉義市福全里****,,
317,王汝聰,107年直轄市議員選舉,首次申報,1071007,雜支支出,格上租車,31599853,0.00,1650.00,雜項購置或修繕費用,金錢,新北市新莊區****,,
318,王汝聰,107年直轄市議員選舉,首次申報,1071007,租用宣傳車輛支出,格上租車,31599853,0.00,550.00,租用宣傳車輛支出,金錢,新北市新莊區****,,
319,王汝聰,107年直轄市議員選舉,首次申報,1071007,雜支支出,中華加油站,72700349,0.00,300.00,汽機車燃料費用,金錢,新北市樹林區****,,
320,王汝聰,107年直轄市議員選舉,首次申報,1071008,雜支支出,麥當勞板橋文化店,16740115,0.00,150.00,餐飲費用,金錢,新北市板橋區****,,
321,王汝聰,107年直轄市議員選舉,首次申報,1071008,雜支支出,美商亞太數位潮流科技有限公司,27252210,0.00,735.00,雜項購置或修繕費用,金錢,台北市大安區****,,
322,王汝聰,107年直轄市議員選舉,首次申報,1071008,交通旅運支出,亞東技術學院,33503910,0.00,30.00,停車費,金錢,新北市板橋區****,,
323,王汝聰,107年直轄市議員選舉,首次申報,1071009,雜支支出,甄星百貨有限公司,66619573,0.00,949.00,雜項購置或修繕費用,金錢,新北市板橋區****,,
324,王汝聰,107年直轄市議員選舉,首次申報,1071009,雜支支出,268,72772292,0.00,268.00,餐飲費用,金錢,新北市板橋區****,,
325,王汝聰,107年直轄市議員選舉,首次申報,1071009,租用競選辦事處支出,盒子藝術空間訪,99748351,0.00,502.00,裝潢競選辦事處支出,金錢,新北市板橋區****,,
326,王汝聰,107年直轄市議員選舉,首次申報,1071010,宣傳支出,影軒企業有限公司,97181415,0.00,1575.00,製作宣傳廣告支出,金錢,台北市忠孝東****,,
327,王汝聰,107年直轄市議員選舉,首次申報,1071011,雜支支出,costco,16846757,0.00,706.00,雜項購置或修繕費用,金錢,新北市汐止區****,,
328,王汝聰,107年直轄市議員選舉,首次申報,1071011,雜支支出,7-ELEVEN,22555904,0.00,35.00,餐飲費用,金錢,台北市中正區****,,
329,王汝聰,107年直轄市議員選舉,首次申報,1071012,雜支支出,隆昌汽車材料行,26745069,0.00,1300.00,雜項購置或修繕費用,金錢,新北市板橋區****,,
330,王汝聰,107年直轄市議員選舉,首次申報,1071012,宣傳支出,城市綠洲股份有限公司,27651146,0.00,6993.00,製作競選物品支出（物品名稱-環保袋）,金錢,台北市中山區****,,
331,王汝聰,107年直轄市議員選舉,首次申報,1071012,雜支支出,甄星百貨,66619573,0.00,349.00,雜項購置或修繕費用,金錢,新北市板橋區****,,
332,王汝聰,107年直轄市議員選舉,首次申報,1071012,雜支支出,YOUTH,97280040,0.00,690.00,雜項購置或修繕費用,金錢,台北市中正區****,,
333,王汝聰,107年直轄市議員選舉,首次申報,1071013,雜支支出,順興五金行,81756033,0.00,180.00,雜項購置或修繕費用,金錢,台北市文山區****,,
334,王汝聰,107年直轄市議員選舉,首次申報,1071014,雜支支出,中華電信,,0.00,839.00,電信費用,金錢,****,,
335,王汝聰,107年直轄市議員選舉,首次申報,1071014,交通旅運支出,台灣中油,01709349,0.00,1060.00,油資,金錢,臺北市文山區****,,
336,王汝聰,107年直轄市議員選舉,首次申報,1071014,雜支支出,7-ELEVEN,42523803,0.00,30.00,雜項購置或修繕費用,金錢,臺北市大同區****,,
337,王汝聰,107年直轄市議員選舉,首次申報,1071014,交通旅運支出,台北捷運,84894989,0.00,1280.00,搭乘交通工具支出,金錢,台北市中山區****,,
338,王汝聰,107年直轄市議員選舉,首次申報,1071015,雜支支出,台灣中油,14760635,0.00,550.00,汽機車燃料費用,金錢,,,
339,王汝聰,107年直轄市議員選舉,首次申報,1071015,交通旅運支出,岳洋三總停車場,42331517,0.00,160.00,停車費,金錢,臺北市中正區****,,
340,王汝聰,107年直轄市議員選舉,首次申報,1071016,交通旅運支出,台灣中油,01709349,0.00,6.00,油資,金錢,,,
341,王汝聰,107年直轄市議員選舉,首次申報,1071016,雜支支出,味全食品工業公司,44650001,0.00,90.00,餐飲費用,金錢,桃園市楊梅區****,,
342,王汝聰,107年直轄市議員選舉,首次申報,1071016,雜支支出,甄星百貨,66619573,0.00,517.00,雜項購置或修繕費用,金錢,新北市板橋區****,,
343,王汝聰,107年直轄市議員選舉,首次申報,1071017,雜支支出,語軒食品行,27423277,0.00,87.00,餐飲費用,金錢,台北市松山區****,,
344,王汝聰,107年直轄市議員選舉,首次申報,1071017,交通旅運支出,威尼斯健康有限公司,42220147,0.00,20.00,停車費,金錢,新北市板橋區****,,
345,王汝聰,107年直轄市議員選舉,首次申報,1071017,雜支支出,伯朗咖啡建國店,53532414,0.00,205.00,餐飲費用,金錢,台北市大安區****,,
346,王汝聰,107年直轄市議員選舉,首次申報,1071017,雜支支出,甄星百貨有限公司,66619573,0.00,85.00,雜項購置或修繕費用,金錢,新北市板橋區****,,
347,王汝聰,107年直轄市議員選舉,首次申報,1071017,交通旅運支出,助安合宜住宅停車場,82000149,0.00,45.00,停車費,金錢,新北市板橋區****,,
348,王汝聰,107年直轄市議員選舉,首次申報,1071018,雜支支出,NPC全國加油站,41217307,0.00,125.00,汽機車燃料費用,金錢,新北市板橋區****,,
349,王汝聰,107年直轄市議員選舉,首次申報,1071018,雜支支出,阿羅哈光電科技有限公司,72646916,0.00,56.00,文具用品費用,金錢,新北市泰山區****,,
350,王汝聰,107年直轄市議員選舉,首次申報,1071018,宣傳支出,承漢印刷有限公司,86730744,0.00,3680.00,播送、傳送或刊登宣傳廣告支出,金錢,台北市南京東****,,
351,王汝聰,107年直轄市議員選舉,首次申報,1071018,交通旅運支出,岳洋新莊營業處,99433346,0.00,20.00,停車費,金錢,新北市新莊區****,,
352,王汝聰,107年直轄市議員選舉,首次申報,1071019,雜支支出,全家便利商店,51808560,0.00,60.00,雜項購置或修繕費用,金錢,新北市板橋區****,,
353,王汝聰,107年直轄市議員選舉,首次申報,1071020,租用競選辦事處支出,鐘東橋,,0.00,20000.00,租用競選辦事處費用,金錢,新北市板橋區****,,
354,王汝聰,107年直轄市議員選舉,首次申報,1071020,雜支支出,九九商行,98065076,0.00,70.00,雜項購置或修繕費用,金錢,嘉義縣中埔鄉****,,
355,王汝聰,107年直轄市議員選舉,首次申報,1071021,交通旅運支出,歐特儀股份有限公司,72940220,0.00,160.00,停車費,金錢,臺北市信義區****,,
356,王汝聰,107年直轄市議員選舉,首次申報,1071022,雜支支出,IKEA新莊店,28005569,0.00,373.00,雜項購置或修繕費用,金錢,新北市新莊區****,,
357,王汝聰,107年直轄市議員選舉,首次申報,1071022,雜支支出,ikea,28005569,0.00,899.00,雜項購置或修繕費用,金錢,新北市新莊區****,,
358,王汝聰,107年直轄市議員選舉,首次申報,1071022,雜支支出,全聯福利中心,28438355,0.00,549.00,雜項購置或修繕費用,金錢,台北市文山區****,,
359,王汝聰,107年直轄市議員選舉,首次申報,1071022,雜支支出,亞東技術學院,51653209,0.00,10.00,雜項購置或修繕費用,金錢,新北市板橋區****,,
360,王汝聰,107年直轄市議員選舉,首次申報,1071022,雜支支出,全家便利商店,51808560,0.00,20.00,雜項購置或修繕費用,金錢,新北市板橋區****,,
361,王汝聰,107年直轄市議員選舉,首次申報,1071022,雜支支出,甄星百貨有限公司,66619573,0.00,35.00,雜項購置或修繕費用,金錢,新北市板橋區****,,
362,王汝聰,107年直轄市議員選舉,首次申報,1071022,雜支支出,芝山加油站,86740476,0.00,1110.00,汽機車燃料費用,金錢,台北市士林區****,,
363,王汝聰,107年直轄市議員選舉,首次申報,1071023,雜支支出,7-ELEVEN,22555003,0.00,192.00,雜項購置或修繕費用,金錢,臺北市松山區****,,
364,王汝聰,107年直轄市議員選舉,首次申報,1071023,雜支支出,全家便利商店,51808560,0.00,30.00,雜項購置或修繕費用,金錢,新北市板橋區****,,
365,王汝聰,107年直轄市議員選舉,首次申報,1071023,雜支支出,三商家購股份有限公司,54380652,0.00,48.00,雜項購置或修繕費用,金錢,新北市三重區****,,
366,王汝聰,107年直轄市議員選舉,首次申報,1071023,雜支支出,COSTCO,80033968,0.00,1258.00,雜項購置或修繕費用,金錢,新北市中和區****,,
367,王汝聰,107年直轄市議員選舉,首次申報,1071023,雜支支出,COSTCO,80033968,0.00,1425.00,雜項購置或修繕費用,金錢,新北市中和區****,,
368,王汝聰,107年直轄市議員選舉,首次申報,1071023,雜支支出,COSTCO,80033968,0.00,198.00,雜項購置或修繕費用,金錢,新北市中和區****,,
369,王汝聰,107年直轄市議員選舉,首次申報,1071023,雜支支出,COSTCO,80033968,0.00,318.00,餐飲費用,金錢,新北市中和區****,,
370,王汝聰,107年直轄市議員選舉,首次申報,1071024,雜支支出,全家便利商店,23060248,0.00,30.00,雜項購置或修繕費用,金錢,臺北市中山區****,,
371,王汝聰,107年直轄市議員選舉,首次申報,1071024,雜支支出,萊爾富,80343106,0.00,30.00,雜項購置或修繕費用,金錢,新北市板橋區****,,
372,王汝聰,107年直轄市議員選舉,首次申報,1071024,交通旅運支出,興盛興停車場,82171446,0.00,30.00,停車費,金錢,新北市板橋區****,,
373,王汝聰,107年直轄市議員選舉,首次申報,1071025,交通旅運支出,八里中山路停車場,,0.00,40.00,停車費,金錢,,(02)*****,
374,王汝聰,107年直轄市議員選舉,首次申報,1071025,雜支支出,7-ELEVEN,16839989,0.00,25.00,雜項購置或修繕費用,金錢,新北市八里區****,,
375,王汝聰,107年直轄市議員選舉,首次申報,1071025,雜支支出,萊爾富,23285582,0.00,15.00,雜項購置或修繕費用,金錢,,,
376,王汝聰,107年直轄市議員選舉,首次申報,1071025,雜支支出,全家便利商店,24812915,0.00,199.00,雜項購置或修繕費用,金錢,新北市八里區****,,
377,王汝聰,107年直轄市議員選舉,首次申報,1071026,宣傳支出,萊爾富,23285582,0.00,48.00,製作宣傳廣告支出,金錢,,,
378,王汝聰,107年直轄市議員選舉,首次申報,1071026,雜支支出,台鐵餐旅服務總所,26648215,0.00,160.00,餐飲費用,金錢,新北市板橋區****,,
379,王汝聰,107年直轄市議員選舉,首次申報,1071026,雜支支出,台灣中油,33047505,0.00,1070.00,汽機車燃料費用,金錢,新北市中和區****,,
380,王汝聰,107年直轄市議員選舉,首次申報,1071026,雜支支出,全家便利商店,51808560,0.00,25.00,雜項購置或修繕費用,金錢,新北市板橋區****,,
381,王汝聰,107年直轄市議員選舉,首次申報,1071026,雜支支出,甄星百貨股份有限公司,66619573,0.00,384.00,雜項購置或修繕費用,金錢,新北市板橋區****,,
382,王汝聰,107年直轄市議員選舉,首次申報,1071026,雜支支出,甄星百貨有限公司,66619573,0.00,49.00,雜項購置或修繕費用,金錢,新北市板橋區****,,
383,王汝聰,107年直轄市議員選舉,首次申報,1071026,雜支支出,大昇汽車材料行,78881888,0.00,150.00,雜項購置或修繕費用,金錢,新北市板橋區****,,
384,王汝聰,107年直轄市議員選舉,首次申報,1071026,雜支支出,亞太電信股份有限公司,82164705,0.00,739.00,電信費用,金錢,,,
385,王汝聰,107年直轄市議員選舉,首次申報,1071026,交通旅運支出,根基168停車聯盟,82224561,0.00,15.00,停車費,金錢,,,
386,王汝聰,107年直轄市議員選舉,首次申報,1071026,人事費用支出,王林蘭英,A20*******,0.00,10000.00,工資或薪津,金錢,新北市板橋區****,,
387,王汝聰,107年直轄市議員選舉,首次申報,1071026,人事費用支出,吳偉民,C10*******,0.00,20000.00,工資或薪津,金錢,基隆市七堵區****,,
388,王汝聰,107年直轄市議員選舉,首次申報,1071027,雜支支出,BURGERKING,16833599,0.00,99.00,餐飲費用,金錢,台北市松山區****,,
389,王汝聰,107年直轄市議員選舉,首次申報,1071027,雜支支出,BURGERKING,16833599,0.00,100.00,餐飲費用,金錢,台北市八德路****,,
390,王汝聰,107年直轄市議員選舉,首次申報,1071027,交通旅運支出,興盛興停車場,82171446,0.00,20.00,停車費,金錢,新北市板橋區****,,
391,王汝聰,107年直轄市議員選舉,首次申報,1071027,交通旅運支出,根基168停車聯盟,82224561,0.00,30.00,停車費,金錢,,,
392,王汝聰,107年直轄市議員選舉,首次申報,1071027,雜支支出,凱立行,97870931,0.00,1700.00,雜項購置或修繕費用,金錢,,,
393,王汝聰,107年直轄市議員選舉,首次申報,1071028,交通旅運支出,城市車旅停車場,50299700,0.00,30.00,停車費,金錢,新北市土城區****,,
394,王汝聰,107年直轄市議員選舉,首次申報,1071028,宣傳支出,大叮噹商行,83983013,0.00,120.00,製作宣傳廣告支出,金錢,新北市中和區****,,
395,王汝聰,107年直轄市議員選舉,首次申報,1071028,雜支支出,麥當勞,97172984,0.00,99.00,餐飲費用,金錢,台北市文山區****,,
396,王汝聰,107年直轄市議員選舉,首次申報,1071029,宣傳支出,大會奉獻,,0.00,500.00,演講或表演支出,金錢,新北市板橋區****,,
397,王汝聰,107年直轄市議員選舉,首次申報,1071029,雜支支出,樂甜麵包店,38521873,0.00,103.00,餐飲費用,金錢,臺北市大安區****,,
398,王汝聰,107年直轄市議員選舉,首次申報,1071029,交通旅運支出,停車場,42457418,0.00,120.00,停車費,金錢,,,
399,王汝聰,107年直轄市議員選舉,首次申報,1071029,雜支支出,全家便利商店,51826005,0.00,48.00,雜項購置或修繕費用,金錢,臺北市大同區****,,
400,王汝聰,107年直轄市議員選舉,首次申報,1071029,雜支支出,甄星百貨有限公司,66619573,0.00,265.00,雜項購置或修繕費用,金錢,新北市板橋區****,,
401,王汝聰,107年直轄市議員選舉,首次申報,1071030,交通旅運支出,成佳財企業股份有限公司,82001787,0.00,60.00,停車費,金錢,新北市板橋區****,,
402,王汝聰,107年直轄市議員選舉,首次申報,1071031,雜支支出,六和加油站,16256528,0.00,1000.00,汽機車燃料費用,金錢,桃園市大溪區****,,
403,王汝聰,107年直轄市議員選舉,首次申報,1071101,雜支支出,甄星百貨股份有限公司,66619573,0.00,82.00,雜項購置或修繕費用,金錢,,,
404,王汝聰,107年直轄市議員選舉,首次申報,1071101,交通旅運支出,興盛興有限公司停車場,82171446,0.00,50.00,停車費,金錢,新北市板橋區****,,
405,王汝聰,107年直轄市議員選舉,首次申報,1071101,人事費用支出,林志剛,R10*******,0.00,20000.00,工資或薪津,金錢,嘉義市溪興街****,,
406,王汝聰,107年直轄市議員選舉,首次申報,1071102,雜支支出,進威商行,08581183,0.00,150.00,雜項購置或修繕費用,金錢,新北市板橋區****,,
407,王汝聰,107年直轄市議員選舉,首次申報,1071102,交通旅運支出,寶盛國際股份有限公司,28371994,0.00,30.00,停車費,金錢,台北市南港區****,,
408,王汝聰,107年直轄市議員選舉,首次申報,1071102,交通旅運支出,歐特儀股份有限公司,42389088,0.00,40.00,停車費,金錢,辛亥高架橋下****,,
409,王汝聰,107年直轄市議員選舉,首次申報,1071102,交通旅運支出,嘟嘟房停車場,72885227,0.00,222.00,停車費,金錢,,,
410,王汝聰,107年直轄市議員選舉,首次申報,1071102,交通旅運支出,嘟嘟房停車場,72969062,0.00,100.00,停車費,金錢,,,
411,王汝聰,107年直轄市議員選舉,首次申報,1071102,雜支支出,台灣中油,77402191,0.00,1341.00,汽機車燃料費用,金錢,臺北市士林區****,,
412,王汝聰,107年直轄市議員選舉,首次申報,1071102,交通旅運支出,俥亭停車事業股份有限公司,99818166,0.00,190.00,停車費,金錢,新北市永和區****,,
413,王汝聰,107年直轄市議員選舉,首次申報,1071103,宣傳支出,長興塑膠商行,66922272,0.00,3192.00,製作宣傳廣告支出,金錢,,,
414,王汝聰,107年直轄市議員選舉,首次申報,1071103,雜支支出,凱立行,95891426,0.00,1700.00,雜項購置或修繕費用,金錢,,,
415,王汝聰,107年直轄市議員選舉,首次申報,1071104,交通旅運支出,林家花園停車場,08546428,0.00,30.00,停車費,金錢,新北市板橋區****,,
416,王汝聰,107年直轄市議員選舉,首次申報,1071104,交通旅運支出,永固便利停車場股份有限公司,09940686,0.00,130.00,停車費,金錢,新北市板橋區****,,
417,王汝聰,107年直轄市議員選舉,首次申報,1071104,雜支支出,御珍品艦坊,26770123,0.00,360.00,餐飲費用,金錢,新北市板橋區****,,
418,王汝聰,107年直轄市議員選舉,首次申報,1071104,交通旅運支出,永錡停車場,31603694,0.00,20.00,停車費,金錢,溪崑二街巷弄****,,
419,王汝聰,107年直轄市議員選舉,首次申報,1071105,交通旅運支出,全家便利商店,23060248,0.00,20.00,停車費,金錢,,,
420,王汝聰,107年直轄市議員選舉,首次申報,1071105,交通旅運支出,全家便利商店,23060248,0.00,95.00,停車費,金錢,新北市板橋區****,,
421,王汝聰,107年直轄市議員選舉,首次申報,1071105,宣傳支出,全家便利商店,23060248,0.00,480.00,播送、傳送或刊登宣傳廣告支出,金錢,,,
422,王汝聰,107年直轄市議員選舉,首次申報,1071105,宣傳支出,全家便利商店板橋宜宅店,23060248,0.00,11349.00,播送、傳送或刊登宣傳廣告支出,金錢,新北市板橋區****,,
423,王汝聰,107年直轄市議員選舉,首次申報,1071105,宣傳支出,大瑋晒圖行,34556288,0.00,100.00,製作宣傳廣告支出,金錢,新北市板橋區****,,
424,王汝聰,107年直轄市議員選舉,首次申報,1071105,交通旅運支出,岳洋三總停車場,42331517,0.00,40.00,停車費,金錢,臺北市中正區****,,
425,王汝聰,107年直轄市議員選舉,首次申報,1071105,雜支支出,甄星百貨有限公司,66619573,0.00,456.00,雜項購置或修繕費用,金錢,,,
426,王汝聰,107年直轄市議員選舉,首次申報,1071106,交通旅運支出,全家便利商店,23060248,0.00,10.00,停車費,金錢,,,
427,王汝聰,107年直轄市議員選舉,首次申報,1071106,雜支支出,台鐵餐旅服務總所,26648215,0.00,321.00,餐飲費用,金錢,新北市板橋區****,,
428,王汝聰,107年直轄市議員選舉,首次申報,1071107,交通旅運支出,遠東資源開發股份有限公司,26681797,0.00,30.00,停車費,金錢,新北市板橋區****,,
429,王汝聰,107年直轄市議員選舉,首次申報,1071107,雜支支出,秀泰生活股份有限公司,66618477,0.00,240.00,餐飲費用,金錢,新北市樹林區****,,
430,王汝聰,107年直轄市議員選舉,首次申報,1071107,交通旅運支出,秀泰生活股份有限公司,66618477,0.00,75.00,停車費,金錢,新北市樹林區****,,
431,王汝聰,107年直轄市議員選舉,首次申報,1071108,雜支支出,永和加油站,23199307,0.00,982.00,汽機車燃料費用,金錢,新北市永和區****,,
432,王汝聰,107年直轄市議員選舉,首次申報,1071108,宣傳支出,美商亞太數位潮流科技股份有限公司,27252210,0.00,800.00,播送、傳送或刊登宣傳廣告支出,金錢,台北市大安區****,,
433,王汝聰,107年直轄市議員選舉,首次申報,1071108,雜支支出,亞東技術學院,33503910,0.00,30.00,餐飲費用,金錢,新北市板橋區****,,
434,王汝聰,107年直轄市議員選舉,首次申報,1071108,雜支支出,秀山文具圖書行,34329165,0.00,80.00,文具用品費用,金錢,新北市永和區****,,
435,王汝聰,107年直轄市議員選舉,首次申報,1071108,宣傳支出,雍真廣告企劃有限公司,53291891,0.00,2250.00,製作宣傳廣告支出,金錢,嘉義市西區博****,,
436,王汝聰,107年直轄市議員選舉,首次申報,1071109,宣傳支出,全聯福利中心,27926428,0.00,576.00,製作宣傳廣告支出,金錢,新北市三重區****,,
437,王汝聰,107年直轄市議員選舉,首次申報,1071109,宣傳支出,三商家購股份有限公司,54380652,0.00,24.00,製作宣傳廣告支出,金錢,新北市三重區****,,
438,王汝聰,107年直轄市議員選舉,首次申報,1071109,雜支支出,COSTCO,80033968,0.00,149.00,餐飲費用,金錢,新北市中和區****,,
439,王汝聰,107年直轄市議員選舉,首次申報,1071109,雜支支出,COSTCO,80033968,0.00,149.00,餐飲費用,金錢,新北市中和區****,,
440,王汝聰,107年直轄市議員選舉,首次申報,1071109,雜支支出,COSTCO,80033968,0.00,1632.00,雜項購置或修繕費用,金錢,新北市中和區****,,
441,王汝聰,107年直轄市議員選舉,首次申報,1071109,雜支支出,COSTCO,80033968,0.00,1632.00,雜項購置或修繕費用,金錢,新北市中和區****,,
442,王汝聰,107年直轄市議員選舉,首次申報,1071109,交通旅運支出,興盛興停車場,82171446,0.00,20.00,停車費,金錢,新北市板橋區****,,
443,王汝聰,107年直轄市議員選舉,首次申報,1071109,宣傳支出,承漢印刷有限股份公司,86730744,0.00,5355.00,製作宣傳廣告支出,金錢,台北市南京東****,,
444,王汝聰,107年直轄市議員選舉,首次申報,1071110,宣傳支出,7-ELEVEN,22555003,0.00,120.00,播送、傳送或刊登宣傳廣告支出,金錢,臺北市松山區****,,
445,王汝聰,107年直轄市議員選舉,首次申報,1071110,宣傳支出,三商家購股份有限公司,28992277,0.00,168.00,播送、傳送或刊登宣傳廣告支出,金錢,,,
446,王汝聰,107年直轄市議員選舉,首次申報,1071110,雜支支出,華強實業股份有限公司,72766236,0.00,250.00,雜項購置或修繕費用,金錢,桃園市龜山區****,,
447,王汝聰,107年直轄市議員選舉,首次申報,1071110,宣傳支出,影軒企業有限公司,97181415,0.00,1650.00,製作宣傳廣告支出,金錢,新北市汐止區****,,
448,王汝聰,107年直轄市議員選舉,首次申報,1071111,宣傳支出,全家便利商店,23060248,0.00,360.00,播送、傳送或刊登宣傳廣告支出,金錢,臺北市中山區****,,
449,王汝聰,107年直轄市議員選舉,首次申報,1071111,雜支支出,家樂福,24303481,0.00,1260.00,雜項購置或修繕費用,金錢,新北市三重區****,,
450,王汝聰,107年直轄市議員選舉,首次申報,1071111,雜支支出,芝山加油站,28480557,0.00,946.00,餐飲費用,金錢,,,
451,王汝聰,107年直轄市議員選舉,首次申報,1071111,雜支支出,台灣中油中和站,33047505,0.00,500.00,汽機車燃料費用,金錢,新北市中和區****,,
452,王汝聰,107年直轄市議員選舉,首次申報,1071111,交通旅運支出,岳洋有限公司萬板營業處,41005850,0.00,30.00,停車費,金錢,新北市板橋區****,,
453,王汝聰,107年直轄市議員選舉,首次申報,1071112,宣傳支出,全聯福利中心,,0.00,240.00,播送、傳送或刊登宣傳廣告支出,金錢,新北市中和區****,(02)*****,
454,王汝聰,107年直轄市議員選舉,首次申報,1071112,交通旅運支出,正隆公園地下停車場,02930902,0.00,20.00,停車費,金錢,新北市板橋區****,,
455,王汝聰,107年直轄市議員選舉,首次申報,1071112,宣傳支出,OKMART,22853565,0.00,144.00,製作宣傳廣告支出,金錢,,,
456,王汝聰,107年直轄市議員選舉,首次申報,1071112,雜支支出,摩斯漢堡,31882529,0.00,165.00,餐飲費用,金錢,臺北市松山區****,,
457,王汝聰,107年直轄市議員選舉,首次申報,1071112,雜支支出,摩斯漢堡,31882529,0.00,45.00,餐飲費用,金錢,臺北市松山區****,,
458,王汝聰,107年直轄市議員選舉,首次申報,1071112,雜支支出,7-ELEVEN,53027339,0.00,105.00,餐飲費用,金錢,臺北市信義區****,,
459,王汝聰,107年直轄市議員選舉,首次申報,1071112,宣傳支出,元日洋商行,67802140,0.00,168.00,播送、傳送或刊登宣傳廣告支出,金錢,新北市永和區****,,
460,王汝聰,107年直轄市議員選舉,首次申報,1071112,雜支支出,歐特儀股份有限公司,72940220,0.00,80.00,雜項購置或修繕費用,金錢,臺北市信義區****,,
461,王汝聰,107年直轄市議員選舉,首次申報,1071113,雜支支出,隆華車業行,10005118,0.00,130.00,雜項購置或修繕費用,金錢,新北市板橋區****,,
462,王汝聰,107年直轄市議員選舉,首次申報,1071113,宣傳支出,7-ELEVEN,22555003,0.00,120.00,製作宣傳廣告支出,金錢,台北市松山區****,,
463,王汝聰,107年直轄市議員選舉,首次申報,1071113,宣傳支出,7=ELEVEN,22555003,0.00,192.00,製作宣傳廣告支出,金錢,臺北市松山區****,,
464,王汝聰,107年直轄市議員選舉,首次申報,1071113,宣傳支出,全家便利商店,23060248,0.00,600.00,製作宣傳廣告支出,金錢,臺北市中山區****,,
465,王汝聰,107年直轄市議員選舉,首次申報,1071113,宣傳支出,萊爾富,23285582,0.00,960.00,播送、傳送或刊登宣傳廣告支出,金錢,臺北市大同區****,,
466,王汝聰,107年直轄市議員選舉,首次申報,1071113,宣傳支出,萊爾富,23285582,0.00,480.00,播送、傳送或刊登宣傳廣告支出,金錢,臺北市大同區****,,
467,王汝聰,107年直轄市議員選舉,首次申報,1071113,交通旅運支出,萊爾富,23285582,0.00,65.00,停車費,金錢,,,
468,王汝聰,107年直轄市議員選舉,首次申報,1071113,雜支支出,萊爾富,51653209,0.00,70.00,雜項購置或修繕費用,金錢,新北市板橋區****,,
469,王汝聰,107年直轄市議員選舉,首次申報,1071113,宣傳支出,長興塑膠商行,66922272,0.00,3109.00,播送、傳送或刊登宣傳廣告支出,金錢,新北市中和區****,,
470,王汝聰,107年直轄市議員選舉,首次申報,1071113,宣傳支出,元日洋商行,67802140,0.00,160.00,播送、傳送或刊登宣傳廣告支出,金錢,新北市永和區****,,
471,王汝聰,107年直轄市議員選舉,首次申報,1071113,雜支支出,大樹木柵藥局,73622223,0.00,3260.00,雜項購置或修繕費用,金錢,木柵路三段號****,,
472,王汝聰,107年直轄市議員選舉,首次申報,1071113,雜支支出,康宜庭藥局,98905418,0.00,665.00,雜項購置或修繕費用,金錢,台北市興隆路****,,
473,王汝聰,107年直轄市議員選舉,首次申報,1071114,雜支支出,國園加油站,23541648,0.00,1000.00,汽機車燃料費用,金錢,新北市三重區****,,
474,王汝聰,107年直轄市議員選舉,首次申報,1071114,雜支支出,Costco,24804859,0.00,80.00,餐飲費用,金錢,新北市新莊區****,,
475,王汝聰,107年直轄市議員選舉,首次申報,1071114,雜支支出,Costco,24804859,0.00,100.00,雜項購置或修繕費用,金錢,新北市新莊區****,,
476,王汝聰,107年直轄市議員選舉,首次申報,1071114,交通旅運支出,富山事業有限公司,50736934,0.00,100.00,停車費,金錢,新北市板橋區****,,
477,王汝聰,107年直轄市議員選舉,首次申報,1071114,雜支支出,全家便利商店,51808560,0.00,10.00,雜項購置或修繕費用,金錢,新北市板橋區****,,
478,王汝聰,107年直轄市議員選舉,首次申報,1071114,交通旅運支出,台北捷運,84894989,0.00,1280.00,搭乘交通工具支出,金錢,臺北市中山區****,,
479,王汝聰,107年直轄市議員選舉,首次申報,1071116,雜支支出,鴻昌行,06309928,0.00,165.00,雜項購置或修繕費用,金錢,嘉義縣中埔鄉****,,
480,王汝聰,107年直轄市議員選舉,首次申報,1071116,雜支支出,晨洋電子材料行,20173654,0.00,3640.00,雜項購置或修繕費用,金錢,嘉義市水上鄉****,,
481,王汝聰,107年直轄市議員選舉,首次申報,1071116,宣傳支出,雍真廣告企劃有限公司,53291891,0.00,6259.00,製作宣傳廣告支出,金錢,嘉義市博愛路****,,
482,王汝聰,107年直轄市議員選舉,首次申報,1071118,雜支支出,瓦斯費,35433242,0.00,224.00,水電瓦斯費用,金錢,新北市三重區****,,
483,王汝聰,107年直轄市議員選舉,首次申報,1071118,雜支支出,7=ELEVEN,80346455,0.00,781.00,雜項購置或修繕費用,金錢,,,
484,王汝聰,107年直轄市議員選舉,首次申報,1071119,雜支支出,台灣中油,33836255,0.00,998.00,汽機車燃料費用,金錢,新北市新店區****,,
485,王汝聰,107年直轄市議員選舉,首次申報,1071119,雜支支出,台灣中油,77402208,0.00,1000.00,汽機車燃料費用,金錢,,,
486,王汝聰,107年直轄市議員選舉,首次申報,1071119,雜支支出,7=ELEVEN,80346455,0.00,369.00,雜項購置或修繕費用,金錢,,,
487,王汝聰,107年直轄市議員選舉,首次申報,1071119,雜支支出,凱立行,95891426,0.00,3500.00,雜項購置或修繕費用,金錢,新北市板橋區****,,
488,王汝聰,107年直轄市議員選舉,首次申報,1071120,租用競選辦事處支出,鐘東橋,,0.00,20000.00,租用競選辦事處費用,金錢,新北市板橋區****,,
489,王汝聰,107年直轄市議員選舉,首次申報,1071120,雜支支出,興德貿易,28526527,0.00,519.00,雜項購置或修繕費用,金錢,新北市板橋區****,,
490,王汝聰,107年直轄市議員選舉,首次申報,1071120,交通旅運支出,嘟嘟房停車場,72956593,0.00,30.00,停車費,金錢,臺北市松山區****,,
491,王汝聰,107年直轄市議員選舉,首次申報,1071120,雜支支出,全家便利商店,80035804,0.00,60.00,雜項購置或修繕費用,金錢,新北市板橋區****,,
492,王汝聰,107年直轄市議員選舉,首次申報,1071120,交通旅運支出,興盛興停車場,82171446,0.00,20.00,停車費,金錢,新北市板橋區****,,
493,王汝聰,107年直轄市議員選舉,首次申報,1071122,雜支支出,台亞石油,09666884,0.00,400.00,汽機車燃料費用,金錢,,,
494,王汝聰,107年直轄市議員選舉,首次申報,1071122,雜支支出,梅花田生態園地,10337377,0.00,600.00,餐飲費用,金錢,臺北市大安區****,,
495,王汝聰,107年直轄市議員選舉,首次申報,1071122,雜支支出,台灣中油,34548648,0.00,1210.00,汽機車燃料費用,金錢,新北市板橋區****,,
496,王汝聰,107年直轄市議員選舉,首次申報,1071123,雜支支出,萊爾富,51653209,0.00,75.00,雜項購置或修繕費用,金錢,,,
497,王汝聰,107年直轄市議員選舉,首次申報,1071123,租用宣傳車輛支出,吉歷汽車商行,73875958,0.00,9450.00,租用宣傳車輛支出,金錢,台北市重慶北****,,
498,王汝聰,107年直轄市議員選舉,首次申報,1071123,人事費用支出,林志剛,R10*******,0.00,5000.00,工資或薪津,金錢,嘉義市溪興街****,,
499,王汝聰,107年直轄市議員選舉,首次申報,1071124,雜支支出,隆昌汽車材料行,17041103,0.00,919.00,汽機車燃料費用,金錢,,,
500,王汝聰,107年直轄市議員選舉,首次申報,1071124,雜支支出,全家便利商店,23060248,0.00,41.00,餐飲費用,金錢,,,
501,王汝聰,107年直轄市議員選舉,首次申報,1071124,雜支支出,全家便利商店,28413235,0.00,41.00,餐飲費用,金錢,,,
502,王汝聰,107年直轄市議員選舉,首次申報,1071126,雜支支出,傳承有限公司,23633772,0.00,180.00,雜項購置或修繕費用,金錢,台北市松山區****,,
503,王汝聰,107年直轄市議員選舉,首次申報,1071126,人事費用支出,吳偉民,C10*******,0.00,5000.00,工資或薪津,金錢,基隆市七堵區****,,
504,王汝聰,107年直轄市議員選舉,首次申報,1071127,交通旅運支出,全國電子股份有限公司,37921204,0.00,135.00,停車費,金錢,新北市三重區****,,
505,王汝聰,107年直轄市議員選舉,首次申報,1071129,雜支支出,墨欣有限公司,50766789,0.00,380.00,餐飲費用,金錢,台北市文山區****,,
506,王汝聰,107年直轄市議員選舉,首次申報,1071130,雜支支出,聯強國際股份有限公司,17821369,0.00,5400.00,雜項購置或修繕費用,金錢,新北市寶橋區****,,
507,王汝聰,107年直轄市議員選舉,首次申報,1071130,交通旅運支出,日月亭股份有限公司,42481682,0.00,800.00,停車費,金錢,,,
508,王汝聰,107年直轄市議員選舉,首次申報,1071130,交通旅運支出,日月亭股份有限公司,42481682,0.00,300.00,停車費,金錢,,,
509,王汝聰,107年直轄市議員選舉,首次申報,1071130,雜支支出,台灣中油,72700349,0.00,978.00,汽機車燃料費用,金錢,,,
510,王汝聰,107年直轄市議員選舉,首次申報,1071202,雜支支出,TINA廚房,54224956,0.00,396.00,餐飲費用,金錢,,,
511,王汝聰,107年直轄市議員選舉,首次申報,1071203,雜支支出,誠品生活股份有限公司,42852086,0.00,128.00,雜項購置或修繕費用,金錢,,,
512,王汝聰,107年直轄市議員選舉,首次申報,1071204,雜支支出,台灣中油,33836255,0.00,647.00,汽機車燃料費用,金錢,,,
513,王汝聰,107年直轄市議員選舉,首次申報,1071205,雜支支出,麥味登,54947474,0.00,215.00,餐飲費用,金錢,臺北市文山區****,,
514,王汝聰,107年直轄市議員選舉,首次申報,1071206,雜支支出,全聯福利中心,28438355,0.00,836.00,雜項購置或修繕費用,金錢,,,
515,王汝聰,107年直轄市議員選舉,首次申報,1071206,雜支支出,COSTCO,80033968,0.00,2734.00,雜項購置或修繕費用,金錢,新北市中和區****,,
516,王汝聰,107年直轄市議員選舉,首次申報,1071209,雜支支出,大潤發,80030738,0.00,190.00,雜項購置或修繕費用,金錢,,,
517,王汝聰,107年直轄市議員選舉,首次申報,1071210,雜支支出,台灣中油,01709349,0.00,619.00,汽機車燃料費用,金錢,,,
518,王汝聰,107年直轄市議員選舉,首次申報,1071212,雜支支出,良興電子發票證明聯,41117052,0.00,719.00,雜項購置或修繕費用,金錢,,,
519,王汝聰,107年直轄市議員選舉,首次申報,1071212,雜支支出,誠品生活,42852086,0.00,89.00,雜項購置或修繕費用,金錢,,,
520,王汝聰,107年直轄市議員選舉,首次申報,1071215,雜支支出,全國電子股份有限公司,22006252,0.00,569.00,雜項購置或修繕費用,金錢,新北市五股區****,,
521,王汝聰,107年直轄市議員選舉,首次申報,1071217,人事費用支出,王子為,A12*******,0.00,20000.00,工資或薪津,金錢,台北市文山區****,,
522,王汝聰,107年直轄市議員選舉,首次申報,1071220,租用競選辦事處支出,鐘東橋,,0.00,20000.00,租用競選辦事處費用,金錢,新北市板橋區****,,
523,王汝聰,107年直轄市議員選舉,首次申報,1071220,雜支支出,家樂福文山聯股份有限公司,28336955,0.00,759.00,餐飲費用,金錢,台北市文山區****,,
524,王汝聰,107年直轄市議員選舉,首次申報,1071222,雜支支出,台亞石油,08707205,0.00,793.00,汽機車燃料費用,金錢,,,
525,王汝聰,107年直轄市議員選舉,首次申報,1071223,雜支支出,台灣大食代餐飲有限公司,53216578,0.00,530.00,餐飲費用,金錢,,,
526,王汝聰,107年直轄市議員選舉,首次申報,1071224,雜支支出,小米之家行天宮店,24778043,0.00,1895.00,雜項購置或修繕費用,金錢,臺北市中山區****,,
