﻿序號,擬參選人／政黨,選舉名稱,申報序號／年度,交易日期,收支科目,捐贈者／支出對象,身分證／統一編號,收入金額,支出金額,捐贈方式,存入專戶日期,返還/繳庫,支出用途,金錢類,地址,聯絡電話,應揭露之支出對象,支出對象之內部人員姓名,支出對象之內部人員職稱,政黨之內部人員姓名,政黨之內部人員職稱,關係,更正註記,資料更正日期
1,郭清華,111年臺南市議員選舉,首次申報,1110627,個人捐贈收入,葉永松,D12*******,100000.00,0.00,匯款,1110627,,,金錢,臺南市安定區****,0936*****,,,,,,,,
2,郭清華,111年臺南市議員選舉,首次申報,1110629,個人捐贈收入,吳有財,D10*******,100000.00,0.00,現金,1110630,,,金錢,臺南市東區前****,06-2*****,,,,,,,,
3,郭清華,111年臺南市議員選舉,首次申報,1110630,個人捐贈收入,謝蕙嬪,R20*******,100000.00,0.00,現金,1110630,,,金錢,臺南市東區前****,06-2*****,,,,,,,,
4,郭清華,111年臺南市議員選舉,首次申報,1110701,個人捐贈收入,吳和元,R10*******,30000.00,0.00,現金,1110701,,,金錢,臺南市安南區****,06-2*****,,,,,,,,
5,郭清華,111年臺南市議員選舉,首次申報,1110701,個人捐贈收入,郭森正,S10*******,20000.00,0.00,現金,1110701,,,金錢,臺南市安南區****,06-3*****,,,,,,,,
6,郭清華,111年臺南市議員選舉,首次申報,1110720,營利事業捐贈收入,尚發營造股份有限公司,94809189,1000000.00,0.00,票據,1110721,,,金錢,高雄市苓雅區****,07-2*****,,,,,,,,
7,郭清華,111年臺南市議員選舉,首次申報,1110725,個人捐贈收入,陳彥宇,D12*******,50000.00,0.00,匯款,1110725,,,金錢,臺南市安南區****,06-5*****,,,,,,,,
8,郭清華,111年臺南市議員選舉,首次申報,1110725,個人捐贈收入,陳彥宇,D12*******,50000.00,0.00,匯款,1110725,,,金錢,臺南市安南區****,06-5*****,,,,,,,,
9,郭清華,111年臺南市議員選舉,首次申報,1110726,個人捐贈收入,王招聰,,5000.00,0.00,現金,1110726,,,金錢,臺南市安南區****,0975*****,,,,,,,,
10,郭清華,111年臺南市議員選舉,首次申報,1110808,個人捐贈收入,朱坤玉,K10*******,6000.00,0.00,現金,1110808,,,金錢,臺南市安南區****,06-2*****,,,,,,,,
11,郭清華,111年臺南市議員選舉,首次申報,1110810,個人捐贈收入,陳俊宏,D12*******,60000.00,0.00,,,,,非金錢,臺南市安南區****,06-3*****,,,,,,,,
12,郭清華,111年臺南市議員選舉,首次申報,1110819,個人捐贈收入,莊慧妤,R20*******,10000.00,0.00,現金,1110822,,,金錢,臺南市安南區****,06-3*****,,,,,,,,
13,郭清華,111年臺南市議員選舉,首次申報,1110823,個人捐贈收入,蔡財教,D10*******,20000.00,0.00,現金,1110823,,,金錢,臺南市安南區****,06-2*****,,,,,,,,
14,郭清華,111年臺南市議員選舉,首次申報,1110826,個人捐贈收入,蔡安忠,D10*******,20000.00,0.00,現金,1110826,,,金錢,臺南市新市區****,06-3*****,,,,,,,,
15,郭清華,111年臺南市議員選舉,首次申報,1110826,個人捐贈收入,蕭新釧,I10*******,20000.00,0.00,現金,1110826,,,金錢,嘉義市西區德****,0933*****,,,,,,,,
16,郭清華,111年臺南市議員選舉,首次申報,1110901,營利事業捐贈收入,典雅實業廠股份有限公司,22672086,100000.00,0.00,現金,1110902,,,金錢,臺南市安南區****,06-3*****,,,,,,,,
17,郭清華,111年臺南市議員選舉,首次申報,1110901,個人捐贈收入,陳柏勲,D12*******,100000.00,0.00,現金,1110902,,,金錢,臺南市安南區****,0910*****,,,,,,,,
18,郭清華,111年臺南市議員選舉,首次申報,1110902,個人捐贈收入,郭金安,L10*******,12000.00,0.00,現金,1110902,,,金錢,臺南市安南區****,0932*****,,,,,,,,
19,郭清華,111年臺南市議員選舉,首次申報,1110905,個人捐贈收入,翁明耀,Q12*******,30000.00,0.00,現金,1110905,,,金錢,臺南市北區海****,06-2*****,,,,,,,,
20,郭清華,111年臺南市議員選舉,首次申報,1110913,營利事業捐贈收入,金大利實業有限公司,80085661,20000.00,0.00,現金,1110914,,,金錢,臺南市安南區****,06-3*****,,,,,,,,
21,郭清華,111年臺南市議員選舉,首次申報,1110914,匿名捐贈,匿名,,2000.00,0.00,現金,1110915,,,金錢,,,,,,,,,,
22,郭清華,111年臺南市議員選舉,首次申報,1110914,個人捐贈收入,黃韋婷,A22*******,100000.00,0.00,現金,1110915,,,金錢,雲林縣土庫鎮****,0938*****,,,,,,,,
23,郭清華,111年臺南市議員選舉,首次申報,1110914,個人捐贈收入,吳宗憲,D12*******,100000.00,0.00,票據,1110915,,,金錢,臺南市安南區****,06-2*****,,,,,,,,
24,郭清華,111年臺南市議員選舉,首次申報,1110914,個人捐贈收入,何美儀,K22*******,100000.00,0.00,現金,1110915,,,金錢,雲林縣土庫鎮****,0937*****,,,,,,,,
25,郭清華,111年臺南市議員選舉,首次申報,1110914,個人捐贈收入,謝瑞堅,N10*******,100000.00,0.00,現金,1110915,,,金錢,雲林縣虎尾鎮****,0915*****,,,,,,,,
26,郭清華,111年臺南市議員選舉,首次申報,1110914,個人捐贈收入,黃耀徵,P12*******,100000.00,0.00,現金,1110915,,,金錢,雲林縣西螺鎮****,0936*****,,,,,,,,
27,郭清華,111年臺南市議員選舉,首次申報,1110914,個人捐贈收入,楊志凱,P12*******,100000.00,0.00,現金,1110915,,,金錢,雲林縣土庫鎮****,0927*****,,,,,,,,
28,郭清華,111年臺南市議員選舉,首次申報,1110914,個人捐贈收入,楊志皓,P12*******,100000.00,0.00,現金,1110915,,,金錢,雲林縣土庫鎮****,0928*****,,,,,,,,
29,郭清華,111年臺南市議員選舉,首次申報,1110914,個人捐贈收入,楊進松,P12*******,100000.00,0.00,現金,1110915,,,金錢,雲林縣古坑鄉****,0937*****,,,,,,,,
30,郭清華,111年臺南市議員選舉,首次申報,1110914,個人捐贈收入,劉阿滿,P22*******,100000.00,0.00,現金,1110915,,,金錢,雲林縣土庫鎮****,0928*****,,,,,,,,
31,郭清華,111年臺南市議員選舉,首次申報,1110914,個人捐贈收入,楊雅雯,P22*******,100000.00,0.00,現金,1110915,,,金錢,雲林縣土庫鎮****,0953*****,,,,,,,,
32,郭清華,111年臺南市議員選舉,首次申報,1110914,個人捐贈收入,許莉楨,U22*******,100000.00,0.00,現金,1110915,,,金錢,雲林縣西螺鎮****,0958*****,,,,,,,,
33,郭清華,111年臺南市議員選舉,首次申報,1110919,個人捐贈收入,吳木全,D10*******,50000.00,0.00,現金,1110919,,,金錢,臺南市中西區****,0910*****,,,,,,,,
34,郭清華,111年臺南市議員選舉,首次申報,1110921,個人捐贈收入,吳德寶,R10*******,20000.00,0.00,匯款,1110921,,,金錢,高雄市仁武區****,07-3*****,,,,,,,,
35,郭清華,111年臺南市議員選舉,首次申報,1110922,個人捐贈收入,葉梅玉,,3000.00,0.00,現金,1110922,,,金錢,臺南市安南區****,06-2*****,,,,,,,,
36,郭清華,111年臺南市議員選舉,首次申報,1110926,個人捐贈收入,陳欽火,,6000.00,0.00,現金,1110926,,,金錢,臺南市永康區****,0910*****,,,,,,,,
37,郭清華,111年臺南市議員選舉,首次申報,1110926,個人捐贈收入,吳春聲,D10*******,60000.00,0.00,現金,1110926,,,金錢,臺南市安南區****,0927*****,,,,,,,,
38,郭清華,111年臺南市議員選舉,首次申報,1110927,個人捐贈收入,黃玉樹,D12*******,10000.00,0.00,現金,1110927,,,金錢,臺南市安南區****,0931*****,,,,,,,,
39,郭清華,111年臺南市議員選舉,首次申報,1110928,個人捐贈收入,邱子釗,R12*******,100000.00,0.00,現金,1110928,,,金錢,臺南市安南區****,06-2*****,,,,,,,,
40,郭清華,111年臺南市議員選舉,首次申報,1110928,個人捐贈收入,陳桂稘,R22*******,100000.00,0.00,現金,1110928,,,金錢,臺南市安平區****,06-2*****,,,,,,,,
41,郭清華,111年臺南市議員選舉,首次申報,1110929,營利事業捐贈收入,介大金屬工業(股)公司,69400776,400000.00,0.00,匯款,1110929,,,金錢,臺南市永康區****,06-2*****,,,,,,,,
42,郭清華,111年臺南市議員選舉,首次申報,1111003,個人捐贈收入,吳愛子,,20000.00,0.00,現金,1111003,,,金錢,臺南市北區北****,06-2*****,,,,,,,,
43,郭清華,111年臺南市議員選舉,首次申報,1111003,個人捐贈收入,鄭文貴,,10000.00,0.00,現金,1111003,,,金錢,臺南市安南區****,06-2*****,,,,,,,,
44,郭清華,111年臺南市議員選舉,首次申報,1111003,個人捐贈收入,曾俊元,,10000.00,0.00,現金,1111003,,,金錢,臺南市南區新****,06-2*****,,,,,,,,
45,郭清華,111年臺南市議員選舉,首次申報,1111003,個人捐贈收入,陳進金,,10000.00,0.00,現金,1111003,,,金錢,臺南市安南區****,0910*****,,,,,,,,
46,郭清華,111年臺南市議員選舉,首次申報,1111003,個人捐贈收入,王玉柱,,2000.00,0.00,現金,1111003,,,金錢,臺南市安南區****,06-2*****,,,,,,,,
47,郭清華,111年臺南市議員選舉,首次申報,1111003,個人捐贈收入,張春貴,,6000.00,0.00,現金,1111003,,,金錢,臺南市安南區****,06-2*****,,,,,,,,
48,郭清華,111年臺南市議員選舉,首次申報,1111003,個人捐贈收入,顏春魁,D10*******,100000.00,0.00,現金,1111003,,,金錢,臺南市安南區****,06-2*****,,,,,,,,
49,郭清華,111年臺南市議員選舉,首次申報,1111004,個人捐贈收入,簡倉健,,6000.00,0.00,現金,1111004,,,金錢,臺南市安南區****,0935*****,,,,,,,,
50,郭清華,111年臺南市議員選舉,首次申報,1111004,個人捐贈收入,周暐倫,,4000.00,0.00,,,,,非金錢,臺南市安南區****,0922*****,,,,,,,,
51,郭清華,111年臺南市議員選舉,首次申報,1111004,個人捐贈收入,吳龍文,D10*******,60000.00,0.00,現金,1111004,,,金錢,臺南市中西區****,0912*****,,,,,,,,
52,郭清華,111年臺南市議員選舉,首次申報,1111004,個人捐贈收入,吳俊翰,D12*******,60000.00,0.00,現金,1111004,,,金錢,臺南市安南區****,0911*****,,,,,,,,
53,郭清華,111年臺南市議員選舉,首次申報,1111006,個人捐贈收入,陳景曜,,3000.00,0.00,現金,1111006,,,金錢,臺南市安南區****,06-3*****,,,,,,,,
54,郭清華,111年臺南市議員選舉,首次申報,1111007,個人捐贈收入,郭倍志,,10000.00,0.00,現金,1111007,,,金錢,臺南市永康區****,0988*****,,,,,,,,
55,郭清華,111年臺南市議員選舉,首次申報,1111007,個人捐贈收入,楊憲德,,10000.00,0.00,現金,1111007,,,金錢,臺南市安南區****,0988*****,,,,,,,,
56,郭清華,111年臺南市議員選舉,首次申報,1111013,個人捐贈收入,邱宗展,,20000.00,0.00,匯款,1111013,,,金錢,臺南市安南區****,0911*****,,,,,,,,
57,郭清華,111年臺南市議員選舉,首次申報,1111013,個人捐贈收入,呂姿慧,,20000.00,0.00,匯款,1111013,,,金錢,臺南市安南區****,0982*****,,,,,,,,
58,郭清華,111年臺南市議員選舉,首次申報,1111019,個人捐贈收入,林朝宗,,10000.00,0.00,現金,1111019,,,金錢,臺南市安南區****,0916*****,,,,,,,,
59,郭清華,111年臺南市議員選舉,首次申報,1111019,個人捐贈收入,鄭瑞田,,20000.00,0.00,現金,1111019,,,金錢,臺南市東區長****,06-2*****,,,,,,,,
60,郭清華,111年臺南市議員選舉,首次申報,1111019,個人捐贈收入,王金枝,,6000.00,0.00,現金,1111019,,,金錢,臺南市永康區****,0953*****,,,,,,,,
61,郭清華,111年臺南市議員選舉,首次申報,1111019,個人捐贈收入,蔡金城,,5000.00,0.00,現金,1111019,,,金錢,臺南市北區立****,0929*****,,,,,,,,
62,郭清華,111年臺南市議員選舉,首次申報,1111019,個人捐贈收入,高黃香里,,6000.00,0.00,現金,1111019,,,金錢,臺南市北區北****,06-2*****,,,,,,,,
63,郭清華,111年臺南市議員選舉,首次申報,1111019,個人捐贈收入,鄭進昌,D10*******,30000.00,0.00,現金,1111019,,,金錢,臺南市安南區****,06-2*****,,,,,,,,
64,郭清華,111年臺南市議員選舉,首次申報,1111019,個人捐贈收入,丁俊仁,D12*******,36000.00,0.00,現金,1111019,,,金錢,臺南市安南區****,0917*****,,,,,,,,
65,郭清華,111年臺南市議員選舉,首次申報,1111019,個人捐贈收入,杜雪子,D20*******,30000.00,0.00,現金,1111019,,,金錢,臺南市安南區****,0970*****,,,,,,,,
66,郭清華,111年臺南市議員選舉,首次申報,1111019,個人捐贈收入,蘇美珠,R22*******,50000.00,0.00,現金,1111019,,,金錢,臺南市安南區****,06-2*****,,,,,,,,
67,郭清華,111年臺南市議員選舉,首次申報,1111020,個人捐贈收入,鄧秀鳳,,10000.00,0.00,現金,1111020,,,金錢,臺南市安南區****,06-2*****,,,,,,,,
68,郭清華,111年臺南市議員選舉,首次申報,1111020,個人捐贈收入,黃文保,,10000.00,0.00,現金,1111020,,,金錢,臺南市安南區****,06-2*****,,,,,,,,
69,郭清華,111年臺南市議員選舉,首次申報,1111020,個人捐贈收入,方妤涵,,20000.00,0.00,現金,1111020,,,金錢,臺南市西港區****,0933*****,,,,,,,,
70,郭清華,111年臺南市議員選舉,首次申報,1111020,個人捐贈收入,吳國志,,20000.00,0.00,現金,1111020,,,金錢,臺南市安南區****,06-3*****,,,,,,,,
71,郭清華,111年臺南市議員選舉,首次申報,1111020,個人捐贈收入,楊文雄,,20000.00,0.00,現金,1111020,,,金錢,臺南市安南區****,06-2*****,,,,,,,,
72,郭清華,111年臺南市議員選舉,首次申報,1111020,個人捐贈收入,劉文岳,A10*******,100000.00,0.00,現金,1111020,,,金錢,臺南市東區東****,0932*****,,,,,,,,
73,郭清華,111年臺南市議員選舉,首次申報,1111020,個人捐贈收入,蔡龍德,S12*******,50000.00,0.00,現金,1111020,,,金錢,臺南市安平區****,0939*****,,,,,,,,
74,郭清華,111年臺南市議員選舉,首次申報,1111021,個人捐贈收入,杜進安,,5000.00,0.00,現金,1111021,,,金錢,臺南市安南區****,06-2*****,,,,,,,,
75,郭清華,111年臺南市議員選舉,首次申報,1111021,個人捐贈收入,鄭志明,,2000.00,0.00,現金,1111021,,,金錢,臺南市安南區****,0933*****,,,,,,,,
76,郭清華,111年臺南市議員選舉,首次申報,1111021,個人捐贈收入,洪寶貴,,10000.00,0.00,現金,1111021,,,金錢,臺南市安南區****,0931*****,,,,,,,,
77,郭清華,111年臺南市議員選舉,首次申報,1111021,個人捐贈收入,陳俊安,,10000.00,0.00,現金,1111021,,,金錢,臺南市安南區****,06-2*****,,,,,,,,
78,郭清華,111年臺南市議員選舉,首次申報,1111021,個人捐贈收入,楊清通,,10000.00,0.00,現金,1111021,,,金錢,臺南市安南區****,0910*****,,,,,,,,
79,郭清華,111年臺南市議員選舉,首次申報,1111021,個人捐贈收入,劉秀慧,,1000.00,0.00,現金,1111021,,,金錢,臺南市安南區****,0928*****,,,,,,,,
80,郭清華,111年臺南市議員選舉,首次申報,1111021,個人捐贈收入,郭林錦枝,,2000.00,0.00,現金,1111021,,,金錢,臺南市安南區****,06-2*****,,,,,,,,
81,郭清華,111年臺南市議員選舉,首次申報,1111021,個人捐贈收入,郭正良,,2000.00,0.00,現金,1111021,,,金錢,臺南市安南區****,06-2*****,,,,,,,,
82,郭清華,111年臺南市議員選舉,首次申報,1111021,個人捐贈收入,陳寶源,,5000.00,0.00,現金,1111021,,,金錢,臺南市安南區****,06-2*****,,,,,,,,
83,郭清華,111年臺南市議員選舉,首次申報,1111021,營利事業捐贈收入,唐聚企業股份有限公司,22403793,50000.00,0.00,現金,1111021,已返還,,金錢,嘉義縣民雄鄉****,05-2*****,,,,,,,,
84,郭清華,111年臺南市議員選舉,首次申報,1111021,營利事業捐贈收入,榮國企業股份有限公司,68894287,100000.00,0.00,現金,1111021,,,金錢,臺南市安南區****,06-3*****,,,,,,,,
85,郭清華,111年臺南市議員選舉,首次申報,1111021,個人捐贈收入,郭正芳,D10*******,100000.00,0.00,票據,1111021,,,金錢,臺南市永康區****,06-2*****,,,,,,,,
86,郭清華,111年臺南市議員選舉,首次申報,1111021,個人捐贈收入,蔡郭金英,D20*******,50000.00,0.00,現金,1111021,,,金錢,臺南市南區鯤****,0939*****,,,,,,,,
87,郭清華,111年臺南市議員選舉,首次申報,1111021,個人捐贈收入,陳怡平,D22*******,100000.00,0.00,現金,1111021,,,金錢,臺南市安南區****,06-2*****,,,,,,,,
88,郭清華,111年臺南市議員選舉,首次申報,1111025,個人捐贈收入,施建國,,20000.00,0.00,現金,1111025,,,金錢,臺南市安南區****,0937*****,,,,,,,,
89,郭清華,111年臺南市議員選舉,首次申報,1111025,個人捐贈收入,黃忠河,,10000.00,0.00,現金,1111025,,,金錢,臺南市永康區****,0922*****,,,,,,,,
90,郭清華,111年臺南市議員選舉,首次申報,1111025,個人捐贈收入,陳儀霖,,10000.00,0.00,現金,1111025,,,金錢,臺南市永康區****,06-2*****,,,,,,,,
91,郭清華,111年臺南市議員選舉,首次申報,1111025,個人捐贈收入,吳賜呈,,2000.00,0.00,現金,1111025,,,金錢,臺南市安南區****,06-2*****,,,,,,,,
92,郭清華,111年臺南市議員選舉,首次申報,1111025,個人捐贈收入,張明得,,10000.00,0.00,現金,1111025,,,金錢,臺南市中西區****,06-2*****,,,,,,,,
93,郭清華,111年臺南市議員選舉,首次申報,1111025,個人捐贈收入,傅偉,D12*******,30000.00,0.00,現金,1111025,,,金錢,臺南市北區北****,0933*****,,,,,,,,
94,郭清華,111年臺南市議員選舉,首次申報,1111025,個人捐贈收入,許鄭億,D12*******,30000.00,0.00,現金,1111025,,,金錢,臺南市安南區****,0922*****,,,,,,,,
95,郭清華,111年臺南市議員選舉,首次申報,1111025,個人捐贈收入,王梅鳳,F22*******,30000.00,0.00,現金,1111025,,,金錢,臺南市安南區****,0932*****,,,,,,,,
96,郭清華,111年臺南市議員選舉,首次申報,1111025,個人捐贈收入,黃鳳明,R10*******,50000.00,0.00,現金,1111025,,,金錢,臺南市安南區****,06-3*****,,,,,,,,
97,郭清華,111年臺南市議員選舉,首次申報,1111025,個人捐贈收入,黃清洲,R12*******,50000.00,0.00,現金,1111025,,,金錢,臺南市安南區****,06-3*****,,,,,,,,
98,郭清華,111年臺南市議員選舉,首次申報,1111027,個人捐贈收入,黃永雄,,10000.00,0.00,匯款,1111027,,,金錢,臺南市安南區****,06-3*****,,,,,,,,
99,郭清華,111年臺南市議員選舉,首次申報,1111027,個人捐贈收入,陳國澤,,5000.00,0.00,匯款,1111027,,,金錢,臺南市北區開****,0911*****,,,,,,,,
100,郭清華,111年臺南市議員選舉,首次申報,1111027,營利事業捐贈收入,鑫一投資股份有限公司,54207915,100000.00,0.00,匯款,1111027,,,金錢,高雄市茄萣區****,06-2*****,,,,,,,,
101,郭清華,111年臺南市議員選舉,首次申報,1111031,個人捐贈收入,董丁貴,,6000.00,0.00,匯款,1111031,,,金錢,臺南市安南區****,06-2*****,,,,,,,,
102,郭清華,111年臺南市議員選舉,首次申報,1111031,個人捐贈收入,邱琛富,,990.00,0.00,匯款,1111031,,,金錢,臺南市安南區****,,,,,,,,,
103,郭清華,111年臺南市議員選舉,首次申報,1111031,個人捐贈收入,吳邱耳,D20*******,50000.00,0.00,現金,1111031,,,金錢,臺南市安南區****,06-2*****,,,,,,,,
104,郭清華,111年臺南市議員選舉,首次申報,1111031,個人捐贈收入,吳宥儒,D22*******,100000.00,0.00,現金,1111031,,,金錢,臺南市安南區****,06-2*****,,,,,,,,
105,郭清華,111年臺南市議員選舉,首次申報,1111031,個人捐贈收入,吳品樺,D22*******,100000.00,0.00,票據,1111031,,,金錢,臺南市東區裕****,06-2*****,,,,,,,,
106,郭清華,111年臺南市議員選舉,首次申報,1111031,個人捐贈收入,吳馥妃,D22*******,100000.00,0.00,票據,1111031,,,金錢,臺南市東區前****,06-2*****,,,,,,,,
107,郭清華,111年臺南市議員選舉,首次申報,1111031,個人捐贈收入,陳昱成,N12*******,80000.00,0.00,現金,1111031,,,金錢,臺南市安南區****,06-2*****,,,,,,,,
108,郭清華,111年臺南市議員選舉,首次申報,1111031,個人捐贈收入,林佳宏,P12*******,100000.00,0.00,現金,1111031,,,金錢,臺南市中西區****,06-2*****,,,,,,,,
109,郭清華,111年臺南市議員選舉,首次申報,1111031,個人捐贈收入,簡廷在,Q12*******,100000.00,0.00,現金,1111031,,,金錢,臺南市永康區****,0939*****,,,,,,,,
110,郭清華,111年臺南市議員選舉,首次申報,1111031,個人捐贈收入,黃于珍,R22*******,100000.00,0.00,現金,1111031,,,金錢,臺南市東區崇****,0910*****,,,,,,,,
111,郭清華,111年臺南市議員選舉,首次申報,1111031,個人捐贈收入,郭志彬,S12*******,100000.00,0.00,票據,1111031,,,金錢,臺南市南區建****,06-2*****,,,,,,,,
112,郭清華,111年臺南市議員選舉,首次申報,1111101,營利事業捐贈收入,長禹企業有限公司,16231631,50000.00,0.00,,,,,非金錢,臺南市新市區****,06-5*****,,,,,,,,
113,郭清華,111年臺南市議員選舉,首次申報,1111102,個人捐贈收入,陳建志,,2000.00,0.00,匯款,1111102,,,金錢,臺南市安南區****,06-2*****,,,,,,,,
114,郭清華,111年臺南市議員選舉,首次申報,1111102,個人捐贈收入,吳劉素珍,,5000.00,0.00,現金,1111102,,,金錢,臺南市安南區****,0972*****,,,,,,,,
115,郭清華,111年臺南市議員選舉,首次申報,1111102,個人捐贈收入,郭名洲,,3000.00,0.00,現金,1111102,,,金錢,臺南市安南區****,06-2*****,,,,,,,,
116,郭清華,111年臺南市議員選舉,首次申報,1111102,個人捐贈收入,陳桂和,,10000.00,0.00,現金,1111102,,,金錢,臺南市安南區****,06-2*****,,,,,,,,
117,郭清華,111年臺南市議員選舉,首次申報,1111102,個人捐贈收入,陳遊裡,,10000.00,0.00,現金,1111102,,,金錢,新北市新店區****,0933*****,,,,,,,,
118,郭清華,111年臺南市議員選舉,首次申報,1111102,個人捐贈收入,陳美秀,,10000.00,0.00,現金,1111102,,,金錢,臺南市北區東****,0930*****,,,,,,,,
119,郭清華,111年臺南市議員選舉,首次申報,1111103,個人捐贈收入,劉明昌,,3000.00,0.00,匯款,1111103,,,金錢,臺南市安南區****,06-2*****,,,,,,,,
120,郭清華,111年臺南市議員選舉,首次申報,1111104,個人捐贈收入,吳自在,,10000.00,0.00,現金,1111104,,,金錢,臺南市安南區****,06-3*****,,,,,,,,
121,郭清華,111年臺南市議員選舉,首次申報,1111104,個人捐贈收入,吳炯農,,6000.00,0.00,現金,1111104,,,金錢,臺南市中西區****,06-2*****,,,,,,,,
122,郭清華,111年臺南市議員選舉,首次申報,1111104,個人捐贈收入,吳炯鋒,,6000.00,0.00,現金,1111104,,,金錢,臺南市北區文****,0933*****,,,,,,,,
123,郭清華,111年臺南市議員選舉,首次申報,1111104,個人捐贈收入,陳仙女,,6000.00,0.00,匯款,1111104,,,金錢,臺南市安南區****,0955*****,,,,,,,,
124,郭清華,111年臺南市議員選舉,首次申報,1111104,個人捐贈收入,林明基,,10000.00,0.00,票據,1111104,,,金錢,臺南市永康區****,06-2*****,,,,,,,,
125,郭清華,111年臺南市議員選舉,首次申報,1111107,個人捐贈收入,楊瑞茂,,1600.00,0.00,現金,1111107,,,金錢,臺南市安南區****,0935*****,,,,,,,,
126,郭清華,111年臺南市議員選舉,首次申報,1111107,個人捐贈收入,曾福得,,20000.00,0.00,現金,1111107,,,金錢,臺南市安南區****,06-3*****,,,,,,,,
127,郭清華,111年臺南市議員選舉,首次申報,1111107,個人捐贈收入,陳文進,,5000.00,0.00,現金,1111107,,,金錢,臺南市六甲區****,0921*****,,,,,,,,
128,郭清華,111年臺南市議員選舉,首次申報,1111107,個人捐贈收入,黃文江,,10000.00,0.00,現金,1111107,,,金錢,臺南市北區文****,06-2*****,,,,,,,,
129,郭清華,111年臺南市議員選舉,首次申報,1111107,個人捐贈收入,陳施麗珠,,6000.00,0.00,現金,1111107,,,金錢,臺南市安南區****,06-2*****,,,,,,,,
130,郭清華,111年臺南市議員選舉,首次申報,1111107,個人捐贈收入,陳宗正,,10000.00,0.00,現金,1111107,,,金錢,臺南市安南區****,06-2*****,,,,,,,,
131,郭清華,111年臺南市議員選舉,首次申報,1111107,個人捐贈收入,歐陽政鴻,,6000.00,0.00,現金,1111107,,,金錢,臺南市安南區****,0953*****,,,,,,,,
132,郭清華,111年臺南市議員選舉,首次申報,1111107,個人捐贈收入,涂家彰,,6000.00,0.00,匯款,1111107,,,金錢,高雄市左營區****,06-5*****,,,,,,,,
133,郭清華,111年臺南市議員選舉,首次申報,1111107,個人捐贈收入,吳清菊,,6000.00,0.00,現金,1111107,,,金錢,臺南市安南區****,06-2*****,,,,,,,,
134,郭清華,111年臺南市議員選舉,首次申報,1111107,個人捐贈收入,曾法,,6000.00,0.00,現金,1111107,,,金錢,臺南市安南區****,06-2*****,,,,,,,,
135,郭清華,111年臺南市議員選舉,首次申報,1111107,個人捐贈收入,卓文清,,5000.00,0.00,現金,1111107,,,金錢,臺南市安南區****,06-2*****,,,,,,,,
136,郭清華,111年臺南市議員選舉,首次申報,1111107,個人捐贈收入,郭清讚,,10000.00,0.00,現金,1111107,,,金錢,臺南市北區忠****,06-2*****,,,,,,,,
137,郭清華,111年臺南市議員選舉,首次申報,1111107,個人捐贈收入,吳天在,,6000.00,0.00,現金,1111107,,,金錢,臺南市安南區****,06-2*****,,,,,,,,
138,郭清華,111年臺南市議員選舉,首次申報,1111107,個人捐贈收入,張三和,,3600.00,0.00,現金,1111107,,,金錢,臺南市安南區****,06-2*****,,,,,,,,
139,郭清華,111年臺南市議員選舉,首次申報,1111107,個人捐贈收入,鐘展諒,,3000.00,0.00,現金,1111107,,,金錢,臺南市永康區****,0911*****,,,,,,,,
140,郭清華,111年臺南市議員選舉,首次申報,1111107,個人捐贈收入,黃文智,,6000.00,0.00,現金,1111107,,,金錢,臺南市安南區****,06-3*****,,,,,,,,
141,郭清華,111年臺南市議員選舉,首次申報,1111107,個人捐贈收入,蘇華興,,3600.00,0.00,現金,1111107,,,金錢,臺南市安南區****,06-2*****,,,,,,,,
142,郭清華,111年臺南市議員選舉,首次申報,1111107,個人捐贈收入,李明成,,3000.00,0.00,現金,1111107,,,金錢,臺南市安南區****,06-2*****,,,,,,,,
143,郭清華,111年臺南市議員選舉,首次申報,1111107,個人捐贈收入,謝炳雄,,10000.00,0.00,現金,1111107,,,金錢,臺南市安南區****,06-2*****,,,,,,,,
144,郭清華,111年臺南市議員選舉,首次申報,1111107,個人捐贈收入,蔡專預,,3000.00,0.00,現金,1111107,,,金錢,臺南市安南區****,06-2*****,,,,,,,,
145,郭清華,111年臺南市議員選舉,首次申報,1111107,個人捐贈收入,潘虹紅,,3000.00,0.00,現金,1111107,,,金錢,臺南市中西區****,0933*****,,,,,,,,
146,郭清華,111年臺南市議員選舉,首次申報,1111107,個人捐贈收入,郭金柱,,20000.00,0.00,現金,1111107,,,金錢,臺南市安南區****,06-2*****,,,,,,,,
147,郭清華,111年臺南市議員選舉,首次申報,1111107,個人捐贈收入,徐莊文玉,,16800.00,0.00,現金,1111107,,,金錢,臺南市安南區****,06- *****,,,,,,,,
148,郭清華,111年臺南市議員選舉,首次申報,1111107,個人捐贈收入,黃淯潔,,10000.00,0.00,現金,1111107,,,金錢,臺南市安南區****,0911*****,,,,,,,,
149,郭清華,111年臺南市議員選舉,首次申報,1111107,個人捐贈收入,鍾秋華,,20000.00,0.00,現金,1111107,,,金錢,臺南市安平區****,0968*****,,,,,,,,
150,郭清華,111年臺南市議員選舉,首次申報,1111107,個人捐贈收入,吳尚禮,,2000.00,0.00,現金,1111107,,,金錢,臺南市安南區****,0929*****,,,,,,,,
151,郭清華,111年臺南市議員選舉,首次申報,1111107,個人捐贈收入,林薛金,,1000.00,0.00,現金,1111107,,,金錢,臺南市安平區****,06-2*****,,,,,,,,
152,郭清華,111年臺南市議員選舉,首次申報,1111107,個人捐贈收入,倪美香,,2000.00,0.00,現金,1111107,,,金錢,臺南市安南區****,0919*****,,,,,,,,
153,郭清華,111年臺南市議員選舉,首次申報,1111107,個人捐贈收入,蔡天祿,,2000.00,0.00,現金,1111107,,,金錢,臺南市安南區****,06-2*****,,,,,,,,
154,郭清華,111年臺南市議員選舉,首次申報,1111107,個人捐贈收入,潘建州,,20000.00,0.00,現金,1111107,,,金錢,臺南市安南區****,06-2*****,,,,,,,,
155,郭清華,111年臺南市議員選舉,首次申報,1111107,個人捐贈收入,蕭淑娥,,6000.00,0.00,現金,1111107,,,金錢,臺南市安南區****,06-2*****,,,,,,,,
156,郭清華,111年臺南市議員選舉,首次申報,1111107,個人捐贈收入,蕭名村,,2500.00,0.00,現金,1111107,,,金錢,臺南市安南區****,06-2*****,,,,,,,,
157,郭清華,111年臺南市議員選舉,首次申報,1111107,匿名捐贈,匿名,,3000.00,0.00,現金,1111107,,,金錢,,,,,,,,,,
158,郭清華,111年臺南市議員選舉,首次申報,1111107,個人捐贈收入,黃國文,,4000.00,0.00,現金,1111108,,,金錢,臺南市西港區****,,,,,,,,,
159,郭清華,111年臺南市議員選舉,首次申報,1111107,個人捐贈收入,黃金清,,4000.00,0.00,現金,1111108,,,金錢,臺南市西港區****,,,,,,,,,
160,郭清華,111年臺南市議員選舉,首次申報,1111107,個人捐贈收入,方隆民,,4000.00,0.00,現金,1111108,,,金錢,臺南市西港區****,,,,,,,,,
161,郭清華,111年臺南市議員選舉,首次申報,1111107,個人捐贈收入,方世雄,,3000.00,0.00,現金,1111108,,,金錢,臺南市西港區****,,,,,,,,,
162,郭清華,111年臺南市議員選舉,首次申報,1111107,個人捐贈收入,方郭秀雲,,3000.00,0.00,現金,1111108,,,金錢,臺南市安南區****,,,,,,,,,
163,郭清華,111年臺南市議員選舉,首次申報,1111107,個人捐贈收入,徐國安,,3000.00,0.00,現金,1111108,,,金錢,臺南市西港區****,,,,,,,,,
164,郭清華,111年臺南市議員選舉,首次申報,1111107,個人捐贈收入,吳明欽,,3000.00,0.00,現金,1111108,,,金錢,臺南市西港區****,,,,,,,,,
165,郭清華,111年臺南市議員選舉,首次申報,1111107,個人捐贈收入,郭吉山,,3000.00,0.00,現金,1111108,,,金錢,臺南市西港區****,,,,,,,,,
166,郭清華,111年臺南市議員選舉,首次申報,1111107,個人捐贈收入,郭慶郎,,3000.00,0.00,現金,1111108,,,金錢,臺南市西港區****,,,,,,,,,
167,郭清華,111年臺南市議員選舉,首次申報,1111107,營利事業捐贈收入,長禹企業有限公司,16231631,100000.00,0.00,現金,1111107,,,金錢,臺南市新市區****,06-5*****,,,,,,,,
168,郭清華,111年臺南市議員選舉,首次申報,1111107,營利事業捐贈收入,瀚捷機械股份有限公司,28771197,80000.00,0.00,票據,1111107,,,金錢,臺南市安定區****,06-5*****,,,,,,,,
169,郭清華,111年臺南市議員選舉,首次申報,1111107,營利事業捐贈收入,允成開發建設有限公司,53305157,20000.00,0.00,現金,1111107,,,金錢,臺南市安平區****,06-2*****,,,,,,,,
170,郭清華,111年臺南市議員選舉,首次申報,1111107,個人捐贈收入,徐和安,D10*******,50000.00,0.00,現金,1111107,,,金錢,臺南市安南區****,0925*****,,,,,,,,
171,郭清華,111年臺南市議員選舉,首次申報,1111107,個人捐贈收入,鄭村霖,D10*******,50000.00,0.00,現金,1111107,,,金錢,臺南市永康區****,0937*****,,,,,,,,
172,郭清華,111年臺南市議員選舉,首次申報,1111107,個人捐贈收入,王志銘,D12*******,30000.00,0.00,現金,1111107,,,金錢,臺南市安南區****,0935*****,,,,,,,,
173,郭清華,111年臺南市議員選舉,首次申報,1111107,個人捐贈收入,王明杰,J12*******,30000.00,0.00,現金,1111107,,,金錢,臺南市安定區****,0921*****,,,,,,,,
174,郭清華,111年臺南市議員選舉,首次申報,1111107,個人捐贈收入,林進彪,R12*******,30000.00,0.00,現金,1111107,,,金錢,臺南市安定區****,0931*****,,,,,,,,
175,郭清華,111年臺南市議員選舉,首次申報,1111107,個人捐贈收入,林春泉,R12*******,30000.00,0.00,現金,1111107,,,金錢,臺南市安定區****,0932*****,,,,,,,,
176,郭清華,111年臺南市議員選舉,首次申報,1111107,個人捐贈收入,邱陳皇吟,S20*******,60000.00,0.00,票據,1111107,,,金錢,臺南市南區西****,06-2*****,,,,,,,,
177,郭清華,111年臺南市議員選舉,首次申報,1111108,匿名捐贈,匿名,,5000.00,0.00,現金,1111108,,,金錢,,,,,,,,,,
178,郭清華,111年臺南市議員選舉,首次申報,1111108,個人捐贈收入,孫錫堅,,20000.00,0.00,匯款,1111108,,,金錢,臺南市中西區****,06-2*****,,,,,,,,
179,郭清華,111年臺南市議員選舉,首次申報,1111108,營利事業捐贈收入,泓昱精密有限公司,28918609,30000.00,0.00,現金,1111108,,,金錢,臺南市安南區****,06-2*****,,,,,,,,
180,郭清華,111年臺南市議員選舉,首次申報,1111109,個人捐贈收入,李仲燦,,5000.00,0.00,匯款,1111109,,,金錢,臺南市安南區****,06-2*****,,,,,,,,
181,郭清華,111年臺南市議員選舉,首次申報,1111110,個人捐贈收入,張文榮,,1000.00,0.00,現金,1111110,,,金錢,臺南市安南區****,06-2*****,,,,,,,,
182,郭清華,111年臺南市議員選舉,首次申報,1111110,個人捐贈收入,張文銘,,1000.00,0.00,現金,1111110,,,金錢,臺南市安南區****,06-2*****,,,,,,,,
183,郭清華,111年臺南市議員選舉,首次申報,1111110,個人捐贈收入,凃勝凱,,5000.00,0.00,現金,1111110,,,金錢,臺南市安南區****,0933*****,,,,,,,,
184,郭清華,111年臺南市議員選舉,首次申報,1111110,匿名捐贈,匿名,,10000.00,0.00,現金,1111110,,,金錢,,,,,,,,,,
185,郭清華,111年臺南市議員選舉,首次申報,1111110,個人捐贈收入,黃清泉,,10000.00,0.00,現金,1111110,,,金錢,臺南市安南區****,06-2*****,,,,,,,,
186,郭清華,111年臺南市議員選舉,首次申報,1111111,個人捐贈收入,蔡岡文,,10000.00,0.00,現金,1111111,,,金錢,臺南市永康區****,0922*****,,,,,,,,
187,郭清華,111年臺南市議員選舉,首次申報,1111111,匿名捐贈,匿名,,10000.00,0.00,現金,1111111,,,金錢,,,,,,,,,,
188,郭清華,111年臺南市議員選舉,首次申報,1111111,個人捐贈收入,李義彬,,10000.00,0.00,現金,1111111,,,金錢,臺南市東區富****,0920*****,,,,,,,,
189,郭清華,111年臺南市議員選舉,首次申報,1111112,個人捐贈收入,李坤勇,,3000.00,0.00,現金,1111115,,,金錢,臺南市安南區****,,,,,,,,,
190,郭清華,111年臺南市議員選舉,首次申報,1111114,個人捐贈收入,郭建麟,D12*******,36000.00,0.00,現金,1111115,,,金錢,臺南市安南區****,06-2*****,,,,,,,,
191,郭清華,111年臺南市議員選舉,首次申報,1111115,個人捐贈收入,黃月綿,,10000.00,0.00,現金,1111117,,,金錢,臺南市北區實****,0937*****,,,,,,,,
192,郭清華,111年臺南市議員選舉,首次申報,1111115,營利事業捐贈收入,瑞達汽車股份有限公司,53066901,200000.00,0.00,票據,1111115,,,金錢,臺南市永康區****,06-2*****,,,,,,,,
193,郭清華,111年臺南市議員選舉,首次申報,1111115,營利事業捐贈收入,瑞特汽車股份有限公司,80332500,200000.00,0.00,票據,1111115,,,金錢,臺南市永康區****,06-2*****,,,,,,,,
194,郭清華,111年臺南市議員選舉,首次申報,1111115,個人捐贈收入,康登春,R10*******,100000.00,0.00,票據,1111115,,,金錢,臺南市永康區****,06-2*****,,,,,,,,
195,郭清華,111年臺南市議員選舉,首次申報,1111118,個人捐贈收入,杜玉琳,,2000.00,0.00,現金,1111121,,,金錢,臺南市安南區****,06-2*****,,,,,,,,
196,郭清華,111年臺南市議員選舉,首次申報,1111118,人民團體捐贈收入,台南市洗染業職業工會,,3000.00,0.00,現金,1111118,,,金錢,臺南市中西區****,,,,,,,,,
197,郭清華,111年臺南市議員選舉,首次申報,1111119,個人捐贈收入,蔡火埕,,6000.00,0.00,現金,1111121,,,金錢,臺南市安南區****,06-2*****,,,,,,,,
198,郭清華,111年臺南市議員選舉,首次申報,1111119,個人捐贈收入,林覺偉,D12*******,50000.00,0.00,現金,1111119,,,金錢,臺南市安平區****,06-2*****,,,,,,,,
199,郭清華,111年臺南市議員選舉,首次申報,1111121,個人捐贈收入,陳俊宏,D12*******,36000.00,0.00,現金,1111121,,,金錢,臺南市安南區****,0919*****,,,,,,,,
200,郭清華,111年臺南市議員選舉,首次申報,1111122,個人捐贈收入,楊建均,,10000.00,0.00,現金,1111123,,,金錢,臺南市安南區****,0963*****,,,,,,,,
201,郭清華,111年臺南市議員選舉,首次申報,1111123,營利事業捐贈收入,長禹企業有限公司,16231631,50000.00,0.00,現金,1111123,,,金錢,臺南市新市區****,06-5*****,,,,,,,,
202,郭清華,111年臺南市議員選舉,首次申報,1111123,營利事業捐贈收入,全易建設有限公司,53132677,30000.00,0.00,現金,1111124,已返還,,金錢,臺南市安南區****,06-2*****,,,,,,,,
203,郭清華,111年臺南市議員選舉,首次申報,1111124,個人捐贈收入,謝昆能,,3000.00,0.00,現金,1111124,,,金錢,臺南市安南區****,06-2*****,,,,,,,,
204,郭清華,111年臺南市議員選舉,首次申報,1111124,匿名捐贈,匿名,,2000.00,0.00,現金,1111124,,,金錢,,,,,,,,,,
205,郭清華,111年臺南市議員選舉,首次申報,1111124,個人捐贈收入,郭深池,,20000.00,0.00,現金,1111125,,,金錢,臺南市北區育****,06-2*****,,,,,,,,
206,郭清華,111年臺南市議員選舉,首次申報,1111124,個人捐贈收入,鄭溪州,,20000.00,0.00,現金,1111125,,,金錢,臺南市安南區****,06-2*****,,,,,,,,
207,郭清華,111年臺南市議員選舉,首次申報,1111124,營利事業捐贈收入,寶隆建設股份有限公司,86408864,200000.00,0.00,票據,1111124,,,金錢,臺南市中西區****,06-2*****,,,,,,,,
208,郭清華,111年臺南市議員選舉,首次申報,1111125,個人捐贈收入,翁榆旻,,3000.00,0.00,現金,1111125,,,金錢,臺南市安南區****,0920*****,,,,,,,,
209,郭清華,111年臺南市議員選舉,首次申報,1111125,個人捐贈收入,周金國,D10*******,30000.00,0.00,現金,1111129,,,金錢,臺南市安南區****,06-2*****,,,,,,,,
210,郭清華,111年臺南市議員選舉,首次申報,1111125,個人捐贈收入,洪崇展,D12*******,100000.00,0.00,現金,1111125,,,金錢,臺南市東區東****,06-5*****,,,,,,,,
211,郭清華,111年臺南市議員選舉,首次申報,1111125,個人捐贈收入,許麗娜,P20*******,60000.00,0.00,現金,1111125,,,金錢,新北市板橋區****,0982*****,,,,,,,,
212,郭清華,111年臺南市議員選舉,首次申報,1111125,個人捐贈收入,洪兵和,R10*******,50000.00,0.00,現金,1111125,,,金錢,臺南市新市區****,06-5*****,,,,,,,,
213,郭清華,111年臺南市議員選舉,首次申報,1111221,其他收入,利息收入,,1000.00,0.00,現金,1111221,,,金錢,,,,,,,,,,
