﻿序號,擬參選人／政黨,選舉名稱,申報序號／年度,交易日期,收支科目,捐贈者／支出對象,身分證／統一編號,收入金額,支出金額,捐贈方式,存入專戶日期,返還/繳庫,支出用途,金錢類,地址,聯絡電話,應揭露之支出對象,支出對象之內部人員姓名,支出對象之內部人員職稱,政黨之內部人員姓名,政黨之內部人員職稱,關係,更正註記,資料更正日期
1,羅平道,111年屏東縣議員選舉,首次申報,1110825,宣傳支出,宏點娛樂有限公司,42812260,0.00,10000.00,,,,製作競選物品或宣傳廣告費用（濕紙巾）,金錢,高雄市前鎮區****,,否,,,,,,,
2,羅平道,111年屏東縣議員選舉,首次申報,1110901,宣傳支出,圓原飾品百貨商行,29410186,0.00,195000.00,,,,製作競選物品或宣傳廣告費用（口罩）,金錢,屏東縣南州鄉****,,否,,,,,,,
3,羅平道,111年屏東縣議員選舉,首次申報,1110912,宣傳支出,宏點娛樂有限公司,42812260,0.00,46500.00,,,,製作競選物品或宣傳廣告費用（濕紙巾）,金錢,高雄市前鎮區****,,否,,,,,,,
4,羅平道,111年屏東縣議員選舉,首次申報,1111011,宣傳支出,宏點娛樂有限公司,42812260,0.00,145200.00,,,,製作競選物品或宣傳廣告費用（濕紙巾）,金錢,高雄市前鎮區****,,否,,,,,,,
5,羅平道,111年屏東縣議員選舉,首次申報,1111017,宣傳支出,宏點娛樂有限公司,42812260,0.00,78000.00,,,,製作競選物品或宣傳廣告費用（濕紙巾）,金錢,高雄市前鎮區****,,否,,,,,,,
6,羅平道,111年屏東縣議員選舉,首次申報,1111110,宣傳支出,圓圓飾品百貨商行,29410186,0.00,28000.00,,,,製作競選物品或宣傳廣告費用（口罩）,金錢,屏東縣南州鄉****,,否,,,,,,,
