﻿序號,擬參選人／政黨,選舉名稱,申報序號／年度,交易日期,收支科目,捐贈者／支出對象,身分證／統一編號,收入金額,支出金額,捐贈方式,存入專戶日期,返還/繳庫,支出用途,金錢類,地址,聯絡電話,應揭露之支出對象,支出對象之內部人員姓名,支出對象之內部人員職稱,政黨之內部人員姓名,政黨之內部人員職稱,關係,更正註記,資料更正日期
1,吳郁瑾,111年臺北市議員選舉,首次申報,1110906,個人捐贈收入,陳若芸,O20*******,8888.00,0.00,匯款,1110908,,,金錢,嘉義縣阿里山****," 09*****",,,,,,,,
2,吳郁瑾,111年臺北市議員選舉,首次申報,1110906,個人捐贈收入,謝若蘭,R22*******,5000.00,0.00,匯款,1110908,,,金錢,"臺北市中正****"," 09*****",,,,,,,,
3,吳郁瑾,111年臺北市議員選舉,首次申報,1110909,個人捐贈收入,王俊隱,A12*******,500.00,0.00,匯款,1110913,,,金錢,臺北市士林區****," 09*****",,,,,,,,
4,吳郁瑾,111年臺北市議員選舉,首次申報,1110922,政黨捐贈收入,民主進步黨,政黨證字第16號,500000.00,0.00,匯款,1110922,,,金錢,台北市北平東****,(02)*****,,,,,,,,
5,吳郁瑾,111年臺北市議員選舉,首次申報,1110928,營利事業捐贈收入,東和樂器木業股份有限公司,43137441,50000.00,0.00,匯款,1110928,,,金錢,桃園市大溪區****,02-2*****,,,,,,,,
6,吳郁瑾,111年臺北市議員選舉,首次申報,1110929,個人捐贈收入,陳淑慧,,10000.00,0.00,匯款,1110929,,,金錢,臺北市文山區****,0936*****,,,,,,,,
7,吳郁瑾,111年臺北市議員選舉,首次申報,1111004,個人捐贈收入,謝政強,D12*******,500.00,0.00,匯款,1111007,,,金錢,臺南市中西區****," 09*****",,,,,,,,
8,吳郁瑾,111年臺北市議員選舉,首次申報,1111008,個人捐贈收入,邱垂烊,H12*******,1000.00,0.00,匯款,1111011,,,金錢,臺北市中正區****," 09*****",,,,,,,,
9,吳郁瑾,111年臺北市議員選舉,首次申報,1111017,個人捐贈收入,"徐仙蕙Panay Liay",R22*******,6000.00,0.00,匯款,1111021,,,金錢,桃園市平鎮區****," 09*****",,,,,,,,
10,吳郁瑾,111年臺北市議員選舉,首次申報,1111018,個人捐贈收入,王榮瑞,N12*******,3000.00,0.00,匯款,1111021,,,金錢,新北市新莊區****," 09*****",,,,,,,,
11,吳郁瑾,111年臺北市議員選舉,首次申報,1111028,個人捐贈收入,張銘峰,L12*******,6000.00,0.00,匯款,1111101,,,金錢,高雄市左營區****," 09*****",,,,,,,,
12,吳郁瑾,111年臺北市議員選舉,首次申報,1111029,個人捐贈收入,邱曼珊,V22*******,2000.00,0.00,匯款,1111101,,,金錢,桃園市龜山區****," 09*****",,,,,,,,
13,吳郁瑾,111年臺北市議員選舉,首次申報,1111103,營利事業捐贈收入,群策投資股份有限公司,97179229,1000000.00,0.00,匯款,1111103,,,金錢,臺北市內湖區****,02-8*****,,,,,,,,
14,吳郁瑾,111年臺北市議員選舉,首次申報,1111109,個人捐贈收入,謝雅竹,K22*******,1450.00,0.00,匯款,1111115,,,金錢,臺北市萬華區****,0921*****,,,,,,,,
15,吳郁瑾,111年臺北市議員選舉,首次申報,1111109,個人捐贈收入,林智暉,U12*******,500.00,0.00,匯款,1111115,,,金錢,新北市新店區****,0986*****,,,,,,,,
16,吳郁瑾,111年臺北市議員選舉,首次申報,1111114,個人捐贈收入,余玉芳,H22*******,10000.00,0.00,現金,1111128,,,金錢,臺北市南港區****,0918*****,,,,,,,,
17,吳郁瑾,111年臺北市議員選舉,首次申報,1111119,個人捐贈收入,王寶德,A10*******,5000.00,0.00,現金,1111128,,,金錢,臺北市南港區****,,,,,,,,,
18,吳郁瑾,111年臺北市議員選舉,首次申報,1111121,個人捐贈收入,陳定中,R12*******,1000.00,0.00,匯款,1111125,,,金錢,臺南市仁德區****,0972*****,,,,,,,,
19,吳郁瑾,111年臺北市議員選舉,首次申報,1111122,個人捐贈收入,鄭渤龍,A12*******,10000.00,0.00,現金,1111128,,,金錢,桃園市龜山區****,0955*****,,,,,,,,
20,吳郁瑾,111年臺北市議員選舉,首次申報,1111221,其他收入,利息收入,,324.00,0.00,匯款,,,,金錢,,,,,,,,,,
