﻿序號,擬參選人／政黨,選舉名稱,申報序號／年度,交易日期,收支科目,捐贈者／支出對象,身分證／統一編號,收入金額,支出金額,捐贈方式,存入專戶日期,返還/繳庫,支出用途,金錢類,地址,聯絡電話,應揭露之支出對象,支出對象之內部人員姓名,支出對象之內部人員職稱,政黨之內部人員姓名,政黨之內部人員職稱,關係,更正註記,資料更正日期
1,胡健森,111年宜蘭縣議員選舉,首次申報,1110621,個人捐贈收入,蘇振翔,S12*******,1000.00,0.00,匯款,1110628,,,金錢,臺北市信義區****,0928*****,,,,,,,,
2,胡健森,111年宜蘭縣議員選舉,首次申報,1110624,個人捐贈收入,馮思恕,Q22*******,2000.00,0.00,匯款,1110630,,,金錢,,0939*****,,,,,,,,
3,胡健森,111年宜蘭縣議員選舉,首次申報,1110708,個人捐贈收入,李光達,F12*******,5000.00,0.00,匯款,1110714,,,金錢,桃園市僑愛一****,0921*****,,,,,,,,
4,胡健森,111年宜蘭縣議員選舉,首次申報,1110803,個人捐贈收入,李益昌,G12*******,100000.00,0.00,匯款,1110809,,,金錢,臺北市北投區****,0988*****,,,,,,,,
5,胡健森,111年宜蘭縣議員選舉,首次申報,1110822,個人捐贈收入,胡玉琦,G22*******,20000.00,0.00,現金,1110823,,,金錢,宜蘭縣宜蘭市****,0922*****,,,,,,,,
6,胡健森,111年宜蘭縣議員選舉,首次申報,1110831,個人捐贈收入,林靜瑩,G22*******,10000.00,0.00,現金,1110901,,,金錢,宜蘭縣礁溪鄉****,0911*****,,,,,,,,
7,胡健森,111年宜蘭縣議員選舉,首次申報,1110930,個人捐贈收入,楊金源,N12*******,10000.00,0.00,現金,1110930,,,金錢,宜蘭縣壯圍鄉****,0972*****,,,,,,,,
8,胡健森,111年宜蘭縣議員選舉,首次申報,1111013,個人捐贈收入,林庭福,G12*******,10000.00,0.00,匯款,1111013,,,金錢,宜蘭縣宜蘭市****,0910*****,,,,,,,,
9,胡健森,111年宜蘭縣議員選舉,首次申報,1111014,個人捐贈收入,陳琨義,J12*******,10000.00,0.00,匯款,1111014,,,金錢,宜蘭縣羅東鎮****,0963*****,,,,,,,,
10,胡健森,111年宜蘭縣議員選舉,首次申報,1111026,個人捐贈收入,陳錫甯,G12*******,3000.00,0.00,匯款,1111027,,,金錢,宜蘭縣壯圍鄉****,0937*****,,,,,,,,
11,胡健森,111年宜蘭縣議員選舉,首次申報,1111113,個人捐贈收入,林宸澧,,4000.00,0.00,,,,,非金錢,,(03)*****,,,,,,,,
