﻿序號,擬參選人／政黨,選舉名稱,申報序號／年度,交易日期,收支科目,捐贈者／支出對象,身分證／統一編號,收入金額,支出金額,捐贈方式,存入專戶日期,返還/繳庫,支出用途,金錢類,地址,聯絡電話,應揭露之支出對象,支出對象之內部人員姓名,支出對象之內部人員職稱,政黨之內部人員姓名,政黨之內部人員職稱,關係,更正註記,資料更正日期
1,林錦昌,111年桃園市蘆竹區濱海里里長選舉,首次申報,1111011,宣傳支出,立佳企業社,91812999,0.00,4800.00,,,,製作競選物品或宣傳廣告費用（雙面名片）,金錢,桃園市桃園區****,03-3*****,否,,,,,,,
2,林錦昌,111年桃園市蘆竹區濱海里里長選舉,首次申報,1111019,宣傳支出,柏林服飾店,38891713,0.00,21000.00,,,,製作競選物品或宣傳廣告費用（帽子）,金錢,南投縣草屯鎮****,,否,,,,,,,
3,林錦昌,111年桃園市蘆竹區濱海里里長選舉,首次申報,1111025,宣傳支出,柏林服飾店,38891713,0.00,23600.00,,,,製作競選物品或宣傳廣告費用（活動背心，轉印號碼，彩帶）,金錢,南投縣草屯鎮****,,否,,,,,,,
4,林錦昌,111年桃園市蘆竹區濱海里里長選舉,首次申報,1111028,宣傳支出,立佳企業社,91812999,0.00,4950.00,,,,製作競選物品或宣傳廣告費用（邀請函）,金錢,桃園市桃園區****,03-3*****,否,,,,,,,
5,林錦昌,111年桃園市蘆竹區濱海里里長選舉,首次申報,1111028,宣傳支出,立佳企業社,91812999,0.00,5000.00,,,,製作競選物品或宣傳廣告費用（彩色文宣）,金錢,桃園市桃園區****,03-3*****,否,,,,,,,
6,林錦昌,111年桃園市蘆竹區濱海里里長選舉,首次申報,1111109,租用競選辦事處支出,尚興企業社,13768552,0.00,9750.00,,,,租買辦公設備費用-塑膠椅,金錢,桃園市蘆竹區****,03-3*****,否,,,,,,,
7,林錦昌,111年桃園市蘆竹區濱海里里長選舉,首次申報,1111109,集會支出,鴻興餐具商行,49958893,0.00,9000.00,,,,租用設備費用(桌子),金錢,桃園市蘆竹區****,0929*****,否,,,,,,,
8,林錦昌,111年桃園市蘆竹區濱海里里長選舉,首次申報,1111109,宣傳支出,立佳企業社,91812999,0.00,5250.00,,,,製作競選物品或宣傳廣告費用（拜訪小卡片）,金錢,桃園市桃園區****,03-3*****,否,,,,,,,
9,林錦昌,111年桃園市蘆竹區濱海里里長選舉,首次申報,1111120,雜支支出,順忠企業社,09839078,0.00,10000.00,,,,餐飲費用-點心,金錢,桃園市大園區****,03-3*****,否,,,,,,,
10,林錦昌,111年桃園市蘆竹區濱海里里長選舉,首次申報,1111125,租用宣傳車輛支出,黃志忠,F12*******,0.00,30000.00,,,,租用宣傳車輛費用(//~//),金錢,新北市林口區****,0989*****,否,,,,,,,
11,林錦昌,111年桃園市蘆竹區濱海里里長選舉,首次申報,1111125,租用宣傳車輛支出,林文凱,H12*******,0.00,30000.00,,,,租用宣傳車輛費用,金錢,桃園市蘆竹區****,0926*****,否,,,,,,,
