﻿序號,擬參選人／政黨,選舉名稱,申報序號／年度,交易日期,收支科目,捐贈者／支出對象,身分證／統一編號,收入金額,支出金額,支出用途,金錢類,地址,聯絡電話,資料更正日期
1,孫健萍,107年直轄市議員選舉,首次申報,1070810,個人捐贈收入,王正光,E12*******,20000.00,0.00,,金錢,高雄市左營區****,0936*****,
2,孫健萍,107年直轄市議員選舉,首次申報,1070820,個人捐贈收入,孫玉龍,E10*******,10000.00,0.00,,金錢,屏東縣枋寮鄉****,,
3,孫健萍,107年直轄市議員選舉,首次申報,1070910,個人捐贈收入,郭武源,E10*******,6000.00,0.00,,金錢,高雄市三民區****,07-3*****,
4,孫健萍,107年直轄市議員選舉,首次申報,1070912,個人捐贈收入,楊鳯美,S20*******,1000.00,0.00,,金錢,高雄市左營區****,3635*****,
5,孫健萍,107年直轄市議員選舉,首次申報,1070912,個人捐贈收入,林誠三,U10*******,2000.00,0.00,,金錢,高雄市左營區****,3635*****,
6,孫健萍,107年直轄市議員選舉,首次申報,1070918,個人捐贈收入,吳麗惠,Q20*******,30000.00,0.00,,金錢,高雄市前鎮區****,716-*****,
7,孫健萍,107年直轄市議員選舉,首次申報,1070925,個人捐贈收入,朱乃武,,1000.00,0.00,,金錢,高雄市左營區****,0921*****,
8,孫健萍,107年直轄市議員選舉,首次申報,1071019,個人捐贈收入,許進福,E10*******,66000.00,0.00,,金錢,高雄市前金區****,,
9,孫健萍,107年直轄市議員選舉,首次申報,1071020,個人捐贈收入,黃世璿,E12*******,20000.00,0.00,,非金錢,高雄市三民區****,,
10,孫健萍,107年直轄市議員選舉,首次申報,1071024,個人捐贈收入,劉勳忠,,2000.00,0.00,,金錢,高雄市左營區****,0988*****,
11,孫健萍,107年直轄市議員選舉,首次申報,1071025,個人捐贈收入,王銀子,H20*******,5000.00,0.00,,金錢,高雄市楠梓區****,0910*****,
12,孫健萍,107年直轄市議員選舉,首次申報,1071025,個人捐贈收入,劉德山,L10*******,3000.00,0.00,,金錢,高雄市楠梓區****,0919*****,
13,孫健萍,107年直轄市議員選舉,首次申報,1071025,個人捐贈收入,劉澤沛,Y12*******,2000.00,0.00,,金錢,高雄市楠梓區****,0960*****,
14,孫健萍,107年直轄市議員選舉,首次申報,1071026,個人捐贈收入,鮑震晨,A10*******,1000.00,0.00,,金錢,基隆市新豐街****,0915*****,
15,孫健萍,107年直轄市議員選舉,首次申報,1071030,個人捐贈收入,林添旺,Q10*******,2000.00,0.00,,金錢,高雄市鹽埕區****,0955*****,
16,孫健萍,107年直轄市議員選舉,首次申報,1071107,個人捐贈收入,閆山紐,T10*******,2000.00,0.00,,金錢,高雄市左營區****,0912*****,
17,孫健萍,107年直轄市議員選舉,首次申報,1071113,個人捐贈收入,陳秀珍,,3020.00,0.00,,金錢,嘉義縣水上鄉****,0912*****,
18,孫健萍,107年直轄市議員選舉,首次申報,1071113,個人捐贈收入,劉紹君,G22*******,100000.00,0.00,,金錢,臺北市大同區****,,
19,孫健萍,107年直轄市議員選舉,首次申報,1071115,個人捐贈收入,彭淑貞,,10000.00,0.00,,金錢,臺北市文山區****,0910*****,
20,孫健萍,107年直轄市議員選舉,首次申報,1071119,個人捐贈收入,喬正中,A12*******,100000.00,0.00,,金錢,新北市新店區****,0932*****,
