﻿序號,擬參選人／政黨,選舉名稱,申報序號／年度,交易日期,收支科目,捐贈者／支出對象,身分證／統一編號,收入金額,支出金額,支出用途,金錢類,地址,聯絡電話,資料更正日期
1,陳珍裕,107年縣(市)議員選舉,首次申報,1070721,個人捐贈收入,黃敏甄,,15000.00,0.00,,金錢,龍山東路號樓****,,
2,陳珍裕,107年縣(市)議員選舉,首次申報,1070808,匿名捐贈,匿名,,1000.00,0.00,,金錢,,,
3,陳珍裕,107年縣(市)議員選舉,首次申報,1070814,個人捐贈收入,盧燕玲,B22*******,1000.00,0.00,,金錢,,,
4,陳珍裕,107年縣(市)議員選舉,首次申報,1070816,匿名捐贈,匿名,,1.00,0.00,,金錢,,,
5,陳珍裕,107年縣(市)議員選舉,首次申報,1070818,個人捐贈收入,林君平,P12*******,20000.00,0.00,,金錢,新竹市光復路****,0932*****,
6,陳珍裕,107年縣(市)議員選舉,首次申報,1070820,匿名捐贈,匿名1,,1000.00,0.00,,金錢,,,
7,陳珍裕,107年縣(市)議員選舉,首次申報,1070821,營利事業捐贈收入,鼎興科技五金有限公司,47115616,5000.00,0.00,,金錢,新竹市興南街****,,
8,陳珍裕,107年縣(市)議員選舉,首次申報,1070822,個人捐贈收入,施芬如,,2000.00,0.00,,金錢,新竹縣芎林鄉****,0922*****,
9,陳珍裕,107年縣(市)議員選舉,首次申報,1070822,匿名捐贈,匿名2,,5000.00,0.00,,金錢,,,
10,陳珍裕,107年縣(市)議員選舉,首次申報,1070823,個人捐贈收入,涂誌恆,,2000.00,0.00,,金錢,,0932*****,
11,陳珍裕,107年縣(市)議員選舉,首次申報,1070823,個人捐贈收入,謝秀娟,J22*******,2000.00,0.00,,金錢,,,
12,陳珍裕,107年縣(市)議員選舉,首次申報,1070823,個人捐贈收入,林俊德,N12*******,3000.00,0.00,,金錢,,,
13,陳珍裕,107年縣(市)議員選舉,首次申報,1070823,個人捐贈收入,姚青妤,O20*******,3000.00,0.00,,金錢,,,
14,陳珍裕,107年縣(市)議員選舉,首次申報,1070823,個人捐贈收入,羅玉珍,U22*******,20000.00,0.00,,金錢,,,
15,陳珍裕,107年縣(市)議員選舉,首次申報,1070826,匿名捐贈,匿名4,,3000.00,0.00,,金錢,,,
16,陳珍裕,107年縣(市)議員選舉,首次申報,1070829,匿名捐贈,匿名5,,2000.00,0.00,,金錢,,,
17,陳珍裕,107年縣(市)議員選舉,首次申報,1070829,個人捐贈收入,胡逸凱,J12*******,20000.00,0.00,,金錢,新竹市北區光****,,
18,陳珍裕,107年縣(市)議員選舉,首次申報,1070904,個人捐贈收入,唐雅鈴,J22*******,1000.00,0.00,,金錢,新竹市明湖路****,,
19,陳珍裕,107年縣(市)議員選舉,首次申報,1070905,個人捐贈收入,李瑞玉,J22*******,10000.00,0.00,,金錢,新竹縣竹北市****,,
20,陳珍裕,107年縣(市)議員選舉,首次申報,1070911,匿名捐贈,匿名3,,3000.00,0.00,,金錢,,,
21,陳珍裕,107年縣(市)議員選舉,首次申報,1070927,匿名捐贈,匿名,,1000.00,0.00,,金錢,,,
22,陳珍裕,107年縣(市)議員選舉,首次申報,1071002,個人捐贈收入,施景隆,,3000.00,0.00,,金錢,,0922*****,
23,陳珍裕,107年縣(市)議員選舉,首次申報,1071002,個人捐贈收入,劉月梅,,6000.00,0.00,,金錢,新竹市公園路****,,
24,陳珍裕,107年縣(市)議員選舉,首次申報,1071002,匿名捐贈,匿名,,5000.00,0.00,,金錢,,,
25,陳珍裕,107年縣(市)議員選舉,首次申報,1071002,個人捐贈收入,黃昱凱,O10*******,2000.00,0.00,,金錢,,0928*****,
26,陳珍裕,107年縣(市)議員選舉,首次申報,1071009,個人捐贈收入,蔡秀林,T12*******,1000.00,0.00,,金錢,新竹市東區慈****,0988*****,
27,陳珍裕,107年縣(市)議員選舉,首次申報,1071012,個人捐贈收入,李婉祺,,5000.00,0.00,,金錢,,0932*****,
28,陳珍裕,107年縣(市)議員選舉,首次申報,1071103,匿名捐贈,匿名,,1000.00,0.00,,金錢,,,
29,陳珍裕,107年縣(市)議員選舉,首次申報,1071107,匿名捐贈,匿名,,10000.00,0.00,,金錢,,,
30,陳珍裕,107年縣(市)議員選舉,首次申報,1071109,個人捐贈收入,祝玉豪,A12*******,3000.00,0.00,,金錢,,0936*****,
31,陳珍裕,107年縣(市)議員選舉,首次申報,1071221,其他收入,利息收入,,9.00,0.00,,金錢,,,
