﻿序號,擬參選人／政黨,選舉名稱,申報序號／年度,交易日期,收支科目,捐贈者／支出對象,身分證／統一編號,收入金額,支出金額,捐贈方式,存入專戶日期,返還/繳庫,支出用途,金錢類,地址,聯絡電話,應揭露之支出對象,支出對象之內部人員姓名,支出對象之內部人員職稱,政黨之內部人員姓名,政黨之內部人員職稱,關係,更正註記,資料更正日期
1,蔡壁如,113年立法委員選舉,第1次賸餘,1130221,參加公職人員選舉使用支出,大度山加油站有限公司,97411319,0.00,1268.00,,,,加油,金錢,,,否,,,,,,,
2,蔡壁如,113年立法委員選舉,第1次賸餘,1130229,參加公職人員選舉使用支出,台灣高速鐵路股份有限公司,16446274,0.00,675.00,,,,高鐵票,金錢,,,否,,,,,,,
3,蔡壁如,113年立法委員選舉,第1次賸餘,1130229,參加公職人員選舉使用支出,台灣高速鐵路股份有限公司,16446274,0.00,765.00,,,,高鐵票,金錢,,,否,,,,,,,
4,蔡壁如,113年立法委員選舉,第1次賸餘,1130302,參加公職人員選舉使用支出,和欣汽車客運股份有限公司,70755825,0.00,315.00,,,,客運,金錢,,,否,,,,,,,
5,蔡壁如,113年立法委員選舉,第1次賸餘,1130303,參加公職人員選舉使用支出,龍恩企業社,72567412,0.00,17000.00,,,,烤豬一頭,金錢,,,否,,,,,,,
6,蔡壁如,113年立法委員選舉,第1次賸餘,1130305,參加公職人員選舉使用支出,汶晟鐘錶股份有限公司,24243203,0.00,300.00,,,,鐘錶,金錢,,,否,,,,,,,
7,蔡壁如,113年立法委員選舉,第1次賸餘,1130305,參加公職人員選舉使用支出,汶晟鐘錶股份有限公司,24243203,0.00,650.00,,,,鐘錶,金錢,,,否,,,,,,,
8,蔡壁如,113年立法委員選舉,第1次賸餘,1130305,參加公職人員選舉使用支出,好交易尋寶屋有限公司,80203718,0.00,630.00,,,,茶具,金錢,,,否,,,,,,,
9,蔡壁如,113年立法委員選舉,第1次賸餘,1130310,參加公職人員選舉使用支出,台灣高速鐵路股份有限公司,16446274,0.00,725.00,,,,高鐵票,金錢,,,否,,,,,,,
10,蔡壁如,113年立法委員選舉,第1次賸餘,1130313,參加公職人員選舉使用支出,台灣高速鐵路股份有限公司,16446274,0.00,1010.00,,,,高鐵票,金錢,,,否,,,,,,,
11,蔡壁如,113年立法委員選舉,第1次賸餘,1130318,參加公職人員選舉使用支出,大圓寶鏡科技文化有限公司,42614331,0.00,880.00,,,,藝術品,金錢,,,否,,,,,,,
12,蔡壁如,113年立法委員選舉,第1次賸餘,1130320,參加公職人員選舉使用支出,勇郡廣告工程有限公司,29086575,0.00,450450.00,,,,廣告帆布,金錢,臺中市西屯區****,,否,,,,,,,
13,蔡壁如,113年立法委員選舉,第1次賸餘,1130322,參加公職人員選舉使用支出,達爾特服裝行,93422624,0.00,20000.00,,,,服裝,金錢,,,否,,,,,,,
14,蔡壁如,113年立法委員選舉,第1次賸餘,1130325,參加公職人員選舉使用支出,東大加油站有限公司,89208123,0.00,180.00,,,,加油,金錢,,,否,,,,,,,
15,蔡壁如,113年立法委員選舉,第1次賸餘,1130328,參加公職人員選舉使用支出,台大加油站股份有限公司沙鹿營業處,15683376,0.00,1208.00,,,,加油,金錢,,,否,,,,,,,
16,蔡壁如,113年立法委員選舉,第1次賸餘,1130328,參加公職人員選舉使用支出,台灣高速鐵路股份有限公司,16446274,0.00,670.00,,,,高鐵票,金錢,,,否,,,,,,,
17,蔡壁如,113年立法委員選舉,第1次賸餘,1130402,參加公職人員選舉使用支出,台灣高速鐵路股份有限公司,16446274,0.00,700.00,,,,高鐵票,金錢,,,否,,,,,,,
18,蔡壁如,113年立法委員選舉,第1次賸餘,1130402,參加公職人員選舉使用支出,台灣高速鐵路股份有限公司,16446274,0.00,700.00,,,,高鐵票,金錢,,,否,,,,,,,
19,蔡壁如,113年立法委員選舉,第1次賸餘,1130403,參加公職人員選舉使用支出,黃金海岸加油站有限公司,28730393,0.00,1281.00,,,,加油,金錢,,,否,,,,,,,
20,蔡壁如,113年立法委員選舉,第1次賸餘,1130403,參加公職人員選舉使用支出,國光汽車客運股份有限公司,70810572,0.00,290.00,,,,客運,金錢,,,否,,,,,,,
21,蔡壁如,113年立法委員選舉,第1次賸餘,1130405,參加公職人員選舉使用支出,再生補破網拍賣股份有限公司,24932806,0.00,8518.00,,,,藝術品,金錢,,,否,,,,,,,
22,蔡壁如,113年立法委員選舉,第1次賸餘,1130406,參加公職人員選舉使用支出,台灣高速鐵路股份有限公司,16446274,0.00,565.00,,,,高鐵票,金錢,,,否,,,,,,,
23,蔡壁如,113年立法委員選舉,第1次賸餘,1130406,參加公職人員選舉使用支出,台灣高速鐵路股份有限公司,16446274,0.00,700.00,,,,高鐵票,金錢,,,否,,,,,,,
24,蔡壁如,113年立法委員選舉,第1次賸餘,1130407,參加公職人員選舉使用支出,裕元花園酒店股份有限公司,80440992,0.00,4730.00,,,,餐飲,金錢,,,否,,,,,,,
25,蔡壁如,113年立法委員選舉,第1次賸餘,1130409,參加公職人員選舉使用支出,鼎峻股份有限公司台中分公司,82830356,0.00,22000.00,,,,餐飲,金錢,,,否,,,,,,,
26,蔡壁如,113年立法委員選舉,第1次賸餘,1130409,參加公職人員選舉使用支出,東大加油站有限公司,89208123,0.00,1000.00,,,,加油,金錢,,,否,,,,,,,
27,蔡壁如,113年立法委員選舉,第1次賸餘,1130410,參加公職人員選舉使用支出,國營臺灣鐵路股份有限公司,07524729,0.00,485.00,,,,火車,金錢,,,否,,,,,,,
28,蔡壁如,113年立法委員選舉,第1次賸餘,1130410,參加公職人員選舉使用支出,國營臺灣鐵路股份有限公司,07524729,0.00,33.00,,,,火車,金錢,,,否,,,,,,,
29,蔡壁如,113年立法委員選舉,第1次賸餘,1130410,參加公職人員選舉使用支出,台灣高速鐵路股份有限公司,16446274,0.00,790.00,,,,高鐵票,金錢,,,否,,,,,,,
30,蔡壁如,113年立法委員選舉,第1次賸餘,1130411,參加公職人員選舉使用支出,台灣高速鐵路股份有限公司,16446274,0.00,700.00,,,,高鐵票,金錢,,,否,,,,,,,
31,蔡壁如,113年立法委員選舉,第1次賸餘,1130411,參加公職人員選舉使用支出,祥和小吃店,48843183,0.00,1034.00,,,,餐飲,金錢,,,否,,,,,,,
32,蔡壁如,113年立法委員選舉,第1次賸餘,1130412,參加公職人員選舉使用支出,台灣高速鐵路股份有限公司,16446274,0.00,1250.00,,,,高鐵票,金錢,,,否,,,,,,,
33,蔡壁如,113年立法委員選舉,第1次賸餘,1130413,參加公職人員選舉使用支出,統聯汽車客運股份有限公司,23471299,0.00,285.00,,,,客運,金錢,,,否,,,,,,,
34,蔡壁如,113年立法委員選舉,第1次賸餘,1130416,參加公職人員選舉使用支出,市政園有限公司,12809540,0.00,5150.00,,,,餐飲,金錢,,,否,,,,,,,
35,蔡壁如,113年立法委員選舉,第1次賸餘,1130417,參加公職人員選舉使用支出,台灣高速鐵路股份有限公司,16446274,0.00,700.00,,,,高鐵票,金錢,,,否,,,,,,,
36,蔡壁如,113年立法委員選舉,第1次賸餘,1130417,參加公職人員選舉使用支出,建發加油站有限公司,28334289,0.00,1156.00,,,,加油,金錢,,,否,,,,,,,
37,蔡壁如,113年立法委員選舉,第1次賸餘,1130423,參加公職人員選舉使用支出,台灣中油股份有限公司油品行銷事業部台中營業處太平長億,05865030,0.00,1194.00,,,,加油,金錢,,,否,,,,,,,
38,蔡壁如,113年立法委員選舉,第1次賸餘,1130423,參加公職人員選舉使用支出,台灣高速鐵路股份有限公司,16446274,0.00,1490.00,,,,高鐵票,金錢,,,否,,,,,,,
39,蔡壁如,113年立法委員選舉,第1次賸餘,1130425,參加公職人員選舉使用支出,名鑫廣告有限公司,54121065,0.00,27416.00,,,,廣告帆布,金錢,臺中市梧棲區****,,否,,,,,,,
40,蔡壁如,113年立法委員選舉,第1次賸餘,1130425,參加公職人員選舉使用支出,御饌園麵食館,82478635,0.00,528.00,,,,餐飲,金錢,,,否,,,,,,,
41,蔡壁如,113年立法委員選舉,第1次賸餘,1130425,參加公職人員選舉使用支出,東大加油站有限公司,89208123,0.00,1200.00,,,,加油,金錢,,,否,,,,,,,
42,蔡壁如,113年立法委員選舉,第1次賸餘,1130426,參加公職人員選舉使用支出,名鑫廣告有限公司,54121065,0.00,586006.00,,,,廣告帆布,金錢,臺中市梧棲區****,,否,,,,,,,
43,蔡壁如,113年立法委員選舉,第1次賸餘,1130426,參加公職人員選舉使用支出,郡翔室內裝修有限公司,54756209,0.00,165875.00,,,,競選總部裝修,金錢,臺中市梧棲區****,,否,,,,,,,
44,蔡壁如,113年立法委員選舉,第1次賸餘,1130426,參加公職人員選舉使用支出,畇博科技有限公司,83418609,0.00,78000.00,,,,口罩,金錢,臺中市北屯區****,,否,,,,,,,
45,蔡壁如,113年立法委員選舉,第1次賸餘,1130426,參加公職人員選舉使用支出,畇博科技有限公司,83418609,0.00,10000.00,,,,口罩,金錢,臺中市北屯區****,,否,,,,,,,
46,蔡壁如,113年立法委員選舉,第1次賸餘,1130427,參加公職人員選舉使用支出,喜洋洋加油站股份有限公司,86207775,0.00,1205.00,,,,加油,金錢,,,否,,,,,,,
47,蔡壁如,113年立法委員選舉,第1次賸餘,1130429,參加公職人員選舉使用支出,伯國服裝有限公司,16919998,0.00,26000.00,,,,服飾,金錢,,,否,,,,,,,
48,蔡壁如,113年立法委員選舉,第1次賸餘,1130429,參加公職人員選舉使用支出,建榮企業有限公司,90931194,0.00,200000.00,,,,濕紙巾,金錢,高雄市苓雅區****,,否,,,,,,,
49,蔡壁如,113年立法委員選舉,第1次賸餘,1130429,參加公職人員選舉使用支出,達爾特服裝行,93422624,0.00,20000.00,,,,服裝,金錢,,,否,,,,,,,
50,蔡壁如,113年立法委員選舉,第1次賸餘,1130430,參加公職人員選舉使用支出,國營臺灣鐵路股份有限公司,07524729,0.00,33.00,,,,火車,金錢,,,否,,,,,,,
51,蔡壁如,113年立法委員選舉,第1次賸餘,1130430,參加公職人員選舉使用支出,台灣高速鐵路股份有限公司,16446274,0.00,700.00,,,,高鐵票,金錢,,,否,,,,,,,
52,蔡壁如,113年立法委員選舉,第1次賸餘,1130430,參加公職人員選舉使用支出,馬婕恩國際有限公司,24552376,0.00,891.00,,,,餐飲,金錢,,,否,,,,,,,
53,蔡壁如,113年立法委員選舉,第1次賸餘,1130502,參加公職人員選舉使用支出,台灣高速鐵路股份有限公司,16446274,0.00,700.00,,,,高鐵票,金錢,,,否,,,,,,,
54,蔡壁如,113年立法委員選舉,第1次賸餘,1130503,參加公職人員選舉使用支出,東盈汽車材料行,18326253,0.00,2500.00,,,,汽車零件工資,金錢,,,否,,,,,,,
55,蔡壁如,113年立法委員選舉,第1次賸餘,1130503,參加公職人員選舉使用支出,吳寶春食品股份有限公司台中高鐵店,82391125,0.00,840.00,,,,麵包,金錢,,,否,,,,,,,
56,蔡壁如,113年立法委員選舉,第1次賸餘,1130504,參加公職人員選舉使用支出,台灣高速鐵路股份有限公司,16446274,0.00,1250.00,,,,高鐵票,金錢,,,否,,,,,,,
57,蔡壁如,113年立法委員選舉,第1次賸餘,1130504,參加公職人員選舉使用支出,台灣高速鐵路股份有限公司,16446274,0.00,1250.00,,,,高鐵票,金錢,,,否,,,,,,,
58,蔡壁如,113年立法委員選舉,第1次賸餘,1130504,參加公職人員選舉使用支出,竑穗興業股份有限公司高鐵五路三營業處,94504686,0.00,250.00,,,,停車,金錢,,,否,,,,,,,
59,蔡壁如,113年立法委員選舉,第1次賸餘,1130505,參加公職人員選舉使用支出,台灣高速鐵路股份有限公司,16446274,0.00,1250.00,,,,高鐵票,金錢,,,否,,,,,,,
60,蔡壁如,113年立法委員選舉,第1次賸餘,1130506,參加公職人員選舉使用支出,台灣高速鐵路股份有限公司,16446274,0.00,700.00,,,,高鐵票,金錢,,,否,,,,,,,
61,蔡壁如,113年立法委員選舉,第1次賸餘,1130507,參加公職人員選舉使用支出,台灣高速鐵路股份有限公司,16446274,0.00,700.00,,,,高鐵票,金錢,,,否,,,,,,,
62,蔡壁如,113年立法委員選舉,第1次賸餘,1130510,參加公職人員選舉使用支出,乾杯股份有限公司台中市政門市,26896565,0.00,4532.00,,,,餐飲,金錢,,,否,,,,,,,
63,蔡壁如,113年立法委員選舉,第1次賸餘,1130512,參加公職人員選舉使用支出,黃金海岸加油站有限公司,28730393,0.00,1256.00,,,,加油,金錢,,,否,,,,,,,
64,蔡壁如,113年立法委員選舉,第1次賸餘,1130512,參加公職人員選舉使用支出,睿能創意股份有限公司,53433060,0.00,559.00,,,,Gogoro,金錢,,,否,,,,,,,
65,蔡壁如,113年立法委員選舉,第1次賸餘,1130513,參加公職人員選舉使用支出,台灣高速鐵路股份有限公司,16446274,0.00,700.00,,,,高鐵票,金錢,,,否,,,,,,,
66,蔡壁如,113年立法委員選舉,第1次賸餘,1130514,參加公職人員選舉使用支出,台灣高速鐵路股份有限公司,16446274,0.00,700.00,,,,高鐵票,金錢,,,否,,,,,,,
67,蔡壁如,113年立法委員選舉,第1次賸餘,1130520,參加公職人員選舉使用支出,計程車,,0.00,335.00,,,,計程車費,金錢,臺中市外埔區****,,否,,,,,,,
68,蔡壁如,113年立法委員選舉,第1次賸餘,1130520,參加公職人員選舉使用支出,台灣高速鐵路股份有限公司,16446274,0.00,290.00,,,,高鐵票,金錢,,,否,,,,,,,
69,蔡壁如,113年立法委員選舉,第1次賸餘,1130520,參加公職人員選舉使用支出,台灣高速鐵路股份有限公司,16446274,0.00,410.00,,,,高鐵票,金錢,,,否,,,,,,,
70,蔡壁如,113年立法委員選舉,第1次賸餘,1130521,參加公職人員選舉使用支出,台灣高速鐵路股份有限公司,16446274,0.00,410.00,,,,高鐵票,金錢,,,否,,,,,,,
71,蔡壁如,113年立法委員選舉,第1次賸餘,1130521,參加公職人員選舉使用支出,台灣高速鐵路股份有限公司,16446274,0.00,290.00,,,,高鐵票,金錢,,,否,,,,,,,
72,蔡壁如,113年立法委員選舉,第1次賸餘,1130522,參加公職人員選舉使用支出,資誠企業管理顧問股份有限公司,22446744,0.00,250000.00,,,,管理顧問,金錢,臺北市信義區****,,否,,,,,,,
73,蔡壁如,113年立法委員選舉,第1次賸餘,1130523,參加公職人員選舉使用支出,台灣高速鐵路股份有限公司,16446274,0.00,700.00,,,,高鐵票,金錢,,,否,,,,,,,
74,蔡壁如,113年立法委員選舉,第1次賸餘,1130523,參加公職人員選舉使用支出,怡悅鮮花店,90946339,0.00,3000.00,,,,羅馬柱,金錢,,,否,,,,,,,
75,蔡壁如,113年立法委員選舉,第1次賸餘,1130524,參加公職人員選舉使用支出,中紡科技實業股份有限公司永和門市部,42151937,0.00,1930.00,,,,服飾,金錢,,,否,,,,,,,
76,蔡壁如,113年立法委員選舉,第1次賸餘,1130525,參加公職人員選舉使用支出,台灣高速鐵路股份有限公司,16446274,0.00,1250.00,,,,高鐵票,金錢,,,否,,,,,,,
77,蔡壁如,113年立法委員選舉,第1次賸餘,1130528,參加公職人員選舉使用支出,串合企業股份有限公司,89893019,0.00,240.00,,,,停車,金錢,,,否,,,,,,,
78,蔡壁如,113年立法委員選舉,第1次賸餘,1130529,參加公職人員選舉使用支出,交通部臺灣鐵路管理局餐旅服務總所臺北鐵路餐廳,03805305,0.00,100.00,,,,便當,金錢,,,否,,,,,,,
79,蔡壁如,113年立法委員選舉,第1次賸餘,1130529,參加公職人員選舉使用支出,台灣高速鐵路股份有限公司,16446274,0.00,700.00,,,,高鐵票,金錢,,,否,,,,,,,
80,蔡壁如,113年立法委員選舉,第1次賸餘,1130529,參加公職人員選舉使用支出,台灣高速鐵路股份有限公司,16446274,0.00,700.00,,,,高鐵票,金錢,,,否,,,,,,,
81,蔡壁如,113年立法委員選舉,第1次賸餘,1130529,參加公職人員選舉使用支出,竑穗興業股份有限公司高鐵五路三營業處,94504686,0.00,250.00,,,,停車,金錢,,,否,,,,,,,
82,蔡壁如,113年立法委員選舉,第1次賸餘,1130531,參加公職人員選舉使用支出,台灣高速鐵路股份有限公司,16446274,0.00,700.00,,,,高鐵票,金錢,,,否,,,,,,,
83,蔡壁如,113年立法委員選舉,第1次賸餘,1130531,參加公職人員選舉使用支出,台灣高速鐵路股份有限公司,16446274,0.00,1250.00,,,,高鐵票,金錢,,,否,,,,,,,
84,蔡壁如,113年立法委員選舉,第1次賸餘,1130601,參加公職人員選舉使用支出,台灣高速鐵路股份有限公司,16446274,0.00,1250.00,,,,高鐵票,金錢,,,否,,,,,,,
85,蔡壁如,113年立法委員選舉,第1次賸餘,1130601,參加公職人員選舉使用支出,奇威行有限公司永和分公司,16627492,0.00,9436.00,,,,女裝,金錢,,,否,,,,,,,
86,蔡壁如,113年立法委員選舉,第1次賸餘,1130602,參加公職人員選舉使用支出,台灣高速鐵路股份有限公司,16446274,0.00,1250.00,,,,高鐵票,金錢,,,否,,,,,,,
87,蔡壁如,113年立法委員選舉,第1次賸餘,1130604,參加公職人員選舉使用支出,台灣高速鐵路股份有限公司,16446274,0.00,410.00,,,,高鐵票,金錢,,,否,,,,,,,
88,蔡壁如,113年立法委員選舉,第1次賸餘,1130604,參加公職人員選舉使用支出,台灣高速鐵路股份有限公司,16446274,0.00,410.00,,,,高鐵票,金錢,,,否,,,,,,,
89,蔡壁如,113年立法委員選舉,第1次賸餘,1130605,參加公職人員選舉使用支出,台灣高速鐵路股份有限公司,16446274,0.00,700.00,,,,高鐵票,金錢,,,否,,,,,,,
90,蔡壁如,113年立法委員選舉,第1次賸餘,1130609,參加公職人員選舉使用支出,山隆通運股份有限公司山隆梧棲加油站,94937585,0.00,1257.00,,,,加油,金錢,,,否,,,,,,,
91,蔡壁如,113年立法委員選舉,第1次賸餘,1130611,參加公職人員選舉使用支出,誠品生活股份有限公司南西分公司,42995021,0.00,2125.00,,,,書籍,金錢,,,否,,,,,,,
92,蔡壁如,113年立法委員選舉,第1次賸餘,1130612,參加公職人員選舉使用支出,台灣高速鐵路股份有限公司,16446274,0.00,700.00,,,,高鐵票,金錢,,,否,,,,,,,
93,蔡壁如,113年立法委員選舉,第1次賸餘,1130613,參加公職人員選舉使用支出,台灣高速鐵路股份有限公司,16446274,0.00,700.00,,,,高鐵票,金錢,,,否,,,,,,,
94,蔡壁如,113年立法委員選舉,第1次賸餘,1130613,參加公職人員選舉使用支出,台灣高速鐵路股份有限公司,16446274,0.00,675.00,,,,高鐵票,金錢,,,否,,,,,,,
95,蔡壁如,113年立法委員選舉,第1次賸餘,1130613,參加公職人員選舉使用支出,台灣高速鐵路股份有限公司,16446274,0.00,700.00,,,,高鐵票,金錢,,,否,,,,,,,
96,蔡壁如,113年立法委員選舉,第1次賸餘,1130615,參加公職人員選舉使用支出,建發加油站有限公司,28334289,0.00,1155.00,,,,加油,金錢,,,否,,,,,,,
97,蔡壁如,113年立法委員選舉,第1次賸餘,1130616,參加公職人員選舉使用支出,台灣高速鐵路股份有限公司,16446274,0.00,700.00,,,,高鐵票,金錢,,,否,,,,,,,
98,蔡壁如,113年立法委員選舉,第1次賸餘,1130616,參加公職人員選舉使用支出,台灣高速鐵路股份有限公司,16446274,0.00,750.00,,,,高鐵票,金錢,,,否,,,,,,,
99,蔡壁如,113年立法委員選舉,第1次賸餘,1130620,參加公職人員選舉使用支出,台灣聯通停車場開發股份有限公司勤美誠品停車場,45636631,0.00,220.00,,,,停車,金錢,,,否,,,,,,,
100,蔡壁如,113年立法委員選舉,第1次賸餘,1130621,參加公職人員選舉使用支出,全家加油站股份有限公司中正站,39725951,0.00,1167.00,,,,加油,金錢,,,否,,,,,,,
101,蔡壁如,113年立法委員選舉,第1次賸餘,1130622,參加公職人員選舉使用支出,台灣高速鐵路股份有限公司,16446274,0.00,540.00,,,,高鐵票,金錢,,,否,,,,,,,
102,蔡壁如,113年立法委員選舉,第1次賸餘,1130624,參加公職人員選舉使用支出,台灣高速鐵路股份有限公司,16446274,0.00,700.00,,,,高鐵票,金錢,,,否,,,,,,,
103,蔡壁如,113年立法委員選舉,第1次賸餘,1130701,參加公職人員選舉使用支出,台灣高速鐵路股份有限公司,16446274,0.00,675.00,,,,高鐵票,金錢,,,否,,,,,,,
104,蔡壁如,113年立法委員選舉,第1次賸餘,1130704,參加公職人員選舉使用支出,台灣高速鐵路股份有限公司,16446274,0.00,1010.00,,,,高鐵票,金錢,,,否,,,,,,,
105,蔡壁如,113年立法委員選舉,第1次賸餘,1130706,參加公職人員選舉使用支出,台灣高速鐵路股份有限公司,16446274,0.00,700.00,,,,高鐵票,金錢,,,否,,,,,,,
106,蔡壁如,113年立法委員選舉,第1次賸餘,1130706,參加公職人員選舉使用支出,台灣高速鐵路股份有限公司,16446274,0.00,700.00,,,,高鐵票,金錢,,,否,,,,,,,
107,蔡壁如,113年立法委員選舉,第1次賸餘,1130707,參加公職人員選舉使用支出,台灣高速鐵路股份有限公司,16446274,0.00,930.00,,,,高鐵票,金錢,,,否,,,,,,,
108,蔡壁如,113年立法委員選舉,第1次賸餘,1130708,參加公職人員選舉使用支出,台灣高速鐵路股份有限公司,16446274,0.00,700.00,,,,高鐵票,金錢,,,否,,,,,,,
109,蔡壁如,113年立法委員選舉,第1次賸餘,1130708,參加公職人員選舉使用支出,台灣中油股份有限公司油品行銷事業部台中營業處文心路加油站,77209843,0.00,1201.00,,,,加油,金錢,,,否,,,,,,,
110,蔡壁如,113年立法委員選舉,第1次賸餘,1130709,參加公職人員選舉使用支出,東盈汽車材料行,18326253,0.00,2500.00,,,,汽車零件工資,金錢,,,否,,,,,,,
111,蔡壁如,113年立法委員選舉,第1次賸餘,1130715,參加公職人員選舉使用支出,國營臺灣鐵路股份有限公司,07524729,0.00,180.00,,,,火車,金錢,,,否,,,,,,,
112,蔡壁如,113年立法委員選舉,第1次賸餘,1130715,參加公職人員選舉使用支出,國營臺灣鐵路股份有限公司,07524729,0.00,261.00,,,,火車,金錢,,,否,,,,,,,
113,蔡壁如,113年立法委員選舉,第1次賸餘,1130715,參加公職人員選舉使用支出,台灣高速鐵路股份有限公司,16446274,0.00,1250.00,,,,高鐵票,金錢,,,否,,,,,,,
114,蔡壁如,113年立法委員選舉,第1次賸餘,1130716,參加公職人員選舉使用支出,國營臺灣鐵路股份有限公司,07524729,0.00,796.00,,,,火車,金錢,,,否,,,,,,,
115,蔡壁如,113年立法委員選舉,第1次賸餘,1130717,參加公職人員選舉使用支出,台灣高速鐵路股份有限公司,16446274,0.00,700.00,,,,高鐵票,金錢,,,否,,,,,,,
116,蔡壁如,113年立法委員選舉,第1次賸餘,1130721,參加公職人員選舉使用支出,國營臺灣鐵路股份有限公司,07524729,0.00,184.00,,,,火車,金錢,,,否,,,,,,,
117,蔡壁如,113年立法委員選舉,第1次賸餘,1130721,參加公職人員選舉使用支出,國營臺灣鐵路股份有限公司,07524729,0.00,49.00,,,,火車,金錢,,,否,,,,,,,
118,蔡壁如,113年立法委員選舉,第1次賸餘,1130722,參加公職人員選舉使用支出,台灣高速鐵路股份有限公司,16446274,0.00,700.00,,,,高鐵票,金錢,,,否,,,,,,,
119,蔡壁如,113年立法委員選舉,第1次賸餘,1130723,參加公職人員選舉使用支出,台灣高速鐵路股份有限公司,16446274,0.00,700.00,,,,高鐵票,金錢,,,否,,,,,,,
120,蔡壁如,113年立法委員選舉,第1次賸餘,1130726,參加公職人員選舉使用支出,台灣高速鐵路股份有限公司,16446274,0.00,750.00,,,,高鐵票,金錢,,,否,,,,,,,
121,蔡壁如,113年立法委員選舉,第1次賸餘,1130728,參加公職人員選舉使用支出,台灣高速鐵路股份有限公司,16446274,0.00,700.00,,,,高鐵票,金錢,,,否,,,,,,,
122,蔡壁如,113年立法委員選舉,第1次賸餘,1130729,參加公職人員選舉使用支出,台灣高速鐵路股份有限公司,16446274,0.00,700.00,,,,高鐵票,金錢,,,否,,,,,,,
123,蔡壁如,113年立法委員選舉,第1次賸餘,1130730,參加公職人員選舉使用支出,台灣高速鐵路股份有限公司,16446274,0.00,790.00,,,,高鐵票,金錢,,,否,,,,,,,
124,蔡壁如,113年立法委員選舉,第1次賸餘,1130730,參加公職人員選舉使用支出,台灣高速鐵路股份有限公司,16446274,0.00,1490.00,,,,高鐵票,金錢,,,否,,,,,,,
125,蔡壁如,113年立法委員選舉,第1次賸餘,1130731,參加公職人員選舉使用支出,台灣高速鐵路股份有限公司,16446274,0.00,700.00,,,,高鐵票,金錢,,,否,,,,,,,
126,蔡壁如,113年立法委員選舉,第1次賸餘,1130801,參加公職人員選舉使用支出,台灣高速鐵路股份有限公司,16446274,0.00,700.00,,,,高鐵票,金錢,,,否,,,,,,,
127,蔡壁如,113年立法委員選舉,第1次賸餘,1130804,參加公職人員選舉使用支出,台灣高速鐵路股份有限公司,16446274,0.00,700.00,,,,高鐵票,金錢,,,否,,,,,,,
128,蔡壁如,113年立法委員選舉,第1次賸餘,1130804,參加公職人員選舉使用支出,台灣高速鐵路股份有限公司,16446274,0.00,700.00,,,,高鐵票,金錢,,,否,,,,,,,
129,蔡壁如,113年立法委員選舉,第1次賸餘,1130808,參加公職人員選舉使用支出,台灣高速鐵路股份有限公司,16446274,0.00,40.00,,,,高鐵票,金錢,,,否,,,,,,,
130,蔡壁如,113年立法委員選舉,第1次賸餘,1130808,參加公職人員選舉使用支出,台灣高速鐵路股份有限公司,16446274,0.00,700.00,,,,高鐵票,金錢,,,否,,,,,,,
131,蔡壁如,113年立法委員選舉,第1次賸餘,1130810,參加公職人員選舉使用支出,台灣高速鐵路股份有限公司,16446274,0.00,675.00,,,,高鐵票,金錢,,,否,,,,,,,
132,蔡壁如,113年立法委員選舉,第1次賸餘,1130812,參加公職人員選舉使用支出,台灣高速鐵路股份有限公司,16446274,0.00,675.00,,,,高鐵票,金錢,,,否,,,,,,,
133,蔡壁如,113年立法委員選舉,第1次賸餘,1130812,參加公職人員選舉使用支出,台灣高速鐵路股份有限公司,16446274,0.00,675.00,,,,高鐵票,金錢,,,否,,,,,,,
134,蔡壁如,113年立法委員選舉,第1次賸餘,1130815,參加公職人員選舉使用支出,台灣高速鐵路股份有限公司,16446274,0.00,700.00,,,,高鐵票,金錢,,,否,,,,,,,
135,蔡壁如,113年立法委員選舉,第1次賸餘,1130816,參加公職人員選舉使用支出,台灣高速鐵路股份有限公司,16446274,0.00,280.00,,,,高鐵票,金錢,,,否,,,,,,,
136,蔡壁如,113年立法委員選舉,第1次賸餘,1130816,參加公職人員選舉使用支出,台灣高速鐵路股份有限公司,16446274,0.00,395.00,,,,高鐵票,金錢,,,否,,,,,,,
137,蔡壁如,113年立法委員選舉,第1次賸餘,1130822,參加公職人員選舉使用支出,台灣高速鐵路股份有限公司,16446274,0.00,410.00,,,,高鐵票,金錢,,,否,,,,,,,
138,蔡壁如,113年立法委員選舉,第1次賸餘,1130822,參加公職人員選舉使用支出,台灣高速鐵路股份有限公司,16446274,0.00,410.00,,,,高鐵票,金錢,,,否,,,,,,,
139,蔡壁如,113年立法委員選舉,第1次賸餘,1130823,參加公職人員選舉使用支出,台灣高速鐵路股份有限公司,16446274,0.00,675.00,,,,高鐵票,金錢,,,否,,,,,,,
140,蔡壁如,113年立法委員選舉,第1次賸餘,1130825,參加公職人員選舉使用支出,台灣高速鐵路股份有限公司,16446274,0.00,750.00,,,,高鐵票,金錢,,,否,,,,,,,
141,蔡壁如,113年立法委員選舉,第1次賸餘,1130826,參加公職人員選舉使用支出,台灣高速鐵路股份有限公司,16446274,0.00,700.00,,,,高鐵票,金錢,,,否,,,,,,,
142,蔡壁如,113年立法委員選舉,第1次賸餘,1130828,參加公職人員選舉使用支出,竑穗興業股份有限公司高鐵五路三營業處,94504686,0.00,250.00,,,,停車,金錢,,,否,,,,,,,
143,蔡壁如,113年立法委員選舉,第1次賸餘,1130829,參加公職人員選舉使用支出,建發加油站有限公司,28334289,0.00,1167.00,,,,加油,金錢,,,否,,,,,,,
144,蔡壁如,113年立法委員選舉,第1次賸餘,1130829,參加公職人員選舉使用支出,中山醫學大學,52000403,0.00,60.00,,,,停車,金錢,,,否,,,,,,,
145,蔡壁如,113年立法委員選舉,第1次賸餘,1130829,參加公職人員選舉使用支出,竑穗興業股份有限公司高鐵五路三營業處,94504686,0.00,250.00,,,,停車,金錢,,,否,,,,,,,
146,蔡壁如,113年立法委員選舉,第1次賸餘,1130901,參加公職人員選舉使用支出,台灣高速鐵路股份有限公司,16446274,0.00,1390.00,,,,高鐵票,金錢,,,否,,,,,,,
147,蔡壁如,113年立法委員選舉,第1次賸餘,1130901,參加公職人員選舉使用支出,竑穗興業股份有限公司高鐵五路三營業處,94504686,0.00,250.00,,,,停車,金錢,,,否,,,,,,,
148,蔡壁如,113年立法委員選舉,第1次賸餘,1130908,參加公職人員選舉使用支出,台灣高速鐵路股份有限公司,16446274,0.00,1250.00,,,,高鐵票,金錢,,,否,,,,,,,
149,蔡壁如,113年立法委員選舉,第1次賸餘,1130914,參加公職人員選舉使用支出,台灣高速鐵路股份有限公司,16446274,0.00,1820.00,,,,高鐵票,金錢,,,否,,,,,,,
150,蔡壁如,113年立法委員選舉,第1次賸餘,1130920,參加公職人員選舉使用支出,台灣高速鐵路股份有限公司,16446274,0.00,790.00,,,,高鐵票,金錢,,,否,,,,,,,
151,蔡壁如,113年立法委員選舉,第1次賸餘,1130920,參加公職人員選舉使用支出,台灣高速鐵路股份有限公司,16446274,0.00,790.00,,,,高鐵票,金錢,,,否,,,,,,,
152,蔡壁如,113年立法委員選舉,第1次賸餘,1130920,參加公職人員選舉使用支出,東盈汽車材料行,18326253,0.00,2900.00,,,,汽車零件工資,金錢,,,否,,,,,,,
153,蔡壁如,113年立法委員選舉,第1次賸餘,1130921,參加公職人員選舉使用支出,台灣高速鐵路股份有限公司,16446274,0.00,630.00,,,,高鐵票,金錢,,,否,,,,,,,
154,蔡壁如,113年立法委員選舉,第1次賸餘,1130927,參加公職人員選舉使用支出,台灣高速鐵路股份有限公司,16446274,0.00,700.00,,,,高鐵票,金錢,,,否,,,,,,,
155,蔡壁如,113年立法委員選舉,第1次賸餘,1130929,參加公職人員選舉使用支出,台灣高速鐵路股份有限公司,16446274,0.00,380.00,,,,高鐵票,金錢,,,否,,,,,,,
156,蔡壁如,113年立法委員選舉,第1次賸餘,1130930,參加公職人員選舉使用支出,台灣高速鐵路股份有限公司,16446274,0.00,700.00,,,,高鐵票,金錢,,,否,,,,,,,
157,蔡壁如,113年立法委員選舉,第1次賸餘,1131013,參加公職人員選舉使用支出,台灣高速鐵路股份有限公司,16446274,0.00,790.00,,,,高鐵票,金錢,,,否,,,,,,,
158,蔡壁如,113年立法委員選舉,第1次賸餘,1131013,參加公職人員選舉使用支出,台灣高速鐵路股份有限公司,16446274,0.00,765.00,,,,高鐵票,金錢,,,否,,,,,,,
159,蔡壁如,113年立法委員選舉,第1次賸餘,1131014,參加公職人員選舉使用支出,台灣高速鐵路股份有限公司,16446274,0.00,700.00,,,,高鐵票,金錢,,,否,,,,,,,
160,蔡壁如,113年立法委員選舉,第1次賸餘,1131015,參加公職人員選舉使用支出,台灣高速鐵路股份有限公司,16446274,0.00,700.00,,,,高鐵票,金錢,,,否,,,,,,,
161,蔡壁如,113年立法委員選舉,第1次賸餘,1131018,參加公職人員選舉使用支出,台灣高速鐵路股份有限公司,16446274,0.00,675.00,,,,高鐵票,金錢,,,否,,,,,,,
162,蔡壁如,113年立法委員選舉,第1次賸餘,1131019,參加公職人員選舉使用支出,國營臺灣鐵路股份有限公司,07524729,0.00,191.00,,,,火車,金錢,,,否,,,,,,,
163,蔡壁如,113年立法委員選舉,第1次賸餘,1131019,參加公職人員選舉使用支出,台灣高速鐵路股份有限公司,16446274,0.00,700.00,,,,高鐵票,金錢,,,否,,,,,,,
164,蔡壁如,113年立法委員選舉,第1次賸餘,1131020,參加公職人員選舉使用支出,台灣高速鐵路股份有限公司,16446274,0.00,790.00,,,,高鐵票,金錢,,,否,,,,,,,
165,蔡壁如,113年立法委員選舉,第1次賸餘,1131020,參加公職人員選舉使用支出,台灣高速鐵路股份有限公司,16446274,0.00,790.00,,,,高鐵票,金錢,,,否,,,,,,,
166,蔡壁如,113年立法委員選舉,第1次賸餘,1131022,參加公職人員選舉使用支出,台灣高速鐵路股份有限公司,16446274,0.00,700.00,,,,高鐵票,金錢,,,否,,,,,,,
167,蔡壁如,113年立法委員選舉,第1次賸餘,1131022,參加公職人員選舉使用支出,台灣高速鐵路股份有限公司,16446274,0.00,700.00,,,,高鐵票,金錢,,,否,,,,,,,
168,蔡壁如,113年立法委員選舉,第1次賸餘,1131025,參加公職人員選舉使用支出,台灣高速鐵路股份有限公司,16446274,0.00,700.00,,,,高鐵票,金錢,,,否,,,,,,,
169,蔡壁如,113年立法委員選舉,第1次賸餘,1131025,參加公職人員選舉使用支出,台灣高速鐵路股份有限公司,16446274,0.00,700.00,,,,高鐵票,金錢,,,否,,,,,,,
170,蔡壁如,113年立法委員選舉,第1次賸餘,1131026,參加公職人員選舉使用支出,國營臺灣鐵路股份有限公司,07524729,0.00,119.00,,,,火車,金錢,,,否,,,,,,,
171,蔡壁如,113年立法委員選舉,第1次賸餘,1131026,參加公職人員選舉使用支出,台灣高速鐵路股份有限公司,16446274,0.00,700.00,,,,高鐵票,金錢,,,否,,,,,,,
172,蔡壁如,113年立法委員選舉,第1次賸餘,1131027,參加公職人員選舉使用支出,台灣高速鐵路股份有限公司,16446274,0.00,665.00,,,,高鐵票,金錢,,,否,,,,,,,
173,蔡壁如,113年立法委員選舉,第1次賸餘,1131029,參加公職人員選舉使用支出,台灣高速鐵路股份有限公司,16446274,0.00,700.00,,,,高鐵票,金錢,,,否,,,,,,,
174,蔡壁如,113年立法委員選舉,第1次賸餘,1131029,參加公職人員選舉使用支出,台灣高速鐵路股份有限公司,16446274,0.00,700.00,,,,高鐵票,金錢,,,否,,,,,,,
175,蔡壁如,113年立法委員選舉,第1次賸餘,1131101,參加公職人員選舉使用支出,台灣高速鐵路股份有限公司,16446274,0.00,700.00,,,,高鐵票,金錢,,,否,,,,,,,
176,蔡壁如,113年立法委員選舉,第1次賸餘,1131101,參加公職人員選舉使用支出,台灣高速鐵路股份有限公司,16446274,0.00,700.00,,,,高鐵票,金錢,,,否,,,,,,,
177,蔡壁如,113年立法委員選舉,第1次賸餘,1131106,參加公職人員選舉使用支出,台灣高速鐵路股份有限公司,16446274,0.00,700.00,,,,高鐵票,金錢,,,否,,,,,,,
178,蔡壁如,113年立法委員選舉,第1次賸餘,1131108,參加公職人員選舉使用支出,台灣高速鐵路股份有限公司,16446274,0.00,700.00,,,,高鐵票,金錢,,,否,,,,,,,
179,蔡壁如,113年立法委員選舉,第1次賸餘,1131109,參加公職人員選舉使用支出,台灣高速鐵路股份有限公司,16446274,0.00,230.00,,,,高鐵票,金錢,,,否,,,,,,,
180,蔡壁如,113年立法委員選舉,第1次賸餘,1131109,參加公職人員選舉使用支出,台灣高速鐵路股份有限公司,16446274,0.00,790.00,,,,高鐵票,金錢,,,否,,,,,,,
181,蔡壁如,113年立法委員選舉,第1次賸餘,1131110,參加公職人員選舉使用支出,台灣高速鐵路股份有限公司,16446274,0.00,1445.00,,,,高鐵票,金錢,,,否,,,,,,,
182,蔡壁如,113年立法委員選舉,第1次賸餘,1131111,參加公職人員選舉使用支出,台灣高速鐵路股份有限公司,16446274,0.00,700.00,,,,高鐵票,金錢,,,否,,,,,,,
183,蔡壁如,113年立法委員選舉,第1次賸餘,1131113,參加公職人員選舉使用支出,台灣高速鐵路股份有限公司,16446274,0.00,700.00,,,,高鐵票,金錢,,,否,,,,,,,
184,蔡壁如,113年立法委員選舉,第1次賸餘,1131114,參加公職人員選舉使用支出,台灣高速鐵路股份有限公司,16446274,0.00,700.00,,,,高鐵票,金錢,,,否,,,,,,,
185,蔡壁如,113年立法委員選舉,第1次賸餘,1131116,參加公職人員選舉使用支出,台灣高速鐵路股份有限公司,16446274,0.00,1250.00,,,,高鐵票,金錢,,,否,,,,,,,
186,蔡壁如,113年立法委員選舉,第1次賸餘,1131116,參加公職人員選舉使用支出,台灣高速鐵路股份有限公司,16446274,0.00,700.00,,,,高鐵票,金錢,,,否,,,,,,,
187,蔡壁如,113年立法委員選舉,第1次賸餘,1131120,參加公職人員選舉使用支出,台灣高速鐵路股份有限公司,16446274,0.00,410.00,,,,高鐵票,金錢,,,否,,,,,,,
188,蔡壁如,113年立法委員選舉,第1次賸餘,1131120,參加公職人員選舉使用支出,台灣高速鐵路股份有限公司,16446274,0.00,410.00,,,,高鐵票,金錢,,,否,,,,,,,
189,蔡壁如,113年立法委員選舉,第1次賸餘,1131122,參加公職人員選舉使用支出,台灣高速鐵路股份有限公司,16446274,0.00,700.00,,,,高鐵票,金錢,,,否,,,,,,,
190,蔡壁如,113年立法委員選舉,第1次賸餘,1131126,參加公職人員選舉使用支出,台灣高速鐵路股份有限公司,16446274,0.00,1250.00,,,,高鐵票,金錢,,,否,,,,,,,
191,蔡壁如,113年立法委員選舉,第1次賸餘,1131127,參加公職人員選舉使用支出,台灣高速鐵路股份有限公司,16446274,0.00,520.00,,,,高鐵票,金錢,,,否,,,,,,,
192,蔡壁如,113年立法委員選舉,第1次賸餘,1131127,參加公職人員選舉使用支出,台灣高速鐵路股份有限公司,16446274,0.00,520.00,,,,高鐵票,金錢,,,否,,,,,,,
193,蔡壁如,113年立法委員選舉,第1次賸餘,1131128,參加公職人員選舉使用支出,台灣高速鐵路股份有限公司,16446274,0.00,750.00,,,,高鐵票,金錢,,,否,,,,,,,
194,蔡壁如,113年立法委員選舉,第1次賸餘,1131128,參加公職人員選舉使用支出,台灣高速鐵路股份有限公司,16446274,0.00,1390.00,,,,高鐵票,金錢,,,否,,,,,,,
195,蔡壁如,113年立法委員選舉,第1次賸餘,1131128,參加公職人員選舉使用支出,台灣高速鐵路股份有限公司,16446274,0.00,650.00,,,,高鐵票,金錢,,,否,,,,,,,
196,蔡壁如,113年立法委員選舉,第1次賸餘,1131201,參加公職人員選舉使用支出,台灣高速鐵路股份有限公司,16446274,0.00,675.00,,,,高鐵票,金錢,,,否,,,,,,,
197,蔡壁如,113年立法委員選舉,第1次賸餘,1131203,參加公職人員選舉使用支出,台灣高速鐵路股份有限公司,16446274,0.00,1250.00,,,,高鐵票,金錢,,,否,,,,,,,
198,蔡壁如,113年立法委員選舉,第1次賸餘,1131206,參加公職人員選舉使用支出,台灣高速鐵路股份有限公司,16446274,0.00,675.00,,,,高鐵票,金錢,,,否,,,,,,,
199,蔡壁如,113年立法委員選舉,第1次賸餘,1131209,參加公職人員選舉使用支出,台灣高速鐵路股份有限公司,16446274,0.00,675.00,,,,高鐵票,金錢,,,否,,,,,,,
200,蔡壁如,113年立法委員選舉,第1次賸餘,1131209,參加公職人員選舉使用支出,台灣高速鐵路股份有限公司,16446274,0.00,675.00,,,,高鐵票,金錢,,,否,,,,,,,
201,蔡壁如,113年立法委員選舉,第1次賸餘,1131209,參加公職人員選舉使用支出,台灣高速鐵路股份有限公司,16446274,0.00,700.00,,,,高鐵票,金錢,,,否,,,,,,,
202,蔡壁如,113年立法委員選舉,第1次賸餘,1131211,參加公職人員選舉使用支出,台灣高速鐵路股份有限公司,16446274,0.00,700.00,,,,高鐵票,金錢,,,否,,,,,,,
203,蔡壁如,113年立法委員選舉,第1次賸餘,1131211,參加公職人員選舉使用支出,台灣高速鐵路股份有限公司,16446274,0.00,700.00,,,,高鐵票,金錢,,,否,,,,,,,
204,蔡壁如,113年立法委員選舉,第1次賸餘,1131212,參加公職人員選舉使用支出,台灣高速鐵路股份有限公司,16446274,0.00,595.00,,,,高鐵票,金錢,,,否,,,,,,,
205,蔡壁如,113年立法委員選舉,第1次賸餘,1131213,參加公職人員選舉使用支出,台灣高速鐵路股份有限公司,16446274,0.00,645.00,,,,高鐵票,金錢,,,否,,,,,,,
206,蔡壁如,113年立法委員選舉,第1次賸餘,1131213,參加公職人員選舉使用支出,台灣高速鐵路股份有限公司,16446274,0.00,245.00,,,,高鐵票,金錢,,,否,,,,,,,
207,蔡壁如,113年立法委員選舉,第1次賸餘,1131213,參加公職人員選舉使用支出,台灣高速鐵路股份有限公司,16446274,0.00,640.00,,,,高鐵票,金錢,,,否,,,,,,,
208,蔡壁如,113年立法委員選舉,第1次賸餘,1131217,參加公職人員選舉使用支出,台灣高速鐵路股份有限公司,16446274,0.00,700.00,,,,高鐵票,金錢,,,否,,,,,,,
209,蔡壁如,113年立法委員選舉,第1次賸餘,1131217,參加公職人員選舉使用支出,華信航空股份有限公司,23988865,0.00,2360.00,,,,交通,金錢,,,否,,,,,,,
210,蔡壁如,113年立法委員選舉,第1次賸餘,1131218,參加公職人員選舉使用支出,國營臺灣鐵路股份有限公司,07524729,0.00,343.00,,,,火車,金錢,,,否,,,,,,,
211,蔡壁如,113年立法委員選舉,第1次賸餘,1131219,參加公職人員選舉使用支出,台灣高速鐵路股份有限公司,16446274,0.00,970.00,,,,高鐵票,金錢,,,否,,,,,,,
212,蔡壁如,113年立法委員選舉,第1次賸餘,1131220,參加公職人員選舉使用支出,國營臺灣鐵路股份有限公司,07524729,0.00,440.00,,,,火車,金錢,,,否,,,,,,,
213,蔡壁如,113年立法委員選舉,第1次賸餘,1131220,參加公職人員選舉使用支出,台灣高速鐵路股份有限公司,16446274,0.00,700.00,,,,高鐵票,金錢,,,否,,,,,,,
214,蔡壁如,113年立法委員選舉,第1次賸餘,1131221,參加公職人員選舉使用支出,國營臺灣鐵路股份有限公司,07524729,0.00,440.00,,,,火車,金錢,,,否,,,,,,,
215,蔡壁如,113年立法委員選舉,第1次賸餘,1131221,參加公職人員選舉使用支出,台灣高速鐵路股份有限公司,16446274,0.00,520.00,,,,高鐵票,金錢,,,否,,,,,,,
216,蔡壁如,113年立法委員選舉,第1次賸餘,1131221,參加公職人員選舉使用支出,台灣高速鐵路股份有限公司,16446274,0.00,100.00,,,,高鐵票,金錢,,,否,,,,,,,
217,蔡壁如,113年立法委員選舉,第1次賸餘,1131222,參加公職人員選舉使用支出,台灣高速鐵路股份有限公司,16446274,0.00,675.00,,,,高鐵票,金錢,,,否,,,,,,,
218,蔡壁如,113年立法委員選舉,第1次賸餘,1131223,參加公職人員選舉使用支出,台灣高速鐵路股份有限公司,16446274,0.00,410.00,,,,高鐵票,金錢,,,否,,,,,,,
219,蔡壁如,113年立法委員選舉,第1次賸餘,1131223,參加公職人員選舉使用支出,台灣高速鐵路股份有限公司,16446274,0.00,410.00,,,,高鐵票,金錢,,,否,,,,,,,
220,蔡壁如,113年立法委員選舉,第1次賸餘,1131224,參加公職人員選舉使用支出,台灣高速鐵路股份有限公司,16446274,0.00,700.00,,,,高鐵票,金錢,,,否,,,,,,,
221,蔡壁如,113年立法委員選舉,第1次賸餘,1131224,參加公職人員選舉使用支出,台灣高速鐵路股份有限公司,16446274,0.00,1210.00,,,,高鐵票,金錢,,,否,,,,,,,
222,蔡壁如,113年立法委員選舉,第1次賸餘,1131226,參加公職人員選舉使用支出,台灣高速鐵路股份有限公司,16446274,0.00,790.00,,,,高鐵票,金錢,,,否,,,,,,,
223,蔡壁如,113年立法委員選舉,第1次賸餘,1131226,參加公職人員選舉使用支出,台灣高速鐵路股份有限公司,16446274,0.00,790.00,,,,高鐵票,金錢,,,否,,,,,,,
224,蔡壁如,113年立法委員選舉,第1次賸餘,1131227,參加公職人員選舉使用支出,台灣高速鐵路股份有限公司,16446274,0.00,700.00,,,,高鐵票,金錢,,,否,,,,,,,
225,蔡壁如,113年立法委員選舉,第1次賸餘,1131228,參加公職人員選舉使用支出,台灣高速鐵路股份有限公司,16446274,0.00,670.00,,,,高鐵票,金錢,,,否,,,,,,,
226,蔡壁如,113年立法委員選舉,第1次賸餘,1131228,參加公職人員選舉使用支出,台灣高速鐵路股份有限公司,16446274,0.00,790.00,,,,高鐵票,金錢,,,否,,,,,,,
227,蔡壁如,113年立法委員選舉,第1次賸餘,1131228,參加公職人員選舉使用支出,台灣高速鐵路股份有限公司,16446274,0.00,675.00,,,,高鐵票,金錢,,,否,,,,,,,
228,蔡壁如,113年立法委員選舉,第1次賸餘,1131228,參加公職人員選舉使用支出,竑穗興業股份有限公司高鐵五路三營業處,94504686,0.00,250.00,,,,停車,金錢,,,否,,,,,,,
229,蔡壁如,113年立法委員選舉,第1次賸餘,1131230,參加公職人員選舉使用支出,台灣高速鐵路股份有限公司,16446274,0.00,700.00,,,,高鐵票,金錢,,,否,,,,,,,
230,蔡壁如,113年立法委員選舉,第1次賸餘,1131231,參加公職人員選舉使用支出,台灣高速鐵路股份有限公司,16446274,0.00,700.00,,,,高鐵票,金錢,,,否,,,,,,,
