﻿序號,擬參選人／政黨,選舉名稱,申報序號／年度,交易日期,收支科目,捐贈者／支出對象,身分證／統一編號,收入金額,支出金額,支出用途,金錢類,地址,聯絡電話,資料更正日期
1,李中,109年立法委員選舉,首次申報,1080802,個人捐贈收入,陳盈吉,B12*******,30000.00,0.00,,金錢,臺中市大墩路****,,
2,李中,109年立法委員選舉,首次申報,1080802,個人捐贈收入,楊正國,L12*******,20000.00,0.00,,金錢,臺中市南屯區****,,
3,李中,109年立法委員選舉,首次申報,1080807,個人捐贈收入,劉素如,L22*******,100000.00,0.00,,金錢,台中市西屯區****,,
4,李中,109年立法委員選舉,首次申報,1080807,個人捐贈收入,許鴻冠,N12*******,100000.00,0.00,,金錢,臺中市西屯區****,,
5,李中,109年立法委員選舉,首次申報,1080807,個人捐贈收入,吳添福,W10*******,100000.00,0.00,,金錢,金門縣金城鎮****,,
6,李中,109年立法委員選舉,首次申報,1080808,個人捐贈收入,吳舜文,B22*******,100000.00,0.00,,金錢,臺中市西屯區****,,
7,李中,109年立法委員選舉,首次申報,1080808,個人捐贈收入,翁毓羚,T22*******,100000.00,0.00,,金錢,臺中市西區英****,,
8,李中,109年立法委員選舉,首次申報,1080828,營利事業捐贈收入,匯中開發有限公司,27307833,500000.00,0.00,,金錢,臺中市北區崇****,,
9,李中,109年立法委員選舉,首次申報,1080916,匿名捐贈,詹美珍,,500.00,0.00,,金錢,,,
10,李中,109年立法委員選舉,首次申報,1080916,匿名捐贈,陳守德,,500.00,0.00,,金錢,,,
11,李中,109年立法委員選舉,首次申報,1080916,營利事業捐贈收入,惠昇建設股份有限公司,80077888,300000.00,0.00,,金錢,臺中市西區英****,,
12,李中,109年立法委員選舉,首次申報,1080916,個人捐贈收入,陳元治,A12*******,100000.00,0.00,,金錢,臺中市西區大****,,
13,李中,109年立法委員選舉,首次申報,1080916,個人捐贈收入,吳六合,L12*******,100000.00,0.00,,金錢,臺中市西屯區****,,
14,李中,109年立法委員選舉,首次申報,1080918,個人捐贈收入,黃小美,B22*******,10000.00,0.00,,金錢,南投縣南投市****,,
15,李中,109年立法委員選舉,首次申報,1080920,個人捐贈收入,顏月娥,B22*******,30000.00,0.00,,金錢,台中市中華西****,,
16,李中,109年立法委員選舉,首次申報,1080923,個人捐贈收入,王祥生,D12*******,50000.00,0.00,,金錢,臺中市南區大****,,
17,李中,109年立法委員選舉,首次申報,1080927,個人捐贈收入,鄭立培,B12*******,100000.00,0.00,,金錢,臺中市南屯區****,,
18,李中,109年立法委員選舉,首次申報,1080927,個人捐贈收入,徐日新,K12*******,100000.00,0.00,,金錢,臺中市西屯區****,,
19,李中,109年立法委員選舉,首次申報,1080927,個人捐贈收入,曾晨珀,L12*******,100000.00,0.00,,金錢,台中市南屯區****,,
20,李中,109年立法委員選舉,首次申報,1080927,個人捐贈收入,吳秋凉,P22*******,100000.00,0.00,,金錢,台中市南屯區****,,
21,李中,109年立法委員選舉,首次申報,1081002,個人捐贈收入,陳文堂,B12*******,30000.00,0.00,,金錢,台中市南屯區****,,
22,李中,109年立法委員選舉,首次申報,1081002,個人捐贈收入,高鴻麟,B12*******,60000.00,0.00,,金錢,台北市信義區****,,
23,李中,109年立法委員選舉,首次申報,1081002,個人捐贈收入,連樹木,B12*******,60000.00,0.00,,金錢,台中市西屯區****,,
24,李中,109年立法委員選舉,首次申報,1081002,個人捐贈收入,徐筠棋,K22*******,30000.00,0.00,,金錢,台中市南屯區****,,
25,李中,109年立法委員選舉,首次申報,1081002,個人捐贈收入,林谷聯,L12*******,60000.00,0.00,,金錢,台中市西屯區****,,
26,李中,109年立法委員選舉,首次申報,1081002,個人捐贈收入,羅美英,S22*******,60000.00,0.00,,金錢,臺中市南屯區****,,
27,李中,109年立法委員選舉,首次申報,1081003,營利事業捐贈收入,津科建設有限公司,54749307,100000.00,0.00,,金錢,臺中市西區五****,,
28,李中,109年立法委員選舉,首次申報,1081003,營利事業捐贈收入,偉旻營造有限公司,89838023,100000.00,0.00,,金錢,臺中市西區五****,,
29,李中,109年立法委員選舉,首次申報,1081003,個人捐贈收入,陳世楨,L12*******,100000.00,0.00,,金錢,台中市西屯區****,,
30,李中,109年立法委員選舉,首次申報,1081003,個人捐贈收入,曾怡慧,N22*******,100000.00,0.00,,金錢,台中市西區精****,,
31,李中,109年立法委員選舉,首次申報,1081003,個人捐贈收入,洪乙彥,T12*******,100000.00,0.00,,金錢,臺中市西區五****,,
32,李中,109年立法委員選舉,首次申報,1081007,個人捐贈收入,陳石明,B10*******,50000.00,0.00,,金錢,臺中市西區華****,,
33,李中,109年立法委員選舉,首次申報,1081016,營利事業捐贈收入,冠鈞營造股份有限公司,22406980,100000.00,0.00,,金錢,臺中市西區公****,,
34,李中,109年立法委員選舉,首次申報,1081018,個人捐贈收入,李朝卿,B12*******,10000.00,0.00,,金錢,台中市南區崇****,,
35,李中,109年立法委員選舉,首次申報,1081021,個人捐贈收入,張孝愷,A12*******,80000.00,0.00,,金錢,台北市中山區****,,
36,李中,109年立法委員選舉,首次申報,1081023,營利事業捐贈收入,長增股份有限公司,89581992,100000.00,0.00,,金錢,臺中市西屯區****,,
37,李中,109年立法委員選舉,首次申報,1081028,個人捐贈收入,楊志鵬,L12*******,100000.00,0.00,,金錢,台中市北區博****,,
38,李中,109年立法委員選舉,首次申報,1081101,個人捐贈收入,于張玉葉,N20*******,100000.00,0.00,,金錢,臺中市南屯區****,,
39,李中,109年立法委員選舉,首次申報,1081111,個人捐贈收入,許志价,N10*******,100000.00,0.00,,金錢,台中市南屯區****,,
40,李中,109年立法委員選舉,首次申報,1081114,匿名捐贈,葉陳素珠,,300.00,0.00,,金錢,,,
41,李中,109年立法委員選舉,首次申報,1081115,個人捐贈收入,李瑞文,A12*******,100000.00,0.00,,金錢,臺中市北屯區****,,
42,李中,109年立法委員選舉,首次申報,1081118,匿名捐贈,陳玉葉,,500.00,0.00,,金錢,,,
43,李中,109年立法委員選舉,首次申報,1081121,個人捐贈收入,陳世英,N12*******,100000.00,0.00,,金錢,臺中市南屯區****,,
44,李中,109年立法委員選舉,首次申報,1081121,個人捐贈收入,蔡香霞,V22*******,100000.00,0.00,,金錢,臺中市南屯區****,,
45,李中,109年立法委員選舉,首次申報,1081125,個人捐贈收入,賴國弘,B12*******,100000.00,0.00,,金錢,台中市西區中****,,
46,李中,109年立法委員選舉,首次申報,1081125,個人捐贈收入,林聰國,K12*******,12000.00,0.00,,金錢,臺中市三民西****,,
47,李中,109年立法委員選舉,首次申報,1081125,個人捐贈收入,張哲睿,N12*******,50000.00,0.00,,金錢,臺中市西屯區****,,
48,李中,109年立法委員選舉,首次申報,1081126,營利事業捐贈收入,榕國投資股份有限公司,27790941,200000.00,0.00,,金錢,臺中市南屯區****,,
49,李中,109年立法委員選舉,首次申報,1081126,個人捐贈收入,寇世維,B12*******,10000.00,0.00,,金錢,台中市北屯區****,,
50,李中,109年立法委員選舉,首次申報,1081126,個人捐贈收入,魏嘉銘,L12*******,100000.00,0.00,,金錢,台中市西屯區****,,
51,李中,109年立法委員選舉,首次申報,1081127,匿名捐贈,匿名,,500.00,0.00,,金錢,,,
52,李中,109年立法委員選舉,首次申報,1081127,個人捐贈收入,林水源,B10*******,100000.00,0.00,,金錢,臺中市西屯區****,,
53,李中,109年立法委員選舉,首次申報,1081127,個人捐贈收入,王世榮,B12*******,100000.00,0.00,,金錢,臺中市西區英****,,
54,李中,109年立法委員選舉,首次申報,1081127,個人捐贈收入,王力慶,B12*******,50000.00,0.00,,金錢,臺中市西區英****,,
55,李中,109年立法委員選舉,首次申報,1081127,個人捐贈收入,林素禎,B22*******,50000.00,0.00,,金錢,台中市西屯區****,,
56,李中,109年立法委員選舉,首次申報,1081127,個人捐贈收入,林明毅,P12*******,10000.00,0.00,,金錢,台中市西屯區****,,
57,李中,109年立法委員選舉,首次申報,1081128,營利事業捐贈收入,君合工業股份有限公司,23967329,200000.00,0.00,,金錢,臺中市南屯區****,,
58,李中,109年立法委員選舉,首次申報,1081129,匿名捐贈,呂禮坤,,1000.00,0.00,,金錢,,,
59,李中,109年立法委員選舉,首次申報,1081202,匿名捐贈,匿名,,2000.00,0.00,,金錢,,,
60,李中,109年立法委員選舉,首次申報,1081202,個人捐贈收入,邵湘德,D22*******,20000.00,0.00,,金錢,臺中市大里區****,,
61,李中,109年立法委員選舉,首次申報,1081202,個人捐贈收入,江惠娟,D22*******,30000.00,0.00,,金錢,台中市樹義路****,,
62,李中,109年立法委員選舉,首次申報,1081203,個人捐贈收入,施鵬賢,B10*******,50000.00,0.00,,金錢,臺中市北屯區****,,
63,李中,109年立法委員選舉,首次申報,1081203,個人捐贈收入,楊進福,N12*******,50000.00,0.00,,金錢,臺中市北屯區****,,
64,李中,109年立法委員選舉,首次申報,1081204,營利事業捐贈收入,林維建設股份有限公司,80551568,200000.00,0.00,,金錢,臺中市西區大****,,
65,李中,109年立法委員選舉,首次申報,1081209,營利事業捐贈收入,新業建設股份有限公司,70517367,200000.00,0.00,,金錢,臺中市西屯區****,,
66,李中,109年立法委員選舉,首次申報,1081209,個人捐贈收入,梁棨閍,A12*******,100000.00,0.00,,金錢,台中市西屯區****,,
67,李中,109年立法委員選舉,首次申報,1081209,個人捐贈收入,周白金,A22*******,100000.00,0.00,,金錢,台中市西屯區****,,
68,李中,109年立法委員選舉,首次申報,1081210,個人捐贈收入,盧俊源,B12*******,100000.00,0.00,,金錢,臺中市北屯區****,,
69,李中,109年立法委員選舉,首次申報,1081210,個人捐贈收入,盧瑞菊,B20*******,100000.00,0.00,,金錢,臺中市南區樹****,,
70,李中,109年立法委員選舉,首次申報,1081211,人民團體捐贈收入,社團法人臺中市牙醫師公會,,50000.00,0.00,,金錢,台中市南區忠****,04-2*****,
71,李中,109年立法委員選舉,首次申報,1081211,營利事業捐贈收入,登仰建設有限公司,27667225,200000.00,0.00,,金錢,台中市南屯區****,,
72,李中,109年立法委員選舉,首次申報,1081211,個人捐贈收入,林宜宏,B12*******,20000.00,0.00,,金錢,台中市東區信****,,
73,李中,109年立法委員選舉,首次申報,1081212,個人捐贈收入,趙成年,B12*******,20000.00,0.00,,金錢,臺中市南屯區****,,
74,李中,109年立法委員選舉,首次申報,1081212,個人捐贈收入,范華軍,S12*******,100000.00,0.00,,金錢,高雄市鼓山區****,,
75,李中,109年立法委員選舉,首次申報,1081212,政黨捐贈收入,中國國民黨,政黨證字第1號,200000.00,0.00,,金錢,台北市中山區****,(02)*****,
76,李中,109年立法委員選舉,首次申報,1081213,匿名捐贈,林致誠,,2000.00,0.00,,金錢,,,
77,李中,109年立法委員選舉,首次申報,1081213,個人捐贈收入,張健漢,E10*******,100000.00,0.00,,金錢,台中市西區中****,,
78,李中,109年立法委員選舉,首次申報,1081213,個人捐贈收入,張健均,E10*******,100000.00,0.00,,金錢,臺中市西區存****,,
79,李中,109年立法委員選舉,首次申報,1081216,匿名捐贈,蘇秀枝,,3000.00,0.00,,金錢,,,
80,李中,109年立法委員選舉,首次申報,1081218,個人捐贈收入,柯啓煜,B12*******,100000.00,0.00,,金錢,臺中市西區五****,,
81,李中,109年立法委員選舉,首次申報,1081218,個人捐贈收入,林柔合,B22*******,20000.00,0.00,,金錢,台中市北屯區****,,
82,李中,109年立法委員選舉,首次申報,1081219,匿名捐贈,陳亨祿,,3000.00,0.00,,金錢,,,
83,李中,109年立法委員選舉,首次申報,1081219,營利事業捐贈收入,鴻鉅建設股份有限公司,24330353,300000.00,0.00,,金錢,臺中市西區大****,,
84,李中,109年立法委員選舉,首次申報,1081219,營利事業捐贈收入,大晟營造股份有限公司,86255706,200000.00,0.00,,金錢,臺中市西屯區****,,
85,李中,109年立法委員選舉,首次申報,1081219,個人捐贈收入,黃才丕,Q12*******,60000.00,0.00,,金錢,台中市南屯區****,,
86,李中,109年立法委員選舉,首次申報,1081220,匿名捐贈,匿名,,2000.00,0.00,,金錢,,,
87,李中,109年立法委員選舉,首次申報,1081220,個人捐贈收入,劉乃欣,B12*******,50000.00,0.00,,金錢,台中市北屯區****,,
88,李中,109年立法委員選舉,首次申報,1081220,個人捐贈收入,廖明芳,N12*******,100000.00,0.00,,金錢,台中市潭子區****,,
89,李中,109年立法委員選舉,首次申報,1081221,其他收入,利息收入,,90.00,0.00,,金錢,,,
90,李中,109年立法委員選舉,首次申報,1081223,營利事業捐贈收入,拓凱實業股份有限公司,52590175,200000.00,0.00,,金錢,臺中市南屯區****,,
91,李中,109年立法委員選舉,首次申報,1081223,個人捐贈收入,楊炯棠,B10*******,30000.00,0.00,,金錢,臺中市市政北****,,
92,李中,109年立法委員選舉,首次申報,1081223,個人捐贈收入,林雪虹,B20*******,10000.00,0.00,,金錢,臺中市南區建****,,
93,李中,109年立法委員選舉,首次申報,1081223,個人捐贈收入,林楊秀鑾,B20*******,100000.00,0.00,,金錢,台中市北區育****,,
94,李中,109年立法委員選舉,首次申報,1081223,個人捐贈收入,陳豐霖,E12*******,30000.00,0.00,,金錢,台中市南區三****,,
95,李中,109年立法委員選舉,首次申報,1081223,個人捐贈收入,吳蕙明,F22*******,100000.00,0.00,,金錢,臺中市北區陝****,,
96,李中,109年立法委員選舉,首次申報,1081224,個人捐贈收入,易昌運,L12*******,100000.00,0.00,,金錢,臺中市西屯區****,,
97,李中,109年立法委員選舉,首次申報,1081224,個人捐贈收入,蘇李寶彩,L20*******,60000.00,0.00,,金錢,臺中市東區練****,,
98,李中,109年立法委員選舉,首次申報,1081224,個人捐贈收入,王靖淇,L22*******,100000.00,0.00,,金錢,臺中市北區錦****,,
99,李中,109年立法委員選舉,首次申報,1081227,人民團體捐贈收入,台中市家畜肉類商業同業公會,,30000.00,0.00,,金錢,台中市西區忠****,04-2*****,
100,李中,109年立法委員選舉,首次申報,1081230,人民團體捐贈收入,臺中市不動產開發商業同業公會,,166617.00,0.00,,非金錢,台中市南屯區****,04-2*****,
101,李中,109年立法委員選舉,首次申報,1081230,個人捐贈收入,李郁暄,,11077.00,0.00,,非金錢,台中市北屯區****,,
102,李中,109年立法委員選舉,首次申報,1081230,營利事業捐贈收入,登悅建設有限公司,53869991,100000.00,0.00,,金錢,臺中市南屯區****,,
103,李中,109年立法委員選舉,首次申報,1081230,營利事業捐贈收入,林維建設股份有限公司,80551568,100000.00,0.00,,金錢,臺中市西區大****,,
104,李中,109年立法委員選舉,首次申報,1081230,個人捐贈收入,葉宗賢,B12*******,50000.00,0.00,,金錢,台中市西區仁****,,
105,李中,109年立法委員選舉,首次申報,1081230,個人捐贈收入,劉庭宇,B12*******,100000.00,0.00,,金錢,台中市北屯區****,,
106,李中,109年立法委員選舉,首次申報,1081230,個人捐贈收入,劉品辰,B12*******,100000.00,0.00,,金錢,台中市北屯區****,,
107,李中,109年立法委員選舉,首次申報,1081230,個人捐贈收入,劉舒蘋,B22*******,50000.00,0.00,,金錢,台中市北屯區****,,
108,李中,109年立法委員選舉,首次申報,1081230,個人捐贈收入,王威海,J12*******,100000.00,0.00,,非金錢,台中市大里區****,,
109,李中,109年立法委員選舉,首次申報,1081230,個人捐贈收入,劉欝鑐,M22*******,100000.00,0.00,,非金錢,台中市大里區****,,
110,李中,109年立法委員選舉,首次申報,1081230,個人捐贈收入,蔡適良,N12*******,100000.00,0.00,,非金錢,台中市南區忠****,,
111,李中,109年立法委員選舉,首次申報,1081230,個人捐贈收入,唐廷照,N12*******,42500.00,0.00,,非金錢,台中市南屯區****,,
112,李中,109年立法委員選舉,首次申報,1081230,個人捐贈收入,葉昱徵,N12*******,52206.00,0.00,,非金錢,台中市西區向****,,
113,李中,109年立法委員選舉,首次申報,1081230,個人捐贈收入,龔竟寬,T12*******,27600.00,0.00,,非金錢,屏東縣恆春鎮****,,
114,李中,109年立法委員選舉,首次申報,1081231,匿名捐贈,張世勳,,1000.00,0.00,,金錢,,,
115,李中,109年立法委員選舉,首次申報,1081231,匿名捐贈,匿名,,500.00,0.00,,金錢,,,
116,李中,109年立法委員選舉,首次申報,1081231,營利事業捐贈收入,國洲營造股份有限公司,16064211,100000.00,0.00,,金錢,臺中市南區正****,,
117,李中,109年立法委員選舉,首次申報,1081231,營利事業捐贈收入,喬維科技有限公司,89543365,6000.00,0.00,,金錢,臺中市西區朝****,,
118,李中,109年立法委員選舉,首次申報,1081231,個人捐贈收入,廖玉明,B10*******,10000.00,0.00,,金錢,台中市南區公****,,
119,李中,109年立法委員選舉,首次申報,1081231,個人捐贈收入,吳朝景,B10*******,5000.00,0.00,,金錢,台中市文心路****,,
120,李中,109年立法委員選舉,首次申報,1081231,個人捐贈收入,賴震東,B10*******,1000.00,0.00,,金錢,台中市西區民****,,
121,李中,109年立法委員選舉,首次申報,1081231,個人捐贈收入,蔡天福,B12*******,10000.00,0.00,,金錢,台中市南區忠****,,
122,李中,109年立法委員選舉,首次申報,1081231,個人捐贈收入,劉瑞明,B12*******,1000.00,0.00,,金錢,台中市北區益****,,
123,李中,109年立法委員選舉,首次申報,1081231,個人捐贈收入,劉文鵬,B12*******,1000.00,0.00,,金錢,台中市大里區****,,
124,李中,109年立法委員選舉,首次申報,1081231,個人捐贈收入,楊金發,B12*******,3000.00,0.00,,金錢,台中市西區英****,,
125,李中,109年立法委員選舉,首次申報,1081231,個人捐贈收入,白光曜,L10*******,2000.00,0.00,,金錢,台中市南區美****,,
126,李中,109年立法委員選舉,首次申報,1081231,個人捐贈收入,廖嘉豐,L12*******,2000.00,0.00,,金錢,台中市東區振****,,
127,李中,109年立法委員選舉,首次申報,1081231,個人捐贈收入,任英傑,M10*******,2000.00,0.00,,金錢,台中市西區五****,,
128,李中,109年立法委員選舉,首次申報,1081231,個人捐贈收入,洪錦騰,M10*******,1000.00,0.00,,金錢,台中市西區向****,,
129,李中,109年立法委員選舉,首次申報,1081231,個人捐贈收入,李燧焙,M10*******,3000.00,0.00,,金錢,台中市西區林****,,
130,李中,109年立法委員選舉,首次申報,1081231,個人捐贈收入,楊先智,M12*******,1000.00,0.00,,金錢,台中市南區懷****,,
131,李中,109年立法委員選舉,首次申報,1081231,個人捐贈收入,梁聯發,N10*******,10000.00,0.00,,金錢,台中市東區樂****,,
132,李中,109年立法委員選舉,首次申報,1090102,營利事業捐贈收入,龍寶建設股份有限公司,23179610,100000.00,0.00,,金錢,台中市北區館****,,
133,李中,109年立法委員選舉,首次申報,1090102,個人捐贈收入,陳堂立,B10*******,10000.00,0.00,,金錢,台中市西區金****,,
134,李中,109年立法委員選舉,首次申報,1090102,個人捐贈收入,廖維詮,B12*******,100000.00,0.00,,金錢,台中市南屯區****,,
135,李中,109年立法委員選舉,首次申報,1090102,個人捐贈收入,侯中南,D12*******,3000.00,0.00,,金錢,台中市西區中****,,
136,李中,109年立法委員選舉,首次申報,1090103,個人捐贈收入,廖朝守,B10*******,50000.00,0.00,,金錢,台中市南屯區****,,
137,李中,109年立法委員選舉,首次申報,1090103,個人捐贈收入,陳吉彰,B12*******,100000.00,0.00,,金錢,台中市西區公****,,
138,李中,109年立法委員選舉,首次申報,1090103,個人捐贈收入,易昌運,L12*******,50000.00,0.00,,金錢,台中市西屯區****,,
139,李中,109年立法委員選舉,首次申報,1090106,個人捐贈收入,徐紹展,H12*******,50000.00,0.00,,金錢,新北市淡水區****,,
140,李中,109年立法委員選舉,首次申報,1090110,個人捐贈收入,傅美智,B20*******,10000.00,0.00,,金錢,台中市南區復****,,
141,李中,109年立法委員選舉,首次申報,1090110,個人捐贈收入,李森彬,H10*******,2000.00,0.00,,金錢,桃園市桃園區****,,
142,李中,109年立法委員選舉,首次申報,1090110,個人捐贈收入,李翔昇,L12*******,6000.00,0.00,,金錢,台中市北屯區****,,
143,李中,109年立法委員選舉,首次申報,1090110,個人捐贈收入,謝立杰,P12*******,6000.00,0.00,,金錢,台中市南區新****,,
