﻿序號,擬參選人／政黨,選舉名稱,申報序號／年度,交易日期,收支科目,捐贈者／支出對象,身分證／統一編號,收入金額,支出金額,捐贈方式,存入專戶日期,返還/繳庫,支出用途,金錢類,地址,聯絡電話,應揭露之支出對象,支出對象之內部人員姓名,支出對象之內部人員職稱,政黨之內部人員姓名,政黨之內部人員職稱,關係,更正註記,資料更正日期
1,簡鳴佐,111年宜蘭縣羅東鎮鎮民代表選舉,首次申報,1110914,宣傳支出,瑋凱團體有限公司,27905232,0.00,7800.00,,,,製作競選物品或宣傳廣告費用（活動背心）,金錢,宜蘭縣宜蘭市****,,否,,,,,,,
2,簡鳴佐,111年宜蘭縣羅東鎮鎮民代表選舉,首次申報,1111116,公共關係費用支出,水秀花苑,02438611,0.00,4000.00,,,,聯誼交際費用,金錢,宜蘭縣羅東鎮****,,否,,,,,,,
3,簡鳴佐,111年宜蘭縣羅東鎮鎮民代表選舉,首次申報,1111202,集會支出,味芳小吃部,40600466,0.00,16590.00,,,,餐飲費用,金錢,宜蘭縣羅東鎮****,,否,,,,,,,
4,簡鳴佐,111年宜蘭縣羅東鎮鎮民代表選舉,首次申報,1111214,宣傳支出,意思創意整合行銷,31733211,0.00,41020.00,,,,製作競選物品或宣傳廣告費用（名片及關東旗等）,金錢,宜蘭縣冬山鄉****,,否,,,,,,,
