﻿序號,擬參選人／政黨,選舉名稱,申報序號／年度,交易日期,收支科目,捐贈者／支出對象,身分證／統一編號,收入金額,支出金額,支出用途,金錢類,地址,聯絡電話,資料更正日期
1,余天,第9屆新北市立法委員補選,首次申報,1080129,匿名捐贈,匿名,,2000.00,0.00,,金錢,,,
2,余天,第9屆新北市立法委員補選,首次申報,1080201,個人捐贈收入,陳志明,,10000.00,0.00,,金錢,臺北市中山區****,,
3,余天,第9屆新北市立法委員補選,首次申報,1080204,匿名捐贈,匿名,,300.00,0.00,,金錢,,,
4,余天,第9屆新北市立法委員補選,首次申報,1080204,匿名捐贈,匿名,,1000.00,0.00,,金錢,,,
5,余天,第9屆新北市立法委員補選,首次申報,1080205,匿名捐贈,匿名,,10000.00,0.00,,金錢,,,
6,余天,第9屆新北市立法委員補選,首次申報,1080207,匿名捐贈,匿名,,2000.00,0.00,,金錢,,,
7,余天,第9屆新北市立法委員補選,首次申報,1080213,匿名捐贈,黃金淦,,2000.00,0.00,,金錢,,,
8,余天,第9屆新北市立法委員補選,首次申報,1080213,匿名捐贈,黃玉麟,,3000.00,0.00,,金錢,,,
9,余天,第9屆新北市立法委員補選,首次申報,1080213,匿名捐贈,孫秀雯,,3000.00,0.00,,金錢,,,
10,余天,第9屆新北市立法委員補選,首次申報,1080215,營利事業捐贈收入,韋準電機有限公司,86018269,6000.00,0.00,,金錢,臺北市信義區****,,
11,余天,第9屆新北市立法委員補選,首次申報,1080217,匿名捐贈,匿名,,1000.00,0.00,,金錢,,,
12,余天,第9屆新北市立法委員補選,首次申報,1080218,個人捐贈收入,洪淑娥,,5000.00,0.00,,金錢,臺北市士林區****,,
13,余天,第9屆新北市立法委員補選,首次申報,1080218,個人捐贈收入,盧振南,,10000.00,0.00,,金錢,新北市新莊區****,,
14,余天,第9屆新北市立法委員補選,首次申報,1080218,匿名捐贈,匿名,,500.00,0.00,,金錢,,,
15,余天,第9屆新北市立法委員補選,首次申報,1080218,個人捐贈收入,黃雪紅,N22*******,30000.00,0.00,,金錢,臺北市松山區****,,
16,余天,第9屆新北市立法委員補選,首次申報,1080219,個人捐贈收入,賴瓊慧,,10000.00,0.00,,金錢,臺北市大安區****,,
17,余天,第9屆新北市立法委員補選,首次申報,1080219,匿名捐贈,黃金元,,6000.00,0.00,,金錢,,,
18,余天,第9屆新北市立法委員補選,首次申報,1080219,匿名捐贈,郭永興,,2000.00,0.00,,金錢,,,
19,余天,第9屆新北市立法委員補選,首次申報,1080219,個人捐贈收入,彭以信,B10*******,100000.00,0.00,,金錢,臺中市河南路****,,
20,余天,第9屆新北市立法委員補選,首次申報,1080219,個人捐贈收入,彭士杰,B12*******,100000.00,0.00,,金錢,臺中市河南路****,,
21,余天,第9屆新北市立法委員補選,首次申報,1080220,匿名捐贈,吳冠麟,,1000.00,0.00,,金錢,,,
22,余天,第9屆新北市立法委員補選,首次申報,1080220,匿名捐贈,匿名,,5830.00,0.00,,金錢,,,
23,余天,第9屆新北市立法委員補選,首次申報,1080220,匿名捐贈,匿名,,8000.00,0.00,,金錢,,,
24,余天,第9屆新北市立法委員補選,首次申報,1080220,匿名捐贈,匿名,,6000.00,0.00,,金錢,,,
25,余天,第9屆新北市立法委員補選,首次申報,1080220,匿名捐贈,匿名,,8000.00,0.00,,金錢,,,
26,余天,第9屆新北市立法委員補選,首次申報,1080220,匿名捐贈,匿名,,3000.00,0.00,,金錢,,,
27,余天,第9屆新北市立法委員補選,首次申報,1080220,個人捐贈收入,吳志育,A10*******,5000.00,0.00,,金錢,新北市三重區****,,
28,余天,第9屆新北市立法委員補選,首次申報,1080220,個人捐贈收入,黃文通,F12*******,20000.00,0.00,,金錢,新北市新莊區****,,
29,余天,第9屆新北市立法委員補選,首次申報,1080220,個人捐贈收入,陳啟東,F12*******,1000.00,0.00,,金錢,新北市三重區****,,
30,余天,第9屆新北市立法委員補選,首次申報,1080220,個人捐贈收入,葉素娥,F22*******,3000.00,0.00,,金錢,新北市三重區****,,
31,余天,第9屆新北市立法委員補選,首次申報,1080220,個人捐贈收入,傅慶火,K10*******,2000.00,0.00,,金錢,新北市三重區****,,
32,余天,第9屆新北市立法委員補選,首次申報,1080220,個人捐贈收入,陳紹翔,K12*******,20000.00,0.00,,金錢,新北市泰山區****,,
33,余天,第9屆新北市立法委員補選,首次申報,1080220,個人捐贈收入,賴維信,N12*******,100000.00,0.00,,金錢,臺中市大雅區****,,
34,余天,第9屆新北市立法委員補選,首次申報,1080221,匿名捐贈,匿名,,3600.00,0.00,,金錢,,,
35,余天,第9屆新北市立法委員補選,首次申報,1080222,匿名捐贈,李再福,,5000.00,0.00,,金錢,,,
36,余天,第9屆新北市立法委員補選,首次申報,1080222,個人捐贈收入,黃重生,A12*******,100000.00,0.00,,金錢,臺北市松山區****,,
37,余天,第9屆新北市立法委員補選,首次申報,1080224,匿名捐贈,匿名,,3000.00,0.00,,金錢,,,
38,余天,第9屆新北市立法委員補選,首次申報,1080225,匿名捐贈,郭永興,,8000.00,0.00,,金錢,,,
39,余天,第9屆新北市立法委員補選,首次申報,1080225,個人捐贈收入,洪千喬,F22*******,200000.00,0.00,,金錢,新北市淡水區****,,
40,余天,第9屆新北市立法委員補選,首次申報,1080225,個人捐贈收入,馬國梅,H22*******,200000.00,0.00,,金錢,臺北市內湖區****,,
41,余天,第9屆新北市立法委員補選,首次申報,1080225,個人捐贈收入,王偉銘,Y12*******,200000.00,0.00,,金錢,臺北市北投區****,,
42,余天,第9屆新北市立法委員補選,首次申報,1080226,匿名捐贈,李明威,,1000.00,0.00,,金錢,,,
43,余天,第9屆新北市立法委員補選,首次申報,1080226,個人捐贈收入,楊士慧,,5000.00,0.00,,金錢,臺北市中正區****,,
44,余天,第9屆新北市立法委員補選,首次申報,1080226,個人捐贈收入,余柏毅,E10*******,10000.00,0.00,,金錢,臺北市中山區****,,
45,余天,第9屆新北市立法委員補選,首次申報,1080227,個人捐贈收入,藍正朋,,10000.00,0.00,,金錢,新北市永和區****,,
46,余天,第9屆新北市立法委員補選,首次申報,1080227,個人捐贈收入,石公燦,A10*******,20000.00,0.00,,金錢,臺北市中山區****,,
47,余天,第9屆新北市立法委員補選,首次申報,1080227,個人捐贈收入,李建成,A12*******,50000.00,0.00,,金錢,臺北市大安區****,,
48,余天,第9屆新北市立法委員補選,首次申報,1080227,個人捐贈收入,黃瓊慧,A22*******,50000.00,0.00,,金錢,新北市板橋區****,,
49,余天,第9屆新北市立法委員補選,首次申報,1080227,個人捐贈收入,李偉鳴,B10*******,50000.00,0.00,,金錢,新北市板橋區****,,
50,余天,第9屆新北市立法委員補選,首次申報,1080227,個人捐贈收入,蔡見興,E10*******,70000.00,0.00,,金錢,高雄市三民區****,,
51,余天,第9屆新北市立法委員補選,首次申報,1080227,個人捐贈收入,陳茂男,F10*******,100000.00,0.00,,金錢,新北市林口區****,,
52,余天,第9屆新北市立法委員補選,首次申報,1080227,個人捐贈收入,陳冠榮,F12*******,30000.00,0.00,,金錢,新北市三重區****,,
53,余天,第9屆新北市立法委員補選,首次申報,1080227,個人捐贈收入,黃昭閔,N12*******,50000.00,0.00,,金錢,臺中市西屯區****,,
54,余天,第9屆新北市立法委員補選,首次申報,1080227,個人捐贈收入,劉國彰,N12*******,100000.00,0.00,,金錢,臺中市西屯區****,,
55,余天,第9屆新北市立法委員補選,首次申報,1080227,個人捐贈收入,蔡吉宏,P12*******,2000.00,0.00,,金錢,新北市林口區****,,
56,余天,第9屆新北市立法委員補選,首次申報,1080227,個人捐贈收入,郭慶瑞,Q10*******,1000.00,0.00,,金錢,新北市板橋區****,,
57,余天,第9屆新北市立法委員補選,首次申報,1080227,個人捐贈收入,李木欣,R10*******,50000.00,0.00,,金錢,臺北市忠孝路****,,
58,余天,第9屆新北市立法委員補選,首次申報,1080227,個人捐贈收入,曾景煌,S12*******,50000.00,0.00,,金錢,新北市板橋區****,,
59,余天,第9屆新北市立法委員補選,首次申報,1080228,個人捐贈收入,曾燦燈,,10000.00,0.00,,金錢,高雄市苓雅區****,,
60,余天,第9屆新北市立法委員補選,首次申報,1080304,個人捐贈收入,陳朝龍,F10*******,20000.00,0.00,,金錢,新北市汐止區****,,
61,余天,第9屆新北市立法委員補選,首次申報,1080304,個人捐贈收入,王琪,K22*******,30000.00,0.00,,金錢,新北市三重區****,,
62,余天,第9屆新北市立法委員補選,首次申報,1080305,匿名捐贈,匿名,,4390.00,0.00,,金錢,,,
63,余天,第9屆新北市立法委員補選,首次申報,1080305,匿名捐贈,匿名,,10000.00,0.00,,金錢,,,
64,余天,第9屆新北市立法委員補選,首次申報,1080305,匿名捐贈,匿名,,10000.00,0.00,,金錢,,,
65,余天,第9屆新北市立法委員補選,首次申報,1080305,匿名捐贈,匿名,,10000.00,0.00,,金錢,,,
66,余天,第9屆新北市立法委員補選,首次申報,1080305,匿名捐贈,匿名,,10000.00,0.00,,金錢,,,
67,余天,第9屆新北市立法委員補選,首次申報,1080305,營利事業捐贈收入,貫鵬高科技有限公司,16391643,100000.00,0.00,,金錢,新竹市湳中里****,,
68,余天,第9屆新北市立法委員補選,首次申報,1080305,個人捐贈收入,莊碩漢,A10*******,50000.00,0.00,,金錢,臺北市中山區****,,
69,余天,第9屆新北市立法委員補選,首次申報,1080305,個人捐贈收入,謝欣霓,A22*******,50000.00,0.00,,金錢,臺北市北投區****,,
70,余天,第9屆新北市立法委員補選,首次申報,1080305,個人捐贈收入,鄭富育,B12*******,50000.00,0.00,,金錢,臺北市中山區****,,
71,余天,第9屆新北市立法委員補選,首次申報,1080305,個人捐贈收入,吳明敏,D10*******,50000.00,0.00,,金錢,臺中市南區五****,,
72,余天,第9屆新北市立法委員補選,首次申報,1080305,個人捐贈收入,廖本煙,F10*******,50000.00,0.00,,金錢,新北市樹林區****,,
73,余天,第9屆新北市立法委員補選,首次申報,1080305,個人捐贈收入,鄭福來,F10*******,5000.00,0.00,,金錢,新北市三重區****,,
74,余天,第9屆新北市立法委員補選,首次申報,1080305,個人捐贈收入,郭榮宗,H10*******,50000.00,0.00,,金錢,桃園市觀音區****,,
75,余天,第9屆新北市立法委員補選,首次申報,1080305,個人捐贈收入,張瑞欽,L12*******,50000.00,0.00,,金錢,臺北市北投區****,,
76,余天,第9屆新北市立法委員補選,首次申報,1080305,個人捐贈收入,蔡恭,N10*******,1000.00,0.00,,金錢,臺北市大安區****,,
77,余天,第9屆新北市立法委員補選,首次申報,1080305,個人捐贈收入,許有杉,P12*******,100000.00,0.00,,金錢,新北市新莊區****,,
78,余天,第9屆新北市立法委員補選,首次申報,1080305,個人捐贈收入,陳楊素蕊,P20*******,1000.00,0.00,,金錢,臺北市信義區****,,
79,余天,第9屆新北市立法委員補選,首次申報,1080305,個人捐贈收入,林國慶,Q12*******,100000.00,0.00,,金錢,嘉義縣水上鄉****,,
80,余天,第9屆新北市立法委員補選,首次申報,1080305,個人捐贈收入,林茂發,Q12*******,3000.00,0.00,,金錢,新北市土城區****,,
81,余天,第9屆新北市立法委員補選,首次申報,1080305,個人捐贈收入,洪啟智,U12*******,10000.00,0.00,,金錢,新竹市大學路****,,
82,余天,第9屆新北市立法委員補選,首次申報,1080306,匿名捐贈,匿名,,1000.00,0.00,,金錢,,,
83,余天,第9屆新北市立法委員補選,首次申報,1080306,營利事業捐贈收入,員邦室內裝修設計股份有限公司,36275072,100000.00,0.00,,金錢,臺北市萬華區****,,
84,余天,第9屆新北市立法委員補選,首次申報,1080306,個人捐贈收入,林佳龍,A12*******,100000.00,0.00,,金錢,臺中市西區公****,,
85,余天,第9屆新北市立法委員補選,首次申報,1080307,個人捐贈收入,石一佑,A22*******,20000.00,0.00,,金錢,新北市板橋區****,,
86,余天,第9屆新北市立法委員補選,首次申報,1080307,個人捐贈收入,林迪芬,F22*******,3000.00,0.00,,金錢,新北市三重區****,,
87,余天,第9屆新北市立法委員補選,首次申報,1080307,個人捐贈收入,趙迎竹,Q10*******,2000.00,0.00,,金錢,新北市板橋區****,,
88,余天,第9屆新北市立法委員補選,首次申報,1080308,匿名捐贈,林江雪貞,,2000.00,0.00,,金錢,,,
89,余天,第9屆新北市立法委員補選,首次申報,1080308,匿名捐贈,王本立,,3000.00,0.00,,金錢,,,
90,余天,第9屆新北市立法委員補選,首次申報,1080308,營利事業捐贈收入,無限連結有限公司,64220563,50000.00,0.00,,金錢,臺中市民族路****,,
91,余天,第9屆新北市立法委員補選,首次申報,1080308,個人捐贈收入,陳光復,E10*******,50000.00,0.00,,金錢,澎湖縣馬公市****,,
92,余天,第9屆新北市立法委員補選,首次申報,1080308,個人捐贈收入,林寬政,F12*******,30000.00,0.00,,金錢,新北市土城區****,,
93,余天,第9屆新北市立法委員補選,首次申報,1080308,個人捐贈收入,黃宗源,H10*******,50000.00,0.00,,金錢,桃園市桃園區****,,
94,余天,第9屆新北市立法委員補選,首次申報,1080308,個人捐贈收入,蔡煌瑯,M12*******,50000.00,0.00,,金錢,臺北市中正區****,,
95,余天,第9屆新北市立法委員補選,首次申報,1080308,個人捐贈收入,余政憲,S12*******,50000.00,0.00,,金錢,高雄市橋頭區****,,
96,余天,第9屆新北市立法委員補選,首次申報,1080308,個人捐贈收入,鄭貴蓮,S22*******,50000.00,0.00,,金錢,高雄市橋頭區****,,
97,余天,第9屆新北市立法委員補選,首次申報,1080308,個人捐贈收入,賴坤成,V12*******,50000.00,0.00,,金錢,臺北市中正區****,,
98,余天,第9屆新北市立法委員補選,首次申報,1080308,個人捐贈收入,李佩璋,Y12*******,50000.00,0.00,,金錢,臺北市士林區****,,
99,余天,第9屆新北市立法委員補選,首次申報,1080311,匿名捐贈,匿名,,1000.00,0.00,,金錢,,,
100,余天,第9屆新北市立法委員補選,首次申報,1080311,個人捐贈收入,陳坤財,,5000.00,0.00,,金錢,臺中市西屯區****,,
101,余天,第9屆新北市立法委員補選,首次申報,1080311,匿名捐贈,匿名,,1000.00,0.00,,金錢,,,
102,余天,第9屆新北市立法委員補選,首次申報,1080311,匿名捐贈,匿名,,2000.00,0.00,,金錢,,,
103,余天,第9屆新北市立法委員補選,首次申報,1080311,個人捐贈收入,張清芳,F10*******,50000.00,0.00,,金錢,新北市樹林區****,,
104,余天,第9屆新北市立法委員補選,首次申報,1080311,個人捐贈收入,鄭寶清,H10*******,100000.00,0.00,,金錢,桃園市桃園區****,,
105,余天,第9屆新北市立法委員補選,首次申報,1080312,匿名捐贈,匿名,,9530.00,0.00,,金錢,,,
106,余天,第9屆新北市立法委員補選,首次申報,1080312,匿名捐贈,匿名,,10000.00,0.00,,金錢,,,
107,余天,第9屆新北市立法委員補選,首次申報,1080312,匿名捐贈,匿名,,8000.00,0.00,,金錢,,,
108,余天,第9屆新北市立法委員補選,首次申報,1080312,匿名捐贈,匿名,,9000.00,0.00,,金錢,,,
109,余天,第9屆新北市立法委員補選,首次申報,1080312,個人捐贈收入,蔡能威,,1000.00,0.00,,金錢,新北市三重區****,,
110,余天,第9屆新北市立法委員補選,首次申報,1080312,個人捐贈收入,賴維新,,1000.00,0.00,,金錢,新北市汐止區****,,
111,余天,第9屆新北市立法委員補選,首次申報,1080312,個人捐贈收入,周思偉,,300.00,0.00,,金錢,新北市三重區****,,
112,余天,第9屆新北市立法委員補選,首次申報,1080312,個人捐贈收入,劉炳淡,,1000.00,0.00,,金錢,新北市三重區****,,
113,余天,第9屆新北市立法委員補選,首次申報,1080312,個人捐贈收入,龔博育,,2000.00,0.00,,金錢,新北市中和區****,,
114,余天,第9屆新北市立法委員補選,首次申報,1080312,個人捐贈收入,蕭新旺,,2000.00,0.00,,金錢,新北市三重區****,,
115,余天,第9屆新北市立法委員補選,首次申報,1080312,個人捐贈收入,葉鴻源,A10*******,20000.00,0.00,,金錢,臺北市大同區****,,
116,余天,第9屆新北市立法委員補選,首次申報,1080312,個人捐贈收入,邱文彬,A10*******,50000.00,0.00,,金錢,臺北市信義區****,,
117,余天,第9屆新北市立法委員補選,首次申報,1080312,個人捐贈收入,陳宗義,A12*******,50000.00,0.00,,金錢,桃園市桃園區****,,
118,余天,第9屆新北市立法委員補選,首次申報,1080312,個人捐贈收入,陳大鈞,B12*******,100000.00,0.00,,金錢,臺中市北區錦****,,
119,余天,第9屆新北市立法委員補選,首次申報,1080312,個人捐贈收入,黃文芳,B12*******,100000.00,0.00,,金錢,臺中市北屯區****,,
120,余天,第9屆新北市立法委員補選,首次申報,1080312,個人捐贈收入,曾國進,F12*******,6000.00,0.00,,金錢,新北市板橋區****,,
121,余天,第9屆新北市立法委員補選,首次申報,1080312,個人捐贈收入,連麗凌,F22*******,100000.00,0.00,,金錢,新北市淡水區****,,
122,余天,第9屆新北市立法委員補選,首次申報,1080312,個人捐贈收入,江安代,N10*******,20000.00,0.00,,金錢,新北市三重區****,,
123,余天,第9屆新北市立法委員補選,首次申報,1080312,個人捐贈收入,林乾舜,P12*******,100000.00,0.00,,金錢,基隆市中正區****,,
124,余天,第9屆新北市立法委員補選,首次申報,1080312,政黨捐贈收入,民主進步黨,政黨證字第16號,2000000.00,0.00,,金錢,台北市北平東****,(02)*****,
125,余天,第9屆新北市立法委員補選,首次申報,1080313,匿名捐贈,林松山,,1000.00,0.00,,金錢,,,
126,余天,第9屆新北市立法委員補選,首次申報,1080314,個人捐贈收入,高敏慧,F22*******,100000.00,0.00,,金錢,新北市樹林區****,,
127,余天,第9屆新北市立法委員補選,首次申報,1080314,個人捐贈收入,洪國浩,M12*******,100000.00,0.00,,金錢,南投縣草屯鎮****,,
128,余天,第9屆新北市立法委員補選,首次申報,1080315,人民團體捐贈收入,新北市牙醫師公會,,30000.00,0.00,,金錢,新北市板橋區****,8961*****,
129,余天,第9屆新北市立法委員補選,首次申報,1080315,匿名捐贈,匿名,,2000.00,0.00,,金錢,,,
130,余天,第9屆新北市立法委員補選,首次申報,1080315,匿名捐贈,匿名,,2000.00,0.00,,金錢,,,
131,余天,第9屆新北市立法委員補選,首次申報,1080315,個人捐贈收入,陳遠明,,1000.00,0.00,,金錢,新北市三重區****,,
132,余天,第9屆新北市立法委員補選,首次申報,1080315,匿名捐贈,匿名,,2000.00,0.00,,金錢,,,
133,余天,第9屆新北市立法委員補選,首次申報,1080315,匿名捐贈,匿名,,2345.00,0.00,,金錢,,,
134,余天,第9屆新北市立法委員補選,首次申報,1080315,個人捐贈收入,羅時坤,,10000.00,0.00,,金錢,臺北市中山區****,,
135,余天,第9屆新北市立法委員補選,首次申報,1080315,個人捐贈收入,方水順,F12*******,20000.00,0.00,,金錢,新北市新莊區****,,
136,余天,第9屆新北市立法委員補選,首次申報,1080315,個人捐贈收入,黃仁杼,H10*******,50000.00,0.00,,金錢,桃園市中壢區****,,
137,余天,第9屆新北市立法委員補選,首次申報,1080315,個人捐贈收入,邱創良,H10*******,100000.00,0.00,,金錢,桃園市大溪區****,,
138,余天,第9屆新北市立法委員補選,首次申報,1080315,個人捐贈收入,林光華,J10*******,50000.00,0.00,,金錢,新竹縣竹北市****,,
139,余天,第9屆新北市立法委員補選,首次申報,1080315,個人捐贈收入,侯淑玲,L22*******,100000.00,0.00,,金錢,南投縣草屯鎮****,,
140,余天,第9屆新北市立法委員補選,首次申報,1080315,個人捐贈收入,蘇㛄馠,T22*******,100000.00,0.00,,金錢,臺北市中正區****,,
141,余天,第9屆新北市立法委員補選,首次申報,1080315,個人捐贈收入,蘇㛄瑾,T22*******,100000.00,0.00,,金錢,高雄市新興區****,,
