﻿序號,擬參選人／政黨,選舉名稱,申報序號／年度,交易日期,收支科目,捐贈者／支出對象,身分證／統一編號,收入金額,支出金額,支出用途,金錢類,地址,聯絡電話,資料更正日期
1,潘孟安,107年縣(市)長選舉,首次申報,1070813,個人捐贈收入,戴巧苓,J22*******,100000.00,0.00,,金錢,竹東鎮東昇路****,0972*****,
2,潘孟安,107年縣(市)長選舉,首次申報,1070813,個人捐贈收入,林佑俊,L12*******,100000.00,0.00,,金錢,嘉義縣朴子市****,0953*****,
3,潘孟安,107年縣(市)長選舉,首次申報,1070813,個人捐贈收入,李明憲,M12*******,100000.00,0.00,,金錢,竹東鎮東昇路****,0972*****,
4,潘孟安,107年縣(市)長選舉,首次申報,1070813,個人捐贈收入,張家禎,P22*******,100000.00,0.00,,金錢,台中市霧峰區****,9266*****,
5,潘孟安,107年縣(市)長選舉,首次申報,1070814,個人捐贈收入,李宜忠,B12*******,100000.00,0.00,,金錢,新北市汐止區****,0903*****,
6,潘孟安,107年縣(市)長選舉,首次申報,1070815,個人捐贈收入,陳千惠,A21*******,100000.00,0.00,,金錢,台中市霧峰區****,04-2*****,
7,潘孟安,107年縣(市)長選舉,首次申報,1070815,個人捐贈收入,李宜庸,B22*******,100000.00,0.00,,金錢,台中市霧峰區****,0921*****,
8,潘孟安,107年縣(市)長選舉,首次申報,1070815,個人捐贈收入,李宜欣,B22*******,100000.00,0.00,,金錢,台中市霧峰區****,04-2*****,
9,潘孟安,107年縣(市)長選舉,首次申報,1070816,個人捐贈收入,黃彥明,L12*******,100000.00,0.00,,金錢,台中市北屯區****,0922*****,
10,潘孟安,107年縣(市)長選舉,首次申報,1070816,個人捐贈收入,陳冠奕,T22*******,100000.00,0.00,,金錢,台中市北屯區****,0922*****,
11,潘孟安,107年縣(市)長選舉,首次申報,1070912,個人捐贈收入,鄭珮秀,E22*******,30000.00,0.00,,金錢,高雄市三多二****,0937*****,
12,潘孟安,107年縣(市)長選舉,首次申報,1070913,個人捐贈收入,鄭珮秀,E22*******,30000.00,0.00,,金錢,高雄市三多二****,0937*****,
13,潘孟安,107年縣(市)長選舉,首次申報,1070927,個人捐贈收入,林國忠,T10*******,100000.00,0.00,,金錢,屏東縣萬丹鄉****,,
14,潘孟安,107年縣(市)長選舉,首次申報,1070927,個人捐贈收入,李美玉,T20*******,100000.00,0.00,,金錢,屏東縣萬丹鄉****,,
15,潘孟安,107年縣(市)長選舉,首次申報,1070927,個人捐贈收入,林鳳琴,T22*******,100000.00,0.00,,金錢,高雄市鼓山區****,,
16,潘孟安,107年縣(市)長選舉,首次申報,1070927,個人捐贈收入,林永麗,T22*******,100000.00,0.00,,金錢,屏東縣萬丹鄉****,,
17,潘孟安,107年縣(市)長選舉,首次申報,1070927,個人捐贈收入,林鳳春,T22*******,100000.00,0.00,,金錢,高雄市苓雅區****,,
18,潘孟安,107年縣(市)長選舉,首次申報,1070928,營利事業捐贈收入,長輝事業股份有限公司,97140061,500000.00,0.00,,金錢,高雄市苓雅區****,,
19,潘孟安,107年縣(市)長選舉,首次申報,1071001,個人捐贈收入,黃福傳,T10*******,10000.00,0.00,,金錢,屏東縣高樹鄉****,0953*****,
20,潘孟安,107年縣(市)長選舉,首次申報,1071001,個人捐贈收入,鄭越庭,T10*******,30000.00,0.00,,金錢,屏東市香揚巷****,,
21,潘孟安,107年縣(市)長選舉,首次申報,1071001,個人捐贈收入,鄭志郎,T12*******,30000.00,0.00,,金錢,屏東市廣東路****,08-7*****,
22,潘孟安,107年縣(市)長選舉,首次申報,1071001,個人捐贈收入,郭羿含,T22*******,30000.00,0.00,,金錢,屏東縣長治鄉****,0938*****,
23,潘孟安,107年縣(市)長選舉,首次申報,1071002,個人捐贈收入,徐麗淑,R22*******,100000.00,0.00,,金錢,高雄市三民區****,0918*****,
24,潘孟安,107年縣(市)長選舉,首次申報,1071002,個人捐贈收入,林美芳,S22*******,100000.00,0.00,,金錢,高雄市鳳山區****,0987*****,
25,潘孟安,107年縣(市)長選舉,首次申報,1071003,個人捐贈收入,林萬坴,T10*******,6000.00,0.00,,金錢,屏東縣春日鄉****,08-8*****,
26,潘孟安,107年縣(市)長選舉,首次申報,1071004,營利事業捐贈收入,舜捷實業股份有限公司,89904830,1000000.00,0.00,,金錢,屏東縣屏東市****,08-7*****,
27,潘孟安,107年縣(市)長選舉,首次申報,1071008,個人捐贈收入,黃慧娟,Q22*******,100000.00,0.00,,金錢,嘉義縣朴子市****,05-3*****,
28,潘孟安,107年縣(市)長選舉,首次申報,1071008,個人捐贈收入,陳慶芳,R12*******,100000.00,0.00,,金錢,嘉義縣朴子市****,05-3*****,
29,潘孟安,107年縣(市)長選舉,首次申報,1071008,個人捐贈收入,許文龍,T12*******,10000.00,0.00,,金錢,屏東縣潮州鎮****,0920*****,
30,潘孟安,107年縣(市)長選舉,首次申報,1071009,營利事業捐贈收入,寶建醫療社團法人,10441934,40000.00,0.00,,金錢,屏東市中山路****,,
31,潘孟安,107年縣(市)長選舉,首次申報,1071009,個人捐贈收入,陳亮廷,B12*******,60000.00,0.00,,金錢,屏東縣屏東市****,7665*****,
32,潘孟安,107年縣(市)長選舉,首次申報,1071009,個人捐贈收入,邱昭榮,D12*******,50000.00,0.00,,金錢,台南市東區長****,0989*****,
33,潘孟安,107年縣(市)長選舉,首次申報,1071011,個人捐贈收入,吳君謙,E12*******,100000.00,0.00,,金錢,屏東市大溪路****,08-7*****,
34,潘孟安,107年縣(市)長選舉,首次申報,1071011,個人捐贈收入,吳宜蓁,E22*******,100000.00,0.00,,金錢,屏東市大溪路****,08-7*****,
35,潘孟安,107年縣(市)長選舉,首次申報,1071011,個人捐贈收入,許紫宥,E22*******,100000.00,0.00,,金錢,屏東市長治鄉****,0972*****,
36,潘孟安,107年縣(市)長選舉,首次申報,1071011,個人捐贈收入,黃玉婷,N22*******,50000.00,0.00,,金錢,彰化縣埔心鄉****,0910*****,
37,潘孟安,107年縣(市)長選舉,首次申報,1071011,個人捐贈收入,郭永清,S12*******,100000.00,0.00,,金錢,高雄市鼓山區****,0919*****,
38,潘孟安,107年縣(市)長選舉,首次申報,1071011,個人捐贈收入,曾連士,T10*******,50000.00,0.00,,金錢,林邊鄉榮農路****,08-8*****,
39,潘孟安,107年縣(市)長選舉,首次申報,1071011,個人捐贈收入,賴傳榮,T12*******,100000.00,0.00,,金錢,屏東市大溪路****,08-7*****,
40,潘孟安,107年縣(市)長選舉,首次申報,1071014,個人捐贈收入,潘政順,T12*******,20000.00,0.00,,金錢,內埔鄉和興村****,0911*****,
41,潘孟安,107年縣(市)長選舉,首次申報,1071014,個人捐贈收入,黃招枝,T22*******,10000.00,0.00,,金錢,內埔鄉興南村****,,
42,潘孟安,107年縣(市)長選舉,首次申報,1071015,營利事業捐贈收入,富統食品股份有限公司,23344294,100000.00,0.00,,金錢,屏東縣萬丹鄉****,7772*****,
43,潘孟安,107年縣(市)長選舉,首次申報,1071015,個人捐贈收入,陳振華,E12*******,100000.00,0.00,,金錢,高雄市左營區****,0922*****,
44,潘孟安,107年縣(市)長選舉,首次申報,1071015,個人捐贈收入,譚育驊,E20*******,100000.00,0.00,,金錢,屏東市歸仁路****,0921*****,
45,潘孟安,107年縣(市)長選舉,首次申報,1071015,個人捐贈收入,黃子宸,F22*******,100000.00,0.00,,金錢,新北市林口區****,0920*****,
46,潘孟安,107年縣(市)長選舉,首次申報,1071015,個人捐贈收入,涂永福,T10*******,2000.00,0.00,,金錢,屏東市崇勇街****,08-7*****,
47,潘孟安,107年縣(市)長選舉,首次申報,1071015,個人捐贈收入,林昭福,T10*******,3000.00,0.00,,金錢,屏東市公園東****,0961*****,
48,潘孟安,107年縣(市)長選舉,首次申報,1071016,營利事業捐贈收入,台禽生物科技股份有限公司,70632789,300000.00,0.00,,金錢,高雄市左營區****,,
49,潘孟安,107年縣(市)長選舉,首次申報,1071016,營利事業捐贈收入,屏東農產股份有限公司,92702838,200000.00,0.00,,金錢,屏東縣萬巒鄉****,,
50,潘孟安,107年縣(市)長選舉,首次申報,1071016,個人捐贈收入,王筱雯,A22*******,100000.00,0.00,,金錢,台中市西屯區****,0935*****,
51,潘孟安,107年縣(市)長選舉,首次申報,1071016,個人捐贈收入,黎沛潔,B26*******,100000.00,0.00,,金錢,台中市西屯區****,0982*****,
52,潘孟安,107年縣(市)長選舉,首次申報,1071016,個人捐贈收入,饒大維,L12*******,100000.00,0.00,,金錢,台中市西屯區****,0926*****,
53,潘孟安,107年縣(市)長選舉,首次申報,1071016,個人捐贈收入,吳月雲,L22*******,100000.00,0.00,,金錢,台中市大甲區****,0923*****,
54,潘孟安,107年縣(市)長選舉,首次申報,1071016,個人捐贈收入,黃濟宏,N12*******,100000.00,0.00,,金錢,台中市四川路****,0982*****,
55,潘孟安,107年縣(市)長選舉,首次申報,1071016,個人捐贈收入,劉珊萍,P22*******,100000.00,0.00,,金錢,高雄市鳳山區****,0925*****,
56,潘孟安,107年縣(市)長選舉,首次申報,1071016,個人捐贈收入,曾清芬,S22*******,100000.00,0.00,,金錢,高雄縣阿蓮區****,0921*****,
57,潘孟安,107年縣(市)長選舉,首次申報,1071016,個人捐贈收入,曾昭春,S22*******,100000.00,0.00,,金錢,高雄縣阿蓮區****,07-5*****,
58,潘孟安,107年縣(市)長選舉,首次申報,1071016,個人捐贈收入,林佑泉,T12*******,10000.00,0.00,,金錢,屏東市華盛街****,0935*****,
59,潘孟安,107年縣(市)長選舉,首次申報,1071016,個人捐贈收入,莊玟玲,T22*******,100000.00,0.00,,金錢,屏東縣崁頂鄉****,0972*****,
60,潘孟安,107年縣(市)長選舉,首次申報,1071016,個人捐贈收入,倪永富,V10*******,100000.00,0.00,,金錢,高雄市鳳山區****,0925*****,
61,潘孟安,107年縣(市)長選舉,首次申報,1071017,營利事業捐贈收入,羽禾整合精緻農業整合公司,55961023,50000.00,0.00,,金錢,屏東縣內埔鄉****,08-7*****,
62,潘孟安,107年縣(市)長選舉,首次申報,1071017,個人捐贈收入,廖松雄,T10*******,100000.00,0.00,,金錢,高雄市前鎮區****,0928*****,
63,潘孟安,107年縣(市)長選舉,首次申報,1071017,個人捐贈收入,林榮和,T10*******,30000.00,0.00,,金錢,屏東市棒球路****,,
64,潘孟安,107年縣(市)長選舉,首次申報,1071017,個人捐贈收入,蘇勝文,T10*******,5000.00,0.00,,金錢,,0937*****,
65,潘孟安,107年縣(市)長選舉,首次申報,1071018,個人捐贈收入,劉怡妏,F22*******,100000.00,0.00,,金錢,高雄市鹽埕區****,0935*****,
66,潘孟安,107年縣(市)長選舉,首次申報,1071018,個人捐贈收入,黃寶鑾,T20*******,100000.00,0.00,,金錢,高雄市鹽埕區****,0935*****,
67,潘孟安,107年縣(市)長選舉,首次申報,1071019,個人捐贈收入,孟繁光,B12*******,100000.00,0.00,,金錢,台中市南屯區****,04-2*****,
68,潘孟安,107年縣(市)長選舉,首次申報,1071019,個人捐贈收入,孟繁昌,B12*******,100000.00,0.00,,金錢,台中市太平區****,04-2*****,
69,潘孟安,107年縣(市)長選舉,首次申報,1071019,個人捐贈收入,何忠雄,B12*******,100000.00,0.00,,金錢,台中市西屯區****,04-2*****,
70,潘孟安,107年縣(市)長選舉,首次申報,1071019,個人捐贈收入,潘佩怡,E22*******,100000.00,0.00,,金錢,高雄市左營區****,0931*****,
71,潘孟安,107年縣(市)長選舉,首次申報,1071019,個人捐贈收入,何美齡,L22*******,100000.00,0.00,,金錢,台中市文心一****,04-2*****,
72,潘孟安,107年縣(市)長選舉,首次申報,1071019,個人捐贈收入,郭盈成,P12*******,20000.00,0.00,,金錢,台北市士林區****,0933*****,
73,潘孟安,107年縣(市)長選舉,首次申報,1071019,個人捐贈收入,陳長富,Q12*******,100000.00,0.00,,金錢,台中市大里區****,04-2*****,
74,潘孟安,107年縣(市)長選舉,首次申報,1071019,個人捐贈收入,鍾武雄,T10*******,6000.00,0.00,,金錢,屏東市棒球路****,08-7*****,
75,潘孟安,107年縣(市)長選舉,首次申報,1071019,個人捐贈收入,鄧文賢,T12*******,20000.00,0.00,,金錢,屏東市太原一****,0933*****,
76,潘孟安,107年縣(市)長選舉,首次申報,1071022,營利事業捐贈收入,佳德建材股份有限公司,22835413,500000.00,0.00,,金錢,高雄市三民區****,,
77,潘孟安,107年縣(市)長選舉,首次申報,1071022,個人捐贈收入,梁毓偉,D12*******,40000.00,0.00,,金錢,台南市歸仁區****,06-2*****,
78,潘孟安,107年縣(市)長選舉,首次申報,1071022,個人捐贈收入,梁意悅,R22*******,30000.00,0.00,,金錢,台南市歸仁區****,06-2*****,
79,潘孟安,107年縣(市)長選舉,首次申報,1071022,個人捐贈收入,王琮欽,S12*******,100000.00,0.00,,金錢,高雄市路竹區****,07-6*****,
80,潘孟安,107年縣(市)長選舉,首次申報,1071022,個人捐贈收入,陳吉雄,T10*******,10000.00,0.00,,金錢,屏東縣林邊鄉****,08-8*****,
81,潘孟安,107年縣(市)長選舉,首次申報,1071022,個人捐贈收入,莊寶來,T10*******,100000.00,0.00,,金錢,高雄市三民區****,0936*****,
82,潘孟安,107年縣(市)長選舉,首次申報,1071022,個人捐贈收入,曾智誠,T12*******,20000.00,0.00,,金錢,內埔鄉美興路****,0915*****,
83,潘孟安,107年縣(市)長選舉,首次申報,1071022,個人捐贈收入,鄭麗鏡,T20*******,100000.00,0.00,,金錢,長治鄉繁華村****,0956*****,
84,潘孟安,107年縣(市)長選舉,首次申報,1071022,個人捐贈收入,曾春英,T22*******,20000.00,0.00,,金錢,內埔鄉學仁路****,0918*****,
85,潘孟安,107年縣(市)長選舉,首次申報,1071022,個人捐贈收入,葉玲妤,T22*******,100000.00,0.00,,金錢,屏東縣長治鄉****,0921*****,
86,潘孟安,107年縣(市)長選舉,首次申報,1071022,個人捐贈收入,梁怡惠,U22*******,30000.00,0.00,,金錢,台南市歸仁區****,06-2*****,
87,潘孟安,107年縣(市)長選舉,首次申報,1071022,個人捐贈收入,陳烏蝶,X20*******,26000.00,0.00,,金錢,屏東市信義路****,0953*****,
88,潘孟安,107年縣(市)長選舉,首次申報,1071023,個人捐贈收入,吳義惠,T10*******,100000.00,0.00,,金錢,屏東縣崁頂鄉****,0928*****,
89,潘孟安,107年縣(市)長選舉,首次申報,1071023,個人捐贈收入,黃信彬,T12*******,100000.00,0.00,,金錢,屏東市光復路****,0926*****,
90,潘孟安,107年縣(市)長選舉,首次申報,1071023,個人捐贈收入,李泰翰,T12*******,100000.00,0.00,,金錢,屏東市華盛街****,0954*****,
91,潘孟安,107年縣(市)長選舉,首次申報,1071023,個人捐贈收入,周淑卿,T22*******,100000.00,0.00,,金錢,屏東縣新園鄉****,08-8*****,
92,潘孟安,107年縣(市)長選舉,首次申報,1071023,個人捐贈收入,楊淑芬,T22*******,100000.00,0.00,,金錢,屏東縣新園鄉****,0915*****,
93,潘孟安,107年縣(市)長選舉,首次申報,1071024,匿名捐贈,吳吉川,,1600.00,0.00,,金錢,,,
94,潘孟安,107年縣(市)長選舉,首次申報,1071024,個人捐贈收入,劉建志,E12*******,100000.00,0.00,,金錢,屏東市崇德一****,0937*****,
95,潘孟安,107年縣(市)長選舉,首次申報,1071024,個人捐贈收入,鍾戊己,T10*******,100000.00,0.00,,金錢,屏東縣新園鄉****,0918*****,
96,潘孟安,107年縣(市)長選舉,首次申報,1071025,個人捐贈收入,吳姵萮,S22*******,100000.00,0.00,,金錢,屏東市忠孝路****,0960*****,
97,潘孟安,107年縣(市)長選舉,首次申報,1071025,個人捐贈收入,鍾秀芳,T22*******,100000.00,0.00,,金錢,屏東縣內埔鄉****,,
98,潘孟安,107年縣(市)長選舉,首次申報,1071029,人民團體捐贈收入,社團法人屏東縣牙醫師公會,,100000.00,0.00,,金錢,屏東市和生路****,7239*****,
99,潘孟安,107年縣(市)長選舉,首次申報,1071029,營利事業捐贈收入,正和鋼鐵股份有限公司,11166999,1000000.00,0.00,,金錢,桃園市龜山區****,,
100,潘孟安,107年縣(市)長選舉,首次申報,1071029,營利事業捐贈收入,隆豐企業股份有限公司,15370509,1000000.00,0.00,,金錢,新北市三重區****,,
101,潘孟安,107年縣(市)長選舉,首次申報,1071029,個人捐贈收入,王泰原,A10*******,20000.00,0.00,,金錢,屏東縣屏東市****,08-7*****,
102,潘孟安,107年縣(市)長選舉,首次申報,1071029,個人捐贈收入,葉勝峯,A12*******,100000.00,0.00,,金錢,高雄市新興區****,0916*****,
103,潘孟安,107年縣(市)長選舉,首次申報,1071029,個人捐贈收入,凌玉珠,A22*******,100000.00,0.00,,金錢,台北市信義區****,,
104,潘孟安,107年縣(市)長選舉,首次申報,1071029,個人捐贈收入,葉豐榮,E12*******,100000.00,0.00,,金錢,高雄市新興區****,0916*****,
105,潘孟安,107年縣(市)長選舉,首次申報,1071029,個人捐贈收入,謝志騰,E12*******,100000.00,0.00,,金錢,台北市士林區****,0916*****,
106,潘孟安,107年縣(市)長選舉,首次申報,1071029,個人捐贈收入,吳蔚茹,R22*******,100000.00,0.00,,金錢,高雄市新興區****,0916*****,
107,潘孟安,107年縣(市)長選舉,首次申報,1071029,個人捐贈收入,林達英,T10*******,30000.00,0.00,,金錢,屏東市德豐街****,,
108,潘孟安,107年縣(市)長選舉,首次申報,1071029,個人捐贈收入,葉甲富,T10*******,10000.00,0.00,,金錢,屏東市廣東路****,08-7*****,
109,潘孟安,107年縣(市)長選舉,首次申報,1071029,個人捐贈收入,陳明城,T12*******,20000.00,0.00,,金錢,屏東縣屏東市****,0915*****,
110,潘孟安,107年縣(市)長選舉,首次申報,1071029,個人捐贈收入,李嘉慶,T12*******,10000.00,0.00,,金錢,長治鄉香楊村****,0912*****,
111,潘孟安,107年縣(市)長選舉,首次申報,1071029,個人捐贈收入,陳玉蓮,T20*******,100000.00,0.00,,金錢,高雄市新興區****,0916*****,
112,潘孟安,107年縣(市)長選舉,首次申報,1071030,營利事業捐贈收入,光南鋼鐵股份有限公司,84723705,300000.00,0.00,,金錢,高雄市路竹區****,07-6*****,
113,潘孟安,107年縣(市)長選舉,首次申報,1071031,個人捐贈收入,鄭方桂花,,16000.00,0.00,,金錢,v屏東縣新園****,08-8*****,
114,潘孟安,107年縣(市)長選舉,首次申報,1071031,個人捐贈收入,廖偉然,A12*******,100000.00,0.00,,金錢,新北市新店區****,0910*****,
115,潘孟安,107年縣(市)長選舉,首次申報,1071031,個人捐贈收入,廖偉任,A12*******,100000.00,0.00,,金錢,新北市新店區****,0910*****,
116,潘孟安,107年縣(市)長選舉,首次申報,1071031,個人捐贈收入,廖國榮,F10*******,100000.00,0.00,,金錢,新北市新店區****,0921*****,
117,潘孟安,107年縣(市)長選舉,首次申報,1071031,個人捐贈收入,許天來,T10*******,10000.00,0.00,,金錢,屏東縣高樹鄉****,0953*****,
118,潘孟安,107年縣(市)長選舉,首次申報,1071031,個人捐贈收入,陳邦惠,T10*******,30000.00,0.00,,金錢,屏東市民生路****,0932*****,
119,潘孟安,107年縣(市)長選舉,首次申報,1071031,個人捐贈收入,董慶豐,T10*******,3000.00,0.00,,金錢,屏東縣鹽埔鄉****,08-7*****,
120,潘孟安,107年縣(市)長選舉,首次申報,1071031,個人捐贈收入,劉仕彩,T10*******,3000.00,0.00,,金錢,屏東縣萬巒鄉****,0937*****,
121,潘孟安,107年縣(市)長選舉,首次申報,1071031,個人捐贈收入,廖德魁,T12*******,30000.00,0.00,,金錢,屏東縣內埔鄉****,0921*****,
122,潘孟安,107年縣(市)長選舉,首次申報,1071031,個人捐贈收入,曾順正,T12*******,100000.00,0.00,,金錢,屏東市公正一****,0937*****,
123,潘孟安,107年縣(市)長選舉,首次申報,1071031,個人捐贈收入,尤素美,T22*******,10000.00,0.00,,金錢,屏東縣新園鄉****,08-8*****,
124,潘孟安,107年縣(市)長選舉,首次申報,1071101,營利事業捐贈收入,威勝加油站企業股份有限公司,80614402,200000.00,0.00,,金錢,屏東縣新園鄉****,,
125,潘孟安,107年縣(市)長選舉,首次申報,1071101,個人捐贈收入,洪振仁,A12*******,100000.00,0.00,,金錢,台北市大安區****,,
126,潘孟安,107年縣(市)長選舉,首次申報,1071101,個人捐贈收入,余承曄,F12*******,100000.00,0.00,,金錢,新竹市東區新****,0972*****,
127,潘孟安,107年縣(市)長選舉,首次申報,1071101,個人捐贈收入,邱佳玲,T22*******,100000.00,0.00,,金錢,屏東縣內埔鄉****,0989*****,
128,潘孟安,107年縣(市)長選舉,首次申報,1071102,個人捐贈收入,謝財發,,10000.00,0.00,,金錢,屏東縣竹田鄉****,08-7*****,
129,潘孟安,107年縣(市)長選舉,首次申報,1071102,營利事業捐贈收入,大博鋼鐵股份有限公司,22523283,1000000.00,0.00,,金錢,高雄市前鎮區****,,
130,潘孟安,107年縣(市)長選舉,首次申報,1071102,營利事業捐贈收入,鑽石資本管理股份有限公司,54165133,1000000.00,0.00,,金錢,臺北市大安區****,,
131,潘孟安,107年縣(市)長選舉,首次申報,1071102,營利事業捐贈收入,豐屏股份有限公司,57051725,500000.00,0.00,,金錢,屏東市中正路****,,
132,潘孟安,107年縣(市)長選舉,首次申報,1071102,個人捐贈收入,楊靖儀,T22*******,50000.00,0.00,,金錢,屏東市林森路****,,
133,潘孟安,107年縣(市)長選舉,首次申報,1071105,個人捐贈收入,曾全福,,10000.00,0.00,,金錢,屏東市逢甲路****,08-7*****,
134,潘孟安,107年縣(市)長選舉,首次申報,1071105,個人捐贈收入,張雅屏,,20000.00,0.00,,金錢,屏東市大同里****,0933*****,
135,潘孟安,107年縣(市)長選舉,首次申報,1071105,個人捐贈收入,吳雪嬌,,20000.00,0.00,,金錢,屏東市勝豐里****,0934*****,
136,潘孟安,107年縣(市)長選舉,首次申報,1071105,營利事業捐贈收入,譽蒼生物科技股份有限公司,28307776,100000.00,0.00,,金錢,屏東縣高樹鄉****,0911*****,
137,潘孟安,107年縣(市)長選舉,首次申報,1071105,個人捐贈收入,陳國誠,F10*******,20000.00,0.00,,金錢,屏東縣林邊鄉****,0971*****,
138,潘孟安,107年縣(市)長選舉,首次申報,1071105,個人捐贈收入,傅丙林,S10*******,10000.00,0.00,,金錢,屏東市瑞光路****,08-7*****,
139,潘孟安,107年縣(市)長選舉,首次申報,1071105,個人捐贈收入,林明俊,T10*******,60000.00,0.00,,金錢,屏東縣長治鄉****,0988*****,
140,潘孟安,107年縣(市)長選舉,首次申報,1071105,個人捐贈收入,賴瑞斌,T12*******,3000.00,0.00,,金錢,屏東縣竹田鄉****,0922*****,
141,潘孟安,107年縣(市)長選舉,首次申報,1071105,個人捐贈收入,蕭義雄,T12*******,100000.00,0.00,,金錢,屏東市崇蘭里****,08-7*****,
142,潘孟安,107年縣(市)長選舉,首次申報,1071105,個人捐贈收入,朱毅恒,T12*******,100000.00,0.00,,金錢,屏東縣林邊鄉****,0932*****,
143,潘孟安,107年縣(市)長選舉,首次申報,1071105,個人捐贈收入,張沛暘,T22*******,30000.00,0.00,,金錢,屏東市廣興里****,,
144,潘孟安,107年縣(市)長選舉,首次申報,1071105,個人捐贈收入,鍾玉新,T22*******,50000.00,0.00,,金錢,屏東縣竹田鄉****,,
145,潘孟安,107年縣(市)長選舉,首次申報,1071106,營利事業捐贈收入,立宏鋼鐵股份有限公司,22813852,500000.00,0.00,,金錢,彰化市國聖里****,04-7*****,
146,潘孟安,107年縣(市)長選舉,首次申報,1071106,營利事業捐贈收入,劦茂金屬股份有限公司,86176787,500000.00,0.00,,金錢,高雄市岡山區****,,
147,潘孟安,107年縣(市)長選舉,首次申報,1071106,個人捐贈收入,陳志宏,A12*******,20000.00,0.00,,金錢,高雄市左營區****,07-5*****,
148,潘孟安,107年縣(市)長選舉,首次申報,1071106,個人捐贈收入,林呂盈,A12*******,10000.00,0.00,,金錢,高雄市左營區****,07-5*****,
149,潘孟安,107年縣(市)長選舉,首次申報,1071106,個人捐贈收入,許南盟,D10*******,50000.00,0.00,,金錢,高雄市左營區****,07-5*****,
150,潘孟安,107年縣(市)長選舉,首次申報,1071106,個人捐贈收入,陳秀英,E22*******,100000.00,0.00,,金錢,高雄市左營區****,07-5*****,
151,潘孟安,107年縣(市)長選舉,首次申報,1071106,個人捐贈收入,林詠婕,E22*******,100000.00,0.00,,金錢,高雄市左營區****,07-5*****,
152,潘孟安,107年縣(市)長選舉,首次申報,1071106,個人捐贈收入,侯志鴻,F12*******,10000.00,0.00,,金錢,高雄市左營區****,07-5*****,
153,潘孟安,107年縣(市)長選舉,首次申報,1071106,個人捐贈收入,鄭振國,G10*******,100000.00,0.00,,金錢,新北市中和區****,0972*****,
154,潘孟安,107年縣(市)長選舉,首次申報,1071106,個人捐贈收入,江郅豪,Q12*******,100000.00,0.00,,金錢,桃園市桃園區****,,
155,潘孟安,107年縣(市)長選舉,首次申報,1071106,個人捐贈收入,陳進鄉,S10*******,10000.00,0.00,,金錢,高雄市左營區****,07-5*****,
156,潘孟安,107年縣(市)長選舉,首次申報,1071106,個人捐贈收入,王義宗,S12*******,80000.00,0.00,,金錢,高雄市左營區****,07-5*****,
157,潘孟安,107年縣(市)長選舉,首次申報,1071106,個人捐贈收入,李武哲,S12*******,100000.00,0.00,,金錢,高雄市左營區****,07-5*****,
158,潘孟安,107年縣(市)長選舉,首次申報,1071106,個人捐贈收入,王世忠,T12*******,10000.00,0.00,,金錢,高雄市左營區****,07-5*****,
159,潘孟安,107年縣(市)長選舉,首次申報,1071106,個人捐贈收入,林建宏,T12*******,10000.00,0.00,,金錢,高雄市左營區****,07-5*****,
160,潘孟安,107年縣(市)長選舉,首次申報,1071106,個人捐贈收入,陳枝福,T12*******,30000.00,0.00,,金錢,屏東縣車城鄉****,08-8*****,
161,潘孟安,107年縣(市)長選舉,首次申報,1071106,個人捐贈收入,林惠珠,T22*******,100000.00,0.00,,金錢,屏東市豐年街****,,
162,潘孟安,107年縣(市)長選舉,首次申報,1071107,營利事業捐贈收入,宏偉冷凍食品股份有限公司,13187561,200000.00,0.00,,金錢,高樹鄉新南村****,08-7*****,
163,潘孟安,107年縣(市)長選舉,首次申報,1071107,營利事業捐贈收入,北南友鋼鐵企業股份有限公司,22098371,200000.00,0.00,,金錢,高雄市三民區****,07-2*****,
164,潘孟安,107年縣(市)長選舉,首次申報,1071107,個人捐贈收入,陳泰安,A12*******,100000.00,0.00,,金錢,桃園市桃園區****,0905*****,
165,潘孟安,107年縣(市)長選舉,首次申報,1071107,個人捐贈收入,王亮凱,A12*******,100000.00,0.00,,金錢,新竹市東區明****,0972*****,
166,潘孟安,107年縣(市)長選舉,首次申報,1071107,個人捐贈收入,沈佳容,R22*******,100000.00,0.00,,金錢,台北市寶清街****,0937*****,
167,潘孟安,107年縣(市)長選舉,首次申報,1071107,個人捐贈收入,王世幸,T20*******,10000.00,0.00,,金錢,屏東縣屏東市****,08-7*****,
168,潘孟安,107年縣(市)長選舉,首次申報,1071108,營利事業捐贈收入,阮三枰有限公司,50929904,100000.00,0.00,,金錢,高雄市左營區****,0939*****,
169,潘孟安,107年縣(市)長選舉,首次申報,1071108,營利事業捐贈收入,功行營造股份有限公司,89813304,200000.00,0.00,,金錢,高雄市新興區****,07-6*****,
170,潘孟安,107年縣(市)長選舉,首次申報,1071108,個人捐贈收入,孫玉龍,E10*******,100000.00,0.00,,金錢,屏東縣枋寮鄉****,,
171,潘孟安,107年縣(市)長選舉,首次申報,1071108,個人捐贈收入,王耀昇,E12*******,100000.00,0.00,,金錢,屏東縣枋寮鄉****,,
172,潘孟安,107年縣(市)長選舉,首次申報,1071108,個人捐贈收入,唐秀菊,E22*******,50000.00,0.00,,金錢,屏東市瑞光路****,08-7*****,
173,潘孟安,107年縣(市)長選舉,首次申報,1071108,個人捐贈收入,吳炳韜,S12*******,100000.00,0.00,,金錢,屏東縣枋寮鄉****,,
174,潘孟安,107年縣(市)長選舉,首次申報,1071108,個人捐贈收入,阮姿維,T22*******,50000.00,0.00,,金錢,屏東市瑞光路****,08-7*****,
175,潘孟安,107年縣(市)長選舉,首次申報,1071109,個人捐贈收入,徐偉倫,,10000.00,0.00,,金錢,屏東縣里港鄉****,0980*****,
176,潘孟安,107年縣(市)長選舉,首次申報,1071109,個人捐贈收入,蘇音慈,,10000.00,0.00,,金錢,屏東縣里港鄉****,0980*****,
177,潘孟安,107年縣(市)長選舉,首次申報,1071109,營利事業捐贈收入,坤翰紙業股份有限公司,22804811,100000.00,0.00,,金錢,長治鄉榮華村****,,
178,潘孟安,107年縣(市)長選舉,首次申報,1071109,營利事業捐贈收入,福南鋼鐵股份有限公司,83395583,300000.00,0.00,,金錢,屏東縣內埔鄉****,,
179,潘孟安,107年縣(市)長選舉,首次申報,1071109,個人捐贈收入,楊宜蓁,T22*******,100000.00,0.00,,金錢,屏東市友愛一****,0932*****,
180,潘孟安,107年縣(市)長選舉,首次申報,1071110,個人捐贈收入,鄭超陽,,20000.00,0.00,,金錢,高雄市三民區****,,
181,潘孟安,107年縣(市)長選舉,首次申報,1071112,個人捐贈收入,孔美惠,,10000.00,0.00,,金錢,屏東縣東港鎮****,0956*****,
182,潘孟安,107年縣(市)長選舉,首次申報,1071112,個人捐贈收入,吳榮州,R12*******,100000.00,0.00,,金錢,高雄市左營區****,0963*****,
183,潘孟安,107年縣(市)長選舉,首次申報,1071112,個人捐贈收入,白尉廷,T12*******,60000.00,0.00,,金錢,屏東市公園東****,,
184,潘孟安,107年縣(市)長選舉,首次申報,1071112,個人捐贈收入,王凱平,T12*******,2000.00,0.00,,金錢,屏東市中正路****,,
185,潘孟安,107年縣(市)長選舉,首次申報,1071112,個人捐贈收入,董志隆,T12*******,20000.00,0.00,,金錢,屏東縣車城鄉****,0935*****,
186,潘孟安,107年縣(市)長選舉,首次申報,1071112,個人捐贈收入,李修容,T22*******,20000.00,0.00,,金錢,屏東縣萬丹鄉****,0952*****,
187,潘孟安,107年縣(市)長選舉,首次申報,1071113,營利事業捐贈收入,金洲海洋科技股份有限公司,91871595,200000.00,0.00,,金錢,屏東縣新園鄉****,07-5*****,
188,潘孟安,107年縣(市)長選舉,首次申報,1071113,個人捐贈收入,施應鈞,T10*******,100000.00,0.00,,金錢,屏東縣萬丹鄉****,0912*****,
189,潘孟安,107年縣(市)長選舉,首次申報,1071113,個人捐贈收入,曾善光,T10*******,20000.00,0.00,,金錢,屏東縣麟洛鄉****,08-7*****,
190,潘孟安,107年縣(市)長選舉,首次申報,1071114,個人捐贈收入,鄭文騰,,20000.00,0.00,,金錢,屏東縣崁頂鄉****,0922*****,
191,潘孟安,107年縣(市)長選舉,首次申報,1071115,營利事業捐贈收入,大茂食品工業股份有限公司,91731075,100000.00,0.00,,金錢,屏東縣屏東市****,,
192,潘孟安,107年縣(市)長選舉,首次申報,1071115,個人捐贈收入,陳南忠,S10*******,20000.00,0.00,,金錢,屏東市建南路****,0935*****,
193,潘孟安,107年縣(市)長選舉,首次申報,1071115,個人捐贈收入,許倫源,S12*******,20000.00,0.00,,金錢,屏東縣麟洛鄉****,08-7*****,
194,潘孟安,107年縣(市)長選舉,首次申報,1071115,個人捐贈收入,程俊,T12*******,88800.00,0.00,,金錢,屏東市北平路****,,
195,潘孟安,107年縣(市)長選舉,首次申報,1071115,個人捐贈收入,郭朝源,T12*******,60000.00,0.00,,金錢,屏東縣南州鄉****,0932*****,
196,潘孟安,107年縣(市)長選舉,首次申報,1071115,個人捐贈收入,張碧霞,T22*******,10000.00,0.00,,金錢,屏東縣新園鄉****,0970*****,
197,潘孟安,107年縣(市)長選舉,首次申報,1071116,匿名捐贈,張瑋婷,,3000.00,0.00,,金錢,,,
198,潘孟安,107年縣(市)長選舉,首次申報,1071116,匿名捐贈,李玉蘭,,2000.00,0.00,,金錢,,,
199,潘孟安,107年縣(市)長選舉,首次申報,1071116,營利事業捐贈收入,樂聯工業股份有限公司,22144781,150000.00,0.00,,金錢,屏東縣枋寮鄉****,08-8*****,
200,潘孟安,107年縣(市)長選舉,首次申報,1071117,個人捐贈收入,吳明嘉,T10*******,2000.00,0.00,,金錢,屏東縣長治鄉****,08-7*****,
201,潘孟安,107年縣(市)長選舉,首次申報,1071117,個人捐贈收入,鍾壽喜,T12*******,100000.00,0.00,,金錢,屏東市內埔鄉****,0920*****,
202,潘孟安,107年縣(市)長選舉,首次申報,1071117,個人捐贈收入,利秀香,T22*******,100000.00,0.00,,金錢,屏東市內埔鄉****,0979*****,
203,潘孟安,107年縣(市)長選舉,首次申報,1071119,營利事業捐贈收入,榮旭水產企業有限公司,28493194,200000.00,0.00,,金錢,屏東市大連路****,0933*****,
204,潘孟安,107年縣(市)長選舉,首次申報,1071119,個人捐贈收入,楊丕暄,F12*******,100000.00,0.00,,金錢,屏東市棒球路****,,
205,潘孟安,107年縣(市)長選舉,首次申報,1071119,個人捐贈收入,陳弘鈞,F12*******,100000.00,0.00,,金錢,屏東縣林邊鄉****,0914*****,
206,潘孟安,107年縣(市)長選舉,首次申報,1071119,個人捐贈收入,楊丕詩,F12*******,100000.00,0.00,,金錢,屏東縣林邊鄉****,,
207,潘孟安,107年縣(市)長選舉,首次申報,1071119,個人捐贈收入,梁逸庭,F22*******,100000.00,0.00,,金錢,新北市三重區****,,
208,潘孟安,107年縣(市)長選舉,首次申報,1071119,個人捐贈收入,蕭長鑫,K10*******,10000.00,0.00,,金錢,屏東市建豐路****,0953*****,
209,潘孟安,107年縣(市)長選舉,首次申報,1071119,個人捐贈收入,陳聰池,T10*******,10000.00,0.00,,金錢,屏東市永大路****,08-7*****,
210,潘孟安,107年縣(市)長選舉,首次申報,1071119,個人捐贈收入,李國賢,T12*******,10000.00,0.00,,金錢,屏東縣萬丹鄉****,0920*****,
211,潘孟安,107年縣(市)長選舉,首次申報,1071119,個人捐贈收入,黃忠河,T12*******,100000.00,0.00,,金錢,屏東縣林邊鄉****,0908*****,
212,潘孟安,107年縣(市)長選舉,首次申報,1071119,個人捐贈收入,鄭超文,T12*******,100000.00,0.00,,金錢,林邊鄉美華路****,0958*****,
213,潘孟安,107年縣(市)長選舉,首次申報,1071119,個人捐贈收入,朱晉佑,T12*******,100000.00,0.00,,金錢,屏東縣南州鄉****,0911*****,
214,潘孟安,107年縣(市)長選舉,首次申報,1071119,個人捐贈收入,鄭旭堯,T12*******,100000.00,0.00,,金錢,屏東縣林邊鄉****,08-8*****,
215,潘孟安,107年縣(市)長選舉,首次申報,1071119,個人捐贈收入,張雅玲,T22*******,100000.00,0.00,,金錢,屏東縣長治鄉****,0930*****,
216,潘孟安,107年縣(市)長選舉,首次申報,1071119,個人捐贈收入,林郁英,T22*******,100000.00,0.00,,金錢,林邊鄉(村)****,0938*****,
217,潘孟安,107年縣(市)長選舉,首次申報,1071120,個人捐贈收入,陳周和美,,10000.00,0.00,,金錢,屏東縣恆春鎮****,0910*****,
218,潘孟安,107年縣(市)長選舉,首次申報,1071120,營利事業捐贈收入,梅鳳企業有限公司,23072080,1000000.00,0.00,,金錢,雲林縣大埤鄉****,05-5*****,
219,潘孟安,107年縣(市)長選舉,首次申報,1071120,個人捐贈收入,王慧群,A22*******,100000.00,0.00,,金錢,南投縣仁愛鄉****,,
220,潘孟安,107年縣(市)長選舉,首次申報,1071120,個人捐贈收入,謝鎮州,E12*******,20000.00,0.00,,金錢,屏東縣潮州鎮****,0929*****,
221,潘孟安,107年縣(市)長選舉,首次申報,1071120,個人捐贈收入,林尾妹,M20*******,100000.00,0.00,,金錢,南投縣仁愛鄉****,,
222,潘孟安,107年縣(市)長選舉,首次申報,1071120,個人捐贈收入,何琇碧,Q22*******,100000.00,0.00,,金錢,屏東縣新埤鄉****,,
223,潘孟安,107年縣(市)長選舉,首次申報,1071120,個人捐贈收入,蔡旻桓,T12*******,20000.00,0.00,,金錢,屏東市歸仁路****,0910*****,
224,潘孟安,107年縣(市)長選舉,首次申報,1071120,個人捐贈收入,洪景崇,T12*******,100000.00,0.00,,金錢,屏東縣新埤鄉****,0933*****,
225,潘孟安,107年縣(市)長選舉,首次申報,1071121,個人捐贈收入,曾詔祺,,20000.00,0.00,,金錢,屏東縣長治鄉****,,
226,潘孟安,107年縣(市)長選舉,首次申報,1071121,個人捐贈收入,張雅雄,T10*******,10000.00,0.00,,金錢,屏東縣屏東市****,0932*****,
227,潘孟安,107年縣(市)長選舉,首次申報,1071122,個人捐贈收入,楊智欽,A12*******,100000.00,0.00,,金錢,台北市內湖區****,0930*****,
228,潘孟安,107年縣(市)長選舉,首次申報,1071122,個人捐贈收入,王瑞豪,E12*******,60000.00,0.00,,金錢,澎湖縣湖西鄉****,0979*****,
229,潘孟安,107年縣(市)長選舉,首次申報,1071122,個人捐贈收入,徐伯基,G10*******,20000.00,0.00,,金錢,台北市內湖區****,0930*****,
230,潘孟安,107年縣(市)長選舉,首次申報,1071123,個人捐贈收入,劉啟榮,E12*******,100000.00,0.00,,金錢,屏東市大連路****,0939*****,
231,潘孟安,107年縣(市)長選舉,首次申報,1071123,個人捐贈收入,楊金凱,R12*******,100000.00,0.00,,金錢,屏東市清世街****,0929*****,
232,潘孟安,107年縣(市)長選舉,首次申報,1071123,個人捐贈收入,卜玉和,T10*******,2000.00,0.00,,金錢,屏東市海豐仁****,08-7*****,
233,潘孟安,107年縣(市)長選舉,首次申報,1071123,個人捐贈收入,吳明澧,T10*******,10000.00,0.00,,金錢,屏東市建豐路****,0918*****,
234,潘孟安,107年縣(市)長選舉,首次申報,1071123,個人捐贈收入,張恆隆,T10*******,20000.00,0.00,,金錢,屏東縣恆春鎮****,0937*****,
235,潘孟安,107年縣(市)長選舉,首次申報,1071123,個人捐贈收入,方次郎,T10*******,10000.00,0.00,,金錢,屏東縣潮州鎮****,08-7*****,
236,潘孟安,107年縣(市)長選舉,首次申報,1071123,個人捐贈收入,潘進發,T12*******,100000.00,0.00,,金錢,屏東縣恆春鎮****,0917*****,
237,潘孟安,107年縣(市)長選舉,首次申報,1071123,個人捐贈收入,陳建翰,T12*******,100000.00,0.00,,金錢,屏東縣東港鎮****,08-8*****,
238,潘孟安,107年縣(市)長選舉,首次申報,1071123,個人捐贈收入,吳國貴,T12*******,75000.00,0.00,,金錢,屏東市復興南****,0933*****,
239,潘孟安,107年縣(市)長選舉,首次申報,1071123,個人捐贈收入,劉林淑芳,T22*******,100000.00,0.00,,金錢,屏東市大連路****,0939*****,
240,潘孟安,107年縣(市)長選舉,首次申報,1071123,個人捐贈收入,劉玫纓,T22*******,100000.00,0.00,,金錢,屏東縣東港鎮****,08-8*****,
