﻿序號,擬參選人／政黨,選舉名稱,申報序號／年度,交易日期,收支科目,捐贈者／支出對象,身分證／統一編號,收入金額,支出金額,捐贈方式,存入專戶日期,返還/繳庫,支出用途,金錢類,地址,聯絡電話,應揭露之支出對象,支出對象之內部人員姓名,支出對象之內部人員職稱,政黨之內部人員姓名,政黨之內部人員職稱,關係,更正註記,資料更正日期
1,林繼爰,111年新北市板橋區福丘里里長選舉,首次申報,1110823,雜支支出,習遠齋印社,,0.00,1000.00,,,,開戶印章,金錢,新北市板橋區****,,否,,,,,,,
2,林繼爰,111年新北市板橋區福丘里里長選舉,首次申報,1110901,雜支支出,新北市板橋區公所,49857044,0.00,50000.00,,,,選舉保證金費（未退回保證金者得以報支）,金錢,新北市板橋區****,,否,,,,,,,
3,林繼爰,111年新北市板橋區福丘里里長選舉,首次申報,1110912,宣傳支出,捷可印,,0.00,1048.00,,,,郵寄競選物品或宣傳廣告費用,金錢,新北市土城區****,,否,,,,,,,
4,林繼爰,111年新北市板橋區福丘里里長選舉,首次申報,1110920,宣傳支出,興誠國際實業社,,0.00,5800.00,,,,宣傳用環保袋,金錢,新北市土城區****,,否,,,,,,,
5,林繼爰,111年新北市板橋區福丘里里長選舉,首次申報,1111021,宣傳支出,佑成書局,14507198,0.00,49.00,,,,製作文宣用的文具用品,金錢,新北市板橋區****,,否,,,,,,,
6,林繼爰,111年新北市板橋區福丘里里長選舉,首次申報,1111023,宣傳支出,佑成書局,14507198,0.00,418.00,,,,製作文宣用的文具用品,金錢,新北市板橋區****,,否,,,,,,,
7,林繼爰,111年新北市板橋區福丘里里長選舉,首次申報,1111027,宣傳支出,佑成書局,14507198,0.00,27.00,,,,製作文宣用的文具用品,金錢,新北市板橋區****,,否,,,,,,,
8,林繼爰,111年新北市板橋區福丘里里長選舉,首次申報,1111027,宣傳支出,佑成書局,14507198,0.00,459.00,,,,製作文宣用的文具用品,金錢,新北市板橋區****,,否,,,,,,,
9,林繼爰,111年新北市板橋區福丘里里長選舉,首次申報,1111109,宣傳支出,臉書META,,0.00,12656.00,,,,數位廣告,金錢,臺北市信義區****,,否,,,,,,,
10,林繼爰,111年新北市板橋區福丘里里長選舉,首次申報,1111114,集會支出,新北市板橋區公所,49857044,0.00,705.00,,,,租用場地費用,金錢,新北市板橋區****,,否,,,,,,,
11,林繼爰,111年新北市板橋區福丘里里長選舉,首次申報,1111218,返還捐贈支出,張曉光,H22*******,0.00,50000.00,,,,返還,金錢,新北市三重區****,,否,,,,,,,
