﻿序號,擬參選人／政黨,選舉名稱,申報序號／年度,交易日期,收支科目,捐贈者／支出對象,身分證／統一編號,收入金額,支出金額,捐贈方式,存入專戶日期,返還/繳庫,支出用途,金錢類,地址,聯絡電話,應揭露之支出對象,支出對象之內部人員姓名,支出對象之內部人員職稱,政黨之內部人員姓名,政黨之內部人員職稱,關係,更正註記,資料更正日期
1,陳秋月,111年宜蘭縣南澳鄉鄉長選舉,首次申報,1110615,租用競選辦事處支出,高曾金治,G20*******,0.00,165000.00,,,,租用競選辦事處費用,金錢,宜蘭縣南澳鄉****,,是,高曾金治,,,,共同生活家屬(乾媽),,
2,陳秋月,111年宜蘭縣南澳鄉鄉長選舉,首次申報,1110620,雜支支出,頂新商行,,0.00,1650.00,,,,文具用品費用,金錢,臺北市大安區****,,否,,,,,,,
3,陳秋月,111年宜蘭縣南澳鄉鄉長選舉,首次申報,1110620,交通旅運支出,台北計程車,,0.00,120.00,,,,搭乘交通工具費用,金錢,臺北市****,0987*****,否,,,,,,,
4,陳秋月,111年宜蘭縣南澳鄉鄉長選舉,首次申報,1110620,交通旅運支出,台北計程車,,0.00,95.00,,,,搭乘交通工具費用,金錢,臺北市****,0339*****,否,,,,,,,
5,陳秋月,111年宜蘭縣南澳鄉鄉長選舉,首次申報,1110620,雜支支出,大蘭陽傳播工作室,77051548,0.00,14000.00,,,,書報雜誌費用,金錢,宜蘭縣五結鄉****,,否,,,,,,,
6,陳秋月,111年宜蘭縣南澳鄉鄉長選舉,首次申報,1110620,雜支支出,中華郵政,B12*******,0.00,20.00,,,,劃撥存款手續費(存款人:孔文吉),金錢,,,否,,,,,,,
7,陳秋月,111年宜蘭縣南澳鄉鄉長選舉,首次申報,1110621,交通旅運支出,山隆加油站,85292555,0.00,1120.00,,,,油資,金錢,,,否,,,,,,,
8,陳秋月,111年宜蘭縣南澳鄉鄉長選舉,首次申報,1110622,交通旅運支出,良晨實業有限公司,89337816,0.00,970.00,,,,油資,金錢,宜蘭縣蘇澳鎮****,,否,,,,,,,
9,陳秋月,111年宜蘭縣南澳鄉鄉長選舉,首次申報,1110622,雜支支出,中華郵政,M22*******,0.00,20.00,,,,劃撥存款手續費(存款人:蔡念慈),金錢,,,否,,,,,,,
10,陳秋月,111年宜蘭縣南澳鄉鄉長選舉,首次申報,1110623,雜支支出,中華電信,,0.00,55.00,,,,電信費用,金錢,,03-9*****,否,,,,,,,
11,陳秋月,111年宜蘭縣南澳鄉鄉長選舉,首次申報,1110623,雜支支出,中華電信,31926147,0.00,22.00,,,,電信費用,金錢,,,否,,,,,,,
12,陳秋月,111年宜蘭縣南澳鄉鄉長選舉,首次申報,1110623,雜支支出,中華電信,31926147,0.00,15800.00,,,,電信費用(手機),金錢,,,否,,,,,,,
13,陳秋月,111年宜蘭縣南澳鄉鄉長選舉,首次申報,1110623,雜支支出,中華電信,31926147,0.00,2970.00,,,,電信費用(手機配件),金錢,,,否,,,,,,,
14,陳秋月,111年宜蘭縣南澳鄉鄉長選舉,首次申報,1110624,交通旅運支出,首都客運,34049262,0.00,131.00,,,,搭乘交通工具費用,金錢,,,否,,,,,,,
15,陳秋月,111年宜蘭縣南澳鄉鄉長選舉,首次申報,1110624,交通旅運支出,首都客運,34049262,0.00,131.00,,,,搭乘交通工具費用,金錢,,,否,,,,,,,
16,陳秋月,111年宜蘭縣南澳鄉鄉長選舉,首次申報,1110629,交通旅運支出,台北計程車,,0.00,120.00,,,,搭乘交通工具費用,金錢,,02-2*****,否,,,,,,,
17,陳秋月,111年宜蘭縣南澳鄉鄉長選舉,首次申報,1110629,交通旅運支出,台北計程車,,0.00,145.00,,,,搭乘交通工具費用,金錢,,02-8*****,否,,,,,,,
18,陳秋月,111年宜蘭縣南澳鄉鄉長選舉,首次申報,1110629,雜支支出,知藝商行,17735420,0.00,715.00,,,,雜項購置(原住民織帶),金錢,,,否,,,,,,,
19,陳秋月,111年宜蘭縣南澳鄉鄉長選舉,首次申報,1110630,交通旅運支出,蘇澳交流道加油站,28777349,0.00,1503.00,,,,油資,金錢,,,否,,,,,,,
20,陳秋月,111年宜蘭縣南澳鄉鄉長選舉,首次申報,1110630,雜支支出,中華郵政,G22*******,0.00,20.00,,,,劃撥存款手續費(陳秋千),金錢,,,否,,,,,,,
21,陳秋月,111年宜蘭縣南澳鄉鄉長選舉,首次申報,1110701,雜支支出,世維企業有限公司,04404980,0.00,525.00,,,,文具用品費用(USB*),金錢,,,否,,,,,,,
22,陳秋月,111年宜蘭縣南澳鄉鄉長選舉,首次申報,1110701,雜支支出,麟鑫數位影印有限公司,28475098,0.00,318.00,,,,書報雜誌費用(影印),金錢,,,否,,,,,,,
23,陳秋月,111年宜蘭縣南澳鄉鄉長選舉,首次申報,1110706,交通旅運支出,五結加油站,96882092,0.00,1112.00,,,,油資,金錢,,,否,,,,,,,
24,陳秋月,111年宜蘭縣南澳鄉鄉長選舉,首次申報,1110707,交通旅運支出,宜蘭計程車,,0.00,150.00,,,,搭乘交通工具費用,金錢,,03-9*****,否,,,,,,,
25,陳秋月,111年宜蘭縣南澳鄉鄉長選舉,首次申報,1110707,交通旅運支出,台北計程車(杭南-市府捷運站),,0.00,160.00,,,,搭乘交通工具費用,金錢,,0227*****,否,,,,,,,
26,陳秋月,111年宜蘭縣南澳鄉鄉長選舉,首次申報,1110707,交通旅運支出,台北計程車(市府轉運站-杭南),,0.00,190.00,,,,搭乘交通工具費用,金錢,,0227*****,否,,,,,,,
27,陳秋月,111年宜蘭縣南澳鄉鄉長選舉,首次申報,1110707,交通旅運支出,首都客運,34049262,0.00,131.00,,,,搭乘交通工具費用,金錢,,,否,,,,,,,
28,陳秋月,111年宜蘭縣南澳鄉鄉長選舉,首次申報,1110707,交通旅運支出,首都客運,34049262,0.00,131.00,,,,搭乘交通工具費用,金錢,,,否,,,,,,,
29,陳秋月,111年宜蘭縣南澳鄉鄉長選舉,首次申報,1110708,交通旅運支出,台北計程車(杭南-羅東),,0.00,1625.00,,,,搭乘交通工具費用,金錢,,02-2*****,否,,,,,,,
30,陳秋月,111年宜蘭縣南澳鄉鄉長選舉,首次申報,1110708,交通旅運支出,台北計程車,,0.00,190.00,,,,搭乘交通工具費用(市府轉運站-杭南),金錢,,0227*****,否,,,,,,,
31,陳秋月,111年宜蘭縣南澳鄉鄉長選舉,首次申報,1110708,交通旅運支出,銷利興業有限公司,40976569,0.00,30.00,,,,停車費,金錢,,,否,,,,,,,
32,陳秋月,111年宜蘭縣南澳鄉鄉長選舉,首次申報,1110709,交通旅運支出,台北計程車,,0.00,1680.00,,,,搭乘交通工具費用(杭南-羅東轉運站),金錢,,0289*****,否,,,,,,,
33,陳秋月,111年宜蘭縣南澳鄉鄉長選舉,首次申報,1110710,交通旅運支出,台北計程車,,0.00,180.00,,,,搭乘交通工具費用(市府轉運站-杭南),金錢,,02-8*****,否,,,,,,,
34,陳秋月,111年宜蘭縣南澳鄉鄉長選舉,首次申報,1110710,交通旅運支出,首都客運,34049262,0.00,131.00,,,,搭乘交通工具費用,金錢,,,否,,,,,,,
35,陳秋月,111年宜蘭縣南澳鄉鄉長選舉,首次申報,1110714,雜支支出,中華電信,31926147,0.00,55.00,,,,電信費用,金錢,,,否,,,,,,,
36,陳秋月,111年宜蘭縣南澳鄉鄉長選舉,首次申報,1110714,雜支支出,中華電信,31926147,0.00,55.00,,,,電信費用(-),金錢,,,否,,,,,,,
37,陳秋月,111年宜蘭縣南澳鄉鄉長選舉,首次申報,1110716,雜支支出,中華電信,31926147,0.00,288.00,,,,電信費用()//-//,金錢,,,否,,,,,,,
38,陳秋月,111年宜蘭縣南澳鄉鄉長選舉,首次申報,1110718,交通旅運支出,良晨實業有限公司,89337816,0.00,1312.00,,,,油資,金錢,宜蘭縣蘇澳鎮****,,否,,,,,,,
39,陳秋月,111年宜蘭縣南澳鄉鄉長選舉,首次申報,1110718,雜支支出,津滿鵝肉,91331471,0.00,670.00,,,,餐飲費用,金錢,,,否,,,,,,,
40,陳秋月,111年宜蘭縣南澳鄉鄉長選舉,首次申報,1110718,雜支支出,中華郵政,95938386,0.00,20.00,,,,劃撥存款手續費(存款人:孔少君),金錢,,,否,,,,,,,
41,陳秋月,111年宜蘭縣南澳鄉鄉長選舉,首次申報,1110719,雜支支出,口之味美食坊,10668116,0.00,900.00,,,,餐飲費用,金錢,,,否,,,,,,,
42,陳秋月,111年宜蘭縣南澳鄉鄉長選舉,首次申報,1110720,交通旅運支出,良晨實業有限公司,89337816,0.00,1494.00,,,,油資,金錢,宜蘭縣蘇澳鎮****,,否,,,,,,,
43,陳秋月,111年宜蘭縣南澳鄉鄉長選舉,首次申報,1110721,交通旅運支出,台北計程車,,0.00,180.00,,,,搭乘交通工具費用(市府捷運站-杭南),金錢,,02-2*****,否,,,,,,,
44,陳秋月,111年宜蘭縣南澳鄉鄉長選舉,首次申報,1110721,交通旅運支出,首都客運,34049262,0.00,131.00,,,,搭乘交通工具費用,金錢,,,否,,,,,,,
45,陳秋月,111年宜蘭縣南澳鄉鄉長選舉,首次申報,1110721,雜支支出,黑人小吃部,77041134,0.00,590.00,,,,餐飲費用,金錢,,,否,,,,,,,
46,陳秋月,111年宜蘭縣南澳鄉鄉長選舉,首次申報,1110721,交通旅運支出,八仙加油站,85283227,0.00,1548.00,,,,油資,金錢,,,否,,,,,,,
47,陳秋月,111年宜蘭縣南澳鄉鄉長選舉,首次申報,1110725,雜支支出,世維企業有限公司,04404980,0.00,180.00,,,,文具用品費用(印泥),金錢,,,否,,,,,,,
48,陳秋月,111年宜蘭縣南澳鄉鄉長選舉,首次申報,1110725,交通旅運支出,蘇澳交流道加油站,28777349,0.00,1367.00,,,,油資,金錢,,,否,,,,,,,
49,陳秋月,111年宜蘭縣南澳鄉鄉長選舉,首次申報,1110726,交通旅運支出,台北計程車,,0.00,200.00,,,,搭乘交通工具費用,金錢,,02-2*****,否,,,,,,,
50,陳秋月,111年宜蘭縣南澳鄉鄉長選舉,首次申報,1110726,雜支支出,亞杜廚房簡餐店,48879506,0.00,800.00,,,,餐飲費用,金錢,,,否,,,,,,,
51,陳秋月,111年宜蘭縣南澳鄉鄉長選舉,首次申報,1110727,交通旅運支出,廣進加油站廣進站,09895063,0.00,1539.00,,,,搭乘交通工具費用,金錢,,,否,,,,,,,
52,陳秋月,111年宜蘭縣南澳鄉鄉長選舉,首次申報,1110802,交通旅運支出,蘇澳交流道加油站,28777349,0.00,1300.00,,,,油資,金錢,,,否,,,,,,,
53,陳秋月,111年宜蘭縣南澳鄉鄉長選舉,首次申報,1110803,雜支支出,燦坤家電,16831184,0.00,16300.00,,,,雜項購置或修繕費用(原元，優退元),金錢,宜蘭縣羅東鎮****,,否,,,,,,,
54,陳秋月,111年宜蘭縣南澳鄉鄉長選舉,首次申報,1110803,雜支支出,燦坤家電,16831184,0.00,24900.00,,,,雜項購置冷氣(原，優退元),金錢,宜蘭縣羅東鎮****,,否,,,,,,,
55,陳秋月,111年宜蘭縣南澳鄉鄉長選舉,首次申報,1110803,雜支支出,燦坤家電,16831184,0.00,24900.00,,,,雜項購置冷氣(原元，優退元),金錢,宜蘭縣羅東鎮****,,否,,,,,,,
56,陳秋月,111年宜蘭縣南澳鄉鄉長選舉,首次申報,1110803,雜支支出,全家便利店,53672343,0.00,114.00,,,,餐飲費用,金錢,,,否,,,,,,,
57,陳秋月,111年宜蘭縣南澳鄉鄉長選舉,首次申報,1110805,交通旅運支出,台灣中油,76966853,0.00,1383.00,,,,油資,金錢,,,否,,,,,,,
58,陳秋月,111年宜蘭縣南澳鄉鄉長選舉,首次申報,1110809,雜支支出,漢恆實業有限公司,22204725,0.00,8925.00,,,,雜項購置(電腦繡背心一批),金錢,,,否,,,,,,,
59,陳秋月,111年宜蘭縣南澳鄉鄉長選舉,首次申報,1110809,交通旅運支出,蘇澳交流道加油站,28777349,0.00,1000.00,,,,油資,金錢,,,否,,,,,,,
60,陳秋月,111年宜蘭縣南澳鄉鄉長選舉,首次申報,1110809,雜支支出,粉鳥林海鮮館,72813625,0.00,1080.00,,,,餐飲費用,金錢,,,否,,,,,,,
61,陳秋月,111年宜蘭縣南澳鄉鄉長選舉,首次申報,1110810,雜支支出,漢恆實業有限公司,22204725,0.00,18165.00,,,,雜項購置(電腦繡背心一批),金錢,,,否,,,,,,,
62,陳秋月,111年宜蘭縣南澳鄉鄉長選舉,首次申報,1110810,交通旅運支出,良晨實業有限公司,89337816,0.00,1100.00,,,,油資,金錢,宜蘭縣蘇澳鎮****,,否,,,,,,,
63,陳秋月,111年宜蘭縣南澳鄉鄉長選舉,首次申報,1110811,交通旅運支出,蘇澳交流道加油站,28777349,0.00,800.00,,,,油資,金錢,,,否,,,,,,,
64,陳秋月,111年宜蘭縣南澳鄉鄉長選舉,首次申報,1110811,交通旅運支出,良晨實業有限公司,89337816,0.00,1280.00,,,,油資,金錢,宜蘭縣蘇澳鎮****,,否,,,,,,,
65,陳秋月,111年宜蘭縣南澳鄉鄉長選舉,首次申報,1110815,雜支支出,中華電信,,0.00,55.00,,,,電信費用(-)年月,金錢,,03-9*****,否,,,,,,,
66,陳秋月,111年宜蘭縣南澳鄉鄉長選舉,首次申報,1110815,雜支支出,中華電信,31926147,0.00,55.00,,,,電信費用()年七月,金錢,,,否,,,,,,,
67,陳秋月,111年宜蘭縣南澳鄉鄉長選舉,首次申報,1110815,雜支支出,中華電信,31926147,0.00,1199.00,,,,電信費用()年七月,金錢,,,否,,,,,,,
68,陳秋月,111年宜蘭縣南澳鄉鄉長選舉,首次申報,1110815,雜支支出,中華電信,31926147,0.00,2821.00,,,,電信費用()年七月,金錢,,,否,,,,,,,
69,陳秋月,111年宜蘭縣南澳鄉鄉長選舉,首次申報,1110815,雜支支出,宏大水電行,78236208,0.00,4800.00,,,,修繕費用,金錢,,,否,,,,,,,
70,陳秋月,111年宜蘭縣南澳鄉鄉長選舉,首次申報,1110816,交通旅運支出,台北計程車,,0.00,1730.00,,,,搭乘交通工具費用(杭南-羅東),金錢,,0227*****,否,,,,,,,
71,陳秋月,111年宜蘭縣南澳鄉鄉長選舉,首次申報,1110816,交通旅運支出,良晨實業有限公司,89337816,0.00,1780.00,,,,油資,金錢,宜蘭縣蘇澳鎮****,,否,,,,,,,
72,陳秋月,111年宜蘭縣南澳鄉鄉長選舉,首次申報,1110817,雜支支出,特力屋,16099274,0.00,2354.00,,,,雜項購置燈具,金錢,,,否,,,,,,,
73,陳秋月,111年宜蘭縣南澳鄉鄉長選舉,首次申報,1110818,雜支支出,延太刻印行,04208404,0.00,480.00,,,,文具用品費用(刻印),金錢,,,否,,,,,,,
74,陳秋月,111年宜蘭縣南澳鄉鄉長選舉,首次申報,1110820,交通旅運支出,良晨實業有限公司,89337816,0.00,1100.00,,,,油資,金錢,宜蘭縣蘇澳鎮****,,否,,,,,,,
75,陳秋月,111年宜蘭縣南澳鄉鄉長選舉,首次申報,1110824,雜支支出,皇家商業機器有限公司,22459634,0.00,5600.00,,,,雜項購置(印表機碳粉),金錢,,,否,,,,,,,
76,陳秋月,111年宜蘭縣南澳鄉鄉長選舉,首次申報,1110826,雜支支出,燦坤家電,16831184,0.00,6380.00,,,,雜項購置(電風扇*),金錢,宜蘭縣羅東鎮****,,否,,,,,,,
77,陳秋月,111年宜蘭縣南澳鄉鄉長選舉,首次申報,1110829,交通旅運支出,台北計程車,,0.00,1315.00,,,,搭乘交通工具費用(台北-宜蘭地院),金錢,,0227*****,否,,,,,,,
78,陳秋月,111年宜蘭縣南澳鄉鄉長選舉,首次申報,1110829,交通旅運支出,台北計程車,,0.00,185.00,,,,搭乘交通工具費用(市府站-杭南),金錢,,02-2*****,否,,,,,,,
79,陳秋月,111年宜蘭縣南澳鄉鄉長選舉,首次申報,1110829,雜支支出,凱玲有限公司,,0.00,150.00,,,,書報雜誌費用(洗公報大頭照),金錢,,02-2*****,否,,,,,,,
80,陳秋月,111年宜蘭縣南澳鄉鄉長選舉,首次申報,1110829,交通旅運支出,台灣中油,41559113,0.00,893.00,,,,油資,金錢,,,否,,,,,,,
81,陳秋月,111年宜蘭縣南澳鄉鄉長選舉,首次申報,1110829,雜支支出,出口影像股份有限公司,82957662,0.00,8400.00,,,,書報雜誌費用(形象照拍攝),金錢,,,否,,,,,,,
82,陳秋月,111年宜蘭縣南澳鄉鄉長選舉,首次申報,1110831,雜支支出,世維企業有限公司,04404980,0.00,285.00,,,,文具用品費用(USB政見電子檔),金錢,,,否,,,,,,,
83,陳秋月,111年宜蘭縣南澳鄉鄉長選舉,首次申報,1110901,交通旅運支出,台北計程車,,0.00,205.00,,,,搭乘交通工具費用(市府站-杭南),金錢,,02-2*****,否,,,,,,,
84,陳秋月,111年宜蘭縣南澳鄉鄉長選舉,首次申報,1110901,交通旅運支出,台北計程車,,0.00,2395.00,,,,搭乘交通工具費用(杭南-南澳鄉公所),金錢,,02-8*****,否,,,,,,,
85,陳秋月,111年宜蘭縣南澳鄉鄉長選舉,首次申報,1110902,交通旅運支出,台北計程車,,0.00,195.00,,,,搭乘交通工具費用(市府站-杭南),金錢,,0227*****,否,,,,,,,
86,陳秋月,111年宜蘭縣南澳鄉鄉長選舉,首次申報,1110902,交通旅運支出,306-C2劉登進,,0.00,315.00,,,,搭乘交通工具費用,金錢,,0800*****,否,,,,,,,
87,陳秋月,111年宜蘭縣南澳鄉鄉長選舉,首次申報,1110902,雜支支出,7-eleven,16085010,0.00,35.00,,,,餐飲費用,金錢,,,否,,,,,,,
88,陳秋月,111年宜蘭縣南澳鄉鄉長選舉,首次申報,1110902,交通旅運支出,耀東有限公司,16264977,0.00,1201.00,,,,油資,金錢,,,否,,,,,,,
89,陳秋月,111年宜蘭縣南澳鄉鄉長選舉,首次申報,1110902,交通旅運支出,蘇澳交流道加油站,28777349,0.00,1264.00,,,,油資,金錢,,,否,,,,,,,
90,陳秋月,111年宜蘭縣南澳鄉鄉長選舉,首次申報,1110903,雜支支出,晶品城購物廣場,24889575,0.00,350.00,,,,雜項用品,金錢,,,否,,,,,,,
91,陳秋月,111年宜蘭縣南澳鄉鄉長選舉,首次申報,1110903,雜支支出,全家便利店,53672343,0.00,45.00,,,,餐飲費用,金錢,,,否,,,,,,,
92,陳秋月,111年宜蘭縣南澳鄉鄉長選舉,首次申報,1110903,雜支支出,全家便利店,53672343,0.00,49.00,,,,雜項(雨衣用品),金錢,,,否,,,,,,,
93,陳秋月,111年宜蘭縣南澳鄉鄉長選舉,首次申報,1110904,雜支支出,京站時尚廣場,28710621,0.00,190.00,,,,雜項用品,金錢,,,否,,,,,,,
94,陳秋月,111年宜蘭縣南澳鄉鄉長選舉,首次申報,1110905,雜支支出,7-eleven,16085010,0.00,114.00,,,,餐飲費用,金錢,,,否,,,,,,,
95,陳秋月,111年宜蘭縣南澳鄉鄉長選舉,首次申報,1110905,雜支支出,麟鑫數位影印有限公司,28475098,0.00,541.00,,,,書報雜誌費用,金錢,,,否,,,,,,,
96,陳秋月,111年宜蘭縣南澳鄉鄉長選舉,首次申報,1110906,交通旅運支出,台北計程車,,0.00,195.00,,,,搭乘交通工具費用(市府站-杭南),金錢,,02-8*****,否,,,,,,,
97,陳秋月,111年宜蘭縣南澳鄉鄉長選舉,首次申報,1110906,雜支支出,愛濾屋國際興業有限公司,,0.00,140.00,,,,雜項(除濕機網片),金錢,,0966*****,否,,,,,,,
98,陳秋月,111年宜蘭縣南澳鄉鄉長選舉,首次申報,1110906,交通旅運支出,蘇澳交流道加油站,28777349,0.00,1164.00,,,,油資,金錢,,,否,,,,,,,
99,陳秋月,111年宜蘭縣南澳鄉鄉長選舉,首次申報,1110907,交通旅運支出,台北計程車,,0.00,195.00,,,,搭乘交通工具費用(市府站-杭南),金錢,,02-8*****,否,,,,,,,
100,陳秋月,111年宜蘭縣南澳鄉鄉長選舉,首次申報,1110907,交通旅運支出,台灣中油,42075262,0.00,763.00,,,,油資,金錢,,,否,,,,,,,
101,陳秋月,111年宜蘭縣南澳鄉鄉長選舉,首次申報,1110908,交通旅運支出,台北計程車,,0.00,160.00,,,,搭乘交通工具費用(杭南-市府站),金錢,,0227*****,否,,,,,,,
102,陳秋月,111年宜蘭縣南澳鄉鄉長選舉,首次申報,1110908,雜支支出,麗秋小吃部,39972988,0.00,1530.00,,,,餐飲費用,金錢,,,否,,,,,,,
103,陳秋月,111年宜蘭縣南澳鄉鄉長選舉,首次申報,1110909,交通旅運支出,台北計程車,,0.00,175.00,,,,搭乘交通工具費用,金錢,,02-2*****,否,,,,,,,
104,陳秋月,111年宜蘭縣南澳鄉鄉長選舉,首次申報,1110909,雜支支出,7-eleven,53670083,0.00,80.00,,,,餐飲費用,金錢,,,否,,,,,,,
105,陳秋月,111年宜蘭縣南澳鄉鄉長選舉,首次申報,1110912,交通旅運支出,台北計程車,,0.00,205.00,,,,搭乘交通工具費用,金錢,,02-8*****,否,,,,,,,
106,陳秋月,111年宜蘭縣南澳鄉鄉長選舉,首次申報,1110912,交通旅運支出,台北計程車,,0.00,165.00,,,,搭乘交通工具費用(杭南-市府站),金錢,,0227*****,否,,,,,,,
107,陳秋月,111年宜蘭縣南澳鄉鄉長選舉,首次申報,1110913,交通旅運支出,台北計程車,,0.00,200.00,,,,搭乘交通工具費用,金錢,,02-8*****,否,,,,,,,
108,陳秋月,111年宜蘭縣南澳鄉鄉長選舉,首次申報,1110913,雜支支出,潤嘉實業有限公司,27807773,0.00,2800.00,,,,雜項(競選背心)原元，匯費元,金錢,,,否,,,,,,,
109,陳秋月,111年宜蘭縣南澳鄉鄉長選舉,首次申報,1110913,交通旅運支出,首都客運,34049262,0.00,131.00,,,,搭乘交通工具費用,金錢,,,否,,,,,,,
110,陳秋月,111年宜蘭縣南澳鄉鄉長選舉,首次申報,1110914,雜支支出,7-eleven,16098514,0.00,30.00,,,,餐飲費用,金錢,,,否,,,,,,,
111,陳秋月,111年宜蘭縣南澳鄉鄉長選舉,首次申報,1110914,交通旅運支出,藶峰有限公司,85298827,0.00,45.00,,,,停車費,金錢,,,否,,,,,,,
112,陳秋月,111年宜蘭縣南澳鄉鄉長選舉,首次申報,1110915,人事費用支出,張曉苓,G22*******,0.00,24377.00,,,,工資或薪津(原薪，匯費),金錢,基隆市七堵區****,,否,,,,,,,
113,陳秋月,111年宜蘭縣南澳鄉鄉長選舉,首次申報,1110917,交通旅運支出,台北計程車,,0.00,190.00,,,,搭乘交通工具費用(市府站-杭南),金錢,,0227*****,否,,,,,,,
114,陳秋月,111年宜蘭縣南澳鄉鄉長選舉,首次申報,1110917,交通旅運支出,台北計程車,,0.00,155.00,,,,搭乘交通工具費用,金錢,,02-8*****,否,,,,,,,
115,陳秋月,111年宜蘭縣南澳鄉鄉長選舉,首次申報,1110917,交通旅運支出,首都客運,34049262,0.00,131.00,,,,搭乘交通工具費用,金錢,,,否,,,,,,,
116,陳秋月,111年宜蘭縣南澳鄉鄉長選舉,首次申報,1110917,交通旅運支出,良晨實業有限公司,89337816,0.00,1678.00,,,,油資,金錢,宜蘭縣蘇澳鎮****,,否,,,,,,,
117,陳秋月,111年宜蘭縣南澳鄉鄉長選舉,首次申報,1110919,交通旅運支出,宜蘭計程車,,0.00,120.00,,,,搭乘交通工具費用,金錢,,03-9*****,否,,,,,,,
118,陳秋月,111年宜蘭縣南澳鄉鄉長選舉,首次申報,1110919,交通旅運支出,台北計程車,,0.00,155.00,,,,搭乘交通工具費用,金錢,,0227*****,否,,,,,,,
119,陳秋月,111年宜蘭縣南澳鄉鄉長選舉,首次申報,1110919,交通旅運支出,首都客運,34049262,0.00,131.00,,,,搭乘交通工具費用(台北-宜蘭羅東),金錢,,,否,,,,,,,
120,陳秋月,111年宜蘭縣南澳鄉鄉長選舉,首次申報,1110919,交通旅運支出,首都客運,34049262,0.00,131.00,,,,搭乘交通工具費用(台北-宜蘭羅東),金錢,,,否,,,,,,,
121,陳秋月,111年宜蘭縣南澳鄉鄉長選舉,首次申報,1110920,雜支支出,中華電信,19562254,0.00,55.00,,,,電信費用()年八月,金錢,,,否,,,,,,,
122,陳秋月,111年宜蘭縣南澳鄉鄉長選舉,首次申報,1110920,雜支支出,中華電信,19562254,0.00,55.00,,,,電信費用()年月,金錢,,,否,,,,,,,
123,陳秋月,111年宜蘭縣南澳鄉鄉長選舉,首次申報,1110920,雜支支出,中華電信,19562254,0.00,1199.00,,,,電信費用()年月,金錢,,,否,,,,,,,
124,陳秋月,111年宜蘭縣南澳鄉鄉長選舉,首次申報,1110920,雜支支出,松和商行,81621211,0.00,4620.00,,,,雜項(背心繡/拆/縫線),金錢,,,否,,,,,,,
125,陳秋月,111年宜蘭縣南澳鄉鄉長選舉,首次申報,1110920,雜支支出,中華電信,81691784,0.00,1446.00,,,,電信費用()年月,金錢,,,否,,,,,,,
126,陳秋月,111年宜蘭縣南澳鄉鄉長選舉,首次申報,1110921,交通旅運支出,南興加油站,70918270,0.00,1211.00,,,,油資,金錢,,,否,,,,,,,
127,陳秋月,111年宜蘭縣南澳鄉鄉長選舉,首次申報,1110922,交通旅運支出,南興加油站,70918270,0.00,100.00,,,,油資,金錢,,,否,,,,,,,
128,陳秋月,111年宜蘭縣南澳鄉鄉長選舉,首次申報,1110922,雜支支出,中華郵政,K12*******,0.00,20.00,,,,劃撥存款手續費(存款人:王陽慶),金錢,,,否,,,,,,,
129,陳秋月,111年宜蘭縣南澳鄉鄉長選舉,首次申報,1110922,雜支支出,中華郵政,L12*******,0.00,20.00,,,,劃撥存款手續費(存款人:陳清鏢),金錢,,,否,,,,,,,
130,陳秋月,111年宜蘭縣南澳鄉鄉長選舉,首次申報,1110923,交通旅運支出,良晨實業有限公司,89337816,0.00,100.00,,,,油資,金錢,宜蘭縣蘇澳鎮****,,否,,,,,,,
131,陳秋月,111年宜蘭縣南澳鄉鄉長選舉,首次申報,1110925,雜支支出,麗秋小吃部,39972988,0.00,1060.00,,,,餐飲費用,金錢,,,否,,,,,,,
132,陳秋月,111年宜蘭縣南澳鄉鄉長選舉,首次申報,1110925,雜支支出,萊爾富,90424866,0.00,1036.00,,,,餐飲費用(便當),金錢,,,否,,,,,,,
133,陳秋月,111年宜蘭縣南澳鄉鄉長選舉,首次申報,1110925,雜支支出,萊爾富,90424866,0.00,60.00,,,,餐飲費用,金錢,,,否,,,,,,,
134,陳秋月,111年宜蘭縣南澳鄉鄉長選舉,首次申報,1110926,雜支支出,麗秋小吃部,39972988,0.00,780.00,,,,餐飲費用,金錢,,,否,,,,,,,
135,陳秋月,111年宜蘭縣南澳鄉鄉長選舉,首次申報,1110926,雜支支出,全家便利店,53672343,0.00,61.00,,,,餐飲費用,金錢,,,否,,,,,,,
136,陳秋月,111年宜蘭縣南澳鄉鄉長選舉,首次申報,1110926,雜支支出,萊爾富,90424866,0.00,208.00,,,,餐飲費用,金錢,,,否,,,,,,,
137,陳秋月,111年宜蘭縣南澳鄉鄉長選舉,首次申報,1110927,交通旅運支出,台北計程車,,0.00,185.00,,,,搭乘交通工具費用,金錢,,0227*****,否,,,,,,,
138,陳秋月,111年宜蘭縣南澳鄉鄉長選舉,首次申報,1110927,交通旅運支出,廣進加油站廣進站,09895063,0.00,400.00,,,,油資,金錢,,,否,,,,,,,
139,陳秋月,111年宜蘭縣南澳鄉鄉長選舉,首次申報,1110927,交通旅運支出,首都客運,34049262,0.00,131.00,,,,搭乘交通工具費用,金錢,,,否,,,,,,,
140,陳秋月,111年宜蘭縣南澳鄉鄉長選舉,首次申報,1110927,雜支支出,全家便利店,53672343,0.00,33.00,,,,餐飲費用,金錢,,,否,,,,,,,
141,陳秋月,111年宜蘭縣南澳鄉鄉長選舉,首次申報,1110927,交通旅運支出,良晨實業有限公司,89337816,0.00,1450.00,,,,油資,金錢,宜蘭縣蘇澳鎮****,,否,,,,,,,
142,陳秋月,111年宜蘭縣南澳鄉鄉長選舉,首次申報,1110929,雜支支出,萊爾富,90424866,0.00,55.00,,,,餐飲費用,金錢,,,否,,,,,,,
143,陳秋月,111年宜蘭縣南澳鄉鄉長選舉,首次申報,1110929,交通旅運支出,全國加油站,98798249,0.00,1435.00,,,,油資,金錢,,,否,,,,,,,
144,陳秋月,111年宜蘭縣南澳鄉鄉長選舉,首次申報,1110929,返還捐贈支出,孔少君,L22*******,0.00,100000.00,,,,返還,金錢,臺北市中正區****,,是,孔少君,,,,二親等以內親屬(女兒),,
145,陳秋月,111年宜蘭縣南澳鄉鄉長選舉,首次申報,1110929,雜支支出,中華郵政,M12*******,0.00,20.00,,,,劃撥存款手續費(存款人:蔡倫),金錢,,,否,,,,,,,
146,陳秋月,111年宜蘭縣南澳鄉鄉長選舉,首次申報,1110930,雜支支出,全家便利店,53672343,0.00,32.00,,,,餐飲費用,金錢,,,否,,,,,,,
147,陳秋月,111年宜蘭縣南澳鄉鄉長選舉,首次申報,1111001,交通旅運支出,良晨實業有限公司,89337816,0.00,160.00,,,,油資,金錢,宜蘭縣蘇澳鎮****,,否,,,,,,,
148,陳秋月,111年宜蘭縣南澳鄉鄉長選舉,首次申報,1111001,雜支支出,萊爾富,90424866,0.00,70.00,,,,餐飲費用,金錢,,,否,,,,,,,
149,陳秋月,111年宜蘭縣南澳鄉鄉長選舉,首次申報,1111002,雜支支出,燦坤家電,16831184,0.00,135.00,,,,雜項(隨身碟),金錢,宜蘭縣羅東鎮****,,否,,,,,,,
150,陳秋月,111年宜蘭縣南澳鄉鄉長選舉,首次申報,1111002,雜支支出,燦坤家電,16831184,0.00,34490.00,,,,雜項(型K電視機/電視延長線),金錢,宜蘭縣羅東鎮****,,否,,,,,,,
151,陳秋月,111年宜蘭縣南澳鄉鄉長選舉,首次申報,1111002,雜支支出,萊爾富,90424866,0.00,287.00,,,,餐飲費用,金錢,,,否,,,,,,,
152,陳秋月,111年宜蘭縣南澳鄉鄉長選舉,首次申報,1111003,交通旅運支出,台北計程車,,0.00,105.00,,,,搭乘交通工具費用,金錢,,02-2*****,否,,,,,,,
153,陳秋月,111年宜蘭縣南澳鄉鄉長選舉,首次申報,1111003,交通旅運支出,台北計程車,,0.00,95.00,,,,搭乘交通工具費用,金錢,,02-2*****,否,,,,,,,
154,陳秋月,111年宜蘭縣南澳鄉鄉長選舉,首次申報,1111003,交通旅運支出,台北計程車,,0.00,140.00,,,,搭乘交通工具費用,金錢,,0800*****,否,,,,,,,
155,陳秋月,111年宜蘭縣南澳鄉鄉長選舉,首次申報,1111003,雜支支出,國安水電材料有限公司,27541129,0.00,179.00,,,,雜項(清潔用品甲苯),金錢,,,否,,,,,,,
156,陳秋月,111年宜蘭縣南澳鄉鄉長選舉,首次申報,1111003,雜支支出,全家便利店,85272376,0.00,49.00,,,,餐飲費用,金錢,,,否,,,,,,,
157,陳秋月,111年宜蘭縣南澳鄉鄉長選舉,首次申報,1111003,雜支支出,萊爾富,90424866,0.00,218.00,,,,餐飲費用,金錢,,,否,,,,,,,
158,陳秋月,111年宜蘭縣南澳鄉鄉長選舉,首次申報,1111003,雜支支出,萊爾富,90424866,0.00,787.00,,,,餐飲費用,金錢,,,否,,,,,,,
159,陳秋月,111年宜蘭縣南澳鄉鄉長選舉,首次申報,1111003,雜支支出,萊爾富,90424866,0.00,264.00,,,,餐飲費用,金錢,,,否,,,,,,,
160,陳秋月,111年宜蘭縣南澳鄉鄉長選舉,首次申報,1111003,雜支支出,萊爾富,90424866,0.00,381.00,,,,餐飲費用,金錢,,,否,,,,,,,
161,陳秋月,111年宜蘭縣南澳鄉鄉長選舉,首次申報,1111003,雜支支出,7-eleven,97170347,0.00,30.00,,,,餐飲費用,金錢,,,否,,,,,,,
162,陳秋月,111年宜蘭縣南澳鄉鄉長選舉,首次申報,1111004,交通旅運支出,石碇加油站,12882008,0.00,1233.00,,,,油資,金錢,,,否,,,,,,,
163,陳秋月,111年宜蘭縣南澳鄉鄉長選舉,首次申報,1111004,雜支支出,全家便利店,72769780,0.00,377.00,,,,餐飲費用,金錢,,,否,,,,,,,
164,陳秋月,111年宜蘭縣南澳鄉鄉長選舉,首次申報,1111004,雜支支出,全家便利店,72769780,0.00,188.00,,,,餐飲費用,金錢,,,否,,,,,,,
165,陳秋月,111年宜蘭縣南澳鄉鄉長選舉,首次申報,1111006,交通旅運支出,勝利加油站,25505956,0.00,1270.00,,,,油資,金錢,,,否,,,,,,,
166,陳秋月,111年宜蘭縣南澳鄉鄉長選舉,首次申報,1111006,雜支支出,全家便利店,53672343,0.00,42.00,,,,餐飲費用,金錢,,,否,,,,,,,
167,陳秋月,111年宜蘭縣南澳鄉鄉長選舉,首次申報,1111008,雜支支出,全家便利店,53672343,0.00,100.00,,,,餐飲費用,金錢,,,否,,,,,,,
168,陳秋月,111年宜蘭縣南澳鄉鄉長選舉,首次申報,1111008,雜支支出,全家便利店,53672343,0.00,191.00,,,,餐飲費用,金錢,,,否,,,,,,,
169,陳秋月,111年宜蘭縣南澳鄉鄉長選舉,首次申報,1111008,雜支支出,全家便利店,53672343,0.00,110.00,,,,雜項(菜瓜布),金錢,,,否,,,,,,,
170,陳秋月,111年宜蘭縣南澳鄉鄉長選舉,首次申報,1111008,交通旅運支出,台灣中油,76966853,0.00,1050.00,,,,油資,金錢,,,否,,,,,,,
171,陳秋月,111年宜蘭縣南澳鄉鄉長選舉,首次申報,1111009,交通旅運支出,台北計程車,,0.00,205.00,,,,搭乘交通工具費用(市府站-杭南),金錢,,03-5*****,否,,,,,,,
172,陳秋月,111年宜蘭縣南澳鄉鄉長選舉,首次申報,1111009,交通旅運支出,首都客運,34049262,0.00,131.00,,,,搭乘交通工具費用,金錢,,,否,,,,,,,
173,陳秋月,111年宜蘭縣南澳鄉鄉長選舉,首次申報,1111009,雜支支出,全家便利店,53672343,0.00,95.00,,,,餐飲費用,金錢,,,否,,,,,,,
174,陳秋月,111年宜蘭縣南澳鄉鄉長選舉,首次申報,1111009,雜支支出,全家便利店,53672343,0.00,129.00,,,,餐飲費用,金錢,,,否,,,,,,,
175,陳秋月,111年宜蘭縣南澳鄉鄉長選舉,首次申報,1111009,交通旅運支出,南興加油站,70918270,0.00,670.00,,,,油資,金錢,,,否,,,,,,,
176,陳秋月,111年宜蘭縣南澳鄉鄉長選舉,首次申報,1111009,雜支支出,萊爾富,90424866,0.00,184.00,,,,餐飲費用,金錢,,,否,,,,,,,
177,陳秋月,111年宜蘭縣南澳鄉鄉長選舉,首次申報,1111009,雜支支出,萊爾富,90424866,0.00,101.00,,,,餐飲費用,金錢,,,否,,,,,,,
178,陳秋月,111年宜蘭縣南澳鄉鄉長選舉,首次申報,1111009,雜支支出,萊爾富,90424866,0.00,169.00,,,,餐飲費用,金錢,,,否,,,,,,,
179,陳秋月,111年宜蘭縣南澳鄉鄉長選舉,首次申報,1111010,交通旅運支出,蘇澳交流道加油站,28777349,0.00,951.00,,,,油資,金錢,,,否,,,,,,,
180,陳秋月,111年宜蘭縣南澳鄉鄉長選舉,首次申報,1111010,雜支支出,全家便利店,85272376,0.00,199.00,,,,雜項(傘),金錢,,,否,,,,,,,
181,陳秋月,111年宜蘭縣南澳鄉鄉長選舉,首次申報,1111011,雜支支出,爭鮮餐飲,28482817,0.00,610.00,,,,餐飲費用,金錢,,,否,,,,,,,
182,陳秋月,111年宜蘭縣南澳鄉鄉長選舉,首次申報,1111011,交通旅運支出,首都客運,34049262,0.00,131.00,,,,搭乘交通工具費用(台北-宜蘭羅東),金錢,,,否,,,,,,,
183,陳秋月,111年宜蘭縣南澳鄉鄉長選舉,首次申報,1111011,交通旅運支出,公正平面停車場,37973693,0.00,30.00,,,,停車費,金錢,,,否,,,,,,,
184,陳秋月,111年宜蘭縣南澳鄉鄉長選舉,首次申報,1111011,交通旅運支出,台灣中油,41557403,0.00,524.00,,,,油資,金錢,,,否,,,,,,,
185,陳秋月,111年宜蘭縣南澳鄉鄉長選舉,首次申報,1111011,交通旅運支出,南興加油站,70918270,0.00,670.00,,,,油資,金錢,,,否,,,,,,,
186,陳秋月,111年宜蘭縣南澳鄉鄉長選舉,首次申報,1111011,交通旅運支出,南興加油站,70918270,0.00,300.00,,,,油資,金錢,,,否,,,,,,,
187,陳秋月,111年宜蘭縣南澳鄉鄉長選舉,首次申報,1111011,交通旅運支出,南興加油站,70918270,0.00,290.00,,,,油資,金錢,,,否,,,,,,,
188,陳秋月,111年宜蘭縣南澳鄉鄉長選舉,首次申報,1111012,雜支支出,世維企業有限公司,04404980,0.00,1915.00,,,,文具用品費用,金錢,,,否,,,,,,,
189,陳秋月,111年宜蘭縣南澳鄉鄉長選舉,首次申報,1111012,雜支支出,遠東SOGO,21257316,0.00,220.00,,,,餐飲費用,金錢,,,否,,,,,,,
190,陳秋月,111年宜蘭縣南澳鄉鄉長選舉,首次申報,1111012,交通旅運支出,蘇澳交流道加油站,28777349,0.00,753.00,,,,油資,金錢,,,否,,,,,,,
191,陳秋月,111年宜蘭縣南澳鄉鄉長選舉,首次申報,1111013,交通旅運支出,台北計程車,,0.00,190.00,,,,搭乘交通工具費用,金錢,,02-2*****,否,,,,,,,
192,陳秋月,111年宜蘭縣南澳鄉鄉長選舉,首次申報,1111013,交通旅運支出,7-ELEVEN,,0.00,145.00,,,,停車費,金錢,,02-2*****,否,,,,,,,
193,陳秋月,111年宜蘭縣南澳鄉鄉長選舉,首次申報,1111013,交通旅運支出,首都客運,34049262,0.00,131.00,,,,搭乘交通工具費用,金錢,,,否,,,,,,,
194,陳秋月,111年宜蘭縣南澳鄉鄉長選舉,首次申報,1111013,雜支支出,爭鮮餐飲,42442529,0.00,232.00,,,,餐飲費用,金錢,,,否,,,,,,,
195,陳秋月,111年宜蘭縣南澳鄉鄉長選舉,首次申報,1111013,雜支支出,吉野家,70787262,0.00,244.00,,,,餐飲費用,金錢,,,否,,,,,,,
196,陳秋月,111年宜蘭縣南澳鄉鄉長選舉,首次申報,1111014,交通旅運支出,台北計程車,,0.00,2175.00,,,,搭乘交通工具費用(杭南-東澳),金錢,,02-2*****,否,,,,,,,
197,陳秋月,111年宜蘭縣南澳鄉鄉長選舉,首次申報,1111014,雜支支出,和泰產物保險股份有限公司,,0.00,5493.00,,,,雜項費用(平安保險)//競選總部成立大會,金錢,,0277*****,否,,,,,,,
198,陳秋月,111年宜蘭縣南澳鄉鄉長選舉,首次申報,1111014,雜支支出,景大商行,77052096,0.00,1530.00,,,,餐飲費用(水),金錢,,,否,,,,,,,
199,陳秋月,111年宜蘭縣南澳鄉鄉長選舉,首次申報,1111014,雜支支出,和平分公司,80425346,0.00,1018.00,,,,餐飲費用(水),金錢,,,否,,,,,,,
200,陳秋月,111年宜蘭縣南澳鄉鄉長選舉,首次申報,1111014,雜支支出,全家便利店,85272376,0.00,28.00,,,,餐飲費用,金錢,,,否,,,,,,,
201,陳秋月,111年宜蘭縣南澳鄉鄉長選舉,首次申報,1111016,雜支支出,義珍香,67897954,0.00,576.00,,,,餐飲費用(食品),金錢,,,否,,,,,,,
202,陳秋月,111年宜蘭縣南澳鄉鄉長選舉,首次申報,1111016,交通旅運支出,良晨實業有限公司,89337816,0.00,1020.00,,,,油資,金錢,宜蘭縣蘇澳鎮****,,否,,,,,,,
203,陳秋月,111年宜蘭縣南澳鄉鄉長選舉,首次申報,1111016,雜支支出,宜得利,91163087,0.00,727.00,,,,雜項(掃把.清潔用品),金錢,,,否,,,,,,,
204,陳秋月,111年宜蘭縣南澳鄉鄉長選舉,首次申報,1111017,雜支支出,燦坤家電,16831184,0.00,690.00,,,,雜項購置(電話),金錢,宜蘭縣羅東鎮****,,否,,,,,,,
205,陳秋月,111年宜蘭縣南澳鄉鄉長選舉,首次申報,1111017,雜支支出,燦坤家電,16831184,0.00,8960.00,,,,雜項購置(除濕機),金錢,宜蘭縣羅東鎮****,,否,,,,,,,
206,陳秋月,111年宜蘭縣南澳鄉鄉長選舉,首次申報,1111017,雜支支出,好管家,31731207,0.00,1227.00,,,,雜項購置,金錢,,,否,,,,,,,
207,陳秋月,111年宜蘭縣南澳鄉鄉長選舉,首次申報,1111017,交通旅運支出,台灣中油,41559107,0.00,700.00,,,,油資,金錢,,,否,,,,,,,
208,陳秋月,111年宜蘭縣南澳鄉鄉長選舉,首次申報,1111017,雜支支出,全家便利店,53672343,0.00,154.00,,,,餐飲費用,金錢,,,否,,,,,,,
209,陳秋月,111年宜蘭縣南澳鄉鄉長選舉,首次申報,1111018,雜支支出,7-eleven,16080319,0.00,210.00,,,,餐飲費用,金錢,,,否,,,,,,,
210,陳秋月,111年宜蘭縣南澳鄉鄉長選舉,首次申報,1111018,交通旅運支出,台灣中油,76966853,0.00,1264.00,,,,油資,金錢,,,否,,,,,,,
211,陳秋月,111年宜蘭縣南澳鄉鄉長選舉,首次申報,1111018,人事費用支出,張曉苓,G22*******,0.00,24377.00,,,,工資或薪津(年月薪轉)原元+匯費元,金錢,基隆市七堵區****,,否,,,,,,,
212,陳秋月,111年宜蘭縣南澳鄉鄉長選舉,首次申報,1111020,雜支支出,全家便利店,53672343,0.00,222.00,,,,餐飲費用,金錢,,,否,,,,,,,
213,陳秋月,111年宜蘭縣南澳鄉鄉長選舉,首次申報,1111020,交通旅運支出,南聖湖加油站,91556077,0.00,950.00,,,,油資,金錢,,,否,,,,,,,
214,陳秋月,111年宜蘭縣南澳鄉鄉長選舉,首次申報,1111021,雜支支出,7-eleven,16080319,0.00,294.00,,,,餐飲費用,金錢,,,否,,,,,,,
215,陳秋月,111年宜蘭縣南澳鄉鄉長選舉,首次申報,1111021,雜支支出,麗秋小吃部,39972988,0.00,625.00,,,,餐飲費用,金錢,,,否,,,,,,,
216,陳秋月,111年宜蘭縣南澳鄉鄉長選舉,首次申報,1111021,雜支支出,蘇澳區漁會會務部,87355725,0.00,50.00,,,,餐飲費用,金錢,,,否,,,,,,,
217,陳秋月,111年宜蘭縣南澳鄉鄉長選舉,首次申報,1111021,雜支支出,蘇澳區漁會會務部,87355725,0.00,50.00,,,,餐飲費用,金錢,,,否,,,,,,,
218,陳秋月,111年宜蘭縣南澳鄉鄉長選舉,首次申報,1111021,交通旅運支出,良晨實業有限公司,89337816,0.00,950.00,,,,油資,金錢,宜蘭縣蘇澳鎮****,,否,,,,,,,
219,陳秋月,111年宜蘭縣南澳鄉鄉長選舉,首次申報,1111022,雜支支出,特力屋,27926454,0.00,3900.00,,,,雜項(好神拖把.整理櫃),金錢,,,否,,,,,,,
220,陳秋月,111年宜蘭縣南澳鄉鄉長選舉,首次申報,1111022,交通旅運支出,兆船實業有限公司,87368067,0.00,100.00,,,,停車費,金錢,,,否,,,,,,,
221,陳秋月,111年宜蘭縣南澳鄉鄉長選舉,首次申報,1111022,雜支支出,萊爾富,90424866,0.00,238.00,,,,餐飲費用,金錢,,,否,,,,,,,
222,陳秋月,111年宜蘭縣南澳鄉鄉長選舉,首次申報,1111022,雜支支出,萊爾富,90424866,0.00,58.00,,,,餐飲費用,金錢,,,否,,,,,,,
223,陳秋月,111年宜蘭縣南澳鄉鄉長選舉,首次申報,1111022,雜支支出,陶板屋,91884022,0.00,1017.00,,,,餐飲費用,金錢,,,否,,,,,,,
224,陳秋月,111年宜蘭縣南澳鄉鄉長選舉,首次申報,1111023,交通旅運支出,台北計程車,,0.00,190.00,,,,搭乘交通工具費用,金錢,,0227*****,否,,,,,,,
225,陳秋月,111年宜蘭縣南澳鄉鄉長選舉,首次申報,1111023,交通旅運支出,蘇澳交流道加油站,28777349,0.00,855.00,,,,油資,金錢,,,否,,,,,,,
226,陳秋月,111年宜蘭縣南澳鄉鄉長選舉,首次申報,1111023,交通旅運支出,首都客運,34049262,0.00,131.00,,,,搭乘交通工具費用(台北-宜蘭羅東),金錢,,,否,,,,,,,
227,陳秋月,111年宜蘭縣南澳鄉鄉長選舉,首次申報,1111023,雜支支出,萊爾富,90424866,0.00,206.00,,,,餐飲費用,金錢,,,否,,,,,,,
228,陳秋月,111年宜蘭縣南澳鄉鄉長選舉,首次申報,1111024,雜支支出,中央健保局,,0.00,1630.00,,,,健保費年月,金錢,,0800*****,否,,,,,,,
229,陳秋月,111年宜蘭縣南澳鄉鄉長選舉,首次申報,1111024,交通旅運支出,台北捷運,16446274,0.00,500.00,,,,搭乘交通工具費用(悠遊卡加值),金錢,,,否,,,,,,,
230,陳秋月,111年宜蘭縣南澳鄉鄉長選舉,首次申報,1111025,雜支支出,世維企業有限公司,04404980,0.00,120.00,,,,文具用品費用,金錢,,,否,,,,,,,
231,陳秋月,111年宜蘭縣南澳鄉鄉長選舉,首次申報,1111025,交通旅運支出,台灣中油,41559113,0.00,500.00,,,,油資,金錢,,,否,,,,,,,
232,陳秋月,111年宜蘭縣南澳鄉鄉長選舉,首次申報,1111025,雜支支出,全家便利店,53672343,0.00,58.00,,,,餐飲費用,金錢,,,否,,,,,,,
233,陳秋月,111年宜蘭縣南澳鄉鄉長選舉,首次申報,1111025,雜支支出,大蘭陽傳播工作室,77051548,0.00,22000.00,,,,雜項礦場錄影.總部成立大會錄影,金錢,宜蘭縣五結鄉****,,否,,,,,,,
234,陳秋月,111年宜蘭縣南澳鄉鄉長選舉,首次申報,1111026,雜支支出,中華電信,19562254,0.00,55.00,,,,電信費用()年月,金錢,,,否,,,,,,,
235,陳秋月,111年宜蘭縣南澳鄉鄉長選舉,首次申報,1111026,雜支支出,中華電信,19562254,0.00,55.00,,,,電信費用()年月,金錢,,,否,,,,,,,
236,陳秋月,111年宜蘭縣南澳鄉鄉長選舉,首次申報,1111026,雜支支出,中華電信,81691784,0.00,1199.00,,,,電信費用()年月,金錢,,,否,,,,,,,
237,陳秋月,111年宜蘭縣南澳鄉鄉長選舉,首次申報,1111026,雜支支出,中華電信,81691784,0.00,1440.00,,,,電信費用()年月,金錢,,,否,,,,,,,
238,陳秋月,111年宜蘭縣南澳鄉鄉長選舉,首次申報,1111027,雜支支出,全家便利店,53672343,0.00,53.00,,,,餐飲費用,金錢,,,否,,,,,,,
239,陳秋月,111年宜蘭縣南澳鄉鄉長選舉,首次申報,1111027,雜支支出,光南大批發,80594927,0.00,557.00,,,,文具用品費用,金錢,,,否,,,,,,,
240,陳秋月,111年宜蘭縣南澳鄉鄉長選舉,首次申報,1111027,雜支支出,英朵國際有限公司,83160517,0.00,599.00,,,,雜項(室內拖鞋),金錢,,,否,,,,,,,
241,陳秋月,111年宜蘭縣南澳鄉鄉長選舉,首次申報,1111027,雜支支出,萊爾富,90424866,0.00,45.00,,,,餐飲費用,金錢,,,否,,,,,,,
242,陳秋月,111年宜蘭縣南澳鄉鄉長選舉,首次申報,1111027,雜支支出,萊爾富,90424866,0.00,88.00,,,,餐飲費用,金錢,,,否,,,,,,,
243,陳秋月,111年宜蘭縣南澳鄉鄉長選舉,首次申報,1111028,交通旅運支出,台北計程車,,0.00,195.00,,,,搭乘交通工具費用,金錢,,02-2*****,否,,,,,,,
244,陳秋月,111年宜蘭縣南澳鄉鄉長選舉,首次申報,1111028,雜支支出,口之味美食坊,10668116,0.00,530.00,,,,餐飲費用,金錢,,,否,,,,,,,
245,陳秋月,111年宜蘭縣南澳鄉鄉長選舉,首次申報,1111028,雜支支出,全家便利店,85272376,0.00,30.00,,,,餐飲費用,金錢,,,否,,,,,,,
246,陳秋月,111年宜蘭縣南澳鄉鄉長選舉,首次申報,1111028,雜支支出,中華郵政,U12*******,0.00,20.00,,,,劃撥存款手續費(存款人:張茂創),金錢,,,否,,,,,,,
247,陳秋月,111年宜蘭縣南澳鄉鄉長選舉,首次申報,1111029,雜支支出,洄瀾廣場,50911860,0.00,122.00,,,,餐飲費用,金錢,,,否,,,,,,,
248,陳秋月,111年宜蘭縣南澳鄉鄉長選舉,首次申報,1111029,雜支支出,全家便利店,53672343,0.00,65.00,,,,餐飲費用,金錢,,,否,,,,,,,
249,陳秋月,111年宜蘭縣南澳鄉鄉長選舉,首次申報,1111101,雜支支出,安秀文具印刷品行,01135596,0.00,24000.00,,,,書報雜誌費用(鄉長候選人傳單),金錢,新北市永和區****,,否,,,,,,,
250,陳秋月,111年宜蘭縣南澳鄉鄉長選舉,首次申報,1111101,雜支支出,安秀文具印刷品行,01135596,0.00,63500.00,,,,書報雜誌費用(候選人邀請函/邀請函信封/傳單),金錢,新北市永和區****,,否,,,,,,,
251,陳秋月,111年宜蘭縣南澳鄉鄉長選舉,首次申報,1111101,交通旅運支出,勝利加油站,25505956,0.00,1290.00,,,,油資,金錢,,,否,,,,,,,
252,陳秋月,111年宜蘭縣南澳鄉鄉長選舉,首次申報,1111101,租用競選辦事處支出,木器沙發室內裝潢,40616002,0.00,15200.00,,,,租買辦公設備費用,金錢,,,否,,,,,,,
253,陳秋月,111年宜蘭縣南澳鄉鄉長選舉,首次申報,1111101,雜支支出,松和商行,81621211,0.00,4360.00,,,,雜項(競選背心帽子繡號/彩帶購置),金錢,,,否,,,,,,,
254,陳秋月,111年宜蘭縣南澳鄉鄉長選舉,首次申報,1111101,雜支支出,85度C,85320454,0.00,55.00,,,,餐飲費用,金錢,,,否,,,,,,,
255,陳秋月,111年宜蘭縣南澳鄉鄉長選舉,首次申報,1111101,雜支支出,85度C,85320454,0.00,166.00,,,,餐飲費用,金錢,,,否,,,,,,,
256,陳秋月,111年宜蘭縣南澳鄉鄉長選舉,首次申報,1111102,交通旅運支出,台北計程車,,0.00,2265.00,,,,搭乘交通工具費用(杭南-東澳),金錢,,0229*****,否,,,,,,,
257,陳秋月,111年宜蘭縣南澳鄉鄉長選舉,首次申報,1111102,雜支支出,喜互惠,12632348,0.00,4290.00,,,,餐飲費用,金錢,,,否,,,,,,,
258,陳秋月,111年宜蘭縣南澳鄉鄉長選舉,首次申報,1111102,雜支支出,喜互惠,12632348,0.00,160.00,,,,餐飲費用,金錢,,,否,,,,,,,
259,陳秋月,111年宜蘭縣南澳鄉鄉長選舉,首次申報,1111102,雜支支出,勞工保險局,17023087,0.00,2647.00,,,,勞保費年月,金錢,臺北市中正區****,0223*****,否,,,,,,,
260,陳秋月,111年宜蘭縣南澳鄉鄉長選舉,首次申報,1111102,宣傳支出,巨揚廣告社,19574202,0.00,1000.00,,,,其他與選舉宣傳有關之費用,金錢,宜蘭縣員山鄉****,,否,,,,,,,
261,陳秋月,111年宜蘭縣南澳鄉鄉長選舉,首次申報,1111102,雜支支出,家家美花藝店,42078248,0.00,2800.00,,,,雜項(花盆),金錢,,,否,,,,,,,
262,陳秋月,111年宜蘭縣南澳鄉鄉長選舉,首次申報,1111103,雜支支出,東集行,42093022,0.00,300.00,,,,文具用品費用(紅綁繩),金錢,,,否,,,,,,,
263,陳秋月,111年宜蘭縣南澳鄉鄉長選舉,首次申報,1111103,雜支支出,東集行,42093022,0.00,360.00,,,,文具用品費用(鐵絲),金錢,,,否,,,,,,,
264,陳秋月,111年宜蘭縣南澳鄉鄉長選舉,首次申報,1111103,雜支支出,東集行,42093022,0.00,195.00,,,,文具用品費用(鐵絲/繩),金錢,,,否,,,,,,,
265,陳秋月,111年宜蘭縣南澳鄉鄉長選舉,首次申報,1111103,交通旅運支出,南興加油站,70918270,0.00,500.00,,,,油資,金錢,,,否,,,,,,,
266,陳秋月,111年宜蘭縣南澳鄉鄉長選舉,首次申報,1111103,交通旅運支出,良晨實業有限公司,89337816,0.00,125.00,,,,油資,金錢,宜蘭縣蘇澳鎮****,,否,,,,,,,
267,陳秋月,111年宜蘭縣南澳鄉鄉長選舉,首次申報,1111104,雜支支出,燦坤家電,27236649,0.00,1290.00,,,,文具用品費用(無線鍵鼠組),金錢,,,否,,,,,,,
268,陳秋月,111年宜蘭縣南澳鄉鄉長選舉,首次申報,1111104,雜支支出,大創百貨,90231684,0.00,316.00,,,,雜項(廚房用品),金錢,,,否,,,,,,,
269,陳秋月,111年宜蘭縣南澳鄉鄉長選舉,首次申報,1111104,雜支支出,宜得利,91668122,0.00,5946.00,,,,雜項(耐熱玻璃容器),金錢,宜蘭縣宜蘭市****,,否,,,,,,,
270,陳秋月,111年宜蘭縣南澳鄉鄉長選舉,首次申報,1111105,雜支支出,全家便利店,53672343,0.00,83.00,,,,餐飲費用,金錢,,,否,,,,,,,
271,陳秋月,111年宜蘭縣南澳鄉鄉長選舉,首次申報,1111106,雜支支出,金意軒西點麵包店,09935044,0.00,430.00,,,,餐飲費用,金錢,,,否,,,,,,,
272,陳秋月,111年宜蘭縣南澳鄉鄉長選舉,首次申報,1111106,交通旅運支出,南興加油站,70918270,0.00,1250.00,,,,油資,金錢,,,否,,,,,,,
273,陳秋月,111年宜蘭縣南澳鄉鄉長選舉,首次申報,1111107,雜支支出,7-eleven,16098514,0.00,82.00,,,,餐飲費用,金錢,,,否,,,,,,,
274,陳秋月,111年宜蘭縣南澳鄉鄉長選舉,首次申報,1111107,雜支支出,東集行,42093022,0.00,120.00,,,,雜項(紙杯),金錢,,,否,,,,,,,
275,陳秋月,111年宜蘭縣南澳鄉鄉長選舉,首次申報,1111108,交通旅運支出,台北計程車,,0.00,210.00,,,,搭乘交通工具費用,金錢,,0227*****,否,,,,,,,
276,陳秋月,111年宜蘭縣南澳鄉鄉長選舉,首次申報,1111108,宣傳支出,巨揚廣告社,19574202,0.00,1760.00,,,,郵寄競選物品或宣傳廣告費用,金錢,宜蘭縣員山鄉****,,否,,,,,,,
277,陳秋月,111年宜蘭縣南澳鄉鄉長選舉,首次申報,1111108,雜支支出,皇家商業機器有限公司,22459634,0.00,7100.00,,,,文具用品費用(廢粉盒/紅碳粉/藍碳粉),金錢,臺北市中正區****,02-2*****,否,,,,,,,
278,陳秋月,111年宜蘭縣南澳鄉鄉長選舉,首次申報,1111108,雜支支出,家樂福,27257897,0.00,447.00,,,,文具用品費用(USB*),金錢,,,否,,,,,,,
279,陳秋月,111年宜蘭縣南澳鄉鄉長選舉,首次申報,1111108,交通旅運支出,蘇澳交流道加油站,28777349,0.00,650.00,,,,油資,金錢,,,否,,,,,,,
280,陳秋月,111年宜蘭縣南澳鄉鄉長選舉,首次申報,1111108,交通旅運支出,首都客運,34049262,0.00,131.00,,,,搭乘交通工具費用,金錢,,,否,,,,,,,
281,陳秋月,111年宜蘭縣南澳鄉鄉長選舉,首次申報,1111108,雜支支出,爭鮮餐飲,42442529,0.00,564.00,,,,餐飲費用,金錢,,,否,,,,,,,
282,陳秋月,111年宜蘭縣南澳鄉鄉長選舉,首次申報,1111108,雜支支出,全勝整合設計行銷有限公司,42965552,0.00,1710.00,,,,文具用品費用(競選貼紙),金錢,,,否,,,,,,,
283,陳秋月,111年宜蘭縣南澳鄉鄉長選舉,首次申報,1111108,交通旅運支出,良晨實業有限公司,89337816,0.00,400.00,,,,油資,金錢,宜蘭縣蘇澳鎮****,,否,,,,,,,
284,陳秋月,111年宜蘭縣南澳鄉鄉長選舉,首次申報,1111108,雜支支出,萊爾富,90424866,0.00,147.00,,,,雜項(雨衣),金錢,,,否,,,,,,,
285,陳秋月,111年宜蘭縣南澳鄉鄉長選舉,首次申報,1111109,雜支支出,百果香食品行,01923657,0.00,1580.00,,,,餐飲費用,金錢,,,否,,,,,,,
286,陳秋月,111年宜蘭縣南澳鄉鄉長選舉,首次申報,1111109,雜支支出,全家便利店,85272376,0.00,30.00,,,,餐飲費用,金錢,,,否,,,,,,,
287,陳秋月,111年宜蘭縣南澳鄉鄉長選舉,首次申報,1111109,雜支支出,全家便利店,85272376,0.00,10.00,,,,餐飲費用,金錢,,,否,,,,,,,
288,陳秋月,111年宜蘭縣南澳鄉鄉長選舉,首次申報,1111110,宣傳支出,安秀文具印刷品行,01135596,0.00,24000.00,,,,宣傳單,金錢,新北市中和區****,,否,,,,,,,
289,陳秋月,111年宜蘭縣南澳鄉鄉長選舉,首次申報,1111110,雜支支出,中華郵政,K10*******,0.00,20.00,,,,劃撥存款手續費(存款人:范增達),金錢,,,否,,,,,,,
290,陳秋月,111年宜蘭縣南澳鄉鄉長選舉,首次申報,1111111,交通旅運支出,台灣中油,76966805,0.00,882.00,,,,油資,金錢,,,否,,,,,,,
291,陳秋月,111年宜蘭縣南澳鄉鄉長選舉,首次申報,1111112,雜支支出,展源企業社,13665182,0.00,1400.00,,,,雜項購置或修繕費用(wLED投光燈),金錢,,,否,,,,,,,
292,陳秋月,111年宜蘭縣南澳鄉鄉長選舉,首次申報,1111112,雜支支出,宏暘企業社,19561038,0.00,9050.00,,,,雜項(廣播主機/配線/麥克風),金錢,宜蘭縣羅東鎮****,,否,,,,,,,
293,陳秋月,111年宜蘭縣南澳鄉鄉長選舉,首次申報,1111112,宣傳支出,巨揚廣告社,19574202,0.00,3150.00,,,,其他與選舉宣傳有關之費用(旗座),金錢,宜蘭縣員山鄉****,,否,,,,,,,
294,陳秋月,111年宜蘭縣南澳鄉鄉長選舉,首次申報,1111112,雜支支出,東集行,42093022,0.00,900.00,,,,餐飲費用(水),金錢,,,否,,,,,,,
295,陳秋月,111年宜蘭縣南澳鄉鄉長選舉,首次申報,1111112,雜支支出,全家便利店,53672343,0.00,69.00,,,,餐飲費用,金錢,,,否,,,,,,,
296,陳秋月,111年宜蘭縣南澳鄉鄉長選舉,首次申報,1111112,雜支支出,全家便利店,53672343,0.00,111.00,,,,餐飲費用,金錢,,,否,,,,,,,
297,陳秋月,111年宜蘭縣南澳鄉鄉長選舉,首次申報,1111112,交通旅運支出,良晨實業有限公司,89337816,0.00,840.00,,,,油資,金錢,宜蘭縣蘇澳鎮****,,否,,,,,,,
298,陳秋月,111年宜蘭縣南澳鄉鄉長選舉,首次申報,1111112,雜支支出,萊爾富,90424866,0.00,35.00,,,,餐飲費用,金錢,,,否,,,,,,,
299,陳秋月,111年宜蘭縣南澳鄉鄉長選舉,首次申報,1111113,雜支支出,食饕館,30346424,0.00,800.00,,,,餐飲費用,金錢,,,否,,,,,,,
300,陳秋月,111年宜蘭縣南澳鄉鄉長選舉,首次申報,1111113,宣傳支出,全勝整合設計行銷有限公司,42965552,0.00,2100.00,,,,其他與選舉宣傳有關之費用(貼紙),金錢,,,否,,,,,,,
301,陳秋月,111年宜蘭縣南澳鄉鄉長選舉,首次申報,1111113,交通旅運支出,良晨實業有限公司,89337816,0.00,750.00,,,,油資,金錢,宜蘭縣蘇澳鎮****,,否,,,,,,,
302,陳秋月,111年宜蘭縣南澳鄉鄉長選舉,首次申報,1111114,交通旅運支出,良晨實業有限公司,89337816,0.00,550.00,,,,油資,金錢,宜蘭縣蘇澳鎮****,,否,,,,,,,
303,陳秋月,111年宜蘭縣南澳鄉鄉長選舉,首次申報,1111114,雜支支出,萊爾富,90424866,0.00,303.00,,,,餐飲費用,金錢,,,否,,,,,,,
304,陳秋月,111年宜蘭縣南澳鄉鄉長選舉,首次申報,1111114,雜支支出,中華郵政,G12*******,0.00,20.00,,,,劃撥存款手續費(存款人:莊石德),金錢,,,否,,,,,,,
305,陳秋月,111年宜蘭縣南澳鄉鄉長選舉,首次申報,1111115,宣傳支出,巨揚廣告社,19574202,0.00,13000.00,,,,車體廣告費用,金錢,宜蘭縣員山鄉****,,否,,,,,,,
306,陳秋月,111年宜蘭縣南澳鄉鄉長選舉,首次申報,1111115,交通旅運支出,良晨實業有限公司,89337816,0.00,720.00,,,,油資,金錢,宜蘭縣蘇澳鎮****,,否,,,,,,,
307,陳秋月,111年宜蘭縣南澳鄉鄉長選舉,首次申報,1111115,交通旅運支出,良晨實業有限公司,89337816,0.00,1000.00,,,,油資,金錢,宜蘭縣蘇澳鎮****,,否,,,,,,,
308,陳秋月,111年宜蘭縣南澳鄉鄉長選舉,首次申報,1111115,雜支支出,和泰產物保險股份有限公司,89388700,0.00,2208.00,,,,平安保險費,金錢,,,否,,,,,,,
309,陳秋月,111年宜蘭縣南澳鄉鄉長選舉,首次申報,1111115,人事費用支出,張曉苓,G22*******,0.00,24307.00,,,,工資或薪津,金錢,基隆市七堵區****,,否,,,,,,,
310,陳秋月,111年宜蘭縣南澳鄉鄉長選舉,首次申報,1111116,交通旅運支出,良晨實業有限公司,89337816,0.00,350.00,,,,油資,金錢,宜蘭縣蘇澳鎮****,,否,,,,,,,
311,陳秋月,111年宜蘭縣南澳鄉鄉長選舉,首次申報,1111118,宣傳支出,天下廣告社,02392404,0.00,67500.00,,,,其他與選舉宣傳有關之費用(旗幟/竹竿組),金錢,宜蘭縣宜蘭市****,,否,,,,,,,
312,陳秋月,111年宜蘭縣南澳鄉鄉長選舉,首次申報,1111118,宣傳支出,巨揚廣告社,19574202,0.00,3000.00,,,,其他與選舉宣傳有關之費用(宣傳車照明車組),金錢,宜蘭縣員山鄉****,,否,,,,,,,
313,陳秋月,111年宜蘭縣南澳鄉鄉長選舉,首次申報,1111118,宣傳支出,得魚創意設計工作室,26366833,0.00,49000.00,,,,播放、傳送或刊登宣傳廣告費用(文宣設計費),金錢,臺北市忠孝東****,,否,,,,,,,
314,陳秋月,111年宜蘭縣南澳鄉鄉長選舉,首次申報,1111118,雜支支出,全力煙火專賣店,34788386,0.00,5000.00,,,,雜項(煙火),金錢,宜蘭縣冬山鄉****,,否,,,,,,,
315,陳秋月,111年宜蘭縣南澳鄉鄉長選舉,首次申報,1111118,雜支支出,東宏機車行,42081877,0.00,100.00,,,,汽機車(汽車補胎),金錢,,,否,,,,,,,
316,陳秋月,111年宜蘭縣南澳鄉鄉長選舉,首次申報,1111118,雜支支出,義珍香,67897954,0.00,522.00,,,,餐飲費用,金錢,,,否,,,,,,,
317,陳秋月,111年宜蘭縣南澳鄉鄉長選舉,首次申報,1111118,雜支支出,全聯,83248823,0.00,626.00,,,,雜項(衛生紙),金錢,,,否,,,,,,,
318,陳秋月,111年宜蘭縣南澳鄉鄉長選舉,首次申報,1111118,交通旅運支出,良晨實業有限公司,89337816,0.00,1010.00,,,,油資,金錢,宜蘭縣蘇澳鎮****,,否,,,,,,,
319,陳秋月,111年宜蘭縣南澳鄉鄉長選舉,首次申報,1111118,交通旅運支出,良晨實業有限公司,89337816,0.00,904.00,,,,油資,金錢,宜蘭縣蘇澳鎮****,,否,,,,,,,
320,陳秋月,111年宜蘭縣南澳鄉鄉長選舉,首次申報,1111118,交通旅運支出,良晨實業有限公司,89337816,0.00,750.00,,,,油資,金錢,宜蘭縣蘇澳鎮****,,否,,,,,,,
321,陳秋月,111年宜蘭縣南澳鄉鄉長選舉,首次申報,1111119,交通旅運支出,新城加油站,23475366,0.00,802.00,,,,油資,金錢,,,否,,,,,,,
322,陳秋月,111年宜蘭縣南澳鄉鄉長選舉,首次申報,1111119,雜支支出,全力煙火專賣店,34788386,0.00,5000.00,,,,雜項購置(煙火),金錢,宜蘭縣冬山鄉****,,否,,,,,,,
323,陳秋月,111年宜蘭縣南澳鄉鄉長選舉,首次申報,1111120,宣傳支出,天下廣告社,02392404,0.00,131584.00,,,,租用廣告看板(帆布/竹架),金錢,宜蘭縣宜蘭市****,,否,,,,,,,
324,陳秋月,111年宜蘭縣南澳鄉鄉長選舉,首次申報,1111120,交通旅運支出,台鐵,07524729,0.00,184.00,,,,搭乘交通工具費用,金錢,,,否,,,,,,,
325,陳秋月,111年宜蘭縣南澳鄉鄉長選舉,首次申報,1111120,雜支支出,阿娟小吃部,10549626,0.00,600.00,,,,餐飲費用,金錢,,,否,,,,,,,
326,陳秋月,111年宜蘭縣南澳鄉鄉長選舉,首次申報,1111120,宣傳支出,巨揚廣告社,19574202,0.00,5425.00,,,,租用廣告看板或車體廣告費用,金錢,宜蘭縣員山鄉****,,否,,,,,,,
327,陳秋月,111年宜蘭縣南澳鄉鄉長選舉,首次申報,1111120,雜支支出,全力煙火專賣店,34788386,0.00,5000.00,,,,雜項購置(煙火),金錢,宜蘭縣冬山鄉****,,否,,,,,,,
328,陳秋月,111年宜蘭縣南澳鄉鄉長選舉,首次申報,1111121,宣傳支出,天下廣告社,02392404,0.00,100730.00,,,,宣傳廣告費用（帆布廣告輸出）,金錢,宜蘭縣宜蘭市****,,否,,,,,,,
329,陳秋月,111年宜蘭縣南澳鄉鄉長選舉,首次申報,1111121,雜支支出,全力煙火專賣店,34788386,0.00,5000.00,,,,雜項購置(煙火),金錢,宜蘭縣冬山鄉****,0396*****,否,,,,,,,
330,陳秋月,111年宜蘭縣南澳鄉鄉長選舉,首次申報,1111121,交通旅運支出,良晨實業有限公司,89337816,0.00,1000.00,,,,油資,金錢,宜蘭縣蘇澳鎮****,,否,,,,,,,
331,陳秋月,111年宜蘭縣南澳鄉鄉長選舉,首次申報,1111122,宣傳支出,巨揚廣告社,19574202,0.00,1500.00,,,,宣傳廣告費用(投影幕帆布/鐵材),金錢,宜蘭縣員山鄉****,,否,,,,,,,
332,陳秋月,111年宜蘭縣南澳鄉鄉長選舉,首次申報,1111122,雜支支出,全力煙火專賣店,34788386,0.00,5000.00,,,,雜項購置(煙火一批),金錢,宜蘭縣冬山鄉****,0396*****,否,,,,,,,
333,陳秋月,111年宜蘭縣南澳鄉鄉長選舉,首次申報,1111122,雜支支出,全家便利店,53672343,0.00,1070.00,,,,餐飲費用,金錢,,,否,,,,,,,
334,陳秋月,111年宜蘭縣南澳鄉鄉長選舉,首次申報,1111122,交通旅運支出,良晨實業有限公司,89337816,0.00,1142.00,,,,油資,金錢,宜蘭縣蘇澳鎮****,,否,,,,,,,
335,陳秋月,111年宜蘭縣南澳鄉鄉長選舉,首次申報,1111122,雜支支出,泰囂張小吃店,91644918,0.00,1215.00,,,,餐飲費用,金錢,,,否,,,,,,,
336,陳秋月,111年宜蘭縣南澳鄉鄉長選舉,首次申報,1111122,雜支支出,六六自助餐,92938861,0.00,480.00,,,,餐飲費用,金錢,,,否,,,,,,,
337,陳秋月,111年宜蘭縣南澳鄉鄉長選舉,首次申報,1111123,雜支支出,中華郵政,,0.00,20.00,,,,劃撥存款手續費(存款人:黃健忠),金錢,,02-2*****,否,,,,,,,
338,陳秋月,111年宜蘭縣南澳鄉鄉長選舉,首次申報,1111123,宣傳支出,巨揚廣告社,19574202,0.00,3600.00,,,,其他與選舉宣傳有關之費用(中空版號牌掛牌),金錢,宜蘭縣員山鄉****,,否,,,,,,,
339,陳秋月,111年宜蘭縣南澳鄉鄉長選舉,首次申報,1111123,雜支支出,鄉味津海產店,26781368,0.00,2740.00,,,,餐飲費用,金錢,,,否,,,,,,,
340,陳秋月,111年宜蘭縣南澳鄉鄉長選舉,首次申報,1111123,雜支支出,富邦產險,70826602,0.00,146.00,,,,平安保險,金錢,,,否,,,,,,,
341,陳秋月,111年宜蘭縣南澳鄉鄉長選舉,首次申報,1111123,雜支支出,富邦產險,70826602,0.00,1168.00,,,,平安保險,金錢,,,否,,,,,,,
342,陳秋月,111年宜蘭縣南澳鄉鄉長選舉,首次申報,1111123,交通旅運支出,台灣中油,76966853,0.00,1000.00,,,,油資,金錢,,,否,,,,,,,
343,陳秋月,111年宜蘭縣南澳鄉鄉長選舉,首次申報,1111123,雜支支出,星巴克,83567570,0.00,620.00,,,,餐飲費用,金錢,,,否,,,,,,,
344,陳秋月,111年宜蘭縣南澳鄉鄉長選舉,首次申報,1111123,交通旅運支出,良晨實業有限公司,89337816,0.00,770.00,,,,油資,金錢,宜蘭縣蘇澳鎮****,,否,,,,,,,
345,陳秋月,111年宜蘭縣南澳鄉鄉長選舉,首次申報,1111123,交通旅運支出,良晨實業有限公司,89337816,0.00,550.00,,,,油資,金錢,宜蘭縣蘇澳鎮****,,否,,,,,,,
346,陳秋月,111年宜蘭縣南澳鄉鄉長選舉,首次申報,1111123,雜支支出,和泰產物保險股份有限公司,89388700,0.00,316.00,,,,平安保險,金錢,,,否,,,,,,,
347,陳秋月,111年宜蘭縣南澳鄉鄉長選舉,首次申報,1111123,雜支支出,和泰產物保險股份有限公司,89388700,0.00,158.00,,,,平安保險,金錢,,,否,,,,,,,
348,陳秋月,111年宜蘭縣南澳鄉鄉長選舉,首次申報,1111124,雜支支出,全力煙火專賣店,34788386,0.00,5000.00,,,,雜項購置(煙火一批),金錢,宜蘭縣冬山鄉****,0396*****,否,,,,,,,
349,陳秋月,111年宜蘭縣南澳鄉鄉長選舉,首次申報,1111124,雜支支出,全力煙火專賣店,34788386,0.00,6250.00,,,,雜項購置(煙火一批),金錢,宜蘭縣冬山鄉****,0396*****,否,,,,,,,
350,陳秋月,111年宜蘭縣南澳鄉鄉長選舉,首次申報,1111124,雜支支出,富邦產險,70826602,0.00,250.00,,,,平安保險,金錢,,,否,,,,,,,
351,陳秋月,111年宜蘭縣南澳鄉鄉長選舉,首次申報,1111124,雜支支出,中華電信,81691784,0.00,1447.00,,,,電信費用()年月,金錢,,,否,,,,,,,
352,陳秋月,111年宜蘭縣南澳鄉鄉長選舉,首次申報,1111124,雜支支出,星巴克,83567570,0.00,735.00,,,,餐飲費用,金錢,,,否,,,,,,,
353,陳秋月,111年宜蘭縣南澳鄉鄉長選舉,首次申報,1111124,交通旅運支出,良晨實業有限公司,89337816,0.00,950.00,,,,油資,金錢,宜蘭縣蘇澳鎮****,,否,,,,,,,
354,陳秋月,111年宜蘭縣南澳鄉鄉長選舉,首次申報,1111124,交通旅運支出,良晨實業有限公司,89337816,0.00,560.00,,,,油資,金錢,宜蘭縣蘇澳鎮****,,否,,,,,,,
355,陳秋月,111年宜蘭縣南澳鄉鄉長選舉,首次申報,1111124,交通旅運支出,良晨實業有限公司,89337816,0.00,670.00,,,,油資,金錢,宜蘭縣蘇澳鎮****,,否,,,,,,,
356,陳秋月,111年宜蘭縣南澳鄉鄉長選舉,首次申報,1111124,交通旅運支出,良晨實業有限公司,89337816,0.00,720.00,,,,油資,金錢,宜蘭縣蘇澳鎮****,,否,,,,,,,
357,陳秋月,111年宜蘭縣南澳鄉鄉長選舉,首次申報,1111124,交通旅運支出,良晨實業有限公司,89337816,0.00,1111.00,,,,油資,金錢,宜蘭縣蘇澳鎮****,,否,,,,,,,
358,陳秋月,111年宜蘭縣南澳鄉鄉長選舉,首次申報,1111124,交通旅運支出,良晨實業有限公司,89337816,0.00,550.00,,,,油資,金錢,宜蘭縣蘇澳鎮****,,否,,,,,,,
359,陳秋月,111年宜蘭縣南澳鄉鄉長選舉,首次申報,1111124,交通旅運支出,良晨實業有限公司,89337816,0.00,561.00,,,,油資,金錢,宜蘭縣蘇澳鎮****,,否,,,,,,,
360,陳秋月,111年宜蘭縣南澳鄉鄉長選舉,首次申報,1111124,交通旅運支出,良晨實業有限公司,89337816,0.00,1000.00,,,,油資,金錢,宜蘭縣蘇澳鎮****,,否,,,,,,,
361,陳秋月,111年宜蘭縣南澳鄉鄉長選舉,首次申報,1111124,交通旅運支出,良晨實業有限公司,89337816,0.00,810.00,,,,油資,金錢,宜蘭縣蘇澳鎮****,,否,,,,,,,
362,陳秋月,111年宜蘭縣南澳鄉鄉長選舉,首次申報,1111124,交通旅運支出,良晨實業有限公司,89337816,0.00,600.00,,,,油資,金錢,宜蘭縣蘇澳鎮****,,否,,,,,,,
363,陳秋月,111年宜蘭縣南澳鄉鄉長選舉,首次申報,1111124,雜支支出,萊爾富,90424866,0.00,973.00,,,,餐飲費用,金錢,,,否,,,,,,,
364,陳秋月,111年宜蘭縣南澳鄉鄉長選舉,首次申報,1111124,人事費用支出,高蕙芳,A22*******,0.00,4000.00,,,,工資或薪津,金錢,宜蘭縣南澳鄉****,,否,,,,,,,
365,陳秋月,111年宜蘭縣南澳鄉鄉長選舉,首次申報,1111124,人事費用支出,蘇育憲,F12*******,0.00,4000.00,,,,工資或薪津,金錢,宜蘭縣南澳鄉****,,否,,,,,,,
366,陳秋月,111年宜蘭縣南澳鄉鄉長選舉,首次申報,1111124,人事費用支出,林誠光,G10*******,0.00,4000.00,,,,工資或薪津,金錢,宜蘭縣南澳鄉****,,否,,,,,,,
367,陳秋月,111年宜蘭縣南澳鄉鄉長選舉,首次申報,1111124,人事費用支出,方政財,G12*******,0.00,30000.00,,,,工資或薪津,金錢,宜蘭縣南澳鄉****,,否,,,,,,,
368,陳秋月,111年宜蘭縣南澳鄉鄉長選舉,首次申報,1111124,人事費用支出,林俊傑,G12*******,0.00,4000.00,,,,工資或薪津,金錢,宜蘭縣南澳鄉****,,否,,,,,,,
369,陳秋月,111年宜蘭縣南澳鄉鄉長選舉,首次申報,1111124,人事費用支出,韋文吉,G12*******,0.00,4000.00,,,,工資或薪津,金錢,宜蘭縣南澳鄉****,,否,,,,,,,
370,陳秋月,111年宜蘭縣南澳鄉鄉長選舉,首次申報,1111124,人事費用支出,季海鰲,G12*******,0.00,4000.00,,,,工資或薪津,金錢,宜蘭縣南澳鄉****,,否,,,,,,,
371,陳秋月,111年宜蘭縣南澳鄉鄉長選舉,首次申報,1111124,人事費用支出,張榮,G12*******,0.00,30000.00,,,,工資或薪津,金錢,宜蘭縣蘇澳鎮****,,否,,,,,,,
372,陳秋月,111年宜蘭縣南澳鄉鄉長選舉,首次申報,1111124,人事費用支出,韋聖宏,G12*******,0.00,30000.00,,,,工資或薪津,金錢,宜蘭縣南澳鄉****,,否,,,,,,,
373,陳秋月,111年宜蘭縣南澳鄉鄉長選舉,首次申報,1111124,人事費用支出,李汪桀,G12*******,0.00,4000.00,,,,工資或薪津,金錢,宜蘭縣蘇澳鎮****,,否,,,,,,,
374,陳秋月,111年宜蘭縣南澳鄉鄉長選舉,首次申報,1111124,人事費用支出,吳博硯,G12*******,0.00,2000.00,,,,工資或薪津,金錢,宜蘭縣蘇澳鎮****,,否,,,,,,,
375,陳秋月,111年宜蘭縣南澳鄉鄉長選舉,首次申報,1111124,人事費用支出,呂淑慧,G22*******,0.00,2000.00,,,,工資或薪津,金錢,宜蘭縣南澳鄉****,,否,,,,,,,
376,陳秋月,111年宜蘭縣南澳鄉鄉長選舉,首次申報,1111124,人事費用支出,韋邱春花,G22*******,0.00,4000.00,,,,工資或薪津,金錢,宜蘭縣南澳鄉****,,否,,,,,,,
377,陳秋月,111年宜蘭縣南澳鄉鄉長選舉,首次申報,1111124,人事費用支出,邱貴花,G22*******,0.00,4000.00,,,,工資或薪津,金錢,宜蘭縣南澳鄉****,,否,,,,,,,
378,陳秋月,111年宜蘭縣南澳鄉鄉長選舉,首次申報,1111124,人事費用支出,林小容,J22*******,0.00,4000.00,,,,工資或薪津,金錢,宜蘭縣南澳鄉****,,否,,,,,,,
379,陳秋月,111年宜蘭縣南澳鄉鄉長選舉,首次申報,1111124,人事費用支出,司孟懷,M12*******,0.00,30000.00,,,,工資或薪津,金錢,南投縣信義鄉****,,否,,,,,,,
380,陳秋月,111年宜蘭縣南澳鄉鄉長選舉,首次申報,1111124,人事費用支出,盧英杰,Q12*******,0.00,4000.00,,,,工資或薪津,金錢,宜蘭縣蘇澳鎮****,,否,,,,,,,
381,陳秋月,111年宜蘭縣南澳鄉鄉長選舉,首次申報,1111124,人事費用支出,張哲耀,T12*******,0.00,2000.00,,,,工資或薪津,金錢,臺北市士林區****,,否,,,,,,,
382,陳秋月,111年宜蘭縣南澳鄉鄉長選舉,首次申報,1111124,人事費用支出,羅桂美,T22*******,0.00,4000.00,,,,工資或薪津,金錢,宜蘭縣南澳鄉****,,否,,,,,,,
383,陳秋月,111年宜蘭縣南澳鄉鄉長選舉,首次申報,1111124,人事費用支出,金律,U12*******,0.00,2000.00,,,,工資或薪津,金錢,花蓮縣秀林鄉****,,否,,,,,,,
384,陳秋月,111年宜蘭縣南澳鄉鄉長選舉,首次申報,1111125,雜支支出,古早味美食坊,29287756,0.00,4850.00,,,,餐飲費用(便當),金錢,,,否,,,,,,,
385,陳秋月,111年宜蘭縣南澳鄉鄉長選舉,首次申報,1111125,雜支支出,全家便利店,53672343,0.00,875.00,,,,餐飲費用,金錢,,,否,,,,,,,
386,陳秋月,111年宜蘭縣南澳鄉鄉長選舉,首次申報,1111125,交通旅運支出,南興加油站,70918270,0.00,380.00,,,,油資,金錢,,380*****,否,,,,,,,
387,陳秋月,111年宜蘭縣南澳鄉鄉長選舉,首次申報,1111125,交通旅運支出,南興加油站,70918270,0.00,1000.00,,,,油資,金錢,,,否,,,,,,,
388,陳秋月,111年宜蘭縣南澳鄉鄉長選舉,首次申報,1111125,交通旅運支出,南興加油站,70918270,0.00,500.00,,,,油資,金錢,,,否,,,,,,,
389,陳秋月,111年宜蘭縣南澳鄉鄉長選舉,首次申報,1111125,交通旅運支出,南興加油站,70918270,0.00,600.00,,,,油資,金錢,,,否,,,,,,,
390,陳秋月,111年宜蘭縣南澳鄉鄉長選舉,首次申報,1111125,交通旅運支出,台灣中油,76966853,0.00,1010.00,,,,油資,金錢,,,否,,,,,,,
391,陳秋月,111年宜蘭縣南澳鄉鄉長選舉,首次申報,1111125,交通旅運支出,良晨實業有限公司,89337816,0.00,610.00,,,,油資,金錢,宜蘭縣蘇澳鎮****,,否,,,,,,,
392,陳秋月,111年宜蘭縣南澳鄉鄉長選舉,首次申報,1111125,交通旅運支出,良晨實業有限公司,89337816,0.00,785.00,,,,油資,金錢,宜蘭縣蘇澳鎮****,,否,,,,,,,
393,陳秋月,111年宜蘭縣南澳鄉鄉長選舉,首次申報,1111125,交通旅運支出,良晨實業有限公司,89337816,0.00,650.00,,,,油資,金錢,宜蘭縣蘇澳鎮****,,否,,,,,,,
394,陳秋月,111年宜蘭縣南澳鄉鄉長選舉,首次申報,1111125,交通旅運支出,良晨實業有限公司,89337816,0.00,460.00,,,,油資,金錢,宜蘭縣蘇澳鎮****,,否,,,,,,,
395,陳秋月,111年宜蘭縣南澳鄉鄉長選舉,首次申報,1111125,交通旅運支出,良晨實業有限公司,89337816,0.00,510.00,,,,油資,金錢,宜蘭縣蘇澳鎮****,,否,,,,,,,
396,陳秋月,111年宜蘭縣南澳鄉鄉長選舉,首次申報,1111125,交通旅運支出,良晨實業有限公司,89337816,0.00,790.00,,,,油資,金錢,宜蘭縣蘇澳鎮****,,否,,,,,,,
397,陳秋月,111年宜蘭縣南澳鄉鄉長選舉,首次申報,1111125,交通旅運支出,良晨實業有限公司,89337816,0.00,720.00,,,,油資,金錢,宜蘭縣蘇澳鎮****,,否,,,,,,,
398,陳秋月,111年宜蘭縣南澳鄉鄉長選舉,首次申報,1111125,交通旅運支出,良晨實業有限公司,89337816,0.00,980.00,,,,油資,金錢,宜蘭縣蘇澳鎮****,,否,,,,,,,
399,陳秋月,111年宜蘭縣南澳鄉鄉長選舉,首次申報,1111125,交通旅運支出,良晨實業有限公司,89337816,0.00,610.00,,,,油資,金錢,宜蘭縣蘇澳鎮****,,否,,,,,,,
400,陳秋月,111年宜蘭縣南澳鄉鄉長選舉,首次申報,1111125,雜支支出,東澳郵局,95938386,0.00,28.00,,,,書報雜誌費用(郵資),金錢,,,否,,,,,,,
401,陳秋月,111年宜蘭縣南澳鄉鄉長選舉,首次申報,1111125,人事費用支出,高金龍,G10*******,0.00,4000.00,,,,工資或薪津,金錢,宜蘭縣南澳鄉****,,否,,,,,,,
402,陳秋月,111年宜蘭縣南澳鄉鄉長選舉,首次申報,1111125,人事費用支出,松建新,G12*******,0.00,4000.00,,,,工資或薪津,金錢,宜蘭縣南澳鄉****,,否,,,,,,,
403,陳秋月,111年宜蘭縣南澳鄉鄉長選舉,首次申報,1111125,人事費用支出,松王淑珍,G22*******,0.00,4000.00,,,,工資或薪津,金錢,宜蘭縣南澳鄉****,,否,,,,,,,
404,陳秋月,111年宜蘭縣南澳鄉鄉長選舉,首次申報,1111125,人事費用支出,邱淑萍,G22*******,0.00,2000.00,,,,工資或薪津,金錢,宜蘭縣南澳鄉****,,否,,,,,,,
405,陳秋月,111年宜蘭縣南澳鄉鄉長選舉,首次申報,1111126,交通旅運支出,台灣中油,01490119,0.00,1000.00,,,,油資,金錢,,,否,,,,,,,
406,陳秋月,111年宜蘭縣南澳鄉鄉長選舉,首次申報,1111126,雜支支出,貴族複合式餐飲,72808708,0.00,1350.00,,,,餐飲費用,金錢,,,否,,,,,,,
407,陳秋月,111年宜蘭縣南澳鄉鄉長選舉,首次申報,1111127,雜支支出,全家便利店,53672343,0.00,494.00,,,,餐飲費用,金錢,,,否,,,,,,,
408,陳秋月,111年宜蘭縣南澳鄉鄉長選舉,首次申報,1111127,交通旅運支出,良晨實業有限公司,89337816,0.00,830.00,,,,油資,金錢,宜蘭縣蘇澳鎮****,,否,,,,,,,
409,陳秋月,111年宜蘭縣南澳鄉鄉長選舉,首次申報,1111128,交通旅運支出,台北計程車,,0.00,200.00,,,,搭乘交通工具費用,金錢,,02-8*****,否,,,,,,,
410,陳秋月,111年宜蘭縣南澳鄉鄉長選舉,首次申報,1111128,交通旅運支出,首都客運,34049262,0.00,131.00,,,,搭乘交通工具費用,金錢,,,否,,,,,,,
411,陳秋月,111年宜蘭縣南澳鄉鄉長選舉,首次申報,1111128,交通旅運支出,首都客運,34049262,0.00,131.00,,,,搭乘交通工具費用,金錢,,,否,,,,,,,
412,陳秋月,111年宜蘭縣南澳鄉鄉長選舉,首次申報,1111128,交通旅運支出,南興加油站,70918270,0.00,620.00,,,,油資,金錢,,,否,,,,,,,
413,陳秋月,111年宜蘭縣南澳鄉鄉長選舉,首次申報,1111128,交通旅運支出,良晨實業有限公司,89337816,0.00,970.00,,,,油資,金錢,宜蘭縣蘇澳鎮****,,否,,,,,,,
414,陳秋月,111年宜蘭縣南澳鄉鄉長選舉,首次申報,1111129,雜支支出,中央健保局,,0.00,1630.00,,,,健保費年月,金錢,,02-2*****,否,,,,,,,
415,陳秋月,111年宜蘭縣南澳鄉鄉長選舉,首次申報,1111129,雜支支出,黑翡淬,88315069,0.00,140.00,,,,餐飲費用,金錢,,,否,,,,,,,
416,陳秋月,111年宜蘭縣南澳鄉鄉長選舉,首次申報,1111130,雜支支出,中華電信,19562254,0.00,1067.00,,,,電信費用()年月,金錢,,,否,,,,,,,
417,陳秋月,111年宜蘭縣南澳鄉鄉長選舉,首次申報,1111130,雜支支出,中華電信,19562254,0.00,1055.00,,,,電信費用()年月,金錢,,,否,,,,,,,
418,陳秋月,111年宜蘭縣南澳鄉鄉長選舉,首次申報,1111130,雜支支出,中華電信,81691784,0.00,1199.00,,,,電信費用()年月,金錢,,,否,,,,,,,
419,陳秋月,111年宜蘭縣南澳鄉鄉長選舉,首次申報,1111207,雜支支出,勞工保險局,17023087,0.00,2647.00,,,,勞保費年月,金錢,臺北市中正區****,02-2*****,否,,,,,,,
420,陳秋月,111年宜蘭縣南澳鄉鄉長選舉,首次申報,1111213,雜支支出,吳裴家餐館,91326998,0.00,360.00,,,,餐飲費用,金錢,,,否,,,,,,,
421,陳秋月,111年宜蘭縣南澳鄉鄉長選舉,首次申報,1111213,雜支支出,東澳郵局,95938386,0.00,50.00,,,,選印歷史交易工本費,金錢,,,否,,,,,,,
422,陳秋月,111年宜蘭縣南澳鄉鄉長選舉,首次申報,1111214,雜支支出,中華電信,19562254,0.00,530.00,,,,電信費用()年月,金錢,,,否,,,,,,,
423,陳秋月,111年宜蘭縣南澳鄉鄉長選舉,首次申報,1111214,雜支支出,中華電信,19562254,0.00,57.00,,,,電信費用()年月,金錢,,,否,,,,,,,
424,陳秋月,111年宜蘭縣南澳鄉鄉長選舉,首次申報,1111214,交通旅運支出,蘇澳交流道加油站,28777349,0.00,1200.00,,,,油資,金錢,,,否,,,,,,,
425,陳秋月,111年宜蘭縣南澳鄉鄉長選舉,首次申報,1111214,雜支支出,中華電信,81691784,0.00,1867.00,,,,電信費用()年月,金錢,,,否,,,,,,,
426,陳秋月,111年宜蘭縣南澳鄉鄉長選舉,首次申報,1111214,雜支支出,中華電信,81691784,0.00,1199.00,,,,電信費用()年月,金錢,,,否,,,,,,,
427,陳秋月,111年宜蘭縣南澳鄉鄉長選舉,首次申報,1111215,人事費用支出,張曉苓,G22*******,0.00,24377.00,,,,工資或薪津,金錢,基隆市七堵區****,,否,,,,,,,
428,陳秋月,111年宜蘭縣南澳鄉鄉長選舉,首次申報,1111217,交通旅運支出,勝利加油站,25505956,0.00,1568.00,,,,油資,金錢,,,否,,,,,,,
429,陳秋月,111年宜蘭縣南澳鄉鄉長選舉,首次申報,1111222,交通旅運支出,台北計程車,,0.00,80.00,,,,搭乘交通工具費用,金錢,,02-8*****,否,,,,,,,
430,陳秋月,111年宜蘭縣南澳鄉鄉長選舉,首次申報,1111222,雜支支出,中央健保局,,0.00,1630.00,,,,健保費用(年月),金錢,,0800*****,否,,,,,,,
431,陳秋月,111年宜蘭縣南澳鄉鄉長選舉,首次申報,1111222,交通旅運支出,台北計程車,,0.00,220.00,,,,搭乘交通工具費用(市府捷運站-杭南),金錢,,02-2*****,否,,,,,,,
432,陳秋月,111年宜蘭縣南澳鄉鄉長選舉,首次申報,1111223,交通旅運支出,台北計程車,,0.00,295.00,,,,搭乘交通工具費用,金錢,,02-8*****,否,,,,,,,
433,陳秋月,111年宜蘭縣南澳鄉鄉長選舉,首次申報,1111223,交通旅運支出,勝利加油站,25505956,0.00,1438.00,,,,油資,金錢,,,否,,,,,,,
434,陳秋月,111年宜蘭縣南澳鄉鄉長選舉,首次申報,1111224,交通旅運支出,良晨實業有限公司,89337816,0.00,1350.00,,,,油資,金錢,宜蘭縣蘇澳鎮****,,否,,,,,,,
435,陳秋月,111年宜蘭縣南澳鄉鄉長選舉,首次申報,1111225,雜支支出,中央健保局,,0.00,1630.00,,,,健保費用年月,金錢,,0800*****,否,,,,,,,
436,陳秋月,111年宜蘭縣南澳鄉鄉長選舉,首次申報,1111225,雜支支出,勞工保險局,17023087,0.00,11092.00,,,,勞工保險費(年月)工作人員部份工時保險費,金錢,,,否,,,,,,,
437,陳秋月,111年宜蘭縣南澳鄉鄉長選舉,首次申報,1111225,交通旅運支出,首都客運,34049262,0.00,131.00,,,,搭乘交通工具費用,金錢,,,否,,,,,,,
438,陳秋月,111年宜蘭縣南澳鄉鄉長選舉,首次申報,1111225,交通旅運支出,竺林加油站,89915668,0.00,592.00,,,,油資,金錢,,,否,,,,,,,
