﻿序號,擬參選人／政黨,選舉名稱,申報序號／年度,交易日期,收支科目,捐贈者／支出對象,身分證／統一編號,收入金額,支出金額,支出用途,金錢類,地址,聯絡電話,資料更正日期
1,王鈺齊,107年縣(市)議員選舉,首次申報,1071106,個人捐贈收入,林桄毅,P12*******,50000.00,0.00,,金錢,新北市板橋區****,,
2,王鈺齊,107年縣(市)議員選舉,首次申報,1071108,個人捐贈收入,詹浩晟,F12*******,50000.00,0.00,,金錢,新北市汐止區****,,
3,王鈺齊,107年縣(市)議員選舉,首次申報,1071108,個人捐贈收入,王水泉,P10*******,50000.00,0.00,,金錢,桃園市龜山區****,,
4,王鈺齊,107年縣(市)議員選舉,首次申報,1071109,個人捐贈收入,彭德義,G12*******,20000.00,0.00,,金錢,新北市汐止區****,,
5,王鈺齊,107年縣(市)議員選舉,首次申報,1071115,個人捐贈收入,林維軒,P12*******,6666.00,0.00,,金錢,雲林縣土庫鎮****,,
6,王鈺齊,107年縣(市)議員選舉,首次申報,1071122,營利事業捐贈收入,紘鈺股份有限公司,53098798,100000.00,0.00,,金錢,臺北市內湖區****,,
7,王鈺齊,107年縣(市)議員選舉,首次申報,1071123,營利事業捐贈收入,紘鈺股份有限公司,53098798,100000.00,0.00,,金錢,臺北市內湖區****,,
