﻿序號,擬參選人／政黨,選舉名稱,申報序號／年度,交易日期,收支科目,捐贈者／支出對象,身分證／統一編號,收入金額,支出金額,捐贈方式,存入專戶日期,返還/繳庫,支出用途,金錢類,地址,聯絡電話,應揭露之支出對象,支出對象之內部人員姓名,支出對象之內部人員職稱,政黨之內部人員姓名,政黨之內部人員職稱,關係,更正註記,資料更正日期
1,李詠芳,111年桃園市中壢區青溪里里長選舉,首次申報,1110914,宣傳支出,荷包袋國際有限公司,,0.00,1470.00,,,,製作競選物品或宣傳廣告費用（物品名稱-請填寫）,金錢,高雄市左營區****,,否,,,,,,,
2,李詠芳,111年桃園市中壢區青溪里里長選舉,首次申報,1111012,宣傳支出,嘉豐商行,,0.00,5600.00,,,,其他與選舉宣傳有關之費用,金錢,桃園市中壢區****,,否,,,,,,,
3,李詠芳,111年桃園市中壢區青溪里里長選舉,首次申報,1111013,雜支支出,金義堂企業社,,0.00,192.00,,,,文具用品費用,金錢,桃園市中壢區****,,否,,,,,,,
4,李詠芳,111年桃園市中壢區青溪里里長選舉,首次申報,1111018,雜支支出,豐輝食品餐具行,,0.00,820.00,,,,雜項購置或修繕費用,金錢,桃園市中壢區****,,否,,,,,,,
5,李詠芳,111年桃園市中壢區青溪里里長選舉,首次申報,1111104,宣傳支出,威皇實業有限公司,,0.00,2075.00,,,,製作競選物品或宣傳廣告費用（布條）,金錢,新北市蘆洲區****,,否,,,,,,,
6,李詠芳,111年桃園市中壢區青溪里里長選舉,首次申報,1111110,宣傳支出,威皇實業有限公司,,0.00,925.00,,,,製作競選物品或宣傳廣告費用（布條）,金錢,新北市蘆洲區****,,否,,,,,,,
7,李詠芳,111年桃園市中壢區青溪里里長選舉,首次申報,1111202,宣傳支出,威皇實業有限公司,,0.00,200.00,,,,製作競選物品或宣傳廣告費用（物品名稱-請填寫）,金錢,新北市蘆洲區****,,否,,,,,,,
8,李詠芳,111年桃園市中壢區青溪里里長選舉,首次申報,1111212,宣傳支出,威皇實業有限公司,,0.00,9550.00,,,,製作競選物品或宣傳廣告費用（物品名稱-請填寫）,金錢,新北市蘆洲區****,,否,,,,,,,
