﻿序號,擬參選人／政黨,選舉名稱,申報序號／年度,交易日期,收支科目,捐贈者／支出對象,身分證／統一編號,收入金額,支出金額,捐贈方式,存入專戶日期,返還/繳庫,支出用途,金錢類,地址,聯絡電話,應揭露之支出對象,支出對象之內部人員姓名,支出對象之內部人員職稱,政黨之內部人員姓名,政黨之內部人員職稱,關係,更正註記,資料更正日期
1,楊仲傑,111年臺中市潭子區潭陽里里長選舉,首次申報,1110929,個人捐贈收入,陳家豪,Q12*******,3500.00,0.00,匯款,1110929,,,金錢,臺中市潭子區****,0963*****,,,,,,,,
2,楊仲傑,111年臺中市潭子區潭陽里里長選舉,首次申報,1110930,個人捐贈收入,郭家哲,T12*******,6000.00,0.00,匯款,1110930,,,金錢,臺中市西屯區****,0915*****,,,,,,,,
3,楊仲傑,111年臺中市潭子區潭陽里里長選舉,首次申報,1111002,匿名捐贈,匿名1,,1000.00,0.00,匯款,1111002,,,金錢,,,,,,,,,,
4,楊仲傑,111年臺中市潭子區潭陽里里長選舉,首次申報,1111004,個人捐贈收入,徐書婷,,2000.00,0.00,匯款,1111004,,,金錢,臺中市西屯區****,0988*****,,,,,,,,
5,楊仲傑,111年臺中市潭子區潭陽里里長選舉,首次申報,1111006,個人捐贈收入,江仁瑞,,3600.00,0.00,匯款,1111006,,,金錢,臺中市豐原區****,0933*****,,,,,,,,
6,楊仲傑,111年臺中市潭子區潭陽里里長選舉,首次申報,1111011,個人捐贈收入,鄭麗雪,,1000.00,0.00,匯款,1111011,,,金錢,,04-2*****,,,,,,,,
7,楊仲傑,111年臺中市潭子區潭陽里里長選舉,首次申報,1111013,個人捐贈收入,張焜傑,N12*******,3000.00,0.00,匯款,1111013,,,金錢,臺中市南區建****,0910*****,,,,,,,,
8,楊仲傑,111年臺中市潭子區潭陽里里長選舉,首次申報,1111021,個人捐贈收入,陳德煌,L10*******,10000.00,0.00,匯款,1111021,,,金錢,臺中市潭子區****,0932*****,,,,,,,,
9,楊仲傑,111年臺中市潭子區潭陽里里長選舉,首次申報,1111026,個人捐贈收入,林蓓津,L22*******,10000.00,0.00,匯款,1111026,,,金錢,臺中市西屯區****,0935*****,,,,,,,,
10,楊仲傑,111年臺中市潭子區潭陽里里長選舉,首次申報,1111104,個人捐贈收入,紀權宜,L12*******,2000.00,0.00,現金,1111104,,,金錢,臺中市大雅區****,0932*****,,,,,,,,
11,楊仲傑,111年臺中市潭子區潭陽里里長選舉,首次申報,1111105,個人捐贈收入,黃瑋婷,,3000.00,0.00,匯款,1111105,,,金錢,臺中市西屯區****,0923*****,,,,,,,,
12,楊仲傑,111年臺中市潭子區潭陽里里長選舉,首次申報,1111117,個人捐贈收入,張庭瑋,N22*******,2000.00,0.00,匯款,1111117,,,金錢,彰化縣田中鎮****,0939*****,,,,,,,,
13,楊仲傑,111年臺中市潭子區潭陽里里長選舉,首次申報,1111118,匿名捐贈,匿名2,,2000.00,0.00,匯款,1111118,,,金錢,,,,,,,,,,
14,楊仲傑,111年臺中市潭子區潭陽里里長選舉,首次申報,1111221,其他收入,利息收入,,28.00,0.00,匯款,,,,金錢,,,,,,,,,,
