﻿序號,擬參選人／政黨,選舉名稱,申報序號／年度,交易日期,收支科目,捐贈者／支出對象,身分證／統一編號,收入金額,支出金額,捐贈方式,存入專戶日期,返還/繳庫,支出用途,金錢類,地址,聯絡電話,應揭露之支出對象,支出對象之內部人員姓名,支出對象之內部人員職稱,政黨之內部人員姓名,政黨之內部人員職稱,關係,更正註記,資料更正日期
1,王孝裕,111年彰化縣議員選舉,首次申報,1110511,個人捐贈收入,李雅雯,,10000.00,0.00,匯款,1110511,,,金錢,彰化縣和美鎮****,,,,,,,,,
2,王孝裕,111年彰化縣議員選舉,首次申報,1110511,匿名捐贈,匿名,,8888.00,0.00,匯款,1110511,,,金錢,,,,,,,,,,
3,王孝裕,111年彰化縣議員選舉,首次申報,1110511,匿名捐贈,匿名1,,3000.00,0.00,現金,1110511,,,金錢,,,,,,,,,,
4,王孝裕,111年彰化縣議員選舉,首次申報,1110513,匿名捐贈,匿名,,1000.00,0.00,現金,1110513,,,金錢,,,,,,,,,,
5,王孝裕,111年彰化縣議員選舉,首次申報,1110514,匿名捐贈,匿名,,1000.00,0.00,現金,1110514,,,金錢,,,,,,,,,,
6,王孝裕,111年彰化縣議員選舉,首次申報,1110518,匿名捐贈,匿名,,6666.00,0.00,現金,1110518,,,金錢,,,,,,,,,,
7,王孝裕,111年彰化縣議員選舉,首次申報,1110527,匿名捐贈,匿名,,500.00,0.00,現金,1110527,,,金錢,,,,,,,,,,
8,王孝裕,111年彰化縣議員選舉,首次申報,1110607,個人捐贈收入,林志杰,N12*******,5000.00,0.00,匯款,1110610,,,金錢,桃園市龜山區****," 09*****",,,,,,,,
9,王孝裕,111年彰化縣議員選舉,首次申報,1110621,其他收入,利息收入,,8.00,0.00,匯款,1110621,,,金錢,,,,,,,,,,
10,王孝裕,111年彰化縣議員選舉,首次申報,1110622,個人捐贈收入,張棟瑜,M12*******,6000.00,0.00,匯款,1110701,,,金錢,台中市沙鹿區****," 09*****",,,,,,,,
11,王孝裕,111年彰化縣議員選舉,首次申報,1110624,個人捐贈收入,章瑩瑩,N22*******,10000.00,0.00,匯款,1110701,,,金錢,彰化縣彰化市****," 09*****",,,,,,,,
12,王孝裕,111年彰化縣議員選舉,首次申報,1110627,個人捐贈收入,欉振坤,M12*******,30000.00,0.00,匯款,1110701,,,金錢,台中市太平區****," 09*****",,,,,,,,
13,王孝裕,111年彰化縣議員選舉,首次申報,1110701,個人捐贈收入,章瑩瑩,N22*******,10000.00,0.00,匯款,1110708,,,金錢,彰化縣彰化市****," 09*****",,,,,,,,
14,王孝裕,111年彰化縣議員選舉,首次申報,1110713,個人捐贈收入,劉建宏,D12*******,70000.00,0.00,匯款,1110722,,,金錢,高雄市左營區****," 09*****",,,,,,,,
15,王孝裕,111年彰化縣議員選舉,首次申報,1110714,個人捐贈收入,趙維霖,U12*******,1200.00,0.00,匯款,1110722,,,金錢,新北市板橋區****," 09*****",,,,,,,,
16,王孝裕,111年彰化縣議員選舉,首次申報,1110715,個人捐贈收入,黃鈺雯,E22*******,666.00,0.00,匯款,1110722,,,金錢,臺北市信義區****," 09*****",,,,,,,,
17,王孝裕,111年彰化縣議員選舉,首次申報,1110715,個人捐贈收入,王璽瑋,L22*******,666.00,0.00,匯款,1110722,,,金錢,台中市沙鹿區****," 09*****",,,,,,,,
18,王孝裕,111年彰化縣議員選舉,首次申報,1110715,個人捐贈收入,張為詩,L22*******,1688.00,0.00,匯款,1110722,,,金錢,新北市三重區****," 09*****",,,,,,,,
19,王孝裕,111年彰化縣議員選舉,首次申報,1110807,匿名捐贈,匿名,,1111.00,0.00,現金,1110807,,,金錢,,,,,,,,,,
20,王孝裕,111年彰化縣議員選舉,首次申報,1110808,匿名捐贈,匿名,,1111.00,0.00,現金,1110808,,,金錢,,,,,,,,,,
21,王孝裕,111年彰化縣議員選舉,首次申報,1110817,個人捐贈收入,鄧德雋,B12*******,3000.00,0.00,匯款,1110826,,,金錢,臺北市大安區****," 09*****",,,,,,,,
22,王孝裕,111年彰化縣議員選舉,首次申報,1110821,個人捐贈收入,王靜宜,B22*******,3000.00,0.00,匯款,1110826,,,金錢,台中市西屯區****," 09*****",,,,,,,,
23,王孝裕,111年彰化縣議員選舉,首次申報,1110822,個人捐贈收入,劉春汝,,10000.00,0.00,現金,1110822,,,金錢,彰化縣彰化市****,,,,,,,,,
24,王孝裕,111年彰化縣議員選舉,首次申報,1110823,匿名捐贈,匿名,,2000.00,0.00,匯款,1110823,,,金錢,,,,,,,,,,
25,王孝裕,111年彰化縣議員選舉,首次申報,1110901,個人捐贈收入,廖哲緯,L12*******,6000.00,0.00,匯款,1110908,,,金錢,台中市清水區****," 09*****",,,,,,,,
26,王孝裕,111年彰化縣議員選舉,首次申報,1110905,營利事業捐贈收入,偉凌工業股份有限公司,59345640,20000.00,0.00,匯款,1110908,,,金錢,彰化縣彰化市****," 04*****",,,,,,,,
27,王孝裕,111年彰化縣議員選舉,首次申報,1110907,個人捐贈收入,蔡中鈞,N12*******,2000.00,0.00,匯款,1110913,,,金錢,彰化縣彰化市****," 09*****",,,,,,,,
28,王孝裕,111年彰化縣議員選舉,首次申報,1110909,匿名捐贈,匿名,,500.00,0.00,匯款,1110909,,,金錢,,,,,,,,,,
29,王孝裕,111年彰化縣議員選舉,首次申報,1110925,匿名捐贈,匿名,,3000.00,0.00,匯款,1110930,,,金錢,,,,,,,,,,
30,王孝裕,111年彰化縣議員選舉,首次申報,1111020,個人捐贈收入,錢玉瑩,M22*******,2000.00,0.00,匯款,1111025,,,金錢,南投縣南投市****," 09*****",,,,,,,,
31,王孝裕,111年彰化縣議員選舉,首次申報,1111030,匿名捐贈,匿名,,1000.00,0.00,匯款,1111104,,,金錢,,,,,,,,,,
32,王孝裕,111年彰化縣議員選舉,首次申報,1111102,匿名捐贈,匿名,,200.00,0.00,匯款,1111102,,,金錢,,,,,,,,,,
33,王孝裕,111年彰化縣議員選舉,首次申報,1111103,個人捐贈收入,蘇敬文,N12*******,1000.00,0.00,匯款,1111108,,,金錢,新竹縣竹東鎮****," 09*****",,,,,,,,
34,王孝裕,111年彰化縣議員選舉,首次申報,1111113,匿名捐贈,匿名,,1000.00,0.00,匯款,1111113,,,金錢,,,,,,,,,,
35,王孝裕,111年彰化縣議員選舉,首次申報,1111114,匿名捐贈,匿名,,100.00,0.00,匯款,1111118,,,金錢,,,,,,,,,,
36,王孝裕,111年彰化縣議員選舉,首次申報,1111121,個人捐贈收入,陳品蓉,Q22*******,5000.00,0.00,匯款,1111125,,,金錢,彰化縣花壇鄉****," 09*****",,,,,,,,
37,王孝裕,111年彰化縣議員選舉,首次申報,1111221,其他收入,利息收入,,232.00,0.00,匯款,1111221,,,金錢,,,,,,,,,,
