﻿序號,擬參選人／政黨,選舉名稱,申報序號／年度,交易日期,收支科目,捐贈者／支出對象,身分證／統一編號,收入金額,支出金額,捐贈方式,存入專戶日期,返還/繳庫,支出用途,金錢類,地址,聯絡電話,應揭露之支出對象,支出對象之內部人員姓名,支出對象之內部人員職稱,政黨之內部人員姓名,政黨之內部人員職稱,關係,更正註記,資料更正日期
1,陳貴松,111年屏東縣長治鄉鄉民代表選舉,首次申報,1111112,個人捐贈收入,翁楨媜,F22*******,100000.00,0.00,現金,1111118,,,金錢,新北市板橋區****,,,,,,,,,
2,陳貴松,111年屏東縣長治鄉鄉民代表選舉,首次申報,1111112,個人捐贈收入,陳威志,T12*******,100000.00,0.00,現金,1111118,,,金錢,屏東縣長治鄉****,,,,,,,,,
3,陳貴松,111年屏東縣長治鄉鄉民代表選舉,首次申報,1111112,個人捐贈收入,陳宜涓,T22*******,100000.00,0.00,現金,1111118,,,金錢,屏東縣長治鄉****,0977*****,,,,,,,,
4,陳貴松,111年屏東縣長治鄉鄉民代表選舉,首次申報,1111112,個人捐贈收入,陳云如,T22*******,100000.00,0.00,現金,1111118,,,金錢,新北市板橋區****,,,,,,,,,
5,陳貴松,111年屏東縣長治鄉鄉民代表選舉,首次申報,1111125,個人捐贈收入,翁佳濱,F12*******,50000.00,0.00,現金,1111125,,,金錢,新北市板橋區****,0933*****,,,,,,,,
6,陳貴松,111年屏東縣長治鄉鄉民代表選舉,首次申報,1111125,個人捐贈收入,簡孝賢,T12*******,50000.00,0.00,現金,1111125,,,金錢,屏東縣長治鄉****,0986*****,,,,,,,,
