﻿序號,擬參選人／政黨,選舉名稱,申報序號／年度,交易日期,收支科目,捐贈者／支出對象,身分證／統一編號,收入金額,支出金額,支出用途,金錢類,地址,聯絡電話,資料更正日期
1,張益生,107年縣(市)議員選舉,首次申報,1070502,個人捐贈收入,陳明展,,6000.00,0.00,,金錢,新竹縣新豐鄉****,,
2,張益生,107年縣(市)議員選舉,首次申報,1070522,個人捐贈收入,王景増,G12*******,2000.00,0.00,,金錢,臺北市士林區****,0933*****,
3,張益生,107年縣(市)議員選舉,首次申報,1070524,個人捐贈收入,陳建誠,D12*******,10000.00,0.00,,金錢,臺南市永康區****,0936*****,
4,張益生,107年縣(市)議員選舉,首次申報,1070529,個人捐贈收入,簡逸寬,,6600.00,0.00,,金錢,,0953*****,
5,張益生,107年縣(市)議員選舉,首次申報,1070529,匿名捐贈,匿名,,888.00,0.00,,金錢,,,
6,張益生,107年縣(市)議員選舉,首次申報,1070621,其他收入,利息收入,,1.00,0.00,,金錢,,,
7,張益生,107年縣(市)議員選舉,首次申報,1070622,個人捐贈收入,林雪萍,K22*******,10000.00,0.00,,金錢,苗栗縣頭份市****,,
8,張益生,107年縣(市)議員選舉,首次申報,1070627,個人捐贈收入,盧淑梅,F22*******,3000.00,0.00,,金錢,桃園市蘆竹區****,0916*****,
9,張益生,107年縣(市)議員選舉,首次申報,1070627,個人捐贈收入,邱國宣,J12*******,2000.00,0.00,,金錢,新竹縣芎林鄉****,0919*****,
10,張益生,107年縣(市)議員選舉,首次申報,1070628,個人捐贈收入,李審真,E22*******,3000.00,0.00,,金錢,高雄市鼓山區****,0933*****,
11,張益生,107年縣(市)議員選舉,首次申報,1070629,個人捐贈收入,田茜如,J22*******,30000.00,0.00,,金錢,新竹縣竹東鎮****,0981*****,
12,張益生,107年縣(市)議員選舉,首次申報,1070710,個人捐贈收入,朱智瑋,J12*******,41000.00,0.00,,金錢,新竹縣竹東鎮****,,
13,張益生,107年縣(市)議員選舉,首次申報,1070803,個人捐贈收入,王富雲,J22*******,10000.00,0.00,,金錢,新北市板橋區****,,
14,張益生,107年縣(市)議員選舉,首次申報,1070910,個人捐贈收入,田政達,J12*******,40000.00,0.00,,金錢,新竹縣竹東鎮****,,
15,張益生,107年縣(市)議員選舉,首次申報,1070920,個人捐贈收入,郭昭瑋,H12*******,6666.00,0.00,,金錢,竹北市自強南****,0918*****,
16,張益生,107年縣(市)議員選舉,首次申報,1070926,個人捐贈收入,朱智瑋,J12*******,21000.00,0.00,,金錢,新竹縣竹東鎮****,,
17,張益生,107年縣(市)議員選舉,首次申報,1071007,個人捐贈收入,羅永成,J12*******,6666.00,0.00,,金錢,新竹市東區田****,,
18,張益生,107年縣(市)議員選舉,首次申報,1071018,營利事業捐贈收入,億運國際有限公司,54787701,30000.00,0.00,,金錢,新竹縣竹東鎮****,0351*****,
19,張益生,107年縣(市)議員選舉,首次申報,1071024,個人捐贈收入,曾能煜,J12*******,20000.00,0.00,,金錢,新竹縣芎林鄉****,,
20,張益生,107年縣(市)議員選舉,首次申報,1071123,匿名捐贈,匿名,,1200.00,0.00,,金錢,,,
21,張益生,107年縣(市)議員選舉,首次申報,1071221,其他收入,利息收入,,5.00,0.00,,金錢,,,
