﻿序號,擬參選人／政黨,選舉名稱,申報序號／年度,交易日期,收支科目,捐贈者／支出對象,身分證／統一編號,收入金額,支出金額,支出用途,金錢類,地址,聯絡電話,資料更正日期
1,李雨庭,107年直轄市議員選舉,首次申報,1070905,營利事業捐贈收入,大博鋼鐵股份有限公司,22523283,500000.00,0.00,,金錢,高雄市前鎮區****,,
2,李雨庭,107年直轄市議員選舉,首次申報,1070918,匿名捐贈,匿名匯款,,147.00,0.00,,金錢,,,
3,李雨庭,107年直轄市議員選舉,首次申報,1070919,營利事業捐贈收入,永晉加油站有限公司,96981488,50000.00,0.00,,金錢,高雄市林園區****,,
4,李雨庭,107年直轄市議員選舉,首次申報,1071003,個人捐贈收入,林澤宇,S12*******,100000.00,0.00,,金錢,高雄市大寮區****,,
5,李雨庭,107年直轄市議員選舉,首次申報,1071003,個人捐贈收入,林鴻章,S12*******,100000.00,0.00,,金錢,高雄市大寮區****,,
6,李雨庭,107年直轄市議員選舉,首次申報,1071022,個人捐贈收入,邱俊修,E12*******,20000.00,0.00,,金錢,高雄市前鎮區****,,
7,李雨庭,107年直轄市議員選舉,首次申報,1071025,營利事業捐贈收入,祥業工業股份有限公司,85810115,20000.00,0.00,,金錢,高雄市大寮區****,,
8,李雨庭,107年直轄市議員選舉,首次申報,1071026,營利事業捐贈收入,慶豐通運有限公司,83421040,60000.00,0.00,,金錢,高雄市林園區****,,
9,李雨庭,107年直轄市議員選舉,首次申報,1071026,個人捐贈收入,蕭福才,Q10*******,10000.00,0.00,,金錢,高雄市小港區****,,
10,李雨庭,107年直轄市議員選舉,首次申報,1071029,個人捐贈收入,葉淑貞,E22*******,10000.00,0.00,,金錢,高雄市鼓山區****,,
11,李雨庭,107年直轄市議員選舉,首次申報,1071105,個人捐贈收入,謝正榮,S10*******,50000.00,0.00,,金錢,高雄市前鎮區****,,
12,李雨庭,107年直轄市議員選舉,首次申報,1071107,個人捐贈收入,陳水聰,T12*******,3000.00,0.00,,金錢,高雄市前金區****,,
13,李雨庭,107年直轄市議員選舉,首次申報,1071123,匿名捐贈,匿名捐贈,,1000.00,0.00,,金錢,,,
14,李雨庭,107年直轄市議員選舉,首次申報,1071123,營利事業捐贈收入,永鳴環保有限公司,24671176,30000.00,0.00,,金錢,高雄市三民區****,,
15,李雨庭,107年直轄市議員選舉,首次申報,1071123,營利事業捐贈收入,鴻韻交通股份有限公司,68628900,50000.00,0.00,,金錢,高雄市林園區****,,
16,李雨庭,107年直轄市議員選舉,首次申報,1071123,個人捐贈收入,林宣宇,S12*******,20000.00,0.00,,金錢,高雄市林園區****,,
17,李雨庭,107年直轄市議員選舉,首次申報,1071221,其他收入,活期存款利息收入,,147.00,0.00,,金錢,,,
