﻿序號,擬參選人／政黨,選舉名稱,申報序號／年度,交易日期,收支科目,捐贈者／支出對象,身分證／統一編號,收入金額,支出金額,捐贈方式,存入專戶日期,返還/繳庫,支出用途,金錢類,地址,聯絡電話,應揭露之支出對象,支出對象之內部人員姓名,支出對象之內部人員職稱,政黨之內部人員姓名,政黨之內部人員職稱,關係,更正註記,資料更正日期
1,蘇孟淳,113年立法委員選舉,首次申報,1120726,個人捐贈收入,黃成賢,A11*******,50000.00,0.00,現金,1120726,,,金錢,屏東縣新埤鄉****,0933*****,,,,,,,,
2,蘇孟淳,113年立法委員選舉,首次申報,1120726,個人捐贈收入,洪儒伯,T22*******,6000.00,0.00,現金,1120726,,,金錢,屏東縣屏東市****,0905*****,,,,,,,,
3,蘇孟淳,113年立法委員選舉,首次申報,1120905,個人捐贈收入,李保樺,T12*******,50000.00,0.00,現金,1120905,,,金錢,屏東縣萬丹鄉****,0928*****,,,,,,,,
4,蘇孟淳,113年立法委員選舉,首次申報,1120905,個人捐贈收入,李維倫,T12*******,50000.00,0.00,現金,1120905,,,金錢,屏東縣萬丹鄉****,08-7*****,,,,,,,,
5,蘇孟淳,113年立法委員選舉,首次申報,1120915,個人捐贈收入,吳慶輝,Q10*******,100000.00,0.00,匯款,1120915,,,金錢,新北市新莊區****,0933*****,,,,,,,,
6,蘇孟淳,113年立法委員選舉,首次申報,1120921,個人捐贈收入,邱志昇,S12*******,100000.00,0.00,現金,1120921,,,金錢,高雄市美濃區****,0933*****,,,,,,,,
7,蘇孟淳,113年立法委員選舉,首次申報,1120921,個人捐贈收入,王雄昑,S12*******,100000.00,0.00,現金,1120921,,,金錢,花蓮縣新城鄉****,0919*****,,,,,,,,
8,蘇孟淳,113年立法委員選舉,首次申報,1120921,個人捐贈收入,邱湘芬,S22*******,100000.00,0.00,現金,1120921,,,金錢,花蓮縣新城鄉****,0919*****,,,,,,,,
9,蘇孟淳,113年立法委員選舉,首次申報,1120921,個人捐贈收入,邱新雅,S22*******,100000.00,0.00,現金,1120921,,,金錢,花蓮縣花蓮市****,0972*****,,,,,,,,
10,蘇孟淳,113年立法委員選舉,首次申報,1120925,營利事業捐贈收入,旺邦營造股份有限公司,61786501,500000.00,0.00,匯款,1120925,已返還,,金錢,新北市新莊區****,02-8*****,,,,,,,,
11,蘇孟淳,113年立法委員選舉,首次申報,1121004,個人捐贈收入,尤漢銘,E12*******,10000.00,0.00,匯款,1121004,,,金錢,屏東縣滿州鄉****,0910*****,,,,,,,,
12,蘇孟淳,113年立法委員選舉,首次申報,1121019,個人捐贈收入,游文傑,F12*******,100000.00,0.00,匯款,1121019,,,金錢,新北市新莊區****,02-8*****,,,,,,,,
13,蘇孟淳,113年立法委員選舉,首次申報,1121019,個人捐贈收入,曹峻維,F12*******,100000.00,0.00,匯款,1121019,,,金錢,宜蘭縣大同鄉****,02-8*****,,,,,,,,
14,蘇孟淳,113年立法委員選舉,首次申報,1121019,個人捐贈收入,曹峻豪,F12*******,100000.00,0.00,匯款,1121019,,,金錢,宜蘭縣大同鄉****,02-8*****,,,,,,,,
15,蘇孟淳,113年立法委員選舉,首次申報,1121019,個人捐贈收入,林清安,P12*******,100000.00,0.00,匯款,1121019,,,金錢,新北市五股區****,02-8*****,,,,,,,,
16,蘇孟淳,113年立法委員選舉,首次申報,1121019,個人捐贈收入,曹來旺,P12*******,100000.00,0.00,匯款,1121019,,,金錢,宜蘭縣員山鄉****,02-8*****,,,,,,,,
17,蘇孟淳,113年立法委員選舉,首次申報,1121020,個人捐贈收入,李正德,E10*******,50000.00,0.00,票據,1121020,,,金錢,屏東縣萬丹鄉****,0921*****,,,,,,,,
18,蘇孟淳,113年立法委員選舉,首次申報,1121020,個人捐贈收入,林振勝,T10*******,68800.00,0.00,票據,1121020,,,金錢,屏東縣新園鄉****,0935*****,,,,,,,,
19,蘇孟淳,113年立法委員選舉,首次申報,1121024,個人捐贈收入,李柏辰,A12*******,50000.00,0.00,現金,1121024,,,金錢,新北市淡水區****,0986*****,,,,,,,,
20,蘇孟淳,113年立法委員選舉,首次申報,1121024,個人捐贈收入,楊子賢,A22*******,50000.00,0.00,現金,1121024,,,金錢,臺北市中山區****,0918*****,,,,,,,,
21,蘇孟淳,113年立法委員選舉,首次申報,1121024,個人捐贈收入,張雅筠,F22*******,100000.00,0.00,現金,1121024,,,金錢,新北市淡水區****,0913*****,,,,,,,,
22,蘇孟淳,113年立法委員選舉,首次申報,1121024,個人捐贈收入,張瀞云,F22*******,100000.00,0.00,現金,1121024,,,金錢,新北市淡水區****,0981*****,,,,,,,,
23,蘇孟淳,113年立法委員選舉,首次申報,1121024,個人捐贈收入,楊振鴻,K12*******,100000.00,0.00,現金,1121024,,,金錢,臺北市中山區****,0910*****,,,,,,,,
24,蘇孟淳,113年立法委員選舉,首次申報,1121024,個人捐贈收入,廖素華,Q22*******,100000.00,0.00,現金,1121024,,,金錢,臺北市中山區****,0920*****,,,,,,,,
25,蘇孟淳,113年立法委員選舉,首次申報,1121024,個人捐贈收入,阮瑞良,T12*******,10000.00,0.00,匯款,1121024,,,金錢,屏東縣佳冬鄉****,0932*****,,,,,,,,
26,蘇孟淳,113年立法委員選舉,首次申報,1121025,個人捐贈收入,程毓為,A12*******,50000.00,0.00,現金,1121025,,,金錢,臺北市北投區****,0960*****,,,,,,,,
27,蘇孟淳,113年立法委員選舉,首次申報,1121027,個人捐贈收入,張春英,Q20*******,100000.00,0.00,現金,1121027,,,金錢,桃園市龜山區****,0935*****,,,,,,,,
28,蘇孟淳,113年立法委員選舉,首次申報,1121027,個人捐贈收入,廖碧蓮,Q20*******,100000.00,0.00,現金,1121027,,,金錢,新北市永和區****,0932*****,,,,,,,,
29,蘇孟淳,113年立法委員選舉,首次申報,1121027,個人捐贈收入,王燈珠,T20*******,8000.00,0.00,現金,1121027,,,金錢,屏東縣萬巒鄉****,08-7*****,,,,,,,,
30,蘇孟淳,113年立法委員選舉,首次申報,1121027,個人捐贈收入,蘇淑娟,T20*******,10000.00,0.00,現金,1121027,,,金錢,屏東縣潮州鎮****,0934*****,,,,,,,,
31,蘇孟淳,113年立法委員選舉,首次申報,1121030,個人捐贈收入,朱誠曦,A12*******,100000.00,0.00,匯款,1121030,,,金錢,臺北市內湖區****,0970*****,,,,,,,,
32,蘇孟淳,113年立法委員選舉,首次申報,1121030,個人捐贈收入,林倩慧,L22*******,50000.00,0.00,匯款,1121030,,,金錢,新北市中和區****,0972*****,,,,,,,,
33,蘇孟淳,113年立法委員選舉,首次申報,1121031,個人捐贈收入,陳盈錚,A22*******,50000.00,0.00,匯款,1121031,,,金錢,臺北市中山區****,0921*****,,,,,,,,
34,蘇孟淳,113年立法委員選舉,首次申報,1121031,個人捐贈收入,田芷菱,A22*******,50000.00,0.00,匯款,1121031,,,金錢,臺北市中山區****,0919*****,,,,,,,,
35,蘇孟淳,113年立法委員選舉,首次申報,1121031,個人捐贈收入,廖麗瓊,Q22*******,100000.00,0.00,現金,1121031,,,金錢,嘉義縣民雄鄉****,0910*****,,,,,,,,
36,蘇孟淳,113年立法委員選舉,首次申報,1121031,個人捐贈收入,李婉綺,Q22*******,100000.00,0.00,現金,1121031,,,金錢,桃園市桃園區****,0933*****,,,,,,,,
37,蘇孟淳,113年立法委員選舉,首次申報,1121102,個人捐贈收入,徐永亮,L12*******,50000.00,0.00,匯款,1121102,,,金錢,臺北市松山區****,0955*****,,,,,,,,
38,蘇孟淳,113年立法委員選舉,首次申報,1121102,個人捐贈收入,李啟智,S12*******,50000.00,0.00,匯款,1121102,,,金錢,新北市永和區****,0936*****,,,,,,,,
39,蘇孟淳,113年立法委員選舉,首次申報,1121103,個人捐贈收入,王甯,A22*******,50000.00,0.00,匯款,1121103,,,金錢,桃園市蘆竹區****,0939*****,,,,,,,,
40,蘇孟淳,113年立法委員選舉,首次申報,1121103,個人捐贈收入,陳世志,F10*******,100000.00,0.00,匯款,1121103,,,金錢,臺北市中正區****,0935*****,,,,,,,,
41,蘇孟淳,113年立法委員選舉,首次申報,1121107,個人捐贈收入,楊清宗,E10*******,100000.00,0.00,匯款,1121107,,,金錢,高雄市楠梓區****,0955*****,,,,,,,,
42,蘇孟淳,113年立法委員選舉,首次申報,1121108,個人捐贈收入,陳威宇,A12*******,100000.00,0.00,現金,1121108,,,金錢,臺中市南屯區****,04-2*****,,,,,,,,
43,蘇孟淳,113年立法委員選舉,首次申報,1121108,個人捐贈收入,陳冠宇,B12*******,100000.00,0.00,現金,1121108,,,金錢,臺中市西屯區****,04-2*****,,,,,,,,
44,蘇孟淳,113年立法委員選舉,首次申報,1121108,個人捐贈收入,羅雅婷,B22*******,100000.00,0.00,現金,1121108,,,金錢,臺中市西屯區****,04-2*****,,,,,,,,
45,蘇孟淳,113年立法委員選舉,首次申報,1121108,個人捐贈收入,許麗琪,B22*******,100000.00,0.00,現金,1121108,,,金錢,臺中市南屯區****,04-2*****,,,,,,,,
46,蘇孟淳,113年立法委員選舉,首次申報,1121108,個人捐贈收入,楊朝崴,E12*******,100000.00,0.00,匯款,1121108,,,金錢,高雄市楠梓區****,0955*****,,,,,,,,
47,蘇孟淳,113年立法委員選舉,首次申報,1121108,個人捐贈收入,蕭秀嫚,J22*******,100000.00,0.00,現金,1121108,,,金錢,臺中市西屯區****,04-2*****,,,,,,,,
48,蘇孟淳,113年立法委員選舉,首次申報,1121108,個人捐贈收入,陳鴻章,K12*******,100000.00,0.00,現金,1121108,,,金錢,臺中市西屯區****,04-2*****,,,,,,,,
49,蘇孟淳,113年立法委員選舉,首次申報,1121108,個人捐贈收入,魏碧素,Q22*******,100000.00,0.00,匯款,1121108,,,金錢,高雄市楠梓區****,0955*****,,,,,,,,
50,蘇孟淳,113年立法委員選舉,首次申報,1121108,個人捐贈收入,石國芬,U22*******,100000.00,0.00,匯款,1121108,,,金錢,臺南市東區中****,0936*****,,,,,,,,
51,蘇孟淳,113年立法委員選舉,首次申報,1121114,個人捐贈收入,方敏雀,R22*******,50000.00,0.00,現金,1121114,,,金錢,屏東縣屏東市****,0971*****,,,,,,,,
52,蘇孟淳,113年立法委員選舉,首次申報,1121114,個人捐贈收入,陳明城,T12*******,20000.00,0.00,現金,1121114,,,金錢,屏東縣屏東市****,0915*****,,,,,,,,
53,蘇孟淳,113年立法委員選舉,首次申報,1121114,個人捐贈收入,葉婉玉,T22*******,50000.00,0.00,現金,1121114,,,金錢,高雄市前金區****,07-2*****,,,,,,,,
54,蘇孟淳,113年立法委員選舉,首次申報,1121116,個人捐贈收入,張昌益,T12*******,43500.00,0.00,匯款,1121116,,,金錢,屏東縣恆春鎮****,0935*****,,,,,,,,
55,蘇孟淳,113年立法委員選舉,首次申報,1121121,個人捐贈收入,張栩豪,T12*******,30000.00,0.00,匯款,1121121,,,金錢,屏東縣屏東市****,0900*****,,,,,,,,
56,蘇孟淳,113年立法委員選舉,首次申報,1121121,個人捐贈收入,陳水聰,T12*******,20000.00,0.00,匯款,1121121,,,金錢,高雄市前金區****,07-2*****,,,,,,,,
57,蘇孟淳,113年立法委員選舉,首次申報,1121122,個人捐贈收入,陳進亮,S12*******,100000.00,0.00,現金,1121122,,,金錢,高雄市鳥松區****,0932*****,,,,,,,,
58,蘇孟淳,113年立法委員選舉,首次申報,1121122,個人捐贈收入,曾志閎,S12*******,100000.00,0.00,現金,1121122,,,金錢,高雄市路竹區****,0932*****,,,,,,,,
59,蘇孟淳,113年立法委員選舉,首次申報,1121123,個人捐贈收入,熊清源,T12*******,50000.00,0.00,匯款,1121123,,,金錢,屏東縣九如鄉****,0903*****,,,,,,,,
60,蘇孟淳,113年立法委員選舉,首次申報,1121124,個人捐贈收入,許永聖,T12*******,50000.00,0.00,現金,1121124,,,金錢,屏東縣屏東市****,0978*****,,,,,,,,
61,蘇孟淳,113年立法委員選舉,首次申報,1121127,個人捐贈收入,陳莉萍,A22*******,100000.00,0.00,現金,1121127,,,金錢,臺北市中山區****,0920*****,,,,,,,,
62,蘇孟淳,113年立法委員選舉,首次申報,1121127,個人捐贈收入,陳俊宏,D12*******,100000.00,0.00,現金,1121127,,,金錢,臺北市信義區****,0913*****,,,,,,,,
63,蘇孟淳,113年立法委員選舉,首次申報,1121127,個人捐贈收入,羅緯,K22*******,100000.00,0.00,現金,1121127,,,金錢,臺中市西屯區****,0952*****,,,,,,,,
64,蘇孟淳,113年立法委員選舉,首次申報,1121127,個人捐贈收入,李宗庭,P12*******,100000.00,0.00,現金,1121127,,,金錢,新北市汐止區****,0937*****,,,,,,,,
65,蘇孟淳,113年立法委員選舉,首次申報,1121128,營利事業捐贈收入,臺灣實耐科技工程有限公司,12903377,200000.00,0.00,匯款,1121128,,,金錢,高雄市仁武區****,07-3*****,,,,,,,,
66,蘇孟淳,113年立法委員選舉,首次申報,1121128,營利事業捐贈收入,有福車業有限公司,28589228,2000.00,0.00,匯款,1121128,,,金錢,屏東縣萬丹鄉****,08-7*****,,,,,,,,
67,蘇孟淳,113年立法委員選舉,首次申報,1121128,個人捐贈收入,黃千芬,Q22*******,100000.00,0.00,匯款,1121128,,,金錢,臺北市內湖區****,0933*****,,,,,,,,
68,蘇孟淳,113年立法委員選舉,首次申報,1121128,個人捐贈收入,李依蒔,R22*******,100000.00,0.00,現金,1121128,,,金錢,臺北市文山區****,0928*****,,,,,,,,
69,蘇孟淳,113年立法委員選舉,首次申報,1121128,個人捐贈收入,奚明德,S12*******,100000.00,0.00,現金,1121128,,,金錢,臺南市東區富****,0938*****,,,,,,,,
70,蘇孟淳,113年立法委員選舉,首次申報,1121128,個人捐贈收入,翁崇銘,T12*******,50000.00,0.00,現金,1121128,,,金錢,屏東縣潮州鎮****,08-7*****,,,,,,,,
71,蘇孟淳,113年立法委員選舉,首次申報,1121201,個人捐贈收入,吳信忠,D12*******,100000.00,0.00,匯款,1121201,,,金錢,臺北市文山區****,02-2*****,,,,,,,,
72,蘇孟淳,113年立法委員選舉,首次申報,1121201,個人捐贈收入,楊韻璇,D22*******,100000.00,0.00,匯款,1121201,,,金錢,臺北市萬華區****,02-2*****,,,,,,,,
73,蘇孟淳,113年立法委員選舉,首次申報,1121201,個人捐贈收入,曹俊傑,F12*******,100000.00,0.00,匯款,1121201,,,金錢,臺北市萬華區****,02-2*****,,,,,,,,
74,蘇孟淳,113年立法委員選舉,首次申報,1121201,個人捐贈收入,曹來春,P12*******,100000.00,0.00,匯款,1121201,,,金錢,臺北市士林區****,02-2*****,,,,,,,,
75,蘇孟淳,113年立法委員選舉,首次申報,1121201,個人捐贈收入,黃萬結,V12*******,100000.00,0.00,匯款,1121201,,,金錢,新北市新莊區****,02-2*****,,,,,,,,
76,蘇孟淳,113年立法委員選舉,首次申報,1121202,個人捐贈收入,許麗蘭,T22*******,30000.00,0.00,匯款,1121202,,,金錢,屏東縣枋寮鄉****,0937*****,,,,,,,,
77,蘇孟淳,113年立法委員選舉,首次申報,1121204,個人捐贈收入,蔡宗富,E12*******,60000.00,0.00,現金,1121204,,,金錢,高雄市三民區****,0910*****,,,,,,,,
78,蘇孟淳,113年立法委員選舉,首次申報,1121204,個人捐贈收入,郭麗雪,T20*******,10000.00,0.00,匯款,1121204,,,金錢,屏東縣屏東市****,0933*****,,,,,,,,
79,蘇孟淳,113年立法委員選舉,首次申報,1121205,營利事業捐贈收入,吉隆鋼鐵有限公司,80249931,200000.00,0.00,匯款,1121205,,,金錢,屏東縣里港鄉****,08-7*****,,,,,,,,
80,蘇孟淳,113年立法委員選舉,首次申報,1121205,個人捐贈收入,王亮凱,A12*******,100000.00,0.00,匯款,1121205,,,金錢,新竹市東區明****,0972*****,,,,,,,,
81,蘇孟淳,113年立法委員選舉,首次申報,1121205,個人捐贈收入,張慎之,A12*******,30000.00,0.00,現金,1121205,,,金錢,新北市新莊區****,02-2*****,,,,,,,,
82,蘇孟淳,113年立法委員選舉,首次申報,1121205,個人捐贈收入,許富翔,C12*******,100000.00,0.00,匯款,1121205,,,金錢,新竹縣竹北市****,0905*****,,,,,,,,
83,蘇孟淳,113年立法委員選舉,首次申報,1121205,個人捐贈收入,徐羽坤,F12*******,100000.00,0.00,匯款,1121205,,,金錢,新北市新店區****,0979*****,,,,,,,,
84,蘇孟淳,113年立法委員選舉,首次申報,1121205,個人捐贈收入,李顏貴美,F20*******,100000.00,0.00,匯款,1121205,,,金錢,臺北市文山區****,0983*****,,,,,,,,
85,蘇孟淳,113年立法委員選舉,首次申報,1121205,個人捐贈收入,歐盈均,F22*******,30000.00,0.00,現金,1121205,,,金錢,新北市新莊區****,02-2*****,,,,,,,,
86,蘇孟淳,113年立法委員選舉,首次申報,1121205,個人捐贈收入,許芸慈,F22*******,100000.00,0.00,現金,1121205,,,金錢,新北市新莊區****,0988*****,,,,,,,,
87,蘇孟淳,113年立法委員選舉,首次申報,1121205,個人捐贈收入,陳玉婷,F22*******,100000.00,0.00,現金,1121205,,,金錢,新北市板橋區****,0928*****,,,,,,,,
88,蘇孟淳,113年立法委員選舉,首次申報,1121205,個人捐贈收入,吳靜宜,G22*******,40000.00,0.00,現金,1121205,,,金錢,新北市新莊區****,02-2*****,,,,,,,,
89,蘇孟淳,113年立法委員選舉,首次申報,1121206,營利事業捐贈收入,宏偉冷凍食品股份有限公司,13187561,200000.00,0.00,匯款,1121206,,,金錢,屏東縣高樹鄉****,08-7*****,,,,,,,,
90,蘇孟淳,113年立法委員選舉,首次申報,1121206,營利事業捐贈收入,欣韋投資有限公司,24511571,100000.00,0.00,現金,1121206,,,金錢,屏東縣高樹鄉****,08-7*****,,,,,,,,
91,蘇孟淳,113年立法委員選舉,首次申報,1121206,個人捐贈收入,王啟哲,A12*******,100000.00,0.00,匯款,1121206,,,金錢,臺中市南區工****,0987*****,,,,,,,,
92,蘇孟淳,113年立法委員選舉,首次申報,1121206,個人捐贈收入,鄭美津,D20*******,100000.00,0.00,匯款,1121206,,,金錢,高雄市前金區****,07-2*****,,,,,,,,
93,蘇孟淳,113年立法委員選舉,首次申報,1121206,個人捐贈收入,吳心正,F10*******,100000.00,0.00,匯款,1121206,,,金錢,臺北市文山區****,0911*****,,,,,,,,
94,蘇孟淳,113年立法委員選舉,首次申報,1121206,個人捐贈收入,吳慶順,J12*******,100000.00,0.00,匯款,1121206,,,金錢,新竹縣新豐鄉****,0937*****,,,,,,,,
95,蘇孟淳,113年立法委員選舉,首次申報,1121206,個人捐贈收入,沈佳容,R22*******,100000.00,0.00,匯款,1121206,,,金錢,臺北市松山區****,0972*****,,,,,,,,
96,蘇孟淳,113年立法委員選舉,首次申報,1121206,個人捐贈收入,許素春,T22*******,5000.00,0.00,匯款,1121206,,,金錢,屏東縣新園鄉****,0932*****,,,,,,,,
97,蘇孟淳,113年立法委員選舉,首次申報,1121207,個人捐贈收入,洪詩雅,F22*******,100000.00,0.00,匯款,1121207,,,金錢,新北市五股區****,0953*****,,,,,,,,
98,蘇孟淳,113年立法委員選舉,首次申報,1121208,個人捐贈收入,林怡伶,T22*******,100000.00,0.00,匯款,1121208,,,金錢,桃園市桃園區****,0921*****,,,,,,,,
99,蘇孟淳,113年立法委員選舉,首次申報,1121211,營利事業捐贈收入,上億投資股份有限公司,28080742,200000.00,0.00,票據,1121211,,,金錢,臺北市松山區****,02-8*****,,,,,,,,
100,蘇孟淳,113年立法委員選舉,首次申報,1121211,個人捐贈收入,蘇信愽,P10*******,100000.00,0.00,現金,1121211,,,金錢,屏東縣長治鄉****,0935*****,,,,,,,,
101,蘇孟淳,113年立法委員選舉,首次申報,1121214,個人捐贈收入,葛樹人,Q12*******,100000.00,0.00,現金,1121214,,,金錢,臺北市大安區****,0939*****,,,,,,,,
102,蘇孟淳,113年立法委員選舉,首次申報,1121215,個人捐贈收入,李憲明,S12*******,5000.00,0.00,匯款,1121215,,,金錢,高雄市苓雅區****,0926*****,,,,,,,,
103,蘇孟淳,113年立法委員選舉,首次申報,1121218,營利事業捐贈收入,宣貴國際開發有限公司,24872883,100000.00,0.00,現金,1121218,,,金錢,屏東縣屏東市****,0985*****,,,,,,,,
104,蘇孟淳,113年立法委員選舉,首次申報,1121218,營利事業捐贈收入,屏東農產股份有限公司,92702838,100000.00,0.00,現金,1121218,,,金錢,屏東縣萬巒鄉****,08-7*****,,,,,,,,
105,蘇孟淳,113年立法委員選舉,首次申報,1121218,個人捐贈收入,張智盛,C12*******,20000.00,0.00,匯款,1121218,,,金錢,基隆市中正區****,0928*****,,,,,,,,
106,蘇孟淳,113年立法委員選舉,首次申報,1121218,個人捐贈收入,林建滄,T10*******,100000.00,0.00,現金,1121218,,,金錢,屏東縣萬巒鄉****,08-7*****,,,,,,,,
107,蘇孟淳,113年立法委員選舉,首次申報,1121218,個人捐贈收入,白尉廷,T12*******,100000.00,0.00,現金,1121218,,,金錢,屏東縣屏東市****,0968*****,,,,,,,,
108,蘇孟淳,113年立法委員選舉,首次申報,1121218,個人捐贈收入,黃文賢,T12*******,12000.00,0.00,現金,1121218,,,金錢,屏東縣屏東市****,0919*****,,,,,,,,
109,蘇孟淳,113年立法委員選舉,首次申報,1121218,個人捐贈收入,潘瑞文,T12*******,10000.00,0.00,現金,1121218,,,金錢,屏東縣東港鎮****,0932*****,,,,,,,,
110,蘇孟淳,113年立法委員選舉,首次申報,1121218,個人捐贈收入,潘瑞曜,T12*******,20000.00,0.00,現金,1121218,,,金錢,新北市新店區****,0952*****,,,,,,,,
111,蘇孟淳,113年立法委員選舉,首次申報,1121218,個人捐贈收入,蘇淑萍,T22*******,20000.00,0.00,現金,1121218,,,金錢,高雄市三民區****,0975*****,,,,,,,,
112,蘇孟淳,113年立法委員選舉,首次申報,1121218,個人捐贈收入,葉義聖,U12*******,100000.00,0.00,現金,1121218,,,金錢,花蓮縣花蓮市****,0932*****,,,,,,,,
113,蘇孟淳,113年立法委員選舉,首次申報,1121218,個人捐贈收入,陳先助,V10*******,10000.00,0.00,現金,1121218,,,金錢,屏東縣屏東市****,0933*****,,,,,,,,
114,蘇孟淳,113年立法委員選舉,首次申報,1121219,營利事業捐贈收入,勝昌製藥廠股份有限公司,18930007,300000.00,0.00,匯款,1121219,,,金錢,桃園市中壢區****,03-4*****,,,,,,,,
115,蘇孟淳,113年立法委員選舉,首次申報,1121219,營利事業捐贈收入,崇義建設開發股份有限公司,86517201,200000.00,0.00,票據,1121219,,,金錢,臺北市信義區****,02-2*****,,,,,,,,
116,蘇孟淳,113年立法委員選舉,首次申報,1121219,營利事業捐贈收入,宗城建設有限公司,86587944,100000.00,0.00,現金,1121219,,,金錢,屏東縣屏東市****,08-7*****,,,,,,,,
117,蘇孟淳,113年立法委員選舉,首次申報,1121219,個人捐贈收入,陳伯宸,A12*******,100000.00,0.00,匯款,1121219,,,金錢,新北市林口區****,0928*****,,,,,,,,
118,蘇孟淳,113年立法委員選舉,首次申報,1121219,個人捐贈收入,洪健溥,E12*******,100000.00,0.00,匯款,1121219,,,金錢,高雄市苓雅區****,07-2*****,,,,,,,,
119,蘇孟淳,113年立法委員選舉,首次申報,1121219,個人捐贈收入,陳許美霞,M20*******,100000.00,0.00,匯款,1121219,,,金錢,新北市林口區****,0928*****,,,,,,,,
120,蘇孟淳,113年立法委員選舉,首次申報,1121219,個人捐贈收入,蘇仲義,T12*******,10000.00,0.00,現金,1121219,,,金錢,屏東縣屏東市****,0900*****,,,,,,,,
121,蘇孟淳,113年立法委員選舉,首次申報,1121220,個人捐贈收入,孔妙絹,T22*******,10000.00,0.00,匯款,1121220,,,金錢,屏東縣新園鄉****,0910*****,,,,,,,,
122,蘇孟淳,113年立法委員選舉,首次申報,1121220,個人捐贈收入,曾俊棠,V12*******,30000.00,0.00,匯款,1121220,,,金錢,屏東縣新園鄉****,0918*****,,,,,,,,
123,蘇孟淳,113年立法委員選舉,首次申報,1121221,其他收入,利息收入,,949.00,0.00,匯款,1121221,,,金錢,,,,,,,,,,
124,蘇孟淳,113年立法委員選舉,首次申報,1121221,營利事業捐贈收入,豐誠冷凍食品有限公司,22257829,200000.00,0.00,匯款,1121221,,,金錢,屏東縣里港鄉****,08-7*****,,,,,,,,
125,蘇孟淳,113年立法委員選舉,首次申報,1121221,營利事業捐贈收入,東福塑膠工業股份有限公司,91818564,200000.00,0.00,匯款,1121221,,,金錢,屏東縣東港鎮****,08-8*****,,,,,,,,
126,蘇孟淳,113年立法委員選舉,首次申報,1121221,個人捐贈收入,廖振宗,T12*******,100000.00,0.00,現金,1121221,,,金錢,屏東縣屏東市****,08-7*****,,,,,,,,
127,蘇孟淳,113年立法委員選舉,首次申報,1121222,人民團體捐贈收入,屏東縣不動產開發商業同業公會,,120000.00,0.00,匯款,1121222,,,金錢,屏東縣屏東市****,08-7*****,,,,,,,,
128,蘇孟淳,113年立法委員選舉,首次申報,1121222,個人捐贈收入,廖萬鳳,T12*******,100000.00,0.00,現金,1121222,,,金錢,屏東縣屏東市****,0960*****,,,,,,,,
129,蘇孟淳,113年立法委員選舉,首次申報,1121225,營利事業捐贈收入,福南鋼鐵股份有限公司,83395583,80000.00,0.00,票據,1121225,,,金錢,高雄市三民區****,07-3*****,,,,,,,,
130,蘇孟淳,113年立法委員選舉,首次申報,1121225,營利事業捐贈收入,易德投資股份有限公司,90543259,100000.00,0.00,匯款,1121225,,,金錢,臺北市內湖區****,02-2*****,,,,,,,,
131,蘇孟淳,113年立法委員選舉,首次申報,1121225,個人捐贈收入,賴勁夆,T12*******,100000.00,0.00,現金,1121225,,,金錢,屏東縣屏東市****,0932*****,,,,,,,,
132,蘇孟淳,113年立法委員選舉,首次申報,1121225,個人捐贈收入,周文議,T12*******,32000.00,0.00,匯款,1121225,,,金錢,屏東縣新園鄉****,0960*****,,,,,,,,
133,蘇孟淳,113年立法委員選舉,首次申報,1121226,匿名捐贈,匿名1,,10000.00,0.00,匯款,1121226,,,金錢,,,,,,,,,,
134,蘇孟淳,113年立法委員選舉,首次申報,1121226,個人捐贈收入,徐美貴,T22*******,20000.00,0.00,匯款,1121226,,,金錢,屏東縣新園鄉****,0915*****,,,,,,,,
135,蘇孟淳,113年立法委員選舉,首次申報,1121227,個人捐贈收入,陳光輝,T12*******,10000.00,0.00,匯款,1121227,,,金錢,臺北市信義區****,0931*****,,,,,,,,
136,蘇孟淳,113年立法委員選舉,首次申報,1121228,個人捐贈收入,陳泰龍,R12*******,100000.00,0.00,現金,1121228,,,金錢,澎湖縣馬公市****,0910*****,,,,,,,,
137,蘇孟淳,113年立法委員選舉,首次申報,1121228,個人捐贈收入,陳英才,X12*******,100000.00,0.00,現金,1121228,,,金錢,澎湖縣馬公市****,0937*****,,,,,,,,
138,蘇孟淳,113年立法委員選舉,首次申報,1121228,個人捐贈收入,張志文,X12*******,100000.00,0.00,現金,1121228,,,金錢,澎湖縣白沙鄉****,0932*****,,,,,,,,
139,蘇孟淳,113年立法委員選舉,首次申報,1121228,個人捐贈收入,陳戍瑩,X22*******,100000.00,0.00,現金,1121228,,,金錢,澎湖縣白沙鄉****,0928*****,,,,,,,,
140,蘇孟淳,113年立法委員選舉,首次申報,1121228,個人捐贈收入,陳宜玉,X22*******,100000.00,0.00,現金,1121228,,,金錢,澎湖縣馬公市****,0937*****,,,,,,,,
141,蘇孟淳,113年立法委員選舉,首次申報,1121229,個人捐贈收入,劉健誼,F12*******,100000.00,0.00,現金,1121229,,,金錢,新北市樹林區****,0952*****,,,,,,,,
142,蘇孟淳,113年立法委員選舉,首次申報,1121229,個人捐贈收入,黃啟倫,S12*******,100000.00,0.00,現金,1121229,,,金錢,屏東縣屏東市****,0937*****,,,,,,,,
143,蘇孟淳,113年立法委員選舉,首次申報,1121229,個人捐贈收入,陳瑞德,T10*******,10000.00,0.00,匯款,1121229,,,金錢,屏東縣屏東市****,0928*****,,,,,,,,
144,蘇孟淳,113年立法委員選舉,首次申報,1121229,個人捐贈收入,吳天福,T10*******,100000.00,0.00,現金,1121229,,,金錢,屏東縣屏東市****,0932*****,,,,,,,,
145,蘇孟淳,113年立法委員選舉,首次申報,1121229,個人捐贈收入,王怡雅,T22*******,100000.00,0.00,現金,1121229,,,金錢,高雄市前鎮區****,0930*****,,,,,,,,
146,蘇孟淳,113年立法委員選舉,首次申報,1121229,個人捐贈收入,蔡坤地,Y12*******,6800.00,0.00,現金,1121229,,,金錢,臺北市北投區****,0932*****,,,,,,,,
147,蘇孟淳,113年立法委員選舉,首次申報,1130101,個人捐贈收入,楊宗斌,A12*******,20000.00,0.00,匯款,1130101,,,金錢,臺北市士林區****,0932*****,,,,,,,,
148,蘇孟淳,113年立法委員選舉,首次申報,1130102,個人捐贈收入,吳姿蒨,E22*******,12000.00,0.00,現金,1130102,,,金錢,屏東縣屏東市****,0933*****,,,,,,,,
149,蘇孟淳,113年立法委員選舉,首次申報,1130104,營利事業捐贈收入,國興畜產股份有限公司,86660894,100000.00,0.00,票據,1130104,,,金錢,屏東縣屏東市****,08-7*****,,,,,,,,
150,蘇孟淳,113年立法委員選舉,首次申報,1130105,個人捐贈收入,林明順,T10*******,100000.00,0.00,現金,1130105,,,金錢,屏東縣屏東市****,0938*****,,,,,,,,
151,蘇孟淳,113年立法委員選舉,首次申報,1130105,個人捐贈收入,林高碧玉,T22*******,100000.00,0.00,現金,1130105,,,金錢,屏東縣屏東市****,0955*****,,,,,,,,
152,蘇孟淳,113年立法委員選舉,首次申報,1130108,營利事業捐贈收入,幸義城建設股份有限公司,90618130,99970.00,0.00,匯款,1130108,已返還,,金錢,高雄市鼓山區****,07-7*****,,,,,,,,
153,蘇孟淳,113年立法委員選舉,首次申報,1130108,個人捐贈收入,吳鑫謙,G12*******,30000.00,0.00,匯款,1130108,,,金錢,臺北市中山區****,0937*****,,,,,,,,
154,蘇孟淳,113年立法委員選舉,首次申報,1130109,個人捐贈收入,邱芷榣,T22*******,10000.00,0.00,匯款,1130109,,,金錢,屏東縣屏東市****,0927*****,,,,,,,,
155,蘇孟淳,113年立法委員選舉,首次申報,1130111,個人捐贈收入,趙勁程,T12*******,7000.00,0.00,現金,1130111,,,金錢,屏東縣屏東市****,0909*****,,,,,,,,
156,蘇孟淳,113年立法委員選舉,首次申報,1130111,個人捐贈收入,何明俊,T12*******,6000.00,0.00,現金,1130111,,,金錢,屏東縣新園鄉****,0930*****,,,,,,,,
157,蘇孟淳,113年立法委員選舉,首次申報,1130111,個人捐贈收入,陳順良,T12*******,3000.00,0.00,匯款,1130111,,,金錢,屏東縣枋寮鄉****,0928*****,,,,,,,,
158,蘇孟淳,113年立法委員選舉,首次申報,1130112,個人捐贈收入,鄭玉章,A12*******,50000.00,0.00,匯款,1130112,,,金錢,臺北市松山區****,0910*****,,,,,,,,
159,蘇孟淳,113年立法委員選舉,首次申報,1130112,個人捐贈收入,黃麗鈴,S22*******,100000.00,0.00,現金,1130112,,,金錢,屏東縣鹽埔鄉****,0953*****,,,,,,,,
160,蘇孟淳,113年立法委員選舉,首次申報,1130112,個人捐贈收入,白世賢,T10*******,6000.00,0.00,現金,1130112,,,金錢,高雄市三民區****,0925*****,,,,,,,,
161,蘇孟淳,113年立法委員選舉,首次申報,1130112,個人捐贈收入,徐居入,T10*******,6000.00,0.00,現金,1130112,,,金錢,高雄市小港區****,0939*****,,,,,,,,
