﻿序號,擬參選人／政黨,選舉名稱,申報序號／年度,交易日期,收支科目,捐贈者／支出對象,身分證／統一編號,收入金額,支出金額,捐贈方式,存入專戶日期,返還/繳庫,支出用途,金錢類,地址,聯絡電話,應揭露之支出對象,支出對象之內部人員姓名,支出對象之內部人員職稱,政黨之內部人員姓名,政黨之內部人員職稱,關係,更正註記,資料更正日期
1,陳栢誠,111年新竹縣議員選舉,首次申報,1111102,營利事業捐贈收入,築誠營造有限公司,28333850,30000.00,0.00,現金,1111116,,,金錢,新竹縣湖口鄉****,0355*****,,,,,,,,
2,陳栢誠,111年新竹縣議員選舉,首次申報,1111102,營利事業捐贈收入,華隆汽車修理股份有限公司,96869540,5000.00,0.00,現金,1111116,,,金錢,新竹縣湖口鄉****,,,,,,,,,
3,陳栢誠,111年新竹縣議員選舉,首次申報,1111104,營利事業捐贈收入,同昱機電有限公司,70648760,10000.00,0.00,現金,1111116,,,金錢,新竹縣湖口鄉****,0359*****,,,,,,,,
4,陳栢誠,111年新竹縣議員選舉,首次申報,1111104,營利事業捐贈收入,竑瑞營造工程有限公司,80211750,50000.00,0.00,現金,1111116,,,金錢,桃園市楊梅區****,0935*****,,,,,,,,
5,陳栢誠,111年新竹縣議員選舉,首次申報,1111104,個人捐贈收入,陳宗權,J10*******,10000.00,0.00,現金,1111116,,,金錢,新竹縣湖口鄉****,0912*****,,,,,,,,
6,陳栢誠,111年新竹縣議員選舉,首次申報,1111107,營利事業捐贈收入,中港溪機電工程有限公司,97224596,36000.00,0.00,現金,1111116,,,金錢,新竹縣湖口鄉****,0928*****,,,,,,,,
7,陳栢誠,111年新竹縣議員選舉,首次申報,1111110,匿名捐贈,謝永元,,5000.00,0.00,匯款,1111110,,,金錢,,,,,,,,,,
8,陳栢誠,111年新竹縣議員選舉,首次申報,1111110,匿名捐贈,褚宏康,,5000.00,0.00,現金,1111110,,,金錢,,,,,,,,,,
9,陳栢誠,111年新竹縣議員選舉,首次申報,1111110,匿名捐贈,曾柏勳,,5000.00,0.00,匯款,1111110,,,金錢,,,,,,,,,,
10,陳栢誠,111年新竹縣議員選舉,首次申報,1111111,個人捐贈收入,陳壂全,J10*******,20000.00,0.00,現金,1111116,,,金錢,,,,,,,,,,
11,陳栢誠,111年新竹縣議員選舉,首次申報,1111111,個人捐贈收入,孫慶旺,J12*******,20000.00,0.00,現金,1111116,,,金錢,,,,,,,,,,
12,陳栢誠,111年新竹縣議員選舉,首次申報,1111123,個人捐贈收入,許炤平,J12*******,100000.00,0.00,現金,1111130,,,金錢,新竹市東區北****,0925*****,,,,,,,,
