﻿序號,擬參選人／政黨,選舉名稱,申報序號／年度,交易日期,收支科目,捐贈者／支出對象,身分證／統一編號,收入金額,支出金額,支出用途,金錢類,地址,聯絡電話,資料更正日期
1,林宛蓉,107年直轄市議員選舉,首次申報,1070912,個人捐贈收入,葉長修,G12*******,30000.00,0.00,,金錢,宜蘭縣頭城鎮****,07-8*****,
2,林宛蓉,107年直轄市議員選舉,首次申報,1070912,個人捐贈收入,顏宏典,Q10*******,40000.00,0.00,,金錢,高雄市前鎮區****,07-8*****,
3,林宛蓉,107年直轄市議員選舉,首次申報,1070912,個人捐贈收入,顏佩玲,Q22*******,30000.00,0.00,,金錢,高雄市前鎮區****,07-8*****,
4,林宛蓉,107年直轄市議員選舉,首次申報,1070919,個人捐贈收入,杜寀澐,D22*******,3000.00,0.00,,金錢,高雄市前鎮區****,0927*****,
5,林宛蓉,107年直轄市議員選舉,首次申報,1070924,個人捐贈收入,王碧蓮,E22*******,10000.00,0.00,,金錢,高雄市前鎮區****,0936*****,
6,林宛蓉,107年直轄市議員選舉,首次申報,1070925,個人捐贈收入,曾登科,A12*******,50000.00,0.00,,金錢,臺北市士林區****,07-8*****,
7,林宛蓉,107年直轄市議員選舉,首次申報,1070925,個人捐贈收入,蔡蘇美,S20*******,10000.00,0.00,,金錢,高雄市梓官區****,07-6*****,
8,林宛蓉,107年直轄市議員選舉,首次申報,1070926,個人捐贈收入,戴麗彩,,9000.00,0.00,,非金錢,高雄市鳳山區****,07-7*****,
9,林宛蓉,107年直轄市議員選舉,首次申報,1070927,個人捐贈收入,戴麗彩,,3500.00,0.00,,非金錢,高雄市鳳山區****,,
10,林宛蓉,107年直轄市議員選舉,首次申報,1070929,個人捐贈收入,李幸懿,E22*******,100000.00,0.00,,金錢,高雄市前鎮區****,07-8*****,
11,林宛蓉,107年直轄市議員選舉,首次申報,1070929,個人捐贈收入,吳耐明,Q12*******,20000.00,0.00,,金錢,高雄市前鎮區****,0915*****,
12,林宛蓉,107年直轄市議員選舉,首次申報,1071002,個人捐贈收入,陳秋芬,Q20*******,8400.00,0.00,,非金錢,高雄市小港區****,07-7*****,
13,林宛蓉,107年直轄市議員選舉,首次申報,1071004,營利事業捐贈收入,順升昌企業股份有限公司,84431670,36000.00,0.00,,金錢,高雄市大社區****,07-3*****,
14,林宛蓉,107年直轄市議員選舉,首次申報,1071005,個人捐贈收入,李宇倉,E12*******,50000.00,0.00,,金錢,高雄市鼓山區****,07-8*****,
15,林宛蓉,107年直轄市議員選舉,首次申報,1071005,個人捐贈收入,李宇山,E12*******,50000.00,0.00,,金錢,高雄市鼓山區****,07-8*****,
16,林宛蓉,107年直轄市議員選舉,首次申報,1071006,個人捐贈收入,蔡良枝,,8000.00,0.00,,非金錢,高雄市前鎮區****,07-2*****,
17,林宛蓉,107年直轄市議員選舉,首次申報,1071006,個人捐贈收入,陳天寶,S10*******,14000.00,0.00,,非金錢,高雄市新興區****,0933*****,
18,林宛蓉,107年直轄市議員選舉,首次申報,1071007,個人捐贈收入,陳太然,S12*******,6000.00,0.00,,金錢,高雄市小港區****,07-8*****,
19,林宛蓉,107年直轄市議員選舉,首次申報,1071011,個人捐贈收入,林建廷,T12*******,100000.00,0.00,,金錢,高雄市前金區****,0918*****,
20,林宛蓉,107年直轄市議員選舉,首次申報,1071012,個人捐贈收入,梁久雄,E10*******,10000.00,0.00,,金錢,高雄市三民區****,07-3*****,
21,林宛蓉,107年直轄市議員選舉,首次申報,1071012,個人捐贈收入,黃惠鈴,E22*******,6600.00,0.00,,金錢,高雄市前鎮區****,07-7*****,
22,林宛蓉,107年直轄市議員選舉,首次申報,1071012,個人捐贈收入,莊原隆,Q12*******,20000.00,0.00,,金錢,高雄市小港區****,0930*****,
23,林宛蓉,107年直轄市議員選舉,首次申報,1071012,個人捐贈收入,康炯宏,S12*******,20000.00,0.00,,金錢,高雄市前鎮區****,07-8*****,
24,林宛蓉,107年直轄市議員選舉,首次申報,1071013,個人捐贈收入,王瑞助,S12*******,50000.00,0.00,,金錢,高雄市小港區****,0988*****,
25,林宛蓉,107年直轄市議員選舉,首次申報,1071015,個人捐贈收入,黃金城,T10*******,20000.00,0.00,,金錢,高雄市三民區****,07-3*****,
26,林宛蓉,107年直轄市議員選舉,首次申報,1071015,個人捐贈收入,楊春色,X22*******,30000.00,0.00,,金錢,高雄市前鎮區****,0922*****,
27,林宛蓉,107年直轄市議員選舉,首次申報,1071016,匿名捐贈,匿名,,2000.00,0.00,,金錢,,,
28,林宛蓉,107年直轄市議員選舉,首次申報,1071016,營利事業捐贈收入,冠昇理貨行,38718398,20000.00,0.00,,金錢,高雄市小港區****,,
29,林宛蓉,107年直轄市議員選舉,首次申報,1071016,營利事業捐贈收入,美雨汽車貨運行,79835413,20000.00,0.00,,金錢,高雄市前鎮區****,,
30,林宛蓉,107年直轄市議員選舉,首次申報,1071016,營利事業捐贈收入,瑞祥交通股份有限公司,81141796,20000.00,0.00,,金錢,高雄市前鎮區****,0928*****,
31,林宛蓉,107年直轄市議員選舉,首次申報,1071016,營利事業捐贈收入,松進國際股份有限公司,86683138,20000.00,0.00,,金錢,臺中市梧棲區****,07-7*****,
32,林宛蓉,107年直轄市議員選舉,首次申報,1071016,營利事業捐贈收入,竑珵交通股份有限公司,89336984,40000.00,0.00,,金錢,高雄市前鎮區****,0980*****,
33,林宛蓉,107年直轄市議員選舉,首次申報,1071016,營利事業捐贈收入,誠鋒貨櫃運輸有限公司,89843031,20000.00,0.00,,金錢,高雄市鳳山區****,07-7*****,
34,林宛蓉,107年直轄市議員選舉,首次申報,1071016,個人捐贈收入,何昭輝,F12*******,20000.00,0.00,,金錢,高雄市苓雅區****,0913*****,
35,林宛蓉,107年直轄市議員選舉,首次申報,1071016,個人捐贈收入,陳耀乾,Q10*******,2000.00,0.00,,金錢,高雄市前鎮區****,07-7*****,
36,林宛蓉,107年直轄市議員選舉,首次申報,1071016,個人捐贈收入,陳富星,Q12*******,2000.00,0.00,,金錢,高雄市大寮區****,0925*****,
37,林宛蓉,107年直轄市議員選舉,首次申報,1071016,個人捐贈收入,黃旭男,Q12*******,20000.00,0.00,,金錢,高雄市前鎮區****,0932*****,
38,林宛蓉,107年直轄市議員選舉,首次申報,1071016,個人捐贈收入,郭吉晏,Q12*******,10000.00,0.00,,金錢,高雄市大寮區****,0920*****,
39,林宛蓉,107年直轄市議員選舉,首次申報,1071016,個人捐贈收入,李淮彬,R10*******,3080.00,0.00,,非金錢,高雄市前鎮區****,07-8*****,
40,林宛蓉,107年直轄市議員選舉,首次申報,1071017,個人捐贈收入,黃千容,E22*******,20000.00,0.00,,金錢,高雄市楠梓區****,,
41,林宛蓉,107年直轄市議員選舉,首次申報,1071017,個人捐贈收入,柯春田,R12*******,6000.00,0.00,,金錢,臺南市鹽水區****,07-8*****,
42,林宛蓉,107年直轄市議員選舉,首次申報,1071017,個人捐贈收入,鄭美月,S22*******,2000.00,0.00,,金錢,高雄市鼓山區****,07-2*****,
43,林宛蓉,107年直轄市議員選舉,首次申報,1071017,個人捐贈收入,沈文根,T12*******,2000.00,0.00,,金錢,高雄市前鎮區****,07-3*****,
44,林宛蓉,107年直轄市議員選舉,首次申報,1071017,個人捐贈收入,宋惠玲,T22*******,3160.00,0.00,,非金錢,高雄市前鎮區****,07-7*****,
45,林宛蓉,107年直轄市議員選舉,首次申報,1071018,營利事業捐贈收入,強本汽車交通事業股份有限公司,06236502,100000.00,0.00,,金錢,嘉義市西區竹****,05-2*****,
46,林宛蓉,107年直轄市議員選舉,首次申報,1071018,個人捐贈收入,柳凱文,E12*******,10000.00,0.00,,金錢,高雄市苓雅區****,07-8*****,
47,林宛蓉,107年直轄市議員選舉,首次申報,1071018,個人捐贈收入,黃聖翔,E12*******,3950.00,0.00,,非金錢,高雄市前鎮區****,07-7*****,
48,林宛蓉,107年直轄市議員選舉,首次申報,1071018,個人捐贈收入,周大祐,R10*******,2000.00,0.00,,金錢,高雄市小港區****,07-7*****,
49,林宛蓉,107年直轄市議員選舉,首次申報,1071018,個人捐贈收入,薛鈞倫,T12*******,10000.00,0.00,,金錢,屏東縣屏東市****,08-7*****,
50,林宛蓉,107年直轄市議員選舉,首次申報,1071019,個人捐贈收入,孫金榜,E10*******,50000.00,0.00,,金錢,高雄市前鎮區****,07-8*****,
51,林宛蓉,107年直轄市議員選舉,首次申報,1071019,個人捐贈收入,楊金柱,E10*******,2850.00,0.00,,非金錢,高雄市前鎮區****,07-7*****,
52,林宛蓉,107年直轄市議員選舉,首次申報,1071019,個人捐贈收入,林昇衡,E12*******,3000.00,0.00,,金錢,高雄市前鎮區****,07-3*****,
53,林宛蓉,107年直轄市議員選舉,首次申報,1071019,個人捐贈收入,胡書瑛,E22*******,10000.00,0.00,,金錢,高雄市鳳山區****,0926*****,
54,林宛蓉,107年直轄市議員選舉,首次申報,1071019,個人捐贈收入,賴良珠,R22*******,3000.00,0.00,,金錢,高雄市三民區****,0977*****,
55,林宛蓉,107年直轄市議員選舉,首次申報,1071020,個人捐贈收入,蔡銘昇,,3500.00,0.00,,非金錢,高雄市鳥松區****,07-7*****,
56,林宛蓉,107年直轄市議員選舉,首次申報,1071020,個人捐贈收入,蔡駿民,E12*******,12000.00,0.00,,金錢,高雄市小港區****,07-2*****,
57,林宛蓉,107年直轄市議員選舉,首次申報,1071020,個人捐贈收入,張風川,P10*******,10000.00,0.00,,金錢,高雄市前鎮區****,07-8*****,
58,林宛蓉,107年直轄市議員選舉,首次申報,1071020,個人捐贈收入,廖福城,R12*******,10000.00,0.00,,金錢,高雄市小港區****,07-8*****,
59,林宛蓉,107年直轄市議員選舉,首次申報,1071020,個人捐贈收入,蘇秀梅,T20*******,10000.00,0.00,,金錢,高雄市楠梓區****,0919*****,
60,林宛蓉,107年直轄市議員選舉,首次申報,1071021,人民團體捐贈收入,高雄市嘉義同鄉會,,20000.00,0.00,,金錢,高雄市苓雅區****,07-3*****,
61,林宛蓉,107年直轄市議員選舉,首次申報,1071021,個人捐贈收入,翁志郎,,2238.00,0.00,,非金錢,高雄市小港區****,07-7*****,
62,林宛蓉,107年直轄市議員選舉,首次申報,1071021,營利事業捐贈收入,慶昇樓餐廳有限公司,70432950,10000.00,0.00,,金錢,高雄市前鎮區****,07-8*****,
63,林宛蓉,107年直轄市議員選舉,首次申報,1071021,個人捐贈收入,林良壹,E10*******,100000.00,0.00,,金錢,高雄市三民區****,0930*****,
64,林宛蓉,107年直轄市議員選舉,首次申報,1071021,個人捐贈收入,鄭富仁,E10*******,100000.00,0.00,,金錢,高雄市前鎮區****,07-3*****,
65,林宛蓉,107年直轄市議員選舉,首次申報,1071021,個人捐贈收入,陳國堂,E10*******,3000.00,0.00,,金錢,高雄市前鎮區****,0932*****,
66,林宛蓉,107年直轄市議員選舉,首次申報,1071021,個人捐贈收入,洪文正,E10*******,2000.00,0.00,,金錢,高雄市前鎮區****,07-8*****,
67,林宛蓉,107年直轄市議員選舉,首次申報,1071021,個人捐贈收入,郭張月英,P20*******,3000.00,0.00,,金錢,高雄市前鎮區****,,
68,林宛蓉,107年直轄市議員選舉,首次申報,1071021,個人捐贈收入,陳献鑫,Q12*******,3000.00,0.00,,金錢,高雄市前鎮區****,0936*****,
69,林宛蓉,107年直轄市議員選舉,首次申報,1071021,個人捐贈收入,蔡寶惠,Q22*******,5000.00,0.00,,金錢,高雄市鳳山區****,0936*****,
70,林宛蓉,107年直轄市議員選舉,首次申報,1071021,個人捐贈收入,洪進來,R10*******,50000.00,0.00,,金錢,高雄市前鎮區****,0933*****,
71,林宛蓉,107年直轄市議員選舉,首次申報,1071021,個人捐贈收入,林天福,R10*******,100000.00,0.00,,金錢,高雄市左營區****,0937*****,
72,林宛蓉,107年直轄市議員選舉,首次申報,1071021,個人捐贈收入,顏永峻,R12*******,10000.00,0.00,,金錢,高雄市前鎮區****,0928*****,
73,林宛蓉,107年直轄市議員選舉,首次申報,1071021,個人捐贈收入,謝建成,S10*******,2600.00,0.00,,金錢,高雄市小港區****,0937*****,
74,林宛蓉,107年直轄市議員選舉,首次申報,1071021,個人捐贈收入,林宇荊,S10*******,50000.00,0.00,,金錢,高雄市三民區****,0932*****,
75,林宛蓉,107年直轄市議員選舉,首次申報,1071021,個人捐贈收入,李俊生,S10*******,30000.00,0.00,,金錢,高雄市前鎮區****,07-7*****,
76,林宛蓉,107年直轄市議員選舉,首次申報,1071021,個人捐贈收入,林春生,S10*******,20000.00,0.00,,金錢,高雄市前鎮區****,,
77,林宛蓉,107年直轄市議員選舉,首次申報,1071021,個人捐贈收入,許淑靜,S22*******,10000.00,0.00,,金錢,高雄市前鎮區****,0937*****,
78,林宛蓉,107年直轄市議員選舉,首次申報,1071021,個人捐贈收入,簡貴琴,S22*******,20000.00,0.00,,金錢,高雄市小港區****,0939*****,
79,林宛蓉,107年直轄市議員選舉,首次申報,1071021,個人捐贈收入,唐月員,T22*******,35000.00,0.00,,金錢,高雄市苓雅區****,07-3*****,
80,林宛蓉,107年直轄市議員選舉,首次申報,1071022,營利事業捐贈收入,佑神電子遊戲場業股份有限公司,89411961,200000.00,0.00,,金錢,高雄市前金區****,07-2*****,
81,林宛蓉,107年直轄市議員選舉,首次申報,1071022,個人捐贈收入,林子云,C22*******,2000.00,0.00,,金錢,高雄市鼓山區****,0989*****,
82,林宛蓉,107年直轄市議員選舉,首次申報,1071022,個人捐贈收入,林金滿,E20*******,2000.00,0.00,,金錢,高雄市三民區****,0977*****,
83,林宛蓉,107年直轄市議員選舉,首次申報,1071022,個人捐贈收入,李雅清,E22*******,20000.00,0.00,,金錢,高雄市前鎮區****,07-7*****,
84,林宛蓉,107年直轄市議員選舉,首次申報,1071022,個人捐贈收入,吳明德,F10*******,20000.00,0.00,,金錢,高雄市新興區****,0937*****,
85,林宛蓉,107年直轄市議員選舉,首次申報,1071022,個人捐贈收入,李顯榮,R10*******,10000.00,0.00,,金錢,新北市新莊區****,02-2*****,
86,林宛蓉,107年直轄市議員選舉,首次申報,1071022,個人捐贈收入,曾壹坤,X10*******,20000.00,0.00,,金錢,高雄市前鎮區****,0965*****,
87,林宛蓉,107年直轄市議員選舉,首次申報,1071023,個人捐贈收入,劉純如,E22*******,10000.00,0.00,,金錢,高雄市鳳山區****,0960*****,
88,林宛蓉,107年直轄市議員選舉,首次申報,1071023,個人捐贈收入,陳從就,R10*******,2000.00,0.00,,金錢,臺南市麻豆區****,07-8*****,
89,林宛蓉,107年直轄市議員選舉,首次申報,1071024,個人捐贈收入,林彩娥,T22*******,2000.00,0.00,,金錢,高雄市前鎮區****,07-7*****,
90,林宛蓉,107年直轄市議員選舉,首次申報,1071027,個人捐贈收入,詹光雄,K12*******,100000.00,0.00,,金錢,高雄市鳳山區****,0937*****,
91,林宛蓉,107年直轄市議員選舉,首次申報,1071029,個人捐贈收入,張嘉然,,5100.00,0.00,,非金錢,高雄市小港區****,07-8*****,
92,林宛蓉,107年直轄市議員選舉,首次申報,1071029,個人捐贈收入,陳鳳環,S22*******,2000.00,0.00,,金錢,高雄市林園區****,0987*****,
93,林宛蓉,107年直轄市議員選舉,首次申報,1071029,個人捐贈收入,賴春英,T22*******,3000.00,0.00,,金錢,臺中市大里區****,0908*****,
94,林宛蓉,107年直轄市議員選舉,首次申報,1071031,個人捐贈收入,林昱良,P10*******,20000.00,0.00,,金錢,高雄市仁武區****,0937*****,
95,林宛蓉,107年直轄市議員選舉,首次申報,1071031,個人捐贈收入,黃志仁,S12*******,10000.00,0.00,,金錢,高雄市前金區****,0937*****,
96,林宛蓉,107年直轄市議員選舉,首次申報,1071101,個人捐贈收入,林冠呈,,3950.00,0.00,,非金錢,高雄市前鎮區****,07-7*****,
97,林宛蓉,107年直轄市議員選舉,首次申報,1071101,個人捐贈收入,蘇昱鵬,E12*******,50000.00,0.00,,金錢,高雄市鼓山區****,07-5*****,
98,林宛蓉,107年直轄市議員選舉,首次申報,1071101,個人捐贈收入,蘇宥彤,E22*******,50000.00,0.00,,金錢,高雄市鼓山區****,07-5*****,
99,林宛蓉,107年直轄市議員選舉,首次申報,1071102,人民團體捐贈收入,高雄市中藥商業同業公會,,20000.00,0.00,,金錢,高雄市三民區****,3217*****,
100,林宛蓉,107年直轄市議員選舉,首次申報,1071103,營利事業捐贈收入,鴻銓冷凍空調材料有限公司,24248805,5800.00,0.00,,金錢,桃園市桃園區****,07-3*****,
101,林宛蓉,107年直轄市議員選舉,首次申報,1071104,營利事業捐贈收入,金鋐金屬工程有限公司,53248277,100000.00,0.00,,金錢,高雄市小港區****,0929*****,
102,林宛蓉,107年直轄市議員選舉,首次申報,1071104,營利事業捐贈收入,宏隆機械股份有限公司,83364126,10000.00,0.00,,金錢,高雄市小港區****,0910*****,
103,林宛蓉,107年直轄市議員選舉,首次申報,1071104,個人捐贈收入,洪啟元,E12*******,20000.00,0.00,,金錢,高雄市小港區****,07-8*****,
104,林宛蓉,107年直轄市議員選舉,首次申報,1071104,個人捐贈收入,林仲貞,E20*******,10000.00,0.00,,金錢,高雄市三民區****,0921*****,
105,林宛蓉,107年直轄市議員選舉,首次申報,1071104,個人捐贈收入,王俊閎,Q12*******,3000.00,0.00,,金錢,高雄市小港區****,07-7*****,
106,林宛蓉,107年直轄市議員選舉,首次申報,1071104,個人捐贈收入,吳錫鴻,S10*******,10000.00,0.00,,金錢,高雄市小港區****,0932*****,
107,林宛蓉,107年直轄市議員選舉,首次申報,1071104,個人捐贈收入,鄭敬恩,T10*******,16000.00,0.00,,金錢,高雄市三民區****,0912*****,
108,林宛蓉,107年直轄市議員選舉,首次申報,1071105,營利事業捐贈收入,三發地產股份有限公司,84466749,100000.00,0.00,,金錢,臺北市松山區****,07-5*****,
109,林宛蓉,107年直轄市議員選舉,首次申報,1071105,個人捐贈收入,鄭理,D20*******,30000.00,0.00,,金錢,臺南市東區慶****,07-3*****,
110,林宛蓉,107年直轄市議員選舉,首次申報,1071105,個人捐贈收入,黃証彥,E12*******,50000.00,0.00,,金錢,高雄市鳥松區****,07-3*****,
111,林宛蓉,107年直轄市議員選舉,首次申報,1071105,個人捐贈收入,陳建明,E12*******,3600.00,0.00,,金錢,高雄市前鎮區****,0921*****,
112,林宛蓉,107年直轄市議員選舉,首次申報,1071105,個人捐贈收入,張峻緯,E12*******,100000.00,0.00,,金錢,高雄市新興區****,07-3*****,
113,林宛蓉,107年直轄市議員選舉,首次申報,1071105,個人捐贈收入,黃子恬,L22*******,70000.00,0.00,,金錢,高雄市前鎮區****,07-5*****,
114,林宛蓉,107年直轄市議員選舉,首次申報,1071106,個人捐贈收入,林青吉,,5300.00,0.00,,非金錢,高雄市前鎮區****,07-3*****,
115,林宛蓉,107年直轄市議員選舉,首次申報,1071108,營利事業捐贈收入,添旺股份有限公司,70401014,300000.00,0.00,,金錢,高雄市前鎮區****,07-3*****,
116,林宛蓉,107年直轄市議員選舉,首次申報,1071108,個人捐贈收入,蔡宏淵,A12*******,30000.00,0.00,,金錢,臺北市大同區****,0928*****,
117,林宛蓉,107年直轄市議員選舉,首次申報,1071108,個人捐贈收入,翁通利,Q12*******,20000.00,0.00,,金錢,高雄市前鎮區****,0930*****,
118,林宛蓉,107年直轄市議員選舉,首次申報,1071111,個人捐贈收入,張振典,,2400.00,0.00,,非金錢,高雄市前鎮區****,0925*****,
119,林宛蓉,107年直轄市議員選舉,首次申報,1071111,營利事業捐贈收入,駿鈦科技工程有限公司,29011104,5000.00,0.00,,金錢,高雄市鳳山區****,0935*****,
120,林宛蓉,107年直轄市議員選舉,首次申報,1071111,個人捐贈收入,黃美玲,A21*******,6000.00,0.00,,金錢,高雄市前鎮區****,0989*****,
121,林宛蓉,107年直轄市議員選舉,首次申報,1071111,個人捐贈收入,夏碧珠,E20*******,10000.00,0.00,,金錢,高雄市新興區****,0937*****,
122,林宛蓉,107年直轄市議員選舉,首次申報,1071111,個人捐贈收入,林芳如,E22*******,10000.00,0.00,,金錢,高雄市前鎮區****,0952*****,
123,林宛蓉,107年直轄市議員選舉,首次申報,1071111,個人捐贈收入,歐詠瑛,E22*******,100000.00,0.00,,金錢,高雄市前鎮區****,0933*****,
124,林宛蓉,107年直轄市議員選舉,首次申報,1071111,個人捐贈收入,王俊閎,Q12*******,2000.00,0.00,,金錢,高雄市小港區****,07-7*****,
125,林宛蓉,107年直轄市議員選舉,首次申報,1071111,個人捐贈收入,吳泰瑩,T12*******,2000.00,0.00,,金錢,高雄市前鎮區****,07-8*****,
126,林宛蓉,107年直轄市議員選舉,首次申報,1071112,個人捐贈收入,姚俊榮,E12*******,50000.00,0.00,,金錢,高雄市前鎮區****,07-7*****,
127,林宛蓉,107年直轄市議員選舉,首次申報,1071112,個人捐贈收入,王勇勝,S10*******,3000.00,0.00,,金錢,高雄市前鎮區****,07-8*****,
128,林宛蓉,107年直轄市議員選舉,首次申報,1071112,個人捐贈收入,邱晟豪,S12*******,30000.00,0.00,,金錢,高雄市前鎮區****,0980*****,
129,林宛蓉,107年直轄市議員選舉,首次申報,1071113,個人捐贈收入,吳成宗,,4050.00,0.00,,非金錢,高雄市小港區****,07-8*****,
130,林宛蓉,107年直轄市議員選舉,首次申報,1071113,個人捐贈收入,蔡文賢,,3760.00,0.00,,非金錢,高雄市小港區****,07-8*****,
131,林宛蓉,107年直轄市議員選舉,首次申報,1071113,營利事業捐贈收入,正宇鍛造工業有限公司,13191002,50000.00,0.00,,金錢,高雄市小港區****,07-8*****,
132,林宛蓉,107年直轄市議員選舉,首次申報,1071113,個人捐贈收入,曾進毅,D12*******,1000.00,0.00,,金錢,高雄市鳳山區****,0920*****,
133,林宛蓉,107年直轄市議員選舉,首次申報,1071113,個人捐贈收入,宋得興,E10*******,6000.00,0.00,,金錢,高雄市鳳山區****,07-8*****,
134,林宛蓉,107年直轄市議員選舉,首次申報,1071113,個人捐贈收入,林士鳴,E12*******,20000.00,0.00,,金錢,高雄市前鎮區****,0963*****,
135,林宛蓉,107年直轄市議員選舉,首次申報,1071113,個人捐贈收入,洪華峯,E12*******,3000.00,0.00,,金錢,高雄市前鎮區****,07-8*****,
136,林宛蓉,107年直轄市議員選舉,首次申報,1071114,個人捐贈收入,潘信宏,F12*******,10000.00,0.00,,金錢,高雄市三民區****,0931*****,
137,林宛蓉,107年直轄市議員選舉,首次申報,1071115,個人捐贈收入,夏長安,X10*******,20000.00,0.00,,金錢,高雄市鼓山區****,07-8*****,
138,林宛蓉,107年直轄市議員選舉,首次申報,1071116,個人捐贈收入,邱德權,R10*******,2000.00,0.00,,金錢,高雄市仁武區****,0932*****,
139,林宛蓉,107年直轄市議員選舉,首次申報,1071119,個人捐贈收入,賴明言,R10*******,10000.00,0.00,,金錢,高雄市大寮區****,07-7*****,
140,林宛蓉,107年直轄市議員選舉,首次申報,1071121,個人捐贈收入,洪美蓮,,2000.00,0.00,,金錢,高雄市新興區****,0906*****,
141,林宛蓉,107年直轄市議員選舉,首次申報,1071121,個人捐贈收入,林清河,E10*******,3000.00,0.00,,金錢,高雄市前鎮區****,0931*****,
142,林宛蓉,107年直轄市議員選舉,首次申報,1071121,個人捐贈收入,陳伯樑,E12*******,100000.00,0.00,,金錢,高雄市鹽埕區****,0937*****,
143,林宛蓉,107年直轄市議員選舉,首次申報,1071121,個人捐贈收入,許世銘,E12*******,5000.00,0.00,,金錢,高雄市前鎮區****,0989*****,
144,林宛蓉,107年直轄市議員選舉,首次申報,1071121,個人捐贈收入,黃憲曜,E12*******,5000.00,0.00,,金錢,高雄市前鎮區****,0939*****,
145,林宛蓉,107年直轄市議員選舉,首次申報,1071121,個人捐贈收入,林文泉,P10*******,25000.00,0.00,,金錢,高雄市苓雅區****,07-7*****,
146,林宛蓉,107年直轄市議員選舉,首次申報,1071121,個人捐贈收入,林文智,P10*******,25000.00,0.00,,金錢,高雄市苓雅區****,07-7*****,
147,林宛蓉,107年直轄市議員選舉,首次申報,1071121,個人捐贈收入,歐忠志,P12*******,6000.00,0.00,,金錢,高雄市前鎮區****,0937*****,
148,林宛蓉,107年直轄市議員選舉,首次申報,1071121,個人捐贈收入,蕭麗月,Q22*******,3000.00,0.00,,金錢,新北市蘆洲區****,0935*****,
149,林宛蓉,107年直轄市議員選舉,首次申報,1071121,個人捐贈收入,蘇永福,T10*******,10000.00,0.00,,金錢,屏東縣東港鎮****,0937*****,
150,林宛蓉,107年直轄市議員選舉,首次申報,1071121,個人捐贈收入,黃陳蓮枝,X20*******,100000.00,0.00,,金錢,高雄市新興區****,07-2*****,
151,林宛蓉,107年直轄市議員選舉,首次申報,1071122,個人捐贈收入,梁永福,S12*******,50000.00,0.00,,金錢,高雄市小港區****,0928*****,
152,林宛蓉,107年直轄市議員選舉,首次申報,1071123,個人捐贈收入,張育瑞,E12*******,10000.00,0.00,,金錢,高雄市三民區****,0912*****,
153,林宛蓉,107年直轄市議員選舉,首次申報,1071123,個人捐贈收入,吳偉銘,G12*******,100000.00,0.00,,金錢,宜蘭縣頭城鎮****,07-3*****,
154,林宛蓉,107年直轄市議員選舉,首次申報,1071123,個人捐贈收入,林煌宗,Q12*******,6000.00,0.00,,金錢,高雄市小港區****,0935*****,
155,林宛蓉,107年直轄市議員選舉,首次申報,1071123,個人捐贈收入,徐瑞陽,Q12*******,2000.00,0.00,,金錢,高雄市前鎮區****,0939*****,
156,林宛蓉,107年直轄市議員選舉,首次申報,1071123,個人捐贈收入,陳雲萍,T22*******,10000.00,0.00,,金錢,高雄市前鎮區****,0910*****,
157,林宛蓉,107年直轄市議員選舉,首次申報,1071123,個人捐贈收入,陳玲琬,T22*******,100000.00,0.00,,金錢,高雄市楠梓區****,07-3*****,
158,林宛蓉,107年直轄市議員選舉,首次申報,1071221,其他收入,利息收入,,162.00,0.00,,金錢,,,
