﻿序號,擬參選人／政黨,選舉名稱,申報序號／年度,交易日期,收支科目,捐贈者／支出對象,身分證／統一編號,收入金額,支出金額,支出用途,金錢類,地址,聯絡電話,資料更正日期
1,許明財,107年縣(市)長選舉,首次申報,1070702,交通旅運支出,新慰加油站,27676688,0.00,300.00,油資,金錢,,,
2,許明財,107年縣(市)長選舉,首次申報,1070704,雜支支出,普來利實業股份有限公司新竹分公司,12910383,0.00,258.00,雜項購置或修繕費用,金錢,新竹市經國路****,03-5*****,
3,許明財,107年縣(市)長選舉,首次申報,1070704,雜支支出,普來利實業股份有限公司新竹分公司,12910383,0.00,99.00,雜項購置或修繕費用,金錢,新竹市經國路****,03-5*****,
4,許明財,107年縣(市)長選舉,首次申報,1070704,雜支支出,墊腳石圖書廣場新竹店,16051840,0.00,158.00,文具用品費用,金錢,,03-5*****,
5,許明財,107年縣(市)長選舉,首次申報,1070704,雜支支出,𡘙師傅便當專賣店,54821497,0.00,1235.00,餐飲費用,金錢,新竹市中山路****,,
6,許明財,107年縣(市)長選舉,首次申報,1070705,雜支支出,普來利實業股份有限公司新竹分公司,12910383,0.00,159.00,雜項購置或修繕費用,金錢,新竹市經國路****,03-5*****,
7,許明財,107年縣(市)長選舉,首次申報,1070705,雜支支出,NPC全國加油站,18211132,0.00,600.00,汽機車燃料費用,金錢,,,
8,許明財,107年縣(市)長選舉,首次申報,1070705,雜支支出,中華電信股份有限公司,88849347,0.00,2328.00,電信費用,金錢,新竹市中正路****,,
9,許明財,107年縣(市)長選舉,首次申報,1070709,雜支支出,𡘙師傅便當專賣店,54821497,0.00,240.00,餐飲費用,金錢,新竹市中山路****,,
10,許明財,107年縣(市)長選舉,首次申報,1070710,雜支支出,普來利實業股份有限公司新竹分公司,12910383,0.00,654.00,雜項購置或修繕費用,金錢,新竹市經國路****,03-5*****,
11,許明財,107年縣(市)長選舉,首次申報,1070710,雜支支出,沅豐生活館有限公司,56605987,0.00,45.00,雜項購置或修繕費用,金錢,新竹市西大路****,03-6*****,
12,許明財,107年縣(市)長選舉,首次申報,1070710,雜支支出,NPC全國加油站,73834015,0.00,700.00,汽機車燃料費用,金錢,,,
13,許明財,107年縣(市)長選舉,首次申報,1070713,雜支支出,許二姊麵食館,50576107,0.00,225.00,餐飲費用,金錢,新竹市北門街****,03-5*****,
14,許明財,107年縣(市)長選舉,首次申報,1070713,雜支支出,𡘙師傅便當專賣店,54821497,0.00,1600.00,餐飲費用,金錢,新竹市中山路****,,
15,許明財,107年縣(市)長選舉,首次申報,1070714,雜支支出,小雅百貨行,80778586,0.00,20.00,雜項購置或修繕費用,金錢,新竹市中央路****,03-5*****,
16,許明財,107年縣(市)長選舉,首次申報,1070716,雜支支出,薪創資訊有限公司新竹營業所,31500655,0.00,4150.00,網際網路費用,金錢,新竹市光復路****,03-5*****,
17,許明財,107年縣(市)長選舉,首次申報,1070718,雜支支出,好饌便當店,72756672,0.00,1540.00,餐飲費用,金錢,新竹市西大路****,03-5*****,
18,許明財,107年縣(市)長選舉,首次申報,1070719,雜支支出,NPC全國加油站,18211132,0.00,700.00,汽機車燃料費用,金錢,,,
19,許明財,107年縣(市)長選舉,首次申報,1070721,雜支支出,廣德瑩燒臘店,47298615,0.00,1440.00,餐飲費用,金錢,新竹市北大路****,03-5*****,
20,許明財,107年縣(市)長選舉,首次申報,1070724,雜支支出,NPC全國加油站,73834015,0.00,81.00,汽機車燃料費用,金錢,,,
21,許明財,107年縣(市)長選舉,首次申報,1070725,雜支支出,NPC全國加油站,18211132,0.00,750.00,汽機車燃料費用,金錢,,,
22,許明財,107年縣(市)長選舉,首次申報,1070725,雜支支出,鳳翎粥飯麵食館,31645765,0.00,1050.00,餐飲費用,金錢,新竹市大庄路****,03-5*****,
23,許明財,107年縣(市)長選舉,首次申報,1070725,宣傳支出,巧馨企業社,40981296,0.00,7500.00,製作競選物品支出（筆）,金錢,新竹縣竹北市****,0932*****,
24,許明財,107年縣(市)長選舉,首次申報,1070726,集會支出,新美乃斯食品行,29482358,0.00,3450.00,餐飲支出,金錢,新竹市中正路****,03-5*****,
25,許明財,107年縣(市)長選舉,首次申報,1070726,雜支支出,商硯股份有限公司新竹經國分公司,45130507,0.00,400.00,文具用品費用,金錢,新竹市經國路****,03-5*****,
26,許明財,107年縣(市)長選舉,首次申報,1070727,宣傳支出,吉祥旗幟社,46462736,0.00,25000.00,製作競選物品支出（廣告看板）,金錢,新竹市北門街****,03-5*****,
27,許明財,107年縣(市)長選舉,首次申報,1070727,雜支支出,上享商行,50703595,0.00,1900.00,餐飲費用,金錢,新竹市西大路****,03-5*****,
28,許明財,107年縣(市)長選舉,首次申報,1070729,雜支支出,普來利實業股份有限公司新竹分公司,12910383,0.00,698.00,雜項購置或修繕費用,金錢,新竹市經國路****,03-5*****,
29,許明財,107年縣(市)長選舉,首次申報,1070729,雜支支出,普來利實業股份有限公司新竹分公司,12910383,0.00,968.00,雜項購置或修繕費用,金錢,新竹市經國路****,03-5*****,
30,許明財,107年縣(市)長選舉,首次申報,1070729,雜支支出,NPC全國加油站,18211132,0.00,698.00,汽機車燃料費用,金錢,,,
31,許明財,107年縣(市)長選舉,首次申報,1070729,雜支支出,源鎰製冰廠,46571501,0.00,400.00,雜項購置或修繕費用,金錢,新竹市北大路****,03-5*****,
32,許明財,107年縣(市)長選舉,首次申報,1070729,雜支支出,源鎰製冰廠,46571501,0.00,400.00,雜項購置或修繕費用,金錢,新竹市北大路****,03-5*****,
33,許明財,107年縣(市)長選舉,首次申報,1070729,雜支支出,順發3C量販,53028457,0.00,560.00,雜項購置或修繕費用,金錢,,,
34,許明財,107年縣(市)長選舉,首次申報,1070730,交通旅運支出,新竹市政府停車管理處,,0.00,1740.00,停車費,金錢,新竹市中央路****,,
35,許明財,107年縣(市)長選舉,首次申報,1070730,雜支支出,𡘙師傅便當專賣店,54821497,0.00,2000.00,餐飲費用,金錢,新竹市中山路****,,
36,許明財,107年縣(市)長選舉,首次申報,1070731,雜支支出,普來利實業股份有限公司新竹分公司,12910383,0.00,2460.00,雜項購置或修繕費用,金錢,新竹市經國路****,03-5*****,
37,許明財,107年縣(市)長選舉,首次申報,1070731,雜支支出,NPC全國加油站,18211132,0.00,54.00,汽機車燃料費用,金錢,,,
38,許明財,107年縣(市)長選舉,首次申報,1070731,雜支支出,NPC全國加油站,18211132,0.00,115.00,汽機車燃料費用,金錢,,,
39,許明財,107年縣(市)長選舉,首次申報,1070731,雜支支出,𡘙師傅便當專賣店,54821497,0.00,160.00,餐飲費用,金錢,新竹市中山路****,,
40,許明財,107年縣(市)長選舉,首次申報,1070801,雜支支出,NPC全國加油站,18211132,0.00,54.00,汽機車燃料費用,金錢,,,
41,許明財,107年縣(市)長選舉,首次申報,1070801,公共關係費用支出,玫瑰鮮花社,46375607,0.00,500.00,聯誼交際費用,金錢,新竹市中正路****,03-5*****,
42,許明財,107年縣(市)長選舉,首次申報,1070801,雜支支出,中華電信股份有限公司,88849347,0.00,1816.00,電信費用,金錢,新竹市中正路****,,
43,許明財,107年縣(市)長選舉,首次申報,1070802,雜支支出,NPC全國加油站,18211132,0.00,700.00,汽機車燃料費用,金錢,,,
44,許明財,107年縣(市)長選舉,首次申報,1070803,雜支支出,NPC全國加油站,18211132,0.00,100.00,汽機車燃料費用,金錢,,,
45,許明財,107年縣(市)長選舉,首次申報,1070803,雜支支出,𡘙師傅便當專賣店,54821497,0.00,2400.00,餐飲費用,金錢,新竹市中山路****,,
46,許明財,107年縣(市)長選舉,首次申報,1070804,雜支支出,普來利實業股份有限公司新竹分公司,12910383,0.00,203.00,雜項購置或修繕費用,金錢,新竹市經國路****,03-5*****,
47,許明財,107年縣(市)長選舉,首次申報,1070804,雜支支出,商硯股份有限公司新竹經國分公司,45130507,0.00,118.00,文具用品費用,金錢,新竹市經國路****,03-5*****,
48,許明財,107年縣(市)長選舉,首次申報,1070805,雜支支出,普來利實業股份有限公司新竹分公司,12910383,0.00,49.00,雜項購置或修繕費用,金錢,新竹市經國路****,03-5*****,
49,許明財,107年縣(市)長選舉,首次申報,1070805,雜支支出,普來利實業股份有限公司新竹分公司,12910383,0.00,25.00,雜項購置或修繕費用,金錢,新竹市經國路****,03-5*****,
50,許明財,107年縣(市)長選舉,首次申報,1070805,雜支支出,普來利實業股份有限公司新竹分公司,12910383,0.00,415.00,雜項購置或修繕費用,金錢,新竹市經國路****,03-5*****,
51,許明財,107年縣(市)長選舉,首次申報,1070806,宣傳支出,平安企業社,08561476,0.00,1500.00,製作宣傳廣告支出,金錢,新北市土城區****,0937*****,
52,許明財,107年縣(市)長選舉,首次申報,1070806,宣傳支出,平安企業社,08561476,0.00,1500.00,製作宣傳廣告支出,金錢,新北市土城區****,0937*****,
53,許明財,107年縣(市)長選舉,首次申報,1070806,雜支支出,NPC全國加油站,18211132,0.00,662.00,汽機車燃料費用,金錢,,,
54,許明財,107年縣(市)長選舉,首次申報,1070806,雜支支出,台灣中油,47149030,0.00,1000.00,汽機車燃料費用,金錢,,,
55,許明財,107年縣(市)長選舉,首次申報,1070806,宣傳支出,銓豐國際物流有限公司,53631408,0.00,71415.00,製作宣傳廣告支出,金錢,基隆市仁愛區****,02-2*****,
56,許明財,107年縣(市)長選舉,首次申報,1070807,雜支支出,新川豐˙青果行,47321453,0.00,1012.00,餐飲費用,金錢,新竹市經國路****,03-5*****,
57,許明財,107年縣(市)長選舉,首次申報,1070807,雜支支出,上享商行,50703595,0.00,2375.00,餐飲費用,金錢,新竹市西大路****,03-5*****,
58,許明財,107年縣(市)長選舉,首次申報,1070808,公共關係費用支出,雅特烘焙股份有限公司,27868166,0.00,2000.00,聯誼交際費用,金錢,新竹市府後街****,,
59,許明財,107年縣(市)長選舉,首次申報,1070808,公共關係費用支出,雅特烘焙股份有限公司,27868166,0.00,4480.00,聯誼交際費用,金錢,新竹市府後街****,,
60,許明財,107年縣(市)長選舉,首次申報,1070809,交通旅運支出,新竹市政府停車管理處,,0.00,2060.00,停車費,金錢,新竹市中正路****,,
61,許明財,107年縣(市)長選舉,首次申報,1070809,雜支支出,圓心素食,26156246,0.00,260.00,餐飲費用,金錢,新竹市水田街****,03-5*****,
62,許明財,107年縣(市)長選舉,首次申報,1070809,雜支支出,𡘙師傅便當專賣店,54821497,0.00,1800.00,餐飲費用,金錢,,,
63,許明財,107年縣(市)長選舉,首次申報,1070809,集會支出,蕭氏食品行,73837982,0.00,8040.00,餐飲支出,金錢,新竹市中正路****,03-5*****,
64,許明財,107年縣(市)長選舉,首次申報,1070810,雜支支出,NPC全國加油站,18211132,0.00,100.00,汽機車燃料費用,金錢,,,
65,許明財,107年縣(市)長選舉,首次申報,1070810,租用競選辦事處支出,佳晟工程實業社,50706426,0.00,95470.00,裝潢競選辦事處支出,金錢,新竹市香山區****,03-5*****,
66,許明財,107年縣(市)長選舉,首次申報,1070811,雜支支出,源鎰製冰廠,46571501,0.00,800.00,雜項購置或修繕費用,金錢,新竹市北大路****,03-5*****,
67,許明財,107年縣(市)長選舉,首次申報,1070812,雜支支出,NPC全國加油站,18211132,0.00,100.00,汽機車燃料費用,金錢,,,
68,許明財,107年縣(市)長選舉,首次申報,1070812,雜支支出,商硯股份有限公司新竹經國分公司,45130507,0.00,378.00,文具用品費用,金錢,新竹市經國路****,03-5*****,
69,許明財,107年縣(市)長選舉,首次申報,1070813,雜支支出,普來利實業股份有限公司新竹分公司,12910383,0.00,538.00,雜項購置或修繕費用,金錢,新竹市經國路****,03-5*****,
70,許明財,107年縣(市)長選舉,首次申報,1070813,租用宣傳車輛支出,NPC全國加油站,18211132,0.00,673.00,宣傳車輛燃料支出,金錢,,,
71,許明財,107年縣(市)長選舉,首次申報,1070813,雜支支出,聯慶商店,47029859,0.00,300.00,雜項購置或修繕費用,金錢,新竹市中央路****,03-5*****,
72,許明財,107年縣(市)長選舉,首次申報,1070815,集會支出,吉維尼蛋糕,30327833,0.00,3800.00,餐飲支出,金錢,新竹市西大路****,03-5*****,
73,許明財,107年縣(市)長選舉,首次申報,1070815,雜支支出,新永勝糖果玩具行,46463904,0.00,480.00,雜項購置或修繕費用,金錢,新竹市大同路****,03-5*****,
74,許明財,107年縣(市)長選舉,首次申報,1070815,雜支支出,鴨肉許麵食店,50707017,0.00,330.00,餐飲費用,金錢,新竹市中正路****,03-5*****,
75,許明財,107年縣(市)長選舉,首次申報,1070815,雜支支出,排骨先生便當,72757320,0.00,1200.00,餐飲費用,金錢,新竹市西大路****,03-5*****,
76,許明財,107年縣(市)長選舉,首次申報,1070816,租用宣傳車輛支出,NPC全國加油站,18211132,0.00,876.00,宣傳車輛燃料支出,金錢,,,
77,許明財,107年縣(市)長選舉,首次申報,1070816,集會支出,新美乃斯食品行,29482358,0.00,3300.00,餐飲支出,金錢,新竹市中正路****,03-5*****,
78,許明財,107年縣(市)長選舉,首次申報,1070816,雜支支出,聯慶商店,47029859,0.00,300.00,雜項購置或修繕費用,金錢,新竹市中央路****,03-5*****,
79,許明財,107年縣(市)長選舉,首次申報,1070816,宣傳支出,大躍海空物流股份有限公司,97109152,0.00,23818.00,製作宣傳廣告支出,金錢,臺北市中山區****,02-2*****,
80,許明財,107年縣(市)長選舉,首次申報,1070817,雜支支出,NPC全國加油站,18211132,0.00,100.00,汽機車燃料費用,金錢,,,
81,許明財,107年縣(市)長選舉,首次申報,1070818,雜支支出,鳳翎粥飯麵食館,31645765,0.00,700.00,餐飲費用,金錢,新竹市大庄路****,03-5*****,
82,許明財,107年縣(市)長選舉,首次申報,1070819,雜支支出,NPC全國加油站,18211132,0.00,100.00,汽機車燃料費用,金錢,,,
83,許明財,107年縣(市)長選舉,首次申報,1070821,雜支支出,商硯股份有限公司新竹經國分公司,45130507,0.00,54.00,文具用品費用,金錢,新竹市經國路****,03-5*****,
84,許明財,107年縣(市)長選舉,首次申報,1070821,雜支支出,聯慶商店,47029859,0.00,270.00,雜項購置或修繕費用,金錢,新竹市中央路****,03-5*****,
85,許明財,107年縣(市)長選舉,首次申報,1070822,集會支出,新竹市公共停車場作業基金,,0.00,6480.00,租用場地支出,金錢,新竹市中正路****,03-5*****,
86,許明財,107年縣(市)長選舉,首次申報,1070822,雜支支出,普來利實業股份有限公司新竹分公司,12910383,0.00,139.00,雜項購置或修繕費用,金錢,新竹市經國路****,03-5*****,
87,許明財,107年縣(市)長選舉,首次申報,1070822,雜支支出,台灣中油,46038090,0.00,100.00,汽機車燃料費用,金錢,,,
88,許明財,107年縣(市)長選舉,首次申報,1070822,雜支支出,原夜市鴨肉麵,47193181,0.00,570.00,餐飲費用,金錢,新竹市中央路****,,
89,許明財,107年縣(市)長選舉,首次申報,1070823,集會支出,豐谷蒸飯號,46678503,0.00,600.00,餐飲支出,金錢,新竹市竹蓮街****,03-5*****,
90,許明財,107年縣(市)長選舉,首次申報,1070823,集會支出,成家肉粽大王,47169133,0.00,800.00,餐飲支出,金錢,新竹市經國路****,03-5*****,
91,許明財,107年縣(市)長選舉,首次申報,1070823,集會支出,成家肉粽大王,47169133,0.00,300.00,餐飲支出,金錢,新竹市經國路****,03-5*****,
92,許明財,107年縣(市)長選舉,首次申報,1070823,集會支出,山東饅頭店,88843224,0.00,264.00,餐飲支出,金錢,新竹市中央路****,03-5*****,
93,許明財,107年縣(市)長選舉,首次申報,1070823,集會支出,山東饅頭店,88843224,0.00,3500.00,餐飲支出,金錢,新竹市中央路****,03-5*****,
94,許明財,107年縣(市)長選舉,首次申報,1070824,雜支支出,文具國王企業社,26697670,0.00,260.00,文具用品費用,金錢,新竹市東光路****,03-5*****,
95,許明財,107年縣(市)長選舉,首次申報,1070824,宣傳支出,比石硬數位行銷股份有限公司,54287776,0.00,116550.00,發送電信簡訊支出,金錢,臺北市中山區****,02-8*****,
96,許明財,107年縣(市)長選舉,首次申報,1070824,雜支支出,台灣文具王股份有限公司,54786597,0.00,180.00,文具用品費用,金錢,新竹市東大路****,03-5*****,
97,許明財,107年縣(市)長選舉,首次申報,1070824,公共關係費用支出,上園餐廳,78367088,0.00,1840.00,聯誼交際費用,金錢,臺北市中正區****,02-2*****,
98,許明財,107年縣(市)長選舉,首次申報,1070824,雜支支出,大潤發,80030759,0.00,2821.00,雜項購置或修繕費用,金錢,新竹市忠孝路****,0800*****,
99,許明財,107年縣(市)長選舉,首次申報,1070824,雜支支出,光南大批發連鎖店,80594996,0.00,260.00,文具用品費用,金錢,,,
100,許明財,107年縣(市)長選舉,首次申報,1070825,雜支支出,NPC全國加油站,18211132,0.00,468.00,汽機車燃料費用,金錢,,,
101,許明財,107年縣(市)長選舉,首次申報,1070825,雜支支出,鳳翎粥飯麵食館,31645765,0.00,840.00,餐飲費用,金錢,新竹市大庄路****,03-5*****,
102,許明財,107年縣(市)長選舉,首次申報,1070825,雜支支出,源鎰製冰廠,46571501,0.00,200.00,雜項購置或修繕費用,金錢,新竹市北大路****,03-5*****,
103,許明財,107年縣(市)長選舉,首次申報,1070826,雜支支出,NPC全國加油站,18211132,0.00,100.00,汽機車燃料費用,金錢,,,
104,許明財,107年縣(市)長選舉,首次申報,1070826,雜支支出,許二姊麵食館,50576107,0.00,415.00,餐飲費用,金錢,新竹市北門街****,03-5*****,
105,許明財,107年縣(市)長選舉,首次申報,1070827,交通旅運支出,新竹市政府停車管理處,,0.00,100.00,停車費,金錢,新竹市中正路****,,
106,許明財,107年縣(市)長選舉,首次申報,1070827,交通旅運支出,新竹市政府停車管理處,,0.00,120.00,停車費,金錢,新竹市中正路****,,
107,許明財,107年縣(市)長選舉,首次申報,1070827,雜支支出,排骨先生便當,72757320,0.00,900.00,餐飲費用,金錢,新竹市西大路****,03-5*****,
108,許明財,107年縣(市)長選舉,首次申報,1070827,租用宣傳車輛支出,NPC全國加油站,73834015,0.00,375.00,宣傳車輛燃料支出,金錢,,,
109,許明財,107年縣(市)長選舉,首次申報,1070827,雜支支出,中華電信股份有限公司,88849347,0.00,415.00,電信費用,金錢,新竹市中央路****,,
110,許明財,107年縣(市)長選舉,首次申報,1070827,雜支支出,中華電信股份有限公司,88849347,0.00,245.00,電信費用,金錢,新竹市中正路****,,
111,許明財,107年縣(市)長選舉,首次申報,1070827,雜支支出,中華電信股份有限公司,88849347,0.00,245.00,電信費用,金錢,新竹市中正路****,,
112,許明財,107年縣(市)長選舉,首次申報,1070828,租用宣傳車輛支出,佑順加油站,23504658,0.00,1272.00,宣傳車輛燃料支出,金錢,,,
113,許明財,107年縣(市)長選舉,首次申報,1070828,雜支支出,台灣中油,47036438,0.00,100.00,汽機車燃料費用,金錢,,,
114,許明財,107年縣(市)長選舉,首次申報,1070828,雜支支出,許二姊麵食館,50576107,0.00,210.00,餐飲費用,金錢,新竹市北門街****,03-5*****,
115,許明財,107年縣(市)長選舉,首次申報,1070828,雜支支出,NPC全國加油站,66879057,0.00,90.00,汽機車燃料費用,金錢,,,
116,許明財,107年縣(市)長選舉,首次申報,1070829,租用宣傳車輛支出,NPC全國加油站,18211132,0.00,780.00,宣傳車輛燃料支出,金錢,,,
117,許明財,107年縣(市)長選舉,首次申報,1070829,雜支支出,吳記餐飲,18211288,0.00,300.00,餐飲費用,金錢,新竹市南大路****,03-5*****,
118,許明財,107年縣(市)長選舉,首次申報,1070829,宣傳支出,新竹武昌街郵局,80771367,0.00,26334.00,郵寄競選物品或宣傳廣告支出,金錢,新竹市武昌街****,,
119,許明財,107年縣(市)長選舉,首次申報,1070830,交通旅運支出,新竹市政府停車管理處,,0.00,180.00,停車費,金錢,新竹市中正路****,,
120,許明財,107年縣(市)長選舉,首次申報,1070830,交通旅運支出,新竹市政府停車管理處,,0.00,1360.00,停車費,金錢,新竹市中正路****,,
121,許明財,107年縣(市)長選舉,首次申報,1070830,雜支支出,NPC全國加油站,18211132,0.00,100.00,汽機車燃料費用,金錢,,,
122,許明財,107年縣(市)長選舉,首次申報,1070830,雜支支出,台灣中油,47036438,0.00,92.00,汽機車燃料費用,金錢,,,
123,許明財,107年縣(市)長選舉,首次申報,1070830,租用宣傳車輛支出,宏展企業社,66860389,0.00,18000.00,租用宣傳車輛支出,金錢,新竹市西大路****,03-5*****,
124,許明財,107年縣(市)長選舉,首次申報,1070830,雜支支出,中華電信股份有限公司,88849347,0.00,2741.00,電信費用,金錢,新竹市中正路****,,
125,許明財,107年縣(市)長選舉,首次申報,1070831,雜支支出,𡘙師傅便當專賣店,54821497,0.00,1400.00,餐飲費用,金錢,新竹市中山路****,,
126,許明財,107年縣(市)長選舉,首次申報,1070831,雜支支出,欣綠花店,81925306,0.00,1050.00,雜項購置或修繕費用,金錢,新竹市中華路****,03-5*****,
127,許明財,107年縣(市)長選舉,首次申報,1070831,宣傳支出,聯利媒體股份有限公司,84305300,0.00,6000000.00,播送、傳送或刊登宣傳廣告支出,金錢,臺北市內湖區****,02-2*****,
128,許明財,107年縣(市)長選舉,首次申報,1070901,雜支支出,延平加油站,31782795,0.00,100.00,汽機車燃料費用,金錢,,,
129,許明財,107年縣(市)長選舉,首次申報,1070901,租用宣傳車輛支出,台灣中油光復路站,47149030,0.00,753.00,宣傳車輛燃料支出,金錢,,,
130,許明財,107年縣(市)長選舉,首次申報,1070902,雜支支出,普來利實業股份有限公司新竹分公司,12910383,0.00,39.00,雜項購置或修繕費用,金錢,新竹市經國路****,03-5*****,
131,許明財,107年縣(市)長選舉,首次申報,1070902,雜支支出,NPC全國加油站,18211132,0.00,135.00,汽機車燃料費用,金錢,,,
132,許明財,107年縣(市)長選舉,首次申報,1070902,公共關係費用支出,名傑開發股份有限公司,47175058,0.00,1419.00,聯誼交際費用,金錢,新竹市北大路****,03-5*****,
133,許明財,107年縣(市)長選舉,首次申報,1070902,雜支支出,原夜市魷魚粳,78775599,0.00,240.00,餐飲費用,金錢,新竹市北門街****,03-5*****,
134,許明財,107年縣(市)長選舉,首次申報,1070903,交通旅運支出,新竹市政府停車管理處,,0.00,1460.00,停車費,金錢,新竹市中正路****,,
135,許明財,107年縣(市)長選舉,首次申報,1070903,宣傳支出,新竹市第一村第七區管委會,,0.00,1000.00,租用廣告看板或車體廣告支出,金錢,新竹市東大路****,03-5*****,
136,許明財,107年縣(市)長選舉,首次申報,1070903,宣傳支出,新竹市第一村第六區管委會,,0.00,2000.00,租用廣告看板或車體廣告支出,金錢,新竹市武陵路****,03-5*****,
137,許明財,107年縣(市)長選舉,首次申報,1070903,雜支支出,NPC全國加油站,18211132,0.00,400.00,汽機車燃料費用,金錢,,,
138,許明財,107年縣(市)長選舉,首次申報,1070903,雜支支出,上享商行,50703595,0.00,1125.00,餐飲費用,金錢,新竹市西大路****,03-5*****,
139,許明財,107年縣(市)長選舉,首次申報,1070903,雜支支出,排骨先生便當,72757320,0.00,530.00,餐飲費用,金錢,新竹市西大路****,03-5*****,
140,許明財,107年縣(市)長選舉,首次申報,1070904,交通旅運支出,新竹市政府停車管理處,,0.00,20.00,停車費,金錢,新竹市中央路****,,
141,許明財,107年縣(市)長選舉,首次申報,1070904,雜支支出,中華電信股份有限公司,88849347,0.00,415.00,網際網路費用,金錢,新竹市中正路****,,
142,許明財,107年縣(市)長選舉,首次申報,1070904,雜支支出,凱帝飲食店,88850250,0.00,2000.00,餐飲費用,金錢,新竹市民族路****,03-5*****,
143,許明財,107年縣(市)長選舉,首次申報,1070905,雜支支出,均豐水果行,18209157,0.00,1160.00,餐飲費用,金錢,新竹市水田街****,03-5*****,
144,許明財,107年縣(市)長選舉,首次申報,1070905,雜支支出,公道五加油站,24852654,0.00,70.00,汽機車燃料費用,金錢,,,
145,許明財,107年縣(市)長選舉,首次申報,1070905,交通旅運支出,昇冠˙加油站,70599732,0.00,1200.00,油資,金錢,,,
146,許明財,107年縣(市)長選舉,首次申報,1070905,雜支支出,排骨先生便當,72757320,0.00,900.00,餐飲費用,金錢,新竹市西大路****,03-5*****,
147,許明財,107年縣(市)長選舉,首次申報,1070906,宣傳支出,喜威世流通(股)公司,10590315,0.00,34000.00,製作競選物品支出（瓶裝水）,金錢,桃園市大園區****,03-3*****,
148,許明財,107年縣(市)長選舉,首次申報,1070906,租用宣傳車輛支出,NPC全國加油站,18211132,0.00,400.00,宣傳車輛燃料支出,金錢,,,
149,許明財,107年縣(市)長選舉,首次申報,1070906,雜支支出,林家肉圓,46226608,0.00,480.00,餐飲費用,金錢,新竹市城隍廟****,,
150,許明財,107年縣(市)長選舉,首次申報,1070906,雜支支出,𡘙師傅便當專賣店,54821497,0.00,1960.00,餐飲費用,金錢,新竹市中山路****,,
151,許明財,107年縣(市)長選舉,首次申報,1070907,集會支出,寶山饅頭店,13867271,0.00,1200.00,餐飲支出,金錢,新竹市食品路****,03-5*****,
152,許明財,107年縣(市)長選舉,首次申報,1070907,雜支支出,台灣電力公司,46616303,0.00,15377.00,水電瓦斯費用,金錢,新竹市中華路****,,
153,許明財,107年縣(市)長選舉,首次申報,1070907,租用宣傳車輛支出,茄苳加油站,80420638,0.00,700.00,宣傳車輛燃料支出,金錢,,,
154,許明財,107年縣(市)長選舉,首次申報,1070908,交通旅運支出,尚隆加油站,27447010,0.00,1500.00,油資,金錢,,,
155,許明財,107年縣(市)長選舉,首次申報,1070909,雜支支出,NPC全國加油站,18211132,0.00,99.00,汽機車燃料費用,金錢,,,
156,許明財,107年縣(市)長選舉,首次申報,1070909,雜支支出,東家快餐,42053730,0.00,1800.00,餐飲費用,金錢,新竹市經國路****,03-5*****,
157,許明財,107年縣(市)長選舉,首次申報,1070910,交通旅運支出,新竹市政府停車管理處,,0.00,2080.00,停車費,金錢,新竹市中正路****,,
158,許明財,107年縣(市)長選舉,首次申報,1070911,宣傳支出,喜威世流通(股)公司,10590315,0.00,34000.00,製作競選物品支出（瓶裝水）,金錢,桃園市大園區****,03-3*****,
159,許明財,107年縣(市)長選舉,首次申報,1070911,雜支支出,進文企業有限公司,22206723,0.00,600.00,文具用品費用,金錢,新竹市中山路****,03-5*****,
160,許明財,107年縣(市)長選舉,首次申報,1070911,公共關係費用支出,史坦利美式牛排,26694287,0.00,2783.00,聯誼交際費用,金錢,新竹市中央路****,03-5*****,
161,許明財,107年縣(市)長選舉,首次申報,1070911,雜支支出,聯慶商店,47029859,0.00,1120.00,雜項購置或修繕費用,金錢,新竹市中央路****,03-5*****,
162,許明財,107年縣(市)長選舉,首次申報,1070911,交通旅運支出,昇冠加油站,70599732,0.00,117.00,油資,金錢,,,
163,許明財,107年縣(市)長選舉,首次申報,1070911,雜支支出,NPC全國加油站,73834015,0.00,100.00,汽機車燃料費用,金錢,,,
164,許明財,107年縣(市)長選舉,首次申報,1070912,雜支支出,NPC全國加油站,18211132,0.00,50.00,汽機車燃料費用,金錢,,,
165,許明財,107年縣(市)長選舉,首次申報,1070912,雜支支出,百祥加油站,23072173,0.00,50.00,汽機車燃料費用,金錢,,,
166,許明財,107年縣(市)長選舉,首次申報,1070912,雜支支出,富邦媒體科技股份有限公司,27365925,0.00,729.00,雜項購置或修繕費用,金錢,臺北市內湖區****,,
167,許明財,107年縣(市)長選舉,首次申報,1070912,雜支支出,統一超商,27949702,0.00,70.00,雜項購置或修繕費用,金錢,,,
168,許明財,107年縣(市)長選舉,首次申報,1070912,公共關係費用支出,新復珍商行,46541900,0.00,1320.00,文康活動費用,金錢,新竹市北門街****,03-5*****,
169,許明財,107年縣(市)長選舉,首次申報,1070912,雜支支出,聯慶商店,47029859,0.00,800.00,雜項購置或修繕費用,金錢,新竹市中央路****,03-5*****,
170,許明財,107年縣(市)長選舉,首次申報,1070912,雜支支出,許二姊麵食館,50576107,0.00,1100.00,餐飲費用,金錢,新竹市北門街****,03-5*****,
171,許明財,107年縣(市)長選舉,首次申報,1070912,雜支支出,燦坤實業股份有限公司新竹分公司,70759765,0.00,499.00,雜項購置或修繕費用,金錢,新竹市經國路****,,
172,許明財,107年縣(市)長選舉,首次申報,1070912,雜支支出,排骨先生便當,72757320,0.00,720.00,餐飲費用,金錢,新竹市西大路****,03-5*****,
173,許明財,107年縣(市)長選舉,首次申報,1070913,宣傳支出,宏展企業社,66860389,0.00,27600.00,租用廣告看板或車體廣告支出,金錢,新竹市西大路****,03-5*****,
174,許明財,107年縣(市)長選舉,首次申報,1070914,宣傳支出,喜威世流通(股)公司,10590315,0.00,51000.00,製作競選物品支出（瓶裝水）,金錢,桃園市大園區****,03-3*****,
175,許明財,107年縣(市)長選舉,首次申報,1070914,雜支支出,鳳翎粥飯麵食館,31645765,0.00,1050.00,餐飲費用,金錢,新竹市大庄路****,03-5*****,
176,許明財,107年縣(市)長選舉,首次申報,1070914,宣傳支出,巧馨企業社,40981296,0.00,10000.00,製作競選物品支出（筆）,金錢,新竹縣竹北市****,0932*****,
177,許明財,107年縣(市)長選舉,首次申報,1070914,租用宣傳車輛支出,長隆加油站,70694692,0.00,1809.00,宣傳車輛燃料支出,金錢,,,
178,許明財,107年縣(市)長選舉,首次申報,1070915,租用宣傳車輛支出,NPC全國加油站,18211132,0.00,698.00,宣傳車輛燃料支出,金錢,,,
179,許明財,107年縣(市)長選舉,首次申報,1070915,集會支出,承富企業社,30173099,0.00,6000.00,租用設備支出,金錢,新竹市延平路****,0927*****,
180,許明財,107年縣(市)長選舉,首次申報,1070915,雜支支出,尚恬文具商行,37850524,0.00,210.00,文具用品費用,金錢,新竹市中央路****,03-5*****,
181,許明財,107年縣(市)長選舉,首次申報,1070915,雜支支出,榮和文具行,46586201,0.00,105.00,文具用品費用,金錢,新竹市大同路****,03-5*****,
182,許明財,107年縣(市)長選舉,首次申報,1070915,集會支出,豐谷蒸飯號,46678503,0.00,2400.00,餐飲支出,金錢,新竹市竹蓮街****,03-5*****,
183,許明財,107年縣(市)長選舉,首次申報,1070915,雜支支出,和泰行,47047195,0.00,200.00,雜項購置或修繕費用,金錢,新竹市大同路****,03-5*****,
184,許明財,107年縣(市)長選舉,首次申報,1070915,集會支出,成家肉粽大王,47169133,0.00,480.00,餐飲支出,金錢,新竹市經國路****,03-5*****,
185,許明財,107年縣(市)長選舉,首次申報,1070915,雜支支出,沅豐生活館有限公司,56605987,0.00,39.00,雜項購置或修繕費用,金錢,新竹市西大路****,03-5*****,
186,許明財,107年縣(市)長選舉,首次申報,1070915,集會支出,山東饅頭店,88843224,0.00,240.00,餐飲支出,金錢,新竹市中央路****,03-5*****,
187,許明財,107年縣(市)長選舉,首次申報,1070916,雜支支出,許二姊麵食館,50576107,0.00,850.00,餐飲費用,金錢,新竹市北門街****,03-5*****,
188,許明財,107年縣(市)長選舉,首次申報,1070917,雜支支出,許二姊麵食館,50576107,0.00,650.00,餐飲費用,金錢,新竹市北門街****,03-5*****,
189,許明財,107年縣(市)長選舉,首次申報,1070917,租用宣傳車輛支出,NPC全國加油站,73834015,0.00,500.00,宣傳車輛燃料支出,金錢,,,
190,許明財,107年縣(市)長選舉,首次申報,1070918,集會支出,萬丹紅豆餅,,0.00,720.00,餐飲支出,金錢,新竹市鐵道路****,0933*****,
191,許明財,107年縣(市)長選舉,首次申報,1070918,交通旅運支出,新竹市政府停車管理處,,0.00,160.00,停車費,金錢,新竹市中央路****,,
192,許明財,107年縣(市)長選舉,首次申報,1070918,交通旅運支出,新竹市政府停車管理處,,0.00,3100.00,停車費,金錢,新竹市中正路****,,
193,許明財,107年縣(市)長選舉,首次申報,1070918,雜支支出,台灣自來水股份有限公司,02854685,0.00,233.00,水電瓦斯費用,金錢,新竹市博愛街****,,
194,許明財,107年縣(市)長選舉,首次申報,1070918,集會支出,龍珠小館,17327472,0.00,2500.00,餐飲支出,金錢,新竹縣寶山鄉****,03-5*****,
195,許明財,107年縣(市)長選舉,首次申報,1070918,雜支支出,台灣水果行,19372727,0.00,615.00,餐飲費用,金錢,新竹市北大路****,03-5*****,
196,許明財,107年縣(市)長選舉,首次申報,1070918,交通旅運支出,國雲停車,39981419,0.00,175.00,停車費,金錢,新竹市仁化街****,,
197,許明財,107年縣(市)長選舉,首次申報,1070918,集會支出,阿城號,41245704,0.00,1200.00,餐飲支出,金錢,新竹市北區中****,0933*****,
198,許明財,107年縣(市)長選舉,首次申報,1070918,集會支出,元祖郭家潤餅,46383304,0.00,1750.00,餐飲支出,金錢,新竹市城隍廟****,03-5*****,
199,許明財,107年縣(市)長選舉,首次申報,1070918,雜支支出,鄭家魚丸燕圓,47255313,0.00,1500.00,餐飲費用,金錢,新竹市中山路****,03-5*****,
200,許明財,107年縣(市)長選舉,首次申報,1070918,集會支出,石家魚丸,54787603,0.00,1500.00,餐飲支出,金錢,新竹市興學街****,,
201,許明財,107年縣(市)長選舉,首次申報,1070918,雜支支出,光南大批發連鎖店,80594996,0.00,208.00,文具用品費用,金錢,,,
202,許明財,107年縣(市)長選舉,首次申報,1070919,宣傳支出,英明街郵局,,0.00,73.00,郵寄競選物品或宣傳廣告支出,金錢,新竹市英明街****,,
203,許明財,107年縣(市)長選舉,首次申報,1070919,宣傳支出,喜威世流通(股)公司,10590315,0.00,51000.00,製作競選物品支出（瓶裝水）,金錢,桃園市大園區****,03-3*****,
204,許明財,107年縣(市)長選舉,首次申報,1070919,租用宣傳車輛支出,NPC全國加油站,18211132,0.00,500.00,宣傳車輛燃料支出,金錢,,,
205,許明財,107年縣(市)長選舉,首次申報,1070919,交通旅運支出,長隆加油站,70694692,0.00,1598.00,油資,金錢,,,
206,許明財,107年縣(市)長選舉,首次申報,1070919,公共關係費用支出,永春花苑,73833698,0.00,600.00,為民服務費用,金錢,新竹市食品路****,03-5*****,
207,許明財,107年縣(市)長選舉,首次申報,1070920,宣傳支出,喜威世流通(股)公司,10590315,0.00,85000.00,製作競選物品支出（瓶裝水）,金錢,桃園市大園區****,03-3*****,
208,許明財,107年縣(市)長選舉,首次申報,1070920,交通旅運支出,台灣中油,46038090,0.00,500.00,油資,金錢,,,
209,許明財,107年縣(市)長選舉,首次申報,1070920,租用宣傳車輛支出,NPC全國加油站,66879057,0.00,1369.00,宣傳車輛燃料支出,金錢,,,
210,許明財,107年縣(市)長選舉,首次申報,1070921,返還支出,富鎮通運有限公司,13195788,0.00,10000.00,返還,金錢,新竹市成功路****,03-5*****,
211,許明財,107年縣(市)長選舉,首次申報,1070921,公共關係費用支出,和益行,46190875,0.00,31200.00,聯誼交際費用,金錢,新竹市中山路****,03-5*****,
212,許明財,107年縣(市)長選舉,首次申報,1070921,雜支支出,鴨肉許麵食店,50707017,0.00,625.00,餐飲費用,金錢,新竹市中正路****,03-5*****,
213,許明財,107年縣(市)長選舉,首次申報,1070921,租用宣傳車輛支出,NPC全國加油站,73834015,0.00,550.00,宣傳車輛燃料支出,金錢,,,
214,許明財,107年縣(市)長選舉,首次申報,1070921,公共關係費用支出,大潤發,80030759,0.00,1400.00,聯誼交際費用,金錢,,,
215,許明財,107年縣(市)長選舉,首次申報,1070921,雜支支出,茄苳加油站,80420638,0.00,79.00,汽機車燃料費用,金錢,,,
216,許明財,107年縣(市)長選舉,首次申報,1070922,雜支支出,藝友美術社,46684300,0.00,1200.00,雜項購置或修繕費用,金錢,新竹市中央路****,03-5*****,
217,許明財,107年縣(市)長選舉,首次申報,1070923,雜支支出,台灣中油,47036438,0.00,100.00,汽機車燃料費用,金錢,,,
218,許明財,107年縣(市)長選舉,首次申報,1070923,交通旅運支出,長隆加油站,70694692,0.00,1766.00,油資,金錢,,,
219,許明財,107年縣(市)長選舉,首次申報,1070924,雜支支出,普來利實業股份有限公司新竹分公司,12910383,0.00,1499.00,雜項購置或修繕費用,金錢,新竹市經國路****,03-5*****,
220,許明財,107年縣(市)長選舉,首次申報,1070924,租用宣傳車輛支出,NPC全國加油站,18211132,0.00,500.00,宣傳車輛燃料支出,金錢,,,
221,許明財,107年縣(市)長選舉,首次申報,1070924,雜支支出,源鎰製冰廠,46571501,0.00,200.00,雜項購置或修繕費用,金錢,新竹市北大路****,03-5*****,
222,許明財,107年縣(市)長選舉,首次申報,1070924,雜支支出,沅豐生活館有限公司,56605987,0.00,170.00,雜項購置或修繕費用,金錢,新竹市西大路****,03-6*****,
223,許明財,107年縣(市)長選舉,首次申報,1070925,宣傳支出,浩暄印刷行,09928515,0.00,21000.00,製作宣傳廣告支出,金錢,新竹市國光街****,0935*****,
224,許明財,107年縣(市)長選舉,首次申報,1070925,宣傳支出,喜威世流通(股)公司,10590315,0.00,34000.00,製作競選物品支出（瓶裝水）,金錢,桃園市大園區****,03-3*****,
225,許明財,107年縣(市)長選舉,首次申報,1070926,宣傳支出,喜威世流通(股)公司,10590315,0.00,51850.00,製作競選物品支出（瓶裝水）,金錢,桃園市大園區****,03-3*****,
226,許明財,107年縣(市)長選舉,首次申報,1070927,雜支支出,普來利實業股份有限公司新竹分公司,12910383,0.00,150.00,雜項購置或修繕費用,金錢,新竹市經國路****,03-5*****,
227,許明財,107年縣(市)長選舉,首次申報,1070927,租用宣傳車輛支出,NPC全國加油站,18211132,0.00,300.00,宣傳車輛燃料支出,金錢,,,
228,許明財,107年縣(市)長選舉,首次申報,1070927,交通旅運支出,民弘加油站,23253239,0.00,1213.00,油資,金錢,,,
229,許明財,107年縣(市)長選舉,首次申報,1070927,雜支支出,中華電信新竹營運處林森服務中心,42065378,0.00,579.00,電信費用,金錢,新竹市林森路****,03-5*****,
230,許明財,107年縣(市)長選舉,首次申報,1070927,雜支支出,中華電信新竹營運處林森服務中心,42065378,0.00,579.00,電信費用,金錢,新竹市林森路****,03-5*****,
231,許明財,107年縣(市)長選舉,首次申報,1070927,雜支支出,好饌便當店,72756672,0.00,660.00,餐飲費用,金錢,新竹市西大路****,03-5*****,
232,許明財,107年縣(市)長選舉,首次申報,1070928,宣傳支出,喜威世流通(股)公司,10590315,0.00,40000.00,製作競選物品支出（瓶裝水）,金錢,桃園市大園區****,03-3*****,
233,許明財,107年縣(市)長選舉,首次申報,1070928,租用宣傳車輛支出,NPC全國加油站,18211132,0.00,200.00,宣傳車輛燃料支出,金錢,,,
234,許明財,107年縣(市)長選舉,首次申報,1070928,雜支支出,百祥加油站,23072173,0.00,98.00,汽機車燃料費用,金錢,,,
235,許明財,107年縣(市)長選舉,首次申報,1070928,租用宣傳車輛支出,宏展企業社,66860389,0.00,18000.00,租用宣傳車輛支出,金錢,新竹市西大路****,03-5*****,
236,許明財,107年縣(市)長選舉,首次申報,1070928,宣傳支出,聯利媒體股份有限公司,84305300,0.00,2000000.00,製作宣傳廣告支出,金錢,臺北市內湖區****,02-2*****,
237,許明財,107年縣(市)長選舉,首次申報,1070929,雜支支出,鳳翎粥飯麵食館,31645765,0.00,700.00,餐飲費用,金錢,新竹市大庄路****,03-5*****,
238,許明財,107年縣(市)長選舉,首次申報,1070929,交通旅運支出,台灣中油,46038090,0.00,1797.00,油資,金錢,,,
239,許明財,107年縣(市)長選舉,首次申報,1070929,雜支支出,台灣中油,46038417,0.00,94.00,汽機車燃料費用,金錢,,,
240,許明財,107年縣(市)長選舉,首次申報,1070929,雜支支出,好饌便當店,72756672,0.00,1375.00,餐飲費用,金錢,新竹市西大路****,03-5*****,
241,許明財,107年縣(市)長選舉,首次申報,1070929,租用宣傳車輛支出,NPC全國加油站,73834015,0.00,300.00,宣傳車輛燃料支出,金錢,,,
242,許明財,107年縣(市)長選舉,首次申報,1070930,公共關係費用支出,麗君鮮花店,66896062,0.00,22500.00,聯誼交際費用,金錢,新竹市中山路****,03-5*****,
243,許明財,107年縣(市)長選舉,首次申報,1071001,雜支支出,NPC全國加油站,18211132,0.00,282.00,汽機車燃料費用,金錢,,,
244,許明財,107年縣(市)長選舉,首次申報,1071002,公共關係費用支出,麗君鮮花店,66896062,0.00,13500.00,聯誼交際費用,金錢,新竹市中山路****,03-5*****,
245,許明財,107年縣(市)長選舉,首次申報,1071002,雜支支出,好饌便當店,72756672,0.00,1100.00,餐飲費用,金錢,新竹市西大路****,03-5*****,
246,許明財,107年縣(市)長選舉,首次申報,1071003,雜支支出,松竹梅食品總匯,21596414,0.00,165.00,餐飲費用,金錢,新竹市世界街****,03-5*****,
247,許明財,107年縣(市)長選舉,首次申報,1071003,雜支支出,鳳翎粥飯麵食館,31645765,0.00,1400.00,餐飲費用,金錢,新竹市大庄路****,03-5*****,
248,許明財,107年縣(市)長選舉,首次申報,1071003,雜支支出,九乘九文具,45130507,0.00,38.00,文具用品費用,金錢,,,
249,許明財,107年縣(市)長選舉,首次申報,1071003,宣傳支出,宏泰帆布社,47220455,0.00,13700.00,製作宣傳廣告支出,金錢,新竹市中華路****,03-5*****,
250,許明財,107年縣(市)長選舉,首次申報,1071003,雜支支出,中華電信股份有限公司,88849347,0.00,4385.00,電信費用,金錢,新竹市中正路****,,
251,許明財,107年縣(市)長選舉,首次申報,1071004,宣傳支出,喜威世流通(股)公司,10590315,0.00,85000.00,製作競選物品支出（瓶裝水）,金錢,桃園市大園區****,03-3*****,
252,許明財,107年縣(市)長選舉,首次申報,1071005,集會支出,大鵬新城公寓大廈管理委員會,,0.00,500.00,租用場地支出,金錢,新竹市凌雲街****,03-5*****,
253,許明財,107年縣(市)長選舉,首次申報,1071005,租用宣傳車輛支出,NPC全國加油站,18211138,0.00,700.00,宣傳車輛燃料支出,金錢,,,
254,許明財,107年縣(市)長選舉,首次申報,1071005,雜支支出,NPC全國加油站,18211138,0.00,50.00,汽機車燃料費用,金錢,,,
255,許明財,107年縣(市)長選舉,首次申報,1071005,雜支支出,台灣文具王股份有限公司,54786597,0.00,199.00,文具用品費用,金錢,新竹市東大路****,03-5*****,
256,許明財,107年縣(市)長選舉,首次申報,1071005,交通旅運支出,昇冠加油站,70599732,0.00,1770.00,油資,金錢,,,
257,許明財,107年縣(市)長選舉,首次申報,1071006,雜支支出,松德塑膠商行,02890346,0.00,500.00,雜項購置或修繕費用,金錢,新竹市中山路****,03-5*****,
258,許明財,107年縣(市)長選舉,首次申報,1071006,雜支支出,NPC全國加油站,18211183,0.00,100.00,汽機車燃料費用,金錢,,,
259,許明財,107年縣(市)長選舉,首次申報,1071006,集會支出,豐谷蒸飯號,46678503,0.00,600.00,餐飲支出,金錢,新竹市竹蓮街****,03-5*****,
260,許明財,107年縣(市)長選舉,首次申報,1071006,集會支出,好饌便當店,72746672,0.00,2750.00,餐飲支出,金錢,新竹市西大路****,03-5*****,
261,許明財,107年縣(市)長選舉,首次申報,1071006,集會支出,好饌便當店,72756672,0.00,1650.00,餐飲支出,金錢,新竹市西大路****,03-5*****,
262,許明財,107年縣(市)長選舉,首次申報,1071006,集會支出,好饌便當店,72756672,0.00,5500.00,餐飲支出,金錢,新竹市西大路****,03-5*****,
263,許明財,107年縣(市)長選舉,首次申報,1071006,集會支出,山東饅頭店,88843224,0.00,600.00,餐飲支出,金錢,新竹市中央路****,03-5*****,
264,許明財,107年縣(市)長選舉,首次申報,1071007,雜支支出,普來利實業股份有限公司新竹分公司,12910383,0.00,150.00,雜項購置或修繕費用,金錢,新竹市經國路****,03-5*****,
265,許明財,107年縣(市)長選舉,首次申報,1071007,雜支支出,公園加油站,22999288,0.00,145.00,汽機車燃料費用,金錢,,,
266,許明財,107年縣(市)長選舉,首次申報,1071007,雜支支出,祥順螺絲行,66860732,0.00,400.00,雜項購置或修繕費用,金錢,新竹市林森路****,03-5*****,
267,許明財,107年縣(市)長選舉,首次申報,1071008,集會支出,公學新城(甲)管委會,,0.00,1200.00,租用場地支出,金錢,新竹市建中一****,03-5*****,
268,許明財,107年縣(市)長選舉,首次申報,1071008,租用宣傳車輛支出,永富加油站,16383854,0.00,100.00,宣傳車輛燃料支出,金錢,,,
269,許明財,107年縣(市)長選舉,首次申報,1071008,雜支支出,NPC全國加油站,18211138,0.00,47.00,汽機車燃料費用,金錢,,,
270,許明財,107年縣(市)長選舉,首次申報,1071008,雜支支出,松竹梅食品總匯,21596414,0.00,275.00,餐飲費用,金錢,新竹市世界街****,03-5*****,
271,許明財,107年縣(市)長選舉,首次申報,1071009,集會支出,一力佳包子饅頭專賣店,10023039,0.00,4000.00,餐飲支出,金錢,新竹市中央路****,03-5*****,
272,許明財,107年縣(市)長選舉,首次申報,1071009,雜支支出,聯慶商店,47029859,0.00,100.00,雜項購置或修繕費用,金錢,新竹市中央路****,03-5*****,
273,許明財,107年縣(市)長選舉,首次申報,1071009,公共關係費用支出,鴻展花店,66867427,0.00,3000.00,聯誼交際費用,金錢,新竹市建美路****,03-5*****,
274,許明財,107年縣(市)長選舉,首次申報,1071009,租用宣傳車輛支出,NPC全國加油站,73834015,0.00,500.00,宣傳車輛燃料支出,金錢,,,
275,許明財,107年縣(市)長選舉,首次申報,1071009,雜支支出,中華電信股份有限公司,88849347,0.00,721.00,網際網路費用,金錢,新竹市中正路****,,
276,許明財,107年縣(市)長選舉,首次申報,1071009,雜支支出,拾元屋五金百貨,99764767,0.00,620.00,雜項購置或修繕費用,金錢,新竹市水田街****,03-5*****,
277,許明財,107年縣(市)長選舉,首次申報,1071009,集會支出,瑞陽行,99786609,0.00,660.00,餐飲支出,金錢,新竹市果菜市****,03-5*****,
278,許明財,107年縣(市)長選舉,首次申報,1071010,雜支支出,牛小排,02858465,0.00,1750.00,餐飲費用,金錢,新竹市東大路****,03-5*****,
279,許明財,107年縣(市)長選舉,首次申報,1071010,雜支支出,NPC全國加油站,18211138,0.00,100.00,汽機車燃料費用,金錢,,,
280,許明財,107年縣(市)長選舉,首次申報,1071010,雜支支出,東家快餐,42053730,0.00,6070.00,餐飲費用,金錢,新竹市經國路****,03-5*****,
281,許明財,107年縣(市)長選舉,首次申報,1071010,雜支支出,大莊商行,46361300,0.00,385.00,雜項購置或修繕費用,金錢,新竹市士林零****,03-5*****,
282,許明財,107年縣(市)長選舉,首次申報,1071010,雜支支出,長隆加油站,70694692,0.00,1952.00,汽機車燃料費用,金錢,,,
283,許明財,107年縣(市)長選舉,首次申報,1071011,租用宣傳車輛支出,NPC全國加油站,18211132,0.00,500.00,宣傳車輛燃料支出,金錢,,,
284,許明財,107年縣(市)長選舉,首次申報,1071011,雜支支出,好饌便當店,72756672,0.00,1925.00,餐飲費用,金錢,新竹市西大路****,03-5*****,
285,許明財,107年縣(市)長選舉,首次申報,1071012,集會支出,聯興快餐,,0.00,30000.00,餐飲支出,金錢,新竹縣竹北市****,0920*****,
286,許明財,107年縣(市)長選舉,首次申報,1071012,雜支支出,晨鳴商行,13877833,0.00,1860.00,餐飲費用,金錢,新竹市經國路****,03-5*****,
287,許明財,107年縣(市)長選舉,首次申報,1071012,雜支支出,NPC全國加油站,18211132,0.00,50.00,汽機車燃料費用,金錢,,,
288,許明財,107年縣(市)長選舉,首次申報,1071012,雜支支出,欣創意企業有限公司,28617863,0.00,400.00,雜項購置或修繕費用,金錢,新竹市光復路****,03-5*****,
289,許明財,107年縣(市)長選舉,首次申報,1071012,集會支出,承富企業社,30173099,0.00,31120.00,租用設備支出,金錢,新竹市延平路****,0927*****,
290,許明財,107年縣(市)長選舉,首次申報,1071012,雜支支出,鳳翎粥飯麵食館,31645765,0.00,1330.00,餐飲費用,金錢,新竹市大庄路****,03-5*****,
291,許明財,107年縣(市)長選舉,首次申報,1071012,雜支支出,大樹賣場,88845671,0.00,15.00,雜項購置或修繕費用,金錢,新竹市北大路****,03-5*****,
292,許明財,107年縣(市)長選舉,首次申報,1071013,雜支支出,荷風素食屋,37851256,0.00,180.00,餐飲費用,金錢,新竹市北大路****,03-5*****,
293,許明財,107年縣(市)長選舉,首次申報,1071014,雜支支出,如祥結緣素食,,0.00,200.00,餐飲費用,金錢,新竹市牛埔東****,03-5*****,
294,許明財,107年縣(市)長選舉,首次申報,1071014,雜支支出,公園加油站,22999288,0.00,50.00,汽機車燃料費用,金錢,,,
295,許明財,107年縣(市)長選舉,首次申報,1071015,宣傳支出,喜威世流通(股)公司,10590315,0.00,85000.00,製作競選物品支出（瓶裝水）,金錢,桃園市大園區****,03-3*****,
296,許明財,107年縣(市)長選舉,首次申報,1071015,租用宣傳車輛支出,NPC全國加油站,18211138,0.00,400.00,宣傳車輛燃料支出,金錢,,,
297,許明財,107年縣(市)長選舉,首次申報,1071015,雜支支出,台灣中油,46038090,0.00,120.00,汽機車燃料費用,金錢,,,
298,許明財,107年縣(市)長選舉,首次申報,1071015,雜支支出,好饌便當店,72756672,0.00,1650.00,餐飲費用,金錢,新竹市西大路****,03-5*****,
299,許明財,107年縣(市)長選舉,首次申報,1071016,集會支出,新竹市華夏金城公寓大廈管理委員會,,0.00,3000.00,租用場地支出,金錢,新竹市金城一****,03-5*****,
300,許明財,107年縣(市)長選舉,首次申報,1071016,雜支支出,圓心素食,26156246,0.00,360.00,餐飲費用,金錢,新竹市水田街****,03-5*****,
301,許明財,107年縣(市)長選舉,首次申報,1071017,雜支支出,如祥結緣素食,,0.00,120.00,餐飲費用,金錢,新竹市牛埔東****,03-5*****,
302,許明財,107年縣(市)長選舉,首次申報,1071017,租用宣傳車輛支出,NPC全國加油站,73834015,0.00,700.00,宣傳車輛燃料支出,金錢,,,
303,許明財,107年縣(市)長選舉,首次申報,1071018,雜支支出,鳳翎粥飯麵食館,31655765,0.00,700.00,餐飲費用,金錢,新竹市大庄路****,03-5*****,
304,許明財,107年縣(市)長選舉,首次申報,1071019,雜支支出,鳳翎粥飯麵食館,31645765,0.00,350.00,餐飲費用,金錢,新竹市大庄路****,03-5*****,
305,許明財,107年縣(市)長選舉,首次申報,1071019,租用宣傳車輛支出,恒明機車行,47165994,0.00,300.00,維修宣傳車輛支出,金錢,新竹市東大路****,03-5*****,
306,許明財,107年縣(市)長選舉,首次申報,1071019,雜支支出,昇冠加油站,70599732,0.00,85.00,汽機車燃料費用,金錢,,,
307,許明財,107年縣(市)長選舉,首次申報,1071019,雜支支出,好饌便當店,72756672,0.00,1925.00,餐飲費用,金錢,新竹市西大路****,03-5*****,
308,許明財,107年縣(市)長選舉,首次申報,1071019,雜支支出,光南大批發,80594996,0.00,567.00,文具用品費用,金錢,,,
309,許明財,107年縣(市)長選舉,首次申報,1071020,雜支支出,牛小排,02858465,0.00,2100.00,餐飲費用,金錢,新竹市東大路****,03-5*****,
310,許明財,107年縣(市)長選舉,首次申報,1071020,交通旅運支出,百祥加油站,23072173,0.00,200.00,油資,金錢,,,
311,許明財,107年縣(市)長選舉,首次申報,1071020,租用宣傳車輛支出,民弘加油站,23253239,0.00,1000.00,宣傳車輛燃料支出,金錢,,,
312,許明財,107年縣(市)長選舉,首次申報,1071020,雜支支出,台灣中油,46038090,0.00,100.00,汽機車燃料費用,金錢,,,
313,許明財,107年縣(市)長選舉,首次申報,1071020,租用宣傳車輛支出,長隆加油站,70694692,0.00,1859.00,宣傳車輛燃料支出,金錢,,,
314,許明財,107年縣(市)長選舉,首次申報,1071021,雜支支出,山東家味麵食館,13862395,0.00,1200.00,餐飲費用,金錢,新竹市建中一****,03-5*****,
315,許明財,107年縣(市)長選舉,首次申報,1071021,雜支支出,鳳翎粥飯麵食館,31645765,0.00,700.00,餐飲費用,金錢,新竹市大庄路****,03-5*****,
316,許明財,107年縣(市)長選舉,首次申報,1071022,雜支支出,NPC全國加油站,14818257,0.00,65.00,汽機車燃料費用,金錢,,,
317,許明財,107年縣(市)長選舉,首次申報,1071022,集會支出,承富企業社,30173099,0.00,12600.00,租用設備支出,金錢,新竹市延平路****,0927*****,
318,許明財,107年縣(市)長選舉,首次申報,1071022,公共關係費用支出,信如商行,39985013,0.00,1200.00,聯誼交際費用,金錢,新竹市西安街****,03-5*****,
319,許明財,107年縣(市)長選舉,首次申報,1071022,租用宣傳車輛支出,台灣中油,47036438,0.00,1552.00,宣傳車輛燃料支出,金錢,,,
320,許明財,107年縣(市)長選舉,首次申報,1071022,雜支支出,好饌便當店,72756672,0.00,825.00,餐飲費用,金錢,新竹市西大路****,03-5*****,
321,許明財,107年縣(市)長選舉,首次申報,1071023,雜支支出,荷風素食屋,37851256,0.00,210.00,餐飲費用,金錢,新竹市北大路****,03-5*****,
322,許明財,107年縣(市)長選舉,首次申報,1071023,公共關係費用支出,信如商行,39985013,0.00,1200.00,聯誼交際費用,金錢,新竹市西安街****,03-5*****,
323,許明財,107年縣(市)長選舉,首次申報,1071024,交通旅運支出,新竹市政府停車管理處,,0.00,520.00,停車費,金錢,新竹市中正路****,,
324,許明財,107年縣(市)長選舉,首次申報,1071024,交通旅運支出,新竹市政府停車管理處,,0.00,260.00,停車費,金錢,新竹市中正路****,,
325,許明財,107年縣(市)長選舉,首次申報,1071024,公共關係費用支出,錫勳食堂,46017503,0.00,748.00,聯誼交際費用,金錢,新竹市南門街****,03-5*****,
326,許明財,107年縣(市)長選舉,首次申報,1071024,雜支支出,聯慶商行,47029859,0.00,1200.00,雜項購置或修繕費用,金錢,新竹市中央路****,03-5*****,
327,許明財,107年縣(市)長選舉,首次申報,1071024,租用宣傳車輛支出,長隆加油站,70694692,0.00,1779.00,宣傳車輛燃料支出,金錢,,,
328,許明財,107年縣(市)長選舉,首次申報,1071024,雜支支出,好饌便當店,72756672,0.00,1100.00,餐飲費用,金錢,新竹市西大路****,03-5*****,
329,許明財,107年縣(市)長選舉,首次申報,1071025,雜支支出,NPC全國加油站,18211138,0.00,450.00,汽機車燃料費用,金錢,,,
330,許明財,107年縣(市)長選舉,首次申報,1071025,雜支支出,沅豐生活館有限公司,56605987,0.00,64.00,文具用品費用,金錢,新竹市西大路****,03-6*****,
331,許明財,107年縣(市)長選舉,首次申報,1071025,雜支支出,中華電信股份有限公司,88849347,0.00,245.00,電信費用,金錢,新竹市中正路****,,
332,許明財,107年縣(市)長選舉,首次申報,1071025,雜支支出,中華電信股份有限公司,88849347,0.00,245.00,電信費用,金錢,新竹市中正路****,,
333,許明財,107年縣(市)長選舉,首次申報,1071026,雜支支出,台灣中油,47036438,0.00,100.00,汽機車燃料費用,金錢,,,
334,許明財,107年縣(市)長選舉,首次申報,1071026,雜支支出,NPC全國加油站,73834015,0.00,56.00,汽機車燃料費用,金錢,,,
335,許明財,107年縣(市)長選舉,首次申報,1071026,宣傳支出,新竹振道有線電視股份有限公司,97162178,0.00,1630000.00,播送、傳送或刊登宣傳廣告支出,金錢,新竹市中華路****,03-5*****,
336,許明財,107年縣(市)長選舉,首次申報,1071026,雜支支出,拾元屋五金百貨,99764767,0.00,40.00,雜項購置或修繕費用,金錢,新竹市水田街****,03-5*****,
337,許明財,107年縣(市)長選舉,首次申報,1071028,雜支支出,NPC全國加油站,18211183,0.00,85.00,汽機車燃料費用,金錢,,,
338,許明財,107年縣(市)長選舉,首次申報,1071028,集會支出,圓心素食,26156246,0.00,1200.00,餐飲支出,金錢,新竹市水田街****,03-5*****,
339,許明財,107年縣(市)長選舉,首次申報,1071028,集會支出,真鮮味餐飲店,34937576,0.00,7500.00,餐飲支出,金錢,新竹市中正路****,03-5*****,
340,許明財,107年縣(市)長選舉,首次申報,1071028,雜支支出,台灣中油,47036438,0.00,100.00,汽機車燃料費用,金錢,,,
341,許明財,107年縣(市)長選舉,首次申報,1071029,宣傳支出,喜威世流通(股)公司,10590315,0.00,85000.00,製作競選物品支出（瓶裝水）,金錢,桃園市大園區****,03-3*****,
342,許明財,107年縣(市)長選舉,首次申報,1071029,租用宣傳車輛支出,NPC全國加油站,18211132,0.00,500.00,宣傳車輛燃料支出,金錢,,,
343,許明財,107年縣(市)長選舉,首次申報,1071029,雜支支出,松竹梅食品總匯,21596414,0.00,335.00,餐飲費用,金錢,新竹市世界街****,03-5*****,
344,許明財,107年縣(市)長選舉,首次申報,1071029,雜支支出,台灣中油光復路站,47149030,0.00,134.00,汽機車燃料費用,金錢,,,
345,許明財,107年縣(市)長選舉,首次申報,1071029,租用宣傳車輛支出,宏展企業社,66860389,0.00,18000.00,租用宣傳車輛支出,金錢,新竹市西大路****,03-5*****,
346,許明財,107年縣(市)長選舉,首次申報,1071029,交通旅運支出,台糖加油站,87981472,0.00,1000.00,油資,金錢,,,
347,許明財,107年縣(市)長選舉,首次申報,1071030,雜支支出,NPC全國加油站,18211138,0.00,55.00,汽機車燃料費用,金錢,,,
348,許明財,107年縣(市)長選舉,首次申報,1071030,租用宣傳車輛支出,台灣中油,46038090,0.00,1811.00,宣傳車輛燃料支出,金錢,,,
349,許明財,107年縣(市)長選舉,首次申報,1071030,雜支支出,台灣中油,47036438,0.00,100.00,汽機車燃料費用,金錢,,,
350,許明財,107年縣(市)長選舉,首次申報,1071030,雜支支出,光南大批發,80594996,0.00,40.00,文具用品費用,金錢,,,
351,許明財,107年縣(市)長選舉,首次申報,1071031,宣傳支出,喜威世流通(股)公司,10590315,0.00,34000.00,製作競選物品支出（瓶裝水）,金錢,桃園市大園區****,03-3*****,
352,許明財,107年縣(市)長選舉,首次申報,1071031,宣傳支出,威亞策略顧問股份有限公司,27987091,0.00,31500.00,發送電信簡訊支出,金錢,臺北市青島東****,02-2*****,
353,許明財,107年縣(市)長選舉,首次申報,1071031,雜支支出,荷風素食屋,37851256,0.00,205.00,餐飲費用,金錢,新竹市北大路****,03-5*****,
354,許明財,107年縣(市)長選舉,首次申報,1071031,租用宣傳車輛支出,恒明機車行,47165994,0.00,300.00,維修宣傳車輛支出,金錢,新竹市東大路****,03-5*****,
355,許明財,107年縣(市)長選舉,首次申報,1071101,交通旅運支出,新竹市政府停車管理處,,0.00,80.00,停車費,金錢,新竹市中正路****,,
356,許明財,107年縣(市)長選舉,首次申報,1071101,交通旅運支出,新竹市政府停車管理處,,0.00,820.00,停車費,金錢,新竹市中正路****,,
357,許明財,107年縣(市)長選舉,首次申報,1071101,雜支支出,新合昌蔘藥行,,0.00,420.00,雜項購置或修繕費用,金錢,新竹市中山路****,03-5*****,
358,許明財,107年縣(市)長選舉,首次申報,1071101,交通旅運支出,新竹市政府停車管理處,,0.00,440.00,停車費,金錢,新竹市中正路****,,
359,許明財,107年縣(市)長選舉,首次申報,1071101,雜支支出,NPC全國加油站,18211132,0.00,269.00,汽機車燃料費用,金錢,,,
360,許明財,107年縣(市)長選舉,首次申報,1071101,雜支支出,NPC全國加油站,18211132,0.00,200.00,汽機車燃料費用,金錢,,,
361,許明財,107年縣(市)長選舉,首次申報,1071101,雜支支出,台灣中油,47149030,0.00,100.00,汽機車燃料費用,金錢,,,
362,許明財,107年縣(市)長選舉,首次申報,1071101,宣傳支出,宏泰帆布社,47220455,0.00,9800.00,製作宣傳廣告支出,金錢,新竹市中華路****,03-5*****,
363,許明財,107年縣(市)長選舉,首次申報,1071101,租用宣傳車輛支出,昇冠加油站,70599732,0.00,1702.00,宣傳車輛燃料支出,金錢,,,
364,許明財,107年縣(市)長選舉,首次申報,1071102,雜支支出,NPC全國加油站,1811132,0.00,100.00,汽機車燃料費用,金錢,,,
365,許明財,107年縣(市)長選舉,首次申報,1071102,雜支支出,NPC全國加油站,18211132,0.00,84.00,汽機車燃料費用,金錢,,,
366,許明財,107年縣(市)長選舉,首次申報,1071102,交通旅運支出,台灣中油光復路站,47149030,0.00,500.00,油資,金錢,,,
367,許明財,107年縣(市)長選舉,首次申報,1071102,租用宣傳車輛支出,長隆加油站,70694692,0.00,1536.00,宣傳車輛燃料支出,金錢,新竹市東大路****,03-5*****,
368,許明財,107年縣(市)長選舉,首次申報,1071102,雜支支出,好饌便當店,72756672,0.00,1100.00,餐飲費用,金錢,新竹市西大路****,03-5*****,
369,許明財,107年縣(市)長選舉,首次申報,1071103,雜支支出,台灣中油,47036438,0.00,100.00,汽機車燃料費用,金錢,,,
370,許明財,107年縣(市)長選舉,首次申報,1071103,公共關係費用支出,麗君鮮花店,66896062,0.00,1500.00,聯誼交際費用,金錢,新竹市中山路****,03-5*****,
371,許明財,107年縣(市)長選舉,首次申報,1071104,集會支出,東家快餐,42053730,0.00,12000.00,餐飲支出,金錢,新竹市經國路****,03-5*****,
372,許明財,107年縣(市)長選舉,首次申報,1071104,租用宣傳車輛支出,NPC全國加油站,73834015,0.00,900.00,宣傳車輛燃料支出,金錢,,,
373,許明財,107年縣(市)長選舉,首次申報,1071105,雜支支出,中華電信股份有限公司,88849347,0.00,1513.00,電信費用,金錢,新竹市中正路****,,
374,許明財,107年縣(市)長選舉,首次申報,1071105,雜支支出,中華電信股份有限公司,88849347,0.00,1513.00,電信費用,金錢,新竹市中正路****,,
375,許明財,107年縣(市)長選舉,首次申報,1071105,雜支支出,中華電信股份有限公司,88849347,0.00,3870.00,電信費用,金錢,新竹市中正路****,,
376,許明財,107年縣(市)長選舉,首次申報,1071106,雜支支出,台灣中油,47036438,0.00,100.00,汽機車燃料費用,金錢,,,
377,許明財,107年縣(市)長選舉,首次申報,1071106,雜支支出,台灣中油,47036438,0.00,105.00,汽機車燃料費用,金錢,,,
378,許明財,107年縣(市)長選舉,首次申報,1071106,雜支支出,祥順螺絲行,66860732,0.00,450.00,雜項購置或修繕費用,金錢,新竹市林森路****,03-5*****,
379,許明財,107年縣(市)長選舉,首次申報,1071106,租用宣傳車輛支出,茄苳加油站,80420638,0.00,1308.00,宣傳車輛燃料支出,金錢,,,
380,許明財,107年縣(市)長選舉,首次申報,1071107,宣傳支出,中華郵政新竹東園郵局,,0.00,560.00,郵寄競選物品或宣傳廣告支出,金錢,新竹市忠孝路****,,
381,許明財,107年縣(市)長選舉,首次申報,1071107,宣傳支出,台灣廣播股份有限公司,04191494,0.00,40000.00,播送、傳送或刊登宣傳廣告支出,金錢,臺北市中正區****,02-2*****,
382,許明財,107年縣(市)長選舉,首次申報,1071107,雜支支出,鳳翎粥飯麵食館,31645765,0.00,1050.00,餐飲費用,金錢,新竹市大庄路****,03-5*****,
383,許明財,107年縣(市)長選舉,首次申報,1071108,雜支支出,民弘加油站,23253239,0.00,130.00,汽機車燃料費用,金錢,,,
384,許明財,107年縣(市)長選舉,首次申報,1071108,公共關係費用支出,信如商行,39985013,0.00,1200.00,聯誼交際費用,金錢,新竹市西安街****,03-5*****,
385,許明財,107年縣(市)長選舉,首次申報,1071108,雜支支出,台灣中油,47036438,0.00,98.00,汽機車燃料費用,金錢,,,
386,許明財,107年縣(市)長選舉,首次申報,1071108,雜支支出,台灣中油,47036438,0.00,90.00,汽機車燃料費用,金錢,,,
387,許明財,107年縣(市)長選舉,首次申報,1071108,雜支支出,台灣中油,47036438,0.00,65.00,汽機車燃料費用,金錢,,,
388,許明財,107年縣(市)長選舉,首次申報,1071109,宣傳支出,國幸廣告有限公司,12699656,0.00,189945.00,租用廣告看板或車體廣告支出,金錢,臺北市大同區****,02-2*****,
389,許明財,107年縣(市)長選舉,首次申報,1071110,交通旅運支出,新竹市政府停車管理處,,0.00,120.00,停車費,金錢,新竹市中正路****,,
390,許明財,107年縣(市)長選舉,首次申報,1071111,雜支支出,台灣中油,47036438,0.00,133.00,汽機車燃料費用,金錢,,,
391,許明財,107年縣(市)長選舉,首次申報,1071111,雜支支出,台灣中油,47036438,0.00,105.00,汽機車燃料費用,金錢,,,
392,許明財,107年縣(市)長選舉,首次申報,1071111,雜支支出,台灣中油,47108066,0.00,100.00,汽機車燃料費用,金錢,,,
393,許明財,107年縣(市)長選舉,首次申報,1071112,宣傳支出,喜威市流通(股)公司,10590315,0.00,85000.00,製作競選物品支出（瓶裝水）,金錢,桃園市大園區****,03-3*****,
394,許明財,107年縣(市)長選舉,首次申報,1071112,雜支支出,金海商行,46644005,0.00,285.00,餐飲費用,金錢,新竹市自由路****,,
395,許明財,107年縣(市)長選舉,首次申報,1071112,宣傳支出,文益印刷商行,47179929,0.00,5506.00,製作競選物品支出（文宣印刷）,金錢,新竹市城北街****,03-5*****,
396,許明財,107年縣(市)長選舉,首次申報,1071113,公共關係費用支出,高永展行,41169564,0.00,3500.00,文康活動費用,金錢,新竹縣湖口鄉****,0926*****,
397,許明財,107年縣(市)長選舉,首次申報,1071113,雜支支出,台灣中油光復路站,47149030,0.00,104.00,汽機車燃料費用,金錢,,,
398,許明財,107年縣(市)長選舉,首次申報,1071114,雜支支出,台灣中油,47036438,0.00,88.00,汽機車燃料費用,金錢,,,
399,許明財,107年縣(市)長選舉,首次申報,1071114,宣傳支出,白紗科技印刷股份有限公司,70730281,0.00,12852.00,製作競選物品支出（文宣印刷）,金錢,臺中市太平區****,04-3*****,
400,許明財,107年縣(市)長選舉,首次申報,1071114,雜支支出,一二三燒肉飯,72755245,0.00,1440.00,餐飲費用,金錢,新竹市西大路****,03-5*****,
401,許明財,107年縣(市)長選舉,首次申報,1071114,宣傳支出,新竹武昌街郵局,80771367,0.00,5518.00,郵寄競選物品或宣傳廣告支出,金錢,新竹市武昌街****,,
402,許明財,107年縣(市)長選舉,首次申報,1071114,宣傳支出,新竹武昌街郵局,80771367,0.00,28368.00,郵寄競選物品或宣傳廣告支出,金錢,新竹市武昌街****,,
403,許明財,107年縣(市)長選舉,首次申報,1071115,交通旅運支出,新竹市政府停車管理處,,0.00,1880.00,停車費,金錢,新竹市中正路****,,
404,許明財,107年縣(市)長選舉,首次申報,1071115,交通旅運支出,新竹市政府停車管理處,,0.00,620.00,停車費,金錢,新竹市中正路****,,
405,許明財,107年縣(市)長選舉,首次申報,1071115,雜支支出,山東家味麵食館,13862395,0.00,1280.00,餐飲費用,金錢,新竹市建中一****,03-5*****,
406,許明財,107年縣(市)長選舉,首次申報,1071115,雜支支出,延平加油站,31782795,0.00,98.00,汽機車燃料費用,金錢,,,
407,許明財,107年縣(市)長選舉,首次申報,1071115,雜支支出,台灣中油,47036438,0.00,90.00,汽機車燃料費用,金錢,,,
408,許明財,107年縣(市)長選舉,首次申報,1071115,宣傳支出,真晨報業有限公司,53245927,0.00,30000.00,播送、傳送或刊登宣傳廣告支出,金錢,高雄市鼓山區****,07-5*****,
409,許明財,107年縣(市)長選舉,首次申報,1071116,雜支支出,NPC全國加油站,19384189,0.00,68.00,汽機車燃料費用,金錢,,,
410,許明財,107年縣(市)長選舉,首次申報,1071116,租用宣傳車輛支出,全國加油站,19384189,0.00,135.00,宣傳車輛燃料支出,金錢,,,
411,許明財,107年縣(市)長選舉,首次申報,1071116,雜支支出,台灣中油,47036438,0.00,85.00,汽機車燃料費用,金錢,,,
412,許明財,107年縣(市)長選舉,首次申報,1071117,雜支支出,台灣中油,47036438,0.00,100.00,汽機車燃料費用,金錢,,,
413,許明財,107年縣(市)長選舉,首次申報,1071117,宣傳支出,慧鈐打字影印行,66899716,0.00,700.00,製作競選物品支出（文宣影印）,金錢,新竹市大同路****,03-5*****,
414,許明財,107年縣(市)長選舉,首次申報,1071118,雜支支出,百祥加油站,23072173,0.00,100.00,汽機車燃料費用,金錢,,,
415,許明財,107年縣(市)長選舉,首次申報,1071118,集會支出,承富企業社,30173099,0.00,26000.00,租用設備支出,金錢,新竹市延平路****,0927*****,
416,許明財,107年縣(市)長選舉,首次申報,1071118,雜支支出,台灣中油,46038090,0.00,99.00,汽機車燃料費用,金錢,,,
417,許明財,107年縣(市)長選舉,首次申報,1071118,雜支支出,台灣中油,47036438,0.00,90.00,汽機車燃料費用,金錢,,,
418,許明財,107年縣(市)長選舉,首次申報,1071118,租用宣傳車輛支出,全國加油站,66879057,0.00,100.00,宣傳車輛燃料支出,金錢,,,
419,許明財,107年縣(市)長選舉,首次申報,1071119,租用宣傳車輛支出,民弘加油站,23253239,0.00,1000.00,宣傳車輛燃料支出,金錢,,,
420,許明財,107年縣(市)長選舉,首次申報,1071119,雜支支出,NPC全國加油站,66879057,0.00,100.00,汽機車燃料費用,金錢,,,
421,許明財,107年縣(市)長選舉,首次申報,1071119,宣傳支出,白紗科技印刷股份有限公司,70730281,0.00,5229.00,製作競選物品支出（文宣印刷）,金錢,臺中市太平區****,04-3*****,
422,許明財,107年縣(市)長選舉,首次申報,1071119,宣傳支出,新竹武昌街郵局,80771367,0.00,14904.00,郵寄競選物品或宣傳廣告支出,金錢,新竹市武昌街****,,
423,許明財,107年縣(市)長選舉,首次申報,1071120,交通旅運支出,新竹市政府停車管理處,,0.00,40.00,停車費,金錢,新竹市中央路****,,
424,許明財,107年縣(市)長選舉,首次申報,1071120,租用競選辦事處支出,台灣水泥股份有限公司,11913502,0.00,105000.00,租用競選辦事處費用,金錢,臺北市中山北****,02-2*****,
425,許明財,107年縣(市)長選舉,首次申報,1071120,宣傳支出,中國電視事業股份有限公司,18556774,0.00,367500.00,播送、傳送或刊登宣傳廣告支出,金錢,臺北市南港區****,02-2*****,
426,許明財,107年縣(市)長選舉,首次申報,1071120,返還支出,達利建設有限公司,24225367,0.00,20000.00,返還,金錢,新竹縣芎林鄉****,0936*****,
427,許明財,107年縣(市)長選舉,首次申報,1071120,租用宣傳車輛支出,台灣中油,46056505,0.00,105.00,宣傳車輛燃料支出,金錢,,,
428,許明財,107年縣(市)長選舉,首次申報,1071120,雜支支出,台灣中油,47036438,0.00,95.00,汽機車燃料費用,金錢,,,
429,許明財,107年縣(市)長選舉,首次申報,1071120,返還支出,達美開發建設有限公司,56147012,0.00,70000.00,返還,金錢,新竹縣芎林鄉****,03-5*****,
430,許明財,107年縣(市)長選舉,首次申報,1071120,雜支支出,沅豐生活館有限公司,56605987,0.00,395.00,雜項購置或修繕費用,金錢,新竹市西大路****,03-6*****,
431,許明財,107年縣(市)長選舉,首次申報,1071120,雜支支出,秉協電機企業有限公司,84183778,0.00,1922.00,雜項購置或修繕費用,金錢,新竹市明湖路****,03-5*****,
432,許明財,107年縣(市)長選舉,首次申報,1071120,返還支出,晴美營造有限公司,84983223,0.00,50000.00,返還,金錢,新竹縣芎林鄉****,0936*****,
433,許明財,107年縣(市)長選舉,首次申報,1071121,雜支支出,中華電信新竹營運處,02924015,0.00,184.00,電信費用,金錢,新竹市中正路****,03-5*****,
434,許明財,107年縣(市)長選舉,首次申報,1071121,雜支支出,中華電信新竹營運處,02924015,0.00,184.00,電信費用,金錢,新竹市中正路****,03-5*****,
435,許明財,107年縣(市)長選舉,首次申報,1071121,雜支支出,和信號,21559092,0.00,1200.00,雜項購置或修繕費用,金錢,新竹市長和街****,03-5*****,
436,許明財,107年縣(市)長選舉,首次申報,1071121,租用宣傳車輛支出,台灣中油,47036438,0.00,108.00,宣傳車輛燃料支出,金錢,,,
437,許明財,107年縣(市)長選舉,首次申報,1071121,雜支支出,北門豆漿,78255210,0.00,810.00,餐飲費用,金錢,新竹市北大路****,03-5*****,
438,許明財,107年縣(市)長選舉,首次申報,1071121,宣傳支出,新新聞報社,99061210,0.00,25000.00,播送、傳送或刊登宣傳廣告支出,金錢,新竹市中華路****,03-5*****,
439,許明財,107年縣(市)長選舉,首次申報,1071123,集會支出,新竹市政府環保局,,0.00,3000.00,清潔整理支出,金錢,新竹市海濱路****,,
440,許明財,107年縣(市)長選舉,首次申報,1071123,雜支支出,台亞石油,41201699,0.00,100.00,汽機車燃料費用,金錢,,,
441,許明財,107年縣(市)長選舉,首次申報,1071123,租用宣傳車輛支出,台灣中油,47036438,0.00,90.00,宣傳車輛燃料支出,金錢,,,
442,許明財,107年縣(市)長選舉,首次申報,1071123,雜支支出,雲隆青果行,50702126,0.00,1235.00,拜拜水果,金錢,新竹市新源街****,03-5*****,
443,許明財,107年縣(市)長選舉,首次申報,1071123,雜支支出,富而美早餐,66896318,0.00,1375.00,餐飲費用,金錢,新竹市世界街****,03-5*****,
444,許明財,107年縣(市)長選舉,首次申報,1071123,集會支出,太春行,66899498,0.00,3500.00,餐飲支出,金錢,新竹市經國路****,03-5*****,
445,許明財,107年縣(市)長選舉,首次申報,1071123,雜支支出,好饌便當店,72756672,0.00,1100.00,餐飲費用,金錢,新竹市西大路****,03-5*****,
446,許明財,107年縣(市)長選舉,首次申報,1071123,集會支出,豐田海產店,77996150,0.00,90000.00,餐飲支出,金錢,新竹市延平路****,0921*****,
447,許明財,107年縣(市)長選舉,首次申報,1071123,雜支支出,統一超商,80350746,0.00,789.00,雜項購置或修繕費用,金錢,,,
448,許明財,107年縣(市)長選舉,首次申報,1071123,宣傳支出,東森電視,86121480,0.00,1234000.00,播送、傳送或刊登宣傳廣告支出,金錢,臺北市忠孝西****,02-2*****,
449,許明財,107年縣(市)長選舉,首次申報,1071123,集會支出,阡景花店,91995126,0.00,16500.00,租用設備支出,金錢,新竹市竹蓮街****,03-5*****,
450,許明財,107年縣(市)長選舉,首次申報,1071124,宣傳支出,競選總部,J10*******,0.00,100000.00,製作競選物品支出（進口競選背心）,非金錢,新竹市東明街****,,
451,許明財,107年縣(市)長選舉,首次申報,1071124,宣傳支出,競選總部,J10*******,0.00,100000.00,製作競選物品支出（進口競選背心）,非金錢,新竹市東明街****,,
452,許明財,107年縣(市)長選舉,首次申報,1071124,宣傳支出,競選總部,J10*******,0.00,50000.00,製作租用廣告看板支出,非金錢,新竹市東明街****,,
453,許明財,107年縣(市)長選舉,首次申報,1071124,宣傳支出,競選總部,J10*******,0.00,50000.00,製作租用廣告看板支出,非金錢,新竹市東明街****,,
454,許明財,107年縣(市)長選舉,首次申報,1071126,交通旅運支出,新竹市政府停車管理處,,0.00,1720.00,停車費,金錢,新竹市中正路****,,
455,許明財,107年縣(市)長選舉,首次申報,1071126,雜支支出,中華電信股份有限公司,88849347,0.00,75.00,電信費用,金錢,新竹市中正路****,,
456,許明財,107年縣(市)長選舉,首次申報,1071126,雜支支出,中華電信股份有限公司,88849347,0.00,75.00,電信費用,金錢,新竹市中正路****,,
457,許明財,107年縣(市)長選舉,首次申報,1071128,租用宣傳車輛支出,宏展企業社,66860389,0.00,18000.00,租用宣傳車輛支出,金錢,新竹市西大路****,03-5*****,
458,許明財,107年縣(市)長選舉,首次申報,1071128,人事費用支出,曾鈺明,A12*******,0.00,75000.00,工資或薪津,金錢,新竹市延平路****,,
459,許明財,107年縣(市)長選舉,首次申報,1071128,人事費用支出,許登輝,J12*******,0.00,75000.00,工資或薪津,金錢,新竹市東明街****,,
460,許明財,107年縣(市)長選舉,首次申報,1071128,人事費用支出,王翔,O10*******,0.00,90000.00,工資或薪津,金錢,新竹市武陵路****,,
461,許明財,107年縣(市)長選舉,首次申報,1071128,人事費用支出,葉哲維,O10*******,0.00,90000.00,工資或薪津,金錢,新竹市中山路****,,
462,許明財,107年縣(市)長選舉,首次申報,1071130,集會支出,承富企業社,30173099,0.00,19300.00,租用設備支出,金錢,新竹市延平路****,0927*****,
463,許明財,107年縣(市)長選舉,首次申報,1071204,宣傳支出,大璿璽企業社,34923670,0.00,8000.00,製作競選物品支出（文宣印刷）,金錢,新竹縣竹東鎮****,03-5*****,
464,許明財,107年縣(市)長選舉,首次申報,1071205,公共關係費用支出,麗君鮮花坊,66896062,0.00,28000.00,聯誼交際費用,金錢,新竹市中山路****,03-5*****,
465,許明財,107年縣(市)長選舉,首次申報,1071207,雜支支出,中華電信股份有限公司,88849347,0.00,13776.00,電信費用,金錢,新竹市中正路****,,
466,許明財,107年縣(市)長選舉,首次申報,1071208,公共關係費用支出,巧旺花藝店,81914981,0.00,31950.00,聯誼交際費用,金錢,新竹市延平路****,03-5*****,
467,許明財,107年縣(市)長選舉,首次申報,1071219,集會支出,新通交通有限公司,46464848,0.00,30000.00,車資,金錢,新竹市中央路****,03-5*****,
