﻿序號,擬參選人／政黨,選舉名稱,申報序號／年度,交易日期,收支科目,捐贈者／支出對象,身分證／統一編號,收入金額,支出金額,捐贈方式,存入專戶日期,返還/繳庫,支出用途,金錢類,地址,聯絡電話,應揭露之支出對象,支出對象之內部人員姓名,支出對象之內部人員職稱,政黨之內部人員姓名,政黨之內部人員職稱,關係,更正註記,資料更正日期
1,沈夙崢,111年南投縣議員選舉,首次申報,1110511,匿名捐贈,匿名1,,1000.00,0.00,現金,1110511,,,金錢,,,,,,,,,,
2,沈夙崢,111年南投縣議員選舉,首次申報,1110519,匿名捐贈,匿名2,,1.00,0.00,現金,1110519,,,金錢,,,,,,,,,,
3,沈夙崢,111年南投縣議員選舉,首次申報,1110528,匿名捐贈,匿名3,,1000.00,0.00,匯款,1110602,,,金錢,,,,,,,,,,
4,沈夙崢,111年南投縣議員選舉,首次申報,1110531,個人捐贈收入,陳治維,,5000.00,0.00,匯款,1110606,,,金錢,桃園市中壢區****,,,,,,,,,
5,沈夙崢,111年南投縣議員選舉,首次申報,1110610,匿名捐贈,匿名,,6000.00,0.00,現金,1110610,,,金錢,,,,,,,,,,
6,沈夙崢,111年南投縣議員選舉,首次申報,1110613,匿名捐贈,匿名5,,600.00,0.00,匯款,1110620,,,金錢,,,,,,,,,,
7,沈夙崢,111年南投縣議員選舉,首次申報,1110626,匿名捐贈,匿名6,,500.00,0.00,匯款,1110701,,,金錢,,,,,,,,,,
8,沈夙崢,111年南投縣議員選舉,首次申報,1110626,個人捐贈收入,陳冠章,,1450.00,0.00,匯款,1110701,,,金錢,南投縣竹山鎮****,,,,,,,,,
9,沈夙崢,111年南投縣議員選舉,首次申報,1110627,個人捐贈收入,林采緹,,30000.00,0.00,現金,1110627,,,金錢,臺中市西屯區****,,,,,,,,,
10,沈夙崢,111年南投縣議員選舉,首次申報,1110630,匿名捐贈,匿名7,,10000.00,0.00,現金,1110630,,,金錢,,,,,,,,,,
11,沈夙崢,111年南投縣議員選舉,首次申報,1110706,其他收入,利息收入,,1.00,0.00,匯款,1110706,,,金錢,,,,,,,,,,
12,沈夙崢,111年南投縣議員選舉,首次申報,1110723,個人捐贈收入,孔瑞琪,,1450.00,0.00,匯款,1110728,,,金錢,南投縣南投市****,,,,,,,,,
13,沈夙崢,111年南投縣議員選舉,首次申報,1110728,個人捐贈收入,陳宏彥,,2000.00,0.00,匯款,1110803,,,金錢,南投縣名間鄉****,,,,,,,,,
14,沈夙崢,111年南投縣議員選舉,首次申報,1110801,匿名捐贈,匿名8,,500.00,0.00,現金,1110806,,,金錢,,,,,,,,,,
15,沈夙崢,111年南投縣議員選舉,首次申報,1110801,個人捐贈收入,陳鴻逸,,5000.00,0.00,匯款,1110806,,,金錢,屏東縣屏東市****,,,,,,,,,
16,沈夙崢,111年南投縣議員選舉,首次申報,1110807,匿名捐贈,匿名9,,3000.00,0.00,現金,1110807,,,金錢,,,,,,,,,,
17,沈夙崢,111年南投縣議員選舉,首次申報,1110812,匿名捐贈,匿名10,,1450.00,0.00,匯款,1110818,,,金錢,,,,,,,,,,
18,沈夙崢,111年南投縣議員選舉,首次申報,1110816,個人捐贈收入,徐子皓,,500.00,0.00,匯款,1110822,,,金錢,桃園市觀音區****,,,,,,,,,
19,沈夙崢,111年南投縣議員選舉,首次申報,1110907,營利事業捐贈收入,珍鼎記茶飲股份有限公司,28962490,20000.00,0.00,現金,1110907,,,金錢,臺中市北屯區****,,,,,,,,,
20,沈夙崢,111年南投縣議員選舉,首次申報,1110908,個人捐贈收入,李逸,,2000.00,0.00,匯款,1110914,,,金錢,臺中市潭子區****,,,,,,,,,
21,沈夙崢,111年南投縣議員選舉,首次申報,1110909,匿名捐贈,匿名11,,5000.00,0.00,匯款,1110915,,,金錢,,,,,,,,,,
22,沈夙崢,111年南投縣議員選舉,首次申報,1110911,匿名捐贈,匿名,,1450.00,0.00,現金,1110911,,,金錢,,,,,,,,,,
23,沈夙崢,111年南投縣議員選舉,首次申報,1110914,個人捐贈收入,林左盛,,1000.00,0.00,現金,1110914,,,金錢,臺中市大里區****,,,,,,,,,
24,沈夙崢,111年南投縣議員選舉,首次申報,1110919,個人捐贈收入,張靜茹,,2800.00,0.00,現金,1110919,,,金錢,臺中市西屯區****,,,,,,,,,
25,沈夙崢,111年南投縣議員選舉,首次申報,1110920,匿名捐贈,匿名12,,1450.00,0.00,匯款,1110926,,,金錢,,,,,,,,,,
26,沈夙崢,111年南投縣議員選舉,首次申報,1110920,匿名捐贈,匿名13,,1450.00,0.00,匯款,1110926,,,金錢,,,,,,,,,,
27,沈夙崢,111年南投縣議員選舉,首次申報,1110920,匿名捐贈,匿名14,,1000.00,0.00,匯款,1110927,,,金錢,,,,,,,,,,
28,沈夙崢,111年南投縣議員選舉,首次申報,1110922,匿名捐贈,匿名15,,1450.00,0.00,匯款,1110928,,,金錢,,,,,,,,,,
29,沈夙崢,111年南投縣議員選舉,首次申報,1110929,個人捐贈收入,黃國超,,1450.00,0.00,匯款,1111005,,,金錢,臺中市沙鹿區****,,,,,,,,,
30,沈夙崢,111年南投縣議員選舉,首次申報,1110930,匿名捐贈,匿名16,,3600.00,0.00,現金,1110930,,,金錢,,,,,,,,,,
31,沈夙崢,111年南投縣議員選舉,首次申報,1111003,個人捐贈收入,沈明璋,,2000.00,0.00,匯款,1111011,,,金錢,臺中市西屯區****,,,,,,,,,
32,沈夙崢,111年南投縣議員選舉,首次申報,1111005,個人捐贈收入,吳正邦,A10*******,500000.00,0.00,現金,1111005,已返還,,金錢,南投縣南投市****,0900*****,,,,,,,,
33,沈夙崢,111年南投縣議員選舉,首次申報,1111009,匿名捐贈,匿名17,,1450.00,0.00,匯款,1111017,,,金錢,,,,,,,,,,
34,沈夙崢,111年南投縣議員選舉,首次申報,1111020,個人捐贈收入,李素嫚,,10000.00,0.00,匯款,1111026,,,金錢,桃園市桃園區****,,,,,,,,,
35,沈夙崢,111年南投縣議員選舉,首次申報,1111020,個人捐贈收入,洪國欽,,1450.00,0.00,匯款,1111027,,,金錢,臺南市新營區****,,,,,,,,,
36,沈夙崢,111年南投縣議員選舉,首次申報,1111021,匿名捐贈,匿名18,,1450.00,0.00,匯款,1111027,,,金錢,,,,,,,,,,
37,沈夙崢,111年南投縣議員選舉,首次申報,1111021,個人捐贈收入,黃清輝,,6600.00,0.00,現金,1111021,,,金錢,南投縣南投市****,,,,,,,,,
38,沈夙崢,111年南投縣議員選舉,首次申報,1111025,個人捐贈收入,許素貞,,10000.00,0.00,現金,1111025,,,金錢,高雄市楠梓區****,,,,,,,,,
39,沈夙崢,111年南投縣議員選舉,首次申報,1111026,匿名捐贈,匿名19,,1450.00,0.00,匯款,1111101,,,金錢,,,,,,,,,,
40,沈夙崢,111年南投縣議員選舉,首次申報,1111027,匿名捐贈,匿名20,,500.00,0.00,匯款,1111101,,,金錢,,,,,,,,,,
41,沈夙崢,111年南投縣議員選舉,首次申報,1111102,人民團體捐贈收入,南投縣小英之友會,,10000.00,0.00,現金,1111106,,,金錢,南投縣南投市****,049-*****,,,,,,,,
42,沈夙崢,111年南投縣議員選舉,首次申報,1111102,個人捐贈收入,孫若蘭,A20*******,100000.00,0.00,現金,1111102,,,金錢,嘉義縣竹崎鄉****,,,,,,,,,
43,沈夙崢,111年南投縣議員選舉,首次申報,1111102,個人捐贈收入,陳誌誠,Q12*******,100000.00,0.00,現金,1111102,,,金錢,嘉義縣竹崎鄉****,,,,,,,,,
44,沈夙崢,111年南投縣議員選舉,首次申報,1111102,個人捐贈收入,陳澄鐘,Q12*******,100000.00,0.00,現金,1111102,,,金錢,嘉義縣竹崎鄉****,,,,,,,,,
45,沈夙崢,111年南投縣議員選舉,首次申報,1111103,匿名捐贈,匿名21,,1000.00,0.00,匯款,1111109,,,金錢,,,,,,,,,,
46,沈夙崢,111年南投縣議員選舉,首次申報,1111114,個人捐贈收入,何岳峰,,1200.00,0.00,匯款,1111121,,,金錢,南投縣埔里鎮****,,,,,,,,,
47,沈夙崢,111年南投縣議員選舉,首次申報,1111121,個人捐贈收入,王逸政,,1000.00,0.00,現金,1111124,,,金錢,臺中市太平區****,,,,,,,,,
48,沈夙崢,111年南投縣議員選舉,首次申報,1111122,個人捐贈收入,洪國浩,M12*******,100000.00,0.00,現金,1111124,,,金錢,南投縣草屯鎮****,,,,,,,,,
49,沈夙崢,111年南投縣議員選舉,首次申報,1111123,個人捐贈收入,徐逢光,,2000.00,0.00,現金,1111124,,,金錢,桃園市桃園區****,,,,,,,,,
50,沈夙崢,111年南投縣議員選舉,首次申報,1111124,個人捐贈收入,王仁佑,,3000.00,0.00,現金,1111124,,,金錢,南投縣竹山鎮****,,,,,,,,,
51,沈夙崢,111年南投縣議員選舉,首次申報,1111124,個人捐贈收入,趙進德,,2000.00,0.00,現金,1111124,,,金錢,桃園市桃園區****,,,,,,,,,
52,沈夙崢,111年南投縣議員選舉,首次申報,1111124,個人捐贈收入,張保齡,,1000.00,0.00,現金,1111124,,,金錢,南投縣南投市****,,,,,,,,,
53,沈夙崢,111年南投縣議員選舉,首次申報,1111124,個人捐贈收入,劉百六,,2000.00,0.00,現金,1111124,,,金錢,南投縣南投市****,0934*****,,,,,,,,
54,沈夙崢,111年南投縣議員選舉,首次申報,1111124,個人捐贈收入,王鍵華,,2000.00,0.00,現金,1111124,,,金錢,桃園市桃園區****,,,,,,,,,
55,沈夙崢,111年南投縣議員選舉,首次申報,1111124,個人捐贈收入,林秀奉,R22*******,20000.00,0.00,匯款,1111124,,,金錢,臺中市西區樂****,,,,,,,,,
56,沈夙崢,111年南投縣議員選舉,首次申報,1111221,其他收入,利息收入,,138.00,0.00,匯款,1111221,,,金錢,,,,,,,,,,
