﻿序號,擬參選人／政黨,選舉名稱,申報序號／年度,交易日期,收支科目,捐贈者／支出對象,身分證／統一編號,收入金額,支出金額,支出用途,金錢類,地址,聯絡電話,資料更正日期
1,游良福,107年直轄市議員選舉,首次申報,1070904,宣傳支出,倢弘影印店,80765365,0.00,130.00,製作競選物品支出（影印文宣）,金錢,桃園市龍潭區****,,
2,游良福,107年直轄市議員選舉,首次申報,1070908,公共關係費用支出,永福青菓行,45071887,0.00,1900.00,聯誼交際費用,金錢,桃園市中壢區****,,
3,游良福,107年直轄市議員選舉,首次申報,1070911,公共關係費用支出,明財水果行,95910275,0.00,2500.00,聯誼交際費用,金錢,桃園市中壢區****,,
4,游良福,107年直轄市議員選舉,首次申報,1070916,公共關係費用支出,明財水果行,95910275,0.00,1650.00,聯誼交際費用,金錢,桃園市龍潭區****,,
5,游良福,107年直轄市議員選舉,首次申報,1070918,宣傳支出,軒利印刷行,87920519,0.00,3780.00,製作競選物品支出（廣告DM）,金錢,桃園市中壢區****,,
6,游良福,107年直轄市議員選舉,首次申報,1070922,公共關係費用支出,永福青菓行,45071887,0.00,1800.00,聯誼交際費用,金錢,桃園市中壢區****,,
7,游良福,107年直轄市議員選舉,首次申報,1071009,雜支支出,氣球城堡國際有限公司,28174993,0.00,2016.00,雜項購置或修繕費用,金錢,臺北市松山區****,,
8,游良福,107年直轄市議員選舉,首次申報,1071017,公共關係費用支出,明財水果行,95910275,0.00,1700.00,聯誼交際費用,金錢,桃園市中壢區****,,
9,游良福,107年直轄市議員選舉,首次申報,1071024,宣傳支出,軒利印刷行,87920519,0.00,6500.00,製作競選物品支出（廣告DM）,金錢,桃園市中壢區****,,
10,游良福,107年直轄市議員選舉,首次申報,1071106,宣傳支出,倢弘影印店,80765365,0.00,110.00,製作競選物品支出（影印文宣）,金錢,桃園市龍潭區****,,
11,游良福,107年直轄市議員選舉,首次申報,1071107,公共關係費用支出,明財水果行,95910275,0.00,1200.00,聯誼交際費用,金錢,桃園市中壢區****,,
12,游良福,107年直轄市議員選舉,首次申報,1071119,雜支支出,龍潭郵局,45004706,0.00,70.00,電信費用,金錢,桃園市龍潭區****,,
13,游良福,107年直轄市議員選舉,首次申報,1071123,雜支支出,桃園市選舉委員會,43862230,0.00,200000.00,選舉保證金費（未退回保證金者得以報支）,金錢,桃園市桃園區****,,
14,游良福,107年直轄市議員選舉,首次申報,1080214,返還支出,韓明哲,B12*******,0.00,2000.00,返還,金錢,桃園市平鎮區****,,
