﻿序號,擬參選人／政黨,選舉名稱,申報序號／年度,交易日期,收支科目,捐贈者／支出對象,身分證／統一編號,收入金額,支出金額,支出用途,金錢類,地址,聯絡電話,資料更正日期
1,張峻,107年縣(市)議員選舉,首次申報,1070830,宣傳支出,海棠事業社,30184223,0.00,6000.00,彩色文宣印製,金錢,花蓮縣光復鄉****,,
2,張峻,107年縣(市)議員選舉,首次申報,1070901,宣傳支出,海棠事業社,30184223,0.00,25000.00,件帆布(含施工),金錢,花蓮縣光復鄉****,,
3,張峻,107年縣(市)議員選舉,首次申報,1070905,宣傳支出,海棠事業社,30184223,0.00,6000.00,總部內部帆布(含施工),金錢,花蓮縣光復鄉****,,
4,張峻,107年縣(市)議員選舉,首次申報,1070907,宣傳支出,海棠事業社,30184223,0.00,45000.00,製作宣傳廣告支出,金錢,花蓮縣光復鄉****,,
5,張峻,107年縣(市)議員選舉,首次申報,1071005,宣傳支出,熱帶魚廣告社,67932559,0.00,16820.00,製作競選物品支出（物品名稱-競選背心）,金錢,中山路二段號****,,
6,張峻,107年縣(市)議員選舉,首次申報,1071012,返還支出,益揚企業,10090091,0.00,60000.00,返還,金錢,花蓮縣吉安鄉****,,
7,張峻,107年縣(市)議員選舉,首次申報,1071024,集會支出,東台灣鴨莊,15787267,0.00,6000.00,便當,金錢,花蓮縣光復鄉****,,
8,張峻,107年縣(市)議員選舉,首次申報,1071025,返還支出,大翰開發建設有限公司,54102813,0.00,300000.00,返還,金錢,花蓮縣花蓮市****,,
9,張峻,107年縣(市)議員選舉,首次申報,1071108,宣傳支出,佳衡整合行銷有限公司,53620774,0.00,570000.00,製作競選物品支出（背心.帽子.布旗.看板...等附明細表）,金錢,花蓮縣吉安鄉****,,
10,張峻,107年縣(市)議員選舉,首次申報,1071108,宣傳支出,台灣優紙企業有限公司,80077677,0.00,71096.00,製作宣傳廣告支出,金錢,彰化縣鹿港鎮****,,
11,張峻,107年縣(市)議員選舉,首次申報,1071110,集會支出,悟饕美食部,18053181,0.00,1520.00,便當,金錢,花蓮縣光復鄉****,,
12,張峻,107年縣(市)議員選舉,首次申報,1071110,宣傳支出,月麗廣告社,34890994,0.00,7500.00,製作宣傳廣告支出,金錢,花蓮縣光復鄉****,,
13,張峻,107年縣(市)議員選舉,首次申報,1071115,宣傳支出,月麗廣告社,34890994,0.00,7500.00,製作宣傳廣告支出,金錢,花蓮縣光復鄉****,,
14,張峻,107年縣(市)議員選舉,首次申報,1071122,集會支出,阿發食堂,08139251,0.00,2520.00,便當,金錢,花蓮縣光復鄉****,,
15,張峻,107年縣(市)議員選舉,首次申報,1071122,集會支出,東台灣鴨莊,15787267,0.00,1600.00,便當,金錢,花蓮縣光復鄉****,,
16,張峻,107年縣(市)議員選舉,首次申報,1071122,集會支出,悟饕美食部,18053181,0.00,1600.00,便當,金錢,花蓮縣光復鄉****,,
17,張峻,107年縣(市)議員選舉,首次申報,1071122,集會支出,慈美西點麵包店,20051527,0.00,2000.00,麵包,金錢,花蓮縣光復鄉****,,
18,張峻,107年縣(市)議員選舉,首次申報,1071122,集會支出,誠食自助餐,50744110,0.00,2160.00,便當,金錢,花蓮縣光復鄉****,,
19,張峻,107年縣(市)議員選舉,首次申報,1071122,集會支出,張記花東鴨莊,67937816,0.00,1600.00,便當,金錢,花蓮縣光復鄉****,,
20,張峻,107年縣(市)議員選舉,首次申報,1071122,集會支出,光復來來自助餐,78044460,0.00,1600.00,便當,金錢,花蓮縣光復鄉****,,
21,張峻,107年縣(市)議員選舉,首次申報,1071123,集會支出,陳家便當,49878977,0.00,3000.00,便當,金錢,花蓮縣鳳林鎮****,,
22,張峻,107年縣(市)議員選舉,首次申報,1071123,集會支出,蜜多鄉精緻西點蛋糕,67931209,0.00,2000.00,麵包,金錢,花蓮縣光復鄉****,,
23,張峻,107年縣(市)議員選舉,首次申報,1071123,集會支出,饕飽便當,72846695,0.00,3200.00,便當,金錢,花蓮縣鳳林鎮****,,
24,張峻,107年縣(市)議員選舉,首次申報,1071124,宣傳支出,台生企業行,94740422,0.00,75800.00,製作宣傳廣告支出,金錢,花蓮縣光復鄉****,,
25,張峻,107年縣(市)議員選舉,首次申報,1071126,人事費用支出,莊裕宏,P12*******,0.00,60000.00,工資或薪津,金錢,花蓮縣光復鄉****,,
26,張峻,107年縣(市)議員選舉,首次申報,1071126,人事費用支出,王敏吉,U12*******,0.00,60000.00,工資或薪津,金錢,花蓮縣光復鄉****,,
27,張峻,107年縣(市)議員選舉,首次申報,1071126,人事費用支出,高啟華,U12*******,0.00,60000.00,工資或薪津,金錢,花蓮縣光復鄉****,,
28,張峻,107年縣(市)議員選舉,首次申報,1071126,人事費用支出,吳正光,U12*******,0.00,60000.00,工資或薪津,金錢,花蓮縣花蓮市****,,
29,張峻,107年縣(市)議員選舉,首次申報,1071126,人事費用支出,陳儆恩,U12*******,0.00,60000.00,工資或薪津,金錢,花蓮縣花蓮市****,,
30,張峻,107年縣(市)議員選舉,首次申報,1071126,人事費用支出,楊雯璇,U22*******,0.00,60000.00,工資或薪津,金錢,花蓮縣花蓮市****,,
