﻿序號,擬參選人／政黨,選舉名稱,申報序號／年度,交易日期,收支科目,捐贈者／支出對象,身分證／統一編號,收入金額,支出金額,捐贈方式,存入專戶日期,返還/繳庫,支出用途,金錢類,地址,聯絡電話,應揭露之支出對象,支出對象之內部人員姓名,支出對象之內部人員職稱,政黨之內部人員姓名,政黨之內部人員職稱,關係,更正註記,資料更正日期
1,朱正軒,111年臺南市議員選舉,首次申報,1110513,交通旅運支出,新左鎮加油站有限公司,79974857,0.00,800.00,,,,油資,金錢,台南市左鎮區****,,否,,,,,,,
2,朱正軒,111年臺南市議員選舉,首次申報,1110515,雜支支出,永安鎖印行,09090447,0.00,670.00,,,,橡皮章、印鑑章,金錢,台南市永康區****,,否,,,,,,,
3,朱正軒,111年臺南市議員選舉,首次申報,1110516,宣傳支出,鑫傳國際多媒體科技股份有限公司,16089901,0.00,120000.00,,,,播放、傳送或刊登宣傳廣告費用,金錢,台中市大里區****,,否,,,,,,,
4,朱正軒,111年臺南市議員選舉,首次申報,1110516,雜支支出,榮華製帽行,68934008,0.00,770.00,,,,候選人背心,金錢,臺南市中西區****,,否,,,,,,,
5,朱正軒,111年臺南市議員選舉,首次申報,1110516,雜支支出,榮華製帽行,68934008,0.00,770.00,,,,參選人背心,金錢,臺南市中西區****,,否,,,,,,,
6,朱正軒,111年臺南市議員選舉,首次申報,1110516,雜支支出,濬詠企業社,81276962,0.00,335.00,,,,餐飲費用,金錢,臺南市永康區****,,否,,,,,,,
7,朱正軒,111年臺南市議員選舉,首次申報,1110516,宣傳支出,成達企業社,99507022,0.00,19415.00,,,,製作競選物品或宣傳廣告費用-帆布,金錢,臺南市新營區****,,否,,,,,,,
8,朱正軒,111年臺南市議員選舉,首次申報,1110517,雜支支出,香香餐飲屋,47797507,0.00,1700.00,,,,餐飲費用,金錢,台南市永康區****,,否,,,,,,,
9,朱正軒,111年臺南市議員選舉,首次申報,1110518,交通旅運支出,峰錡企業有限公司,24406769,0.00,800.00,,,,油資,金錢,台南市永康區****,,否,,,,,,,
10,朱正軒,111年臺南市議員選舉,首次申報,1110518,公共關係費用支出,瑞興禮品社,37793159,0.00,7200.00,,,,為民服務費用-輓聯,金錢,桃園市大溪區****,,否,,,,,,,
11,朱正軒,111年臺南市議員選舉,首次申報,1110518,雜支支出,榮華製帽行,68934008,0.00,6900.00,,,,志工背心,金錢,臺南市中西區****,,否,,,,,,,
12,朱正軒,111年臺南市議員選舉,首次申報,1110518,雜支支出,濬詠企業社,81276962,0.00,325.00,,,,餐飲費用,金錢,臺南市永康區****,,否,,,,,,,
13,朱正軒,111年臺南市議員選舉,首次申報,1110519,交通旅運支出,六甲頂加油站實業有限公司,16343869,0.00,1000.00,,,,油資,金錢,台南市永康區****,,否,,,,,,,
14,朱正軒,111年臺南市議員選舉,首次申報,1110519,雜支支出,濬詠企業社,81276962,0.00,760.00,,,,餐飲費用,金錢,臺南市永康區****,,否,,,,,,,
15,朱正軒,111年臺南市議員選舉,首次申報,1110520,雜支支出,鍋燒專賣店,47877229,0.00,500.00,,,,餐飲費用,金錢,臺南市永康區****,,否,,,,,,,
16,朱正軒,111年臺南市議員選舉,首次申報,1110520,雜支支出,鍋燒專賣店,47877229,0.00,330.00,,,,餐飲費用,金錢,臺南市永康區****,,否,,,,,,,
17,朱正軒,111年臺南市議員選舉,首次申報,1110521,雜支支出,濬詠企業社,81276962,0.00,620.00,,,,餐飲費用,金錢,臺南市永康區****,,否,,,,,,,
18,朱正軒,111年臺南市議員選舉,首次申報,1110521,宣傳支出,成達企業社,99507022,0.00,8796.00,,,,製作競選物品或宣傳廣告費用（母親節文宣）,金錢,臺南市新營區****,,否,,,,,,,
19,朱正軒,111年臺南市議員選舉,首次申報,1110522,集會支出,在和企業社,10852014,0.00,2500.00,,,,租用設備費用,金錢,臺南市安南區****,,否,,,,,,,
20,朱正軒,111年臺南市議員選舉,首次申報,1110522,集會支出,在和企業社,10852014,0.00,2000.00,,,,租用設備費用,金錢,臺南市安南區****,,否,,,,,,,
21,朱正軒,111年臺南市議員選舉,首次申報,1110522,集會支出,在和企業社,10852014,0.00,2000.00,,,,租用設備費用,金錢,臺南市安南區****,,否,,,,,,,
22,朱正軒,111年臺南市議員選舉,首次申報,1110522,集會支出,在和企業社,10852014,0.00,2500.00,,,,租用設備費用,金錢,臺南市安南區****,,否,,,,,,,
23,朱正軒,111年臺南市議員選舉,首次申報,1110522,雜支支出,濬詠企業社,81276962,0.00,625.00,,,,餐飲費用,金錢,臺南市永康區****,,否,,,,,,,
24,朱正軒,111年臺南市議員選舉,首次申報,1110523,雜支支出,濬詠企業社,81276962,0.00,275.00,,,,餐飲費用,金錢,臺南市永康區****,,否,,,,,,,
25,朱正軒,111年臺南市議員選舉,首次申報,1110524,雜支支出,濬詠企業社,81276962,0.00,455.00,,,,餐飲費用,金錢,臺南市永康區****,,否,,,,,,,
26,朱正軒,111年臺南市議員選舉,首次申報,1110525,雜支支出,永安鎖印行,09090447,0.00,1000.00,,,,服務處新配遙控器,金錢,台南市永康區****,,否,,,,,,,
27,朱正軒,111年臺南市議員選舉,首次申報,1110525,交通旅運支出,台灣中油股份有限公司油品行銷事業部台南營業處成功路加油站,68075442,0.00,1000.00,,,,油資,金錢,臺南市北區公****,,否,,,,,,,
28,朱正軒,111年臺南市議員選舉,首次申報,1110526,雜支支出,榮華製帽行,68934008,0.00,6930.00,,,,服務團隊背心、轉印,金錢,臺南市中西區****,,否,,,,,,,
29,朱正軒,111年臺南市議員選舉,首次申報,1110527,公共關係費用支出,瑞興禮品社,37793159,0.00,7200.00,,,,為民服務費用-中堂,金錢,桃園市大溪區****,,否,,,,,,,
30,朱正軒,111年臺南市議員選舉,首次申報,1110527,公共關係費用支出,瑞興禮品社,37793159,0.00,7200.00,,,,為民服務費用-輓聯,金錢,桃園市大溪區****,,否,,,,,,,
31,朱正軒,111年臺南市議員選舉,首次申報,1110527,雜支支出,濬詠企業社,81276962,0.00,185.00,,,,餐飲費用,金錢,臺南市永康區****,,否,,,,,,,
32,朱正軒,111年臺南市議員選舉,首次申報,1110529,交通旅運支出,益生豐有限公司,59312211,0.00,1433.00,,,,油資,金錢,臺南市南區建****,,否,,,,,,,
33,朱正軒,111年臺南市議員選舉,首次申報,1110530,雜支支出,尚美鮮花店,70909357,0.00,9000.00,,,,祝賀蘭花,金錢,台南市永康區****,,否,,,,,,,
34,朱正軒,111年臺南市議員選舉,首次申報,1110530,雜支支出,濬詠企業社,81276962,0.00,210.00,,,,餐飲費用,金錢,臺南市永康區****,,否,,,,,,,
35,朱正軒,111年臺南市議員選舉,首次申報,1110531,雜支支出,榮華製帽行,68934008,0.00,8470.00,,,,服務團隊背心、轉印,金錢,臺南市中西區****,,否,,,,,,,
36,朱正軒,111年臺南市議員選舉,首次申報,1110531,雜支支出,榮華製帽行,68934008,0.00,1000.00,,,,參選人肩帶,金錢,臺南市中西區****,,否,,,,,,,
37,朱正軒,111年臺南市議員選舉,首次申報,1110531,雜支支出,濬詠企業社,81276962,0.00,600.00,,,,餐飲費用,金錢,臺南市永康區****,,否,,,,,,,
38,朱正軒,111年臺南市議員選舉,首次申報,1110531,人事費用支出,林宜昀,B22*******,0.00,32000.00,,,,工資或薪津,金錢,台南市東區前****,,否,,,,,,,
39,朱正軒,111年臺南市議員選舉,首次申報,1110531,人事費用支出,林美伶,R22*******,0.00,8000.00,,,,工資或薪津,金錢,台南市歸仁區****,,否,,,,,,,
40,朱正軒,111年臺南市議員選舉,首次申報,1110605,交通旅運支出,永昇加油站實業股份有限公司,22808372,0.00,1000.00,,,,油資,金錢,台南市東區中****,,否,,,,,,,
41,朱正軒,111年臺南市議員選舉,首次申報,1110606,交通旅運支出,五洲加油站有限公司,23071028,0.00,1136.00,,,,油資,金錢,臺南市善化區****,,否,,,,,,,
42,朱正軒,111年臺南市議員選舉,首次申報,1110606,雜支支出,濬詠企業社,81276962,0.00,225.00,,,,餐飲費用,金錢,臺南市永康區****,,否,,,,,,,
43,朱正軒,111年臺南市議員選舉,首次申報,1110608,雜支支出,濬詠企業社,81276962,0.00,925.00,,,,餐飲費用,金錢,臺南市永康區****,,否,,,,,,,
44,朱正軒,111年臺南市議員選舉,首次申報,1110608,雜支支出,龍翔服飾店,99276850,0.00,4680.00,,,,服務團隊背心、轉印,金錢,台南市東區崇****,,否,,,,,,,
45,朱正軒,111年臺南市議員選舉,首次申報,1110610,雜支支出,濬詠企業社,81276962,0.00,375.00,,,,餐飲費用,金錢,臺南市永康區****,,否,,,,,,,
46,朱正軒,111年臺南市議員選舉,首次申報,1110610,人事費用支出,林美伶,R22*******,0.00,15000.00,,,,工資或薪津,金錢,台南市歸仁區****,,否,,,,,,,
47,朱正軒,111年臺南市議員選舉,首次申報,1110611,雜支支出,濬詠企業社,81276962,0.00,575.00,,,,餐飲費用,金錢,臺南市永康區****,,否,,,,,,,
48,朱正軒,111年臺南市議員選舉,首次申報,1110614,雜支支出,濬詠企業社,81276962,0.00,285.00,,,,餐飲費用,金錢,臺南市永康區****,,否,,,,,,,
49,朱正軒,111年臺南市議員選舉,首次申報,1110616,雜支支出,濬詠企業社,81276962,0.00,410.00,,,,餐飲費用,金錢,臺南市永康區****,,否,,,,,,,
50,朱正軒,111年臺南市議員選舉,首次申報,1110618,交通旅運支出,久井企業股份有限公司久井路科加油站,38683362,0.00,500.00,,,,油資,金錢,高雄市路竹區****,,否,,,,,,,
51,朱正軒,111年臺南市議員選舉,首次申報,1110618,雜支支出,香香餐飲屋,47797507,0.00,1875.00,,,,餐飲費用,金錢,台南市永康區****,,否,,,,,,,
52,朱正軒,111年臺南市議員選舉,首次申報,1110619,雜支支出,濬詠企業社,81276962,0.00,675.00,,,,餐飲費用,金錢,臺南市永康區****,,否,,,,,,,
53,朱正軒,111年臺南市議員選舉,首次申報,1110622,雜支支出,濬詠企業社,81276962,0.00,1200.00,,,,餐飲費用,金錢,臺南市永康區****,,否,,,,,,,
54,朱正軒,111年臺南市議員選舉,首次申報,1110624,租用競選辦事處支出,永康市花卉服務中心,67928513,0.00,7000.00,,,,裝潢競選辦事處費用,金錢,臺南市永康區****,,否,,,,,,,
55,朱正軒,111年臺南市議員選舉,首次申報,1110624,宣傳支出,成達企業社,99507022,0.00,18460.00,,,,製作競選物品或宣傳廣告費用,金錢,臺南市新營區****,,否,,,,,,,
56,朱正軒,111年臺南市議員選舉,首次申報,1110626,交通旅運支出,台灣中油股份有限公司油品行銷事業部台南營業處中華路東加油站,56957053,0.00,1130.00,,,,油資,金錢,臺南市東區崇****,,否,,,,,,,
57,朱正軒,111年臺南市議員選舉,首次申報,1110626,雜支支出,濬詠企業社,81276962,0.00,315.00,,,,餐飲費用,金錢,臺南市永康區****,,否,,,,,,,
58,朱正軒,111年臺南市議員選舉,首次申報,1110628,宣傳支出,成達企業社,99507022,0.00,9740.00,,,,製作競選物品或宣傳廣告費用（候選人貼紙）,金錢,臺南市新營區****,,否,,,,,,,
59,朱正軒,111年臺南市議員選舉,首次申報,1110629,交通旅運支出,五洲加油站有限公司,23071028,0.00,1165.00,,,,油資,金錢,臺南市善化區****,,否,,,,,,,
60,朱正軒,111年臺南市議員選舉,首次申報,1110629,公共關係費用支出,尚美鮮花店,70909357,0.00,9000.00,,,,為民服務費用,金錢,台南市永康區****,,否,,,,,,,
61,朱正軒,111年臺南市議員選舉,首次申報,1110701,雜支支出,大灣福創意廚房崑山營業所,89081363,0.00,1855.00,,,,餐飲費用,金錢,臺南市永康區****,,否,,,,,,,
62,朱正軒,111年臺南市議員選舉,首次申報,1110701,租用競選辦事處支出,成達企業社,99507022,0.00,19847.00,,,,裝潢競選辦事處費用-服務處看板,金錢,臺南市新營區****,,否,,,,,,,
63,朱正軒,111年臺南市議員選舉,首次申報,1110703,雜支支出,濬詠企業社,81276962,0.00,200.00,,,,餐飲費用,金錢,臺南市永康區****,,否,,,,,,,
64,朱正軒,111年臺南市議員選舉,首次申報,1110705,雜支支出,濬詠企業社,81276962,0.00,385.00,,,,餐飲費用,金錢,臺南市永康區****,,否,,,,,,,
65,朱正軒,111年臺南市議員選舉,首次申報,1110705,人事費用支出,劉亞叡,N12*******,0.00,28000.00,,,,工資或薪津,金錢,台北市新莊區****,,否,,,,,,,
66,朱正軒,111年臺南市議員選舉,首次申報,1110709,交通旅運支出,一路發加油站股份有限公司,16208391,0.00,1399.00,,,,油資,金錢,臺南市永康區****,,否,,,,,,,
67,朱正軒,111年臺南市議員選舉,首次申報,1110711,人事費用支出,林宜昀,B22*******,0.00,32000.00,,,,工資或薪津,金錢,台南市東區前****,,否,,,,,,,
68,朱正軒,111年臺南市議員選舉,首次申報,1110711,人事費用支出,林美伶,R22*******,0.00,15000.00,,,,工資或薪津,金錢,台南市歸仁區****,,否,,,,,,,
69,朱正軒,111年臺南市議員選舉,首次申報,1110714,交通旅運支出,台灣中油股份有限公司油品行銷事業部台南營業處歸仁高鐵加油站,09059213,0.00,139.00,,,,油資,金錢,臺南市歸仁區****,,否,,,,,,,
70,朱正軒,111年臺南市議員選舉,首次申報,1110714,雜支支出,濬詠企業社,81276962,0.00,250.00,,,,餐飲費用,金錢,臺南市永康區****,,否,,,,,,,
71,朱正軒,111年臺南市議員選舉,首次申報,1110717,交通旅運支出,瑞曜企業有限公司,28127893,0.00,1252.00,,,,油資,金錢,臺南市永康區****,,否,,,,,,,
72,朱正軒,111年臺南市議員選舉,首次申報,1110720,交通旅運支出,千越加油站實業股份有限公司開元加油站,29440597,0.00,1472.00,,,,油資,金錢,臺南市北區元****,,否,,,,,,,
73,朱正軒,111年臺南市議員選舉,首次申報,1110720,雜支支出,星星百貨文具行,73174055,0.00,600.00,,,,文具用品費用,金錢,臺南市永康區****,,否,,,,,,,
74,朱正軒,111年臺南市議員選舉,首次申報,1110723,交通旅運支出,峰錡企業有限公司,24406769,0.00,1000.00,,,,油資,金錢,台南市永康區****,,否,,,,,,,
75,朱正軒,111年臺南市議員選舉,首次申報,1110724,公共關係費用支出,尚美鮮花店,70909357,0.00,9000.00,,,,為民服務費用,金錢,台南市永康區****,,否,,,,,,,
76,朱正軒,111年臺南市議員選舉,首次申報,1110725,雜支支出,珍好味小吃,13716268,0.00,340.00,,,,餐飲費用,金錢,臺南市永康區****,,否,,,,,,,
77,朱正軒,111年臺南市議員選舉,首次申報,1110725,雜支支出,搖滾大橋有限公司,90652501,0.00,219.00,,,,餐飲費用,金錢,台南市永康區****,,否,,,,,,,
78,朱正軒,111年臺南市議員選舉,首次申報,1110726,交通旅運支出,六甲頂加油站實業有限公司,16343869,0.00,500.00,,,,油資,金錢,台南市永康區****,,否,,,,,,,
79,朱正軒,111年臺南市議員選舉,首次申報,1110726,交通旅運支出,北基國際股份有限公司北基太子加油站,85567266,0.00,700.00,,,,油資,金錢,臺南市仁德區****,,否,,,,,,,
80,朱正軒,111年臺南市議員選舉,首次申報,1110727,交通旅運支出,台灣中油股份有限公司油品行銷事業部台南營業處歸仁高鐵加油站,09059213,0.00,100.00,,,,油資,金錢,臺南市歸仁區****,,否,,,,,,,
81,朱正軒,111年臺南市議員選舉,首次申報,1110728,交通旅運支出,千越加油站實業股份有限公司開元加油站,29440597,0.00,1477.00,,,,油資,金錢,臺南市北區元****,,否,,,,,,,
82,朱正軒,111年臺南市議員選舉,首次申報,1110728,雜支支出,龍翔服飾店,99276850,0.00,3900.00,,,,服務團隊背心、轉印,金錢,台南市東區崇****,,否,,,,,,,
83,朱正軒,111年臺南市議員選舉,首次申報,1110729,交通旅運支出,千越加油站實業股份有限公司開元加油站,29440597,0.00,1350.00,,,,油資,金錢,臺南市北區元****,,否,,,,,,,
84,朱正軒,111年臺南市議員選舉,首次申報,1110731,交通旅運支出,永昇加油站實業股份有限公司,22808372,0.00,500.00,,,,油資,金錢,台南市東區中****,,否,,,,,,,
85,朱正軒,111年臺南市議員選舉,首次申報,1110801,交通旅運支出,千越加油站實業股份有限公司東門加油站,98807021,0.00,1000.00,,,,油資,金錢,臺南市東區中****,,否,,,,,,,
86,朱正軒,111年臺南市議員選舉,首次申報,1110804,交通旅運支出,永昇加油站實業股份有限公司,22808372,0.00,1471.00,,,,油資,金錢,台南市東區中****,,否,,,,,,,
87,朱正軒,111年臺南市議員選舉,首次申報,1110805,人事費用支出,林宸妤,D22*******,0.00,6000.00,,,,工資或薪津,金錢,台南市東區生****,,否,,,,,,,
88,朱正軒,111年臺南市議員選舉,首次申報,1110805,人事費用支出,劉亞叡,N12*******,0.00,28000.00,,,,工資或薪津,金錢,台北市新莊區****,,否,,,,,,,
89,朱正軒,111年臺南市議員選舉,首次申報,1110807,交通旅運支出,美吉加油站股份有限公司,70659560,0.00,1406.00,,,,油資,金錢,臺南市永康區****,,否,,,,,,,
90,朱正軒,111年臺南市議員選舉,首次申報,1110810,雜支支出,就是想喝茶飲,08970021,0.00,275.00,,,,餐飲費用,金錢,臺南市永康區****,,否,,,,,,,
91,朱正軒,111年臺南市議員選舉,首次申報,1110810,交通旅運支出,奇美油品股份有限公司,80311049,0.00,1261.00,,,,油資,金錢,臺南市永康區****,,否,,,,,,,
92,朱正軒,111年臺南市議員選舉,首次申報,1110810,交通旅運支出,統一精工股份有限公司仁德加油站,99602378,0.00,1048.00,,,,油資,金錢,臺南市仁德區****,,否,,,,,,,
93,朱正軒,111年臺南市議員選舉,首次申報,1110810,人事費用支出,林宜昀,B22*******,0.00,32000.00,,,,工資或薪津,金錢,台南市東區前****,,否,,,,,,,
94,朱正軒,111年臺南市議員選舉,首次申報,1110810,人事費用支出,金韋國,S12*******,0.00,28000.00,,,,工資或薪津,金錢,台南市民權北****,,否,,,,,,,
95,朱正軒,111年臺南市議員選舉,首次申報,1110810,人事費用支出,張閎鈞,S12*******,0.00,30000.00,,,,工資或薪津,金錢,台南市東區大****,,否,,,,,,,
96,朱正軒,111年臺南市議員選舉,首次申報,1110811,雜支支出,就是想喝茶飲,08970021,0.00,315.00,,,,餐飲費用,金錢,臺南市永康區****,,否,,,,,,,
97,朱正軒,111年臺南市議員選舉,首次申報,1110811,人事費用支出,林美伶,R22*******,0.00,15000.00,,,,工資或薪津,金錢,台南市歸仁區****,,否,,,,,,,
98,朱正軒,111年臺南市議員選舉,首次申報,1110812,雜支支出,竹軒園簡餐,14358541,0.00,1800.00,,,,餐飲費用,金錢,台南市永康區****,,否,,,,,,,
99,朱正軒,111年臺南市議員選舉,首次申報,1110812,雜支支出,濬詠企業社,81276962,0.00,350.00,,,,餐飲費用,金錢,臺南市永康區****,,否,,,,,,,
100,朱正軒,111年臺南市議員選舉,首次申報,1110814,交通旅運支出,美吉加油站股份有限公司,70659560,0.00,1183.00,,,,油資,金錢,臺南市永康區****,,否,,,,,,,
101,朱正軒,111年臺南市議員選舉,首次申報,1110814,交通旅運支出,奇美油品股份有限公司,80311049,0.00,1450.00,,,,油資,金錢,臺南市永康區****,,否,,,,,,,
102,朱正軒,111年臺南市議員選舉,首次申報,1110818,交通旅運支出,益生豐有限公司,59312211,0.00,1104.00,,,,油資,金錢,臺南市南區建****,,否,,,,,,,
103,朱正軒,111年臺南市議員選舉,首次申報,1110820,交通旅運支出,千越加油站實業股份有限公司開元加油站,29440597,0.00,112.00,,,,油資,金錢,臺南市北區元****,,否,,,,,,,
104,朱正軒,111年臺南市議員選舉,首次申報,1110821,交通旅運支出,益生豐有限公司,59312211,0.00,1300.00,,,,油資,金錢,臺南市南區建****,,否,,,,,,,
105,朱正軒,111年臺南市議員選舉,首次申報,1110822,雜支支出,竹軒園簡餐,14358541,0.00,920.00,,,,餐飲費用,金錢,臺南市永康區****,,否,,,,,,,
106,朱正軒,111年臺南市議員選舉,首次申報,1110824,雜支支出,竹軒園簡餐,14358541,0.00,780.00,,,,餐飲費用,金錢,臺南市永康區****,,否,,,,,,,
107,朱正軒,111年臺南市議員選舉,首次申報,1110824,交通旅運支出,元大發展有限公司,16366686,0.00,1300.00,,,,油資,金錢,臺南市永康區****,,否,,,,,,,
108,朱正軒,111年臺南市議員選舉,首次申報,1110825,雜支支出,竹軒園簡餐,14358541,0.00,815.00,,,,餐飲費用,金錢,臺南市永康區****,,否,,,,,,,
109,朱正軒,111年臺南市議員選舉,首次申報,1110826,交通旅運支出,五洲加油站有限公司,23071028,0.00,1150.00,,,,油資,金錢,臺南市善化區****,,否,,,,,,,
110,朱正軒,111年臺南市議員選舉,首次申報,1110827,雜支支出,紫米玫瑰健康食尚館,10766475,0.00,2100.00,,,,餐飲費用,金錢,臺南市永康區****,,否,,,,,,,
111,朱正軒,111年臺南市議員選舉,首次申報,1110827,交通旅運支出,峰錡企業有限公司,24406769,0.00,1518.00,,,,油資,金錢,臺南市永康區****,,否,,,,,,,
112,朱正軒,111年臺南市議員選舉,首次申報,1110828,公共關係費用支出,尚美鮮花店,70909357,0.00,8000.00,,,,為民服務費用,金錢,台南市永康區****,,否,,,,,,,
113,朱正軒,111年臺南市議員選舉,首次申報,1110829,雜支支出,榮華製帽行,68934008,0.00,6160.00,,,,服務團隊背心、轉印,金錢,臺南市中西區****,,否,,,,,,,
114,朱正軒,111年臺南市議員選舉,首次申報,1110830,交通旅運支出,美德加油站股份有限公司,,0.00,841.00,,,,油資,金錢,高雄市美濃區****,,否,,,,,,,
115,朱正軒,111年臺南市議員選舉,首次申報,1110830,交通旅運支出,美德加油站股份有限公司,23950158,0.00,841.00,,,,油資,金錢,高雄市美濃區****,,否,,,,,,,
116,朱正軒,111年臺南市議員選舉,首次申報,1110830,雜支支出,濬詠企業社,81276962,0.00,395.00,,,,餐飲費用,金錢,臺南市永康區****,,否,,,,,,,
117,朱正軒,111年臺南市議員選舉,首次申報,1110902,交通旅運支出,正大加油站實業股份有限公司,16207415,0.00,1378.00,,,,油資,金錢,台南市永康區****,,否,,,,,,,
118,朱正軒,111年臺南市議員選舉,首次申報,1110902,交通旅運支出,五洲加油站有限公司,23071028,0.00,1113.00,,,,油資,金錢,臺南市善化區****,,否,,,,,,,
119,朱正軒,111年臺南市議員選舉,首次申報,1110905,交通旅運支出,台灣中油股份有限公司油品行銷事業部台南營業處歸仁高鐵加油站,09059213,0.00,1499.00,,,,油資,金錢,臺南市歸仁區****,,否,,,,,,,
120,朱正軒,111年臺南市議員選舉,首次申報,1110905,雜支支出,竹軒園簡餐,14358541,0.00,820.00,,,,餐飲費用,金錢,臺南市永康區****,,否,,,,,,,
121,朱正軒,111年臺南市議員選舉,首次申報,1110905,人事費用支出,張耀文,B12*******,0.00,28000.00,,,,工資或薪津,金錢,台中市南區長****,,否,,,,,,,
122,朱正軒,111年臺南市議員選舉,首次申報,1110905,人事費用支出,劉亞叡,N12*******,0.00,30000.00,,,,工資或薪津,金錢,台北市新莊區****,,否,,,,,,,
123,朱正軒,111年臺南市議員選舉,首次申報,1110907,交通旅運支出,中興電工機械股份有限公司嘟嘟房高鐵台南站,37710067,0.00,720.00,,,,停車費,金錢,臺南市歸仁區****,,否,,,,,,,
124,朱正軒,111年臺南市議員選舉,首次申報,1110909,人事費用支出,林宜昀,B22*******,0.00,32000.00,,,,工資或薪津,金錢,台南市東區前****,,否,,,,,,,
125,朱正軒,111年臺南市議員選舉,首次申報,1110909,人事費用支出,林美伶,R22*******,0.00,15000.00,,,,工資或薪津,金錢,台南市歸仁區****,,否,,,,,,,
126,朱正軒,111年臺南市議員選舉,首次申報,1110910,人事費用支出,蕭淑云,R22*******,0.00,20000.00,,,,工資或薪津,金錢,台南市東區生****,,否,,,,,,,
127,朱正軒,111年臺南市議員選舉,首次申報,1110910,人事費用支出,張閎鈞,S12*******,0.00,30000.00,,,,工資或薪津,金錢,台南市東區大****,,否,,,,,,,
128,朱正軒,111年臺南市議員選舉,首次申報,1110910,人事費用支出,金韋國,S12*******,0.00,28000.00,,,,工資或薪津,金錢,台南市民權北****,,否,,,,,,,
129,朱正軒,111年臺南市議員選舉,首次申報,1110911,雜支支出,珍好味小吃,13716268,0.00,520.00,,,,餐飲費用,金錢,臺南市永康區****,,否,,,,,,,
130,朱正軒,111年臺南市議員選舉,首次申報,1110911,交通旅運支出,峰錡企業有限公司,24406769,0.00,1446.00,,,,油資,金錢,台南市永康區****,,否,,,,,,,
131,朱正軒,111年臺南市議員選舉,首次申報,1110912,雜支支出,就是想喝茶飲,08970021,0.00,285.00,,,,餐飲費用,金錢,台南市永康區****,,否,,,,,,,
132,朱正軒,111年臺南市議員選舉,首次申報,1110912,雜支支出,香香餐飲屋,47797507,0.00,925.00,,,,餐飲費用,金錢,台南市永康區****,,否,,,,,,,
133,朱正軒,111年臺南市議員選舉,首次申報,1110912,人事費用支出,林宸妤,D22*******,0.00,13000.00,,,,工資或薪津,金錢,台南市東區生****,,否,,,,,,,
134,朱正軒,111年臺南市議員選舉,首次申報,1110914,交通旅運支出,山隆通運股份有限公司高仁加油站,36750940,0.00,135.00,,,,油資,金錢,臺南市歸仁區****,,否,,,,,,,
135,朱正軒,111年臺南市議員選舉,首次申報,1110914,雜支支出,八方雲集餐飲股份有限公司御廚台南永康店,85747900,0.00,105.00,,,,餐飲費用,金錢,臺南市永康區****,,否,,,,,,,
136,朱正軒,111年臺南市議員選舉,首次申報,1110915,租用競選辦事處支出,全利鎖印行,,0.00,2000.00,,,,其他與租用競選辦事處有關之費用,金錢,台南市永康區****,,否,,,,,,,
137,朱正軒,111年臺南市議員選舉,首次申報,1110915,宣傳支出,榮華製帽行,68934008,0.00,17500.00,,,,製作競選物品或宣傳廣告費用（宣傳帽）,金錢,臺南市中西區****,,否,,,,,,,
138,朱正軒,111年臺南市議員選舉,首次申報,1110915,公共關係費用支出,尚美鮮花店,70909357,0.00,6000.00,,,,為民服務費用,金錢,台南市永康區****,,否,,,,,,,
139,朱正軒,111年臺南市議員選舉,首次申報,1110916,交通旅運支出,益生豐有限公司,59312211,0.00,1001.00,,,,油資,金錢,臺南市南區建****,,否,,,,,,,
140,朱正軒,111年臺南市議員選舉,首次申報,1110919,雜支支出,竹軒園簡餐,14358541,0.00,610.00,,,,餐飲費用,金錢,台南市永康區****,,否,,,,,,,
141,朱正軒,111年臺南市議員選舉,首次申報,1110920,雜支支出,香香餐飲屋,47797507,0.00,375.00,,,,餐飲費用,金錢,台南市永康區****,,否,,,,,,,
142,朱正軒,111年臺南市議員選舉,首次申報,1110922,雜支支出,就是想喝茶飲,08970021,0.00,310.00,,,,餐飲費用,金錢,台南市永康區****,,否,,,,,,,
143,朱正軒,111年臺南市議員選舉,首次申報,1110924,雜支支出,濬詠企業社,81276962,0.00,800.00,,,,餐飲費用,金錢,臺南市永康區****,,否,,,,,,,
144,朱正軒,111年臺南市議員選舉,首次申報,1110925,交通旅運支出,瑞曜企業有限公司,28127893,0.00,1466.00,,,,油資,金錢,台南市永康區****,,否,,,,,,,
145,朱正軒,111年臺南市議員選舉,首次申報,1110926,雜支支出,竹軒園簡餐,14358541,0.00,760.00,,,,餐飲費用,金錢,臺南市永康區****,,否,,,,,,,
146,朱正軒,111年臺南市議員選舉,首次申報,1110927,雜支支出,濬詠企業社,81276962,0.00,450.00,,,,餐飲費用,金錢,臺南市永康區****,,否,,,,,,,
147,朱正軒,111年臺南市議員選舉,首次申報,1110930,雜支支出,傑源資訊有限公司,,0.00,3500.00,,,,自黏標籤紙,金錢,台南市東區圍****,,否,,,,,,,
148,朱正軒,111年臺南市議員選舉,首次申報,1110930,雜支支出,尚美鮮花店,70909357,0.00,8000.00,,,,花柱.蘭花,金錢,台南市永康區****,,否,,,,,,,
149,朱正軒,111年臺南市議員選舉,首次申報,1111001,雜支支出,濬詠企業社,81276962,0.00,300.00,,,,餐飲費用,金錢,臺南市永康區****,,否,,,,,,,
150,朱正軒,111年臺南市議員選舉,首次申報,1111001,雜支支出,濬詠企業社,81276962,0.00,475.00,,,,餐飲費用,金錢,臺南市永康區****,,否,,,,,,,
151,朱正軒,111年臺南市議員選舉,首次申報,1111002,雜支支出,永安鎖印行,09090447,0.00,1050.00,,,,文具用品費用,金錢,台南市永康區****,,否,,,,,,,
152,朱正軒,111年臺南市議員選舉,首次申報,1111002,交通旅運支出,永昇加油站實業股份有限公司,22808372,0.00,120.00,,,,油資,金錢,台南市東區中****,,否,,,,,,,
153,朱正軒,111年臺南市議員選舉,首次申報,1111002,交通旅運支出,益生豐有限公司,59312211,0.00,1372.00,,,,油資,金錢,臺南市南區建****,,否,,,,,,,
154,朱正軒,111年臺南市議員選舉,首次申報,1111002,宣傳支出,成達企業社,99507022,0.00,6200.00,,,,製作競選物品或宣傳廣告費用（易拉展）,金錢,臺南市新營區****,,否,,,,,,,
155,朱正軒,111年臺南市議員選舉,首次申報,1111003,雜支支出,就是想喝茶飲,08970021,0.00,125.00,,,,餐飲費用,金錢,台南市永康區****,,否,,,,,,,
156,朱正軒,111年臺南市議員選舉,首次申報,1111003,雜支支出,媽咪急買社,40905946,0.00,610.00,,,,餐飲費用,金錢,台南市永康區****,,否,,,,,,,
157,朱正軒,111年臺南市議員選舉,首次申報,1111003,集會支出,榮華製帽行,68934008,0.00,17500.00,,,,競總成立大會-帽子乙批,金錢,臺南市中西區****,,否,,,,,,,
158,朱正軒,111年臺南市議員選舉,首次申報,1111006,雜支支出,就是想喝茶飲,08970021,0.00,150.00,,,,餐飲費用,金錢,臺南市永康區****,,否,,,,,,,
159,朱正軒,111年臺南市議員選舉,首次申報,1111006,交通旅運支出,瑞曜企業有限公司,28127893,0.00,1358.00,,,,油資,金錢,台南市永康區****,,否,,,,,,,
160,朱正軒,111年臺南市議員選舉,首次申報,1111006,雜支支出,媽咪急買社,40905946,0.00,600.00,,,,餐飲費用,金錢,台南市永康區****,,否,,,,,,,
161,朱正軒,111年臺南市議員選舉,首次申報,1111007,宣傳支出,樞馥企業有限公司,42918290,0.00,283000.00,,,,製作競選物品或宣傳廣告費用（客製化口罩）,金錢,臺南市仁德區****,,否,,,,,,,
162,朱正軒,111年臺南市議員選舉,首次申報,1111009,交通旅運支出,統一精工股份有限公司永康二站加油站,17831731,0.00,1408.00,,,,油資,金錢,臺南市永康區****,,否,,,,,,,
163,朱正軒,111年臺南市議員選舉,首次申報,1111010,人事費用支出,張耀文,B12*******,0.00,35000.00,,,,工資或薪津,金錢,台中市南區長****,,否,,,,,,,
164,朱正軒,111年臺南市議員選舉,首次申報,1111010,人事費用支出,林宜昀,B22*******,0.00,32000.00,,,,工資或薪津,金錢,台南市東區前****,,否,,,,,,,
165,朱正軒,111年臺南市議員選舉,首次申報,1111010,人事費用支出,黃浩修,D12*******,0.00,40000.00,,,,工資或薪津,金錢,台南市東區仁****,,否,,,,,,,
166,朱正軒,111年臺南市議員選舉,首次申報,1111010,人事費用支出,林宸妤,D22*******,0.00,18000.00,,,,工資或薪津,金錢,台南市東區生****,,否,,,,,,,
167,朱正軒,111年臺南市議員選舉,首次申報,1111010,人事費用支出,劉亞叡,N12*******,0.00,35000.00,,,,工資或薪津,金錢,台北市新莊區****,,否,,,,,,,
168,朱正軒,111年臺南市議員選舉,首次申報,1111010,人事費用支出,蕭淑云,R22*******,0.00,40000.00,,,,工資或薪津,金錢,台南市東區生****,,否,,,,,,,
169,朱正軒,111年臺南市議員選舉,首次申報,1111010,人事費用支出,金韋國,S12*******,0.00,30000.00,,,,工資或薪津,金錢,台南市民權北****,,否,,,,,,,
170,朱正軒,111年臺南市議員選舉,首次申報,1111010,人事費用支出,張閎鈞,S12*******,0.00,30000.00,,,,工資或薪津,金錢,台南市東區大****,,否,,,,,,,
171,朱正軒,111年臺南市議員選舉,首次申報,1111011,雜支支出,媽咪急買社,40905946,0.00,1840.00,,,,餐飲費用,金錢,台南市永康區****,,否,,,,,,,
172,朱正軒,111年臺南市議員選舉,首次申報,1111011,宣傳支出,威信廣告企業社,88987592,0.00,125085.00,,,,製作競選物品或宣傳廣告費用（帆布看板輸出）,金錢,臺南市歸仁區****,,否,,,,,,,
173,朱正軒,111年臺南市議員選舉,首次申報,1111012,雜支支出,竹軒園簡餐,14358541,0.00,840.00,,,,餐飲費用,金錢,臺南市永康區****,,否,,,,,,,
174,朱正軒,111年臺南市議員選舉,首次申報,1111013,宣傳支出,中華郵政股份有限公司,03741302,0.00,66034.00,,,,郵寄總部成立大會邀請函,金錢,臺北市大安區****,,否,,,,,,,
175,朱正軒,111年臺南市議員選舉,首次申報,1111013,雜支支出,竹軒園簡餐,14358541,0.00,1250.00,,,,餐飲費用,金錢,臺南市永康區****,,否,,,,,,,
176,朱正軒,111年臺南市議員選舉,首次申報,1111014,宣傳支出,中華郵政股份有限公司,03741302,0.00,5472.00,,,,郵寄競選總部成立邀請函,金錢,臺北市大安區****,,否,,,,,,,
177,朱正軒,111年臺南市議員選舉,首次申報,1111014,雜支支出,竹軒園簡餐,14358541,0.00,640.00,,,,餐飲費用,金錢,臺南市永康區****,,否,,,,,,,
178,朱正軒,111年臺南市議員選舉,首次申報,1111014,交通旅運支出,峰錡企業有限公司,24406769,0.00,1200.00,,,,油資,金錢,台南市永康區****,,否,,,,,,,
179,朱正軒,111年臺南市議員選舉,首次申報,1111015,雜支支出,就是想喝茶飲,08970021,0.00,280.00,,,,餐飲費用,金錢,臺南市永康區****,,否,,,,,,,
180,朱正軒,111年臺南市議員選舉,首次申報,1111015,雜支支出,就是想喝茶飲,08970021,0.00,280.00,,,,餐飲費用,金錢,臺南市永康區****,,否,,,,,,,
181,朱正軒,111年臺南市議員選舉,首次申報,1111015,集會支出,榮華製帽行,68934008,0.00,6900.00,,,,競總成立-志工背心,金錢,臺南市中西區****,,否,,,,,,,
182,朱正軒,111年臺南市議員選舉,首次申報,1111015,交通旅運支出,美吉加油站股份有限公司,70659560,0.00,162.00,,,,油資,金錢,臺南市永康區****,,否,,,,,,,
183,朱正軒,111年臺南市議員選舉,首次申報,1111015,交通旅運支出,美吉加油站股份有限公司,70659560,0.00,130.00,,,,油資,金錢,臺南市永康區****,,否,,,,,,,
184,朱正軒,111年臺南市議員選舉,首次申報,1111015,雜支支出,濬詠企業社,81276962,0.00,475.00,,,,餐飲費用,金錢,臺南市永康區****,,否,,,,,,,
185,朱正軒,111年臺南市議員選舉,首次申報,1111016,雜支支出,尚美鮮花店,70909357,0.00,8000.00,,,,蘭花(祝賀候選人總部成立),金錢,台南市永康區****,,否,,,,,,,
186,朱正軒,111年臺南市議員選舉,首次申報,1111017,集會支出,台南市政府環境保護局,,0.00,3000.00,,,,租用設備費用,金錢,台南市東區中****,,否,,,,,,,
187,朱正軒,111年臺南市議員選舉,首次申報,1111017,雜支支出,就是想喝茶飲,08970021,0.00,320.00,,,,餐飲費用,金錢,臺南市永康區****,,否,,,,,,,
188,朱正軒,111年臺南市議員選舉,首次申報,1111017,雜支支出,就是想喝茶飲,08970021,0.00,375.00,,,,餐飲費用,金錢,臺南市永康區****,,否,,,,,,,
189,朱正軒,111年臺南市議員選舉,首次申報,1111017,雜支支出,竹軒園簡餐,14358541,0.00,960.00,,,,餐飲費用,金錢,臺南市永康區****,,否,,,,,,,
190,朱正軒,111年臺南市議員選舉,首次申報,1111017,交通旅運支出,一路發加油站股份有限公司,16208391,0.00,1346.00,,,,油資,金錢,台南市永康區****,,否,,,,,,,
191,朱正軒,111年臺南市議員選舉,首次申報,1111017,租用競選辦事處支出,天音廣告有限公司,25006121,0.00,83879.00,,,,裝潢競選辦事處費用,金錢,臺南市官田區****,,否,,,,,,,
192,朱正軒,111年臺南市議員選舉,首次申報,1111017,雜支支出,濬詠企業社,81276962,0.00,425.00,,,,餐飲費用,金錢,臺南市永康區****,,否,,,,,,,
193,朱正軒,111年臺南市議員選舉,首次申報,1111017,租用宣傳車輛支出,王有荒,D10*******,0.00,26000.00,,,,雇用宣傳車輛駕駛費用,金錢,台南市歸仁區****,,否,,,,,,,
194,朱正軒,111年臺南市議員選舉,首次申報,1111018,雜支支出,竹軒園簡餐,14358541,0.00,1070.00,,,,餐飲費用,金錢,臺南市永康區****,,否,,,,,,,
195,朱正軒,111年臺南市議員選舉,首次申報,1111018,交通旅運支出,嘉仁加油站股份有限公司,23193628,0.00,1094.00,,,,油資,金錢,臺南市仁德區****,,否,,,,,,,
196,朱正軒,111年臺南市議員選舉,首次申報,1111018,雜支支出,濬詠企業社,81276962,0.00,500.00,,,,餐飲費用,金錢,臺南市永康區****,,否,,,,,,,
197,朱正軒,111年臺南市議員選舉,首次申報,1111019,雜支支出,就是想喝茶飲,08970021,0.00,275.00,,,,餐飲費用,金錢,臺南市永康區****,,否,,,,,,,
198,朱正軒,111年臺南市議員選舉,首次申報,1111020,集會支出,黑格印染社,14392463,0.00,12000.00,,,,成立大會-候選人Q版貼紙,金錢,台南市東區大****,,否,,,,,,,
199,朱正軒,111年臺南市議員選舉,首次申報,1111020,公共關係費用支出,瑞興禮品社,37793159,0.00,6250.00,,,,八仙彩,金錢,桃園市大溪區****,,否,,,,,,,
200,朱正軒,111年臺南市議員選舉,首次申報,1111020,公共關係費用支出,瑞興禮品社,37793159,0.00,6500.00,,,,為民服務費用-中堂,金錢,桃園市大溪區****,,否,,,,,,,
201,朱正軒,111年臺南市議員選舉,首次申報,1111020,交通旅運支出,益生豐有限公司,59312211,0.00,100.00,,,,油資,金錢,臺南市南區建****,,否,,,,,,,
202,朱正軒,111年臺南市議員選舉,首次申報,1111020,雜支支出,星星百貨文具行,73174055,0.00,433.00,,,,文具用品費用,金錢,臺南市永康區****,,否,,,,,,,
203,朱正軒,111年臺南市議員選舉,首次申報,1111020,雜支支出,大灣福創意廚房崑山營業所,89081363,0.00,1290.00,,,,餐飲費用,金錢,臺南市永康區****,,否,,,,,,,
204,朱正軒,111年臺南市議員選舉,首次申報,1111021,雜支支出,就是想喝茶飲,08970021,0.00,410.00,,,,餐飲費用,金錢,臺南市永康區****,,否,,,,,,,
205,朱正軒,111年臺南市議員選舉,首次申報,1111021,雜支支出,就是想喝茶飲,08970021,0.00,500.00,,,,餐飲費用,金錢,臺南市永康區****,,否,,,,,,,
206,朱正軒,111年臺南市議員選舉,首次申報,1111021,雜支支出,竹軒園簡餐,14358541,0.00,1650.00,,,,餐飲費用,金錢,臺南市永康區****,,否,,,,,,,
207,朱正軒,111年臺南市議員選舉,首次申報,1111021,集會支出,榮華製帽行,68934008,0.00,16940.00,,,,競總成立-幹部背心,金錢,臺南市中西區****,,否,,,,,,,
208,朱正軒,111年臺南市議員選舉,首次申報,1111021,集會支出,榮華製帽行,68934008,0.00,17500.00,,,,競總成立大會-帽子乙批,金錢,臺南市中西區****,,否,,,,,,,
209,朱正軒,111年臺南市議員選舉,首次申報,1111021,集會支出,榮華製帽行,68934008,0.00,2400.00,,,,肩帶(候選人與其牽手),金錢,臺南市中西區****,,否,,,,,,,
210,朱正軒,111年臺南市議員選舉,首次申報,1111021,雜支支出,榮華製帽行,68934008,0.00,2400.00,,,,候選人肩帶,金錢,臺南市中西區****,,否,,,,,,,
211,朱正軒,111年臺南市議員選舉,首次申報,1111021,交通旅運支出,美吉加油站股份有限公司,70659560,0.00,859.00,,,,油資,金錢,臺南市永康區****,,否,,,,,,,
212,朱正軒,111年臺南市議員選舉,首次申報,1111021,交通旅運支出,美吉加油站股份有限公司,70659560,0.00,273.00,,,,油資,金錢,臺南市永康區****,,否,,,,,,,
213,朱正軒,111年臺南市議員選舉,首次申報,1111021,雜支支出,星星百貨文具行,73174055,0.00,80.00,,,,文具用品費用,金錢,臺南市永康區****,,否,,,,,,,
214,朱正軒,111年臺南市議員選舉,首次申報,1111022,集會支出,擱再來手工包子饅頭,,0.00,5100.00,,,,餐飲費用,金錢,台南市永康區****,,否,,,,,,,
215,朱正軒,111年臺南市議員選舉,首次申報,1111022,集會支出,沈家莊包子店,,0.00,2750.00,,,,餐飲費用,金錢,台南市永康區****,,否,,,,,,,
216,朱正軒,111年臺南市議員選舉,首次申報,1111022,雜支支出,就是想喝茶飲,08970021,0.00,500.00,,,,餐飲費用,金錢,臺南市永康區****,,否,,,,,,,
217,朱正軒,111年臺南市議員選舉,首次申報,1111022,雜支支出,就是想喝茶飲,08970021,0.00,750.00,,,,餐飲費用,金錢,臺南市永康區****,,否,,,,,,,
218,朱正軒,111年臺南市議員選舉,首次申報,1111022,集會支出,在和企業社,10852014,0.00,14200.00,,,,租用設備費用,金錢,臺南市安南區****,,否,,,,,,,
219,朱正軒,111年臺南市議員選舉,首次申報,1111022,集會支出,在和企業社,10852014,0.00,4200.00,,,,租用設備費用,金錢,臺南市安南區****,,否,,,,,,,
220,朱正軒,111年臺南市議員選舉,首次申報,1111022,集會支出,竹軒園簡餐,14358541,0.00,2850.00,,,,競選總部成立大會工作人員餐飲費用,金錢,臺南市永康區****,,否,,,,,,,
221,朱正軒,111年臺南市議員選舉,首次申報,1111022,雜支支出,竹軒園簡餐,14358541,0.00,800.00,,,,餐飲費用,金錢,臺南市永康區****,,否,,,,,,,
222,朱正軒,111年臺南市議員選舉,首次申報,1111022,集會支出,明義宴席,14998899,0.00,35575.00,,,,餐飲費用,金錢,臺南市永康區****,,否,,,,,,,
223,朱正軒,111年臺南市議員選舉,首次申報,1111023,雜支支出,王將有限公司(正忠排骨飯),54068462,0.00,2805.00,,,,餐飲費用,金錢,台南市永康區****,,否,,,,,,,
224,朱正軒,111年臺南市議員選舉,首次申報,1111023,人事費用支出,廖育瑯,M12*******,0.00,5000.00,,,,工資或薪津,金錢,臺南市永康區****,,否,,,,,,,
225,朱正軒,111年臺南市議員選舉,首次申報,1111023,租用宣傳車輛支出,江樹森,R10*******,0.00,16000.00,,,,雇用宣傳車輛駕駛費用,金錢,臺南市東區崇****,,否,,,,,,,
226,朱正軒,111年臺南市議員選舉,首次申報,1111024,交通旅運支出,金嘉旺股份有限公司,24905977,0.00,1334.00,,,,油資,金錢,臺南市安南區****,,否,,,,,,,
227,朱正軒,111年臺南市議員選舉,首次申報,1111024,交通旅運支出,台灣中油股份有限公司油品行銷事業部台南營業處大灣加油站,73696646,0.00,750.00,,,,油資,金錢,臺南市永康區****,,否,,,,,,,
228,朱正軒,111年臺南市議員選舉,首次申報,1111024,人事費用支出,呂經緯,R22*******,0.00,1200.00,,,,工資或薪津,金錢,臺南市永康區****,,否,,,,,,,
229,朱正軒,111年臺南市議員選舉,首次申報,1111024,人事費用支出,羅芯巧,R22*******,0.00,9900.00,,,,工資或薪津,金錢,臺南市新市區****,,否,,,,,,,
230,朱正軒,111年臺南市議員選舉,首次申報,1111024,人事費用支出,陳怡蓁,R22*******,0.00,12900.00,,,,工資或薪津,金錢,臺南市歸仁區****,,否,,,,,,,
231,朱正軒,111年臺南市議員選舉,首次申報,1111025,雜支支出,竹軒園簡餐,14358541,0.00,1240.00,,,,餐飲費用,金錢,台南市永康區****,,否,,,,,,,
232,朱正軒,111年臺南市議員選舉,首次申報,1111025,宣傳支出,黑格印染社,14392463,0.00,16000.00,,,,候選人號碼貼,金錢,台南市東區大****,,否,,,,,,,
233,朱正軒,111年臺南市議員選舉,首次申報,1111027,雜支支出,就是想喝茶飲,08970021,0.00,375.00,,,,餐飲費用,金錢,臺南市永康區****,,否,,,,,,,
234,朱正軒,111年臺南市議員選舉,首次申報,1111027,雜支支出,竹軒園簡餐,14358541,0.00,1560.00,,,,餐飲費用,金錢,臺南市永康區****,,否,,,,,,,
235,朱正軒,111年臺南市議員選舉,首次申報,1111027,交通旅運支出,峰錡企業有限公司,24406769,0.00,750.00,,,,油資,金錢,臺南市永康區****,,否,,,,,,,
236,朱正軒,111年臺南市議員選舉,首次申報,1111027,租用宣傳車輛支出,王有荒,D10*******,0.00,26000.00,,,,雇用宣傳車輛駕駛費用,金錢,台南市歸仁區****,,否,,,,,,,
237,朱正軒,111年臺南市議員選舉,首次申報,1111028,雜支支出,就是想喝茶飲,08970021,0.00,500.00,,,,餐飲費用,金錢,臺南市永康區****,,否,,,,,,,
238,朱正軒,111年臺南市議員選舉,首次申報,1111028,交通旅運支出,峰錡企業有限公司,24406769,0.00,1339.00,,,,油資,金錢,台南市永康區****,,否,,,,,,,
239,朱正軒,111年臺南市議員選舉,首次申報,1111028,交通旅運支出,瑞曜企業有限公司,28127893,0.00,1030.00,,,,油資,金錢,台南市永康區****,,否,,,,,,,
240,朱正軒,111年臺南市議員選舉,首次申報,1111028,雜支支出,媽咪急買社,40905946,0.00,2550.00,,,,餐飲費用,金錢,台南市永康區****,,否,,,,,,,
241,朱正軒,111年臺南市議員選舉,首次申報,1111029,集會支出,黑格印染社,14392463,0.00,11000.00,,,,公投說明會-手舉牌、文宣,金錢,台南市東區大****,,否,,,,,,,
242,朱正軒,111年臺南市議員選舉,首次申報,1111030,集會支出,在和企業社,10852014,0.00,5000.00,,,,租用設備費用,金錢,臺南市安南區****,,否,,,,,,,
243,朱正軒,111年臺南市議員選舉,首次申報,1111030,雜支支出,尚美鮮花店,70909357,0.00,9000.00,,,,蘭花(祝賀候選人總部成立),金錢,台南市永康區****,,否,,,,,,,
244,朱正軒,111年臺南市議員選舉,首次申報,1111030,集會支出,濬詠企業社,81276962,0.00,1100.00,,,,餐飲費用,金錢,臺南市永康區****,,否,,,,,,,
245,朱正軒,111年臺南市議員選舉,首次申報,1111031,雜支支出,鍋燒專賣店,47877229,0.00,480.00,,,,餐飲費用,金錢,臺南市永康區****,,否,,,,,,,
246,朱正軒,111年臺南市議員選舉,首次申報,1111031,宣傳支出,心一企業股份有限公司,89494723,0.00,20000.00,,,,製作競選物品或宣傳廣告費用（包裝飲用水）,金錢,高雄市仁武區****,,否,,,,,,,
247,朱正軒,111年臺南市議員選舉,首次申報,1111031,宣傳支出,心一企業股份有限公司,89494723,0.00,20000.00,,,,製作競選物品或宣傳廣告費用（包裝飲用水）,金錢,高雄市仁武區****,,否,,,,,,,
248,朱正軒,111年臺南市議員選舉,首次申報,1111031,宣傳支出,心一企業股份有限公司,89494723,0.00,20000.00,,,,製作競選物品或宣傳廣告費用（包裝飲用水）,金錢,高雄市仁武區****,,否,,,,,,,
249,朱正軒,111年臺南市議員選舉,首次申報,1111031,雜支支出,龍翔服飾店,99276850,0.00,10920.00,,,,競選團隊背心+轉印,金錢,台南市東區崇****,,否,,,,,,,
250,朱正軒,111年臺南市議員選舉,首次申報,1111101,交通旅運支出,峰錡企業有限公司,24406769,0.00,910.00,,,,油資,金錢,臺南市永康區****,,否,,,,,,,
251,朱正軒,111年臺南市議員選舉,首次申報,1111101,交通旅運支出,北基國際股份有限公司北基崑山加油站,37668167,0.00,1310.00,,,,油資,金錢,臺南市永康區****,,否,,,,,,,
252,朱正軒,111年臺南市議員選舉,首次申報,1111102,人事費用支出,中華民國衛生福利部,03720221,0.00,10740.00,,,,其他因工作酬勞之給付-健保,金錢,台北市南港區****,,否,,,,,,,
253,朱正軒,111年臺南市議員選舉,首次申報,1111102,人事費用支出,中華民國衛生福利部,03720221,0.00,5316.00,,,,其他因工作酬勞之給付-健保,金錢,台北市南港區****,,否,,,,,,,
254,朱正軒,111年臺南市議員選舉,首次申報,1111102,雜支支出,就是想喝茶飲,08970021,0.00,350.00,,,,餐飲費用,金錢,臺南市永康區****,,否,,,,,,,
255,朱正軒,111年臺南市議員選舉,首次申報,1111102,交通旅運支出,台灣糖業股份有限公司油品事業部台糖永安加油站,25802935,0.00,500.00,,,,油資,金錢,臺南市永康區****,,否,,,,,,,
256,朱正軒,111年臺南市議員選舉,首次申報,1111102,雜支支出,天生企業社,37561995,0.00,79800.00,,,,雜項購置或修繕費用(自黏袋),金錢,臺南市安南區****,,否,,,,,,,
257,朱正軒,111年臺南市議員選舉,首次申報,1111102,雜支支出,媽咪急買社,40905946,0.00,2200.00,,,,餐飲費用,金錢,台南市永康區****,,否,,,,,,,
258,朱正軒,111年臺南市議員選舉,首次申報,1111103,雜支支出,紫米玫瑰健康食尚館,10766475,0.00,1600.00,,,,餐飲費用,金錢,臺南市永康區****,,否,,,,,,,
259,朱正軒,111年臺南市議員選舉,首次申報,1111103,交通旅運支出,峰錡企業有限公司,24406769,0.00,700.00,,,,油資,金錢,台南市永康區****,,否,,,,,,,
260,朱正軒,111年臺南市議員選舉,首次申報,1111103,雜支支出,龍翔服飾店,99276850,0.00,10310.00,,,,競選志工背心,金錢,台南市東區崇****,,否,,,,,,,
261,朱正軒,111年臺南市議員選舉,首次申報,1111103,雜支支出,龍翔服飾店,99276850,0.00,2000.00,,,,服務團隊背心,金錢,台南市東區崇****,,否,,,,,,,
262,朱正軒,111年臺南市議員選舉,首次申報,1111104,雜支支出,竹軒園簡餐,14358541,0.00,1000.00,,,,餐飲費用,金錢,臺南市永康區****,,否,,,,,,,
263,朱正軒,111年臺南市議員選舉,首次申報,1111104,雜支支出,八方雲集餐飲股份有限公司御廚台南復國店,88790752,0.00,616.00,,,,餐飲費用,金錢,臺南市永康區****,,否,,,,,,,
264,朱正軒,111年臺南市議員選舉,首次申報,1111104,人事費用支出,羅芯巧,R22*******,0.00,12400.00,,,,工資或薪津,金錢,臺南市新市區****,,否,,,,,,,
265,朱正軒,111年臺南市議員選舉,首次申報,1111105,交通旅運支出,峰錡企業有限公司,24406769,0.00,500.00,,,,油資,金錢,台南市永康區****,,否,,,,,,,
266,朱正軒,111年臺南市議員選舉,首次申報,1111105,宣傳支出,富辰創意印刷有限公司,64902005,0.00,108000.00,,,,製作競選物品或宣傳廣告費用（手舉牌、車貼、汽車燈箱）,金錢,臺南市南區大****,,否,,,,,,,
267,朱正軒,111年臺南市議員選舉,首次申報,1111105,雜支支出,蘋果花飲料店(米里),81446191,0.00,252.00,,,,餐飲費用,金錢,台南市永康區****,,否,,,,,,,
268,朱正軒,111年臺南市議員選舉,首次申報,1111105,租用宣傳車輛支出,王有荒,D10*******,0.00,26000.00,,,,雇用宣傳車輛駕駛費用,金錢,台南市歸仁區****,,否,,,,,,,
269,朱正軒,111年臺南市議員選舉,首次申報,1111105,租用宣傳車輛支出,施文玉,R10*******,0.00,22400.00,,,,雇用宣傳車輛駕駛費用,金錢,臺南市永康區****,,否,,,,,,,
270,朱正軒,111年臺南市議員選舉,首次申報,1111105,租用宣傳車輛支出,江樹森,R10*******,0.00,19200.00,,,,雇用宣傳車輛駕駛費用,金錢,臺南市東區崇****,,否,,,,,,,
271,朱正軒,111年臺南市議員選舉,首次申報,1111105,人事費用支出,陳怡蓁,R22*******,0.00,13600.00,,,,工資或薪津,金錢,臺南市歸仁區****,,否,,,,,,,
272,朱正軒,111年臺南市議員選舉,首次申報,1111106,交通旅運支出,峰錡企業有限公司,24406769,0.00,600.00,,,,油資,金錢,台南市永康區****,,否,,,,,,,
273,朱正軒,111年臺南市議員選舉,首次申報,1111107,宣傳支出,心一企業股份有限公司,89494723,0.00,30000.00,,,,製作競選物品或宣傳廣告費用（包裝飲用水）,金錢,高雄市仁武區****,,否,,,,,,,
274,朱正軒,111年臺南市議員選舉,首次申報,1111108,雜支支出,蘋果花飲料店(米里),81446191,0.00,525.00,,,,餐飲費用,金錢,台南市永康區****,,否,,,,,,,
275,朱正軒,111年臺南市議員選舉,首次申報,1111108,人事費用支出,鄭瑀,D22*******,0.00,2200.00,,,,工資或薪津,金錢,台南市南區灣****,,否,,,,,,,
276,朱正軒,111年臺南市議員選舉,首次申報,1111109,交通旅運支出,瑞曜企業有限公司,28127893,0.00,1350.00,,,,油資,金錢,台南市永康區****,,否,,,,,,,
277,朱正軒,111年臺南市議員選舉,首次申報,1111109,雜支支出,蘋果花飲料店(米里),81446191,0.00,250.00,,,,餐飲費用,金錢,台南市永康區****,,否,,,,,,,
278,朱正軒,111年臺南市議員選舉,首次申報,1111109,雜支支出,大灣福創意廚房崑山營業所,89081363,0.00,1380.00,,,,餐飲費用,金錢,臺南市永康區****,,否,,,,,,,
279,朱正軒,111年臺南市議員選舉,首次申報,1111110,交通旅運支出,峰錡企業有限公司,24406769,0.00,740.00,,,,油資,金錢,台南市永康區****,,否,,,,,,,
280,朱正軒,111年臺南市議員選舉,首次申報,1111110,宣傳支出,安心開發企業有限公司,25016401,0.00,50000.00,,,,製作競選物品或宣傳廣告費用（精油貼布）,金錢,嘉義縣太保市****,,否,,,,,,,
281,朱正軒,111年臺南市議員選舉,首次申報,1111110,人事費用支出,張耀文,B12*******,0.00,37000.00,,,,工資或薪津,金錢,台中市南區長****,,否,,,,,,,
282,朱正軒,111年臺南市議員選舉,首次申報,1111110,人事費用支出,林宜昀,B22*******,0.00,35000.00,,,,工資或薪津,金錢,台南市東區前****,,否,,,,,,,
283,朱正軒,111年臺南市議員選舉,首次申報,1111110,人事費用支出,林宸妤,D22*******,0.00,26000.00,,,,工資或薪津,金錢,台南市東區生****,,否,,,,,,,
284,朱正軒,111年臺南市議員選舉,首次申報,1111110,人事費用支出,劉亞叡,N12*******,0.00,38000.00,,,,工資或薪津,金錢,台北市新莊區****,,否,,,,,,,
285,朱正軒,111年臺南市議員選舉,首次申報,1111110,人事費用支出,金韋國,S12*******,0.00,30000.00,,,,工資或薪津,金錢,台南市民權北****,,否,,,,,,,
286,朱正軒,111年臺南市議員選舉,首次申報,1111111,交通旅運支出,一路發加油站股份有限公司,16208391,0.00,353.00,,,,油資,金錢,台南市永康區****,,否,,,,,,,
287,朱正軒,111年臺南市議員選舉,首次申報,1111111,交通旅運支出,一路發加油站股份有限公司,16208391,0.00,286.00,,,,油資,金錢,台南市永康區****,,否,,,,,,,
288,朱正軒,111年臺南市議員選舉,首次申報,1111111,交通旅運支出,台灣高速鐵路股份有限公司,16446274,0.00,1350.00,,,,搭乘交通工具費用,金錢,臺北市南港區****,,否,,,,,,,
289,朱正軒,111年臺南市議員選舉,首次申報,1111111,交通旅運支出,台灣高速鐵路股份有限公司,16446274,0.00,1350.00,,,,搭乘交通工具費用,金錢,臺北市南港區****,,否,,,,,,,
290,朱正軒,111年臺南市議員選舉,首次申報,1111111,雜支支出,王將有限公司(正忠排骨飯),54068462,0.00,1650.00,,,,餐飲費用,金錢,台南市永康區****,,否,,,,,,,
291,朱正軒,111年臺南市議員選舉,首次申報,1111111,雜支支出,蘋果花飲料店(米里),81446191,0.00,425.00,,,,餐飲費用,金錢,台南市永康區****,,否,,,,,,,
292,朱正軒,111年臺南市議員選舉,首次申報,1111111,人事費用支出,黃浩修,D12*******,0.00,43000.00,,,,工資或薪津,金錢,台南市東區仁****,,否,,,,,,,
293,朱正軒,111年臺南市議員選舉,首次申報,1111112,雜支支出,就是想喝茶飲,08970021,0.00,250.00,,,,餐飲費用,金錢,臺南市永康區****,,否,,,,,,,
294,朱正軒,111年臺南市議員選舉,首次申報,1111112,雜支支出,八方雲集餐飲股份有限公司御廚台南復國店,88790752,0.00,812.00,,,,餐飲費用,金錢,臺南市永康區****,,否,,,,,,,
295,朱正軒,111年臺南市議員選舉,首次申報,1111113,交通旅運支出,一路發加油站股份有限公司,16208391,0.00,1411.00,,,,油資,金錢,台南市永康區****,,否,,,,,,,
296,朱正軒,111年臺南市議員選舉,首次申報,1111113,交通旅運支出,台灣中油股份有限公司油品行銷事業部台南營業處大灣加油站,73696646,0.00,880.00,,,,油資,金錢,臺南市永康區****,,否,,,,,,,
297,朱正軒,111年臺南市議員選舉,首次申報,1111113,雜支支出,大灣福創意廚房崑山營業所,89081363,0.00,995.00,,,,餐飲費用,金錢,臺南市永康區****,,否,,,,,,,
298,朱正軒,111年臺南市議員選舉,首次申報,1111114,雜支支出,蘋果花飲料店(米里),81446191,0.00,250.00,,,,餐飲費用,金錢,台南市永康區****,,否,,,,,,,
299,朱正軒,111年臺南市議員選舉,首次申報,1111114,宣傳支出,宗立企業有限公司,85013202,0.00,32000.00,,,,其他與選舉宣傳有關之費用(派報),金錢,台南市仁德區****,,否,,,,,,,
300,朱正軒,111年臺南市議員選舉,首次申報,1111114,人事費用支出,易喬誼,S22*******,0.00,4950.00,,,,工資或薪津,金錢,台南市永康區****,,否,,,,,,,
301,朱正軒,111年臺南市議員選舉,首次申報,1111115,雜支支出,天生企業社,37561995,0.00,9500.00,,,,自黏包裝袋,金錢,台南市安南區****,,否,,,,,,,
302,朱正軒,111年臺南市議員選舉,首次申報,1111115,雜支支出,媽咪急買社,40905946,0.00,1430.00,,,,餐飲費用,金錢,台南市永康區****,,否,,,,,,,
303,朱正軒,111年臺南市議員選舉,首次申報,1111115,人事費用支出,呂經緯,R22*******,0.00,3240.00,,,,工資或薪津,金錢,臺南市永康區****,,否,,,,,,,
304,朱正軒,111年臺南市議員選舉,首次申報,1111116,雜支支出,就是想喝茶飲,08970021,0.00,270.00,,,,餐飲費用,金錢,臺南市永康區****,,否,,,,,,,
305,朱正軒,111年臺南市議員選舉,首次申報,1111116,雜支支出,竹軒園簡餐,14358541,0.00,1220.00,,,,餐飲費用,金錢,臺南市永康區****,,否,,,,,,,
306,朱正軒,111年臺南市議員選舉,首次申報,1111116,宣傳支出,佳祐國際開發有限公司,24208655,0.00,72800.00,,,,製作競選物品或宣傳廣告費用（圓領白T）,金錢,臺南市麻豆區****,,否,,,,,,,
307,朱正軒,111年臺南市議員選舉,首次申報,1111116,交通旅運支出,峰錡企業有限公司,24406769,0.00,1449.00,,,,油資,金錢,台南市永康區****,,否,,,,,,,
308,朱正軒,111年臺南市議員選舉,首次申報,1111116,雜支支出,天生企業社,37561995,0.00,5387.00,,,,雜項購置或修繕費用(自黏袋),金錢,臺南市安南區****,,否,,,,,,,
309,朱正軒,111年臺南市議員選舉,首次申報,1111116,宣傳支出,樞馥企業有限公司,42918290,0.00,304892.00,,,,製作競選物品或宣傳廣告費用（客製化口罩、口罩、包裝袋）,金錢,臺南市仁德區****,,否,,,,,,,
310,朱正軒,111年臺南市議員選舉,首次申報,1111116,雜支支出,蘋果花飲料店(米里),81446191,0.00,225.00,,,,餐飲費用,金錢,台南市永康區****,,否,,,,,,,
311,朱正軒,111年臺南市議員選舉,首次申報,1111116,雜支支出,大灣福創意廚房崑山營業所,89081363,0.00,1215.00,,,,餐飲費用,金錢,臺南市永康區****,,否,,,,,,,
312,朱正軒,111年臺南市議員選舉,首次申報,1111117,交通旅運支出,一路發加油站股份有限公司,16208391,0.00,500.00,,,,油資,金錢,台南市永康區****,,否,,,,,,,
313,朱正軒,111年臺南市議員選舉,首次申報,1111117,交通旅運支出,一路發加油站股份有限公司,16208391,0.00,90.00,,,,油資,金錢,台南市永康區****,,否,,,,,,,
314,朱正軒,111年臺南市議員選舉,首次申報,1111117,交通旅運支出,統一精工股份有限公司永康二站加油站,17831731,0.00,1000.00,,,,油資,金錢,臺南市永康區****,,否,,,,,,,
315,朱正軒,111年臺南市議員選舉,首次申報,1111117,交通旅運支出,峰錡企業有限公司,24406769,0.00,750.00,,,,油資,金錢,台南市永康區****,,否,,,,,,,
316,朱正軒,111年臺南市議員選舉,首次申報,1111117,雜支支出,蘋果花飲料店(米里),81446191,0.00,275.00,,,,餐飲費用,金錢,台南市永康區****,,否,,,,,,,
317,朱正軒,111年臺南市議員選舉,首次申報,1111117,租用宣傳車輛支出,王有荒,D10*******,0.00,26000.00,,,,雇用宣傳車輛駕駛費用,金錢,台南市歸仁區****,,否,,,,,,,
318,朱正軒,111年臺南市議員選舉,首次申報,1111117,租用宣傳車輛支出,施文玉,R10*******,0.00,16000.00,,,,雇用宣傳車輛駕駛費用,金錢,臺南市永康區****,,否,,,,,,,
319,朱正軒,111年臺南市議員選舉,首次申報,1111117,租用宣傳車輛支出,江樹森,R10*******,0.00,16000.00,,,,雇用宣傳車輛駕駛費用,金錢,臺南市東區崇****,,否,,,,,,,
320,朱正軒,111年臺南市議員選舉,首次申報,1111118,雜支支出,竹軒園簡餐,14358541,0.00,230.00,,,,餐飲費用,金錢,臺南市永康區****,,否,,,,,,,
321,朱正軒,111年臺南市議員選舉,首次申報,1111118,雜支支出,竹軒園簡餐,14358541,0.00,1140.00,,,,餐飲費用,金錢,臺南市永康區****,,否,,,,,,,
322,朱正軒,111年臺南市議員選舉,首次申報,1111118,宣傳支出,福綿纖維股份有限公司,73692640,0.00,200000.00,,,,製作競選物品或宣傳廣告費用（客製化口罩）,金錢,臺南市安定區****,,否,,,,,,,
323,朱正軒,111年臺南市議員選舉,首次申報,1111119,雜支支出,就是想喝茶飲,08970021,0.00,325.00,,,,餐飲費用,金錢,臺南市永康區****,,否,,,,,,,
324,朱正軒,111年臺南市議員選舉,首次申報,1111119,交通旅運支出,永昇加油站實業股份有限公司,22808372,0.00,1442.00,,,,油資,金錢,台南市東區中****,,否,,,,,,,
325,朱正軒,111年臺南市議員選舉,首次申報,1111119,交通旅運支出,美吉加油站股份有限公司,70659560,0.00,515.00,,,,油資,金錢,臺南市永康區****,,否,,,,,,,
326,朱正軒,111年臺南市議員選舉,首次申報,1111119,交通旅運支出,美吉加油站股份有限公司,70659560,0.00,143.00,,,,油資,金錢,臺南市永康區****,,否,,,,,,,
327,朱正軒,111年臺南市議員選舉,首次申報,1111119,交通旅運支出,台灣中油股份有限公司油品行銷事業部台南營業處大灣加油站,73696646,0.00,1017.00,,,,油資,金錢,臺南市永康區****,,否,,,,,,,
328,朱正軒,111年臺南市議員選舉,首次申報,1111120,雜支支出,就是想喝茶飲,08970021,0.00,375.00,,,,餐飲費用,金錢,臺南市永康區****,,否,,,,,,,
329,朱正軒,111年臺南市議員選舉,首次申報,1111120,宣傳支出,加多廣告派報工作室,09095908,0.00,8325.00,,,,郵寄競選物品或宣傳廣告費用,金錢,台南市東區崇****,,否,,,,,,,
330,朱正軒,111年臺南市議員選舉,首次申報,1111120,交通旅運支出,峰錡企業有限公司,24406769,0.00,740.00,,,,油資,金錢,台南市永康區****,,否,,,,,,,
331,朱正軒,111年臺南市議員選舉,首次申報,1111120,雜支支出,蘋果花飲料店(米里),81446191,0.00,425.00,,,,餐飲費用,金錢,台南市永康區****,,否,,,,,,,
332,朱正軒,111年臺南市議員選舉,首次申報,1111120,雜支支出,八方雲集餐飲股份有限公司御廚台南永康店,85747900,0.00,2965.00,,,,餐飲費用,金錢,臺南市永康區****,,否,,,,,,,
333,朱正軒,111年臺南市議員選舉,首次申報,1111120,雜支支出,八方雲集餐飲股份有限公司御廚台南復國店,88790752,0.00,950.00,,,,餐飲費用,金錢,臺南市永康區****,,否,,,,,,,
334,朱正軒,111年臺南市議員選舉,首次申報,1111120,人事費用支出,林郁翔,Q12*******,0.00,13700.00,,,,工資或薪津,金錢,台南市南區大****,,否,,,,,,,
335,朱正軒,111年臺南市議員選舉,首次申報,1111121,集會支出,榮華製帽行,68934008,0.00,7000.00,,,,選前之夜-帽子乙批,金錢,臺南市中西區****,,否,,,,,,,
336,朱正軒,111年臺南市議員選舉,首次申報,1111121,雜支支出,八方雲集餐飲股份有限公司御廚台南復國店,88790752,0.00,509.00,,,,餐飲費用,金錢,臺南市永康區****,,否,,,,,,,
337,朱正軒,111年臺南市議員選舉,首次申報,1111121,人事費用支出,陳怡蓁,R22*******,0.00,14900.00,,,,工資或薪津,金錢,臺南市歸仁區****,,否,,,,,,,
338,朱正軒,111年臺南市議員選舉,首次申報,1111121,人事費用支出,羅芯巧,R22*******,0.00,14000.00,,,,工資或薪津,金錢,臺南市新市區****,,否,,,,,,,
339,朱正軒,111年臺南市議員選舉,首次申報,1111122,雜支支出,就是想喝茶飲,08970021,0.00,225.00,,,,餐飲費用,金錢,臺南市永康區****,,否,,,,,,,
340,朱正軒,111年臺南市議員選舉,首次申報,1111122,宣傳支出,嘉南廣告社,17469422,0.00,18200.00,,,,郵寄競選物品或宣傳廣告費用,金錢,雲林縣斗六市****,,否,,,,,,,
341,朱正軒,111年臺南市議員選舉,首次申報,1111122,宣傳支出,富辰創意印刷有限公司,64902005,0.00,120000.00,,,,製作競選物品或宣傳廣告費用（選戰主文宣印刷）,金錢,臺南市南區大****,,否,,,,,,,
342,朱正軒,111年臺南市議員選舉,首次申報,1111122,集會支出,冠岱科技有限公司,80720255,0.00,8400.00,,,,選前之夜-購買螢光棒,金錢,台南市安南區****,,否,,,,,,,
343,朱正軒,111年臺南市議員選舉,首次申報,1111122,宣傳支出,威信廣告企業社,88987592,0.00,155000.00,,,,製作競選物品或宣傳廣告費用（輸出看板帆布）,金錢,臺南市歸仁區****,,否,,,,,,,
344,朱正軒,111年臺南市議員選舉,首次申報,1111123,雜支支出,天歌企業有限公司,,0.00,4500.00,,,,無限擴音器,金錢,新北市興南路****,,否,,,,,,,
345,朱正軒,111年臺南市議員選舉,首次申報,1111123,雜支支出,大灣福創意廚房崑山營業所,89081363,0.00,1270.00,,,,餐飲費用,金錢,臺南市永康區****,,否,,,,,,,
346,朱正軒,111年臺南市議員選舉,首次申報,1111124,集會支出,閣再來包子饅頭,,0.00,4200.00,,,,餐飲費用,金錢,台南市永康區****,,否,,,,,,,
347,朱正軒,111年臺南市議員選舉,首次申報,1111124,交通旅運支出,統一精工股份有限公司永康二站加油站,17831731,0.00,1000.00,,,,油資,金錢,臺南市永康區****,,否,,,,,,,
348,朱正軒,111年臺南市議員選舉,首次申報,1111124,交通旅運支出,峰錡企業有限公司,24406769,0.00,500.00,,,,油資,金錢,台南市永康區****,,否,,,,,,,
349,朱正軒,111年臺南市議員選舉,首次申報,1111124,交通旅運支出,美吉加油站股份有限公司,70659560,0.00,494.00,,,,油資,金錢,臺南市永康區****,,否,,,,,,,
350,朱正軒,111年臺南市議員選舉,首次申報,1111124,交通旅運支出,美吉加油站股份有限公司,70659560,0.00,176.00,,,,油資,金錢,臺南市永康區****,,否,,,,,,,
351,朱正軒,111年臺南市議員選舉,首次申報,1111125,交通旅運支出,瑞曜企業有限公司,28127893,0.00,800.00,,,,油資,金錢,台南市永康區****,,否,,,,,,,
352,朱正軒,111年臺南市議員選舉,首次申報,1111125,返還捐贈支出,達宏營造工程有限公司,70493421,0.00,55000.00,,,,返還,金錢,嘉義縣布袋鎮****,,否,,,,,,,
353,朱正軒,111年臺南市議員選舉,首次申報,1111125,集會支出,濬詠企業社,81276962,0.00,1250.00,,,,餐飲費用,金錢,臺南市永康區****,,否,,,,,,,
354,朱正軒,111年臺南市議員選舉,首次申報,1111125,宣傳支出,集順廣告社,85654819,0.00,8325.00,,,,製作競選物品或宣傳廣告費用（手舉牌）,金錢,臺南市東區忠****,,否,,,,,,,
355,朱正軒,111年臺南市議員選舉,首次申報,1111125,集會支出,集順廣告社,85654819,0.00,1660.00,,,,選前之夜布條,金錢,臺南市東區忠****,,否,,,,,,,
356,朱正軒,111年臺南市議員選舉,首次申報,1111125,集會支出,集順廣告社,85654819,0.00,7232.00,,,,選前之夜投影布幕竹架設置,金錢,臺南市東區忠****,,否,,,,,,,
357,朱正軒,111年臺南市議員選舉,首次申報,1111125,宣傳支出,集順廣告社,85654819,0.00,63746.00,,,,製作競選物品或宣傳廣告費用（廣告看板）,金錢,臺南市東區忠****,,否,,,,,,,
358,朱正軒,111年臺南市議員選舉,首次申報,1111125,雜支支出,永員企業有限公司,86387615,0.00,793.00,,,,免洗餐具,金錢,臺南市永康區****,,否,,,,,,,
359,朱正軒,111年臺南市議員選舉,首次申報,1111125,租用宣傳車輛支出,王有荒,D10*******,0.00,26000.00,,,,雇用宣傳車輛駕駛費用,金錢,台南市歸仁區****,,否,,,,,,,
360,朱正軒,111年臺南市議員選舉,首次申報,1111125,人事費用支出,鄭瑀,D22*******,0.00,18000.00,,,,工資或薪津,金錢,台南市南區灣****,,否,,,,,,,
361,朱正軒,111年臺南市議員選舉,首次申報,1111125,租用宣傳車輛支出,施文玉,R10*******,0.00,16000.00,,,,雇用宣傳車輛駕駛費用,金錢,臺南市永康區****,,否,,,,,,,
362,朱正軒,111年臺南市議員選舉,首次申報,1111125,租用宣傳車輛支出,江樹森,R10*******,0.00,14400.00,,,,雇用宣傳車輛駕駛費用,金錢,臺南市東區崇****,,否,,,,,,,
363,朱正軒,111年臺南市議員選舉,首次申報,1111126,雜支支出,賜久五金百貨商行,10830981,0.00,1990.00,,,,可拉長輪座式電源線,金錢,臺南市永康區****,,否,,,,,,,
364,朱正軒,111年臺南市議員選舉,首次申報,1111126,集會支出,九四五夯複合餐廳,47804182,0.00,11900.00,,,,餐飲費用,金錢,台南市永康區****,,否,,,,,,,
365,朱正軒,111年臺南市議員選舉,首次申報,1111126,交通旅運支出,美吉加油站股份有限公司,70659560,0.00,1471.00,,,,油資,金錢,臺南市永康區****,,否,,,,,,,
366,朱正軒,111年臺南市議員選舉,首次申報,1111126,雜支支出,八方雲集餐飲股份有限公司御廚台南永康店,85747900,0.00,2260.00,,,,餐飲費用,金錢,臺南市永康區****,,否,,,,,,,
367,朱正軒,111年臺南市議員選舉,首次申報,1111127,交通旅運支出,一路發加油站股份有限公司,16208391,0.00,269.00,,,,油資,金錢,台南市永康區****,,否,,,,,,,
368,朱正軒,111年臺南市議員選舉,首次申報,1111127,雜支支出,尚美鮮花店,70909357,0.00,9000.00,,,,蘭花(祝賀當選人),金錢,台南市永康區****,,否,,,,,,,
369,朱正軒,111年臺南市議員選舉,首次申報,1111127,雜支支出,蘋果花飲料店(米里),81446191,0.00,340.00,,,,餐飲費用,金錢,台南市永康區****,,否,,,,,,,
370,朱正軒,111年臺南市議員選舉,首次申報,1111127,雜支支出,八方雲集餐飲股份有限公司御廚台南復國店,88790752,0.00,1293.00,,,,餐飲費用,金錢,臺南市永康區****,,否,,,,,,,
371,朱正軒,111年臺南市議員選舉,首次申報,1111127,人事費用支出,陳怡蓁,R22*******,0.00,6500.00,,,,工資或薪津,金錢,臺南市歸仁區****,,否,,,,,,,
372,朱正軒,111年臺南市議員選舉,首次申報,1111127,人事費用支出,羅芯巧,R22*******,0.00,6900.00,,,,工資或薪津,金錢,臺南市新市區****,,否,,,,,,,
373,朱正軒,111年臺南市議員選舉,首次申報,1111128,雜支支出,竹軒園簡餐,14358541,0.00,850.00,,,,餐飲費用,金錢,臺南市永康區****,,否,,,,,,,
374,朱正軒,111年臺南市議員選舉,首次申報,1111128,人事費用支出,呂經緯,R22*******,0.00,11610.00,,,,工資或薪津,金錢,臺南市永康區****,,否,,,,,,,
375,朱正軒,111年臺南市議員選舉,首次申報,1111129,雜支支出,竹軒園簡餐,14358541,0.00,1040.00,,,,餐飲費用,金錢,臺南市永康區****,,否,,,,,,,
376,朱正軒,111年臺南市議員選舉,首次申報,1111129,交通旅運支出,瑞曜企業有限公司,28127893,0.00,480.00,,,,油資,金錢,台南市永康區****,,否,,,,,,,
377,朱正軒,111年臺南市議員選舉,首次申報,1111129,人事費用支出,易喬誼,S22*******,0.00,11700.00,,,,工資或薪津,金錢,台南市永康區****,,否,,,,,,,
378,朱正軒,111年臺南市議員選舉,首次申報,1111130,宣傳支出,集立廣告社,10140971,0.00,52301.00,,,,製作競選物品或宣傳廣告費用,金錢,台南市南區明****,,否,,,,,,,
379,朱正軒,111年臺南市議員選舉,首次申報,1111130,租用競選辦事處支出,集立廣告社,10140971,0.00,3381.00,,,,裝潢競選辦事處費用(服務處招牌輸出與號碼繪製),金錢,台南市南區明****,,否,,,,,,,
380,朱正軒,111年臺南市議員選舉,首次申報,1111130,宣傳支出,天音廣告有限公司,25006121,0.00,24276.00,,,,租用廣告看板或車體廣告費用,金錢,臺南市官田區****,,否,,,,,,,
381,朱正軒,111年臺南市議員選舉,首次申報,1111130,雜支支出,尚美鮮花店,70909357,0.00,9000.00,,,,蘭花(祝賀當選),金錢,台南市永康區****,,否,,,,,,,
382,朱正軒,111年臺南市議員選舉,首次申報,1111201,交通旅運支出,一路發加油站股份有限公司,16208391,0.00,1500.00,,,,油資,金錢,臺南市永康區****,,否,,,,,,,
383,朱正軒,111年臺南市議員選舉,首次申報,1111201,宣傳支出,吉祥藝廣告企業有限公司,54067843,0.00,335046.00,,,,廣告帆布、竹架、旗座與旗幟,金錢,台南市歸仁區****,,否,,,,,,,
384,朱正軒,111年臺南市議員選舉,首次申報,1111202,租用競選辦事處支出,威信廣告企業社,88987592,0.00,100360.00,,,,裝潢競選辦事處內外之輸出、貼工費用,金錢,臺南市歸仁區****,,否,,,,,,,
385,朱正軒,111年臺南市議員選舉,首次申報,1111205,交通旅運支出,台灣高速鐵路股份有限公司,16446274,0.00,1190.00,,,,搭乘交通工具費用,金錢,臺北市南港區****,,否,,,,,,,
386,朱正軒,111年臺南市議員選舉,首次申報,1111205,交通旅運支出,台灣高速鐵路股份有限公司,16446274,0.00,1190.00,,,,搭乘交通工具費用,金錢,臺北市南港區****,,否,,,,,,,
387,朱正軒,111年臺南市議員選舉,首次申報,1111205,交通旅運支出,台灣高速鐵路股份有限公司,16446274,0.00,1190.00,,,,搭乘交通工具費用,金錢,臺北市南港區****,,否,,,,,,,
388,朱正軒,111年臺南市議員選舉,首次申報,1111205,交通旅運支出,台灣高速鐵路股份有限公司,16446274,0.00,1190.00,,,,搭乘交通工具費用,金錢,臺北市南港區****,,否,,,,,,,
389,朱正軒,111年臺南市議員選舉,首次申報,1111205,交通旅運支出,台灣高速鐵路股份有限公司,16446274,0.00,1190.00,,,,搭乘交通工具費用,金錢,臺北市南港區****,,否,,,,,,,
390,朱正軒,111年臺南市議員選舉,首次申報,1111205,交通旅運支出,台灣高速鐵路股份有限公司,16446274,0.00,1190.00,,,,搭乘交通工具費用,金錢,臺北市南港區****,,否,,,,,,,
391,朱正軒,111年臺南市議員選舉,首次申報,1111205,宣傳支出,吉祥藝廣告企業有限公司,54067843,0.00,152035.00,,,,選舉帆布、貼候選人號碼、看板租金,金錢,台南市歸仁區****,,否,,,,,,,
392,朱正軒,111年臺南市議員選舉,首次申報,1111206,雜支支出,竹軒園簡餐,14358541,0.00,670.00,,,,餐飲費用,金錢,臺南市永康區****,,否,,,,,,,
393,朱正軒,111年臺南市議員選舉,首次申報,1111206,公共關係費用支出,瑞興禮品社,37793159,0.00,7800.00,,,,祝賀中堂,金錢,桃園市大溪區****,,否,,,,,,,
394,朱正軒,111年臺南市議員選舉,首次申報,1111206,宣傳支出,吉祥藝廣告企業有限公司,54067843,0.00,78338.00,,,,看板拆除、扇子、文宣品,金錢,台南市歸仁區****,,否,,,,,,,
395,朱正軒,111年臺南市議員選舉,首次申報,1111209,宣傳支出,宗立企業有限公司,85013202,0.00,39600.00,,,,郵寄競選物品或宣傳廣告費用,金錢,臺南市仁德區****,,否,,,,,,,
396,朱正軒,111年臺南市議員選舉,首次申報,1111209,雜支支出,大灣福創意廚房崑山營業所,89081363,0.00,910.00,,,,餐飲費用,金錢,臺南市永康區****,,否,,,,,,,
397,朱正軒,111年臺南市議員選舉,首次申報,1111209,人事費用支出,林宜昀,B22*******,0.00,35000.00,,,,工資或薪津,金錢,台南市東區前****,,否,,,,,,,
398,朱正軒,111年臺南市議員選舉,首次申報,1111209,人事費用支出,蕭淑云,R22*******,0.00,40000.00,,,,工資或薪津,金錢,台南市東區生****,,否,,,,,,,
399,朱正軒,111年臺南市議員選舉,首次申報,1111210,人事費用支出,張耀文,B12*******,0.00,38000.00,,,,工資或薪津,金錢,台中市南區長****,,否,,,,,,,
400,朱正軒,111年臺南市議員選舉,首次申報,1111210,人事費用支出,黃浩修,D12*******,0.00,43000.00,,,,工資或薪津,金錢,台南市東區仁****,,否,,,,,,,
401,朱正軒,111年臺南市議員選舉,首次申報,1111210,人事費用支出,劉亞叡,N12*******,0.00,38000.00,,,,工資或薪津,金錢,台北市新莊區****,,否,,,,,,,
402,朱正軒,111年臺南市議員選舉,首次申報,1111210,人事費用支出,金韋國,S12*******,0.00,30000.00,,,,工資或薪津,金錢,台南市民權北****,,否,,,,,,,
403,朱正軒,111年臺南市議員選舉,首次申報,1111211,人事費用支出,林宸妤,D22*******,0.00,26000.00,,,,工資或薪津,金錢,台南市東區生****,,否,,,,,,,
404,朱正軒,111年臺南市議員選舉,首次申報,1111212,宣傳支出,山水民意研究股份有限公司,16135975,0.00,62091.00,,,,委託辦理研究、評估、調查、設計或規劃費用,金錢,臺北市松山區****,,否,,,,,,,
405,朱正軒,111年臺南市議員選舉,首次申報,1111212,交通旅運支出,一路發加油站股份有限公司,16208391,0.00,1351.00,,,,油資,金錢,臺南市永康區****,,否,,,,,,,
406,朱正軒,111年臺南市議員選舉,首次申報,1111212,公共關係費用支出,瑞興禮品社,37793159,0.00,16200.00,,,,八仙彩,金錢,桃園市大溪區****,,否,,,,,,,
407,朱正軒,111年臺南市議員選舉,首次申報,1111215,人事費用支出,中華民國衛生福利部,03720221,0.00,9001.00,,,,其他因工作酬勞之給付-健保費,金錢,台北市南港區****,,否,,,,,,,
408,朱正軒,111年臺南市議員選舉,首次申報,1111215,交通旅運支出,一路發加油站股份有限公司,16208391,0.00,100.00,,,,油資,金錢,臺南市永康區****,,否,,,,,,,
409,朱正軒,111年臺南市議員選舉,首次申報,1111216,交通旅運支出,一路發加油站股份有限公司,16208391,0.00,1420.00,,,,油資,金錢,臺南市永康區****,,否,,,,,,,
410,朱正軒,111年臺南市議員選舉,首次申報,1111219,交通旅運支出,旺位企業有限公司,16940937,0.00,1157.00,,,,油資,金錢,台南市永康區****,,否,,,,,,,
411,朱正軒,111年臺南市議員選舉,首次申報,1111220,雜支支出,竹軒園簡餐,14358541,0.00,950.00,,,,餐飲費用,金錢,台南市永康區****,,否,,,,,,,
412,朱正軒,111年臺南市議員選舉,首次申報,1111220,宣傳支出,成達企業社,99507022,0.00,15100.00,,,,製作競選物品或宣傳廣告費用,金錢,臺南市新營區****,,否,,,,,,,
413,朱正軒,111年臺南市議員選舉,首次申報,1111221,雜支支出,中華郵政股份有限公司,03741302,0.00,489.00,,,,郵寄,金錢,臺北市大安區****,,否,,,,,,,
414,朱正軒,111年臺南市議員選舉,首次申報,1111221,租用競選辦事處支出,宜堂商行,56920704,0.00,12800.00,,,,租買辦公設備費用,金錢,台南市北區大****,2522*****,否,,,,,,,
415,朱正軒,111年臺南市議員選舉,首次申報,1111222,人事費用支出,黃浩修,D12*******,0.00,20000.00,,,,工資或薪津,金錢,台南市東區仁****,,否,,,,,,,
416,朱正軒,111年臺南市議員選舉,首次申報,1111223,交通旅運支出,益生豐有限公司,59312211,0.00,906.00,,,,油資,金錢,臺南市南區建****,,否,,,,,,,
417,朱正軒,111年臺南市議員選舉,首次申報,1111223,人事費用支出,張耀文,B12*******,0.00,35000.00,,,,工資或薪津,金錢,台中市南區長****,,否,,,,,,,
418,朱正軒,111年臺南市議員選舉,首次申報,1111225,人事費用支出,劉亞叡,N12*******,0.00,35000.00,,,,工資或薪津,金錢,台北市新莊區****,,否,,,,,,,
