﻿序號,擬參選人／政黨,選舉名稱,申報序號／年度,交易日期,收支科目,捐贈者／支出對象,身分證／統一編號,收入金額,支出金額,支出用途,金錢類,地址,聯絡電話,資料更正日期
1,周玉滿,107年鄉(鎮、市)長選舉,首次申報,1070915,個人捐贈收入,盧麗滿,,2000.00,0.00,,金錢,,0918*****,
2,周玉滿,107年鄉(鎮、市)長選舉,首次申報,1070915,個人捐贈收入,黃李月娥,,6000.00,0.00,,金錢,苗栗縣通霄鎮****,,
3,周玉滿,107年鄉(鎮、市)長選舉,首次申報,1070915,匿名捐贈,匿名,,2000.00,0.00,,金錢,,,
4,周玉滿,107年鄉(鎮、市)長選舉,首次申報,1070915,個人捐贈收入,徐周秀娘,,3000.00,0.00,,金錢,,037-*****,
5,周玉滿,107年鄉(鎮、市)長選舉,首次申報,1070915,個人捐贈收入,錢秀梅,,20000.00,0.00,,金錢,苗栗縣通霄鎮****,,
6,周玉滿,107年鄉(鎮、市)長選舉,首次申報,1070915,個人捐贈收入,莊阿成,,3000.00,0.00,,金錢,,037-*****,
7,周玉滿,107年鄉(鎮、市)長選舉,首次申報,1070915,個人捐贈收入,黃湘尹,,2000.00,0.00,,金錢,,037-*****,
8,周玉滿,107年鄉(鎮、市)長選舉,首次申報,1070915,個人捐贈收入,黃立雄,,2000.00,0.00,,金錢,,037-*****,
9,周玉滿,107年鄉(鎮、市)長選舉,首次申報,1070915,個人捐贈收入,陳榕彬,,2000.00,0.00,,金錢,,0933*****,
10,周玉滿,107年鄉(鎮、市)長選舉,首次申報,1070915,個人捐贈收入,陳廷連,,500.00,0.00,,金錢,,037-*****,
11,周玉滿,107年鄉(鎮、市)長選舉,首次申報,1070915,個人捐贈收入,馮啟華,,500.00,0.00,,金錢,,037-*****,
12,周玉滿,107年鄉(鎮、市)長選舉,首次申報,1070915,個人捐贈收入,蔡德明,,500.00,0.00,,金錢,,037-*****,
13,周玉滿,107年鄉(鎮、市)長選舉,首次申報,1070915,個人捐贈收入,曾瑞如,,500.00,0.00,,金錢,,037-*****,
14,周玉滿,107年鄉(鎮、市)長選舉,首次申報,1070915,個人捐贈收入,張振鴻,,500.00,0.00,,金錢,,037-*****,
15,周玉滿,107年鄉(鎮、市)長選舉,首次申報,1070915,個人捐贈收入,湯龍星,,500.00,0.00,,金錢,,037-*****,
16,周玉滿,107年鄉(鎮、市)長選舉,首次申報,1070915,個人捐贈收入,吳明玉,,500.00,0.00,,金錢,,037-*****,
17,周玉滿,107年鄉(鎮、市)長選舉,首次申報,1070915,個人捐贈收入,黃慶瑄,,10000.00,0.00,,金錢,苗栗縣苗栗市****,,
18,周玉滿,107年鄉(鎮、市)長選舉,首次申報,1070915,個人捐贈收入,曾桂眉,,1000.00,0.00,,金錢,苗栗縣通霄鎮****,,
19,周玉滿,107年鄉(鎮、市)長選舉,首次申報,1070915,個人捐贈收入,張和光,,500.00,0.00,,金錢,,037-*****,
20,周玉滿,107年鄉(鎮、市)長選舉,首次申報,1070915,匿名捐贈,匿名,,3000.00,0.00,,金錢,,,
21,周玉滿,107年鄉(鎮、市)長選舉,首次申報,1070915,個人捐贈收入,賴昭良,,10000.00,0.00,,金錢,苗栗縣通霄鎮****,,
22,周玉滿,107年鄉(鎮、市)長選舉,首次申報,1070915,個人捐贈收入,李滄堯,,20000.00,0.00,,金錢,,0933*****,
23,周玉滿,107年鄉(鎮、市)長選舉,首次申報,1070915,個人捐贈收入,楊錦章,,3000.00,0.00,,金錢,,037-*****,
24,周玉滿,107年鄉(鎮、市)長選舉,首次申報,1070915,個人捐贈收入,李志勳,,2000.00,0.00,,金錢,苗栗縣通霄鎮****,,
25,周玉滿,107年鄉(鎮、市)長選舉,首次申報,1070915,匿名捐贈,匿名,,10000.00,0.00,,金錢,,,
26,周玉滿,107年鄉(鎮、市)長選舉,首次申報,1070915,匿名捐贈,匿名,,10000.00,0.00,,金錢,,,
27,周玉滿,107年鄉(鎮、市)長選舉,首次申報,1070915,個人捐贈收入,楊志允,,2000.00,0.00,,金錢,,0928*****,
28,周玉滿,107年鄉(鎮、市)長選舉,首次申報,1070915,個人捐贈收入,劉宗輔,,20000.00,0.00,,金錢,,0937*****,
29,周玉滿,107年鄉(鎮、市)長選舉,首次申報,1070915,個人捐贈收入,蕭碧霞,,2000.00,0.00,,金錢,,037-*****,
30,周玉滿,107年鄉(鎮、市)長選舉,首次申報,1070915,個人捐贈收入,何菁原,,12000.00,0.00,,金錢,,037-*****,
31,周玉滿,107年鄉(鎮、市)長選舉,首次申報,1070915,匿名捐贈,匿名,,5000.00,0.00,,金錢,,,
32,周玉滿,107年鄉(鎮、市)長選舉,首次申報,1070915,匿名捐贈,匿名,,5000.00,0.00,,金錢,,,
33,周玉滿,107年鄉(鎮、市)長選舉,首次申報,1070915,個人捐贈收入,李明勳,,5000.00,0.00,,金錢,,0936*****,
34,周玉滿,107年鄉(鎮、市)長選舉,首次申報,1070915,匿名捐贈,匿名,,5000.00,0.00,,金錢,,,
35,周玉滿,107年鄉(鎮、市)長選舉,首次申報,1070915,個人捐贈收入,繆文錦,,1000.00,0.00,,金錢,,037-*****,
36,周玉滿,107年鄉(鎮、市)長選舉,首次申報,1070915,個人捐贈收入,賴松村,,5000.00,0.00,,金錢,,037-*****,
37,周玉滿,107年鄉(鎮、市)長選舉,首次申報,1070915,個人捐贈收入,陳基陽,,3000.00,0.00,,金錢,,037-*****,
38,周玉滿,107年鄉(鎮、市)長選舉,首次申報,1070915,個人捐贈收入,張清相,,5000.00,0.00,,金錢,,0937*****,
39,周玉滿,107年鄉(鎮、市)長選舉,首次申報,1070915,個人捐贈收入,陳文彬,,5000.00,0.00,,金錢,,037-*****,
40,周玉滿,107年鄉(鎮、市)長選舉,首次申報,1070915,個人捐贈收入,張桂英,,10000.00,0.00,,金錢,苗栗縣後龍鎮****,,
41,周玉滿,107年鄉(鎮、市)長選舉,首次申報,1070915,個人捐贈收入,陳金瑞,,500.00,0.00,,金錢,,037-*****,
42,周玉滿,107年鄉(鎮、市)長選舉,首次申報,1070915,個人捐贈收入,陸鵝明,,2000.00,0.00,,金錢,苗栗縣通霄鎮****,,
43,周玉滿,107年鄉(鎮、市)長選舉,首次申報,1070915,個人捐贈收入,羅文龍,,5000.00,0.00,,金錢,苗栗縣通霄鎮****,,
44,周玉滿,107年鄉(鎮、市)長選舉,首次申報,1070915,個人捐贈收入,張梅蘭,,2000.00,0.00,,金錢,,037-*****,
45,周玉滿,107年鄉(鎮、市)長選舉,首次申報,1070915,個人捐贈收入,沈新歡,,2000.00,0.00,,金錢,苗栗縣通霄鎮****,0*****,
46,周玉滿,107年鄉(鎮、市)長選舉,首次申報,1070915,匿名捐贈,匿名,,10000.00,0.00,,金錢,,,
47,周玉滿,107年鄉(鎮、市)長選舉,首次申報,1070915,匿名捐贈,匿名,,2000.00,0.00,,金錢,,,
48,周玉滿,107年鄉(鎮、市)長選舉,首次申報,1070915,個人捐贈收入,周邑珍,,10000.00,0.00,,金錢,,037-*****,
49,周玉滿,107年鄉(鎮、市)長選舉,首次申報,1070915,匿名捐贈,匿名,,2000.00,0.00,,金錢,,,
50,周玉滿,107年鄉(鎮、市)長選舉,首次申報,1070916,個人捐贈收入,王水源,,10000.00,0.00,,金錢,,037-*****,
51,周玉滿,107年鄉(鎮、市)長選舉,首次申報,1070916,個人捐贈收入,邱長明,,10000.00,0.00,,金錢,苗栗縣通霄鎮****,,
52,周玉滿,107年鄉(鎮、市)長選舉,首次申報,1070918,個人捐贈收入,林勝美,,10000.00,0.00,,金錢,,037-*****,
53,周玉滿,107年鄉(鎮、市)長選舉,首次申報,1070918,個人捐贈收入,邱義涵,,20000.00,0.00,,金錢,苗栗縣通霄鎮****,,
54,周玉滿,107年鄉(鎮、市)長選舉,首次申報,1070918,匿名捐贈,匿名,,10000.00,0.00,,金錢,,,
55,周玉滿,107年鄉(鎮、市)長選舉,首次申報,1070918,個人捐贈收入,湯阿萬,,6000.00,0.00,,金錢,,037-*****,
56,周玉滿,107年鄉(鎮、市)長選舉,首次申報,1070919,個人捐贈收入,周東樹,,3000.00,0.00,,金錢,,037-*****,
57,周玉滿,107年鄉(鎮、市)長選舉,首次申報,1070919,個人捐贈收入,賴炳金,,5000.00,0.00,,金錢,苗栗縣通霄鎮****,,
58,周玉滿,107年鄉(鎮、市)長選舉,首次申報,1070920,個人捐贈收入,李國全,,8000.00,0.00,,金錢,,037-*****,
59,周玉滿,107年鄉(鎮、市)長選舉,首次申報,1070920,匿名捐贈,匿名,,10000.00,0.00,,金錢,,,
60,周玉滿,107年鄉(鎮、市)長選舉,首次申報,1070920,個人捐贈收入,吳建軒,,5000.00,0.00,,金錢,,0919*****,
61,周玉滿,107年鄉(鎮、市)長選舉,首次申報,1070920,個人捐贈收入,沈阿雲,,20000.00,0.00,,金錢,,037-*****,
62,周玉滿,107年鄉(鎮、市)長選舉,首次申報,1070920,個人捐贈收入,耿阿田,,20000.00,0.00,,金錢,,037-*****,
63,周玉滿,107年鄉(鎮、市)長選舉,首次申報,1070921,個人捐贈收入,鄧振來,,10000.00,0.00,,金錢,,037-*****,
64,周玉滿,107年鄉(鎮、市)長選舉,首次申報,1070921,個人捐贈收入,黃朝禮,,20000.00,0.00,,金錢,,037-*****,
65,周玉滿,107年鄉(鎮、市)長選舉,首次申報,1070921,個人捐贈收入,吳昭益,,5000.00,0.00,,金錢,,037-*****,
66,周玉滿,107年鄉(鎮、市)長選舉,首次申報,1070921,個人捐贈收入,吳春明,,2000.00,0.00,,金錢,,037-*****,
67,周玉滿,107年鄉(鎮、市)長選舉,首次申報,1070921,個人捐贈收入,張清貴,,2000.00,0.00,,金錢,,037-*****,
68,周玉滿,107年鄉(鎮、市)長選舉,首次申報,1070921,個人捐贈收入,李德祿,,20000.00,0.00,,金錢,,037-*****,
69,周玉滿,107年鄉(鎮、市)長選舉,首次申報,1070921,匿名捐贈,匿名,,3000.00,0.00,,金錢,,,
70,周玉滿,107年鄉(鎮、市)長選舉,首次申報,1070921,個人捐贈收入,周丁炎,,10000.00,0.00,,金錢,,037-*****,
71,周玉滿,107年鄉(鎮、市)長選舉,首次申報,1070921,個人捐贈收入,康萬福,,500.00,0.00,,金錢,,037-*****,
72,周玉滿,107年鄉(鎮、市)長選舉,首次申報,1070921,個人捐贈收入,陳森榮,,500.00,0.00,,金錢,,037-*****,
73,周玉滿,107年鄉(鎮、市)長選舉,首次申報,1070921,個人捐贈收入,吳清基,,500.00,0.00,,金錢,,037-*****,
74,周玉滿,107年鄉(鎮、市)長選舉,首次申報,1070921,個人捐贈收入,張志鈞,,500.00,0.00,,金錢,,037-*****,
75,周玉滿,107年鄉(鎮、市)長選舉,首次申報,1070921,個人捐贈收入,邱春桂,,500.00,0.00,,金錢,,037-*****,
76,周玉滿,107年鄉(鎮、市)長選舉,首次申報,1070921,個人捐贈收入,林東耀,,500.00,0.00,,金錢,,037-*****,
77,周玉滿,107年鄉(鎮、市)長選舉,首次申報,1070921,個人捐贈收入,康江水梅,,500.00,0.00,,金錢,,037-*****,
78,周玉滿,107年鄉(鎮、市)長選舉,首次申報,1070921,個人捐贈收入,羅春桐,,500.00,0.00,,金錢,,0981*****,
79,周玉滿,107年鄉(鎮、市)長選舉,首次申報,1070921,個人捐贈收入,黃俊銘,,500.00,0.00,,金錢,,037-*****,
80,周玉滿,107年鄉(鎮、市)長選舉,首次申報,1070921,個人捐贈收入,劉建富,,500.00,0.00,,金錢,,037-*****,
81,周玉滿,107年鄉(鎮、市)長選舉,首次申報,1070921,個人捐贈收入,陳金鳳,,500.00,0.00,,金錢,,037-*****,
82,周玉滿,107年鄉(鎮、市)長選舉,首次申報,1070921,個人捐贈收入,溫玉泉,,500.00,0.00,,金錢,,037-*****,
83,周玉滿,107年鄉(鎮、市)長選舉,首次申報,1070921,個人捐贈收入,吳燈源,,500.00,0.00,,金錢,,037-*****,
84,周玉滿,107年鄉(鎮、市)長選舉,首次申報,1070921,個人捐贈收入,謝李秀霞,,500.00,0.00,,金錢,,0926*****,
85,周玉滿,107年鄉(鎮、市)長選舉,首次申報,1070922,個人捐贈收入,羅金臺,,5000.00,0.00,,金錢,,037-*****,
86,周玉滿,107年鄉(鎮、市)長選舉,首次申報,1070922,個人捐贈收入,李陳賢秀,,10000.00,0.00,,金錢,苗栗縣通霄鎮****,,
87,周玉滿,107年鄉(鎮、市)長選舉,首次申報,1070922,個人捐贈收入,鍾金池,,2000.00,0.00,,金錢,,037-*****,
88,周玉滿,107年鄉(鎮、市)長選舉,首次申報,1070922,個人捐贈收入,王基松,L12*******,60000.00,0.00,,金錢,臺中市外埔區****,0932*****,
89,周玉滿,107年鄉(鎮、市)長選舉,首次申報,1070923,營利事業捐贈收入,聖吉傢俱有限公司,70491388,23000.00,0.00,,金錢,,,
90,周玉滿,107年鄉(鎮、市)長選舉,首次申報,1070929,個人捐贈收入,鄭春茂,,5000.00,0.00,,金錢,,037-*****,
91,周玉滿,107年鄉(鎮、市)長選舉,首次申報,1070930,個人捐贈收入,余和國,,20000.00,0.00,,金錢,,0937*****,
92,周玉滿,107年鄉(鎮、市)長選舉,首次申報,1070930,個人捐贈收入,張清吉,,5000.00,0.00,,金錢,,037-*****,
93,周玉滿,107年鄉(鎮、市)長選舉,首次申報,1070930,個人捐贈收入,陳良鈿,,2000.00,0.00,,金錢,苗栗縣通霄鎮****,,
94,周玉滿,107年鄉(鎮、市)長選舉,首次申報,1071001,營利事業捐贈收入,國際環境科技有限公司,27727265,3600.00,0.00,,金錢,,,
95,周玉滿,107年鄉(鎮、市)長選舉,首次申報,1071005,個人捐贈收入,羅家惠,K22*******,36000.00,0.00,,金錢,苗栗縣通霄鎮****,,
96,周玉滿,107年鄉(鎮、市)長選舉,首次申報,1071111,個人捐贈收入,姚錫凱,,6000.00,0.00,,金錢,,037-*****,
97,周玉滿,107年鄉(鎮、市)長選舉,首次申報,1071112,個人捐贈收入,吳瑞堂,N12*******,60000.00,0.00,,金錢,臺中市沙鹿區****,,
98,周玉滿,107年鄉(鎮、市)長選舉,首次申報,1071114,個人捐贈收入,傅和田,K10*******,20000.00,0.00,,金錢,苗栗縣苑裡鎮****,,
99,周玉滿,107年鄉(鎮、市)長選舉,首次申報,1071115,個人捐贈收入,張玉霞,C20*******,100000.00,0.00,,金錢,臺中市大甲區****,,
100,周玉滿,107年鄉(鎮、市)長選舉,首次申報,1071121,個人捐贈收入,王垂坤,,20000.00,0.00,,金錢,苗栗縣苑裡鎮****,,
101,周玉滿,107年鄉(鎮、市)長選舉,首次申報,1071123,個人捐贈收入,張傳福,,3000.00,0.00,,金錢,苗栗縣通霄鎮****,,
102,周玉滿,107年鄉(鎮、市)長選舉,首次申報,1071123,營利事業捐贈收入,華陶窯文化事業股份有限公司,22988992,10000.00,0.00,,金錢,苗栗縣苑裡鎮****,,
103,周玉滿,107年鄉(鎮、市)長選舉,首次申報,1071123,營利事業捐贈收入,萬能企業股份有限公司,43780792,88000.00,0.00,,金錢,桃園市桃園區****,,
104,周玉滿,107年鄉(鎮、市)長選舉,首次申報,1071221,其他收入,利息收入,,20.00,0.00,,金錢,,,
