﻿序號,擬參選人／政黨,選舉名稱,申報序號／年度,交易日期,收支科目,捐贈者／支出對象,身分證／統一編號,收入金額,支出金額,支出用途,金錢類,地址,聯絡電話,資料更正日期
1,李明遠,107年鄉(鎮、市)長選舉,首次申報,1070921,雜支支出,芳欣鮮花禮品店,14159368,0.00,17000.00,盆景花圈,金錢,水林鄉水林路****,,
2,李明遠,107年鄉(鎮、市)長選舉,首次申報,1070928,宣傳支出,鑫傳視訊廣告,16089901,0.00,70000.00,人型看板製作,金錢,梧棲區文明街****,,
3,李明遠,107年鄉(鎮、市)長選舉,首次申報,1071012,宣傳支出,中國時報水林辦事處,,0.00,1560.00,夾報宣傳,金錢,水林鄉春埔村****,,
4,李明遠,107年鄉(鎮、市)長選舉,首次申報,1071013,雜支支出,芳欣鮮花禮品店,14159368,0.00,13800.00,歐武藝術花圈,金錢,水林鄉水林路****,,
5,李明遠,107年鄉(鎮、市)長選舉,首次申報,1071022,雜支支出,清祥商號,63802197,0.00,2685.00,免洗用具,金錢,北港鎮文昌路****,,
6,李明遠,107年鄉(鎮、市)長選舉,首次申報,1071025,宣傳支出,來來印刷所,64908373,0.00,44400.00,文宣,金錢,水林鄉水林路****,,
7,李明遠,107年鄉(鎮、市)長選舉,首次申報,1071030,雜支支出,清祥商號,63802197,0.00,800.00,免洗用具,金錢,北港鎮文昌路****,,
8,李明遠,107年鄉(鎮、市)長選舉,首次申報,1071031,宣傳支出,中國時報水林辦事處,,0.00,520.00,夾報宣傳,金錢,水林鄉春埔村****,,
9,李明遠,107年鄉(鎮、市)長選舉,首次申報,1071103,集會支出,樂鑫活動展覽工程行,37714063,0.00,46400.00,帳蓬桌椅租金,金錢,六腳鄉蒜頭村****,,
10,李明遠,107年鄉(鎮、市)長選舉,首次申報,1071105,雜支支出,日月廣告社,64887975,0.00,420.00,免洗用具,金錢,水林鄉水林路****,,
11,李明遠,107年鄉(鎮、市)長選舉,首次申報,1071115,宣傳支出,來來印刷所,64908373,0.00,60000.00,廣告布條,金錢,水林鄉水林路****,,
12,李明遠,107年鄉(鎮、市)長選舉,首次申報,1071120,雜支支出,芳欣鮮花禮品店,14159368,0.00,23200.00,水盆花花圈,金錢,水林鄉水林路****,,
13,李明遠,107年鄉(鎮、市)長選舉,首次申報,1071121,宣傳支出,中國時報水林辦事處,,0.00,600.00,夾報宣傳,金錢,水林鄉春埔村****,,
14,李明遠,107年鄉(鎮、市)長選舉,首次申報,1071121,雜支支出,添新五金百貨,88825577,0.00,265.00,清潔用品,金錢,水林鄉水林路****,,
15,李明遠,107年鄉(鎮、市)長選舉,首次申報,1071122,雜支支出,中華郵政水林郵局,,0.00,555.00,郵資手續費,金錢,水林鄉水林路****,,
16,李明遠,107年鄉(鎮、市)長選舉,首次申報,1071122,人事費用支出,陳皇名,P12*******,0.00,20000.00,助選人員津貼,金錢,雲林縣水林鄉****,,
17,李明遠,107年鄉(鎮、市)長選舉,首次申報,1071122,人事費用支出,楊淳復,P12*******,0.00,20000.00,助選人員津貼,金錢,雲林縣水林鄉****,,
18,李明遠,107年鄉(鎮、市)長選舉,首次申報,1071122,人事費用支出,紀永派,P12*******,0.00,50000.00,助選人員津貼,金錢,雲林縣口湖鄉****,,
19,李明遠,107年鄉(鎮、市)長選舉,首次申報,1071122,人事費用支出,吳瓊玲,P22*******,0.00,60000.00,助選人員津貼,金錢,雲林縣水林鄉****,,
20,李明遠,107年鄉(鎮、市)長選舉,首次申報,1071122,人事費用支出,劉治鐘,T12*******,0.00,20000.00,助選人員津貼,金錢,雲林縣水北村****,,
