﻿序號,擬參選人／政黨,選舉名稱,申報序號／年度,交易日期,收支科目,捐贈者／支出對象,身分證／統一編號,收入金額,支出金額,捐贈方式,存入專戶日期,返還/繳庫,支出用途,金錢類,地址,聯絡電話,應揭露之支出對象,支出對象之內部人員姓名,支出對象之內部人員職稱,政黨之內部人員姓名,政黨之內部人員職稱,關係,更正註記,資料更正日期
1,藍婉倩,111年屏東縣里港鄉鄉長選舉,首次申報,1111001,個人捐贈收入,吳成吾,D12*******,2000.00,0.00,現金,1111001,,,金錢,臺南市中西區****,0910*****,,,,,,,,
2,藍婉倩,111年屏東縣里港鄉鄉長選舉,首次申報,1111009,個人捐贈收入,李康傑,A12*******,1000.00,0.00,匯款,1111014,,,金錢,臺北市松山區****,0933*****,,,,,,,,
3,藍婉倩,111年屏東縣里港鄉鄉長選舉,首次申報,1111009,個人捐贈收入,田君陽,H12*******,100.00,0.00,匯款,1111014,,,金錢,基隆市中山區****,0987*****,,,,,,,,
4,藍婉倩,111年屏東縣里港鄉鄉長選舉,首次申報,1111017,個人捐贈收入,徐鳴徽,I10*******,3690.00,0.00,現金,1111017,,,金錢,臺南市東區東****,0910*****,,,,,,,,
5,藍婉倩,111年屏東縣里港鄉鄉長選舉,首次申報,1111022,個人捐贈收入,陳廷昱,E12*******,1000.00,0.00,匯款,1111025,,,金錢,新北市板橋區****,0989*****,,,,,,,,
