﻿序號,擬參選人／政黨,選舉名稱,申報序號／年度,交易日期,收支科目,捐贈者／支出對象,身分證／統一編號,收入金額,支出金額,捐贈方式,存入專戶日期,返還/繳庫,支出用途,金錢類,地址,聯絡電話,應揭露之支出對象,支出對象之內部人員姓名,支出對象之內部人員職稱,政黨之內部人員姓名,政黨之內部人員職稱,關係,更正註記,資料更正日期
1,台澎黨,,110,1100105,人事費用支出,王奕升,F12*******,0.00,30000.00,,,,工資或薪津,金錢,新北市淡水區****,,否,,,,,,,
2,台澎黨,,110,1100105,業務費用支出,FamilyMart,51875722,0.00,60.00,,,,交通旅運費用,金錢,臺中市西區_****,,否,,,,,,,
3,台澎黨,,110,1100106,雜支支出,藍新科技股份有限公司,70565326,0.00,140.00,,,,第三方支付平台交易手續費,金錢,臺北市南港區****,,,,,,,,,
4,台澎黨,,110,1100106,業務費用支出,中華郵政股份有限公司台中英才郵局,77940207,0.00,212.00,,,,交通旅運費用,金錢,臺中市西區民****,,否,,,,,,,
5,台澎黨,,110,1100107,業務費用支出,中華郵政股份有限公司台中英才郵局,77940207,0.00,88.00,,,,交通旅運費用,金錢,臺中市西區民****,,否,,,,,,,
6,台澎黨,,110,1100112,業務費用支出,中華郵政股份有限公司台中英才郵局,77940207,0.00,674.00,,,,交通旅運費用,金錢,臺中市西區民****,,否,,,,,,,
7,台澎黨,,110,1100113,業務費用支出,中華郵政股份有限公司台中英才郵局,77940207,0.00,28.00,,,,交通旅運費用,金錢,臺中市西區民****,,否,,,,,,,
8,台澎黨,,110,1100114,雜支支出,藍新科技股份有限公司,70565326,0.00,12.00,,,,第三方支付平台交易手續費,金錢,臺北市南港區****,,否,,,,,,,
9,台澎黨,,110,1100115,雜支支出,台灣大哥大_淡水英專服務中心,97176270,0.00,511.00,,,,電信費用,金錢,新北市淡水區****,,否,,,,,,,
10,台澎黨,,110,1100119,業務費用支出,中華郵政股份有限公司淡水中興郵局,02251798,0.00,62.00,,,,交通旅運費用,金錢,新北市淡水區****,,否,,,,,,,
11,台澎黨,,110,1100120,業務費用支出,中華郵政股份有限公司台中英才郵局,77940207,0.00,128.00,,,,交通旅運費用,金錢,臺中市西區民****,,否,,,,,,,
12,台澎黨,,110,1100122,雜支支出,藍新科技股份有限公司,70565326,0.00,27.00,,,,第三方支付平台交易手續費,金錢,臺北市南港區****,,否,,,,,,,
13,台澎黨,,110,1100125,雜支支出,盈美影印店,14287693,0.00,85.00,,,,雜項購置或修繕費用,金錢,臺中市西區五****,,否,,,,,,,
14,台澎黨,,110,1100126,人事費用支出,白環禎,L22*******,0.00,1200.00,,,,工資或薪津,金錢,臺中市豐原區****,,否,,,,,,,
15,台澎黨,,110,1100127,人事費用支出,勞動部勞工保險局,03769808,0.00,5106.00,,,,其他因工作酬勞之給付_勞保+勞退,金錢,臺北市中正區****,,否,,,,,,,
16,台澎黨,,110,1100127,人事費用支出,健保局中區業務組,98175094,0.00,2308.00,,,,其他因工作酬勞之給付,金錢,臺中市西屯區****,,否,,,,,,,
17,台澎黨,,110,1100127,業務費用支出,中華郵政股份有限公司台中英才郵局,77940207,0.00,172.00,,,,交通旅運費用,金錢,臺中市西區民****,,否,,,,,,,
18,台澎黨,,110,1100128,業務費用支出,中華郵政股份有限公司台中英才郵局,77940207,0.00,72.00,,,,交通旅運費用,金錢,臺中市西區民****,,否,,,,,,,
19,台澎黨,,110,1100129,業務費用支出,中華郵政股份有限公司台中英才郵局,77940207,0.00,60.00,,,,交通旅運費用,金錢,臺中市西區民****,,否,,,,,,,
20,台澎黨,,110,1100204,業務費用支出,台灣高速鐵路股份有限公司,16446274,0.00,1445.00,,,,交通旅運費用,金錢,臺北市南港區****,,否,,,,,,,
21,台澎黨,,110,1100204,業務費用支出,統聯汽車客運股份有限公司,23471299,0.00,535.00,,,,交通旅運費用,金錢,新北市三重區****,,否,,,,,,,
22,台澎黨,,110,1100205,人事費用支出,王奕升,F12*******,0.00,30000.00,,,,工資或薪津,金錢,新北市淡水區****,,否,,,,,,,
23,台澎黨,,110,1100205,人事費用支出,洪雁文,D22*******,0.00,3500.00,,,,工資或薪津,金錢,臺南市東區怡****,,否,,,,,,,
24,台澎黨,,110,1100212,雜支支出,台灣大哥大_,97176270,0.00,501.00,,,,電信費用,金錢,雲林縣莿桐鄉****,,否,,,,,,,
25,台澎黨,,110,1100217,雜支支出,藍新科技股份有限公司,70565326,0.00,14.00,,,,第三方支付平台交易手續費,金錢,臺北市南港區****,,否,,,,,,,
26,台澎黨,,110,1100218,業務費用支出,中華郵政股份有限公司台中英才郵局,77940207,0.00,24.00,,,,交通旅運費用,金錢,臺中市西區民****,,否,,,,,,,
27,台澎黨,,110,1100220,業務費用支出,中華郵政股份有限公司台中英才郵局,77940207,0.00,36.00,,,,交通旅運費用,金錢,臺中市西區民****,,否,,,,,,,
28,台澎黨,,110,1100222,雜支支出,藍新科技股份有限公司,70565326,0.00,2.00,,,,第三方支付平台交易手續費,金錢,臺北市南港區****,,否,,,,,,,
29,台澎黨,,110,1100223,雜支支出,正航資訊,23736165,0.00,1600.00,,,,其他為維持日常運作所必要之相關費用,金錢,臺北市內湖區****,,否,,,,,,,
30,台澎黨,,110,1100224,人事費用支出,勞動部勞工保險局,03769808,0.00,5249.00,,,,其他因工作酬勞之給付,金錢,臺北市中正區****,,否,,,,,,,
31,台澎黨,,110,1100224,人事費用支出,健保局中區業務組,98175094,0.00,2345.00,,,,其他因工作酬勞之給付,金錢,臺中市西屯區****,,否,,,,,,,
32,台澎黨,,110,1100302,業務費用支出,中華郵政股份有限公司台中英才郵局,77940207,0.00,80.00,,,,交通旅運費用,金錢,臺中市西區民****,,否,,,,,,,
33,台澎黨,,110,1100305,人事費用支出,王奕升,F12*******,0.00,30000.00,,,,工資或薪津,金錢,新北市淡水區****,,否,,,,,,,
34,台澎黨,,110,1100307,公共關係費用支出,奇美咖啡館,40750921,0.00,5516.00,,,,聯誼交際費用,金錢,臺南市東區大****,,否,,,,,,,
35,台澎黨,,110,1100309,業務費用支出,中華郵政股份有限公司台中神岡郵局,05699949,0.00,8.00,,,,交通旅運費用,金錢,臺中市神岡區****,,否,,,,,,,
36,台澎黨,,110,1100310,業務費用支出,中華郵政股份有限公司台中英才郵局,77940207,0.00,78.00,,,,交通旅運費用,金錢,臺中市西區民****,,否,,,,,,,
37,台澎黨,,110,1100314,雜支支出,台灣大哥大_淡水英專服務中心,97176270,0.00,592.00,,,,電信費用,金錢,新北市淡水區****,,否,,,,,,,
38,台澎黨,,110,1100315,雜支支出,藍新科技股份有限公司,70565326,0.00,14.00,,,,第三方支付平台交易手續費,金錢,臺北市南港區****,,否,,,,,,,
39,台澎黨,,110,1100319,業務費用支出,中華郵政股份有限公司台中英才郵局,77940207,0.00,8.00,,,,交通旅運費用,金錢,臺中市西區民****,,否,,,,,,,
40,台澎黨,,110,1100319,業務費用支出,中華郵政股份有限公司台中英才郵局,77940207,0.00,28.00,,,,交通旅運費用,金錢,臺中市西區民****,,否,,,,,,,
41,台澎黨,,110,1100322,雜支支出,藍新科技股份有限公司,70565326,0.00,2.00,,,,第三方支付平台交易手續費,金錢,臺北市南港區****,,否,,,,,,,
42,台澎黨,,110,1100322,業務費用支出,健豪印刷,16332027,0.00,37590.00,,,,其他與業務推展有關之費用,金錢,臺中市西區忠****,,否,,,,,,,
43,台澎黨,,110,1100324,人事費用支出,勞動部勞工保險局,03769808,0.00,5249.00,,,,其他因工作酬勞之給付,金錢,臺北市中正區****,,否,,,,,,,
44,台澎黨,,110,1100324,人事費用支出,健保局中區業務組,98175094,0.00,2545.00,,,,其他因工作酬勞之給付,金錢,臺中市西屯區****,,否,,,,,,,
45,台澎黨,,110,1100326,業務費用支出,中華郵政股份有限公司台中英才郵局,77940207,0.00,8.00,,,,交通旅運費用,金錢,臺中市西區民****,,否,,,,,,,
46,台澎黨,,110,1100405,人事費用支出,王奕升,F12*******,0.00,30000.00,,,,工資或薪津,金錢,新北市淡水區****,,否,,,,,,,
47,台澎黨,,110,1100406,業務費用支出,中華郵政股份有限公司台中英才郵局,77940207,0.00,300.00,,,,交通旅運費用,金錢,臺中市西區民****,,否,,,,,,,
48,台澎黨,,110,1100407,業務費用支出,中華郵政股份有限公司台中英才郵局,77940207,0.00,332.00,,,,交通旅運費用,金錢,臺中市西區民****,,否,,,,,,,
49,台澎黨,,110,1100409,業務費用支出,中華郵政股份有限公司台中英才郵局,77940207,0.00,28.00,,,,交通旅運費用,金錢,臺中市西區民****,,否,,,,,,,
50,台澎黨,,110,1100414,雜支支出,藍新科技股份有限公司,70565326,0.00,14.00,,,,第三方支付平台交易手續費,金錢,臺北市南港區****,,否,,,,,,,
51,台澎黨,,110,1100415,業務費用支出,台灣高速鐵路股份有限公司,16446274,0.00,1530.00,,,,交通旅運費用,金錢,臺北市南港區****,,否,,,,,,,
52,台澎黨,,110,1100418,雜支支出,台灣大哥大_淡水英專服務中心,97176270,0.00,505.00,,,,電信費用,金錢,新北市淡水區****,,否,,,,,,,
53,台澎黨,,110,1100420,業務費用支出,中華郵政股份有限公司台中英才郵局,77940207,0.00,156.00,,,,交通旅運費用,金錢,臺中市西區民****,,否,,,,,,,
54,台澎黨,,110,1100420,業務費用支出,已晴創新廣告有限公司,50793322,0.00,788.00,,,,其他與業務推展有關之費用,金錢,臺北市北投區****,,否,,,,,,,
55,台澎黨,,110,1100421,業務費用支出,真理影印行,82128785,0.00,238.00,,,,其他與業務推展有關之費用,金錢,新北市淡水區****,,否,,,,,,,
56,台澎黨,,110,1100421,業務費用支出,中華郵政股份有限公司淡水中興郵局,02251798,0.00,100.00,,,,交通旅運費用,金錢,新北市淡水區****,,否,,,,,,,
57,台澎黨,,110,1100422,雜支支出,藍新科技股份有限公司,70565326,0.00,462.00,,,,第三方支付平台交易手續費,金錢,臺北市南港區****,,否,,,,,,,
58,台澎黨,,110,1100423,業務費用支出,中華郵政股份有限公司台中英才郵局,77940207,0.00,58.00,,,,交通旅運費用,金錢,臺中市西區民****,,否,,,,,,,
59,台澎黨,,110,1100428,業務費用支出,台灣高速鐵路股份有限公司,16446274,0.00,1445.00,,,,交通旅運費用,金錢,臺北市南港區****,,否,,,,,,,
60,台澎黨,,110,1100429,業務費用支出,台灣高速鐵路股份有限公司,16446274,0.00,1445.00,,,,交通旅運費用,金錢,臺北市南港區****,,否,,,,,,,
61,台澎黨,,110,1100430,人事費用支出,勞動部勞工保險局,03769808,0.00,5249.00,,,,其他因工作酬勞之給付,金錢,臺北市中正區****,,否,,,,,,,
62,台澎黨,,110,1100430,雜支支出,台中市政府地方稅務局,52014808,0.00,11230.00,,,,其他為維持日常運作所必要之相關費用,金錢,臺中市西屯區****,,否,,,,,,,
63,台澎黨,,110,1100430,業務費用支出,交通部臺灣區國道高速公路局,35999916,0.00,120.00,,,,交通旅運費用,金錢,新北市泰山區****,,否,,,,,,,
64,台澎黨,,110,1100430,業務費用支出,中華郵政股份有限公司台中英才郵局,77940207,0.00,108.00,,,,交通旅運費用,金錢,臺中市西區民****,,否,,,,,,,
65,台澎黨,,110,1100504,業務費用支出,中華郵政股份有限公司台中英才郵局,77940207,0.00,144.00,,,,交通旅運費用,金錢,臺中市西區民****,,否,,,,,,,
66,台澎黨,,110,1100505,人事費用支出,王奕升,F12*******,0.00,30000.00,,,,工資或薪津,金錢,新北市淡水區****,,否,,,,,,,
67,台澎黨,,110,1100505,人事費用支出,林碧如,L22*******,0.00,25000.00,,,,工資或薪津,金錢,臺中市神岡區****,,是,林碧如,,林碧如,中央執行委員,本人(中執委),,
68,台澎黨,,110,1100507,業務費用支出,中華郵政股份有限公司台中神岡郵局,05699949,0.00,28.00,,,,交通旅運費用,金錢,臺中市神岡區****,,否,,,,,,,
69,台澎黨,,110,1100511,業務費用支出,盈美影印店,14287693,0.00,340.00,,,,其他與業務推展有關之費用,金錢,臺中市西區五****,,否,,,,,,,
70,台澎黨,,110,1100511,雜支支出,101文具天堂,82645113,0.00,68.00,,,,文具用品費用,金錢,臺中市西區美****,,否,,,,,,,
71,台澎黨,,110,1100511,業務費用支出,中華郵政股份有限公司台中英才郵局,77940207,0.00,429.00,,,,交通旅運費用,金錢,臺中市西區民****,,否,,,,,,,
72,台澎黨,,110,1100512,業務費用支出,中華郵政股份有限公司台中淡溝郵局,52876143,0.00,13.00,,,,交通旅運費用,金錢,臺中市北區民****,,否,,,,,,,
73,台澎黨,,110,1100514,雜支支出,藍新科技股份有限公司,70565326,0.00,14.00,,,,第三方支付平台交易手續費,金錢,臺北市南港區****,,否,,,,,,,
74,台澎黨,,110,1100514,業務費用支出,中華郵政股份有限公司台中英才郵局,77940207,0.00,120.00,,,,交通旅運費用,金錢,臺中市西區民****,,否,,,,,,,
75,台澎黨,,110,1100517,雜支支出,台灣大哥大_淡水英專服務中心,97176270,0.00,631.00,,,,電信費用,金錢,新北市淡水區****,,否,,,,,,,
76,台澎黨,,110,1100518,雜支支出,台灣電力股份有限公司台中區營業處,51868406,0.00,1012.00,,,,水電瓦斯費用,金錢,臺中市中區自****,,否,,,,,,,
77,台澎黨,,110,1100521,雜支支出,國泰世華銀行(西台中分行),84307291,0.00,60.00,,,,匯出匯款手續費,金錢,臺中市西區民****,,否,,,,,,,
78,台澎黨,,110,1100521,業務費用支出,中華郵政股份有限公司台中英才郵局,77940207,0.00,164.00,,,,交通旅運費用,金錢,臺中市西區民****,,否,,,,,,,
79,台澎黨,,110,1100526,人事費用支出,勞動部勞工保險局,03769808,0.00,5249.00,,,,其他因工作酬勞之給付,金錢,臺北市中正區****,,否,,,,,,,
80,台澎黨,,110,1100526,人事費用支出,健保局中區業務組,98175094,0.00,5090.00,,,,其他因工作酬勞之給付,金錢,臺中市西屯區****,,否,,,,,,,
81,台澎黨,,110,1100603,雜支支出,社團法人臺中市會計師公會,26898178,0.00,1000.00,,,,其他為維持日常運作所必要之相關費用,金錢,臺中市西區自****,,否,,,,,,,
82,台澎黨,,110,1100607,人事費用支出,王奕升,F12*******,0.00,30000.00,,,,工資或薪津,金錢,新北市淡水區****,,否,,,,,,,
83,台澎黨,,110,1100607,人事費用支出,林碧如,L22*******,0.00,26500.00,,,,工資或薪津,金錢,臺中市神岡區****,,是,林碧如,,林碧如,中央執行委員,本人(中執委),,
84,台澎黨,,110,1100613,雜支支出,台灣大哥大_台北錦西門市,97176270,0.00,554.00,,,,電信費用,金錢,臺北市中山區****,,否,,,,,,,
85,台澎黨,,110,1100615,雜支支出,藍新科技股份有限公司,70565326,0.00,14.00,,,,第三方支付平台交易手續費,金錢,臺北市南港區****,,否,,,,,,,
86,台澎黨,,110,1100615,人事費用支出,呂健綸,H12*******,0.00,15000.00,,,,工資或薪津,金錢,桃園市八德區****,,否,,,,,,,
87,台澎黨,,110,1100616,業務費用支出,中華郵政股份有限公司台中神岡郵局,05699949,0.00,28.00,,,,交通旅運費用,金錢,臺中市神岡區****,,否,,,,,,,
88,台澎黨,,110,1100622,雜支支出,藍新科技股份有限公司,70565326,0.00,29.00,,,,第三方支付平台交易手續費,金錢,臺北市南港區****,,否,,,,,,,
89,台澎黨,,110,1100622,業務費用支出,中華郵政股份有限公司台中英才郵局,77940207,0.00,36.00,,,,交通旅運費用,金錢,臺中市西區民****,,否,,,,,,,
90,台澎黨,,110,1100623,業務費用支出,健豪印刷,16332027,0.00,16485.00,,,,其他與業務推展有關之費用,金錢,臺中市西區忠****,,否,,,,,,,
91,台澎黨,,110,1100624,業務費用支出,中華郵政股份有限公司台中英才郵局,77940207,0.00,52.00,,,,交通旅運費用,金錢,臺中市西區民****,,否,,,,,,,
92,台澎黨,,110,1100625,業務費用支出,中華郵政股份有限公司台中英才郵局,77940207,0.00,110.00,,,,交通旅運費用,金錢,臺中市西區民****,,否,,,,,,,
93,台澎黨,,110,1100629,人事費用支出,勞動部勞工保險局,03769808,0.00,9447.00,,,,其他因工作酬勞之給付,金錢,臺北市中正區****,,否,,,,,,,
94,台澎黨,,110,1100629,人事費用支出,健保局中區業務組,98175094,0.00,4597.00,,,,其他因工作酬勞之給付,金錢,臺中市西屯區****,,否,,,,,,,
95,台澎黨,,110,1100706,雜支支出,藍新科技股份有限公司,70565326,0.00,7.00,,,,第三方支付平台交易手續費,金錢,臺北市南港區****,,否,,,,,,,
96,台澎黨,,110,1100707,業務費用支出,中華郵政股份有限公司台中英才郵局,77940207,0.00,44.00,,,,交通旅運費用,金錢,臺中市西區民****,,否,,,,,,,
97,台澎黨,,110,1100709,人事費用支出,王奕升,F12*******,0.00,30000.00,,,,工資或薪津,金錢,臺北市中山區****,,否,,,,,,,
98,台澎黨,,110,1100709,人事費用支出,林碧如,L22*******,0.00,26500.00,,,,工資或薪津,金錢,臺中市神岡區****,,是,林碧如,,林碧如,中央執行委員,本人(中執委),,
99,台澎黨,,110,1100713,業務費用支出,中華郵政股份有限公司台中英才郵局,77940207,0.00,3052.00,,,,交通旅運費用,金錢,臺中市西區民****,,否,,,,,,,
100,台澎黨,,110,1100713,業務費用支出,新竹物流股份有限公司,46480100,0.00,1500.00,,,,交通旅運費用,金錢,新竹縣新豐鄉****,,否,,,,,,,
101,台澎黨,,110,1100714,雜支支出,藍新科技股份有限公司,70565326,0.00,21.00,,,,第三方支付平台交易手續費,金錢,臺北市南港區****,,否,,,,,,,
102,台澎黨,,110,1100714,業務費用支出,中華郵政股份有限公司台中神岡郵局,05699949,0.00,16.00,,,,交通旅運費用,金錢,臺中市神岡區****,,否,,,,,,,
103,台澎黨,,110,1100716,雜支支出,台灣大哥大_台北雙連門市,42521501,0.00,499.00,,,,電信費用,金錢,臺北市大同區****,,否,,,,,,,
104,台澎黨,,110,1100719,業務費用支出,中華郵政股份有限公司台中英才郵局,77940207,0.00,44.00,,,,交通旅運費用,金錢,臺中市西區民****,,否,,,,,,,
105,台澎黨,,110,1100719,業務費用支出,交通部臺灣區國道高速公路局,35999916,0.00,89.00,,,,交通旅運費用,金錢,新北市泰山區****,,否,,,,,,,
106,台澎黨,,110,1100719,雜支支出,台灣電力股份有限公司台中區營業處,51868406,0.00,2891.00,,,,水電瓦斯費用,金錢,臺中市中區自****,,否,,,,,,,
107,台澎黨,,110,1100719,雜支支出,台中區監理所,52001705,0.00,6180.00,,,,汽機車燃料費用,金錢,臺中市大肚區****,,否,,,,,,,
108,台澎黨,,110,1100720,業務費用支出,中華郵政股份有限公司台中英才郵局,77940207,0.00,8.00,,,,交通旅運費用,金錢,臺中市西區民****,,否,,,,,,,
109,台澎黨,,110,1100726,人事費用支出,健保局中區業務組,98175094,0.00,4597.00,,,,其他因工作酬勞之給付,金錢,臺中市西屯區****,,否,,,,,,,
110,台澎黨,,110,1100726,人事費用支出,勞動部勞工保險局,03769808,0.00,10498.00,,,,其他因工作酬勞之給付,金錢,臺北市中正區****,,否,,,,,,,
111,台澎黨,,110,1100727,業務費用支出,中華郵政股份有限公司台中英才郵局,77940207,0.00,110.00,,,,交通旅運費用,金錢,臺中市西區民****,,否,,,,,,,
112,台澎黨,,110,1100727,雜支支出,翔暉水電行,80848675,0.00,4500.00,,,,雜項購置或修繕費用,金錢,臺中市健行路****,,否,,,,,,,
113,台澎黨,,110,1100727,雜支支出,聯茂興業有限公司,12683681,0.00,1280.00,,,,雜項購置或修繕費用,金錢,臺北市中山區****,,否,,,,,,,
114,台澎黨,,110,1100728,業務費用支出,中華郵政股份有限公司台中神岡郵局,05699949,0.00,28.00,,,,交通旅運費用,金錢,臺中市神岡區****,,否,,,,,,,
115,台澎黨,,110,1100816,雜支支出,藍新科技股份有限公司,70565326,0.00,46.00,,,,第三方支付平台交易手續費,金錢,臺北市南港區****,,否,,,,,,,
116,台澎黨,,110,1100901,業務費用支出,中華郵政股份有限公司台北民權郵局,04122526,0.00,226.00,,,,交通旅運費用,金錢,臺北市中山區****,,否,,,,,,,
117,台澎黨,,110,1100902,雜支支出,7-11,83538338,0.00,50.00,,,,文具用品費用,金錢,臺北市中山區****,,否,,,,,,,
118,台澎黨,,110,1100902,業務費用支出,中華郵政股份有限公司台北民權郵局,04122526,0.00,35.00,,,,交通旅運費用,金錢,臺北市中山區****,,否,,,,,,,
119,台澎黨,,110,1100902,雜支支出,欣彩廣告企業社,25934160,0.00,2380.00,,,,文具用品費用,金錢,高雄市楠梓區****,,否,,,,,,,
120,台澎黨,,110,1100903,雜支支出,良佑藥局,01337734,0.00,1500.00,,,,雜項購置或修繕費用,金錢,臺北市中山區****,,否,,,,,,,
121,台澎黨,,110,1100903,雜支支出,欣彩廣告企業社,25934160,0.00,548.00,,,,文具用品費用,金錢,高雄市楠梓區****,,否,,,,,,,
122,台澎黨,,110,1100903,雜支支出,聯橋健康事業有限公司裕明分公司,53575715,0.00,1590.00,,,,雜項購置或修繕費用,金錢,高雄市鼓山區****,,否,,,,,,,
123,台澎黨,,110,1100904,雜支支出,威承文具行有限公司,42612946,0.00,100.00,,,,文具用品費用,金錢,臺北市中山區****,,否,,,,,,,
124,台澎黨,,110,1100907,雜支支出,台灣大哥大_台北雙連門市,97176270,0.00,1085.00,,,,電信費用,金錢,臺北市大同區****,,否,,,,,,,
125,台澎黨,,110,1100908,業務費用支出,中華郵政股份有限公司台中中正路郵局,52606486,0.00,100.00,,,,交通旅運費用,金錢,臺中市西區臺****,,否,,,,,,,
126,台澎黨,,110,1100908,業務費用支出,中華郵政股份有限公司台中神岡郵局,05699949,0.00,28.00,,,,交通旅運費用,金錢,臺中市神岡區****,,否,,,,,,,
127,台澎黨,,110,1100910,業務費用支出,中華郵政股份有限公司台中英才郵局,77940207,0.00,160.00,,,,交通旅運費用,金錢,臺中市西區民****,,否,,,,,,,
128,台澎黨,,110,1100910,業務費用支出,中華郵政,03741302,0.00,130.00,,,,交通旅運費用,金錢,高雄市楠梓區****,,否,,,,,,,
129,台澎黨,,110,1100910,雜支支出,成興相框行,25916515,0.00,2250.00,,,,文具用品費用,金錢,高雄市楠梓區****,,否,,,,,,,
130,台澎黨,,110,1100911,人事費用支出,王奕升,F12*******,0.00,30000.00,,,,工資或薪津,金錢,臺北市中山區****,,否,,,,,,,
131,台澎黨,,110,1100911,人事費用支出,林碧如,L22*******,0.00,26500.00,,,,工資或薪津,金錢,臺中市神岡區****,,是,林碧如,,林碧如,中央執行委員,(中執委),,
132,台澎黨,,110,1100913,雜支支出,台灣電力股份有限公司台中區營業處,51868406,0.00,3046.00,,,,水電瓦斯費用,金錢,臺中市中區自****,,否,,,,,,,
133,台澎黨,,110,1100914,雜支支出,藍新科技股份有限公司,70565326,0.00,21.00,,,,第三方支付平台交易手續費,金錢,臺北市南港區****,,否,,,,,,,
134,台澎黨,,110,1100914,業務費用支出,已晴創新廣告有限公司,50793322,0.00,1229.00,,,,其他與業務推展有關之費用,金錢,臺北市北投區****,,否,,,,,,,
135,台澎黨,,110,1100916,雜支支出,盈美影印店,14287693,0.00,242.00,,,,雜項購置或修繕費用,金錢,臺中市西區五****,,否,,,,,,,
136,台澎黨,,110,1100917,業務費用支出,中華郵政股份有限公司台中英才郵局,77940207,0.00,108.00,,,,交通旅運費用,金錢,臺中市西區民****,,否,,,,,,,
137,台澎黨,,110,1100922,雜支支出,藍新科技股份有限公司,70565326,0.00,2.00,,,,第三方支付平台交易手續費,金錢,臺北市南港區****,,否,,,,,,,
138,台澎黨,,110,1100922,業務費用支出,中華郵政股份有限公司台中神岡郵局,05699949,0.00,80.00,,,,交通旅運費用,金錢,臺中市神岡區****,,否,,,,,,,
139,台澎黨,,110,1100927,人事費用支出,健保局中區業務組,98175094,0.00,4326.00,,,,其他因工作酬勞之給付,金錢,臺中市西屯區****,,否,,,,,,,
140,台澎黨,,110,1100927,人事費用支出,勞動部勞工保險局,03769808,0.00,9805.00,,,,其他因工作酬勞之給付,金錢,臺北市中正區****,,否,,,,,,,
141,台澎黨,,110,1100927,業務費用支出,中華郵政股份有限公司台中英才郵局,77940207,0.00,56.00,,,,交通旅運費用,金錢,臺中市西區民****,,否,,,,,,,
142,台澎黨,,110,1100928,業務費用支出,中華郵政股份有限公司台中神岡郵局,05699949,0.00,28.00,,,,交通旅運費用,金錢,臺中市神岡區****,,否,,,,,,,
143,台澎黨,,110,1100928,雜支支出,盈美影印店,14287693,0.00,840.00,,,,雜項購置或修繕費用,金錢,臺中市西區五****,,否,,,,,,,
144,台澎黨,,110,1100929,業務費用支出,中華郵政股份有限公司台中英才郵局,77940207,0.00,44.00,,,,交通旅運費用,金錢,臺中市西區民****,,否,,,,,,,
145,台澎黨,,110,1101003,公共關係費用支出,奇美咖啡館,40750921,0.00,8715.00,,,,聯誼交際費用,金錢,臺南市東區大****,,否,,,,,,,
146,台澎黨,,110,1101003,業務費用支出,點子貓科技有限公司,12793890,0.00,632.00,,,,其他與業務推展有關之費用,金錢,臺南市中西區****,,否,,,,,,,
147,台澎黨,,110,1101006,雜支支出,藍新科技股份有限公司,70565326,0.00,71.00,,,,第三方支付平台交易手續費,金錢,臺北市南港區****,,否,,,,,,,
148,台澎黨,,110,1101006,雜支支出,台灣自來水股份有限公司第四區管理處,52271159,0.00,255.00,,,,水電瓦斯費用,金錢,臺中市北區雙****,,否,,,,,,,
149,台澎黨,,110,1101007,人事費用支出,王奕升,F12*******,0.00,30000.00,,,,工資或薪津,金錢,臺北市中山區****,,否,,,,,,,
150,台澎黨,,110,1101007,人事費用支出,林碧如,L22*******,0.00,26500.00,,,,工資或薪津,金錢,臺中市神岡區****,,是,林碧如,,林碧如,中央執行委員,本人(中執委),,
151,台澎黨,,110,1101007,業務費用支出,中華郵政股份有限公司台中英才郵局,77940207,0.00,36.00,,,,交通旅運費用,金錢,臺中市西區民****,,否,,,,,,,
152,台澎黨,,110,1101008,業務費用支出,中華郵政股份有限公司台中英才郵局,77940207,0.00,28.00,,,,交通旅運費用,金錢,臺中市西區民****,,否,,,,,,,
153,台澎黨,,110,1101012,業務費用支出,中華郵政股份有限公司台中英才郵局,77940207,0.00,201.00,,,,交通旅運費用,金錢,臺中市西區民****,,否,,,,,,,
154,台澎黨,,110,1101014,雜支支出,藍新科技股份有限公司,70565326,0.00,21.00,,,,第三方支付平台交易手續費,金錢,臺北市南港區****,,否,,,,,,,
155,台澎黨,,110,1101014,業務費用支出,中華郵政股份有限公司台中英才郵局,77940207,0.00,36.00,,,,交通旅運費用,金錢,臺中市西區民****,,否,,,,,,,
156,台澎黨,,110,1101020,業務費用支出,中華郵政股份有限公司台中英才郵局,77940207,0.00,44.00,,,,交通旅運費用,金錢,臺中市西區民****,,否,,,,,,,
157,台澎黨,,110,1101021,雜支支出,已晴創新廣告有限公司,50793322,0.00,1528.00,,,,文具用品費用,金錢,臺北市北投區****,,否,,,,,,,
158,台澎黨,,110,1101022,雜支支出,盈美影印店,14287693,0.00,360.00,,,,文具用品費用,金錢,臺中市西區五****,,否,,,,,,,
159,台澎黨,,110,1101025,公共關係費用支出,西雅圖咖啡,83226264,0.00,520.00,,,,聯誼交際費用,金錢,臺北市中正區****,,否,,,,,,,
160,台澎黨,,110,1101025,公共關係費用支出,天曉得飲食店,26316969,0.00,2100.00,,,,聯誼交際費用,金錢,臺北市大安區****,,否,,,,,,,
161,台澎黨,,110,1101028,業務費用支出,中華郵政股份有限公司台中英才郵局,77940207,0.00,222.00,,,,交通旅運費用,金錢,臺中市西區民****,,否,,,,,,,
162,台澎黨,,110,1101028,雜支支出,交通部臺灣區國道高速公路局,35999916,0.00,569.00,,,,其他為維持日常運作所必要之相關費用,金錢,新北市泰山區****,,否,,,,,,,
163,台澎黨,,110,1101028,人事費用支出,健保局中區業務組,98175094,0.00,4326.00,,,,其他因工作酬勞之給付,金錢,臺中市西屯區****,,否,,,,,,,
164,台澎黨,,110,1101028,人事費用支出,勞動部勞工保險局,03769808,0.00,9805.00,,,,其他因工作酬勞之給付,金錢,臺北市中正區****,,否,,,,,,,
165,台澎黨,,110,1101029,雜支支出,藍新科技股份有限公司,70565326,0.00,2.00,,,,第三方支付平台交易手續費,金錢,臺北市南港區****,,否,,,,,,,
166,台澎黨,,110,1101029,雜支支出,富邦產物保險股份有限公司,70826461,0.00,4696.00,,,,其他為維持日常運作所必要之相關費用,金錢,臺北市中山區****,,否,,,,,,,
167,台澎黨,,110,1101101,業務費用支出,中華郵政股份有限公司台中英才郵局,77940207,0.00,8.00,,,,交通旅運費用,金錢,臺中市西區民****,,否,,,,,,,
168,台澎黨,,110,1101105,人事費用支出,王奕升,F12*******,0.00,30000.00,,,,工資或薪津,金錢,臺北市中山區****,,否,,,,,,,
169,台澎黨,,110,1101105,人事費用支出,林碧如,L22*******,0.00,26500.00,,,,工資或薪津,金錢,臺中市神岡區****,,是,林碧如,,林碧如,中央執行委員,本人(中執委),,
170,台澎黨,,110,1101109,業務費用支出,中華郵政股份有限公司台中英才郵局,77940207,0.00,91.00,,,,交通旅運費用,金錢,臺中市西區民****,,否,,,,,,,
171,台澎黨,,110,1101111,雜支支出,台灣電力股份有限公司台中區營業處,51868406,0.00,3211.00,,,,水電瓦斯費用,金錢,臺中市中區自****,,否,,,,,,,
172,台澎黨,,110,1101112,業務費用支出,中華郵政股份有限公司台北民權郵局,04122526,0.00,28.00,,,,交通旅運費用,金錢,臺北市中山區****,,否,,,,,,,
173,台澎黨,,110,1101115,雜支支出,藍新科技股份有限公司,70565326,0.00,21.00,,,,第三方支付平台交易手續費,金錢,臺北市南港區****,,否,,,,,,,
174,台澎黨,,110,1101115,雜支支出,台灣大哥大台北錦西直營服務中心,97176270,0.00,988.00,,,,電信費用,金錢,臺北市中山區****,,否,,,,,,,
175,台澎黨,,110,1101117,業務費用支出,中華郵政股份有限公司台中神岡郵局,05699949,0.00,44.00,,,,交通旅運費用,金錢,臺中市神岡區****,,否,,,,,,,
176,台澎黨,,110,1101118,雜支支出,盈美影印店,14287693,0.00,275.00,,,,文具用品費用,金錢,臺中市西區五****,,否,,,,,,,
177,台澎黨,,110,1101123,業務費用支出,中華郵政股份有限公司台中英才郵局,77940207,0.00,90.00,,,,交通旅運費用,金錢,臺中市西區民****,,否,,,,,,,
178,台澎黨,,110,1101125,雜支支出,健豪印刷,16332027,0.00,1040.00,,,,文具用品費用,金錢,臺中市北區忠****,,否,,,,,,,
179,台澎黨,,110,1101125,人事費用支出,勞動部勞工保險,03769808,0.00,9805.00,,,,其他因工作酬勞之給付_勞保+勞退,金錢,臺北市中正區****,,否,,,,,,,
180,台澎黨,,110,1101125,人事費用支出,健保局中區業務組,98175094,0.00,4326.00,,,,其他因工作酬勞之給付,金錢,臺中市西屯區****,,否,,,,,,,
181,台澎黨,,110,1101126,業務費用支出,中華郵政股份有限公司台中英才郵局,77940207,0.00,136.00,,,,交通旅運費用,金錢,臺中市西區民****,,否,,,,,,,
182,台澎黨,,110,1101129,雜支支出,藍新科技股份有限公司,70565326,0.00,46.00,,,,第三方支付平台交易手續費,金錢,臺北市南港區****,,否,,,,,,,
183,台澎黨,,110,1101130,業務費用支出,中華郵政股份有限公司台中大全街郵局,03741302,0.00,164.00,,,,交通旅運費用,金錢,臺中市西區大****,,否,,,,,,,
184,台澎黨,,110,1101214,雜支支出,藍新科技股份有限公司,70565326,0.00,21.00,,,,第三方支付平台交易手續費,金錢,臺北市南港區****,,否,,,,,,,
185,台澎黨,,110,1101229,雜支支出,藍新科技股份有限公司,70565326,0.00,23.00,,,,第三方支付平台交易手續費,金錢,臺北市南港區****,,否,,,,,,,
186,台澎黨,,110,1101231,雜支支出,提列折舊,,0.00,5556.00,,,,支出提列折舊，原捐贈日期:，原憑證號數:,非金錢,,,,,,,,,,
187,台澎黨,,110,1101231,人事費用支出,群智聯合會計師事務所,00969155,0.00,40000.00,,,,其他因工作酬勞之給付,金錢,臺中市南區忠****,,否,,,,,,,
