﻿序號,擬參選人／政黨,選舉名稱,申報序號／年度,交易日期,收支科目,捐贈者／支出對象,身分證／統一編號,收入金額,支出金額,支出用途,金錢類,地址,聯絡電話,資料更正日期
1,尤嘉聖,107年直轄市議員選舉,首次申報,1070531,個人捐贈收入,陳高錄,E12*******,3000.00,0.00,,金錢,高雄市前鎮區****,0932*****,
2,尤嘉聖,107年直轄市議員選舉,首次申報,1070531,個人捐贈收入,林達安,T12*******,1000.00,0.00,,金錢,屏東縣新埤鄉****,0958*****,
3,尤嘉聖,107年直轄市議員選舉,首次申報,1070801,個人捐贈收入,陳瑞仁,R12*******,3000.00,0.00,,金錢,臺南市西港區****,,
4,尤嘉聖,107年直轄市議員選舉,首次申報,1070814,營利事業捐贈收入,鉅惠企業股份有限公司,73735134,20000.00,0.00,,金錢,臺南市仁德區****,06-3*****,
5,尤嘉聖,107年直轄市議員選舉,首次申報,1070822,個人捐贈收入,林英哲,T12*******,2000.00,0.00,,金錢,高雄市楠梓區****,0958*****,
6,尤嘉聖,107年直轄市議員選舉,首次申報,1070918,營利事業捐贈收入,玉裕食品有限公司,27702187,3000.00,0.00,,金錢,高雄市鳥松區****,0773*****,
7,尤嘉聖,107年直轄市議員選舉,首次申報,1070924,個人捐贈收入,蔡寶練,D12*******,2000.00,0.00,,金錢,高雄市三民區****,0933*****,
8,尤嘉聖,107年直轄市議員選舉,首次申報,1070926,個人捐贈收入,劉淑惠,S20*******,6000.00,0.00,,金錢,南投縣信義鄉****,0970*****,
9,尤嘉聖,107年直轄市議員選舉,首次申報,1071105,個人捐贈收入,王元信,T12*******,5000.00,0.00,,金錢,彰化縣花壇鄉****,0953*****,
10,尤嘉聖,107年直轄市議員選舉,首次申報,1071108,個人捐贈收入,郭威亨,,3800.00,0.00,,金錢,臺南市北區北****,0980*****,
11,尤嘉聖,107年直轄市議員選舉,首次申報,1071115,個人捐贈收入,曾勤富,E12*******,1000.00,0.00,,金錢,高雄市三民區****,0922*****,
