﻿序號,擬參選人／政黨,選舉名稱,申報序號／年度,交易日期,收支科目,捐贈者／支出對象,身分證／統一編號,收入金額,支出金額,支出用途,金錢類,地址,聯絡電話,資料更正日期
1,林偕文,107年直轄市議員選舉,首次申報,1070904,個人捐贈收入,余政憲,,20000.00,0.00,,金錢,,0931*****,
2,林偕文,107年直轄市議員選舉,首次申報,1070904,匿名捐贈,匿名,,147.00,0.00,,金錢,,,
3,林偕文,107年直轄市議員選舉,首次申報,1070910,個人捐贈收入,沈德三,,3000.00,0.00,,金錢,,0983*****,
4,林偕文,107年直轄市議員選舉,首次申報,1070910,個人捐贈收入,周天胤,,10000.00,0.00,,金錢,,0932*****,
5,林偕文,107年直轄市議員選舉,首次申報,1070910,個人捐贈收入,獅子會12專區全體會長,,5000.00,0.00,,金錢,,0935*****,
6,林偕文,107年直轄市議員選舉,首次申報,1070910,個人捐贈收入,曾慶章,,20000.00,0.00,,金錢,,0932*****,
7,林偕文,107年直轄市議員選舉,首次申報,1070910,匿名捐贈,匿名,,6000.00,0.00,,金錢,,,
8,林偕文,107年直轄市議員選舉,首次申報,1070910,營利事業捐贈收入,正泰消防企業有限公司,23857717,50000.00,0.00,,金錢,桃園市蘆竹區****,,
9,林偕文,107年直轄市議員選舉,首次申報,1070910,營利事業捐贈收入,奇林開發有限公司,25150482,6000.00,0.00,,金錢,,,
10,林偕文,107年直轄市議員選舉,首次申報,1070910,營利事業捐贈收入,茂豐精密工業股份有限公司,43945773,20000.00,0.00,,金錢,,,
11,林偕文,107年直轄市議員選舉,首次申報,1070921,營利事業捐贈收入,海豚工業股份有限公司,12903550,100000.00,0.00,,金錢,新北市板橋區****,,
12,林偕文,107年直轄市議員選舉,首次申報,1070921,營利事業捐贈收入,佳佳玻璃工程有限公司,23739070,100000.00,0.00,,金錢,臺北市松山區****,,
13,林偕文,107年直轄市議員選舉,首次申報,1070921,個人捐贈收入,游聰發,F10*******,100000.00,0.00,,金錢,新北市板橋區****,,
14,林偕文,107年直轄市議員選舉,首次申報,1070921,個人捐贈收入,陳惠芳,L22*******,100000.00,0.00,,金錢,臺中市南屯區****,,
15,林偕文,107年直轄市議員選舉,首次申報,1071012,個人捐贈收入,張慶華,F12*******,50000.00,0.00,,金錢,新北市林口區****,,
16,林偕文,107年直轄市議員選舉,首次申報,1071106,營利事業捐贈收入,祥利工程行,21452319,100000.00,0.00,,金錢,臺中市大肚區****,,
17,林偕文,107年直轄市議員選舉,首次申報,1071113,個人捐贈收入,江文男,,5000.00,0.00,,金錢,桃園市大園區****,,
18,林偕文,107年直轄市議員選舉,首次申報,1071120,個人捐贈收入,錢政順,,5000.00,0.00,,金錢,,0939*****,
19,林偕文,107年直轄市議員選舉,首次申報,1071120,個人捐贈收入,林俊宏,H12*******,15000.00,0.00,,金錢,桃園市大園區****,0983*****,
20,林偕文,107年直轄市議員選舉,首次申報,1071120,個人捐贈收入,林美君,H22*******,20000.00,0.00,,金錢,桃園市桃園區****,0933*****,
21,林偕文,107年直轄市議員選舉,首次申報,1071120,個人捐贈收入,劉詩筠,M22*******,15000.00,0.00,,金錢,桃園市桃園區****,0919*****,
