﻿序號,擬參選人／政黨,選舉名稱,申報序號／年度,交易日期,收支科目,捐贈者／支出對象,身分證／統一編號,收入金額,支出金額,捐贈方式,存入專戶日期,返還/繳庫,支出用途,金錢類,地址,聯絡電話,應揭露之支出對象,支出對象之內部人員姓名,支出對象之內部人員職稱,政黨之內部人員姓名,政黨之內部人員職稱,關係,更正註記,資料更正日期
1,高毓安,111年臺北市議員選舉,首次申報,1110912,個人捐贈收入,高康偉,Q12*******,100.00,0.00,匯款,1110912,,,金錢,臺中市大里區****,,,,,,,,,
2,高毓安,111年臺北市議員選舉,首次申報,1110913,個人捐贈收入,高康偉,Q12*******,16888.00,0.00,匯款,1110913,,,金錢,臺中市大里區****,,,,,,,,,
3,高毓安,111年臺北市議員選舉,首次申報,1110921,匿名捐贈,匿名,,2000.00,0.00,匯款,1110921,,,金錢,,,,,,,,,,
4,高毓安,111年臺北市議員選舉,首次申報,1110921,匿名捐贈,匿名,,2000.00,0.00,匯款,1110921,,,金錢,,,,,,,,,,
5,高毓安,111年臺北市議員選舉,首次申報,1110927,匿名捐贈,匿名,,10000.00,0.00,匯款,1111003,,,金錢,,,,,,,,,,
6,高毓安,111年臺北市議員選舉,首次申報,1110930,匿名捐贈,匿名,,100.00,0.00,匯款,1110930,,,金錢,,,,,,,,,,
7,高毓安,111年臺北市議員選舉,首次申報,1111002,個人捐贈收入,邱鈺庭,,10000.00,0.00,匯款,1111007,,,金錢,屏東縣麟洛鄉****,,,,,,,,,
8,高毓安,111年臺北市議員選舉,首次申報,1111004,個人捐贈收入,陳國智,,10000.00,0.00,匯款,1111007,,,金錢,臺北市松山區****,,,,,,,,,
9,高毓安,111年臺北市議員選舉,首次申報,1111005,個人捐贈收入,鐵木蕭特,,3000.00,0.00,現金,1111011,,,金錢,新北市板橋區****,,,,,,,,,
10,高毓安,111年臺北市議員選舉,首次申報,1111014,匿名捐贈,匿名,,5000.00,0.00,現金,1111014,,,金錢,,,,,,,,,,
11,高毓安,111年臺北市議員選舉,首次申報,1111014,匿名捐贈,匿名,,5000.00,0.00,現金,1111014,,,金錢,,,,,,,,,,
12,高毓安,111年臺北市議員選舉,首次申報,1111014,匿名捐贈,匿名,,5000.00,0.00,現金,1111014,,,金錢,,,,,,,,,,
13,高毓安,111年臺北市議員選舉,首次申報,1111014,匿名捐贈,匿名,,5000.00,0.00,現金,1111014,,,金錢,,,,,,,,,,
14,高毓安,111年臺北市議員選舉,首次申報,1111020,個人捐贈收入,王維敏,,300.00,0.00,匯款,1111020,,,金錢,新北市板橋區****,,,,,,,,,
15,高毓安,111年臺北市議員選舉,首次申報,1111021,個人捐贈收入,高康偉,,20000.00,0.00,匯款,1111021,,,金錢,臺中市大里區****,,,,,,,,,
16,高毓安,111年臺北市議員選舉,首次申報,1111021,個人捐贈收入,高康偉,,30000.00,0.00,現金,1111021,,,金錢,臺中市大里區****,,,,,,,,,
17,高毓安,111年臺北市議員選舉,首次申報,1111021,個人捐贈收入,高康偉,Q12*******,20825.00,0.00,匯款,1111021,,,金錢,臺中市大里區****,,,,,,,,,
18,高毓安,111年臺北市議員選舉,首次申報,1111103,匿名捐贈,匿名,,5000.00,0.00,現金,1111103,,,金錢,,,,,,,,,,
19,高毓安,111年臺北市議員選舉,首次申報,1111113,個人捐贈收入,徐政于,,10000.00,0.00,匯款,1111118,,,金錢,臺北市松山區****,,,,,,,,,
20,高毓安,111年臺北市議員選舉,首次申報,1111123,匿名捐贈,匿名,,5000.00,0.00,現金,1111123,,,金錢,,,,,,,,,,
21,高毓安,111年臺北市議員選舉,首次申報,1111124,個人捐贈收入,徐承立,,1450.00,0.00,匯款,1111125,,,金錢,臺北市中正區****,,,,,,,,,
22,高毓安,111年臺北市議員選舉,首次申報,1111221,其他收入,利息收入,,1.00,0.00,匯款,1111221,,,金錢,,,,,,,,,,
