﻿序號,擬參選人／政黨,選舉名稱,申報序號／年度,交易日期,收支科目,捐贈者／支出對象,身分證／統一編號,收入金額,支出金額,捐贈方式,存入專戶日期,返還/繳庫,支出用途,金錢類,地址,聯絡電話,應揭露之支出對象,支出對象之內部人員姓名,支出對象之內部人員職稱,政黨之內部人員姓名,政黨之內部人員職稱,關係,更正註記,資料更正日期
1,王欣儀,111年臺北市議員選舉,首次申報,1110607,個人捐贈收入,丁姵瑄,,2000.00,0.00,匯款,1110607,,,金錢,臺北市大安區****,0916*****,,,,,,,,
2,王欣儀,111年臺北市議員選舉,首次申報,1110608,個人捐贈收入,林明娥,A22*******,50000.00,0.00,匯款,1110608,,,金錢,臺北市大安區****,0227*****,,,,,,,,
3,王欣儀,111年臺北市議員選舉,首次申報,1110610,營利事業捐贈收入,璞厚廣告股份有限公司,54656166,500000.00,0.00,匯款,1110610,,,金錢,臺北市內湖區****,,,,,,,,,
4,王欣儀,111年臺北市議員選舉,首次申報,1110621,其他收入,利息收入,,2.00,0.00,匯款,1110621,,,金錢,,,,,,,,,,
5,王欣儀,111年臺北市議員選舉,首次申報,1110625,個人捐贈收入,許櫻輝,F22*******,30000.00,0.00,匯款,1110625,,,金錢,新北市土城區****,0981*****,,,,,,,,
6,王欣儀,111年臺北市議員選舉,首次申報,1110701,個人捐贈收入,林文進,N10*******,100000.00,0.00,匯款,1110701,,,金錢,臺北市大安區****,0933*****,,,,,,,,
7,王欣儀,111年臺北市議員選舉,首次申報,1110704,營利事業捐贈收入,詮營股份有限公司,97317757,100000.00,0.00,匯款,1110704,,,金錢,臺北市內湖區****,,,,,,,,,
8,王欣儀,111年臺北市議員選舉,首次申報,1110708,匿名捐贈,匿名1,,500.00,0.00,匯款,1110714,,,金錢,,,,,,,,,,
9,王欣儀,111年臺北市議員選舉,首次申報,1110713,個人捐贈收入,陳世燈,A12*******,100000.00,0.00,現金,1110713,,,金錢,新北市三重區****,0939*****,,,,,,,,
10,王欣儀,111年臺北市議員選舉,首次申報,1110713,個人捐贈收入,黃韋智,A12*******,100000.00,0.00,現金,1110713,,,金錢,臺北市大安區****,0939*****,,,,,,,,
11,王欣儀,111年臺北市議員選舉,首次申報,1110713,個人捐贈收入,邱創釧,A12*******,10000.00,0.00,匯款,1110719,,,金錢,臺北市南港區****,0958*****,,,,,,,,
12,王欣儀,111年臺北市議員選舉,首次申報,1110713,個人捐贈收入,李頌齡,A12*******,100000.00,0.00,現金,1110713,,,金錢,新北市永和區****,0932*****,,,,,,,,
13,王欣儀,111年臺北市議員選舉,首次申報,1110713,個人捐贈收入,張駿宏,A12*******,100000.00,0.00,現金,1110713,,,金錢,新北市汐止區****,0910*****,,,,,,,,
14,王欣儀,111年臺北市議員選舉,首次申報,1110713,個人捐贈收入,鄭應娜,B20*******,100000.00,0.00,現金,1110713,,,金錢,新北市林口區****,0911*****,,,,,,,,
15,王欣儀,111年臺北市議員選舉,首次申報,1110713,個人捐贈收入,周惠英,C22*******,100000.00,0.00,現金,1110713,,,金錢,基隆市七堵區****,0930*****,,,,,,,,
16,王欣儀,111年臺北市議員選舉,首次申報,1110713,個人捐贈收入,宮春琪,F22*******,100000.00,0.00,現金,1110713,,,金錢,新北市新店區****,0958*****,,,,,,,,
17,王欣儀,111年臺北市議員選舉,首次申報,1110713,個人捐贈收入,林志賢,J12*******,100000.00,0.00,現金,1110713,,,金錢,新北市板橋區****,,,,,,,,,
18,王欣儀,111年臺北市議員選舉,首次申報,1110713,個人捐贈收入,徐尉綸,K12*******,100000.00,0.00,現金,1110713,,,金錢,新北市永和區****,0937*****,,,,,,,,
19,王欣儀,111年臺北市議員選舉,首次申報,1110713,個人捐贈收入,高圭廷,Q12*******,100000.00,0.00,現金,1110713,,,金錢,新北市板橋區****,0933*****,,,,,,,,
20,王欣儀,111年臺北市議員選舉,首次申報,1110719,個人捐贈收入,王浩宇,G12*******,100.00,0.00,匯款,1110725,,,金錢,宜蘭縣宜蘭市****,0968*****,,,,,,,,
21,王欣儀,111年臺北市議員選舉,首次申報,1110721,匿名捐贈,蔣義銘,,2000.00,0.00,匯款,1110721,,,金錢,,,,,,,,,,
22,王欣儀,111年臺北市議員選舉,首次申報,1110725,個人捐贈收入,王天生,A12*******,6666.00,0.00,匯款,1110801,,,金錢,桃園市觀音區****,0936*****,,,,,,,,
23,王欣儀,111年臺北市議員選舉,首次申報,1110728,個人捐贈收入,張天鷞,,10000.00,0.00,匯款,1110728,,,金錢,臺北市大安區****,,,,,,,,,
24,王欣儀,111年臺北市議員選舉,首次申報,1110802,個人捐贈收入,許櫻輝,F22*******,30000.00,0.00,匯款,1110802,,,金錢,新北市土城區****,0981*****,,,,,,,,
25,王欣儀,111年臺北市議員選舉,首次申報,1110811,匿名捐贈,匿名2,,100.00,0.00,匯款,1110811,,,金錢,,,,,,,,,,
26,王欣儀,111年臺北市議員選舉,首次申報,1110811,匿名捐贈,匿名3,,200.00,0.00,匯款,1110817,,,金錢,,,,,,,,,,
27,王欣儀,111年臺北市議員選舉,首次申報,1110816,個人捐贈收入,鄧泳嘉,F22*******,100000.00,0.00,匯款,1110816,,,金錢,新北市板橋區****,0229*****,,,,,,,,
28,王欣儀,111年臺北市議員選舉,首次申報,1110816,個人捐贈收入,許櫻輝,F22*******,30000.00,0.00,匯款,1110816,,,金錢,新北市土城區****,0981*****,,,,,,,,
29,王欣儀,111年臺北市議員選舉,首次申報,1110817,個人捐贈收入,許櫻輝,F22*******,10000.00,0.00,匯款,1110817,,,金錢,新北市土城區****,0981*****,,,,,,,,
30,王欣儀,111年臺北市議員選舉,首次申報,1110819,營利事業捐贈收入,興揚電影有限公司,24454086,10000.00,0.00,匯款,1110819,,,金錢,臺北市內湖區****,,,,,,,,,
31,王欣儀,111年臺北市議員選舉,首次申報,1110823,營利事業捐贈收入,海悅開發股份有限公司,27998528,200000.00,0.00,匯款,1110823,,,金錢,臺北市松山區****,0287*****,,,,,,,,
32,王欣儀,111年臺北市議員選舉,首次申報,1110831,個人捐贈收入,黃雅慧,F22*******,16000.00,0.00,匯款,1110907,,,金錢,臺北市大安區****,0922*****,,,,,,,,
33,王欣儀,111年臺北市議員選舉,首次申報,1110831,個人捐贈收入,鄭彥甫,N12*******,100000.00,0.00,匯款,1110831,,,金錢,臺北市松山區****,0930*****,,,,,,,,
34,王欣儀,111年臺北市議員選舉,首次申報,1110831,個人捐贈收入,鄭聖甫,N12*******,100000.00,0.00,匯款,1110831,,,金錢,臺北市松山區****,0919*****,,,,,,,,
35,王欣儀,111年臺北市議員選舉,首次申報,1110902,個人捐贈收入,王璐,,2000.00,0.00,匯款,1110902,,,金錢,臺北市文山區****,0925*****,,,,,,,,
36,王欣儀,111年臺北市議員選舉,首次申報,1110905,個人捐贈收入,謝淑智,A22*******,100000.00,0.00,現金,1110906,,,金錢,新北市三重區****,0928*****,,,,,,,,
37,王欣儀,111年臺北市議員選舉,首次申報,1110905,個人捐贈收入,李博文,F10*******,100000.00,0.00,現金,1110906,,,金錢,臺北市中山區****,0920*****,,,,,,,,
38,王欣儀,111年臺北市議員選舉,首次申報,1110906,營利事業捐贈收入,達永建設股份有限公司,86853800,300000.00,0.00,匯款,1110906,,,金錢,臺北市內湖區****,,,,,,,,,
39,王欣儀,111年臺北市議員選舉,首次申報,1110907,個人捐贈收入,黃富源,,10000.00,0.00,匯款,1110907,,,金錢,新北市新店區****,0988*****,,,,,,,,
40,王欣儀,111年臺北市議員選舉,首次申報,1110908,個人捐贈收入,王雪英,T22*******,10000.00,0.00,匯款,1110914,,,金錢,臺北市北投區****,0922*****,,,,,,,,
41,王欣儀,111年臺北市議員選舉,首次申報,1110912,個人捐贈收入,樂淑樺,,1000.00,0.00,匯款,1110919,,,金錢,臺北市大安區****,,,,,,,,,
42,王欣儀,111年臺北市議員選舉,首次申報,1110913,個人捐贈收入,張秀珍,,20000.00,0.00,匯款,1110913,,,金錢,臺北市文山區****,0923*****,,,,,,,,
43,王欣儀,111年臺北市議員選舉,首次申報,1110913,個人捐贈收入,胡忠卿,N10*******,100000.00,0.00,匯款,1110913,,,金錢,臺北市中正區****,0920*****,,,,,,,,
44,王欣儀,111年臺北市議員選舉,首次申報,1110914,個人捐贈收入,張維華,B12*******,100000.00,0.00,匯款,1110914,,,金錢,南投縣南投市****,0910*****,,,,,,,,
45,王欣儀,111年臺北市議員選舉,首次申報,1110915,個人捐贈收入,陳嘉尚,,20000.00,0.00,匯款,1110915,,,金錢,新北市三重區****,0987*****,,,,,,,,
46,王欣儀,111年臺北市議員選舉,首次申報,1110915,個人捐贈收入,張耀飛,A12*******,100000.00,0.00,現金,1110915,,,金錢,臺北市大安區****,,,,,,,,,
47,王欣儀,111年臺北市議員選舉,首次申報,1110916,個人捐贈收入,洪正雄,B12*******,100000.00,0.00,匯款,1110916,,,金錢,臺北市內湖區****,0958*****,,,,,,,,
48,王欣儀,111年臺北市議員選舉,首次申報,1110922,個人捐贈收入,陳敦傑,,6000.00,0.00,匯款,1110922,,,金錢,臺北市大安區****,0960*****,,,,,,,,
49,王欣儀,111年臺北市議員選舉,首次申報,1110923,個人捐贈收入,郭明鑑,,20000.00,0.00,匯款,1110923,,,金錢,臺北市信義區****,0932*****,,,,,,,,
50,王欣儀,111年臺北市議員選舉,首次申報,1110923,人民團體捐贈收入,中華蓮元功德會,,100000.00,0.00,,,,,非金錢,臺北市文山區****,,,,,,,,,
51,王欣儀,111年臺北市議員選舉,首次申報,1110923,營利事業捐贈收入,基泰建設股份有限公司,12251662,100000.00,0.00,匯款,1110923,,,金錢,臺北市中正區****,,,,,,,,,
52,王欣儀,111年臺北市議員選舉,首次申報,1110928,營利事業捐贈收入,運廣通股份有限公司,97280864,10000.00,0.00,現金,1110928,,,金錢,臺北市中山區****,,,,,,,,,
53,王欣儀,111年臺北市議員選舉,首次申報,1110928,個人捐贈收入,劉珈君,F22*******,50000.00,0.00,現金,1110928,,,金錢,新北市永和區****,0931*****,,,,,,,,
54,王欣儀,111年臺北市議員選舉,首次申報,1110929,個人捐贈收入,關國輝,L12*******,1000.00,0.00,匯款,1111005,,,金錢,新北市板橋區****,0932*****,,,,,,,,
55,王欣儀,111年臺北市議員選舉,首次申報,1110930,營利事業捐贈收入,利凌科技股份有限公司,27530116,100000.00,0.00,匯款,1110930,,,金錢,臺北市松山區****,0225*****,,,,,,,,
56,王欣儀,111年臺北市議員選舉,首次申報,1110930,個人捐贈收入,王恩國,A12*******,10000.00,0.00,匯款,1111006,,,金錢,臺北市大安區****,0918*****,,,,,,,,
57,王欣儀,111年臺北市議員選舉,首次申報,1111002,個人捐贈收入,賴思嘉,,3000.00,0.00,匯款,1111002,,,金錢,臺北市大安區****,0223*****,,,,,,,,
58,王欣儀,111年臺北市議員選舉,首次申報,1111002,個人捐贈收入,許秀茵,X20*******,3000.00,0.00,匯款,1111011,,,金錢,臺北市內湖區****,0937*****,,,,,,,,
59,王欣儀,111年臺北市議員選舉,首次申報,1111003,個人捐贈收入,林岳宏,,6000.00,0.00,匯款,1111003,,,金錢,臺北市大安區****,0925*****,,,,,,,,
60,王欣儀,111年臺北市議員選舉,首次申報,1111003,匿名捐贈,匿名4,,1000.00,0.00,匯款,1111003,,,金錢,,,,,,,,,,
61,王欣儀,111年臺北市議員選舉,首次申報,1111003,匿名捐贈,陳韻如,,10000.00,0.00,匯款,1111003,,,金錢,,,,,,,,,,
62,王欣儀,111年臺北市議員選舉,首次申報,1111003,匿名捐贈,陳沛緹,,10000.00,0.00,匯款,1111003,,,金錢,,,,,,,,,,
63,王欣儀,111年臺北市議員選舉,首次申報,1111003,個人捐贈收入,林德福,F10*******,20000.00,0.00,匯款,1111003,,,金錢,臺北市中正區****,0223*****,,,,,,,,
64,王欣儀,111年臺北市議員選舉,首次申報,1111003,個人捐贈收入,王寶裕,F10*******,30000.00,0.00,匯款,1111003,,,金錢,臺北市大安區****,0933*****,,,,,,,,
65,王欣儀,111年臺北市議員選舉,首次申報,1111003,個人捐贈收入,汪稑畇,F22*******,1000.00,0.00,匯款,1111011,,,金錢,臺北市文山區****,0939*****,,,,,,,,
66,王欣儀,111年臺北市議員選舉,首次申報,1111003,個人捐贈收入,謝鎏熒,P10*******,3000.00,0.00,匯款,1111011,,,金錢,臺北市萬華區****,0932*****,,,,,,,,
67,王欣儀,111年臺北市議員選舉,首次申報,1111003,個人捐贈收入,杜家風,Y12*******,10000.00,0.00,匯款,1111003,,,金錢,臺北市松山區****,0225*****,,,,,,,,
68,王欣儀,111年臺北市議員選舉,首次申報,1111004,匿名捐贈,匿名5,,3000.00,0.00,匯款,1111004,,,金錢,,,,,,,,,,
69,王欣儀,111年臺北市議員選舉,首次申報,1111005,人民團體捐贈收入,社團法人台北市牙醫師公會,,50000.00,0.00,匯款,1111005,,,金錢,臺北市中正區****,0223*****,,,,,,,,
70,王欣儀,111年臺北市議員選舉,首次申報,1111006,匿名捐贈,呂淑珍,,3000.00,0.00,匯款,1111006,,,金錢,,,,,,,,,,
71,王欣儀,111年臺北市議員選舉,首次申報,1111006,營利事業捐贈收入,水美開發實業股份有限公司,23052232,50000.00,0.00,匯款,1111006,,,金錢,臺北市中山區****,,,,,,,,,
72,王欣儀,111年臺北市議員選舉,首次申報,1111006,個人捐贈收入,王雅玲,C22*******,3000.00,0.00,匯款,1111006,,,金錢,臺北市大安區****,0910*****,,,,,,,,
73,王欣儀,111年臺北市議員選舉,首次申報,1111006,個人捐贈收入,王雅玲,C22*******,3000.00,0.00,匯款,1111006,,,金錢,臺北市大安區****,0910*****,,,,,,,,
74,王欣儀,111年臺北市議員選舉,首次申報,1111006,個人捐贈收入,王雅玲,C22*******,3000.00,0.00,匯款,1111006,,,金錢,臺北市大安區****,0910*****,,,,,,,,
75,王欣儀,111年臺北市議員選舉,首次申報,1111006,個人捐贈收入,王維國,F10*******,12000.00,0.00,匯款,1111006,,,金錢,新北市八里區****,0989*****,,,,,,,,
76,王欣儀,111年臺北市議員選舉,首次申報,1111006,個人捐贈收入,周姿君,F22*******,50000.00,0.00,匯款,1111006,,,金錢,新北市永和區****,0911*****,,,,,,,,
77,王欣儀,111年臺北市議員選舉,首次申報,1111006,個人捐贈收入,謝明珠,Q22*******,50000.00,0.00,匯款,1111006,,,金錢,臺北市大安區****,0227*****,,,,,,,,
78,王欣儀,111年臺北市議員選舉,首次申報,1111007,營利事業捐贈收入,敦南酒窖股份有限公司,55753995,30000.00,0.00,現金,1111007,已返還,,金錢,臺北市大安區****,,,,,,,,,
79,王欣儀,111年臺北市議員選舉,首次申報,1111007,營利事業捐贈收入,久暢股份有限公司,84897297,200000.00,0.00,票據,1111013,,,金錢,臺中市西屯區****,,,,,,,,,
80,王欣儀,111年臺北市議員選舉,首次申報,1111007,個人捐贈收入,勞大容,A12*******,100000.00,0.00,現金,1111007,,,金錢,新北市新店區****,0928*****,,,,,,,,
81,王欣儀,111年臺北市議員選舉,首次申報,1111007,個人捐贈收入,吳尉慈,A22*******,100000.00,0.00,現金,1111007,,,金錢,臺北市松山區****,0227*****,,,,,,,,
82,王欣儀,111年臺北市議員選舉,首次申報,1111007,個人捐贈收入,許佩容,R22*******,100000.00,0.00,現金,1111007,,,金錢,臺北市中正區****,0227*****,,,,,,,,
83,王欣儀,111年臺北市議員選舉,首次申報,1111010,個人捐贈收入,劉容生,O10*******,20000.00,0.00,匯款,1111010,,,金錢,新北市新店區****,0222*****,,,,,,,,
84,王欣儀,111年臺北市議員選舉,首次申報,1111011,營利事業捐贈收入,廣域格康建設有限公司,52885537,20000.00,0.00,現金,1111017,已返還,,金錢,臺北市大安區****,0928*****,,,,,,,,
85,王欣儀,111年臺北市議員選舉,首次申報,1111011,個人捐贈收入,陳淑芬,A20*******,10000.00,0.00,匯款,1111011,,,金錢,新北市八里區****,0922*****,,,,,,,,
86,王欣儀,111年臺北市議員選舉,首次申報,1111011,個人捐贈收入,張書泓,H12*******,30000.00,0.00,現金,1111017,,,金錢,新北市樹林區****,0226*****,,,,,,,,
87,王欣儀,111年臺北市議員選舉,首次申報,1111012,個人捐贈收入,賴聰信,M10*******,3000.00,0.00,現金,1111017,,,金錢,臺北市文山區****,0286*****,,,,,,,,
88,王欣儀,111年臺北市議員選舉,首次申報,1111013,營利事業捐贈收入,商河事業股份有限公司,53351291,100000.00,0.00,匯款,1111013,已返還,,金錢,臺北市大安區****,0933*****,,,,,,,,
89,王欣儀,111年臺北市議員選舉,首次申報,1111013,個人捐贈收入,張俊輝,P12*******,100000.00,0.00,匯款,1111013,,,金錢,新北市蘆洲區****,,,,,,,,,
90,王欣儀,111年臺北市議員選舉,首次申報,1111014,匿名捐贈,黃濬傑,,100.00,0.00,匯款,1111014,,,金錢,,,,,,,,,,
91,王欣儀,111年臺北市議員選舉,首次申報,1111016,個人捐贈收入,陳鴻文,A12*******,10000.00,0.00,匯款,1111016,,,金錢,臺北市大安區****,0227*****,,,,,,,,
92,王欣儀,111年臺北市議員選舉,首次申報,1111017,營利事業捐贈收入,凱美電機股份有限公司,34230543,1000000.00,0.00,匯款,1111017,,,金錢,新北市汐止區****,0226*****,,,,,,,,
93,王欣儀,111年臺北市議員選舉,首次申報,1111017,營利事業捐贈收入,富豪名人有限公司,54541881,10000.00,0.00,匯款,1111017,已返還,,金錢,新北市林口區****,0931*****,,,,,,,,
94,王欣儀,111年臺北市議員選舉,首次申報,1111017,營利事業捐贈收入,華利鋼鐵有限公司,80638896,50000.00,0.00,票據,1111026,,,金錢,臺北市松山區****,,,,,,,,,
95,王欣儀,111年臺北市議員選舉,首次申報,1111017,個人捐贈收入,姜曼苓,F20*******,5000.00,0.00,匯款,1111017,,,金錢,臺北市大安區****,0912*****,,,,,,,,
96,王欣儀,111年臺北市議員選舉,首次申報,1111017,個人捐贈收入,江誠榮,S10*******,50000.00,0.00,票據,1111018,,,金錢,新北市新莊區****,0935*****,,,,,,,,
97,王欣儀,111年臺北市議員選舉,首次申報,1111018,個人捐贈收入,柯王正,A12*******,100000.00,0.00,現金,1111021,,,金錢,臺北市中山區****,,,,,,,,,
98,王欣儀,111年臺北市議員選舉,首次申報,1111018,個人捐贈收入,柯文淇,A22*******,100000.00,0.00,現金,1111021,,,金錢,臺北市中山區****,,,,,,,,,
99,王欣儀,111年臺北市議員選舉,首次申報,1111018,個人捐贈收入,劉懿文,C22*******,1000.00,0.00,匯款,1111018,,,金錢,臺北市大安區****,0988*****,,,,,,,,
100,王欣儀,111年臺北市議員選舉,首次申報,1111018,個人捐贈收入,馬詠睿,F12*******,100000.00,0.00,匯款,1111018,,,金錢,臺北市內湖區****,,,,,,,,,
101,王欣儀,111年臺北市議員選舉,首次申報,1111018,個人捐贈收入,林勇孚,G12*******,100000.00,0.00,匯款,1111018,,,金錢,臺北市內湖區****,,,,,,,,,
102,王欣儀,111年臺北市議員選舉,首次申報,1111018,個人捐贈收入,李美華,L20*******,20000.00,0.00,匯款,1111018,,,金錢,新北市三重區****,0913*****,,,,,,,,
103,王欣儀,111年臺北市議員選舉,首次申報,1111018,個人捐贈收入,孫貽謀,Q10*******,50000.00,0.00,匯款,1111018,,,金錢,桃園市中壢區****,0345*****,,,,,,,,
104,王欣儀,111年臺北市議員選舉,首次申報,1111019,人民團體捐贈收入,台北市梅花之友會,,2000.00,0.00,匯款,1111019,,,金錢,臺北市大安區****,0983*****,,,,,,,,
105,王欣儀,111年臺北市議員選舉,首次申報,1111019,營利事業捐贈收入,大樹國際文化企業股份有限公司,24453164,30000.00,0.00,匯款,1111019,已返還,,金錢,臺北市松山區****,0277*****,,,,,,,,
106,王欣儀,111年臺北市議員選舉,首次申報,1111020,匿名捐贈,匿名6,,100.00,0.00,匯款,1111020,,,金錢,,,,,,,,,,
107,王欣儀,111年臺北市議員選舉,首次申報,1111020,個人捐贈收入,楊吳港,A10*******,3000.00,0.00,匯款,1111020,,,金錢,臺北市大安區****,,,,,,,,,
108,王欣儀,111年臺北市議員選舉,首次申報,1111020,個人捐贈收入,陳冠穎,A21*******,10000.00,0.00,匯款,1111020,,,金錢,臺北市大安區****,0928*****,,,,,,,,
109,王欣儀,111年臺北市議員選舉,首次申報,1111020,個人捐贈收入,蔡智杰,X12*******,60000.00,0.00,匯款,1111020,,,金錢,臺北市中山區****,0225*****,,,,,,,,
110,王欣儀,111年臺北市議員選舉,首次申報,1111021,個人捐贈收入,朱哉亮,,10000.00,0.00,匯款,1111021,,,金錢,臺北市中正區****,0905*****,,,,,,,,
111,王欣儀,111年臺北市議員選舉,首次申報,1111021,個人捐贈收入,林進富,,6000.00,0.00,匯款,1111021,,,金錢,臺北市中山區****,0935*****,,,,,,,,
112,王欣儀,111年臺北市議員選舉,首次申報,1111021,營利事業捐贈收入,吉美建設事業股份有限公司,96964262,300000.00,0.00,票據,1111026,,,金錢,臺北市信義區****,,,,,,,,,
113,王欣儀,111年臺北市議員選舉,首次申報,1111021,個人捐贈收入,鍾孟翰,A12*******,2000.00,0.00,匯款,1111021,,,金錢,臺北市大安區****,0928*****,,,,,,,,
114,王欣儀,111年臺北市議員選舉,首次申報,1111022,個人捐贈收入,朱建煇,,3000.00,0.00,匯款,1111022,,,金錢,臺北市中山區****,0910*****,,,,,,,,
115,王欣儀,111年臺北市議員選舉,首次申報,1111022,人民團體捐贈收入,中華和氣健身運動推廣協會,,20000.00,0.00,現金,1111025,,,金錢,臺北市中山區****,0229*****,,,,,,,,
116,王欣儀,111年臺北市議員選舉,首次申報,1111022,個人捐贈收入,陳妍臻,,10000.00,0.00,現金,1111025,,,金錢,臺北市中山區****,0926*****,,,,,,,,
117,王欣儀,111年臺北市議員選舉,首次申報,1111022,個人捐贈收入,簡秀義,,10000.00,0.00,現金,1111025,,,金錢,臺北市大安區****,0910*****,,,,,,,,
118,王欣儀,111年臺北市議員選舉,首次申報,1111022,個人捐贈收入,林哲墣,,3000.00,0.00,現金,1111025,,,金錢,臺北市大安區****,0908*****,,,,,,,,
119,王欣儀,111年臺北市議員選舉,首次申報,1111022,個人捐贈收入,蔡秀娥,,3000.00,0.00,現金,1111025,,,金錢,臺北市松山區****,0973*****,,,,,,,,
120,王欣儀,111年臺北市議員選舉,首次申報,1111022,個人捐贈收入,陳毓潔,,8000.00,0.00,現金,1111025,,,金錢,臺北市文山區****,0919*****,,,,,,,,
121,王欣儀,111年臺北市議員選舉,首次申報,1111022,個人捐贈收入,楊春美,,3000.00,0.00,現金,1111025,,,金錢,臺北市文山區****,0922*****,,,,,,,,
122,王欣儀,111年臺北市議員選舉,首次申報,1111022,個人捐贈收入,徐忠寶,,10000.00,0.00,現金,1111025,,,金錢,臺北市松山區****,0936*****,,,,,,,,
123,王欣儀,111年臺北市議員選舉,首次申報,1111022,個人捐贈收入,鄭進良,,20000.00,0.00,現金,1111025,,,金錢,臺北市大安區****,0932*****,,,,,,,,
124,王欣儀,111年臺北市議員選舉,首次申報,1111022,個人捐贈收入,陳麗卿,,5000.00,0.00,現金,1111025,,,金錢,臺北市文山區****,0932*****,,,,,,,,
125,王欣儀,111年臺北市議員選舉,首次申報,1111022,個人捐贈收入,黃謙,,5000.00,0.00,現金,1111025,,,金錢,臺北市文山區****,0918*****,,,,,,,,
126,王欣儀,111年臺北市議員選舉,首次申報,1111022,個人捐贈收入,宋乃午,,20000.00,0.00,現金,1111025,,,金錢,新北市新店區****,0910*****,,,,,,,,
127,王欣儀,111年臺北市議員選舉,首次申報,1111022,營利事業捐贈收入,翊銓國際股份有限公司,16789989,5000.00,0.00,現金,1111025,已返還,,金錢,新北市汐止區****,0226*****,,,,,,,,
128,王欣儀,111年臺北市議員選舉,首次申報,1111022,營利事業捐贈收入,華山文旅管理顧問股份有限公司,42859829,100000.00,0.00,現金,1111025,已返還,,金錢,臺北市中正區****,0933*****,,,,,,,,
129,王欣儀,111年臺北市議員選舉,首次申報,1111022,營利事業捐贈收入,全絨有限公司,90829472,30000.00,0.00,現金,1111025,,,金錢,臺北市中山區****,0925*****,,,,,,,,
130,王欣儀,111年臺北市議員選舉,首次申報,1111022,個人捐贈收入,石忠勝,F10*******,5000.00,0.00,現金,1111025,,,金錢,臺北市大安區****,,,,,,,,,
131,王欣儀,111年臺北市議員選舉,首次申報,1111022,個人捐贈收入,楊國彥,F12*******,2000.00,0.00,現金,1111025,,,金錢,臺北市大安區****,0936*****,,,,,,,,
132,王欣儀,111年臺北市議員選舉,首次申報,1111022,個人捐贈收入,黃麗華,F20*******,10000.00,0.00,現金,1111025,,,金錢,臺北市大安區****,0936*****,,,,,,,,
133,王欣儀,111年臺北市議員選舉,首次申報,1111022,個人捐贈收入,黃惠娟,F20*******,5000.00,0.00,現金,1111025,,,金錢,臺北市文山區****,0968*****,,,,,,,,
134,王欣儀,111年臺北市議員選舉,首次申報,1111022,個人捐贈收入,邱玉珠,F22*******,50000.00,0.00,匯款,1111028,,,金錢,新北市八里區****,,,,,,,,,
135,王欣儀,111年臺北市議員選舉,首次申報,1111022,個人捐贈收入,蔡宜玲,Q22*******,1000.00,0.00,現金,1111025,,,金錢,臺北市文山區****,0923*****,,,,,,,,
136,王欣儀,111年臺北市議員選舉,首次申報,1111022,個人捐贈收入,郭春櫻,S22*******,10000.00,0.00,現金,1111025,,,金錢,臺北市大安區****,,,,,,,,,
137,王欣儀,111年臺北市議員選舉,首次申報,1111023,匿名捐贈,Jerry,,1500.00,0.00,匯款,1111023,,,金錢,,,,,,,,,,
138,王欣儀,111年臺北市議員選舉,首次申報,1111024,匿名捐贈,曹一之,,1288.00,0.00,匯款,1111024,,,金錢,,,,,,,,,,
139,王欣儀,111年臺北市議員選舉,首次申報,1111024,個人捐贈收入,程大同,A10*******,10000.00,0.00,匯款,1111024,,,金錢,臺北市大安區****,0932*****,,,,,,,,
140,王欣儀,111年臺北市議員選舉,首次申報,1111025,人民團體捐贈收入,臺北市旅館商業同業公會,,60000.00,0.00,匯款,1111025,,,金錢,臺北市萬華區****,,,,,,,,,
141,王欣儀,111年臺北市議員選舉,首次申報,1111025,營利事業捐贈收入,群盛公寓大廈管理維護股份有限公司,54704511,100000.00,0.00,票據,1111104,,,金錢,高雄市苓雅區****,0226*****,,,,,,,,
142,王欣儀,111年臺北市議員選舉,首次申報,1111025,個人捐贈收入,王若蓁,F23*******,2000.00,0.00,匯款,1111025,,,金錢,臺北市大安區****,0955*****,,,,,,,,
143,王欣儀,111年臺北市議員選舉,首次申報,1111025,個人捐贈收入,陳俊安,R12*******,30000.00,0.00,匯款,1111025,,,金錢,臺北市松山區****,0225*****,,,,,,,,
144,王欣儀,111年臺北市議員選舉,首次申報,1111026,個人捐贈收入,張阿貞,,5000.00,0.00,匯款,1111026,,,金錢,臺北市大安區****,0928*****,,,,,,,,
145,王欣儀,111年臺北市議員選舉,首次申報,1111026,營利事業捐贈收入,輝容投資股份有限公司,86825642,200000.00,0.00,匯款,1111026,,,金錢,新北市三重區****,0229*****,,,,,,,,
146,王欣儀,111年臺北市議員選舉,首次申報,1111026,個人捐贈收入,黃琪茜,F22*******,70000.00,0.00,匯款,1111026,,,金錢,臺北市大安區****,0905*****,,,,,,,,
147,王欣儀,111年臺北市議員選舉,首次申報,1111027,營利事業捐贈收入,新聯昌廣告股份有限公司,24494658,100000.00,0.00,匯款,1111027,,,金錢,臺北市大安區****,0227*****,,,,,,,,
148,王欣儀,111年臺北市議員選舉,首次申報,1111027,營利事業捐贈收入,新聯祥廣告股份有限公司,24495116,100000.00,0.00,匯款,1111027,,,金錢,臺北市大安區****,0227*****,,,,,,,,
149,王欣儀,111年臺北市議員選舉,首次申報,1111028,個人捐贈收入,周情意,,10000.00,0.00,現金,1111028,,,金錢,臺北市文山區****,,,,,,,,,
150,王欣儀,111年臺北市議員選舉,首次申報,1111028,個人捐贈收入,張維升,H12*******,5000.00,0.00,現金,1111028,,,金錢,臺北市文山區****,,,,,,,,,
151,王欣儀,111年臺北市議員選舉,首次申報,1111031,個人捐贈收入,馮寄台,A12*******,100000.00,0.00,匯款,1111031,,,金錢,臺北市大安區****,0926*****,,,,,,,,
152,王欣儀,111年臺北市議員選舉,首次申報,1111101,個人捐贈收入,黃邦觀,A12*******,50000.00,0.00,現金,1111103,,,金錢,臺北市內湖區****,0287*****,,,,,,,,
153,王欣儀,111年臺北市議員選舉,首次申報,1111102,營利事業捐贈收入,中力建築系統有限公司,29047721,50000.00,0.00,匯款,1111102,,,金錢,臺北市大安區****,0223*****,,,,,,,,
154,王欣儀,111年臺北市議員選舉,首次申報,1111102,個人捐贈收入,陳志宇,A12*******,100000.00,0.00,現金,1111102,,,金錢,臺北市大安區****,0227*****,,,,,,,,
155,王欣儀,111年臺北市議員選舉,首次申報,1111102,個人捐贈收入,龔梅齡,F22*******,50000.00,0.00,現金,1111102,,,金錢,新北市汐止區****,0227*****,,,,,,,,
156,王欣儀,111年臺北市議員選舉,首次申報,1111103,個人捐贈收入,徐洪臣,,3000.00,0.00,匯款,1111103,,,金錢,臺北市大安區****,0937*****,,,,,,,,
157,王欣儀,111年臺北市議員選舉,首次申報,1111103,個人捐贈收入,林玉芳,,30000.00,0.00,現金,1111103,,,金錢,臺北市文山區****,0936*****,,,,,,,,
158,王欣儀,111年臺北市議員選舉,首次申報,1111103,營利事業捐贈收入,振鑫投資股份有限公司,24743684,800000.00,0.00,匯款,1111103,,,金錢,臺北市中山區****,0277*****,,,,,,,,
159,王欣儀,111年臺北市議員選舉,首次申報,1111103,個人捐贈收入,李金生,E10*******,100000.00,0.00,匯款,1111103,,,金錢,臺北市中山區****,0277*****,,,,,,,,
160,王欣儀,111年臺北市議員選舉,首次申報,1111103,個人捐贈收入,康耀帝,T12*******,100000.00,0.00,匯款,1111103,,,金錢,臺北市中山區****,0277*****,,,,,,,,
161,王欣儀,111年臺北市議員選舉,首次申報,1111104,營利事業捐贈收入,毅嘉科技股份有限公司,23588039,200000.00,0.00,匯款,1111104,,,金錢,桃園市龜山區****,0339*****,,,,,,,,
162,王欣儀,111年臺北市議員選舉,首次申報,1111104,個人捐贈收入,林惠珠,A22*******,100000.00,0.00,票據,1111111,,,金錢,臺北市大同區****,,,,,,,,,
163,王欣儀,111年臺北市議員選舉,首次申報,1111104,個人捐贈收入,劉同愔,D22*******,10000.00,0.00,現金,1111108,,,金錢,新北市新莊區****,0987*****,,,,,,,,
164,王欣儀,111年臺北市議員選舉,首次申報,1111104,個人捐贈收入,陳秀錦,F22*******,100000.00,0.00,票據,1111111,,,金錢,臺北市內湖區****,,,,,,,,,
165,王欣儀,111年臺北市議員選舉,首次申報,1111104,個人捐贈收入,詹壽全,K10*******,100000.00,0.00,票據,1111109,,,金錢,臺北市中山區****,0935*****,,,,,,,,
166,王欣儀,111年臺北市議員選舉,首次申報,1111104,個人捐贈收入,湯華光,P10*******,20000.00,0.00,匯款,1111110,,,金錢,新北市淡水區****,0937*****,,,,,,,,
167,王欣儀,111年臺北市議員選舉,首次申報,1111104,個人捐贈收入,林志華,Y12*******,100000.00,0.00,現金,1111108,,,金錢,臺北市內湖區****,0910*****,,,,,,,,
168,王欣儀,111年臺北市議員選舉,首次申報,1111107,個人捐贈收入,馮大年,C10*******,100000.00,0.00,匯款,1111107,,,金錢,臺北市大安區****,02-2*****,,,,,,,,
169,王欣儀,111年臺北市議員選舉,首次申報,1111107,個人捐贈收入,陳妤鎔,F22*******,100000.00,0.00,匯款,1111107,,,金錢,臺北市中山區****,0979*****,,,,,,,,
170,王欣儀,111年臺北市議員選舉,首次申報,1111108,營利事業捐贈收入,揚潤開發股份有限公司,42855458,300000.00,0.00,票據,1111111,,,金錢,臺北市中山區****,0225*****,,,,,,,,
171,王欣儀,111年臺北市議員選舉,首次申報,1111108,個人捐贈收入,吳春臺,A10*******,100000.00,0.00,匯款,1111108,,,金錢,新北市新店區****,0233*****,,,,,,,,
172,王欣儀,111年臺北市議員選舉,首次申報,1111108,個人捐贈收入,蕭漢森,F12*******,100000.00,0.00,票據,1111111,,,金錢,臺北市信義區****,,,,,,,,,
173,王欣儀,111年臺北市議員選舉,首次申報,1111109,個人捐贈收入,郭靜華,A22*******,70000.00,0.00,匯款,1111109,,,金錢,桃園市桃園區****,0952*****,,,,,,,,
174,王欣儀,111年臺北市議員選舉,首次申報,1111109,個人捐贈收入,林立人,C12*******,50000.00,0.00,匯款,1111109,,,金錢,新北市汐止區****,0988*****,,,,,,,,
175,王欣儀,111年臺北市議員選舉,首次申報,1111110,個人捐贈收入,姜敬哲,,20000.00,0.00,現金,1111110,,,金錢,臺北市大安區****,0978*****,,,,,,,,
176,王欣儀,111年臺北市議員選舉,首次申報,1111110,個人捐贈收入,楊華振,,3000.00,0.00,現金,1111114,,,金錢,臺北市文山區****,0932*****,,,,,,,,
177,王欣儀,111年臺北市議員選舉,首次申報,1111110,營利事業捐贈收入,漢蒂妮實業有限公司,52606373,100000.00,0.00,匯款,1111110,,,金錢,臺北市信義區****,0223*****,,,,,,,,
178,王欣儀,111年臺北市議員選舉,首次申報,1111110,個人捐贈收入,嵇翊銓,E10*******,5000.00,0.00,匯款,1111110,,,金錢,新北市汐止區****,0982*****,,,,,,,,
179,王欣儀,111年臺北市議員選舉,首次申報,1111110,個人捐贈收入,王明祥,N12*******,100000.00,0.00,匯款,1111110,,,金錢,臺北市內湖區****,0226*****,,,,,,,,
180,王欣儀,111年臺北市議員選舉,首次申報,1111111,個人捐贈收入,陳何家,F10*******,100000.00,0.00,票據,1111115,,,金錢,新北市永和區****,,,,,,,,,
181,王欣儀,111年臺北市議員選舉,首次申報,1111114,營利事業捐贈收入,久暢股份有限公司,84897297,100000.00,0.00,票據,1111121,,,金錢,臺中市西屯區****,,,,,,,,,
182,王欣儀,111年臺北市議員選舉,首次申報,1111114,個人捐贈收入,林立,A12*******,50000.00,0.00,匯款,1111114,,,金錢,臺北市信義區****,,,,,,,,,
183,王欣儀,111年臺北市議員選舉,首次申報,1111114,個人捐贈收入,林立,A12*******,50000.00,0.00,匯款,1111114,,,金錢,臺北市信義區****,,,,,,,,,
184,王欣儀,111年臺北市議員選舉,首次申報,1111114,個人捐贈收入,侯淵棠,D12*******,20000.00,0.00,匯款,1111114,,,金錢,臺北市南港區****,0227*****,,,,,,,,
185,王欣儀,111年臺北市議員選舉,首次申報,1111115,個人捐贈收入,凃永慶,A12*******,100000.00,0.00,匯款,1111115,,,金錢,臺北市松山區****,0227*****,,,,,,,,
186,王欣儀,111年臺北市議員選舉,首次申報,1111115,個人捐贈收入,戴源昌,H12*******,100000.00,0.00,匯款,1111115,,,金錢,臺北市松山區****,0911*****,,,,,,,,
187,王欣儀,111年臺北市議員選舉,首次申報,1111116,人民團體捐贈收入,台北市政府環境保護局企業工會,,5000.00,0.00,現金,1111116,,,金錢,臺北市萬華區****,0223*****,,,,,,,,
188,王欣儀,111年臺北市議員選舉,首次申報,1111117,營利事業捐贈收入,歐銘有限公司,43824567,100000.00,0.00,匯款,1111117,,,金錢,臺北市大安區****,0227*****,,,,,,,,
189,王欣儀,111年臺北市議員選舉,首次申報,1111117,營利事業捐贈收入,宏錦建設股份有限公司,80673231,150000.00,0.00,匯款,1111117,,,金錢,臺北市內湖區****,,,,,,,,,
190,王欣儀,111年臺北市議員選舉,首次申報,1111117,個人捐贈收入,趙恩廣,A12*******,100000.00,0.00,匯款,1111117,,,金錢,臺北市大安區****,0936*****,,,,,,,,
191,王欣儀,111年臺北市議員選舉,首次申報,1111118,匿名捐贈,洪萬福,,2000.00,0.00,匯款,1111118,,,金錢,,,,,,,,,,
192,王欣儀,111年臺北市議員選舉,首次申報,1111120,個人捐贈收入,胡競英,A22*******,50000.00,0.00,匯款,1111120,,,金錢,臺北市中山區****,0935*****,,,,,,,,
193,王欣儀,111年臺北市議員選舉,首次申報,1111121,匿名捐贈,傅女士,,6000.00,0.00,匯款,1111121,,,金錢,,,,,,,,,,
194,王欣儀,111年臺北市議員選舉,首次申報,1111121,個人捐贈收入,汪聖柏,A12*******,14000.00,0.00,現金,1111121,,,金錢,臺北市中山區****,0225*****,,,,,,,,
195,王欣儀,111年臺北市議員選舉,首次申報,1111121,個人捐贈收入,陳雅玉,A22*******,30000.00,0.00,現金,1111121,,,金錢,臺北市北投區****,0939*****,,,,,,,,
196,王欣儀,111年臺北市議員選舉,首次申報,1111121,個人捐贈收入,李煥璋,B12*******,14000.00,0.00,現金,1111121,,,金錢,臺北市中山區****,0778*****,,,,,,,,
197,王欣儀,111年臺北市議員選舉,首次申報,1111121,個人捐贈收入,段榮新,B12*******,5000.00,0.00,匯款,1111121,,,金錢,臺中市南屯區****,0937*****,,,,,,,,
198,王欣儀,111年臺北市議員選舉,首次申報,1111121,個人捐贈收入,王雅新,D22*******,14000.00,0.00,現金,1111121,,,金錢,臺北市中山區****,0225*****,,,,,,,,
199,王欣儀,111年臺北市議員選舉,首次申報,1111121,個人捐贈收入,顏美仙,E22*******,14000.00,0.00,現金,1111121,,,金錢,臺北市中山區****,0778*****,,,,,,,,
200,王欣儀,111年臺北市議員選舉,首次申報,1111121,個人捐贈收入,王惠明,E22*******,14000.00,0.00,現金,1111121,,,金錢,臺北市中山區****,0225*****,,,,,,,,
201,王欣儀,111年臺北市議員選舉,首次申報,1111121,個人捐贈收入,陳孟伶,S22*******,14000.00,0.00,現金,1111121,,,金錢,臺北市中山區****,0225*****,,,,,,,,
202,王欣儀,111年臺北市議員選舉,首次申報,1111121,個人捐贈收入,王怡菁,S22*******,16000.00,0.00,現金,1111121,,,金錢,臺北市中山區****,0778*****,,,,,,,,
203,王欣儀,111年臺北市議員選舉,首次申報,1111122,個人捐贈收入,林尚愷,B12*******,50000.00,0.00,匯款,1111122,,,金錢,臺北市大安區****,0958*****,,,,,,,,
204,王欣儀,111年臺北市議員選舉,首次申報,1111122,個人捐贈收入,吳哲華,F10*******,20000.00,0.00,匯款,1111122,,,金錢,臺北市文山區****,0910*****,,,,,,,,
205,王欣儀,111年臺北市議員選舉,首次申報,1111122,個人捐贈收入,曾添富,L10*******,50000.00,0.00,匯款,1111122,,,金錢,臺北市松山區****,0935*****,,,,,,,,
206,王欣儀,111年臺北市議員選舉,首次申報,1111123,營利事業捐贈收入,吉家投資有限公司,83478970,100000.00,0.00,匯款,1111123,,,金錢,臺北市內湖區****,0227*****,,,,,,,,
207,王欣儀,111年臺北市議員選舉,首次申報,1111123,個人捐贈收入,薛永華,A12*******,20000.00,0.00,現金,1111124,,,金錢,臺北市文山區****,0928*****,,,,,,,,
208,王欣儀,111年臺北市議員選舉,首次申報,1111123,個人捐贈收入,邱忠河,Q12*******,10000.00,0.00,匯款,1111123,,,金錢,新北市林口區****,0931*****,,,,,,,,
209,王欣儀,111年臺北市議員選舉,首次申報,1111124,個人捐贈收入,黃慶琳,A22*******,5000.00,0.00,匯款,1111124,,,金錢,新北市新店區****,0926*****,,,,,,,,
210,王欣儀,111年臺北市議員選舉,首次申報,1111125,個人捐贈收入,李宗儒,F12*******,50000.00,0.00,匯款,1111125,,,金錢,新北市板橋區****,,,,,,,,,
211,王欣儀,111年臺北市議員選舉,首次申報,1111125,個人捐贈收入,詹詠寧,K22*******,50000.00,0.00,現金,1111125,,,金錢,新北市新莊區****,0938*****,,,,,,,,
212,王欣儀,111年臺北市議員選舉,首次申報,1111125,個人捐贈收入,袁健一,R12*******,20000.00,0.00,匯款,1111125,,,金錢,臺北市大安區****,0911*****,,,,,,,,
213,王欣儀,111年臺北市議員選舉,首次申報,1111221,其他收入,利息收入,,5075.00,0.00,匯款,1111221,,,金錢,,,,,,,,,,
