﻿序號,擬參選人／政黨,選舉名稱,申報序號／年度,交易日期,收支科目,捐贈者／支出對象,身分證／統一編號,收入金額,支出金額,捐贈方式,存入專戶日期,返還/繳庫,支出用途,金錢類,地址,聯絡電話,應揭露之支出對象,支出對象之內部人員姓名,支出對象之內部人員職稱,政黨之內部人員姓名,政黨之內部人員職稱,關係,更正註記,資料更正日期
1,饒慶鈴,111年臺東縣縣長選舉,首次申報,1110610,個人捐贈收入,王鏑嵃,V12*******,100000.00,0.00,現金,1110610,,,金錢,臺東縣臺東市****,0970*****,,,,,,,,
2,饒慶鈴,111年臺東縣縣長選舉,首次申報,1110620,營利事業捐贈收入,展榮農業資材行,37734321,144000.00,0.00,匯款,1110620,,,金錢,臺東縣臺東市****,0919*****,,,,,,,,
3,饒慶鈴,111年臺東縣縣長選舉,首次申報,1110621,其他收入,利息收入,,4.00,0.00,匯款,1110621,,,金錢,,,,,,,,,,
4,饒慶鈴,111年臺東縣縣長選舉,首次申報,1110704,營利事業捐贈收入,如意休閒事業股份有限公司,53813131,200000.00,0.00,匯款,1110704,已返還,,金錢,臺東縣臺東市****,0963*****,,,,,,,,
5,饒慶鈴,111年臺東縣縣長選舉,首次申報,1110705,營利事業捐贈收入,秀莊建設有限公司,27663332,150000.00,0.00,匯款,1110705,,,金錢,臺東縣臺東市****,0928*****,,,,,,,,
6,饒慶鈴,111年臺東縣縣長選舉,首次申報,1110705,營利事業捐贈收入,御心頻有限公司,54985765,100000.00,0.00,匯款,1110705,,,金錢,臺東縣臺東市****,0982*****,,,,,,,,
7,饒慶鈴,111年臺東縣縣長選舉,首次申報,1110705,營利事業捐贈收入,好房不動產管理顧問有限公司,59005282,100000.00,0.00,匯款,1110705,已返還,,金錢,臺東縣臺東市****,0932*****,,,,,,,,
8,饒慶鈴,111年臺東縣縣長選舉,首次申報,1110705,營利事業捐贈收入,永興房屋仲介企業社,74909983,300000.00,0.00,匯款,1110705,,,金錢,臺東縣臺東市****,0932*****,,,,,,,,
9,饒慶鈴,111年臺東縣縣長選舉,首次申報,1110705,營利事業捐贈收入,偉峻營造有限公司,84683627,300000.00,0.00,匯款,1110705,已返還,,金錢,臺東縣臺東市****,0892*****,,,,,,,,
10,饒慶鈴,111年臺東縣縣長選舉,首次申報,1110705,個人捐贈收入,陳家龍,A13*******,100000.00,0.00,匯款,1110705,,,金錢,臺東縣臺東市****,0933*****,,,,,,,,
11,饒慶鈴,111年臺東縣縣長選舉,首次申報,1110705,個人捐贈收入,吳典融,L12*******,100000.00,0.00,匯款,1110705,,,金錢,臺中市大里區****,0955*****,,,,,,,,
12,饒慶鈴,111年臺東縣縣長選舉,首次申報,1110705,個人捐贈收入,吳秉軒,L12*******,50000.00,0.00,現金,1110705,,,金錢,臺中市大里區****,,,,,,,,,
13,饒慶鈴,111年臺東縣縣長選舉,首次申報,1110705,個人捐贈收入,丁鵬超,V12*******,100000.00,0.00,匯款,1110705,,,金錢,臺東縣臺東市****,0932*****,,,,,,,,
14,饒慶鈴,111年臺東縣縣長選舉,首次申報,1110817,營利事業捐贈收入,逢欣實業有限公司,12832768,100000.00,0.00,匯款,1110817,已返還,,金錢,臺東縣臺東市****,,,,,,,,,
15,饒慶鈴,111年臺東縣縣長選舉,首次申報,1110831,營利事業捐贈收入,品祥飯店股份有限公司台東禾風新棧營業所,81512086,30000.00,0.00,現金,1110831,,,金錢,臺東縣臺東市****,,,,,,,,,
16,饒慶鈴,111年臺東縣縣長選舉,首次申報,1110907,營利事業捐贈收入,七里坡有限公司,80081216,100000.00,0.00,匯款,1110907,,,金錢,臺東縣臺東市****,0921*****,,,,,,,,
17,饒慶鈴,111年臺東縣縣長選舉,首次申報,1110913,營利事業捐贈收入,日暉池上股份有限公司,04204049,200000.00,0.00,匯款,1110913,已繳庫,,金錢,臺北市中正區****,02-6*****,,,,,,,,
18,饒慶鈴,111年臺東縣縣長選舉,首次申報,1110923,個人捐贈收入,吳復,R22*******,1000.00,0.00,匯款,1110923,,,金錢,臺東縣太麻里****,0919*****,,,,,,,,
19,饒慶鈴,111年臺東縣縣長選舉,首次申報,1110923,個人捐贈收入,楊維凱,T12*******,1000.00,0.00,匯款,1110923,,,金錢,臺東縣臺東市****,0982*****,,,,,,,,
20,饒慶鈴,111年臺東縣縣長選舉,首次申報,1110926,個人捐贈收入,葉正鶴,V12*******,10000.00,0.00,現金,1110926,,,金錢,臺東縣臺東市****,,,,,,,,,
21,饒慶鈴,111年臺東縣縣長選舉,首次申報,1111005,營利事業捐贈收入,郁正建設有限公司,28403905,120000.00,0.00,票據,1111006,,,金錢,臺東縣臺東市****,0893*****,,,,,,,,
22,饒慶鈴,111年臺東縣縣長選舉,首次申報,1111005,個人捐贈收入,鄭聯祥,D12*******,1000.00,0.00,現金,1111005,,,金錢,臺東縣臺東市****,0910*****,,,,,,,,
23,饒慶鈴,111年臺東縣縣長選舉,首次申報,1111006,個人捐贈收入,鄭雅仁,V22*******,500.00,0.00,現金,1111006,,,金錢,臺東縣臺東市****,0919*****,,,,,,,,
24,饒慶鈴,111年臺東縣縣長選舉,首次申報,1111006,個人捐贈收入,張芸禎,V29*******,100000.00,0.00,票據,1111006,,,金錢,臺東縣臺東市****,,,,,,,,,
25,饒慶鈴,111年臺東縣縣長選舉,首次申報,1111011,個人捐贈收入,文先台,V12*******,1000.00,0.00,匯款,1111011,,,金錢,臺東縣臺東市****,0805*****,,,,,,,,
26,饒慶鈴,111年臺東縣縣長選舉,首次申報,1111013,匿名捐贈,匿名,,10000.00,0.00,現金,1111013,,,金錢,,,,,,,,,,
27,饒慶鈴,111年臺東縣縣長選舉,首次申報,1111013,營利事業捐贈收入,東岩建設股份有限公司,27817765,100000.00,0.00,匯款,1111013,,,金錢,高雄市新興區****,07-2*****,,,,,,,,
28,饒慶鈴,111年臺東縣縣長選舉,首次申報,1111014,個人捐贈收入,許庭瑄,V22*******,30000.00,0.00,匯款,1111014,,,金錢,臺東縣太麻里****,,,,,,,,,
29,饒慶鈴,111年臺東縣縣長選舉,首次申報,1111014,政黨捐贈收入,中國國民黨,政黨證字第1號,500000.00,0.00,匯款,1111014,,,金錢,台北市中山區****,(02)*****,,,,,,,,
30,饒慶鈴,111年臺東縣縣長選舉,首次申報,1111017,個人捐贈收入,鄭慧羚,J22*******,10000.00,0.00,匯款,1111017,,,金錢,臺東縣臺東市****,0975*****,,,,,,,,
31,饒慶鈴,111年臺東縣縣長選舉,首次申報,1111017,個人捐贈收入,陳秀榮,V10*******,3000.00,0.00,匯款,1111017,,,金錢,臺東縣臺東市****,0933*****,,,,,,,,
32,饒慶鈴,111年臺東縣縣長選舉,首次申報,1111017,個人捐贈收入,黃大哲,V12*******,10000.00,0.00,現金,1111017,,,金錢,臺東縣臺東市****,0939*****,,,,,,,,
33,饒慶鈴,111年臺東縣縣長選舉,首次申報,1111017,個人捐贈收入,高泉傑,V12*******,10000.00,0.00,匯款,1111017,,,金錢,臺東縣臺東市****,0935*****,,,,,,,,
34,饒慶鈴,111年臺東縣縣長選舉,首次申報,1111017,個人捐贈收入,郭大誠,V12*******,10000.00,0.00,匯款,1111017,,,金錢,高雄市苓雅區****,,,,,,,,,
35,饒慶鈴,111年臺東縣縣長選舉,首次申報,1111017,個人捐贈收入,龍惠媚,V22*******,10000.00,0.00,匯款,1111017,,,金錢,臺東縣東河鄉****,,,,,,,,,
36,饒慶鈴,111年臺東縣縣長選舉,首次申報,1111017,個人捐贈收入,賴祐庭,V22*******,16888.00,0.00,匯款,1111017,,,金錢,臺東縣臺東市****,0937*****,,,,,,,,
37,饒慶鈴,111年臺東縣縣長選舉,首次申報,1111018,營利事業捐贈收入,鰻村企業有限公司,42564727,50000.00,0.00,匯款,1111018,已返還,,金錢,臺東縣臺東市****,0979*****,,,,,,,,
38,饒慶鈴,111年臺東縣縣長選舉,首次申報,1111018,營利事業捐贈收入,雲橋工程技術顧問有限公司,79966569,10000.00,0.00,匯款,1111018,,,金錢,臺東縣臺東市****,0963*****,,,,,,,,
39,饒慶鈴,111年臺東縣縣長選舉,首次申報,1111018,營利事業捐贈收入,喜陽農畜水產股份有限公司,90408084,50000.00,0.00,匯款,1111018,已返還,,金錢,臺中市北區台****,0423*****,,,,,,,,
40,饒慶鈴,111年臺東縣縣長選舉,首次申報,1111018,個人捐贈收入,陳世賢,N12*******,10100.00,0.00,匯款,1111018,,,金錢,新北市新店區****,0920*****,,,,,,,,
41,饒慶鈴,111年臺東縣縣長選舉,首次申報,1111018,個人捐贈收入,王芳齡,N22*******,60000.00,0.00,匯款,1111018,,,金錢,高雄市三民區****,,,,,,,,,
42,饒慶鈴,111年臺東縣縣長選舉,首次申報,1111018,個人捐贈收入,陳聖謙,V12*******,10000.00,0.00,現金,1111018,,,金錢,臺東縣臺東市****,0932*****,,,,,,,,
43,饒慶鈴,111年臺東縣縣長選舉,首次申報,1111018,個人捐贈收入,胡泉,V12*******,10000.00,0.00,匯款,1111018,,,金錢,臺東縣臺東市****,,,,,,,,,
44,饒慶鈴,111年臺東縣縣長選舉,首次申報,1111019,營利事業捐贈收入,秀異永華文化股份有限公司,83539651,20000.00,0.00,匯款,1111019,,,金錢,臺東縣臺東市****,0893*****,,,,,,,,
45,饒慶鈴,111年臺東縣縣長選舉,首次申報,1111019,個人捐贈收入,吳昇航,A13*******,50000.00,0.00,現金,1111019,,,金錢,新北市土城區****,,,,,,,,,
46,饒慶鈴,111年臺東縣縣長選舉,首次申報,1111019,個人捐贈收入,饒瑞寶,K10*******,5000.00,0.00,現金,1111019,,,金錢,苗栗縣頭份市****,0937*****,,,,,,,,
47,饒慶鈴,111年臺東縣縣長選舉,首次申報,1111019,個人捐贈收入,饒錦奇,K10*******,60000.00,0.00,現金,1111019,,,金錢,臺中市大里區****,,,,,,,,,
48,饒慶鈴,111年臺東縣縣長選舉,首次申報,1111019,個人捐贈收入,饒彬奇,K10*******,5000.00,0.00,現金,1111019,,,金錢,桃園市平鎮區****,0961*****,,,,,,,,
49,饒慶鈴,111年臺東縣縣長選舉,首次申報,1111019,個人捐贈收入,饒正吉,K10*******,5000.00,0.00,現金,1111019,,,金錢,苗栗縣頭份市****,0922*****,,,,,,,,
50,饒慶鈴,111年臺東縣縣長選舉,首次申報,1111019,個人捐贈收入,饒秀奇,K10*******,5000.00,0.00,現金,1111019,,,金錢,苗栗縣頭份市****,0958*****,,,,,,,,
51,饒慶鈴,111年臺東縣縣長選舉,首次申報,1111019,個人捐贈收入,饒政雄,K10*******,2000.00,0.00,現金,1111019,,,金錢,苗栗縣頭份市****,0936*****,,,,,,,,
52,饒慶鈴,111年臺東縣縣長選舉,首次申報,1111019,個人捐贈收入,饒豪書,K12*******,5000.00,0.00,現金,1111019,,,金錢,苗栗縣頭份市****,0917*****,,,,,,,,
53,饒慶鈴,111年臺東縣縣長選舉,首次申報,1111019,個人捐贈收入,饒瑞隆,K12*******,10000.00,0.00,現金,1111019,,,金錢,苗栗縣頭份市****,0932*****,,,,,,,,
54,饒慶鈴,111年臺東縣縣長選舉,首次申報,1111019,個人捐贈收入,饒欣奇,U10*******,20000.00,0.00,現金,1111019,,,金錢,花蓮縣瑞穗鄉****,0932*****,,,,,,,,
55,饒慶鈴,111年臺東縣縣長選舉,首次申報,1111019,個人捐贈收入,饒志奇,U12*******,10000.00,0.00,現金,1111019,,,金錢,花蓮縣花蓮市****,0937*****,,,,,,,,
56,饒慶鈴,111年臺東縣縣長選舉,首次申報,1111019,個人捐贈收入,饒鳳招,U20*******,10000.00,0.00,現金,1111019,,,金錢,花蓮縣鳳林鎮****,,,,,,,,,
57,饒慶鈴,111年臺東縣縣長選舉,首次申報,1111020,人民團體捐贈收入,臺東縣不動產開發商業同業公會,,200000.00,0.00,匯款,1111020,,,金錢,台東市長沙街****,0893*****,,,,,,,,
58,饒慶鈴,111年臺東縣縣長選舉,首次申報,1111020,營利事業捐贈收入,信華農特產股份有限公司,12900701,10000.00,0.00,匯款,1111020,,,金錢,臺東縣臺東市****,0893*****,,,,,,,,
59,饒慶鈴,111年臺東縣縣長選舉,首次申報,1111020,營利事業捐贈收入,普悠瑪旅行社,42742743,10000.00,0.00,現金,1111020,已返還,,金錢,臺東縣臺東市****,0963*****,,,,,,,,
60,饒慶鈴,111年臺東縣縣長選舉,首次申報,1111020,營利事業捐贈收入,高登豪斯有限公司,42867932,20000.00,0.00,匯款,1111020,已返還,,金錢,新北市汐止區****,0917*****,,,,,,,,
61,饒慶鈴,111年臺東縣縣長選舉,首次申報,1111020,營利事業捐贈收入,阿吉旅行社有限公司,45123528,10000.00,0.00,匯款,1111020,,,金錢,臺東縣臺東市****,0893*****,,,,,,,,
62,饒慶鈴,111年臺東縣縣長選舉,首次申報,1111020,營利事業捐贈收入,聖果蜜多股份有限公司,80129181,10000.00,0.00,匯款,1111020,,,金錢,臺東縣臺東市****,089-*****,,,,,,,,
63,饒慶鈴,111年臺東縣縣長選舉,首次申報,1111020,營利事業捐贈收入,彩虹塗裝有限公司,86457920,10000.00,0.00,匯款,1111020,已返還,,金錢,高雄市鼓山區****,07-5*****,,,,,,,,
64,饒慶鈴,111年臺東縣縣長選舉,首次申報,1111020,個人捐贈收入,范逸嫻,G22*******,30000.00,0.00,匯款,1111020,,,金錢,臺東縣臺東市****,0918*****,,,,,,,,
65,饒慶鈴,111年臺東縣縣長選舉,首次申報,1111020,個人捐贈收入,姚婷婷,T22*******,20000.00,0.00,匯款,1111020,,,金錢,臺東縣池上鄉****,0953*****,,,,,,,,
66,饒慶鈴,111年臺東縣縣長選舉,首次申報,1111020,個人捐贈收入,饒瑞玥,U22*******,20000.00,0.00,現金,1111020,,,金錢,花蓮縣瑞穗鄉****,0928*****,,,,,,,,
67,饒慶鈴,111年臺東縣縣長選舉,首次申報,1111020,個人捐贈收入,謝東山,V12*******,10000.00,0.00,匯款,1111020,,,金錢,臺東縣臺東市****,0930*****,,,,,,,,
68,饒慶鈴,111年臺東縣縣長選舉,首次申報,1111020,個人捐贈收入,饒妦奇,V20*******,5000.00,0.00,現金,1111020,,,金錢,花蓮縣花蓮市****,0382*****,,,,,,,,
69,饒慶鈴,111年臺東縣縣長選舉,首次申報,1111020,個人捐贈收入,饒妃奇,V20*******,5000.00,0.00,現金,1111020,,,金錢,花蓮縣花蓮市****,0382*****,,,,,,,,
70,饒慶鈴,111年臺東縣縣長選舉,首次申報,1111020,個人捐贈收入,彭麗華,V22*******,10000.00,0.00,現金,1111020,,,金錢,臺東縣臺東市****,,,,,,,,,
71,饒慶鈴,111年臺東縣縣長選舉,首次申報,1111020,個人捐贈收入,黃鈴君,V22*******,10000.00,0.00,現金,1111020,,,金錢,臺東縣臺東市****,0921*****,,,,,,,,
72,饒慶鈴,111年臺東縣縣長選舉,首次申報,1111020,個人捐贈收入,王翠璨,V22*******,10000.00,0.00,匯款,1111020,,,金錢,臺東縣太麻里****,0928*****,,,,,,,,
73,饒慶鈴,111年臺東縣縣長選舉,首次申報,1111021,個人捐贈收入,江東得,,10000.00,0.00,現金,1111021,,,金錢,臺東縣太麻里****,0932*****,,,,,,,,
74,饒慶鈴,111年臺東縣縣長選舉,首次申報,1111021,個人捐贈收入,黃斯聖,,10000.00,0.00,匯款,1111021,,,金錢,臺東縣臺東市****,0893*****,,,,,,,,
75,饒慶鈴,111年臺東縣縣長選舉,首次申報,1111021,營利事業捐贈收入,樂世旅行社有限公司,53948378,5000.00,0.00,匯款,1111021,已返還,,金錢,臺北市中正區****,0937*****,,,,,,,,
76,饒慶鈴,111年臺東縣縣長選舉,首次申報,1111021,營利事業捐贈收入,津和堂城鄉創意顧問有限公司,54226125,10000.00,0.00,匯款,1111021,,,金錢,臺東縣臺東市****,089-*****,,,,,,,,
77,饒慶鈴,111年臺東縣縣長選舉,首次申報,1111021,營利事業捐贈收入,山漾食品有限公司,56608345,20000.00,0.00,匯款,1111021,,,金錢,臺東縣臺東市****,0978*****,,,,,,,,
78,饒慶鈴,111年臺東縣縣長選舉,首次申報,1111021,營利事業捐贈收入,青築設計顧問工作室,85798055,10000.00,0.00,匯款,1111021,,,金錢,臺東縣臺東市****,0921*****,,,,,,,,
79,饒慶鈴,111年臺東縣縣長選舉,首次申報,1111021,個人捐贈收入,劉勁初,D12*******,40000.00,0.00,匯款,1111021,,,金錢,高雄市三民區****,0939*****,,,,,,,,
80,饒慶鈴,111年臺東縣縣長選舉,首次申報,1111021,個人捐贈收入,李致遠,F12*******,20000.00,0.00,現金,1111021,,,金錢,臺東縣臺東市****,0928*****,,,,,,,,
81,饒慶鈴,111年臺東縣縣長選舉,首次申報,1111021,個人捐贈收入,劉誥洋,S12*******,10000.00,0.00,匯款,1111021,,,金錢,臺東縣臺東市****,0912*****,,,,,,,,
82,饒慶鈴,111年臺東縣縣長選舉,首次申報,1111021,個人捐贈收入,林志豪,V12*******,100000.00,0.00,匯款,1111021,,,金錢,臺東縣太麻里****,0975*****,,,,,,,,
83,饒慶鈴,111年臺東縣縣長選舉,首次申報,1111022,營利事業捐贈收入,東太陽製酒股份有限公司,28584650,10000.00,0.00,匯款,1111022,已返還,,金錢,臺東縣臺東市****,0892*****,,,,,,,,
84,饒慶鈴,111年臺東縣縣長選舉,首次申報,1111023,個人捐贈收入,侯富元,,10000.00,0.00,匯款,1111023,,,金錢,臺東縣臺東市****,089-*****,,,,,,,,
85,饒慶鈴,111年臺東縣縣長選舉,首次申報,1111023,個人捐贈收入,李重慶,J12*******,20000.00,0.00,現金,1111023,,,金錢,臺北市中正區****,0277*****,,,,,,,,
86,饒慶鈴,111年臺東縣縣長選舉,首次申報,1111023,個人捐贈收入,賴閎澍,T12*******,10000.00,0.00,匯款,1111023,,,金錢,臺東縣臺東市****,0911*****,,,,,,,,
87,饒慶鈴,111年臺東縣縣長選舉,首次申報,1111024,個人捐贈收入,張中元,V10*******,10000.00,0.00,匯款,1111024,,,金錢,臺東縣臺東市****,0921*****,,,,,,,,
88,饒慶鈴,111年臺東縣縣長選舉,首次申報,1111024,個人捐贈收入,陳錫恩,V10*******,10000.00,0.00,現金,1111024,,,金錢,臺東縣鹿野鄉****,0895*****,,,,,,,,
89,饒慶鈴,111年臺東縣縣長選舉,首次申報,1111024,個人捐贈收入,張希妍,V22*******,10000.00,0.00,現金,1111024,,,金錢,臺東縣臺東市****,0921*****,,,,,,,,
90,饒慶鈴,111年臺東縣縣長選舉,首次申報,1111024,個人捐贈收入,羅紫伶,V22*******,1000.00,0.00,現金,1111024,,,金錢,臺東縣臺東市****,0912*****,,,,,,,,
91,饒慶鈴,111年臺東縣縣長選舉,首次申報,1111025,營利事業捐贈收入,昶陞水電工程行,08120252,30000.00,0.00,現金,1111025,,,金錢,臺東縣臺東市****,0919*****,,,,,,,,
92,饒慶鈴,111年臺東縣縣長選舉,首次申報,1111025,個人捐贈收入,張雪芬,V22*******,20000.00,0.00,現金,1111025,,,金錢,臺東縣臺東市****,,,,,,,,,
93,饒慶鈴,111年臺東縣縣長選舉,首次申報,1111026,個人捐贈收入,游本佑,A12*******,10000.00,0.00,匯款,1111026,,,金錢,臺北市中山區****,0930*****,,,,,,,,
94,饒慶鈴,111年臺東縣縣長選舉,首次申報,1111027,營利事業捐贈收入,台灣康匠製造股份有限公司,53412591,883187.00,0.00,,,,,非金錢,桃園市桃園區****,,,,,,,,,
95,饒慶鈴,111年臺東縣縣長選舉,首次申報,1111027,營利事業捐贈收入,迷鹿休閒企業社,85575420,10000.00,0.00,匯款,1111027,,,金錢,臺東縣鹿野鄉****,0977*****,,,,,,,,
96,饒慶鈴,111年臺東縣縣長選舉,首次申報,1111028,營利事業捐贈收入,喜陽農畜水產股份有限公司,90408084,50000.00,0.00,匯款,1111028,已返還,,金錢,臺中市北區台****,0423*****,,,,,,,,
97,饒慶鈴,111年臺東縣縣長選舉,首次申報,1111028,個人捐贈收入,陳建智,V12*******,20000.00,0.00,匯款,1111028,,,金錢,臺東縣臺東市****,0928*****,,,,,,,,
98,饒慶鈴,111年臺東縣縣長選舉,首次申報,1111101,匿名捐贈,匿名1,,10000.00,0.00,匯款,1111101,,,金錢,,,,,,,,,,
99,饒慶鈴,111年臺東縣縣長選舉,首次申報,1111103,營利事業捐贈收入,造福有限公司,90163855,20000.00,0.00,現金,1111103,,,金錢,臺東縣臺東市****,0910*****,,,,,,,,
100,饒慶鈴,111年臺東縣縣長選舉,首次申報,1111103,個人捐贈收入,吳桂芳,B20*******,10000.00,0.00,現金,1111103,,,金錢,臺東縣臺東市****,0920*****,,,,,,,,
101,饒慶鈴,111年臺東縣縣長選舉,首次申報,1111103,個人捐贈收入,蔡鴻義,R12*******,10000.00,0.00,現金,1111103,,,金錢,臺東縣卑南鄉****,0933*****,,,,,,,,
102,饒慶鈴,111年臺東縣縣長選舉,首次申報,1111103,個人捐贈收入,饒欣奇,U10*******,66000.00,0.00,匯款,1111103,,,金錢,花蓮縣瑞穗鄉****,0932*****,,,,,,,,
103,饒慶鈴,111年臺東縣縣長選舉,首次申報,1111103,個人捐贈收入,范淞硯,V12*******,60000.00,0.00,現金,1111103,,,金錢,臺東縣臺東市****,0937*****,,,,,,,,
104,饒慶鈴,111年臺東縣縣長選舉,首次申報,1111103,個人捐贈收入,倪明鋒,V12*******,20000.00,0.00,現金,1111103,,,金錢,臺東縣臺東市****,0893*****,,,,,,,,
105,饒慶鈴,111年臺東縣縣長選舉,首次申報,1111103,個人捐贈收入,蔡瑞秋,V20*******,10000.00,0.00,現金,1111103,,,金錢,臺東縣臺東市****,0963*****,,,,,,,,
106,饒慶鈴,111年臺東縣縣長選舉,首次申報,1111103,個人捐贈收入,施明月,V22*******,10000.00,0.00,現金,1111103,,,金錢,臺東縣卑南鄉****,0921*****,,,,,,,,
107,饒慶鈴,111年臺東縣縣長選舉,首次申報,1111110,營利事業捐贈收入,桂田酒店股份有限公司,27843709,200000.00,0.00,匯款,1111110,,,金錢,臺南市永康區****,0624*****,,,,,,,,
108,饒慶鈴,111年臺東縣縣長選舉,首次申報,1111110,營利事業捐贈收入,桂田璽悅酒店股份有限公司,54157372,200000.00,0.00,匯款,1111110,已返還,,金錢,臺東縣臺東市****,0932*****,,,,,,,,
109,饒慶鈴,111年臺東縣縣長選舉,首次申報,1111110,營利事業捐贈收入,桂田營造股份有限公司,70724767,100000.00,0.00,匯款,1111110,,,金錢,臺南市大社里****,06-5*****,,,,,,,,
110,饒慶鈴,111年臺東縣縣長選舉,首次申報,1111114,個人捐贈收入,高健祐,A12*******,30000.00,0.00,匯款,1111114,,,金錢,臺北市內湖區****,0937*****,,,,,,,,
111,饒慶鈴,111年臺東縣縣長選舉,首次申報,1111115,營利事業捐贈收入,中欣室內裝修設計股份有限公司,80503145,200000.00,0.00,匯款,1111115,,,金錢,臺北市內湖區****,02-8*****,,,,,,,,
112,饒慶鈴,111年臺東縣縣長選舉,首次申報,1111116,個人捐贈收入,楊彬君,A22*******,20000.00,0.00,匯款,1111116,,,金錢,臺北市光復南****,0983*****,,,,,,,,
113,饒慶鈴,111年臺東縣縣長選舉,首次申報,1111116,個人捐贈收入,高銘光,V10*******,10000.00,0.00,現金,1111122,,,金錢,臺東縣臺東市****,0933*****,,,,,,,,
114,饒慶鈴,111年臺東縣縣長選舉,首次申報,1111116,個人捐贈收入,李懷寧,V22*******,60000.00,0.00,匯款,1111116,,,金錢,臺東縣臺東市****,089-*****,,,,,,,,
115,饒慶鈴,111年臺東縣縣長選舉,首次申報,1111117,個人捐贈收入,吳德財,V10*******,3000.00,0.00,現金,1111122,,,金錢,臺東縣臺東市****,0935*****,,,,,,,,
116,饒慶鈴,111年臺東縣縣長選舉,首次申報,1111122,人民團體捐贈收入,臺東縣東臺灣國際蘭馨交流協會,,25000.00,0.00,匯款,1111122,,,金錢,臺東縣臺東市****,,,,,,,,,
117,饒慶鈴,111年臺東縣縣長選舉,首次申報,1111122,個人捐贈收入,王振嘉,V10*******,2000.00,0.00,現金,1111122,,,金錢,臺東縣臺東市****,0938*****,,,,,,,,
118,饒慶鈴,111年臺東縣縣長選舉,首次申報,1111122,個人捐贈收入,劉應中,V12*******,2000.00,0.00,現金,1111122,,,金錢,臺東縣臺東市****,0933*****,,,,,,,,
119,饒慶鈴,111年臺東縣縣長選舉,首次申報,1111122,個人捐贈收入,施凱嚴,V12*******,100000.00,0.00,匯款,1111122,,,金錢,臺東縣臺東市****,0893*****,,,,,,,,
120,饒慶鈴,111年臺東縣縣長選舉,首次申報,1111122,個人捐贈收入,施怡如,V22*******,100000.00,0.00,匯款,1111122,,,金錢,臺東縣臺東市****,0893*****,,,,,,,,
121,饒慶鈴,111年臺東縣縣長選舉,首次申報,1111124,營利事業捐贈收入,桂田營造股份有限公司,70724767,200000.00,0.00,匯款,1111124,,,金錢,臺南市大社里****,06-5*****,,,,,,,,
122,饒慶鈴,111年臺東縣縣長選舉,首次申報,1111125,個人捐贈收入,劉冠良,,6888.00,0.00,匯款,1111125,,,金錢,新北市三芝區****,0922*****,,,,,,,,
123,饒慶鈴,111年臺東縣縣長選舉,首次申報,1111125,營利事業捐贈收入,台灣達修維運有限公司,85107398,50000.00,0.00,匯款,1111125,,,金錢,臺中市北區台****,0423*****,,,,,,,,
124,饒慶鈴,111年臺東縣縣長選舉,首次申報,1111125,個人捐贈收入,鍾青柏,V12*******,20000.00,0.00,匯款,1111125,,,金錢,臺東縣臺東市****,0913*****,,,,,,,,
