﻿序號,擬參選人／政黨,選舉名稱,申報序號／年度,交易日期,收支科目,捐贈者／支出對象,身分證／統一編號,收入金額,支出金額,支出用途,金錢類,地址,聯絡電話,資料更正日期
1,陳榮聰,107年鄉(鎮、市)長選舉,首次申報,1071128,宣傳支出,京宸印刷影像數位生活舘,08163218,0.00,15000.00,製作宣傳廣告支出,金錢,花蓮縣玉里鎮****,,
2,陳榮聰,107年鄉(鎮、市)長選舉,首次申報,1071128,宣傳支出,鐵招牌鐵工行,08169141,0.00,160000.00,租用廣告看板或車體廣告支出(搭建大型看板支出),金錢,花蓮縣玉里鎮****,,
3,陳榮聰,107年鄉(鎮、市)長選舉,首次申報,1071128,宣傳支出,芳源農產行,10477209,0.00,142800.00,製作競選物品支出（物品名稱-選舉提袋共個）,金錢,臺南市後壁區****,,
4,陳榮聰,107年鄉(鎮、市)長選舉,首次申報,1071128,集會支出,湘宜快餐,13977609,0.00,21600.00,餐飲支出,金錢,花蓮縣玉里鎮****,,
5,陳榮聰,107年鄉(鎮、市)長選舉,首次申報,1071128,人事費用支出,葉佳勳,U12*******,0.00,50000.00,工資或薪津,金錢,花蓮縣富里鄉****,,
6,陳榮聰,107年鄉(鎮、市)長選舉,首次申報,1071128,人事費用支出,湯添蘭,U22*******,0.00,50000.00,工資或薪津,金錢,花蓮縣富里鄉****,,
7,陳榮聰,107年鄉(鎮、市)長選舉,首次申報,1071130,集會支出,湘宜快餐,13977609,0.00,30400.00,餐飲支出,金錢,花蓮縣玉里鎮****,,
8,陳榮聰,107年鄉(鎮、市)長選舉,首次申報,1071130,雜支支出,大方花店,19537740,0.00,40000.00,候選人競選總部成立花籃,金錢,花蓮縣花蓮市****,,
9,陳榮聰,107年鄉(鎮、市)長選舉,首次申報,1071130,雜支支出,東弘書局,95555887,0.00,5000.00,文具用品費用,金錢,花蓮縣富里鄉****,,
10,陳榮聰,107年鄉(鎮、市)長選舉,首次申報,1071130,雜支支出,隆昌行,95639325,0.00,30000.00,餐飲費用,金錢,花蓮縣富里鄉****,,
