﻿序號,擬參選人／政黨,選舉名稱,申報序號／年度,交易日期,收支科目,捐贈者／支出對象,身分證／統一編號,收入金額,支出金額,支出用途,金錢類,地址,聯絡電話,資料更正日期
1,黃婉如,107年直轄市議員選舉,首次申報,1070716,營利事業捐贈收入,錕億鋼鐵股份有限公司,23192748,100000.00,0.00,,金錢,桃園市中壢區****,03-4*****,
2,黃婉如,107年直轄市議員選舉,首次申報,1070720,個人捐贈收入,黃龍華,H12*******,100000.00,0.00,,金錢,桃園市桃園區****,,
3,黃婉如,107年直轄市議員選舉,首次申報,1070720,個人捐贈收入,林寶珠,H22*******,100000.00,0.00,,金錢,桃園市桃園區****,,
4,黃婉如,107年直轄市議員選舉,首次申報,1071003,營利事業捐贈收入,光鈦國際工業股份有限公司,97366601,100000.00,0.00,,金錢,桃園市蘆竹區****,0933*****,
5,黃婉如,107年直轄市議員選舉,首次申報,1071021,個人捐贈收入,萬台飛,G10*******,10000.00,0.00,,金錢,桃園市桃園區****,0928*****,
6,黃婉如,107年直轄市議員選舉,首次申報,1071021,個人捐贈收入,張俊沂,H12*******,3000.00,0.00,,金錢,桃園市桃園區****,0910*****,
7,黃婉如,107年直轄市議員選舉,首次申報,1071022,個人捐贈收入,賴宏俊,H10*******,10000.00,0.00,,金錢,桃園市桃園區****,03-3*****,
8,黃婉如,107年直轄市議員選舉,首次申報,1071022,個人捐贈收入,陳成鐘,H12*******,2000.00,0.00,,金錢,桃園市桃園區****,0921*****,
9,黃婉如,107年直轄市議員選舉,首次申報,1071022,個人捐贈收入,鐘識齡,N10*******,20000.00,0.00,,金錢,桃園市桃園區****,03-3*****,
10,黃婉如,107年直轄市議員選舉,首次申報,1071022,個人捐贈收入,蕭建樺,N12*******,3000.00,0.00,,金錢,彰化縣員林市****,0935*****,
11,黃婉如,107年直轄市議員選舉,首次申報,1071022,個人捐贈收入,林宏志,Q12*******,2000.00,0.00,,金錢,桃園市八德區****,03-3*****,
12,黃婉如,107年直轄市議員選舉,首次申報,1071024,營利事業捐贈收入,嘉貴營造有限公司,53032733,50000.00,0.00,,金錢,桃園市桃園區****,03-3*****,
13,黃婉如,107年直轄市議員選舉,首次申報,1071024,個人捐贈收入,郭權德,H10*******,10000.00,0.00,,金錢,桃園市桃園區****,0937*****,
14,黃婉如,107年直轄市議員選舉,首次申報,1071024,個人捐贈收入,王進成,H12*******,10000.00,0.00,,金錢,桃園市桃園區****,0953*****,
15,黃婉如,107年直轄市議員選舉,首次申報,1071024,個人捐贈收入,楊森本,H12*******,1000.00,0.00,,金錢,桃園市桃園區****,0988*****,
16,黃婉如,107年直轄市議員選舉,首次申報,1071024,個人捐贈收入,吳嘉讓,H22*******,1000.00,0.00,,金錢,桃園市桃園區****,0961*****,
17,黃婉如,107年直轄市議員選舉,首次申報,1071025,人民團體捐贈收入,桃園市錦鯉研究協會,,10000.00,0.00,,金錢,桃園市大園區****,0933*****,
18,黃婉如,107年直轄市議員選舉,首次申報,1071025,營利事業捐贈收入,嘉富營造有限公司,16481790,50000.00,0.00,,金錢,桃園市桃園區****,03-3*****,
19,黃婉如,107年直轄市議員選舉,首次申報,1071025,營利事業捐贈收入,立冠建設有限公司,42780274,100000.00,0.00,,金錢,桃園市桃園區****,03-3*****,
20,黃婉如,107年直轄市議員選舉,首次申報,1071025,個人捐贈收入,陳光煒,A10*******,20000.00,0.00,,金錢,桃園市桃園區****,0916*****,
21,黃婉如,107年直轄市議員選舉,首次申報,1071025,個人捐贈收入,吳建成,H10*******,5000.00,0.00,,金錢,桃園市桃園區****,0937*****,
22,黃婉如,107年直轄市議員選舉,首次申報,1071026,人民團體捐贈收入,桃園市醫事放射師公會,,20000.00,0.00,,金錢,桃園市桃園區****,03-3*****,
23,黃婉如,107年直轄市議員選舉,首次申報,1071026,個人捐贈收入,黃貞禮,A12*******,30000.00,0.00,,金錢,桃園市桃園區****,0933*****,
24,黃婉如,107年直轄市議員選舉,首次申報,1071026,個人捐贈收入,王順發,H10*******,100000.00,0.00,,金錢,桃園市桃園區****,03-3*****,
25,黃婉如,107年直轄市議員選舉,首次申報,1071026,個人捐贈收入,王瑞結,H10*******,100000.00,0.00,,金錢,桃園市桃園區****,0922*****,
26,黃婉如,107年直轄市議員選舉,首次申報,1071026,個人捐贈收入,王鉦清,H12*******,100000.00,0.00,,金錢,桃園市桃園區****,03-3*****,
27,黃婉如,107年直轄市議員選舉,首次申報,1071026,個人捐贈收入,游東陽,H12*******,20000.00,0.00,,金錢,桃園市龜山區****,03-3*****,
28,黃婉如,107年直轄市議員選舉,首次申報,1071027,個人捐贈收入,邱淑良(諾貝爾),,10000.00,0.00,,金錢,桃園市桃園區****,03-3*****,
29,黃婉如,107年直轄市議員選舉,首次申報,1071027,個人捐贈收入,呂清雲,,1560.00,0.00,,非金錢,桃園市桃園區****,,
30,黃婉如,107年直轄市議員選舉,首次申報,1071027,個人捐贈收入,張穆希,,1200.00,0.00,,非金錢,桃園市****,0919*****,
31,黃婉如,107年直轄市議員選舉,首次申報,1071027,營利事業捐贈收入,金鋒螺絲有限公司,86113708,2000.00,0.00,,金錢,桃園市桃園區****,03-3*****,
32,黃婉如,107年直轄市議員選舉,首次申報,1071027,個人捐贈收入,陳君玲,H22*******,30000.00,0.00,,金錢,桃園市桃園區****,0922*****,
33,黃婉如,107年直轄市議員選舉,首次申報,1071027,個人捐贈收入,段碧蓮,H26*******,10000.00,0.00,,金錢,桃園市大溪區****,0977*****,
34,黃婉如,107年直轄市議員選舉,首次申報,1071027,個人捐贈收入,李繼德,J12*******,2000.00,0.00,,金錢,桃園市桃園區****,0932*****,
35,黃婉如,107年直轄市議員選舉,首次申報,1071028,營利事業捐贈收入,達清環保企業股份有限公司,16424285,20000.00,0.00,,金錢,桃園市蘆竹區****,3525*****,
36,黃婉如,107年直轄市議員選舉,首次申報,1071028,個人捐贈收入,陳財賜,F12*******,10000.00,0.00,,金錢,桃園市桃園區****,0933*****,
37,黃婉如,107年直轄市議員選舉,首次申報,1071028,個人捐贈收入,李政毅,H12*******,20000.00,0.00,,金錢,桃園市桃園區****,03-3*****,
38,黃婉如,107年直轄市議員選舉,首次申報,1071028,個人捐贈收入,馬美華,H22*******,3000.00,0.00,,金錢,桃園市蘆竹區****,0912*****,
39,黃婉如,107年直轄市議員選舉,首次申報,1071028,個人捐贈收入,楊陳秀梅,J20*******,2000.00,0.00,,金錢,桃園市桃園區****,0932*****,
40,黃婉如,107年直轄市議員選舉,首次申報,1071028,個人捐贈收入,潘靜梅,L22*******,5000.00,0.00,,金錢,桃園市桃園區****,03-3*****,
41,黃婉如,107年直轄市議員選舉,首次申報,1071029,個人捐贈收入,郭錦雀,,11000.00,0.00,,非金錢,,0937*****,
42,黃婉如,107年直轄市議員選舉,首次申報,1071029,個人捐贈收入,嚴吳月美,F20*******,10000.00,0.00,,金錢,桃園市八德區****,0910*****,
43,黃婉如,107年直轄市議員選舉,首次申報,1071029,個人捐贈收入,莊明芳,F22*******,30000.00,0.00,,金錢,桃園市桃園區****,0933*****,
44,黃婉如,107年直轄市議員選舉,首次申報,1071029,個人捐贈收入,林靜,G22*******,5000.00,0.00,,金錢,桃園市桃園區****,0938*****,
45,黃婉如,107年直轄市議員選舉,首次申報,1071029,個人捐贈收入,楊水木,H10*******,20000.00,0.00,,金錢,桃園市桃園區****,03-3*****,
46,黃婉如,107年直轄市議員選舉,首次申報,1071029,個人捐贈收入,楊清忠,H10*******,10000.00,0.00,,金錢,桃園市桃園區****,0911*****,
47,黃婉如,107年直轄市議員選舉,首次申報,1071029,個人捐贈收入,游仲榮,H10*******,10000.00,0.00,,金錢,桃園市桃園區****,03-3*****,
48,黃婉如,107年直轄市議員選舉,首次申報,1071029,個人捐贈收入,徐三傳,H10*******,10000.00,0.00,,金錢,桃園市桃園區****,0910*****,
49,黃婉如,107年直轄市議員選舉,首次申報,1071029,個人捐贈收入,游家慶,H12*******,5000.00,0.00,,金錢,桃園市桃園區****,0937*****,
50,黃婉如,107年直轄市議員選舉,首次申報,1071029,個人捐贈收入,楊呂靜枝,H20*******,50000.00,0.00,,金錢,桃園市桃園區****,,
51,黃婉如,107年直轄市議員選舉,首次申報,1071029,個人捐贈收入,姚茜耶,H20*******,10000.00,0.00,,金錢,桃園市桃園區****,0919*****,
52,黃婉如,107年直轄市議員選舉,首次申報,1071029,個人捐贈收入,劉益霞,H22*******,30000.00,0.00,,金錢,桃園市蘆竹區****,0939*****,
53,黃婉如,107年直轄市議員選舉,首次申報,1071029,個人捐贈收入,黃進田,K10*******,10000.00,0.00,,金錢,桃園市桃園區****,0933*****,
54,黃婉如,107年直轄市議員選舉,首次申報,1071029,個人捐贈收入,黃求麗,N22*******,20000.00,0.00,,金錢,臺北市南港區****,0938*****,
55,黃婉如,107年直轄市議員選舉,首次申報,1071029,個人捐贈收入,曹水福,P10*******,2000.00,0.00,,金錢,桃園市龜山區****,0960*****,
56,黃婉如,107年直轄市議員選舉,首次申報,1071030,營利事業捐贈收入,智偉織造股份有限公司,43837747,100000.00,0.00,,金錢,桃園市中壢區****,03-4*****,
57,黃婉如,107年直轄市議員選舉,首次申報,1071030,營利事業捐贈收入,裕榮機械有限公司,86332730,6000.00,0.00,,金錢,桃園市桃園區****,0917*****,
58,黃婉如,107年直轄市議員選舉,首次申報,1071030,個人捐贈收入,蔡淑真,F22*******,2000.00,0.00,,金錢,桃園市八德區****,0935*****,
59,黃婉如,107年直轄市議員選舉,首次申報,1071030,個人捐贈收入,張智雅,G12*******,10000.00,0.00,,金錢,桃園市八德區****,0921*****,
60,黃婉如,107年直轄市議員選舉,首次申報,1071030,個人捐贈收入,邱萬枝,H10*******,20000.00,0.00,,金錢,桃園市桃園區****,03-3*****,
61,黃婉如,107年直轄市議員選舉,首次申報,1071030,個人捐贈收入,邱進財,H10*******,10000.00,0.00,,金錢,桃園市桃園區****,03-3*****,
62,黃婉如,107年直轄市議員選舉,首次申報,1071030,個人捐贈收入,劉景祥,H12*******,100000.00,0.00,,金錢,桃園市桃園區****,0910*****,
63,黃婉如,107年直轄市議員選舉,首次申報,1071030,個人捐贈收入,邱順隆,H12*******,10000.00,0.00,,金錢,桃園市桃園區****,0921*****,
64,黃婉如,107年直轄市議員選舉,首次申報,1071030,個人捐贈收入,陳淑慧,H20*******,10000.00,0.00,,金錢,桃園市桃園區****,03-3*****,
65,黃婉如,107年直轄市議員選舉,首次申報,1071030,個人捐贈收入,簡聖芬,H22*******,3000.00,0.00,,金錢,桃園市桃園區****,0955*****,
66,黃婉如,107年直轄市議員選舉,首次申報,1071030,個人捐贈收入,林幸美,H22*******,10000.00,0.00,,金錢,桃園市桃園區****,0912*****,
67,黃婉如,107年直轄市議員選舉,首次申報,1071030,個人捐贈收入,林曉君,H22*******,10000.00,0.00,,金錢,桃園市桃園區****,0912*****,
68,黃婉如,107年直轄市議員選舉,首次申報,1071030,個人捐贈收入,詹腕淑,H22*******,10000.00,0.00,,金錢,桃園市中壢區****,0922*****,
69,黃婉如,107年直轄市議員選舉,首次申報,1071030,個人捐贈收入,蔡淑珠,Q22*******,10000.00,0.00,,金錢,桃園市桃園區****,0936*****,
70,黃婉如,107年直轄市議員選舉,首次申報,1071031,個人捐贈收入,鄭錫在,,30000.00,0.00,,金錢,桃園市桃園區****,0937*****,
71,黃婉如,107年直轄市議員選舉,首次申報,1071031,個人捐贈收入,詹前煥,J12*******,50000.00,0.00,,金錢,桃園市桃園區****,0933*****,
72,黃婉如,107年直轄市議員選舉,首次申報,1071101,個人捐贈收入,劉芸伶(佑林),,5000.00,0.00,,金錢,桃園市龜山區****,0978*****,
73,黃婉如,107年直轄市議員選舉,首次申報,1071101,人民團體捐贈收入,桃園市人力資源管理協會,,3000.00,0.00,,金錢,桃園市桃園區****,0983*****,
74,黃婉如,107年直轄市議員選舉,首次申報,1071101,營利事業捐贈收入,桃展建設股份有限公司,86554090,100000.00,0.00,,金錢,桃園市桃園區****,03--*****,
75,黃婉如,107年直轄市議員選舉,首次申報,1071101,個人捐贈收入,楊珮芳,H22*******,6000.00,0.00,,金錢,桃園市龜山區****,0938*****,
76,黃婉如,107年直轄市議員選舉,首次申報,1071101,個人捐贈收入,曾春蘭,J20*******,5000.00,0.00,,金錢,桃園市桃園區****,0921*****,
77,黃婉如,107年直轄市議員選舉,首次申報,1071102,營利事業捐贈收入,桃園市私立勁草幼兒園,78856749,20000.00,0.00,,金錢,桃園市桃園區****,03-2*****,
78,黃婉如,107年直轄市議員選舉,首次申報,1071102,個人捐贈收入,陳淑雅,F22*******,1000.00,0.00,,金錢,桃園市桃園區****,03-3*****,
79,黃婉如,107年直轄市議員選舉,首次申報,1071102,個人捐贈收入,闞建源,H10*******,1200.00,0.00,,金錢,桃園市桃園區****,0935*****,
80,黃婉如,107年直轄市議員選舉,首次申報,1071102,個人捐贈收入,陳瑞鴦,H22*******,30000.00,0.00,,金錢,桃園市桃園區****,0932*****,
81,黃婉如,107年直轄市議員選舉,首次申報,1071102,個人捐贈收入,楊孟芬,H22*******,10000.00,0.00,,金錢,桃園市桃園區****,0952*****,
82,黃婉如,107年直轄市議員選舉,首次申報,1071103,個人捐贈收入,楊嘉國,H10*******,3000.00,0.00,,金錢,桃園市桃園區****,0953*****,
83,黃婉如,107年直轄市議員選舉,首次申報,1071103,個人捐贈收入,鄭美玉,H20*******,10000.00,0.00,,金錢,桃園市桃園區****,0910*****,
84,黃婉如,107年直轄市議員選舉,首次申報,1071103,個人捐贈收入,張予馨,H22*******,20000.00,0.00,,金錢,桃園市桃園區****,0973*****,
85,黃婉如,107年直轄市議員選舉,首次申報,1071103,個人捐贈收入,馬艷華,H22*******,5000.00,0.00,,金錢,桃園市桃園區****,0910*****,
86,黃婉如,107年直轄市議員選舉,首次申報,1071103,個人捐贈收入,吳嘉芳,U22*******,1000.00,0.00,,金錢,桃園市桃園區****,03-3*****,
87,黃婉如,107年直轄市議員選舉,首次申報,1071104,個人捐贈收入,謝國城,,10000.00,0.00,,金錢,桃園市桃園區****,0936*****,
88,黃婉如,107年直轄市議員選舉,首次申報,1071104,個人捐贈收入,黃定國,F12*******,6000.00,0.00,,金錢,桃園市桃園區****,0932*****,
89,黃婉如,107年直轄市議員選舉,首次申報,1071104,個人捐贈收入,卓滄江,H10*******,3000.00,0.00,,金錢,桃園市桃園區****,0921*****,
90,黃婉如,107年直轄市議員選舉,首次申報,1071104,個人捐贈收入,卓洋村,H12*******,2000.00,0.00,,金錢,桃園市中壢區****,0933*****,
91,黃婉如,107年直轄市議員選舉,首次申報,1071104,個人捐贈收入,李淑卿,H20*******,3000.00,0.00,,金錢,桃園市桃園區****,0919*****,
92,黃婉如,107年直轄市議員選舉,首次申報,1071104,個人捐贈收入,何威姿,N20*******,5000.00,0.00,,金錢,桃園市桃園區****,0958*****,
93,黃婉如,107年直轄市議員選舉,首次申報,1071105,個人捐贈收入,陳光志,H10*******,6000.00,0.00,,金錢,桃園市桃園區****,0952*****,
94,黃婉如,107年直轄市議員選舉,首次申報,1071105,個人捐贈收入,温金勝,H12*******,16000.00,0.00,,金錢,桃園市桃園區****,0930*****,
95,黃婉如,107年直轄市議員選舉,首次申報,1071105,個人捐贈收入,邱麗蓉,H20*******,2000.00,0.00,,金錢,桃園市桃園區****,0912*****,
96,黃婉如,107年直轄市議員選舉,首次申報,1071105,個人捐贈收入,高婷如,H20*******,2000.00,0.00,,金錢,桃園市桃園區****,0936*****,
97,黃婉如,107年直轄市議員選舉,首次申報,1071105,個人捐贈收入,徐淑蓉,H22*******,8000.00,0.00,,金錢,桃園市桃園區****,0937*****,
98,黃婉如,107年直轄市議員選舉,首次申報,1071105,個人捐贈收入,劉進唐,K12*******,100000.00,0.00,,金錢,桃園市八德區****,0928*****,
99,黃婉如,107年直轄市議員選舉,首次申報,1071105,個人捐贈收入,黃義鑫,N12*******,20000.00,0.00,,金錢,,0975*****,
100,黃婉如,107年直轄市議員選舉,首次申報,1071106,個人捐贈收入,蘇景進,D12*******,10000.00,0.00,,金錢,桃園市桃園區****,0915*****,
101,黃婉如,107年直轄市議員選舉,首次申報,1071106,個人捐贈收入,王豐能,F12*******,25000.00,0.00,,金錢,新北市三重區****,0938*****,
102,黃婉如,107年直轄市議員選舉,首次申報,1071106,個人捐贈收入,王豐陽,F12*******,25000.00,0.00,,金錢,新北市蘆洲區****,0910*****,
103,黃婉如,107年直轄市議員選舉,首次申報,1071106,個人捐贈收入,林振實,H12*******,20000.00,0.00,,金錢,桃園市桃園區****,0958*****,
104,黃婉如,107年直轄市議員選舉,首次申報,1071106,個人捐贈收入,陳瑞春,H22*******,2000.00,0.00,,金錢,桃園市桃園區****,0989*****,
105,黃婉如,107年直轄市議員選舉,首次申報,1071106,個人捐贈收入,傅成志,T10*******,30000.00,0.00,,金錢,桃園市龜山區****,0926*****,
106,黃婉如,107年直轄市議員選舉,首次申報,1071107,營利事業捐贈收入,三和興實業社,10054433,100000.00,0.00,,金錢,桃園市桃園區****,,
107,黃婉如,107年直轄市議員選舉,首次申報,1071107,個人捐贈收入,邱希庚,H10*******,20000.00,0.00,,金錢,桃園市八德區****,0927*****,
108,黃婉如,107年直轄市議員選舉,首次申報,1071107,個人捐贈收入,陳映豆,H10*******,20000.00,0.00,,金錢,桃園市桃園區****,0937*****,
109,黃婉如,107年直轄市議員選舉,首次申報,1071107,個人捐贈收入,陳靜琴,H20*******,50000.00,0.00,,金錢,桃園市大園區****,0910*****,
110,黃婉如,107年直轄市議員選舉,首次申報,1071108,個人捐贈收入,許來有,H20*******,20000.00,0.00,,金錢,桃園市桃園區****,0918*****,
111,黃婉如,107年直轄市議員選舉,首次申報,1071109,個人捐贈收入,陳冠仁,N12*******,10000.00,0.00,,金錢,桃園市龜山區****,0975*****,
112,黃婉如,107年直轄市議員選舉,首次申報,1071110,個人捐贈收入,陳志凱,H12*******,12000.00,0.00,,金錢,桃園市桃園區****,0919*****,
113,黃婉如,107年直轄市議員選舉,首次申報,1071111,個人捐贈收入,黃成章,,20000.00,0.00,,金錢,桃園市桃園區****,0937*****,
114,黃婉如,107年直轄市議員選舉,首次申報,1071111,個人捐贈收入,楊雪娥,H22*******,20000.00,0.00,,金錢,桃園市桃園區****,0935*****,
115,黃婉如,107年直轄市議員選舉,首次申報,1071111,個人捐贈收入,林炎中,N10*******,10000.00,0.00,,金錢,桃園市桃園區****,0916*****,
116,黃婉如,107年直轄市議員選舉,首次申報,1071112,個人捐贈收入,黃淑盈,,10000.00,0.00,,金錢,桃園市八德區****,0937*****,
117,黃婉如,107年直轄市議員選舉,首次申報,1071112,個人捐贈收入,吳文良,H12*******,10000.00,0.00,,金錢,桃園市桃園區****,0928*****,
118,黃婉如,107年直轄市議員選舉,首次申報,1071112,個人捐贈收入,彭賢修,K10*******,3000.00,0.00,,金錢,桃園市桃園區****,3619*****,
119,黃婉如,107年直轄市議員選舉,首次申報,1071113,個人捐贈收入,鄭盛獻,,20000.00,0.00,,金錢,桃園市桃園區****,0966*****,
120,黃婉如,107年直轄市議員選舉,首次申報,1071113,個人捐贈收入,楊淑芬,A22*******,2000.00,0.00,,金錢,桃園市桃園區****,0972*****,
121,黃婉如,107年直轄市議員選舉,首次申報,1071113,個人捐贈收入,唐永正,H12*******,50000.00,0.00,,金錢,新北市板橋區****,0936*****,
122,黃婉如,107年直轄市議員選舉,首次申報,1071113,個人捐贈收入,蔡玉釧,Q20*******,11000.00,0.00,,金錢,桃園市桃園區****,0955*****,
123,黃婉如,107年直轄市議員選舉,首次申報,1071113,個人捐贈收入,王小菲,Q22*******,2000.00,0.00,,金錢,桃園市桃園區****,0932*****,
124,黃婉如,107年直轄市議員選舉,首次申報,1071114,個人捐贈收入,劉家暉,,500.00,0.00,,金錢,桃園市桃園區****,0937*****,
125,黃婉如,107年直轄市議員選舉,首次申報,1071114,個人捐贈收入,劉鮮興,,500.00,0.00,,金錢,桃園市桃園區****,0932*****,
126,黃婉如,107年直轄市議員選舉,首次申報,1071114,個人捐贈收入,劉瑾慈,,500.00,0.00,,金錢,桃園市桃園區****,0919*****,
127,黃婉如,107年直轄市議員選舉,首次申報,1071114,個人捐贈收入,陳碧琴,,500.00,0.00,,金錢,桃園市桃園區****,0919*****,
128,黃婉如,107年直轄市議員選舉,首次申報,1071114,個人捐贈收入,陳玉梅,H22*******,50000.00,0.00,,金錢,桃園市大園區****,0920*****,
129,黃婉如,107年直轄市議員選舉,首次申報,1071115,個人捐贈收入,宋瑞惠,,10000.00,0.00,,金錢,桃園市桃園區****,0937*****,
130,黃婉如,107年直轄市議員選舉,首次申報,1071115,營利事業捐贈收入,福誠貿易有限公司,12751961,10000.00,0.00,,金錢,桃園市桃園區****,03-3*****,
131,黃婉如,107年直轄市議員選舉,首次申報,1071115,營利事業捐贈收入,福成工業原料行有限公司,43756511,10000.00,0.00,,金錢,桃園市桃園區****,03-3*****,
132,黃婉如,107年直轄市議員選舉,首次申報,1071115,個人捐贈收入,林慶淵,A12*******,50000.00,0.00,,金錢,桃園市桃園區****,0937*****,
133,黃婉如,107年直轄市議員選舉,首次申報,1071116,個人捐贈收入,武九齡,,2000.00,0.00,,金錢,桃園市中壢區****,0936*****,
134,黃婉如,107年直轄市議員選舉,首次申報,1071118,個人捐贈收入,陳仁典,,2000.00,0.00,,金錢,桃園市桃園區****,03-3*****,
135,黃婉如,107年直轄市議員選舉,首次申報,1071118,個人捐贈收入,曾懷瑩,H22*******,20000.00,0.00,,金錢,桃園市蘆竹區****,03-3*****,
136,黃婉如,107年直轄市議員選舉,首次申報,1071119,個人捐贈收入,李向榮,,6000.00,0.00,,金錢,桃園市桃園區****,03-3*****,
137,黃婉如,107年直轄市議員選舉,首次申報,1071119,個人捐贈收入,江承瀚,,6000.00,0.00,,金錢,桃園市桃園區****,0937*****,
138,黃婉如,107年直轄市議員選舉,首次申報,1071119,營利事業捐贈收入,燁德彈簧有限公司,22591606,30000.00,0.00,,金錢,桃園市桃園區****,03-4*****,
139,黃婉如,107年直轄市議員選舉,首次申報,1071119,營利事業捐贈收入,協雅化工有限公司,43845704,10000.00,0.00,,金錢,桃園市桃園區****,03-3*****,
140,黃婉如,107年直轄市議員選舉,首次申報,1071120,營利事業捐贈收入,學園社事業有限公司,80325732,20000.00,0.00,,金錢,桃園市桃園區****,0932*****,
141,黃婉如,107年直轄市議員選舉,首次申報,1071122,個人捐贈收入,宋志衡,,10000.00,0.00,,金錢,桃園市桃園區****,03-3*****,
142,黃婉如,107年直轄市議員選舉,首次申報,1071122,個人捐贈收入,陳劉秀美,F20*******,100000.00,0.00,,金錢,桃園市桃園區****,0937*****,
143,黃婉如,107年直轄市議員選舉,首次申報,1071122,個人捐贈收入,曾慶章,Q10*******,6000.00,0.00,,金錢,桃園市桃園區****,0932*****,
144,黃婉如,107年直轄市議員選舉,首次申報,1071123,個人捐贈收入,龍應騰,,10000.00,0.00,,金錢,桃園市桃園區****,0925*****,
145,黃婉如,107年直轄市議員選舉,首次申報,1071123,人民團體捐贈收入,桃園市經典文化教育協會,,5000.00,0.00,,金錢,桃園市桃園區****,03-3*****,
146,黃婉如,107年直轄市議員選舉,首次申報,1071123,個人捐贈收入,謝炳烘(正大牙醫),,10000.00,0.00,,金錢,桃園市桃園區****,0933*****,
147,黃婉如,107年直轄市議員選舉,首次申報,1071123,營利事業捐贈收入,桃園煤氣有限公司,43434532,8000.00,0.00,,金錢,桃園市桃園區****,03-3*****,
148,黃婉如,107年直轄市議員選舉,首次申報,1071123,營利事業捐贈收入,金山電機行,43899898,12000.00,0.00,,金錢,桃園市桃園區****,03-3*****,
149,黃婉如,107年直轄市議員選舉,首次申報,1071123,個人捐贈收入,簡福成,H12*******,20000.00,0.00,,金錢,桃園市桃園區****,0922*****,
150,黃婉如,107年直轄市議員選舉,首次申報,1071221,其他收入,利息收入,,137.00,0.00,,金錢,,,
151,黃婉如,107年直轄市議員選舉,首次申報,1080102,其他收入,利息收入,,13.00,0.00,,金錢,,,
