﻿序號,擬參選人／政黨,選舉名稱,申報序號／年度,交易日期,收支科目,捐贈者／支出對象,身分證／統一編號,收入金額,支出金額,捐贈方式,存入專戶日期,返還/繳庫,支出用途,金錢類,地址,聯絡電話,應揭露之支出對象,支出對象之內部人員姓名,支出對象之內部人員職稱,政黨之內部人員姓名,政黨之內部人員職稱,關係,更正註記,資料更正日期
1,朱哲成,111年桃園市議員選舉,首次申報,1110805,政黨捐贈收入,時代力量,政黨證字第267號,250000.00,0.00,匯款,1110805,,,金錢,臺北市大同區****,(02)*****,,,,,,,,
2,朱哲成,111年桃園市議員選舉,首次申報,1110818,個人捐贈收入,程立全,P12*******,30000.00,0.00,匯款,1110818,,,金錢,臺北市中山區****,0911*****,,,,,,,,
3,朱哲成,111年桃園市議員選舉,首次申報,1110824,政黨捐贈收入,時代力量,政黨證字第267號,200000.00,0.00,匯款,1110824,,,金錢,臺北市大同區****,(02)*****,,,,,,,,
4,朱哲成,111年桃園市議員選舉,首次申報,1110928,個人捐贈收入,何建翰,B12*******,5000.00,0.00,匯款,1111011,,,金錢,臺中市西區柳****,,,,,,,,,
5,朱哲成,111年桃園市議員選舉,首次申報,1111029,個人捐贈收入,歐新匯,H12*******,1600.00,0.00,匯款,1111107,,,金錢,桃園市中壢區****,0988*****,,,,,,,,
6,朱哲成,111年桃園市議員選舉,首次申報,1111112,個人捐贈收入,余啟逸,H12*******,1200.00,0.00,匯款,1111118,,,金錢,桃園市龜山區****,0922*****,,,,,,,,
