﻿序號,擬參選人／政黨,選舉名稱,申報序號／年度,交易日期,收支科目,捐贈者／支出對象,身分證／統一編號,收入金額,支出金額,支出用途,金錢類,地址,聯絡電話,資料更正日期
1,闕枚莎,107年直轄市議員選舉,首次申報,1070619,雜支支出,南港富康郵局,,0.00,30.00,匯費,金錢,,02-2*****,
2,闕枚莎,107年直轄市議員選舉,首次申報,1070619,宣傳支出,強葳國際有限公司,27954964,0.00,63000.00,製作競選面紙支出,金錢,臺北市中山區****,02-2*****,
3,闕枚莎,107年直轄市議員選舉,首次申報,1070705,宣傳支出,三通網資訊股份有限公司,70561948,0.00,34.00,發送電信簡訊支出,金錢,臺北市內湖區****,02-2*****,
4,闕枚莎,107年直轄市議員選舉,首次申報,1070712,雜支支出,南港富康郵局,,0.00,30.00,匯費,金錢,,02-2*****,
5,闕枚莎,107年直轄市議員選舉,首次申報,1070712,宣傳支出,宸采創意有限公司,29173233,0.00,140700.00,製作競選文宣印製支出,金錢,新北市永和區****,02-2*****,
6,闕枚莎,107年直轄市議員選舉,首次申報,1070814,宣傳支出,金楓製帽有限公司,80131010,0.00,315000.00,製作競選帽子支出,金錢,雲林縣莿桐鄉****,05-5*****,
7,闕枚莎,107年直轄市議員選舉,首次申報,1070907,雜支支出,南港富康郵局,,0.00,60.00,匯費,金錢,,02-2*****,
8,闕枚莎,107年直轄市議員選舉,首次申報,1070907,宣傳支出,強葳國際有限公司,27954964,0.00,63000.00,製作競選面紙支出,金錢,台北市中山區****,02-2*****,
9,闕枚莎,107年直轄市議員選舉,首次申報,1070907,宣傳支出,馥田皇廣告有限公司,97361057,0.00,105000.00,租用廣告看板,金錢,新北市新店區****,02-2*****,
10,闕枚莎,107年直轄市議員選舉,首次申報,1070918,雜支支出,南港富康郵局,,0.00,210.00,匯費,金錢,,02-2*****,
11,闕枚莎,107年直轄市議員選舉,首次申報,1070918,宣傳支出,潤嘉實業有限公司,27807773,0.00,63420.00,製作競選扇子&貼紙支出,金錢,新北市中和區****,02-2*****,
12,闕枚莎,107年直轄市議員選舉,首次申報,1070918,宣傳支出,葉子廣告行銷有限公司,28877754,0.00,94500.00,車體廣告支出,金錢,新北市永和區****,02-2*****,
13,闕枚莎,107年直轄市議員選舉,首次申報,1070918,宣傳支出,印通彩色印刷股份有限公司,86758854,0.00,15250.00,製作競選名片支出,金錢,新北市八里區****,02-8*****,
14,闕枚莎,107年直轄市議員選舉,首次申報,1070924,宣傳支出,台灣摩菲爾國際股份有限公司,24312453,0.00,131250.00,租用廣告看板或車體廣告支出,金錢,臺北市中正區****,02-2*****,
15,闕枚莎,107年直轄市議員選舉,首次申報,1070930,宣傳支出,宸采創意有限公司,29173233,0.00,37065.00,製作競選物品支出文宣製作,金錢,新北市永和區****,02-2*****,
16,闕枚莎,107年直轄市議員選舉,首次申報,1071001,宣傳支出,漁歌展業股份有限公司,96961862,0.00,298200.00,車體廣告支出,金錢,臺北市中山區****,02-2*****,
17,闕枚莎,107年直轄市議員選舉,首次申報,1071005,宣傳支出,中華郵政股份有限公司富康郵局,03741302,0.00,173111.00,郵寄競選物品或宣傳廣告支出,金錢,臺北市南港區****,02-2*****,
18,闕枚莎,107年直轄市議員選舉,首次申報,1071005,宣傳支出,三通網資訊股份有限公司,70561948,0.00,5775.00,發送電信簡訊支出,金錢,臺北市內湖區****,02-2*****,
19,闕枚莎,107年直轄市議員選舉,首次申報,1071008,宣傳支出,心雅服裝行,15995103,0.00,134400.00,製作競選物品支出背心,金錢,臺北市萬華區****,02-2*****,
20,闕枚莎,107年直轄市議員選舉,首次申報,1071008,宣傳支出,埔興企業股份有限公司,23181708,0.00,195048.00,製作競選物品支出瓶裝水,金錢,南投縣埔里鎮****,049-*****,
21,闕枚莎,107年直轄市議員選舉,首次申報,1071015,租用宣傳車輛支出,何志偉,Y12*******,0.00,80000.00,租用宣傳車輛支出,金錢,臺北市北投區****,,
22,闕枚莎,107年直轄市議員選舉,首次申報,1071016,宣傳支出,佳世達企業社,26531806,0.00,30000.00,製作宣傳廣告支出招牌,金錢,新北市汐止區****,02-8*****,
23,闕枚莎,107年直轄市議員選舉,首次申報,1071017,集會支出,旺旺友聯產物保險股份有限公司,03110001,0.00,6200.00,保險,金錢,,,
24,闕枚莎,107年直轄市議員選舉,首次申報,1071018,宣傳支出,威亞策略顧問股份有限公司,27987091,0.00,472500.00,委託辦理研究、評估、調查、設計或規劃支出,金錢,臺北市中正區****,02-2*****,
25,闕枚莎,107年直轄市議員選舉,首次申報,1071018,宣傳支出,三通網資訊股份有限公司,70561948,0.00,70782.00,發送電信簡訊支出,金錢,臺北市內湖區****,02-2*****,
26,闕枚莎,107年直轄市議員選舉,首次申報,1071019,租用競選辦事處支出,競選總部,F22*******,0.00,45000.00,租用競選辦事處費用,非金錢,臺北市南港區****,,
27,闕枚莎,107年直轄市議員選舉,首次申報,1071021,集會支出,一心救護車事業有限公司,12969834,0.00,2520.00,救護站,金錢,臺北市中山區****,02-2*****,
28,闕枚莎,107年直轄市議員選舉,首次申報,1071021,集會支出,晨瑋環保工程有限公司,12976602,0.00,2625.00,流動廁所清潔維護,金錢,臺北市中山區****,02-2*****,
29,闕枚莎,107年直轄市議員選舉,首次申報,1071021,人事費用支出,陳天龍,A10*******,0.00,1000.00,其他因工作酬勞之給付,金錢,新北市土城區****,,
30,闕枚莎,107年直轄市議員選舉,首次申報,1071021,人事費用支出,尹相璞,A11*******,0.00,1000.00,其他因工作酬勞之給付,金錢,新北市土城區****,,
31,闕枚莎,107年直轄市議員選舉,首次申報,1071021,人事費用支出,黃景致,F10*******,0.00,1000.00,其他因工作酬勞之給付,金錢,臺北市南港區****,,
32,闕枚莎,107年直轄市議員選舉,首次申報,1071021,人事費用支出,蕭豐忠,F12*******,0.00,1000.00,其他因工作酬勞之給付,金錢,臺北市南港區****,,
33,闕枚莎,107年直轄市議員選舉,首次申報,1071021,人事費用支出,林君祝,F20*******,0.00,1000.00,其他因工作酬勞之給付,金錢,臺北市南港區****,,
34,闕枚莎,107年直轄市議員選舉,首次申報,1071021,人事費用支出,陳惠顏,M22*******,0.00,1000.00,其他因工作酬勞之給付,金錢,臺北市內湖區****,,
35,闕枚莎,107年直轄市議員選舉,首次申報,1071021,人事費用支出,陳水田,N10*******,0.00,1000.00,其他因工作酬勞之給付,金錢,新北市汐止區****,,
36,闕枚莎,107年直轄市議員選舉,首次申報,1071021,人事費用支出,黃郁文,Q12*******,0.00,1000.00,其他因工作酬勞之給付,金錢,臺北市大安區****,,
37,闕枚莎,107年直轄市議員選舉,首次申報,1071023,宣傳支出,威亞策略顧問股份有限公司,27987091,0.00,83633.00,委託辦理研究、評估、調查、設計或規劃支出,金錢,臺北市中正區****,02-2*****,
38,闕枚莎,107年直轄市議員選舉,首次申報,1071025,宣傳支出,采毅設計印刷有限公司,16135406,0.00,111557.00,製作競選物品支出文宣海報印製,金錢,臺北市內湖區****,02-2*****,
39,闕枚莎,107年直轄市議員選舉,首次申報,1071025,宣傳支出,潤嘉實業有限公司,27807773,0.00,196350.00,製作競選物品支出扇子 不織布袋,金錢,新北市中和區****,02-2*****,
40,闕枚莎,107年直轄市議員選舉,首次申報,1071026,集會支出,天王節目製作工作室,18073222,0.00,119610.00,會場佈置,金錢,新北市三重區****,02-2*****,
41,闕枚莎,107年直轄市議員選舉,首次申報,1071101,宣傳支出,尚美好企業有限公司,84849541,0.00,71957.00,製作宣傳廣告支出帆布,金錢,臺北市中正區****,02-2*****,
42,闕枚莎,107年直轄市議員選舉,首次申報,1071105,宣傳支出,三通網資訊股份有限公司,70561948,0.00,9323.00,發送電信簡訊支出,金錢,瑞光路號樓之****,02-2*****,
43,闕枚莎,107年直轄市議員選舉,首次申報,1071106,集會支出,旺旺友聯產物保險股份有限公司,03110001,0.00,4620.00,保險,金錢,臺北市大安區****,,
44,闕枚莎,107年直轄市議員選舉,首次申報,1071108,宣傳支出,漁歌展業股份有限公司,96961862,0.00,29400.00,製作競選物品支出海報製作,金錢,臺北市中山區****,02-2*****,
45,闕枚莎,107年直轄市議員選舉,首次申報,1071109,集會支出,一心救護站事業有限公司,12969834,0.00,2500.00,救護站,金錢,臺北市中山區****,02-2*****,
46,闕枚莎,107年直轄市議員選舉,首次申報,1071109,宣傳支出,采毅設計印刷有限公司,16135406,0.00,171790.00,製作競選物品支出文宣貼紙印製,金錢,臺北市內湖區****,02-2*****,
47,闕枚莎,107年直轄市議員選舉,首次申報,1071109,宣傳支出,文揚國際有限公司,27300037,0.00,9450.00,製作競選物品支出雨衣,金錢,新北市三重區****,02-2*****,
48,闕枚莎,107年直轄市議員選舉,首次申報,1071109,宣傳支出,潤嘉實業有限公司,27807773,0.00,190050.00,製作競選物品支出扇子 濕紙巾,金錢,新北市中和區****,02-2*****,
49,闕枚莎,107年直轄市議員選舉,首次申報,1071109,宣傳支出,威亞策略顧問股份有限公司,27987091,0.00,472500.00,委託辦理研究、評估、調查、設計或規劃支出,金錢,臺北市中正區****,02-2*****,
50,闕枚莎,107年直轄市議員選舉,首次申報,1071109,宣傳支出,九歌兒童劇團,77127934,0.00,441000.00,演講或表演支出,金錢,臺北市大安區****,02-2*****,
51,闕枚莎,107年直轄市議員選舉,首次申報,1071110,宣傳支出,台灣摩菲爾國際股份有限公司,24312453,0.00,24675.00,製作競選物品支出製作費,金錢,臺北市中正區****,02-2*****,
52,闕枚莎,107年直轄市議員選舉,首次申報,1071112,宣傳支出,億源開發有限公司,42694524,0.00,43050.00,製作競選物品支出手搖旗,金錢,新北市板橋區****,02-2*****,
53,闕枚莎,107年直轄市議員選舉,首次申報,1071113,集會支出,旺旺友聯產物保險股份有限公司,03110001,0.00,4620.00,保險,金錢,臺北市大安區****,02-2*****,
54,闕枚莎,107年直轄市議員選舉,首次申報,1071114,宣傳支出,永豐餘消費品實業股份有限公司,22327037,0.00,135000.00,製作競選物品支出面紙,金錢,臺北市中正區****,02-2*****,
55,闕枚莎,107年直轄市議員選舉,首次申報,1071116,集會支出,晨瑋環保工程有限公司,,0.00,5775.00,流動廁所清潔維護,金錢,臺北市中山區****,02-2*****,
56,闕枚莎,107年直轄市議員選舉,首次申報,1071116,集會支出,一心救護車事業有限公司,12969834,0.00,2500.00,救護站,金錢,,,
57,闕枚莎,107年直轄市議員選舉,首次申報,1071116,宣傳支出,潤嘉實業有限公司,27807773,0.00,69993.00,製作競選物品支出貼紙,金錢,新北市中和區****,02-2*****,
58,闕枚莎,107年直轄市議員選舉,首次申報,1071116,宣傳支出,台灣博士多股份有限公司,53381318,0.00,165000.00,製作競選物品支出濕紙巾,金錢,彰化縣員林市****,04-8*****,
59,闕枚莎,107年直轄市議員選舉,首次申報,1071116,宣傳支出,九歌兒童劇團,77127934,0.00,378000.00,演講或表演支出,金錢,臺北市大安區****,02-2*****,
60,闕枚莎,107年直轄市議員選舉,首次申報,1071119,返還支出,上閤屋餐廳股份有限公司,12861854,0.00,30000.00,返還,金錢,臺北市大安區****,0227*****,
61,闕枚莎,107年直轄市議員選舉,首次申報,1071119,宣傳支出,埔興企業股份有限公司,23181708,0.00,72374.00,製作競選物品支出瓶裝水,金錢,南投縣埔里鎮****,049-*****,
62,闕枚莎,107年直轄市議員選舉,首次申報,1071119,返還支出,台北馥華商旅南港股份有限公司,25112707,0.00,30000.00,返還,金錢,臺北市南港區****,02-2*****,
63,闕枚莎,107年直轄市議員選舉,首次申報,1071119,宣傳支出,連花廣播電台股份有限公司,27595911,0.00,54000.00,製作宣傳廣告支出,金錢,花蓮縣花蓮市****,02-2*****,
64,闕枚莎,107年直轄市議員選舉,首次申報,1071119,返還支出,萬鈞航空貨運代理有限公司,81034120,0.00,150000.00,返還,金錢,臺北市中山區****,02-2*****,
65,闕枚莎,107年直轄市議員選舉,首次申報,1071119,返還支出,葉麗玲,A22*******,0.00,50000.00,返還,金錢,臺北市信義區****,02-2*****,
66,闕枚莎,107年直轄市議員選舉,首次申報,1071120,返還支出,大好藥品企業股份有限公司,20854407,0.00,300000.00,返還,金錢,臺北市松山區****,,
67,闕枚莎,107年直轄市議員選舉,首次申報,1071120,宣傳支出,葉子廣告行銷有限公司,28877754,0.00,6300.00,製作宣傳廣告支出,金錢,新北市永和區****,02-2*****,
68,闕枚莎,107年直轄市議員選舉,首次申報,1071120,宣傳支出,台北之音廣播股份有限公司,84943905,0.00,52500.00,製作宣傳廣告支出,金錢,臺北市中正區****,02-2*****,
69,闕枚莎,107年直轄市議員選舉,首次申報,1071121,宣傳支出,台灣指標調查研究股份有限公司,53752227,0.00,110000.00,委託辦理研究、評估、調查、設計或規劃支出,金錢,臺北市內湖區****,02-2*****,
70,闕枚莎,107年直轄市議員選舉,首次申報,1071123,宣傳支出,三通網資訊股份有限公司,70561948,0.00,49496.00,發送電信簡訊支出,金錢,臺北市內湖區****,02-2*****,
71,闕枚莎,107年直轄市議員選舉,首次申報,1071123,宣傳支出,三通網資訊股份有限公司,70561948,0.00,141564.00,發送電信簡訊支出,金錢,臺北市內湖區****,02-2*****,
72,闕枚莎,107年直轄市議員選舉,首次申報,1071130,宣傳支出,印通彩色印刷股份有限公司,86758854,0.00,2200.00,製作競選物品支出名片,金錢,新北市三重區****,02-2*****,
73,闕枚莎,107年直轄市議員選舉,首次申報,1071212,宣傳支出,采毅設計印刷有限公司,16135406,0.00,33138.00,製作宣傳廣告支出,金錢,臺北市內湖區****,02-2*****,
74,闕枚莎,107年直轄市議員選舉,首次申報,1071212,宣傳支出,宸采創意有限公司,29173233,0.00,284708.00,製作競選物品支出文宣製作,金錢,新北市永和區****,02-2*****,
75,闕枚莎,107年直轄市議員選舉,首次申報,1071212,宣傳支出,三通網資訊股份有限公司,70561948,0.00,92090.00,發送電信簡訊支出,金錢,臺北市內湖區****,02-2*****,
76,闕枚莎,107年直轄市議員選舉,首次申報,1071213,宣傳支出,尚美好企業有限公司,84849541,0.00,238210.00,製作競選物品支出看板製作,金錢,臺北市中正區****,02-2*****,
77,闕枚莎,107年直轄市議員選舉,首次申報,1071214,雜支支出,潤泰旭展股份有限公司潤泰南港店,28449085,0.00,70219.00,餐飲費用,金錢,臺北市南港區****,02-2*****,
78,闕枚莎,107年直轄市議員選舉,首次申報,1071219,宣傳支出,霈成企業有限公司,16223581,0.00,33414.00,製作競選物品支出印刷費,金錢,新北市汐止區****,02-2*****,
79,闕枚莎,107年直轄市議員選舉,首次申報,1071222,雜支支出,花卉營業人,01225800,0.00,900.00,花,金錢,臺北市內湖區****,,
80,闕枚莎,107年直轄市議員選舉,首次申報,1071222,集會支出,天王節目製作工作室,18073222,0.00,68355.00,會場佈置,金錢,新北市三重區****,02-2*****,
81,闕枚莎,107年直轄市議員選舉,首次申報,1071222,雜支支出,永昇聯合會計師事務所,19480057,0.00,50000.00,政治獻金專戶簽證,金錢,新北市汐止區****,02-2*****,
82,闕枚莎,107年直轄市議員選舉,首次申報,1071222,人事費用支出,徐安然,A10*******,0.00,5100.00,工資或薪津,金錢,臺北市內湖區****,,
83,闕枚莎,107年直轄市議員選舉,首次申報,1071222,人事費用支出,賴立軒,A12*******,0.00,9500.00,工資或薪津,金錢,臺北市內湖區****,,
84,闕枚莎,107年直轄市議員選舉,首次申報,1071222,人事費用支出,廖逸楷,A12*******,0.00,500.00,工資或薪津,金錢,臺北市內湖區****,,
85,闕枚莎,107年直轄市議員選舉,首次申報,1071222,人事費用支出,高素華,A20*******,0.00,500.00,工資或薪津,金錢,臺北市內湖區****,,
86,闕枚莎,107年直轄市議員選舉,首次申報,1071222,人事費用支出,蘇美麗,A20*******,0.00,9200.00,工資或薪津,金錢,臺北市南港區****,,
87,闕枚莎,107年直轄市議員選舉,首次申報,1071222,人事費用支出,楊林素貞,A21*******,0.00,8700.00,工資或薪津,金錢,臺北市內湖區****,,
88,闕枚莎,107年直轄市議員選舉,首次申報,1071222,人事費用支出,邱麗卿,A21*******,0.00,9900.00,工資或薪津,金錢,臺北市南港區****,,
89,闕枚莎,107年直轄市議員選舉,首次申報,1071222,人事費用支出,李金滿,A22*******,0.00,500.00,工資或薪津,金錢,臺北市南港區****,,
90,闕枚莎,107年直轄市議員選舉,首次申報,1071222,人事費用支出,陳嘉芬,A22*******,0.00,600.00,工資或薪津,金錢,臺北市內湖區****,,
91,闕枚莎,107年直轄市議員選舉,首次申報,1071222,人事費用支出,高純純,A22*******,0.00,5200.00,工資或薪津,金錢,臺北市大安區****,,
92,闕枚莎,107年直轄市議員選舉,首次申報,1071222,人事費用支出,王文玲,A22*******,0.00,6300.00,工資或薪津,金錢,臺北市內湖區****,,
93,闕枚莎,107年直轄市議員選舉,首次申報,1071222,人事費用支出,張瓊文,A22*******,0.00,1000.00,工資或薪津,金錢,臺北市內湖區****,,
94,闕枚莎,107年直轄市議員選舉,首次申報,1071222,人事費用支出,游玉琴,A22*******,0.00,1500.00,工資或薪津,金錢,新北市汐止區****,,
95,闕枚莎,107年直轄市議員選舉,首次申報,1071222,人事費用支出,廖婉婷,A22*******,0.00,1000.00,工資或薪津,金錢,臺北市內湖區****,,
96,闕枚莎,107年直轄市議員選舉,首次申報,1071222,人事費用支出,邵冬英,A29*******,0.00,7700.00,工資或薪津,金錢,臺北市內湖區****,,
97,闕枚莎,107年直轄市議員選舉,首次申報,1071222,人事費用支出,黃建豪,C12*******,0.00,500.00,工資或薪津,金錢,臺北市內湖區****,,
98,闕枚莎,107年直轄市議員選舉,首次申報,1071222,人事費用支出,吳鴻妹,F20*******,0.00,600.00,工資或薪津,金錢,臺北市內湖區****,,
99,闕枚莎,107年直轄市議員選舉,首次申報,1071222,人事費用支出,顏素月,F20*******,0.00,4300.00,工資或薪津,金錢,新北市汐止區****,,
100,闕枚莎,107年直轄市議員選舉,首次申報,1071222,人事費用支出,周中琳,F22*******,0.00,2250.00,工資或薪津,金錢,新北市汐止區****,,
101,闕枚莎,107年直轄市議員選舉,首次申報,1071222,人事費用支出,楊麗蓁,F22*******,0.00,1500.00,工資或薪津,金錢,臺北市內湖區****,,
102,闕枚莎,107年直轄市議員選舉,首次申報,1071222,人事費用支出,黃麗卿,F22*******,0.00,600.00,工資或薪津,金錢,臺北市南港區****,,
103,闕枚莎,107年直轄市議員選舉,首次申報,1071222,人事費用支出,石婉虹,F22*******,0.00,800.00,工資或薪津,金錢,臺北市內湖區****,,
104,闕枚莎,107年直轄市議員選舉,首次申報,1071222,人事費用支出,陳薏如,F22*******,0.00,1100.00,工資或薪津,金錢,臺北市內湖區****,,
105,闕枚莎,107年直轄市議員選舉,首次申報,1071222,人事費用支出,張梅英,G22*******,0.00,3000.00,工資或薪津,金錢,臺北市內湖區****,,
106,闕枚莎,107年直轄市議員選舉,首次申報,1071222,人事費用支出,黃美麗,K22*******,0.00,1700.00,工資或薪津,金錢,臺北市內湖區****,,
107,闕枚莎,107年直轄市議員選舉,首次申報,1071222,人事費用支出,陳淑梅,L22*******,0.00,4500.00,工資或薪津,金錢,臺中市烏日區****,,
108,闕枚莎,107年直轄市議員選舉,首次申報,1071222,人事費用支出,施全勝,N10*******,0.00,2100.00,工資或薪津,金錢,臺北市南港區****,,
109,闕枚莎,107年直轄市議員選舉,首次申報,1071222,人事費用支出,林雅鈴,N22*******,0.00,4000.00,工資或薪津,金錢,臺北市內湖區****,,
110,闕枚莎,107年直轄市議員選舉,首次申報,1071222,人事費用支出,楊子葳,N22*******,0.00,900.00,工資或薪津,金錢,臺北市南港區****,,
111,闕枚莎,107年直轄市議員選舉,首次申報,1071222,人事費用支出,呂昌益,Q12*******,0.00,9600.00,工資或薪津,金錢,臺北市內湖區****,,
112,闕枚莎,107年直轄市議員選舉,首次申報,1071222,人事費用支出,江聆兒,Q22*******,0.00,500.00,工資或薪津,金錢,臺北市內湖區****,,
113,闕枚莎,107年直轄市議員選舉,首次申報,1071222,人事費用支出,王蓮子,Q22*******,0.00,3300.00,工資或薪津,金錢,臺北市內湖區****,,
114,闕枚莎,107年直轄市議員選舉,首次申報,1071222,人事費用支出,陳英惠,Q22*******,0.00,1350.00,工資或薪津,金錢,新北市汐止區****,,
115,闕枚莎,107年直轄市議員選舉,首次申報,1071222,人事費用支出,李美惠,S22*******,0.00,1400.00,工資或薪津,金錢,苗栗縣苑裡鎮****,,
116,闕枚莎,107年直轄市議員選舉,首次申報,1071222,人事費用支出,郭碧蓮,S22*******,0.00,7900.00,工資或薪津,金錢,臺北市內湖區****,,
117,闕枚莎,107年直轄市議員選舉,首次申報,1071222,人事費用支出,黃秀玲,T22*******,0.00,1000.00,工資或薪津,金錢,臺北市內湖區****,,
118,闕枚莎,107年直轄市議員選舉,首次申報,1080212,返還支出,萬里亨運通股份有限公司,54643310,0.00,15000.00,返還,金錢,臺北市中山區****,,
119,闕枚莎,107年直轄市議員選舉,首次申報,1080212,返還支出,普羅威行銷股份有限公司,80151789,0.00,20000.00,返還,金錢,新北市林口區****,02-2*****,
120,闕枚莎,107年直轄市議員選舉,首次申報,1080213,返還支出,大好藥品企業股份有限公司,20854407,0.00,300000.00,返還,金錢,臺北市松山區****,02-2*****,
