﻿序號,擬參選人／政黨,選舉名稱,申報序號／年度,交易日期,收支科目,捐贈者／支出對象,身分證／統一編號,收入金額,支出金額,捐贈方式,存入專戶日期,返還/繳庫,支出用途,金錢類,地址,聯絡電話,應揭露之支出對象,支出對象之內部人員姓名,支出對象之內部人員職稱,政黨之內部人員姓名,政黨之內部人員職稱,關係,更正註記,資料更正日期
1,謝庚霖,111年苗栗縣議員選舉,首次申報,1110613,個人捐贈收入,劉星佑,,20000.00,0.00,現金,1110613,,,金錢,桃園市八德區****,,,,,,,,,
2,謝庚霖,111年苗栗縣議員選舉,首次申報,1110619,營利事業捐贈收入,汎美強光電有限公司,53502214,66000.00,0.00,現金,1110619,,,金錢,臺南市永康區****,,,,,,,,,
3,謝庚霖,111年苗栗縣議員選舉,首次申報,1110621,其他收入,利息收入,,2.00,0.00,匯款,1110621,,,金錢,,,,,,,,,,
4,謝庚霖,111年苗栗縣議員選舉,首次申報,1110715,個人捐贈收入,童慶貞,,20000.00,0.00,現金,1110719,,,金錢,苗栗縣苗栗市****,,,,,,,,,
5,謝庚霖,111年苗栗縣議員選舉,首次申報,1110716,個人捐贈收入,劉玹妏,,5000.00,0.00,匯款,1110716,,,金錢,苗栗縣公館鄉****,,,,,,,,,
6,謝庚霖,111年苗栗縣議員選舉,首次申報,1110717,個人捐贈收入,邱太寬,,6000.00,0.00,現金,1110719,,,金錢,苗栗縣公館鄉****,,,,,,,,,
7,謝庚霖,111年苗栗縣議員選舉,首次申報,1110807,個人捐贈收入,蘇振發,,6600.00,0.00,現金,1110809,,,金錢,苗栗縣苗栗市****,,,,,,,,,
8,謝庚霖,111年苗栗縣議員選舉,首次申報,1110816,個人捐贈收入,莊智雲,B22*******,50000.00,0.00,匯款,1110816,,,金錢,苗栗縣苗栗市****,0970*****,,,,,,,,
9,謝庚霖,111年苗栗縣議員選舉,首次申報,1110816,個人捐贈收入,羅元駿,K12*******,100000.00,0.00,匯款,1110816,,,金錢,苗栗縣苗栗市****,0970*****,,,,,,,,
10,謝庚霖,111年苗栗縣議員選舉,首次申報,1110831,個人捐贈收入,謝益惠,,3000.00,0.00,匯款,1110831,,,金錢,苗栗縣公館鄉****,,,,,,,,,
11,謝庚霖,111年苗栗縣議員選舉,首次申報,1110906,個人捐贈收入,陳明岑,,10000.00,0.00,匯款,1110906,,,金錢,臺北市北投區****,,,,,,,,,
12,謝庚霖,111年苗栗縣議員選舉,首次申報,1110923,個人捐贈收入,謝桂梅,,5000.00,0.00,現金,1110923,,,金錢,苗栗縣公館鄉****,037-*****,,,,,,,,
13,謝庚霖,111年苗栗縣議員選舉,首次申報,1111005,個人捐贈收入,張正瑾,,15000.00,0.00,,,,,非金錢,臺南市東區府****,,,,,,,,,
14,謝庚霖,111年苗栗縣議員選舉,首次申報,1111005,個人捐贈收入,張正瑾,D22*******,32500.00,0.00,,,,,非金錢,臺南市東區府****,,,,,,,,,
15,謝庚霖,111年苗栗縣議員選舉,首次申報,1111017,個人捐贈收入,徐鳳珠,,10000.00,0.00,現金,1111017,,,金錢,苗栗縣銅鑼鄉****,,,,,,,,,
16,謝庚霖,111年苗栗縣議員選舉,首次申報,1111022,個人捐贈收入,張月娥,,5000.00,0.00,現金,1111022,,,金錢,苗栗縣公館鄉****,,,,,,,,,
17,謝庚霖,111年苗栗縣議員選舉,首次申報,1111103,個人捐贈收入,謝長富,K10*******,150000.00,0.00,現金,1111103,已返還,,金錢,苗栗縣銅鑼鄉****,,,,,,,,,
18,謝庚霖,111年苗栗縣議員選舉,首次申報,1111111,個人捐贈收入,楊麗玉,,20000.00,0.00,現金,1111111,,,金錢,新北市板橋區****,,,,,,,,,
19,謝庚霖,111年苗栗縣議員選舉,首次申報,1111116,匿名捐贈,匿名,,1000.00,0.00,現金,1111116,,,金錢,,,,,,,,,,
