﻿序號,擬參選人／政黨,選舉名稱,申報序號／年度,交易日期,收支科目,捐贈者／支出對象,身分證／統一編號,收入金額,支出金額,捐贈方式,存入專戶日期,返還/繳庫,支出用途,金錢類,地址,聯絡電話,應揭露之支出對象,支出對象之內部人員姓名,支出對象之內部人員職稱,政黨之內部人員姓名,政黨之內部人員職稱,關係,更正註記,資料更正日期
1,何孟樺,111年臺北市議員選舉,首次申報,1110528,個人捐贈收入,王凱立,B12*******,100.00,0.00,匯款,1110606,,,金錢,,0923*****,,,,,,,,
2,何孟樺,111年臺北市議員選舉,首次申報,1110529,匿名捐贈,匿名,,10000.00,0.00,匯款,1110529,,,金錢,,,,,,,,,,
3,何孟樺,111年臺北市議員選舉,首次申報,1110529,個人捐贈收入,吳怡萱,A22*******,100.00,0.00,匯款,1110606,,,金錢,台北市內湖區****,0972*****,,,,,,,,
4,何孟樺,111年臺北市議員選舉,首次申報,1110529,個人捐贈收入,王禹仁,E12*******,1450.00,0.00,匯款,1110606,,,金錢,台南市東區仁****,0922*****,,,,,,,,
5,何孟樺,111年臺北市議員選舉,首次申報,1110529,個人捐贈收入,林宣佑,H12*******,10000.00,0.00,匯款,1110606,,,金錢,桃園市桃園區****,0922*****,,,,,,,,
6,何孟樺,111年臺北市議員選舉,首次申報,1110529,個人捐贈收入,辛庚翰,N12*******,2000.00,0.00,匯款,1110529,,,金錢,台北市內湖區****,0926*****,,,,,,,,
7,何孟樺,111年臺北市議員選舉,首次申報,1110529,個人捐贈收入,黃偉荃,O10*******,500.00,0.00,匯款,1110606,,,金錢,新竹市北區延****,0963*****,,,,,,,,
8,何孟樺,111年臺北市議員選舉,首次申報,1110529,個人捐贈收入,蔡璧如,Q22*******,3000.00,0.00,匯款,1110606,,,金錢,新竹縣寶山鄉****,0933*****,,,,,,,,
9,何孟樺,111年臺北市議員選舉,首次申報,1110529,個人捐贈收入,張政隆,T12*******,5000.00,0.00,匯款,1110606,,,金錢,臺北市大安區****,0986*****,,,,,,,,
10,何孟樺,111年臺北市議員選舉,首次申報,1110530,個人捐贈收入,林佳樺,H22*******,5000.00,0.00,匯款,1110606,,,金錢,,0916*****,,,,,,,,
11,何孟樺,111年臺北市議員選舉,首次申報,1110530,個人捐贈收入,王威文,P12*******,1000.00,0.00,匯款,1110530,,,金錢,雲林縣斗六市****,0919*****,,,,,,,,
12,何孟樺,111年臺北市議員選舉,首次申報,1110531,匿名捐贈,匿名,,5000.00,0.00,匯款,1110606,,,金錢,,,,,,,,,,
13,何孟樺,111年臺北市議員選舉,首次申報,1110531,個人捐贈收入,馮冠維,L12*******,1000.00,0.00,匯款,1110606,,,金錢,,0972*****,,,,,,,,
14,何孟樺,111年臺北市議員選舉,首次申報,1110607,匿名捐贈,匿名,,1.00,0.00,匯款,1110607,,,金錢,,,,,,,,,,
15,何孟樺,111年臺北市議員選舉,首次申報,1110607,個人捐贈收入,嚴正利,K12*******,20000.00,0.00,現金,1110607,,,金錢,台北市內湖區****,0227*****,,,,,,,,
16,何孟樺,111年臺北市議員選舉,首次申報,1110607,個人捐贈收入,林道明,T12*******,5000.00,0.00,匯款,1110607,,,金錢,屏東縣枋寮鄉****,,,,,,,,,
17,何孟樺,111年臺北市議員選舉,首次申報,1110608,個人捐贈收入,何奇峯,A12*******,5000.00,0.00,匯款,1110615,,,金錢,,0926*****,,,,,,,,
18,何孟樺,111年臺北市議員選舉,首次申報,1110608,個人捐贈收入,陳文宏,J12*******,100000.00,0.00,匯款,1110608,,,金錢,新竹縣竹東鎮****,0935*****,,,,,,,,
19,何孟樺,111年臺北市議員選舉,首次申報,1110609,個人捐贈收入,陳裕基,A10*******,2000.00,0.00,現金,1110609,,,金錢,台北市內湖區****,0918*****,,,,,,,,
20,何孟樺,111年臺北市議員選舉,首次申報,1110609,個人捐贈收入,林琪淯,S12*******,1000.00,0.00,匯款,1110609,,,金錢,嘉義縣太保市****,0911*****,,,,,,,,
21,何孟樺,111年臺北市議員選舉,首次申報,1110614,個人捐贈收入,何朕宇,A12*******,5000.00,0.00,匯款,1110620,,,金錢,,0926*****,,,,,,,,
22,何孟樺,111年臺北市議員選舉,首次申報,1110621,其他收入,中華郵政股份有限公司,,5.00,0.00,匯款,1110621,,,金錢,,,,,,,,,,
23,何孟樺,111年臺北市議員選舉,首次申報,1110622,個人捐贈收入,劉菊花,E22*******,100000.00,0.00,匯款,1110622,,,金錢,屏東縣枋山鄉****,0916*****,,,,,,,,
24,何孟樺,111年臺北市議員選舉,首次申報,1110622,個人捐贈收入,王清吉,T12*******,100000.00,0.00,匯款,1110622,,,金錢,屏東縣枋山鄉****,0935*****,,,,,,,,
25,何孟樺,111年臺北市議員選舉,首次申報,1110705,個人捐贈收入,張玉樹,,6000.00,0.00,匯款,1110705,,,金錢,台北市內湖區****,0963*****,,,,,,,,
26,何孟樺,111年臺北市議員選舉,首次申報,1110708,個人捐贈收入,顏慈君,A22*******,5000.00,0.00,匯款,1110714,,,金錢,,0952*****,,,,,,,,
27,何孟樺,111年臺北市議員選舉,首次申報,1110710,個人捐贈收入,譚英瑛,S22*******,500.00,0.00,匯款,1110718,,,金錢,,0953*****,,,,,,,,
28,何孟樺,111年臺北市議員選舉,首次申報,1110719,個人捐贈收入,何錦嵩,A11*******,100000.00,0.00,匯款,1110719,,,金錢,台北市承德路****,0225*****,,,,,,,,
29,何孟樺,111年臺北市議員選舉,首次申報,1110720,匿名捐贈,匿名,,10000.00,0.00,現金,1110720,,,金錢,,,,,,,,,,
30,何孟樺,111年臺北市議員選舉,首次申報,1110722,個人捐贈收入,陳依蕙,A22*******,3000.00,0.00,匯款,1110728,,,金錢,新北市汐止區****,0955*****,,,,,,,,
31,何孟樺,111年臺北市議員選舉,首次申報,1110723,個人捐贈收入,林寶玉,A22*******,12000.00,0.00,現金,1110801,,,金錢,台北市內湖區****,0936*****,,,,,,,,
32,何孟樺,111年臺北市議員選舉,首次申報,1110726,個人捐贈收入,林承緯,A12*******,10000.00,0.00,現金,1110803,,,金錢,台北市信義區****,,,,,,,,,
33,何孟樺,111年臺北市議員選舉,首次申報,1110726,個人捐贈收入,詹佳勳,N12*******,500.00,0.00,匯款,1110802,,,金錢,彰化縣鹿港鎮****,0970*****,,,,,,,,
34,何孟樺,111年臺北市議員選舉,首次申報,1110731,個人捐贈收入,陳向榮,B10*******,5000.00,0.00,匯款,1110808,,,金錢,台中市西區五****,0935*****,,,,,,,,
35,何孟樺,111年臺北市議員選舉,首次申報,1110802,個人捐贈收入,李順益,P12*******,100000.00,0.00,匯款,1110802,,,金錢,台北市南港區****,0932*****,,,,,,,,
36,何孟樺,111年臺北市議員選舉,首次申報,1110810,匿名捐贈,匿名,,10000.00,0.00,匯款,1110816,,,金錢,,,,,,,,,,
37,何孟樺,111年臺北市議員選舉,首次申報,1110810,匿名捐贈,匿名,,10000.00,0.00,匯款,1110816,,,金錢,,,,,,,,,,
38,何孟樺,111年臺北市議員選舉,首次申報,1110812,個人捐贈收入,鄭優,P10*******,50000.00,0.00,現金,1110817,,,金錢,台北市中正區****,,,,,,,,,
39,何孟樺,111年臺北市議員選舉,首次申報,1110814,匿名捐贈,匿名,,1000.00,0.00,現金,1110817,,,金錢,,,,,,,,,,
40,何孟樺,111年臺北市議員選舉,首次申報,1110815,匿名捐贈,匿名,,1.00,0.00,匯款,1110815,,,金錢,,,,,,,,,,
41,何孟樺,111年臺北市議員選舉,首次申報,1110815,匿名捐贈,匿名,,1.00,0.00,匯款,1110815,,,金錢,,,,,,,,,,
42,何孟樺,111年臺北市議員選舉,首次申報,1110816,個人捐贈收入,林建騮,A12*******,20000.00,0.00,匯款,1110822,,,金錢,臺北市內湖區****,0982*****,,,,,,,,
43,何孟樺,111年臺北市議員選舉,首次申報,1110819,匿名捐贈,匿名,,500.00,0.00,匯款,1110825,,,金錢,,,,,,,,,,
44,何孟樺,111年臺北市議員選舉,首次申報,1110819,匿名捐贈,匿名,,1000.00,0.00,匯款,1110819,,,金錢,,,,,,,,,,
45,何孟樺,111年臺北市議員選舉,首次申報,1110819,匿名捐贈,匿名,,1000.00,0.00,匯款,1110825,,,金錢,,,,,,,,,,
46,何孟樺,111年臺北市議員選舉,首次申報,1110819,營利事業捐贈收入,宏明建設股份有限公司,90805366,100000.00,0.00,現金,1110823,已返還,,金錢,臺北市內湖區****,0226*****,,,,,,,,
47,何孟樺,111年臺北市議員選舉,首次申報,1110819,個人捐贈收入,陳碧玲,N22*******,1000.00,0.00,匯款,1110825,,,金錢,臺北市南港區****,0227*****,,,,,,,,
48,何孟樺,111年臺北市議員選舉,首次申報,1110820,營利事業捐贈收入,合隆昇企業社,70991546,500000.00,0.00,票據,1110829,,,金錢,高雄市林園區****,0764*****,,,,,,,,
49,何孟樺,111年臺北市議員選舉,首次申報,1110827,個人捐贈收入,鄭庠澤,H12*******,1000.00,0.00,匯款,1110902,,,金錢,臺北市內湖區****,0916*****,,,,,,,,
50,何孟樺,111年臺北市議員選舉,首次申報,1110913,個人捐贈收入,郭禮勇,A12*******,8888.00,0.00,匯款,1110919,,,金錢,台北市內湖區****,0932*****,,,,,,,,
51,何孟樺,111年臺北市議員選舉,首次申報,1110914,匿名捐贈,匿名,,3000.00,0.00,匯款,1110920,,,金錢,,,,,,,,,,
52,何孟樺,111年臺北市議員選舉,首次申報,1110914,個人捐贈收入,顏慈君,A22*******,3000.00,0.00,匯款,1110920,,,金錢,台北市南港區****,0952*****,,,,,,,,
53,何孟樺,111年臺北市議員選舉,首次申報,1110915,個人捐贈收入,郭昆昌,,10000.00,0.00,匯款,1110915,,,金錢,臺北市內湖區****,0227*****,,,,,,,,
54,何孟樺,111年臺北市議員選舉,首次申報,1110915,人民團體捐贈收入,臺灣仲裁協會,,20000.00,0.00,現金,1110915,,,金錢,臺北市基隆路****,0227*****,,,,,,,,
55,何孟樺,111年臺北市議員選舉,首次申報,1110915,個人捐贈收入,陳世廷,N12*******,10000.00,0.00,現金,1110915,,,金錢,臺北市中山區****,0939*****,,,,,,,,
56,何孟樺,111年臺北市議員選舉,首次申報,1110916,個人捐贈收入,何昕穎,A22*******,40000.00,0.00,匯款,1110916,,,金錢,台北市大同區****,0225*****,,,,,,,,
57,何孟樺,111年臺北市議員選舉,首次申報,1110917,匿名捐贈,匿名,,6000.00,0.00,現金,1110922,,,金錢,,,,,,,,,,
58,何孟樺,111年臺北市議員選舉,首次申報,1110917,營利事業捐贈收入,奇緣商行,48921835,1200.00,0.00,現金,1110929,,,金錢,臺北市內湖區****,0227*****,,,,,,,,
59,何孟樺,111年臺北市議員選舉,首次申報,1110918,個人捐贈收入,鄭培宏,E12*******,6000.00,0.00,匯款,1110926,,,金錢,新北市板橋區****,0919*****,,,,,,,,
60,何孟樺,111年臺北市議員選舉,首次申報,1110920,個人捐贈收入,黃明瑩,N20*******,10000.00,0.00,匯款,1110920,,,金錢,台北市內湖區****,0921*****,,,,,,,,
61,何孟樺,111年臺北市議員選舉,首次申報,1110921,個人捐贈收入,柯富彬,E12*******,100000.00,0.00,匯款,1110921,,,金錢,台北市內湖區****,0932*****,,,,,,,,
62,何孟樺,111年臺北市議員選舉,首次申報,1110921,個人捐贈收入,李英美,S22*******,100000.00,0.00,匯款,1110921,,,金錢,台北市內湖區****,0935*****,,,,,,,,
63,何孟樺,111年臺北市議員選舉,首次申報,1110923,匿名捐贈,匿名,,10000.00,0.00,匯款,1110929,,,金錢,,,,,,,,,,
64,何孟樺,111年臺北市議員選舉,首次申報,1110923,匿名捐贈,匿名,,5000.00,0.00,現金,1110929,,,金錢,,,,,,,,,,
65,何孟樺,111年臺北市議員選舉,首次申報,1110923,匿名捐贈,匿名,,5000.00,0.00,現金,1110929,,,金錢,,,,,,,,,,
66,何孟樺,111年臺北市議員選舉,首次申報,1110923,個人捐贈收入,李瑞賢,A12*******,100000.00,0.00,現金,1110923,,,金錢,台北市松山區****,0225*****,,,,,,,,
67,何孟樺,111年臺北市議員選舉,首次申報,1110923,個人捐贈收入,詹佳寧,A22*******,30000.00,0.00,匯款,1110923,,,金錢,台北市中山區****,,,,,,,,,
68,何孟樺,111年臺北市議員選舉,首次申報,1110923,個人捐贈收入,張嘉興,G12*******,100000.00,0.00,現金,1110923,,,金錢,台北市松山區****,0225*****,,,,,,,,
69,何孟樺,111年臺北市議員選舉,首次申報,1110923,個人捐贈收入,張博堯,P12*******,10000.00,0.00,匯款,1110929,,,金錢,台北市中山區****,0975*****,,,,,,,,
70,何孟樺,111年臺北市議員選舉,首次申報,1110924,個人捐贈收入,曾長龍,,5000.00,0.00,現金,1110927,,,金錢,台北市內湖區****,0922*****,,,,,,,,
71,何孟樺,111年臺北市議員選舉,首次申報,1110924,個人捐贈收入,陳麗芳,,10000.00,0.00,票據,1110929,,,金錢,,0931*****,,,,,,,,
72,何孟樺,111年臺北市議員選舉,首次申報,1110924,匿名捐贈,匿名,,10000.00,0.00,現金,1110927,,,金錢,,,,,,,,,,
73,何孟樺,111年臺北市議員選舉,首次申報,1110924,個人捐贈收入,蘇治原,,20000.00,0.00,現金,1110927,,,金錢,台北市松山區****,0928*****,,,,,,,,
74,何孟樺,111年臺北市議員選舉,首次申報,1110924,匿名捐贈,匿名,,10000.00,0.00,現金,1110927,,,金錢,,,,,,,,,,
75,何孟樺,111年臺北市議員選舉,首次申報,1110924,匿名捐贈,匿名,,10000.00,0.00,現金,1110927,,,金錢,,,,,,,,,,
76,何孟樺,111年臺北市議員選舉,首次申報,1110924,營利事業捐贈收入,翰鉑科技股份有限公司,80186485,20000.00,0.00,現金,1110927,已返還,,金錢,台北市內湖區****,0915*****,,,,,,,,
77,何孟樺,111年臺北市議員選舉,首次申報,1110924,個人捐贈收入,陳川原,A12*******,100000.00,0.00,現金,1110928,,,金錢,台北市文山區****,0987*****,,,,,,,,
78,何孟樺,111年臺北市議員選舉,首次申報,1110924,個人捐贈收入,黃立宣,A12*******,10000.00,0.00,匯款,1110924,,,金錢,新北市中和區****,0935*****,,,,,,,,
79,何孟樺,111年臺北市議員選舉,首次申報,1110924,個人捐贈收入,鄭達暐,A13*******,100000.00,0.00,現金,1110927,,,金錢,台北市松山區****,0975*****,,,,,,,,
80,何孟樺,111年臺北市議員選舉,首次申報,1110924,個人捐贈收入,林宥馨,A22*******,100000.00,0.00,現金,1110928,,,金錢,台北市文山區****,0987*****,,,,,,,,
81,何孟樺,111年臺北市議員選舉,首次申報,1110924,個人捐贈收入,莊均緯,C12*******,50000.00,0.00,現金,1110927,,,金錢,台北市中山區****,0933*****,,,,,,,,
82,何孟樺,111年臺北市議員選舉,首次申報,1110924,個人捐贈收入,蘇模原,F12*******,50000.00,0.00,現金,1110927,,,金錢,新北市三重區****,0939*****,,,,,,,,
83,何孟樺,111年臺北市議員選舉,首次申報,1110924,個人捐贈收入,余孟謙,F12*******,10000.00,0.00,現金,1110927,,,金錢,台北市中正區****,0952*****,,,,,,,,
84,何孟樺,111年臺北市議員選舉,首次申報,1110924,個人捐贈收入,陳智誠,H12*******,20000.00,0.00,現金,1110927,,,金錢,台北市中山區****,0936*****,,,,,,,,
85,何孟樺,111年臺北市議員選舉,首次申報,1110924,個人捐贈收入,蔡佩姍,L22*******,50000.00,0.00,現金,1110927,,,金錢,台北市內湖區****,0925*****,,,,,,,,
86,何孟樺,111年臺北市議員選舉,首次申報,1110924,個人捐贈收入,江欣政,N12*******,10000.00,0.00,匯款,1110924,,,金錢,新北市土城區****,0928*****,,,,,,,,
87,何孟樺,111年臺北市議員選舉,首次申報,1110924,個人捐贈收入,宋宜倫,P22*******,3000.00,0.00,現金,1110927,,,金錢,雲林縣西螺鎮****,0919*****,,,,,,,,
88,何孟樺,111年臺北市議員選舉,首次申報,1110929,個人捐贈收入,林于翔,D22*******,3000.00,0.00,匯款,1110929,,,金錢,新北市汐止區****,0955*****,,,,,,,,
89,何孟樺,111年臺北市議員選舉,首次申報,1110930,個人捐贈收入,沈大偉,J12*******,1000.00,0.00,匯款,1111006,,,金錢,,0932*****,,,,,,,,
90,何孟樺,111年臺北市議員選舉,首次申報,1110930,個人捐贈收入,紀建成,V12*******,3000.00,0.00,匯款,1111007,,,金錢,彰化市南郭路****,0922*****,,,,,,,,
91,何孟樺,111年臺北市議員選舉,首次申報,1111003,個人捐贈收入,林瑞治,D20*******,2000.00,0.00,現金,1111011,,,金錢,台北市內湖區****,0226*****,,,,,,,,
92,何孟樺,111年臺北市議員選舉,首次申報,1111004,營利事業捐贈收入,林映聲川養生餐館,10355281,3000.00,0.00,現金,1111011,,,金錢,台北市內湖區****,0287*****,,,,,,,,
93,何孟樺,111年臺北市議員選舉,首次申報,1111006,個人捐贈收入,詹樹根,,2000.00,0.00,匯款,1111006,,,金錢,台北市南港區****,0920*****,,,,,,,,
94,何孟樺,111年臺北市議員選舉,首次申報,1111007,人民團體捐贈收入,台灣二十一世紀婦女協會,,10000.00,0.00,匯款,1111007,,,金錢,臺北市中正區****,0905*****,,,,,,,,
95,何孟樺,111年臺北市議員選舉,首次申報,1111012,人民團體捐贈收入,台北市不動產開發商業同業公會,,10000.00,0.00,,,,,非金錢,臺北市大安區****,2740*****,,,,,,,,
96,何孟樺,111年臺北市議員選舉,首次申報,1111012,營利事業捐贈收入,朗司股份有限公司,42841238,10000.00,0.00,匯款,1111012,,,金錢,台北市大安區****,0227*****,,,,,,,,
97,何孟樺,111年臺北市議員選舉,首次申報,1111013,個人捐贈收入,蔡錦岳,,3000.00,0.00,匯款,1111013,,,金錢,台北市內湖區****,0227*****,,,,,,,,
98,何孟樺,111年臺北市議員選舉,首次申報,1111013,個人捐贈收入,何尚學,B10*******,1450.00,0.00,匯款,1111019,,,金錢,台中市北屯區****,0912*****,,,,,,,,
99,何孟樺,111年臺北市議員選舉,首次申報,1111014,個人捐贈收入,莊亦帆,F22*******,1400.00,0.00,匯款,1111020,,,金錢,台北市內湖區****,0939*****,,,,,,,,
100,何孟樺,111年臺北市議員選舉,首次申報,1111014,個人捐贈收入,林隆敏,J10*******,3000.00,0.00,匯款,1111020,,,金錢,台北市內湖區****,0932*****,,,,,,,,
101,何孟樺,111年臺北市議員選舉,首次申報,1111017,匿名捐贈,匿名,,2000.00,0.00,現金,1111017,,,金錢,,,,,,,,,,
102,何孟樺,111年臺北市議員選舉,首次申報,1111018,個人捐贈收入,譚英瑛,S22*******,9705.00,0.00,匯款,1111024,,,金錢,台北市南港區****,0953*****,,,,,,,,
103,何孟樺,111年臺北市議員選舉,首次申報,1111021,個人捐贈收入,梁書云,A22*******,3000.00,0.00,匯款,1111027,,,金錢,台北市南港區****,0911*****,,,,,,,,
104,何孟樺,111年臺北市議員選舉,首次申報,1111024,個人捐贈收入,梁浩熏,A12*******,50000.00,0.00,匯款,1111024,,,金錢,台北市內湖區****,0918*****,,,,,,,,
105,何孟樺,111年臺北市議員選舉,首次申報,1111024,個人捐贈收入,陳秀霞,T22*******,10000.00,0.00,匯款,1111031,,,金錢,台北市內湖區****,0918*****,,,,,,,,
106,何孟樺,111年臺北市議員選舉,首次申報,1111027,個人捐贈收入,高芳雄,A10*******,20000.00,0.00,匯款,1111027,,,金錢,臺北市內湖區****,0227*****,,,,,,,,
107,何孟樺,111年臺北市議員選舉,首次申報,1111028,個人捐贈收入,張明煌,T12*******,50000.00,0.00,匯款,1111028,,,金錢,屏東縣枋山鄉****,0936*****,,,,,,,,
108,何孟樺,111年臺北市議員選舉,首次申報,1111103,個人捐贈收入,呂依靜,H22*******,3000.00,0.00,匯款,1111110,,,金錢,新北市三重區****,0921*****,,,,,,,,
109,何孟樺,111年臺北市議員選舉,首次申報,1111105,個人捐贈收入,陳柏璇,E22*******,1450.00,0.00,匯款,1111111,,,金錢,高雄市鳳山區****,0918*****,,,,,,,,
110,何孟樺,111年臺北市議員選舉,首次申報,1111107,個人捐贈收入,陳宗智,,10000.00,0.00,匯款,1111107,,,金錢,新北市汐止區****,0226*****,,,,,,,,
111,何孟樺,111年臺北市議員選舉,首次申報,1111108,匿名捐贈,匿名,,6666.00,0.00,匯款,1111108,,,金錢,,,,,,,,,,
112,何孟樺,111年臺北市議員選舉,首次申報,1111109,匿名捐贈,匿名,,2000.00,0.00,現金,1111124,,,金錢,,,,,,,,,,
113,何孟樺,111年臺北市議員選舉,首次申報,1111111,個人捐贈收入,張能宗,,20000.00,0.00,匯款,1111111,,,金錢,臺北市內湖區****,0926*****,,,,,,,,
114,何孟樺,111年臺北市議員選舉,首次申報,1111112,個人捐贈收入,林家忠,,5000.00,0.00,現金,1111124,,,金錢,台北市內湖區****,0928*****,,,,,,,,
115,何孟樺,111年臺北市議員選舉,首次申報,1111115,營利事業捐贈收入,凱基投資有限公司,42862129,200000.00,0.00,匯款,1111115,,,金錢,臺北市大安區****,0987*****,,,,,,,,
116,何孟樺,111年臺北市議員選舉,首次申報,1111116,個人捐贈收入,黃鵬全,F12*******,3000.00,0.00,匯款,1111122,,,金錢,新北市三重區****,0905*****,,,,,,,,
117,何孟樺,111年臺北市議員選舉,首次申報,1111116,個人捐贈收入,張谷銘,M12*******,1000.00,0.00,匯款,1111116,,,金錢,台北市南港區****,0955*****,,,,,,,,
118,何孟樺,111年臺北市議員選舉,首次申報,1111117,個人捐贈收入,梁明富,,10000.00,0.00,匯款,1111117,,,金錢,台北市內湖區****,0933*****,,,,,,,,
119,何孟樺,111年臺北市議員選舉,首次申報,1111122,個人捐贈收入,王茂生,,10000.00,0.00,匯款,1111122,,,金錢,台北市松山區****,0935*****,,,,,,,,
120,何孟樺,111年臺北市議員選舉,首次申報,1111122,營利事業捐贈收入,恆隆行貿易股份有限公司,96946292,100000.00,0.00,匯款,1111122,,,金錢,臺北市內湖區****,0287*****,,,,,,,,
121,何孟樺,111年臺北市議員選舉,首次申報,1111123,個人捐贈收入,劉建宏,P12*******,10000.00,0.00,現金,1111124,,,金錢,台北市內湖區****,0921*****,,,,,,,,
122,何孟樺,111年臺北市議員選舉,首次申報,1111124,個人捐贈收入,林建騮,A12*******,20000.00,0.00,匯款,1111124,,,金錢,台北市內湖區****,0982*****,,,,,,,,
123,何孟樺,111年臺北市議員選舉,首次申報,1111125,個人捐贈收入,王英萱,A10*******,100.00,0.00,現金,1111207,,,金錢,台北市內湖區****,0952*****,,,,,,,,
124,何孟樺,111年臺北市議員選舉,首次申報,1111221,其他收入,利息收入,,196.00,0.00,匯款,1111221,,,金錢,,,,,,,,,,
