﻿序號,擬參選人／政黨,選舉名稱,申報序號／年度,交易日期,收支科目,捐贈者／支出對象,身分證／統一編號,收入金額,支出金額,捐贈方式,存入專戶日期,返還/繳庫,支出用途,金錢類,地址,聯絡電話,應揭露之支出對象,支出對象之內部人員姓名,支出對象之內部人員職稱,政黨之內部人員姓名,政黨之內部人員職稱,關係,資料更正日期
1,許淑華,109年立法委員選舉,第一次賸餘,1090211,當選後與其公務有關之費用支出,台北市府郵局,,0.00,100.00,,,,郵寄競選物品或宣傳廣告支出,金錢,臺北市信義區****,02 2*****,,,,,,,
2,許淑華,109年立法委員選舉,第一次賸餘,1090212,當選後與其公務有關之費用支出,台北市府郵局,,0.00,84.00,,,,郵寄競選物品或宣傳廣告支出,金錢,臺北市信義區****,02 2*****,,,,,,,
3,許淑華,109年立法委員選舉,第一次賸餘,1090212,當選後與其公務有關之費用支出,台北市府郵局,,0.00,113.00,,,,郵寄競選物品或宣傳廣告支出,金錢,臺北市信義區****,02 2*****,,,,,,,
4,許淑華,109年立法委員選舉,第一次賸餘,1090212,當選後與其公務有關之費用支出,台灣中油股份有限公司油品行銷事業部台北營業處忠孝東路,01113283,0.00,1130.00,,,,油資,金錢,臺北市信義區****,02 -*****,,,,,,,
5,許淑華,109年立法委員選舉,第一次賸餘,1090212,當選後與其公務有關之費用支出,嘉穎洋行企業有限公司復北門市部,76305869,0.00,428.00,,,,餐飲支出,金錢,,02-2*****,,,,,,,
6,許淑華,109年立法委員選舉,第一次賸餘,1090213,當選後與其公務有關之費用支出,臺北市府郵局,,0.00,64.00,,,,郵寄競選物品或宣傳廣告支出,金錢,臺北市信義區****,02 2*****,,,,,,,
7,許淑華,109年立法委員選舉,第一次賸餘,1090214,當選後與其公務有關之費用支出,台灣中油（股）油品行銷事業部台北營業處松山路加油站,01113299,0.00,620.00,,,,油資,金錢,,02-2*****,,,,,,,
8,許淑華,109年立法委員選舉,第一次賸餘,1090214,當選後與其公務有關之費用支出,藍海水族館,80982237,0.00,200.00,,,,雜項購置或修繕費用,金錢,,02-2*****,,,,,,,
9,許淑華,109年立法委員選舉,第一次賸餘,1090217,當選後與其公務有關之費用支出,社團法人中華音樂著作權協會,19330608,0.00,32500.00,,,,播送、傳送或刊登宣傳廣告支出,金錢,臺北市中山區****,02-2*****,,,,,,,
10,許淑華,109年立法委員選舉,第一次賸餘,1090218,當選後與其公務有關之費用支出,柔誠商行,31956583,0.00,125.00,,,,餐飲支出,金錢,,02-2*****,,,,,,,
11,許淑華,109年立法委員選舉,第一次賸餘,1090220,當選後與其公務有關之費用支出,台北信義郵局,,0.00,48.00,,,,郵寄競選物品或宣傳廣告支出,金錢,臺北市信義區****,02 2*****,,,,,,,
12,許淑華,109年立法委員選舉,第一次賸餘,1090225,當選後與其公務有關之費用支出,台北永春郵局,,0.00,64.00,,,,郵寄競選物品或宣傳廣告支出,金錢,臺北市信義區****,02-8*****,,,,,,,
13,許淑華,109年立法委員選舉,第一次賸餘,1090227,當選後與其公務有關之費用支出,世貿企業社,18410701,0.00,50.00,,,,刻章,金錢,,02-2*****,,,,,,,
14,許淑華,109年立法委員選舉,第一次賸餘,1090302,當選後與其公務有關之費用支出,勞保局,,0.00,13464.00,,,,勞保+勞退超支部分,金錢,臺北市中正區****,02-2*****,,,,,,,
15,許淑華,109年立法委員選舉,第一次賸餘,1090302,當選後與其公務有關之費用支出,健保局,,0.00,6491.00,,,,健保費超支部分,金錢,臺北市大安區****,02-2*****,,,,,,,
16,許淑華,109年立法委員選舉,第一次賸餘,1090303,當選後與其公務有關之費用支出,成毅書報社,73907494,0.00,1800.00,,,,書報雜誌費用,金錢,,02-2*****,,,,,,,
17,許淑華,109年立法委員選舉,第一次賸餘,1090305,當選後與其公務有關之費用支出,台北富邦銀行永春分行,,0.00,200.00,,,,申請對帳單手續費,金錢,臺北市信義區****,02-2*****,,,,,,,
18,許淑華,109年立法委員選舉,第一次賸餘,1090305,當選後與其公務有關之費用支出,台北富邦銀行永春分行,,0.00,200.00,,,,申請對帳單手續費,金錢,臺北市信義區****,02-2*****,,,,,,,
19,許淑華,109年立法委員選舉,第一次賸餘,1090305,當選後與其公務有關之費用支出,臺北自來水事業處,03774909,0.00,886.00,,,,水電瓦斯費用,金錢,,02-8*****,,,,,,,
20,許淑華,109年立法委員選舉,第一次賸餘,1090305,當選後與其公務有關之費用支出,大台北區瓦斯股份有限公司,11072304,0.00,340.00,,,,水電瓦斯費用,金錢,,2768*****,,,,,,,
21,許淑華,109年立法委員選舉,第一次賸餘,1090305,當選後與其公務有關之費用支出,季季欣鮮果專賣店,29244933,0.00,750.00,,,,餐飲支出,金錢,,02-2*****,,,,,,,
22,許淑華,109年立法委員選舉,第一次賸餘,1090305,當選後與其公務有關之費用支出,萊爾富國際股份有限公司北市信德分公司,80653755,0.00,50.00,,,,雜項購置或修繕費用,金錢,臺北市信義區****,,,,,,,,
23,許淑華,109年立法委員選舉,第一次賸餘,1090305,當選後與其公務有關之費用支出,中華電信股份有限公司,81691784,0.00,17.00,,,,電信費用,金錢,,0800*****,,,,,,,
24,許淑華,109年立法委員選舉,第一次賸餘,1090305,當選後與其公務有關之費用支出,中華電信股份有限公司,81691784,0.00,16.00,,,,電信費用,金錢,,0800*****,,,,,,,
25,許淑華,109年立法委員選舉,第一次賸餘,1090305,當選後與其公務有關之費用支出,中華電信股份有限公司,81691784,0.00,16.00,,,,電信費用,金錢,,0800*****,,,,,,,
26,許淑華,109年立法委員選舉,第一次賸餘,1090305,當選後與其公務有關之費用支出,中華電信股份有限公司,81691784,0.00,17.00,,,,電信費用,金錢,,0800*****,,,,,,,
27,許淑華,109年立法委員選舉,第一次賸餘,1090305,當選後與其公務有關之費用支出,中華電信股份有限公司,81691784,0.00,49.00,,,,電信費用,金錢,,0800*****,,,,,,,
28,許淑華,109年立法委員選舉,第一次賸餘,1090305,當選後與其公務有關之費用支出,中華電信股份有限公司,81691784,0.00,98.00,,,,電信費用,金錢,,0800*****,,,,,,,
29,許淑華,109年立法委員選舉,第一次賸餘,1090305,當選後與其公務有關之費用支出,中華電信股份有限公司,81691784,0.00,286.00,,,,電信費用,金錢,,0800*****,,,,,,,
30,許淑華,109年立法委員選舉,第一次賸餘,1090305,當選後與其公務有關之費用支出,中華電信股份有限公司,81691784,0.00,680.00,,,,電信費用,金錢,,0800*****,,,,,,,
31,許淑華,109年立法委員選舉,第一次賸餘,1090305,當選後與其公務有關之費用支出,中華電信股份有限公司,81691784,0.00,283.00,,,,電信費用,金錢,,0800*****,,,,,,,
32,許淑華,109年立法委員選舉,第一次賸餘,1090305,當選後與其公務有關之費用支出,黃銘祥,F10*******,0.00,24565.00,,,,工資或薪津,金錢,臺北市中正區****,0932*****,,,,,,,
33,許淑華,109年立法委員選舉,第一次賸餘,1090305,當選後與其公務有關之費用支出,李育凱,F12*******,0.00,4000.00,,,,工資或薪津,金錢,新北市板橋區****,0973*****,,,,,,,
34,許淑華,109年立法委員選舉,第一次賸餘,1090305,當選後與其公務有關之費用支出,張國武,K12*******,0.00,8861.00,,,,工資或薪津,金錢,臺北市大安區****,0933*****,,,,,,,
35,許淑華,109年立法委員選舉,第一次賸餘,1090306,當選後與其公務有關之費用支出,永春郵局,,0.00,130.00,,,,郵寄物品費用,金錢,臺北市信義區****,02 8*****,,,,,,,
36,許淑華,109年立法委員選舉,第一次賸餘,1090306,當選後與其公務有關之費用支出,英倫交通有限公司,03303422,0.00,2000.00,,,,搭乘交通工具支出,金錢,,02-2*****,,,,,,,
37,許淑華,109年立法委員選舉,第一次賸餘,1090306,當選後與其公務有關之費用支出,中華電信股份有限公司,81691784,0.00,822.00,,,,電信費用,金錢,,0800*****,,,,,,,
38,許淑華,109年立法委員選舉,第一次賸餘,1090310,當選後與其公務有關之費用支出,尉新科技事業有限公司,84906710,0.00,30000.00,,,,租用設備支出,金錢,臺北市萬華區****,02-2*****,,,,,,,
39,許淑華,109年立法委員選舉,第一次賸餘,1090312,當選後與其公務有關之費用支出,台北逸仙郵局,,0.00,51.00,,,,郵寄物品費用,金錢,臺北市信義區****,02 2*****,,,,,,,
40,許淑華,109年立法委員選舉,第一次賸餘,1090313,當選後與其公務有關之費用支出,中華電信股份有限公司,81691784,0.00,822.00,,,,電話網路費用,金錢,,0800*****,,,,,,,
41,許淑華,109年立法委員選舉,第一次賸餘,1090316,當選後與其公務有關之費用支出,國際名紳大廈管理委員會,,0.00,1065.00,,,,服務處大樓管理費,金錢,臺北市信義區****,02-2*****,,,,,,,
42,許淑華,109年立法委員選舉,第一次賸餘,1090316,當選後與其公務有關之費用支出,臺北自來水事業處,03774909,0.00,412.00,,,,水電瓦斯費用,金錢,,8733*****,,,,,,,
43,許淑華,109年立法委員選舉,第一次賸餘,1090319,當選後與其公務有關之費用支出,臺北永春郵局,,0.00,264.00,,,,郵寄物品費用,金錢,臺北市信義區****,02 8*****,,,,,,,
44,許淑華,109年立法委員選舉,第一次賸餘,1090319,當選後與其公務有關之費用支出,臺北永春郵局,,0.00,60.00,,,,郵寄物品費用,金錢,臺北市信義區****,02 8*****,,,,,,,
45,許淑華,109年立法委員選舉,第一次賸餘,1090320,當選後與其公務有關之費用支出,台北逸仙郵局,,0.00,88.00,,,,郵寄物品費用,金錢,臺北市信義區****,02 2*****,,,,,,,
46,許淑華,109年立法委員選舉,第一次賸餘,1090323,當選後與其公務有關之費用支出,匯聯會計師事務所,14915526,0.00,30000.00,,,,會計師簽證報告費,金錢,臺北市大安區****,02-2*****,,,,,,,
47,許淑華,109年立法委員選舉,第一次賸餘,1090325,當選後與其公務有關之費用支出,福俐有限公司,22167860,0.00,600.00,,,,文具用品費用,金錢,,02-2*****,,,,,,,
48,許淑華,109年立法委員選舉,第一次賸餘,1090325,當選後與其公務有關之費用支出,社團法人亞太音樂集體管理協會,72934711,0.00,1418.00,,,,權利金支出,金錢,,02-2*****,,,,,,,
49,許淑華,109年立法委員選舉,第一次賸餘,1090326,當選後與其公務有關之費用支出,臺北逸仙郵局,,0.00,88.00,,,,郵寄物品費用,金錢,臺北市信義區****,02 2*****,,,,,,,
50,許淑華,109年立法委員選舉,第一次賸餘,1090330,當選後與其公務有關之費用支出,名倫池上便當店,48707032,0.00,720.00,,,,餐飲支出,金錢,,02-2*****,,,,,,,
51,許淑華,109年立法委員選舉,第一次賸餘,1090406,當選後與其公務有關之費用支出,台灣電力公司,03765704,0.00,2158.00,,,,水電瓦斯費用,金錢,,1911*****,,,,,,,
52,許淑華,109年立法委員選舉,第一次賸餘,1090406,當選後與其公務有關之費用支出,中華電信股份有公司,81691784,0.00,1091.00,,,,電話網路費用,金錢,,0800*****,,,,,,,
53,許淑華,109年立法委員選舉,第一次賸餘,1090406,當選後與其公務有關之費用支出,中華電信股份有公司,81691784,0.00,376.00,,,,電話網路費用,金錢,,0800*****,,,,,,,
54,許淑華,109年立法委員選舉,第一次賸餘,1090406,當選後與其公務有關之費用支出,周子瀚,A12*******,0.00,33097.00,,,,工資或薪津,金錢,臺北市信義區****,0911*****,,,,,,,
55,許淑華,109年立法委員選舉,第一次賸餘,1090406,當選後與其公務有關之費用支出,黃銘祥,F10*******,0.00,25330.00,,,,工資或薪津,金錢,臺北市中正區****,0932*****,,,,,,,
56,許淑華,109年立法委員選舉,第一次賸餘,1090406,當選後與其公務有關之費用支出,李育凱,F12*******,0.00,2000.00,,,,工資或薪津,金錢,新北市板橋區****,0973*****,,,,,,,
57,許淑華,109年立法委員選舉,第一次賸餘,1090406,當選後與其公務有關之費用支出,張國武,K12*******,0.00,8861.00,,,,工資或薪津,金錢,臺北市大安區****,0933*****,,,,,,,
58,許淑華,109年立法委員選舉,第一次賸餘,1090409,當選後與其公務有關之費用支出,好芳鄰國際有限公司,55795334,0.00,45.00,,,,雜項購置或修繕費用,金錢,,0225*****,,,,,,,
59,許淑華,109年立法委員選舉,第一次賸餘,1090410,當選後與其公務有關之費用支出,提拉米蘇精緻蛋糕有限公司,28463255,0.00,500.00,,,,工資或薪津,金錢,,02-2*****,,,,,,,
60,許淑華,109年立法委員選舉,第一次賸餘,1090410,當選後與其公務有關之費用支出,中華電信股份有限公司,81691784,0.00,363.00,,,,電話網路費用,金錢,,0800*****,,,,,,,
61,許淑華,109年立法委員選舉,第一次賸餘,1090412,當選後與其公務有關之費用支出,台灣中油股份有限公司油品行銷事業台北營業處板橋民族路,34548648,0.00,631.00,,,,油資,金錢,,02 2*****,,,,,,,
62,許淑華,109年立法委員選舉,第一次賸餘,1090413,當選後與其公務有關之費用支出,鐵三企業社,42280720,0.00,1072.00,,,,餐飲費用,金錢,,02-8*****,,,,,,,
63,許淑華,109年立法委員選舉,第一次賸餘,1090416,當選後與其公務有關之費用支出,好芳鄰國際有限公司,55795334,0.00,45.00,,,,雜項購置或修繕費用,金錢,,2508*****,,,,,,,
64,許淑華,109年立法委員選舉,第一次賸餘,1090417,當選後與其公務有關之費用支出,計程車958-5G,,0.00,175.00,,,,搭乘短程運輸工具費用,金錢,,02-2*****,,,,,,,
65,許淑華,109年立法委員選舉,第一次賸餘,1090420,當選後與其公務有關之費用支出,鐵三企業社,42280720,0.00,650.00,,,,餐飲支出,金錢,,02-8*****,,,,,,,
66,許淑華,109年立法委員選舉,第一次賸餘,1090421,當選後與其公務有關之費用支出,台灣中油,01113299,0.00,480.00,,,,油資,金錢,,02-2*****,,,,,,,
67,許淑華,109年立法委員選舉,第一次賸餘,1090422,當選後與其公務有關之費用支出,全球商務科技,16042250,0.00,70.00,,,,快遞費,金錢,,4498*****,,,,,,,
68,許淑華,109年立法委員選舉,第一次賸餘,1090422,當選後與其公務有關之費用支出,統一超商股份有限公司聯電F門市部,24814809,0.00,226.00,,,,通行費,金錢,新北市板橋區****,,,,,,,,
69,許淑華,109年立法委員選舉,第一次賸餘,1090422,當選後與其公務有關之費用支出,中華電信,81691784,0.00,822.00,,,,電話網路費用,金錢,,0800*****,,,,,,,
70,許淑華,109年立法委員選舉,第一次賸餘,1090423,當選後與其公務有關之費用支出,好芳鄰國際有限公司,55795334,0.00,300.00,,,,雜項購置或修繕費用,金錢,,02-2*****,,,,,,,
71,許淑華,109年立法委員選舉,第一次賸餘,1090425,當選後與其公務有關之費用支出,台灣中油股份有限公司油品行銷事業部忠孝東路加油站,01113283,0.00,480.00,,,,油資,金錢,,02-2*****,,,,,,,
72,許淑華,109年立法委員選舉,第一次賸餘,1090428,當選後與其公務有關之費用支出,市府郵局,,0.00,264.00,,,,郵寄物品費用,金錢,臺北市信義區****,02 2*****,,,,,,,
73,許淑華,109年立法委員選舉,第一次賸餘,1090429,當選後與其公務有關之費用支出,好芳鄰國際有限公司,55795334,0.00,75.00,,,,雜項購置或修繕費用,金錢,,0225*****,,,,,,,
74,許淑華,109年立法委員選舉,第一次賸餘,1090430,當選後與其公務有關之費用支出,市府郵局,,0.00,88.00,,,,郵寄物品費用,金錢,臺北市信義區****,02 2*****,,,,,,,
75,許淑華,109年立法委員選舉,第一次賸餘,1090430,當選後與其公務有關之費用支出,逸仙郵局,,0.00,176.00,,,,郵寄物品費用,金錢,臺北市信義區****,02 2*****,,,,,,,
76,許淑華,109年立法委員選舉,第一次賸餘,1090430,當選後與其公務有關之費用支出,良傑派報社,30306696,0.00,2625.00,,,,製作宣傳廣告費用,金錢,,02-8*****,,,,,,,
77,許淑華,109年立法委員選舉,第一次賸餘,1090430,當選後與其公務有關之費用支出,林正雄,N12*******,0.00,12000.00,,,,母親節康乃馨一批,金錢,彰化縣田中鎮****,,,,,,,,
78,許淑華,109年立法委員選舉,第一次賸餘,1090501,當選後與其公務有關之費用支出,台灣中油股份有限公司油品行銷事業部忠孝東路加油站,01113299,0.00,470.00,,,,油資,金錢,,02-2*****,,,,,,,
79,許淑華,109年立法委員選舉,第一次賸餘,1090501,當選後與其公務有關之費用支出,洋基食品有限公司,23723252,0.00,500.00,,,,餐飲支出,金錢,,02-2*****,,,,,,,
80,許淑華,109年立法委員選舉,第一次賸餘,1090501,當選後與其公務有關之費用支出,靚青蔬果行,38581386,0.00,1200.00,,,,雜項購置費用,金錢,,0986*****,,,,,,,
81,許淑華,109年立法委員選舉,第一次賸餘,1090501,捐贈教育、文化、公益、慈善機構或團體支出,台北市立敦化國民中學學生家長會,48993648,0.00,7200.00,,,,捐贈教育、文化、公益、慈善機構或團體支出,金錢,臺北市松山區****,,,,,,,,
82,許淑華,109年立法委員選舉,第一次賸餘,1090501,當選後與其公務有關之費用支出,成毅書報社,73907494,0.00,900.00,,,,書報雜誌費用,金錢,,02-2*****,,,,,,,
83,許淑華,109年立法委員選舉,第一次賸餘,1090503,當選後與其公務有關之費用支出,勞保局,,0.00,16967.00,,,,勞保+勞退超支部分,金錢,臺北市中正區****,02-2*****,,,,,,,
84,許淑華,109年立法委員選舉,第一次賸餘,1090504,當選後與其公務有關之費用支出,孫家餐館,14333747,0.00,410.00,,,,餐飲支出,金錢,,02-2*****,,,,,,,
85,許淑華,109年立法委員選舉,第一次賸餘,1090505,當選後與其公務有關之費用支出,健保局,,0.00,8726.00,,,,健保費超支部分,金錢,臺北市大安區****,02-2*****,,,,,,,
86,許淑華,109年立法委員選舉,第一次賸餘,1090505,當選後與其公務有關之費用支出,臺北自來水事業處,03774909,0.00,971.00,,,,水電瓦斯費用,金錢,,8733*****,,,,,,,
87,許淑華,109年立法委員選舉,第一次賸餘,1090505,當選後與其公務有關之費用支出,恩典企業社,48871336,0.00,360.00,,,,餐飲費用,金錢,,02-2*****,,,,,,,
88,許淑華,109年立法委員選舉,第一次賸餘,1090505,當選後與其公務有關之費用支出,中華電信股份有限公司,81691784,0.00,831.00,,,,電信費用,金錢,,0800*****,,,,,,,
89,許淑華,109年立法委員選舉,第一次賸餘,1090505,當選後與其公務有關之費用支出,中華電信股份有限公司,81691784,0.00,318.00,,,,電信費用,金錢,,0800*****,,,,,,,
90,許淑華,109年立法委員選舉,第一次賸餘,1090505,當選後與其公務有關之費用支出,周子瀚,A12*******,0.00,36100.00,,,,工資或薪津,金錢,臺北市信義區****,0911*****,,,,,,,
91,許淑華,109年立法委員選舉,第一次賸餘,1090505,當選後與其公務有關之費用支出,黃銘祥,F10*******,0.00,21930.00,,,,工資或薪津,金錢,臺北市中正區****,0932*****,,,,,,,
92,許淑華,109年立法委員選舉,第一次賸餘,1090505,當選後與其公務有關之費用支出,李育凱,F12*******,0.00,2000.00,,,,工資或薪津,金錢,新北市板橋區****,0973*****,,,,,,,
93,許淑華,109年立法委員選舉,第一次賸餘,1090505,當選後與其公務有關之費用支出,張國武,K12*******,0.00,8861.00,,,,工資或薪津,金錢,臺北市大安區****,0933*****,,,,,,,
94,許淑華,109年立法委員選舉,第一次賸餘,1090506,當選後與其公務有關之費用支出,冠賀企業社,42494743,0.00,950.00,,,,餐飲支出,金錢,,02-2*****,,,,,,,
95,許淑華,109年立法委員選舉,第一次賸餘,1090506,當選後與其公務有關之費用支出,林正雄,N12*******,0.00,10200.00,,,,母親節康乃馨一批,金錢,彰化縣田中鎮****,,,,,,,,
96,許淑華,109年立法委員選舉,第一次賸餘,1090507,當選後與其公務有關之費用支出,台灣中油（股）油品行銷事業部台北營業處松山路加油站,01113299,0.00,460.00,,,,油資,金錢,,02-2*****,,,,,,,
97,許淑華,109年立法委員選舉,第一次賸餘,1090507,當選後與其公務有關之費用支出,三商家購股份有限公司信義虎林二分公司,53020119,0.00,433.00,,,,雜項購置費用,金錢,,02-2*****,,,,,,,
98,許淑華,109年立法委員選舉,第一次賸餘,1090507,當選後與其公務有關之費用支出,萊爾富國際股份有限公司北市信德分公司,80653755,0.00,80.00,,,,雜項購置或修繕費用,金錢,臺北市信義區****,,,,,,,,
99,許淑華,109年立法委員選舉,第一次賸餘,1090507,當選後與其公務有關之費用支出,惠康百貨股份有限公司通化分公司,84311979,0.00,93.00,,,,雜項購置或修繕費用,金錢,,02-2*****,,,,,,,
100,許淑華,109年立法委員選舉,第一次賸餘,1090510,當選後與其公務有關之費用支出,台灣中油股份有限公司,01802160,0.00,726.00,,,,油資,金錢,臺北市大安區****,,,,,,,,
101,許淑華,109年立法委員選舉,第一次賸餘,1090511,當選後與其公務有關之費用支出,好芳鄰國際有限公司,22795334,0.00,322.00,,,,雜項購置或修繕費用,金錢,,02-2*****,,,,,,,
102,許淑華,109年立法委員選舉,第一次賸餘,1090511,當選後與其公務有關之費用支出,富邦媒體科技股份有限公司,27365925,0.00,588.00,,,,雜項購置或修繕費用,金錢,,02-2*****,,,,,,,
103,許淑華,109年立法委員選舉,第一次賸餘,1090511,當選後與其公務有關之費用支出,好芳鄰國際有限公司,55795334,0.00,40.00,,,,購置物品費用,金錢,,02-2*****,,,,,,,
104,許淑華,109年立法委員選舉,第一次賸餘,1090512,當選後與其公務有關之費用支出,大台北區瓦斯股份有限公司,11072304,0.00,389.00,,,,水電瓦斯費用,金錢,,2767*****,,,,,,,
105,許淑華,109年立法委員選舉,第一次賸餘,1090512,當選後與其公務有關之費用支出,家福股份有限公司台北內湖分公司,27257881,0.00,1496.00,,,,雜項購置或修繕費用,金錢,臺北市內湖區****,,,,,,,,
106,許淑華,109年立法委員選舉,第一次賸餘,1090512,當選後與其公務有關之費用支出,家福股份有限公司台北內湖分公司,27257881,0.00,978.00,,,,雜項購置或修繕費用,金錢,臺北市內湖區****,,,,,,,,
107,許淑華,109年立法委員選舉,第一次賸餘,1090512,當選後與其公務有關之費用支出,萊爾富國際股份有限公司,80653755,0.00,108.00,,,,雜項購置或修繕費用,金錢,臺北市信義區****,,,,,,,,
108,許淑華,109年立法委員選舉,第一次賸餘,1090513,當選後與其公務有關之費用支出,大德汽車工程行,18552601,0.00,10000.00,,,,維修宣傳車輛支出,金錢,,02-2*****,,,,,,,
109,許淑華,109年立法委員選舉,第一次賸餘,1090513,當選後與其公務有關之費用支出,富邦媒體科技股份有限公司,27365925,0.00,468.00,,,,雜項購置或修繕費用,金錢,,02-2*****,,,,,,,
110,許淑華,109年立法委員選舉,第一次賸餘,1090513,當選後與其公務有關之費用支出,恩典企業社,48871336,0.00,500.00,,,,餐飲支出,金錢,,02-2*****,,,,,,,
111,許淑華,109年立法委員選舉,第一次賸餘,1090514,當選後與其公務有關之費用支出,台灣中油（股）油品行銷事業部台北營業處松山路加油站,01113299,0.00,510.00,,,,油資,金錢,,02-2*****,,,,,,,
112,許淑華,109年立法委員選舉,第一次賸餘,1090514,當選後與其公務有關之費用支出,三商家購股份有限公司信義崇德分公司,24811057,0.00,99.00,,,,餐飲支出,金錢,臺北市信義區****,02-2*****,,,,,,,
113,許淑華,109年立法委員選舉,第一次賸餘,1090514,當選後與其公務有關之費用支出,中華電信股份有限公司,81691784,0.00,383.00,,,,電信費用,金錢,,0800*****,,,,,,,
114,許淑華,109年立法委員選舉,第一次賸餘,1090515,當選後與其公務有關之費用支出,台北逸仙郵局,,0.00,28.00,,,,郵寄物品費用,金錢,臺北市信義區****,02 2*****,,,,,,,
115,許淑華,109年立法委員選舉,第一次賸餘,1090515,當選後與其公務有關之費用支出,金泰商行,17519719,0.00,520.00,,,,餐飲支出,金錢,,02-2*****,,,,,,,
116,許淑華,109年立法委員選舉,第一次賸餘,1090515,當選後與其公務有關之費用支出,薄雪萊國際有限公司,28938112,0.00,47500.00,,,,製作競選物品支出（礦泉水）,金錢,新北市板橋區****,02-2*****,,,,,,,
117,許淑華,109年立法委員選舉,第一次賸餘,1090515,當選後與其公務有關之費用支出,果和商行,48847809,0.00,500.00,,,,餐飲支出,金錢,,02-2*****,,,,,,,
118,許淑華,109年立法委員選舉,第一次賸餘,1090518,當選後與其公務有關之費用支出,安立小吃店,26255386,0.00,650.00,,,,餐飲支出,金錢,,02-2*****,,,,,,,
119,許淑華,109年立法委員選舉,第一次賸餘,1090518,當選後與其公務有關之費用支出,好芳鄰國際有限公司,55795334,0.00,90.00,,,,雜項購置費用,金錢,,02-2*****,,,,,,,
120,許淑華,109年立法委員選舉,第一次賸餘,1090519,當選後與其公務有關之費用支出,台灣中油（股）油品行銷事業部台北營業處光復北路加油站,01606343,0.00,500.00,,,,油資,金錢,,02-2*****,,,,,,,
121,許淑華,109年立法委員選舉,第一次賸餘,1090519,當選後與其公務有關之費用支出,品鮮食坊,42429032,0.00,600.00,,,,餐飲支出,金錢,,02-2*****,,,,,,,
122,許淑華,109年立法委員選舉,第一次賸餘,1090519,當選後與其公務有關之費用支出,遠百企業股份有限公司忠孝分公司,70813178,0.00,99.00,,,,雜項購置或修繕費用,金錢,,02-2*****,,,,,,,
123,許淑華,109年立法委員選舉,第一次賸餘,1090521,當選後與其公務有關之費用支出,台灣中油（股）油品行銷事業部台北營業處松山路加油站,01113299,0.00,1100.00,,,,油資,金錢,,02-2*****,,,,,,,
124,許淑華,109年立法委員選舉,第一次賸餘,1090521,當選後與其公務有關之費用支出,好芳鄰國際有限公司,55795334,0.00,154.00,,,,雜項購置或修繕費用,金錢,,02-2*****,,,,,,,
125,許淑華,109年立法委員選舉,第一次賸餘,1090522,當選後與其公務有關之費用支出,臺北永春郵局,,0.00,28.00,,,,郵寄物品費用,金錢,臺北市信義區****,02-8*****,,,,,,,
126,許淑華,109年立法委員選舉,第一次賸餘,1090522,當選後與其公務有關之費用支出,台灣中油股份有限公司油品行銷事業部忠孝東路加油站,01113283,0.00,530.00,,,,油資,金錢,,02-2*****,,,,,,,
127,許淑華,109年立法委員選舉,第一次賸餘,1090522,當選後與其公務有關之費用支出,三商家購股份有限公司信義虎林二分公司,53020119,0.00,55.00,,,,雜項購置或修繕費用,金錢,,02-2*****,,,,,,,
128,許淑華,109年立法委員選舉,第一次賸餘,1090524,當選後與其公務有關之費用支出,統一超商股份有限公司台北市第二八二分公司,28428455,0.00,95.00,,,,雜項購置或修繕費用,金錢,臺北市松山區****,,,,,,,,
129,許淑華,109年立法委員選舉,第一次賸餘,1090524,當選後與其公務有關之費用支出,寶樂咩海苔飯捲,42386435,0.00,3600.00,,,,餐飲支出,金錢,,0909*****,,,,,,,
130,許淑華,109年立法委員選舉,第一次賸餘,1090524,當選後與其公務有關之費用支出,東松食品行,78061241,0.00,1800.00,,,,餐飲支出,金錢,臺北市信義區****,,,,,,,,
131,許淑華,109年立法委員選舉,第一次賸餘,1090524,當選後與其公務有關之費用支出,鄭豐翔,A12*******,0.00,1300.00,,,,工資或薪津,金錢,臺北市北投區****,0908*****,,,,,,,
132,許淑華,109年立法委員選舉,第一次賸餘,1090524,當選後與其公務有關之費用支出,陳姿妤,F23*******,0.00,1300.00,,,,工資或薪津,金錢,新北市中和區****,0972*****,,,,,,,
133,許淑華,109年立法委員選舉,第一次賸餘,1090524,當選後與其公務有關之費用支出,劉珈圻,H22*******,0.00,1300.00,,,,工資或薪津,金錢,桃園市中壢區****,0937*****,,,,,,,
134,許淑華,109年立法委員選舉,第一次賸餘,1090524,當選後與其公務有關之費用支出,李文博,K12*******,0.00,1300.00,,,,工資或薪津,金錢,新竹市湖口鄉****,0910*****,,,,,,,
135,許淑華,109年立法委員選舉,第一次賸餘,1090525,當選後與其公務有關之費用支出,國際名紳大廈管理委員會,,0.00,1065.00,,,,服務處大樓管理費,金錢,臺北市信義區****,02-2*****,,,,,,,
136,許淑華,109年立法委員選舉,第一次賸餘,1090525,當選後與其公務有關之費用支出,大德汽車工程行,18552601,0.00,10000.00,,,,維修宣傳車輛支出,金錢,,02-2*****,,,,,,,
137,許淑華,109年立法委員選舉,第一次賸餘,1090525,當選後與其公務有關之費用支出,安立小吃店,26255386,0.00,813.00,,,,餐飲支出,金錢,,02-2*****,,,,,,,
138,許淑華,109年立法委員選舉,第一次賸餘,1090525,當選後與其公務有關之費用支出,中華電信股份有限公司,81691784,0.00,822.00,,,,電信費用,金錢,,0800*****,,,,,,,
139,許淑華,109年立法委員選舉,第一次賸餘,1090526,當選後與其公務有關之費用支出,寶雅國際股份有限公司忠孝永春分公司,51366804,0.00,471.00,,,,雜項購置或修繕費用,金錢,臺北市信義區****,,,,,,,,
140,許淑華,109年立法委員選舉,第一次賸餘,1090528,當選後與其公務有關之費用支出,羿菁海洋生物有限公司,28853991,0.00,600.00,,,,雜項購置或修繕費用,金錢,,02-2*****,,,,,,,
141,許淑華,109年立法委員選舉,第一次賸餘,1090529,當選後與其公務有關之費用支出,台灣中油股份有限公司油品行銷事業部忠孝東路加油站,01113283,0.00,560.00,,,,油資,金錢,臺北市信義區****,02-2*****,,,,,,,
142,許淑華,109年立法委員選舉,第一次賸餘,1090529,當選後與其公務有關之費用支出,台灣中油（股）油品行銷事業部台北營業處松山路加油站,01113299,0.00,1010.00,,,,油資,金錢,臺北市信義區****,02-2*****,,,,,,,
143,許淑華,109年立法委員選舉,第一次賸餘,1090529,當選後與其公務有關之費用支出,聞明堂食品股份有限公司,84926574,0.00,560.00,,,,餐飲支出,金錢,,02-2*****,,,,,,,
144,許淑華,109年立法委員選舉,第一次賸餘,1090601,當選後與其公務有關之費用支出,台灣電力公司,03765704,0.00,1786.00,,,,水電瓦斯費用,金錢,,1911*****,,,,,,,
145,許淑華,109年立法委員選舉,第一次賸餘,1090601,當選後與其公務有關之費用支出,中華電信股份有限公司,81691784,0.00,275.00,,,,電信費用,金錢,,0800*****,,,,,,,
146,許淑華,109年立法委員選舉,第一次賸餘,1090601,當選後與其公務有關之費用支出,中華電信股份有限公司,81691784,0.00,651.00,,,,電信費用,金錢,,0800*****,,,,,,,
147,許淑華,109年立法委員選舉,第一次賸餘,1090602,當選後與其公務有關之費用支出,洋基食品有限公司,23723252,0.00,500.00,,,,餐飲支出,金錢,,02-2*****,,,,,,,
148,許淑華,109年立法委員選舉,第一次賸餘,1090603,當選後與其公務有關之費用支出,品鮮食坊,42429032,0.00,200.00,,,,餐飲支出,金錢,,02-2*****,,,,,,,
149,許淑華,109年立法委員選舉,第一次賸餘,1090604,當選後與其公務有關之費用支出,孫家餐館,,0.00,1056.00,,,,郵寄物品費用,金錢,臺北市信義區****,02 2*****,,,,,,,
150,許淑華,109年立法委員選舉,第一次賸餘,1090604,當選後與其公務有關之費用支出,台灣中油,77144976,0.00,620.00,,,,油資,金錢,,02-2*****,,,,,,,
151,許淑華,109年立法委員選舉,第一次賸餘,1090604,當選後與其公務有關之費用支出,中華電信股份有限公司,81691784,0.00,548.00,,,,電信費用,金錢,,0800*****,,,,,,,
152,許淑華,109年立法委員選舉,第一次賸餘,1090605,當選後與其公務有關之費用支出,台北永春郵局,,0.00,84.00,,,,郵寄物品費用,金錢,臺北市信義區****,02 8*****,,,,,,,
153,許淑華,109年立法委員選舉,第一次賸餘,1090605,當選後與其公務有關之費用支出,台灣中油,01113299,0.00,1070.00,,,,油資,金錢,,02-2*****,,,,,,,
154,許淑華,109年立法委員選舉,第一次賸餘,1090605,當選後與其公務有關之費用支出,忠佳洋行,14312356,0.00,460.00,,,,餐飲支出,金錢,,02-2*****,,,,,,,
155,許淑華,109年立法委員選舉,第一次賸餘,1090605,當選後與其公務有關之費用支出,萊爾富國際股份有限公司北市信德分公司,80653755,0.00,85.00,,,,雜項購置或修繕費用,金錢,臺北市信義區****,,,,,,,,
156,許淑華,109年立法委員選舉,第一次賸餘,1090605,當選後與其公務有關之費用支出,周子瀚,A12*******,0.00,33788.00,,,,工資或薪津,金錢,臺北市信義區****,0911*****,,,,,,,
157,許淑華,109年立法委員選舉,第一次賸餘,1090605,當選後與其公務有關之費用支出,黃銘祥,F10*******,0.00,26130.00,,,,工資或薪津,金錢,臺北市中正區****,0932*****,,,,,,,
158,許淑華,109年立法委員選舉,第一次賸餘,1090605,當選後與其公務有關之費用支出,李育凱,F12*******,0.00,2000.00,,,,工資或薪津,金錢,新北市板橋區****,0973*****,,,,,,,
159,許淑華,109年立法委員選舉,第一次賸餘,1090605,當選後與其公務有關之費用支出,張國武,K12*******,0.00,8861.00,,,,工資或薪津,金錢,臺北市大安區****,0933*****,,,,,,,
160,許淑華,109年立法委員選舉,第一次賸餘,1090609,當選後與其公務有關之費用支出,正時商行,01597647,0.00,50.00,,,,雜項購置或修繕費用,金錢,,02-2*****,,,,,,,
161,許淑華,109年立法委員選舉,第一次賸餘,1090609,當選後與其公務有關之費用支出,台灣中油（股）油品行銷事業部台北營業處光復北路加油站,01606343,0.00,540.00,,,,油資,金錢,,02-2*****,,,,,,,
162,許淑華,109年立法委員選舉,第一次賸餘,1090609,當選後與其公務有關之費用支出,品鮮食坊,42429032,0.00,860.00,,,,餐飲支出,金錢,,02-2*****,,,,,,,
163,許淑華,109年立法委員選舉,第一次賸餘,1090610,當選後與其公務有關之費用支出,台北逸仙郵局,,0.00,40.00,,,,郵寄物品費用,金錢,臺北市信義區****,02 2*****,,,,,,,
164,許淑華,109年立法委員選舉,第一次賸餘,1090611,當選後與其公務有關之費用支出,台北永春郵局,,0.00,84.00,,,,郵寄物品費用,金錢,臺北市信義區****,02 8*****,,,,,,,
165,許淑華,109年立法委員選舉,第一次賸餘,1090611,當選後與其公務有關之費用支出,國際名紳大廈管理委員會,,0.00,2130.00,,,,服務處-管理費,金錢,臺北市信義區****,02-2*****,,,,,,,
166,許淑華,109年立法委員選舉,第一次賸餘,1090611,當選後與其公務有關之費用支出,孫家餐館,14333747,0.00,500.00,,,,租用設備支出,金錢,,02-2*****,,,,,,,
167,許淑華,109年立法委員選舉,第一次賸餘,1090611,當選後與其公務有關之費用支出,泰可聯合國際事業有限公司,23607253,0.00,48300.00,,,,製作宣傳廣告支出,金錢,臺北市大安區****,02-2*****,,,,,,,
168,許淑華,109年立法委員選舉,第一次賸餘,1090612,當選後與其公務有關之費用支出,台灣中油股份有限公司油品行銷事業部忠孝東路加油站,01113283,0.00,600.00,,,,油資,金錢,,02-2*****,,,,,,,
169,許淑華,109年立法委員選舉,第一次賸餘,1090612,當選後與其公務有關之費用支出,惠康百貨股份有限公司松德分公司,70758885,0.00,99.00,,,,雜項購置或修繕費用,金錢,,02-2*****,,,,,,,
170,許淑華,109年立法委員選舉,第一次賸餘,1090613,當選後與其公務有關之費用支出,台灣中油股份有限公司油品行銷事業部台北營業處中崙加油,01317131,0.00,767.00,,,,油資,金錢,臺北市中山區****,,,,,,,,
171,許淑華,109年立法委員選舉,第一次賸餘,1090613,當選後與其公務有關之費用支出,天愛咖啡廳,72979759,0.00,240.00,,,,餐飲支出,金錢,,02-2*****,,,,,,,
172,許淑華,109年立法委員選舉,第一次賸餘,1090617,當選後與其公務有關之費用支出,台北永春郵局,,0.00,28.00,,,,郵寄物品費用,金錢,臺北市信義區****,02 8*****,,,,,,,
173,許淑華,109年立法委員選舉,第一次賸餘,1090618,當選後與其公務有關之費用支出,台灣中油股份有限公司油品行銷事業部忠孝東路加油站.,01113283,0.00,580.00,,,,油資,金錢,,02-2*****,,,,,,,
174,許淑華,109年立法委員選舉,第一次賸餘,1090619,當選後與其公務有關之費用支出,台北永春郵局,,0.00,28.00,,,,郵寄物品費用,金錢,臺北市信義區****,02 8*****,,,,,,,
175,許淑華,109年立法委員選舉,第一次賸餘,1090619,當選後與其公務有關之費用支出,台灣中油（股）油品行銷事業部台北營業處松山路加油站,01113299,0.00,1150.00,,,,油資,金錢,臺北市信義區****,,,,,,,,
176,許淑華,109年立法委員選舉,第一次賸餘,1090620,當選後與其公務有關之費用支出,台北農產運銷(股)公司,04550147,0.00,30.00,,,,停車費,金錢,,02-2*****,,,,,,,
177,許淑華,109年立法委員選舉,第一次賸餘,1090622,當選後與其公務有關之費用支出,台灣中油（股）油品行銷事業部台北營業處光復北路加油站,01606343,0.00,717.00,,,,油資,金錢,臺北市松山區****,,,,,,,,
178,許淑華,109年立法委員選舉,第一次賸餘,1090622,當選後與其公務有關之費用支出,安立小吃店,26255386,0.00,900.00,,,,餐飲支出,金錢,,02-2*****,,,,,,,
179,許淑華,109年立法委員選舉,第一次賸餘,1090622,當選後與其公務有關之費用支出,珈美便當,42350437,0.00,80.00,,,,餐飲支出,金錢,,02-8*****,,,,,,,
180,許淑華,109年立法委員選舉,第一次賸餘,1090623,當選後與其公務有關之費用支出,台灣中油股份有限公司油品行銷事業部忠孝東路加油站.,01113283,0.00,620.00,,,,油資,金錢,臺北市信義區****,02-2*****,,,,,,,
181,許淑華,109年立法委員選舉,第一次賸餘,1090624,當選後與其公務有關之費用支出,臺北自來水事業處,03774909,0.00,138.00,,,,水電瓦斯費用,金錢,,8733*****,,,,,,,
182,許淑華,109年立法委員選舉,第一次賸餘,1090624,當選後與其公務有關之費用支出,安立小吃店,26255386,0.00,520.00,,,,餐飲支出,金錢,,02-2*****,,,,,,,
183,許淑華,109年立法委員選舉,第一次賸餘,1090624,當選後與其公務有關之費用支出,中華電信股份有限公司,81691784,0.00,822.00,,,,電信費用,金錢,,0800*****,,,,,,,
184,許淑華,109年立法委員選舉,第一次賸餘,1090630,當選後與其公務有關之費用支出,台北永春郵局,,0.00,64.00,,,,郵寄物品費用,金錢,臺北市信義區****,02 8*****,,,,,,,
185,許淑華,109年立法委員選舉,第一次賸餘,1090701,當選後與其公務有關之費用支出,台北松山郵局,,0.00,28.00,,,,郵寄物品費用,金錢,臺北市松山區****,02 2*****,,,,,,,
186,許淑華,109年立法委員選舉,第一次賸餘,1090701,當選後與其公務有關之費用支出,成毅書報社,73907494,0.00,1500.00,,,,書報雜誌費用,金錢,,02-2*****,,,,,,,
187,許淑華,109年立法委員選舉,第一次賸餘,1090702,當選後與其公務有關之費用支出,台北逸仙郵局,,0.00,1062.00,,,,郵寄物品費用,金錢,臺北市信義區****,02 2*****,,,,,,,
188,許淑華,109年立法委員選舉,第一次賸餘,1090702,當選後與其公務有關之費用支出,台北富邦銀行,,0.00,30.00,,,,匯款手續費,金錢,臺北市信義區****,02 2*****,,,,,,,
189,許淑華,109年立法委員選舉,第一次賸餘,1090702,當選後與其公務有關之費用支出,台灣中油股份有限公司油品行銷事業部忠孝東路加油站,01113283,0.00,560.00,,,,油資,金錢,,02-2*****,,,,,,,
190,許淑華,109年立法委員選舉,第一次賸餘,1090702,當選後與其公務有關之費用支出,台灣中油（股）油品行銷事業部台北營業處松山路加油站,01113299,0.00,651.00,,,,油資,金錢,臺北市信義區****,,,,,,,,
191,許淑華,109年立法委員選舉,第一次賸餘,1090702,當選後與其公務有關之費用支出,台灣中油（股）油品行銷事業部台北營業處松山路加油站,01113299,0.00,1090.00,,,,油資,金錢,臺北市信義區****,,,,,,,,
192,許淑華,109年立法委員選舉,第一次賸餘,1090702,當選後與其公務有關之費用支出,提拉米蘇精緻蛋糕有限公司復興分公司,28463255,0.00,1000.00,,,,餐飲支出,金錢,,02-2*****,,,,,,,
193,許淑華,109年立法委員選舉,第一次賸餘,1090702,當選後與其公務有關之費用支出,中華電信股份有限公司,81691784,0.00,43.00,,,,電信費用,金錢,,0800*****,,,,,,,
194,許淑華,109年立法委員選舉,第一次賸餘,1090702,當選後與其公務有關之費用支出,中華電信股份有限公司,81691784,0.00,315.00,,,,電信費用,金錢,,0800*****,,,,,,,
195,許淑華,109年立法委員選舉,第一次賸餘,1090702,當選後與其公務有關之費用支出,中華電信股份有限公司,81691784,0.00,1997.00,,,,電信費用,金錢,,0800*****,,,,,,,
196,許淑華,109年立法委員選舉,第一次賸餘,1090702,當選後與其公務有關之費用支出,周子瀚,A12*******,0.00,34696.00,,,,工資或薪津,金錢,臺北市信義區****,0911*****,,,,,,,
197,許淑華,109年立法委員選舉,第一次賸餘,1090702,當選後與其公務有關之費用支出,黃銘祥,F10*******,0.00,21565.00,,,,工資或薪津,金錢,臺北市中正區****,0932*****,,,,,,,
198,許淑華,109年立法委員選舉,第一次賸餘,1090702,當選後與其公務有關之費用支出,李育凱,F12*******,0.00,2000.00,,,,工資或薪津,金錢,新北市板橋區****,0973*****,,,,,,,
199,許淑華,109年立法委員選舉,第一次賸餘,1090702,當選後與其公務有關之費用支出,張國武,K12*******,0.00,8861.00,,,,工資或薪津,金錢,臺北市大安區****,0933*****,,,,,,,
200,許淑華,109年立法委員選舉,第一次賸餘,1090703,當選後與其公務有關之費用支出,統一超商股份有限公司,80339004,0.00,1980.00,,,,餐飲支出,金錢,,(08)*****,,,,,,,
201,許淑華,109年立法委員選舉,第一次賸餘,1090708,當選後與其公務有關之費用支出,周記北平餡餅粥,14718546,0.00,1130.00,,,,餐飲支出,金錢,,02-2*****,,,,,,,
202,許淑華,109年立法委員選舉,第一次賸餘,1090709,當選後與其公務有關之費用支出,台灣中油股份有限公司,01113299,0.00,650.00,,,,油資,金錢,,02-2*****,,,,,,,
203,許淑華,109年立法委員選舉,第一次賸餘,1090710,當選後與其公務有關之費用支出,國際名紳管理委員會,,0.00,1065.00,,,,服務處管理費,金錢,臺北市信義區****,02-2*****,,,,,,,
204,許淑華,109年立法委員選舉,第一次賸餘,1090710,當選後與其公務有關之費用支出,萊爾富國際股份有限公司,23285582,0.00,8.00,,,,雜項購置或修繕費用,金錢,,0800*****,,,,,,,
205,許淑華,109年立法委員選舉,第一次賸餘,1090710,當選後與其公務有關之費用支出,萊爾富國際股份有限公司,23285582,0.00,8.00,,,,雜項購置或修繕費用,金錢,,0800*****,,,,,,,
206,許淑華,109年立法委員選舉,第一次賸餘,1090710,當選後與其公務有關之費用支出,萊爾富國際股份有限公司,23285582,0.00,8.00,,,,雜項購置或修繕費用,金錢,,0800*****,,,,,,,
207,許淑華,109年立法委員選舉,第一次賸餘,1090710,當選後與其公務有關之費用支出,中華電信股份有限公司,81691784,0.00,473.00,,,,電信費用,金錢,,0800*****,,,,,,,
208,許淑華,109年立法委員選舉,第一次賸餘,1090711,當選後與其公務有關之費用支出,歐特儀股份有限公司,82279930,0.00,30.00,,,,停車費,金錢,,2705*****,,,,,,,
209,許淑華,109年立法委員選舉,第一次賸餘,1090712,當選後與其公務有關之費用支出,台灣中油股份有限公司油品行銷事業台北營業處板橋民族路,34548648,0.00,802.00,,,,油資,金錢,新北市板橋區****,,,,,,,,
210,許淑華,109年立法委員選舉,第一次賸餘,1090713,當選後與其公務有關之費用支出,福俐有限公司,22167860,0.00,1100.00,,,,製作競選物品支出（名片）,金錢,,02 2*****,,,,,,,
211,許淑華,109年立法委員選舉,第一次賸餘,1090714,當選後與其公務有關之費用支出,台灣中油股份有限公司,01113299,0.00,620.00,,,,油資,金錢,,02-2*****,,,,,,,
212,許淑華,109年立法委員選舉,第一次賸餘,1090714,當選後與其公務有關之費用支出,台灣中油股份公司油品行銷事業部台北營業處信義路加油站,01802160,0.00,1266.00,,,,油資,金錢,臺北市大安區****,,,,,,,,
213,許淑華,109年立法委員選舉,第一次賸餘,1090714,當選後與其公務有關之費用支出,三商家購股份有限公司信義虎林二分公司,53020119,0.00,115.00,,,,雜項購置或修繕費用,金錢,,02-2*****,,,,,,,
214,許淑華,109年立法委員選舉,第一次賸餘,1090715,當選後與其公務有關之費用支出,公園餡餅粥小吃店,17255385,0.00,350.00,,,,餐飲支出,金錢,,02-2*****,,,,,,,
215,許淑華,109年立法委員選舉,第一次賸餘,1090716,當選後與其公務有關之費用支出,台北市區監理所,,0.00,4770.00,,,,宣傳車輛燃料支出,金錢,臺北市松山區****,02-2*****,,,,,,,
216,許淑華,109年立法委員選舉,第一次賸餘,1090717,當選後與其公務有關之費用支出,台灣中油股份有限公司油品行銷事業部忠孝東路加油站,01113283,0.00,680.00,,,,油資,金錢,,02-2*****,,,,,,,
217,許淑華,109年立法委員選舉,第一次賸餘,1090718,當選後與其公務有關之費用支出,全聯實業股份有限公司六合分公司,28974910,0.00,608.00,,,,雜項購置或修繕費用,金錢,,02-2*****,,,,,,,
218,許淑華,109年立法委員選舉,第一次賸餘,1090722,當選後與其公務有關之費用支出,中華電信股份有限公司,81691784,0.00,3371.00,,,,電信費用,金錢,,0800*****,,,,,,,
219,許淑華,109年立法委員選舉,第一次賸餘,1090722,當選後與其公務有關之費用支出,廣學印刷品事業有限公司,89541444,0.00,48300.00,,,,製作競選物品支出（扇子）,金錢,新北市中和區****,02-2*****,,,,,,,
220,許淑華,109年立法委員選舉,第一次賸餘,1090723,當選後與其公務有關之費用支出,台灣中油 松山路直營站,01113299,0.00,600.00,,,,油資,金錢,,02-2*****,,,,,,,
221,許淑華,109年立法委員選舉,第一次賸餘,1090723,當選後與其公務有關之費用支出,雲軒商行,48967260,0.00,500.00,,,,餐飲支出,金錢,,02 2*****,,,,,,,
222,許淑華,109年立法委員選舉,第一次賸餘,1090726,當選後與其公務有關之費用支出,台灣中油股份有限公司,01802160,0.00,1077.00,,,,油資,金錢,臺北市大安區****,,,,,,,,
223,許淑華,109年立法委員選舉,第一次賸餘,1090728,當選後與其公務有關之費用支出,台灣中油股份有限公司,01113299,0.00,650.00,,,,油資,金錢,,02-2*****,,,,,,,
224,許淑華,109年立法委員選舉,第一次賸餘,1090728,當選後與其公務有關之費用支出,薄雪萊國際有限公司,28938112,0.00,47500.00,,,,製作競選物品支出（礦泉水）,金錢,新北市板橋區****,02-2*****,,,,,,,
225,許淑華,109年立法委員選舉,第一次賸餘,1090728,當選後與其公務有關之費用支出,品鮮食坊,42429032,0.00,700.00,,,,餐飲支出,金錢,,02-2*****,,,,,,,
226,許淑華,109年立法委員選舉,第一次賸餘,1090730,當選後與其公務有關之費用支出,全聯實業股份有限公司大安永康分公司,28996415,0.00,165.00,,,,雜項購置或修繕費用,金錢,臺北市大安區****,,,,,,,,
227,許淑華,109年立法委員選舉,第一次賸餘,1090731,當選後與其公務有關之費用支出,台北松德郵局,,0.00,1242.00,,,,郵寄生日卡,金錢,臺北市信義區****,02 2*****,,,,,,,
228,許淑華,109年立法委員選舉,第一次賸餘,1090731,當選後與其公務有關之費用支出,台北富邦銀行,,0.00,30.00,,,,匯款手續費,金錢,臺北市信義區****,02 2*****,,,,,,,
229,許淑華,109年立法委員選舉,第一次賸餘,1090731,當選後與其公務有關之費用支出,復興大餅店,42370004,0.00,850.00,,,,餐飲支出,金錢,,02-2*****,,,,,,,
230,許淑華,109年立法委員選舉,第一次賸餘,1090731,當選後與其公務有關之費用支出,恩典企業社,48871336,0.00,420.00,,,,餐飲支出,金錢,臺北市信義區****,,,,,,,,
231,許淑華,109年立法委員選舉,第一次賸餘,1090801,當選後與其公務有關之費用支出,台灣中油股份有限公司,01317131,0.00,828.00,,,,油資,金錢,臺北市中山區****,,,,,,,,
232,許淑華,109年立法委員選舉,第一次賸餘,1090804,當選後與其公務有關之費用支出,台灣中油股份有限公司,01113283,0.00,670.00,,,,油資,金錢,,02-2*****,,,,,,,
233,許淑華,109年立法委員選舉,第一次賸餘,1090804,當選後與其公務有關之費用支出,台灣中油股份有限公司,01802160,0.00,1125.00,,,,油資,金錢,臺北市大安區****,,,,,,,,
234,許淑華,109年立法委員選舉,第一次賸餘,1090804,當選後與其公務有關之費用支出,八方雲集餐飲股份有限公司御廚永春店,77066036,0.00,220.00,,,,餐飲支出,金錢,臺北市信義區****,,,,,,,,
235,許淑華,109年立法委員選舉,第一次賸餘,1090805,當選後與其公務有關之費用支出,台灣電力公司,03765704,0.00,7299.00,,,,水電瓦斯費用,金錢,臺北市松山區****,1911*****,,,,,,,
236,許淑華,109年立法委員選舉,第一次賸餘,1090805,當選後與其公務有關之費用支出,彩苑科技有限公司,53911055,0.00,1650.00,,,,雜項購置或修繕費用,金錢,臺北市中山區****,02-2*****,,,,,,,
237,許淑華,109年立法委員選舉,第一次賸餘,1090805,當選後與其公務有關之費用支出,中華電信股份有限公司,81691784,0.00,314.00,,,,電信費用,金錢,,0800*****,,,,,,,
238,許淑華,109年立法委員選舉,第一次賸餘,1090805,當選後與其公務有關之費用支出,中華電信股份有限公司,81691784,0.00,2300.00,,,,電信費用,金錢,,0800*****,,,,,,,
239,許淑華,109年立法委員選舉,第一次賸餘,1090805,當選後與其公務有關之費用支出,中華電信股份有限公司,81691784,0.00,343.00,,,,電信費用,金錢,,0800*****,,,,,,,
240,許淑華,109年立法委員選舉,第一次賸餘,1090805,當選後與其公務有關之費用支出,周子瀚,A12*******,0.00,36596.00,,,,工資或薪津,金錢,臺北市信義區****,0911*****,,,,,,,
241,許淑華,109年立法委員選舉,第一次賸餘,1090805,當選後與其公務有關之費用支出,黃銘祥,F10*******,0.00,25390.00,,,,工資或薪津,金錢,臺北市中正區****,0932*****,,,,,,,
242,許淑華,109年立法委員選舉,第一次賸餘,1090805,當選後與其公務有關之費用支出,李育凱,F12*******,0.00,2000.00,,,,工資或薪津,金錢,新北市板橋區****,0973*****,,,,,,,
243,許淑華,109年立法委員選舉,第一次賸餘,1090805,當選後與其公務有關之費用支出,張國武,K12*******,0.00,8861.00,,,,工資或薪津,金錢,臺北市大安區****,0933*****,,,,,,,
244,許淑華,109年立法委員選舉,第一次賸餘,1090806,當選後與其公務有關之費用支出,台灣中油股份有限公司,01113299,0.00,600.00,,,,油資,金錢,臺北市信義區****,02-2*****,,,,,,,
245,許淑華,109年立法委員選舉,第一次賸餘,1090806,當選後與其公務有關之費用支出,安立小吃店,26255386,0.00,420.00,,,,餐飲支出,金錢,,2759*****,,,,,,,
246,許淑華,109年立法委員選舉,第一次賸餘,1090807,當選後與其公務有關之費用支出,安立小吃店,26255386,0.00,400.00,,,,餐飲支出,金錢,,2759*****,,,,,,,
247,許淑華,109年立法委員選舉,第一次賸餘,1090808,當選後與其公務有關之費用支出,台灣中油（股）油品行銷事業部台北營業處松山路加油站,01113299,0.00,1100.00,,,,油資,金錢,,02-2*****,,,,,,,
248,許淑華,109年立法委員選舉,第一次賸餘,1090809,當選後與其公務有關之費用支出,仁宗企業有限公司,97480167,0.00,867.00,,,,油資,金錢,宜蘭縣礁溪鄉****,,,,,,,,
249,許淑華,109年立法委員選舉,第一次賸餘,1090810,當選後與其公務有關之費用支出,台北永春郵局,,0.00,28.00,,,,郵寄物品費用,金錢,臺北市信義區****,02 8*****,,,,,,,
250,許淑華,109年立法委員選舉,第一次賸餘,1090810,當選後與其公務有關之費用支出,台北松德郵局,,0.00,16.00,,,,郵寄物品費用,金錢,臺北市信義區****,02 2*****,,,,,,,
251,許淑華,109年立法委員選舉,第一次賸餘,1090810,當選後與其公務有關之費用支出,阿默企業有限公司復興門市,72938293,0.00,640.00,,,,餐飲支出,金錢,,02-2*****,,,,,,,
252,許淑華,109年立法委員選舉,第一次賸餘,1090810,當選後與其公務有關之費用支出,新榮富水果行,78060587,0.00,600.00,,,,雜項購置或修繕費用,金錢,,02-2*****,,,,,,,
253,許淑華,109年立法委員選舉,第一次賸餘,1090811,當選後與其公務有關之費用支出,國際名紳大廈管理委員會,,0.00,1065.00,,,,服務處大樓管理費,金錢,臺北市信義區****,02-2*****,,,,,,,
254,許淑華,109年立法委員選舉,第一次賸餘,1090811,當選後與其公務有關之費用支出,台灣中油股份有限公司,01113283,0.00,560.00,,,,油資,金錢,,02-2*****,,,,,,,
255,許淑華,109年立法委員選舉,第一次賸餘,1090812,當選後與其公務有關之費用支出,洋基食品有限公司,23723252,0.00,450.00,,,,餐飲支出,金錢,,02-2*****,,,,,,,
256,許淑華,109年立法委員選舉,第一次賸餘,1090814,當選後與其公務有關之費用支出,灣中油（股）油品行銷事業部,01606343,0.00,650.00,,,,油資,金錢,,02-2*****,,,,,,,
257,許淑華,109年立法委員選舉,第一次賸餘,1090814,當選後與其公務有關之費用支出,台灣中油股份公司,01802160,0.00,1021.00,,,,油資,金錢,臺北市大安區****,,,,,,,,
258,許淑華,109年立法委員選舉,第一次賸餘,1090814,當選後與其公務有關之費用支出,洋基食品有限公司,23723252,0.00,500.00,,,,餐飲支出,金錢,,02-2*****,,,,,,,
259,許淑華,109年立法委員選舉,第一次賸餘,1090814,當選後與其公務有關之費用支出,洋基食品有限公司,23723252,0.00,500.00,,,,餐飲支出,金錢,,02-2*****,,,,,,,
260,許淑華,109年立法委員選舉,第一次賸餘,1090814,當選後與其公務有關之費用支出,雲軒商行,48967260,0.00,350.00,,,,餐飲支出,金錢,,02 2*****,,,,,,,
261,許淑華,109年立法委員選舉,第一次賸餘,1090815,當選後與其公務有關之費用支出,台茂商場經營管理顧問股份有限公司,24211954,0.00,45.00,,,,停車費,金錢,,0800*****,,,,,,,
262,許淑華,109年立法委員選舉,第一次賸餘,1090819,當選後與其公務有關之費用支出,台北松德郵局,,0.00,32.00,,,,郵寄物品費用,金錢,臺北市信義區****,02 2*****,,,,,,,
263,許淑華,109年立法委員選舉,第一次賸餘,1090819,當選後與其公務有關之費用支出,三商家購股份有限公司信義虎林二分公司,53020119,0.00,321.00,,,,雜項購置或修繕費用,金錢,,02-2*****,,,,,,,
264,許淑華,109年立法委員選舉,第一次賸餘,1090820,當選後與其公務有關之費用支出,灣中油（股）油品行銷事業部,01113299,0.00,619.00,,,,油資,金錢,,02-2*****,,,,,,,
265,許淑華,109年立法委員選舉,第一次賸餘,1090820,當選後與其公務有關之費用支出,台灣中油股份公司,01802160,0.00,1169.00,,,,油資,金錢,臺北市信義區****,,,,,,,,
266,許淑華,109年立法委員選舉,第一次賸餘,1090821,當選後與其公務有關之費用支出,台灣中油股份有限公司油品行銷事業部台北營業處新生北路,01315062,0.00,882.00,,,,油資,金錢,臺北市中山區****,,,,,,,,
267,許淑華,109年立法委員選舉,第一次賸餘,1090821,當選後與其公務有關之費用支出,欣欣大眾巿場股份有限公司,11364230,0.00,40.00,,,,停車費,金錢,臺北市中山區****,,,,,,,,
268,許淑華,109年立法委員選舉,第一次賸餘,1090821,當選後與其公務有關之費用支出,泰可聯合國際事業有限公司,23607253,0.00,44625.00,,,,文宣設計製作,金錢,臺北市大安區****,02-2*****,,,,,,,
269,許淑華,109年立法委員選舉,第一次賸餘,1090823,當選後與其公務有關之費用支出,台北農產運銷股份有限公司,04550147,0.00,45.00,,,,停車費,金錢,,02-2*****,,,,,,,
270,許淑華,109年立法委員選舉,第一次賸餘,1090824,當選後與其公務有關之費用支出,遠時數位科技股份有限公司,54349098,0.00,798.00,,,,雜項購置或修繕費用,金錢,,02-7*****,,,,,,,
271,許淑華,109年立法委員選舉,第一次賸餘,1090824,當選後與其公務有關之費用支出,遠時數位科技股份有限公司,54349098,0.00,186.00,,,,雜項購置或修繕費用,金錢,,02-7*****,,,,,,,
272,許淑華,109年立法委員選舉,第一次賸餘,1090825,當選後與其公務有關之費用支出,台灣中油股份有限公司,01113283,0.00,560.00,,,,油資,金錢,,02-2*****,,,,,,,
273,許淑華,109年立法委員選舉,第一次賸餘,1090825,當選後與其公務有關之費用支出,復興大餅店,42370004,0.00,1540.00,,,,餐飲支出,金錢,,02-2*****,,,,,,,
274,許淑華,109年立法委員選舉,第一次賸餘,1090825,當選後與其公務有關之費用支出,中華電信股份有限公司,81691784,0.00,1574.00,,,,電信費用,金錢,,0800*****,,,,,,,
275,許淑華,109年立法委員選舉,第一次賸餘,1090826,當選後與其公務有關之費用支出,公園餡餅粥小吃店,17255385,0.00,300.00,,,,餐飲支出,金錢,,02-2*****,,,,,,,
276,許淑華,109年立法委員選舉,第一次賸餘,1090826,當選後與其公務有關之費用支出,聞明堂食品股份有限公司,84926574,0.00,550.00,,,,餐飲支出,金錢,,02-2*****,,,,,,,
277,許淑華,109年立法委員選舉,第一次賸餘,1090827,當選後與其公務有關之費用支出,福俐有限公司,22167860,0.00,1200.00,,,,製作競選物品支出（名片）,金錢,,02-2*****,,,,,,,
278,許淑華,109年立法委員選舉,第一次賸餘,1090827,當選後與其公務有關之費用支出,薄雪萊國際有限公司,28938112,0.00,47500.00,,,,製作競選物品支出（礦泉水）,金錢,新北市板橋區****,02-2*****,,,,,,,
279,許淑華,109年立法委員選舉,第一次賸餘,1090828,當選後與其公務有關之費用支出,台北松德郵局,,0.00,28.00,,,,郵寄物品費用,金錢,臺北市信義區****,02 2*****,,,,,,,
280,許淑華,109年立法委員選舉,第一次賸餘,1090828,當選後與其公務有關之費用支出,台灣中油股份有限公司,01113283,0.00,530.00,,,,油資,金錢,,02-2*****,,,,,,,
281,許淑華,109年立法委員選舉,第一次賸餘,1090828,當選後與其公務有關之費用支出,台灣中油股份有限公司,01802160,0.00,1170.00,,,,油資,金錢,臺北市大安區****,,,,,,,,
282,許淑華,109年立法委員選舉,第一次賸餘,1090828,當選後與其公務有關之費用支出,遠百企業股份有限公司忠孝分公司,17255385,0.00,180.00,,,,餐飲支出,金錢,,0227*****,,,,,,,
283,許淑華,109年立法委員選舉,第一次賸餘,1090828,當選後與其公務有關之費用支出,洋基食品有限公司,23723252,0.00,500.00,,,,餐飲支出,金錢,,02-2*****,,,,,,,
284,許淑華,109年立法委員選舉,第一次賸餘,1090828,當選後與其公務有關之費用支出,遠百企業股份有限公司忠孝分公司,70813178,0.00,995.00,,,,雜項購置費用,金錢,,02-2*****,,,,,,,
285,許淑華,109年立法委員選舉,第一次賸餘,1090830,當選後與其公務有關之費用支出,樂購蝦皮股份有限公司,24941832,0.00,959.00,,,,雜項購置或修繕費用,金錢,臺北市信義區****,,,,,,,,
286,許淑華,109年立法委員選舉,第一次賸餘,1090901,當選後與其公務有關之費用支出,尚立品美食坊,42290804,0.00,360.00,,,,餐飲支出,金錢,臺北市大安區****,,,,,,,,
287,許淑華,109年立法委員選舉,第一次賸餘,1090901,當選後與其公務有關之費用支出,成毅書報社,73907494,0.00,1800.00,,,,書報雜誌費用,金錢,,02-5*****,,,,,,,
288,許淑華,109年立法委員選舉,第一次賸餘,1090902,當選後與其公務有關之費用支出,台北永春郵局,,0.00,36.00,,,,郵寄物品費用,金錢,臺北市信義區****,02 8*****,,,,,,,
289,許淑華,109年立法委員選舉,第一次賸餘,1090902,當選後與其公務有關之費用支出,台灣中油股份公司油品行銷事業部台北營業處信義路加油站,01802160,0.00,812.00,,,,油資,金錢,臺北市大安區****,,,,,,,,
290,許淑華,109年立法委員選舉,第一次賸餘,1090902,當選後與其公務有關之費用支出,安立小吃店,26255386,0.00,895.00,,,,餐飲支出,金錢,,02-2*****,,,,,,,
291,許淑華,109年立法委員選舉,第一次賸餘,1090903,當選後與其公務有關之費用支出,台灣中油股份有限公司,01113283,0.00,700.00,,,,油資,金錢,,02-2*****,,,,,,,
292,許淑華,109年立法委員選舉,第一次賸餘,1090903,當選後與其公務有關之費用支出,台灣樂天市場股份有限公司,28847204,0.00,484.00,,,,雜項購置或修繕費用,金錢,,02 2*****,,,,,,,
293,許淑華,109年立法委員選舉,第一次賸餘,1090904,當選後與其公務有關之費用支出,台北富邦銀行,,0.00,30.00,,,,手續費,金錢,臺北市信義區****,02 2*****,,,,,,,
294,許淑華,109年立法委員選舉,第一次賸餘,1090904,當選後與其公務有關之費用支出,臺北自來水事業處,03774909,0.00,194.00,,,,水電瓦斯費用,金錢,,8733*****,,,,,,,
295,許淑華,109年立法委員選舉,第一次賸餘,1090904,當選後與其公務有關之費用支出,萊爾富國際股份有限公司北市信德分公司,80653755,0.00,1140.00,,,,購置物品費用,金錢,臺北市信義區****,,,,,,,,
296,許淑華,109年立法委員選舉,第一次賸餘,1090904,當選後與其公務有關之費用支出,中華電信股份有限公司,81691784,0.00,301.00,,,,電信費用,金錢,,0800*****,,,,,,,
297,許淑華,109年立法委員選舉,第一次賸餘,1090904,當選後與其公務有關之費用支出,中華電信股份有限公司,81691784,0.00,1804.00,,,,電信費用,金錢,,0800*****,,,,,,,
298,許淑華,109年立法委員選舉,第一次賸餘,1090904,當選後與其公務有關之費用支出,中華電信股份有限公司,81691784,0.00,683.00,,,,電信費用,金錢,,0800*****,,,,,,,
299,許淑華,109年立法委員選舉,第一次賸餘,1090904,當選後與其公務有關之費用支出,周子瀚,A12*******,0.00,35370.00,,,,工資或薪津,金錢,臺北市信義區****,0911*****,,,,,,,
300,許淑華,109年立法委員選舉,第一次賸餘,1090904,當選後與其公務有關之費用支出,黃銘祥,F10*******,0.00,23010.00,,,,工資或薪津,金錢,臺北市中正區****,0932*****,,,,,,,
301,許淑華,109年立法委員選舉,第一次賸餘,1090904,當選後與其公務有關之費用支出,李育凱,F12*******,0.00,2000.00,,,,工資或薪津,金錢,新北市板橋區****,0973*****,,,,,,,
302,許淑華,109年立法委員選舉,第一次賸餘,1090904,當選後與其公務有關之費用支出,張國武,K12*******,0.00,8861.00,,,,工資或薪津,金錢,臺北市大安區****,0933*****,,,,,,,
303,許淑華,109年立法委員選舉,第一次賸餘,1090908,當選後與其公務有關之費用支出,台北永春郵局,,0.00,28.00,,,,郵寄物品費用,金錢,臺北市信義區****,02 8*****,,,,,,,
304,許淑華,109年立法委員選舉,第一次賸餘,1090908,當選後與其公務有關之費用支出,台灣中油（股）油品行銷事業部台北營業處光復北路加油站,01606343,0.00,600.00,,,,油資,金錢,,02-2*****,,,,,,,
305,許淑華,109年立法委員選舉,第一次賸餘,1090908,當選後與其公務有關之費用支出,吉利果行銷有限公司,97124560,0.00,1155.00,,,,雜項購置費用,金錢,,02-2*****,,,,,,,
306,許淑華,109年立法委員選舉,第一次賸餘,1090909,當選後與其公務有關之費用支出,台北松德郵局,,0.00,1098.00,,,,郵寄物品費用,金錢,臺北市信義區****,02 2*****,,,,,,,
307,許淑華,109年立法委員選舉,第一次賸餘,1090909,當選後與其公務有關之費用支出,宜家家居股份有限公司新店分公司,50853088,0.00,1980.00,,,,雜項購置或修繕費用,金錢,,02-8*****,,,,,,,
308,許淑華,109年立法委員選舉,第一次賸餘,1090909,當選後與其公務有關之費用支出,全家便利商店股份有限公司永吉二分公司,89389784,0.00,16.00,,,,文具用品費用,金錢,臺北市信義區****,,,,,,,,
309,許淑華,109年立法委員選舉,第一次賸餘,1090910,當選後與其公務有關之費用支出,遠百企業股份有限公司忠孝分公司,70813178,0.00,1222.00,,,,雜項購置或修繕費用,金錢,,02-2*****,,,,,,,
310,許淑華,109年立法委員選舉,第一次賸餘,1090910,當選後與其公務有關之費用支出,遠百企業股份有限公司忠孝分公司,70813178,0.00,98.00,,,,雜項購置或修繕費用,金錢,,02-2*****,,,,,,,
311,許淑華,109年立法委員選舉,第一次賸餘,1090911,當選後與其公務有關之費用支出,台灣中油（股）油品行銷事業部台北營業處松山路加油站,01113299,0.00,630.00,,,,油資,金錢,,02-2*****,,,,,,,
312,許淑華,109年立法委員選舉,第一次賸餘,1090911,當選後與其公務有關之費用支出,台灣中油（股）油品行銷事業部台北營業處松山路加油站,01113299,0.00,1210.00,,,,油資,金錢,臺北市****,02-2*****,,,,,,,
313,許淑華,109年立法委員選舉,第一次賸餘,1090914,當選後與其公務有關之費用支出,安立小吃店,26255386,0.00,420.00,,,,餐飲支出,金錢,,02-2*****,,,,,,,
314,許淑華,109年立法委員選舉,第一次賸餘,1090915,當選後與其公務有關之費用支出,立實興業有限公司,16995025,0.00,1800.00,,,,雜項購置或修繕費用,金錢,,02-2*****,,,,,,,
315,許淑華,109年立法委員選舉,第一次賸餘,1090915,當選後與其公務有關之費用支出,公園餡餅粥小吃店,17255385,0.00,180.00,,,,餐飲支出,金錢,,02-2*****,,,,,,,
316,許淑華,109年立法委員選舉,第一次賸餘,1090917,當選後與其公務有關之費用支出,台灣中油（股）油品行銷事業部台北營業處松山路加油站,01113299,0.00,620.00,,,,油資,金錢,,02-2*****,,,,,,,
317,許淑華,109年立法委員選舉,第一次賸餘,1090917,當選後與其公務有關之費用支出,洋基食品有限公司,23723252,0.00,450.00,,,,餐飲支出,金錢,,02-2*****,,,,,,,
318,許淑華,109年立法委員選舉,第一次賸餘,1090917,當選後與其公務有關之費用支出,薄雪萊國際有限公司,28938112,0.00,47500.00,,,,製作競選物品支出（礦泉水）,金錢,新北市板橋區****,02-2*****,,,,,,,
319,許淑華,109年立法委員選舉,第一次賸餘,1090918,當選後與其公務有關之費用支出,台北富邦銀行,,0.00,30.00,,,,匯款手續費,金錢,臺北市信義區****,02 2*****,,,,,,,
320,許淑華,109年立法委員選舉,第一次賸餘,1090918,當選後與其公務有關之費用支出,台灣中油股份有限公司油品行銷事業部台北營業處復興北路,01606300,0.00,1210.00,,,,油資,金錢,,02 8*****,,,,,,,
321,許淑華,109年立法委員選舉,第一次賸餘,1090918,當選後與其公務有關之費用支出,尚鳴商行,78330436,0.00,189.00,,,,雜項購置或修繕費用,金錢,,02 2*****,,,,,,,
322,許淑華,109年立法委員選舉,第一次賸餘,1090919,當選後與其公務有關之費用支出,台灣中油股份有限公司油品行銷事業部台北營業處中崙加油,01317131,0.00,819.00,,,,油資,金錢,,02 8*****,,,,,,,
323,許淑華,109年立法委員選舉,第一次賸餘,1090921,當選後與其公務有關之費用支出,安立小吃店,26255386,0.00,360.00,,,,餐飲支出,金錢,,02-2*****,,,,,,,
324,許淑華,109年立法委員選舉,第一次賸餘,1090922,當選後與其公務有關之費用支出,台灣中油（股）油品行銷事業部台北營業處松山路加油站,01113299,0.00,620.00,,,,油資,金錢,,02-2*****,,,,,,,
325,許淑華,109年立法委員選舉,第一次賸餘,1090922,當選後與其公務有關之費用支出,好芳鄰國際有限公司,55795334,0.00,164.00,,,,雜項購置或修繕費用,金錢,,02-2*****,,,,,,,
326,許淑華,109年立法委員選舉,第一次賸餘,1090922,當選後與其公務有關之費用支出,中華電信股份有限公司,81691784,0.00,1574.00,,,,電信費用,金錢,,0800*****,,,,,,,
327,許淑華,109年立法委員選舉,第一次賸餘,1090923,當選後與其公務有關之費用支出,公園餡餅粥小吃店,17255385,0.00,230.00,,,,餐飲支出,金錢,,02-2*****,,,,,,,
328,許淑華,109年立法委員選舉,第一次賸餘,1090924,當選後與其公務有關之費用支出,尚鳴商行,78330436,0.00,294.00,,,,雜項購置或修繕費用,金錢,,02-2*****,,,,,,,
329,許淑華,109年立法委員選舉,第一次賸餘,1090924,當選後與其公務有關之費用支出,廣學印刷品事業有限公司,89541444,0.00,28350.00,,,,製作競選物品支出（扇子）,金錢,新北市中和區****,02-2*****,,,,,,,
330,許淑華,109年立法委員選舉,第一次賸餘,1090925,當選後與其公務有關之費用支出,台灣中油（股）油品行銷事業部台北營業處松山路加油站,01113299,0.00,1170.00,,,,油資,金錢,,02-2*****,,,,,,,
331,許淑華,109年立法委員選舉,第一次賸餘,1090925,當選後與其公務有關之費用支出,家福股份有限公司台北桂林分公司,27946803,0.00,146.00,,,,雜項購置或修繕費用,金錢,,02-2*****,,,,,,,
332,許淑華,109年立法委員選舉,第一次賸餘,1090925,當選後與其公務有關之費用支出,復興大餅店,42370004,0.00,360.00,,,,餐飲支出,金錢,,02-2*****,,,,,,,
333,許淑華,109年立法委員選舉,第一次賸餘,1090925,當選後與其公務有關之費用支出,三商家購股份有限公司信義虎林二分公司,53020119,0.00,105.00,,,,雜項購置或修繕費用,金錢,,02-2*****,,,,,,,
334,許淑華,109年立法委員選舉,第一次賸餘,1090925,當選後與其公務有關之費用支出,台灣中油（股）油品行銷事業部台北營業處桂林路加油站,77144981,0.00,870.00,,,,油資,金錢,,02 8*****,,,,,,,
335,許淑華,109年立法委員選舉,第一次賸餘,1090925,當選後與其公務有關之費用支出,萊爾富國際股份有限公司北市信德分公司,80653755,0.00,36.00,,,,雜項購置或修繕費用,金錢,臺北市信義區****,,,,,,,,
336,許淑華,109年立法委員選舉,第一次賸餘,1090926,當選後與其公務有關之費用支出,台灣中油（股）油品行銷事業部台北營業處光復北路加油站,01606343,0.00,570.00,,,,油資,金錢,臺北市松山區****,02-2*****,,,,,,,
337,許淑華,109年立法委員選舉,第一次賸餘,1090928,當選後與其公務有關之費用支出,洋基食品有限公司,23723252,0.00,500.00,,,,餐飲支出,金錢,,02-2*****,,,,,,,
338,許淑華,109年立法委員選舉,第一次賸餘,1090928,當選後與其公務有關之費用支出,臺灣京饌飲食坊,79414102,0.00,600.00,,,,餐飲支出,金錢,臺北市信義區****,,,,,,,,
339,許淑華,109年立法委員選舉,第一次賸餘,1090929,當選後與其公務有關之費用支出,羿菁海洋生物有限公司,28853991,0.00,950.00,,,,雜項購置或修繕費用,金錢,,02-2*****,,,,,,,
340,許淑華,109年立法委員選舉,第一次賸餘,1090930,當選後與其公務有關之費用支出,台灣中油（股）油品行銷事業部台北營業處松山路加油站,01113299,0.00,1040.00,,,,油資,金錢,,02-2*****,,,,,,,
341,許淑華,109年立法委員選舉,第一次賸餘,1091005,當選後與其公務有關之費用支出,黃銘祥,F10*******,0.00,25390.00,,,,工資或薪津,金錢,臺北市中正區****,0932*****,,,,,,,
342,許淑華,109年立法委員選舉,第一次賸餘,1091005,當選後與其公務有關之費用支出,張國武,K12*******,0.00,14849.00,,,,工資或薪津,金錢,臺北市大安區****,0933*****,,,,,,,
343,許淑華,109年立法委員選舉,第一次賸餘,1091007,當選後與其公務有關之費用支出,黃仲微,F22*******,0.00,40485.00,,,,工資或薪津,金錢,臺北市中山區****,0910*****,,,,,,,
