﻿序號,擬參選人／政黨,選舉名稱,申報序號／年度,交易日期,收支科目,捐贈者／支出對象,身分證／統一編號,收入金額,支出金額,支出用途,金錢類,地址,聯絡電話,資料更正日期
1,張明達,107年縣(市)議員選舉,首次申報,1071024,個人捐贈收入,張庭毓,A12*******,100000.00,0.00,,金錢,臺北市士林區****,02-2*****,
2,張明達,107年縣(市)議員選舉,首次申報,1071024,個人捐贈收入,張庭豪,A12*******,100000.00,0.00,,金錢,臺北市大同區****,0975*****,
3,張明達,107年縣(市)議員選舉,首次申報,1071024,個人捐贈收入,張允聰,A12*******,30000.00,0.00,,金錢,新北市新莊區****,0925*****,
4,張明達,107年縣(市)議員選舉,首次申報,1071025,個人捐贈收入,梁滙榛,P20*******,60000.00,0.00,,金錢,嘉義市東區小****,0952*****,
5,張明達,107年縣(市)議員選舉,首次申報,1071025,個人捐贈收入,鄧陳星,Q10*******,30000.00,0.00,,金錢,高雄市苓雅區****,0932*****,
6,張明達,107年縣(市)議員選舉,首次申報,1071030,營利事業捐贈收入,福昌有限公司,42637664,100000.00,0.00,,金錢,臺北市信義區****,02-2*****,
7,張明達,107年縣(市)議員選舉,首次申報,1071105,個人捐贈收入,蔣小萌,R29*******,60000.00,0.00,,金錢,臺南市新營區****,0931*****,
8,張明達,107年縣(市)議員選舉,首次申報,1071106,人民團體捐贈收入,台灣區瀝青工業同業公會,,60000.00,0.00,,金錢,臺北市中正區****,02-2*****,
9,張明達,107年縣(市)議員選舉,首次申報,1071106,個人捐贈收入,陳愷儒,E10*******,100000.00,0.00,,金錢,苗栗縣苑裡鎮****,0932*****,
10,張明達,107年縣(市)議員選舉,首次申報,1071106,個人捐贈收入,李文斌,L12*******,100000.00,0.00,,金錢,臺中市外埔區****,0972*****,
11,張明達,107年縣(市)議員選舉,首次申報,1071106,個人捐贈收入,蔡秉幸,Q12*******,100000.00,0.00,,金錢,嘉義市東區短****,0953*****,
12,張明達,107年縣(市)議員選舉,首次申報,1071107,營利事業捐贈收入,大欣開發國際實業有限公司,53473029,200000.00,0.00,,金錢,彰化縣線西鄉****,04-7*****,
13,張明達,107年縣(市)議員選舉,首次申報,1071109,個人捐贈收入,邱巖景,M10*******,100000.00,0.00,,金錢,新北市三重區****,0978*****,
14,張明達,107年縣(市)議員選舉,首次申報,1071113,營利事業捐贈收入,穎杰鑄造工業股份有限公司,66570608,168000.00,0.00,,金錢,嘉義縣太保市****,05-2*****,
15,張明達,107年縣(市)議員選舉,首次申報,1071123,營利事業捐贈收入,信吉媒體科技,54048121,100000.00,0.00,,金錢,嘉義縣朴子市****,05-3*****,
