﻿序號,擬參選人／政黨,選舉名稱,申報序號／年度,交易日期,收支科目,捐贈者／支出對象,身分證／統一編號,收入金額,支出金額,支出用途,金錢類,地址,聯絡電話,資料更正日期
1,王泰富,107年直轄市議員選舉,首次申報,1071018,宣傳支出,中華電信股份有限公司,97837949,0.00,24000.00,發送電信簡訊支出,金錢,臺南市新營區****,,
2,王泰富,107年直轄市議員選舉,首次申報,1071119,宣傳支出,耕辛企業行,26426993,0.00,37250.00,播送、傳送或刊登宣傳廣告支出(宣傳DM派報工資),金錢,臺南市永康區****,,
3,王泰富,107年直轄市議員選舉,首次申報,1071119,宣傳支出,立德照相製版有限公司,69652765,0.00,75000.00,宣傳名片、宣傳DM,金錢,臺南市南區新****,,
4,王泰富,107年直轄市議員選舉,首次申報,1071119,宣傳支出,冠泰實業社,90998309,0.00,100000.00,租用廣告看板或車體廣告支出,金錢,臺南市關廟區****,,
