﻿序號,擬參選人／政黨,選舉名稱,申報序號／年度,交易日期,收支科目,捐贈者／支出對象,身分證／統一編號,收入金額,支出金額,支出用途,金錢類,地址,聯絡電話,資料更正日期
1,葉壽山,109年立法委員選舉,首次申報,1080816,個人捐贈收入,劉俊儀,F12*******,30000.00,0.00,,金錢,桃園市龍潭區****,,
2,葉壽山,109年立法委員選舉,首次申報,1080904,個人捐贈收入,劉清忠,T10*******,50000.00,0.00,,金錢,屏東縣新園鄉****,0989*****,
3,葉壽山,109年立法委員選舉,首次申報,1080904,個人捐贈收入,王誠禧,T12*******,50000.00,0.00,,金錢,屏東縣潮州鎮****,07-3*****,
4,葉壽山,109年立法委員選舉,首次申報,1080911,營利事業捐贈收入,高田科技有限公司,86916994,20000.00,0.00,,金錢,高雄市前鎮區****,07-8*****,
5,葉壽山,109年立法委員選舉,首次申報,1080912,營利事業捐贈收入,凱文煙斗有限公司,13154267,20000.00,0.00,,金錢,高雄市左營區****,0938*****,
6,葉壽山,109年立法委員選舉,首次申報,1080916,個人捐贈收入,許家瑋,E12*******,20000.00,0.00,,金錢,高雄市三民區****,0933*****,
7,葉壽山,109年立法委員選舉,首次申報,1080919,營利事業捐贈收入,國潤發科技有限公司,53237150,20000.00,0.00,,金錢,高雄市鼓山區****,07-5*****,
8,葉壽山,109年立法委員選舉,首次申報,1080920,個人捐贈收入,易瑞君,,5000.00,0.00,,金錢,屏東縣屏東市****,0939*****,
9,葉壽山,109年立法委員選舉,首次申報,1080920,個人捐贈收入,李燕,T22*******,20000.00,0.00,,金錢,屏東縣屏東市****,0963*****,
10,葉壽山,109年立法委員選舉,首次申報,1080923,個人捐贈收入,徐獨立,D10*******,2000.00,0.00,,金錢,高雄市苓雅區****,0926*****,
11,葉壽山,109年立法委員選舉,首次申報,1080923,個人捐贈收入,楊文輝,R12*******,20000.00,0.00,,金錢,高雄市楠梓區****,0986*****,
12,葉壽山,109年立法委員選舉,首次申報,1080926,個人捐贈收入,宋英聰,T10*******,3000.00,0.00,,金錢,屏東縣屏東市****,0929*****,
13,葉壽山,109年立法委員選舉,首次申報,1081001,個人捐贈收入,鍾樹欣,T12*******,30000.00,0.00,,金錢,屏東縣內埔鄉****,0926*****,
14,葉壽山,109年立法委員選舉,首次申報,1081003,個人捐贈收入,邱龍光,T12*******,2000.00,0.00,,金錢,屏東縣內埔鄉****,0960*****,
15,葉壽山,109年立法委員選舉,首次申報,1081014,營利事業捐贈收入,岳總企業有限公司,23216278,50000.00,0.00,,金錢,屏東縣屏東市****,08-7*****,
16,葉壽山,109年立法委員選舉,首次申報,1081014,個人捐贈收入,林翠禪,T22*******,2000.00,0.00,,金錢,屏東縣九如鄉****,0932*****,
17,葉壽山,109年立法委員選舉,首次申報,1081014,個人捐贈收入,蔡淑娥,T22*******,1000.00,0.00,,金錢,屏東縣九如鄉****,08-7*****,
18,葉壽山,109年立法委員選舉,首次申報,1081015,個人捐贈收入,劉振誠,T12*******,25000.00,0.00,,非金錢,屏東縣屏東市****,08-7*****,
19,葉壽山,109年立法委員選舉,首次申報,1081016,個人捐贈收入,陳怡靜,Q22*******,100000.00,0.00,,金錢,臺南市後壁區****,0932*****,
20,葉壽山,109年立法委員選舉,首次申報,1081016,個人捐贈收入,王傳宗,R12*******,100000.00,0.00,,金錢,臺南市後壁區****,0932*****,
21,葉壽山,109年立法委員選舉,首次申報,1081018,個人捐贈收入,吳鴻民,,20000.00,0.00,,金錢,屏東縣屏東市****,0928*****,
22,葉壽山,109年立法委員選舉,首次申報,1081018,個人捐贈收入,游淑燕,F22*******,50000.00,0.00,,金錢,新北市三重區****,02-2*****,
23,葉壽山,109年立法委員選舉,首次申報,1081021,個人捐贈收入,周志儀,A12*******,20000.00,0.00,,金錢,桃園市楊梅區****,,
24,葉壽山,109年立法委員選舉,首次申報,1081021,個人捐贈收入,卓書帆,N22*******,999.00,0.00,,金錢,臺北市信義區****,0978*****,
25,葉壽山,109年立法委員選舉,首次申報,1081022,個人捐贈收入,胡金李,N22*******,1000.00,0.00,,金錢,屏東縣屏東市****,0919*****,
26,葉壽山,109年立法委員選舉,首次申報,1081022,個人捐贈收入,洪美珍,T20*******,50000.00,0.00,,金錢,屏東縣屏東市****,08-7*****,
27,葉壽山,109年立法委員選舉,首次申報,1081025,個人捐贈收入,朱榮和,R10*******,20000.00,0.00,,金錢,高雄市苓雅區****,,
28,葉壽山,109年立法委員選舉,首次申報,1081025,個人捐贈收入,陳嘉慶,T12*******,2000.00,0.00,,金錢,屏東縣屏東市****,,
29,葉壽山,109年立法委員選舉,首次申報,1081028,個人捐贈收入,張薇玲,,6000.00,0.00,,金錢,臺中市神岡區****,0920*****,
30,葉壽山,109年立法委員選舉,首次申報,1081028,個人捐贈收入,劉鳳美,T20*******,50000.00,0.00,,金錢,屏東縣屏東市****,0920*****,
31,葉壽山,109年立法委員選舉,首次申報,1081030,個人捐贈收入,傅士熒,T12*******,60000.00,0.00,,金錢,屏東縣屏東市****,0932*****,
32,葉壽山,109年立法委員選舉,首次申報,1081107,個人捐贈收入,徐政彥,,5000.00,0.00,,金錢,澎湖縣馬公市****,0936*****,
33,葉壽山,109年立法委員選舉,首次申報,1081108,營利事業捐贈收入,興富發建設股份有限公司,12305479,500000.00,0.00,,金錢,臺北市中山區****,02-2*****,
34,葉壽山,109年立法委員選舉,首次申報,1081108,個人捐贈收入,洪東煒,E10*******,20000.00,0.00,,金錢,高雄市苓雅區****,0905*****,
35,葉壽山,109年立法委員選舉,首次申報,1081108,個人捐贈收入,鄔志明,T12*******,5000.00,0.00,,金錢,屏東縣長治鄉****,0938*****,
36,葉壽山,109年立法委員選舉,首次申報,1081111,個人捐贈收入,曾仁光,,1000.00,0.00,,金錢,屏東縣內埔鄉****,08-7*****,
37,葉壽山,109年立法委員選舉,首次申報,1081113,營利事業捐贈收入,華新科技股份有限公司,19004316,360000.00,0.00,,金錢,桃園市楊梅區****,03-4*****,
38,葉壽山,109年立法委員選舉,首次申報,1081113,個人捐贈收入,王玉輝,T12*******,3000.00,0.00,,金錢,高雄市前鎮區****,0933*****,
39,葉壽山,109年立法委員選舉,首次申報,1081118,個人捐贈收入,王力弘,,500.00,0.00,,金錢,臺中市北屯區****,0975*****,
40,葉壽山,109年立法委員選舉,首次申報,1081118,營利事業捐贈收入,高雄市私立大眾居家長照機構,82713152,20000.00,0.00,,金錢,高雄市鹽埕區****,0980*****,
41,葉壽山,109年立法委員選舉,首次申報,1081118,個人捐贈收入,謝學元,J12*******,20000.00,0.00,,金錢,新竹市東區明****,0935*****,
42,葉壽山,109年立法委員選舉,首次申報,1081118,個人捐贈收入,廖瑞茵,T22*******,6600.00,0.00,,金錢,屏東縣屏東市****,0921*****,
43,葉壽山,109年立法委員選舉,首次申報,1081119,個人捐贈收入,林博川,T12*******,6000.00,0.00,,金錢,屏東縣屏東市****,08-7*****,
44,葉壽山,109年立法委員選舉,首次申報,1081119,個人捐贈收入,劉芳辰,T22*******,6000.00,0.00,,金錢,屏東縣屏東市****,08-7*****,
45,葉壽山,109年立法委員選舉,首次申報,1081120,個人捐贈收入,林淑英,,10000.00,0.00,,金錢,高雄市楠梓區****,0937*****,
46,葉壽山,109年立法委員選舉,首次申報,1081120,個人捐贈收入,曾文衍,B12*******,100000.00,0.00,,金錢,高雄市前鎮區****,0932*****,
47,葉壽山,109年立法委員選舉,首次申報,1081120,個人捐贈收入,蕭月美,T20*******,1000.00,0.00,,金錢,屏東縣屏東市****,08-7*****,
48,葉壽山,109年立法委員選舉,首次申報,1081121,個人捐贈收入,蘇振賢,,1000.00,0.00,,金錢,屏東縣鹽埔鄉****,0937*****,
49,葉壽山,109年立法委員選舉,首次申報,1081121,營利事業捐贈收入,聖州企業股份有限公司,07992639,100000.00,0.00,,金錢,臺北市大安區****,02-2*****,
50,葉壽山,109年立法委員選舉,首次申報,1081121,營利事業捐贈收入,冠軍環保有限公司,16477249,50000.00,0.00,,金錢,屏東縣屏東市****,0900*****,
51,葉壽山,109年立法委員選舉,首次申報,1081121,個人捐贈收入,廖勝冠,T10*******,50000.00,0.00,,金錢,屏東縣內埔鄉****,0933*****,
52,葉壽山,109年立法委員選舉,首次申報,1081122,營利事業捐贈收入,驊偉企業有限公司,90730416,10000.00,0.00,,金錢,屏東縣屏東市****,08-7*****,
53,葉壽山,109年立法委員選舉,首次申報,1081122,個人捐贈收入,鄭善甄,E20*******,20000.00,0.00,,金錢,臺北市松山區****,0910*****,
54,葉壽山,109年立法委員選舉,首次申報,1081125,個人捐贈收入,陳星諭,F22*******,20000.00,0.00,,金錢,屏東縣屏東市****,0986*****,
55,葉壽山,109年立法委員選舉,首次申報,1081125,個人捐贈收入,謝根亮,T12*******,30000.00,0.00,,金錢,屏東縣屏東市****,0931*****,
56,葉壽山,109年立法委員選舉,首次申報,1081126,個人捐贈收入,張雅雄,,10000.00,0.00,,金錢,屏東縣屏東市****,0932*****,
57,葉壽山,109年立法委員選舉,首次申報,1081126,個人捐贈收入,黃福昌,,16888.00,0.00,,金錢,高雄市鳳山區****,0910*****,
58,葉壽山,109年立法委員選舉,首次申報,1081126,營利事業捐贈收入,屏榮水電工程事業有限公司,90798323,20000.00,0.00,,金錢,屏東縣高樹鄉****,0933*****,
59,葉壽山,109年立法委員選舉,首次申報,1081126,個人捐贈收入,王朝輝,E12*******,50000.00,0.00,,金錢,新北市板橋區****,0975*****,
60,葉壽山,109年立法委員選舉,首次申報,1081126,個人捐贈收入,王建勝,P10*******,50000.00,0.00,,金錢,新北市板橋區****,0975*****,
61,葉壽山,109年立法委員選舉,首次申報,1081126,個人捐贈收入,蘇全福,T10*******,10000.00,0.00,,金錢,屏東縣屏東市****,0981*****,
62,葉壽山,109年立法委員選舉,首次申報,1081126,個人捐贈收入,周順風,T10*******,10000.00,0.00,,金錢,屏東縣屏東市****,,
63,葉壽山,109年立法委員選舉,首次申報,1081126,個人捐贈收入,黃國興,T12*******,20000.00,0.00,,金錢,屏東縣鹽埔鄉****,0937*****,
64,葉壽山,109年立法委員選舉,首次申報,1081126,個人捐贈收入,朱金英,T22*******,100000.00,0.00,,金錢,屏東縣屏東市****,0910*****,
65,葉壽山,109年立法委員選舉,首次申報,1081126,個人捐贈收入,鄭詠心,T22*******,2000.00,0.00,,金錢,屏東縣九如鄉****,0975*****,
66,葉壽山,109年立法委員選舉,首次申報,1081127,個人捐贈收入,翁燕生,,6000.00,0.00,,金錢,高雄市鳳山區****,0930*****,
67,葉壽山,109年立法委員選舉,首次申報,1081127,個人捐贈收入,黃鐙麒,,500.00,0.00,,金錢,高雄市岡山區****,0919*****,
68,葉壽山,109年立法委員選舉,首次申報,1081128,營利事業捐贈收入,溫莎堡美容坊,17511575,20000.00,0.00,,金錢,屏東縣屏東市****,08-7*****,
69,葉壽山,109年立法委員選舉,首次申報,1081128,個人捐贈收入,林明宗,T12*******,3000.00,0.00,,金錢,屏東縣枋山鄉****,0970*****,
70,葉壽山,109年立法委員選舉,首次申報,1081128,個人捐贈收入,馬季鈴,T22*******,20000.00,0.00,,金錢,屏東縣屏東市****,08-7*****,
71,葉壽山,109年立法委員選舉,首次申報,1081129,個人捐贈收入,方松江,,500.00,0.00,,金錢,,0939*****,
72,葉壽山,109年立法委員選舉,首次申報,1081202,人民團體捐贈收入,社團法人屏東縣藥師公會,,100000.00,0.00,,金錢,屏東市武愛街****,7562*****,
73,葉壽山,109年立法委員選舉,首次申報,1081202,營利事業捐贈收入,太普高精密影像股份有限公司,16469727,196350.00,0.00,,非金錢,高雄市大寮區****,07-7*****,
74,葉壽山,109年立法委員選舉,首次申報,1081202,個人捐贈收入,董豐裕,T10*******,2000.00,0.00,,金錢,屏東縣屏東市****,0925*****,
75,葉壽山,109年立法委員選舉,首次申報,1081202,個人捐贈收入,陳昶睿,T12*******,5000.00,0.00,,金錢,屏東縣鹽埔鄉****,0963*****,
76,葉壽山,109年立法委員選舉,首次申報,1081202,個人捐贈收入,杜俊忠,T12*******,15000.00,0.00,,金錢,屏東縣內埔鄉****,0918*****,
77,葉壽山,109年立法委員選舉,首次申報,1081202,個人捐贈收入,莊淑理,T22*******,10000.00,0.00,,金錢,屏東縣潮州鎮****,0932*****,
78,葉壽山,109年立法委員選舉,首次申報,1081202,個人捐贈收入,劉霞,T29*******,2000.00,0.00,,金錢,屏東縣屏東市****,0987*****,
79,葉壽山,109年立法委員選舉,首次申報,1081203,個人捐贈收入,鄭麗雪,,1000.00,0.00,,金錢,屏東縣屏東市****,0912*****,
80,葉壽山,109年立法委員選舉,首次申報,1081203,個人捐贈收入,陳育仁,E12*******,20000.00,0.00,,金錢,臺北市信義區****,0937*****,
81,葉壽山,109年立法委員選舉,首次申報,1081203,個人捐贈收入,羅時鴻,L12*******,10000.00,0.00,,金錢,臺北市內湖區****,0987*****,
82,葉壽山,109年立法委員選舉,首次申報,1081203,個人捐贈收入,朱振良,T10*******,2000.00,0.00,,金錢,屏東縣屏東市****,0955*****,
83,葉壽山,109年立法委員選舉,首次申報,1081203,個人捐贈收入,涂順振,T10*******,5000.00,0.00,,金錢,屏東縣內埔鄉****,0921*****,
84,葉壽山,109年立法委員選舉,首次申報,1081203,個人捐贈收入,葉榮發,T10*******,100000.00,0.00,,金錢,新北市三重區****,0956*****,
85,葉壽山,109年立法委員選舉,首次申報,1081203,個人捐贈收入,杜文元,T12*******,20000.00,0.00,,金錢,屏東縣九如鄉****,0987*****,
86,葉壽山,109年立法委員選舉,首次申報,1081203,個人捐贈收入,吳勤榮,T12*******,5000.00,0.00,,金錢,屏東縣屏東市****,0958*****,
87,葉壽山,109年立法委員選舉,首次申報,1081203,個人捐贈收入,劉慶中,T12*******,5000.00,0.00,,金錢,屏東縣屏東市****,0970*****,
88,葉壽山,109年立法委員選舉,首次申報,1081203,個人捐贈收入,曹正芬,T20*******,2000.00,0.00,,金錢,屏東縣屏東市****,08-7*****,
89,葉壽山,109年立法委員選舉,首次申報,1081203,個人捐贈收入,羅秀招,T20*******,1000.00,0.00,,金錢,屏東縣長治鄉****,08-7*****,
90,葉壽山,109年立法委員選舉,首次申報,1081203,個人捐贈收入,蕭麗珠,T22*******,2000.00,0.00,,金錢,屏東縣萬巒鄉****,0933*****,
91,葉壽山,109年立法委員選舉,首次申報,1081203,個人捐贈收入,高玉貴,V20*******,1000.00,0.00,,金錢,屏東縣屏東市****,0928*****,
92,葉壽山,109年立法委員選舉,首次申報,1081204,個人捐贈收入,吳秋麗,E22*******,10000.00,0.00,,金錢,高雄市鼓山區****,0910*****,
93,葉壽山,109年立法委員選舉,首次申報,1081204,個人捐贈收入,郭胤慶,T12*******,3000.00,0.00,,金錢,高雄市鳳山區****,0938*****,
94,葉壽山,109年立法委員選舉,首次申報,1081204,個人捐贈收入,唐紀光,T12*******,2000.00,0.00,,金錢,屏東縣屏東市****,0937*****,
95,葉壽山,109年立法委員選舉,首次申報,1081204,個人捐贈收入,陳明珍,T22*******,2000.00,0.00,,金錢,屏東縣屏東市****,0928*****,
96,葉壽山,109年立法委員選舉,首次申報,1081204,個人捐贈收入,曾小平,T29*******,10000.00,0.00,,金錢,屏東縣長治鄉****,0952*****,
97,葉壽山,109年立法委員選舉,首次申報,1081205,個人捐贈收入,楊慶輝,T12*******,10000.00,0.00,,金錢,屏東縣屏東市****,0958*****,
98,葉壽山,109年立法委員選舉,首次申報,1081205,個人捐贈收入,劉麗香,T20*******,2000.00,0.00,,金錢,屏東縣屏東市****,0935*****,
99,葉壽山,109年立法委員選舉,首次申報,1081206,個人捐贈收入,萬曉華,,2000.00,0.00,,金錢,屏東縣屏東市****,,
100,葉壽山,109年立法委員選舉,首次申報,1081206,個人捐贈收入,蔡和貞,,3000.00,0.00,,金錢,屏東縣屏東市****,0933*****,
101,葉壽山,109年立法委員選舉,首次申報,1081206,個人捐贈收入,張坤鄉,T10*******,1000.00,0.00,,金錢,屏東縣屏東市****,08-7*****,
102,葉壽山,109年立法委員選舉,首次申報,1081206,個人捐贈收入,陳瑞德,T10*******,20000.00,0.00,,金錢,屏東縣屏東市****,0928*****,
103,葉壽山,109年立法委員選舉,首次申報,1081206,個人捐贈收入,蘇基勳,T12*******,20000.00,0.00,,金錢,屏東縣屏東市****,0952*****,
104,葉壽山,109年立法委員選舉,首次申報,1081206,個人捐贈收入,薛仲甫,T12*******,30000.00,0.00,,金錢,屏東縣屏東市****,08-7*****,
105,葉壽山,109年立法委員選舉,首次申報,1081206,個人捐贈收入,黃玉足,T22*******,2000.00,0.00,,金錢,屏東縣屏東市****,,
106,葉壽山,109年立法委員選舉,首次申報,1081209,個人捐贈收入,林志明,B12*******,100000.00,0.00,,金錢,臺中市大肚區****,,
107,葉壽山,109年立法委員選舉,首次申報,1081209,個人捐贈收入,廖麗如,B20*******,100000.00,0.00,,金錢,臺中市西區五****,,
108,葉壽山,109年立法委員選舉,首次申報,1081209,個人捐贈收入,張華庭,B22*******,100000.00,0.00,,金錢,臺中市西屯區****,,
109,葉壽山,109年立法委員選舉,首次申報,1081209,個人捐贈收入,張靚,B22*******,100000.00,0.00,,金錢,臺中市南屯區****,,
110,葉壽山,109年立法委員選舉,首次申報,1081209,個人捐贈收入,許展維,E12*******,3000.00,0.00,,金錢,高雄市鼓山區****,0931*****,
111,葉壽山,109年立法委員選舉,首次申報,1081209,個人捐贈收入,許展維,E12*******,3000.00,0.00,,金錢,高雄市前鎮區****,0931*****,
112,葉壽山,109年立法委員選舉,首次申報,1081209,個人捐贈收入,何道凱,F12*******,500.00,0.00,,金錢,屏東縣九如鄉****,0932*****,
113,葉壽山,109年立法委員選舉,首次申報,1081209,個人捐贈收入,蔡文煌,G10*******,10000.00,0.00,,金錢,高雄市前鎮區****,0910*****,
114,葉壽山,109年立法委員選舉,首次申報,1081209,個人捐贈收入,吳政學,P12*******,100000.00,0.00,,金錢,臺中市西屯區****,,
115,葉壽山,109年立法委員選舉,首次申報,1081209,個人捐贈收入,忽德興,T12*******,20000.00,0.00,,金錢,屏東縣屏東市****,0921*****,
116,葉壽山,109年立法委員選舉,首次申報,1081209,個人捐贈收入,張瓊玲,T20*******,3000.00,0.00,,金錢,屏東縣屏東市****,0927*****,
117,葉壽山,109年立法委員選舉,首次申報,1081209,個人捐贈收入,林慶蘭,T20*******,3600.00,0.00,,金錢,屏東縣屏東市****,08-7*****,
118,葉壽山,109年立法委員選舉,首次申報,1081210,個人捐贈收入,林鴻盛,,5000.00,0.00,,金錢,屏東縣里港鄉****,0933*****,
119,葉壽山,109年立法委員選舉,首次申報,1081210,個人捐贈收入,徐和成,,10000.00,0.00,,金錢,屏東縣麟洛鄉****,0937*****,
120,葉壽山,109年立法委員選舉,首次申報,1081210,個人捐贈收入,曾憲楨,,500.00,0.00,,金錢,高雄市岡山區****,0919*****,
121,葉壽山,109年立法委員選舉,首次申報,1081210,個人捐贈收入,林憲祥,,5000.00,0.00,,金錢,高雄市鳳山區****,0931*****,
122,葉壽山,109年立法委員選舉,首次申報,1081210,個人捐贈收入,顏久曜,E12*******,20000.00,0.00,,金錢,高雄市三民區****,0911*****,
123,葉壽山,109年立法委員選舉,首次申報,1081210,個人捐贈收入,葉文南,T12*******,2000.00,0.00,,金錢,屏東縣屏東市****,,
124,葉壽山,109年立法委員選舉,首次申報,1081210,個人捐贈收入,李莎曼,V20*******,1000.00,0.00,,金錢,屏東縣屏東市****,08-7*****,
125,葉壽山,109年立法委員選舉,首次申報,1081211,個人捐贈收入,龍春紹,K12*******,2000.00,0.00,,金錢,屏東縣屏東市****,0921*****,
126,葉壽山,109年立法委員選舉,首次申報,1081211,個人捐贈收入,張紘帷,R12*******,5000.00,0.00,,金錢,屏東縣屏東市****,0932*****,
127,葉壽山,109年立法委員選舉,首次申報,1081211,個人捐贈收入,陶粟芬,S20*******,3000.00,0.00,,金錢,屏東縣屏東市****,0987*****,
128,葉壽山,109年立法委員選舉,首次申報,1081211,個人捐贈收入,陳耀德,T10*******,3000.00,0.00,,金錢,屏東縣屏東市****,0937*****,
129,葉壽山,109年立法委員選舉,首次申報,1081211,個人捐贈收入,王富文,T10*******,2000.00,0.00,,金錢,屏東縣屏東市****,0933*****,
130,葉壽山,109年立法委員選舉,首次申報,1081211,個人捐贈收入,許永田,T10*******,3000.00,0.00,,金錢,屏東縣鹽埔鄉****,0922*****,
131,葉壽山,109年立法委員選舉,首次申報,1081211,個人捐贈收入,葉豐志,T10*******,2000.00,0.00,,金錢,屏東縣鹽埔鄉****,0928*****,
132,葉壽山,109年立法委員選舉,首次申報,1081211,個人捐贈收入,鍾錦蘭,T20*******,2000.00,0.00,,金錢,屏東縣屏東市****,08-7*****,
133,葉壽山,109年立法委員選舉,首次申報,1081211,個人捐贈收入,杜淑惠,T20*******,3000.00,0.00,,金錢,屏東縣屏東市****,0912*****,
134,葉壽山,109年立法委員選舉,首次申報,1081211,個人捐贈收入,黎淑櫻,T22*******,50000.00,0.00,,金錢,屏東縣屏東市****,0921*****,
135,葉壽山,109年立法委員選舉,首次申報,1081211,個人捐贈收入,李千穗,T22*******,100000.00,0.00,,金錢,屏東縣屏東市****,08-7*****,
136,葉壽山,109年立法委員選舉,首次申報,1081211,個人捐贈收入,謝季庭,T22*******,5000.00,0.00,,金錢,高雄市苓雅區****,0928*****,
137,葉壽山,109年立法委員選舉,首次申報,1081211,個人捐贈收入,劉一萱,T22*******,20000.00,0.00,,金錢,屏東縣屏東市****,08-7*****,
138,葉壽山,109年立法委員選舉,首次申報,1081212,個人捐贈收入,徐永明,,500.00,0.00,,金錢,臺北市大同區****,0981*****,
139,葉壽山,109年立法委員選舉,首次申報,1081212,個人捐贈收入,王秋貴,,1000.00,0.00,,金錢,屏東縣鹽埔鄉****,0927*****,
140,葉壽山,109年立法委員選舉,首次申報,1081212,個人捐贈收入,楊文輝,R12*******,20000.00,0.00,,金錢,高雄市楠梓區****,0986*****,
141,葉壽山,109年立法委員選舉,首次申報,1081212,個人捐贈收入,張文榮,R12*******,11111.00,0.00,,金錢,高雄市左營區****,0988*****,
142,葉壽山,109年立法委員選舉,首次申報,1081212,個人捐贈收入,劉奕辰,T12*******,6000.00,0.00,,金錢,屏東縣屏東市****,08-7*****,
143,葉壽山,109年立法委員選舉,首次申報,1081212,個人捐贈收入,閰志剛,T12*******,2020.00,0.00,,金錢,屏東縣屏東市****,0920*****,
144,葉壽山,109年立法委員選舉,首次申報,1081213,人民團體捐贈收入,社團法人屏東縣牙醫師公會,,50000.00,0.00,,金錢,屏東市和生路****,7239*****,
145,葉壽山,109年立法委員選舉,首次申報,1081213,個人捐贈收入,周茂陽,,10000.00,0.00,,金錢,屏東縣新園鄉****,0927*****,
146,葉壽山,109年立法委員選舉,首次申報,1081213,個人捐贈收入,陳德貴,,5000.00,0.00,,金錢,屏東縣竹田鄉****,0933*****,
147,葉壽山,109年立法委員選舉,首次申報,1081213,個人捐贈收入,陳榮生,,1000.00,0.00,,金錢,高雄市鳳山區****,0935*****,
148,葉壽山,109年立法委員選舉,首次申報,1081213,個人捐贈收入,鄭涵聲,,2000.00,0.00,,金錢,屏東縣屏東市****,0927*****,
149,葉壽山,109年立法委員選舉,首次申報,1081213,個人捐贈收入,鄧鴻超,S10*******,10000.00,0.00,,金錢,高雄市橋頭區****,0910*****,
150,葉壽山,109年立法委員選舉,首次申報,1081213,個人捐贈收入,王緒文,T10*******,3000.00,0.00,,金錢,屏東縣屏東市****,08-7*****,
151,葉壽山,109年立法委員選舉,首次申報,1081213,個人捐贈收入,曾世雄,T10*******,2000.00,0.00,,金錢,屏東縣內埔鄉****,0915*****,
152,葉壽山,109年立法委員選舉,首次申報,1081213,個人捐贈收入,林順明,T10*******,1000.00,0.00,,金錢,屏東縣屏東市****,0977*****,
153,葉壽山,109年立法委員選舉,首次申報,1081213,個人捐贈收入,詹良瑞,T10*******,1500.00,0.00,,金錢,屏東縣屏東市****,08-7*****,
154,葉壽山,109年立法委員選舉,首次申報,1081213,個人捐贈收入,許昭雄,T10*******,500.00,0.00,,金錢,屏東縣屏東市****,08-7*****,
155,葉壽山,109年立法委員選舉,首次申報,1081213,個人捐贈收入,蕭幼華,T10*******,1000.00,0.00,,金錢,屏東縣屏東市****,0937*****,
156,葉壽山,109年立法委員選舉,首次申報,1081213,個人捐贈收入,張開明,T12*******,1000.00,0.00,,金錢,屏東縣長治鄉****,0932*****,
157,葉壽山,109年立法委員選舉,首次申報,1081213,個人捐贈收入,王光輝,T12*******,3000.00,0.00,,金錢,屏東縣屏東市****,0931*****,
158,葉壽山,109年立法委員選舉,首次申報,1081213,個人捐贈收入,許美鶯,T20*******,1000.00,0.00,,金錢,屏東縣屏東市****,08-7*****,
159,葉壽山,109年立法委員選舉,首次申報,1081213,個人捐贈收入,林鄔秀賢,T20*******,2000.00,0.00,,金錢,屏東縣內埔鄉****,08-7*****,
160,葉壽山,109年立法委員選舉,首次申報,1081213,個人捐贈收入,聞心安,T22*******,2000.00,0.00,,金錢,屏東縣屏東市****,0985*****,
161,葉壽山,109年立法委員選舉,首次申報,1081213,個人捐贈收入,陳素綿,T22*******,2000.00,0.00,,金錢,屏東縣屏東市****,0920*****,
162,葉壽山,109年立法委員選舉,首次申報,1081213,個人捐贈收入,韓景春,U10*******,2020.00,0.00,,金錢,屏東縣長治鄉****,0911*****,
163,葉壽山,109年立法委員選舉,首次申報,1081216,個人捐贈收入,楊淳淳,F22*******,100000.00,0.00,,金錢,高雄市仁武區****,07-5*****,
164,葉壽山,109年立法委員選舉,首次申報,1081216,個人捐贈收入,鍾雲校,H20*******,1000.00,0.00,,金錢,臺北市信義區****,0920*****,
165,葉壽山,109年立法委員選舉,首次申報,1081216,個人捐贈收入,陳淑蘭,T22*******,5000.00,0.00,,金錢,,0926*****,
166,葉壽山,109年立法委員選舉,首次申報,1081216,個人捐贈收入,吳凰璽,T22*******,2000.00,0.00,,金錢,高雄市小港區****,0921*****,
167,葉壽山,109年立法委員選舉,首次申報,1081216,個人捐贈收入,黃麗萍,T22*******,100000.00,0.00,,金錢,高雄市鼓山區****,07-5*****,
168,葉壽山,109年立法委員選舉,首次申報,1081217,個人捐贈收入,張美利,,300.00,0.00,,金錢,屏東縣屏東市****,0958*****,
169,葉壽山,109年立法委員選舉,首次申報,1081217,個人捐贈收入,林靜蘭,,2000.00,0.00,,金錢,屏東縣麟洛鄉****,08-7*****,
170,葉壽山,109年立法委員選舉,首次申報,1081217,個人捐贈收入,陳玉珍,,2000.00,0.00,,金錢,屏東縣麟洛鄉****,0935*****,
171,葉壽山,109年立法委員選舉,首次申報,1081217,個人捐贈收入,侯玉滿,,2200.00,0.00,,金錢,屏東縣內埔鄉****,0989*****,
172,葉壽山,109年立法委員選舉,首次申報,1081217,營利事業捐贈收入,里一實業有限公司,07995087,300000.00,0.00,,金錢,屏東縣屏東市****,08-7*****,
173,葉壽山,109年立法委員選舉,首次申報,1081217,個人捐贈收入,李又淇,A22*******,10000.00,0.00,,金錢,屏東縣屏東市****,0930*****,
174,葉壽山,109年立法委員選舉,首次申報,1081217,個人捐贈收入,施鴻基,B10*******,6000.00,0.00,,金錢,高雄市三民區****,0983*****,
175,葉壽山,109年立法委員選舉,首次申報,1081217,個人捐贈收入,陸教義,D12*******,10000.00,0.00,,金錢,高雄市鼓山區****,0935*****,
176,葉壽山,109年立法委員選舉,首次申報,1081217,個人捐贈收入,徐乃舒,D12*******,2000.00,0.00,,金錢,高雄市鼓山區****,0932*****,
177,葉壽山,109年立法委員選舉,首次申報,1081217,個人捐贈收入,張建海,E12*******,2000.00,0.00,,金錢,金門縣金寧鄉****,0937*****,
178,葉壽山,109年立法委員選舉,首次申報,1081217,個人捐贈收入,霍立珍,E20*******,5000.00,0.00,,金錢,高雄市岡山區****,07-6*****,
179,葉壽山,109年立法委員選舉,首次申報,1081217,個人捐贈收入,王瓊玉,E22*******,3000.00,0.00,,金錢,高雄市楠梓區****,0931*****,
180,葉壽山,109年立法委員選舉,首次申報,1081217,個人捐贈收入,林孟璁,F12*******,20000.00,0.00,,金錢,新竹市四維路****,,
181,葉壽山,109年立法委員選舉,首次申報,1081217,個人捐贈收入,曹桓榮,S12*******,30000.00,0.00,,金錢,高雄市岡山區****,0988*****,
182,葉壽山,109年立法委員選舉,首次申報,1081217,個人捐贈收入,劉萬得,T10*******,2000.00,0.00,,金錢,屏東縣林邊鄉****,0921*****,
183,葉壽山,109年立法委員選舉,首次申報,1081217,個人捐贈收入,周俊利,T12*******,10000.00,0.00,,金錢,屏東縣屏東市****,0935*****,
184,葉壽山,109年立法委員選舉,首次申報,1081217,個人捐贈收入,林進清,T12*******,5000.00,0.00,,金錢,臺中市南屯區****,0917*****,
185,葉壽山,109年立法委員選舉,首次申報,1081217,個人捐贈收入,林憲宜,T12*******,20000.00,0.00,,金錢,,0932*****,
186,葉壽山,109年立法委員選舉,首次申報,1081217,個人捐贈收入,董杏雪,T20*******,1000.00,0.00,,金錢,屏東縣屏東市****,08-7*****,
187,葉壽山,109年立法委員選舉,首次申報,1081218,個人捐贈收入,王慶洲,T12*******,5000.00,0.00,,金錢,屏東縣里港鄉****,0933*****,
188,葉壽山,109年立法委員選舉,首次申報,1081219,人民團體捐贈收入,中華民國藥師公會全國聯合會,,100000.00,0.00,,金錢,台北市中山區****,02-2*****,
189,葉壽山,109年立法委員選舉,首次申報,1081219,營利事業捐贈收入,豐屏股份有限公司,57051725,100000.00,0.00,,金錢,屏東縣屏東市****,08-7*****,
190,葉壽山,109年立法委員選舉,首次申報,1081219,營利事業捐贈收入,大帝興業股份有限公司,89849751,100000.00,0.00,,金錢,屏東縣屏東市****,08-7*****,
191,葉壽山,109年立法委員選舉,首次申報,1081219,個人捐贈收入,李亞梅,A22*******,10000.00,0.00,,金錢,臺北市信義區****,0939*****,
192,葉壽山,109年立法委員選舉,首次申報,1081219,個人捐贈收入,王光麒,E10*******,1000.00,0.00,,金錢,屏東縣屏東市****,08-7*****,
193,葉壽山,109年立法委員選舉,首次申報,1081219,個人捐贈收入,張瑞淵,E10*******,5000.00,0.00,,金錢,屏東縣屏東市****,0918*****,
194,葉壽山,109年立法委員選舉,首次申報,1081219,個人捐贈收入,莊鈺谷,E12*******,100000.00,0.00,,金錢,高雄市苓雅區****,,
195,葉壽山,109年立法委員選舉,首次申報,1081219,個人捐贈收入,莊凱婷,E22*******,100000.00,0.00,,金錢,高雄市苓雅區****,,
196,葉壽山,109年立法委員選舉,首次申報,1081219,個人捐贈收入,吳孟憲,Q12*******,10000.00,0.00,,金錢,高雄市小港區****,0918*****,
197,葉壽山,109年立法委員選舉,首次申報,1081219,個人捐贈收入,柳文彥,T10*******,10000.00,0.00,,金錢,新北市永和區****,0932*****,
198,葉壽山,109年立法委員選舉,首次申報,1081219,個人捐贈收入,連敏明,T10*******,3000.00,0.00,,金錢,屏東縣屏東市****,0921*****,
199,葉壽山,109年立法委員選舉,首次申報,1081219,個人捐贈收入,陳春民,T10*******,1000.00,0.00,,金錢,高雄市鳳山區****,0921*****,
200,葉壽山,109年立法委員選舉,首次申報,1081219,個人捐贈收入,陳素勤,T20*******,100000.00,0.00,,金錢,屏東縣屏東市****,0939*****,
201,葉壽山,109年立法委員選舉,首次申報,1081219,個人捐贈收入,鍾麗珍,T20*******,1000.00,0.00,,金錢,屏東縣屏東市****,0927*****,
202,葉壽山,109年立法委員選舉,首次申報,1081219,個人捐贈收入,郭桂花,T20*******,2000.00,0.00,,金錢,屏東縣屏東市****,0932*****,
203,葉壽山,109年立法委員選舉,首次申報,1081219,個人捐贈收入,張寶丹,T22*******,3000.00,0.00,,金錢,屏東縣屏東市****,0952*****,
204,葉壽山,109年立法委員選舉,首次申報,1081219,個人捐贈收入,簡泰榮,V12*******,10000.00,0.00,,金錢,高雄市左營區****,0938*****,
205,葉壽山,109年立法委員選舉,首次申報,1081220,人民團體捐贈收入,中華民國工商建設研究會,,50000.00,0.00,,金錢,臺北市大安區****,02-2*****,
206,葉壽山,109年立法委員選舉,首次申報,1081220,個人捐贈收入,戴良恭,Q12*******,20000.00,0.00,,金錢,新北市永和區****,0932*****,
207,葉壽山,109年立法委員選舉,首次申報,1081221,其他收入,利息收入,,479.00,0.00,,金錢,,,
208,葉壽山,109年立法委員選舉,首次申報,1081223,個人捐贈收入,陳季惠,,2000.00,0.00,,金錢,臺北市大同區****,,
209,葉壽山,109年立法委員選舉,首次申報,1081223,個人捐贈收入,胡信傳,E12*******,50000.00,0.00,,金錢,高雄市楠梓區****,07-7*****,
210,葉壽山,109年立法委員選舉,首次申報,1081223,個人捐贈收入,林賢謙,R12*******,1000.00,0.00,,金錢,高雄市苓雅區****,0986*****,
211,葉壽山,109年立法委員選舉,首次申報,1081224,個人捐贈收入,陳恆龍,E10*******,2000.00,0.00,,金錢,高雄市前鎮區****,0932*****,
212,葉壽山,109年立法委員選舉,首次申報,1081224,個人捐贈收入,葉瓊惠,E22*******,30000.00,0.00,,金錢,高雄市三民區****,0935*****,
213,葉壽山,109年立法委員選舉,首次申報,1081224,個人捐贈收入,林岳賢,G12*******,10000.00,0.00,,金錢,宜蘭縣宜蘭市****,0932*****,
214,葉壽山,109年立法委員選舉,首次申報,1081224,個人捐贈收入,林偉峰,R12*******,50000.00,0.00,,金錢,新北市新店區****,0933*****,
215,葉壽山,109年立法委員選舉,首次申報,1081224,個人捐贈收入,胡鳳明,S12*******,5000.00,0.00,,金錢,,07-2*****,
216,葉壽山,109年立法委員選舉,首次申報,1081224,個人捐贈收入,鍾南雄,T10*******,10000.00,0.00,,金錢,屏東縣內埔鄉****,0932*****,
217,葉壽山,109年立法委員選舉,首次申報,1081224,個人捐贈收入,張國威,T10*******,50000.00,0.00,,金錢,屏東縣屏東市****,0928*****,
218,葉壽山,109年立法委員選舉,首次申報,1081224,個人捐贈收入,鄭榮欽,T12*******,1000.00,0.00,,金錢,屏東縣內埔鄉****,0939*****,
219,葉壽山,109年立法委員選舉,首次申報,1081224,個人捐贈收入,周銀鳳,T20*******,3000.00,0.00,,金錢,屏東縣屏東市****,0923*****,
220,葉壽山,109年立法委員選舉,首次申報,1081224,個人捐贈收入,游莉莉,T20*******,2000.00,0.00,,金錢,屏東縣屏東市****,0932*****,
221,葉壽山,109年立法委員選舉,首次申報,1081224,個人捐贈收入,鄭鳳足,T20*******,1000.00,0.00,,金錢,屏東縣屏東市****,0989*****,
222,葉壽山,109年立法委員選舉,首次申報,1081224,個人捐贈收入,邱華蓉,T22*******,2000.00,0.00,,金錢,屏東縣長治鄉****,0903*****,
223,葉壽山,109年立法委員選舉,首次申報,1081225,個人捐贈收入,莊素梅,,10000.00,0.00,,金錢,屏東縣屏東市****,0917*****,
224,葉壽山,109年立法委員選舉,首次申報,1081225,個人捐贈收入,吳天福,T10*******,100000.00,0.00,,金錢,屏東縣內埔鄉****,0932*****,
225,葉壽山,109年立法委員選舉,首次申報,1081226,個人捐贈收入,饒明元,A12*******,1000.00,0.00,,金錢,臺北市南港區****,0912*****,
226,葉壽山,109年立法委員選舉,首次申報,1081226,個人捐贈收入,景守鵬,E10*******,20000.00,0.00,,金錢,高雄市前鎮區****,0938*****,
227,葉壽山,109年立法委員選舉,首次申報,1081226,個人捐贈收入,陳謀,N12*******,60000.00,0.00,,金錢,臺中市大里區****,,
228,葉壽山,109年立法委員選舉,首次申報,1081226,個人捐贈收入,胡幼圃,S10*******,60000.00,0.00,,金錢,臺北市內湖區****,,
229,葉壽山,109年立法委員選舉,首次申報,1081226,個人捐贈收入,張益昌,T12*******,1000.00,0.00,,金錢,屏東縣屏東市****,0933*****,
230,葉壽山,109年立法委員選舉,首次申報,1081227,個人捐贈收入,李幸,,2000.00,0.00,,金錢,屏東縣屏東市****,08-7*****,
231,葉壽山,109年立法委員選舉,首次申報,1081227,個人捐贈收入,林少琳,,5000.00,0.00,,金錢,高雄市仁武區****,0928*****,
232,葉壽山,109年立法委員選舉,首次申報,1081227,匿名捐贈,匿名,,1000.00,0.00,,金錢,,,
233,葉壽山,109年立法委員選舉,首次申報,1081227,個人捐贈收入,賴朝英,,3000.00,0.00,,金錢,新北市新店區****,0922*****,
234,葉壽山,109年立法委員選舉,首次申報,1081227,個人捐贈收入,蔡美華,,20000.00,0.00,,金錢,高雄市大社區****,0915*****,
235,葉壽山,109年立法委員選舉,首次申報,1081227,營利事業捐贈收入,環泰企業股份有限公司,12529007,100000.00,0.00,,金錢,桃園市蘆竹區****,03-2*****,
236,葉壽山,109年立法委員選舉,首次申報,1081227,個人捐贈收入,潘志勤,A12*******,100000.00,0.00,,金錢,高雄市楠梓區****,0936*****,
237,葉壽山,109年立法委員選舉,首次申報,1081227,個人捐贈收入,王俊仁,D12*******,10000.00,0.00,,金錢,高雄市三民區****,0937*****,
238,葉壽山,109年立法委員選舉,首次申報,1081227,個人捐贈收入,周玉祺,E12*******,10000.00,0.00,,金錢,高雄市新興區****,0937*****,
239,葉壽山,109年立法委員選舉,首次申報,1081227,個人捐贈收入,沈震宇,E12*******,10000.00,0.00,,金錢,高雄市鳥松區****,07-3*****,
240,葉壽山,109年立法委員選舉,首次申報,1081227,個人捐贈收入,郭國聖,E12*******,20000.00,0.00,,金錢,高雄市三民區****,0911*****,
241,葉壽山,109年立法委員選舉,首次申報,1081227,個人捐贈收入,張理君,H22*******,10000.00,0.00,,金錢,高雄市楠梓區****,0963*****,
242,葉壽山,109年立法委員選舉,首次申報,1081227,個人捐贈收入,王瑤環,J22*******,10000.00,0.00,,金錢,高雄市苓雅區****,0958*****,
243,葉壽山,109年立法委員選舉,首次申報,1081227,個人捐贈收入,賴聰宏,L10*******,20000.00,0.00,,金錢,高雄市楠梓區****,07-3*****,
244,葉壽山,109年立法委員選舉,首次申報,1081227,個人捐贈收入,楊宗力,Q10*******,20000.00,0.00,,金錢,高雄市三民區****,0932*****,
245,葉壽山,109年立法委員選舉,首次申報,1081227,個人捐贈收入,蕭志文,S10*******,30000.00,0.00,,金錢,高雄市新興區****,,
246,葉壽山,109年立法委員選舉,首次申報,1081227,個人捐贈收入,蔡水明,T10*******,5000.00,0.00,,金錢,屏東縣內埔鄉****,0975*****,
247,葉壽山,109年立法委員選舉,首次申報,1081227,個人捐贈收入,邱傳明,T12*******,20000.00,0.00,,金錢,屏東縣屏東市****,,
248,葉壽山,109年立法委員選舉,首次申報,1081227,個人捐贈收入,趙新志,T12*******,6000.00,0.00,,金錢,屏東縣屏東市****,0956*****,
249,葉壽山,109年立法委員選舉,首次申報,1081227,個人捐贈收入,林秀芳,T22*******,2000.00,0.00,,金錢,屏東縣屏東市****,0972*****,
250,葉壽山,109年立法委員選舉,首次申報,1081230,個人捐贈收入,李漢華,,2000.00,0.00,,金錢,,08-7*****,
251,葉壽山,109年立法委員選舉,首次申報,1081230,個人捐贈收入,鄭鴻,T12*******,3000.00,0.00,,金錢,屏東縣屏東市****,0919*****,
252,葉壽山,109年立法委員選舉,首次申報,1081231,個人捐贈收入,李燕雪,,2020.00,0.00,,金錢,臺中市南屯區****,0983*****,
253,葉壽山,109年立法委員選舉,首次申報,1081231,個人捐贈收入,徐政彥,,5000.00,0.00,,金錢,澎湖縣馬公市****,0936*****,
254,葉壽山,109年立法委員選舉,首次申報,1081231,營利事業捐贈收入,鑫輝鋼鐵股份有限公司,23651291,500000.00,0.00,,金錢,高雄市岡山區****,07-6*****,
255,葉壽山,109年立法委員選舉,首次申報,1081231,個人捐贈收入,呂芳雄,E10*******,2000.00,0.00,,金錢,屏東縣屏東市****,0932*****,
256,葉壽山,109年立法委員選舉,首次申報,1081231,個人捐贈收入,賴宜勵,E22*******,100000.00,0.00,,金錢,屏東縣車城鄉****,,
257,葉壽山,109年立法委員選舉,首次申報,1081231,個人捐贈收入,張玲鳳,F22*******,3000.00,0.00,,金錢,屏東縣長治鄉****,0919*****,
258,葉壽山,109年立法委員選舉,首次申報,1081231,個人捐贈收入,石再益,S12*******,6000.00,0.00,,金錢,高雄市鼓山區****,0988*****,
259,葉壽山,109年立法委員選舉,首次申報,1081231,個人捐贈收入,華加志,T10*******,6000.00,0.00,,金錢,屏東縣屏東市****,0926*****,
260,葉壽山,109年立法委員選舉,首次申報,1081231,個人捐贈收入,蕭世彥,T10*******,3000.00,0.00,,金錢,屏東縣屏東市****,0929*****,
261,葉壽山,109年立法委員選舉,首次申報,1081231,個人捐贈收入,謝耀宏,T10*******,2000.00,0.00,,金錢,屏東縣屏東市****,0939*****,
262,葉壽山,109年立法委員選舉,首次申報,1081231,個人捐贈收入,陳陽焜,T10*******,5000.00,0.00,,金錢,屏東縣車城鄉****,0932*****,
263,葉壽山,109年立法委員選舉,首次申報,1081231,個人捐贈收入,邱國智,T12*******,10000.00,0.00,,金錢,屏東縣高樹鄉****,0963*****,
264,葉壽山,109年立法委員選舉,首次申報,1081231,個人捐贈收入,陳仲信,T12*******,38000.00,0.00,,金錢,屏東縣九如鄉****,0910*****,
265,葉壽山,109年立法委員選舉,首次申報,1081231,個人捐贈收入,盧國欽,T12*******,30000.00,0.00,,金錢,高雄市鼓山區****,0933*****,
266,葉壽山,109年立法委員選舉,首次申報,1081231,個人捐贈收入,黃月霞,T22*******,5000.00,0.00,,金錢,屏東縣屏東市****,0929*****,
267,葉壽山,109年立法委員選舉,首次申報,1090102,匿名捐贈,匿名,,1000.00,0.00,,金錢,,,
268,葉壽山,109年立法委員選舉,首次申報,1090102,個人捐贈收入,周守溪,,1000.00,0.00,,金錢,屏東縣屏東市****,0933*****,
269,葉壽山,109年立法委員選舉,首次申報,1090102,人民團體捐贈收入,屏東縣不動產開發商業同業公會,,200000.00,0.00,,金錢,屏東市廣東南****,7560*****,
270,葉壽山,109年立法委員選舉,首次申報,1090102,營利事業捐贈收入,宏偉冷凍食品股份有限公司,13187561,100000.00,0.00,,金錢,屏東縣高樹鄉****,08-7*****,
271,葉壽山,109年立法委員選舉,首次申報,1090102,營利事業捐贈收入,安佑建設股份有限公司,79978853,100000.00,0.00,,金錢,屏東縣屏東市****,08-7*****,
272,葉壽山,109年立法委員選舉,首次申報,1090102,個人捐贈收入,呂綺修,E22*******,60000.00,0.00,,金錢,高雄市新興區****,0908*****,
273,葉壽山,109年立法委員選舉,首次申報,1090102,個人捐贈收入,謝政權,R10*******,1000.00,0.00,,金錢,屏東縣屏東市****,0963*****,
274,葉壽山,109年立法委員選舉,首次申報,1090102,個人捐贈收入,邱聖博,R12*******,10000.00,0.00,,金錢,臺北市信義區****,0937*****,
275,葉壽山,109年立法委員選舉,首次申報,1090102,個人捐贈收入,張永賢,S10*******,1000.00,0.00,,金錢,屏東縣屏東市****,0937*****,
276,葉壽山,109年立法委員選舉,首次申報,1090102,個人捐贈收入,林孝先,T10*******,100000.00,0.00,,金錢,屏東縣潮州鎮****,,
277,葉壽山,109年立法委員選舉,首次申報,1090102,個人捐贈收入,賴鎮城,T10*******,5000.00,0.00,,金錢,屏東縣長治鄉****,0965*****,
278,葉壽山,109年立法委員選舉,首次申報,1090102,個人捐贈收入,廖展毅,T12*******,100000.00,0.00,,金錢,屏東縣車城鄉****,,
279,葉壽山,109年立法委員選舉,首次申報,1090102,個人捐贈收入,廖婉廷,T22*******,100000.00,0.00,,金錢,新北市三重區****,,
280,葉壽山,109年立法委員選舉,首次申報,1090102,個人捐贈收入,李成貞,T22*******,1000.00,0.00,,金錢,屏東縣屏東市****,0912*****,
281,葉壽山,109年立法委員選舉,首次申報,1090102,個人捐贈收入,黃桂玉,T22*******,1000.00,0.00,,金錢,屏東縣屏東市****,08-7*****,
282,葉壽山,109年立法委員選舉,首次申報,1090102,個人捐贈收入,廖婉汝,T22*******,100000.00,0.00,,金錢,屏東縣潮州鎮****,,
283,葉壽山,109年立法委員選舉,首次申報,1090102,個人捐贈收入,曹春金,T22*******,1000.00,0.00,,金錢,屏東縣屏東市****,0963*****,
284,葉壽山,109年立法委員選舉,首次申報,1090103,個人捐贈收入,劉大宏,,6600.00,0.00,,金錢,高雄市鼓山區****,0975*****,
285,葉壽山,109年立法委員選舉,首次申報,1090106,個人捐贈收入,于承平,C12*******,100000.00,0.00,,金錢,臺北市內湖區****,,
286,葉壽山,109年立法委員選舉,首次申報,1090106,個人捐贈收入,張國棟,S12*******,10000.00,0.00,,金錢,屏東縣佳冬鄉****,0937*****,
287,葉壽山,109年立法委員選舉,首次申報,1090107,個人捐贈收入,謝孟庭,,2000.00,0.00,,金錢,,0932*****,
288,葉壽山,109年立法委員選舉,首次申報,1090107,個人捐贈收入,徐淑容,,3000.00,0.00,,金錢,屏東縣屏東市****,0958*****,
289,葉壽山,109年立法委員選舉,首次申報,1090107,個人捐贈收入,盧佩吟,D22*******,30000.00,0.00,,金錢,高雄市鼓山區****,07-5*****,
290,葉壽山,109年立法委員選舉,首次申報,1090108,個人捐贈收入,丁豫中,,10000.00,0.00,,金錢,新北市樹林區****,0933*****,
291,葉壽山,109年立法委員選舉,首次申報,1090108,個人捐贈收入,吳國源,,20000.00,0.00,,金錢,桃園市桃園區****,0930*****,
292,葉壽山,109年立法委員選舉,首次申報,1090108,營利事業捐贈收入,鈞惠工業股份有限公司,23246934,10000.00,0.00,,金錢,屏東縣萬丹鄉****,08-7*****,
293,葉壽山,109年立法委員選舉,首次申報,1090108,個人捐贈收入,唐貞觀,A12*******,1600.00,0.00,,金錢,屏東縣萬巒鄉****,0910*****,
294,葉壽山,109年立法委員選舉,首次申報,1090108,個人捐贈收入,唐綺雲,E22*******,5000.00,0.00,,金錢,高雄市苓雅區****,,
295,葉壽山,109年立法委員選舉,首次申報,1090108,個人捐贈收入,鄧順得,T10*******,2000.00,0.00,,金錢,屏東縣屏東市****,08-7*****,
296,葉壽山,109年立法委員選舉,首次申報,1090108,個人捐贈收入,張健盟,T10*******,6000.00,0.00,,金錢,屏東縣長治鄉****,0933*****,
297,葉壽山,109年立法委員選舉,首次申報,1090108,個人捐贈收入,李慕萍,T20*******,3300.00,0.00,,金錢,屏東縣屏東市****,0938*****,
298,葉壽山,109年立法委員選舉,首次申報,1090108,個人捐贈收入,陳清淋,V10*******,3000.00,0.00,,金錢,屏東縣九如鄉****,0953*****,
299,葉壽山,109年立法委員選舉,首次申報,1090109,個人捐贈收入,章坤忠,,3000.00,0.00,,金錢,屏東縣屏東市****,0910*****,
300,葉壽山,109年立法委員選舉,首次申報,1090109,營利事業捐贈收入,統芳生物科技股份有限公司,86956550,10000.00,0.00,,金錢,臺南市永康區****,06-2*****,
301,葉壽山,109年立法委員選舉,首次申報,1090109,個人捐贈收入,陳靜江,S22*******,30000.00,0.00,,金錢,高雄市彌陀區****,0919*****,
302,葉壽山,109年立法委員選舉,首次申報,1090110,個人捐贈收入,潘清收,,10088.00,0.00,,金錢,屏東縣潮州鎮****,0933*****,
303,葉壽山,109年立法委員選舉,首次申報,1090110,營利事業捐贈收入,利家房屋仲介有限公司,24630393,5000.00,0.00,,金錢,屏東縣屏東市****,,
304,葉壽山,109年立法委員選舉,首次申報,1090110,個人捐贈收入,江幸謹,Q22*******,100000.00,0.00,,金錢,臺北市文山區****,,
305,葉壽山,109年立法委員選舉,首次申報,1090110,個人捐贈收入,蔡森郎,T10*******,20000.00,0.00,,金錢,高雄市鳳山區****,07-7*****,
306,葉壽山,109年立法委員選舉,首次申報,1090110,個人捐贈收入,林順謝,T10*******,5000.00,0.00,,金錢,屏東縣屏東市****,0903*****,
