﻿序號,擬參選人／政黨,選舉名稱,申報序號／年度,交易日期,收支科目,捐贈者／支出對象,身分證／統一編號,收入金額,支出金額,捐贈方式,存入專戶日期,返還/繳庫,支出用途,金錢類,地址,聯絡電話,應揭露之支出對象,支出對象之內部人員姓名,支出對象之內部人員職稱,政黨之內部人員姓名,政黨之內部人員職稱,關係,更正註記,資料更正日期
1,林世宗,111年臺北市議員選舉,首次申報,1110727,個人捐贈收入,何本益,,10000.00,0.00,匯款,1110727,,,金錢,臺北市士林區****,,,,,,,,,
2,林世宗,111年臺北市議員選舉,首次申報,1110727,個人捐贈收入,莊春陽,,20000.00,0.00,匯款,1110727,,,金錢,臺北市士林區****,,,,,,,,,
3,林世宗,111年臺北市議員選舉,首次申報,1110727,個人捐贈收入,莊豐誠,,20000.00,0.00,匯款,1110727,,,金錢,臺北市士林區****,,,,,,,,,
4,林世宗,111年臺北市議員選舉,首次申報,1110727,個人捐贈收入,何玉柱,,20000.00,0.00,匯款,1110727,,,金錢,臺北市士林區****,,,,,,,,,
5,林世宗,111年臺北市議員選舉,首次申報,1110807,個人捐贈收入,劉達生,,20000.00,0.00,匯款,1110807,,,金錢,,0921*****,,,,,,,,
6,林世宗,111年臺北市議員選舉,首次申報,1110809,個人捐贈收入,梁麗華,N20*******,100000.00,0.00,現金,1110811,,,金錢,臺北市北投區****,2827*****,,,,,,,,
7,林世宗,111年臺北市議員選舉,首次申報,1110811,個人捐贈收入,阮新吉,Y12*******,20000.00,0.00,現金,1110811,,,金錢,臺北市北投區****,,,,,,,,,
8,林世宗,111年臺北市議員選舉,首次申報,1110818,個人捐贈收入,郭恆孝,Y12*******,60000.00,0.00,匯款,1110818,,,金錢,臺北市士林區****,0920*****,,,,,,,,
9,林世宗,111年臺北市議員選舉,首次申報,1110819,個人捐贈收入,張寶龍,A12*******,100000.00,0.00,現金,1110823,,,金錢,臺北市北投區****,0932*****,,,,,,,,
10,林世宗,111年臺北市議員選舉,首次申報,1110823,個人捐贈收入,陳秋蘭,,20000.00,0.00,現金,1110823,,,金錢,,0983*****,,,,,,,,
11,林世宗,111年臺北市議員選舉,首次申報,1110901,個人捐贈收入,高麗容,P20*******,30000.00,0.00,匯款,1110901,,,金錢,臺北市大安區****,0920*****,,,,,,,,
12,林世宗,111年臺北市議員選舉,首次申報,1110907,個人捐贈收入,陳清安,Y10*******,10000.00,0.00,匯款,1110907,,,金錢,臺北市北投區****,2896*****,,,,,,,,
13,林世宗,111年臺北市議員選舉,首次申報,1110912,個人捐贈收入,孟素娥,F20*******,100000.00,0.00,匯款,1110912,,,金錢,臺北市北投區****,0935*****,,,,,,,,
14,林世宗,111年臺北市議員選舉,首次申報,1110913,個人捐贈收入,吳美珠,,2000.00,0.00,現金,1110913,,,金錢,臺北市北投區****,0919*****,,,,,,,,
15,林世宗,111年臺北市議員選舉,首次申報,1110913,個人捐贈收入,林寶興,J10*******,30000.00,0.00,匯款,1110913,,,金錢,新北市板橋區****,0987*****,,,,,,,,
16,林世宗,111年臺北市議員選舉,首次申報,1110913,個人捐贈收入,林寶順,P22*******,12000.00,0.00,現金,1110913,,,金錢,臺北市北投區****,0978*****,,,,,,,,
17,林世宗,111年臺北市議員選舉,首次申報,1110914,個人捐贈收入,連淳瀅,F22*******,19369.00,0.00,,,,,非金錢,新北市中和區****,2226*****,,,,,,,,
18,林世宗,111年臺北市議員選舉,首次申報,1110918,匿名捐贈,匿名,,6000.00,0.00,匯款,1110918,,,金錢,,,,,,,,,,
19,林世宗,111年臺北市議員選舉,首次申報,1110919,個人捐贈收入,鄒枝和,,20000.00,0.00,現金,1110919,,,金錢,,0937*****,,,,,,,,
20,林世宗,111年臺北市議員選舉,首次申報,1110919,匿名捐贈,匿名,,10000.00,0.00,現金,1110919,,,金錢,,,,,,,,,,
21,林世宗,111年臺北市議員選舉,首次申報,1110919,匿名捐贈,匿名,,10000.00,0.00,現金,1110919,,,金錢,,,,,,,,,,
22,林世宗,111年臺北市議員選舉,首次申報,1110919,匿名捐贈,匿名,,10000.00,0.00,現金,1110919,,,金錢,,,,,,,,,,
23,林世宗,111年臺北市議員選舉,首次申報,1110919,營利事業捐贈收入,嘉一香食品股份有限公司,22176410,100000.00,0.00,現金,1110919,已返還,,金錢,臺北市萬華區****,2689*****,,,,,,,,
24,林世宗,111年臺北市議員選舉,首次申報,1110919,營利事業捐贈收入,三鴻實業有限公司,97078974,100000.00,0.00,現金,1110919,,,金錢,新北市林口區****,2602*****,,,,,,,,
25,林世宗,111年臺北市議員選舉,首次申報,1110919,個人捐贈收入,楊沛桓,A12*******,50000.00,0.00,現金,1110919,,,金錢,臺北市萬華區****,0936*****,,,,,,,,
26,林世宗,111年臺北市議員選舉,首次申報,1110919,個人捐贈收入,江國煌,F12*******,50000.00,0.00,現金,1110919,,,金錢,臺北市中山區****,0976*****,,,,,,,,
27,林世宗,111年臺北市議員選舉,首次申報,1110919,個人捐贈收入,張文賢,F12*******,50000.00,0.00,現金,1110919,,,金錢,臺北市北投區****,0935*****,,,,,,,,
28,林世宗,111年臺北市議員選舉,首次申報,1110919,個人捐贈收入,陳碧成,L12*******,50000.00,0.00,現金,1110919,,,金錢,臺北市中正區****,0935*****,,,,,,,,
29,林世宗,111年臺北市議員選舉,首次申報,1110919,個人捐贈收入,黃麗真,Q22*******,50000.00,0.00,匯款,1110919,,,金錢,臺北市北投區****,0929*****,,,,,,,,
30,林世宗,111年臺北市議員選舉,首次申報,1110919,個人捐贈收入,余慶豐,R10*******,10000.00,0.00,匯款,1110919,,,金錢,臺北市內湖區****,0928*****,,,,,,,,
31,林世宗,111年臺北市議員選舉,首次申報,1110920,個人捐贈收入,賴淑華,,1000.00,0.00,匯款,1110920,,,金錢,臺北市北投區****,,,,,,,,,
32,林世宗,111年臺北市議員選舉,首次申報,1110920,匿名捐贈,匿名,,10000.00,0.00,匯款,1110920,,,金錢,,,,,,,,,,
33,林世宗,111年臺北市議員選舉,首次申報,1110920,個人捐贈收入,郭鑫郎,A12*******,50000.00,0.00,匯款,1110920,,,金錢,臺北市中山區****,0911*****,,,,,,,,
34,林世宗,111年臺北市議員選舉,首次申報,1110920,個人捐贈收入,陳振輝,A12*******,100000.00,0.00,現金,1110920,,,金錢,臺北市中山區****,0958*****,,,,,,,,
35,林世宗,111年臺北市議員選舉,首次申報,1110920,個人捐贈收入,張永孝,N10*******,30000.00,0.00,匯款,1110920,,,金錢,臺北市中正區****,0937*****,,,,,,,,
36,林世宗,111年臺北市議員選舉,首次申報,1110921,個人捐贈收入,鄭媛齊,,10000.00,0.00,匯款,1110921,,,金錢,,2820*****,,,,,,,,
37,林世宗,111年臺北市議員選舉,首次申報,1110921,個人捐贈收入,林家寧,,10000.00,0.00,現金,1110921,,,金錢,臺北市北投區****,2891*****,,,,,,,,
38,林世宗,111年臺北市議員選舉,首次申報,1110922,個人捐贈收入,吳慶德,,2000.00,0.00,現金,1110922,,,金錢,,2820*****,,,,,,,,
39,林世宗,111年臺北市議員選舉,首次申報,1110922,個人捐贈收入,訾小華,,1000.00,0.00,匯款,1110922,,,金錢,,2820*****,,,,,,,,
40,林世宗,111年臺北市議員選舉,首次申報,1110922,個人捐贈收入,陳建民,A12*******,50000.00,0.00,匯款,1110922,,,金錢,新北市三重區****,0933*****,,,,,,,,
41,林世宗,111年臺北市議員選舉,首次申報,1110922,個人捐贈收入,徐至成,T12*******,20000.00,0.00,匯款,1110922,,,金錢,台北市北投區****,0930*****,,,,,,,,
42,林世宗,111年臺北市議員選舉,首次申報,1110923,人民團體捐贈收入,士東市場,,30000.00,0.00,現金,1110923,已返還,,金錢,臺北市士林區****,,,,,,,,,
43,林世宗,111年臺北市議員選舉,首次申報,1110923,個人捐贈收入,葉月華,F20*******,20000.00,0.00,匯款,1110923,,,金錢,臺北市北投區****,0953*****,,,,,,,,
44,林世宗,111年臺北市議員選舉,首次申報,1110924,個人捐贈收入,彭瑞麟,K12*******,50000.00,0.00,匯款,1110924,,,金錢,臺北市中山區****,0911*****,,,,,,,,
45,林世宗,111年臺北市議員選舉,首次申報,1110926,個人捐贈收入,郭文錫,,5000.00,0.00,匯款,1110926,,,金錢,新竹市北區光****,0910*****,,,,,,,,
46,林世宗,111年臺北市議員選舉,首次申報,1110926,個人捐贈收入,楊晴惟,A12*******,36000.00,0.00,匯款,1110926,,,金錢,臺北市士林區****,0932*****,,,,,,,,
47,林世宗,111年臺北市議員選舉,首次申報,1110927,個人捐贈收入,林俊宏,F12*******,100000.00,0.00,現金,1110927,,,金錢,臺北市中正區****,0919*****,,,,,,,,
48,林世宗,111年臺北市議員選舉,首次申報,1110927,個人捐贈收入,徐彩雲,F22*******,10000.00,0.00,現金,1110927,,,金錢,臺北市北投區****,0932*****,,,,,,,,
49,林世宗,111年臺北市議員選舉,首次申報,1110927,個人捐贈收入,張翔菁,T22*******,100000.00,0.00,現金,1110927,,,金錢,臺北市內湖區****,0919*****,,,,,,,,
50,林世宗,111年臺北市議員選舉,首次申報,1110928,個人捐贈收入,黃國雄,,5000.00,0.00,匯款,1110928,,,金錢,,2820*****,,,,,,,,
51,林世宗,111年臺北市議員選舉,首次申報,1110930,營利事業捐贈收入,和益化學工業股份有限公司,04312878,100000.00,0.00,匯款,1110930,,,金錢,臺北市中山區****,,,,,,,,,
52,林世宗,111年臺北市議員選舉,首次申報,1111003,個人捐贈收入,鄭進義,,3000.00,0.00,匯款,1111003,,,金錢,,2820*****,,,,,,,,
53,林世宗,111年臺北市議員選舉,首次申報,1111004,個人捐贈收入,劉昌益,,3000.00,0.00,匯款,1111004,,,金錢,,2820*****,,,,,,,,
54,林世宗,111年臺北市議員選舉,首次申報,1111004,個人捐贈收入,游靖睿,A12*******,20000.00,0.00,現金,1111004,,,金錢,台北市士林區****,0909*****,,,,,,,,
55,林世宗,111年臺北市議員選舉,首次申報,1111005,個人捐贈收入,黃斯聖,A12*******,20000.00,0.00,現金,1111005,,,金錢,臺北市士林區****,0926*****,,,,,,,,
56,林世宗,111年臺北市議員選舉,首次申報,1111005,個人捐贈收入,黃俊智,A12*******,20000.00,0.00,現金,1111005,,,金錢,臺北市士林區****,0932*****,,,,,,,,
57,林世宗,111年臺北市議員選舉,首次申報,1111005,個人捐贈收入,黃勇義,A12*******,50000.00,0.00,匯款,1111005,,,金錢,臺北市士林區****,0937*****,,,,,,,,
58,林世宗,111年臺北市議員選舉,首次申報,1111005,個人捐贈收入,邱翊涵,F12*******,20000.00,0.00,現金,1111005,,,金錢,新北市中和區****,0927*****,,,,,,,,
59,林世宗,111年臺北市議員選舉,首次申報,1111012,營利事業捐贈收入,信利貿易有限公司,84264526,10000.00,0.00,匯款,1111012,,,金錢,臺北市北投區****,2303*****,,,,,,,,
60,林世宗,111年臺北市議員選舉,首次申報,1111013,營利事業捐贈收入,必舒淨清潔有限公司,83639357,20000.00,0.00,匯款,1111013,,,金錢,臺北市北投區****,2896*****,,,,,,,,
61,林世宗,111年臺北市議員選舉,首次申報,1111017,個人捐贈收入,林坤謨,Q12*******,10000.00,0.00,匯款,1111017,,,金錢,臺北市中山區****,,,,,,,,,
62,林世宗,111年臺北市議員選舉,首次申報,1111020,個人捐贈收入,張瑋哲,F12*******,100000.00,0.00,匯款,1111020,,,金錢,臺北市大安區****,0919*****,,,,,,,,
63,林世宗,111年臺北市議員選舉,首次申報,1111021,個人捐贈收入,黃立偉,A12*******,10000.00,0.00,匯款,1111021,,,金錢,臺北市文山區****,0937*****,,,,,,,,
64,林世宗,111年臺北市議員選舉,首次申報,1111024,個人捐贈收入,張錦源,,2000.00,0.00,匯款,1111024,,,金錢,,2820*****,,,,,,,,
65,林世宗,111年臺北市議員選舉,首次申報,1111024,個人捐贈收入,曾錦煌,,20000.00,0.00,現金,1111024,,,金錢,臺北市松山區****,2751*****,,,,,,,,
66,林世宗,111年臺北市議員選舉,首次申報,1111024,人民團體捐贈收入,中華民國林氏宗親總會,,3000.00,0.00,現金,1111024,,,金錢,臺北市大同區****,,,,,,,,,
67,林世宗,111年臺北市議員選舉,首次申報,1111024,個人捐贈收入,廖榮清,F10*******,50000.00,0.00,現金,1111024,,,金錢,新北市板橋區****,0937*****,,,,,,,,
68,林世宗,111年臺北市議員選舉,首次申報,1111024,個人捐贈收入,簡博亮,F10*******,20000.00,0.00,現金,1111024,,,金錢,臺北市北投區****,0912*****,,,,,,,,
69,林世宗,111年臺北市議員選舉,首次申報,1111024,個人捐贈收入,林宜錚,F22*******,5000.00,0.00,現金,1111024,,,金錢,新北市三重區****,2989*****,,,,,,,,
70,林世宗,111年臺北市議員選舉,首次申報,1111024,個人捐贈收入,陳海淑,J22*******,6000.00,0.00,現金,1111024,,,金錢,臺北市北投區****,0918*****,,,,,,,,
71,林世宗,111年臺北市議員選舉,首次申報,1111024,個人捐贈收入,廖坤城,P12*******,5000.00,0.00,現金,1111024,,,金錢,臺北市北投區****,828-*****,,,,,,,,
72,林世宗,111年臺北市議員選舉,首次申報,1111024,個人捐贈收入,郭明霖,Y10*******,3000.00,0.00,現金,1111024,,,金錢,臺北市北投區****,,,,,,,,,
73,林世宗,111年臺北市議員選舉,首次申報,1111024,個人捐贈收入,陳美壽,Y10*******,100000.00,0.00,匯款,1111024,,,金錢,臺北市士林區****,0937*****,,,,,,,,
74,林世宗,111年臺北市議員選舉,首次申報,1111024,個人捐贈收入,洪文宗,Y12*******,20000.00,0.00,現金,1111024,,,金錢,台北市北投區****,0933*****,,,,,,,,
75,林世宗,111年臺北市議員選舉,首次申報,1111025,營利事業捐贈收入,元泰電器行,25551466,50000.00,0.00,現金,1111025,,,金錢,臺北市北投區****,2894*****,,,,,,,,
76,林世宗,111年臺北市議員選舉,首次申報,1111025,個人捐贈收入,陳冠仰,A11*******,100000.00,0.00,現金,1111025,,,金錢,臺北市內湖區****,0979*****,,,,,,,,
77,林世宗,111年臺北市議員選舉,首次申報,1111025,個人捐贈收入,吳書誼,A22*******,100000.00,0.00,現金,1111025,,,金錢,臺北市內湖區****,0930*****,,,,,,,,
78,林世宗,111年臺北市議員選舉,首次申報,1111025,個人捐贈收入,陳政村,G10*******,30000.00,0.00,匯款,1111025,,,金錢,臺北市北投區****,0972*****,,,,,,,,
79,林世宗,111年臺北市議員選舉,首次申報,1111026,個人捐贈收入,黃振成,M12*******,50000.00,0.00,匯款,1111026,,,金錢,臺北市北投區****,0911*****,,,,,,,,
80,林世宗,111年臺北市議員選舉,首次申報,1111027,個人捐贈收入,陳光弘,,2000.00,0.00,匯款,1111027,,,金錢,,2820*****,,,,,,,,
81,林世宗,111年臺北市議員選舉,首次申報,1111027,營利事業捐贈收入,晉暘汽車股份有限公司,23632577,50000.00,0.00,匯款,1111027,,,金錢,臺北市中山區****,2820*****,,,,,,,,
82,林世宗,111年臺北市議員選舉,首次申報,1111027,個人捐贈收入,宋柏達,A12*******,10000.00,0.00,現金,1111028,,,金錢,臺北市內湖區****,0939*****,,,,,,,,
83,林世宗,111年臺北市議員選舉,首次申報,1111028,個人捐贈收入,王雪英,,10000.00,0.00,匯款,1111028,,,金錢,,2820*****,,,,,,,,
84,林世宗,111年臺北市議員選舉,首次申報,1111028,個人捐贈收入,陳阿萬,,20000.00,0.00,匯款,1111028,,,金錢,台北市士林區****,0928*****,,,,,,,,
85,林世宗,111年臺北市議員選舉,首次申報,1111031,營利事業捐贈收入,大來國際證券投資顧問股份有限公司,28717716,80000.00,0.00,匯款,1111031,,,金錢,臺北市中正區****,2362*****,,,,,,,,
86,林世宗,111年臺北市議員選舉,首次申報,1111031,個人捐贈收入,陳國訓,P10*******,100000.00,0.00,匯款,1111031,,,金錢,新北市樹林區****,2689*****,,,,,,,,
87,林世宗,111年臺北市議員選舉,首次申報,1111101,個人捐贈收入,張仕賢,R12*******,100000.00,0.00,現金,1111101,,,金錢,臺北市中正區****,0937*****,,,,,,,,
88,林世宗,111年臺北市議員選舉,首次申報,1111107,人民團體捐贈收入,新北市林姓宗親會,,3000.00,0.00,現金,1111107,,,金錢,臺北市大同區****,2585*****,,,,,,,,
89,林世宗,111年臺北市議員選舉,首次申報,1111107,個人捐贈收入,蔡明倫,A12*******,20000.00,0.00,現金,1111107,,,金錢,臺北市北投區****,2823*****,,,,,,,,
90,林世宗,111年臺北市議員選舉,首次申報,1111107,個人捐贈收入,蔡政仁,A12*******,20000.00,0.00,現金,1111107,,,金錢,臺北市北投區****,2823*****,,,,,,,,
91,林世宗,111年臺北市議員選舉,首次申報,1111110,個人捐贈收入,劉政峰,,5000.00,0.00,現金,1111110,,,金錢,,2820*****,,,,,,,,
92,林世宗,111年臺北市議員選舉,首次申報,1111110,營利事業捐贈收入,艾婷投資股份有限公司,66612348,50000.00,0.00,匯款,1111110,已返還,,金錢,臺北市大安區****,,,,,,,,,
93,林世宗,111年臺北市議員選舉,首次申報,1111114,營利事業捐贈收入,富業實業股份有限公司,16865970,100000.00,0.00,票據,1111114,,,金錢,新北市三重區****,2973*****,,,,,,,,
94,林世宗,111年臺北市議員選舉,首次申報,1111116,個人捐贈收入,吳東昇,N12*******,60000.00,0.00,票據,1111116,,,金錢,彰化縣彰化市****,,,,,,,,,
95,林世宗,111年臺北市議員選舉,首次申報,1111116,個人捐贈收入,陳妍婷,S22*******,50000.00,0.00,匯款,1111116,,,金錢,臺北市大安區****,0988*****,,,,,,,,
96,林世宗,111年臺北市議員選舉,首次申報,1111117,營利事業捐贈收入,東金電機有限公司,16223750,50000.00,0.00,匯款,1111117,已返還,,金錢,桃園市龜山區****,03 3*****,,,,,,,,
97,林世宗,111年臺北市議員選舉,首次申報,1111117,營利事業捐贈收入,榮工實業股份有限公司,27945229,200000.00,0.00,匯款,1111117,,,金錢,高雄市楠梓區****,,,,,,,,,
98,林世宗,111年臺北市議員選舉,首次申報,1111117,個人捐贈收入,張榮昌,F12*******,50000.00,0.00,匯款,1111117,,,金錢,新北市三重區****,,,,,,,,,
99,林世宗,111年臺北市議員選舉,首次申報,1111120,個人捐贈收入,楊博森,A12*******,100000.00,0.00,匯款,1111120,,,金錢,新北市林口區****,2564*****,,,,,,,,
100,林世宗,111年臺北市議員選舉,首次申報,1111121,個人捐贈收入,胡清美,R20*******,10000.00,0.00,現金,1111121,,,金錢,臺北市士林區****,2835*****,,,,,,,,
