﻿序號,擬參選人／政黨,選舉名稱,申報序號／年度,交易日期,收支科目,捐贈者／支出對象,身分證／統一編號,收入金額,支出金額,捐贈方式,存入專戶日期,返還/繳庫,支出用途,金錢類,地址,聯絡電話,應揭露之支出對象,支出對象之內部人員姓名,支出對象之內部人員職稱,政黨之內部人員姓名,政黨之內部人員職稱,關係,更正註記,資料更正日期
1,賴瑞隆,113年立法委員選舉,首次申報,1120401,人事費用支出,鄭振昌,E10*******,0.00,20000.00,,,,工資或薪津,金錢,高雄市前鎮區****,,否,,,,,,,
2,賴瑞隆,113年立法委員選舉,首次申報,1120401,人事費用支出,宋明憲,E10*******,0.00,35000.00,,,,工資或薪津,金錢,高雄市前鎮區****,,否,,,,,,,
3,賴瑞隆,113年立法委員選舉,首次申報,1120401,人事費用支出,葉正雄,E12*******,0.00,40000.00,,,,工資或薪津,金錢,高雄市苓雅區****,,否,,,,,,,
4,賴瑞隆,113年立法委員選舉,首次申報,1120401,人事費用支出,杜勝輝,E12*******,0.00,35000.00,,,,工資或薪津,金錢,高雄市旗津區****,,否,,,,,,,
5,賴瑞隆,113年立法委員選舉,首次申報,1120401,人事費用支出,曾文凉,P10*******,0.00,35000.00,,,,工資或薪津,金錢,高雄市前鎮區****,,否,,,,,,,
6,賴瑞隆,113年立法委員選舉,首次申報,1120401,人事費用支出,邱蒼郎,R10*******,0.00,20000.00,,,,工資或薪津,金錢,高雄市小港區****,,否,,,,,,,
7,賴瑞隆,113年立法委員選舉,首次申報,1120401,人事費用支出,陳文人,T10*******,0.00,30000.00,,,,工資或薪津,金錢,高雄市前鎮區****,,否,,,,,,,
8,賴瑞隆,113年立法委員選舉,首次申報,1120501,人事費用支出,宋明憲,E10*******,0.00,35000.00,,,,工資或薪津,金錢,高雄市前鎮區****,,否,,,,,,,
9,賴瑞隆,113年立法委員選舉,首次申報,1120501,人事費用支出,鄭振昌,E10*******,0.00,20000.00,,,,工資或薪津,金錢,高雄市前鎮區****,,否,,,,,,,
10,賴瑞隆,113年立法委員選舉,首次申報,1120501,人事費用支出,杜勝輝,E12*******,0.00,35000.00,,,,工資或薪津,金錢,高雄市旗津區****,,否,,,,,,,
11,賴瑞隆,113年立法委員選舉,首次申報,1120501,人事費用支出,葉正雄,E12*******,0.00,40000.00,,,,工資或薪津,金錢,高雄市苓雅區****,,否,,,,,,,
12,賴瑞隆,113年立法委員選舉,首次申報,1120501,人事費用支出,曾文凉,P10*******,0.00,35000.00,,,,工資或薪津,金錢,高雄市前鎮區****,,否,,,,,,,
13,賴瑞隆,113年立法委員選舉,首次申報,1120501,人事費用支出,邱蒼郎,R10*******,0.00,20000.00,,,,工資或薪津,金錢,高雄市小港區****,,否,,,,,,,
14,賴瑞隆,113年立法委員選舉,首次申報,1120501,人事費用支出,陳文人,T10*******,0.00,30000.00,,,,工資或薪津,金錢,高雄市前鎮區****,,否,,,,,,,
15,賴瑞隆,113年立法委員選舉,首次申報,1120601,人事費用支出,鄭振昌,E10*******,0.00,20000.00,,,,工資或薪津,金錢,高雄市前鎮區****,,否,,,,,,,
16,賴瑞隆,113年立法委員選舉,首次申報,1120601,人事費用支出,宋明憲,E10*******,0.00,35000.00,,,,工資或薪津,金錢,高雄市前鎮區****,,否,,,,,,,
17,賴瑞隆,113年立法委員選舉,首次申報,1120601,人事費用支出,杜勝輝,E12*******,0.00,35000.00,,,,工資或薪津,金錢,高雄市旗津區****,,否,,,,,,,
18,賴瑞隆,113年立法委員選舉,首次申報,1120601,人事費用支出,葉正雄,E12*******,0.00,40000.00,,,,工資或薪津,金錢,高雄市苓雅區****,,否,,,,,,,
19,賴瑞隆,113年立法委員選舉,首次申報,1120601,人事費用支出,曾文凉,P10*******,0.00,35000.00,,,,工資或薪津,金錢,高雄市前鎮區****,,否,,,,,,,
20,賴瑞隆,113年立法委員選舉,首次申報,1120601,人事費用支出,邱蒼郎,R10*******,0.00,20000.00,,,,工資或薪津,金錢,高雄市小港區****,,否,,,,,,,
21,賴瑞隆,113年立法委員選舉,首次申報,1120601,人事費用支出,陳文人,T10*******,0.00,30000.00,,,,工資或薪津,金錢,高雄市前鎮區****,,否,,,,,,,
22,賴瑞隆,113年立法委員選舉,首次申報,1120615,租用競選辦事處支出,李茂生,V12*******,0.00,25000.00,,,,租用競選辦事處費用,金錢,高雄市前鎮區****,,否,,,,,,,
23,賴瑞隆,113年立法委員選舉,首次申報,1120701,人事費用支出,宋明憲,E10*******,0.00,35000.00,,,,工資或薪津,金錢,高雄市前鎮區****,,否,,,,,,,
24,賴瑞隆,113年立法委員選舉,首次申報,1120701,人事費用支出,鄭振昌,E10*******,0.00,20000.00,,,,工資或薪津,金錢,高雄市前鎮區****,,否,,,,,,,
25,賴瑞隆,113年立法委員選舉,首次申報,1120701,人事費用支出,杜勝輝,E12*******,0.00,35000.00,,,,工資或薪津,金錢,高雄市旗津區****,,否,,,,,,,
26,賴瑞隆,113年立法委員選舉,首次申報,1120701,人事費用支出,葉正雄,E12*******,0.00,40000.00,,,,工資或薪津,金錢,高雄市苓雅區****,,否,,,,,,,
27,賴瑞隆,113年立法委員選舉,首次申報,1120701,人事費用支出,曾文凉,P10*******,0.00,35000.00,,,,工資或薪津,金錢,高雄市前鎮區****,,否,,,,,,,
28,賴瑞隆,113年立法委員選舉,首次申報,1120701,人事費用支出,邱蒼郎,R10*******,0.00,20000.00,,,,工資或薪津,金錢,高雄市小港區****,,否,,,,,,,
29,賴瑞隆,113年立法委員選舉,首次申報,1120701,人事費用支出,陳文人,T10*******,0.00,30000.00,,,,工資或薪津,金錢,高雄市前鎮區****,,否,,,,,,,
30,賴瑞隆,113年立法委員選舉,首次申報,1120715,宣傳支出,陳筱翎,F22*******,0.00,100000.00,,,,租用廣告看板或車體廣告費用,金錢,高雄市旗津區****,,否,,,,,,,
31,賴瑞隆,113年立法委員選舉,首次申報,1120715,租用競選辦事處支出,李茂生,V12*******,0.00,25000.00,,,,租用競選辦事處費用,金錢,高雄市前鎮區****,,否,,,,,,,
32,賴瑞隆,113年立法委員選舉,首次申報,1120718,宣傳支出,鴻順印刷股份有限公司,84725387,0.00,8500.00,,,,製作競選物品或宣傳廣告費用,金錢,高雄市仁武區****,,否,,,,,,,
33,賴瑞隆,113年立法委員選舉,首次申報,1120718,宣傳支出,鴻順印刷股份有限公司,84725387,0.00,200000.00,,,,製作競選物品或宣傳廣告費用,金錢,高雄市仁武區****,,否,,,,,,,
34,賴瑞隆,113年立法委員選舉,首次申報,1120722,集會支出,佳利帆布行,19494003,0.00,48650.00,,,,租用設備費用,金錢,高雄市岡山區****,,否,,,,,,,
35,賴瑞隆,113年立法委員選舉,首次申報,1120731,集會支出,佳利帆布行,19494003,0.00,53650.00,,,,租用設備費用,金錢,高雄市岡山區****,,否,,,,,,,
36,賴瑞隆,113年立法委員選舉,首次申報,1120801,人事費用支出,宋明憲,E10*******,0.00,35000.00,,,,工資或薪津,金錢,高雄市前鎮區****,,否,,,,,,,
37,賴瑞隆,113年立法委員選舉,首次申報,1120801,人事費用支出,鄭振昌,E10*******,0.00,20000.00,,,,工資或薪津,金錢,高雄市前鎮區****,,否,,,,,,,
38,賴瑞隆,113年立法委員選舉,首次申報,1120801,人事費用支出,杜勝輝,E12*******,0.00,35000.00,,,,工資或薪津,金錢,高雄市旗津區****,,否,,,,,,,
39,賴瑞隆,113年立法委員選舉,首次申報,1120801,人事費用支出,葉正雄,E12*******,0.00,40000.00,,,,工資或薪津,金錢,高雄市苓雅區****,,否,,,,,,,
40,賴瑞隆,113年立法委員選舉,首次申報,1120801,人事費用支出,曾文凉,P10*******,0.00,35000.00,,,,工資或薪津,金錢,高雄市前鎮區****,,否,,,,,,,
41,賴瑞隆,113年立法委員選舉,首次申報,1120801,人事費用支出,邱蒼郎,R10*******,0.00,20000.00,,,,工資或薪津,金錢,高雄市小港區****,,否,,,,,,,
42,賴瑞隆,113年立法委員選舉,首次申報,1120801,人事費用支出,陳文人,T10*******,0.00,30000.00,,,,工資或薪津,金錢,高雄市前鎮區****,,否,,,,,,,
43,賴瑞隆,113年立法委員選舉,首次申報,1120815,租用競選辦事處支出,李茂生,V12*******,0.00,25000.00,,,,租用競選辦事處費用,金錢,高雄市前鎮區****,,否,,,,,,,
44,賴瑞隆,113年立法委員選舉,首次申報,1120901,人事費用支出,宋明憲,E10*******,0.00,35000.00,,,,工資或薪津,金錢,高雄市前鎮區****,,否,,,,,,,
45,賴瑞隆,113年立法委員選舉,首次申報,1120901,人事費用支出,宋明憲,E10*******,0.00,5000.00,,,,獎金或津貼,金錢,高雄市前鎮區****,,否,,,,,,,
46,賴瑞隆,113年立法委員選舉,首次申報,1120901,人事費用支出,鄭振昌,E10*******,0.00,20000.00,,,,工資或薪津,金錢,高雄市前鎮區****,,否,,,,,,,
47,賴瑞隆,113年立法委員選舉,首次申報,1120901,人事費用支出,鄭振昌,E10*******,0.00,5000.00,,,,獎金或津貼,金錢,高雄市前鎮區****,,否,,,,,,,
48,賴瑞隆,113年立法委員選舉,首次申報,1120901,人事費用支出,陳今塵,E12*******,0.00,5000.00,,,,獎金或津貼,金錢,高雄市前鎮區****,,否,,,,,,,
49,賴瑞隆,113年立法委員選舉,首次申報,1120901,人事費用支出,杜勝輝,E12*******,0.00,35000.00,,,,工資或薪津,金錢,高雄市旗津區****,,否,,,,,,,
50,賴瑞隆,113年立法委員選舉,首次申報,1120901,人事費用支出,杜勝輝,E12*******,0.00,5000.00,,,,獎金或津貼,金錢,高雄市旗津區****,,否,,,,,,,
51,賴瑞隆,113年立法委員選舉,首次申報,1120901,人事費用支出,廖冠鈞,E12*******,0.00,5000.00,,,,獎金或津貼,金錢,高雄市小港區****,,否,,,,,,,
52,賴瑞隆,113年立法委員選舉,首次申報,1120901,人事費用支出,黃品舜,E12*******,0.00,5000.00,,,,獎金或津貼,金錢,高雄市前鎮區****,,否,,,,,,,
53,賴瑞隆,113年立法委員選舉,首次申報,1120901,人事費用支出,葉正雄,E12*******,0.00,40000.00,,,,工資或薪津,金錢,高雄市苓雅區****,,否,,,,,,,
54,賴瑞隆,113年立法委員選舉,首次申報,1120901,人事費用支出,張培珠,E22*******,0.00,28000.00,,,,工資或薪津,金錢,高雄市前鎮區****,,否,,,,,,,
55,賴瑞隆,113年立法委員選舉,首次申報,1120901,人事費用支出,張培珠,E22*******,0.00,5000.00,,,,獎金或津貼,金錢,高雄市前鎮區****,,否,,,,,,,
56,賴瑞隆,113年立法委員選舉,首次申報,1120901,人事費用支出,許淑芬,E22*******,0.00,5000.00,,,,獎金或津貼,金錢,高雄市鳳山區****,,否,,,,,,,
57,賴瑞隆,113年立法委員選舉,首次申報,1120901,人事費用支出,田建全,O10*******,0.00,5000.00,,,,獎金或津貼,金錢,高雄市小港區****,,否,,,,,,,
58,賴瑞隆,113年立法委員選舉,首次申報,1120901,人事費用支出,曾文凉,P10*******,0.00,35000.00,,,,工資或薪津,金錢,高雄市前鎮區****,,否,,,,,,,
59,賴瑞隆,113年立法委員選舉,首次申報,1120901,人事費用支出,曾文凉,P10*******,0.00,5000.00,,,,獎金或津貼,金錢,高雄市前鎮區****,,否,,,,,,,
60,賴瑞隆,113年立法委員選舉,首次申報,1120901,人事費用支出,林恭正,P12*******,0.00,5000.00,,,,獎金或津貼,金錢,高雄市小港區****,,否,,,,,,,
61,賴瑞隆,113年立法委員選舉,首次申報,1120901,人事費用支出,林嬿婷,P22*******,0.00,5000.00,,,,獎金或津貼,金錢,高雄市前鎮區****,,否,,,,,,,
62,賴瑞隆,113年立法委員選舉,首次申報,1120901,人事費用支出,黃韻如,Q22*******,0.00,5000.00,,,,獎金或津貼,金錢,高雄市小港區****,,否,,,,,,,
63,賴瑞隆,113年立法委員選舉,首次申報,1120901,人事費用支出,邱蒼郎,R10*******,0.00,20000.00,,,,工資或薪津,金錢,高雄市小港區****,,否,,,,,,,
64,賴瑞隆,113年立法委員選舉,首次申報,1120901,人事費用支出,邱蒼郎,R10*******,0.00,5000.00,,,,獎金或津貼,金錢,高雄市小港區****,,否,,,,,,,
65,賴瑞隆,113年立法委員選舉,首次申報,1120901,人事費用支出,陳文人,T10*******,0.00,30000.00,,,,工資或薪津,金錢,高雄市前鎮區****,,否,,,,,,,
66,賴瑞隆,113年立法委員選舉,首次申報,1120901,人事費用支出,陳文人,T10*******,0.00,5000.00,,,,獎金或津貼,金錢,高雄市前鎮區****,,否,,,,,,,
67,賴瑞隆,113年立法委員選舉,首次申報,1120907,宣傳支出,咱們有限公司,42807597,0.00,11590.00,,,,其他與選舉宣傳有關之費用,金錢,高雄市苓雅區****,,否,,,,,,,
68,賴瑞隆,113年立法委員選舉,首次申報,1120911,雜支支出,承展智權暨商務法律事務所,99034164,0.00,200000.00,,,,涉及營運事務所生之訴訟相關費用,金錢,臺北市中正區****,,否,,,,,,,
69,賴瑞隆,113年立法委員選舉,首次申報,1120915,租用競選辦事處支出,李茂生,V12*******,0.00,27000.00,,,,租用競選辦事處費用,金錢,高雄市前鎮區****,,否,,,,,,,
70,賴瑞隆,113年立法委員選舉,首次申報,1120916,宣傳支出,咱們有限公司,42807597,0.00,22410.00,,,,其他與選舉宣傳有關之費用,金錢,高雄市苓雅區****,,否,,,,,,,
71,賴瑞隆,113年立法委員選舉,首次申報,1120921,宣傳支出,富樂夢股份有限公司,68678247,0.00,93000.00,,,,製作競選物品或宣傳廣告費用,金錢,臺南市中西區****,,否,,,,,,,
72,賴瑞隆,113年立法委員選舉,首次申報,1121001,人事費用支出,宋明憲,E10*******,0.00,35000.00,,,,工資或薪津,金錢,高雄市前鎮區****,,否,,,,,,,
73,賴瑞隆,113年立法委員選舉,首次申報,1121001,人事費用支出,宋明憲,E10*******,0.00,5000.00,,,,獎金或津貼,金錢,高雄市前鎮區****,,否,,,,,,,
74,賴瑞隆,113年立法委員選舉,首次申報,1121001,人事費用支出,鄭振昌,E10*******,0.00,20000.00,,,,工資或薪津,金錢,高雄市前鎮區****,,否,,,,,,,
75,賴瑞隆,113年立法委員選舉,首次申報,1121001,人事費用支出,鄭振昌,E10*******,0.00,5000.00,,,,獎金或津貼,金錢,高雄市前鎮區****,,否,,,,,,,
76,賴瑞隆,113年立法委員選舉,首次申報,1121001,人事費用支出,陳今塵,E12*******,0.00,5000.00,,,,獎金或津貼,金錢,高雄市前鎮區****,,否,,,,,,,
77,賴瑞隆,113年立法委員選舉,首次申報,1121001,人事費用支出,杜勝輝,E12*******,0.00,35000.00,,,,工資或薪津,金錢,高雄市旗津區****,,否,,,,,,,
78,賴瑞隆,113年立法委員選舉,首次申報,1121001,人事費用支出,杜勝輝,E12*******,0.00,5000.00,,,,獎金或津貼,金錢,高雄市旗津區****,,否,,,,,,,
79,賴瑞隆,113年立法委員選舉,首次申報,1121001,人事費用支出,廖冠鈞,E12*******,0.00,5000.00,,,,獎金或津貼,金錢,高雄市小港區****,,否,,,,,,,
80,賴瑞隆,113年立法委員選舉,首次申報,1121001,人事費用支出,黃品舜,E12*******,0.00,5000.00,,,,獎金或津貼,金錢,高雄市前鎮區****,,否,,,,,,,
81,賴瑞隆,113年立法委員選舉,首次申報,1121001,人事費用支出,葉正雄,E12*******,0.00,40000.00,,,,工資或薪津,金錢,高雄市苓雅區****,,否,,,,,,,
82,賴瑞隆,113年立法委員選舉,首次申報,1121001,人事費用支出,張培珠,E22*******,0.00,28000.00,,,,工資或薪津,金錢,高雄市前鎮區****,,否,,,,,,,
83,賴瑞隆,113年立法委員選舉,首次申報,1121001,人事費用支出,張培珠,E22*******,0.00,5000.00,,,,獎金或津貼,金錢,高雄市前鎮區****,,否,,,,,,,
84,賴瑞隆,113年立法委員選舉,首次申報,1121001,人事費用支出,許淑芬,E22*******,0.00,5000.00,,,,獎金或津貼,金錢,高雄市鳳山區****,,否,,,,,,,
85,賴瑞隆,113年立法委員選舉,首次申報,1121001,人事費用支出,田建全,O10*******,0.00,5000.00,,,,獎金或津貼,金錢,高雄市小港區****,,否,,,,,,,
86,賴瑞隆,113年立法委員選舉,首次申報,1121001,人事費用支出,曾文凉,P10*******,0.00,35000.00,,,,工資或薪津,金錢,高雄市前鎮區****,,否,,,,,,,
87,賴瑞隆,113年立法委員選舉,首次申報,1121001,人事費用支出,曾文凉,P10*******,0.00,5000.00,,,,獎金或津貼,金錢,高雄市前鎮區****,,否,,,,,,,
88,賴瑞隆,113年立法委員選舉,首次申報,1121001,人事費用支出,林恭正,P12*******,0.00,5000.00,,,,獎金或津貼,金錢,高雄市小港區****,,否,,,,,,,
89,賴瑞隆,113年立法委員選舉,首次申報,1121001,人事費用支出,林嬿婷,P22*******,0.00,5000.00,,,,獎金或津貼,金錢,高雄市前鎮區****,,否,,,,,,,
90,賴瑞隆,113年立法委員選舉,首次申報,1121001,人事費用支出,黃韻如,Q22*******,0.00,5000.00,,,,獎金或津貼,金錢,高雄市小港區****,,否,,,,,,,
91,賴瑞隆,113年立法委員選舉,首次申報,1121001,人事費用支出,邱蒼郎,R10*******,0.00,20000.00,,,,工資或薪津,金錢,高雄市小港區****,,否,,,,,,,
92,賴瑞隆,113年立法委員選舉,首次申報,1121001,人事費用支出,邱蒼郎,R10*******,0.00,5000.00,,,,獎金或津貼,金錢,高雄市小港區****,,否,,,,,,,
93,賴瑞隆,113年立法委員選舉,首次申報,1121001,人事費用支出,陳文人,T10*******,0.00,30000.00,,,,工資或薪津,金錢,高雄市前鎮區****,,否,,,,,,,
94,賴瑞隆,113年立法委員選舉,首次申報,1121001,人事費用支出,陳文人,T10*******,0.00,5000.00,,,,獎金或津貼,金錢,高雄市前鎮區****,,否,,,,,,,
95,賴瑞隆,113年立法委員選舉,首次申報,1121004,集會支出,漢來美食股份有限公司高雄分公司,80352955,0.00,8400.00,,,,租用場地費用,金錢,高雄市前金區****,,否,,,,,,,
96,賴瑞隆,113年立法委員選舉,首次申報,1121004,集會支出,漢來美食股份有限公司高雄分公司,80352955,0.00,177680.00,,,,餐飲費用,金錢,高雄市前金區****,,否,,,,,,,
97,賴瑞隆,113年立法委員選舉,首次申報,1121006,宣傳支出,山水民意研究股份有限公司,16135975,0.00,94021.00,,,,委託辦理研究、評估、調查、設計或規劃費用,金錢,臺北市松山區****,,否,,,,,,,
98,賴瑞隆,113年立法委員選舉,首次申報,1121006,宣傳支出,鴻順印刷股份有限公司,84725387,0.00,645225.00,,,,製作競選物品或宣傳廣告費用,金錢,高雄市仁武區****,,否,,,,,,,
99,賴瑞隆,113年立法委員選舉,首次申報,1121011,宣傳支出,高聯企業社,99403700,0.00,63000.00,,,,製作競選物品或宣傳廣告費用,金錢,高雄市左營區****,,否,,,,,,,
100,賴瑞隆,113年立法委員選舉,首次申報,1121013,宣傳支出,臺灣時報社股份有限公司,76012913,0.00,50000.00,,,,製作競選物品或宣傳廣告費用,金錢,高雄市仁武區****,,否,,,,,,,
101,賴瑞隆,113年立法委員選舉,首次申報,1121015,集會支出,順翔實業社,29410833,0.00,73350.00,,,,租用設備費用,金錢,高雄市橋頭區****,,否,,,,,,,
102,賴瑞隆,113年立法委員選舉,首次申報,1121015,租用競選辦事處支出,李茂生,V12*******,0.00,28299.00,,,,租用競選辦事處費用,金錢,高雄市前鎮區****,,否,,,,,,,
103,賴瑞隆,113年立法委員選舉,首次申報,1121020,返還捐贈支出,鳯勝實業股份有限公司,16093742,0.00,200000.00,,,,返還,金錢,高雄市仁武區****,,否,,,,,,,
104,賴瑞隆,113年立法委員選舉,首次申報,1121024,雜支支出,金斧頭服裝行,21340238,0.00,9000.00,,,,雜項購置或修繕費用,金錢,高雄市三民區****,,否,,,,,,,
105,賴瑞隆,113年立法委員選舉,首次申報,1121025,宣傳支出,翔發小吃店,69807402,0.00,60000.00,,,,租用廣告看板或車體廣告費用,金錢,高雄市前鎮區****,,否,,,,,,,
106,賴瑞隆,113年立法委員選舉,首次申報,1121101,人事費用支出,張明輝,E10*******,0.00,40000.00,,,,工資或薪津,金錢,高雄市前鎮區****,,否,,,,,,,
107,賴瑞隆,113年立法委員選舉,首次申報,1121101,人事費用支出,鄭振昌,E10*******,0.00,20000.00,,,,工資或薪津,金錢,高雄市前鎮區****,,否,,,,,,,
108,賴瑞隆,113年立法委員選舉,首次申報,1121101,人事費用支出,鄭振昌,E10*******,0.00,5000.00,,,,獎金或津貼,金錢,高雄市前鎮區****,,否,,,,,,,
109,賴瑞隆,113年立法委員選舉,首次申報,1121101,人事費用支出,宋明憲,E10*******,0.00,35000.00,,,,工資或薪津,金錢,高雄市前鎮區****,,否,,,,,,,
110,賴瑞隆,113年立法委員選舉,首次申報,1121101,人事費用支出,宋明憲,E10*******,0.00,5000.00,,,,獎金或津貼,金錢,高雄市前鎮區****,,否,,,,,,,
111,賴瑞隆,113年立法委員選舉,首次申報,1121101,人事費用支出,陳今塵,E12*******,0.00,5000.00,,,,獎金或津貼,金錢,高雄市前鎮區****,,否,,,,,,,
112,賴瑞隆,113年立法委員選舉,首次申報,1121101,人事費用支出,廖冠鈞,E12*******,0.00,5000.00,,,,獎金或津貼,金錢,高雄市小港區****,,否,,,,,,,
113,賴瑞隆,113年立法委員選舉,首次申報,1121101,人事費用支出,杜勝輝,E12*******,0.00,35000.00,,,,工資或薪津,金錢,高雄市旗津區****,,否,,,,,,,
114,賴瑞隆,113年立法委員選舉,首次申報,1121101,人事費用支出,杜勝輝,E12*******,0.00,5000.00,,,,獎金或津貼,金錢,高雄市旗津區****,,否,,,,,,,
115,賴瑞隆,113年立法委員選舉,首次申報,1121101,人事費用支出,葉正雄,E12*******,0.00,40000.00,,,,工資或薪津,金錢,高雄市苓雅區****,,否,,,,,,,
116,賴瑞隆,113年立法委員選舉,首次申報,1121101,人事費用支出,黃品舜,E12*******,0.00,5000.00,,,,獎金或津貼,金錢,高雄市前鎮區****,,否,,,,,,,
117,賴瑞隆,113年立法委員選舉,首次申報,1121101,人事費用支出,許淑芬,E22*******,0.00,5000.00,,,,獎金或津貼,金錢,高雄市鳳山區****,,否,,,,,,,
118,賴瑞隆,113年立法委員選舉,首次申報,1121101,人事費用支出,張培珠,E22*******,0.00,28000.00,,,,工資或薪津,金錢,高雄市前鎮區****,,否,,,,,,,
119,賴瑞隆,113年立法委員選舉,首次申報,1121101,人事費用支出,張培珠,E22*******,0.00,5000.00,,,,獎金或津貼,金錢,高雄市前鎮區****,,否,,,,,,,
120,賴瑞隆,113年立法委員選舉,首次申報,1121101,人事費用支出,田建全,O10*******,0.00,5000.00,,,,獎金或津貼,金錢,高雄市小港區****,,否,,,,,,,
121,賴瑞隆,113年立法委員選舉,首次申報,1121101,人事費用支出,曾文凉,P10*******,0.00,35000.00,,,,工資或薪津,金錢,高雄市前鎮區****,,否,,,,,,,
122,賴瑞隆,113年立法委員選舉,首次申報,1121101,人事費用支出,曾文凉,P10*******,0.00,5000.00,,,,獎金或津貼,金錢,高雄市前鎮區****,,否,,,,,,,
123,賴瑞隆,113年立法委員選舉,首次申報,1121101,人事費用支出,林恭正,P12*******,0.00,5000.00,,,,獎金或津貼,金錢,高雄市小港區****,,否,,,,,,,
124,賴瑞隆,113年立法委員選舉,首次申報,1121101,人事費用支出,林嬿婷,P22*******,0.00,5000.00,,,,獎金或津貼,金錢,高雄市前鎮區****,,否,,,,,,,
125,賴瑞隆,113年立法委員選舉,首次申報,1121101,人事費用支出,黃韻如,Q22*******,0.00,5000.00,,,,獎金或津貼,金錢,高雄市小港區****,,否,,,,,,,
126,賴瑞隆,113年立法委員選舉,首次申報,1121101,人事費用支出,邱蒼郎,R10*******,0.00,20000.00,,,,工資或薪津,金錢,高雄市小港區****,,否,,,,,,,
127,賴瑞隆,113年立法委員選舉,首次申報,1121101,人事費用支出,邱蒼郎,R10*******,0.00,5000.00,,,,獎金或津貼,金錢,高雄市小港區****,,否,,,,,,,
128,賴瑞隆,113年立法委員選舉,首次申報,1121101,人事費用支出,陳文人,T10*******,0.00,30000.00,,,,工資或薪津,金錢,高雄市前鎮區****,,否,,,,,,,
129,賴瑞隆,113年立法委員選舉,首次申報,1121101,人事費用支出,陳文人,T10*******,0.00,5000.00,,,,獎金或津貼,金錢,高雄市前鎮區****,,否,,,,,,,
130,賴瑞隆,113年立法委員選舉,首次申報,1121101,人事費用支出,江毓哲,T12*******,0.00,5000.00,,,,獎金或津貼,金錢,臺南市新營區****,,否,,,,,,,
131,賴瑞隆,113年立法委員選舉,首次申報,1121107,租用競選辦事處支出,沅沐企業行,88017527,0.00,37000.00,,,,租買辦公設備費用,金錢,高雄市鹽埕區****,,否,,,,,,,
132,賴瑞隆,113年立法委員選舉,首次申報,1121107,租用競選辦事處支出,沅沐企業行,88017527,0.00,12700.00,,,,租買辦公設備費用,金錢,高雄市鹽埕區****,,否,,,,,,,
133,賴瑞隆,113年立法委員選舉,首次申報,1121110,宣傳支出,樺暘文具印刷有限公司,22845539,0.00,288225.00,,,,製作競選物品或宣傳廣告費用,金錢,高雄市三民區****,,否,,,,,,,
134,賴瑞隆,113年立法委員選舉,首次申報,1121115,租用競選辦事處支出,李茂生,V12*******,0.00,27000.00,,,,租用競選辦事處費用,金錢,高雄市前鎮區****,,否,,,,,,,
135,賴瑞隆,113年立法委員選舉,首次申報,1121117,宣傳支出,視冠遠通有限公司,28302913,0.00,126800.00,,,,其他與選舉宣傳有關之費用,金錢,高雄市三民區****,,否,,,,,,,
136,賴瑞隆,113年立法委員選舉,首次申報,1121123,雜支支出,台灣銀行群賢分行,,0.00,30.00,,,,匯費,金錢,臺北市中正區****,,否,,,,,,,
137,賴瑞隆,113年立法委員選舉,首次申報,1121125,宣傳支出,視冠遠通有限公司,28302913,0.00,14800.00,,,,其他與選舉宣傳有關之費用,金錢,高雄市三民區****,,否,,,,,,,
138,賴瑞隆,113年立法委員選舉,首次申報,1121128,宣傳支出,牧人股份有限公司,83246487,0.00,120000.00,,,,委託辦理研究、評估、調查、設計或規劃費用,金錢,高雄市新興區****,,否,,,,,,,
139,賴瑞隆,113年立法委員選舉,首次申報,1121201,人事費用支出,宋明憲,E10*******,0.00,35000.00,,,,工資或薪津,金錢,高雄市前鎮區****,,否,,,,,,,
140,賴瑞隆,113年立法委員選舉,首次申報,1121201,人事費用支出,宋明憲,E10*******,0.00,5000.00,,,,獎金或津貼,金錢,高雄市前鎮區****,,否,,,,,,,
141,賴瑞隆,113年立法委員選舉,首次申報,1121201,人事費用支出,張明輝,E10*******,0.00,40000.00,,,,工資或薪津,金錢,高雄市前鎮區****,,否,,,,,,,
142,賴瑞隆,113年立法委員選舉,首次申報,1121201,人事費用支出,張明輝,E10*******,0.00,5000.00,,,,獎金或津貼,金錢,高雄市前鎮區****,,否,,,,,,,
143,賴瑞隆,113年立法委員選舉,首次申報,1121201,人事費用支出,鄭振昌,E10*******,0.00,20000.00,,,,工資或薪津,金錢,高雄市前鎮區****,,否,,,,,,,
144,賴瑞隆,113年立法委員選舉,首次申報,1121201,人事費用支出,鄭振昌,E10*******,0.00,5000.00,,,,獎金或津貼,金錢,高雄市前鎮區****,,否,,,,,,,
145,賴瑞隆,113年立法委員選舉,首次申報,1121201,人事費用支出,廖冠鈞,E12*******,0.00,5000.00,,,,獎金或津貼,金錢,高雄市小港區****,,否,,,,,,,
146,賴瑞隆,113年立法委員選舉,首次申報,1121201,人事費用支出,陳今塵,E12*******,0.00,5000.00,,,,獎金或津貼,金錢,高雄市前鎮區****,,否,,,,,,,
147,賴瑞隆,113年立法委員選舉,首次申報,1121201,人事費用支出,杜勝輝,E12*******,0.00,35000.00,,,,工資或薪津,金錢,高雄市旗津區****,,否,,,,,,,
148,賴瑞隆,113年立法委員選舉,首次申報,1121201,人事費用支出,杜勝輝,E12*******,0.00,5000.00,,,,獎金或津貼,金錢,高雄市旗津區****,,否,,,,,,,
149,賴瑞隆,113年立法委員選舉,首次申報,1121201,人事費用支出,葉正雄,E12*******,0.00,40000.00,,,,工資或薪津,金錢,高雄市苓雅區****,,否,,,,,,,
150,賴瑞隆,113年立法委員選舉,首次申報,1121201,人事費用支出,黃品舜,E12*******,0.00,5000.00,,,,獎金或津貼,金錢,高雄市前鎮區****,,否,,,,,,,
151,賴瑞隆,113年立法委員選舉,首次申報,1121201,人事費用支出,許淑芬,E22*******,0.00,5000.00,,,,獎金或津貼,金錢,高雄市鳳山區****,,否,,,,,,,
152,賴瑞隆,113年立法委員選舉,首次申報,1121201,人事費用支出,張培珠,E22*******,0.00,28000.00,,,,工資或薪津,金錢,高雄市前鎮區****,,否,,,,,,,
153,賴瑞隆,113年立法委員選舉,首次申報,1121201,人事費用支出,張培珠,E22*******,0.00,5000.00,,,,獎金或津貼,金錢,高雄市前鎮區****,,否,,,,,,,
154,賴瑞隆,113年立法委員選舉,首次申報,1121201,人事費用支出,田建全,O10*******,0.00,5000.00,,,,獎金或津貼,金錢,高雄市小港區****,,否,,,,,,,
155,賴瑞隆,113年立法委員選舉,首次申報,1121201,人事費用支出,曾文凉,P10*******,0.00,35000.00,,,,工資或薪津,金錢,高雄市前鎮區****,,否,,,,,,,
156,賴瑞隆,113年立法委員選舉,首次申報,1121201,人事費用支出,曾文凉,P10*******,0.00,5000.00,,,,獎金或津貼,金錢,高雄市前鎮區****,,否,,,,,,,
157,賴瑞隆,113年立法委員選舉,首次申報,1121201,人事費用支出,林恭正,P12*******,0.00,5000.00,,,,獎金或津貼,金錢,高雄市小港區****,,否,,,,,,,
158,賴瑞隆,113年立法委員選舉,首次申報,1121201,人事費用支出,林嬿婷,P22*******,0.00,5000.00,,,,獎金或津貼,金錢,高雄市前鎮區****,,否,,,,,,,
159,賴瑞隆,113年立法委員選舉,首次申報,1121201,人事費用支出,黃韻如,Q22*******,0.00,5000.00,,,,獎金或津貼,金錢,高雄市小港區****,,否,,,,,,,
160,賴瑞隆,113年立法委員選舉,首次申報,1121201,人事費用支出,邱蒼郎,R10*******,0.00,20000.00,,,,工資或薪津,金錢,高雄市小港區****,,否,,,,,,,
161,賴瑞隆,113年立法委員選舉,首次申報,1121201,人事費用支出,邱蒼郎,R10*******,0.00,5000.00,,,,獎金或津貼,金錢,高雄市小港區****,,否,,,,,,,
162,賴瑞隆,113年立法委員選舉,首次申報,1121201,人事費用支出,王智緯,S12*******,0.00,28000.00,,,,工資或薪津,金錢,高雄市大樹區****,,否,,,,,,,
163,賴瑞隆,113年立法委員選舉,首次申報,1121201,人事費用支出,陳文人,T10*******,0.00,30000.00,,,,工資或薪津,金錢,高雄市前鎮區****,,否,,,,,,,
164,賴瑞隆,113年立法委員選舉,首次申報,1121201,人事費用支出,陳文人,T10*******,0.00,5000.00,,,,獎金或津貼,金錢,高雄市前鎮區****,,否,,,,,,,
165,賴瑞隆,113年立法委員選舉,首次申報,1121201,人事費用支出,江毓哲,T12*******,0.00,5000.00,,,,獎金或津貼,金錢,臺南市新營區****,,否,,,,,,,
166,賴瑞隆,113年立法委員選舉,首次申報,1121204,集會支出,順章實業社,29410566,0.00,90000.00,,,,租用設備費用,金錢,高雄市岡山區****,,否,,,,,,,
167,賴瑞隆,113年立法委員選舉,首次申報,1121204,集會支出,順章實業社,29410566,0.00,90000.00,,,,租用設備費用,金錢,高雄市岡山區****,,否,,,,,,,
168,賴瑞隆,113年立法委員選舉,首次申報,1121204,集會支出,順章實業社,29410566,0.00,3685.00,,,,租用設備費用,金錢,高雄市岡山區****,,否,,,,,,,
169,賴瑞隆,113年立法委員選舉,首次申報,1121204,宣傳支出,自由時報企業股份有公司,52570683,0.00,94500.00,,,,製作競選物品或宣傳廣告費用,金錢,高雄市鼓山區****,,否,,,,,,,
170,賴瑞隆,113年立法委員選舉,首次申報,1121207,宣傳支出,民間全民電視股份有限公司,96975768,0.00,300000.00,,,,製作競選物品或宣傳廣告費用,金錢,新北市林口區****,,否,,,,,,,
171,賴瑞隆,113年立法委員選舉,首次申報,1121208,宣傳支出,立祿國際股份有限公司,53117042,0.00,267750.00,,,,租用廣告看板或車體廣告費用,金錢,臺北市松山區****,,否,,,,,,,
172,賴瑞隆,113年立法委員選舉,首次申報,1121208,宣傳支出,立祿國際股份有限公司,53117042,0.00,196875.00,,,,租用廣告看板或車體廣告費用,金錢,臺北市松山區****,,否,,,,,,,
173,賴瑞隆,113年立法委員選舉,首次申報,1121212,宣傳支出,創兆整合行銷有限公司,29010219,0.00,857693.00,,,,租用廣告看板或車體廣告費用,金錢,高雄市三民區****,,否,,,,,,,
174,賴瑞隆,113年立法委員選舉,首次申報,1121214,宣傳支出,立祿國際股份有限公司,53117042,0.00,15750.00,,,,租用廣告看板或車體廣告費用,金錢,臺北市松山區****,,否,,,,,,,
175,賴瑞隆,113年立法委員選舉,首次申報,1121215,宣傳支出,中華電信股份有限公司高雄營運處五甲服務中心,82723659,0.00,90000.00,,,,發送電信簡訊費用,金錢,高雄市苓雅武****,,否,,,,,,,
176,賴瑞隆,113年立法委員選舉,首次申報,1121215,租用競選辦事處支出,李茂生,V12*******,0.00,25898.00,,,,租用競選辦事處費用,金錢,高雄市前鎮區****,,否,,,,,,,
177,賴瑞隆,113年立法委員選舉,首次申報,1121222,宣傳支出,心一企業股份有限公司,89494723,0.00,476259.00,,,,製作競選物品或宣傳廣告費用,金錢,高雄市仁武區****,,否,,,,,,,
178,賴瑞隆,113年立法委員選舉,首次申報,1121227,宣傳支出,名佑實業社,98723424,0.00,10000.00,,,,製作競選物品或宣傳廣告費用,金錢,高雄市前鎮區****,,否,,,,,,,
179,賴瑞隆,113年立法委員選舉,首次申報,1121228,返還捐贈支出,順合漁業股份有限公司,16826470,0.00,100000.00,,,,返還,金錢,高雄市前鎮區****,,否,,,,,,,
180,賴瑞隆,113年立法委員選舉,首次申報,1121228,返還捐贈支出,大泳能源股份有限公司,45893482,0.00,100000.00,,,,返還,金錢,臺南市安平區****,,否,,,,,,,
181,賴瑞隆,113年立法委員選舉,首次申報,1121228,返還捐贈支出,大泳能源股份有限公司,45893482,0.00,100000.00,,,,返還,金錢,臺南市安平區****,,否,,,,,,,
182,賴瑞隆,113年立法委員選舉,首次申報,1121228,返還捐贈支出,友大科技有限公司,90617651,0.00,100000.00,,,,返還,金錢,高雄市三民區****,,否,,,,,,,
183,賴瑞隆,113年立法委員選舉,首次申報,1121228,宣傳支出,名佑實業社,98723424,0.00,10000.00,,,,製作競選物品或宣傳廣告費用,金錢,高雄市前鎮區****,,否,,,,,,,
184,賴瑞隆,113年立法委員選舉,首次申報,1121228,返還捐贈支出,孫志強,E10*******,0.00,100000.00,,,,返還,金錢,高雄市新興區****,,否,,,,,,,
185,賴瑞隆,113年立法委員選舉,首次申報,1121229,宣傳支出,樺暘文具印刷有限公司,22845539,0.00,907200.00,,,,製作競選物品或宣傳廣告費用,金錢,高雄市三民區****,,否,,,,,,,
186,賴瑞隆,113年立法委員選舉,首次申報,1121229,宣傳支出,快樂廣播事業股份有限公司,89281812,0.00,100000.00,,,,播放、傳送或刊登宣傳廣告費用,金錢,高雄市苓雅區****,,否,,,,,,,
187,賴瑞隆,113年立法委員選舉,首次申報,1121229,宣傳支出,名佑實業社,98723424,0.00,10000.00,,,,製作競選物品或宣傳廣告費用,金錢,高雄市前鎮區****,,否,,,,,,,
188,賴瑞隆,113年立法委員選舉,首次申報,1121230,宣傳支出,名佑實業社,98723424,0.00,10000.00,,,,製作競選物品或宣傳廣告費用,金錢,高雄市前鎮區****,,否,,,,,,,
189,賴瑞隆,113年立法委員選舉,首次申報,1121231,雜支支出,敦宇法律事務所張寧洲律師,31829454,0.00,100000.00,,,,涉及營運事務所生之訴訟相關費用,金錢,臺北市大同區****,,否,,,,,,,
190,賴瑞隆,113年立法委員選舉,首次申報,1121231,宣傳支出,名佑實業社,98723424,0.00,10000.00,,,,製作競選物品或宣傳廣告費用,金錢,高雄市前鎮區****,,否,,,,,,,
191,賴瑞隆,113年立法委員選舉,首次申報,1130101,宣傳支出,名佑實業社,98723424,0.00,10000.00,,,,製作競選物品或宣傳廣告費用,金錢,高雄市前鎮區****,,否,,,,,,,
192,賴瑞隆,113年立法委員選舉,首次申報,1130101,人事費用支出,宋明憲,E10*******,0.00,35000.00,,,,工資或薪津,金錢,高雄市前鎮區****,,否,,,,,,,
193,賴瑞隆,113年立法委員選舉,首次申報,1130101,人事費用支出,宋明憲,E10*******,0.00,50000.00,,,,獎金或津貼,金錢,高雄市前鎮區****,,否,,,,,,,
194,賴瑞隆,113年立法委員選舉,首次申報,1130101,人事費用支出,張明輝,E10*******,0.00,10000.00,,,,獎金或津貼,金錢,高雄市前鎮區****,,否,,,,,,,
195,賴瑞隆,113年立法委員選舉,首次申報,1130101,人事費用支出,鄭振昌,E10*******,0.00,20000.00,,,,工資或薪津,金錢,高雄市前鎮區****,,否,,,,,,,
196,賴瑞隆,113年立法委員選舉,首次申報,1130101,人事費用支出,鄭振昌,E10*******,0.00,30000.00,,,,獎金或津貼,金錢,高雄市前鎮區****,,否,,,,,,,
197,賴瑞隆,113年立法委員選舉,首次申報,1130101,人事費用支出,陳今塵,E12*******,0.00,30000.00,,,,獎金或津貼,金錢,高雄市前鎮區****,,否,,,,,,,
198,賴瑞隆,113年立法委員選舉,首次申報,1130101,人事費用支出,廖冠鈞,E12*******,0.00,30000.00,,,,獎金或津貼,金錢,高雄市小港區****,,否,,,,,,,
199,賴瑞隆,113年立法委員選舉,首次申報,1130101,人事費用支出,杜勝輝,E12*******,0.00,35000.00,,,,工資或薪津,金錢,高雄市旗津區****,,否,,,,,,,
200,賴瑞隆,113年立法委員選舉,首次申報,1130101,人事費用支出,杜勝輝,E12*******,0.00,50000.00,,,,獎金或津貼,金錢,高雄市旗津區****,,否,,,,,,,
201,賴瑞隆,113年立法委員選舉,首次申報,1130101,人事費用支出,葉正雄,E12*******,0.00,40000.00,,,,工資或薪津,金錢,高雄市苓雅區****,,否,,,,,,,
202,賴瑞隆,113年立法委員選舉,首次申報,1130101,人事費用支出,黃品舜,E12*******,0.00,30000.00,,,,獎金或津貼,金錢,高雄市前鎮區****,,否,,,,,,,
203,賴瑞隆,113年立法委員選舉,首次申報,1130101,人事費用支出,許淑芬,E22*******,0.00,30000.00,,,,獎金或津貼,金錢,高雄市鳳山區****,,否,,,,,,,
204,賴瑞隆,113年立法委員選舉,首次申報,1130101,人事費用支出,張培珠,E22*******,0.00,20000.00,,,,工資或薪津,金錢,高雄市前鎮區****,,否,,,,,,,
205,賴瑞隆,113年立法委員選舉,首次申報,1130101,人事費用支出,張培珠,E22*******,0.00,10000.00,,,,獎金或津貼,金錢,高雄市前鎮區****,,否,,,,,,,
206,賴瑞隆,113年立法委員選舉,首次申報,1130101,人事費用支出,田飛生,M12*******,0.00,50000.00,,,,獎金或津貼,金錢,臺北市松山區****,,否,,,,,,,
207,賴瑞隆,113年立法委員選舉,首次申報,1130101,人事費用支出,田建全,O10*******,0.00,50000.00,,,,獎金或津貼,金錢,高雄市小港區****,,否,,,,,,,
208,賴瑞隆,113年立法委員選舉,首次申報,1130101,人事費用支出,曾文凉,P10*******,0.00,35000.00,,,,工資或薪津,金錢,高雄市前鎮區****,,否,,,,,,,
209,賴瑞隆,113年立法委員選舉,首次申報,1130101,人事費用支出,曾文凉,P10*******,0.00,50000.00,,,,獎金或津貼,金錢,高雄市前鎮區****,,否,,,,,,,
210,賴瑞隆,113年立法委員選舉,首次申報,1130101,人事費用支出,林恭正,P12*******,0.00,30000.00,,,,獎金或津貼,金錢,高雄市小港區****,,否,,,,,,,
211,賴瑞隆,113年立法委員選舉,首次申報,1130101,人事費用支出,林嬿婷,P22*******,0.00,50000.00,,,,獎金或津貼,金錢,高雄市前鎮區****,,否,,,,,,,
212,賴瑞隆,113年立法委員選舉,首次申報,1130101,人事費用支出,黃韻如,Q22*******,0.00,30000.00,,,,獎金或津貼,金錢,高雄市小港區****,,否,,,,,,,
213,賴瑞隆,113年立法委員選舉,首次申報,1130101,人事費用支出,邱蒼郎,R10*******,0.00,20000.00,,,,工資或薪津,金錢,高雄市小港區****,,否,,,,,,,
214,賴瑞隆,113年立法委員選舉,首次申報,1130101,人事費用支出,邱蒼郎,R10*******,0.00,30000.00,,,,獎金或津貼,金錢,高雄市小港區****,,否,,,,,,,
215,賴瑞隆,113年立法委員選舉,首次申報,1130101,人事費用支出,王智緯,S12*******,0.00,20000.00,,,,工資或薪津,金錢,高雄市大樹區****,,否,,,,,,,
216,賴瑞隆,113年立法委員選舉,首次申報,1130101,人事費用支出,王智緯,S12*******,0.00,10000.00,,,,獎金或津貼,金錢,高雄市大樹區****,,否,,,,,,,
217,賴瑞隆,113年立法委員選舉,首次申報,1130101,人事費用支出,陳文人,T10*******,0.00,30000.00,,,,工資或薪津,金錢,高雄市前鎮區****,,否,,,,,,,
218,賴瑞隆,113年立法委員選舉,首次申報,1130101,人事費用支出,陳文人,T10*******,0.00,50000.00,,,,獎金或津貼,金錢,高雄市前鎮區****,,否,,,,,,,
219,賴瑞隆,113年立法委員選舉,首次申報,1130101,人事費用支出,江毓哲,T12*******,0.00,30000.00,,,,獎金或津貼,金錢,臺南市新營區****,,否,,,,,,,
220,賴瑞隆,113年立法委員選舉,首次申報,1130102,宣傳支出,港都廣播電台股份有限公司,89280861,0.00,100000.00,,,,播放、傳送或刊登宣傳廣告費用,金錢,高雄市三民區****,,否,,,,,,,
221,賴瑞隆,113年立法委員選舉,首次申報,1130102,宣傳支出,慶聯有線電視股份有限公司,97164582,0.00,105000.00,,,,播放、傳送或刊登宣傳廣告費用,金錢,高雄市左營區****,,否,,,,,,,
222,賴瑞隆,113年立法委員選舉,首次申報,1130102,宣傳支出,名佑實業社,98723424,0.00,10000.00,,,,製作競選物品或宣傳廣告費用,金錢,高雄市前鎮區****,,否,,,,,,,
223,賴瑞隆,113年立法委員選舉,首次申報,1130104,宣傳支出,中華電信股份有限公司高雄營運處武慶服務中心,82723969,0.00,24000.00,,,,發送電信簡訊費用,金錢,高雄市苓雅武****,,否,,,,,,,
224,賴瑞隆,113年立法委員選舉,首次申報,1130104,宣傳支出,牧人股份有限公司,83246487,0.00,100000.00,,,,播放、傳送或刊登宣傳廣告費用,金錢,高雄市新興區****,,否,,,,,,,
225,賴瑞隆,113年立法委員選舉,首次申報,1130104,宣傳支出,名佑實業社,98723424,0.00,10000.00,,,,製作競選物品或宣傳廣告費用,金錢,高雄市前鎮區****,,否,,,,,,,
226,賴瑞隆,113年立法委員選舉,首次申報,1130105,集會支出,順翔實業社,29410833,0.00,70310.00,,,,租用設備費用,金錢,高雄市橋頭區****,,否,,,,,,,
227,賴瑞隆,113年立法委員選舉,首次申報,1130105,集會支出,順翔實業社,29410833,0.00,90000.00,,,,租用設備費用,金錢,高雄市橋頭區****,,否,,,,,,,
228,賴瑞隆,113年立法委員選舉,首次申報,1130105,宣傳支出,順翔實業社,29410833,0.00,90000.00,,,,其他與選舉宣傳有關之費用,金錢,高雄市橋頭區****,,否,,,,,,,
229,賴瑞隆,113年立法委員選舉,首次申報,1130105,宣傳支出,名佑實業社,98723424,0.00,10000.00,,,,製作競選物品或宣傳廣告費用,金錢,高雄市前鎮區****,,否,,,,,,,
230,賴瑞隆,113年立法委員選舉,首次申報,1130106,宣傳支出,名佑實業社,98723424,0.00,10000.00,,,,製作競選物品或宣傳廣告費用,金錢,高雄市前鎮區****,,否,,,,,,,
231,賴瑞隆,113年立法委員選舉,首次申報,1130107,宣傳支出,名佑實業社,98723424,0.00,10000.00,,,,製作競選物品或宣傳廣告費用,金錢,高雄市前鎮區****,,否,,,,,,,
232,賴瑞隆,113年立法委員選舉,首次申報,1130108,宣傳支出,中華電信股份有限公司高雄營運處武慶服務中心,82723969,0.00,12000.00,,,,發送電信簡訊費用,金錢,高雄市苓雅武****,,否,,,,,,,
233,賴瑞隆,113年立法委員選舉,首次申報,1130109,宣傳支出,風傳媒有限公司,54340511,0.00,100000.00,,,,播放、傳送或刊登宣傳廣告費用,金錢,臺北市內湖區****,,否,,,,,,,
234,賴瑞隆,113年立法委員選舉,首次申報,1130109,宣傳支出,今傳媒報社,88064507,0.00,30000.00,,,,播放、傳送或刊登宣傳廣告費用,金錢,高雄市路竹區****,,否,,,,,,,
235,賴瑞隆,113年立法委員選舉,首次申報,1130110,宣傳支出,鳳鳴廣播股份有限公司,20846603,0.00,40000.00,,,,播放、傳送或刊登宣傳廣告費用,金錢,高雄市三民區****,,否,,,,,,,
236,賴瑞隆,113年立法委員選舉,首次申報,1130112,宣傳支出,自由時報企業股份有限公司,52570683,0.00,94500.00,,,,播放、傳送或刊登宣傳廣告費用,金錢,高雄市鼓山區****,,否,,,,,,,
237,賴瑞隆,113年立法委員選舉,首次申報,1130114,宣傳支出,創兆整合行銷有限公司,29010219,0.00,2121545.00,,,,租用廣告看板或車體廣告費用,金錢,高雄市三民區****,,否,,,,,,,
238,賴瑞隆,113年立法委員選舉,首次申報,1130115,宣傳支出,創兆整合行銷有限公司,29010219,0.00,482728.00,,,,租用廣告看板或車體廣告費用,金錢,高雄市三民區****,,否,,,,,,,
239,賴瑞隆,113年立法委員選舉,首次申報,1130115,租用競選辦事處支出,李茂生,V12*******,0.00,25000.00,,,,租用競選辦事處費用,金錢,高雄市前鎮區****,,否,,,,,,,
240,賴瑞隆,113年立法委員選舉,首次申報,1130116,宣傳支出,山水民意研究股份有限公司,16135975,0.00,115906.00,,,,委託辦理研究、評估、調查、設計或規劃費用,金錢,臺北市松山區****,,否,,,,,,,
241,賴瑞隆,113年立法委員選舉,首次申報,1130116,宣傳支出,樺暘文具印刷有限公司,22845539,0.00,700875.00,,,,製作競選物品或宣傳廣告費用,金錢,高雄市三民區****,,否,,,,,,,
242,賴瑞隆,113年立法委員選舉,首次申報,1130116,宣傳支出,鴻順印刷股份有限公司,84725387,0.00,1499505.00,,,,製作競選物品或宣傳廣告費用,金錢,高雄市仁武區****,,否,,,,,,,
243,賴瑞隆,113年立法委員選舉,首次申報,1130119,宣傳支出,主人廣播電台股份有限公司,97145045,0.00,15000.00,,,,播放、傳送或刊登宣傳廣告費用,金錢,高雄市新興區****,,否,,,,,,,
244,賴瑞隆,113年立法委員選舉,首次申報,1130122,宣傳支出,巨達印刷事業股份有限公司,23356657,0.00,105756.00,,,,製作競選物品或宣傳廣告費用,金錢,高雄市前鎮區****,,否,,,,,,,
245,賴瑞隆,113年立法委員選舉,首次申報,1130123,返還捐贈支出,財團法人佛教大願院地藏王廟基金會,,0.00,100000.00,,,,返還,金錢,高雄市旗津區****,,否,,,,,,,
246,賴瑞隆,113年立法委員選舉,首次申報,1130123,雜支支出,台灣銀行,,0.00,90.00,,,,匯費,金錢,臺北市中正區****,,否,,,,,,,
247,賴瑞隆,113年立法委員選舉,首次申報,1130123,返還捐贈支出,長日投資股份有限公司,23449369,0.00,200000.00,,,,返還,金錢,臺北市大安區****,,否,,,,,,,
248,賴瑞隆,113年立法委員選舉,首次申報,1130123,返還捐贈支出,長日投資股份有限公司,23449369,0.00,100000.00,,,,返還,金錢,臺北市大安區****,,否,,,,,,,
249,賴瑞隆,113年立法委員選舉,首次申報,1130123,返還捐贈支出,鴻順漁業股份有限公司,28608908,0.00,100000.00,,,,返還,金錢,高雄市小港區****,,否,,,,,,,
250,賴瑞隆,113年立法委員選舉,首次申報,1130131,宣傳支出,心一企業股份有限公司,89494723,0.00,137970.00,,,,製作競選物品或宣傳廣告費用,金錢,高雄市仁武區****,,否,,,,,,,
251,賴瑞隆,113年立法委員選舉,首次申報,1130301,返還捐贈支出,磊山保險經紀人股份有限公司,25100998,0.00,300000.00,,,,返還,金錢,臺北市中山區****,,否,,,,,,,
252,賴瑞隆,113年立法委員選舉,首次申報,1130301,返還捐贈支出,柏林股份有限公司,75371405,0.00,50000.00,,,,返還,金錢,高雄市小港區****,,否,,,,,,,
