﻿序號,擬參選人／政黨,選舉名稱,申報序號／年度,交易日期,收支科目,捐贈者／支出對象,身分證／統一編號,收入金額,支出金額,捐贈方式,存入專戶日期,返還/繳庫,支出用途,金錢類,地址,聯絡電話,應揭露之支出對象,支出對象之內部人員姓名,支出對象之內部人員職稱,政黨之內部人員姓名,政黨之內部人員職稱,關係,更正註記,資料更正日期
1,張欣倩,111年彰化縣議員選舉,首次申報,1110712,宣傳支出,大方廣告,,0.00,26240.00,,,,租用廣告看板或車體廣告費用,金錢,彰化縣員林市****,,否,,,,,,,
2,張欣倩,111年彰化縣議員選舉,首次申報,1110715,宣傳支出,銓訸工程行,,0.00,13862.00,,,,租用廣告看板或車體廣告費用,金錢,彰化縣溪湖鎮****,,否,,,,,,,
3,張欣倩,111年彰化縣議員選舉,首次申報,1110725,雜支支出,賴崇仁,,0.00,5000.00,,,,雜項購置或修繕費用,金錢,彰化縣田尾鄉****,,否,,,,,,,
4,張欣倩,111年彰化縣議員選舉,首次申報,1110802,雜支支出,林耀聰,,0.00,2500.00,,,,雜項購置或修繕費用,金錢,雲林縣虎尾鎮****,,否,,,,,,,
5,張欣倩,111年彰化縣議員選舉,首次申報,1110906,宣傳支出,中華郵政員林南門郵局,,0.00,140.00,,,,郵寄競選物品或宣傳廣告費用,金錢,彰化縣員林市****,,否,,,,,,,
6,張欣倩,111年彰化縣議員選舉,首次申報,1110910,雜支支出,雅琪花藝社,82455295,0.00,1000.00,,,,雜項購置或修繕費用,金錢,臺中市沙鹿區****,0952*****,否,,,,,,,
7,張欣倩,111年彰化縣議員選舉,首次申報,1110915,雜支支出,會心花坊,25366589,0.00,7500.00,,,,雜項購置或修繕費用,金錢,彰化縣員林鎮****,04-8*****,否,,,,,,,
8,張欣倩,111年彰化縣議員選舉,首次申報,1110915,宣傳支出,上好生醫科技股份有限公司,83691183,0.00,94500.00,,,,製作競選物品或宣傳廣告費用（口罩）,金錢,臺中市西屯區****,,否,,,,,,,
9,張欣倩,111年彰化縣議員選舉,首次申報,1110916,宣傳支出,觀莉企業有限公司,16525832,0.00,12000.00,,,,製作競選物品或宣傳廣告費用（牙線棒）,金錢,臺南市安南區****,,否,,,,,,,
10,張欣倩,111年彰化縣議員選舉,首次申報,1110920,雜支支出,晉雅堂,05923340,0.00,22000.00,,,,雜項購置或修繕費用,金錢,彰化縣鹿港鎮****,04-7*****,否,,,,,,,
11,張欣倩,111年彰化縣議員選舉,首次申報,1110920,宣傳支出,超美旗幟社,13731795,0.00,39000.00,,,,製作競選物品或宣傳廣告費用（*立旗）,金錢,彰化縣田尾鄉****,04-8*****,否,,,,,,,
12,張欣倩,111年彰化縣議員選舉,首次申報,1110920,宣傳支出,中華郵政員林郵局,60005205,0.00,71204.00,,,,郵寄競選物品或宣傳廣告費用,金錢,彰化縣員林市****,,否,,,,,,,
13,張欣倩,111年彰化縣議員選舉,首次申報,1110921,集會支出,藝果展覽實業社,38925381,0.00,14500.00,,,,租用設備費用,金錢,彰化縣芬園鄉****,0921*****,否,,,,,,,
14,張欣倩,111年彰化縣議員選舉,首次申報,1110921,雜支支出,瀧堯棧商行,45790394,0.00,18000.00,,,,餐飲費用,金錢,彰化縣員林市****,04-8*****,否,,,,,,,
15,張欣倩,111年彰化縣議員選舉,首次申報,1110922,宣傳支出,敬禾廣告社,,0.00,2741.00,,,,製作競選物品或宣傳廣告費用（布旗）,金錢,彰化縣員林市****,,否,,,,,,,
16,張欣倩,111年彰化縣議員選舉,首次申報,1110923,宣傳支出,員林南門郵局,,0.00,92.00,,,,郵寄競選物品或宣傳廣告費用,金錢,彰化縣員林市****,,否,,,,,,,
17,張欣倩,111年彰化縣議員選舉,首次申報,1110926,租用宣傳車輛支出,欣瑞音響社,19944036,0.00,20000.00,,,,其他與租用宣傳車輛有關之費用,金錢,彰化縣北斗鎮****,,否,,,,,,,
18,張欣倩,111年彰化縣議員選舉,首次申報,1110930,人事費用支出,陳參,N20*******,0.00,30000.00,,,,工資或薪津,金錢,彰化縣埔心鄉****,0932*****,否,,,,,,,
19,張欣倩,111年彰化縣議員選舉,首次申報,1110930,人事費用支出,吳麗卿,N22*******,0.00,30000.00,,,,工資或薪津,金錢,彰化縣花壇鄉****,0928*****,否,,,,,,,
20,張欣倩,111年彰化縣議員選舉,首次申報,1110930,人事費用支出,吳麗女,N22*******,0.00,30000.00,,,,工資或薪津,金錢,彰化縣花壇鄉****,04-7*****,否,,,,,,,
21,張欣倩,111年彰化縣議員選舉,首次申報,1110930,人事費用支出,張秀美,N22*******,0.00,30000.00,,,,工資或薪津,金錢,彰化縣員林市****,0937*****,否,,,,,,,
22,張欣倩,111年彰化縣議員選舉,首次申報,1111001,集會支出,瑞成帆布出租,,0.00,21000.00,,,,租用設備費用,金錢,彰化縣埔心鄉****,,否,,,,,,,
23,張欣倩,111年彰化縣議員選舉,首次申報,1111001,集會支出,德安禮儀社,,0.00,10000.00,,,,租用設備費用,金錢,彰化縣永靖鄉****,,否,,,,,,,
24,張欣倩,111年彰化縣議員選舉,首次申報,1111001,宣傳支出,大方廣告,05988912,0.00,11970.00,,,,租用廣告看板或車體廣告費用,金錢,彰化縣員林鎮****,04-8*****,否,,,,,,,
25,張欣倩,111年彰化縣議員選舉,首次申報,1111001,集會支出,秀梅電子琴花車行,12052087,0.00,46000.00,,,,租用設備費用,金錢,南投縣草屯鎮****,,否,,,,,,,
26,張欣倩,111年彰化縣議員選舉,首次申報,1111001,集會支出,瀧堯棧商行,45790394,0.00,25000.00,,,,餐飲費用,金錢,彰化縣員林市****,04-8*****,否,,,,,,,
27,張欣倩,111年彰化縣議員選舉,首次申報,1111001,集會支出,青峰桌椅碗盤出租商行,47595919,0.00,10400.00,,,,租用設備費用(桌椅),金錢,彰化縣和美鎮****,0937*****,否,,,,,,,
28,張欣倩,111年彰化縣議員選舉,首次申報,1111001,集會支出,呷奔飽飯包店,87208301,0.00,4000.00,,,,餐飲費用(工作人員便當),金錢,彰化縣線西鄉****,04-7*****,否,,,,,,,
29,張欣倩,111年彰化縣議員選舉,首次申報,1111001,集會支出,佳聖環保有限公司,90595256,0.00,6825.00,,,,租用設備費用(流動廁所),金錢,彰化縣社頭鄉****,0905*****,否,,,,,,,
30,張欣倩,111年彰化縣議員選舉,首次申報,1111001,人事費用支出,賴順猷,N10*******,0.00,3600.00,,,,工資或薪津(交通指揮),金錢,彰化縣員林市****,0928*****,否,,,,,,,
31,張欣倩,111年彰化縣議員選舉,首次申報,1111003,雜支支出,大老二企業有限公司,,0.00,210.00,,,,文具用品費用(大膠帶),金錢,彰化縣員林市****,,否,,,,,,,
32,張欣倩,111年彰化縣議員選舉,首次申報,1111003,集會支出,達芙有限公司,,0.00,9000.00,,,,餐飲費用,金錢,彰化縣員林市****,,否,,,,,,,
33,張欣倩,111年彰化縣議員選舉,首次申報,1111003,集會支出,上品囍宴包辦,,0.00,25000.00,,,,餐飲費用(滷湯),金錢,彰化縣員林市****,04-8*****,否,,,,,,,
34,張欣倩,111年彰化縣議員選舉,首次申報,1111003,宣傳支出,大方廣告,05988912,0.00,5100.00,,,,製作競選物品或宣傳廣告費用（關東旗）,金錢,彰化縣員林鎮****,05-8*****,否,,,,,,,
35,張欣倩,111年彰化縣議員選舉,首次申報,1111003,宣傳支出,正騰旺傳播有限公司,84355498,0.00,138180.00,,,,製作競選物品或宣傳廣告費用（面紙包）,金錢,彰化縣彰化市****,,否,,,,,,,
36,張欣倩,111年彰化縣議員選舉,首次申報,1111003,集會支出,曹欽喜,N12*******,0.00,25000.00,,,,餐飲費用(滷湯),金錢,彰化縣員林市****,,否,,,,,,,
37,張欣倩,111年彰化縣議員選舉,首次申報,1111004,雜支支出,里家麵包店,,0.00,8000.00,,,,餐飲費用,金錢,彰化縣社頭鄉****,,否,,,,,,,
38,張欣倩,111年彰化縣議員選舉,首次申報,1111005,雜支支出,圓林燒鴨店,,0.00,1600.00,,,,餐飲費用,金錢,彰化縣員林鎮****,,否,,,,,,,
39,張欣倩,111年彰化縣議員選舉,首次申報,1111006,雜支支出,鼎园企業社,,0.00,850.00,,,,餐飲費用,金錢,彰化縣員林市****,,否,,,,,,,
40,張欣倩,111年彰化縣議員選舉,首次申報,1111007,雜支支出,鼎园企業社,,0.00,1200.00,,,,餐飲費用,金錢,彰化縣員林市****,,否,,,,,,,
41,張欣倩,111年彰化縣議員選舉,首次申報,1111008,宣傳支出,大方廣告,05988912,0.00,10000.00,,,,租用廣告看板或車體廣告費用,金錢,彰化縣員林鎮****,04-8*****,否,,,,,,,
42,張欣倩,111年彰化縣議員選舉,首次申報,1111010,集會支出,欣瑞音響社,19944036,0.00,20000.00,,,,租用設備費用,金錢,彰化縣北斗鎮****,,否,,,,,,,
43,張欣倩,111年彰化縣議員選舉,首次申報,1111011,雜支支出,員甲飯,,0.00,720.00,,,,餐飲費用,金錢,彰化縣員林鎮****,,否,,,,,,,
44,張欣倩,111年彰化縣議員選舉,首次申報,1111012,雜支支出,圓林燒鴨店,,0.00,1800.00,,,,餐飲費用,金錢,彰化縣員林鎮****,,否,,,,,,,
45,張欣倩,111年彰化縣議員選舉,首次申報,1111012,宣傳支出,大方廣告,05988912,0.00,36000.00,,,,製作競選物品或宣傳廣告費用（手搖旗）,金錢,彰化縣員林鎮****,04-8*****,否,,,,,,,
46,張欣倩,111年彰化縣議員選舉,首次申報,1111013,雜支支出,禾風池上飯包,,0.00,1200.00,,,,餐飲費用,金錢,彰化縣員林鎮****,,否,,,,,,,
47,張欣倩,111年彰化縣議員選舉,首次申報,1111013,雜支支出,會心花坊,25366589,0.00,7500.00,,,,雜項購置或修繕費用,金錢,彰化縣員林鎮****,04-8*****,否,,,,,,,
48,張欣倩,111年彰化縣議員選舉,首次申報,1111014,雜支支出,珍香自助餐,,0.00,750.00,,,,餐飲費用,金錢,彰化縣社頭鄉****,,否,,,,,,,
49,張欣倩,111年彰化縣議員選舉,首次申報,1111014,宣傳支出,員林南門郵局,,0.00,364.00,,,,郵寄競選物品或宣傳廣告費用,金錢,彰化縣員林市****,,否,,,,,,,
50,張欣倩,111年彰化縣議員選舉,首次申報,1111015,雜支支出,李師傅排骨大王,,0.00,2250.00,,,,餐飲費用,金錢,彰化縣大村鄉****,,否,,,,,,,
51,張欣倩,111年彰化縣議員選舉,首次申報,1111015,雜支支出,靜修青心茶莊,,0.00,485.00,,,,餐飲費用,金錢,彰化縣員林鎮****,,否,,,,,,,
52,張欣倩,111年彰化縣議員選舉,首次申報,1111017,雜支支出,老客馥廣東粥,,0.00,740.00,,,,餐飲費用,金錢,彰化縣大村鄉****,,否,,,,,,,
53,張欣倩,111年彰化縣議員選舉,首次申報,1111018,雜支支出,靜修青心茶莊,,0.00,260.00,,,,餐飲費用,金錢,彰化縣員林鎮****,,否,,,,,,,
54,張欣倩,111年彰化縣議員選舉,首次申報,1111019,雜支支出,禾風池上飯包,,0.00,1140.00,,,,餐飲費用,金錢,彰化縣員林鎮****,,否,,,,,,,
55,張欣倩,111年彰化縣議員選舉,首次申報,1111020,雜支支出,靜修小籠包,,0.00,660.00,,,,餐飲費用,金錢,彰化縣員林市****,,否,,,,,,,
56,張欣倩,111年彰化縣議員選舉,首次申報,1111020,雜支支出,晉雅堂,05923340,0.00,22000.00,,,,雜項購置或修繕費用,金錢,彰化縣鹿港鎮****,04-7*****,否,,,,,,,
57,張欣倩,111年彰化縣議員選舉,首次申報,1111021,雜支支出,呷奔飽飯包店,,0.00,1020.00,,,,餐飲費用,金錢,彰化縣線西鄉****,,否,,,,,,,
58,張欣倩,111年彰化縣議員選舉,首次申報,1111021,宣傳支出,大方廣告,05988912,0.00,8500.00,,,,播放、傳送或刊登宣傳廣告費用,金錢,彰化縣員林鎮****,04-8*****,否,,,,,,,
59,張欣倩,111年彰化縣議員選舉,首次申報,1111024,雜支支出,聖恩快餐,,0.00,800.00,,,,餐飲費用,金錢,彰化縣員林市****,,否,,,,,,,
60,張欣倩,111年彰化縣議員選舉,首次申報,1111025,雜支支出,鼎园企業社,,0.00,1020.00,,,,餐飲費用,金錢,彰化縣員林市****,,否,,,,,,,
61,張欣倩,111年彰化縣議員選舉,首次申報,1111025,人事費用支出,游小萩,N22*******,0.00,20000.00,,,,工資或薪津,金錢,彰化縣員林市****,0912*****,否,,,,,,,
62,張欣倩,111年彰化縣議員選舉,首次申報,1111026,雜支支出,鼎园企業社,,0.00,1440.00,,,,餐飲費用,金錢,彰化縣員林市****,,否,,,,,,,
63,張欣倩,111年彰化縣議員選舉,首次申報,1111027,雜支支出,愛森小吃店,,0.00,1020.00,,,,餐飲費用,金錢,彰化縣員林鎮****,,否,,,,,,,
64,張欣倩,111年彰化縣議員選舉,首次申報,1111027,人事費用支出,黃偉紘,N12*******,0.00,15000.00,,,,工資或薪津,金錢,彰化縣溪湖鎮****,0980*****,否,,,,,,,
65,張欣倩,111年彰化縣議員選舉,首次申報,1111027,人事費用支出,蕭宇彤,N22*******,0.00,15000.00,,,,加班費或值班費,金錢,彰化縣員林市****,0912*****,否,,,,,,,
66,張欣倩,111年彰化縣議員選舉,首次申報,1111027,人事費用支出,江惠怡,N22*******,0.00,15000.00,,,,工資或薪津,金錢,彰化縣永靖鄉****,0908*****,否,,,,,,,
67,張欣倩,111年彰化縣議員選舉,首次申報,1111028,雜支支出,圓林燒鴨店,,0.00,1350.00,,,,餐飲費用,金錢,彰化縣員林鎮****,,否,,,,,,,
68,張欣倩,111年彰化縣議員選舉,首次申報,1111029,雜支支出,佳臻樓小吃店,,0.00,1120.00,,,,餐飲費用,金錢,彰化縣員林鎮****,,否,,,,,,,
69,張欣倩,111年彰化縣議員選舉,首次申報,1111029,雜支支出,靜修青心茶莊,,0.00,360.00,,,,餐飲費用,金錢,彰化縣員林鎮****,,否,,,,,,,
70,張欣倩,111年彰化縣議員選舉,首次申報,1111029,宣傳支出,大方廣告,05988912,0.00,8700.00,,,,播放、傳送或刊登宣傳廣告費用,金錢,彰化縣員林鎮****,04-8*****,否,,,,,,,
71,張欣倩,111年彰化縣議員選舉,首次申報,1111030,雜支支出,李師傅排骨大王,,0.00,850.00,,,,餐飲費用,金錢,彰化縣大村鄉****,,否,,,,,,,
72,張欣倩,111年彰化縣議員選舉,首次申報,1111030,雜支支出,華成水煎包,26863537,0.00,925.00,,,,餐飲費用,金錢,彰化縣員林鎮****,04-8*****,否,,,,,,,
73,張欣倩,111年彰化縣議員選舉,首次申報,1111030,人事費用支出,黃麗端,N22*******,0.00,33300.00,,,,工資或薪津,金錢,彰化縣員林市****,04-8*****,否,,,,,,,
74,張欣倩,111年彰化縣議員選舉,首次申報,1111031,雜支支出,靜修小籠包,,0.00,880.00,,,,餐飲費用,金錢,彰化縣員林市****,,否,,,,,,,
75,張欣倩,111年彰化縣議員選舉,首次申報,1111031,雜支支出,圓林燒鴨店,05986463,0.00,1200.00,,,,餐飲費用,金錢,彰化縣員林鎮****,04-8*****,否,,,,,,,
76,張欣倩,111年彰化縣議員選舉,首次申報,1111031,人事費用支出,楊承恩,N12*******,0.00,15000.00,,,,加班費或值班費,金錢,彰化縣線西鄉****,0988*****,否,,,,,,,
77,張欣倩,111年彰化縣議員選舉,首次申報,1111031,人事費用支出,蕭慧儒,N22*******,0.00,15000.00,,,,加班費或值班費,金錢,彰化縣員林市****,0933*****,否,,,,,,,
78,張欣倩,111年彰化縣議員選舉,首次申報,1111101,集會支出,水云茶堂員林惠明店,,0.00,490.00,,,,餐飲費用,金錢,彰化縣員林市****,0908*****,否,,,,,,,
79,張欣倩,111年彰化縣議員選舉,首次申報,1111101,集會支出,醍客味廚房,82414197,0.00,2400.00,,,,餐飲費用,金錢,彰化縣員林市****,0983*****,否,,,,,,,
80,張欣倩,111年彰化縣議員選舉,首次申報,1111101,集會支出,鼎园企業社,92205992,0.00,1600.00,,,,餐飲費用,金錢,彰化縣員林市****,04-8*****,否,,,,,,,
81,張欣倩,111年彰化縣議員選舉,首次申報,1111101,宣傳支出,華南快速印刷,95962266,0.00,5700.00,,,,製作競選物品或宣傳廣告費用（廣告文宣）,金錢,彰化縣彰化市****,04-7*****,否,,,,,,,
82,張欣倩,111年彰化縣議員選舉,首次申報,1111101,人事費用支出,賴雅菁,N22*******,0.00,20000.00,,,,工資或薪津,金錢,彰化縣員林市****,0911*****,否,,,,,,,
83,張欣倩,111年彰化縣議員選舉,首次申報,1111102,集會支出,小星家,82406176,0.00,7200.00,,,,餐飲費用,金錢,彰化縣和美鎮****,04-7*****,否,,,,,,,
84,張欣倩,111年彰化縣議員選舉,首次申報,1111103,雜支支出,府城魷魚羹,,0.00,540.00,,,,餐飲費用,金錢,彰化縣員林鎮****,,否,,,,,,,
85,張欣倩,111年彰化縣議員選舉,首次申報,1111103,雜支支出,龍登巴士紅茶店,,0.00,320.00,,,,餐飲費用,金錢,彰化縣員林市****,,否,,,,,,,
86,張欣倩,111年彰化縣議員選舉,首次申報,1111103,雜支支出,禾風池上飯包,39789336,0.00,1785.00,,,,餐飲費用,金錢,彰化縣員林鎮****,04-8*****,否,,,,,,,
87,張欣倩,111年彰化縣議員選舉,首次申報,1111104,雜支支出,圓林燒鴨店,,0.00,850.00,,,,餐飲費用,金錢,彰化縣員林鎮****,,否,,,,,,,
88,張欣倩,111年彰化縣議員選舉,首次申報,1111105,租用宣傳車輛支出,賴順昌,N12*******,0.00,1000.00,,,,宣傳車輛燃料費用,金錢,彰化縣大村鄉****,0933*****,否,,,,,,,
89,張欣倩,111年彰化縣議員選舉,首次申報,1111107,雜支支出,圓林燒鴨店,,0.00,960.00,,,,餐飲費用,金錢,彰化縣員林鎮****,,否,,,,,,,
90,張欣倩,111年彰化縣議員選舉,首次申報,1111108,雜支支出,圓林燒鴨店,,0.00,1200.00,,,,餐飲費用,金錢,彰化縣員林鎮****,,否,,,,,,,
91,張欣倩,111年彰化縣議員選舉,首次申報,1111108,宣傳支出,員林南門郵局,,0.00,196.00,,,,郵寄競選物品或宣傳廣告費用,金錢,彰化縣員林市****,,否,,,,,,,
92,張欣倩,111年彰化縣議員選舉,首次申報,1111108,宣傳支出,彰化印刷事業有限公司,12601154,0.00,54075.00,,,,製作競選物品或宣傳廣告費用（競總成立邀請卡）,金錢,彰化縣秀水鄉****,04-7*****,否,,,,,,,
93,張欣倩,111年彰化縣議員選舉,首次申報,1111108,宣傳支出,南彰化廣告有限公司,16647504,0.00,16800.00,,,,播放、傳送或刊登宣傳廣告費用,金錢,彰化縣員林市****,04-8*****,否,,,,,,,
94,張欣倩,111年彰化縣議員選舉,首次申報,1111109,雜支支出,愛森小吃店,,0.00,850.00,,,,餐飲費用,金錢,彰化縣員林鎮****,,否,,,,,,,
95,張欣倩,111年彰化縣議員選舉,首次申報,1111110,宣傳支出,員林南門郵局,,0.00,28.00,,,,郵寄競選物品或宣傳廣告費用,金錢,彰化縣員林市****,,否,,,,,,,
96,張欣倩,111年彰化縣議員選舉,首次申報,1111110,集會支出,阿鎮日式碳烤便當,45758970,0.00,2250.00,,,,餐飲費用,金錢,彰化縣員林鎮****,04-8*****,否,,,,,,,
97,張欣倩,111年彰化縣議員選舉,首次申報,1111110,集會支出,冰心茶舖,82481857,0.00,460.00,,,,餐飲費用,金錢,彰化縣員林市****,04-8*****,否,,,,,,,
98,張欣倩,111年彰化縣議員選舉,首次申報,1111110,集會支出,鼎园企業社,92205992,0.00,2400.00,,,,餐飲費用,金錢,彰化縣員林市****,04-8*****,否,,,,,,,
99,張欣倩,111年彰化縣議員選舉,首次申報,1111112,雜支支出,禾風池上飯包,,0.00,1260.00,,,,餐飲費用,金錢,彰化縣員林鎮****,,否,,,,,,,
100,張欣倩,111年彰化縣議員選舉,首次申報,1111112,雜支支出,龍登巴士紅茶店,,0.00,320.00,,,,餐飲費用,金錢,彰化縣員林市****,,否,,,,,,,
101,張欣倩,111年彰化縣議員選舉,首次申報,1111114,雜支支出,靜修小籠包,,0.00,1540.00,,,,餐飲費用,金錢,彰化縣員林市****,,否,,,,,,,
102,張欣倩,111年彰化縣議員選舉,首次申報,1111114,雜支支出,靜修青心茶莊,,0.00,380.00,,,,餐飲費用,金錢,彰化縣員林鎮****,,否,,,,,,,
103,張欣倩,111年彰化縣議員選舉,首次申報,1111114,宣傳支出,大方廣告,,0.00,2912.00,,,,製作競選物品或宣傳廣告費用（廣告帆布）,金錢,彰化縣員林鎮****,,否,,,,,,,
104,張欣倩,111年彰化縣議員選舉,首次申報,1111114,集會支出,吉緣蔬食自助餐,72459808,0.00,1280.00,,,,餐飲費用,金錢,彰化縣員林市****,04-8*****,否,,,,,,,
105,張欣倩,111年彰化縣議員選舉,首次申報,1111115,雜支支出,宏友文具專賣店,,0.00,350.00,,,,文具用品費用,金錢,彰化縣員林鎮****,,否,,,,,,,
106,張欣倩,111年彰化縣議員選舉,首次申報,1111115,雜支支出,冠軍塑膠袋包裝材料行,,0.00,1280.00,,,,文具用品費用,金錢,彰化縣員林市****,,否,,,,,,,
107,張欣倩,111年彰化縣議員選舉,首次申報,1111115,宣傳支出,南彰化廣告有限公司,16647504,0.00,44100.00,,,,播放、傳送或刊登宣傳廣告費用,金錢,彰化縣員林市****,04-8*****,否,,,,,,,
108,張欣倩,111年彰化縣議員選舉,首次申報,1111115,宣傳支出,員林郵局,60005205,0.00,81828.00,,,,郵寄競選物品或宣傳廣告費用,金錢,彰化縣員林市****,,否,,,,,,,
109,張欣倩,111年彰化縣議員選舉,首次申報,1111115,雜支支出,鼎园企業社,92205992,0.00,1200.00,,,,餐飲費用,金錢,彰化縣員林市****,04-8*****,否,,,,,,,
110,張欣倩,111年彰化縣議員選舉,首次申報,1111115,人事費用支出,張陽洲,N12*******,0.00,33300.00,,,,工資或薪津,金錢,彰化縣員林市****,0932*****,否,,,,,,,
111,張欣倩,111年彰化縣議員選舉,首次申報,1111116,雜支支出,冠軍塑膠袋包裝材料行,,0.00,981.00,,,,餐飲費用,金錢,彰化縣員林市****,,否,,,,,,,
112,張欣倩,111年彰化縣議員選舉,首次申報,1111116,雜支支出,第一大腸麵線,,0.00,1210.00,,,,餐飲費用,金錢,彰化縣員林市****,,否,,,,,,,
113,張欣倩,111年彰化縣議員選舉,首次申報,1111117,雜支支出,金王便餐,,0.00,1380.00,,,,餐飲費用,金錢,彰化縣員林鎮****,,否,,,,,,,
114,張欣倩,111年彰化縣議員選舉,首次申報,1111117,雜支支出,龍登巴士紅茶店,,0.00,530.00,,,,餐飲費用,金錢,彰化縣員林市****,,否,,,,,,,
115,張欣倩,111年彰化縣議員選舉,首次申報,1111117,雜支支出,冠軍塑膠袋包裝材料行,,0.00,1833.00,,,,文具用品費用,金錢,彰化縣員林市****,,否,,,,,,,
116,張欣倩,111年彰化縣議員選舉,首次申報,1111117,雜支支出,圓林燒鴨店,05986463,0.00,1600.00,,,,餐飲費用,金錢,彰化縣員林鎮****,04-8*****,否,,,,,,,
117,張欣倩,111年彰化縣議員選舉,首次申報,1111121,雜支支出,鼎园企業社,,0.00,850.00,,,,餐飲費用,金錢,彰化縣員林市****,,否,,,,,,,
118,張欣倩,111年彰化縣議員選舉,首次申報,1111121,雜支支出,小師傅便當店,,0.00,720.00,,,,餐飲費用,金錢,彰化縣員林鎮****,,否,,,,,,,
119,張欣倩,111年彰化縣議員選舉,首次申報,1111122,雜支支出,峨嵋小吃部,,0.00,830.00,,,,餐飲費用,金錢,彰化縣員林市****,,否,,,,,,,
120,張欣倩,111年彰化縣議員選舉,首次申報,1111122,宣傳支出,員林南門郵局,,0.00,84.00,,,,郵寄競選物品或宣傳廣告費用,金錢,彰化縣員林市****,,否,,,,,,,
121,張欣倩,111年彰化縣議員選舉,首次申報,1111123,雜支支出,水云茶堂,,0.00,300.00,,,,餐飲費用,金錢,彰化縣員林市****,0908*****,否,,,,,,,
122,張欣倩,111年彰化縣議員選舉,首次申報,1111123,雜支支出,禾風池上飯包,,0.00,2250.00,,,,餐飲費用,金錢,彰化縣員林鎮****,,否,,,,,,,
123,張欣倩,111年彰化縣議員選舉,首次申報,1111123,租用宣傳車輛支出,欣瑞音響社,,0.00,2100.00,,,,維修宣傳車輛費用,金錢,彰化縣北斗鎮****,,否,,,,,,,
124,張欣倩,111年彰化縣議員選舉,首次申報,1111124,雜支支出,佳禾港式燒臘快餐店,,0.00,1785.00,,,,餐飲費用,金錢,彰化縣員林鎮****,,否,,,,,,,
125,張欣倩,111年彰化縣議員選舉,首次申報,1111124,集會支出,欣瑞音響社,19944036,0.00,20000.00,,,,租用設備費用,金錢,彰化縣北斗鎮****,,否,,,,,,,
126,張欣倩,111年彰化縣議員選舉,首次申報,1111124,返還捐贈支出,鎰興建設有限公司,54583312,0.00,10000.00,,,,返還,金錢,彰化縣員林市****,,否,,,,,,,
127,張欣倩,111年彰化縣議員選舉,首次申報,1111124,人事費用支出,游小萩,N22*******,0.00,30000.00,,,,工資或薪津,金錢,彰化縣員林市****,0912*****,否,,,,,,,
128,張欣倩,111年彰化縣議員選舉,首次申報,1111125,雜支支出,醍客味廚房,,0.00,2400.00,,,,餐飲費用,金錢,彰化縣員林市****,,否,,,,,,,
129,張欣倩,111年彰化縣議員選舉,首次申報,1111125,雜支支出,里家麵包店,,0.00,1800.00,,,,餐飲費用,金錢,彰化縣社頭鄉****,,否,,,,,,,
130,張欣倩,111年彰化縣議員選舉,首次申報,1111125,返還捐贈支出,裕唐開發建設有限公司,24644376,0.00,100000.00,,,,返還,金錢,彰化縣員林市****,,否,,,,,,,
131,張欣倩,111年彰化縣議員選舉,首次申報,1111125,返還捐贈支出,大湧建設有限公司,54268721,0.00,20000.00,,,,返還,金錢,臺中市太平區****,,否,,,,,,,
132,張欣倩,111年彰化縣議員選舉,首次申報,1111125,返還捐贈支出,鑫樺科技有限公司,54848432,0.00,50000.00,,,,返還,金錢,新北市汐止區****,,否,,,,,,,
133,張欣倩,111年彰化縣議員選舉,首次申報,1111126,租用競選辦事處支出,鴻海企業社,,0.00,6000.00,,,,其他與租用競選辦事處有關之費用,金錢,彰化縣田中鎮****,,否,,,,,,,
134,張欣倩,111年彰化縣議員選舉,首次申報,1111126,雜支支出,里家麵包店,,0.00,4000.00,,,,餐飲費用,金錢,彰化縣社頭鄉****,,否,,,,,,,
135,張欣倩,111年彰化縣議員選舉,首次申報,1111126,集會支出,秀梅電子琴花車行,12052087,0.00,12000.00,,,,租用設備費用,金錢,南投縣草屯鎮****,,否,,,,,,,
136,張欣倩,111年彰化縣議員選舉,首次申報,1111126,集會支出,吳麗兒,N20*******,0.00,35000.00,,,,餐飲費用,金錢,彰化縣花壇鄉****,0919*****,否,,,,,,,
137,張欣倩,111年彰化縣議員選舉,首次申報,1111126,集會支出,張欣倩競選總部,N22*******,0.00,1000.00,,,,餐飲費用,非金錢,彰化縣員林市****,04-8*****,否,,,,,,,
138,張欣倩,111年彰化縣議員選舉,首次申報,1111126,雜支支出,張欣倩競選總部,N22*******,0.00,210.00,,,,餐飲費用,非金錢,彰化縣員林市****,04-8*****,否,,,,,,,
139,張欣倩,111年彰化縣議員選舉,首次申報,1111127,雜支支出,百果山飲品店,,0.00,160.00,,,,餐飲費用,金錢,彰化縣員林市****,,否,,,,,,,
140,張欣倩,111年彰化縣議員選舉,首次申報,1111127,雜支支出,富老爺小吃店,,0.00,1930.00,,,,餐飲費用,金錢,彰化縣員林鎮****,,否,,,,,,,
141,張欣倩,111年彰化縣議員選舉,首次申報,1111127,交通旅運支出,江源淦,N12*******,0.00,10000.00,,,,油資,金錢,彰化縣永靖鄉****,0933*****,否,,,,,,,
142,張欣倩,111年彰化縣議員選舉,首次申報,1111127,交通旅運支出,賴順昌,N12*******,0.00,6500.00,,,,油資,金錢,彰化縣大村鄉****,0933*****,否,,,,,,,
143,張欣倩,111年彰化縣議員選舉,首次申報,1111128,雜支支出,優炫資訊社,,0.00,7235.00,,,,網際網路費用,金錢,彰化縣員林鎮****,,否,,,,,,,
144,張欣倩,111年彰化縣議員選舉,首次申報,1111128,宣傳支出,員林南門郵局,,0.00,84.00,,,,郵寄競選物品或宣傳廣告費用,金錢,彰化縣員林市****,,否,,,,,,,
145,張欣倩,111年彰化縣議員選舉,首次申報,1111128,宣傳支出,巨石廣告社,13732669,0.00,282434.00,,,,播放、傳送或刊登宣傳廣告費用,金錢,彰化縣員林市****,04-8*****,否,,,,,,,
146,張欣倩,111年彰化縣議員選舉,首次申報,1111129,人事費用支出,賴順昌,N12*******,0.00,30000.00,,,,工資或薪津,金錢,彰化縣大村鄉****,0933*****,否,,,,,,,
147,張欣倩,111年彰化縣議員選舉,首次申報,1111129,人事費用支出,陳參,N20*******,0.00,36000.00,,,,工資或薪津,金錢,彰化縣埔心鄉****,0932*****,否,,,,,,,
148,張欣倩,111年彰化縣議員選舉,首次申報,1111129,人事費用支出,吳麗卿,N22*******,0.00,36000.00,,,,工資或薪津,金錢,彰化縣花壇鄉****,0928*****,否,,,,,,,
149,張欣倩,111年彰化縣議員選舉,首次申報,1111129,人事費用支出,吳麗女,N22*******,0.00,36000.00,,,,工資或薪津,金錢,彰化縣花壇鄉****,04-7*****,否,,,,,,,
150,張欣倩,111年彰化縣議員選舉,首次申報,1111129,人事費用支出,賴雅菁,N22*******,0.00,25000.00,,,,加班費或值班費,金錢,彰化縣員林市****,0911*****,否,,,,,,,
151,張欣倩,111年彰化縣議員選舉,首次申報,1111129,人事費用支出,張秀美,N22*******,0.00,36000.00,,,,工資或薪津,金錢,彰化縣員林市****,0937*****,否,,,,,,,
152,張欣倩,111年彰化縣議員選舉,首次申報,1111207,宣傳支出,員林南門郵局,,0.00,84.00,,,,郵寄競選物品或宣傳廣告費用,金錢,彰化縣員林市****,,否,,,,,,,
153,張欣倩,111年彰化縣議員選舉,首次申報,1111209,人事費用支出,游承哲,N12*******,0.00,45000.00,,,,加班費或值班費,金錢,彰化縣員林市****,0986*****,否,,,,,,,
