﻿序號,擬參選人／政黨,選舉名稱,申報序號／年度,交易日期,收支科目,捐贈者／支出對象,身分證／統一編號,收入金額,支出金額,捐贈方式,存入專戶日期,返還/繳庫,支出用途,金錢類,地址,聯絡電話,應揭露之支出對象,支出對象之內部人員姓名,支出對象之內部人員職稱,政黨之內部人員姓名,政黨之內部人員職稱,關係,更正註記,資料更正日期
1,徐玉樹,111年桃園市議員選舉,首次申報,1110811,個人捐贈收入,郭張如雲,,10000.00,0.00,匯款,1110811,,,金錢,花蓮縣花蓮市****,,,,,,,,,
2,徐玉樹,111年桃園市議員選舉,首次申報,1110822,營利事業捐贈收入,元生實業股份有限公司,34580359,100000.00,0.00,匯款,1110822,,,金錢,桃園市中壢區****,,,,,,,,,
3,徐玉樹,111年桃園市議員選舉,首次申報,1110825,個人捐贈收入,涂貴榮,,2000.00,0.00,現金,1110825,,,金錢,桃園市龍潭區****,,,,,,,,,
4,徐玉樹,111年桃園市議員選舉,首次申報,1110825,個人捐贈收入,陳美菊,,10000.00,0.00,現金,1110825,,,金錢,桃園市龍潭區****,,,,,,,,,
5,徐玉樹,111年桃園市議員選舉,首次申報,1110825,個人捐贈收入,邱逢幹,H10*******,12000.00,0.00,現金,1110825,,,金錢,桃園市龍潭區****,0935*****,,,,,,,,
6,徐玉樹,111年桃園市議員選舉,首次申報,1110825,個人捐贈收入,錢國清,V12*******,10000.00,0.00,現金,,,,金錢,臺東縣臺東市****,,,,,,,,,
7,徐玉樹,111年桃園市議員選舉,首次申報,1110908,營利事業捐贈收入,廣盈開發股份有限公司,80394168,100000.00,0.00,現金,1110913,,,金錢,桃園市龜山區****,,,,,,,,,
8,徐玉樹,111年桃園市議員選舉,首次申報,1110912,個人捐贈收入,簡心縈,H22*******,50000.00,0.00,匯款,1110912,,,金錢,桃園市龍潭區****,,,,,,,,,
9,徐玉樹,111年桃園市議員選舉,首次申報,1110914,匿名捐贈,鍾敏俊,,2000.00,0.00,現金,,,,金錢,,,,,,,,,,
10,徐玉樹,111年桃園市議員選舉,首次申報,1110916,個人捐贈收入,陳健清,L12*******,16899.00,0.00,現金,1110921,,,金錢,桃園市龍潭區****,0928*****,,,,,,,,
11,徐玉樹,111年桃園市議員選舉,首次申報,1110919,匿名捐贈,邱佩珍,,100.00,0.00,現金,1110924,,,金錢,,,,,,,,,,
12,徐玉樹,111年桃園市議員選舉,首次申報,1110925,個人捐贈收入,吳睿豪,F13*******,20000.00,0.00,匯款,1110925,,,金錢,臺北市中正區****,,,,,,,,,
13,徐玉樹,111年桃園市議員選舉,首次申報,1110930,營利事業捐贈收入,李家堡土木包工業,26611343,20000.00,0.00,匯款,1110930,,,金錢,桃園市中壢區****,4382*****,,,,,,,,
14,徐玉樹,111年桃園市議員選舉,首次申報,1111011,營利事業捐贈收入,來鑫工業股份有限公司,12364841,10000.00,0.00,現金,1111013,,,金錢,臺北市中山區****,,,,,,,,,
15,徐玉樹,111年桃園市議員選舉,首次申報,1111011,個人捐贈收入,劉添富,H10*******,30000.00,0.00,匯款,1111011,,,金錢,桃園市龍潭區****,,,,,,,,,
16,徐玉樹,111年桃園市議員選舉,首次申報,1111011,個人捐贈收入,張忠敏,H22*******,30000.00,0.00,匯款,1111011,,,金錢,桃園市龍潭區****,0985*****,,,,,,,,
17,徐玉樹,111年桃園市議員選舉,首次申報,1111011,個人捐贈收入,王金淑,H22*******,60000.00,0.00,現金,1111013,,,金錢,桃園市龍潭區****,0921*****,,,,,,,,
18,徐玉樹,111年桃園市議員選舉,首次申報,1111011,個人捐贈收入,王金紅,H22*******,60000.00,0.00,現金,,,,金錢,桃園市龍潭區****,0921*****,,,,,,,,
19,徐玉樹,111年桃園市議員選舉,首次申報,1111017,營利事業捐贈收入,祥瑞石股份有限公司,42753656,150000.00,0.00,匯款,1111017,已返還,,金錢,桃園市中壢區****,,,,,,,,,
20,徐玉樹,111年桃園市議員選舉,首次申報,1111019,營利事業捐贈收入,員旺建設股份有限公司,53126730,200000.00,0.00,匯款,1111019,,,金錢,臺北市萬華區****,,,,,,,,,
21,徐玉樹,111年桃園市議員選舉,首次申報,1111020,營利事業捐贈收入,創意旅館股份有限公司,25164922,150000.00,0.00,匯款,1111020,,,金錢,五權路、號****,,,,,,,,,
22,徐玉樹,111年桃園市議員選舉,首次申報,1111021,營利事業捐贈收入,詠吉彩藝工業有限公司,97418039,30000.00,0.00,現金,1111021,,,金錢,桃園市龍潭區****,,,,,,,,,
23,徐玉樹,111年桃園市議員選舉,首次申報,1111028,營利事業捐贈收入,基宏實業股份有限公司,86377546,200000.00,0.00,票據,,,,金錢,新北市永和區****,,,,,,,,,
24,徐玉樹,111年桃園市議員選舉,首次申報,1111029,營利事業捐贈收入,優得企業股份有限公司,22891651,100000.00,0.00,票據,,,,金錢,新北市三重區****,,,,,,,,,
25,徐玉樹,111年桃園市議員選舉,首次申報,1111030,個人捐贈收入,林春錦,P20*******,30000.00,0.00,現金,,,,金錢,桃園市龍潭區****,,,,,,,,,
26,徐玉樹,111年桃園市議員選舉,首次申報,1111031,營利事業捐贈收入,名博企業社,91819418,60000.00,0.00,現金,,,,金錢,桃園市新屋區****,,,,,,,,,
27,徐玉樹,111年桃園市議員選舉,首次申報,1111031,個人捐贈收入,宋大智,F12*******,100000.00,0.00,現金,,,,金錢,新北市中和區****,,,,,,,,,
28,徐玉樹,111年桃園市議員選舉,首次申報,1111031,個人捐贈收入,華正仁,F12*******,100000.00,0.00,匯款,1111031,,,金錢,桃園市龍潭區****,,,,,,,,,
29,徐玉樹,111年桃園市議員選舉,首次申報,1111101,個人捐贈收入,林文智,F12*******,100000.00,0.00,現金,1111101,,,金錢,桃園市中壢區****,,,,,,,,,
30,徐玉樹,111年桃園市議員選舉,首次申報,1111101,個人捐贈收入,徐明恩,H10*******,20000.00,0.00,匯款,1111101,,,金錢,桃園市平鎮區****,03-4*****,,,,,,,,
31,徐玉樹,111年桃園市議員選舉,首次申報,1111101,個人捐贈收入,謝銘芳,Q12*******,100000.00,0.00,現金,1111101,,,金錢,臺北市大同區****,,,,,,,,,
32,徐玉樹,111年桃園市議員選舉,首次申報,1111101,個人捐贈收入,徐永貴,S12*******,100000.00,0.00,現金,,,,金錢,新北市板橋區****,,,,,,,,,
33,徐玉樹,111年桃園市議員選舉,首次申報,1111103,個人捐贈收入,徐金旗,H12*******,3000.00,0.00,現金,,,,金錢,桃園市桃園區****,,,,,,,,,
34,徐玉樹,111年桃園市議員選舉,首次申報,1111104,個人捐贈收入,王秀圓,H22*******,10000.00,0.00,現金,,,,金錢,桃園市龍潭區****,,,,,,,,,
35,徐玉樹,111年桃園市議員選舉,首次申報,1111105,營利事業捐贈收入,簡昌源建築師事務所,77808349,10000.00,0.00,現金,,,,金錢,桃園市龍潭區****,,,,,,,,,
36,徐玉樹,111年桃園市議員選舉,首次申報,1111105,營利事業捐贈收入,冠全營造有限公司,84697501,30000.00,0.00,現金,,,,金錢,桃園市平鎮區****,,,,,,,,,
37,徐玉樹,111年桃園市議員選舉,首次申報,1111109,營利事業捐贈收入,來德建設有限公司,80253060,200000.00,0.00,匯款,1111109,,,金錢,桃園市龍潭區****,,,,,,,,,
38,徐玉樹,111年桃園市議員選舉,首次申報,1111110,營利事業捐贈收入,谷都建設股份有限公司,42575626,200000.00,0.00,匯款,1111110,,,金錢,桃園市平鎮區****,,,,,,,,,
39,徐玉樹,111年桃園市議員選舉,首次申報,1111110,個人捐贈收入,葉永龍,H10*******,30000.00,0.00,現金,1111111,,,金錢,桃園市龍潭區****,0910*****,,,,,,,,
40,徐玉樹,111年桃園市議員選舉,首次申報,1111110,個人捐贈收入,宋美芳,H22*******,5000.00,0.00,現金,1111110,,,金錢,桃園市觀音區****,,,,,,,,,
41,徐玉樹,111年桃園市議員選舉,首次申報,1111114,個人捐贈收入,劉金河,,10000.00,0.00,現金,1111114,,,金錢,桃園市中壢區****,,,,,,,,,
42,徐玉樹,111年桃園市議員選舉,首次申報,1111114,營利事業捐贈收入,丰正工程有限公司,82793824,10000.00,0.00,現金,,,,金錢,桃園市龍潭區****,,,,,,,,,
43,徐玉樹,111年桃園市議員選舉,首次申報,1111114,營利事業捐贈收入,墊腳石圖書股份有限公司,89200305,20000.00,0.00,現金,,,,金錢,桃園市中壢區****,,,,,,,,,
44,徐玉樹,111年桃園市議員選舉,首次申報,1111116,個人捐贈收入,羅仕旺,,9000.00,0.00,現金,,,,金錢,桃園市龍潭區****,,,,,,,,,
45,徐玉樹,111年桃園市議員選舉,首次申報,1111116,個人捐贈收入,劉義勝,G10*******,31000.00,0.00,現金,,,,金錢,桃園市龍潭區****,,,,,,,,,
46,徐玉樹,111年桃園市議員選舉,首次申報,1111116,個人捐贈收入,邱垂用,H10*******,30000.00,0.00,現金,,,,金錢,,,,,,,,,,
47,徐玉樹,111年桃園市議員選舉,首次申報,1111120,營利事業捐贈收入,詠崧窯業股份有限公司,23573789,100000.00,0.00,現金,,,,金錢,新竹縣橫山鄉****,,,,,,,,,
48,徐玉樹,111年桃園市議員選舉,首次申報,1111122,個人捐贈收入,許迪旭,P12*******,60000.00,0.00,匯款,1111122,,,金錢,桃園市龍潭區****,,,,,,,,,
49,徐玉樹,111年桃園市議員選舉,首次申報,1111125,個人捐贈收入,徐天雄,,12500.00,0.00,,,,,非金錢,桃園市龍潭區****,,,,,,,,,
