﻿序號,擬參選人／政黨,選舉名稱,申報序號／年度,交易日期,收支科目,捐贈者／支出對象,身分證／統一編號,收入金額,支出金額,捐贈方式,存入專戶日期,返還/繳庫,支出用途,金錢類,地址,聯絡電話,應揭露之支出對象,支出對象之內部人員姓名,支出對象之內部人員職稱,政黨之內部人員姓名,政黨之內部人員職稱,關係,更正註記,資料更正日期
1,童小芸,111年臺南市議員選舉,首次申報,1110503,交通旅運支出,台亞石油,62923829,0.00,760.00,,,,油資,金錢,臺南市東區大****,,否,,,,,,,
2,童小芸,111年臺南市議員選舉,首次申報,1110510,人事費用支出,江思敏,M22*******,0.00,38000.00,,,,薪津,金錢,南投縣草屯鎮****,0900*****,否,,,,,,,
3,童小芸,111年臺南市議員選舉,首次申報,1110510,人事費用支出,陳勝章,N12*******,0.00,50000.00,,,,薪津,金錢,臺南市北區北****,0933*****,否,,,,,,,
4,童小芸,111年臺南市議員選舉,首次申報,1110516,交通旅運支出,全國加油站,10166198,0.00,712.00,,,,油資,金錢,臺南市安南區****,,否,,,,,,,
5,童小芸,111年臺南市議員選舉,首次申報,1110516,雜支支出,高北百貨有限公司西門分店,70852782,0.00,799.00,,,,雜項購置,金錢,臺南市北區西****,,否,,,,,,,
6,童小芸,111年臺南市議員選舉,首次申報,1110517,雜支支出,國藝企業社,09015010,0.00,20000.00,,,,無線麥克風.電池,金錢,臺南市將軍區****,0910*****,否,,,,,,,
7,童小芸,111年臺南市議員選舉,首次申報,1110518,雜支支出,小北百貨有限公司,97268593,0.00,940.00,,,,雜項購置,金錢,臺南市北區成****,06-2*****,否,,,,,,,
8,童小芸,111年臺南市議員選舉,首次申報,1110521,交通旅運支出,民安海佃路加油站,99535224,0.00,660.00,,,,油資,金錢,臺南市安南區****,,否,,,,,,,
9,童小芸,111年臺南市議員選舉,首次申報,1110525,雜支支出,好市多股份有限公司台南分公司,28995746,0.00,399.00,,,,雜項購置,金錢,臺南市北區和****,,否,,,,,,,
10,童小芸,111年臺南市議員選舉,首次申報,1110530,交通旅運支出,全國海佃加油站,10166198,0.00,680.00,,,,油資,金錢,臺南市安南區****,,否,,,,,,,
11,童小芸,111年臺南市議員選舉,首次申報,1110530,雜支支出,上青送報社送報社,37708750,0.00,2688.00,,,,書報雜誌費用,金錢,臺南市東區崇****,06-2*****,否,,,,,,,
12,童小芸,111年臺南市議員選舉,首次申報,1110530,雜支支出,上青送報社送報社,37708750,0.00,3600.00,,,,書報雜誌費用-聯合報,金錢,臺南市東區崇****,06-2*****,否,,,,,,,
13,童小芸,111年臺南市議員選舉,首次申報,1110530,雜支支出,上青送報社送報社,37708750,0.00,3600.00,,,,書報雜誌費用-自由時報,金錢,臺南市東區崇****,06-2*****,否,,,,,,,
14,童小芸,111年臺南市議員選舉,首次申報,1110607,雜支支出,伍一國際餐飲事業有限公司,24909967,0.00,2400.00,,,,餐飲費用,金錢,臺南市安南區****,06-2*****,否,,,,,,,
15,童小芸,111年臺南市議員選舉,首次申報,1110609,宣傳支出,樺欣企業社欣企業社,56974551,0.00,4500.00,,,,手舉牌,金錢,臺南市北區開****,06-2*****,否,,,,,,,
16,童小芸,111年臺南市議員選舉,首次申報,1110610,人事費用支出,江思敏,M22*******,0.00,38000.00,,,,薪津,金錢,南投縣草屯鎮****,0900*****,否,,,,,,,
17,童小芸,111年臺南市議員選舉,首次申報,1110610,人事費用支出,陳勝章,N12*******,0.00,50000.00,,,,薪津,金錢,臺南市北區北****,0933*****,否,,,,,,,
18,童小芸,111年臺南市議員選舉,首次申報,1110630,宣傳支出,集立廣告社廣告社,10140971,0.00,100000.00,,,,租用廣告看板,金錢,臺南市南區金****,06-2*****,否,,,,,,,
19,童小芸,111年臺南市議員選舉,首次申報,1110704,雜支支出,中華電信,69109906,0.00,1188.00,,,,電信費用,金錢,,,否,,,,,,,
20,童小芸,111年臺南市議員選舉,首次申報,1110707,雜支支出,威北生活館有限公司,42900708,0.00,625.00,,,,文具+鍋子,金錢,臺南市安南區****,06-3*****,否,,,,,,,
21,童小芸,111年臺南市議員選舉,首次申報,1110710,人事費用支出,江思敏,M22*******,0.00,38000.00,,,,薪津,金錢,南投縣草屯鎮****,0900*****,否,,,,,,,
22,童小芸,111年臺南市議員選舉,首次申報,1110710,人事費用支出,陳勝章,N12*******,0.00,50000.00,,,,薪津,金錢,臺南市北區北****,0933*****,否,,,,,,,
23,童小芸,111年臺南市議員選舉,首次申報,1110715,雜支支出,起將保全股份有限公司保全股份有限公司,97341948,0.00,16500.00,,,,保全設置暨服務費,金錢,臺南市安平區****,,否,,,,,,,
24,童小芸,111年臺南市議員選舉,首次申報,1110717,雜支支出,台灣自來水股份有限公司,06388346,0.00,94.00,,,,水費,金錢,,,否,,,,,,,
25,童小芸,111年臺南市議員選舉,首次申報,1110717,雜支支出,台灣電力公司,68887960,0.00,1091.00,,,,電費,金錢,,,否,,,,,,,
26,童小芸,111年臺南市議員選舉,首次申報,1110718,交通旅運支出,台灣中油,09059213,0.00,1397.00,,,,油資,金錢,,,否,,,,,,,
27,童小芸,111年臺南市議員選舉,首次申報,1110724,交通旅運支出,台亞石油,98819315,0.00,1500.00,,,,油資,金錢,臺南市東區大****,,否,,,,,,,
28,童小芸,111年臺南市議員選舉,首次申報,1110727,宣傳支出,觀遠文創有限公司,54560768,0.00,50000.00,,,,播放、傳送或刊登宣傳廣告費用,金錢,臺南市安平區****,,否,,,,,,,
29,童小芸,111年臺南市議員選舉,首次申報,1110728,雜支支出,流水長文具有限公司,24923736,0.00,1103.00,,,,文具用品費用,金錢,臺南市安南區****,06-2*****,否,,,,,,,
30,童小芸,111年臺南市議員選舉,首次申報,1110728,雜支支出,歐文欽,D12*******,0.00,14500.00,,,,裝置水電線路,金錢,臺南市安平區****,0939*****,否,,,,,,,
31,童小芸,111年臺南市議員選舉,首次申報,1110730,人事費用支出,林明憲,D12*******,0.00,3000.00,,,,工資,金錢,臺南市安南區****,0921*****,否,,,,,,,
32,童小芸,111年臺南市議員選舉,首次申報,1110730,人事費用支出,方淑雲,D22*******,0.00,1500.00,,,,工資,金錢,臺南市安南區****,0952*****,否,,,,,,,
33,童小芸,111年臺南市議員選舉,首次申報,1110730,人事費用支出,林瓊美,D22*******,0.00,3000.00,,,,工資,金錢,臺南市安南區****,0935*****,否,,,,,,,
34,童小芸,111年臺南市議員選舉,首次申報,1110730,人事費用支出,林素英,O22*******,0.00,1000.00,,,,工資,金錢,臺南市安南區****,0900*****,否,,,,,,,
35,童小芸,111年臺南市議員選舉,首次申報,1110730,人事費用支出,黃清蜜,T20*******,0.00,2000.00,,,,工資,金錢,臺南市安南區****,0919*****,否,,,,,,,
36,童小芸,111年臺南市議員選舉,首次申報,1110801,雜支支出,中華電信,69109906,0.00,1231.00,,,,電信費用,金錢,,,否,,,,,,,
37,童小芸,111年臺南市議員選舉,首次申報,1110801,雜支支出,南台紙袋行袋行,69396219,0.00,2250.00,,,,紙袋,金錢,臺南市東區育****,06-2*****,否,,,,,,,
38,童小芸,111年臺南市議員選舉,首次申報,1110803,雜支支出,威北生活館有限公司,42900708,0.00,258.00,,,,膠帶,金錢,臺南市安南區****,06-3*****,否,,,,,,,
39,童小芸,111年臺南市議員選舉,首次申報,1110805,交通旅運支出,台灣中油,05576453,0.00,1351.00,,,,油資,金錢,,,否,,,,,,,
40,童小芸,111年臺南市議員選舉,首次申報,1110805,雜支支出,威北生活館有限公司,42900708,0.00,141.00,,,,圖釘.膠帶,金錢,臺南市安南區****,06-3*****,否,,,,,,,
41,童小芸,111年臺南市議員選舉,首次申報,1110805,雜支支出,南台紙袋行袋行,69396219,0.00,1800.00,,,,公斤提袋,金錢,臺南市東區育****,06-2*****,否,,,,,,,
42,童小芸,111年臺南市議員選舉,首次申報,1110806,雜支支出,威北生活館有限公司,42900708,0.00,112.00,,,,文具用品,金錢,臺南市安南區****,06-3*****,否,,,,,,,
43,童小芸,111年臺南市議員選舉,首次申報,1110806,雜支支出,安盛帆布出租行布出租行,62996499,0.00,3200.00,,,,臨時帆布棚架時帆布棚架,金錢,臺南市安平區****,06-2*****,否,,,,,,,
44,童小芸,111年臺南市議員選舉,首次申報,1110808,雜支支出,威北生活館有限公司,42900708,0.00,130.00,,,,菸灰缸.水桶,金錢,臺南市安南區****,06-3*****,否,,,,,,,
45,童小芸,111年臺南市議員選舉,首次申報,1110809,宣傳支出,豐鴻衛材有限公司,55873252,0.00,23000.00,,,,口罩+文宣,金錢,彰化縣鹿港鎮****,04-7*****,否,,,,,,,
46,童小芸,111年臺南市議員選舉,首次申報,1110810,人事費用支出,蔡明得,D10*******,0.00,30000.00,,,,薪津,金錢,臺南市安南區****,,否,,,,,,,
47,童小芸,111年臺南市議員選舉,首次申報,1110810,人事費用支出,曾雅鑾,D22*******,0.00,25000.00,,,,薪津,金錢,臺南市永康區****,,否,,,,,,,
48,童小芸,111年臺南市議員選舉,首次申報,1110810,人事費用支出,江思敏,M22*******,0.00,38000.00,,,,薪津,金錢,南投縣草屯鎮****,0900*****,否,,,,,,,
49,童小芸,111年臺南市議員選舉,首次申報,1110810,人事費用支出,陳勝章,N12*******,0.00,50000.00,,,,薪津,金錢,臺南市北區北****,0933*****,否,,,,,,,
50,童小芸,111年臺南市議員選舉,首次申報,1110812,宣傳支出,潤家實業有限公司,27807773,0.00,20000.00,,,,製作競選物口罩加文宣,金錢,新北市中和區****,02-2*****,否,,,,,,,
51,童小芸,111年臺南市議員選舉,首次申報,1110815,雜支支出,喜神刻印店,20162283,0.00,1100.00,,,,遙控器,金錢,臺南市安南區****,0624*****,否,,,,,,,
52,童小芸,111年臺南市議員選舉,首次申報,1110815,雜支支出,威北生活館有限公司,42900708,0.00,438.00,,,,子母箱,金錢,臺南市安南區****,06-3*****,否,,,,,,,
53,童小芸,111年臺南市議員選舉,首次申報,1110817,雜支支出,威北生活館有限公司,42900708,0.00,2449.00,,,,電扇,金錢,臺南市安南區****,06-3*****,否,,,,,,,
54,童小芸,111年臺南市議員選舉,首次申報,1110817,雜支支出,大潤發台南分公司,70762776,0.00,2023.00,,,,水果.糖果餅乾,金錢,臺南市北區臨****,,否,,,,,,,
55,童小芸,111年臺南市議員選舉,首次申報,1110817,雜支支出,俗俗的賣生鮮超市,86114729,0.00,209.00,,,,水果,金錢,臺南市北區西****,,否,,,,,,,
56,童小芸,111年臺南市議員選舉,首次申報,1110818,雜支支出,威北生活館有限公司,42900708,0.00,528.00,,,,垃圾桶,金錢,臺南市安南區****,06-3*****,否,,,,,,,
57,童小芸,111年臺南市議員選舉,首次申報,1110818,雜支支出,允好行-梁社漢排骨飯,88992976,0.00,276.00,,,,便當,金錢,臺南市安南區****,,否,,,,,,,
58,童小芸,111年臺南市議員選舉,首次申報,1110818,雜支支出,允好行-梁社漢排骨飯,88992976,0.00,966.00,,,,便當,金錢,臺南市安南區****,,否,,,,,,,
59,童小芸,111年臺南市議員選舉,首次申報,1110819,雜支支出,威北生活館有限公司,42900708,0.00,683.00,,,,文具用品費用,金錢,臺南市安南區****,06-3*****,否,,,,,,,
60,童小芸,111年臺南市議員選舉,首次申報,1110819,雜支支出,中華電信,69109906,0.00,1181.00,,,,電信費用,金錢,,,否,,,,,,,
61,童小芸,111年臺南市議員選舉,首次申報,1110825,公共關係費用支出,新晨花苑,83952285,0.00,18600.00,,,,婚喪.致賀用花,金錢,臺南市北區南****,06-2*****,否,,,,,,,
62,童小芸,111年臺南市議員選舉,首次申報,1110825,雜支支出,德昌茶行,87872376,0.00,18000.00,,,,茶葉,金錢,臺南市安南區****,06-2*****,否,,,,,,,
63,童小芸,111年臺南市議員選舉,首次申報,1110829,雜支支出,威北生活館有限公司,42900708,0.00,117.00,,,,文具用品費用,金錢,臺南市安南區****,06-3*****,否,,,,,,,
64,童小芸,111年臺南市議員選舉,首次申報,1110829,宣傳支出,觀遠文創有限公司,54560768,0.00,50000.00,,,,播放、傳送或刊登宣傳廣告費用,金錢,臺南市安平區****,,否,,,,,,,
65,童小芸,111年臺南市議員選舉,首次申報,1110830,雜支支出,威北生活館有限公司,42900708,0.00,196.00,,,,延長線,金錢,臺南市安南區****,06-3*****,否,,,,,,,
66,童小芸,111年臺南市議員選舉,首次申報,1110830,租用競選辦事處支出,九福窗飾有限公司,53729872,0.00,24880.00,,,,裝潢競選辦事處費用,金錢,臺南市東區東****,06-2*****,否,,,,,,,
67,童小芸,111年臺南市議員選舉,首次申報,1110830,人事費用支出,洪淑珍,D20*******,0.00,3280.00,,,,工資-路口文宣發放,金錢,台南市東區崇****,0935*****,否,,,,,,,
68,童小芸,111年臺南市議員選舉,首次申報,1110830,人事費用支出,蘇燕,D20*******,0.00,5400.00,,,,工資-路口文宣發放,金錢,臺南市安南區****,,否,,,,,,,
69,童小芸,111年臺南市議員選舉,首次申報,1110830,人事費用支出,廖麗珠,P22*******,0.00,1110.00,,,,工資-路口文宣發放,金錢,臺南市永康區****,0925*****,否,,,,,,,
70,童小芸,111年臺南市議員選舉,首次申報,1110830,租用競選辦事處支出,李文英,S22*******,0.00,24000.00,,,,看板租賃,金錢,臺南市安南區****,0913*****,否,,,,,,,
71,童小芸,111年臺南市議員選舉,首次申報,1110831,雜支支出,小師傅排骨飯,06522765,0.00,2400.00,,,,餐飲費用-便當,金錢,臺南市安南區****,06-2*****,否,,,,,,,
72,童小芸,111年臺南市議員選舉,首次申報,1110831,宣傳支出,樺欣企業社,56974551,0.00,17000.00,,,,競選文宣,金錢,臺南市北區開****,06-2*****,否,,,,,,,
73,童小芸,111年臺南市議員選舉,首次申報,1110831,人事費用支出,林阿東,D10*******,0.00,940.00,,,,工資-機車遊行,金錢,臺南市永康區****,06-2*****,否,,,,,,,
74,童小芸,111年臺南市議員選舉,首次申報,1110831,人事費用支出,陳國財,D12*******,0.00,940.00,,,,工資-機車遊行,金錢,臺南市中西區****,0988*****,否,,,,,,,
75,童小芸,111年臺南市議員選舉,首次申報,1110831,人事費用支出,李美雲,D20*******,0.00,940.00,,,,工資-機車遊行,金錢,臺南市北區實****,0933*****,否,,,,,,,
76,童小芸,111年臺南市議員選舉,首次申報,1110831,人事費用支出,陳玉秀,D20*******,0.00,940.00,,,,工資-機車遊行,金錢,臺南市北區北****,0912*****,否,,,,,,,
77,童小芸,111年臺南市議員選舉,首次申報,1110831,人事費用支出,王月嬌,D22*******,0.00,940.00,,,,工資-機車遊行,金錢,臺南市北區精****,0976*****,否,,,,,,,
78,童小芸,111年臺南市議員選舉,首次申報,1110831,人事費用支出,黃玉燕,D22*******,0.00,940.00,,,,工資-機車遊行,金錢,臺南市北區大****,0921*****,否,,,,,,,
79,童小芸,111年臺南市議員選舉,首次申報,1110831,人事費用支出,洪麗玉,P20*******,0.00,940.00,,,,工資-機車遊行,金錢,臺南市永康區****,0919*****,否,,,,,,,
80,童小芸,111年臺南市議員選舉,首次申報,1110831,人事費用支出,洪美鳳,P20*******,0.00,940.00,,,,工資-機車遊行,金錢,臺南市永康區****,06-3*****,否,,,,,,,
81,童小芸,111年臺南市議員選舉,首次申報,1110831,人事費用支出,廖麗珠,P22*******,0.00,940.00,,,,工資-機車遊行,金錢,臺南市永康區****,0925*****,否,,,,,,,
82,童小芸,111年臺南市議員選舉,首次申報,1110831,人事費用支出,林嘉成,R10*******,0.00,940.00,,,,工資-機車遊行,金錢,臺南市永康區****,0930*****,否,,,,,,,
83,童小芸,111年臺南市議員選舉,首次申報,1110831,人事費用支出,謝清城,R10*******,0.00,940.00,,,,工資-機車遊行,金錢,臺南市永康區****,0921*****,否,,,,,,,
84,童小芸,111年臺南市議員選舉,首次申報,1110831,人事費用支出,陳平富,R12*******,0.00,940.00,,,,工資-機車遊行,金錢,臺南市永康區****,0928*****,否,,,,,,,
85,童小芸,111年臺南市議員選舉,首次申報,1110831,人事費用支出,謝秀鑾,R20*******,0.00,940.00,,,,工資-機車遊行,金錢,臺南市南區金****,0933*****,否,,,,,,,
86,童小芸,111年臺南市議員選舉,首次申報,1110831,人事費用支出,何麗美,R22*******,0.00,940.00,,,,工資-機車遊行,金錢,臺南市安平區****,06-2*****,否,,,,,,,
87,童小芸,111年臺南市議員選舉,首次申報,1110831,人事費用支出,謝英達,S10*******,0.00,940.00,,,,工資-機車遊行,金錢,臺南市北區開****,06-2*****,否,,,,,,,
88,童小芸,111年臺南市議員選舉,首次申報,1110831,人事費用支出,郭素賢,S22*******,0.00,940.00,,,,工資-機車遊行,金錢,臺南市北區北****,0977*****,否,,,,,,,
89,童小芸,111年臺南市議員選舉,首次申報,1110901,集會支出,台南市政府環保局,,0.00,3000.00,,,,租用流動廁所,金錢,,06-2*****,否,,,,,,,
90,童小芸,111年臺南市議員選舉,首次申報,1110901,雜支支出,威北生活館有限公司,42900708,0.00,287.00,,,,雜項,金錢,臺南市安南區****,06-3*****,否,,,,,,,
91,童小芸,111年臺南市議員選舉,首次申報,1110901,宣傳支出,樺欣企業社,56974551,0.00,92000.00,,,,總部成立邀請函.競選文宣,金錢,臺南市北區開****,06-2*****,否,,,,,,,
92,童小芸,111年臺南市議員選舉,首次申報,1110902,雜支支出,瑞進丞企業有限公司,69549432,0.00,39000.00,,,,冷氣裝修,金錢,臺南市安南區****,06-2*****,否,,,,,,,
93,童小芸,111年臺南市議員選舉,首次申報,1110903,雜支支出,威北生活館有限公司,42900708,0.00,690.00,,,,雜項購置-帆布袋,金錢,臺南市安南區****,06-3*****,否,,,,,,,
94,童小芸,111年臺南市議員選舉,首次申報,1110904,雜支支出,四九五金有限公司,45892907,0.00,498.00,,,,雜項購置-五金用品,金錢,臺南市安南區****,06-2*****,否,,,,,,,
95,童小芸,111年臺南市議員選舉,首次申報,1110905,雜支支出,華群文具行,10189143,0.00,590.00,,,,文具用品費用,金錢,臺南市安南區****,06-2*****,否,,,,,,,
96,童小芸,111年臺南市議員選舉,首次申報,1110905,雜支支出,一峰鎖店,19707126,0.00,800.00,,,,印章,金錢,臺南市北區武****,06-2*****,否,,,,,,,
97,童小芸,111年臺南市議員選舉,首次申報,1110905,雜支支出,威北生活館有限公司,42900708,0.00,1776.00,,,,雜項購置,金錢,臺南市安南區****,06-3*****,否,,,,,,,
98,童小芸,111年臺南市議員選舉,首次申報,1110905,人事費用支出,林明憲,D12*******,0.00,600.00,,,,文宣發放,金錢,臺南市安南區****,0921*****,否,,,,,,,
99,童小芸,111年臺南市議員選舉,首次申報,1110905,人事費用支出,許金池,D12*******,0.00,2200.00,,,,文宣發放,金錢,臺南市安南區****,06-2*****,否,,,,,,,
100,童小芸,111年臺南市議員選舉,首次申報,1110905,人事費用支出,方淑雲,D22*******,0.00,400.00,,,,文宣發放,金錢,臺南市安南區****,0952*****,否,,,,,,,
101,童小芸,111年臺南市議員選舉,首次申報,1110905,人事費用支出,林素英,O22*******,0.00,2400.00,,,,文宣發放,金錢,臺南市安南區****,0900*****,否,,,,,,,
102,童小芸,111年臺南市議員選舉,首次申報,1110906,雜支支出,華群文具行,10189143,0.00,1935.00,,,,文具用品費用,金錢,臺南市安南區****,06-2*****,否,,,,,,,
103,童小芸,111年臺南市議員選舉,首次申報,1110906,雜支支出,威北生活館有限公司,42900708,0.00,540.00,,,,雜項購置-S腰帶,金錢,臺南市安南區****,06-3*****,否,,,,,,,
104,童小芸,111年臺南市議員選舉,首次申報,1110907,交通旅運支出,台灣中油安中路站,06522723,0.00,757.00,,,,油資,金錢,臺南市安南區****,06-2*****,否,,,,,,,
105,童小芸,111年臺南市議員選舉,首次申報,1110907,公共關係費用支出,龍巖,27943854,0.00,2200.00,,,,花籃,金錢,,,否,,,,,,,
106,童小芸,111年臺南市議員選舉,首次申報,1110907,雜支支出,原昌水電工程行,D12*******,0.00,9800.00,,,,水電修繕,金錢,臺南市安平區****,0939*****,否,,,,,,,
107,童小芸,111年臺南市議員選舉,首次申報,1110908,宣傳支出,中華郵政,69716590,0.00,30336.00,,,,郵寄競選物品,金錢,臺南市安南區****,,否,,,,,,,
108,童小芸,111年臺南市議員選舉,首次申報,1110909,交通旅運支出,民安海佃路加油站,99535224,0.00,680.00,,,,油資,金錢,臺南市安南區****,,否,,,,,,,
109,童小芸,111年臺南市議員選舉,首次申報,1110910,人事費用支出,蔡明得,D10*******,0.00,30000.00,,,,薪津,金錢,臺南市安南區****,,否,,,,,,,
110,童小芸,111年臺南市議員選舉,首次申報,1110910,人事費用支出,陳玉秀,D20*******,0.00,340.00,,,,工資-路口文宣發放,金錢,臺南市北區北****,0912*****,否,,,,,,,
111,童小芸,111年臺南市議員選舉,首次申報,1110910,人事費用支出,李美雲,D20*******,0.00,340.00,,,,工資-路口文宣發放,金錢,臺南市北區實****,0933*****,否,,,,,,,
112,童小芸,111年臺南市議員選舉,首次申報,1110910,人事費用支出,曾雅鑾,D22*******,0.00,25000.00,,,,薪津,金錢,臺南市永康區****,,否,,,,,,,
113,童小芸,111年臺南市議員選舉,首次申報,1110910,人事費用支出,歐華會,D29*******,0.00,340.00,,,,工資-路口文宣發放,金錢,臺南市北區自****,,否,,,,,,,
114,童小芸,111年臺南市議員選舉,首次申報,1110910,人事費用支出,江思敏,M22*******,0.00,38000.00,,,,薪津,金錢,南投縣草屯鎮****,0900*****,否,,,,,,,
115,童小芸,111年臺南市議員選舉,首次申報,1110910,人事費用支出,陳勝章,N12*******,0.00,50000.00,,,,薪津,金錢,臺南市北區北****,0933*****,否,,,,,,,
116,童小芸,111年臺南市議員選舉,首次申報,1110910,人事費用支出,洪麗玉,P20*******,0.00,340.00,,,,工資-路口文宣發放,金錢,臺南市永康區****,0919*****,否,,,,,,,
117,童小芸,111年臺南市議員選舉,首次申報,1110910,人事費用支出,謝清城,R10*******,0.00,1430.00,,,,工資-路口文宣,金錢,臺南市永康區****,0921*****,否,,,,,,,
118,童小芸,111年臺南市議員選舉,首次申報,1110910,人事費用支出,謝秀鑾,R20*******,0.00,340.00,,,,工資-路口文宣發放,金錢,臺南市南區金****,0933*****,否,,,,,,,
119,童小芸,111年臺南市議員選舉,首次申報,1110910,人事費用支出,何麗美,R22*******,0.00,1610.00,,,,工資-路口文宣發放,金錢,臺南市安平區****,06-2*****,否,,,,,,,
120,童小芸,111年臺南市議員選舉,首次申報,1110910,人事費用支出,郭素賢,S22*******,0.00,340.00,,,,工資-路口文宣發放,金錢,臺南市北區北****,0977*****,否,,,,,,,
121,童小芸,111年臺南市議員選舉,首次申報,1110911,交通旅運支出,轂豐加油站,16863734,0.00,1000.00,,,,油資,金錢,臺南市安南區****,06-2*****,否,,,,,,,
122,童小芸,111年臺南市議員選舉,首次申報,1110912,雜支支出,威北生活館有限公司,42900708,0.00,360.00,,,,雜項購置-腰帶,金錢,臺南市安南區****,06-3*****,否,,,,,,,
123,童小芸,111年臺南市議員選舉,首次申報,1110912,宣傳支出,樺欣企業社,56974551,0.00,73000.00,,,,競選文宣.邀請函,金錢,臺南市北區開****,06-2*****,否,,,,,,,
124,童小芸,111年臺南市議員選舉,首次申報,1110912,雜支支出,皇幗車輪五金行,87862644,0.00,2850.00,,,,雜項購置,金錢,臺南市安南區****,,否,,,,,,,
125,童小芸,111年臺南市議員選舉,首次申報,1110913,交通旅運支出,嘉和加油站,16512771,0.00,1300.00,,,,油資,金錢,,,否,,,,,,,
126,童小芸,111年臺南市議員選舉,首次申報,1110913,雜支支出,威北生活館有限公司,42900708,0.00,299.00,,,,雜項購置-延長線,金錢,臺南市安南區****,06-3*****,否,,,,,,,
127,童小芸,111年臺南市議員選舉,首次申報,1110913,雜支支出,威北生活館有限公司,42900708,0.00,3523.00,,,,雜項購置,金錢,臺南市安南區****,06-3*****,否,,,,,,,
128,童小芸,111年臺南市議員選舉,首次申報,1110913,交通旅運支出,台灣中油前鋒路站,56955246,0.00,755.00,,,,油資,金錢,,,否,,,,,,,
129,童小芸,111年臺南市議員選舉,首次申報,1110913,雜支支出,台灣電力公司,68887960,0.00,1997.00,,,,水電瓦斯費用,金錢,,,否,,,,,,,
130,童小芸,111年臺南市議員選舉,首次申報,1110913,雜支支出,永員行,69609120,0.00,392.00,,,,雜項購置-包裝材料,金錢,,,否,,,,,,,
131,童小芸,111年臺南市議員選舉,首次申報,1110913,集會支出,龔成山,D10*******,0.00,6000.00,,,,遊行鑼鼓車,金錢,台南市安平區****,0932*****,否,,,,,,,
132,童小芸,111年臺南市議員選舉,首次申報,1110914,雜支支出,威北生活館有限公司,42900708,0.00,641.00,,,,雜項購置,金錢,臺南市安南區****,06-3*****,否,,,,,,,
133,童小芸,111年臺南市議員選舉,首次申報,1110914,宣傳支出,樺欣企業社,56974551,0.00,17000.00,,,,聘書.信封,金錢,臺南市北區開****,06-2*****,否,,,,,,,
134,童小芸,111年臺南市議員選舉,首次申報,1110914,集會支出,龔成山,D10*******,0.00,6000.00,,,,遊行鑼鼓車,金錢,台南市安平區****,0932*****,否,,,,,,,
135,童小芸,111年臺南市議員選舉,首次申報,1110915,交通旅運支出,台灣中油安順站,06522744,0.00,827.00,,,,油資,金錢,,,否,,,,,,,
136,童小芸,111年臺南市議員選舉,首次申報,1110915,雜支支出,德寶光學儀器有限公司,10138692,0.00,800.00,,,,雜項購置,金錢,,06-2*****,否,,,,,,,
137,童小芸,111年臺南市議員選舉,首次申報,1110915,雜支支出,詳富香品行,10804359,0.00,2700.00,,,,金紙.炮,金錢,臺南市安南區****,06-2*****,否,,,,,,,
138,童小芸,111年臺南市議員選舉,首次申報,1110915,雜支支出,俗俗的賣.生鮮超市,23869143,0.00,382.00,,,,雜項購置-水果,金錢,,,否,,,,,,,
139,童小芸,111年臺南市議員選舉,首次申報,1110915,雜支支出,海佃手工肉包,34966939,0.00,1040.00,,,,肉包.豆漿,金錢,臺南市安南區****,06-2*****,否,,,,,,,
140,童小芸,111年臺南市議員選舉,首次申報,1110915,雜支支出,威北生活館有限公司,42900708,0.00,861.00,,,,雜項購置,金錢,臺南市安南區****,06-3*****,否,,,,,,,
141,童小芸,111年臺南市議員選舉,首次申報,1110915,雜支支出,識好茶店,81204150,0.00,375.00,,,,餐飲費用-飲料,金錢,,06-2*****,否,,,,,,,
142,童小芸,111年臺南市議員選舉,首次申報,1110915,交通旅運支出,民安海佃路加油站,99535224,0.00,835.00,,,,油資,金錢,臺南市安南區****,,否,,,,,,,
143,童小芸,111年臺南市議員選舉,首次申報,1110915,集會支出,龔成山,D10*******,0.00,6000.00,,,,遊行鑼鼓車,金錢,台南市安平區****,0932*****,否,,,,,,,
144,童小芸,111年臺南市議員選舉,首次申報,1110916,集會支出,尚鮮現烤蛋糕烘焙,,0.00,3750.00,,,,招牌乳酪,金錢,臺南市安南區****,06-2*****,否,,,,,,,
145,童小芸,111年臺南市議員選舉,首次申報,1110916,集會支出,國藝企業社,09015010,0.00,20000.00,,,,租用設備費用-音響,金錢,臺南市將軍區****,0910*****,否,,,,,,,
146,童小芸,111年臺南市議員選舉,首次申報,1110916,雜支支出,詳富香品行,10804359,0.00,2800.00,,,,金紙.香,金錢,臺南市安南區****,06-2*****,否,,,,,,,
147,童小芸,111年臺南市議員選舉,首次申報,1110916,集會支出,泰志商行,10866740,0.00,35000.00,,,,礦泉水,金錢,臺南市安南區****,06-2*****,否,,,,,,,
148,童小芸,111年臺南市議員選舉,首次申報,1110916,集會支出,興億帆布行,25877082,0.00,9600.00,,,,租用設備費用-椅子,金錢,臺南市仁德區****,0979*****,否,,,,,,,
149,童小芸,111年臺南市議員選舉,首次申報,1110916,雜支支出,百興隆實業有限公司,27437809,0.00,2110.00,,,,糖果,金錢,臺南市安南區****,06-2*****,否,,,,,,,
150,童小芸,111年臺南市議員選舉,首次申報,1110916,雜支支出,全聯福利中心,28971940,0.00,525.00,,,,雜項購置,金錢,,,否,,,,,,,
151,童小芸,111年臺南市議員選舉,首次申報,1110916,集會支出,海佃手工肉包,34966939,0.00,24000.00,,,,肉包顆,金錢,臺南市安南區****,06-2*****,否,,,,,,,
152,童小芸,111年臺南市議員選舉,首次申報,1110916,集會支出,尚鶴企業社,37595453,0.00,12000.00,,,,租用設備費用-燈光照明,金錢,,,否,,,,,,,
153,童小芸,111年臺南市議員選舉,首次申報,1110916,集會支出,杰哥音樂傳播工作室,37747178,0.00,25600.00,,,,租用設備費用舞台.鷹架.鋁合框架,金錢,臺南市學甲區****,0919*****,否,,,,,,,
154,童小芸,111年臺南市議員選舉,首次申報,1110916,雜支支出,威北生活館有限公司,42900708,0.00,360.00,,,,雜項購置,金錢,臺南市安南區****,06-3*****,否,,,,,,,
155,童小芸,111年臺南市議員選舉,首次申報,1110916,集會支出,大隆音響社,47817362,0.00,18000.00,,,,音響,金錢,臺南市南區新****,0935*****,否,,,,,,,
156,童小芸,111年臺南市議員選舉,首次申報,1110916,集會支出,安盛帆布出租行,62996499,0.00,5600.00,,,,租用設備費用-帆布蓬.電扇.燈,金錢,臺南市安平區****,06-2*****,否,,,,,,,
157,童小芸,111年臺南市議員選舉,首次申報,1110916,雜支支出,有賓食品工業有限公司,69695981,0.00,5850.00,,,,糖果,金錢,臺南市安南區****,06-3*****,否,,,,,,,
158,童小芸,111年臺南市議員選舉,首次申報,1110916,集會支出,米高梅企業社,70909498,0.00,15000.00,,,,租用設備費用-發電機,金錢,臺南市仁德區****,06-2*****,否,,,,,,,
159,童小芸,111年臺南市議員選舉,首次申報,1110916,集會支出,明達手作烘焙坊,81407227,0.00,6000.00,,,,點心,金錢,臺南市北區海****,06-2*****,否,,,,,,,
160,童小芸,111年臺南市議員選舉,首次申報,1110916,集會支出,彤齊食堂,81418168,0.00,9450.00,,,,便當,金錢,臺南市安南區****,06-*****,否,,,,,,,
161,童小芸,111年臺南市議員選舉,首次申報,1110916,集會支出,正品港式燒臘快餐,81468928,0.00,9860.00,,,,便當,金錢,臺南市安南區****,06-2*****,否,,,,,,,
162,童小芸,111年臺南市議員選舉,首次申報,1110916,集會支出,正品港式燒臘快餐,81468928,0.00,9600.00,,,,便當,金錢,臺南市安南區****,06-2*****,否,,,,,,,
163,童小芸,111年臺南市議員選舉,首次申報,1110916,集會支出,正品港式燒臘快餐,81468928,0.00,9440.00,,,,便當,金錢,臺南市安南區****,06-2*****,否,,,,,,,
164,童小芸,111年臺南市議員選舉,首次申報,1110916,集會支出,千千食館,81472943,0.00,9350.00,,,,便當,金錢,臺南市安南區****,06-2*****,否,,,,,,,
165,童小芸,111年臺南市議員選舉,首次申報,1110916,集會支出,黃家肉粽.菜粽,83967506,0.00,43750.00,,,,粽子顆,金錢,臺南市安南區****,0938*****,否,,,,,,,
166,童小芸,111年臺南市議員選舉,首次申報,1110916,集會支出,安馨便當店,85583408,0.00,9900.00,,,,便當,金錢,臺南市安南區****,06-2*****,否,,,,,,,
167,童小芸,111年臺南市議員選舉,首次申報,1110916,集會支出,南豐表演藝術團,85622177,0.00,20000.00,,,,舞獅表演,金錢,臺南市永康區****,0930*****,否,,,,,,,
168,童小芸,111年臺南市議員選舉,首次申報,1110919,交通旅運支出,台灣中油千越海佃站,09134000,0.00,960.00,,,,油資,金錢,,,否,,,,,,,
169,童小芸,111年臺南市議員選舉,首次申報,1110919,宣傳支出,潤家實業有限公司,27807773,0.00,60000.00,,,,口罩.紙袋,金錢,新北市中和區****,02-2*****,否,,,,,,,
170,童小芸,111年臺南市議員選舉,首次申報,1110919,公共關係費用支出,昇興祥祀宴坊,40866824,0.00,2000.00,,,,罐頭塔,金錢,臺南市安南區****,06-3*****,否,,,,,,,
171,童小芸,111年臺南市議員選舉,首次申報,1110920,雜支支出,中華電信,69109906,0.00,1289.00,,,,電信費用,金錢,,,否,,,,,,,
172,童小芸,111年臺南市議員選舉,首次申報,1110920,人事費用支出,楊進山,D10*******,0.00,10470.00,,,,工資-文宣發放,金錢,臺南市安南區****,0910*****,否,,,,,,,
173,童小芸,111年臺南市議員選舉,首次申報,1110920,人事費用支出,林阿東,D10*******,0.00,6230.00,,,,工資-文宣發放,金錢,臺南市永康區****,06-2*****,否,,,,,,,
174,童小芸,111年臺南市議員選舉,首次申報,1110920,人事費用支出,許金池,D12*******,0.00,1430.00,,,,工資-文宣發放,金錢,臺南市安南區****,06-2*****,否,,,,,,,
175,童小芸,111年臺南市議員選舉,首次申報,1110920,人事費用支出,方智弘,D12*******,0.00,6660.00,,,,工資-文宣發放,金錢,臺南市北區東****,06-2*****,否,,,,,,,
176,童小芸,111年臺南市議員選舉,首次申報,1110920,人事費用支出,陳國財,D12*******,0.00,920.00,,,,工資-文宣發放,金錢,臺南市中西區****,0988*****,否,,,,,,,
177,童小芸,111年臺南市議員選舉,首次申報,1110920,人事費用支出,郭在興,D12*******,0.00,590.00,,,,工資-文宣發放,金錢,臺南市新化區****,,否,,,,,,,
178,童小芸,111年臺南市議員選舉,首次申報,1110920,人事費用支出,蔡錦碧,D22*******,0.00,340.00,,,,工資-文宣發放,金錢,臺南市安南區****,0927*****,否,,,,,,,
179,童小芸,111年臺南市議員選舉,首次申報,1110920,人事費用支出,黃玉燕,D22*******,0.00,2290.00,,,,工資-文宣發放,金錢,臺南市北區大****,0921*****,否,,,,,,,
180,童小芸,111年臺南市議員選舉,首次申報,1110920,人事費用支出,洪麗琴,D22*******,0.00,10470.00,,,,工資-文宣發放,金錢,臺南市安南區****,0939*****,否,,,,,,,
181,童小芸,111年臺南市議員選舉,首次申報,1110920,人事費用支出,林瓊美,D22*******,0.00,9360.00,,,,工資-文宣發放.機車遊行,金錢,臺南市安南區****,0935*****,否,,,,,,,
182,童小芸,111年臺南市議員選舉,首次申報,1110920,人事費用支出,歐華會,D29*******,0.00,5050.00,,,,工資-文宣發放,金錢,臺南市北區自****,,否,,,,,,,
183,童小芸,111年臺南市議員選舉,首次申報,1110920,人事費用支出,朱玉蘭,K22*******,0.00,4220.00,,,,工資-文宣發放,金錢,臺南市北區開****,0935*****,否,,,,,,,
184,童小芸,111年臺南市議員選舉,首次申報,1110920,人事費用支出,林素英,O22*******,0.00,3800.00,,,,工資-文宣發放.遊行,金錢,臺南市安南區****,0900*****,否,,,,,,,
185,童小芸,111年臺南市議員選舉,首次申報,1110920,人事費用支出,洪麗玉,P20*******,0.00,760.00,,,,工資-文宣發放,金錢,臺南市永康區****,0919*****,否,,,,,,,
186,童小芸,111年臺南市議員選舉,首次申報,1110920,人事費用支出,謝清城,R10*******,0.00,6650.00,,,,工資-文宣發放,金錢,臺南市永康區****,0921*****,否,,,,,,,
187,童小芸,111年臺南市議員選舉,首次申報,1110920,人事費用支出,陳平富,R12*******,0.00,4730.00,,,,工資-文宣發放,金錢,臺南市永康區****,0928*****,否,,,,,,,
188,童小芸,111年臺南市議員選舉,首次申報,1110920,人事費用支出,林金珠,R20*******,0.00,7420.00,,,,工資-文宣發放,金錢,臺南市安南區****,,否,,,,,,,
189,童小芸,111年臺南市議員選舉,首次申報,1110920,人事費用支出,林孟禧,R22*******,0.00,10470.00,,,,工資-文宣發放,金錢,臺南市安南區****,9021*****,否,,,,,,,
190,童小芸,111年臺南市議員選舉,首次申報,1110920,人事費用支出,何麗美,R22*******,0.00,1850.00,,,,工資-文宣發放,金錢,臺南市安平區****,06-2*****,否,,,,,,,
191,童小芸,111年臺南市議員選舉,首次申報,1110920,人事費用支出,林美環,R22*******,0.00,1860.00,,,,工資-文宣發放,金錢,臺南市安南區****,,否,,,,,,,
192,童小芸,111年臺南市議員選舉,首次申報,1110920,人事費用支出,謝英達,S10*******,0.00,4810.00,,,,工資-文宣發放,金錢,臺南市北區開****,06-2*****,否,,,,,,,
193,童小芸,111年臺南市議員選舉,首次申報,1110920,人事費用支出,邱陳玉春,S22*******,0.00,10970.00,,,,工資-文宣發放.機車遊行,金錢,臺南市安南區****,0937*****,否,,,,,,,
194,童小芸,111年臺南市議員選舉,首次申報,1110920,人事費用支出,黃清蜜,T20*******,0.00,7890.00,,,,工資-文宣發放,金錢,臺南市安南區****,0919*****,否,,,,,,,
195,童小芸,111年臺南市議員選舉,首次申報,1110923,交通旅運支出,台灣中油,06074181,0.00,1699.00,,,,油資,金錢,,,否,,,,,,,
196,童小芸,111年臺南市議員選舉,首次申報,1110924,交通旅運支出,台灣中油千越海佃站,09134000,0.00,800.00,,,,油資,金錢,,,否,,,,,,,
197,童小芸,111年臺南市議員選舉,首次申報,1110924,交通旅運支出,台灣中油千越海佃站,09134000,0.00,1000.00,,,,油資,金錢,,,否,,,,,,,
198,童小芸,111年臺南市議員選舉,首次申報,1110924,雜支支出,富舜電腦有限公司,97047516,0.00,48000.00,,,,電腦設備修繕.配線,金錢,臺南市北區北****,0937*****,否,,,,,,,
199,童小芸,111年臺南市議員選舉,首次申報,1110926,雜支支出,威北生活館有限公司,42900708,0.00,364.00,,,,雜項購置,金錢,臺南市安南區****,06-3*****,否,,,,,,,
200,童小芸,111年臺南市議員選舉,首次申報,1110926,公共關係費用支出,新晨花苑,83952285,0.00,24600.00,,,,婚喪.致賀用花,金錢,臺南市北區南****,06-2*****,否,,,,,,,
201,童小芸,111年臺南市議員選舉,首次申報,1110927,雜支支出,華群文具行,10189143,0.00,410.00,,,,文具用品費用,金錢,臺南市安南區****,06-2*****,否,,,,,,,
202,童小芸,111年臺南市議員選舉,首次申報,1110927,宣傳支出,樺欣企業社,56974551,0.00,10800.00,,,,信封,金錢,臺南市北區開****,06-2*****,否,,,,,,,
203,童小芸,111年臺南市議員選舉,首次申報,1110928,交通旅運支出,民安海佃路加油站,99535224,0.00,1316.00,,,,油資,金錢,臺南市安南區****,,否,,,,,,,
204,童小芸,111年臺南市議員選舉,首次申報,1110928,交通旅運支出,民安海佃路加油站,99535224,0.00,900.00,,,,油資,金錢,臺南市安南區****,,否,,,,,,,
205,童小芸,111年臺南市議員選舉,首次申報,1110930,交通旅運支出,陸路發加油站,13024568,0.00,768.00,,,,油資,金錢,,,否,,,,,,,
206,童小芸,111年臺南市議員選舉,首次申報,1110930,宣傳支出,觀遠文創有限公司,54560768,0.00,50000.00,,,,廣播託播,金錢,臺南市安平區****,,否,,,,,,,
207,童小芸,111年臺南市議員選舉,首次申報,1110930,宣傳支出,長頸鹿整合行銷有限公司,61095534,0.00,80000.00,,,,租用廣告看板-LED電視牆,金錢,臺中市北區永****,04-2*****,否,,,,,,,
208,童小芸,111年臺南市議員選舉,首次申報,1110930,人事費用支出,許金池,D12*******,0.00,7820.00,,,,工資-文宣發放,金錢,臺南市安南區****,06-2*****,否,,,,,,,
209,童小芸,111年臺南市議員選舉,首次申報,1110930,人事費用支出,林明憲,D12*******,0.00,1000.00,,,,工資-文宣發放,金錢,臺南市安南區****,0921*****,否,,,,,,,
210,童小芸,111年臺南市議員選舉,首次申報,1110930,人事費用支出,蔡錦碧,D22*******,0.00,5200.00,,,,工資-文宣發放,金錢,臺南市安南區****,0927*****,否,,,,,,,
211,童小芸,111年臺南市議員選舉,首次申報,1110930,人事費用支出,黃玉燕,D22*******,0.00,7440.00,,,,工資-文宣發放,金錢,臺南市北區大****,0921*****,否,,,,,,,
212,童小芸,111年臺南市議員選舉,首次申報,1110930,人事費用支出,方淑雲,D22*******,0.00,1540.00,,,,工資-文宣發放,金錢,臺南市安南區****,0952*****,否,,,,,,,
213,童小芸,111年臺南市議員選舉,首次申報,1110930,人事費用支出,林素英,O22*******,0.00,7910.00,,,,工資-文宣發放,金錢,臺南市安南區****,0900*****,否,,,,,,,
214,童小芸,111年臺南市議員選舉,首次申報,1110930,人事費用支出,廖麗珠,P22*******,0.00,200.00,,,,工資-文宣發放,金錢,臺南市永康區****,0925*****,否,,,,,,,
215,童小芸,111年臺南市議員選舉,首次申報,1110930,人事費用支出,林孟禧,R22*******,0.00,900.00,,,,工資-文宣發放,金錢,臺南市安南區****,9021*****,否,,,,,,,
216,童小芸,111年臺南市議員選舉,首次申報,1110930,人事費用支出,邱陳玉春,S22*******,0.00,900.00,,,,工資-文宣發放,金錢,臺南市安南區****,0937*****,否,,,,,,,
217,童小芸,111年臺南市議員選舉,首次申報,1111002,雜支支出,紅茶幫,37630424,0.00,220.00,,,,餐飲費用-飲料,金錢,,,否,,,,,,,
218,童小芸,111年臺南市議員選舉,首次申報,1111003,宣傳支出,中嘉寬頻/雙子星,97160397,0.00,100000.00,,,,播放宣傳廣告費用,金錢,臺南市北區北****,412-*****,否,,,,,,,
219,童小芸,111年臺南市議員選舉,首次申報,1111004,宣傳支出,中嘉寬頻/雙子星,97160397,0.00,100000.00,,,,播放宣傳廣告費用,金錢,臺南市北區北****,412-*****,否,,,,,,,
220,童小芸,111年臺南市議員選舉,首次申報,1111006,宣傳支出,潤家實業有限公司,27807773,0.00,40000.00,,,,口罩文宣,金錢,新北市中和區****,02-2*****,否,,,,,,,
221,童小芸,111年臺南市議員選舉,首次申報,1111006,雜支支出,聯祥電話器材行電話器材行,76994598,0.00,7800.00,,,,電話總機修理.配線,金錢,高雄市茄萣區****,07-6*****,否,,,,,,,
222,童小芸,111年臺南市議員選舉,首次申報,1111007,雜支支出,威北生活館有限公司,42900708,0.00,340.00,,,,雜項購置,金錢,臺南市安南區****,06-3*****,否,,,,,,,
223,童小芸,111年臺南市議員選舉,首次申報,1111007,宣傳支出,樺欣企業社,56974551,0.00,57000.00,,,,面紙文宣,金錢,臺南市北區開****,06-2*****,否,,,,,,,
224,童小芸,111年臺南市議員選舉,首次申報,1111009,雜支支出,粱社漢排骨飯,88992976,0.00,1050.00,,,,餐飲費用-便當,金錢,,,否,,,,,,,
225,童小芸,111年臺南市議員選舉,首次申報,1111010,人事費用支出,蔡明得,D10*******,0.00,30000.00,,,,薪津,金錢,臺南市安南區****,,否,,,,,,,
226,童小芸,111年臺南市議員選舉,首次申報,1111010,人事費用支出,曾雅鑾,D22*******,0.00,25000.00,,,,薪津,金錢,臺南市永康區****,,否,,,,,,,
227,童小芸,111年臺南市議員選舉,首次申報,1111010,人事費用支出,江思敏,M22*******,0.00,38000.00,,,,薪津,金錢,南投縣草屯鎮****,0900*****,否,,,,,,,
228,童小芸,111年臺南市議員選舉,首次申報,1111010,人事費用支出,陳勝章,N12*******,0.00,50000.00,,,,薪津,金錢,臺南市北區北****,0933*****,否,,,,,,,
229,童小芸,111年臺南市議員選舉,首次申報,1111015,人事費用支出,王永康,D12*******,0.00,680.00,,,,工資-路口文宣發放,金錢,臺南市北區精****,0910*****,否,,,,,,,
230,童小芸,111年臺南市議員選舉,首次申報,1111015,人事費用支出,蔡濬名,D12*******,0.00,680.00,,,,工資-路口文宣發放,金錢,臺南市麻豆區****,06-3*****,否,,,,,,,
231,童小芸,111年臺南市議員選舉,首次申報,1111015,人事費用支出,陳玉秀,D20*******,0.00,5480.00,,,,工資-路口文宣發放,金錢,臺南市北區北****,0912*****,否,,,,,,,
232,童小芸,111年臺南市議員選舉,首次申報,1111015,人事費用支出,李美雲,D20*******,0.00,4640.00,,,,工資-路口文宣發放,金錢,臺南市北區實****,0933*****,否,,,,,,,
233,童小芸,111年臺南市議員選舉,首次申報,1111015,人事費用支出,鄭秀玉,D22*******,0.00,4400.00,,,,工資-路口文宣發放,金錢,臺南市北區和****,0918*****,否,,,,,,,
234,童小芸,111年臺南市議員選舉,首次申報,1111015,人事費用支出,蔡青,D22*******,0.00,4540.00,,,,工資-路口文宣發放,金錢,臺南市安南區****,,否,,,,,,,
235,童小芸,111年臺南市議員選舉,首次申報,1111015,人事費用支出,王月嬌,D22*******,0.00,4810.00,,,,工資-路口文宣發放,金錢,臺南市北區精****,0976*****,否,,,,,,,
236,童小芸,111年臺南市議員選舉,首次申報,1111015,人事費用支出,王双嬌,D22*******,0.00,5220.00,,,,工資-路口文宣發放,金錢,臺南市永康區****,0973*****,否,,,,,,,
237,童小芸,111年臺南市議員選舉,首次申報,1111015,人事費用支出,林嘉成,R10*******,0.00,6560.00,,,,工資-路口文宣發放,金錢,臺南市永康區****,0930*****,否,,,,,,,
238,童小芸,111年臺南市議員選舉,首次申報,1111015,人事費用支出,謝秀鑾,R20*******,0.00,5480.00,,,,工資-路口文宣發放,金錢,臺南市南區金****,0933*****,否,,,,,,,
239,童小芸,111年臺南市議員選舉,首次申報,1111015,人事費用支出,張瑞龍,S12*******,0.00,680.00,,,,工資-路口文宣發放,金錢,高雄市永安區****,,否,,,,,,,
240,童小芸,111年臺南市議員選舉,首次申報,1111015,人事費用支出,郭素賢,S22*******,0.00,4890.00,,,,工資-路口文宣發放,金錢,臺南市北區北****,0977*****,否,,,,,,,
241,童小芸,111年臺南市議員選舉,首次申報,1111018,交通旅運支出,台灣卡特爾台南站,55696215,0.00,800.00,,,,油資,金錢,,,否,,,,,,,
242,童小芸,111年臺南市議員選舉,首次申報,1111020,雜支支出,流水長文具有限公司,24923736,0.00,297.00,,,,文具用品費用,金錢,臺南市安南區****,06-2*****,否,,,,,,,
243,童小芸,111年臺南市議員選舉,首次申報,1111021,集會支出,龔成山,D10*******,0.00,6000.00,,,,遊行鑼鼓車,金錢,台南市安平區****,0932*****,否,,,,,,,
244,童小芸,111年臺南市議員選舉,首次申報,1111023,雜支支出,中華電信,69109906,0.00,1839.00,,,,電信費用,金錢,,,否,,,,,,,
245,童小芸,111年臺南市議員選舉,首次申報,1111023,雜支支出,中嘉寬頻/雙子星,97160397,0.00,1070.00,,,,電視收視費,金錢,,412-*****,否,,,,,,,
246,童小芸,111年臺南市議員選舉,首次申報,1111023,集會支出,龔成山,D10*******,0.00,6000.00,,,,遊行鑼鼓車,金錢,台南市安平區****,0932*****,否,,,,,,,
247,童小芸,111年臺南市議員選舉,首次申報,1111024,交通旅運支出,久井企業（股）公司,25882521,0.00,871.00,,,,油資,金錢,,,否,,,,,,,
248,童小芸,111年臺南市議員選舉,首次申報,1111024,宣傳支出,觀遠文創有限公司,54560768,0.00,50000.00,,,,播放宣傳廣告費用,金錢,臺南市安平區****,,否,,,,,,,
249,童小芸,111年臺南市議員選舉,首次申報,1111024,交通旅運支出,民安海佃路加油站,99535224,0.00,1000.00,,,,油資,金錢,臺南市安南區****,,否,,,,,,,
250,童小芸,111年臺南市議員選舉,首次申報,1111025,租用宣傳車輛支出,宏達廣告企業社,13923111,0.00,18000.00,,,,租用宣傳車輛及駕駛費用,金錢,臺南市安南區****,,否,,,,,,,
251,童小芸,111年臺南市議員選舉,首次申報,1111025,公共關係費用支出,新晨花苑,83952285,0.00,27400.00,,,,婚喪.致賀用花,金錢,臺南市北區南****,06-2*****,否,,,,,,,
252,童小芸,111年臺南市議員選舉,首次申報,1111026,雜支支出,威北生活館有限公司,42900708,0.00,625.00,,,,雜項購置-束帶,金錢,臺南市安南區****,06-3*****,否,,,,,,,
253,童小芸,111年臺南市議員選舉,首次申報,1111028,交通旅運支出,嘉和加油站,16512771,0.00,900.00,,,,油資,金錢,,,否,,,,,,,
254,童小芸,111年臺南市議員選舉,首次申報,1111028,雜支支出,日本橋3C,70415093,0.00,1980.00,,,,雜項購置,金錢,,,否,,,,,,,
255,童小芸,111年臺南市議員選舉,首次申報,1111030,租用宣傳車輛支出,宏達廣告企業社,13923111,0.00,18000.00,,,,租用宣傳車輛及駕駛費用,金錢,臺南市安南區****,,否,,,,,,,
256,童小芸,111年臺南市議員選舉,首次申報,1111030,雜支支出,粱社漢排骨飯,88992976,0.00,1165.00,,,,餐飲費用-便當,金錢,,,否,,,,,,,
257,童小芸,111年臺南市議員選舉,首次申報,1111030,人事費用支出,許金池,D12*******,0.00,2100.00,,,,工資-鄰里文宣發放,金錢,臺南市安南區****,06-2*****,否,,,,,,,
258,童小芸,111年臺南市議員選舉,首次申報,1111030,人事費用支出,林明憲,D12*******,0.00,3450.00,,,,工資-鄰里文宣發放,金錢,臺南市安南區****,0921*****,否,,,,,,,
259,童小芸,111年臺南市議員選舉,首次申報,1111030,人事費用支出,陳玉秀,D20*******,0.00,1200.00,,,,工資-鄰里文宣發放,金錢,臺南市北區北****,0912*****,否,,,,,,,
260,童小芸,111年臺南市議員選舉,首次申報,1111030,人事費用支出,李美雲,D20*******,0.00,850.00,,,,工資-鄰里文宣發放,金錢,臺南市北區實****,0933*****,否,,,,,,,
261,童小芸,111年臺南市議員選舉,首次申報,1111030,人事費用支出,蔡錦碧,D22*******,0.00,1450.00,,,,工資-鄰里文宣發放,金錢,臺南市安南區****,0927*****,否,,,,,,,
262,童小芸,111年臺南市議員選舉,首次申報,1111030,人事費用支出,王月嬌,D22*******,0.00,850.00,,,,工資-鄰里文宣發放,金錢,臺南市北區精****,0976*****,否,,,,,,,
263,童小芸,111年臺南市議員選舉,首次申報,1111030,人事費用支出,黃玉燕,D22*******,0.00,1950.00,,,,工資-鄰里文宣發放,金錢,臺南市北區大****,0921*****,否,,,,,,,
264,童小芸,111年臺南市議員選舉,首次申報,1111030,人事費用支出,方淑雲,D22*******,0.00,3100.00,,,,工資-鄰里文宣發放,金錢,臺南市安南區****,0952*****,否,,,,,,,
265,童小芸,111年臺南市議員選舉,首次申報,1111030,人事費用支出,林素英,O22*******,0.00,2600.00,,,,工資-鄰里文宣發放,金錢,臺南市安南區****,0900*****,否,,,,,,,
266,童小芸,111年臺南市議員選舉,首次申報,1111030,人事費用支出,廖麗珠,P22*******,0.00,1600.00,,,,工資-鄰里文宣發放,金錢,臺南市永康區****,0925*****,否,,,,,,,
267,童小芸,111年臺南市議員選舉,首次申報,1111030,人事費用支出,謝秀鑾,R20*******,0.00,2400.00,,,,工資-鄰里文宣發放,金錢,臺南市南區金****,0933*****,否,,,,,,,
268,童小芸,111年臺南市議員選舉,首次申報,1111030,人事費用支出,謝英達,S10*******,0.00,2350.00,,,,工資-鄰里文宣發放,金錢,臺南市北區開****,06-2*****,否,,,,,,,
269,童小芸,111年臺南市議員選舉,首次申報,1111030,人事費用支出,郭素賢,S22*******,0.00,2100.00,,,,工資-鄰里文宣發放,金錢,臺南市北區北****,0977*****,否,,,,,,,
270,童小芸,111年臺南市議員選舉,首次申報,1111103,雜支支出,捷安鎖店,25894224,0.00,28000.00,,,,鐵捲門片,金錢,臺南市安南區****,06-2*****,否,,,,,,,
271,童小芸,111年臺南市議員選舉,首次申報,1111103,宣傳支出,樺欣企業社,56974551,0.00,95200.00,,,,競選文宣,金錢,臺南市北區開****,06-2*****,否,,,,,,,
272,童小芸,111年臺南市議員選舉,首次申報,1111103,宣傳支出,吳品萱,R22*******,0.00,32000.00,,,,直播.FB管理費用,金錢,臺南市永康區****,0905*****,否,,,,,,,
273,童小芸,111年臺南市議員選舉,首次申報,1111105,租用宣傳車輛支出,宏達廣告企業社,13923111,0.00,12500.00,,,,租用宣傳車輛及司機費用,金錢,臺南市安南區****,,否,,,,,,,
274,童小芸,111年臺南市議員選舉,首次申報,1111105,租用宣傳車輛支出,宏達廣告企業社,13923111,0.00,15000.00,,,,租用宣傳車輛及司機費用,金錢,臺南市安南區****,,否,,,,,,,
275,童小芸,111年臺南市議員選舉,首次申報,1111105,人事費用支出,林燕玲,A22*******,0.00,17200.00,,,,工資-電訪,金錢,臺南市北區海****,0932*****,否,,,,,,,
276,童小芸,111年臺南市議員選舉,首次申報,1111105,人事費用支出,許金池,D12*******,0.00,2360.00,,,,工資-鄰里文宣發放,金錢,臺南市安南區****,06-2*****,否,,,,,,,
277,童小芸,111年臺南市議員選舉,首次申報,1111105,人事費用支出,陳秀敏,E22*******,0.00,7400.00,,,,工資-電訪,金錢,臺南市安南區****,0938*****,否,,,,,,,
278,童小芸,111年臺南市議員選舉,首次申報,1111105,人事費用支出,林素英,O22*******,0.00,2360.00,,,,工資-鄰里文宣發放,金錢,臺南市安南區****,0900*****,否,,,,,,,
279,童小芸,111年臺南市議員選舉,首次申報,1111109,宣傳支出,樺欣企業社,56974551,0.00,42000.00,,,,競選文宣,金錢,臺南市北區開****,06-2*****,否,,,,,,,
280,童小芸,111年臺南市議員選舉,首次申報,1111110,租用宣傳車輛支出,宏達廣告企業社,13923111,0.00,15000.00,,,,租用宣傳車輛及司機費用,金錢,臺南市安南區****,,否,,,,,,,
281,童小芸,111年臺南市議員選舉,首次申報,1111110,人事費用支出,楊進山,D10*******,0.00,1220.00,,,,工資-鄰里文宣發放,金錢,臺南市安南區****,0910*****,否,,,,,,,
282,童小芸,111年臺南市議員選舉,首次申報,1111110,人事費用支出,蔡明得,D10*******,0.00,30000.00,,,,薪津,金錢,臺南市安南區****,,否,,,,,,,
283,童小芸,111年臺南市議員選舉,首次申報,1111110,人事費用支出,曾雅鑾,D22*******,0.00,25000.00,,,,薪津,金錢,臺南市永康區****,,否,,,,,,,
284,童小芸,111年臺南市議員選舉,首次申報,1111110,人事費用支出,洪麗琴,D22*******,0.00,1220.00,,,,工資-鄰里文宣發放,金錢,臺南市安南區****,0939*****,否,,,,,,,
285,童小芸,111年臺南市議員選舉,首次申報,1111110,人事費用支出,江思敏,M22*******,0.00,38000.00,,,,薪津,金錢,南投縣草屯鎮****,0900*****,否,,,,,,,
286,童小芸,111年臺南市議員選舉,首次申報,1111110,人事費用支出,陳勝章,N12*******,0.00,50000.00,,,,薪津,金錢,臺南市北區北****,0933*****,否,,,,,,,
287,童小芸,111年臺南市議員選舉,首次申報,1111110,人事費用支出,林孟禧,R22*******,0.00,1220.00,,,,工資-鄰里文宣發放,金錢,臺南市安南區****,9021*****,否,,,,,,,
288,童小芸,111年臺南市議員選舉,首次申報,1111110,人事費用支出,邱陳玉春,S22*******,0.00,1220.00,,,,工資-鄰里文宣發放,金錢,臺南市安南區****,0937*****,否,,,,,,,
289,童小芸,111年臺南市議員選舉,首次申報,1111115,租用宣傳車輛支出,宏達廣告企業社,13923111,0.00,13000.00,,,,租用宣傳車輛及司機費用,金錢,臺南市安南區****,,否,,,,,,,
290,童小芸,111年臺南市議員選舉,首次申報,1111115,雜支支出,安南排骨大王,40765776,0.00,1210.00,,,,便當,金錢,臺南市安南區****,06-2*****,否,,,,,,,
291,童小芸,111年臺南市議員選舉,首次申報,1111115,人事費用支出,許金池,D12*******,0.00,1190.00,,,,工資-鄰里路口文宣發放,金錢,臺南市安南區****,06-2*****,否,,,,,,,
292,童小芸,111年臺南市議員選舉,首次申報,1111115,人事費用支出,林明憲,D12*******,0.00,1910.00,,,,工資-鄰里路口文宣發放,金錢,臺南市安南區****,0921*****,否,,,,,,,
293,童小芸,111年臺南市議員選舉,首次申報,1111115,人事費用支出,陳家生,D12*******,0.00,560.00,,,,工資-鄰里路口文宣發放,金錢,臺南市安南區****,0981*****,否,,,,,,,
294,童小芸,111年臺南市議員選舉,首次申報,1111115,人事費用支出,陳玉秀,D20*******,0.00,560.00,,,,工資-鄰里路口文宣發放,金錢,臺南市北區北****,0912*****,否,,,,,,,
295,童小芸,111年臺南市議員選舉,首次申報,1111115,人事費用支出,王榆艷,D20*******,0.00,5550.00,,,,工資-鄰里路口文宣發放,金錢,臺南市北區成****,,否,,,,,,,
296,童小芸,111年臺南市議員選舉,首次申報,1111115,人事費用支出,蔡青,D22*******,0.00,1910.00,,,,工資-鄰里路口文宣發放,金錢,臺南市安南區****,,否,,,,,,,
297,童小芸,111年臺南市議員選舉,首次申報,1111115,人事費用支出,王月嬌,D22*******,0.00,1360.00,,,,工資-鄰里路口文宣發放,金錢,臺南市北區精****,0976*****,否,,,,,,,
298,童小芸,111年臺南市議員選舉,首次申報,1111115,人事費用支出,林瓊美,D22*******,0.00,4440.00,,,,工資-鄰里路口文宣發放,金錢,臺南市安南區****,0935*****,否,,,,,,,
299,童小芸,111年臺南市議員選舉,首次申報,1111115,人事費用支出,蔡錦碧,D22*******,0.00,6430.00,,,,工資-鄰里路口文宣發放,金錢,臺南市安南區****,0927*****,否,,,,,,,
300,童小芸,111年臺南市議員選舉,首次申報,1111115,人事費用支出,方淑雲,D22*******,0.00,2460.00,,,,工資-鄰里路口文宣發放,金錢,臺南市安南區****,0952*****,否,,,,,,,
301,童小芸,111年臺南市議員選舉,首次申報,1111115,人事費用支出,黃玉燕,D22*******,0.00,8090.00,,,,工資-鄰里路口文宣發放,金錢,臺南市北區大****,0921*****,否,,,,,,,
302,童小芸,111年臺南市議員選舉,首次申報,1111115,人事費用支出,林素英,O22*******,0.00,2300.00,,,,工資-鄰里路口文宣發放,金錢,臺南市安南區****,0900*****,否,,,,,,,
303,童小芸,111年臺南市議員選舉,首次申報,1111115,人事費用支出,洪美鳳,P20*******,0.00,640.00,,,,工資-鄰里路口文宣發放,金錢,臺南市永康區****,0919*****,否,,,,,,,
304,童小芸,111年臺南市議員選舉,首次申報,1111115,人事費用支出,洪麗玉,P20*******,0.00,1360.00,,,,工資-鄰里路口文宣發放,金錢,臺南市永康區****,0919*****,否,,,,,,,
305,童小芸,111年臺南市議員選舉,首次申報,1111115,人事費用支出,廖麗珠,P22*******,0.00,3100.00,,,,工資-鄰里路口文宣發放,金錢,臺南市永康區****,0925*****,否,,,,,,,
306,童小芸,111年臺南市議員選舉,首次申報,1111115,人事費用支出,林嘉成,R10*******,0.00,560.00,,,,工資-鄰里路口文宣發放,金錢,臺南市永康區****,0930*****,否,,,,,,,
307,童小芸,111年臺南市議員選舉,首次申報,1111115,人事費用支出,林金珠,R20*******,0.00,4440.00,,,,工資-鄰里路口文宣發放,金錢,臺南市安南區****,,否,,,,,,,
308,童小芸,111年臺南市議員選舉,首次申報,1111115,人事費用支出,郭素賢,S22*******,0.00,1910.00,,,,工資-鄰里路口文宣發放,金錢,臺南市北區北****,0977*****,否,,,,,,,
309,童小芸,111年臺南市議員選舉,首次申報,1111116,宣傳支出,樺欣企業社,56974551,0.00,57000.00,,,,競選文宣,金錢,臺南市北區開****,06-2*****,否,,,,,,,
310,童小芸,111年臺南市議員選舉,首次申報,1111120,集會支出,明聲音響傳播社,10866811,0.00,25600.00,,,,租用設備費用-舞台.鷹架.喇叭台,金錢,臺南市安南區****,06-2*****,否,,,,,,,
311,童小芸,111年臺南市議員選舉,首次申報,1111120,租用宣傳車輛支出,宏達廣告企業社,13923111,0.00,13000.00,,,,租用宣傳車輛及司機費用,金錢,臺南市安南區****,,否,,,,,,,
312,童小芸,111年臺南市議員選舉,首次申報,1111120,集會支出,南凱發電機行,20163635,0.00,15000.00,,,,日本防音發電機,金錢,臺南市南區中****,,否,,,,,,,
313,童小芸,111年臺南市議員選舉,首次申報,1111120,集會支出,興億帆布行,25877082,0.00,6000.00,,,,椅子租用,金錢,臺南市仁德區****,0979*****,否,,,,,,,
314,童小芸,111年臺南市議員選舉,首次申報,1111120,集會支出,龍大快餐店,29447959,0.00,9350.00,,,,便當,金錢,臺南市安南區****,06-2*****,否,,,,,,,
315,童小芸,111年臺南市議員選舉,首次申報,1111120,集會支出,八八清粥自助餐,36815057,0.00,4000.00,,,,便當,金錢,臺南市安南區****,,否,,,,,,,
316,童小芸,111年臺南市議員選舉,首次申報,1111120,集會支出,安南排骨大王,40765776,0.00,1050.00,,,,便當,金錢,臺南市安南區****,06-2*****,否,,,,,,,
317,童小芸,111年臺南市議員選舉,首次申報,1111120,集會支出,米高梅企業社,70909498,0.00,18000.00,,,,音響,金錢,臺南市仁德區****,06-2*****,否,,,,,,,
318,童小芸,111年臺南市議員選舉,首次申報,1111120,集會支出,上準電子器材行,78992049,0.00,20000.00,,,,音響,金錢,臺南市南區夏****,06-2*****,否,,,,,,,
319,童小芸,111年臺南市議員選舉,首次申報,1111120,集會支出,彤齊食堂,81418168,0.00,9540.00,,,,便當,金錢,臺南市安南區****,,否,,,,,,,
320,童小芸,111年臺南市議員選舉,首次申報,1111120,人事費用支出,楊進山,D10*******,0.00,3300.00,,,,工資-鄰里路口文宣發放,金錢,臺南市安南區****,0910*****,否,,,,,,,
321,童小芸,111年臺南市議員選舉,首次申報,1111120,人事費用支出,黃國忠,D10*******,0.00,1680.00,,,,工資-造勢活動,金錢,臺南市北區成****,,否,,,,,,,
322,童小芸,111年臺南市議員選舉,首次申報,1111120,人事費用支出,楊進山,D10*******,0.00,1680.00,,,,工資-鄰里路口文宣拉放,金錢,臺南市安南區****,0910*****,否,,,,,,,
323,童小芸,111年臺南市議員選舉,首次申報,1111120,人事費用支出,林阿東,D10*******,0.00,1430.00,,,,工資-造勢活動,金錢,臺南市永康區****,06-2*****,否,,,,,,,
324,童小芸,111年臺南市議員選舉,首次申報,1111120,人事費用支出,李金益,D12*******,0.00,1680.00,,,,工資-造勢活動,金錢,臺南市安平區****,0938*****,否,,,,,,,
325,童小芸,111年臺南市議員選舉,首次申報,1111120,人事費用支出,陳國財,D12*******,0.00,1680.00,,,,工資-造勢活動,金錢,臺南市中西區****,0988*****,否,,,,,,,
326,童小芸,111年臺南市議員選舉,首次申報,1111120,人事費用支出,許金池,D12*******,0.00,8490.00,,,,工資-鄰里路口文宣發放,金錢,臺南市安南區****,06-2*****,否,,,,,,,
327,童小芸,111年臺南市議員選舉,首次申報,1111120,人事費用支出,林明憲,D12*******,0.00,560.00,,,,工資-鄰里路口文宣發放,金錢,臺南市安南區****,0921*****,否,,,,,,,
328,童小芸,111年臺南市議員選舉,首次申報,1111120,人事費用支出,蔡濬名,D12*******,0.00,640.00,,,,工資-鄰里路口文宣發放,金錢,臺南市麻豆區****,06-3*****,否,,,,,,,
329,童小芸,111年臺南市議員選舉,首次申報,1111120,人事費用支出,陳家生,D12*******,0.00,640.00,,,,工資-鄰里路口文宣發放,金錢,臺南市安南區****,0981*****,否,,,,,,,
330,童小芸,111年臺南市議員選舉,首次申報,1111120,人事費用支出,王榆艷,D20*******,0.00,10930.00,,,,工資-鄰里路口文宣發放,金錢,臺南市北區成****,,否,,,,,,,
331,童小芸,111年臺南市議員選舉,首次申報,1111120,人事費用支出,陳玉秀,D20*******,0.00,1610.00,,,,工資-鄰里路口文宣發放,金錢,臺南市北區北****,0912*****,否,,,,,,,
332,童小芸,111年臺南市議員選舉,首次申報,1111120,人事費用支出,林瓊美,D22*******,0.00,7080.00,,,,工資-鄰里路口文宣發放,金錢,臺南市安南區****,0935*****,否,,,,,,,
333,童小芸,111年臺南市議員選舉,首次申報,1111120,人事費用支出,方淑雲,D22*******,0.00,2980.00,,,,工資-鄰里路口文宣發放,金錢,臺南市安南區****,0952*****,否,,,,,,,
334,童小芸,111年臺南市議員選舉,首次申報,1111120,人事費用支出,蔡錦碧,D22*******,0.00,9810.00,,,,工資-鄰里路口文宣發放,金錢,臺南市安南區****,0927*****,否,,,,,,,
335,童小芸,111年臺南市議員選舉,首次申報,1111120,人事費用支出,黃玉燕,D22*******,0.00,13830.00,,,,工資-鄰里路口文宣發放,金錢,臺南市北區大****,0921*****,否,,,,,,,
336,童小芸,111年臺南市議員選舉,首次申報,1111120,人事費用支出,蔡青,D22*******,0.00,2580.00,,,,工資-鄰里路口文宣發放,金錢,臺南市安南區****,,否,,,,,,,
337,童小芸,111年臺南市議員選舉,首次申報,1111120,人事費用支出,高士純,D22*******,0.00,1680.00,,,,工資-造勢活動,金錢,臺南市北區大****,0978*****,否,,,,,,,
338,童小芸,111年臺南市議員選舉,首次申報,1111120,人事費用支出,高瑩懿,D22*******,0.00,1680.00,,,,工資-造勢活動,金錢,臺南市北區大****,0933*****,否,,,,,,,
339,童小芸,111年臺南市議員選舉,首次申報,1111120,人事費用支出,黃玉燕,D22*******,0.00,1680.00,,,,工資-造勢活動,金錢,臺南市北區大****,0921*****,否,,,,,,,
340,童小芸,111年臺南市議員選舉,首次申報,1111120,人事費用支出,林瓊美,D22*******,0.00,1680.00,,,,工資-造勢活動,金錢,臺南市安南區****,0935*****,否,,,,,,,
341,童小芸,111年臺南市議員選舉,首次申報,1111120,人事費用支出,洪麗琴,D22*******,0.00,2200.00,,,,工資-鄰里路口文宣發放,金錢,臺南市安南區****,0939*****,否,,,,,,,
342,童小芸,111年臺南市議員選舉,首次申報,1111120,人事費用支出,黃玉燕,D22*******,0.00,600.00,,,,工資-喜宴文宣發放,金錢,臺南市北區大****,0921*****,否,,,,,,,
343,童小芸,111年臺南市議員選舉,首次申報,1111120,人事費用支出,歐華會,D29*******,0.00,2910.00,,,,工資-鄰里路口文宣發放,金錢,臺南市北區自****,,否,,,,,,,
344,童小芸,111年臺南市議員選舉,首次申報,1111120,人事費用支出,林素英,O22*******,0.00,1680.00,,,,工資-造勢活動,金錢,臺南市安南區****,0900*****,否,,,,,,,
345,童小芸,111年臺南市議員選舉,首次申報,1111120,人事費用支出,林素英,O22*******,0.00,5040.00,,,,工資-鄰里路口文宣發放,金錢,臺南市安南區****,0900*****,否,,,,,,,
346,童小芸,111年臺南市議員選舉,首次申報,1111120,人事費用支出,洪麗玉,P20*******,0.00,4220.00,,,,工資-鄰里文宣發放,金錢,臺南市永康區****,0919*****,否,,,,,,,
347,童小芸,111年臺南市議員選舉,首次申報,1111120,人事費用支出,洪麗玉,P20*******,0.00,1940.00,,,,工資-鄰里路口文宣發放,金錢,臺南市永康區****,0919*****,否,,,,,,,
348,童小芸,111年臺南市議員選舉,首次申報,1111120,人事費用支出,洪美鳳,P20*******,0.00,970.00,,,,工資-鄰里路口文宣發放,金錢,臺南市永康區****,06-3*****,否,,,,,,,
349,童小芸,111年臺南市議員選舉,首次申報,1111120,人事費用支出,廖麗珠,P22*******,0.00,5570.00,,,,工資-鄰里路口文宣發放,金錢,臺南市永康區****,0925*****,否,,,,,,,
350,童小芸,111年臺南市議員選舉,首次申報,1111120,人事費用支出,林嘉成,R10*******,0.00,640.00,,,,工資-鄰里路口文宣發放,金錢,臺南市永康區****,0930*****,否,,,,,,,
351,童小芸,111年臺南市議員選舉,首次申報,1111120,人事費用支出,謝清城,R10*******,0.00,1430.00,,,,工資-造勢活動,金錢,臺南市永康區****,0921*****,否,,,,,,,
352,童小芸,111年臺南市議員選舉,首次申報,1111120,人事費用支出,陳平富,R12*******,0.00,1430.00,,,,工資-造勢活動,金錢,臺南市永康區****,0928*****,否,,,,,,,
353,童小芸,111年臺南市議員選舉,首次申報,1111120,人事費用支出,林金珠,R20*******,0.00,6280.00,,,,工資-鄰里路口文宣發放,金錢,臺南市安南區****,,否,,,,,,,
354,童小芸,111年臺南市議員選舉,首次申報,1111120,人事費用支出,林孟禧,R22*******,0.00,1300.00,,,,工資-鄰里路口文宣發放,金錢,臺南市安南區****,9021*****,否,,,,,,,
355,童小芸,111年臺南市議員選舉,首次申報,1111120,人事費用支出,張瑞龍,S12*******,0.00,1430.00,,,,工資-造勢活動,金錢,高雄市永安區****,,否,,,,,,,
356,童小芸,111年臺南市議員選舉,首次申報,1111120,人事費用支出,邱陳玉春,S22*******,0.00,4800.00,,,,資-鄰里路口文宣發放,金錢,臺南市安南區****,0937*****,否,,,,,,,
357,童小芸,111年臺南市議員選舉,首次申報,1111120,人事費用支出,郭素賢,S22*******,0.00,2580.00,,,,工資-鄰里路口文宣發放,金錢,臺南市北區北****,0977*****,否,,,,,,,
358,童小芸,111年臺南市議員選舉,首次申報,1111123,雜支支出,1+1茶飲專賣店,,0.00,1050.00,,,,飲料.鍋燒意麵,金錢,,06-2*****,否,,,,,,,
359,童小芸,111年臺南市議員選舉,首次申報,1111123,宣傳支出,嘉南廣告社,17469422,0.00,5775.00,,,,夾報,金錢,雲林縣斗六市****,,否,,,,,,,
360,童小芸,111年臺南市議員選舉,首次申報,1111123,雜支支出,豪美室內工作室-羅世豪,40907515,0.00,16000.00,,,,辦公室修繕,金錢,臺南市永康區****,0961*****,否,,,,,,,
361,童小芸,111年臺南市議員選舉,首次申報,1111124,宣傳支出,嘉南廣告社,17469422,0.00,5775.00,,,,夾報費用,金錢,雲林縣斗六市****,,否,,,,,,,
362,童小芸,111年臺南市議員選舉,首次申報,1111124,雜支支出,海佃手工肉包,34966939,0.00,4300.00,,,,包子,金錢,臺南市安南區****,06-2*****,否,,,,,,,
363,童小芸,111年臺南市議員選舉,首次申報,1111125,租用宣傳車輛支出,宏達廣告企業社,13923111,0.00,14000.00,,,,租用宣傳車輛及司機費用,金錢,臺南市安南區****,,否,,,,,,,
364,童小芸,111年臺南市議員選舉,首次申報,1111125,公共關係費用支出,新晨花苑,83952285,0.00,24300.00,,,,婚喪.致賀用花,金錢,臺南市北區南****,06-2*****,否,,,,,,,
365,童小芸,111年臺南市議員選舉,首次申報,1111125,人事費用支出,林阿東,D10*******,0.00,3260.00,,,,工資-鄰里路口文宣發放,金錢,臺南市永康區****,06-2*****,否,,,,,,,
366,童小芸,111年臺南市議員選舉,首次申報,1111125,人事費用支出,陳國財,D12*******,0.00,720.00,,,,工資-鄰里路口文宣發放,金錢,臺南市中西區****,0988*****,否,,,,,,,
367,童小芸,111年臺南市議員選舉,首次申報,1111125,人事費用支出,蔡濬名,D12*******,0.00,1440.00,,,,工資-鄰里路口文宣發放,金錢,臺南市麻豆區****,06-3*****,否,,,,,,,
368,童小芸,111年臺南市議員選舉,首次申報,1111125,人事費用支出,陳家生,D12*******,0.00,3380.00,,,,工資-鄰里路口文宣發放,金錢,臺南市安南區****,0981*****,否,,,,,,,
369,童小芸,111年臺南市議員選舉,首次申報,1111125,人事費用支出,林明憲,D12*******,0.00,1440.00,,,,工資-鄰里路口文宣發放,金錢,臺南市安南區****,0921*****,否,,,,,,,
370,童小芸,111年臺南市議員選舉,首次申報,1111125,人事費用支出,王榆艷,D20*******,0.00,640.00,,,,工資-鄰里路口文宣發放,金錢,臺南市北區成****,,否,,,,,,,
371,童小芸,111年臺南市議員選舉,首次申報,1111125,人事費用支出,陳玉秀,D20*******,0.00,4310.00,,,,工資-鄰里路口文宣發放,金錢,臺南市北區北****,0912*****,否,,,,,,,
372,童小芸,111年臺南市議員選舉,首次申報,1111125,人事費用支出,李美雲,D20*******,0.00,4690.00,,,,工資-鄰里路口文宣發放,金錢,臺南市北區實****,0933*****,否,,,,,,,
373,童小芸,111年臺南市議員選舉,首次申報,1111125,人事費用支出,鄭秀玉,D22*******,0.00,810.00,,,,工資-鄰里路口文宣發放,金錢,臺南市北區和****,0918*****,否,,,,,,,
374,童小芸,111年臺南市議員選舉,首次申報,1111125,人事費用支出,蔡青,D22*******,0.00,720.00,,,,工資-鄰里路口文宣發放,金錢,臺南市安南區****,,否,,,,,,,
375,童小芸,111年臺南市議員選舉,首次申報,1111125,人事費用支出,王月嬌,D22*******,0.00,3170.00,,,,工資-鄰里路口文宣發放,金錢,臺南市北區精****,0976*****,否,,,,,,,
376,童小芸,111年臺南市議員選舉,首次申報,1111125,人事費用支出,蔡錦碧,D22*******,0.00,2160.00,,,,工資-鄰里路口文宣發放,金錢,臺南市安南區****,0927*****,否,,,,,,,
377,童小芸,111年臺南市議員選舉,首次申報,1111125,人事費用支出,黃玉燕,D22*******,0.00,2070.00,,,,工資-鄰里路口文宣發放,金錢,臺南市北區大****,0921*****,否,,,,,,,
378,童小芸,111年臺南市議員選舉,首次申報,1111125,人事費用支出,林瓊美,D22*******,0.00,4730.00,,,,工資-鄰里路口文宣發放,金錢,臺南市安南區****,0935*****,否,,,,,,,
379,童小芸,111年臺南市議員選舉,首次申報,1111125,人事費用支出,歐華會,D29*******,0.00,4310.00,,,,工資-鄰里路口文宣發放,金錢,臺南市北區自****,,否,,,,,,,
380,童小芸,111年臺南市議員選舉,首次申報,1111125,人事費用支出,洪麗玉,P20*******,0.00,2880.00,,,,工資-鄰里路口文宣發放,金錢,臺南市永康區****,0919*****,否,,,,,,,
381,童小芸,111年臺南市議員選舉,首次申報,1111125,人事費用支出,洪美鳳,P20*******,0.00,2070.00,,,,工資-鄰里路口文宣發放,金錢,臺南市永康區****,06-3*****,否,,,,,,,
382,童小芸,111年臺南市議員選舉,首次申報,1111125,人事費用支出,廖麗珠,P22*******,0.00,1440.00,,,,工資-鄰里路口文宣發放,金錢,臺南市永康區****,0925*****,否,,,,,,,
383,童小芸,111年臺南市議員選舉,首次申報,1111125,人事費用支出,莊秀容,Q22*******,0.00,3680.00,,,,工資-鄰里路口文宣發放,金錢,臺南市北區長****,0972*****,否,,,,,,,
384,童小芸,111年臺南市議員選舉,首次申報,1111125,人事費用支出,林嘉成,R10*******,0.00,4480.00,,,,工資-鄰里路口文宣發放,金錢,臺南市永康區****,0930*****,否,,,,,,,
385,童小芸,111年臺南市議員選舉,首次申報,1111125,人事費用支出,謝清城,R10*******,0.00,2460.00,,,,工資-鄰里路口文宣發放,金錢,臺南市永康區****,0921*****,否,,,,,,,
386,童小芸,111年臺南市議員選舉,首次申報,1111125,人事費用支出,陳平富,R12*******,0.00,2460.00,,,,工資-鄰里路口文宣發放,金錢,臺南市永康區****,0928*****,否,,,,,,,
387,童小芸,111年臺南市議員選舉,首次申報,1111125,人事費用支出,林金珠,R20*******,0.00,5370.00,,,,工資-鄰里路口文宣發放,金錢,臺南市安南區****,,否,,,,,,,
388,童小芸,111年臺南市議員選舉,首次申報,1111125,人事費用支出,謝英達,S10*******,0.00,3890.00,,,,工資-鄰里路口文宣發放,金錢,臺南市北區開****,06-2*****,否,,,,,,,
389,童小芸,111年臺南市議員選舉,首次申報,1111125,人事費用支出,郭素賢,S22*******,0.00,3980.00,,,,工資-鄰里路口文宣發放,金錢,臺南市北區北****,0977*****,否,,,,,,,
390,童小芸,111年臺南市議員選舉,首次申報,1111126,人事費用支出,林燕玲,A22*******,0.00,21000.00,,,,工資-電訪,金錢,臺南市北區海****,0932*****,否,,,,,,,
391,童小芸,111年臺南市議員選舉,首次申報,1111126,人事費用支出,陳秀敏,E22*******,0.00,20400.00,,,,工資-電訪,金錢,臺南市安南區****,0938*****,否,,,,,,,
392,童小芸,111年臺南市議員選舉,首次申報,1111210,人事費用支出,江思敏,M22*******,0.00,38000.00,,,,薪津,金錢,南投縣草屯鎮****,0900*****,否,,,,,,,
393,童小芸,111年臺南市議員選舉,首次申報,1111210,人事費用支出,陳勝章,N12*******,0.00,50000.00,,,,薪津,金錢,臺南市北區北****,0933*****,否,,,,,,,
