﻿序號,擬參選人／政黨,選舉名稱,申報序號／年度,交易日期,收支科目,捐贈者／支出對象,身分證／統一編號,收入金額,支出金額,捐贈方式,存入專戶日期,返還/繳庫,支出用途,金錢類,地址,聯絡電話,應揭露之支出對象,支出對象之內部人員姓名,支出對象之內部人員職稱,政黨之內部人員姓名,政黨之內部人員職稱,關係,更正註記,資料更正日期
1,童小芸,111年臺南市議員選舉,首次申報,1110505,政黨捐贈收入,中國國民黨,政黨證字第1號,100000.00,0.00,現金,1110505,,,金錢,台北市中山區****,(02)*****,,,,,,,,
2,童小芸,111年臺南市議員選舉,首次申報,1110621,其他收入,利息收入,,1.00,0.00,匯款,1110621,,,金錢,,,,,,,,,,
3,童小芸,111年臺南市議員選舉,首次申報,1110721,個人捐贈收入,陳韋君,D22*******,10000.00,0.00,匯款,1110721,,,金錢,臺中市西區樂****,,,,,,,,,
4,童小芸,111年臺南市議員選舉,首次申報,1110908,個人捐贈收入,童子峰,R12*******,30000.00,0.00,匯款,1110908,,,金錢,臺南市仁德區****,0919*****,,,,,,,,
5,童小芸,111年臺南市議員選舉,首次申報,1110922,個人捐贈收入,黃耀篇,,10000.00,0.00,匯款,1110922,,,金錢,臺南市安南區****,06-3*****,,,,,,,,
6,童小芸,111年臺南市議員選舉,首次申報,1110923,個人捐贈收入,蘇月嬌,D20*******,6000.00,0.00,現金,1110923,,,金錢,臺南市北區開****,0910*****,,,,,,,,
7,童小芸,111年臺南市議員選舉,首次申報,1110928,營利事業捐贈收入,凱順草本科技有限公司,64928856,50000.00,0.00,現金,1110928,,,金錢,臺南市安平區****,0918*****,,,,,,,,
8,童小芸,111年臺南市議員選舉,首次申報,1110928,個人捐贈收入,涂喜妹,S20*******,20000.00,0.00,現金,1110928,,,金錢,臺南市南區德****,0932*****,,,,,,,,
9,童小芸,111年臺南市議員選舉,首次申報,1110930,個人捐贈收入,童銀妹,,10000.00,0.00,匯款,1110930,,,金錢,,06-2*****,,,,,,,,
10,童小芸,111年臺南市議員選舉,首次申報,1111024,個人捐贈收入,蔡金利,,1000.00,0.00,匯款,1111024,,,金錢,,06-2*****,,,,,,,,
