﻿序號,擬參選人／政黨,選舉名稱,申報序號／年度,交易日期,收支科目,捐贈者／支出對象,身分證／統一編號,收入金額,支出金額,支出用途,金錢類,地址,聯絡電話,資料更正日期
1,吳伯揚,107年鄉(鎮、市)長選舉,首次申報,1070731,人事費用支出,王裕澄,W10*******,0.00,30000.00,工資或薪津,金錢,金門縣金城鎮****,0935*****,
2,吳伯揚,107年鄉(鎮、市)長選舉,首次申報,1070815,宣傳支出,大禾企業社,37952557,0.00,95000.00,製作競選物品支出（物品名稱-手搖扇）,金錢,金門縣金城鎮****,082-*****,
3,吳伯揚,107年鄉(鎮、市)長選舉,首次申報,1070831,人事費用支出,王裕澄,W10*******,0.00,30000.00,工資或薪津,金錢,金門縣金城鎮****,0935*****,
4,吳伯揚,107年鄉(鎮、市)長選舉,首次申報,1070910,宣傳支出,大禾企業社,37952557,0.00,90000.00,製作競選物品支出（物品名稱-一條根小藥膏）,金錢,金門縣金城鎮****,082-*****,
5,吳伯揚,107年鄉(鎮、市)長選舉,首次申報,1070917,宣傳支出,大禾企業社,37952557,0.00,50000.00,製作競選物品支出（物品名稱-小筆記本）,金錢,金門縣金城鎮****,082-*****,
6,吳伯揚,107年鄉(鎮、市)長選舉,首次申報,1070930,人事費用支出,王裕澄,W10*******,0.00,30000.00,工資或薪津,金錢,金門縣金城鎮****,0935*****,
7,吳伯揚,107年鄉(鎮、市)長選舉,首次申報,1071008,宣傳支出,大禾企業社,37952557,0.00,80000.00,製作競選物品支出（物品名稱-暖暖包）,金錢,金門縣金城鎮****,082-*****,
8,吳伯揚,107年鄉(鎮、市)長選舉,首次申報,1071031,人事費用支出,王裕澄,W10*******,0.00,30000.00,工資或薪津,金錢,金門縣金城鎮****,0935*****,
9,吳伯揚,107年鄉(鎮、市)長選舉,首次申報,1071112,宣傳支出,名城事業股份有限公司,84705087,0.00,68000.00,播送、傳送或刊登宣傳廣告支出,金錢,金門縣金寧鄉****,082-*****,
10,吳伯揚,107年鄉(鎮、市)長選舉,首次申報,1071130,人事費用支出,王裕澄,W10*******,0.00,30000.00,工資或薪津,金錢,金門縣金城鎮****,0935*****,
11,吳伯揚,107年鄉(鎮、市)長選舉,首次申報,1071221,人事費用支出,王裕澄,W10*******,0.00,30000.00,工資或薪津,金錢,金門縣金城鎮****,0935*****,
12,吳伯揚,107年鄉(鎮、市)長選舉,首次申報,1071224,宣傳支出,金門日報社,77295002,0.00,24800.00,播送、傳送或刊登宣傳廣告支出,金錢,金門縣金湖鎮****,082-*****,
