﻿序號,擬參選人／政黨,選舉名稱,申報序號／年度,交易日期,收支科目,捐贈者／支出對象,身分證／統一編號,收入金額,支出金額,捐贈方式,存入專戶日期,返還/繳庫,支出用途,金錢類,地址,聯絡電話,應揭露之支出對象,支出對象之內部人員姓名,支出對象之內部人員職稱,政黨之內部人員姓名,政黨之內部人員職稱,關係,更正註記,資料更正日期
1,徐鶯慈,113年立法委員選舉,首次申報,1121106,個人捐贈收入,蔡惠玉,G22*******,100000.00,0.00,匯款,1121106,,,金錢,宜蘭縣羅東鎮****,,,,,,,,,
2,徐鶯慈,113年立法委員選舉,首次申報,1121110,個人捐贈收入,劉秀玲,F22*******,15000.00,0.00,匯款,1121110,,,金錢,新北市鶯歌區****,,,,,,,,,
3,徐鶯慈,113年立法委員選舉,首次申報,1121110,個人捐贈收入,蔣文慧,F22*******,1000.00,0.00,匯款,1121110,,,金錢,桃園市八德區****,,,,,,,,,
4,徐鶯慈,113年立法委員選舉,首次申報,1121112,匿名捐贈,匿名,,2000.00,0.00,匯款,1121112,,,金錢,,,,,,,,,,
5,徐鶯慈,113年立法委員選舉,首次申報,1121113,個人捐贈收入,黃釋賢,,5000.00,0.00,匯款,1121113,,,金錢,桃園市中壢區****,,,,,,,,,
6,徐鶯慈,113年立法委員選舉,首次申報,1121114,個人捐贈收入,林哲宇,A12*******,10000.00,0.00,匯款,1121114,,,金錢,新北市永和區****,,,,,,,,,
7,徐鶯慈,113年立法委員選舉,首次申報,1121114,個人捐贈收入,簡士偉,H12*******,3000.00,0.00,匯款,1121114,,,金錢,桃園市大溪區****,,,,,,,,,
8,徐鶯慈,113年立法委員選舉,首次申報,1121115,匿名捐贈,匿名1,,500.00,0.00,匯款,1121115,,,金錢,,,,,,,,,,
9,徐鶯慈,113年立法委員選舉,首次申報,1121115,個人捐贈收入,許凱捷,A12*******,1001.00,0.00,匯款,1121115,,,金錢,新北市新莊區****,,,,,,,,,
10,徐鶯慈,113年立法委員選舉,首次申報,1121115,個人捐贈收入,謝衍州,N12*******,5000.00,0.00,匯款,1121115,,,金錢,桃園市桃園區****,,,,,,,,,
11,徐鶯慈,113年立法委員選舉,首次申報,1121116,個人捐贈收入,江國勳,E12*******,3000.00,0.00,匯款,1121116,,,金錢,臺北市北投區****,,,,,,,,,
12,徐鶯慈,113年立法委員選舉,首次申報,1121116,個人捐贈收入,洪惠娟,E22*******,4000.00,0.00,匯款,1121116,,,金錢,新北市三峽區****,,,,,,,,,
13,徐鶯慈,113年立法委員選舉,首次申報,1121117,匿名捐贈,匿名2,,2000.00,0.00,匯款,1121117,,,金錢,,,,,,,,,,
14,徐鶯慈,113年立法委員選舉,首次申報,1121117,政黨捐贈收入,小民參政歐巴桑聯盟,政黨證字第357號,65000.00,0.00,匯款,1121117,,,金錢,新北市板橋區****,0933*****,,,,,,,,
15,徐鶯慈,113年立法委員選舉,首次申報,1121118,匿名捐贈,陳美磬,,1000.00,0.00,匯款,1121118,,,金錢,,,,,,,,,,
16,徐鶯慈,113年立法委員選舉,首次申報,1121120,個人捐贈收入,鍾富鈞,L12*******,5000.00,0.00,匯款,1121120,,,金錢,新北市鶯歌區****,,,,,,,,,
17,徐鶯慈,113年立法委員選舉,首次申報,1121123,匿名捐贈,匿名3,,2000.00,0.00,匯款,1121123,,,金錢,,,,,,,,,,
18,徐鶯慈,113年立法委員選舉,首次申報,1121126,匿名捐贈,匿名4,,1000.00,0.00,匯款,1121126,,,金錢,,,,,,,,,,
19,徐鶯慈,113年立法委員選舉,首次申報,1121127,匿名捐贈,匿名5,,2000.00,0.00,匯款,1121127,,,金錢,,,,,,,,,,
20,徐鶯慈,113年立法委員選舉,首次申報,1121129,個人捐贈收入,張安嫻,Y22*******,20000.00,0.00,匯款,1121129,,,金錢,臺北市中山區****,,,,,,,,,
21,徐鶯慈,113年立法委員選舉,首次申報,1121203,個人捐贈收入,林玉惠,L20*******,10000.00,0.00,匯款,1121203,,,金錢,臺北市大安區****,,,,,,,,,
22,徐鶯慈,113年立法委員選舉,首次申報,1121204,匿名捐贈,匿名6,,3000.00,0.00,匯款,1121204,,,金錢,,,,,,,,,,
23,徐鶯慈,113年立法委員選舉,首次申報,1121221,其他收入,利息收入,,70.00,0.00,匯款,1121221,,,金錢,,,,,,,,,,
24,徐鶯慈,113年立法委員選舉,首次申報,1121228,匿名捐贈,匿名7,,1000.00,0.00,匯款,1121228,,,金錢,,,,,,,,,,
25,徐鶯慈,113年立法委員選舉,首次申報,1121228,個人捐贈收入,孔令秀,A22*******,6000.00,0.00,匯款,1121228,,,金錢,臺北市信義區****,,,,,,,,,
26,徐鶯慈,113年立法委員選舉,首次申報,1121229,個人捐贈收入,余晉嘉,E12*******,2500.00,0.00,匯款,1121229,,,金錢,桃園市蘆竹區****,,,,,,,,,
27,徐鶯慈,113年立法委員選舉,首次申報,1121231,個人捐贈收入,黃資雅,A22*******,2000.00,0.00,匯款,1121231,,,金錢,宜蘭縣冬山鄉****,,,,,,,,,
28,徐鶯慈,113年立法委員選舉,首次申報,1130102,個人捐贈收入,陳亞糅,F22*******,6000.00,0.00,匯款,1130102,,,金錢,臺北市北投區****,,,,,,,,,
29,徐鶯慈,113年立法委員選舉,首次申報,1130104,個人捐贈收入,方岑宇,H22*******,1000.00,0.00,匯款,1130104,,,金錢,臺北市文山區****,,,,,,,,,
30,徐鶯慈,113年立法委員選舉,首次申報,1130105,個人捐贈收入,黃志俐,E22*******,2000.00,0.00,匯款,1130105,,,金錢,新北市淡水區****,,,,,,,,,
31,徐鶯慈,113年立法委員選舉,首次申報,1130110,個人捐贈收入,方念萱,A22*******,2000.00,0.00,匯款,1130110,,,金錢,臺北市內湖區****,,,,,,,,,
