﻿序號,擬參選人／政黨,選舉名稱,申報序號／年度,交易日期,收支科目,捐贈者／支出對象,身分證／統一編號,收入金額,支出金額,支出用途,金錢類,地址,聯絡電話,資料更正日期
1,楊竣程,107年縣(市)議員選舉,首次申報,1071016,個人捐贈收入,張桂榮,N10*******,3000.00,0.00,,金錢,彰化縣鹿港鎮****,0477*****,
2,楊竣程,107年縣(市)議員選舉,首次申報,1071025,個人捐贈收入,陳錫元,N12*******,50000.00,0.00,,金錢,彰化縣鹿港鎮****,0935*****,
3,楊竣程,107年縣(市)議員選舉,首次申報,1071025,個人捐贈收入,王仲義,N12*******,6000.00,0.00,,金錢,彰化縣鹿港鎮****,0907*****,
4,楊竣程,107年縣(市)議員選舉,首次申報,1071025,個人捐贈收入,洪錫原,N12*******,10000.00,0.00,,金錢,彰化縣福興鄉****,0932*****,
5,楊竣程,107年縣(市)議員選舉,首次申報,1071025,個人捐贈收入,許介順,N12*******,20000.00,0.00,,金錢,彰化縣鹿港鎮****,04-7*****,
6,楊竣程,107年縣(市)議員選舉,首次申報,1071025,個人捐贈收入,黃富鈴,N22*******,10000.00,0.00,,金錢,彰化縣鹿港鎮****,0921*****,
7,楊竣程,107年縣(市)議員選舉,首次申報,1071031,營利事業捐贈收入,盟固實業股份有限公司,86417316,60000.00,0.00,,金錢,彰化縣鹿港鎮****,04-7*****,
8,楊竣程,107年縣(市)議員選舉,首次申報,1071102,個人捐贈收入,蔡銘焜,N12*******,5300.00,0.00,,金錢,彰化縣鹿港鎮****,04-7*****,
9,楊竣程,107年縣(市)議員選舉,首次申報,1071113,營利事業捐贈收入,巨林建設有限公司,89837880,100000.00,0.00,,金錢,彰化縣彰化市****,04-7*****,
10,楊竣程,107年縣(市)議員選舉,首次申報,1071113,個人捐贈收入,王家福,N10*******,2000.00,0.00,,金錢,彰化縣秀水鄉****,0932*****,
