﻿序號,擬參選人／政黨,選舉名稱,申報序號／年度,交易日期,收支科目,捐贈者／支出對象,身分證／統一編號,收入金額,支出金額,支出用途,金錢類,地址,聯絡電話,資料更正日期
1,王振鴻,107年直轄市議員選舉,首次申報,1070805,人事費用支出,陳皆樺,L12*******,0.00,35000.00,月份工資,金錢,臺北市中山區****,0909*****,
2,王振鴻,107年直轄市議員選舉,首次申報,1070905,人事費用支出,陳皆樺,L12*******,0.00,35000.00,月份工資,金錢,臺北市中山區****,0909*****,
3,王振鴻,107年直轄市議員選舉,首次申報,1070928,雜支支出,欽財飯包,38567434,0.00,2000.00,餐飲費用(便當),金錢,臺北市松山區****,,
4,王振鴻,107年直轄市議員選舉,首次申報,1071005,人事費用支出,陳皆樺,L12*******,0.00,35000.00,月份工資,金錢,臺北市中山區****,0909*****,
5,王振鴻,107年直轄市議員選舉,首次申報,1071010,雜支支出,老師傅小吃店,38497971,0.00,2000.00,餐飲費用(便當),金錢,臺北市中山區****,,
6,王振鴻,107年直轄市議員選舉,首次申報,1071105,人事費用支出,陳皆樺,L12*******,0.00,35000.00,月份工資,金錢,臺北市中山區****,0909*****,
7,王振鴻,107年直轄市議員選舉,首次申報,1071123,雜支支出,欽財飯包,38567434,0.00,2000.00,餐飲費用(便當),金錢,臺北市松山區****,,
