﻿序號,擬參選人／政黨,選舉名稱,申報序號／年度,交易日期,收支科目,捐贈者／支出對象,身分證／統一編號,收入金額,支出金額,捐贈方式,存入專戶日期,返還/繳庫,支出用途,金錢類,地址,聯絡電話,應揭露之支出對象,支出對象之內部人員姓名,支出對象之內部人員職稱,政黨之內部人員姓名,政黨之內部人員職稱,關係,更正註記,資料更正日期
1,江鑒育,111年基隆市議員選舉,首次申報,1110902,宣傳支出,立成影印刻印行,74849894,0.00,9600.00,,,,製作競選物品或宣傳廣告費用（物品名稱-廣告貼紙）,金錢,基隆市七堵區****,02-2*****,否,,,,,,,
2,江鑒育,111年基隆市議員選舉,首次申報,1110903,雜支支出,來來商店,00833708,0.00,8900.00,,,,餐飲費用,金錢,基隆市信二路****,02-2*****,否,,,,,,,
3,江鑒育,111年基隆市議員選舉,首次申報,1110910,雜支支出,來來商店,00833708,0.00,9100.00,,,,餐飲費用,金錢,基隆市信二路****,02-2*****,否,,,,,,,
4,江鑒育,111年基隆市議員選舉,首次申報,1110915,宣傳支出,立成影印刻印行,74849894,0.00,7000.00,,,,製作競選物品或宣傳廣告費用（物品名稱-口罩標籤）,金錢,基隆市七堵區****,02-2*****,否,,,,,,,
5,江鑒育,111年基隆市議員選舉,首次申報,1111001,雜支支出,來來商店,00833708,0.00,9300.00,,,,餐飲費用,金錢,基隆市信二路****,02-2*****,否,,,,,,,
6,江鑒育,111年基隆市議員選舉,首次申報,1111009,宣傳支出,立成影印刻印行,74849894,0.00,8000.00,,,,製作競選物品或宣傳廣告費用（物品名稱-廣告設計費）,金錢,基隆市七堵區****,02-2*****,否,,,,,,,
7,江鑒育,111年基隆市議員選舉,首次申報,1111012,宣傳支出,立成影印刻印行,74849894,0.00,10000.00,,,,製作競選物品或宣傳廣告費用（物品名稱-文宣印刷）,金錢,基隆市七堵區****,02-2*****,否,,,,,,,
8,江鑒育,111年基隆市議員選舉,首次申報,1111015,宣傳支出,萬金商行,10082661,0.00,5000.00,,,,製作競選物品或宣傳廣告費用（物品名稱-不織布購物袋）,金錢,基隆市中正區****,02-2*****,否,,,,,,,
9,江鑒育,111年基隆市議員選舉,首次申報,1111020,宣傳支出,立成影印刻印行,74849894,0.00,10000.00,,,,廣告帆布製作(幅),金錢,基隆市七堵區****,02-2*****,否,,,,,,,
10,江鑒育,111年基隆市議員選舉,首次申報,1111025,宣傳支出,立成影印刻印行,74849894,0.00,10000.00,,,,廣告帆布製作(幅),金錢,基隆市七堵區****,02-2*****,否,,,,,,,
11,江鑒育,111年基隆市議員選舉,首次申報,1111027,宣傳支出,順易利實業有限公司,16734752,0.00,25000.00,,,,製作競選物品或宣傳廣告費用（物品名稱-廣告口罩）,金錢,台北市大安區****,02-2*****,否,,,,,,,
12,江鑒育,111年基隆市議員選舉,首次申報,1111101,雜支支出,來來商店,00833708,0.00,8600.00,,,,餐飲費用,金錢,基隆市信二路****,02-2*****,否,,,,,,,
13,江鑒育,111年基隆市議員選舉,首次申報,1111101,雜支支出,萬金商行,10082661,0.00,6000.00,,,,工作人員選舉背心(件),金錢,基隆市中正區****,02-2*****,否,,,,,,,
14,江鑒育,111年基隆市議員選舉,首次申報,1111101,租用競選辦事處支出,李秀鈴,A22*******,0.00,75000.00,,,,租用競選辦事處費用,金錢,基隆市信義區****,0918*****,否,,,,,,,
15,江鑒育,111年基隆市議員選舉,首次申報,1111105,宣傳支出,基隆愛三路郵局,,0.00,2304.00,,,,郵寄競選物品或宣傳廣告費用,金錢,基隆市仁愛區****,,否,,,,,,,
16,江鑒育,111年基隆市議員選舉,首次申報,1111107,宣傳支出,基隆愛三路郵局,,0.00,6030.00,,,,郵寄競選物品或宣傳廣告費用,金錢,基隆市仁愛區****,,否,,,,,,,
17,江鑒育,111年基隆市議員選舉,首次申報,1111109,宣傳支出,東昇禮品社,98117519,0.00,90000.00,,,,製作競選物品或宣傳廣告費用（物品名稱-廣告布條-條）,金錢,基隆市中正區****,02-0*****,否,,,,,,,
18,江鑒育,111年基隆市議員選舉,首次申報,1111112,宣傳支出,萬金商行,10082661,0.00,5000.00,,,,製作競選物品或宣傳廣告費用（物品名稱-不織布購物袋）,金錢,基隆市中正區****,02-2*****,否,,,,,,,
19,江鑒育,111年基隆市議員選舉,首次申報,1111112,宣傳支出,立成影印刻印行,74849894,0.00,10000.00,,,,製作競選物品或宣傳廣告費用（物品名稱-文宣印刷）,金錢,基隆市七堵區****,02-2*****,否,,,,,,,
20,江鑒育,111年基隆市議員選舉,首次申報,1111115,雜支支出,來來商店,00833708,0.00,8800.00,,,,餐飲費用,金錢,基隆市信二路****,02-2*****,否,,,,,,,
21,江鑒育,111年基隆市議員選舉,首次申報,1111116,宣傳支出,順易利實業有限公司,16734752,0.00,50000.00,,,,製作競選物品或宣傳廣告費用（物品名稱-廣告口罩）,金錢,台北市大安區****,02-2*****,否,,,,,,,
22,江鑒育,111年基隆市議員選舉,首次申報,1111122,宣傳支出,吉祥廣告社,98099126,0.00,17120.00,,,,製作競選物品或宣傳廣告費用（物品名稱-貼紙、帆布等）,金錢,基隆市義一路****,02-2*****,否,,,,,,,
23,江鑒育,111年基隆市議員選舉,首次申報,1111130,宣傳支出,品澄國際有限公司,24410356,0.00,40471.00,,,,租用廣告看板,金錢,基隆市安樂區****,,否,,,,,,,
