﻿序號,擬參選人／政黨,選舉名稱,申報序號／年度,交易日期,收支科目,捐贈者／支出對象,身分證／統一編號,收入金額,支出金額,捐贈方式,存入專戶日期,返還/繳庫,支出用途,金錢類,地址,聯絡電話,應揭露之支出對象,支出對象之內部人員姓名,支出對象之內部人員職稱,政黨之內部人員姓名,政黨之內部人員職稱,關係,更正註記,資料更正日期
1,江鑒育,111年基隆市議員選舉,首次申報,1111111,營利事業捐贈收入,嘉豐電器有限公司,45103240,2000.00,0.00,現金,1111122,,,金錢,基隆市東信路****,,,,,,,,,
2,江鑒育,111年基隆市議員選舉,首次申報,1111111,個人捐贈收入,劉明俊,C12*******,10000.00,0.00,現金,1111122,,,金錢,基隆市信義區****,0988*****,,,,,,,,
3,江鑒育,111年基隆市議員選舉,首次申報,1111111,個人捐贈收入,張新枝,G10*******,20000.00,0.00,現金,1111122,,,金錢,基隆市七堵區****,0933*****,,,,,,,,
4,江鑒育,111年基隆市議員選舉,首次申報,1111112,個人捐贈收入,潘國城,C10*******,2000.00,0.00,現金,1111122,,,金錢,基隆市中正路****,,,,,,,,,
5,江鑒育,111年基隆市議員選舉,首次申報,1111112,個人捐贈收入,徐德厚,C10*******,3000.00,0.00,現金,1111122,,,金錢,基隆市信六路****,0932*****,,,,,,,,
6,江鑒育,111年基隆市議員選舉,首次申報,1111112,個人捐贈收入,潘家齊,C12*******,3000.00,0.00,現金,1111122,,,金錢,基隆市愛一路****,0928*****,,,,,,,,
7,江鑒育,111年基隆市議員選舉,首次申報,1111112,個人捐贈收入,陳文鴦,C20*******,6000.00,0.00,現金,1111122,,,金錢,基隆市信義區****,0917*****,,,,,,,,
8,江鑒育,111年基隆市議員選舉,首次申報,1111112,個人捐贈收入,林寶鳳,F20*******,10000.00,0.00,現金,1111122,,,金錢,新北市瑞芳區****,0920*****,,,,,,,,
9,江鑒育,111年基隆市議員選舉,首次申報,1111112,個人捐贈收入,何文心,L22*******,1600.00,0.00,現金,1111122,,,金錢,基隆市信義區****,0975*****,,,,,,,,
10,江鑒育,111年基隆市議員選舉,首次申報,1111112,個人捐贈收入,謝天珠,Q10*******,5000.00,0.00,現金,1111122,,,金錢,基隆市信義區****,0922*****,,,,,,,,
11,江鑒育,111年基隆市議員選舉,首次申報,1111112,個人捐贈收入,邱吉萍,Z10*******,1000.00,0.00,現金,1111122,,,金錢,基隆市中山區****,0912*****,,,,,,,,
12,江鑒育,111年基隆市議員選舉,首次申報,1111113,個人捐贈收入,巫自來油,N10*******,6000.00,0.00,現金,1111122,,,金錢,基隆市信一路****,,,,,,,,,
13,江鑒育,111年基隆市議員選舉,首次申報,1111114,人民團體捐贈收入,基隆市信義區婦女會,,1500.00,0.00,現金,1111122,,,金錢,基隆市信義區****,2424*****,,,,,,,,
14,江鑒育,111年基隆市議員選舉,首次申報,1111114,個人捐贈收入,謝淑敏,C22*******,3000.00,0.00,現金,1111122,,,金錢,基隆市教街巷****,0937*****,,,,,,,,
