﻿序號,擬參選人／政黨,選舉名稱,申報序號／年度,交易日期,收支科目,捐贈者／支出對象,身分證／統一編號,收入金額,支出金額,支出用途,金錢類,地址,聯絡電話,資料更正日期
1,林燕聰,107年縣(市)議員選舉,首次申報,1070613,雜支支出,大邁文創,24612753,0.00,962.00,餐飲費用,金錢,,,
2,林燕聰,107年縣(市)議員選舉,首次申報,1070705,雜支支出,大邁文創,24536127,0.00,275.00,餐飲費用,金錢,,,
3,林燕聰,107年縣(市)議員選舉,首次申報,1070708,雜支支出,大邁文創,24612753,0.00,466.00,餐飲費用,金錢,,,
4,林燕聰,107年縣(市)議員選舉,首次申報,1070716,人事費用支出,林賢政,J12*******,0.00,60000.00,工資或薪津,金錢,新竹縣竹北市****,,
5,林燕聰,107年縣(市)議員選舉,首次申報,1070802,雜支支出,大邁文創,24612753,0.00,250.00,餐飲費用,金錢,,,
6,林燕聰,107年縣(市)議員選舉,首次申報,1070806,雜支支出,福興鎖匙刻印行,99012605,0.00,300.00,雜項購置或修繕費用,金錢,,,
7,林燕聰,107年縣(市)議員選舉,首次申報,1070807,雜支支出,六家五金百貨,26145115,0.00,370.00,雜項購置或修繕費用,金錢,,,
8,林燕聰,107年縣(市)議員選舉,首次申報,1070807,雜支支出,榮華燒臘快餐,26147726,0.00,2000.00,便當,金錢,新竹縣竹北市****,,
9,林燕聰,107年縣(市)議員選舉,首次申報,1070807,宣傳支出,心動廣播股份有限公司,89533774,0.00,30000.00,播送、傳送或刊登宣傳廣告支出,金錢,新竹市關新路****,,
10,林燕聰,107年縣(市)議員選舉,首次申報,1070807,人事費用支出,王淑靜,N22*******,0.00,2775.00,工資或薪津,金錢,新竹縣竹北市****,,
11,林燕聰,107年縣(市)議員選舉,首次申報,1070817,宣傳支出,魏國忠,,0.00,20000.00,租用廣告看板(外牆),金錢,新竹縣竹北市****,,
12,林燕聰,107年縣(市)議員選舉,首次申報,1070818,雜支支出,7-11,16094778,0.00,298.00,飲料,金錢,,,
13,林燕聰,107年縣(市)議員選舉,首次申報,1070823,雜支支出,六家五金百貨,26145115,0.00,175.00,雜項購置或修繕費用,金錢,,,
14,林燕聰,107年縣(市)議員選舉,首次申報,1070825,雜支支出,六家五金百貨,26145115,0.00,332.00,雜項購置或修繕費用,金錢,,,
15,林燕聰,107年縣(市)議員選舉,首次申報,1070828,雜支支出,巨煒文具有限公司,55911636,0.00,48.00,文具用品費用,金錢,,,
16,林燕聰,107年縣(市)議員選舉,首次申報,1070830,雜支支出,文具大王企業社,26145467,0.00,596.00,文具用品費用,金錢,,,
17,林燕聰,107年縣(市)議員選舉,首次申報,1070831,雜支支出,台灣電力公司,,0.00,2440.00,水電瓦斯費用,金錢,,,
18,林燕聰,107年縣(市)議員選舉,首次申報,1070831,雜支支出,福興鎖匙刻印行,99012605,0.00,240.00,雜項購置或修繕費用,金錢,,,
19,林燕聰,107年縣(市)議員選舉,首次申報,1070901,雜支支出,六家五金百貨,26145115,0.00,50.00,雜項購置或修繕費用,金錢,,,
20,林燕聰,107年縣(市)議員選舉,首次申報,1070901,雜支支出,東東平價水果,41168811,0.00,310.00,餐飲費用,金錢,,,
21,林燕聰,107年縣(市)議員選舉,首次申報,1070901,租用競選辦事處支出,林家豪,J12*******,0.00,60000.00,租用競選辦事處費用,金錢,新竹縣竹北市****,,
22,林燕聰,107年縣(市)議員選舉,首次申報,1070902,雜支支出,六家五金百貨,26145115,0.00,30.00,雜項購置或修繕費用,金錢,,,
23,林燕聰,107年縣(市)議員選舉,首次申報,1070902,雜支支出,麥當勞,28976656,0.00,293.00,餐費,金錢,,,
24,林燕聰,107年縣(市)議員選舉,首次申報,1070904,雜支支出,辣王食坊,56667821,0.00,564.00,餐費,金錢,,,
25,林燕聰,107年縣(市)議員選舉,首次申報,1070905,雜支支出,浩竣水電工程行,40981063,0.00,38273.00,雜項購置或修繕費用,金錢,新竹縣竹東鎮****,,
26,林燕聰,107年縣(市)議員選舉,首次申報,1070905,宣傳支出,博軒股份有限公司,53227189,0.00,13890.00,製作競選物品支出（競選團隊上衣）,金錢,臺北市中山區****,,
27,林燕聰,107年縣(市)議員選舉,首次申報,1070906,宣傳支出,歡樂揪客企業社,42004014,0.00,4100.00,製作競選物品支出（氣球）,金錢,宜蘭縣頭城鎮****,,
28,林燕聰,107年縣(市)議員選舉,首次申報,1070906,雜支支出,華生水資源生技股份有限公司,86367821,0.00,5000.00,飲用水,金錢,臺北市內湖區****,,
29,林燕聰,107年縣(市)議員選舉,首次申報,1070907,雜支支出,必勝客,24450666,0.00,899.00,餐費,金錢,,,
30,林燕聰,107年縣(市)議員選舉,首次申報,1070910,雜支支出,溫州大餛飩,37829543,0.00,360.00,餐費,金錢,,,
31,林燕聰,107年縣(市)議員選舉,首次申報,1070910,人事費用支出,黃楓升,H12*******,0.00,13050.00,工資或薪津,金錢,新竹縣竹北市****,1305*****,
32,林燕聰,107年縣(市)議員選舉,首次申報,1070910,人事費用支出,林賢政,J12*******,0.00,30000.00,工資或薪津,金錢,新竹縣竹北市****,,
33,林燕聰,107年縣(市)議員選舉,首次申報,1070910,人事費用支出,林秀青,J12*******,0.00,22200.00,工資或薪津,金錢,新竹縣竹北市****,,
34,林燕聰,107年縣(市)議員選舉,首次申報,1070910,人事費用支出,黎月嬌,J20*******,0.00,22200.00,工資或薪津,金錢,新竹縣竹北市****,,
35,林燕聰,107年縣(市)議員選舉,首次申報,1070910,人事費用支出,王淑靜,N22*******,0.00,6300.00,工資或薪津,金錢,新竹縣竹北市****,,
36,林燕聰,107年縣(市)議員選舉,首次申報,1070911,雜支支出,竹北市農會推廣供銷中心,26586597,0.00,293.00,餅干,金錢,,,
37,林燕聰,107年縣(市)議員選舉,首次申報,1070911,雜支支出,鬍鬚張,52601975,0.00,138.00,餐費,金錢,新竹縣****,,
38,林燕聰,107年縣(市)議員選舉,首次申報,1070912,雜支支出,鬍鬚張,52601975,0.00,402.00,餐費,金錢,,,
39,林燕聰,107年縣(市)議員選舉,首次申報,1070919,雜支支出,大邁文創,24612753,0.00,268.00,餐費,金錢,,,
40,林燕聰,107年縣(市)議員選舉,首次申報,1070920,雜支支出,六家五金百貨商行,26145115,0.00,368.00,雜項購置或修繕費用,金錢,,,
41,林燕聰,107年縣(市)議員選舉,首次申報,1070920,雜支支出,文具大王企業社,26145467,0.00,1027.00,文具用品費用,金錢,,,
42,林燕聰,107年縣(市)議員選舉,首次申報,1070920,宣傳支出,黎歐創意有限公司,27582970,0.00,21630.00,製作競選物品支出（人型立牌乙批）,金錢,新竹縣竹北市****,,
43,林燕聰,107年縣(市)議員選舉,首次申報,1070924,雜支支出,必勝客,24450666,0.00,717.00,餐費,金錢,,,
44,林燕聰,107年縣(市)議員選舉,首次申報,1070927,雜支支出,六家五金百貨商行,26145115,0.00,1756.00,雜項購置或修繕費用,金錢,,,
45,林燕聰,107年縣(市)議員選舉,首次申報,1070930,雜支支出,KFC,16841269,0.00,129.00,餐費,金錢,,,
46,林燕聰,107年縣(市)議員選舉,首次申報,1071002,宣傳支出,龍川廣告社,13499987,0.00,6000.00,製作宣傳廣告支出,金錢,新竹縣竹北市****,,
47,林燕聰,107年縣(市)議員選舉,首次申報,1071003,宣傳支出,真心企業商行,26146135,0.00,15750.00,製作競選物品支出（口罩個）,金錢,新竹縣竹北市****,,
48,林燕聰,107年縣(市)議員選舉,首次申報,1071004,雜支支出,大邁文創,24612753,0.00,2190.00,餐飲費用,金錢,,,
49,林燕聰,107年縣(市)議員選舉,首次申報,1071005,宣傳支出,龍川廣告社,13499987,0.00,10000.00,製作宣傳廣告支出,金錢,新竹縣竹北市****,,
50,林燕聰,107年縣(市)議員選舉,首次申報,1071005,雜支支出,大邁文創股份有限公司,24612753,0.00,260.00,餐飲費用,金錢,,,
51,林燕聰,107年縣(市)議員選舉,首次申報,1071005,雜支支出,大邁文創股份有限公司,24612753,0.00,650.00,餐飲費用,金錢,,,
52,林燕聰,107年縣(市)議員選舉,首次申報,1071005,雜支支出,浩竣水電工程行,40981063,0.00,14805.00,雜項購置或修繕費用,金錢,新竹縣竹東鎮****,,
53,林燕聰,107年縣(市)議員選舉,首次申報,1071009,返還支出,沈淑芳,,0.00,16800.00,返還,金錢,新竹縣竹北市****,,
54,林燕聰,107年縣(市)議員選舉,首次申報,1071009,雜支支出,大邁文創,24612753,0.00,2126.00,餐飲費用,金錢,,,
55,林燕聰,107年縣(市)議員選舉,首次申報,1071009,人事費用支出,黃楓升,H12*******,0.00,8100.00,工資或薪津,金錢,新竹縣竹北市****,,
56,林燕聰,107年縣(市)議員選舉,首次申報,1071009,人事費用支出,王淑靜,N22*******,0.00,6000.00,工資或薪津,金錢,新竹縣竹北市****,,
57,林燕聰,107年縣(市)議員選舉,首次申報,1071010,宣傳支出,LINE,24556886,0.00,1888.00,LINE宣傳廣告支出,金錢,,,
58,林燕聰,107年縣(市)議員選舉,首次申報,1071010,人事費用支出,林秀青,J12*******,0.00,26000.00,工資或薪津,金錢,新竹縣竹北市****,,
59,林燕聰,107年縣(市)議員選舉,首次申報,1071010,人事費用支出,林賢政,J12*******,0.00,36000.00,工資或薪津,金錢,新竹縣竹北市****,,
60,林燕聰,107年縣(市)議員選舉,首次申報,1071011,雜支支出,竹北市農會推廣供銷中心,26586597,0.00,175.00,飲料,金錢,,,
61,林燕聰,107年縣(市)議員選舉,首次申報,1071011,雜支支出,KFC,43033918,0.00,131.00,餐費,金錢,,,
62,林燕聰,107年縣(市)議員選舉,首次申報,1071011,宣傳支出,長頸鹿整合行銷有限公司,61095534,0.00,39900.00,播送、傳送或刊登宣傳廣告支出,金錢,臺中市北區中****,,
63,林燕聰,107年縣(市)議員選舉,首次申報,1071011,交通旅運支出,鳳崎加油站,84227662,0.00,105.00,油資,金錢,,,
64,林燕聰,107年縣(市)議員選舉,首次申報,1071011,人事費用支出,黎月嬌,J20*******,0.00,22000.00,工資或薪津,金錢,新竹縣竹北市****,,
65,林燕聰,107年縣(市)議員選舉,首次申報,1071018,雜支支出,大邁文創股份有限公司,24612753,0.00,1693.00,餐飲費用,金錢,,,
66,林燕聰,107年縣(市)議員選舉,首次申報,1071018,雜支支出,大邁文創,24612753,0.00,268.00,餐飲費用,金錢,,,
67,林燕聰,107年縣(市)議員選舉,首次申報,1071018,雜支支出,六家五金百貨商行,26145115,0.00,199.00,雜項購置或修繕費用,金錢,,,
68,林燕聰,107年縣(市)議員選舉,首次申報,1071018,雜支支出,MOSBURGER,29042177,0.00,300.00,餐飲費用,金錢,,,
69,林燕聰,107年縣(市)議員選舉,首次申報,1071019,雜支支出,COSTCO,28435913,0.00,589.00,雜項購置或修繕費用,金錢,,,
70,林燕聰,107年縣(市)議員選舉,首次申報,1071019,雜支支出,有飯開小吃,40985201,0.00,888.00,餐飲費用,金錢,,,
71,林燕聰,107年縣(市)議員選舉,首次申報,1071020,雜支支出,KFC,16841269,0.00,408.00,餐飲費用,金錢,,,
72,林燕聰,107年縣(市)議員選舉,首次申報,1071021,雜支支出,文具大王企業社,26145467,0.00,56.00,文具用品費用,金錢,,,
73,林燕聰,107年縣(市)議員選舉,首次申報,1071021,雜支支出,文具世界島,42056820,0.00,80.00,文具用品費用,金錢,,,
74,林燕聰,107年縣(市)議員選舉,首次申報,1071022,雜支支出,鬍鬚張,52601975,0.00,317.00,餐飲費用,金錢,,,
75,林燕聰,107年縣(市)議員選舉,首次申報,1071023,雜支支出,六家五金百貨,26145115,0.00,328.00,雜項購置或修繕費用,金錢,,,
76,林燕聰,107年縣(市)議員選舉,首次申報,1071023,雜支支出,四海遊龍,31786069,0.00,149.00,餐飲費用,金錢,,,
77,林燕聰,107年縣(市)議員選舉,首次申報,1071023,雜支支出,和眾商行,40982464,0.00,135.00,雜項購置或修繕費用,金錢,,,
78,林燕聰,107年縣(市)議員選舉,首次申報,1071024,公共關係費用支出,金華花市禮品店,02767660,0.00,45030.00,聯誼交際費用(好彩頭),金錢,新竹縣竹北市****,,
79,林燕聰,107年縣(市)議員選舉,首次申報,1071024,宣傳支出,韋成企業社,26144636,0.00,28350.00,製作競選物品支出（口罩）,金錢,新竹縣竹北市****,,
80,林燕聰,107年縣(市)議員選舉,首次申報,1071024,雜支支出,六家五金百貨,26145115,0.00,1182.00,雜項購置或修繕費用,金錢,,,
81,林燕聰,107年縣(市)議員選舉,首次申報,1071024,雜支支出,六家五金百貨,26145115,0.00,300.00,雜項購置或修繕費用,金錢,,,
82,林燕聰,107年縣(市)議員選舉,首次申報,1071024,雜支支出,鬍鬚張,52601975,0.00,364.00,餐飲費用,金錢,,,
83,林燕聰,107年縣(市)議員選舉,首次申報,1071025,雜支支出,寶雅,24807835,0.00,80.00,雜項購置或修繕費用,金錢,,,
84,林燕聰,107年縣(市)議員選舉,首次申報,1071025,雜支支出,六家五金,26145115,0.00,90.00,雜項購置或修繕費用,金錢,,,
85,林燕聰,107年縣(市)議員選舉,首次申報,1071025,雜支支出,六家五金,26145115,0.00,120.00,雜項購置或修繕費用,金錢,,,
86,林燕聰,107年縣(市)議員選舉,首次申報,1071025,雜支支出,文具大王企業社,26145467,0.00,56.00,文具用品費用,金錢,,,
87,林燕聰,107年縣(市)議員選舉,首次申報,1071025,宣傳支出,黎歐創意有限公司,27582970,0.00,18605.00,製作競選物品支出（大旗、貼紙、拜訪卡、派報）,金錢,新竹縣竹北市****,,
88,林燕聰,107年縣(市)議員選舉,首次申報,1071025,雜支支出,和眾商行,40982464,0.00,105.00,雜項購置或修繕費用,金錢,,,
89,林燕聰,107年縣(市)議員選舉,首次申報,1071025,雜支支出,競選總部,J22*******,0.00,1000.00,競選活動核銷,非金錢,新竹縣竹北市****,,
90,林燕聰,107年縣(市)議員選舉,首次申報,1071026,雜支支出,鬍鬚張,52601975,0.00,254.00,餐飲費用,金錢,,,
91,林燕聰,107年縣(市)議員選舉,首次申報,1071026,雜支支出,侑日快餐屋,82008711,0.00,320.00,餐飲費用,金錢,,,
92,林燕聰,107年縣(市)議員選舉,首次申報,1071027,交通旅運支出,六家加油站,130720006,0.00,112.00,油資,金錢,,,
93,林燕聰,107年縣(市)議員選舉,首次申報,1071027,交通旅運支出,全國加油站,14829629,0.00,100.00,油資,金錢,,,
94,林燕聰,107年縣(市)議員選舉,首次申報,1071027,雜支支出,全國加油站,14829629,0.00,1187.00,汽機車燃料費用,金錢,,,
95,林燕聰,107年縣(市)議員選舉,首次申報,1071027,雜支支出,六家五金百貨商行,26145115,0.00,1248.00,雜項購置或修繕費用,金錢,,,
96,林燕聰,107年縣(市)議員選舉,首次申報,1071027,雜支支出,晶園排骨,66867572,0.00,480.00,餐飲費用,金錢,,,
97,林燕聰,107年縣(市)議員選舉,首次申報,1071028,雜支支出,台灣電力,46616303,0.00,4485.00,水電瓦斯費用,金錢,,,
98,林燕聰,107年縣(市)議員選舉,首次申報,1071029,雜支支出,福興鎖匙刻印行,99012605,0.00,470.00,雜項購置或修繕費用,金錢,,,
99,林燕聰,107年縣(市)議員選舉,首次申報,1071030,雜支支出,家樂福,16083809,0.00,2690.00,雜項購置或修繕費用,金錢,,,
100,林燕聰,107年縣(市)議員選舉,首次申報,1071030,雜支支出,大邁文創股份有限公司,24612753,0.00,834.00,餐飲費用,金錢,,,
101,林燕聰,107年縣(市)議員選舉,首次申報,1071031,雜支支出,家樂福,16083809,0.00,1310.00,雜項購置或修繕費用,金錢,,,
102,林燕聰,107年縣(市)議員選舉,首次申報,1071031,雜支支出,必勝客,24450666,0.00,565.00,餐飲費用,金錢,,,
103,林燕聰,107年縣(市)議員選舉,首次申報,1071031,雜支支出,大邁文創股份有限公司,24612753,0.00,385.00,餐飲費用,金錢,,,
104,林燕聰,107年縣(市)議員選舉,首次申報,1071031,雜支支出,全聯,51754500,0.00,255.00,雜項購置或修繕費用,金錢,,,
105,林燕聰,107年縣(市)議員選舉,首次申報,1071031,雜支支出,鬍鬚張,52601975,0.00,243.00,餐飲費用,金錢,,,
106,林燕聰,107年縣(市)議員選舉,首次申報,1071101,租用競選辦事處支出,銘峰電器行,31788974,0.00,5000.00,冷氣安裝費用(租用),金錢,新竹縣竹東鎮****,,
107,林燕聰,107年縣(市)議員選舉,首次申報,1071101,集會支出,香衛飲食店,50560457,0.00,15000.00,餐飲支出,金錢,,,
108,林燕聰,107年縣(市)議員選舉,首次申報,1071101,集會支出,香衛飲食店,50560457,0.00,15000.00,餐飲支出,金錢,,,
109,林燕聰,107年縣(市)議員選舉,首次申報,1071102,雜支支出,美福堡漢堡店,,0.00,520.00,餐飲費用,金錢,,0355*****,
110,林燕聰,107年縣(市)議員選舉,首次申報,1071102,宣傳支出,LINE,24556886,0.00,1888.00,LINE宣傳廣告支出,金錢,,,
111,林燕聰,107年縣(市)議員選舉,首次申報,1071102,雜支支出,燦坤3C,28433458,0.00,590.00,三腳架自拍組,金錢,,,
112,林燕聰,107年縣(市)議員選舉,首次申報,1071102,雜支支出,MOSBURGER,50633888,0.00,375.00,餐飲費用,金錢,,,
113,林燕聰,107年縣(市)議員選舉,首次申報,1071103,雜支支出,沐沁小館,10522730,0.00,946.00,餐飲費用,金錢,,,
114,林燕聰,107年縣(市)議員選舉,首次申報,1071103,雜支支出,大邁文創股份有限公司,24612753,0.00,415.00,餐飲費用,金錢,,,
115,林燕聰,107年縣(市)議員選舉,首次申報,1071103,雜支支出,大邁文創股份有限公司,24612753,0.00,268.00,餐飲費用,金錢,,,
116,林燕聰,107年縣(市)議員選舉,首次申報,1071103,宣傳支出,亞太廣播股份有限公司,70729756,0.00,19030.00,播送、傳送或刊登宣傳廣告支出,金錢,新竹縣竹北市****,,
117,林燕聰,107年縣(市)議員選舉,首次申報,1071104,雜支支出,美福堡漢堡店,,0.00,200.00,餐飲費用,金錢,,5500*****,
118,林燕聰,107年縣(市)議員選舉,首次申報,1071104,雜支支出,六家書局,17323378,0.00,500.00,雜項購置或修繕費用,金錢,,,
119,林燕聰,107年縣(市)議員選舉,首次申報,1071104,雜支支出,川井鐵板燒,31412597,0.00,660.00,餐飲費用,金錢,,,
120,林燕聰,107年縣(市)議員選舉,首次申報,1071104,雜支支出,和新麵食館,82008542,0.00,190.00,餐飲費用,金錢,,,
121,林燕聰,107年縣(市)議員選舉,首次申報,1071105,租用競選辦事處支出,銘峰電器行,31788974,0.00,7000.00,冷氣安裝費用(租用),金錢,,,
122,林燕聰,107年縣(市)議員選舉,首次申報,1071106,雜支支出,誠心企業商行,40982160,0.00,1300.00,參選人肩帶,金錢,新竹縣湖口鄉****,,
123,林燕聰,107年縣(市)議員選舉,首次申報,1071106,雜支支出,麥可茶舖,50687912,0.00,680.00,餐飲費用,金錢,,,
124,林燕聰,107年縣(市)議員選舉,首次申報,1071106,雜支支出,華生水資源生技股份有限公司,86367821,0.00,3999.00,餐飲費用,金錢,臺北市內湖區****,,
125,林燕聰,107年縣(市)議員選舉,首次申報,1071106,宣傳支出,飛揚廣播股份有限公司,89773725,0.00,27030.00,播送、傳送或刊登宣傳廣告支出,金錢,桃園市桃園區****,,
126,林燕聰,107年縣(市)議員選舉,首次申報,1071106,人事費用支出,黃楓升,H12*******,0.00,5250.00,工資或薪津,金錢,新竹縣竹北市****,,
127,林燕聰,107年縣(市)議員選舉,首次申報,1071106,人事費用支出,林賢政,J12*******,0.00,36000.00,工資或薪津,金錢,新竹縣竹北市****,,
128,林燕聰,107年縣(市)議員選舉,首次申報,1071106,人事費用支出,王淑靜,N22*******,0.00,13725.00,工資或薪津,金錢,新竹縣竹北市****,,
129,林燕聰,107年縣(市)議員選舉,首次申報,1071107,雜支支出,中華電信,,0.00,293.00,電信費用,金錢,,,
130,林燕聰,107年縣(市)議員選舉,首次申報,1071107,雜支支出,中華電信,,0.00,673.00,電信費用,金錢,,,
131,林燕聰,107年縣(市)議員選舉,首次申報,1071107,宣傳支出,韋成企業社,26144636,0.00,7088.00,製作競選物品支出（口罩）,金錢,新竹縣竹北市****,,
132,林燕聰,107年縣(市)議員選舉,首次申報,1071107,雜支支出,鬍鬚張,52601975,0.00,349.00,餐飲費用,金錢,,,
133,林燕聰,107年縣(市)議員選舉,首次申報,1071107,宣傳支出,風城廣告事業社,78249267,0.00,71400.00,播送、傳送或刊登宣傳廣告支出,金錢,新竹市民富里****,,
134,林燕聰,107年縣(市)議員選舉,首次申報,1071107,人事費用支出,黃淑鈴,Q22*******,0.00,26175.00,工資或薪津,金錢,新竹縣新豐鄉****,,
135,林燕聰,107年縣(市)議員選舉,首次申報,1071108,宣傳支出,黎歐創意有限公司,27582970,0.00,6300.00,製作競選物品支出（拜訪卡）,金錢,,,
136,林燕聰,107年縣(市)議員選舉,首次申報,1071108,租用競選辦事處支出,銘峰電器行,31788974,0.00,6000.00,冷氣安裝(租用),金錢,,,
137,林燕聰,107年縣(市)議員選舉,首次申報,1071108,雜支支出,仩品精緻便當,50555243,0.00,360.00,餐飲費用,金錢,,,
138,林燕聰,107年縣(市)議員選舉,首次申報,1071108,租用宣傳車輛支出,風城廣告事業社,78249267,0.00,1050.00,LED燈管,金錢,,,
139,林燕聰,107年縣(市)議員選舉,首次申報,1071108,人事費用支出,林秀青,J12*******,0.00,26000.00,工資或薪津,金錢,新竹縣竹北市****,,
140,林燕聰,107年縣(市)議員選舉,首次申報,1071109,雜支支出,MCDONALDS,28976656,0.00,232.00,餐飲費用,金錢,,,
141,林燕聰,107年縣(市)議員選舉,首次申報,1071109,雜支支出,和眾商行,40982464,0.00,330.00,雜項購置或修繕費用,金錢,,,
142,林燕聰,107年縣(市)議員選舉,首次申報,1071109,雜支支出,全國電子,63657363,0.00,3890.00,雜項購置或修繕費用,金錢,,,
143,林燕聰,107年縣(市)議員選舉,首次申報,1071109,人事費用支出,黃冠霖,J12*******,0.00,4275.00,工資或薪津,金錢,新竹縣竹北市****,,
144,林燕聰,107年縣(市)議員選舉,首次申報,1071110,公共關係費用支出,白地生花坊,19659525,0.00,38000.00,聯誼交際費用,金錢,新竹縣竹北市****,,
145,林燕聰,107年縣(市)議員選舉,首次申報,1071110,雜支支出,麥當勞,28976656,0.00,154.00,餐飲費用,金錢,,,
146,林燕聰,107年縣(市)議員選舉,首次申報,1071110,宣傳支出,風城廣告事業社,78249267,0.00,3150.00,擴音設備租用,金錢,新竹市民富街****,,
147,林燕聰,107年縣(市)議員選舉,首次申報,1071110,雜支支出,日之味商行,82007473,0.00,1600.00,餐飲費用,金錢,新竹縣竹北市****,,
148,林燕聰,107年縣(市)議員選舉,首次申報,1071112,人事費用支出,黎月嬌,J20*******,0.00,22000.00,工資或薪津,金錢,新竹縣竹北市****,,
149,林燕聰,107年縣(市)議員選舉,首次申報,1071113,租用競選辦事處支出,銘峰電器行,31788974,0.00,8000.00,冷氣安裝(租用),金錢,,,
150,林燕聰,107年縣(市)議員選舉,首次申報,1071113,雜支支出,DOMINOS,53145173,0.00,650.00,餐飲費用,金錢,,,
151,林燕聰,107年縣(市)議員選舉,首次申報,1071116,雜支支出,原味紅燒牛肉麵館,,0.00,750.00,餐飲費用,金錢,,0981*****,
152,林燕聰,107年縣(市)議員選舉,首次申報,1071116,交通旅運支出,六家加油站,13072006,0.00,1500.00,油資,金錢,,,
153,林燕聰,107年縣(市)議員選舉,首次申報,1071117,雜支支出,開源企業社,,0.00,480.00,餐飲費用,金錢,,0983*****,
154,林燕聰,107年縣(市)議員選舉,首次申報,1071117,雜支支出,文具大王企業社,26145467,0.00,80.00,文具用品費用,金錢,,,
155,林燕聰,107年縣(市)議員選舉,首次申報,1071117,雜支支出,四海遊龍,31786069,0.00,240.00,餐飲費用,金錢,,,
156,林燕聰,107年縣(市)議員選舉,首次申報,1071118,宣傳支出,原創視覺設計社,09975538,0.00,10200.00,製作競選物品支出(面紙）,金錢,,,
157,林燕聰,107年縣(市)議員選舉,首次申報,1071119,交通旅運支出,全國加油站,14829629,0.00,944.00,油資,金錢,,,
158,林燕聰,107年縣(市)議員選舉,首次申報,1071119,租用競選辦事處支出,銘峰電器行,31788974,0.00,9000.00,冷氣安裝(租用),金錢,,,
159,林燕聰,107年縣(市)議員選舉,首次申報,1071123,交通旅運支出,十興加油站,02782698,0.00,1000.00,油資,金錢,,,
160,林燕聰,107年縣(市)議員選舉,首次申報,1071123,宣傳支出,輝達行,02786575,0.00,21000.00,製作競選物品支出（看板）,金錢,新竹縣竹北市****,,
161,林燕聰,107年縣(市)議員選舉,首次申報,1071123,宣傳支出,禾酷音樂有限公司,24726643,0.00,84000.00,製作宣傳廣告支出(競選音樂製作),金錢,新北市永和區****,,
162,林燕聰,107年縣(市)議員選舉,首次申報,1071124,雜支支出,六家五金百貨商行,26145115,0.00,520.00,雜項購置或修繕費用,金錢,,,
163,林燕聰,107年縣(市)議員選舉,首次申報,1071124,雜支支出,六家五金百貨商行,26145115,0.00,304.00,雜項購置或修繕費用,金錢,,,
164,林燕聰,107年縣(市)議員選舉,首次申報,1071129,雜支支出,橡樹子企業社,26666472,0.00,6000.00,總部搬運回服務處運費,金錢,,,
165,林燕聰,107年縣(市)議員選舉,首次申報,1071129,宣傳支出,風輕揚創意視覺有限公司,54787245,0.00,6000.00,攝影服務費,金錢,新竹縣竹北市****,0365*****,
166,林燕聰,107年縣(市)議員選舉,首次申報,1071129,人事費用支出,黃楓升,H12*******,0.00,1800.00,工資或薪津,金錢,新竹縣竹北市****,,
167,林燕聰,107年縣(市)議員選舉,首次申報,1071129,人事費用支出,林賢政,J12*******,0.00,36000.00,工資或薪津,金錢,新竹縣竹北市****,,
168,林燕聰,107年縣(市)議員選舉,首次申報,1071129,人事費用支出,林秀青,J12*******,0.00,26000.00,工資或薪津,金錢,新竹縣竹北市****,,
169,林燕聰,107年縣(市)議員選舉,首次申報,1071129,人事費用支出,黎月嬌,J20*******,0.00,15000.00,工資或薪津,金錢,新竹縣竹北市****,,
170,林燕聰,107年縣(市)議員選舉,首次申報,1071129,人事費用支出,王淑靜,N22*******,0.00,13200.00,工資或薪津,金錢,新竹縣竹北市****,,
171,林燕聰,107年縣(市)議員選舉,首次申報,1071129,宣傳支出,殷東成,Q12*******,0.00,14175.00,播送、傳送或刊登宣傳廣告支出(FB服務專頁宣傳),金錢,,,
172,林燕聰,107年縣(市)議員選舉,首次申報,1071130,租用競選辦事處支出,承紘工程行,40982416,0.00,17000.00,裝潢競選辦事處支出(水電工程),金錢,,,
173,林燕聰,107年縣(市)議員選舉,首次申報,1071130,人事費用支出,黃冠霖,J12*******,0.00,25200.00,工資或薪津,金錢,新竹縣竹北市****,,
174,林燕聰,107年縣(市)議員選舉,首次申報,1071130,人事費用支出,黃淑鈴,Q22*******,0.00,16000.00,工資或薪津,金錢,新竹縣新豐鄉****,,
175,林燕聰,107年縣(市)議員選舉,首次申報,1071217,宣傳支出,殷東成,Q12*******,0.00,20394.00,播送、傳送或刊登宣傳廣告支出(FB宣傳),金錢,,,
