﻿序號,擬參選人／政黨,選舉名稱,申報序號／年度,交易日期,收支科目,捐贈者／支出對象,身分證／統一編號,收入金額,支出金額,支出用途,金錢類,地址,聯絡電話,資料更正日期
1,林汝洲,107年直轄市議員選舉,首次申報,1071015,個人捐贈收入,蔣江水,L12*******,50000.00,0.00,,金錢,臺中市龍井區****,0960*****,
2,林汝洲,107年直轄市議員選舉,首次申報,1071015,個人捐贈收入,紀銘坤,L12*******,50000.00,0.00,,金錢,臺中市龍井區****,0960*****,
3,林汝洲,107年直轄市議員選舉,首次申報,1071022,個人捐贈收入,陳林阿鐘,,20000.00,0.00,,金錢,,0426*****,
4,林汝洲,107年直轄市議員選舉,首次申報,1071106,個人捐贈收入,林素蜜,,30000.00,0.00,,金錢,臺中市大肚區****,0426*****,
5,林汝洲,107年直轄市議員選舉,首次申報,1071114,個人捐贈收入,林茂德,L10*******,32000.00,0.00,,金錢,臺中市大肚區****,0426*****,
6,林汝洲,107年直轄市議員選舉,首次申報,1071115,營利事業捐贈收入,御成工業有限公司,16513580,100000.00,0.00,,金錢,臺中市烏日區****,0423*****,
7,林汝洲,107年直轄市議員選舉,首次申報,1071115,營利事業捐贈收入,御成工業有限公司,16513580,100000.00,0.00,,金錢,臺中市烏日區****,,
8,林汝洲,107年直轄市議員選舉,首次申報,1071115,營利事業捐贈收入,鑫揚興實業股份有限公司,84668029,20000.00,0.00,,金錢,臺中市大肚區****,04-2*****,
9,林汝洲,107年直轄市議員選舉,首次申報,1071122,匿名捐贈,李進成,,280.00,0.00,,金錢,,,
