﻿序號,擬參選人／政黨,選舉名稱,申報序號／年度,交易日期,收支科目,捐贈者／支出對象,身分證／統一編號,收入金額,支出金額,捐贈方式,存入專戶日期,返還/繳庫,支出用途,金錢類,地址,聯絡電話,應揭露之支出對象,支出對象之內部人員姓名,支出對象之內部人員職稱,政黨之內部人員姓名,政黨之內部人員職稱,關係,更正註記,資料更正日期
1,謝國樑,111年基隆市市長選舉,首次申報,1110602,營利事業捐贈收入,稻夫投資有限公司,50906557,200000.00,0.00,匯款,1110602,,,金錢,臺北市中山區****,02-2*****,,,,,,,,
2,謝國樑,111年基隆市市長選舉,首次申報,1110602,個人捐贈收入,林文嚴,A12*******,100000.00,0.00,匯款,1110602,,,金錢,臺北市內湖區****,,,,,,,,,
3,謝國樑,111年基隆市市長選舉,首次申報,1110602,個人捐贈收入,林文慈,A22*******,100000.00,0.00,匯款,1110602,,,金錢,臺北市內湖區****,02-2*****,,,,,,,,
4,謝國樑,111年基隆市市長選舉,首次申報,1110602,個人捐贈收入,黃詩芸,F22*******,100000.00,0.00,匯款,1110602,,,金錢,臺北市內湖區****,02-2*****,,,,,,,,
5,謝國樑,111年基隆市市長選舉,首次申報,1110621,其他收入,利息收入,,3.00,0.00,匯款,1110621,,,金錢,,,,,,,,,,
6,謝國樑,111年基隆市市長選舉,首次申報,1110622,營利事業捐贈收入,聖武石材有限公司,13063111,500000.00,0.00,匯款,1110622,,,金錢,基隆市仁愛區****,02-2*****,,,,,,,,
7,謝國樑,111年基隆市市長選舉,首次申報,1110714,個人捐贈收入,張家銘,F12*******,100000.00,0.00,匯款,1110714,,,金錢,臺北市大安區****,,,,,,,,,
8,謝國樑,111年基隆市市長選舉,首次申報,1110721,其他收入,利息收入,,7.00,0.00,匯款,1110721,,,金錢,,,,,,,,,,
9,謝國樑,111年基隆市市長選舉,首次申報,1110727,營利事業捐贈收入,嘉新國際股份有限公司,04401230,500000.00,0.00,匯款,1110727,,,金錢,臺北市中山區****,02-2*****,,,,,,,,
10,謝國樑,111年基隆市市長選舉,首次申報,1110727,營利事業捐贈收入,嘉新資產管理開發股份有限公司,80035092,500000.00,0.00,匯款,1110727,,,金錢,臺北市中山區****,02-2*****,,,,,,,,
11,謝國樑,111年基隆市市長選舉,首次申報,1110802,個人捐贈收入,劉長泰,A12*******,100000.00,0.00,匯款,1110802,,,金錢,臺北市中山區****,0955*****,,,,,,,,
12,謝國樑,111年基隆市市長選舉,首次申報,1110802,個人捐贈收入,黃芸亘,F22*******,100000.00,0.00,匯款,1110802,,,金錢,新北市中和區****,0934*****,,,,,,,,
13,謝國樑,111年基隆市市長選舉,首次申報,1110803,個人捐贈收入,湯雅婷,A22*******,100000.00,0.00,匯款,1110803,,,金錢,臺北市南港區****,0952*****,,,,,,,,
14,謝國樑,111年基隆市市長選舉,首次申報,1110808,個人捐贈收入,唐竹君,G22*******,100000.00,0.00,匯款,1110808,,,金錢,臺北市大安區****,0920*****,,,,,,,,
15,謝國樑,111年基隆市市長選舉,首次申報,1110808,個人捐贈收入,温嵐秀,K22*******,100000.00,0.00,匯款,1110808,,,金錢,臺北市信義區****,0909*****,,,,,,,,
16,謝國樑,111年基隆市市長選舉,首次申報,1110821,其他收入,利息收入,,9.00,0.00,匯款,1110821,,,金錢,,,,,,,,,,
17,謝國樑,111年基隆市市長選舉,首次申報,1110824,營利事業捐贈收入,台嘉投資股份有限公司,04684639,500000.00,0.00,匯款,1110824,,,金錢,臺北市松山區****,0227*****,,,,,,,,
18,謝國樑,111年基隆市市長選舉,首次申報,1110824,營利事業捐贈收入,合和投資股份有限公司,04705894,500000.00,0.00,匯款,1110824,,,金錢,臺北市松山區****,0227*****,,,,,,,,
19,謝國樑,111年基隆市市長選舉,首次申報,1110824,營利事業捐贈收入,台豐投資股份有限公司,11825613,500000.00,0.00,匯款,1110824,,,金錢,臺北市松山區****,0227*****,,,,,,,,
20,謝國樑,111年基隆市市長選舉,首次申報,1110824,營利事業捐贈收入,台成投資股份有限公司,11854314,500000.00,0.00,匯款,1110824,,,金錢,臺北市松山區****,0227*****,,,,,,,,
21,謝國樑,111年基隆市市長選舉,首次申報,1110824,營利事業捐贈收入,台玉投資股份有限公司,20685156,500000.00,0.00,匯款,1110824,,,金錢,臺北市松山區****,0227*****,,,,,,,,
22,謝國樑,111年基隆市市長選舉,首次申報,1110921,其他收入,利息收入,,20.00,0.00,匯款,1110921,,,金錢,,,,,,,,,,
23,謝國樑,111年基隆市市長選舉,首次申報,1110921,營利事業捐贈收入,康和期貨股份有限公司,16848544,300000.00,0.00,匯款,1110921,,,金錢,臺北市松山區****,,,,,,,,,
24,謝國樑,111年基隆市市長選舉,首次申報,1110927,營利事業捐贈收入,僑新工程有限公司,59275172,100000.00,0.00,匯款,1110927,已返還,,金錢,高雄市鼓山區****,,,,,,,,,
25,謝國樑,111年基隆市市長選舉,首次申報,1110927,個人捐贈收入,李達人,A12*******,100000.00,0.00,匯款,1110927,,,金錢,臺北市中山區****,0965*****,,,,,,,,
26,謝國樑,111年基隆市市長選舉,首次申報,1110927,個人捐贈收入,鄭佳紋,A22*******,100000.00,0.00,匯款,1110927,,,金錢,桃園市蘆竹區****,0922*****,,,,,,,,
27,謝國樑,111年基隆市市長選舉,首次申報,1110927,個人捐贈收入,王淑娟,C22*******,100000.00,0.00,匯款,1110927,,,金錢,基隆市七堵區****,0937*****,,,,,,,,
28,謝國樑,111年基隆市市長選舉,首次申報,1110927,個人捐贈收入,梁蘭芬,D22*******,100000.00,0.00,匯款,1110927,,,金錢,臺北市內湖區****,0937*****,,,,,,,,
29,謝國樑,111年基隆市市長選舉,首次申報,1110927,個人捐贈收入,陳俊全,J12*******,100000.00,0.00,匯款,1110927,,,金錢,桃園市桃園區****,0955*****,,,,,,,,
30,謝國樑,111年基隆市市長選舉,首次申報,1110927,個人捐贈收入,龔信育,Q12*******,100000.00,0.00,匯款,1110927,,,金錢,新北市林口區****,0939*****,,,,,,,,
31,謝國樑,111年基隆市市長選舉,首次申報,1110928,個人捐贈收入,周清榮,A12*******,100000.00,0.00,匯款,1110928,,,金錢,臺北市大安區****,,,,,,,,,
32,謝國樑,111年基隆市市長選舉,首次申報,1110928,個人捐贈收入,吳佩霖,A22*******,100000.00,0.00,匯款,1110928,,,金錢,臺北市松山區****,0918*****,,,,,,,,
33,謝國樑,111年基隆市市長選舉,首次申報,1110928,個人捐贈收入,林依儒,B22*******,100000.00,0.00,匯款,1110928,,,金錢,臺中市南屯區****,0910*****,,,,,,,,
34,謝國樑,111年基隆市市長選舉,首次申報,1110928,個人捐贈收入,柯宜齡,E22*******,100000.00,0.00,匯款,1110928,,,金錢,臺北市松山區****,,,,,,,,,
35,謝國樑,111年基隆市市長選舉,首次申報,1110928,個人捐贈收入,黃紀穎,P22*******,100000.00,0.00,匯款,1110928,,,金錢,臺北市內湖區****,0918*****,,,,,,,,
36,謝國樑,111年基隆市市長選舉,首次申報,1110928,個人捐贈收入,莊以馨,Y22*******,100000.00,0.00,匯款,1110928,,,金錢,新北市汐止區****,0972*****,,,,,,,,
37,謝國樑,111年基隆市市長選舉,首次申報,1110929,個人捐贈收入,黃怡嘉,A22*******,100000.00,0.00,匯款,1110929,,,金錢,基隆市信義區****,0953*****,,,,,,,,
38,謝國樑,111年基隆市市長選舉,首次申報,1110929,個人捐贈收入,莊湘羚,H22*******,100000.00,0.00,匯款,1110929,,,金錢,桃園市桃園區****,0928*****,,,,,,,,
39,謝國樑,111年基隆市市長選舉,首次申報,1110930,營利事業捐贈收入,霞飛廣告股份有限公司,28192090,500000.00,0.00,匯款,1110930,,,金錢,臺北市松山區****,,,,,,,,,
40,謝國樑,111年基隆市市長選舉,首次申報,1110930,個人捐贈收入,蕭窈,A22*******,100000.00,0.00,匯款,1110930,,,金錢,臺北市大安區****,,,,,,,,,
41,謝國樑,111年基隆市市長選舉,首次申報,1110930,個人捐贈收入,周欣欣,A22*******,100000.00,0.00,匯款,1110930,,,金錢,臺北市松山區****,0932*****,,,,,,,,
42,謝國樑,111年基隆市市長選舉,首次申報,1110930,個人捐贈收入,陳漢堂,C12*******,50000.00,0.00,票據,1110930,,,金錢,基隆市仁愛區****,,,,,,,,,
43,謝國樑,111年基隆市市長選舉,首次申報,1110930,個人捐贈收入,蔡青樺,D22*******,100000.00,0.00,匯款,1110930,,,金錢,臺北市大安區****,,,,,,,,,
44,謝國樑,111年基隆市市長選舉,首次申報,1110930,個人捐贈收入,李仁瑞,F12*******,100000.00,0.00,匯款,1110930,,,金錢,新北市板橋區****,0983*****,,,,,,,,
45,謝國樑,111年基隆市市長選舉,首次申報,1110930,個人捐贈收入,胡淑艷,F22*******,100000.00,0.00,匯款,1110930,,,金錢,臺北市大安區****,,,,,,,,,
46,謝國樑,111年基隆市市長選舉,首次申報,1110930,個人捐贈收入,徐惠珍,K22*******,100000.00,0.00,匯款,1110930,,,金錢,臺北市大安區****,,,,,,,,,
47,謝國樑,111年基隆市市長選舉,首次申報,1110930,個人捐贈收入,何雨蓮,Q22*******,100000.00,0.00,匯款,1110930,,,金錢,臺北市大安區****,,,,,,,,,
48,謝國樑,111年基隆市市長選舉,首次申報,1110930,個人捐贈收入,史芳銘,R12*******,100000.00,0.00,匯款,1110930,,,金錢,臺北市松山區****,0953*****,,,,,,,,
49,謝國樑,111年基隆市市長選舉,首次申報,1111004,個人捐贈收入,許育禎,F22*******,100000.00,0.00,匯款,1111004,,,金錢,基隆市仁愛區****,0982*****,,,,,,,,
50,謝國樑,111年基隆市市長選舉,首次申報,1111004,個人捐贈收入,朱怡寧,H22*******,100000.00,0.00,匯款,1111004,,,金錢,臺北市內湖區****,0921*****,,,,,,,,
51,謝國樑,111年基隆市市長選舉,首次申報,1111014,營利事業捐贈收入,永翊開發股份有限公司,16058560,100000.00,0.00,票據,1111014,,,金錢,臺北市松山區****,,,,,,,,,
52,謝國樑,111年基隆市市長選舉,首次申報,1111014,營利事業捐贈收入,益昕投資股份有限公司,27597501,100000.00,0.00,票據,1111014,已繳庫,,金錢,新北市林口區****,,,,,,,,,
53,謝國樑,111年基隆市市長選舉,首次申報,1111014,營利事業捐贈收入,德陽投資股份有限公司,27808626,100000.00,0.00,票據,1111014,,,金錢,新北市林口區****,,,,,,,,,
54,謝國樑,111年基隆市市長選舉,首次申報,1111014,營利事業捐贈收入,上億投資股份有限公司,28080742,100000.00,0.00,票據,1111014,,,金錢,臺北市松山區****,,,,,,,,,
55,謝國樑,111年基隆市市長選舉,首次申報,1111014,營利事業捐贈收入,展騰投資股份有限公司,53697576,100000.00,0.00,票據,1111014,,,金錢,新北市林口區****,,,,,,,,,
56,謝國樑,111年基隆市市長選舉,首次申報,1111014,營利事業捐贈收入,興洋建設股份有限公司,84927644,100000.00,0.00,票據,1111014,,,金錢,臺北市內湖區****,2791*****,,,,,,,,
57,謝國樑,111年基隆市市長選舉,首次申報,1111014,個人捐贈收入,蔡莉萍,F22*******,100000.00,0.00,匯款,1111014,,,金錢,臺中市南屯區****,0920*****,,,,,,,,
58,謝國樑,111年基隆市市長選舉,首次申報,1111014,個人捐贈收入,張曹秀枝,N20*******,100000.00,0.00,匯款,1111014,,,金錢,臺中市南屯區****,0937*****,,,,,,,,
59,謝國樑,111年基隆市市長選舉,首次申報,1111019,營利事業捐贈收入,夏姿時尚股份有限公司,12192088,200000.00,0.00,匯款,1111019,已繳庫,,金錢,新北市五股區****,,,,,,,,,
60,謝國樑,111年基隆市市長選舉,首次申報,1111019,營利事業捐贈收入,創姿國際開發股份有限公司,12505173,200000.00,0.00,匯款,1111019,,,金錢,新北市五股區****,0222*****,,,,,,,,
61,謝國樑,111年基隆市市長選舉,首次申報,1111019,個人捐贈收入,許瑛瑛,H22*******,100000.00,0.00,匯款,1111019,,,金錢,新北市五股區****,02-2*****,,,,,,,,
62,謝國樑,111年基隆市市長選舉,首次申報,1111019,個人捐贈收入,王元宏,L10*******,100000.00,0.00,匯款,1111019,,,金錢,新北市五股區****,02-2*****,,,,,,,,
63,謝國樑,111年基隆市市長選舉,首次申報,1111019,個人捐贈收入,王子瑋,L12*******,100000.00,0.00,匯款,1111019,,,金錢,新北市五股區****,02-2*****,,,,,,,,
64,謝國樑,111年基隆市市長選舉,首次申報,1111019,個人捐贈收入,王子豪,L12*******,100000.00,0.00,匯款,1111019,,,金錢,新北市五股區****,02-2*****,,,,,,,,
65,謝國樑,111年基隆市市長選舉,首次申報,1111019,個人捐贈收入,陳彩霞,N20*******,100000.00,0.00,匯款,1111019,,,金錢,新北市五股區****,02-2*****,,,,,,,,
66,謝國樑,111年基隆市市長選舉,首次申報,1111019,個人捐贈收入,林郁珊,R22*******,100000.00,0.00,匯款,1111019,,,金錢,新北市五股區****,02-2*****,,,,,,,,
67,謝國樑,111年基隆市市長選舉,首次申報,1111021,其他收入,利息收入,,14.00,0.00,匯款,1111021,,,金錢,,,,,,,,,,
68,謝國樑,111年基隆市市長選舉,首次申報,1111021,個人捐贈收入,張世宗,A11*******,100000.00,0.00,匯款,1111021,,,金錢,臺北市中山區****,02-2*****,,,,,,,,
69,謝國樑,111年基隆市市長選舉,首次申報,1111021,個人捐贈收入,彭瑞祺,C10*******,100000.00,0.00,現金,1111021,,,金錢,基隆市中正區****,02-2*****,,,,,,,,
70,謝國樑,111年基隆市市長選舉,首次申報,1111021,個人捐贈收入,柯淑芳,Y22*******,100000.00,0.00,匯款,1111021,,,金錢,臺北市中山區****,02-2*****,,,,,,,,
71,謝國樑,111年基隆市市長選舉,首次申報,1111021,個人捐贈收入,柯玫華,Y22*******,100000.00,0.00,匯款,1111021,,,金錢,臺北市中山區****,02-2*****,,,,,,,,
72,謝國樑,111年基隆市市長選舉,首次申報,1111025,個人捐贈收入,賀聖庭,A13*******,100000.00,0.00,匯款,1111025,,,金錢,臺北市大安區****,0227*****,,,,,,,,
73,謝國樑,111年基隆市市長選舉,首次申報,1111026,營利事業捐贈收入,燿華電子股份有限公司,05637971,300000.00,0.00,匯款,1111026,,,金錢,新北市土城區****,02-2*****,,,,,,,,
74,謝國樑,111年基隆市市長選舉,首次申報,1111026,營利事業捐贈收入,達泰投資股份有限公司,16743605,200000.00,0.00,匯款,1111026,,,金錢,臺北市大安區****,02-2*****,,,,,,,,
75,謝國樑,111年基隆市市長選舉,首次申報,1111027,營利事業捐贈收入,有為投資有限公司,54175759,500000.00,0.00,匯款,1111027,,,金錢,臺北市中山區****,02-2*****,,,,,,,,
76,謝國樑,111年基隆市市長選舉,首次申報,1111027,個人捐贈收入,王大任,J20*******,100000.00,0.00,匯款,1111027,,,金錢,桃園市平鎮區****,03-4*****,,,,,,,,
77,謝國樑,111年基隆市市長選舉,首次申報,1111028,營利事業捐贈收入,新發製鋼股份有限公司,20668001,300000.00,0.00,匯款,1111028,,,金錢,基隆市七堵區****,02-2*****,,,,,,,,
78,謝國樑,111年基隆市市長選舉,首次申報,1111031,人民團體捐贈收入,基隆市牙醫師公會,,60000.00,0.00,匯款,1111031,,,金錢,基隆市中正區****,2427*****,,,,,,,,
79,謝國樑,111年基隆市市長選舉,首次申報,1111031,營利事業捐贈收入,怡華實業股份有限公司,33144175,1000000.00,0.00,匯款,1111031,,,金錢,臺北市內湖區****,02-8*****,,,,,,,,
80,謝國樑,111年基隆市市長選舉,首次申報,1111031,個人捐贈收入,葉若芸,A22*******,300000.00,0.00,匯款,1111031,已返還,,金錢,臺北市內湖區****,0933*****,,,,,,,,
81,謝國樑,111年基隆市市長選舉,首次申報,1111031,個人捐贈收入,宋筱瑋,A22*******,100000.00,0.00,匯款,1111031,已返還,,金錢,臺北市大安區****,0916*****,,,,,,,,
82,謝國樑,111年基隆市市長選舉,首次申報,1111101,個人捐贈收入,林介山,P12*******,100000.00,0.00,匯款,1111101,,,金錢,臺北市內湖區****,0937*****,,,,,,,,
83,謝國樑,111年基隆市市長選舉,首次申報,1111101,個人捐贈收入,林靜怡,T22*******,100000.00,0.00,匯款,1111101,,,金錢,臺北市內湖區****,0912*****,,,,,,,,
84,謝國樑,111年基隆市市長選舉,首次申報,1111102,營利事業捐贈收入,中力建築系統有限公司,29047721,50000.00,0.00,匯款,1111102,,,金錢,臺北市大安區****,,,,,,,,,
85,謝國樑,111年基隆市市長選舉,首次申報,1111102,個人捐贈收入,曾衡新,J12*******,100000.00,0.00,匯款,1111102,,,金錢,新北市永和區****,0937*****,,,,,,,,
86,謝國樑,111年基隆市市長選舉,首次申報,1111103,營利事業捐贈收入,創意家行銷股份有限公司,27749417,500000.00,0.00,匯款,1111103,,,金錢,臺北市內湖區****,02-2*****,,,,,,,,
87,謝國樑,111年基隆市市長選舉,首次申報,1111104,個人捐贈收入,宋國琳,A12*******,100000.00,0.00,匯款,1111104,,,金錢,臺北市大安區****,0930*****,,,,,,,,
88,謝國樑,111年基隆市市長選舉,首次申報,1111109,營利事業捐贈收入,蟻力股份有限公司,54316857,600000.00,0.00,匯款,1111109,,,金錢,臺北市內湖區****,02-2*****,,,,,,,,
89,謝國樑,111年基隆市市長選舉,首次申報,1111111,營利事業捐贈收入,有限責任基隆第一信用合作社,00280902,150000.00,0.00,票據,1111111,,,金錢,基隆市中正區****,02-2*****,,,,,,,,
90,謝國樑,111年基隆市市長選舉,首次申報,1111118,個人捐贈收入,謝文誠,C12*******,100000.00,0.00,匯款,1111118,,,金錢,基隆市安樂區****,0988*****,,,,,,,,
91,謝國樑,111年基隆市市長選舉,首次申報,1111118,個人捐贈收入,王海英,C29*******,100000.00,0.00,匯款,1111118,,,金錢,基隆市安樂區****,0908*****,,,,,,,,
92,謝國樑,111年基隆市市長選舉,首次申報,1111118,個人捐贈收入,蒲麗娜,C29*******,100000.00,0.00,匯款,1111118,,,金錢,基隆市安樂區****,0908*****,,,,,,,,
93,謝國樑,111年基隆市市長選舉,首次申報,1111118,個人捐贈收入,謝瑞熊,D10*******,100000.00,0.00,匯款,1111118,,,金錢,基隆市安樂區****,0910*****,,,,,,,,
94,謝國樑,111年基隆市市長選舉,首次申報,1111118,個人捐贈收入,郭玉雀,T20*******,100000.00,0.00,匯款,1111118,,,金錢,基隆市安樂區****,0937*****,,,,,,,,
95,謝國樑,111年基隆市市長選舉,首次申報,1111121,其他收入,利息收入,,26.00,0.00,匯款,1111121,,,金錢,,,,,,,,,,
96,謝國樑,111年基隆市市長選舉,首次申報,1111121,營利事業捐贈收入,成冠企業行,77710015,50000.00,0.00,匯款,1111121,已返還,,金錢,基隆市信義區****,02-2*****,,,,,,,,
97,謝國樑,111年基隆市市長選舉,首次申報,1111121,個人捐贈收入,黃信雄,G12*******,500000.00,0.00,匯款,1111121,已返還,,金錢,基隆市安樂區****,2425*****,,,,,,,,
98,謝國樑,111年基隆市市長選舉,首次申報,1111122,營利事業捐贈收入,聖誠室內裝修設計有限公司,53134823,400000.00,0.00,匯款,1111122,已返還,,金錢,基隆市安樂區****,02-2*****,,,,,,,,
99,謝國樑,111年基隆市市長選舉,首次申報,1111122,個人捐贈收入,曾敬傑,F12*******,90000.00,0.00,匯款,1111122,,,金錢,基隆市安樂區****,0955*****,,,,,,,,
100,謝國樑,111年基隆市市長選舉,首次申報,1111122,個人捐贈收入,曾靜琳,F22*******,90000.00,0.00,匯款,1111122,,,金錢,基隆市安樂區****,02-2*****,,,,,,,,
101,謝國樑,111年基隆市市長選舉,首次申報,1111123,個人捐贈收入,蕭趙苿莉,D22*******,100000.00,0.00,現金,1111123,,,金錢,臺南市北區南****,,,,,,,,,
102,謝國樑,111年基隆市市長選舉,首次申報,1111125,個人捐贈收入,賴意珺,H20*******,100000.00,0.00,現金,1111125,,,金錢,臺北市中山區****,0905*****,,,,,,,,
103,謝國樑,111年基隆市市長選舉,首次申報,1111125,個人捐贈收入,潘俊嶺,T12*******,100000.00,0.00,現金,1111125,,,金錢,基隆市安樂區****,0933*****,,,,,,,,
104,謝國樑,111年基隆市市長選舉,首次申報,1111221,其他收入,利息收入,,20.00,0.00,匯款,1111221,,,金錢,,,,,,,,,,
