﻿序號,擬參選人／政黨,選舉名稱,申報序號／年度,交易日期,收支科目,捐贈者／支出對象,身分證／統一編號,收入金額,支出金額,支出用途,金錢類,地址,聯絡電話,資料更正日期
1,杜文卿,107年鄉(鎮、市)長選舉,首次申報,1070822,個人捐贈收入,王陽慶,K12*******,100000.00,0.00,,金錢,桃園市龜山區****,,
2,杜文卿,107年鄉(鎮、市)長選舉,首次申報,1070822,個人捐贈收入,涂碧珠,Q22*******,100000.00,0.00,,金錢,桃園市龜山區****,,
3,杜文卿,107年鄉(鎮、市)長選舉,首次申報,1070829,個人捐贈收入,江順征,H12*******,60000.00,0.00,,金錢,桃園市蘆竹區****,0937*****,
4,杜文卿,107年鄉(鎮、市)長選舉,首次申報,1071004,營利事業捐贈收入,佾岳股份有限公司,84668359,400000.00,0.00,,金錢,苗栗縣苑裡鎮****,,
5,杜文卿,107年鄉(鎮、市)長選舉,首次申報,1071004,個人捐贈收入,陳枝發,K10*******,100000.00,0.00,,金錢,苗栗縣苑裡鎮****,,
6,杜文卿,107年鄉(鎮、市)長選舉,首次申報,1071004,個人捐贈收入,李金木,K10*******,100000.00,0.00,,金錢,苗栗縣苑裡鎮****,,
7,杜文卿,107年鄉(鎮、市)長選舉,首次申報,1071004,個人捐贈收入,陳泓儒,K12*******,100000.00,0.00,,金錢,臺中市豐原區****,,
8,杜文卿,107年鄉(鎮、市)長選舉,首次申報,1071004,個人捐贈收入,陳瑩昌,K12*******,100000.00,0.00,,金錢,苗栗縣苑裡鎮****,,
9,杜文卿,107年鄉(鎮、市)長選舉,首次申報,1071005,個人捐贈收入,李禕峰,K12*******,100000.00,0.00,,金錢,苗栗縣苑裡鎮****,,
10,杜文卿,107年鄉(鎮、市)長選舉,首次申報,1071005,個人捐贈收入,詹家裕,K12*******,100000.00,0.00,,金錢,苗栗縣通霄鎮****,,
11,杜文卿,107年鄉(鎮、市)長選舉,首次申報,1071006,個人捐贈收入,郭見忠,E12*******,10000.00,0.00,,金錢,新北市中和區****,0933*****,
12,杜文卿,107年鄉(鎮、市)長選舉,首次申報,1071013,個人捐贈收入,劉善治,,6000.00,0.00,,金錢,新北市樹林區****,0963*****,
13,杜文卿,107年鄉(鎮、市)長選舉,首次申報,1071013,個人捐贈收入,林美雲,,6000.00,0.00,,金錢,新北市樹林區****,0963*****,
14,杜文卿,107年鄉(鎮、市)長選舉,首次申報,1071013,個人捐贈收入,耿阿乾,K10*******,10000.00,0.00,,金錢,苗栗縣通霄鎮****,0928*****,
15,杜文卿,107年鄉(鎮、市)長選舉,首次申報,1071014,個人捐贈收入,黃金茂,K12*******,3000.00,0.00,,金錢,苗栗縣通霄鎮****,7581*****,
16,杜文卿,107年鄉(鎮、市)長選舉,首次申報,1071015,個人捐贈收入,杜文生,K10*******,20000.00,0.00,,金錢,彰化縣芳苑鄉****,0935*****,
17,杜文卿,107年鄉(鎮、市)長選舉,首次申報,1071029,個人捐贈收入,陳漪紋,N22*******,100000.00,0.00,,金錢,臺北市松山區****,0927*****,
18,杜文卿,107年鄉(鎮、市)長選舉,首次申報,1071029,個人捐贈收入,洪琇美,N22*******,100000.00,0.00,,金錢,臺北市松山區****,0927*****,
19,杜文卿,107年鄉(鎮、市)長選舉,首次申報,1071107,個人捐贈收入,傅和田,K10*******,20000.00,0.00,,金錢,苗栗縣苑裡鎮****,0377*****,
20,杜文卿,107年鄉(鎮、市)長選舉,首次申報,1071110,營利事業捐贈收入,上瑩電氣工程有限公司,54516530,100000.00,0.00,,金錢,苗栗縣通霄鎮****,,
21,杜文卿,107年鄉(鎮、市)長選舉,首次申報,1071111,個人捐贈收入,潘榮順,,20000.00,0.00,,金錢,苗栗縣苑裡鎮****,0937*****,
22,杜文卿,107年鄉(鎮、市)長選舉,首次申報,1071114,個人捐贈收入,王乃弘,A10*******,60000.00,0.00,,金錢,臺中市沙鹿區****,0377*****,
23,杜文卿,107年鄉(鎮、市)長選舉,首次申報,1071114,個人捐贈收入,林孟城,K12*******,60000.00,0.00,,金錢,苗栗縣苑裡鎮****,0377*****,
24,杜文卿,107年鄉(鎮、市)長選舉,首次申報,1071115,個人捐贈收入,張堯欽,F12*******,50000.00,0.00,,金錢,臺中市北屯區****,0378*****,
25,杜文卿,107年鄉(鎮、市)長選舉,首次申報,1071115,個人捐贈收入,許明賢,V12*******,50000.00,0.00,,金錢,苗栗縣苑裡鎮****,0378*****,
