﻿序號,擬參選人／政黨,選舉名稱,申報序號／年度,交易日期,收支科目,捐贈者／支出對象,身分證／統一編號,收入金額,支出金額,捐贈方式,存入專戶日期,返還/繳庫,支出用途,金錢類,地址,聯絡電話,應揭露之支出對象,支出對象之內部人員姓名,支出對象之內部人員職稱,政黨之內部人員姓名,政黨之內部人員職稱,關係,更正註記,資料更正日期
1,喇藺．猶命,111年新竹縣五峰鄉鄉民代表選舉,首次申報,1110913,匿名捐贈,匿名1,,2000.00,0.00,匯款,1110913,,,金錢,,,,,,,,,,
2,喇藺．猶命,111年新竹縣五峰鄉鄉民代表選舉,首次申報,1110914,匿名捐贈,匿名2,,10000.00,0.00,匯款,1110914,,,金錢,,,,,,,,,,
3,喇藺．猶命,111年新竹縣五峰鄉鄉民代表選舉,首次申報,1110914,匿名捐贈,匿名3,,1000.00,0.00,現金,1110914,,,金錢,,,,,,,,,,
4,喇藺．猶命,111年新竹縣五峰鄉鄉民代表選舉,首次申報,1110914,匿名捐贈,匿名4,,6666.00,0.00,匯款,1110914,,,金錢,,,,,,,,,,
5,喇藺．猶命,111年新竹縣五峰鄉鄉民代表選舉,首次申報,1110914,匿名捐贈,匿名5,,2000.00,0.00,現金,1110914,,,金錢,,,,,,,,,,
6,喇藺．猶命,111年新竹縣五峰鄉鄉民代表選舉,首次申報,1110914,匿名捐贈,匿名6,,1000.00,0.00,現金,1110914,,,金錢,,,,,,,,,,
7,喇藺．猶命,111年新竹縣五峰鄉鄉民代表選舉,首次申報,1110917,匿名捐贈,匿名7,,2000.00,0.00,現金,1110917,,,金錢,,,,,,,,,,
8,喇藺．猶命,111年新竹縣五峰鄉鄉民代表選舉,首次申報,1110918,匿名捐贈,匿名8,,6600.00,0.00,匯款,1110918,,,金錢,,,,,,,,,,
9,喇藺．猶命,111年新竹縣五峰鄉鄉民代表選舉,首次申報,1110919,匿名捐贈,匿名9,,5000.00,0.00,匯款,1110919,,,金錢,,,,,,,,,,
10,喇藺．猶命,111年新竹縣五峰鄉鄉民代表選舉,首次申報,1110923,匿名捐贈,匿名10,,6000.00,0.00,現金,1110923,,,金錢,,,,,,,,,,
11,喇藺．猶命,111年新竹縣五峰鄉鄉民代表選舉,首次申報,1110927,政黨捐贈收入,民主進步黨,政黨證字第16號,100000.00,0.00,匯款,1110927,,,金錢,台北市北平東****,(02)*****,,,,,,,,
12,喇藺．猶命,111年新竹縣五峰鄉鄉民代表選舉,首次申報,1111005,匿名捐贈,匿名11,,1000.00,0.00,匯款,1111005,,,金錢,,,,,,,,,,
13,喇藺．猶命,111年新竹縣五峰鄉鄉民代表選舉,首次申報,1111012,營利事業捐贈收入,伯景騰股份有限公司,96958424,50000.00,0.00,匯款,1111012,,,金錢,臺北市萬華區****,,,,,,,,,
14,喇藺．猶命,111年新竹縣五峰鄉鄉民代表選舉,首次申報,1111121,匿名捐贈,匿名12,,10000.00,0.00,現金,1111121,,,金錢,,,,,,,,,,
15,喇藺．猶命,111年新竹縣五峰鄉鄉民代表選舉,首次申報,1111121,匿名捐贈,匿名13,,10000.00,0.00,匯款,1111121,,,金錢,,,,,,,,,,
16,喇藺．猶命,111年新竹縣五峰鄉鄉民代表選舉,首次申報,1111124,匿名捐贈,匿名14,,1000.00,0.00,現金,1111124,,,金錢,,,,,,,,,,
