﻿序號,擬參選人／政黨,選舉名稱,申報序號／年度,交易日期,收支科目,捐贈者／支出對象,身分證／統一編號,收入金額,支出金額,捐贈方式,存入專戶日期,返還/繳庫,支出用途,金錢類,地址,聯絡電話,應揭露之支出對象,支出對象之內部人員姓名,支出對象之內部人員職稱,政黨之內部人員姓名,政黨之內部人員職稱,關係,更正註記,資料更正日期
1,楊曜,113年立法委員選舉,首次申報,1120726,個人捐贈收入,楊敏妙,N22*******,100000.00,0.00,匯款,1120726,,,金錢,澎湖縣馬公市****,0921*****,,,,,,,,
2,楊曜,113年立法委員選舉,首次申報,1120911,個人捐贈收入,陳朝保,E12*******,100000.00,0.00,匯款,1120911,,,金錢,高雄市三民區****,07-3*****,,,,,,,,
3,楊曜,113年立法委員選舉,首次申報,1120912,個人捐贈收入,盧尚斌,A11*******,100000.00,0.00,匯款,1120912,,,金錢,澎湖縣馬公市****,0933*****,,,,,,,,
4,楊曜,113年立法委員選舉,首次申報,1120912,個人捐贈收入,林義馨,D22*******,100000.00,0.00,匯款,1120912,,,金錢,澎湖縣馬公市****,0935*****,,,,,,,,
5,楊曜,113年立法委員選舉,首次申報,1120928,個人捐贈收入,歐麗玲,X22*******,100000.00,0.00,匯款,1120928,,,金錢,澎湖縣馬公市****,0985*****,,,,,,,,
6,楊曜,113年立法委員選舉,首次申報,1120930,個人捐贈收入,許宗仁,X12*******,100000.00,0.00,票據,1121003,,,金錢,澎湖縣馬公市****,0912*****,,,,,,,,
7,楊曜,113年立法委員選舉,首次申報,1121012,個人捐贈收入,康明強,X12*******,100000.00,0.00,票據,1121013,,,金錢,澎湖縣馬公市****,0929*****,,,,,,,,
8,楊曜,113年立法委員選舉,首次申報,1121012,個人捐贈收入,洪藝芳,X22*******,50000.00,0.00,匯款,1121012,,,金錢,澎湖縣馬公市****,0929*****,,,,,,,,
9,楊曜,113年立法委員選舉,首次申報,1121116,個人捐贈收入,謝南岐,V12*******,100000.00,0.00,匯款,1121116,,,金錢,新北市板橋區****,0923*****,,,,,,,,
10,楊曜,113年立法委員選舉,首次申報,1121116,個人捐贈收入,莊菁蕙,V22*******,100000.00,0.00,匯款,1121116,,,金錢,新北市板橋區****,0923*****,,,,,,,,
11,楊曜,113年立法委員選舉,首次申報,1121117,個人捐贈收入,廖鳳如,L22*******,100000.00,0.00,匯款,1121117,,,金錢,新北市板橋區****,0936*****,,,,,,,,
12,楊曜,113年立法委員選舉,首次申報,1121117,個人捐贈收入,李同行,T12*******,100000.00,0.00,匯款,1121117,,,金錢,新北市板橋區****,0936*****,,,,,,,,
13,楊曜,113年立法委員選舉,首次申報,1121124,營利事業捐贈收入,馳勁股份有限公司,42660030,100000.00,0.00,匯款,1121124,,,金錢,臺北市士林區****,02-2*****,,,,,,,,
14,楊曜,113年立法委員選舉,首次申報,1121124,個人捐贈收入,蔡東翰,E12*******,50000.00,0.00,匯款,1121124,,,金錢,高雄市鼓山區****,0918*****,,,,,,,,
15,楊曜,113年立法委員選舉,首次申報,1121129,個人捐贈收入,許載德,X12*******,100000.00,0.00,匯款,1121129,,,金錢,澎湖縣馬公市****,0910*****,,,,,,,,
16,楊曜,113年立法委員選舉,首次申報,1121130,個人捐贈收入,曾啟揚,X12*******,20000.00,0.00,匯款,1121130,,,金錢,澎湖縣馬公市****,0919*****,,,,,,,,
17,楊曜,113年立法委員選舉,首次申報,1121201,個人捐贈收入,吳榮旗,S12*******,100000.00,0.00,匯款,1121201,,,金錢,澎湖縣馬公市****,06-9*****,,,,,,,,
18,楊曜,113年立法委員選舉,首次申報,1121205,個人捐贈收入,莊山雄,X10*******,50000.00,0.00,匯款,1121205,,,金錢,澎湖縣馬公市****,0931*****,,,,,,,,
19,楊曜,113年立法委員選舉,首次申報,1121208,個人捐贈收入,林素玉,B22*******,100000.00,0.00,匯款,1121208,,,金錢,澎湖縣馬公市****,0920*****,,,,,,,,
20,楊曜,113年立法委員選舉,首次申報,1121211,個人捐贈收入,陳建旺,B12*******,100000.00,0.00,匯款,1121211,,,金錢,澎湖縣馬公市****,06-9*****,,,,,,,,
21,楊曜,113年立法委員選舉,首次申報,1121211,個人捐贈收入,周正榮,X12*******,100000.00,0.00,匯款,1121211,,,金錢,臺北市內湖區****,0938*****,,,,,,,,
22,楊曜,113年立法委員選舉,首次申報,1121212,個人捐贈收入,李明杰,P12*******,30000.00,0.00,匯款,1121212,,,金錢,澎湖縣馬公市****,0921*****,,,,,,,,
23,楊曜,113年立法委員選舉,首次申報,1121214,個人捐贈收入,許麗娟,X20*******,6000.00,0.00,匯款,1121214,,,金錢,澎湖縣馬公市****,06-9*****,,,,,,,,
24,楊曜,113年立法委員選舉,首次申報,1121219,個人捐贈收入,李徐達,F10*******,1200.00,0.00,匯款,1121219,,,金錢,新北市蘆洲區****,0932*****,,,,,,,,
25,楊曜,113年立法委員選舉,首次申報,1121220,營利事業捐贈收入,台灣混凝土工業股份有限公司,83207105,500000.00,0.00,票據,1121225,,,金錢,高雄市前金區****,07-2*****,,,,,,,,
26,楊曜,113年立法委員選舉,首次申報,1121221,其他收入,利息收入,,1098.00,0.00,匯款,1121221,,,金錢,,,,,,,,,,
27,楊曜,113年立法委員選舉,首次申報,1121221,個人捐贈收入,許珮鈞,X22*******,50000.00,0.00,匯款,1121221,,,金錢,澎湖縣白沙鄉****,0921*****,,,,,,,,
28,楊曜,113年立法委員選舉,首次申報,1121225,個人捐贈收入,簡慧貞,F22*******,100000.00,0.00,匯款,1121225,,,金錢,臺北市松德路****,0936*****,,,,,,,,
29,楊曜,113年立法委員選舉,首次申報,1121225,個人捐贈收入,王馨苓,L22*******,30000.00,0.00,匯款,1121225,,,金錢,臺中市南屯區****,0952*****,,,,,,,,
30,楊曜,113年立法委員選舉,首次申報,1121227,個人捐贈收入,黃晴峯,X10*******,50000.00,0.00,匯款,1121227,,,金錢,澎湖縣馬公市****,0910*****,,,,,,,,
31,楊曜,113年立法委員選舉,首次申報,1130102,個人捐贈收入,謝鵬輝,A12*******,100000.00,0.00,票據,1130103,,,金錢,澎湖縣馬公市****,06-9*****,,,,,,,,
32,楊曜,113年立法委員選舉,首次申報,1130102,個人捐贈收入,黃任薇,P22*******,100000.00,0.00,匯款,1130102,,,金錢,新北市永和區****,0933*****,,,,,,,,
33,楊曜,113年立法委員選舉,首次申報,1130102,個人捐贈收入,曾春成,X10*******,22000.00,0.00,匯款,1130102,,,金錢,澎湖縣馬公市****,0939*****,,,,,,,,
34,楊曜,113年立法委員選舉,首次申報,1130103,營利事業捐贈收入,華峰螺絲企業有限公司,89552928,10000.00,0.00,匯款,1130103,,,金錢,高雄市湖內區****,07-6*****,,,,,,,,
35,楊曜,113年立法委員選舉,首次申報,1130105,個人捐贈收入,葉德亮,X10*******,100000.00,0.00,匯款,1130105,,,金錢,澎湖縣馬公市****,0933*****,,,,,,,,
36,楊曜,113年立法委員選舉,首次申報,1130105,個人捐贈收入,陳玉樹,X20*******,100000.00,0.00,匯款,1130105,,,金錢,澎湖縣馬公市****,0619*****,,,,,,,,
37,楊曜,113年立法委員選舉,首次申報,1130108,個人捐贈收入,林春雄,F10*******,20000.00,0.00,匯款,1130108,,,金錢,澎湖縣湖西鄉****,0988*****,,,,,,,,
38,楊曜,113年立法委員選舉,首次申報,1130109,個人捐贈收入,呂稱王,X10*******,30000.00,0.00,匯款,1130109,,,金錢,澎湖縣馬公市****,0932*****,,,,,,,,
39,楊曜,113年立法委員選舉,首次申報,1130111,個人捐贈收入,吳倩懿,F22*******,100000.00,0.00,匯款,1130111,,,金錢,新北市三重區****,0937*****,,,,,,,,
40,楊曜,113年立法委員選舉,首次申報,1130111,個人捐贈收入,黃翎芳,P12*******,100000.00,0.00,匯款,1130111,,,金錢,臺中市西屯區****,0932*****,,,,,,,,
41,楊曜,113年立法委員選舉,首次申報,1130111,個人捐贈收入,蔡秉堅,X10*******,20000.00,0.00,匯款,1130111,,,金錢,澎湖縣馬公市****,06-9*****,,,,,,,,
42,楊曜,113年立法委員選舉,首次申報,1130112,個人捐贈收入,姜雲霄,V12*******,60000.00,0.00,匯款,1130112,,,金錢,高雄市前鎮區****,0931*****,,,,,,,,
43,楊曜,113年立法委員選舉,首次申報,1130112,個人捐贈收入,陳順仁,X10*******,10000.00,0.00,匯款,1130112,,,金錢,澎湖縣白沙鄉****,0910*****,,,,,,,,
