﻿序號,擬參選人／政黨,選舉名稱,申報序號／年度,交易日期,收支科目,捐贈者／支出對象,身分證／統一編號,收入金額,支出金額,支出用途,金錢類,地址,聯絡電話,資料更正日期
1,蕭澤梧,107年鄉(鎮、市)長選舉,首次申報,1070903,個人捐贈收入,黃經森,P10*******,30000.00,0.00,,金錢,雲林縣西螺鎮****,,
2,蕭澤梧,107年鄉(鎮、市)長選舉,首次申報,1070909,匿名捐贈,匿名,,147.00,0.00,,金錢,,,
3,蕭澤梧,107年鄉(鎮、市)長選舉,首次申報,1070911,個人捐贈收入,蔡明峰,P12*******,20000.00,0.00,,金錢,雲林縣西螺鎮****,,
4,蕭澤梧,107年鄉(鎮、市)長選舉,首次申報,1070919,個人捐贈收入,廖登堂,P10*******,20000.00,0.00,,金錢,雲林縣西螺鎮****,,
5,蕭澤梧,107年鄉(鎮、市)長選舉,首次申報,1070919,個人捐贈收入,程瑾珉,P22*******,100000.00,0.00,,金錢,臺中市惠來里****,,
6,蕭澤梧,107年鄉(鎮、市)長選舉,首次申報,1070920,個人捐贈收入,廖進城,,10000.00,0.00,,金錢,雲林縣西螺鎮****,,
7,蕭澤梧,107年鄉(鎮、市)長選舉,首次申報,1070930,個人捐贈收入,蕭英昌,P12*******,100000.00,0.00,,金錢,高雄市苓雅區****,,
8,蕭澤梧,107年鄉(鎮、市)長選舉,首次申報,1071005,個人捐贈收入,程文龍,P10*******,5000.00,0.00,,金錢,臺北市大安區****,,
9,蕭澤梧,107年鄉(鎮、市)長選舉,首次申報,1071010,個人捐贈收入,周仲光,S10*******,100000.00,0.00,,金錢,雲林縣西螺鎮****,,
10,蕭澤梧,107年鄉(鎮、市)長選舉,首次申報,1071123,個人捐贈收入,蔡佳惠,,20000.00,0.00,,金錢,,0558*****,
11,蕭澤梧,107年鄉(鎮、市)長選舉,首次申報,1071126,其他收入,利息收入,,92.00,0.00,,金錢,,,
