﻿序號,擬參選人／政黨,選舉名稱,申報序號／年度,交易日期,收支科目,捐贈者／支出對象,身分證／統一編號,收入金額,支出金額,支出用途,金錢類,地址,聯絡電話,資料更正日期
1,白玉如,107年縣(市)議員選舉,首次申報,1070828,個人捐贈收入,林志強,N12*******,100000.00,0.00,,金錢,臺中市西屯區****,,
2,白玉如,107年縣(市)議員選舉,首次申報,1071008,營利事業捐贈收入,正益碾米廠,59086860,160000.00,0.00,,金錢,彰化縣花壇鄉****,,
3,白玉如,107年縣(市)議員選舉,首次申報,1071013,個人捐贈收入,林為民,N12*******,50000.00,0.00,,金錢,彰化縣彰化市****,,
4,白玉如,107年縣(市)議員選舉,首次申報,1071020,個人捐贈收入,陳金再,N10*******,50000.00,0.00,,金錢,彰化縣彰化市****,,
5,白玉如,107年縣(市)議員選舉,首次申報,1071024,營利事業捐贈收入,合鴻輪胎股份有限公司,16183997,3600.00,0.00,,金錢,彰化縣大村鄉****,,
6,白玉如,107年縣(市)議員選舉,首次申報,1071024,個人捐贈收入,廖火明,N10*******,20000.00,0.00,,金錢,彰化縣彰化市****,,
7,白玉如,107年縣(市)議員選舉,首次申報,1071025,營利事業捐贈收入,坤穎企業股份有限公司,23829874,100000.00,0.00,,金錢,彰化縣埤頭鄉****,,
8,白玉如,107年縣(市)議員選舉,首次申報,1071025,營利事業捐贈收入,六和橡膠工業股份有限公司,58057727,20000.00,0.00,,金錢,彰化縣和美鎮****,,
9,白玉如,107年縣(市)議員選舉,首次申報,1071025,個人捐贈收入,吳世賢,N10*******,10000.00,0.00,,金錢,彰化縣彰化市****,,
10,白玉如,107年縣(市)議員選舉,首次申報,1071026,營利事業捐贈收入,欣得實業股份有限公司,86492004,15000.00,0.00,,金錢,臺北市信義區****,,
11,白玉如,107年縣(市)議員選舉,首次申報,1071026,個人捐贈收入,蔡沼玲,N22*******,10000.00,0.00,,金錢,彰化縣彰化市****,,
12,白玉如,107年縣(市)議員選舉,首次申報,1071027,營利事業捐贈收入,保億來建材有限公司,55956181,10000.00,0.00,,金錢,彰化縣和美鎮****,,
13,白玉如,107年縣(市)議員選舉,首次申報,1071028,個人捐贈收入,白雄棧,N10*******,6000.00,0.00,,金錢,彰化縣彰化市****,,
14,白玉如,107年縣(市)議員選舉,首次申報,1071030,個人捐贈收入,謝建寶,J12*******,100000.00,0.00,,金錢,臺中市南屯區****,,
15,白玉如,107年縣(市)議員選舉,首次申報,1071031,營利事業捐贈收入,金油加油站股份有限公司線東加油站,80820992,200000.00,0.00,,金錢,彰化縣彰化市****,,
16,白玉如,107年縣(市)議員選舉,首次申報,1071108,個人捐贈收入,吳鴻麟,L12*******,3600.00,0.00,,金錢,彰化縣大村鄉****,,
17,白玉如,107年縣(市)議員選舉,首次申報,1071119,個人捐贈收入,曾麗華,N22*******,10000.00,0.00,,金錢,彰化縣彰化市****,,
18,白玉如,107年縣(市)議員選舉,首次申報,1071122,個人捐贈收入,陳深山,N10*******,20000.00,0.00,,金錢,彰化縣彰化市****,,
