﻿序號,擬參選人／政黨,選舉名稱,申報序號／年度,交易日期,收支科目,捐贈者／支出對象,身分證／統一編號,收入金額,支出金額,支出用途,金錢類,地址,聯絡電話,資料更正日期
1,韓國瑜,107年直轄市市長選舉,第一次賸餘,1071225,當選後與其公務有關之費用支出,計程車,,0.00,240.00,搭乘交通工具支出,金錢,,0905*****,
2,韓國瑜,107年直轄市市長選舉,第一次賸餘,1071225,當選後與其公務有關之費用支出,計程車,,0.00,220.00,搭乘交通工具支出,金錢,,0905*****,
3,韓國瑜,107年直轄市市長選舉,第一次賸餘,1071225,當選後與其公務有關之費用支出,計程車,,0.00,215.00,搭乘交通工具支出,金錢,,07-7*****,
4,韓國瑜,107年直轄市市長選舉,第一次賸餘,1071225,當選後與其公務有關之費用支出,計程車,,0.00,230.00,搭乘交通工具支出,金錢,,0722*****,
5,韓國瑜,107年直轄市市長選舉,第一次賸餘,1071225,當選後與其公務有關之費用支出,計程車,,0.00,235.00,搭乘交通工具支出,金錢,,0772*****,
6,韓國瑜,107年直轄市市長選舉,第一次賸餘,1071225,當選後與其公務有關之費用支出,計程車,,0.00,220.00,搭乘交通工具支出,金錢,,0772*****,
7,韓國瑜,107年直轄市市長選舉,第一次賸餘,1071225,當選後與其公務有關之費用支出,計程車,,0.00,185.00,搭乘交通工具支出,金錢,,0772*****,
8,韓國瑜,107年直轄市市長選舉,第一次賸餘,1071225,當選後與其公務有關之費用支出,計程車,,0.00,220.00,搭乘交通工具支出,金錢,,07-2*****,
9,韓國瑜,107年直轄市市長選舉,第一次賸餘,1071225,當選後與其公務有關之費用支出,計程車,,0.00,215.00,搭乘交通工具支出,金錢,,07-7*****,
10,韓國瑜,107年直轄市市長選舉,第一次賸餘,1071225,當選後與其公務有關之費用支出,計程車,,0.00,215.00,搭乘交通工具支出,金錢,,07-7*****,
11,韓國瑜,107年直轄市市長選舉,第一次賸餘,1071225,當選後與其公務有關之費用支出,計程車,,0.00,215.00,搭乘交通工具支出,金錢,,07-7*****,
12,韓國瑜,107年直轄市市長選舉,第一次賸餘,1071225,當選後與其公務有關之費用支出,7-11(政德),16837173,0.00,65.00,餐飲支出,金錢,,,
13,韓國瑜,107年直轄市市長選舉,第一次賸餘,1071225,當選後與其公務有關之費用支出,7-11(港新門市),22656699,0.00,52.00,餐飲支出,金錢,,,
14,韓國瑜,107年直轄市市長選舉,第一次賸餘,1071225,當選後與其公務有關之費用支出,7-11(港新門市),22656699,0.00,55.00,餐飲支出,金錢,,,
15,韓國瑜,107年直轄市市長選舉,第一次賸餘,1071225,當選後與其公務有關之費用支出,McDonalds-雄博愛二,27951848,0.00,161.00,餐飲支出,金錢,,,
16,韓國瑜,107年直轄市市長選舉,第一次賸餘,1071225,當選後與其公務有關之費用支出,元富廣式燒臘店,41295801,0.00,170.00,餐飲支出,金錢,,,
17,韓國瑜,107年直轄市市長選舉,第一次賸餘,1071226,當選後與其公務有關之費用支出,計程車,,0.00,1000.00,搭乘交通工具支出,金錢,,0800*****,
18,韓國瑜,107年直轄市市長選舉,第一次賸餘,1071226,當選後與其公務有關之費用支出,計程車,,0.00,1300.00,搭乘交通工具支出,金錢,,0800*****,
19,韓國瑜,107年直轄市市長選舉,第一次賸餘,1071226,當選後與其公務有關之費用支出,中華郵政,03741302,0.00,472.00,郵資,金錢,,,
20,韓國瑜,107年直轄市市長選舉,第一次賸餘,1071226,當選後與其公務有關之費用支出,台鐵,07524729,0.00,149.00,搭乘交通工具支出,金錢,,,
21,韓國瑜,107年直轄市市長選舉,第一次賸餘,1071226,當選後與其公務有關之費用支出,高鐵,16446274,0.00,765.00,搭乘交通工具支出,金錢,,,
22,韓國瑜,107年直轄市市長選舉,第一次賸餘,1071226,當選後與其公務有關之費用支出,高鐵,16446274,0.00,8860.00,搭乘交通工具支出,金錢,,,
23,韓國瑜,107年直轄市市長選舉,第一次賸餘,1071226,當選後與其公務有關之費用支出,高鐵,16446274,0.00,4630.00,搭乘交通工具支出,金錢,,,
24,韓國瑜,107年直轄市市長選舉,第一次賸餘,1071226,當選後與其公務有關之費用支出,旺德小吃店,25992055,0.00,84.00,餐飲支出,金錢,,,
25,韓國瑜,107年直轄市市長選舉,第一次賸餘,1071226,當選後與其公務有關之費用支出,金泰股份有限公司崇愛分公司,50849254,0.00,55.00,餐飲支出,金錢,,,
26,韓國瑜,107年直轄市市長選舉,第一次賸餘,1071226,當選後與其公務有關之費用支出,7-11(山福),51622500,0.00,153.00,餐飲支出,金錢,,,
27,韓國瑜,107年直轄市市長選舉,第一次賸餘,1071226,當選後與其公務有關之費用支出,嘟嘟房,72488607,0.00,200.00,停車費,金錢,,,
28,韓國瑜,107年直轄市市長選舉,第一次賸餘,1071226,當選後與其公務有關之費用支出,羿岑美食,82702090,0.00,80.00,餐飲支出,金錢,,,
29,韓國瑜,107年直轄市市長選舉,第一次賸餘,1071227,當選後與其公務有關之費用支出,計程車,,0.00,95.00,搭乘交通工具支出,金錢,,07-7*****,
30,韓國瑜,107年直轄市市長選舉,第一次賸餘,1071227,當選後與其公務有關之費用支出,計程車,,0.00,470.00,搭乘交通工具支出,金錢,,0227*****,
31,韓國瑜,107年直轄市市長選舉,第一次賸餘,1071227,當選後與其公務有關之費用支出,高鐵,16446274,0.00,560.00,搭乘交通工具支出,金錢,,,
32,韓國瑜,107年直轄市市長選舉,第一次賸餘,1071227,當選後與其公務有關之費用支出,高鐵,16446274,0.00,1530.00,搭乘交通工具支出,金錢,,,
33,韓國瑜,107年直轄市市長選舉,第一次賸餘,1071228,當選後與其公務有關之費用支出,郵局,03741302,0.00,500.00,郵資,金錢,,,
34,韓國瑜,107年直轄市市長選舉,第一次賸餘,1071228,當選後與其公務有關之費用支出,高鐵,16446274,0.00,280.00,搭乘交通工具支出,金錢,,,
35,韓國瑜,107年直轄市市長選舉,第一次賸餘,1071228,當選後與其公務有關之費用支出,7-11(山好),80353103,0.00,8.00,餐飲支出,金錢,,,
36,韓國瑜,107年直轄市市長選舉,第一次賸餘,1071229,當選後與其公務有關之費用支出,郵局,03741302,0.00,456.00,郵資,金錢,,,
37,韓國瑜,107年直轄市市長選舉,第一次賸餘,1071230,當選後與其公務有關之費用支出,高鐵,16446274,0.00,1230.00,搭乘交通工具支出,金錢,,,
38,韓國瑜,107年直轄市市長選舉,第一次賸餘,1071231,當選後與其公務有關之費用支出,高鐵,16446274,0.00,765.00,搭乘交通工具支出,金錢,,,
39,韓國瑜,107年直轄市市長選舉,第一次賸餘,1071231,當選後與其公務有關之費用支出,高鐵,16446274,0.00,790.00,搭乘交通工具支出,金錢,,,
40,韓國瑜,107年直轄市市長選舉,第一次賸餘,1071231,當選後與其公務有關之費用支出,高鐵,16446274,0.00,790.00,搭乘交通工具支出,金錢,,,
41,韓國瑜,107年直轄市市長選舉,第一次賸餘,1071231,當選後與其公務有關之費用支出,宏達加油站,23354270,0.00,1654.00,油資,金錢,,,
42,韓國瑜,107年直轄市市長選舉,第一次賸餘,1071231,當選後與其公務有關之費用支出,McDonalds-斗六雲林,24806625,0.00,258.00,餐飲支出,金錢,,,
43,韓國瑜,107年直轄市市長選舉,第一次賸餘,1071231,當選後與其公務有關之費用支出,富豪聯合租賃股份有限公司,28683407,0.00,89000.00,租用宣傳車輛支出,金錢,台北市南港區****,0287*****,
44,韓國瑜,107年直轄市市長選舉,第一次賸餘,1071231,當選後與其公務有關之費用支出,7-11華崇,70774597,0.00,35.00,餐飲支出,金錢,,,
45,韓國瑜,107年直轄市市長選舉,第一次賸餘,1080102,當選後與其公務有關之費用支出,中華郵政,03741302,0.00,88.00,郵資,金錢,,,
46,韓國瑜,107年直轄市市長選舉,第一次賸餘,1080102,當選後與其公務有關之費用支出,台鐵,07524729,0.00,149.00,搭乘交通工具支出,金錢,,,
47,韓國瑜,107年直轄市市長選舉,第一次賸餘,1080102,當選後與其公務有關之費用支出,7-11(政德門市),16837173,0.00,121.00,餐飲支出,金錢,,,
48,韓國瑜,107年直轄市市長選舉,第一次賸餘,1080102,當選後與其公務有關之費用支出,7-11(夏義門市),24797610,0.00,45.00,餐飲支出,金錢,,,
49,韓國瑜,107年直轄市市長選舉,第一次賸餘,1080102,當選後與其公務有關之費用支出,旺德小吃店,25992055,0.00,69.00,餐飲支出,金錢,,,
50,韓國瑜,107年直轄市市長選舉,第一次賸餘,1080102,當選後與其公務有關之費用支出,悠旅生活事業股份有限公司雲林高鐵門市部,47450049,0.00,145.00,餐飲支出,金錢,,,
51,韓國瑜,107年直轄市市長選舉,第一次賸餘,1080102,當選後與其公務有關之費用支出,香民商行,72023328,0.00,195.00,餐飲支出,金錢,,,
52,韓國瑜,107年直轄市市長選舉,第一次賸餘,1080103,當選後與其公務有關之費用支出,中華郵政,03741302,0.00,43.00,郵資,金錢,,,
53,韓國瑜,107年直轄市市長選舉,第一次賸餘,1080103,當選後與其公務有關之費用支出,高鐵,16446274,0.00,765.00,搭乘交通工具支出,金錢,,,
54,韓國瑜,107年直轄市市長選舉,第一次賸餘,1080103,當選後與其公務有關之費用支出,高鐵,16446274,0.00,930.00,搭乘交通工具支出,金錢,,,
55,韓國瑜,107年直轄市市長選舉,第一次賸餘,1080103,當選後與其公務有關之費用支出,悠旅生活事業股份有限公司高雄市左營高鐵門市部,36963388,0.00,155.00,餐飲支出,金錢,,,
56,韓國瑜,107年直轄市市長選舉,第一次賸餘,1080103,當選後與其公務有關之費用支出,普羅大眾有限公司,47417197,0.00,20.00,停車費,金錢,,,
57,韓國瑜,107年直轄市市長選舉,第一次賸餘,1080104,當選後與其公務有關之費用支出,台鐵,07524729,0.00,149.00,搭乘交通工具支出,金錢,,,
58,韓國瑜,107年直轄市市長選舉,第一次賸餘,1080104,當選後與其公務有關之費用支出,悠旅生活事業股份有限公司雲林縣第一分公司,24568671,0.00,435.00,餐飲支出,金錢,,,
59,韓國瑜,107年直轄市市長選舉,第一次賸餘,1080104,當選後與其公務有關之費用支出,屋頂實業有限公司,28615112,0.00,1716.00,雜項購置或修繕費用,金錢,,,
60,韓國瑜,107年直轄市市長選舉,第一次賸餘,1080105,當選後與其公務有關之費用支出,高鐵,16446274,0.00,560.00,搭乘交通工具支出,金錢,,,
61,韓國瑜,107年直轄市市長選舉,第一次賸餘,1080105,當選後與其公務有關之費用支出,悠旅生活事業股份有限公司雲林縣第一分公司,24568671,0.00,555.00,餐飲支出,金錢,,,
62,韓國瑜,107年直轄市市長選舉,第一次賸餘,1080105,當選後與其公務有關之費用支出,台灣聯通,39800141,0.00,60.00,停車費,金錢,,,
63,韓國瑜,107年直轄市市長選舉,第一次賸餘,1080106,當選後與其公務有關之費用支出,四季戀人茶行,45236255,0.00,181.00,餐飲支出,金錢,,,
64,韓國瑜,107年直轄市市長選舉,第一次賸餘,1080107,當選後與其公務有關之費用支出,高雄市停車費,,0.00,450.00,停車費,金錢,,(07)*****,
65,韓國瑜,107年直轄市市長選舉,第一次賸餘,1080107,當選後與其公務有關之費用支出,中華郵政,03741302,0.00,472.00,郵資,金錢,,,
66,韓國瑜,107年直轄市市長選舉,第一次賸餘,1080107,當選後與其公務有關之費用支出,中華郵政,03741302,0.00,16.00,郵資,金錢,,,
67,韓國瑜,107年直轄市市長選舉,第一次賸餘,1080107,當選後與其公務有關之費用支出,台鐵,07524729,0.00,149.00,搭乘交通工具支出,金錢,,,
68,韓國瑜,107年直轄市市長選舉,第一次賸餘,1080108,當選後與其公務有關之費用支出,中華郵政,03741302,0.00,28.00,郵資,金錢,,,
69,韓國瑜,107年直轄市市長選舉,第一次賸餘,1080109,當選後與其公務有關之費用支出,中華郵政,03741302,0.00,528.00,餐飲支出,金錢,,,
70,韓國瑜,107年直轄市市長選舉,第一次賸餘,1080109,當選後與其公務有關之費用支出,浩丞小吃店,21301278,0.00,310.00,餐飲支出,金錢,,,
71,韓國瑜,107年直轄市市長選舉,第一次賸餘,1080109,當選後與其公務有關之費用支出,祥夯小吃店,36948198,0.00,1830.00,餐飲支出,金錢,,,
72,韓國瑜,107年直轄市市長選舉,第一次賸餘,1080110,當選後與其公務有關之費用支出,高鐵,16446274,0.00,820.00,搭乘交通工具支出,金錢,,,
73,韓國瑜,107年直轄市市長選舉,第一次賸餘,1080110,當選後與其公務有關之費用支出,高鐵,16446274,0.00,935.00,搭乘交通工具支出,金錢,,,
74,韓國瑜,107年直轄市市長選舉,第一次賸餘,1080110,當選後與其公務有關之費用支出,高鐵,16446274,0.00,935.00,搭乘交通工具支出,金錢,,,
75,韓國瑜,107年直轄市市長選舉,第一次賸餘,1080110,當選後與其公務有關之費用支出,野荳綠茶專賣店,38727170,0.00,80.00,餐飲支出,金錢,,,
76,韓國瑜,107年直轄市市長選舉,第一次賸餘,1080110,當選後與其公務有關之費用支出,海中寶餐飲有限公司,42977712,0.00,3480.00,餐飲支出,金錢,,,
77,韓國瑜,107年直轄市市長選舉,第一次賸餘,1080110,當選後與其公務有關之費用支出,7-11(山好門市),80353103,0.00,175.00,餐飲支出,金錢,,,
78,韓國瑜,107年直轄市市長選舉,第一次賸餘,1080110,當選後與其公務有關之費用支出,羿岑美食,82702090,0.00,220.00,餐飲支出,金錢,,,
79,韓國瑜,107年直轄市市長選舉,第一次賸餘,1080111,當選後與其公務有關之費用支出,高家牛肉館,15613631,0.00,3200.00,餐飲支出,金錢,,,
80,韓國瑜,107年直轄市市長選舉,第一次賸餘,1080111,當選後與其公務有關之費用支出,五都停車場股份有限公司,47540035,0.00,120.00,停車費,金錢,,,
81,韓國瑜,107年直轄市市長選舉,第一次賸餘,1080112,當選後與其公務有關之費用支出,五都停車場股份有限公司,47540035,0.00,240.00,停車費,金錢,,,
82,韓國瑜,107年直轄市市長選舉,第一次賸餘,1080113,當選後與其公務有關之費用支出,台灣中油(義和站),06176223,0.00,1680.00,油資,金錢,,,
83,韓國瑜,107年直轄市市長選舉,第一次賸餘,1080113,當選後與其公務有關之費用支出,高鐵,16446274,0.00,1250.00,搭乘交通工具支出,金錢,,,
84,韓國瑜,107年直轄市市長選舉,第一次賸餘,1080113,當選後與其公務有關之費用支出,春水堂實業股份有限公司國美營業所,26915802,0.00,1120.00,餐飲支出,金錢,,,
85,韓國瑜,107年直轄市市長選舉,第一次賸餘,1080113,當選後與其公務有關之費用支出,中興電工機械股份有限公司嘟嘟房高鐵雲林站,47427625,0.00,165.00,停車費,金錢,,,
86,韓國瑜,107年直轄市市長選舉,第一次賸餘,1080113,當選後與其公務有關之費用支出,悠旅生活事業股份有限公司雲林高鐵門市部,47450049,0.00,105.00,餐飲支出,金錢,,,
87,韓國瑜,107年直轄市市長選舉,第一次賸餘,1080114,當選後與其公務有關之費用支出,中華郵政,03741302,0.00,3510.00,郵資,金錢,,,
88,韓國瑜,107年直轄市市長選舉,第一次賸餘,1080114,當選後與其公務有關之費用支出,台鐵,07524729,0.00,149.00,搭乘交通工具支出,金錢,,,
89,韓國瑜,107年直轄市市長選舉,第一次賸餘,1080114,當選後與其公務有關之費用支出,五十重愛有限公司,53881313,0.00,136.00,餐飲支出,金錢,,,
90,韓國瑜,107年直轄市市長選舉,第一次賸餘,1080115,當選後與其公務有關之費用支出,中華郵政,03741302,0.00,2000.00,郵資,金錢,,,
91,韓國瑜,107年直轄市市長選舉,第一次賸餘,1080115,當選後與其公務有關之費用支出,中華郵政,03741302,0.00,100.00,手續費,金錢,,,
92,韓國瑜,107年直轄市市長選舉,第一次賸餘,1080115,當選後與其公務有關之費用支出,大統百貨企業股份有限公司(和平分公司),53583686,0.00,639.00,餐飲支出,金錢,,,
93,韓國瑜,107年直轄市市長選舉,第一次賸餘,1080116,當選後與其公務有關之費用支出,祥夯小吃店,36948198,0.00,910.00,餐飲支出,金錢,,,
94,韓國瑜,107年直轄市市長選舉,第一次賸餘,1080117,當選後與其公務有關之費用支出,中華郵政,03741302,0.00,4056.00,郵資,金錢,,,
95,韓國瑜,107年直轄市市長選舉,第一次賸餘,1080117,當選後與其公務有關之費用支出,台灣自來水股份有限公司,07963389,0.00,4316.00,水電瓦斯費用,金錢,,,
96,韓國瑜,107年直轄市市長選舉,第一次賸餘,1080117,當選後與其公務有關之費用支出,高鐵,16446274,0.00,1490.00,搭乘交通工具支出,金錢,,,
97,韓國瑜,107年直轄市市長選舉,第一次賸餘,1080117,當選後與其公務有關之費用支出,邁特美有限公司,22757042,0.00,50.00,停車費,金錢,,,
98,韓國瑜,107年直轄市市長選舉,第一次賸餘,1080117,當選後與其公務有關之費用支出,台灣電力公司,79634302,0.00,32103.00,水電瓦斯費用,金錢,高雄市鼓山區****,,
99,韓國瑜,107年直轄市市長選舉,第一次賸餘,1080118,當選後與其公務有關之費用支出,中華郵政,03741302,0.00,2952.00,郵資,金錢,,,
100,韓國瑜,107年直轄市市長選舉,第一次賸餘,1080118,當選後與其公務有關之費用支出,高鐵,16446274,0.00,560.00,搭乘交通工具支出,金錢,,,
101,韓國瑜,107年直轄市市長選舉,第一次賸餘,1080119,當選後與其公務有關之費用支出,中華電信,63501100,0.00,2101.00,電信費用,金錢,,,
102,韓國瑜,107年直轄市市長選舉,第一次賸餘,1080119,當選後與其公務有關之費用支出,中華電信,63501100,0.00,903.00,電信費用,金錢,,,
103,韓國瑜,107年直轄市市長選舉,第一次賸餘,1080120,當選後與其公務有關之費用支出,葉仟偌,P22*******,0.00,6000.00,加班費或值班費,金錢,,,
104,韓國瑜,107年直轄市市長選舉,第一次賸餘,1080121,當選後與其公務有關之費用支出,台鐵,07524729,0.00,149.00,搭乘交通工具支出,金錢,,,
105,韓國瑜,107年直轄市市長選舉,第一次賸餘,1080121,當選後與其公務有關之費用支出,高鐵,16446274,0.00,1340.00,搭乘交通工具支出,金錢,,,
106,韓國瑜,107年直轄市市長選舉,第一次賸餘,1080121,當選後與其公務有關之費用支出,高鐵,16446274,0.00,2890.00,搭乘交通工具支出,金錢,,,
107,韓國瑜,107年直轄市市長選舉,第一次賸餘,1080121,當選後與其公務有關之費用支出,高鐵,16446274,0.00,5780.00,搭乘交通工具支出,金錢,,,
108,韓國瑜,107年直轄市市長選舉,第一次賸餘,1080121,當選後與其公務有關之費用支出,高鐵,16446274,0.00,2890.00,搭乘交通工具支出,金錢,,,
109,韓國瑜,107年直轄市市長選舉,第一次賸餘,1080121,當選後與其公務有關之費用支出,高鐵,16446274,0.00,1440.00,搭乘交通工具支出,金錢,,,
110,韓國瑜,107年直轄市市長選舉,第一次賸餘,1080121,當選後與其公務有關之費用支出,高鐵,16446274,0.00,670.00,搭乘交通工具支出,金錢,,,
111,韓國瑜,107年直轄市市長選舉,第一次賸餘,1080121,當選後與其公務有關之費用支出,高鐵,16446274,0.00,1490.00,搭乘交通工具支出,金錢,,,
112,韓國瑜,107年直轄市市長選舉,第一次賸餘,1080121,當選後與其公務有關之費用支出,戰國策國際顧問股份有限公司,89231193,0.00,120960.00,播送、傳送或刊登宣傳廣告支出,金錢,臺北市中正區****,,
113,韓國瑜,107年直轄市市長選舉,第一次賸餘,1080122,當選後與其公務有關之費用支出,高鐵,16446274,0.00,2195.00,搭乘交通工具支出,金錢,,,
114,韓國瑜,107年直轄市市長選舉,第一次賸餘,1080123,當選後與其公務有關之費用支出,中華郵政,03741302,0.00,7740.00,郵資,金錢,,,
115,韓國瑜,107年直轄市市長選舉,第一次賸餘,1080123,當選後與其公務有關之費用支出,城市車旅,72447389,0.00,20.00,停車費,金錢,,,
116,韓國瑜,107年直轄市市長選舉,第一次賸餘,1080123,當選後與其公務有關之費用支出,城市車旅,72447389,0.00,20.00,停車費,金錢,,,
117,韓國瑜,107年直轄市市長選舉,第一次賸餘,1080124,當選後與其公務有關之費用支出,高雄市停車,,0.00,70.00,停車費,金錢,,07-2*****,
118,韓國瑜,107年直轄市市長選舉,第一次賸餘,1080124,當選後與其公務有關之費用支出,勞工保險局,,0.00,1025.00,勞保費用,金錢,,(02)*****,
119,韓國瑜,107年直轄市市長選舉,第一次賸餘,1080124,當選後與其公務有關之費用支出,中華郵政,03741302,0.00,4880.00,郵資,金錢,,,
120,韓國瑜,107年直轄市市長選舉,第一次賸餘,1080124,當選後與其公務有關之費用支出,利安商行,47399043,0.00,150.00,餐飲支出,金錢,,,
121,韓國瑜,107年直轄市市長選舉,第一次賸餘,1080124,當選後與其公務有關之費用支出,中華電信,63501100,0.00,606.00,電信費用,金錢,,,
122,韓國瑜,107年直轄市市長選舉,第一次賸餘,1080125,當選後與其公務有關之費用支出,宋的辣滷、關東煮,,0.00,240.00,餐飲支出,金錢,,0908*****,
123,韓國瑜,107年直轄市市長選舉,第一次賸餘,1080125,當選後與其公務有關之費用支出,左營溢香餛飩店,,0.00,330.00,餐飲支出,金錢,,(07)*****,
124,韓國瑜,107年直轄市市長選舉,第一次賸餘,1080125,當選後與其公務有關之費用支出,台鐵,07524729,0.00,149.00,搭乘交通工具支出,金錢,,,
125,韓國瑜,107年直轄市市長選舉,第一次賸餘,1080125,當選後與其公務有關之費用支出,四季戀人茶行,45236255,0.00,301.00,餐飲支出,金錢,,,
126,韓國瑜,107年直轄市市長選舉,第一次賸餘,1080126,當選後與其公務有關之費用支出,高鐵,16446274,0.00,935.00,搭乘交通工具支出,金錢,,,
127,韓國瑜,107年直轄市市長選舉,第一次賸餘,1080126,當選後與其公務有關之費用支出,高鐵,16446274,0.00,395.00,搭乘交通工具支出,金錢,,,
128,韓國瑜,107年直轄市市長選舉,第一次賸餘,1080127,當選後與其公務有關之費用支出,高鐵,16446274,0.00,930.00,搭乘交通工具支出,金錢,,,
129,韓國瑜,107年直轄市市長選舉,第一次賸餘,1080127,當選後與其公務有關之費用支出,高鐵,16446274,0.00,1250.00,搭乘交通工具支出,金錢,,,
130,韓國瑜,107年直轄市市長選舉,第一次賸餘,1080127,當選後與其公務有關之費用支出,高鐵,16446274,0.00,1250.00,搭乘交通工具支出,金錢,,,
131,韓國瑜,107年直轄市市長選舉,第一次賸餘,1080127,當選後與其公務有關之費用支出,朱家小館,19548471,0.00,2000.00,餐飲支出,金錢,,,
132,韓國瑜,107年直轄市市長選舉,第一次賸餘,1080127,當選後與其公務有關之費用支出,城市車旅,72447389,0.00,20.00,停車費,金錢,,,
133,韓國瑜,107年直轄市市長選舉,第一次賸餘,1080127,當選後與其公務有關之費用支出,桂華加油站,89412005,0.00,1497.00,油資,金錢,,,
134,韓國瑜,107年直轄市市長選舉,第一次賸餘,1080128,當選後與其公務有關之費用支出,中華郵政,03741302,0.00,2200.00,郵局便利箱袋費用,金錢,,,
135,韓國瑜,107年直轄市市長選舉,第一次賸餘,1080128,當選後與其公務有關之費用支出,中華郵政,03741302,0.00,10480.00,郵資,金錢,,,
136,韓國瑜,107年直轄市市長選舉,第一次賸餘,1080128,當選後與其公務有關之費用支出,台鐵,07524729,0.00,149.00,搭乘交通工具支出,金錢,,,
137,韓國瑜,107年直轄市市長選舉,第一次賸餘,1080129,當選後與其公務有關之費用支出,高鐵,16446274,0.00,560.00,搭乘交通工具支出,金錢,,,
138,韓國瑜,107年直轄市市長選舉,第一次賸餘,1080129,當選後與其公務有關之費用支出,高鐵,16446274,0.00,560.00,搭乘交通工具支出,金錢,,,
139,韓國瑜,107年直轄市市長選舉,第一次賸餘,1080129,當選後與其公務有關之費用支出,台南排骨快餐店,18342107,0.00,980.00,餐飲支出,金錢,,,
140,韓國瑜,107年直轄市市長選舉,第一次賸餘,1080130,當選後與其公務有關之費用支出,衛生福利部中央健康保險署,,0.00,9019.00,健保費,金錢,,(07)*****,
141,韓國瑜,107年直轄市市長選舉,第一次賸餘,1080130,當選後與其公務有關之費用支出,中華郵政,03741302,0.00,7896.00,郵資,金錢,,,
142,韓國瑜,107年直轄市市長選舉,第一次賸餘,1080130,當選後與其公務有關之費用支出,中華郵政,03741302,0.00,537.00,郵資,金錢,,,
143,韓國瑜,107年直轄市市長選舉,第一次賸餘,1080130,當選後與其公務有關之費用支出,台鐵,07524729,0.00,149.00,搭乘交通工具支出,金錢,,,
144,韓國瑜,107年直轄市市長選舉,第一次賸餘,1080130,當選後與其公務有關之費用支出,老牌鴨肉飯,36958884,0.00,170.00,餐飲支出,金錢,,,
145,韓國瑜,107年直轄市市長選舉,第一次賸餘,1080130,當選後與其公務有關之費用支出,雲院書城行,45790227,0.00,240.00,文具用品費用,金錢,,,
146,韓國瑜,107年直轄市市長選舉,第一次賸餘,1080130,當選後與其公務有關之費用支出,悠旅生活事業股份有限公司,50791703,0.00,410.00,餐飲支出,金錢,,,
147,韓國瑜,107年直轄市市長選舉,第一次賸餘,1080131,當選後與其公務有關之費用支出,台灣中油(高雄中華三路站),06892324,0.00,1744.00,油資,金錢,,,
148,韓國瑜,107年直轄市市長選舉,第一次賸餘,1080131,當選後與其公務有關之費用支出,瑯萊了有限公司,59239802,0.00,5136.00,餐飲支出,金錢,,,
149,韓國瑜,107年直轄市市長選舉,第一次賸餘,1080131,當選後與其公務有關之費用支出,馬麗,D20*******,0.00,32000.00,工資或薪津,金錢,高雄市左營區****,,
150,韓國瑜,107年直轄市市長選舉,第一次賸餘,1080131,當選後與其公務有關之費用支出,粘楚璇,N22*******,0.00,50000.00,工資或薪津,金錢,彰化縣鹿港鎮****,,
151,韓國瑜,107年直轄市市長選舉,第一次賸餘,1080131,當選後與其公務有關之費用支出,葉仟偌,P22*******,0.00,30000.00,工資或薪津,金錢,,,
152,韓國瑜,107年直轄市市長選舉,第一次賸餘,1080201,當選後與其公務有關之費用支出,郵局,03741302,0.00,65.00,郵資,金錢,,,
153,韓國瑜,107年直轄市市長選舉,第一次賸餘,1080201,當選後與其公務有關之費用支出,嘟嘟房,47427625,0.00,180.00,停車費,金錢,,,
154,韓國瑜,107年直轄市市長選舉,第一次賸餘,1080202,當選後與其公務有關之費用支出,高鐵,16446274,0.00,1440.00,搭乘交通工具支出,金錢,,,
155,韓國瑜,107年直轄市市長選舉,第一次賸餘,1080202,當選後與其公務有關之費用支出,悠旅生活事業股份有限公司雲林縣第一分公司,24568671,0.00,315.00,餐飲支出,金錢,,,
156,韓國瑜,107年直轄市市長選舉,第一次賸餘,1080209,當選後與其公務有關之費用支出,高鐵,16446274,0.00,1490.00,搭乘交通工具支出,金錢,,,
157,韓國瑜,107年直轄市市長選舉,第一次賸餘,1080210,當選後與其公務有關之費用支出,高鐵,16446274,0.00,935.00,搭乘交通工具支出,金錢,,,
158,韓國瑜,107年直轄市市長選舉,第一次賸餘,1080211,當選後與其公務有關之費用支出,KFC,54387347,0.00,124.00,餐飲支出,金錢,,,
159,韓國瑜,107年直轄市市長選舉,第一次賸餘,1080211,當選後與其公務有關之費用支出,KFC,54387347,0.00,110.00,餐飲支出,金錢,,,
160,韓國瑜,107年直轄市市長選舉,第一次賸餘,1080212,當選後與其公務有關之費用支出,高鐵,16446274,0.00,935.00,搭乘交通工具支出,金錢,,,
161,韓國瑜,107年直轄市市長選舉,第一次賸餘,1080212,當選後與其公務有關之費用支出,嘟嘟房,47427625,0.00,180.00,停車費,金錢,,,
162,韓國瑜,107年直轄市市長選舉,第一次賸餘,1080212,當選後與其公務有關之費用支出,悠旅生活事業股份有限公司雲林高鐵門市部,47450049,0.00,380.00,餐飲支出,金錢,,,
163,韓國瑜,107年直轄市市長選舉,第一次賸餘,1080213,當選後與其公務有關之費用支出,郵局,03741302,0.00,28.00,郵資,金錢,,,
164,韓國瑜,107年直轄市市長選舉,第一次賸餘,1080213,當選後與其公務有關之費用支出,高鐵,16446274,0.00,1490.00,搭乘交通工具支出,金錢,,,
165,韓國瑜,107年直轄市市長選舉,第一次賸餘,1080213,當選後與其公務有關之費用支出,高鐵,16446274,0.00,1250.00,搭乘交通工具支出,金錢,,,
166,韓國瑜,107年直轄市市長選舉,第一次賸餘,1080213,當選後與其公務有關之費用支出,McDonalds,16745596,0.00,223.00,餐飲支出,金錢,,,
167,韓國瑜,107年直轄市市長選舉,第一次賸餘,1080213,當選後與其公務有關之費用支出,悠旅生活事業股份有限公司 台中市第十六分公司,53530106,0.00,250.00,餐飲支出,金錢,,,
168,韓國瑜,107年直轄市市長選舉,第一次賸餘,1080214,當選後與其公務有關之費用支出,高鐵,16446274,0.00,935.00,搭乘交通工具支出,金錢,,,
169,韓國瑜,107年直轄市市長選舉,第一次賸餘,1080214,當選後與其公務有關之費用支出,高鐵,16446274,0.00,935.00,搭乘交通工具支出,金錢,,,
170,韓國瑜,107年直轄市市長選舉,第一次賸餘,1080214,當選後與其公務有關之費用支出,悠旅生活事業股份有限公司 雲林縣第二分公司,50791703,0.00,165.00,餐飲支出,金錢,,,
171,韓國瑜,107年直轄市市長選舉,第一次賸餘,1080214,當選後與其公務有關之費用支出,高鐵,89412005,0.00,1779.00,油資,金錢,,,
172,韓國瑜,107年直轄市市長選舉,第一次賸餘,1080215,當選後與其公務有關之費用支出,誠正聯合會計師事務所,01014903,0.00,200000.00,其他因工作酬勞之給付,金錢,臺北市中正區****,,
173,韓國瑜,107年直轄市市長選舉,第一次賸餘,1080215,當選後與其公務有關之費用支出,郵局,03741302,0.00,35.00,郵資,金錢,,,
174,韓國瑜,107年直轄市市長選舉,第一次賸餘,1080216,當選後與其公務有關之費用支出,桂華加油站,89412005,0.00,1613.00,油資,金錢,,,
175,韓國瑜,107年直轄市市長選舉,第一次賸餘,1080217,當選後與其公務有關之費用支出,銘記筒仔米糕店,10274871,0.00,350.00,餐飲支出,金錢,,,
176,韓國瑜,107年直轄市市長選舉,第一次賸餘,1080217,當選後與其公務有關之費用支出,自強小吃店,81031334,0.00,335.00,餐飲支出,金錢,,,
177,韓國瑜,107年直轄市市長選舉,第一次賸餘,1080218,當選後與其公務有關之費用支出,郵局,03741302,0.00,313.00,郵資,金錢,,,
178,韓國瑜,107年直轄市市長選舉,第一次賸餘,1080218,當選後與其公務有關之費用支出,高鐵,16446274,0.00,935.00,搭乘交通工具支出,金錢,,,
179,韓國瑜,107年直轄市市長選舉,第一次賸餘,1080218,當選後與其公務有關之費用支出,中華電信,63501100,0.00,1642.00,電信費用,金錢,,,
180,韓國瑜,107年直轄市市長選舉,第一次賸餘,1080219,當選後與其公務有關之費用支出,郵局,03741302,0.00,36.00,郵資,金錢,,,
181,韓國瑜,107年直轄市市長選舉,第一次賸餘,1080219,當選後與其公務有關之費用支出,社團法人中華音樂著作權協會,19330608,0.00,11907.00,播送、傳送或刊登宣傳廣告支出,金錢,,,
182,韓國瑜,107年直轄市市長選舉,第一次賸餘,1080219,當選後與其公務有關之費用支出,社團法人中華音樂著作權協會,19330608,0.00,7938.00,播送、傳送或刊登宣傳廣告支出,金錢,,,
183,韓國瑜,107年直轄市市長選舉,第一次賸餘,1080219,當選後與其公務有關之費用支出,米糕城,79849330,0.00,290.00,餐飲支出,金錢,,,
184,韓國瑜,107年直轄市市長選舉,第一次賸餘,1080220,當選後與其公務有關之費用支出,計程車,,0.00,90.00,搭乘交通工具支出,金錢,,07-2*****,
185,韓國瑜,107年直轄市市長選舉,第一次賸餘,1080220,當選後與其公務有關之費用支出,計程車,,0.00,270.00,搭乘交通工具支出,金錢,,07-2*****,
186,韓國瑜,107年直轄市市長選舉,第一次賸餘,1080220,當選後與其公務有關之費用支出,高雄市陽光交通服務協會,,0.00,90.00,搭乘交通工具支出,金錢,高雄市左營區****,,
187,韓國瑜,107年直轄市市長選舉,第一次賸餘,1080220,當選後與其公務有關之費用支出,郵局,03741302,0.00,70.00,郵資,金錢,,,
188,韓國瑜,107年直轄市市長選舉,第一次賸餘,1080220,當選後與其公務有關之費用支出,台灣中油,06957141,0.00,1728.00,油資,金錢,,,
189,韓國瑜,107年直轄市市長選舉,第一次賸餘,1080220,當選後與其公務有關之費用支出,高鐵,16446274,0.00,560.00,搭乘交通工具支出,金錢,,,
190,韓國瑜,107年直轄市市長選舉,第一次賸餘,1080220,當選後與其公務有關之費用支出,高鐵,16446274,0.00,560.00,搭乘交通工具支出,金錢,,,
191,韓國瑜,107年直轄市市長選舉,第一次賸餘,1080220,當選後與其公務有關之費用支出,五都停車場,47540035,0.00,120.00,停車費,金錢,,,
192,韓國瑜,107年直轄市市長選舉,第一次賸餘,1080221,當選後與其公務有關之費用支出,郵局,03741302,0.00,43.00,郵資,金錢,,,
193,韓國瑜,107年直轄市市長選舉,第一次賸餘,1080221,當選後與其公務有關之費用支出,高鐵,16446274,0.00,1490.00,搭乘交通工具支出,金錢,,,
194,韓國瑜,107年直轄市市長選舉,第一次賸餘,1080221,當選後與其公務有關之費用支出,高鐵,16446274,0.00,2195.00,搭乘交通工具支出,金錢,,,
195,韓國瑜,107年直轄市市長選舉,第一次賸餘,1080221,當選後與其公務有關之費用支出,高鐵,16446274,0.00,1490.00,搭乘交通工具支出,金錢,,,
196,韓國瑜,107年直轄市市長選舉,第一次賸餘,1080221,當選後與其公務有關之費用支出,聯合花藝企業社,26003755,0.00,1700.00,為民服務費用,金錢,,,
197,韓國瑜,107年直轄市市長選舉,第一次賸餘,1080222,當選後與其公務有關之費用支出,高鐵,16446274,0.00,110.00,搭乘交通工具支出,金錢,,,
198,韓國瑜,107年直轄市市長選舉,第一次賸餘,1080222,當選後與其公務有關之費用支出,五都停車場,47540035,0.00,20.00,停車費,金錢,,,
199,韓國瑜,107年直轄市市長選舉,第一次賸餘,1080223,當選後與其公務有關之費用支出,郵局,03741302,0.00,56.00,郵資,金錢,,,
200,韓國瑜,107年直轄市市長選舉,第一次賸餘,1080223,當選後與其公務有關之費用支出,台糖加油站,25344684,0.00,1173.00,油資,金錢,,,
201,韓國瑜,107年直轄市市長選舉,第一次賸餘,1080225,當選後與其公務有關之費用支出,汕頭真饌有限公司,59286023,0.00,3835.00,餐飲支出,金錢,,,
202,韓國瑜,107年直轄市市長選舉,第一次賸餘,1080304,當選後與其公務有關之費用支出,高雄市停車費,,0.00,30.00,停車費,金錢,,(07)*****,
203,韓國瑜,107年直轄市市長選舉,第一次賸餘,1080304,當選後與其公務有關之費用支出,計程車,,0.00,210.00,搭乘交通工具支出,金錢,,(02)*****,
204,韓國瑜,107年直轄市市長選舉,第一次賸餘,1080306,當選後與其公務有關之費用支出,桂華加油站,89412005,0.00,1681.00,油資,金錢,,,
205,韓國瑜,107年直轄市市長選舉,第一次賸餘,1080309,當選後與其公務有關之費用支出,交通部交通部臺灣鐵路管理局餐旅服務總所臺北鐵路餐廳,03805305,0.00,161.00,餐飲支出,金錢,,,
206,韓國瑜,107年直轄市市長選舉,第一次賸餘,1080309,當選後與其公務有關之費用支出,高鐵,16446274,0.00,1250.00,搭乘交通工具支出,金錢,,,
207,韓國瑜,107年直轄市市長選舉,第一次賸餘,1080311,當選後與其公務有關之費用支出,高鐵,16446274,0.00,2195.00,搭乘交通工具支出,金錢,,,
208,韓國瑜,107年直轄市市長選舉,第一次賸餘,1080311,當選後與其公務有關之費用支出,高鐵,16446274,0.00,2195.00,搭乘交通工具支出,金錢,,,
209,韓國瑜,107年直轄市市長選舉,第一次賸餘,1080311,當選後與其公務有關之費用支出,中華電信,19762247,0.00,7442.00,網際網路費用,金錢,,,
210,韓國瑜,107年直轄市市長選舉,第一次賸餘,1080311,當選後與其公務有關之費用支出,中華電信,19762247,0.00,2877.00,電信費用,金錢,,,
211,韓國瑜,107年直轄市市長選舉,第一次賸餘,1080312,當選後與其公務有關之費用支出,中華郵政,03741302,0.00,120.00,郵資,金錢,,,
212,韓國瑜,107年直轄市市長選舉,第一次賸餘,1080313,當選後與其公務有關之費用支出,計程車,,0.00,110.00,搭乘交通工具支出,金錢,,(02)*****,
213,韓國瑜,107年直轄市市長選舉,第一次賸餘,1080313,當選後與其公務有關之費用支出,計程車,,0.00,190.00,搭乘交通工具支出,金錢,,(02)*****,
214,韓國瑜,107年直轄市市長選舉,第一次賸餘,1080313,當選後與其公務有關之費用支出,安心食品服務股份有限公司高鐵雲林門市部,47450391,0.00,80.00,餐飲支出,金錢,,,
215,韓國瑜,107年直轄市市長選舉,第一次賸餘,1080313,當選後與其公務有關之費用支出,品鮮外省麵,81000677,0.00,265.00,餐飲支出,金錢,,,
216,韓國瑜,107年直轄市市長選舉,第一次賸餘,1080314,當選後與其公務有關之費用支出,計程車,,0.00,215.00,搭乘交通工具支出,金錢,,(02)*****,
217,韓國瑜,107年直轄市市長選舉,第一次賸餘,1080314,當選後與其公務有關之費用支出,嘟嘟房,47427625,0.00,360.00,停車費,金錢,,,
218,韓國瑜,107年直轄市市長選舉,第一次賸餘,1080314,當選後與其公務有關之費用支出,南都跑山雞雞肉飯館,57978555,0.00,315.00,餐飲支出,金錢,,,
219,韓國瑜,107年直轄市市長選舉,第一次賸餘,1080314,當選後與其公務有關之費用支出,桂華加油站,89412005,0.00,1771.00,油資,金錢,,,
220,韓國瑜,107年直轄市市長選舉,第一次賸餘,1080315,當選後與其公務有關之費用支出,中華郵政,03741302,0.00,100.00,郵資,金錢,,,
221,韓國瑜,107年直轄市市長選舉,第一次賸餘,1080315,當選後與其公務有關之費用支出,普羅大眾有限公司斗六站,47417197,0.00,40.00,停車費,金錢,,,
222,韓國瑜,107年直轄市市長選舉,第一次賸餘,1080315,當選後與其公務有關之費用支出,和德昌股份有限公司高雄民族分公司,53655978,0.00,181.00,餐飲支出,金錢,,,
223,韓國瑜,107年直轄市市長選舉,第一次賸餘,1080316,當選後與其公務有關之費用支出,吳長隆,P12*******,0.00,3200.00,為民服務費用,金錢,,,
224,韓國瑜,107年直轄市市長選舉,第一次賸餘,1080317,當選後與其公務有關之費用支出,台灣中油(義和站),06176223,0.00,1485.00,油資,金錢,,,
225,韓國瑜,107年直轄市市長選舉,第一次賸餘,1080319,當選後與其公務有關之費用支出,台灣聯通,39800141,0.00,60.00,停車費,金錢,,,
226,韓國瑜,107年直轄市市長選舉,第一次賸餘,1080319,當選後與其公務有關之費用支出,中華電信,63501100,0.00,1319.00,電信費用,金錢,,,
227,韓國瑜,107年直轄市市長選舉,第一次賸餘,1080319,當選後與其公務有關之費用支出,香民商行,72023328,0.00,175.00,咖啡,金錢,,,
228,韓國瑜,107年直轄市市長選舉,第一次賸餘,1080319,當選後與其公務有關之費用支出,品鮮外省麵,81000677,0.00,270.00,餐飲支出,金錢,,,
229,韓國瑜,107年直轄市市長選舉,第一次賸餘,1080319,當選後與其公務有關之費用支出,桂華加油站,89412005,0.00,1770.00,油資,金錢,,,
230,韓國瑜,107年直轄市市長選舉,第一次賸餘,1080320,當選後與其公務有關之費用支出,和德昌股份有限公司高雄博愛二分公司,27951848,0.00,288.00,餐飲支出,金錢,,,
231,韓國瑜,107年直轄市市長選舉,第一次賸餘,1080320,當選後與其公務有關之費用支出,悠旅生活事業股份有限公司高雄市左營高鐵門市部,36963388,0.00,145.00,餐飲支出,金錢,,,
232,韓國瑜,107年直轄市市長選舉,第一次賸餘,1080321,當選後與其公務有關之費用支出,中華郵政,03741302,0.00,68.00,郵資,金錢,,,
233,韓國瑜,107年直轄市市長選舉,第一次賸餘,1080325,當選後與其公務有關之費用支出,安心食品服務股份有限公司高鐵雲林門市部,47450391,0.00,175.00,餐飲支出,金錢,,,
234,韓國瑜,107年直轄市市長選舉,第一次賸餘,1080328,當選後與其公務有關之費用支出,銀樂小吃店,10881340,0.00,1120.00,餐飲支出,金錢,,,
235,韓國瑜,107年直轄市市長選舉,第一次賸餘,1080329,當選後與其公務有關之費用支出,和德昌股份有限公司高雄博愛二分公司,27951848,0.00,243.00,餐飲支出,金錢,,,
236,韓國瑜,107年直轄市市長選舉,第一次賸餘,1080330,當選後與其公務有關之費用支出,和德昌股份有限公司高雄博愛二分公司,27951848,0.00,337.00,餐飲支出,金錢,,,
237,韓國瑜,107年直轄市市長選舉,第一次賸餘,1080331,當選後與其公務有關之費用支出,悠旅生活事業股份有限公司高雄市第二十分公司,52479539,0.00,145.00,餐飲支出,金錢,,,
238,韓國瑜,107年直轄市市長選舉,第一次賸餘,1080331,當選後與其公務有關之費用支出,中正堂劉家酸白菜火鍋,99395602,0.00,2705.00,餐飲支出,金錢,,,
239,韓國瑜,107年直轄市市長選舉,第一次賸餘,1080401,當選後與其公務有關之費用支出,高鐵,16446274,0.00,1490.00,搭乘交通工具支出,金錢,,,
240,韓國瑜,107年直轄市市長選舉,第一次賸餘,1080401,當選後與其公務有關之費用支出,高鐵,16446274,0.00,1490.00,搭乘交通工具支出,金錢,,,
241,韓國瑜,107年直轄市市長選舉,第一次賸餘,1080401,當選後與其公務有關之費用支出,盛真水果行,41330574,0.00,550.00,為民服務費用,金錢,,,
242,韓國瑜,107年直轄市市長選舉,第一次賸餘,1080403,當選後與其公務有關之費用支出,桂華加油站,89412005,0.00,1610.00,油資,金錢,,,
243,韓國瑜,107年直轄市市長選舉,第一次賸餘,1080405,當選後與其公務有關之費用支出,嘟嘟房,47427625,0.00,180.00,停車費,金錢,,,
244,韓國瑜,107年直轄市市長選舉,第一次賸餘,1080407,當選後與其公務有關之費用支出,台灣中油,06176223,0.00,1413.00,油資,金錢,,,
245,韓國瑜,107年直轄市市長選舉,第一次賸餘,1080408,當選後與其公務有關之費用支出,悠旅生活事業股份有限公司,53524890,0.00,285.00,餐飲支出,金錢,,,
246,韓國瑜,107年直轄市市長選舉,第一次賸餘,1080408,當選後與其公務有關之費用支出,悠旅生活事業股份有限公司,53524890,0.00,315.00,餐飲支出,金錢,,,
247,韓國瑜,107年直轄市市長選舉,第一次賸餘,1080409,當選後與其公務有關之費用支出,高雄市第十一分公司,53764954,0.00,650.00,餐飲支出,金錢,,,
248,韓國瑜,107年直轄市市長選舉,第一次賸餘,1080409,當選後與其公務有關之費用支出,新竹物流股份有限公司斗六營業所,63310101,0.00,300.00,郵資,金錢,,,
249,韓國瑜,107年直轄市市長選舉,第一次賸餘,1080411,當選後與其公務有關之費用支出,中華郵政,03741302,0.00,100.00,郵資,金錢,,,
250,韓國瑜,107年直轄市市長選舉,第一次賸餘,1080411,當選後與其公務有關之費用支出,八方雲集餐飲股份有限公司,42517268,0.00,172.00,餐飲支出,金錢,,,
251,韓國瑜,107年直轄市市長選舉,第一次賸餘,1080411,當選後與其公務有關之費用支出,五都停車場股份有限公司,47540035,0.00,240.00,停車費,金錢,,,
252,韓國瑜,107年直轄市市長選舉,第一次賸餘,1080412,當選後與其公務有關之費用支出,中華郵政,03741302,0.00,44.00,郵資,金錢,,,
253,韓國瑜,107年直轄市市長選舉,第一次賸餘,1080413,當選後與其公務有關之費用支出,台灣聯通停車場開發股份有限公司,39800141,0.00,80.00,停車費,金錢,,,
254,韓國瑜,107年直轄市市長選舉,第一次賸餘,1080413,當選後與其公務有關之費用支出,安心食品服務股份有限公司,53084458,0.00,305.00,餐飲支出,金錢,,,
255,韓國瑜,107年直轄市市長選舉,第一次賸餘,1080414,當選後與其公務有關之費用支出,台灣聯通停車場開發股份有限公司,39800141,0.00,60.00,停車費,金錢,,,
256,韓國瑜,107年直轄市市長選舉,第一次賸餘,1080417,當選後與其公務有關之費用支出,中華郵政,03741302,0.00,56.00,郵資,金錢,,,
257,韓國瑜,107年直轄市市長選舉,第一次賸餘,1080417,當選後與其公務有關之費用支出,嘟嘟房,47427625,0.00,360.00,停車費,金錢,,,
258,韓國瑜,107年直轄市市長選舉,第一次賸餘,1080418,當選後與其公務有關之費用支出,嘟嘟房,47427625,0.00,120.00,停車費,金錢,,,
259,韓國瑜,107年直轄市市長選舉,第一次賸餘,1080418,當選後與其公務有關之費用支出,安心食品服務股份有限公司高鐵雲林門市部,47450391,0.00,500.00,餐飲支出,金錢,,,
260,韓國瑜,107年直轄市市長選舉,第一次賸餘,1080418,當選後與其公務有關之費用支出,中華電信,63501100,0.00,1199.00,電信費用,金錢,,,
261,韓國瑜,107年直轄市市長選舉,第一次賸餘,1080418,當選後與其公務有關之費用支出,桂華加油站,89412005,0.00,1873.00,油資,金錢,,,
262,韓國瑜,107年直轄市市長選舉,第一次賸餘,1080422,當選後與其公務有關之費用支出,南都跑山雞雞肉飯館,57978555,0.00,385.00,餐飲支出,金錢,,,
263,韓國瑜,107年直轄市市長選舉,第一次賸餘,1080423,當選後與其公務有關之費用支出,極品當歸鴨,21398322,0.00,465.00,餐飲支出,金錢,,,
264,韓國瑜,107年直轄市市長選舉,第一次賸餘,1080423,當選後與其公務有關之費用支出,極品當歸鴨,21398322,0.00,330.00,餐飲支出,金錢,,,
265,韓國瑜,107年直轄市市長選舉,第一次賸餘,1080423,當選後與其公務有關之費用支出,聯合花藝企業社,26003755,0.00,1600.00,為民服務費用,金錢,,,
266,韓國瑜,107年直轄市市長選舉,第一次賸餘,1080424,當選後與其公務有關之費用支出,高鐵,16446274,0.00,2440.00,搭乘交通工具支出,金錢,,,
267,韓國瑜,107年直轄市市長選舉,第一次賸餘,1080424,當選後與其公務有關之費用支出,安心食品服務股份有限公司高鐵雲林門市部,47450391,0.00,185.00,餐飲支出,金錢,,,
268,韓國瑜,107年直轄市市長選舉,第一次賸餘,1080427,當選後與其公務有關之費用支出,宏達加油站,23354270,0.00,1881.00,油資,金錢,,,
269,韓國瑜,107年直轄市市長選舉,第一次賸餘,1080427,當選後與其公務有關之費用支出,和德昌股份有限公司高雄博愛二分公司,27951848,0.00,750.00,餐飲支出,金錢,,,
270,韓國瑜,107年直轄市市長選舉,第一次賸餘,1080428,當選後與其公務有關之費用支出,南都跑山雞雞肉飯館,57978555,0.00,295.00,餐飲支出,金錢,,,
271,韓國瑜,107年直轄市市長選舉,第一次賸餘,1080429,當選後與其公務有關之費用支出,吳媽家餃子館,17355429,0.00,1200.00,餐飲支出,金錢,,,
272,韓國瑜,107年直轄市市長選舉,第一次賸餘,1080429,當選後與其公務有關之費用支出,台灣聯通停車場開發股份有限公司雲林斗六停車場,39800141,0.00,60.00,停車費,金錢,,,
273,韓國瑜,107年直轄市市長選舉,第一次賸餘,1080430,當選後與其公務有關之費用支出,中華郵政,03741302,0.00,144.00,搭乘交通工具支出,金錢,,,
274,韓國瑜,107年直轄市市長選舉,第一次賸餘,1080430,當選後與其公務有關之費用支出,瑞格納有限公司,28197736,0.00,2716.00,差旅膳宿支出,金錢,,,
275,韓國瑜,107年直轄市市長選舉,第一次賸餘,1080503,當選後與其公務有關之費用支出,高鐵,16446274,0.00,540.00,搭乘交通工具支出,金錢,,,
276,韓國瑜,107年直轄市市長選舉,第一次賸餘,1080503,當選後與其公務有關之費用支出,高鐵,16446274,0.00,540.00,搭乘交通工具支出,金錢,,,
277,韓國瑜,107年直轄市市長選舉,第一次賸餘,1080504,當選後與其公務有關之費用支出,高鐵,16446274,0.00,790.00,搭乘交通工具支出,金錢,,,
278,韓國瑜,107年直轄市市長選舉,第一次賸餘,1080506,當選後與其公務有關之費用支出,高鐵,16446274,0.00,1040.00,搭乘交通工具支出,金錢,,,
279,韓國瑜,107年直轄市市長選舉,第一次賸餘,1080506,當選後與其公務有關之費用支出,高鐵,16446274,0.00,1040.00,搭乘交通工具支出,金錢,,,
280,韓國瑜,107年直轄市市長選舉,第一次賸餘,1080507,當選後與其公務有關之費用支出,高鐵,16446274,0.00,1040.00,搭乘交通工具支出,金錢,,,
281,韓國瑜,107年直轄市市長選舉,第一次賸餘,1080507,當選後與其公務有關之費用支出,高鐵,16446274,0.00,1040.00,搭乘交通工具支出,金錢,,,
282,韓國瑜,107年直轄市市長選舉,第一次賸餘,1080509,當選後與其公務有關之費用支出,大發衛星大車隊,,0.00,250.00,搭乘交通工具支出,金錢,,(07)*****,
283,韓國瑜,107年直轄市市長選舉,第一次賸餘,1080509,當選後與其公務有關之費用支出,中華郵政,03741302,0.00,56.00,郵資,金錢,,,
284,韓國瑜,107年直轄市市長選舉,第一次賸餘,1080511,當選後與其公務有關之費用支出,高鐵,16446274,0.00,2440.00,搭乘交通工具支出,金錢,,,
285,韓國瑜,107年直轄市市長選舉,第一次賸餘,1080511,當選後與其公務有關之費用支出,高鐵,16446274,0.00,1250.00,搭乘交通工具支出,金錢,,,
286,韓國瑜,107年直轄市市長選舉,第一次賸餘,1080513,當選後與其公務有關之費用支出,中華郵政,03741302,0.00,35.00,郵資,金錢,,,
287,韓國瑜,107年直轄市市長選舉,第一次賸餘,1080513,當選後與其公務有關之費用支出,高鐵,16446274,0.00,540.00,搭乘交通工具支出,金錢,,,
288,韓國瑜,107年直轄市市長選舉,第一次賸餘,1080513,當選後與其公務有關之費用支出,高鐵,16446274,0.00,540.00,搭乘交通工具支出,金錢,,,
289,韓國瑜,107年直轄市市長選舉,第一次賸餘,1080514,當選後與其公務有關之費用支出,高鐵,16446274,0.00,1490.00,搭乘交通工具支出,金錢,,,
290,韓國瑜,107年直轄市市長選舉,第一次賸餘,1080515,當選後與其公務有關之費用支出,香民商行,72023328,0.00,170.00,咖啡,金錢,,,
291,韓國瑜,107年直轄市市長選舉,第一次賸餘,1080516,當選後與其公務有關之費用支出,高鐵,16446274,0.00,1445.00,搭乘交通工具支出,金錢,,,
292,韓國瑜,107年直轄市市長選舉,第一次賸餘,1080516,當選後與其公務有關之費用支出,高鐵,16446274,0.00,1445.00,搭乘交通工具支出,金錢,,,
293,韓國瑜,107年直轄市市長選舉,第一次賸餘,1080516,當選後與其公務有關之費用支出,高鐵,16446274,0.00,560.00,搭乘交通工具支出,金錢,,,
294,韓國瑜,107年直轄市市長選舉,第一次賸餘,1080517,當選後與其公務有關之費用支出,中華郵政,03741302,0.00,28.00,郵資,金錢,,,
295,韓國瑜,107年直轄市市長選舉,第一次賸餘,1080517,當選後與其公務有關之費用支出,凱麗百貨有限公司,19283730,0.00,165.00,雜項購置或修繕費用,金錢,,,
296,韓國瑜,107年直轄市市長選舉,第一次賸餘,1080517,當選後與其公務有關之費用支出,中華電信,63501100,0.00,1199.00,電信費用,金錢,,,
297,韓國瑜,107年直轄市市長選舉,第一次賸餘,1080518,當選後與其公務有關之費用支出,吳長隆,P12*******,0.00,3200.00,為民服務費用,金錢,,,
298,韓國瑜,107年直轄市市長選舉,第一次賸餘,1080520,當選後與其公務有關之費用支出,高鐵,16446274,0.00,1040.00,搭乘交通工具支出,金錢,,,
299,韓國瑜,107年直轄市市長選舉,第一次賸餘,1080520,當選後與其公務有關之費用支出,明倫自助餐,69800034,0.00,275.00,餐飲支出,金錢,,,
300,韓國瑜,107年直轄市市長選舉,第一次賸餘,1080521,當選後與其公務有關之費用支出,中華郵政,03741302,0.00,144.00,郵資,金錢,,,
301,韓國瑜,107年直轄市市長選舉,第一次賸餘,1080521,當選後與其公務有關之費用支出,高鐵,16446274,0.00,2440.00,搭乘交通工具支出,金錢,,,
302,韓國瑜,107年直轄市市長選舉,第一次賸餘,1080522,當選後與其公務有關之費用支出,高鐵,16446274,0.00,560.00,搭乘交通工具支出,金錢,,,
303,韓國瑜,107年直轄市市長選舉,第一次賸餘,1080522,當選後與其公務有關之費用支出,高鐵,16446274,0.00,560.00,搭乘交通工具支出,金錢,,,
304,韓國瑜,107年直轄市市長選舉,第一次賸餘,1080524,當選後與其公務有關之費用支出,高鐵,16446274,0.00,560.00,搭乘交通工具支出,金錢,,,
305,韓國瑜,107年直轄市市長選舉,第一次賸餘,1080525,當選後與其公務有關之費用支出,台鐵,07524729,0.00,52.00,搭乘交通工具支出,金錢,,,
306,韓國瑜,107年直轄市市長選舉,第一次賸餘,1080528,當選後與其公務有關之費用支出,大溝頂孫家肉粽,,0.00,9090.00,餐飲支出,金錢,,0939*****,
307,韓國瑜,107年直轄市市長選舉,第一次賸餘,1080528,當選後與其公務有關之費用支出,中華郵政,03741302,0.00,80.00,郵資,金錢,,,
308,韓國瑜,107年直轄市市長選舉,第一次賸餘,1080529,當選後與其公務有關之費用支出,大溝頂孫家肉粽,,0.00,9090.00,餐飲支出,金錢,,0939*****,
309,韓國瑜,107年直轄市市長選舉,第一次賸餘,1080530,當選後與其公務有關之費用支出,高鐵,16446274,0.00,2440.00,搭乘交通工具支出,金錢,,,
310,韓國瑜,107年直轄市市長選舉,第一次賸餘,1080530,當選後與其公務有關之費用支出,高鐵,16446274,0.00,2440.00,搭乘交通工具支出,金錢,,,
311,韓國瑜,107年直轄市市長選舉,第一次賸餘,1080605,當選後與其公務有關之費用支出,蓮潭國際文教會館,08924821,0.00,2000.00,差旅膳宿支出,金錢,,,
312,韓國瑜,107年直轄市市長選舉,第一次賸餘,1080609,當選後與其公務有關之費用支出,高鐵,16446274,0.00,1390.00,搭乘交通工具支出,金錢,,,
313,韓國瑜,107年直轄市市長選舉,第一次賸餘,1080613,當選後與其公務有關之費用支出,高鐵,16446274,0.00,1390.00,搭乘交通工具支出,金錢,,,
314,韓國瑜,107年直轄市市長選舉,第一次賸餘,1080613,當選後與其公務有關之費用支出,中華電信,63501100,0.00,1399.00,電信費用,金錢,,,
315,韓國瑜,107年直轄市市長選舉,第一次賸餘,1080618,當選後與其公務有關之費用支出,高鐵,16446274,0.00,410.00,搭乘交通工具支出,金錢,,,
316,韓國瑜,107年直轄市市長選舉,第一次賸餘,1080619,當選後與其公務有關之費用支出,高鐵,16446274,0.00,2440.00,搭乘交通工具支出,金錢,,,
317,韓國瑜,107年直轄市市長選舉,第一次賸餘,1080627,當選後與其公務有關之費用支出,中華郵政,03741302,0.00,35.00,郵資,金錢,,,
318,韓國瑜,107年直轄市市長選舉,第一次賸餘,1080702,當選後與其公務有關之費用支出,中華郵政,03741302,0.00,32.00,郵資,金錢,,,
319,韓國瑜,107年直轄市市長選舉,第一次賸餘,1080702,當選後與其公務有關之費用支出,中華郵政,03741302,0.00,112.00,郵資,金錢,,,
320,韓國瑜,107年直轄市市長選舉,第一次賸餘,1080716,當選後與其公務有關之費用支出,中華電信,63501100,0.00,1202.00,電信費用,金錢,,,
321,韓國瑜,107年直轄市市長選舉,第一次賸餘,1080721,當選後與其公務有關之費用支出,高鐵,16446274,0.00,1445.00,搭乘交通工具支出,金錢,,,
322,韓國瑜,107年直轄市市長選舉,第一次賸餘,1080722,捐贈教育、文化、公益、慈善機構或團體支出,社團法人高雄市調色板協會,78640501,0.00,400000.00,捐贈教育、文化、公益、慈善機構或團體支出,金錢,高雄市苓雅區****,07-2*****,
323,韓國瑜,107年直轄市市長選舉,第一次賸餘,1080726,當選後與其公務有關之費用支出,中華郵政,03741302,0.00,80.00,郵資,金錢,,,
324,韓國瑜,107年直轄市市長選舉,第一次賸餘,1080804,捐贈教育、文化、公益、慈善機構或團體支出,高雄市杉林區大愛社區發展協會,47635763,0.00,100000.00,捐贈教育、文化、公益、慈善機構或團體支出,金錢,高雄市杉林區****,07-6*****,
325,韓國瑜,107年直轄市市長選舉,第一次賸餘,1080806,捐贈教育、文化、公益、慈善機構或團體支出,財團法人高雄市私立星星兒社會福利基金會,17949823,0.00,500000.00,捐贈教育、文化、公益、慈善機構或團體支出,金錢,高雄市前金區****,(07)*****,
326,韓國瑜,107年直轄市市長選舉,第一次賸餘,1080807,捐贈教育、文化、公益、慈善機構或團體支出,財團法人中華基督教新生命小組教會,25899142,0.00,500000.00,捐贈教育、文化、公益、慈善機構或團體支出,金錢,臺南市東區中****,(02)*****,
327,韓國瑜,107年直轄市市長選舉,第一次賸餘,1080808,捐贈教育、文化、公益、慈善機構或團體支出,高雄市政府社會局,79828258,0.00,1000000.00,捐贈教育、文化、公益、慈善機構或團體支出,金錢,高雄市苓雅區****,(07)*****,
328,韓國瑜,107年直轄市市長選舉,第一次賸餘,1080819,捐贈教育、文化、公益、慈善機構或團體支出,台灣關懷急難救助協會,25872592,0.00,200000.00,捐贈教育、文化、公益、慈善機構或團體支出,金錢,屏東縣屏東市****,(08)*****,
329,韓國瑜,107年直轄市市長選舉,第一次賸餘,1080820,當選後與其公務有關之費用支出,中華電信,63501100,0.00,1263.00,電信費用,金錢,,,
330,韓國瑜,107年直轄市市長選舉,第一次賸餘,1080826,捐贈教育、文化、公益、慈善機構或團體支出,財團法人台灣世界展望會(台灣世界展望會),04124664,0.00,500000.00,捐贈教育、文化、公益、慈善機構或團體支出,金錢,臺北市松山區****,(02)*****,
331,韓國瑜,107年直轄市市長選舉,第一次賸餘,1080906,當選後與其公務有關之費用支出,中華郵政股份有限公司,03741302,0.00,28.00,郵資,金錢,台北市大安區****,,
332,韓國瑜,107年直轄市市長選舉,第一次賸餘,1081018,捐贈教育、文化、公益、慈善機構或團體支出,財團法人門諾社會福利慈善事業基金會,20009253,0.00,1000000.00,捐贈教育、文化、公益、慈善機構或團體支出,金錢,花蓮市民權路****,(03)*****,
333,韓國瑜,107年直轄市市長選舉,第一次賸餘,1081018,捐贈教育、文化、公益、慈善機構或團體支出,財團法人中華民國唐氏症基金會,81598577,0.00,1000000.00,捐贈教育、文化、公益、慈善機構或團體支出,金錢,新北市三重區****,(02)*****,
334,韓國瑜,107年直轄市市長選舉,第一次賸餘,1081021,捐贈教育、文化、公益、慈善機構或團體支出,財團法人桃園市藍迪基金會,40966680,0.00,1000000.00,捐贈教育、文化、公益、慈善機構或團體支出,金錢,桃園市大園區****,03-3*****,
335,韓國瑜,107年直轄市市長選舉,第一次賸餘,1081022,捐贈教育、文化、公益、慈善機構或團體支出,高雄市政府經濟發展局,85465492,0.00,1000000.00,捐贈教育、文化、公益、慈善機構或團體支出,金錢,高雄市苓雅區****,07-3*****,
336,韓國瑜,107年直轄市市長選舉,第一次賸餘,1081113,捐贈教育、文化、公益、慈善機構或團體支出,財團法人新竹縣天主教世光教養院,02809280,0.00,300000.00,捐贈教育、文化、公益、慈善機構或團體支出,金錢,新竹縣竹東鎮****,03-5*****,
337,韓國瑜,107年直轄市市長選舉,第一次賸餘,1081219,捐贈教育、文化、公益、慈善機構或團體支出,社團法人高雄市愛心手足慈善會,08246956,0.00,5000.00,捐贈教育、文化、公益、慈善機構或團體支出,金錢,高雄市苓雅區****,07-2*****,
338,韓國瑜,107年直轄市市長選舉,第一次賸餘,1081219,捐贈教育、文化、公益、慈善機構或團體支出,財團法人日月之光慈善事業基金會,10269379,0.00,21000.00,捐贈教育、文化、公益、慈善機構或團體支出,金錢,高雄市楠梓加****,0736*****,
339,韓國瑜,107年直轄市市長選舉,第一次賸餘,1081219,捐贈教育、文化、公益、慈善機構或團體支出,高雄市大樹區統嶺社區發展協會,15744660,0.00,13000.00,捐贈教育、文化、公益、慈善機構或團體支出,金錢,高雄市大樹區****,6563*****,
340,韓國瑜,107年直轄市市長選舉,第一次賸餘,1081219,捐贈教育、文化、公益、慈善機構或團體支出,財團法人高雄市慈聯社會福利基金會,17027756,0.00,11000.00,捐贈教育、文化、公益、慈善機構或團體支出,金錢,高雄市仁武區****,07-3*****,
341,韓國瑜,107年直轄市市長選舉,第一次賸餘,1081219,捐贈教育、文化、公益、慈善機構或團體支出,社團法人台灣凝愛關懷弱勢協會,41267431,0.00,12000.00,捐贈教育、文化、公益、慈善機構或團體支出,金錢,高雄市橋頭區****,,
342,韓國瑜,107年直轄市市長選舉,第一次賸餘,1081219,捐贈教育、文化、公益、慈善機構或團體支出,財團法人天主教社會慈善福利基金會,92067317,0.00,15500.00,捐贈教育、文化、公益、慈善機構或團體支出,金錢,高雄市五福三****,,
343,韓國瑜,107年直轄市市長選舉,第一次賸餘,1081219,捐贈教育、文化、公益、慈善機構或團體支出,財團法人聖功社會福利慈善基金會,99399059,0.00,13500.00,捐贈教育、文化、公益、慈善機構或團體支出,金錢,高雄市苓雅區****,07-2*****,
344,韓國瑜,107年直轄市市長選舉,第一次賸餘,1081220,捐贈教育、文化、公益、慈善機構或團體支出,社團法人高雄市關壞台灣協會,78936835,0.00,10000.00,捐贈教育、文化、公益、慈善機構或團體支出,金錢,高雄市鳳山區****,0776*****,
345,韓國瑜,107年直轄市市長選舉,第一次賸餘,1081220,捐贈教育、文化、公益、慈善機構或團體支出,社團法人中華房角石兒少關壞協會,92018288,0.00,35500.00,捐贈教育、文化、公益、慈善機構或團體支出,金錢,高雄市三民區****,0795*****,
346,韓國瑜,107年直轄市市長選舉,第一次賸餘,1081223,捐贈教育、文化、公益、慈善機構或團體支出,財團法人勵馨社會福利事業基金會,00968923,0.00,5500.00,捐贈教育、文化、公益、慈善機構或團體支出,金錢,新北市新店區****,0289*****,
347,韓國瑜,107年直轄市市長選舉,第一次賸餘,1081223,捐贈教育、文化、公益、慈善機構或團體支出,高雄市私立大慈育幼院,07863277,0.00,21500.00,捐贈教育、文化、公益、慈善機構或團體支出,金錢,高雄市大樹區****,07 6*****,
348,韓國瑜,107年直轄市市長選舉,第一次賸餘,1081223,捐贈教育、文化、公益、慈善機構或團體支出,財團法人高雄市私立基督教山地育幼院,07887101,0.00,28000.00,捐贈教育、文化、公益、慈善機構或團體支出,金錢,高雄市六龜區****,0768*****,
349,韓國瑜,107年直轄市市長選舉,第一次賸餘,1081223,捐贈教育、文化、公益、慈善機構或團體支出,財團法人高雄市私立小天使家園,26418924,0.00,10500.00,捐贈教育、文化、公益、慈善機構或團體支出,金錢,高雄市路竹區****,0769*****,
350,韓國瑜,107年直轄市市長選舉,第一次賸餘,1081223,捐贈教育、文化、公益、慈善機構或團體支出,財團法人高雄市私立希恩之家,41343368,0.00,6000.00,捐贈教育、文化、公益、慈善機構或團體支出,金錢,高雄市大社區****,0735*****,
351,韓國瑜,107年直轄市市長選舉,第一次賸餘,1081223,捐贈教育、文化、公益、慈善機構或團體支出,財團法人天主教聖母無原罪方濟傳教修女會,56996653,0.00,5500.00,捐贈教育、文化、公益、慈善機構或團體支出,金錢,台南市北區北****,0627*****,
352,韓國瑜,107年直轄市市長選舉,第一次賸餘,1081223,捐贈教育、文化、公益、慈善機構或團體支出,財團法人高雄市私立紅十字會育幼中心,82039209,0.00,15000.00,捐贈教育、文化、公益、慈善機構或團體支出,金錢,高雄市鼓山區****,07-5*****,
353,韓國瑜,107年直轄市市長選舉,第一次賸餘,1081223,捐贈教育、文化、公益、慈善機構或團體支出,財團法人高雄市私立佛教淨覺育幼院,98580170,0.00,8500.00,捐贈教育、文化、公益、慈善機構或團體支出,金錢,高雄市三民區****,0738*****,
354,韓國瑜,107年直轄市市長選舉,第一次賸餘,1081223,捐贈教育、文化、公益、慈善機構或團體支出,高雄市燕巢區安招社區發展協會,98639453,0.00,9500.00,捐贈教育、文化、公益、慈善機構或團體支出,金錢,高雄市燕巢區****,0761*****,
355,韓國瑜,107年直轄市市長選舉,第一次賸餘,1081224,捐贈教育、文化、公益、慈善機構或團體支出,社團法人中華民國牧愛生命協會,21303064,0.00,15000.00,捐贈教育、文化、公益、慈善機構或團體支出,金錢,高雄市鼓山區****,07 5*****,
356,韓國瑜,107年直轄市市長選舉,第一次賸餘,1081224,捐贈教育、文化、公益、慈善機構或團體支出,社團法人高雄市六龜關懷協會,25822854,0.00,15000.00,捐贈教育、文化、公益、慈善機構或團體支出,金錢,高雄市六龜區****,0768*****,
357,韓國瑜,107年直轄市市長選舉,第一次賸餘,1081224,捐贈教育、文化、公益、慈善機構或團體支出,財團法人台灣關愛基金會附設高雄市私立關愛家園,72307768,0.00,3500.00,捐贈教育、文化、公益、慈善機構或團體支出,金錢,高雄市三民區****,0739*****,
358,韓國瑜,107年直轄市市長選舉,第一次賸餘,1081224,捐贈教育、文化、公益、慈善機構或團體支出,財團法人高雄市私立永安兒童之家,99184445,0.00,17000.00,捐贈教育、文化、公益、慈善機構或團體支出,金錢,高雄市大寮區****,0778*****,
359,韓國瑜,107年直轄市市長選舉,第一次賸餘,1081225,捐贈教育、文化、公益、慈善機構或團體支出,高雄市桃源區高中社區發展協會,29422438,0.00,26000.00,捐贈教育、文化、公益、慈善機構或團體支出,金錢,高雄市桃源區****,0975*****,
360,韓國瑜,107年直轄市市長選舉,第一次賸餘,1081226,捐贈教育、文化、公益、慈善機構或團體支出,財團法人高雄市私立慈德育幼院,21968441,0.00,19500.00,捐贈教育、文化、公益、慈善機構或團體支出,金錢,,0761*****,
361,韓國瑜,107年直轄市市長選舉,第一次賸餘,1081227,捐贈教育、文化、公益、慈善機構或團體支出,財團法人高雄市私立慈暉關懷學園,10715455,0.00,5500.00,捐贈教育、文化、公益、慈善機構或團體支出,金錢,高雄市鳳山區****,0774*****,
362,韓國瑜,107年直轄市市長選舉,第一次賸餘,1081227,捐贈教育、文化、公益、慈善機構或團體支出,高雄市政府社會局,79828258,0.00,7500.00,捐贈教育、文化、公益、慈善機構或團體支出,金錢,高雄市苓雅區****,07 3*****,
363,韓國瑜,107年直轄市市長選舉,第一次賸餘,1081230,捐贈教育、文化、公益、慈善機構或團體支出,財團法人伊甸社會福利基金會,05200169,0.00,5500.00,捐贈教育、文化、公益、慈善機構或團體支出,金錢,台北市文山區****,,
364,韓國瑜,107年直轄市市長選舉,第一次賸餘,1081231,捐贈教育、文化、公益、慈善機構或團體支出,財團法人天主教社會慈善福利基金會,92067317,0.00,450000.00,捐贈教育、文化、公益、慈善機構或團體支出,金錢,高雄市苓雅區****,07-2*****,
