﻿序號,擬參選人／政黨,選舉名稱,申報序號／年度,交易日期,收支科目,捐贈者／支出對象,身分證／統一編號,收入金額,支出金額,支出用途,金錢類,地址,聯絡電話,資料更正日期
1,李建輝,109年立法委員選舉,首次申報,1081107,匿名捐贈,陳郁玲,,2000.00,0.00,,金錢,,,
2,李建輝,109年立法委員選舉,首次申報,1081107,匿名捐贈,匿名,,1000.00,0.00,,金錢,,,
3,李建輝,109年立法委員選舉,首次申報,1081107,匿名捐贈,匿名,,2000.00,0.00,,金錢,,,
4,李建輝,109年立法委員選舉,首次申報,1081111,個人捐贈收入,張家獻,,9800.00,0.00,,金錢,,0958*****,
5,李建輝,109年立法委員選舉,首次申報,1081111,匿名捐贈,匿名,,3000.00,0.00,,金錢,,,
6,李建輝,109年立法委員選舉,首次申報,1081111,個人捐贈收入,張余健,,1000.00,0.00,,金錢,****,0938*****,
7,李建輝,109年立法委員選舉,首次申報,1081111,匿名捐贈,匿名,,1000.00,0.00,,金錢,,,
8,李建輝,109年立法委員選舉,首次申報,1081115,個人捐贈收入,陳瑋鑫,,3000.00,0.00,,金錢,,0935*****,
9,李建輝,109年立法委員選舉,首次申報,1081118,個人捐贈收入,郭椿華,R20*******,100000.00,0.00,,金錢,臺北市大安區****,,
10,李建輝,109年立法委員選舉,首次申報,1081118,個人捐贈收入,蘇淑萍,R22*******,100000.00,0.00,,金錢,臺南市七股區****,,
11,李建輝,109年立法委員選舉,首次申報,1081209,個人捐贈收入,陳瑋鑫,,2000.00,0.00,,金錢,,0935*****,
12,李建輝,109年立法委員選舉,首次申報,1081221,其他收入,利息收入,,4.00,0.00,,金錢,,,
13,李建輝,109年立法委員選舉,首次申報,1090103,匿名捐贈,陳順興,,2000.00,0.00,,金錢,,,
