﻿序號,擬參選人／政黨,選舉名稱,申報序號／年度,交易日期,收支科目,捐贈者／支出對象,身分證／統一編號,收入金額,支出金額,捐贈方式,存入專戶日期,返還/繳庫,支出用途,金錢類,地址,聯絡電話,應揭露之支出對象,支出對象之內部人員姓名,支出對象之內部人員職稱,政黨之內部人員姓名,政黨之內部人員職稱,關係,更正註記,資料更正日期
1,藞妏．尼卡兒,111年新北市議員選舉,首次申報,1111005,人事費用支出,阿妞兒.掃吾瑪,U22*******,0.00,32000.00,,,,工資或薪津,金錢,新北市新莊區****,,否,,,,,,,
2,藞妏．尼卡兒,111年新北市議員選舉,首次申報,1111005,人事費用支出,沈淑慎,V22*******,0.00,32000.00,,,,工資或薪津,金錢,新北市樹林區****,,否,,,,,,,
3,藞妏．尼卡兒,111年新北市議員選舉,首次申報,1111105,人事費用支出,阿妞兒.掃吾瑪,U22*******,0.00,32000.00,,,,工資或薪津,金錢,新北市新莊區****,,否,,,,,,,
4,藞妏．尼卡兒,111年新北市議員選舉,首次申報,1111105,人事費用支出,沈淑慎,V22*******,0.00,32000.00,,,,工資或薪津,金錢,新北市樹林區****,,否,,,,,,,
5,藞妏．尼卡兒,111年新北市議員選舉,首次申報,1111113,集會支出,藝焺企業有限公司,80743200,0.00,84000.00,,,,租用設備費用,金錢,新北市板橋區****,2233*****,否,,,,,,,
6,藞妏．尼卡兒,111年新北市議員選舉,首次申報,1111124,宣傳支出,明明圖書文具有限公司,04734259,0.00,113845.00,,,,製作競選物品或宣傳廣告費用（物品名稱-帽子一批）,金錢,臺北市莊敬路****,2722*****,否,,,,,,,
7,藞妏．尼卡兒,111年新北市議員選舉,首次申報,1111201,人事費用支出,阿妞兒.掃吾瑪,U22*******,0.00,32000.00,,,,工資或薪津,金錢,新北市新莊區****,,否,,,,,,,
8,藞妏．尼卡兒,111年新北市議員選舉,首次申報,1120222,返還捐贈支出,誼昌工程股份有限公司,24858828,0.00,60000.00,,,,返還,金錢,新北市中和區****,,否,,,,,,,
9,藞妏．尼卡兒,111年新北市議員選舉,首次申報,1120222,返還捐贈支出,誼昌工程股份有限公司,24858828,0.00,20000.00,,,,返還,金錢,新北市中和區****,,否,,,,,,,
