﻿序號,擬參選人／政黨,選舉名稱,申報序號／年度,交易日期,收支科目,捐贈者／支出對象,身分證／統一編號,收入金額,支出金額,支出用途,金錢類,地址,聯絡電話,資料更正日期
1,鄭敬議,107年縣(市)議員選舉,首次申報,1071026,宣傳支出,競選總部,N12*******,0.00,30000.00,製作宣傳廣告支出,非金錢,彰化縣鹿港鎮****,,
2,鄭敬議,107年縣(市)議員選舉,首次申報,1071027,集會支出,梁明輝,N10*******,0.00,18000.00,租用場地支出,金錢,彰化縣鹿港鎮****,0932*****,
3,鄭敬議,107年縣(市)議員選舉,首次申報,1071027,宣傳支出,競選總部,N12*******,0.00,40000.00,核銷宣傳工作服,非金錢,彰化縣鹿港鎮****,,
4,鄭敬議,107年縣(市)議員選舉,首次申報,1071110,租用宣傳車輛支出,羅仁富,N12*******,0.00,20000.00,租用宣傳車輛支出,金錢,彰化縣福興鄉****,0986*****,
5,鄭敬議,107年縣(市)議員選舉,首次申報,1071130,宣傳支出,蕭是程,N12*******,0.00,80000.00,製作宣傳廣告支出,金錢,彰化縣彰化市****,0983*****,
6,鄭敬議,107年縣(市)議員選舉,首次申報,1071130,租用競選辦事處支出,郭永福,N12*******,0.00,12000.00,租用競選辦事處費用,金錢,彰化縣鹿港鎮****,0934*****,
