﻿序號,擬參選人／政黨,選舉名稱,申報序號／年度,交易日期,收支科目,捐贈者／支出對象,身分證／統一編號,收入金額,支出金額,支出用途,金錢類,地址,聯絡電話,資料更正日期
1,洪明江,107年縣(市)議員選舉,首次申報,1071022,個人捐贈收入,吳國榮,T12*******,30000.00,0.00,,金錢,屏東縣潮州鎮****,0953*****,
2,洪明江,107年縣(市)議員選舉,首次申報,1071024,個人捐贈收入,洪福枝,S12*******,20000.00,0.00,,金錢,屏東縣潮州鎮****,08-7*****,
3,洪明江,107年縣(市)議員選舉,首次申報,1071030,營利事業捐贈收入,永昇冷凍食品工業股份有限公司,83606692,60000.00,0.00,,金錢,屏東縣里港鄉****,08-7*****,
4,洪明江,107年縣(市)議員選舉,首次申報,1071113,營利事業捐贈收入,億揚環保有限公司,24683089,20000.00,0.00,,金錢,高雄市鳳山區****,07-7*****,
5,洪明江,107年縣(市)議員選舉,首次申報,1071113,營利事業捐贈收入,豐屏股份有限公司,57051725,50000.00,0.00,,金錢,屏東市中正路****,7325*****,
6,洪明江,107年縣(市)議員選舉,首次申報,1071113,個人捐贈收入,程桂霞,T20*******,30000.00,0.00,,金錢,屏東縣潮州鎮****,0932*****,
7,洪明江,107年縣(市)議員選舉,首次申報,1071114,營利事業捐贈收入,福億冷凍食品有限公司,53164017,50000.00,0.00,,金錢,屏東縣潮州鎮****,7881*****,
8,洪明江,107年縣(市)議員選舉,首次申報,1071114,營利事業捐贈收入,屏東農產股份有限公司,92702838,12000.00,0.00,,金錢,屏東縣萬巒鄉****,7831*****,
9,洪明江,107年縣(市)議員選舉,首次申報,1071114,個人捐贈收入,陳美滿,T22*******,3000.00,0.00,,金錢,屏東縣潮州鎮****,0935*****,
10,洪明江,107年縣(市)議員選舉,首次申報,1071115,個人捐贈收入,林榮章,T12*******,12000.00,0.00,,金錢,屏東縣潮州鎮****,08-7*****,
11,洪明江,107年縣(市)議員選舉,首次申報,1071119,個人捐贈收入,施慧卿,T22*******,100000.00,0.00,,金錢,屏東縣潮州鎮****,08-7*****,
12,洪明江,107年縣(市)議員選舉,首次申報,1071120,個人捐贈收入,李康宣,T10*******,10000.00,0.00,,金錢,屏東縣潮州鎮****,08-7*****,
