﻿序號,擬參選人／政黨,選舉名稱,申報序號／年度,交易日期,收支科目,捐贈者／支出對象,身分證／統一編號,收入金額,支出金額,捐贈方式,存入專戶日期,返還/繳庫,支出用途,金錢類,地址,聯絡電話,應揭露之支出對象,支出對象之內部人員姓名,支出對象之內部人員職稱,政黨之內部人員姓名,政黨之內部人員職稱,關係,更正註記,資料更正日期
1,何文海,111年臺中市議員選舉,首次申報,1110525,宣傳支出,江濟陽堂祭祀公業,,0.00,27000.00,,,,租用廣告看板或車體廣告費用,金錢,臺中市南屯區****,,否,,,,,,,
2,何文海,111年臺中市議員選舉,首次申報,1110525,宣傳支出,余安章,,0.00,12000.00,,,,租用廣告看板或車體廣告費用,金錢,臺中市南屯區****,0939*****,否,,,,,,,
3,何文海,111年臺中市議員選舉,首次申報,1110525,宣傳支出,戴藝璘,,0.00,25000.00,,,,租用廣告看板或車體廣告費用,金錢,臺中市南屯區****,0921*****,否,,,,,,,
4,何文海,111年臺中市議員選舉,首次申報,1110525,宣傳支出,麗瑩行,99662733,0.00,6000.00,,,,製作競選物品或宣傳廣告費用（物品名稱-筆）,金錢,臺中市南屯區****,04-2*****,否,,,,,,,
5,何文海,111年臺中市議員選舉,首次申報,1110525,人事費用支出,白妙鈴,A21*******,0.00,20000.00,,,,工資或薪津,金錢,臺中市南屯區****,,否,,,,,,,
6,何文海,111年臺中市議員選舉,首次申報,1110526,宣傳支出,施孟欣,,0.00,20000.00,,,,租用廣告看板或車體廣告費用,金錢,臺中市南屯區****,0916*****,否,,,,,,,
7,何文海,111年臺中市議員選舉,首次申報,1110526,宣傳支出,施仲修,,0.00,20000.00,,,,租用廣告看板或車體廣告費用,金錢,臺中市南屯區****,,否,,,,,,,
8,何文海,111年臺中市議員選舉,首次申報,1110526,宣傳支出,施叔青,,0.00,20000.00,,,,租用廣告看板或車體廣告費用,金錢,臺中市南屯區****,,否,,,,,,,
9,何文海,111年臺中市議員選舉,首次申報,1110529,集會支出,正忠排骨飯,63261100,0.00,4675.00,,,,餐飲費用,金錢,臺中市南屯區****,04-2*****,否,,,,,,,
10,何文海,111年臺中市議員選舉,首次申報,1110602,宣傳支出,宸緯資訊有限公司,70644791,0.00,120000.00,,,,發送電信簡訊費用,金錢,雲林縣斗六市****,05-5*****,否,,,,,,,
11,何文海,111年臺中市議員選舉,首次申報,1110605,宣傳支出,首席帆布實業有限公司,,0.00,28244.00,,,,製作競選物品或宣傳廣告費用（物品名稱-帆布）,金錢,臺中市西屯區****,04-2*****,否,,,,,,,
12,何文海,111年臺中市議員選舉,首次申報,1110605,宣傳支出,首席帆布實業有限公司,23541703,0.00,28244.00,,,,製作競選物品或宣傳廣告費用（物品名稱-帆布）,金錢,臺中市西屯區****,04-2*****,否,,,,,,,
13,何文海,111年臺中市議員選舉,首次申報,1110605,集會支出,正忠排骨飯,63261100,0.00,6375.00,,,,餐飲費用,金錢,臺中市南屯區****,04-2*****,否,,,,,,,
14,何文海,111年臺中市議員選舉,首次申報,1110612,集會支出,正忠排骨飯,63261100,0.00,2805.00,,,,餐飲費用,金錢,臺中市南屯區****,04-2*****,否,,,,,,,
15,何文海,111年臺中市議員選舉,首次申報,1110619,集會支出,正忠排骨飯,63261100,0.00,5950.00,,,,餐飲費用,金錢,臺中市南屯區****,04-2*****,否,,,,,,,
16,何文海,111年臺中市議員選舉,首次申報,1110622,租用競選辦事處支出,台灣電力公司,51868406,0.00,1051.00,,,,其他與租用競選辦事處有關之費用/電話費,金錢,臺中市南屯區****,,否,,,,,,,
17,何文海,111年臺中市議員選舉,首次申報,1110623,租用競選辦事處支出,台灣電力公司,51868406,0.00,2094.00,,,,其他與租用競選辦事處有關之費用/電話費,金錢,臺中市南屯區****,,否,,,,,,,
18,何文海,111年臺中市議員選舉,首次申報,1110625,人事費用支出,白妙鈴,A21*******,0.00,26000.00,,,,工資或薪津,金錢,臺中市南屯區****,,否,,,,,,,
19,何文海,111年臺中市議員選舉,首次申報,1110626,集會支出,正忠排骨飯,63261100,0.00,850.00,,,,餐飲費用,金錢,臺中市南屯區****,04-2*****,否,,,,,,,
20,何文海,111年臺中市議員選舉,首次申報,1110626,集會支出,正忠排骨飯,63261100,0.00,2805.00,,,,餐飲費用,金錢,臺中市南屯區****,04-2*****,否,,,,,,,
21,何文海,111年臺中市議員選舉,首次申報,1110626,宣傳支出,賴勇志,B12*******,0.00,90000.00,,,,租用廣告看板或車體廣告費用,金錢,臺中市南屯區****,0937*****,否,,,,,,,
22,何文海,111年臺中市議員選舉,首次申報,1110627,宣傳支出,簡朝明,,0.00,29000.00,,,,租用廣告看板或車體廣告費用,金錢,臺中市南屯區****,0910*****,否,,,,,,,
23,何文海,111年臺中市議員選舉,首次申報,1110701,宣傳支出,中華郵政股份有限公司,04137838,0.00,3328.00,,,,郵寄競選物品或宣傳廣告費用,金錢,臺中市西區民****,04-2*****,否,,,,,,,
24,何文海,111年臺中市議員選舉,首次申報,1110703,集會支出,龍品魚丸店,,0.00,720.00,,,,餐飲費用,金錢,臺中市南屯區****,04-2*****,否,,,,,,,
25,何文海,111年臺中市議員選舉,首次申報,1110703,集會支出,御馥午晚餐,25308667,0.00,970.00,,,,餐飲費用,金錢,臺中市南屯區****,04-2*****,否,,,,,,,
26,何文海,111年臺中市議員選舉,首次申報,1110705,租用競選辦事處支出,泰興包裝材料行,17993572,0.00,3000.00,,,,其他與租用競選辦事處有關之費用,金錢,,,否,,,,,,,
27,何文海,111年臺中市議員選舉,首次申報,1110705,租用競選辦事處支出,泰興包裝材料行,17993572,0.00,4800.00,,,,其他與租用競選辦事處有關之費用,金錢,,,否,,,,,,,
28,何文海,111年臺中市議員選舉,首次申報,1110707,宣傳支出,大朋設計事業有限公司,80003710,0.00,7000.00,,,,製作競選物品或宣傳廣告費用（物品名稱-美編）,金錢,臺中市西區公****,04-2*****,否,,,,,,,
29,何文海,111年臺中市議員選舉,首次申報,1110710,集會支出,鵝味贊,,0.00,970.00,,,,餐飲費用,金錢,臺中市南屯區****,04-2*****,否,,,,,,,
30,何文海,111年臺中市議員選舉,首次申報,1110711,租用競選辦事處支出,泰興包裝材料行,17993572,0.00,7975.00,,,,其他與租用競選辦事處有關之費用,金錢,,,否,,,,,,,
31,何文海,111年臺中市議員選舉,首次申報,1110715,宣傳支出,旭邦整合行銷股份有限公司,69315574,0.00,110330.00,,,,製作競選物品或宣傳廣告費用（物品名稱-電梯廣告）,金錢,臺北市中正區****,02-2*****,否,,,,,,,
32,何文海,111年臺中市議員選舉,首次申報,1110721,集會支出,勤英商行,45859864,0.00,900.00,,,,餐飲費用,金錢,臺中市南屯區****,04-2*****,否,,,,,,,
33,何文海,111年臺中市議員選舉,首次申報,1110721,集會支出,龍潭鐵架帆布行,45862755,0.00,1000.00,,,,租用設備費用,金錢,臺中市南屯區****,0921*****,否,,,,,,,
34,何文海,111年臺中市議員選舉,首次申報,1110721,集會支出,龍師爌肉飯,47615801,0.00,13715.00,,,,餐飲費用,金錢,臺中市南屯區****,04-2*****,否,,,,,,,
35,何文海,111年臺中市議員選舉,首次申報,1110721,集會支出,五洲真正園掌中劇團,97849240,0.00,5000.00,,,,租用設備費用,金錢,彰化縣古夷里****,04-7*****,否,,,,,,,
36,何文海,111年臺中市議員選舉,首次申報,1110723,集會支出,親不知日式小吃,47595283,0.00,2720.00,,,,餐飲費用,金錢,台中市南屯區****,04-2*****,否,,,,,,,
37,何文海,111年臺中市議員選舉,首次申報,1110725,人事費用支出,白妙鈴,A21*******,0.00,26000.00,,,,工資或薪津,金錢,臺中市南屯區****,,否,,,,,,,
38,何文海,111年臺中市議員選舉,首次申報,1110725,人事費用支出,羅素華,M22*******,0.00,10795.00,,,,工資或薪津,金錢,臺中市南屯區****,0923*****,否,,,,,,,
39,何文海,111年臺中市議員選舉,首次申報,1110726,公共關係費用支出,利信實業貿易股份有限公司,,0.00,11500.00,,,,聯誼交際費用,金錢,臺中市西屯區****,04-2*****,否,,,,,,,
40,何文海,111年臺中市議員選舉,首次申報,1110727,公共關係費用支出,石素銀花藝工作室,87637942,0.00,1200.00,,,,聯誼交際費用,金錢,臺中市南屯區****,,否,,,,,,,
41,何文海,111年臺中市議員選舉,首次申報,1110802,宣傳支出,心雅服裝行,,0.00,11445.00,,,,製作競選物品或宣傳廣告費用（背心）,金錢,臺北市艋舺大****,02-2*****,否,,,,,,,
42,何文海,111年臺中市議員選舉,首次申報,1110803,宣傳支出,養生堂德寶生技有限公司,,0.00,16000.00,,,,製作競選物品或宣傳廣告費用（物品名稱-一條根）,金錢,台中市南屯區****,,否,,,,,,,
43,何文海,111年臺中市議員選舉,首次申報,1110809,宣傳支出,大朋設計事業有限公司,80003710,0.00,18160.00,,,,製作競選物品或宣傳廣告費用（物品名稱-美編）,金錢,臺中市西區公****,04-2*****,否,,,,,,,
44,何文海,111年臺中市議員選舉,首次申報,1110810,宣傳支出,森輝彩色印刷公司,22222152,0.00,25400.00,,,,製作競選物品或宣傳廣告費用（物品名稱-文宣）,金錢,臺中市建成路****,04-2*****,否,,,,,,,
45,何文海,111年臺中市議員選舉,首次申報,1110815,租用競選辦事處支出,成茂商店,19418126,0.00,3000.00,,,,其他與租用競選辦事處有關之費用,金錢,,,否,,,,,,,
46,何文海,111年臺中市議員選舉,首次申報,1110822,租用競選辦事處支出,泰興包裝材料行,17993572,0.00,4385.00,,,,其他與租用競選辦事處有關之費用,金錢,,,否,,,,,,,
47,何文海,111年臺中市議員選舉,首次申報,1110823,租用競選辦事處支出,台灣電力公司,51868406,0.00,6061.00,,,,其他與租用競選辦事處有關之費用/電話費,金錢,臺中市南屯區****,,否,,,,,,,
48,何文海,111年臺中市議員選舉,首次申報,1110825,宣傳支出,森輝彩色印刷公司,22222152,0.00,35000.00,,,,製作競選物品或宣傳廣告費用（物品名稱-文宣）,金錢,臺中市建成路****,04-2*****,否,,,,,,,
49,何文海,111年臺中市議員選舉,首次申報,1110825,宣傳支出,麗瑩行,99662733,0.00,56000.00,,,,製作競選物品或宣傳廣告費用（物品名稱-荷葉扇）,金錢,臺中市南屯區****,04-2*****,否,,,,,,,
50,何文海,111年臺中市議員選舉,首次申報,1110825,人事費用支出,白妙鈴,A21*******,0.00,26000.00,,,,工資或薪津,金錢,臺中市南屯區****,,否,,,,,,,
51,何文海,111年臺中市議員選舉,首次申報,1110825,人事費用支出,羅素華,M22*******,0.00,28050.00,,,,工資或薪津,金錢,臺中市南屯區****,0923*****,否,,,,,,,
52,何文海,111年臺中市議員選舉,首次申報,1110826,公共關係費用支出,常春藤花坊,87644789,0.00,4000.00,,,,聯誼交際費用,金錢,,,否,,,,,,,
53,何文海,111年臺中市議員選舉,首次申報,1110827,集會支出,吉成快餐,09314045,0.00,2000.00,,,,餐飲費用,金錢,,,否,,,,,,,
54,何文海,111年臺中市議員選舉,首次申報,1110827,集會支出,龍潭鐵架帆布行,45862755,0.00,3000.00,,,,租用設備費用,金錢,臺中市南屯區****,0921*****,否,,,,,,,
55,何文海,111年臺中市議員選舉,首次申報,1110827,人事費用支出,何秀杏,B22*******,0.00,6000.00,,,,工資或薪津,金錢,台中市南屯區****,,否,,,,,,,
56,何文海,111年臺中市議員選舉,首次申報,1110828,宣傳支出,中冠高爾夫用品社,,0.00,6800.00,,,,製作競選物品或宣傳廣告費用（物品名稱-制服）,金錢,臺中市南屯區****,04-2*****,否,,,,,,,
57,何文海,111年臺中市議員選舉,首次申報,1110828,宣傳支出,.中冠高爾夫用品社,25345656,0.00,6800.00,,,,製作競選物品或宣傳廣告費用（物品名稱-制服褲子）,金錢,,04-2*****,否,,,,,,,
58,何文海,111年臺中市議員選舉,首次申報,1110829,宣傳支出,上好生醫科技公司,83691183,0.00,226000.00,,,,製作競選物品或宣傳廣告費用（物品名稱-口罩）,金錢,臺中市西屯區****,04-2*****,否,,,,,,,
59,何文海,111年臺中市議員選舉,首次申報,1110906,集會支出,梁家芽園,21899043,0.00,10960.00,,,,餐飲費用,金錢,臺中市豐原區****,,否,,,,,,,
60,何文海,111年臺中市議員選舉,首次申報,1110906,宣傳支出,首席帆布實業有限公司,23541703,0.00,758467.00,,,,製作競選物品或宣傳廣告費用（物品名稱-帆布）,金錢,臺中市西屯區****,04-2*****,否,,,,,,,
61,何文海,111年臺中市議員選舉,首次申報,1110906,宣傳支出,大朋設計事業有限公司,80003710,0.00,15500.00,,,,製作競選物品或宣傳廣告費用（物品名稱-美編）,金錢,臺中市西區公****,04-2*****,否,,,,,,,
62,何文海,111年臺中市議員選舉,首次申報,1110919,集會支出,嘉家樂餐飲店,39738772,0.00,25600.00,,,,餐飲費用,金錢,臺中市西屯區****,0953*****,否,,,,,,,
63,何文海,111年臺中市議員選舉,首次申報,1110919,集會支出,龍潭鐵架帆布行,45862755,0.00,2600.00,,,,租用場地費用,金錢,臺中市南屯區****,0921*****,否,,,,,,,
64,何文海,111年臺中市議員選舉,首次申報,1110919,集會支出,五洲真正園掌中劇團,97849240,0.00,9000.00,,,,租用設備費用,金錢,彰化縣古夷里****,04-7*****,否,,,,,,,
65,何文海,111年臺中市議員選舉,首次申報,1110921,宣傳支出,上好生醫科技公司,83691183,0.00,277500.00,,,,製作競選物品或宣傳廣告費用（物品名稱-口罩）,金錢,臺中市西屯區****,04-2*****,否,,,,,,,
66,何文海,111年臺中市議員選舉,首次申報,1110922,宣傳支出,中北有限公司,84629758,0.00,12240.00,,,,製作競選物品或宣傳廣告費用（物品名稱-搭廣告竹架）,金錢,臺中市大里區****,04-2*****,否,,,,,,,
67,何文海,111年臺中市議員選舉,首次申報,1110925,宣傳支出,森輝彩色印刷公司,22222152,0.00,52250.00,,,,製作競選物品或宣傳廣告費用（物品名稱-文宣）,金錢,臺中市建成路****,04-2*****,否,,,,,,,
68,何文海,111年臺中市議員選舉,首次申報,1110925,人事費用支出,白妙鈴,A21*******,0.00,30000.00,,,,工資或薪津,金錢,臺中市南屯區****,,否,,,,,,,
69,何文海,111年臺中市議員選舉,首次申報,1110925,人事費用支出,羅素華,M22*******,0.00,26860.00,,,,工資或薪津,金錢,臺中市南屯區****,0923*****,否,,,,,,,
70,何文海,111年臺中市議員選舉,首次申報,1110925,人事費用支出,楊文君,M22*******,0.00,10000.00,,,,加班費或值班費,金錢,臺中市南屯區****,0933*****,否,,,,,,,
71,何文海,111年臺中市議員選舉,首次申報,1110927,集會支出,忠德早餐店,45509950,0.00,1000.00,,,,餐飲費用,金錢,,,否,,,,,,,
72,何文海,111年臺中市議員選舉,首次申報,1110928,集會支出,愛滋味麵包店,05598040,0.00,3445.00,,,,餐飲費用,金錢,臺中市南屯區****,04-2*****,否,,,,,,,
73,何文海,111年臺中市議員選舉,首次申報,1110928,集會支出,佳味鄉,98734457,0.00,1980.00,,,,餐飲費用,金錢,臺中市南屯區****,04-2*****,否,,,,,,,
74,何文海,111年臺中市議員選舉,首次申報,1110929,租用宣傳車輛支出,春和機車行,25434209,0.00,400.00,,,,其他與租用宣傳車輛有關之費用,金錢,,,否,,,,,,,
75,何文海,111年臺中市議員選舉,首次申報,1110930,公共關係費用支出,宏廣製麵廠有限公司,,0.00,7200.00,,,,聯誼交際費用,金錢,臺中市霧峰區****,04-2*****,否,,,,,,,
76,何文海,111年臺中市議員選舉,首次申報,1111004,公共關係費用支出,利信實業貿易股份有限公司,,0.00,3000.00,,,,聯誼交際費用,金錢,臺中市西屯區****,04-2*****,否,,,,,,,
77,何文海,111年臺中市議員選舉,首次申報,1111005,集會支出,嘉家樂餐飲店,39738772,0.00,14000.00,,,,餐飲費用,金錢,臺中市西屯區****,0953*****,否,,,,,,,
78,何文海,111年臺中市議員選舉,首次申報,1111005,宣傳支出,大朋設計事業有限公司,80003710,0.00,14080.00,,,,製作競選物品或宣傳廣告費用（物品名稱-美編）,金錢,臺中市西區公****,04-2*****,否,,,,,,,
79,何文海,111年臺中市議員選舉,首次申報,1111005,宣傳支出,大朋設計事業有限公司,80003710,0.00,14080.00,,,,製作競選物品或宣傳廣告費用（物品名稱-美編）,金錢,臺中市西區公****,04-2*****,否,,,,,,,
80,何文海,111年臺中市議員選舉,首次申報,1111005,集會支出,五洲真正園掌中劇團,97849240,0.00,9000.00,,,,租用設備費用,金錢,彰化縣古夷里****,04-7*****,否,,,,,,,
81,何文海,111年臺中市議員選舉,首次申報,1111006,宣傳支出,中華郵政股份有限公司,04137838,0.00,221947.00,,,,郵寄競選物品或宣傳廣告費用/郵資,金錢,臺中市西區民****,04-2*****,否,,,,,,,
82,何文海,111年臺中市議員選舉,首次申報,1111007,宣傳支出,中華郵政股份有限公司,04137838,0.00,36991.00,,,,郵寄競選物品或宣傳廣告費用/郵資,金錢,臺中市西區民****,04-2*****,否,,,,,,,
83,何文海,111年臺中市議員選舉,首次申報,1111008,租用競選辦事處支出,台灣自來水股份有限公司,05386910,0.00,3426.00,,,,其他與租用競選辦事處有關之費用/自來水費,金錢,臺中市北區雙****,04-2*****,否,,,,,,,
84,何文海,111年臺中市議員選舉,首次申報,1111011,租用競選辦事處支出,中華電信股份有限公司,52003801,0.00,9000.00,,,,其他與租用競選辦事處有關之費用/市內電話費,金錢,臺中市西區市****,,否,,,,,,,
85,何文海,111年臺中市議員選舉,首次申報,1111013,集會支出,登興麵包,06079475,0.00,425.00,,,,餐飲費用,金錢,臺中市南屯區****,04-2*****,否,,,,,,,
86,何文海,111年臺中市議員選舉,首次申報,1111014,集會支出,品伶豆花,,0.00,6400.00,,,,餐飲費用,金錢,臺中市南屯區****,0937*****,否,,,,,,,
87,何文海,111年臺中市議員選舉,首次申報,1111014,集會支出,品伶豆花,,0.00,4000.00,,,,餐飲費用,金錢,臺中市南屯區****,0937*****,否,,,,,,,
88,何文海,111年臺中市議員選舉,首次申報,1111014,宣傳支出,首席帆布實業有限公司,23541703,0.00,10380.00,,,,製作競選物品或宣傳廣告費用（物品名稱-帆布）,金錢,臺中市西屯區****,04-2*****,否,,,,,,,
89,何文海,111年臺中市議員選舉,首次申報,1111014,集會支出,龍潭鐵架帆布行,45862755,0.00,1000.00,,,,租用設備費用,金錢,臺中市南屯區****,0921*****,否,,,,,,,
90,何文海,111年臺中市議員選舉,首次申報,1111014,集會支出,龍師爌肉飯,47615801,0.00,7000.00,,,,餐飲費用,金錢,臺中市南屯區****,04-2*****,否,,,,,,,
91,何文海,111年臺中市議員選舉,首次申報,1111014,集會支出,五洲真正園掌中劇團,97849240,0.00,6000.00,,,,租用設備費用,金錢,彰化縣古夷里****,04-7*****,否,,,,,,,
92,何文海,111年臺中市議員選舉,首次申報,1111018,宣傳支出,上好生醫科技公司,83691183,0.00,150000.00,,,,製作競選物品或宣傳廣告費用（物品名稱-口罩）,金錢,臺中市西屯區****,04-2*****,否,,,,,,,
93,何文海,111年臺中市議員選舉,首次申報,1111021,租用競選辦事處支出,泰興包裝材料行,17993572,0.00,2220.00,,,,其他與租用競選辦事處有關之費用,金錢,,,否,,,,,,,
94,何文海,111年臺中市議員選舉,首次申報,1111021,宣傳支出,金字招牌廣告社,87632735,0.00,1590.00,,,,製作競選物品或宣傳廣告費用（物品名稱-割字）,金錢,,04-2*****,否,,,,,,,
95,何文海,111年臺中市議員選舉,首次申報,1111022,集會支出,香帥脆皮烤鴨,,0.00,1300.00,,,,餐飲費用,金錢,臺中市西屯區****,0933*****,否,,,,,,,
96,何文海,111年臺中市議員選舉,首次申報,1111022,集會支出,嚴文慶,,0.00,4000.00,,,,餐飲費用,金錢,,0936*****,否,,,,,,,
97,何文海,111年臺中市議員選舉,首次申報,1111022,集會支出,林梅足,,0.00,4000.00,,,,餐飲費用,金錢,,0916*****,否,,,,,,,
98,何文海,111年臺中市議員選舉,首次申報,1111022,集會支出,新橋客棧餐廳,25384664,0.00,18000.00,,,,餐飲費用,金錢,臺中市南屯區****,04-2*****,否,,,,,,,
99,何文海,111年臺中市議員選舉,首次申報,1111022,集會支出,嘉家樂餐飲店,39738772,0.00,21000.00,,,,餐飲費用,金錢,臺中市西屯區****,0953*****,否,,,,,,,
100,何文海,111年臺中市議員選舉,首次申報,1111022,集會支出,龍潭鐵架帆布行,45862755,0.00,79700.00,,,,租用場地費用,金錢,臺中市南屯區****,0921*****,否,,,,,,,
101,何文海,111年臺中市議員選舉,首次申報,1111022,集會支出,龍師爌肉飯,47615801,0.00,14000.00,,,,餐飲費用,金錢,臺中市南屯區****,04-2*****,否,,,,,,,
102,何文海,111年臺中市議員選舉,首次申報,1111022,集會支出,正好飲食店,77226224,0.00,1875.00,,,,餐飲費用,金錢,臺中市南屯區****,,否,,,,,,,
103,何文海,111年臺中市議員選舉,首次申報,1111022,集會支出,五洲真正園掌中劇團,97849240,0.00,20000.00,,,,租用設備費用,金錢,彰化縣古夷里****,04-7*****,否,,,,,,,
104,何文海,111年臺中市議員選舉,首次申報,1111022,集會支出,五洲真正園掌中劇團,97849240,0.00,17000.00,,,,租用設備費用,金錢,彰化縣古夷里****,04-7*****,否,,,,,,,
105,何文海,111年臺中市議員選舉,首次申報,1111022,宣傳支出,麗瑩行,99662733,0.00,18000.00,,,,製作競選物品或宣傳廣告費用（物品名稱-環保袋）,金錢,臺中市南屯區****,9966*****,否,,,,,,,
106,何文海,111年臺中市議員選舉,首次申報,1111023,租用競選辦事處支出,台灣電力公司,51868406,0.00,9545.00,,,,其他與租用競選辦事處有關之費用/電話費,金錢,臺中市南屯區****,,否,,,,,,,
107,何文海,111年臺中市議員選舉,首次申報,1111024,公共關係費用支出,石素銀花藝工作室,87637942,0.00,900.00,,,,聯誼交際費用,金錢,臺中市南屯區****,,否,,,,,,,
108,何文海,111年臺中市議員選舉,首次申報,1111025,人事費用支出,白妙鈴,A21*******,0.00,30000.00,,,,工資或薪津,金錢,臺中市南屯區****,,否,,,,,,,
109,何文海,111年臺中市議員選舉,首次申報,1111025,人事費用支出,羅素華,M22*******,0.00,35870.00,,,,工資或薪津,金錢,臺中市南屯區****,0923*****,否,,,,,,,
110,何文海,111年臺中市議員選舉,首次申報,1111025,人事費用支出,楊文君,M22*******,0.00,10000.00,,,,加班費或值班費,金錢,臺中市南屯區****,0933*****,否,,,,,,,
111,何文海,111年臺中市議員選舉,首次申報,1111027,宣傳支出,樺慶國際有限公司,96907002,0.00,31894.00,,,,製作競選物品或宣傳廣告費用（物品名稱-面紙）,金錢,臺中市南屯區****,04-2*****,否,,,,,,,
112,何文海,111年臺中市議員選舉,首次申報,1111030,集會支出,正忠排骨飯,63261100,0.00,3825.00,,,,餐飲費用,金錢,臺中市南屯區****,04-2*****,否,,,,,,,
113,何文海,111年臺中市議員選舉,首次申報,1111031,宣傳支出,易辰廣告工廠,,0.00,2500.00,,,,製作競選物品或宣傳廣告費用（物品名稱-割字）,金錢,臺中市西屯區****,04-2*****,否,,,,,,,
114,何文海,111年臺中市議員選舉,首次申報,1111031,集會支出,嘉家樂餐飲店,39738772,0.00,17500.00,,,,餐飲費用,金錢,臺中市西屯區****,0953*****,否,,,,,,,
115,何文海,111年臺中市議員選舉,首次申報,1111031,集會支出,龍潭鐵架帆布行,45862755,0.00,17000.00,,,,租用設備費用,金錢,臺中市南屯區****,0921*****,否,,,,,,,
116,何文海,111年臺中市議員選舉,首次申報,1111031,集會支出,龍師爌肉飯,47615801,0.00,14000.00,,,,餐飲費用,金錢,臺中市南屯區****,04-2*****,否,,,,,,,
117,何文海,111年臺中市議員選舉,首次申報,1111031,宣傳支出,大朋設計事業有限公司,80003710,0.00,12670.00,,,,製作競選物品或宣傳廣告費用（物品名稱-美編）,金錢,臺中市西區公****,04-2*****,否,,,,,,,
118,何文海,111年臺中市議員選舉,首次申報,1111031,集會支出,五洲真正園掌中劇團,97849240,0.00,9000.00,,,,租用設備費用,金錢,彰化縣古夷里****,04-7*****,否,,,,,,,
119,何文海,111年臺中市議員選舉,首次申報,1111101,宣傳支出,樺慶國際有限公司,96907002,0.00,14438.00,,,,製作競選物品或宣傳廣告費用（物品名稱-面紙）,金錢,臺中市南屯區****,04-2*****,否,,,,,,,
120,何文海,111年臺中市議員選舉,首次申報,1111103,宣傳支出,首席帆布實業有限公司,23541703,0.00,31170.00,,,,製作競選物品或宣傳廣告費用（物品名稱-帆布）,金錢,臺中市西屯區****,04-2*****,否,,,,,,,
121,何文海,111年臺中市議員選舉,首次申報,1111104,集會支出,嘉家樂餐飲店,39738772,0.00,15400.00,,,,餐飲費用,金錢,臺中市西屯區****,0953*****,否,,,,,,,
122,何文海,111年臺中市議員選舉,首次申報,1111104,集會支出,龍潭鐵架帆布行,45862755,0.00,2600.00,,,,租用設備費用,金錢,臺中市南屯區****,0921*****,否,,,,,,,
123,何文海,111年臺中市議員選舉,首次申報,1111105,集會支出,林梅足,,0.00,10000.00,,,,餐飲費用,金錢,台中市南屯區****,0916*****,否,,,,,,,
124,何文海,111年臺中市議員選舉,首次申報,1111105,集會支出,老堯師肉包,,0.00,4500.00,,,,餐飲費用,金錢,臺中市南屯區****,,否,,,,,,,
125,何文海,111年臺中市議員選舉,首次申報,1111105,集會支出,嘉家樂餐飲店,39738772,0.00,17500.00,,,,餐飲費用,金錢,臺中市西屯區****,0953*****,否,,,,,,,
126,何文海,111年臺中市議員選舉,首次申報,1111105,集會支出,龍潭鐵架帆布行,45862755,0.00,2000.00,,,,租用設備費用,金錢,臺中市南屯區****,0921*****,否,,,,,,,
127,何文海,111年臺中市議員選舉,首次申報,1111105,集會支出,五洲真正園掌中劇團,97849240,0.00,9000.00,,,,租用設備費用,金錢,彰化縣古夷里****,04-7*****,否,,,,,,,
128,何文海,111年臺中市議員選舉,首次申報,1111108,宣傳支出,森輝彩色印刷公司,22222152,0.00,60150.00,,,,製作競選物品或宣傳廣告費用（物品名稱-文宣）,金錢,臺中市建成路****,04-2*****,否,,,,,,,
129,何文海,111年臺中市議員選舉,首次申報,1111109,宣傳支出,森輝彩色印刷公司,,0.00,5800.00,,,,製作競選物品或宣傳廣告費用（物品名稱-文宣）,金錢,臺中市建成路****,04-2*****,否,,,,,,,
130,何文海,111年臺中市議員選舉,首次申報,1111110,集會支出,嘉家樂餐飲店,39738772,0.00,12000.00,,,,餐飲費用,金錢,臺中市西屯區****,0953*****,否,,,,,,,
131,何文海,111年臺中市議員選舉,首次申報,1111111,集會支出,龍師爌肉飯,47615801,0.00,12000.00,,,,餐飲費用,金錢,臺中市南屯區****,04-2*****,否,,,,,,,
132,何文海,111年臺中市議員選舉,首次申報,1111111,集會支出,正忠排骨飯,63261100,0.00,6800.00,,,,餐飲費用,金錢,臺中市南屯區****,04-2*****,否,,,,,,,
133,何文海,111年臺中市議員選舉,首次申報,1111112,集會支出,林梅足,,0.00,2500.00,,,,餐飲費用,金錢,,0916*****,否,,,,,,,
134,何文海,111年臺中市議員選舉,首次申報,1111112,集會支出,台灣饅頭店,17179985,0.00,1400.00,,,,餐飲費用,金錢,臺中市南區建****,04-2*****,否,,,,,,,
135,何文海,111年臺中市議員選舉,首次申報,1111112,集會支出,嘉家樂餐飲店,39738772,0.00,20000.00,,,,餐飲費用,金錢,臺中市西屯區****,0953*****,否,,,,,,,
136,何文海,111年臺中市議員選舉,首次申報,1111112,集會支出,龍潭鐵架帆布行,45862755,0.00,2100.00,,,,租用設備費用,金錢,臺中市南屯區****,0921*****,否,,,,,,,
137,何文海,111年臺中市議員選舉,首次申報,1111112,集會支出,龍潭鐵架帆布行,45862755,0.00,2600.00,,,,租用設備費用,金錢,臺中市南屯區****,0921*****,否,,,,,,,
138,何文海,111年臺中市議員選舉,首次申報,1111112,集會支出,龍潭鐵架帆布行,45862755,0.00,6650.00,,,,租用設備費用,金錢,臺中市南屯區****,,否,,,,,,,
139,何文海,111年臺中市議員選舉,首次申報,1111112,集會支出,龍師爌肉飯,47615801,0.00,14400.00,,,,餐飲費用,金錢,臺中市南屯區****,04-2*****,否,,,,,,,
140,何文海,111年臺中市議員選舉,首次申報,1111113,集會支出,龍潭鐵架帆布行,45862755,0.00,2000.00,,,,租用設備費用,金錢,臺中市南屯區****,0921*****,否,,,,,,,
141,何文海,111年臺中市議員選舉,首次申報,1111113,集會支出,龍師爌肉飯,47615801,0.00,24000.00,,,,餐飲費用,金錢,,04-2*****,否,,,,,,,
142,何文海,111年臺中市議員選舉,首次申報,1111116,宣傳支出,唐吉廣告,,0.00,25300.00,,,,製作競選物品或宣傳廣告費用（物品名稱-派報）,金錢,臺中市西屯區****,04-2*****,否,,,,,,,
143,何文海,111年臺中市議員選舉,首次申報,1111119,宣傳支出,首席帆布實業有限公司,23541703,0.00,8180.00,,,,製作競選物品或宣傳廣告費用（物品名稱-帆布）,金錢,臺中市西屯區****,04-2*****,否,,,,,,,
144,何文海,111年臺中市議員選舉,首次申報,1111119,集會支出,龍師爌肉飯,47615801,0.00,9600.00,,,,餐飲費用,金錢,,04-2*****,否,,,,,,,
145,何文海,111年臺中市議員選舉,首次申報,1111120,集會支出,老堯師肉包,,0.00,1100.00,,,,餐飲費用,金錢,臺中市南屯區****,,否,,,,,,,
146,何文海,111年臺中市議員選舉,首次申報,1111120,集會支出,老堯師肉包,,0.00,1760.00,,,,餐飲費用,金錢,臺中市南屯區****,,否,,,,,,,
147,何文海,111年臺中市議員選舉,首次申報,1111120,集會支出,林梅足,,0.00,5200.00,,,,餐飲費用,金錢,,0916*****,否,,,,,,,
148,何文海,111年臺中市議員選舉,首次申報,1111120,集會支出,老堯師肉包,,0.00,2860.00,,,,餐飲費用,金錢,臺中市南屯區****,,否,,,,,,,
149,何文海,111年臺中市議員選舉,首次申報,1111120,雜支支出,中華電信股份有限公司,52003801,0.00,2871.00,,,,電信費用,金錢,臺中市西區市****,0800*****,否,,,,,,,
150,何文海,111年臺中市議員選舉,首次申報,1111120,集會支出,正忠排骨飯,63261100,0.00,4675.00,,,,餐飲費用,金錢,臺中市南屯區****,04-2*****,否,,,,,,,
151,何文海,111年臺中市議員選舉,首次申報,1111120,集會支出,正忠排骨飯,63261100,0.00,5950.00,,,,餐飲費用,金錢,臺中市南屯區****,04-2*****,否,,,,,,,
152,何文海,111年臺中市議員選舉,首次申報,1111121,交通旅運支出,安和加油站,89660222,0.00,1037.00,,,,油資,金錢,,,否,,,,,,,
153,何文海,111年臺中市議員選舉,首次申報,1111125,集會支出,嚴文慶,,0.00,4000.00,,,,餐飲費用/肉粽,金錢,,0936*****,否,,,,,,,
154,何文海,111年臺中市議員選舉,首次申報,1111125,集會支出,林梅足,,0.00,4000.00,,,,餐飲費用/肉粽,金錢,,0916*****,否,,,,,,,
155,何文海,111年臺中市議員選舉,首次申報,1111125,集會支出,老堯師肉包,,0.00,4400.00,,,,餐飲費用/包子,金錢,臺中市南屯區****,,否,,,,,,,
156,何文海,111年臺中市議員選舉,首次申報,1111125,人事費用支出,何韋柔,B22*******,0.00,15130.00,,,,工資或薪津,金錢,台中市南屯區****,,否,,,,,,,
157,何文海,111年臺中市議員選舉,首次申報,1111125,人事費用支出,鄭淑珍,F22*******,0.00,21600.00,,,,加班費或值班費,金錢,台中市西屯區****,0980*****,否,,,,,,,
158,何文海,111年臺中市議員選舉,首次申報,1111125,人事費用支出,魏啟修,M10*******,0.00,29200.00,,,,加班費或值班費,金錢,台中市南屯區****,0928*****,否,,,,,,,
159,何文海,111年臺中市議員選舉,首次申報,1111125,人事費用支出,楊文君,M22*******,0.00,20000.00,,,,加班費或值班費,金錢,臺中市南屯區****,0933*****,否,,,,,,,
160,何文海,111年臺中市議員選舉,首次申報,1111125,人事費用支出,羅素華,M22*******,0.00,39015.00,,,,工資或薪津,金錢,臺中市南屯區****,0923*****,否,,,,,,,
161,何文海,111年臺中市議員選舉,首次申報,1111125,人事費用支出,楊文君,M22*******,0.00,10000.00,,,,加班費或值班費,金錢,臺中市南屯區****,0933*****,否,,,,,,,
162,何文海,111年臺中市議員選舉,首次申報,1111125,人事費用支出,施品華,P22*******,0.00,20400.00,,,,加班費或值班費,金錢,台中市南屯區****,0986*****,否,,,,,,,
163,何文海,111年臺中市議員選舉,首次申報,1111125,人事費用支出,洪月嬌,X22*******,0.00,21600.00,,,,加班費或值班費,金錢,台中市南屯區****,,否,,,,,,,
164,何文海,111年臺中市議員選舉,首次申報,1111207,宣傳支出,中華電信股份有限公司,52003801,0.00,23610.00,,,,播放、傳送或刊登宣傳廣告費用,金錢,臺中市西區市****,0800*****,否,,,,,,,
165,何文海,111年臺中市議員選舉,首次申報,1111207,宣傳支出,大朋設計事業有限公司,80003710,0.00,32360.00,,,,製作競選物品或宣傳廣告費用（物品名稱-美編）,金錢,臺中市西區公****,04-2*****,否,,,,,,,
166,何文海,111年臺中市議員選舉,首次申報,1111209,雜支支出,中華電信股份有限公司,52003801,0.00,20893.00,,,,電信費用,金錢,臺中市西區市****,0800*****,否,,,,,,,
167,何文海,111年臺中市議員選舉,首次申報,1111223,租用競選辦事處支出,台灣電力公司,51868406,0.00,4302.00,,,,其他與租用競選辦事處有關之費用/電話費,金錢,臺中市南屯區****,,否,,,,,,,
168,何文海,111年臺中市議員選舉,首次申報,1111223,租用競選辦事處支出,台灣電力公司,51868406,0.00,1816.00,,,,其他與租用競選辦事處有關之費用/電話費,金錢,臺中市南屯區****,,否,,,,,,,
169,何文海,111年臺中市議員選舉,首次申報,1111225,宣傳支出,首席帆布實業有限公司,23541703,0.00,1130013.00,,,,製作競選物品或宣傳廣告費用（物品名稱-帆布）,金錢,臺中市西屯區****,04-2*****,否,,,,,,,
170,何文海,111年臺中市議員選舉,首次申報,1111226,雜支支出,中華電信股份有限公司,52003801,0.00,9267.00,,,,電信費用,金錢,臺中市西區市****,0800*****,否,,,,,,,
