﻿序號,擬參選人／政黨,選舉名稱,申報序號／年度,交易日期,收支科目,捐贈者／支出對象,身分證／統一編號,收入金額,支出金額,支出用途,金錢類,地址,聯絡電話,資料更正日期
1,曾世勇,107年鄉(鎮、市)長選舉,首次申報,1071018,個人捐贈收入,劉兆隆,F12*******,20000.00,0.00,,金錢,新北市永和區****,,
2,曾世勇,107年鄉(鎮、市)長選舉,首次申報,1071018,個人捐贈收入,蔡銘焜,N12*******,6000.00,0.00,,金錢,彰化縣鹿港鎮****,,
3,曾世勇,107年鄉(鎮、市)長選舉,首次申報,1071018,個人捐贈收入,張倉傑,N12*******,30000.00,0.00,,金錢,彰化縣芬園鄉****,,
4,曾世勇,107年鄉(鎮、市)長選舉,首次申報,1071018,個人捐贈收入,王勝德,N12*******,20000.00,0.00,,金錢,彰化市大埔路****,,
5,曾世勇,107年鄉(鎮、市)長選舉,首次申報,1071018,個人捐贈收入,王智弘,S12*******,20000.00,0.00,,金錢,台中市南屯區****,,
6,曾世勇,107年鄉(鎮、市)長選舉,首次申報,1071018,個人捐贈收入,詹益枝,U12*******,6000.00,0.00,,金錢,台中市大里區****,,
7,曾世勇,107年鄉(鎮、市)長選舉,首次申報,1071019,營利事業捐贈收入,益實企業有限公司,16414462,12000.00,0.00,,金錢,彰化縣和美鎮****,,
8,曾世勇,107年鄉(鎮、市)長選舉,首次申報,1071019,個人捐贈收入,林俊池,E12*******,20000.00,0.00,,金錢,彰化縣和美鎮****,,
9,曾世勇,107年鄉(鎮、市)長選舉,首次申報,1071019,個人捐贈收入,蔡賓燕,M22*******,10000.00,0.00,,金錢,彰化市崙平里****,,
10,曾世勇,107年鄉(鎮、市)長選舉,首次申報,1071019,個人捐贈收入,白文智,N12*******,12000.00,0.00,,金錢,彰化縣和美鎮****,,
11,曾世勇,107年鄉(鎮、市)長選舉,首次申報,1071022,營利事業捐贈收入,台灣青木股份有限公司,52473084,20000.00,0.00,,金錢,台中市東區旱****,,
12,曾世勇,107年鄉(鎮、市)長選舉,首次申報,1071022,個人捐贈收入,黃來輝,R12*******,30000.00,0.00,,金錢,台中市外埔區****,,
13,曾世勇,107年鄉(鎮、市)長選舉,首次申報,1071023,營利事業捐贈收入,成祐精機股份有限公司,52817829,30000.00,0.00,,金錢,彰化縣芬園鄉****,,
14,曾世勇,107年鄉(鎮、市)長選舉,首次申報,1071023,個人捐贈收入,莊筠萱,N22*******,10000.00,0.00,,金錢,彰化縣花壇鄉****,,
15,曾世勇,107年鄉(鎮、市)長選舉,首次申報,1071025,營利事業捐贈收入,盟海射梢企業有限公司,28380142,50000.00,0.00,,金錢,彰化市中山路****,,
16,曾世勇,107年鄉(鎮、市)長選舉,首次申報,1071025,營利事業捐贈收入,蓉清興業有限公司,97049970,12000.00,0.00,,金錢,彰化縣花壇鄉****,,
17,曾世勇,107年鄉(鎮、市)長選舉,首次申報,1071105,個人捐贈收入,蕭瑞蒼,N12*******,10000.00,0.00,,金錢,彰化縣芬園鄉****,,
18,曾世勇,107年鄉(鎮、市)長選舉,首次申報,1071109,個人捐贈收入,王明山,,10000.00,0.00,,金錢,彰化縣秀水鄉****,,
19,曾世勇,107年鄉(鎮、市)長選舉,首次申報,1071109,個人捐贈收入,花志孟,N12*******,10000.00,0.00,,金錢,彰化縣秀水鄉****,,
20,曾世勇,107年鄉(鎮、市)長選舉,首次申報,1071111,營利事業捐贈收入,富勤營造有限公司,34184891,200000.00,0.00,,金錢,彰化縣員林鎮****,,
21,曾世勇,107年鄉(鎮、市)長選舉,首次申報,1071113,個人捐贈收入,張胤羨,,20000.00,0.00,,金錢,台中市南區建****,,
22,曾世勇,107年鄉(鎮、市)長選舉,首次申報,1071113,個人捐贈收入,李阿利,A21*******,38000.00,0.00,,金錢,彰化市彰鹿路****,,
23,曾世勇,107年鄉(鎮、市)長選舉,首次申報,1071113,個人捐贈收入,李阿利,A21*******,48000.00,0.00,,金錢,彰化市彰鹿路****,,
24,曾世勇,107年鄉(鎮、市)長選舉,首次申報,1071114,個人捐贈收入,林正明,B12*******,100000.00,0.00,,金錢,台中市南區德****,,
25,曾世勇,107年鄉(鎮、市)長選舉,首次申報,1071120,個人捐贈收入,李文棋,A12*******,10000.00,0.00,,金錢,彰化縣員林市****,,
26,曾世勇,107年鄉(鎮、市)長選舉,首次申報,1071221,其他收入,政治獻金專戶利息收入,,7.00,0.00,,金錢,,,
