﻿序號,擬參選人／政黨,選舉名稱,申報序號／年度,交易日期,收支科目,捐贈者／支出對象,身分證／統一編號,收入金額,支出金額,捐贈方式,存入專戶日期,返還/繳庫,支出用途,金錢類,地址,聯絡電話,應揭露之支出對象,支出對象之內部人員姓名,支出對象之內部人員職稱,政黨之內部人員姓名,政黨之內部人員職稱,關係,更正註記,資料更正日期
1,張春洋,111年彰化縣議員選舉,首次申報,1110831,營利事業捐贈收入,新寶加油站(股)公司,84987059,30000.00,0.00,票據,1110908,,,金錢,彰化縣芳苑鄉****,04-8*****,,,,,,,,
2,張春洋,111年彰化縣議員選舉,首次申報,1110907,營利事業捐贈收入,晉順工業股份有限公司,23863318,20000.00,0.00,現金,1110907,,,金錢,彰化縣埔心鄉****,04-8*****,,,,,,,,
3,張春洋,111年彰化縣議員選舉,首次申報,1110907,營利事業捐贈收入,志崴環保有限公司,54524010,100000.00,0.00,現金,1110907,,,金錢,彰化縣溪湖鎮****,04-8*****,,,,,,,,
4,張春洋,111年彰化縣議員選舉,首次申報,1110928,營利事業捐贈收入,益宝利企業有限公司,24226056,100000.00,0.00,票據,1111004,已返還,,金錢,彰化縣溪湖鎮****,04-8*****,,,,,,,,
5,張春洋,111年彰化縣議員選舉,首次申報,1111003,個人捐贈收入,黃震瀚,N12*******,60000.00,0.00,匯款,1111003,,,金錢,新北市樹林區****,02-2*****,,,,,,,,
6,張春洋,111年彰化縣議員選舉,首次申報,1111018,營利事業捐贈收入,劦億機械有限公司,28904062,20000.00,0.00,現金,1111018,,,金錢,彰化縣埔心鄉****,04-8*****,,,,,,,,
7,張春洋,111年彰化縣議員選舉,首次申報,1111018,營利事業捐贈收入,翔崴企業(股)公司,80713037,60000.00,0.00,現金,1111018,,,金錢,彰化縣埔心鄉****,04-8*****,,,,,,,,
8,張春洋,111年彰化縣議員選舉,首次申報,1111028,營利事業捐贈收入,維美家品事業有限公司,28572009,10000.00,0.00,現金,1111028,,,金錢,彰化縣溪湖鎮****,04-8*****,,,,,,,,
9,張春洋,111年彰化縣議員選舉,首次申報,1111028,營利事業捐贈收入,長美傢俱行,45572741,30000.00,0.00,匯款,1111028,,,金錢,彰化縣埔心鄉****,04-8*****,,,,,,,,
10,張春洋,111年彰化縣議員選舉,首次申報,1111028,營利事業捐贈收入,員毅建設有限公司,85062505,60000.00,0.00,現金,1111028,已返還,,金錢,彰化縣員林市****,0985*****,,,,,,,,
11,張春洋,111年彰化縣議員選舉,首次申報,1111028,個人捐贈收入,楊政議,N12*******,36000.00,0.00,現金,1111028,,,金錢,彰化縣溪湖鎮****,0923*****,,,,,,,,
12,張春洋,111年彰化縣議員選舉,首次申報,1111031,營利事業捐贈收入,承益工業社,77777134,30000.00,0.00,匯款,1111031,,,金錢,彰化縣芳苑鄉****,04-8*****,,,,,,,,
13,張春洋,111年彰化縣議員選舉,首次申報,1111104,營利事業捐贈收入,九維建築實業有限公司,82778041,50000.00,0.00,匯款,1111104,已返還,,金錢,臺中市大雅區****,04-2*****,,,,,,,,
14,張春洋,111年彰化縣議員選舉,首次申報,1111106,個人捐贈收入,楊碩勳,N12*******,5000.00,0.00,匯款,1111106,,,金錢,彰化縣和美鎮****,0926*****,,,,,,,,
15,張春洋,111年彰化縣議員選舉,首次申報,1111108,營利事業捐贈收入,興隆羽毛股份有限公司,22915372,60000.00,0.00,匯款,1111108,,,金錢,彰化縣溪湖鎮****,04-8*****,,,,,,,,
16,張春洋,111年彰化縣議員選舉,首次申報,1111110,營利事業捐贈收入,陽達羽毛有限公司,22777574,50000.00,0.00,現金,1111114,,,金錢,彰化縣溪湖鎮****,0953*****,,,,,,,,
17,張春洋,111年彰化縣議員選舉,首次申報,1111111,個人捐贈收入,周松林,N12*******,12000.00,0.00,匯款,1111111,,,金錢,彰化縣溪湖鎮****,0932*****,,,,,,,,
18,張春洋,111年彰化縣議員選舉,首次申報,1111121,個人捐贈收入,楊吉發,L12*******,3000.00,0.00,現金,1111130,,,金錢,彰化縣溪湖鎮****,0935*****,,,,,,,,
19,張春洋,111年彰化縣議員選舉,首次申報,1111221,其他收入,利息收入,,230.00,0.00,匯款,1111221,,,金錢,,,,,,,,,,
