﻿序號,擬參選人／政黨,選舉名稱,申報序號／年度,交易日期,收支科目,捐贈者／支出對象,身分證／統一編號,收入金額,支出金額,捐贈方式,存入專戶日期,返還/繳庫,支出用途,金錢類,地址,聯絡電話,應揭露之支出對象,支出對象之內部人員姓名,支出對象之內部人員職稱,政黨之內部人員姓名,政黨之內部人員職稱,關係,更正註記,資料更正日期
1,曾之婕,111年臺南市議員選舉,首次申報,1110729,宣傳支出,可麗莊企業有限公司,29105572,0.00,100000.00,,,,口罩,金錢,臺南市安平區****,,否,,,,,,,
2,曾之婕,111年臺南市議員選舉,首次申報,1110803,人事費用支出,許茵棋,D22*******,0.00,3000.00,,,,電訪人員薪水,金錢,臺南市東區德****,,否,,,,,,,
3,曾之婕,111年臺南市議員選舉,首次申報,1110803,人事費用支出,林瑞汾,D22*******,0.00,2700.00,,,,電訪人員薪資,金錢,臺南市東區鯤****,0913*****,否,,,,,,,
4,曾之婕,111年臺南市議員選舉,首次申報,1110831,人事費用支出,蘇于菁,S22*******,0.00,3600.00,,,,拍照人員費用,金錢,臺南市中西區****,,否,,,,,,,
5,曾之婕,111年臺南市議員選舉,首次申報,1110905,雜支支出,麥香園禮籃中心,,0.00,1100.00,,,,好彩頭競選總部用,金錢,台南市麻豆區****,,否,,,,,,,
6,曾之婕,111年臺南市議員選舉,首次申報,1110905,宣傳支出,豪禮實業社,09095885,0.00,90100.00,,,,製作競選物品或宣傳廣告費用（立可帶）,金錢,臺南市安平區****,0911*****,否,,,,,,,
7,曾之婕,111年臺南市議員選舉,首次申報,1110905,宣傳支出,豐島國際有限公司,53071257,0.00,37275.00,,,,製作競選物品或宣傳廣告費用（加油棒）,金錢,臺南市安南區****,0635*****,否,,,,,,,
8,曾之婕,111年臺南市議員選舉,首次申報,1110905,人事費用支出,許茵棋,D22*******,0.00,5400.00,,,,電訪人員薪水,金錢,臺南市東區德****,0928*****,否,,,,,,,
9,曾之婕,111年臺南市議員選舉,首次申報,1110905,人事費用支出,林瑞汾,D22*******,0.00,5700.00,,,,電訪人員薪水,金錢,臺南市南區鯤****,0913*****,否,,,,,,,
10,曾之婕,111年臺南市議員選舉,首次申報,1110905,人事費用支出,吳淑敏,N20*******,0.00,25000.00,,,,選務人員薪資,金錢,臺南市東區和****,0939*****,否,,,,,,,
11,曾之婕,111年臺南市議員選舉,首次申報,1110905,人事費用支出,何秀枝,S22*******,0.00,28000.00,,,,選務人員薪資,金錢,臺南市下營區****,,否,,,,,,,
12,曾之婕,111年臺南市議員選舉,首次申報,1110906,宣傳支出,冠達布業有限公司,96935788,0.00,78750.00,,,,製作競選物品或宣傳廣告費用（口罩）,金錢,新北市三重區****,,否,,,,,,,
13,曾之婕,111年臺南市議員選舉,首次申報,1110908,雜支支出,中華郵政股份有限公司臺南郵局,,0.00,11520.00,,,,文宣郵資,金錢,臺南市北區成****,,否,,,,,,,
14,曾之婕,111年臺南市議員選舉,首次申報,1110912,雜支支出,中華郵政股份有限公司臺南郵局,03741302,0.00,51386.00,,,,文宣郵資,金錢,臺南市北區成****,,否,,,,,,,
15,曾之婕,111年臺南市議員選舉,首次申報,1110912,宣傳支出,豪禮實業社,09095885,0.00,30000.00,,,,製作競選物品或宣傳廣告費用（提袋）,金錢,臺南市安平區****,0911*****,否,,,,,,,
16,曾之婕,111年臺南市議員選舉,首次申報,1110912,宣傳支出,豪禮實業社,09095885,0.00,4200.00,,,,製作競選物品或宣傳廣告費用（口罩）,金錢,臺南市安平區****,0911*****,否,,,,,,,
17,曾之婕,111年臺南市議員選舉,首次申報,1110913,雜支支出,中華郵政股份有限公司臺南郵局,,0.00,5745.00,,,,文宣郵資,金錢,臺南市北區成****,,否,,,,,,,
18,曾之婕,111年臺南市議員選舉,首次申報,1110915,雜支支出,瑞昌代工所,06519950,0.00,2490.00,,,,塑膠袋,金錢,臺南市安南區****,,否,,,,,,,
19,曾之婕,111年臺南市議員選舉,首次申報,1110915,宣傳支出,雨文設計,81225556,0.00,105500.00,,,,總部邀請卡印刷及設計費,金錢,臺南市關廟區****,2994*****,否,,,,,,,
20,曾之婕,111年臺南市議員選舉,首次申報,1110920,宣傳支出,臺灣時報社股份有限公司,76012913,0.00,30000.00,,,,廣告費,金錢,高雄市仁武區****,,否,,,,,,,
21,曾之婕,111年臺南市議員選舉,首次申報,1110921,宣傳支出,染舍旗幟廣告設計工作室,20162299,0.00,27540.00,,,,帆布,金錢,台南市南區國****,2881*****,否,,,,,,,
22,曾之婕,111年臺南市議員選舉,首次申報,1110922,宣傳支出,染舍旗幟廣告設計工作室,20162299,0.00,10800.00,,,,帆布鐵架,金錢,台南市南區國****,2881*****,否,,,,,,,
23,曾之婕,111年臺南市議員選舉,首次申報,1110923,宣傳支出,染舍旗幟廣告設計工作室,20162299,0.00,32640.00,,,,帆布,金錢,台南市南區國****,2881*****,否,,,,,,,
24,曾之婕,111年臺南市議員選舉,首次申報,1110924,宣傳支出,染舍旗幟廣告設計工作室,20162299,0.00,14400.00,,,,帆布.鐵架,金錢,台南市南區國****,2881*****,否,,,,,,,
25,曾之婕,111年臺南市議員選舉,首次申報,1110925,宣傳支出,染舍旗幟廣告設計工作室,20162299,0.00,21500.00,,,,帆布,金錢,台南市南區國****,2881*****,否,,,,,,,
26,曾之婕,111年臺南市議員選舉,首次申報,1110925,雜支支出,夢幻氣球派對生活館,29400624,0.00,53500.00,,,,歐帳.會議桌.椅子.紅毯.三角錐,金錢,臺南市東區中****,,否,,,,,,,
27,曾之婕,111年臺南市議員選舉,首次申報,1110925,雜支支出,夢幻氣球派對生活館,29400624,0.00,20000.00,,,,歐帳,金錢,臺南市東區中****,,否,,,,,,,
28,曾之婕,111年臺南市議員選舉,首次申報,1110925,雜支支出,五味軒外燴企業社,36859012,0.00,39000.00,,,,餐點一批,金錢,臺南市育安四****,0919*****,否,,,,,,,
29,曾之婕,111年臺南市議員選舉,首次申報,1110925,雜支支出,仁安佈置,81197067,0.00,6000.00,,,,租賃水冷扇,金錢,臺南市安南區****,,否,,,,,,,
30,曾之婕,111年臺南市議員選舉,首次申報,1110926,宣傳支出,染舍旗幟廣告設計工作室,20162299,0.00,30480.00,,,,帆布鐵架,金錢,台南市南區國****,2881*****,否,,,,,,,
31,曾之婕,111年臺南市議員選舉,首次申報,1110927,雜支支出,京城商業銀行-中華分行,,0.00,30.00,,,,匯費,金錢,臺南市東區仁****,06-2*****,否,,,,,,,
32,曾之婕,111年臺南市議員選舉,首次申報,1110927,宣傳支出,臺灣中華日報社股份有限公司,03710808,0.00,50000.00,,,,廣告費,金錢,台南市北區西****,,否,,,,,,,
33,曾之婕,111年臺南市議員選舉,首次申報,1110927,宣傳支出,染舍旗幟廣告設計工作室,20162299,0.00,12000.00,,,,吊車費用一批,金錢,台南市南區國****,2881*****,否,,,,,,,
34,曾之婕,111年臺南市議員選舉,首次申報,1110927,宣傳支出,染舍旗幟廣告設計工作室,20162299,0.00,17440.00,,,,帆布竹架,金錢,台南市南區國****,2881*****,否,,,,,,,
35,曾之婕,111年臺南市議員選舉,首次申報,1110927,宣傳支出,威庭照明事業有限公司,97047396,0.00,16200.00,,,,照明設備,金錢,臺南市南區新****,0629*****,否,,,,,,,
36,曾之婕,111年臺南市議員選舉,首次申報,1110928,宣傳支出,染舍旗幟廣告設計工作室,20162299,0.00,10530.00,,,,帆布,金錢,台南市南區國****,2881*****,否,,,,,,,
37,曾之婕,111年臺南市議員選舉,首次申報,1110928,宣傳支出,染舍旗幟廣告設計工作室,20162299,0.00,16390.00,,,,帆布,金錢,台南市南區國****,2881*****,否,,,,,,,
38,曾之婕,111年臺南市議員選舉,首次申報,1110929,宣傳支出,染舍旗幟廣告設計工作室,20162299,0.00,10300.00,,,,帆布鐵架,金錢,台南市南區國****,2881*****,否,,,,,,,
39,曾之婕,111年臺南市議員選舉,首次申報,1110929,宣傳支出,染舍旗幟廣告設計工作室,20162299,0.00,9020.00,,,,帆布,金錢,台南市南區國****,2881*****,否,,,,,,,
40,曾之婕,111年臺南市議員選舉,首次申報,1110929,宣傳支出,染舍旗幟廣告設計工作室,20162299,0.00,18000.00,,,,吊車費用,金錢,台南市南區國****,2881*****,否,,,,,,,
41,曾之婕,111年臺南市議員選舉,首次申報,1110930,雜支支出,京城銀行,,0.00,30.00,,,,匯費,金錢,台南市東區仁****,,否,,,,,,,
42,曾之婕,111年臺南市議員選舉,首次申報,1110930,宣傳支出,染舍旗幟廣告設計工作室,20162299,0.00,17530.00,,,,帆布,金錢,台南市南區國****,2881*****,否,,,,,,,
43,曾之婕,111年臺南市議員選舉,首次申報,1110930,宣傳支出,染舍旗幟廣告設計工作室,20162299,0.00,16830.00,,,,帆布,金錢,台南市南區國****,2881*****,否,,,,,,,
44,曾之婕,111年臺南市議員選舉,首次申報,1110930,雜支支出,五味軒外燴企業社,36859012,0.00,42000.00,,,,餐點一批,金錢,臺南市育安四****,0919*****,否,,,,,,,
45,曾之婕,111年臺南市議員選舉,首次申報,1110930,雜支支出,盈賓廚藝企業社,40722566,0.00,8000.00,,,,餐費,金錢,臺南市東區崇****,,否,,,,,,,
46,曾之婕,111年臺南市議員選舉,首次申報,1110930,宣傳支出,百歌燈光音響有限公司,64956705,0.00,183750.00,,,,競選總部成立舞台音響,金錢,臺南市東區府****,2154*****,否,,,,,,,
47,曾之婕,111年臺南市議員選舉,首次申報,1110930,雜支支出,安哥台菜料理,85918592,0.00,13500.00,,,,餐費,金錢,臺南市東區崇****,2605*****,否,,,,,,,
48,曾之婕,111年臺南市議員選舉,首次申報,1110930,雜支支出,安哥台菜料理,85918592,0.00,15000.00,,,,餐費,金錢,臺南市東區崇****,2605*****,否,,,,,,,
49,曾之婕,111年臺南市議員選舉,首次申報,1111001,宣傳支出,染舍旗幟廣告設計工作室,20162299,0.00,18440.00,,,,帆布,金錢,台南市南區國****,2881*****,否,,,,,,,
50,曾之婕,111年臺南市議員選舉,首次申報,1111001,宣傳支出,染舍旗幟廣告設計工作室,20162299,0.00,8000.00,,,,吊車費用,金錢,台南市南區國****,2881*****,否,,,,,,,
51,曾之婕,111年臺南市議員選舉,首次申報,1111002,宣傳支出,染舍旗幟廣告設計工作室,20162299,0.00,22910.00,,,,帆布,金錢,台南市南區國****,2881*****,否,,,,,,,
52,曾之婕,111年臺南市議員選舉,首次申報,1111003,雜支支出,國藝企業社,09015010,0.00,8000.00,,,,宣傳車裝設投射照明燈,金錢,臺南市將軍區****,,否,,,,,,,
53,曾之婕,111年臺南市議員選舉,首次申報,1111003,宣傳支出,冠宇室內裝潢行,10707899,0.00,51200.00,,,,宣傳車木作.油漆施工,金錢,高雄市湖內區****,,否,,,,,,,
54,曾之婕,111年臺南市議員選舉,首次申報,1111003,宣傳支出,衣學院企業社,14520220,0.00,57600.00,,,,帽子,金錢,嘉義市芳草里****,,否,,,,,,,
55,曾之婕,111年臺南市議員選舉,首次申報,1111003,宣傳支出,染舍旗幟廣告設計工作室,20162299,0.00,30240.00,,,,帆布鐵架,金錢,台南市南區國****,2881*****,否,,,,,,,
56,曾之婕,111年臺南市議員選舉,首次申報,1111003,雜支支出,中國信託產險,27938888,0.00,700.00,,,,交通指揮保險費,金錢,臺北市中正區****,,否,,,,,,,
57,曾之婕,111年臺南市議員選舉,首次申報,1111003,雜支支出,鳴傳天鼓企業社,85609441,0.00,25000.00,,,,競選總部成立表演團體,金錢,臺南市東區大****,,否,,,,,,,
58,曾之婕,111年臺南市議員選舉,首次申報,1111003,人事費用支出,王雲永,D10*******,0.00,1500.00,,,,交通指揮費用,金錢,臺南市南區新****,,否,,,,,,,
59,曾之婕,111年臺南市議員選舉,首次申報,1111003,人事費用支出,吳榮義,D12*******,0.00,1500.00,,,,交通指揮費用,金錢,臺南市安南區****,,否,,,,,,,
60,曾之婕,111年臺南市議員選舉,首次申報,1111003,人事費用支出,趙俊欽,D12*******,0.00,1500.00,,,,交通指揮費用,金錢,臺南市永康區****,,否,,,,,,,
61,曾之婕,111年臺南市議員選舉,首次申報,1111003,人事費用支出,吳榮義,D12*******,0.00,1600.00,,,,交通指揮費用,金錢,臺南市安南區****,,否,,,,,,,
62,曾之婕,111年臺南市議員選舉,首次申報,1111003,人事費用支出,張敦磊,D12*******,0.00,1500.00,,,,交通指揮費用,金錢,臺南市新行街****,,否,,,,,,,
63,曾之婕,111年臺南市議員選舉,首次申報,1111003,人事費用支出,陳麗珍,D22*******,0.00,1500.00,,,,交通指揮費用,金錢,臺南市金華路****,,否,,,,,,,
64,曾之婕,111年臺南市議員選舉,首次申報,1111003,人事費用支出,張秋華,D22*******,0.00,1600.00,,,,交通指揮費用,金錢,臺南市北區文****,,否,,,,,,,
65,曾之婕,111年臺南市議員選舉,首次申報,1111003,人事費用支出,林瑞汾,D22*******,0.00,6300.00,,,,工資或薪津,金錢,臺南市東區鯤****,0913*****,否,,,,,,,
66,曾之婕,111年臺南市議員選舉,首次申報,1111003,人事費用支出,許茵棋,D22*******,0.00,6000.00,,,,工資或薪津,金錢,臺南市東區德****,,否,,,,,,,
67,曾之婕,111年臺南市議員選舉,首次申報,1111003,人事費用支出,張秋華,D22*******,0.00,1500.00,,,,交通指揮費用,金錢,臺南市北區文****,,否,,,,,,,
68,曾之婕,111年臺南市議員選舉,首次申報,1111003,人事費用支出,徐嘉和,M12*******,0.00,1500.00,,,,交通指揮費用,金錢,臺南市永康區****,,否,,,,,,,
69,曾之婕,111年臺南市議員選舉,首次申報,1111003,人事費用支出,吳淑敏,N20*******,0.00,25000.00,,,,工資或薪津,金錢,臺南市東區和****,0939*****,否,,,,,,,
70,曾之婕,111年臺南市議員選舉,首次申報,1111003,人事費用支出,簡文玉,Q22*******,0.00,1500.00,,,,交通指揮費用,金錢,臺中市北區東****,,否,,,,,,,
71,曾之婕,111年臺南市議員選舉,首次申報,1111003,人事費用支出,王聖博,R12*******,0.00,1500.00,,,,交通指揮費用,金錢,臺南市永康區****,,否,,,,,,,
72,曾之婕,111年臺南市議員選舉,首次申報,1111003,人事費用支出,吳聖斌,R12*******,0.00,1500.00,,,,交通指揮費用,金錢,臺南市永康區****,,否,,,,,,,
73,曾之婕,111年臺南市議員選舉,首次申報,1111003,人事費用支出,鄭復興,R12*******,0.00,1500.00,,,,交通指揮費用,金錢,臺南市仁德區****,,否,,,,,,,
74,曾之婕,111年臺南市議員選舉,首次申報,1111003,人事費用支出,林秋密,R22*******,0.00,1500.00,,,,交通指揮費用,金錢,臺南市安南區****,,否,,,,,,,
75,曾之婕,111年臺南市議員選舉,首次申報,1111003,人事費用支出,林秋密,R22*******,0.00,1600.00,,,,交通指揮費用,金錢,臺南市安南區****,,否,,,,,,,
76,曾之婕,111年臺南市議員選舉,首次申報,1111003,人事費用支出,黃美玲,R22*******,0.00,1500.00,,,,交通指揮費用,金錢,臺南市永康區****,,否,,,,,,,
77,曾之婕,111年臺南市議員選舉,首次申報,1111003,人事費用支出,李志鵬,S12*******,0.00,1500.00,,,,交通指揮費用,金錢,臺南市永康區****,,否,,,,,,,
78,曾之婕,111年臺南市議員選舉,首次申報,1111003,人事費用支出,何秀枝,S22*******,0.00,28000.00,,,,工資或薪津,金錢,臺南市下營區****,,否,,,,,,,
79,曾之婕,111年臺南市議員選舉,首次申報,1111005,雜支支出,長鑫數位科技企業社,47785158,0.00,6860.00,,,,影印紙一批,金錢,臺南市新化區****,0933*****,否,,,,,,,
80,曾之婕,111年臺南市議員選舉,首次申報,1111006,宣傳支出,馬雅影印店,10867776,0.00,1600.00,,,,影印,金錢,台南市東區勝****,2366*****,否,,,,,,,
81,曾之婕,111年臺南市議員選舉,首次申報,1111006,宣傳支出,雨文設計,81225556,0.00,70250.00,,,,文宣+設計費用,金錢,臺南市關廟區****,2994*****,否,,,,,,,
82,曾之婕,111年臺南市議員選舉,首次申報,1111006,宣傳支出,雨文設計,81225556,0.00,40520.00,,,,文宣+設計費用,金錢,臺南市關廟區****,2994*****,否,,,,,,,
83,曾之婕,111年臺南市議員選舉,首次申報,1111007,雜支支出,大同包子店,19492048,0.00,1700.00,,,,餐飲費用,金錢,臺南市府連路****,2141*****,否,,,,,,,
84,曾之婕,111年臺南市議員選舉,首次申報,1111007,雜支支出,五味軒外燴企業社,36859012,0.00,39000.00,,,,餐點一批,金錢,臺南市育安四****,0919*****,否,,,,,,,
85,曾之婕,111年臺南市議員選舉,首次申報,1111008,雜支支出,唐輝實業有限公司,28518998,0.00,6000.00,,,,清潔消毒費,金錢,臺南市東區崇****,2691*****,否,,,,,,,
86,曾之婕,111年臺南市議員選舉,首次申報,1111011,宣傳支出,國樺企業行,06421128,0.00,5250.00,,,,商標貼紙,金錢,臺南市東區崇****,2677*****,否,,,,,,,
87,曾之婕,111年臺南市議員選舉,首次申報,1111011,宣傳支出,國樺企業行,06421128,0.00,60900.00,,,,商標貼紙,金錢,臺南市東區崇****,,否,,,,,,,
88,曾之婕,111年臺南市議員選舉,首次申報,1111012,宣傳支出,奇歐廣告,40892323,0.00,59063.00,,,,荷葉扇-大,金錢,臺南市安南區****,,否,,,,,,,
89,曾之婕,111年臺南市議員選舉,首次申報,1111012,雜支支出,大億油漆工程行,56980168,0.00,200.00,,,,噴漆,金錢,臺南市東區仁****,2686*****,否,,,,,,,
90,曾之婕,111年臺南市議員選舉,首次申報,1111014,雜支支出,力士音響影音科技社,,0.00,2950.00,,,,維修音響設備,金錢,臺南市東區關****,3310*****,否,,,,,,,
91,曾之婕,111年臺南市議員選舉,首次申報,1111014,宣傳支出,國樺企業行,06421128,0.00,23993.00,,,,商標貼紙,金錢,臺南市東區崇****,,否,,,,,,,
92,曾之婕,111年臺南市議員選舉,首次申報,1111014,雜支支出,安哥台菜料理,85918592,0.00,12000.00,,,,餐費,金錢,臺南市東區崇****,2605*****,否,,,,,,,
93,曾之婕,111年臺南市議員選舉,首次申報,1111014,人事費用支出,梁皓程,D12*******,0.00,3600.00,,,,競選總部拍攝人員,金錢,臺南市安南區****,0986*****,否,,,,,,,
94,曾之婕,111年臺南市議員選舉,首次申報,1111014,人事費用支出,蘇于菁,S22*******,0.00,3600.00,,,,競選總部拍攝人員,金錢,臺南市中西區****,0988*****,否,,,,,,,
95,曾之婕,111年臺南市議員選舉,首次申報,1111015,宣傳支出,良羑有限公司,12946690,0.00,50925.00,,,,小胖筆,金錢,新北市深坑區****,,否,,,,,,,
96,曾之婕,111年臺南市議員選舉,首次申報,1111017,宣傳支出,名人演藝事業有限公司,54569206,0.00,378000.00,,,,廣告費用,金錢,臺南市歸仁區****,,否,,,,,,,
97,曾之婕,111年臺南市議員選舉,首次申報,1111018,宣傳支出,國樺企業行,06421128,0.00,15750.00,,,,商標貼紙,金錢,臺南市東區崇****,,否,,,,,,,
98,曾之婕,111年臺南市議員選舉,首次申報,1111018,宣傳支出,國樺企業行,06421128,0.00,15960.00,,,,商標貼紙,金錢,臺南市東區崇****,2677*****,否,,,,,,,
99,曾之婕,111年臺南市議員選舉,首次申報,1111020,宣傳支出,衣學院企業社,14520220,0.00,29400.00,,,,帽子,金錢,嘉義市芳草里****,,否,,,,,,,
100,曾之婕,111年臺南市議員選舉,首次申報,1111020,宣傳支出,染舍旗幟廣告設計工作室,20162299,0.00,41688.00,,,,帆布.鐵架,金錢,台南市南區國****,2881*****,否,,,,,,,
101,曾之婕,111年臺南市議員選舉,首次申報,1111021,宣傳支出,國樺企業行,06421128,0.00,18942.00,,,,商標貼紙,金錢,臺南市東區崇****,2677*****,否,,,,,,,
102,曾之婕,111年臺南市議員選舉,首次申報,1111021,雜支支出,立士企業社,94946705,0.00,1000.00,,,,橡皮章,金錢,臺南市東區仁****,,否,,,,,,,
103,曾之婕,111年臺南市議員選舉,首次申報,1111021,人事費用支出,趙俊欽,D12*******,0.00,1400.00,,,,交通指揮,金錢,臺南市永康區****,,否,,,,,,,
104,曾之婕,111年臺南市議員選舉,首次申報,1111021,人事費用支出,張秋華,D22*******,0.00,1400.00,,,,交通指揮,金錢,臺南市北區文****,,否,,,,,,,
105,曾之婕,111年臺南市議員選舉,首次申報,1111021,人事費用支出,徐正平,F12*******,0.00,1400.00,,,,交通指揮,金錢,臺南市永康區****,,否,,,,,,,
106,曾之婕,111年臺南市議員選舉,首次申報,1111021,人事費用支出,林秋密,R22*******,0.00,1400.00,,,,交通指揮,金錢,臺南市安南區****,,否,,,,,,,
107,曾之婕,111年臺南市議員選舉,首次申報,1111024,宣傳支出,國樺企業行,06421128,0.00,12949.00,,,,商標貼紙,金錢,臺南市東區崇****,2677*****,否,,,,,,,
108,曾之婕,111年臺南市議員選舉,首次申報,1111024,宣傳支出,國樺企業行,06421128,0.00,9902.00,,,,商標貼紙,金錢,臺南市東區崇****,2677*****,否,,,,,,,
109,曾之婕,111年臺南市議員選舉,首次申報,1111024,宣傳支出,國樺企業行,06421128,0.00,14480.00,,,,商標貼紙,金錢,臺南市東區崇****,2677*****,否,,,,,,,
110,曾之婕,111年臺南市議員選舉,首次申報,1111024,宣傳支出,國樺企業行,06421128,0.00,15068.00,,,,商標貼紙,金錢,臺南市東區崇****,2677*****,否,,,,,,,
111,曾之婕,111年臺南市議員選舉,首次申報,1111024,宣傳支出,國樺企業行,06421128,0.00,3674.00,,,,商標貼紙,金錢,臺南市東區崇****,2677*****,否,,,,,,,
112,曾之婕,111年臺南市議員選舉,首次申報,1111024,宣傳支出,國樺企業行,06421128,0.00,9870.00,,,,商標貼紙,金錢,臺南市東區崇****,2677*****,否,,,,,,,
113,曾之婕,111年臺南市議員選舉,首次申報,1111024,雜支支出,弘名行國際文化有限公司,54565222,0.00,650.00,,,,文具費用,金錢,臺南市東區崇****,,否,,,,,,,
114,曾之婕,111年臺南市議員選舉,首次申報,1111024,雜支支出,漢光消防工程有限公司,91014355,0.00,3400.00,,,,滅火器一批,金錢,臺南市南區金****,,否,,,,,,,
115,曾之婕,111年臺南市議員選舉,首次申報,1111024,宣傳支出,威航食品有限公司,97079214,0.00,132400.00,,,,飲料.礦泉水一批,金錢,高雄市湖內區****,,否,,,,,,,
116,曾之婕,111年臺南市議員選舉,首次申報,1111025,宣傳支出,文字空間廣告設計企業社,09074185,0.00,37850.00,,,,口罩銅板紙,金錢,臺南市東區前****,2351*****,否,,,,,,,
117,曾之婕,111年臺南市議員選舉,首次申報,1111025,雜支支出,弘名行國際文化有限公司,54565222,0.00,340.00,,,,文具一批,金錢,臺南市東區崇****,,否,,,,,,,
118,曾之婕,111年臺南市議員選舉,首次申報,1111025,宣傳支出,奇菲林傳播股份有限公司,80214790,0.00,9000.00,,,,總部成立攝影費,金錢,臺南市安平路****,,否,,,,,,,
119,曾之婕,111年臺南市議員選舉,首次申報,1111025,雜支支出,恆美攝影社,87847530,0.00,760.00,,,,護卡,金錢,臺南市東區崇****,2891*****,否,,,,,,,
120,曾之婕,111年臺南市議員選舉,首次申報,1111026,宣傳支出,山水開發彩色印刷有限公司,25172021,0.00,189000.00,,,,印刷,金錢,台南市安平區****,,否,,,,,,,
121,曾之婕,111年臺南市議員選舉,首次申報,1111026,雜支支出,力士音響影音科技社,40866893,0.00,12000.00,,,,音響設備維修,金錢,臺南市東區關****,3310*****,否,,,,,,,
122,曾之婕,111年臺南市議員選舉,首次申報,1111026,雜支支出,恆美攝影社,87847530,0.00,400.00,,,,護卡,金錢,臺南市東區崇****,2891*****,否,,,,,,,
123,曾之婕,111年臺南市議員選舉,首次申報,1111027,宣傳支出,冠達布業有限公司,96935788,0.00,196875.00,,,,口罩文宣,金錢,新北市三重區****,,否,,,,,,,
124,曾之婕,111年臺南市議員選舉,首次申報,1111028,雜支支出,統北生活館有限公司,28367767,0.00,363.00,,,,五金一批,金錢,臺南市東區崇****,,否,,,,,,,
125,曾之婕,111年臺南市議員選舉,首次申報,1111029,雜支支出,統北生活館有限公司,28367767,0.00,238.00,,,,電池一批,金錢,臺南市東區崇****,,否,,,,,,,
126,曾之婕,111年臺南市議員選舉,首次申報,1111030,雜支支出,八大奇文具事業有限公司,84958836,0.00,120.00,,,,文具一批,金錢,臺南市東區崇****,2608*****,否,,,,,,,
127,曾之婕,111年臺南市議員選舉,首次申報,1111030,集會支出,競選總部,D22*******,0.00,11600.00,,,,餐飲費用,非金錢,臺南市東區中****,,否,,,,,,,
128,曾之婕,111年臺南市議員選舉,首次申報,1111031,雜支支出,力士音響影音科技社,40866893,0.00,33390.00,,,,行動式手提擴音機.攜帶式擴音機,金錢,臺南市東區關****,3310*****,否,,,,,,,
129,曾之婕,111年臺南市議員選舉,首次申報,1111031,宣傳支出,長頸鹿整合行銷有限公司,61095534,0.00,25200.00,,,,廣告託播,金錢,臺中市北區頂****,,否,,,,,,,
130,曾之婕,111年臺南市議員選舉,首次申報,1111101,雜支支出,京城銀行,,0.00,30.00,,,,匯費,金錢,台南市東區仁****,,否,,,,,,,
131,曾之婕,111年臺南市議員選舉,首次申報,1111101,宣傳支出,國樺企業行,06421128,0.00,8862.00,,,,商標貼紙,金錢,臺南市東區崇****,2677*****,否,,,,,,,
132,曾之婕,111年臺南市議員選舉,首次申報,1111101,宣傳支出,麗昇通訊行,17865014,0.00,50400.00,,,,廣告牆租金,金錢,高雄市三民區****,,否,,,,,,,
133,曾之婕,111年臺南市議員選舉,首次申報,1111101,雜支支出,長鑫數位科技企業社,47785158,0.00,5586.00,,,,影印紙+碳粉,金錢,臺南市新化區****,0933*****,否,,,,,,,
134,曾之婕,111年臺南市議員選舉,首次申報,1111101,宣傳支出,小親親童裝,77240062,0.00,9500.00,,,,背心一批,金錢,台中市西屯區****,2206*****,否,,,,,,,
135,曾之婕,111年臺南市議員選舉,首次申報,1111101,人事費用支出,林瑞汾,D22*******,0.00,8925.00,,,,電訪人員薪水,金錢,臺南市東區鯤****,0913*****,否,,,,,,,
136,曾之婕,111年臺南市議員選舉,首次申報,1111101,人事費用支出,許茵棋,D22*******,0.00,7500.00,,,,電訪人員薪水,金錢,臺南市東區德****,,否,,,,,,,
137,曾之婕,111年臺南市議員選舉,首次申報,1111101,人事費用支出,吳淑敏,N20*******,0.00,25000.00,,,,選務人員薪資,金錢,臺南市東區和****,0939*****,否,,,,,,,
138,曾之婕,111年臺南市議員選舉,首次申報,1111101,人事費用支出,何秀枝,S22*******,0.00,28000.00,,,,選務人員薪資,金錢,臺南市下營區****,,否,,,,,,,
139,曾之婕,111年臺南市議員選舉,首次申報,1111107,雜支支出,中華郵政股份有限公司臺南郵局,03741302,0.00,32.00,,,,郵寄文宣,金錢,臺南市北區成****,,否,,,,,,,
140,曾之婕,111年臺南市議員選舉,首次申報,1111107,雜支支出,中華郵政股份有限公司臺南郵局,03741302,0.00,2520.00,,,,郵寄文宣,金錢,臺南市北區成****,,否,,,,,,,
141,曾之婕,111年臺南市議員選舉,首次申報,1111107,雜支支出,中華郵政股份有限公司臺南郵局,03741302,0.00,2300.00,,,,郵寄文宣,金錢,臺南市北區成****,,否,,,,,,,
142,曾之婕,111年臺南市議員選舉,首次申報,1111107,雜支支出,中華郵政股份有限公司臺南郵局,03741302,0.00,2595.00,,,,郵寄文宣,金錢,臺南市北區成****,,否,,,,,,,
143,曾之婕,111年臺南市議員選舉,首次申報,1111107,雜支支出,中華郵政股份有限公司臺南郵局,03741302,0.00,19.00,,,,郵寄文宣,金錢,臺南市北區成****,,否,,,,,,,
144,曾之婕,111年臺南市議員選舉,首次申報,1111111,宣傳支出,加多廣告派報工作室,09095908,0.00,38500.00,,,,派報文宣,金錢,臺南市東區崇****,,否,,,,,,,
145,曾之婕,111年臺南市議員選舉,首次申報,1111111,雜支支出,恆美攝影社,87847530,0.00,140.00,,,,相片,金錢,臺南市東區崇****,2891*****,否,,,,,,,
146,曾之婕,111年臺南市議員選舉,首次申報,1111114,雜支支出,統北生活館有限公司,28367767,0.00,248.00,,,,麥克風線材,金錢,臺南市東區崇****,,否,,,,,,,
147,曾之婕,111年臺南市議員選舉,首次申報,1111114,雜支支出,統北生活館有限公司,28367767,0.00,90.00,,,,束帶,金錢,臺南市東區崇****,,否,,,,,,,
148,曾之婕,111年臺南市議員選舉,首次申報,1111115,雜支支出,上尚五金百貨商行,19496585,0.00,169.00,,,,五金一批,金錢,台南市仁和路****,,否,,,,,,,
149,曾之婕,111年臺南市議員選舉,首次申報,1111115,雜支支出,統北生活館有限公司,28367767,0.00,871.00,,,,束帶.鉛線一批,金錢,臺南市東區崇****,,否,,,,,,,
150,曾之婕,111年臺南市議員選舉,首次申報,1111115,宣傳支出,可麗莊企業有限公司,29105572,0.00,4900.00,,,,彩帶.木座,金錢,臺南市安平區****,,否,,,,,,,
151,曾之婕,111年臺南市議員選舉,首次申報,1111115,雜支支出,九乘九文具,90873841,0.00,258.00,,,,膠帶一批,金錢,臺南市東區中****,,否,,,,,,,
152,曾之婕,111年臺南市議員選舉,首次申報,1111118,宣傳支出,臺灣中華日報社股份有限公司,03710808,0.00,50000.00,,,,廣告費,金錢,台南市北區西****,,否,,,,,,,
153,曾之婕,111年臺南市議員選舉,首次申報,1111119,宣傳支出,寶今行銷有限公司,25065649,0.00,1670.00,,,,帽沿燈+電池,金錢,臺南市東區崇****,2881*****,否,,,,,,,
154,曾之婕,111年臺南市議員選舉,首次申報,1111119,宣傳支出,寶今行銷有限公司,25065649,0.00,1380.00,,,,帽沿燈,金錢,臺南市東區崇****,2881*****,否,,,,,,,
155,曾之婕,111年臺南市議員選舉,首次申報,1111119,宣傳支出,寶今行銷有限公司,25065649,0.00,290.00,,,,電池一批,金錢,臺南市東區崇****,2881*****,否,,,,,,,
156,曾之婕,111年臺南市議員選舉,首次申報,1111119,雜支支出,統北生活館有限公司,28367767,0.00,138.00,,,,電池一批,金錢,臺南市東區崇****,,否,,,,,,,
157,曾之婕,111年臺南市議員選舉,首次申報,1111121,宣傳支出,寶今行銷有限公司,25065649,0.00,3340.00,,,,帽沿燈+電池,金錢,臺南市東區崇****,2881*****,否,,,,,,,
158,曾之婕,111年臺南市議員選舉,首次申報,1111122,租用宣傳車輛支出,小遊龍自行車出租企業社,10853436,0.00,17700.00,,,,租賃自行車,金錢,臺南市安平區****,2285*****,否,,,,,,,
159,曾之婕,111年臺南市議員選舉,首次申報,1111123,雜支支出,統北生活館有限公司,28367767,0.00,90.00,,,,束帶,金錢,臺南市東區崇****,,否,,,,,,,
160,曾之婕,111年臺南市議員選舉,首次申報,1111123,雜支支出,八大奇文具事業有限公司,84958836,0.00,240.00,,,,珍珠板,金錢,臺南市東區崇****,2608*****,否,,,,,,,
161,曾之婕,111年臺南市議員選舉,首次申報,1111124,雜支支出,統北生活館有限公司,28367767,0.00,169.00,,,,電池一批,金錢,臺南市東區崇****,,否,,,,,,,
162,曾之婕,111年臺南市議員選舉,首次申報,1111125,雜支支出,盈賓廚藝企業社,40722566,0.00,8000.00,,,,餐費一批,金錢,臺南市東區崇****,,否,,,,,,,
163,曾之婕,111年臺南市議員選舉,首次申報,1111125,雜支支出,弘名行國際文化有限公司,54565222,0.00,300.00,,,,原子筆一批,金錢,臺南市東區崇****,,否,,,,,,,
164,曾之婕,111年臺南市議員選舉,首次申報,1111201,人事費用支出,許茵棋,D22*******,0.00,9525.00,,,,電訪人員薪資,金錢,臺南市東區德****,,否,,,,,,,
165,曾之婕,111年臺南市議員選舉,首次申報,1111201,人事費用支出,林瑞汾,D22*******,0.00,11250.00,,,,電訪人員薪資,金錢,臺南市東區鯤****,0913*****,否,,,,,,,
166,曾之婕,111年臺南市議員選舉,首次申報,1111201,人事費用支出,吳淑敏,N20*******,0.00,25000.00,,,,選務人員薪資,金錢,臺南市東區和****,0939*****,否,,,,,,,
167,曾之婕,111年臺南市議員選舉,首次申報,1111201,人事費用支出,何秀枝,S22*******,0.00,28000.00,,,,選務人員薪資,金錢,臺南市下營區****,,否,,,,,,,
