﻿序號,擬參選人／政黨,選舉名稱,申報序號／年度,交易日期,收支科目,捐贈者／支出對象,身分證／統一編號,收入金額,支出金額,支出用途,金錢類,地址,聯絡電話,資料更正日期
1,張祖琰,107年縣(市)議員選舉,首次申報,1070717,雜支支出,大魯閣湳雅廣場,50753102,0.00,539.00,餐飲費用,金錢,新竹市北區湳****,,
2,張祖琰,107年縣(市)議員選舉,首次申報,1070731,租用宣傳車輛支出,新竹市監理站,,0.00,4800.00,宣傳車輛燃料支出,金錢,新竹市自由路****,,
3,張祖琰,107年縣(市)議員選舉,首次申報,1070804,交通旅運支出,台灣中油光復站,47149030,0.00,1011.00,油資,金錢,,,
4,張祖琰,107年縣(市)議員選舉,首次申報,1070820,交通旅運支出,台灣中油光復站,47149030,0.00,1167.00,油資,金錢,,,
5,張祖琰,107年縣(市)議員選舉,首次申報,1070901,宣傳支出,毅鴻企業社,18082735,0.00,25200.00,製作競選物品支出（物品名稱:帆布）,金錢,,,
6,張祖琰,107年縣(市)議員選舉,首次申報,1070904,交通旅運支出,台灣中油光復站,47149030,0.00,1218.00,油資,金錢,,,
7,張祖琰,107年縣(市)議員選舉,首次申報,1070915,雜支支出,概念通訊行,10018985,0.00,1800.00,雜項購置或修繕費用,金錢,,,
8,張祖琰,107年縣(市)議員選舉,首次申報,1070916,交通旅運支出,台灣中油光復站,47149030,0.00,1221.00,油資,金錢,,,
9,張祖琰,107年縣(市)議員選舉,首次申報,1070920,宣傳支出,新竹建中郵局,,0.00,1198.00,郵寄競選物品或宣傳廣告支出,金錢,新竹市東區建****,,
10,張祖琰,107年縣(市)議員選舉,首次申報,1070921,宣傳支出,新竹武昌街郵局,,0.00,470.00,郵寄競選物品或宣傳廣告支出,金錢,新竹市東區武****,,
11,張祖琰,107年縣(市)議員選舉,首次申報,1070925,雜支支出,旺財牛百貨有限公司,,0.00,209.00,雜項購置或修繕費用,金錢,新竹市軍功里****,,
12,張祖琰,107年縣(市)議員選舉,首次申報,1070925,雜支支出,全部十元商店,21577887,0.00,337.00,雜項購置或修繕費用,金錢,,,
13,張祖琰,107年縣(市)議員選舉,首次申報,1070926,交通旅運支出,仟紘加油站,28933186,0.00,480.00,油資,金錢,,,
14,張祖琰,107年縣(市)議員選舉,首次申報,1070927,交通旅運支出,西歐加油中華站,34865524,0.00,505.00,油資,金錢,,,
15,張祖琰,107年縣(市)議員選舉,首次申報,1070927,租用競選辦事處支出,裕峰工程行,42046197,0.00,33000.00,裝潢競選辦事處支出,金錢,公道五路二段****,03-5*****,
16,張祖琰,107年縣(市)議員選舉,首次申報,1070927,宣傳支出,姜智淼,J12*******,0.00,15000.00,租用廣告看板或車體廣告支出,金錢,,,
17,張祖琰,107年縣(市)議員選舉,首次申報,1070928,雜支支出,和泰行,,0.00,464.00,雜項購置或修繕費用,金錢,大同路號****,,
18,張祖琰,107年縣(市)議員選舉,首次申報,1070928,雜支支出,進文企業有限公司,22206723,0.00,342.00,雜項購置或修繕費用,金錢,,,
19,張祖琰,107年縣(市)議員選舉,首次申報,1070928,雜支支出,小雅百貨行,80778586,0.00,268.00,雜項購置或修繕費用,金錢,,,
20,張祖琰,107年縣(市)議員選舉,首次申報,1070929,雜支支出,和興金香舖,20138307,0.00,400.00,雜項購置或修繕費用,金錢,,,
21,張祖琰,107年縣(市)議員選舉,首次申報,1070930,集會支出,美珍香西餅蛋糕,02770047,0.00,25000.00,餐飲支出,金錢,,,
22,張祖琰,107年縣(市)議員選舉,首次申報,1070930,雜支支出,旺財牛百貨有限公司,24642264,0.00,333.00,雜項購置或修繕費用,金錢,,,
23,張祖琰,107年縣(市)議員選舉,首次申報,1070930,集會支出,威通環保有限公司,80292232,0.00,2520.00,租用設備支出,金錢,,,
24,張祖琰,107年縣(市)議員選舉,首次申報,1070930,人事費用支出,王若芸,H22*******,0.00,210.00,工資或薪津,金錢,桃園市桃園區****,,
25,張祖琰,107年縣(市)議員選舉,首次申報,1070930,人事費用支出,陳彥銨,J12*******,0.00,1875.00,加班費或值班費,金錢,新竹市自由路****,,
26,張祖琰,107年縣(市)議員選舉,首次申報,1070930,集會支出,劉佳豪,K12*******,0.00,12000.00,租用設備支出,金錢,,,
27,張祖琰,107年縣(市)議員選舉,首次申報,1070930,人事費用支出,賴品辰,N22*******,0.00,1885.00,加班費或值班費,金錢,新竹市愛文街****,,
28,張祖琰,107年縣(市)議員選舉,首次申報,1070930,人事費用支出,陳俞玟,O20*******,0.00,1282.00,加班費或值班費,金錢,新竹市延平路****,,
29,張祖琰,107年縣(市)議員選舉,首次申報,1071001,宣傳支出,文化書報社,05700185,0.00,2900.00,播送、傳送或刊登宣傳廣告支出,金錢,,,
30,張祖琰,107年縣(市)議員選舉,首次申報,1071001,雜支支出,進文企業有限公司,22206723,0.00,575.00,雜項購置或修繕費用,金錢,,,
31,張祖琰,107年縣(市)議員選舉,首次申報,1071001,雜支支出,小雅百貨行,80778586,0.00,608.00,雜項購置或修繕費用,金錢,,,
32,張祖琰,107年縣(市)議員選舉,首次申報,1071002,宣傳支出,國幸廣告有限公司,12699656,0.00,14973.00,租用廣告看板或車體廣告支出,金錢,,,
33,張祖琰,107年縣(市)議員選舉,首次申報,1071002,宣傳支出,陳建霖,E12*******,0.00,7500.00,租用廣告看板或車體廣告支出,金錢,,,
34,張祖琰,107年縣(市)議員選舉,首次申報,1071004,雜支支出,迎賓園快餐店,49925057,0.00,340.00,餐飲費用,金錢,,,
35,張祖琰,107年縣(市)議員選舉,首次申報,1071005,雜支支出,迎賓園快餐店,49925057,0.00,270.00,餐飲費用,金錢,,,
36,張祖琰,107年縣(市)議員選舉,首次申報,1071007,雜支支出,肥仔龍飲食店,73835746,0.00,208.00,餐飲費用,金錢,,,
37,張祖琰,107年縣(市)議員選舉,首次申報,1071008,宣傳支出,文化書報社,05700185,0.00,4000.00,播送、傳送或刊登宣傳廣告支出,金錢,,,
38,張祖琰,107年縣(市)議員選舉,首次申報,1071008,雜支支出,全部十元商店,21577887,0.00,190.00,雜項購置或修繕費用,金錢,,,
39,張祖琰,107年縣(市)議員選舉,首次申報,1071008,雜支支出,全聯福利中心新竹忠孝分公司,53651620,0.00,343.00,餐飲費用,金錢,,,
40,張祖琰,107年縣(市)議員選舉,首次申報,1071008,雜支支出,美之侯厲害拉麵,72772146,0.00,386.00,餐飲費用,金錢,,,
41,張祖琰,107年縣(市)議員選舉,首次申報,1071008,宣傳支出,巫鎮國,J12*******,0.00,5480.00,製作競選物品支出（物品名稱:宣傳車）,金錢,新竹市東美路****,,
42,張祖琰,107年縣(市)議員選舉,首次申報,1071009,交通旅運支出,公園加油站,22999288,0.00,500.00,油資,金錢,,,
43,張祖琰,107年縣(市)議員選舉,首次申報,1071009,人事費用支出,吳奇永,B12*******,0.00,9375.00,工資或薪津,金錢,新竹市中山路****,,
44,張祖琰,107年縣(市)議員選舉,首次申報,1071011,雜支支出,順發3C量販,16805088,0.00,728.00,雜項購置或修繕費用,金錢,,,
45,張祖琰,107年縣(市)議員選舉,首次申報,1071011,宣傳支出,陳英美,J20*******,0.00,5000.00,租用廣告看板或車體廣告支出,金錢,新竹市自由路****,,
46,張祖琰,107年縣(市)議員選舉,首次申報,1071012,集會支出,溶渼布帆行,34933375,0.00,16000.00,租用設備支出,金錢,,,
47,張祖琰,107年縣(市)議員選舉,首次申報,1071012,交通旅運支出,台灣中油光復站,47149030,0.00,1000.00,油資,金錢,,,
48,張祖琰,107年縣(市)議員選舉,首次申報,1071012,宣傳支出,全成廣告社,67999501,0.00,18000.00,租用廣告看板或車體廣告支出,金錢,,,
49,張祖琰,107年縣(市)議員選舉,首次申報,1071013,交通旅運支出,佳隆加油站,27653783,0.00,500.00,油資,金錢,,,
50,張祖琰,107年縣(市)議員選舉,首次申報,1071014,雜支支出,五花馬國際行銷公司,54576305,0.00,235.00,餐飲費用,金錢,,,
51,張祖琰,107年縣(市)議員選舉,首次申報,1071015,宣傳支出,巨匠廣告社,02788237,0.00,7500.00,播送、傳送或刊登宣傳廣告支出,金錢,,,
52,張祖琰,107年縣(市)議員選舉,首次申報,1071015,人事費用支出,彭添棟,J12*******,0.00,20000.00,工資或薪津,金錢,新竹縣湖口鄉****,,
53,張祖琰,107年縣(市)議員選舉,首次申報,1071016,雜支支出,金毫鎖印,10615955,0.00,460.00,雜項購置或修繕費用,金錢,,,
54,張祖琰,107年縣(市)議員選舉,首次申報,1071016,租用宣傳車輛支出,勝特力材料有限公司,16505414,0.00,493.00,維修宣傳車輛支出,金錢,,,
55,張祖琰,107年縣(市)議員選舉,首次申報,1071016,人事費用支出,陳彥銨,J12*******,0.00,16000.00,工資或薪津,金錢,新竹市自由路****,,
56,張祖琰,107年縣(市)議員選舉,首次申報,1071017,雜支支出,福泰商行有限公司,22057316,0.00,1750.00,雜項購置或修繕費用,金錢,,,
57,張祖琰,107年縣(市)議員選舉,首次申報,1071017,雜支支出,旺財牛百貨有限公司,24642264,0.00,260.00,雜項購置或修繕費用,金錢,,,
58,張祖琰,107年縣(市)議員選舉,首次申報,1071017,租用宣傳車輛支出,學德電料股份有限公司,47161081,0.00,1000.00,維修宣傳車輛支出,金錢,,,
59,張祖琰,107年縣(市)議員選舉,首次申報,1071018,雜支支出,原價屋電腦有限公司,37990102,0.00,5990.00,雜項購置或修繕費用,金錢,,,
60,張祖琰,107年縣(市)議員選舉,首次申報,1071018,交通旅運支出,台灣中油光復站,47149030,0.00,500.00,油資,金錢,,,
61,張祖琰,107年縣(市)議員選舉,首次申報,1071018,雜支支出,清華鎖匙刻印行,47287949,0.00,300.00,雜項購置或修繕費用,金錢,,,
62,張祖琰,107年縣(市)議員選舉,首次申報,1071018,宣傳支出,吳佩珍,J22*******,0.00,75000.00,播送、傳送或刊登宣傳廣告支出,金錢,新竹市中正路****,0918*****,
63,張祖琰,107年縣(市)議員選舉,首次申報,1071019,交通旅運支出,台灣中油光復站,47149030,0.00,1000.00,油資,金錢,,,
64,張祖琰,107年縣(市)議員選舉,首次申報,1071019,雜支支出,迎賓園快餐店,49925057,0.00,1700.00,餐飲費用,金錢,,,
65,張祖琰,107年縣(市)議員選舉,首次申報,1071019,雜支支出,迎賓園快餐店,49925057,0.00,250.00,餐飲費用,金錢,,,
66,張祖琰,107年縣(市)議員選舉,首次申報,1071019,宣傳支出,長展廣告工程有限公司,86599575,0.00,525.00,製作競選物品支出（物品名稱:數字模）,金錢,,,
67,張祖琰,107年縣(市)議員選舉,首次申報,1071022,租用競選辦事處支出,鄭欽維,J12*******,0.00,126000.00,租用競選辦事處費用,金錢,新竹市健美路****,0972*****,
68,張祖琰,107年縣(市)議員選舉,首次申報,1071023,租用競選辦事處支出,龍泰燈飾行,81927450,0.00,4000.00,裝潢競選辦事處支出,金錢,,,
69,張祖琰,107年縣(市)議員選舉,首次申報,1071024,雜支支出,和泰行,47047195,0.00,356.00,雜項購置或修繕費用,金錢,,,
70,張祖琰,107年縣(市)議員選舉,首次申報,1071025,雜支支出,日本橋資訊股份有限公司新竹光復分公司,42902190,0.00,2188.00,雜項購置或修繕費用,金錢,,,
71,張祖琰,107年縣(市)議員選舉,首次申報,1071025,交通旅運支出,台灣中油光復站,47149030,0.00,500.00,油資,金錢,,,
72,張祖琰,107年縣(市)議員選舉,首次申報,1071025,宣傳支出,李國強,J12*******,0.00,64804.00,製作競選物品支出（物品名稱-廣告牆面帆布）,金錢,新竹市中華路****,0932*****,
73,張祖琰,107年縣(市)議員選舉,首次申報,1071026,宣傳支出,彩石創意企業社,30327307,0.00,28000.00,製作競選物品支出（物品名稱-A文宣）,金錢,,,
74,張祖琰,107年縣(市)議員選舉,首次申報,1071026,雜支支出,尚恬文具商行,37850524,0.00,2500.00,雜項購置或修繕費用,金錢,,,
75,張祖琰,107年縣(市)議員選舉,首次申報,1071026,雜支支出,迎賓園快餐店,49925057,0.00,225.00,餐飲費用,金錢,,,
76,張祖琰,107年縣(市)議員選舉,首次申報,1071027,交通旅運支出,西歐加油站中華站,34865524,0.00,500.00,油資,金錢,,,
77,張祖琰,107年縣(市)議員選舉,首次申報,1071027,雜支支出,迎賓園快餐店,49925057,0.00,330.00,餐飲費用,金錢,,,
78,張祖琰,107年縣(市)議員選舉,首次申報,1071027,雜支支出,迎賓園快餐店,49925057,0.00,235.00,餐飲費用,金錢,,,
79,張祖琰,107年縣(市)議員選舉,首次申報,1071027,人事費用支出,陳彥銨,J12*******,0.00,16000.00,工資或薪津,金錢,新竹市自由路****,,
80,張祖琰,107年縣(市)議員選舉,首次申報,1071028,人事費用支出,王若芸,H22*******,0.00,1960.00,加班費或值班費,金錢,桃園市桃園區****,,
81,張祖琰,107年縣(市)議員選舉,首次申報,1071028,人事費用支出,陳彥銨,J12*******,0.00,7575.00,加班費或值班費,金錢,新竹市自由路****,,
82,張祖琰,107年縣(市)議員選舉,首次申報,1071028,人事費用支出,賴品辰,N22*******,0.00,5130.00,加班費或值班費,金錢,新竹市愛文街****,,
83,張祖琰,107年縣(市)議員選舉,首次申報,1071028,人事費用支出,陳俞玟,O20*******,0.00,5880.00,加班費或值班費,金錢,新竹市延平路****,,
84,張祖琰,107年縣(市)議員選舉,首次申報,1071029,雜支支出,順發3C量販新竹店,16805088,0.00,1064.00,雜項購置或修繕費用,金錢,,,
85,張祖琰,107年縣(市)議員選舉,首次申報,1071029,雜支支出,迎賓園快餐店,49925057,0.00,250.00,餐飲費用,金錢,,,
86,張祖琰,107年縣(市)議員選舉,首次申報,1071029,雜支支出,中華電信股份有限公司,88849347,0.00,3204.00,網際網路費用,金錢,,,
87,張祖琰,107年縣(市)議員選舉,首次申報,1071029,雜支支出,中華電信股份有限公司,88849347,0.00,3675.00,電信費用,金錢,,,
88,張祖琰,107年縣(市)議員選舉,首次申報,1071029,宣傳支出,劉家紅,J10*******,0.00,4000.00,租用廣告看板或車體廣告支出,金錢,新竹市經國路****,,
89,張祖琰,107年縣(市)議員選舉,首次申報,1071030,雜支支出,順發3C量販新竹店,16805088,0.00,399.00,雜項購置或修繕費用,金錢,,,
90,張祖琰,107年縣(市)議員選舉,首次申報,1071030,雜支支出,尚恬文具商行,37850524,0.00,2000.00,雜項購置或修繕費用,金錢,,,
91,張祖琰,107年縣(市)議員選舉,首次申報,1071030,雜支支出,東和快餐,41219797,0.00,400.00,餐飲費用,金錢,,,
92,張祖琰,107年縣(市)議員選舉,首次申報,1071030,雜支支出,清華鎖匙刻印行,47287949,0.00,300.00,雜項購置或修繕費用,金錢,,,
93,張祖琰,107年縣(市)議員選舉,首次申報,1071031,雜支支出,雲隆青果行,50702126,0.00,617.00,餐飲費用,金錢,,,
94,張祖琰,107年縣(市)議員選舉,首次申報,1071031,宣傳支出,王水埕,P10*******,0.00,45000.00,播送、傳送或刊登宣傳廣告支出,金錢,新竹市西大路****,0936*****,
95,張祖琰,107年縣(市)議員選舉,首次申報,1071101,宣傳支出,毅鴻企業社,18082735,0.00,1050.00,播送、傳送或刊登宣傳廣告支出,金錢,,,
96,張祖琰,107年縣(市)議員選舉,首次申報,1071101,雜支支出,東和快餐,41219797,0.00,270.00,餐飲費用,金錢,,,
97,張祖琰,107年縣(市)議員選舉,首次申報,1071101,雜支支出,迎賓園快餐店,49925057,0.00,265.00,餐飲費用,金錢,,,
98,張祖琰,107年縣(市)議員選舉,首次申報,1071101,人事費用支出,王若芸,H22*******,0.00,12000.00,工資或薪津,金錢,桃園市桃園區****,,
99,張祖琰,107年縣(市)議員選舉,首次申報,1071101,人事費用支出,彭添棟,J12*******,0.00,20000.00,工資或薪津,金錢,新竹縣湖口鄉****,,
100,張祖琰,107年縣(市)議員選舉,首次申報,1071104,交通旅運支出,公園加油站,22999288,0.00,500.00,油資,金錢,,,
101,張祖琰,107年縣(市)議員選舉,首次申報,1071104,雜支支出,東和快餐,41219797,0.00,420.00,餐飲費用,金錢,,,
102,張祖琰,107年縣(市)議員選舉,首次申報,1071104,雜支支出,晶園排骨,66867572,0.00,240.00,餐飲費用,金錢,,,
103,張祖琰,107年縣(市)議員選舉,首次申報,1071105,雜支支出,迎賓園快餐店,49925057,0.00,250.00,餐飲費用,金錢,,,
104,張祖琰,107年縣(市)議員選舉,首次申報,1071105,雜支支出,迎賓園快餐店,49925057,0.00,170.00,餐飲費用,金錢,,,
105,張祖琰,107年縣(市)議員選舉,首次申報,1071106,宣傳支出,彩石創意企業社,30327307,0.00,40000.00,製作競選物品支出（物品名稱-文宣印刷）,金錢,新竹市建功一****,03-5*****,
106,張祖琰,107年縣(市)議員選舉,首次申報,1071107,雜支支出,阿亮古早味甜湯,,0.00,765.00,餐飲費用,金錢,,0958*****,
107,張祖琰,107年縣(市)議員選舉,首次申報,1071107,宣傳支出,文化書報社,05700185,0.00,24500.00,播送、傳送或刊登宣傳廣告支出,金錢,,,
108,張祖琰,107年縣(市)議員選舉,首次申報,1071107,雜支支出,吳家莊商行,20143218,0.00,2675.00,餐飲費用,金錢,,,
109,張祖琰,107年縣(市)議員選舉,首次申報,1071107,雜支支出,尚恬文具商行,37850524,0.00,630.00,雜項購置或修繕費用,金錢,,,
110,張祖琰,107年縣(市)議員選舉,首次申報,1071107,人事費用支出,吳奇永,B12*******,0.00,5775.00,工資或薪津,金錢,新竹市中山路****,,
111,張祖琰,107年縣(市)議員選舉,首次申報,1071108,雜支支出,尚恬文具商行,37850524,0.00,3572.00,雜項購置或修繕費用,金錢,,,
112,張祖琰,107年縣(市)議員選舉,首次申報,1071108,雜支支出,珍珍小吃店,41220491,0.00,320.00,餐飲費用,金錢,,,
113,張祖琰,107年縣(市)議員選舉,首次申報,1071108,交通旅運支出,台灣中油光復站,47149030,0.00,500.00,油資,金錢,,,
114,張祖琰,107年縣(市)議員選舉,首次申報,1071108,人事費用支出,陳韻茹,J22*******,0.00,1725.00,工資或薪津,金錢,新竹市新莊街****,,
115,張祖琰,107年縣(市)議員選舉,首次申報,1071109,雜支支出,苗楊冬瓜仙草絲,13862634,0.00,315.00,餐飲費用,金錢,,,
116,張祖琰,107年縣(市)議員選舉,首次申報,1071109,租用宣傳車輛支出,嘉煜科技股份有限公司,29088975,0.00,900.00,維修宣傳車輛支出,金錢,,,
117,張祖琰,107年縣(市)議員選舉,首次申報,1071109,交通旅運支出,台灣中油光復站,47149030,0.00,500.00,油資,金錢,,,
118,張祖琰,107年縣(市)議員選舉,首次申報,1071109,租用宣傳車輛支出,裕豐汽車材料行,47286890,0.00,4300.00,維修宣傳車輛支出,金錢,,,
119,張祖琰,107年縣(市)議員選舉,首次申報,1071109,雜支支出,迎賓園快餐店,49925057,0.00,210.00,餐飲費用,金錢,,,
120,張祖琰,107年縣(市)議員選舉,首次申報,1071109,雜支支出,迎賓園快餐店,49925057,0.00,270.00,餐飲費用,金錢,,,
121,張祖琰,107年縣(市)議員選舉,首次申報,1071109,宣傳支出,張政源,J12*******,0.00,5000.00,租用廣告看板或車體廣告支出,金錢,新竹市鐵道路****,,
122,張祖琰,107年縣(市)議員選舉,首次申報,1071110,雜支支出,東和快餐,41219797,0.00,975.00,餐飲費用,金錢,,,
123,張祖琰,107年縣(市)議員選舉,首次申報,1071110,雜支支出,迎賓園快餐店,49925057,0.00,900.00,餐飲費用,金錢,,,
124,張祖琰,107年縣(市)議員選舉,首次申報,1071111,雜支支出,吉里烤肉快餐,40996116,0.00,425.00,餐飲費用,金錢,,,
125,張祖琰,107年縣(市)議員選舉,首次申報,1071112,宣傳支出,文化書報社,05700185,0.00,26000.00,播送、傳送或刊登宣傳廣告支出,金錢,,,
126,張祖琰,107年縣(市)議員選舉,首次申報,1071112,雜支支出,吳家莊商行,20143218,0.00,2775.00,餐飲費用,金錢,,,
127,張祖琰,107年縣(市)議員選舉,首次申報,1071112,雜支支出,尚恬文具商行,37850524,0.00,1150.00,雜項購置或修繕費用,金錢,,,
128,張祖琰,107年縣(市)議員選舉,首次申報,1071113,交通旅運支出,台灣中油關東橋站,46038417,0.00,514.00,油資,金錢,,,
129,張祖琰,107年縣(市)議員選舉,首次申報,1071113,雜支支出,迎賓園快餐店,49925057,0.00,340.00,餐飲費用,金錢,,,
130,張祖琰,107年縣(市)議員選舉,首次申報,1071113,宣傳支出,環宇廣播事業股份有限公司,89348216,0.00,12000.00,播送、傳送或刊登宣傳廣告支出,金錢,,,
131,張祖琰,107年縣(市)議員選舉,首次申報,1071114,宣傳支出,新竹建中郵局,,0.00,525.00,郵寄競選物品或宣傳廣告支出,金錢,新竹市東區建****,,
132,張祖琰,107年縣(市)議員選舉,首次申報,1071114,宣傳支出,竹科廣播股份有限公司,12837659,0.00,16500.00,播送、傳送或刊登宣傳廣告支出,金錢,,,
133,張祖琰,107年縣(市)議員選舉,首次申報,1071114,宣傳支出,彩石創意企業社,30327307,0.00,30000.00,製作競選物品支出（物品名稱-文宣印刷）,金錢,,,
134,張祖琰,107年縣(市)議員選舉,首次申報,1071114,雜支支出,迎賓園快餐店,49925057,0.00,255.00,餐飲費用,金錢,,,
135,張祖琰,107年縣(市)議員選舉,首次申報,1071115,宣傳支出,新竹武昌街郵局,,0.00,9658.00,郵寄競選物品或宣傳廣告支出,金錢,新竹市東區武****,,
136,張祖琰,107年縣(市)議員選舉,首次申報,1071115,宣傳支出,新竹武昌街郵局,,0.00,7538.00,郵寄競選物品或宣傳廣告支出,金錢,新竹市東區武****,,
137,張祖琰,107年縣(市)議員選舉,首次申報,1071115,宣傳支出,巨匠廣告社,02788237,0.00,7500.00,播送、傳送或刊登宣傳廣告支出,金錢,,,
138,張祖琰,107年縣(市)議員選舉,首次申報,1071115,雜支支出,東和快餐,41219797,0.00,350.00,餐飲費用,金錢,,,
139,張祖琰,107年縣(市)議員選舉,首次申報,1071115,雜支支出,迎賓園快餐店,49925057,0.00,200.00,餐飲費用,金錢,,,
140,張祖琰,107年縣(市)議員選舉,首次申報,1071116,宣傳支出,新竹建中郵局,,0.00,4687.00,播送、傳送或刊登宣傳廣告支出,金錢,新竹市東區建****,,
141,張祖琰,107年縣(市)議員選舉,首次申報,1071116,宣傳支出,彩石創意企業社,30327307,0.00,1184.00,播送、傳送或刊登宣傳廣告支出,金錢,,,
142,張祖琰,107年縣(市)議員選舉,首次申報,1071116,雜支支出,迎賓園快餐店,49925057,0.00,485.00,餐飲費用,金錢,,,
143,張祖琰,107年縣(市)議員選舉,首次申報,1071116,雜支支出,迎賓園快餐店,49925057,0.00,400.00,餐飲費用,金錢,,,
144,張祖琰,107年縣(市)議員選舉,首次申報,1071117,交通旅運支出,台灣中油光復站,47149030,0.00,500.00,油資,金錢,,,
145,張祖琰,107年縣(市)議員選舉,首次申報,1071118,宣傳支出,彩石創意企業社,30327307,0.00,25000.00,播送、傳送或刊登宣傳廣告支出,金錢,,,
146,張祖琰,107年縣(市)議員選舉,首次申報,1071118,雜支支出,紅頭店小吃舖,37847444,0.00,1200.00,餐飲費用,金錢,,,
147,張祖琰,107年縣(市)議員選舉,首次申報,1071118,雜支支出,珍珍小吃店,41220491,0.00,1275.00,餐飲費用,金錢,,,
148,張祖琰,107年縣(市)議員選舉,首次申報,1071118,雜支支出,芷園小吃店,50523475,0.00,800.00,餐飲費用,金錢,,,
149,張祖琰,107年縣(市)議員選舉,首次申報,1071119,雜支支出,阿亮古早味甜湯,,0.00,600.00,餐飲費用,金錢,,0958*****,
150,張祖琰,107年縣(市)議員選舉,首次申報,1071119,宣傳支出,文化書報社,05700185,0.00,13000.00,播送、傳送或刊登宣傳廣告支出,金錢,,,
151,張祖琰,107年縣(市)議員選舉,首次申報,1071119,雜支支出,迎賓園快餐店,49925057,0.00,140.00,餐飲費用,金錢,,,
152,張祖琰,107年縣(市)議員選舉,首次申報,1071119,雜支支出,迎賓園快餐店,49925057,0.00,240.00,餐飲費用,金錢,,,
153,張祖琰,107年縣(市)議員選舉,首次申報,1071119,人事費用支出,王若芸,H22*******,0.00,11510.00,工資或薪津,金錢,桃園市桃園區****,,
154,張祖琰,107年縣(市)議員選舉,首次申報,1071119,宣傳支出,李若蕙,J22*******,0.00,5685.00,播送、傳送或刊登宣傳廣告支出,金錢,新竹市中華路****,,
155,張祖琰,107年縣(市)議員選舉,首次申報,1071120,雜支支出,珍珍小吃店,41220491,0.00,640.00,餐飲費用,金錢,,,
156,張祖琰,107年縣(市)議員選舉,首次申報,1071120,雜支支出,迎賓園快餐店,49925057,0.00,340.00,餐飲費用,金錢,,,
157,張祖琰,107年縣(市)議員選舉,首次申報,1071120,宣傳支出,新竹振道有線電視股份有限公司,97162178,0.00,33000.00,播送、傳送或刊登宣傳廣告支出,金錢,新竹市中華路****,03-5*****,
158,張祖琰,107年縣(市)議員選舉,首次申報,1071121,交通旅運支出,公園加油站,22999288,0.00,500.00,油資,金錢,,,
159,張祖琰,107年縣(市)議員選舉,首次申報,1071121,雜支支出,東和快餐,41219797,0.00,240.00,餐飲費用,金錢,,,
160,張祖琰,107年縣(市)議員選舉,首次申報,1071121,雜支支出,珍珍小吃店,41220491,0.00,720.00,餐飲費用,金錢,,,
161,張祖琰,107年縣(市)議員選舉,首次申報,1071121,交通旅運支出,台灣中油光復站,47149030,0.00,1000.00,油資,金錢,,,
162,張祖琰,107年縣(市)議員選舉,首次申報,1071121,人事費用支出,陳彥銨,J12*******,0.00,16000.00,工資或薪津,金錢,新竹市自由路****,,
163,張祖琰,107年縣(市)議員選舉,首次申報,1071122,雜支支出,衛生福利部中央健康保險署,,0.00,1425.00,健保費,金錢,,03-4*****,
164,張祖琰,107年縣(市)議員選舉,首次申報,1071122,宣傳支出,文化書報社,05700185,0.00,8000.00,播送、傳送或刊登宣傳廣告支出,金錢,,,
165,張祖琰,107年縣(市)議員選舉,首次申報,1071122,雜支支出,山東家味麵食館,13862395,0.00,320.00,餐飲費用,金錢,,,
166,張祖琰,107年縣(市)議員選舉,首次申報,1071122,雜支支出,立特佳五金百貨商店,30328880,0.00,300.00,雜項購置或修繕費用,金錢,,,
167,張祖琰,107年縣(市)議員選舉,首次申報,1071122,雜支支出,大學書局,47184900,0.00,419.00,雜項購置或修繕費用,金錢,,,
168,張祖琰,107年縣(市)議員選舉,首次申報,1071122,雜支支出,中華電信股份有限公司,88849347,0.00,614.00,電信費用,金錢,,,
169,張祖琰,107年縣(市)議員選舉,首次申報,1071122,雜支支出,中華電信股份有限公司,88849347,0.00,874.00,網際網路費用,金錢,,,
170,張祖琰,107年縣(市)議員選舉,首次申報,1071123,雜支支出,山東家味麵食館,13862395,0.00,455.00,餐飲費用,金錢,,,
171,張祖琰,107年縣(市)議員選舉,首次申報,1071123,雜支支出,山東家味麵食館,13862395,0.00,350.00,餐飲費用,金錢,,,
172,張祖琰,107年縣(市)議員選舉,首次申報,1071123,雜支支出,大學書局,47184900,0.00,212.00,雜項購置或修繕費用,金錢,,,
173,張祖琰,107年縣(市)議員選舉,首次申報,1071123,人事費用支出,陳彥銨,J12*******,0.00,3300.00,加班費或值班費,金錢,新竹市自由路****,,
174,張祖琰,107年縣(市)議員選舉,首次申報,1071123,人事費用支出,陳月霞,J22*******,0.00,12530.00,工資或薪津,金錢,新竹市光華北****,,
175,張祖琰,107年縣(市)議員選舉,首次申報,1071123,人事費用支出,賴品辰,N22*******,0.00,3825.00,加班費或值班費,金錢,新竹市愛文街****,,
176,張祖琰,107年縣(市)議員選舉,首次申報,1071123,人事費用支出,陳俞玟,O20*******,0.00,6020.00,加班費或值班費,金錢,新竹市延平路****,,
177,張祖琰,107年縣(市)議員選舉,首次申報,1071124,雜支支出,協成炊飯店,46194802,0.00,3600.00,餐飲費用,金錢,,,
178,張祖琰,107年縣(市)議員選舉,首次申報,1071124,雜支支出,發順興金香店,46403694,0.00,250.00,雜項購置或修繕費用,金錢,,,
179,張祖琰,107年縣(市)議員選舉,首次申報,1071124,宣傳支出,王水埕,P10*******,0.00,63000.00,播送、傳送或刊登宣傳廣告支出,金錢,新竹市西大路****,,
180,張祖琰,107年縣(市)議員選舉,首次申報,1071125,雜支支出,紅頭店小吃舖,37847444,0.00,560.00,餐飲費用,金錢,,,
181,張祖琰,107年縣(市)議員選舉,首次申報,1071127,宣傳支出,彩石創意企業社,30327307,0.00,12000.00,製作競選物品支出（物品名稱-文宣設計費）,金錢,,,
182,張祖琰,107年縣(市)議員選舉,首次申報,1071128,雜支支出,翰樺電信有限公司,,0.00,1719.00,電信費用,金錢,,02-2*****,
183,張祖琰,107年縣(市)議員選舉,首次申報,1071130,雜支支出,雲隆青果行,50702126,0.00,750.00,餐飲費用,金錢,,,
184,張祖琰,107年縣(市)議員選舉,首次申報,1071201,雜支支出,遠百企業公司新竹分公司,80030126,0.00,308.00,餐飲費用,金錢,,,
185,張祖琰,107年縣(市)議員選舉,首次申報,1071203,人事費用支出,陳月霞,J22*******,0.00,1960.00,工資或薪津,金錢,新竹市光華北****,,
186,張祖琰,107年縣(市)議員選舉,首次申報,1071203,人事費用支出,陳柏傑,O10*******,0.00,12180.00,工資或薪津,金錢,新竹市成功路****,,
187,張祖琰,107年縣(市)議員選舉,首次申報,1071205,租用競選辦事處支出,新竹市環境保護局,,0.00,1500.00,裝潢競選辦事處支出,金錢,新竹市北區海****,,
188,張祖琰,107年縣(市)議員選舉,首次申報,1071214,宣傳支出,雅城綜商企業有限公司,84412462,0.00,70000.00,製作競選物品支出（物品名稱-面紙口罩）,金錢,新竹市南大路****,5611*****,
189,張祖琰,107年縣(市)議員選舉,首次申報,1071214,人事費用支出,陳彥銨,J12*******,0.00,16000.00,工資或薪津,金錢,新竹市自由路****,,
190,張祖琰,107年縣(市)議員選舉,首次申報,1071214,宣傳支出,吳佩珍,J22*******,0.00,60267.00,播送、傳送或刊登宣傳廣告支出,金錢,新竹市中正路****,0918*****,
191,張祖琰,107年縣(市)議員選舉,首次申報,1071217,宣傳支出,林國州,N10*******,0.00,1400.00,播送、傳送或刊登宣傳廣告支出,金錢,新竹市北大路****,,
192,張祖琰,107年縣(市)議員選舉,首次申報,1071221,宣傳支出,孟竹廣告有限公司,28368013,0.00,80000.00,製作競選物品支出（物品名稱-帆布廣告）,金錢,新竹市中華路****,5720*****,
