﻿序號,擬參選人／政黨,選舉名稱,申報序號／年度,交易日期,收支科目,捐贈者／支出對象,身分證／統一編號,收入金額,支出金額,捐贈方式,存入專戶日期,返還/繳庫,支出用途,金錢類,地址,聯絡電話,應揭露之支出對象,支出對象之內部人員姓名,支出對象之內部人員職稱,政黨之內部人員姓名,政黨之內部人員職稱,關係,更正註記,資料更正日期
1,潘翠雲,111年屏東縣議員選舉,首次申報,1110824,個人捐贈收入,潘坤昱,,3600.00,0.00,匯款,1110824,,,金錢,,0929*****,,,,,,,,
2,潘翠雲,111年屏東縣議員選舉,首次申報,1110901,個人捐贈收入,潘柏平,,10000.00,0.00,匯款,1110901,,,金錢,,07-3*****,,,,,,,,
3,潘翠雲,111年屏東縣議員選舉,首次申報,1110901,個人捐贈收入,潘柏鞍,,10000.00,0.00,匯款,1110901,,,金錢,,07-3*****,,,,,,,,
4,潘翠雲,111年屏東縣議員選舉,首次申報,1110906,個人捐贈收入,潘坤昱,,3600.00,0.00,匯款,1110906,,,金錢,,0929*****,,,,,,,,
5,潘翠雲,111年屏東縣議員選舉,首次申報,1110921,個人捐贈收入,陳明城,T12*******,20000.00,0.00,現金,1110921,,,金錢,屏東縣屏東市****,0937*****,,,,,,,,
6,潘翠雲,111年屏東縣議員選舉,首次申報,1110928,個人捐贈收入,潘思瑋,,10000.00,0.00,匯款,1110928,,,金錢,,0933*****,,,,,,,,
7,潘翠雲,111年屏東縣議員選舉,首次申報,1110928,個人捐贈收入,潘倩琪,,10000.00,0.00,匯款,1110928,,,金錢,,0928*****,,,,,,,,
8,潘翠雲,111年屏東縣議員選舉,首次申報,1110928,個人捐贈收入,潘逸駿,,10000.00,0.00,匯款,1110928,,,金錢,,0933*****,,,,,,,,
9,潘翠雲,111年屏東縣議員選舉,首次申報,1111001,個人捐贈收入,鄭國賢,,1000.00,0.00,現金,1111001,,,金錢,,0932*****,,,,,,,,
10,潘翠雲,111年屏東縣議員選舉,首次申報,1111001,個人捐贈收入,洪若振,,3000.00,0.00,匯款,1111001,,,金錢,,0915*****,,,,,,,,
11,潘翠雲,111年屏東縣議員選舉,首次申報,1111001,個人捐贈收入,許光勝,,3000.00,0.00,匯款,1111001,,,金錢,,0932*****,,,,,,,,
12,潘翠雲,111年屏東縣議員選舉,首次申報,1111001,個人捐贈收入,許喬發,,1000.00,0.00,匯款,1111001,,,金錢,,0960*****,,,,,,,,
13,潘翠雲,111年屏東縣議員選舉,首次申報,1111001,個人捐贈收入,楊恩貴,,1000.00,0.00,匯款,1111001,,,金錢,,0932*****,,,,,,,,
14,潘翠雲,111年屏東縣議員選舉,首次申報,1111001,個人捐贈收入,任學動,,1680.00,0.00,匯款,1111001,,,金錢,,0932*****,,,,,,,,
15,潘翠雲,111年屏東縣議員選舉,首次申報,1111001,個人捐贈收入,洪慶和,,12000.00,0.00,現金,1111001,,,金錢,,0933*****,,,,,,,,
16,潘翠雲,111年屏東縣議員選舉,首次申報,1111001,個人捐贈收入,洪慶裕,,5000.00,0.00,現金,1111001,,,金錢,,07-3*****,,,,,,,,
17,潘翠雲,111年屏東縣議員選舉,首次申報,1111001,個人捐贈收入,洪英娥,,5000.00,0.00,現金,1111001,,,金錢,,0963*****,,,,,,,,
18,潘翠雲,111年屏東縣議員選舉,首次申報,1111001,個人捐贈收入,林國雄,,20000.00,0.00,現金,1111001,,,金錢,,0932*****,,,,,,,,
19,潘翠雲,111年屏東縣議員選舉,首次申報,1111002,個人捐贈收入,黃明仁,,2000.00,0.00,匯款,1111002,,,金錢,,0921*****,,,,,,,,
20,潘翠雲,111年屏東縣議員選舉,首次申報,1111002,個人捐贈收入,余定華,,1000.00,0.00,匯款,1111002,,,金錢,,0921*****,,,,,,,,
21,潘翠雲,111年屏東縣議員選舉,首次申報,1111002,個人捐贈收入,許原銘,,1000.00,0.00,匯款,1111002,,,金錢,,0972*****,,,,,,,,
22,潘翠雲,111年屏東縣議員選舉,首次申報,1111002,個人捐贈收入,邱吉安,,1000.00,0.00,匯款,1111002,,,金錢,,0937*****,,,,,,,,
23,潘翠雲,111年屏東縣議員選舉,首次申報,1111002,個人捐贈收入,謝振國,,1000.00,0.00,匯款,1111002,,,金錢,,0928*****,,,,,,,,
24,潘翠雲,111年屏東縣議員選舉,首次申報,1111003,個人捐贈收入,溫民雄,,2000.00,0.00,匯款,1111003,,,金錢,,0938*****,,,,,,,,
25,潘翠雲,111年屏東縣議員選舉,首次申報,1111003,個人捐贈收入,高婉頁,,2000.00,0.00,匯款,1111003,,,金錢,,0937*****,,,,,,,,
26,潘翠雲,111年屏東縣議員選舉,首次申報,1111003,個人捐贈收入,陳惠民,,1000.00,0.00,匯款,1111003,,,金錢,,0988*****,,,,,,,,
27,潘翠雲,111年屏東縣議員選舉,首次申報,1111003,個人捐贈收入,謝孟椒,,2000.00,0.00,匯款,1111003,,,金錢,,0921*****,,,,,,,,
28,潘翠雲,111年屏東縣議員選舉,首次申報,1111003,個人捐贈收入,周黃進成,,1000.00,0.00,匯款,1111003,,,金錢,,0927*****,,,,,,,,
29,潘翠雲,111年屏東縣議員選舉,首次申報,1111003,個人捐贈收入,葉樹,,1000.00,0.00,匯款,1111003,,,金錢,,0930*****,,,,,,,,
30,潘翠雲,111年屏東縣議員選舉,首次申報,1111003,個人捐贈收入,孟呈祥,,1000.00,0.00,匯款,1111003,,,金錢,,0932*****,,,,,,,,
31,潘翠雲,111年屏東縣議員選舉,首次申報,1111003,個人捐贈收入,李英發,,1000.00,0.00,匯款,1111003,,,金錢,,0958*****,,,,,,,,
32,潘翠雲,111年屏東縣議員選舉,首次申報,1111003,個人捐贈收入,蔣正民,,2000.00,0.00,匯款,1111003,,,金錢,,0958*****,,,,,,,,
33,潘翠雲,111年屏東縣議員選舉,首次申報,1111003,個人捐贈收入,蔡仕中,,2000.00,0.00,匯款,1111003,,,金錢,,0932*****,,,,,,,,
34,潘翠雲,111年屏東縣議員選舉,首次申報,1111003,個人捐贈收入,王明𩂈,,2000.00,0.00,匯款,1111003,,,金錢,,0932*****,,,,,,,,
35,潘翠雲,111年屏東縣議員選舉,首次申報,1111004,個人捐贈收入,曾能陞,,1168.00,0.00,匯款,1111004,,,金錢,,0920*****,,,,,,,,
36,潘翠雲,111年屏東縣議員選舉,首次申報,1111006,個人捐贈收入,曾德金,,1000.00,0.00,匯款,1111006,,,金錢,,0935*****,,,,,,,,
37,潘翠雲,111年屏東縣議員選舉,首次申報,1111010,個人捐贈收入,潘坤昱,,3600.00,0.00,匯款,1111010,,,金錢,,0929*****,,,,,,,,
38,潘翠雲,111年屏東縣議員選舉,首次申報,1111018,個人捐贈收入,吳其敏,,600.00,0.00,匯款,1111018,,,金錢,,0935*****,,,,,,,,
39,潘翠雲,111年屏東縣議員選舉,首次申報,1111018,個人捐贈收入,陳明麗,,600.00,0.00,匯款,1111018,,,金錢,,0920*****,,,,,,,,
40,潘翠雲,111年屏東縣議員選舉,首次申報,1111018,個人捐贈收入,彭怡婷,,600.00,0.00,匯款,1111018,,,金錢,,0912*****,,,,,,,,
41,潘翠雲,111年屏東縣議員選舉,首次申報,1111018,個人捐贈收入,潘進發,,10000.00,0.00,匯款,1111018,,,金錢,,08-7*****,,,,,,,,
42,潘翠雲,111年屏東縣議員選舉,首次申報,1111020,個人捐贈收入,林銘偉,,5000.00,0.00,匯款,1111020,,,金錢,,0988*****,,,,,,,,
43,潘翠雲,111年屏東縣議員選舉,首次申報,1111020,個人捐贈收入,許進豐,,2000.00,0.00,匯款,1111020,,,金錢,,0982*****,,,,,,,,
44,潘翠雲,111年屏東縣議員選舉,首次申報,1111020,個人捐贈收入,陳建璋,,2000.00,0.00,匯款,1111020,,,金錢,,0937*****,,,,,,,,
45,潘翠雲,111年屏東縣議員選舉,首次申報,1111020,個人捐贈收入,許兆銓,,2000.00,0.00,匯款,1111020,,,金錢,,0989*****,,,,,,,,
46,潘翠雲,111年屏東縣議員選舉,首次申報,1111020,個人捐贈收入,陳福捷,,2000.00,0.00,匯款,1111020,,,金錢,,0933*****,,,,,,,,
47,潘翠雲,111年屏東縣議員選舉,首次申報,1111020,個人捐贈收入,徐顯儀,,2000.00,0.00,匯款,1111020,,,金錢,,0933*****,,,,,,,,
48,潘翠雲,111年屏東縣議員選舉,首次申報,1111020,個人捐贈收入,曾至弘,,2000.00,0.00,匯款,1111020,,,金錢,,0932*****,,,,,,,,
49,潘翠雲,111年屏東縣議員選舉,首次申報,1111020,個人捐贈收入,黃吉宏,,2000.00,0.00,匯款,1111020,,,金錢,,0972*****,,,,,,,,
50,潘翠雲,111年屏東縣議員選舉,首次申報,1111020,個人捐贈收入,黃杲偉,,2000.00,0.00,匯款,1111020,,,金錢,,0913*****,,,,,,,,
51,潘翠雲,111年屏東縣議員選舉,首次申報,1111020,個人捐贈收入,程孝忠,,4000.00,0.00,匯款,1111020,,,金錢,,0933*****,,,,,,,,
52,潘翠雲,111年屏東縣議員選舉,首次申報,1111020,個人捐贈收入,劉溪源,,2000.00,0.00,匯款,1111020,,,金錢,,0932*****,,,,,,,,
53,潘翠雲,111年屏東縣議員選舉,首次申報,1111020,個人捐贈收入,楊威駿,F12*******,10000.00,0.00,匯款,1111020,,,金錢,臺中市北區中****,0912*****,,,,,,,,
54,潘翠雲,111年屏東縣議員選舉,首次申報,1111021,個人捐贈收入,邱黃領,,2000.00,0.00,匯款,1111021,,,金錢,,0963*****,,,,,,,,
55,潘翠雲,111年屏東縣議員選舉,首次申報,1111021,個人捐贈收入,劉清國,,2000.00,0.00,匯款,1111021,,,金錢,,0937*****,,,,,,,,
56,潘翠雲,111年屏東縣議員選舉,首次申報,1111021,個人捐贈收入,徐鴻裕,,3000.00,0.00,匯款,1111021,,,金錢,,0930*****,,,,,,,,
57,潘翠雲,111年屏東縣議員選舉,首次申報,1111022,個人捐贈收入,游俊偉,,2000.00,0.00,匯款,1111022,,,金錢,,0934*****,,,,,,,,
58,潘翠雲,111年屏東縣議員選舉,首次申報,1111024,個人捐贈收入,鍾正三,,6000.00,0.00,匯款,1111024,,,金錢,,0933*****,,,,,,,,
59,潘翠雲,111年屏東縣議員選舉,首次申報,1111024,個人捐贈收入,林群智,,10000.00,0.00,匯款,1111024,,,金錢,,08-7*****,,,,,,,,
60,潘翠雲,111年屏東縣議員選舉,首次申報,1111025,個人捐贈收入,陳春美,,16800.00,0.00,匯款,1111025,,,金錢,,02-2*****,,,,,,,,
61,潘翠雲,111年屏東縣議員選舉,首次申報,1111109,個人捐贈收入,洪進鴻,,10000.00,0.00,匯款,1111109,,,金錢,,0987*****,,,,,,,,
62,潘翠雲,111年屏東縣議員選舉,首次申報,1111118,個人捐贈收入,許奕文,,2000.00,0.00,匯款,1111118,,,金錢,,0933*****,,,,,,,,
63,潘翠雲,111年屏東縣議員選舉,首次申報,1111128,其他收入,利息,,132.00,0.00,匯款,,,,金錢,,,,,,,,,,
