﻿序號,擬參選人／政黨,選舉名稱,申報序號／年度,交易日期,收支科目,捐贈者／支出對象,身分證／統一編號,收入金額,支出金額,支出用途,金錢類,地址,聯絡電話,資料更正日期
1,吳沛憶,107年直轄市議員選舉,首次申報,1070601,個人捐贈收入,鄭有進,A10*******,98000.00,0.00,,非金錢,臺北市萬華區****,,
2,吳沛憶,107年直轄市議員選舉,首次申報,1070601,個人捐贈收入,鄭陳錦鳳,K20*******,98000.00,0.00,,非金錢,臺北市萬華區****,,
3,吳沛憶,107年直轄市議員選舉,首次申報,1070613,營利事業捐贈收入,福和生鮮農產股份有限公司,80142086,300000.00,0.00,,金錢,新北市中和區****,,
4,吳沛憶,107年直轄市議員選舉,首次申報,1070621,其他收入,利息收入,,15.00,0.00,,金錢,,,
5,吳沛憶,107年直轄市議員選舉,首次申報,1070626,個人捐贈收入,郭力瑋,F12*******,100000.00,0.00,,金錢,臺北市中山區****,,
6,吳沛憶,107年直轄市議員選舉,首次申報,1070702,個人捐贈收入,邱唯誠,F12*******,100000.00,0.00,,金錢,臺北市文山區****,,
7,吳沛憶,107年直轄市議員選舉,首次申報,1070709,個人捐贈收入,王榮貴,,10000.00,0.00,,金錢,,0922*****,
8,吳沛憶,107年直轄市議員選舉,首次申報,1070711,個人捐贈收入,羅至男,A12*******,100000.00,0.00,,金錢,臺北市士林區****,,
9,吳沛憶,107年直轄市議員選舉,首次申報,1070802,匿名捐贈,匿名,,1.00,0.00,,金錢,,,
10,吳沛憶,107年直轄市議員選舉,首次申報,1070804,匿名捐贈,匿名,,1000.00,0.00,,金錢,,,
11,吳沛憶,107年直轄市議員選舉,首次申報,1070810,個人捐贈收入,鄭韶文,P22*******,100000.00,0.00,,金錢,臺北市中山區****,0939*****,
12,吳沛憶,107年直轄市議員選舉,首次申報,1070814,個人捐贈收入,吳伯宏,A12*******,5000.00,0.00,,金錢,臺北市大安區****,,
13,吳沛憶,107年直轄市議員選舉,首次申報,1070816,個人捐贈收入,花千惠,B22*******,10000.00,0.00,,金錢,,0932*****,
14,吳沛憶,107年直轄市議員選舉,首次申報,1070816,個人捐贈收入,張文瀚,N12*******,10000.00,0.00,,金錢,,0932*****,
15,吳沛憶,107年直轄市議員選舉,首次申報,1070817,個人捐贈收入,游正田,G12*******,100000.00,0.00,,金錢,臺北市松山區****,0936*****,
16,吳沛憶,107年直轄市議員選舉,首次申報,1070817,個人捐贈收入,許敏川,P10*******,20000.00,0.00,,金錢,臺北市中山區****,0910*****,
17,吳沛憶,107年直轄市議員選舉,首次申報,1070820,營利事業捐贈收入,至恩國際行銷股份有限公司,42869586,10000.00,0.00,,金錢,臺北市內湖區****,2795*****,
18,吳沛憶,107年直轄市議員選舉,首次申報,1070820,個人捐贈收入,陳彥良,A12*******,100000.00,0.00,,金錢,臺北市松山區****,0935*****,
19,吳沛憶,107年直轄市議員選舉,首次申報,1070820,個人捐贈收入,蔡民義,F10*******,5000.00,0.00,,金錢,桃園市桃園區****,0926*****,
20,吳沛憶,107年直轄市議員選舉,首次申報,1070820,個人捐贈收入,吳奕璇,N22*******,50000.00,0.00,,金錢,彰化縣二林鎮****,0928*****,
21,吳沛憶,107年直轄市議員選舉,首次申報,1070821,個人捐贈收入,林孟萱,B22*******,10000.00,0.00,,金錢,,0920*****,
22,吳沛憶,107年直轄市議員選舉,首次申報,1070821,個人捐贈收入,李健瑋,J12*******,10000.00,0.00,,金錢,,0920*****,
23,吳沛憶,107年直轄市議員選舉,首次申報,1070821,個人捐贈收入,李桂銳,T12*******,100000.00,0.00,,金錢,屏東縣長治鄉****,,
24,吳沛憶,107年直轄市議員選舉,首次申報,1070822,個人捐贈收入,辜凱鈴,,10000.00,0.00,,金錢,,0918*****,
25,吳沛憶,107年直轄市議員選舉,首次申報,1070822,個人捐贈收入,曾玉惠,H22*******,10000.00,0.00,,金錢,,0917*****,
26,吳沛憶,107年直轄市議員選舉,首次申報,1070822,個人捐贈收入,潘源文,K12*******,10000.00,0.00,,金錢,,0917*****,
27,吳沛憶,107年直轄市議員選舉,首次申報,1070823,匿名捐贈,匿名,,1000.00,0.00,,金錢,,,
28,吳沛憶,107年直轄市議員選舉,首次申報,1070823,個人捐贈收入,楊夏萍,A22*******,50000.00,0.00,,金錢,新北市三重區****,0981*****,
29,吳沛憶,107年直轄市議員選舉,首次申報,1070823,個人捐贈收入,蔡勝義,F10*******,10000.00,0.00,,金錢,臺北市文山區****,0930*****,
30,吳沛憶,107年直轄市議員選舉,首次申報,1070824,個人捐贈收入,顏淑敏,,10000.00,0.00,,金錢,,0926*****,
31,吳沛憶,107年直轄市議員選舉,首次申報,1070824,個人捐贈收入,劉代鵬,A12*******,10000.00,0.00,,金錢,,0933*****,
32,吳沛憶,107年直轄市議員選舉,首次申報,1070824,個人捐贈收入,李承受,A22*******,10000.00,0.00,,金錢,,0932*****,
33,吳沛憶,107年直轄市議員選舉,首次申報,1070824,個人捐贈收入,鍾易成,E12*******,10000.00,0.00,,金錢,,0932*****,
34,吳沛憶,107年直轄市議員選舉,首次申報,1070824,個人捐贈收入,范綱皓,J12*******,10000.00,0.00,,金錢,新竹縣竹北市****,,
35,吳沛憶,107年直轄市議員選舉,首次申報,1070824,個人捐贈收入,楊翠衍,L22*******,10000.00,0.00,,金錢,,0933*****,
36,吳沛憶,107年直轄市議員選舉,首次申報,1070824,個人捐贈收入,羅景賢,S12*******,10000.00,0.00,,金錢,高雄市美濃區****,0918*****,
37,吳沛憶,107年直轄市議員選舉,首次申報,1070827,營利事業捐贈收入,駿鴻洋行,26245326,20000.00,0.00,,金錢,臺北市萬華區****,,
38,吳沛憶,107年直轄市議員選舉,首次申報,1070827,個人捐贈收入,黃振國,A10*******,20000.00,0.00,,金錢,臺北市中正區****,,
39,吳沛憶,107年直轄市議員選舉,首次申報,1070827,個人捐贈收入,林元灝,A12*******,20000.00,0.00,,金錢,臺北市中山區****,2567*****,
40,吳沛憶,107年直轄市議員選舉,首次申報,1070827,個人捐贈收入,陳昶安,F12*******,30000.00,0.00,,金錢,,,
41,吳沛憶,107年直轄市議員選舉,首次申報,1070827,個人捐贈收入,林一蓮,F22*******,30000.00,0.00,,金錢,,,
42,吳沛憶,107年直轄市議員選舉,首次申報,1070827,個人捐贈收入,鄭朝方,J12*******,10000.00,0.00,,金錢,新竹縣竹東鎮****,03-5*****,
43,吳沛憶,107年直轄市議員選舉,首次申報,1070827,個人捐贈收入,黃薇諭,K22*******,100000.00,0.00,,金錢,苗栗縣泰安鄉****,0988*****,
44,吳沛憶,107年直轄市議員選舉,首次申報,1070828,個人捐贈收入,徐淑英,A22*******,10000.00,0.00,,金錢,新北市新店區****,,
45,吳沛憶,107年直轄市議員選舉,首次申報,1070828,個人捐贈收入,孫振榮,E12*******,100000.00,0.00,,金錢,臺北市中正區****,0939*****,
46,吳沛憶,107年直轄市議員選舉,首次申報,1070829,個人捐贈收入,林亞靖,,10000.00,0.00,,金錢,,0911*****,
47,吳沛憶,107年直轄市議員選舉,首次申報,1070829,個人捐贈收入,何淑華,A22*******,50000.00,0.00,,金錢,新北市新莊區****,0910*****,
48,吳沛憶,107年直轄市議員選舉,首次申報,1070829,個人捐贈收入,陳淑芬,C22*******,50000.00,0.00,,金錢,基隆市七堵區****,0939*****,
49,吳沛憶,107年直轄市議員選舉,首次申報,1070830,個人捐贈收入,周世倫,,10000.00,0.00,,金錢,臺北市大安區****,0956*****,
50,吳沛憶,107年直轄市議員選舉,首次申報,1070830,個人捐贈收入,曾璟珍,,10000.00,0.00,,金錢,,0932*****,
51,吳沛憶,107年直轄市議員選舉,首次申報,1070830,匿名捐贈,匿名,,10000.00,0.00,,金錢,,,
52,吳沛憶,107年直轄市議員選舉,首次申報,1070830,營利事業捐贈收入,崧如企業有限公司,15948257,30000.00,0.00,,金錢,臺北市萬華區****,2305*****,
53,吳沛憶,107年直轄市議員選舉,首次申報,1070830,營利事業捐贈收入,崧如企業有限公司,15948257,30000.00,0.00,,金錢,臺北市萬華區****,,
54,吳沛憶,107年直轄市議員選舉,首次申報,1070830,個人捐贈收入,畢華民,A10*******,10000.00,0.00,,金錢,新北市新店區****,8665*****,
55,吳沛憶,107年直轄市議員選舉,首次申報,1070830,個人捐贈收入,楊順安,A12*******,10000.00,0.00,,金錢,臺北市萬華區****,0935*****,
56,吳沛憶,107年直轄市議員選舉,首次申報,1070830,個人捐贈收入,薛朝輝,A12*******,10000.00,0.00,,金錢,,0935*****,
57,吳沛憶,107年直轄市議員選舉,首次申報,1070830,個人捐贈收入,賴治峯,A12*******,10000.00,0.00,,金錢,雲林縣斗南鎮****,0927*****,
58,吳沛憶,107年直轄市議員選舉,首次申報,1070830,個人捐贈收入,王福松,A12*******,10000.00,0.00,,金錢,新北市石碇區****,0910*****,
59,吳沛憶,107年直轄市議員選舉,首次申報,1070830,個人捐贈收入,王國棟,A12*******,10000.00,0.00,,金錢,臺北市信義區****,0937*****,
60,吳沛憶,107年直轄市議員選舉,首次申報,1070830,個人捐贈收入,林幸蓉,A22*******,10000.00,0.00,,金錢,,0939*****,
61,吳沛憶,107年直轄市議員選舉,首次申報,1070830,個人捐贈收入,林綺葳,A22*******,10000.00,0.00,,金錢,臺北市中山區****,,
62,吳沛憶,107年直轄市議員選舉,首次申報,1070830,個人捐贈收入,喬志平,C10*******,10000.00,0.00,,金錢,新北市新店區****,0912*****,
63,吳沛憶,107年直轄市議員選舉,首次申報,1070830,個人捐贈收入,蘇貞如,E22*******,10000.00,0.00,,金錢,臺北市士林區****,0935*****,
64,吳沛憶,107年直轄市議員選舉,首次申報,1070830,個人捐贈收入,孫巧薇,E22*******,10000.00,0.00,,金錢,新北市新莊區****,,
65,吳沛憶,107年直轄市議員選舉,首次申報,1070830,個人捐贈收入,張永昇,F12*******,10000.00,0.00,,金錢,新北市三重區****,,
66,吳沛憶,107年直轄市議員選舉,首次申報,1070830,個人捐贈收入,簡萬新,F12*******,10000.00,0.00,,金錢,臺北市中山區****,0938*****,
67,吳沛憶,107年直轄市議員選舉,首次申報,1070830,個人捐贈收入,林銘賢,F12*******,15000.00,0.00,,金錢,新北市新店區****,0911*****,
68,吳沛憶,107年直轄市議員選舉,首次申報,1070830,個人捐贈收入,詹晉鑒,F12*******,10000.00,0.00,,金錢,臺北市文山區****,,
69,吳沛憶,107年直轄市議員選舉,首次申報,1070830,個人捐贈收入,洪國豪,L12*******,10000.00,0.00,,金錢,新北市新莊區****,,
70,吳沛憶,107年直轄市議員選舉,首次申報,1070830,個人捐贈收入,張妗華,L22*******,10000.00,0.00,,金錢,臺北市信義區****,0921*****,
71,吳沛憶,107年直轄市議員選舉,首次申報,1070830,個人捐贈收入,邱翠柳,N22*******,10000.00,0.00,,金錢,新北市新莊區****,0919*****,
72,吳沛憶,107年直轄市議員選舉,首次申報,1070830,個人捐贈收入,張枝發,P10*******,10000.00,0.00,,金錢,,0939*****,
73,吳沛憶,107年直轄市議員選舉,首次申報,1070830,個人捐贈收入,蔡宏奇,P12*******,10000.00,0.00,,金錢,新北市新店區****,0937*****,
74,吳沛憶,107年直轄市議員選舉,首次申報,1070830,個人捐贈收入,林家慶,P12*******,10000.00,0.00,,金錢,,0989*****,
75,吳沛憶,107年直轄市議員選舉,首次申報,1070830,個人捐贈收入,陳志文,P12*******,10000.00,0.00,,金錢,新北市土城區****,0903*****,
76,吳沛憶,107年直轄市議員選舉,首次申報,1070830,個人捐贈收入,林苡文,Q22*******,10000.00,0.00,,金錢,臺北市中山區****,,
77,吳沛憶,107年直轄市議員選舉,首次申報,1070830,個人捐贈收入,陳俊麟,R12*******,10000.00,0.00,,金錢,臺北市中山區****,(02)*****,
78,吳沛憶,107年直轄市議員選舉,首次申報,1070830,個人捐贈收入,丁度嵐,S12*******,10000.00,0.00,,金錢,新北市永和區****,0939*****,
79,吳沛憶,107年直轄市議員選舉,首次申報,1070830,個人捐贈收入,劉維融,U12*******,10000.00,0.00,,金錢,新北市新店區****,0918*****,
80,吳沛憶,107年直轄市議員選舉,首次申報,1070903,個人捐贈收入,鄭純宜,B22*******,100000.00,0.00,,金錢,新北市淡水區****,0988*****,
81,吳沛憶,107年直轄市議員選舉,首次申報,1070904,匿名捐贈,匿名,,3000.00,0.00,,金錢,,,
82,吳沛憶,107年直轄市議員選舉,首次申報,1070904,匿名捐贈,匿名,,5000.00,0.00,,金錢,,,
83,吳沛憶,107年直轄市議員選舉,首次申報,1070905,個人捐贈收入,林于倫,E12*******,5000.00,0.00,,金錢,新北市三重區****,0912*****,
84,吳沛憶,107年直轄市議員選舉,首次申報,1070910,匿名捐贈,匿名,,100.00,0.00,,金錢,,,
85,吳沛憶,107年直轄市議員選舉,首次申報,1070911,個人捐贈收入,李仁智,A10*******,30000.00,0.00,,金錢,花蓮縣花蓮市****,,
86,吳沛憶,107年直轄市議員選舉,首次申報,1070911,個人捐贈收入,馬天英,L12*******,2000.00,0.00,,金錢,臺中市北屯區****,0935*****,
87,吳沛憶,107年直轄市議員選舉,首次申報,1070919,個人捐贈收入,林群賀,T12*******,10000.00,0.00,,金錢,,0919*****,
88,吳沛憶,107年直轄市議員選舉,首次申報,1070920,個人捐贈收入,江永村,A10*******,1000.00,0.00,,金錢,臺北市中正區****,0917*****,
89,吳沛憶,107年直轄市議員選舉,首次申報,1070920,個人捐贈收入,黃瑞月,F20*******,10000.00,0.00,,金錢,臺北市中山區****,,
90,吳沛憶,107年直轄市議員選舉,首次申報,1070921,個人捐贈收入,紀建成,V12*******,2000.00,0.00,,金錢,彰化縣彰化市****,0922*****,
91,吳沛憶,107年直轄市議員選舉,首次申報,1070928,個人捐贈收入,邱益瑞,H12*******,10000.00,0.00,,金錢,,0912*****,
92,吳沛憶,107年直轄市議員選舉,首次申報,1070930,個人捐贈收入,李素惠,,1000.00,0.00,,金錢,臺北市中正區****,0935*****,
93,吳沛憶,107年直轄市議員選舉,首次申報,1070930,匿名捐贈,匿名,,7300.00,0.00,,金錢,,,
94,吳沛憶,107年直轄市議員選舉,首次申報,1070930,營利事業捐贈收入,潔立達國際開發有限公司,54369018,5000.00,0.00,,金錢,臺北市萬華區****,2304*****,
95,吳沛憶,107年直轄市議員選舉,首次申報,1070930,個人捐贈收入,鄧正武,A10*******,1000.00,0.00,,金錢,臺北市萬華區****,2309*****,
96,吳沛憶,107年直轄市議員選舉,首次申報,1070930,個人捐贈收入,盧寶鐘,A22*******,12000.00,0.00,,金錢,臺北市中正區****,0928*****,
97,吳沛憶,107年直轄市議員選舉,首次申報,1070930,個人捐贈收入,陳建佑,T12*******,1000.00,0.00,,金錢,,0987*****,
98,吳沛憶,107年直轄市議員選舉,首次申報,1071004,營利事業捐贈收入,舜捷實業股份有限公司,89904830,100000.00,0.00,,金錢,屏東縣屏東市****,,
99,吳沛憶,107年直轄市議員選舉,首次申報,1071008,匿名捐贈,李德輝,,300.00,0.00,,金錢,,,
100,吳沛憶,107年直轄市議員選舉,首次申報,1071009,個人捐贈收入,林淑玲,P22*******,100000.00,0.00,,金錢,雲林縣斗六市****,(05)*****,
101,吳沛憶,107年直轄市議員選舉,首次申報,1071010,個人捐贈收入,劉斐青,M22*******,5000.00,0.00,,金錢,臺北市萬華區****,0938*****,
102,吳沛憶,107年直轄市議員選舉,首次申報,1071015,營利事業捐贈收入,眾德建設股份有限公司,28379659,500000.00,0.00,,金錢,新北市新莊區****,2211*****,
103,吳沛憶,107年直轄市議員選舉,首次申報,1071015,營利事業捐贈收入,承優營造有限公司,86199233,500000.00,0.00,,金錢,新北市新店區****,,
104,吳沛憶,107年直轄市議員選舉,首次申報,1071015,個人捐贈收入,王雪,P22*******,20000.00,0.00,,非金錢,臺北市萬華區****,0933*****,
105,吳沛憶,107年直轄市議員選舉,首次申報,1071019,個人捐贈收入,許德財,,5000.00,0.00,,金錢,臺北市萬華區****,0937*****,
106,吳沛憶,107年直轄市議員選舉,首次申報,1071021,個人捐贈收入,邱耀寬,F10*******,1000.00,0.00,,金錢,桃園市蘆竹區****,0973*****,
107,吳沛憶,107年直轄市議員選舉,首次申報,1071022,個人捐贈收入,董妍伶,T22*******,100000.00,0.00,,金錢,屏東縣屏東市****,,
108,吳沛憶,107年直轄市議員選舉,首次申報,1071023,人民團體捐贈收入,社團法人台北市牙醫師公會,,30000.00,0.00,,金錢,台北市中正區****,,
109,吳沛憶,107年直轄市議員選舉,首次申報,1071025,個人捐贈收入,徐小龍,A12*******,40000.00,0.00,,非金錢,新北市中和區****,0980*****,
110,吳沛憶,107年直轄市議員選舉,首次申報,1071025,個人捐贈收入,孫榤佑,B12*******,200.00,0.00,,金錢,,0985*****,
111,吳沛憶,107年直轄市議員選舉,首次申報,1071027,營利事業捐贈收入,返照電影工作室,50680208,1000.00,0.00,,金錢,新北市新店區****,0988*****,
112,吳沛憶,107年直轄市議員選舉,首次申報,1071030,個人捐贈收入,李厚慶,A12*******,10000.00,0.00,,金錢,臺北市萬華區****,0932*****,
113,吳沛憶,107年直轄市議員選舉,首次申報,1071030,個人捐贈收入,陳家慶,B12*******,1000.00,0.00,,金錢,臺北市中正區****,0919*****,
114,吳沛憶,107年直轄市議員選舉,首次申報,1071031,個人捐贈收入,蕭全政,R10*******,30000.00,0.00,,金錢,臺北市中正區****,0952*****,
115,吳沛憶,107年直轄市議員選舉,首次申報,1071101,個人捐贈收入,陳美華,A22*******,12000.00,0.00,,金錢,臺北市文山區****,0935*****,
116,吳沛憶,107年直轄市議員選舉,首次申報,1071101,個人捐贈收入,高樹木,F10*******,30000.00,0.00,,非金錢,臺北市萬華區****,0925*****,
117,吳沛憶,107年直轄市議員選舉,首次申報,1071102,個人捐贈收入,聶孝如,L22*******,1000.00,0.00,,金錢,臺中市大甲區****,,
118,吳沛憶,107年直轄市議員選舉,首次申報,1071108,個人捐贈收入,吳勝雄,A12*******,30000.00,0.00,,金錢,新北市板橋區****,0988*****,
119,吳沛憶,107年直轄市議員選舉,首次申報,1071109,匿名捐贈,林彩珠,,1000.00,0.00,,金錢,,,
120,吳沛憶,107年直轄市議員選舉,首次申報,1071109,個人捐贈收入,李彥鋒,F12*******,1000.00,0.00,,金錢,新北市三重區****,0933*****,
121,吳沛憶,107年直轄市議員選舉,首次申報,1071111,個人捐贈收入,蔡耀緯,F12*******,1000.00,0.00,,金錢,桃園市桃園區****,0987*****,
122,吳沛憶,107年直轄市議員選舉,首次申報,1071112,個人捐贈收入,王麗婷,Q22*******,3000.00,0.00,,金錢,臺北市大安區****,0982*****,
123,吳沛憶,107年直轄市議員選舉,首次申報,1071115,個人捐贈收入,施君謀,A10*******,50000.00,0.00,,金錢,臺北市大安區****,0937*****,
124,吳沛憶,107年直轄市議員選舉,首次申報,1071116,個人捐贈收入,陳力,A10*******,10000.00,0.00,,金錢,臺北市中正區****,0966*****,
125,吳沛憶,107年直轄市議員選舉,首次申報,1071116,個人捐贈收入,王孝成,F12*******,5000.00,0.00,,金錢,臺北市大安區****,0921*****,
126,吳沛憶,107年直轄市議員選舉,首次申報,1071116,個人捐贈收入,黃一城,U12*******,5000.00,0.00,,金錢,桃園市蘆竹區****,0931*****,
127,吳沛憶,107年直轄市議員選舉,首次申報,1071119,營利事業捐贈收入,臺泥資訊股份有限公司,23988289,500000.00,0.00,,金錢,臺北市中山區****,2531*****,
128,吳沛憶,107年直轄市議員選舉,首次申報,1071120,匿名捐贈,匿名,,4640.00,0.00,,金錢,,,
129,吳沛憶,107年直轄市議員選舉,首次申報,1071121,匿名捐贈,匿名,,3600.00,0.00,,金錢,,,
130,吳沛憶,107年直轄市議員選舉,首次申報,1071121,個人捐贈收入,林祖儀,A12*******,20000.00,0.00,,金錢,臺北市中正區****,0931*****,
131,吳沛憶,107年直轄市議員選舉,首次申報,1071122,個人捐贈收入,李東諺,N12*******,3000.00,0.00,,金錢,,0919*****,
132,吳沛憶,107年直轄市議員選舉,首次申報,1071221,其他收入,利息收入,,708.00,0.00,,金錢,,,
