﻿序號,擬參選人／政黨,選舉名稱,申報序號／年度,交易日期,收支科目,捐贈者／支出對象,身分證／統一編號,收入金額,支出金額,捐贈方式,存入專戶日期,返還/繳庫,支出用途,金錢類,地址,聯絡電話,應揭露之支出對象,支出對象之內部人員姓名,支出對象之內部人員職稱,政黨之內部人員姓名,政黨之內部人員職稱,關係,更正註記,資料更正日期
1,許智富,111年澎湖縣議員選舉,首次申報,1110820,個人捐贈收入,葉萬教,,12000.00,0.00,匯款,1110820,,,金錢,,0953*****,,,,,,,,
2,許智富,111年澎湖縣議員選舉,首次申報,1110820,個人捐贈收入,葉怡君,,3600.00,0.00,匯款,1110820,,,金錢,,0922*****,,,,,,,,
3,許智富,111年澎湖縣議員選舉,首次申報,1110820,個人捐贈收入,洪一峰,,1000.00,0.00,匯款,1110820,,,金錢,,0928*****,,,,,,,,
4,許智富,111年澎湖縣議員選舉,首次申報,1110820,個人捐贈收入,趙士寬,,1000.00,0.00,匯款,1110820,,,金錢,,0938*****,,,,,,,,
5,許智富,111年澎湖縣議員選舉,首次申報,1110820,個人捐贈收入,許明質,X12*******,30000.00,0.00,匯款,1110820,,,金錢,澎湖縣馬公市****,0922*****,,,,,,,,
6,許智富,111年澎湖縣議員選舉,首次申報,1110822,個人捐贈收入,許建祥,,10000.00,0.00,匯款,1110822,,,金錢,,0919*****,,,,,,,,
7,許智富,111年澎湖縣議員選舉,首次申報,1110822,個人捐贈收入,莊玉真,,8888.00,0.00,匯款,1110822,,,金錢,,0917*****,,,,,,,,
8,許智富,111年澎湖縣議員選舉,首次申報,1110822,個人捐贈收入,許佩英,,16888.00,0.00,匯款,1110822,,,金錢,,0912*****,,,,,,,,
9,許智富,111年澎湖縣議員選舉,首次申報,1110823,個人捐贈收入,呂耀坤,,10000.00,0.00,匯款,1110823,,,金錢,,0699*****,,,,,,,,
10,許智富,111年澎湖縣議員選舉,首次申報,1110823,個人捐贈收入,李耀庭,,10000.00,0.00,匯款,1110823,,,金錢,,0935*****,,,,,,,,
11,許智富,111年澎湖縣議員選舉,首次申報,1110824,個人捐贈收入,吳錦惠,,10000.00,0.00,匯款,1110824,,,金錢,,0912*****,,,,,,,,
12,許智富,111年澎湖縣議員選舉,首次申報,1110824,個人捐贈收入,呂志中,X12*******,50000.00,0.00,匯款,1110824,,,金錢,澎湖縣西嶼鄉****,0963*****,,,,,,,,
13,許智富,111年澎湖縣議員選舉,首次申報,1110824,個人捐贈收入,顏宏旭,X12*******,100000.00,0.00,匯款,1110824,,,金錢,桃園市中壢區****,0935*****,,,,,,,,
14,許智富,111年澎湖縣議員選舉,首次申報,1110825,個人捐贈收入,阮蓉君,,12000.00,0.00,匯款,1110825,,,金錢,,0922*****,,,,,,,,
15,許智富,111年澎湖縣議員選舉,首次申報,1110826,個人捐贈收入,張佳慧,,10000.00,0.00,匯款,1110826,,,金錢,,0975*****,,,,,,,,
16,許智富,111年澎湖縣議員選舉,首次申報,1110829,個人捐贈收入,李昭璋,,20000.00,0.00,匯款,1110829,,,金錢,,0963*****,,,,,,,,
17,許智富,111年澎湖縣議員選舉,首次申報,1110829,個人捐贈收入,鄭雅欣,P22*******,10000.00,0.00,匯款,1110829,,,金錢,台北市文山區****,0958*****,,,,,,,,
18,許智富,111年澎湖縣議員選舉,首次申報,1110904,個人捐贈收入,李文丁,,3000.00,0.00,匯款,1110904,,,金錢,,0918*****,,,,,,,,
19,許智富,111年澎湖縣議員選舉,首次申報,1110904,個人捐贈收入,林詩怡,,3000.00,0.00,匯款,1110904,,,金錢,,0918*****,,,,,,,,
20,許智富,111年澎湖縣議員選舉,首次申報,1110905,個人捐贈收入,蘇麗容,,3000.00,0.00,匯款,1110905,,,金錢,,0921*****,,,,,,,,
21,許智富,111年澎湖縣議員選舉,首次申報,1110906,個人捐贈收入,林宗彥,,5000.00,0.00,匯款,1110906,,,金錢,,0910*****,,,,,,,,
22,許智富,111年澎湖縣議員選舉,首次申報,1110907,個人捐贈收入,藍淞地,,6000.00,0.00,匯款,1110907,,,金錢,,0939*****,,,,,,,,
23,許智富,111年澎湖縣議員選舉,首次申報,1110908,個人捐贈收入,易欣怡,,5000.00,0.00,匯款,1110908,,,金錢,,0931*****,,,,,,,,
24,許智富,111年澎湖縣議員選舉,首次申報,1110908,個人捐贈收入,許毓文,,20000.00,0.00,匯款,1110908,,,金錢,,0975*****,,,,,,,,
25,許智富,111年澎湖縣議員選舉,首次申報,1110912,個人捐贈收入,吳文鋒,,6600.00,0.00,匯款,1110912,,,金錢,,0629*****,,,,,,,,
26,許智富,111年澎湖縣議員選舉,首次申報,1110912,個人捐贈收入,唐洪翊,,15000.00,0.00,匯款,1110912,,,金錢,,0933*****,,,,,,,,
27,許智富,111年澎湖縣議員選舉,首次申報,1110920,個人捐贈收入,蔡龍標,,20000.00,0.00,匯款,1110920,,,金錢,,0912*****,,,,,,,,
28,許智富,111年澎湖縣議員選舉,首次申報,1110921,個人捐贈收入,周峻忠,,6000.00,0.00,匯款,1110921,,,金錢,,0953*****,,,,,,,,
29,許智富,111年澎湖縣議員選舉,首次申報,1110923,個人捐贈收入,呂宗德,,20000.00,0.00,匯款,1110923,,,金錢,,0915*****,,,,,,,,
30,許智富,111年澎湖縣議員選舉,首次申報,1110927,個人捐贈收入,盧佳宏,,10000.00,0.00,匯款,1110927,,,金錢,,0955*****,,,,,,,,
31,許智富,111年澎湖縣議員選舉,首次申報,1110930,個人捐贈收入,陳啟佑,,2500.00,0.00,匯款,1110930,,,金錢,,0912*****,,,,,,,,
32,許智富,111年澎湖縣議員選舉,首次申報,1111011,個人捐贈收入,蕭越,X12*******,90000.00,0.00,匯款,1111011,,,金錢,澎湖縣馬公市****,0928*****,,,,,,,,
33,許智富,111年澎湖縣議員選舉,首次申報,1111014,個人捐贈收入,洪艾貞,,10000.00,0.00,匯款,1111014,,,金錢,,0934*****,,,,,,,,
34,許智富,111年澎湖縣議員選舉,首次申報,1111026,個人捐贈收入,林萬發,,20000.00,0.00,匯款,1111026,,,金錢,,0937*****,,,,,,,,
35,許智富,111年澎湖縣議員選舉,首次申報,1111027,個人捐贈收入,許家瑜,X22*******,50000.00,0.00,匯款,1111027,,,金錢,新北市蘆洲區****,0932*****,,,,,,,,
36,許智富,111年澎湖縣議員選舉,首次申報,1111028,營利事業捐贈收入,旗星聯運股份有限公司,13157623,300000.00,0.00,匯款,1111028,,,金錢,高雄市鹽埕區****,0753*****,,,,,,,,
37,許智富,111年澎湖縣議員選舉,首次申報,1111104,個人捐贈收入,林晉慶,S12*******,50000.00,0.00,匯款,1111104,,,金錢,高雄市燕巢中****,0918*****,,,,,,,,
