﻿序號,擬參選人／政黨,選舉名稱,申報序號／年度,交易日期,收支科目,捐贈者／支出對象,身分證／統一編號,收入金額,支出金額,支出用途,金錢類,地址,聯絡電話,資料更正日期
1,賴曉亭,107年直轄市議員選舉,首次申報,1070730,雜支支出,邦成影印裝訂中心,,0.00,20.00,文具用品費用,金錢,臺中市南區大****,,
2,賴曉亭,107年直轄市議員選舉,首次申報,1070910,宣傳支出,競選總部,B22*******,0.00,60000.00,製作宣傳廣告支出,非金錢,臺中市南區樹****,,
3,賴曉亭,107年直轄市議員選舉,首次申報,1070917,雜支支出,聯合文具,,0.00,20.00,文具用品費用,金錢,臺中市南區復****,04-2*****,
4,賴曉亭,107年直轄市議員選舉,首次申報,1070920,宣傳支出,競選總部,B22*******,0.00,50000.00,製作宣傳廣告支出,非金錢,臺中市南區樹****,,
5,賴曉亭,107年直轄市議員選舉,首次申報,1070920,宣傳支出,競選總部,B22*******,0.00,20000.00,製作宣傳廣告支出,非金錢,臺中市南區樹****,,
6,賴曉亭,107年直轄市議員選舉,首次申報,1070924,宣傳支出,競選總部,B22*******,0.00,3000.00,製作宣傳廣告支出,非金錢,臺中市南區樹****,,
7,賴曉亭,107年直轄市議員選舉,首次申報,1070924,宣傳支出,競選總部,B22*******,0.00,10000.00,製作宣傳廣告支出,非金錢,臺中市南區樹****,,
8,賴曉亭,107年直轄市議員選舉,首次申報,1070924,宣傳支出,競選總部,B22*******,0.00,75000.00,製作宣傳廣告支出,非金錢,臺中市南區樹****,,
9,賴曉亭,107年直轄市議員選舉,首次申報,1070925,宣傳支出,競選總部,B22*******,0.00,60000.00,製作宣傳廣告支出,非金錢,臺中市南區樹****,,
10,賴曉亭,107年直轄市議員選舉,首次申報,1070928,雜支支出,晉材鎖印坊,99069368,0.00,50.00,文具用品費用,金錢,臺中市南區復****,04-2*****,
11,賴曉亭,107年直轄市議員選舉,首次申報,1070929,公共關係費用支出,新長榮花店,,0.00,1500.00,聯誼交際費用,金錢,臺中市南區南****,,
12,賴曉亭,107年直轄市議員選舉,首次申報,1071001,宣傳支出,競選總部,B22*******,0.00,12000.00,製作宣傳廣告支出,非金錢,臺中市南區樹****,,
13,賴曉亭,107年直轄市議員選舉,首次申報,1071012,宣傳支出,褔平郵局,,0.00,6346.00,郵寄競選物品或宣傳廣告支出,金錢,臺中市南區復****,,
14,賴曉亭,107年直轄市議員選舉,首次申報,1071012,宣傳支出,自由時報,,0.00,2077.00,播送、傳送或刊登宣傳廣告支出,金錢,臺中市北區北****,,
15,賴曉亭,107年直轄市議員選舉,首次申報,1071016,宣傳支出,競選總部,B22*******,0.00,30000.00,製作宣傳廣告支出,非金錢,臺中市南區樹****,,
16,賴曉亭,107年直轄市議員選舉,首次申報,1071016,宣傳支出,競選總部,B22*******,0.00,30000.00,製作宣傳廣告支出,非金錢,臺中市南區樹****,,
17,賴曉亭,107年直轄市議員選舉,首次申報,1071016,宣傳支出,競選總部,B22*******,0.00,10000.00,製作宣傳廣告支出,非金錢,臺中市南區樹****,,
18,賴曉亭,107年直轄市議員選舉,首次申報,1071016,宣傳支出,競選總部,B22*******,0.00,12000.00,製作宣傳廣告支出,非金錢,臺中市南區樹****,,
19,賴曉亭,107年直轄市議員選舉,首次申報,1071016,宣傳支出,競選總部,B22*******,0.00,50000.00,製作宣傳廣告支出,非金錢,臺中市南區樹****,,
20,賴曉亭,107年直轄市議員選舉,首次申報,1071118,宣傳支出,競選總部,B22*******,0.00,100000.00,製作宣傳廣告支出,非金錢,臺中市南區樹****,,
21,賴曉亭,107年直轄市議員選舉,首次申報,1071118,宣傳支出,競選總部,B22*******,0.00,100000.00,製作宣傳廣告支出,非金錢,臺中市南區樹****,,
22,賴曉亭,107年直轄市議員選舉,首次申報,1071120,宣傳支出,英才郵局,,0.00,11660.00,郵寄競選物品或宣傳廣告支出,金錢,臺中市西區民****,,
23,賴曉亭,107年直轄市議員選舉,首次申報,1071121,宣傳支出,英才郵局,,0.00,15825.00,郵寄競選物品或宣傳廣告支出,金錢,臺中市西區民****,,
24,賴曉亭,107年直轄市議員選舉,首次申報,1071122,人事費用支出,謝佳任,N12*******,0.00,164000.00,工資或薪津,金錢,臺中市大里區****,,
25,賴曉亭,107年直轄市議員選舉,首次申報,1071123,人事費用支出,楊善如,A22*******,0.00,35000.00,工資或薪津,金錢,臺中市南區建****,,
26,賴曉亭,107年直轄市議員選舉,首次申報,1071123,人事費用支出,林孟欣,B12*******,0.00,20000.00,工資或薪津,金錢,臺中市西區五****,,
27,賴曉亭,107年直轄市議員選舉,首次申報,1071123,人事費用支出,林詠琁,B22*******,0.00,30000.00,工資或薪津,金錢,臺中市南區褔****,,
28,賴曉亭,107年直轄市議員選舉,首次申報,1071123,人事費用支出,蔡佳祐,F12*******,0.00,30000.00,工資或薪津,金錢,臺中市南區褔****,,
29,賴曉亭,107年直轄市議員選舉,首次申報,1071123,人事費用支出,廖褔財,L12*******,0.00,80000.00,工資或薪津,金錢,臺中市南區復****,,
30,賴曉亭,107年直轄市議員選舉,首次申報,1071123,人事費用支出,顧寶珠,S22*******,0.00,135000.00,工資或薪津,金錢,臺中市南區德****,,
31,賴曉亭,107年直轄市議員選舉,首次申報,1071130,租用宣傳車輛支出,禾富加油站,,0.00,1500.00,宣傳車輛燃料支出,金錢,臺中市南區文****,,
32,賴曉亭,107年直轄市議員選舉,首次申報,1071203,人事費用支出,薛芷穆,B22*******,0.00,330000.00,工資或薪津,金錢,臺中市北屯區****,,
