﻿序號,擬參選人／政黨,選舉名稱,申報序號／年度,交易日期,收支科目,捐贈者／支出對象,身分證／統一編號,收入金額,支出金額,捐贈方式,存入專戶日期,返還/繳庫,支出用途,金錢類,地址,聯絡電話,應揭露之支出對象,支出對象之內部人員姓名,支出對象之內部人員職稱,政黨之內部人員姓名,政黨之內部人員職稱,關係,更正註記,資料更正日期
1,林碩彥,111年新竹縣議員選舉,首次申報,1111026,個人捐贈收入,賴育誠,,30000.00,0.00,現金,1111026,,,金錢,,0922*****,,,,,,,,
2,林碩彥,111年新竹縣議員選舉,首次申報,1111031,個人捐贈收入,賴富玲,,10000.00,0.00,現金,1111031,,,金錢,,0937*****,,,,,,,,
3,林碩彥,111年新竹縣議員選舉,首次申報,1111106,匿名捐贈,匿名,,1800.00,0.00,現金,,,,金錢,,,,,,,,,,
4,林碩彥,111年新竹縣議員選舉,首次申報,1111106,個人捐贈收入,賴富玲,,20000.00,0.00,現金,,,,金錢,,0937*****,,,,,,,,
5,林碩彥,111年新竹縣議員選舉,首次申報,1111106,個人捐贈收入,吳俊明,,20000.00,0.00,現金,,,,金錢,,0918*****,,,,,,,,
6,林碩彥,111年新竹縣議員選舉,首次申報,1111106,個人捐贈收入,吳坤泰,,20000.00,0.00,現金,,,,金錢,,0922*****,,,,,,,,
7,林碩彥,111年新竹縣議員選舉,首次申報,1111106,人民團體捐贈收入,新竹縣竹北市婦聯青溪協會,,1000.00,0.00,現金,,,,金錢,,0920*****,,,,,,,,
8,林碩彥,111年新竹縣議員選舉,首次申報,1111106,個人捐贈收入,張婉娟,J22*******,3000.00,0.00,現金,,,,金錢,,0980*****,,,,,,,,
9,林碩彥,111年新竹縣議員選舉,首次申報,1111106,個人捐贈收入,黃淑惠,Q22*******,2000.00,0.00,現金,,,,金錢,,0928*****,,,,,,,,
10,林碩彥,111年新竹縣議員選舉,首次申報,1111114,匿名捐贈,匿名,,3600.00,0.00,現金,1111114,,,金錢,,,,,,,,,,
11,林碩彥,111年新竹縣議員選舉,首次申報,1111115,個人捐贈收入,楊皓然,,10000.00,0.00,現金,1111115,,,金錢,,0918*****,,,,,,,,
12,林碩彥,111年新竹縣議員選舉,首次申報,1111115,個人捐贈收入,吳俊明,,10000.00,0.00,現金,1111115,,,金錢,,0918*****,,,,,,,,
13,林碩彥,111年新竹縣議員選舉,首次申報,1111116,個人捐贈收入,吳坤泰,,10000.00,0.00,現金,1111116,,,金錢,,0922*****,,,,,,,,
