﻿序號,擬參選人／政黨,選舉名稱,申報序號／年度,交易日期,收支科目,捐贈者／支出對象,身分證／統一編號,收入金額,支出金額,支出用途,金錢類,地址,聯絡電話,資料更正日期
1,李喬如,107年直轄市議員選舉,首次申報,1070604,個人捐贈收入,余智全,E12*******,10000.00,0.00,,金錢,高雄市鼓山區****,,
2,李喬如,107年直轄市議員選舉,首次申報,1070621,其他收入,利息收入,,1.00,0.00,,金錢,,,
3,李喬如,107年直轄市議員選舉,首次申報,1070629,個人捐贈收入,盧昱吉,E12*******,100000.00,0.00,,金錢,高雄市苓雅區****,,
4,李喬如,107年直轄市議員選舉,首次申報,1070709,個人捐贈收入,謝安妮,E22*******,100000.00,0.00,,金錢,高雄市鳳山區****,,
5,李喬如,107年直轄市議員選舉,首次申報,1070709,個人捐贈收入,謝安邦,X12*******,100000.00,0.00,,金錢,高雄市鼓山區****,,
6,李喬如,107年直轄市議員選舉,首次申報,1070711,個人捐贈收入,陳勤聰,P20*******,100000.00,0.00,,金錢,高雄市三民區****,,
7,李喬如,107年直轄市議員選舉,首次申報,1070724,個人捐贈收入,劉海光,E12*******,100000.00,0.00,,金錢,高雄市鼓山區****,,
8,李喬如,107年直轄市議員選舉,首次申報,1070727,個人捐贈收入,高金虎,X10*******,5000.00,0.00,,金錢,高雄市苓雅區****,,
9,李喬如,107年直轄市議員選舉,首次申報,1070731,營利事業捐贈收入,南豐鋼鐵股份有限公司,24438848,500000.00,0.00,,金錢,南投縣草屯鎮****,,
10,李喬如,107年直轄市議員選舉,首次申報,1070813,個人捐贈收入,李巧玲,K22*******,100000.00,0.00,,金錢,臺中市北屯區****,,
11,李喬如,107年直轄市議員選舉,首次申報,1070813,個人捐贈收入,呂晃志,N12*******,100000.00,0.00,,金錢,臺中市北屯區****,,
12,李喬如,107年直轄市議員選舉,首次申報,1070820,個人捐贈收入,潘正豐,E12*******,100000.00,0.00,,金錢,高雄市鳳山區****,,
13,李喬如,107年直轄市議員選舉,首次申報,1070820,個人捐贈收入,王坤能,S10*******,100000.00,0.00,,金錢,高雄市仁武區****,,
14,李喬如,107年直轄市議員選舉,首次申報,1070911,個人捐贈收入,林中進,E10*******,100000.00,0.00,,金錢,高雄市前鎮區****,,
15,李喬如,107年直轄市議員選舉,首次申報,1070911,個人捐贈收入,林曉凡,E22*******,100000.00,0.00,,金錢,高雄市前鎮區****,,
16,李喬如,107年直轄市議員選舉,首次申報,1070912,營利事業捐贈收入,日友水產股份有限公司,22000270,150000.00,0.00,,金錢,高雄市新興區****,,
17,李喬如,107年直轄市議員選舉,首次申報,1070917,個人捐贈收入,吳冠賢,D12*******,100000.00,0.00,,金錢,高雄市苓雅區****,,
18,李喬如,107年直轄市議員選舉,首次申報,1070917,個人捐贈收入,林佩樺,T22*******,100000.00,0.00,,金錢,高雄市苓雅區****,,
19,李喬如,107年直轄市議員選舉,首次申報,1070918,營利事業捐贈收入,勝捷建設有限公司,24519877,200000.00,0.00,,金錢,高雄市鼓山區****,,
20,李喬如,107年直轄市議員選舉,首次申報,1070920,個人捐贈收入,黃高纏,E20*******,30000.00,0.00,,金錢,高雄市鼓山區****,,
21,李喬如,107年直轄市議員選舉,首次申報,1070920,個人捐贈收入,莊璧滋,T22*******,17000.00,0.00,,非金錢,高雄市鼓山區****,,
22,李喬如,107年直轄市議員選舉,首次申報,1070925,個人捐贈收入,林謝素珍,E20*******,66000.00,0.00,,金錢,高雄市仁武區****,,
23,李喬如,107年直轄市議員選舉,首次申報,1070925,個人捐贈收入,吳國珍,R12*******,20000.00,0.00,,金錢,高雄市岡山區****,,
24,李喬如,107年直轄市議員選舉,首次申報,1070925,個人捐贈收入,林瑞和,R12*******,10000.00,0.00,,金錢,高雄市仁武區****,,
25,李喬如,107年直轄市議員選舉,首次申報,1071001,個人捐贈收入,陳建志,E12*******,20000.00,0.00,,金錢,高雄市鼓山區****,,
26,李喬如,107年直轄市議員選舉,首次申報,1071001,個人捐贈收入,莊璧華,T22*******,18750.00,0.00,,非金錢,高雄市鼓山區****,,
27,李喬如,107年直轄市議員選舉,首次申報,1071004,個人捐贈收入,吳韋成,E12*******,100000.00,0.00,,金錢,高雄市鼓山區****,,
28,李喬如,107年直轄市議員選舉,首次申報,1071005,營利事業捐贈收入,永盈投資股份有限公司,23987063,300000.00,0.00,,金錢,高雄市鹽埕區****,,
29,李喬如,107年直轄市議員選舉,首次申報,1071005,營利事業捐贈收入,倉頡科技有限公司,53240090,60000.00,0.00,,金錢,高雄市左營區****,,
30,李喬如,107年直轄市議員選舉,首次申報,1071005,個人捐贈收入,蔡淑娟,R22*******,18000.00,0.00,,非金錢,高雄市鼓山區****,,
31,李喬如,107年直轄市議員選舉,首次申報,1071009,營利事業捐贈收入,日昇橡膠廠股份有限公司,75060824,100000.00,0.00,,金錢,高雄市大寮區****,,
32,李喬如,107年直轄市議員選舉,首次申報,1071010,個人捐贈收入,李孟峰,D12*******,5000.00,0.00,,非金錢,高雄市三民區****,,
33,李喬如,107年直轄市議員選舉,首次申報,1071012,個人捐贈收入,柯俊吉,E12*******,100000.00,0.00,,金錢,高雄市左營區****,,
34,李喬如,107年直轄市議員選舉,首次申報,1071012,個人捐贈收入,謝佳芬,S22*******,100000.00,0.00,,金錢,高雄市鼓山區****,,
35,李喬如,107年直轄市議員選舉,首次申報,1071015,營利事業捐贈收入,日宇建設有限公司,28595214,100000.00,0.00,,金錢,高雄市前金區****,,
36,李喬如,107年直轄市議員選舉,首次申報,1071015,個人捐贈收入,李宗翰,E12*******,10000.00,0.00,,非金錢,高雄市鼓山區****,,
37,李喬如,107年直轄市議員選舉,首次申報,1071024,營利事業捐贈收入,天剛投資股份有限公司,16740396,100000.00,0.00,,金錢,高雄市左營區****,,
38,李喬如,107年直轄市議員選舉,首次申報,1071029,營利事業捐贈收入,興富發建設股份有限公司,12305479,100000.00,0.00,,金錢,高雄市鼓山區****,,
39,李喬如,107年直轄市議員選舉,首次申報,1071030,營利事業捐贈收入,北京建設股份有限公司,84731424,100000.00,0.00,,金錢,高雄市三民區****,,
40,李喬如,107年直轄市議員選舉,首次申報,1071030,個人捐贈收入,許芬蘭,E22*******,100000.00,0.00,,金錢,高雄市左營區****,,
41,李喬如,107年直轄市議員選舉,首次申報,1071030,個人捐贈收入,吳金助,S10*******,10000.00,0.00,,金錢,高雄市鼓山區****,,
42,李喬如,107年直轄市議員選舉,首次申報,1071101,營利事業捐贈收入,東岩建設股份有限公司,27817765,100000.00,0.00,,金錢,高雄市新興區****,,
43,李喬如,107年直轄市議員選舉,首次申報,1071101,營利事業捐贈收入,三發地產股份有限公司,84466749,100000.00,0.00,,金錢,臺北市松山區****,,
44,李喬如,107年直轄市議員選舉,首次申報,1071101,營利事業捐贈收入,北京建設股份有限公司,84731424,50000.00,0.00,,金錢,高雄市三民區****,,
45,李喬如,107年直轄市議員選舉,首次申報,1071101,營利事業捐贈收入,鼎宇建設股份有限公司,86442286,50000.00,0.00,,金錢,高雄市前鎮區****,,
46,李喬如,107年直轄市議員選舉,首次申報,1071101,個人捐贈收入,方健良,E10*******,100000.00,0.00,,金錢,高雄市三民區****,,
47,李喬如,107年直轄市議員選舉,首次申報,1071101,個人捐贈收入,李孟賢,E10*******,100000.00,0.00,,金錢,高雄市鼓山區****,,
48,李喬如,107年直轄市議員選舉,首次申報,1071101,個人捐贈收入,方冠凱,E12*******,100000.00,0.00,,金錢,高雄市前金區****,,
49,李喬如,107年直轄市議員選舉,首次申報,1071101,個人捐贈收入,蘇昱鵬,E12*******,50000.00,0.00,,金錢,高雄市鼓山區****,,
50,李喬如,107年直轄市議員選舉,首次申報,1071101,個人捐贈收入,白凌安,E12*******,50000.00,0.00,,金錢,高雄市苓雅區****,,
51,李喬如,107年直轄市議員選舉,首次申報,1071101,個人捐贈收入,黃頌舜,E12*******,50000.00,0.00,,金錢,屏東縣里港鄉****,,
52,李喬如,107年直轄市議員選舉,首次申報,1071101,個人捐贈收入,魏秀容,Q22*******,100000.00,0.00,,金錢,高雄市三民區****,,
53,李喬如,107年直轄市議員選舉,首次申報,1071102,營利事業捐贈收入,億來營造有限公司,16804715,100000.00,0.00,,金錢,高雄市鳳山區****,,
54,李喬如,107年直轄市議員選舉,首次申報,1071102,營利事業捐贈收入,高榮水產有限公司,54209060,50000.00,0.00,,金錢,高雄市前鎮區****,,
55,李喬如,107年直轄市議員選舉,首次申報,1071102,個人捐贈收入,楊宜嬿,B22*******,100000.00,0.00,,金錢,高雄市鼓山區****,,
56,李喬如,107年直轄市議員選舉,首次申報,1071102,個人捐贈收入,許文增,E10*******,20000.00,0.00,,金錢,高雄市三民區****,,
57,李喬如,107年直轄市議員選舉,首次申報,1071105,個人捐贈收入,謝育仁,E12*******,100000.00,0.00,,金錢,高雄市前鎮區****,,
58,李喬如,107年直轄市議員選舉,首次申報,1071105,個人捐贈收入,陳水聰,T12*******,3000.00,0.00,,金錢,高雄市前金區****,,
59,李喬如,107年直轄市議員選舉,首次申報,1071105,個人捐贈收入,孫培鈞,V12*******,50000.00,0.00,,金錢,高雄市楠梓區****,,
60,李喬如,107年直轄市議員選舉,首次申報,1071106,個人捐贈收入,林茂生,E10*******,100000.00,0.00,,金錢,高雄市鼓山區****,,
61,李喬如,107年直轄市議員選舉,首次申報,1071112,個人捐贈收入,陳雅惠,E22*******,20000.00,0.00,,金錢,高雄市鳳山區****,,
62,李喬如,107年直轄市議員選舉,首次申報,1071114,個人捐贈收入,劉偉鵬,E12*******,15000.00,0.00,,金錢,高雄市鹽埕區****,,
63,李喬如,107年直轄市議員選舉,首次申報,1071221,其他收入,利息收入,,635.00,0.00,,金錢,,,
