﻿序號,擬參選人／政黨,選舉名稱,申報序號／年度,交易日期,收支科目,捐贈者／支出對象,身分證／統一編號,收入金額,支出金額,捐贈方式,存入專戶日期,返還/繳庫,支出用途,金錢類,地址,聯絡電話,應揭露之支出對象,支出對象之內部人員姓名,支出對象之內部人員職稱,政黨之內部人員姓名,政黨之內部人員職稱,關係,更正註記,資料更正日期
1,郭燕陵,111年彰化縣議員選舉,首次申報,1110928,個人捐贈收入,郭式雄,N12*******,20000.00,0.00,現金,1110930,,,金錢,彰化縣鹿港鎮****,0919*****,,,,,,,,
2,郭燕陵,111年彰化縣議員選舉,首次申報,1110928,個人捐贈收入,許展彰,N12*******,20000.00,0.00,現金,1110930,,,金錢,彰化縣鹿港鎮****,0917*****,,,,,,,,
3,郭燕陵,111年彰化縣議員選舉,首次申報,1110928,個人捐贈收入,江沂錦,N12*******,20000.00,0.00,現金,1110930,,,金錢,彰化縣鹿港鎮****,0911*****,,,,,,,,
4,郭燕陵,111年彰化縣議員選舉,首次申報,1110928,個人捐贈收入,洪玉映,N22*******,20000.00,0.00,現金,1110930,,,金錢,彰化縣福興鄉****,0911*****,,,,,,,,
5,郭燕陵,111年彰化縣議員選舉,首次申報,1110928,個人捐贈收入,粘秋蘭,N22*******,20000.00,0.00,現金,1110930,,,金錢,彰化縣鹿港鎮****,0916*****,,,,,,,,
6,郭燕陵,111年彰化縣議員選舉,首次申報,1110930,個人捐贈收入,鄭嫩妍,N20*******,10000.00,0.00,現金,1110930,,,金錢,彰化縣溪湖鎮****,0923*****,,,,,,,,
7,郭燕陵,111年彰化縣議員選舉,首次申報,1111005,營利事業捐贈收入,鋐洲有限公司,84070535,200000.00,0.00,匯款,1111005,,,金錢,彰化縣鹿港鎮****,04-7*****,,,,,,,,
8,郭燕陵,111年彰化縣議員選舉,首次申報,1111006,個人捐贈收入,陳遵行,N12*******,100000.00,0.00,票據,1111018,,,金錢,彰化縣彰化市****,0937*****,,,,,,,,
9,郭燕陵,111年彰化縣議員選舉,首次申報,1111026,營利事業捐贈收入,耐頓鋼品有限公司,23714319,50000.00,0.00,匯款,1111026,,,金錢,彰化縣彰化市****,,,,,,,,,
10,郭燕陵,111年彰化縣議員選舉,首次申報,1111101,營利事業捐贈收入,芫利實業有限公司,96997566,50000.00,0.00,票據,1111102,,,金錢,彰化縣鹿港鎮****,0935*****,,,,,,,,
11,郭燕陵,111年彰化縣議員選舉,首次申報,1111110,營利事業捐贈收入,順興汽車商行,73975751,10400.00,0.00,,,,,非金錢,彰化縣福興鄉****,0476*****,,,,,,,,
12,郭燕陵,111年彰化縣議員選舉,首次申報,1111110,營利事業捐贈收入,有晙精密工具有限公司,86415400,60000.00,0.00,現金,1111114,,,金錢,彰化縣鹿港鎮****,0477*****,,,,,,,,
13,郭燕陵,111年彰化縣議員選舉,首次申報,1111114,個人捐贈收入,許再呈,N12*******,40000.00,0.00,現金,1111114,,,金錢,彰化縣鹿港鎮****,0911*****,,,,,,,,
14,郭燕陵,111年彰化縣議員選舉,首次申報,1111118,營利事業捐贈收入,大倡國際商務股份有限公司,23986521,100000.00,0.00,現金,1111118,,,金錢,彰化縣鹿港鎮****,0478*****,,,,,,,,
15,郭燕陵,111年彰化縣議員選舉,首次申報,1111119,個人捐贈收入,劉貞仙,T20*******,3200.00,0.00,現金,1111123,,,金錢,彰化縣花壇鄉****,0932*****,,,,,,,,
16,郭燕陵,111年彰化縣議員選舉,首次申報,1111123,個人捐贈收入,王新嘉,N12*******,100000.00,0.00,現金,1111123,,,金錢,彰化縣鹿港鎮****,0975*****,,,,,,,,
17,郭燕陵,111年彰化縣議員選舉,首次申報,1111123,個人捐贈收入,施秋梅,N20*******,6000.00,0.00,現金,1111123,,,金錢,彰化縣彰化市****,0472*****,,,,,,,,
