﻿序號,擬參選人／政黨,選舉名稱,申報序號／年度,交易日期,收支科目,捐贈者／支出對象,身分證／統一編號,收入金額,支出金額,捐贈方式,存入專戶日期,返還/繳庫,支出用途,金錢類,地址,聯絡電話,應揭露之支出對象,支出對象之內部人員姓名,支出對象之內部人員職稱,政黨之內部人員姓名,政黨之內部人員職稱,關係,更正註記,資料更正日期
1,姜雨良,111年臺南市議員選舉,首次申報,1110514,個人捐贈收入,陳俊榮,,20000.00,0.00,匯款,1110514,,,金錢,臺南市永康區****,,,,,,,,,
2,姜雨良,111年臺南市議員選舉,首次申報,1110528,個人捐贈收入,王明仁,,20000.00,0.00,匯款,1110528,,,金錢,臺南市南區新****,,,,,,,,,
3,姜雨良,111年臺南市議員選舉,首次申報,1110716,個人捐贈收入,林雅文,,20000.00,0.00,匯款,1110716,,,金錢,高雄市湖內區****,,,,,,,,,
4,姜雨良,111年臺南市議員選舉,首次申報,1110903,個人捐贈收入,邱家惠,,10000.00,0.00,匯款,1110903,,,金錢,臺南市北區北****,,,,,,,,,
5,姜雨良,111年臺南市議員選舉,首次申報,1110930,匿名捐贈,匿名,,1000.00,0.00,匯款,1110930,,,金錢,,,,,,,,,,
6,姜雨良,111年臺南市議員選舉,首次申報,1111013,個人捐贈收入,吳國賓,,10000.00,0.00,匯款,1111013,,,金錢,,0930*****,,,,,,,,
7,姜雨良,111年臺南市議員選舉,首次申報,1111018,個人捐贈收入,方同賢,,10000.00,0.00,匯款,1111018,,,金錢,,06-2*****,,,,,,,,
8,姜雨良,111年臺南市議員選舉,首次申報,1111119,匿名捐贈,匿名,,2000.00,0.00,匯款,1111119,,,金錢,,,,,,,,,,
9,姜雨良,111年臺南市議員選舉,首次申報,1111120,匿名捐贈,匿名,,5000.00,0.00,匯款,1111120,,,金錢,,,,,,,,,,
10,姜雨良,111年臺南市議員選舉,首次申報,1111121,匿名捐贈,匿名,,3000.00,0.00,匯款,1111121,,,金錢,,,,,,,,,,
11,姜雨良,111年臺南市議員選舉,首次申報,1111121,匿名捐贈,匿名,,2000.00,0.00,匯款,1111121,,,金錢,,,,,,,,,,
12,姜雨良,111年臺南市議員選舉,首次申報,1111121,匿名捐贈,匿名,,1003.00,0.00,匯款,1111121,,,金錢,,,,,,,,,,
13,姜雨良,111年臺南市議員選舉,首次申報,1111121,營利事業捐贈收入,順利汽車商行,10492567,20000.00,0.00,匯款,1111121,,,金錢,臺南市東區裕****,,,,,,,,,
14,姜雨良,111年臺南市議員選舉,首次申報,1111125,匿名捐贈,匿名,,1004.00,0.00,匯款,1111125,,,金錢,,,,,,,,,,
