﻿序號,擬參選人／政黨,選舉名稱,申報序號／年度,交易日期,收支科目,捐贈者／支出對象,身分證／統一編號,收入金額,支出金額,支出用途,金錢類,地址,聯絡電話,資料更正日期
1,台灣基進,,108,1080101,雜支支出,藍新科技股份有限公司,70565326,0.00,28.00,捐款手續費,金錢,臺北市南港區****,,
2,台灣基進,,108,1080102,雜支支出,中華郵政股份有限公司,,0.00,150.00,捐款手續費,金錢,臺北市大安區****,,
3,台灣基進,,108,1080104,雜支支出,中華郵政股份有限公司,,0.00,150.00,捐款手續費,金錢,臺北市大安區****,,
4,台灣基進,,108,1080105,業務費用支出,吳惠美,E22*******,0.00,36000.00,租用辦公處所費用,金錢,高雄市三民區****,,
5,台灣基進,,108,1080105,人事費用支出,林春妙,Q22*******,0.00,35000.00,工資或薪津,金錢,臺北市士林區****,,
6,台灣基進,,108,1080105,人事費用支出,李欣翰,E12*******,0.00,32000.00,工資或薪津,金錢,高雄市橋頭區****,,
7,台灣基進,,108,1080105,人事費用支出,吳雨琦,S22*******,0.00,32000.00,工資或薪津,金錢,高雄市鳳山區****,,
8,台灣基進,,108,1080105,人事費用支出,陳信諭,S12*******,0.00,32000.00,工資或薪津,金錢,高雄市前鎮區****,,
9,台灣基進,,108,1080105,人事費用支出,李雨蓁,S22*******,0.00,32000.00,工資或薪津,金錢,高雄市鳳山區****,,
10,台灣基進,,108,1080105,人事費用支出,李昆霖,E12*******,0.00,32000.00,工資或薪津,金錢,高雄市左營區****,,
11,台灣基進,,108,1080105,人事費用支出,林士軒,E12*******,0.00,32000.00,工資或薪津,金錢,高雄市苓雅區****,,
12,台灣基進,,108,1080105,人事費用支出,李宗霖,D12*******,0.00,32000.00,工資或薪津,金錢,臺南市東區崇****,,
13,台灣基進,,108,1080105,人事費用支出,陳柏惟,E12*******,0.00,32000.00,工資或薪津,金錢,臺中市豐原區****,,
14,台灣基進,,108,1080105,人事費用支出,洪正,S12*******,0.00,32000.00,工資或薪津,金錢,高雄市鳳山區****,,
15,台灣基進,,108,1080107,雜支支出,中華郵政股份有限公司,,0.00,20.00,捐款手續費,金錢,臺北市大安區****,,
16,台灣基進,,108,1080109,雜支支出,中華郵政股份有限公司,,0.00,20.00,捐款手續費,金錢,臺北市大安區****,,
17,台灣基進,,108,1080111,雜支支出,中華郵政股份有限公司,,0.00,15.00,捐款手續費,金錢,臺北市大安區****,,
18,台灣基進,,108,1080112,雜支支出,中華郵政股份有限公司,,0.00,20.00,捐款手續費,金錢,臺北市大安區****,,
19,台灣基進,,108,1080119,雜支支出,中華郵政股份有限公司,,0.00,20.00,捐款手續費,金錢,臺北市大安區****,,
20,台灣基進,,108,1080122,雜支支出,中華郵政股份有限公司,,0.00,20.00,捐款手續費,金錢,臺北市大安區****,,
21,台灣基進,,108,1080123,雜支支出,中華郵政股份有限公司,,0.00,15.00,捐款手續費,金錢,臺北市大安區****,,
22,台灣基進,,108,1080124,雜支支出,中華郵政股份有限公司,,0.00,20.00,捐款手續費,金錢,臺北市大安區****,,
23,台灣基進,,108,1080125,雜支支出,中華郵政股份有限公司,,0.00,40.00,捐款手續費,金錢,臺北市大安區****,,
24,台灣基進,,108,1080128,雜支支出,中華郵政股份有限公司,,0.00,80.00,捐款手續費,金錢,臺北市大安區****,,
25,台灣基進,,108,1080129,雜支支出,中華郵政股份有限公司,,0.00,40.00,捐款手續費,金錢,臺北市大安區****,,
26,台灣基進,,108,1080130,雜支支出,中華郵政股份有限公司,,0.00,20.00,捐款手續費,金錢,臺北市大安區****,,
27,台灣基進,,108,1080201,雜支支出,中華郵政股份有限公司,,0.00,30.00,捐款手續費,金錢,臺北市大安區****,,
28,台灣基進,,108,1080201,雜支支出,藍新科技股份有限公司,70565326,0.00,7688.00,捐款手續費,金錢,臺北市南港區****,,
29,台灣基進,,108,1080205,業務費用支出,吳惠美,E22*******,0.00,36000.00,租用辦公處所費用,金錢,高雄市三民區****,,
30,台灣基進,,108,1080205,人事費用支出,林春妙,Q22*******,0.00,35000.00,工資或薪津,金錢,臺北市士林區****,,
31,台灣基進,,108,1080205,人事費用支出,洪正,S12*******,0.00,32000.00,工資或薪津,金錢,高雄市鳳山區****,,
32,台灣基進,,108,1080205,人事費用支出,李欣翰,E12*******,0.00,32000.00,工資或薪津,金錢,高雄市橋頭區****,,
33,台灣基進,,108,1080205,人事費用支出,吳雨琦,S22*******,0.00,32000.00,工資或薪津,金錢,高雄市鳳山區****,,
34,台灣基進,,108,1080205,人事費用支出,陳信諭,S12*******,0.00,32000.00,工資或薪津,金錢,高雄市前鎮區****,,
35,台灣基進,,108,1080205,人事費用支出,李雨蓁,S22*******,0.00,32000.00,工資或薪津,金錢,高雄市鳳山區****,,
36,台灣基進,,108,1080205,人事費用支出,李昆霖,E12*******,0.00,32000.00,工資或薪津,金錢,高雄市左營區****,,
37,台灣基進,,108,1080205,人事費用支出,林士軒,E12*******,0.00,32000.00,工資或薪津,金錢,高雄市苓雅區****,,
38,台灣基進,,108,1080205,人事費用支出,李宗霖,D12*******,0.00,32000.00,工資或薪津,金錢,臺南市東區崇****,,
39,台灣基進,,108,1080205,人事費用支出,陳柏惟,E12*******,0.00,32000.00,工資或薪津,金錢,臺中市豐原區****,,
40,台灣基進,,108,1080211,雜支支出,中華郵政股份有限公司,,0.00,65.00,捐款手續費,金錢,臺北市大安區****,,
41,台灣基進,,108,1080212,雜支支出,中華郵政股份有限公司,,0.00,40.00,捐款手續費,金錢,臺北市大安區****,,
42,台灣基進,,108,1080213,雜支支出,中華郵政股份有限公司,,0.00,55.00,捐款手續費,金錢,臺北市大安區****,,
43,台灣基進,,108,1080214,雜支支出,中華郵政股份有限公司,,0.00,20.00,捐款手續費,金錢,臺北市大安區****,,
44,台灣基進,,108,1080215,雜支支出,中華郵政股份有限公司,,0.00,20.00,捐款手續費,金錢,臺北市大安區****,,
45,台灣基進,,108,1080218,雜支支出,中華郵政股份有限公司,,0.00,35.00,捐款手續費,金錢,臺北市大安區****,,
46,台灣基進,,108,1080227,雜支支出,中華郵政股份有限公司,,0.00,20.00,捐款手續費,金錢,臺北市大安區****,,
47,台灣基進,,108,1080301,雜支支出,藍新科技股份有限公司,70565326,0.00,3649.00,捐款手續費,金錢,臺北市南港區****,,
48,台灣基進,,108,1080304,雜支支出,中華郵政股份有限公司,,0.00,70.00,捐款手續費,金錢,臺北市大安區****,,
49,台灣基進,,108,1080305,雜支支出,中華郵政股份有限公司,,0.00,85.00,捐款手續費,金錢,臺北市大安區****,,
50,台灣基進,,108,1080305,業務費用支出,吳惠美,E22*******,0.00,36000.00,租用辦公處所費用,金錢,高雄市三民區****,,
51,台灣基進,,108,1080305,人事費用支出,林春妙,Q22*******,0.00,35000.00,工資或薪津,金錢,臺北市士林區****,,
52,台灣基進,,108,1080305,人事費用支出,洪正,S12*******,0.00,32000.00,工資或薪津,金錢,高雄市鳳山區****,,
53,台灣基進,,108,1080305,人事費用支出,李欣翰,E12*******,0.00,32000.00,工資或薪津,金錢,高雄市橋頭區****,,
54,台灣基進,,108,1080305,人事費用支出,吳雨琦,S22*******,0.00,32000.00,工資或薪津,金錢,高雄市鳳山區****,,
55,台灣基進,,108,1080305,人事費用支出,陳信諭,S12*******,0.00,32000.00,工資或薪津,金錢,高雄市前鎮區****,,
56,台灣基進,,108,1080305,人事費用支出,李雨蓁,S22*******,0.00,32000.00,工資或薪津,金錢,高雄市鳳山區****,,
57,台灣基進,,108,1080305,人事費用支出,李昆霖,E12*******,0.00,32000.00,工資或薪津,金錢,高雄市左營區****,,
58,台灣基進,,108,1080305,人事費用支出,林士軒,E12*******,0.00,32000.00,工資或薪津,金錢,高雄市苓雅區****,,
59,台灣基進,,108,1080305,人事費用支出,李宗霖,D12*******,0.00,32000.00,工資或薪津,金錢,臺南市東區崇****,,
60,台灣基進,,108,1080305,人事費用支出,張博洋,T12*******,0.00,32000.00,工資或薪津,金錢,屏東縣竹田鄉****,,
61,台灣基進,,108,1080305,人事費用支出,陳柏惟,E12*******,0.00,32000.00,工資或薪津,金錢,臺中市豐原區****,,
62,台灣基進,,108,1080305,人事費用支出,陳譽丰,R22*******,0.00,32000.00,工資或薪津,金錢,臺南市安南區****,,
63,台灣基進,,108,1080306,雜支支出,中華郵政股份有限公司,,0.00,15.00,捐款手續費,金錢,臺北市大安區****,,
64,台灣基進,,108,1080312,雜支支出,中華郵政股份有限公司,,0.00,15.00,捐款手續費,金錢,臺北市大安區****,,
65,台灣基進,,108,1080313,雜支支出,中華郵政股份有限公司,,0.00,40.00,捐款手續費,金錢,臺北市大安區****,,
66,台灣基進,,108,1080314,雜支支出,中華郵政股份有限公司,,0.00,20.00,捐款手續費,金錢,臺北市大安區****,,
67,台灣基進,,108,1080401,雜支支出,藍新科技股份有限公司,70565326,0.00,9100.00,捐款手續費,金錢,臺北市南港區****,,
68,台灣基進,,108,1080403,雜支支出,中華郵政股份有限公司,,0.00,80.00,捐款手續費,金錢,臺北市大安區****,,
69,台灣基進,,108,1080405,業務費用支出,吳惠美,E22*******,0.00,36000.00,租用辦公處所費用,金錢,高雄市三民區****,,
70,台灣基進,,108,1080405,人事費用支出,林春妙,Q22*******,0.00,35000.00,工資或薪津,金錢,臺北市士林區****,,
71,台灣基進,,108,1080405,人事費用支出,洪正,S12*******,0.00,32000.00,工資或薪津,金錢,高雄市鳳山區****,,
72,台灣基進,,108,1080405,人事費用支出,李欣翰,E12*******,0.00,32000.00,工資或薪津,金錢,高雄市橋頭區****,,
73,台灣基進,,108,1080405,人事費用支出,吳雨琦,S22*******,0.00,32000.00,工資或薪津,金錢,高雄市鳳山區****,,
74,台灣基進,,108,1080405,人事費用支出,陳信諭,S12*******,0.00,32000.00,工資或薪津,金錢,高雄市前鎮區****,,
75,台灣基進,,108,1080405,人事費用支出,李雨蓁,S22*******,0.00,32000.00,工資或薪津,金錢,高雄市鳳山區****,,
76,台灣基進,,108,1080405,人事費用支出,李昆霖,E12*******,0.00,32000.00,工資或薪津,金錢,高雄市左營區****,,
77,台灣基進,,108,1080405,人事費用支出,陳虹因,E22*******,0.00,32000.00,工資或薪津,金錢,高雄市楠梓區****,,
78,台灣基進,,108,1080405,人事費用支出,林士軒,E12*******,0.00,32000.00,工資或薪津,金錢,高雄市苓雅區****,,
79,台灣基進,,108,1080405,人事費用支出,李宗霖,D12*******,0.00,32000.00,工資或薪津,金錢,臺南市東區崇****,,
80,台灣基進,,108,1080405,人事費用支出,張博洋,T12*******,0.00,32000.00,工資或薪津,金錢,屏東縣竹田鄉****,,
81,台灣基進,,108,1080405,人事費用支出,陳柏惟,E12*******,0.00,32000.00,工資或薪津,金錢,臺中市豐原區****,,
82,台灣基進,,108,1080405,人事費用支出,蘇盈安,E22*******,0.00,32000.00,工資或薪津,金錢,高雄市小港區****,,
83,台灣基進,,108,1080405,人事費用支出,王映心,A22*******,0.00,32000.00,工資或薪津,金錢,臺北市士林區****,,
84,台灣基進,,108,1080405,人事費用支出,王姬方,A22*******,0.00,32000.00,工資或薪津,金錢,臺南市善化區****,,
85,台灣基進,,108,1080405,人事費用支出,詹宇賢,F12*******,0.00,32000.00,工資或薪津,金錢,新北市中和區****,,
86,台灣基進,,108,1080405,人事費用支出,陳譽丰,R22*******,0.00,32000.00,工資或薪津,金錢,臺南市安南區****,,
87,台灣基進,,108,1080408,雜支支出,中華郵政股份有限公司,,0.00,120.00,捐款手續費,金錢,臺北市大安區****,,
88,台灣基進,,108,1080410,雜支支出,中華郵政股份有限公司,,0.00,20.00,捐款手續費,金錢,臺北市大安區****,,
89,台灣基進,,108,1080411,雜支支出,中華郵政股份有限公司,,0.00,20.00,捐款手續費,金錢,臺北市大安區****,,
90,台灣基進,,108,1080417,雜支支出,中華郵政股份有限公司,,0.00,40.00,捐款手續費,金錢,臺北市大安區****,,
91,台灣基進,,108,1080419,雜支支出,中華郵政股份有限公司,,0.00,15.00,捐款手續費,金錢,臺北市大安區****,,
92,台灣基進,,108,1080501,雜支支出,藍新科技股份有限公司,70565326,0.00,8287.00,捐款手續費,金錢,臺北市南港區****,,
93,台灣基進,,108,1080502,雜支支出,中華郵政股份有限公司,,0.00,55.00,捐款手續費,金錢,臺北市大安區****,,
94,台灣基進,,108,1080503,雜支支出,中華郵政股份有限公司,,0.00,35.00,捐款手續費,金錢,臺北市大安區****,,
95,台灣基進,,108,1080505,業務費用支出,吳惠美,E22*******,0.00,36000.00,租用辦公處所費用,金錢,高雄市三民區****,,
96,台灣基進,,108,1080505,人事費用支出,洪正,S12*******,0.00,32000.00,工資或薪津,金錢,高雄市鳳山區****,,
97,台灣基進,,108,1080505,人事費用支出,李欣翰,S22*******,0.00,32000.00,工資或薪津,金錢,高雄市橋頭區****,,
98,台灣基進,,108,1080505,人事費用支出,吳雨琦,S22*******,0.00,32000.00,工資或薪津,金錢,高雄市鳳山區****,,
99,台灣基進,,108,1080505,人事費用支出,陳信諭,S12*******,0.00,32000.00,工資或薪津,金錢,高雄市前鎮區****,,
100,台灣基進,,108,1080505,人事費用支出,李雨蓁,S22*******,0.00,32000.00,工資或薪津,金錢,高雄市鳳山區****,,
101,台灣基進,,108,1080505,人事費用支出,李昆霖,E12*******,0.00,32000.00,工資或薪津,金錢,高雄市左營區****,,
102,台灣基進,,108,1080505,人事費用支出,陳虹因,E22*******,0.00,32000.00,工資或薪津,金錢,高雄市楠梓區****,,
103,台灣基進,,108,1080505,人事費用支出,林士軒,E12*******,0.00,32000.00,工資或薪津,金錢,高雄市苓雅區****,,
104,台灣基進,,108,1080505,人事費用支出,李宗霖,D12*******,0.00,32000.00,工資或薪津,金錢,臺南市東區崇****,,
105,台灣基進,,108,1080505,人事費用支出,張博洋,T12*******,0.00,32000.00,工資或薪津,金錢,屏東縣竹田鄉****,,
106,台灣基進,,108,1080505,人事費用支出,陳柏惟,E12*******,0.00,32000.00,工資或薪津,金錢,臺中市豐原區****,,
107,台灣基進,,108,1080505,人事費用支出,蘇盈安,E22*******,0.00,32000.00,工資或薪津,金錢,高雄市小港區****,,
108,台灣基進,,108,1080505,人事費用支出,王映心,A22*******,0.00,32000.00,工資或薪津,金錢,臺北市士林區****,,
109,台灣基進,,108,1080505,人事費用支出,王姬方,A22*******,0.00,32000.00,工資或薪津,金錢,臺南市善化區****,,
110,台灣基進,,108,1080505,人事費用支出,詹宇賢,F12*******,0.00,32000.00,工資或薪津,金錢,新北市中和區****,,
111,台灣基進,,108,1080507,雜支支出,中華郵政股份有限公司,,0.00,30.00,捐款手續費,金錢,臺北市大安區****,,
112,台灣基進,,108,1080508,雜支支出,中華郵政股份有限公司,,0.00,35.00,捐款手續費,金錢,臺北市大安區****,,
113,台灣基進,,108,1080510,雜支支出,中華郵政股份有限公司,,0.00,15.00,捐款手續費,金錢,臺北市大安區****,,
114,台灣基進,,108,1080523,雜支支出,中華郵政股份有限公司,,0.00,20.00,捐款手續費,金錢,臺北市大安區****,,
115,台灣基進,,108,1080529,雜支支出,中華郵政股份有限公司,,0.00,20.00,捐款手續費,金錢,臺北市大安區****,,
116,台灣基進,,108,1080601,雜支支出,藍新科技股份有限公司,70565326,0.00,7975.00,捐款手續費,金錢,臺北市南港區****,,
117,台灣基進,,108,1080603,雜支支出,中華郵政股份有限公司,,0.00,20.00,捐款手續費,金錢,臺北市大安區****,,
118,台灣基進,,108,1080604,雜支支出,中華郵政股份有限公司,,0.00,15.00,捐款手續費,金錢,臺北市大安區****,,
119,台灣基進,,108,1080605,雜支支出,中華郵政股份有限公司,,0.00,30.00,捐款手續費,金錢,臺北市大安區****,,
120,台灣基進,,108,1080605,業務費用支出,吳惠美,E22*******,0.00,36000.00,租用辦公處所費用,金錢,高雄市三民區****,,
121,台灣基進,,108,1080605,人事費用支出,洪正,S12*******,0.00,32000.00,工資或薪津,金錢,高雄市鳳山區****,,
122,台灣基進,,108,1080605,人事費用支出,李欣翰,E12*******,0.00,32000.00,工資或薪津,金錢,高雄市橋頭區****,,
123,台灣基進,,108,1080605,人事費用支出,吳雨琦,S22*******,0.00,32000.00,工資或薪津,金錢,高雄市鳳山區****,,
124,台灣基進,,108,1080605,人事費用支出,陳信諭,S12*******,0.00,32000.00,工資或薪津,金錢,高雄市前鎮區****,,
125,台灣基進,,108,1080605,人事費用支出,李雨蓁,S22*******,0.00,32000.00,工資或薪津,金錢,高雄市鳳山區****,,
126,台灣基進,,108,1080605,人事費用支出,李昆霖,E12*******,0.00,32000.00,工資或薪津,金錢,高雄市左營區****,,
127,台灣基進,,108,1080605,人事費用支出,陳虹因,E22*******,0.00,32000.00,工資或薪津,金錢,高雄市楠梓區****,,
128,台灣基進,,108,1080605,人事費用支出,林士軒,E12*******,0.00,32000.00,工資或薪津,金錢,高雄市苓雅區****,,
129,台灣基進,,108,1080605,人事費用支出,李宗霖,D12*******,0.00,32000.00,工資或薪津,金錢,臺南市東區崇****,,
130,台灣基進,,108,1080605,人事費用支出,張博洋,T12*******,0.00,32000.00,工資或薪津,金錢,屏東縣竹田鄉****,,
131,台灣基進,,108,1080605,人事費用支出,王睦淇,E22*******,0.00,32000.00,工資或薪津,金錢,高雄市鼓山區****,,
132,台灣基進,,108,1080605,人事費用支出,陳柏惟,E12*******,0.00,32000.00,工資或薪津,金錢,臺中市豐原區****,,
133,台灣基進,,108,1080605,人事費用支出,蘇盈安,E22*******,0.00,32000.00,工資或薪津,金錢,高雄市小港區****,,
134,台灣基進,,108,1080605,人事費用支出,王映心,A22*******,0.00,32000.00,工資或薪津,金錢,臺北市士林區****,,
135,台灣基進,,108,1080605,人事費用支出,王姬方,A22*******,0.00,32000.00,工資或薪津,金錢,臺南市善化區****,,
136,台灣基進,,108,1080605,人事費用支出,詹宇賢,F12*******,0.00,32000.00,工資或薪津,金錢,新北市中和區****,,
137,台灣基進,,108,1080611,雜支支出,中華郵政股份有限公司,,0.00,35.00,捐款手續費,金錢,臺北市大安區****,,
138,台灣基進,,108,1080618,雜支支出,中華郵政股份有限公司,,0.00,40.00,捐款手續費,金錢,臺北市大安區****,,
139,台灣基進,,108,1080619,雜支支出,中華郵政股份有限公司,,0.00,35.00,捐款手續費,金錢,臺北市大安區****,,
140,台灣基進,,108,1080627,雜支支出,中華郵政股份有限公司,,0.00,20.00,捐款手續費,金錢,臺北市大安區****,,
141,台灣基進,,108,1080628,雜支支出,中華郵政股份有限公司,,0.00,15.00,捐款手續費,金錢,臺北市大安區****,,
142,台灣基進,,108,1080701,雜支支出,中華郵政股份有限公司,,0.00,30.00,捐款手續費,金錢,臺北市大安區****,,
143,台灣基進,,108,1080701,雜支支出,藍新科技股份有限公司,70565326,0.00,11266.00,捐款手續費,金錢,臺北市南港區****,,
144,台灣基進,,108,1080702,雜支支出,中華郵政股份有限公司,,0.00,20.00,捐款手續費,金錢,臺北市大安區****,,
145,台灣基進,,108,1080704,雜支支出,中華郵政股份有限公司,,0.00,35.00,捐款手續費,金錢,臺北市大安區****,,
146,台灣基進,,108,1080705,業務費用支出,吳惠美,E22*******,0.00,36000.00,租用辦公處所費用,金錢,高雄市三民區****,,
147,台灣基進,,108,1080705,人事費用支出,洪正,S12*******,0.00,32000.00,工資或薪津,金錢,高雄市鳳山區****,,
148,台灣基進,,108,1080705,人事費用支出,李欣翰,E12*******,0.00,32000.00,工資或薪津,金錢,高雄市橋頭區****,,
149,台灣基進,,108,1080705,人事費用支出,吳雨琦,S22*******,0.00,32000.00,工資或薪津,金錢,高雄市鳳山區****,,
150,台灣基進,,108,1080705,人事費用支出,陳信諭,S12*******,0.00,32000.00,工資或薪津,金錢,高雄市前鎮區****,,
151,台灣基進,,108,1080705,人事費用支出,李雨蓁,S22*******,0.00,32000.00,工資或薪津,金錢,高雄市鳳山區****,,
152,台灣基進,,108,1080705,人事費用支出,李昆霖,E12*******,0.00,32000.00,工資或薪津,金錢,高雄市左營區****,,
153,台灣基進,,108,1080705,人事費用支出,陳虹因,E22*******,0.00,32000.00,工資或薪津,金錢,高雄市楠梓區****,,
154,台灣基進,,108,1080705,人事費用支出,林士軒,E12*******,0.00,32000.00,工資或薪津,金錢,高雄市苓雅區****,,
155,台灣基進,,108,1080705,人事費用支出,李宗霖,D12*******,0.00,32000.00,工資或薪津,金錢,臺南市東區崇****,,
156,台灣基進,,108,1080705,人事費用支出,張博洋,T12*******,0.00,32000.00,工資或薪津,金錢,屏東縣竹田鄉****,,
157,台灣基進,,108,1080705,人事費用支出,王睦淇,E22*******,0.00,32000.00,工資或薪津,金錢,高雄市鼓山區****,,
158,台灣基進,,108,1080705,人事費用支出,陳柏惟,E12*******,0.00,32000.00,工資或薪津,金錢,臺中市豐原區****,,
159,台灣基進,,108,1080705,人事費用支出,蘇盈安,E22*******,0.00,32000.00,工資或薪津,金錢,高雄市小港區****,,
160,台灣基進,,108,1080705,人事費用支出,王映心,A22*******,0.00,32000.00,工資或薪津,金錢,臺北市士林區****,,
161,台灣基進,,108,1080705,人事費用支出,王姬方,A22*******,0.00,32000.00,工資或薪津,金錢,臺南市善化區****,,
162,台灣基進,,108,1080705,人事費用支出,詹宇賢,F12*******,0.00,32000.00,工資或薪津,金錢,新北市中和區****,,
163,台灣基進,,108,1080708,雜支支出,中華郵政股份有限公司,,0.00,20.00,捐款手續費,金錢,臺北市大安區****,,
164,台灣基進,,108,1080715,雜支支出,中華郵政股份有限公司,,0.00,30.00,捐款手續費,金錢,臺北市大安區****,,
165,台灣基進,,108,1080717,雜支支出,中華郵政股份有限公司,,0.00,20.00,捐款手續費,金錢,臺北市大安區****,,
166,台灣基進,,108,1080718,雜支支出,中華郵政股份有限公司,,0.00,20.00,捐款手續費,金錢,臺北市大安區****,,
167,台灣基進,,108,1080719,雜支支出,中華郵政股份有限公司,,0.00,35.00,捐款手續費,金錢,臺北市大安區****,,
168,台灣基進,,108,1080725,雜支支出,中華郵政股份有限公司,,0.00,20.00,捐款手續費,金錢,臺北市大安區****,,
169,台灣基進,,108,1080730,雜支支出,中華郵政股份有限公司,,0.00,20.00,捐款手續費,金錢,臺北市大安區****,,
170,台灣基進,,108,1080801,雜支支出,中華郵政股份有限公司,,0.00,45.00,捐款手續費,金錢,臺北市大安區****,,
171,台灣基進,,108,1080801,雜支支出,藍新科技股份有限公司,70565326,0.00,11190.00,捐款手續費,金錢,臺北市南港區****,,
172,台灣基進,,108,1080805,業務費用支出,吳惠美,E22*******,0.00,36000.00,租用辦公處所費用,金錢,高雄市三民區****,,
173,台灣基進,,108,1080805,人事費用支出,洪正,S12*******,0.00,32000.00,工資或薪津,金錢,高雄市鳳山區****,,
174,台灣基進,,108,1080805,人事費用支出,李欣翰,E12*******,0.00,32000.00,工資或薪津,金錢,高雄市橋頭區****,,
175,台灣基進,,108,1080805,人事費用支出,吳雨琦,S22*******,0.00,32000.00,工資或薪津,金錢,高雄市鳳山區****,,
176,台灣基進,,108,1080805,人事費用支出,陳信諭,S12*******,0.00,32000.00,工資或薪津,金錢,高雄市前鎮區****,,
177,台灣基進,,108,1080805,人事費用支出,李雨蓁,S22*******,0.00,32000.00,工資或薪津,金錢,高雄市鳳山區****,,
178,台灣基進,,108,1080805,人事費用支出,李昆霖,E12*******,0.00,32000.00,工資或薪津,金錢,高雄市左營區****,,
179,台灣基進,,108,1080805,人事費用支出,陳虹因,E22*******,0.00,32000.00,工資或薪津,金錢,高雄市楠梓區****,,
180,台灣基進,,108,1080805,人事費用支出,林士軒,E12*******,0.00,32000.00,工資或薪津,金錢,高雄市苓雅區****,,
181,台灣基進,,108,1080805,人事費用支出,李宗霖,D12*******,0.00,32000.00,工資或薪津,金錢,臺南市東區崇****,,
182,台灣基進,,108,1080805,人事費用支出,張博洋,T12*******,0.00,32000.00,工資或薪津,金錢,屏東縣竹田鄉****,,
183,台灣基進,,108,1080805,人事費用支出,王睦淇,E22*******,0.00,32000.00,工資或薪津,金錢,高雄市鼓山區****,,
184,台灣基進,,108,1080805,人事費用支出,陳柏惟,E12*******,0.00,32000.00,工資或薪津,金錢,臺中市豐原區****,,
185,台灣基進,,108,1080805,人事費用支出,蘇盈安,E22*******,0.00,32000.00,工資或薪津,金錢,高雄市小港區****,,
186,台灣基進,,108,1080805,人事費用支出,王映心,A22*******,0.00,32000.00,工資或薪津,金錢,臺北市士林區****,,
187,台灣基進,,108,1080805,人事費用支出,王姬方,A22*******,0.00,32000.00,工資或薪津,金錢,臺南市善化區****,,
188,台灣基進,,108,1080805,人事費用支出,林琤祐,E12*******,0.00,32000.00,工資或薪津,金錢,臺南市安南區****,,
189,台灣基進,,108,1080805,人事費用支出,詹宇賢,F12*******,0.00,32000.00,工資或薪津,金錢,新北市中和區****,,
190,台灣基進,,108,1080809,雜支支出,中華郵政股份有限公司,,0.00,15.00,捐款手續費,金錢,臺北市大安區****,,
191,台灣基進,,108,1080812,雜支支出,中華郵政股份有限公司,,0.00,20.00,捐款手續費,金錢,臺北市大安區****,,
192,台灣基進,,108,1080813,雜支支出,中華郵政股份有限公司,,0.00,15.00,捐款手續費,金錢,臺北市大安區****,,
193,台灣基進,,108,1080816,雜支支出,中華郵政股份有限公司,,0.00,235.00,捐款手續費,金錢,臺北市大安區****,,
194,台灣基進,,108,1080821,雜支支出,中華郵政股份有限公司,,0.00,60.00,捐款手續費,金錢,臺北市大安區****,,
195,台灣基進,,108,1080822,雜支支出,中華郵政股份有限公司,,0.00,15.00,捐款手續費,金錢,臺北市大安區****,,
196,台灣基進,,108,1080823,雜支支出,中華郵政股份有限公司,,0.00,20.00,捐款手續費,金錢,臺北市大安區****,,
197,台灣基進,,108,1080826,雜支支出,中華郵政股份有限公司,,0.00,40.00,捐款手續費,金錢,臺北市大安區****,,
198,台灣基進,,108,1080828,雜支支出,中華郵政股份有限公司,,0.00,20.00,捐款手續費,金錢,臺北市大安區****,,
199,台灣基進,,108,1080829,雜支支出,中華郵政股份有限公司,,0.00,15.00,捐款手續費,金錢,臺北市大安區****,,
200,台灣基進,,108,1080901,雜支支出,藍新科技股份有限公司,70565326,0.00,22407.00,捐款手續費,金錢,臺北市南港區****,,
201,台灣基進,,108,1080902,雜支支出,中華郵政股份有限公司,,0.00,20.00,捐款手續費,金錢,臺北市大安區****,,
202,台灣基進,,108,1080903,雜支支出,中華郵政股份有限公司,,0.00,30.00,捐款手續費,金錢,臺北市大安區****,,
203,台灣基進,,108,1080904,雜支支出,中華郵政股份有限公司,,0.00,20.00,捐款手續費,金錢,臺北市大安區****,,
204,台灣基進,,108,1080905,雜支支出,中華郵政股份有限公司,,0.00,40.00,捐款手續費,金錢,臺北市大安區****,,
205,台灣基進,,108,1080905,業務費用支出,吳惠美,E22*******,0.00,36000.00,租用辦公處所費用,金錢,高雄市三民區****,,
206,台灣基進,,108,1080905,人事費用支出,洪正,S12*******,0.00,32000.00,工資或薪津,金錢,高雄市鳳山區****,,
207,台灣基進,,108,1080905,人事費用支出,李欣翰,E12*******,0.00,32000.00,工資或薪津,金錢,高雄市橋頭區****,,
208,台灣基進,,108,1080905,人事費用支出,吳雨琦,S22*******,0.00,32000.00,工資或薪津,金錢,高雄市鳳山區****,,
209,台灣基進,,108,1080905,人事費用支出,陳信諭,S12*******,0.00,32000.00,工資或薪津,金錢,高雄市前鎮區****,,
210,台灣基進,,108,1080905,人事費用支出,李雨蓁,S22*******,0.00,32000.00,工資或薪津,金錢,高雄市鳳山區****,,
211,台灣基進,,108,1080905,人事費用支出,李昆霖,E12*******,0.00,32000.00,工資或薪津,金錢,高雄市左營區****,,
212,台灣基進,,108,1080905,人事費用支出,陳虹因,E22*******,0.00,32000.00,工資或薪津,金錢,高雄市楠梓區****,,
213,台灣基進,,108,1080905,人事費用支出,林士軒,E12*******,0.00,32000.00,工資或薪津,金錢,高雄市苓雅區****,,
214,台灣基進,,108,1080905,人事費用支出,李宗霖,D12*******,0.00,32000.00,工資或薪津,金錢,臺南市東區崇****,,
215,台灣基進,,108,1080905,人事費用支出,張博洋,T12*******,0.00,32000.00,工資或薪津,金錢,屏東縣竹田鄉****,,
216,台灣基進,,108,1080905,人事費用支出,王睦淇,E22*******,0.00,32000.00,工資或薪津,金錢,高雄市鼓山區****,,
217,台灣基進,,108,1080905,人事費用支出,陳柏惟,E12*******,0.00,32000.00,工資或薪津,金錢,臺中市豐原區****,,
218,台灣基進,,108,1080905,人事費用支出,蘇盈安,E22*******,0.00,32000.00,工資或薪津,金錢,高雄市小港區****,,
219,台灣基進,,108,1080905,人事費用支出,王映心,A22*******,0.00,32000.00,工資或薪津,金錢,臺北市士林區****,,
220,台灣基進,,108,1080905,人事費用支出,王姬方,A22*******,0.00,32000.00,工資或薪津,金錢,臺南市善化區****,,
221,台灣基進,,108,1080905,人事費用支出,林琤祐,E12*******,0.00,32000.00,工資或薪津,金錢,臺南市安南區****,,
222,台灣基進,,108,1080905,人事費用支出,林俊宇,E12*******,0.00,32000.00,工資或薪津,金錢,高雄市左營區****,,
223,台灣基進,,108,1080905,人事費用支出,詹宇賢,F12*******,0.00,32000.00,工資或薪津,金錢,新北市中和區****,,
224,台灣基進,,108,1080906,雜支支出,中華郵政股份有限公司,,0.00,55.00,捐款手續費,金錢,臺北市大安區****,,
225,台灣基進,,108,1080908,選務費用支出,野果創意工作室,26984645,0.00,485000.00,演講或表演費用,金錢,臺北市中正區****,,
226,台灣基進,,108,1080910,雜支支出,中華郵政股份有限公司,,0.00,15.00,捐款手續費,金錢,臺北市大安區****,,
227,台灣基進,,108,1080911,雜支支出,中華郵政股份有限公司,,0.00,85.00,捐款手續費,金錢,臺北市大安區****,,
228,台灣基進,,108,1080912,雜支支出,中華郵政股份有限公司,,0.00,40.00,捐款手續費,金錢,臺北市大安區****,,
229,台灣基進,,108,1080918,雜支支出,中華郵政股份有限公司,,0.00,40.00,捐款手續費,金錢,臺北市大安區****,,
230,台灣基進,,108,1080923,雜支支出,中華郵政股份有限公司,,0.00,15.00,捐款手續費,金錢,臺北市大安區****,,
231,台灣基進,,108,1080924,雜支支出,中華郵政股份有限公司,,0.00,20.00,捐款手續費,金錢,臺北市大安區****,,
232,台灣基進,,108,1081001,雜支支出,中華郵政股份有限公司,,0.00,65.00,捐款手續費,金錢,臺北市大安區****,,
233,台灣基進,,108,1081001,雜支支出,藍新科技股份有限公司,70565326,0.00,10547.00,捐款手續費,金錢,臺北市南港區****,,
234,台灣基進,,108,1081002,雜支支出,中華郵政股份有限公司,,0.00,40.00,捐款手續費,金錢,臺北市大安區****,,
235,台灣基進,,108,1081003,雜支支出,中華郵政股份有限公司,,0.00,15.00,捐款手續費,金錢,臺北市大安區****,,
236,台灣基進,,108,1081004,雜支支出,中華郵政股份有限公司,,0.00,20.00,捐款手續費,金錢,臺北市大安區****,,
237,台灣基進,,108,1081005,業務費用支出,吳惠美,E22*******,0.00,36000.00,租用辦公處所費用,金錢,高雄市三民區****,,
238,台灣基進,,108,1081005,人事費用支出,洪正,S12*******,0.00,32000.00,工資或薪津,金錢,高雄市鳳山區****,,
239,台灣基進,,108,1081005,人事費用支出,李欣翰,E12*******,0.00,32000.00,工資或薪津,金錢,高雄市橋頭區****,,
240,台灣基進,,108,1081005,人事費用支出,吳雨琦,S22*******,0.00,32000.00,工資或薪津,金錢,高雄市鳳山區****,,
241,台灣基進,,108,1081005,人事費用支出,陳信諭,S12*******,0.00,32000.00,工資或薪津,金錢,高雄市前鎮區****,,
242,台灣基進,,108,1081005,人事費用支出,李雨蓁,S22*******,0.00,32000.00,工資或薪津,金錢,高雄市鳳山區****,,
243,台灣基進,,108,1081005,人事費用支出,李昆霖,E12*******,0.00,32000.00,工資或薪津,金錢,高雄市左營區****,,
244,台灣基進,,108,1081005,人事費用支出,陳虹因,E22*******,0.00,32000.00,工資或薪津,金錢,高雄市楠梓區****,,
245,台灣基進,,108,1081005,人事費用支出,林士軒,E12*******,0.00,32000.00,工資或薪津,金錢,高雄市苓雅區****,,
246,台灣基進,,108,1081005,人事費用支出,李宗霖,D12*******,0.00,32000.00,工資或薪津,金錢,臺南市東區崇****,,
247,台灣基進,,108,1081005,人事費用支出,張博洋,T12*******,0.00,32000.00,工資或薪津,金錢,屏東縣竹田鄉****,,
248,台灣基進,,108,1081005,人事費用支出,王睦淇,E22*******,0.00,32000.00,工資或薪津,金錢,高雄市鼓山區****,,
249,台灣基進,,108,1081005,人事費用支出,陳柏惟,E12*******,0.00,32000.00,工資或薪津,金錢,臺中市豐原區****,,
250,台灣基進,,108,1081005,人事費用支出,蘇盈安,E22*******,0.00,32000.00,工資或薪津,金錢,高雄市小港區****,,
251,台灣基進,,108,1081005,人事費用支出,林冠廷,B12*******,0.00,32000.00,工資或薪津,金錢,臺中市北屯區****,,
252,台灣基進,,108,1081005,人事費用支出,王映心,A22*******,0.00,32000.00,工資或薪津,金錢,臺北市士林區****,,
253,台灣基進,,108,1081005,人事費用支出,王姬方,A22*******,0.00,32000.00,工資或薪津,金錢,臺南市善化區****,,
254,台灣基進,,108,1081005,人事費用支出,林琤祐,E12*******,0.00,32000.00,工資或薪津,金錢,臺南市安南區****,,
255,台灣基進,,108,1081005,人事費用支出,林俊宇,E12*******,0.00,32000.00,工資或薪津,金錢,高雄市左營區****,,
256,台灣基進,,108,1081005,人事費用支出,詹宇賢,F12*******,0.00,32000.00,工資或薪津,金錢,新北市中和區****,,
257,台灣基進,,108,1081007,雜支支出,中華郵政股份有限公司,,0.00,15.00,捐款手續費,金錢,臺北市大安區****,,
258,台灣基進,,108,1081009,雜支支出,中華郵政股份有限公司,,0.00,20.00,捐款手續費,金錢,臺北市大安區****,,
259,台灣基進,,108,1081009,選務費用支出,健豪印刷事業股份有限公司,16332027,0.00,31500.00,製作競選物品或宣傳廣告費用,金錢,臺中市西區大****,,
260,台灣基進,,108,1081014,雜支支出,中華郵政股份有限公司,,0.00,15.00,捐款手續費,金錢,臺北市大安區****,,
261,台灣基進,,108,1081015,雜支支出,中華郵政股份有限公司,,0.00,40.00,捐款手續費,金錢,臺北市大安區****,,
262,台灣基進,,108,1081017,雜支支出,中華郵政股份有限公司,,0.00,50.00,捐款手續費,金錢,臺北市大安區****,,
263,台灣基進,,108,1081018,雜支支出,中華郵政股份有限公司,,0.00,35.00,捐款手續費,金錢,臺北市大安區****,,
264,台灣基進,,108,1081021,雜支支出,中華郵政股份有限公司,,0.00,40.00,捐款手續費,金錢,臺北市大安區****,,
265,台灣基進,,108,1081022,雜支支出,中華郵政股份有限公司,,0.00,20.00,捐款手續費,金錢,臺北市大安區****,,
266,台灣基進,,108,1081023,雜支支出,中華郵政股份有限公司,,0.00,20.00,捐款手續費,金錢,臺北市大安區****,,
267,台灣基進,,108,1081024,雜支支出,中華郵政股份有限公司,,0.00,20.00,捐款手續費,金錢,臺北市大安區****,,
268,台灣基進,,108,1081028,雜支支出,中華郵政股份有限公司,,0.00,20.00,捐款手續費,金錢,臺北市大安區****,,
269,台灣基進,,108,1081029,雜支支出,中華郵政股份有限公司,,0.00,60.00,捐款手續費,金錢,臺北市大安區****,,
270,台灣基進,,108,1081030,雜支支出,中華郵政股份有限公司,,0.00,15.00,捐款手續費,金錢,臺北市大安區****,,
271,台灣基進,,108,1081101,雜支支出,藍新科技股份有限公司,70565326,0.00,17791.00,捐款手續費,金錢,臺北市南港區****,,
272,台灣基進,,108,1081101,雜支支出,中華郵政股份有限公司,,0.00,15.00,捐款手續費,金錢,臺北市大安區****,,
273,台灣基進,,108,1081104,雜支支出,中華郵政股份有限公司,,0.00,110.00,捐款手續費,金錢,臺北市大安區****,,
274,台灣基進,,108,1081105,雜支支出,中華郵政股份有限公司,,0.00,20.00,捐款手續費,金錢,臺北市大安區****,,
275,台灣基進,,108,1081105,人事費用支出,洪正,S12*******,0.00,32000.00,工資或薪津,金錢,高雄市鳳山區****,,
276,台灣基進,,108,1081105,人事費用支出,李欣翰,E12*******,0.00,32000.00,工資或薪津,金錢,高雄市橋頭區****,,
277,台灣基進,,108,1081105,人事費用支出,吳雨琦,S22*******,0.00,32000.00,工資或薪津,金錢,高雄市鳳山區****,,
278,台灣基進,,108,1081105,人事費用支出,陳信諭,S12*******,0.00,32000.00,工資或薪津,金錢,高雄市前鎮區****,,
279,台灣基進,,108,1081105,人事費用支出,李雨蓁,S22*******,0.00,32000.00,工資或薪津,金錢,高雄市鳳山區****,,
280,台灣基進,,108,1081105,人事費用支出,李昆霖,E12*******,0.00,32000.00,工資或薪津,金錢,高雄市左營區****,,
281,台灣基進,,108,1081105,人事費用支出,陳虹因,E22*******,0.00,32000.00,工資或薪津,金錢,高雄市楠梓區****,,
282,台灣基進,,108,1081105,人事費用支出,林士軒,E12*******,0.00,32000.00,工資或薪津,金錢,高雄市苓雅區****,,
283,台灣基進,,108,1081105,人事費用支出,李宗霖,D12*******,0.00,32000.00,工資或薪津,金錢,臺南市東區崇****,,
284,台灣基進,,108,1081105,人事費用支出,張博洋,T12*******,0.00,32000.00,工資或薪津,金錢,屏東縣竹田鄉****,,
285,台灣基進,,108,1081105,人事費用支出,王睦淇,E22*******,0.00,32000.00,工資或薪津,金錢,高雄市鼓山區****,,
286,台灣基進,,108,1081105,人事費用支出,陳柏惟,E12*******,0.00,32000.00,工資或薪津,金錢,臺中市豐原區****,,
287,台灣基進,,108,1081105,人事費用支出,蘇盈安,E22*******,0.00,32000.00,工資或薪津,金錢,高雄市小港區****,,
288,台灣基進,,108,1081105,人事費用支出,林冠廷,B12*******,0.00,32000.00,工資或薪津,金錢,臺中市北屯區****,,
289,台灣基進,,108,1081105,人事費用支出,王映心,A22*******,0.00,32000.00,工資或薪津,金錢,臺北市士林區****,,
290,台灣基進,,108,1081105,人事費用支出,王姬方,A22*******,0.00,32000.00,工資或薪津,金錢,臺南市善化區****,,
291,台灣基進,,108,1081105,人事費用支出,林琤祐,E12*******,0.00,32000.00,工資或薪津,金錢,臺南市安南區****,,
292,台灣基進,,108,1081105,人事費用支出,林俊宇,E12*******,0.00,32000.00,工資或薪津,金錢,高雄市左營區****,,
293,台灣基進,,108,1081105,人事費用支出,陳明陽,M12*******,0.00,32000.00,工資或薪津,金錢,臺中市北區自****,,
294,台灣基進,,108,1081105,人事費用支出,詹宇賢,F12*******,0.00,32000.00,工資或薪津,金錢,新北市中和區****,,
295,台灣基進,,108,1081105,選務費用支出,愛爾達科技股份有限公司,70542247,0.00,105000.00,播放、傳送或刊登宣傳廣告費用,金錢,臺北市中正區****,,
296,台灣基進,,108,1081106,雜支支出,中華郵政股份有限公司,,0.00,40.00,捐款手續費,金錢,臺北市大安區****,,
297,台灣基進,,108,1081107,雜支支出,中華郵政股份有限公司,,0.00,20.00,捐款手續費,金錢,臺北市大安區****,,
298,台灣基進,,108,1081108,雜支支出,中華郵政股份有限公司,,0.00,40.00,捐款手續費,金錢,臺北市大安區****,,
299,台灣基進,,108,1081109,雜支支出,百全有限公司,54338901,0.00,80.00,文具用品費用,金錢,臺北市信義區****,,
300,台灣基進,,108,1081115,雜支支出,中華郵政股份有限公司,,0.00,40.00,捐款手續費,金錢,臺北市大安區****,,
301,台灣基進,,108,1081116,雜支支出,中華郵政股份有限公司,,0.00,20.00,捐款手續費,金錢,臺北市大安區****,,
302,台灣基進,,108,1081118,返還捐贈支出,神將工程股份有限公司,22201945,0.00,3000.00,返還,金錢,桃園市國際路****,0336*****,
303,台灣基進,,108,1081118,返還捐贈支出,神將工程股份有限公司,22201945,0.00,1000.00,返還,金錢,桃園市桃園區****,0955*****,
304,台灣基進,,108,1081118,返還捐贈支出,神將工程股份有限公司,22201945,0.00,1000.00,返還,金錢,桃園市桃園區****,0336*****,
305,台灣基進,,108,1081120,雜支支出,中華郵政股份有限公司,,0.00,40.00,捐款手續費,金錢,臺北市大安區****,,
306,台灣基進,,108,1081122,雜支支出,中華郵政股份有限公司,,0.00,15.00,捐款手續費,金錢,臺北市大安區****,,
307,台灣基進,,108,1081125,雜支支出,中華郵政股份有限公司,,0.00,15.00,捐款手續費,金錢,臺北市大安區****,,
308,台灣基進,,108,1081126,雜支支出,中華郵政股份有限公司,,0.00,95.00,捐款手續費,金錢,臺北市大安區****,,
309,台灣基進,,108,1081127,選務費用支出,天音廣告有限公司,25006121,0.00,19362.00,製作競選物品或宣傳廣告費用,金錢,臺南市官田區****,,
310,台灣基進,,108,1081129,雜支支出,中華郵政股份有限公司,,0.00,170.00,捐款手續費,金錢,臺北市大安區****,,
311,台灣基進,,108,1081129,雜支支出,好市多股份有限公司台中分公司,27948648,0.00,1256.00,餐飲費用,金錢,臺中市南屯區****,,
312,台灣基進,,108,1081130,雜支支出,中華郵政股份有限公司,,0.00,20.00,捐款手續費,金錢,臺北市大安區****,,
313,台灣基進,,108,1081201,雜支支出,藍新科技股份有限公司,70565326,0.00,32095.00,月手續費,金錢,臺北市南港區****,,
314,台灣基進,,108,1081202,選務費用支出,瑞迪廣告事業股份有限公司,84943383,0.00,105000.00,播放、傳送或刊登宣傳廣告費用,金錢,臺北市信義區****,,
315,台灣基進,,108,1081203,雜支支出,中華郵政股份有限公司,,0.00,65.00,捐款手續費,金錢,臺北市大安區****,,
316,台灣基進,,108,1081205,雜支支出,中華郵政股份有限公司,,0.00,120.00,捐款手續費,金錢,臺北市大安區****,,
317,台灣基進,,108,1081205,人事費用支出,洪正,S12*******,0.00,32000.00,工資或薪津,金錢,高雄市鳳山區****,,
318,台灣基進,,108,1081205,人事費用支出,李欣翰,E12*******,0.00,32000.00,工資或薪津,金錢,高雄市橋頭區****,,
319,台灣基進,,108,1081205,人事費用支出,吳雨琦,S22*******,0.00,32000.00,工資或薪津,金錢,高雄市鳳山區****,,
320,台灣基進,,108,1081205,人事費用支出,陳信諭,S12*******,0.00,32000.00,工資或薪津,金錢,高雄市前鎮區****,,
321,台灣基進,,108,1081205,人事費用支出,李雨蓁,S22*******,0.00,32000.00,工資或薪津,金錢,高雄市鳳山區****,,
322,台灣基進,,108,1081205,人事費用支出,李昆霖,E12*******,0.00,32000.00,工資或薪津,金錢,高雄市左營區****,,
323,台灣基進,,108,1081205,人事費用支出,陳虹因,E22*******,0.00,32000.00,工資或薪津,金錢,高雄市楠梓區****,,
324,台灣基進,,108,1081205,人事費用支出,林士軒,E12*******,0.00,32000.00,工資或薪津,金錢,高雄市苓雅區****,,
325,台灣基進,,108,1081205,人事費用支出,李宗霖,D12*******,0.00,32000.00,工資或薪津,金錢,臺南市東區崇****,,
326,台灣基進,,108,1081205,人事費用支出,張博洋,T12*******,0.00,32000.00,工資或薪津,金錢,屏東縣竹田鄉****,,
327,台灣基進,,108,1081205,人事費用支出,王睦淇,E22*******,0.00,32000.00,工資或薪津,金錢,高雄市鼓山區****,,
328,台灣基進,,108,1081205,人事費用支出,陳柏惟,E12*******,0.00,32000.00,工資或薪津,金錢,臺中市豐原區****,,
329,台灣基進,,108,1081205,人事費用支出,蘇盈安,E22*******,0.00,32000.00,工資或薪津,金錢,高雄市小港區****,,
330,台灣基進,,108,1081205,人事費用支出,林冠廷,B12*******,0.00,32000.00,工資或薪津,金錢,臺中市北屯區****,,
331,台灣基進,,108,1081205,人事費用支出,王映心,A22*******,0.00,32000.00,工資或薪津,金錢,臺北市士林區****,,
332,台灣基進,,108,1081205,人事費用支出,王姬方,A22*******,0.00,32000.00,工資或薪津,金錢,臺南市善化區****,,
333,台灣基進,,108,1081205,人事費用支出,林琤祐,E12*******,0.00,32000.00,工資或薪津,金錢,臺南市安南區****,,
334,台灣基進,,108,1081205,人事費用支出,周允梵,A22*******,0.00,32000.00,工資或薪津,金錢,臺北市士林區****,,
335,台灣基進,,108,1081205,人事費用支出,方思融,S22*******,0.00,32000.00,工資或薪津,金錢,高雄市旗山區****,,
336,台灣基進,,108,1081205,人事費用支出,林俊宇,E12*******,0.00,32000.00,工資或薪津,金錢,高雄市左營區****,,
337,台灣基進,,108,1081205,人事費用支出,陳明陽,M12*******,0.00,32000.00,工資或薪津,金錢,臺中市北區自****,,
338,台灣基進,,108,1081205,人事費用支出,詹宇賢,F12*******,0.00,32000.00,工資或薪津,金錢,新北市中和區****,,
339,台灣基進,,108,1081206,雜支支出,中華郵政股份有限公司,,0.00,135.00,捐款手續費,金錢,臺北市大安區****,,
340,台灣基進,,108,1081207,雜支支出,中華郵政股份有限公司,,0.00,40.00,捐款手續費,金錢,臺北市大安區****,,
341,台灣基進,,108,1081209,雜支支出,中華郵政股份有限公司,,0.00,100.00,捐款手續費,金錢,臺北市大安區****,,
342,台灣基進,,108,1081209,選務費用支出,喬商廣告股份有限公司,23289139,0.00,315000.00,播放、傳送或刊登宣傳廣告費用,金錢,臺北市信義區****,,
343,台灣基進,,108,1081209,選務費用支出,愛爾達科技股份有限公司,70542247,0.00,105000.00,播放、傳送或刊登宣傳廣告費用,金錢,臺北市中正區****,,
344,台灣基進,,108,1081210,雜支支出,中華郵政股份有限公司,,0.00,20.00,捐款手續費,金錢,臺北市大安區****,,
345,台灣基進,,108,1081210,選務費用支出,年代網際事業股份有限公司,05091991,0.00,262500.00,播放、傳送或刊登宣傳廣告費用,金錢,臺北市內湖區****,,
346,台灣基進,,108,1081211,雜支支出,中華郵政股份有限公司,,0.00,100.00,捐款手續費,金錢,臺北市大安區****,,
347,台灣基進,,108,1081211,選務費用支出,迦勒廣告事業社,72928112,0.00,269194.00,租用廣告看板或車體廣告費用,金錢,臺北市文山區****,,
348,台灣基進,,108,1081212,雜支支出,中華郵政股份有限公司,,0.00,135.00,捐款手續費,金錢,臺北市大安區****,,
349,台灣基進,,108,1081212,選務費用支出,山水民意研究股份有限公司,16135975,0.00,189000.00,委託辦理研究、評估、調查、設計或規劃費用,金錢,臺北市松山區****,,
350,台灣基進,,108,1081213,雜支支出,中華郵政股份有限公司,,0.00,110.00,捐款手續費,金錢,臺北市大安區****,,
351,台灣基進,,108,1081214,公共關係費用支出,聚滿盛股份有限公司,52810086,0.00,536800.00,聯誼交際費用,金錢,臺北市萬華區****,,
352,台灣基進,,108,1081216,雜支支出,中華郵政股份有限公司,,0.00,135.00,捐款手續費,金錢,臺北市大安區****,,
353,台灣基進,,108,1081217,雜支支出,中華郵政股份有限公司,,0.00,110.00,捐款手續費,金錢,臺北市大安區****,,
354,台灣基進,,108,1081218,雜支支出,中華郵政股份有限公司,,0.00,55.00,捐款手續費,金錢,臺北市大安區****,,
355,台灣基進,,108,1081218,選務費用支出,全聯派報社,26368972,0.00,1098825.00,播放、傳送或刊登宣傳廣告費用,金錢,臺北市中正區****,,
356,台灣基進,,108,1081219,雜支支出,中華郵政股份有限公司,,0.00,60.00,捐款手續費,金錢,臺北市大安區****,,
357,台灣基進,,108,1081219,選務費用支出,金億廣告工程有限公司,53266751,0.00,21000.00,製作競選物品或宣傳廣告費用,金錢,高雄市梓官區****,,
358,台灣基進,,108,1081220,返還捐贈支出,達飛國際企業股份有限公司,05159210,0.00,50000.00,返還,非金錢,臺北市大安區****,0227*****,
359,台灣基進,,108,1081220,雜支支出,中華郵政股份有限公司,,0.00,95.00,捐款手續費,金錢,臺北市大安區****,,
360,台灣基進,,108,1081223,返還捐贈支出,鍾宜玲,,0.00,3000.00,返還,金錢,,0975*****,
361,台灣基進,,108,1081223,返還捐贈支出,自由台灣黨,,0.00,6000.00,返還,金錢,臺北市中正區****,0233*****,
362,台灣基進,,108,1081223,返還捐贈支出,凱德投資股份有限公司,22765866,0.00,300000.00,返還,金錢,臺北市中山區****,0225*****,
363,台灣基進,,108,1081223,選務費用支出,天音廣告有限公司,25006121,0.00,4305.00,製作競選物品或宣傳廣告費用,金錢,臺南市官田區****,,
364,台灣基進,,108,1081224,雜支支出,中華郵政股份有限公司,,0.00,280.00,捐款手續費,金錢,臺北市大安區****,,
365,台灣基進,,108,1081225,雜支支出,中華郵政股份有限公司,,0.00,55.00,捐款手續費,金錢,臺北市大安區****,,
366,台灣基進,,108,1081225,選務費用支出,全聯派報社,26368972,0.00,1001570.00,播放、傳送或刊登宣傳廣告費用,金錢,臺北市中正區****,,
367,台灣基進,,108,1081226,雜支支出,中華郵政股份有限公司,,0.00,135.00,捐款手續費,金錢,臺北市大安區****,,
368,台灣基進,,108,1081226,雜支支出,台灣中油股份有限公司油品行銷事業部台南營業處文賢路加,56957125,0.00,471.00,汽機車燃料費用,金錢,臺南市中西區****,,
369,台灣基進,,108,1081227,返還捐贈支出,尚達化工科技股份有限公司,53959254,0.00,5000.00,返還,金錢,,0928*****,
370,台灣基進,,108,1081227,雜支支出,中華郵政股份有限公司,,0.00,120.00,捐款手續費,金錢,臺北市大安區****,,
371,台灣基進,,108,1081228,雜支支出,中華郵政股份有限公司,,0.00,40.00,捐款手續費,金錢,臺北市大安區****,,
372,台灣基進,,108,1081230,返還捐贈支出,晉弘實業股份有限公司,72139995,0.00,6000.00,返還,金錢,台南市麻豆區****,0657*****,
373,台灣基進,,108,1081230,雜支支出,中華郵政股份有限公司,,0.00,220.00,捐款手續費,金錢,臺北市大安區****,,
374,台灣基進,,108,1081231,返還捐贈支出,台灣的店有限公司,96961504,0.00,5000.00,返還,金錢,臺北市大安區****,0223*****,
375,台灣基進,,108,1081231,雜支支出,中華郵政股份有限公司,,0.00,125.00,捐款手續費,金錢,臺北市大安區****,,
376,台灣基進,,108,1081231,雜支支出,藍新科技股份有限公司,70565326,0.00,38234.00,月入帳捐款手續費,金錢,臺北市南港區****,,
