﻿序號,擬參選人／政黨,選舉名稱,申報序號／年度,交易日期,收支科目,捐贈者／支出對象,身分證／統一編號,收入金額,支出金額,支出用途,金錢類,地址,聯絡電話,資料更正日期
1,劉茂羣,107年直轄市議員選舉,首次申報,1070528,交通旅運支出,集盈企業股份有限公司,43047309,0.00,1485.00,油資,金錢,,,
2,劉茂羣,107年直轄市議員選舉,首次申報,1070625,宣傳支出,黃詩美,N22*******,0.00,75000.00,租用廣告看板或車體廣告支出,金錢,桃園市八德區****,,
3,劉茂羣,107年直轄市議員選舉,首次申報,1070701,交通旅運支出,泉有加油站有限公司,28083874,0.00,1190.00,油資,金錢,桃園市八德區****,,
4,劉茂羣,107年直轄市議員選舉,首次申報,1070715,宣傳支出,圓林商行,78326263,0.00,34800.00,製作競選物品支出（物品名稱-圓摺扇）,金錢,新北市板橋區****,,
5,劉茂羣,107年直轄市議員選舉,首次申報,1070723,交通旅運支出,台灣中油股份有限公司油品行銷事業部桃園營業處介壽路加,43032220,0.00,1346.00,油資,金錢,,,
6,劉茂羣,107年直轄市議員選舉,首次申報,1070808,宣傳支出,中華電信股份有限公司台灣北區電信分公司桃園營運處,19683736,0.00,90000.00,發送電信簡訊支出,金錢,桃園市桃園區****,,
7,劉茂羣,107年直轄市議員選舉,首次申報,1070810,宣傳支出,圓林商行,78326263,0.00,34800.00,製作競選物品支出（物品名稱-圓摺扇）,金錢,新北市板橋區****,,
8,劉茂羣,107年直轄市議員選舉,首次申報,1070816,交通旅運支出,北基國際股份有限公司北基朝陽加油站,41005417,0.00,500.00,油資,金錢,,,
9,劉茂羣,107年直轄市議員選舉,首次申報,1070819,交通旅運支出,台灣中油股公司油品行銷事業部桃園營業處春日路加油站,02488111,0.00,1000.00,油資,金錢,,,
10,劉茂羣,107年直轄市議員選舉,首次申報,1070823,交通旅運支出,車容坊股份有限公司鳳鳴營業所,26660771,0.00,1000.00,油資,金錢,,,
11,劉茂羣,107年直轄市議員選舉,首次申報,1070828,交通旅運支出,北基國際股份有限公司北基朝陽加油站,41005417,0.00,1000.00,油資,金錢,,,
12,劉茂羣,107年直轄市議員選舉,首次申報,1070901,交通旅運支出,北基國際股份有限公司北基朝陽加油站,41005417,0.00,1000.00,油資,金錢,,,
13,劉茂羣,107年直轄市議員選舉,首次申報,1070903,宣傳支出,創意家國際有限公司,27665710,0.00,7140.00,製作競選物品支出（物品名稱-polo衫）,金錢,新北市泰山區****,,
14,劉茂羣,107年直轄市議員選舉,首次申報,1070905,宣傳支出,大進企業社,78462196,0.00,34800.00,製作競選物品支出（物品名稱-圓摺扇）,金錢,嘉義縣大林鎮****,,
15,劉茂羣,107年直轄市議員選舉,首次申報,1070906,交通旅運支出,台灣中油股份有限公司油品行銷事業部桃園營業處介壽路加,43032220,0.00,1233.00,油資,金錢,桃園市桃園區****,,
16,劉茂羣,107年直轄市議員選舉,首次申報,1070919,宣傳支出,創意家國際有限公司,27665710,0.00,2940.00,製作競選物品支出（物品名稱-彩帶）,金錢,新北市泰山區****,,
17,劉茂羣,107年直轄市議員選舉,首次申報,1070920,雜支支出,龜梨麵花飲食店,41445463,0.00,495.00,餐飲費用,金錢,桃園市八德區****,,
18,劉茂羣,107年直轄市議員選舉,首次申報,1070927,交通旅運支出,鼎益加油站,86970103,0.00,100.00,油資,金錢,,,
19,劉茂羣,107年直轄市議員選舉,首次申報,1071005,交通旅運支出,山隆通運股份有限公司八德加油站,80762162,0.00,500.00,油資,金錢,桃園市桃園區****,,
20,劉茂羣,107年直轄市議員選舉,首次申報,1071007,宣傳支出,曼莎團體制服有限公司,25031064,0.00,95000.00,製作競選物品支出（物品名稱-帽子.背心）,金錢,新北市鶯歌區****,,
21,劉茂羣,107年直轄市議員選舉,首次申報,1071008,宣傳支出,中華郵政八德大湳郵局,,0.00,9439.00,郵寄競選物品或宣傳廣告支出,金錢,桃園市八德區****,,
22,劉茂羣,107年直轄市議員選舉,首次申報,1071012,公共關係費用支出,日發商店,07718014,0.00,2800.00,聯誼交際費用,金錢,,,
23,劉茂羣,107年直轄市議員選舉,首次申報,1071012,交通旅運支出,台灣中油股份有限公司油品行銷事業部桃園營業處介壽路加,43032220,0.00,1449.00,油資,金錢,桃園市桃園區****,,
24,劉茂羣,107年直轄市議員選舉,首次申報,1071013,集會支出,日發商店,43048102,0.00,600.00,餐飲支出,金錢,,,
25,劉茂羣,107年直轄市議員選舉,首次申報,1071018,集會支出,清新商店,02626064,0.00,660.00,餐飲支出,金錢,,,
26,劉茂羣,107年直轄市議員選舉,首次申報,1071018,宣傳支出,創意家國際有限公司,27665710,0.00,1344.00,製作競選物品支出（物品名稱-旗幟）,金錢,,,
27,劉茂羣,107年直轄市議員選舉,首次申報,1071018,交通旅運支出,台灣中油股份有限公司油品行銷事業部桃園營業處介壽路加,43032220,0.00,1365.00,油資,金錢,桃園市桃園區****,,
28,劉茂羣,107年直轄市議員選舉,首次申報,1071018,公共關係費用支出,松楓畫廊,78517684,0.00,6380.00,聯誼交際費用,金錢,,,
29,劉茂羣,107年直轄市議員選舉,首次申報,1071018,雜支支出,竹東小吃店,82045764,0.00,5850.00,餐飲費用,金錢,,,
30,劉茂羣,107年直轄市議員選舉,首次申報,1071020,宣傳支出,大進企業社,78462196,0.00,34800.00,製作競選物品支出（物品名稱-圓摺扇）,金錢,嘉義縣大林鎮****,,
31,劉茂羣,107年直轄市議員選舉,首次申報,1071021,集會支出,大衛舞台音響有限公司,24338600,0.00,52500.00,租用設備支出,金錢,臺北市士林區****,,
32,劉茂羣,107年直轄市議員選舉,首次申報,1071021,雜支支出,棒棒糖氣球館,26800941,0.00,1901.00,雜項購置或修繕費用,金錢,臺中市西區中****,,
33,劉茂羣,107年直轄市議員選舉,首次申報,1071021,交通旅運支出,桃園汽車客運股份有限公司,43266009,0.00,22500.00,搭乘交通工具支出,金錢,桃園市桃園區****,,
34,劉茂羣,107年直轄市議員選舉,首次申報,1071021,宣傳支出,精華印刷品行,43922238,0.00,179200.00,製作競選物品支出（文宣）,金錢,桃園市桃園區****,,
35,劉茂羣,107年直轄市議員選舉,首次申報,1071021,集會支出,弘民有限公司,50770854,0.00,6000.00,清潔整理支出,金錢,臺北市中正區****,,
36,劉茂羣,107年直轄市議員選舉,首次申報,1071023,交通旅運支出,台灣中油股份有限公司油品行銷事業部桃園營業處介壽路加,43032220,0.00,1449.00,油資,金錢,桃園市桃園區****,,
37,劉茂羣,107年直轄市議員選舉,首次申報,1071024,宣傳支出,登瑞筆業有限公司,24279335,0.00,147000.00,製作競選物品支出（物品名稱-造勢棒）,金錢,桃園市中壢區****,,
38,劉茂羣,107年直轄市議員選舉,首次申報,1071024,交通旅運支出,山隆通運股份有限公司八德加油站,80762162,0.00,500.00,油資,金錢,,,
39,劉茂羣,107年直轄市議員選舉,首次申報,1071026,交通旅運支出,日隆加油站,23079470,0.00,595.00,油資,金錢,,,
40,劉茂羣,107年直轄市議員選舉,首次申報,1071026,宣傳支出,精華印刷品行,43922238,0.00,112180.00,製作競選物品支出（文宣）,金錢,桃園市桃園區****,,
41,劉茂羣,107年直轄市議員選舉,首次申報,1071027,宣傳支出,玉豐全食品有限公司,27919453,0.00,30600.00,製作競選物品支出（物品名稱-蘋果麵包）,金錢,桃園市八德區****,,
42,劉茂羣,107年直轄市議員選舉,首次申報,1071028,交通旅運支出,統一精工股份有限公司八德加油站,13761116,0.00,1410.00,油資,金錢,桃園市八德區****,,
43,劉茂羣,107年直轄市議員選舉,首次申報,1071028,集會支出,海神音響燈光有限公司,29139334,0.00,200000.00,租用設備支出,金錢,新北市淡水區****,,
44,劉茂羣,107年直轄市議員選舉,首次申報,1071028,交通旅運支出,台灣中油（股）公司油品行銷事業部桃園營業處中壢加油站,44533807,0.00,117.00,油資,金錢,桃園市中壢區****,,
45,劉茂羣,107年直轄市議員選舉,首次申報,1071029,雜支支出,一鋒杭麵食館,72719733,0.00,500.00,餐飲費用,金錢,桃園市龜山區****,,
46,劉茂羣,107年直轄市議員選舉,首次申報,1071030,宣傳支出,喬木實業有限公司,16218617,0.00,468300.00,製作宣傳廣告支出,金錢,桃園市桃園區****,,
47,劉茂羣,107年直轄市議員選舉,首次申報,1071030,交通旅運支出,集盈企業股份有限公司,23079470,0.00,580.00,油資,金錢,桃園市桃園區****,,
48,劉茂羣,107年直轄市議員選舉,首次申報,1071030,交通旅運支出,台灣中油股份有限公司油品行銷事業部八德營業處,43814619,0.00,500.00,油資,金錢,,,
49,劉茂羣,107年直轄市議員選舉,首次申報,1071030,雜支支出,燦坤實業股份有限公司桃園中山分公司,80352272,0.00,1549.00,雜項購置或修繕費用,金錢,桃園市桃園區****,,
50,劉茂羣,107年直轄市議員選舉,首次申報,1071101,宣傳支出,永猷股份有限公司,22244310,0.00,153657.00,製作競選物品支出（口罩）,金錢,新北市鶯歌區****,,
51,劉茂羣,107年直轄市議員選舉,首次申報,1071101,雜支支出,一鋒杭麵食館,72719733,0.00,500.00,餐飲費用,金錢,桃園市桃園區****,,
52,劉茂羣,107年直轄市議員選舉,首次申報,1071101,雜支支出,均益飲食店,94940441,0.00,6400.00,餐飲費用,金錢,桃園市八德區****,,
53,劉茂羣,107年直轄市議員選舉,首次申報,1071102,宣傳支出,素食早點,,0.00,13500.00,製作競選物品支出（物品名稱-馬祖大餅）,金錢,桃園市八德區****,,
54,劉茂羣,107年直轄市議員選舉,首次申報,1071102,交通旅運支出,TBD-590,,0.00,215.00,搭乘交通工具支出,金錢,,,
55,劉茂羣,107年直轄市議員選舉,首次申報,1071102,交通旅運支出,TBD-590,,0.00,110.00,搭乘交通工具支出,金錢,,,
56,劉茂羣,107年直轄市議員選舉,首次申報,1071102,交通旅運支出,TBD-590,,0.00,155.00,搭乘交通工具支出,金錢,,,
57,劉茂羣,107年直轄市議員選舉,首次申報,1071102,交通旅運支出,TBD-590,,0.00,155.00,搭乘交通工具支出,金錢,,,
58,劉茂羣,107年直轄市議員選舉,首次申報,1071102,交通旅運支出,TBD-590,,0.00,330.00,搭乘交通工具支出,金錢,,,
59,劉茂羣,107年直轄市議員選舉,首次申報,1071102,交通旅運支出,TBD-590,,0.00,330.00,搭乘交通工具支出,金錢,,,
60,劉茂羣,107年直轄市議員選舉,首次申報,1071102,交通旅運支出,TBD-590,,0.00,345.00,搭乘交通工具支出,金錢,,,
61,劉茂羣,107年直轄市議員選舉,首次申報,1071102,雜支支出,均益飲食店,94940441,0.00,6400.00,餐飲費用,金錢,桃園市八德區****,,
62,劉茂羣,107年直轄市議員選舉,首次申報,1071103,交通旅運支出,TBD-590,,0.00,145.00,搭乘交通工具支出,金錢,,,
63,劉茂羣,107年直轄市議員選舉,首次申報,1071103,交通旅運支出,TBD-590,,0.00,150.00,搭乘交通工具支出,金錢,,,
64,劉茂羣,107年直轄市議員選舉,首次申報,1071103,交通旅運支出,TBD-590,,0.00,100.00,搭乘交通工具支出,金錢,,,
65,劉茂羣,107年直轄市議員選舉,首次申報,1071103,交通旅運支出,TBD-590,,0.00,100.00,搭乘交通工具支出,金錢,,,
66,劉茂羣,107年直轄市議員選舉,首次申報,1071103,交通旅運支出,TBD-590,,0.00,100.00,搭乘交通工具支出,金錢,,,
67,劉茂羣,107年直轄市議員選舉,首次申報,1071103,交通旅運支出,TBD-590,,0.00,100.00,搭乘交通工具支出,金錢,,,
68,劉茂羣,107年直轄市議員選舉,首次申報,1071104,交通旅運支出,TBD-590,,0.00,320.00,搭乘交通工具支出,金錢,,,
69,劉茂羣,107年直轄市議員選舉,首次申報,1071104,交通旅運支出,TBD-590,,0.00,210.00,搭乘交通工具支出,金錢,,,
70,劉茂羣,107年直轄市議員選舉,首次申報,1071104,雜支支出,久保田日式咖哩,82027317,0.00,378.00,餐飲費用,金錢,,,
71,劉茂羣,107年直轄市議員選舉,首次申報,1071105,交通旅運支出,TBD-590,,0.00,185.00,搭乘交通工具支出,金錢,,,
72,劉茂羣,107年直轄市議員選舉,首次申報,1071105,雜支支出,和德昌股份有限公司桃園大湳分公司,,0.00,194.00,餐飲費用,金錢,桃園市八德區****,,
73,劉茂羣,107年直轄市議員選舉,首次申報,1071105,交通旅運支出,TBD-590,,0.00,195.00,搭乘交通工具支出,金錢,,,
74,劉茂羣,107年直轄市議員選舉,首次申報,1071105,交通旅運支出,TBD-590,,0.00,130.00,搭乘交通工具支出,金錢,,,
75,劉茂羣,107年直轄市議員選舉,首次申報,1071105,交通旅運支出,集盈企業股份有限公司,23079470,0.00,1062.00,油資,金錢,桃園市桃園區****,,
76,劉茂羣,107年直轄市議員選舉,首次申報,1071105,雜支支出,McDonalds,89402317,0.00,194.00,餐飲費用,金錢,,,
77,劉茂羣,107年直轄市議員選舉,首次申報,1071105,雜支支出,均益飲食店,94940441,0.00,6400.00,餐飲費用,金錢,桃園市八德區****,,
78,劉茂羣,107年直轄市議員選舉,首次申報,1071106,交通旅運支出,TBD-590,,0.00,95.00,搭乘交通工具支出,金錢,,,
79,劉茂羣,107年直轄市議員選舉,首次申報,1071106,宣傳支出,BomKitchen,42750861,0.00,16500.00,製作競選物品支出（物品名稱-麵包）,金錢,桃園市八德區****,,
80,劉茂羣,107年直轄市議員選舉,首次申報,1071106,宣傳支出,BomKitchen,42750861,0.00,19250.00,製作競選物品支出（物品名稱-麵包）,金錢,桃園市八德區****,,
81,劉茂羣,107年直轄市議員選舉,首次申報,1071106,交通旅運支出,台灣中油股份有限公司油品行銷事業部桃園營業處介壽路加,43032220,0.00,1268.00,油資,金錢,桃園市桃園區****,,
82,劉茂羣,107年直轄市議員選舉,首次申報,1071106,雜支支出,正安鎖匙釆風齋刻印社,95918065,0.00,550.00,雜項購置或修繕費用,金錢,桃園市桃園區****,,
83,劉茂羣,107年直轄市議員選舉,首次申報,1071107,交通旅運支出,TBD-590,,0.00,275.00,搭乘交通工具支出,金錢,,,
84,劉茂羣,107年直轄市議員選舉,首次申報,1071107,交通旅運支出,台灣中油股份有限公司油品行銷事業部桃園營業處介壽路加,43032220,0.00,300.00,油資,金錢,,,
85,劉茂羣,107年直轄市議員選舉,首次申報,1071107,雜支支出,均益飲食店,94940441,0.00,6400.00,餐飲費用,金錢,桃園市八德區****,,
86,劉茂羣,107年直轄市議員選舉,首次申報,1071108,交通旅運支出,TBD-590,,0.00,350.00,搭乘交通工具支出,金錢,,,
87,劉茂羣,107年直轄市議員選舉,首次申報,1071108,交通旅運支出,全國加油站股份有限公司全國大溪介壽路加油站,09831152,0.00,198.00,油資,金錢,,,
88,劉茂羣,107年直轄市議員選舉,首次申報,1071108,交通旅運支出,全國加油站股份有限公司全國大溪介壽路加油站,09831152,0.00,1297.00,油資,金錢,,,
89,劉茂羣,107年直轄市議員選舉,首次申報,1071108,宣傳支出,國榛企業社,10612606,0.00,3780.00,郵寄競選物品或宣傳廣告支出,金錢,桃園市桃園區****,,
90,劉茂羣,107年直轄市議員選舉,首次申報,1071108,宣傳支出,永猷股份有限公司,22244310,0.00,146181.00,製作競選物品支出（口罩）,金錢,新北市鶯歌區****,,
91,劉茂羣,107年直轄市議員選舉,首次申報,1071109,交通旅運支出,TBD-590,,0.00,115.00,搭乘交通工具支出,金錢,,,
92,劉茂羣,107年直轄市議員選舉,首次申報,1071109,交通旅運支出,TBD-590,,0.00,160.00,搭乘交通工具支出,金錢,,,
93,劉茂羣,107年直轄市議員選舉,首次申報,1071109,交通旅運支出,TBD-590,,0.00,125.00,搭乘交通工具支出,金錢,,,
94,劉茂羣,107年直轄市議員選舉,首次申報,1071109,宣傳支出,清新商店,02626064,0.00,7200.00,製作競選物品支出（物品名稱-中祥餅乾）,金錢,,,
95,劉茂羣,107年直轄市議員選舉,首次申報,1071109,雜支支出,雙喜文具有限公司,12758009,0.00,400.00,文具用品費用,金錢,,,
96,劉茂羣,107年直轄市議員選舉,首次申報,1071109,公共關係費用支出,中崎食品行,14675384,0.00,340.00,聯誼交際費用,金錢,,,
97,劉茂羣,107年直轄市議員選舉,首次申報,1071109,宣傳支出,星光印刷品行,17487863,0.00,2000.00,製作競選物品支出（物品名稱-文宣）,金錢,,,
98,劉茂羣,107年直轄市議員選舉,首次申報,1071109,雜支支出,燦坤實業股份有限公司大湳分公司,28413050,0.00,3990.00,雜項購置或修繕費用,金錢,桃園市八德區****,,
99,劉茂羣,107年直轄市議員選舉,首次申報,1071109,雜支支出,綠寶寶手機配件,50720573,0.00,100.00,雜項購置或修繕費用,金錢,,,
100,劉茂羣,107年直轄市議員選舉,首次申報,1071109,雜支支出,竹東小吃店,82045764,0.00,3200.00,餐飲費用,金錢,,,
101,劉茂羣,107年直轄市議員選舉,首次申報,1071109,雜支支出,均益飲食店,94940441,0.00,6400.00,餐飲費用,金錢,桃園市八德區****,,
102,劉茂羣,107年直轄市議員選舉,首次申報,1071110,宣傳支出,喬木實業有限公司,16218617,0.00,131250.00,製作宣傳廣告支出,金錢,桃園市桃園區****,,
103,劉茂羣,107年直轄市議員選舉,首次申報,1071111,交通旅運支出,億瓏加油站有限公司,28075987,0.00,860.00,油資,金錢,,,
104,劉茂羣,107年直轄市議員選舉,首次申報,1071112,交通旅運支出,TBD-590,,0.00,120.00,搭乘交通工具支出,金錢,,,
105,劉茂羣,107年直轄市議員選舉,首次申報,1071112,交通旅運支出,TBD-590,,0.00,120.00,搭乘交通工具支出,金錢,,,
106,劉茂羣,107年直轄市議員選舉,首次申報,1071112,交通旅運支出,集盈企業股份有限公司,23079470,0.00,756.00,油資,金錢,,,
107,劉茂羣,107年直轄市議員選舉,首次申報,1071113,雜支支出,許永珍食品行,93803882,0.00,131.00,餐飲費用,金錢,,,
108,劉茂羣,107年直轄市議員選舉,首次申報,1071114,雜支支出,McDonalds,70773751,0.00,85.00,餐飲費用,金錢,,,
109,劉茂羣,107年直轄市議員選舉,首次申報,1071115,雜支支出,雙喜文具有限公司,12758009,0.00,28.00,文具用品費用,金錢,,,
110,劉茂羣,107年直轄市議員選舉,首次申報,1071115,交通旅運支出,鼎益加油站股份有限公司,86970103,0.00,400.00,油資,金錢,桃園市八德區****,,
111,劉茂羣,107年直轄市議員選舉,首次申報,1071116,交通旅運支出,佳興加油站,70514360,0.00,1326.00,油資,金錢,,,
112,劉茂羣,107年直轄市議員選舉,首次申報,1071116,公共關係費用支出,金興蘭園,H20*******,0.00,10500.00,聯誼交際費用,金錢,桃園市大溪區****,,
113,劉茂羣,107年直轄市議員選舉,首次申報,1071116,公共關係費用支出,金興蘭園,H20*******,0.00,10500.00,聯誼交際費用,金錢,桃園市大溪區****,,
114,劉茂羣,107年直轄市議員選舉,首次申報,1071116,公共關係費用支出,金興蘭園,H20*******,0.00,10500.00,聯誼交際費用,金錢,桃園市大溪區****,,
115,劉茂羣,107年直轄市議員選舉,首次申報,1071117,公共關係費用支出,金興蘭園,H20*******,0.00,10500.00,聯誼交際費用,金錢,桃園市大溪區****,,
116,劉茂羣,107年直轄市議員選舉,首次申報,1071117,公共關係費用支出,金興蘭園,H20*******,0.00,10500.00,聯誼交際費用,金錢,桃園市大溪區****,,
117,劉茂羣,107年直轄市議員選舉,首次申報,1071117,公共關係費用支出,金興蘭園,H20*******,0.00,10500.00,聯誼交際費用,金錢,桃園市大溪區****,,
118,劉茂羣,107年直轄市議員選舉,首次申報,1071118,雜支支出,均益飲食店,94940441,0.00,6400.00,餐飲費用,金錢,桃園市八德區****,,
119,劉茂羣,107年直轄市議員選舉,首次申報,1071118,公共關係費用支出,金興蘭園,H20*******,0.00,10500.00,聯誼交際費用,金錢,桃園市大溪區****,,
120,劉茂羣,107年直轄市議員選舉,首次申報,1071118,公共關係費用支出,金興蘭園,H20*******,0.00,10500.00,聯誼交際費用,金錢,桃園市大溪區****,,
121,劉茂羣,107年直轄市議員選舉,首次申報,1071119,雜支支出,佑專火鍋店,14666054,0.00,970.00,餐飲費用,金錢,,,
122,劉茂羣,107年直轄市議員選舉,首次申報,1071119,宣傳支出,永猷股份有限公司,22244310,0.00,66150.00,製作競選物品支出（物品名稱-口罩）,金錢,新北市鶯歌區****,,
123,劉茂羣,107年直轄市議員選舉,首次申報,1071119,雜支支出,迷克夏,50616522,0.00,356.00,餐飲費用,金錢,,,
124,劉茂羣,107年直轄市議員選舉,首次申報,1071119,雜支支出,McDonalds,89402317,0.00,85.00,餐飲費用,金錢,,,
125,劉茂羣,107年直轄市議員選舉,首次申報,1071119,雜支支出,均益飲食店,94940441,0.00,6400.00,餐飲費用,金錢,桃園市八德區****,,
126,劉茂羣,107年直轄市議員選舉,首次申報,1071120,雜支支出,大饌便當店,50552267,0.00,9600.00,餐飲費用,金錢,桃園市八德區****,,
127,劉茂羣,107年直轄市議員選舉,首次申報,1071120,雜支支出,均益飲食店,94940441,0.00,9600.00,餐飲費用,金錢,桃園市八德區****,,
128,劉茂羣,107年直轄市議員選舉,首次申報,1071121,集會支出,天王樂器行,17681851,0.00,6000.00,租用設備支出,金錢,,,
129,劉茂羣,107年直轄市議員選舉,首次申報,1071121,公共關係費用支出,全麥蛋糕店,36451773,0.00,800.00,聯誼交際費用,金錢,,,
130,劉茂羣,107年直轄市議員選舉,首次申報,1071121,雜支支出,大饌便當店,50552267,0.00,9600.00,餐飲費用,金錢,桃園市八德區****,,
131,劉茂羣,107年直轄市議員選舉,首次申報,1071121,雜支支出,均益飲食店,94940441,0.00,9600.00,餐飲費用,金錢,桃園市八德區****,,
132,劉茂羣,107年直轄市議員選舉,首次申報,1071122,雜支支出,雲林控肉大王,78818773,0.00,9600.00,餐飲費用,金錢,線八德市介壽****,,
133,劉茂羣,107年直轄市議員選舉,首次申報,1071122,雜支支出,均益飲食店,94940441,0.00,9600.00,餐飲費用,金錢,桃園市八德區****,,
134,劉茂羣,107年直轄市議員選舉,首次申報,1071123,交通旅運支出,台灣中油股份有限公司油品行銷事業部桃園營業處介壽路加,43032220,0.00,500.00,油資,金錢,,,
135,劉茂羣,107年直轄市議員選舉,首次申報,1071123,交通旅運支出,台灣中油股份有限公司油品行銷事業部桃園營業處介壽路加,43032220,0.00,173.00,油資,金錢,,,
136,劉茂羣,107年直轄市議員選舉,首次申報,1071123,雜支支出,大饌便當店,50552267,0.00,9600.00,餐飲費用,金錢,桃園市八德區****,,
137,劉茂羣,107年直轄市議員選舉,首次申報,1071123,宣傳支出,鈺宏食品有限公司,53412987,0.00,43890.00,製作競選物品支出（物品名稱-吐司）,金錢,新北市樹林區****,,
138,劉茂羣,107年直轄市議員選舉,首次申報,1071123,雜支支出,均益飲食店,94940441,0.00,9600.00,餐飲費用,金錢,桃園市八德區****,,
139,劉茂羣,107年直轄市議員選舉,首次申報,1071124,交通旅運支出,日隆加油站,23079470,0.00,647.00,油資,金錢,,,
140,劉茂羣,107年直轄市議員選舉,首次申報,1071124,雜支支出,雲林控肉大王,78818773,0.00,9600.00,餐飲費用,金錢,桃園縣八德市****,,
141,劉茂羣,107年直轄市議員選舉,首次申報,1071124,雜支支出,均益飲食店,94940441,0.00,9600.00,餐飲費用,金錢,桃園市八德區****,,
142,劉茂羣,107年直轄市議員選舉,首次申報,1071126,宣傳支出,中華郵政八德大湳郵局,,0.00,44.00,郵寄競選物品或宣傳廣告支出,金錢,桃園市八德區****,,
143,劉茂羣,107年直轄市議員選舉,首次申報,1071126,人事費用支出,張碩芬,A22*******,0.00,100000.00,工資或薪津,金錢,桃園市八德區****,,
144,劉茂羣,107年直轄市議員選舉,首次申報,1071126,人事費用支出,劉念生,H12*******,0.00,50000.00,工資或薪津,金錢,桃園市蘆竹區****,,
145,劉茂羣,107年直轄市議員選舉,首次申報,1071126,人事費用支出,張寶玉,H20*******,0.00,30000.00,工資或薪津,金錢,桃園市八德區****,,
146,劉茂羣,107年直轄市議員選舉,首次申報,1071126,人事費用支出,王雨薇,H22*******,0.00,50000.00,工資或薪津,金錢,台中市沙鹿區****,,
147,劉茂羣,107年直轄市議員選舉,首次申報,1071126,人事費用支出,林寶鸞,H22*******,0.00,15000.00,工資或薪津,金錢,桃園市八德區****,,
148,劉茂羣,107年直轄市議員選舉,首次申報,1071126,人事費用支出,徐菊芳,K22*******,0.00,50000.00,工資或薪津,金錢,桃園市八德區****,,
149,劉茂羣,107年直轄市議員選舉,首次申報,1071126,人事費用支出,李金騰,S10*******,0.00,70000.00,工資或薪津,金錢,桃園市桃園區****,,
150,劉茂羣,107年直轄市議員選舉,首次申報,1071126,人事費用支出,官慧瑩,U20*******,0.00,30000.00,工資或薪津,金錢,桃園市八德區****,,
151,劉茂羣,107年直轄市議員選舉,首次申報,1071129,宣傳支出,中華郵政八德大湳郵局,,0.00,44.00,郵寄競選物品或宣傳廣告支出,金錢,桃園市八德區****,,
152,劉茂羣,107年直轄市議員選舉,首次申報,1071129,宣傳支出,中華郵政八德大湳郵局,,0.00,2190.00,郵寄競選物品或宣傳廣告支出,金錢,桃園市八德區****,,
153,劉茂羣,107年直轄市議員選舉,首次申報,1071129,宣傳支出,中華郵政八德大湳郵局,,0.00,2592.00,郵寄競選物品或宣傳廣告支出,金錢,桃園市八德區****,,
154,劉茂羣,107年直轄市議員選舉,首次申報,1071129,雜支支出,迷克夏,50616522,0.00,455.00,餐飲費用,金錢,,,
155,劉茂羣,107年直轄市議員選舉,首次申報,1071130,宣傳支出,中華郵政八德大湳郵局,,0.00,36.00,郵寄競選物品或宣傳廣告支出,金錢,桃園市八德區****,,
156,劉茂羣,107年直轄市議員選舉,首次申報,1071130,宣傳支出,全美廣告社,43863961,0.00,150000.00,製作宣傳廣告支出,金錢,桃園市八德區****,,
