﻿序號,擬參選人／政黨,選舉名稱,申報序號／年度,交易日期,收支科目,捐贈者／支出對象,身分證／統一編號,收入金額,支出金額,支出用途,金錢類,地址,聯絡電話,資料更正日期
1,張睿倉,109年立法委員選舉,首次申報,1081003,匿名捐贈,匿名,,1000.00,0.00,,金錢,,,
2,張睿倉,109年立法委員選舉,首次申報,1081008,營利事業捐贈收入,好婆婆企業有限公司,42760782,100000.00,0.00,,金錢,彰化縣彰化市****,0472*****,
3,張睿倉,109年立法委員選舉,首次申報,1081009,匿名捐贈,匿名,,1000.00,0.00,,金錢,,,
4,張睿倉,109年立法委員選舉,首次申報,1081009,個人捐贈收入,廖一上,B12*******,10000.00,0.00,,金錢,臺中市北屯區****,0973*****,
5,張睿倉,109年立法委員選舉,首次申報,1081009,個人捐贈收入,詹正合,Y12*******,1688.00,0.00,,金錢,新北市泰山區****,0906*****,
6,張睿倉,109年立法委員選舉,首次申報,1081014,匿名捐贈,鄭宜樺,,1000.00,0.00,,金錢,,,
7,張睿倉,109年立法委員選舉,首次申報,1081020,匿名捐贈,匿名,,1000.00,0.00,,金錢,,,
8,張睿倉,109年立法委員選舉,首次申報,1081023,匿名捐贈,匿名,,1000.00,0.00,,金錢,,,
9,張睿倉,109年立法委員選舉,首次申報,1081023,匿名捐贈,匿名,,600.00,0.00,,金錢,,,
10,張睿倉,109年立法委員選舉,首次申報,1081023,個人捐贈收入,顏葆仁,A22*******,5000.00,0.00,,金錢,臺北市中山區****,0935*****,
11,張睿倉,109年立法委員選舉,首次申報,1081029,個人捐贈收入,劉昀庭,A22*******,3000.00,0.00,,金錢,新北市中和區****,0987*****,
12,張睿倉,109年立法委員選舉,首次申報,1081030,營利事業捐贈收入,嘉太電氣工程有限公司,89921556,50000.00,0.00,,金錢,臺中市大雅區****,0425*****,
13,張睿倉,109年立法委員選舉,首次申報,1081101,個人捐贈收入,曾意清,P22*******,2000.00,0.00,,金錢,新竹市北區湳****,0939*****,
14,張睿倉,109年立法委員選舉,首次申報,1081102,匿名捐贈,匿名,,666.00,0.00,,金錢,,,
15,張睿倉,109年立法委員選舉,首次申報,1081105,營利事業捐贈收入,合勝企業有限公司,45883323,66000.00,0.00,,金錢,臺中市南屯區****,,
16,張睿倉,109年立法委員選舉,首次申報,1081108,政黨捐贈收入,台灣民眾黨,政黨證字第350號,499970.00,0.00,,金錢,臺北市大安區****,(02)*****,
17,張睿倉,109年立法委員選舉,首次申報,1081115,個人捐贈收入,翁火墉,Q10*******,100000.00,0.00,,金錢,臺中市神岡區****,,
18,張睿倉,109年立法委員選舉,首次申報,1081119,匿名捐贈,邱瓊慧,,500.00,0.00,,金錢,,,
19,張睿倉,109年立法委員選舉,首次申報,1081121,個人捐贈收入,張士能,,10000.00,0.00,,金錢,臺中市大雅區****,,
20,張睿倉,109年立法委員選舉,首次申報,1081122,匿名捐贈,匿名,,500.00,0.00,,金錢,,,
21,張睿倉,109年立法委員選舉,首次申報,1081124,匿名捐贈,匿名,,3000.00,0.00,,金錢,,,
22,張睿倉,109年立法委員選舉,首次申報,1081126,匿名捐贈,匿名,,3000.00,0.00,,金錢,,,
23,張睿倉,109年立法委員選舉,首次申報,1081127,個人捐贈收入,呂淑貞,,5000.00,0.00,,金錢,,0937*****,
24,張睿倉,109年立法委員選舉,首次申報,1081129,匿名捐贈,匿名,,8000.00,0.00,,金錢,,,
25,張睿倉,109年立法委員選舉,首次申報,1081209,匿名捐贈,匿名,,1000.00,0.00,,金錢,,,
26,張睿倉,109年立法委員選舉,首次申報,1081210,個人捐贈收入,李銘文,,16800.00,0.00,,金錢,,0916*****,
27,張睿倉,109年立法委員選舉,首次申報,1081219,個人捐贈收入,鄭清祥,,20000.00,0.00,,金錢,,0921*****,
28,張睿倉,109年立法委員選舉,首次申報,1081219,匿名捐贈,匿名,,3000.00,0.00,,金錢,,,
29,張睿倉,109年立法委員選舉,首次申報,1081219,營利事業捐贈收入,文山工業社,55865817,20000.00,0.00,,金錢,,0425*****,
30,張睿倉,109年立法委員選舉,首次申報,1081221,其他收入,利息收入,,96.00,0.00,,金錢,,,
31,張睿倉,109年立法委員選舉,首次申報,1081222,個人捐贈收入,王宗葆,,10000.00,0.00,,金錢,,0958*****,
32,張睿倉,109年立法委員選舉,首次申報,1081223,匿名捐贈,匿名,,1000.00,0.00,,金錢,,,
33,張睿倉,109年立法委員選舉,首次申報,1081225,營利事業捐贈收入,三發製網股份有限公司,55978642,30000.00,0.00,,金錢,,0425*****,
34,張睿倉,109年立法委員選舉,首次申報,1090102,個人捐贈收入,王柏堯,L12*******,80000.00,0.00,,金錢,臺中市神岡區****,0921*****,
35,張睿倉,109年立法委員選舉,首次申報,1090103,匿名捐贈,匿名,,2000.00,0.00,,金錢,,,
36,張睿倉,109年立法委員選舉,首次申報,1090105,個人捐贈收入,鄭淩驊,L12*******,20000.00,0.00,,金錢,臺中市北屯區****,0931*****,
37,張睿倉,109年立法委員選舉,首次申報,1090108,個人捐贈收入,曾榮德,,5000.00,0.00,,金錢,,0933*****,
38,張睿倉,109年立法委員選舉,首次申報,1090108,個人捐贈收入,江雨涵,L22*******,3000.00,0.00,,金錢,臺中市豐原區****,0982*****,
39,張睿倉,109年立法委員選舉,首次申報,1090110,個人捐贈收入,林惠誼,,1200.00,0.00,,金錢,,0936*****,
