﻿序號,擬參選人／政黨,選舉名稱,申報序號／年度,交易日期,收支科目,捐贈者／支出對象,身分證／統一編號,收入金額,支出金額,支出用途,金錢類,地址,聯絡電話,資料更正日期
1,蘇盈貴,107年直轄市市長選舉,首次申報,1070911,個人捐贈收入,陳瓊如,,10000.00,0.00,,金錢,,0937*****,
2,蘇盈貴,107年直轄市市長選舉,首次申報,1070911,個人捐贈收入,黃德秀,,6000.00,0.00,,金錢,,0922*****,
3,蘇盈貴,107年直轄市市長選舉,首次申報,1070919,個人捐贈收入,鍾維修,,2000.00,0.00,,金錢,新竹市關東路****,0910*****,
4,蘇盈貴,107年直轄市市長選舉,首次申報,1071003,個人捐贈收入,李詠晴,,10000.00,0.00,,金錢,,0928*****,
5,蘇盈貴,107年直轄市市長選舉,首次申報,1071008,個人捐贈收入,王雅琴,D22*******,100000.00,0.00,,金錢,高雄市鼓山區****,07-5*****,
6,蘇盈貴,107年直轄市市長選舉,首次申報,1071010,個人捐贈收入,鄒麗娟,,2000.00,0.00,,金錢,,0939*****,
7,蘇盈貴,107年直轄市市長選舉,首次申報,1071016,個人捐贈收入,翁萃芝,S22*******,10000.00,0.00,,金錢,高雄市三民區****,0935*****,
8,蘇盈貴,107年直轄市市長選舉,首次申報,1071017,個人捐贈收入,李淑靜,,2000.00,0.00,,金錢,,07-2*****,
9,蘇盈貴,107年直轄市市長選舉,首次申報,1071022,個人捐贈收入,陳明財,,10000.00,0.00,,金錢,,0932*****,
10,蘇盈貴,107年直轄市市長選舉,首次申報,1071022,個人捐贈收入,陳素鳳,,10000.00,0.00,,金錢,,0932*****,
11,蘇盈貴,107年直轄市市長選舉,首次申報,1071022,個人捐贈收入,劉森榮,,2000.00,0.00,,金錢,,0910*****,
12,蘇盈貴,107年直轄市市長選舉,首次申報,1071022,營利事業捐贈收入,高輝營造工程股份有限公司,83721594,100000.00,0.00,,金錢,高雄市前金區****,,
13,蘇盈貴,107年直轄市市長選舉,首次申報,1071023,營利事業捐贈收入,英發國際股份有限公司,89750477,70000.00,0.00,,非金錢,高雄市鼓山區****,,
14,蘇盈貴,107年直轄市市長選舉,首次申報,1071024,個人捐贈收入,陳重義,,20000.00,0.00,,金錢,,07-7*****,
15,蘇盈貴,107年直轄市市長選舉,首次申報,1071024,個人捐贈收入,陳怡蘋,,10000.00,0.00,,金錢,,0956*****,
16,蘇盈貴,107年直轄市市長選舉,首次申報,1071024,個人捐贈收入,陳威宏,,10000.00,0.00,,金錢,,0918*****,
17,蘇盈貴,107年直轄市市長選舉,首次申報,1071024,個人捐贈收入,柯賢界,E10*******,100000.00,0.00,,金錢,高雄市前金區****,07-2*****,
18,蘇盈貴,107年直轄市市長選舉,首次申報,1071025,個人捐贈收入,吳玉心,,6000.00,0.00,,金錢,,07-2*****,
19,蘇盈貴,107年直轄市市長選舉,首次申報,1071025,個人捐贈收入,顏福松,P12*******,50000.00,0.00,,金錢,高雄市前金區****,07-2*****,
20,蘇盈貴,107年直轄市市長選舉,首次申報,1071026,個人捐贈收入,呂正輝,,2000.00,0.00,,金錢,,0929*****,
21,蘇盈貴,107年直轄市市長選舉,首次申報,1071026,個人捐贈收入,陳峯雄,,3000.00,0.00,,金錢,,07-3*****,
22,蘇盈貴,107年直轄市市長選舉,首次申報,1071026,個人捐贈收入,華恒治,,10000.00,0.00,,金錢,,0972*****,
23,蘇盈貴,107年直轄市市長選舉,首次申報,1071027,個人捐贈收入,蔡錦章,,5000.00,0.00,,金錢,高雄市前金區****,0933*****,
24,蘇盈貴,107年直轄市市長選舉,首次申報,1071027,營利事業捐贈收入,正宇營造股份有限公司,76365943,5000.00,0.00,,金錢,高雄市苓雅區****,0928*****,
25,蘇盈貴,107年直轄市市長選舉,首次申報,1071027,個人捐贈收入,黃合堂,E10*******,6000.00,0.00,,金錢,高雄市三民區****,07-3*****,
26,蘇盈貴,107年直轄市市長選舉,首次申報,1071027,個人捐贈收入,翁忠志,E12*******,20000.00,0.00,,金錢,高雄市苓雅區****,0911*****,
27,蘇盈貴,107年直轄市市長選舉,首次申報,1071027,個人捐贈收入,莊純玲,E20*******,20000.00,0.00,,金錢,,0910*****,
28,蘇盈貴,107年直轄市市長選舉,首次申報,1071027,個人捐贈收入,陳玉胤,E22*******,10000.00,0.00,,金錢,高雄市苓雅區****,0988*****,
29,蘇盈貴,107年直轄市市長選舉,首次申報,1071027,個人捐贈收入,張毓鑫,E22*******,6600.00,0.00,,金錢,高雄市鳳山區****,07-7*****,
30,蘇盈貴,107年直轄市市長選舉,首次申報,1071027,個人捐贈收入,林俊卿,G10*******,6000.00,0.00,,金錢,高雄市苓雅區****,07-7*****,
31,蘇盈貴,107年直轄市市長選舉,首次申報,1071027,個人捐贈收入,商鳳英,S22*******,1000.00,0.00,,金錢,高雄市小港區****,0911*****,
32,蘇盈貴,107年直轄市市長選舉,首次申報,1071027,個人捐贈收入,曾義盛,V12*******,60000.00,0.00,,金錢,高雄市鳳山區****,0935*****,
33,蘇盈貴,107年直轄市市長選舉,首次申報,1071030,個人捐贈收入,楊世弘,,5000.00,0.00,,金錢,,0929*****,
34,蘇盈貴,107年直轄市市長選舉,首次申報,1071030,個人捐贈收入,王靖雲,,20000.00,0.00,,金錢,,0928*****,
35,蘇盈貴,107年直轄市市長選舉,首次申報,1071030,個人捐贈收入,顏邑璇,,2000.00,0.00,,金錢,,0972*****,
36,蘇盈貴,107年直轄市市長選舉,首次申報,1071101,個人捐贈收入,陳碧玉,,2000.00,0.00,,金錢,,0956*****,
37,蘇盈貴,107年直轄市市長選舉,首次申報,1071105,個人捐贈收入,顏彰賢,R12*******,48000.00,0.00,,非金錢,南投縣竹山鎮****,0932*****,
38,蘇盈貴,107年直轄市市長選舉,首次申報,1071107,個人捐贈收入,陳麗香,,5000.00,0.00,,金錢,,0952*****,
39,蘇盈貴,107年直轄市市長選舉,首次申報,1071108,個人捐贈收入,姜東海,,8000.00,0.00,,金錢,,0937*****,
40,蘇盈貴,107年直轄市市長選舉,首次申報,1071112,個人捐贈收入,張世林,,10000.00,0.00,,金錢,,07-7*****,
41,蘇盈貴,107年直轄市市長選舉,首次申報,1071112,個人捐贈收入,莊崑山,,10000.00,0.00,,金錢,,0931*****,
42,蘇盈貴,107年直轄市市長選舉,首次申報,1071112,個人捐贈收入,林上鈞,A12*******,30000.00,0.00,,金錢,臺北市松山區****,,
43,蘇盈貴,107年直轄市市長選舉,首次申報,1071113,個人捐贈收入,劉文得,,2000.00,0.00,,金錢,,0933*****,
44,蘇盈貴,107年直轄市市長選舉,首次申報,1071115,個人捐贈收入,王立人,,6000.00,0.00,,金錢,,07-3*****,
45,蘇盈貴,107年直轄市市長選舉,首次申報,1071121,個人捐贈收入,林明源,,6600.00,0.00,,金錢,,0912*****,
46,蘇盈貴,107年直轄市市長選舉,首次申報,1071121,個人捐贈收入,陳秀文,,30000.00,0.00,,金錢,,0922*****,
47,蘇盈貴,107年直轄市市長選舉,首次申報,1071121,個人捐贈收入,郭圀成,V10*******,100000.00,0.00,,金錢,臺中市豐原區****,,
48,蘇盈貴,107年直轄市市長選舉,首次申報,1071121,個人捐贈收入,王淑雯,V22*******,100000.00,0.00,,金錢,臺中市豐原區****,,
49,蘇盈貴,107年直轄市市長選舉,首次申報,1071123,個人捐贈收入,黃玉得,,20000.00,0.00,,金錢,高雄市三民區****,0916*****,
