﻿序號,擬參選人／政黨,選舉名稱,申報序號／年度,交易日期,收支科目,捐贈者／支出對象,身分證／統一編號,收入金額,支出金額,捐贈方式,存入專戶日期,返還/繳庫,支出用途,金錢類,地址,聯絡電話,應揭露之支出對象,支出對象之內部人員姓名,支出對象之內部人員職稱,政黨之內部人員姓名,政黨之內部人員職稱,關係,更正註記,資料更正日期
1,楊大鋐,111年臺中市議員選舉,首次申報,1110503,宣傳支出,科嵐專業影印企業社,,0.00,440.00,,,,其他與選舉宣傳有關之費用-文宣護貝,金錢,臺中市西屯區****,,否,,,,,,,
2,楊大鋐,111年臺中市議員選舉,首次申報,1110503,公共關係費用支出,滿天星花坊,,0.00,4500.00,,,,文康活動費用-康乃馨,金錢,臺中市豐原區****,,否,,,,,,,
3,楊大鋐,111年臺中市議員選舉,首次申報,1110503,公共關係費用支出,大大鮮花店,52820401,0.00,800.00,,,,聯誼交際費用,金錢,臺中市西屯區****,,否,,,,,,,
4,楊大鋐,111年臺中市議員選舉,首次申報,1110504,雜支支出,展榮食品行,17305863,0.00,5750.00,,,,餐飲費用-瓶水,金錢,彰化縣彰化市****,,否,,,,,,,
5,楊大鋐,111年臺中市議員選舉,首次申報,1110504,雜支支出,九乘九文具,90663943,0.00,2346.00,,,,文具用品費用-筆、標籤紙,金錢,臺中市西屯區****,,否,,,,,,,
6,楊大鋐,111年臺中市議員選舉,首次申報,1110505,宣傳支出,中華郵政股份有限公司,03741302,0.00,2538.00,,,,郵寄競選物品或宣傳廣告費用,金錢,臺北市大安區****,,否,,,,,,,
7,楊大鋐,111年臺中市議員選舉,首次申報,1110505,公共關係費用支出,芳蘭園花卉行,45487463,0.00,5000.00,,,,為民服務費用,金錢,臺中市大雅區****,,否,,,,,,,
8,楊大鋐,111年臺中市議員選舉,首次申報,1110505,人事費用支出,李淼星,F12*******,0.00,40000.00,,,,工資或薪津,金錢,臺中市南區西****,,否,,,,,,,
9,楊大鋐,111年臺中市議員選舉,首次申報,1110505,人事費用支出,林茂華,K12*******,0.00,3000.00,,,,工資或薪津,金錢,臺中市西屯區****,,否,,,,,,,
10,楊大鋐,111年臺中市議員選舉,首次申報,1110505,人事費用支出,林茂廣,M12*******,0.00,3000.00,,,,工資或薪津,金錢,臺中市西屯區****,,否,,,,,,,
11,楊大鋐,111年臺中市議員選舉,首次申報,1110505,人事費用支出,謝東海,N12*******,0.00,3000.00,,,,工資或薪津,金錢,臺中市西屯區****,,否,,,,,,,
12,楊大鋐,111年臺中市議員選舉,首次申報,1110505,人事費用支出,張永吉,P12*******,0.00,39000.00,,,,工資或薪津,金錢,臺中市西屯區****,,否,,,,,,,
13,楊大鋐,111年臺中市議員選舉,首次申報,1110506,宣傳支出,中華郵政股份有限公司,03741302,0.00,800.00,,,,郵寄競選物品或宣傳廣告費用,金錢,臺北市大安區****,,否,,,,,,,
14,楊大鋐,111年臺中市議員選舉,首次申報,1110506,雜支支出,台灣電力公司,03795904,0.00,2517.00,,,,水電瓦斯費用,金錢,臺北市中正區****,,否,,,,,,,
15,楊大鋐,111年臺中市議員選舉,首次申報,1110506,公共關係費用支出,85度C,87109246,0.00,380.00,,,,聯誼交際費用,金錢,臺中市西屯區****,,否,,,,,,,
16,楊大鋐,111年臺中市議員選舉,首次申報,1110509,雜支支出,德誼數位科技(股)有限公司,86516884,0.00,2690.00,,,,雜項購置或修繕費用-保護套,金錢,臺中市西屯區****,,否,,,,,,,
17,楊大鋐,111年臺中市議員選舉,首次申報,1110510,雜支支出,好市多股份有限公司,96972798,0.00,1493.00,,,,餐飲費用,金錢,高雄市前鎮區****,,否,,,,,,,
18,楊大鋐,111年臺中市議員選舉,首次申報,1110511,雜支支出,聯合報西屯辦事處,99125087,0.00,300.00,,,,書報雜誌費用-聯合報,金錢,臺中市西屯區****,,否,,,,,,,
19,楊大鋐,111年臺中市議員選舉,首次申報,1110512,雜支支出,弘安廣告設計社,05675046,0.00,1000.00,,,,雜項購置或修繕費用-紅布條,金錢,臺中市西屯區****,,否,,,,,,,
20,楊大鋐,111年臺中市議員選舉,首次申報,1110512,公共關係費用支出,芳蘭園花卉行,45487463,0.00,2000.00,,,,為民服務費用,金錢,臺中市大雅區****,,否,,,,,,,
21,楊大鋐,111年臺中市議員選舉,首次申報,1110515,雜支支出,稻家鄉便當,,0.00,6505.00,,,,餐飲費用,金錢,臺中市西屯區****,0987*****,否,,,,,,,
22,楊大鋐,111年臺中市議員選舉,首次申報,1110517,雜支支出,冠囿生活館有限公司,27495504,0.00,1039.00,,,,雜項購置或修繕費用-電池垃圾袋,金錢,臺中市西屯區****,,否,,,,,,,
23,楊大鋐,111年臺中市議員選舉,首次申報,1110519,宣傳支出,逢大照相館,05595228,0.00,1500.00,,,,其他與選舉宣傳有關之費用-A文宣護貝*,金錢,臺中市西屯區****,,否,,,,,,,
24,楊大鋐,111年臺中市議員選舉,首次申報,1110519,雜支支出,中華電信,52003801,0.00,196.00,,,,電信費用-溪西,金錢,臺中市西區市****,,否,,,,,,,
25,楊大鋐,111年臺中市議員選舉,首次申報,1110522,雜支支出,遠百企業股份有限公司台中水湳分公司,83636231,0.00,1993.00,,,,雜項購置或修繕費用,金錢,臺中市西屯區****,,否,,,,,,,
26,楊大鋐,111年臺中市議員選舉,首次申報,1110524,宣傳支出,逢大照相館,05595228,0.00,100.00,,,,其他與選舉宣傳有關之費用-A文宣護貝*,金錢,臺中市西屯區****,,否,,,,,,,
27,楊大鋐,111年臺中市議員選舉,首次申報,1110525,雜支支出,銘溫文具有限公司,53305136,0.00,218.00,,,,文具用品費用-小黑板,金錢,臺中市西區工****,,否,,,,,,,
28,楊大鋐,111年臺中市議員選舉,首次申報,1110530,公共關係費用支出,芳蘭園花卉行,45487463,0.00,5000.00,,,,為民服務費用,金錢,臺中市大雅區****,,否,,,,,,,
29,楊大鋐,111年臺中市議員選舉,首次申報,1110531,雜支支出,御香亭小吃店,82406324,0.00,5000.00,,,,餐飲費用便當,金錢,臺中市西屯區****,(04)*****,否,,,,,,,
30,楊大鋐,111年臺中市議員選舉,首次申報,1110601,公共關係費用支出,大大鮮花店,52820401,0.00,1500.00,,,,為民服務費用,金錢,臺中市西屯區****,,否,,,,,,,
31,楊大鋐,111年臺中市議員選舉,首次申報,1110601,人事費用支出,李淼星,F12*******,0.00,40000.00,,,,工資或薪津,金錢,臺中市南區西****,,否,,,,,,,
32,楊大鋐,111年臺中市議員選舉,首次申報,1110601,人事費用支出,林茂華,K12*******,0.00,3000.00,,,,工資或薪津,金錢,臺中市西屯區****,,否,,,,,,,
33,楊大鋐,111年臺中市議員選舉,首次申報,1110601,人事費用支出,林茂廣,M12*******,0.00,3000.00,,,,工資或薪津,金錢,臺中市西屯區****,,否,,,,,,,
34,楊大鋐,111年臺中市議員選舉,首次申報,1110601,人事費用支出,謝東海,N12*******,0.00,3000.00,,,,工資或薪津,金錢,臺中市西屯區****,,否,,,,,,,
35,楊大鋐,111年臺中市議員選舉,首次申報,1110601,人事費用支出,張永吉,P12*******,0.00,39000.00,,,,工資或薪津,金錢,臺中市西區中****,,否,,,,,,,
36,楊大鋐,111年臺中市議員選舉,首次申報,1110602,公共關係費用支出,芳蘭園花卉行,45487463,0.00,2500.00,,,,為民服務費用,金錢,臺中市大雅區****,,否,,,,,,,
37,楊大鋐,111年臺中市議員選舉,首次申報,1110608,宣傳支出,逢大照相館,05595228,0.00,100.00,,,,其他與選舉宣傳有關之費用-A文宣護貝,金錢,臺中市西屯區****,,否,,,,,,,
38,楊大鋐,111年臺中市議員選舉,首次申報,1110608,雜支支出,聯合報西屯辦事處,99125087,0.00,300.00,,,,書報雜誌費用,金錢,臺中市西屯區****,,否,,,,,,,
39,楊大鋐,111年臺中市議員選舉,首次申報,1110609,宣傳支出,展榮食品行,17305863,0.00,18000.00,,,,製作競選物品或宣傳廣告費用（瓶裝水）,金錢,彰化縣彰化市****,,否,,,,,,,
40,楊大鋐,111年臺中市議員選舉,首次申報,1110612,交通旅運支出,文華加油站,70695995,0.00,1583.00,,,,油資,金錢,臺中市西屯區****,,否,,,,,,,
41,楊大鋐,111年臺中市議員選舉,首次申報,1110613,宣傳支出,逢大照相館,05595228,0.00,100.00,,,,其他與選舉宣傳有關之費用-A文宣護貝,金錢,臺中市西屯區****,,否,,,,,,,
42,楊大鋐,111年臺中市議員選舉,首次申報,1110613,雜支支出,宜定旺生活百貨有限公司,25371605,0.00,307.00,,,,雜項購置或修繕費用-清潔劑,金錢,臺中市龍井區****,,否,,,,,,,
43,楊大鋐,111年臺中市議員選舉,首次申報,1110613,雜支支出,言瑞實業有限公司,89898859,0.00,425.00,,,,文具用品費用-A紙,金錢,臺中市西屯區****,,否,,,,,,,
44,楊大鋐,111年臺中市議員選舉,首次申報,1110614,宣傳支出,逢大照相館,05595228,0.00,100.00,,,,其他與選舉宣傳有關之費用-A文宣護貝,金錢,臺中市西屯區****,,否,,,,,,,
45,楊大鋐,111年臺中市議員選舉,首次申報,1110614,雜支支出,85度C,87109246,0.00,826.00,,,,餐飲費用,金錢,臺中市西屯區****,,否,,,,,,,
46,楊大鋐,111年臺中市議員選舉,首次申報,1110614,租用競選辦事處支出,言瑞實業有限公司,89898859,0.00,1083.00,,,,租買辦公設備費用-影印機費用,金錢,臺中市西屯區****,,否,,,,,,,
47,楊大鋐,111年臺中市議員選舉,首次申報,1110615,交通旅運支出,普客二四股份有限公司,72573836,0.00,45.00,,,,停車費,金錢,臺北市中山區****,,否,,,,,,,
48,楊大鋐,111年臺中市議員選舉,首次申報,1110616,雜支支出,中華電信,52003801,0.00,213.00,,,,電信費用-西溪,金錢,臺中市西區市****,,否,,,,,,,
49,楊大鋐,111年臺中市議員選舉,首次申報,1110621,公共關係費用支出,傳家寶教育贈品社,14597418,0.00,4800.00,,,,文康活動費用,金錢,臺中市北屯區****,,否,,,,,,,
50,楊大鋐,111年臺中市議員選舉,首次申報,1110621,雜支支出,泉壘達商行,25265604,0.00,300.00,,,,餐飲費用-桶水,金錢,臺中市西屯區****,,否,,,,,,,
51,楊大鋐,111年臺中市議員選舉,首次申報,1110627,公共關係費用支出,大大鮮花店,52820401,0.00,1100.00,,,,聯誼交際費用-花籃,金錢,臺中市西屯區****,,否,,,,,,,
52,楊大鋐,111年臺中市議員選舉,首次申報,1110628,雜支支出,台灣電力公司,03795904,0.00,3353.00,,,,水電瓦斯費用,金錢,臺北市中正區****,,否,,,,,,,
53,楊大鋐,111年臺中市議員選舉,首次申報,1110630,雜支支出,周千福小吃,,0.00,9790.00,,,,餐飲費用,金錢,臺中市北屯區****,,否,,,,,,,
54,楊大鋐,111年臺中市議員選舉,首次申報,1110701,人事費用支出,李淼星,F12*******,0.00,40000.00,,,,工資或薪津,金錢,臺中市南區西****,,否,,,,,,,
55,楊大鋐,111年臺中市議員選舉,首次申報,1110701,人事費用支出,林茂華,K12*******,0.00,3000.00,,,,工資或薪津,金錢,臺中市西屯區****,,否,,,,,,,
56,楊大鋐,111年臺中市議員選舉,首次申報,1110701,人事費用支出,林茂廣,M12*******,0.00,3000.00,,,,工資或薪津,金錢,臺中市西屯區****,,否,,,,,,,
57,楊大鋐,111年臺中市議員選舉,首次申報,1110701,人事費用支出,謝東海,N12*******,0.00,3000.00,,,,工資或薪津,金錢,臺中市西屯區****,,否,,,,,,,
58,楊大鋐,111年臺中市議員選舉,首次申報,1110701,人事費用支出,張永吉,P12*******,0.00,39000.00,,,,工資或薪津,金錢,臺中市西區中****,,否,,,,,,,
59,楊大鋐,111年臺中市議員選舉,首次申報,1110709,雜支支出,好市多股份有限公司北台中分公司,83794478,0.00,2446.00,,,,雜項購置或修繕費用,金錢,臺中市北屯區****,,否,,,,,,,
60,楊大鋐,111年臺中市議員選舉,首次申報,1110710,租用競選辦事處支出,古寬禮,J12*******,0.00,60000.00,,,,租用競選辦事處費用,金錢,臺中市西屯區****,,否,,,,,,,
61,楊大鋐,111年臺中市議員選舉,首次申報,1110711,宣傳支出,健豪印刷事業股份有限公司,16332027,0.00,160000.00,,,,製作競選物品或宣傳廣告費用（文宣印刷）,金錢,臺中市西區大****,,否,,,,,,,
62,楊大鋐,111年臺中市議員選舉,首次申報,1110711,公共關係費用支出,大大鮮花店,52820401,0.00,400.00,,,,為民服務費用,金錢,臺中市西屯區****,,否,,,,,,,
63,楊大鋐,111年臺中市議員選舉,首次申報,1110714,租用競選辦事處支出,大鵬芳鄰,,0.00,3600.00,,,,租用競選辦事處費用,金錢,臺中市西屯區****,,否,,,,,,,
64,楊大鋐,111年臺中市議員選舉,首次申報,1110714,公共關係費用支出,久舜雕刻禮品社,17560738,0.00,1500.00,,,,聯誼交際費用,金錢,臺中市西屯區****,04-2*****,否,,,,,,,
65,楊大鋐,111年臺中市議員選舉,首次申報,1110718,租用宣傳車輛支出,國泰世紀產物保險股份有限公司,84445772,0.00,1456.00,,,,其他與租用宣傳車輛有關之費用,金錢,臺北市大安區****,,否,,,,,,,
66,楊大鋐,111年臺中市議員選舉,首次申報,1110718,雜支支出,85度C,87109246,0.00,460.00,,,,餐飲費用,金錢,臺中市西屯區****,,否,,,,,,,
67,楊大鋐,111年臺中市議員選舉,首次申報,1110718,雜支支出,聯合報西屯辦事處,99125087,0.00,300.00,,,,書報雜誌費用,金錢,臺中市西屯區****,,否,,,,,,,
68,楊大鋐,111年臺中市議員選舉,首次申報,1110720,雜支支出,全聯福利中心,24806287,0.00,400.00,,,,餐飲費用,金錢,臺中市西屯區****,04-2*****,否,,,,,,,
69,楊大鋐,111年臺中市議員選舉,首次申報,1110725,宣傳支出,力達廣告社,19420312,0.00,24120.00,,,,播放、傳送或刊登宣傳廣告費用,金錢,臺中市北屯區****,,否,,,,,,,
70,楊大鋐,111年臺中市議員選舉,首次申報,1110725,雜支支出,全聯福利中心,24806287,0.00,1925.00,,,,餐飲費用,金錢,臺中市西屯區****,04-2*****,否,,,,,,,
71,楊大鋐,111年臺中市議員選舉,首次申報,1110725,雜支支出,華昌水果商行,40227600,0.00,636.00,,,,餐飲費用,金錢,臺中市西屯區****,,否,,,,,,,
72,楊大鋐,111年臺中市議員選舉,首次申報,1110725,雜支支出,劉香春金香行,45726838,0.00,690.00,,,,雜項購置或修繕費用,金錢,臺中市西屯區****,,否,,,,,,,
73,楊大鋐,111年臺中市議員選舉,首次申報,1110725,雜支支出,中華電信,52003801,0.00,143.00,,,,電信費用,金錢,臺中市西區市****,,否,,,,,,,
74,楊大鋐,111年臺中市議員選舉,首次申報,1110725,交通旅運支出,台灣中油,77209822,0.00,1572.00,,,,油資,金錢,臺中市西屯區****,,否,,,,,,,
75,楊大鋐,111年臺中市議員選舉,首次申報,1110726,雜支支出,四平烤肉便當,09249093,0.00,1930.00,,,,餐飲費用,金錢,臺中市北屯區****,,否,,,,,,,
76,楊大鋐,111年臺中市議員選舉,首次申報,1110726,公共關係費用支出,全聯福利中心,24806287,0.00,336.00,,,,聯誼交際費用,金錢,臺中市西屯區****,04-2*****,否,,,,,,,
77,楊大鋐,111年臺中市議員選舉,首次申報,1110726,雜支支出,言瑞實業有限公司,89898859,0.00,1625.00,,,,文具用品費用,金錢,臺中市西屯區****,,否,,,,,,,
78,楊大鋐,111年臺中市議員選舉,首次申報,1110726,租用競選辦事處支出,言瑞實業有限公司,89898859,0.00,9971.00,,,,租買辦公設備費用,金錢,臺中市西屯區****,,否,,,,,,,
79,楊大鋐,111年臺中市議員選舉,首次申報,1110726,雜支支出,九乘九文具,90663943,0.00,809.00,,,,文具用品費用,金錢,臺中市西屯區****,,否,,,,,,,
80,楊大鋐,111年臺中市議員選舉,首次申報,1110727,公共關係費用支出,龍二日本料理食堂,40702695,0.00,7780.00,,,,聯誼交際費用,金錢,臺中市西屯區****,04-2*****,否,,,,,,,
81,楊大鋐,111年臺中市議員選舉,首次申報,1110727,公共關係費用支出,芳蘭園花卉行,45487463,0.00,3000.00,,,,聯誼交際費用,金錢,臺中市大雅區****,,否,,,,,,,
82,楊大鋐,111年臺中市議員選舉,首次申報,1110727,雜支支出,台灣自來水股份有限公司,52242444,0.00,151.00,,,,水電瓦斯費用,金錢,臺中市北區雙****,,否,,,,,,,
83,楊大鋐,111年臺中市議員選舉,首次申報,1110729,雜支支出,福星休閒釣蝦場,72351460,0.00,8000.00,,,,餐飲費用,金錢,臺中市西屯區****,04-2*****,否,,,,,,,
84,楊大鋐,111年臺中市議員選舉,首次申報,1110801,公共關係費用支出,凱倫實業社,05689294,0.00,5600.00,,,,為民服務費用,金錢,臺中市西屯區****,04-2*****,否,,,,,,,
85,楊大鋐,111年臺中市議員選舉,首次申報,1110801,公共關係費用支出,沙卡燒酒雞餐館,14803938,0.00,9470.00,,,,聯誼交際費用,金錢,臺中市大雅區****,04-2*****,否,,,,,,,
86,楊大鋐,111年臺中市議員選舉,首次申報,1110801,宣傳支出,弘晟企業有限公司,53820323,0.00,27000.00,,,,製作競選物品或宣傳廣告費用（小旗）,金錢,臺中市西屯區****,,否,,,,,,,
87,楊大鋐,111年臺中市議員選舉,首次申報,1110801,雜支支出,饕饌餐飲商行,87183370,0.00,770.00,,,,餐飲費用,金錢,臺中市西屯區****,04-2*****,否,,,,,,,
88,楊大鋐,111年臺中市議員選舉,首次申報,1110801,交通旅運支出,台亞石油,98743809,0.00,1625.00,,,,油資,金錢,臺中市西屯區****,,否,,,,,,,
89,楊大鋐,111年臺中市議員選舉,首次申報,1110801,人事費用支出,李淼星,F12*******,0.00,40000.00,,,,工資或薪津,金錢,臺中市南區西****,,否,,,,,,,
90,楊大鋐,111年臺中市議員選舉,首次申報,1110801,人事費用支出,林茂華,K12*******,0.00,3000.00,,,,工資或薪津,金錢,臺中市西屯區****,,否,,,,,,,
91,楊大鋐,111年臺中市議員選舉,首次申報,1110801,人事費用支出,林茂廣,M12*******,0.00,3000.00,,,,工資或薪津,金錢,臺中市西屯區****,,否,,,,,,,
92,楊大鋐,111年臺中市議員選舉,首次申報,1110801,人事費用支出,謝東海,N12*******,0.00,3000.00,,,,工資或薪津,金錢,臺中市西屯區****,,否,,,,,,,
93,楊大鋐,111年臺中市議員選舉,首次申報,1110801,人事費用支出,張永吉,P12*******,0.00,39000.00,,,,工資或薪津,金錢,臺中市西區中****,,否,,,,,,,
94,楊大鋐,111年臺中市議員選舉,首次申報,1110802,雜支支出,冠鈺生活館有限公司,50814987,0.00,318.00,,,,餐飲費用,金錢,臺中市北屯區****,04-2*****,否,,,,,,,
95,楊大鋐,111年臺中市議員選舉,首次申報,1110802,雜支支出,福星休閒釣蝦場,72351460,0.00,10160.00,,,,餐飲費用,金錢,臺中市西屯區****,04-2*****,否,,,,,,,
96,楊大鋐,111年臺中市議員選舉,首次申報,1110802,租用競選辦事處支出,言瑞實業有限公司,89898859,0.00,1000.00,,,,租買辦公設備費用,金錢,臺中市西屯區****,,否,,,,,,,
97,楊大鋐,111年臺中市議員選舉,首次申報,1110802,公共關係費用支出,天嚐地酒有限公司,90892354,0.00,8000.00,,,,聯誼交際費用,金錢,臺中市西屯區****,,否,,,,,,,
98,楊大鋐,111年臺中市議員選舉,首次申報,1110804,宣傳支出,力達廣告社,,0.00,720.00,,,,播放、傳送或刊登宣傳廣告費用,金錢,臺中市北屯區****,,否,,,,,,,
99,楊大鋐,111年臺中市議員選舉,首次申報,1110804,宣傳支出,育華影印店,45224167,0.00,650.00,,,,製作競選物品或宣傳廣告費用（海報裝訂）,金錢,臺中市北區陝****,,否,,,,,,,
100,楊大鋐,111年臺中市議員選舉,首次申報,1110805,雜支支出,冠鈺生活館有限公司,50814987,0.00,820.00,,,,雜項購置或修繕費用,金錢,臺中市北屯區****,04-2*****,否,,,,,,,
101,楊大鋐,111年臺中市議員選舉,首次申報,1110805,交通旅運支出,台亞石油,98743809,0.00,916.00,,,,油資,金錢,臺中市西屯區****,,否,,,,,,,
102,楊大鋐,111年臺中市議員選舉,首次申報,1110806,雜支支出,南山人壽股份有限公司,11456006,0.00,30842.00,,,,雜項購置或修繕費用,金錢,臺北市信義區****,,否,,,,,,,
103,楊大鋐,111年臺中市議員選舉,首次申報,1110808,雜支支出,聯合報西屯辦事處,99125087,0.00,300.00,,,,書報雜誌費用,金錢,臺中市西屯區****,,否,,,,,,,
104,楊大鋐,111年臺中市議員選舉,首次申報,1110809,雜支支出,泉壘達商行,25265604,0.00,300.00,,,,餐飲費用,金錢,臺中市西屯區****,,否,,,,,,,
105,楊大鋐,111年臺中市議員選舉,首次申報,1110809,交通旅運支出,漢村股份有限公司,89795903,0.00,1529.00,,,,油資,金錢,臺中市西屯區****,,否,,,,,,,
106,楊大鋐,111年臺中市議員選舉,首次申報,1110810,雜支支出,惠中八號商行,88646624,0.00,600.00,,,,餐飲費用,金錢,臺中市西屯區****,,否,,,,,,,
107,楊大鋐,111年臺中市議員選舉,首次申報,1110811,雜支支出,全聯福利中心,24806287,0.00,1301.00,,,,餐飲費用,金錢,臺中市西屯區****,04-2*****,否,,,,,,,
108,楊大鋐,111年臺中市議員選舉,首次申報,1110811,雜支支出,劉香春金香行,45726838,0.00,100.00,,,,雜項購置或修繕費用,金錢,臺中市西屯區****,,否,,,,,,,
109,楊大鋐,111年臺中市議員選舉,首次申報,1110812,租用競選辦事處支出,乙吉電話企業有限公司,05426309,0.00,23700.00,,,,其他與租用競選辦事處有關之費用,金錢,臺中市北區進****,,否,,,,,,,
110,楊大鋐,111年臺中市議員選舉,首次申報,1110812,雜支支出,85度C,87109246,0.00,390.00,,,,餐飲費用,金錢,臺中市西屯區****,,否,,,,,,,
111,楊大鋐,111年臺中市議員選舉,首次申報,1110812,租用競選辦事處支出,古寬禮,J12*******,0.00,60000.00,,,,租用競選辦事處費用,金錢,臺中市西屯區****,,否,,,,,,,
112,楊大鋐,111年臺中市議員選舉,首次申報,1110813,雜支支出,中華郵政,03741302,0.00,88.00,,,,雜項購置或修繕費用,金錢,臺中市北屯區****,,否,,,,,,,
113,楊大鋐,111年臺中市議員選舉,首次申報,1110813,雜支支出,阿獅自助餐店,05482738,0.00,1080.00,,,,餐飲費用,金錢,臺中市西屯區****,,否,,,,,,,
114,楊大鋐,111年臺中市議員選舉,首次申報,1110813,雜支支出,打鐵豆花舖河南店,39752627,0.00,652.00,,,,餐飲費用,金錢,臺中市西屯區****,,否,,,,,,,
115,楊大鋐,111年臺中市議員選舉,首次申報,1110813,租用競選辦事處支出,大金餐飲設備企業社,45792111,0.00,1300.00,,,,租買辦公設備費用,金錢,臺中市西屯區****,,否,,,,,,,
116,楊大鋐,111年臺中市議員選舉,首次申報,1110813,雜支支出,冠鈺生活館有限公司,50814987,0.00,450.00,,,,雜項購置或修繕費用,金錢,臺中市北屯區****,04-2*****,否,,,,,,,
117,楊大鋐,111年臺中市議員選舉,首次申報,1110814,雜支支出,朝聖股份有限公司,27675920,0.00,420.00,,,,雜項購置或修繕費用,金錢,臺中市西屯區****,,否,,,,,,,
118,楊大鋐,111年臺中市議員選舉,首次申報,1110816,雜支支出,一潔洗衣店,,0.00,200.00,,,,雜項購置或修繕費用,金錢,臺中市西屯區****,,否,,,,,,,
119,楊大鋐,111年臺中市議員選舉,首次申報,1110816,公共關係費用支出,原味一品鮮小吃店,17185939,0.00,12000.00,,,,聯誼交際費用,金錢,臺中市西屯區****,,否,,,,,,,
120,楊大鋐,111年臺中市議員選舉,首次申報,1110816,雜支支出,大全洗衣名店,99652088,0.00,300.00,,,,雜項購置或修繕費用,金錢,臺中市西屯區****,,否,,,,,,,
121,楊大鋐,111年臺中市議員選舉,首次申報,1110817,雜支支出,柳丁原汁,,0.00,220.00,,,,餐飲費用,金錢,臺中市北區北****,,否,,,,,,,
122,楊大鋐,111年臺中市議員選舉,首次申報,1110817,宣傳支出,威旭數位媒體有限公司,24304664,0.00,30000.00,,,,播放、傳送或刊登宣傳廣告費用,金錢,臺中市西區台****,,否,,,,,,,
123,楊大鋐,111年臺中市議員選舉,首次申報,1110817,公共關係費用支出,全聯福利中心,24806287,0.00,619.00,,,,聯誼交際費用,金錢,臺中市西屯區****,04-2*****,否,,,,,,,
124,楊大鋐,111年臺中市議員選舉,首次申報,1110817,雜支支出,真味上品,72464345,0.00,420.00,,,,餐飲費用,金錢,臺中市西屯區****,,否,,,,,,,
125,楊大鋐,111年臺中市議員選舉,首次申報,1110817,雜支支出,河南小林健保藥局,82530983,0.00,405.00,,,,雜項購置或修繕費用,金錢,臺中市西屯區****,,否,,,,,,,
126,楊大鋐,111年臺中市議員選舉,首次申報,1110817,雜支支出,九乘九文具,90663943,0.00,202.00,,,,文具用品費用,金錢,臺中市西屯區****,,否,,,,,,,
127,楊大鋐,111年臺中市議員選舉,首次申報,1110818,雜支支出,仁友鑰匙,02961159,0.00,300.00,,,,雜項購置或修繕費用,金錢,臺中市北屯區****,,否,,,,,,,
128,楊大鋐,111年臺中市議員選舉,首次申報,1110818,雜支支出,好市多股份有限公司,96972798,0.00,1575.00,,,,餐飲費用,金錢,高雄市前鎮區****,,否,,,,,,,
129,楊大鋐,111年臺中市議員選舉,首次申報,1110819,雜支支出,敦煌商行,,0.00,90.00,,,,雜項購置或修繕費用,金錢,臺中市西屯區****,,否,,,,,,,
130,楊大鋐,111年臺中市議員選舉,首次申報,1110819,雜支支出,中華電信,52003801,0.00,208.00,,,,水電瓦斯費用,金錢,臺中市西區市****,,否,,,,,,,
131,楊大鋐,111年臺中市議員選舉,首次申報,1110819,宣傳支出,旭邦整合行銷股份有限公司,69315574,0.00,377300.00,,,,播放、傳送或刊登宣傳廣告費用,金錢,臺北市中正區****,,否,,,,,,,
132,楊大鋐,111年臺中市議員選舉,首次申報,1110822,雜支支出,台灣電力公司,03795904,0.00,5534.00,,,,水電瓦斯費用,金錢,臺北市中正區****,,否,,,,,,,
133,楊大鋐,111年臺中市議員選舉,首次申報,1110822,雜支支出,九乘九文具,90663943,0.00,1470.00,,,,文具用品費用,金錢,臺中市西屯區****,,否,,,,,,,
134,楊大鋐,111年臺中市議員選舉,首次申報,1110823,雜支支出,泉壘達商行,25265604,0.00,300.00,,,,餐飲費用,金錢,臺中市西屯區****,,否,,,,,,,
135,楊大鋐,111年臺中市議員選舉,首次申報,1110823,雜支支出,冠鈺生活館有限公司,50814987,0.00,29.00,,,,雜項購置或修繕費用,金錢,臺中市北屯區****,04-2*****,否,,,,,,,
136,楊大鋐,111年臺中市議員選舉,首次申報,1110825,雜支支出,大台中四海豆漿店,10996841,0.00,276.00,,,,餐飲費用,金錢,臺中市西屯區****,,否,,,,,,,
137,楊大鋐,111年臺中市議員選舉,首次申報,1110825,雜支支出,打鐵豆花舖河南店,39752627,0.00,782.00,,,,餐飲費用,金錢,臺中市西屯區****,,否,,,,,,,
138,楊大鋐,111年臺中市議員選舉,首次申報,1110825,雜支支出,一杯杯飲品店,88546651,0.00,320.00,,,,餐飲費用,金錢,臺中市西屯區****,,否,,,,,,,
139,楊大鋐,111年臺中市議員選舉,首次申報,1110826,雜支支出,台灣電力公司,03795904,0.00,4965.00,,,,水電瓦斯費用,金錢,臺北市中正區****,,否,,,,,,,
140,楊大鋐,111年臺中市議員選舉,首次申報,1110826,雜支支出,天嚐地酒有限公司,90892354,0.00,12000.00,,,,餐飲費用,金錢,臺中市西屯區****,,否,,,,,,,
141,楊大鋐,111年臺中市議員選舉,首次申報,1110829,交通旅運支出,台灣中油,02980753,0.00,1400.00,,,,油資,金錢,臺中市西屯區****,,否,,,,,,,
142,楊大鋐,111年臺中市議員選舉,首次申報,1110829,雜支支出,中華郵政,03741302,0.00,140.00,,,,雜項購置或修繕費用,金錢,臺中市北屯區****,,否,,,,,,,
143,楊大鋐,111年臺中市議員選舉,首次申報,1110829,雜支支出,琪樂服裝行,82443453,0.00,5000.00,,,,雜項購置或修繕費用,金錢,臺中市豐原區****,,否,,,,,,,
144,楊大鋐,111年臺中市議員選舉,首次申報,1110830,宣傳支出,聚泰環保材料科技股份有限公司,53493329,0.00,36000.00,,,,製作競選物品或宣傳廣告費用（口罩）,金錢,彰化縣二水鄉****,,否,,,,,,,
145,楊大鋐,111年臺中市議員選舉,首次申報,1110831,雜支支出,東山帽行,97924893,0.00,540.00,,,,雜項購置或修繕費用,金錢,臺中市西屯區****,,否,,,,,,,
146,楊大鋐,111年臺中市議員選舉,首次申報,1110901,雜支支出,弘爺漢堡長安店,,0.00,1430.00,,,,餐飲費用,金錢,臺中市西屯區****,,否,,,,,,,
147,楊大鋐,111年臺中市議員選舉,首次申報,1110901,雜支支出,富源餐廳,45861334,0.00,9150.00,,,,餐飲費用,金錢,臺中市西屯區****,,否,,,,,,,
148,楊大鋐,111年臺中市議員選舉,首次申報,1110901,宣傳支出,環緯多媒體有限公司,85113075,0.00,45000.00,,,,播放、傳送或刊登宣傳廣告費用,金錢,苗栗縣竹南鎮****,,否,,,,,,,
149,楊大鋐,111年臺中市議員選舉,首次申報,1110901,人事費用支出,胡順全,B10*******,0.00,30000.00,,,,工資或薪津,金錢,臺中市西屯區****,,否,,,,,,,
150,楊大鋐,111年臺中市議員選舉,首次申報,1110901,人事費用支出,李淼星,F12*******,0.00,40000.00,,,,工資或薪津,金錢,臺中市南區崇****,,否,,,,,,,
151,楊大鋐,111年臺中市議員選舉,首次申報,1110901,人事費用支出,林妤容,F22*******,0.00,20000.00,,,,其他因工作酬勞之給付,金錢,臺中市南區西****,,否,,,,,,,
152,楊大鋐,111年臺中市議員選舉,首次申報,1110901,人事費用支出,林茂華,K12*******,0.00,3000.00,,,,工資或薪津,金錢,臺中市西屯區****,,否,,,,,,,
153,楊大鋐,111年臺中市議員選舉,首次申報,1110901,人事費用支出,林茂廣,M12*******,0.00,3000.00,,,,工資或薪津,金錢,臺中市西屯區****,,否,,,,,,,
154,楊大鋐,111年臺中市議員選舉,首次申報,1110901,人事費用支出,謝東海,N12*******,0.00,3000.00,,,,工資或薪津,金錢,臺中市西屯區****,,否,,,,,,,
155,楊大鋐,111年臺中市議員選舉,首次申報,1110901,人事費用支出,張永吉,P12*******,0.00,39000.00,,,,工資或薪津,金錢,臺中市西區中****,,否,,,,,,,
156,楊大鋐,111年臺中市議員選舉,首次申報,1110902,雜支支出,中華電信,52003801,0.00,5787.00,,,,電信費用,金錢,臺中市西區市****,,否,,,,,,,
157,楊大鋐,111年臺中市議員選舉,首次申報,1110902,租用宣傳車輛支出,光鳳加油站,80019781,0.00,500.00,,,,宣傳車輛燃料費用,金錢,臺中市西屯區****,,否,,,,,,,
158,楊大鋐,111年臺中市議員選舉,首次申報,1110902,租用競選辦事處支出,古寬禮,J12*******,0.00,60000.00,,,,租用競選辦事處費用,金錢,臺中市西屯區****,,否,,,,,,,
159,楊大鋐,111年臺中市議員選舉,首次申報,1110904,交通旅運支出,台亞石油,98743809,0.00,1513.00,,,,油資,金錢,臺中市西屯區****,,否,,,,,,,
160,楊大鋐,111年臺中市議員選舉,首次申報,1110905,租用宣傳車輛支出,光明路加油站,16337515,0.00,600.00,,,,宣傳車輛燃料費用,金錢,臺中市西屯區****,,否,,,,,,,
161,楊大鋐,111年臺中市議員選舉,首次申報,1110905,公共關係費用支出,泰成企業行,26978101,0.00,1260.00,,,,文康活動費用,金錢,臺中市潭子區****,,否,,,,,,,
162,楊大鋐,111年臺中市議員選舉,首次申報,1110906,雜支支出,台灣電力公司,03795904,0.00,11091.00,,,,水電瓦斯費用,金錢,臺北市中正區****,,否,,,,,,,
163,楊大鋐,111年臺中市議員選舉,首次申報,1110906,交通旅運支出,台灣中油,77209843,0.00,1450.00,,,,油資,金錢,臺中市西屯區****,,否,,,,,,,
164,楊大鋐,111年臺中市議員選舉,首次申報,1110907,租用競選辦事處支出,大鵬芳鄰,,0.00,3600.00,,,,租用競選辦事處費用,金錢,臺中市西屯區****,,否,,,,,,,
165,楊大鋐,111年臺中市議員選舉,首次申報,1110907,租用宣傳車輛支出,光鳳加油站,80019781,0.00,752.00,,,,宣傳車輛燃料費用,金錢,臺中市西屯區****,,否,,,,,,,
166,楊大鋐,111年臺中市議員選舉,首次申報,1110908,宣傳支出,弘晟企業有限公司,53820323,0.00,21600.00,,,,製作競選物品或宣傳廣告費用（小旗）,金錢,臺中市西屯區****,,否,,,,,,,
167,楊大鋐,111年臺中市議員選舉,首次申報,1110909,交通旅運支出,台灣中油,02980753,0.00,1569.00,,,,油資,金錢,臺中市西屯區****,,否,,,,,,,
168,楊大鋐,111年臺中市議員選舉,首次申報,1110909,租用宣傳車輛支出,光鳳加油站,80019781,0.00,600.00,,,,宣傳車輛燃料費用,金錢,臺中市西屯區****,,否,,,,,,,
169,楊大鋐,111年臺中市議員選舉,首次申報,1110909,雜支支出,九乘九文具,90663943,0.00,3469.00,,,,文具用品費用,金錢,臺中市西屯區****,,否,,,,,,,
170,楊大鋐,111年臺中市議員選舉,首次申報,1110911,雜支支出,展榮食品行,17305863,0.00,25158.00,,,,餐飲費用,金錢,彰化縣彰化市****,,否,,,,,,,
171,楊大鋐,111年臺中市議員選舉,首次申報,1110911,交通旅運支出,文華加油站,70695995,0.00,1520.00,,,,油資,金錢,臺中市西屯區****,,否,,,,,,,
172,楊大鋐,111年臺中市議員選舉,首次申報,1110912,雜支支出,聖益相框工藝社,77214254,0.00,13200.00,,,,文具用品費用,金錢,臺中市西屯區****,,否,,,,,,,
173,楊大鋐,111年臺中市議員選舉,首次申報,1110913,公共關係費用支出,大大鮮花店,52820401,0.00,1300.00,,,,為民服務費用,金錢,臺中市西屯區****,,否,,,,,,,
174,楊大鋐,111年臺中市議員選舉,首次申報,1110913,交通旅運支出,中部汽車股份有限公司,77604014,0.00,3669.00,,,,其他與交通旅運有關之費用,金錢,臺中市北屯區****,,否,,,,,,,
175,楊大鋐,111年臺中市議員選舉,首次申報,1110914,宣傳支出,旭邦整合行銷股份有限公司,69315574,0.00,188650.00,,,,播放、傳送或刊登宣傳廣告費用,金錢,臺北市中正區****,,否,,,,,,,
176,楊大鋐,111年臺中市議員選舉,首次申報,1110914,人事費用支出,吳宛庭,T22*******,0.00,10000.00,,,,其他因工作酬勞之給付,金錢,臺中市南屯區****,,否,,,,,,,
177,楊大鋐,111年臺中市議員選舉,首次申報,1110915,宣傳支出,中華郵政股份有限公司,03741302,0.00,52030.00,,,,郵寄競選物品或宣傳廣告費用,金錢,臺北市大安區****,,否,,,,,,,
178,楊大鋐,111年臺中市議員選舉,首次申報,1110915,雜支支出,敦鍠商行,47472156,0.00,1980.00,,,,餐飲費用,金錢,臺中市西屯區****,,否,,,,,,,
179,楊大鋐,111年臺中市議員選舉,首次申報,1110915,集會支出,巧味香餐飲事業有限公司,83184588,0.00,21750.00,,,,餐飲費用,金錢,臺中市西屯區****,,否,,,,,,,
180,楊大鋐,111年臺中市議員選舉,首次申報,1110916,雜支支出,好食在小吃店,26810764,0.00,5000.00,,,,餐飲費用,金錢,臺中市西屯區****,,否,,,,,,,
181,楊大鋐,111年臺中市議員選舉,首次申報,1110917,交通旅運支出,台灣中油,02980753,0.00,1400.00,,,,油資,金錢,臺中市西屯區****,,否,,,,,,,
182,楊大鋐,111年臺中市議員選舉,首次申報,1110920,宣傳支出,台灣臉書有限公司,24781069,0.00,50135.00,,,,播放、傳送或刊登宣傳廣告費用,金錢,臺北市信義區****,,否,,,,,,,
183,楊大鋐,111年臺中市議員選舉,首次申報,1110920,雜支支出,薪創資訊有限公司,26925597,0.00,10140.00,,,,雜項購置或修繕費用,金錢,臺中市西區英****,,否,,,,,,,
184,楊大鋐,111年臺中市議員選舉,首次申報,1110920,公共關係費用支出,芳蘭園花卉行,45487463,0.00,5000.00,,,,為民服務費用,金錢,臺中市大雅區****,,否,,,,,,,
185,楊大鋐,111年臺中市議員選舉,首次申報,1110920,雜支支出,九易宇軒股份有限公司,54361439,0.00,1149.00,,,,雜項購置或修繕費用,金錢,臺北市南港區****,,否,,,,,,,
186,楊大鋐,111年臺中市議員選舉,首次申報,1110921,租用競選辦事處支出,富盟企業社,13400211,0.00,19000.00,,,,租買辦公設備費用,金錢,臺中市北屯區****,,否,,,,,,,
187,楊大鋐,111年臺中市議員選舉,首次申報,1110921,宣傳支出,新潮工作室,19414938,0.00,9600.00,,,,製作競選物品或宣傳廣告費用（物品名稱-貼紙）,金錢,臺中市西屯區****,,否,,,,,,,
188,楊大鋐,111年臺中市議員選舉,首次申報,1110921,雜支支出,全聯福利中心,24806287,0.00,1299.00,,,,雜項購置或修繕費用,金錢,臺中市西屯區****,04-2*****,否,,,,,,,
189,楊大鋐,111年臺中市議員選舉,首次申報,1110922,租用宣傳車輛支出,光鳳加油站,80019781,0.00,700.00,,,,宣傳車輛燃料費用,金錢,臺中市西屯區****,,否,,,,,,,
190,楊大鋐,111年臺中市議員選舉,首次申報,1110922,雜支支出,時熙國際股份有限公司,90611880,0.00,20276.00,,,,雜項購置或修繕費用,金錢,臺北市信義區****,,否,,,,,,,
191,楊大鋐,111年臺中市議員選舉,首次申報,1110923,雜支支出,東山帽行,97924893,0.00,12500.00,,,,雜項購置或修繕費用,金錢,臺中市西屯區****,,否,,,,,,,
192,楊大鋐,111年臺中市議員選舉,首次申報,1110924,集會支出,洽久聲環保股份有限公司,,0.00,7000.00,,,,租用設備費用,金錢,臺北市大同區****,,否,,,,,,,
193,楊大鋐,111年臺中市議員選舉,首次申報,1110924,集會支出,御閣音響社,38850298,0.00,48000.00,,,,租用設備費用,金錢,臺中市豐原區****,,否,,,,,,,
194,楊大鋐,111年臺中市議員選舉,首次申報,1110924,集會支出,源順桌行,45852644,0.00,20000.00,,,,租用設備費用,金錢,臺中市西屯區****,,否,,,,,,,
195,楊大鋐,111年臺中市議員選舉,首次申報,1110924,集會支出,林新醫院,52697438,0.00,1200.00,,,,其他與集會有關之費用,金錢,臺中市西屯區****,,否,,,,,,,
196,楊大鋐,111年臺中市議員選舉,首次申報,1110924,雜支支出,劉記包子饅頭店,80844896,0.00,6000.00,,,,餐飲費用,金錢,臺中市西屯區****,,否,,,,,,,
197,楊大鋐,111年臺中市議員選舉,首次申報,1110924,集會支出,巧味香餐飲事業有限公司,83184588,0.00,42000.00,,,,餐飲費用,金錢,臺中市西屯區****,,否,,,,,,,
198,楊大鋐,111年臺中市議員選舉,首次申報,1110924,集會支出,三厝里鐵架帆布行,97914023,0.00,39600.00,,,,租用設備費用,金錢,臺中市南屯區****,,否,,,,,,,
199,楊大鋐,111年臺中市議員選舉,首次申報,1110926,宣傳支出,健豪印刷事業股份有限公司,16332027,0.00,105000.00,,,,製作競選物品或宣傳廣告費用（文宣印刷品）,金錢,臺中市西區大****,,否,,,,,,,
200,楊大鋐,111年臺中市議員選舉,首次申報,1110926,宣傳支出,環緯多媒體有限公司,85113075,0.00,90000.00,,,,播放、傳送或刊登宣傳廣告費用,金錢,苗栗縣竹南鎮****,,否,,,,,,,
201,楊大鋐,111年臺中市議員選舉,首次申報,1110927,宣傳支出,玉山新聞社,45531691,0.00,22680.00,,,,製作競選物品或宣傳廣告費用（文宣）,金錢,南投縣草屯鎮****,,否,,,,,,,
202,楊大鋐,111年臺中市議員選舉,首次申報,1110927,宣傳支出,聚泰環保材料科技股份有限公司,53493329,0.00,55000.00,,,,製作競選物品或宣傳廣告費用（口罩）,金錢,彰化縣二水鄉****,,否,,,,,,,
203,楊大鋐,111年臺中市議員選舉,首次申報,1110927,租用宣傳車輛支出,光鳳加油站,80019781,0.00,600.00,,,,宣傳車輛燃料費用,金錢,臺中市西屯區****,,否,,,,,,,
204,楊大鋐,111年臺中市議員選舉,首次申報,1110928,雜支支出,金亞村企業有限公司,70351886,0.00,48000.00,,,,雜項購置或修繕費用,金錢,臺北市士林區****,,否,,,,,,,
205,楊大鋐,111年臺中市議員選舉,首次申報,1110929,租用宣傳車輛支出,光鳳加油站,80019781,0.00,700.00,,,,宣傳車輛燃料費用,金錢,臺中市西屯區****,,否,,,,,,,
206,楊大鋐,111年臺中市議員選舉,首次申報,1110930,租用宣傳車輛支出,全順汽車電機材料行,52572444,0.00,5000.00,,,,維修宣傳車輛費用,金錢,臺中市西屯區****,,否,,,,,,,
207,楊大鋐,111年臺中市議員選舉,首次申報,1110930,租用競選辦事處支出,萬事達廣告設計有限公司,54761483,0.00,46620.00,,,,裝潢競選辦事處費用,金錢,臺中市北區青****,,否,,,,,,,
208,楊大鋐,111年臺中市議員選舉,首次申報,1110930,雜支支出,巧味香餐飲事業有限公司,83184588,0.00,28500.00,,,,餐飲費用,金錢,臺中市西屯區****,,否,,,,,,,
209,楊大鋐,111年臺中市議員選舉,首次申報,1110930,雜支支出,商司大企業有限公司中科營業所,88416799,0.00,7990.00,,,,雜項購置或修繕費用,金錢,臺中市西屯區****,,否,,,,,,,
210,楊大鋐,111年臺中市議員選舉,首次申報,1111001,雜支支出,藍新科技股份有限公司,70565326,0.00,5678.00,,,,雜項購置或修繕費用,金錢,臺北市南港區****,,否,,,,,,,
211,楊大鋐,111年臺中市議員選舉,首次申報,1111001,租用宣傳車輛支出,光鳳加油站,80019781,0.00,700.00,,,,宣傳車輛燃料費用,金錢,臺中市西屯區****,,否,,,,,,,
212,楊大鋐,111年臺中市議員選舉,首次申報,1111001,雜支支出,巧味香餐飲事業有限公司,83184588,0.00,50000.00,,,,餐飲費用,金錢,臺中市西屯區****,,否,,,,,,,
213,楊大鋐,111年臺中市議員選舉,首次申報,1111001,人事費用支出,胡順全,B10*******,0.00,33000.00,,,,工資或薪津,金錢,臺中市西屯區****,,否,,,,,,,
214,楊大鋐,111年臺中市議員選舉,首次申報,1111001,人事費用支出,李淼星,F12*******,0.00,40000.00,,,,工資或薪津,金錢,臺中市南區西****,,否,,,,,,,
215,楊大鋐,111年臺中市議員選舉,首次申報,1111001,人事費用支出,詹智偉,K12*******,0.00,33000.00,,,,工資或薪津,金錢,臺中市北屯區****,,否,,,,,,,
216,楊大鋐,111年臺中市議員選舉,首次申報,1111001,人事費用支出,林茂華,K12*******,0.00,13000.00,,,,工資或薪津,金錢,臺中市西屯區****,,否,,,,,,,
217,楊大鋐,111年臺中市議員選舉,首次申報,1111001,人事費用支出,梁永裕,L12*******,0.00,37000.00,,,,工資或薪津,金錢,臺中市西屯區****,,否,,,,,,,
218,楊大鋐,111年臺中市議員選舉,首次申報,1111001,人事費用支出,林茂廣,M12*******,0.00,11000.00,,,,工資或薪津,金錢,臺中市西屯區****,,否,,,,,,,
219,楊大鋐,111年臺中市議員選舉,首次申報,1111001,人事費用支出,謝東海,N12*******,0.00,13000.00,,,,工資或薪津,金錢,臺中市西屯區****,,否,,,,,,,
220,楊大鋐,111年臺中市議員選舉,首次申報,1111001,人事費用支出,張永吉,P12*******,0.00,52000.00,,,,工資或薪津,金錢,臺中市西區中****,,否,,,,,,,
221,楊大鋐,111年臺中市議員選舉,首次申報,1111001,人事費用支出,張淑婉,Q22*******,0.00,10000.00,,,,工資或薪津,金錢,臺中市西屯區****,,否,,,,,,,
222,楊大鋐,111年臺中市議員選舉,首次申報,1111001,人事費用支出,吳惠忠,T12*******,0.00,10000.00,,,,工資或薪津,金錢,臺中市南屯區****,,否,,,,,,,
223,楊大鋐,111年臺中市議員選舉,首次申報,1111002,雜支支出,一潔洗衣店,,0.00,4040.00,,,,雜項購置或修繕費用,金錢,臺中市西屯區****,,否,,,,,,,
224,楊大鋐,111年臺中市議員選舉,首次申報,1111002,租用宣傳車輛支出,光明路加油站,16337515,0.00,1000.00,,,,宣傳車輛燃料費用,金錢,臺中市西屯區****,,否,,,,,,,
225,楊大鋐,111年臺中市議員選舉,首次申報,1111003,宣傳支出,弘晟企業有限公司,53820323,0.00,10800.00,,,,製作競選物品或宣傳廣告費用（物品名稱-小旗子）,金錢,臺中市西屯區****,,否,,,,,,,
226,楊大鋐,111年臺中市議員選舉,首次申報,1111004,租用宣傳車輛支出,光鳳加油站,80019781,0.00,600.00,,,,宣傳車輛燃料費用,金錢,臺中市西屯區****,,否,,,,,,,
227,楊大鋐,111年臺中市議員選舉,首次申報,1111004,租用競選辦事處支出,言瑞實業有限公司,89898859,0.00,11451.00,,,,租買辦公設備費用,金錢,臺中市西屯區****,,否,,,,,,,
228,楊大鋐,111年臺中市議員選舉,首次申報,1111005,租用競選辦事處支出,古寬禮,J12*******,0.00,60000.00,,,,租用競選辦事處費用,金錢,臺中市西屯區****,,否,,,,,,,
229,楊大鋐,111年臺中市議員選舉,首次申報,1111006,租用宣傳車輛支出,光明路加油站,16337515,0.00,1000.00,,,,宣傳車輛燃料費用,金錢,臺中市西屯區****,,否,,,,,,,
230,楊大鋐,111年臺中市議員選舉,首次申報,1111006,宣傳支出,育華影印店,45224167,0.00,1590.00,,,,製作競選物品或宣傳廣告費用（物品名稱-海報）,金錢,臺中市北區陝****,,否,,,,,,,
231,楊大鋐,111年臺中市議員選舉,首次申報,1111006,雜支支出,織田信長串燒居酒屋,47511931,0.00,8505.00,,,,餐飲費用,金錢,臺中市北區西****,,否,,,,,,,
232,楊大鋐,111年臺中市議員選舉,首次申報,1111006,雜支支出,聖益相框工藝社,77214254,0.00,4185.00,,,,雜項購置或修繕費用,金錢,臺中市西屯區****,,否,,,,,,,
233,楊大鋐,111年臺中市議員選舉,首次申報,1111007,雜支支出,富源餐廳,45861334,0.00,8400.00,,,,餐飲費用,金錢,臺中市西屯區****,,否,,,,,,,
234,楊大鋐,111年臺中市議員選舉,首次申報,1111008,租用宣傳車輛支出,光明路加油站,16337515,0.00,1000.00,,,,宣傳車輛燃料費用,金錢,臺中市西屯區****,,否,,,,,,,
235,楊大鋐,111年臺中市議員選舉,首次申報,1111008,租用宣傳車輛支出,中部汽車股份有限公司,77604014,0.00,3831.00,,,,維修宣傳車輛費用,金錢,臺中市北屯區****,,否,,,,,,,
236,楊大鋐,111年臺中市議員選舉,首次申報,1111009,公共關係費用支出,大大鮮花店,52820401,0.00,2500.00,,,,文康活動費用,金錢,臺中市西屯區****,,否,,,,,,,
237,楊大鋐,111年臺中市議員選舉,首次申報,1111009,租用宣傳車輛支出,光鳳加油站,80019781,0.00,700.00,,,,宣傳車輛燃料費用,金錢,臺中市西屯區****,,否,,,,,,,
238,楊大鋐,111年臺中市議員選舉,首次申報,1111009,人事費用支出,邱寶珠,B20*******,0.00,16000.00,,,,其他因工作酬勞之給付,金錢,臺中市西屯區****,,否,,,,,,,
239,楊大鋐,111年臺中市議員選舉,首次申報,1111009,人事費用支出,吳宛庭,T22*******,0.00,16000.00,,,,其他因工作酬勞之給付,金錢,臺中市南屯區****,,否,,,,,,,
240,楊大鋐,111年臺中市議員選舉,首次申報,1111010,交通旅運支出,台灣中油,02980753,0.00,1400.00,,,,油資,金錢,臺中市西屯區****,,否,,,,,,,
241,楊大鋐,111年臺中市議員選舉,首次申報,1111010,租用宣傳車輛支出,捷安輪胎精品企業有限公司,42690013,0.00,19400.00,,,,維修宣傳車輛費用,金錢,臺中市北屯區****,,否,,,,,,,
242,楊大鋐,111年臺中市議員選舉,首次申報,1111013,租用宣傳車輛支出,光明路加油站,16337515,0.00,1000.00,,,,宣傳車輛燃料費用,金錢,臺中市西屯區****,,否,,,,,,,
243,楊大鋐,111年臺中市議員選舉,首次申報,1111013,雜支支出,真味上品,72464345,0.00,3200.00,,,,餐飲費用,金錢,臺中市西屯區****,,否,,,,,,,
244,楊大鋐,111年臺中市議員選舉,首次申報,1111013,租用宣傳車輛支出,光鳳加油站,80019781,0.00,700.00,,,,宣傳車輛燃料費用,金錢,臺中市西屯區****,,否,,,,,,,
245,楊大鋐,111年臺中市議員選舉,首次申報,1111014,雜支支出,巧味香餐飲事業有限公司,83184588,0.00,22100.00,,,,餐飲費用,金錢,臺中市西屯區****,,否,,,,,,,
246,楊大鋐,111年臺中市議員選舉,首次申報,1111014,集會支出,台灣楓康超市股份有限公司河南分公司,90697802,0.00,4000.00,,,,餐飲費用,金錢,臺中市西屯區****,,否,,,,,,,
247,楊大鋐,111年臺中市議員選舉,首次申報,1111015,集會支出,大豐爌肉飯,45268903,0.00,6250.00,,,,餐飲費用,金錢,臺中市西屯區****,,否,,,,,,,
248,楊大鋐,111年臺中市議員選舉,首次申報,1111015,租用競選辦事處支出,成新工程行,45420317,0.00,20000.00,,,,裝潢競選辦事處費用,金錢,臺中市大雅區****,,否,,,,,,,
249,楊大鋐,111年臺中市議員選舉,首次申報,1111016,租用宣傳車輛支出,光明路加油站,16337515,0.00,1000.00,,,,宣傳車輛燃料費用,金錢,臺中市西屯區****,,否,,,,,,,
250,楊大鋐,111年臺中市議員選舉,首次申報,1111016,公共關係費用支出,大大鮮花店,52820401,0.00,3100.00,,,,為民服務費用,金錢,臺中市西屯區****,,否,,,,,,,
251,楊大鋐,111年臺中市議員選舉,首次申報,1111017,公共關係費用支出,芳蘭園花卉行,45487463,0.00,6000.00,,,,為民服務費用,金錢,臺中市大雅區****,,否,,,,,,,
252,楊大鋐,111年臺中市議員選舉,首次申報,1111017,租用宣傳車輛支出,三明電音器材行,52676882,0.00,9100.00,,,,維修宣傳車輛費用,金錢,臺中市西區三****,,否,,,,,,,
253,楊大鋐,111年臺中市議員選舉,首次申報,1111017,租用宣傳車輛支出,光鳳加油站,80019781,0.00,700.00,,,,宣傳車輛燃料費用,金錢,臺中市西屯區****,,否,,,,,,,
254,楊大鋐,111年臺中市議員選舉,首次申報,1111017,租用競選辦事處支出,言瑞實業有限公司,89898859,0.00,4400.00,,,,租買辦公設備費用,金錢,臺中市西屯區****,,否,,,,,,,
255,楊大鋐,111年臺中市議員選舉,首次申報,1111018,雜支支出,漁樵記小吃部,72334955,0.00,1800.00,,,,餐飲費用,金錢,臺中市西屯區****,,否,,,,,,,
256,楊大鋐,111年臺中市議員選舉,首次申報,1111018,雜支支出,青海食堂便當店,82611970,0.00,5020.00,,,,餐飲費用,金錢,臺中市西屯區****,,否,,,,,,,
257,楊大鋐,111年臺中市議員選舉,首次申報,1111019,雜支支出,台灣電力公司,03795904,0.00,16549.00,,,,水電瓦斯費用,金錢,臺北市中正區****,,否,,,,,,,
258,楊大鋐,111年臺中市議員選舉,首次申報,1111019,雜支支出,中華電信,52003801,0.00,4991.00,,,,電信費用,金錢,臺中市西區市****,,否,,,,,,,
259,楊大鋐,111年臺中市議員選舉,首次申報,1111020,租用宣傳車輛支出,光明路加油站,16337515,0.00,1000.00,,,,宣傳車輛燃料費用,金錢,臺中市西屯區****,,否,,,,,,,
260,楊大鋐,111年臺中市議員選舉,首次申報,1111020,租用宣傳車輛支出,光明路加油站,16337515,0.00,600.00,,,,宣傳車輛燃料費用,金錢,臺中市西屯區****,,否,,,,,,,
261,楊大鋐,111年臺中市議員選舉,首次申報,1111020,集會支出,好食在小吃店,26810764,0.00,6650.00,,,,餐飲費用,金錢,臺中市西屯區****,,否,,,,,,,
262,楊大鋐,111年臺中市議員選舉,首次申報,1111020,雜支支出,玖壹壹商行,47472374,0.00,2880.00,,,,雜項購置或修繕費用,金錢,臺中市西屯區****,,否,,,,,,,
263,楊大鋐,111年臺中市議員選舉,首次申報,1111020,雜支支出,三明電音器材行,52676882,0.00,2000.00,,,,雜項購置或修繕費用,金錢,臺中市西區三****,,否,,,,,,,
264,楊大鋐,111年臺中市議員選舉,首次申報,1111020,集會支出,巧味香餐飲事業有限公司,83184588,0.00,14250.00,,,,餐飲費用,金錢,臺中市西屯區****,,否,,,,,,,
265,楊大鋐,111年臺中市議員選舉,首次申報,1111020,雜支支出,巧味香餐飲事業有限公司,83184588,0.00,36000.00,,,,餐飲費用,金錢,臺中市西屯區****,,否,,,,,,,
266,楊大鋐,111年臺中市議員選舉,首次申報,1111021,雜支支出,弘爺漢堡長安店,,0.00,1950.00,,,,餐飲費用,金錢,臺中市西屯區****,,否,,,,,,,
267,楊大鋐,111年臺中市議員選舉,首次申報,1111021,宣傳支出,日薪廣告招牌有限公司,60257047,0.00,6300.00,,,,製作競選物品或宣傳廣告費用（物品名稱-號碼貼紙）,金錢,臺中市西區美****,,否,,,,,,,
268,楊大鋐,111年臺中市議員選舉,首次申報,1111022,宣傳支出,東山帽行,97924893,0.00,6160.00,,,,製作競選物品或宣傳廣告費用（物品名稱-帽子轉印）,金錢,臺中市西屯區****,,否,,,,,,,
269,楊大鋐,111年臺中市議員選舉,首次申報,1111023,租用宣傳車輛支出,光明路加油站,16337515,0.00,700.00,,,,宣傳車輛燃料費用,金錢,臺中市西屯區****,,否,,,,,,,
270,楊大鋐,111年臺中市議員選舉,首次申報,1111023,租用宣傳車輛支出,光明路加油站,16337515,0.00,1000.00,,,,宣傳車輛燃料費用,金錢,臺中市西屯區****,,否,,,,,,,
271,楊大鋐,111年臺中市議員選舉,首次申報,1111024,宣傳支出,健豪印刷事業股份有限公司,16332027,0.00,105000.00,,,,製作競選物品或宣傳廣告費用（文宣）,金錢,臺中市西區大****,,否,,,,,,,
272,楊大鋐,111年臺中市議員選舉,首次申報,1111024,宣傳支出,日薪廣告招牌有限公司,60257047,0.00,1900.00,,,,製作競選物品或宣傳廣告費用（物品名稱-號碼貼紙）,金錢,臺中市西區美****,,否,,,,,,,
273,楊大鋐,111年臺中市議員選舉,首次申報,1111024,雜支支出,琪樂服裝行,82443453,0.00,2400.00,,,,雜項購置或修繕費用,金錢,臺中市豐原區****,,否,,,,,,,
274,楊大鋐,111年臺中市議員選舉,首次申報,1111024,雜支支出,一杯杯飲品店,88546651,0.00,900.00,,,,餐飲費用,金錢,臺中市西屯區****,,否,,,,,,,
275,楊大鋐,111年臺中市議員選舉,首次申報,1111025,返還捐贈支出,逢甲西門町大樓管理委員會,,0.00,30000.00,,,,返還,金錢,臺中市西屯區****,,否,,,,,,,
276,楊大鋐,111年臺中市議員選舉,首次申報,1111025,公共關係費用支出,益富行,08315279,0.00,11000.00,,,,文康活動費用,金錢,臺中市大雅區****,,否,,,,,,,
277,楊大鋐,111年臺中市議員選舉,首次申報,1111025,雜支支出,宏香火雞肉飯,21482708,0.00,2125.00,,,,餐飲費用,金錢,臺中市西屯區****,,否,,,,,,,
278,楊大鋐,111年臺中市議員選舉,首次申報,1111025,雜支支出,冠鈺生活館有限公司,50814987,0.00,1090.00,,,,雜項購置或修繕費用,金錢,臺中市北屯區****,04-2*****,否,,,,,,,
279,楊大鋐,111年臺中市議員選舉,首次申報,1111025,返還捐贈支出,實毅營造有限公司,52397397,0.00,200000.00,,,,返還,金錢,臺中市西屯區****,,否,,,,,,,
280,楊大鋐,111年臺中市議員選舉,首次申報,1111025,返還捐贈支出,敦鴻營造股份有限公司,83103220,0.00,50000.00,,,,返還,金錢,臺中市西屯區****,,否,,,,,,,
281,楊大鋐,111年臺中市議員選舉,首次申報,1111025,雜支支出,巧味香餐飲事業有限公司,83184588,0.00,28600.00,,,,餐飲費用,金錢,臺中市西屯區****,,否,,,,,,,
282,楊大鋐,111年臺中市議員選舉,首次申報,1111025,雜支支出,時熙國際股份有限公司,90611880,0.00,1996.00,,,,雜項購置或修繕費用,金錢,臺北市信義區****,,否,,,,,,,
283,楊大鋐,111年臺中市議員選舉,首次申報,1111026,租用宣傳車輛支出,光鳳加油站,80019781,0.00,700.00,,,,宣傳車輛燃料費用,金錢,臺中市西屯區****,,否,,,,,,,
284,楊大鋐,111年臺中市議員選舉,首次申報,1111026,宣傳支出,環緯多媒體有限公司,85113075,0.00,90000.00,,,,播放、傳送或刊登宣傳廣告費用,金錢,苗栗縣竹南鎮****,,否,,,,,,,
285,楊大鋐,111年臺中市議員選舉,首次申報,1111027,租用宣傳車輛支出,光明路加油站,16337515,0.00,1000.00,,,,宣傳車輛燃料費用,金錢,臺中市西屯區****,,否,,,,,,,
286,楊大鋐,111年臺中市議員選舉,首次申報,1111028,宣傳支出,康可創意廣告有限公司,42878712,0.00,535500.00,,,,製作競選物品或宣傳廣告費用（文宣看板設計）,金錢,臺中市西區台****,,否,,,,,,,
287,楊大鋐,111年臺中市議員選舉,首次申報,1111028,雜支支出,冠鈺生活館有限公司,50814987,0.00,975.00,,,,雜項購置或修繕費用,金錢,臺中市北屯區****,04-2*****,否,,,,,,,
288,楊大鋐,111年臺中市議員選舉,首次申報,1111028,集會支出,祥暉玩具店,82575480,0.00,960.00,,,,其他與集會有關之費用,金錢,臺中市西屯區****,,否,,,,,,,
289,楊大鋐,111年臺中市議員選舉,首次申報,1111028,雜支支出,青海食堂便當店,82611970,0.00,6000.00,,,,餐飲費用,金錢,臺中市西屯區****,,否,,,,,,,
290,楊大鋐,111年臺中市議員選舉,首次申報,1111029,宣傳支出,日薪廣告招牌有限公司,60257047,0.00,1500.00,,,,製作競選物品或宣傳廣告費用（號碼貼紙）,金錢,臺中市西區美****,,否,,,,,,,
291,楊大鋐,111年臺中市議員選舉,首次申報,1111029,交通旅運支出,台灣中油,77209822,0.00,1400.00,,,,油資,金錢,臺中市西屯區****,,否,,,,,,,
292,楊大鋐,111年臺中市議員選舉,首次申報,1111029,雜支支出,必勝客,84311859,0.00,3343.00,,,,餐飲費用,金錢,臺中市西屯區****,,否,,,,,,,
293,楊大鋐,111年臺中市議員選舉,首次申報,1111029,租用宣傳車輛支出,上晴輪胎行,88524875,0.00,2500.00,,,,維修宣傳車輛費用,金錢,臺中市潭子區****,,否,,,,,,,
294,楊大鋐,111年臺中市議員選舉,首次申報,1111030,租用宣傳車輛支出,光鳳加油站,80019781,0.00,700.00,,,,宣傳車輛燃料費用,金錢,臺中市西屯區****,,否,,,,,,,
295,楊大鋐,111年臺中市議員選舉,首次申報,1111031,租用宣傳車輛支出,光明路加油站,16337515,0.00,1000.00,,,,宣傳車輛燃料費用,金錢,臺中市西屯區****,,否,,,,,,,
296,楊大鋐,111年臺中市議員選舉,首次申報,1111101,雜支支出,藍新科技股份有限公司,70565326,0.00,5612.00,,,,雜項購置或修繕費用,金錢,臺北市南港區****,,否,,,,,,,
297,楊大鋐,111年臺中市議員選舉,首次申報,1111101,人事費用支出,胡順全,B10*******,0.00,35000.00,,,,工資或薪津,金錢,臺中市西屯區****,,否,,,,,,,
298,楊大鋐,111年臺中市議員選舉,首次申報,1111101,人事費用支出,楊微真,D22*******,0.00,24000.00,,,,工資或薪津,金錢,臺中市北區五****,,否,,,,,,,
299,楊大鋐,111年臺中市議員選舉,首次申報,1111101,人事費用支出,李淼星,F12*******,0.00,40000.00,,,,工資或薪津,金錢,臺中市南區西****,,否,,,,,,,
300,楊大鋐,111年臺中市議員選舉,首次申報,1111101,人事費用支出,詹智偉,K12*******,0.00,35000.00,,,,工資或薪津,金錢,臺中市北屯區****,,否,,,,,,,
301,楊大鋐,111年臺中市議員選舉,首次申報,1111101,人事費用支出,林茂華,K12*******,0.00,9000.00,,,,工資或薪津,金錢,臺中市西屯區****,,否,,,,,,,
302,楊大鋐,111年臺中市議員選舉,首次申報,1111101,人事費用支出,任如芬,K22*******,0.00,3200.00,,,,工資或薪津,金錢,臺中市西屯區****,,否,,,,,,,
303,楊大鋐,111年臺中市議員選舉,首次申報,1111101,人事費用支出,梁永裕,L12*******,0.00,36000.00,,,,工資或薪津,金錢,臺中市西屯區****,,否,,,,,,,
304,楊大鋐,111年臺中市議員選舉,首次申報,1111101,人事費用支出,張菊,L22*******,0.00,16200.00,,,,工資或薪津,金錢,臺中市西屯區****,,否,,,,,,,
305,楊大鋐,111年臺中市議員選舉,首次申報,1111101,人事費用支出,林茂廣,M12*******,0.00,9000.00,,,,工資或薪津,金錢,臺中市西屯區****,,否,,,,,,,
306,楊大鋐,111年臺中市議員選舉,首次申報,1111101,人事費用支出,謝東海,N12*******,0.00,9000.00,,,,工資或薪津,金錢,臺中市西屯區****,,否,,,,,,,
307,楊大鋐,111年臺中市議員選舉,首次申報,1111101,人事費用支出,張永吉,P12*******,0.00,45000.00,,,,工資或薪津,金錢,臺中市西區中****,,否,,,,,,,
308,楊大鋐,111年臺中市議員選舉,首次申報,1111101,人事費用支出,張淑婉,Q22*******,0.00,6000.00,,,,工資或薪津,金錢,臺中市西屯區****,,否,,,,,,,
309,楊大鋐,111年臺中市議員選舉,首次申報,1111101,人事費用支出,吳惠忠,T12*******,0.00,6000.00,,,,工資或薪津,金錢,臺中市南屯區****,,否,,,,,,,
310,楊大鋐,111年臺中市議員選舉,首次申報,1111101,人事費用支出,吳宛庭,T22*******,0.00,23600.00,,,,工資或薪津,金錢,臺中市南屯區****,,否,,,,,,,
311,楊大鋐,111年臺中市議員選舉,首次申報,1111102,集會支出,東義快餐店,17990266,0.00,7200.00,,,,餐飲費用,金錢,臺中市西屯區****,,否,,,,,,,
312,楊大鋐,111年臺中市議員選舉,首次申報,1111102,雜支支出,冠鈺生活館有限公司,50814987,0.00,1200.00,,,,雜項購置或修繕費用,金錢,臺中市北屯區****,04-2*****,否,,,,,,,
313,楊大鋐,111年臺中市議員選舉,首次申報,1111102,雜支支出,三明電音器材行,52676882,0.00,13000.00,,,,雜項購置或修繕費用,金錢,臺中市西區三****,,否,,,,,,,
314,楊大鋐,111年臺中市議員選舉,首次申報,1111102,雜支支出,馥曼蛋糕店,87112636,0.00,5150.00,,,,餐飲費用,金錢,臺中市西屯區****,,否,,,,,,,
315,楊大鋐,111年臺中市議員選舉,首次申報,1111103,租用宣傳車輛支出,光明路加油站,16337515,0.00,1000.00,,,,宣傳車輛燃料費用,金錢,臺中市西屯區****,,否,,,,,,,
316,楊大鋐,111年臺中市議員選舉,首次申報,1111103,雜支支出,冠鈺生活館有限公司,50814987,0.00,1190.00,,,,雜項購置或修繕費用,金錢,臺中市北屯區****,04-2*****,否,,,,,,,
317,楊大鋐,111年臺中市議員選舉,首次申報,1111103,租用宣傳車輛支出,光鳳加油站,80019781,0.00,700.00,,,,宣傳車輛燃料費用,金錢,臺中市西屯區****,,否,,,,,,,
318,楊大鋐,111年臺中市議員選舉,首次申報,1111104,宣傳支出,信義報社,45868462,0.00,25000.00,,,,郵寄競選物品或宣傳廣告費用,金錢,臺中市南區大****,,否,,,,,,,
319,楊大鋐,111年臺中市議員選舉,首次申報,1111104,宣傳支出,聚泰環保材料科技股份有限公司,53493329,0.00,30000.00,,,,製作競選物品或宣傳廣告費用（口罩）,金錢,彰化縣二水鄉****,,否,,,,,,,
320,楊大鋐,111年臺中市議員選舉,首次申報,1111104,租用競選辦事處支出,古寬禮,J12*******,0.00,60000.00,,,,租用競選辦事處費用,金錢,臺中市西屯區****,,否,,,,,,,
321,楊大鋐,111年臺中市議員選舉,首次申報,1111105,租用宣傳車輛支出,光鳳加油站,80019781,0.00,700.00,,,,宣傳車輛燃料費用,金錢,臺中市西屯區****,,否,,,,,,,
322,楊大鋐,111年臺中市議員選舉,首次申報,1111106,雜支支出,台灣電力公司,03795904,0.00,1375.00,,,,水電瓦斯費用,金錢,臺北市中正區****,,否,,,,,,,
323,楊大鋐,111年臺中市議員選舉,首次申報,1111106,雜支支出,中華電信,52003801,0.00,5899.00,,,,電信費用,金錢,臺中市西區市****,,否,,,,,,,
324,楊大鋐,111年臺中市議員選舉,首次申報,1111107,租用競選辦事處支出,大鵬芳鄰,,0.00,1800.00,,,,租用競選辦事處費用,金錢,臺中市西屯區****,,否,,,,,,,
325,楊大鋐,111年臺中市議員選舉,首次申報,1111107,公共關係費用支出,芳蘭園花卉行,45487463,0.00,3000.00,,,,聯誼交際費用,金錢,臺中市大雅區****,,否,,,,,,,
326,楊大鋐,111年臺中市議員選舉,首次申報,1111107,集會支出,青海食堂便當店,82611970,0.00,2550.00,,,,餐飲費用,金錢,臺中市西屯區****,,否,,,,,,,
327,楊大鋐,111年臺中市議員選舉,首次申報,1111107,集會支出,巧味香餐飲事業有限公司,83184588,0.00,10400.00,,,,餐飲費用,金錢,臺中市西屯區****,,否,,,,,,,
328,楊大鋐,111年臺中市議員選舉,首次申報,1111108,公共關係費用支出,成昌鮮花店,02981704,0.00,2400.00,,,,為民服務費用,金錢,臺中市西屯區****,,否,,,,,,,
329,楊大鋐,111年臺中市議員選舉,首次申報,1111108,租用宣傳車輛支出,光明路加油站,16337515,0.00,1000.00,,,,宣傳車輛燃料費用,金錢,臺中市西屯區****,,否,,,,,,,
330,楊大鋐,111年臺中市議員選舉,首次申報,1111108,公共關係費用支出,芳蘭園花卉行,45487463,0.00,6000.00,,,,為民服務費用,金錢,臺中市大雅區****,,否,,,,,,,
331,楊大鋐,111年臺中市議員選舉,首次申報,1111108,宣傳支出,宜泓自粘商標社,77234765,0.00,4200.00,,,,製作競選物品或宣傳廣告費用（物品名稱-小號碼貼）,金錢,臺中市西屯區****,,否,,,,,,,
332,楊大鋐,111年臺中市議員選舉,首次申報,1111109,交通旅運支出,台灣中油,77209837,0.00,1400.00,,,,油資,金錢,臺中市西屯區****,,否,,,,,,,
333,楊大鋐,111年臺中市議員選舉,首次申報,1111109,租用宣傳車輛支出,光鳳加油站,80019781,0.00,700.00,,,,宣傳車輛燃料費用,金錢,臺中市西屯區****,,否,,,,,,,
334,楊大鋐,111年臺中市議員選舉,首次申報,1111110,集會支出,源順桌行,45852644,0.00,12000.00,,,,租用設備費用,金錢,臺中市西屯區****,,否,,,,,,,
335,楊大鋐,111年臺中市議員選舉,首次申報,1111110,集會支出,龍輝餐飲店,74891077,0.00,20000.00,,,,餐飲費用,金錢,臺中市西屯區****,,否,,,,,,,
336,楊大鋐,111年臺中市議員選舉,首次申報,1111111,租用宣傳車輛支出,光明路加油站,16337515,0.00,1000.00,,,,宣傳車輛燃料費用,金錢,臺中市西屯區****,,否,,,,,,,
337,楊大鋐,111年臺中市議員選舉,首次申報,1111111,宣傳支出,偟格科技有限公司,60206104,0.00,300000.00,,,,播放、傳送或刊登宣傳廣告費用,金錢,臺中市烏日區****,,否,,,,,,,
338,楊大鋐,111年臺中市議員選舉,首次申報,1111111,租用宣傳車輛支出,光鳳加油站,80019781,0.00,700.00,,,,宣傳車輛燃料費用,金錢,臺中市西屯區****,,否,,,,,,,
339,楊大鋐,111年臺中市議員選舉,首次申報,1111111,集會支出,巧味香餐飲事業有限公司,83184588,0.00,24500.00,,,,餐飲費用,金錢,臺中市西屯區****,,否,,,,,,,
340,楊大鋐,111年臺中市議員選舉,首次申報,1111111,宣傳支出,環緯多媒體有限公司,85113075,0.00,67500.00,,,,播放、傳送或刊登宣傳廣告費用,金錢,苗栗縣竹南鎮****,,否,,,,,,,
341,楊大鋐,111年臺中市議員選舉,首次申報,1111112,雜支支出,必勝客,84311859,0.00,2578.00,,,,餐飲費用,金錢,臺中市西屯區****,,否,,,,,,,
342,楊大鋐,111年臺中市議員選舉,首次申報,1111112,集會支出,億有實業有限公司,86987110,0.00,52000.00,,,,餐飲費用,金錢,臺中市西屯區****,,否,,,,,,,
343,楊大鋐,111年臺中市議員選舉,首次申報,1111113,集會支出,地一行,17387251,0.00,11000.00,,,,租用設備費用,金錢,臺中市太平區****,,否,,,,,,,
344,楊大鋐,111年臺中市議員選舉,首次申報,1111115,返還捐贈支出,旭進塑膠股份有限公司,52228077,0.00,12000.00,,,,返還,金錢,臺中市南屯區****,,否,,,,,,,
345,楊大鋐,111年臺中市議員選舉,首次申報,1111115,返還捐贈支出,登峰工程顧問有限公司,63867206,0.00,30000.00,,,,返還,金錢,臺中市西屯區****,,否,,,,,,,
346,楊大鋐,111年臺中市議員選舉,首次申報,1111115,租用宣傳車輛支出,光鳳加油站,80019781,0.00,700.00,,,,宣傳車輛燃料費用,金錢,臺中市西屯區****,,否,,,,,,,
347,楊大鋐,111年臺中市議員選舉,首次申報,1111115,公共關係費用支出,老船長海鮮料理店,87106395,0.00,20000.00,,,,文康活動費用,金錢,臺中市北屯區****,,否,,,,,,,
348,楊大鋐,111年臺中市議員選舉,首次申報,1111116,租用宣傳車輛支出,光明路加油站,16337515,0.00,1000.00,,,,宣傳車輛燃料費用,金錢,臺中市西屯區****,,否,,,,,,,
349,楊大鋐,111年臺中市議員選舉,首次申報,1111116,雜支支出,好食在小吃店,26810764,0.00,6500.00,,,,餐飲費用,金錢,臺中市西屯區****,,否,,,,,,,
350,楊大鋐,111年臺中市議員選舉,首次申報,1111116,宣傳支出,聚泰環保材料科技股份有限公司,53493329,0.00,12000.00,,,,製作競選物品或宣傳廣告費用（物品名稱-請填寫）,金錢,彰化縣二水鄉****,,否,,,,,,,
351,楊大鋐,111年臺中市議員選舉,首次申報,1111116,宣傳支出,參角點影像工作室,88633368,0.00,30000.00,,,,製作競選物品或宣傳廣告費用（廣告影片）,金錢,臺中市太平區****,,否,,,,,,,
352,楊大鋐,111年臺中市議員選舉,首次申報,1111118,宣傳支出,偟格科技有限公司,60206104,0.00,200000.00,,,,播放、傳送或刊登宣傳廣告費用,金錢,臺中市烏日區****,,否,,,,,,,
353,楊大鋐,111年臺中市議員選舉,首次申報,1111118,租用宣傳車輛支出,光鳳加油站,80019781,0.00,700.00,,,,宣傳車輛燃料費用,金錢,臺中市西屯區****,,否,,,,,,,
354,楊大鋐,111年臺中市議員選舉,首次申報,1111119,集會支出,嘉家樂飲食店,39738772,0.00,13600.00,,,,餐飲費用,金錢,臺中市西屯區****,,否,,,,,,,
355,楊大鋐,111年臺中市議員選舉,首次申報,1111119,交通旅運支出,台灣中油,77209837,0.00,1400.00,,,,油資,金錢,臺中市西屯區****,,否,,,,,,,
356,楊大鋐,111年臺中市議員選舉,首次申報,1111119,集會支出,天寶速食快餐,77237236,0.00,5600.00,,,,餐飲費用,金錢,臺中市西屯區****,,否,,,,,,,
357,楊大鋐,111年臺中市議員選舉,首次申報,1111120,租用宣傳車輛支出,光明路加油站,16337515,0.00,1000.00,,,,宣傳車輛燃料費用,金錢,臺中市西屯區****,,否,,,,,,,
358,楊大鋐,111年臺中市議員選舉,首次申報,1111120,宣傳支出,偟格科技有限公司,60206104,0.00,300000.00,,,,製作競選物品或宣傳廣告費用（看板）,金錢,臺中市烏日區****,(04)*****,否,,,,,,,
359,楊大鋐,111年臺中市議員選舉,首次申報,1111120,租用宣傳車輛支出,光鳳加油站,80019781,0.00,700.00,,,,宣傳車輛燃料費用,金錢,臺中市西屯區****,,否,,,,,,,
360,楊大鋐,111年臺中市議員選舉,首次申報,1111121,雜支支出,台灣電力公司,03795904,0.00,12627.00,,,,水電瓦斯費用,金錢,臺北市中正區****,,否,,,,,,,
361,楊大鋐,111年臺中市議員選舉,首次申報,1111122,交通旅運支出,台灣中油,02980753,0.00,1093.00,,,,油資,金錢,臺中市西屯區****,,否,,,,,,,
362,楊大鋐,111年臺中市議員選舉,首次申報,1111122,交通旅運支出,北基世貿加油站,13747184,0.00,700.00,,,,油資,金錢,臺中市西屯區****,,否,,,,,,,
363,楊大鋐,111年臺中市議員選舉,首次申報,1111122,租用宣傳車輛支出,光明路加油站,16337515,0.00,920.00,,,,宣傳車輛燃料費用,金錢,臺中市西屯區****,,否,,,,,,,
364,楊大鋐,111年臺中市議員選舉,首次申報,1111123,雜支支出,久舜雕刻禮品社,17560738,0.00,8000.00,,,,雜項購置或修繕費用,金錢,臺中市西屯區****,,否,,,,,,,
365,楊大鋐,111年臺中市議員選舉,首次申報,1111123,宣傳支出,新潮工作室,19414938,0.00,15000.00,,,,製作競選物品或宣傳廣告費用（貼紙）,金錢,臺中市西屯區****,,否,,,,,,,
366,楊大鋐,111年臺中市議員選舉,首次申報,1111123,宣傳支出,一明廣告社,97922522,0.00,2500.00,,,,製作競選物品或宣傳廣告費用（物品名稱-布條）,金錢,臺中市南屯區****,,否,,,,,,,
367,楊大鋐,111年臺中市議員選舉,首次申報,1111125,租用宣傳車輛支出,光明路加油站,16337515,0.00,1000.00,,,,宣傳車輛燃料費用,金錢,臺中市西屯區****,,否,,,,,,,
368,楊大鋐,111年臺中市議員選舉,首次申報,1111125,租用宣傳車輛支出,光鳳加油站,80019781,0.00,700.00,,,,宣傳車輛燃料費用,金錢,臺中市西屯區****,,否,,,,,,,
369,楊大鋐,111年臺中市議員選舉,首次申報,1111125,雜支支出,上好生醫科技股份有限公司,83691183,0.00,3150.00,,,,雜項購置或修繕費用,金錢,臺中市西屯區****,,否,,,,,,,
370,楊大鋐,111年臺中市議員選舉,首次申報,1111126,雜支支出,皇家蛋糕有限公司,80638869,0.00,1150.00,,,,餐飲費用,金錢,臺中市西屯區****,,否,,,,,,,
371,楊大鋐,111年臺中市議員選舉,首次申報,1111126,雜支支出,好市多股份有限公司北台中分公司,83794478,0.00,6947.00,,,,餐飲費用,金錢,臺中市北屯區****,,否,,,,,,,
372,楊大鋐,111年臺中市議員選舉,首次申報,1111127,雜支支出,八蕃日本料理,97904025,0.00,5600.00,,,,餐飲費用,金錢,臺中市西屯區****,,否,,,,,,,
373,楊大鋐,111年臺中市議員選舉,首次申報,1111128,雜支支出,龍輝餐飲店,74891077,0.00,24000.00,,,,餐飲費用,金錢,臺中市西屯區****,,否,,,,,,,
374,楊大鋐,111年臺中市議員選舉,首次申報,1111129,租用宣傳車輛支出,全順汽車電機材料行,52572444,0.00,1500.00,,,,維修宣傳車輛費用,金錢,臺中市西屯區****,,否,,,,,,,
375,楊大鋐,111年臺中市議員選舉,首次申報,1111129,雜支支出,巧味香餐飲事業有限公司,83184588,0.00,35500.00,,,,餐飲費用,金錢,臺中市西屯區****,,否,,,,,,,
376,楊大鋐,111年臺中市議員選舉,首次申報,1111129,人事費用支出,邱寶珠,B20*******,0.00,10000.00,,,,工資或薪津,金錢,臺中市西屯區****,,否,,,,,,,
377,楊大鋐,111年臺中市議員選舉,首次申報,1111129,人事費用支出,林淑貞,E20*******,0.00,18850.00,,,,工資或薪津,金錢,臺中市西屯區****,,否,,,,,,,
378,楊大鋐,111年臺中市議員選舉,首次申報,1111129,人事費用支出,任如芬,K22*******,0.00,12600.00,,,,工資或薪津,金錢,臺中市西屯區****,,否,,,,,,,
379,楊大鋐,111年臺中市議員選舉,首次申報,1111129,人事費用支出,謝古權,L10*******,0.00,10000.00,,,,其他因工作酬勞之給付,金錢,臺中市北區中****,,否,,,,,,,
380,楊大鋐,111年臺中市議員選舉,首次申報,1111129,人事費用支出,張菊,L22*******,0.00,19200.00,,,,工資或薪津,金錢,臺中市西屯區****,,否,,,,,,,
381,楊大鋐,111年臺中市議員選舉,首次申報,1111129,人事費用支出,吳宛庭,T22*******,0.00,30000.00,,,,工資或薪津,金錢,臺中市南屯區****,,否,,,,,,,
382,楊大鋐,111年臺中市議員選舉,首次申報,1111129,人事費用支出,吳宛庭,T22*******,0.00,10000.00,,,,獎金或津貼,金錢,臺中市南屯區****,,否,,,,,,,
383,楊大鋐,111年臺中市議員選舉,首次申報,1111130,雜支支出,龍二日本料理食堂,40702695,0.00,9690.00,,,,餐飲費用,金錢,臺中市西屯區****,,否,,,,,,,
384,楊大鋐,111年臺中市議員選舉,首次申報,1111201,人事費用支出,林茂華,K12*******,0.00,3000.00,,,,工資或薪津,金錢,臺中市西屯區****,,否,,,,,,,
385,楊大鋐,111年臺中市議員選舉,首次申報,1111201,人事費用支出,梁永裕,L12*******,0.00,30000.00,,,,工資或薪津,金錢,臺中市西屯區****,,否,,,,,,,
386,楊大鋐,111年臺中市議員選舉,首次申報,1111201,人事費用支出,林茂廣,M12*******,0.00,3000.00,,,,工資或薪津,金錢,臺中市西屯區****,,否,,,,,,,
387,楊大鋐,111年臺中市議員選舉,首次申報,1111201,人事費用支出,謝東海,N12*******,0.00,3000.00,,,,工資或薪津,金錢,臺中市西屯區****,,否,,,,,,,
388,楊大鋐,111年臺中市議員選舉,首次申報,1111201,人事費用支出,張永吉,P12*******,0.00,39000.00,,,,工資或薪津,金錢,臺中市西區中****,,否,,,,,,,
389,楊大鋐,111年臺中市議員選舉,首次申報,1111202,公共關係費用支出,傳家寶教育贈品社,14597418,0.00,3900.00,,,,聯誼交際費用,金錢,臺中市北屯區****,,否,,,,,,,
390,楊大鋐,111年臺中市議員選舉,首次申報,1111202,公共關係費用支出,傳家寶教育贈品社,14597418,0.00,1500.00,,,,為民服務費用,金錢,臺中市北屯區****,,否,,,,,,,
391,楊大鋐,111年臺中市議員選舉,首次申報,1111202,雜支支出,好食在小吃店,26810764,0.00,4400.00,,,,餐飲費用,金錢,臺中市西屯區****,,否,,,,,,,
392,楊大鋐,111年臺中市議員選舉,首次申報,1111205,雜支支出,龍輝餐飲店,74891077,0.00,12000.00,,,,餐飲費用,金錢,臺中市西屯區****,,否,,,,,,,
393,楊大鋐,111年臺中市議員選舉,首次申報,1111206,雜支支出,龍二日本料理食堂,40702695,0.00,32000.00,,,,餐飲費用,金錢,臺中市西屯區****,,否,,,,,,,
394,楊大鋐,111年臺中市議員選舉,首次申報,1111209,雜支支出,中華電信,52003801,0.00,32766.00,,,,電信費用,金錢,臺中市西區市****,,否,,,,,,,
395,楊大鋐,111年臺中市議員選舉,首次申報,1111210,租用競選辦事處支出,乙吉電話企業有限公司,05426309,0.00,14700.00,,,,裝潢競選辦事處費用,金錢,臺中市北區進****,,否,,,,,,,
396,楊大鋐,111年臺中市議員選舉,首次申報,1111213,雜支支出,文毅小吃店,21456096,0.00,8000.00,,,,餐飲費用,金錢,臺中市大雅區****,,否,,,,,,,
397,楊大鋐,111年臺中市議員選舉,首次申報,1111213,雜支支出,天嚐地酒有限公司,90892354,0.00,12000.00,,,,餐飲費用,金錢,臺中市西屯區****,,否,,,,,,,
398,楊大鋐,111年臺中市議員選舉,首次申報,1111215,雜支支出,台灣電力公司,03795904,0.00,12820.00,,,,水電瓦斯費用,金錢,臺北市中正區****,,否,,,,,,,
399,楊大鋐,111年臺中市議員選舉,首次申報,1111215,雜支支出,伯國服裝行,17804690,0.00,9500.00,,,,雜項購置或修繕費用,金錢,臺中市沙鹿區****,,否,,,,,,,
400,楊大鋐,111年臺中市議員選舉,首次申報,1111215,雜支支出,台灣自來水股份有限公司,52242444,0.00,952.00,,,,水電瓦斯費用,金錢,臺中市北區雙****,,否,,,,,,,
401,楊大鋐,111年臺中市議員選舉,首次申報,1111215,雜支支出,天嚐地酒有限公司,90892354,0.00,28000.00,,,,餐飲費用,金錢,臺中市西屯區****,,否,,,,,,,
402,楊大鋐,111年臺中市議員選舉,首次申報,1111217,人事費用支出,楊微真,D22*******,0.00,65000.00,,,,獎金或津貼,金錢,臺中市北區五****,,否,,,,,,,
403,楊大鋐,111年臺中市議員選舉,首次申報,1111217,人事費用支出,林茂華,K12*******,0.00,65000.00,,,,獎金或津貼,金錢,臺中市西屯區****,,否,,,,,,,
404,楊大鋐,111年臺中市議員選舉,首次申報,1111217,人事費用支出,梁永裕,L12*******,0.00,60000.00,,,,獎金或津貼,金錢,臺中市西屯區****,,否,,,,,,,
405,楊大鋐,111年臺中市議員選舉,首次申報,1111217,人事費用支出,林茂廣,M12*******,0.00,65000.00,,,,獎金或津貼,金錢,臺中市西屯區****,,否,,,,,,,
406,楊大鋐,111年臺中市議員選舉,首次申報,1111217,人事費用支出,謝東海,N12*******,0.00,65000.00,,,,獎金或津貼,金錢,臺中市西屯區****,,否,,,,,,,
407,楊大鋐,111年臺中市議員選舉,首次申報,1111217,人事費用支出,張永吉,P12*******,0.00,70000.00,,,,獎金或津貼,金錢,臺中市西區中****,,否,,,,,,,
408,楊大鋐,111年臺中市議員選舉,首次申報,1111217,人事費用支出,張淑婉,Q22*******,0.00,65000.00,,,,獎金或津貼,金錢,臺中市西屯區****,,否,,,,,,,
409,楊大鋐,111年臺中市議員選舉,首次申報,1111217,人事費用支出,吳惠忠,T12*******,0.00,65000.00,,,,獎金或津貼,金錢,臺中市南屯區****,,否,,,,,,,
410,楊大鋐,111年臺中市議員選舉,首次申報,1111223,雜支支出,盈科企業社,92244073,0.00,2426.00,,,,雜項購置或修繕費用,金錢,臺中市西屯區****,,否,,,,,,,
