﻿序號,擬參選人／政黨,選舉名稱,申報序號／年度,交易日期,收支科目,捐贈者／支出對象,身分證／統一編號,收入金額,支出金額,支出用途,金錢類,地址,聯絡電話,資料更正日期
1,李世安,107年村(里)長選舉,首次申報,1071102,個人捐贈收入,林子玉,F22*******,100000.00,0.00,,金錢,桃園市龍潭區****,0952*****,
2,李世安,107年村(里)長選舉,首次申報,1071105,個人捐贈收入,張維垣,P12*******,10000.00,0.00,,金錢,桃園市龍潭區****,0936*****,
3,李世安,107年村(里)長選舉,首次申報,1071107,個人捐贈收入,華正仁˙,F12*******,50000.00,0.00,,金錢,桃園市龍潭區****,03-4*****,
4,李世安,107年村(里)長選舉,首次申報,1071108,個人捐贈收入,黃明順,,6000.00,0.00,,金錢,,0932*****,
5,李世安,107年村(里)長選舉,首次申報,1071109,個人捐贈收入,林中正,,6000.00,0.00,,金錢,,0929*****,
6,李世安,107年村(里)長選舉,首次申報,1071109,個人捐贈收入,周陳瓊梅,,2000.00,0.00,,金錢,,0933*****,
7,李世安,107年村(里)長選舉,首次申報,1071110,個人捐贈收入,曹惠芳,,3000.00,0.00,,金錢,,0928*****,
8,李世安,107年村(里)長選舉,首次申報,1071110,個人捐贈收入,林坤益,,3000.00,0.00,,金錢,,0912*****,
9,李世安,107年村(里)長選舉,首次申報,1071110,個人捐贈收入,蔡瓊玲,,2000.00,0.00,,金錢,,0970*****,
10,李世安,107年村(里)長選舉,首次申報,1071111,個人捐贈收入,李珮蓁,,3000.00,0.00,,金錢,,0919*****,
11,李世安,107年村(里)長選舉,首次申報,1071111,個人捐贈收入,張正中,,3000.00,0.00,,金錢,桃園市龍潭區****,03-4*****,
12,李世安,107年村(里)長選舉,首次申報,1071112,個人捐贈收入,胡秀琴,,1000.00,0.00,,金錢,,0961*****,
13,李世安,107年村(里)長選舉,首次申報,1071112,個人捐贈收入,余玲瑩,,1000.00,0.00,,金錢,,0932*****,
14,李世安,107年村(里)長選舉,首次申報,1071113,個人捐贈收入,劉春金,,1200.00,0.00,,金錢,,0983*****,
15,李世安,107年村(里)長選舉,首次申報,1071113,個人捐贈收入,陳素修,,2000.00,0.00,,金錢,,0912*****,
16,李世安,107年村(里)長選舉,首次申報,1071113,個人捐贈收入,張金繁,,2000.00,0.00,,金錢,,0972*****,
17,李世安,107年村(里)長選舉,首次申報,1071113,個人捐贈收入,郭錦香,,2000.00,0.00,,金錢,桃園市龍潭區****,0933*****,
18,李世安,107年村(里)長選舉,首次申報,1071114,個人捐贈收入,林正宗,,2000.00,0.00,,金錢,,0965*****,
19,李世安,107年村(里)長選舉,首次申報,1071114,個人捐贈收入,廖瑞嘉,,2000.00,0.00,,金錢,,0988*****,
20,李世安,107年村(里)長選舉,首次申報,1071114,個人捐贈收入,蘇國輝,,2000.00,0.00,,金錢,,0932*****,
21,李世安,107年村(里)長選舉,首次申報,1071115,個人捐贈收入,干劉花姜,,2000.00,0.00,,金錢,,0917*****,
22,李世安,107年村(里)長選舉,首次申報,1071115,個人捐贈收入,周志恆,,3000.00,0.00,,金錢,,0932*****,
23,李世安,107年村(里)長選舉,首次申報,1071115,個人捐贈收入,邱奕信,,3000.00,0.00,,金錢,,0953*****,
24,李世安,107年村(里)長選舉,首次申報,1071117,個人捐贈收入,蔡長龍,,2000.00,0.00,,金錢,,0937*****,
25,李世安,107年村(里)長選舉,首次申報,1071118,個人捐贈收入,林進儒,,2000.00,0.00,,金錢,,0928*****,
