﻿序號,擬參選人／政黨,選舉名稱,申報序號／年度,交易日期,收支科目,捐贈者／支出對象,身分證／統一編號,收入金額,支出金額,捐贈方式,存入專戶日期,返還/繳庫,支出用途,金錢類,地址,聯絡電話,應揭露之支出對象,支出對象之內部人員姓名,支出對象之內部人員職稱,政黨之內部人員姓名,政黨之內部人員職稱,關係,更正註記,資料更正日期
1,吳達偉,111年新北市議員選舉,首次申報,1110505,租用競選辦事處支出,許博竣,P12*******,0.00,25000.00,,,,競選辦公室租金,金錢,,0935*****,否,,,,,,,
2,吳達偉,111年新北市議員選舉,首次申報,1110527,雜支支出,應援科技,83763685,0.00,52.00,,,,政治獻金系統手續費,金錢,台北市內湖區****,2627*****,否,,,,,,,
3,吳達偉,111年新北市議員選舉,首次申報,1110531,雜支支出,應援科技,83763685,0.00,25200.00,,,,政治獻金系統手續費,金錢,台北市內湖區****,2627*****,否,,,,,,,
4,吳達偉,111年新北市議員選舉,首次申報,1110601,雜支支出,藍新科技,70565326,0.00,3481.00,,,,政治獻金系統手續費,金錢,台北市南港區****,,否,,,,,,,
5,吳達偉,111年新北市議員選舉,首次申報,1110602,雜支支出,應援科技,83763685,0.00,237.00,,,,政治獻金系統手續費,金錢,台北市內湖區****,2627*****,否,,,,,,,
6,吳達偉,111年新北市議員選舉,首次申報,1110605,租用競選辦事處支出,許博竣,P12*******,0.00,25000.00,,,,競選辦公室租金,金錢,,0935*****,否,,,,,,,
7,吳達偉,111年新北市議員選舉,首次申報,1110610,雜支支出,應援科技,83763685,0.00,52.00,,,,政治獻金系統手續費,金錢,台北市內湖區****,2627*****,否,,,,,,,
8,吳達偉,111年新北市議員選舉,首次申報,1110617,雜支支出,應援科技,83763685,0.00,25.00,,,,政治獻金系統手續費,金錢,台北市內湖區****,2627*****,否,,,,,,,
9,吳達偉,111年新北市議員選舉,首次申報,1110624,雜支支出,應援科技,83763685,0.00,43.00,,,,政治獻金系統手續費,金錢,台北市內湖區****,2627*****,否,,,,,,,
10,吳達偉,111年新北市議員選舉,首次申報,1110630,人事費用支出,許詩芃,F22*******,0.00,40000.00,,,,選務人員月人事費,金錢,新北市板橋區****,,否,,,,,,,
11,吳達偉,111年新北市議員選舉,首次申報,1110701,雜支支出,50嵐,09819967,0.00,80.00,,,,餐飲費用,金錢,,,否,,,,,,,
12,吳達偉,111年新北市議員選舉,首次申報,1110701,交通旅運支出,宏匯,24721268,0.00,70.00,,,,停車費,金錢,,,否,,,,,,,
13,吳達偉,111年新北市議員選舉,首次申報,1110701,雜支支出,藍新科技,70565326,0.00,1157.00,,,,政治獻金系統手續費,金錢,台北市南港區****,,否,,,,,,,
14,吳達偉,111年新北市議員選舉,首次申報,1110701,雜支支出,電鯨,82943366,0.00,60.00,,,,餐飲費用,金錢,,,否,,,,,,,
15,吳達偉,111年新北市議員選舉,首次申報,1110701,雜支支出,應援科技,83763685,0.00,25.00,,,,政治獻金系統手續費,金錢,台北市內湖區****,2627*****,否,,,,,,,
16,吳達偉,111年新北市議員選舉,首次申報,1110702,雜支支出,清心,09967426,0.00,30.00,,,,餐飲費用,金錢,,,否,,,,,,,
17,吳達偉,111年新北市議員選舉,首次申報,1110703,交通旅運支出,台亞石油,09665604,0.00,100.00,,,,油費,金錢,,,否,,,,,,,
18,吳達偉,111年新北市議員選舉,首次申報,1110703,雜支支出,清心,09967426,0.00,30.00,,,,餐飲費用,金錢,,,否,,,,,,,
19,吳達偉,111年新北市議員選舉,首次申報,1110703,雜支支出,7-11,54914328,0.00,74.00,,,,餐飲費用,金錢,,,否,,,,,,,
20,吳達偉,111年新北市議員選舉,首次申報,1110704,雜支支出,梁季,99790603,0.00,270.00,,,,餐飲費用,金錢,,,否,,,,,,,
21,吳達偉,111年新北市議員選舉,首次申報,1110705,雜支支出,清心,40976202,0.00,30.00,,,,餐飲費用,金錢,,,否,,,,,,,
22,吳達偉,111年新北市議員選舉,首次申報,1110705,雜支支出,烏弄,87492376,0.00,40.00,,,,餐飲費用,金錢,,,否,,,,,,,
23,吳達偉,111年新北市議員選舉,首次申報,1110705,租用競選辦事處支出,許博竣,P12*******,0.00,25000.00,,,,競選辦公室租金,金錢,,0935*****,否,,,,,,,
24,吳達偉,111年新北市議員選舉,首次申報,1110706,雜支支出,油庫口,73790430,0.00,35.00,,,,餐飲費用,金錢,,,否,,,,,,,
25,吳達偉,111年新北市議員選舉,首次申報,1110708,交通旅運支出,普客二四,73714406,0.00,150.00,,,,停車費,金錢,,,否,,,,,,,
26,吳達偉,111年新北市議員選舉,首次申報,1110708,雜支支出,閃電,82117990,0.00,50.00,,,,餐飲費用,金錢,,,否,,,,,,,
27,吳達偉,111年新北市議員選舉,首次申報,1110708,雜支支出,閃電,82117990,0.00,40.00,,,,餐飲費用,金錢,,,否,,,,,,,
28,吳達偉,111年新北市議員選舉,首次申報,1110708,雜支支出,應援科技,83763685,0.00,753.00,,,,政治獻金系統手續費,金錢,台北市內湖區****,2627*****,否,,,,,,,
29,吳達偉,111年新北市議員選舉,首次申報,1110709,雜支支出,50嵐,21515264,0.00,55.00,,,,餐飲費用,金錢,,,否,,,,,,,
30,吳達偉,111年新北市議員選舉,首次申報,1110709,雜支支出,九乘九,90174369,0.00,79.00,,,,雙面膠,金錢,,,否,,,,,,,
31,吳達偉,111年新北市議員選舉,首次申報,1110710,雜支支出,50嵐,09636019,0.00,35.00,,,,餐飲費用,金錢,,,否,,,,,,,
32,吳達偉,111年新北市議員選舉,首次申報,1110710,雜支支出,清心,34759495,0.00,30.00,,,,餐飲費用,金錢,,,否,,,,,,,
33,吳達偉,111年新北市議員選舉,首次申報,1110711,雜支支出,茗陽,30116160,0.00,45.00,,,,餐飲費用,金錢,,,否,,,,,,,
34,吳達偉,111年新北市議員選舉,首次申報,1110712,雜支支出,兩津號,90575370,0.00,95.00,,,,餐飲費用,金錢,,,否,,,,,,,
35,吳達偉,111年新北市議員選舉,首次申報,1110712,雜支支出,盛吉,99352441,0.00,1750.00,,,,餐飲費用,金錢,,,否,,,,,,,
36,吳達偉,111年新北市議員選舉,首次申報,1110713,雜支支出,大醬,26546651,0.00,1164.00,,,,餐飲費用,金錢,,,否,,,,,,,
37,吳達偉,111年新北市議員選舉,首次申報,1110713,雜支支出,7-11,54372626,0.00,39.00,,,,餐飲費用,金錢,,,否,,,,,,,
38,吳達偉,111年新北市議員選舉,首次申報,1110713,雜支支出,油庫口,73790430,0.00,35.00,,,,餐飲費用,金錢,,,否,,,,,,,
39,吳達偉,111年新北市議員選舉,首次申報,1110713,雜支支出,閃電,82117990,0.00,40.00,,,,餐飲費用,金錢,,,否,,,,,,,
40,吳達偉,111年新北市議員選舉,首次申報,1110714,雜支支出,遠百,53014088,0.00,95.00,,,,餐飲費用,金錢,,,否,,,,,,,
41,吳達偉,111年新北市議員選舉,首次申報,1110714,雜支支出,遠百,53014088,0.00,209.00,,,,餐飲費用,金錢,,,否,,,,,,,
42,吳達偉,111年新北市議員選舉,首次申報,1110714,雜支支出,遠百,53014088,0.00,120.00,,,,餐飲費用,金錢,,,否,,,,,,,
43,吳達偉,111年新北市議員選舉,首次申報,1110714,雜支支出,閃電,82117990,0.00,40.00,,,,餐飲費用,金錢,,,否,,,,,,,
44,吳達偉,111年新北市議員選舉,首次申報,1110715,雜支支出,寶雅,54386902,0.00,299.00,,,,清潔用品,金錢,,,否,,,,,,,
45,吳達偉,111年新北市議員選舉,首次申報,1110715,雜支支出,勝立,80499655,0.00,59.00,,,,清潔用品,金錢,,,否,,,,,,,
46,吳達偉,111年新北市議員選舉,首次申報,1110715,雜支支出,應援科技,83763685,0.00,264.00,,,,政治獻金系統手續費,金錢,台北市內湖區****,2627*****,否,,,,,,,
47,吳達偉,111年新北市議員選舉,首次申報,1110715,雜支支出,兩津號,90575370,0.00,110.00,,,,餐飲費用,金錢,,,否,,,,,,,
48,吳達偉,111年新北市議員選舉,首次申報,1110715,雜支支出,陸柒零,91421579,0.00,40.00,,,,餐飲費用,金錢,,,否,,,,,,,
49,吳達偉,111年新北市議員選舉,首次申報,1110716,雜支支出,佑展,09916813,0.00,35.00,,,,餐飲費用,金錢,,,否,,,,,,,
50,吳達偉,111年新北市議員選舉,首次申報,1110716,交通旅運支出,全國,41217307,0.00,80.00,,,,油費,金錢,,,否,,,,,,,
51,吳達偉,111年新北市議員選舉,首次申報,1110716,雜支支出,山焙,91234668,0.00,45.00,,,,餐飲費用,金錢,,,否,,,,,,,
52,吳達偉,111年新北市議員選舉,首次申報,1110717,雜支支出,初韻,87318855,0.00,80.00,,,,餐飲費用,金錢,,,否,,,,,,,
53,吳達偉,111年新北市議員選舉,首次申報,1110717,雜支支出,樂崎,90673750,0.00,1117.00,,,,餐飲費用,金錢,,,否,,,,,,,
54,吳達偉,111年新北市議員選舉,首次申報,1110718,雜支支出,好事多,16439323,0.00,5693.00,,,,餐飲費用,金錢,,,否,,,,,,,
55,吳達偉,111年新北市議員選舉,首次申報,1110718,雜支支出,歇腳亭,42520398,0.00,167.00,,,,餐飲費用,金錢,,,否,,,,,,,
56,吳達偉,111年新北市議員選舉,首次申報,1110718,雜支支出,久大文具,42995535,0.00,220.00,,,,長尾夾,金錢,,,否,,,,,,,
57,吳達偉,111年新北市議員選舉,首次申報,1110719,雜支支出,遠百,53014088,0.00,50.00,,,,餐飲費用,金錢,,,否,,,,,,,
58,吳達偉,111年新北市議員選舉,首次申報,1110719,雜支支出,遠百,53014088,0.00,95.00,,,,餐飲費用,金錢,,,否,,,,,,,
59,吳達偉,111年新北市議員選舉,首次申報,1110719,雜支支出,兩津號,90575370,0.00,95.00,,,,餐飲費用,金錢,,,否,,,,,,,
60,吳達偉,111年新北市議員選舉,首次申報,1110720,交通旅運支出,台灣中油,34548648,0.00,96.00,,,,油費,金錢,,,否,,,,,,,
61,吳達偉,111年新北市議員選舉,首次申報,1110720,雜支支出,遠百,53014088,0.00,20.00,,,,餐飲費用,金錢,,,否,,,,,,,
62,吳達偉,111年新北市議員選舉,首次申報,1110720,雜支支出,遠百,53014088,0.00,85.00,,,,餐飲費用,金錢,,,否,,,,,,,
63,吳達偉,111年新北市議員選舉,首次申報,1110721,雜支支出,青花驕,85316557,0.00,4468.00,,,,餐飲費用,金錢,,,否,,,,,,,
64,吳達偉,111年新北市議員選舉,首次申報,1110721,交通旅運支出,168停車聯盟,88231625,0.00,140.00,,,,停車費,金錢,,,否,,,,,,,
65,吳達偉,111年新北市議員選舉,首次申報,1110722,雜支支出,應援科技,83763685,0.00,196.00,,,,政治獻金系統手續費,金錢,台北市內湖區****,2627*****,否,,,,,,,
66,吳達偉,111年新北市議員選舉,首次申報,1110722,雜支支出,玉仙申,85434560,0.00,120.00,,,,餐飲費用,金錢,,,否,,,,,,,
67,吳達偉,111年新北市議員選舉,首次申報,1110723,雜支支出,50嵐,21515264,0.00,55.00,,,,餐飲費用,金錢,,,否,,,,,,,
68,吳達偉,111年新北市議員選舉,首次申報,1110723,雜支支出,遠百,53014088,0.00,362.00,,,,餐飲費用,金錢,,,否,,,,,,,
69,吳達偉,111年新北市議員選舉,首次申報,1110723,雜支支出,遠百,53014088,0.00,140.00,,,,餐飲費用,金錢,,,否,,,,,,,
70,吳達偉,111年新北市議員選舉,首次申報,1110723,雜支支出,遠百,53014088,0.00,95.00,,,,餐飲費用,金錢,,,否,,,,,,,
71,吳達偉,111年新北市議員選舉,首次申報,1110724,雜支支出,清心,26682992,0.00,30.00,,,,餐飲費用,金錢,,,否,,,,,,,
72,吳達偉,111年新北市議員選舉,首次申報,1110725,雜支支出,遠百,53014088,0.00,709.00,,,,餐飲費用,金錢,,,否,,,,,,,
73,吳達偉,111年新北市議員選舉,首次申報,1110726,雜支支出,嘜記,24930949,0.00,612.00,,,,餐飲費用,金錢,,,否,,,,,,,
74,吳達偉,111年新北市議員選舉,首次申報,1110726,雜支支出,50嵐,38472134,0.00,45.00,,,,餐飲費用,金錢,,,否,,,,,,,
75,吳達偉,111年新北市議員選舉,首次申報,1110726,雜支支出,遠百,53014088,0.00,1067.00,,,,餐飲費用,金錢,,,否,,,,,,,
76,吳達偉,111年新北市議員選舉,首次申報,1110726,雜支支出,7-11,54372626,0.00,12.00,,,,手續費,金錢,,,否,,,,,,,
77,吳達偉,111年新北市議員選舉,首次申報,1110727,雜支支出,SUKIYA,42368458,0.00,234.00,,,,餐飲費用,金錢,,,否,,,,,,,
78,吳達偉,111年新北市議員選舉,首次申報,1110727,雜支支出,50嵐,48979505,0.00,80.00,,,,餐飲費用,金錢,,,否,,,,,,,
79,吳達偉,111年新北市議員選舉,首次申報,1110727,雜支支出,遠百,53014088,0.00,160.00,,,,餐飲費用,金錢,,,否,,,,,,,
80,吳達偉,111年新北市議員選舉,首次申報,1110728,雜支支出,煌河,12930629,0.00,135.00,,,,餐飲費用,金錢,,,否,,,,,,,
81,吳達偉,111年新北市議員選舉,首次申報,1110728,雜支支出,富國鼎,50974386,0.00,150.00,,,,餐飲費用,金錢,,,否,,,,,,,
82,吳達偉,111年新北市議員選舉,首次申報,1110728,雜支支出,富國鼎,50974386,0.00,200.00,,,,餐飲費用,金錢,,,否,,,,,,,
83,吳達偉,111年新北市議員選舉,首次申報,1110728,雜支支出,遠百,53014088,0.00,20.00,,,,餐飲費用,金錢,,,否,,,,,,,
84,吳達偉,111年新北市議員選舉,首次申報,1110728,雜支支出,遠百,53014088,0.00,79.00,,,,餐飲費用,金錢,,,否,,,,,,,
85,吳達偉,111年新北市議員選舉,首次申報,1110729,雜支支出,君格,17263673,0.00,330.00,,,,餐飲費用,金錢,,,否,,,,,,,
86,吳達偉,111年新北市議員選舉,首次申報,1110729,雜支支出,50嵐,21515264,0.00,45.00,,,,餐飲費用,金錢,,,否,,,,,,,
87,吳達偉,111年新北市議員選舉,首次申報,1110729,雜支支出,全家,53673526,0.00,35.00,,,,餐飲費用,金錢,,,否,,,,,,,
88,吳達偉,111年新北市議員選舉,首次申報,1110729,雜支支出,應援科技,83763685,0.00,30.00,,,,政治獻金系統手續費,金錢,台北市內湖區****,2627*****,否,,,,,,,
89,吳達偉,111年新北市議員選舉,首次申報,1110729,雜支支出,7-11,84448068,0.00,6.00,,,,手續費,金錢,,,否,,,,,,,
90,吳達偉,111年新北市議員選舉,首次申報,1110729,雜支支出,玉仙申,85434560,0.00,60.00,,,,餐飲費用,金錢,,,否,,,,,,,
91,吳達偉,111年新北市議員選舉,首次申報,1110729,雜支支出,屈臣氏,86382843,0.00,399.00,,,,日用品,金錢,,,否,,,,,,,
92,吳達偉,111年新北市議員選舉,首次申報,1110729,雜支支出,九乘九,90174369,0.00,100.00,,,,印章,金錢,,,否,,,,,,,
93,吳達偉,111年新北市議員選舉,首次申報,1110730,雜支支出,大魔,82123557,0.00,1614.00,,,,餐飲費用,金錢,,,否,,,,,,,
94,吳達偉,111年新北市議員選舉,首次申報,1110730,雜支支出,路易莎,83692269,0.00,40.00,,,,餐飲費用,金錢,,,否,,,,,,,
95,吳達偉,111年新北市議員選舉,首次申報,1110730,雜支支出,功夫茶,91194716,0.00,45.00,,,,餐飲費用,金錢,,,否,,,,,,,
96,吳達偉,111年新北市議員選舉,首次申報,1110731,人事費用支出,許詩芃,F22*******,0.00,40000.00,,,,選務人員月人事費,金錢,新北市板橋區****,,否,,,,,,,
97,吳達偉,111年新北市議員選舉,首次申報,1110801,雜支支出,環球,27926172,0.00,45.00,,,,餐飲費用,金錢,,,否,,,,,,,
98,吳達偉,111年新北市議員選舉,首次申報,1110801,雜支支出,環球,27926172,0.00,1540.00,,,,餐飲費用,金錢,,,否,,,,,,,
99,吳達偉,111年新北市議員選舉,首次申報,1110801,雜支支出,藍新科技,70565326,0.00,196.00,,,,政治獻金系統手續費,金錢,,,否,,,,,,,
100,吳達偉,111年新北市議員選舉,首次申報,1110801,雜支支出,12mini,73680378,0.00,244.00,,,,餐飲費用,金錢,,,否,,,,,,,
101,吳達偉,111年新北市議員選舉,首次申報,1110803,雜支支出,遠百,53014088,0.00,120.00,,,,餐飲費用,金錢,,,否,,,,,,,
102,吳達偉,111年新北市議員選舉,首次申報,1110803,雜支支出,遠百,53014088,0.00,1270.00,,,,餐飲費用,金錢,,,否,,,,,,,
103,吳達偉,111年新北市議員選舉,首次申報,1110803,雜支支出,7-11,54372626,0.00,12.00,,,,手續費,金錢,,,否,,,,,,,
104,吳達偉,111年新北市議員選舉,首次申報,1110804,雜支支出,TAIPEI101,16095410,0.00,50.00,,,,餐飲費用,金錢,,,否,,,,,,,
105,吳達偉,111年新北市議員選舉,首次申報,1110804,雜支支出,TAIPEI101,16095410,0.00,100.00,,,,餐飲費用,金錢,,,否,,,,,,,
106,吳達偉,111年新北市議員選舉,首次申報,1110804,雜支支出,TAIPEI101,16095410,0.00,50.00,,,,餐飲費用,金錢,,,否,,,,,,,
107,吳達偉,111年新北市議員選舉,首次申報,1110804,雜支支出,TAIPEI101,16095410,0.00,170.00,,,,餐飲費用,金錢,,,否,,,,,,,
108,吳達偉,111年新北市議員選舉,首次申報,1110804,交通旅運支出,北基新海,23218091,0.00,100.00,,,,油費,金錢,,,否,,,,,,,
109,吳達偉,111年新北市議員選舉,首次申報,1110804,交通旅運支出,歐特儀,88113015,0.00,60.00,,,,停車費,金錢,,,否,,,,,,,
110,吳達偉,111年新北市議員選舉,首次申報,1110805,雜支支出,博多,70561314,0.00,330.00,,,,餐飲費用,金錢,,,否,,,,,,,
111,吳達偉,111年新北市議員選舉,首次申報,1110805,雜支支出,應援科技,83763685,0.00,779.00,,,,政治獻金系統手續費,金錢,台北市內湖區****,2627*****,否,,,,,,,
112,吳達偉,111年新北市議員選舉,首次申報,1110805,租用競選辦事處支出,許博竣,P12*******,0.00,25000.00,,,,競選辦公室租金,金錢,,0935*****,否,,,,,,,
113,吳達偉,111年新北市議員選舉,首次申報,1110806,雜支支出,遠百,53014088,0.00,1274.00,,,,餐飲費用,金錢,,,否,,,,,,,
114,吳達偉,111年新北市議員選舉,首次申報,1110807,交通旅運支出,台灣中油,34548648,0.00,85.00,,,,油費,金錢,,,否,,,,,,,
115,吳達偉,111年新北市議員選舉,首次申報,1110807,雜支支出,五桐號,91041634,0.00,94.00,,,,餐飲費用,金錢,,,否,,,,,,,
116,吳達偉,111年新北市議員選舉,首次申報,1110807,雜支支出,50嵐,91214972,0.00,45.00,,,,餐飲費用,金錢,,,否,,,,,,,
117,吳達偉,111年新北市議員選舉,首次申報,1110808,雜支支出,新東陽,26684014,0.00,45.00,,,,餐飲費用,金錢,,,否,,,,,,,
118,吳達偉,111年新北市議員選舉,首次申報,1110808,雜支支出,新東陽,26684014,0.00,34.00,,,,餐飲費用,金錢,,,否,,,,,,,
119,吳達偉,111年新北市議員選舉,首次申報,1110808,雜支支出,7-11,54372626,0.00,60.00,,,,餐飲費用,金錢,,,否,,,,,,,
120,吳達偉,111年新北市議員選舉,首次申報,1110809,雜支支出,津菁,91246019,0.00,204.00,,,,餐飲費用,金錢,,,否,,,,,,,
121,吳達偉,111年新北市議員選舉,首次申報,1110810,雜支支出,路易莎,83692269,0.00,40.00,,,,餐飲費用,金錢,,,否,,,,,,,
122,吳達偉,111年新北市議員選舉,首次申報,1110811,雜支支出,7-11,54372626,0.00,21.00,,,,餐飲費用,金錢,,,否,,,,,,,
123,吳達偉,111年新北市議員選舉,首次申報,1110811,雜支支出,路易莎,83692269,0.00,40.00,,,,餐飲費用,金錢,,,否,,,,,,,
124,吳達偉,111年新北市議員選舉,首次申報,1110811,雜支支出,路易莎,83692269,0.00,95.00,,,,餐飲費用,金錢,,,否,,,,,,,
125,吳達偉,111年新北市議員選舉,首次申報,1110812,交通旅運支出,台灣連通,48711726,0.00,100.00,,,,停車費,金錢,,,否,,,,,,,
126,吳達偉,111年新北市議員選舉,首次申報,1110812,雜支支出,應援科技,83763685,0.00,167.00,,,,政治獻金系統手續費,金錢,台北市內湖區****,2627*****,否,,,,,,,
127,吳達偉,111年新北市議員選舉,首次申報,1110813,雜支支出,青芽摘,34779181,0.00,105.00,,,,餐飲費用,金錢,,,否,,,,,,,
128,吳達偉,111年新北市議員選舉,首次申報,1110814,雜支支出,好事多,16439323,0.00,2434.00,,,,餐飲費用,金錢,,,否,,,,,,,
129,吳達偉,111年新北市議員選舉,首次申報,1110814,雜支支出,全家,85373058,0.00,26.00,,,,餐飲費用,金錢,,,否,,,,,,,
130,吳達偉,111年新北市議員選舉,首次申報,1110814,雜支支出,寶雅,90677904,0.00,390.00,,,,日用品,金錢,,,否,,,,,,,
131,吳達偉,111年新北市議員選舉,首次申報,1110814,雜支支出,雙十八木,91548437,0.00,65.00,,,,餐飲費用,金錢,,,否,,,,,,,
132,吳達偉,111年新北市議員選舉,首次申報,1110815,雜支支出,青芽摘,34779181,0.00,90.00,,,,餐飲費用,金錢,,,否,,,,,,,
133,吳達偉,111年新北市議員選舉,首次申報,1110815,雜支支出,大本營,72654400,0.00,930.00,,,,日用品,金錢,,,否,,,,,,,
134,吳達偉,111年新北市議員選舉,首次申報,1110815,交通旅運支出,台亞石油,87366477,0.00,95.00,,,,油費,金錢,,,否,,,,,,,
135,吳達偉,111年新北市議員選舉,首次申報,1110816,雜支支出,B38,26514686,0.00,534.00,,,,餐飲費用,金錢,,,否,,,,,,,
136,吳達偉,111年新北市議員選舉,首次申報,1110816,雜支支出,清心,34878020,0.00,30.00,,,,餐飲費用,金錢,,,否,,,,,,,
137,吳達偉,111年新北市議員選舉,首次申報,1110817,雜支支出,油庫口,73790430,0.00,50.00,,,,餐飲費用,金錢,,,否,,,,,,,
138,吳達偉,111年新北市議員選舉,首次申報,1110817,雜支支出,油庫口,73790430,0.00,35.00,,,,餐飲費用,金錢,,,否,,,,,,,
139,吳達偉,111年新北市議員選舉,首次申報,1110817,雜支支出,路易莎,83692269,0.00,105.00,,,,餐飲費用,金錢,,,否,,,,,,,
140,吳達偉,111年新北市議員選舉,首次申報,1110818,雜支支出,油庫口,73790430,0.00,35.00,,,,餐飲費用,金錢,,,否,,,,,,,
141,吳達偉,111年新北市議員選舉,首次申報,1110818,雜支支出,油庫口,73790430,0.00,50.00,,,,餐飲費用,金錢,,,否,,,,,,,
142,吳達偉,111年新北市議員選舉,首次申報,1110818,雜支支出,閃電,82117990,0.00,40.00,,,,餐飲費用,金錢,,,否,,,,,,,
143,吳達偉,111年新北市議員選舉,首次申報,1110819,雜支支出,路易莎,83692269,0.00,40.00,,,,餐飲費用,金錢,,,否,,,,,,,
144,吳達偉,111年新北市議員選舉,首次申報,1110819,雜支支出,應援科技,83763685,0.00,44.00,,,,政治獻金系統手續費,金錢,台北市內湖區****,2627*****,否,,,,,,,
145,吳達偉,111年新北市議員選舉,首次申報,1110820,交通旅運支出,台亞石油,09665604,0.00,95.00,,,,油費,金錢,,,否,,,,,,,
146,吳達偉,111年新北市議員選舉,首次申報,1110820,雜支支出,佑展,09916813,0.00,85.00,,,,餐飲費用,金錢,,,否,,,,,,,
147,吳達偉,111年新北市議員選舉,首次申報,1110820,雜支支出,閃電,82117990,0.00,50.00,,,,餐飲費用,金錢,,,否,,,,,,,
148,吳達偉,111年新北市議員選舉,首次申報,1110821,雜支支出,路易莎,83692269,0.00,340.00,,,,餐飲費用,金錢,,,否,,,,,,,
149,吳達偉,111年新北市議員選舉,首次申報,1110821,雜支支出,陸柒零,91421579,0.00,40.00,,,,餐飲費用,金錢,,,否,,,,,,,
150,吳達偉,111年新北市議員選舉,首次申報,1110822,雜支支出,御珍品,26770123,0.00,110.00,,,,餐飲費用,金錢,,,否,,,,,,,
151,吳達偉,111年新北市議員選舉,首次申報,1110822,雜支支出,遠百,53014088,0.00,803.00,,,,餐飲費用,金錢,,,否,,,,,,,
152,吳達偉,111年新北市議員選舉,首次申報,1110822,雜支支出,閃電,82117990,0.00,40.00,,,,餐飲費用,金錢,,,否,,,,,,,
153,吳達偉,111年新北市議員選舉,首次申報,1110823,雜支支出,清心,75910240,0.00,30.00,,,,餐飲費用,金錢,,,否,,,,,,,
154,吳達偉,111年新北市議員選舉,首次申報,1110824,雜支支出,珍煮丹,91196398,0.00,45.00,,,,餐飲費用,金錢,,,否,,,,,,,
155,吳達偉,111年新北市議員選舉,首次申報,1110825,雜支支出,50嵐,21515264,0.00,45.00,,,,餐飲費用,金錢,,,否,,,,,,,
156,吳達偉,111年新北市議員選舉,首次申報,1110826,雜支支出,清心,34759495,0.00,30.00,,,,餐飲費用,金錢,,,否,,,,,,,
157,吳達偉,111年新北市議員選舉,首次申報,1110826,雜支支出,青芽摘,34779181,0.00,80.00,,,,餐飲費用,金錢,,,否,,,,,,,
158,吳達偉,111年新北市議員選舉,首次申報,1110826,雜支支出,50嵐,38472134,0.00,45.00,,,,餐飲費用,金錢,,,否,,,,,,,
159,吳達偉,111年新北市議員選舉,首次申報,1110826,雜支支出,應援科技,83763685,0.00,66.00,,,,政治獻金系統手續費,金錢,台北市內湖區****,2627*****,否,,,,,,,
160,吳達偉,111年新北市議員選舉,首次申報,1110826,雜支支出,XO,85145040,0.00,1200.00,,,,餐飲費用,金錢,,,否,,,,,,,
161,吳達偉,111年新北市議員選舉,首次申報,1110827,交通旅運支出,北基新海,23218091,0.00,82.00,,,,油費,金錢,,,否,,,,,,,
162,吳達偉,111年新北市議員選舉,首次申報,1110827,雜支支出,青芽摘,34779181,0.00,80.00,,,,餐飲費用,金錢,,,否,,,,,,,
163,吳達偉,111年新北市議員選舉,首次申報,1110827,雜支支出,路易莎,83692269,0.00,125.00,,,,餐飲費用,金錢,,,否,,,,,,,
164,吳達偉,111年新北市議員選舉,首次申報,1110827,雜支支出,全家,85373058,0.00,40.00,,,,餐飲費用,金錢,,,否,,,,,,,
165,吳達偉,111年新北市議員選舉,首次申報,1110827,雜支支出,珍煮丹,91196398,0.00,104.00,,,,餐飲費用,金錢,,,否,,,,,,,
166,吳達偉,111年新北市議員選舉,首次申報,1110828,雜支支出,青芽摘,34779181,0.00,75.00,,,,餐飲費用,金錢,,,否,,,,,,,
167,吳達偉,111年新北市議員選舉,首次申報,1110828,雜支支出,7-11,54372626,0.00,8.00,,,,手續費,金錢,,,否,,,,,,,
168,吳達偉,111年新北市議員選舉,首次申報,1110829,雜支支出,遠百,53014088,0.00,139.00,,,,餐飲費用,金錢,,,否,,,,,,,
169,吳達偉,111年新北市議員選舉,首次申報,1110829,雜支支出,7-11,54372626,0.00,6.00,,,,手續費,金錢,,,否,,,,,,,
170,吳達偉,111年新北市議員選舉,首次申報,1110829,雜支支出,7-11,54917660,0.00,68.00,,,,手續費,金錢,,,否,,,,,,,
171,吳達偉,111年新北市議員選舉,首次申報,1110830,雜支支出,天蔥,50968321,0.00,739.00,,,,餐飲費用,金錢,,,否,,,,,,,
172,吳達偉,111年新北市議員選舉,首次申報,1110831,雜支支出,環球,24332140,0.00,116.00,,,,日用品,金錢,,,否,,,,,,,
173,吳達偉,111年新北市議員選舉,首次申報,1110831,雜支支出,環球,24332140,0.00,480.00,,,,生活用品,金錢,,,否,,,,,,,
174,吳達偉,111年新北市議員選舉,首次申報,1110831,雜支支出,環球,24332140,0.00,682.00,,,,餐飲費用,金錢,,,否,,,,,,,
175,吳達偉,111年新北市議員選舉,首次申報,1110831,雜支支出,路易莎,83692269,0.00,40.00,,,,餐飲費用,金錢,,,否,,,,,,,
176,吳達偉,111年新北市議員選舉,首次申報,1110831,人事費用支出,許詩芃,F22*******,0.00,40000.00,,,,選務人員月人事費,金錢,新北市板橋區****,,否,,,,,,,
177,吳達偉,111年新北市議員選舉,首次申報,1110901,雜支支出,藍新科技,70565326,0.00,207.00,,,,政治獻金系統手續費,金錢,,,否,,,,,,,
178,吳達偉,111年新北市議員選舉,首次申報,1110902,雜支支出,久大文具,42995535,0.00,188.00,,,,印台、證件帶,金錢,,,否,,,,,,,
179,吳達偉,111年新北市議員選舉,首次申報,1110902,雜支支出,遠百,53014088,0.00,95.00,,,,餐飲費用,金錢,,,否,,,,,,,
180,吳達偉,111年新北市議員選舉,首次申報,1110902,雜支支出,遠百,53014088,0.00,60.00,,,,餐飲費用,金錢,,,否,,,,,,,
181,吳達偉,111年新北市議員選舉,首次申報,1110902,雜支支出,遠百,53014088,0.00,59.00,,,,餐飲費用,金錢,,,否,,,,,,,
182,吳達偉,111年新北市議員選舉,首次申報,1110902,雜支支出,遠百,53014088,0.00,120.00,,,,餐飲費用,金錢,,,否,,,,,,,
183,吳達偉,111年新北市議員選舉,首次申報,1110902,雜支支出,應援科技,83763685,0.00,66.00,,,,政治獻金系統手續費,金錢,台北市內湖區****,2627*****,否,,,,,,,
184,吳達偉,111年新北市議員選舉,首次申報,1110903,雜支支出,50嵐,09819967,0.00,45.00,,,,餐飲費用,金錢,,,否,,,,,,,
185,吳達偉,111年新北市議員選舉,首次申報,1110903,雜支支出,全家,28422494,0.00,33.00,,,,餐飲費用,金錢,,,否,,,,,,,
186,吳達偉,111年新北市議員選舉,首次申報,1110903,雜支支出,遠百,53014088,0.00,535.00,,,,餐飲費用,金錢,,,否,,,,,,,
187,吳達偉,111年新北市議員選舉,首次申報,1110903,雜支支出,傳?,83380792,0.00,450.00,,,,餐飲費用,金錢,,,否,,,,,,,
188,吳達偉,111年新北市議員選舉,首次申報,1110903,雜支支出,五桐號,87504247,0.00,49.00,,,,餐飲費用,金錢,,,否,,,,,,,
189,吳達偉,111年新北市議員選舉,首次申報,1110904,雜支支出,石二鍋,72960941,0.00,516.00,,,,餐飲費用,金錢,,,否,,,,,,,
190,吳達偉,111年新北市議員選舉,首次申報,1110904,交通旅運支出,歐特儀,76620016,0.00,100.00,,,,停車費,金錢,,,否,,,,,,,
191,吳達偉,111年新北市議員選舉,首次申報,1110905,雜支支出,弘立得,26531778,0.00,100.00,,,,五金,金錢,,,否,,,,,,,
192,吳達偉,111年新北市議員選舉,首次申報,1110905,雜支支出,勝全興,41091623,0.00,124.00,,,,清潔用品,金錢,,,否,,,,,,,
193,吳達偉,111年新北市議員選舉,首次申報,1110905,雜支支出,SUKIYA,42368458,0.00,358.00,,,,餐飲費用,金錢,,,否,,,,,,,
194,吳達偉,111年新北市議員選舉,首次申報,1110905,雜支支出,水巷茶弄,83469769,0.00,45.00,,,,餐飲費用,金錢,,,否,,,,,,,
195,吳達偉,111年新北市議員選舉,首次申報,1110905,租用競選辦事處支出,許博竣,P12*******,0.00,25000.00,,,,競選辦公室租金,金錢,,0935*****,否,,,,,,,
196,吳達偉,111年新北市議員選舉,首次申報,1110906,雜支支出,SUKIYA,42368458,0.00,358.00,,,,餐飲費用,金錢,,,否,,,,,,,
197,吳達偉,111年新北市議員選舉,首次申報,1110906,雜支支出,拉亞,83138558,0.00,240.00,,,,餐飲費用,金錢,,,否,,,,,,,
198,吳達偉,111年新北市議員選舉,首次申報,1110908,雜支支出,應援科技,83763685,0.00,44.00,,,,政治獻金系統手續費,金錢,台北市內湖區****,2627*****,否,,,,,,,
199,吳達偉,111年新北市議員選舉,首次申報,1110912,雜支支出,府中,87317440,0.00,279.00,,,,餐飲費用,金錢,,,否,,,,,,,
200,吳達偉,111年新北市議員選舉,首次申報,1110913,雜支支出,遠百,53014088,0.00,110.00,,,,餐飲費用,金錢,,,否,,,,,,,
201,吳達偉,111年新北市議員選舉,首次申報,1110914,雜支支出,環球,24332140,0.00,340.00,,,,餐飲費用,金錢,,,否,,,,,,,
202,吳達偉,111年新北市議員選舉,首次申報,1110915,雜支支出,環球,27926172,0.00,240.00,,,,餐飲費用,金錢,,,否,,,,,,,
203,吳達偉,111年新北市議員選舉,首次申報,1110915,雜支支出,SUKIYA,42368458,0.00,298.00,,,,餐飲費用,金錢,,,否,,,,,,,
204,吳達偉,111年新北市議員選舉,首次申報,1110916,雜支支出,遠百,53014088,0.00,604.00,,,,餐飲費用,金錢,,,否,,,,,,,
205,吳達偉,111年新北市議員選舉,首次申報,1110916,雜支支出,應援科技,83763685,0.00,22.00,,,,政治獻金系統手續費,金錢,台北市內湖區****,2627*****,否,,,,,,,
206,吳達偉,111年新北市議員選舉,首次申報,1110916,雜支支出,老賴,85135922,0.00,50.00,,,,餐飲費用,金錢,,,否,,,,,,,
207,吳達偉,111年新北市議員選舉,首次申報,1110916,交通旅運支出,台亞石油,87366477,0.00,100.00,,,,油費,金錢,,,否,,,,,,,
208,吳達偉,111年新北市議員選舉,首次申報,1110916,雜支支出,珍煮丹,91196398,0.00,35.00,,,,餐飲費用,金錢,,,否,,,,,,,
209,吳達偉,111年新北市議員選舉,首次申報,1110917,雜支支出,清心,34878020,0.00,30.00,,,,餐飲費用,金錢,,,否,,,,,,,
210,吳達偉,111年新北市議員選舉,首次申報,1110917,雜支支出,幸福坊,72868732,0.00,90.00,,,,餐飲費用,金錢,,,否,,,,,,,
211,吳達偉,111年新北市議員選舉,首次申報,1110917,雜支支出,全家,91355923,0.00,626.00,,,,餐飲費用,金錢,,,否,,,,,,,
212,吳達偉,111年新北市議員選舉,首次申報,1110917,雜支支出,辣杯,91553819,0.00,35.00,,,,餐飲費用,金錢,,,否,,,,,,,
213,吳達偉,111年新北市議員選舉,首次申報,1110918,雜支支出,遠東,21257316,0.00,150.00,,,,餐飲費用,金錢,,,否,,,,,,,
214,吳達偉,111年新北市議員選舉,首次申報,1110918,雜支支出,滿上,85434560,0.00,115.00,,,,餐飲費用,金錢,,,否,,,,,,,
215,吳達偉,111年新北市議員選舉,首次申報,1110919,雜支支出,JAPOLI,42388433,0.00,704.00,,,,餐飲費用,金錢,,,否,,,,,,,
216,吳達偉,111年新北市議員選舉,首次申報,1110919,交通旅運支出,台亞石油,87366477,0.00,100.00,,,,油費,金錢,,,否,,,,,,,
217,吳達偉,111年新北市議員選舉,首次申報,1110920,雜支支出,12MINI,73680378,0.00,352.00,,,,餐飲費用,金錢,,,否,,,,,,,
218,吳達偉,111年新北市議員選舉,首次申報,1110920,雜支支出,路易莎,83692269,0.00,40.00,,,,餐飲費用,金錢,,,否,,,,,,,
219,吳達偉,111年新北市議員選舉,首次申報,1110920,雜支支出,應援科技,83763685,0.00,25.00,,,,政治獻金系統手續費,金錢,台北市內湖區****,2627*****,否,,,,,,,
220,吳達偉,111年新北市議員選舉,首次申報,1110920,雜支支出,7-11,90890546,0.00,3.00,,,,手續費,金錢,,,否,,,,,,,
221,吳達偉,111年新北市議員選舉,首次申報,1110921,雜支支出,遠百,53014088,0.00,60.00,,,,餐飲費用,金錢,,,否,,,,,,,
222,吳達偉,111年新北市議員選舉,首次申報,1110922,雜支支出,好事多,16439323,0.00,50.00,,,,餐飲費用,金錢,,,否,,,,,,,
223,吳達偉,111年新北市議員選舉,首次申報,1110922,雜支支出,順成,22345859,0.00,30.00,,,,餐飲費用,金錢,,,否,,,,,,,
224,吳達偉,111年新北市議員選舉,首次申報,1110922,雜支支出,環球,24332140,0.00,396.00,,,,餐飲費用,金錢,,,否,,,,,,,
225,吳達偉,111年新北市議員選舉,首次申報,1110922,雜支支出,路易莎,83692269,0.00,40.00,,,,餐飲費用,金錢,,,否,,,,,,,
226,吳達偉,111年新北市議員選舉,首次申報,1110923,雜支支出,7-11,28437460,0.00,12.00,,,,手續費,金錢,,,否,,,,,,,
227,吳達偉,111年新北市議員選舉,首次申報,1110923,雜支支出,五桐號,91041634,0.00,100.00,,,,餐飲費用,金錢,,,否,,,,,,,
228,吳達偉,111年新北市議員選舉,首次申報,1110924,宣傳支出,遠百,53014088,0.00,1290.00,,,,治裝費,金錢,,,否,,,,,,,
229,吳達偉,111年新北市議員選舉,首次申報,1110924,雜支支出,路易莎,83692269,0.00,75.00,,,,餐飲費用,金錢,,,否,,,,,,,
230,吳達偉,111年新北市議員選舉,首次申報,1110924,宣傳支出,MASSIMO,91667138,0.00,1590.00,,,,治裝費,金錢,,,否,,,,,,,
231,吳達偉,111年新北市議員選舉,首次申報,1110925,雜支支出,梁季,99790603,0.00,440.00,,,,餐飲費用,金錢,,,否,,,,,,,
232,吳達偉,111年新北市議員選舉,首次申報,1110926,交通旅運支出,光仁,16932752,0.00,100.00,,,,油費,金錢,,,否,,,,,,,
233,吳達偉,111年新北市議員選舉,首次申報,1110926,雜支支出,環球,24332140,0.00,220.00,,,,餐飲費用,金錢,,,否,,,,,,,
234,吳達偉,111年新北市議員選舉,首次申報,1110926,雜支支出,閃電,82117990,0.00,40.00,,,,餐飲費用,金錢,,,否,,,,,,,
235,吳達偉,111年新北市議員選舉,首次申報,1110927,雜支支出,好事多,16439323,0.00,672.00,,,,餐飲費用,金錢,,,否,,,,,,,
236,吳達偉,111年新北市議員選舉,首次申報,1110927,雜支支出,SUKIYA,42368458,0.00,368.00,,,,餐飲費用,金錢,,,否,,,,,,,
237,吳達偉,111年新北市議員選舉,首次申報,1110927,雜支支出,歇腳亭,42520398,0.00,55.00,,,,餐飲費用,金錢,,,否,,,,,,,
238,吳達偉,111年新北市議員選舉,首次申報,1110927,雜支支出,7-11,51808885,0.00,12.00,,,,手續費,金錢,,,否,,,,,,,
239,吳達偉,111年新北市議員選舉,首次申報,1110927,雜支支出,全家,85373058,0.00,64.00,,,,餐飲費用,金錢,,,否,,,,,,,
240,吳達偉,111年新北市議員選舉,首次申報,1110928,雜支支出,清心,26194641,0.00,40.00,,,,餐飲費用,金錢,,,否,,,,,,,
241,吳達偉,111年新北市議員選舉,首次申報,1110928,雜支支出,12MINI,73680378,0.00,590.00,,,,餐飲費用,金錢,,,否,,,,,,,
242,吳達偉,111年新北市議員選舉,首次申報,1110930,雜支支出,遠百,53014088,0.00,345.00,,,,餐飲費用,金錢,,,否,,,,,,,
243,吳達偉,111年新北市議員選舉,首次申報,1110930,雜支支出,7-11,54917660,0.00,20.00,,,,手續費,金錢,,,否,,,,,,,
244,吳達偉,111年新北市議員選舉,首次申報,1110930,雜支支出,油庫口,73790430,0.00,35.00,,,,餐飲費用,金錢,,,否,,,,,,,
245,吳達偉,111年新北市議員選舉,首次申報,1110930,雜支支出,油庫口,73790430,0.00,50.00,,,,餐飲費用,金錢,,,否,,,,,,,
246,吳達偉,111年新北市議員選舉,首次申報,1110930,人事費用支出,周書妤,F22*******,0.00,40000.00,,,,選務人員月人事費,金錢,台北市大安區****,,否,,,,,,,
247,吳達偉,111年新北市議員選舉,首次申報,1110930,人事費用支出,陳怡璇,N22*******,0.00,43000.00,,,,選務人員月人事費,金錢,新北市板橋區****,,否,,,,,,,
248,吳達偉,111年新北市議員選舉,首次申報,1110930,人事費用支出,梁育萍,S22*******,0.00,40000.00,,,,選務人員月人事費,金錢,桃園市中壢區****,,否,,,,,,,
249,吳達偉,111年新北市議員選舉,首次申報,1111001,雜支支出,藍新科技,70565326,0.00,214.00,,,,政治獻金系統手續費,金錢,,,否,,,,,,,
250,吳達偉,111年新北市議員選舉,首次申報,1111001,雜支支出,梁季,99790603,0.00,640.00,,,,餐飲費用,金錢,,,否,,,,,,,
251,吳達偉,111年新北市議員選舉,首次申報,1111002,雜支支出,初韻,87318855,0.00,55.00,,,,餐飲費用,金錢,,,否,,,,,,,
252,吳達偉,111年新北市議員選舉,首次申報,1111002,雜支支出,九乘九,90174369,0.00,113.00,,,,雙面泡棉,金錢,,,否,,,,,,,
253,吳達偉,111年新北市議員選舉,首次申報,1111002,雜支支出,梁季,99790603,0.00,845.00,,,,餐飲費用,金錢,,,否,,,,,,,
254,吳達偉,111年新北市議員選舉,首次申報,1111003,雜支支出,豐鈺,27398741,0.00,89.00,,,,酒精,金錢,,,否,,,,,,,
255,吳達偉,111年新北市議員選舉,首次申報,1111003,雜支支出,SUKIYA,42368458,0.00,338.00,,,,餐飲費用,金錢,,,否,,,,,,,
256,吳達偉,111年新北市議員選舉,首次申報,1111003,雜支支出,遠百,53014088,0.00,480.00,,,,餐飲費用,金錢,,,否,,,,,,,
257,吳達偉,111年新北市議員選舉,首次申報,1111003,雜支支出,遠百,53014088,0.00,100.00,,,,日用品,金錢,,,否,,,,,,,
258,吳達偉,111年新北市議員選舉,首次申報,1111004,交通旅運支出,台亞石油,09666884,0.00,100.00,,,,油費,金錢,,,否,,,,,,,
259,吳達偉,111年新北市議員選舉,首次申報,1111004,雜支支出,清心,34759495,0.00,30.00,,,,餐飲費用,金錢,,,否,,,,,,,
260,吳達偉,111年新北市議員選舉,首次申報,1111004,雜支支出,應援科技,83763685,0.00,10.00,,,,政治獻金系統手續費,金錢,台北市內湖區****,2627*****,否,,,,,,,
261,吳達偉,111年新北市議員選舉,首次申報,1111005,租用競選辦事處支出,許博竣,P12*******,0.00,25000.00,,,,競選辦公室租金,金錢,,0935*****,否,,,,,,,
262,吳達偉,111年新北市議員選舉,首次申報,1111006,交通旅運支出,計程車,,0.00,320.00,,,,計程車資,金錢,,8965*****,否,,,,,,,
263,吳達偉,111年新北市議員選舉,首次申報,1111006,雜支支出,茶水攤,24930949,0.00,425.00,,,,餐飲費用,金錢,,,否,,,,,,,
264,吳達偉,111年新北市議員選舉,首次申報,1111006,雜支支出,IKEA,27357360,0.00,569.00,,,,無線開關,金錢,,,否,,,,,,,
265,吳達偉,111年新北市議員選舉,首次申報,1111007,雜支支出,環球,24332140,0.00,129.00,,,,生活用品,金錢,,,否,,,,,,,
266,吳達偉,111年新北市議員選舉,首次申報,1111007,雜支支出,環球,24332140,0.00,286.00,,,,餐飲費用,金錢,,,否,,,,,,,
267,吳達偉,111年新北市議員選舉,首次申報,1111007,雜支支出,環球,24332140,0.00,39.00,,,,餐飲費用,金錢,,,否,,,,,,,
268,吳達偉,111年新北市議員選舉,首次申報,1111007,雜支支出,應援科技,83763685,0.00,350.00,,,,政治獻金系統手續費,金錢,台北市內湖區****,2627*****,否,,,,,,,
269,吳達偉,111年新北市議員選舉,首次申報,1111008,交通旅運支出,台亞石油,87366477,0.00,100.00,,,,油費,金錢,,,否,,,,,,,
270,吳達偉,111年新北市議員選舉,首次申報,1111008,雜支支出,梁季,99790603,0.00,1225.00,,,,餐飲費用,金錢,,,否,,,,,,,
271,吳達偉,111年新北市議員選舉,首次申報,1111010,雜支支出,環球,24332140,0.00,1559.00,,,,餐飲費用,金錢,,,否,,,,,,,
272,吳達偉,111年新北市議員選舉,首次申報,1111011,交通旅運支出,計程車,,0.00,335.00,,,,計程車資,金錢,,2759*****,否,,,,,,,
273,吳達偉,111年新北市議員選舉,首次申報,1111011,交通旅運支出,計程車,,0.00,340.00,,,,計程車資,金錢,,2759*****,否,,,,,,,
274,吳達偉,111年新北市議員選舉,首次申報,1111011,雜支支出,美廉社,29060815,0.00,65.00,,,,垃圾袋,金錢,,,否,,,,,,,
275,吳達偉,111年新北市議員選舉,首次申報,1111011,雜支支出,SUKIYA,42368458,0.00,298.00,,,,餐飲費用,金錢,,,否,,,,,,,
276,吳達偉,111年新北市議員選舉,首次申報,1111011,雜支支出,應援科技,83763685,0.00,200.00,,,,政治獻金系統手續費,金錢,台北市內湖區****,2627*****,否,,,,,,,
277,吳達偉,111年新北市議員選舉,首次申報,1111012,雜支支出,久大文具,42995535,0.00,30.00,,,,圖畫紙,金錢,,,否,,,,,,,
278,吳達偉,111年新北市議員選舉,首次申報,1111013,雜支支出,天蔥,50968321,0.00,902.00,,,,餐飲費用,金錢,,,否,,,,,,,
279,吳達偉,111年新北市議員選舉,首次申報,1111014,雜支支出,漢生,47986471,0.00,95.00,,,,餐飲費用,金錢,,,否,,,,,,,
280,吳達偉,111年新北市議員選舉,首次申報,1111014,宣傳支出,快樂工坊,54358862,0.00,10815.00,,,,充氣直筒招手人偶,金錢,,,否,,,,,,,
281,吳達偉,111年新北市議員選舉,首次申報,1111015,交通旅運支出,台亞石油,87366477,0.00,80.00,,,,油費,金錢,,,否,,,,,,,
282,吳達偉,111年新北市議員選舉,首次申報,1111016,雜支支出,遠百,53014088,0.00,516.00,,,,餐飲費用,金錢,,,否,,,,,,,
283,吳達偉,111年新北市議員選舉,首次申報,1111016,雜支支出,小南門,91336428,0.00,60.00,,,,餐飲費用,金錢,,,否,,,,,,,
284,吳達偉,111年新北市議員選舉,首次申報,1111017,雜支支出,7-11,27940028,0.00,35.00,,,,餐飲費用,金錢,,,否,,,,,,,
285,吳達偉,111年新北市議員選舉,首次申報,1111017,雜支支出,SUKIYA,42368458,0.00,298.00,,,,餐飲費用,金錢,,,否,,,,,,,
286,吳達偉,111年新北市議員選舉,首次申報,1111018,雜支支出,茶水攤,24930949,0.00,374.00,,,,餐飲費用,金錢,,,否,,,,,,,
287,吳達偉,111年新北市議員選舉,首次申報,1111018,雜支支出,全家,28994015,0.00,16.00,,,,餐飲費用,金錢,,,否,,,,,,,
288,吳達偉,111年新北市議員選舉,首次申報,1111019,雜支支出,50嵐,38472134,0.00,45.00,,,,餐飲費用,金錢,,,否,,,,,,,
289,吳達偉,111年新北市議員選舉,首次申報,1111019,雜支支出,12MINI,73680378,0.00,280.00,,,,餐飲費用,金錢,,,否,,,,,,,
290,吳達偉,111年新北市議員選舉,首次申報,1111020,交通旅運支出,台亞石油,09665604,0.00,80.00,,,,油費,金錢,,,否,,,,,,,
291,吳達偉,111年新北市議員選舉,首次申報,1111020,雜支支出,SUKIYA,42368458,0.00,223.00,,,,餐飲費用,金錢,,,否,,,,,,,
292,吳達偉,111年新北市議員選舉,首次申報,1111020,雜支支出,7-11,51808885,0.00,35.00,,,,餐飲費用,金錢,,,否,,,,,,,
293,吳達偉,111年新北市議員選舉,首次申報,1111020,雜支支出,原火,90333465,0.00,115.00,,,,餐飲費用,金錢,,,否,,,,,,,
294,吳達偉,111年新北市議員選舉,首次申報,1111021,雜支支出,環球,24332140,0.00,253.00,,,,餐飲費用,金錢,,,否,,,,,,,
295,吳達偉,111年新北市議員選舉,首次申報,1111021,雜支支出,環球,24332140,0.00,308.00,,,,餐飲費用,金錢,,,否,,,,,,,
296,吳達偉,111年新北市議員選舉,首次申報,1111022,雜支支出,鬍鬚張,27342493,0.00,420.00,,,,餐飲費用,金錢,,,否,,,,,,,
297,吳達偉,111年新北市議員選舉,首次申報,1111023,雜支支出,環球,24332140,0.00,519.00,,,,餐飲費用,金錢,,,否,,,,,,,
298,吳達偉,111年新北市議員選舉,首次申報,1111023,雜支支出,路易莎,83692269,0.00,40.00,,,,餐飲費用,金錢,,,否,,,,,,,
299,吳達偉,111年新北市議員選舉,首次申報,1111024,交通旅運支出,計程車,,0.00,340.00,,,,計程車資,金錢,,2759*****,否,,,,,,,
300,吳達偉,111年新北市議員選舉,首次申報,1111024,雜支支出,SUKIYA,42368458,0.00,368.00,,,,餐飲費用,金錢,,,否,,,,,,,
301,吳達偉,111年新北市議員選舉,首次申報,1111024,交通旅運支出,台亞石油,87366477,0.00,90.00,,,,油費,金錢,,,否,,,,,,,
302,吳達偉,111年新北市議員選舉,首次申報,1111025,雜支支出,茶水攤,24930949,0.00,264.00,,,,餐飲費用,金錢,,,否,,,,,,,
303,吳達偉,111年新北市議員選舉,首次申報,1111025,雜支支出,應援科技,83763685,0.00,50.00,,,,政治獻金系統手續費,金錢,台北市內湖區****,2627*****,否,,,,,,,
304,吳達偉,111年新北市議員選舉,首次申報,1111026,雜支支出,遠百,53014088,0.00,115.00,,,,餐飲費用,金錢,,,否,,,,,,,
305,吳達偉,111年新北市議員選舉,首次申報,1111027,雜支支出,7-11,28422494,0.00,8.00,,,,手續費,金錢,,,否,,,,,,,
306,吳達偉,111年新北市議員選舉,首次申報,1111027,交通旅運支出,台灣中油,34548648,0.00,74.00,,,,油費,金錢,,,否,,,,,,,
307,吳達偉,111年新北市議員選舉,首次申報,1111028,宣傳支出,承瀠,86730744,0.00,3360.00,,,,文宣品印刷,金錢,,,否,,,,,,,
308,吳達偉,111年新北市議員選舉,首次申報,1111030,人事費用支出,張少楷,B12*******,0.00,40000.00,,,,選務人員月人事費,金錢,臺北市大安區****,,否,,,,,,,
309,吳達偉,111年新北市議員選舉,首次申報,1111030,人事費用支出,周書妤,F22*******,0.00,40000.00,,,,選務人員月人事費,金錢,台北市大安區****,,否,,,,,,,
310,吳達偉,111年新北市議員選舉,首次申報,1111030,人事費用支出,陳怡璇,N22*******,0.00,43000.00,,,,選務人員月人事費,金錢,新北市板橋區****,,否,,,,,,,
311,吳達偉,111年新北市議員選舉,首次申報,1111030,人事費用支出,梁育萍,S22*******,0.00,40000.00,,,,選務人員月人事費,金錢,桃園市中壢區****,,否,,,,,,,
312,吳達偉,111年新北市議員選舉,首次申報,1111101,交通旅運支出,計程車,,0.00,335.00,,,,計程車資,金錢,,2759*****,否,,,,,,,
313,吳達偉,111年新北市議員選舉,首次申報,1111101,雜支支出,聖萊斯,53519171,0.00,63000.00,,,,帳務處理費,金錢,台北市中山區****,,否,,,,,,,
314,吳達偉,111年新北市議員選舉,首次申報,1111101,雜支支出,藍新科技,70565326,0.00,1102.00,,,,政治獻金系統手續費,金錢,,,否,,,,,,,
315,吳達偉,111年新北市議員選舉,首次申報,1111101,宣傳支出,周怡君,F22*******,0.00,70000.00,,,,派報,金錢,新北市板橋區****,,否,,,,,,,
316,吳達偉,111年新北市議員選舉,首次申報,1111102,雜支支出,美廉社,29060815,0.00,35.00,,,,餐飲費用,金錢,,,否,,,,,,,
317,吳達偉,111年新北市議員選舉,首次申報,1111102,交通旅運支出,永錡,87359686,0.00,60.00,,,,停車費,金錢,,,否,,,,,,,
318,吳達偉,111年新北市議員選舉,首次申報,1111103,交通旅運支出,計程車,,0.00,335.00,,,,計程車資,金錢,,8965*****,否,,,,,,,
319,吳達偉,111年新北市議員選舉,首次申報,1111103,雜支支出,環球,24332140,0.00,261.00,,,,餐飲費用,金錢,,,否,,,,,,,
320,吳達偉,111年新北市議員選舉,首次申報,1111103,交通旅運支出,台灣中油,34548648,0.00,100.00,,,,油費,金錢,,,否,,,,,,,
321,吳達偉,111年新北市議員選舉,首次申報,1111103,雜支支出,路易莎,83692269,0.00,35.00,,,,餐飲費用,金錢,,,否,,,,,,,
322,吳達偉,111年新北市議員選舉,首次申報,1111105,雜支支出,凱旋,91422991,0.00,50.00,,,,餐飲費用,金錢,,,否,,,,,,,
323,吳達偉,111年新北市議員選舉,首次申報,1111105,雜支支出,梁季,99790603,0.00,325.00,,,,餐飲費用,金錢,,,否,,,,,,,
324,吳達偉,111年新北市議員選舉,首次申報,1111105,租用競選辦事處支出,許博竣,P12*******,0.00,25000.00,,,,競選辦公室租金,金錢,,0935*****,否,,,,,,,
325,吳達偉,111年新北市議員選舉,首次申報,1111106,雜支支出,梁季,99790603,0.00,395.00,,,,餐飲費用,金錢,,,否,,,,,,,
326,吳達偉,111年新北市議員選舉,首次申報,1111106,雜支支出,梁季,99790603,0.00,805.00,,,,餐飲費用,金錢,,,否,,,,,,,
327,吳達偉,111年新北市議員選舉,首次申報,1111107,交通旅運支出,計程車,,0.00,335.00,,,,計程車資,金錢,,8965*****,否,,,,,,,
328,吳達偉,111年新北市議員選舉,首次申報,1111107,雜支支出,遠百,53014088,0.00,1463.00,,,,餐飲費用,金錢,,,否,,,,,,,
329,吳達偉,111年新北市議員選舉,首次申報,1111108,交通旅運支出,計程車,,0.00,335.00,,,,計程車資,金錢,,2759*****,否,,,,,,,
330,吳達偉,111年新北市議員選舉,首次申報,1111108,交通旅運支出,計程車,,0.00,240.00,,,,計程車資,金錢,,2759*****,否,,,,,,,
331,吳達偉,111年新北市議員選舉,首次申報,1111108,雜支支出,應援科技,83763685,0.00,91.00,,,,政治獻金系統手續費,金錢,台北市內湖區****,2627*****,否,,,,,,,
332,吳達偉,111年新北市議員選舉,首次申報,1111108,交通旅運支出,台亞石油,87366477,0.00,100.00,,,,油費,金錢,,,否,,,,,,,
333,吳達偉,111年新北市議員選舉,首次申報,1111109,交通旅運支出,計程車,,0.00,330.00,,,,計程車資,金錢,,8965*****,否,,,,,,,
334,吳達偉,111年新北市議員選舉,首次申報,1111109,雜支支出,油庫口,73790430,0.00,60.00,,,,餐飲費用,金錢,,,否,,,,,,,
335,吳達偉,111年新北市議員選舉,首次申報,1111110,交通旅運支出,計程車,,0.00,355.00,,,,計程車資,金錢,,8965*****,否,,,,,,,
336,吳達偉,111年新北市議員選舉,首次申報,1111110,交通旅運支出,計程車,,0.00,125.00,,,,計程車資,金錢,,2759*****,否,,,,,,,
337,吳達偉,111年新北市議員選舉,首次申報,1111110,雜支支出,遠百,53014088,0.00,277.00,,,,餐飲費用,金錢,,,否,,,,,,,
338,吳達偉,111年新北市議員選舉,首次申報,1111111,交通旅運支出,計程車,,0.00,320.00,,,,計程車資,金錢,,2759*****,否,,,,,,,
339,吳達偉,111年新北市議員選舉,首次申報,1111111,雜支支出,油庫口,73790430,0.00,60.00,,,,餐飲費用,金錢,,,否,,,,,,,
340,吳達偉,111年新北市議員選舉,首次申報,1111111,雜支支出,應援科技,83763685,0.00,125.00,,,,政治獻金系統手續費,金錢,台北市內湖區****,2627*****,否,,,,,,,
341,吳達偉,111年新北市議員選舉,首次申報,1111111,交通旅運支出,台亞石油,87366477,0.00,105.00,,,,油費,金錢,,,否,,,,,,,
342,吳達偉,111年新北市議員選舉,首次申報,1111112,雜支支出,油庫口,73790430,0.00,170.00,,,,餐飲費用,金錢,,,否,,,,,,,
343,吳達偉,111年新北市議員選舉,首次申報,1111112,雜支支出,梁季,99790603,0.00,870.00,,,,餐飲費用,金錢,,,否,,,,,,,
344,吳達偉,111年新北市議員選舉,首次申報,1111113,交通旅運支出,計程車,,0.00,735.00,,,,計程車資,金錢,,8953*****,否,,,,,,,
345,吳達偉,111年新北市議員選舉,首次申報,1111113,雜支支出,全家,85373058,0.00,100.00,,,,餐飲費用,金錢,,,否,,,,,,,
346,吳達偉,111年新北市議員選舉,首次申報,1111113,雜支支出,烏弄,87492376,0.00,175.00,,,,餐飲費用,金錢,,,否,,,,,,,
347,吳達偉,111年新北市議員選舉,首次申報,1111113,雜支支出,梁季,99790603,0.00,645.00,,,,餐飲費用,金錢,,,否,,,,,,,
348,吳達偉,111年新北市議員選舉,首次申報,1111114,交通旅運支出,計程車,,0.00,340.00,,,,計程車資,金錢,,8965*****,否,,,,,,,
349,吳達偉,111年新北市議員選舉,首次申報,1111114,交通旅運支出,台亞石油,09666884,0.00,90.00,,,,油費,金錢,,,否,,,,,,,
350,吳達偉,111年新北市議員選舉,首次申報,1111115,交通旅運支出,計程車,,0.00,330.00,,,,計程車資,金錢,,2960*****,否,,,,,,,
351,吳達偉,111年新北市議員選舉,首次申報,1111115,雜支支出,茶水攤,24930949,0.00,528.00,,,,餐飲費用,金錢,,,否,,,,,,,
352,吳達偉,111年新北市議員選舉,首次申報,1111115,雜支支出,歇腳亭,42520398,0.00,39.00,,,,餐飲費用,金錢,,,否,,,,,,,
353,吳達偉,111年新北市議員選舉,首次申報,1111115,雜支支出,凱旋,91422991,0.00,110.00,,,,餐飲費用,金錢,,,否,,,,,,,
354,吳達偉,111年新北市議員選舉,首次申報,1111116,交通旅運支出,計程車,,0.00,320.00,,,,計程車資,金錢,,2759*****,否,,,,,,,
355,吳達偉,111年新北市議員選舉,首次申報,1111116,雜支支出,清心,26194641,0.00,30.00,,,,餐飲費用,金錢,,,否,,,,,,,
356,吳達偉,111年新北市議員選舉,首次申報,1111117,交通旅運支出,計程車,,0.00,340.00,,,,計程車資,金錢,,8965*****,否,,,,,,,
357,吳達偉,111年新北市議員選舉,首次申報,1111117,交通旅運支出,計程車,,0.00,350.00,,,,計程車資,金錢,,2759*****,否,,,,,,,
358,吳達偉,111年新北市議員選舉,首次申報,1111117,雜支支出,COMEBUY,50672262,0.00,150.00,,,,餐飲費用,金錢,,,否,,,,,,,
359,吳達偉,111年新北市議員選舉,首次申報,1111118,交通旅運支出,計程車,,0.00,295.00,,,,計程車資,金錢,,8965*****,否,,,,,,,
360,吳達偉,111年新北市議員選舉,首次申報,1111118,交通旅運支出,計程車,,0.00,335.00,,,,計程車資,金錢,,8965*****,否,,,,,,,
361,吳達偉,111年新北市議員選舉,首次申報,1111118,雜支支出,清心,26194641,0.00,100.00,,,,餐飲費用,金錢,,,否,,,,,,,
362,吳達偉,111年新北市議員選舉,首次申報,1111118,雜支支出,COMEBUY,50672262,0.00,190.00,,,,餐飲費用,金錢,,,否,,,,,,,
363,吳達偉,111年新北市議員選舉,首次申報,1111118,雜支支出,應援科技,83763685,0.00,13.00,,,,政治獻金系統手續費,金錢,台北市內湖區****,2627*****,否,,,,,,,
364,吳達偉,111年新北市議員選舉,首次申報,1111119,雜支支出,油庫口,73790430,0.00,50.00,,,,餐飲費用,金錢,,,否,,,,,,,
365,吳達偉,111年新北市議員選舉,首次申報,1111119,雜支支出,油庫口,73790430,0.00,310.00,,,,餐飲費用,金錢,,,否,,,,,,,
366,吳達偉,111年新北市議員選舉,首次申報,1111119,交通旅運支出,台亞石油,87366477,0.00,81.00,,,,油費,金錢,,,否,,,,,,,
367,吳達偉,111年新北市議員選舉,首次申報,1111120,宣傳支出,面紙達人,82556076,0.00,91350.00,,,,廣告面紙,金錢,台中市北區大****,,否,,,,,,,
368,吳達偉,111年新北市議員選舉,首次申報,1111120,雜支支出,梁季,99790603,0.00,600.00,,,,餐飲費用,金錢,,,否,,,,,,,
369,吳達偉,111年新北市議員選舉,首次申報,1111120,雜支支出,梁季,99790603,0.00,470.00,,,,餐飲費用,金錢,,,否,,,,,,,
370,吳達偉,111年新北市議員選舉,首次申報,1111121,交通旅運支出,計程車,,0.00,315.00,,,,計程車資,金錢,,2759*****,否,,,,,,,
371,吳達偉,111年新北市議員選舉,首次申報,1111121,雜支支出,康是美,80336180,0.00,29.00,,,,喉糖,金錢,,,否,,,,,,,
372,吳達偉,111年新北市議員選舉,首次申報,1111121,雜支支出,路易莎,83692269,0.00,40.00,,,,餐飲費用,金錢,,,否,,,,,,,
373,吳達偉,111年新北市議員選舉,首次申報,1111121,交通旅運支出,台亞石油,87366477,0.00,95.00,,,,油費,金錢,,,否,,,,,,,
374,吳達偉,111年新北市議員選舉,首次申報,1111121,雜支支出,小南門,91336428,0.00,206.00,,,,餐飲費用,金錢,,,否,,,,,,,
375,吳達偉,111年新北市議員選舉,首次申報,1111122,交通旅運支出,計程車,,0.00,345.00,,,,計程車資,金錢,,8965*****,否,,,,,,,
376,吳達偉,111年新北市議員選舉,首次申報,1111122,交通旅運支出,計程車,,0.00,335.00,,,,計程車資,金錢,,2759*****,否,,,,,,,
377,吳達偉,111年新北市議員選舉,首次申報,1111122,雜支支出,清心,26194641,0.00,30.00,,,,餐飲費用,金錢,,,否,,,,,,,
378,吳達偉,111年新北市議員選舉,首次申報,1111123,交通旅運支出,台灣中油,33032480,0.00,70.00,,,,油費,金錢,,,否,,,,,,,
379,吳達偉,111年新北市議員選舉,首次申報,1111124,交通旅運支出,計程車,,0.00,340.00,,,,計程車資,金錢,,8965*****,否,,,,,,,
380,吳達偉,111年新北市議員選舉,首次申報,1111124,交通旅運支出,計程車,,0.00,410.00,,,,計程車資,金錢,,2759*****,否,,,,,,,
381,吳達偉,111年新北市議員選舉,首次申報,1111124,宣傳支出,德典,27771156,0.00,33380.00,,,,活動用品,金錢,台北市大安區****,2700*****,否,,,,,,,
382,吳達偉,111年新北市議員選舉,首次申報,1111124,雜支支出,清心,34759495,0.00,60.00,,,,餐飲費用,金錢,,,否,,,,,,,
383,吳達偉,111年新北市議員選舉,首次申報,1111124,雜支支出,遠百,53014088,0.00,510.00,,,,餐飲費用,金錢,,,否,,,,,,,
384,吳達偉,111年新北市議員選舉,首次申報,1111125,交通旅運支出,計程車,,0.00,365.00,,,,計程車資,金錢,,2759*****,否,,,,,,,
385,吳達偉,111年新北市議員選舉,首次申報,1111125,雜支支出,清心,34759495,0.00,31.00,,,,餐飲費用,金錢,,,否,,,,,,,
386,吳達偉,111年新北市議員選舉,首次申報,1111125,雜支支出,應援科技,83763685,0.00,28.00,,,,政治獻金系統手續費,金錢,台北市內湖區****,2627*****,否,,,,,,,
387,吳達偉,111年新北市議員選舉,首次申報,1111126,雜支支出,吉實尹,41386106,0.00,2910.00,,,,餐飲費用,金錢,,,否,,,,,,,
388,吳達偉,111年新北市議員選舉,首次申報,1111126,人事費用支出,張少楷,B12*******,0.00,40000.00,,,,選務人員月人事費,金錢,臺北市大安區****,,否,,,,,,,
389,吳達偉,111年新北市議員選舉,首次申報,1111126,人事費用支出,周書妤,F22*******,0.00,40000.00,,,,選務人員月人事費,金錢,台北市大安區****,,否,,,,,,,
390,吳達偉,111年新北市議員選舉,首次申報,1111126,人事費用支出,陳怡璇,N22*******,0.00,43000.00,,,,選務人員月人事費,金錢,新北市板橋區****,,否,,,,,,,
391,吳達偉,111年新北市議員選舉,首次申報,1111126,人事費用支出,梁育萍,S22*******,0.00,40000.00,,,,選務人員月人事費,金錢,桃園市中壢區****,,否,,,,,,,
392,吳達偉,111年新北市議員選舉,首次申報,1111127,雜支支出,明美,25027836,0.00,615.00,,,,整理箱,金錢,,,否,,,,,,,
393,吳達偉,111年新北市議員選舉,首次申報,1111128,雜支支出,德上清潔行,91435855,0.00,9000.00,,,,清潔費,金錢,,0975*****,否,,,,,,,
394,吳達偉,111年新北市議員選舉,首次申報,1111201,雜支支出,藍新科技,70565326,0.00,1356.00,,,,政治獻金系統手續費,金錢,,,否,,,,,,,
395,吳達偉,111年新北市議員選舉,首次申報,1111205,返還捐贈支出,菁業企管顧問有限公司,84464812,0.00,12000.00,,,,返還,金錢,臺北市信義區****,,否,,,,,,,
