﻿序號,擬參選人／政黨,選舉名稱,申報序號／年度,交易日期,收支科目,捐贈者／支出對象,身分證／統一編號,收入金額,支出金額,捐贈方式,存入專戶日期,返還/繳庫,支出用途,金錢類,地址,聯絡電話,應揭露之支出對象,支出對象之內部人員姓名,支出對象之內部人員職稱,政黨之內部人員姓名,政黨之內部人員職稱,關係,更正註記,資料更正日期
1,陳巧慧,111年基隆市中正區砂子里里長選舉,首次申報,1111020,匿名捐贈,匿名1,,10000.00,0.00,現金,1111026,,,金錢,,,,,,,,,,
2,陳巧慧,111年基隆市中正區砂子里里長選舉,首次申報,1111025,個人捐贈收入,鄭允斌,,5000.00,0.00,現金,1111026,,,金錢,基隆市中正區****,0975*****,,,,,,,,
3,陳巧慧,111年基隆市中正區砂子里里長選舉,首次申報,1111027,個人捐贈收入,劉美玉,,2000.00,0.00,現金,1111028,,,金錢,基隆市中正區****,0934*****,,,,,,,,
4,陳巧慧,111年基隆市中正區砂子里里長選舉,首次申報,1111028,個人捐贈收入,楊吉雄,G22*******,50000.00,0.00,匯款,1111028,,,金錢,宜蘭縣蘇澳鎮****,,,,,,,,,
5,陳巧慧,111年基隆市中正區砂子里里長選舉,首次申報,1111105,人民團體捐贈收入,中華民國藥師公會全國聯合會,,20000.00,0.00,現金,1111111,,,金錢,臺北市中山區****,02-2*****,,,,,,,,
6,陳巧慧,111年基隆市中正區砂子里里長選舉,首次申報,1111105,人民團體捐贈收入,社團法人基隆市藥師公會,,10000.00,0.00,現金,1111111,,,金錢,基隆市信二路****,2422*****,,,,,,,,
7,陳巧慧,111年基隆市中正區砂子里里長選舉,首次申報,1111106,匿名捐贈,匿名2,,2500.00,0.00,,,,,非金錢,,,,,,,,,,
8,陳巧慧,111年基隆市中正區砂子里里長選舉,首次申報,1111111,人民團體捐贈收入,基隆市藥劑生公會,,2000.00,0.00,匯款,1111111,,,金錢,基隆市信義區****,2427*****,,,,,,,,
9,陳巧慧,111年基隆市中正區砂子里里長選舉,首次申報,1111111,個人捐贈收入,黃理明,,5000.00,0.00,現金,1111115,,,金錢,,0919*****,,,,,,,,
10,陳巧慧,111年基隆市中正區砂子里里長選舉,首次申報,1111221,其他收入,利息收入,,64.00,0.00,匯款,1111221,,,金錢,,,,,,,,,,
