﻿序號,擬參選人／政黨,選舉名稱,申報序號／年度,交易日期,收支科目,捐贈者／支出對象,身分證／統一編號,收入金額,支出金額,捐贈方式,存入專戶日期,返還/繳庫,支出用途,金錢類,地址,聯絡電話,應揭露之支出對象,支出對象之內部人員姓名,支出對象之內部人員職稱,政黨之內部人員姓名,政黨之內部人員職稱,關係,更正註記,資料更正日期
1,謝家倫,111年宜蘭縣議員選舉,首次申報,1110516,匿名捐贈,蘇文國,,666.00,0.00,匯款,1110523,,,金錢,,,,,,,,,,
2,謝家倫,111年宜蘭縣議員選舉,首次申報,1110517,個人捐贈收入,黃續儒,G12*******,50000.00,0.00,匯款,1110523,,,金錢,宜蘭縣冬山鄉****,0920*****,,,,,,,,
3,謝家倫,111年宜蘭縣議員選舉,首次申報,1110517,個人捐贈收入,游竣傑,G12*******,5000.00,0.00,匯款,1110517,,,金錢,臺北市信義區****,0976*****,,,,,,,,
4,謝家倫,111年宜蘭縣議員選舉,首次申報,1110518,個人捐贈收入,李秀娟,G22*******,20000.00,0.00,匯款,1110518,,,金錢,宜蘭縣羅東鎮****,,,,,,,,,
5,謝家倫,111年宜蘭縣議員選舉,首次申報,1110519,個人捐贈收入,周佑霖,,3000.00,0.00,現金,1110519,,,金錢,宜蘭縣冬山鄉****,,,,,,,,,
6,謝家倫,111年宜蘭縣議員選舉,首次申報,1110524,營利事業捐贈收入,宜芯綠化工程行,29325914,50000.00,0.00,匯款,1110524,,,金錢,宜蘭縣五結鄉****,0915*****,,,,,,,,
7,謝家倫,111年宜蘭縣議員選舉,首次申報,1110621,其他收入,利息收入,,19.00,0.00,匯款,1110621,,,金錢,,,,,,,,,,
8,謝家倫,111年宜蘭縣議員選舉,首次申報,1110621,個人捐贈收入,李秀娟,G22*******,20000.00,0.00,匯款,1110621,,,金錢,宜蘭縣羅東鎮****,,,,,,,,,
9,謝家倫,111年宜蘭縣議員選舉,首次申報,1110713,個人捐贈收入,王國彥,G12*******,3600.00,0.00,匯款,1110719,,,金錢,宜蘭縣冬山鄉****,,,,,,,,,
10,謝家倫,111年宜蘭縣議員選舉,首次申報,1110722,個人捐贈收入,王漢滄,G12*******,50000.00,0.00,匯款,1110722,,,金錢,宜蘭縣羅東鎮****,,,,,,,,,
11,謝家倫,111年宜蘭縣議員選舉,首次申報,1110805,個人捐贈收入,李秀娟,G22*******,20000.00,0.00,匯款,1110805,,,金錢,宜蘭縣羅東鎮****,,,,,,,,,
12,謝家倫,111年宜蘭縣議員選舉,首次申報,1110812,個人捐贈收入,林和源,G12*******,10000.00,0.00,匯款,1110818,,,金錢,宜蘭縣冬山鄉****,,,,,,,,,
13,謝家倫,111年宜蘭縣議員選舉,首次申報,1110829,個人捐贈收入,郭智維,G12*******,2000.00,0.00,現金,1110905,,,金錢,宜蘭縣冬山鄉****,,,,,,,,,
14,謝家倫,111年宜蘭縣議員選舉,首次申報,1110906,個人捐贈收入,林豐榮,G12*******,36000.00,0.00,現金,1110906,,,金錢,宜蘭縣五結鄉****,,,,,,,,,
15,謝家倫,111年宜蘭縣議員選舉,首次申報,1110919,個人捐贈收入,游賀淇,G12*******,5000.00,0.00,現金,1110926,,,金錢,宜蘭縣羅東鎮****,,,,,,,,,
16,謝家倫,111年宜蘭縣議員選舉,首次申報,1110922,個人捐贈收入,楊敦皓,G12*******,80000.00,0.00,匯款,1110922,,,金錢,宜蘭縣蘇澳鎮****,,,,,,,,,
17,謝家倫,111年宜蘭縣議員選舉,首次申報,1110923,營利事業捐贈收入,瑋太園藝有限公司,42609082,50000.00,0.00,現金,1110923,,,金錢,宜蘭縣羅東鎮****,,,,,,,,,
18,謝家倫,111年宜蘭縣議員選舉,首次申報,1110923,個人捐贈收入,賴明農,G10*******,100000.00,0.00,現金,1110923,,,金錢,宜蘭縣羅東鎮****,0963*****,,,,,,,,
19,謝家倫,111年宜蘭縣議員選舉,首次申報,1110923,個人捐贈收入,吳佳琪,G22*******,50000.00,0.00,現金,1110923,,,金錢,宜蘭縣員山鄉****,,,,,,,,,
20,謝家倫,111年宜蘭縣議員選舉,首次申報,1111005,個人捐贈收入,劉明杰,L12*******,5000.00,0.00,匯款,1111005,,,金錢,臺中市北區漢****,,,,,,,,,
21,謝家倫,111年宜蘭縣議員選舉,首次申報,1111012,個人捐贈收入,游軒呈,G12*******,2020.00,0.00,匯款,1111018,,,金錢,宜蘭縣五結鄉****,,,,,,,,,
22,謝家倫,111年宜蘭縣議員選舉,首次申報,1111013,個人捐贈收入,莊清萬,G10*******,10000.00,0.00,匯款,1111013,,,金錢,宜蘭縣宜蘭市****,,,,,,,,,
23,謝家倫,111年宜蘭縣議員選舉,首次申報,1111013,個人捐贈收入,謝惠珍,G22*******,5000.00,0.00,匯款,1111013,,,金錢,宜蘭縣羅東鎮****,,,,,,,,,
24,謝家倫,111年宜蘭縣議員選舉,首次申報,1111013,個人捐贈收入,梁源昌,S12*******,6000.00,0.00,匯款,1111013,,,金錢,新北市中和區****,,,,,,,,,
25,謝家倫,111年宜蘭縣議員選舉,首次申報,1111013,個人捐贈收入,楊志瀚,U12*******,1000.00,0.00,匯款,1111019,,,金錢,新北市三重區****,,,,,,,,,
26,謝家倫,111年宜蘭縣議員選舉,首次申報,1111014,個人捐贈收入,陳佑青,A22*******,2000.00,0.00,匯款,1111020,,,金錢,新北市板橋區****,,,,,,,,,
27,謝家倫,111年宜蘭縣議員選舉,首次申報,1111016,個人捐贈收入,謝漢俊,G10*******,20000.00,0.00,匯款,1111016,,,金錢,新北市中和區****,,,,,,,,,
28,謝家倫,111年宜蘭縣議員選舉,首次申報,1111017,個人捐贈收入,劉燦鴻,G12*******,30000.00,0.00,匯款,1111024,,,金錢,宜蘭縣五結鄉****,,,,,,,,,
29,謝家倫,111年宜蘭縣議員選舉,首次申報,1111017,個人捐贈收入,謝志昇,G12*******,30000.00,0.00,匯款,1111024,,,金錢,宜蘭縣羅東鎮****,,,,,,,,,
30,謝家倫,111年宜蘭縣議員選舉,首次申報,1111018,營利事業捐贈收入,立鼎企業社,09935190,10000.00,0.00,現金,1111018,,,金錢,宜蘭縣宜蘭市****,,,,,,,,,
31,謝家倫,111年宜蘭縣議員選舉,首次申報,1111018,個人捐贈收入,張謙一,G10*******,20000.00,0.00,現金,1111018,,,金錢,宜蘭縣羅東鎮****,,,,,,,,,
32,謝家倫,111年宜蘭縣議員選舉,首次申報,1111024,個人捐贈收入,陳秀枝,G22*******,20000.00,0.00,匯款,1111024,,,金錢,宜蘭縣冬山鄉****,,,,,,,,,
33,謝家倫,111年宜蘭縣議員選舉,首次申報,1111025,個人捐贈收入,潘煒元,C12*******,10000.00,0.00,匯款,1111025,,,金錢,基隆市安樂區****,,,,,,,,,
34,謝家倫,111年宜蘭縣議員選舉,首次申報,1111031,營利事業捐贈收入,宜蘭縣私立大心居家長照機構,85293196,20000.00,0.00,現金,1111031,,,金錢,宜蘭縣冬山鄉****,,,,,,,,,
35,謝家倫,111年宜蘭縣議員選舉,首次申報,1111031,個人捐贈收入,游哲豪,G12*******,20000.00,0.00,現金,1111031,,,金錢,宜蘭縣礁溪鄉****,,,,,,,,,
36,謝家倫,111年宜蘭縣議員選舉,首次申報,1111031,個人捐贈收入,趙國權,G12*******,888.00,0.00,匯款,1111031,,,金錢,宜蘭縣羅東鎮****,,,,,,,,,
37,謝家倫,111年宜蘭縣議員選舉,首次申報,1111031,個人捐贈收入,陳秀枝,G22*******,40000.00,0.00,現金,1111031,,,金錢,宜蘭縣冬山鄉****,,,,,,,,,
38,謝家倫,111年宜蘭縣議員選舉,首次申報,1111031,個人捐贈收入,黃偉荃,O10*******,500.00,0.00,匯款,1111031,,,金錢,新竹市北區延****,,,,,,,,,
39,謝家倫,111年宜蘭縣議員選舉,首次申報,1111103,匿名捐贈,匿名,,2000.00,0.00,現金,1111103,,,金錢,,,,,,,,,,
40,謝家倫,111年宜蘭縣議員選舉,首次申報,1111104,匿名捐贈,匿名,,1000.00,0.00,匯款,1111104,,,金錢,,,,,,,,,,
41,謝家倫,111年宜蘭縣議員選舉,首次申報,1111104,個人捐贈收入,柳沁妤,G22*******,10000.00,0.00,現金,1111104,,,金錢,宜蘭縣羅東鎮****,,,,,,,,,
42,謝家倫,111年宜蘭縣議員選舉,首次申報,1111105,匿名捐贈,匿名,,3000.00,0.00,匯款,1111105,,,金錢,,,,,,,,,,
43,謝家倫,111年宜蘭縣議員選舉,首次申報,1111105,匿名捐贈,匿名,,3600.00,0.00,匯款,1111105,,,金錢,,,,,,,,,,
44,謝家倫,111年宜蘭縣議員選舉,首次申報,1111105,營利事業捐贈收入,元林汽車修配廠,10042704,8888.00,0.00,匯款,1111105,,,金錢,宜蘭縣員山鄉****,,,,,,,,,
45,謝家倫,111年宜蘭縣議員選舉,首次申報,1111105,營利事業捐贈收入,復康人力派遣,72815052,2000.00,0.00,現金,1111107,,,金錢,宜蘭縣羅東鎮****,,,,,,,,,
46,謝家倫,111年宜蘭縣議員選舉,首次申報,1111105,個人捐贈收入,陳仲昇,F12*******,6000.00,0.00,匯款,1111105,,,金錢,新北市板橋區****,,,,,,,,,
47,謝家倫,111年宜蘭縣議員選舉,首次申報,1111105,個人捐贈收入,黃萬福,G12*******,20000.00,0.00,現金,1111107,,,金錢,宜蘭縣羅東鎮****,,,,,,,,,
48,謝家倫,111年宜蘭縣議員選舉,首次申報,1111105,個人捐贈收入,陳光華,G12*******,10000.00,0.00,現金,1111107,,,金錢,宜蘭縣蘇澳鎮****,,,,,,,,,
49,謝家倫,111年宜蘭縣議員選舉,首次申報,1111105,個人捐贈收入,張榕昇,G12*******,10000.00,0.00,現金,1111107,,,金錢,宜蘭縣冬山鄉****,,,,,,,,,
50,謝家倫,111年宜蘭縣議員選舉,首次申報,1111105,個人捐贈收入,林欽源,G12*******,100000.00,0.00,現金,1111107,,,金錢,宜蘭縣五結鄉****,,,,,,,,,
51,謝家倫,111年宜蘭縣議員選舉,首次申報,1111105,個人捐贈收入,李政哲,G12*******,2600.00,0.00,現金,1111110,,,金錢,宜蘭縣五結鄉****,,,,,,,,,
52,謝家倫,111年宜蘭縣議員選舉,首次申報,1111105,個人捐贈收入,陳冠妤,G22*******,10000.00,0.00,現金,1111110,,,金錢,宜蘭縣三星鄉****,,,,,,,,,
53,謝家倫,111年宜蘭縣議員選舉,首次申報,1111105,個人捐贈收入,黃麗蓉,G22*******,20000.00,0.00,現金,1111110,,,金錢,宜蘭縣五結鄉****,,,,,,,,,
54,謝家倫,111年宜蘭縣議員選舉,首次申報,1111105,個人捐贈收入,林家均,G22*******,100000.00,0.00,現金,1111107,,,金錢,宜蘭縣五結鄉****,,,,,,,,,
55,謝家倫,111年宜蘭縣議員選舉,首次申報,1111106,匿名捐贈,匿名,,2000.00,0.00,匯款,1111106,,,金錢,,,,,,,,,,
56,謝家倫,111年宜蘭縣議員選舉,首次申報,1111106,匿名捐贈,匿名,,3600.00,0.00,匯款,1111106,,,金錢,,,,,,,,,,
57,謝家倫,111年宜蘭縣議員選舉,首次申報,1111107,個人捐贈收入,陳太源,G12*******,40000.00,0.00,現金,1111107,,,金錢,宜蘭縣三星鄉****,,,,,,,,,
58,謝家倫,111年宜蘭縣議員選舉,首次申報,1111108,匿名捐贈,匿名,,3000.00,0.00,匯款,1111108,,,金錢,,,,,,,,,,
59,謝家倫,111年宜蘭縣議員選舉,首次申報,1111108,個人捐贈收入,陳錫豐,G12*******,20000.00,0.00,匯款,1111108,,,金錢,宜蘭縣羅東鎮****,0928*****,,,,,,,,
60,謝家倫,111年宜蘭縣議員選舉,首次申報,1111110,個人捐贈收入,林素貞,G22*******,10000.00,0.00,匯款,1111110,,,金錢,宜蘭縣五結鄉****,,,,,,,,,
61,謝家倫,111年宜蘭縣議員選舉,首次申報,1111111,個人捐贈收入,蔡仰中,T12*******,20000.00,0.00,匯款,1111117,,,金錢,宜蘭縣宜蘭市****,,,,,,,,,
62,謝家倫,111年宜蘭縣議員選舉,首次申報,1111114,個人捐贈收入,卓武銳,G12*******,20000.00,0.00,現金,1111115,,,金錢,宜蘭縣冬山鄉****,,,,,,,,,
63,謝家倫,111年宜蘭縣議員選舉,首次申報,1111115,個人捐贈收入,李洋璋,,20000.00,0.00,現金,1111115,,,金錢,宜蘭縣冬山鄉****,,,,,,,,,
64,謝家倫,111年宜蘭縣議員選舉,首次申報,1111115,個人捐贈收入,李光雄,U10*******,20000.00,0.00,現金,1111115,,,金錢,宜蘭縣宜蘭市****,,,,,,,,,
65,謝家倫,111年宜蘭縣議員選舉,首次申報,1111119,匿名捐贈,匿名,,2000.00,0.00,匯款,1111119,,,金錢,,,,,,,,,,
66,謝家倫,111年宜蘭縣議員選舉,首次申報,1111121,匿名捐贈,匿名,,3000.00,0.00,匯款,1111121,,,金錢,,,,,,,,,,
67,謝家倫,111年宜蘭縣議員選舉,首次申報,1111125,個人捐贈收入,李素芬,G22*******,20000.00,0.00,現金,1111130,,,金錢,宜蘭縣羅東鎮****,,,,,,,,,
68,謝家倫,111年宜蘭縣議員選舉,首次申報,1111221,其他收入,利息收入,,105.00,0.00,匯款,1111221,,,金錢,,,,,,,,,,
