﻿序號,擬參選人／政黨,選舉名稱,申報序號／年度,交易日期,收支科目,捐贈者／支出對象,身分證／統一編號,收入金額,支出金額,捐贈方式,存入專戶日期,返還/繳庫,支出用途,金錢類,地址,聯絡電話,應揭露之支出對象,支出對象之內部人員姓名,支出對象之內部人員職稱,政黨之內部人員姓名,政黨之內部人員職稱,關係,更正註記,資料更正日期
1,曾泰程,111年新竹市議員選舉,首次申報,1110728,返還捐贈支出,凱鑫室內裝修設計有限公司,25026457,0.00,60000.00,,,,返還,金錢,新竹市北區集****,,否,,,,,,,
2,曾泰程,111年新竹市議員選舉,首次申報,1110801,雜支支出,藍新科技股份有限公司,70565326,0.00,69.00,,,,第三方支付服務費,金錢,台北市南港區****,02-2*****,否,,,,,,,
3,曾泰程,111年新竹市議員選舉,首次申報,1110901,雜支支出,藍新科技股份有限公司,70565326,0.00,897.00,,,,第三方支付服務費,金錢,台北市南港區****,02-2*****,否,,,,,,,
4,曾泰程,111年新竹市議員選舉,首次申報,1111001,雜支支出,藍新科技股份有限公司,70565326,0.00,690.00,,,,第三方支付服務費,金錢,台北市南港區****,02-2*****,否,,,,,,,
5,曾泰程,111年新竹市議員選舉,首次申報,1111101,雜支支出,藍新科技股份有限公司,70565326,0.00,1160.00,,,,第三方支付服務費,金錢,台北市南港區****,02-2*****,否,,,,,,,
6,曾泰程,111年新竹市議員選舉,首次申報,1111130,宣傳支出,鍵聲廣告企業社,31430407,0.00,500000.00,,,,宣傳廣告費用,金錢,桃園市平鎮區****,0927*****,否,,,,,,,
7,曾泰程,111年新竹市議員選舉,首次申報,1111205,人事費用支出,曾浚紘,O10*******,0.00,36000.00,,,,工資或薪津,金錢,新竹市北區光****,,是,曾浚紘,,,,二親等以內親屬(父子),,
8,曾泰程,111年新竹市議員選舉,首次申報,1111205,人事費用支出,黃子祐,O10*******,0.00,36000.00,,,,工資或薪津,金錢,新竹市香山區****,,否,,,,,,,
9,曾泰程,111年新竹市議員選舉,首次申報,1111205,人事費用支出,鄭雅綺,O20*******,0.00,134000.00,,,,工資或薪津,金錢,新竹市北區光****,,否,,,,,,,
10,曾泰程,111年新竹市議員選舉,首次申報,1111205,人事費用支出,張芸禎,O20*******,0.00,128000.00,,,,工資或薪津,金錢,新竹市北區光****,,否,,,,,,,
11,曾泰程,111年新竹市議員選舉,首次申報,1111213,宣傳支出,涔宇科技有限公司,54818351,0.00,218925.00,,,,製作競選文宣口罩,金錢,新竹市香山區****,03-5*****,否,,,,,,,
12,曾泰程,111年新竹市議員選舉,首次申報,1111220,宣傳支出,金賀禮有限公司,60282799,0.00,37600.00,,,,製作競選泡棉帽,金錢,臺中市東區東****,04-2*****,否,,,,,,,
13,曾泰程,111年新竹市議員選舉,首次申報,1111226,租用競選辦事處支出,林采珊,A22*******,0.00,160000.00,,,,租用競選辦事處費用,金錢,新竹市北區鐵****,,否,,,,,,,
14,曾泰程,111年新竹市議員選舉,首次申報,1120206,返還捐贈支出,世乾開發有限公司,83438020,0.00,100000.00,,,,返還,金錢,新竹市東區福****,,否,,,,,,,
