﻿序號,擬參選人／政黨,選舉名稱,申報序號／年度,交易日期,收支科目,捐贈者／支出對象,身分證／統一編號,收入金額,支出金額,捐贈方式,存入專戶日期,返還/繳庫,支出用途,金錢類,地址,聯絡電話,應揭露之支出對象,支出對象之內部人員姓名,支出對象之內部人員職稱,政黨之內部人員姓名,政黨之內部人員職稱,關係,更正註記,資料更正日期
1,曾泰程,111年新竹市議員選舉,首次申報,1110713,營利事業捐贈收入,和碩建材有限公司,24654633,30000.00,0.00,匯款,1110713,,,金錢,新竹市北區竹****,03-5*****,,,,,,,,
2,曾泰程,111年新竹市議員選舉,首次申報,1110714,個人捐贈收入,張瑞欽,V10*******,10000.00,0.00,匯款,1110714,,,金錢,,0910*****,,,,,,,,
3,曾泰程,111年新竹市議員選舉,首次申報,1110718,個人捐贈收入,侯錦彰,Q12*******,50000.00,0.00,匯款,1110718,,,金錢,嘉義縣太保市****,0933*****,,,,,,,,
4,曾泰程,111年新竹市議員選舉,首次申報,1110720,個人捐贈收入,陳錦榮,J12*******,3000.00,0.00,匯款,1110726,,,金錢,新竹市北區光****,0932*****,,,,,,,,
5,曾泰程,111年新竹市議員選舉,首次申報,1110725,營利事業捐贈收入,凱鑫室內裝修設計有限公司,25026457,60000.00,0.00,匯款,1110725,已返還,,金錢,新竹市北區集****,03-5*****,,,,,,,,
6,曾泰程,111年新竹市議員選舉,首次申報,1110804,個人捐贈收入,蘇律蓁,J22*******,100000.00,0.00,匯款,1110804,,,金錢,新竹市北區光****,0962*****,,,,,,,,
7,曾泰程,111年新竹市議員選舉,首次申報,1110808,個人捐贈收入,陳世凱,J12*******,60000.00,0.00,匯款,1110808,,,金錢,新竹市北區集****,0924*****,,,,,,,,
8,曾泰程,111年新竹市議員選舉,首次申報,1110812,營利事業捐贈收入,新協興精品家具,18211689,20000.00,0.00,匯款,1110812,,,金錢,新竹市東區復****,03-5*****,,,,,,,,
9,曾泰程,111年新竹市議員選舉,首次申報,1110815,個人捐贈收入,何秀乾,J12*******,36000.00,0.00,匯款,1110822,,,金錢,新竹市北區中****,0933*****,,,,,,,,
10,曾泰程,111年新竹市議員選舉,首次申報,1110816,個人捐贈收入,魏資衡,J12*******,3000.00,0.00,匯款,1110822,,,金錢,新竹市北區經****,0905*****,,,,,,,,
11,曾泰程,111年新竹市議員選舉,首次申報,1110824,個人捐贈收入,蔡美美,J22*******,30000.00,0.00,匯款,1110824,,,金錢,新竹市香村里****,0911*****,,,,,,,,
12,曾泰程,111年新竹市議員選舉,首次申報,1110904,個人捐贈收入,魏資衡,J12*******,30000.00,0.00,匯款,1110912,,,金錢,新竹市北區經****,0905*****,,,,,,,,
13,曾泰程,111年新竹市議員選舉,首次申報,1110912,營利事業捐贈收入,峰華國際不動產有限公司,45106400,15000.00,0.00,匯款,1110912,,,金錢,新竹市東區育****,03-6*****,,,,,,,,
14,曾泰程,111年新竹市議員選舉,首次申報,1110914,營利事業捐贈收入,御弘股份有限公司,25063831,20000.00,0.00,匯款,1110914,,,金錢,新竹市香山區****,03-5*****,,,,,,,,
15,曾泰程,111年新竹市議員選舉,首次申報,1110930,個人捐贈收入,黃河鑫,A12*******,100000.00,0.00,匯款,1110930,,,金錢,新竹市東區學****,0933*****,,,,,,,,
16,曾泰程,111年新竹市議員選舉,首次申報,1111002,營利事業捐贈收入,唐門室內裝修規劃設計,26697313,5000.00,0.00,匯款,1111011,,,金錢,新竹市東區鐵****,0937*****,,,,,,,,
17,曾泰程,111年新竹市議員選舉,首次申報,1111005,個人捐贈收入,田金川,J22*******,6000.00,0.00,匯款,1111005,,,金錢,新竹縣竹東鎮****,0975*****,,,,,,,,
18,曾泰程,111年新竹市議員選舉,首次申報,1111011,人民團體捐贈收入,新竹市美睫眉藝造型人員職業工會,,3000.00,0.00,現金,1111026,,,金錢,新竹市東區田****,03-5*****,,,,,,,,
19,曾泰程,111年新竹市議員選舉,首次申報,1111011,營利事業捐贈收入,世乾開發有限公司,83438020,100000.00,0.00,匯款,1111011,已返還,,金錢,新竹市東區福****,03-5*****,,,,,,,,
20,曾泰程,111年新竹市議員選舉,首次申報,1111011,個人捐贈收入,李文貴,J12*******,50000.00,0.00,匯款,1111017,,,金錢,新竹市北區光****,0910*****,,,,,,,,
21,曾泰程,111年新竹市議員選舉,首次申報,1111011,個人捐贈收入,耿立民,V12*******,100000.00,0.00,匯款,1111011,,,金錢,新竹市北區東****,0952*****,,,,,,,,
22,曾泰程,111年新竹市議員選舉,首次申報,1111017,個人捐贈收入,葉彩雲,,20000.00,0.00,現金,1111026,,,金錢,新竹縣竹北市****,03-6*****,,,,,,,,
23,曾泰程,111年新竹市議員選舉,首次申報,1111017,人民團體捐贈收入,新竹市女子美容商業同業公會,,3000.00,0.00,現金,1111026,,,金錢,新竹市東區田****,03-5*****,,,,,,,,
24,曾泰程,111年新竹市議員選舉,首次申報,1111017,人民團體捐贈收入,新竹市電腦工程人員職業工會,,3000.00,0.00,現金,1111026,,,金錢,新竹市東區田****,03-5*****,,,,,,,,
25,曾泰程,111年新竹市議員選舉,首次申報,1111017,人民團體捐贈收入,新竹市指甲彩繪美容職業工會,,3000.00,0.00,現金,1111026,,,金錢,新竹市東區田****,03-5*****,,,,,,,,
26,曾泰程,111年新竹市議員選舉,首次申報,1111017,營利事業捐贈收入,喬力科技有限公司,42751904,100000.00,0.00,匯款,1111017,,,金錢,新竹市武陵路****,03-5*****,,,,,,,,
27,曾泰程,111年新竹市議員選舉,首次申報,1111017,個人捐贈收入,歐陽萱,J22*******,6000.00,0.00,現金,1111026,,,金錢,新竹市北區金****,0955*****,,,,,,,,
28,曾泰程,111年新竹市議員選舉,首次申報,1111018,個人捐贈收入,洪文進,,20000.00,0.00,現金,1111026,,,金錢,新竹市香山區****,0933*****,,,,,,,,
29,曾泰程,111年新竹市議員選舉,首次申報,1111020,個人捐贈收入,李宗穎,N12*******,36000.00,0.00,匯款,1111020,,,金錢,新竹市中山路****,03-5*****,,,,,,,,
