﻿序號,擬參選人／政黨,選舉名稱,申報序號／年度,交易日期,收支科目,捐贈者／支出對象,身分證／統一編號,收入金額,支出金額,支出用途,金錢類,地址,聯絡電話,資料更正日期
1,林明順,107年縣(市)議員選舉,首次申報,1070930,個人捐贈收入,謝妃涵,T22*******,100000.00,0.00,,金錢,屏東縣麟洛鄉****,,
2,林明順,107年縣(市)議員選舉,首次申報,1071016,個人捐贈收入,郭其彰,,5000.00,0.00,,金錢,高雄市鳳山區****,0921*****,
3,林明順,107年縣(市)議員選舉,首次申報,1071018,個人捐贈收入,林紀玲,,10000.00,0.00,,金錢,屏東縣鹽埔鄉****,,
4,林明順,107年縣(市)議員選舉,首次申報,1071018,個人捐贈收入,侯祥能,,10000.00,0.00,,金錢,屏東縣屏東市****,,
5,林明順,107年縣(市)議員選舉,首次申報,1071018,個人捐贈收入,陳邦彥,R10*******,10000.00,0.00,,金錢,屏東縣屏東市****,,
6,林明順,107年縣(市)議員選舉,首次申報,1071019,個人捐贈收入,楊勝任,,10000.00,0.00,,金錢,屏東縣屏東市****,,
7,林明順,107年縣(市)議員選舉,首次申報,1071020,人民團體捐贈收入,屏東縣第六老人會,,3000.00,0.00,,金錢,屏東市建興南****,7532*****,
8,林明順,107年縣(市)議員選舉,首次申報,1071022,個人捐贈收入,薛乃溢,,3000.00,0.00,,金錢,屏東縣屏東市****,,
9,林明順,107年縣(市)議員選舉,首次申報,1071026,個人捐贈收入,柯立祥,,1000.00,0.00,,金錢,屏東縣屏東市****,,
10,林明順,107年縣(市)議員選舉,首次申報,1071028,個人捐贈收入,汪晃霆,T12*******,100000.00,0.00,,金錢,屏東縣屏東市****,,
11,林明順,107年縣(市)議員選舉,首次申報,1071031,個人捐贈收入,邱勤良,,2000.00,0.00,,金錢,屏東縣長治鄉****,,
12,林明順,107年縣(市)議員選舉,首次申報,1071101,營利事業捐贈收入,國興畜產股份有限公司,86660894,22750.00,0.00,,非金錢,屏東縣屏東市****,,
13,林明順,107年縣(市)議員選舉,首次申報,1071107,個人捐贈收入,王伯宇,,10000.00,0.00,,金錢,臺中市北屯區****,,
14,林明順,107年縣(市)議員選舉,首次申報,1071108,個人捐贈收入,方鄒博文,,10000.00,0.00,,金錢,屏東縣屏東市****,,
15,林明順,107年縣(市)議員選舉,首次申報,1071221,其他收入,利息收入,,4.00,0.00,,金錢,,,
