﻿序號,擬參選人／政黨,選舉名稱,申報序號／年度,交易日期,收支科目,捐贈者／支出對象,身分證／統一編號,收入金額,支出金額,支出用途,金錢類,地址,聯絡電話,資料更正日期
1,蔡育輝,109年立法委員選舉,首次申報,1080528,營利事業捐贈收入,登榮塑膠企業(股)公司,72214207,1000000.00,0.00,,金錢,臺南市柳營區****,6220*****,
2,蔡育輝,109年立法委員選舉,首次申報,1080608,個人捐贈收入,劉淑娟,R22*******,20000.00,0.00,,金錢,臺南市新營區****,0918*****,
3,蔡育輝,109年立法委員選舉,首次申報,1080612,個人捐贈收入,蔡傑,R12*******,100000.00,0.00,,金錢,臺南市新營區****,,
4,蔡育輝,109年立法委員選舉,首次申報,1080612,個人捐贈收入,陳彥如,R22*******,100000.00,0.00,,金錢,臺南市新營區****,,
5,蔡育輝,109年立法委員選舉,首次申報,1080614,營利事業捐贈收入,登榮汽車車體股份有限公司,72197137,200000.00,0.00,,金錢,臺南市柳營區****,,
6,蔡育輝,109年立法委員選舉,首次申報,1080621,其他收入,利息收入,,35.00,0.00,,金錢,,,
7,蔡育輝,109年立法委員選舉,首次申報,1080802,個人捐贈收入,陳文清,R12*******,100000.00,0.00,,金錢,臺南市新營區****,,
8,蔡育輝,109年立法委員選舉,首次申報,1080805,個人捐贈收入,林明田,R10*******,20000.00,0.00,,金錢,臺南市新營區****,,
9,蔡育輝,109年立法委員選舉,首次申報,1080809,營利事業捐贈收入,刷樂國際股份有限公司,86257802,26970.00,0.00,,非金錢,臺中市南區忠****,,
10,蔡育輝,109年立法委員選舉,首次申報,1080809,營利事業捐贈收入,刷樂國際股份有限公司,86257802,9400.00,0.00,,非金錢,臺中市南區忠****,,
11,蔡育輝,109年立法委員選舉,首次申報,1080930,個人捐贈收入,黃泰瑀,R12*******,100000.00,0.00,,金錢,臺南市新營區****,,
12,蔡育輝,109年立法委員選舉,首次申報,1081005,匿名捐贈,匿名,,1000.00,0.00,,金錢,,,
13,蔡育輝,109年立法委員選舉,首次申報,1081012,個人捐贈收入,顏燕清,R12*******,10000.00,0.00,,金錢,新北市汐止區****,0928*****,
14,蔡育輝,109年立法委員選舉,首次申報,1081014,匿名捐贈,匿名,,500.00,0.00,,金錢,,,
15,蔡育輝,109年立法委員選舉,首次申報,1081015,個人捐贈收入,蕭政豊,,30000.00,0.00,,金錢,,0916*****,
16,蔡育輝,109年立法委員選舉,首次申報,1081016,個人捐贈收入,李吳碧燕,R20*******,10000.00,0.00,,金錢,臺南市新營區****,,
17,蔡育輝,109年立法委員選舉,首次申報,1081021,個人捐贈收入,沈陳寶桂,,6000.00,0.00,,金錢,臺南市新營區****,06-6*****,
18,蔡育輝,109年立法委員選舉,首次申報,1081023,個人捐贈收入,謝佳玲,A22*******,100000.00,0.00,,金錢,臺南市東區仁****,,
19,蔡育輝,109年立法委員選舉,首次申報,1081023,個人捐贈收入,李伶桂,M22*******,100000.00,0.00,,金錢,臺南市東區仁****,,
20,蔡育輝,109年立法委員選舉,首次申報,1081023,個人捐贈收入,李維潔,R22*******,100000.00,0.00,,金錢,臺南市東區裕****,,
21,蔡育輝,109年立法委員選舉,首次申報,1081029,個人捐贈收入,陳正中,R12*******,50000.00,0.00,,金錢,臺南市新營區****,6571*****,
22,蔡育輝,109年立法委員選舉,首次申報,1081030,營利事業捐贈收入,名音樂器行,06542045,7000.00,0.00,,金錢,臺南市新營區****,,
23,蔡育輝,109年立法委員選舉,首次申報,1081101,個人捐贈收入,郭山林,R10*******,6000.00,0.00,,金錢,臺南市新營區****,0960*****,
24,蔡育輝,109年立法委員選舉,首次申報,1081104,匿名捐贈,匿名,,2000.00,0.00,,金錢,,,
25,蔡育輝,109年立法委員選舉,首次申報,1081105,個人捐贈收入,林玉春,,10000.00,0.00,,金錢,臺南市新營區****,0937*****,
26,蔡育輝,109年立法委員選舉,首次申報,1081105,個人捐贈收入,張家祥,R10*******,20000.00,0.00,,金錢,臺南市新營區****,6355*****,
27,蔡育輝,109年立法委員選舉,首次申報,1081108,匿名捐贈,匿名,,1.00,0.00,,金錢,,,
28,蔡育輝,109年立法委員選舉,首次申報,1081113,匿名捐贈,匿名,,1.00,0.00,,金錢,,,
29,蔡育輝,109年立法委員選舉,首次申報,1081118,個人捐贈收入,林慧昭,D22*******,100000.00,0.00,,金錢,臺南市安平區****,,
30,蔡育輝,109年立法委員選舉,首次申報,1081118,個人捐贈收入,魏盈凱,R12*******,6000.00,0.00,,金錢,臺南市新營區****,0919*****,
31,蔡育輝,109年立法委員選舉,首次申報,1081119,人民團體捐贈收入,臺南市大台南不動產開發商業同業公會,,100000.00,0.00,,金錢,臺南市永康區****,06-3*****,
32,蔡育輝,109年立法委員選舉,首次申報,1081119,人民團體捐贈收入,臺南市大台南不動產開發商業同業公會,,100000.00,0.00,,金錢,臺南市永康區****,06-3*****,
33,蔡育輝,109年立法委員選舉,首次申報,1081129,匿名捐贈,匿名,,500.00,0.00,,金錢,,,
34,蔡育輝,109年立法委員選舉,首次申報,1081130,個人捐贈收入,陳品錡,M22*******,32000.00,0.00,,金錢,臺南市新營區****,0920*****,
35,蔡育輝,109年立法委員選舉,首次申報,1081203,營利事業捐贈收入,功福企業有限公司,04735341,60000.00,0.00,,金錢,臺北市松山區****,,
36,蔡育輝,109年立法委員選舉,首次申報,1081203,個人捐贈收入,曾耀生,R12*******,5000.00,0.00,,金錢,臺南市鹽水區****,0971*****,
37,蔡育輝,109年立法委員選舉,首次申報,1081204,營利事業捐贈收入,南瀛汽車修護股份有限公司,96983280,46000.00,0.00,,金錢,臺南市新營區****,,
38,蔡育輝,109年立法委員選舉,首次申報,1081205,個人捐贈收入,鄭琹斤,R20*******,20000.00,0.00,,金錢,臺南市柳營區****,0921*****,
39,蔡育輝,109年立法委員選舉,首次申報,1081211,個人捐贈收入,黃清柱,R10*******,12000.00,0.00,,金錢,臺南市麻豆區****,,
40,蔡育輝,109年立法委員選舉,首次申報,1081212,個人捐贈收入,楊智勇,R12*******,2000.00,0.00,,金錢,臺南市鹽水區****,,
41,蔡育輝,109年立法委員選舉,首次申報,1081213,個人捐贈收入,楊麗美,T22*******,30000.00,0.00,,金錢,臺南市鹽水區****,,
42,蔡育輝,109年立法委員選舉,首次申報,1081217,個人捐贈收入,吳長財,R12*******,100000.00,0.00,,金錢,臺南市東山區****,,
43,蔡育輝,109年立法委員選舉,首次申報,1081219,個人捐贈收入,陳永春,R10*******,50000.00,0.00,,金錢,臺南市柳營區****,,
44,蔡育輝,109年立法委員選舉,首次申報,1081220,營利事業捐贈收入,友崧科技股份有限公司,25190858,200000.00,0.00,,金錢,臺南市柳營區****,6223*****,
45,蔡育輝,109年立法委員選舉,首次申報,1081220,個人捐贈收入,李金灝,P12*******,20000.00,0.00,,金錢,臺南市新營區****,,
46,蔡育輝,109年立法委員選舉,首次申報,1081220,個人捐贈收入,陳國鴻,R10*******,20000.00,0.00,,金錢,臺南市新營區****,,
47,蔡育輝,109年立法委員選舉,首次申報,1081220,個人捐贈收入,王俊賢,R12*******,2000.00,0.00,,金錢,臺南市後壁區****,,
48,蔡育輝,109年立法委員選舉,首次申報,1081221,其他收入,利息收入,,25.00,0.00,,金錢,,,
49,蔡育輝,109年立法委員選舉,首次申報,1081222,個人捐贈收入,林文山,D12*******,30000.00,0.00,,金錢,臺南市仁德區****,0910*****,
50,蔡育輝,109年立法委員選舉,首次申報,1081222,個人捐贈收入,鄭火炎,R10*******,10000.00,0.00,,金錢,臺南市鹽水區****,0937*****,
51,蔡育輝,109年立法委員選舉,首次申報,1081222,個人捐贈收入,蔡利發,R12*******,10000.00,0.00,,金錢,臺南市新營區****,0937*****,
52,蔡育輝,109年立法委員選舉,首次申報,1081222,個人捐贈收入,李進忠,R12*******,10000.00,0.00,,金錢,臺南市新市區****,,
53,蔡育輝,109年立法委員選舉,首次申報,1081223,個人捐贈收入,黃崑茂,R10*******,6000.00,0.00,,金錢,臺南市後壁區****,,
54,蔡育輝,109年立法委員選舉,首次申報,1081224,營利事業捐贈收入,永道營造有限公司,28405066,200000.00,0.00,,金錢,臺南市新營區****,,
55,蔡育輝,109年立法委員選舉,首次申報,1081224,個人捐贈收入,蔡希賢,R12*******,80000.00,0.00,,金錢,臺南市後壁鄉****,,
56,蔡育輝,109年立法委員選舉,首次申報,1081224,個人捐贈收入,謝奇勳,R12*******,60000.00,0.00,,金錢,臺南市新營區****,,
57,蔡育輝,109年立法委員選舉,首次申報,1081224,個人捐贈收入,謝奇達,R12*******,60000.00,0.00,,金錢,臺南市新營區****,,
58,蔡育輝,109年立法委員選舉,首次申報,1081225,營利事業捐贈收入,新營三和紙業股份有限公司,89786968,100000.00,0.00,,金錢,臺南市新營區****,,
59,蔡育輝,109年立法委員選舉,首次申報,1081225,個人捐贈收入,李浩泉,R10*******,10000.00,0.00,,金錢,臺南市六甲區****,6982*****,
60,蔡育輝,109年立法委員選舉,首次申報,1081225,個人捐贈收入,顏秋梅,R20*******,10000.00,0.00,,金錢,臺南市新營區****,6351*****,
61,蔡育輝,109年立法委員選舉,首次申報,1081226,人民團體捐贈收入,臺南市不動產開發商業同業公會,,200000.00,0.00,,金錢,臺南市安平區****,06-2*****,
62,蔡育輝,109年立法委員選舉,首次申報,1081226,個人捐贈收入,余炳桂,L12*******,100000.00,0.00,,金錢,臺南市佳里區****,0933*****,
63,蔡育輝,109年立法委員選舉,首次申報,1081227,營利事業捐贈收入,光洋應用材料科技股份有限公司,43787872,60000.00,0.00,,金錢,臺南市安南區****,0651*****,
64,蔡育輝,109年立法委員選舉,首次申報,1081227,個人捐贈收入,潘昭名,R12*******,50000.00,0.00,,金錢,臺南市新營區****,,
65,蔡育輝,109年立法委員選舉,首次申報,1081228,個人捐贈收入,蔡崇名,R10*******,100000.00,0.00,,金錢,臺南市新營區****,,
66,蔡育輝,109年立法委員選舉,首次申報,1081228,個人捐贈收入,蔡忠佐,R12*******,100000.00,0.00,,金錢,臺南市新營區****,,
67,蔡育輝,109年立法委員選舉,首次申報,1081230,個人捐贈收入,陳崑山,Q12*******,10000.00,0.00,,金錢,臺南市新營區****,,
68,蔡育輝,109年立法委員選舉,首次申報,1081230,個人捐贈收入,王美只,R20*******,100000.00,0.00,,金錢,臺南市新營育****,0975*****,
69,蔡育輝,109年立法委員選舉,首次申報,1081231,營利事業捐贈收入,樺嶺企業股份有限公司,33956722,100000.00,0.00,,金錢,臺南市鹽水區****,,
70,蔡育輝,109年立法委員選舉,首次申報,1081231,個人捐贈收入,吳玉山,D10*******,100000.00,0.00,,金錢,臺南市永康區****,,
71,蔡育輝,109年立法委員選舉,首次申報,1081231,個人捐贈收入,陳柏駿,F12*******,100000.00,0.00,,金錢,臺南市新營區****,,
72,蔡育輝,109年立法委員選舉,首次申報,1081231,個人捐贈收入,徐睿圻,Q12*******,3000.00,0.00,,金錢,臺南市新營區****,,
73,蔡育輝,109年立法委員選舉,首次申報,1081231,個人捐贈收入,蕭斌,R10*******,20000.00,0.00,,金錢,臺南市新營區****,,
74,蔡育輝,109年立法委員選舉,首次申報,1081231,個人捐贈收入,毛文亮,R10*******,16000.00,0.00,,金錢,臺南市新營區****,,
75,蔡育輝,109年立法委員選舉,首次申報,1081231,個人捐贈收入,楊勝發,R12*******,20000.00,0.00,,金錢,臺南市後壁區****,0915*****,
76,蔡育輝,109年立法委員選舉,首次申報,1081231,個人捐贈收入,黃朱鈴,R20*******,12000.00,0.00,,金錢,臺南市新營區****,,
77,蔡育輝,109年立法委員選舉,首次申報,1090106,個人捐贈收入,張瑞和,R10*******,10000.00,0.00,,金錢,臺南市柳營區****,,
78,蔡育輝,109年立法委員選舉,首次申報,1090107,個人捐贈收入,萬慧鸞,A22*******,100000.00,0.00,,金錢,臺南市新營區****,,
