﻿序號,擬參選人／政黨,選舉名稱,申報序號／年度,交易日期,收支科目,捐贈者／支出對象,身分證／統一編號,收入金額,支出金額,支出用途,金錢類,地址,聯絡電話,資料更正日期
1,吳顯森,107年直轄市議員選舉,首次申報,1070524,個人捐贈收入,張惠美,L22*******,36000.00,0.00,,金錢,臺中市大雅區****,,
2,吳顯森,107年直轄市議員選舉,首次申報,1070621,其他收入,利息收入,,2.00,0.00,,金錢,,,
3,吳顯森,107年直轄市議員選舉,首次申報,1070702,營利事業捐贈收入,祥記實業股有限公司,55205484,200000.00,0.00,,金錢,臺中市大雅區****,04-2*****,
4,吳顯森,107年直轄市議員選舉,首次申報,1070705,營利事業捐贈收入,尚立國際股份有限公司,13004346,100000.00,0.00,,金錢,臺中市大雅區****,04-2*****,
5,吳顯森,107年直轄市議員選舉,首次申報,1070710,個人捐贈收入,魏菽君,B22*******,100000.00,0.00,,金錢,臺中市西屯區****,,
6,吳顯森,107年直轄市議員選舉,首次申報,1070712,個人捐贈收入,張德成,L12*******,100000.00,0.00,,金錢,臺中市大雅區****,,
7,吳顯森,107年直轄市議員選舉,首次申報,1070712,個人捐贈收入,張德仁,L12*******,100000.00,0.00,,金錢,臺中市大雅區****,0937*****,
8,吳顯森,107年直轄市議員選舉,首次申報,1070903,營利事業捐贈收入,八德工業社,55964534,100000.00,0.00,,金錢,臺中市大雅區****,,
9,吳顯森,107年直轄市議員選舉,首次申報,1070903,營利事業捐贈收入,人信泰股份有限公司,84568372,100000.00,0.00,,金錢,臺中市大雅區****,,
10,吳顯森,107年直轄市議員選舉,首次申報,1070911,個人捐贈收入,江長浩,B12*******,100000.00,0.00,,金錢,臺中市大雅區****,,
11,吳顯森,107年直轄市議員選舉,首次申報,1071011,個人捐贈收入,林勝慧,T12*******,100000.00,0.00,,金錢,臺中市東區東****,,
12,吳顯森,107年直轄市議員選舉,首次申報,1071030,個人捐贈收入,翁火墉,Q10*******,100000.00,0.00,,金錢,臺中市神岡區****,,
13,吳顯森,107年直轄市議員選舉,首次申報,1071101,個人捐贈收入,王衍三,L10*******,66000.00,0.00,,金錢,臺中市神岡區****,,
14,吳顯森,107年直轄市議員選舉,首次申報,1071102,營利事業捐贈收入,聯合福興股份有限公司,55863016,50000.00,0.00,,金錢,臺中市神岡區****,,
15,吳顯森,107年直轄市議員選舉,首次申報,1071116,營利事業捐贈收入,大原營造有限公司,97413750,50000.00,0.00,,金錢,臺中市西屯區****,04-2*****,
16,吳顯森,107年直轄市議員選舉,首次申報,1071118,營利事業捐贈收入,弦震企業股份有限公司,55173645,100000.00,0.00,,金錢,臺中市神岡區****,04-2*****,
17,吳顯森,107年直轄市議員選舉,首次申報,1071120,個人捐贈收入,吳瑞炘,,30000.00,0.00,,金錢,,0921*****,
18,吳顯森,107年直轄市議員選舉,首次申報,1071122,個人捐贈收入,朱李麗紅,K20*******,15000.00,0.00,,金錢,臺中市大雅區****,0917*****,
19,吳顯森,107年直轄市議員選舉,首次申報,1071221,其他收入,利息收入,,114.00,0.00,,金錢,,,
