﻿序號,擬參選人／政黨,選舉名稱,申報序號／年度,交易日期,收支科目,捐贈者／支出對象,身分證／統一編號,收入金額,支出金額,支出用途,金錢類,地址,聯絡電話,資料更正日期
1,邱炳光,107年鄉(鎮、市)民代表選舉,首次申報,1070918,雜支支出,全聯福利中心,28984086,0.00,108.00,雜項購置-衛生紙,金錢,苗栗縣苗栗市****,037-*****,
2,邱炳光,107年鄉(鎮、市)民代表選舉,首次申報,1070919,雜支支出,萬松百貨商行,17341220,0.00,45.00,文具用品費用,金錢,苗栗縣苗栗市****,037-*****,
3,邱炳光,107年鄉(鎮、市)民代表選舉,首次申報,1070919,雜支支出,加貝賀美工文具,39871763,0.00,279.00,文具用品費用,金錢,苗栗縣苗栗市****,037-*****,
4,邱炳光,107年鄉(鎮、市)民代表選舉,首次申報,1070926,公共關係費用支出,聯合花苑禮品店,09199474,0.00,600.00,文康活動費用,金錢,苗栗縣苗栗市****,037-*****,
5,邱炳光,107年鄉(鎮、市)民代表選舉,首次申報,1070930,宣傳支出,南雅禮品服飾,08773020,0.00,11200.00,製作宣傳廣告支出,金錢,,037-*****,
6,邱炳光,107年鄉(鎮、市)民代表選舉,首次申報,1071008,雜支支出,崧耀國際有限公司,54509664,0.00,53.00,文具用品費用,金錢,苗栗縣苗栗市****,037-*****,
7,邱炳光,107年鄉(鎮、市)民代表選舉,首次申報,1071011,雜支支出,加貝賀美工文具,39871763,0.00,168.00,文具用品費用,金錢,苗栗縣苗栗市****,037-*****,
8,邱炳光,107年鄉(鎮、市)民代表選舉,首次申報,1071019,雜支支出,日星文具,14225590,0.00,16.00,文具用品費用,金錢,苗栗縣苗栗市****,037-*****,
9,邱炳光,107年鄉(鎮、市)民代表選舉,首次申報,1071031,公共關係費用支出,天翔花苑,66841721,0.00,10400.00,聯誼交際費用,金錢,苗栗縣苗栗市****,037-*****,
10,邱炳光,107年鄉(鎮、市)民代表選舉,首次申報,1071101,集會支出,可可自助餐,02904051,0.00,550.00,餐飲支出,金錢,苗栗縣苗栗市****,037-*****,
11,邱炳光,107年鄉(鎮、市)民代表選舉,首次申報,1071106,雜支支出,世昌興業社,19203096,0.00,170.00,餐飲費用免洗餐具,金錢,苗栗縣苗栗市****,037-*****,
12,邱炳光,107年鄉(鎮、市)民代表選舉,首次申報,1071106,雜支支出,加貝賀美工文具,39871763,0.00,48.00,文具用品費用,金錢,苗栗縣苗栗市****,037-*****,
13,邱炳光,107年鄉(鎮、市)民代表選舉,首次申報,1071107,雜支支出,新祥商店,26853448,0.00,2160.00,餐飲費用免洗餐具,金錢,苗栗縣苗栗市****,037-*****,
14,邱炳光,107年鄉(鎮、市)民代表選舉,首次申報,1071120,集會支出,吉祥蓬架行,39870357,0.00,21000.00,租用設備支出蓬架舞台等,金錢,苗栗縣苗栗市****,037-*****,
15,邱炳光,107年鄉(鎮、市)民代表選舉,首次申報,1071122,租用宣傳車輛支出,非凡廣告社,66818670,0.00,11800.00,租用宣傳車輛支出  競選廣告車及貼字,金錢,苗栗縣苗栗市****,037-*****,
16,邱炳光,107年鄉(鎮、市)民代表選舉,首次申報,1071124,集會支出,鼎泰實業,45257032,0.00,20000.00,租用設備支出 帆布,金錢,苗栗縣苗栗市****,037-*****,
17,邱炳光,107年鄉(鎮、市)民代表選舉,首次申報,1071126,租用宣傳車輛支出,徐天賜,K10*******,0.00,39000.00,雇用宣傳車輛駕駛支出,金錢,苗栗縣苗栗市****,,
