﻿序號,擬參選人／政黨,選舉名稱,申報序號／年度,交易日期,收支科目,捐贈者／支出對象,身分證／統一編號,收入金額,支出金額,捐贈方式,存入專戶日期,返還/繳庫,支出用途,金錢類,地址,聯絡電話,應揭露之支出對象,支出對象之內部人員姓名,支出對象之內部人員職稱,政黨之內部人員姓名,政黨之內部人員職稱,關係,更正註記,資料更正日期
1,黃進仕,111年桃園市議員選舉,首次申報,1110620,宣傳支出,安宸企業社,82056712,0.00,11560.00,,,,製作競選物品或宣傳廣告費用（布條）,金錢,桃園市八德區****,,否,,,,,,,
2,黃進仕,111年桃園市議員選舉,首次申報,1110622,宣傳支出,晨星企業社,49692022,0.00,11270.00,,,,製作競選物品或宣傳廣告費用（布條）,金錢,桃園市桃園區****,,否,,,,,,,
3,黃進仕,111年桃園市議員選舉,首次申報,1110625,宣傳支出,裕昇商行,50623869,0.00,4500.00,,,,製作競選物品或宣傳廣告費用（礦泉水）,金錢,桃園市桃園區****,,否,,,,,,,
4,黃進仕,111年桃園市議員選舉,首次申報,1110627,宣傳支出,富揚企業社,34925190,0.00,20000.00,,,,製作競選物品或宣傳廣告費用（面紙）,金錢,新竹縣湖口鄉****,,否,,,,,,,
5,黃進仕,111年桃園市議員選舉,首次申報,1110703,宣傳支出,安宸企業社,82056712,0.00,8400.00,,,,製作競選物品或宣傳廣告費用（PP板）,金錢,桃園市八德區****,,否,,,,,,,
6,黃進仕,111年桃園市議員選舉,首次申報,1110705,宣傳支出,晨星企業社,49692022,0.00,10000.00,,,,製作競選物品或宣傳廣告費用（貼紙）,金錢,桃園市桃園區****,,否,,,,,,,
7,黃進仕,111年桃園市議員選舉,首次申報,1110706,租用競選辦事處支出,黃進德,H12*******,0.00,37000.00,,,,租用競選辦事處費用,金錢,桃園市桃園區****,,否,,,,,,,
8,黃進仕,111年桃園市議員選舉,首次申報,1110714,宣傳支出,安宸企業社,82056712,0.00,9800.00,,,,製作競選物品或宣傳廣告費用（PP板）,金錢,桃園市八德區****,,否,,,,,,,
9,黃進仕,111年桃園市議員選舉,首次申報,1110715,宣傳支出,富揚企業社,34925190,0.00,19900.00,,,,製作競選物品或宣傳廣告費用（文宣）,金錢,新竹縣湖口鄉****,,否,,,,,,,
10,黃進仕,111年桃園市議員選舉,首次申報,1110718,宣傳支出,宏洋旗幟社,42173073,0.00,9625.00,,,,製作競選物品或宣傳廣告費用（關東旗）,金錢,桃園市桃園區****,,否,,,,,,,
11,黃進仕,111年桃園市議員選舉,首次申報,1110807,宣傳支出,安宸企業社,82056712,0.00,8400.00,,,,製作競選物品或宣傳廣告費用（PP板）,金錢,桃園市八德區****,,否,,,,,,,
12,黃進仕,111年桃園市議員選舉,首次申報,1110808,宣傳支出,宏洋旗幟社,42173073,0.00,9625.00,,,,製作競選物品或宣傳廣告費用（關東旗）,金錢,桃園市桃園區****,,否,,,,,,,
13,黃進仕,111年桃園市議員選舉,首次申報,1110808,租用競選辦事處支出,黃進德,H12*******,0.00,37000.00,,,,租用競選辦事處費用,金錢,桃園市桃園區****,,否,,,,,,,
14,黃進仕,111年桃園市議員選舉,首次申報,1110809,宣傳支出,晨星企業社,49692022,0.00,10000.00,,,,製作競選物品或宣傳廣告費用（大圖印刷）,金錢,桃園市桃園區****,,否,,,,,,,
15,黃進仕,111年桃園市議員選舉,首次申報,1110817,宣傳支出,富揚企業社,34925190,0.00,19900.00,,,,製作競選物品或宣傳廣告費用（面紙）,金錢,新竹縣湖口鄉****,,否,,,,,,,
16,黃進仕,111年桃園市議員選舉,首次申報,1110818,宣傳支出,安宸企業社,82056712,0.00,9800.00,,,,製作競選物品或宣傳廣告費用（PP板）,金錢,桃園市八德區****,,否,,,,,,,
17,黃進仕,111年桃園市議員選舉,首次申報,1110819,宣傳支出,晨星企業社,49692022,0.00,10000.00,,,,製作競選物品或宣傳廣告費用（貼紙）,金錢,桃園市桃園區****,,否,,,,,,,
18,黃進仕,111年桃園市議員選舉,首次申報,1110829,集會支出,太原企業社,85374205,0.00,15000.00,,,,租用設備費用,金錢,桃園市桃園區****,,否,,,,,,,
19,黃進仕,111年桃園市議員選舉,首次申報,1110901,宣傳支出,宏洋旗幟社,42173073,0.00,9625.00,,,,製作競選物品或宣傳廣告費用（關東旗）,金錢,桃園市桃園區****,,否,,,,,,,
20,黃進仕,111年桃園市議員選舉,首次申報,1110901,宣傳支出,安宸企業社,82056712,0.00,9800.00,,,,製作競選物品或宣傳廣告費用（PP板）,金錢,桃園市八德區****,,否,,,,,,,
21,黃進仕,111年桃園市議員選舉,首次申報,1110906,租用競選辦事處支出,黃進德,H12*******,0.00,37000.00,,,,租用競選辦事處費用,金錢,桃園市桃園區****,,否,,,,,,,
22,黃進仕,111年桃園市議員選舉,首次申報,1110908,宣傳支出,富揚企業社,34925190,0.00,19900.00,,,,製作競選物品或宣傳廣告費用（面紙）,金錢,新竹縣湖口鄉****,,否,,,,,,,
23,黃進仕,111年桃園市議員選舉,首次申報,1110908,宣傳支出,安宸企業社,82056712,0.00,8400.00,,,,製作競選物品或宣傳廣告費用（PP板）,金錢,桃園市八德區****,,否,,,,,,,
24,黃進仕,111年桃園市議員選舉,首次申報,1110912,宣傳支出,晨星企業社,49692022,0.00,12500.00,,,,製作競選物品或宣傳廣告費用（邀請卡）,金錢,桃園市桃園區****,,否,,,,,,,
25,黃進仕,111年桃園市議員選舉,首次申報,1110915,租用宣傳車輛支出,灰姑娘主題車館,39973261,0.00,50000.00,,,,租用宣傳車輛費用,金錢,宜蘭縣冬山鄉****,,否,,,,,,,
26,黃進仕,111年桃園市議員選舉,首次申報,1110916,宣傳支出,晨星企業社,49692022,0.00,12500.00,,,,製作競選物品或宣傳廣告費用（邀請卡）,金錢,桃園市桃園區****,,否,,,,,,,
27,黃進仕,111年桃園市議員選舉,首次申報,1110919,宣傳支出,灣得文創企業,01523245,0.00,60000.00,,,,製作競選物品或宣傳廣告費用（口罩）,金錢,桃園市桃園區****,,否,,,,,,,
28,黃進仕,111年桃園市議員選舉,首次申報,1110919,宣傳支出,灣得文創企業,01523245,0.00,60000.00,,,,製作競選物品或宣傳廣告費用（口罩）,金錢,桃園市桃園區****,,否,,,,,,,
29,黃進仕,111年桃園市議員選舉,首次申報,1110919,宣傳支出,灣得文創企業,01523245,0.00,18000.00,,,,製作競選物品或宣傳廣告費用（口罩）,金錢,桃園市桃園區****,,否,,,,,,,
30,黃進仕,111年桃園市議員選舉,首次申報,1110921,宣傳支出,宏竟有限公司,16254514,0.00,60000.00,,,,製作競選物品或宣傳廣告費用（衣物芳香豆）,金錢,桃園市蘆竹區****,,否,,,,,,,
31,黃進仕,111年桃園市議員選舉,首次申報,1110926,集會支出,太原企業社,85374205,0.00,18000.00,,,,租用設備費用,金錢,桃園市桃園區****,,否,,,,,,,
32,黃進仕,111年桃園市議員選舉,首次申報,1110930,租用宣傳車輛支出,灰姑娘主題車館,39973261,0.00,50000.00,,,,租用宣傳車輛費用,金錢,宜蘭縣冬山鄉****,,否,,,,,,,
33,黃進仕,111年桃園市議員選舉,首次申報,1111003,宣傳支出,富揚企業社,34925190,0.00,19900.00,,,,製作競選物品或宣傳廣告費用（面紙）,金錢,新竹縣湖口鄉****,,否,,,,,,,
34,黃進仕,111年桃園市議員選舉,首次申報,1111003,宣傳支出,晨星企業社,49692022,0.00,8500.00,,,,製作競選物品或宣傳廣告費用（大圖輸出）,金錢,桃園市桃園區****,,否,,,,,,,
35,黃進仕,111年桃園市議員選舉,首次申報,1111005,宣傳支出,宏洋旗幟社,42173073,0.00,9900.00,,,,製作競選物品或宣傳廣告費用（關東旗）,金錢,桃園市桃園區****,,否,,,,,,,
36,黃進仕,111年桃園市議員選舉,首次申報,1111007,宣傳支出,安宸企業社,82056712,0.00,7000.00,,,,製作競選物品或宣傳廣告費用（大圖輸出）,金錢,桃園市八德區****,,否,,,,,,,
37,黃進仕,111年桃園市議員選舉,首次申報,1111007,租用競選辦事處支出,黃進德,H12*******,0.00,37000.00,,,,租用競選辦事處費用,金錢,桃園市桃園區****,,否,,,,,,,
38,黃進仕,111年桃園市議員選舉,首次申報,1111009,集會支出,安宸企業社,82056712,0.00,13000.00,,,,租用設備費用,金錢,桃園市八德區****,,否,,,,,,,
39,黃進仕,111年桃園市議員選舉,首次申報,1111010,集會支出,玄勝龍獅團,30168883,0.00,20000.00,,,,其他與集會有關之費用,金錢,桃園市大溪區****,,否,,,,,,,
40,黃進仕,111年桃園市議員選舉,首次申報,1111010,集會支出,銘震燈光音響,31543015,0.00,25000.00,,,,其他與集會有關之費用,金錢,桃園市楊梅區****,,否,,,,,,,
41,黃進仕,111年桃園市議員選舉,首次申報,1111014,宣傳支出,晨星企業社,49692022,0.00,8500.00,,,,製作競選物品或宣傳廣告費用（大圖輸出）,金錢,桃園市桃園區****,,否,,,,,,,
42,黃進仕,111年桃園市議員選舉,首次申報,1111015,租用宣傳車輛支出,灰姑娘主題車館,39973261,0.00,50000.00,,,,租用宣傳車輛費用,金錢,宜蘭縣冬山鄉****,,否,,,,,,,
43,黃進仕,111年桃園市議員選舉,首次申報,1111018,宣傳支出,裕昇商行,50623869,0.00,21000.00,,,,製作競選物品或宣傳廣告費用（礦泉水）,金錢,桃園市桃園區****,,否,,,,,,,
44,黃進仕,111年桃園市議員選舉,首次申報,1111024,集會支出,太原企業社,85374205,0.00,17000.00,,,,租用設備費用,金錢,桃園市桃園區****,,否,,,,,,,
45,黃進仕,111年桃園市議員選舉,首次申報,1111031,租用宣傳車輛支出,灰姑娘主題車館,39973261,0.00,50000.00,,,,租用宣傳車輛費用,金錢,宜蘭縣冬山鄉****,,否,,,,,,,
46,黃進仕,111年桃園市議員選舉,首次申報,1111101,宣傳支出,宏洋旗幟社,42173073,0.00,9625.00,,,,製作競選物品或宣傳廣告費用（關東旗）,金錢,桃園市桃園區****,,否,,,,,,,
47,黃進仕,111年桃園市議員選舉,首次申報,1111101,宣傳支出,晨星企業社,49692022,0.00,7100.00,,,,製作競選物品或宣傳廣告費用（大圖輸出）,金錢,桃園市桃園區****,,否,,,,,,,
48,黃進仕,111年桃園市議員選舉,首次申報,1111101,宣傳支出,安宸企業社,82056712,0.00,8400.00,,,,製作競選物品或宣傳廣告費用（PP板）,金錢,桃園市八德區****,,否,,,,,,,
49,黃進仕,111年桃園市議員選舉,首次申報,1111103,宣傳支出,富揚企業社,34925190,0.00,19900.00,,,,製作競選物品或宣傳廣告費用（面紙）,金錢,新竹縣湖口鄉****,,否,,,,,,,
50,黃進仕,111年桃園市議員選舉,首次申報,1111104,宣傳支出,晨星企業社,49692022,0.00,8100.00,,,,製作競選物品或宣傳廣告費用（大圖輸出）,金錢,桃園市桃園區****,,否,,,,,,,
51,黃進仕,111年桃園市議員選舉,首次申報,1111106,宣傳支出,安宸企業社,82056712,0.00,8400.00,,,,製作競選物品或宣傳廣告費用（PP板）,金錢,桃園市八德區****,,否,,,,,,,
52,黃進仕,111年桃園市議員選舉,首次申報,1111106,租用競選辦事處支出,黃進德,H12*******,0.00,37000.00,,,,租用競選辦事處費用,金錢,桃園市桃園區****,,否,,,,,,,
53,黃進仕,111年桃園市議員選舉,首次申報,1111114,集會支出,太原企業社,85374205,0.00,18000.00,,,,租用設備費用,金錢,桃園市桃園區****,,否,,,,,,,
54,黃進仕,111年桃園市議員選舉,首次申報,1111115,租用宣傳車輛支出,灰姑娘主題車館,39973261,0.00,50000.00,,,,租用宣傳車輛費用,金錢,宜蘭縣冬山鄉****,,否,,,,,,,
55,黃進仕,111年桃園市議員選舉,首次申報,1111125,租用宣傳車輛支出,灰姑娘主題車館,39973261,0.00,50000.00,,,,租用宣傳車輛費用,金錢,宜蘭縣冬山鄉****,,否,,,,,,,
56,黃進仕,111年桃園市議員選舉,首次申報,1120301,返還捐贈支出,及豐國際股份有限公司,42784834,0.00,50000.00,,,,返還,金錢,桃園市桃園區****,,否,,,,,,,
57,黃進仕,111年桃園市議員選舉,首次申報,1120301,返還捐贈支出,瓏豐建設有限公司,53611037,0.00,100000.00,,,,返還,金錢,桃園市桃園區****,,否,,,,,,,
58,黃進仕,111年桃園市議員選舉,首次申報,1120301,返還捐贈支出,富旺廚具有限公司,69568134,0.00,20000.00,,,,返還,金錢,桃園市平鎮區****,,否,,,,,,,
