﻿序號,擬參選人／政黨,選舉名稱,申報序號／年度,交易日期,收支科目,捐贈者／支出對象,身分證／統一編號,收入金額,支出金額,捐贈方式,存入專戶日期,返還/繳庫,支出用途,金錢類,地址,聯絡電話,應揭露之支出對象,支出對象之內部人員姓名,支出對象之內部人員職稱,政黨之內部人員姓名,政黨之內部人員職稱,關係,更正註記,資料更正日期
1,黃進仕,111年桃園市議員選舉,首次申報,1110701,個人捐贈收入,黃麗華,H20*******,100000.00,0.00,現金,1110701,,,金錢,臺北市文山區****,0958*****,,,,,,,,
2,黃進仕,111年桃園市議員選舉,首次申報,1110701,個人捐贈收入,黃麗珍,H20*******,60000.00,0.00,現金,1110701,,,金錢,臺北市文山區****,0989*****,,,,,,,,
3,黃進仕,111年桃園市議員選舉,首次申報,1110715,個人捐贈收入,王秀華,A22*******,10000.00,0.00,現金,1110715,,,金錢,桃園市桃園區****,0928*****,,,,,,,,
4,黃進仕,111年桃園市議員選舉,首次申報,1110715,個人捐贈收入,賴沛溱,K22*******,10000.00,0.00,現金,1110715,,,金錢,桃園市桃園區****,0910*****,,,,,,,,
5,黃進仕,111年桃園市議員選舉,首次申報,1110816,個人捐贈收入,林麗珠,H12*******,50000.00,0.00,現金,1110816,,,金錢,桃園市桃園區****,0917*****,,,,,,,,
6,黃進仕,111年桃園市議員選舉,首次申報,1110816,個人捐贈收入,周錦桂,H20*******,2000.00,0.00,現金,1110816,,,金錢,桃園市桃園區****,0910*****,,,,,,,,
7,黃進仕,111年桃園市議員選舉,首次申報,1110816,個人捐贈收入,高陳美珠,H20*******,6000.00,0.00,現金,1110816,,,金錢,桃園市桃園區****,0937*****,,,,,,,,
8,黃進仕,111年桃園市議員選舉,首次申報,1110816,個人捐贈收入,詹榮川,N12*******,2000.00,0.00,現金,1110816,,,金錢,桃園市桃園區****,0928*****,,,,,,,,
9,黃進仕,111年桃園市議員選舉,首次申報,1110816,個人捐贈收入,林麗珠,Q20*******,6000.00,0.00,現金,1110816,,,金錢,桃園市桃園區****,0976*****,,,,,,,,
10,黃進仕,111年桃園市議員選舉,首次申報,1110915,個人捐贈收入,徐紅綢,H20*******,100000.00,0.00,現金,1110915,,,金錢,桃園市桃園區****,0910*****,,,,,,,,
11,黃進仕,111年桃園市議員選舉,首次申報,1110926,個人捐贈收入,陳春堂,P10*******,6000.00,0.00,現金,1110926,,,金錢,桃園市桃園區****,0933*****,,,,,,,,
12,黃進仕,111年桃園市議員選舉,首次申報,1111007,個人捐贈收入,張宇新,H12*******,15000.00,0.00,現金,1111007,,,金錢,桃園市蘆竹區****,0918*****,,,,,,,,
13,黃進仕,111年桃園市議員選舉,首次申報,1111017,營利事業捐贈收入,尚億汽車保養廠,21546132,2000.00,0.00,現金,1111017,,,金錢,桃園市桃園區****,03-3*****,,,,,,,,
14,黃進仕,111年桃園市議員選舉,首次申報,1111017,營利事業捐贈收入,及豐國際股份有限公司,42784834,50000.00,0.00,現金,1111017,已返還,,金錢,桃園市桃園區****,,,,,,,,,
15,黃進仕,111年桃園市議員選舉,首次申報,1111017,營利事業捐贈收入,新生銲條工業(股)公司,43349901,80000.00,0.00,現金,1111017,,,金錢,桃園市桃園區****,03-3*****,,,,,,,,
16,黃進仕,111年桃園市議員選舉,首次申報,1111017,個人捐贈收入,陳建華,A12*******,3600.00,0.00,現金,1111017,,,金錢,桃園市桃園區****,0935*****,,,,,,,,
17,黃進仕,111年桃園市議員選舉,首次申報,1111017,個人捐贈收入,盧清美,D20*******,10000.00,0.00,現金,1111017,,,金錢,桃園市桃園區****,0958*****,,,,,,,,
18,黃進仕,111年桃園市議員選舉,首次申報,1111017,個人捐贈收入,吳紳華,G12*******,3000.00,0.00,現金,1111017,,,金錢,桃園市桃園區****,0958*****,,,,,,,,
19,黃進仕,111年桃園市議員選舉,首次申報,1111017,個人捐贈收入,曾乾培,H10*******,36000.00,0.00,現金,1111017,,,金錢,桃園市桃園區****,0921*****,,,,,,,,
20,黃進仕,111年桃園市議員選舉,首次申報,1111017,個人捐贈收入,邱奕義,H10*******,3000.00,0.00,現金,1111017,,,金錢,桃園市蘆竹區****,0912*****,,,,,,,,
21,黃進仕,111年桃園市議員選舉,首次申報,1111017,個人捐贈收入,劉志達,H10*******,80000.00,0.00,現金,1111017,,,金錢,桃園市中壢區****,0922*****,,,,,,,,
22,黃進仕,111年桃園市議員選舉,首次申報,1111017,個人捐贈收入,簡光輝,H10*******,5000.00,0.00,現金,1111017,,,金錢,桃園市桃園區****,0932*****,,,,,,,,
23,黃進仕,111年桃園市議員選舉,首次申報,1111017,個人捐贈收入,黃聖博,H12*******,50000.00,0.00,現金,1111017,,,金錢,桃園市桃園區****,0912*****,,,,,,,,
24,黃進仕,111年桃園市議員選舉,首次申報,1111017,個人捐贈收入,黃琦冠,H12*******,50000.00,0.00,現金,1111017,,,金錢,桃園市桃園區****,0933*****,,,,,,,,
25,黃進仕,111年桃園市議員選舉,首次申報,1111017,個人捐贈收入,蔡進福,H12*******,16800.00,0.00,現金,1111017,,,金錢,桃園市桃園區****,0939*****,,,,,,,,
26,黃進仕,111年桃園市議員選舉,首次申報,1111017,個人捐贈收入,蘇俊嘉,H12*******,5000.00,0.00,現金,1111017,,,金錢,桃園市桃園區****,0937*****,,,,,,,,
27,黃進仕,111年桃園市議員選舉,首次申報,1111017,個人捐贈收入,嚴珮綺,H22*******,2000.00,0.00,現金,1111017,,,金錢,桃園市桃園區****,0970*****,,,,,,,,
28,黃進仕,111年桃園市議員選舉,首次申報,1111017,個人捐贈收入,黃珮娟,H22*******,100000.00,0.00,現金,1111017,,,金錢,桃園市桃園區****,0972*****,,,,,,,,
29,黃進仕,111年桃園市議員選舉,首次申報,1111024,營利事業捐贈收入,健全石材行,09662212,20000.00,0.00,現金,1111024,,,金錢,桃園市桃園區****,03-3*****,,,,,,,,
30,黃進仕,111年桃園市議員選舉,首次申報,1111024,個人捐贈收入,黃李燕妹,H20*******,20000.00,0.00,現金,1111024,,,金錢,桃園市桃園區****,0902*****,,,,,,,,
31,黃進仕,111年桃園市議員選舉,首次申報,1111027,營利事業捐贈收入,瓏豐建設有限公司,53611037,100000.00,0.00,現金,1111027,已返還,,金錢,桃園市桃園區****,,,,,,,,,
32,黃進仕,111年桃園市議員選舉,首次申報,1111111,個人捐贈收入,曾文敬,H10*******,50000.00,0.00,現金,1111111,,,金錢,桃園市蘆竹區****,0937*****,,,,,,,,
33,黃進仕,111年桃園市議員選舉,首次申報,1111114,個人捐贈收入,李錫圭,Q12*******,30000.00,0.00,現金,1111114,,,金錢,桃園市桃園區****,0928*****,,,,,,,,
34,黃進仕,111年桃園市議員選舉,首次申報,1111117,個人捐贈收入,李昭志,H12*******,50000.00,0.00,匯款,1111117,,,金錢,桃園市八德區****,0933*****,,,,,,,,
35,黃進仕,111年桃園市議員選舉,首次申報,1111124,營利事業捐贈收入,富旺廚具有限公司,69568134,20000.00,0.00,現金,1111124,已返還,,金錢,桃園市平鎮區****,,,,,,,,,
