﻿序號,擬參選人／政黨,選舉名稱,申報序號／年度,交易日期,收支科目,捐贈者／支出對象,身分證／統一編號,收入金額,支出金額,捐贈方式,存入專戶日期,返還/繳庫,支出用途,金錢類,地址,聯絡電話,應揭露之支出對象,支出對象之內部人員姓名,支出對象之內部人員職稱,政黨之內部人員姓名,政黨之內部人員職稱,關係,更正註記,資料更正日期
1,蔣根煌,111年新北市議員選舉,第1次賸餘,1120301,支付當選後與其公務有關之費用,中山普萊聯合會計師事務所,78212563,0.00,45000.00,,,,當選後與其公務有關之費用支出,金錢,新北市三重區****,,否,,,,,,,
2,蔣根煌,111年新北市議員選舉,第1次賸餘,1120307,支付當選後與其公務有關之費用,日祥廣告社,19870111,0.00,150000.00,,,,當選後與其公務有關之費用支出,金錢,新北市新莊區****,,否,,,,,,,
3,蔣根煌,111年新北市議員選舉,第1次賸餘,1121103,支付當選後與其公務有關之費用,采攝創意整合有限公司,25052715,0.00,25650.00,,,,當選後與其公務有關之費用支出,金錢,新北市泰山區****,,否,,,,,,,
4,蔣根煌,111年新北市議員選舉,第1次賸餘,1121227,支付當選後與其公務有關之費用,輔大善美停車場,,0.00,60.00,,,,當選後與其公務有關之費用支出,金錢,新北市新莊區****,,否,,,,,,,
