﻿序號,擬參選人／政黨,選舉名稱,申報序號／年度,交易日期,收支科目,捐贈者／支出對象,身分證／統一編號,收入金額,支出金額,支出用途,金錢類,地址,聯絡電話,資料更正日期
1,施金樹,107年縣(市)議員選舉,首次申報,1071101,宣傳支出,洗王企業股份有限公司,11879413,0.00,31500.00,文宣品,金錢,桃園市桃園區****,,
2,施金樹,107年縣(市)議員選舉,首次申報,1071123,租用宣傳車輛支出,錦浩燈光音響股份有限公司,53303117,0.00,16200.00,音響設備租借,金錢,花蓮縣吉安鄉****,,
3,施金樹,107年縣(市)議員選舉,首次申報,1071123,租用宣傳車輛支出,先捷行,78042441,0.00,12000.00,音響設備租借,金錢,花蓮市中山路****,,
4,施金樹,107年縣(市)議員選舉,首次申報,1071127,宣傳支出,儷文行,08131407,0.00,53600.00,文宣印製,金錢,花蓮市民國路****,,
5,施金樹,107年縣(市)議員選舉,首次申報,1071127,宣傳支出,看板王廣告社,10031447,0.00,43920.00,廣告看板,金錢,花蓮市主權里****,,
6,施金樹,107年縣(市)議員選舉,首次申報,1071127,宣傳支出,王景行,15780692,0.00,2900.00,文宣貼紙,金錢,花蓮市復興街****,,
7,施金樹,107年縣(市)議員選舉,首次申報,1071127,宣傳支出,洄瀾有線電視股份有限公司,16449841,0.00,100000.00,廣告托播,金錢,花蓮縣吉安鄉****,,
8,施金樹,107年縣(市)議員選舉,首次申報,1071127,宣傳支出,永展禮品行,18055239,0.00,30000.00,文宣品,金錢,花蓮市文光街****,,
9,施金樹,107年縣(市)議員選舉,首次申報,1071127,宣傳支出,鴻記彩色印刷有限公司,22595841,0.00,102200.00,文宣印製,金錢,花蓮縣吉安鄉****,,
10,施金樹,107年縣(市)議員選舉,首次申報,1071127,宣傳支出,大來光電科技,30208724,0.00,30000.00,廣告托播,金錢,花蓮縣吉安鄉****,,
11,施金樹,107年縣(市)議員選舉,首次申報,1071127,宣傳支出,燕聲廣播電台股份有限公司,94516613,0.00,5000.00,廣告托播,金錢,花蓮縣吉安鄉****,,
12,施金樹,107年縣(市)議員選舉,首次申報,1071127,宣傳支出,更生日報,94768687,0.00,33180.00,廣告刊登,金錢,花蓮市五權街****,,
13,施金樹,107年縣(市)議員選舉,首次申報,1071127,租用競選辦事處支出,吳昌益,L12*******,0.00,76500.00,競選辦公室租賃,金錢,台北市中山北****,,
14,施金樹,107年縣(市)議員選舉,首次申報,1071127,租用競選辦事處支出,吳俊彥,U10*******,0.00,76500.00,競選辦公室租賃,金錢,台北市內湖區****,,
15,施金樹,107年縣(市)議員選舉,首次申報,1071201,雜支支出,國县公寓大廈管理維護股份有限公司,01762646,0.00,9080.00,租用停車格,金錢,花蓮市中福路****,,
16,施金樹,107年縣(市)議員選舉,首次申報,1071201,雜支支出,正義音響行,01887625,0.00,800.00,競選總部用,金錢,花蓮縣吉安鄉****,,
17,施金樹,107年縣(市)議員選舉,首次申報,1071201,宣傳支出,忠欣打字印刷,08143749,0.00,5700.00,文宣印製,金錢,花蓮市中興路****,,
18,施金樹,107年縣(市)議員選舉,首次申報,1071201,雜支支出,中山攝影社,09895578,0.00,800.00,候選人相片,金錢,花蓮市國富里****,,
19,施金樹,107年縣(市)議員選舉,首次申報,1071201,雜支支出,宏欣帆布行,13972175,0.00,1050.00,競選總部用,金錢,花蓮市商校街****,,
20,施金樹,107年縣(市)議員選舉,首次申報,1071201,雜支支出,北基國際加油站,18052198,0.00,110.00,宣傳車加油,金錢,花蓮市****,,
21,施金樹,107年縣(市)議員選舉,首次申報,1071201,雜支支出,一九九百貨有限公司,24371852,0.00,4190.00,競選總部用,金錢,花蓮市國裕里****,,
22,施金樹,107年縣(市)議員選舉,首次申報,1071201,宣傳支出,連花廣播電台股份有限公司,27595911,0.00,38000.00,廣告托播,金錢,花蓮市國盛里****,,
23,施金樹,107年縣(市)議員選舉,首次申報,1071201,雜支支出,眾賀瓦斯行,31794032,0.00,8310.00,競選總部用,金錢,花蓮縣吉安鄉****,,
24,施金樹,107年縣(市)議員選舉,首次申報,1071201,雜支支出,全國加油站,37770867,0.00,2300.00,宣傳車加油,金錢,花蓮吉安加油****,,
25,施金樹,107年縣(市)議員選舉,首次申報,1071201,雜支支出,全國加油站,37770867,0.00,800.00,宣傳車加油,金錢,花蓮市國豐加****,,
26,施金樹,107年縣(市)議員選舉,首次申報,1071201,雜支支出,旭莊百貨批發有限公司中山分店,37772788,0.00,112.00,競選總部用,金錢,花蓮市國魂里****,,
27,施金樹,107年縣(市)議員選舉,首次申報,1071201,宣傳支出,玉美研究股份有限公司,53872052,0.00,30000.00,文宣品,金錢,台中市南屯區****,,
28,施金樹,107年縣(市)議員選舉,首次申報,1071201,雜支支出,有限責任花蓮縣農漁產運銷合作社,72850846,0.00,3456.00,伙食費,金錢,花蓮市公正街****,,
29,施金樹,107年縣(市)議員選舉,首次申報,1071201,雜支支出,台灣中油,76966811,0.00,1000.00,宣傳車加油,金錢,花蓮市南埔站****,,
30,施金樹,107年縣(市)議員選舉,首次申報,1071201,雜支支出,台灣中油,76966811,0.00,2917.00,宣傳車加油,金錢,花蓮市中華路****,,
31,施金樹,107年縣(市)議員選舉,首次申報,1071201,雜支支出,台灣中油,76966811,0.00,24204.00,宣傳車加油,金錢,花蓮市中山路****,,
32,施金樹,107年縣(市)議員選舉,首次申報,1071201,雜支支出,台灣中油,76966811,0.00,750.00,宣傳車加油,金錢,花蓮市巨豐站****,,
33,施金樹,107年縣(市)議員選舉,首次申報,1071201,雜支支出,永成建材五金行,76968873,0.00,1280.00,競選總部用,金錢,花蓮縣吉安鄉****,,
34,施金樹,107年縣(市)議員選舉,首次申報,1071201,宣傳支出,上揚廣告,78045968,0.00,36580.00,廣告看板,金錢,花蓮市國風街****,,
35,施金樹,107年縣(市)議員選舉,首次申報,1071201,雜支支出,清安行,94245598,0.00,13655.00,競選總部用,金錢,花蓮市中山路****,,
36,施金樹,107年縣(市)議員選舉,首次申報,1071201,雜支支出,洄瀾工業股份有限公司,94747804,0.00,2500.00,競選總部用,金錢,花蓮市國福里****,,
37,施金樹,107年縣(市)議員選舉,首次申報,1071201,宣傳支出,坤泰服裝行,94836854,0.00,16500.00,文宣品,金錢,花蓮市上海街****,,
38,施金樹,107年縣(市)議員選舉,首次申報,1071201,人事費用支出,郭建民,F12*******,0.00,9600.00,工作酬勞,金錢,花蓮市國富街****,,
39,施金樹,107年縣(市)議員選舉,首次申報,1071201,人事費用支出,陳秋君,F22*******,0.00,17440.00,工作酬勞,金錢,花蓮縣吉安鄉****,,
40,施金樹,107年縣(市)議員選舉,首次申報,1071201,人事費用支出,何若芊,G22*******,0.00,18990.00,工作酬勞,金錢,宜蘭縣冬山鄉****,,
41,施金樹,107年縣(市)議員選舉,首次申報,1071201,人事費用支出,黃金山,P10*******,0.00,20000.00,工作酬勞,金錢,花蓮縣吉安鄉****,,
42,施金樹,107年縣(市)議員選舉,首次申報,1071201,人事費用支出,吳金魚,P10*******,0.00,5000.00,工作酬勞,金錢,花蓮縣吉安鄉****,,
43,施金樹,107年縣(市)議員選舉,首次申報,1071201,人事費用支出,郭東興,P12*******,0.00,19200.00,工作酬勞,金錢,花蓮市國富街****,,
44,施金樹,107年縣(市)議員選舉,首次申報,1071201,人事費用支出,廖振鋐,R12*******,0.00,30000.00,工作酬勞,金錢,花蓮市福建街****,,
45,施金樹,107年縣(市)議員選舉,首次申報,1071201,人事費用支出,楊文彬,T10*******,0.00,26000.00,工作酬勞,金錢,花蓮縣吉安鄉****,,
46,施金樹,107年縣(市)議員選舉,首次申報,1071201,人事費用支出,黃國禎,U10*******,0.00,6000.00,工作酬勞,金錢,花蓮縣吉安鄉****,,
47,施金樹,107年縣(市)議員選舉,首次申報,1071201,人事費用支出,簡紹恩,U12*******,0.00,21330.00,工作酬勞,金錢,花蓮市莊敬路****,,
48,施金樹,107年縣(市)議員選舉,首次申報,1071201,人事費用支出,高偉,U12*******,0.00,12000.00,工作酬勞,金錢,花蓮市中正路****,,
49,施金樹,107年縣(市)議員選舉,首次申報,1071201,人事費用支出,黃月里,U20*******,0.00,35000.00,工作酬勞,金錢,花蓮縣吉安鄉****,,
50,施金樹,107年縣(市)議員選舉,首次申報,1071201,人事費用支出,張佩佩,U22*******,0.00,31000.00,工作酬勞,金錢,花蓮市球崙街****,,
51,施金樹,107年縣(市)議員選舉,首次申報,1071201,人事費用支出,蔡淑惠,U22*******,0.00,12000.00,工作酬勞,金錢,花蓮市中原路****,,
