﻿序號,擬參選人／政黨,選舉名稱,申報序號／年度,交易日期,收支科目,捐贈者／支出對象,身分證／統一編號,收入金額,支出金額,支出用途,金錢類,地址,聯絡電話,資料更正日期
1,蔡宜珊,107年直轄市議員選舉,首次申報,1070623,人事費用支出,陳總民,A12*******,0.00,40000.00,工資或薪津,金錢,臺北市大安區****,,
2,蔡宜珊,107年直轄市議員選舉,首次申報,1070723,人事費用支出,陳總民,A12*******,0.00,40000.00,工資或薪津,金錢,臺北市大安區****,,
3,蔡宜珊,107年直轄市議員選舉,首次申報,1070811,宣傳支出,臉書,A22*******,0.00,1530.00,播送、傳送或刊登宣傳廣告支出,金錢,,,
4,蔡宜珊,107年直轄市議員選舉,首次申報,1070823,人事費用支出,陳總民,A12*******,0.00,40000.00,工資或薪津,金錢,臺北市大安區****,,
5,蔡宜珊,107年直轄市議員選舉,首次申報,1070827,宣傳支出,臉書,A22*******,0.00,7660.00,播送、傳送或刊登宣傳廣告支出,金錢,,,
6,蔡宜珊,107年直轄市議員選舉,首次申報,1070831,雜支支出,台北市選舉委員會,04138077,0.00,200000.00,選舉保證金費（未退回保證金者得以報支）,金錢,臺北市信義區****,,
7,蔡宜珊,107年直轄市議員選舉,首次申報,1070901,宣傳支出,陳總民,A12*******,0.00,50000.00,委託辦理研究、評估、調查、設計或規劃支出,金錢,臺北市大安區****,,
8,蔡宜珊,107年直轄市議員選舉,首次申報,1070903,宣傳支出,臉書,A22*******,0.00,15320.00,播送、傳送或刊登宣傳廣告支出,金錢,,,
9,蔡宜珊,107年直轄市議員選舉,首次申報,1070911,宣傳支出,臉書,A22*******,0.00,22980.00,播送、傳送或刊登宣傳廣告支出,金錢,,,
10,蔡宜珊,107年直轄市議員選舉,首次申報,1070913,宣傳支出,臉書,A22*******,0.00,410.00,播送、傳送或刊登宣傳廣告支出,金錢,,,
11,蔡宜珊,107年直轄市議員選舉,首次申報,1070918,雜支支出,福華大飯店,36523299,0.00,1006.00,餐飲費用,金錢,臺北市大安區****,,
12,蔡宜珊,107年直轄市議員選舉,首次申報,1070918,宣傳支出,臉書,A22*******,0.00,22980.00,播送、傳送或刊登宣傳廣告支出,金錢,,,
13,蔡宜珊,107年直轄市議員選舉,首次申報,1070920,雜支支出,百荷企業有限公司,23892622,0.00,360.00,文具用品費用,金錢,臺北市中正區****,,
14,蔡宜珊,107年直轄市議員選舉,首次申報,1070921,宣傳支出,瑞臣股份有限公司,,0.00,1622.00,製作競選物品支出（物品名稱-請填寫）記者會海報和道具,金錢,臺北市中正區****,,
15,蔡宜珊,107年直轄市議員選舉,首次申報,1070923,人事費用支出,陳總民,A12*******,0.00,40000.00,工資或薪津,金錢,臺北市大安區****,,
16,蔡宜珊,107年直轄市議員選舉,首次申報,1070923,人事費用支出,林秀鑾,F22*******,0.00,30000.00,工資或薪津,金錢,新北市汐止區****,,
17,蔡宜珊,107年直轄市議員選舉,首次申報,1070926,宣傳支出,臉書,A22*******,0.00,22983.00,播送、傳送或刊登宣傳廣告支出,金錢,,,
18,蔡宜珊,107年直轄市議員選舉,首次申報,1070929,集會支出,台北非常美餐飲館,42363708,0.00,6000.00,租用場地支出,金錢,臺北市中正區****,,
19,蔡宜珊,107年直轄市議員選舉,首次申報,1071004,宣傳支出,臉書,A22*******,0.00,22980.00,播送、傳送或刊登宣傳廣告支出,金錢,,,
20,蔡宜珊,107年直轄市議員選舉,首次申報,1071005,宣傳支出,瑞臣股份有限公司,,0.00,1560.00,製作競選物品支出（物品名稱-請填寫）手舉牌,金錢,臺北市中正區****,,
21,蔡宜珊,107年直轄市議員選舉,首次申報,1071009,宣傳支出,藝豐禮品工藝社,73909296,0.00,900.00,製作競選物品支出（物品名稱-請填寫）背帶,金錢,臺北市萬華區****,,
22,蔡宜珊,107年直轄市議員選舉,首次申報,1071010,宣傳支出,臉書,A22*******,0.00,4533.00,播送、傳送或刊登宣傳廣告支出,金錢,,,
23,蔡宜珊,107年直轄市議員選舉,首次申報,1071013,宣傳支出,心雅服裝行,15995103,0.00,5198.00,製作競選物品支出（物品名稱-請填寫）背心,金錢,臺北市萬華區****,,
24,蔡宜珊,107年直轄市議員選舉,首次申報,1071015,宣傳支出,廣聖宏企業有限公司,,0.00,4200.00,看版,金錢,新北市蘆洲區****,,
25,蔡宜珊,107年直轄市議員選舉,首次申報,1071020,宣傳支出,臉書,A22*******,0.00,22980.00,播送、傳送或刊登宣傳廣告支出,金錢,,,
26,蔡宜珊,107年直轄市議員選舉,首次申報,1071023,宣傳支出,廣聖宏企業有限公司,,0.00,9975.00,看版,金錢,新北市蘆洲區****,,
27,蔡宜珊,107年直轄市議員選舉,首次申報,1071023,人事費用支出,陳總民,A12*******,0.00,40000.00,工資或薪津,金錢,臺北市大安區****,,
28,蔡宜珊,107年直轄市議員選舉,首次申報,1071023,人事費用支出,林秀鑾,F22*******,0.00,30000.00,工資或薪津,金錢,新北市汐止區****,,
29,蔡宜珊,107年直轄市議員選舉,首次申報,1071027,宣傳支出,臉書,A22*******,0.00,22980.00,播送、傳送或刊登宣傳廣告支出,金錢,,,
30,蔡宜珊,107年直轄市議員選舉,首次申報,1071029,雜支支出,雨萱企業社,25544091,0.00,880.00,文具用品費用,金錢,臺北市大安區****,,
31,蔡宜珊,107年直轄市議員選舉,首次申報,1071030,宣傳支出,臉書,A22*******,0.00,22980.00,播送、傳送或刊登宣傳廣告支出,金錢,,,
32,蔡宜珊,107年直轄市議員選舉,首次申報,1071031,雜支支出,得利豐有限公司,22462096,0.00,299.00,雜項購置或修繕費用,金錢,臺北市中正區****,,
33,蔡宜珊,107年直轄市議員選舉,首次申報,1071031,交通旅運支出,勝利加油站,25505956,0.00,1236.00,油資,金錢,臺北市大安區****,,
34,蔡宜珊,107年直轄市議員選舉,首次申報,1071102,雜支支出,勝發印材行,03423806,0.00,1400.00,文具用品費用,金錢,臺北市中正區****,,
35,蔡宜珊,107年直轄市議員選舉,首次申報,1071103,宣傳支出,臉書,A22*******,0.00,22980.00,播送、傳送或刊登宣傳廣告支出,金錢,,,
36,蔡宜珊,107年直轄市議員選舉,首次申報,1071104,交通旅運支出,金台企業股份有限公司,22868379,0.00,962.00,油資,金錢,臺北市文山區****,,
37,蔡宜珊,107年直轄市議員選舉,首次申報,1071106,交通旅運支出,台灣中油股份有限公司莒光路站,77144976,0.00,1100.00,油資,金錢,高雄市楠梓區****,,
38,蔡宜珊,107年直轄市議員選舉,首次申報,1071106,宣傳支出,臉書,A22*******,0.00,22980.00,播送、傳送或刊登宣傳廣告支出,金錢,,,
39,蔡宜珊,107年直轄市議員選舉,首次申報,1071108,宣傳支出,道愛有限公司,55725252,0.00,41580.00,派報,金錢,臺北市大安區****,,
40,蔡宜珊,107年直轄市議員選舉,首次申報,1071109,集會支出,玲瓏有限公司,13118755,0.00,2000.00,租用場地支出,金錢,臺北市中正區****,,
41,蔡宜珊,107年直轄市議員選舉,首次申報,1071109,交通旅運支出,台灣中油股份有限公司桂林路站,77144981,0.00,1164.00,油資,金錢,高雄市楠梓區****,,
42,蔡宜珊,107年直轄市議員選舉,首次申報,1071113,交通旅運支出,台灣中油股份有限公司桂林路站,77144981,0.00,1170.00,油資,金錢,高雄市楠梓區****,,
43,蔡宜珊,107年直轄市議員選舉,首次申報,1071113,宣傳支出,臉書,A22*******,0.00,358.00,播送、傳送或刊登宣傳廣告支出,金錢,,,
44,蔡宜珊,107年直轄市議員選舉,首次申報,1071114,雜支支出,富鴻電料有限公司,97114535,0.00,6000.00,雜項購置或修繕費用,金錢,臺北市萬華區****,,
45,蔡宜珊,107年直轄市議員選舉,首次申報,1071115,宣傳支出,道愛有限公司,55725252,0.00,41580.00,播送、傳送或刊登宣傳廣告支出,金錢,臺北市大安區****,,
46,蔡宜珊,107年直轄市議員選舉,首次申報,1071116,雜支支出,宏明免洗餐具商行,17546770,0.00,137.00,雜項購置或修繕費用,金錢,臺北市中正區****,,
47,蔡宜珊,107年直轄市議員選舉,首次申報,1071116,雜支支出,富鴻電料有限公司,97114535,0.00,1900.00,雜項購置或修繕費用,金錢,臺北市萬華區****,,
48,蔡宜珊,107年直轄市議員選舉,首次申報,1071117,交通旅運支出,台灣中油股份有限公司桂林路站,77144981,0.00,1143.00,油資,金錢,高雄市楠梓區****,,
49,蔡宜珊,107年直轄市議員選舉,首次申報,1071119,宣傳支出,臉書,A22*******,0.00,22980.00,播送、傳送或刊登宣傳廣告支出,金錢,,,
50,蔡宜珊,107年直轄市議員選舉,首次申報,1071121,雜支支出,峰揚有限公司,66629185,0.00,1650.00,雜項購置或修繕費用,金錢,新北市三重區****,,
51,蔡宜珊,107年直轄市議員選舉,首次申報,1071121,交通旅運支出,台灣中油股份有限公司桂林路站,77144981,0.00,1010.00,油資,金錢,高雄市楠梓區****,,
52,蔡宜珊,107年直轄市議員選舉,首次申報,1071122,宣傳支出,道愛有限公司,55725252,0.00,41580.00,播送、傳送或刊登宣傳廣告支出,金錢,臺北市大安區****,,
53,蔡宜珊,107年直轄市議員選舉,首次申報,1071122,宣傳支出,臉書,A22*******,0.00,22980.00,播送、傳送或刊登宣傳廣告支出,金錢,,,
54,蔡宜珊,107年直轄市議員選舉,首次申報,1071123,宣傳支出,布魯文化有限公司,27996275,0.00,81500.00,播送、傳送或刊登宣傳廣告支出,金錢,臺北市大同區****,,
55,蔡宜珊,107年直轄市議員選舉,首次申報,1071123,宣傳支出,道愛有限公司,55725252,0.00,22680.00,播送、傳送或刊登宣傳廣告支出,金錢,臺北市大安區****,,
56,蔡宜珊,107年直轄市議員選舉,首次申報,1071123,宣傳支出,麗聖廣告有限公司,80201681,0.00,100000.00,播送、傳送或刊登宣傳廣告支出,金錢,臺北市中山區****,,
57,蔡宜珊,107年直轄市議員選舉,首次申報,1071123,宣傳支出,麗聖廣告有限公司,80201681,0.00,200000.00,播送、傳送或刊登宣傳廣告支出,金錢,臺北市中山區****,,
58,蔡宜珊,107年直轄市議員選舉,首次申報,1071123,人事費用支出,陳總民,A12*******,0.00,40000.00,工資或薪津,金錢,臺北市大安區****,,
59,蔡宜珊,107年直轄市議員選舉,首次申報,1071123,人事費用支出,張凱翔,A13*******,0.00,6000.00,工資或薪津,金錢,新北市板橋區****,,
60,蔡宜珊,107年直轄市議員選舉,首次申報,1071123,人事費用支出,余采溱,A22*******,0.00,11000.00,其他因工作酬勞之給付,金錢,新北市淡水區****,,
61,蔡宜珊,107年直轄市議員選舉,首次申報,1071123,人事費用支出,陸鎮東,B12*******,0.00,6000.00,工資或薪津,金錢,新北市土城區****,,
62,蔡宜珊,107年直轄市議員選舉,首次申報,1071123,人事費用支出,林秀鑾,F22*******,0.00,30000.00,工資或薪津,金錢,新北市汐止區****,,
63,蔡宜珊,107年直轄市議員選舉,首次申報,1071201,雜支支出,藍新科技股份有限公司,70565326,0.00,168.00,五筆手續費累計(元  元  元   元   元),金錢,臺北市南港區****,,
64,蔡宜珊,107年直轄市議員選舉,首次申報,1071201,人事費用支出,周冠佑,A13*******,0.00,100000.00,工資或薪津,金錢,臺北市南港區****,,
