﻿序號,擬參選人／政黨,選舉名稱,申報序號／年度,交易日期,收支科目,捐贈者／支出對象,身分證／統一編號,收入金額,支出金額,支出用途,金錢類,地址,聯絡電話,資料更正日期
1,林柏勛,107年直轄市議員選舉,首次申報,1070827,匿名捐贈,012-68181954,,1000.00,0.00,,金錢,,,
2,林柏勛,107年直轄市議員選舉,首次申報,1070827,個人捐贈收入,王振諭,,1000.00,0.00,,金錢,,0919*****,
3,林柏勛,107年直轄市議員選舉,首次申報,1070827,個人捐贈收入,謝雨樵,N12*******,1000.00,0.00,,金錢,,,
4,林柏勛,107年直轄市議員選舉,首次申報,1070831,個人捐贈收入,林金燦,E12*******,10000.00,0.00,,金錢,,,
5,林柏勛,107年直轄市議員選舉,首次申報,1070831,個人捐贈收入,林家薏,S22*******,10000.00,0.00,,金錢,,,
6,林柏勛,107年直轄市議員選舉,首次申報,1070911,個人捐贈收入,黃郁涵,C22*******,5000.00,0.00,,金錢,,,
7,林柏勛,107年直轄市議員選舉,首次申報,1070914,個人捐贈收入,吳懷慈,P22*******,1000.00,0.00,,金錢,,,
8,林柏勛,107年直轄市議員選舉,首次申報,1070919,匿名捐贈,湯若瑜,,1000.00,0.00,,金錢,,,
9,林柏勛,107年直轄市議員選舉,首次申報,1070927,個人捐贈收入,葉俊宏,A12*******,500.00,0.00,,金錢,,,
10,林柏勛,107年直轄市議員選舉,首次申報,1070927,個人捐贈收入,施權峰,A12*******,1000.00,0.00,,金錢,,,
11,林柏勛,107年直轄市議員選舉,首次申報,1070927,個人捐贈收入,黃子榕,F22*******,3000.00,0.00,,金錢,,,
12,林柏勛,107年直轄市議員選舉,首次申報,1070929,個人捐贈收入,陳幼軒,A12*******,2000.00,0.00,,金錢,,,
13,林柏勛,107年直轄市議員選舉,首次申報,1070929,個人捐贈收入,陳郁婷,X22*******,2000.00,0.00,,金錢,,,
14,林柏勛,107年直轄市議員選舉,首次申報,1070930,個人捐贈收入,王曉芳,A22*******,3000.00,0.00,,金錢,,,
15,林柏勛,107年直轄市議員選舉,首次申報,1070930,個人捐贈收入,賴穎蓁,F22*******,3000.00,0.00,,金錢,,,
16,林柏勛,107年直轄市議員選舉,首次申報,1071003,個人捐贈收入,陳筱蘭,A22*******,20000.00,0.00,,金錢,,,
17,林柏勛,107年直轄市議員選舉,首次申報,1071008,個人捐贈收入,吳懷慈,P22*******,1000.00,0.00,,金錢,,,
18,林柏勛,107年直轄市議員選舉,首次申報,1071010,個人捐贈收入,詹慧君,K22*******,3600.00,0.00,,金錢,,,
19,林柏勛,107年直轄市議員選舉,首次申報,1071013,個人捐贈收入,王智樺,N12*******,2000.00,0.00,,金錢,,,
20,林柏勛,107年直轄市議員選舉,首次申報,1071015,匿名捐贈,林姿馨,,500.00,0.00,,金錢,,,
21,林柏勛,107年直轄市議員選舉,首次申報,1071016,營利事業捐贈收入,梓乙香餐廳,26355786,100000.00,0.00,,金錢,臺北市中山區****,,
22,林柏勛,107年直轄市議員選舉,首次申報,1071025,匿名捐贈,楊清雯,,300.00,0.00,,金錢,,,
23,林柏勛,107年直轄市議員選舉,首次申報,1071025,個人捐贈收入,何孟倪,B22*******,3000.00,0.00,,金錢,,,
24,林柏勛,107年直轄市議員選舉,首次申報,1071109,匿名捐贈,匿名,,2000.00,0.00,,金錢,,,
25,林柏勛,107年直轄市議員選舉,首次申報,1071221,其他收入,利息收入,,11.00,0.00,,金錢,,,
