﻿序號,擬參選人／政黨,選舉名稱,申報序號／年度,交易日期,收支科目,捐贈者／支出對象,身分證／統一編號,收入金額,支出金額,捐贈方式,存入專戶日期,返還/繳庫,支出用途,金錢類,地址,聯絡電話,應揭露之支出對象,支出對象之內部人員姓名,支出對象之內部人員職稱,政黨之內部人員姓名,政黨之內部人員職稱,關係,更正註記,資料更正日期
1,凌濤,111年桃園市議員選舉,首次申報,1110530,匿名捐贈,匿名,,1000.00,0.00,匯款,1110530,,,金錢,,,,,,,,,,
2,凌濤,111年桃園市議員選舉,首次申報,1110530,匿名捐贈,匿名,,888.00,0.00,匯款,1110530,,,金錢,,,,,,,,,,
3,凌濤,111年桃園市議員選舉,首次申報,1110616,個人捐贈收入,周思盈,F22*******,600.00,0.00,匯款,1110624,,,金錢,桃園市桃園區****,0911*****,,,,,,,,
4,凌濤,111年桃園市議員選舉,首次申報,1110620,個人捐贈收入,謝志邦,,100.00,0.00,匯款,1110624,,,金錢,桃園市桃園區****,,,,,,,,,
5,凌濤,111年桃園市議員選舉,首次申報,1110620,個人捐贈收入,江俊霆,,100.00,0.00,匯款,1110624,,,金錢,新北市三重區****,,,,,,,,,
6,凌濤,111年桃園市議員選舉,首次申報,1110620,個人捐贈收入,陳冠吾,,5000.00,0.00,匯款,1110620,,,金錢,嘉義市西區新****,0908*****,,,,,,,,
7,凌濤,111年桃園市議員選舉,首次申報,1110620,個人捐贈收入,朱康震,H12*******,6000.00,0.00,匯款,1110624,,,金錢,臺北市文山區****,0939*****,,,,,,,,
8,凌濤,111年桃園市議員選舉,首次申報,1110620,個人捐贈收入,曹洛薇,H22*******,100.00,0.00,匯款,1110624,,,金錢,桃園市桃園區****,0910*****,,,,,,,,
9,凌濤,111年桃園市議員選舉,首次申報,1110621,個人捐贈收入,洪聖壹,N12*******,3000.00,0.00,匯款,1110624,,,金錢,桃園市八德區****,,,,,,,,,
10,凌濤,111年桃園市議員選舉,首次申報,1110621,個人捐贈收入,宋磊,Q12*******,1000.00,0.00,匯款,1110624,,,金錢,臺北市信義區****,0975*****,,,,,,,,
11,凌濤,111年桃園市議員選舉,首次申報,1110621,個人捐贈收入,王萍音,Y22*******,5000.00,0.00,匯款,1110621,,,金錢,桃園市龜山區****,,,,,,,,,
12,凌濤,111年桃園市議員選舉,首次申報,1110622,個人捐贈收入,王雪英,,10000.00,0.00,匯款,1110622,,,金錢,臺北市北投區****,0922*****,,,,,,,,
13,凌濤,111年桃園市議員選舉,首次申報,1110622,個人捐贈收入,黃相云,A22*******,3000.00,0.00,匯款,1110701,,,金錢,桃園市桃園區****,,,,,,,,,
14,凌濤,111年桃園市議員選舉,首次申報,1110624,營利事業捐贈收入,愛琳國際貿易有限公司,69683606,1000.00,0.00,匯款,1110701,已繳庫,,金錢,臺北市松山區****,,,,,,,,,
15,凌濤,111年桃園市議員選舉,首次申報,1110625,個人捐贈收入,藍品畯,A12*******,1000.00,0.00,匯款,1110701,,,金錢,桃園市桃園區****,,,,,,,,,
16,凌濤,111年桃園市議員選舉,首次申報,1110625,個人捐贈收入,黃清美,E12*******,6000.00,0.00,現金,1110701,,,金錢,高雄市新興區****,,,,,,,,,
17,凌濤,111年桃園市議員選舉,首次申報,1110627,個人捐贈收入,趙連鳳,,5000.00,0.00,匯款,1110627,,,金錢,新竹縣新豐鄉****,,,,,,,,,
18,凌濤,111年桃園市議員選舉,首次申報,1110628,個人捐贈收入,游士儀,F22*******,666.00,0.00,匯款,1110701,,,金錢,新北市新店區****,0932*****,,,,,,,,
19,凌濤,111年桃園市議員選舉,首次申報,1110629,個人捐贈收入,陳炳仲,F12*******,1000.00,0.00,匯款,1110708,,,金錢,臺北市內湖區****,,,,,,,,,
20,凌濤,111年桃園市議員選舉,首次申報,1110705,個人捐贈收入,許峻澤,F12*******,888.00,0.00,匯款,1110708,,,金錢,新北市新莊區****,,,,,,,,,
21,凌濤,111年桃園市議員選舉,首次申報,1110705,個人捐贈收入,黃煥元,P12*******,3000.00,0.00,匯款,1110708,,,金錢,臺南市安平區****,,,,,,,,,
22,凌濤,111年桃園市議員選舉,首次申報,1110706,個人捐贈收入,陳思諭,,100.00,0.00,匯款,1110706,,,金錢,臺中市西區忠****,,,,,,,,,
23,凌濤,111年桃園市議員選舉,首次申報,1110706,個人捐贈收入,江南志,F12*******,3000.00,0.00,匯款,1110715,,,金錢,桃園市桃園區****,,,,,,,,,
24,凌濤,111年桃園市議員選舉,首次申報,1110714,營利事業捐贈收入,金興空調,66652755,6600.00,0.00,匯款,1110722,已返還,,金錢,新北市三重區****,,,,,,,,,
25,凌濤,111年桃園市議員選舉,首次申報,1110726,個人捐贈收入,李嘉恩,C12*******,20000.00,0.00,現金,1110729,,,金錢,桃園市桃園區****,0984*****,,,,,,,,
26,凌濤,111年桃園市議員選舉,首次申報,1110801,匿名捐贈,匿名,,500.00,0.00,匯款,1110805,,,金錢,,,,,,,,,,
27,凌濤,111年桃園市議員選舉,首次申報,1110801,個人捐贈收入,濮素梅,H22*******,10000.00,0.00,現金,1110805,,,金錢,臺北市中山區****,,,,,,,,,
28,凌濤,111年桃園市議員選舉,首次申報,1110808,個人捐贈收入,鄭麗雪,,600.00,0.00,現金,1110808,,,金錢,屏東縣屏東市****,0912*****,,,,,,,,
29,凌濤,111年桃園市議員選舉,首次申報,1110919,個人捐贈收入,郭濬嘉,H12*******,25000.00,0.00,匯款,1110919,,,金錢,桃園市桃園區****,0937*****,,,,,,,,
30,凌濤,111年桃園市議員選舉,首次申報,1110930,個人捐贈收入,鍾兆芃,A13*******,100000.00,0.00,現金,1110930,,,金錢,臺北市大安區****,,,,,,,,,
31,凌濤,111年桃園市議員選舉,首次申報,1110930,個人捐贈收入,李青蓉,F22*******,100000.00,0.00,匯款,1110930,,,金錢,臺北市大安區****,0930*****,,,,,,,,
32,凌濤,111年桃園市議員選舉,首次申報,1111002,個人捐贈收入,劉家翰,A12*******,100000.00,0.00,匯款,1111002,,,金錢,新北市新店區****,0953*****,,,,,,,,
33,凌濤,111年桃園市議員選舉,首次申報,1111002,個人捐贈收入,陳萬全,O10*******,6600.00,0.00,匯款,1111007,,,金錢,桃園市中壢區****,,,,,,,,,
34,凌濤,111年桃園市議員選舉,首次申報,1111008,個人捐贈收入,張道榮,,600.00,0.00,匯款,1111008,,,金錢,新北市永和區****,0920*****,,,,,,,,
35,凌濤,111年桃園市議員選舉,首次申報,1111011,個人捐贈收入,葉峯谷,N12*******,2000.00,0.00,匯款,1111014,,,金錢,臺北市大安區****,,,,,,,,,
36,凌濤,111年桃園市議員選舉,首次申報,1111011,個人捐贈收入,戴祺修,S12*******,1000.00,0.00,匯款,1111014,,,金錢,新北市三重區****,,,,,,,,,
37,凌濤,111年桃園市議員選舉,首次申報,1111014,個人捐贈收入,吳明成,P12*******,10000.00,0.00,匯款,1111014,,,金錢,新竹縣竹北市****,0933*****,,,,,,,,
38,凌濤,111年桃園市議員選舉,首次申報,1111017,個人捐贈收入,林坤成,P12*******,10000.00,0.00,匯款,1111021,,,金錢,雲林縣麥寮鄉****,,,,,,,,,
39,凌濤,111年桃園市議員選舉,首次申報,1111025,個人捐贈收入,陳儒霆,D12*******,10000.00,0.00,匯款,1111028,,,金錢,桃園市桃園區****,,,,,,,,,
40,凌濤,111年桃園市議員選舉,首次申報,1111102,個人捐贈收入,羅烱熙,H12*******,60000.00,0.00,匯款,1111108,,,金錢,桃園市桃園區****,0987*****,,,,,,,,
41,凌濤,111年桃園市議員選舉,首次申報,1111102,個人捐贈收入,陳維聿,V12*******,6000.00,0.00,匯款,1111108,,,金錢,桃園市蘆竹區****,,,,,,,,,
42,凌濤,111年桃園市議員選舉,首次申報,1111103,個人捐贈收入,李銘洲,P12*******,50000.00,0.00,匯款,1111103,,,金錢,雲林縣斗六市****,0932*****,,,,,,,,
43,凌濤,111年桃園市議員選舉,首次申報,1111107,個人捐贈收入,陳岳媚,,10000.00,0.00,匯款,1111107,,,金錢,桃園市桃園區****,0921*****,,,,,,,,
44,凌濤,111年桃園市議員選舉,首次申報,1111108,營利事業捐贈收入,貴族世家企業股份有限公司,89496779,99970.00,0.00,匯款,1111108,,,金錢,新北市土城區****,,,,,,,,,
45,凌濤,111年桃園市議員選舉,首次申報,1111110,個人捐贈收入,譚義績,,10000.00,0.00,匯款,1111110,,,金錢,新北市新店區****,0932*****,,,,,,,,
46,凌濤,111年桃園市議員選舉,首次申報,1111118,個人捐贈收入,陳志復,H12*******,100000.00,0.00,匯款,1111118,,,金錢,新北市新店區****,0229*****,,,,,,,,
47,凌濤,111年桃園市議員選舉,首次申報,1111120,個人捐贈收入,陳彥蓉,A22*******,10000.00,0.00,匯款,1111122,,,金錢,桃園市大園區****,0921*****,,,,,,,,
48,凌濤,111年桃園市議員選舉,首次申報,1111121,個人捐贈收入,黃聿祥,C12*******,10000.00,0.00,匯款,1111125,,,金錢,臺北市中山區****,0932*****,,,,,,,,
49,凌濤,111年桃園市議員選舉,首次申報,1111121,個人捐贈收入,陳光雲,P12*******,100000.00,0.00,匯款,1111121,,,金錢,新北市新店區****,0286*****,,,,,,,,
50,凌濤,111年桃園市議員選舉,首次申報,1111123,個人捐贈收入,錢威宇,H12*******,300.00,0.00,匯款,1111125,,,金錢,桃園市桃園區****,,,,,,,,,
51,凌濤,111年桃園市議員選舉,首次申報,1111123,個人捐贈收入,黃文麗,H22*******,10000.00,0.00,匯款,1111125,,,金錢,桃園市中壢區****,0988*****,,,,,,,,
52,凌濤,111年桃園市議員選舉,首次申報,1111123,個人捐贈收入,羅可佳,J22*******,100000.00,0.00,匯款,1111123,,,金錢,臺北市士林區****,0935*****,,,,,,,,
53,凌濤,111年桃園市議員選舉,首次申報,1111123,個人捐贈收入,趙劍秋,S22*******,100000.00,0.00,匯款,1111123,,,金錢,新北市中和區****,0900*****,,,,,,,,
