﻿序號,擬參選人／政黨,選舉名稱,申報序號／年度,交易日期,收支科目,捐贈者／支出對象,身分證／統一編號,收入金額,支出金額,支出用途,金錢類,地址,聯絡電話,資料更正日期
1,林義迪,107年直轄市議員選舉,首次申報,1071022,個人捐贈收入,許水森,S10*******,10000.00,0.00,,金錢,高雄市旗山區****,0972*****,
2,林義迪,107年直轄市議員選舉,首次申報,1071024,個人捐贈收入,賴秀琴,R22*******,10000.00,0.00,,金錢,高雄市美濃區****,0935*****,
3,林義迪,107年直轄市議員選舉,首次申報,1071026,人民團體捐贈收入,高雄市南勝聖母慈善會,,5000.00,0.00,,金錢,高雄市旗山區****,6663*****,
4,林義迪,107年直轄市議員選舉,首次申報,1071114,匿名捐贈,陳周儒,,2000.00,0.00,,金錢,,,
5,林義迪,107年直轄市議員選舉,首次申報,1071121,營利事業捐贈收入,合冠企業有限公司,59330463,2000.00,0.00,,金錢,,,
6,林義迪,107年直轄市議員選舉,首次申報,1071221,其他收入,利息收入,,3.00,0.00,,金錢,,,
