﻿序號,擬參選人／政黨,選舉名稱,申報序號／年度,交易日期,收支科目,捐贈者／支出對象,身分證／統一編號,收入金額,支出金額,支出用途,金錢類,地址,聯絡電話,資料更正日期
1,徐莉莉,107年縣(市)議員選舉,首次申報,1070901,租用競選辦事處支出,徐慶輝,C12*******,0.00,36000.00,租用競選辦事處費用,金錢,基隆市義二路****,,
2,徐莉莉,107年縣(市)議員選舉,首次申報,1070925,宣傳支出,大明工藝社,98099619,0.00,84000.00,製作競選物品支出（菜瓜布）,金錢,基隆市義二路****,,
3,徐莉莉,107年縣(市)議員選舉,首次申報,1071001,宣傳支出,大明工藝社,98099619,0.00,39600.00,租用廣告看板或車體廣告支出,金錢,基隆市義二路****,,
4,徐莉莉,107年縣(市)議員選舉,首次申報,1071003,宣傳支出,大明工藝社,98099619,0.00,49500.00,製作競選物品支出（口罩）,金錢,基隆市義二路****,,
5,徐莉莉,107年縣(市)議員選舉,首次申報,1071124,租用宣傳車輛支出,基隆亞洲2手車訊,28401934,0.00,31200.00,租用宣傳車輛支出,金錢,基隆市中正區****,,
6,徐莉莉,107年縣(市)議員選舉,首次申報,1071124,宣傳支出,儒鑫電腦打字排版行,81810732,0.00,15000.00,製作宣傳廣告支出,金錢,基隆市安樂區****,,
7,徐莉莉,107年縣(市)議員選舉,首次申報,1071124,宣傳支出,大明工藝社,98099619,0.00,51000.00,租用廣告看板或車體廣告支出,金錢,基隆市義二路****,,
