﻿序號,擬參選人／政黨,選舉名稱,申報序號／年度,交易日期,收支科目,捐贈者／支出對象,身分證／統一編號,收入金額,支出金額,支出用途,金錢類,地址,聯絡電話,資料更正日期
1,宗教聯盟,,107,1070621,其它收入,利息收入,,561.00,0.00,,金錢,,,
2,宗教聯盟,,107,1071127,個人捐贈收入,王章記,D12*******,30000.00,0.00,,金錢,臺南市東區東****,06-5*****,
3,宗教聯盟,,107,1071127,個人捐贈收入,林新旺,Q12*******,30000.00,0.00,,金錢,臺中市西區忠****,04-2*****,
4,宗教聯盟,,107,1071127,個人捐贈收入,楊倉欣,L12*******,30000.00,0.00,,金錢,宜蘭縣冬山鄉****,03-9*****,
5,宗教聯盟,,107,1071127,個人捐贈收入,鄭國安,K12*******,30000.00,0.00,,金錢,桃園市中壢區****,03-4*****,
6,宗教聯盟,,107,1071221,其它收入,利息收入,,357.00,0.00,,金錢,,,
