﻿序號,擬參選人／政黨,選舉名稱,申報序號／年度,交易日期,收支科目,捐贈者／支出對象,身分證／統一編號,收入金額,支出金額,捐贈方式,存入專戶日期,返還/繳庫,支出用途,金錢類,地址,聯絡電話,應揭露之支出對象,支出對象之內部人員姓名,支出對象之內部人員職稱,政黨之內部人員姓名,政黨之內部人員職稱,關係,更正註記,資料更正日期
1,黃玲蘭,111年花蓮縣議員選舉,首次申報,1111026,個人捐贈收入,劉明雄,N12*******,100000.00,0.00,匯款,1111026,,,金錢,彰化縣彰化市****,,,,,,,,,
2,黃玲蘭,111年花蓮縣議員選舉,首次申報,1111027,個人捐贈收入,李日富,,2000.00,0.00,現金,1111027,,,金錢,花蓮縣玉里鎮****,,,,,,,,,
3,黃玲蘭,111年花蓮縣議員選舉,首次申報,1111101,個人捐贈收入,張紘魁,P12*******,50000.00,0.00,匯款,1111101,,,金錢,桃園市桃園區****,,,,,,,,,
4,黃玲蘭,111年花蓮縣議員選舉,首次申報,1111110,營利事業捐贈收入,大禹加油站有限公司,86336736,50000.00,0.00,匯款,1111110,,,金錢,花蓮縣玉里鎮****,,,,,,,,,
5,黃玲蘭,111年花蓮縣議員選舉,首次申報,1111116,營利事業捐贈收入,新力達汽車貨運有限公司,70630001,10000.00,0.00,匯款,1111116,,,金錢,花蓮縣花蓮市****,,,,,,,,,
6,黃玲蘭,111年花蓮縣議員選舉,首次申報,1111123,營利事業捐贈收入,大富加油站有限公司,80275281,50000.00,0.00,現金,1111123,,,金錢,屏東縣萬丹鄉****,,,,,,,,,
