﻿序號,擬參選人／政黨,選舉名稱,申報序號／年度,交易日期,收支科目,捐贈者／支出對象,身分證／統一編號,收入金額,支出金額,支出用途,金錢類,地址,聯絡電話,資料更正日期
1,黃玉芬,107年鄉(鎮、市)長選舉,首次申報,1070905,匿名捐贈,匿名,,147.00,0.00,,金錢,,,
2,黃玉芬,107年鄉(鎮、市)長選舉,首次申報,1071119,個人捐贈收入,陳文彬,E12*******,6000.00,0.00,,金錢,彰化縣彰化市****,,
3,黃玉芬,107年鄉(鎮、市)長選舉,首次申報,1071120,個人捐贈收入,葉斯讚,H12*******,12000.00,0.00,,金錢,彰化縣彰化市****,,
4,黃玉芬,107年鄉(鎮、市)長選舉,首次申報,1071121,匿名捐贈,匿名2,,1000.00,0.00,,金錢,,,
5,黃玉芬,107年鄉(鎮、市)長選舉,首次申報,1071121,個人捐贈收入,許淑姿,N20*******,100000.00,0.00,,金錢,彰化縣彰化市****,0982*****,
6,黃玉芬,107年鄉(鎮、市)長選舉,首次申報,1071122,營利事業捐贈收入,利台化學工業股份有限公司,58193808,20000.00,0.00,,金錢,彰化縣彰化市****,04-7*****,
7,黃玉芬,107年鄉(鎮、市)長選舉,首次申報,1071122,營利事業捐贈收入,洋鉞金屬股份有限公司,84426331,20000.00,0.00,,金錢,彰化縣和美鎮****,,
8,黃玉芬,107年鄉(鎮、市)長選舉,首次申報,1071122,個人捐贈收入,黃傳灝,N10*******,100000.00,0.00,,金錢,彰化縣彰化市****,,
9,黃玉芬,107年鄉(鎮、市)長選舉,首次申報,1071122,個人捐贈收入,黃智嘉,N12*******,100000.00,0.00,,金錢,桃園市八德區****,,
10,黃玉芬,107年鄉(鎮、市)長選舉,首次申報,1071123,營利事業捐贈收入,立啟建設有限公司,53603830,50000.00,0.00,,金錢,彰化縣彰化市****,,
11,黃玉芬,107年鄉(鎮、市)長選舉,首次申報,1071123,個人捐贈收入,陳芊蕙,H22*******,100000.00,0.00,,金錢,桃園市八德區****,,
