﻿序號,擬參選人／政黨,選舉名稱,申報序號／年度,交易日期,收支科目,捐贈者／支出對象,身分證／統一編號,收入金額,支出金額,支出用途,金錢類,地址,聯絡電話,資料更正日期
1,黃世禮,107年縣(市)議員選舉,首次申報,1070806,個人捐贈收入,蔡漢全,,1800.00,0.00,,非金錢,,0981*****,
2,黃世禮,107年縣(市)議員選舉,首次申報,1070806,個人捐贈收入,蔡漢全,,1200.00,0.00,,非金錢,,0981*****,
3,黃世禮,107年縣(市)議員選舉,首次申報,1070813,個人捐贈收入,謝月梅,,800.00,0.00,,非金錢,,0919*****,
4,黃世禮,107年縣(市)議員選舉,首次申報,1070813,個人捐贈收入,謝月梅,,300.00,0.00,,非金錢,,0919*****,
5,黃世禮,107年縣(市)議員選舉,首次申報,1070813,個人捐贈收入,戴月琴,,200.00,0.00,,非金錢,,0938*****,
6,黃世禮,107年縣(市)議員選舉,首次申報,1070817,個人捐贈收入,麥逢年,,1300.00,0.00,,非金錢,,0933*****,
7,黃世禮,107年縣(市)議員選舉,首次申報,1071006,個人捐贈收入,高慰祖,,800.00,0.00,,非金錢,,0916*****,
8,黃世禮,107年縣(市)議員選舉,首次申報,1071014,個人捐贈收入,倪貞,,800.00,0.00,,非金錢,,0932*****,
9,黃世禮,107年縣(市)議員選舉,首次申報,1071015,個人捐贈收入,文國輝,,10000.00,0.00,,金錢,新竹縣竹北市****,,
10,黃世禮,107年縣(市)議員選舉,首次申報,1071017,個人捐贈收入,游盛傑,,2000.00,0.00,,金錢,,0913*****,
11,黃世禮,107年縣(市)議員選舉,首次申報,1071019,個人捐贈收入,陳品瑄,,10000.00,0.00,,金錢,新竹市和平路****,5267*****,
12,黃世禮,107年縣(市)議員選舉,首次申報,1071019,個人捐贈收入,陳俐如,,10000.00,0.00,,金錢,新竹市和平路****,5267*****,
13,黃世禮,107年縣(市)議員選舉,首次申報,1071019,個人捐贈收入,鄒國明,,1170.00,0.00,,非金錢,,0932*****,
14,黃世禮,107年縣(市)議員選舉,首次申報,1071022,個人捐贈收入,沈淇松,,1560.00,0.00,,非金錢,,0935*****,
15,黃世禮,107年縣(市)議員選舉,首次申報,1071030,個人捐贈收入,莊立人,,1170.00,0.00,,非金錢,,0938*****,
16,黃世禮,107年縣(市)議員選舉,首次申報,1071031,個人捐贈收入,蔡進生,,1800.00,0.00,,非金錢,,0912*****,
17,黃世禮,107年縣(市)議員選舉,首次申報,1071221,其他收入,利息收入,,2.00,0.00,,金錢,,,
