﻿序號,擬參選人／政黨,選舉名稱,申報序號／年度,交易日期,收支科目,捐贈者／支出對象,身分證／統一編號,收入金額,支出金額,支出用途,金錢類,地址,聯絡電話,資料更正日期
1,許家蓓,107年直轄市議員選舉,首次申報,1070801,個人捐贈收入,申友文,F12*******,10000.00,0.00,,金錢,臺北市信義區****,,
2,許家蓓,107年直轄市議員選舉,首次申報,1070806,匿名捐贈,匿名,,10000.00,0.00,,金錢,,,
3,許家蓓,107年直轄市議員選舉,首次申報,1070809,個人捐贈收入,徐靜雄,,10000.00,0.00,,金錢,臺北市信義區****,0932*****,
4,許家蓓,107年直轄市議員選舉,首次申報,1070810,營利事業捐贈收入,佳州玻璃行,14339067,10000.00,0.00,,金錢,臺北市萬華區****,2332*****,
5,許家蓓,107年直轄市議員選舉,首次申報,1070810,營利事業捐贈收入,信達光電科技有限公司,28821345,10000.00,0.00,,金錢,新竹市東區復****,,
6,許家蓓,107年直轄市議員選舉,首次申報,1070810,營利事業捐贈收入,美嘉康有限公司,50759513,20000.00,0.00,,金錢,臺北市松山區****,,
7,許家蓓,107年直轄市議員選舉,首次申報,1070810,營利事業捐贈收入,富子家居生活美學沙發館有限公司,55719322,100000.00,0.00,,金錢,臺北市中山區****,,
8,許家蓓,107年直轄市議員選舉,首次申報,1070810,營利事業捐贈收入,安石鋼管股份有限公司,84230006,30000.00,0.00,,金錢,新北市中和區****,2249*****,
9,許家蓓,107年直轄市議員選舉,首次申報,1070810,個人捐贈收入,方禎璋,A10*******,10000.00,0.00,,金錢,臺北市松山區****,,
10,許家蓓,107年直轄市議員選舉,首次申報,1070810,個人捐贈收入,石宜誠,A12*******,20000.00,0.00,,金錢,臺北市松山區****,,
11,許家蓓,107年直轄市議員選舉,首次申報,1070810,個人捐贈收入,陳茂複,A12*******,80000.00,0.00,,金錢,臺北市松山區****,,
12,許家蓓,107年直轄市議員選舉,首次申報,1070810,個人捐贈收入,林建弘,F12*******,10000.00,0.00,,金錢,臺北市松山區****,,
13,許家蓓,107年直轄市議員選舉,首次申報,1070810,個人捐贈收入,鄭家宏,F12*******,10000.00,0.00,,金錢,臺北市信義區****,,
14,許家蓓,107年直轄市議員選舉,首次申報,1070810,個人捐贈收入,林寶琴,G20*******,10000.00,0.00,,金錢,臺北市松山區****,,
15,許家蓓,107年直轄市議員選舉,首次申報,1070810,個人捐贈收入,卓碧華,N20*******,30000.00,0.00,,金錢,臺北市松山區****,,
16,許家蓓,107年直轄市議員選舉,首次申報,1070810,個人捐贈收入,陳秋和,Y10*******,10000.00,0.00,,金錢,臺北市松山區****,,
17,許家蓓,107年直轄市議員選舉,首次申報,1070810,個人捐贈收入,何金星,Y10*******,50000.00,0.00,,金錢,臺北市士林區****,,
18,許家蓓,107年直轄市議員選舉,首次申報,1070816,個人捐贈收入,黃重仁,A12*******,100000.00,0.00,,金錢,臺北市松山區****,,
19,許家蓓,107年直轄市議員選舉,首次申報,1070817,營利事業捐贈收入,老達利貿易股份有限公司,03185902,200000.00,0.00,,金錢,臺北市南港區****,,
20,許家蓓,107年直轄市議員選舉,首次申報,1070817,營利事業捐贈收入,昊新事業有限公司,52547712,50000.00,0.00,,金錢,臺北市信義區****,,
21,許家蓓,107年直轄市議員選舉,首次申報,1070817,營利事業捐贈收入,萬眾人本生命事業有限公司,54862216,100000.00,0.00,,金錢,臺北市中正區****,,
22,許家蓓,107年直轄市議員選舉,首次申報,1070817,營利事業捐贈收入,眾橫事業有限公司,55654566,50000.00,0.00,,金錢,臺北市大安區****,,
23,許家蓓,107年直轄市議員選舉,首次申報,1070817,營利事業捐贈收入,大園汽電共生股份有限公司,84526079,300000.00,0.00,,金錢,桃園市大園區****,,
24,許家蓓,107年直轄市議員選舉,首次申報,1070817,個人捐贈收入,滕春耕,A12*******,100000.00,0.00,,金錢,新北市三重區****,,
25,許家蓓,107年直轄市議員選舉,首次申報,1070818,個人捐贈收入,黃重生,A12*******,100000.00,0.00,,金錢,臺北市大同區****,,
26,許家蓓,107年直轄市議員選舉,首次申報,1070822,個人捐贈收入,賴進村,A12*******,30000.00,0.00,,金錢,臺北市信義區****,,
27,許家蓓,107年直轄市議員選舉,首次申報,1070823,個人捐贈收入,游春玉,,10000.00,0.00,,金錢,臺北市松山區****,,
28,許家蓓,107年直轄市議員選舉,首次申報,1070823,營利事業捐贈收入,政暉實業有限公司,27623156,300000.00,0.00,,金錢,新北市永和區****,,
29,許家蓓,107年直轄市議員選舉,首次申報,1070827,個人捐贈收入,簡昭惠,Q22*******,100000.00,0.00,,金錢,臺北市士林區****,,
30,許家蓓,107年直轄市議員選舉,首次申報,1070829,營利事業捐贈收入,興鴻暘建設股份有限公司,27916322,50000.00,0.00,,金錢,臺北市松山區****,,
31,許家蓓,107年直轄市議員選舉,首次申報,1070829,營利事業捐贈收入,森原建設股份有限公司,29075280,100000.00,0.00,,金錢,臺北市松山區****,,
32,許家蓓,107年直轄市議員選舉,首次申報,1070829,營利事業捐贈收入,兆勁科技股份有限公司,89549446,300000.00,0.00,,金錢,苗栗縣竹南鎮****,,
33,許家蓓,107年直轄市議員選舉,首次申報,1070829,個人捐贈收入,賴思瑜,A22*******,10000.00,0.00,,金錢,臺北市信義區****,,
34,許家蓓,107年直轄市議員選舉,首次申報,1070830,營利事業捐贈收入,興鴻暘建設股份有限公司,27916322,100000.00,0.00,,金錢,臺北市松山區****,,
35,許家蓓,107年直轄市議員選舉,首次申報,1070830,營利事業捐贈收入,森原建設股份有限公司,29075280,50000.00,0.00,,金錢,臺北市松山區****,,
36,許家蓓,107年直轄市議員選舉,首次申報,1070831,營利事業捐贈收入,馥霖股份有限公司,24321256,200000.00,0.00,,金錢,臺北市松山區****,,
37,許家蓓,107年直轄市議員選舉,首次申報,1070831,營利事業捐贈收入,鴻鑫發科技有限公司,53936703,200000.00,0.00,,金錢,臺北市南港區****,,
38,許家蓓,107年直轄市議員選舉,首次申報,1070913,個人捐贈收入,李政輝,F12*******,20000.00,0.00,,金錢,臺北市中正區****,,
39,許家蓓,107年直轄市議員選舉,首次申報,1070919,個人捐贈收入,張正仁,G12*******,60000.00,0.00,,金錢,臺北市中山區****,,
40,許家蓓,107年直轄市議員選舉,首次申報,1070920,營利事業捐贈收入,合懋興業股份有限公司,80514939,20000.00,0.00,,金錢,臺北市北投區****,,
41,許家蓓,107年直轄市議員選舉,首次申報,1070921,營利事業捐贈收入,遠洋流體裝卸設備有限公司,53767241,20000.00,0.00,,金錢,臺北市松山區****,,
42,許家蓓,107年直轄市議員選舉,首次申報,1070921,營利事業捐贈收入,光鈦國際工業股份有限公司,97366601,50000.00,0.00,,金錢,桃園市蘆竹區****,,
43,許家蓓,107年直轄市議員選舉,首次申報,1070921,個人捐贈收入,鄒明仁,M10*******,100000.00,0.00,,金錢,臺北市松山區****,,
44,許家蓓,107年直轄市議員選舉,首次申報,1070927,營利事業捐贈收入,金良運國際貿易股份有限公司,12850189,30000.00,0.00,,金錢,新北市新莊區****,,
45,許家蓓,107年直轄市議員選舉,首次申報,1070927,營利事業捐贈收入,聖笠室內裝修工程有限公司,12963281,140000.00,0.00,,金錢,臺北市松山區****,,
46,許家蓓,107年直轄市議員選舉,首次申報,1070927,個人捐贈收入,郭煜杰,A12*******,10000.00,0.00,,金錢,臺北市中山區****,,
47,許家蓓,107年直轄市議員選舉,首次申報,1070927,個人捐贈收入,黃昱凱,N12*******,10000.00,0.00,,金錢,臺中市南屯區****,,
48,許家蓓,107年直轄市議員選舉,首次申報,1070928,營利事業捐贈收入,福陞興業股份有限公司,12333334,300000.00,0.00,,金錢,臺北市松山區****,,
49,許家蓓,107年直轄市議員選舉,首次申報,1070928,營利事業捐贈收入,康師傅工程有限公司,54032401,30000.00,0.00,,金錢,新北市三重區****,,
50,許家蓓,107年直轄市議員選舉,首次申報,1070928,營利事業捐贈收入,安石鋼管股份有限公司,84230006,50000.00,0.00,,金錢,新北市中和區****,,
51,許家蓓,107年直轄市議員選舉,首次申報,1071002,個人捐贈收入,徐揚盛,P12*******,20000.00,0.00,,金錢,臺北市大安區****,,
52,許家蓓,107年直轄市議員選舉,首次申報,1071004,個人捐贈收入,賴俊賓,A12*******,30000.00,0.00,,金錢,臺北市南港區****,,
53,許家蓓,107年直轄市議員選舉,首次申報,1071011,營利事業捐贈收入,豪景商行,10343407,100000.00,0.00,,金錢,臺北市大安區****,,
54,許家蓓,107年直轄市議員選舉,首次申報,1071012,營利事業捐贈收入,維陽建設股份有限公司,86155523,30000.00,0.00,,金錢,臺北市中山區****,,
55,許家蓓,107年直轄市議員選舉,首次申報,1071012,個人捐贈收入,陳素玲,N22*******,2000.00,0.00,,金錢,臺北市信義區****,0933*****,
56,許家蓓,107年直轄市議員選舉,首次申報,1071014,匿名捐贈,匿名,,5000.00,0.00,,金錢,,,
57,許家蓓,107年直轄市議員選舉,首次申報,1071014,個人捐贈收入,鄭義宏,A10*******,3000.00,0.00,,金錢,新北市汐止區****,0932*****,
58,許家蓓,107年直轄市議員選舉,首次申報,1071014,個人捐贈收入,廖美淑,A20*******,3000.00,0.00,,金錢,臺北市信義區****,0952*****,
59,許家蓓,107年直轄市議員選舉,首次申報,1071014,個人捐贈收入,李陳淑鳳,A20*******,20000.00,0.00,,金錢,臺北市松山區****,0933*****,
60,許家蓓,107年直轄市議員選舉,首次申報,1071014,個人捐贈收入,林二仲,C12*******,2000.00,0.00,,金錢,臺北市信義區****,02-2*****,
61,許家蓓,107年直轄市議員選舉,首次申報,1071014,個人捐贈收入,楊長祐,C12*******,2000.00,0.00,,金錢,臺北市信義區****,02-2*****,
62,許家蓓,107年直轄市議員選舉,首次申報,1071014,個人捐贈收入,楊何嬋媛,C20*******,2000.00,0.00,,金錢,臺北市松山區****,0912*****,
63,許家蓓,107年直轄市議員選舉,首次申報,1071014,個人捐贈收入,葉亭吟,C22*******,2000.00,0.00,,金錢,臺北市信義區****,02-2*****,
64,許家蓓,107年直轄市議員選舉,首次申報,1071014,個人捐贈收入,張長城,F10*******,3000.00,0.00,,金錢,臺北市松山區****,0928*****,
65,許家蓓,107年直轄市議員選舉,首次申報,1071014,個人捐贈收入,葉育麟,H10*******,3000.00,0.00,,金錢,臺北市信義區****,0989*****,
66,許家蓓,107年直轄市議員選舉,首次申報,1071014,個人捐贈收入,陳景松,N10*******,10000.00,0.00,,金錢,臺北市松山區****,0933*****,
67,許家蓓,107年直轄市議員選舉,首次申報,1071014,個人捐贈收入,林束霞,P20*******,3000.00,0.00,,金錢,臺北市信義區****,02-2*****,
68,許家蓓,107年直轄市議員選舉,首次申報,1071014,個人捐贈收入,陳文雄,Q10*******,3000.00,0.00,,金錢,臺北市松山區****,0933*****,
69,許家蓓,107年直轄市議員選舉,首次申報,1071015,匿名捐贈,匿名,,1000.00,0.00,,金錢,,,
70,許家蓓,107年直轄市議員選舉,首次申報,1071016,個人捐贈收入,蔡采滿,J22*******,3000.00,0.00,,金錢,新北市樹林區****,,
71,許家蓓,107年直轄市議員選舉,首次申報,1071019,個人捐贈收入,廖苑利,B22*******,20000.00,0.00,,金錢,臺北市大安區****,,
72,許家蓓,107年直轄市議員選舉,首次申報,1071022,營利事業捐贈收入,芝利企業股份有限公司,97469022,200000.00,0.00,,金錢,臺北市南港區****,,
73,許家蓓,107年直轄市議員選舉,首次申報,1071023,個人捐贈收入,陳俐雅,A22*******,100000.00,0.00,,金錢,臺北市中正區****,,
74,許家蓓,107年直轄市議員選舉,首次申報,1071023,個人捐贈收入,陳俐媛,A22*******,100000.00,0.00,,金錢,臺北市中正區****,,
75,許家蓓,107年直轄市議員選舉,首次申報,1071101,匿名捐贈,匿名,,2000.00,0.00,,金錢,,,
76,許家蓓,107年直轄市議員選舉,首次申報,1071101,個人捐贈收入,林滄結,,10000.00,0.00,,金錢,臺北市松山區****,,
77,許家蓓,107年直轄市議員選舉,首次申報,1071101,個人捐贈收入,卓碧華,N20*******,10000.00,0.00,,金錢,臺北市松山區****,,
78,許家蓓,107年直轄市議員選舉,首次申報,1071105,營利事業捐贈收入,鐵至工程行有限公司,54842520,40000.00,0.00,,金錢,新北市三重區****,,
79,許家蓓,107年直轄市議員選舉,首次申報,1071114,匿名捐贈,匿名,,2000.00,0.00,,金錢,,,
80,許家蓓,107年直轄市議員選舉,首次申報,1071115,匿名捐贈,匿名,,2000.00,0.00,,金錢,,,
81,許家蓓,107年直轄市議員選舉,首次申報,1071119,個人捐贈收入,陳文榮,J10*******,100000.00,0.00,,金錢,臺北市松山區****,,
82,許家蓓,107年直轄市議員選舉,首次申報,1071119,個人捐贈收入,楊淑貞,J20*******,100000.00,0.00,,金錢,臺北市松山區****,,
83,許家蓓,107年直轄市議員選舉,首次申報,1071120,個人捐贈收入,陳阿全,,30000.00,0.00,,金錢,臺北市信義區****,,
84,許家蓓,107年直轄市議員選舉,首次申報,1071120,營利事業捐贈收入,台北馥敦飯店股份有限公司,13082118,200000.00,0.00,,金錢,臺北市松山區****,,
85,許家蓓,107年直轄市議員選舉,首次申報,1071221,其他收入,利息收入,,633.00,0.00,,金錢,,,
