﻿序號,擬參選人／政黨,選舉名稱,申報序號／年度,交易日期,收支科目,捐贈者／支出對象,身分證／統一編號,收入金額,支出金額,捐贈方式,存入專戶日期,返還/繳庫,支出用途,金錢類,地址,聯絡電話,應揭露之支出對象,支出對象之內部人員姓名,支出對象之內部人員職稱,政黨之內部人員姓名,政黨之內部人員職稱,關係,更正註記,資料更正日期
1,廖英利,111年苗栗縣議員選舉,首次申報,1111005,宣傳支出,冠羽廣告社,83342539,0.00,18000.00,,,,候選人廣告原子筆,金錢,苗栗縣竹南鎮****,037-*****,否,,,,,,,
2,廖英利,111年苗栗縣議員選舉,首次申報,1111005,人事費用支出,謝本松,K12*******,0.00,9000.00,,,,工資或薪津,金錢,苗栗縣竹南鎮****,0958*****,否,,,,,,,
3,廖英利,111年苗栗縣議員選舉,首次申報,1111007,人事費用支出,張永宏,K10*******,0.00,30000.00,,,,工資或薪津,金錢,苗栗縣竹南鎮****,0921*****,否,,,,,,,
4,廖英利,111年苗栗縣議員選舉,首次申報,1111007,人事費用支出,陳秀梅,K22*******,0.00,30000.00,,,,工資或薪津,金錢,苗栗縣竹南鎮****,0939*****,否,,,,,,,
5,廖英利,111年苗栗縣議員選舉,首次申報,1111010,宣傳支出,冠羽廣告社,83342539,0.00,13500.00,,,,廣告原子筆,金錢,苗栗縣竹南鎮****,037-*****,否,,,,,,,
6,廖英利,111年苗栗縣議員選舉,首次申報,1111012,宣傳支出,建哲有限公司,86835156,0.00,178500.00,,,,手提袋印刷,金錢,苗栗縣竹南鎮****,037-*****,否,,,,,,,
7,廖英利,111年苗栗縣議員選舉,首次申報,1111014,宣傳支出,利欣隆生醫科技有限公司,89219873,0.00,200000.00,,,,製作競選物品或宣傳廣告費用（物品名稱-請填寫）,金錢,臺中市大安區****,04-2*****,否,,,,,,,
8,廖英利,111年苗栗縣議員選舉,首次申報,1111020,宣傳支出,冠羽廣告社,83342539,0.00,13500.00,,,,廣告原子筆,金錢,苗栗縣竹南鎮****,037-*****,否,,,,,,,
9,廖英利,111年苗栗縣議員選舉,首次申報,1111021,交通旅運支出,國利加油站,47412427,0.00,1100.00,,,,油資,金錢,,,否,,,,,,,
10,廖英利,111年苗栗縣議員選舉,首次申報,1111023,交通旅運支出,台灣中油,02938995,0.00,584.00,,,,油資,金錢,,,否,,,,,,,
11,廖英利,111年苗栗縣議員選舉,首次申報,1111023,人事費用支出,謝本松,K12*******,0.00,21750.00,,,,工資或薪津,金錢,苗栗縣竹南鎮****,0958*****,否,,,,,,,
12,廖英利,111年苗栗縣議員選舉,首次申報,1111025,交通旅運支出,台灣中油,02938995,0.00,628.00,,,,油資,金錢,,,否,,,,,,,
13,廖英利,111年苗栗縣議員選舉,首次申報,1111025,交通旅運支出,車亭竹南二站,38960823,0.00,1000.00,,,,油資,金錢,,,否,,,,,,,
14,廖英利,111年苗栗縣議員選舉,首次申報,1111027,交通旅運支出,台灣中油,02938995,0.00,780.00,,,,油資,金錢,,,否,,,,,,,
15,廖英利,111年苗栗縣議員選舉,首次申報,1111028,交通旅運支出,車亭竹南站,38903921,0.00,1100.00,,,,油資,金錢,,,否,,,,,,,
16,廖英利,111年苗栗縣議員選舉,首次申報,1111028,集會支出,阿郎企業社,80969184,0.00,7500.00,,,,椅子,金錢,苗栗縣竹南鎮****,037-*****,否,,,,,,,
17,廖英利,111年苗栗縣議員選舉,首次申報,1111028,集會支出,博勝事業有限公司,91095407,0.00,6300.00,,,,清潔整理費用,金錢,彰化縣社頭鄉****,0983*****,否,,,,,,,
18,廖英利,111年苗栗縣議員選舉,首次申報,1111028,集會支出,品暢外燴,99661208,0.00,60000.00,,,,餐飲費用,金錢,苗栗縣竹南鎮****,037-*****,否,,,,,,,
19,廖英利,111年苗栗縣議員選舉,首次申報,1111028,集會支出,威帆企業社,99933243,0.00,80900.00,,,,租用設備費用,金錢,苗栗縣竹南鎮****,0919*****,否,,,,,,,
20,廖英利,111年苗栗縣議員選舉,首次申報,1111029,交通旅運支出,台灣中油,02938995,0.00,623.00,,,,油資,金錢,,,否,,,,,,,
21,廖英利,111年苗栗縣議員選舉,首次申報,1111030,宣傳支出,冠羽廣告社,83342539,0.00,13500.00,,,,廣告原子筆,金錢,苗栗縣竹南鎮****,037-*****,否,,,,,,,
22,廖英利,111年苗栗縣議員選舉,首次申報,1111031,雜支支出,新復發氣體有限公司,50248219,0.00,2320.00,,,,水電瓦斯費用,金錢,苗栗縣竹南鎮****,037-*****,否,,,,,,,
23,廖英利,111年苗栗縣議員選舉,首次申報,1111031,租用宣傳車輛支出,林麗玉,K20*******,0.00,30000.00,,,,租用宣傳車輛費用,金錢,苗栗縣竹南鎮****,,否,,,,,,,
24,廖英利,111年苗栗縣議員選舉,首次申報,1111101,交通旅運支出,台灣中油,02938995,0.00,734.00,,,,油資,金錢,,,否,,,,,,,
25,廖英利,111年苗栗縣議員選舉,首次申報,1111101,人事費用支出,張永宏,K10*******,0.00,30000.00,,,,工資或薪津,金錢,苗栗縣竹南鎮****,0921*****,否,,,,,,,
26,廖英利,111年苗栗縣議員選舉,首次申報,1111101,人事費用支出,謝本松,K12*******,0.00,24750.00,,,,工資或薪津,金錢,苗栗縣竹南鎮****,0958*****,否,,,,,,,
27,廖英利,111年苗栗縣議員選舉,首次申報,1111101,人事費用支出,陳秀梅,K22*******,0.00,30000.00,,,,工資或薪津,金錢,苗栗縣竹南鎮****,0939*****,否,,,,,,,
28,廖英利,111年苗栗縣議員選舉,首次申報,1111103,交通旅運支出,台灣中油,02938995,0.00,684.00,,,,油資,金錢,,,否,,,,,,,
29,廖英利,111年苗栗縣議員選舉,首次申報,1111103,交通旅運支出,車亭竹南站,38903921,0.00,1130.00,,,,油資,金錢,,,否,,,,,,,
30,廖英利,111年苗栗縣議員選舉,首次申報,1111105,交通旅運支出,台灣中油,02938995,0.00,1187.00,,,,油資,金錢,,,否,,,,,,,
31,廖英利,111年苗栗縣議員選舉,首次申報,1111106,雜支支出,振祥行,21822621,0.00,825.00,,,,書報雜誌費用,金錢,苗栗縣竹南鎮****,037-*****,否,,,,,,,
32,廖英利,111年苗栗縣議員選舉,首次申報,1111107,交通旅運支出,台灣中油,50024409,0.00,679.00,,,,油資,金錢,,,否,,,,,,,
33,廖英利,111年苗栗縣議員選舉,首次申報,1111108,交通旅運支出,車亭竹南站,38903921,0.00,1110.00,,,,油資,金錢,,,否,,,,,,,
34,廖英利,111年苗栗縣議員選舉,首次申報,1111110,交通旅運支出,台灣中油,02938995,0.00,576.00,,,,油資,金錢,,,否,,,,,,,
35,廖英利,111年苗栗縣議員選舉,首次申報,1111110,宣傳支出,冠羽廣告社,83342539,0.00,13500.00,,,,廣告原子筆,金錢,苗栗縣竹南鎮****,037-*****,否,,,,,,,
36,廖英利,111年苗栗縣議員選舉,首次申報,1111110,租用宣傳車輛支出,林麗玉,K20*******,0.00,30000.00,,,,租用宣傳車輛費用,金錢,苗栗縣竹南鎮****,,否,,,,,,,
37,廖英利,111年苗栗縣議員選舉,首次申報,1111110,租用宣傳車輛支出,林麗玉,K20*******,0.00,30000.00,,,,租用宣傳車輛費用,金錢,苗栗縣竹南鎮****,,否,,,,,,,
38,廖英利,111年苗栗縣議員選舉,首次申報,1111112,交通旅運支出,台灣中油,02938995,0.00,713.00,,,,油資,金錢,,,否,,,,,,,
39,廖英利,111年苗栗縣議員選舉,首次申報,1111114,交通旅運支出,台灣中油,02938995,0.00,557.00,,,,油資,金錢,,,否,,,,,,,
40,廖英利,111年苗栗縣議員選舉,首次申報,1111114,交通旅運支出,車亭竹南站,38903921,0.00,1110.00,,,,油資,金錢,,,否,,,,,,,
41,廖英利,111年苗栗縣議員選舉,首次申報,1111114,交通旅運支出,國利加油站,47412427,0.00,1000.00,,,,油資,金錢,,,否,,,,,,,
42,廖英利,111年苗栗縣議員選舉,首次申報,1111114,宣傳支出,利欣隆生醫科技有限公司,89219873,0.00,100000.00,,,,洗碗精,金錢,臺中市大安區****,04-2*****,否,,,,,,,
43,廖英利,111年苗栗縣議員選舉,首次申報,1111116,交通旅運支出,台灣中油,02938995,0.00,544.00,,,,油資,金錢,,,否,,,,,,,
44,廖英利,111年苗栗縣議員選舉,首次申報,1111116,交通旅運支出,台灣中油正達站,27465591,0.00,1000.00,,,,油資,金錢,,,否,,,,,,,
45,廖英利,111年苗栗縣議員選舉,首次申報,1111117,交通旅運支出,台灣中油,02938995,0.00,546.00,,,,油資,金錢,,,否,,,,,,,
46,廖英利,111年苗栗縣議員選舉,首次申報,1111118,交通旅運支出,台灣中正達站站,27465591,0.00,1000.00,,,,油資,金錢,,,否,,,,,,,
47,廖英利,111年苗栗縣議員選舉,首次申報,1111120,交通旅運支出,台灣中油,02938995,0.00,593.00,,,,油資,金錢,,,否,,,,,,,
48,廖英利,111年苗栗縣議員選舉,首次申報,1111120,交通旅運支出,台灣中油,02938995,0.00,250.00,,,,油資,金錢,,,否,,,,,,,
49,廖英利,111年苗栗縣議員選舉,首次申報,1111120,交通旅運支出,車亭竹南站,38903921,0.00,1180.00,,,,油資,金錢,,,否,,,,,,,
50,廖英利,111年苗栗縣議員選舉,首次申報,1111120,宣傳支出,冠羽廣告社,83342539,0.00,13500.00,,,,廣告原子筆,金錢,苗栗縣竹南鎮****,037-*****,否,,,,,,,
51,廖英利,111年苗栗縣議員選舉,首次申報,1111120,人事費用支出,林麗玉,K20*******,0.00,21000.00,,,,工資或薪津,金錢,苗栗縣竹南鎮****,2100*****,否,,,,,,,
52,廖英利,111年苗栗縣議員選舉,首次申報,1111122,交通旅運支出,台灣中油,02938995,0.00,400.00,,,,油資,金錢,,,否,,,,,,,
53,廖英利,111年苗栗縣議員選舉,首次申報,1111122,交通旅運支出,台灣中油,02938995,0.00,278.00,,,,油資,金錢,,,否,,,,,,,
54,廖英利,111年苗栗縣議員選舉,首次申報,1111122,交通旅運支出,台灣中油,02938995,0.00,546.00,,,,油資,金錢,,,否,,,,,,,
55,廖英利,111年苗栗縣議員選舉,首次申報,1111122,交通旅運支出,台灣中油正達站,27465591,0.00,1330.00,,,,油資,金錢,,,否,,,,,,,
56,廖英利,111年苗栗縣議員選舉,首次申報,1111122,交通旅運支出,車亭竹南站,38903921,0.00,700.00,,,,油資,金錢,,,否,,,,,,,
57,廖英利,111年苗栗縣議員選舉,首次申報,1111122,雜支支出,新復發氣體有限公司,50248219,0.00,580.00,,,,水電瓦斯費用,金錢,苗栗縣竹南鎮****,037-*****,否,,,,,,,
58,廖英利,111年苗栗縣議員選舉,首次申報,1111123,交通旅運支出,台亞石油,14215973,0.00,968.00,,,,油資,金錢,,,否,,,,,,,
59,廖英利,111年苗栗縣議員選舉,首次申報,1111123,交通旅運支出,國利加油站,47412427,0.00,580.00,,,,油資,金錢,,,否,,,,,,,
60,廖英利,111年苗栗縣議員選舉,首次申報,1111123,交通旅運支出,國利加油站,47412427,0.00,1200.00,,,,油資,金錢,,,否,,,,,,,
61,廖英利,111年苗栗縣議員選舉,首次申報,1111123,交通旅運支出,奕榮頭份加油站,56629159,0.00,950.00,,,,油資,金錢,,,否,,,,,,,
62,廖英利,111年苗栗縣議員選舉,首次申報,1111123,交通旅運支出,奕榮頭份加油站,56629159,0.00,1207.00,,,,油資,金錢,,,否,,,,,,,
63,廖英利,111年苗栗縣議員選舉,首次申報,1111124,交通旅運支出,台灣中油,02938995,0.00,683.00,,,,油資,金錢,,,否,,,,,,,
64,廖英利,111年苗栗縣議員選舉,首次申報,1111125,返還捐贈支出,坤星營造股份有限公司,50548428,0.00,50000.00,,,,返還,金錢,苗栗縣大厝里****,,否,,,,,,,
