﻿序號,擬參選人／政黨,選舉名稱,申報序號／年度,交易日期,收支科目,捐贈者／支出對象,身分證／統一編號,收入金額,支出金額,捐贈方式,存入專戶日期,返還/繳庫,支出用途,金錢類,地址,聯絡電話,應揭露之支出對象,支出對象之內部人員姓名,支出對象之內部人員職稱,政黨之內部人員姓名,政黨之內部人員職稱,關係,更正註記,資料更正日期
1,王耀裕,111年高雄市議員選舉,首次申報,1110616,個人捐贈收入,馬明娥,M22*******,30000.00,0.00,現金,1110616,,,金錢,高雄市林園區****,0919*****,,,,,,,,
2,王耀裕,111年高雄市議員選舉,首次申報,1110617,營利事業捐贈收入,鉅明股份有限公司,85634075,30000.00,0.00,票據,1110617,,,金錢,高雄市大寮區****,,,,,,,,,
3,王耀裕,111年高雄市議員選舉,首次申報,1110623,個人捐贈收入,張簡當容,S12*******,50000.00,0.00,現金,1110623,,,金錢,高雄市大寮區****,0972*****,,,,,,,,
4,王耀裕,111年高雄市議員選舉,首次申報,1110819,營利事業捐贈收入,翔宇建設有限公司,54208365,50000.00,0.00,匯款,1110819,已返還,,金錢,高雄市苓雅區****,,,,,,,,,
5,王耀裕,111年高雄市議員選舉,首次申報,1110823,營利事業捐贈收入,台毅國際開發股份有限公司,80440769,100000.00,0.00,現金,1110823,已返還,,金錢,高雄市林園區****,,,,,,,,,
6,王耀裕,111年高雄市議員選舉,首次申報,1110824,營利事業捐贈收入,台毅國際開發股份有限公司,80440769,100000.00,0.00,匯款,1110824,,,金錢,高雄市林園區****,,,,,,,,,
7,王耀裕,111年高雄市議員選舉,首次申報,1110826,個人捐贈收入,黃騰佑,S12*******,100000.00,0.00,匯款,1110826,,,金錢,高雄市林園區****,,,,,,,,,
8,王耀裕,111年高雄市議員選舉,首次申報,1110826,個人捐贈收入,黃聖訓,S12*******,100000.00,0.00,匯款,1110826,,,金錢,高雄市林園區****,0988*****,,,,,,,,
9,王耀裕,111年高雄市議員選舉,首次申報,1110831,個人捐贈收入,黃志倫,S12*******,30000.00,0.00,匯款,1110831,,,金錢,高雄市大寮區****,07-7*****,,,,,,,,
10,王耀裕,111年高雄市議員選舉,首次申報,1110905,營利事業捐贈收入,騰雄建設股份有限公司,53898460,100000.00,0.00,票據,1110905,已返還,,金錢,高雄市三民區****,07-3*****,,,,,,,,
11,王耀裕,111年高雄市議員選舉,首次申報,1110905,營利事業捐贈收入,泰洲營造股份有限公司,85909968,200000.00,0.00,匯款,1110905,已返還,,金錢,高雄市左營區****,07-3*****,,,,,,,,
12,王耀裕,111年高雄市議員選舉,首次申報,1110905,個人捐贈收入,黃慶相,S12*******,10000.00,0.00,現金,1110905,,,金錢,高雄市林園區****,0932*****,,,,,,,,
13,王耀裕,111年高雄市議員選舉,首次申報,1110906,營利事業捐贈收入,鼎力興營造有限公司,70406566,100000.00,0.00,匯款,1110906,,,金錢,高雄市左營區****,,,,,,,,,
14,王耀裕,111年高雄市議員選舉,首次申報,1110907,營利事業捐贈收入,晶鷹機械有限公司,27890575,100000.00,0.00,票據,1110907,,,金錢,屏東縣新園鄉****,,,,,,,,,
15,王耀裕,111年高雄市議員選舉,首次申報,1110912,營利事業捐贈收入,力揚系統科技工程有限公司,53252460,100000.00,0.00,現金,1110912,,,金錢,高雄市苓雅區****,07-2*****,,,,,,,,
16,王耀裕,111年高雄市議員選舉,首次申報,1110914,個人捐贈收入,洪漢平,S12*******,50000.00,0.00,現金,1110914,,,金錢,高雄市鳳山區****,0910*****,,,,,,,,
17,王耀裕,111年高雄市議員選舉,首次申報,1110915,營利事業捐贈收入,林旺建設開發有限公司,80360435,100000.00,0.00,現金,1110915,,,金錢,高雄市左營區****,07-5*****,,,,,,,,
18,王耀裕,111年高雄市議員選舉,首次申報,1110916,匿名捐贈,劉宇祥,,8800.00,0.00,現金,1110916,,,金錢,,,,,,,,,,
19,王耀裕,111年高雄市議員選舉,首次申報,1110919,營利事業捐贈收入,永晉加油站有限公司永晉潭頭加油站,69809627,50000.00,0.00,現金,1110919,,,金錢,高雄市林園區****,07-6*****,,,,,,,,
20,王耀裕,111年高雄市議員選舉,首次申報,1110919,個人捐贈收入,涂家彰,E12*******,6000.00,0.00,現金,1110919,,,金錢,高雄市左營區****,0916*****,,,,,,,,
21,王耀裕,111年高雄市議員選舉,首次申報,1110922,營利事業捐贈收入,大高雄地產事業有限公司,28285652,20000.00,0.00,現金,1110922,已返還,,金錢,高雄市鳥松區****,07-3*****,,,,,,,,
22,王耀裕,111年高雄市議員選舉,首次申報,1110922,營利事業捐贈收入,益萬嘉建設開發有限司,29010127,20000.00,0.00,現金,1110922,已返還,,金錢,高雄市鼓山區****,07-5*****,,,,,,,,
23,王耀裕,111年高雄市議員選舉,首次申報,1110927,營利事業捐贈收入,億鑫機電有限公司,27211773,20000.00,0.00,匯款,1110927,,,金錢,高雄市小港區****,,,,,,,,,
24,王耀裕,111年高雄市議員選舉,首次申報,1110930,個人捐贈收入,伍宏忠,,20000.00,0.00,匯款,1110930,,,金錢,高雄市林園區****,,,,,,,,,
25,王耀裕,111年高雄市議員選舉,首次申報,1111003,個人捐贈收入,梁惠玲,S22*******,50000.00,0.00,匯款,1111003,,,金錢,高雄市大寮區****,,,,,,,,,
26,王耀裕,111年高雄市議員選舉,首次申報,1111004,個人捐贈收入,楊秀好,,30000.00,0.00,匯款,1111004,,,金錢,高雄市大寮區****,,,,,,,,,
27,王耀裕,111年高雄市議員選舉,首次申報,1111004,個人捐贈收入,林金祿,,20000.00,0.00,匯款,1111004,,,金錢,高雄市三民區****,,,,,,,,,
28,王耀裕,111年高雄市議員選舉,首次申報,1111005,個人捐贈收入,洪進榮,,30000.00,0.00,匯款,1111005,,,金錢,高雄市林園區****,,,,,,,,,
29,王耀裕,111年高雄市議員選舉,首次申報,1111006,匿名捐贈,匿名,,10000.00,0.00,匯款,1111006,,,金錢,,,,,,,,,,
30,王耀裕,111年高雄市議員選舉,首次申報,1111006,匿名捐贈,匿名,,10000.00,0.00,現金,1111006,,,金錢,,,,,,,,,,
31,王耀裕,111年高雄市議員選舉,首次申報,1111006,營利事業捐贈收入,開騰環保科技有限公司,50946880,50000.00,0.00,現金,1111006,,,金錢,高雄市仁武區****,,,,,,,,,
32,王耀裕,111年高雄市議員選舉,首次申報,1111007,匿名捐贈,匿名,,10000.00,0.00,現金,1111007,,,金錢,,,,,,,,,,
33,王耀裕,111年高雄市議員選舉,首次申報,1111007,匿名捐贈,許志旭,,10000.00,0.00,匯款,1111007,,,金錢,,,,,,,,,,
34,王耀裕,111年高雄市議員選舉,首次申報,1111007,匿名捐贈,鐘勝豐,,2000.00,0.00,匯款,1111007,,,金錢,,,,,,,,,,
35,王耀裕,111年高雄市議員選舉,首次申報,1111007,營利事業捐贈收入,壹東實業股份有限公司,82041253,60000.00,0.00,匯款,1111007,,,金錢,高雄市林園區****,07-6*****,,,,,,,,
36,王耀裕,111年高雄市議員選舉,首次申報,1111011,匿名捐贈,匿名,,10000.00,0.00,現金,1111011,,,金錢,,,,,,,,,,
37,王耀裕,111年高雄市議員選舉,首次申報,1111011,營利事業捐贈收入,富坊廢棄物回收企業有限公司,97395850,100000.00,0.00,現金,1111011,,,金錢,高雄市大社區****,,,,,,,,,
38,王耀裕,111年高雄市議員選舉,首次申報,1111011,個人捐贈收入,黃志宏,S12*******,10000.00,0.00,現金,1111011,,,金錢,高雄市林園區****,07-6*****,,,,,,,,
39,王耀裕,111年高雄市議員選舉,首次申報,1111011,個人捐贈收入,林鈞聖,S12*******,30000.00,0.00,現金,1111011,,,金錢,高雄市林園區****,0979*****,,,,,,,,
40,王耀裕,111年高雄市議員選舉,首次申報,1111011,個人捐贈收入,王文川,S12*******,50000.00,0.00,現金,1111011,,,金錢,新北市永和區****,02-3*****,,,,,,,,
41,王耀裕,111年高雄市議員選舉,首次申報,1111013,個人捐贈收入,顏萬成,,20000.00,0.00,匯款,1111013,,,金錢,高雄市大寮區****,,,,,,,,,
42,王耀裕,111年高雄市議員選舉,首次申報,1111013,個人捐贈收入,翁麗莉,S22*******,50000.00,0.00,匯款,1111013,,,金錢,高雄市小港區****,,,,,,,,,
43,王耀裕,111年高雄市議員選舉,首次申報,1111014,匿名捐贈,曾錦釧,,3000.00,0.00,現金,1111014,,,金錢,,,,,,,,,,
44,王耀裕,111年高雄市議員選舉,首次申報,1111014,營利事業捐贈收入,保誠企業行,17412694,30000.00,0.00,匯款,1111014,,,金錢,高雄市大寮區****,07-7*****,,,,,,,,
45,王耀裕,111年高雄市議員選舉,首次申報,1111014,個人捐贈收入,陳佩君,Q22*******,100000.00,0.00,匯款,1111014,,,金錢,臺北市中山區****,0225*****,,,,,,,,
46,王耀裕,111年高雄市議員選舉,首次申報,1111014,個人捐贈收入,王玉黛,S22*******,100000.00,0.00,匯款,1111014,,,金錢,桃園市桃園區****,0933*****,,,,,,,,
47,王耀裕,111年高雄市議員選舉,首次申報,1111017,匿名捐贈,黃翊軒,,10000.00,0.00,現金,1111017,,,金錢,,,,,,,,,,
48,王耀裕,111年高雄市議員選舉,首次申報,1111017,匿名捐贈,馬建輝,,2000.00,0.00,匯款,1111017,,,金錢,,,,,,,,,,
49,王耀裕,111年高雄市議員選舉,首次申報,1111018,個人捐贈收入,陳有玉,A12*******,100000.00,0.00,現金,1111018,,,金錢,桃園市桃園區****,0933*****,,,,,,,,
50,王耀裕,111年高雄市議員選舉,首次申報,1111020,個人捐贈收入,洪漢杰,V12*******,100000.00,0.00,匯款,1111020,,,金錢,高雄市新興區****,0918*****,,,,,,,,
51,王耀裕,111年高雄市議員選舉,首次申報,1111021,匿名捐贈,匿名,,3000.00,0.00,現金,1111021,,,金錢,,,,,,,,,,
52,王耀裕,111年高雄市議員選舉,首次申報,1111021,個人捐贈收入,張簡元崇,S12*******,30000.00,0.00,現金,1111021,,,金錢,高雄市大寮區****,0958*****,,,,,,,,
53,王耀裕,111年高雄市議員選舉,首次申報,1111024,匿名捐贈,匿名,,10000.00,0.00,現金,1111024,,,金錢,,,,,,,,,,
54,王耀裕,111年高雄市議員選舉,首次申報,1111024,匿名捐贈,簡清郁,,2000.00,0.00,匯款,1111024,,,金錢,,,,,,,,,,
55,王耀裕,111年高雄市議員選舉,首次申報,1111024,營利事業捐贈收入,福安藥妝有限公司,53574954,20000.00,0.00,現金,1111024,已返還,,金錢,高雄市林園區****,07-6*****,,,,,,,,
56,王耀裕,111年高雄市議員選舉,首次申報,1111024,營利事業捐贈收入,三菱汽車貨運股份有限公司,65040700,20000.00,0.00,現金,1111024,已返還,,金錢,屏東縣新園鄉****,08-8*****,,,,,,,,
57,王耀裕,111年高雄市議員選舉,首次申報,1111026,個人捐贈收入,簡清純,,5000.00,0.00,現金,1111026,,,金錢,高雄市大寮區****,,,,,,,,,
58,王耀裕,111年高雄市議員選舉,首次申報,1111026,營利事業捐贈收入,源柏工程有限公司,84726371,200000.00,0.00,匯款,1111026,,,金錢,高雄市林園區****,,,,,,,,,
59,王耀裕,111年高雄市議員選舉,首次申報,1111026,個人捐贈收入,黃龍德,E10*******,30000.00,0.00,匯款,1111026,,,金錢,高雄市苓雅區****,,,,,,,,,
60,王耀裕,111年高雄市議員選舉,首次申報,1111026,個人捐贈收入,劉俊成,Q12*******,100000.00,0.00,現金,1111026,,,金錢,高雄市小港區****,,,,,,,,,
61,王耀裕,111年高雄市議員選舉,首次申報,1111027,個人捐贈收入,曾萬得,R12*******,20000.00,0.00,匯款,1111027,,,金錢,臺南市新營區****,,,,,,,,,
62,王耀裕,111年高雄市議員選舉,首次申報,1111027,個人捐贈收入,鄭元和,T12*******,10000.00,0.00,匯款,1111027,,,金錢,高雄市小港區****,,,,,,,,,
63,王耀裕,111年高雄市議員選舉,首次申報,1111028,個人捐贈收入,林文富,,20000.00,0.00,匯款,1111028,,,金錢,高雄市林園區****,,,,,,,,,
64,王耀裕,111年高雄市議員選舉,首次申報,1111029,匿名捐贈,匿名,,2000.00,0.00,匯款,1111029,,,金錢,,,,,,,,,,
65,王耀裕,111年高雄市議員選舉,首次申報,1111031,營利事業捐贈收入,聯遠企業有限公司,22986657,100000.00,0.00,票據,1111031,,,金錢,高雄市大寮區****,07-7*****,,,,,,,,
66,王耀裕,111年高雄市議員選舉,首次申報,1111031,營利事業捐贈收入,連安國際開發有限公司,53588654,300000.00,0.00,匯款,1111031,,,金錢,高雄市三民區****,,,,,,,,,
67,王耀裕,111年高雄市議員選舉,首次申報,1111031,個人捐贈收入,王秋英,E22*******,100000.00,0.00,匯款,1111031,,,金錢,高雄市前金區****,,,,,,,,,
68,王耀裕,111年高雄市議員選舉,首次申報,1111031,個人捐贈收入,鍾熙崇,G10*******,100000.00,0.00,現金,1111031,,,金錢,高雄市鳳山區****,,,,,,,,,
69,王耀裕,111年高雄市議員選舉,首次申報,1111031,個人捐贈收入,黃萬貴,S10*******,16000.00,0.00,現金,1111031,,,金錢,高雄市大寮區****,,,,,,,,,
70,王耀裕,111年高雄市議員選舉,首次申報,1111031,個人捐贈收入,林金吉,S12*******,100000.00,0.00,現金,1111031,,,金錢,高雄市林園區****,,,,,,,,,
71,王耀裕,111年高雄市議員選舉,首次申報,1111102,個人捐贈收入,黃志琳,,20000.00,0.00,匯款,1111102,,,金錢,高雄市大寮區****,,,,,,,,,
72,王耀裕,111年高雄市議員選舉,首次申報,1111102,營利事業捐贈收入,潤昱企業股份有限公司,28136886,20000.00,0.00,現金,1111102,,,金錢,高雄市大寮區****,,,,,,,,,
73,王耀裕,111年高雄市議員選舉,首次申報,1111102,營利事業捐贈收入,千百亮國際企業有限公司,29092289,20000.00,0.00,票據,1111102,,,金錢,高雄市大寮區****,,,,,,,,,
74,王耀裕,111年高雄市議員選舉,首次申報,1111102,個人捐贈收入,王新發,S10*******,10000.00,0.00,現金,1111102,,,金錢,高雄市阿蓮區****,,,,,,,,,
75,王耀裕,111年高雄市議員選舉,首次申報,1111102,個人捐贈收入,孫金棧,S12*******,5000.00,0.00,現金,1111102,,,金錢,高雄市苓雅區****,,,,,,,,,
76,王耀裕,111年高雄市議員選舉,首次申報,1111102,個人捐贈收入,郭文進,S12*******,20000.00,0.00,現金,1111102,,,金錢,高雄市鼓山區****,,,,,,,,,
77,王耀裕,111年高雄市議員選舉,首次申報,1111103,個人捐贈收入,郭永法,,30000.00,0.00,現金,1111103,,,金錢,高雄市大寮區****,,,,,,,,,
78,王耀裕,111年高雄市議員選舉,首次申報,1111104,營利事業捐贈收入,木楠企業有限公司,42801171,8000.00,0.00,匯款,1111104,,,金錢,高雄市大寮區****,,,,,,,,,
79,王耀裕,111年高雄市議員選舉,首次申報,1111105,匿名捐贈,蔡進淵,,6600.00,0.00,匯款,1111105,,,金錢,,,,,,,,,,
80,王耀裕,111年高雄市議員選舉,首次申報,1111108,匿名捐贈,翁立人,,10000.00,0.00,匯款,1111108,,,金錢,,,,,,,,,,
81,王耀裕,111年高雄市議員選舉,首次申報,1111108,營利事業捐贈收入,沐華國際美容股份有限公司,27215145,100000.00,0.00,匯款,1111108,已返還,,金錢,高雄市大寮區****,,,,,,,,,
82,王耀裕,111年高雄市議員選舉,首次申報,1111109,營利事業捐贈收入,琮珮商行,84066440,20000.00,0.00,現金,1111109,,,金錢,高雄市林園區****,,,,,,,,,
83,王耀裕,111年高雄市議員選舉,首次申報,1111109,營利事業捐贈收入,長賡股份有限公司,85961680,60000.00,0.00,現金,1111109,,,金錢,高雄市大寮區****,,,,,,,,,
84,王耀裕,111年高雄市議員選舉,首次申報,1111110,營利事業捐贈收入,大隆保利龍股份有限公司,22251640,50000.00,0.00,票據,1111110,,,金錢,高雄市大寮區****,,,,,,,,,
85,王耀裕,111年高雄市議員選舉,首次申報,1111115,匿名捐贈,匿名,,2000.00,0.00,匯款,1111115,,,金錢,,,,,,,,,,
86,王耀裕,111年高雄市議員選舉,首次申報,1111116,營利事業捐贈收入,展億環保科技有限公司,70711480,30000.00,0.00,現金,1111116,,,金錢,高雄市永安區****,,,,,,,,,
87,王耀裕,111年高雄市議員選舉,首次申報,1111116,個人捐贈收入,尤鑫豐,X12*******,10000.00,0.00,現金,1111116,,,金錢,高雄市林園區****,,,,,,,,,
88,王耀裕,111年高雄市議員選舉,首次申報,1111117,營利事業捐贈收入,華譽建設有限公司,54569304,100000.00,0.00,匯款,1111117,,,金錢,臺南市新營區****,,,,,,,,,
89,王耀裕,111年高雄市議員選舉,首次申報,1111117,營利事業捐贈收入,良聯工業股份有限公司,89436978,200000.00,0.00,匯款,1111117,,,金錢,高雄市林園區****,,,,,,,,,
90,王耀裕,111年高雄市議員選舉,首次申報,1111118,匿名捐贈,黃信雄,,10000.00,0.00,現金,1111118,,,金錢,,,,,,,,,,
91,王耀裕,111年高雄市議員選舉,首次申報,1111121,營利事業捐贈收入,盟諭股份有限公司,12819580,50000.00,0.00,匯款,1111121,,,金錢,高雄市林園區****,,,,,,,,,
92,王耀裕,111年高雄市議員選舉,首次申報,1111121,營利事業捐贈收入,皇邑建設股份有限公司,13188225,50000.00,0.00,票據,1111121,,,金錢,高雄市苓雅區****,,,,,,,,,
93,王耀裕,111年高雄市議員選舉,首次申報,1111121,營利事業捐贈收入,柏緯鐵工股份有限公司,22084215,100000.00,0.00,現金,1111121,,,金錢,高雄市仁武區****,,,,,,,,,
94,王耀裕,111年高雄市議員選舉,首次申報,1111123,個人捐贈收入,沈育君,,20000.00,0.00,現金,1111123,,,金錢,高雄市林園區****,,,,,,,,,
95,王耀裕,111年高雄市議員選舉,首次申報,1111124,個人捐贈收入,蔡清和,X12*******,100000.00,0.00,現金,1111124,,,金錢,澎湖縣湖西鄉****,,,,,,,,,
96,王耀裕,111年高雄市議員選舉,首次申報,1111221,其他收入,利息收入,,958.00,0.00,匯款,1111221,,,金錢,,,,,,,,,,
