﻿序號,擬參選人／政黨,選舉名稱,申報序號／年度,交易日期,收支科目,捐贈者／支出對象,身分證／統一編號,收入金額,支出金額,支出用途,金錢類,地址,聯絡電話,資料更正日期
1,吳國昌,107年鄉(鎮、市)長選舉,首次申報,1070926,個人捐贈收入,鄧智鴻,M12*******,2000.00,0.00,,金錢,南投縣埔里鎮****,,
2,吳國昌,107年鄉(鎮、市)長選舉,首次申報,1070926,個人捐贈收入,沈美玲,M22*******,50000.00,0.00,,金錢,南投縣埔里鎮****,0932*****,
3,吳國昌,107年鄉(鎮、市)長選舉,首次申報,1070926,個人捐贈收入,謝黎芳,P22*******,100000.00,0.00,,金錢,臺中市西屯區****,,
4,吳國昌,107年鄉(鎮、市)長選舉,首次申報,1070927,個人捐贈收入,賴勇春,,5800.00,0.00,,非金錢,,0928*****,
5,吳國昌,107年鄉(鎮、市)長選舉,首次申報,1071008,個人捐贈收入,陳麗君,,5000.00,0.00,,金錢,南投縣埔里鎮****,0911*****,
6,吳國昌,107年鄉(鎮、市)長選舉,首次申報,1071012,個人捐贈收入,蘇經舜,B10*******,50000.00,0.00,,金錢,臺中市北區衛****,0928*****,
7,吳國昌,107年鄉(鎮、市)長選舉,首次申報,1071012,個人捐贈收入,李榮治,M12*******,50000.00,0.00,,金錢,南投縣埔里鎮****,0921*****,
8,吳國昌,107年鄉(鎮、市)長選舉,首次申報,1071013,匿名捐贈,張木竹山,,2600.00,0.00,,金錢,,,
9,吳國昌,107年鄉(鎮、市)長選舉,首次申報,1071013,個人捐贈收入,廖顯崇,B10*******,36000.00,0.00,,金錢,臺中市大里區****,0922*****,
10,吳國昌,107年鄉(鎮、市)長選舉,首次申報,1071015,個人捐贈收入,黃貴雄,M10*******,50000.00,0.00,,金錢,南投縣埔里鎮****,,
11,吳國昌,107年鄉(鎮、市)長選舉,首次申報,1071016,個人捐贈收入,塗俊修,M12*******,16800.00,0.00,,金錢,南投縣埔里鎮****,0922*****,
12,吳國昌,107年鄉(鎮、市)長選舉,首次申報,1071016,個人捐贈收入,黃文昭,M12*******,12000.00,0.00,,金錢,南投縣埔里鎮****,0921*****,
13,吳國昌,107年鄉(鎮、市)長選舉,首次申報,1071020,個人捐贈收入,游禮哲,,6000.00,0.00,,金錢,南投縣埔里鎮****,0931*****,
14,吳國昌,107年鄉(鎮、市)長選舉,首次申報,1071020,個人捐贈收入,田水波,,6000.00,0.00,,金錢,南投縣埔里鎮****,049-*****,
15,吳國昌,107年鄉(鎮、市)長選舉,首次申報,1071020,個人捐贈收入,陳火茂,,6000.00,0.00,,金錢,南投縣埔里鎮****,0932*****,
16,吳國昌,107年鄉(鎮、市)長選舉,首次申報,1071022,個人捐贈收入,周敏郎,N10*******,60000.00,0.00,,金錢,南投縣埔里鎮****,0937*****,
17,吳國昌,107年鄉(鎮、市)長選舉,首次申報,1071023,個人捐贈收入,張惠玲,M22*******,100000.00,0.00,,金錢,南投縣埔里鎮****,0910*****,
18,吳國昌,107年鄉(鎮、市)長選舉,首次申報,1071024,個人捐贈收入,魏志忠,M12*******,20000.00,0.00,,金錢,南投縣埔里鎮****,049-*****,
19,吳國昌,107年鄉(鎮、市)長選舉,首次申報,1071025,營利事業捐贈收入,勝豐肉脯店,06119645,20000.00,0.00,,金錢,南投縣埔里鎮****,0921*****,
20,吳國昌,107年鄉(鎮、市)長選舉,首次申報,1071025,營利事業捐贈收入,隆春企業股份有限公司,61828761,20000.00,0.00,,金錢,南投縣埔里鎮****,049-*****,
21,吳國昌,107年鄉(鎮、市)長選舉,首次申報,1071025,個人捐贈收入,陳濤聲,M12*******,80000.00,0.00,,金錢,南投縣埔里鎮****,049-*****,
22,吳國昌,107年鄉(鎮、市)長選舉,首次申報,1071025,個人捐贈收入,廖慶煜,P12*******,6000.00,0.00,,金錢,南投縣埔里鎮****,0933*****,
23,吳國昌,107年鄉(鎮、市)長選舉,首次申報,1071026,營利事業捐贈收入,益昌材料行,14601454,12000.00,0.00,,金錢,南投縣埔里鎮****,049-*****,
24,吳國昌,107年鄉(鎮、市)長選舉,首次申報,1071026,營利事業捐贈收入,昌裕汽車股份有限公司,22940323,30000.00,0.00,,金錢,南投縣埔里鎮****,049-*****,
25,吳國昌,107年鄉(鎮、市)長選舉,首次申報,1071026,營利事業捐贈收入,大井輕金屬股份有限公司,53716356,20000.00,0.00,,金錢,雲林縣崙背鄉****,05-6*****,
26,吳國昌,107年鄉(鎮、市)長選舉,首次申報,1071026,個人捐贈收入,吳聰達,M10*******,66000.00,0.00,,金錢,臺中市西屯區****,0933*****,
27,吳國昌,107年鄉(鎮、市)長選舉,首次申報,1071026,個人捐贈收入,魏振宇,M12*******,50000.00,0.00,,金錢,南投縣埔里鎮****,0988*****,
28,吳國昌,107年鄉(鎮、市)長選舉,首次申報,1071026,個人捐贈收入,陳水杉,M12*******,20000.00,0.00,,金錢,南投縣埔里鎮****,0932*****,
29,吳國昌,107年鄉(鎮、市)長選舉,首次申報,1071026,個人捐贈收入,林春蘭,M20*******,10000.00,0.00,,金錢,南投縣埔里鎮****,0921*****,
30,吳國昌,107年鄉(鎮、市)長選舉,首次申報,1071026,個人捐贈收入,廖秋選,M22*******,10000.00,0.00,,金錢,南投縣埔里鎮****,0928*****,
31,吳國昌,107年鄉(鎮、市)長選舉,首次申報,1071026,個人捐贈收入,周敏惠,R22*******,20000.00,0.00,,金錢,南投縣埔里鎮****,0932*****,
32,吳國昌,107年鄉(鎮、市)長選舉,首次申報,1071027,個人捐贈收入,劉婕妤,C22*******,6000.00,0.00,,金錢,南投縣埔里鎮****,0931*****,
33,吳國昌,107年鄉(鎮、市)長選舉,首次申報,1071027,個人捐贈收入,詹家宜,M22*******,10000.00,0.00,,金錢,南投縣埔里鎮****,0937*****,
34,吳國昌,107年鄉(鎮、市)長選舉,首次申報,1071029,營利事業捐贈收入,興埔里混泥土企業(股)公司,96901801,50000.00,0.00,,金錢,南投縣埔里鎮****,0928*****,
35,吳國昌,107年鄉(鎮、市)長選舉,首次申報,1071029,個人捐贈收入,羅巫廣榮,M10*******,10000.00,0.00,,金錢,南投縣埔里鎮****,049-*****,
36,吳國昌,107年鄉(鎮、市)長選舉,首次申報,1071029,個人捐贈收入,簡啓成,M12*******,3000.00,0.00,,金錢,南投縣南投市****,0923*****,
37,吳國昌,107年鄉(鎮、市)長選舉,首次申報,1071029,個人捐贈收入,陳重濱,M12*******,6000.00,0.00,,金錢,南投縣埔里鎮****,0921*****,
38,吳國昌,107年鄉(鎮、市)長選舉,首次申報,1071029,個人捐贈收入,王嘉裕,M12*******,6000.00,0.00,,金錢,南投縣埔里鎮****,0928*****,
39,吳國昌,107年鄉(鎮、市)長選舉,首次申報,1071030,個人捐贈收入,張福權,M12*******,100000.00,0.00,,金錢,南投縣埔里鎮****,0936*****,
40,吳國昌,107年鄉(鎮、市)長選舉,首次申報,1071030,個人捐贈收入,王仁慧,P22*******,10000.00,0.00,,金錢,南投縣埔里鎮****,0936*****,
41,吳國昌,107年鄉(鎮、市)長選舉,首次申報,1071031,營利事業捐贈收入,大友汽車工業(股)公司,61946606,20000.00,0.00,,金錢,南投縣南投市****,,
42,吳國昌,107年鄉(鎮、市)長選舉,首次申報,1071031,個人捐贈收入,陳俊雄,M12*******,12000.00,0.00,,金錢,南投縣埔里鎮****,0910*****,
43,吳國昌,107年鄉(鎮、市)長選舉,首次申報,1071031,個人捐贈收入,李文裕,M12*******,10000.00,0.00,,金錢,南投縣草屯鎮****,0932*****,
44,吳國昌,107年鄉(鎮、市)長選舉,首次申報,1071101,個人捐贈收入,許坤鑫,N12*******,50000.00,0.00,,金錢,彰化縣鹿港鎮****,0975*****,
45,吳國昌,107年鄉(鎮、市)長選舉,首次申報,1071101,個人捐贈收入,曾尚志,N12*******,100000.00,0.00,,金錢,南投縣埔里鎮****,0911*****,
46,吳國昌,107年鄉(鎮、市)長選舉,首次申報,1071103,個人捐贈收入,劉鎧瑞,N12*******,3600.00,0.00,,金錢,南投縣埔里鎮****,0979*****,
47,吳國昌,107年鄉(鎮、市)長選舉,首次申報,1071106,個人捐贈收入,徐泰源,,6000.00,0.00,,金錢,南投縣埔里鎮****,0928*****,
48,吳國昌,107年鄉(鎮、市)長選舉,首次申報,1071107,個人捐贈收入,游進春,M10*******,20000.00,0.00,,金錢,南投縣埔里鎮****,0921*****,
49,吳國昌,107年鄉(鎮、市)長選舉,首次申報,1071116,個人捐贈收入,潘昭明,M12*******,5000.00,0.00,,金錢,南投縣埔里鎮****,0970*****,
50,吳國昌,107年鄉(鎮、市)長選舉,首次申報,1071122,個人捐贈收入,蔡汝琮,M12*******,20000.00,0.00,,金錢,南投縣草屯鎮****,0932*****,
51,吳國昌,107年鄉(鎮、市)長選舉,首次申報,1071122,個人捐贈收入,易凡,M22*******,40000.00,0.00,,金錢,南投縣埔里鎮****,0983*****,
52,吳國昌,107年鄉(鎮、市)長選舉,首次申報,1071123,個人捐贈收入,張哲源,M12*******,100000.00,0.00,,金錢,南投縣埔里鎮****,049-*****,
53,吳國昌,107年鄉(鎮、市)長選舉,首次申報,1071221,其他收入,利息收入,,69.00,0.00,,金錢,,,
