﻿序號,擬參選人／政黨,選舉名稱,申報序號／年度,交易日期,收支科目,捐贈者／支出對象,身分證／統一編號,收入金額,支出金額,捐贈方式,存入專戶日期,返還/繳庫,支出用途,金錢類,地址,聯絡電話,應揭露之支出對象,支出對象之內部人員姓名,支出對象之內部人員職稱,政黨之內部人員姓名,政黨之內部人員職稱,關係,更正註記,資料更正日期
1,陳亭妃,113年立法委員選舉,第1次賸餘,1130227,支付當選後與其公務有關之費用,耕辛企業行,26426993,0.00,177250.00,,,,郵寄競選物品或宣傳廣告費用,金錢,臺南市永康區****,,否,,,,,,,
2,陳亭妃,113年立法委員選舉,第1次賸餘,1130229,支付當選後與其公務有關之費用,漁歌展業股份有限公司,96961862,0.00,84000.00,,,,租用廣告看板或車體廣告費用,金錢,臺北市中山區****,,否,,,,,,,
3,陳亭妃,113年立法委員選舉,第1次賸餘,1130301,支付當選後與其公務有關之費用,和運租車股份有限公司台南分公司,80542365,0.00,28540.00,,,,其他與交通旅運有關之費用,金錢,臺南市永康區****,,否,,,,,,,
4,陳亭妃,113年立法委員選舉,第1次賸餘,1130313,支付當選後與其公務有關之費用,士代傳播事業有限公司,89986656,0.00,129150.00,,,,當選後與其公務有關之費用支出,金錢,臺南市安南區****,,否,,,,,,,
5,陳亭妃,113年立法委員選舉,第1次賸餘,1130327,支付當選後與其公務有關之費用,合成廣告社,98815866,0.00,89250.00,,,,播放、傳送或刊登宣傳廣告費用,金錢,臺南市北區西****,,否,,,,,,,
6,陳亭妃,113年立法委員選舉,第1次賸餘,1130328,支付當選後與其公務有關之費用,山水開發彩色印刷有限公司,25172021,0.00,132825.00,,,,製作競選物品或宣傳廣告費用,金錢,臺南市安平區****,,否,,,,,,,
7,陳亭妃,113年立法委員選舉,第1次賸餘,1130401,支付當選後與其公務有關之費用,和運租車股份有限公司台南分公司,80542365,0.00,28540.00,,,,其他與交通旅運有關之費用,金錢,臺南市永康區****,,否,,,,,,,
8,陳亭妃,113年立法委員選舉,第1次賸餘,1130403,支付當選後與其公務有關之費用,耕辛企業行,26426993,0.00,150750.00,,,,郵寄競選物品或宣傳廣告費用,金錢,臺南市永康區****,,否,,,,,,,
9,陳亭妃,113年立法委員選舉,第1次賸餘,1130403,支付當選後與其公務有關之費用,大橡科技股份有限公司,82818310,0.00,50400.00,,,,發送電信簡訊費用,金錢,臺北市中正區****,,否,,,,,,,
10,陳亭妃,113年立法委員選舉,第1次賸餘,1130417,支付當選後與其公務有關之費用,花燈林國際有限公司,89778236,0.00,344300.00,,,,製作競選物品或宣傳廣告費用,金錢,新北市新店區****,,否,,,,,,,
11,陳亭妃,113年立法委員選舉,第1次賸餘,1130501,支付當選後與其公務有關之費用,和運租車股份有限公司台南分公司,80542365,0.00,28540.00,,,,其他與交通旅運有關之費用,金錢,臺南市永康區****,,否,,,,,,,
12,陳亭妃,113年立法委員選舉,第1次賸餘,1130502,支付當選後與其公務有關之費用,采玥企業社,85610307,0.00,53350.00,,,,製作競選物品或宣傳廣告費用,金錢,臺南市歸仁區****,,否,,,,,,,
13,陳亭妃,113年立法委員選舉,第1次賸餘,1130516,支付當選後與其公務有關之費用,炫煒數位影像科技有限公司,45891718,0.00,1050000.00,,,,租用廣告看板或車體廣告費用,金錢,臺南市永康區****,,否,,,,,,,
14,陳亭妃,113年立法委員選舉,第1次賸餘,1130526,支付當選後與其公務有關之費用,芳苑鮮花店,18284681,0.00,15000.00,,,,雜項購置或修繕費用,金錢,嘉義市西區鎮****,,否,,,,,,,
15,陳亭妃,113年立法委員選舉,第1次賸餘,1130601,支付當選後與其公務有關之費用,和運租車股份有限公司台南分公司,80542365,0.00,28540.00,,,,其他與交通旅運有關之費用,金錢,臺南市永康區****,,否,,,,,,,
16,陳亭妃,113年立法委員選舉,第1次賸餘,1130605,支付當選後與其公務有關之費用,山水開發彩色印刷有限公司,25172021,0.00,483000.00,,,,製作競選物品或宣傳廣告費用,金錢,臺南市安平區****,,否,,,,,,,
17,陳亭妃,113年立法委員選舉,第1次賸餘,1130701,支付當選後與其公務有關之費用,和運租車股份有限公司台南分公司,80542365,0.00,28540.00,,,,其他與交通旅運有關之費用,金錢,臺南市永康區****,,否,,,,,,,
18,陳亭妃,113年立法委員選舉,第1次賸餘,1130705,支付當選後與其公務有關之費用,大橡科技股份有限公司,82818310,0.00,50400.00,,,,發送電信簡訊費用,金錢,臺北市中正區****,,否,,,,,,,
19,陳亭妃,113年立法委員選舉,第1次賸餘,1130730,支付當選後與其公務有關之費用,尚品花匠坊,92347471,0.00,2000.00,,,,雜項購置或修繕費用,金錢,臺南市楠西區****,,否,,,,,,,
20,陳亭妃,113年立法委員選舉,第1次賸餘,1130801,支付當選後與其公務有關之費用,和運租車股份有限公司台南分公司,80542365,0.00,28540.00,,,,其他與交通旅運有關之費用,金錢,臺南市永康區****,,否,,,,,,,
21,陳亭妃,113年立法委員選舉,第1次賸餘,1130802,支付當選後與其公務有關之費用,山水開發彩色印刷有限公司,25172021,0.00,477120.00,,,,製作競選物品或宣傳廣告費用,金錢,臺南市安平區****,,否,,,,,,,
22,陳亭妃,113年立法委員選舉,第1次賸餘,1130816,支付當選後與其公務有關之費用,尚品花匠坊,92347471,0.00,2000.00,,,,雜項購置或修繕費用,金錢,臺南市楠西區****,,否,,,,,,,
23,陳亭妃,113年立法委員選舉,第1次賸餘,1130901,支付當選後與其公務有關之費用,和運租車股份有限公司台南分公司,80542365,0.00,28540.00,,,,其他與交通旅運有關之費用,金錢,臺南市永康區****,,否,,,,,,,
24,陳亭妃,113年立法委員選舉,第1次賸餘,1130905,支付當選後與其公務有關之費用,尚品花匠坊,92347471,0.00,500.00,,,,雜項購置或修繕費用,金錢,臺南市楠西區****,,否,,,,,,,
25,陳亭妃,113年立法委員選舉,第1次賸餘,1130916,支付當選後與其公務有關之費用,尚品花匠坊,92347471,0.00,2000.00,,,,雜項購置或修繕費用,金錢,臺南市楠西區****,,否,,,,,,,
26,陳亭妃,113年立法委員選舉,第1次賸餘,1130924,支付當選後與其公務有關之費用,中華電信股份有限公司,69109906,0.00,268833.00,,,,發送電信簡訊費用,金錢,臺南市中西區****,,否,,,,,,,
27,陳亭妃,113年立法委員選舉,第1次賸餘,1131001,支付當選後與其公務有關之費用,和運租車股份有限公司台南分公司,80542365,0.00,28540.00,,,,其他與交通旅運有關之費用,金錢,臺南市永康區****,,否,,,,,,,
28,陳亭妃,113年立法委員選舉,第1次賸餘,1131004,支付當選後與其公務有關之費用,大橡科技股份有限公司,82818310,0.00,50400.00,,,,發送電信簡訊費用,金錢,臺北市中正區****,,否,,,,,,,
29,陳亭妃,113年立法委員選舉,第1次賸餘,1131005,支付當選後與其公務有關之費用,耕辛企業行,26426993,0.00,25000.00,,,,郵寄競選物品或宣傳廣告費用,金錢,臺南市永康區****,,否,,,,,,,
30,陳亭妃,113年立法委員選舉,第1次賸餘,1131012,支付當選後與其公務有關之費用,耕辛企業行,26426993,0.00,9900.00,,,,郵寄競選物品或宣傳廣告費用,金錢,臺南市永康區****,,否,,,,,,,
31,陳亭妃,113年立法委員選舉,第1次賸餘,1131012,支付當選後與其公務有關之費用,耕辛企業行,26426993,0.00,32625.00,,,,郵寄競選物品或宣傳廣告費用,金錢,臺南市永康區****,,否,,,,,,,
32,陳亭妃,113年立法委員選舉,第1次賸餘,1131016,支付當選後與其公務有關之費用,滿滿廣告社,99281164,0.00,12000.00,,,,租用宣傳車輛費用,金錢,臺南市中西區****,,否,,,,,,,
33,陳亭妃,113年立法委員選舉,第1次賸餘,1131018,支付當選後與其公務有關之費用,耕辛企業行,26426993,0.00,19500.00,,,,郵寄競選物品或宣傳廣告費用,金錢,臺南市永康區****,,否,,,,,,,
34,陳亭妃,113年立法委員選舉,第1次賸餘,1131019,支付當選後與其公務有關之費用,耕辛企業行,26426993,0.00,35250.00,,,,郵寄競選物品或宣傳廣告費用,金錢,臺南市永康區****,,否,,,,,,,
35,陳亭妃,113年立法委員選舉,第1次賸餘,1131023,支付當選後與其公務有關之費用,耕辛企業行,26426993,0.00,14700.00,,,,郵寄競選物品或宣傳廣告費用,金錢,臺南市永康區****,,否,,,,,,,
36,陳亭妃,113年立法委員選舉,第1次賸餘,1131026,支付當選後與其公務有關之費用,耕辛企業行,26426993,0.00,13000.00,,,,郵寄競選物品或宣傳廣告費用,金錢,臺南市永康區****,,否,,,,,,,
37,陳亭妃,113年立法委員選舉,第1次賸餘,1131027,支付當選後與其公務有關之費用,耕辛企業行,26426993,0.00,33300.00,,,,郵寄競選物品或宣傳廣告費用,金錢,臺南市永康區****,,否,,,,,,,
38,陳亭妃,113年立法委員選舉,第1次賸餘,1131030,支付當選後與其公務有關之費用,炫煒數位影像科技有限公司,45891718,0.00,1365000.00,,,,租用廣告看板或車體廣告費用,金錢,臺南市永康區****,,否,,,,,,,
39,陳亭妃,113年立法委員選舉,第1次賸餘,1131101,支付當選後與其公務有關之費用,和運租車股份有限公司台南分公司,80542365,0.00,28540.00,,,,其他與交通旅運有關之費用,金錢,臺南市永康區****,,否,,,,,,,
40,陳亭妃,113年立法委員選舉,第1次賸餘,1131106,支付當選後與其公務有關之費用,耕辛企業行,26426993,0.00,9600.00,,,,郵寄競選物品或宣傳廣告費用,金錢,臺南市永康區****,,否,,,,,,,
41,陳亭妃,113年立法委員選舉,第1次賸餘,1131106,支付當選後與其公務有關之費用,滿滿廣告社,99281164,0.00,15000.00,,,,租用宣傳車輛費用,金錢,臺南市中西區****,,否,,,,,,,
42,陳亭妃,113年立法委員選舉,第1次賸餘,1131107,支付當選後與其公務有關之費用,耕辛企業行,26426993,0.00,20500.00,,,,郵寄競選物品或宣傳廣告費用,金錢,臺南市永康區****,,否,,,,,,,
43,陳亭妃,113年立法委員選舉,第1次賸餘,1131112,支付當選後與其公務有關之費用,尚品花匠坊,92347471,0.00,1000.00,,,,雜項購置或修繕費用,金錢,臺南市楠西區****,,否,,,,,,,
44,陳亭妃,113年立法委員選舉,第1次賸餘,1131116,支付當選後與其公務有關之費用,耕辛企業行,26426993,0.00,17100.00,,,,郵寄競選物品或宣傳廣告費用,金錢,臺南市永康區****,,否,,,,,,,
45,陳亭妃,113年立法委員選舉,第1次賸餘,1131117,支付當選後與其公務有關之費用,耕辛企業行,26426993,0.00,18000.00,,,,郵寄競選物品或宣傳廣告費用,金錢,臺南市永康區****,,否,,,,,,,
46,陳亭妃,113年立法委員選舉,第1次賸餘,1131121,支付當選後與其公務有關之費用,耕辛企業行,26426993,0.00,7500.00,,,,郵寄競選物品或宣傳廣告費用,金錢,臺南市永康區****,,否,,,,,,,
47,陳亭妃,113年立法委員選舉,第1次賸餘,1131122,支付當選後與其公務有關之費用,耕辛企業行,26426993,0.00,22750.00,,,,郵寄競選物品或宣傳廣告費用,金錢,臺南市永康區****,,否,,,,,,,
48,陳亭妃,113年立法委員選舉,第1次賸餘,1131122,支付當選後與其公務有關之費用,尚品花匠坊,92347471,0.00,2000.00,,,,雜項購置或修繕費用,金錢,臺南市楠西區****,,否,,,,,,,
49,陳亭妃,113年立法委員選舉,第1次賸餘,1131123,支付當選後與其公務有關之費用,耕辛企業行,26426993,0.00,6600.00,,,,郵寄競選物品或宣傳廣告費用,金錢,臺南市永康區****,,否,,,,,,,
50,陳亭妃,113年立法委員選舉,第1次賸餘,1131126,支付當選後與其公務有關之費用,耕辛企業行,26426993,0.00,14000.00,,,,郵寄競選物品或宣傳廣告費用,金錢,臺南市永康區****,,否,,,,,,,
51,陳亭妃,113年立法委員選舉,第1次賸餘,1131129,支付當選後與其公務有關之費用,尚品花匠坊,92347471,0.00,2000.00,,,,雜項購置或修繕費用,金錢,臺南市楠西區****,,否,,,,,,,
52,陳亭妃,113年立法委員選舉,第1次賸餘,1131201,支付當選後與其公務有關之費用,耕辛企業行,26426993,0.00,27900.00,,,,郵寄競選物品或宣傳廣告費用,金錢,臺南市永康區****,,否,,,,,,,
53,陳亭妃,113年立法委員選舉,第1次賸餘,1131201,支付當選後與其公務有關之費用,和運租車股份有限公司台南分公司,80542365,0.00,28540.00,,,,其他與交通旅運有關之費用,金錢,臺南市永康區****,,否,,,,,,,
54,陳亭妃,113年立法委員選舉,第1次賸餘,1131207,支付當選後與其公務有關之費用,耕辛企業行,26426993,0.00,18500.00,,,,郵寄競選物品或宣傳廣告費用,金錢,臺南市永康區****,,否,,,,,,,
55,陳亭妃,113年立法委員選舉,第1次賸餘,1131213,支付當選後與其公務有關之費用,耕辛企業行,26426993,0.00,15500.00,,,,郵寄競選物品或宣傳廣告費用,金錢,臺南市永康區****,,否,,,,,,,
56,陳亭妃,113年立法委員選舉,第1次賸餘,1131214,支付當選後與其公務有關之費用,耕辛企業行,26426993,0.00,17100.00,,,,郵寄競選物品或宣傳廣告費用,金錢,臺南市永康區****,,否,,,,,,,
57,陳亭妃,113年立法委員選舉,第1次賸餘,1131220,支付當選後與其公務有關之費用,耕辛企業行,26426993,0.00,35250.00,,,,郵寄競選物品或宣傳廣告費用,金錢,臺南市永康區****,,否,,,,,,,
58,陳亭妃,113年立法委員選舉,第1次賸餘,1131220,支付當選後與其公務有關之費用,耕辛企業行,26426993,0.00,11900.00,,,,郵寄競選物品或宣傳廣告費用,金錢,臺南市永康區****,,否,,,,,,,
59,陳亭妃,113年立法委員選舉,第1次賸餘,1131222,支付當選後與其公務有關之費用,蘭仟花業,13224854,0.00,2000.00,,,,雜項購置或修繕費用,金錢,臺南市南區大****,,否,,,,,,,
