﻿序號,擬參選人／政黨,選舉名稱,申報序號／年度,交易日期,收支科目,捐贈者／支出對象,身分證／統一編號,收入金額,支出金額,支出用途,金錢類,地址,聯絡電話,資料更正日期
1,蔡孟真,107年縣(市)議員選舉,首次申報,1070919,個人捐贈收入,李登照,P10*******,100000.00,0.00,,金錢,新北市土城區****,,
2,蔡孟真,107年縣(市)議員選舉,首次申報,1070921,匿名捐贈,匿名,,3333.00,0.00,,金錢,,,
3,蔡孟真,107年縣(市)議員選舉,首次申報,1070927,個人捐贈收入,洪凱凌,,6000.00,0.00,,金錢,,0982*****,
4,蔡孟真,107年縣(市)議員選舉,首次申報,1070928,個人捐贈收入,李登照,P10*******,100000.00,0.00,,金錢,新北市土城區****,,
5,蔡孟真,107年縣(市)議員選舉,首次申報,1071002,個人捐贈收入,涂俊皇,,5000.00,0.00,,金錢,,0934*****,
6,蔡孟真,107年縣(市)議員選舉,首次申報,1071002,個人捐贈收入,郭競澤,,6000.00,0.00,,金錢,,0920*****,
7,蔡孟真,107年縣(市)議員選舉,首次申報,1071003,個人捐贈收入,吳文旺,,6000.00,0.00,,金錢,,0928*****,
8,蔡孟真,107年縣(市)議員選舉,首次申報,1071008,個人捐贈收入,曾錦芳,,20000.00,0.00,,金錢,,0937*****,
9,蔡孟真,107年縣(市)議員選舉,首次申報,1071012,個人捐贈收入,蔡妙秋,,12000.00,0.00,,金錢,,7832*****,
10,蔡孟真,107年縣(市)議員選舉,首次申報,1071015,個人捐贈收入,許秀媖,,2600.00,0.00,,金錢,,7922*****,
11,蔡孟真,107年縣(市)議員選舉,首次申報,1071015,個人捐贈收入,蔡添相,,12000.00,0.00,,金錢,,0933*****,
12,蔡孟真,107年縣(市)議員選舉,首次申報,1071019,個人捐贈收入,馬翊齊,,2000.00,0.00,,金錢,,7894*****,
13,蔡孟真,107年縣(市)議員選舉,首次申報,1071022,個人捐贈收入,黃明藤,,30000.00,0.00,,金錢,,0937*****,
14,蔡孟真,107年縣(市)議員選舉,首次申報,1071023,匿名捐贈,匿名3,,10000.00,0.00,,金錢,,,
15,蔡孟真,107年縣(市)議員選舉,首次申報,1071023,個人捐贈收入,李明松,P12*******,100000.00,0.00,,金錢,雲林縣口湖鄉****,7854*****,
16,蔡孟真,107年縣(市)議員選舉,首次申報,1071024,個人捐贈收入,周清朝,,10000.00,0.00,,金錢,,7852*****,
17,蔡孟真,107年縣(市)議員選舉,首次申報,1071024,個人捐贈收入,李益,,20000.00,0.00,,金錢,,0928*****,
18,蔡孟真,107年縣(市)議員選舉,首次申報,1071025,個人捐贈收入,紀永派,,3600.00,0.00,,金錢,,0978*****,
19,蔡孟真,107年縣(市)議員選舉,首次申報,1071030,個人捐贈收入,蔡昆道,,20000.00,0.00,,金錢,,0939*****,
20,蔡孟真,107年縣(市)議員選舉,首次申報,1071030,個人捐贈收入,江仕用,,10000.00,0.00,,金錢,,0972*****,
21,蔡孟真,107年縣(市)議員選舉,首次申報,1071101,個人捐贈收入,廖靜怡,,10000.00,0.00,,金錢,,05-2*****,
22,蔡孟真,107年縣(市)議員選舉,首次申報,1071111,匿名捐贈,匿名1,,3000.00,0.00,,金錢,,,
23,蔡孟真,107年縣(市)議員選舉,首次申報,1071114,營利事業捐贈收入,坤雄開發有限公司,42651031,200000.00,0.00,,金錢,臺北市中山區****,,
24,蔡孟真,107年縣(市)議員選舉,首次申報,1071221,其他收入,利息收入,,83.00,0.00,,金錢,,,
