﻿序號,擬參選人／政黨,選舉名稱,申報序號／年度,交易日期,收支科目,捐贈者／支出對象,身分證／統一編號,收入金額,支出金額,捐贈方式,存入專戶日期,返還/繳庫,支出用途,金錢類,地址,聯絡電話,應揭露之支出對象,支出對象之內部人員姓名,支出對象之內部人員職稱,政黨之內部人員姓名,政黨之內部人員職稱,關係,更正註記,資料更正日期
1,蘇佐璽,111年桃園市復興區區長選舉,首次申報,1110726,個人捐贈收入,關靜如,,20000.00,0.00,現金,1110726,,,金錢,桃園市八德區****,0929*****,,,,,,,,
2,蘇佐璽,111年桃園市復興區區長選舉,首次申報,1110726,個人捐贈收入,鄭一鳴,A12*******,100000.00,0.00,票據,1110726,,,金錢,桃園市桃園區****,0989*****,,,,,,,,
3,蘇佐璽,111年桃園市復興區區長選舉,首次申報,1110726,個人捐贈收入,張秋銘,H10*******,100000.00,0.00,票據,1110726,,,金錢,桃園市桃園區****,0909*****,,,,,,,,
4,蘇佐璽,111年桃園市復興區區長選舉,首次申報,1110729,個人捐贈收入,王彰德,H12*******,50000.00,0.00,匯款,1110729,,,金錢,桃園市蘆竹區****,0933*****,,,,,,,,
5,蘇佐璽,111年桃園市復興區區長選舉,首次申報,1110729,個人捐贈收入,陳永來,H12*******,50000.00,0.00,匯款,1110729,,,金錢,桃園市桃園區****,,,,,,,,,
6,蘇佐璽,111年桃園市復興區區長選舉,首次申報,1110729,個人捐贈收入,侯博強,P12*******,50000.00,0.00,現金,1110729,,,金錢,桃園市桃園區****,,,,,,,,,
7,蘇佐璽,111年桃園市復興區區長選舉,首次申報,1110729,個人捐贈收入,李秀發,Z10*******,50000.00,0.00,匯款,1110729,,,金錢,桃園市桃園區****,0963*****,,,,,,,,
8,蘇佐璽,111年桃園市復興區區長選舉,首次申報,1110731,個人捐贈收入,賴克寬,,10000.00,0.00,現金,1110802,,,金錢,桃園市八德區****,03 3*****,,,,,,,,
9,蘇佐璽,111年桃園市復興區區長選舉,首次申報,1110731,個人捐贈收入,陳金鎮,,10000.00,0.00,現金,1110802,,,金錢,桃園市平鎮區****,(03)*****,,,,,,,,
10,蘇佐璽,111年桃園市復興區區長選舉,首次申報,1110731,個人捐贈收入,楊曙華,,3600.00,0.00,現金,1110802,,,金錢,桃園市中壢區****,(03)*****,,,,,,,,
11,蘇佐璽,111年桃園市復興區區長選舉,首次申報,1110731,個人捐贈收入,詹明峰,,2000.00,0.00,現金,1110802,,,金錢,桃園市平鎮區****,0916*****,,,,,,,,
12,蘇佐璽,111年桃園市復興區區長選舉,首次申報,1110731,個人捐贈收入,李金鴻,,20000.00,0.00,現金,1110802,,,金錢,桃園市平鎮區****,0918*****,,,,,,,,
13,蘇佐璽,111年桃園市復興區區長選舉,首次申報,1110731,個人捐贈收入,柯清貴,,10000.00,0.00,現金,1110802,,,金錢,桃園市八德區****,0931*****,,,,,,,,
14,蘇佐璽,111年桃園市復興區區長選舉,首次申報,1110731,個人捐贈收入,鄭宇志,,20000.00,0.00,現金,1110802,,,金錢,桃園市八德區****,0955*****,,,,,,,,
15,蘇佐璽,111年桃園市復興區區長選舉,首次申報,1110731,個人捐贈收入,李紘駐,,10000.00,0.00,現金,1110802,,,金錢,桃園市八德區****,0932*****,,,,,,,,
16,蘇佐璽,111年桃園市復興區區長選舉,首次申報,1110731,個人捐贈收入,邱承浩,,6000.00,0.00,現金,1110802,,,金錢,桃園市八德區****,0917*****,,,,,,,,
17,蘇佐璽,111年桃園市復興區區長選舉,首次申報,1110731,個人捐贈收入,邱顯祐,,5000.00,0.00,現金,1110802,,,金錢,桃園市八德區****,0932*****,,,,,,,,
18,蘇佐璽,111年桃園市復興區區長選舉,首次申報,1110731,個人捐贈收入,高國誌,,5000.00,0.00,現金,1110802,,,金錢,桃園市中壢區****,0932*****,,,,,,,,
19,蘇佐璽,111年桃園市復興區區長選舉,首次申報,1110731,個人捐贈收入,羅耕梧,,6000.00,0.00,現金,1110802,,,金錢,桃園市八德區****,0923*****,,,,,,,,
20,蘇佐璽,111年桃園市復興區區長選舉,首次申報,1110731,個人捐贈收入,廖仁巍,,10000.00,0.00,現金,1110802,,,金錢,桃園市桃園區****,0936*****,,,,,,,,
21,蘇佐璽,111年桃園市復興區區長選舉,首次申報,1110731,個人捐贈收入,許秀菊,,3000.00,0.00,現金,1110802,,,金錢,桃園市桃園區****,0935*****,,,,,,,,
22,蘇佐璽,111年桃園市復興區區長選舉,首次申報,1110731,個人捐贈收入,陳建廷,,10000.00,0.00,現金,1110802,,,金錢,臺北市大同區****,0922*****,,,,,,,,
23,蘇佐璽,111年桃園市復興區區長選舉,首次申報,1110731,個人捐贈收入,郭復航,,10000.00,0.00,現金,1110802,,,金錢,桃園市八德區****,0970*****,,,,,,,,
24,蘇佐璽,111年桃園市復興區區長選舉,首次申報,1110731,個人捐贈收入,劉福來,,10000.00,0.00,現金,1110802,,,金錢,桃園市八德區****,0935*****,,,,,,,,
25,蘇佐璽,111年桃園市復興區區長選舉,首次申報,1110731,個人捐贈收入,王俊傑,,6000.00,0.00,現金,1110802,,,金錢,桃園市八德區****,0932*****,,,,,,,,
26,蘇佐璽,111年桃園市復興區區長選舉,首次申報,1110731,個人捐贈收入,鍾軒禾,,10000.00,0.00,現金,1110802,,,金錢,桃園市八德區****,0920*****,,,,,,,,
27,蘇佐璽,111年桃園市復興區區長選舉,首次申報,1110731,個人捐贈收入,呂哲瑋,,1000.00,0.00,現金,1110802,,,金錢,桃園市桃園區****,0920*****,,,,,,,,
28,蘇佐璽,111年桃園市復興區區長選舉,首次申報,1110731,個人捐贈收入,黃國瑞,,6000.00,0.00,現金,1110802,,,金錢,桃園市桃園區****,0963*****,,,,,,,,
29,蘇佐璽,111年桃園市復興區區長選舉,首次申報,1110731,個人捐贈收入,李添壽,,10000.00,0.00,現金,1110802,,,金錢,桃園市龜山區****,0935*****,,,,,,,,
30,蘇佐璽,111年桃園市復興區區長選舉,首次申報,1110731,個人捐贈收入,劉宏偉,,6000.00,0.00,現金,1110802,,,金錢,桃園市桃園區****,0980*****,,,,,,,,
31,蘇佐璽,111年桃園市復興區區長選舉,首次申報,1110731,個人捐贈收入,楊青穆,,6000.00,0.00,現金,1110802,,,金錢,桃園市桃園區****,,,,,,,,,
32,蘇佐璽,111年桃園市復興區區長選舉,首次申報,1110731,個人捐贈收入,黃籌永,,10000.00,0.00,現金,1110802,,,金錢,桃園市桃園區****,0980*****,,,,,,,,
33,蘇佐璽,111年桃園市復興區區長選舉,首次申報,1110731,個人捐贈收入,梁正坤,,10000.00,0.00,現金,1110802,,,金錢,桃園市桃園區****,,,,,,,,,
34,蘇佐璽,111年桃園市復興區區長選舉,首次申報,1110731,個人捐贈收入,陳文吉,,1000.00,0.00,現金,1110802,,,金錢,桃園市桃園區****,以933*****,,,,,,,,
35,蘇佐璽,111年桃園市復興區區長選舉,首次申報,1110731,個人捐贈收入,林木益,,30000.00,0.00,現金,1110802,,,金錢,桃園市八德區****,,,,,,,,,
36,蘇佐璽,111年桃園市復興區區長選舉,首次申報,1110731,個人捐贈收入,蘇杉郎,,5000.00,0.00,現金,1110802,,,金錢,桃園市大園區****,0909*****,,,,,,,,
37,蘇佐璽,111年桃園市復興區區長選舉,首次申報,1110731,個人捐贈收入,楊昌憲,,20000.00,0.00,現金,1110802,,,金錢,桃園市桃園區****,,,,,,,,,
38,蘇佐璽,111年桃園市復興區區長選舉,首次申報,1110731,個人捐贈收入,林福建,,10000.00,0.00,現金,1110802,,,金錢,桃園市桃園區****,03-3*****,,,,,,,,
39,蘇佐璽,111年桃園市復興區區長選舉,首次申報,1110731,個人捐贈收入,董鑑興,,10000.00,0.00,現金,1110802,,,金錢,桃園市桃園區****,0932*****,,,,,,,,
40,蘇佐璽,111年桃園市復興區區長選舉,首次申報,1110731,個人捐贈收入,周佑霖,,10000.00,0.00,現金,1110802,,,金錢,桃園市八德區****,,,,,,,,,
41,蘇佐璽,111年桃園市復興區區長選舉,首次申報,1110731,個人捐贈收入,陳榮元,B12*******,100000.00,0.00,匯款,1110731,,,金錢,桃園市桃園區****,0938*****,,,,,,,,
42,蘇佐璽,111年桃園市復興區區長選舉,首次申報,1110731,個人捐贈收入,鍾禮章,H10*******,100000.00,0.00,票據,1110804,,,金錢,桃園市中壢區****,,,,,,,,,
43,蘇佐璽,111年桃園市復興區區長選舉,首次申報,1110731,個人捐贈收入,楊富貴,H12*******,3000.00,0.00,現金,1110802,,,金錢,桃園市桃園區****,0928*****,,,,,,,,
44,蘇佐璽,111年桃園市復興區區長選舉,首次申報,1110731,個人捐贈收入,陳紹華,H12*******,100000.00,0.00,現金,1110802,,,金錢,桃園市八德區****,0958*****,,,,,,,,
45,蘇佐璽,111年桃園市復興區區長選舉,首次申報,1110731,個人捐贈收入,羅惠伶,H22*******,10000.00,0.00,現金,1110802,,,金錢,桃園市桃園區****,0936*****,,,,,,,,
46,蘇佐璽,111年桃園市復興區區長選舉,首次申報,1110731,個人捐贈收入,鍾情妹,H22*******,100000.00,0.00,票據,1110804,,,金錢,臺北市信義區****,0966*****,,,,,,,,
47,蘇佐璽,111年桃園市復興區區長選舉,首次申報,1110731,個人捐贈收入,黃佩琪,H22*******,100000.00,0.00,匯款,1110731,,,金錢,桃園市桃園區****,0938*****,,,,,,,,
48,蘇佐璽,111年桃園市復興區區長選舉,首次申報,1110801,個人捐贈收入,陳清政,,5000.00,0.00,現金,1110801,,,金錢,桃園市八德區****,0935*****,,,,,,,,
49,蘇佐璽,111年桃園市復興區區長選舉,首次申報,1110802,個人捐贈收入,程靜芸,,20000.00,0.00,匯款,1110802,,,金錢,桃園市桃園區****,0939*****,,,,,,,,
50,蘇佐璽,111年桃園市復興區區長選舉,首次申報,1110810,個人捐贈收入,鄭秀葶,,10000.00,0.00,現金,1110810,,,金錢,桃園市中壢區****,,,,,,,,,
51,蘇佐璽,111年桃園市復興區區長選舉,首次申報,1110810,個人捐贈收入,金海鑫,,10000.00,0.00,現金,1110810,,,金錢,桃園市八德區****,,,,,,,,,
52,蘇佐璽,111年桃園市復興區區長選舉,首次申報,1110810,個人捐贈收入,詹前威,,3000.00,0.00,現金,1110810,,,金錢,桃園市八德區****,,,,,,,,,
53,蘇佐璽,111年桃園市復興區區長選舉,首次申報,1110824,個人捐贈收入,吳嘉隆,P12*******,100000.00,0.00,匯款,1110824,,,金錢,桃園市桃園區****,0932*****,,,,,,,,
54,蘇佐璽,111年桃園市復興區區長選舉,首次申報,1110830,個人捐贈收入,邱芳琅,,20000.00,0.00,現金,1110830,,,金錢,桃園市桃園區****,,,,,,,,,
55,蘇佐璽,111年桃園市復興區區長選舉,首次申報,1110912,個人捐贈收入,簡阿乾,,15030.00,0.00,匯款,1110912,,,金錢,桃園市復興區****,,,,,,,,,
56,蘇佐璽,111年桃園市復興區區長選舉,首次申報,1110922,政黨捐贈收入,民主進步黨,政黨證字第16號,300000.00,0.00,匯款,1110922,,,金錢,台北市北平東****,(02)*****,,,,,,,,
57,蘇佐璽,111年桃園市復興區區長選舉,首次申報,1110930,營利事業捐贈收入,東和樂器木業股份有限公司,43137441,50000.00,0.00,匯款,1110930,,,金錢,臺北市萬華區****,,,,,,,,,
58,蘇佐璽,111年桃園市復興區區長選舉,首次申報,1111004,營利事業捐贈收入,全球藥業股份有限公司,12986860,20000.00,0.00,現金,1111004,,,金錢,桃園市八德區****,,,,,,,,,
59,蘇佐璽,111年桃園市復興區區長選舉,首次申報,1111016,個人捐贈收入,陳達進,,18000.00,0.00,現金,1111017,,,金錢,桃園市中壢區****,,,,,,,,,
60,蘇佐璽,111年桃園市復興區區長選舉,首次申報,1111016,個人捐贈收入,陳泰銘,,18000.00,0.00,現金,1111017,,,金錢,桃園市中壢區****,,,,,,,,,
61,蘇佐璽,111年桃園市復興區區長選舉,首次申報,1111016,個人捐贈收入,黃麗如,,2000.00,0.00,現金,1111017,,,金錢,桃園市桃園區****,,,,,,,,,
62,蘇佐璽,111年桃園市復興區區長選舉,首次申報,1111016,個人捐贈收入,石朝捷,,5000.00,0.00,現金,1111017,,,金錢,桃園市中壢區****,,,,,,,,,
63,蘇佐璽,111年桃園市復興區區長選舉,首次申報,1111016,個人捐贈收入,陳達賢,,2000.00,0.00,現金,1111017,,,金錢,桃園市中壢區****,,,,,,,,,
64,蘇佐璽,111年桃園市復興區區長選舉,首次申報,1111016,人民團體捐贈收入,桃園市八德獅子會,,6000.00,0.00,現金,1111017,,,金錢,桃園市八德區****,3648*****,,,,,,,,
65,蘇佐璽,111年桃園市復興區區長選舉,首次申報,1111016,營利事業捐贈收入,千順度量衡有限公司,80636031,10000.00,0.00,現金,1111017,,,金錢,桃園市桃園區****,,,,,,,,,
66,蘇佐璽,111年桃園市復興區區長選舉,首次申報,1111016,個人捐贈收入,郭登興,H10*******,30000.00,0.00,現金,1111017,,,金錢,桃園市桃園區****,,,,,,,,,
67,蘇佐璽,111年桃園市復興區區長選舉,首次申報,1111018,個人捐贈收入,羅千筑,,6000.00,0.00,現金,1111018,,,金錢,桃園市桃園區****,,,,,,,,,
68,蘇佐璽,111年桃園市復興區區長選舉,首次申報,1111018,個人捐贈收入,王月娟,,17000.00,0.00,現金,1111018,,,金錢,臺北市信義區****,,,,,,,,,
69,蘇佐璽,111年桃園市復興區區長選舉,首次申報,1111024,個人捐贈收入,呂慧玲,,6000.00,0.00,現金,1111024,,,金錢,桃園市桃園區****,,,,,,,,,
70,蘇佐璽,111年桃園市復興區區長選舉,首次申報,1111031,個人捐贈收入,李菱菱,,15000.00,0.00,匯款,1111031,,,金錢,桃園市復興區****,,,,,,,,,
71,蘇佐璽,111年桃園市復興區區長選舉,首次申報,1111031,個人捐贈收入,臧家聲,,15000.00,0.00,匯款,1111031,,,金錢,桃園市復興區****,,,,,,,,,
72,蘇佐璽,111年桃園市復興區區長選舉,首次申報,1111031,個人捐贈收入,鄧文賓,,6000.00,0.00,現金,1111101,,,金錢,桃園市復興區****,,,,,,,,,
73,蘇佐璽,111年桃園市復興區區長選舉,首次申報,1111101,個人捐贈收入,林振榮,,10000.00,0.00,現金,1111101,,,金錢,桃園市復興區****,,,,,,,,,
74,蘇佐璽,111年桃園市復興區區長選舉,首次申報,1111101,個人捐贈收入,簡阿乾,,12000.00,0.00,現金,1111101,,,金錢,桃園市復興區****,,,,,,,,,
75,蘇佐璽,111年桃園市復興區區長選舉,首次申報,1111107,個人捐贈收入,游榮進,,20000.00,0.00,現金,1111107,,,金錢,桃園市復興區****,,,,,,,,,
76,蘇佐璽,111年桃園市復興區區長選舉,首次申報,1111107,個人捐贈收入,李衍聰,,1800.00,0.00,現金,1111107,,,金錢,桃園市大溪區****,,,,,,,,,
77,蘇佐璽,111年桃園市復興區區長選舉,首次申報,1111107,其他收入,利息,,797.00,0.00,現金,1111107,,,金錢,,,,,,,,,,
