﻿序號,擬參選人／政黨,選舉名稱,申報序號／年度,交易日期,收支科目,捐贈者／支出對象,身分證／統一編號,收入金額,支出金額,支出用途,金錢類,地址,聯絡電話,資料更正日期
1,陳銌銌,107年縣(市)議員選舉,首次申報,1070531,宣傳支出,正典行,45814419,0.00,5000.00,端午香包宣傳品,金錢,彰化縣彰化市****,,
2,陳銌銌,107年縣(市)議員選舉,首次申報,1070607,宣傳支出,振大商行,47535624,0.00,5000.00,宣傳廣告筆,金錢,彰化縣伸港鄉****,,
3,陳銌銌,107年縣(市)議員選舉,首次申報,1070611,宣傳支出,振大商行,47535624,0.00,5000.00,宣傳廣告筆,金錢,彰化縣伸港鄉****,,
4,陳銌銌,107年縣(市)議員選舉,首次申報,1070620,宣傳支出,振大商行,47535624,0.00,5000.00,宣傳廣告筆,金錢,彰化縣伸港鄉****,,
5,陳銌銌,107年縣(市)議員選舉,首次申報,1070625,雜支支出,中華電信股份有限公司,58800108,0.00,316.00,通信費用支出,金錢,彰化縣彰化市****,,
6,陳銌銌,107年縣(市)議員選舉,首次申報,1070629,宣傳支出,振大商行,47535624,0.00,5000.00,宣傳廣告筆,金錢,彰化縣伸港鄉****,,
7,陳銌銌,107年縣(市)議員選舉,首次申報,1070630,人事費用支出,陳夏喬,N22*******,0.00,30000.00,臨時人員工資,金錢,彰化縣彰化市****,,
8,陳銌銌,107年縣(市)議員選舉,首次申報,1070705,宣傳支出,鈞堤國際有限公司,24846247,0.00,60000.00,宣傳品膠帶組,金錢,台中市西屯區****,,
9,陳銌銌,107年縣(市)議員選舉,首次申報,1070705,宣傳支出,鈞堤國際有限公司,24846247,0.00,63750.00,宣傳品膠帶組,金錢,台中市西屯區****,,
10,陳銌銌,107年縣(市)議員選舉,首次申報,1070706,宣傳支出,鈞堤國際有限公司,24846247,0.00,63750.00,宣傳品膠帶組,金錢,台中市西屯區****,,
11,陳銌銌,107年縣(市)議員選舉,首次申報,1070708,宣傳支出,振大商行,47535624,0.00,5000.00,宣傳廣告扇,金錢,彰化縣伸港鄉****,,
12,陳銌銌,107年縣(市)議員選舉,首次申報,1070708,宣傳支出,振大商行,47535624,0.00,5000.00,宣傳廣告扇,金錢,彰化縣伸港鄉****,,
13,陳銌銌,107年縣(市)議員選舉,首次申報,1070710,宣傳支出,鈞堤國際有限公司,24846247,0.00,33600.00,宣傳品洗碗塊,金錢,台中市西屯區****,,
14,陳銌銌,107年縣(市)議員選舉,首次申報,1070710,宣傳支出,鈞堤國際有限公司,24846247,0.00,35585.00,宣傳品洗碗塊,金錢,台中市西屯區****,,
15,陳銌銌,107年縣(市)議員選舉,首次申報,1070713,宣傳支出,振大商行,47535624,0.00,5000.00,宣傳廣告筆,金錢,彰化縣伸港鄉****,,
16,陳銌銌,107年縣(市)議員選舉,首次申報,1070719,宣傳支出,振大商行,47535624,0.00,5000.00,宣傳廣告筆,金錢,彰化縣伸港鄉****,,
17,陳銌銌,107年縣(市)議員選舉,首次申報,1070725,宣傳支出,振大商行,47535624,0.00,5000.00,宣傳廣告筆,金錢,彰化縣伸港鄉****,,
18,陳銌銌,107年縣(市)議員選舉,首次申報,1070725,雜支支出,中華電信股份有限公司,58800108,0.00,499.00,通信費用支出,金錢,彰化縣彰化市****,,
19,陳銌銌,107年縣(市)議員選舉,首次申報,1070731,人事費用支出,陳夏喬,N22*******,0.00,31000.00,臨時人員工資,金錢,彰化縣彰化市****,,
20,陳銌銌,107年縣(市)議員選舉,首次申報,1070801,宣傳支出,寶島乙購貿易有限公司,84223770,0.00,200000.00,宣傳廣告扇,金錢,彰化縣彰化市****,,
21,陳銌銌,107年縣(市)議員選舉,首次申報,1070805,雜支支出,松純五金百貨行,93891180,0.00,175.00,雜支費用,金錢,彰化縣彰化市****,,
22,陳銌銌,107年縣(市)議員選舉,首次申報,1070807,宣傳支出,振大商行,47535624,0.00,5000.00,宣傳廣告扇,金錢,彰化縣伸港鄉****,,
23,陳銌銌,107年縣(市)議員選舉,首次申報,1070807,宣傳支出,振大商行,47535624,0.00,5000.00,宣傳廣告扇,金錢,彰化縣伸港鄉****,,
24,陳銌銌,107年縣(市)議員選舉,首次申報,1070807,宣傳支出,振大商行,47535624,0.00,5000.00,宣傳廣告扇,金錢,彰化縣伸港鄉****,,
25,陳銌銌,107年縣(市)議員選舉,首次申報,1070808,宣傳支出,貴筑國際有限公司,61763768,0.00,54173.00,宣傳品洗碗塊,金錢,台中市南屯區****,,
26,陳銌銌,107年縣(市)議員選舉,首次申報,1070809,宣傳支出,貴筑國際有限公司,61763768,0.00,54173.00,宣傳品洗碗塊,金錢,台中市南屯區****,,
27,陳銌銌,107年縣(市)議員選舉,首次申報,1070817,宣傳支出,振大商行,47535624,0.00,4500.00,宣傳廣告筆,金錢,彰化縣伸港鄉****,,
28,陳銌銌,107年縣(市)議員選舉,首次申報,1070818,雜支支出,大陸牛肉麵,78148752,0.00,920.00,工作人員餐費,金錢,彰化縣彰化市****,,
29,陳銌銌,107年縣(市)議員選舉,首次申報,1070819,宣傳支出,振大商行,47535624,0.00,4950.00,宣傳廣告筆,金錢,彰化縣伸港鄉****,,
30,陳銌銌,107年縣(市)議員選舉,首次申報,1070823,雜支支出,中華電信股份有限公司,58800108,0.00,499.00,通信費用支出,金錢,彰化縣彰化市****,,
31,陳銌銌,107年縣(市)議員選舉,首次申報,1070823,雜支支出,大陸牛肉麵,78148752,0.00,880.00,工作人員餐費,金錢,彰化縣彰化市****,,
32,陳銌銌,107年縣(市)議員選舉,首次申報,1070824,宣傳支出,振大商行,47535624,0.00,4950.00,宣傳廣告筆,金錢,彰化縣伸港鄉****,,
33,陳銌銌,107年縣(市)議員選舉,首次申報,1070824,雜支支出,大陸牛肉麵,78148752,0.00,1125.00,工作人員餐費,金錢,彰化縣彰化市****,,
34,陳銌銌,107年縣(市)議員選舉,首次申報,1070827,雜支支出,大陸牛肉麵,78148752,0.00,1040.00,工作人員餐費,金錢,彰化縣彰化市****,,
35,陳銌銌,107年縣(市)議員選舉,首次申報,1070828,雜支支出,大陸牛肉麵,78148752,0.00,675.00,工作人員餐費,金錢,彰化縣彰化市****,,
36,陳銌銌,107年縣(市)議員選舉,首次申報,1070829,雜支支出,大陸牛肉麵,78148752,0.00,1040.00,工作人員餐費,金錢,彰化縣彰化市****,,
37,陳銌銌,107年縣(市)議員選舉,首次申報,1070831,集會支出,儀興花環鮮花店,45736857,0.00,52000.00,總部成立大會,金錢,彰化縣秀水鄉****,,
38,陳銌銌,107年縣(市)議員選舉,首次申報,1070831,雜支支出,大陸牛肉麵,78148752,0.00,960.00,工作人員餐費,金錢,彰化縣彰化市****,,
39,陳銌銌,107年縣(市)議員選舉,首次申報,1070831,人事費用支出,陳夏喬,N22*******,0.00,31000.00,臨時人員工資,金錢,彰化縣彰化市****,,
40,陳銌銌,107年縣(市)議員選舉,首次申報,1070905,宣傳支出,振大商行,47535624,0.00,4950.00,宣傳廣告筆,金錢,彰化縣伸港鄉****,,
41,陳銌銌,107年縣(市)議員選舉,首次申報,1070905,宣傳支出,振大商行,47535624,0.00,4950.00,宣傳廣告筆,金錢,彰化縣伸港鄉****,,
42,陳銌銌,107年縣(市)議員選舉,首次申報,1070908,宣傳支出,振大商行,47535624,0.00,4950.00,宣傳廣告筆,金錢,彰化縣伸港鄉****,,
43,陳銌銌,107年縣(市)議員選舉,首次申報,1070912,宣傳支出,大千廣播電台股份有限公司,89543920,0.00,134000.00,電台宣傳廣告,金錢,台中市西區台****,,
44,陳銌銌,107年縣(市)議員選舉,首次申報,1070919,宣傳支出,振大商行,47535624,0.00,4950.00,宣傳廣告筆,金錢,彰化縣伸港鄉****,,
45,陳銌銌,107年縣(市)議員選舉,首次申報,1070923,宣傳支出,振大商行,47535624,0.00,4950.00,宣傳廣告筆,金錢,彰化縣伸港鄉****,,
46,陳銌銌,107年縣(市)議員選舉,首次申報,1070924,雜支支出,中華電信股份有限公司,58800108,0.00,499.00,通信費用支出,金錢,彰化縣彰化市****,,
47,陳銌銌,107年縣(市)議員選舉,首次申報,1070926,雜支支出,世大影印,45407551,0.00,4000.00,影印傳單,金錢,彰化縣彰化市****,,
48,陳銌銌,107年縣(市)議員選舉,首次申報,1070930,人事費用支出,陳夏喬,N22*******,0.00,30000.00,臨時人員工資,金錢,彰化縣彰化市****,,
49,陳銌銌,107年縣(市)議員選舉,首次申報,1071004,雜支支出,世大影印,45407551,0.00,9000.00,影印傳單,金錢,彰化縣彰化市****,,
50,陳銌銌,107年縣(市)議員選舉,首次申報,1071017,雜支支出,中華電信股份有限公司,58800108,0.00,499.00,通信費用支出,金錢,彰化縣彰化市****,,
51,陳銌銌,107年縣(市)議員選舉,首次申報,1071019,集會支出,儀興花環鮮花店,45736857,0.00,2500.00,集會場地布置,金錢,彰化縣秀水鄉****,,
52,陳銌銌,107年縣(市)議員選舉,首次申報,1071023,宣傳支出,世大影印,45407551,0.00,9000.00,影印傳單,金錢,彰化縣彰化市****,,
53,陳銌銌,107年縣(市)議員選舉,首次申報,1071027,雜支支出,千和文具行,77072163,0.00,182.00,雜支費用,金錢,彰化縣彰化市****,,
54,陳銌銌,107年縣(市)議員選舉,首次申報,1071031,人事費用支出,陳夏喬,N22*******,0.00,31000.00,臨時人員工資,金錢,彰化縣彰化市****,,
55,陳銌銌,107年縣(市)議員選舉,首次申報,1071108,宣傳支出,中國時報社廣告部,03798509,0.00,132000.00,宣傳夾報費用,金錢,台北市中華路****,,
56,陳銌銌,107年縣(市)議員選舉,首次申報,1071112,集會支出,宏佳無線電行,77952857,0.00,2500.00,集會無線電通訊,金錢,台中市中區中****,,
57,陳銌銌,107年縣(市)議員選舉,首次申報,1071113,宣傳支出,美大廣告,10961456,0.00,4730.00,宣傳廣告旗,金錢,彰化市彰美路****,,
58,陳銌銌,107年縣(市)議員選舉,首次申報,1071113,宣傳支出,美大廣告,10961456,0.00,4730.00,宣傳廣告旗,金錢,彰化市彰美路****,,
59,陳銌銌,107年縣(市)議員選舉,首次申報,1071113,宣傳支出,美大廣告,10961456,0.00,4730.00,宣傳廣告旗,金錢,彰化市彰美路****,,
60,陳銌銌,107年縣(市)議員選舉,首次申報,1071113,宣傳支出,美大廣告,10961456,0.00,4730.00,宣傳廣告旗,金錢,彰化市彰美路****,,
61,陳銌銌,107年縣(市)議員選舉,首次申報,1071120,雜支支出,中華電信股份有限公司,58800108,0.00,499.00,通信費用支出,金錢,彰化縣彰化市****,,
62,陳銌銌,107年縣(市)議員選舉,首次申報,1071126,宣傳支出,中國時報社廣告部,03798509,0.00,132000.00,宣傳夾報費用,金錢,台北市中華路****,,
63,陳銌銌,107年縣(市)議員選舉,首次申報,1071130,人事費用支出,陳夏喬,N22*******,0.00,24000.00,臨時人員工資,金錢,彰化縣彰化市****,,
64,陳銌銌,107年縣(市)議員選舉,首次申報,1071204,宣傳支出,德智隆實業股份有限公司,80014619,0.00,30000.00,宣傳廣告單印刷,金錢,台中市大里區****,,
65,陳銌銌,107年縣(市)議員選舉,首次申報,1071214,宣傳支出,勝合旗幟有限公司,84529575,0.00,10000.00,宣傳廣告旗,金錢,彰化縣秀水鄉****,,
66,陳銌銌,107年縣(市)議員選舉,首次申報,1071224,雜支支出,中華電信股份有限公司,58800108,0.00,499.00,通信費用支出,金錢,彰化縣彰化市****,,
