﻿序號,擬參選人／政黨,選舉名稱,申報序號／年度,交易日期,收支科目,捐贈者／支出對象,身分證／統一編號,收入金額,支出金額,支出用途,金錢類,地址,聯絡電話,資料更正日期
1,林瑞圖,107年直轄市議員選舉,首次申報,1070802,營利事業捐贈收入,北平都一處有限公司,29072066,80000.00,0.00,,金錢,仁愛路段號****,0937*****,
2,林瑞圖,107年直轄市議員選舉,首次申報,1070815,個人捐贈收入,齊茂吉,Q10*******,10000.00,0.00,,金錢,臺北市士林區****,0910*****,
3,林瑞圖,107年直轄市議員選舉,首次申報,1070827,個人捐贈收入,潘衍勳,A12*******,40000.00,0.00,,金錢,新北市中和區****,,
4,林瑞圖,107年直轄市議員選舉,首次申報,1070827,個人捐贈收入,潘姿吟,A22*******,40000.00,0.00,,金錢,臺北市士林區****,0937*****,
5,林瑞圖,107年直轄市議員選舉,首次申報,1070827,個人捐贈收入,林金源,Y10*******,100000.00,0.00,,金錢,臺北市北投區****,0935*****,
6,林瑞圖,107年直轄市議員選舉,首次申報,1070827,個人捐贈收入,林忠壽,Y10*******,15000.00,0.00,,金錢,臺北市北投區****,,
7,林瑞圖,107年直轄市議員選舉,首次申報,1070827,個人捐贈收入,林金永,Y12*******,21000.00,0.00,,金錢,臺北市北投區****,0935*****,
8,林瑞圖,107年直轄市議員選舉,首次申報,1070827,個人捐贈收入,潘俊廷,Y12*******,40000.00,0.00,,金錢,臺北市士林區****,0937*****,
9,林瑞圖,107年直轄市議員選舉,首次申報,1070827,個人捐贈收入,林秀芬,Y20*******,15000.00,0.00,,金錢,臺北市北投區****,0935*****,
10,林瑞圖,107年直轄市議員選舉,首次申報,1070908,個人捐贈收入,張陳寶珠,A20*******,10000.00,0.00,,金錢,臺北市北投區****,2892*****,
11,林瑞圖,107年直轄市議員選舉,首次申報,1070910,個人捐贈收入,林天仁,F12*******,20000.00,0.00,,金錢,臺北市文山區****,2968*****,
12,林瑞圖,107年直轄市議員選舉,首次申報,1070912,個人捐贈收入,姚明雄,Y12*******,2000.00,0.00,,金錢,臺北市士林區****,0981*****,
13,林瑞圖,107年直轄市議員選舉,首次申報,1070913,匿名捐贈,匿名,,1000.00,0.00,,金錢,,,
14,林瑞圖,107年直轄市議員選舉,首次申報,1070913,個人捐贈收入,林德勝,A12*******,10000.00,0.00,,金錢,臺北市信義區****,2720*****,
15,林瑞圖,107年直轄市議員選舉,首次申報,1070914,個人捐贈收入,卓明煌,T12*******,10000.00,0.00,,金錢,臺北市士林區****,0920*****,
16,林瑞圖,107年直轄市議員選舉,首次申報,1070914,個人捐贈收入,朱錦杏,Y22*******,100000.00,0.00,,金錢,臺北市北投區****,0958*****,
17,林瑞圖,107年直轄市議員選舉,首次申報,1070915,營利事業捐贈收入,朋馳廣告企業有限公司,80539565,100000.00,0.00,,非金錢,臺北市士林區****,2835*****,
18,林瑞圖,107年直轄市議員選舉,首次申報,1070915,個人捐贈收入,彭惠馳,A22*******,50000.00,0.00,,非金錢,臺北市士林區****,0932*****,
19,林瑞圖,107年直轄市議員選舉,首次申報,1070915,個人捐贈收入,駱仁和,E12*******,10000.00,0.00,,金錢,臺北市北投區****,0912*****,
20,林瑞圖,107年直轄市議員選舉,首次申報,1070917,匿名捐贈,匿名,,147.00,0.00,,金錢,,,
21,林瑞圖,107年直轄市議員選舉,首次申報,1070917,個人捐贈收入,陳韋達,F12*******,10000.00,0.00,,金錢,臺北市北投區****,0917*****,
22,林瑞圖,107年直轄市議員選舉,首次申報,1070917,個人捐贈收入,張柏文,R12*******,20000.00,0.00,,金錢,臺北市士林區****,0937*****,
23,林瑞圖,107年直轄市議員選舉,首次申報,1070917,個人捐贈收入,陳韻如,R22*******,1000.00,0.00,,金錢,臺北市北投區****,0958*****,
24,林瑞圖,107年直轄市議員選舉,首次申報,1070917,個人捐贈收入,鄭秀杏,T22*******,60000.00,0.00,,金錢,臺北市北投區****,0937*****,
25,林瑞圖,107年直轄市議員選舉,首次申報,1070917,個人捐贈收入,高木火,Y10*******,16000.00,0.00,,金錢,臺北市北投區****,0937*****,
26,林瑞圖,107年直轄市議員選舉,首次申報,1070918,營利事業捐贈收入,懷寧旅店,01075859,18000.00,0.00,,金錢,臺北市中正區****,2311*****,
27,林瑞圖,107年直轄市議員選舉,首次申報,1070918,個人捐贈收入,郭清和,A10*******,8000.00,0.00,,金錢,臺北市士林區****,0922*****,
28,林瑞圖,107年直轄市議員選舉,首次申報,1070918,個人捐贈收入,張瑞蓮,L22*******,100000.00,0.00,,金錢,臺中市西屯區****,0932*****,
29,林瑞圖,107年直轄市議員選舉,首次申報,1070918,個人捐贈收入,張迺良,Y10*******,10000.00,0.00,,金錢,臺北市士林區****,2351*****,
30,林瑞圖,107年直轄市議員選舉,首次申報,1070918,個人捐贈收入,盧俊成,Y12*******,5000.00,0.00,,金錢,臺北市北投區****,0936*****,
31,林瑞圖,107年直轄市議員選舉,首次申報,1070919,個人捐贈收入,呂正彥,,10000.00,0.00,,金錢,新北市新店區****,0935*****,
32,林瑞圖,107年直轄市議員選舉,首次申報,1070919,匿名捐贈,蘇程珠,,1000.00,0.00,,金錢,,,
33,林瑞圖,107年直轄市議員選舉,首次申報,1070919,個人捐贈收入,林淵池,A10*******,100000.00,0.00,,金錢,臺北市北投區****,0226*****,
34,林瑞圖,107年直轄市議員選舉,首次申報,1070920,營利事業捐贈收入,雨揚科技股份有限公司,12663171,200000.00,0.00,,金錢,臺北市大安區****,8161*****,
35,林瑞圖,107年直轄市議員選舉,首次申報,1070920,營利事業捐贈收入,陳同實業股份有限公司,89475253,200000.00,0.00,,金錢,臺北市松山區****,2747*****,
36,林瑞圖,107年直轄市議員選舉,首次申報,1070920,個人捐贈收入,翁頂峰,A12*******,50000.00,0.00,,金錢,新北市淡水區****,2620*****,
37,林瑞圖,107年直轄市議員選舉,首次申報,1070920,個人捐贈收入,吳為國,A12*******,20000.00,0.00,,金錢,臺北市內湖區****,2795*****,
38,林瑞圖,107年直轄市議員選舉,首次申報,1070920,個人捐贈收入,郭祐麟,G12*******,100000.00,0.00,,金錢,臺北市大同區****,0935*****,
39,林瑞圖,107年直轄市議員選舉,首次申報,1070920,個人捐贈收入,林麗萍,G22*******,100000.00,0.00,,金錢,臺北市大同區****,0958*****,
40,林瑞圖,107年直轄市議員選舉,首次申報,1070920,個人捐贈收入,賴同祥,M10*******,32000.00,0.00,,金錢,臺北市北投區****,0939*****,
41,林瑞圖,107年直轄市議員選舉,首次申報,1070920,個人捐贈收入,呂大吉,Q12*******,100000.00,0.00,,金錢,臺北市大安區****,0928*****,
42,林瑞圖,107年直轄市議員選舉,首次申報,1070920,個人捐贈收入,何永山,Y10*******,50000.00,0.00,,金錢,臺北市北投區****,0910*****,
43,林瑞圖,107年直轄市議員選舉,首次申報,1070921,營利事業捐贈收入,威靈頓山莊管理委員會,42387878,100000.00,0.00,,金錢,崇仰一路號****,2892*****,
44,林瑞圖,107年直轄市議員選舉,首次申報,1070921,個人捐贈收入,毛修羽,A12*******,10000.00,0.00,,金錢,臺北市士林區****,0918*****,
45,林瑞圖,107年直轄市議員選舉,首次申報,1070921,個人捐贈收入,隆蕙芬,A22*******,10000.00,0.00,,金錢,臺北市士林區****,0918*****,
46,林瑞圖,107年直轄市議員選舉,首次申報,1070921,個人捐贈收入,陳素秋,L20*******,10000.00,0.00,,金錢,臺北市士林區****,2833*****,
47,林瑞圖,107年直轄市議員選舉,首次申報,1070921,個人捐贈收入,蔡翠蓮,P20*******,2000.00,0.00,,金錢,臺北市北投區****,0921*****,
48,林瑞圖,107年直轄市議員選舉,首次申報,1070925,個人捐贈收入,周敏華,A12*******,20000.00,0.00,,金錢,臺北市北投區****,0937*****,
49,林瑞圖,107年直轄市議員選舉,首次申報,1070925,個人捐贈收入,周哲宇,B12*******,20000.00,0.00,,金錢,臺北市信義區****,0921*****,
50,林瑞圖,107年直轄市議員選舉,首次申報,1070925,個人捐贈收入,張聰吉,F10*******,30000.00,0.00,,金錢,新北市淡水區****,0931*****,
51,林瑞圖,107年直轄市議員選舉,首次申報,1070925,個人捐贈收入,謝少雄,F12*******,10000.00,0.00,,金錢,臺北市北投區****,0932*****,
52,林瑞圖,107年直轄市議員選舉,首次申報,1070925,個人捐贈收入,王厚中,R12*******,10000.00,0.00,,金錢,臺北市北投區****,0975*****,
53,林瑞圖,107年直轄市議員選舉,首次申報,1070925,個人捐贈收入,甘德雲,T22*******,2000.00,0.00,,金錢,臺北市士林區****,0926*****,
54,林瑞圖,107年直轄市議員選舉,首次申報,1070926,營利事業捐贈收入,力群造園有限公司,31337009,30000.00,0.00,,金錢,臺北市北投區****,2891*****,
55,林瑞圖,107年直轄市議員選舉,首次申報,1070926,個人捐贈收入,王麗娜,L20*******,100000.00,0.00,,金錢,臺北市北投區****,0226*****,
56,林瑞圖,107年直轄市議員選舉,首次申報,1070927,個人捐贈收入,張森垚,,3000.00,0.00,,金錢,臺北市北投區****,0916*****,
57,林瑞圖,107年直轄市議員選舉,首次申報,1070927,營利事業捐贈收入,友盛不動產有限公司,28857434,100000.00,0.00,,金錢,臺北市內湖區****,2861*****,
58,林瑞圖,107年直轄市議員選舉,首次申報,1070927,個人捐贈收入,崔雲清,F10*******,5000.00,0.00,,金錢,新北市樹林區****,8970*****,
59,林瑞圖,107年直轄市議員選舉,首次申報,1070927,個人捐贈收入,林育弘,F12*******,10000.00,0.00,,金錢,臺北市北投區****,0958*****,
60,林瑞圖,107年直轄市議員選舉,首次申報,1070928,營利事業捐贈收入,宇垣開發有限公司,24337927,20000.00,0.00,,金錢,臺北市大安區****,0927*****,
61,林瑞圖,107年直轄市議員選舉,首次申報,1070928,個人捐贈收入,吳勝宏,F13*******,2000.00,0.00,,金錢,臺北市士林區****,0926*****,
62,林瑞圖,107年直轄市議員選舉,首次申報,1070928,個人捐贈收入,許秀玲,F22*******,3000.00,0.00,,金錢,新北市萬里區****,02-2*****,
63,林瑞圖,107年直轄市議員選舉,首次申報,1070928,個人捐贈收入,盧淑雯,F22*******,3000.00,0.00,,金錢,新北市淡水區****,0913*****,
64,林瑞圖,107年直轄市議員選舉,首次申報,1070928,個人捐贈收入,藍錫田,G12*******,3000.00,0.00,,金錢,宜蘭縣壯圍鄉****,0933*****,
65,林瑞圖,107年直轄市議員選舉,首次申報,1070928,個人捐贈收入,楊麗雪,H22*******,3000.00,0.00,,金錢,新北市永和區****,0958*****,
66,林瑞圖,107年直轄市議員選舉,首次申報,1070928,個人捐贈收入,林瑞祥,L10*******,3000.00,0.00,,金錢,新北市八里區****,0955*****,
67,林瑞圖,107年直轄市議員選舉,首次申報,1070928,個人捐贈收入,劉溪雄,N12*******,20000.00,0.00,,金錢,臺北市大同區****,,
68,林瑞圖,107年直轄市議員選舉,首次申報,1070928,個人捐贈收入,劉正庫,N12*******,10000.00,0.00,,金錢,臺北市北投區****,0931*****,
69,林瑞圖,107年直轄市議員選舉,首次申報,1070928,個人捐贈收入,許麗香,P22*******,3000.00,0.00,,金錢,臺北市北投區****,0228*****,
70,林瑞圖,107年直轄市議員選舉,首次申報,1070928,個人捐贈收入,王茂松,Y10*******,20000.00,0.00,,金錢,臺北市北投區****,0937*****,
71,林瑞圖,107年直轄市議員選舉,首次申報,1070930,匿名捐贈,匿名,,10000.00,0.00,,金錢,,,
72,林瑞圖,107年直轄市議員選舉,首次申報,1071001,匿名捐贈,鄭如娟中和街4,,6000.00,0.00,,金錢,,,
73,林瑞圖,107年直轄市議員選舉,首次申報,1071001,個人捐贈收入,楊惟仁,A12*******,100000.00,0.00,,金錢,臺北市中正區****,0958*****,
74,林瑞圖,107年直轄市議員選舉,首次申報,1071001,個人捐贈收入,陳明達,A12*******,5000.00,0.00,,金錢,臺北市士林區****,0933*****,
75,林瑞圖,107年直轄市議員選舉,首次申報,1071001,個人捐贈收入,阮薺萱,A22*******,8000.00,0.00,,金錢,臺北市北投區****,0920*****,
76,林瑞圖,107年直轄市議員選舉,首次申報,1071001,個人捐贈收入,姚秀燕,C20*******,20000.00,0.00,,金錢,臺北市士林區****,2834*****,
77,林瑞圖,107年直轄市議員選舉,首次申報,1071001,個人捐贈收入,楊振豐,P10*******,100000.00,0.00,,金錢,臺中市衛道三****,2712*****,
78,林瑞圖,107年直轄市議員選舉,首次申報,1071002,個人捐贈收入,李幸,,3000.00,0.00,,金錢,臺北市北投區****,0972*****,
79,林瑞圖,107年直轄市議員選舉,首次申報,1071002,營利事業捐贈收入,桔儷安有限公司,54665242,20000.00,0.00,,金錢,臺北市忠孝東****,0919*****,
80,林瑞圖,107年直轄市議員選舉,首次申報,1071002,個人捐贈收入,杜炳南,A10*******,6000.00,0.00,,金錢,臺北市北投區****,2894*****,
81,林瑞圖,107年直轄市議員選舉,首次申報,1071002,個人捐贈收入,王鼎濡,A12*******,10000.00,0.00,,金錢,臺北市內湖區****,0988*****,
82,林瑞圖,107年直轄市議員選舉,首次申報,1071002,個人捐贈收入,高淑真,A20*******,10000.00,0.00,,金錢,臺北市士林區****,2831*****,
83,林瑞圖,107年直轄市議員選舉,首次申報,1071002,個人捐贈收入,郭柏賢,F12*******,10000.00,0.00,,金錢,新北市淡水區****,0937*****,
84,林瑞圖,107年直轄市議員選舉,首次申報,1071002,個人捐贈收入,黃美華,F20*******,3000.00,0.00,,金錢,臺北市士林區****,0905*****,
85,林瑞圖,107年直轄市議員選舉,首次申報,1071002,個人捐贈收入,石瑞昭,F29*******,20000.00,0.00,,金錢,臺北市松山區****,0939*****,
86,林瑞圖,107年直轄市議員選舉,首次申報,1071002,個人捐贈收入,謝新啟,H12*******,5000.00,0.00,,金錢,臺北市士林區****,0939*****,
87,林瑞圖,107年直轄市議員選舉,首次申報,1071002,個人捐贈收入,羅祥妤,J22*******,2000.00,0.00,,金錢,臺北市北投區****,0916*****,
88,林瑞圖,107年直轄市議員選舉,首次申報,1071002,個人捐贈收入,林榮英,K20*******,5000.00,0.00,,金錢,臺北市北投區****,0988*****,
89,林瑞圖,107年直轄市議員選舉,首次申報,1071002,個人捐贈收入,廖素滿,P22*******,6000.00,0.00,,金錢,臺北市大安區****,0920*****,
90,林瑞圖,107年直轄市議員選舉,首次申報,1071002,個人捐贈收入,蕭錦戎,T22*******,20000.00,0.00,,金錢,臺北市大安區****,0955*****,
91,林瑞圖,107年直轄市議員選舉,首次申報,1071002,個人捐贈收入,陳榮,Y12*******,100000.00,0.00,,金錢,臺北市北投區****,0989*****,
92,林瑞圖,107年直轄市議員選舉,首次申報,1071002,個人捐贈收入,吳正中,Y12*******,30000.00,0.00,,金錢,臺北市士林區****,0933*****,
93,林瑞圖,107年直轄市議員選舉,首次申報,1071002,個人捐贈收入,柯仁賢,Y12*******,3000.00,0.00,,金錢,臺北市北投區****,0910*****,
94,林瑞圖,107年直轄市議員選舉,首次申報,1071002,個人捐贈收入,梁洪美連,Y20*******,6000.00,0.00,,金錢,臺北市北投區****,0953*****,
95,林瑞圖,107年直轄市議員選舉,首次申報,1071002,個人捐贈收入,郭寶連,Y20*******,10000.00,0.00,,金錢,臺北市士林區****,2836*****,
96,林瑞圖,107年直轄市議員選舉,首次申報,1071003,營利事業捐贈收入,日光營造股份有限公司,22879495,98000.00,0.00,,金錢,臺北市中山區****,0937*****,
97,林瑞圖,107年直轄市議員選舉,首次申報,1071003,營利事業捐贈收入,亞東營造股份有限公司,25138376,98000.00,0.00,,金錢,臺北市中山區****,0937*****,
98,林瑞圖,107年直轄市議員選舉,首次申報,1071003,營利事業捐贈收入,私立杏和康復之家,81599631,5000.00,0.00,,金錢,臺北市北投區****,0936*****,
99,林瑞圖,107年直轄市議員選舉,首次申報,1071003,個人捐贈收入,曾祥賓,A12*******,5000.00,0.00,,金錢,臺北市北投區****,2891*****,
100,林瑞圖,107年直轄市議員選舉,首次申報,1071003,個人捐贈收入,張大衛,A12*******,100000.00,0.00,,金錢,臺北市北投區****,0926*****,
101,林瑞圖,107年直轄市議員選舉,首次申報,1071003,個人捐贈收入,周啟超,A12*******,3000.00,0.00,,金錢,臺北市士林區****,0916*****,
102,林瑞圖,107年直轄市議員選舉,首次申報,1071003,個人捐贈收入,王正毅,B12*******,50000.00,0.00,,金錢,臺北市內湖區****,0936*****,
103,林瑞圖,107年直轄市議員選舉,首次申報,1071003,個人捐贈收入,張秋雄,C10*******,30000.00,0.00,,金錢,臺北市士林區****,0912*****,
104,林瑞圖,107年直轄市議員選舉,首次申報,1071003,個人捐贈收入,呂建蓉,F22*******,10000.00,0.00,,金錢,臺北市北投區****,0920*****,
105,林瑞圖,107年直轄市議員選舉,首次申報,1071003,個人捐贈收入,呂淑美,G22*******,100000.00,0.00,,金錢,宜蘭縣蘇澳鎮****,0926*****,
106,林瑞圖,107年直轄市議員選舉,首次申報,1071003,個人捐贈收入,劉明德,K12*******,10000.00,0.00,,金錢,臺北市北投區****,0920*****,
107,林瑞圖,107年直轄市議員選舉,首次申報,1071003,個人捐贈收入,王智耀,U12*******,10000.00,0.00,,金錢,臺北市士林區****,8780*****,
108,林瑞圖,107年直轄市議員選舉,首次申報,1071003,個人捐贈收入,何新發,Y10*******,100000.00,0.00,,金錢,臺北市北投區****,0936*****,
109,林瑞圖,107年直轄市議員選舉,首次申報,1071003,個人捐贈收入,陳盈助,Y12*******,10000.00,0.00,,金錢,臺北市北投區****,0936*****,
110,林瑞圖,107年直轄市議員選舉,首次申報,1071003,個人捐贈收入,何欣穎,Y12*******,25000.00,0.00,,金錢,臺北市士林區****,0928*****,
111,林瑞圖,107年直轄市議員選舉,首次申報,1071003,個人捐贈收入,何欣憲,Y12*******,25000.00,0.00,,金錢,臺北市士林區****,0928*****,
112,林瑞圖,107年直轄市議員選舉,首次申報,1071003,個人捐贈收入,何欣俞,Y12*******,25000.00,0.00,,金錢,臺北市士林區****,0928*****,
113,林瑞圖,107年直轄市議員選舉,首次申報,1071003,個人捐贈收入,何賴貴英,Y20*******,25000.00,0.00,,金錢,臺北市士林區****,0928*****,
114,林瑞圖,107年直轄市議員選舉,首次申報,1071004,營利事業捐贈收入,水美開發實業股份有限公司,23052232,50000.00,0.00,,金錢,南京東路段號****,0939*****,
115,林瑞圖,107年直轄市議員選舉,首次申報,1071004,營利事業捐贈收入,春輝營造股份有限公司,30970643,80000.00,0.00,,金錢,臺北市中山區****,0939*****,
116,林瑞圖,107年直轄市議員選舉,首次申報,1071004,營利事業捐贈收入,維陽建設股份有限公司,86155523,70000.00,0.00,,金錢,臺北市中山區****,,
117,林瑞圖,107年直轄市議員選舉,首次申報,1071004,個人捐贈收入,黃東和,G12*******,5000.00,0.00,,金錢,臺北市北投區****,0912*****,
118,林瑞圖,107年直轄市議員選舉,首次申報,1071004,個人捐贈收入,陳曉婷,M22*******,100000.00,0.00,,金錢,臺北市士林區****,0920*****,
119,林瑞圖,107年直轄市議員選舉,首次申報,1071004,個人捐贈收入,謝丁旺,Y10*******,10000.00,0.00,,金錢,臺北市士林區****,0919*****,
120,林瑞圖,107年直轄市議員選舉,首次申報,1071004,個人捐贈收入,林國興,Y12*******,6000.00,0.00,,金錢,臺北市北投區****,0932*****,
121,林瑞圖,107年直轄市議員選舉,首次申報,1071005,營利事業捐贈收入,僑大家具股份有限公司,29768608,200000.00,0.00,,金錢,德行西路之號****,2831*****,
122,林瑞圖,107年直轄市議員選舉,首次申報,1071005,營利事業捐贈收入,僑興股份有限公司,84163203,200000.00,0.00,,金錢,臺北市士林區****,2831*****,
123,林瑞圖,107年直轄市議員選舉,首次申報,1071005,個人捐贈收入,蔣富雄,A10*******,10000.00,0.00,,金錢,臺北市士林區****,2834*****,
124,林瑞圖,107年直轄市議員選舉,首次申報,1071005,個人捐贈收入,張國棟,F12*******,100000.00,0.00,,金錢,臺北市士林區****,0937*****,
125,林瑞圖,107年直轄市議員選舉,首次申報,1071005,個人捐贈收入,張參雄,Y10*******,100000.00,0.00,,金錢,臺北市北投區****,2892*****,
126,林瑞圖,107年直轄市議員選舉,首次申報,1071008,個人捐贈收入,王蕙儀,A22*******,20000.00,0.00,,金錢,臺北市北投區****,0978*****,
127,林瑞圖,107年直轄市議員選舉,首次申報,1071008,個人捐贈收入,吳志雄,Y12*******,50000.00,0.00,,金錢,臺北市士林區****,0937*****,
128,林瑞圖,107年直轄市議員選舉,首次申報,1071009,個人捐贈收入,張維晏,A22*******,60000.00,0.00,,金錢,臺北市士林區****,0988*****,
129,林瑞圖,107年直轄市議員選舉,首次申報,1071009,個人捐贈收入,蘇明聖,D10*******,20000.00,0.00,,金錢,臺北市士林區****,0919*****,
130,林瑞圖,107年直轄市議員選舉,首次申報,1071009,個人捐贈收入,黃春長,Y10*******,10000.00,0.00,,金錢,臺北市北投區****,0912*****,
131,林瑞圖,107年直轄市議員選舉,首次申報,1071009,個人捐贈收入,陳美仲,Y22*******,60000.00,0.00,,金錢,臺北市北投區****,0937*****,
132,林瑞圖,107年直轄市議員選舉,首次申報,1071011,個人捐贈收入,賴惜,,2000.00,0.00,,金錢,臺北市士林區****,0928*****,
133,林瑞圖,107年直轄市議員選舉,首次申報,1071011,個人捐贈收入,陳宇暄,C12*******,28000.00,0.00,,非金錢,臺北市內湖區****,,
134,林瑞圖,107年直轄市議員選舉,首次申報,1071011,個人捐贈收入,陳媦娟,Q22*******,10000.00,0.00,,金錢,臺北市中山區****,0938*****,
135,林瑞圖,107年直轄市議員選舉,首次申報,1071012,個人捐贈收入,單聯璜,A10*******,100000.00,0.00,,金錢,臺北市信義區****,2703*****,
136,林瑞圖,107年直轄市議員選舉,首次申報,1071012,個人捐贈收入,劉俊廷,A10*******,100000.00,0.00,,金錢,臺北市南港區****,2703*****,
137,林瑞圖,107年直轄市議員選舉,首次申報,1071012,個人捐贈收入,高南華,F10*******,100000.00,0.00,,金錢,臺北市中山區****,2703*****,
138,林瑞圖,107年直轄市議員選舉,首次申報,1071015,個人捐贈收入,阮芊樺,,1000.00,0.00,,金錢,臺中市西屯區****,0918*****,
139,林瑞圖,107年直轄市議員選舉,首次申報,1071015,營利事業捐贈收入,禾聯股份有限公司,16597791,200000.00,0.00,,金錢,桃園市龜山區****,0339*****,
140,林瑞圖,107年直轄市議員選舉,首次申報,1071015,個人捐贈收入,高一華,A20*******,60000.00,0.00,,金錢,臺北市北投區****,0937*****,
141,林瑞圖,107年直轄市議員選舉,首次申報,1071015,個人捐贈收入,林益謙,M10*******,10000.00,0.00,,金錢,臺北市士林區****,0937*****,
142,林瑞圖,107年直轄市議員選舉,首次申報,1071015,個人捐贈收入,郭信德,T12*******,30000.00,0.00,,金錢,臺北市北投區****,0911*****,
143,林瑞圖,107年直轄市議員選舉,首次申報,1071016,營利事業捐贈收入,大洋僑果股份有限公司,11042105,600000.00,0.00,,金錢,臺北市中山區****,,
144,林瑞圖,107年直轄市議員選舉,首次申報,1071016,營利事業捐贈收入,勝堡村營造工程股份有限公司,38422732,100000.00,0.00,,金錢,臺北市北投區****,2826*****,
145,林瑞圖,107年直轄市議員選舉,首次申報,1071016,個人捐贈收入,李昇達,F12*******,10000.00,0.00,,金錢,新北市蘆洲區****,0920*****,
146,林瑞圖,107年直轄市議員選舉,首次申報,1071016,個人捐贈收入,陳嘉文,N12*******,5000.00,0.00,,金錢,臺北市北投區****,0932*****,
147,林瑞圖,107年直轄市議員選舉,首次申報,1071017,營利事業捐贈收入,豐納實業股份有限公司,89938796,100000.00,0.00,,金錢,臺北市中山區****,2536*****,
148,林瑞圖,107年直轄市議員選舉,首次申報,1071017,個人捐贈收入,陳啟傑,F12*******,10000.00,0.00,,金錢,臺北市士林區****,2883*****,
149,林瑞圖,107年直轄市議員選舉,首次申報,1071017,個人捐贈收入,張漢和,K12*******,100000.00,0.00,,金錢,臺北市內湖區****,0930*****,
150,林瑞圖,107年直轄市議員選舉,首次申報,1071018,個人捐贈收入,盧秀婷,A22*******,20000.00,0.00,,金錢,臺北市大安區****,0932*****,
151,林瑞圖,107年直轄市議員選舉,首次申報,1071022,營利事業捐贈收入,中英室內裝修有限公司,80172519,300000.00,0.00,,金錢,臺北市內湖區****,2736*****,
152,林瑞圖,107年直轄市議員選舉,首次申報,1071022,個人捐贈收入,徐裕鈞,A12*******,100000.00,0.00,,金錢,臺北市信義區****,,
153,林瑞圖,107年直轄市議員選舉,首次申報,1071022,個人捐贈收入,謝玉莉,A22*******,100000.00,0.00,,金錢,臺北市信義區****,,
154,林瑞圖,107年直轄市議員選舉,首次申報,1071022,個人捐贈收入,呂宜芳,A22*******,100000.00,0.00,,金錢,臺北市內湖區****,,
155,林瑞圖,107年直轄市議員選舉,首次申報,1071022,個人捐贈收入,許耀仁,D12*******,20000.00,0.00,,金錢,臺北市士林區****,0926*****,
156,林瑞圖,107年直轄市議員選舉,首次申報,1071022,個人捐贈收入,陳當和,F12*******,30000.00,0.00,,金錢,臺北市士林區****,0910*****,
157,林瑞圖,107年直轄市議員選舉,首次申報,1071022,個人捐贈收入,陳怡君,F22*******,60000.00,0.00,,金錢,新北市中和區****,,
158,林瑞圖,107年直轄市議員選舉,首次申報,1071022,個人捐贈收入,黃宜寧,G22*******,10000.00,0.00,,金錢,宜蘭縣三星鄉****,0928*****,
159,林瑞圖,107年直轄市議員選舉,首次申報,1071022,個人捐贈收入,秦傳芳,N12*******,5000.00,0.00,,金錢,桃園市蘆竹區****,0937*****,
160,林瑞圖,107年直轄市議員選舉,首次申報,1071022,個人捐贈收入,龔翠萍,P22*******,100000.00,0.00,,金錢,臺北市松山區****,,
161,林瑞圖,107年直轄市議員選舉,首次申報,1071022,個人捐贈收入,徐嘉村,Q10*******,100000.00,0.00,,金錢,臺北市信義區****,,
162,林瑞圖,107年直轄市議員選舉,首次申報,1071022,個人捐贈收入,徐嘉森,Q12*******,100000.00,0.00,,金錢,臺北市信義區****,,
163,林瑞圖,107年直轄市議員選舉,首次申報,1071022,個人捐贈收入,邱德旺,Y10*******,100000.00,0.00,,金錢,臺北市士林區****,2831*****,
164,林瑞圖,107年直轄市議員選舉,首次申報,1071022,個人捐贈收入,賴騰和,Y10*******,100000.00,0.00,,金錢,臺北市北投區****,0987*****,
165,林瑞圖,107年直轄市議員選舉,首次申報,1071022,個人捐贈收入,張卓立,Y12*******,5000.00,0.00,,金錢,臺北市松山區****,0928*****,
166,林瑞圖,107年直轄市議員選舉,首次申報,1071023,營利事業捐贈收入,永弘汽車保養廠,48952935,3000.00,0.00,,金錢,臺北市北投區****,2858*****,
167,林瑞圖,107年直轄市議員選舉,首次申報,1071023,營利事業捐贈收入,長佳機電工程股份有限公司,84271478,360000.00,0.00,,金錢,臺北市內湖區****,2655*****,
168,林瑞圖,107年直轄市議員選舉,首次申報,1071023,個人捐贈收入,林宗億,M12*******,30000.00,0.00,,金錢,臺北市北投區****,0919*****,
169,林瑞圖,107年直轄市議員選舉,首次申報,1071025,個人捐贈收入,林陳碧霞,A20*******,2000.00,0.00,,金錢,臺北市士林區****,0921*****,
170,林瑞圖,107年直轄市議員選舉,首次申報,1071025,個人捐贈收入,蔡瑞華,D10*******,100000.00,0.00,,金錢,臺北市士林區****,2886*****,
171,林瑞圖,107年直轄市議員選舉,首次申報,1071029,營利事業捐贈收入,龍都餐廳股份有限公司,12463693,30000.00,0.00,,金錢,臺北市中山區****,2563*****,
172,林瑞圖,107年直轄市議員選舉,首次申報,1071029,營利事業捐贈收入,新秀建設股份有限公司,16600825,100000.00,0.00,,金錢,臺北市松山區****,0927*****,
173,林瑞圖,107年直轄市議員選舉,首次申報,1071029,個人捐贈收入,李莉美,A22*******,10000.00,0.00,,金錢,臺北市北投區****,0918*****,
174,林瑞圖,107年直轄市議員選舉,首次申報,1071030,匿名捐贈,潘斌斌,,660.00,0.00,,金錢,,,
175,林瑞圖,107年直轄市議員選舉,首次申報,1071030,個人捐贈收入,詹惠珍,U22*******,6000.00,0.00,,金錢,臺北市士林區****,0975*****,
176,林瑞圖,107年直轄市議員選舉,首次申報,1071031,個人捐贈收入,陳澄仁,,10000.00,0.00,,金錢,新北市永和區****,2928*****,
177,林瑞圖,107年直轄市議員選舉,首次申報,1071031,營利事業捐贈收入,聖泰橡膠有限公司,23294999,450000.00,0.00,,非金錢,桃園市龜山區****,0932*****,
178,林瑞圖,107年直轄市議員選舉,首次申報,1071031,營利事業捐贈收入,可妙國際行銷有限公司,42864132,100500.00,0.00,,非金錢,臺北市中山區****,0932*****,
179,林瑞圖,107年直轄市議員選舉,首次申報,1071031,個人捐贈收入,許清恭,A12*******,16000.00,0.00,,金錢,臺北市萬華區****,0932*****,
180,林瑞圖,107年直轄市議員選舉,首次申報,1071031,個人捐贈收入,陳建銘,A12*******,100000.00,0.00,,金錢,臺北市中山區****,2341*****,
181,林瑞圖,107年直轄市議員選舉,首次申報,1071031,個人捐贈收入,陳威廷,A12*******,99990.00,0.00,,非金錢,臺北市士林區****,0932*****,
182,林瑞圖,107年直轄市議員選舉,首次申報,1071031,個人捐贈收入,陳怡妏,A22*******,99990.00,0.00,,非金錢,桃園市蘆竹區****,0932*****,
183,林瑞圖,107年直轄市議員選舉,首次申報,1071031,個人捐贈收入,陳怡蒨,A22*******,99990.00,0.00,,非金錢,臺北市士林區****,0932*****,
184,林瑞圖,107年直轄市議員選舉,首次申報,1071031,個人捐贈收入,陳姵陵,A22*******,99990.00,0.00,,非金錢,臺北市中山區****,0932*****,
185,林瑞圖,107年直轄市議員選舉,首次申報,1071031,個人捐贈收入,黃敏媗,A29*******,50000.00,0.00,,金錢,臺北市北投區****,0958*****,
186,林瑞圖,107年直轄市議員選舉,首次申報,1071031,個人捐贈收入,黃定祥,F12*******,32000.00,0.00,,金錢,臺北市萬華區****,0985*****,
187,林瑞圖,107年直轄市議員選舉,首次申報,1071031,個人捐贈收入,張正文,F12*******,20000.00,0.00,,金錢,臺北市萬華區****,0931*****,
188,林瑞圖,107年直轄市議員選舉,首次申報,1071031,個人捐贈收入,陳文裕,Y10*******,99990.00,0.00,,非金錢,臺北市士林區****,0932*****,
189,林瑞圖,107年直轄市議員選舉,首次申報,1071031,個人捐贈收入,許芠溍,Y12*******,32000.00,0.00,,金錢,臺北市北投區****,0928*****,
190,林瑞圖,107年直轄市議員選舉,首次申報,1071102,營利事業捐贈收入,興陽投資股份有限公司,96926177,300000.00,0.00,,金錢,臺北市大安區****,2777*****,
191,林瑞圖,107年直轄市議員選舉,首次申報,1071102,個人捐贈收入,麥修瑋,A12*******,100000.00,0.00,,金錢,臺北市士林區****,2777*****,
192,林瑞圖,107年直轄市議員選舉,首次申報,1071102,個人捐贈收入,李少芬,A22*******,100000.00,0.00,,金錢,臺北市士林區****,2777*****,
193,林瑞圖,107年直轄市議員選舉,首次申報,1071102,個人捐贈收入,陳茂慶,Y10*******,100000.00,0.00,,金錢,臺北市士林區****,0909*****,
194,林瑞圖,107年直轄市議員選舉,首次申報,1071105,營利事業捐贈收入,迅德興業股份有限公司,22133530,200000.00,0.00,,金錢,桃園市龜山區****,0335*****,
195,林瑞圖,107年直轄市議員選舉,首次申報,1071105,個人捐贈收入,薛雅萍,F22*******,20000.00,0.00,,金錢,臺北市北投區****,0919*****,
196,林瑞圖,107年直轄市議員選舉,首次申報,1071105,個人捐贈收入,鄭秋娟,F22*******,5000.00,0.00,,金錢,臺北市士林區****,0931*****,
197,林瑞圖,107年直轄市議員選舉,首次申報,1071105,個人捐贈收入,陳嘉雄,Q10*******,100000.00,0.00,,金錢,臺北市北投區****,0937*****,
198,林瑞圖,107年直轄市議員選舉,首次申報,1071106,個人捐贈收入,李泰煜,Y10*******,30000.00,0.00,,金錢,臺北市士林區****,0933*****,
199,林瑞圖,107年直轄市議員選舉,首次申報,1071107,個人捐贈收入,賴素枝,M22*******,30000.00,0.00,,金錢,臺北市北投區****,2894*****,
200,林瑞圖,107年直轄市議員選舉,首次申報,1071107,個人捐贈收入,羅碧鳯,P22*******,10000.00,0.00,,金錢,臺北市北投區****,2827*****,
201,林瑞圖,107年直轄市議員選舉,首次申報,1071107,個人捐贈收入,徐金汝,T22*******,30000.00,0.00,,金錢,臺北市北投區****,,
202,林瑞圖,107年直轄市議員選舉,首次申報,1071108,個人捐贈收入,王修尉,A10*******,30000.00,0.00,,金錢,臺北市大安區****,0922*****,
203,林瑞圖,107年直轄市議員選舉,首次申報,1071108,個人捐贈收入,陳郭碧霞,Y20*******,2000.00,0.00,,金錢,臺北市北投區****,0920*****,
204,林瑞圖,107年直轄市議員選舉,首次申報,1071111,人民團體捐贈收入,中華民國全國建築師公會,,100000.00,0.00,,金錢,台北市基隆路****,2377*****,
205,林瑞圖,107年直轄市議員選舉,首次申報,1071112,個人捐贈收入,詹金進,Y12*******,10000.00,0.00,,金錢,臺北市北投區****,0972*****,
206,林瑞圖,107年直轄市議員選舉,首次申報,1071113,營利事業捐贈收入,長虹建設股份有限公司,04633597,200000.00,0.00,,金錢,臺北市中正區****,2396*****,
207,林瑞圖,107年直轄市議員選舉,首次申報,1071113,營利事業捐贈收入,泰盛投資股份有限公司,23222476,200000.00,0.00,,金錢,臺北市松山區****,0930*****,
208,林瑞圖,107年直轄市議員選舉,首次申報,1071113,個人捐贈收入,廖壽棧,B10*******,100000.00,0.00,,金錢,臺北市大安區****,0987*****,
209,林瑞圖,107年直轄市議員選舉,首次申報,1071113,個人捐贈收入,詹根旺,Y12*******,5000.00,0.00,,金錢,臺北市北投區****,0936*****,
210,林瑞圖,107年直轄市議員選舉,首次申報,1071114,個人捐贈收入,孫台春,G20*******,20000.00,0.00,,金錢,臺北市大同區****,0976*****,
211,林瑞圖,107年直轄市議員選舉,首次申報,1071115,個人捐贈收入,吳宇孟,P10*******,6000.00,0.00,,金錢,臺北市士林區****,0910*****,
212,林瑞圖,107年直轄市議員選舉,首次申報,1071115,個人捐贈收入,陳珍貴,Y10*******,10000.00,0.00,,金錢,臺北市北投區****,0933*****,
213,林瑞圖,107年直轄市議員選舉,首次申報,1071119,營利事業捐贈收入,慈恩園寶塔諴業股份有限公司,22874724,100000.00,0.00,,金錢,臺北市大安區****,2378*****,
214,林瑞圖,107年直轄市議員選舉,首次申報,1071119,營利事業捐贈收入,嘉瑞開發股份有限公司,24484547,100000.00,0.00,,金錢,臺北市中山區****,2100*****,
215,林瑞圖,107年直轄市議員選舉,首次申報,1071119,營利事業捐贈收入,嘉瑞開發股份有限公司,24484547,100000.00,0.00,,金錢,臺北市中山區****,2100*****,
216,林瑞圖,107年直轄市議員選舉,首次申報,1071119,個人捐贈收入,鄭聰江,A10*******,100000.00,0.00,,金錢,臺北市士林區****,2378*****,
217,林瑞圖,107年直轄市議員選舉,首次申報,1071119,個人捐贈收入,王正立,A10*******,50000.00,0.00,,金錢,臺北市士林區****,0933*****,
218,林瑞圖,107年直轄市議員選舉,首次申報,1071119,個人捐贈收入,王玉卿,A20*******,100000.00,0.00,,金錢,臺北市北投區****,,
219,林瑞圖,107年直轄市議員選舉,首次申報,1071119,個人捐贈收入,林雅慧,L22*******,5000.00,0.00,,金錢,臺北市松山區****,0955*****,
220,林瑞圖,107年直轄市議員選舉,首次申報,1071119,個人捐贈收入,謝昭弘,P10*******,6000.00,0.00,,金錢,臺北市士林區****,0933*****,
221,林瑞圖,107年直轄市議員選舉,首次申報,1071119,個人捐贈收入,戴寶杉,Q10*******,60000.00,0.00,,金錢,臺北市信義區****,0937*****,
222,林瑞圖,107年直轄市議員選舉,首次申報,1071119,個人捐贈收入,鄭家根,Y12*******,20000.00,0.00,,金錢,臺北市中正區****,0932*****,
223,林瑞圖,107年直轄市議員選舉,首次申報,1071121,人民團體捐贈收入,台北市廢棄物清除處理商業同業公會,,200000.00,0.00,,金錢,臺北市北投區****,02-2*****,
224,林瑞圖,107年直轄市議員選舉,首次申報,1071122,個人捐贈收入,黃益聯,F10*******,50000.00,0.00,,金錢,新北市樹林區****,0935*****,
225,林瑞圖,107年直轄市議員選舉,首次申報,1071122,個人捐贈收入,方素蝶,G22*******,50000.00,0.00,,金錢,臺北市大同區****,2555*****,
226,林瑞圖,107年直轄市議員選舉,首次申報,1071123,匿名捐贈,馮莊元容,,93.00,0.00,,金錢,,,
227,林瑞圖,107年直轄市議員選舉,首次申報,1071123,個人捐贈收入,黃幼林,A10*******,2000.00,0.00,,金錢,新北市萬里區****,0916*****,
228,林瑞圖,107年直轄市議員選舉,首次申報,1071123,個人捐贈收入,劉德發,R10*******,100000.00,0.00,,金錢,臺南市柳營區****,,
229,林瑞圖,107年直轄市議員選舉,首次申報,1071123,個人捐贈收入,蔡素芬,Y22*******,10000.00,0.00,,金錢,臺北市北投區****,0965*****,
230,林瑞圖,107年直轄市議員選舉,首次申報,1071221,其他收入,利息收入,,78.00,0.00,,金錢,,,
