﻿序號,擬參選人／政黨,選舉名稱,申報序號／年度,交易日期,收支科目,捐贈者／支出對象,身分證／統一編號,收入金額,支出金額,捐贈方式,存入專戶日期,返還/繳庫,支出用途,金錢類,地址,聯絡電話,應揭露之支出對象,支出對象之內部人員姓名,支出對象之內部人員職稱,政黨之內部人員姓名,政黨之內部人員職稱,關係,更正註記,資料更正日期
1,郭榮先,111年臺北市議員選舉,首次申報,1110525,雜支支出,東峰木材行,,0.00,940.00,,,,雜項購置或修繕費用,金錢,臺北市大同區****,,否,,,,,,,
2,郭榮先,111年臺北市議員選舉,首次申報,1110525,雜支支出,一立特膠業有限公司,,0.00,420.00,,,,文具用品費用,金錢,臺北市大同區****,,否,,,,,,,
3,郭榮先,111年臺北市議員選舉,首次申報,1110813,宣傳支出,鈦克企業社,,0.00,1400.00,,,,其他與選舉宣傳有關之費用,金錢,臺北市大安區****,,否,,,,,,,
4,郭榮先,111年臺北市議員選舉,首次申報,1110902,雜支支出,台北市選舉委員會,04138077,0.00,200000.00,,,,選舉保證金費（未退回保證金者得以報支）,金錢,臺北市信義區****,,否,,,,,,,
5,郭榮先,111年臺北市議員選舉,首次申報,1110909,雜支支出,50大道池上飯包店,,0.00,770.00,,,,餐飲費用,金錢,臺北市信義區****,,否,,,,,,,
6,郭榮先,111年臺北市議員選舉,首次申報,1110913,雜支支出,太平洋包裝材料有限公司,,0.00,175.00,,,,文具用品費用,金錢,臺北市松山區****,,否,,,,,,,
7,郭榮先,111年臺北市議員選舉,首次申報,1110913,租用競選辦事處支出,劉夏萍,M20*******,0.00,80000.00,,,,租用競選辦事處費用,金錢,臺北市信義區****,,否,,,,,,,
8,郭榮先,111年臺北市議員選舉,首次申報,1111003,宣傳支出,亞細亞塑膠工業有限公司,,0.00,5250.00,,,,其他與選舉宣傳有關之費用,金錢,臺北市信義區****,,否,,,,,,,
9,郭榮先,111年臺北市議員選舉,首次申報,1111004,宣傳支出,易立數位企業有限公司,,0.00,8500.00,,,,製作競選物品或宣傳廣告費用（物品名稱-請填寫）,金錢,臺北市信義區****,,否,,,,,,,
10,郭榮先,111年臺北市議員選舉,首次申報,1111004,宣傳支出,易立數位企業有限公司,,0.00,3885.00,,,,製作競選物品或宣傳廣告費用（物品名稱-請填寫）,金錢,臺北市信義區****,,否,,,,,,,
11,郭榮先,111年臺北市議員選舉,首次申報,1111013,宣傳支出,易立數位企業有限公司,,0.00,2310.00,,,,製作競選物品或宣傳廣告費用（物品名稱-請填寫）,金錢,臺北市信義區****,,否,,,,,,,
12,郭榮先,111年臺北市議員選舉,首次申報,1111022,雜支支出,50大道池上飯包店,,0.00,1400.00,,,,餐飲費用,金錢,臺北市信義區****,,否,,,,,,,
13,郭榮先,111年臺北市議員選舉,首次申報,1111022,雜支支出,名麥藝術蛋糕店,,0.00,9000.00,,,,餐飲費用,金錢,新北市新莊區****,,否,,,,,,,
14,郭榮先,111年臺北市議員選舉,首次申報,1111026,宣傳支出,亞細亞塑膠工業有限公司,,0.00,875.00,,,,其他與選舉宣傳有關之費用,金錢,臺北市信義區****,,否,,,,,,,
15,郭榮先,111年臺北市議員選舉,首次申報,1111108,租用宣傳車輛支出,恆尚有限公司,,0.00,1360.00,,,,其他與租用宣傳車輛有關之費用,金錢,臺北市大同區****,,否,,,,,,,
16,郭榮先,111年臺北市議員選舉,首次申報,1111113,租用宣傳車輛支出,新萬芳五金行,,0.00,350.00,,,,其他與租用宣傳車輛有關之費用,金錢,臺北市信義區****,,否,,,,,,,
17,郭榮先,111年臺北市議員選舉,首次申報,1111115,租用宣傳車輛支出,雄鶴汽車,,0.00,7800.00,,,,維修宣傳車輛費用,金錢,新北市深坑區****,,否,,,,,,,
18,郭榮先,111年臺北市議員選舉,首次申報,1111116,雜支支出,50大道池上飯包店,,0.00,1050.00,,,,餐飲費用,金錢,臺北市信義區****,,否,,,,,,,
19,郭榮先,111年臺北市議員選舉,首次申報,1111118,雜支支出,菘合漢商行,,0.00,75.00,,,,文具用品費用,金錢,臺北市信義區****,,否,,,,,,,
20,郭榮先,111年臺北市議員選舉,首次申報,1111121,宣傳支出,飛碟廣播股份有限公司,,0.00,18000.00,,,,播放、傳送或刊登宣傳廣告費用,金錢,臺北市中正區****,,否,,,,,,,
21,郭榮先,111年臺北市議員選舉,首次申報,1120301,返還捐贈支出,上合實業有限公司,04507521,0.00,50000.00,,,,返還,金錢,新北市泰山區****,,否,,,,,,,
