﻿序號,擬參選人／政黨,選舉名稱,申報序號／年度,交易日期,收支科目,捐贈者／支出對象,身分證／統一編號,收入金額,支出金額,支出用途,金錢類,地址,聯絡電話,資料更正日期
1,陳善慧,107年直轄市議員選舉,首次申報,1070913,宣傳支出,東豐企業社,25298605,0.00,46000.00,扇子,金錢,彰化縣永芳路****,,
2,陳善慧,107年直轄市議員選舉,首次申報,1070921,宣傳支出,台灣時報社股份有限公司,76012913,0.00,50000.00,製作宣傳廣告支出,金錢,高雄市仁武區****,3428*****,
3,陳善慧,107年直轄市議員選舉,首次申報,1070926,宣傳支出,船守印刷股份有限公司,84722760,0.00,36750.00,製作宣傳廣告支出-印刷品,金錢,高雄市三民區****,3161*****,
4,陳善慧,107年直轄市議員選舉,首次申報,1070927,宣傳支出,彩敦網版印刷股份有限公司,81190402,0.00,239440.00,製作宣傳廣告支出,金錢,高雄縣大寮鄉****,07-7*****,
5,陳善慧,107年直轄市議員選舉,首次申報,1071005,宣傳支出,廣群企業有限公司,70405763,0.00,32025.00,製作競選物品支出（便條紙),金錢,高雄市三民區****,3824*****,
6,陳善慧,107年直轄市議員選舉,首次申報,1071022,宣傳支出,彩敦網版印刷股份有限公司,81190402,0.00,221782.00,製作宣傳廣告支出,金錢,高雄縣大寮鄉****,07-7*****,
7,陳善慧,107年直轄市議員選舉,首次申報,1071022,宣傳支出,船守印刷股份有限公司,84722760,0.00,66371.00,製作宣傳廣告支出,金錢,高雄市三民區****,3161*****,
8,陳善慧,107年直轄市議員選舉,首次申報,1071029,宣傳支出,鴻升有限公司,27310767,0.00,72450.00,製作競選物品支出（原子筆）,金錢,新北市三重區****,02-2*****,
9,陳善慧,107年直轄市議員選舉,首次申報,1071029,宣傳支出,廣群企業有限公司,70405763,0.00,157500.00,製作競選物品支出（便條紙）,金錢,高雄市三民區****,3824*****,
10,陳善慧,107年直轄市議員選舉,首次申報,1071031,宣傳支出,巨彩興業有限公司,24631029,0.00,71770.00,製作宣傳廣告支出,金錢,彰化縣田尾鄉****,04-8*****,
11,陳善慧,107年直轄市議員選舉,首次申報,1071106,宣傳支出,競選總部,E12*******,0.00,66000.00,製作競選物品支出（貼布）,非金錢,高雄市楠梓區****,,
12,陳善慧,107年直轄市議員選舉,首次申報,1071110,宣傳支出,台灣優紙企業有限公司,80077677,0.00,14490.00,製作競選物品支出（口罩）,金錢,彰化縣鹿港鎮****,04-7*****,
13,陳善慧,107年直轄市議員選舉,首次申報,1071110,租用宣傳車輛支出,許新興加油站有限公司,89423066,0.00,26450.00,宣傳車輛燃料支出,金錢,高雄市楠梓區****,3652*****,
14,陳善慧,107年直轄市議員選舉,首次申報,1071119,宣傳支出,鴻升有限公司,27310767,0.00,24150.00,製作競選物品支出（原子筆）,金錢,新北市三重區****,02-2*****,
15,陳善慧,107年直轄市議員選舉,首次申報,1071120,租用宣傳車輛支出,許新興加油站有限公司,89423066,0.00,18185.00,宣傳車輛燃料支出,金錢,高雄市楠梓區****,3652*****,
16,陳善慧,107年直轄市議員選舉,首次申報,1071122,宣傳支出,元承實業有限公司,42787023,0.00,21420.00,製作競選物品支出（口罩）,金錢,彰化縣西興里****,04-7*****,
17,陳善慧,107年直轄市議員選舉,首次申報,1071123,宣傳支出,巨彩興業有限公司,24631029,0.00,15240.00,製作宣傳廣告支出,金錢,彰化縣田尾鄉****,04-8*****,
18,陳善慧,107年直轄市議員選舉,首次申報,1071123,宣傳支出,鴻升有限公司,27310767,0.00,24150.00,製作競選物品支出（原子筆）,金錢,新北市三重區****,02-2*****,
19,陳善慧,107年直轄市議員選舉,首次申報,1071123,集會支出,總晟傳播有限公司,97151138,0.00,33230.00,租用設備支出,金錢,高雄市楠梓區****,,
20,陳善慧,107年直轄市議員選舉,首次申報,1071123,集會支出,總晟傳播有限公司,97151138,0.00,43420.00,租用設備支出,金錢,高雄市楠梓區****,3657*****,
21,陳善慧,107年直轄市議員選舉,首次申報,1071128,宣傳支出,廣群企業有限公司,70405763,0.00,113400.00,製作競選物品支出（便條紙）,金錢,高雄市三民區****,3824*****,
