﻿序號,擬參選人／政黨,選舉名稱,申報序號／年度,交易日期,收支科目,捐贈者／支出對象,身分證／統一編號,收入金額,支出金額,支出用途,金錢類,地址,聯絡電話,資料更正日期
1,陳善慧,107年直轄市議員選舉,首次申報,1070705,個人捐贈收入,呂永旺,E12*******,2000.00,0.00,,金錢,高雄市鳥松區****,,
2,陳善慧,107年直轄市議員選舉,首次申報,1070705,個人捐贈收入,許程崴,E12*******,46000.00,0.00,,金錢,高雄市苓雅區****,,
3,陳善慧,107年直轄市議員選舉,首次申報,1070830,個人捐贈收入,戴惠卿,S20*******,10000.00,0.00,,金錢,高雄市楠梓區****,,
4,陳善慧,107年直轄市議員選舉,首次申報,1070907,個人捐贈收入,陳智男,E10*******,10000.00,0.00,,金錢,高雄市楠梓區****,,
5,陳善慧,107年直轄市議員選舉,首次申報,1070911,個人捐贈收入,陳楊月足,E20*******,10000.00,0.00,,金錢,高雄市楠梓區****,,
6,陳善慧,107年直轄市議員選舉,首次申報,1070913,個人捐贈收入,陳善美,E22*******,30000.00,0.00,,金錢,新北市板橋區****,,
7,陳善慧,107年直轄市議員選舉,首次申報,1070914,個人捐贈收入,陳善美,E22*******,20000.00,0.00,,金錢,新北市板橋區****,,
8,陳善慧,107年直轄市議員選舉,首次申報,1070914,個人捐贈收入,陳瓊瑤,N22*******,100000.00,0.00,,金錢,高雄市楠梓區****,,
9,陳善慧,107年直轄市議員選舉,首次申報,1070917,營利事業捐贈收入,青楓開發有限公司,28618069,200000.00,0.00,,金錢,高雄市楠梓區****,,
10,陳善慧,107年直轄市議員選舉,首次申報,1070917,個人捐贈收入,廖龍權,M12*******,30000.00,0.00,,金錢,高雄市三民區****,,
11,陳善慧,107年直轄市議員選舉,首次申報,1070920,個人捐贈收入,方艷娥,E20*******,10000.00,0.00,,金錢,高雄市楠梓區****,,
12,陳善慧,107年直轄市議員選舉,首次申報,1071001,個人捐贈收入,侯祈財,,20000.00,0.00,,金錢,高雄市楠梓區****,0929*****,
13,陳善慧,107年直轄市議員選舉,首次申報,1071001,個人捐贈收入,楊文田,E12*******,50000.00,0.00,,金錢,高雄市楠梓區****,,
14,陳善慧,107年直轄市議員選舉,首次申報,1071009,營利事業捐贈收入,許新興加油站有限公司,89423066,20000.00,0.00,,金錢,高雄市楠梓區****,,
15,陳善慧,107年直轄市議員選舉,首次申報,1071011,個人捐贈收入,張次福,E12*******,100000.00,0.00,,金錢,高雄市楠梓區****,,
16,陳善慧,107年直轄市議員選舉,首次申報,1071012,個人捐贈收入,陳國聰,,12000.00,0.00,,金錢,,0922*****,
17,陳善慧,107年直轄市議員選舉,首次申報,1071012,個人捐贈收入,陳梅,,6000.00,0.00,,金錢,,0922*****,
18,陳善慧,107年直轄市議員選舉,首次申報,1071015,營利事業捐贈收入,名哲工程事業有限公司,89697488,100000.00,0.00,,金錢,臺南市歸仁區****,,
19,陳善慧,107年直轄市議員選舉,首次申報,1071015,個人捐贈收入,戴瑞慶,E12*******,66000.00,0.00,,金錢,高雄市楠梓區****,0939*****,
20,陳善慧,107年直轄市議員選舉,首次申報,1071019,個人捐贈收入,林進居,E10*******,100000.00,0.00,,金錢,高雄市楠梓區****,,
21,陳善慧,107年直轄市議員選舉,首次申報,1071022,個人捐贈收入,陳聖福,E10*******,100000.00,0.00,,金錢,高雄市楠梓區****,,
22,陳善慧,107年直轄市議員選舉,首次申報,1071029,個人捐贈收入,陳秀卿,E22*******,12000.00,0.00,,金錢,高雄市永安區****,0928*****,
23,陳善慧,107年直轄市議員選舉,首次申報,1071029,個人捐贈收入,陳秐霏,E22*******,10000.00,0.00,,金錢,高雄市楠梓區****,0986*****,
24,陳善慧,107年直轄市議員選舉,首次申報,1071102,個人捐贈收入,孫清,N12*******,100000.00,0.00,,金錢,高雄市楠梓區****,0932*****,
25,陳善慧,107年直轄市議員選舉,首次申報,1071106,個人捐贈收入,吳幸周,C12*******,66000.00,0.00,,非金錢,高雄市三民區****,3417*****,
26,陳善慧,107年直轄市議員選舉,首次申報,1071115,營利事業捐贈收入,高都汽車股份有限公司,85961513,30000.00,0.00,,金錢,高雄市三民區****,0928*****,
27,陳善慧,107年直轄市議員選舉,首次申報,1071119,個人捐贈收入,曾丁滿,,1000.00,0.00,,金錢,,0918*****,
28,陳善慧,107年直轄市議員選舉,首次申報,1071120,營利事業捐贈收入,冠郢企業股份有限公司,70417466,100000.00,0.00,,金錢,秀群路號樓****,0963*****,
