﻿序號,擬參選人／政黨,選舉名稱,申報序號／年度,交易日期,收支科目,捐贈者／支出對象,身分證／統一編號,收入金額,支出金額,支出用途,金錢類,地址,聯絡電話,資料更正日期
1,蔡宜芳,107年直轄市議員選舉,首次申報,1070716,匿名捐贈,匿名,,1.00,0.00,,金錢,,,
2,蔡宜芳,107年直轄市議員選舉,首次申報,1070726,營利事業捐贈收入,尚汯科技股份有限公司,28294435,150000.00,0.00,,金錢,高雄市楠梓區****,,
3,蔡宜芳,107年直轄市議員選舉,首次申報,1070726,營利事業捐贈收入,鋐澤科技股份有限公司,70849422,150000.00,0.00,,金錢,高雄市前鎮區****,,
4,蔡宜芳,107年直轄市議員選舉,首次申報,1070726,個人捐贈收入,周水仙,E20*******,100000.00,0.00,,金錢,高雄市鼓山區****,,
5,蔡宜芳,107年直轄市議員選舉,首次申報,1070731,匿名捐贈,匿名,,500.00,0.00,,金錢,,,
6,蔡宜芳,107年直轄市議員選舉,首次申報,1070731,個人捐贈收入,吳柏翰,A12*******,6666.00,0.00,,金錢,金門縣烈嶼鄉****,,
7,蔡宜芳,107年直轄市議員選舉,首次申報,1070803,營利事業捐贈收入,亞科國際資訊股份有限公司,29186835,160000.00,0.00,,非金錢,高雄市前鎮區****,,
8,蔡宜芳,107年直轄市議員選舉,首次申報,1070803,營利事業捐贈收入,皇家食品行,81893310,8100.00,0.00,,非金錢,高雄市鳳山區****,,
9,蔡宜芳,107年直轄市議員選舉,首次申報,1070806,匿名捐贈,匿名,,4875.00,0.00,,金錢,,,
10,蔡宜芳,107年直轄市議員選舉,首次申報,1070815,個人捐贈收入,曾冠維,H12*******,6666.00,0.00,,金錢,桃園市大溪區****,,
11,蔡宜芳,107年直轄市議員選舉,首次申報,1070816,個人捐贈收入,古紹禹,K12*******,3000.00,0.00,,金錢,高雄市和平一****,,
12,蔡宜芳,107年直轄市議員選舉,首次申報,1070914,匿名捐贈,匿名,,1462.00,0.00,,金錢,,,
13,蔡宜芳,107年直轄市議員選舉,首次申報,1070921,匿名捐贈,梁家宏,,147.00,0.00,,金錢,,,
14,蔡宜芳,107年直轄市議員選舉,首次申報,1071009,個人捐贈收入,李綜文,T12*******,50000.00,0.00,,金錢,高雄市岡山區****,,
15,蔡宜芳,107年直轄市議員選舉,首次申報,1071011,個人捐贈收入,曾東隆,E12*******,20000.00,0.00,,金錢,高雄市鳳山區****,,
16,蔡宜芳,107年直轄市議員選舉,首次申報,1071015,個人捐贈收入,鄒樹華,E12*******,5000.00,0.00,,金錢,高雄市苓雅區****,,
17,蔡宜芳,107年直轄市議員選舉,首次申報,1071016,匿名捐贈,匿名,,1950.00,0.00,,金錢,,,
18,蔡宜芳,107年直轄市議員選舉,首次申報,1071101,營利事業捐贈收入,四季投資顧問股份有限公司,70421320,20000.00,0.00,,金錢,高雄市前鎮區****,,
19,蔡宜芳,107年直轄市議員選舉,首次申報,1071105,個人捐贈收入,高裕凱,A12*******,30000.00,0.00,,金錢,台北市松山區****,,
20,蔡宜芳,107年直轄市議員選舉,首次申報,1071115,個人捐贈收入,楊瓊花,E20*******,30000.00,0.00,,金錢,高雄市鼓山區****,,
21,蔡宜芳,107年直轄市議員選舉,首次申報,1071120,營利事業捐贈收入,磐石康業管理顧問股份有限公司,42809201,70000.00,0.00,,金錢,高雄市三民區****,,
