﻿序號,擬參選人／政黨,選舉名稱,申報序號／年度,交易日期,收支科目,捐贈者／支出對象,身分證／統一編號,收入金額,支出金額,支出用途,金錢類,地址,聯絡電話,資料更正日期
1,余明峯,107年鄉(鎮、市)長選舉,首次申報,1070821,宣傳支出,集賢實業社,10827472,0.00,70000.00,製作競選物品支出（物品名稱-選舉背心）,金錢,臺東縣臺東市****,089-*****,
2,余明峯,107年鄉(鎮、市)長選舉,首次申報,1070910,宣傳支出,集賢實業社,10827472,0.00,50000.00,製作競選物品支出（物品名稱-競選帽子）,金錢,臺東縣臺東市****,089-*****,
3,余明峯,107年鄉(鎮、市)長選舉,首次申報,1071001,人事費用支出,周輝妹,U20*******,0.00,15000.00,工資或薪津,金錢,臺東縣延平鄉****,,
4,余明峯,107年鄉(鎮、市)長選舉,首次申報,1071001,人事費用支出,邱文明,V12*******,0.00,15000.00,工資或薪津,金錢,臺東縣延平鄉****,,
5,余明峯,107年鄉(鎮、市)長選舉,首次申報,1071001,人事費用支出,邱福財,V12*******,0.00,15000.00,工資或薪津,金錢,臺東縣延平鄉****,,
6,余明峯,107年鄉(鎮、市)長選舉,首次申報,1071001,人事費用支出,邱福光,V12*******,0.00,15000.00,工資或薪津,金錢,臺東縣延平鄉****,,
7,余明峯,107年鄉(鎮、市)長選舉,首次申報,1071001,人事費用支出,邱瑋耀,V12*******,0.00,15000.00,工資或薪津,金錢,臺東縣延平鄉****,,
8,余明峯,107年鄉(鎮、市)長選舉,首次申報,1071001,人事費用支出,邱瑋琳,V22*******,0.00,15000.00,工資或薪津,金錢,臺東縣延平鄉****,,
9,余明峯,107年鄉(鎮、市)長選舉,首次申報,1071020,宣傳支出,集賢實業社,10827472,0.00,50500.00,製作宣傳廣告支出,金錢,臺東縣臺東市****,089-*****,
10,余明峯,107年鄉(鎮、市)長選舉,首次申報,1071020,人事費用支出,周輝妹,U20*******,0.00,15000.00,工資或薪津,金錢,臺東縣延平鄉****,,
11,余明峯,107年鄉(鎮、市)長選舉,首次申報,1071020,人事費用支出,邱福財,V12*******,0.00,15000.00,工資或薪津,金錢,臺東縣延平鄉****,,
12,余明峯,107年鄉(鎮、市)長選舉,首次申報,1071020,人事費用支出,邱福光,V12*******,0.00,15000.00,工資或薪津,金錢,臺東縣延平鄉****,,
13,余明峯,107年鄉(鎮、市)長選舉,首次申報,1071020,人事費用支出,邱瑋琳,V12*******,0.00,15000.00,工資或薪津,金錢,臺東縣延平鄉****,,
14,余明峯,107年鄉(鎮、市)長選舉,首次申報,1071020,人事費用支出,邱文明,V12*******,0.00,15000.00,工資或薪津,金錢,臺東縣延平鄉****,,
15,余明峯,107年鄉(鎮、市)長選舉,首次申報,1071025,雜支支出,延平鄉公所,10827472,0.00,120000.00,選舉保證金費（未退回保證金者得以報支）,金錢,臺東縣延平鄉****,089-*****,
16,余明峯,107年鄉(鎮、市)長選舉,首次申報,1071114,集會支出,泓昇商號,93843511,0.00,5000.00,餐飲支出,金錢,臺東縣延平鄉****,,
17,余明峯,107年鄉(鎮、市)長選舉,首次申報,1071114,人事費用支出,周輝妹,U20*******,0.00,15000.00,工資或薪津,金錢,臺東縣延平鄉****,,
18,余明峯,107年鄉(鎮、市)長選舉,首次申報,1071114,人事費用支出,邱文明,V12*******,0.00,15000.00,工資或薪津,金錢,臺東縣延平鄉****,,
19,余明峯,107年鄉(鎮、市)長選舉,首次申報,1071114,租用宣傳車輛支出,胡榮成,V12*******,0.00,20000.00,租用宣傳車輛支出,金錢,臺東縣延平鄉****,0986*****,
20,余明峯,107年鄉(鎮、市)長選舉,首次申報,1071114,人事費用支出,胡榮成,V12*******,0.00,15000.00,工資或薪津,金錢,臺東縣延平鄉****,0986*****,
21,余明峯,107年鄉(鎮、市)長選舉,首次申報,1071114,人事費用支出,胡榮成,V12*******,0.00,15000.00,工資或薪津,金錢,臺東縣延平鄉****,0986*****,
22,余明峯,107年鄉(鎮、市)長選舉,首次申報,1071114,人事費用支出,邱福財,V12*******,0.00,15000.00,工資或薪津,金錢,臺東縣延平鄉****,,
23,余明峯,107年鄉(鎮、市)長選舉,首次申報,1071114,人事費用支出,邱福光,V12*******,0.00,15000.00,工資或薪津,金錢,臺東縣延平鄉****,,
24,余明峯,107年鄉(鎮、市)長選舉,首次申報,1071114,人事費用支出,邱瑋耀,V12*******,0.00,15000.00,工資或薪津,金錢,臺東縣延平鄉****,,
25,余明峯,107年鄉(鎮、市)長選舉,首次申報,1071114,人事費用支出,邱瑋琳,V22*******,0.00,15000.00,工資或薪津,金錢,臺東縣延平鄉****,,
26,余明峯,107年鄉(鎮、市)長選舉,首次申報,1071124,人事費用支出,周輝妹,U20*******,0.00,1500.00,工資或薪津,金錢,臺東縣延平鄉****,,
27,余明峯,107年鄉(鎮、市)長選舉,首次申報,1071124,人事費用支出,邱瑋耀,V12*******,0.00,1500.00,工資或薪津,金錢,臺東縣延平鄉****,,
28,余明峯,107年鄉(鎮、市)長選舉,首次申報,1071124,人事費用支出,邱福財,V12*******,0.00,1500.00,工資或薪津,金錢,臺東縣延平鄉****,,
29,余明峯,107年鄉(鎮、市)長選舉,首次申報,1071124,人事費用支出,邱福光,V12*******,0.00,1500.00,工資或薪津,金錢,臺東縣延平鄉****,,
30,余明峯,107年鄉(鎮、市)長選舉,首次申報,1071124,人事費用支出,邱文明,V12*******,0.00,1500.00,工資或薪津,金錢,臺東縣延平鄉****,,
31,余明峯,107年鄉(鎮、市)長選舉,首次申報,1071124,人事費用支出,邱瑋琳,V22*******,0.00,1500.00,工資或薪津,金錢,臺東縣延平鄉****,,
