﻿序號,擬參選人／政黨,選舉名稱,申報序號／年度,交易日期,收支科目,捐贈者／支出對象,身分證／統一編號,收入金額,支出金額,捐贈方式,存入專戶日期,返還/繳庫,支出用途,金錢類,地址,聯絡電話,應揭露之支出對象,支出對象之內部人員姓名,支出對象之內部人員職稱,政黨之內部人員姓名,政黨之內部人員職稱,關係,更正註記,資料更正日期
1,王啟敏,111年屏東縣議員選舉,首次申報,1111104,個人捐贈收入,黃敬德,T10*******,50000.00,0.00,現金,1111117,,,金錢,屏東縣佳冬鄉****,0929*****,,,,,,,,
2,王啟敏,111年屏東縣議員選舉,首次申報,1111104,個人捐贈收入,余昇彥,T12*******,5000.00,0.00,現金,1111117,,,金錢,屏東縣佳冬鄉****,0910*****,,,,,,,,
3,王啟敏,111年屏東縣議員選舉,首次申報,1111104,個人捐贈收入,周文華,T12*******,30000.00,0.00,現金,1111117,,,金錢,屏東縣佳冬鄉****,08-8*****,,,,,,,,
4,王啟敏,111年屏東縣議員選舉,首次申報,1111104,個人捐贈收入,周文昌,T12*******,20000.00,0.00,現金,1111117,,,金錢,屏東縣佳冬鄉****,08-8*****,,,,,,,,
5,王啟敏,111年屏東縣議員選舉,首次申報,1111105,個人捐贈收入,吳國良,T10*******,100000.00,0.00,現金,1111117,,,金錢,屏東縣林邊鄉****,08-8*****,,,,,,,,
6,王啟敏,111年屏東縣議員選舉,首次申報,1111105,個人捐贈收入,王森木,T10*******,50000.00,0.00,現金,1111117,,,金錢,屏東縣佳冬鄉****,0918*****,,,,,,,,
7,王啟敏,111年屏東縣議員選舉,首次申報,1111106,營利事業捐贈收入,佳冬鄉塭子代天宮管理委員會(周益章),25798637,20000.00,0.00,現金,1111117,已返還,,金錢,屏東縣佳冬鄉****,08-8*****,,,,,,,,
8,王啟敏,111年屏東縣議員選舉,首次申報,1111106,個人捐贈收入,紀天生,T10*******,10000.00,0.00,現金,1111117,,,金錢,屏東縣佳冬鄉****,0932*****,,,,,,,,
9,王啟敏,111年屏東縣議員選舉,首次申報,1111106,個人捐贈收入,楊碧桃,T22*******,60000.00,0.00,現金,1111117,,,金錢,屏東縣南州鄉****,0932*****,,,,,,,,
10,王啟敏,111年屏東縣議員選舉,首次申報,1111108,個人捐贈收入,紀清風,T10*******,50000.00,0.00,現金,1111117,,,金錢,屏東縣佳冬鄉****,08-8*****,,,,,,,,
11,王啟敏,111年屏東縣議員選舉,首次申報,1111108,個人捐贈收入,王德正,T12*******,20000.00,0.00,現金,1111117,,,金錢,屏東縣佳冬鄉****,0928*****,,,,,,,,
12,王啟敏,111年屏東縣議員選舉,首次申報,1111108,個人捐贈收入,吳榮仁,T12*******,20000.00,0.00,現金,1111117,,,金錢,屏東縣佳冬鄉****,0935*****,,,,,,,,
13,王啟敏,111年屏東縣議員選舉,首次申報,1111108,個人捐贈收入,陳俊男,T12*******,50000.00,0.00,匯款,1111108,,,金錢,屏東縣佳冬鄉****,0937*****,,,,,,,,
