﻿序號,擬參選人／政黨,選舉名稱,申報序號／年度,交易日期,收支科目,捐贈者／支出對象,身分證／統一編號,收入金額,支出金額,支出用途,金錢類,地址,聯絡電話,資料更正日期
1,黃文生,107年直轄市議員選舉,首次申報,1070913,雜支支出,台灣產物保險股份有限公司,51869405,0.00,4353.00,團體傷害保險保單,金錢,臺中市中區繼****,,
2,黃文生,107年直轄市議員選舉,首次申報,1070913,雜支支出,台灣產物保險股份有限公司,51869405,0.00,9868.00,公共意外責任保險單,金錢,臺中市中區繼****,,
3,黃文生,107年直轄市議員選舉,首次申報,1071010,人事費用支出,賴瑞霖,B12*******,0.00,8000.00,工資或薪津,金錢,臺中市北區北****,,
4,黃文生,107年直轄市議員選舉,首次申報,1071010,人事費用支出,張啟忠,L10*******,0.00,20000.00,工資或薪津,金錢,臺中市太平區****,,
5,黃文生,107年直轄市議員選舉,首次申報,1071010,人事費用支出,黃柏勛,L12*******,0.00,36000.00,工資或薪津,金錢,臺中市太平區****,,
6,黃文生,107年直轄市議員選舉,首次申報,1071010,人事費用支出,陳登科,L12*******,0.00,40000.00,工資或薪津,金錢,臺中市龍井區****,,
7,黃文生,107年直轄市議員選舉,首次申報,1071010,人事費用支出,謝明錡,L12*******,0.00,40000.00,工資或薪津,金錢,臺中市太平區****,,
8,黃文生,107年直轄市議員選舉,首次申報,1071010,人事費用支出,李欣璇,L22*******,0.00,30000.00,工資或薪津,金錢,臺中市太平區****,,
9,黃文生,107年直轄市議員選舉,首次申報,1071010,人事費用支出,曲育仙,L22*******,0.00,12000.00,工資或薪津,金錢,臺中市太平區****,,
10,黃文生,107年直轄市議員選舉,首次申報,1071010,人事費用支出,曲真儀,L22*******,0.00,6000.00,工資或薪津,金錢,臺中市太平區****,,
11,黃文生,107年直轄市議員選舉,首次申報,1071010,人事費用支出,沈財德,N10*******,0.00,20000.00,工資或薪津,金錢,臺中市太平區****,,
12,黃文生,107年直轄市議員選舉,首次申報,1071010,人事費用支出,張家嘉,U22*******,0.00,36000.00,工資或薪津,金錢,臺中市太平區****,,
13,黃文生,107年直轄市議員選舉,首次申報,1071025,宣傳支出,七彩廣告興業有限公司,16653770,0.00,1600.00,紅布條,金錢,臺中市太平區****,,
14,黃文生,107年直轄市議員選舉,首次申報,1071102,宣傳支出,佑昇國際廣告有限公司,28777832,0.00,300000.00,租用廣告看板或車體廣告支出,金錢,臺中市太平區****,,
15,黃文生,107年直轄市議員選舉,首次申報,1071102,雜支支出,大眾便當社,69477726,0.00,100200.00,餐飲費用,金錢,臺中市太平區****,,
16,黃文生,107年直轄市議員選舉,首次申報,1071105,宣傳支出,意林公關行銷有限公司,12785364,0.00,630000.00,委託辦理研究、評估、調查、設計或規劃支出,金錢,臺中市霧峰區****,,
17,黃文生,107年直轄市議員選舉,首次申報,1071110,人事費用支出,張啟忠,L10*******,0.00,20000.00,工資或薪津,金錢,臺中市太平區****,,
18,黃文生,107年直轄市議員選舉,首次申報,1071110,人事費用支出,陳登科,L12*******,0.00,40000.00,工資或薪津,金錢,臺中市龍井區****,,
19,黃文生,107年直轄市議員選舉,首次申報,1071110,人事費用支出,黃柏勛,L12*******,0.00,36000.00,工資或薪津,金錢,臺中市太平區****,,
20,黃文生,107年直轄市議員選舉,首次申報,1071110,人事費用支出,李欣璇,L22*******,0.00,30000.00,工資或薪津,金錢,臺中市太平區****,,
21,黃文生,107年直轄市議員選舉,首次申報,1071110,人事費用支出,曲育仙,L22*******,0.00,12000.00,工資或薪津,金錢,臺中市太平區****,,
22,黃文生,107年直轄市議員選舉,首次申報,1071110,人事費用支出,曲真儀,L22*******,0.00,10000.00,工資或薪津,金錢,臺中市太平區****,,
23,黃文生,107年直轄市議員選舉,首次申報,1071110,人事費用支出,沈財德,N10*******,0.00,20000.00,工資或薪津,金錢,臺中市太平區****,,
24,黃文生,107年直轄市議員選舉,首次申報,1071110,人事費用支出,張家嘉,U22*******,0.00,36000.00,工資或薪津,金錢,臺中市太平區****,,
25,黃文生,107年直轄市議員選舉,首次申報,1071113,宣傳支出,鑫傳視訊廣告股份有限公司,16089901,0.00,160000.00,播送、傳送或刊登宣傳廣告支出,金錢,臺中市梧棲區****,,
26,黃文生,107年直轄市議員選舉,首次申報,1071115,宣傳支出,佑昇國際廣告有限公司,28777832,0.00,100000.00,製作宣傳廣告支出,金錢,臺中市太平區****,,
27,黃文生,107年直轄市議員選舉,首次申報,1071118,雜支支出,佑昇國際廣告有限公司,28777832,0.00,50000.00,雜項購置或修繕費用,金錢,臺中市太平區****,,
28,黃文生,107年直轄市議員選舉,首次申報,1071119,宣傳支出,鑫傳視訊廣告有限公司,16089901,0.00,80000.00,播送、傳送或刊登宣傳廣告支出,金錢,臺中市梧棲區****,,
29,黃文生,107年直轄市議員選舉,首次申報,1071119,宣傳支出,佑昇國際廣告有限公司,28777832,0.00,30000.00,租用廣告看板或車體廣告支出,金錢,臺中市太平區****,,
30,黃文生,107年直轄市議員選舉,首次申報,1071120,宣傳支出,佑昇國際廣告有限公司,28777832,0.00,25000.00,製作宣傳廣告支出,金錢,臺中市太平區****,,
31,黃文生,107年直轄市議員選舉,首次申報,1071121,宣傳支出,萬人行銷有限公司,,0.00,1230.00,發送電信簡訊支出,金錢,臺中市北區梅****,,
32,黃文生,107年直轄市議員選舉,首次申報,1071121,雜支支出,台灣產物保險股份有限公司,51869405,0.00,17212.00,公共意外責任保險單,金錢,臺中市中區繼****,,
33,黃文生,107年直轄市議員選舉,首次申報,1071121,宣傳支出,萬人行銷有限公司,61758499,0.00,18360.00,發送電信簡訊支出,金錢,臺中市北區梅****,,
34,黃文生,107年直轄市議員選舉,首次申報,1071122,宣傳支出,佑昇國際廣告有限公司,28777832,0.00,47034.00,製作宣傳廣告支出,金錢,臺中市太平區****,,
35,黃文生,107年直轄市議員選舉,首次申報,1071123,宣傳支出,佑昇國際廣告有限公司,28777832,0.00,27602.00,播送、傳送或刊登宣傳廣告支出,金錢,臺中市太平區****,,
36,黃文生,107年直轄市議員選舉,首次申報,1071123,宣傳支出,丞奕廣告社,39946167,0.00,142926.00,製作競選物品支出（廣告製作物）,金錢,彰化縣十股村****,,
37,黃文生,107年直轄市議員選舉,首次申報,1071123,宣傳支出,萬人行銷有限公司,61758499,0.00,2800.00,發送電信簡訊支出,金錢,臺中市北區梅****,,
38,黃文生,107年直轄市議員選舉,首次申報,1071123,宣傳支出,台中廣播股份有限公司,84878067,0.00,50000.00,播送、傳送或刊登宣傳廣告支出,金錢,臺中市西區忠****,,
39,黃文生,107年直轄市議員選舉,首次申報,1071124,雜支支出,大眾便當社,69477726,0.00,92800.00,餐飲費用,金錢,臺中市太平區****,,
40,黃文生,107年直轄市議員選舉,首次申報,1071126,人事費用支出,張啟忠,L10*******,0.00,30000.00,工資或薪津,金錢,臺中市太平區****,,
41,黃文生,107年直轄市議員選舉,首次申報,1071126,人事費用支出,黃柏勛,L12*******,0.00,20000.00,工資或薪津,金錢,臺中市太平區****,,
42,黃文生,107年直轄市議員選舉,首次申報,1071126,人事費用支出,陳登科,L12*******,0.00,40000.00,工資或薪津,金錢,臺中市龍井區****,,
43,黃文生,107年直轄市議員選舉,首次申報,1071126,人事費用支出,李欣璇,L22*******,0.00,40000.00,工資或薪津,金錢,臺中市太平區****,,
44,黃文生,107年直轄市議員選舉,首次申報,1071126,人事費用支出,曲真儀,L22*******,0.00,10000.00,工資或薪津,金錢,臺中市太平區****,,
45,黃文生,107年直轄市議員選舉,首次申報,1071126,人事費用支出,曲育仙,L22*******,0.00,10000.00,工資或薪津,金錢,臺中市太平區****,,
46,黃文生,107年直轄市議員選舉,首次申報,1071126,人事費用支出,沈財德,N10*******,0.00,30000.00,工資或薪津,金錢,臺中市太平區****,,
47,黃文生,107年直轄市議員選舉,首次申報,1071126,人事費用支出,張家嘉,U22*******,0.00,20000.00,工資或薪津,金錢,臺中市太平區****,,
48,黃文生,107年直轄市議員選舉,首次申報,1071206,返還支出,金寶蛋品科技有限公司,53360186,0.00,88000.00,返還,非金錢,臺中市大里區****,,
