﻿序號,擬參選人／政黨,選舉名稱,申報序號／年度,交易日期,收支科目,捐贈者／支出對象,身分證／統一編號,收入金額,支出金額,支出用途,金錢類,地址,聯絡電話,資料更正日期
1,廖秋蓉,107年鄉(鎮、市)長選舉,首次申報,1070928,雜支支出,藝芝坊,45769420,0.00,4000.00,餐點,金錢,雲林縣莿桐鄉****,,
2,廖秋蓉,107年鄉(鎮、市)長選舉,首次申報,1071002,宣傳支出,曾來國,P12*******,0.00,4400.00,發派文宣工資,金錢,雲林縣莿桐鄉****,,
3,廖秋蓉,107年鄉(鎮、市)長選舉,首次申報,1071002,宣傳支出,姜信仲,P12*******,0.00,4400.00,發派文宣工資,金錢,雲林縣莿桐鄉****,,
4,廖秋蓉,107年鄉(鎮、市)長選舉,首次申報,1071002,宣傳支出,林得源,P12*******,0.00,6000.00,發派文宣工資,金錢,雲林縣莿桐鄉****,,
5,廖秋蓉,107年鄉(鎮、市)長選舉,首次申報,1071003,交通旅運支出,台灣中油股份有限公司,21801689,0.00,924.00,無鉛汽油,金錢,雅虎站****,,
6,廖秋蓉,107年鄉(鎮、市)長選舉,首次申報,1071005,集會支出,建宏鮮花店,88835364,0.00,8400.00,齒源帳篷電風扇等租用,金錢,雲林縣莿桐鄉****,,
7,廖秋蓉,107年鄉(鎮、市)長選舉,首次申報,1071007,集會支出,梅景食品商行,45799000,0.00,15500.00,自助式餐點,金錢,雲林縣西螺正****,,
8,廖秋蓉,107年鄉(鎮、市)長選舉,首次申報,1071009,雜支支出,又豪商行,20041795,0.00,120.00,垃圾袋,金錢,雲林縣莿桐鄉****,,
9,廖秋蓉,107年鄉(鎮、市)長選舉,首次申報,1071010,雜支支出,大家好自助餐,77823566,0.00,1080.00,便當,金錢,雲林縣莿桐鄉****,,
10,廖秋蓉,107年鄉(鎮、市)長選舉,首次申報,1071010,宣傳支出,瑞朋影印行,99379265,0.00,2100.00,影印文宣,金錢,雲林縣斗六市****,,
11,廖秋蓉,107年鄉(鎮、市)長選舉,首次申報,1071011,雜支支出,中華電信股份有限公司,63501100,0.00,189.00,電話通話費,金錢,斗六市文化路****,,
12,廖秋蓉,107年鄉(鎮、市)長選舉,首次申報,1071014,租用宣傳車輛支出,福懋中正加油站,39760627,0.00,1510.00,超級柴油,金錢,雲林縣莿桐鄉****,,
13,廖秋蓉,107年鄉(鎮、市)長選舉,首次申報,1071019,雜支支出,大家好自助餐,77823566,0.00,300.00,便當,金錢,雲林縣莿桐鄉****,,
14,廖秋蓉,107年鄉(鎮、市)長選舉,首次申報,1071020,雜支支出,紅腳小吃店,39739358,0.00,1600.00,點心,金錢,雲林縣莿桐鄉****,,
15,廖秋蓉,107年鄉(鎮、市)長選舉,首次申報,1071022,交通旅運支出,台灣中油股份有限公司,21801689,0.00,772.00,無鉛汽油,金錢,雅虎站****,,
16,廖秋蓉,107年鄉(鎮、市)長選舉,首次申報,1071026,租用宣傳車輛支出,福懋中正加油站,39760627,0.00,798.00,無鉛汽油,金錢,雲林縣莿桐鄉****,,
17,廖秋蓉,107年鄉(鎮、市)長選舉,首次申報,1071027,交通旅運支出,台灣中油股份有限公司,06163727,0.00,1726.00,無鉛汽油,金錢,斗六南環路站****,,
18,廖秋蓉,107年鄉(鎮、市)長選舉,首次申報,1071031,人事費用支出,周雁軫,A22*******,0.00,12000.00,行政人員月份,金錢,雲林縣斗南鎮****,,
19,廖秋蓉,107年鄉(鎮、市)長選舉,首次申報,1071104,集會支出,梅景食品商行,45799000,0.00,6500.00,餐費(便當),金錢,雲林縣西螺正****,,
20,廖秋蓉,107年鄉(鎮、市)長選舉,首次申報,1071107,宣傳支出,瑞朋影印行,99379265,0.00,420.00,影印文宣,金錢,雲林縣斗六市****,,
21,廖秋蓉,107年鄉(鎮、市)長選舉,首次申報,1071112,集會支出,梅景食品商行,45799000,0.00,10250.00,餐費(便當),金錢,雲林縣西螺正****,,
22,廖秋蓉,107年鄉(鎮、市)長選舉,首次申報,1071112,雜支支出,中華電信股份有限公司,63501100,0.00,672.00,電話通話費,金錢,斗六市文化路****,,
23,廖秋蓉,107年鄉(鎮、市)長選舉,首次申報,1071112,租用宣傳車輛支出,斗六店子材料行,97618873,0.00,1250.00,喇叭頭修理,金錢,斗六市中山路****,,
24,廖秋蓉,107年鄉(鎮、市)長選舉,首次申報,1071114,集會支出,梅景食品商行,45799000,0.00,14500.00,餐費(便當),金錢,雲林縣西螺正****,,
25,廖秋蓉,107年鄉(鎮、市)長選舉,首次申報,1071115,宣傳支出,富藝霓虹廣告社,92824092,0.00,45341.00,帆布廣告,金錢,斗六市青島路****,,
26,廖秋蓉,107年鄉(鎮、市)長選舉,首次申報,1071122,集會支出,宏紳企業社,39711154,0.00,14000.00,舞台車租賃,金錢,雲林縣斗六市****,,
27,廖秋蓉,107年鄉(鎮、市)長選舉,首次申報,1071124,雜支支出,紅腳小吃店,39739358,0.00,4500.00,餐點,金錢,雲林縣莿桐鄉****,,
28,廖秋蓉,107年鄉(鎮、市)長選舉,首次申報,1071126,租用宣傳車輛支出,丁原榮,P12*******,0.00,21000.00,廣告車司機薪資,金錢,雲林縣大美村****,,
29,廖秋蓉,107年鄉(鎮、市)長選舉,首次申報,1071130,人事費用支出,周雁軫,A22*******,0.00,12000.00,行政人員月份,金錢,雲林縣斗南鎮****,,
30,廖秋蓉,107年鄉(鎮、市)長選舉,首次申報,1071201,雜支支出,中華電信股份有限公司,63501100,0.00,925.00,電話通話費,金錢,斗六市文化路****,,
31,廖秋蓉,107年鄉(鎮、市)長選舉,首次申報,1071205,宣傳支出,華楓印刷設計,15600755,0.00,8800.00,DM傳單邀請卡等,金錢,斗六市信義里****,,
32,廖秋蓉,107年鄉(鎮、市)長選舉,首次申報,1071213,雜支支出,中華電信股份有限公司,63501100,0.00,409.00,電話通話費,金錢,斗六市文化路****,,
