﻿序號,擬參選人／政黨,選舉名稱,申報序號／年度,交易日期,收支科目,捐贈者／支出對象,身分證／統一編號,收入金額,支出金額,支出用途,金錢類,地址,聯絡電話,資料更正日期
1,黃健忠,107年鄉(鎮、市)長選舉,首次申報,1070724,租用競選辦事處支出,陳昱丞,S12*******,0.00,30000.00,租用競選辦事處費用,金錢,高雄市苓雅區****,,
2,黃健忠,107年鄉(鎮、市)長選舉,首次申報,1070725,雜支支出,重仁食品商行,60360838,0.00,180.00,糖果,金錢,澎湖縣馬公市****,06-9*****,
3,黃健忠,107年鄉(鎮、市)長選舉,首次申報,1070726,雜支支出,明鋒企業行,40807446,0.00,3000.00,吊運費,金錢,澎湖縣馬公市****,0922*****,
4,黃健忠,107年鄉(鎮、市)長選舉,首次申報,1070728,雜支支出,燦坤實業股份有限公司澎湖分公司,27247420,0.00,876.00,C產品,金錢,澎湖縣馬公市****,06-9*****,
5,黃健忠,107年鄉(鎮、市)長選舉,首次申報,1070728,租用宣傳車輛支出,統一精工,80802404,0.00,1145.00,油料費用,金錢,澎湖縣馬公市****,06-9*****,
6,黃健忠,107年鄉(鎮、市)長選舉,首次申報,1070728,租用宣傳車輛支出,文澳加油站,89220175,0.00,1000.00,油料費用,金錢,澎湖縣馬公市****,06-9*****,
7,黃健忠,107年鄉(鎮、市)長選舉,首次申報,1070728,雜支支出,正新商行,96001105,0.00,15.00,文具用品,金錢,澎湖縣馬公市****,06-9*****,
8,黃健忠,107年鄉(鎮、市)長選舉,首次申報,1070728,宣傳支出,福斯西裝社,96334808,0.00,350.00,紅布條,金錢,澎湖縣馬公市****,06-9*****,
9,黃健忠,107年鄉(鎮、市)長選舉,首次申報,1070728,雜支支出,大同書局,96576621,0.00,30.00,文具用品,金錢,澎湖縣馬公市****,06-9*****,
10,黃健忠,107年鄉(鎮、市)長選舉,首次申報,1070731,宣傳支出,九龍煙火有限公司,24852562,0.00,50000.00,製作競選物品支出（帆布輸出）,金錢,澎湖縣馬公市****,06-9*****,
11,黃健忠,107年鄉(鎮、市)長選舉,首次申報,1070731,雜支支出,明鋒企業行,40807446,0.00,3000.00,吊運費,金錢,澎湖縣馬公市****,0922*****,
12,黃健忠,107年鄉(鎮、市)長選舉,首次申報,1070731,雜支支出,悟饕澎湖馬公店,80802220,0.00,320.00,餐飲費用,金錢,澎湖縣馬公市****,06-9*****,
13,黃健忠,107年鄉(鎮、市)長選舉,首次申報,1070731,人事費用支出,許雅婷,X22*******,0.00,25000.00,工資或薪津,金錢,澎湖縣馬公市****,06-9*****,
14,黃健忠,107年鄉(鎮、市)長選舉,首次申報,1070801,宣傳支出,百駿企業行,37663352,0.00,19100.00,製作宣傳廣告支出,金錢,澎湖縣馬公市****,06-9*****,
15,黃健忠,107年鄉(鎮、市)長選舉,首次申報,1070801,雜支支出,一新書局,96001105,0.00,30.00,文具用品,金錢,澎湖縣馬公市****,06-9*****,
16,黃健忠,107年鄉(鎮、市)長選舉,首次申報,1070802,雜支支出,悟饕澎湖馬公店,80802220,0.00,160.00,餐飲費用,金錢,澎湖縣馬公市****,06-9*****,
17,黃健忠,107年鄉(鎮、市)長選舉,首次申報,1070803,雜支支出,創新廣告社,08022479,0.00,1250.00,彩帶,金錢,屏東縣屏東市****,0873*****,
18,黃健忠,107年鄉(鎮、市)長選舉,首次申報,1070804,租用宣傳車輛支出,台灣中油馬公加油站,03707901,0.00,500.00,油料費用,金錢,澎湖縣馬公市****,06-9*****,
19,黃健忠,107年鄉(鎮、市)長選舉,首次申報,1070804,宣傳支出,百駿企業行,37663352,0.00,1230.00,製作競選物品支出(明信片),金錢,澎湖縣馬公市****,06-9*****,
20,黃健忠,107年鄉(鎮、市)長選舉,首次申報,1070805,雜支支出,利樂拉精緻早餐城,87732328,0.00,275.00,餐飲費用,金錢,澎湖縣馬公市****,06-9*****,
21,黃健忠,107年鄉(鎮、市)長選舉,首次申報,1070807,雜支支出,重仁食品商行,60360838,0.00,200.00,糖果,金錢,澎湖縣馬公市****,06-9*****,
22,黃健忠,107年鄉(鎮、市)長選舉,首次申報,1070808,租用宣傳車輛支出,台灣中油大家加油站,77187828,0.00,1220.00,油料費用,金錢,澎湖縣馬公市****,06-9*****,
23,黃健忠,107年鄉(鎮、市)長選舉,首次申報,1070808,雜支支出,一新書局,96001105,0.00,184.00,文具用品,金錢,澎湖縣馬公市****,06-9*****,
24,黃健忠,107年鄉(鎮、市)長選舉,首次申報,1070809,租用宣傳車輛支出,台灣中油馬公加油站,77187828,0.00,1000.00,油料費用,金錢,澎湖縣馬公市****,06-9*****,
25,黃健忠,107年鄉(鎮、市)長選舉,首次申報,1070809,雜支支出,鄉味双併便當店,96679915,0.00,240.00,餐飲費用,金錢,澎湖縣馬公市****,06-9*****,
26,黃健忠,107年鄉(鎮、市)長選舉,首次申報,1070810,雜支支出,台南肉燥飯,25768107,0.00,80.00,餐飲費用,金錢,澎湖縣馬公市****,06-9*****,
27,黃健忠,107年鄉(鎮、市)長選舉,首次申報,1070810,雜支支出,悟饕澎湖馬公店,80802220,0.00,80.00,餐飲費用,金錢,澎湖縣馬公市****,06-9*****,
28,黃健忠,107年鄉(鎮、市)長選舉,首次申報,1070811,雜支支出,鄉味双併便當店,96679915,0.00,80.00,餐飲費用,金錢,澎湖縣馬公市****,06-9*****,
29,黃健忠,107年鄉(鎮、市)長選舉,首次申報,1070811,雜支支出,鄉味双併便當店,96679915,0.00,85.00,餐飲費用,金錢,澎湖縣馬公市****,06-9*****,
30,黃健忠,107年鄉(鎮、市)長選舉,首次申報,1070812,宣傳支出,新潮錄音室,87663645,0.00,3200.00,播送、傳送或刊登宣傳廣告支出,金錢,屏東縣屏東市****,08-7*****,
31,黃健忠,107年鄉(鎮、市)長選舉,首次申報,1070812,雜支支出,讚哥餐館,96592657,0.00,130.00,餐飲費用,金錢,澎湖縣馬公市****,06-9*****,
32,黃健忠,107年鄉(鎮、市)長選舉,首次申報,1070812,雜支支出,讚哥餐館,96592657,0.00,75.00,餐飲費用,金錢,澎湖縣馬公市****,06-9*****,
33,黃健忠,107年鄉(鎮、市)長選舉,首次申報,1070812,雜支支出,鄉味双併便當店,96679915,0.00,160.00,餐飲費用,金錢,澎湖縣馬公市****,06-9*****,
34,黃健忠,107年鄉(鎮、市)長選舉,首次申報,1070812,雜支支出,鄉味双併便當店,96679915,0.00,325.00,餐飲費用,金錢,澎湖縣馬公市****,06-9*****,
35,黃健忠,107年鄉(鎮、市)長選舉,首次申報,1070813,雜支支出,明鋒企業行,40807446,0.00,2000.00,吊運費,金錢,澎湖縣馬公市****,0922*****,
36,黃健忠,107年鄉(鎮、市)長選舉,首次申報,1070813,返還支出,蕭嘉萱,F22*******,0.00,100000.00,返還,金錢,澎湖縣馬公市****,,
37,黃健忠,107年鄉(鎮、市)長選舉,首次申報,1070814,雜支支出,台南肉燥飯,25768107,0.00,190.00,餐飲費用,金錢,澎湖縣馬公市****,06-9*****,
38,黃健忠,107年鄉(鎮、市)長選舉,首次申報,1070814,雜支支出,馬路益燒肉飯,26410423,0.00,130.00,餐飲費用,金錢,澎湖縣馬公市****,06-9*****,
39,黃健忠,107年鄉(鎮、市)長選舉,首次申報,1070814,租用宣傳車輛支出,文東加油站,28938513,0.00,500.00,宣傳車油料支出,金錢,澎湖縣馬公市****,06-9*****,
40,黃健忠,107年鄉(鎮、市)長選舉,首次申報,1070814,雜支支出,鄉味双併便當店,96679915,0.00,305.00,餐飲費用,金錢,澎湖縣馬公市****,06-9*****,
41,黃健忠,107年鄉(鎮、市)長選舉,首次申報,1070814,租用競選辦事處支出,陳昱丞,S12*******,0.00,30000.00,服務處租金,金錢,高雄市苓雅區****,0921*****,
42,黃健忠,107年鄉(鎮、市)長選舉,首次申報,1070815,雜支支出,應時勢小點部,08179470,0.00,150.00,餐飲費用,金錢,澎湖縣馬公市****,06-9*****,
43,黃健忠,107年鄉(鎮、市)長選舉,首次申報,1070816,雜支支出,一新書局,96001105,0.00,78.00,文具用品,金錢,澎湖縣馬公市****,06-9*****,
44,黃健忠,107年鄉(鎮、市)長選舉,首次申報,1070818,雜支支出,馬路益燒肉飯,26410423,0.00,130.00,餐飲費用,金錢,澎湖縣馬公市****,06-9*****,
45,黃健忠,107年鄉(鎮、市)長選舉,首次申報,1070818,雜支支出,鄉味双併便當店,96679915,0.00,400.00,餐飲費用,金錢,澎湖縣馬公市****,06-9*****,
46,黃健忠,107年鄉(鎮、市)長選舉,首次申報,1070819,雜支支出,馬路益燒肉飯,26410423,0.00,260.00,餐飲費用,金錢,澎湖縣馬公市****,06-9*****,
47,黃健忠,107年鄉(鎮、市)長選舉,首次申報,1070819,雜支支出,鄉味双併便當店,96679915,0.00,160.00,餐飲費用,金錢,澎湖縣馬公市****,06-9*****,
48,黃健忠,107年鄉(鎮、市)長選舉,首次申報,1070819,宣傳支出,勝華行,96684706,0.00,20000.00,製作競選物品支出（口罩）,金錢,澎湖縣馬公市****,06-9*****,
49,黃健忠,107年鄉(鎮、市)長選舉,首次申報,1070820,雜支支出,香亭小吃部,60356948,0.00,210.00,餐飲費用,金錢,澎湖縣馬公市****,06-9*****,
50,黃健忠,107年鄉(鎮、市)長選舉,首次申報,1070820,租用宣傳車輛支出,台灣中油大家加油站,77187828,0.00,1000.00,油料費用,金錢,澎湖縣馬公市****,06-9*****,
51,黃健忠,107年鄉(鎮、市)長選舉,首次申報,1070820,雜支支出,鄉味双併便當店,96679915,0.00,170.00,餐飲費用,金錢,澎湖縣馬公市****,06-9*****,
52,黃健忠,107年鄉(鎮、市)長選舉,首次申報,1070821,雜支支出,全發商行,37664514,0.00,120.00,五金用品,金錢,澎湖縣馬公市****,06-9*****,
53,黃健忠,107年鄉(鎮、市)長選舉,首次申報,1070821,雜支支出,一新書局,96001105,0.00,39.00,文具用品,金錢,澎湖縣馬公市****,06-9*****,
54,黃健忠,107年鄉(鎮、市)長選舉,首次申報,1070821,雜支支出,鄉味双併便當店,96679915,0.00,360.00,餐飲費用,金錢,澎湖縣馬公市****,06-9*****,
55,黃健忠,107年鄉(鎮、市)長選舉,首次申報,1070822,雜支支出,鄉味双併便當店,96679915,0.00,170.00,餐飲費用,金錢,澎湖縣馬公市****,06-9*****,
56,黃健忠,107年鄉(鎮、市)長選舉,首次申報,1070823,雜支支出,鄉味双併便當店,96679915,0.00,160.00,餐飲費用,金錢,澎湖縣馬公市****,06-9*****,
57,黃健忠,107年鄉(鎮、市)長選舉,首次申報,1070824,雜支支出,應時勢小點部,08179470,0.00,115.00,餐飲費用,金錢,澎湖縣馬公市****,06-9*****,
58,黃健忠,107年鄉(鎮、市)長選舉,首次申報,1070824,宣傳支出,立群藝品刻印行,37664991,0.00,200.00,製作競選物品支出（原子章）,金錢,澎湖縣馬公市****,06-9*****,
59,黃健忠,107年鄉(鎮、市)長選舉,首次申報,1070825,雜支支出,香亭小吃部,60356948,0.00,160.00,餐飲費用,金錢,澎湖縣馬公市****,06-9*****,
60,黃健忠,107年鄉(鎮、市)長選舉,首次申報,1070826,雜支支出,台南肉燥飯,25768107,0.00,200.00,餐飲費用,金錢,澎湖縣馬公市****,06-9*****,
61,黃健忠,107年鄉(鎮、市)長選舉,首次申報,1070826,雜支支出,正新商行,80794306,0.00,400.00,民生用品,金錢,澎湖縣馬公市****,06-9*****,
62,黃健忠,107年鄉(鎮、市)長選舉,首次申報,1070826,租用宣傳車輛支出,統一精工,80802404,0.00,1000.00,油料費用,金錢,澎湖縣馬公市****,06-9*****,
63,黃健忠,107年鄉(鎮、市)長選舉,首次申報,1070826,雜支支出,鄉味双併便當店,96679915,0.00,240.00,餐飲費用,金錢,澎湖縣馬公市****,06-9*****,
64,黃健忠,107年鄉(鎮、市)長選舉,首次申報,1070827,宣傳支出,九龍煙火有限公司,24852562,0.00,50000.00,製作競選物品支出（帆布輸出）,金錢,澎湖縣馬公市****,06-9*****,
65,黃健忠,107年鄉(鎮、市)長選舉,首次申報,1070827,雜支支出,馬路益燒肉飯,26410423,0.00,260.00,餐飲費用,金錢,澎湖縣馬公市****,06-9*****,
66,黃健忠,107年鄉(鎮、市)長選舉,首次申報,1070827,雜支支出,馬路益燒肉飯,26410423,0.00,130.00,餐飲費用,金錢,澎湖縣馬公市****,06-9*****,
67,黃健忠,107年鄉(鎮、市)長選舉,首次申報,1070827,宣傳支出,百駿企業行,37663352,0.00,3800.00,製作宣傳廣告支出,金錢,澎湖縣馬公市****,06-9*****,
68,黃健忠,107年鄉(鎮、市)長選舉,首次申報,1070827,雜支支出,重仁食品商行,60360838,0.00,110.00,糖果,金錢,澎湖縣馬公市****,06-9*****,
69,黃健忠,107年鄉(鎮、市)長選舉,首次申報,1070828,雜支支出,一新書局,96001105,0.00,257.00,文具用品,金錢,澎湖縣馬公市****,06-9*****,
70,黃健忠,107年鄉(鎮、市)長選舉,首次申報,1070829,租用宣傳車輛支出,台灣中油馬公加油站,77187828,0.00,1000.00,油料費用,金錢,澎湖縣馬公市****,06-9*****,
71,黃健忠,107年鄉(鎮、市)長選舉,首次申報,1070829,雜支支出,鄉味双併便當店,96679915,0.00,340.00,餐飲費用,金錢,澎湖縣馬公市****,06-9*****,
72,黃健忠,107年鄉(鎮、市)長選舉,首次申報,1070830,雜支支出,燦坤實業股份有限公司澎湖分公司,27247420,0.00,249.00,C產品,金錢,澎湖縣馬公市****,06-9*****,
73,黃健忠,107年鄉(鎮、市)長選舉,首次申報,1070831,租用宣傳車輛支出,統一精工,80802404,0.00,1111.00,油料費用,金錢,澎湖縣馬公市****,06-9*****,
74,黃健忠,107年鄉(鎮、市)長選舉,首次申報,1070831,雜支支出,一新書局,96001105,0.00,732.00,文具用品,金錢,澎湖縣馬公市****,06-9*****,
75,黃健忠,107年鄉(鎮、市)長選舉,首次申報,1070831,雜支支出,鄉味双併便當店,96679915,0.00,80.00,餐飲費用,金錢,澎湖縣馬公市****,06-9*****,
76,黃健忠,107年鄉(鎮、市)長選舉,首次申報,1070831,雜支支出,鄉味双併便當店,96679915,0.00,350.00,餐飲費用,金錢,澎湖縣馬公市****,06-9*****,
77,黃健忠,107年鄉(鎮、市)長選舉,首次申報,1070831,人事費用支出,許雅婷,X22*******,0.00,25000.00,職員相關支出,金錢,澎湖縣馬公市****,06-9*****,
78,黃健忠,107年鄉(鎮、市)長選舉,首次申報,1070901,雜支支出,台南肉燥飯,25768107,0.00,370.00,餐飲費用,金錢,澎湖縣馬公市****,06-9*****,
79,黃健忠,107年鄉(鎮、市)長選舉,首次申報,1070901,雜支支出,裕雄麵店,37667110,0.00,210.00,餐飲費用,金錢,澎湖縣馬公市****,06-9*****,
80,黃健忠,107年鄉(鎮、市)長選舉,首次申報,1070901,雜支支出,港味燒腊快餐,47932882,0.00,1600.00,餐飲費用,金錢,澎湖縣馬公市****,06-9*****,
81,黃健忠,107年鄉(鎮、市)長選舉,首次申報,1070902,雜支支出,昱宏餐館,36878947,0.00,800.00,餐飲費用,金錢,澎湖縣馬公市****,06-9*****,
82,黃健忠,107年鄉(鎮、市)長選舉,首次申報,1070902,雜支支出,明鋒企業行,40807446,0.00,2000.00,吊運費,金錢,澎湖縣馬公市****,0922*****,
83,黃健忠,107年鄉(鎮、市)長選舉,首次申報,1070902,雜支支出,悟饕澎湖馬公店,80802220,0.00,960.00,餐飲費用,金錢,澎湖縣馬公市****,06-9*****,
84,黃健忠,107年鄉(鎮、市)長選舉,首次申報,1070902,宣傳支出,七美塑膠帆布材料行,87736056,0.00,1000.00,帆布修補,金錢,澎湖縣馬公市****,06-9*****,
85,黃健忠,107年鄉(鎮、市)長選舉,首次申報,1070902,雜支支出,鄉味双併便當店,96679915,0.00,160.00,餐飲費用,金錢,澎湖縣馬公市****,06-9*****,
86,黃健忠,107年鄉(鎮、市)長選舉,首次申報,1070903,雜支支出,台南肉燥飯,25768107,0.00,80.00,餐飲費用,金錢,澎湖縣馬公市****,06-9*****,
87,黃健忠,107年鄉(鎮、市)長選舉,首次申報,1070903,雜支支出,錦順麵店,26409018,0.00,100.00,餐飲費用,金錢,澎湖縣馬公市****,06-9*****,
88,黃健忠,107年鄉(鎮、市)長選舉,首次申報,1070903,雜支支出,重仁食品商行,60360838,0.00,210.00,糖果,金錢,澎湖縣馬公市****,06-9*****,
89,黃健忠,107年鄉(鎮、市)長選舉,首次申報,1070903,租用宣傳車輛支出,台灣中油馬公加油站,77187828,0.00,145.00,油料費用,金錢,澎湖縣馬公市****,06-9*****,
90,黃健忠,107年鄉(鎮、市)長選舉,首次申報,1070903,雜支支出,鄉味双併便當店,96679915,0.00,190.00,餐飲費用,金錢,澎湖縣馬公市****,06-9*****,
91,黃健忠,107年鄉(鎮、市)長選舉,首次申報,1070904,雜支支出,台南肉燥飯,25768107,0.00,100.00,餐飲費用,金錢,澎湖縣馬公市****,06-9*****,
92,黃健忠,107年鄉(鎮、市)長選舉,首次申報,1070904,雜支支出,利樂拉精緻早餐城,87732328,0.00,315.00,餐飲費用,金錢,澎湖縣馬公市****,06-9*****,
93,黃健忠,107年鄉(鎮、市)長選舉,首次申報,1070904,雜支支出,中華電信股份有限公司,87739960,0.00,637.00,電話費用,金錢,澎湖縣馬公市****,,
94,黃健忠,107年鄉(鎮、市)長選舉,首次申報,1070904,雜支支出,中華電信股份有限公司,87739960,0.00,229.00,電話費用,金錢,澎湖縣馬公市****,,
95,黃健忠,107年鄉(鎮、市)長選舉,首次申報,1070904,雜支支出,阿香自助餐,87750541,0.00,60.00,餐飲費用,金錢,澎湖縣馬公市****,06-9*****,
96,黃健忠,107年鄉(鎮、市)長選舉,首次申報,1070905,雜支支出,台南肉燥飯,25768107,0.00,130.00,餐飲費用,金錢,澎湖縣馬公市****,06-9*****,
97,黃健忠,107年鄉(鎮、市)長選舉,首次申報,1070905,雜支支出,錦順麵店,26409018,0.00,115.00,餐飲費用,金錢,澎湖縣馬公市****,06-9*****,
98,黃健忠,107年鄉(鎮、市)長選舉,首次申報,1070905,租用宣傳車輛支出,統一精工,80802404,0.00,1277.00,油料費用,金錢,澎湖縣馬公市****,06-9*****,
99,黃健忠,107年鄉(鎮、市)長選舉,首次申報,1070905,雜支支出,利樂拉精緻早餐城,87732328,0.00,240.00,餐飲費用,金錢,澎湖縣馬公市****,06-9*****,
100,黃健忠,107年鄉(鎮、市)長選舉,首次申報,1070906,雜支支出,香亭小吃部,60356948,0.00,140.00,餐飲費用,金錢,澎湖縣馬公市****,06-9*****,
101,黃健忠,107年鄉(鎮、市)長選舉,首次申報,1070906,雜支支出,鐘記燒餅,80809217,0.00,400.00,餐飲費用,金錢,澎湖縣馬公市****,06-9*****,
102,黃健忠,107年鄉(鎮、市)長選舉,首次申報,1070906,宣傳支出,勝華行,96684706,0.00,15000.00,製作競選物品支出（口罩）,金錢,澎湖縣馬公市****,06-9*****,
103,黃健忠,107年鄉(鎮、市)長選舉,首次申報,1070907,租用宣傳車輛支出,台灣中油馬公加油站,03707901,0.00,800.00,油料費用,金錢,澎湖縣馬公市****,06-9*****,
104,黃健忠,107年鄉(鎮、市)長選舉,首次申報,1070907,雜支支出,二信飯糰,36879426,0.00,250.00,餐飲費用,金錢,澎湖縣馬公市****,0912*****,
105,黃健忠,107年鄉(鎮、市)長選舉,首次申報,1070907,雜支支出,芳園自助餐,87736112,0.00,60.00,餐飲費用,金錢,澎湖縣馬公市****,06-9*****,
106,黃健忠,107年鄉(鎮、市)長選舉,首次申報,1070908,租用宣傳車輛支出,泰永北辰加油站,27436766,0.00,1000.00,油料費用,金錢,澎湖縣馬公市****,06-9*****,
107,黃健忠,107年鄉(鎮、市)長選舉,首次申報,1070908,雜支支出,全聯福利中心,70812229,0.00,109.00,民生用品,金錢,澎湖縣馬公市****,06-9*****,
108,黃健忠,107年鄉(鎮、市)長選舉,首次申報,1070908,雜支支出,紫光行,96627473,0.00,85.00,餐飲費用,金錢,澎湖縣馬公市****,06-9*****,
109,黃健忠,107年鄉(鎮、市)長選舉,首次申報,1070908,雜支支出,鄉味双併便當店,96679915,0.00,455.00,餐飲費用,金錢,澎湖縣馬公市****,06-9*****,
110,黃健忠,107年鄉(鎮、市)長選舉,首次申報,1070909,雜支支出,錦順麵店,26409018,0.00,165.00,餐飲費用,金錢,澎湖縣馬公市****,06-9*****,
111,黃健忠,107年鄉(鎮、市)長選舉,首次申報,1070909,租用宣傳車輛支出,台灣中油馬公加油站,77187828,0.00,1095.00,油料費用,金錢,澎湖縣馬公市****,06-9*****,
112,黃健忠,107年鄉(鎮、市)長選舉,首次申報,1070910,雜支支出,台南肉燥飯,25768107,0.00,130.00,餐飲費用,金錢,澎湖縣馬公市****,06-9*****,
113,黃健忠,107年鄉(鎮、市)長選舉,首次申報,1070910,雜支支出,一新書局,96001105,0.00,80.00,文具用品,金錢,澎湖縣馬公市****,06-9*****,
114,黃健忠,107年鄉(鎮、市)長選舉,首次申報,1070911,雜支支出,城隍廟前燒肉飯,77187989,0.00,100.00,餐飲費用,金錢,澎湖縣馬公市****,06-9*****,
115,黃健忠,107年鄉(鎮、市)長選舉,首次申報,1070912,租用宣傳車輛支出,泰永加油站實業有限公司,80072357,0.00,500.00,油料費用,金錢,澎湖縣馬公市****,06-9*****,
116,黃健忠,107年鄉(鎮、市)長選舉,首次申報,1070912,雜支支出,鄉味双併便當店,96679915,0.00,400.00,餐飲費用,金錢,澎湖縣馬公市****,06-9*****,
117,黃健忠,107年鄉(鎮、市)長選舉,首次申報,1070913,雜支支出,台南肉燥飯,25768107,0.00,130.00,餐飲費用,金錢,澎湖縣馬公市****,06-9*****,
118,黃健忠,107年鄉(鎮、市)長選舉,首次申報,1070913,雜支支出,錦順麵店,26409018,0.00,170.00,餐飲費用,金錢,澎湖縣馬公市****,06-9*****,
119,黃健忠,107年鄉(鎮、市)長選舉,首次申報,1070914,雜支支出,台南肉燥飯,25768107,0.00,90.00,餐飲費用,金錢,澎湖縣馬公市****,06-9*****,
120,黃健忠,107年鄉(鎮、市)長選舉,首次申報,1070914,雜支支出,建興商號,77195587,0.00,110.00,餐飲費用,金錢,澎湖縣馬公市****,06-9*****,
121,黃健忠,107年鄉(鎮、市)長選舉,首次申報,1070915,雜支支出,鐘記燒餅,80809217,0.00,144.00,餐飲費用,金錢,澎湖縣馬公市****,06-9*****,
122,黃健忠,107年鄉(鎮、市)長選舉,首次申報,1070915,雜支支出,讚哥餐館,96592657,0.00,90.00,餐飲費用,金錢,澎湖縣馬公市****,06-9*****,
123,黃健忠,107年鄉(鎮、市)長選舉,首次申報,1070916,雜支支出,錦順麵店,26409018,0.00,280.00,餐飲費用,金錢,澎湖縣馬公市****,06-9*****,
124,黃健忠,107年鄉(鎮、市)長選舉,首次申報,1070916,雜支支出,長興早點,87749518,0.00,900.00,餐飲費用,金錢,澎湖縣馬公市****,06-9*****,
125,黃健忠,107年鄉(鎮、市)長選舉,首次申報,1070916,租用宣傳車輛支出,文澳加油站,89220175,0.00,1000.00,宣傳車輛燃料支出,金錢,澎湖縣馬公市****,06-9*****,
126,黃健忠,107年鄉(鎮、市)長選舉,首次申報,1070916,雜支支出,讚哥餐館,96592657,0.00,75.00,餐飲費用,金錢,澎湖縣馬公市****,06-9*****,
127,黃健忠,107年鄉(鎮、市)長選舉,首次申報,1070917,返還支出,和平營造有限公司,55742787,0.00,10000.00,返還,金錢,,,
128,黃健忠,107年鄉(鎮、市)長選舉,首次申報,1070917,雜支支出,香亭小吃部,60356948,0.00,140.00,餐飲費用,金錢,澎湖縣馬公市****,06-9*****,
129,黃健忠,107年鄉(鎮、市)長選舉,首次申報,1070917,雜支支出,陳昱丞,S12*******,0.00,6598.00,-月水電費用,金錢,高雄市苓雅區****,,
130,黃健忠,107年鄉(鎮、市)長選舉,首次申報,1070917,租用競選辦事處支出,陳昱丞,S12*******,0.00,30000.00,服務處租金,金錢,高雄市苓雅區****,0921*****,
131,黃健忠,107年鄉(鎮、市)長選舉,首次申報,1070919,雜支支出,台南肉燥飯,25768107,0.00,130.00,餐飲費用,金錢,澎湖縣馬公市****,06-9*****,
132,黃健忠,107年鄉(鎮、市)長選舉,首次申報,1070919,租用宣傳車輛支出,寶憶機車材料行,40807353,0.00,4960.00,變電器,金錢,澎湖縣馬公市****,06-9*****,
133,黃健忠,107年鄉(鎮、市)長選舉,首次申報,1070919,租用宣傳車輛支出,泰永加油站實業有限公司,80072357,0.00,500.00,油料費用,金錢,澎湖縣馬公市****,06-9*****,
134,黃健忠,107年鄉(鎮、市)長選舉,首次申報,1070919,雜支支出,卡拉雞炸雞店,80794354,0.00,250.00,餐飲費用,金錢,澎湖縣馬公市****,06-9*****,
135,黃健忠,107年鄉(鎮、市)長選舉,首次申報,1070919,雜支支出,阿香自助餐,87750541,0.00,370.00,餐飲費用,金錢,澎湖縣馬公市****,06-9*****,
136,黃健忠,107年鄉(鎮、市)長選舉,首次申報,1070920,雜支支出,台南肉燥飯,25768107,0.00,140.00,餐飲費用,金錢,澎湖縣馬公市****,06-9*****,
137,黃健忠,107年鄉(鎮、市)長選舉,首次申報,1070920,雜支支出,香亭小吃部,60356948,0.00,70.00,餐飲費用,金錢,澎湖縣馬公市****,06-9*****,
138,黃健忠,107年鄉(鎮、市)長選舉,首次申報,1070920,雜支支出,光明商號,87745267,0.00,1000.00,飲用水,金錢,澎湖縣馬公市****,06-9*****,
139,黃健忠,107年鄉(鎮、市)長選舉,首次申報,1070920,宣傳支出,佛光大學民意調查研究中心,87786870,0.00,85000.00,委託辦理研究、評估、調查、設計或規劃支出,金錢,宜蘭縣宜蘭市****,03-9*****,
140,黃健忠,107年鄉(鎮、市)長選舉,首次申報,1070920,宣傳支出,勝華行,96684706,0.00,30000.00,製作競選物品支出（口罩）,金錢,澎湖縣馬公市****,06-9*****,
141,黃健忠,107年鄉(鎮、市)長選舉,首次申報,1070921,雜支支出,香亭小吃部,60356948,0.00,140.00,餐飲費用,金錢,澎湖縣馬公市****,06-9*****,
142,黃健忠,107年鄉(鎮、市)長選舉,首次申報,1070921,雜支支出,全聯福利中心,70812229,0.00,145.00,民生用品,金錢,澎湖縣馬公市****,06-9*****,
143,黃健忠,107年鄉(鎮、市)長選舉,首次申報,1070921,雜支支出,一鴻,77187995,0.00,140.00,餐飲費用,金錢,澎湖縣馬公市****,06-9*****,
144,黃健忠,107年鄉(鎮、市)長選舉,首次申報,1070921,雜支支出,泰永加油站實業有限公司,80072357,0.00,500.00,油料費用,金錢,澎湖縣馬公市****,06-9*****,
145,黃健忠,107年鄉(鎮、市)長選舉,首次申報,1070921,雜支支出,鄉味双併便當店,96679915,0.00,80.00,餐飲費用,金錢,澎湖縣馬公市****,06-9*****,
146,黃健忠,107年鄉(鎮、市)長選舉,首次申報,1070921,租用宣傳車輛支出,澎大加油站企業股份有限公司,96896737,0.00,200.00,油料費用,金錢,澎湖縣馬公市****,06-9*****,
147,黃健忠,107年鄉(鎮、市)長選舉,首次申報,1070922,雜支支出,利樂拉精緻早餐城,87732328,0.00,205.00,餐飲費用,金錢,澎湖縣馬公市****,06-9*****,
148,黃健忠,107年鄉(鎮、市)長選舉,首次申報,1070922,租用宣傳車輛支出,宜昌企業行,87752668,0.00,2600.00,維修宣傳車費用,金錢,澎湖縣馬公朝****,06-9*****,
149,黃健忠,107年鄉(鎮、市)長選舉,首次申報,1070923,雜支支出,錦順麵店,26409018,0.00,50.00,餐飲費用,金錢,澎湖縣馬公市****,06-9*****,
150,黃健忠,107年鄉(鎮、市)長選舉,首次申報,1070923,雜支支出,燦坤實業股份有限公司澎湖分公司,27247420,0.00,1949.00,光碟機,金錢,澎湖縣馬公市****,06-9*****,
151,黃健忠,107年鄉(鎮、市)長選舉,首次申報,1070923,租用宣傳車輛支出,泰永加油站實業有限公司,80072357,0.00,300.00,油料費用,金錢,澎湖縣馬公市****,06-9*****,
152,黃健忠,107年鄉(鎮、市)長選舉,首次申報,1070923,雜支支出,安富水電材料五金商行,80807978,0.00,450.00,電線,金錢,澎湖縣馬公市****,06-9*****,
153,黃健忠,107年鄉(鎮、市)長選舉,首次申報,1070924,雜支支出,香亭小吃部,60356948,0.00,70.00,餐飲費用,金錢,澎湖縣馬公市****,06-9*****,
154,黃健忠,107年鄉(鎮、市)長選舉,首次申報,1070924,雜支支出,香亭小吃部,60356948,0.00,140.00,餐飲費用,金錢,澎湖縣馬公市****,06-9*****,
155,黃健忠,107年鄉(鎮、市)長選舉,首次申報,1070924,租用宣傳車輛支出,台灣中油馬公汽車加油站,77187828,0.00,1000.00,宣傳車輛燃料支出,金錢,澎湖縣馬公市****,06-9*****,
156,黃健忠,107年鄉(鎮、市)長選舉,首次申報,1070925,雜支支出,馨文齋禮品社,15627564,0.00,3000.00,黃色輓聯,金錢,高雄市三民區****,07-3*****,
157,黃健忠,107年鄉(鎮、市)長選舉,首次申報,1070925,雜支支出,阿香自助餐,87750541,0.00,90.00,餐飲費用,金錢,澎湖縣馬公市****,06-9*****,
158,黃健忠,107年鄉(鎮、市)長選舉,首次申報,1070926,雜支支出,應時勢小點部,08179470,0.00,95.00,餐飲費用,金錢,澎湖縣馬公市****,06-9*****,
159,黃健忠,107年鄉(鎮、市)長選舉,首次申報,1070926,宣傳支出,九龍煙火有限公司,24852562,0.00,50000.00,帆布輸出,金錢,澎湖縣馬公市****,06-9*****,
160,黃健忠,107年鄉(鎮、市)長選舉,首次申報,1070927,租用宣傳車輛支出,宜昌企業行,87752268,0.00,850.00,維修宣傳車費用,金錢,澎湖縣馬公市****,06-9*****,
161,黃健忠,107年鄉(鎮、市)長選舉,首次申報,1070927,雜支支出,鄉味双併便當店,96679915,0.00,240.00,餐飲費用,金錢,澎湖縣馬公市****,06-9*****,
162,黃健忠,107年鄉(鎮、市)長選舉,首次申報,1070928,雜支支出,一新書局,96001105,0.00,45.00,文具用品,金錢,澎湖縣馬公市****,06-9*****,
163,黃健忠,107年鄉(鎮、市)長選舉,首次申報,1070928,雜支支出,鄉味双併便當店,96679915,0.00,80.00,餐飲費用,金錢,澎湖縣馬公市****,06-9*****,
164,黃健忠,107年鄉(鎮、市)長選舉,首次申報,1070929,集會支出,富國小吃部,18227985,0.00,332000.00,活動餐飲費用,金錢,澎湖縣馬公市****,06-9*****,
165,黃健忠,107年鄉(鎮、市)長選舉,首次申報,1070929,集會支出,仁安生命禮儀社,47933427,0.00,24000.00,租用設備費用,金錢,澎湖縣馬公市****,0955*****,
166,黃健忠,107年鄉(鎮、市)長選舉,首次申報,1070929,雜支支出,皇冠禮品店,77198590,0.00,110.00,影印紙,金錢,澎湖縣馬公市****,06-9*****,
167,黃健忠,107年鄉(鎮、市)長選舉,首次申報,1070929,租用宣傳車輛支出,文澳加油站,89220175,0.00,300.00,油料費用,金錢,澎湖縣馬公市****,06-9*****,
168,黃健忠,107年鄉(鎮、市)長選舉,首次申報,1070930,雜支支出,台南肉燥飯,25768107,0.00,140.00,餐飲費用,金錢,澎湖縣馬公市****,06-9*****,
169,黃健忠,107年鄉(鎮、市)長選舉,首次申報,1070930,宣傳支出,堅創企業行,47751805,0.00,34000.00,看板鷹架,金錢,澎湖縣馬公市****,0905*****,
170,黃健忠,107年鄉(鎮、市)長選舉,首次申報,1070930,人事費用支出,許雅婷,X22*******,0.00,25000.00,職員相關支出,金錢,澎湖縣馬公市****,06-9*****,
171,黃健忠,107年鄉(鎮、市)長選舉,首次申報,1071001,雜支支出,澎湖時報股份有限公司,16220058,0.00,400.00,報費,金錢,澎湖縣馬公市****,06-9*****,
172,黃健忠,107年鄉(鎮、市)長選舉,首次申報,1071001,雜支支出,台南肉燥飯,25768107,0.00,160.00,餐飲費用,金錢,澎湖縣馬公市****,06-9*****,
173,黃健忠,107年鄉(鎮、市)長選舉,首次申報,1071001,雜支支出,台灣中油馬公加油站,77187828,0.00,1451.00,汽機車燃料費用,金錢,澎湖縣馬公市****,06-9*****,
174,黃健忠,107年鄉(鎮、市)長選舉,首次申報,1071001,租用宣傳車輛支出,泰永加油站實業股份有限公司,80072357,0.00,1000.00,宣傳車輛燃料支出,金錢,澎湖縣馬公市****,06-9*****,
175,黃健忠,107年鄉(鎮、市)長選舉,首次申報,1071001,租用宣傳車輛支出,泰永加油站實業有限公司,80072357,0.00,500.00,油料費用,金錢,澎湖縣馬公市****,06-9*****,
176,黃健忠,107年鄉(鎮、市)長選舉,首次申報,1071001,雜支支出,鄉味双併便當店,96679915,0.00,240.00,餐飲費用,金錢,澎湖縣馬公市****,06-9*****,
177,黃健忠,107年鄉(鎮、市)長選舉,首次申報,1071002,集會支出,澎湖縣馬公市清潔隊,,0.00,600.00,清潔整理費用,金錢,澎湖縣馬公市****,06-9*****,
178,黃健忠,107年鄉(鎮、市)長選舉,首次申報,1071002,雜支支出,城隍廟前燒肉飯,77187989,0.00,90.00,餐飲費用,金錢,澎湖縣馬公市****,06-9*****,
179,黃健忠,107年鄉(鎮、市)長選舉,首次申報,1071002,雜支支出,讚哥餐館,96592657,0.00,265.00,餐飲費用,金錢,澎湖縣馬公市****,06-9*****,
180,黃健忠,107年鄉(鎮、市)長選舉,首次申報,1071002,雜支支出,紫光行,96627473,0.00,100.00,餐飲費用,金錢,澎湖縣馬公市****,06-9*****,
181,黃健忠,107年鄉(鎮、市)長選舉,首次申報,1071003,租用宣傳車輛支出,安富水電材料五金商行,80807978,0.00,330.00,維修宣傳車費用,金錢,澎湖縣馬公市****,06-9*****,
182,黃健忠,107年鄉(鎮、市)長選舉,首次申報,1071003,雜支支出,紫光行,96627473,0.00,80.00,餐飲費用,金錢,澎湖縣馬公市****,06-9*****,
183,黃健忠,107年鄉(鎮、市)長選舉,首次申報,1071003,雜支支出,紫光行,96627473,0.00,160.00,餐飲費用,金錢,澎湖縣馬公市****,06-9*****,
184,黃健忠,107年鄉(鎮、市)長選舉,首次申報,1071004,雜支支出,利樂拉精緻早餐城,87732328,0.00,245.00,餐飲費用,金錢,澎湖縣馬公市****,06-9*****,
185,黃健忠,107年鄉(鎮、市)長選舉,首次申報,1071004,雜支支出,紫光行,96627473,0.00,80.00,餐飲費用,金錢,澎湖縣馬公市****,06-9*****,
186,黃健忠,107年鄉(鎮、市)長選舉,首次申報,1071004,雜支支出,鄉味双併便當店,96679915,0.00,240.00,餐飲費用,金錢,澎湖縣馬公市****,06-9*****,
187,黃健忠,107年鄉(鎮、市)長選舉,首次申報,1071004,租用宣傳車輛支出,澎大加油站企業股份有限公司,96896737,0.00,500.00,油料費用,金錢,澎湖縣馬公市****,06-9*****,
188,黃健忠,107年鄉(鎮、市)長選舉,首次申報,1071005,雜支支出,碧蘭小吃部,26411788,0.00,130.00,餐飲費用,金錢,澎湖縣馬公市****,06-9*****,
189,黃健忠,107年鄉(鎮、市)長選舉,首次申報,1071005,租用宣傳車輛支出,台灣中油馬公加油站,77187828,0.00,500.00,油料費用,金錢,澎湖縣馬公市****,06-9*****,
190,黃健忠,107年鄉(鎮、市)長選舉,首次申報,1071005,雜支支出,采岱便當,80791666,0.00,90.00,餐飲費用,金錢,澎湖縣馬公市****,06-9*****,
191,黃健忠,107年鄉(鎮、市)長選舉,首次申報,1071005,雜支支出,利樂拉精緻早餐城,87732328,0.00,265.00,餐飲費用,金錢,澎湖縣馬公市****,06-9*****,
192,黃健忠,107年鄉(鎮、市)長選舉,首次申報,1071006,交通旅運支出,立榮航空股份有限公司,22958771,0.00,941.00,搭乘長程運輸工具費用,金錢,臺北市中山區****,,
193,黃健忠,107年鄉(鎮、市)長選舉,首次申報,1071006,宣傳支出,立群藝品刻印行,37664991,0.00,45.00,製作競選物品支出（橡皮章）,金錢,澎湖縣馬公市****,06-9*****,
194,黃健忠,107年鄉(鎮、市)長選舉,首次申報,1071006,租用宣傳車輛支出,宜昌企業行,87752668,0.00,2000.00,維修宣傳車費用-電池,金錢,澎湖縣馬公市****,06-9*****,
195,黃健忠,107年鄉(鎮、市)長選舉,首次申報,1071006,雜支支出,紫光行,96627473,0.00,160.00,餐飲費用,金錢,澎湖縣馬公市****,06-9*****,
196,黃健忠,107年鄉(鎮、市)長選舉,首次申報,1071007,交通旅運支出,遠東航空股份有限公司,03522003,0.00,1205.00,搭乘長程運輸工具費用,金錢,臺北市松山區****,,
197,黃健忠,107年鄉(鎮、市)長選舉,首次申報,1071007,雜支支出,燦坤實業股份有限公司澎湖分公司,27247420,0.00,2664.00,C產品-隨身碟,金錢,澎湖縣馬公市****,,
198,黃健忠,107年鄉(鎮、市)長選舉,首次申報,1071007,雜支支出,紫光行,96627473,0.00,80.00,餐飲費用,金錢,澎湖縣馬公市****,06-9*****,
199,黃健忠,107年鄉(鎮、市)長選舉,首次申報,1071007,雜支支出,鄉味双併便當店,96679915,0.00,80.00,餐飲費用,金錢,澎湖縣馬公市****,06-9*****,
200,黃健忠,107年鄉(鎮、市)長選舉,首次申報,1071007,雜支支出,鄉味双併便當店,96679915,0.00,80.00,餐飲費用,金錢,澎湖縣馬公市****,06-9*****,
201,黃健忠,107年鄉(鎮、市)長選舉,首次申報,1071008,雜支支出,港味燒腊快餐,47932882,0.00,1000.00,餐飲費用,金錢,澎湖縣馬公市****,06-9*****,
202,黃健忠,107年鄉(鎮、市)長選舉,首次申報,1071008,雜支支出,台灣中油馬公加油站,77187828,0.00,1625.00,汽機車燃料費用,金錢,澎湖縣馬公市****,06-9*****,
203,黃健忠,107年鄉(鎮、市)長選舉,首次申報,1071009,租用宣傳車輛支出,泰永加油站實業有限公司,80072357,0.00,500.00,油料費用,金錢,澎湖縣馬公市****,06-9*****,
204,黃健忠,107年鄉(鎮、市)長選舉,首次申報,1071009,雜支支出,阿香自助餐,87750541,0.00,80.00,餐飲費用,金錢,澎湖縣馬公市****,06-9*****,
205,黃健忠,107年鄉(鎮、市)長選舉,首次申報,1071009,租用宣傳車輛支出,文澳加油站,89220175,0.00,1000.00,宣傳車輛燃料支出,金錢,澎湖縣馬公市****,06-9*****,
206,黃健忠,107年鄉(鎮、市)長選舉,首次申報,1071009,宣傳支出,澎湖有線電視股份有限公司,97170304,0.00,30000.00,播送、傳送或刊登宣傳廣告支出,金錢,澎湖縣馬公市****,06-9*****,
207,黃健忠,107年鄉(鎮、市)長選舉,首次申報,1071010,雜支支出,光復自助餐館,37664887,0.00,75.00,餐飲費用,金錢,澎湖縣馬公市****,06-9*****,
208,黃健忠,107年鄉(鎮、市)長選舉,首次申報,1071010,租用宣傳車輛支出,澎大加油站企業股份有限公司,96896737,0.00,500.00,油料費用,金錢,澎湖縣馬公市****,06-9*****,
209,黃健忠,107年鄉(鎮、市)長選舉,首次申報,1071011,雜支支出,馬路益燒肉飯,26410423,0.00,130.00,餐飲費用,金錢,澎湖縣馬公市****,06-9*****,
210,黃健忠,107年鄉(鎮、市)長選舉,首次申報,1071011,雜支支出,中華電信股份有限公司,87739960,0.00,622.00,電話費用,金錢,澎湖縣馬公市****,,
211,黃健忠,107年鄉(鎮、市)長選舉,首次申報,1071011,雜支支出,中華電信股份有限公司,87739960,0.00,354.00,電話費用,金錢,澎湖縣馬公市****,,
212,黃健忠,107年鄉(鎮、市)長選舉,首次申報,1071011,雜支支出,鄉味双併便當店,96679915,0.00,160.00,餐飲費用,金錢,澎湖縣馬公市****,06-9*****,
213,黃健忠,107年鄉(鎮、市)長選舉,首次申報,1071012,雜支支出,碧蘭小吃部,26411788,0.00,80.00,餐飲費用,金錢,澎湖縣馬公市****,06-9*****,
214,黃健忠,107年鄉(鎮、市)長選舉,首次申報,1071012,租用宣傳車輛支出,澎大加油站企業股份有限公司,96896737,0.00,500.00,油料費用,金錢,澎湖縣馬公市****,06-9*****,
215,黃健忠,107年鄉(鎮、市)長選舉,首次申報,1071013,雜支支出,碧蘭小吃部,26411788,0.00,80.00,餐飲費用,金錢,澎湖縣馬公市****,06-9*****,
216,黃健忠,107年鄉(鎮、市)長選舉,首次申報,1071013,雜支支出,金旺來,80790815,0.00,450.00,圓型標籤印泥,金錢,澎湖縣馬公市****,06-9*****,
217,黃健忠,107年鄉(鎮、市)長選舉,首次申報,1071013,雜支支出,一新書局,96001105,0.00,78.00,文具用品-泡棉膠帶,金錢,澎湖縣馬公市****,06-9*****,
218,黃健忠,107年鄉(鎮、市)長選舉,首次申報,1071013,雜支支出,鄉味双併便當店,96679915,0.00,400.00,餐飲費用,金錢,澎湖縣馬公市****,06-9*****,
219,黃健忠,107年鄉(鎮、市)長選舉,首次申報,1071014,雜支支出,錦順麵店,26409018,0.00,80.00,餐飲費用,金錢,澎湖縣馬公市****,06-9*****,
220,黃健忠,107年鄉(鎮、市)長選舉,首次申報,1071014,雜支支出,台灣中油馬公加油站,77187828,0.00,1643.00,汽機車燃料費用,金錢,澎湖縣馬公市****,06-9*****,
221,黃健忠,107年鄉(鎮、市)長選舉,首次申報,1071014,雜支支出,鄉味双併便當店,96679915,0.00,340.00,餐飲費用,金錢,澎湖縣馬公市****,06-9*****,
222,黃健忠,107年鄉(鎮、市)長選舉,首次申報,1071015,宣傳支出,九龍煙火有限公司,24852562,0.00,87984.00,帆布輸出,金錢,澎湖縣馬公市****,06-9*****,
223,黃健忠,107年鄉(鎮、市)長選舉,首次申報,1071015,宣傳支出,堅創企業行,47751805,0.00,20000.00,看板鷹架,金錢,澎湖縣馬公市****,0905*****,
224,黃健忠,107年鄉(鎮、市)長選舉,首次申報,1071015,雜支支出,香亭小吃部,60356948,0.00,90.00,餐飲費用,金錢,澎湖縣馬公市****,06-9*****,
225,黃健忠,107年鄉(鎮、市)長選舉,首次申報,1071015,雜支支出,悟饕澎湖馬公店,80802220,0.00,400.00,餐飲費用,金錢,澎湖縣馬公市****,06-9*****,
226,黃健忠,107年鄉(鎮、市)長選舉,首次申報,1071015,雜支支出,一新書局,96001105,0.00,620.00,文具用品-製作告示牌,金錢,澎湖縣馬公市****,06-9*****,
227,黃健忠,107年鄉(鎮、市)長選舉,首次申報,1071016,雜支支出,歐萊早點店,08194943,0.00,194.00,餐飲費用,金錢,澎湖縣馬公市****,06-9*****,
228,黃健忠,107年鄉(鎮、市)長選舉,首次申報,1071016,雜支支出,十全廣告企業,18227373,0.00,600.00,割字,金錢,澎湖縣馬公市****,06-9*****,
229,黃健忠,107年鄉(鎮、市)長選舉,首次申報,1071016,雜支支出,碧蘭小吃部,26411788,0.00,90.00,餐飲費用,金錢,澎湖縣馬公市****,06-9*****,
230,黃健忠,107年鄉(鎮、市)長選舉,首次申報,1071016,雜支支出,香亭小吃部,60356948,0.00,270.00,餐飲費用,金錢,澎湖縣馬公市****,06-9*****,
231,黃健忠,107年鄉(鎮、市)長選舉,首次申報,1071016,租用宣傳車輛支出,泰永加油站實業有限公司,80072357,0.00,500.00,油料費用,金錢,澎湖縣馬公市****,06-9*****,
232,黃健忠,107年鄉(鎮、市)長選舉,首次申報,1071016,雜支支出,悟饕澎湖馬公店,80802220,0.00,475.00,餐飲費用,金錢,澎湖縣馬公市****,06-9*****,
233,黃健忠,107年鄉(鎮、市)長選舉,首次申報,1071016,租用競選辦事處支出,陳昱丞,S12*******,0.00,30000.00,服務處租金,金錢,高雄市苓雅區****,0921*****,
234,黃健忠,107年鄉(鎮、市)長選舉,首次申報,1071017,雜支支出,香亭小吃部,60356948,0.00,90.00,餐飲費用,金錢,澎湖縣馬公市****,06-9*****,
235,黃健忠,107年鄉(鎮、市)長選舉,首次申報,1071017,雜支支出,鐘記燒餅,80809217,0.00,700.00,餐飲費用,金錢,澎湖縣馬公市****,06-9*****,
236,黃健忠,107年鄉(鎮、市)長選舉,首次申報,1071018,雜支支出,悟饕澎湖馬公店,80802220,0.00,510.00,餐飲費用,金錢,澎湖縣馬公市****,06-9*****,
237,黃健忠,107年鄉(鎮、市)長選舉,首次申報,1071018,雜支支出,一新書局,96001105,0.00,495.00,文具用品,金錢,澎湖縣馬公市****,06-9*****,
238,黃健忠,107年鄉(鎮、市)長選舉,首次申報,1071019,雜支支出,台灣中油馬公加油站,77187828,0.00,1516.00,汽機車燃料費用,金錢,澎湖縣馬公市****,06-9*****,
239,黃健忠,107年鄉(鎮、市)長選舉,首次申報,1071019,租用宣傳車輛支出,泰永加油站實業有限公司,80072357,0.00,500.00,油料費用,金錢,澎湖縣馬公市****,06-9*****,
240,黃健忠,107年鄉(鎮、市)長選舉,首次申報,1071019,雜支支出,寶玉早餐店,80806210,0.00,400.00,餐飲費用,金錢,澎湖縣馬公市****,06-9*****,
241,黃健忠,107年鄉(鎮、市)長選舉,首次申報,1071019,雜支支出,一新書局,96001105,0.00,39.00,文具用品,金錢,澎湖縣馬公市****,06-9*****,
242,黃健忠,107年鄉(鎮、市)長選舉,首次申報,1071019,雜支支出,鄉味双併便當店,96679915,0.00,775.00,餐飲費用,金錢,澎湖縣馬公市****,06-9*****,
243,黃健忠,107年鄉(鎮、市)長選舉,首次申報,1071019,雜支支出,陳昱丞,S12*******,0.00,6365.00,-月水電費用,金錢,高雄市苓雅區****,,
244,黃健忠,107年鄉(鎮、市)長選舉,首次申報,1071020,雜支支出,花媽軟骨豬肉麵,36878117,0.00,280.00,餐飲費用,金錢,澎湖縣馬公市****,06-9*****,
245,黃健忠,107年鄉(鎮、市)長選舉,首次申報,1071020,租用宣傳車輛支出,台灣中油馬公加油站,77187828,0.00,1000.00,宣傳車輛燃料支出,金錢,澎湖縣馬公市****,06-9*****,
246,黃健忠,107年鄉(鎮、市)長選舉,首次申報,1071020,租用宣傳車輛支出,統一精工,80802404,0.00,500.00,油料費用,金錢,澎湖縣馬公市****,06-9*****,
247,黃健忠,107年鄉(鎮、市)長選舉,首次申報,1071020,雜支支出,一新書局,96001105,0.00,25.00,文具用品-圓形貼,金錢,澎湖縣馬公市****,06-9*****,
248,黃健忠,107年鄉(鎮、市)長選舉,首次申報,1071020,雜支支出,鄉味双併便當店,96679915,0.00,670.00,餐飲費用,金錢,澎湖縣馬公市****,06-9*****,
249,黃健忠,107年鄉(鎮、市)長選舉,首次申報,1071021,租用宣傳車輛支出,台灣中油馬公加油站,77187828,0.00,796.00,油料費用,金錢,澎湖縣馬公市****,06-9*****,
250,黃健忠,107年鄉(鎮、市)長選舉,首次申報,1071021,租用宣傳車輛支出,泰永加油站實業有限公司,80072357,0.00,100.00,油料費用,金錢,澎湖縣馬公市****,06-9*****,
251,黃健忠,107年鄉(鎮、市)長選舉,首次申報,1071021,雜支支出,紫光行,96627473,0.00,290.00,餐飲費用,金錢,澎湖縣馬公市****,06-9*****,
252,黃健忠,107年鄉(鎮、市)長選舉,首次申報,1071021,雜支支出,鄉味双併便當店,96679915,0.00,655.00,餐飲費用,金錢,澎湖縣馬公市****,06-9*****,
253,黃健忠,107年鄉(鎮、市)長選舉,首次申報,1071022,雜支支出,金旺來,80790815,0.00,40.00,標籤紙,金錢,澎湖縣馬公市****,06-9*****,
254,黃健忠,107年鄉(鎮、市)長選舉,首次申報,1071022,雜支支出,金旺來,80790815,0.00,60.00,標籤紙,金錢,澎湖縣馬公市****,06-9*****,
255,黃健忠,107年鄉(鎮、市)長選舉,首次申報,1071022,雜支支出,紫光行,96627473,0.00,400.00,餐飲費用,金錢,澎湖縣馬公市****,06-9*****,
256,黃健忠,107年鄉(鎮、市)長選舉,首次申報,1071022,雜支支出,小蜜蜂小吃部,96659431,0.00,220.00,餐飲費用,金錢,澎湖縣馬公市****,06-9*****,
257,黃健忠,107年鄉(鎮、市)長選舉,首次申報,1071022,雜支支出,勝華行,96684706,0.00,3800.00,五金費用,金錢,澎湖縣馬公市****,06-9*****,
258,黃健忠,107年鄉(鎮、市)長選舉,首次申報,1071022,租用宣傳車輛支出,澎大加油站企業股份有限公司,96896737,0.00,500.00,油料費用,金錢,澎湖縣馬公市****,06-9*****,
259,黃健忠,107年鄉(鎮、市)長選舉,首次申報,1071023,雜支支出,台南肉燥飯,25768107,0.00,280.00,餐飲費用,金錢,澎湖縣馬公市****,06-9*****,
260,黃健忠,107年鄉(鎮、市)長選舉,首次申報,1071023,雜支支出,萬能鎖匙刻印行,37666203,0.00,400.00,印章,金錢,澎湖縣馬公市****,06-9*****,
261,黃健忠,107年鄉(鎮、市)長選舉,首次申報,1071023,雜支支出,阿香自助餐,87750541,0.00,270.00,餐飲費用,金錢,澎湖縣馬公市****,06-9*****,
262,黃健忠,107年鄉(鎮、市)長選舉,首次申報,1071024,宣傳支出,金勝五金行,47749533,0.00,2000.00,宣傳貼紙,金錢,澎湖縣馬公市****,06-9*****,
263,黃健忠,107年鄉(鎮、市)長選舉,首次申報,1071024,租用宣傳車輛支出,泰永加油站實業有限公司,80072357,0.00,500.00,油料費用,金錢,澎湖縣馬公市****,06-9*****,
264,黃健忠,107年鄉(鎮、市)長選舉,首次申報,1071024,雜支支出,紫光行,96627473,0.00,160.00,餐飲費用,金錢,澎湖縣馬公市****,06-9*****,
265,黃健忠,107年鄉(鎮、市)長選舉,首次申報,1071024,雜支支出,鄉味双併便當店,96679915,0.00,410.00,餐飲費用,金錢,澎湖縣馬公市****,06-9*****,
266,黃健忠,107年鄉(鎮、市)長選舉,首次申報,1071025,雜支支出,台灣中油馬公加油站,77187828,0.00,1613.00,汽機車燃料費用,金錢,澎湖縣馬公市****,06-9*****,
267,黃健忠,107年鄉(鎮、市)長選舉,首次申報,1071025,雜支支出,鄉味双併便當店,96679915,0.00,490.00,餐飲費用,金錢,澎湖縣馬公市****,06-9*****,
268,黃健忠,107年鄉(鎮、市)長選舉,首次申報,1071025,宣傳支出,勝華行,96684706,0.00,30000.00,宣傳口罩,金錢,澎湖縣馬公市****,06-9*****,
269,黃健忠,107年鄉(鎮、市)長選舉,首次申報,1071026,雜支支出,金旺來,80790815,0.00,912.00,傳真紙,金錢,澎湖縣馬公市****,06-9*****,
270,黃健忠,107年鄉(鎮、市)長選舉,首次申報,1071026,雜支支出,一新書局,96001105,0.00,90.00,文具用品,金錢,澎湖縣馬公市****,06-9*****,
271,黃健忠,107年鄉(鎮、市)長選舉,首次申報,1071026,雜支支出,大新書局,96001512,0.00,25.00,標籤,金錢,澎湖縣馬公市****,06-9*****,
272,黃健忠,107年鄉(鎮、市)長選舉,首次申報,1071026,雜支支出,紫光行,96627473,0.00,160.00,餐飲費用,金錢,澎湖縣馬公市****,06-9*****,
273,黃健忠,107年鄉(鎮、市)長選舉,首次申報,1071026,雜支支出,小蜜蜂小吃部,96659431,0.00,400.00,餐飲費用,金錢,澎湖縣馬公市****,06-9*****,
274,黃健忠,107年鄉(鎮、市)長選舉,首次申報,1071026,雜支支出,鄉味双併便當店,96679915,0.00,190.00,餐飲費用,金錢,澎湖縣馬公市****,06-9*****,
275,黃健忠,107年鄉(鎮、市)長選舉,首次申報,1071026,雜支支出,鄉味双併便當店,96679915,0.00,80.00,餐飲費用,金錢,澎湖縣馬公市****,06-9*****,
276,黃健忠,107年鄉(鎮、市)長選舉,首次申報,1071027,雜支支出,花媽軟骨豬肉麵,36878117,0.00,165.00,餐飲費用,金錢,澎湖縣馬公市****,06-9*****,
277,黃健忠,107年鄉(鎮、市)長選舉,首次申報,1071027,雜支支出,鄉味双併便當店,96679915,0.00,720.00,餐飲費用,金錢,澎湖縣馬公市****,06-9*****,
278,黃健忠,107年鄉(鎮、市)長選舉,首次申報,1071027,雜支支出,澎大加油站企業股份有限公司,96896737,0.00,500.00,油料費用,金錢,澎湖縣馬公市****,06-9*****,
279,黃健忠,107年鄉(鎮、市)長選舉,首次申報,1071028,雜支支出,正新商行,80794306,0.00,140.00,無痕掛鉤,金錢,澎湖縣馬公市****,06-9*****,
280,黃健忠,107年鄉(鎮、市)長選舉,首次申報,1071028,宣傳支出,大進企業行,87734509,0.00,2500.00,機械出租,金錢,澎湖縣馬公市****,06-9*****,
281,黃健忠,107年鄉(鎮、市)長選舉,首次申報,1071028,雜支支出,紫光行,96627473,0.00,640.00,餐飲費用,金錢,澎湖縣馬公市****,06-9*****,
282,黃健忠,107年鄉(鎮、市)長選舉,首次申報,1071028,租用宣傳車輛支出,澎大加油站企業股份有限公司,96896737,0.00,500.00,油料費用,金錢,澎湖縣馬公市****,06-9*****,
283,黃健忠,107年鄉(鎮、市)長選舉,首次申報,1071029,雜支支出,鄉味双併便當店,96679915,0.00,330.00,餐飲費用,金錢,澎湖縣馬公市****,06-9*****,
284,黃健忠,107年鄉(鎮、市)長選舉,首次申報,1071029,租用宣傳車輛支出,澎大加油站企業股份有限公司,96896737,0.00,700.00,油料費用,金錢,澎湖縣馬公市****,06-9*****,
285,黃健忠,107年鄉(鎮、市)長選舉,首次申報,1071030,雜支支出,饌米美食快餐店,47935950,0.00,480.00,餐飲費用,金錢,澎湖縣馬公市****,06-9*****,
286,黃健忠,107年鄉(鎮、市)長選舉,首次申報,1071030,雜支支出,紫光行,96627473,0.00,275.00,餐飲費用,金錢,澎湖縣馬公市****,06-9*****,
287,黃健忠,107年鄉(鎮、市)長選舉,首次申報,1071031,宣傳支出,華信航空股份有限公司高雄營業所,17112660,0.00,1404.00,郵寄競選物品或宣傳廣告支出,金錢,高雄市小港區****,07-8*****,
288,黃健忠,107年鄉(鎮、市)長選舉,首次申報,1071031,宣傳支出,金盛五金百貨行,47749533,0.00,50000.00,製作競選物品支出（墊板）,金錢,澎湖縣馬公市****,06-9*****,
289,黃健忠,107年鄉(鎮、市)長選舉,首次申報,1071031,雜支支出,台灣中油馬公加油站,77187828,0.00,1636.00,汽機車燃料費用,金錢,澎湖縣馬公市****,06-9*****,
290,黃健忠,107年鄉(鎮、市)長選舉,首次申報,1071031,雜支支出,城隍廟前燒肉飯,77187989,0.00,65.00,餐飲費用,金錢,澎湖縣馬公市****,06-9*****,
291,黃健忠,107年鄉(鎮、市)長選舉,首次申報,1071031,雜支支出,大新書局,96001512,0.00,65.00,文具用品-修正帶,金錢,澎湖縣馬公市****,06-9*****,
292,黃健忠,107年鄉(鎮、市)長選舉,首次申報,1071031,雜支支出,讚哥餐館,96592657,0.00,330.00,餐飲費用,金錢,澎湖縣馬公市****,06-9*****,
293,黃健忠,107年鄉(鎮、市)長選舉,首次申報,1071031,雜支支出,小蜜蜂小吃部,96659431,0.00,1800.00,餐飲費用,金錢,澎湖縣馬公市****,06-9*****,
294,黃健忠,107年鄉(鎮、市)長選舉,首次申報,1071031,人事費用支出,許雅婷,X22*******,0.00,25000.00,工資或薪津,金錢,澎湖縣馬公市****,06-9*****,
295,黃健忠,107年鄉(鎮、市)長選舉,首次申報,1071101,雜支支出,池尚小吃部,26410303,0.00,260.00,餐飲費用,金錢,澎湖縣馬公市****,06-9*****,
296,黃健忠,107年鄉(鎮、市)長選舉,首次申報,1071101,雜支支出,三景羊肉焿店,47752810,0.00,225.00,餐飲費用,金錢,澎湖縣馬公市****,06-9*****,
297,黃健忠,107年鄉(鎮、市)長選舉,首次申報,1071101,雜支支出,國榮美食坊,80807750,0.00,310.00,餐飲費用,金錢,澎湖縣馬公市****,06-9*****,
298,黃健忠,107年鄉(鎮、市)長選舉,首次申報,1071101,雜支支出,金鎖港飲食店,87738667,0.00,2000.00,餐飲費用,金錢,澎湖縣馬公市****,,
299,黃健忠,107年鄉(鎮、市)長選舉,首次申報,1071101,租用宣傳車輛支出,澎大加油站企業股份有限公司,96896737,0.00,701.00,宣傳車輛燃料支出,金錢,澎湖縣馬公市****,06-9*****,
300,黃健忠,107年鄉(鎮、市)長選舉,首次申報,1071102,雜支支出,碧蘭小吃部,26411788,0.00,250.00,餐飲費用,金錢,澎湖縣馬公市****,06-9*****,
301,黃健忠,107年鄉(鎮、市)長選舉,首次申報,1071102,雜支支出,利樂拉精緻早餐城,87732328,0.00,215.00,餐飲費用,金錢,澎湖縣馬公市****,06-9*****,
302,黃健忠,107年鄉(鎮、市)長選舉,首次申報,1071102,雜支支出,鄉味双併便當店,96679915,0.00,350.00,餐飲費用,金錢,澎湖縣馬公市****,06-9*****,
303,黃健忠,107年鄉(鎮、市)長選舉,首次申報,1071102,宣傳支出,倍巧連入網際影視股份有限公司,96877725,0.00,60000.00,影片製作,金錢,臺中市南屯區****,04-2*****,
304,黃健忠,107年鄉(鎮、市)長選舉,首次申報,1071103,雜支支出,泰永北辰加油站實業有限公司,27436766,0.00,135.00,汽機車燃料費用,金錢,澎湖縣馬公市****,06-9*****,
305,黃健忠,107年鄉(鎮、市)長選舉,首次申報,1071103,雜支支出,香亭小吃部,60356948,0.00,210.00,餐飲費用,金錢,澎湖縣馬公市****,06-9*****,
306,黃健忠,107年鄉(鎮、市)長選舉,首次申報,1071103,雜支支出,鐘記燒餅,80809217,0.00,1000.00,餐飲費用,金錢,澎湖縣馬公市****,06-9*****,
307,黃健忠,107年鄉(鎮、市)長選舉,首次申報,1071103,雜支支出,鄉味双併便當店,96679915,0.00,360.00,餐飲費用,金錢,澎湖縣馬公市****,06-9*****,
308,黃健忠,107年鄉(鎮、市)長選舉,首次申報,1071104,雜支支出,碧蘭小吃部,26411788,0.00,720.00,餐飲費用,金錢,澎湖縣馬公市****,06-9*****,
309,黃健忠,107年鄉(鎮、市)長選舉,首次申報,1071104,雜支支出,禾家小吃部,80797423,0.00,660.00,餐飲費用,金錢,澎湖縣馬公市****,06-9*****,
310,黃健忠,107年鄉(鎮、市)長選舉,首次申報,1071104,雜支支出,讚哥餐館,96592657,0.00,115.00,餐飲費用,金錢,澎湖縣馬公市****,06-9*****,
311,黃健忠,107年鄉(鎮、市)長選舉,首次申報,1071105,雜支支出,馬路益燒肉飯,26410423,0.00,375.00,餐飲費用,金錢,澎湖縣馬公市****,06-9*****,
312,黃健忠,107年鄉(鎮、市)長選舉,首次申報,1071105,雜支支出,重仁食品商行,60360838,0.00,289.00,糖果,金錢,澎湖縣馬公市****,06-9*****,
313,黃健忠,107年鄉(鎮、市)長選舉,首次申報,1071105,雜支支出,禾家小吃店,80797423,0.00,570.00,餐飲費用,金錢,澎湖縣馬公市****,06-9*****,
314,黃健忠,107年鄉(鎮、市)長選舉,首次申報,1071105,租用宣傳車輛支出,文澳加油站,89220175,0.00,700.00,宣傳車輛燃料支出,金錢,澎湖縣馬公市****,06-9*****,
315,黃健忠,107年鄉(鎮、市)長選舉,首次申報,1071105,雜支支出,紫光行,96627473,0.00,240.00,餐飲費用,金錢,澎湖縣馬公市****,06-9*****,
316,黃健忠,107年鄉(鎮、市)長選舉,首次申報,1071106,雜支支出,澎湖時報股份有限公司,16220058,0.00,300.00,報費,金錢,澎湖縣馬公市****,06-9*****,
317,黃健忠,107年鄉(鎮、市)長選舉,首次申報,1071106,雜支支出,馬路益燒肉飯,26410423,0.00,325.00,餐飲費用,金錢,澎湖縣馬公市****,06-9*****,
318,黃健忠,107年鄉(鎮、市)長選舉,首次申報,1071106,雜支支出,回鄉餐館,47934283,0.00,615.00,餐飲費用,金錢,澎湖縣馬公市****,06-9*****,
319,黃健忠,107年鄉(鎮、市)長選舉,首次申報,1071106,雜支支出,台灣中油馬公加油站,77187828,0.00,1555.00,汽機車燃料費用,金錢,澎湖縣馬公市****,06-9*****,
320,黃健忠,107年鄉(鎮、市)長選舉,首次申報,1071106,雜支支出,城隍廟前燒肉飯,77187989,0.00,280.00,餐飲費用,金錢,澎湖縣馬公市****,06-9*****,
321,黃健忠,107年鄉(鎮、市)長選舉,首次申報,1071106,租用宣傳車輛支出,文澳加油站,89220175,0.00,500.00,宣傳車輛燃料支出,金錢,澎湖縣馬公市****,06-9*****,
322,黃健忠,107年鄉(鎮、市)長選舉,首次申報,1071107,雜支支出,香亭小吃部,60356948,0.00,340.00,餐飲費用,金錢,澎湖縣馬公市****,06-9*****,
323,黃健忠,107年鄉(鎮、市)長選舉,首次申報,1071107,租用宣傳車輛支出,澎大加油站企業股份有限公司,96896737,0.00,750.00,宣傳車輛燃料支出,金錢,澎湖縣馬公市****,06-9*****,
324,黃健忠,107年鄉(鎮、市)長選舉,首次申報,1071108,人事費用支出,九龍煙火有限公司,24852562,0.00,9000.00,工資或薪津,金錢,澎湖縣馬公市****,06-9*****,
325,黃健忠,107年鄉(鎮、市)長選舉,首次申報,1071108,雜支支出,花媽軟骨豬肉麵,36878117,0.00,210.00,餐飲費用,金錢,澎湖縣馬公市****,06-9*****,
326,黃健忠,107年鄉(鎮、市)長選舉,首次申報,1071108,宣傳支出,明鋒企業行,40807446,0.00,3500.00,吊運費,金錢,澎湖縣馬公市****,0922*****,
327,黃健忠,107年鄉(鎮、市)長選舉,首次申報,1071108,雜支支出,一級棒小吃店,87730139,0.00,230.00,餐飲費用,金錢,澎湖縣馬公市****,06-9*****,
328,黃健忠,107年鄉(鎮、市)長選舉,首次申報,1071108,雜支支出,台灣電力公司,96335807,0.00,5838.00,水電瓦斯費用,金錢,澎湖縣馬公市****,06-9*****,
329,黃健忠,107年鄉(鎮、市)長選舉,首次申報,1071109,雜支支出,錦順麵店,26409018,0.00,45.00,餐飲費用,金錢,澎湖縣馬公市****,06-9*****,
330,黃健忠,107年鄉(鎮、市)長選舉,首次申報,1071109,雜支支出,禾家小吃部,80797423,0.00,400.00,餐飲費用,金錢,澎湖縣馬公市****,06-9*****,
331,黃健忠,107年鄉(鎮、市)長選舉,首次申報,1071109,雜支支出,悟饕澎湖馬公店,80802220,0.00,240.00,餐飲費用,金錢,澎湖縣馬公市****,06-9*****,
332,黃健忠,107年鄉(鎮、市)長選舉,首次申報,1071110,宣傳支出,道昌鎖印行,18158050,0.00,5668.00,製作競選物品支出（印刷文宣）,金錢,屏東縣屏東市****,08-7*****,
333,黃健忠,107年鄉(鎮、市)長選舉,首次申報,1071110,雜支支出,碧蘭小吃部,26411788,0.00,470.00,餐飲費用,金錢,澎湖縣馬公市****,06-9*****,
334,黃健忠,107年鄉(鎮、市)長選舉,首次申報,1071110,雜支支出,二信飯糰,36879426,0.00,1500.00,餐飲費用,金錢,澎湖縣馬公市****,0912*****,
335,黃健忠,107年鄉(鎮、市)長選舉,首次申報,1071110,雜支支出,悟饕澎湖馬公店,80802220,0.00,1760.00,餐飲費用,金錢,澎湖縣馬公市****,06-9*****,
336,黃健忠,107年鄉(鎮、市)長選舉,首次申報,1071111,雜支支出,禾家小吃部,80797423,0.00,2125.00,餐飲費用,金錢,澎湖縣馬公市****,06-9*****,
337,黃健忠,107年鄉(鎮、市)長選舉,首次申報,1071111,雜支支出,一級棒小吃店,87730139,0.00,305.00,餐飲費用,金錢,澎湖縣馬公市****,06-9*****,
338,黃健忠,107年鄉(鎮、市)長選舉,首次申報,1071112,雜支支出,馬路益燒肉飯,26410423,0.00,325.00,餐飲費用,金錢,澎湖縣馬公市****,06-9*****,
339,黃健忠,107年鄉(鎮、市)長選舉,首次申報,1071112,雜支支出,香亭小吃部,60356948,0.00,360.00,餐飲費用,金錢,澎湖縣馬公市****,06-9*****,
340,黃健忠,107年鄉(鎮、市)長選舉,首次申報,1071112,租用宣傳車輛支出,澎大加油站企業股份有限公司,96896737,0.00,700.00,宣傳車輛燃料支出,金錢,澎湖縣馬公市****,06-9*****,
341,黃健忠,107年鄉(鎮、市)長選舉,首次申報,1071113,雜支支出,泰永加油站實業有限公司,80072357,0.00,500.00,汽機車燃料費用,金錢,澎湖縣馬公市****,06-9*****,
342,黃健忠,107年鄉(鎮、市)長選舉,首次申報,1071113,雜支支出,鐘記燒餅,80809217,0.00,875.00,餐飲費用,金錢,澎湖縣馬公市****,06-9*****,
343,黃健忠,107年鄉(鎮、市)長選舉,首次申報,1071113,雜支支出,中華電信股份有限公司,87739960,0.00,855.00,電信費用,金錢,澎湖縣馬公市****,,
344,黃健忠,107年鄉(鎮、市)長選舉,首次申報,1071113,雜支支出,阿香自助餐,87750541,0.00,200.00,餐飲費用,金錢,澎湖縣馬公市****,06-9*****,
345,黃健忠,107年鄉(鎮、市)長選舉,首次申報,1071113,雜支支出,阿香自助餐,87750541,0.00,180.00,餐飲費用,金錢,澎湖縣馬公市****,06-9*****,
346,黃健忠,107年鄉(鎮、市)長選舉,首次申報,1071113,雜支支出,文澳加油站,89220175,0.00,500.00,汽機車燃料費用,金錢,澎湖縣馬公市****,,
347,黃健忠,107年鄉(鎮、市)長選舉,首次申報,1071114,雜支支出,台南肉燥飯,25768107,0.00,290.00,餐飲費用,金錢,澎湖縣馬公市****,06-9*****,
348,黃健忠,107年鄉(鎮、市)長選舉,首次申報,1071114,雜支支出,鄉味双併便當店,96679915,0.00,480.00,餐飲費用,金錢,澎湖縣馬公市****,06-9*****,
349,黃健忠,107年鄉(鎮、市)長選舉,首次申報,1071115,雜支支出,錦順麵店,26409018,0.00,180.00,餐飲費用,金錢,澎湖縣馬公市****,06-9*****,
350,黃健忠,107年鄉(鎮、市)長選舉,首次申報,1071115,雜支支出,港味燒腊快餐,47932882,0.00,1600.00,餐飲費用,金錢,澎湖縣馬公市****,06-9*****,
351,黃健忠,107年鄉(鎮、市)長選舉,首次申報,1071115,雜支支出,台灣中油馬公加油站,77187828,0.00,1580.00,汽機車燃料費用,金錢,澎湖縣馬公市****,06-9*****,
352,黃健忠,107年鄉(鎮、市)長選舉,首次申報,1071115,雜支支出,悟饕澎湖馬公店,80802220,0.00,640.00,餐飲費用,金錢,澎湖縣馬公市****,06-9*****,
353,黃健忠,107年鄉(鎮、市)長選舉,首次申報,1071115,租用宣傳車輛支出,文澳加油站股份有限公司,89220175,0.00,500.00,宣傳車輛燃料支出,金錢,澎湖縣馬公市****,,
354,黃健忠,107年鄉(鎮、市)長選舉,首次申報,1071115,租用宣傳車輛支出,澎大加油站企業股份有限公司,96896737,0.00,700.00,宣傳車輛燃料支出,金錢,澎湖縣馬公市****,06-9*****,
355,黃健忠,107年鄉(鎮、市)長選舉,首次申報,1071115,租用競選辦事處支出,陳昱丞,S12*******,0.00,30000.00,租用競選辦事處費用,金錢,高雄市苓雅區****,0921*****,
356,黃健忠,107年鄉(鎮、市)長選舉,首次申報,1071116,雜支支出,錦順麵店,26409018,0.00,185.00,餐飲費用,金錢,澎湖縣馬公市****,06-9*****,
357,黃健忠,107年鄉(鎮、市)長選舉,首次申報,1071116,雜支支出,池尚小吃部,26410303,0.00,425.00,餐飲費用,金錢,澎湖縣馬公市****,06-9*****,
358,黃健忠,107年鄉(鎮、市)長選舉,首次申報,1071116,雜支支出,城隍廟前燒肉飯,77187989,0.00,1620.00,餐飲費用,金錢,澎湖縣馬公市****,06-9*****,
359,黃健忠,107年鄉(鎮、市)長選舉,首次申報,1071116,租用宣傳車輛支出,泰永加油站實業有限公司,80072357,0.00,539.00,宣傳車輛燃料支出,金錢,澎湖縣馬公市****,06-9*****,
360,黃健忠,107年鄉(鎮、市)長選舉,首次申報,1071116,租用宣傳車輛支出,統一精工,80802404,0.00,300.00,宣傳車輛燃料支出,金錢,澎湖縣馬公市****,06-9*****,
361,黃健忠,107年鄉(鎮、市)長選舉,首次申報,1071116,雜支支出,一新書局,96001105,0.00,138.00,文具用品費用,金錢,澎湖縣馬公市****,06-9*****,
362,黃健忠,107年鄉(鎮、市)長選舉,首次申報,1071117,雜支支出,池尚小吃部,26410303,0.00,85.00,餐飲費用,金錢,澎湖縣馬公市****,06-9*****,
363,黃健忠,107年鄉(鎮、市)長選舉,首次申報,1071117,雜支支出,雅芳麵包店,40808661,0.00,7200.00,餐飲費用,金錢,澎湖縣馬公市****,06-9*****,
364,黃健忠,107年鄉(鎮、市)長選舉,首次申報,1071117,宣傳支出,澎湖武鴻館獅子軍,81386905,0.00,20000.00,演講或表演支出,金錢,澎湖縣馬公市****,,
365,黃健忠,107年鄉(鎮、市)長選舉,首次申報,1071117,宣傳支出,冠羽廣告社,83342539,0.00,5500.00,製作競選物品支出（號碼燈）,金錢,苗栗縣竹南鎮****,,
366,黃健忠,107年鄉(鎮、市)長選舉,首次申報,1071117,雜支支出,紫光行,96627473,0.00,240.00,餐飲費用,金錢,澎湖縣馬公市****,06-9*****,
367,黃健忠,107年鄉(鎮、市)長選舉,首次申報,1071118,雜支支出,海沙屋飲料店,47934684,0.00,185.00,餐飲費用,金錢,澎湖縣馬公市****,06-9*****,
368,黃健忠,107年鄉(鎮、市)長選舉,首次申報,1071118,雜支支出,禾家小吃部,80797423,0.00,950.00,餐飲費用,金錢,澎湖縣馬公市****,06-9*****,
369,黃健忠,107年鄉(鎮、市)長選舉,首次申報,1071119,雜支支出,禾家小吃部,80797423,0.00,480.00,餐飲費用,金錢,澎湖縣馬公市****,06-9*****,
370,黃健忠,107年鄉(鎮、市)長選舉,首次申報,1071119,雜支支出,鄉味双併便當店,96679915,0.00,1900.00,餐飲費用,金錢,澎湖縣馬公市****,06-9*****,
371,黃健忠,107年鄉(鎮、市)長選舉,首次申報,1071119,租用宣傳車輛支出,澎大加油站企業股份有限公司,96896737,0.00,750.00,宣傳車輛燃料支出,金錢,澎湖縣馬公市****,06-9*****,
372,黃健忠,107年鄉(鎮、市)長選舉,首次申報,1071120,宣傳支出,大唐室內裝修設計工程行,47908953,0.00,10000.00,委託辦理研究、評估、調查、設計或規劃支出,金錢,屏東縣屏東市****,08-7*****,
373,黃健忠,107年鄉(鎮、市)長選舉,首次申報,1071120,雜支支出,全聯福利中心澎湖中華分公司,70812229,0.00,99.00,雜項購置或修繕費用,金錢,澎湖縣馬公市****,06-9*****,
374,黃健忠,107年鄉(鎮、市)長選舉,首次申報,1071120,雜支支出,一鴻,77187995,0.00,1230.00,餐飲費用,金錢,澎湖縣馬公市****,06-9*****,
375,黃健忠,107年鄉(鎮、市)長選舉,首次申報,1071120,交通旅運支出,安勝號,96651661,0.00,960.00,搭乘交通工具支出,金錢,澎湖縣馬公市****,06-9*****,
376,黃健忠,107年鄉(鎮、市)長選舉,首次申報,1071120,雜支支出,鄉味双併便當店,96679915,0.00,160.00,餐飲費用,金錢,澎湖縣馬公市****,06-9*****,
377,黃健忠,107年鄉(鎮、市)長選舉,首次申報,1071121,雜支支出,一鴻,77187995,0.00,405.00,餐飲費用,金錢,澎湖縣馬公市****,06-9*****,
378,黃健忠,107年鄉(鎮、市)長選舉,首次申報,1071121,雜支支出,禾家小吃部,80797423,0.00,950.00,餐飲費用,金錢,澎湖縣馬公市****,06-9*****,
379,黃健忠,107年鄉(鎮、市)長選舉,首次申報,1071122,雜支支出,三多燒肉飯店,25769990,0.00,350.00,餐飲費用,金錢,澎湖縣馬公市****,06-9*****,
380,黃健忠,107年鄉(鎮、市)長選舉,首次申報,1071122,租用宣傳車輛支出,泰永加油站實業有限公司,80072357,0.00,740.00,宣傳車輛燃料支出,金錢,澎湖縣馬公市****,06-9*****,
381,黃健忠,107年鄉(鎮、市)長選舉,首次申報,1071122,雜支支出,無名麵食館,87753202,0.00,305.00,餐飲費用,金錢,澎湖縣馬公市****,06-9*****,
382,黃健忠,107年鄉(鎮、市)長選舉,首次申報,1071122,雜支支出,一新書局,96001105,0.00,165.00,文具用品費用-雙面膠帶,金錢,澎湖縣馬公市****,06-9*****,
383,黃健忠,107年鄉(鎮、市)長選舉,首次申報,1071122,租用宣傳車輛支出,澎大加油站企業股份有限公司,96896737,0.00,704.00,宣傳車輛燃料支出,金錢,澎湖縣馬公市****,06-9*****,
384,黃健忠,107年鄉(鎮、市)長選舉,首次申報,1071123,雜支支出,馬路益燒肉飯,26410423,0.00,390.00,餐飲費用,金錢,澎湖縣馬公市****,06-9*****,
385,黃健忠,107年鄉(鎮、市)長選舉,首次申報,1071123,雜支支出,悟饕澎湖馬公店,80802220,0.00,2800.00,餐飲費用,金錢,澎湖縣馬公市****,06-9*****,
386,黃健忠,107年鄉(鎮、市)長選舉,首次申報,1071123,雜支支出,一新書局,96001105,0.00,15.00,文具用品費用-口紅膠,金錢,澎湖縣馬公市****,06-9*****,
387,黃健忠,107年鄉(鎮、市)長選舉,首次申報,1071123,雜支支出,鄉味双併便當店,96679915,0.00,400.00,餐飲費用,金錢,澎湖縣馬公市****,06-9*****,
388,黃健忠,107年鄉(鎮、市)長選舉,首次申報,1071124,雜支支出,建順五金行,05377362,0.00,500.00,延長線,金錢,澎湖縣馬公市****,06-9*****,
389,黃健忠,107年鄉(鎮、市)長選舉,首次申報,1071124,雜支支出,馬路益燒肉飯,26410423,0.00,440.00,餐飲費用,金錢,澎湖縣馬公市****,06-9*****,
390,黃健忠,107年鄉(鎮、市)長選舉,首次申報,1071124,雜支支出,重仁食品商行,60360838,0.00,400.00,糖果,金錢,澎湖縣馬公市****,06-9*****,
391,黃健忠,107年鄉(鎮、市)長選舉,首次申報,1071124,雜支支出,小林包子饅頭店,87751464,0.00,600.00,餐飲費用,金錢,澎湖縣馬公市****,06-9*****,
392,黃健忠,107年鄉(鎮、市)長選舉,首次申報,1071124,雜支支出,一新書局,96001105,0.00,50.00,文具用品費用-麥克筆,金錢,澎湖縣馬公市****,06-9*****,
393,黃健忠,107年鄉(鎮、市)長選舉,首次申報,1071124,雜支支出,一新書局,96001105,0.00,85.00,文具用品費用-奇異筆,金錢,澎湖縣馬公市****,06-9*****,
394,黃健忠,107年鄉(鎮、市)長選舉,首次申報,1071124,雜支支出,大新書局,96001512,0.00,45.00,文具用品費用-奇異筆,金錢,澎湖縣馬公市****,06-9*****,
395,黃健忠,107年鄉(鎮、市)長選舉,首次申報,1071124,雜支支出,山西刀削麵,96657715,0.00,200.00,餐飲費用,金錢,澎湖縣馬公市****,06-9*****,
396,黃健忠,107年鄉(鎮、市)長選舉,首次申報,1071125,雜支支出,錦順麵店,26409018,0.00,75.00,餐飲費用,金錢,澎湖縣馬公市****,06-9*****,
397,黃健忠,107年鄉(鎮、市)長選舉,首次申報,1071125,雜支支出,雅芳麵包店,40808661,0.00,4800.00,餐飲費用,金錢,澎湖縣馬公市****,06-9*****,
398,黃健忠,107年鄉(鎮、市)長選舉,首次申報,1071125,人事費用支出,彭欣玉,H22*******,0.00,13050.00,工資或薪津,金錢,澎湖縣馬公市****,,
399,黃健忠,107年鄉(鎮、市)長選舉,首次申報,1071126,雜支支出,台灣中油馬公加油站,77187828,0.00,1369.00,汽機車燃料費用,金錢,澎湖縣馬公市****,06-9*****,
400,黃健忠,107年鄉(鎮、市)長選舉,首次申報,1071127,雜支支出,澎湖時報股份有限公司,16220058,0.00,300.00,書報雜誌費用,金錢,澎湖縣馬公市****,06-9*****,
401,黃健忠,107年鄉(鎮、市)長選舉,首次申報,1071127,雜支支出,一鴻,77187995,0.00,75.00,餐飲費用,金錢,澎湖縣馬公市****,06-9*****,
402,黃健忠,107年鄉(鎮、市)長選舉,首次申報,1071128,雜支支出,皇冠禮品店,77198590,0.00,120.00,文具用品費用-A影印紙,金錢,澎湖縣馬公市****,06-9*****,
403,黃健忠,107年鄉(鎮、市)長選舉,首次申報,1071128,雜支支出,恰和商行,80809602,0.00,26100.00,餐飲費用,金錢,澎湖縣馬公市****,06-9*****,
404,黃健忠,107年鄉(鎮、市)長選舉,首次申報,1071128,租用宣傳車輛支出,劉經周,X10*******,0.00,28000.00,雇用宣傳車輛駕駛支出,金錢,澎湖縣馬公市****,0921*****,
405,黃健忠,107年鄉(鎮、市)長選舉,首次申報,1071128,人事費用支出,許雅婷,X22*******,0.00,25000.00,工資或薪津,金錢,澎湖縣馬公市****,06-9*****,
