﻿序號,擬參選人／政黨,選舉名稱,申報序號／年度,交易日期,收支科目,捐贈者／支出對象,身分證／統一編號,收入金額,支出金額,捐贈方式,存入專戶日期,返還/繳庫,支出用途,金錢類,地址,聯絡電話,應揭露之支出對象,支出對象之內部人員姓名,支出對象之內部人員職稱,政黨之內部人員姓名,政黨之內部人員職稱,關係,更正註記,資料更正日期
1,陳鴻源,111年新北市議員選舉,首次申報,1110905,營利事業捐贈收入,大鋒水電工程股份有限公司,96998474,500000.00,0.00,匯款,1110905,,,金錢,臺北市大安區****,,,,,,,,,
2,陳鴻源,111年新北市議員選舉,首次申報,1110916,營利事業捐贈收入,漢吉建設股份有限公司,24423394,100000.00,0.00,匯款,1110916,,,金錢,新北市中和區****,,,,,,,,,
3,陳鴻源,111年新北市議員選舉,首次申報,1110916,營利事業捐贈收入,漢鴻地產股份有限公司,66638656,100000.00,0.00,匯款,1110916,,,金錢,新北市中和區****,,,,,,,,,
4,陳鴻源,111年新北市議員選舉,首次申報,1110916,個人捐贈收入,徐子昕,I20*******,100000.00,0.00,匯款,1110916,,,金錢,臺北市大安區****,,,,,,,,,
5,陳鴻源,111年新北市議員選舉,首次申報,1110930,營利事業捐贈收入,海悅開發股份有限公司,27998528,1000000.00,0.00,匯款,1110930,,,金錢,臺北市松山區****,02-8*****,,,,,,,,
6,陳鴻源,111年新北市議員選舉,首次申報,1111007,營利事業捐贈收入,美學生活置業股份有限公司,53107543,50000.00,0.00,匯款,1111007,,,金錢,臺北市信義區****,02-2*****,,,,,,,,
7,陳鴻源,111年新北市議員選舉,首次申報,1111014,個人捐贈收入,陳美俊,Y12*******,100000.00,0.00,匯款,1111014,,,金錢,臺北市內湖區****,,,,,,,,,
8,陳鴻源,111年新北市議員選舉,首次申報,1111014,個人捐贈收入,張紫燕,Y22*******,100000.00,0.00,匯款,1111014,,,金錢,臺北市內湖區****,,,,,,,,,
9,陳鴻源,111年新北市議員選舉,首次申報,1111017,營利事業捐贈收入,譽璽國際股份有限公司,83092455,100000.00,0.00,現金,1111020,,,金錢,新北市新莊區****,,,,,,,,,
10,陳鴻源,111年新北市議員選舉,首次申報,1111017,營利事業捐贈收入,恭璽國際股份有限公司,83092461,100000.00,0.00,現金,1111020,,,金錢,新北市新莊區****,,,,,,,,,
11,陳鴻源,111年新北市議員選舉,首次申報,1111017,營利事業捐贈收入,珠璽國際股份有限公司,83368349,100000.00,0.00,現金,1111020,,,金錢,新北市新莊區****,,,,,,,,,
12,陳鴻源,111年新北市議員選舉,首次申報,1111018,個人捐贈收入,邱柏庭,F10*******,100000.00,0.00,匯款,1111018,,,金錢,臺北市大安區****,,,,,,,,,
13,陳鴻源,111年新北市議員選舉,首次申報,1111020,營利事業捐贈收入,國廷建設股份有限公司,89957998,200000.00,0.00,匯款,1111020,,,金錢,臺北市大安區****,,,,,,,,,
14,陳鴻源,111年新北市議員選舉,首次申報,1111021,營利事業捐贈收入,唐埕保全股份有限公司,80303836,30000.00,0.00,匯款,1111021,已返還,,金錢,新北市永和區****,,,,,,,,,
15,陳鴻源,111年新北市議員選舉,首次申報,1111024,營利事業捐贈收入,鼎陽投資股份有限公司,16292073,200000.00,0.00,匯款,1111024,,,金錢,臺北市大安區****,02-2*****,,,,,,,,
16,陳鴻源,111年新北市議員選舉,首次申報,1111025,個人捐贈收入,劉綉珠,K20*******,100000.00,0.00,現金,1111026,,,金錢,新北市永和區****,,,,,,,,,
17,陳鴻源,111年新北市議員選舉,首次申報,1111025,個人捐贈收入,鄭麗娥,V22*******,20000.00,0.00,現金,1111026,,,金錢,新北市永和區****,,,,,,,,,
18,陳鴻源,111年新北市議員選舉,首次申報,1111026,營利事業捐贈收入,唐埕公寓大廈管理維護有限公司,27609892,30000.00,0.00,匯款,1111026,,,金錢,新北市永和區****,,,,,,,,,
19,陳鴻源,111年新北市議員選舉,首次申報,1111031,營利事業捐贈收入,吉聯建設股份有限公司,86686803,100000.00,0.00,現金,1111107,,,金錢,新北市永和區****,,,,,,,,,
20,陳鴻源,111年新北市議員選舉,首次申報,1111031,個人捐贈收入,林俊男,F12*******,100000.00,0.00,現金,1111107,,,金錢,新北市永和區****,,,,,,,,,
21,陳鴻源,111年新北市議員選舉,首次申報,1111102,營利事業捐贈收入,紅點整合行銷有限公司,85017333,1000000.00,0.00,匯款,1111102,,,金錢,臺北市松山區****,,,,,,,,,
22,陳鴻源,111年新北市議員選舉,首次申報,1111102,個人捐贈收入,蔡素盆,Q22*******,8800.00,0.00,現金,1111107,,,金錢,新北市永和區****,0920*****,,,,,,,,
23,陳鴻源,111年新北市議員選舉,首次申報,1111110,營利事業捐贈收入,旭美股份有限公司,82844295,300000.00,0.00,匯款,1111110,,,金錢,臺北市信義區****,,,,,,,,,
24,陳鴻源,111年新北市議員選舉,首次申報,1111110,個人捐贈收入,廖峮瑞,F12*******,100000.00,0.00,現金,1111111,,,金錢,新北市新店區****,,,,,,,,,
25,陳鴻源,111年新北市議員選舉,首次申報,1111110,個人捐贈收入,廖冠綸,F13*******,100000.00,0.00,現金,1111111,,,金錢,臺北市文山區****,,,,,,,,,
26,陳鴻源,111年新北市議員選舉,首次申報,1111115,人民團體捐贈收入,社團法人新北市醫師公會,,20000.00,0.00,票據,1111118,,,金錢,新北市三重區****,,,,,,,,,
27,陳鴻源,111年新北市議員選舉,首次申報,1111115,營利事業捐贈收入,吸引力餐坊股份有限公司,12693251,100000.00,0.00,匯款,1111115,,,金錢,臺北市信義區****,,,,,,,,,
28,陳鴻源,111年新北市議員選舉,首次申報,1111117,營利事業捐贈收入,華潤建設股份有限公司,53761393,300000.00,0.00,匯款,1111117,,,金錢,臺北市中山區****,,,,,,,,,
29,陳鴻源,111年新北市議員選舉,首次申報,1111117,營利事業捐贈收入,欣鼎益事業股份有限公司,70456740,200000.00,0.00,匯款,1111117,,,金錢,臺北市內湖區****,,,,,,,,,
30,陳鴻源,111年新北市議員選舉,首次申報,1111125,個人捐贈收入,張程鈞,D12*******,100000.00,0.00,現金,1111206,,,金錢,新北市汐止區****,,,,,,,,,
31,陳鴻源,111年新北市議員選舉,首次申報,1111221,其他收入,利息收入,,1497.00,0.00,匯款,1111221,,,金錢,,,,,,,,,,
