﻿序號,擬參選人／政黨,選舉名稱,申報序號／年度,交易日期,收支科目,捐贈者／支出對象,身分證／統一編號,收入金額,支出金額,捐贈方式,存入專戶日期,返還/繳庫,支出用途,金錢類,地址,聯絡電話,應揭露之支出對象,支出對象之內部人員姓名,支出對象之內部人員職稱,政黨之內部人員姓名,政黨之內部人員職稱,關係,更正註記,資料更正日期
1,陳麗珍,111年高雄市議員選舉,第2次賸餘,1130101,支付當選後與其公務有關之費用,台灣中油股份有限公司,,0.00,1497.00,,,,油資,金錢,高雄市前鎮區****,,否,,,,,,,
2,陳麗珍,111年高雄市議員選舉,第2次賸餘,1130102,支付當選後與其公務有關之費用,中華郵政股份有限公司,,0.00,56.00,,,,當選後與其公務有關之費用支出,金錢,高雄市左營區****,,否,,,,,,,
3,陳麗珍,111年高雄市議員選舉,第2次賸餘,1130105,支付當選後與其公務有關之費用,中華郵政股份有限公司,,0.00,28.00,,,,當選後與其公務有關之費用支出,金錢,高雄市左營區****,,否,,,,,,,
4,陳麗珍,111年高雄市議員選舉,第2次賸餘,1130105,支付當選後與其公務有關之費用,大將鮮花店,78710837,0.00,2400.00,,,,當選後與其公務有關之費用支出,金錢,高雄市左營區****,,否,,,,,,,
5,陳麗珍,111年高雄市議員選舉,第2次賸餘,1130105,支付當選後與其公務有關之費用,禾婕禮品行,88023366,0.00,12500.00,,,,當選後與其公務有關之費用支出,金錢,高雄市三民區****,,否,,,,,,,
6,陳麗珍,111年高雄市議員選舉,第2次賸餘,1130107,支付當選後與其公務有關之費用,哈囉飲料商行,06915760,0.00,2400.00,,,,當選後與其公務有關之費用支出,金錢,高雄市左營區****,,否,,,,,,,
7,陳麗珍,111年高雄市議員選舉,第2次賸餘,1130109,支付當選後與其公務有關之費用,中華郵政股份有限公司,,0.00,179.00,,,,當選後與其公務有關之費用支出,金錢,高雄市左營區****,,否,,,,,,,
8,陳麗珍,111年高雄市議員選舉,第2次賸餘,1130109,支付當選後與其公務有關之費用,哈囉飲料商行,06915760,0.00,160.00,,,,當選後與其公務有關之費用支出,金錢,高雄市左營區****,,否,,,,,,,
9,陳麗珍,111年高雄市議員選舉,第2次賸餘,1130109,支付當選後與其公務有關之費用,左新加油站有限公司,86051436,0.00,1324.00,,,,油資,金錢,高雄市左營區****,,否,,,,,,,
10,陳麗珍,111年高雄市議員選舉,第2次賸餘,1130112,支付當選後與其公務有關之費用,中華郵政股份有限公司,,0.00,28.00,,,,當選後與其公務有關之費用支出,金錢,高雄市左營區****,,否,,,,,,,
11,陳麗珍,111年高雄市議員選舉,第2次賸餘,1130115,支付當選後與其公務有關之費用,中華郵政股份有限公司,,0.00,44.00,,,,當選後與其公務有關之費用支出,金錢,高雄市左營區****,,否,,,,,,,
12,陳麗珍,111年高雄市議員選舉,第2次賸餘,1130117,支付當選後與其公務有關之費用,中華郵政股份有限公司,,0.00,60.00,,,,當選後與其公務有關之費用支出,金錢,高雄市左營區****,,否,,,,,,,
13,陳麗珍,111年高雄市議員選舉,第2次賸餘,1130118,支付當選後與其公務有關之費用,中華郵政股份有限公司,,0.00,100.00,,,,當選後與其公務有關之費用支出,金錢,高雄市左營區****,,否,,,,,,,
14,陳麗珍,111年高雄市議員選舉,第2次賸餘,1130119,支付當選後與其公務有關之費用,左新加油站有限公司,86051436,0.00,1282.00,,,,油資,金錢,高雄市左營區****,,否,,,,,,,
15,陳麗珍,111年高雄市議員選舉,第2次賸餘,1130122,支付當選後與其公務有關之費用,中華郵政股份有限公司,,0.00,36.00,,,,當選後與其公務有關之費用支出,金錢,高雄市左營區****,,否,,,,,,,
16,陳麗珍,111年高雄市議員選舉,第2次賸餘,1130122,支付當選後與其公務有關之費用,卉萍園藝店,10243060,0.00,1200.00,,,,為民服務費用,金錢,高雄市鼓山區****,,否,,,,,,,
17,陳麗珍,111年高雄市議員選舉,第2次賸餘,1130122,支付當選後與其公務有關之費用,元森整合行銷廣告有限公司,27724226,0.00,5000.00,,,,發送電信簡訊費用,金錢,臺北市內湖區****,,否,,,,,,,
18,陳麗珍,111年高雄市議員選舉,第2次賸餘,1130123,支付當選後與其公務有關之費用,中華郵政股份有限公司,,0.00,28.00,,,,當選後與其公務有關之費用支出,金錢,高雄市左營區****,,否,,,,,,,
19,陳麗珍,111年高雄市議員選舉,第2次賸餘,1130123,支付當選後與其公務有關之費用,中華郵政股份有限公司,,0.00,48.00,,,,當選後與其公務有關之費用支出,金錢,高雄市左營區****,,否,,,,,,,
20,陳麗珍,111年高雄市議員選舉,第2次賸餘,1130125,支付當選後與其公務有關之費用,中華郵政股份有限公司,,0.00,44.00,,,,當選後與其公務有關之費用支出,金錢,高雄市左營區****,,否,,,,,,,
21,陳麗珍,111年高雄市議員選舉,第2次賸餘,1130125,支付當選後與其公務有關之費用,左新加油站有限公司,86051436,0.00,1216.00,,,,油資,金錢,高雄市左營區****,,否,,,,,,,
22,陳麗珍,111年高雄市議員選舉,第2次賸餘,1130129,支付當選後與其公務有關之費用,中華郵政股份有限公司,,0.00,16.00,,,,當選後與其公務有關之費用支出,金錢,高雄市左營區****,,否,,,,,,,
23,陳麗珍,111年高雄市議員選舉,第2次賸餘,1130129,支付當選後與其公務有關之費用,哈囉飲料商行,06915760,0.00,480.00,,,,當選後與其公務有關之費用支出,金錢,高雄市左營區****,,否,,,,,,,
24,陳麗珍,111年高雄市議員選舉,第2次賸餘,1130129,支付當選後與其公務有關之費用,源豐加油站有限公司,23655563,0.00,100.00,,,,油資,金錢,高雄市左營區****,,否,,,,,,,
25,陳麗珍,111年高雄市議員選舉,第2次賸餘,1130129,支付當選後與其公務有關之費用,尚進車業,26472659,0.00,290.00,,,,汽機車燃料費用,金錢,高雄市左營區****,,否,,,,,,,
26,陳麗珍,111年高雄市議員選舉,第2次賸餘,1130130,支付當選後與其公務有關之費用,中華郵政股份有限公司,,0.00,68.00,,,,當選後與其公務有關之費用支出,金錢,高雄市左營區****,,否,,,,,,,
27,陳麗珍,111年高雄市議員選舉,第2次賸餘,1130130,支付當選後與其公務有關之費用,卉萍園藝店,10243060,0.00,1200.00,,,,為民服務費用,金錢,高雄市鼓山區****,,否,,,,,,,
28,陳麗珍,111年高雄市議員選舉,第2次賸餘,1130131,支付當選後與其公務有關之費用,中華郵政股份有限公司,,0.00,84.00,,,,當選後與其公務有關之費用支出,金錢,高雄市左營區****,,否,,,,,,,
29,陳麗珍,111年高雄市議員選舉,第2次賸餘,1130201,支付當選後與其公務有關之費用,中華郵政股份有限公司,,0.00,56.00,,,,當選後與其公務有關之費用支出,金錢,高雄市左營區****,,否,,,,,,,
30,陳麗珍,111年高雄市議員選舉,第2次賸餘,1130201,支付當選後與其公務有關之費用,左新加油站有限公司,86051436,0.00,1453.00,,,,油資,金錢,高雄市左營區****,,否,,,,,,,
31,陳麗珍,111年高雄市議員選舉,第2次賸餘,1130203,支付當選後與其公務有關之費用,裕誠加油站股份有限公司,86454472,0.00,90.00,,,,油資,金錢,高雄市左營區****,,否,,,,,,,
32,陳麗珍,111年高雄市議員選舉,第2次賸餘,1130205,支付當選後與其公務有關之費用,鑫萬泰玻璃藝品相框行,21391398,0.00,500.00,,,,當選後與其公務有關之費用支出,金錢,高雄市左營區****,,否,,,,,,,
33,陳麗珍,111年高雄市議員選舉,第2次賸餘,1130206,支付當選後與其公務有關之費用,中華郵政股份有限公司,,0.00,36.00,,,,為民服務費用,金錢,高雄市左營區****,,否,,,,,,,
34,陳麗珍,111年高雄市議員選舉,第2次賸餘,1130207,支付當選後與其公務有關之費用,英光企業股份有限公司,23222757,0.00,1480.00,,,,油資,金錢,高雄市三民區****,,否,,,,,,,
35,陳麗珍,111年高雄市議員選舉,第2次賸餘,1130208,支付當選後與其公務有關之費用,尚進車業,,0.00,800.00,,,,雜項購置或修繕費用,金錢,高雄市左營區****,,否,,,,,,,
36,陳麗珍,111年高雄市議員選舉,第2次賸餘,1130215,支付當選後與其公務有關之費用,中華郵政股份有限公司,,0.00,51.00,,,,為民服務費用,金錢,高雄市左營區****,,否,,,,,,,
37,陳麗珍,111年高雄市議員選舉,第2次賸餘,1130216,支付當選後與其公務有關之費用,中華郵政股份有限公司,,0.00,48.00,,,,為民服務費用,金錢,高雄市左營區****,,否,,,,,,,
38,陳麗珍,111年高雄市議員選舉,第2次賸餘,1130216,支付當選後與其公務有關之費用,卉萍園藝店,10243060,0.00,1200.00,,,,為民服務費用,金錢,高雄市鼓山區****,,否,,,,,,,
39,陳麗珍,111年高雄市議員選舉,第2次賸餘,1130217,支付當選後與其公務有關之費用,中華郵政股份有限公司,,0.00,270.00,,,,為民服務費用,金錢,高雄市左營區****,,否,,,,,,,
40,陳麗珍,111年高雄市議員選舉,第2次賸餘,1130219,支付當選後與其公務有關之費用,中華郵政股份有限公司,,0.00,28.00,,,,為民服務費用,金錢,高雄市左營區****,,否,,,,,,,
41,陳麗珍,111年高雄市議員選舉,第2次賸餘,1130221,支付當選後與其公務有關之費用,中華郵政股份有限公司,,0.00,44.00,,,,為民服務費用,金錢,高雄市左營區****,,否,,,,,,,
42,陳麗珍,111年高雄市議員選舉,第2次賸餘,1130221,支付當選後與其公務有關之費用,左新加油站有限公司,86051436,0.00,1555.00,,,,油資,金錢,高雄市左營區****,,否,,,,,,,
43,陳麗珍,111年高雄市議員選舉,第2次賸餘,1130222,支付當選後與其公務有關之費用,中華郵政股份有限公司,,0.00,28.00,,,,為民服務費用,金錢,高雄市左營區****,,否,,,,,,,
44,陳麗珍,111年高雄市議員選舉,第2次賸餘,1130222,支付當選後與其公務有關之費用,博愛鎖印行,,0.00,220.00,,,,當選後與其公務有關之費用支出,金錢,高雄市左營區****,,否,,,,,,,
45,陳麗珍,111年高雄市議員選舉,第2次賸餘,1130222,支付當選後與其公務有關之費用,米威創藝企業社,82674670,0.00,39396.00,,,,當選後與其公務有關之費用支出,金錢,高雄市岡山區****,,否,,,,,,,
46,陳麗珍,111年高雄市議員選舉,第2次賸餘,1130223,支付當選後與其公務有關之費用,卉萍園藝店,10243060,0.00,1200.00,,,,為民服務費用,金錢,高雄市鼓山區****,,否,,,,,,,
47,陳麗珍,111年高雄市議員選舉,第2次賸餘,1130226,支付當選後與其公務有關之費用,中華郵政股份有限公司,,0.00,180.00,,,,為民服務費用,金錢,高雄市左營區****,,否,,,,,,,
48,陳麗珍,111年高雄市議員選舉,第2次賸餘,1130227,支付當選後與其公務有關之費用,中華郵政股份有限公司,,0.00,59.00,,,,為民服務費用,金錢,高雄市左營區****,,否,,,,,,,
49,陳麗珍,111年高雄市議員選舉,第2次賸餘,1130227,支付當選後與其公務有關之費用,大將鮮花店,,0.00,6600.00,,,,當選後與其公務有關之費用支出,金錢,高雄市左營區****,,否,,,,,,,
50,陳麗珍,111年高雄市議員選舉,第2次賸餘,1130227,支付當選後與其公務有關之費用,哈囉飲料商行,,0.00,1600.00,,,,當選後與其公務有關之費用支出,金錢,高雄市左營區****,,否,,,,,,,
51,陳麗珍,111年高雄市議員選舉,第2次賸餘,1130227,支付當選後與其公務有關之費用,左新加油站有限公司,86051436,0.00,1541.00,,,,油資,金錢,高雄市左營區****,,否,,,,,,,
52,陳麗珍,111年高雄市議員選舉,第2次賸餘,1130229,支付當選後與其公務有關之費用,哈囉飲料商行,,0.00,800.00,,,,當選後與其公務有關之費用支出,金錢,高雄市左營區****,,否,,,,,,,
53,陳麗珍,111年高雄市議員選舉,第2次賸餘,1130229,支付當選後與其公務有關之費用,中華郵政股份有限公司,,0.00,36.00,,,,為民服務費用,金錢,高雄市左營區****,,否,,,,,,,
54,陳麗珍,111年高雄市議員選舉,第2次賸餘,1130229,支付當選後與其公務有關之費用,三通網資訊股份有限公司,70561948,0.00,16000.00,,,,發送電信簡訊費用,金錢,臺北市內湖區****,,否,,,,,,,
55,陳麗珍,111年高雄市議員選舉,第2次賸餘,1130301,支付當選後與其公務有關之費用,中華郵政股份有限公司,,0.00,140.00,,,,為民服務費用,金錢,高雄市左營區****,,否,,,,,,,
56,陳麗珍,111年高雄市議員選舉,第2次賸餘,1130304,支付當選後與其公務有關之費用,中華郵政股份有限公司,,0.00,112.00,,,,為民服務費用,金錢,高雄市左營區****,,否,,,,,,,
57,陳麗珍,111年高雄市議員選舉,第2次賸餘,1130305,支付當選後與其公務有關之費用,中華郵政股份有限公司,,0.00,62.00,,,,為民服務費用,金錢,高雄市左營區****,,否,,,,,,,
58,陳麗珍,111年高雄市議員選舉,第2次賸餘,1130306,支付當選後與其公務有關之費用,佑辰行,85506677,0.00,220.00,,,,當選後與其公務有關之費用支出,金錢,高雄市左營區****,,否,,,,,,,
59,陳麗珍,111年高雄市議員選舉,第2次賸餘,1130308,支付當選後與其公務有關之費用,中華郵政股份有限公司,,0.00,28.00,,,,為民服務費用,金錢,高雄市左營區****,,否,,,,,,,
60,陳麗珍,111年高雄市議員選舉,第2次賸餘,1130308,支付當選後與其公務有關之費用,尚進車業,,0.00,200.00,,,,汽機車燃料費用,金錢,高雄市左營區****,,否,,,,,,,
61,陳麗珍,111年高雄市議員選舉,第2次賸餘,1130308,支付當選後與其公務有關之費用,卉萍園藝店,10243060,0.00,1200.00,,,,為民服務費用,金錢,高雄市鼓山區****,,否,,,,,,,
62,陳麗珍,111年高雄市議員選舉,第2次賸餘,1130312,支付當選後與其公務有關之費用,裕誠加油站股份有限公司,86454472,0.00,1546.00,,,,油資,金錢,高雄市左營區****,,否,,,,,,,
63,陳麗珍,111年高雄市議員選舉,第2次賸餘,1130313,支付當選後與其公務有關之費用,哈囉飲料商行,,0.00,1440.00,,,,當選後與其公務有關之費用支出,金錢,高雄市左營區****,,否,,,,,,,
64,陳麗珍,111年高雄市議員選舉,第2次賸餘,1130314,支付當選後與其公務有關之費用,中華郵政股份有限公司,,0.00,28.00,,,,為民服務費用,金錢,高雄市左營區****,,否,,,,,,,
65,陳麗珍,111年高雄市議員選舉,第2次賸餘,1130316,支付當選後與其公務有關之費用,裕誠加油站股份有限公司,86454472,0.00,90.00,,,,油資,金錢,高雄市左營區****,,否,,,,,,,
66,陳麗珍,111年高雄市議員選舉,第2次賸餘,1130319,支付當選後與其公務有關之費用,中華郵政股份有限公司,,0.00,119.00,,,,為民服務費用,金錢,高雄市左營區****,,否,,,,,,,
67,陳麗珍,111年高雄市議員選舉,第2次賸餘,1130319,支付當選後與其公務有關之費用,哈囉飲料商行,,0.00,1200.00,,,,當選後與其公務有關之費用支出,金錢,高雄市左營區****,,否,,,,,,,
68,陳麗珍,111年高雄市議員選舉,第2次賸餘,1130319,支付當選後與其公務有關之費用,左新加油站有限公司,86051436,0.00,1615.00,,,,油資,金錢,高雄市左營區****,,否,,,,,,,
69,陳麗珍,111年高雄市議員選舉,第2次賸餘,1130320,支付當選後與其公務有關之費用,中華郵政股份有限公司,,0.00,56.00,,,,為民服務費用,金錢,高雄市左營區****,,否,,,,,,,
70,陳麗珍,111年高雄市議員選舉,第2次賸餘,1130321,支付當選後與其公務有關之費用,中華郵政股份有限公司,,0.00,44.00,,,,為民服務費用,金錢,高雄市左營區****,,否,,,,,,,
71,陳麗珍,111年高雄市議員選舉,第2次賸餘,1130322,支付當選後與其公務有關之費用,中華郵政股份有限公司,,0.00,98.00,,,,為民服務費用,金錢,高雄市左營區****,,否,,,,,,,
72,陳麗珍,111年高雄市議員選舉,第2次賸餘,1130325,支付當選後與其公務有關之費用,中華郵政股份有限公司,,0.00,95.00,,,,為民服務費用,金錢,高雄市左營區****,,否,,,,,,,
73,陳麗珍,111年高雄市議員選舉,第2次賸餘,1130326,支付當選後與其公務有關之費用,中華郵政股份有限公司,,0.00,80.00,,,,為民服務費用,金錢,高雄市左營區****,,否,,,,,,,
74,陳麗珍,111年高雄市議員選舉,第2次賸餘,1130327,支付當選後與其公務有關之費用,左新加油站有限公司,86051436,0.00,1493.00,,,,油資,金錢,高雄市左營區****,,否,,,,,,,
75,陳麗珍,111年高雄市議員選舉,第2次賸餘,1130328,支付當選後與其公務有關之費用,佳興盛室內裝修有限公司,54198774,0.00,8190.00,,,,當選後與其公務有關之費用支出,金錢,高雄市左營區****,,否,,,,,,,
76,陳麗珍,111年高雄市議員選舉,第2次賸餘,1130329,支付當選後與其公務有關之費用,中華郵政股份有限公司,,0.00,100.00,,,,為民服務費用,金錢,高雄市左營區****,,否,,,,,,,
77,陳麗珍,111年高雄市議員選舉,第2次賸餘,1130402,支付當選後與其公務有關之費用,大將鮮花店,,0.00,2400.00,,,,當選後與其公務有關之費用支出,金錢,高雄市左營區****,,否,,,,,,,
78,陳麗珍,111年高雄市議員選舉,第2次賸餘,1130403,支付當選後與其公務有關之費用,中華郵政股份有限公司,,0.00,56.00,,,,為民服務費用,金錢,高雄市左營區****,,否,,,,,,,
79,陳麗珍,111年高雄市議員選舉,第2次賸餘,1130403,支付當選後與其公務有關之費用,禾婕禮品行,88023366,0.00,12500.00,,,,當選後與其公務有關之費用支出,金錢,高雄市三民區****,,否,,,,,,,
80,陳麗珍,111年高雄市議員選舉,第2次賸餘,1130405,支付當選後與其公務有關之費用,大將鮮花店,,0.00,13400.00,,,,當選後與其公務有關之費用支出,金錢,高雄市左營區****,,否,,,,,,,
81,陳麗珍,111年高雄市議員選舉,第2次賸餘,1130407,支付當選後與其公務有關之費用,左新加油站有限公司,86051436,0.00,1000.00,,,,油資,金錢,高雄市左營區****,,否,,,,,,,
82,陳麗珍,111年高雄市議員選舉,第2次賸餘,1130408,支付當選後與其公務有關之費用,尚進車業,,0.00,200.00,,,,汽機車燃料費用,金錢,高雄市左營區****,,否,,,,,,,
83,陳麗珍,111年高雄市議員選舉,第2次賸餘,1130408,支付當選後與其公務有關之費用,中華郵政股份有限公司,,0.00,58.00,,,,為民服務費用,金錢,高雄市左營區****,,否,,,,,,,
84,陳麗珍,111年高雄市議員選舉,第2次賸餘,1130409,支付當選後與其公務有關之費用,中華郵政股份有限公司,,0.00,36.00,,,,為民服務費用,金錢,高雄市左營區****,,否,,,,,,,
85,陳麗珍,111年高雄市議員選舉,第2次賸餘,1130410,支付當選後與其公務有關之費用,中華郵政股份有限公司,,0.00,64.00,,,,為民服務費用,金錢,高雄市左營區****,,否,,,,,,,
86,陳麗珍,111年高雄市議員選舉,第2次賸餘,1130411,支付當選後與其公務有關之費用,左新加油站有限公司,86051436,0.00,1557.00,,,,油資,金錢,高雄市左營區****,,否,,,,,,,
87,陳麗珍,111年高雄市議員選舉,第2次賸餘,1130412,支付當選後與其公務有關之費用,中華郵政股份有限公司,,0.00,16.00,,,,為民服務費用,金錢,高雄市左營區****,,否,,,,,,,
88,陳麗珍,111年高雄市議員選舉,第2次賸餘,1130417,支付當選後與其公務有關之費用,中華郵政股份有限公司,,0.00,132.00,,,,為民服務費用,金錢,高雄市左營區****,,否,,,,,,,
89,陳麗珍,111年高雄市議員選舉,第2次賸餘,1130418,支付當選後與其公務有關之費用,中華郵政股份有限公司,,0.00,128.00,,,,為民服務費用,金錢,高雄市左營區****,,否,,,,,,,
90,陳麗珍,111年高雄市議員選舉,第2次賸餘,1130418,支付當選後與其公務有關之費用,哈囉飲料商行,,0.00,3920.00,,,,當選後與其公務有關之費用支出,金錢,高雄市左營區****,,否,,,,,,,
91,陳麗珍,111年高雄市議員選舉,第2次賸餘,1130422,支付當選後與其公務有關之費用,尚進車業,,0.00,200.00,,,,汽機車燃料費用,金錢,高雄市左營區****,,否,,,,,,,
92,陳麗珍,111年高雄市議員選舉,第2次賸餘,1130422,支付當選後與其公務有關之費用,哈囉飲料商行,,0.00,160.00,,,,當選後與其公務有關之費用支出,金錢,高雄市左營區****,,否,,,,,,,
93,陳麗珍,111年高雄市議員選舉,第2次賸餘,1130422,支付當選後與其公務有關之費用,中華郵政股份有限公司,,0.00,36.00,,,,為民服務費用,金錢,高雄市左營區****,,否,,,,,,,
94,陳麗珍,111年高雄市議員選舉,第2次賸餘,1130424,支付當選後與其公務有關之費用,中華郵政股份有限公司,,0.00,28.00,,,,為民服務費用,金錢,高雄市左營區****,,否,,,,,,,
95,陳麗珍,111年高雄市議員選舉,第2次賸餘,1130425,支付當選後與其公務有關之費用,中華郵政股份有限公司,,0.00,70.00,,,,為民服務費用,金錢,高雄市左營區****,,否,,,,,,,
96,陳麗珍,111年高雄市議員選舉,第2次賸餘,1130426,支付當選後與其公務有關之費用,中華郵政股份有限公司,,0.00,28.00,,,,為民服務費用,金錢,高雄市左營區****,,否,,,,,,,
97,陳麗珍,111年高雄市議員選舉,第2次賸餘,1130429,支付當選後與其公務有關之費用,中華郵政股份有限公司,,0.00,159.00,,,,為民服務費用,金錢,高雄市左營區****,,否,,,,,,,
98,陳麗珍,111年高雄市議員選舉,第2次賸餘,1130429,支付當選後與其公務有關之費用,來興食品行,,0.00,2600.00,,,,當選後與其公務有關之費用支出,金錢,高雄市仁武區****,,否,,,,,,,
99,陳麗珍,111年高雄市議員選舉,第2次賸餘,1130430,支付當選後與其公務有關之費用,卉萍園藝店,,0.00,4800.00,,,,當選後與其公務有關之費用支出,金錢,高雄市鼓山區****,,否,,,,,,,
100,陳麗珍,111年高雄市議員選舉,第2次賸餘,1130430,支付當選後與其公務有關之費用,哈囉飲料商行,,0.00,1280.00,,,,當選後與其公務有關之費用支出,金錢,高雄市左營區****,,否,,,,,,,
101,陳麗珍,111年高雄市議員選舉,第2次賸餘,1130430,支付當選後與其公務有關之費用,中華郵政股份有限公司,,0.00,84.00,,,,為民服務費用,金錢,高雄市左營區****,,否,,,,,,,
102,陳麗珍,111年高雄市議員選舉,第2次賸餘,1130502,支付當選後與其公務有關之費用,中華郵政股份有限公司,,0.00,88.00,,,,為民服務費用,金錢,高雄市左營區****,,否,,,,,,,
103,陳麗珍,111年高雄市議員選舉,第2次賸餘,1130503,支付當選後與其公務有關之費用,左新加油站有限公司,86051436,0.00,1579.00,,,,油資,金錢,高雄市左營區****,,否,,,,,,,
104,陳麗珍,111年高雄市議員選舉,第2次賸餘,1130506,支付當選後與其公務有關之費用,哈囉飲料商行,,0.00,160.00,,,,當選後與其公務有關之費用支出,金錢,高雄市左營區****,,否,,,,,,,
105,陳麗珍,111年高雄市議員選舉,第2次賸餘,1130507,支付當選後與其公務有關之費用,中華郵政股份有限公司,,0.00,67.00,,,,為民服務費用,金錢,高雄市左營區****,,否,,,,,,,
106,陳麗珍,111年高雄市議員選舉,第2次賸餘,1130508,支付當選後與其公務有關之費用,中華郵政股份有限公司,,0.00,80.00,,,,為民服務費用,金錢,高雄市左營區****,,否,,,,,,,
107,陳麗珍,111年高雄市議員選舉,第2次賸餘,1130508,支付當選後與其公務有關之費用,左新加油站有限公司,86051436,0.00,1488.00,,,,油資,金錢,高雄市左營區****,,否,,,,,,,
108,陳麗珍,111年高雄市議員選舉,第2次賸餘,1130509,支付當選後與其公務有關之費用,泳灃商行,88051756,0.00,2000.00,,,,當選後與其公務有關之費用支出,金錢,高雄市楠梓區****,,否,,,,,,,
109,陳麗珍,111年高雄市議員選舉,第2次賸餘,1130510,支付當選後與其公務有關之費用,中華郵政股份有限公司,,0.00,56.00,,,,為民服務費用,金錢,高雄市左營區****,,否,,,,,,,
110,陳麗珍,111年高雄市議員選舉,第2次賸餘,1130510,支付當選後與其公務有關之費用,大將鮮花店,,0.00,2000.00,,,,當選後與其公務有關之費用支出,金錢,高雄市左營區****,,否,,,,,,,
111,陳麗珍,111年高雄市議員選舉,第2次賸餘,1130510,支付當選後與其公務有關之費用,卉萍園藝店,10243060,0.00,1500.00,,,,為民服務費用,金錢,高雄市鼓山區****,,否,,,,,,,
112,陳麗珍,111年高雄市議員選舉,第2次賸餘,1130511,支付當選後與其公務有關之費用,尚進車業,26472659,0.00,200.00,,,,汽機車燃料費用,金錢,高雄市左營區****,,否,,,,,,,
113,陳麗珍,111年高雄市議員選舉,第2次賸餘,1130514,支付當選後與其公務有關之費用,中華郵政股份有限公司,,0.00,208.00,,,,為民服務費用,金錢,高雄市左營區****,,否,,,,,,,
114,陳麗珍,111年高雄市議員選舉,第2次賸餘,1130515,支付當選後與其公務有關之費用,中華郵政股份有限公司,,0.00,8.00,,,,為民服務費用,金錢,高雄市左營區****,,否,,,,,,,
115,陳麗珍,111年高雄市議員選舉,第2次賸餘,1130515,支付當選後與其公務有關之費用,哈囉飲料商行,,0.00,2160.00,,,,當選後與其公務有關之費用支出,金錢,高雄市左營區****,,否,,,,,,,
116,陳麗珍,111年高雄市議員選舉,第2次賸餘,1130515,支付當選後與其公務有關之費用,左新加油站有限公司,86051436,0.00,1536.00,,,,油資,金錢,高雄市左營區****,,否,,,,,,,
117,陳麗珍,111年高雄市議員選舉,第2次賸餘,1130517,支付當選後與其公務有關之費用,中華郵政股份有限公司,,0.00,28.00,,,,為民服務費用,金錢,高雄市左營區****,,否,,,,,,,
118,陳麗珍,111年高雄市議員選舉,第2次賸餘,1130518,支付當選後與其公務有關之費用,左新加油站有限公司,86051436,0.00,67.00,,,,油資,金錢,高雄市左營區****,,否,,,,,,,
119,陳麗珍,111年高雄市議員選舉,第2次賸餘,1130520,支付當選後與其公務有關之費用,中華郵政股份有限公司,,0.00,51.00,,,,為民服務費用,金錢,高雄市左營區****,,否,,,,,,,
120,陳麗珍,111年高雄市議員選舉,第2次賸餘,1130520,支付當選後與其公務有關之費用,瑞興禮品社,,0.00,10350.00,,,,當選後與其公務有關之費用支出,金錢,桃園市大溪區****,,否,,,,,,,
121,陳麗珍,111年高雄市議員選舉,第2次賸餘,1130521,支付當選後與其公務有關之費用,中華郵政股份有限公司,,0.00,36.00,,,,為民服務費用,金錢,高雄市左營區****,,否,,,,,,,
122,陳麗珍,111年高雄市議員選舉,第2次賸餘,1130522,支付當選後與其公務有關之費用,中華郵政股份有限公司,,0.00,126.00,,,,為民服務費用,金錢,高雄市左營區****,,否,,,,,,,
123,陳麗珍,111年高雄市議員選舉,第2次賸餘,1130522,支付當選後與其公務有關之費用,哈囉飲料商行,,0.00,720.00,,,,當選後與其公務有關之費用支出,金錢,高雄市左營區****,,否,,,,,,,
124,陳麗珍,111年高雄市議員選舉,第2次賸餘,1130522,支付當選後與其公務有關之費用,左新加油站有限公司,86051436,0.00,1456.00,,,,油資,金錢,高雄市左營區****,,否,,,,,,,
125,陳麗珍,111年高雄市議員選舉,第2次賸餘,1130524,支付當選後與其公務有關之費用,中華郵政股份有限公司,,0.00,28.00,,,,為民服務費用,金錢,高雄市左營區****,,否,,,,,,,
126,陳麗珍,111年高雄市議員選舉,第2次賸餘,1130524,支付當選後與其公務有關之費用,永一鎖印行,26486627,0.00,80.00,,,,當選後與其公務有關之費用支出,金錢,高雄市左營區****,,否,,,,,,,
127,陳麗珍,111年高雄市議員選舉,第2次賸餘,1130527,支付當選後與其公務有關之費用,中華郵政股份有限公司,,0.00,46.00,,,,為民服務費用,金錢,高雄市左營區****,,否,,,,,,,
128,陳麗珍,111年高雄市議員選舉,第2次賸餘,1130529,支付當選後與其公務有關之費用,中華郵政股份有限公司,,0.00,39.00,,,,為民服務費用,金錢,高雄市左營區****,,否,,,,,,,
129,陳麗珍,111年高雄市議員選舉,第2次賸餘,1130530,支付當選後與其公務有關之費用,中華郵政股份有限公司,,0.00,28.00,,,,為民服務費用,金錢,高雄市左營區****,,否,,,,,,,
130,陳麗珍,111年高雄市議員選舉,第2次賸餘,1130530,支付當選後與其公務有關之費用,哈囉飲料商行,,0.00,800.00,,,,當選後與其公務有關之費用支出,金錢,高雄市左營區****,,否,,,,,,,
131,陳麗珍,111年高雄市議員選舉,第2次賸餘,1130530,支付當選後與其公務有關之費用,博愛加油站,22837637,0.00,1563.00,,,,油資,金錢,高雄市三民區****,,否,,,,,,,
132,陳麗珍,111年高雄市議員選舉,第2次賸餘,1130530,支付當選後與其公務有關之費用,浩色創意設計工作室,36920781,0.00,35720.00,,,,當選後與其公務有關之費用支出,金錢,高雄市左營區****,,否,,,,,,,
133,陳麗珍,111年高雄市議員選舉,第2次賸餘,1130531,支付當選後與其公務有關之費用,大將鮮花店,,0.00,1200.00,,,,當選後與其公務有關之費用支出,金錢,高雄市左營區****,,否,,,,,,,
134,陳麗珍,111年高雄市議員選舉,第2次賸餘,1130605,支付當選後與其公務有關之費用,中華郵政股份有限公司,,0.00,28.00,,,,為民服務費用,金錢,高雄市左營區****,,否,,,,,,,
135,陳麗珍,111年高雄市議員選舉,第2次賸餘,1130606,支付當選後與其公務有關之費用,中華郵政股份有限公司,,0.00,56.00,,,,為民服務費用,金錢,高雄市左營區****,,否,,,,,,,
136,陳麗珍,111年高雄市議員選舉,第2次賸餘,1130610,支付當選後與其公務有關之費用,大將鮮花店,,0.00,2700.00,,,,當選後與其公務有關之費用支出,金錢,高雄市左營區****,,否,,,,,,,
137,陳麗珍,111年高雄市議員選舉,第2次賸餘,1130611,支付當選後與其公務有關之費用,中華郵政股份有限公司,,0.00,230.00,,,,為民服務費用,金錢,高雄市左營區****,,否,,,,,,,
138,陳麗珍,111年高雄市議員選舉,第2次賸餘,1130613,支付當選後與其公務有關之費用,哈囉飲料商行,,0.00,1280.00,,,,當選後與其公務有關之費用支出,金錢,高雄市左營區****,,否,,,,,,,
139,陳麗珍,111年高雄市議員選舉,第2次賸餘,1130614,支付當選後與其公務有關之費用,中華郵政股份有限公司,,0.00,72.00,,,,為民服務費用,金錢,高雄市左營區****,,否,,,,,,,
140,陳麗珍,111年高雄市議員選舉,第2次賸餘,1130614,支付當選後與其公務有關之費用,左新加油站有限公司,86051436,0.00,1507.00,,,,油資,金錢,高雄市左營區****,,否,,,,,,,
141,陳麗珍,111年高雄市議員選舉,第2次賸餘,1130615,支付當選後與其公務有關之費用,左新加油站有限公司,86051436,0.00,60.00,,,,油資,金錢,高雄市左營區****,,否,,,,,,,
142,陳麗珍,111年高雄市議員選舉,第2次賸餘,1130617,支付當選後與其公務有關之費用,中華郵政股份有限公司,,0.00,56.00,,,,為民服務費用,金錢,高雄市左營區****,,否,,,,,,,
143,陳麗珍,111年高雄市議員選舉,第2次賸餘,1130619,支付當選後與其公務有關之費用,中華郵政股份有限公司,,0.00,51.00,,,,為民服務費用,金錢,高雄市左營區****,,否,,,,,,,
144,陳麗珍,111年高雄市議員選舉,第2次賸餘,1130620,支付當選後與其公務有關之費用,天源布店,,0.00,700.00,,,,當選後與其公務有關之費用支出,金錢,高雄市左營區****,,否,,,,,,,
145,陳麗珍,111年高雄市議員選舉,第2次賸餘,1130621,支付當選後與其公務有關之費用,中華郵政股份有限公司,,0.00,88.00,,,,為民服務費用,金錢,高雄市左營區****,,否,,,,,,,
146,陳麗珍,111年高雄市議員選舉,第2次賸餘,1130621,支付當選後與其公務有關之費用,卉萍園藝店,10243060,0.00,1800.00,,,,為民服務費用,金錢,高雄市鼓山區****,,否,,,,,,,
147,陳麗珍,111年高雄市議員選舉,第2次賸餘,1130621,支付當選後與其公務有關之費用,左新加油站有限公司,86051436,0.00,1522.00,,,,油資,金錢,高雄市左營區****,,否,,,,,,,
148,陳麗珍,111年高雄市議員選舉,第2次賸餘,1130624,支付當選後與其公務有關之費用,中華郵政股份有限公司,,0.00,54.00,,,,為民服務費用,金錢,高雄市左營區****,,否,,,,,,,
149,陳麗珍,111年高雄市議員選舉,第2次賸餘,1130625,支付當選後與其公務有關之費用,中華郵政股份有限公司,,0.00,110.00,,,,為民服務費用,金錢,高雄市左營區****,,否,,,,,,,
150,陳麗珍,111年高雄市議員選舉,第2次賸餘,1130625,支付當選後與其公務有關之費用,浩色創意設計工作室,36920781,0.00,22000.00,,,,當選後與其公務有關之費用支出,金錢,高雄市左營區****,,否,,,,,,,
151,陳麗珍,111年高雄市議員選舉,第2次賸餘,1130627,支付當選後與其公務有關之費用,哈囉飲料商行,,0.00,2400.00,,,,當選後與其公務有關之費用支出,金錢,高雄市左營區****,,否,,,,,,,
152,陳麗珍,111年高雄市議員選舉,第2次賸餘,1130627,支付當選後與其公務有關之費用,左新加油站有限公司,86051436,0.00,1532.00,,,,油資,金錢,高雄市左營區****,,否,,,,,,,
153,陳麗珍,111年高雄市議員選舉,第2次賸餘,1130628,支付當選後與其公務有關之費用,中華郵政股份有限公司,,0.00,28.00,,,,為民服務費用,金錢,高雄市左營區****,,否,,,,,,,
154,陳麗珍,111年高雄市議員選舉,第2次賸餘,1130630,支付當選後與其公務有關之費用,卉萍園藝店,10243060,0.00,1500.00,,,,當選後與其公務有關之費用支出,金錢,高雄市鼓山區****,,否,,,,,,,
155,陳麗珍,111年高雄市議員選舉,第2次賸餘,1130701,支付當選後與其公務有關之費用,中華郵政股份有限公司,,0.00,72.00,,,,為民服務費用,金錢,高雄市左營區****,,否,,,,,,,
156,陳麗珍,111年高雄市議員選舉,第2次賸餘,1130703,支付當選後與其公務有關之費用,左新加油站有限公司,86051436,0.00,1519.00,,,,油資,金錢,高雄市左營區****,,否,,,,,,,
157,陳麗珍,111年高雄市議員選舉,第2次賸餘,1130704,支付當選後與其公務有關之費用,禾婕禮品行,,0.00,12500.00,,,,當選後與其公務有關之費用支出,金錢,高雄市三民區****,,否,,,,,,,
158,陳麗珍,111年高雄市議員選舉,第2次賸餘,1130705,支付當選後與其公務有關之費用,中華郵政股份有限公司,,0.00,60.00,,,,當選後與其公務有關之費用支出,金錢,高雄市左營區****,,否,,,,,,,
159,陳麗珍,111年高雄市議員選舉,第2次賸餘,1130710,支付當選後與其公務有關之費用,中華郵政股份有限公司,,0.00,52.00,,,,當選後與其公務有關之費用支出,金錢,高雄市左營區****,,否,,,,,,,
160,陳麗珍,111年高雄市議員選舉,第2次賸餘,1130711,支付當選後與其公務有關之費用,中華郵政股份有限公司,,0.00,49.00,,,,當選後與其公務有關之費用支出,金錢,高雄市左營區****,,否,,,,,,,
161,陳麗珍,111年高雄市議員選舉,第2次賸餘,1130712,支付當選後與其公務有關之費用,中華郵政股份有限公司,,0.00,23.00,,,,當選後與其公務有關之費用支出,金錢,高雄市左營區****,,否,,,,,,,
162,陳麗珍,111年高雄市議員選舉,第2次賸餘,1130712,支付當選後與其公務有關之費用,哈囉飲料商行,06915760,0.00,800.00,,,,當選後與其公務有關之費用支出,金錢,高雄市左營區****,,否,,,,,,,
163,陳麗珍,111年高雄市議員選舉,第2次賸餘,1130712,支付當選後與其公務有關之費用,尚進車業,26472659,0.00,200.00,,,,汽機車燃料費用,金錢,高雄市左營區****,,否,,,,,,,
164,陳麗珍,111年高雄市議員選舉,第2次賸餘,1130716,支付當選後與其公務有關之費用,寶政生活館有限公司,90685714,0.00,12000.00,,,,當選後與其公務有關之費用支出,金錢,高雄市左營區****,,否,,,,,,,
165,陳麗珍,111年高雄市議員選舉,第2次賸餘,1130717,支付當選後與其公務有關之費用,中華郵政股份有限公司,,0.00,58.00,,,,當選後與其公務有關之費用支出,金錢,高雄市左營區****,,否,,,,,,,
166,陳麗珍,111年高雄市議員選舉,第2次賸餘,1130718,支付當選後與其公務有關之費用,中華郵政股份有限公司,,0.00,52.00,,,,當選後與其公務有關之費用支出,金錢,高雄市左營區****,,否,,,,,,,
167,陳麗珍,111年高雄市議員選舉,第2次賸餘,1130719,支付當選後與其公務有關之費用,左新加油站有限公司,86051436,0.00,1449.00,,,,油資,金錢,高雄市左營區****,,否,,,,,,,
168,陳麗珍,111年高雄市議員選舉,第2次賸餘,1130721,支付當選後與其公務有關之費用,左新加油站有限公司,86051436,0.00,72.00,,,,油資,金錢,高雄市左營區****,,否,,,,,,,
169,陳麗珍,111年高雄市議員選舉,第2次賸餘,1130727,支付當選後與其公務有關之費用,全聯實業股份有限公司,24812823,0.00,9900.00,,,,當選後與其公務有關之費用支出,金錢,高雄市左營區****,,否,,,,,,,
170,陳麗珍,111年高雄市議員選舉,第2次賸餘,1130727,支付當選後與其公務有關之費用,全聯實業股份有限公司,24812823,0.00,20510.00,,,,當選後與其公務有關之費用支出,金錢,高雄市左營區****,,否,,,,,,,
171,陳麗珍,111年高雄市議員選舉,第2次賸餘,1130727,支付當選後與其公務有關之費用,左新加油站有限公司,86051436,0.00,1085.00,,,,油資,金錢,高雄市左營區****,,否,,,,,,,
172,陳麗珍,111年高雄市議員選舉,第2次賸餘,1130728,支付當選後與其公務有關之費用,大將鮮花店,78710837,0.00,9500.00,,,,當選後與其公務有關之費用支出,金錢,高雄市左營區****,,否,,,,,,,
173,陳麗珍,111年高雄市議員選舉,第2次賸餘,1130729,支付當選後與其公務有關之費用,中華郵政股份有限公司,,0.00,142.00,,,,當選後與其公務有關之費用支出,金錢,高雄市左營區****,,否,,,,,,,
174,陳麗珍,111年高雄市議員選舉,第2次賸餘,1130731,支付當選後與其公務有關之費用,哈囉飲料商行,06915760,0.00,2560.00,,,,當選後與其公務有關之費用支出,金錢,高雄市左營區****,,否,,,,,,,
175,陳麗珍,111年高雄市議員選舉,第2次賸餘,1130731,支付當選後與其公務有關之費用,全聯實業股份有限公司,28982073,0.00,620.00,,,,當選後與其公務有關之費用支出,金錢,高雄市左營區****,,否,,,,,,,
176,陳麗珍,111年高雄市議員選舉,第2次賸餘,1130801,支付當選後與其公務有關之費用,世全興業行,06867514,0.00,1160.00,,,,當選後與其公務有關之費用支出,金錢,高雄市三民區****,,否,,,,,,,
177,陳麗珍,111年高雄市議員選舉,第2次賸餘,1130801,支付當選後與其公務有關之費用,左新加油站有限公司,86051436,0.00,1509.00,,,,油資,金錢,高雄市左營區****,,否,,,,,,,
178,陳麗珍,111年高雄市議員選舉,第2次賸餘,1130802,支付當選後與其公務有關之費用,中華郵政股份有限公司,,0.00,62.00,,,,當選後與其公務有關之費用支出,金錢,高雄市左營區****,,否,,,,,,,
179,陳麗珍,111年高雄市議員選舉,第2次賸餘,1130803,支付當選後與其公務有關之費用,大將鮮花店,78710837,0.00,3600.00,,,,當選後與其公務有關之費用支出,金錢,高雄市左營區****,,否,,,,,,,
180,陳麗珍,111年高雄市議員選舉,第2次賸餘,1130805,支付當選後與其公務有關之費用,中華郵政股份有限公司,,0.00,76.00,,,,當選後與其公務有關之費用支出,金錢,高雄市左營區****,,否,,,,,,,
181,陳麗珍,111年高雄市議員選舉,第2次賸餘,1130806,支付當選後與其公務有關之費用,中華郵政股份有限公司,,0.00,54.00,,,,當選後與其公務有關之費用支出,金錢,高雄市左營區****,,否,,,,,,,
182,陳麗珍,111年高雄市議員選舉,第2次賸餘,1130807,支付當選後與其公務有關之費用,源豐加油站有限公司,23655563,0.00,80.00,,,,油資,金錢,高雄市左營區****,,否,,,,,,,
183,陳麗珍,111年高雄市議員選舉,第2次賸餘,1130810,支付當選後與其公務有關之費用,桂華加油站股份有限公司,89412005,0.00,1000.00,,,,油資,金錢,高雄市左營區****,,否,,,,,,,
184,陳麗珍,111年高雄市議員選舉,第2次賸餘,1130811,支付當選後與其公務有關之費用,全聯實業股份有限公司,24790118,0.00,2375.00,,,,當選後與其公務有關之費用支出,金錢,高雄市三民區****,,否,,,,,,,
185,陳麗珍,111年高雄市議員選舉,第2次賸餘,1130813,支付當選後與其公務有關之費用,源豐加油站有限公司,23655563,0.00,75.00,,,,油資,金錢,高雄市左營區****,,否,,,,,,,
186,陳麗珍,111年高雄市議員選舉,第2次賸餘,1130814,支付當選後與其公務有關之費用,中華郵政股份有限公司,,0.00,96.00,,,,當選後與其公務有關之費用支出,金錢,高雄市左營區****,,否,,,,,,,
187,陳麗珍,111年高雄市議員選舉,第2次賸餘,1130815,支付當選後與其公務有關之費用,中華郵政股份有限公司,,0.00,26.00,,,,當選後與其公務有關之費用支出,金錢,高雄市左營區****,,否,,,,,,,
188,陳麗珍,111年高雄市議員選舉,第2次賸餘,1130816,支付當選後與其公務有關之費用,中華郵政股份有限公司,,0.00,16.00,,,,當選後與其公務有關之費用支出,金錢,高雄市左營區****,,否,,,,,,,
189,陳麗珍,111年高雄市議員選舉,第2次賸餘,1130816,支付當選後與其公務有關之費用,中華郵政股份有限公司,,0.00,16.00,,,,當選後與其公務有關之費用支出,金錢,高雄市左營區****,,否,,,,,,,
190,陳麗珍,111年高雄市議員選舉,第2次賸餘,1130816,支付當選後與其公務有關之費用,左新加油站有限公司,86051436,0.00,1687.00,,,,油資,金錢,高雄市左營區****,,否,,,,,,,
191,陳麗珍,111年高雄市議員選舉,第2次賸餘,1130819,支付當選後與其公務有關之費用,中華郵政股份有限公司,,0.00,105.00,,,,當選後與其公務有關之費用支出,金錢,高雄市左營區****,,否,,,,,,,
192,陳麗珍,111年高雄市議員選舉,第2次賸餘,1130819,支付當選後與其公務有關之費用,哈囉飲料商行,06915760,0.00,1920.00,,,,當選後與其公務有關之費用支出,金錢,高雄市左營區****,,否,,,,,,,
193,陳麗珍,111年高雄市議員選舉,第2次賸餘,1130820,支付當選後與其公務有關之費用,中華郵政股份有限公司,,0.00,324.00,,,,當選後與其公務有關之費用支出,金錢,高雄市左營區****,,否,,,,,,,
194,陳麗珍,111年高雄市議員選舉,第2次賸餘,1130820,支付當選後與其公務有關之費用,哈囉飲料商行,06915760,0.00,960.00,,,,當選後與其公務有關之費用支出,金錢,高雄市左營區****,,否,,,,,,,
195,陳麗珍,111年高雄市議員選舉,第2次賸餘,1130820,支付當選後與其公務有關之費用,台糖橫山加油站,73950153,0.00,1000.00,,,,油資,金錢,高雄市大社區****,,否,,,,,,,
196,陳麗珍,111年高雄市議員選舉,第2次賸餘,1130821,支付當選後與其公務有關之費用,中華郵政股份有限公司,,0.00,83.00,,,,當選後與其公務有關之費用支出,金錢,高雄市左營區****,,否,,,,,,,
197,陳麗珍,111年高雄市議員選舉,第2次賸餘,1130823,支付當選後與其公務有關之費用,中華郵政股份有限公司,,0.00,52.00,,,,當選後與其公務有關之費用支出,金錢,高雄市左營區****,,否,,,,,,,
198,陳麗珍,111年高雄市議員選舉,第2次賸餘,1130823,支付當選後與其公務有關之費用,源豐加油站有限公司,23655563,0.00,80.00,,,,油資,金錢,高雄市左營區****,,否,,,,,,,
199,陳麗珍,111年高雄市議員選舉,第2次賸餘,1130825,支付當選後與其公務有關之費用,哈囉飲料商行,06915760,0.00,480.00,,,,當選後與其公務有關之費用支出,金錢,高雄市左營區****,,否,,,,,,,
200,陳麗珍,111年高雄市議員選舉,第2次賸餘,1130825,支付當選後與其公務有關之費用,英光企業股份有限公司,23222757,0.00,1000.00,,,,油資,金錢,高雄市三民區****,,否,,,,,,,
201,陳麗珍,111年高雄市議員選舉,第2次賸餘,1130827,支付當選後與其公務有關之費用,中華郵政股份有限公司,,0.00,16.00,,,,當選後與其公務有關之費用支出,金錢,高雄市左營區****,,否,,,,,,,
202,陳麗珍,111年高雄市議員選舉,第2次賸餘,1130828,支付當選後與其公務有關之費用,中華郵政股份有限公司,,0.00,36.00,,,,當選後與其公務有關之費用支出,金錢,高雄市左營區****,,否,,,,,,,
203,陳麗珍,111年高雄市議員選舉,第2次賸餘,1130828,支付當選後與其公務有關之費用,台灣中油股份有限公司,08933477,0.00,100.00,,,,油資,金錢,高雄市楠梓區****,,否,,,,,,,
204,陳麗珍,111年高雄市議員選舉,第2次賸餘,1130829,支付當選後與其公務有關之費用,左新加油站有限公司,86051436,0.00,1551.00,,,,當選後與其公務有關之費用支出,金錢,高雄市左營區****,,否,,,,,,,
205,陳麗珍,111年高雄市議員選舉,第2次賸餘,1130902,支付當選後與其公務有關之費用,中華郵政股份有限公司,,0.00,52.00,,,,當選後與其公務有關之費用支出,金錢,高雄市左營區****,,否,,,,,,,
206,陳麗珍,111年高雄市議員選舉,第2次賸餘,1130902,支付當選後與其公務有關之費用,大將鮮花店,78710837,0.00,3000.00,,,,當選後與其公務有關之費用支出,金錢,高雄市左營區****,,否,,,,,,,
207,陳麗珍,111年高雄市議員選舉,第2次賸餘,1130902,支付當選後與其公務有關之費用,台灣大哥大股份有限公司,97176270,0.00,1687.00,,,,電信費用,金錢,臺北市信義區****,,否,,,,,,,
208,陳麗珍,111年高雄市議員選舉,第2次賸餘,1130904,支付當選後與其公務有關之費用,中華郵政股份有限公司,,0.00,83.00,,,,當選後與其公務有關之費用支出,金錢,高雄市左營區****,,否,,,,,,,
209,陳麗珍,111年高雄市議員選舉,第2次賸餘,1130905,支付當選後與其公務有關之費用,中華郵政股份有限公司,,0.00,36.00,,,,當選後與其公務有關之費用支出,金錢,高雄市左營區****,,否,,,,,,,
210,陳麗珍,111年高雄市議員選舉,第2次賸餘,1130905,支付當選後與其公務有關之費用,台灣中油股份有限公司,06932557,0.00,100.00,,,,油資,金錢,高雄市楠梓區****,,否,,,,,,,
211,陳麗珍,111年高雄市議員選舉,第2次賸餘,1130905,支付當選後與其公務有關之費用,尚進車業,26472659,0.00,490.00,,,,汽機車燃料費用,金錢,高雄市左營區****,,否,,,,,,,
212,陳麗珍,111年高雄市議員選舉,第2次賸餘,1130905,支付當選後與其公務有關之費用,左新加油站有限公司,86051436,0.00,1588.00,,,,油資,金錢,高雄市左營區****,,否,,,,,,,
213,陳麗珍,111年高雄市議員選舉,第2次賸餘,1130906,支付當選後與其公務有關之費用,中華郵政股份有限公司,,0.00,52.00,,,,當選後與其公務有關之費用支出,金錢,高雄市左營區****,,否,,,,,,,
214,陳麗珍,111年高雄市議員選舉,第2次賸餘,1130908,支付當選後與其公務有關之費用,源豐加油站有限公司,23655563,0.00,100.00,,,,油資,金錢,高雄市左營區****,,否,,,,,,,
215,陳麗珍,111年高雄市議員選舉,第2次賸餘,1130908,支付當選後與其公務有關之費用,方師傅食品有限公司,27699351,0.00,21500.00,,,,當選後與其公務有關之費用支出,金錢,高雄市前鎮區****,,否,,,,,,,
216,陳麗珍,111年高雄市議員選舉,第2次賸餘,1130909,支付當選後與其公務有關之費用,源豐加油站有限公司,23655563,0.00,75.00,,,,油資,金錢,高雄市左營區****,,否,,,,,,,
217,陳麗珍,111年高雄市議員選舉,第2次賸餘,1130909,支付當選後與其公務有關之費用,西歐加油站股份有限公司,36987902,0.00,100.00,,,,油資,金錢,高雄市左營區****,,否,,,,,,,
218,陳麗珍,111年高雄市議員選舉,第2次賸餘,1130910,支付當選後與其公務有關之費用,大將鮮花店,78710837,0.00,1200.00,,,,為民服務費用,金錢,高雄市左營區****,,否,,,,,,,
219,陳麗珍,111年高雄市議員選舉,第2次賸餘,1130911,支付當選後與其公務有關之費用,中華郵政股份有限公司,,0.00,28.00,,,,當選後與其公務有關之費用支出,金錢,高雄市左營區****,,否,,,,,,,
220,陳麗珍,111年高雄市議員選舉,第2次賸餘,1130911,支付當選後與其公務有關之費用,誠大食品有限公司,54624616,0.00,8600.00,,,,當選後與其公務有關之費用支出,金錢,高雄市左營區****,,否,,,,,,,
221,陳麗珍,111年高雄市議員選舉,第2次賸餘,1130912,支付當選後與其公務有關之費用,源豐加油站有限公司,23655563,0.00,1000.00,,,,油資,金錢,高雄市左營區****,,否,,,,,,,
222,陳麗珍,111年高雄市議員選舉,第2次賸餘,1130913,支付當選後與其公務有關之費用,中華郵政股份有限公司,,0.00,26.00,,,,當選後與其公務有關之費用支出,金錢,高雄市左營區****,,否,,,,,,,
223,陳麗珍,111年高雄市議員選舉,第2次賸餘,1130913,支付當選後與其公務有關之費用,台灣自來水股份有限公司,,0.00,598.00,,,,水電瓦斯費用,金錢,高雄市前鎮區****,,否,,,,,,,
224,陳麗珍,111年高雄市議員選舉,第2次賸餘,1130917,支付當選後與其公務有關之費用,左新加油站有限公司,86051436,0.00,1273.00,,,,油資,金錢,高雄市左營區****,,否,,,,,,,
225,陳麗珍,111年高雄市議員選舉,第2次賸餘,1130918,支付當選後與其公務有關之費用,中華郵政股份有限公司,,0.00,42.00,,,,當選後與其公務有關之費用支出,金錢,高雄市左營區****,,否,,,,,,,
226,陳麗珍,111年高雄市議員選舉,第2次賸餘,1130923,支付當選後與其公務有關之費用,中華郵政股份有限公司,,0.00,26.00,,,,當選後與其公務有關之費用支出,金錢,高雄市左營區****,,否,,,,,,,
227,陳麗珍,111年高雄市議員選舉,第2次賸餘,1130924,支付當選後與其公務有關之費用,中華郵政股份有限公司,,0.00,42.00,,,,當選後與其公務有關之費用支出,金錢,高雄市左營區****,,否,,,,,,,
228,陳麗珍,111年高雄市議員選舉,第2次賸餘,1130924,支付當選後與其公務有關之費用,台灣電力公司,,0.00,9103.00,,,,水電瓦斯費用,金錢,高雄市鼓山區****,,否,,,,,,,
229,陳麗珍,111年高雄市議員選舉,第2次賸餘,1130924,支付當選後與其公務有關之費用,哈囉飲料商行,06915760,0.00,400.00,,,,當選後與其公務有關之費用支出,金錢,高雄市左營區****,,否,,,,,,,
230,陳麗珍,111年高雄市議員選舉,第2次賸餘,1130924,支付當選後與其公務有關之費用,左新加油站有限公司,86051436,0.00,1550.00,,,,油資,金錢,高雄市左營區****,,否,,,,,,,
231,陳麗珍,111年高雄市議員選舉,第2次賸餘,1130926,支付當選後與其公務有關之費用,全球華人股份有限公司,16776387,0.00,8888.00,,,,當選後與其公務有關之費用支出,金錢,臺北市松山區****,,否,,,,,,,
232,陳麗珍,111年高雄市議員選舉,第2次賸餘,1130927,支付當選後與其公務有關之費用,中華郵政股份有限公司,,0.00,26.00,,,,當選後與其公務有關之費用支出,金錢,高雄市左營區****,,否,,,,,,,
233,陳麗珍,111年高雄市議員選舉,第2次賸餘,1130930,支付當選後與其公務有關之費用,中華郵政股份有限公司,,0.00,31.00,,,,當選後與其公務有關之費用支出,金錢,高雄市左營區****,,否,,,,,,,
234,陳麗珍,111年高雄市議員選舉,第2次賸餘,1130930,支付當選後與其公務有關之費用,卉萍園藝店,10243060,0.00,3000.00,,,,為民服務費用,金錢,高雄市鼓山區****,,否,,,,,,,
235,陳麗珍,111年高雄市議員選舉,第2次賸餘,1130930,支付當選後與其公務有關之費用,三通網資訊股份有限公司,70561948,0.00,10000.00,,,,當選後與其公務有關之費用支出,金錢,臺北市內湖區****,,否,,,,,,,
236,陳麗珍,111年高雄市議員選舉,第2次賸餘,1130930,支付當選後與其公務有關之費用,台灣大哥大股份有限公司,97176270,0.00,1567.00,,,,電信費用,金錢,臺北市信義區****,,否,,,,,,,
237,陳麗珍,111年高雄市議員選舉,第2次賸餘,1131003,支付當選後與其公務有關之費用,卉萍園藝店,10243060,0.00,2000.00,,,,當選後與其公務有關之費用支出,金錢,高雄市鼓山區****,,否,,,,,,,
238,陳麗珍,111年高雄市議員選舉,第2次賸餘,1131005,支付當選後與其公務有關之費用,元森整合行銷廣告有限公司,27724226,0.00,5000.00,,,,當選後與其公務有關之費用支出,金錢,臺北市內湖區****,,否,,,,,,,
239,陳麗珍,111年高雄市議員選舉,第2次賸餘,1131005,支付當選後與其公務有關之費用,左新加油站有限公司,86051436,0.00,1440.00,,,,油資,金錢,高雄市左營區****,,否,,,,,,,
240,陳麗珍,111年高雄市議員選舉,第2次賸餘,1131007,支付當選後與其公務有關之費用,中華郵政股份有限公司,,0.00,120.00,,,,當選後與其公務有關之費用支出,金錢,高雄市左營區****,,否,,,,,,,
241,陳麗珍,111年高雄市議員選舉,第2次賸餘,1131007,支付當選後與其公務有關之費用,源豐加油站有限公司,23655563,0.00,1000.00,,,,油資,金錢,高雄市左營區****,,否,,,,,,,
242,陳麗珍,111年高雄市議員選舉,第2次賸餘,1131008,支付當選後與其公務有關之費用,永和林家手工饅頭店,10273774,0.00,1300.00,,,,當選後與其公務有關之費用支出,金錢,高雄市鼓山區****,,否,,,,,,,
243,陳麗珍,111年高雄市議員選舉,第2次賸餘,1131010,支付當選後與其公務有關之費用,國旗女孩大高雄旗艦店,10235717,0.00,400.00,,,,當選後與其公務有關之費用支出,金錢,高雄市左營區****,,否,,,,,,,
244,陳麗珍,111年高雄市議員選舉,第2次賸餘,1131010,支付當選後與其公務有關之費用,卉萍園藝店,10243060,0.00,2000.00,,,,當選後與其公務有關之費用支出,金錢,高雄市鼓山區****,,否,,,,,,,
245,陳麗珍,111年高雄市議員選舉,第2次賸餘,1131010,支付當選後與其公務有關之費用,大將鮮花店,78710837,0.00,3200.00,,,,當選後與其公務有關之費用支出,金錢,高雄市左營區****,,否,,,,,,,
246,陳麗珍,111年高雄市議員選舉,第2次賸餘,1131011,支付當選後與其公務有關之費用,中華郵政股份有限公司,,0.00,52.00,,,,當選後與其公務有關之費用支出,金錢,高雄市左營區****,,否,,,,,,,
247,陳麗珍,111年高雄市議員選舉,第2次賸餘,1131011,支付當選後與其公務有關之費用,卉萍園藝店,10243060,0.00,1800.00,,,,當選後與其公務有關之費用支出,金錢,高雄市鼓山區****,,否,,,,,,,
248,陳麗珍,111年高雄市議員選舉,第2次賸餘,1131012,支付當選後與其公務有關之費用,博愛鎖印行,17109412,0.00,350.00,,,,雜項購置,金錢,高雄市左營區****,,否,,,,,,,
249,陳麗珍,111年高雄市議員選舉,第2次賸餘,1131012,支付當選後與其公務有關之費用,許新興加油站有限公司,89423066,0.00,450.00,,,,油資,金錢,高雄市楠梓區****,,否,,,,,,,
250,陳麗珍,111年高雄市議員選舉,第2次賸餘,1131014,支付當選後與其公務有關之費用,中華郵政股份有限公司,,0.00,26.00,,,,當選後與其公務有關之費用支出,金錢,高雄市左營區****,,否,,,,,,,
251,陳麗珍,111年高雄市議員選舉,第2次賸餘,1131015,支付當選後與其公務有關之費用,中華郵政股份有限公司,,0.00,28.00,,,,當選後與其公務有關之費用支出,金錢,高雄市左營區****,,否,,,,,,,
252,陳麗珍,111年高雄市議員選舉,第2次賸餘,1131016,支付當選後與其公務有關之費用,中華郵政股份有限公司,,0.00,16.00,,,,當選後與其公務有關之費用支出,金錢,高雄市左營區****,,否,,,,,,,
253,陳麗珍,111年高雄市議員選舉,第2次賸餘,1131016,支付當選後與其公務有關之費用,左新加油站有限公司,86051436,0.00,1501.00,,,,油資,金錢,高雄市左營區****,,否,,,,,,,
254,陳麗珍,111年高雄市議員選舉,第2次賸餘,1131017,支付當選後與其公務有關之費用,中華郵政股份有限公司,,0.00,52.00,,,,當選後與其公務有關之費用支出,金錢,高雄市左營區****,,否,,,,,,,
255,陳麗珍,111年高雄市議員選舉,第2次賸餘,1131017,支付當選後與其公務有關之費用,大翔開發有限公司,22833793,0.00,104.00,,,,油資,金錢,高雄市左營區****,,否,,,,,,,
256,陳麗珍,111年高雄市議員選舉,第2次賸餘,1131018,支付當選後與其公務有關之費用,中華郵政股份有限公司,,0.00,26.00,,,,當選後與其公務有關之費用支出,金錢,高雄市左營區****,,否,,,,,,,
257,陳麗珍,111年高雄市議員選舉,第2次賸餘,1131018,支付當選後與其公務有關之費用,哈囉飲料商行,06915760,0.00,2560.00,,,,當選後與其公務有關之費用支出,金錢,高雄市左營區****,,否,,,,,,,
258,陳麗珍,111年高雄市議員選舉,第2次賸餘,1131022,支付當選後與其公務有關之費用,左新加油站有限公司,86051436,0.00,1397.00,,,,油資,金錢,高雄市左營區****,,否,,,,,,,
259,陳麗珍,111年高雄市議員選舉,第2次賸餘,1131023,支付當選後與其公務有關之費用,卉萍園藝店,10243060,0.00,2000.00,,,,當選後與其公務有關之費用支出,金錢,高雄市鼓山區****,,否,,,,,,,
260,陳麗珍,111年高雄市議員選舉,第2次賸餘,1131025,支付當選後與其公務有關之費用,中華郵政股份有限公司,,0.00,59.00,,,,當選後與其公務有關之費用支出,金錢,高雄市左營區****,,否,,,,,,,
261,陳麗珍,111年高雄市議員選舉,第2次賸餘,1131028,支付當選後與其公務有關之費用,台灣大哥大股份有限公司,97176270,0.00,1494.00,,,,電信費用,金錢,臺北市信義區****,,否,,,,,,,
262,陳麗珍,111年高雄市議員選舉,第2次賸餘,1131029,支付當選後與其公務有關之費用,中華郵政股份有限公司,,0.00,26.00,,,,當選後與其公務有關之費用支出,金錢,高雄市左營區****,,否,,,,,,,
263,陳麗珍,111年高雄市議員選舉,第2次賸餘,1131029,支付當選後與其公務有關之費用,哈囉飲料商行,06915760,0.00,160.00,,,,當選後與其公務有關之費用支出,金錢,高雄市左營區****,,否,,,,,,,
264,陳麗珍,111年高雄市議員選舉,第2次賸餘,1131029,支付當選後與其公務有關之費用,英光企業股份有限公司,23222757,0.00,1200.00,,,,油資,金錢,高雄市三民區****,,否,,,,,,,
265,陳麗珍,111年高雄市議員選舉,第2次賸餘,1131031,支付當選後與其公務有關之費用,尖梅花店,06939469,0.00,3000.00,,,,當選後與其公務有關之費用支出,金錢,高雄市左營區****,,否,,,,,,,
266,陳麗珍,111年高雄市議員選舉,第2次賸餘,1131101,支付當選後與其公務有關之費用,卉萍園藝店,10243060,0.00,7800.00,,,,當選後與其公務有關之費用支出,金錢,高雄市鼓山區****,,否,,,,,,,
267,陳麗珍,111年高雄市議員選舉,第2次賸餘,1131104,支付當選後與其公務有關之費用,中華郵政股份有限公司,,0.00,26.00,,,,當選後與其公務有關之費用支出,金錢,高雄市左營區****,,否,,,,,,,
268,陳麗珍,111年高雄市議員選舉,第2次賸餘,1131105,支付當選後與其公務有關之費用,中華郵政股份有限公司,,0.00,26.00,,,,當選後與其公務有關之費用支出,金錢,高雄市左營區****,,否,,,,,,,
269,陳麗珍,111年高雄市議員選舉,第2次賸餘,1131105,支付當選後與其公務有關之費用,禾婕禮品行,88023366,0.00,13000.00,,,,當選後與其公務有關之費用支出,金錢,高雄市三民區****,,否,,,,,,,
270,陳麗珍,111年高雄市議員選舉,第2次賸餘,1131106,支付當選後與其公務有關之費用,中華郵政股份有限公司,,0.00,78.00,,,,當選後與其公務有關之費用支出,金錢,高雄市左營區****,,否,,,,,,,
271,陳麗珍,111年高雄市議員選舉,第2次賸餘,1131107,支付當選後與其公務有關之費用,中華郵政股份有限公司,,0.00,26.00,,,,當選後與其公務有關之費用支出,金錢,高雄市左營區****,,否,,,,,,,
272,陳麗珍,111年高雄市議員選舉,第2次賸餘,1131109,支付當選後與其公務有關之費用,左新加油站有限公司,86051436,0.00,1577.00,,,,油資,金錢,高雄市左營區****,,否,,,,,,,
273,陳麗珍,111年高雄市議員選舉,第2次賸餘,1131111,支付當選後與其公務有關之費用,中華郵政股份有限公司,,0.00,153.00,,,,當選後與其公務有關之費用支出,金錢,高雄市左營區****,,否,,,,,,,
274,陳麗珍,111年高雄市議員選舉,第2次賸餘,1131113,支付當選後與其公務有關之費用,中華郵政股份有限公司,,0.00,26.00,,,,當選後與其公務有關之費用支出,金錢,高雄市左營區****,,否,,,,,,,
275,陳麗珍,111年高雄市議員選舉,第2次賸餘,1131113,支付當選後與其公務有關之費用,台灣自來水股份有限公司,,0.00,673.00,,,,水電瓦斯費用,金錢,高雄市前鎮區****,,否,,,,,,,
276,陳麗珍,111年高雄市議員選舉,第2次賸餘,1131114,支付當選後與其公務有關之費用,中華郵政股份有限公司,,0.00,52.00,,,,當選後與其公務有關之費用支出,金錢,高雄市左營區****,,否,,,,,,,
277,陳麗珍,111年高雄市議員選舉,第2次賸餘,1131115,支付當選後與其公務有關之費用,中華郵政股份有限公司,,0.00,46.00,,,,當選後與其公務有關之費用支出,金錢,高雄市左營區****,,否,,,,,,,
278,陳麗珍,111年高雄市議員選舉,第2次賸餘,1131115,支付當選後與其公務有關之費用,哈囉飲料商行,06915760,0.00,5600.00,,,,當選後與其公務有關之費用支出,金錢,高雄市左營區****,,否,,,,,,,
279,陳麗珍,111年高雄市議員選舉,第2次賸餘,1131117,支付當選後與其公務有關之費用,左新加油站有限公司,86051436,0.00,1442.00,,,,油資,金錢,高雄市左營區****,,否,,,,,,,
280,陳麗珍,111年高雄市議員選舉,第2次賸餘,1131121,支付當選後與其公務有關之費用,中華郵政股份有限公司,,0.00,26.00,,,,當選後與其公務有關之費用支出,金錢,高雄市左營區****,,否,,,,,,,
281,陳麗珍,111年高雄市議員選舉,第2次賸餘,1131122,支付當選後與其公務有關之費用,哈囉飲料商行,06915760,0.00,1280.00,,,,當選後與其公務有關之費用支出,金錢,高雄市左營區****,,否,,,,,,,
282,陳麗珍,111年高雄市議員選舉,第2次賸餘,1131125,支付當選後與其公務有關之費用,中華郵政股份有限公司,,0.00,26.00,,,,當選後與其公務有關之費用支出,金錢,高雄市左營區****,,否,,,,,,,
283,陳麗珍,111年高雄市議員選舉,第2次賸餘,1131125,支付當選後與其公務有關之費用,左新加油站有限公司,86051436,0.00,1445.00,,,,油資,金錢,高雄市左營區****,,否,,,,,,,
284,陳麗珍,111年高雄市議員選舉,第2次賸餘,1131125,支付當選後與其公務有關之費用,台灣大哥大股份有限公司,97176270,0.00,1451.00,,,,電信費用,金錢,臺北市信義區****,,否,,,,,,,
285,陳麗珍,111年高雄市議員選舉,第2次賸餘,1131126,支付當選後與其公務有關之費用,台灣電力公司,,0.00,6680.00,,,,水電瓦斯費用,金錢,高雄市鼓山區****,,否,,,,,,,
286,陳麗珍,111年高雄市議員選舉,第2次賸餘,1131127,支付當選後與其公務有關之費用,中華郵政股份有限公司,,0.00,26.00,,,,當選後與其公務有關之費用支出,金錢,高雄市左營區****,,否,,,,,,,
287,陳麗珍,111年高雄市議員選舉,第2次賸餘,1131129,支付當選後與其公務有關之費用,中華郵政股份有限公司,,0.00,26.00,,,,當選後與其公務有關之費用支出,金錢,高雄市左營區****,,否,,,,,,,
288,陳麗珍,111年高雄市議員選舉,第2次賸餘,1131130,支付當選後與其公務有關之費用,尖梅花店,06939469,0.00,1400.00,,,,當選後與其公務有關之費用支出,金錢,高雄市左營區****,,否,,,,,,,
289,陳麗珍,111年高雄市議員選舉,第2次賸餘,1131201,支付當選後與其公務有關之費用,蓽笙鮮花店,19929416,0.00,1000.00,,,,當選後與其公務有關之費用支出,金錢,高雄市鼓山區****,,否,,,,,,,
290,陳麗珍,111年高雄市議員選舉,第2次賸餘,1131202,支付當選後與其公務有關之費用,中華郵政股份有限公司,,0.00,49.00,,,,當選後與其公務有關之費用支出,金錢,高雄市左營區****,,否,,,,,,,
291,陳麗珍,111年高雄市議員選舉,第2次賸餘,1131204,支付當選後與其公務有關之費用,中華郵政股份有限公司,,0.00,91.00,,,,當選後與其公務有關之費用支出,金錢,高雄市左營區****,,否,,,,,,,
292,陳麗珍,111年高雄市議員選舉,第2次賸餘,1131204,支付當選後與其公務有關之費用,源豐加油站有限公司,23655563,0.00,100.00,,,,油資,金錢,高雄市左營區****,,否,,,,,,,
293,陳麗珍,111年高雄市議員選舉,第2次賸餘,1131204,支付當選後與其公務有關之費用,尚進車業,26472659,0.00,290.00,,,,汽機車燃料費用,金錢,高雄市左營區****,,否,,,,,,,
294,陳麗珍,111年高雄市議員選舉,第2次賸餘,1131205,支付當選後與其公務有關之費用,中華郵政股份有限公司,,0.00,111.00,,,,當選後與其公務有關之費用支出,金錢,高雄市左營區****,,否,,,,,,,
295,陳麗珍,111年高雄市議員選舉,第2次賸餘,1131205,支付當選後與其公務有關之費用,大將鮮花店,78710837,0.00,1500.00,,,,當選後與其公務有關之費用支出,金錢,高雄市左營區****,,否,,,,,,,
296,陳麗珍,111年高雄市議員選舉,第2次賸餘,1131206,支付當選後與其公務有關之費用,哈囉飲料商行,06915760,0.00,1440.00,,,,當選後與其公務有關之費用支出,金錢,高雄市左營區****,,否,,,,,,,
297,陳麗珍,111年高雄市議員選舉,第2次賸餘,1131206,支付當選後與其公務有關之費用,哈囉飲料商行,06915760,0.00,800.00,,,,當選後與其公務有關之費用支出,金錢,高雄市左營區****,,否,,,,,,,
298,陳麗珍,111年高雄市議員選舉,第2次賸餘,1131206,支付當選後與其公務有關之費用,左新加油站有限公司,86051436,0.00,1568.00,,,,油資,金錢,高雄市左營區****,,否,,,,,,,
299,陳麗珍,111年高雄市議員選舉,第2次賸餘,1131209,支付當選後與其公務有關之費用,中華郵政股份有限公司,,0.00,31.00,,,,當選後與其公務有關之費用支出,金錢,高雄市左營區****,,否,,,,,,,
300,陳麗珍,111年高雄市議員選舉,第2次賸餘,1131209,支付當選後與其公務有關之費用,寶岳生活館有限公司,90008019,0.00,159.00,,,,雜項購置,金錢,高雄市左營區****,,否,,,,,,,
301,陳麗珍,111年高雄市議員選舉,第2次賸餘,1131210,支付當選後與其公務有關之費用,中華郵政股份有限公司,,0.00,57.00,,,,為民服務費用,金錢,高雄市左營區****,,否,,,,,,,
302,陳麗珍,111年高雄市議員選舉,第2次賸餘,1131216,支付當選後與其公務有關之費用,中華郵政股份有限公司,,0.00,80.00,,,,當選後與其公務有關之費用支出,金錢,高雄市左營區****,,否,,,,,,,
303,陳麗珍,111年高雄市議員選舉,第2次賸餘,1131216,支付當選後與其公務有關之費用,亞柏油品事業股份有限公司,72303236,0.00,1000.00,,,,油資,金錢,高雄市仁武區****,,否,,,,,,,
304,陳麗珍,111年高雄市議員選舉,第2次賸餘,1131221,支付當選後與其公務有關之費用,永純鋼鐵股份有限公司,75932841,0.00,1500.00,,,,油資,金錢,高雄市三民區****,,否,,,,,,,
305,陳麗珍,111年高雄市議員選舉,第2次賸餘,1131224,支付當選後與其公務有關之費用,中華郵政股份有限公司,,0.00,33.00,,,,當選後與其公務有關之費用支出,金錢,高雄市左營區****,,否,,,,,,,
306,陳麗珍,111年高雄市議員選舉,第2次賸餘,1131225,支付當選後與其公務有關之費用,中華郵政股份有限公司,,0.00,79.00,,,,當選後與其公務有關之費用支出,金錢,高雄市左營區****,,否,,,,,,,
307,陳麗珍,111年高雄市議員選舉,第2次賸餘,1131226,支付當選後與其公務有關之費用,中華郵政股份有限公司,,0.00,31.00,,,,當選後與其公務有關之費用支出,金錢,高雄市左營區****,,否,,,,,,,
308,陳麗珍,111年高雄市議員選舉,第2次賸餘,1131227,支付當選後與其公務有關之費用,中華郵政股份有限公司,,0.00,47.00,,,,當選後與其公務有關之費用支出,金錢,高雄市左營區****,,否,,,,,,,
309,陳麗珍,111年高雄市議員選舉,第2次賸餘,1131229,支付當選後與其公務有關之費用,左新加油站有限公司,86051436,0.00,1000.00,,,,油資,金錢,高雄市左營區****,,否,,,,,,,
310,陳麗珍,111年高雄市議員選舉,第2次賸餘,1131231,支付當選後與其公務有關之費用,中華郵政股份有限公司,,0.00,52.00,,,,當選後與其公務有關之費用支出,金錢,高雄市左營區****,,否,,,,,,,
311,陳麗珍,111年高雄市議員選舉,第2次賸餘,1131231,支付當選後與其公務有關之費用,尖梅花店,06939469,0.00,2000.00,,,,當選後與其公務有關之費用支出,金錢,高雄市左營區****,,否,,,,,,,
312,陳麗珍,111年高雄市議員選舉,第2次賸餘,1131231,支付當選後與其公務有關之費用,富銓企業社,08528358,0.00,17900.00,,,,當選後與其公務有關之費用支出,金錢,高雄市仁武區****,,否,,,,,,,
