﻿序號,擬參選人／政黨,選舉名稱,申報序號／年度,交易日期,收支科目,捐贈者／支出對象,身分證／統一編號,收入金額,支出金額,支出用途,金錢類,地址,聯絡電話,資料更正日期
1,蘇泓欽,107年直轄市議員選舉,首次申報,1070911,宣傳支出,康添銘,H12*******,0.00,160000.00,播送、傳送或刊登宣傳廣告支出,金錢,桃園市桃園區****,,
2,蘇泓欽,107年直轄市議員選舉,首次申報,1070912,宣傳支出,大土城派報社,49923369,0.00,22500.00,播送、傳送或刊登宣傳廣告支出,金錢,新北市土城區****,,
3,蘇泓欽,107年直轄市議員選舉,首次申報,1070917,宣傳支出,正義派報社,09614492,0.00,50000.00,播送、傳送或刊登宣傳廣告支出,金錢,新北市土城區****,,
4,蘇泓欽,107年直轄市議員選舉,首次申報,1070917,宣傳支出,大土城派報社,49923369,0.00,10800.00,播送、傳送或刊登宣傳廣告支出,金錢,新北市土城區****,,
5,蘇泓欽,107年直轄市議員選舉,首次申報,1070927,宣傳支出,陳傳良,H12*******,0.00,310000.00,製作宣傳廣告支出,金錢,桃園市桃園區****,,
6,蘇泓欽,107年直轄市議員選舉,首次申報,1070929,宣傳支出,康添銘,H12*******,0.00,40800.00,播送、傳送或刊登宣傳廣告支出,金錢,桃園市桃園區****,,
7,蘇泓欽,107年直轄市議員選舉,首次申報,1071001,宣傳支出,陳建宏,F12*******,0.00,190500.00,製作宣傳廣告支出,金錢,新北市板橋區****,,
8,蘇泓欽,107年直轄市議員選舉,首次申報,1071015,宣傳支出,良羑有限公司,12946690,0.00,140000.00,製作宣傳廣告支出,金錢,新北市深坑區****,,
9,蘇泓欽,107年直轄市議員選舉,首次申報,1071019,宣傳支出,康添銘,H12*******,0.00,87440.00,播送、傳送或刊登宣傳廣告支出,金錢,桃園市桃園區****,,
10,蘇泓欽,107年直轄市議員選舉,首次申報,1071026,宣傳支出,傳美印刷,95907145,0.00,61700.00,製作宣傳廣告支出,金錢,桃園市桃園區****,,
11,蘇泓欽,107年直轄市議員選舉,首次申報,1071030,宣傳支出,陳傳良,H12*******,0.00,97000.00,播送、傳送或刊登宣傳廣告支出,金錢,桃園市桃園區****,,
12,蘇泓欽,107年直轄市議員選舉,首次申報,1071102,宣傳支出,陳建宏,F12*******,0.00,422000.00,租用廣告看板或車體廣告支出,金錢,新北市板橋區****,,
13,蘇泓欽,107年直轄市議員選舉,首次申報,1071106,宣傳支出,良羑有限公司,12946690,0.00,99700.00,製作宣傳廣告支出,金錢,新北市深坑區****,,
14,蘇泓欽,107年直轄市議員選舉,首次申報,1071106,宣傳支出,聯合報系,89704513,0.00,25000.00,播送、傳送或刊登宣傳廣告支出,金錢,新北市樹林區****,,
15,蘇泓欽,107年直轄市議員選舉,首次申報,1071106,宣傳支出,康添銘,H12*******,0.00,35280.00,播送、傳送或刊登宣傳廣告支出,金錢,桃園市桃園區****,,
16,蘇泓欽,107年直轄市議員選舉,首次申報,1071111,宣傳支出,全健企業行,09846704,0.00,34600.00,製作宣傳廣告支出,金錢,新北市鶯歌區****,,
17,蘇泓欽,107年直轄市議員選舉,首次申報,1071111,宣傳支出,合昌印刷品行,18177681,0.00,30530.00,製作宣傳廣告支出,金錢,新北市鶯歌區****,,
18,蘇泓欽,107年直轄市議員選舉,首次申報,1071112,宣傳支出,康添銘,H12*******,0.00,76080.00,播送、傳送或刊登宣傳廣告支出,金錢,桃園市桃園區****,,
19,蘇泓欽,107年直轄市議員選舉,首次申報,1071114,宣傳支出,陳志強,A10*******,0.00,396366.00,製作宣傳廣告支出,金錢,新北市三峽區****,,
20,蘇泓欽,107年直轄市議員選舉,首次申報,1071115,宣傳支出,助東廣告社,20013691,0.00,12900.00,製作宣傳廣告支出,金錢,新北市三峽區****,,
21,蘇泓欽,107年直轄市議員選舉,首次申報,1071115,宣傳支出,縱橫製作股份有限公司,27661670,0.00,100000.00,播送、傳送或刊登宣傳廣告支出,金錢,新北市土城區****,,
22,蘇泓欽,107年直轄市議員選舉,首次申報,1071115,宣傳支出,陳建宏,F12*******,0.00,300000.00,製作宣傳廣告支出,金錢,新北市板橋區****,,
23,蘇泓欽,107年直轄市議員選舉,首次申報,1071120,宣傳支出,傳美印刷品行,95907145,0.00,135000.00,製作宣傳廣告支出,金錢,桃園市桃園區****,,
24,蘇泓欽,107年直轄市議員選舉,首次申報,1071122,宣傳支出,禾昌印刷行,18177681,0.00,61550.00,製作宣傳廣告支出,金錢,桃園市桃園區****,,
25,蘇泓欽,107年直轄市議員選舉,首次申報,1071122,宣傳支出,洪聖淵,F12*******,0.00,98400.00,製作宣傳廣告支出,金錢,桃園市桃園區****,,
26,蘇泓欽,107年直轄市議員選舉,首次申報,1071221,返還支出,日宏企業有限公司,27380051,0.00,20000.00,返還,金錢,新北市鶯歌區****,,
27,蘇泓欽,107年直轄市議員選舉,首次申報,1071221,返還支出,鼎繡有限公司,29142696,0.00,20000.00,返還,金錢,新北市鶯歌區****,,
28,蘇泓欽,107年直轄市議員選舉,首次申報,1071221,返還支出,麒暉實業有限公司,97075744,0.00,20000.00,返還,金錢,桃園市八德區****,,
29,蘇泓欽,107年直轄市議員選舉,首次申報,1071222,返還支出,百寶興業有限公司,80182615,0.00,20000.00,返還,金錢,新北市鶯歌區****,,
