﻿序號,擬參選人／政黨,選舉名稱,申報序號／年度,交易日期,收支科目,捐贈者／支出對象,身分證／統一編號,收入金額,支出金額,捐贈方式,存入專戶日期,返還/繳庫,支出用途,金錢類,地址,聯絡電話,應揭露之支出對象,支出對象之內部人員姓名,支出對象之內部人員職稱,政黨之內部人員姓名,政黨之內部人員職稱,關係,更正註記,資料更正日期
1,邱文生,111年宜蘭縣羅東鎮鎮民代表選舉,首次申報,1111024,宣傳支出,天福製旗企業社,98078683,0.00,35750.00,,,,製作競選物品或宣傳廣告費用（旗幟手搖旗布條）,金錢,宜蘭縣五結鄉****,03-9*****,否,,,,,,,
2,邱文生,111年宜蘭縣羅東鎮鎮民代表選舉,首次申報,1111110,集會支出,采翎花坊,21585253,0.00,9000.00,,,,其他與集會有關之費用(場地佈置),金錢,宜蘭縣羅東鎮****,03-9*****,否,,,,,,,
3,邱文生,111年宜蘭縣羅東鎮鎮民代表選舉,首次申報,1111114,返還捐贈支出,金卯事業有限公司,28906575,0.00,30000.00,,,,返還,金錢,宜蘭縣羅東鎮****,,否,,,,,,,
4,邱文生,111年宜蘭縣羅東鎮鎮民代表選舉,首次申報,1111120,宣傳支出,傳捷企業社,13663092,0.00,55000.00,,,,製作競選物品或宣傳廣告費用（帆布廣告）,金錢,宜蘭縣蘇澳鎮****,0913*****,否,,,,,,,
