﻿序號,擬參選人／政黨,選舉名稱,申報序號／年度,交易日期,收支科目,捐贈者／支出對象,身分證／統一編號,收入金額,支出金額,支出用途,金錢類,地址,聯絡電話,資料更正日期
1,蔡成圭,107年直轄市議員選舉,首次申報,1070615,營利事業捐贈收入,新虎將機械工業股份有限公司,89325570,100000.00,0.00,,金錢,臺中市外埔區****,04-2*****,
2,蔡成圭,107年直轄市議員選舉,首次申報,1070702,個人捐贈收入,張文進,L10*******,60000.00,0.00,,金錢,臺中市石岡區****,04-2*****,
3,蔡成圭,107年直轄市議員選舉,首次申報,1070702,個人捐贈收入,張周秀盆,T20*******,6000.00,0.00,,金錢,臺中市石岡區****,04-2*****,
4,蔡成圭,107年直轄市議員選舉,首次申報,1070802,營利事業捐贈收入,壬億有限公司,61864787,100000.00,0.00,,金錢,臺中市南屯區****,0989*****,
5,蔡成圭,107年直轄市議員選舉,首次申報,1070803,營利事業捐贈收入,實固股份有限公司,52722605,8000.00,0.00,,金錢,臺中市西屯區****,04-2*****,
6,蔡成圭,107年直轄市議員選舉,首次申報,1070803,個人捐贈收入,林和志,L12*******,50000.00,0.00,,金錢,臺中市東勢區****,04-2*****,
7,蔡成圭,107年直轄市議員選舉,首次申報,1070804,營利事業捐贈收入,元舜模具有限公司,12887279,30000.00,0.00,,金錢,臺中市大雅區****,04-2*****,
8,蔡成圭,107年直轄市議員選舉,首次申報,1070804,個人捐贈收入,劉錦宗,L10*******,2000.00,0.00,,金錢,臺中市豐原區****,04-2*****,
9,蔡成圭,107年直轄市議員選舉,首次申報,1070804,個人捐贈收入,徐坤賜,L10*******,100000.00,0.00,,金錢,臺中市北屯區****,0910*****,
10,蔡成圭,107年直轄市議員選舉,首次申報,1070826,個人捐贈收入,陳祺文,B12*******,10000.00,0.00,,金錢,臺中市大里區****,0952*****,
11,蔡成圭,107年直轄市議員選舉,首次申報,1070830,個人捐贈收入,姜雪玲,H22*******,20000.00,0.00,,金錢,臺中市河南路****,04-2*****,
12,蔡成圭,107年直轄市議員選舉,首次申報,1070831,營利事業捐贈收入,台瑞電氣工業股份有限公司,55787616,500000.00,0.00,,金錢,臺中市東勢區****,04-2*****,
13,蔡成圭,107年直轄市議員選舉,首次申報,1070910,個人捐贈收入,蔡惠茹,L22*******,20000.00,0.00,,金錢,臺中市新社區****,0982*****,
14,蔡成圭,107年直轄市議員選舉,首次申報,1070923,個人捐贈收入,吳昭旻,L22*******,147.00,0.00,,金錢,臺中市西屯區****,0989*****,
15,蔡成圭,107年直轄市議員選舉,首次申報,1070924,個人捐贈收入,陳明哲,R12*******,18000.00,0.00,,非金錢,臺中市西區安****,0989*****,
16,蔡成圭,107年直轄市議員選舉,首次申報,1071006,營利事業捐贈收入,銘菘磚業有限公司,53812175,20000.00,0.00,,金錢,臺中市潭子區****,0935*****,
17,蔡成圭,107年直轄市議員選舉,首次申報,1071012,個人捐贈收入,郭榮洲,K10*******,60000.00,0.00,,金錢,苗栗縣苑裡鎮****,0972*****,
18,蔡成圭,107年直轄市議員選舉,首次申報,1071013,個人捐贈收入,游惠玲,B22*******,20000.00,0.00,,金錢,臺中市潭子區****,0935*****,
19,蔡成圭,107年直轄市議員選舉,首次申報,1071014,個人捐贈收入,劉依芩,L22*******,20000.00,0.00,,金錢,臺中市潭子區****,0917*****,
20,蔡成圭,107年直轄市議員選舉,首次申報,1071015,個人捐贈收入,呂隆剛,L12*******,15000.00,0.00,,金錢,臺中市潭子區****,0972*****,
21,蔡成圭,107年直轄市議員選舉,首次申報,1071015,個人捐贈收入,呂俊儀,L12*******,15000.00,0.00,,金錢,臺中市潭子區****,0923*****,
22,蔡成圭,107年直轄市議員選舉,首次申報,1071022,個人捐贈收入,王彩純,L22*******,10000.00,0.00,,金錢,臺中市太平區****,0912*****,
23,蔡成圭,107年直轄市議員選舉,首次申報,1071022,個人捐贈收入,劉祐足,L22*******,5000.00,0.00,,金錢,臺中市東勢區****,0912*****,
24,蔡成圭,107年直轄市議員選舉,首次申報,1071024,個人捐贈收入,邱輝,L10*******,10000.00,0.00,,金錢,臺中市新社區****,0985*****,
25,蔡成圭,107年直轄市議員選舉,首次申報,1071027,營利事業捐贈收入,坤聯營造股份有限公司,22667443,100000.00,0.00,,金錢,臺中市西屯區****,04-2*****,
26,蔡成圭,107年直轄市議員選舉,首次申報,1071027,個人捐贈收入,劉兆悅,J12*******,50000.00,0.00,,金錢,新北市永和區****,0988*****,
27,蔡成圭,107年直轄市議員選舉,首次申報,1071031,個人捐贈收入,廖信隆,K10*******,100000.00,0.00,,金錢,臺中市潭子區****,04-2*****,
28,蔡成圭,107年直轄市議員選舉,首次申報,1071107,個人捐贈收入,劉華桂,L10*******,6000.00,0.00,,金錢,臺中市東勢區****,0919*****,
29,蔡成圭,107年直轄市議員選舉,首次申報,1071107,個人捐贈收入,池炳耀,L10*******,6000.00,0.00,,金錢,臺中市東勢區****,0934*****,
30,蔡成圭,107年直轄市議員選舉,首次申報,1071116,營利事業捐贈收入,竝凱工業股份有限公司,23426703,20000.00,0.00,,金錢,彰化縣芳苑鄉****,0928*****,
31,蔡成圭,107年直轄市議員選舉,首次申報,1071116,個人捐贈收入,李世傑,L12*******,100000.00,0.00,,金錢,臺中市外埔區****,0932*****,
32,蔡成圭,107年直轄市議員選舉,首次申報,1071121,營利事業捐贈收入,菇神餐飲有限公司,24826517,30000.00,0.00,,金錢,臺中市新社區****,04-2*****,
33,蔡成圭,107年直轄市議員選舉,首次申報,1071122,個人捐贈收入,張炳煌,L10*******,2000.00,0.00,,金錢,臺中市東勢區****,0910*****,
34,蔡成圭,107年直轄市議員選舉,首次申報,1071122,個人捐贈收入,黃清玉,L12*******,50000.00,0.00,,金錢,臺中市清水區****,0937*****,
