﻿序號,擬參選人／政黨,選舉名稱,申報序號／年度,交易日期,收支科目,捐贈者／支出對象,身分證／統一編號,收入金額,支出金額,支出用途,金錢類,地址,聯絡電話,資料更正日期
1,王平川,107年直轄市議員選舉,首次申報,1070710,營利事業捐贈收入,錩鴻國際開發股份有限公司,79990717,50000.00,0.00,,金錢,高雄市鳳山區****,,
2,王平川,107年直轄市議員選舉,首次申報,1070731,個人捐贈收入,陳宏澤,R12*******,100000.00,0.00,,金錢,臺中市烏日區****,,
3,王平川,107年直轄市議員選舉,首次申報,1070816,營利事業捐贈收入,中一銀焊條股份有限公司,69572658,50000.00,0.00,,金錢,臺南市南區新****,,
4,王平川,107年直轄市議員選舉,首次申報,1070830,營利事業捐贈收入,郁珺實業股份有限公司,68467242,200000.00,0.00,,金錢,臺南市南區新****,,
5,王平川,107年直轄市議員選舉,首次申報,1070907,營利事業捐贈收入,鋒明興業股份有限公司,22141449,50000.00,0.00,,金錢,彰化縣福興鄉****,,
6,王平川,107年直轄市議員選舉,首次申報,1071001,營利事業捐贈收入,阡福實業有限公司,24910107,20000.00,0.00,,金錢,臺南市安南區****,,
7,王平川,107年直轄市議員選舉,首次申報,1071001,營利事業捐贈收入,好讚實業有限公司,25023347,100000.00,0.00,,金錢,臺南市西港區****,,
8,王平川,107年直轄市議員選舉,首次申報,1071015,個人捐贈收入,江永能,R12*******,30000.00,0.00,,金錢,臺南市安定區****,,
9,王平川,107年直轄市議員選舉,首次申報,1071016,個人捐贈收入,蕭淑鳳,S22*******,60000.00,0.00,,金錢,臺南市將軍區****,,
10,王平川,107年直轄市議員選舉,首次申報,1071024,個人捐贈收入,胡朝枝,R10*******,20000.00,0.00,,金錢,臺北市北投區****,,
11,王平川,107年直轄市議員選舉,首次申報,1071026,匿名捐贈,張國川,,10000.00,0.00,,金錢,,,
12,王平川,107年直轄市議員選舉,首次申報,1071031,個人捐贈收入,蕭志光,D12*******,32000.00,0.00,,金錢,臺南市中西區****,,
13,王平川,107年直轄市議員選舉,首次申報,1071108,營利事業捐贈收入,宜伸企業股份有限公司,72193152,20000.00,0.00,,金錢,臺南市永康區****,,
14,王平川,107年直轄市議員選舉,首次申報,1071112,匿名捐贈,曾繁章,,6000.00,0.00,,金錢,,,
15,王平川,107年直轄市議員選舉,首次申報,1071113,匿名捐贈,李青憲,,10000.00,0.00,,金錢,,,
16,王平川,107年直轄市議員選舉,首次申報,1071116,匿名捐贈,蔡政良,,10000.00,0.00,,金錢,,,
17,王平川,107年直轄市議員選舉,首次申報,1071119,個人捐贈收入,吳龍寶,D10*******,6000.00,0.00,,金錢,臺南市永康區****,,
18,王平川,107年直轄市議員選舉,首次申報,1071121,個人捐贈收入,陳龍祺,D12*******,10000.00,0.00,,金錢,臺南市北區西****,0937*****,
19,王平川,107年直轄市議員選舉,首次申報,1071121,個人捐贈收入,葉詩卉,K22*******,50000.00,0.00,,金錢,新竹縣竹北市****,,
20,王平川,107年直轄市議員選舉,首次申報,1071121,個人捐贈收入,葉詩卉,K22*******,50000.00,0.00,,金錢,新竹縣竹北市****,,
21,王平川,107年直轄市議員選舉,首次申報,1071221,其他收入,利息收入,,12.00,0.00,,金錢,,,
