﻿序號,擬參選人／政黨,選舉名稱,申報序號／年度,交易日期,收支科目,捐贈者／支出對象,身分證／統一編號,收入金額,支出金額,支出用途,金錢類,地址,聯絡電話,資料更正日期
1,羅吉祥,107年鄉(鎮、市)長選舉,首次申報,1070913,匿名捐贈,匿名,,147.00,0.00,,金錢,,,
2,羅吉祥,107年鄉(鎮、市)長選舉,首次申報,1071024,個人捐贈收入,蔡憲龍,L10*******,100000.00,0.00,,金錢,新竹縣竹東鎮****,,
3,羅吉祥,107年鄉(鎮、市)長選舉,首次申報,1071120,個人捐贈收入,葉佳鑫,J12*******,20000.00,0.00,,金錢,臺北市大安區****,,
4,羅吉祥,107年鄉(鎮、市)長選舉,首次申報,1071221,其他收入,利息收入,,16.00,0.00,,金錢,,,
