﻿序號,擬參選人／政黨,選舉名稱,申報序號／年度,交易日期,收支科目,捐贈者／支出對象,身分證／統一編號,收入金額,支出金額,捐贈方式,存入專戶日期,返還/繳庫,支出用途,金錢類,地址,聯絡電話,應揭露之支出對象,支出對象之內部人員姓名,支出對象之內部人員職稱,政黨之內部人員姓名,政黨之內部人員職稱,關係,更正註記,資料更正日期
1,張睿倉,111年臺中市議員選舉,首次申報,1110501,宣傳支出,張清,D12*******,0.00,24000.00,,,,租用廣告看板或車體廣告費用,金錢,臺中市潭子區****,,否,,,,,,,
2,張睿倉,111年臺中市議員選舉,首次申報,1110501,宣傳支出,羅凱中,L12*******,0.00,7000.00,,,,租用廣告看板或車體廣告費用,金錢,臺中市潭子區****,,否,,,,,,,
3,張睿倉,111年臺中市議員選舉,首次申報,1110501,宣傳支出,張億瑞,L12*******,0.00,6000.00,,,,製作競選物品或宣傳廣告費用（物品名稱-請填寫）,金錢,臺中市大雅區****,,否,,,,,,,
4,張睿倉,111年臺中市議員選舉,首次申報,1110501,宣傳支出,江美華,L20*******,0.00,24000.00,,,,租用廣告看板或車體廣告費用,金錢,臺中市潭子區****,,否,,,,,,,
5,張睿倉,111年臺中市議員選舉,首次申報,1110501,宣傳支出,應湘筵,L22*******,0.00,14000.00,,,,製作競選物品或宣傳廣告費用（物品名稱-請填寫）,金錢,臺中市潭子區****,,否,,,,,,,
6,張睿倉,111年臺中市議員選舉,首次申報,1110501,宣傳支出,姚月雲,L22*******,0.00,40000.00,,,,租用廣告看板或車體廣告費用,金錢,臺中市神岡區****,,否,,,,,,,
7,張睿倉,111年臺中市議員選舉,首次申報,1110501,宣傳支出,劉桐聰,M12*******,0.00,40000.00,,,,租用廣告看板或車體廣告費用,金錢,臺中市大雅區****,,否,,,,,,,
8,張睿倉,111年臺中市議員選舉,首次申報,1110501,宣傳支出,邱永進,N12*******,0.00,8000.00,,,,租用廣告看板或車體廣告費用,金錢,臺中市神岡區****,,否,,,,,,,
9,張睿倉,111年臺中市議員選舉,首次申報,1110501,宣傳支出,張玉美,T20*******,0.00,20000.00,,,,租用廣告看板或車體廣告費用,金錢,臺中市神岡區****,,否,,,,,,,
10,張睿倉,111年臺中市議員選舉,首次申報,1110510,宣傳支出,山海屯青少年之聲廣播(股)公司,89722629,0.00,20000.00,,,,廣播費,金錢,臺中市北屯區****,,否,,,,,,,
11,張睿倉,111年臺中市議員選舉,首次申報,1110515,公共關係費用支出,阿本禮儀社,21850344,0.00,10500.00,,,,為民服務費用,金錢,臺中市神岡區****,,否,,,,,,,
12,張睿倉,111年臺中市議員選舉,首次申報,1110531,雜支支出,三和花店,08322551,0.00,3500.00,,,,雜項購置或修繕費用,金錢,臺中市大雅區****,,否,,,,,,,
13,張睿倉,111年臺中市議員選舉,首次申報,1110531,公共關係費用支出,茂盛園藝花店,90946366,0.00,3150.00,,,,為民服務費用,金錢,臺中市潭子區****,,否,,,,,,,
14,張睿倉,111年臺中市議員選舉,首次申報,1110623,雜支支出,台灣優紙企業有限公司,80077677,0.00,55125.00,,,,購買面紙,金錢,彰化縣鹿港鎮****,,否,,,,,,,
15,張睿倉,111年臺中市議員選舉,首次申報,1110628,雜支支出,三和花店,08322551,0.00,5600.00,,,,雜項購置或修繕費用,金錢,臺中市大雅區****,,否,,,,,,,
16,張睿倉,111年臺中市議員選舉,首次申報,1110628,公共關係費用支出,茂盛園藝花店,90946366,0.00,4200.00,,,,為民服務費用,金錢,臺中市潭子區****,,否,,,,,,,
17,張睿倉,111年臺中市議員選舉,首次申報,1110716,公共關係費用支出,三和花店,08322551,0.00,2500.00,,,,為民服務費用,金錢,臺中市大雅區****,,否,,,,,,,
18,張睿倉,111年臺中市議員選舉,首次申報,1110722,公共關係費用支出,翔茗鮮花店,94939211,0.00,9800.00,,,,為民服務費用,金錢,臺中市神岡區****,,否,,,,,,,
19,張睿倉,111年臺中市議員選舉,首次申報,1110729,公共關係費用支出,三和花店,08322551,0.00,4550.00,,,,為民服務費用,金錢,臺中市大雅區****,,否,,,,,,,
20,張睿倉,111年臺中市議員選舉,首次申報,1110729,雜支支出,美琦實業有限公司,28318400,0.00,40000.00,,,,口罩,金錢,臺中市西區台****,,否,,,,,,,
21,張睿倉,111年臺中市議員選舉,首次申報,1110730,公共關係費用支出,茂盛園藝花店,90946366,0.00,7350.00,,,,為民服務費用,金錢,臺中市潭子區****,,否,,,,,,,
22,張睿倉,111年臺中市議員選舉,首次申報,1110810,雜支支出,大雅張記火雞肉飯館,84006008,0.00,1530.00,,,,餐飲費用,金錢,臺中市大雅區****,,否,,,,,,,
23,張睿倉,111年臺中市議員選舉,首次申報,1110816,公共關係費用支出,翔茗鮮花店,94939211,0.00,10850.00,,,,為民服務費用,金錢,臺中市神岡區****,,否,,,,,,,
24,張睿倉,111年臺中市議員選舉,首次申報,1110825,公共關係費用支出,三和花店,08322551,0.00,3850.00,,,,為民服務費用,金錢,臺中市大雅區****,,否,,,,,,,
25,張睿倉,111年臺中市議員選舉,首次申報,1110829,宣傳支出,上好生醫科技股份有限公司,83691183,0.00,21000.00,,,,製作競選物品或宣傳廣告費用（口罩）,金錢,臺中市西屯區****,,否,,,,,,,
26,張睿倉,111年臺中市議員選舉,首次申報,1110914,雜支支出,向陽樓小吃店,26864439,0.00,1320.00,,,,餐飲費用,金錢,臺中市大雅學****,,否,,,,,,,
27,張睿倉,111年臺中市議員選舉,首次申報,1110914,雜支支出,盛笙股份有限公司,97336543,0.00,70.00,,,,雜項購置或修繕費用,金錢,臺中市大雅區****,,否,,,,,,,
28,張睿倉,111年臺中市議員選舉,首次申報,1110915,雜支支出,梁社漢排骨飯,83091651,0.00,600.00,,,,餐飲費用,金錢,臺中市大雅區****,,否,,,,,,,
29,張睿倉,111年臺中市議員選舉,首次申報,1110916,雜支支出,中油建發-科雅站,,0.00,1612.00,,,,汽機車燃料費用,金錢,臺中市大雅區****,,否,,,,,,,
30,張睿倉,111年臺中市議員選舉,首次申報,1110916,雜支支出,寶康行銷股份有限公司,,0.00,6000.00,,,,買寶礦力,金錢,臺中市大雅區****,,否,,,,,,,
31,張睿倉,111年臺中市議員選舉,首次申報,1110916,雜支支出,盛笙股份有限公司,97336543,0.00,199.00,,,,雜項購置或修繕費用,金錢,臺中市大雅區****,,否,,,,,,,
32,張睿倉,111年臺中市議員選舉,首次申報,1110918,雜支支出,打鐵豆花鋪,88508740,0.00,652.00,,,,餐飲費用,金錢,臺中市大雅區****,,否,,,,,,,
33,張睿倉,111年臺中市議員選舉,首次申報,1110918,雜支支出,福懋加油站,99384302,0.00,500.00,,,,汽機車燃料費用,金錢,臺中市大雅區****,,否,,,,,,,
34,張睿倉,111年臺中市議員選舉,首次申報,1110920,雜支支出,一品佳快餐店,17389217,0.00,480.00,,,,餐飲費用,金錢,臺中市大雅區****,,否,,,,,,,
35,張睿倉,111年臺中市議員選舉,首次申報,1110920,宣傳支出,三竹資訊,86136982,0.00,30000.00,,,,購買簡訊,金錢,臺北市中山區****,,否,,,,,,,
36,張睿倉,111年臺中市議員選舉,首次申報,1110921,雜支支出,盛笙股份有限公司,97336543,0.00,60.00,,,,雜項購置或修繕費用,金錢,臺中市大雅區****,,否,,,,,,,
37,張睿倉,111年臺中市議員選舉,首次申報,1110921,雜支支出,盛笙股份有限公司,97336543,0.00,109.00,,,,雜項購置或修繕費用,金錢,臺中市大雅區****,,否,,,,,,,
38,張睿倉,111年臺中市議員選舉,首次申報,1110922,雜支支出,大雅張記火雞肉飯館,84006008,0.00,1440.00,,,,餐飲費用,金錢,臺中市大雅區****,,否,,,,,,,
39,張睿倉,111年臺中市議員選舉,首次申報,1110923,雜支支出,六合堂水餃店,,0.00,4260.00,,,,餐費,金錢,臺中市大雅區****,,否,,,,,,,
40,張睿倉,111年臺中市議員選舉,首次申報,1110923,雜支支出,梁社漢排骨飯,83091651,0.00,388.00,,,,餐飲費用,金錢,臺中市大雅區****,,否,,,,,,,
41,張睿倉,111年臺中市議員選舉,首次申報,1110923,雜支支出,盛笙股份有限公司,97336543,0.00,119.00,,,,雜項購置或修繕費用,金錢,臺中市大雅區****,,否,,,,,,,
42,張睿倉,111年臺中市議員選舉,首次申報,1110924,雜支支出,香甜姐快餐店,17792054,0.00,60.00,,,,餐飲費用,金錢,臺中市大雅區****,,否,,,,,,,
43,張睿倉,111年臺中市議員選舉,首次申報,1110925,雜支支出,梁社漢排骨飯,,0.00,1037.00,,,,餐飲費用,金錢,臺中市大雅區****,,否,,,,,,,
44,張睿倉,111年臺中市議員選舉,首次申報,1110925,雜支支出,盛笙股份有限公司,97336543,0.00,218.00,,,,雜項購置或修繕費用,金錢,臺中市大雅區****,,否,,,,,,,
45,張睿倉,111年臺中市議員選舉,首次申報,1110926,雜支支出,台灣楓康超市,28985228,0.00,591.00,,,,雜項購置或修繕費用,金錢,臺中市大雅區****,,否,,,,,,,
46,張睿倉,111年臺中市議員選舉,首次申報,1110928,雜支支出,十二韻,72528832,0.00,238.00,,,,餐飲費用,金錢,臺中市大雅區****,,否,,,,,,,
47,張睿倉,111年臺中市議員選舉,首次申報,1110928,雜支支出,阿松擔仔麵店,87146283,0.00,580.00,,,,餐飲費用,金錢,臺中市大雅區****,,否,,,,,,,
48,張睿倉,111年臺中市議員選舉,首次申報,1110929,宣傳支出,川鋒開發事業有限公司,,0.00,21000.00,,,,廣告租金,金錢,臺中市東勢區****,,否,,,,,,,
49,張睿倉,111年臺中市議員選舉,首次申報,1110929,雜支支出,大苑子(學府店),25440379,0.00,200.00,,,,餐飲費用,金錢,臺中市大雅區****,,否,,,,,,,
50,張睿倉,111年臺中市議員選舉,首次申報,1110929,雜支支出,盛笙股份有限公司,97336543,0.00,1198.00,,,,文具用品費用,金錢,臺中市大雅區****,,否,,,,,,,
51,張睿倉,111年臺中市議員選舉,首次申報,1110930,雜支支出,水云剉冰店,87188712,0.00,700.00,,,,餐飲費用,金錢,臺中市大雅區****,,否,,,,,,,
52,張睿倉,111年臺中市議員選舉,首次申報,1111001,雜支支出,梁社漢排骨飯,,0.00,1745.00,,,,餐費,金錢,臺中市大雅區****,,否,,,,,,,
53,張睿倉,111年臺中市議員選舉,首次申報,1111001,雜支支出,山隆加油站,15673031,0.00,500.00,,,,汽機車燃料費用,金錢,臺中市大雅區****,,否,,,,,,,
54,張睿倉,111年臺中市議員選舉,首次申報,1111001,宣傳支出,川鋒開發事業有限公司,45878898,0.00,21000.00,,,,租用廣告看板或車體廣告費用,金錢,臺中市潭子區****,,否,,,,,,,
55,張睿倉,111年臺中市議員選舉,首次申報,1111001,雜支支出,十二韻,72528832,0.00,264.00,,,,餐飲費用,金錢,臺中市大雅區****,,否,,,,,,,
56,張睿倉,111年臺中市議員選舉,首次申報,1111001,雜支支出,盛笙股份有限公司,97336543,0.00,119.00,,,,雜項購置或修繕費用,金錢,臺中市大雅區****,,否,,,,,,,
57,張睿倉,111年臺中市議員選舉,首次申報,1111002,雜支支出,麥當勞,16746639,0.00,600.00,,,,餐飲費用,金錢,臺中市大雅區****,,否,,,,,,,
58,張睿倉,111年臺中市議員選舉,首次申報,1111002,雜支支出,Pizza Hut,29052836,0.00,690.00,,,,餐飲費用,金錢,臺中市大雅區****,,否,,,,,,,
59,張睿倉,111年臺中市議員選舉,首次申報,1111002,雜支支出,Pizza Hut,29052836,0.00,690.00,,,,餐飲費用,金錢,臺中市大雅區****,,否,,,,,,,
60,張睿倉,111年臺中市議員選舉,首次申報,1111002,雜支支出,喜樂複合式餐飲坊,39731433,0.00,5000.00,,,,餐飲費用,金錢,臺中市大雅區****,,否,,,,,,,
61,張睿倉,111年臺中市議員選舉,首次申報,1111002,雜支支出,85度C,54755362,0.00,420.00,,,,餐飲費用,金錢,臺中市大雅區****,,否,,,,,,,
62,張睿倉,111年臺中市議員選舉,首次申報,1111002,雜支支出,台灣中油-神崗站,86963102,0.00,150.00,,,,汽機車燃料費用,金錢,臺中市神岡區****,,否,,,,,,,
63,張睿倉,111年臺中市議員選舉,首次申報,1111003,雜支支出,打鐵豆花鋪,88508740,0.00,975.00,,,,豆花飲品,金錢,臺中市大雅區****,,否,,,,,,,
64,張睿倉,111年臺中市議員選舉,首次申報,1111004,雜支支出,元寶加油站,16975463,0.00,600.00,,,,加油,金錢,臺中市大雅區****,,否,,,,,,,
65,張睿倉,111年臺中市議員選舉,首次申報,1111004,雜支支出,帝勇小吃店,47381705,0.00,3480.00,,,,餐費,金錢,臺中市大雅區****,,否,,,,,,,
66,張睿倉,111年臺中市議員選舉,首次申報,1111004,雜支支出,福懋加油站,99384302,0.00,500.00,,,,汽機車燃料費用,金錢,臺中市大雅區****,,否,,,,,,,
67,張睿倉,111年臺中市議員選舉,首次申報,1111005,雜支支出,阿華便當,,0.00,1400.00,,,,餐費,金錢,臺中市大雅區****,,否,,,,,,,
68,張睿倉,111年臺中市議員選舉,首次申報,1111005,雜支支出,一多一小吃店,09293674,0.00,780.00,,,,餐飲費用,金錢,臺中市大雅區****,,否,,,,,,,
69,張睿倉,111年臺中市議員選舉,首次申報,1111005,雜支支出,一品佳快餐店,17389217,0.00,1630.00,,,,餐飲費用,金錢,臺中市大雅區****,,否,,,,,,,
70,張睿倉,111年臺中市議員選舉,首次申報,1111005,雜支支出,池上飯包,72438282,0.00,2040.00,,,,餐飲費用,金錢,臺中市大雅區****,,否,,,,,,,
71,張睿倉,111年臺中市議員選舉,首次申報,1111006,雜支支出,台灣楓康超市,28985228,0.00,472.00,,,,餐飲費用,金錢,臺中市大雅區****,,否,,,,,,,
72,張睿倉,111年臺中市議員選舉,首次申報,1111007,宣傳支出,上好生醫科技股份有限公司,83691183,0.00,10500.00,,,,製作競選物品或宣傳廣告費用（口罩）,金錢,臺中市西屯區****,,否,,,,,,,
73,張睿倉,111年臺中市議員選舉,首次申報,1111007,雜支支出,盛笙股份有限公司,97336543,0.00,90.00,,,,雜項購置或修繕費用,金錢,臺中市大雅區****,,否,,,,,,,
74,張睿倉,111年臺中市議員選舉,首次申報,1111008,雜支支出,麥當勞,16746639,0.00,192.00,,,,餐飲費用,金錢,臺中市大雅區****,,否,,,,,,,
75,張睿倉,111年臺中市議員選舉,首次申報,1111008,雜支支出,香甜姐快餐店,17792054,0.00,1170.00,,,,餐飲費用,金錢,臺中市大雅區****,,否,,,,,,,
76,張睿倉,111年臺中市議員選舉,首次申報,1111008,雜支支出,盛笙股份有限公司,97336543,0.00,218.00,,,,雜項購置或修繕費用,金錢,臺中市大雅區****,,否,,,,,,,
77,張睿倉,111年臺中市議員選舉,首次申報,1111009,雜支支出,元寶加油站,16975463,0.00,850.00,,,,汽機車燃料費用,金錢,臺中市大雅區****,,否,,,,,,,
78,張睿倉,111年臺中市議員選舉,首次申報,1111009,雜支支出,拿坡里大雅店,72310834,0.00,598.00,,,,餐飲費用,金錢,臺中市大雅區****,,否,,,,,,,
79,張睿倉,111年臺中市議員選舉,首次申報,1111009,雜支支出,盛笙股份有限公司,97336543,0.00,45.00,,,,雜項購置或修繕費用,金錢,臺中市大雅區****,,否,,,,,,,
80,張睿倉,111年臺中市議員選舉,首次申報,1111010,雜支支出,大苑子(學府店),25440379,0.00,120.00,,,,餐飲費用,金錢,臺中市大雅區****,,否,,,,,,,
81,張睿倉,111年臺中市議員選舉,首次申報,1111010,雜支支出,盛笙股份有限公司,97336543,0.00,50.00,,,,雜項購置或修繕費用,金錢,臺中市大雅區****,,否,,,,,,,
82,張睿倉,111年臺中市議員選舉,首次申報,1111012,雜支支出,一品佳快餐店,17389217,0.00,280.00,,,,餐飲費用,金錢,臺中市大雅區****,,否,,,,,,,
83,張睿倉,111年臺中市議員選舉,首次申報,1111012,雜支支出,盛笙股份有限公司,97336543,0.00,350.00,,,,雜項購置或修繕費用,金錢,臺中市大雅區****,,否,,,,,,,
84,張睿倉,111年臺中市議員選舉,首次申報,1111013,雜支支出,香甜姐快餐店,17792054,0.00,810.00,,,,餐飲費用,金錢,臺中市大雅區****,,否,,,,,,,
85,張睿倉,111年臺中市議員選舉,首次申報,1111013,雜支支出,永勝便當店,21497890,0.00,500.00,,,,餐飲費用,金錢,臺中市大雅區****,,否,,,,,,,
86,張睿倉,111年臺中市議員選舉,首次申報,1111013,雜支支出,三仙台小吃店,45511533,0.00,780.00,,,,餐飲費用,金錢,臺中市大雅區****,,否,,,,,,,
87,張睿倉,111年臺中市議員選舉,首次申報,1111013,雜支支出,十二韻,72528832,0.00,203.00,,,,餐飲費用,金錢,臺中市大雅區****,,否,,,,,,,
88,張睿倉,111年臺中市議員選舉,首次申報,1111015,雜支支出,新田加油站,23938401,0.00,710.00,,,,汽機車燃料費用,金錢,臺中市潭子區****,,否,,,,,,,
89,張睿倉,111年臺中市議員選舉,首次申報,1111017,雜支支出,一品佳快餐店,17389217,0.00,340.00,,,,餐飲費用,金錢,臺中市大雅區****,,否,,,,,,,
90,張睿倉,111年臺中市議員選舉,首次申報,1111018,雜支支出,一多一小吃店,09293674,0.00,1120.00,,,,餐飲費用,金錢,臺中市大雅區****,,否,,,,,,,
91,張睿倉,111年臺中市議員選舉,首次申報,1111018,雜支支出,池上飯包,72438282,0.00,1300.00,,,,餐飲費用,金錢,臺中市大雅區****,,否,,,,,,,
92,張睿倉,111年臺中市議員選舉,首次申報,1111018,宣傳支出,上好生醫科技股份有限公司,83691183,0.00,21000.00,,,,製作競選物品或宣傳廣告費用（口罩）,金錢,臺中市西屯區****,,否,,,,,,,
93,張睿倉,111年臺中市議員選舉,首次申報,1111018,雜支支出,阿松擔仔麵店,87146283,0.00,720.00,,,,餐飲費用,金錢,臺中市大雅區****,,否,,,,,,,
94,張睿倉,111年臺中市議員選舉,首次申報,1111018,雜支支出,盛笙股份有限公司,97336543,0.00,109.00,,,,文具用品費用,金錢,臺中市大雅區****,,否,,,,,,,
95,張睿倉,111年臺中市議員選舉,首次申報,1111019,公共關係費用支出,百香鮮花店,08289434,0.00,3000.00,,,,為民服務費用,金錢,臺中市舊社村****,,否,,,,,,,
96,張睿倉,111年臺中市議員選舉,首次申報,1111019,雜支支出,影傑有限公司,86867895,0.00,36000.00,,,,電影公播權利金,金錢,臺北市萬華區****,,否,,,,,,,
97,張睿倉,111年臺中市議員選舉,首次申報,1111019,雜支支出,盛笙股份有限公司,97336543,0.00,218.00,,,,文具用品費用,金錢,臺中市大雅區****,,否,,,,,,,
98,張睿倉,111年臺中市議員選舉,首次申報,1111020,雜支支出,四海遊龍,26872472,0.00,195.00,,,,餐飲費用,金錢,臺中市大雅區****,,否,,,,,,,
99,張睿倉,111年臺中市議員選舉,首次申報,1111020,雜支支出,四海遊龍,26872472,0.00,100.00,,,,餐飲費用,金錢,臺中市大雅區****,,否,,,,,,,
100,張睿倉,111年臺中市議員選舉,首次申報,1111020,雜支支出,四海遊龍,26872472,0.00,123.00,,,,餐飲費用,金錢,臺中市大雅區****,,否,,,,,,,
101,張睿倉,111年臺中市議員選舉,首次申報,1111021,雜支支出,全聯福利中心(雅環店),27936306,0.00,387.00,,,,雜項購置或修繕費用,金錢,臺中市大雅區****,,否,,,,,,,
102,張睿倉,111年臺中市議員選舉,首次申報,1111021,雜支支出,盛笙股份有限公司,97336543,0.00,65.00,,,,文具用品費用,金錢,臺中市大雅區****,,否,,,,,,,
103,張睿倉,111年臺中市議員選舉,首次申報,1111021,雜支支出,盛笙股份有限公司,97336543,0.00,15.00,,,,文具用品費用,金錢,臺中市大雅區****,,否,,,,,,,
104,張睿倉,111年臺中市議員選舉,首次申報,1111021,雜支支出,盛笙股份有限公司,97336543,0.00,195.00,,,,雜項購置或修繕費用,金錢,臺中市大雅區****,,否,,,,,,,
105,張睿倉,111年臺中市議員選舉,首次申報,1111022,雜支支出,錦香珍包子饅頭專賣店,17388322,0.00,600.00,,,,餐飲費用,金錢,臺中市大雅區****,,否,,,,,,,
106,張睿倉,111年臺中市議員選舉,首次申報,1111022,雜支支出,四海遊龍,26872472,0.00,150.00,,,,餐飲費用,金錢,臺中市大雅區****,,否,,,,,,,
107,張睿倉,111年臺中市議員選舉,首次申報,1111022,雜支支出,福懋加油站,99384302,0.00,966.00,,,,汽機車燃料費用,金錢,臺中市大雅區****,,否,,,,,,,
108,張睿倉,111年臺中市議員選舉,首次申報,1111023,雜支支出,台灣楓康超市,28985228,0.00,1838.00,,,,雜項購置或修繕費用,金錢,臺中市大雅區****,,否,,,,,,,
109,張睿倉,111年臺中市議員選舉,首次申報,1111023,雜支支出,喜樂複合式餐飲坊,39731433,0.00,3600.00,,,,餐飲費用,金錢,臺中市大雅區****,,否,,,,,,,
110,張睿倉,111年臺中市議員選舉,首次申報,1111023,雜支支出,梁社漢排骨飯,83091651,0.00,485.00,,,,餐飲費用,金錢,臺中市大雅區****,,否,,,,,,,
111,張睿倉,111年臺中市議員選舉,首次申報,1111023,雜支支出,盛笙股份有限公司,97336543,0.00,299.00,,,,雜項購置或修繕費用,金錢,臺中市大雅區****,,否,,,,,,,
112,張睿倉,111年臺中市議員選舉,首次申報,1111024,雜支支出,香甜姐快餐店,17792054,0.00,100.00,,,,餐飲費用,金錢,臺中市大雅區****,,否,,,,,,,
113,張睿倉,111年臺中市議員選舉,首次申報,1111024,雜支支出,台灣中油中清站,56810262,0.00,500.00,,,,汽機車燃料費用,金錢,臺中市大雅區****,,否,,,,,,,
114,張睿倉,111年臺中市議員選舉,首次申報,1111025,雜支支出,星映影印店,14793426,0.00,1614.00,,,,彩色影印,金錢,臺中市大雅區****,,否,,,,,,,
115,張睿倉,111年臺中市議員選舉,首次申報,1111025,雜支支出,全國加油站,19835017,0.00,1037.00,,,,汽機車燃料費用,金錢,臺中市神岡區****,,否,,,,,,,
116,張睿倉,111年臺中市議員選舉,首次申報,1111025,雜支支出,再興筒仔米糕,98857555,0.00,1170.00,,,,餐飲費用,金錢,臺中市大雅區****,,否,,,,,,,
117,張睿倉,111年臺中市議員選舉,首次申報,1111026,雜支支出,四海遊龍,26872472,0.00,695.00,,,,餐飲費用,金錢,臺中市大雅區****,,否,,,,,,,
118,張睿倉,111年臺中市議員選舉,首次申報,1111026,雜支支出,全聯福利中心(雅環店),27936306,0.00,579.00,,,,雜項購置或修繕費用,金錢,臺中市大雅區****,,否,,,,,,,
119,張睿倉,111年臺中市議員選舉,首次申報,1111026,雜支支出,福懋加油站,99384302,0.00,500.00,,,,汽機車燃料費用,金錢,臺中市大雅區****,,否,,,,,,,
120,張睿倉,111年臺中市議員選舉,首次申報,1111027,雜支支出,一品佳快餐店,17389217,0.00,1060.00,,,,餐飲費用,金錢,臺中市大雅區****,,否,,,,,,,
121,張睿倉,111年臺中市議員選舉,首次申報,1111028,公共關係費用支出,翔茗鮮花店,94939211,0.00,10150.00,,,,為民服務費用,金錢,臺中市神岡區****,,否,,,,,,,
122,張睿倉,111年臺中市議員選舉,首次申報,1111028,雜支支出,福懋加油站,99384302,0.00,1000.00,,,,汽機車燃料費用,金錢,臺中市大雅區****,,否,,,,,,,
123,張睿倉,111年臺中市議員選舉,首次申報,1111029,集會支出,利虹燈光音響社,15673166,0.00,19500.00,,,,租用設備費用,金錢,臺中市大雅區****,,否,,,,,,,
124,張睿倉,111年臺中市議員選舉,首次申報,1111029,雜支支出,一品佳快餐店,17389217,0.00,1260.00,,,,餐飲費用,金錢,臺中市大雅區****,,否,,,,,,,
125,張睿倉,111年臺中市議員選舉,首次申報,1111030,集會支出,強尼創意行銷企業社,,0.00,10000.00,,,,租用音響設備,金錢,臺中市沙鹿區****,,否,,,,,,,
126,張睿倉,111年臺中市議員選舉,首次申報,1111030,集會支出,豐年桌椅碗盤出租行,14795162,0.00,3000.00,,,,租用設備費用,金錢,臺中市神岡區****,,否,,,,,,,
127,張睿倉,111年臺中市議員選舉,首次申報,1111030,雜支支出,台灣中油-神崗站,86963102,0.00,800.00,,,,汽機車燃料費用,金錢,臺中市神岡區****,,否,,,,,,,
128,張睿倉,111年臺中市議員選舉,首次申報,1111031,公共關係費用支出,三和花店,08322551,0.00,8400.00,,,,為民服務費用,金錢,臺中市大雅區****,,否,,,,,,,
129,張睿倉,111年臺中市議員選舉,首次申報,1111031,雜支支出,山隆加油站,15673031,0.00,950.00,,,,汽機車燃料費用,金錢,臺中市大雅區****,,否,,,,,,,
130,張睿倉,111年臺中市議員選舉,首次申報,1111031,公共關係費用支出,臺中市大雅慈倫社,20389177,0.00,15000.00,,,,聯誼交際費用,金錢,臺中市大雅區****,,否,,,,,,,
131,張睿倉,111年臺中市議員選舉,首次申報,1111031,雜支支出,大苑子(學府店),25440379,0.00,160.00,,,,餐飲費用,金錢,臺中市大雅區****,,否,,,,,,,
132,張睿倉,111年臺中市議員選舉,首次申報,1111101,宣傳支出,朱祐宗,L12*******,0.00,12000.00,,,,製作競選物品或宣傳廣告費用（物品名稱-請填寫）,金錢,臺中市大雅區****,,否,,,,,,,
133,張睿倉,111年臺中市議員選舉,首次申報,1111102,雜支支出,北基雅潭加油站,17789500,0.00,1000.00,,,,汽機車燃料費用,金錢,臺中市潭子區****,,否,,,,,,,
134,張睿倉,111年臺中市議員選舉,首次申報,1111103,雜支支出,一品佳快餐店,17389217,0.00,780.00,,,,餐飲費用,金錢,臺中市大雅區****,,否,,,,,,,
135,張睿倉,111年臺中市議員選舉,首次申報,1111103,宣傳支出,威達舜行銷廣告有限公司,53374528,0.00,400000.00,,,,播放、傳送或刊登宣傳廣告費用,金錢,臺中市西屯區****,,否,,,,,,,
136,張睿倉,111年臺中市議員選舉,首次申報,1111103,雜支支出,盛笙股份有限公司,97336543,0.00,109.00,,,,雜項購置或修繕費用,金錢,臺中市大雅區****,,否,,,,,,,
137,張睿倉,111年臺中市議員選舉,首次申報,1111104,雜支支出,池上飯包,72438282,0.00,1280.00,,,,餐飲費用,金錢,臺中市大雅區****,,否,,,,,,,
138,張睿倉,111年臺中市議員選舉,首次申報,1111104,雜支支出,盛笙股份有限公司,97336543,0.00,109.00,,,,文具用品費用,金錢,臺中市大雅區****,,否,,,,,,,
139,張睿倉,111年臺中市議員選舉,首次申報,1111104,雜支支出,福懋加油站,99384302,0.00,500.00,,,,汽機車燃料費用,金錢,臺中市大雅區****,,否,,,,,,,
140,張睿倉,111年臺中市議員選舉,首次申報,1111105,雜支支出,台灣中油中清站,56810262,0.00,106.00,,,,汽機車燃料費用,金錢,臺中市大雅區****,,否,,,,,,,
141,張睿倉,111年臺中市議員選舉,首次申報,1111105,雜支支出,福懋加油站,99384302,0.00,973.00,,,,汽機車燃料費用,金錢,臺中市大雅區****,,否,,,,,,,
142,張睿倉,111年臺中市議員選舉,首次申報,1111106,集會支出,豐年桌椅碗盤出租行,14795162,0.00,3000.00,,,,租塑膠椅子,金錢,臺中市神岡區****,,否,,,,,,,
143,張睿倉,111年臺中市議員選舉,首次申報,1111106,雜支支出,Pizza Hut,29052836,0.00,1420.00,,,,餐飲費用,金錢,臺中市大雅區****,,否,,,,,,,
144,張睿倉,111年臺中市議員選舉,首次申報,1111106,集會支出,強尼創意行銷企業社,82629943,0.00,13000.00,,,,辦活動,金錢,臺中市沙鹿區****,,否,,,,,,,
145,張睿倉,111年臺中市議員選舉,首次申報,1111107,雜支支出,香甜姐快餐店,17792054,0.00,1260.00,,,,餐飲費用,金錢,臺中市大雅區****,,否,,,,,,,
146,張睿倉,111年臺中市議員選舉,首次申報,1111107,雜支支出,十二韻,72528832,0.00,284.00,,,,餐飲費用,金錢,臺中市大雅區****,,否,,,,,,,
147,張睿倉,111年臺中市議員選舉,首次申報,1111107,雜支支出,福懋加油站,99384302,0.00,100.00,,,,汽機車燃料費用,金錢,臺中市大雅區****,,否,,,,,,,
148,張睿倉,111年臺中市議員選舉,首次申報,1111108,雜支支出,山隆加油站,15673031,0.00,500.00,,,,汽機車燃料費用,金錢,臺中市大雅區****,,否,,,,,,,
149,張睿倉,111年臺中市議員選舉,首次申報,1111108,雜支支出,一品佳快餐店,17389217,0.00,300.00,,,,餐飲費用,金錢,臺中市大雅區****,,否,,,,,,,
150,張睿倉,111年臺中市議員選舉,首次申報,1111108,雜支支出,中清交流道加油站,25255346,0.00,1000.00,,,,汽機車燃料費用,金錢,臺中市西屯區****,,否,,,,,,,
151,張睿倉,111年臺中市議員選舉,首次申報,1111108,雜支支出,全聯福利中心,53001366,0.00,610.00,,,,餐飲費用,金錢,臺中市大雅區****,,否,,,,,,,
152,張睿倉,111年臺中市議員選舉,首次申報,1111108,雜支支出,7-11,70770591,0.00,516.00,,,,雜項購置或修繕費用,金錢,臺中市大雅區****,,否,,,,,,,
153,張睿倉,111年臺中市議員選舉,首次申報,1111108,雜支支出,龍鳳燒臘店,77681623,0.00,1360.00,,,,餐飲費用,金錢,臺中市潭子區****,,否,,,,,,,
154,張睿倉,111年臺中市議員選舉,首次申報,1111109,雜支支出,周記爌肉飯,72485411,0.00,235.00,,,,餐飲費用,金錢,臺中市大雅區****,,否,,,,,,,
155,張睿倉,111年臺中市議員選舉,首次申報,1111109,雜支支出,王仔排骨麵,88637441,0.00,830.00,,,,餐飲費用,金錢,臺中市大雅區****,,否,,,,,,,
156,張睿倉,111年臺中市議員選舉,首次申報,1111110,雜支支出,中清交流道加油站,25255346,0.00,500.00,,,,汽機車燃料費用,金錢,臺中市西屯區****,,否,,,,,,,
157,張睿倉,111年臺中市議員選舉,首次申報,1111110,雜支支出,龍鳳燒臘店,77681623,0.00,1080.00,,,,餐飲費用,金錢,臺中市潭子區****,,否,,,,,,,
158,張睿倉,111年臺中市議員選舉,首次申報,1111111,雜支支出,來一客中式速食,08315123,0.00,330.00,,,,餐飲費用,金錢,臺中市大雅區****,,否,,,,,,,
159,張睿倉,111年臺中市議員選舉,首次申報,1111111,雜支支出,全國加油站(豐原交流道站),17074080,0.00,948.00,,,,汽機車燃料費用,金錢,臺中市神岡區****,,否,,,,,,,
160,張睿倉,111年臺中市議員選舉,首次申報,1111111,雜支支出,全聯福利中心(雅環店),27936306,0.00,457.00,,,,雜項購置或修繕費用,金錢,臺中市大雅區****,,否,,,,,,,
161,張睿倉,111年臺中市議員選舉,首次申報,1111111,雜支支出,福懋加油站,99384302,0.00,145.00,,,,汽機車燃料費用,金錢,臺中市大雅區****,,否,,,,,,,
162,張睿倉,111年臺中市議員選舉,首次申報,1111112,雜支支出,一品佳快餐店,17389217,0.00,1020.00,,,,餐飲費用,金錢,臺中市大雅區****,,否,,,,,,,
163,張睿倉,111年臺中市議員選舉,首次申報,1111112,雜支支出,香甜姐快餐店,17792054,0.00,1260.00,,,,餐飲費用,金錢,臺中市大雅區****,,否,,,,,,,
164,張睿倉,111年臺中市議員選舉,首次申報,1111112,宣傳支出,經典普羅數位印刷有限公司,42893100,0.00,3465.00,,,,其他與選舉宣傳有關之費用,金錢,臺中市西屯區****,,否,,,,,,,
165,張睿倉,111年臺中市議員選舉,首次申報,1111112,雜支支出,盛笙股份有限公司,97336543,0.00,20.00,,,,雜項購置或修繕費用,金錢,臺中市大雅區****,,否,,,,,,,
166,張睿倉,111年臺中市議員選舉,首次申報,1111114,雜支支出,池上飯包,72438282,0.00,860.00,,,,餐飲費用,金錢,臺中市大雅區****,,否,,,,,,,
167,張睿倉,111年臺中市議員選舉,首次申報,1111114,雜支支出,台灣中油-神崗站,86963102,0.00,500.00,,,,汽機車燃料費用,金錢,臺中市神岡區****,,否,,,,,,,
168,張睿倉,111年臺中市議員選舉,首次申報,1111115,雜支支出,一品佳快餐店,17389217,0.00,180.00,,,,餐飲費用,金錢,臺中市大雅區****,,否,,,,,,,
169,張睿倉,111年臺中市議員選舉,首次申報,1111115,雜支支出,台灣中油-神崗站,86963102,0.00,200.00,,,,汽機車燃料費用,金錢,臺中市神岡區****,,否,,,,,,,
170,張睿倉,111年臺中市議員選舉,首次申報,1111116,雜支支出,池上飯包,,0.00,720.00,,,,餐費,金錢,臺中市大雅區****,,否,,,,,,,
171,張睿倉,111年臺中市議員選舉,首次申報,1111116,雜支支出,福懋加油站,99384302,0.00,500.00,,,,汽機車燃料費用,金錢,臺中市大雅區****,,否,,,,,,,
172,張睿倉,111年臺中市議員選舉,首次申報,1111117,雜支支出,全國加油站,19835017,0.00,500.00,,,,汽機車燃料費用,金錢,臺中市神岡區****,,否,,,,,,,
173,張睿倉,111年臺中市議員選舉,首次申報,1111117,雜支支出,向陽樓小吃店,26864439,0.00,820.00,,,,餐飲費用,金錢,臺中市大雅學****,,否,,,,,,,
174,張睿倉,111年臺中市議員選舉,首次申報,1111117,雜支支出,福懋加油站,99384302,0.00,110.00,,,,汽機車燃料費用,金錢,臺中市大雅區****,,否,,,,,,,
175,張睿倉,111年臺中市議員選舉,首次申報,1111118,雜支支出,一品佳快餐店,17389217,0.00,1170.00,,,,餐飲費用,金錢,臺中市大雅區****,,否,,,,,,,
176,張睿倉,111年臺中市議員選舉,首次申報,1111118,雜支支出,台灣中油中清站,56810262,0.00,1032.00,,,,汽機車燃料費用,金錢,臺中市大雅區****,,否,,,,,,,
177,張睿倉,111年臺中市議員選舉,首次申報,1111120,集會支出,豐年桌椅碗盤出租行,14795162,0.00,6000.00,,,,租塑膠椅,金錢,臺中市神岡區****,,否,,,,,,,
178,張睿倉,111年臺中市議員選舉,首次申報,1111120,雜支支出,一品佳快餐店,17389217,0.00,7650.00,,,,餐飲費用,金錢,臺中市大雅區****,,否,,,,,,,
179,張睿倉,111年臺中市議員選舉,首次申報,1111120,公共關係費用支出,岳鑽傳播有限公司,24297755,0.00,110000.00,,,,文康活動費用,金錢,彰化縣彰化市****,,否,,,,,,,
180,張睿倉,111年臺中市議員選舉,首次申報,1111120,雜支支出,振宇五金,42678860,0.00,2295.00,,,,雜項購置或修繕費用,金錢,臺中市大雅區****,,否,,,,,,,
181,張睿倉,111年臺中市議員選舉,首次申報,1111120,雜支支出,晨麥鮮食品坊,82446156,0.00,3125.00,,,,餐飲費用,金錢,臺中市大雅區****,,否,,,,,,,
182,張睿倉,111年臺中市議員選舉,首次申報,1111120,集會支出,強尼創意行銷企業社,82629943,0.00,190000.00,,,,租用設備費用,金錢,臺中市沙鹿區****,,否,,,,,,,
183,張睿倉,111年臺中市議員選舉,首次申報,1111121,雜支支出,盛笙股份有限公司,97336543,0.00,199.00,,,,雜項購置或修繕費用,金錢,臺中市大雅區****,,否,,,,,,,
184,張睿倉,111年臺中市議員選舉,首次申報,1111129,雜支支出,中華電信,39892346,0.00,515.00,,,,電信費用,金錢,臺中市大雅區****,,否,,,,,,,
185,張睿倉,111年臺中市議員選舉,首次申報,1111130,雜支支出,三和花店,08322551,0.00,3500.00,,,,雜項購置或修繕費用,金錢,臺中市大雅區****,,否,,,,,,,
186,張睿倉,111年臺中市議員選舉,首次申報,1111130,雜支支出,六和堂水餃店,45215934,0.00,2850.00,,,,餐飲費用,金錢,臺中市大雅區****,,否,,,,,,,
187,張睿倉,111年臺中市議員選舉,首次申報,1111130,宣傳支出,奇亦印刷企業社,45398363,0.00,14333.00,,,,製作競選物品或宣傳廣告費用（夾報）,金錢,臺中市大雅區****,,否,,,,,,,
188,張睿倉,111年臺中市議員選舉,首次申報,1111209,宣傳支出,上好生醫科技股份有限公司,83691183,0.00,75700.00,,,,製作競選物品或宣傳廣告費用（口罩）,金錢,臺中市西屯區****,,否,,,,,,,
189,張睿倉,111年臺中市議員選舉,首次申報,1120224,返還捐贈支出,振台企業股份有限公司,51529573,0.00,100000.00,,,,返還,金錢,臺中市大雅區****,,否,,,,,,,
190,張睿倉,111年臺中市議員選舉,首次申報,1120224,返還捐贈支出,達聲企業股份有限公司,55286417,0.00,100000.00,,,,返還,金錢,臺中市大雅區****,,否,,,,,,,
