﻿序號,擬參選人／政黨,選舉名稱,申報序號／年度,交易日期,收支科目,捐贈者／支出對象,身分證／統一編號,收入金額,支出金額,支出用途,金錢類,地址,聯絡電話,資料更正日期
1,方國華,107年縣(市)議員選舉,首次申報,1070616,租用宣傳車輛支出,金時代音響企業社,26519211,0.00,15000.00,租用宣傳車輛支出,金錢,新北市樹林區****,,
2,方國華,107年縣(市)議員選舉,首次申報,1070616,宣傳支出,環宇廣播事業股份有限公司,89348216,0.00,14000.00,播送、傳送或刊登宣傳廣告支出,金錢,新竹市經國路****,,
3,方國華,107年縣(市)議員選舉,首次申報,1070724,宣傳支出,世新廣告有限公司,28039168,0.00,2500.00,製作宣傳廣告支出,金錢,新竹市德高街****,,
4,方國華,107年縣(市)議員選舉,首次申報,1070726,宣傳支出,新昇企業社,37943973,0.00,2600.00,製作競選物品支出（物品名稱-衣服）,金錢,新竹縣竹北市****,,
5,方國華,107年縣(市)議員選舉,首次申報,1070828,雜支支出,新竹市選舉委員會,47276437,0.00,120000.00,選舉保證金費（未退回保證金者得以報支）,金錢,新竹市北區西****,,
6,方國華,107年縣(市)議員選舉,首次申報,1070902,宣傳支出,新昇企業社,37943973,0.00,5300.00,製作競選物品支出（物品名稱-衣服）,金錢,新竹縣竹北市****,,
7,方國華,107年縣(市)議員選舉,首次申報,1070904,宣傳支出,世新廣告有限公司,28039168,0.00,3100.00,製作宣傳廣告支出,金錢,新竹市德高街****,,
8,方國華,107年縣(市)議員選舉,首次申報,1070912,宣傳支出,世新廣告有限公司,28039168,0.00,3600.00,製作競選物品支出（物品名稱-面紙包）,金錢,新竹市德高街****,,
9,方國華,107年縣(市)議員選舉,首次申報,1070912,宣傳支出,世新廣告有限公司,28039168,0.00,7000.00,製作宣傳廣告支出,金錢,新竹市德高街****,,
10,方國華,107年縣(市)議員選舉,首次申報,1071016,雜支支出,競選總部,J12*******,0.00,3600.00,口罩,非金錢,新竹市北區金****,,
11,方國華,107年縣(市)議員選舉,首次申報,1071016,雜支支出,競選總部,J12*******,0.00,3600.00,口罩,非金錢,新竹市北區金****,,
