﻿序號,擬參選人／政黨,選舉名稱,申報序號／年度,交易日期,收支科目,捐贈者／支出對象,身分證／統一編號,收入金額,支出金額,支出用途,金錢類,地址,聯絡電話,資料更正日期
1,姚宗翰,109年立法委員選舉,首次申報,1081204,交通旅運支出,台灣中油,,0.00,286.00,油資,金錢,屏東縣佳冬鄉****,,
2,姚宗翰,109年立法委員選舉,首次申報,1081204,交通旅運支出,福懋加油,81888180,0.00,300.00,油資,金錢,屏東縣林邊鄉****,,
3,姚宗翰,109年立法委員選舉,首次申報,1081207,雜支支出,好朋友書局,10892389,0.00,922.00,文具用品費用,金錢,屏東縣屏東市****,,
4,姚宗翰,109年立法委員選舉,首次申報,1081220,租用宣傳車輛支出,宏大企業社,,0.00,20000.00,租用宣傳車輛支出,金錢,高雄市鹽埕區****,,
5,姚宗翰,109年立法委員選舉,首次申報,1090107,宣傳支出,成毅印刷有限公司,22530025,0.00,2310.00,DM,金錢,高雄市前金區****,,
6,姚宗翰,109年立法委員選舉,首次申報,1090109,宣傳支出,世勝廣告社,25701269,0.00,75150.00,播送、傳送或刊登宣傳廣告支出,金錢,屏東縣屏東市****,,
7,姚宗翰,109年立法委員選舉,首次申報,1090110,集會支出,競選總部,F12*******,0.00,5000.00,餐飲支出,非金錢,屏東縣林邊鄉****,,
8,姚宗翰,109年立法委員選舉,首次申報,1090117,集會支出,競選總部,F12*******,0.00,1000.00,餐飲支出,非金錢,屏東縣林邊鄉****,,
9,姚宗翰,109年立法委員選舉,首次申報,1090122,宣傳支出,時尚寶盒生活館,08883997,0.00,1950.00,製作競選物品支出（花圈）,金錢,高雄市前鎮區****,,
