﻿序號,擬參選人／政黨,選舉名稱,申報序號／年度,交易日期,收支科目,捐贈者／支出對象,身分證／統一編號,收入金額,支出金額,支出用途,金錢類,地址,聯絡電話,資料更正日期
1,王齡嬌,109年立法委員選舉,首次申報,1080726,個人捐贈收入,胡伯駿,A10*******,1000.00,0.00,,金錢,新北市中和區****,0916*****,
2,王齡嬌,109年立法委員選舉,首次申報,1080730,個人捐贈收入,饒鼎榮,S10*******,10000.00,0.00,,金錢,高雄市美濃區****,0933*****,
3,王齡嬌,109年立法委員選舉,首次申報,1080905,個人捐贈收入,梁江蔚,E10*******,21000.00,0.00,,金錢,忠孝東路三段****,0978*****,
4,王齡嬌,109年立法委員選舉,首次申報,1080918,個人捐贈收入,黃慶戊,S10*******,21000.00,0.00,,金錢,高雄市六龜區****,,
5,王齡嬌,109年立法委員選舉,首次申報,1080920,營利事業捐贈收入,典範能源科技有限公司,45123787,100000.00,0.00,,金錢,彰化縣二林鎮****,04-8*****,
6,王齡嬌,109年立法委員選舉,首次申報,1080920,營利事業捐贈收入,日鑫綠能有限公司,55894088,100000.00,0.00,,金錢,嘉義市西區西****,0937*****,
7,王齡嬌,109年立法委員選舉,首次申報,1080920,營利事業捐贈收入,群倫有限公司,56666626,100000.00,0.00,,金錢,彰化縣大城鄉****,04-8*****,
8,王齡嬌,109年立法委員選舉,首次申報,1080925,個人捐贈收入,楊育騏,R22*******,6000.00,0.00,,金錢,高雄市大樹區****,0986*****,
9,王齡嬌,109年立法委員選舉,首次申報,1080928,匿名捐贈,0101,,6666.00,0.00,,金錢,,,
10,王齡嬌,109年立法委員選舉,首次申報,1081003,個人捐贈收入,余柳瑩,S22*******,100000.00,0.00,,金錢,高雄市新興區****,0911*****,
11,王齡嬌,109年立法委員選舉,首次申報,1081005,匿名捐贈,郭貞伶,,2000.00,0.00,,金錢,,,
12,王齡嬌,109年立法委員選舉,首次申報,1081007,個人捐贈收入,吳炳誼,A12*******,21000.00,0.00,,金錢,臺北市中正區****,,
13,王齡嬌,109年立法委員選舉,首次申報,1081009,匿名捐贈,陳忠安,,2000.00,0.00,,金錢,,,
14,王齡嬌,109年立法委員選舉,首次申報,1081009,匿名捐贈,吳明達,,6000.00,0.00,,金錢,,,
15,王齡嬌,109年立法委員選舉,首次申報,1081014,匿名捐贈,陳文進,,5000.00,0.00,,金錢,,,
16,王齡嬌,109年立法委員選舉,首次申報,1081016,匿名捐贈,2179,,500.00,0.00,,金錢,,,
17,王齡嬌,109年立法委員選舉,首次申報,1081016,個人捐贈收入,郭瑋明,E10*******,21000.00,0.00,,金錢,高雄市鼓山區****,,
18,王齡嬌,109年立法委員選舉,首次申報,1081028,匿名捐贈,沈明輝,,1500.00,0.00,,金錢,,,
19,王齡嬌,109年立法委員選舉,首次申報,1081031,個人捐贈收入,蔣奇叡,A12*******,100000.00,0.00,,金錢,高雄市前鎮區****,0938*****,
20,王齡嬌,109年立法委員選舉,首次申報,1081104,匿名捐贈,鍾松秀,,1000.00,0.00,,金錢,,,
21,王齡嬌,109年立法委員選舉,首次申報,1081104,個人捐贈收入,蔡明芳,,2000.00,0.00,,金錢,高雄市仁武區****,,
22,王齡嬌,109年立法委員選舉,首次申報,1081104,匿名捐贈,林水能,,1000.00,0.00,,金錢,,,
23,王齡嬌,109年立法委員選舉,首次申報,1081106,營利事業捐贈收入,彤駿企業有限公司,89659442,50000.00,0.00,,金錢,高雄市岡山區****,,
24,王齡嬌,109年立法委員選舉,首次申報,1081107,個人捐贈收入,郭頌逸,,3000.00,0.00,,金錢,,0989*****,
25,王齡嬌,109年立法委員選舉,首次申報,1081107,個人捐贈收入,蔡權明,,20000.00,0.00,,金錢,,0928*****,
26,王齡嬌,109年立法委員選舉,首次申報,1081111,個人捐贈收入,江青憲,,3000.00,0.00,,金錢,,0929*****,
27,王齡嬌,109年立法委員選舉,首次申報,1081111,個人捐贈收入,鄭恩賜,S10*******,20000.00,0.00,,金錢,高雄市鳳山區****,0921*****,
28,王齡嬌,109年立法委員選舉,首次申報,1081113,營利事業捐贈收入,昇宏國際企業股份有限公司,22601695,10000.00,0.00,,金錢,高雄市新興區****,,
29,王齡嬌,109年立法委員選舉,首次申報,1081113,個人捐贈收入,葉忠,E10*******,50000.00,0.00,,金錢,高雄市小港區****,,
30,王齡嬌,109年立法委員選舉,首次申報,1081114,個人捐贈收入,陳建登,,1000.00,0.00,,金錢,,0952*****,
31,王齡嬌,109年立法委員選舉,首次申報,1081114,個人捐贈收入,黃桂香,E20*******,50000.00,0.00,,金錢,高雄市三民區****,,
32,王齡嬌,109年立法委員選舉,首次申報,1081114,個人捐贈收入,趙寬仁,S12*******,21000.00,0.00,,金錢,高雄市三民區****,0916*****,
33,王齡嬌,109年立法委員選舉,首次申報,1081115,個人捐贈收入,陳世耀,,10000.00,0.00,,金錢,高雄市苓雅區****,,
34,王齡嬌,109年立法委員選舉,首次申報,1081115,匿名捐贈,林政華,,1600.00,0.00,,金錢,,,
35,王齡嬌,109年立法委員選舉,首次申報,1081115,營利事業捐贈收入,科允鋼鐵工業有限公司,16460839,10000.00,0.00,,金錢,高雄市大樹區****,07-6*****,
36,王齡嬌,109年立法委員選舉,首次申報,1081115,個人捐贈收入,鄧邦君,E22*******,100000.00,0.00,,金錢,高雄市三民區****,0734*****,
37,王齡嬌,109年立法委員選舉,首次申報,1081116,匿名捐贈,潘榮參,,10000.00,0.00,,金錢,,,
38,王齡嬌,109年立法委員選舉,首次申報,1081116,營利事業捐贈收入,順寶生醫股份有限公司,12873401,16800.00,0.00,,非金錢,臺北市中山區****,,
39,王齡嬌,109年立法委員選舉,首次申報,1081116,個人捐贈收入,曾華銘,D12*******,100000.00,0.00,,金錢,高雄市鼓山區****,07-5*****,
40,王齡嬌,109年立法委員選舉,首次申報,1081117,個人捐贈收入,林居益,,2000.00,0.00,,金錢,高雄市大樹區****,0988*****,
41,王齡嬌,109年立法委員選舉,首次申報,1081118,匿名捐贈,吳靖秋,,500.00,0.00,,金錢,,,
42,王齡嬌,109年立法委員選舉,首次申報,1081119,個人捐贈收入,劉怡君,E22*******,100000.00,0.00,,金錢,高雄市鼓山區****,07-5*****,
43,王齡嬌,109年立法委員選舉,首次申報,1081121,營利事業捐贈收入,廣力企業有限公司,22090899,60000.00,0.00,,金錢,高雄市大樹區****,07-6*****,
44,王齡嬌,109年立法委員選舉,首次申報,1081122,個人捐贈收入,曾瑞光,,5000.00,0.00,,金錢,高雄市苓雅區****,,
45,王齡嬌,109年立法委員選舉,首次申報,1081124,匿名捐贈,0248,,1000.00,0.00,,金錢,,,
46,王齡嬌,109年立法委員選舉,首次申報,1081125,匿名捐贈,劉翰城,,10000.00,0.00,,金錢,,,
47,王齡嬌,109年立法委員選舉,首次申報,1081126,匿名捐贈,吳棋宏,,1000.00,0.00,,金錢,,,
48,王齡嬌,109年立法委員選舉,首次申報,1081126,個人捐贈收入,陳進傳,S12*******,20000.00,0.00,,金錢,高雄市六龜區****,0988*****,
49,王齡嬌,109年立法委員選舉,首次申報,1081127,匿名捐贈,2179,,1000.00,0.00,,金錢,,,
50,王齡嬌,109年立法委員選舉,首次申報,1081127,匿名捐贈,朱富雄,,2000.00,0.00,,金錢,,,
51,王齡嬌,109年立法委員選舉,首次申報,1081127,營利事業捐贈收入,台灣文化創意產業股份有限公司,97137452,10000.00,0.00,,金錢,高雄市苓雅區****,07-7*****,
52,王齡嬌,109年立法委員選舉,首次申報,1081128,匿名捐贈,2411,,3000.00,0.00,,金錢,,,
53,王齡嬌,109年立法委員選舉,首次申報,1081201,人民團體捐贈收入,社團法人高雄市牙醫師公會,,50000.00,0.00,,金錢,高雄市前鎮區****,3350*****,
54,王齡嬌,109年立法委員選舉,首次申報,1081201,個人捐贈收入,蔡永松,P12*******,50000.00,0.00,,金錢,高雄市大社區****,0933*****,
55,王齡嬌,109年立法委員選舉,首次申報,1081202,個人捐贈收入,莊文賓,,16000.00,0.00,,金錢,高雄市三民區****,0932*****,
56,王齡嬌,109年立法委員選舉,首次申報,1081205,個人捐贈收入,陳秀英,,500.00,0.00,,金錢,高雄市苓雅區****,,
57,王齡嬌,109年立法委員選舉,首次申報,1081205,個人捐贈收入,吳永生,,500.00,0.00,,金錢,高雄市苓雅區****,,
58,王齡嬌,109年立法委員選舉,首次申報,1081205,匿名捐贈,9516,,3600.00,0.00,,金錢,,,
59,王齡嬌,109年立法委員選舉,首次申報,1081205,個人捐贈收入,李瑞雪,,6000.00,0.00,,金錢,高雄市燕巢區****,07-6*****,
60,王齡嬌,109年立法委員選舉,首次申報,1081210,匿名捐贈,曾憲楨,,500.00,0.00,,金錢,,,
61,王齡嬌,109年立法委員選舉,首次申報,1081211,個人捐贈收入,洪麗玲,A29*******,21000.00,0.00,,金錢,臺北市士林區****,,
62,王齡嬌,109年立法委員選舉,首次申報,1081213,個人捐贈收入,陳冠宇,,20000.00,0.00,,金錢,,0958*****,
63,王齡嬌,109年立法委員選舉,首次申報,1081216,個人捐贈收入,王俊發,Q10*******,60000.00,0.00,,金錢,高雄市仁武區****,0983*****,
64,王齡嬌,109年立法委員選舉,首次申報,1081217,個人捐贈收入,陳慧彬,,300.00,0.00,,金錢,高雄市內門區****,0961*****,
65,王齡嬌,109年立法委員選舉,首次申報,1081217,個人捐贈收入,蘇莉湘,E22*******,5000.00,0.00,,金錢,,0937*****,
66,王齡嬌,109年立法委員選舉,首次申報,1081218,匿名捐贈,陳澄河,,10000.00,0.00,,金錢,,,
67,王齡嬌,109年立法委員選舉,首次申報,1081219,個人捐贈收入,郭一亨,,200.00,0.00,,金錢,高雄市鼓山區****,0975*****,
68,王齡嬌,109年立法委員選舉,首次申報,1081220,人民團體捐贈收入,中華民國工商建設研究會,,50000.00,0.00,,金錢,臺北市大安區****,02-2*****,
69,王齡嬌,109年立法委員選舉,首次申報,1081221,其他收入,利息收入,,135.00,0.00,,金錢,,,
70,王齡嬌,109年立法委員選舉,首次申報,1081223,個人捐贈收入,張榮源,,10000.00,0.00,,金錢,高雄市新興區****,,
71,王齡嬌,109年立法委員選舉,首次申報,1081223,個人捐贈收入,張國欽,S12*******,20000.00,0.00,,金錢,高雄市梓官區****,,
72,王齡嬌,109年立法委員選舉,首次申報,1081224,個人捐贈收入,王輝上,,10000.00,0.00,,金錢,,0937*****,
73,王齡嬌,109年立法委員選舉,首次申報,1081224,個人捐贈收入,林文元,,10000.00,0.00,,金錢,,0937*****,
74,王齡嬌,109年立法委員選舉,首次申報,1081224,個人捐贈收入,許永郎,,10000.00,0.00,,金錢,,0939*****,
75,王齡嬌,109年立法委員選舉,首次申報,1081224,個人捐贈收入,蔡昭榮,,10000.00,0.00,,金錢,,0937*****,
76,王齡嬌,109年立法委員選舉,首次申報,1081224,個人捐贈收入,沈國基,,10000.00,0.00,,金錢,,07-6*****,
77,王齡嬌,109年立法委員選舉,首次申報,1081227,個人捐贈收入,郭國聖,E12*******,20000.00,0.00,,金錢,高雄市三民區****,07-3*****,
78,王齡嬌,109年立法委員選舉,首次申報,1081230,個人捐贈收入,鍾菊招,,10000.00,0.00,,金錢,臺北市大安區****,0912*****,
79,王齡嬌,109年立法委員選舉,首次申報,1081230,個人捐贈收入,蘇莉湘,E22*******,95000.00,0.00,,非金錢,高雄市仁武區****,,
80,王齡嬌,109年立法委員選舉,首次申報,1081230,個人捐贈收入,許宏瑋,S12*******,100000.00,0.00,,非金錢,高雄市仁武區****,,
81,王齡嬌,109年立法委員選舉,首次申報,1081230,個人捐贈收入,鄭乾良,S12*******,21000.00,0.00,,金錢,高雄市新興區****,,
82,王齡嬌,109年立法委員選舉,首次申報,1090104,個人捐贈收入,林瑛琇,S22*******,30000.00,0.00,,金錢,高雄市燕巢區****,,
83,王齡嬌,109年立法委員選舉,首次申報,1090109,匿名捐贈,吳棋宏,,3000.00,0.00,,金錢,,,
84,王齡嬌,109年立法委員選舉,首次申報,1090109,個人捐贈收入,許鈴華,S22*******,10000.00,0.00,,金錢,高雄市大樹區****,,
85,王齡嬌,109年立法委員選舉,首次申報,1090110,個人捐贈收入,楊智筑,H22*******,50000.00,0.00,,金錢,高雄市前鎮區****,,
