﻿序號,擬參選人／政黨,選舉名稱,申報序號／年度,交易日期,收支科目,捐贈者／支出對象,身分證／統一編號,收入金額,支出金額,捐贈方式,存入專戶日期,返還/繳庫,支出用途,金錢類,地址,聯絡電話,應揭露之支出對象,支出對象之內部人員姓名,支出對象之內部人員職稱,政黨之內部人員姓名,政黨之內部人員職稱,關係,更正註記,資料更正日期
1,曾綉雅,111年新竹縣關西鎮鎮長選舉,首次申報,1110914,其他收入,藍新科技測試費用,,1.00,0.00,匯款,1110914,,,金錢,,,,,,,,,,
2,曾綉雅,111年新竹縣關西鎮鎮長選舉,首次申報,1110915,個人捐贈收入,曾綉美,,3000.00,0.00,匯款,1110921,,,金錢,,0921*****,,,,,,,,
3,曾綉雅,111年新竹縣關西鎮鎮長選舉,首次申報,1110915,個人捐贈收入,許舒婷,,5000.00,0.00,匯款,1110921,,,金錢,,0903*****,,,,,,,,
4,曾綉雅,111年新竹縣關西鎮鎮長選舉,首次申報,1110915,營利事業捐贈收入,原岡企業有限公司,86526546,50000.00,0.00,匯款,1110915,,,金錢,桃園市平鎮區****,0349*****,,,,,,,,
5,曾綉雅,111年新竹縣關西鎮鎮長選舉,首次申報,1110915,個人捐贈收入,林碧雲,H22*******,30000.00,0.00,匯款,1110915,,,金錢,新竹縣竹北市****,0935*****,,,,,,,,
6,曾綉雅,111年新竹縣關西鎮鎮長選舉,首次申報,1110915,個人捐贈收入,林志成,Q12*******,10000.00,0.00,匯款,1110921,,,金錢,新竹縣寶山鄉****,0354*****,,,,,,,,
7,曾綉雅,111年新竹縣關西鎮鎮長選舉,首次申報,1110916,個人捐贈收入,彭淇銘,,5000.00,0.00,匯款,1110923,,,金錢,,0921*****,,,,,,,,
8,曾綉雅,111年新竹縣關西鎮鎮長選舉,首次申報,1110916,個人捐贈收入,宋文嶽,,10000.00,0.00,匯款,1110922,,,金錢,,0989*****,,,,,,,,
9,曾綉雅,111年新竹縣關西鎮鎮長選舉,首次申報,1110917,個人捐贈收入,曾綉銘,,2000.00,0.00,匯款,1110923,,,金錢,,0936*****,,,,,,,,
10,曾綉雅,111年新竹縣關西鎮鎮長選舉,首次申報,1110917,個人捐贈收入,林淑照,,5000.00,0.00,匯款,1110923,,,金錢,,0928*****,,,,,,,,
11,曾綉雅,111年新竹縣關西鎮鎮長選舉,首次申報,1110918,個人捐贈收入,蔡榮光,,10000.00,0.00,匯款,1110926,,,金錢,,0932*****,,,,,,,,
12,曾綉雅,111年新竹縣關西鎮鎮長選舉,首次申報,1110920,個人捐贈收入,曾德山,,1000.00,0.00,匯款,1110926,,,金錢,,0920*****,,,,,,,,
13,曾綉雅,111年新竹縣關西鎮鎮長選舉,首次申報,1110922,個人捐贈收入,李敬贊,,10000.00,0.00,匯款,1110922,,,金錢,,0952*****,,,,,,,,
14,曾綉雅,111年新竹縣關西鎮鎮長選舉,首次申報,1110922,個人捐贈收入,溫呈祥,,1000.00,0.00,現金,1110923,,,金錢,,0912*****,,,,,,,,
15,曾綉雅,111年新竹縣關西鎮鎮長選舉,首次申報,1110922,個人捐贈收入,巫秀香,,1000.00,0.00,現金,1110923,,,金錢,,0905*****,,,,,,,,
16,曾綉雅,111年新竹縣關西鎮鎮長選舉,首次申報,1110922,個人捐贈收入,邱定彬,,5000.00,0.00,現金,1110923,,,金錢,,0937*****,,,,,,,,
17,曾綉雅,111年新竹縣關西鎮鎮長選舉,首次申報,1110922,個人捐贈收入,朱素蘭,,3000.00,0.00,匯款,1110928,,,金錢,,0921*****,,,,,,,,
18,曾綉雅,111年新竹縣關西鎮鎮長選舉,首次申報,1110922,個人捐贈收入,蔡芯螢,L22*******,30000.00,0.00,匯款,1110922,,,金錢,新竹市東區科****,0928*****,,,,,,,,
19,曾綉雅,111年新竹縣關西鎮鎮長選舉,首次申報,1110923,個人捐贈收入,洪惠冠,,10000.00,0.00,匯款,1110930,,,金錢,,0919*****,,,,,,,,
20,曾綉雅,111年新竹縣關西鎮鎮長選舉,首次申報,1110923,個人捐贈收入,黃國超,,3000.00,0.00,匯款,1110928,,,金錢,,0928*****,,,,,,,,
21,曾綉雅,111年新竹縣關西鎮鎮長選舉,首次申報,1110923,個人捐贈收入,黃玉鑑,,5000.00,0.00,現金,1110927,,,金錢,,0928*****,,,,,,,,
22,曾綉雅,111年新竹縣關西鎮鎮長選舉,首次申報,1110923,個人捐贈收入,黃麗陵,,5000.00,0.00,匯款,1110929,,,金錢,,0933*****,,,,,,,,
23,曾綉雅,111年新竹縣關西鎮鎮長選舉,首次申報,1110924,個人捐贈收入,徐傑道,,2000.00,0.00,現金,1110927,,,金錢,新竹縣尖石鄉****,,,,,,,,,
24,曾綉雅,111年新竹縣關西鎮鎮長選舉,首次申報,1110924,個人捐贈收入,林姿容,,2000.00,0.00,現金,1110927,,,金錢,,0928*****,,,,,,,,
25,曾綉雅,111年新竹縣關西鎮鎮長選舉,首次申報,1110924,個人捐贈收入,尚道明,,5000.00,0.00,匯款,1110930,,,金錢,,0939*****,,,,,,,,
26,曾綉雅,111年新竹縣關西鎮鎮長選舉,首次申報,1110924,個人捐贈收入,張富美,,3000.00,0.00,現金,1110927,,,金錢,,03-5*****,,,,,,,,
27,曾綉雅,111年新竹縣關西鎮鎮長選舉,首次申報,1110924,個人捐贈收入,賴麗金,,10000.00,0.00,現金,1110927,,,金錢,,0911*****,,,,,,,,
28,曾綉雅,111年新竹縣關西鎮鎮長選舉,首次申報,1110924,個人捐贈收入,賴朝紅,,10000.00,0.00,現金,1110927,,,金錢,,0879*****,,,,,,,,
29,曾綉雅,111年新竹縣關西鎮鎮長選舉,首次申報,1110924,個人捐贈收入,劉德洋,,2000.00,0.00,現金,1110927,,,金錢,,0937*****,,,,,,,,
30,曾綉雅,111年新竹縣關西鎮鎮長選舉,首次申報,1110924,個人捐贈收入,鄧光明,,2000.00,0.00,現金,1110927,,,金錢,,0935*****,,,,,,,,
31,曾綉雅,111年新竹縣關西鎮鎮長選舉,首次申報,1110924,個人捐贈收入,曾德山,,2000.00,0.00,現金,1110927,,,金錢,,0920*****,,,,,,,,
32,曾綉雅,111年新竹縣關西鎮鎮長選舉,首次申報,1110924,個人捐贈收入,鄭麗紅,,6000.00,0.00,現金,1110927,,,金錢,,0932*****,,,,,,,,
33,曾綉雅,111年新竹縣關西鎮鎮長選舉,首次申報,1110924,個人捐贈收入,郭台貴,,2000.00,0.00,現金,1110927,,,金錢,,0938*****,,,,,,,,
34,曾綉雅,111年新竹縣關西鎮鎮長選舉,首次申報,1110924,個人捐贈收入,鍾鏡宏,,2000.00,0.00,現金,1110927,,,金錢,,0916*****,,,,,,,,
35,曾綉雅,111年新竹縣關西鎮鎮長選舉,首次申報,1110924,個人捐贈收入,吳秀梅,,2000.00,0.00,現金,1110927,,,金錢,,0937*****,,,,,,,,
36,曾綉雅,111年新竹縣關西鎮鎮長選舉,首次申報,1110924,個人捐贈收入,涂玉梅,,500.00,0.00,現金,1110927,,,金錢,,0933*****,,,,,,,,
37,曾綉雅,111年新竹縣關西鎮鎮長選舉,首次申報,1110924,個人捐贈收入,黃煌智,,3000.00,0.00,現金,1110927,,,金錢,,0909*****,,,,,,,,
38,曾綉雅,111年新竹縣關西鎮鎮長選舉,首次申報,1110924,個人捐贈收入,張玉娟,,10000.00,0.00,現金,1110927,,,金錢,,0952*****,,,,,,,,
39,曾綉雅,111年新竹縣關西鎮鎮長選舉,首次申報,1110924,個人捐贈收入,郭正光,,6000.00,0.00,現金,1110927,,,金錢,,0972*****,,,,,,,,
40,曾綉雅,111年新竹縣關西鎮鎮長選舉,首次申報,1110924,個人捐贈收入,吳錫豐,,2000.00,0.00,現金,1110927,,,金錢,,0926*****,,,,,,,,
41,曾綉雅,111年新竹縣關西鎮鎮長選舉,首次申報,1110924,個人捐贈收入,羅功奇,,2000.00,0.00,現金,1110927,,,金錢,,0935*****,,,,,,,,
42,曾綉雅,111年新竹縣關西鎮鎮長選舉,首次申報,1110924,個人捐贈收入,溫志洸,,3000.00,0.00,現金,1110927,,,金錢,,0919*****,,,,,,,,
43,曾綉雅,111年新竹縣關西鎮鎮長選舉,首次申報,1110927,個人捐贈收入,詹玉琴,,5000.00,0.00,現金,1110928,,,金錢,,0921*****,,,,,,,,
44,曾綉雅,111年新竹縣關西鎮鎮長選舉,首次申報,1110927,個人捐贈收入,曾雅彤,,1000.00,0.00,現金,1110927,,,金錢,,0958*****,,,,,,,,
45,曾綉雅,111年新竹縣關西鎮鎮長選舉,首次申報,1110927,個人捐贈收入,曾俊傑,,1000.00,0.00,現金,1110927,,,金錢,,0932*****,,,,,,,,
46,曾綉雅,111年新竹縣關西鎮鎮長選舉,首次申報,1110927,個人捐贈收入,鍾心渝,,1000.00,0.00,現金,1110927,,,金錢,,0919*****,,,,,,,,
47,曾綉雅,111年新竹縣關西鎮鎮長選舉,首次申報,1110927,個人捐贈收入,蔡靜琪,,1000.00,0.00,現金,1110927,,,金錢,,0922*****,,,,,,,,
48,曾綉雅,111年新竹縣關西鎮鎮長選舉,首次申報,1110927,個人捐贈收入,黃盛財,,1000.00,0.00,現金,1110927,,,金錢,,0919*****,,,,,,,,
49,曾綉雅,111年新竹縣關西鎮鎮長選舉,首次申報,1110927,個人捐贈收入,范文芳,,3000.00,0.00,現金,1110927,,,金錢,,0352*****,,,,,,,,
50,曾綉雅,111年新竹縣關西鎮鎮長選舉,首次申報,1110927,個人捐贈收入,張東旭,,2000.00,0.00,現金,1110927,,,金錢,,0911*****,,,,,,,,
51,曾綉雅,111年新竹縣關西鎮鎮長選舉,首次申報,1110927,個人捐贈收入,劉宗鑾,,1000.00,0.00,現金,1110927,,,金錢,,0978*****,,,,,,,,
52,曾綉雅,111年新竹縣關西鎮鎮長選舉,首次申報,1110928,個人捐贈收入,朱勝泉,,1000.00,0.00,現金,1110928,,,金錢,,0933*****,,,,,,,,
53,曾綉雅,111年新竹縣關西鎮鎮長選舉,首次申報,1110928,個人捐贈收入,陳瑞芳,,2000.00,0.00,現金,1110928,,,金錢,,0908*****,,,,,,,,
54,曾綉雅,111年新竹縣關西鎮鎮長選舉,首次申報,1110929,個人捐贈收入,徐烈鈞,,3000.00,0.00,現金,1111006,,,金錢,,0933*****,,,,,,,,
55,曾綉雅,111年新竹縣關西鎮鎮長選舉,首次申報,1111001,個人捐贈收入,吳瑞芬,,6000.00,0.00,現金,1111006,,,金錢,,0933*****,,,,,,,,
56,曾綉雅,111年新竹縣關西鎮鎮長選舉,首次申報,1111002,個人捐贈收入,袁明城,,8800.00,0.00,匯款,1111011,,,金錢,新竹縣五峰鄉****,0988*****,,,,,,,,
57,曾綉雅,111年新竹縣關西鎮鎮長選舉,首次申報,1111002,個人捐贈收入,萬金蓮,K20*******,10000.00,0.00,匯款,1111011,,,金錢,,0937*****,,,,,,,,
58,曾綉雅,111年新竹縣關西鎮鎮長選舉,首次申報,1111002,個人捐贈收入,李丁讚,P10*******,30000.00,0.00,匯款,1111002,,,金錢,新竹市光復路****,0916*****,,,,,,,,
59,曾綉雅,111年新竹縣關西鎮鎮長選舉,首次申報,1111003,匿名捐贈,匿名,,3000.00,0.00,匯款,1111003,,,金錢,,,,,,,,,,
60,曾綉雅,111年新竹縣關西鎮鎮長選舉,首次申報,1111004,個人捐贈收入,鄧淑慧,,6600.00,0.00,匯款,1111004,,,金錢,,0376*****,,,,,,,,
61,曾綉雅,111年新竹縣關西鎮鎮長選舉,首次申報,1111004,個人捐贈收入,周吉人,T10*******,10000.00,0.00,匯款,1111011,,,金錢,新竹市東區安****,0958*****,,,,,,,,
62,曾綉雅,111年新竹縣關西鎮鎮長選舉,首次申報,1111005,個人捐贈收入,古靜江,,3000.00,0.00,現金,1111006,,,金錢,,0917*****,,,,,,,,
63,曾綉雅,111年新竹縣關西鎮鎮長選舉,首次申報,1111007,個人捐贈收入,粟欣韻,A22*******,3000.00,0.00,匯款,1111013,,,金錢,新北市淡水區****,0926*****,,,,,,,,
64,曾綉雅,111年新竹縣關西鎮鎮長選舉,首次申報,1111011,個人捐贈收入,蔣萍,,2000.00,0.00,現金,1111014,,,金錢,,0921*****,,,,,,,,
65,曾綉雅,111年新竹縣關西鎮鎮長選舉,首次申報,1111012,個人捐贈收入,王惠美,,1000.00,0.00,現金,1111013,,,金錢,,0916*****,,,,,,,,
66,曾綉雅,111年新竹縣關西鎮鎮長選舉,首次申報,1111013,個人捐贈收入,吳玉釗,,10000.00,0.00,匯款,1111013,,,金錢,,0910*****,,,,,,,,
67,曾綉雅,111年新竹縣關西鎮鎮長選舉,首次申報,1111013,個人捐贈收入,許明聖,X12*******,500.00,0.00,匯款,1111019,,,金錢,新竹縣關西鎮****,0983*****,,,,,,,,
68,曾綉雅,111年新竹縣關西鎮鎮長選舉,首次申報,1111015,匿名捐贈,匿名,,2000.00,0.00,現金,1111015,,,金錢,,,,,,,,,,
69,曾綉雅,111年新竹縣關西鎮鎮長選舉,首次申報,1111017,人民團體捐贈收入,台灣城鄉發展協會,,20000.00,0.00,匯款,1111017,,,金錢,臺中市西屯區****,04-2*****,,,,,,,,
70,曾綉雅,111年新竹縣關西鎮鎮長選舉,首次申報,1111019,個人捐贈收入,朱素蘭,,5000.00,0.00,現金,1111020,,,金錢,,0921*****,,,,,,,,
71,曾綉雅,111年新竹縣關西鎮鎮長選舉,首次申報,1111019,匿名捐贈,不具名,,10000.00,0.00,現金,1111020,,,金錢,,,,,,,,,,
72,曾綉雅,111年新竹縣關西鎮鎮長選舉,首次申報,1111019,匿名捐贈,不具名,,10000.00,0.00,現金,1111020,,,金錢,,,,,,,,,,
73,曾綉雅,111年新竹縣關西鎮鎮長選舉,首次申報,1111019,匿名捐贈,不具名,,3000.00,0.00,現金,1111020,,,金錢,,,,,,,,,,
74,曾綉雅,111年新竹縣關西鎮鎮長選舉,首次申報,1111019,個人捐贈收入,彭裕惟,,2200.00,0.00,現金,1111102,,,金錢,,0919*****,,,,,,,,
75,曾綉雅,111年新竹縣關西鎮鎮長選舉,首次申報,1111025,個人捐贈收入,游興財,,10000.00,0.00,現金,1111028,,,金錢,,0928*****,,,,,,,,
76,曾綉雅,111年新竹縣關西鎮鎮長選舉,首次申報,1111025,個人捐贈收入,許倍銜,,15000.00,0.00,匯款,1111025,,,金錢,新北市新莊區****,0976*****,,,,,,,,
77,曾綉雅,111年新竹縣關西鎮鎮長選舉,首次申報,1111026,個人捐贈收入,羅仕龍,A13*******,5000.00,0.00,匯款,1111101,,,金錢,新竹縣關西鎮****,0910*****,,,,,,,,
78,曾綉雅,111年新竹縣關西鎮鎮長選舉,首次申報,1111031,匿名捐贈,不具名,,10000.00,0.00,現金,1111102,,,金錢,,,,,,,,,,
79,曾綉雅,111年新竹縣關西鎮鎮長選舉,首次申報,1111031,匿名捐贈,不具名,,10000.00,0.00,現金,1111102,,,金錢,,,,,,,,,,
80,曾綉雅,111年新竹縣關西鎮鎮長選舉,首次申報,1111101,匿名捐贈,不具名,,10000.00,0.00,現金,1111102,,,金錢,,,,,,,,,,
81,曾綉雅,111年新竹縣關西鎮鎮長選舉,首次申報,1111101,匿名捐贈,不具名,,10000.00,0.00,現金,1111102,,,金錢,,,,,,,,,,
82,曾綉雅,111年新竹縣關西鎮鎮長選舉,首次申報,1111101,個人捐贈收入,彭君平,H10*******,100000.00,0.00,現金,1111101,,,金錢,桃園市桃園區****,03 4*****,,,,,,,,
83,曾綉雅,111年新竹縣關西鎮鎮長選舉,首次申報,1111106,個人捐贈收入,賴傳莊,,3000.00,0.00,現金,1111110,,,金錢,,0928*****,,,,,,,,
84,曾綉雅,111年新竹縣關西鎮鎮長選舉,首次申報,1111108,營利事業捐贈收入,世聯倉運股份有限公司,43693544,100000.00,0.00,匯款,1111108,,,金錢,桃園市楊梅區****,0349*****,,,,,,,,
85,曾綉雅,111年新竹縣關西鎮鎮長選舉,首次申報,1111109,個人捐贈收入,彭玉雯,,2000.00,0.00,現金,1111110,,,金錢,,0932*****,,,,,,,,
86,曾綉雅,111年新竹縣關西鎮鎮長選舉,首次申報,1111109,個人捐贈收入,史學雯,,1000.00,0.00,現金,1111110,,,金錢,,0953*****,,,,,,,,
87,曾綉雅,111年新竹縣關西鎮鎮長選舉,首次申報,1111110,人民團體捐贈收入,台灣客社,,30000.00,0.00,現金,1111110,,,金錢,臺北市中正區****,02-2*****,,,,,,,,
88,曾綉雅,111年新竹縣關西鎮鎮長選舉,首次申報,1111111,匿名捐贈,匿名,,1000.00,0.00,現金,1111111,,,金錢,,,,,,,,,,
89,曾綉雅,111年新竹縣關西鎮鎮長選舉,首次申報,1111113,個人捐贈收入,戴春國,,1000.00,0.00,現金,1111117,,,金錢,,0920*****,,,,,,,,
90,曾綉雅,111年新竹縣關西鎮鎮長選舉,首次申報,1111116,個人捐贈收入,陳秋濤,,10000.00,0.00,現金,1111117,,,金錢,,0933*****,,,,,,,,
91,曾綉雅,111年新竹縣關西鎮鎮長選舉,首次申報,1111117,個人捐贈收入,林滿鈺,,10000.00,0.00,匯款,1111117,,,金錢,新竹縣竹北市****,0934*****,,,,,,,,
92,曾綉雅,111年新竹縣關西鎮鎮長選舉,首次申報,1111119,個人捐贈收入,徐麟玉,,2000.00,0.00,現金,1111123,,,金錢,,0910*****,,,,,,,,
93,曾綉雅,111年新竹縣關西鎮鎮長選舉,首次申報,1111119,個人捐贈收入,蔡榮光,,6600.00,0.00,現金,1111123,,,金錢,,0932*****,,,,,,,,
94,曾綉雅,111年新竹縣關西鎮鎮長選舉,首次申報,1111119,個人捐贈收入,曾細菊,,2000.00,0.00,現金,1111123,,,金錢,,0920*****,,,,,,,,
95,曾綉雅,111年新竹縣關西鎮鎮長選舉,首次申報,1111119,個人捐贈收入,劉琇芬,,1000.00,0.00,現金,1111123,,,金錢,,0931*****,,,,,,,,
96,曾綉雅,111年新竹縣關西鎮鎮長選舉,首次申報,1111120,個人捐贈收入,湯年春,,3000.00,0.00,現金,1111123,,,金錢,,0972*****,,,,,,,,
97,曾綉雅,111年新竹縣關西鎮鎮長選舉,首次申報,1111120,匿名捐贈,匿名,,3000.00,0.00,現金,1111120,,,金錢,,,,,,,,,,
98,曾綉雅,111年新竹縣關西鎮鎮長選舉,首次申報,1111120,個人捐贈收入,楊年順,K12*******,3000.00,0.00,現金,1111123,,,金錢,,,,,,,,,,
99,曾綉雅,111年新竹縣關西鎮鎮長選舉,首次申報,1111121,個人捐贈收入,田正富,,2000.00,0.00,現金,1111123,,,金錢,,0955*****,,,,,,,,
100,曾綉雅,111年新竹縣關西鎮鎮長選舉,首次申報,1111121,個人捐贈收入,張靜惠,,3000.00,0.00,現金,1111123,,,金錢,,0937*****,,,,,,,,
101,曾綉雅,111年新竹縣關西鎮鎮長選舉,首次申報,1111128,其他收入,利息收入,,111.00,0.00,匯款,1111128,,,金錢,,,,,,,,,,
