﻿序號,擬參選人／政黨,選舉名稱,申報序號／年度,交易日期,收支科目,捐贈者／支出對象,身分證／統一編號,收入金額,支出金額,捐贈方式,存入專戶日期,返還/繳庫,支出用途,金錢類,地址,聯絡電話,應揭露之支出對象,支出對象之內部人員姓名,支出對象之內部人員職稱,政黨之內部人員姓名,政黨之內部人員職稱,關係,更正註記,資料更正日期
1,廖志峯,111年臺南市議員選舉,首次申報,1110701,個人捐贈收入,林聰翰,,22500.00,0.00,,,,,非金錢,,0915*****,,,,,,,,
2,廖志峯,111年臺南市議員選舉,首次申報,1110825,個人捐贈收入,李嘉峻,,10000.00,0.00,匯款,1110825,,,金錢,新竹縣竹北市****,,,,,,,,,
3,廖志峯,111年臺南市議員選舉,首次申報,1110908,個人捐贈收入,黃雅玲,,5000.00,0.00,匯款,1110908,,,金錢,,0928*****,,,,,,,,
4,廖志峯,111年臺南市議員選舉,首次申報,1110908,個人捐贈收入,張瓅云,,10000.00,0.00,匯款,1110908,,,金錢,,(06)*****,,,,,,,,
5,廖志峯,111年臺南市議員選舉,首次申報,1110908,匿名捐贈,匿名,,10000.00,0.00,匯款,1110908,,,金錢,,,,,,,,,,
6,廖志峯,111年臺南市議員選舉,首次申報,1110910,個人捐贈收入,李嘉峻,P12*******,10000.00,0.00,匯款,1110910,,,金錢,新竹縣竹北市****,0986*****,,,,,,,,
7,廖志峯,111年臺南市議員選舉,首次申報,1110911,個人捐贈收入,李嘉峻,P12*******,10000.00,0.00,匯款,1110911,,,金錢,新竹縣竹北市****,0986*****,,,,,,,,
8,廖志峯,111年臺南市議員選舉,首次申報,1110912,匿名捐贈,匿名,,10000.00,0.00,匯款,1110912,,,金錢,,,,,,,,,,
9,廖志峯,111年臺南市議員選舉,首次申報,1110912,匿名捐贈,匿名,,1600.00,0.00,匯款,1110912,,,金錢,,,,,,,,,,
10,廖志峯,111年臺南市議員選舉,首次申報,1110913,個人捐贈收入,蘇天恩,,5000.00,0.00,匯款,1110913,,,金錢,,0929*****,,,,,,,,
11,廖志峯,111年臺南市議員選舉,首次申報,1110913,匿名捐贈,匿名,,10000.00,0.00,匯款,1110913,,,金錢,,,,,,,,,,
12,廖志峯,111年臺南市議員選舉,首次申報,1110913,個人捐贈收入,李嘉峻,P12*******,70000.00,0.00,匯款,1110913,,,金錢,新竹縣竹北市****,0986*****,,,,,,,,
13,廖志峯,111年臺南市議員選舉,首次申報,1110913,個人捐贈收入,李嘉峻,P12*******,30000.00,0.00,匯款,1110913,已返還,,金錢,新竹縣竹北市****,0986*****,,,,,,,,
14,廖志峯,111年臺南市議員選舉,首次申報,1110915,個人捐贈收入,陳瑞鐘,,10000.00,0.00,匯款,1110915,,,金錢,臺南市新營區****,,,,,,,,,
15,廖志峯,111年臺南市議員選舉,首次申報,1110915,個人捐贈收入,黃璟雯,,2800.00,0.00,,,,,非金錢,,0933*****,,,,,,,,
16,廖志峯,111年臺南市議員選舉,首次申報,1110915,個人捐贈收入,陳智祥,E10*******,10000.00,0.00,匯款,1110915,,,金錢,嘉義縣水上鄉****,0952*****,,,,,,,,
17,廖志峯,111年臺南市議員選舉,首次申報,1110915,個人捐贈收入,連俊明,Q12*******,3000.00,0.00,匯款,1110915,,,金錢,嘉義縣水上鄉****,0932*****,,,,,,,,
18,廖志峯,111年臺南市議員選舉,首次申報,1110916,個人捐贈收入,鄭佳昉,,2500.00,0.00,,,,,非金錢,,0966*****,,,,,,,,
19,廖志峯,111年臺南市議員選舉,首次申報,1110916,個人捐贈收入,林建農,,2500.00,0.00,,,,,非金錢,,0935*****,,,,,,,,
20,廖志峯,111年臺南市議員選舉,首次申報,1110917,個人捐贈收入,張瓅云,,2000.00,0.00,,,,,非金錢,,(06)*****,,,,,,,,
21,廖志峯,111年臺南市議員選舉,首次申報,1110917,個人捐贈收入,蘇湘惠,,8888.00,0.00,匯款,1110917,,,金錢,,0935*****,,,,,,,,
22,廖志峯,111年臺南市議員選舉,首次申報,1110919,個人捐贈收入,張水能,Q12*******,6000.00,0.00,匯款,1110919,,,金錢,臺南市新營區****,0932*****,,,,,,,,
23,廖志峯,111年臺南市議員選舉,首次申報,1110920,匿名捐贈,匿名,,2000.00,0.00,匯款,1110920,,,金錢,,,,,,,,,,
24,廖志峯,111年臺南市議員選舉,首次申報,1110923,個人捐贈收入,陳新見,,10000.00,0.00,匯款,1110923,,,金錢,,0912*****,,,,,,,,
25,廖志峯,111年臺南市議員選舉,首次申報,1110928,個人捐贈收入,王葉美華,,10000.00,0.00,匯款,1110928,,,金錢,,0928*****,,,,,,,,
26,廖志峯,111年臺南市議員選舉,首次申報,1110930,個人捐贈收入,鄭乃榮,,30000.00,0.00,匯款,1110930,,,金錢,,0973*****,,,,,,,,
27,廖志峯,111年臺南市議員選舉,首次申報,1111004,個人捐贈收入,鄭博霖,,10000.00,0.00,匯款,1111004,,,金錢,,0920*****,,,,,,,,
28,廖志峯,111年臺南市議員選舉,首次申報,1111013,個人捐贈收入,廖珮雯,R22*******,65000.00,0.00,匯款,1111013,,,金錢,新竹縣竹北市****,0986*****,,,,,,,,
29,廖志峯,111年臺南市議員選舉,首次申報,1111021,個人捐贈收入,許燕飛,,6000.00,0.00,匯款,1111021,,,金錢,,0911*****,,,,,,,,
30,廖志峯,111年臺南市議員選舉,首次申報,1111021,個人捐贈收入,向龍章,R10*******,35000.00,0.00,,,,,非金錢,臺南市新營區****,,,,,,,,,
31,廖志峯,111年臺南市議員選舉,首次申報,1111024,個人捐贈收入,林振行,,3000.00,0.00,匯款,1111024,,,金錢,,0980*****,,,,,,,,
32,廖志峯,111年臺南市議員選舉,首次申報,1111101,個人捐贈收入,廖珮雯,R22*******,35000.00,0.00,,,,,非金錢,新竹縣竹北市****,0986*****,,,,,,,,
33,廖志峯,111年臺南市議員選舉,首次申報,1111107,個人捐贈收入,余勢雄,,10000.00,0.00,匯款,1111107,,,金錢,,0913*****,,,,,,,,
34,廖志峯,111年臺南市議員選舉,首次申報,1111113,匿名捐贈,匿名,,3000.00,0.00,匯款,1111113,,,金錢,,,,,,,,,,
35,廖志峯,111年臺南市議員選舉,首次申報,1111114,個人捐贈收入,呂幸玲,,8888.00,0.00,匯款,1111114,,,金錢,,0920*****,,,,,,,,
36,廖志峯,111年臺南市議員選舉,首次申報,1111115,個人捐贈收入,林錦花,,9000.00,0.00,匯款,1111115,,,金錢,,0930*****,,,,,,,,
37,廖志峯,111年臺南市議員選舉,首次申報,1111116,個人捐贈收入,張家福,,3000.00,0.00,匯款,1111116,,,金錢,,0973*****,,,,,,,,
38,廖志峯,111年臺南市議員選舉,首次申報,1111118,個人捐贈收入,林龍財,,2000.00,0.00,匯款,1111118,,,金錢,,0936*****,,,,,,,,
39,廖志峯,111年臺南市議員選舉,首次申報,1111221,其他收入,利息收入,,65.00,0.00,匯款,1111221,,,金錢,,,,,,,,,,
