﻿序號,擬參選人／政黨,選舉名稱,申報序號／年度,交易日期,收支科目,捐贈者／支出對象,身分證／統一編號,收入金額,支出金額,捐贈方式,存入專戶日期,返還/繳庫,支出用途,金錢類,地址,聯絡電話,應揭露之支出對象,支出對象之內部人員姓名,支出對象之內部人員職稱,政黨之內部人員姓名,政黨之內部人員職稱,關係,更正註記,資料更正日期
1,張銓聖,111年高雄市前鎮區竹南里里長選舉,首次申報,1111010,個人捐贈收入,薛信治,,10000.00,0.00,現金,1111010,,,金錢,高雄市鳳山區****,,,,,,,,,
2,張銓聖,111年高雄市前鎮區竹南里里長選舉,首次申報,1111017,個人捐贈收入,潘宏川,F12*******,20000.00,0.00,匯款,1111017,,,金錢,臺中市西屯區****,0920*****,,,,,,,,
3,張銓聖,111年高雄市前鎮區竹南里里長選舉,首次申報,1111019,個人捐贈收入,吳金繕,,6600.00,0.00,匯款,1111019,,,金錢,高雄市前鎮區****,0918*****,,,,,,,,
4,張銓聖,111年高雄市前鎮區竹南里里長選舉,首次申報,1111019,個人捐贈收入,郭鎮豪,,6666.00,0.00,匯款,1111019,,,金錢,高雄市左營區****,0985*****,,,,,,,,
5,張銓聖,111年高雄市前鎮區竹南里里長選舉,首次申報,1111021,個人捐贈收入,林弘益,,20000.00,0.00,匯款,1111021,,,金錢,高雄市三民區****,0917*****,,,,,,,,
6,張銓聖,111年高雄市前鎮區竹南里里長選舉,首次申報,1111027,個人捐贈收入,高嘉鈴,A22*******,100000.00,0.00,現金,1111027,,,金錢,新北市板橋區****,0903*****,,,,,,,,
7,張銓聖,111年高雄市前鎮區竹南里里長選舉,首次申報,1111027,個人捐贈收入,劉興棋,H12*******,100000.00,0.00,現金,1111027,,,金錢,桃園市楊梅區****,0968*****,,,,,,,,
8,張銓聖,111年高雄市前鎮區竹南里里長選舉,首次申報,1111027,個人捐贈收入,鄭雅瑄,H22*******,100000.00,0.00,現金,1111027,,,金錢,桃園市楊梅區****,0955*****,,,,,,,,
9,張銓聖,111年高雄市前鎮區竹南里里長選舉,首次申報,1111027,個人捐贈收入,張慶智,P12*******,100000.00,0.00,現金,1111027,,,金錢,新北市樹林區****,0912*****,,,,,,,,
10,張銓聖,111年高雄市前鎮區竹南里里長選舉,首次申報,1111027,個人捐贈收入,吳語彤,P22*******,100000.00,0.00,現金,1111027,,,金錢,新北市樹林區****,0938*****,,,,,,,,
11,張銓聖,111年高雄市前鎮區竹南里里長選舉,首次申報,1111111,個人捐贈收入,王宏欽,,5000.00,0.00,現金,1111111,,,金錢,高雄市三民區****,0971*****,,,,,,,,
12,張銓聖,111年高雄市前鎮區竹南里里長選舉,首次申報,1111123,個人捐贈收入,郭力禎,A22*******,100000.00,0.00,現金,1111124,,,金錢,新北市板橋區****,0903*****,,,,,,,,
13,張銓聖,111年高雄市前鎮區竹南里里長選舉,首次申報,1111123,個人捐贈收入,華玉青,A22*******,100000.00,0.00,現金,1111124,,,金錢,新北市板橋區****,,,,,,,,,
14,張銓聖,111年高雄市前鎮區竹南里里長選舉,首次申報,1111123,個人捐贈收入,黃秋法,F12*******,100000.00,0.00,現金,1111124,,,金錢,新北市板橋區****,,,,,,,,,
