﻿序號,擬參選人／政黨,選舉名稱,申報序號／年度,交易日期,收支科目,捐贈者／支出對象,身分證／統一編號,收入金額,支出金額,支出用途,金錢類,地址,聯絡電話,資料更正日期
1,蘇志強,107年直轄市議員選舉,首次申報,1070820,個人捐贈收入,馮月嚴,F20*******,40000.00,0.00,,金錢,新北市三峽區****,,
2,蘇志強,107年直轄市議員選舉,首次申報,1070820,個人捐贈收入,許善美,F22*******,40000.00,0.00,,金錢,新北市新莊區****,,
3,蘇志強,107年直轄市議員選舉,首次申報,1070820,個人捐贈收入,江貴芳,F22*******,40000.00,0.00,,金錢,新北市新庄區****,,
4,蘇志強,107年直轄市議員選舉,首次申報,1070820,個人捐贈收入,翁淑蓉,F22*******,40000.00,0.00,,金錢,新北市樹林區****,,
5,蘇志強,107年直轄市議員選舉,首次申報,1070820,個人捐贈收入,賴秋文,F22*******,19000.00,0.00,,金錢,新北市泰山區****,,
6,蘇志強,107年直轄市議員選舉,首次申報,1070820,個人捐贈收入,賴秋文,F22*******,21000.00,0.00,,金錢,新北市泰山區****,,
7,蘇志強,107年直轄市議員選舉,首次申報,1070820,個人捐贈收入,黃郁恩,G22*******,40000.00,0.00,,金錢,新北市新莊區****,,
8,蘇志強,107年直轄市議員選舉,首次申報,1070820,個人捐贈收入,溫龍泉,H10*******,6000.00,0.00,,金錢,桃園市平鎮區****,,
9,蘇志強,107年直轄市議員選舉,首次申報,1070820,個人捐贈收入,李金鳳,K22*******,40000.00,0.00,,金錢,新北市板橋區****,,
10,蘇志強,107年直轄市議員選舉,首次申報,1070820,個人捐贈收入,蔡正上,P12*******,38000.00,0.00,,金錢,新北市樹林區****,,
11,蘇志強,107年直轄市議員選舉,首次申報,1070820,個人捐贈收入,蔡正上,P12*******,2000.00,0.00,,金錢,新北市樹林區****,,
12,蘇志強,107年直轄市議員選舉,首次申報,1070820,個人捐贈收入,盧榮俊,Q12*******,40000.00,0.00,,金錢,新北市土城區****,,
13,蘇志強,107年直轄市議員選舉,首次申報,1070820,個人捐贈收入,楊儀春,V10*******,40000.00,0.00,,金錢,新北市新莊區****,,
14,蘇志強,107年直轄市議員選舉,首次申報,1071025,營利事業捐贈收入,佰歲興業股份有限公司,80682560,50000.00,0.00,,金錢,桃園市新屋區****,,
15,蘇志強,107年直轄市議員選舉,首次申報,1071102,營利事業捐贈收入,巴斯威爾股份有限公司,80290332,100000.00,0.00,,金錢,桃園市蘆竹區****,,
16,蘇志強,107年直轄市議員選舉,首次申報,1071107,營利事業捐贈收入,嵩益股份有限公司,22876080,50000.00,0.00,,金錢,新竹縣橫山鄉****,,
17,蘇志強,107年直轄市議員選舉,首次申報,1071111,人民團體捐贈收入,桃園市集心關懷救助協會,,2000.00,0.00,,金錢,桃園市中壢區****,,
