﻿序號,擬參選人／政黨,選舉名稱,申報序號／年度,交易日期,收支科目,捐贈者／支出對象,身分證／統一編號,收入金額,支出金額,捐贈方式,存入專戶日期,返還/繳庫,支出用途,金錢類,地址,聯絡電話,應揭露之支出對象,支出對象之內部人員姓名,支出對象之內部人員職稱,政黨之內部人員姓名,政黨之內部人員職稱,關係,更正註記,資料更正日期
1,湛秀英,113年立法委員選舉,首次申報,1120918,匿名捐贈,匿名,,10.00,0.00,匯款,1120918,,,金錢,,,,,,,,,,
2,湛秀英,113年立法委員選舉,首次申報,1120921,匿名捐贈,匿名,,10000.00,0.00,匯款,1120921,,,金錢,,,,,,,,,,
3,湛秀英,113年立法委員選舉,首次申報,1121027,個人捐贈收入,吳秀珠,,20000.00,0.00,匯款,1121027,,,金錢,高雄市楠梓區****,0920*****,,,,,,,,
4,湛秀英,113年立法委員選舉,首次申報,1121027,個人捐贈收入,許惠美,,10000.00,0.00,現金,1121027,,,金錢,,0929*****,,,,,,,,
5,湛秀英,113年立法委員選舉,首次申報,1121106,個人捐贈收入,楊琴,,20000.00,0.00,現金,1121106,,,金錢,高雄市鳳山區****,,,,,,,,,
6,湛秀英,113年立法委員選舉,首次申報,1121106,匿名捐贈,匿名,,10000.00,0.00,現金,1121106,,,金錢,,,,,,,,,,
7,湛秀英,113年立法委員選舉,首次申報,1121107,匿名捐贈,匿名,,5000.00,0.00,現金,1121107,,,金錢,,,,,,,,,,
8,湛秀英,113年立法委員選舉,首次申報,1121108,匿名捐贈,匿名,,3000.00,0.00,匯款,1121108,,,金錢,,,,,,,,,,
9,湛秀英,113年立法委員選舉,首次申報,1121117,個人捐贈收入,陳詠瑮(安德聯合會計師事務所),,10000.00,0.00,現金,1121117,,,金錢,高雄市新興區****,,,,,,,,,
10,湛秀英,113年立法委員選舉,首次申報,1121128,匿名捐贈,匿名,,3000.00,0.00,現金,1121128,,,金錢,,,,,,,,,,
11,湛秀英,113年立法委員選舉,首次申報,1121128,匿名捐贈,匿名,,10000.00,0.00,現金,1121128,,,金錢,,,,,,,,,,
12,湛秀英,113年立法委員選舉,首次申報,1121128,個人捐贈收入,兀文瑋,E22*******,100000.00,0.00,現金,1121128,,,金錢,高雄市三民區****,0921*****,,,,,,,,
13,湛秀英,113年立法委員選舉,首次申報,1121209,匿名捐贈,匿名,,2000.00,0.00,現金,1121213,,,金錢,,,,,,,,,,
14,湛秀英,113年立法委員選舉,首次申報,1121209,匿名捐贈,匿名,,2000.00,0.00,現金,1121213,,,金錢,,,,,,,,,,
15,湛秀英,113年立法委員選舉,首次申報,1121209,匿名捐贈,匿名,,3000.00,0.00,現金,1121213,,,金錢,,,,,,,,,,
16,湛秀英,113年立法委員選舉,首次申報,1121209,匿名捐贈,匿名,,6000.00,0.00,現金,1121213,,,金錢,,,,,,,,,,
17,湛秀英,113年立法委員選舉,首次申報,1121209,匿名捐贈,匿名,,2000.00,0.00,現金,1121213,,,金錢,,,,,,,,,,
18,湛秀英,113年立法委員選舉,首次申報,1121209,匿名捐贈,匿名,,5000.00,0.00,現金,1121213,,,金錢,,,,,,,,,,
19,湛秀英,113年立法委員選舉,首次申報,1121209,匿名捐贈,匿名,,10000.00,0.00,現金,1121213,,,金錢,,,,,,,,,,
20,湛秀英,113年立法委員選舉,首次申報,1121209,匿名捐贈,匿名,,5000.00,0.00,現金,1121213,,,金錢,,,,,,,,,,
21,湛秀英,113年立法委員選舉,首次申報,1121209,匿名捐贈,匿名,,6000.00,0.00,現金,1121213,,,金錢,,,,,,,,,,
22,湛秀英,113年立法委員選舉,首次申報,1121209,匿名捐贈,匿名,,3000.00,0.00,現金,1121213,,,金錢,,,,,,,,,,
23,湛秀英,113年立法委員選舉,首次申報,1121209,匿名捐贈,匿名,,1000.00,0.00,現金,1121213,,,金錢,,,,,,,,,,
24,湛秀英,113年立法委員選舉,首次申報,1121209,個人捐贈收入,羅美文,,12000.00,0.00,現金,1121215,,,金錢,新竹縣湖口鄉****,,,,,,,,,
25,湛秀英,113年立法委員選舉,首次申報,1121209,個人捐贈收入,王玉華,E29*******,10300.00,0.00,現金,1121213,,,金錢,高雄市三民區****,,,,,,,,,
26,湛秀英,113年立法委員選舉,首次申報,1121210,個人捐贈收入,丁立元,,2000.00,0.00,現金,1121215,,,金錢,,07-7*****,,,,,,,,
27,湛秀英,113年立法委員選舉,首次申報,1121211,匿名捐贈,匿名,,2000.00,0.00,現金,1121211,,,金錢,,,,,,,,,,
28,湛秀英,113年立法委員選舉,首次申報,1121211,個人捐贈收入,江抗莉,,6000.00,0.00,現金,1121213,,,金錢,,07-7*****,,,,,,,,
29,湛秀英,113年立法委員選舉,首次申報,1121213,個人捐贈收入,謝南陽,,6000.00,0.00,現金,1121213,,,金錢,,0928*****,,,,,,,,
30,湛秀英,113年立法委員選舉,首次申報,1121219,匿名捐贈,匿名,,750.00,0.00,匯款,1121219,,,金錢,,,,,,,,,,
31,湛秀英,113年立法委員選舉,首次申報,1121221,其他收入,利息收入,,116.00,0.00,現金,1121221,,,金錢,,,,,,,,,,
32,湛秀英,113年立法委員選舉,首次申報,1121222,匿名捐贈,匿名,,500.00,0.00,現金,1130103,,,金錢,,,,,,,,,,
33,湛秀英,113年立法委員選舉,首次申報,1121222,個人捐贈收入,李玉紅,,10000.00,0.00,現金,1130103,,,金錢,,0916*****,,,,,,,,
34,湛秀英,113年立法委員選舉,首次申報,1121222,個人捐贈收入,李彥霖,,5000.00,0.00,現金,1130103,,,金錢,,0916*****,,,,,,,,
35,湛秀英,113年立法委員選舉,首次申報,1121223,個人捐贈收入,李美真,,5000.00,0.00,現金,1130103,,,金錢,,0928*****,,,,,,,,
36,湛秀英,113年立法委員選舉,首次申報,1121225,個人捐贈收入,孟平,,2000.00,0.00,現金,1130103,,,金錢,,07-7*****,,,,,,,,
37,湛秀英,113年立法委員選舉,首次申報,1121225,個人捐贈收入,馮莉蓁,,10000.00,0.00,現金,1130103,,,金錢,,07-7*****,,,,,,,,
38,湛秀英,113年立法委員選舉,首次申報,1121225,個人捐贈收入,顏坤泉,,6600.00,0.00,現金,1130103,,,金錢,,07-7*****,,,,,,,,
39,湛秀英,113年立法委員選舉,首次申報,1121226,匿名捐贈,匿名,,100.00,0.00,匯款,1121226,,,金錢,,,,,,,,,,
40,湛秀英,113年立法委員選舉,首次申報,1130103,個人捐贈收入,唐毓聰,,10000.00,0.00,現金,1130103,,,金錢,,0982*****,,,,,,,,
41,湛秀英,113年立法委員選舉,首次申報,1130103,個人捐贈收入,王振裕,,1000.00,0.00,現金,1130103,,,金錢,,07-7*****,,,,,,,,
42,湛秀英,113年立法委員選舉,首次申報,1130109,個人捐贈收入,董貴富,,20000.00,0.00,現金,1130109,,,金錢,高雄市前鎮區****,,,,,,,,,
