﻿序號,擬參選人／政黨,選舉名稱,申報序號／年度,交易日期,收支科目,捐贈者／支出對象,身分證／統一編號,收入金額,支出金額,捐贈方式,存入專戶日期,返還/繳庫,支出用途,金錢類,地址,聯絡電話,應揭露之支出對象,支出對象之內部人員姓名,支出對象之內部人員職稱,政黨之內部人員姓名,政黨之內部人員職稱,關係,更正註記,資料更正日期
1,陳瑛,第3屆桃園市復興區區長補選,首次申報,1121004,個人捐贈收入,呂淑貞,H20*******,20000.00,0.00,現金,,,,金錢,,0932*****,,,,,,,,
2,陳瑛,第3屆桃園市復興區區長補選,首次申報,1121009,個人捐贈收入,林庭安,,6000.00,0.00,現金,,,,金錢,新北市板橋區****,0932*****,,,,,,,,
3,陳瑛,第3屆桃園市復興區區長補選,首次申報,1121009,營利事業捐贈收入,菩提山事業有限公司,13070507,10000.00,0.00,現金,,,,金錢,桃園市大溪區****,,,,,,,,,
4,陳瑛,第3屆桃園市復興區區長補選,首次申報,1121009,個人捐贈收入,孔文吉,B12*******,20000.00,0.00,現金,,,,金錢,臺北市中正區****,02-2*****,,,,,,,,
5,陳瑛,第3屆桃園市復興區區長補選,首次申報,1121009,個人捐贈收入,林祺洪,F12*******,5000.00,0.00,現金,,,,金錢,,0932*****,,,,,,,,
6,陳瑛,第3屆桃園市復興區區長補選,首次申報,1121016,個人捐贈收入,陳明君,K12*******,100000.00,0.00,現金,,,,金錢,桃園市桃園區****,0916*****,,,,,,,,
7,陳瑛,第3屆桃園市復興區區長補選,首次申報,1121017,個人捐贈收入,游立凱,H12*******,20000.00,0.00,現金,1121017,,,金錢,桃園市八德區****,,,,,,,,,
8,陳瑛,第3屆桃園市復興區區長補選,首次申報,1121019,政黨捐贈收入,中國國民黨,政黨證字第1號,200000.00,0.00,匯款,1121019,,,金錢,台北市中山區****,(02)*****,,,,,,,,
9,陳瑛,第3屆桃園市復興區區長補選,首次申報,1121020,個人捐贈收入,吳宗憲,H12*******,20000.00,0.00,現金,,,,金錢,桃園市觀音區****,03-4*****,,,,,,,,
