﻿序號,擬參選人／政黨,選舉名稱,申報序號／年度,交易日期,收支科目,捐贈者／支出對象,身分證／統一編號,收入金額,支出金額,支出用途,金錢類,地址,聯絡電話,資料更正日期
1,李佳玲,109年立法委員選舉,首次申報,1081004,個人捐贈收入,李光良,,3000.00,0.00,,金錢,高雄市苓雅區****,,
2,李佳玲,109年立法委員選舉,首次申報,1081004,個人捐贈收入,謝奇翰,R12*******,3600.00,0.00,,金錢,臺南市佳里區****,,
3,李佳玲,109年立法委員選舉,首次申報,1081005,匿名捐贈,匿名,,2000.00,0.00,,金錢,,,
4,李佳玲,109年立法委員選舉,首次申報,1081005,匿名捐贈,匿名,,1000.00,0.00,,金錢,,,
5,李佳玲,109年立法委員選舉,首次申報,1081005,匿名捐贈,匿名,,3000.00,0.00,,金錢,,,
6,李佳玲,109年立法委員選舉,首次申報,1081005,匿名捐贈,匿名,,1.00,0.00,,金錢,,,
7,李佳玲,109年立法委員選舉,首次申報,1081005,個人捐贈收入,郭增壽,T10*******,2000.00,0.00,,金錢,屏東縣屏東市****,,
8,李佳玲,109年立法委員選舉,首次申報,1081006,匿名捐贈,匿名,,1000.00,0.00,,金錢,,,
9,李佳玲,109年立法委員選舉,首次申報,1081008,匿名捐贈,匿名,,2000.00,0.00,,金錢,,,
10,李佳玲,109年立法委員選舉,首次申報,1081008,匿名捐贈,匿名,,5000.00,0.00,,金錢,,,
11,李佳玲,109年立法委員選舉,首次申報,1081009,匿名捐贈,匿名,,1000.00,0.00,,金錢,,,
12,李佳玲,109年立法委員選舉,首次申報,1081009,匿名捐贈,匿名,,3000.00,0.00,,金錢,,,
13,李佳玲,109年立法委員選舉,首次申報,1081009,匿名捐贈,匿名,,5000.00,0.00,,金錢,,,
14,李佳玲,109年立法委員選舉,首次申報,1081009,個人捐贈收入,李逸明,A12*******,1000.00,0.00,,金錢,桃園市中壢區****,,
15,李佳玲,109年立法委員選舉,首次申報,1081010,匿名捐贈,匿名,,3000.00,0.00,,金錢,,,
16,李佳玲,109年立法委員選舉,首次申報,1081011,匿名捐贈,匿名,,1000.00,0.00,,金錢,,,
17,李佳玲,109年立法委員選舉,首次申報,1081011,個人捐贈收入,洪宗勝,A12*******,20000.00,0.00,,金錢,臺北市信義區****,,
18,李佳玲,109年立法委員選舉,首次申報,1081011,個人捐贈收入,王國禎,N12*******,5000.00,0.00,,金錢,彰化縣鹿港鎮****,,
19,李佳玲,109年立法委員選舉,首次申報,1081011,個人捐贈收入,黃瀚樟,T12*******,3000.00,0.00,,金錢,屏東縣潮州鎮****,,
20,李佳玲,109年立法委員選舉,首次申報,1081013,個人捐贈收入,許贊輝,D12*******,3000.00,0.00,,金錢,屏東縣屏東市****,,
21,李佳玲,109年立法委員選舉,首次申報,1081013,個人捐贈收入,楊素慧,F22*******,3000.00,0.00,,金錢,新北市三重區****,,
22,李佳玲,109年立法委員選舉,首次申報,1081014,個人捐贈收入,林國華,F20*******,300.00,0.00,,金錢,臺北市林森南****,,
23,李佳玲,109年立法委員選舉,首次申報,1081015,匿名捐贈,匿名,,2000.00,0.00,,金錢,,,
24,李佳玲,109年立法委員選舉,首次申報,1081015,匿名捐贈,匿名,,2000.00,0.00,,金錢,,,
25,李佳玲,109年立法委員選舉,首次申報,1081016,匿名捐贈,匿名,,5000.00,0.00,,金錢,,,
26,李佳玲,109年立法委員選舉,首次申報,1081017,個人捐贈收入,林豐盛,N12*******,3000.00,0.00,,金錢,新北市蘆洲區****,,
27,李佳玲,109年立法委員選舉,首次申報,1081018,個人捐贈收入,楊奉霖,S12*******,3000.00,0.00,,金錢,新北市中和區****,,
28,李佳玲,109年立法委員選舉,首次申報,1081023,匿名捐贈,匿名,,1000.00,0.00,,金錢,,,
29,李佳玲,109年立法委員選舉,首次申報,1081024,個人捐贈收入,林志威,F12*******,5000.00,0.00,,金錢,臺北市內湖區****,,
30,李佳玲,109年立法委員選舉,首次申報,1081025,匿名捐贈,匿名,,1000.00,0.00,,金錢,,,
31,李佳玲,109年立法委員選舉,首次申報,1081025,匿名捐贈,匿名,,2085.00,0.00,,金錢,,,
32,李佳玲,109年立法委員選舉,首次申報,1081025,個人捐贈收入,李光良,A12*******,900.00,0.00,,金錢,新北市淡水區****,,
33,李佳玲,109年立法委員選舉,首次申報,1081025,個人捐贈收入,張幸媚,B22*******,3000.00,0.00,,金錢,臺中市北屯區****,,
34,李佳玲,109年立法委員選舉,首次申報,1081028,個人捐贈收入,林建祿,T12*******,1000.00,0.00,,金錢,屏東縣屏東市****,,
35,李佳玲,109年立法委員選舉,首次申報,1081029,匿名捐贈,匿名,,5000.00,0.00,,金錢,,,
36,李佳玲,109年立法委員選舉,首次申報,1081029,個人捐贈收入,劉昀庭,A22*******,3000.00,0.00,,金錢,新北市中和區****,,
37,李佳玲,109年立法委員選舉,首次申報,1081029,個人捐贈收入,陳志雄,D12*******,1001.00,0.00,,金錢,臺南市北區北****,,
38,李佳玲,109年立法委員選舉,首次申報,1081029,個人捐贈收入,鍾啟文,T12*******,500.00,0.00,,金錢,花蓮縣國強里****,,
39,李佳玲,109年立法委員選舉,首次申報,1081030,個人捐贈收入,楊淑君,,2100.00,0.00,,非金錢,高雄市鼓山區****,,
40,李佳玲,109年立法委員選舉,首次申報,1081104,個人捐贈收入,許正遠,E12*******,2000.00,0.00,,金錢,高雄市左營區****,,
41,李佳玲,109年立法委員選舉,首次申報,1081105,匿名捐贈,匿名,,1960.00,0.00,,金錢,,,
42,李佳玲,109年立法委員選舉,首次申報,1081105,匿名捐贈,匿名,,980.00,0.00,,金錢,,,
43,李佳玲,109年立法委員選舉,首次申報,1081105,匿名捐贈,匿名,,490.00,0.00,,金錢,,,
44,李佳玲,109年立法委員選舉,首次申報,1081105,匿名捐贈,匿名,,1960.00,0.00,,金錢,,,
45,李佳玲,109年立法委員選舉,首次申報,1081105,匿名捐贈,匿名,,1960.00,0.00,,金錢,,,
46,李佳玲,109年立法委員選舉,首次申報,1081105,匿名捐贈,匿名,,490.00,0.00,,金錢,,,
47,李佳玲,109年立法委員選舉,首次申報,1081105,匿名捐贈,匿名,,980.00,0.00,,金錢,,,
48,李佳玲,109年立法委員選舉,首次申報,1081105,匿名捐贈,匿名,,2940.00,0.00,,金錢,,,
49,李佳玲,109年立法委員選舉,首次申報,1081105,匿名捐贈,匿名,,2940.00,0.00,,金錢,,,
50,李佳玲,109年立法委員選舉,首次申報,1081105,匿名捐贈,匿名,,95.00,0.00,,金錢,,,
51,李佳玲,109年立法委員選舉,首次申報,1081105,匿名捐贈,匿名,,980.00,0.00,,金錢,,,
52,李佳玲,109年立法委員選舉,首次申報,1081105,匿名捐贈,匿名,,1960.00,0.00,,金錢,,,
53,李佳玲,109年立法委員選舉,首次申報,1081105,匿名捐贈,匿名,,1960.00,0.00,,金錢,,,
54,李佳玲,109年立法委員選舉,首次申報,1081105,匿名捐贈,匿名,,490.00,0.00,,金錢,,,
55,李佳玲,109年立法委員選舉,首次申報,1081105,匿名捐贈,匿名,,980.00,0.00,,金錢,,,
56,李佳玲,109年立法委員選舉,首次申報,1081105,匿名捐贈,匿名,,2940.00,0.00,,金錢,,,
57,李佳玲,109年立法委員選舉,首次申報,1081105,匿名捐贈,匿名,,980.00,0.00,,金錢,,,
58,李佳玲,109年立法委員選舉,首次申報,1081105,匿名捐贈,匿名,,1960.00,0.00,,金錢,,,
59,李佳玲,109年立法委員選舉,首次申報,1081105,匿名捐贈,匿名,,980.00,0.00,,金錢,,,
60,李佳玲,109年立法委員選舉,首次申報,1081105,匿名捐贈,匿名,,195.00,0.00,,金錢,,,
61,李佳玲,109年立法委員選舉,首次申報,1081105,匿名捐贈,匿名,,3920.00,0.00,,金錢,,,
62,李佳玲,109年立法委員選舉,首次申報,1081105,個人捐贈收入,趙家慶,R12*******,1600.00,0.00,,金錢,臺北市內湖區****,,
63,李佳玲,109年立法委員選舉,首次申報,1081106,個人捐贈收入,王世平,E12*******,50000.00,0.00,,金錢,高雄市三民區****,,
64,李佳玲,109年立法委員選舉,首次申報,1081108,個人捐贈收入,林弘文,L10*******,6000.00,0.00,,金錢,臺北市士林區****,,
65,李佳玲,109年立法委員選舉,首次申報,1081108,政黨捐贈收入,台灣民眾黨,政黨證字第350號,500000.00,0.00,,金錢,臺北市大安區****,(02)*****,
66,李佳玲,109年立法委員選舉,首次申報,1081111,匿名捐贈,匿名,,1450.00,0.00,,金錢,,,
67,李佳玲,109年立法委員選舉,首次申報,1081111,個人捐贈收入,洪宗勝,A12*******,20000.00,0.00,,金錢,臺北市信義區****,,
68,李佳玲,109年立法委員選舉,首次申報,1081111,個人捐贈收入,陳志雄,D12*******,4410.00,0.00,,金錢,臺南市北區北****,,
69,李佳玲,109年立法委員選舉,首次申報,1081111,個人捐贈收入,詹喬茵,S22*******,9900.00,0.00,,金錢,高雄市仁武區****,,
70,李佳玲,109年立法委員選舉,首次申報,1081116,匿名捐贈,匿名,,3000.00,0.00,,金錢,,,
71,李佳玲,109年立法委員選舉,首次申報,1081119,個人捐贈收入,邱瓊慧,A22*******,600.00,0.00,,金錢,臺北市內湖區****,,
72,李佳玲,109年立法委員選舉,首次申報,1081122,個人捐贈收入,邱瓊慧,A22*******,600.00,0.00,,金錢,臺北市內湖區****,,
73,李佳玲,109年立法委員選舉,首次申報,1081122,個人捐贈收入,郭宇晉,R12*******,3000.00,0.00,,金錢,高雄市大寮區****,,
74,李佳玲,109年立法委員選舉,首次申報,1081123,匿名捐贈,匿名,,3000.00,0.00,,金錢,,,
75,李佳玲,109年立法委員選舉,首次申報,1081203,個人捐贈收入,沈建國,E10*******,2000.00,0.00,,金錢,高雄市苓雅區****,,
76,李佳玲,109年立法委員選舉,首次申報,1081204,個人捐贈收入,邱瓊慧,A22*******,600.00,0.00,,金錢,臺北市內湖區****,,
77,李佳玲,109年立法委員選舉,首次申報,1081204,個人捐贈收入,白佩玉,Y22*******,100000.00,0.00,,金錢,臺北市大安區****,,
78,李佳玲,109年立法委員選舉,首次申報,1081206,匿名捐贈,郭芸溱,,3000.00,0.00,,金錢,,,
79,李佳玲,109年立法委員選舉,首次申報,1081209,個人捐贈收入,林韻濱,T12*******,50000.00,0.00,,金錢,屏東縣南州鄉****,,
80,李佳玲,109年立法委員選舉,首次申報,1081221,其他收入,利息收入,,5.00,0.00,,金錢,,,
81,李佳玲,109年立法委員選舉,首次申報,1081224,個人捐贈收入,邱瓊慧,A22*******,600.00,0.00,,金錢,臺北市內湖區****,,
82,李佳玲,109年立法委員選舉,首次申報,1081224,個人捐贈收入,許睿彬,H12*******,2000.00,0.00,,金錢,桃園市八德區****,,
83,李佳玲,109年立法委員選舉,首次申報,1081226,個人捐贈收入,洪宗勝,A12*******,20000.00,0.00,,金錢,臺北市信義區****,,
84,李佳玲,109年立法委員選舉,首次申報,1090108,個人捐贈收入,邱瓊慧,A22*******,600.00,0.00,,金錢,臺北市內湖區****,,
