﻿序號,擬參選人／政黨,選舉名稱,申報序號／年度,交易日期,收支科目,捐贈者／支出對象,身分證／統一編號,收入金額,支出金額,支出用途,金錢類,地址,聯絡電話,資料更正日期
1,陳明文,109年立法委員選舉,首次申報,1080918,雜支支出,宇翌企業有限公司,54535282,0.00,4400.00,礦泉水,金錢,嘉義縣民雄鄉****,,
2,陳明文,109年立法委員選舉,首次申報,1080920,集會支出,利源餐飲商行,25759450,0.00,750.00,文宣會議便當,金錢,嘉義市仁愛路****,,
3,陳明文,109年立法委員選舉,首次申報,1080925,集會支出,嘉宏鐵架帆布行,14752972,0.00,8500.00,/中埔和興公館產業園區說明會,金錢,嘉義縣民雄鄉****,,
4,陳明文,109年立法委員選舉,首次申報,1080926,雜支支出,高毅企業社,14521500,0.00,11580.00,腳架無線麥克風記憶卡,金錢,嘉義市中山路****,,
5,陳明文,109年立法委員選舉,首次申報,1080926,雜支支出,方政倫,A12*******,0.00,3000.00,咖啡豆半磅,金錢,嘉義縣阿里山****,,
6,陳明文,109年立法委員選舉,首次申報,1080926,人事費用支出,王和省,Q12*******,0.00,1000.00,代班司機,金錢,嘉義市融和街****,,
7,陳明文,109年立法委員選舉,首次申報,1080930,宣傳支出,貳叁點伍度工作室,09506711,0.00,210000.00,宣傳廣告影片,金錢,嘉義縣水上鄉****,,
8,陳明文,109年立法委員選舉,首次申報,1081001,集會支出,越在嘉文化棧,47924378,0.00,2800.00,越南服裝,金錢,嘉義縣民雄鄉****,,
9,陳明文,109年立法委員選舉,首次申報,1081002,宣傳支出,陽光工作室,98877519,0.00,10620.00,紅布條海報牌子等,金錢,嘉義市民生北****,,
10,陳明文,109年立法委員選舉,首次申報,1081002,人事費用支出,王和省,Q12*******,0.00,4000.00,代班司機,金錢,嘉義市融和街****,,
11,陳明文,109年立法委員選舉,首次申報,1081003,雜支支出,辰珀企業社,34979250,0.00,8000.00,影印機碳粉,金錢,嘉義市車店里****,,
12,陳明文,109年立法委員選舉,首次申報,1081005,人事費用支出,吳鈺心,Q20*******,0.00,10000.00,工作人員薪資,金錢,嘉義縣中埔鄉****,,
13,陳明文,109年立法委員選舉,首次申報,1081008,公共關係費用支出,琇麗花坊,76815770,0.00,2000.00,慶賀花籃,金錢,嘉義市文化路****,,
14,陳明文,109年立法委員選舉,首次申報,1081009,宣傳支出,正港廣播電台股份有限公司,80380489,0.00,10000.00,廣告托播(中秋教師節),金錢,嘉義市德明路****,,
15,陳明文,109年立法委員選舉,首次申報,1081009,宣傳支出,正港廣播電台股份有限公司,80380489,0.00,270000.00,/-/廣告托播,金錢,嘉義市德明路****,,
16,陳明文,109年立法委員選舉,首次申報,1081010,雜支支出,高毅企業社,14521500,0.00,3300.00,單腳架,金錢,嘉義市中山路****,,
17,陳明文,109年立法委員選舉,首次申報,1081015,交通旅運支出,順力加油站有限公司,12780136,0.00,43468.00,油資,金錢,嘉義市西區磚****,,
18,陳明文,109年立法委員選舉,首次申報,1081016,集會支出,(原)大林天橋下火雞肉飯,26406265,0.00,2400.00,會議便當,金錢,嘉義縣大林鎮****,,
19,陳明文,109年立法委員選舉,首次申報,1081017,宣傳支出,珍昌服裝實業有限公司,16972629,0.00,6930.00,競選背心白,金錢,嘉義縣太保市****,,
20,陳明文,109年立法委員選舉,首次申報,1081023,公共關係費用支出,東籬花苑,17158855,0.00,5000.00,敬悼花籃,金錢,嘉義縣水上鄉****,,
21,陳明文,109年立法委員選舉,首次申報,1081023,宣傳支出,秀林食品包裝材料行,87628009,0.00,12386.00,包裝材料,金錢,臺中市西區公****,,
22,陳明文,109年立法委員選舉,首次申報,1081027,雜支支出,大華五金鎖匙行,06291650,0.00,500.00,遙控器,金錢,嘉義縣民雄鄉****,,
23,陳明文,109年立法委員選舉,首次申報,1081027,人事費用支出,許淵欽,I10*******,0.00,1500.00,工作人員薪資,金錢,嘉義市東區興****,,
24,陳明文,109年立法委員選舉,首次申報,1081028,雜支支出,百年自助餐,99209234,0.00,800.00,便當,金錢,嘉義縣民雄鄉****,,
25,陳明文,109年立法委員選舉,首次申報,1081030,公共關係費用支出,好禮企業社,13634267,0.00,41250.00,賀匾,金錢,嘉義縣大林鎮****,,
26,陳明文,109年立法委員選舉,首次申報,1081030,公共關係費用支出,育品生物科技股份有限公司,16492070,0.00,32200.00,敬悼花籃,金錢,嘉義縣民雄鄉****,,
27,陳明文,109年立法委員選舉,首次申報,1081030,集會支出,陳聰信,Q12*******,0.00,3000.00,基層茶餅會溪口鄉,金錢,嘉義縣溪口鄉****,,
28,陳明文,109年立法委員選舉,首次申報,1081031,集會支出,金御咖哩美食店,36609388,0.00,3150.00,基層茶餅會便當,金錢,嘉義市新榮路****,,
29,陳明文,109年立法委員選舉,首次申報,1081031,集會支出,奕助有限公司,52906553,0.00,87500.00,集會用礦泉水,金錢,臺北市中山區****,,
30,陳明文,109年立法委員選舉,首次申報,1081031,雜支支出,廣誠水電工程有限公司,54530940,0.00,3150.00,電桿申請及移除,金錢,嘉義縣民雄鄉****,,
31,陳明文,109年立法委員選舉,首次申報,1081031,雜支支出,東榮精緻早餐店,81366648,0.00,1590.00,三明治，飯糰，飲料(早上站路口工作人員早餐),金錢,嘉義縣民雄鄉****,,
32,陳明文,109年立法委員選舉,首次申報,1081031,宣傳支出,秀林食品包裝材料行,87628009,0.00,6970.00,OPP自黏袋,金錢,臺中市西區公****,,
33,陳明文,109年立法委員選舉,首次申報,1081031,人事費用支出,王和省,Q12*******,0.00,8000.00,臨時人員薪資,金錢,嘉義市融和街****,,
34,陳明文,109年立法委員選舉,首次申報,1081101,宣傳支出,珍昌服裝實業有限公司,16972629,0.00,34892.00,競選背心白T恤,金錢,嘉義縣太保市****,,
35,陳明文,109年立法委員選舉,首次申報,1081102,交通旅運支出,順力加油站有限公司,12780136,0.00,45766.00,油資,金錢,嘉義市西區磚****,,
36,陳明文,109年立法委員選舉,首次申報,1081105,宣傳支出,秀林食品包裝材料行,,0.00,9316.00,OPP自黏紅包袋,金錢,臺中市西區公****,,
37,陳明文,109年立法委員選舉,首次申報,1081105,公共關係費用支出,靜舍花苑,06337207,0.00,2000.00,花柱,金錢,嘉義縣朴子市****,,
38,陳明文,109年立法委員選舉,首次申報,1081105,人事費用支出,簡文化,P10*******,0.00,40000.00,工作人員薪資,金錢,嘉義市東區仁****,,
39,陳明文,109年立法委員選舉,首次申報,1081105,人事費用支出,吳鈺心,Q20*******,0.00,10000.00,工作人員薪資,金錢,嘉義縣中埔鄉****,,
40,陳明文,109年立法委員選舉,首次申報,1081105,人事費用支出,陳俞安,Q22*******,0.00,5000.00,工作人員薪資,金錢,嘉義市東區林****,,
41,陳明文,109年立法委員選舉,首次申報,1081105,人事費用支出,林淑婷,Q22*******,0.00,5000.00,工作人員薪資,金錢,嘉義縣中埔鄉****,,
42,陳明文,109年立法委員選舉,首次申報,1081105,人事費用支出,陳竺均,Q22*******,0.00,32000.00,工作人員薪資,金錢,嘉義縣竹崎鄉****,,
43,陳明文,109年立法委員選舉,首次申報,1081106,集會支出,香貢貢飲食店,17169987,0.00,3000.00,和興村座談會便當,金錢,嘉義縣中埔鄉****,,
44,陳明文,109年立法委員選舉,首次申報,1081106,雜支支出,宇翌企業有限公司,54535282,0.00,4800.00,礦泉水,金錢,嘉義縣民雄鄉****,,
45,陳明文,109年立法委員選舉,首次申報,1081106,集會支出,福源肉粽店,62979169,0.00,3000.00,番路村座談會,金錢,嘉義縣中埔鄉****,,
46,陳明文,109年立法委員選舉,首次申報,1081106,公共關係費用支出,嘉義縣中埔鄉農會供銷部,99571620,0.00,5000.00,伴手禮盒,金錢,嘉義縣中埔鄉****,,
47,陳明文,109年立法委員選舉,首次申報,1081108,租用競選辦事處支出,晨瑋環保工程有限公司台中分公司,25109695,0.00,18900.00,流動廁所清潔維護,金錢,臺中市南區樹****,,
48,陳明文,109年立法委員選舉,首次申報,1081110,集會支出,池上小吃店,10725215,0.00,4800.00,和美村座談會便當,金錢,嘉義縣中埔鄉****,,
49,陳明文,109年立法委員選舉,首次申報,1081110,集會支出,東英美食店,29382007,0.00,6000.00,合興村第二場座談會便當,金錢,嘉義縣中埔鄉****,,
50,陳明文,109年立法委員選舉,首次申報,1081110,集會支出,東英美食店,29382007,0.00,4500.00,和美村座談會便當,金錢,嘉義縣中埔鄉****,,
51,陳明文,109年立法委員選舉,首次申報,1081110,雜支支出,大順義商行,47866102,0.00,533.00,文具用品,金錢,嘉義市東區後****,,
52,陳明文,109年立法委員選舉,首次申報,1081111,集會支出,上品包子饅頭,40821881,0.00,3600.00,地方說明會鮮肉包,金錢,嘉義縣民雄鄉****,,
53,陳明文,109年立法委員選舉,首次申報,1081111,集會支出,阿誠自助餐,66635905,0.00,3000.00,地方說明會便當,金錢,嘉義縣民雄鄉****,,
54,陳明文,109年立法委員選舉,首次申報,1081111,集會支出,百年自助餐,99209234,0.00,12500.00,地方說明會便當,金錢,嘉義縣民雄鄉****,,
55,陳明文,109年立法委員選舉,首次申報,1081111,雜支支出,百年自助餐,99209234,0.00,800.00,便當,金錢,嘉義縣民雄鄉****,,
56,陳明文,109年立法委員選舉,首次申報,1081113,雜支支出,新東榮商店,06319762,0.00,970.00,餅乾,金錢,嘉義縣民雄鄉****,,
57,陳明文,109年立法委員選舉,首次申報,1081113,雜支支出,大民雄鎖匙刻印店,17168122,0.00,420.00,配鎖,金錢,嘉義縣民雄鄉****,,
58,陳明文,109年立法委員選舉,首次申報,1081113,雜支支出,農林青果行,18288510,0.00,705.00,水果,金錢,嘉義市西區埤****,,
59,陳明文,109年立法委員選舉,首次申報,1081113,雜支支出,百年自助餐,99209234,0.00,960.00,便當,金錢,嘉義縣民雄鄉****,,
60,陳明文,109年立法委員選舉,首次申報,1081114,集會支出,鄉味餐廳,14767193,0.00,3000.00,中庄活動中心餐費,金錢,嘉義縣新港鄉****,,
61,陳明文,109年立法委員選舉,首次申報,1081114,集會支出,鄉味餐廳,14767193,0.00,3000.00,崙仔活動中心餐費,金錢,嘉義縣新港鄉****,,
62,陳明文,109年立法委員選舉,首次申報,1081114,雜支支出,高全商行,25741017,0.00,8169.00,免洗餐具塑膠袋等,金錢,嘉義縣民雄鄉****,,
63,陳明文,109年立法委員選舉,首次申報,1081114,雜支支出,榮爵簡餐,81334111,0.00,910.00,便當,金錢,嘉義縣民雄鄉****,,
64,陳明文,109年立法委員選舉,首次申報,1081114,宣傳支出,潘錦雲,Q22*******,0.00,6000.00,土地租用廣告看板,金錢,嘉義縣中埔鄉****,,
65,陳明文,109年立法委員選舉,首次申報,1081115,雜支支出,金花食品行,06233391,0.00,1260.00,糖果,金錢,嘉義市玉山二****,,
66,陳明文,109年立法委員選舉,首次申報,1081115,集會支出,鄉味餐廳,14767193,0.00,3000.00,月眉活動中心餐費,金錢,嘉義縣新港鄉****,,
67,陳明文,109年立法委員選舉,首次申報,1081115,雜支支出,農林青果行,18288510,0.00,303.00,水果,金錢,嘉義市西區埤****,,
68,陳明文,109年立法委員選舉,首次申報,1081115,雜支支出,臺灣菸酒(股)公司嘉義營業處嘉義營業所,19401687,0.00,32498.00,菸,金錢,嘉義市垂楊路****,,
69,陳明文,109年立法委員選舉,首次申報,1081115,租用競選辦事處支出,晨瑋環保工程有限公司台中分公司,25109695,0.00,10500.00,流動廁所清潔維護,金錢,臺中市南區樹****,,
70,陳明文,109年立法委員選舉,首次申報,1081115,租用競選辦事處支出,晨瑋環保工程有限公司台中分公司,25109695,0.00,18900.00,流動廁所清潔維護,金錢,臺中市南區樹****,,
71,陳明文,109年立法委員選舉,首次申報,1081115,雜支支出,黃記涼麵涼圓,47867995,0.00,740.00,餐點,金錢,嘉義市興中街****,,
72,陳明文,109年立法委員選舉,首次申報,1081115,集會支出,北興包子店,65020492,0.00,3000.00,/新港農會座談會,金錢,嘉義市北興街****,,
73,陳明文,109年立法委員選舉,首次申報,1081115,雜支支出,嵐田商行,85570804,0.00,400.00,餐點,金錢,嘉義縣民雄鄉****,,
74,陳明文,109年立法委員選舉,首次申報,1081116,雜支支出,樺慶文具圖書行,17240721,0.00,657.00,文具用品,金錢,嘉義縣民雄鄉****,,
75,陳明文,109年立法委員選舉,首次申報,1081116,雜支支出,農林青果行,18288510,0.00,4150.00,水果,金錢,嘉義市西區埤****,,
76,陳明文,109年立法委員選舉,首次申報,1081116,雜支支出,宥盛商行,34959521,0.00,540.00,拖把,金錢,嘉義縣民雄鄉****,,
77,陳明文,109年立法委員選舉,首次申報,1081116,雜支支出,宥盛商行,34959521,0.00,559.00,醫藥箱,金錢,嘉義縣民雄鄉****,,
78,陳明文,109年立法委員選舉,首次申報,1081116,雜支支出,金利興米商行,65305407,0.00,680.00,米,金錢,嘉義縣民雄鄉****,,
79,陳明文,109年立法委員選舉,首次申報,1081116,雜支支出,百年自助餐,99209234,0.00,2000.00,便當,金錢,嘉義縣民雄鄉****,,
80,陳明文,109年立法委員選舉,首次申報,1081117,集會支出,全勝造霧搭棚企業社,25489772,0.00,6000.00,圓椅出租,金錢,雲林縣北港鎮****,,
81,陳明文,109年立法委員選舉,首次申報,1081117,雜支支出,龍泉電料行,64897050,0.00,3500.00,燈管燈具,金錢,雲林縣北港鎮****,,
82,陳明文,109年立法委員選舉,首次申報,1081118,雜支支出,野生深山宴愛玉專賣店,25752371,0.00,650.00,開會飲料,金錢,嘉義市垂楊路****,,
83,陳明文,109年立法委員選舉,首次申報,1081119,雜支支出,農林青果行,18288510,0.00,430.00,水果,金錢,嘉義市西區埤****,,
84,陳明文,109年立法委員選舉,首次申報,1081119,雜支支出,宥盛商行,34959521,0.00,780.00,流動廁所照明,金錢,嘉義縣民雄鄉****,,
85,陳明文,109年立法委員選舉,首次申報,1081119,雜支支出,豈佳薑母鴨小吃店,47927425,0.00,980.00,餐費,金錢,嘉義縣民雄鄉****,,
86,陳明文,109年立法委員選舉,首次申報,1081120,集會支出,吳記排骨大王,13631825,0.00,5250.00,中埔鄉和睦村座談會,金錢,嘉義縣中埔鄉****,,
87,陳明文,109年立法委員選舉,首次申報,1081120,集會支出,玉勝商店,66404947,0.00,3000.00,番路鄉村里座談會餐點,金錢,嘉義縣番路鄉****,,
88,陳明文,109年立法委員選舉,首次申報,1081120,集會支出,玉勝商店,66404947,0.00,3000.00,番路鄉村里座談會(新福村),金錢,嘉義縣番路鄉****,,
89,陳明文,109年立法委員選舉,首次申報,1081121,集會支出,貳叁點伍度工作室,09506711,0.00,75030.00,幹部授證會及說明會錄影,金錢,嘉義縣水上鄉****,,
90,陳明文,109年立法委員選舉,首次申報,1081121,宣傳支出,龍林企業商行,14762084,0.00,138800.00,背心手搖旗,金錢,嘉義縣大林鎮****,,
91,陳明文,109年立法委員選舉,首次申報,1081121,宣傳支出,珍昌服裝實業有限公司,16972629,0.00,34419.00,短polo衫,金錢,嘉義縣太保市****,,
92,陳明文,109年立法委員選舉,首次申報,1081121,集會支出,阮劇團,62940284,0.00,180030.00,集會舞蹈及帶動唱,金錢,嘉義縣民雄鄉****,,
93,陳明文,109年立法委員選舉,首次申報,1081121,人事費用支出,關岳君,E12*******,0.00,9710.00,臨時人員薪資,金錢,嘉義縣民雄鄉****,,
94,陳明文,109年立法委員選舉,首次申報,1081122,集會支出,益來西點麵包坊,20189494,0.00,4000.00,中埔鄉富收村興化部座談會,金錢,嘉義縣中埔鄉****,,
95,陳明文,109年立法委員選舉,首次申報,1081123,集會支出,大林小館,34985979,0.00,70000.00,總部成立餐會,金錢,嘉義縣大林鎮****,,
96,陳明文,109年立法委員選舉,首次申報,1081123,雜支支出,銀河鎖匙刻印社,78561512,0.00,1000.00,遙控器,金錢,嘉義市民族路****,,
97,陳明文,109年立法委員選舉,首次申報,1081124,集會支出,溪口土魚魠魚羹,09143887,0.00,2800.00,便當,金錢,嘉義縣溪口鄉****,,
98,陳明文,109年立法委員選舉,首次申報,1081124,集會支出,牛排一哥排餐,82542566,0.00,2240.00,/造勢晚會便餐,金錢,彰化縣北斗鎮****,,
99,陳明文,109年立法委員選舉,首次申報,1081124,雜支支出,王瑞德,A12*******,0.00,20000.00,演說費,金錢,新北市樹林區****,,
100,陳明文,109年立法委員選舉,首次申報,1081124,集會支出,謝陸成,P10*******,0.00,26500.00,集會便餐,金錢,嘉義縣溪口鄉****,,
101,陳明文,109年立法委員選舉,首次申報,1081124,集會支出,王素華,Q22*******,0.00,18000.00,集會帆布,金錢,嘉義縣溪口鄉****,,
102,陳明文,109年立法委員選舉,首次申報,1081125,雜支支出,嘉友電子股份有限公司,66608323,0.00,1300.00,維修費,金錢,嘉義市忠孝二****,,
103,陳明文,109年立法委員選舉,首次申報,1081127,集會支出,百年自助餐,99209234,0.00,4200.00,地方說明會便當,金錢,嘉義縣民雄鄉****,,
104,陳明文,109年立法委員選舉,首次申報,1081127,集會支出,何郭秀琴,Q20*******,0.00,9000.00,地方說明會餐點,金錢,嘉義縣民雄鄉****,,
105,陳明文,109年立法委員選舉,首次申報,1081128,雜支支出,榮記五金行,66479593,0.00,2500.00,神明桌強化玻璃,金錢,嘉義縣民雄鄉****,,
106,陳明文,109年立法委員選舉,首次申報,1081129,集會支出,吳記排骨大王,13631825,0.00,9600.00,便當,金錢,嘉義縣中埔鄉****,,
107,陳明文,109年立法委員選舉,首次申報,1081129,集會支出,鄉親快餐,14511518,0.00,16000.00,便當,金錢,嘉義市北興街****,,
108,陳明文,109年立法委員選舉,首次申報,1081129,集會支出,嘉宏鐵架帆布行,14752972,0.00,27940.00,PC椅流動廁所旗座,金錢,嘉義縣民雄鄉****,,
109,陳明文,109年立法委員選舉,首次申報,1081129,集會支出,好媳婦便當店,14767927,0.00,18000.00,便當,金錢,嘉義縣中埔鄉****,,
110,陳明文,109年立法委員選舉,首次申報,1081129,集會支出,好媳婦便當店,14767927,0.00,12000.00,便當,金錢,嘉義縣中埔鄉****,,
111,陳明文,109年立法委員選舉,首次申報,1081129,集會支出,香貢貢飲食店,17169987,0.00,27320.00,便當,金錢,嘉義縣中埔鄉****,,
112,陳明文,109年立法委員選舉,首次申報,1081129,集會支出,益來西點麵包坊,20189494,0.00,1750.00,麵包,金錢,嘉義縣中埔鄉****,,
113,陳明文,109年立法委員選舉,首次申報,1081129,集會支出,京都港式燒臘,25738701,0.00,3680.00,便當,金錢,嘉義縣中埔鄉****,,
114,陳明文,109年立法委員選舉,首次申報,1081129,集會支出,東英美食店,29382007,0.00,4000.00,便當,金錢,嘉義縣中埔鄉****,,
115,陳明文,109年立法委員選舉,首次申報,1081129,集會支出,和益自助餐,34968471,0.00,8000.00,便當,金錢,嘉義縣中埔鄉****,,
116,陳明文,109年立法委員選舉,首次申報,1081129,集會支出,嘉義人火雞肉飯,34993366,0.00,2400.00,便當,金錢,嘉義市垂楊路****,,
117,陳明文,109年立法委員選舉,首次申報,1081129,集會支出,鳳怡壽司店,36722023,0.00,5200.00,集會便當,金錢,嘉義市民族路****,,
118,陳明文,109年立法委員選舉,首次申報,1081129,集會支出,青葉自助餐,47838471,0.00,12480.00,便當,金錢,嘉義縣中埔鄉****,,
119,陳明文,109年立法委員選舉,首次申報,1081129,集會支出,稻晟池上便當,47924779,0.00,12000.00,便當,金錢,嘉義縣中埔鄉****,,
120,陳明文,109年立法委員選舉,首次申報,1081130,集會支出,花綺花坊,10486045,0.00,40400.00,歐式帳篷及桌椅,金錢,嘉義市重慶二****,,
121,陳明文,109年立法委員選舉,首次申報,1081130,集會支出,上好鮮花藝品企業社,13628069,0.00,57800.00,歐式帳篷及桌椅,金錢,嘉義縣新港鄉****,,
122,陳明文,109年立法委員選舉,首次申報,1081130,集會支出,鄉味餐廳,14767193,0.00,4500.00,/成立大會餐費,金錢,嘉義縣新港鄉****,,
123,陳明文,109年立法委員選舉,首次申報,1081130,集會支出,晨山食品行,34963948,0.00,36750.00,粽子,金錢,嘉義縣太保市****,,
124,陳明文,109年立法委員選舉,首次申報,1081130,集會支出,林鴻銘,Q12*******,0.00,3000.00,椅子,金錢,嘉義縣番路鄉****,,
125,陳明文,109年立法委員選舉,首次申報,1081201,集會支出,葉記燒臘店,47943591,0.00,7000.00,便當,金錢,嘉義縣民雄鄉****,,
126,陳明文,109年立法委員選舉,首次申報,1081201,集會支出,百年自助餐,99209234,0.00,4800.00,便當,金錢,嘉義縣民雄鄉****,,
127,陳明文,109年立法委員選舉,首次申報,1081202,集會支出,銘發商行,20197396,0.00,1000.00,椅子,金錢,嘉義縣民雄鄉****,,
128,陳明文,109年立法委員選舉,首次申報,1081202,集會支出,全民飯包,21615171,0.00,5600.00,便當,金錢,嘉義縣新港鄉****,,
129,陳明文,109年立法委員選舉,首次申報,1081202,集會支出,吉米鹿烘焙坊,34965468,0.00,4800.00,餐盒,金錢,嘉義縣民雄鄉****,,
130,陳明文,109年立法委員選舉,首次申報,1081202,集會支出,百年自助餐,99209234,0.00,4800.00,便當,金錢,嘉義縣民雄鄉****,,
131,陳明文,109年立法委員選舉,首次申報,1081203,雜支支出,帝谷通信工程有限公司,84360886,0.00,18700.00,監視設備工程,金錢,嘉義市東區文****,,
132,陳明文,109年立法委員選舉,首次申報,1081203,公共關係費用支出,林明舜,Q10*******,0.00,3000.00,蘭花盆,金錢,嘉義縣竹崎鄉****,,
133,陳明文,109年立法委員選舉,首次申報,1081204,交通旅運支出,順力加油站有限公司,12780136,0.00,50766.00,油資,金錢,嘉義市西區磚****,,
134,陳明文,109年立法委員選舉,首次申報,1081204,集會支出,令和日式海鮮店,81334668,0.00,3200.00,便當,金錢,嘉義縣民雄鄉****,,
135,陳明文,109年立法委員選舉,首次申報,1081204,雜支支出,上億帆布行,87978321,0.00,2800.00,總部帆布,金錢,嘉義縣民雄鄉****,,
136,陳明文,109年立法委員選舉,首次申報,1081204,雜支支出,中華電信股份有限公司嘉義營運處,93949275,0.00,6504.00,競選服務處電話費,金錢,嘉義縣民雄鄉****,,
137,陳明文,109年立法委員選舉,首次申報,1081205,集會支出,百年自助餐,99209234,0.00,6300.00,便當,金錢,嘉義縣民雄鄉****,,
138,陳明文,109年立法委員選舉,首次申報,1081205,人事費用支出,陳詣翔,I10*******,0.00,8000.00,工作人員薪資,金錢,嘉義市新厝里****,,
139,陳明文,109年立法委員選舉,首次申報,1081205,人事費用支出,簡文化,P10*******,0.00,40000.00,工作人員薪資,金錢,嘉義市東區仁****,,
140,陳明文,109年立法委員選舉,首次申報,1081205,人事費用支出,王和省,Q12*******,0.00,13500.00,臨時人員薪資,金錢,嘉義市融和街****,,
141,陳明文,109年立法委員選舉,首次申報,1081205,人事費用支出,王松瑞,Q12*******,0.00,25000.00,工作人員薪資,金錢,嘉義縣民雄鄉****,,
142,陳明文,109年立法委員選舉,首次申報,1081205,人事費用支出,吳鈺心,Q20*******,0.00,10000.00,工作人員薪資,金錢,嘉義縣中埔鄉****,,
143,陳明文,109年立法委員選舉,首次申報,1081205,人事費用支出,陳俞安,Q22*******,0.00,5000.00,工作人員薪資,金錢,嘉義市東區林****,,
144,陳明文,109年立法委員選舉,首次申報,1081205,人事費用支出,林玉婷,Q22*******,0.00,32000.00,工作人員薪資,金錢,嘉義縣水上鄉****,,
145,陳明文,109年立法委員選舉,首次申報,1081205,人事費用支出,楊淑媄,Q22*******,0.00,18200.00,工作人員薪資,金錢,嘉義市磚窯號****,,
146,陳明文,109年立法委員選舉,首次申報,1081205,人事費用支出,林淑婷,Q22*******,0.00,5000.00,工作人員薪資,金錢,嘉義縣中埔鄉****,,
147,陳明文,109年立法委員選舉,首次申報,1081205,人事費用支出,陳竺均,Q22*******,0.00,32000.00,工作人員薪資,金錢,嘉義縣竹崎鄉****,,
148,陳明文,109年立法委員選舉,首次申報,1081206,雜支支出,宇翌企業有限公司,54535282,0.00,5840.00,礦泉水,金錢,嘉義縣民雄鄉****,,
149,陳明文,109年立法委員選舉,首次申報,1081206,公共關係費用支出,藝林木匾社,66536969,0.00,3500.00,賀匾,金錢,嘉義縣大林鎮****,,
150,陳明文,109年立法委員選舉,首次申報,1081206,雜支支出,上億帆布行,87978321,0.00,5000.00,總部帆布,金錢,嘉義縣民雄鄉****,,
151,陳明文,109年立法委員選舉,首次申報,1081207,雜支支出,永香食品有限公司,13026159,0.00,1055.00,拜拜供品免洗杯,金錢,嘉義縣竹崎鄉****,,
152,陳明文,109年立法委員選舉,首次申報,1081207,集會支出,尚豪行,25740919,0.00,32000.00,帆布架及椅子,金錢,嘉義縣竹崎鄉****,,
153,陳明文,109年立法委員選舉,首次申報,1081207,集會支出,英和傳統小吃,25787441,0.00,26500.00,點心,金錢,嘉義縣竹崎鄉****,,
154,陳明文,109年立法委員選舉,首次申報,1081209,人事費用支出,呂宣摩,I10*******,0.00,4275.00,計時按戶工讀,金錢,嘉義縣民雄鄉****,,
155,陳明文,109年立法委員選舉,首次申報,1081209,人事費用支出,劉岳鑫,Q12*******,0.00,4275.00,計時工讀,金錢,嘉義縣民雄鄉****,,
156,陳明文,109年立法委員選舉,首次申報,1081210,公共關係費用支出,育品生物科技股份有限公司,16492070,0.00,27500.00,蝴蝶蘭花籃,金錢,嘉義縣民雄鄉****,,
157,陳明文,109年立法委員選舉,首次申報,1081210,宣傳支出,嘉鋒鷹架工程行,20181943,0.00,103631.00,廣告搭架,金錢,嘉義縣民雄鄉****,,
158,陳明文,109年立法委員選舉,首次申報,1081210,雜支支出,宏瑋企業社,25740642,0.00,6500.00,汽車維修費,金錢,嘉義市忠孝路****,,
159,陳明文,109年立法委員選舉,首次申報,1081210,公共關係費用支出,台灣菸酒股份有限公司南投酒廠,61786880,0.00,82500.00,募款餐會使用酒,金錢,南投縣南投市****,,
160,陳明文,109年立法委員選舉,首次申報,1081210,集會支出,玉勝商店,66404947,0.00,4500.00,糖果餅乾,金錢,嘉義縣番路鄉****,,
161,陳明文,109年立法委員選舉,首次申報,1081211,集會支出,石桌羊肉店,10452761,0.00,3200.00,便當,金錢,嘉義縣竹崎鄉****,,
162,陳明文,109年立法委員選舉,首次申報,1081211,集會支出,石桌羊肉店,10452761,0.00,2640.00,便當,金錢,嘉義縣竹崎鄉****,,
163,陳明文,109年立法委員選舉,首次申報,1081211,集會支出,三億企業社,Q12*******,0.00,10000.00,阿里山後援會成立風笛表演,金錢,嘉義縣阿里山****,,
164,陳明文,109年立法委員選舉,首次申報,1081211,人事費用支出,汪之龍,Q12*******,0.00,2000.00,工作人員薪資,金錢,嘉義縣阿里山****,,
165,陳明文,109年立法委員選舉,首次申報,1081212,雜支支出,高全商行,25741017,0.00,1310.00,垃圾袋紙杯,金錢,嘉義縣民雄鄉****,,
166,陳明文,109年立法委員選舉,首次申報,1081212,人事費用支出,官淑慧,Q22*******,0.00,20000.00,後援會工作人員津貼,金錢,嘉義縣阿里山****,,
167,陳明文,109年立法委員選舉,首次申報,1081213,雜支支出,中華郵政股份有限公司監察院郵局台北100支局,,0.00,1000.00,郵票,金錢,臺北市中正區****,,
168,陳明文,109年立法委員選舉,首次申報,1081213,集會支出,鳳信一壽司店,10162101,0.00,3280.00,壽司便當,金錢,嘉義市民生北****,,
169,陳明文,109年立法委員選舉,首次申報,1081213,集會支出,石桌羊肉店,10452761,0.00,2800.00,便當,金錢,嘉義縣竹崎鄉****,,
170,陳明文,109年立法委員選舉,首次申報,1081213,集會支出,蒸餃.酸辣湯,13618718,0.00,1800.00,蒸餃,金錢,嘉義縣新港鄉****,,
171,陳明文,109年立法委員選舉,首次申報,1081213,集會支出,蒸餃.酸辣湯,13618718,0.00,2000.00,酸辣湯,金錢,嘉義縣新港鄉****,,
172,陳明文,109年立法委員選舉,首次申報,1081213,集會支出,深海深土魠魚羹,13630213,0.00,2600.00,便當,金錢,嘉義縣新港鄉****,,
173,陳明文,109年立法委員選舉,首次申報,1081213,集會支出,阿杜飲食店,14762845,0.00,4000.00,便當,金錢,嘉義縣新港鄉****,,
174,陳明文,109年立法委員選舉,首次申報,1081213,集會支出,阿杜飲食店,14762845,0.00,4000.00,便當,金錢,嘉義縣新港鄉****,,
175,陳明文,109年立法委員選舉,首次申報,1081213,集會支出,阿杜飲食店,14762845,0.00,4000.00,便當,金錢,嘉義縣新港鄉****,,
176,陳明文,109年立法委員選舉,首次申報,1081213,集會支出,阿杜飲食店,14762845,0.00,4000.00,便當,金錢,嘉義縣新港鄉****,,
177,陳明文,109年立法委員選舉,首次申報,1081213,集會支出,阿杜飲食店,14762845,0.00,4000.00,便當,金錢,嘉義縣新港鄉****,,
178,陳明文,109年立法委員選舉,首次申報,1081213,公共關係費用支出,東籬花苑,17158855,0.00,4000.00,敬悼花籃,金錢,嘉義縣民雄鄉****,,
179,陳明文,109年立法委員選舉,首次申報,1081213,集會支出,日昇烤鴨莊,25738569,0.00,2400.00,便當,金錢,嘉義縣竹崎鄉****,,
180,陳明文,109年立法委員選舉,首次申報,1081213,集會支出,二吉軒豆漿超市(民雄店),25739167,0.00,1500.00,便當,金錢,嘉義縣民雄鄉****,,
181,陳明文,109年立法委員選舉,首次申報,1081213,集會支出,新港古早味紅茶擔,25741683,0.00,600.00,紅茶,金錢,嘉義縣新港鄉****,,
182,陳明文,109年立法委員選舉,首次申報,1081213,集會支出,及品手工包子饅頭店,25745246,0.00,1900.00,肉包素包,金錢,嘉義縣太保市****,,
183,陳明文,109年立法委員選舉,首次申報,1081213,雜支支出,燦坤實業(股)公司民雄文化分公司,28434371,0.00,695.00,A紙張一箱,金錢,嘉義縣民雄鄉****,,
184,陳明文,109年立法委員選舉,首次申報,1081213,集會支出,香港梁記燒臘,40773311,0.00,3000.00,便當,金錢,嘉義縣民雄鄉****,,
185,陳明文,109年立法委員選舉,首次申報,1081213,集會支出,青葉自助餐,47838471,0.00,4000.00,便當,金錢,嘉義縣中埔鄉****,,
186,陳明文,109年立法委員選舉,首次申報,1081213,宣傳支出,雍真廣告企劃有限公司,53291891,0.00,7140.00,廣告輸出(手舉牌),金錢,嘉義市西區後****,,
187,陳明文,109年立法委員選舉,首次申報,1081213,集會支出,春喜飲食店,65455003,0.00,4980.00,便當,金錢,嘉義縣番路鄉****,,
188,陳明文,109年立法委員選舉,首次申報,1081213,集會支出,春喜飲食店,65455003,0.00,5810.00,便當,金錢,嘉義縣番路鄉****,,
189,陳明文,109年立法委員選舉,首次申報,1081213,雜支支出,嘉義縣新港鄉農會,65669716,0.00,600.00,深層水,金錢,嘉義縣新港鄉****,,
190,陳明文,109年立法委員選舉,首次申報,1081213,集會支出,潭大號,65867103,0.00,1800.00,肉包飲料,金錢,嘉義縣新港鄉****,,
191,陳明文,109年立法委員選舉,首次申報,1081213,集會支出,金東池商行,87987172,0.00,6400.00,便當,金錢,嘉義縣太保市****,,
192,陳明文,109年立法委員選舉,首次申報,1081213,集會支出,旺旺友聯產物保險股份有限公司,89388461,0.00,9200.00,公共意外責任險,金錢,臺北市忠孝東****,,
193,陳明文,109年立法委員選舉,首次申報,1081213,集會支出,杏園簡速餐店,98049604,0.00,4000.00,便當,金錢,嘉義市彌陀路****,,
194,陳明文,109年立法委員選舉,首次申報,1081213,集會支出,田園自助餐,99534436,0.00,2800.00,便當,金錢,嘉義縣新港鄉****,,
195,陳明文,109年立法委員選舉,首次申報,1081213,集會支出,田園自助餐,99534436,0.00,4000.00,便當,金錢,嘉義縣新港鄉****,,
196,陳明文,109年立法委員選舉,首次申報,1081213,人事費用支出,許淵欽,I10*******,0.00,3500.00,工作人員薪資,金錢,嘉義市東區興****,,
197,陳明文,109年立法委員選舉,首次申報,1081213,集會支出,邱鈺茹,P26*******,0.00,4000.00,便當飲料,金錢,嘉義縣新港鄉****,,
198,陳明文,109年立法委員選舉,首次申報,1081213,集會支出,邱鈺茹,P26*******,0.00,34475.00,便當飲料,金錢,嘉義縣新港鄉****,,
199,陳明文,109年立法委員選舉,首次申報,1081213,集會支出,邱鈺茹,P26*******,0.00,4000.00,便當,金錢,嘉義縣新港鄉****,,
200,陳明文,109年立法委員選舉,首次申報,1081213,雜支支出,競選總部,Q10*******,0.00,225000.00,非金錢核銷,非金錢,嘉義縣民雄鄉****,,
201,陳明文,109年立法委員選舉,首次申報,1081213,集會支出,邱建豪,Q12*******,0.00,2400.00,便當,金錢,嘉義縣新港鄉****,,
202,陳明文,109年立法委員選舉,首次申報,1081213,集會支出,何國進,Q12*******,0.00,4000.00,便當,金錢,嘉義縣六腳鄉****,,
203,陳明文,109年立法委員選舉,首次申報,1081213,集會支出,蘇劉桃,Q20*******,0.00,15330.00,便當,金錢,嘉義縣番路鄉****,,
204,陳明文,109年立法委員選舉,首次申報,1081213,集會支出,阿美雞肉飯,Q22*******,0.00,3010.00,便當,金錢,嘉義縣新港鄉****,,
205,陳明文,109年立法委員選舉,首次申報,1081213,集會支出,梁秋英,R20*******,0.00,1200.00,菜包,金錢,嘉義縣新港鄉****,,
206,陳明文,109年立法委員選舉,首次申報,1081214,集會支出,歐香食品行,78456639,0.00,3600.00,餐盒,金錢,嘉義縣民雄鄉****,,
207,陳明文,109年立法委員選舉,首次申報,1081215,集會支出,小雨企劃顧問有限公司,80748916,0.00,45000.00,募款餐會活動支出,金錢,嘉義市民生北****,,
208,陳明文,109年立法委員選舉,首次申報,1081216,集會支出,今饌精緻便當,10494495,0.00,4000.00,雞腿便當,金錢,嘉義縣民雄鄉****,,
209,陳明文,109年立法委員選舉,首次申報,1081216,宣傳支出,珍昌服裝實業有限公司,16972629,0.00,30324.00,競選外套(含版費),金錢,嘉義縣太保市****,,
210,陳明文,109年立法委員選舉,首次申報,1081216,雜支支出,高全商行,25741017,0.00,690.00,紙碗,金錢,嘉義縣民雄鄉****,,
211,陳明文,109年立法委員選舉,首次申報,1081216,雜支支出,芋圓湯,36808020,0.00,1050.00,消夜,金錢,嘉義縣民雄鄉****,,
212,陳明文,109年立法委員選舉,首次申報,1081216,集會支出,寬悅花園酒店股份有限公司,42954892,0.00,135655.00,募款餐會,金錢,嘉義市保順路****,,
213,陳明文,109年立法委員選舉,首次申報,1081216,宣傳支出,雍真廣告企劃有限公司,53291891,0.00,39955.00,廣告工程,金錢,嘉義市西區後****,,
214,陳明文,109年立法委員選舉,首次申報,1081216,宣傳支出,小雨企劃顧問有限公司,80748916,0.00,52133.00,文宣印刷，手舉牌，標語小氣球,金錢,嘉義市西區新****,,
215,陳明文,109年立法委員選舉,首次申報,1081216,集會支出,食尚簡餐店,81951063,0.00,400.00,說明會素食餐盒,金錢,嘉義縣民雄鄉****,,
216,陳明文,109年立法委員選舉,首次申報,1081216,集會支出,食尚簡餐店,81951063,0.00,4000.00,便當,金錢,嘉義縣民雄鄉****,,
217,陳明文,109年立法委員選舉,首次申報,1081216,租用宣傳車輛支出,黃寬明,Q10*******,0.00,13200.00,/，，，，，廣告宣傳車(薪資，油資，餐費),金錢,嘉義縣竹崎鄉****,,
218,陳明文,109年立法委員選舉,首次申報,1081216,租用宣傳車輛支出,林福財,Q10*******,0.00,4400.00,/，/阿里山後援會成立廣告宣傳車,金錢,嘉義縣竹崎鄉****,,
219,陳明文,109年立法委員選舉,首次申報,1081216,租用宣傳車輛支出,張坤慎,Q12*******,0.00,8800.00,/，，，廣告宣傳車(薪資，油資，餐費),金錢,嘉義縣溪口鄉****,,
220,陳明文,109年立法委員選舉,首次申報,1081216,租用宣傳車輛支出,林正我,Q12*******,0.00,9900.00,/，/，，，廣告宣傳車(薪資，油資，餐費),金錢,嘉義縣梅山鄉****,,
221,陳明文,109年立法委員選舉,首次申報,1081216,集會支出,李俊賢,Q12*******,0.00,20000.00,泡泡活動,金錢,嘉義縣水上鄉****,,
222,陳明文,109年立法委員選舉,首次申報,1081217,返還支出,上詰鋁業股份有限公司,79992692,0.00,50000.00,返還,金錢,嘉義縣大林鎮****,0932*****,
223,陳明文,109年立法委員選舉,首次申報,1081218,雜支支出,中華郵政股份有限公司嘉義成功街17支局,,0.00,520.00,郵票,金錢,嘉義市西區成****,,
224,陳明文,109年立法委員選舉,首次申報,1081218,集會支出,鈺富佛具百貨,25744210,0.00,12000.00,鞭炮,金錢,嘉義縣民雄鄉****,,
225,陳明文,109年立法委員選舉,首次申報,1081218,集會支出,宜湘園小吃部,36881915,0.00,4000.00,餐,金錢,嘉義縣太保市****,,
226,陳明文,109年立法委員選舉,首次申報,1081218,集會支出,龍發號,65917602,0.00,22000.00,蜂炮等,金錢,嘉義縣民雄鄉****,,
227,陳明文,109年立法委員選舉,首次申報,1081218,租用宣傳車輛支出,葉明修,A12*******,0.00,4000.00,/抽號碼，車隊快掃鄉鎮,金錢,嘉義縣太保市****,,
228,陳明文,109年立法委員選舉,首次申報,1081218,租用宣傳車輛支出,周宗傳,D12*******,0.00,2000.00,/抽號碼，車隊快掃鄉鎮(轎車),金錢,嘉義縣民雄鄉****,,
229,陳明文,109年立法委員選舉,首次申報,1081218,租用宣傳車輛支出,洪慶章,M12*******,0.00,2000.00,/抽號碼，車隊快掃鄉鎮(轎車),金錢,嘉義縣民雄鄉****,,
230,陳明文,109年立法委員選舉,首次申報,1081218,租用宣傳車輛支出,鍾文堂,Q10*******,0.00,2000.00,/抽號碼，車隊快掃鄉鎮(小貨車),金錢,嘉義縣梅山鄉****,,
231,陳明文,109年立法委員選舉,首次申報,1081218,租用宣傳車輛支出,吳明岩,Q12*******,0.00,2000.00,/抽號碼，車隊快掃鄉鎮(小貨車),金錢,嘉義縣梅山鄉****,,
232,陳明文,109年立法委員選舉,首次申報,1081218,租用宣傳車輛支出,陳啟南,Q12*******,0.00,2000.00,/抽號碼，車隊快掃鄉鎮(小廣車),金錢,嘉義縣梅山鄉****,,
233,陳明文,109年立法委員選舉,首次申報,1081218,租用宣傳車輛支出,盧君昇,Q12*******,0.00,2000.00,/抽號碼，車隊快掃鄉鎮(轎車),金錢,嘉義縣民雄鄉****,,
234,陳明文,109年立法委員選舉,首次申報,1081220,集會支出,石桌羊肉店,10452761,0.00,1840.00,便當,金錢,嘉義縣竹崎鄉****,,
235,陳明文,109年立法委員選舉,首次申報,1081220,集會支出,吉園寶自助餐,21925160,0.00,4400.00,便當,金錢,嘉義縣大林鎮****,,
236,陳明文,109年立法委員選舉,首次申報,1081220,宣傳支出,立鑫整合行銷有限公司,25118890,0.00,3000000.00,廣告費,金錢,臺北市文山區****,,
237,陳明文,109年立法委員選舉,首次申報,1081220,雜支支出,宥盛商行,34959521,0.00,1000.00,雨衣,金錢,嘉義縣民雄鄉****,,
238,陳明文,109年立法委員選舉,首次申報,1081220,人事費用支出,許淵欽,I10*******,0.00,1500.00,工作人員薪資,金錢,嘉義市東區興****,,
239,陳明文,109年立法委員選舉,首次申報,1081220,人事費用支出,呂宣摩,I10*******,0.00,6725.00,計時按戶工讀,金錢,嘉義縣民雄鄉****,,
240,陳明文,109年立法委員選舉,首次申報,1081222,雜支支出,農林青果行,18288510,0.00,1956.00,水果,金錢,嘉義市西區埤****,,
241,陳明文,109年立法委員選舉,首次申報,1081222,雜支支出,二吉軒豆漿超市,25739167,0.00,2250.00,點心,金錢,嘉義縣民雄鄉****,,
242,陳明文,109年立法委員選舉,首次申報,1081222,人事費用支出,王郁凱,P12*******,0.00,5575.00,計時工讀,金錢,嘉義縣民雄鄉****,,
243,陳明文,109年立法委員選舉,首次申報,1081222,人事費用支出,吳胤承,P12*******,0.00,5575.00,計時工讀,金錢,嘉義縣民雄鄉****,,
244,陳明文,109年立法委員選舉,首次申報,1081222,人事費用支出,劉岳鑫,Q12*******,0.00,7025.00,計時工讀,金錢,嘉義縣民雄鄉****,,
245,陳明文,109年立法委員選舉,首次申報,1081222,人事費用支出,張素娟,Q22*******,0.00,4750.00,計時工讀,金錢,嘉義縣民雄鄉****,,
246,陳明文,109年立法委員選舉,首次申報,1081223,雜支支出,洪將資訊有限公司,16945861,0.00,2800.00,外接硬碟,金錢,嘉義市書院里****,,
247,陳明文,109年立法委員選舉,首次申報,1081223,雜支支出,享悅音響名店,19385743,0.00,4600.00,維修工資,金錢,嘉義市吳鳳北****,,
248,陳明文,109年立法委員選舉,首次申報,1081223,集會支出,銘發商行,20197396,0.00,27900.00,椅子歐式布帆長桌等,金錢,嘉義縣民雄鄉****,,
249,陳明文,109年立法委員選舉,首次申報,1081223,交通旅運支出,回嘉居股份有限公司,54962165,0.00,7600.00,差旅膳宿支出,金錢,嘉義市西區美****,,
250,陳明文,109年立法委員選舉,首次申報,1081224,集會支出,石桌羊肉店,10452761,0.00,2240.00,便當,金錢,嘉義縣竹崎鄉****,,
251,陳明文,109年立法委員選舉,首次申報,1081224,雜支支出,決策大數據有限公司,16805741,0.00,1000000.00,民意調查費用,金錢,新北市板橋區****,,
252,陳明文,109年立法委員選舉,首次申報,1081224,宣傳支出,珍昌服裝實業有限公司,16972629,0.00,22218.00,短T恤,金錢,嘉義縣太保市****,,
253,陳明文,109年立法委員選舉,首次申報,1081224,宣傳支出,立鑫整合行銷有限公司,25118890,0.00,150000.00,廣告費,金錢,臺北市文山區****,,
254,陳明文,109年立法委員選舉,首次申報,1081224,雜支支出,宇翌企業有限公司,54535282,0.00,4000.00,礦泉水,金錢,嘉義縣民雄鄉****,,
255,陳明文,109年立法委員選舉,首次申報,1081224,集會支出,東芳舞蹈用品社,93945849,0.00,2000.00,布偶裝,金錢,嘉義市民權路****,,
256,陳明文,109年立法委員選舉,首次申報,1081224,人事費用支出,郭瑞坤,Q10*******,0.00,13600.00,戰車宣資人員薪資,金錢,嘉義縣大林鎮****,,
257,陳明文,109年立法委員選舉,首次申報,1081224,人事費用支出,賴裕新,Q12*******,0.00,15700.00,工作人員薪資,金錢,嘉義縣新港鄉****,,
258,陳明文,109年立法委員選舉,首次申報,1081224,租用宣傳車輛支出,林正我,Q12*******,0.00,11000.00,/，，，，廣告宣傳車(薪資，油資，餐費),金錢,嘉義縣梅山鄉****,,
259,陳明文,109年立法委員選舉,首次申報,1081224,租用宣傳車輛支出,朱本源,Q12*******,0.00,11000.00,/，，，，廣告宣傳車(薪資，油資，餐費),金錢,嘉義縣中埔鄉****,,
260,陳明文,109年立法委員選舉,首次申報,1081224,租用宣傳車輛支出,張坤慎,Q12*******,0.00,22000.00,/-，共天廣告宣傳車(薪資，油資，餐費),金錢,嘉義縣溪口鄉****,,
261,陳明文,109年立法委員選舉,首次申報,1081225,雜支支出,中華郵政股份有限公司中埔郵局,,0.00,2688.00,郵票,金錢,嘉義縣中埔鄉****,,
262,陳明文,109年立法委員選舉,首次申報,1081225,雜支支出,農林青果行,18288510,0.00,1690.00,花及水果,金錢,嘉義市西區埤****,,
263,陳明文,109年立法委員選舉,首次申報,1081225,雜支支出,嘉軒國際企業社,81333339,0.00,30000.00,聖誕飾品一批,金錢,嘉義縣大林鎮****,,
264,陳明文,109年立法委員選舉,首次申報,1081226,雜支支出,永富川味麵館,26415118,0.00,500.00,活動組工作人員用餐,金錢,嘉義縣民雄鄉****,,
265,陳明文,109年立法委員選舉,首次申報,1081226,雜支支出,嘉友電子股份有限公司,66608323,0.00,2000.00,維修費,金錢,嘉義市忠孝二****,,
266,陳明文,109年立法委員選舉,首次申報,1081226,雜支支出,百年自助餐,99209234,0.00,960.00,午餐,金錢,嘉義縣民雄鄉****,,
267,陳明文,109年立法委員選舉,首次申報,1081226,返還支出,薛誠晃,Q12*******,0.00,50000.00,返還,金錢,嘉義縣大林鎮****,0910*****,
268,陳明文,109年立法委員選舉,首次申報,1081227,集會支出,石桌羊肉店,10452761,0.00,3300.00,便當,金錢,嘉義縣竹崎鄉****,,
269,陳明文,109年立法委員選舉,首次申報,1081228,租用宣傳車輛支出,黃寬明,Q10*******,0.00,22000.00,/-，共天廣告宣傳車(薪資，油資，餐費),金錢,嘉義縣竹崎鄉****,,
270,陳明文,109年立法委員選舉,首次申報,1081228,租用宣傳車輛支出,林福財,Q10*******,0.00,22000.00,/-，共天廣告宣傳車(薪資，油資，餐費),金錢,嘉義縣竹崎鄉****,,
271,陳明文,109年立法委員選舉,首次申報,1081228,人事費用支出,賴裕新,Q12*******,0.00,8500.00,工作人員薪資,金錢,嘉義縣新港鄉****,,
272,陳明文,109年立法委員選舉,首次申報,1081228,租用宣傳車輛支出,林正我,Q12*******,0.00,11000.00,/，，，，廣告宣傳車(薪資，油資，餐費),金錢,嘉義縣梅山鄉****,,
273,陳明文,109年立法委員選舉,首次申報,1081228,租用宣傳車輛支出,朱本源,Q12*******,0.00,11000.00,/，，，，廣告宣傳車(薪資，油資，餐費),金錢,嘉義縣中埔鄉****,,
274,陳明文,109年立法委員選舉,首次申報,1081229,雜支支出,金利興米商,65305407,0.00,760.00,米,金錢,嘉義縣民雄鄉****,,
275,陳明文,109年立法委員選舉,首次申報,1081230,集會支出,港記燒臘店,40771974,0.00,2400.00,便當,金錢,嘉義市成仁街****,,
276,陳明文,109年立法委員選舉,首次申報,1081230,宣傳支出,也是行銷有限公司,80124453,0.00,30000.00,嘉樂電台廣告,金錢,嘉義市蘭潭里****,,
277,陳明文,109年立法委員選舉,首次申報,1081230,宣傳支出,也是行銷有限公司,80124453,0.00,30000.00,嘉義之音電台廣告,金錢,嘉義市蘭潭里****,,
278,陳明文,109年立法委員選舉,首次申報,1081230,宣傳支出,小雨企劃顧問有限公司,80748916,0.00,556185.00,租用音響喇叭舞台液晶電視等,金錢,嘉義市西區新****,,
279,陳明文,109年立法委員選舉,首次申報,1081231,宣傳支出,精點廣告行銷工作室,34961131,0.00,31250.00,姊妹電台廣告,金錢,嘉義縣水上鄉****,,
280,陳明文,109年立法委員選舉,首次申報,1081231,公共關係費用支出,燕山花坊,47861269,0.00,10250.00,花圈蘭花,金錢,嘉義縣中埔鄉****,,
281,陳明文,109年立法委員選舉,首次申報,1081231,宣傳支出,嘉義環球網調頻廣播電台(股)公司,80279596,0.00,30000.00,嘉義環球電台廣播,金錢,嘉義縣番路鄉****,,
282,陳明文,109年立法委員選舉,首次申報,1081231,宣傳支出,永嘉廣告社,98059829,0.00,11000.00,派報費用,金錢,嘉義市立仁路****,,
283,陳明文,109年立法委員選舉,首次申報,1081231,集會支出,玖味小吃店,98866055,0.00,1800.00,便當,金錢,嘉義市吳鳳北****,,
284,陳明文,109年立法委員選舉,首次申報,1081231,人事費用支出,黃嘉章,F13*******,0.00,2138.00,夜間計時按戶工讀,金錢,雲林縣口湖鄉****,,
285,陳明文,109年立法委員選舉,首次申報,1081231,人事費用支出,沈佑穎,P12*******,0.00,525.00,夜間按戶工讀,金錢,嘉義縣民雄鄉****,,
286,陳明文,109年立法委員選舉,首次申報,1081231,人事費用支出,吳宗翰,Q12*******,0.00,2063.00,夜間計時按戶工讀,金錢,嘉義縣鹿草鄉****,,
287,陳明文,109年立法委員選舉,首次申報,1081231,人事費用支出,吳彥均,Q12*******,0.00,1988.00,夜間計時按戶工讀,金錢,嘉義縣朴子市****,,
288,陳明文,109年立法委員選舉,首次申報,1090102,集會支出,正廣香食品行,62994416,0.00,8800.00,地方說明會便當,金錢,嘉義縣民雄鄉****,,
289,陳明文,109年立法委員選舉,首次申報,1090102,雜支支出,東榮精緻早餐店,81366648,0.00,2355.00,早餐,金錢,嘉義縣民雄鄉****,,
290,陳明文,109年立法委員選舉,首次申報,1090103,宣傳支出,龍林企業商行,14762084,0.00,24370.00,手搖旗背心,金錢,嘉義縣大林鎮****,,
291,陳明文,109年立法委員選舉,首次申報,1090103,公共關係費用支出,育品生物科技股份有限公司,16492070,0.00,19280.00,蝴蝶蘭花籃,金錢,嘉義縣民雄鄉****,,
292,陳明文,109年立法委員選舉,首次申報,1090104,集會支出,河濱餐廳,20171332,0.00,1200.00,便當,金錢,嘉義縣大埔鄉****,,
293,陳明文,109年立法委員選舉,首次申報,1090104,宣傳支出,禧器設計有限公司,85026059,0.00,40000.00,影片製作,金錢,臺中市西屯區****,,
294,陳明文,109年立法委員選舉,首次申報,1090104,雜支支出,中華電信股份有限公司嘉義營運處,93949275,0.00,14364.00,網際網路及電話費,金錢,嘉義縣民雄鄉****,,
295,陳明文,109年立法委員選舉,首次申報,1090104,人事費用支出,翁坤巖,Q12*******,0.00,1200.00,工作人員薪資,金錢,嘉義縣大埔鄉****,,
296,陳明文,109年立法委員選舉,首次申報,1090105,集會支出,佳香餐飲部,20171001,0.00,2000.00,便當,金錢,嘉義縣大埔鄉****,,
297,陳明文,109年立法委員選舉,首次申報,1090105,人事費用支出,陳詣翔,I10*******,0.00,8000.00,工作人員薪資,金錢,嘉義市新厝里****,,
298,陳明文,109年立法委員選舉,首次申報,1090105,人事費用支出,簡文化,P10*******,0.00,40000.00,工作人員薪資,金錢,嘉義市東區仁****,,
299,陳明文,109年立法委員選舉,首次申報,1090105,雜支支出,競選總部,Q10*******,0.00,225000.00,非金錢核銷,非金錢,嘉義縣民雄鄉****,,
300,陳明文,109年立法委員選舉,首次申報,1090105,人事費用支出,王松瑞,Q12*******,0.00,25000.00,工作人員薪資,金錢,嘉義縣民雄鄉****,,
301,陳明文,109年立法委員選舉,首次申報,1090105,人事費用支出,王和省,Q12*******,0.00,10000.00,臨時人員薪資,金錢,嘉義市融和街****,,
302,陳明文,109年立法委員選舉,首次申報,1090105,人事費用支出,吳鈺心,Q20*******,0.00,10000.00,工作人員薪資,金錢,嘉義縣中埔鄉****,,
303,陳明文,109年立法委員選舉,首次申報,1090105,人事費用支出,陳俞安,Q22*******,0.00,5000.00,工作人員薪資,金錢,嘉義市東區林****,,
304,陳明文,109年立法委員選舉,首次申報,1090105,人事費用支出,林玉婷,Q22*******,0.00,32000.00,工作人員薪資,金錢,嘉義縣水上鄉****,,
305,陳明文,109年立法委員選舉,首次申報,1090105,人事費用支出,楊淑媄,Q22*******,0.00,32000.00,工作人員薪資,金錢,嘉義市磚窯號****,,
306,陳明文,109年立法委員選舉,首次申報,1090105,人事費用支出,林淑婷,Q22*******,0.00,10000.00,工作人員薪資,金錢,嘉義縣中埔鄉****,,
307,陳明文,109年立法委員選舉,首次申報,1090105,人事費用支出,陳竺均,Q22*******,0.00,32000.00,工作人員薪資,金錢,嘉義縣竹崎鄉****,,
308,陳明文,109年立法委員選舉,首次申報,1090106,集會支出,佳香餐飲部,20171001,0.00,2000.00,便當,金錢,嘉義縣大埔鄉****,,
309,陳明文,109年立法委員選舉,首次申報,1090106,集會支出,金興金香舖,26492183,0.00,2950.00,尺炮蜂炮,金錢,嘉義縣中埔鄉****,,
310,陳明文,109年立法委員選舉,首次申報,1090106,宣傳支出,鋒彩廣告企業社,29418856,0.00,109578.00,帆布噴畫,金錢,嘉義縣民雄鄉****,,
311,陳明文,109年立法委員選舉,首次申報,1090106,宣傳支出,雍真廣告企劃有限公司,53291891,0.00,8820.00,廣告工程,金錢,嘉義市西區後****,,
312,陳明文,109年立法委員選舉,首次申報,1090106,公共關係費用支出,梅山鄉農會,65531706,0.00,167500.00,茶葉,金錢,嘉義縣梅山鄉****,,
313,陳明文,109年立法委員選舉,首次申報,1090106,人事費用支出,鄧吉原,Q12*******,0.00,2500.00,番路鄉布條工作人員,金錢,嘉義縣番路鄉****,,
314,陳明文,109年立法委員選舉,首次申報,1090106,人事費用支出,翁坤巖,Q12*******,0.00,1800.00,工作人員薪資,金錢,嘉義縣大埔鄉****,,
315,陳明文,109年立法委員選舉,首次申報,1090106,人事費用支出,陳雅雯,Q22*******,0.00,1200.00,工讀生工資,金錢,嘉義縣大埔鄉****,,
316,陳明文,109年立法委員選舉,首次申報,1090107,集會支出,溪口土魠魚羹,09143887,0.00,4000.00,便當,金錢,嘉義縣溪口鄉****,,
317,陳明文,109年立法委員選舉,首次申報,1090107,集會支出,林家小館,10197018,0.00,8000.00,便當,金錢,嘉義縣民雄鄉****,,
318,陳明文,109年立法委員選舉,首次申報,1090107,集會支出,林家小館,10197018,0.00,2880.00,便當,金錢,嘉義縣民雄鄉****,,
319,陳明文,109年立法委員選舉,首次申報,1090107,集會支出,大芳飲食部,13618098,0.00,6400.00,便當,金錢,嘉義縣民雄鄉****,,
320,陳明文,109年立法委員選舉,首次申報,1090107,集會支出,桂花鄉海產,13619499,0.00,2000.00,便當,金錢,嘉義縣民雄鄉****,,
321,陳明文,109年立法委員選舉,首次申報,1090107,集會支出,桂花鄉海產,13619499,0.00,2800.00,便當,金錢,嘉義縣民雄鄉****,,
322,陳明文,109年立法委員選舉,首次申報,1090107,集會支出,深海深土魠魚羹,13630213,0.00,2730.00,便當,金錢,嘉義縣新港鄉****,,
323,陳明文,109年立法委員選舉,首次申報,1090107,集會支出,東池飯包,13634597,0.00,1500.00,便當,金錢,嘉義縣民雄鄉****,,
324,陳明文,109年立法委員選舉,首次申報,1090107,集會支出,南杰交通事業有限公司,16666086,0.00,24000.00,車資,金錢,嘉義市東區荖****,,
325,陳明文,109年立法委員選舉,首次申報,1090107,集會支出,咕雞飲食店,20198141,0.00,3200.00,便當,金錢,嘉義縣民雄鄉****,,
326,陳明文,109年立法委員選舉,首次申報,1090107,集會支出,全民飯包,21615171,0.00,8960.00,便當,金錢,嘉義縣民雄鄉****,,
327,陳明文,109年立法委員選舉,首次申報,1090107,集會支出,億興國際通運股份有限公司,25113683,0.00,20000.00,車資,金錢,嘉義縣新港鄉****,,
328,陳明文,109年立法委員選舉,首次申報,1090107,集會支出,玄興社藝陣,25742141,0.00,50000.00,戰鼓車,金錢,嘉義縣民雄鄉****,,
329,陳明文,109年立法委員選舉,首次申報,1090107,集會支出,茶攤便當,26406292,0.00,8800.00,便當,金錢,嘉義縣大林鎮****,,
330,陳明文,109年立法委員選舉,首次申報,1090107,集會支出,宜湘園小吃部,36881915,0.00,4000.00,餐點,金錢,嘉義縣太保市****,,
331,陳明文,109年立法委員選舉,首次申報,1090107,集會支出,宜湘園小吃部,36881915,0.00,14400.00,便當,金錢,嘉義縣太保市****,,
332,陳明文,109年立法委員選舉,首次申報,1090107,集會支出,宜湘園小吃部,36881915,0.00,4800.00,/車鼓人員小櫻之友會及車掃人員便當,金錢,嘉義縣太保市****,,
333,陳明文,109年立法委員選舉,首次申報,1090107,集會支出,宜湘園小吃部,36881915,0.00,2000.00,便當,金錢,嘉義縣太保市****,,
334,陳明文,109年立法委員選舉,首次申報,1090107,集會支出,香港梁記燒臘便當,40773311,0.00,11200.00,便當,金錢,嘉義縣民雄鄉****,,
335,陳明文,109年立法委員選舉,首次申報,1090107,集會支出,小南排骨大王,40924423,0.00,2240.00,便當,金錢,嘉義縣民雄鄉****,,
336,陳明文,109年立法委員選舉,首次申報,1090107,集會支出,富鈞小吃店,40928379,0.00,1760.00,便當,金錢,嘉義縣民雄鄉****,,
337,陳明文,109年立法委員選舉,首次申報,1090107,集會支出,阿城自助餐,66635905,0.00,1600.00,便當,金錢,嘉義縣民雄鄉****,,
338,陳明文,109年立法委員選舉,首次申報,1090107,集會支出,阿城自助餐,66635905,0.00,1600.00,便當,金錢,嘉義縣民雄鄉****,,
339,陳明文,109年立法委員選舉,首次申報,1090107,集會支出,好御道自助餐,81308850,0.00,2400.00,便當,金錢,嘉義市體育路****,,
340,陳明文,109年立法委員選舉,首次申報,1090107,集會支出,莉莎便當店,81388832,0.00,3440.00,便當,金錢,嘉義縣民雄鄉****,,
341,陳明文,109年立法委員選舉,首次申報,1090107,集會支出,百年自助餐,99209234,0.00,1200.00,便當,金錢,嘉義縣民雄鄉****,,
342,陳明文,109年立法委員選舉,首次申報,1090107,集會支出,百年自助餐,99209234,0.00,8320.00,便當,金錢,嘉義縣民雄鄉****,,
343,陳明文,109年立法委員選舉,首次申報,1090107,集會支出,百年自助餐,99209234,0.00,3200.00,便當,金錢,嘉義縣民雄鄉****,,
344,陳明文,109年立法委員選舉,首次申報,1090107,集會支出,百年自助餐,99209234,0.00,2400.00,便當,金錢,嘉義縣民雄鄉****,,
345,陳明文,109年立法委員選舉,首次申報,1090107,集會支出,百年自助餐,99209234,0.00,9600.00,便當,金錢,嘉義縣民雄鄉****,,
346,陳明文,109年立法委員選舉,首次申報,1090107,人事費用支出,黃嘉章,F13*******,0.00,900.00,計時按戶工讀,金錢,雲林縣口湖鄉****,,
347,陳明文,109年立法委員選舉,首次申報,1090107,集會支出,何郭秀琴,Q20*******,0.00,15760.00,便當,金錢,嘉義縣民雄鄉****,,
348,陳明文,109年立法委員選舉,首次申報,1090107,集會支出,何郭秀琴,Q20*******,0.00,4800.00,便當,金錢,嘉義縣民雄鄉****,,
349,陳明文,109年立法委員選舉,首次申報,1090107,集會支出,何郭秀琴,Q20*******,0.00,4800.00,便當,金錢,嘉義縣民雄鄉****,,
350,陳明文,109年立法委員選舉,首次申報,1090107,集會支出,蔡玉美,Q22*******,0.00,2800.00,便當,金錢,嘉義縣新港鄉****,,
351,陳明文,109年立法委員選舉,首次申報,1090108,雜支支出,農林青果行,18288510,0.00,670.00,水果,金錢,嘉義市西區埤****,,
352,陳明文,109年立法委員選舉,首次申報,1090108,集會支出,港記燒臘店,40771974,0.00,4200.00,掃街車隊便當,金錢,嘉義市成仁街****,,
353,陳明文,109年立法委員選舉,首次申報,1090108,集會支出,豐八美食館,47858145,0.00,3600.00,便當飲料,金錢,嘉義縣阿里山****,,
354,陳明文,109年立法委員選舉,首次申報,1090108,租用宣傳車輛支出,林正我,Q12*******,0.00,10000.00,/-，/-廣告宣傳車,金錢,嘉義縣梅山鄉****,,
355,陳明文,109年立法委員選舉,首次申報,1090109,集會支出,豐八美食館,47858145,0.00,2250.00,便當飲料,金錢,嘉義縣阿里山****,,
356,陳明文,109年立法委員選舉,首次申報,1090109,集會支出,阿城自助餐,66635905,0.00,4000.00,便當,金錢,嘉義縣民雄鄉****,,
357,陳明文,109年立法委員選舉,首次申報,1090109,人事費用支出,楊宏志,Q12*******,0.00,1000.00,阿里山鄉車掃工作人員,金錢,嘉義縣阿里山****,,
358,陳明文,109年立法委員選舉,首次申報,1090109,人事費用支出,石信民,Q12*******,0.00,1000.00,車掃工作人員工資,金錢,嘉義縣阿里山****,,
359,陳明文,109年立法委員選舉,首次申報,1090109,人事費用支出,安士宏,Q12*******,0.00,1000.00,車掃人員工資,金錢,嘉義縣阿里山****,,
360,陳明文,109年立法委員選舉,首次申報,1090110,雜支支出,農林青果行,18288510,0.00,2890.00,水果,金錢,嘉義市西區埤****,,
361,陳明文,109年立法委員選舉,首次申報,1090110,集會支出,玄興社藝陣,25742141,0.00,50000.00,電音三太子及戰鼓車,金錢,嘉義縣民雄鄉****,,
362,陳明文,109年立法委員選舉,首次申報,1090110,集會支出,正發金香舖,26495219,0.00,60000.00,煙火,金錢,嘉義縣民雄鄉****,,
363,陳明文,109年立法委員選舉,首次申報,1090110,集會支出,太子創意整合行銷,40925470,0.00,7000.00,搖滾車,金錢,嘉義縣朴子市****,,
364,陳明文,109年立法委員選舉,首次申報,1090110,雜支支出,宇翌企業有限公司,54535282,0.00,5600.00,礦泉水,金錢,嘉義縣民雄鄉****,,
365,陳明文,109年立法委員選舉,首次申報,1090110,集會支出,排骨大王飯店,65565402,0.00,4000.00,便當,金錢,嘉義縣大林鎮****,,
366,陳明文,109年立法委員選舉,首次申報,1090110,雜支支出,協成食品廠,66588446,0.00,2580.00,餅乾一批,金錢,嘉義縣鹿草鄉****,,
367,陳明文,109年立法委員選舉,首次申報,1090110,雜支支出,嘉友電子股份有限公司,66608323,0.00,2200.00,麥克風,金錢,嘉義市忠孝二****,,
368,陳明文,109年立法委員選舉,首次申報,1090110,雜支支出,美宜商號,66635715,0.00,2400.00,牲禮,金錢,嘉義縣民雄鄉****,,
369,陳明文,109年立法委員選舉,首次申報,1090110,宣傳支出,小雨企劃顧問有限公司,80748916,0.00,307862.00,指示牌及海報印刷等,金錢,嘉義市西區新****,,
370,陳明文,109年立法委員選舉,首次申報,1090110,集會支出,百年自助餐,99209234,0.00,10900.00,便當,金錢,嘉義縣民雄鄉****,,
371,陳明文,109年立法委員選舉,首次申報,1090110,人事費用支出,張宏年,P12*******,0.00,8363.00,計時按戶工讀,金錢,嘉義縣民雄鄉****,,
372,陳明文,109年立法委員選舉,首次申報,1090110,集會支出,何郭秀琴,Q20*******,0.00,4000.00,便當,金錢,嘉義縣民雄鄉****,,
373,陳明文,109年立法委員選舉,首次申報,1090110,人事費用支出,許嘉修,R12*******,0.00,8551.00,計時按戶工讀,金錢,嘉義縣民雄鄉****,,
374,陳明文,109年立法委員選舉,首次申報,1090111,集會支出,銘發商行,20197396,0.00,1000.00,椅子桌子,金錢,嘉義縣民雄鄉****,,
375,陳明文,109年立法委員選舉,首次申報,1090111,集會支出,二吉軒豆漿超市(民雄),25739167,0.00,2000.00,點心,金錢,嘉義縣民雄鄉****,,
376,陳明文,109年立法委員選舉,首次申報,1090111,人事費用支出,吳胤承,P12*******,0.00,8775.00,計時按戶工讀,金錢,嘉義縣新港鄉****,,
377,陳明文,109年立法委員選舉,首次申報,1090111,人事費用支出,王郁凱,P12*******,0.00,7725.00,計時按戶工讀,金錢,嘉義縣民雄鄉****,,
378,陳明文,109年立法委員選舉,首次申報,1090111,人事費用支出,李佳穎,Q22*******,0.00,2850.00,按戶工讀,金錢,嘉義縣民雄鄉****,,
379,陳明文,109年立法委員選舉,首次申報,1090111,人事費用支出,蔡雅君,Q22*******,0.00,2500.00,報票工作人員,金錢,嘉義縣番路鄉****,,
380,陳明文,109年立法委員選舉,首次申報,1090112,集會支出,鄭記食品鋪,66638570,0.00,3450.00,/車掃人員及工作人員餐費,金錢,嘉義縣民雄鄉****,,
381,陳明文,109年立法委員選舉,首次申報,1090112,人事費用支出,呂宣摩,I10*******,0.00,12401.00,計時按戶工讀,金錢,嘉義縣民雄鄉****,,
382,陳明文,109年立法委員選舉,首次申報,1090112,租用宣傳車輛支出,林福財,Q10*******,0.00,25900.00,/-，/，-，廣告宣傳車,金錢,嘉義縣竹崎鄉****,,
383,陳明文,109年立法委員選舉,首次申報,1090112,租用宣傳車輛支出,林正我,Q12*******,0.00,15900.00,/-，共天，/選前之夜+,金錢,嘉義縣梅山鄉****,,
384,陳明文,109年立法委員選舉,首次申報,1090112,人事費用支出,劉岳鑫,Q12*******,0.00,7088.00,計時按戶工讀,金錢,嘉義縣民雄鄉****,,
385,陳明文,109年立法委員選舉,首次申報,1090112,租用宣傳車輛支出,朱本源,Q12*******,0.00,25900.00,/-，/，-，廣告宣傳車,金錢,嘉義縣中埔鄉****,,
386,陳明文,109年立法委員選舉,首次申報,1090112,租用宣傳車輛支出,張坤慎,Q12*******,0.00,25900.00,/-，/，-，廣告宣傳車,金錢,嘉義縣溪口鄉****,,
387,陳明文,109年立法委員選舉,首次申報,1090113,宣傳支出,雍真廣告企劃有限公司,53291891,0.00,107615.00,廣告工程,金錢,嘉義市西區後****,,
388,陳明文,109年立法委員選舉,首次申報,1090114,集會支出,銘發商行,20197396,0.00,2400.00,帆布,金錢,嘉義縣民雄鄉****,,
389,陳明文,109年立法委員選舉,首次申報,1090114,雜支支出,宜湘園小吃部,36881915,0.00,3740.00,餐飲,金錢,嘉義縣太保市****,,
390,陳明文,109年立法委員選舉,首次申報,1090115,集會支出,香港梁記燒臘便當,40773311,0.00,1805.00,便當,金錢,嘉義縣民雄鄉****,,
391,陳明文,109年立法委員選舉,首次申報,1090115,宣傳支出,小雨企劃顧問有限公司,80748916,0.00,676042.00,海報謝卡貼紙布條手舉牌肩帶道具輸出圖等,金錢,嘉義市西區新****,,
392,陳明文,109年立法委員選舉,首次申報,1090116,公共關係費用支出,梅山鄉農會,65531706,0.00,77000.00,茶葉,金錢,嘉義縣梅山鄉****,,
393,陳明文,109年立法委員選舉,首次申報,1090117,雜支支出,震旦行股份有限公司嘉義一分公司,65870780,0.00,11115.00,租機維護費,金錢,嘉義市四維南****,,
394,陳明文,109年立法委員選舉,首次申報,1090117,雜支支出,沛銡環境企業社,81316541,0.00,10000.00,競總辦公室拆除清潔,金錢,嘉義市福安里****,,
395,陳明文,109年立法委員選舉,首次申報,1090117,租用宣傳車輛支出,劉懷元,Q12*******,0.00,60000.00,蔡英文，陳明文競辦服務處租金..-..,金錢,嘉義縣民雄鄉****,,
396,陳明文,109年立法委員選舉,首次申報,1090117,租用宣傳車輛支出,李朝正,Q12*******,0.00,12500.00,車掃支援電子炮車共天(/，/，/，/，/，/),金錢,嘉義縣民雄鄉****,,
397,陳明文,109年立法委員選舉,首次申報,1090117,人事費用支出,朱財平,Q12*******,0.00,6000.00,競總拆除後油漆修補工資,金錢,嘉義縣民雄鄉****,,
398,陳明文,109年立法委員選舉,首次申報,1090118,人事費用支出,楊淑媄,Q22*******,0.00,24000.00,工作人員薪資,金錢,嘉義市磚窯號****,,
399,陳明文,109年立法委員選舉,首次申報,1090122,人事費用支出,陳詣翔,I10*******,0.00,13000.00,工作人員薪資,金錢,嘉義市新厝里****,,
400,陳明文,109年立法委員選舉,首次申報,1090122,人事費用支出,簡文化,P10*******,0.00,45000.00,工作人員薪資,金錢,嘉義市東區仁****,,
401,陳明文,109年立法委員選舉,首次申報,1090122,人事費用支出,簡文化,P10*******,0.00,35000.00,工作人員薪資,金錢,嘉義市東區仁****,,
402,陳明文,109年立法委員選舉,首次申報,1090122,人事費用支出,王松瑞,Q12*******,0.00,5000.00,工作人員薪資,金錢,嘉義縣民雄鄉****,,
403,陳明文,109年立法委員選舉,首次申報,1090122,人事費用支出,呂慧瑜,Q22*******,0.00,5000.00,工作人員薪資,金錢,嘉義縣水上鄉****,,
404,陳明文,109年立法委員選舉,首次申報,1090122,人事費用支出,林玉婷,Q22*******,0.00,5000.00,工作人員薪資,金錢,嘉義縣水上鄉****,,
405,陳明文,109年立法委員選舉,首次申報,1090122,人事費用支出,陳竺均,Q22*******,0.00,48000.00,工作人員薪資,金錢,嘉義縣竹崎鄉****,,
406,陳明文,109年立法委員選舉,首次申報,1090123,雜支支出,名揚綜合廣告社,66505403,0.00,1500.00,壓克力透明板,金錢,嘉義市新生路****,,
407,陳明文,109年立法委員選舉,首次申報,1090123,人事費用支出,吳鈺心,Q20*******,0.00,15000.00,工作人員薪資,金錢,嘉義縣中埔鄉****,,
408,陳明文,109年立法委員選舉,首次申報,1090123,人事費用支出,陳俞安,Q22*******,0.00,5000.00,工作人員薪資,金錢,嘉義市東區林****,,
409,陳明文,109年立法委員選舉,首次申報,1090123,人事費用支出,林淑婷,Q22*******,0.00,10000.00,工作人員薪資,金錢,嘉義縣中埔鄉****,,
410,陳明文,109年立法委員選舉,首次申報,1090131,雜支支出,香港商福維克樂智有限公司台灣分公司,98058862,0.00,4600.00,空氣清淨機濾網,金錢,嘉義市興業東****,,
411,陳明文,109年立法委員選舉,首次申報,1090131,人事費用支出,王松瑞,Q12*******,0.00,25000.00,工作人員薪資,金錢,嘉義縣民雄鄉****,,
412,陳明文,109年立法委員選舉,首次申報,1090131,人事費用支出,林玉婷,Q22*******,0.00,32000.00,工作人員薪資,金錢,嘉義縣水上鄉****,,
413,陳明文,109年立法委員選舉,首次申報,1090203,租用競選辦事處支出,鼎匠裝璜工程有限公司,83568613,0.00,49508.00,競選總部隔板拆除工資,金錢,嘉義市重慶路****,,
414,陳明文,109年立法委員選舉,首次申報,1090205,人事費用支出,王和省,Q12*******,0.00,11500.00,臨時人員薪資,金錢,嘉義市融和街****,,
415,陳明文,109年立法委員選舉,首次申報,1090207,宣傳支出,鋒彩廣告企業社,29418856,0.00,142846.00,凡布噴畫,金錢,嘉義縣民雄鄉****,,
