﻿序號,擬參選人／政黨,選舉名稱,申報序號／年度,交易日期,收支科目,捐贈者／支出對象,身分證／統一編號,收入金額,支出金額,支出用途,金錢類,地址,聯絡電話,資料更正日期
1,張亞中,109年總統、副總統選舉,首次申報,1080606,個人捐贈收入,林晉章,B10*******,10000.00,0.00,,金錢,台北市長安東****,0932*****,
2,張亞中,109年總統、副總統選舉,首次申報,1080606,個人捐贈收入,吳辰東,B12*******,2000.00,0.00,,金錢,台中市太平區****,0931*****,
3,張亞中,109年總統、副總統選舉,首次申報,1080606,個人捐贈收入,施美枝,B22*******,20000.00,0.00,,金錢,台中市北區陜****,0934*****,
4,張亞中,109年總統、副總統選舉,首次申報,1080606,個人捐贈收入,區桂芝,C22*******,2000.00,0.00,,金錢,台北市大安區****,0936*****,
5,張亞中,109年總統、副總統選舉,首次申報,1080606,個人捐贈收入,胡麗慧,F22*******,10000.00,0.00,,金錢,台北市文山區****,0911*****,
6,張亞中,109年總統、副總統選舉,首次申報,1080606,個人捐贈收入,郭淑芬,Q20*******,500.00,0.00,,金錢,嘉義縣中埔鄉****,0987*****,
7,張亞中,109年總統、副總統選舉,首次申報,1080606,個人捐贈收入,鄭君偉,R12*******,2000.00,0.00,,金錢,高雄市三民區****,0922*****,
8,張亞中,109年總統、副總統選舉,首次申報,1080606,個人捐贈收入,劉永康,S12*******,1000.00,0.00,,金錢,高雄市岡山區****,0952*****,
9,張亞中,109年總統、副總統選舉,首次申報,1080606,個人捐贈收入,楊家明,T12*******,2000.00,0.00,,金錢,高雄市大樹區****,0963*****,
10,張亞中,109年總統、副總統選舉,首次申報,1080606,個人捐贈收入,林英,Y20*******,10000.00,0.00,,金錢,台北市北投區****,0978*****,
11,張亞中,109年總統、副總統選舉,首次申報,1080608,個人捐贈收入,習賢德,F10*******,5000.00,0.00,,金錢,新北市新莊區****,0930*****,
12,張亞中,109年總統、副總統選舉,首次申報,1080608,個人捐贈收入,劉淑美,V22*******,10000.00,0.00,,金錢,新北市汐止區****,0928*****,
13,張亞中,109年總統、副總統選舉,首次申報,1080609,匿名捐贈,匿名,,500.00,0.00,,金錢,,,
14,張亞中,109年總統、副總統選舉,首次申報,1080609,個人捐贈收入,黃有為,F12*******,1000.00,0.00,,金錢,新北市新店區****,0922*****,
15,張亞中,109年總統、副總統選舉,首次申報,1080611,個人捐贈收入,周民英,Y20*******,1000.00,0.00,,金錢,台北市北投區****,0978*****,
16,張亞中,109年總統、副總統選舉,首次申報,1080612,個人捐贈收入,章育瑞,A20*******,2000.00,0.00,,金錢,台北市中山區****,0981*****,
17,張亞中,109年總統、副總統選舉,首次申報,1080612,個人捐贈收入,黃德龍,C10*******,2000.00,0.00,,金錢,基隆市中山區****,0910*****,
18,張亞中,109年總統、副總統選舉,首次申報,1080612,個人捐贈收入,梁乃匡,R10*******,1000.00,0.00,,金錢,台北市大安區****,0223*****,
19,張亞中,109年總統、副總統選舉,首次申報,1080612,個人捐贈收入,林誌良,T12*******,1000.00,0.00,,金錢,高雄市橋頭區****,0931*****,
20,張亞中,109年總統、副總統選舉,首次申報,1080614,個人捐贈收入,謝宗煌,E10*******,10000.00,0.00,,金錢,高雄市苓雅區****,0967*****,
21,張亞中,109年總統、副總統選舉,首次申報,1080615,個人捐贈收入,林寶玉,K20*******,2000.00,0.00,,金錢,台北市中山區****,0916*****,
22,張亞中,109年總統、副總統選舉,首次申報,1080617,匿名捐贈,匿名,,1000.00,0.00,,金錢,,,
23,張亞中,109年總統、副總統選舉,首次申報,1080617,匿名捐贈,匿名,,1000.00,0.00,,金錢,,,
24,張亞中,109年總統、副總統選舉,首次申報,1080617,其他收入,利息收入,,17.00,0.00,,金錢,,,
25,張亞中,109年總統、副總統選舉,首次申報,1080617,匿名捐贈,匿名,,565.00,0.00,,金錢,,,
26,張亞中,109年總統、副總統選舉,首次申報,1080625,個人捐贈收入,林其東,G12*******,1000.00,0.00,,金錢,新北市汐止區****,0930*****,
27,張亞中,109年總統、副總統選舉,首次申報,1080626,匿名捐贈,匿名,,500.00,0.00,,金錢,,,
28,張亞中,109年總統、副總統選舉,首次申報,1080626,個人捐贈收入,柯勝耀,A12*******,1000.00,0.00,,金錢,台北市中山區****,0910*****,
29,張亞中,109年總統、副總統選舉,首次申報,1080626,個人捐贈收入,詹雅玲,A22*******,5000.00,0.00,,金錢,台北市內湖區****,0920*****,
30,張亞中,109年總統、副總統選舉,首次申報,1080627,個人捐贈收入,黃婉琪,A22*******,777.00,0.00,,金錢,新北市汐止區****,0988*****,
31,張亞中,109年總統、副總統選舉,首次申報,1080628,匿名捐贈,匿名,,500.00,0.00,,金錢,,,
32,張亞中,109年總統、副總統選舉,首次申報,1080629,匿名捐贈,匿名,,1000.00,0.00,,金錢,,,
33,張亞中,109年總統、副總統選舉,首次申報,1080629,個人捐贈收入,邱金淑,N22*******,1000.00,0.00,,金錢,彰化縣員林鎮****,0919*****,
34,張亞中,109年總統、副總統選舉,首次申報,1080630,個人捐贈收入,唐沁文,A22*******,100000.00,0.00,,金錢,台北市中正區****,0922*****,
35,張亞中,109年總統、副總統選舉,首次申報,1080630,個人捐贈收入,梁亦賢,B22*******,2000.00,0.00,,金錢,台北市大安區****,0978*****,
36,張亞中,109年總統、副總統選舉,首次申報,1080630,個人捐贈收入,王美惠,E22*******,2000.00,0.00,,金錢,高雄市鼓山區****,0977*****,
37,張亞中,109年總統、副總統選舉,首次申報,1080630,個人捐贈收入,黃婷裔,T22*******,2000.00,0.00,,金錢,屏東縣屏東市****,0911*****,
38,張亞中,109年總統、副總統選舉,首次申報,1080701,匿名捐贈,匿名,,1000.00,0.00,,金錢,,,
39,張亞中,109年總統、副總統選舉,首次申報,1080701,個人捐贈收入,李逸君,S22*******,1000.00,0.00,,金錢,高雄市左營區****,0936*****,
40,張亞中,109年總統、副總統選舉,首次申報,1080702,匿名捐贈,匿名,,2000.00,0.00,,金錢,,,
41,張亞中,109年總統、副總統選舉,首次申報,1080702,匿名捐贈,匿名,,2000.00,0.00,,金錢,,,
42,張亞中,109年總統、副總統選舉,首次申報,1080702,個人捐贈收入,周中天,A10*******,2000.00,0.00,,金錢,台北市信義區****,0926*****,
43,張亞中,109年總統、副總統選舉,首次申報,1080703,匿名捐贈,匿名,,500.00,0.00,,金錢,,,
44,張亞中,109年總統、副總統選舉,首次申報,1080703,個人捐贈收入,黃德龍,C10*******,5000.00,0.00,,金錢,基隆市中山區****,0910*****,
45,張亞中,109年總統、副總統選舉,首次申報,1080704,匿名捐贈,匿名,,2000.00,0.00,,金錢,,,
46,張亞中,109年總統、副總統選舉,首次申報,1080704,個人捐贈收入,王松嵐,A20*******,5000.00,0.00,,金錢,台北市信義區****,0972*****,
47,張亞中,109年總統、副總統選舉,首次申報,1080704,個人捐贈收入,李鳴虹,B22*******,1000.00,0.00,,金錢,台中市北屯區****,0982*****,
48,張亞中,109年總統、副總統選舉,首次申報,1080704,個人捐贈收入,李浥,D22*******,1000.00,0.00,,金錢,台中市西區東****,0972*****,
49,張亞中,109年總統、副總統選舉,首次申報,1080704,個人捐贈收入,何惠芬,E22*******,500.00,0.00,,金錢,台中市南屯區****,0986*****,
50,張亞中,109年總統、副總統選舉,首次申報,1080704,個人捐贈收入,王嘉民,F12*******,1000.00,0.00,,金錢,新北市蘆洲區****,0935*****,
51,張亞中,109年總統、副總統選舉,首次申報,1080705,個人捐贈收入,王素媛,B22*******,2000.00,0.00,,金錢,台中市西屯區****,0928*****,
52,張亞中,109年總統、副總統選舉,首次申報,1080705,個人捐贈收入,向先台,S12*******,50000.00,0.00,,金錢,新竹市東區世****,0935*****,
53,張亞中,109年總統、副總統選舉,首次申報,1080707,個人捐贈收入,施美枝,,10000.00,0.00,,金錢,台中市北區陝****,0934*****,
54,張亞中,109年總統、副總統選舉,首次申報,1080707,匿名捐贈,匿名,,1000.00,0.00,,金錢,,,
55,張亞中,109年總統、副總統選舉,首次申報,1080707,個人捐贈收入,陳淑玫,N22*******,500.00,0.00,,金錢,彰化縣彰化市****,0910*****,
56,張亞中,109年總統、副總統選舉,首次申報,1080707,個人捐贈收入,黃慶靈,T10*******,2000.00,0.00,,金錢,新北市新店區****,0935*****,
57,張亞中,109年總統、副總統選舉,首次申報,1080708,個人捐贈收入,歐陽淑娟,E22*******,2000.00,0.00,,金錢,桃園市八德區****,0927*****,
58,張亞中,109年總統、副總統選舉,首次申報,1080709,匿名捐贈,匿名,,500.00,0.00,,金錢,,,
59,張亞中,109年總統、副總統選舉,首次申報,1080709,個人捐贈收入,陳姵妤,A22*******,100.00,0.00,,金錢,台北市信義區****,0975*****,
60,張亞中,109年總統、副總統選舉,首次申報,1080709,個人捐贈收入,兪允惠,Q22*******,2000.00,0.00,,金錢,,0933*****,
61,張亞中,109年總統、副總統選舉,首次申報,1080709,個人捐贈收入,林美枝,V22*******,10000.00,0.00,,金錢,桃園市桃園區****,0926*****,
62,張亞中,109年總統、副總統選舉,首次申報,1080710,個人捐贈收入,林源峰,N12*******,2000.00,0.00,,金錢,學前街號巷號****,0970*****,
63,張亞中,109年總統、副總統選舉,首次申報,1080712,個人捐贈收入,張承華,B22*******,5000.00,0.00,,金錢,新北市林口區****,0937*****,
64,張亞中,109年總統、副總統選舉,首次申報,1080713,匿名捐贈,匿名,,500.00,0.00,,金錢,,,
65,張亞中,109年總統、副總統選舉,首次申報,1080713,個人捐贈收入,顏志成,R12*******,2000.00,0.00,,金錢,台南市永康區****,0985*****,
66,張亞中,109年總統、副總統選舉,首次申報,1080714,匿名捐贈,匿名,,500.00,0.00,,金錢,,,
67,張亞中,109年總統、副總統選舉,首次申報,1080714,個人捐贈收入,馬惠玲,H22*******,1000.00,0.00,,金錢,高雄市鳥松區****,0929*****,
68,張亞中,109年總統、副總統選舉,首次申報,1080714,個人捐贈收入,李思嫺,R22*******,1000.00,0.00,,金錢,台北市北投區****,0970*****,
69,張亞中,109年總統、副總統選舉,首次申報,1080715,個人捐贈收入,陳子勤,G22*******,1500.00,0.00,,金錢,宜蘭縣壯圍鄉****,0966*****,
70,張亞中,109年總統、副總統選舉,首次申報,1080715,個人捐贈收入,楊雪梅,H22*******,500.00,0.00,,金錢,桃園市龜山區****,0920*****,
