﻿序號,擬參選人／政黨,選舉名稱,申報序號／年度,交易日期,收支科目,捐贈者／支出對象,身分證／統一編號,收入金額,支出金額,捐贈方式,存入專戶日期,返還/繳庫,支出用途,金錢類,地址,聯絡電話,應揭露之支出對象,支出對象之內部人員姓名,支出對象之內部人員職稱,政黨之內部人員姓名,政黨之內部人員職稱,關係,更正註記,資料更正日期
1,曾培雅,111年臺南市議員選舉,首次申報,1110620,個人捐贈收入,劉力瑋,F12*******,100000.00,0.00,匯款,1110620,,,金錢,臺南市東區崇****,,,,,,,,,
2,曾培雅,111年臺南市議員選舉,首次申報,1110718,營利事業捐贈收入,新承鋁合金(股)公司,12799472,100000.00,0.00,現金,1110718,,,金錢,臺南市仁德區****,06-2*****,,,,,,,,
3,曾培雅,111年臺南市議員選舉,首次申報,1110718,個人捐贈收入,林永,M12*******,50000.00,0.00,票據,1110718,,,金錢,臺南市永康區****,,,,,,,,,
4,曾培雅,111年臺南市議員選舉,首次申報,1110718,個人捐贈收入,方振崑,Q12*******,100000.00,0.00,匯款,1110718,,,金錢,臺南市東區裕****,,,,,,,,,
5,曾培雅,111年臺南市議員選舉,首次申報,1110718,個人捐贈收入,李慧正,S22*******,20000.00,0.00,現金,1110718,,,金錢,臺南市東區裕****,,,,,,,,,
6,曾培雅,111年臺南市議員選舉,首次申報,1110719,營利事業捐贈收入,新承鋁合金(股)公司,12799472,50000.00,0.00,現金,1110719,,,金錢,臺南市仁德區****,,,,,,,,,
7,曾培雅,111年臺南市議員選舉,首次申報,1110802,個人捐贈收入,王明遠,,10000.00,0.00,現金,1110805,,,金錢,臺南市東區崇****,,,,,,,,,
8,曾培雅,111年臺南市議員選舉,首次申報,1110802,個人捐贈收入,歐宇婷,D22*******,100000.00,0.00,現金,1110802,,,金錢,臺南市東區瑞****,0960*****,,,,,,,,
9,曾培雅,111年臺南市議員選舉,首次申報,1110808,營利事業捐贈收入,千興投資股份有限公司,23219937,300030.00,0.00,匯款,1110808,,,金錢,臺南市北區西****,,,,,,,,,
10,曾培雅,111年臺南市議員選舉,首次申報,1110815,個人捐贈收入,陳正章,D12*******,50000.00,0.00,現金,1110815,,,金錢,臺南市東區長****,,,,,,,,,
11,曾培雅,111年臺南市議員選舉,首次申報,1110824,營利事業捐贈收入,金華興工業股份有限公司,84561770,100000.00,0.00,現金,1110825,,,金錢,高雄市湖內區****,,,,,,,,,
12,曾培雅,111年臺南市議員選舉,首次申報,1110825,營利事業捐贈收入,美信塑膠股份有限公司,13022111,60000.00,0.00,現金,1110825,,,金錢,臺南市仁德區****,0972*****,,,,,,,,
13,曾培雅,111年臺南市議員選舉,首次申報,1110825,個人捐贈收入,歐政豪,D12*******,60000.00,0.00,現金,1110825,,,金錢,臺南市東區崇****,,,,,,,,,
14,曾培雅,111年臺南市議員選舉,首次申報,1110825,個人捐贈收入,施穎銘,P12*******,50000.00,0.00,現金,1110825,,,金錢,臺南市仁德區****,,,,,,,,,
15,曾培雅,111年臺南市議員選舉,首次申報,1110905,個人捐贈收入,何蔭,,10000.00,0.00,現金,1110905,,,金錢,臺南市東區崇****,0932*****,,,,,,,,
16,曾培雅,111年臺南市議員選舉,首次申報,1110905,個人捐贈收入,張瑞華,,5000.00,0.00,現金,1110905,,,金錢,臺南市東區崇****,,,,,,,,,
17,曾培雅,111年臺南市議員選舉,首次申報,1110905,個人捐贈收入,邱茂吉,R12*******,50000.00,0.00,現金,1110905,,,金錢,臺南市北區文****,,,,,,,,,
18,曾培雅,111年臺南市議員選舉,首次申報,1110905,個人捐贈收入,薛淳方,R22*******,50000.00,0.00,匯款,1110905,,,金錢,臺南市東區中****,,,,,,,,,
19,曾培雅,111年臺南市議員選舉,首次申報,1110906,個人捐贈收入,林尚德,,30000.00,0.00,現金,1110913,,,金錢,臺南市安南區****,0916*****,,,,,,,,
20,曾培雅,111年臺南市議員選舉,首次申報,1110906,營利事業捐贈收入,允成開發建設有限公司,53305157,30000.00,0.00,現金,1110913,,,金錢,臺南市安平區****,,,,,,,,,
21,曾培雅,111年臺南市議員選舉,首次申報,1110906,個人捐贈收入,陳樹華,D12*******,30000.00,0.00,匯款,1110906,,,金錢,臺南市北區西****,,,,,,,,,
22,曾培雅,111年臺南市議員選舉,首次申報,1110912,個人捐贈收入,許金柱,,3000.00,0.00,現金,1110913,,,金錢,臺南市東區崇****,,,,,,,,,
23,曾培雅,111年臺南市議員選舉,首次申報,1110913,營利事業捐贈收入,元和人力資源管理顧問有限公司,53617200,20000.00,0.00,現金,1110916,,,金錢,臺南市永康區****,,,,,,,,,
24,曾培雅,111年臺南市議員選舉,首次申報,1110913,營利事業捐贈收入,富茗汽車企業有限公司,73684064,20000.00,0.00,匯款,1110913,,,金錢,臺南市西港區****,,,,,,,,,
25,曾培雅,111年臺南市議員選舉,首次申報,1110914,個人捐贈收入,陳仁政,,5000.00,0.00,現金,1110916,,,金錢,臺南市歸仁區****,,,,,,,,,
26,曾培雅,111年臺南市議員選舉,首次申報,1110914,個人捐贈收入,吳明正,D12*******,50000.00,0.00,匯款,1110914,,,金錢,臺南市中西區****,,,,,,,,,
27,曾培雅,111年臺南市議員選舉,首次申報,1110914,個人捐贈收入,于鈞丞,D12*******,10000.00,0.00,現金,1110916,,,金錢,臺南市北區北****,,,,,,,,,
28,曾培雅,111年臺南市議員選舉,首次申報,1110914,個人捐贈收入,黃富榮,S12*******,6000.00,0.00,現金,1110914,,,金錢,臺南市東區府****,,,,,,,,,
29,曾培雅,111年臺南市議員選舉,首次申報,1110916,營利事業捐贈收入,寬爵光學開發企業有限公司,12782090,10000.00,0.00,現金,1110916,,,金錢,臺南市北區小****,,,,,,,,,
30,曾培雅,111年臺南市議員選舉,首次申報,1110916,個人捐贈收入,蘇靖雅,R20*******,10000.00,0.00,現金,1110916,,,金錢,臺南市東區崇****,,,,,,,,,
31,曾培雅,111年臺南市議員選舉,首次申報,1110918,個人捐贈收入,蔡慧萍,D22*******,20000.00,0.00,匯款,1110918,,,金錢,臺南市中西區****,,,,,,,,,
32,曾培雅,111年臺南市議員選舉,首次申報,1110919,營利事業捐贈收入,晁鎰實業股份有限公司,06384812,10000.00,0.00,匯款,1110919,,,金錢,臺南市永康區****,,,,,,,,,
33,曾培雅,111年臺南市議員選舉,首次申報,1110919,營利事業捐贈收入,禾豐室內裝修設計有限公司,25176173,20000.00,0.00,匯款,1110919,,,金錢,臺南市永康區****,,,,,,,,,
34,曾培雅,111年臺南市議員選舉,首次申報,1110919,個人捐贈收入,林政叡,D12*******,20000.00,0.00,現金,1110919,,,金錢,臺南市東區裕****,,,,,,,,,
35,曾培雅,111年臺南市議員選舉,首次申報,1110919,個人捐贈收入,陳生進,X10*******,10000.00,0.00,匯款,1110919,,,金錢,臺南市西港區****,,,,,,,,,
36,曾培雅,111年臺南市議員選舉,首次申報,1110920,個人捐贈收入,曹月治,,20000.00,0.00,匯款,1110920,,,金錢,臺南市南區中****,,,,,,,,,
37,曾培雅,111年臺南市議員選舉,首次申報,1110920,營利事業捐贈收入,希諾奇有限公司,24350420,100000.00,0.00,匯款,1110920,已返還,,金錢,嘉義市西區友****,,,,,,,,,
38,曾培雅,111年臺南市議員選舉,首次申報,1110920,營利事業捐贈收入,希諾奇有限公司,24350420,100000.00,0.00,匯款,1110920,已返還,,金錢,嘉義市西區友****,,,,,,,,,
39,曾培雅,111年臺南市議員選舉,首次申報,1110920,營利事業捐贈收入,文弘國際股份有限公司,25091457,100000.00,0.00,匯款,1110920,,,金錢,臺南市安南區****,,,,,,,,,
40,曾培雅,111年臺南市議員選舉,首次申報,1110920,個人捐贈收入,蔡兆鴻,D10*******,2000.00,0.00,現金,1110921,,,金錢,臺南市東區東****,,,,,,,,,
41,曾培雅,111年臺南市議員選舉,首次申報,1110920,個人捐贈收入,林新民,D12*******,10000.00,0.00,現金,1110921,,,金錢,臺南市東區自****,,,,,,,,,
42,曾培雅,111年臺南市議員選舉,首次申報,1110920,個人捐贈收入,王群堯,D12*******,10000.00,0.00,匯款,1110920,,,金錢,臺南市南區中****,,,,,,,,,
43,曾培雅,111年臺南市議員選舉,首次申報,1110920,個人捐贈收入,楊淙德,S10*******,20000.00,0.00,現金,1110921,,,金錢,臺南市南區仁****,,,,,,,,,
44,曾培雅,111年臺南市議員選舉,首次申報,1110921,人民團體捐贈收入,台南市府城桌球協會,,10000.00,0.00,現金,1110922,,,金錢,臺南市東區長****,,,,,,,,,
45,曾培雅,111年臺南市議員選舉,首次申報,1110921,個人捐贈收入,李秋金,,3000.00,0.00,匯款,1110921,,,金錢,臺南市中西區****,,,,,,,,,
46,曾培雅,111年臺南市議員選舉,首次申報,1110921,個人捐贈收入,林榮宗,R10*******,6000.00,0.00,現金,1110921,,,金錢,臺南市東區崇****,,,,,,,,,
47,曾培雅,111年臺南市議員選舉,首次申報,1110921,個人捐贈收入,蘇芳慧,R22*******,10000.00,0.00,現金,1110921,,,金錢,臺南市東區東****,,,,,,,,,
48,曾培雅,111年臺南市議員選舉,首次申報,1110922,個人捐贈收入,魏素霞,,2000.00,0.00,現金,1110922,,,金錢,臺南市東區富****,,,,,,,,,
49,曾培雅,111年臺南市議員選舉,首次申報,1110922,匿名捐贈,匿名,,2000.00,0.00,現金,1110922,,,金錢,,,,,,,,,,
50,曾培雅,111年臺南市議員選舉,首次申報,1110922,匿名捐贈,匿名,,6000.00,0.00,現金,1110922,,,金錢,,,,,,,,,,
51,曾培雅,111年臺南市議員選舉,首次申報,1110922,營利事業捐贈收入,崧柏電子有限公司,28161076,100000.00,0.00,匯款,1110922,,,金錢,臺南市安南區****,,,,,,,,,
52,曾培雅,111年臺南市議員選舉,首次申報,1110922,營利事業捐贈收入,林美緣保險經紀人,85584624,20000.00,0.00,現金,1110922,,,金錢,臺南市北區北****,,,,,,,,,
53,曾培雅,111年臺南市議員選舉,首次申報,1110922,個人捐贈收入,邱慈意,D12*******,50000.00,0.00,現金,1110922,,,金錢,臺南市中西區****,0988*****,,,,,,,,
54,曾培雅,111年臺南市議員選舉,首次申報,1110923,營利事業捐贈收入,聯邦電力工程股份有限公司,22223413,100000.00,0.00,現金,1110926,已返還,,金錢,臺南市東區崇****,,,,,,,,,
55,曾培雅,111年臺南市議員選舉,首次申報,1110923,個人捐贈收入,陳姿瑾,A22*******,50000.00,0.00,現金,1110926,,,金錢,臺南市東區崇****,0935*****,,,,,,,,
56,曾培雅,111年臺南市議員選舉,首次申報,1110923,個人捐贈收入,曾繁章,N12*******,8000.00,0.00,現金,1110923,,,金錢,臺南市東區崇****,,,,,,,,,
57,曾培雅,111年臺南市議員選舉,首次申報,1110923,個人捐贈收入,潘顯堂,R10*******,100000.00,0.00,票據,1110923,,,金錢,臺南市新營區****,,,,,,,,,
58,曾培雅,111年臺南市議員選舉,首次申報,1110923,個人捐贈收入,許月桂,R22*******,20000.00,0.00,現金,1110926,,,金錢,臺南市東區東****,0937*****,,,,,,,,
59,曾培雅,111年臺南市議員選舉,首次申報,1110923,個人捐贈收入,陸東原,S10*******,10000.00,0.00,現金,1110926,,,金錢,臺南市東區崇****,2682*****,,,,,,,,
60,曾培雅,111年臺南市議員選舉,首次申報,1110924,個人捐贈收入,黃賜源,,10000.00,0.00,現金,1110926,,,金錢,臺南市安南區****,,,,,,,,,
61,曾培雅,111年臺南市議員選舉,首次申報,1110924,個人捐贈收入,吳遐榮,,20000.00,0.00,現金,1110926,,,金錢,臺南市東區崇****,,,,,,,,,
62,曾培雅,111年臺南市議員選舉,首次申報,1110924,人民團體捐贈收入,台南市各商業同業公會,,1200.00,0.00,現金,1110926,,,金錢,臺南市南區新****,,,,,,,,,
63,曾培雅,111年臺南市議員選舉,首次申報,1110924,個人捐贈收入,許益源,,10000.00,0.00,現金,1110926,,,金錢,臺南市中西區****,,,,,,,,,
64,曾培雅,111年臺南市議員選舉,首次申報,1110924,營利事業捐贈收入,順典企業有限公司,16509903,10000.00,0.00,現金,1110926,,,金錢,臺南市歸仁區****,,,,,,,,,
65,曾培雅,111年臺南市議員選舉,首次申報,1110924,營利事業捐贈收入,台灣貝印股份有限公司,23479784,20000.00,0.00,現金,1110926,,,金錢,臺南市南區惠****,,,,,,,,,
66,曾培雅,111年臺南市議員選舉,首次申報,1110924,營利事業捐贈收入,台南維新脊骨神經復健診所,40756827,10000.00,0.00,現金,1110926,,,金錢,臺南市北區海****,,,,,,,,,
67,曾培雅,111年臺南市議員選舉,首次申報,1110924,營利事業捐贈收入,上崙工業有限公司,53282252,20000.00,0.00,現金,1110926,已返還,,金錢,臺南市東區中****,,,,,,,,,
68,曾培雅,111年臺南市議員選舉,首次申報,1110924,營利事業捐贈收入,華億水電工程股份有限公司,89332782,30000.00,0.00,現金,1110926,,,金錢,臺南市東區仁****,,,,,,,,,
69,曾培雅,111年臺南市議員選舉,首次申報,1110924,個人捐贈收入,龔森,D10*******,10000.00,0.00,現金,1110926,,,金錢,臺南市安平區****,,,,,,,,,
70,曾培雅,111年臺南市議員選舉,首次申報,1110924,個人捐贈收入,李鍾樂,D10*******,10000.00,0.00,現金,1110926,,,金錢,臺南市南區新****,,,,,,,,,
71,曾培雅,111年臺南市議員選舉,首次申報,1110924,個人捐贈收入,施伯諭,D12*******,5000.00,0.00,現金,1110926,,,金錢,臺南市仁德區****,,,,,,,,,
72,曾培雅,111年臺南市議員選舉,首次申報,1110924,個人捐贈收入,許世德,D12*******,10000.00,0.00,現金,1110926,,,金錢,臺北市內湖區****,,,,,,,,,
73,曾培雅,111年臺南市議員選舉,首次申報,1110924,個人捐贈收入,黃懸民,D12*******,10000.00,0.00,現金,1110926,,,金錢,臺南市安平區****,,,,,,,,,
74,曾培雅,111年臺南市議員選舉,首次申報,1110924,個人捐贈收入,陳進祥,D12*******,3000.00,0.00,現金,1110926,,,金錢,臺南市南區鹽****,,,,,,,,,
75,曾培雅,111年臺南市議員選舉,首次申報,1110924,個人捐贈收入,吳孔文,D12*******,30000.00,0.00,現金,1110926,,,金錢,臺南市北區文****,,,,,,,,,
76,曾培雅,111年臺南市議員選舉,首次申報,1110924,個人捐贈收入,林俊良,D12*******,10000.00,0.00,現金,1110926,,,金錢,臺南市南區永****,,,,,,,,,
77,曾培雅,111年臺南市議員選舉,首次申報,1110924,個人捐贈收入,謝雅音,D22*******,20000.00,0.00,現金,1110926,,,金錢,臺南市安南區****,,,,,,,,,
78,曾培雅,111年臺南市議員選舉,首次申報,1110924,個人捐贈收入,侯翠玲,F22*******,10000.00,0.00,現金,1110926,,,金錢,臺南市東區裕****,,,,,,,,,
79,曾培雅,111年臺南市議員選舉,首次申報,1110924,個人捐贈收入,陳土金,L10*******,2000.00,0.00,現金,1110926,,,金錢,臺南市東區長****,,,,,,,,,
80,曾培雅,111年臺南市議員選舉,首次申報,1110924,個人捐贈收入,張峰銘,R12*******,5000.00,0.00,現金,1110926,,,金錢,臺南市新市區****,0913*****,,,,,,,,
81,曾培雅,111年臺南市議員選舉,首次申報,1110924,個人捐贈收入,吳聰鑫,R12*******,60000.00,0.00,現金,1110926,,,金錢,臺南市東區裕****,,,,,,,,,
82,曾培雅,111年臺南市議員選舉,首次申報,1110924,個人捐贈收入,邱千容,R22*******,5000.00,0.00,現金,1110926,,,金錢,臺南市東區自****,0915*****,,,,,,,,
83,曾培雅,111年臺南市議員選舉,首次申報,1110924,個人捐贈收入,林作樞,S12*******,20000.00,0.00,現金,1110926,,,金錢,臺南市東區東****,,,,,,,,,
84,曾培雅,111年臺南市議員選舉,首次申報,1110924,個人捐贈收入,顏意婕,S22*******,20000.00,0.00,現金,1110926,,,金錢,臺南市中西區****,,,,,,,,,
85,曾培雅,111年臺南市議員選舉,首次申報,1110924,個人捐贈收入,詹鈞詠,T12*******,5000.00,0.00,現金,1110926,,,金錢,臺北市內湖區****,,,,,,,,,
86,曾培雅,111年臺南市議員選舉,首次申報,1110925,個人捐贈收入,周美緣,,5000.00,0.00,現金,1110926,,,金錢,臺南市東區榮****,,,,,,,,,
87,曾培雅,111年臺南市議員選舉,首次申報,1110926,個人捐贈收入,曾榆鈞,,10000.00,0.00,匯款,1110926,,,金錢,高雄市前鎮區****,,,,,,,,,
88,曾培雅,111年臺南市議員選舉,首次申報,1110926,個人捐贈收入,郭欽仁,N12*******,6000.00,0.00,現金,1110926,,,金錢,臺南市仁德區****,,,,,,,,,
89,曾培雅,111年臺南市議員選舉,首次申報,1110927,營利事業捐贈收入,信富發建設有限公司,27825527,50000.00,0.00,現金,1110928,,,金錢,臺南市永康區****,,,,,,,,,
90,曾培雅,111年臺南市議員選舉,首次申報,1110927,個人捐贈收入,丘瀚文,A12*******,50000.00,0.00,匯款,1110927,,,金錢,臺北市中正區****,0956*****,,,,,,,,
91,曾培雅,111年臺南市議員選舉,首次申報,1110928,個人捐贈收入,李明憲,,20000.00,0.00,現金,1110928,,,金錢,臺南市仁德區****,,,,,,,,,
92,曾培雅,111年臺南市議員選舉,首次申報,1110928,營利事業捐贈收入,六合鋁業股份有限公司,23519054,30000.00,0.00,現金,1110928,,,金錢,臺南市關廟區****,06-5*****,,,,,,,,
93,曾培雅,111年臺南市議員選舉,首次申報,1110928,個人捐贈收入,楊朝欽,D10*******,20000.00,0.00,票據,1110928,,,金錢,臺南市東區慶****,,,,,,,,,
94,曾培雅,111年臺南市議員選舉,首次申報,1111001,個人捐贈收入,侯孫冬梅,,5000.00,0.00,匯款,1111001,,,金錢,臺南市中西區****,,,,,,,,,
95,曾培雅,111年臺南市議員選舉,首次申報,1111003,個人捐贈收入,莊文典,,1000.00,0.00,匯款,1111003,,,金錢,臺南市永康區****,,,,,,,,,
96,曾培雅,111年臺南市議員選舉,首次申報,1111003,個人捐贈收入,莊文典,,1000.00,0.00,現金,1111003,,,金錢,臺南市永康區****,,,,,,,,,
97,曾培雅,111年臺南市議員選舉,首次申報,1111003,營利事業捐贈收入,富雄投資股份有限公司,12955206,100000.00,0.00,票據,1111011,,,金錢,臺北市大安區****,,,,,,,,,
98,曾培雅,111年臺南市議員選舉,首次申報,1111003,個人捐贈收入,李鍾樂,D10*******,5000.00,0.00,現金,1111004,,,金錢,臺南市安平區****,0933*****,,,,,,,,
99,曾培雅,111年臺南市議員選舉,首次申報,1111003,個人捐贈收入,李俊毅,D12*******,10000.00,0.00,現金,1111004,,,金錢,臺南市東區崇****,,,,,,,,,
100,曾培雅,111年臺南市議員選舉,首次申報,1111003,個人捐贈收入,謝淑珍,R22*******,20000.00,0.00,現金,1111004,,,金錢,臺南市東區崇****,0910*****,,,,,,,,
101,曾培雅,111年臺南市議員選舉,首次申報,1111004,營利事業捐贈收入,成真營造有限公司,16733830,36000.00,0.00,現金,1111005,,,金錢,臺南市北區南****,0929*****,,,,,,,,
102,曾培雅,111年臺南市議員選舉,首次申報,1111004,個人捐贈收入,薛淳方,R22*******,50000.00,0.00,匯款,1111004,,,金錢,臺南市東區中****,0936*****,,,,,,,,
103,曾培雅,111年臺南市議員選舉,首次申報,1111005,個人捐贈收入,甘明村,R10*******,50000.00,0.00,現金,1111005,,,金錢,臺南市東區自****,,,,,,,,,
104,曾培雅,111年臺南市議員選舉,首次申報,1111006,個人捐贈收入,謝貳上,,20000.00,0.00,匯款,1111006,,,金錢,臺南市永康區****,,,,,,,,,
105,曾培雅,111年臺南市議員選舉,首次申報,1111007,營利事業捐贈收入,宏駿通運有限公司,28359680,60000.00,0.00,現金,1111007,,,金錢,臺南市東區崇****,0626*****,,,,,,,,
106,曾培雅,111年臺南市議員選舉,首次申報,1111012,營利事業捐贈收入,銘隆節能科技股份有限公司,70683549,60000.00,0.00,票據,1111018,,,金錢,臺南市永康區****,,,,,,,,,
107,曾培雅,111年臺南市議員選舉,首次申報,1111013,營利事業捐贈收入,捷拓科技股份有限公司,23829163,50000.00,0.00,匯款,1111013,,,金錢,臺南市南區安****,,,,,,,,,
108,曾培雅,111年臺南市議員選舉,首次申報,1111013,個人捐贈收入,曾俊欽,D12*******,20000.00,0.00,現金,1111014,,,金錢,臺南市仁德區****,,,,,,,,,
109,曾培雅,111年臺南市議員選舉,首次申報,1111013,個人捐贈收入,張錦雪,R22*******,10000.00,0.00,現金,1111014,,,金錢,臺南市歸仁區****,,,,,,,,,
110,曾培雅,111年臺南市議員選舉,首次申報,1111014,個人捐贈收入,白萬春,,10000.00,0.00,現金,1111014,,,金錢,臺中市大里區****,,,,,,,,,
111,曾培雅,111年臺南市議員選舉,首次申報,1111014,個人捐贈收入,宋瑞賢,,20000.00,0.00,現金,1111018,,,金錢,臺南市東區自****,,,,,,,,,
112,曾培雅,111年臺南市議員選舉,首次申報,1111014,個人捐贈收入,葉明池,,20000.00,0.00,現金,1111018,,,金錢,臺南市永康區****,,,,,,,,,
113,曾培雅,111年臺南市議員選舉,首次申報,1111014,營利事業捐贈收入,金立興營造,23948457,60000.00,0.00,匯款,1111014,,,金錢,臺南市永康區****,06-2*****,,,,,,,,
114,曾培雅,111年臺南市議員選舉,首次申報,1111014,營利事業捐贈收入,高鼎企業行,40881016,100000.00,0.00,現金,1111014,,,金錢,臺南市東區裕****,,,,,,,,,
115,曾培雅,111年臺南市議員選舉,首次申報,1111014,個人捐贈收入,方秀珠,D22*******,100000.00,0.00,現金,1111014,,,金錢,臺南市東區崇****,,,,,,,,,
116,曾培雅,111年臺南市議員選舉,首次申報,1111015,個人捐贈收入,吳秉蒼,,10000.00,0.00,現金,1111018,,,金錢,臺南市東區富****,3356*****,,,,,,,,
117,曾培雅,111年臺南市議員選舉,首次申報,1111016,個人捐贈收入,李美蓉,E22*******,20000.00,0.00,現金,1111018,,,金錢,臺南市東區崇****,,,,,,,,,
118,曾培雅,111年臺南市議員選舉,首次申報,1111018,個人捐贈收入,黃勝強,R12*******,100000.00,0.00,現金,1111018,,,金錢,臺南市仁德區****,,,,,,,,,
119,曾培雅,111年臺南市議員選舉,首次申報,1111019,個人捐贈收入,侯建仲,A12*******,10000.00,0.00,現金,1111021,,,金錢,高雄市鼓山區****,,,,,,,,,
120,曾培雅,111年臺南市議員選舉,首次申報,1111020,個人捐贈收入,巫春喜,,20000.00,0.00,現金,1111021,,,金錢,臺南市東區中****,0980*****,,,,,,,,
121,曾培雅,111年臺南市議員選舉,首次申報,1111020,個人捐贈收入,陳俊諭,D10*******,10000.00,0.00,現金,1111021,,,金錢,臺南市東區仁****,,,,,,,,,
122,曾培雅,111年臺南市議員選舉,首次申報,1111021,個人捐贈收入,陳仕逸,D12*******,100000.00,0.00,現金,1111021,,,金錢,臺南市安南區****,,,,,,,,,
123,曾培雅,111年臺南市議員選舉,首次申報,1111021,個人捐贈收入,陳秋麗,R20*******,10000.00,0.00,現金,1111021,,,金錢,臺南市永康區****,,,,,,,,,
124,曾培雅,111年臺南市議員選舉,首次申報,1111021,個人捐贈收入,吳思儀,R20*******,10000.00,0.00,現金,1111021,,,金錢,臺南市北區大****,,,,,,,,,
125,曾培雅,111年臺南市議員選舉,首次申報,1111024,個人捐贈收入,鄭翰,,15000.00,0.00,現金,1111025,,,金錢,臺南市安南區****,0628*****,,,,,,,,
126,曾培雅,111年臺南市議員選舉,首次申報,1111024,個人捐贈收入,鄭羽芠,,15000.00,0.00,現金,1111025,,,金錢,臺南市安南區****,0628*****,,,,,,,,
127,曾培雅,111年臺南市議員選舉,首次申報,1111024,營利事業捐贈收入,弘樺營造有限公司,23805471,20000.00,0.00,現金,1111025,已返還,,金錢,臺南市永康區****,,,,,,,,,
128,曾培雅,111年臺南市議員選舉,首次申報,1111025,個人捐贈收入,林政叡,,20000.00,0.00,現金,1111028,,,金錢,臺南市東區裕****,0929*****,,,,,,,,
129,曾培雅,111年臺南市議員選舉,首次申報,1111027,營利事業捐贈收入,豪棋建設開發有限公司,28356065,30000.00,0.00,現金,1111028,已返還,,金錢,臺南市東區崇****,0922*****,,,,,,,,
130,曾培雅,111年臺南市議員選舉,首次申報,1111027,個人捐贈收入,黃昭彰,D12*******,20000.00,0.00,現金,1111028,,,金錢,臺南市東區崇****,,,,,,,,,
131,曾培雅,111年臺南市議員選舉,首次申報,1111027,個人捐贈收入,李碧娥,S22*******,6000.00,0.00,現金,1111028,,,金錢,高雄市岡山區****,0927*****,,,,,,,,
132,曾培雅,111年臺南市議員選舉,首次申報,1111028,個人捐贈收入,周忠毅,,3000.00,0.00,匯款,1111028,,,金錢,臺南市北區文****,,,,,,,,,
133,曾培雅,111年臺南市議員選舉,首次申報,1111031,個人捐贈收入,陳政仁,,8000.00,0.00,現金,1111104,,,金錢,臺南市北區大****,0958*****,,,,,,,,
134,曾培雅,111年臺南市議員選舉,首次申報,1111101,個人捐贈收入,蘇太郎,,5000.00,0.00,現金,1111104,,,金錢,臺南市南區灣****,,,,,,,,,
135,曾培雅,111年臺南市議員選舉,首次申報,1111101,營利事業捐贈收入,玄饌海鮮宴會館,40875252,20000.00,0.00,現金,1111104,,,金錢,臺南市安平區****,,,,,,,,,
136,曾培雅,111年臺南市議員選舉,首次申報,1111102,人民團體捐贈收入,臺南市不動產開發商業同業公會,,100000.00,0.00,現金,1111104,,,金錢,臺南市安平區****,,,,,,,,,
137,曾培雅,111年臺南市議員選舉,首次申報,1111102,個人捐贈收入,蘇信介,D12*******,100000.00,0.00,現金,1111104,,,金錢,臺南市永康區****,0935*****,,,,,,,,
138,曾培雅,111年臺南市議員選舉,首次申報,1111103,營利事業捐贈收入,優人力國際股份有限公司,53470085,50000.00,0.00,現金,1111103,,,金錢,臺南市永康區****,,,,,,,,,
139,曾培雅,111年臺南市議員選舉,首次申報,1111104,個人捐贈收入,陳錦清,,10000.00,0.00,現金,1111104,,,金錢,臺南市東區自****,,,,,,,,,
140,曾培雅,111年臺南市議員選舉,首次申報,1111105,個人捐贈收入,鄭錦綉,,2000.00,0.00,現金,1111108,,,金錢,臺南市中西區****,,,,,,,,,
141,曾培雅,111年臺南市議員選舉,首次申報,1111107,營利事業捐贈收入,盈隆股份有限公司,90470811,50000.00,0.00,票據,1111108,已返還,,金錢,臺南市東區中****,06-2*****,,,,,,,,
142,曾培雅,111年臺南市議員選舉,首次申報,1111108,個人捐贈收入,吳平昆,P12*******,50000.00,0.00,現金,1111108,,,金錢,臺南市東區中****,,,,,,,,,
143,曾培雅,111年臺南市議員選舉,首次申報,1111109,個人捐贈收入,蔡坤財,,20000.00,0.00,匯款,1111109,,,金錢,臺南市北區小****,0963*****,,,,,,,,
144,曾培雅,111年臺南市議員選舉,首次申報,1111111,個人捐贈收入,張志忠,,10000.00,0.00,現金,1111111,,,金錢,高雄市阿蓮區****,,,,,,,,,
145,曾培雅,111年臺南市議員選舉,首次申報,1111111,個人捐贈收入,林慶輝,V12*******,30000.00,0.00,現金,1111111,,,金錢,臺南市東區崇****,,,,,,,,,
146,曾培雅,111年臺南市議員選舉,首次申報,1111114,營利事業捐贈收入,韋德汽車材料有限公司,97416692,10000.00,0.00,現金,1111121,已返還,,金錢,臺南市東區德****,,,,,,,,,
147,曾培雅,111年臺南市議員選舉,首次申報,1111114,個人捐贈收入,張志生,D12*******,50000.00,0.00,匯款,1111114,,,金錢,高雄市小港區****,,,,,,,,,
148,曾培雅,111年臺南市議員選舉,首次申報,1111115,個人捐贈收入,黃美惠,D22*******,50000.00,0.00,現金,1111115,,,金錢,臺南市東區德****,,,,,,,,,
149,曾培雅,111年臺南市議員選舉,首次申報,1111116,個人捐贈收入,高振堯,,10000.00,0.00,現金,1111116,,,金錢,臺南市東區崇****,,,,,,,,,
150,曾培雅,111年臺南市議員選舉,首次申報,1111118,個人捐贈收入,蘇老受,,20000.00,0.00,匯款,1111118,,,金錢,臺南市東區仁****,,,,,,,,,
151,曾培雅,111年臺南市議員選舉,首次申報,1111118,個人捐贈收入,鄭能樂,,10000.00,0.00,現金,1111121,,,金錢,臺南市東區仁****,,,,,,,,,
152,曾培雅,111年臺南市議員選舉,首次申報,1111118,個人捐贈收入,徐瑛聲,,6000.00,0.00,現金,1111121,,,金錢,臺南市東區崇****,,,,,,,,,
153,曾培雅,111年臺南市議員選舉,首次申報,1111121,個人捐贈收入,杜明南,,20000.00,0.00,現金,1111121,,,金錢,臺南市東區裕****,,,,,,,,,
154,曾培雅,111年臺南市議員選舉,首次申報,1111121,個人捐贈收入,林玉信,,10000.00,0.00,現金,1111128,,,金錢,臺南市歸仁區****,,,,,,,,,
155,曾培雅,111年臺南市議員選舉,首次申報,1111123,營利事業捐贈收入,友鵬有限公司,23876469,30000.00,0.00,票據,1111129,,,金錢,臺南市仁德區****,,,,,,,,,
156,曾培雅,111年臺南市議員選舉,首次申報,1111124,匿名捐贈,匿名,,1600.00,0.00,匯款,1111124,,,金錢,,,,,,,,,,
157,曾培雅,111年臺南市議員選舉,首次申報,1111124,營利事業捐贈收入,金銀座國際股份有限公司,12987951,20000.00,0.00,現金,1111128,,,金錢,臺南市東區崇****,,,,,,,,,
158,曾培雅,111年臺南市議員選舉,首次申報,1111125,個人捐贈收入,萬麗昇,,10000.00,0.00,現金,1111206,,,金錢,臺南市東區崇****,,,,,,,,,
159,曾培雅,111年臺南市議員選舉,首次申報,1111125,營利事業捐贈收入,成福汽車修配廠所,78676296,20000.00,0.00,現金,1111209,,,金錢,臺南市北區西****,,,,,,,,,
160,曾培雅,111年臺南市議員選舉,首次申報,1111125,個人捐贈收入,楊素珍,R20*******,100000.00,0.00,現金,1111206,,,金錢,臺南市東區仁****,,,,,,,,,
