﻿序號,擬參選人／政黨,選舉名稱,申報序號／年度,交易日期,收支科目,捐贈者／支出對象,身分證／統一編號,收入金額,支出金額,支出用途,金錢類,地址,聯絡電話,資料更正日期
1,林思銘,109年立法委員選舉,首次申報,1081127,匿名捐贈,匿名1,,3000.00,0.00,,金錢,,,
2,林思銘,109年立法委員選舉,首次申報,1081128,個人捐贈收入,蔡憲德,L10*******,50000.00,0.00,,金錢,新竹縣竹東鎮****,,
3,林思銘,109年立法委員選舉,首次申報,1081203,匿名捐贈,匿名2,,2000.00,0.00,,金錢,,,
4,林思銘,109年立法委員選舉,首次申報,1081203,營利事業捐贈收入,碩彥企業股份有限公司,16917653,100000.00,0.00,,金錢,泰和里中和街****,,
5,林思銘,109年立法委員選舉,首次申報,1081212,個人捐贈收入,陳勝標,J10*******,100000.00,0.00,,金錢,新竹市中華路****,,
6,林思銘,109年立法委員選舉,首次申報,1081216,匿名捐贈,黃鐙麒,,500.00,0.00,,金錢,,,
7,林思銘,109年立法委員選舉,首次申報,1081221,其他收入,利息收入,,22.00,0.00,,金錢,,,
8,林思銘,109年立法委員選舉,首次申報,1081222,匿名捐贈,許寧惠,,1000.00,0.00,,金錢,,,
9,林思銘,109年立法委員選舉,首次申報,1081222,匿名捐贈,黃金森,,1000.00,0.00,,金錢,,,
10,林思銘,109年立法委員選舉,首次申報,1081222,匿名捐贈,陳博仁,,1000.00,0.00,,金錢,,,
11,林思銘,109年立法委員選舉,首次申報,1081222,個人捐贈收入,鄧鎮宏,,20000.00,0.00,,金錢,,0926*****,
12,林思銘,109年立法委員選舉,首次申報,1081222,匿名捐贈,張木川,,3000.00,0.00,,金錢,,,
13,林思銘,109年立法委員選舉,首次申報,1081222,匿名捐贈,李康祥,,100.00,0.00,,金錢,,,
14,林思銘,109年立法委員選舉,首次申報,1081222,匿名捐贈,郭米玉,,10000.00,0.00,,金錢,,,
15,林思銘,109年立法委員選舉,首次申報,1081222,匿名捐贈,林麗美,,5000.00,0.00,,金錢,,,
16,林思銘,109年立法委員選舉,首次申報,1081222,匿名捐贈,洪文進,,5000.00,0.00,,金錢,,,
17,林思銘,109年立法委員選舉,首次申報,1081222,匿名捐贈,呂錦乾,,5000.00,0.00,,金錢,,,
18,林思銘,109年立法委員選舉,首次申報,1081222,匿名捐贈,顏榮貴,,2000.00,0.00,,金錢,,,
19,林思銘,109年立法委員選舉,首次申報,1081223,匿名捐贈,羅珮云,,6000.00,0.00,,金錢,,,
20,林思銘,109年立法委員選舉,首次申報,1081223,匿名捐贈,陳見賢,,5000.00,0.00,,金錢,,,
21,林思銘,109年立法委員選舉,首次申報,1081223,匿名捐贈,陳昌平,,5000.00,0.00,,金錢,,,
22,林思銘,109年立法委員選舉,首次申報,1081223,匿名捐贈,王展南,,1000.00,0.00,,金錢,,,
23,林思銘,109年立法委員選舉,首次申報,1081223,個人捐贈收入,彭添增,,10000.00,0.00,,金錢,,03-5*****,
24,林思銘,109年立法委員選舉,首次申報,1081223,匿名捐贈,吳聲煒,,10000.00,0.00,,金錢,,,
25,林思銘,109年立法委員選舉,首次申報,1081223,匿名捐贈,黃騰杰,,2000.00,0.00,,金錢,,,
26,林思銘,109年立法委員選舉,首次申報,1081223,匿名捐贈,劉坤霖,,1000.00,0.00,,金錢,,,
27,林思銘,109年立法委員選舉,首次申報,1081223,匿名捐贈,蔡金珠.魏增光,,500.00,0.00,,金錢,,,
28,林思銘,109年立法委員選舉,首次申報,1081223,匿名捐贈,徐文科,,10000.00,0.00,,金錢,,,
29,林思銘,109年立法委員選舉,首次申報,1081223,匿名捐贈,黃宣翔,,2000.00,0.00,,金錢,,,
30,林思銘,109年立法委員選舉,首次申報,1081223,匿名捐贈,林清水,,2000.00,0.00,,金錢,,,
31,林思銘,109年立法委員選舉,首次申報,1081223,匿名捐贈,莊明忠,,6000.00,0.00,,金錢,,,
32,林思銘,109年立法委員選舉,首次申報,1081223,匿名捐贈,甘嘉亮,,3000.00,0.00,,金錢,,,
33,林思銘,109年立法委員選舉,首次申報,1081223,匿名捐贈,錢星翔,,300.00,0.00,,金錢,,,
34,林思銘,109年立法委員選舉,首次申報,1081223,匿名捐贈,林保癸,,5000.00,0.00,,金錢,,,
35,林思銘,109年立法委員選舉,首次申報,1081223,個人捐贈收入,徐定洋,,20000.00,0.00,,金錢,,0963*****,
36,林思銘,109年立法委員選舉,首次申報,1081225,匿名捐贈,秋水妹,,2000.00,0.00,,金錢,,,
37,林思銘,109年立法委員選舉,首次申報,1081225,匿名捐贈,陳建成,,2000.00,0.00,,金錢,,,
38,林思銘,109年立法委員選舉,首次申報,1081225,匿名捐贈,何瑞珠,,4000.00,0.00,,金錢,,,
39,林思銘,109年立法委員選舉,首次申報,1081225,匿名捐贈,葉美妹,,2000.00,0.00,,金錢,,,
40,林思銘,109年立法委員選舉,首次申報,1081225,匿名捐贈,廖惠苓,,2000.00,0.00,,金錢,,,
41,林思銘,109年立法委員選舉,首次申報,1081225,匿名捐贈,黃玉琴,,3000.00,0.00,,金錢,,,
42,林思銘,109年立法委員選舉,首次申報,1081225,個人捐贈收入,彭雲旭,J10*******,6000.00,0.00,,金錢,,,
43,林思銘,109年立法委員選舉,首次申報,1081226,匿名捐贈,梁裕軍,,3600.00,0.00,,金錢,,,
44,林思銘,109年立法委員選舉,首次申報,1081226,匿名捐贈,胡祺書,,2000.00,0.00,,金錢,,,
45,林思銘,109年立法委員選舉,首次申報,1081226,匿名捐贈,余永全,,1500.00,0.00,,金錢,,,
46,林思銘,109年立法委員選舉,首次申報,1081226,匿名捐贈,洪月桂,,2000.00,0.00,,金錢,,,
47,林思銘,109年立法委員選舉,首次申報,1081226,匿名捐贈,邱垂明,,5000.00,0.00,,金錢,,,
48,林思銘,109年立法委員選舉,首次申報,1081226,匿名捐贈,邱秀鳳,,5000.00,0.00,,金錢,,,
49,林思銘,109年立法委員選舉,首次申報,1081226,匿名捐贈,吳勝淇,,3000.00,0.00,,金錢,,,
50,林思銘,109年立法委員選舉,首次申報,1081226,匿名捐贈,林瑞鵬,,3000.00,0.00,,金錢,,,
51,林思銘,109年立法委員選舉,首次申報,1081226,匿名捐贈,葉見明,,3000.00,0.00,,金錢,,,
52,林思銘,109年立法委員選舉,首次申報,1081226,匿名捐贈,陳汀春,,2000.00,0.00,,金錢,,,
53,林思銘,109年立法委員選舉,首次申報,1081226,匿名捐贈,張秀蓮,,3000.00,0.00,,金錢,,,
54,林思銘,109年立法委員選舉,首次申報,1081226,匿名捐贈,李子孝,,3000.00,0.00,,金錢,,,
55,林思銘,109年立法委員選舉,首次申報,1081226,匿名捐贈,蘇福增.林秀雲,,3000.00,0.00,,金錢,,,
56,林思銘,109年立法委員選舉,首次申報,1081226,匿名捐贈,鄧榮結,,3000.00,0.00,,金錢,,,
57,林思銘,109年立法委員選舉,首次申報,1081226,營利事業捐贈收入,中國製釉股份有限公司,47056834,100000.00,0.00,,金錢,新竹縣竹東鎮****,,
58,林思銘,109年立法委員選舉,首次申報,1081226,營利事業捐贈收入,大和開發建設有限公司,80622584,100000.00,0.00,,金錢,新竹縣新豐鄉****,,
59,林思銘,109年立法委員選舉,首次申報,1081229,匿名捐贈,吳炎君,,5000.00,0.00,,金錢,,,
60,林思銘,109年立法委員選舉,首次申報,1081229,匿名捐贈,林家釗,,10000.00,0.00,,金錢,,,
61,林思銘,109年立法委員選舉,首次申報,1081229,個人捐贈收入,林維洲,,20000.00,0.00,,金錢,,03-5*****,
62,林思銘,109年立法委員選舉,首次申報,1081230,匿名捐贈,林榮華,,2000.00,0.00,,金錢,,,
63,林思銘,109年立法委員選舉,首次申報,1081230,匿名捐贈,劉玉蓮,,2000.00,0.00,,金錢,,,
64,林思銘,109年立法委員選舉,首次申報,1081230,匿名捐贈,何翰彥,,2000.00,0.00,,金錢,,,
65,林思銘,109年立法委員選舉,首次申報,1081230,匿名捐贈,陳禮土,,3000.00,0.00,,金錢,,,
66,林思銘,109年立法委員選舉,首次申報,1081230,匿名捐贈,謝正聖,,2000.00,0.00,,金錢,,,
67,林思銘,109年立法委員選舉,首次申報,1081230,匿名捐贈,林清吉,,3000.00,0.00,,金錢,,,
68,林思銘,109年立法委員選舉,首次申報,1081230,匿名捐贈,黃新德,,3000.00,0.00,,金錢,,,
69,林思銘,109年立法委員選舉,首次申報,1081230,匿名捐贈,曾壽麟,,2000.00,0.00,,金錢,,,
70,林思銘,109年立法委員選舉,首次申報,1081230,營利事業捐贈收入,大和開發建設有限公司,80622584,100000.00,0.00,,金錢,新竹縣新豐鄉****,,
71,林思銘,109年立法委員選舉,首次申報,1081231,個人捐贈收入,廖政增,J10*******,50000.00,0.00,,金錢,新竹縣竹北市****,,
72,林思銘,109年立法委員選舉,首次申報,1090106,人民團體捐贈收入,新竹縣不動產開發商業同業公會,,100000.00,0.00,,金錢,新竹縣竹北市****,,
73,林思銘,109年立法委員選舉,首次申報,1090106,營利事業捐贈收入,竹風建設股份有限公司,28161131,500000.00,0.00,,金錢,新竹縣竹北市****,,
74,林思銘,109年立法委員選舉,首次申報,1090106,個人捐贈收入,陳琪惠,J20*******,30000.00,0.00,,金錢,新竹縣竹北市****,,
75,林思銘,109年立法委員選舉,首次申報,1090107,人民團體捐贈收入,新竹縣不動產開發商業同業公會,,100000.00,0.00,,金錢,新竹縣竹北市****,,
76,林思銘,109年立法委員選舉,首次申報,1090107,人民團體捐贈收入,社團法人新竹縣牙醫師公會,,50000.00,0.00,,金錢,新竹縣竹北市****,03-5*****,
77,林思銘,109年立法委員選舉,首次申報,1090108,人民團體捐贈收入,新竹縣不動產開發商業同業公會,,100000.00,0.00,,金錢,新竹縣竹北市****,03-6*****,
78,林思銘,109年立法委員選舉,首次申報,1090109,人民團體捐贈收入,新竹縣不動產開發商業同業公會,,300000.00,0.00,,金錢,新竹縣竹北市****,03-6*****,
79,林思銘,109年立法委員選舉,首次申報,1090109,個人捐贈收入,林紘陞,J12*******,30000.00,0.00,,金錢,新竹縣竹北市****,,
