﻿序號,擬參選人／政黨,選舉名稱,申報序號／年度,交易日期,收支科目,捐贈者／支出對象,身分證／統一編號,收入金額,支出金額,支出用途,金錢類,地址,聯絡電話,資料更正日期
1,張平原,107年縣(市)議員選舉,首次申報,1070823,營利事業捐贈收入,臺灣偉士伯股份有限公司,75707909,300000.00,0.00,,金錢,高雄市三民區****,07-3*****,
2,張平原,107年縣(市)議員選舉,首次申報,1070828,營利事業捐贈收入,豐屏股份有限公司,57051725,100000.00,0.00,,金錢,屏東縣屏東市****,08-7*****,
3,張平原,107年縣(市)議員選舉,首次申報,1070828,營利事業捐贈收入,豐屏股份有限公司,57051725,50000.00,0.00,,金錢,屏東縣屏東市****,08-7*****,
4,張平原,107年縣(市)議員選舉,首次申報,1070910,營利事業捐贈收入,豐屏股份有限公司,57051725,80000.00,0.00,,金錢,屏東縣屏東市****,08-7*****,
5,張平原,107年縣(市)議員選舉,首次申報,1070910,個人捐贈收入,張碧娥,D22*******,20000.00,0.00,,金錢,屏東縣屏東市****,0922*****,
6,張平原,107年縣(市)議員選舉,首次申報,1071015,營利事業捐贈收入,寶健醫療社團法人,10441934,90000.00,0.00,,金錢,屏東縣屏東市****,08-7*****,
7,張平原,107年縣(市)議員選舉,首次申報,1071015,個人捐贈收入,陳亮廷,B12*******,10000.00,0.00,,金錢,屏東縣屏東市****,08-7*****,
8,張平原,107年縣(市)議員選舉,首次申報,1071015,個人捐贈收入,何佩儒,B22*******,100000.00,0.00,,金錢,高雄市左營區****,0938*****,
9,張平原,107年縣(市)議員選舉,首次申報,1071015,個人捐贈收入,蔡身看,E10*******,100000.00,0.00,,金錢,屏東縣屏東市****,0932*****,
10,張平原,107年縣(市)議員選舉,首次申報,1071015,個人捐贈收入,郭其彰,S12*******,10000.00,0.00,,金錢,高雄市鳳山區****,0921*****,
11,張平原,107年縣(市)議員選舉,首次申報,1071016,個人捐贈收入,郭其彰,S12*******,10000.00,0.00,,金錢,高雄市鳳山區****,0921*****,
12,張平原,107年縣(市)議員選舉,首次申報,1071105,個人捐贈收入,簡木勳,R12*******,20000.00,0.00,,金錢,屏東縣屏東市****,0937*****,
13,張平原,107年縣(市)議員選舉,首次申報,1071109,營利事業捐贈收入,百軒實業有限公司,54531292,20000.00,0.00,,金錢,屏東縣屏東市****,0935*****,
14,張平原,107年縣(市)議員選舉,首次申報,1071221,其他收入,利息收入,,49.00,0.00,,金錢,,,
