﻿序號,擬參選人／政黨,選舉名稱,申報序號／年度,交易日期,收支科目,捐贈者／支出對象,身分證／統一編號,收入金額,支出金額,捐贈方式,存入專戶日期,返還/繳庫,支出用途,金錢類,地址,聯絡電話,應揭露之支出對象,支出對象之內部人員姓名,支出對象之內部人員職稱,政黨之內部人員姓名,政黨之內部人員職稱,關係,更正註記,資料更正日期
1,戴寧,111年嘉義市議員選舉,首次申報,1111017,營利事業捐贈收入,鳳鳴廣告有限公司,53630246,48000.00,0.00,,,,,非金錢,嘉義市東區蘭****,06-6*****,,,,,,,,
2,戴寧,111年嘉義市議員選舉,首次申報,1111018,個人捐贈收入,陳建良,Q12*******,100000.00,0.00,匯款,1111018,,,金錢,嘉義市西區高****,0982*****,,,,,,,,
3,戴寧,111年嘉義市議員選舉,首次申報,1111101,營利事業捐贈收入,康和綜合證券股份有限公司,23824511,100000.00,0.00,匯款,1111101,,,金錢,臺北市信義區****,02-8*****,,,,,,,,
4,戴寧,111年嘉義市議員選舉,首次申報,1111109,個人捐贈收入,卓麗明,,30000.00,0.00,匯款,1111109,已返還,,金錢,新北市新店區****,,,,,,,,,
5,戴寧,111年嘉義市議員選舉,首次申報,1111115,個人捐贈收入,許竣傑,I10*******,30000.00,0.00,匯款,1111115,,,金錢,嘉義市東區金****,05-3*****,,,,,,,,
6,戴寧,111年嘉義市議員選舉,首次申報,1111221,其他收入,利息收入,,161.00,0.00,匯款,1111221,,,金錢,,,,,,,,,,
