﻿序號,擬參選人／政黨,選舉名稱,申報序號／年度,交易日期,收支科目,捐贈者／支出對象,身分證／統一編號,收入金額,支出金額,捐贈方式,存入專戶日期,返還/繳庫,支出用途,金錢類,地址,聯絡電話,應揭露之支出對象,支出對象之內部人員姓名,支出對象之內部人員職稱,政黨之內部人員姓名,政黨之內部人員職稱,關係,更正註記,資料更正日期
1,洪鑫任,111年臺中市議員選舉,首次申報,1110622,匿名捐贈,匿名,,1.00,0.00,匯款,1110622,,,金錢,,,,,,,,,,
2,洪鑫任,111年臺中市議員選舉,首次申報,1110628,個人捐贈收入,陳學禮,S12*******,111.00,0.00,匯款,1110628,,,金錢,臺中市南屯區****,0955*****,,,,,,,,
3,洪鑫任,111年臺中市議員選舉,首次申報,1110802,個人捐贈收入,洪啟祐,Q12*******,1450.00,0.00,匯款,1110802,,,金錢,雲林縣麥寮鄉****,0905*****,,,,,,,,
4,洪鑫任,111年臺中市議員選舉,首次申報,1110809,營利事業捐贈收入,勝煌企業有限公司,83092743,100000.00,0.00,匯款,1110809,,,金錢,新北市三重區****,,,,,,,,,
5,洪鑫任,111年臺中市議員選舉,首次申報,1110910,個人捐贈收入,王基在,T12*******,100.00,0.00,匯款,1110910,,,金錢,臺中市南屯區****,0970*****,,,,,,,,
6,洪鑫任,111年臺中市議員選舉,首次申報,1110914,個人捐贈收入,溫百惠,M22*******,2022.00,0.00,匯款,1110914,,,金錢,臺中市南屯區****,0919*****,,,,,,,,
7,洪鑫任,111年臺中市議員選舉,首次申報,1110917,匿名捐贈,匿名1,,5000.00,0.00,現金,1110917,,,金錢,,,,,,,,,,
8,洪鑫任,111年臺中市議員選舉,首次申報,1110917,個人捐贈收入,曾懿伶,B22*******,10000.00,0.00,匯款,1110917,,,金錢,台中市西區忠****,0985*****,,,,,,,,
9,洪鑫任,111年臺中市議員選舉,首次申報,1110919,匿名捐贈,匿名2,,3000.00,0.00,現金,1110919,,,金錢,,,,,,,,,,
10,洪鑫任,111年臺中市議員選舉,首次申報,1110922,個人捐贈收入,劉景煬,L12*******,13325.00,0.00,,,,,非金錢,臺中市烏日區****,,,,,,,,,
11,洪鑫任,111年臺中市議員選舉,首次申報,1110922,個人捐贈收入,呂曉菁,N22*******,13325.00,0.00,,,,,非金錢,臺中市西區美****,,,,,,,,,
12,洪鑫任,111年臺中市議員選舉,首次申報,1110922,個人捐贈收入,張訓嘉,P12*******,13325.00,0.00,,,,,非金錢,臺中市南區美****,,,,,,,,,
13,洪鑫任,111年臺中市議員選舉,首次申報,1110922,個人捐贈收入,張維茹,P22*******,13325.00,0.00,,,,,非金錢,臺中市南屯區****,,,,,,,,,
14,洪鑫任,111年臺中市議員選舉,首次申報,1110922,個人捐贈收入,周瑞揚,R12*******,13350.00,0.00,,,,,非金錢,臺中市北屯區****,,,,,,,,,
15,洪鑫任,111年臺中市議員選舉,首次申報,1110922,個人捐贈收入,馬瑞家,R12*******,13350.00,0.00,,,,,非金錢,臺中市西屯區****,,,,,,,,,
16,洪鑫任,111年臺中市議員選舉,首次申報,1110928,個人捐贈收入,蔡其盛,L12*******,66000.00,0.00,匯款,1110928,,,金錢,臺中市南屯區****,,,,,,,,,
17,洪鑫任,111年臺中市議員選舉,首次申報,1110928,個人捐贈收入,張惠瑛,M22*******,20000.00,0.00,現金,1110928,,,金錢,南投縣南投市****,0921*****,,,,,,,,
18,洪鑫任,111年臺中市議員選舉,首次申報,1111019,個人捐贈收入,賴羿安,M12*******,1000.00,0.00,匯款,1111019,,,金錢,臺中市南屯區****,0912*****,,,,,,,,
19,洪鑫任,111年臺中市議員選舉,首次申報,1111020,個人捐贈收入,陳榆凱,Q12*******,888.00,0.00,匯款,1111020,,,金錢,臺中市南屯區****,0930*****,,,,,,,,
20,洪鑫任,111年臺中市議員選舉,首次申報,1111027,匿名捐贈,匿名3,,1000.00,0.00,匯款,1111027,,,金錢,,,,,,,,,,
21,洪鑫任,111年臺中市議員選舉,首次申報,1111029,營利事業捐贈收入,豪鑫車業,87283666,6000.00,0.00,匯款,1111104,,,金錢,臺中市西屯區****,0979*****,,,,,,,,
22,洪鑫任,111年臺中市議員選舉,首次申報,1111107,個人捐贈收入,石志華,A12*******,500.00,0.00,匯款,1111107,,,金錢,臺中市南屯區****,0982*****,,,,,,,,
23,洪鑫任,111年臺中市議員選舉,首次申報,1111113,個人捐贈收入,洪子傑,B12*******,6666.00,0.00,匯款,1111118,,,金錢,臺中市南屯區****,0972*****,,,,,,,,
24,洪鑫任,111年臺中市議員選舉,首次申報,1111113,個人捐贈收入,王基在,T12*******,666.00,0.00,匯款,1111118,,,金錢,臺中市南屯區****,0970*****,,,,,,,,
25,洪鑫任,111年臺中市議員選舉,首次申報,1111116,個人捐贈收入,余正中,K12*******,1000.00,0.00,匯款,1111122,,,金錢,臺中市南屯區****,0972*****,,,,,,,,
26,洪鑫任,111年臺中市議員選舉,首次申報,1111120,個人捐贈收入,林鴻斌,,1000.00,0.00,現金,1111201,,,金錢,臺中市南屯區****,,,,,,,,,
27,洪鑫任,111年臺中市議員選舉,首次申報,1111120,個人捐贈收入,張皓閔,,150.00,0.00,現金,1111201,,,金錢,臺中市東勢區****,,,,,,,,,
28,洪鑫任,111年臺中市議員選舉,首次申報,1111121,匿名捐贈,匿名,,500.00,0.00,匯款,1111121,,,金錢,,,,,,,,,,
29,洪鑫任,111年臺中市議員選舉,首次申報,1111124,匿名捐贈,匿名,,1000.00,0.00,匯款,1111124,,,金錢,,,,,,,,,,
