﻿序號,擬參選人／政黨,選舉名稱,申報序號／年度,交易日期,收支科目,捐贈者／支出對象,身分證／統一編號,收入金額,支出金額,支出用途,金錢類,地址,聯絡電話,資料更正日期
1,吳漢霖,107年鄉(鎮、市)民代表選舉,首次申報,1070911,匿名捐贈,匿名3,,147.00,0.00,,金錢,,,
2,吳漢霖,107年鄉(鎮、市)民代表選舉,首次申報,1070926,營利事業捐贈收入,甲子營造實業有限公司,16991983,50000.00,0.00,,金錢,屏東縣屏東市****,08-7*****,
3,吳漢霖,107年鄉(鎮、市)民代表選舉,首次申報,1070926,個人捐贈收入,簡木勳,R12*******,50000.00,0.00,,金錢,屏東縣屏東市****,0937*****,
4,吳漢霖,107年鄉(鎮、市)民代表選舉,首次申報,1071006,個人捐贈收入,張觀玉,Q12*******,20000.00,0.00,,金錢,屏東縣長治鄉****,08-7*****,
5,吳漢霖,107年鄉(鎮、市)民代表選舉,首次申報,1071010,匿名捐贈,匿名,,10000.00,0.00,,金錢,,,
6,吳漢霖,107年鄉(鎮、市)民代表選舉,首次申報,1071011,匿名捐贈,匿名1,,10000.00,0.00,,金錢,,,
7,吳漢霖,107年鄉(鎮、市)民代表選舉,首次申報,1071018,營利事業捐贈收入,建濠源營造股份有限公司,90777827,10000.00,0.00,,金錢,屏東縣屏東市****,08-7*****,
8,吳漢霖,107年鄉(鎮、市)民代表選舉,首次申報,1071022,個人捐贈收入,劉淑英,T22*******,30000.00,0.00,,金錢,屏東縣屏東市****,0932*****,
9,吳漢霖,107年鄉(鎮、市)民代表選舉,首次申報,1071023,個人捐贈收入,林敏娟,S22*******,10000.00,0.00,,金錢,屏東縣麟洛鄉****,,
10,吳漢霖,107年鄉(鎮、市)民代表選舉,首次申報,1071024,個人捐贈收入,江紘宇,T12*******,20000.00,0.00,,金錢,屏東縣屏東市****,0935*****,
11,吳漢霖,107年鄉(鎮、市)民代表選舉,首次申報,1071025,營利事業捐贈收入,峰群國際包裝科技有限公司,56687592,10000.00,0.00,,金錢,屏東縣屏東市****,08-7*****,
12,吳漢霖,107年鄉(鎮、市)民代表選舉,首次申報,1071025,營利事業捐贈收入,松河電機企業股份有限公司,89376535,32000.00,0.00,,金錢,屏東縣屏東市****,08-7*****,
13,吳漢霖,107年鄉(鎮、市)民代表選舉,首次申報,1071029,個人捐贈收入,王正中,T12*******,5000.00,0.00,,金錢,屏東縣屏東市****,0913*****,
14,吳漢霖,107年鄉(鎮、市)民代表選舉,首次申報,1071031,個人捐贈收入,林俊宏,Q12*******,10000.00,0.00,,金錢,屏東縣屏東市****,0912*****,
15,吳漢霖,107年鄉(鎮、市)民代表選舉,首次申報,1071031,個人捐贈收入,林上揮,T12*******,30000.00,0.00,,金錢,屏東縣高樹鄉****,0935*****,
16,吳漢霖,107年鄉(鎮、市)民代表選舉,首次申報,1071102,個人捐贈收入,汪呂寶蕉,Q20*******,50000.00,0.00,,金錢,屏東縣屏東市****,08-7*****,
17,吳漢霖,107年鄉(鎮、市)民代表選舉,首次申報,1071102,個人捐贈收入,陳盈利,T12*******,10000.00,0.00,,金錢,屏東縣屏東市****,08-7*****,
18,吳漢霖,107年鄉(鎮、市)民代表選舉,首次申報,1071102,個人捐贈收入,邱麒璋,T12*******,50000.00,0.00,,金錢,屏東縣屏東市****,08-7*****,
19,吳漢霖,107年鄉(鎮、市)民代表選舉,首次申報,1071103,個人捐贈收入,沈王桂珠,T20*******,20000.00,0.00,,金錢,屏東縣屏東市****,08-7*****,
20,吳漢霖,107年鄉(鎮、市)民代表選舉,首次申報,1071108,營利事業捐贈收入,佳源工程股份有限公司,90240500,50000.00,0.00,,金錢,屏東縣麟洛鄉****,08-7*****,
21,吳漢霖,107年鄉(鎮、市)民代表選舉,首次申報,1071108,個人捐贈收入,曾彥勳,T12*******,20000.00,0.00,,金錢,屏東縣屏東市****,08-7*****,
22,吳漢霖,107年鄉(鎮、市)民代表選舉,首次申報,1071112,匿名捐贈,匿名,,3000.00,0.00,,非金錢,,,
23,吳漢霖,107年鄉(鎮、市)民代表選舉,首次申報,1071115,個人捐贈收入,施丞貴,T12*******,20000.00,0.00,,金錢,屏東縣屏東市****,0932*****,
