﻿序號,擬參選人／政黨,選舉名稱,申報序號／年度,交易日期,收支科目,捐贈者／支出對象,身分證／統一編號,收入金額,支出金額,支出用途,金錢類,地址,聯絡電話,資料更正日期
1,李鎮國,107年直轄市議員選舉,首次申報,1070709,個人捐贈收入,高玫仙,L22*******,100000.00,0.00,,金錢,臺南市永康區****,0926*****,
2,李鎮國,107年直轄市議員選舉,首次申報,1070710,個人捐贈收入,陳建文,A12*******,100000.00,0.00,,金錢,新北市蘆洲區****,0922*****,
3,李鎮國,107年直轄市議員選舉,首次申報,1070710,個人捐贈收入,陳建欽,L12*******,100000.00,0.00,,金錢,新北市永和區****,0932*****,
4,李鎮國,107年直轄市議員選舉,首次申報,1070710,個人捐贈收入,高惠珠,L22*******,100000.00,0.00,,金錢,新北市永和區****,0932*****,
5,李鎮國,107年直轄市議員選舉,首次申報,1070710,個人捐贈收入,林烏占,P20*******,100000.00,0.00,,金錢,臺南市永康區****,0932*****,
6,李鎮國,107年直轄市議員選舉,首次申報,1070710,個人捐贈收入,高惠玲,P22*******,100000.00,0.00,,金錢,新北市蘆洲區****,0933*****,
7,李鎮國,107年直轄市議員選舉,首次申報,1070711,個人捐贈收入,廖家瑋,,3600.00,0.00,,金錢,,0912*****,
8,李鎮國,107年直轄市議員選舉,首次申報,1070712,個人捐贈收入,耿佳宏,R12*******,100000.00,0.00,,金錢,臺南市永康區****,0630*****,
9,李鎮國,107年直轄市議員選舉,首次申報,1070712,個人捐贈收入,耿沛于,R22*******,100000.00,0.00,,金錢,臺南市永康區****,0929*****,
10,李鎮國,107年直轄市議員選舉,首次申報,1070712,個人捐贈收入,耿梅菁,R22*******,100000.00,0.00,,金錢,臺南市永康區****,0915*****,
11,李鎮國,107年直轄市議員選舉,首次申報,1070713,個人捐贈收入,王厚中,,5000.00,0.00,,金錢,,0975*****,
12,李鎮國,107年直轄市議員選舉,首次申報,1070713,個人捐贈收入,曹開宇,R12*******,100000.00,0.00,,金錢,新北市蘆洲區****,0910*****,
13,李鎮國,107年直轄市議員選舉,首次申報,1070716,個人捐贈收入,陳麗淑,F22*******,10000.00,0.00,,金錢,臺北市文山區****,,
14,李鎮國,107年直轄市議員選舉,首次申報,1070716,個人捐贈收入,鄒盛祥,R12*******,3000.00,0.00,,金錢,臺南市東區中****,0935*****,
15,李鎮國,107年直轄市議員選舉,首次申報,1070716,個人捐贈收入,鄒蕙蘭,R22*******,3000.00,0.00,,金錢,臺南市東區中****,0935*****,
16,李鎮國,107年直轄市議員選舉,首次申報,1070725,營利事業捐贈收入,豪堤紙袋股份有限公司,89338006,30000.00,0.00,,金錢,臺南市永康區****,0624*****,
17,李鎮國,107年直轄市議員選舉,首次申報,1070725,個人捐贈收入,田彭業,R12*******,20000.00,0.00,,金錢,臺南市永康區****,0910*****,
18,李鎮國,107年直轄市議員選舉,首次申報,1070725,個人捐贈收入,徐進葶,R22*******,100000.00,0.00,,金錢,臺南市東區裕****,0933*****,
19,李鎮國,107年直轄市議員選舉,首次申報,1070730,個人捐贈收入,王崇懿,D12*******,30000.00,0.00,,金錢,新北市新店區****,0986*****,
20,李鎮國,107年直轄市議員選舉,首次申報,1070730,個人捐贈收入,劉慈祥,R12*******,10000.00,0.00,,金錢,新竹市忠孝路****,0920*****,
21,李鎮國,107年直轄市議員選舉,首次申報,1070730,個人捐贈收入,劉保文,R22*******,10000.00,0.00,,金錢,臺南市永康區****,0960*****,
22,李鎮國,107年直轄市議員選舉,首次申報,1070731,個人捐贈收入,連明賢,,2000.00,0.00,,金錢,,0916*****,
23,李鎮國,107年直轄市議員選舉,首次申報,1070731,個人捐贈收入,汪菁菁,D22*******,10000.00,0.00,,金錢,臺南市東區裕****,0932*****,
24,李鎮國,107年直轄市議員選舉,首次申報,1070801,匿名捐贈,陳宏昌,,2000.00,0.00,,金錢,,,
25,李鎮國,107年直轄市議員選舉,首次申報,1070803,個人捐贈收入,郭建源,,2000.00,0.00,,金錢,,0910*****,
26,李鎮國,107年直轄市議員選舉,首次申報,1070803,個人捐贈收入,羅子緁,L22*******,100000.00,0.00,,金錢,臺中市北屯區****,0913*****,
27,李鎮國,107年直轄市議員選舉,首次申報,1070803,個人捐贈收入,翁瑞興,R12*******,2000.00,0.00,,金錢,臺南市永康區****,0981*****,
28,李鎮國,107年直轄市議員選舉,首次申報,1070803,個人捐贈收入,梅瑞祥,R12*******,2000.00,0.00,,金錢,臺南市永康區****,0937*****,
29,李鎮國,107年直轄市議員選舉,首次申報,1070803,個人捐贈收入,高顗豐,R12*******,2000.00,0.00,,金錢,臺南市永康區****,0932*****,
30,李鎮國,107年直轄市議員選舉,首次申報,1070803,個人捐贈收入,蔡瑞馨,R22*******,2000.00,0.00,,金錢,臺南市永康區****,0952*****,
31,李鎮國,107年直轄市議員選舉,首次申報,1070803,個人捐贈收入,彭湘芸,R22*******,2000.00,0.00,,金錢,臺南市永康區****,0919*****,
32,李鎮國,107年直轄市議員選舉,首次申報,1070806,個人捐贈收入,陳麗秋,,5000.00,0.00,,金錢,,0987*****,
33,李鎮國,107年直轄市議員選舉,首次申報,1070806,個人捐贈收入,張小華,R22*******,6000.00,0.00,,金錢,臺中市大肚區****,0980*****,
34,李鎮國,107年直轄市議員選舉,首次申報,1070812,匿名捐贈,黃延齡,,9999.00,0.00,,金錢,,,
35,李鎮國,107年直轄市議員選舉,首次申報,1070816,個人捐贈收入,張小華,,10000.00,0.00,,金錢,,0980*****,
36,李鎮國,107年直轄市議員選舉,首次申報,1070820,匿名捐贈,李康民,,600.00,0.00,,金錢,,,
37,李鎮國,107年直轄市議員選舉,首次申報,1070821,個人捐贈收入,楊家瑞,,2000.00,0.00,,金錢,,0935*****,
38,李鎮國,107年直轄市議員選舉,首次申報,1070821,個人捐贈收入,楊良模,,1000.00,0.00,,金錢,,0939*****,
39,李鎮國,107年直轄市議員選舉,首次申報,1070821,個人捐贈收入,孫廣瑋,,2000.00,0.00,,金錢,,0968*****,
40,李鎮國,107年直轄市議員選舉,首次申報,1070821,個人捐贈收入,高世海,,2000.00,0.00,,金錢,,0933*****,
41,李鎮國,107年直轄市議員選舉,首次申報,1070821,個人捐贈收入,張函書,,15000.00,0.00,,金錢,,0909*****,
42,李鎮國,107年直轄市議員選舉,首次申報,1070903,個人捐贈收入,于興華,D12*******,100000.00,0.00,,金錢,臺南市東區怡****,0620*****,
43,李鎮國,107年直轄市議員選舉,首次申報,1070903,個人捐贈收入,王玉洲,R12*******,100000.00,0.00,,金錢,臺南市永康區****,0922*****,
44,李鎮國,107年直轄市議員選舉,首次申報,1070904,個人捐贈收入,郭俊男,,2000.00,0.00,,金錢,,0939*****,
45,李鎮國,107年直轄市議員選舉,首次申報,1070904,匿名捐贈,楊偉俊,,5000.00,0.00,,金錢,,,
46,李鎮國,107年直轄市議員選舉,首次申報,1070905,個人捐贈收入,王愛榮,,5000.00,0.00,,金錢,,0623*****,
47,李鎮國,107年直轄市議員選舉,首次申報,1070905,個人捐贈收入,洪德勝,E10*******,100000.00,0.00,,金錢,臺南市永康區****,0631*****,
48,李鎮國,107年直轄市議員選舉,首次申報,1070912,匿名捐贈,葛永興,,5000.00,0.00,,金錢,,,
49,李鎮國,107年直轄市議員選舉,首次申報,1070919,匿名捐贈,王文龍,,3000.00,0.00,,金錢,,,
50,李鎮國,107年直轄市議員選舉,首次申報,1070927,個人捐贈收入,農秀珍,,1200.00,0.00,,金錢,,7285*****,
51,李鎮國,107年直轄市議員選舉,首次申報,1071002,個人捐贈收入,黃科達,R12*******,20000.00,0.00,,金錢,臺南市永康區****,,
52,李鎮國,107年直轄市議員選舉,首次申報,1071026,營利事業捐贈收入,大合鑽探技術顧問有限公司,69767838,10000.00,0.00,,金錢,臺南市東區新****,0631*****,
53,李鎮國,107年直轄市議員選舉,首次申報,1071109,個人捐贈收入,竇金城,D12*******,10000.00,0.00,,金錢,臺南市安平區****,0935*****,
54,李鎮國,107年直轄市議員選舉,首次申報,1071119,個人捐贈收入,吳林金爵,,1200.00,0.00,,金錢,,3136*****,
55,李鎮國,107年直轄市議員選舉,首次申報,1071120,個人捐贈收入,陳玲娟,E22*******,10000.00,0.00,,金錢,臺南市永康區****,0921*****,
56,李鎮國,107年直轄市議員選舉,首次申報,1071122,個人捐贈收入,胡家禎,D10*******,10000.00,0.00,,金錢,臺南市永康區****,3131*****,
57,李鎮國,107年直轄市議員選舉,首次申報,1071123,個人捐贈收入,曹瑋瓴,K22*******,50000.00,0.00,,金錢,新北市蘆洲區****,3121*****,
58,李鎮國,107年直轄市議員選舉,首次申報,1071221,其他收入,利息收入,,485.00,0.00,,金錢,,,
