﻿序號,擬參選人／政黨,選舉名稱,申報序號／年度,交易日期,收支科目,捐贈者／支出對象,身分證／統一編號,收入金額,支出金額,捐贈方式,存入專戶日期,返還/繳庫,支出用途,金錢類,地址,聯絡電話,應揭露之支出對象,支出對象之內部人員姓名,支出對象之內部人員職稱,政黨之內部人員姓名,政黨之內部人員職稱,關係,更正註記,資料更正日期
1,林孟麗,111年南投縣竹山鎮鎮長選舉,首次申報,1110815,個人捐贈收入,郭文俊,N12*******,50000.00,0.00,匯款,1110815,,,金錢,彰化縣鹿港鎮****,0933*****,,,,,,,,
2,林孟麗,111年南投縣竹山鎮鎮長選舉,首次申報,1110903,個人捐贈收入,吳志朋,M12*******,5000.00,0.00,匯款,1110903,,,金錢,南投縣竹山鎮****,,,,,,,,,
3,林孟麗,111年南投縣竹山鎮鎮長選舉,首次申報,1110928,個人捐贈收入,曾秋森,,6000.00,0.00,匯款,1110928,,,金錢,臺中市中區大****,0937*****,,,,,,,,
4,林孟麗,111年南投縣竹山鎮鎮長選舉,首次申報,1111221,其他收入,利息收入,,9.00,0.00,匯款,1111221,,,金錢,,,,,,,,,,
