﻿序號,擬參選人／政黨,選舉名稱,申報序號／年度,交易日期,收支科目,捐贈者／支出對象,身分證／統一編號,收入金額,支出金額,捐贈方式,存入專戶日期,返還/繳庫,支出用途,金錢類,地址,聯絡電話,應揭露之支出對象,支出對象之內部人員姓名,支出對象之內部人員職稱,政黨之內部人員姓名,政黨之內部人員職稱,關係,更正註記,資料更正日期
1,林金連,第10屆臺中市立法委員補選,首次申報,1101117,個人捐贈收入,陳文華,,30000.00,0.00,匯款,1101117,已返還,,金錢,高雄市鳳山區****,0477*****,,,,,,,,
2,林金連,第10屆臺中市立法委員補選,首次申報,1101117,匿名捐贈,匿名1,,2000.00,0.00,現金,1101117,,,金錢,,,,,,,,,,
3,林金連,第10屆臺中市立法委員補選,首次申報,1101117,個人捐贈收入,陳文謹,D22*******,30000.00,0.00,匯款,1101117,,,金錢,高雄市三民區****,0911*****,,,,,,,,
4,林金連,第10屆臺中市立法委員補選,首次申報,1101117,個人捐贈收入,詹雅琴,N20*******,50000.00,0.00,匯款,1101117,,,金錢,高雄市鳳山區****,0933*****,,,,,,,,
5,林金連,第10屆臺中市立法委員補選,首次申報,1101118,個人捐贈收入,黃筱文,,2000.00,0.00,匯款,1101118,已返還,,金錢,台中市河南路****,,,,,,,,,
6,林金連,第10屆臺中市立法委員補選,首次申報,1101118,個人捐贈收入,洪秀菊,,10000.00,0.00,匯款,1101118,已返還,,金錢,高雄市小港區****,0920*****,,,,,,,,
7,林金連,第10屆臺中市立法委員補選,首次申報,1101118,個人捐贈收入,陳念青,,30000.00,0.00,匯款,1101118,已返還,,金錢,屏東縣林邊鄉****,0932*****,,,,,,,,
8,林金連,第10屆臺中市立法委員補選,首次申報,1101118,匿名捐贈,匿名2,,5000.00,0.00,匯款,1101118,,,金錢,,,,,,,,,,
9,林金連,第10屆臺中市立法委員補選,首次申報,1101118,匿名捐贈,匿名3,,3000.00,0.00,匯款,1101118,,,金錢,,,,,,,,,,
10,林金連,第10屆臺中市立法委員補選,首次申報,1101118,匿名捐贈,匿名4,,2000.00,0.00,匯款,1101118,,,金錢,,,,,,,,,,
11,林金連,第10屆臺中市立法委員補選,首次申報,1101118,匿名捐贈,匿名5,,10000.00,0.00,匯款,1101118,,,金錢,,,,,,,,,,
12,林金連,第10屆臺中市立法委員補選,首次申報,1101118,匿名捐贈,匿名6,,5000.00,0.00,匯款,1101118,,,金錢,,,,,,,,,,
13,林金連,第10屆臺中市立法委員補選,首次申報,1101118,匿名捐贈,匿名7,,2000.00,0.00,匯款,1101118,,,金錢,,,,,,,,,,
14,林金連,第10屆臺中市立法委員補選,首次申報,1101118,匿名捐贈,匿名8,,2000.00,0.00,匯款,1101118,,,金錢,,,,,,,,,,
15,林金連,第10屆臺中市立法委員補選,首次申報,1101118,個人捐贈收入,徐世榮,P12*******,30000.00,0.00,匯款,1101118,,,金錢,台北市文山區****,0911*****,,,,,,,,
16,林金連,第10屆臺中市立法委員補選,首次申報,1101118,個人捐贈收入,黃燕英,S20*******,5000.00,0.00,匯款,1101118,已返還,,金錢,高雄市岡山區****,0932*****,,,,,,,,
17,林金連,第10屆臺中市立法委員補選,首次申報,1101119,匿名捐贈,匿名9,,2000.00,0.00,匯款,1101119,,,金錢,,,,,,,,,,
18,林金連,第10屆臺中市立法委員補選,首次申報,1101119,匿名捐贈,匿名10,,5000.00,0.00,匯款,1101119,,,金錢,,,,,,,,,,
19,林金連,第10屆臺中市立法委員補選,首次申報,1101119,匿名捐贈,匿名11,,1000.00,0.00,匯款,1101119,,,金錢,,,,,,,,,,
20,林金連,第10屆臺中市立法委員補選,首次申報,1101119,匿名捐贈,匿名12,,4500.00,0.00,匯款,1101119,,,金錢,,,,,,,,,,
21,林金連,第10屆臺中市立法委員補選,首次申報,1101119,匿名捐贈,匿名13,,300.00,0.00,匯款,1101119,,,金錢,,,,,,,,,,
22,林金連,第10屆臺中市立法委員補選,首次申報,1101119,個人捐贈收入,王煦惠,,10000.00,0.00,匯款,1101119,已返還,,金錢,台北市內湖區****,0975*****,,,,,,,,
23,林金連,第10屆臺中市立法委員補選,首次申報,1101119,個人捐贈收入,陳力榛,Q20*******,60000.00,0.00,匯款,1101119,,,金錢,台南市新營區****,0988*****,,,,,,,,
24,林金連,第10屆臺中市立法委員補選,首次申報,1101119,個人捐贈收入,洪輝祥,T12*******,5000.00,0.00,匯款,1101119,已返還,,金錢,屏東市台糖街****,,,,,,,,,
25,林金連,第10屆臺中市立法委員補選,首次申報,1101119,個人捐贈收入,張碧娥,T22*******,5000.00,0.00,匯款,1101119,已返還,,金錢,高雄市鳥松區****,0973*****,,,,,,,,
26,林金連,第10屆臺中市立法委員補選,首次申報,1101120,匿名捐贈,匿名14,,5000.00,0.00,匯款,1101120,,,金錢,,,,,,,,,,
27,林金連,第10屆臺中市立法委員補選,首次申報,1101120,匿名捐贈,匿名15,,2000.00,0.00,匯款,1101120,,,金錢,,,,,,,,,,
28,林金連,第10屆臺中市立法委員補選,首次申報,1101123,個人捐贈收入,李蓮鳳,,10000.00,0.00,匯款,1101123,已返還,,金錢,台中市東勢區****,0985*****,,,,,,,,
29,林金連,第10屆臺中市立法委員補選,首次申報,1101201,個人捐贈收入,邱淑雯,,20000.00,0.00,匯款,1101201,已返還,,金錢,新北市新莊區****,0955*****,,,,,,,,
30,林金連,第10屆臺中市立法委員補選,首次申報,1101220,個人捐贈收入,張玴銘,,5000.00,0.00,匯款,1101220,已返還,,金錢,台北市五常街****,0918*****,,,,,,,,
31,林金連,第10屆臺中市立法委員補選,首次申報,1101221,其他收入,利息收入,,16.00,0.00,匯款,1101221,,,金錢,,,,,,,,,,
32,林金連,第10屆臺中市立法委員補選,首次申報,1101231,匿名捐贈,匿名16,,10000.00,0.00,匯款,1101231,,,金錢,,,,,,,,,,
