﻿序號,擬參選人／政黨,選舉名稱,申報序號／年度,交易日期,收支科目,捐贈者／支出對象,身分證／統一編號,收入金額,支出金額,捐贈方式,存入專戶日期,返還/繳庫,支出用途,金錢類,地址,聯絡電話,應揭露之支出對象,支出對象之內部人員姓名,支出對象之內部人員職稱,政黨之內部人員姓名,政黨之內部人員職稱,關係,更正註記,資料更正日期
1,林志豪,111年苗栗縣議員選舉,首次申報,1110606,個人捐贈收入,葉月玲,F22*******,10000.00,0.00,匯款,1110606,,,金錢,新北市中和區****,0936*****,,,,,,,,
2,林志豪,111年苗栗縣議員選舉,首次申報,1110610,個人捐贈收入,吳軒瑤,K22*******,3000.00,0.00,匯款,1110610,,,金錢,苗栗縣公館鄉****,,,,,,,,,
3,林志豪,111年苗栗縣議員選舉,首次申報,1110611,個人捐贈收入,李安民,,3500.00,0.00,匯款,1110611,,,金錢,苗栗縣苗栗市****,,,,,,,,,
4,林志豪,111年苗栗縣議員選舉,首次申報,1110612,個人捐贈收入,李安正,,6000.00,0.00,匯款,1110612,,,金錢,苗栗縣銅鑼鄉****,0910*****,,,,,,,,
5,林志豪,111年苗栗縣議員選舉,首次申報,1110619,匿名捐贈,匿名1,,1000.00,0.00,匯款,1110619,,,金錢,,,,,,,,,,
6,林志豪,111年苗栗縣議員選舉,首次申報,1110619,匿名捐贈,匿名2,,2000.00,0.00,匯款,1110619,,,金錢,,,,,,,,,,
7,林志豪,111年苗栗縣議員選舉,首次申報,1110621,個人捐贈收入,黃松智,,600.00,0.00,匯款,1110621,,,金錢,苗栗縣西湖鄉****,0379*****,,,,,,,,
8,林志豪,111年苗栗縣議員選舉,首次申報,1110621,其他收入,銀行利息收入,,2.00,0.00,匯款,1110621,,,金錢,,,,,,,,,,
9,林志豪,111年苗栗縣議員選舉,首次申報,1110623,個人捐贈收入,徐年慧,,6666.00,0.00,匯款,1110623,,,金錢,桃園市桃園區****,0937*****,,,,,,,,
10,林志豪,111年苗栗縣議員選舉,首次申報,1110625,個人捐贈收入,林志明,N12*******,100000.00,0.00,匯款,1110701,,,金錢,台中市西區大****,0938*****,,,,,,,,
11,林志豪,111年苗栗縣議員選舉,首次申報,1110625,個人捐贈收入,林雯謓,N22*******,6600.00,0.00,匯款,1110701,,,金錢,台中市西區大****,0987*****,,,,,,,,
12,林志豪,111年苗栗縣議員選舉,首次申報,1110701,個人捐贈收入,李安正,,6000.00,0.00,匯款,1110701,,,金錢,苗栗縣銅鑼鄉****,0910*****,,,,,,,,
13,林志豪,111年苗栗縣議員選舉,首次申報,1110806,匿名捐贈,匿名5,,10000.00,0.00,匯款,1110806,,,金錢,,,,,,,,,,
14,林志豪,111年苗栗縣議員選舉,首次申報,1110914,個人捐贈收入,林義嵐,,30000.00,0.00,匯款,1110914,,,金錢,新竹市東區公****,,,,,,,,,
15,林志豪,111年苗栗縣議員選舉,首次申報,1110914,政黨捐贈收入,時代力量,政黨證字第267號,120000.00,0.00,匯款,1110914,已返還,,金錢,臺北市大同區****,(02)*****,,,,,,,,
16,林志豪,111年苗栗縣議員選舉,首次申報,1110918,匿名捐贈,匿名3,,2000.00,0.00,匯款,1110918,,,金錢,,,,,,,,,,
17,林志豪,111年苗栗縣議員選舉,首次申報,1110924,個人捐贈收入,楊翠榮,K12*******,6000.00,0.00,匯款,1110927,,,金錢,苗栗縣苗栗市****,0911*****,,,,,,,,
18,林志豪,111年苗栗縣議員選舉,首次申報,1111008,個人捐贈收入,葉詠翔,A12*******,1000.00,0.00,匯款,1111011,,,金錢,苗栗縣苗栗市****,0928*****,,,,,,,,
19,林志豪,111年苗栗縣議員選舉,首次申報,1111027,個人捐贈收入,許文榮,F12*******,300.00,0.00,匯款,1111101,,,金錢,新北市金山區****,0972*****,,,,,,,,
20,林志豪,111年苗栗縣議員選舉,首次申報,1111105,營利事業捐贈收入,德倫智識有限公司,55252704,30000.00,0.00,匯款,1111105,,,金錢,臺北市信義區****,,,,,,,,,
21,林志豪,111年苗栗縣議員選舉,首次申報,1111112,個人捐贈收入,林曉君,,8888.00,0.00,匯款,1111112,,,金錢,桃園市蘆竹區****,0928*****,,,,,,,,
22,林志豪,111年苗栗縣議員選舉,首次申報,1111117,匿名捐贈,匿名4,,6000.00,0.00,現金,1111117,,,金錢,,,,,,,,,,
23,林志豪,111年苗栗縣議員選舉,首次申報,1111122,個人捐贈收入,劉明漢,K12*******,5000.00,0.00,匯款,1111125,,,金錢,苗栗縣苗栗市****,0909*****,,,,,,,,
24,林志豪,111年苗栗縣議員選舉,首次申報,1111124,匿名捐贈,匿名5,,5000.00,0.00,匯款,1111124,,,金錢,,,,,,,,,,
25,林志豪,111年苗栗縣議員選舉,首次申報,1111124,個人捐贈收入,葉松達,,3600.00,0.00,匯款,1111124,,,金錢,新北市土城區****,,,,,,,,,
26,林志豪,111年苗栗縣議員選舉,首次申報,1111124,個人捐贈收入,林明德,K12*******,5000.00,0.00,匯款,1111125,,,金錢,台中市西區大****,0953*****,,,,,,,,
