﻿序號,擬參選人／政黨,選舉名稱,申報序號／年度,交易日期,收支科目,捐贈者／支出對象,身分證／統一編號,收入金額,支出金額,捐贈方式,存入專戶日期,返還/繳庫,支出用途,金錢類,地址,聯絡電話,應揭露之支出對象,支出對象之內部人員姓名,支出對象之內部人員職稱,政黨之內部人員姓名,政黨之內部人員職稱,關係,更正註記,資料更正日期
1,方一祥,111年屏東縣議員選舉,首次申報,1110718,個人捐贈收入,郭敦林,,5000.00,0.00,現金,1110718,,,金錢,屏東縣屏東市****,0926*****,,,,,,,,
2,方一祥,111年屏東縣議員選舉,首次申報,1110726,個人捐贈收入,陳彥安,,20000.00,0.00,現金,1110726,,,金錢,屏東縣麟洛鄉****,0983*****,,,,,,,,
3,方一祥,111年屏東縣議員選舉,首次申報,1110808,營利事業捐贈收入,峰榮食品工業股份有限公司,22765964,30000.00,0.00,現金,,已返還,,金錢,臺北市大安區****,08-7*****,,,,,,,,
4,方一祥,111年屏東縣議員選舉,首次申報,1110816,個人捐贈收入,楊福金,,30000.00,0.00,現金,1110816,,,金錢,屏東縣屏東市****,0958*****,,,,,,,,
5,方一祥,111年屏東縣議員選舉,首次申報,1110822,個人捐贈收入,謝政憲,,10000.00,0.00,現金,1110822,,,金錢,屏東縣屏東市****,0931*****,,,,,,,,
6,方一祥,111年屏東縣議員選舉,首次申報,1110901,個人捐贈收入,徐振勛,,10000.00,0.00,現金,1110901,,,金錢,屏東縣潮州鎮****,0982*****,,,,,,,,
7,方一祥,111年屏東縣議員選舉,首次申報,1110912,個人捐贈收入,詹天仁,,5000.00,0.00,匯款,1110912,,,金錢,屏東縣屏東市****,0968*****,,,,,,,,
8,方一祥,111年屏東縣議員選舉,首次申報,1110929,個人捐贈收入,高雅慧,T22*******,50000.00,0.00,現金,1110930,,,金錢,屏東縣屏東市****,0921*****,,,,,,,,
9,方一祥,111年屏東縣議員選舉,首次申報,1111004,營利事業捐贈收入,水月囍樓有限公司,24876699,20000.00,0.00,匯款,1111004,已返還,,金錢,屏東縣屏東市****,,,,,,,,,
10,方一祥,111年屏東縣議員選舉,首次申報,1111018,個人捐贈收入,方佳祥,T12*******,10000.00,0.00,現金,1111018,,,金錢,屏東縣屏東市****,0976*****,,,,,,,,
11,方一祥,111年屏東縣議員選舉,首次申報,1111019,人民團體捐贈收入,屏東縣中藥服務人員職業工會,,10000.00,0.00,現金,1111019,,,金錢,屏東縣屏東市****,08-7*****,,,,,,,,
12,方一祥,111年屏東縣議員選舉,首次申報,1111101,個人捐贈收入,杜怡靜,,5000.00,0.00,現金,1111101,,,金錢,屏東縣里港鄉****,0927*****,,,,,,,,
13,方一祥,111年屏東縣議員選舉,首次申報,1111107,個人捐贈收入,翁頂翔,T12*******,100000.00,0.00,匯款,1111107,,,金錢,屏東縣潮州鎮****,0939*****,,,,,,,,
14,方一祥,111年屏東縣議員選舉,首次申報,1111107,個人捐贈收入,李莉莉,T29*******,50000.00,0.00,匯款,1111107,,,金錢,屏東縣屏東市****,0910*****,,,,,,,,
15,方一祥,111年屏東縣議員選舉,首次申報,1111111,個人捐贈收入,方畹鈞,T22*******,20000.00,0.00,現金,1111111,,,金錢,屏東縣萬丹鄉****,,,,,,,,,
16,方一祥,111年屏東縣議員選舉,首次申報,1111115,匿名捐贈,空白匿名,,10000.00,0.00,現金,1111115,,,金錢,,,,,,,,,,
17,方一祥,111年屏東縣議員選舉,首次申報,1111115,匿名捐贈,空白匿名,,10000.00,0.00,現金,1111115,,,金錢,,,,,,,,,,
18,方一祥,111年屏東縣議員選舉,首次申報,1111121,個人捐贈收入,鄭隆傑,T12*******,30000.00,0.00,匯款,1111121,,,金錢,臺南市北區北****,0919*****,,,,,,,,
19,方一祥,111年屏東縣議員選舉,首次申報,1111221,其他收入,利息收入,,78.00,0.00,匯款,1111221,,,金錢,,,,,,,,,,
