﻿序號,擬參選人／政黨,選舉名稱,申報序號／年度,交易日期,收支科目,捐贈者／支出對象,身分證／統一編號,收入金額,支出金額,捐贈方式,存入專戶日期,返還/繳庫,支出用途,金錢類,地址,聯絡電話,應揭露之支出對象,支出對象之內部人員姓名,支出對象之內部人員職稱,政黨之內部人員姓名,政黨之內部人員職稱,關係,更正註記,資料更正日期
1,林冠維,111年臺南市議員選舉,首次申報,1110520,雜支支出,威航企業社,40731798,0.00,10000.00,,,,餐飲費用,金錢,臺南市東區裕****,(07)*****,否,,,,,,,
2,林冠維,111年臺南市議員選舉,首次申報,1110520,宣傳支出,封崴企業社,85618981,0.00,80000.00,,,,製作競選物品或宣傳廣告費用,金錢,臺南市安南區****,788-*****,否,,,,,,,
3,林冠維,111年臺南市議員選舉,首次申報,1110521,宣傳支出,易謄廣告工作室,47966664,0.00,78000.00,,,,製作競選物品或宣傳廣告費用（物品名稱-帆布看板）,金錢,臺南市東區富****,0931*****,否,,,,,,,
4,林冠維,111年臺南市議員選舉,首次申報,1110525,宣傳支出,泓霖廣告企業社,85609673,0.00,18000.00,,,,製作競選物品或宣傳廣告費用（物品名稱-竹架帆布）,金錢,臺南市安南區****,(06)*****,否,,,,,,,
5,林冠維,111年臺南市議員選舉,首次申報,1110530,雜支支出,威航企業社,40731798,0.00,10000.00,,,,餐飲費用,金錢,臺南市東區裕****,(07)*****,否,,,,,,,
6,林冠維,111年臺南市議員選舉,首次申報,1110531,宣傳支出,易謄廣告工作室,47966664,0.00,42000.00,,,,製作競選物品或宣傳廣告費用（物品名稱-帆布看板）,金錢,臺南市東區富****,0931*****,否,,,,,,,
7,林冠維,111年臺南市議員選舉,首次申報,1110531,宣傳支出,泓霖廣告企業社,85609673,0.00,12000.00,,,,製作競選物品或宣傳廣告費用（物品名稱-竹架帆布）,金錢,臺南市安南區****,(06)*****,否,,,,,,,
8,林冠維,111年臺南市議員選舉,首次申報,1110531,人事費用支出,李仁豪,D12*******,0.00,38000.00,,,,工資或薪津,金錢,臺南市南區中****,0930*****,否,,,,,,,
9,林冠維,111年臺南市議員選舉,首次申報,1110531,人事費用支出,劉芳儀,D22*******,0.00,38000.00,,,,工資或薪津,金錢,臺南市永康區****,0917*****,否,,,,,,,
10,林冠維,111年臺南市議員選舉,首次申報,1110531,人事費用支出,黃懿賢,D22*******,0.00,38000.00,,,,工資或薪津,金錢,臺南市仁德區****,0921*****,否,,,,,,,
11,林冠維,111年臺南市議員選舉,首次申報,1110531,人事費用支出,車政軍,E12*******,0.00,38000.00,,,,工資或薪津,金錢,臺南市歸仁區****,0953*****,否,,,,,,,
12,林冠維,111年臺南市議員選舉,首次申報,1110531,人事費用支出,彭禕薳,E12*******,0.00,38000.00,,,,工資或薪津,金錢,臺南市永康區****,0929*****,否,,,,,,,
13,林冠維,111年臺南市議員選舉,首次申報,1110531,人事費用支出,温金城,R12*******,0.00,38000.00,,,,工資或薪津,金錢,臺南市永康區****,0933*****,否,,,,,,,
14,林冠維,111年臺南市議員選舉,首次申報,1110531,人事費用支出,林曉依,R22*******,0.00,38000.00,,,,工資或薪津,金錢,臺南市安南區****,0972*****,否,,,,,,,
15,林冠維,111年臺南市議員選舉,首次申報,1110610,宣傳支出,泓霖廣告企業社,85609673,0.00,15000.00,,,,製作競選物品或宣傳廣告費用（物品名稱-竹架帆布）,金錢,臺南市安南區****,(06)*****,否,,,,,,,
16,林冠維,111年臺南市議員選舉,首次申報,1110615,宣傳支出,易謄廣告工作室,47966664,0.00,72238.00,,,,製作競選物品或宣傳廣告費用（物品名稱-帆布看板）,金錢,臺南市東區富****,0931*****,否,,,,,,,
17,林冠維,111年臺南市議員選舉,首次申報,1110620,宣傳支出,封崴企業社,85618981,0.00,70000.00,,,,製作競選物品或宣傳廣告費用,金錢,臺南市安南區****,788-*****,否,,,,,,,
18,林冠維,111年臺南市議員選舉,首次申報,1110626,宣傳支出,泓霖廣告企業社,85609673,0.00,16000.00,,,,製作競選物品或宣傳廣告費用（物品名稱-竹架帆布）,金錢,臺南市安南區****,(06)*****,否,,,,,,,
19,林冠維,111年臺南市議員選舉,首次申報,1110630,宣傳支出,易謄廣告工作室,47966664,0.00,68000.00,,,,製作競選物品或宣傳廣告費用（物品名稱-帆布看板）,金錢,臺南市東區富****,0931*****,否,,,,,,,
20,林冠維,111年臺南市議員選舉,首次申報,1110630,人事費用支出,李仁豪,D12*******,0.00,38000.00,,,,工資或薪津,金錢,臺南市南區中****,0930*****,否,,,,,,,
21,林冠維,111年臺南市議員選舉,首次申報,1110630,人事費用支出,劉芳儀,D22*******,0.00,38000.00,,,,工資或薪津,金錢,臺南市永康區****,0917*****,否,,,,,,,
22,林冠維,111年臺南市議員選舉,首次申報,1110630,人事費用支出,黃懿賢,D22*******,0.00,38000.00,,,,工資或薪津,金錢,臺南市仁德區****,0921*****,否,,,,,,,
23,林冠維,111年臺南市議員選舉,首次申報,1110630,人事費用支出,車政軍,E12*******,0.00,38000.00,,,,工資或薪津,金錢,臺南市歸仁區****,0953*****,否,,,,,,,
24,林冠維,111年臺南市議員選舉,首次申報,1110630,人事費用支出,彭禕薳,E12*******,0.00,38000.00,,,,工資或薪津,金錢,臺南市永康區****,0929*****,否,,,,,,,
25,林冠維,111年臺南市議員選舉,首次申報,1110630,人事費用支出,温金城,R12*******,0.00,38000.00,,,,工資或薪津,金錢,臺南市永康區****,0933*****,否,,,,,,,
26,林冠維,111年臺南市議員選舉,首次申報,1110630,人事費用支出,林曉依,R22*******,0.00,38000.00,,,,工資或薪津,金錢,臺南市安南區****,0972*****,否,,,,,,,
27,林冠維,111年臺南市議員選舉,首次申報,1110705,宣傳支出,樂活城市社,37584907,0.00,10000.00,,,,播放、傳送或刊登宣傳廣告費用,金錢,臺南市安平區****,0927*****,否,,,,,,,
28,林冠維,111年臺南市議員選舉,首次申報,1110705,雜支支出,威航企業社,40731798,0.00,10000.00,,,,餐飲費用,金錢,臺南市東區裕****,(07)*****,否,,,,,,,
29,林冠維,111年臺南市議員選舉,首次申報,1110705,宣傳支出,泓霖廣告企業社,85609673,0.00,17000.00,,,,製作競選物品或宣傳廣告費用（物品名稱-竹架帆布）,金錢,臺南市安南區****,(06)*****,否,,,,,,,
30,林冠維,111年臺南市議員選舉,首次申報,1110711,宣傳支出,易謄廣告工作室,47966664,0.00,54336.00,,,,製作競選物品或宣傳廣告費用（物品名稱-帆布看板）,金錢,臺南市東區富****,0931*****,否,,,,,,,
31,林冠維,111年臺南市議員選舉,首次申報,1110720,雜支支出,威航企業社,40731798,0.00,10000.00,,,,餐飲費用,金錢,臺南市東區裕****,(07)*****,否,,,,,,,
32,林冠維,111年臺南市議員選舉,首次申報,1110720,宣傳支出,易謄廣告工作室,47966664,0.00,47000.00,,,,製作競選物品或宣傳廣告費用（物品名稱-帆布看板）,金錢,臺南市東區富****,0931*****,否,,,,,,,
33,林冠維,111年臺南市議員選舉,首次申報,1110720,宣傳支出,封崴企業社,85618981,0.00,90000.00,,,,製作競選物品或宣傳廣告費用,金錢,臺南市安南區****,788-*****,否,,,,,,,
34,林冠維,111年臺南市議員選舉,首次申報,1110723,宣傳支出,泓霖廣告企業社,85609673,0.00,13000.00,,,,製作競選物品或宣傳廣告費用（物品名稱-竹架帆布）,金錢,臺南市安南區****,(06)*****,否,,,,,,,
35,林冠維,111年臺南市議員選舉,首次申報,1110731,雜支支出,威航企業社,40731798,0.00,10000.00,,,,餐飲費用,金錢,臺南市東區裕****,(07)*****,否,,,,,,,
36,林冠維,111年臺南市議員選舉,首次申報,1110731,宣傳支出,易謄廣告工作室,47966664,0.00,45000.00,,,,製作競選物品或宣傳廣告費用（物品名稱-帆布看板）,金錢,臺南市東區富****,0931*****,否,,,,,,,
37,林冠維,111年臺南市議員選舉,首次申報,1110731,人事費用支出,李仁豪,D12*******,0.00,38000.00,,,,工資或薪津,金錢,臺南市南區中****,0930*****,否,,,,,,,
38,林冠維,111年臺南市議員選舉,首次申報,1110731,人事費用支出,劉芳儀,D22*******,0.00,38000.00,,,,工資或薪津,金錢,臺南市永康區****,0917*****,否,,,,,,,
39,林冠維,111年臺南市議員選舉,首次申報,1110731,人事費用支出,黃懿賢,D22*******,0.00,38000.00,,,,工資或薪津,金錢,臺南市仁德區****,0921*****,否,,,,,,,
40,林冠維,111年臺南市議員選舉,首次申報,1110731,人事費用支出,車政軍,E12*******,0.00,38000.00,,,,工資或薪津,金錢,臺南市歸仁區****,0953*****,否,,,,,,,
41,林冠維,111年臺南市議員選舉,首次申報,1110731,人事費用支出,彭禕薳,E12*******,0.00,38000.00,,,,工資或薪津,金錢,臺南市永康區****,0929*****,否,,,,,,,
42,林冠維,111年臺南市議員選舉,首次申報,1110731,人事費用支出,温金城,R12*******,0.00,38000.00,,,,工資或薪津,金錢,臺南市永康區****,0933*****,否,,,,,,,
43,林冠維,111年臺南市議員選舉,首次申報,1110731,人事費用支出,林曉依,R22*******,0.00,38000.00,,,,工資或薪津,金錢,臺南市安南區****,0972*****,否,,,,,,,
44,林冠維,111年臺南市議員選舉,首次申報,1110805,雜支支出,台灣電力公司,,0.00,2491.00,,,,水電瓦斯費用,金錢,臺南市中西區****,,否,,,,,,,
45,林冠維,111年臺南市議員選舉,首次申報,1110805,宣傳支出,樂活城市社,37584907,0.00,40000.00,,,,播放、傳送或刊登宣傳廣告費用,金錢,臺南市安平區****,0927*****,否,,,,,,,
46,林冠維,111年臺南市議員選舉,首次申報,1110806,宣傳支出,泓霖廣告企業社,85609673,0.00,14000.00,,,,製作競選物品或宣傳廣告費用（物品名稱-竹架帆布）,金錢,臺南市安南區****,(06)*****,否,,,,,,,
47,林冠維,111年臺南市議員選舉,首次申報,1110810,雜支支出,威航企業社,40731798,0.00,10000.00,,,,餐飲費用,金錢,臺南市東區裕****,(07)*****,否,,,,,,,
48,林冠維,111年臺南市議員選舉,首次申報,1110824,集會支出,喜帆企業社,10460381,0.00,45700.00,,,,租用設備費用,金錢,臺南市歸仁區****,(06)*****,否,,,,,,,
49,林冠維,111年臺南市議員選舉,首次申報,1110824,宣傳支出,泓霖廣告企業社,85609673,0.00,16000.00,,,,製作競選物品或宣傳廣告費用（物品名稱-竹架帆布）,金錢,臺南市安南區****,(06)*****,否,,,,,,,
50,林冠維,111年臺南市議員選舉,首次申報,1110831,宣傳支出,易謄廣告工作室,47966664,0.00,38500.00,,,,製作競選物品或宣傳廣告費用（物品名稱-帆布看板）,金錢,臺南市東區富****,0931*****,否,,,,,,,
51,林冠維,111年臺南市議員選舉,首次申報,1110831,人事費用支出,李仁豪,D12*******,0.00,38000.00,,,,工資或薪津,金錢,臺南市南區中****,0930*****,否,,,,,,,
52,林冠維,111年臺南市議員選舉,首次申報,1110831,人事費用支出,劉芳儀,D22*******,0.00,38000.00,,,,工資或薪津,金錢,臺南市永康區****,0917*****,否,,,,,,,
53,林冠維,111年臺南市議員選舉,首次申報,1110831,人事費用支出,黃懿賢,D22*******,0.00,38000.00,,,,工資或薪津,金錢,臺南市仁德區****,0921*****,否,,,,,,,
54,林冠維,111年臺南市議員選舉,首次申報,1110831,人事費用支出,車政軍,E12*******,0.00,38000.00,,,,工資或薪津,金錢,臺南市歸仁區****,0953*****,否,,,,,,,
55,林冠維,111年臺南市議員選舉,首次申報,1110831,人事費用支出,彭禕薳,E12*******,0.00,38000.00,,,,工資或薪津,金錢,臺南市永康區****,0929*****,否,,,,,,,
56,林冠維,111年臺南市議員選舉,首次申報,1110831,人事費用支出,温金城,R12*******,0.00,38000.00,,,,工資或薪津,金錢,臺南市永康區****,0933*****,否,,,,,,,
57,林冠維,111年臺南市議員選舉,首次申報,1110831,人事費用支出,林曉依,R22*******,0.00,38000.00,,,,工資或薪津,金錢,臺南市安南區****,0972*****,否,,,,,,,
58,林冠維,111年臺南市議員選舉,首次申報,1110905,宣傳支出,樂活城市社,37584907,0.00,30000.00,,,,播放、傳送或刊登宣傳廣告費用,金錢,臺南市安平區****,0927*****,否,,,,,,,
59,林冠維,111年臺南市議員選舉,首次申報,1110905,宣傳支出,樂活城市社,37584907,0.00,40000.00,,,,播放、傳送或刊登宣傳廣告費用,金錢,臺南市安平區****,0927*****,否,,,,,,,
60,林冠維,111年臺南市議員選舉,首次申報,1110905,宣傳支出,泓霖廣告企業社,85609673,0.00,15000.00,,,,製作競選物品或宣傳廣告費用（物品名稱-竹架帆布）,金錢,臺南市安南區****,(06)*****,否,,,,,,,
61,林冠維,111年臺南市議員選舉,首次申報,1110905,宣傳支出,創意攝影工坊,85641462,0.00,30000.00,,,,製作競選物品或宣傳廣告費用,金錢,臺南市中西區****,0931*****,否,,,,,,,
62,林冠維,111年臺南市議員選舉,首次申報,1110909,宣傳支出,銘倫西服館,10809805,0.00,23000.00,,,,其他與選舉宣傳有關之費用-宣傳制服,金錢,臺南市中西區****,(06)*****,否,,,,,,,
63,林冠維,111年臺南市議員選舉,首次申報,1110910,雜支支出,威航企業社,40731798,0.00,10000.00,,,,餐飲費用,金錢,臺南市東區裕****,(07)*****,否,,,,,,,
64,林冠維,111年臺南市議員選舉,首次申報,1110910,宣傳支出,佑新廣告社,62929767,0.00,80000.00,,,,製作競選物品或宣傳廣告費用,金錢,臺南市北區東****,234-*****,否,,,,,,,
65,林冠維,111年臺南市議員選舉,首次申報,1110914,宣傳支出,旗倉國際有限公司,24571129,0.00,60000.00,,,,播放、傳送或刊登宣傳廣告費用,金錢,臺南市東區仁****,,否,,,,,,,
66,林冠維,111年臺南市議員選舉,首次申報,1110915,雜支支出,威航企業社,40731798,0.00,10000.00,,,,餐飲費用,金錢,臺南市東區裕****,(07)*****,否,,,,,,,
67,林冠維,111年臺南市議員選舉,首次申報,1110915,宣傳支出,易謄廣告工作室,47966664,0.00,26000.00,,,,製作競選物品或宣傳廣告費用（物品名稱-帆布看板）,金錢,臺南市東區富****,0931*****,否,,,,,,,
68,林冠維,111年臺南市議員選舉,首次申報,1110920,雜支支出,威航企業社,40731798,0.00,10000.00,,,,餐飲費用,金錢,臺南市東區裕****,(07)*****,否,,,,,,,
69,林冠維,111年臺南市議員選舉,首次申報,1110920,雜支支出,永員企業有限公司,86387615,0.00,8600.00,,,,雜項購置或修繕費用,金錢,臺南市永康區****,233-*****,否,,,,,,,
70,林冠維,111年臺南市議員選舉,首次申報,1110921,宣傳支出,中華郵政,,0.00,25524.00,,,,郵寄競選物品或宣傳廣告費用,金錢,臺北市大安區****,,否,,,,,,,
71,林冠維,111年臺南市議員選舉,首次申報,1110923,宣傳支出,泓霖廣告企業社,85609673,0.00,15000.00,,,,製作競選物品或宣傳廣告費用（物品名稱-竹架帆布）,金錢,臺南市安南區****,(06)*****,否,,,,,,,
72,林冠維,111年臺南市議員選舉,首次申報,1110926,宣傳支出,音樂字典有聲出版社,99056693,0.00,3000.00,,,,製作競選物品或宣傳廣告費用,金錢,高雄市左營區****,(07)*****,否,,,,,,,
73,林冠維,111年臺南市議員選舉,首次申報,1110930,租用競選辦事處支出,中華警安保全股份有限公司,13194140,0.00,17325.00,,,,其他與租用競選辦事處有關之費用-安裝保全設備,金錢,臺南市南區中****,(06)*****,否,,,,,,,
74,林冠維,111年臺南市議員選舉,首次申報,1110930,雜支支出,威航企業社,40731798,0.00,10000.00,,,,餐飲費用,金錢,臺南市東區裕****,(07)*****,否,,,,,,,
75,林冠維,111年臺南市議員選舉,首次申報,1110930,宣傳支出,大發製香舖,93837861,0.00,24830.00,,,,其他與選舉宣傳有關之費用,金錢,臺南市永康區****,271-*****,否,,,,,,,
76,林冠維,111年臺南市議員選舉,首次申報,1110930,人事費用支出,李仁豪,D12*******,0.00,38000.00,,,,工資或薪津,金錢,臺南市南區中****,0930*****,否,,,,,,,
77,林冠維,111年臺南市議員選舉,首次申報,1110930,人事費用支出,劉芳儀,D22*******,0.00,38000.00,,,,工資或薪津,金錢,臺南市永康區****,0917*****,否,,,,,,,
78,林冠維,111年臺南市議員選舉,首次申報,1110930,人事費用支出,黃懿賢,D22*******,0.00,38000.00,,,,工資或薪津,金錢,臺南市仁德區****,0921*****,否,,,,,,,
79,林冠維,111年臺南市議員選舉,首次申報,1110930,人事費用支出,車政軍,E12*******,0.00,38000.00,,,,工資或薪津,金錢,臺南市歸仁區****,0953*****,否,,,,,,,
80,林冠維,111年臺南市議員選舉,首次申報,1110930,人事費用支出,彭禕薳,E12*******,0.00,38000.00,,,,工資或薪津,金錢,臺南市永康區****,0929*****,否,,,,,,,
81,林冠維,111年臺南市議員選舉,首次申報,1110930,人事費用支出,温金城,R12*******,0.00,38000.00,,,,工資或薪津,金錢,臺南市永康區****,0933*****,否,,,,,,,
82,林冠維,111年臺南市議員選舉,首次申報,1110930,人事費用支出,林曉依,R22*******,0.00,38000.00,,,,工資或薪津,金錢,臺南市安南區****,0972*****,否,,,,,,,
83,林冠維,111年臺南市議員選舉,首次申報,1111002,宣傳支出,佑新廣告社,62929767,0.00,50000.00,,,,製作競選物品或宣傳廣告費用,金錢,臺南市北區東****,234-*****,否,,,,,,,
84,林冠維,111年臺南市議員選舉,首次申報,1111003,集會支出,臺南市政府環境保護局,,0.00,3000.00,,,,租用設備費用,金錢,臺南市東區崇****,,否,,,,,,,
85,林冠維,111年臺南市議員選舉,首次申報,1111003,雜支支出,臺灣中華日報社股份有限公司,03710808,0.00,35000.00,,,,書報雜誌費用,金錢,臺南市北區西****,(06)*****,否,,,,,,,
86,林冠維,111年臺南市議員選舉,首次申報,1111003,租用宣傳車輛支出,永大路加油站,24406769,0.00,290.00,,,,宣傳車輛燃料費用,金錢,臺南市永康區****,,否,,,,,,,
87,林冠維,111年臺南市議員選舉,首次申報,1111003,集會支出,三立貨櫃有限公司,64976569,0.00,6300.00,,,,租用設備費用,金錢,臺南市仁德區****,266-*****,否,,,,,,,
88,林冠維,111年臺南市議員選舉,首次申報,1111004,雜支支出,利民鎖匙材料行,10108310,0.00,160.00,,,,雜項購置或修繕費用,金錢,臺南市永康區****,273-*****,否,,,,,,,
89,林冠維,111年臺南市議員選舉,首次申報,1111004,集會支出,三立貨櫃有限公司,64976569,0.00,6300.00,,,,租用設備費用,金錢,臺南市仁德區****,266-*****,否,,,,,,,
90,林冠維,111年臺南市議員選舉,首次申報,1111004,宣傳支出,泓霖廣告企業社,85609673,0.00,18000.00,,,,製作競選物品或宣傳廣告費用（物品名稱-竹架帆布）,金錢,臺南市安南區****,(06)*****,否,,,,,,,
91,林冠維,111年臺南市議員選舉,首次申報,1111004,宣傳支出,三竹簡訊,86136982,0.00,3000.00,,,,發送電信簡訊費用,金錢,臺北市中山區****,(02)*****,否,,,,,,,
92,林冠維,111年臺南市議員選舉,首次申報,1111004,宣傳支出,三竹簡訊,86136982,0.00,20000.00,,,,發送電信簡訊費用,金錢,臺北市中山區****,(02)*****,否,,,,,,,
93,林冠維,111年臺南市議員選舉,首次申報,1111005,租用宣傳車輛支出,永大路加油站,24406769,0.00,1000.00,,,,宣傳車輛燃料費用,金錢,臺南市永康區****,,否,,,,,,,
94,林冠維,111年臺南市議員選舉,首次申報,1111005,宣傳支出,樂活城市社,37584907,0.00,30000.00,,,,播放、傳送或刊登宣傳廣告費用,金錢,臺南市安平區****,0927*****,否,,,,,,,
95,林冠維,111年臺南市議員選舉,首次申報,1111005,宣傳支出,樂活城市社,37584907,0.00,40000.00,,,,播放、傳送或刊登宣傳廣告費用,金錢,臺南市安平區****,0927*****,否,,,,,,,
96,林冠維,111年臺南市議員選舉,首次申報,1111005,宣傳支出,創意攝影工坊,85641462,0.00,30000.00,,,,製作競選物品或宣傳廣告費用,金錢,臺南市中西區****,0931*****,否,,,,,,,
97,林冠維,111年臺南市議員選舉,首次申報,1111005,宣傳支出,三竹簡訊,86136982,0.00,10000.00,,,,發送電信簡訊費用,金錢,臺北市中山區****,(02)*****,否,,,,,,,
98,林冠維,111年臺南市議員選舉,首次申報,1111006,租用宣傳車輛支出,永大路加油站,24406769,0.00,500.00,,,,宣傳車輛燃料費用,金錢,臺南市永康區****,,否,,,,,,,
99,林冠維,111年臺南市議員選舉,首次申報,1111006,宣傳支出,中中企業社,67947878,0.00,121687.00,,,,郵寄競選物品或宣傳廣告費用,金錢,臺南市永康區****,201-*****,否,,,,,,,
100,林冠維,111年臺南市議員選舉,首次申報,1111006,宣傳支出,中中企業社,67947878,0.00,5400.00,,,,郵寄競選物品或宣傳廣告費用,金錢,臺南市永康區****,201-*****,否,,,,,,,
101,林冠維,111年臺南市議員選舉,首次申報,1111007,租用宣傳車輛支出,永大路加油站,24406769,0.00,1000.00,,,,宣傳車輛燃料費用,金錢,臺南市永康區****,,否,,,,,,,
102,林冠維,111年臺南市議員選舉,首次申報,1111007,宣傳支出,富樂夢股份有限公司,68678247,0.00,80000.00,,,,製作競選物品或宣傳廣告費用（物品名稱-文具組）,金錢,臺南市中西區****,(06)*****,否,,,,,,,
103,林冠維,111年臺南市議員選舉,首次申報,1111009,租用宣傳車輛支出,永大路加油站,24406769,0.00,1000.00,,,,宣傳車輛燃料費用,金錢,臺南市永康區****,,否,,,,,,,
104,林冠維,111年臺南市議員選舉,首次申報,1111010,租用宣傳車輛支出,永大路加油站,24406769,0.00,588.00,,,,宣傳車輛燃料費用,金錢,臺南市永康區****,,否,,,,,,,
105,林冠維,111年臺南市議員選舉,首次申報,1111012,雜支支出,中華電信股份有限公司,,0.00,1731.00,,,,電信費用,金錢,臺南市中西區****,,否,,,,,,,
106,林冠維,111年臺南市議員選舉,首次申報,1111012,雜支支出,中華電信股份有限公司,,0.00,4484.00,,,,電信費用,金錢,臺南市中西區****,,否,,,,,,,
107,林冠維,111年臺南市議員選舉,首次申報,1111012,雜支支出,中華電信股份有限公司,,0.00,3253.00,,,,電信費用,金錢,臺南市中西區****,,否,,,,,,,
108,林冠維,111年臺南市議員選舉,首次申報,1111012,租用宣傳車輛支出,永大路加油站,24406769,0.00,1000.00,,,,宣傳車輛燃料費用,金錢,臺南市永康區****,,否,,,,,,,
109,林冠維,111年臺南市議員選舉,首次申報,1111016,租用宣傳車輛支出,加泓加油站,16718871,0.00,850.00,,,,宣傳車輛燃料費用,金錢,臺南市永康區****,,否,,,,,,,
110,林冠維,111年臺南市議員選舉,首次申報,1111018,租用宣傳車輛支出,永大路加油站,24406769,0.00,1000.00,,,,宣傳車輛燃料費用,金錢,臺南市永康區****,,否,,,,,,,
111,林冠維,111年臺南市議員選舉,首次申報,1111018,租用宣傳車輛支出,永大路加油站,24406769,0.00,500.00,,,,宣傳車輛燃料費用,金錢,臺南市永康區****,,否,,,,,,,
112,林冠維,111年臺南市議員選舉,首次申報,1111019,宣傳支出,中華郵政,,0.00,116.00,,,,郵寄競選物品或宣傳廣告費用,金錢,臺北市大安區****,,否,,,,,,,
113,林冠維,111年臺南市議員選舉,首次申報,1111020,租用宣傳車輛支出,統一精工,17831731,0.00,1000.00,,,,宣傳車輛燃料費用,金錢,臺南市永康區****,,否,,,,,,,
114,林冠維,111年臺南市議員選舉,首次申報,1111020,宣傳支出,易謄廣告工作室,47966664,0.00,11605.00,,,,製作競選物品或宣傳廣告費用（物品名稱-帆布看板）,金錢,臺南市東區富****,0931*****,否,,,,,,,
115,林冠維,111年臺南市議員選舉,首次申報,1111021,宣傳支出,泓霖廣告企業社,85609673,0.00,12000.00,,,,製作競選物品或宣傳廣告費用（物品名稱-竹架帆布）,金錢,臺南市安南區****,(06)*****,否,,,,,,,
116,林冠維,111年臺南市議員選舉,首次申報,1111022,宣傳支出,馥鉞廣告社,40897306,0.00,350.00,,,,製作競選物品或宣傳廣告費用,金錢,臺南市中西區****,221-*****,否,,,,,,,
117,林冠維,111年臺南市議員選舉,首次申報,1111022,雜支支出,安可廣告社,73667375,0.00,800.00,,,,雜項購置或修繕費用,金錢,臺南市永康區****,202-*****,否,,,,,,,
118,林冠維,111年臺南市議員選舉,首次申報,1111023,租用宣傳車輛支出,永大路加油站,24406769,0.00,1000.00,,,,宣傳車輛燃料費用,金錢,臺南市永康區****,,否,,,,,,,
119,林冠維,111年臺南市議員選舉,首次申報,1111024,宣傳支出,三竹簡訊,86136982,0.00,30000.00,,,,發送電信簡訊費用,金錢,臺北市中山區****,(02)*****,否,,,,,,,
120,林冠維,111年臺南市議員選舉,首次申報,1111025,租用宣傳車輛支出,永大路加油站,24406769,0.00,535.00,,,,宣傳車輛燃料費用,金錢,臺南市永康區****,,否,,,,,,,
121,林冠維,111年臺南市議員選舉,首次申報,1111025,租用宣傳車輛支出,永大路加油站,24406769,0.00,70.00,,,,宣傳車輛燃料費用,金錢,臺南市永康區****,,否,,,,,,,
122,林冠維,111年臺南市議員選舉,首次申報,1111026,租用宣傳車輛支出,永大路加油站,24406769,0.00,970.00,,,,宣傳車輛燃料費用,金錢,臺南市永康區****,,否,,,,,,,
123,林冠維,111年臺南市議員選舉,首次申報,1111026,租用宣傳車輛支出,永大路加油站,24406769,0.00,75.00,,,,宣傳車輛燃料費用,金錢,臺南市永康區****,,否,,,,,,,
124,林冠維,111年臺南市議員選舉,首次申報,1111027,宣傳支出,青春廣播電台股份有限公司,13073883,0.00,95000.00,,,,播放、傳送或刊登宣傳廣告費用,金錢,臺南市北區臨****,(06)*****,否,,,,,,,
125,林冠維,111年臺南市議員選舉,首次申報,1111027,宣傳支出,青春廣播電台股份有限公司,13073883,0.00,13000.00,,,,播放、傳送或刊登宣傳廣告費用,金錢,臺南市北區臨****,(06)*****,否,,,,,,,
126,林冠維,111年臺南市議員選舉,首次申報,1111027,宣傳支出,富樂夢股份有限公司,68678247,0.00,20000.00,,,,製作競選物品或宣傳廣告費用（物品名稱-橡皮擦）,金錢,臺南市中西區****,(06)*****,否,,,,,,,
127,林冠維,111年臺南市議員選舉,首次申報,1111028,租用宣傳車輛支出,永大路加油站,24406769,0.00,1000.00,,,,宣傳車輛燃料費用,金錢,臺南市永康區****,,否,,,,,,,
128,林冠維,111年臺南市議員選舉,首次申報,1111028,宣傳支出,富樂夢股份有限公司,68678247,0.00,30000.00,,,,製作競選物品或宣傳廣告費用（物品名稱-橡皮擦）,金錢,臺南市中西區****,(06)*****,否,,,,,,,
129,林冠維,111年臺南市議員選舉,首次申報,1111029,租用宣傳車輛支出,永大路加油站,24406769,0.00,1350.00,,,,宣傳車輛燃料費用,金錢,臺南市永康區****,,否,,,,,,,
130,林冠維,111年臺南市議員選舉,首次申報,1111030,租用宣傳車輛支出,永大路加油站,24406769,0.00,1000.00,,,,宣傳車輛燃料費用,金錢,臺南市永康區****,,否,,,,,,,
131,林冠維,111年臺南市議員選舉,首次申報,1111031,人事費用支出,李仁豪,D12*******,0.00,38000.00,,,,工資或薪津,金錢,臺南市南區中****,0930*****,否,,,,,,,
132,林冠維,111年臺南市議員選舉,首次申報,1111031,人事費用支出,劉芳儀,D22*******,0.00,38000.00,,,,工資或薪津,金錢,臺南市永康區****,0917*****,否,,,,,,,
133,林冠維,111年臺南市議員選舉,首次申報,1111031,人事費用支出,黃懿賢,D22*******,0.00,38000.00,,,,工資或薪津,金錢,臺南市仁德區****,0921*****,否,,,,,,,
134,林冠維,111年臺南市議員選舉,首次申報,1111031,人事費用支出,車政軍,E12*******,0.00,38000.00,,,,工資或薪津,金錢,臺南市歸仁區****,0953*****,否,,,,,,,
135,林冠維,111年臺南市議員選舉,首次申報,1111031,人事費用支出,彭禕薳,E12*******,0.00,38000.00,,,,工資或薪津,金錢,臺南市永康區****,0929*****,否,,,,,,,
136,林冠維,111年臺南市議員選舉,首次申報,1111031,人事費用支出,温金城,R12*******,0.00,38000.00,,,,工資或薪津,金錢,臺南市永康區****,0933*****,否,,,,,,,
137,林冠維,111年臺南市議員選舉,首次申報,1111031,人事費用支出,林曉依,R22*******,0.00,38000.00,,,,工資或薪津,金錢,臺南市安南區****,0972*****,否,,,,,,,
138,林冠維,111年臺南市議員選舉,首次申報,1111101,租用宣傳車輛支出,永大路加油站,24406769,0.00,100.00,,,,宣傳車輛燃料費用,金錢,臺南市永康區****,,否,,,,,,,
139,林冠維,111年臺南市議員選舉,首次申報,1111102,租用宣傳車輛支出,永大路加油站,24406769,0.00,600.00,,,,宣傳車輛燃料費用,金錢,臺南市永康區****,,否,,,,,,,
140,林冠維,111年臺南市議員選舉,首次申報,1111102,租用宣傳車輛支出,永大路加油站,24406769,0.00,1000.00,,,,宣傳車輛燃料費用,金錢,臺南市永康區****,,否,,,,,,,
141,林冠維,111年臺南市議員選舉,首次申報,1111102,租用宣傳車輛支出,永大路加油站,24406769,0.00,100.00,,,,宣傳車輛燃料費用,金錢,臺南市永康區****,,否,,,,,,,
142,林冠維,111年臺南市議員選舉,首次申報,1111103,租用宣傳車輛支出,加泓加油站,16718871,0.00,100.00,,,,宣傳車輛燃料費用,金錢,臺南市永康區****,,否,,,,,,,
143,林冠維,111年臺南市議員選舉,首次申報,1111103,宣傳支出,佑新廣告社,62929767,0.00,80000.00,,,,製作競選物品或宣傳廣告費用,金錢,臺南市北區東****,234-*****,否,,,,,,,
144,林冠維,111年臺南市議員選舉,首次申報,1111104,租用宣傳車輛支出,永大路加油站,24406769,0.00,1000.00,,,,宣傳車輛燃料費用,金錢,臺南市永康區****,,否,,,,,,,
145,林冠維,111年臺南市議員選舉,首次申報,1111104,宣傳支出,泓霖廣告企業社,85609673,0.00,14000.00,,,,製作競選物品或宣傳廣告費用（物品名稱-竹架帆布）,金錢,臺南市安南區****,(06)*****,否,,,,,,,
146,林冠維,111年臺南市議員選舉,首次申報,1111105,租用宣傳車輛支出,加泓加油站,16718871,0.00,95.00,,,,宣傳車輛燃料費用,金錢,臺南市永康區****,,否,,,,,,,
147,林冠維,111年臺南市議員選舉,首次申報,1111105,宣傳支出,樂活城市社,37584907,0.00,35000.00,,,,播放、傳送或刊登宣傳廣告費用,金錢,臺南市安平區****,0927*****,否,,,,,,,
148,林冠維,111年臺南市議員選舉,首次申報,1111106,租用宣傳車輛支出,永大路加油站,24406769,0.00,500.00,,,,宣傳車輛燃料費用,金錢,臺南市永康區****,,否,,,,,,,
149,林冠維,111年臺南市議員選舉,首次申報,1111106,宣傳支出,中中企業社,67947878,0.00,48000.00,,,,郵寄競選物品或宣傳廣告費用,金錢,臺南市永康區****,201-*****,否,,,,,,,
150,林冠維,111年臺南市議員選舉,首次申報,1111106,宣傳支出,中中企業社,67947878,0.00,48000.00,,,,郵寄競選物品或宣傳廣告費用,金錢,臺南市永康區****,201-*****,否,,,,,,,
151,林冠維,111年臺南市議員選舉,首次申報,1111106,租用宣傳車輛支出,台灣中油,99134017,0.00,1000.00,,,,宣傳車輛燃料費用,金錢,臺南市永康區****,,否,,,,,,,
152,林冠維,111年臺南市議員選舉,首次申報,1111107,宣傳支出,中華郵政,,0.00,8802.00,,,,郵寄競選物品或宣傳廣告費用,金錢,臺北市大安區****,,否,,,,,,,
153,林冠維,111年臺南市議員選舉,首次申報,1111107,租用宣傳車輛支出,加泓加油站,16718871,0.00,80.00,,,,宣傳車輛燃料費用,金錢,臺南市永康區****,,否,,,,,,,
154,林冠維,111年臺南市議員選舉,首次申報,1111108,宣傳支出,中華郵政,,0.00,105.00,,,,郵寄競選物品或宣傳廣告費用,金錢,臺北市大安區****,,否,,,,,,,
155,林冠維,111年臺南市議員選舉,首次申報,1111108,租用宣傳車輛支出,永大路加油站,24406769,0.00,600.00,,,,宣傳車輛燃料費用,金錢,臺南市永康區****,,否,,,,,,,
156,林冠維,111年臺南市議員選舉,首次申報,1111108,租用宣傳車輛支出,永大路加油站,24406769,0.00,1000.00,,,,宣傳車輛燃料費用,金錢,臺南市永康區****,,否,,,,,,,
157,林冠維,111年臺南市議員選舉,首次申報,1111109,雜支支出,台灣自來水股份有限公司,,0.00,1096.00,,,,水電瓦斯費用,金錢,臺南市中西區****,,否,,,,,,,
158,林冠維,111年臺南市議員選舉,首次申報,1111110,雜支支出,聯州電料行,06619888,0.00,3500.00,,,,雜項購置或修繕費用,金錢,臺南市永康區****,271-*****,否,,,,,,,
159,林冠維,111年臺南市議員選舉,首次申報,1111110,雜支支出,威航企業社,40731798,0.00,10000.00,,,,餐飲費用,金錢,臺南市東區裕****,(07)*****,否,,,,,,,
160,林冠維,111年臺南市議員選舉,首次申報,1111110,宣傳支出,易謄廣告工作室,47966664,0.00,48000.00,,,,製作競選物品或宣傳廣告費用（物品名稱-帆布看板）,金錢,臺南市東區富****,0931*****,否,,,,,,,
161,林冠維,111年臺南市議員選舉,首次申報,1111110,雜支支出,萬王鎖店,97834366,0.00,500.00,,,,雜項購置或修繕費用,金錢,臺南市永康區****,232-*****,否,,,,,,,
162,林冠維,111年臺南市議員選舉,首次申報,1111111,雜支支出,中華電信股份有限公司,,0.00,2432.00,,,,電信費用,金錢,臺南市中西區****,,否,,,,,,,
163,林冠維,111年臺南市議員選舉,首次申報,1111111,雜支支出,中華電信股份有限公司,,0.00,1578.00,,,,電信費用,金錢,臺南市中西區****,,否,,,,,,,
164,林冠維,111年臺南市議員選舉,首次申報,1111111,雜支支出,中華電信股份有限公司,,0.00,3596.00,,,,電信費用,金錢,臺南市中西區****,,否,,,,,,,
165,林冠維,111年臺南市議員選舉,首次申報,1111111,雜支支出,中華電信股份有限公司,,0.00,1503.00,,,,電信費用,金錢,臺南市中西區****,,否,,,,,,,
166,林冠維,111年臺南市議員選舉,首次申報,1111111,雜支支出,中華電信股份有限公司,,0.00,4697.00,,,,電信費用,金錢,臺南市中西區****,,否,,,,,,,
167,林冠維,111年臺南市議員選舉,首次申報,1111111,雜支支出,中華電信股份有限公司,,0.00,5042.00,,,,電信費用,金錢,臺南市中西區****,,否,,,,,,,
168,林冠維,111年臺南市議員選舉,首次申報,1111112,租用宣傳車輛支出,永大路加油站,24406769,0.00,600.00,,,,宣傳車輛燃料費用,金錢,臺南市永康區****,,否,,,,,,,
169,林冠維,111年臺南市議員選舉,首次申報,1111112,租用宣傳車輛支出,永大路加油站,24406769,0.00,1000.00,,,,宣傳車輛燃料費用,金錢,臺南市永康區****,,否,,,,,,,
170,林冠維,111年臺南市議員選舉,首次申報,1111112,租用宣傳車輛支出,台亞石油,47842051,0.00,950.00,,,,宣傳車輛燃料費用,金錢,臺南市永康區****,,否,,,,,,,
171,林冠維,111年臺南市議員選舉,首次申報,1111112,雜支支出,永員企業有限公司,86387615,0.00,1425.00,,,,雜項購置或修繕費用,金錢,臺南市永康區****,233-*****,否,,,,,,,
172,林冠維,111年臺南市議員選舉,首次申報,1111114,宣傳支出,中華郵政,,0.00,1000.00,,,,郵寄競選物品或宣傳廣告費用,金錢,臺北市大安區****,,否,,,,,,,
173,林冠維,111年臺南市議員選舉,首次申報,1111114,租用宣傳車輛支出,永大路加油站,24406769,0.00,1000.00,,,,宣傳車輛燃料費用,金錢,臺南市永康區****,,否,,,,,,,
174,林冠維,111年臺南市議員選舉,首次申報,1111115,雜支支出,威航企業社,40731798,0.00,10000.00,,,,餐飲費用,金錢,臺南市東區裕****,(07)*****,否,,,,,,,
175,林冠維,111年臺南市議員選舉,首次申報,1111115,宣傳支出,富樂夢股份有限公司,68678247,0.00,75000.00,,,,製作競選物品或宣傳廣告費用（物品名稱-文具組）,金錢,臺南市中西區****,(06)*****,否,,,,,,,
176,林冠維,111年臺南市議員選舉,首次申報,1111116,宣傳支出,中華郵政,,0.00,67.00,,,,郵寄競選物品或宣傳廣告費用,金錢,臺北市大安區****,,否,,,,,,,
177,林冠維,111年臺南市議員選舉,首次申報,1111116,返還捐贈支出,得琳企業股份有限公司,22942048,0.00,200000.00,,,,返還,金錢,臺南市永康區****,,否,,,,,,,
178,林冠維,111年臺南市議員選舉,首次申報,1111116,租用宣傳車輛支出,永大路加油站,24406769,0.00,1000.00,,,,宣傳車輛燃料費用,金錢,臺南市永康區****,,否,,,,,,,
179,林冠維,111年臺南市議員選舉,首次申報,1111116,租用宣傳車輛支出,永大路加油站,24406769,0.00,500.00,,,,宣傳車輛燃料費用,金錢,臺南市永康區****,,否,,,,,,,
180,林冠維,111年臺南市議員選舉,首次申報,1111116,宣傳支出,三竹簡訊,86136982,0.00,20000.00,,,,發送電信簡訊費用,金錢,臺北市中山區****,(02)*****,否,,,,,,,
181,林冠維,111年臺南市議員選舉,首次申報,1111116,宣傳支出,三竹簡訊,86136982,0.00,4000.00,,,,發送電信簡訊費用,金錢,臺北市中山區****,(02)*****,否,,,,,,,
182,林冠維,111年臺南市議員選舉,首次申報,1111117,租用宣傳車輛支出,永大路加油站,24406769,0.00,500.00,,,,宣傳車輛燃料費用,金錢,臺南市永康區****,,否,,,,,,,
183,林冠維,111年臺南市議員選舉,首次申報,1111118,宣傳支出,中華郵政,,0.00,10648.00,,,,郵寄競選物品或宣傳廣告費用,金錢,臺北市大安區****,,否,,,,,,,
184,林冠維,111年臺南市議員選舉,首次申報,1111118,租用宣傳車輛支出,永大路加油站,24406769,0.00,1000.00,,,,宣傳車輛燃料費用,金錢,臺南市永康區****,,否,,,,,,,
185,林冠維,111年臺南市議員選舉,首次申報,1111119,租用宣傳車輛支出,永大路加油站,24406769,0.00,1000.00,,,,宣傳車輛燃料費用,金錢,臺南市永康區****,,否,,,,,,,
186,林冠維,111年臺南市議員選舉,首次申報,1111120,租用宣傳車輛支出,永大路加油站,24406769,0.00,600.00,,,,宣傳車輛燃料費用,金錢,臺南市永康區****,,否,,,,,,,
187,林冠維,111年臺南市議員選舉,首次申報,1111120,租用宣傳車輛支出,永大路加油站,24406769,0.00,1000.00,,,,宣傳車輛燃料費用,金錢,臺南市永康區****,,否,,,,,,,
188,林冠維,111年臺南市議員選舉,首次申報,1111120,雜支支出,威航企業社,40731798,0.00,10000.00,,,,餐飲費用,金錢,臺南市東區裕****,(07)*****,否,,,,,,,
189,林冠維,111年臺南市議員選舉,首次申報,1111121,返還捐贈支出,陞旺建設股份有限公司,24901326,0.00,100000.00,,,,返還,金錢,臺南市永康區****,,否,,,,,,,
190,林冠維,111年臺南市議員選舉,首次申報,1111121,宣傳支出,冠岱科技有限公司,80720255,0.00,18000.00,,,,其他與選舉宣傳有關之費用,金錢,臺南市安南區****,(06)*****,否,,,,,,,
191,林冠維,111年臺南市議員選舉,首次申報,1111122,租用宣傳車輛支出,浤揚工具店,10113073,0.00,1000.00,,,,維修宣傳車輛費用,金錢,臺南市永康區****,201-*****,否,,,,,,,
192,林冠維,111年臺南市議員選舉,首次申報,1111122,租用宣傳車輛支出,永大路加油站,24406769,0.00,1000.00,,,,宣傳車輛燃料費用,金錢,臺南市永康區****,,否,,,,,,,
193,林冠維,111年臺南市議員選舉,首次申報,1111123,租用宣傳車輛支出,永大路加油站,24406769,0.00,940.00,,,,宣傳車輛燃料費用,金錢,臺南市永康區****,,否,,,,,,,
194,林冠維,111年臺南市議員選舉,首次申報,1111123,宣傳支出,易謄廣告工作室,47966664,0.00,50000.00,,,,製作競選物品或宣傳廣告費用（物品名稱-帆布看板）,金錢,臺南市東區富****,0931*****,否,,,,,,,
195,林冠維,111年臺南市議員選舉,首次申報,1111124,租用宣傳車輛支出,北基崑山加油站,37668167,0.00,1000.00,,,,宣傳車輛燃料費用,金錢,臺南市永康區****,,否,,,,,,,
196,林冠維,111年臺南市議員選舉,首次申報,1111124,宣傳支出,冠岱科技有限公司,80720255,0.00,7200.00,,,,其他與選舉宣傳有關之費用,金錢,臺南市安南區****,(06)*****,否,,,,,,,
197,林冠維,111年臺南市議員選舉,首次申報,1111124,宣傳支出,三竹簡訊,86136982,0.00,20000.00,,,,發送電信簡訊費用,金錢,臺北市中山區****,(02)*****,否,,,,,,,
198,林冠維,111年臺南市議員選舉,首次申報,1111125,租用宣傳車輛支出,永大路加油站,24406769,0.00,600.00,,,,宣傳車輛燃料費用,金錢,臺南市永康區****,,否,,,,,,,
199,林冠維,111年臺南市議員選舉,首次申報,1111125,雜支支出,威航企業社,40731798,0.00,10000.00,,,,餐飲費用,金錢,臺南市東區裕****,(07)*****,否,,,,,,,
200,林冠維,111年臺南市議員選舉,首次申報,1111126,宣傳支出,泓霖廣告企業社,85609673,0.00,16000.00,,,,製作競選物品或宣傳廣告費用（物品名稱-竹架帆布）,金錢,臺南市安南區****,(06)*****,否,,,,,,,
201,林冠維,111年臺南市議員選舉,首次申報,1111127,租用宣傳車輛支出,永大路加油站,24406769,0.00,1000.00,,,,宣傳車輛燃料費用,金錢,臺南市永康區****,,否,,,,,,,
202,林冠維,111年臺南市議員選舉,首次申報,1111128,宣傳支出,三竹簡訊,86136982,0.00,3000.00,,,,發送電信簡訊費用,金錢,臺北市中山區****,(02)*****,否,,,,,,,
203,林冠維,111年臺南市議員選舉,首次申報,1111128,宣傳支出,三竹簡訊,86136982,0.00,20000.00,,,,發送電信簡訊費用,金錢,臺北市中山區****,(02)*****,否,,,,,,,
204,林冠維,111年臺南市議員選舉,首次申報,1111130,宣傳支出,易謄廣告工作室,47966664,0.00,20000.00,,,,製作競選物品或宣傳廣告費用（物品名稱-帆布看板）,金錢,臺南市東區富****,0931*****,否,,,,,,,
205,林冠維,111年臺南市議員選舉,首次申報,1111130,人事費用支出,李仁豪,D12*******,0.00,38000.00,,,,工資或薪津,金錢,臺南市南區中****,0930*****,否,,,,,,,
206,林冠維,111年臺南市議員選舉,首次申報,1111130,人事費用支出,劉芳儀,D22*******,0.00,38000.00,,,,工資或薪津,金錢,臺南市永康區****,0917*****,否,,,,,,,
207,林冠維,111年臺南市議員選舉,首次申報,1111130,人事費用支出,黃懿賢,D22*******,0.00,38000.00,,,,工資或薪津,金錢,臺南市仁德區****,0921*****,否,,,,,,,
208,林冠維,111年臺南市議員選舉,首次申報,1111130,人事費用支出,車政軍,E12*******,0.00,38000.00,,,,工資或薪津,金錢,臺南市歸仁區****,0953*****,否,,,,,,,
209,林冠維,111年臺南市議員選舉,首次申報,1111130,人事費用支出,彭禕薳,E12*******,0.00,38000.00,,,,工資或薪津,金錢,臺南市永康區****,0929*****,否,,,,,,,
210,林冠維,111年臺南市議員選舉,首次申報,1111130,人事費用支出,温金城,R12*******,0.00,38000.00,,,,工資或薪津,金錢,臺南市永康區****,0933*****,否,,,,,,,
211,林冠維,111年臺南市議員選舉,首次申報,1111130,人事費用支出,林曉依,R22*******,0.00,38000.00,,,,工資或薪津,金錢,臺南市安南區****,0972*****,否,,,,,,,
212,林冠維,111年臺南市議員選舉,首次申報,1111203,宣傳支出,泓霖廣告企業社,85609673,0.00,13000.00,,,,製作競選物品或宣傳廣告費用（物品名稱-竹架帆布）,金錢,臺南市安南區****,(06)*****,否,,,,,,,
213,林冠維,111年臺南市議員選舉,首次申報,1111206,宣傳支出,中中企業社,67947878,0.00,54000.00,,,,郵寄競選物品或宣傳廣告費用,金錢,臺南市永康區****,201-*****,否,,,,,,,
214,林冠維,111年臺南市議員選舉,首次申報,1111209,雜支支出,中華電信股份有限公司,,0.00,4623.00,,,,電信費用,金錢,臺南市中西區****,,否,,,,,,,
215,林冠維,111年臺南市議員選舉,首次申報,1111209,雜支支出,中華電信股份有限公司,,0.00,1217.00,,,,電信費用,金錢,臺南市中西區****,,否,,,,,,,
216,林冠維,111年臺南市議員選舉,首次申報,1111209,雜支支出,中華電信股份有限公司,,0.00,2765.00,,,,電信費用,金錢,臺南市中西區****,,否,,,,,,,
217,林冠維,111年臺南市議員選舉,首次申報,1111209,雜支支出,中華電信股份有限公司,,0.00,878.00,,,,電信費用,金錢,臺南市中西區****,,否,,,,,,,
218,林冠維,111年臺南市議員選舉,首次申報,1111209,雜支支出,中華電信股份有限公司,,0.00,759.00,,,,電信費用,金錢,臺南市中西區****,,否,,,,,,,
219,林冠維,111年臺南市議員選舉,首次申報,1111209,雜支支出,中華電信股份有限公司,,0.00,742.00,,,,電信費用,金錢,臺南市中西區****,,否,,,,,,,
220,林冠維,111年臺南市議員選舉,首次申報,1111209,雜支支出,睬越企業有限公司,28568672,0.00,8000.00,,,,雜項購置或修繕費用,金錢,臺南市永康區****,202-*****,否,,,,,,,
221,林冠維,111年臺南市議員選舉,首次申報,1111209,宣傳支出,易謄廣告工作室,47966664,0.00,30000.00,,,,製作競選物品或宣傳廣告費用（物品名稱-帆布看板）,金錢,臺南市東區富****,0931*****,否,,,,,,,
222,林冠維,111年臺南市議員選舉,首次申報,1111210,雜支支出,聯州電料行,06619888,0.00,3500.00,,,,雜項購置或修繕費用,金錢,臺南市永康區****,271-*****,否,,,,,,,
223,林冠維,111年臺南市議員選舉,首次申報,1111216,宣傳支出,易謄廣告工作室,47966664,0.00,35000.00,,,,製作競選物品或宣傳廣告費用（物品名稱-帆布看板）,金錢,臺南市東區富****,0931*****,否,,,,,,,
224,林冠維,111年臺南市議員選舉,首次申報,1111221,集會支出,威航食品有限公司,97079214,0.00,53000.00,,,,餐飲費用,金錢,高雄市湖內區****,(07)*****,否,,,,,,,
225,林冠維,111年臺南市議員選舉,首次申報,1111223,宣傳支出,易謄廣告工作室,47966664,0.00,45000.00,,,,製作競選物品或宣傳廣告費用（物品名稱-帆布看板）,金錢,臺南市東區富****,0931*****,否,,,,,,,
226,林冠維,111年臺南市議員選舉,首次申報,1111223,宣傳支出,富樂夢股份有限公司,68678247,0.00,50000.00,,,,製作競選物品或宣傳廣告費用,金錢,臺南市中西區****,(06)*****,否,,,,,,,
227,林冠維,111年臺南市議員選舉,首次申報,1111223,集會支出,威航食品有限公司,97079214,0.00,54150.00,,,,餐飲費用,金錢,高雄市湖內區****,(07)*****,否,,,,,,,
228,林冠維,111年臺南市議員選舉,首次申報,1111223,集會支出,威航食品有限公司,97079214,0.00,50550.00,,,,餐飲費用,金錢,高雄市湖內區****,(07)*****,否,,,,,,,
229,林冠維,111年臺南市議員選舉,首次申報,1111224,宣傳支出,泓霖廣告企業社,85609673,0.00,17000.00,,,,製作競選物品或宣傳廣告費用（物品名稱-竹架帆布）,金錢,臺南市安南區****,(06)*****,否,,,,,,,
230,林冠維,111年臺南市議員選舉,首次申報,1111224,雜支支出,威航食品有限公司,97079214,0.00,48250.00,,,,餐飲費用,金錢,高雄市湖內區****,(07)*****,否,,,,,,,
231,林冠維,111年臺南市議員選舉,首次申報,1111226,人事費用支出,李仁豪,D12*******,0.00,38000.00,,,,工資或薪津,金錢,臺南市南區中****,0930*****,否,,,,,,,
232,林冠維,111年臺南市議員選舉,首次申報,1111226,人事費用支出,劉芳儀,D22*******,0.00,38000.00,,,,工資或薪津,金錢,臺南市永康區****,0917*****,否,,,,,,,
233,林冠維,111年臺南市議員選舉,首次申報,1111226,人事費用支出,黃懿賢,D22*******,0.00,38000.00,,,,工資或薪津,金錢,臺南市仁德區****,0921*****,否,,,,,,,
234,林冠維,111年臺南市議員選舉,首次申報,1111226,人事費用支出,車政軍,E12*******,0.00,38000.00,,,,工資或薪津,金錢,臺南市歸仁區****,0953*****,否,,,,,,,
235,林冠維,111年臺南市議員選舉,首次申報,1111226,人事費用支出,彭禕薳,E12*******,0.00,38000.00,,,,工資或薪津,金錢,臺南市永康區****,0929*****,否,,,,,,,
236,林冠維,111年臺南市議員選舉,首次申報,1111226,人事費用支出,温金城,R12*******,0.00,38000.00,,,,工資或薪津,金錢,臺南市永康區****,0933*****,否,,,,,,,
237,林冠維,111年臺南市議員選舉,首次申報,1111226,人事費用支出,林曉依,R22*******,0.00,38000.00,,,,工資或薪津,金錢,臺南市安南區****,0972*****,否,,,,,,,
