﻿序號,擬參選人／政黨,選舉名稱,申報序號／年度,交易日期,收支科目,捐贈者／支出對象,身分證／統一編號,收入金額,支出金額,捐贈方式,存入專戶日期,返還/繳庫,支出用途,金錢類,地址,聯絡電話,應揭露之支出對象,支出對象之內部人員姓名,支出對象之內部人員職稱,政黨之內部人員姓名,政黨之內部人員職稱,關係,更正註記,資料更正日期
1,徐瑜新,111年新竹縣議員選舉,首次申報,1111101,宣傳支出,毅鴻企業社,18082735,0.00,153073.00,,,,租用廣告看板或車體廣告費用,金錢,新北市板橋區****,02-2*****,否,,,,,,,
2,徐瑜新,111年新竹縣議員選舉,首次申報,1111128,宣傳支出,長鑫廣告有限公司,16375600,0.00,189000.00,,,,製作競選物品或宣傳廣告費用（文宣印刷）,金錢,新竹縣竹北市****,03-5*****,否,,,,,,,
3,徐瑜新,111年新竹縣議員選舉,首次申報,1111130,宣傳支出,長鑫廣告有限公司,16375600,0.00,175000.00,,,,製作競選物品或宣傳廣告費用（文宣印刷）,金錢,新竹縣竹北市****,03-5*****,否,,,,,,,
4,徐瑜新,111年新竹縣議員選舉,首次申報,1111205,宣傳支出,啟昌整合有限公司,47159000,0.00,45000.00,,,,製作競選物品或宣傳廣告費用（設計文宣）,金錢,新竹市中正路****,03-5*****,否,,,,,,,
