﻿序號,擬參選人／政黨,選舉名稱,申報序號／年度,交易日期,收支科目,捐贈者／支出對象,身分證／統一編號,收入金額,支出金額,捐贈方式,存入專戶日期,返還/繳庫,支出用途,金錢類,地址,聯絡電話,應揭露之支出對象,支出對象之內部人員姓名,支出對象之內部人員職稱,政黨之內部人員姓名,政黨之內部人員職稱,關係,更正註記,資料更正日期
1,徐筱菁,111年苗栗縣議員選舉,首次申報,1110705,宣傳支出,名揚汽車修理廠,,0.00,5000.00,,,,租用廣告看板或車體廣告費用,金錢,苗栗縣頭屋鄉****,,否,,,,,,,
2,徐筱菁,111年苗栗縣議員選舉,首次申報,1110706,宣傳支出,黃春惠,,0.00,25000.00,,,,租用廣告看板,金錢,苗栗縣苗栗市****,,否,,,,,,,
3,徐筱菁,111年苗栗縣議員選舉,首次申報,1110812,雜支支出,台灣中油中苗站,,0.00,985.00,,,,汽機車燃料費用,金錢,苗栗縣苗栗市****,,否,,,,,,,
4,徐筱菁,111年苗栗縣議員選舉,首次申報,1110816,雜支支出,松本加油站,,0.00,1284.00,,,,汽機車燃料費用,金錢,苗栗縣苗栗市****,,否,,,,,,,
5,徐筱菁,111年苗栗縣議員選舉,首次申報,1110821,集會支出,傳陳客家米食坊,,0.00,10000.00,,,,餐飲費用,金錢,苗栗縣苗栗市****,,否,,,,,,,
6,徐筱菁,111年苗栗縣議員選舉,首次申報,1110823,雜支支出,創可有限公司,,0.00,1098.00,,,,雜項購置,金錢,新北市板橋區****,,否,,,,,,,
7,徐筱菁,111年苗栗縣議員選舉,首次申報,1110902,雜支支出,奕榮苗栗加油站,,0.00,1200.00,,,,汽機車燃料費用,金錢,苗栗縣苗栗市****,,否,,,,,,,
8,徐筱菁,111年苗栗縣議員選舉,首次申報,1110903,雜支支出,FamliyMart,,0.00,518.00,,,,餐飲費用,金錢,苗栗縣苗栗市****,,否,,,,,,,
9,徐筱菁,111年苗栗縣議員選舉,首次申報,1110907,雜支支出,奕榮苗栗加油站,,0.00,1170.00,,,,汽機車燃料費用,金錢,苗栗縣苗栗市****,,否,,,,,,,
10,徐筱菁,111年苗栗縣議員選舉,首次申報,1110909,雜支支出,苗栗電料行,,0.00,5000.00,,,,雜項購置或修繕費用-擴音機,金錢,苗栗縣苗栗市****,,否,,,,,,,
11,徐筱菁,111年苗栗縣議員選舉,首次申報,1110909,宣傳支出,一級棒廣告工作室,,0.00,28000.00,,,,製作競選物品或宣傳廣告費用-旗幟製作,金錢,苗栗縣銅鑼鄉****,,否,,,,,,,
12,徐筱菁,111年苗栗縣議員選舉,首次申報,1110912,租用宣傳車輛支出,苗栗電料行,,0.00,5000.00,,,,其他與租用宣傳車輛有關之費用,金錢,苗栗縣苗栗市****,,否,,,,,,,
13,徐筱菁,111年苗栗縣議員選舉,首次申報,1110912,宣傳支出,超群廣告社,21477389,0.00,81645.00,,,,製作競選物品或宣傳廣告費用-帆布,金錢,苗栗縣苗栗市****,,否,,,,,,,
14,徐筱菁,111年苗栗縣議員選舉,首次申報,1110916,宣傳支出,一級棒廣告工作室,38988266,0.00,42000.00,,,,製作競選物品或宣傳廣告費用（物品名稱-旗幟製作）,金錢,苗栗縣銅鑼鄉****,,否,,,,,,,
15,徐筱菁,111年苗栗縣議員選舉,首次申報,1110918,雜支支出,7-ELEVEN,,0.00,569.00,,,,餐飲費用,金錢,苗栗縣苗栗市****,,否,,,,,,,
16,徐筱菁,111年苗栗縣議員選舉,首次申報,1110920,雜支支出,吉盛加油站,,0.00,1200.00,,,,汽機車燃料費用,金錢,苗栗縣後龍鎮****,,否,,,,,,,
17,徐筱菁,111年苗栗縣議員選舉,首次申報,1110920,宣傳支出,超群廣告社,21477389,0.00,40000.00,,,,製作競選物品或宣傳廣告費用（物品名稱-帆布）,金錢,苗栗縣苗栗市****,,否,,,,,,,
18,徐筱菁,111年苗栗縣議員選舉,首次申報,1110923,宣傳支出,超群廣告社,21477389,0.00,61245.00,,,,製作競選物品或宣傳廣告費用（物品名稱-帆布）,金錢,苗栗縣苗栗市****,,否,,,,,,,
19,徐筱菁,111年苗栗縣議員選舉,首次申報,1110924,雜支支出,奕榮苗栗加油站,,0.00,1109.00,,,,汽機車燃料費用,金錢,苗栗縣苗栗市****,,否,,,,,,,
20,徐筱菁,111年苗栗縣議員選舉,首次申報,1110929,雜支支出,奕榮苗栗加油站,,0.00,1182.00,,,,汽機車燃料費用,金錢,苗栗縣苗栗市****,,否,,,,,,,
21,徐筱菁,111年苗栗縣議員選舉,首次申報,1110930,雜支支出,統一快印商店,,0.00,2700.00,,,,文具用品費用,金錢,苗栗縣苗栗市****,,否,,,,,,,
22,徐筱菁,111年苗栗縣議員選舉,首次申報,1111002,集會支出,傳陳客家米食坊,,0.00,10000.00,,,,餐飲費用,金錢,苗栗縣苗栗市****,,否,,,,,,,
23,徐筱菁,111年苗栗縣議員選舉,首次申報,1111003,雜支支出,三好自助餐,,0.00,9200.00,,,,餐飲費用,金錢,苗栗縣苗栗市****,,否,,,,,,,
24,徐筱菁,111年苗栗縣議員選舉,首次申報,1111003,宣傳支出,超群廣告社,21477389,0.00,3920.00,,,,製作競選物品或宣傳廣告費用（物品名稱-帆布）,金錢,苗栗縣苗栗市****,,否,,,,,,,
25,徐筱菁,111年苗栗縣議員選舉,首次申報,1111004,雜支支出,全國加油站(苗栗交流道站),,0.00,641.00,,,,汽機車燃料費用,金錢,苗栗縣苗栗市****,,否,,,,,,,
26,徐筱菁,111年苗栗縣議員選舉,首次申報,1111011,宣傳支出,藍格印刷國際企業有限公司,,0.00,660.00,,,,製作競選物品（物品名稱-宣傳貼紙）,金錢,臺北市內湖區****,,否,,,,,,,
27,徐筱菁,111年苗栗縣議員選舉,首次申報,1111014,雜支支出,台灣中油中苗站,,0.00,1181.00,,,,汽機車燃料費用,金錢,苗栗縣苗栗市****,,否,,,,,,,
28,徐筱菁,111年苗栗縣議員選舉,首次申報,1111014,雜支支出,全國電子(苗栗中正二門市),,0.00,338.00,,,,雜項購置(隨身碟),金錢,苗栗縣苗栗市****,,否,,,,,,,
29,徐筱菁,111年苗栗縣議員選舉,首次申報,1111016,雜支支出,清水茶香,,0.00,236.00,,,,餐飲費用,金錢,苗栗縣苗栗市****,,否,,,,,,,
30,徐筱菁,111年苗栗縣議員選舉,首次申報,1111016,租用宣傳車輛支出,奕榮苗栗加油站,,0.00,500.00,,,,宣傳車輛燃料費用,金錢,苗栗縣苗栗市****,,否,,,,,,,
31,徐筱菁,111年苗栗縣議員選舉,首次申報,1111017,雜支支出,鍋潤發苗栗店,,0.00,360.00,,,,餐飲費用,金錢,苗栗縣苗栗市****,,否,,,,,,,
32,徐筱菁,111年苗栗縣議員選舉,首次申報,1111020,雜支支出,笑喝喝茶行,,0.00,236.00,,,,餐飲費用,金錢,苗栗縣苗栗市****,,否,,,,,,,
33,徐筱菁,111年苗栗縣議員選舉,首次申報,1111020,雜支支出,吉盛加油站,,0.00,1081.00,,,,汽機車燃料費用,金錢,苗栗縣後龍鎮****,,否,,,,,,,
34,徐筱菁,111年苗栗縣議員選舉,首次申報,1111021,雜支支出,笑喝喝茶行,,0.00,340.00,,,,文具用品費用,金錢,苗栗縣苗栗市****,,否,,,,,,,
35,徐筱菁,111年苗栗縣議員選舉,首次申報,1111022,集會支出,傳陳客家米食坊,,0.00,18800.00,,,,餐飲費用-成立大會餐點,金錢,苗栗縣苗栗市****,,否,,,,,,,
36,徐筱菁,111年苗栗縣議員選舉,首次申報,1111022,集會支出,永森燈光音響企業社,,0.00,26000.00,,,,租用設備費用–舞台車、帳篷,金錢,苗栗縣頭屋鄉****,,否,,,,,,,
37,徐筱菁,111年苗栗縣議員選舉,首次申報,1111022,集會支出,晶彩用品店,,0.00,5410.00,,,,其他與集會有關之費用–發光手拍,金錢,桃園市大溪區****,,否,,,,,,,
38,徐筱菁,111年苗栗縣議員選舉,首次申報,1111022,集會支出,錦順行,,0.00,3400.00,,,,租用設備費用–桌、椅,金錢,苗栗縣苗栗市****,,否,,,,,,,
39,徐筱菁,111年苗栗縣議員選舉,首次申報,1111022,集會支出,小玉豬商號,,0.00,991.00,,,,其他與集會有關之費用-手提式包裝盒,金錢,南投縣水里鄉****,,否,,,,,,,
40,徐筱菁,111年苗栗縣議員選舉,首次申報,1111022,集會支出,金栗城卡通蛋糕專門店,,0.00,14000.00,,,,餐飲費用-西點,金錢,苗栗縣苗栗市****,,否,,,,,,,
41,徐筱菁,111年苗栗縣議員選舉,首次申報,1111024,雜支支出,鍋潤發苗栗店,,0.00,355.00,,,,餐飲費用,金錢,苗栗縣苗栗市****,,否,,,,,,,
42,徐筱菁,111年苗栗縣議員選舉,首次申報,1111024,雜支支出,全國電子(苗栗中正二門市),,0.00,378.00,,,,雜項購置(隨身碟),金錢,苗栗縣苗栗市****,,否,,,,,,,
43,徐筱菁,111年苗栗縣議員選舉,首次申報,1111026,雜支支出,吉盛加油站,,0.00,1106.00,,,,汽機車燃料費用,金錢,苗栗縣後龍鎮****,,否,,,,,,,
44,徐筱菁,111年苗栗縣議員選舉,首次申報,1111027,租用宣傳車輛支出,台灣中油公館加油站,,0.00,510.00,,,,宣傳車輛燃料費用,金錢,苗栗縣公館鄉****,,否,,,,,,,
45,徐筱菁,111年苗栗縣議員選舉,首次申報,1111028,宣傳支出,藍格印刷國際企業有限公司,,0.00,6249.00,,,,製作競選物品（物品名稱-宣傳文宣）,金錢,臺北市內湖區****,,否,,,,,,,
46,徐筱菁,111年苗栗縣議員選舉,首次申報,1111030,租用宣傳車輛支出,台灣中油公館加油站,,0.00,500.00,,,,宣傳車輛燃料費用,金錢,苗栗縣公館鄉****,,否,,,,,,,
47,徐筱菁,111年苗栗縣議員選舉,首次申報,1111101,租用宣傳車輛支出,台灣中油中苗加油站,,0.00,500.00,,,,宣傳車輛燃料費用,金錢,苗栗縣苗栗市****,,否,,,,,,,
48,徐筱菁,111年苗栗縣議員選舉,首次申報,1111101,雜支支出,吉盛加油站,,0.00,1055.00,,,,汽機車燃料費用,金錢,苗栗縣後龍鎮****,,否,,,,,,,
49,徐筱菁,111年苗栗縣議員選舉,首次申報,1111103,宣傳支出,藍格印刷國際企業有限公司,,0.00,856.00,,,,製作競選物品（物品名稱-宣傳貼紙）,金錢,臺北市內湖區****,,否,,,,,,,
50,徐筱菁,111年苗栗縣議員選舉,首次申報,1111104,集會支出,傳陳客家米食坊,,0.00,12500.00,,,,餐飲費用,金錢,苗栗縣苗栗市****,,否,,,,,,,
51,徐筱菁,111年苗栗縣議員選舉,首次申報,1111104,租用宣傳車輛支出,揚升加油站,,0.00,500.00,,,,宣傳車輛燃料費用,金錢,苗栗縣苗栗市****,,否,,,,,,,
52,徐筱菁,111年苗栗縣議員選舉,首次申報,1111107,租用宣傳車輛支出,全國加油站(苗栗交流道站),,0.00,500.00,,,,宣傳車輛燃料費用,金錢,苗栗縣苗栗市****,,否,,,,,,,
53,徐筱菁,111年苗栗縣議員選舉,首次申報,1111107,雜支支出,奕榮苗栗加油站,,0.00,1031.00,,,,汽機車燃料費用,金錢,苗栗縣苗栗市****,,否,,,,,,,
54,徐筱菁,111年苗栗縣議員選舉,首次申報,1111108,宣傳支出,藍格印刷國際企業有限公司,,0.00,10460.00,,,,製作競選物品（物品名稱-宣傳文宣）,金錢,臺北市內湖區****,,否,,,,,,,
55,徐筱菁,111年苗栗縣議員選舉,首次申報,1111108,宣傳支出,自由時報,,0.00,2800.00,,,,郵寄競選物品或宣傳廣告費用-派報,金錢,苗栗縣公館鄉****,,否,,,,,,,
56,徐筱菁,111年苗栗縣議員選舉,首次申報,1111110,租用宣傳車輛支出,和源加油站,,0.00,500.00,,,,宣傳車輛燃料費用,金錢,苗栗縣頭屋鄉****,,否,,,,,,,
57,徐筱菁,111年苗栗縣議員選舉,首次申報,1111111,集會支出,傳陳客家米食坊,,0.00,12500.00,,,,餐飲費用,金錢,苗栗縣苗栗市****,,否,,,,,,,
58,徐筱菁,111年苗栗縣議員選舉,首次申報,1111116,租用宣傳車輛支出,全國加油站(苗栗交流道站),,0.00,500.00,,,,宣傳車輛燃料費用,金錢,苗栗縣苗栗市****,,否,,,,,,,
59,徐筱菁,111年苗栗縣議員選舉,首次申報,1111118,租用宣傳車輛支出,全國加油站(苗栗交流道站),,0.00,500.00,,,,宣傳車輛燃料費用,金錢,苗栗縣苗栗市****,,否,,,,,,,
60,徐筱菁,111年苗栗縣議員選舉,首次申報,1111118,集會支出,傳陳客家米食坊,,0.00,15000.00,,,,餐飲費用,金錢,苗栗縣苗栗市****,,否,,,,,,,
61,徐筱菁,111年苗栗縣議員選舉,首次申報,1111118,雜支支出,奕榮苗栗加油站,,0.00,929.00,,,,汽機車燃料費用,金錢,苗栗縣苗栗市****,,否,,,,,,,
62,徐筱菁,111年苗栗縣議員選舉,首次申報,1111118,宣傳支出,彩之坊企業社,25431821,0.00,33000.00,,,,製作競選物品或宣傳廣告費用–提袋印製,金錢,臺中市大甲區****,,否,,,,,,,
63,徐筱菁,111年苗栗縣議員選舉,首次申報,1111119,宣傳支出,自由時報,,0.00,16000.00,,,,郵寄競選物品或宣傳廣告費用-派報,金錢,苗栗縣公館鄉****,,否,,,,,,,
64,徐筱菁,111年苗栗縣議員選舉,首次申報,1111120,人事費用支出,曾榆萱,K22*******,0.00,1760.00,,,,工資或薪津,金錢,苗栗縣文山里****,,否,,,,,,,
65,徐筱菁,111年苗栗縣議員選舉,首次申報,1111121,租用宣傳車輛支出,全國加油站(苗栗交流道站),,0.00,500.00,,,,宣傳車輛燃料費用,金錢,苗栗縣苗栗市****,,否,,,,,,,
66,徐筱菁,111年苗栗縣議員選舉,首次申報,1111123,雜支支出,全國加油站(苗栗交流道站),,0.00,500.00,,,,汽機車燃料費用,金錢,苗栗縣苗栗市****,,否,,,,,,,
67,徐筱菁,111年苗栗縣議員選舉,首次申報,1111125,租用宣傳車輛支出,全國加油站(苗栗交流道站),,0.00,500.00,,,,宣傳車輛燃料費用,金錢,苗栗縣苗栗市****,,否,,,,,,,
68,徐筱菁,111年苗栗縣議員選舉,首次申報,1111125,雜支支出,台灣中油中苗站,,0.00,1157.00,,,,汽機車燃料費用,金錢,苗栗縣苗栗市****,,否,,,,,,,
69,徐筱菁,111年苗栗縣議員選舉,首次申報,1111125,人事費用支出,徐盛發,K12*******,0.00,50000.00,,,,工資或薪津,金錢,苗栗縣頭屋鄉****,,否,,,,,,,
70,徐筱菁,111年苗栗縣議員選舉,首次申報,1111126,雜支支出,三好自助餐,,0.00,9600.00,,,,餐飲費用,金錢,苗栗縣苗栗市****,,否,,,,,,,
71,徐筱菁,111年苗栗縣議員選舉,首次申報,1111128,雜支支出,三好自助餐,,0.00,9840.00,,,,餐飲費用,金錢,苗栗縣苗栗市****,,否,,,,,,,
72,徐筱菁,111年苗栗縣議員選舉,首次申報,1111128,人事費用支出,蕭國增,K10*******,0.00,6200.00,,,,其他因工作酬勞之給付-插旗子,金錢,苗栗縣苗栗市****,,否,,,,,,,
73,徐筱菁,111年苗栗縣議員選舉,首次申報,1111128,人事費用支出,劉龍明,K10*******,0.00,4000.00,,,,其他因工作酬勞之給付-插旗子,金錢,苗栗縣苗栗市****,,否,,,,,,,
74,徐筱菁,111年苗栗縣議員選舉,首次申報,1111130,租用宣傳車輛支出,劉添生,K10*******,0.00,48000.00,,,,雇用宣傳車輛駕駛費用,金錢,苗栗縣苗栗市****,,否,,,,,,,
75,徐筱菁,111年苗栗縣議員選舉,首次申報,1111203,租用宣傳車輛支出,和源加油站,,0.00,637.00,,,,宣傳車輛燃料費用,金錢,苗栗縣頭屋鄉****,,否,,,,,,,
76,徐筱菁,111年苗栗縣議員選舉,首次申報,1111213,租用宣傳車輛支出,愛樂音響社,,0.00,8500.00,,,,其他與租用宣傳車輛有關之費用-音響、錄音,金錢,苗栗縣苗栗市****,,否,,,,,,,
