﻿序號,擬參選人／政黨,選舉名稱,申報序號／年度,交易日期,收支科目,捐贈者／支出對象,身分證／統一編號,收入金額,支出金額,捐贈方式,存入專戶日期,返還/繳庫,支出用途,金錢類,地址,聯絡電話,應揭露之支出對象,支出對象之內部人員姓名,支出對象之內部人員職稱,政黨之內部人員姓名,政黨之內部人員職稱,關係,更正註記,資料更正日期
1,李彥秀,109年立法委員選舉,第2次賸餘,1100101,參加公職人員選舉使用支出,遠東百貨,53014088,0.00,400.00,,,,餐飲費用,金錢,,,,,,,,,,
2,李彥秀,109年立法委員選舉,第2次賸餘,1100104,參加公職人員選舉使用支出,竑崴有限公司,82850697,0.00,2878.00,,,,餐飲費用,金錢,,,,,,,,,,
3,李彥秀,109年立法委員選舉,第2次賸餘,1100105,參加公職人員選舉使用支出,許陳玉梅,P20*******,0.00,2000.00,,,,聯誼交際費用,金錢,,,,,,,,,,
4,李彥秀,109年立法委員選舉,第2次賸餘,1100106,參加公職人員選舉使用支出,中華郵政,03741302,0.00,128.00,,,,郵電費,金錢,,,,,,,,,,
5,李彥秀,109年立法委員選舉,第2次賸餘,1100106,參加公職人員選舉使用支出,葉旭鴻,F12*******,0.00,30000.00,,,,其他因工作酬勞之給付,金錢,,,,,,,,,,
6,李彥秀,109年立法委員選舉,第2次賸餘,1100106,參加公職人員選舉使用支出,張振柔,F22*******,0.00,35000.00,,,,其他因工作酬勞之給付,金錢,新北市新店區****,,,,,,,,,
7,李彥秀,109年立法委員選舉,第2次賸餘,1100106,參加公職人員選舉使用支出,趙富盛,J12*******,0.00,15000.00,,,,其他因工作酬勞之給付,金錢,,,,,,,,,,
8,李彥秀,109年立法委員選舉,第2次賸餘,1100108,參加公職人員選舉使用支出,魚金貿易,31812664,0.00,1059.00,,,,餐飲費用,金錢,,,,,,,,,,
9,李彥秀,109年立法委員選舉,第2次賸餘,1100109,參加公職人員選舉使用支出,台灣中油,80705677,0.00,678.00,,,,油資,金錢,,,,,,,,,,
10,李彥秀,109年立法委員選舉,第2次賸餘,1100116,參加公職人員選舉使用支出,法朋有限公司,53930285,0.00,2455.00,,,,餐飲費用,金錢,,,,,,,,,,
11,李彥秀,109年立法委員選舉,第2次賸餘,1100116,參加公職人員選舉使用支出,好市多,80033968,0.00,11486.00,,,,雜項購置或修繕費用,金錢,臺北市****,,,,,,,,,
12,李彥秀,109年立法委員選舉,第2次賸餘,1100118,參加公職人員選舉使用支出,竑崴有限公司,82850697,0.00,2254.00,,,,餐飲費用,金錢,,,,,,,,,,
13,李彥秀,109年立法委員選舉,第2次賸餘,1100121,參加公職人員選舉使用支出,歐絡因創意有限公司,83055796,0.00,420000.00,,,,播放、傳送或刊登宣傳廣告費用,金錢,中山****,,,,,,,,,
14,李彥秀,109年立法委員選舉,第2次賸餘,1100125,參加公職人員選舉使用支出,中華郵政,03741302,0.00,100.00,,,,郵電費,金錢,,,,,,,,,,
15,李彥秀,109年立法委員選舉,第2次賸餘,1100125,參加公職人員選舉使用支出,孫家餐館,14333747,0.00,870.00,,,,餐飲費用,金錢,,,,,,,,,,
16,李彥秀,109年立法委員選舉,第2次賸餘,1100125,參加公職人員選舉使用支出,悅隆股份有限公司,89781302,0.00,15204.00,,,,餐飲費用,金錢,,,,,,,,,,
17,李彥秀,109年立法委員選舉,第2次賸餘,1100126,參加公職人員選舉使用支出,奇臻國際有限公司,54155661,0.00,1144.00,,,,餐飲費用,金錢,,,,,,,,,,
18,李彥秀,109年立法委員選舉,第2次賸餘,1100126,參加公職人員選舉使用支出,中華電信,81691784,0.00,2728.00,,,,電信費用,金錢,,,,,,,,,,
19,李彥秀,109年立法委員選舉,第2次賸餘,1100127,參加公職人員選舉使用支出,棉花田生機,30110742,0.00,1089.00,,,,餐飲費用,金錢,,,,,,,,,,
20,李彥秀,109年立法委員選舉,第2次賸餘,1100128,參加公職人員選舉使用支出,老乾杯,80033340,0.00,1474.00,,,,餐飲費用,金錢,,,,,,,,,,
21,李彥秀,109年立法委員選舉,第2次賸餘,1100131,參加公職人員選舉使用支出,大家發,80050683,0.00,1140.00,,,,雜項購置或修繕費用,金錢,,,,,,,,,,
22,李彥秀,109年立法委員選舉,第2次賸餘,1100131,參加公職人員選舉使用支出,悅隆股份有限公司,89781302,0.00,4767.00,,,,餐飲費用,金錢,,,,,,,,,,
23,李彥秀,109年立法委員選舉,第2次賸餘,1100131,參加公職人員選舉使用支出,許陳玉梅,P20*******,0.00,8500.00,,,,聯誼交際費用,金錢,,,,,,,,,,
24,李彥秀,109年立法委員選舉,第2次賸餘,1100203,參加公職人員選舉使用支出,鼎泰豐,53014088,0.00,10278.00,,,,餐飲費用,金錢,,,,,,,,,,
25,李彥秀,109年立法委員選舉,第2次賸餘,1100204,參加公職人員選舉使用支出,盛豐行,50976151,0.00,1290.00,,,,餐飲費用,金錢,,,,,,,,,,
26,李彥秀,109年立法委員選舉,第2次賸餘,1100205,參加公職人員選舉使用支出,臺虎精釀,24575504,0.00,2090.00,,,,餐飲費用,金錢,,,,,,,,,,
27,李彥秀,109年立法委員選舉,第2次賸餘,1100205,參加公職人員選舉使用支出,葉旭鴻,F12*******,0.00,30000.00,,,,其他因工作酬勞之給付,金錢,,,,,,,,,,
28,李彥秀,109年立法委員選舉,第2次賸餘,1100205,參加公職人員選舉使用支出,張振柔,F22*******,0.00,35000.00,,,,其他因工作酬勞之給付,金錢,新北市新店區****,,,,,,,,,
29,李彥秀,109年立法委員選舉,第2次賸餘,1100205,參加公職人員選舉使用支出,趙富盛,J12*******,0.00,15000.00,,,,其他因工作酬勞之給付,金錢,,,,,,,,,,
30,李彥秀,109年立法委員選舉,第2次賸餘,1100208,參加公職人員選舉使用支出,鳳鳴香食品店,25508476,0.00,560.00,,,,餐飲費用,金錢,,,,,,,,,,
31,李彥秀,109年立法委員選舉,第2次賸餘,1100211,參加公職人員選舉使用支出,關渡大業,70576604,0.00,515.00,,,,油資,金錢,,,,,,,,,,
32,李彥秀,109年立法委員選舉,第2次賸餘,1100213,參加公職人員選舉使用支出,福義軒,45104445,0.00,1590.00,,,,餐飲費用,金錢,,,,,,,,,,
33,李彥秀,109年立法委員選舉,第2次賸餘,1100227,參加公職人員選舉使用支出,許陳玉梅,P20*******,0.00,7000.00,,,,聯誼交際費用,金錢,,,,,,,,,,
34,李彥秀,109年立法委員選舉,第2次賸餘,1100303,參加公職人員選舉使用支出,中華電信,81691784,0.00,2699.00,,,,電信費用,金錢,,,,,,,,,,
35,李彥秀,109年立法委員選舉,第2次賸餘,1100305,參加公職人員選舉使用支出,葉旭鴻,F12*******,0.00,30000.00,,,,其他因工作酬勞之給付,金錢,,,,,,,,,,
36,李彥秀,109年立法委員選舉,第2次賸餘,1100305,參加公職人員選舉使用支出,張振柔,F22*******,0.00,35000.00,,,,其他因工作酬勞之給付,金錢,新北市新店區****,,,,,,,,,
37,李彥秀,109年立法委員選舉,第2次賸餘,1100305,參加公職人員選舉使用支出,趙富盛,J12*******,0.00,15000.00,,,,其他因工作酬勞之給付,金錢,,,,,,,,,,
38,李彥秀,109年立法委員選舉,第2次賸餘,1100308,參加公職人員選舉使用支出,大瑞行,66632040,0.00,1514.00,,,,雜項購置費用,金錢,,,,,,,,,,
39,李彥秀,109年立法委員選舉,第2次賸餘,1100311,參加公職人員選舉使用支出,趣未商行,42489875,0.00,3080.00,,,,餐飲費用,金錢,,,,,,,,,,
40,李彥秀,109年立法委員選舉,第2次賸餘,1100314,參加公職人員選舉使用支出,桂竹宮福德正神管理委員會,,0.00,1000.00,,,,為民服務費用,金錢,,2659*****,,,,,,,,
41,李彥秀,109年立法委員選舉,第2次賸餘,1100318,參加公職人員選舉使用支出,NPC全國加油站,01716643,0.00,1112.00,,,,油資,金錢,,,,,,,,,,
42,李彥秀,109年立法委員選舉,第2次賸餘,1100319,參加公職人員選舉使用支出,魚金貿易有限公司,31812664,0.00,869.00,,,,餐飲費用,金錢,,,,,,,,,,
43,李彥秀,109年立法委員選舉,第2次賸餘,1100321,參加公職人員選舉使用支出,NPC全國加油站,31995832,0.00,647.00,,,,油資,金錢,,,,,,,,,,
44,李彥秀,109年立法委員選舉,第2次賸餘,1100321,參加公職人員選舉使用支出,貓下去跨業發展,43648035,0.00,4349.00,,,,餐飲費用,金錢,,,,,,,,,,
45,李彥秀,109年立法委員選舉,第2次賸餘,1100327,參加公職人員選舉使用支出,歐客佬國際有限公司,24437670,0.00,800.00,,,,餐飲費用,金錢,,,,,,,,,,
46,李彥秀,109年立法委員選舉,第2次賸餘,1100328,參加公職人員選舉使用支出,遠東百貨,53014088,0.00,1276.00,,,,餐飲費用,金錢,,,,,,,,,,
47,李彥秀,109年立法委員選舉,第2次賸餘,1100328,參加公職人員選舉使用支出,遠東百貨,53014088,0.00,852.00,,,,餐飲費用,金錢,,,,,,,,,,
48,李彥秀,109年立法委員選舉,第2次賸餘,1100330,參加公職人員選舉使用支出,中華電信,81691784,0.00,2710.00,,,,電信費用,金錢,,,,,,,,,,
49,李彥秀,109年立法委員選舉,第2次賸餘,1100330,參加公職人員選舉使用支出,歐絡因創意有限公司,83055796,0.00,6000.00,,,,播放、傳送或刊登宣傳廣告費用,金錢,臺北市中山區****,,,,,,,,,
50,李彥秀,109年立法委員選舉,第2次賸餘,1100331,參加公職人員選舉使用支出,honey daniels,15640270,0.00,3000.00,,,,聯誼交際費用,金錢,,,,,,,,,,
51,李彥秀,109年立法委員選舉,第2次賸餘,1100331,參加公職人員選舉使用支出,幸福品味,53556436,0.00,1445.00,,,,餐飲費用,金錢,,,,,,,,,,
52,李彥秀,109年立法委員選舉,第2次賸餘,1100331,參加公職人員選舉使用支出,許陳玉梅,P20*******,0.00,3500.00,,,,聯誼交際費用,金錢,,,,,,,,,,
53,李彥秀,109年立法委員選舉,第2次賸餘,1100401,參加公職人員選舉使用支出,緝馬灣海產行,80808630,0.00,6650.00,,,,餐飲費用,金錢,,,,,,,,,,
54,李彥秀,109年立法委員選舉,第2次賸餘,1100401,參加公職人員選舉使用支出,竑崴有限公司,82850697,0.00,1669.00,,,,餐飲費用,金錢,,,,,,,,,,
55,李彥秀,109年立法委員選舉,第2次賸餘,1100402,參加公職人員選舉使用支出,台灣中油,08590459,0.00,1342.00,,,,油資,金錢,,,,,,,,,,
56,李彥秀,109年立法委員選舉,第2次賸餘,1100402,參加公職人員選舉使用支出,魚金貿易有限公司,31812664,0.00,1950.00,,,,餐飲費用,金錢,,,,,,,,,,
57,李彥秀,109年立法委員選舉,第2次賸餘,1100405,參加公職人員選舉使用支出,林華泰茶行有限公司,07241026,0.00,500.00,,,,雜項購置或修繕費用,金錢,,,,,,,,,,
58,李彥秀,109年立法委員選舉,第2次賸餘,1100405,參加公職人員選舉使用支出,緝馬灣海產行,80808630,0.00,6600.00,,,,餐飲費用,金錢,,,,,,,,,,
59,李彥秀,109年立法委員選舉,第2次賸餘,1100406,參加公職人員選舉使用支出,大家發實業股份有限公司,80050683,0.00,625.00,,,,雜項購置費用,金錢,,,,,,,,,,
60,李彥秀,109年立法委員選舉,第2次賸餘,1100406,參加公職人員選舉使用支出,葉旭鴻,F12*******,0.00,30000.00,,,,其他因工作酬勞之給付,金錢,,,,,,,,,,
61,李彥秀,109年立法委員選舉,第2次賸餘,1100406,參加公職人員選舉使用支出,張振柔,F22*******,0.00,35000.00,,,,其他因工作酬勞之給付,金錢,新北市新店區****,,,,,,,,,
62,李彥秀,109年立法委員選舉,第2次賸餘,1100406,參加公職人員選舉使用支出,趙富盛,J12*******,0.00,15000.00,,,,其他因工作酬勞之給付,金錢,,,,,,,,,,
63,李彥秀,109年立法委員選舉,第2次賸餘,1100407,參加公職人員選舉使用支出,成美水果行,01221017,0.00,4500.00,,,,餐飲費用,金錢,,,,,,,,,,
64,李彥秀,109年立法委員選舉,第2次賸餘,1100407,參加公職人員選舉使用支出,林東芳牛肉麵店,73870406,0.00,490.00,,,,餐飲費用,金錢,,,,,,,,,,
65,李彥秀,109年立法委員選舉,第2次賸餘,1100409,參加公職人員選舉使用支出,社團法人中國國民黨,,0.00,12144.00,,,,雜項購置或修繕費用,金錢,臺北市中山區****,,,,,,,,,
66,李彥秀,109年立法委員選舉,第2次賸餘,1100409,參加公職人員選舉使用支出,潮州一品,26100996,0.00,2079.00,,,,餐飲費用,金錢,,,,,,,,,,
67,李彥秀,109年立法委員選舉,第2次賸餘,1100409,參加公職人員選舉使用支出,魚金貿易有限公司,31812664,0.00,2230.00,,,,餐飲費用,金錢,,,,,,,,,,
68,李彥秀,109年立法委員選舉,第2次賸餘,1100410,參加公職人員選舉使用支出,紅葉蛋糕,54706243,0.00,1110.00,,,,餐飲費用,金錢,,,,,,,,,,
69,李彥秀,109年立法委員選舉,第2次賸餘,1100410,參加公職人員選舉使用支出,悅隆股份有限公司,89781302,0.00,24728.00,,,,餐飲費用,金錢,,,,,,,,,,
70,李彥秀,109年立法委員選舉,第2次賸餘,1100412,參加公職人員選舉使用支出,大家發實業股份有限公司,80050683,0.00,1270.00,,,,雜項購置或修繕費用,金錢,,,,,,,,,,
71,李彥秀,109年立法委員選舉,第2次賸餘,1100413,參加公職人員選舉使用支出,台灣中油,34548648,0.00,1000.00,,,,油資,金錢,,,,,,,,,,
72,李彥秀,109年立法委員選舉,第2次賸餘,1100415,參加公職人員選舉使用支出,洪崴有限公司,82850697,0.00,2639.00,,,,餐飲費用,金錢,,,,,,,,,,
73,李彥秀,109年立法委員選舉,第2次賸餘,1100416,參加公職人員選舉使用支出,costco,16439323,0.00,2990.00,,,,雜項購置或修繕費用,金錢,,,,,,,,,,
74,李彥秀,109年立法委員選舉,第2次賸餘,1100416,參加公職人員選舉使用支出,同心大腸蚵仔麵線,25585732,0.00,500.00,,,,餐飲費用,金錢,,,,,,,,,,
75,李彥秀,109年立法委員選舉,第2次賸餘,1100422,參加公職人員選舉使用支出,台灣中油,85232369,0.00,120.00,,,,油資,金錢,,,,,,,,,,
76,李彥秀,109年立法委員選舉,第2次賸餘,1100427,參加公職人員選舉使用支出,中華電信,81691784,0.00,2704.00,,,,電信費用,金錢,,,,,,,,,,
77,李彥秀,109年立法委員選舉,第2次賸餘,1100427,參加公職人員選舉使用支出,泰林鮮果專賣店,98907197,0.00,490.00,,,,雜項購置或修繕費用,金錢,,,,,,,,,,
78,李彥秀,109年立法委員選舉,第2次賸餘,1100428,參加公職人員選舉使用支出,花卉營業人,01225695,0.00,2000.00,,,,為民活動費用,金錢,,,,,,,,,,
79,李彥秀,109年立法委員選舉,第2次賸餘,1100428,參加公職人員選舉使用支出,台灣中油,77144976,0.00,809.00,,,,油資,金錢,,,,,,,,,,
80,李彥秀,109年立法委員選舉,第2次賸餘,1100429,參加公職人員選舉使用支出,幸福品味,53556436,0.00,1873.00,,,,餐飲費用,金錢,,,,,,,,,,
81,李彥秀,109年立法委員選舉,第2次賸餘,1100429,參加公職人員選舉使用支出,亞尼克,80609267,0.00,1870.00,,,,餐飲費用,金錢,,,,,,,,,,
82,李彥秀,109年立法委員選舉,第2次賸餘,1100430,參加公職人員選舉使用支出,林華泰茶行有限公司,07241026,0.00,1000.00,,,,雜項購置或修繕費用,金錢,,,,,,,,,,
83,李彥秀,109年立法委員選舉,第2次賸餘,1100430,參加公職人員選舉使用支出,甕舖餐飲,42562354,0.00,1300.00,,,,餐飲費用,金錢,,,,,,,,,,
84,李彥秀,109年立法委員選舉,第2次賸餘,1100430,參加公職人員選舉使用支出,許陳玉梅,P20*******,0.00,6500.00,,,,聯誼交際費用,金錢,,,,,,,,,,
85,李彥秀,109年立法委員選舉,第2次賸餘,1100501,參加公職人員選舉使用支出,大家發實業有限公司,80050683,0.00,1320.00,,,,雜項購置或修繕費用,金錢,,,,,,,,,,
86,李彥秀,109年立法委員選舉,第2次賸餘,1100506,參加公職人員選舉使用支出,社團法人中國國民黨,01032780,0.00,2024.00,,,,雜項購置費用,金錢,,,,,,,,,,
87,李彥秀,109年立法委員選舉,第2次賸餘,1100506,參加公職人員選舉使用支出,社團法人中國國民黨,01032780,0.00,2024.00,,,,雜項購置或修繕費用,金錢,,,,,,,,,,
88,李彥秀,109年立法委員選舉,第2次賸餘,1100506,參加公職人員選舉使用支出,社團法人中國國民黨,01032780,0.00,2024.00,,,,雜項購置或修繕費用,金錢,,,,,,,,,,
89,李彥秀,109年立法委員選舉,第2次賸餘,1100506,參加公職人員選舉使用支出,社團法人中國國民黨,01032780,0.00,2024.00,,,,雜項購置或修繕費用,金錢,,,,,,,,,,
90,李彥秀,109年立法委員選舉,第2次賸餘,1100506,參加公職人員選舉使用支出,社團法人中國國民黨,01032780,0.00,2024.00,,,,雜項購置或修繕費用,金錢,,,,,,,,,,
91,李彥秀,109年立法委員選舉,第2次賸餘,1100506,參加公職人員選舉使用支出,社團法人中國國民黨,01032780,0.00,2024.00,,,,雜項購置或修繕費用,金錢,,,,,,,,,,
92,李彥秀,109年立法委員選舉,第2次賸餘,1100506,參加公職人員選舉使用支出,社團法人中國國民黨,01032780,0.00,2024.00,,,,雜項購置或修繕費用,金錢,,,,,,,,,,
93,李彥秀,109年立法委員選舉,第2次賸餘,1100506,參加公職人員選舉使用支出,葉旭鴻,F12*******,0.00,30000.00,,,,其他因工作酬勞之給付,金錢,,,,,,,,,,
94,李彥秀,109年立法委員選舉,第2次賸餘,1100506,參加公職人員選舉使用支出,張振柔,F22*******,0.00,35000.00,,,,其他因工作酬勞之給付,金錢,新北市新店區****,,,,,,,,,
95,李彥秀,109年立法委員選舉,第2次賸餘,1100506,參加公職人員選舉使用支出,趙富盛,J12*******,0.00,15000.00,,,,其他因工作酬勞之給付,金錢,,,,,,,,,,
96,李彥秀,109年立法委員選舉,第2次賸餘,1100507,參加公職人員選舉使用支出,瓦城,80033340,0.00,3539.00,,,,餐飲費用,金錢,,,,,,,,,,
97,李彥秀,109年立法委員選舉,第2次賸餘,1100509,參加公職人員選舉使用支出,鬍鬚張,53350103,0.00,436.00,,,,餐飲費用,金錢,,,,,,,,,,
98,李彥秀,109年立法委員選舉,第2次賸餘,1100510,參加公職人員選舉使用支出,合發鐘錶刻印行,14056877,0.00,200.00,,,,雜項購置或修繕費用,金錢,,,,,,,,,,
99,李彥秀,109年立法委員選舉,第2次賸餘,1100510,參加公職人員選舉使用支出,永勝帆布有限公司,80217375,0.00,22056.00,,,,製作競選物品或宣傳廣告費用（帆布）,金錢,復興路巷弄之****,,,,,,,,,
100,李彥秀,109年立法委員選舉,第2次賸餘,1100512,參加公職人員選舉使用支出,萬豐五金行,20653371,0.00,320.00,,,,雜項購置或修繕費用,金錢,,,,,,,,,,
101,李彥秀,109年立法委員選舉,第2次賸餘,1100513,參加公職人員選舉使用支出,鳳鳴香食品店,25508476,0.00,560.00,,,,餐飲費用,金錢,,,,,,,,,,
102,李彥秀,109年立法委員選舉,第2次賸餘,1100515,參加公職人員選舉使用支出,許陳玉梅,P20*******,0.00,4500.00,,,,聯誼交際費用,金錢,,,,,,,,,,
103,李彥秀,109年立法委員選舉,第2次賸餘,1100518,參加公職人員選舉使用支出,嘉順行,08582063,0.00,1007.00,,,,雜項購置費用,金錢,,,,,,,,,,
104,李彥秀,109年立法委員選舉,第2次賸餘,1100520,參加公職人員選舉使用支出,好市多,16846757,0.00,4723.00,,,,雜項購置或修繕費用,金錢,,,,,,,,,,
105,李彥秀,109年立法委員選舉,第2次賸餘,1100526,參加公職人員選舉使用支出,台灣中油,08590459,0.00,896.00,,,,油資,金錢,,,,,,,,,,
106,李彥秀,109年立法委員選舉,第2次賸餘,1100526,參加公職人員選舉使用支出,中華電信,81691784,0.00,2704.00,,,,電信費用,金錢,,,,,,,,,,
107,李彥秀,109年立法委員選舉,第2次賸餘,1100527,參加公職人員選舉使用支出,瓦城,24707940,0.00,3574.00,,,,餐飲費用,金錢,,,,,,,,,,
108,李彥秀,109年立法委員選舉,第2次賸餘,1100528,參加公職人員選舉使用支出,林華泰茶行,07241026,0.00,1000.00,,,,餐飲費用,金錢,,,,,,,,,,
109,李彥秀,109年立法委員選舉,第2次賸餘,1100529,參加公職人員選舉使用支出,魚金貿易有限公司,31812664,0.00,2159.00,,,,餐飲費用,金錢,,,,,,,,,,
110,李彥秀,109年立法委員選舉,第2次賸餘,1100530,參加公職人員選舉使用支出,自然風樂活小吃店,76376701,0.00,4158.00,,,,餐飲費用,金錢,,,,,,,,,,
111,李彥秀,109年立法委員選舉,第2次賸餘,1100602,參加公職人員選舉使用支出,神旺飯店,80273376,0.00,2165.00,,,,餐飲費用,金錢,,,,,,,,,,
112,李彥秀,109年立法委員選舉,第2次賸餘,1100603,參加公職人員選舉使用支出,社團法人中國國民黨,01032780,0.00,2024.00,,,,雜項購置或修繕費用,金錢,臺北市中山區****,,,,,,,,,
113,李彥秀,109年立法委員選舉,第2次賸餘,1100603,參加公職人員選舉使用支出,社團法人中國國民黨,01032780,0.00,2024.00,,,,雜項購置或修繕費用,金錢,,,,,,,,,,
114,李彥秀,109年立法委員選舉,第2次賸餘,1100603,參加公職人員選舉使用支出,雅培米堤,80297911,0.00,1223.00,,,,餐飲費用,金錢,,,,,,,,,,
115,李彥秀,109年立法委員選舉,第2次賸餘,1100603,參加公職人員選舉使用支出,悅隆股份有限公司,89781302,0.00,6450.00,,,,餐飲費用,金錢,,,,,,,,,,
116,李彥秀,109年立法委員選舉,第2次賸餘,1100606,參加公職人員選舉使用支出,棉花田生機,30110742,0.00,6448.00,,,,餐飲費用,金錢,,,,,,,,,,
117,李彥秀,109年立法委員選舉,第2次賸餘,1100607,參加公職人員選舉使用支出,許陳玉梅,P20*******,0.00,2500.00,,,,聯誼交際費用,金錢,,,,,,,,,,
118,李彥秀,109年立法委員選舉,第2次賸餘,1100608,參加公職人員選舉使用支出,葉旭鴻,F12*******,0.00,30000.00,,,,其他因工作酬勞之給付,金錢,,,,,,,,,,
119,李彥秀,109年立法委員選舉,第2次賸餘,1100608,參加公職人員選舉使用支出,張振柔,F22*******,0.00,35000.00,,,,其他因工作酬勞之給付,金錢,新北市新店區****,,,,,,,,,
120,李彥秀,109年立法委員選舉,第2次賸餘,1100608,參加公職人員選舉使用支出,趙富盛,J12*******,0.00,15000.00,,,,其他因工作酬勞之給付,金錢,,,,,,,,,,
121,李彥秀,109年立法委員選舉,第2次賸餘,1100609,參加公職人員選舉使用支出,魚金貿易有限公司,31812664,0.00,1355.00,,,,餐飲費用,金錢,,,,,,,,,,
122,李彥秀,109年立法委員選舉,第2次賸餘,1100613,參加公職人員選舉使用支出,台灣中油,12882008,0.00,560.00,,,,油資,金錢,,,,,,,,,,
123,李彥秀,109年立法委員選舉,第2次賸餘,1100617,參加公職人員選舉使用支出,遠東百貨,53014088,0.00,2095.00,,,,餐飲費用,金錢,,,,,,,,,,
124,李彥秀,109年立法委員選舉,第2次賸餘,1100617,參加公職人員選舉使用支出,大家發實業股份有限公司,80050683,0.00,1029.00,,,,雜項購置費用,金錢,,,,,,,,,,
125,李彥秀,109年立法委員選舉,第2次賸餘,1100621,參加公職人員選舉使用支出,佳惠食品店,94911797,0.00,5000.00,,,,租用設備費用,金錢,,,,,,,,,,
126,李彥秀,109年立法委員選舉,第2次賸餘,1100623,參加公職人員選舉使用支出,阿默蛋糕,16602990,0.00,568.00,,,,雜項購置或修繕費用,金錢,,,,,,,,,,
127,李彥秀,109年立法委員選舉,第2次賸餘,1100624,參加公職人員選舉使用支出,棉花田生機,30110742,0.00,2366.00,,,,餐飲費用,金錢,,,,,,,,,,
128,李彥秀,109年立法委員選舉,第2次賸餘,1100624,參加公職人員選舉使用支出,佳惠食品店,94911797,0.00,400.00,,,,餐飲費用,金錢,,,,,,,,,,
129,李彥秀,109年立法委員選舉,第2次賸餘,1100625,參加公職人員選舉使用支出,棉花田生機,30110742,0.00,2159.00,,,,餐飲費用,金錢,,,,,,,,,,
130,李彥秀,109年立法委員選舉,第2次賸餘,1100627,參加公職人員選舉使用支出,棉花田生機,30110742,0.00,2677.00,,,,餐飲費用,金錢,,,,,,,,,,
131,李彥秀,109年立法委員選舉,第2次賸餘,1100628,參加公職人員選舉使用支出,中華電信,81691784,0.00,2748.00,,,,電信費用,金錢,,,,,,,,,,
132,李彥秀,109年立法委員選舉,第2次賸餘,1100629,參加公職人員選舉使用支出,三越茶葉社,78370062,0.00,1000.00,,,,雜項購置或修繕費用,金錢,,,,,,,,,,
133,李彥秀,109年立法委員選舉,第2次賸餘,1100630,參加公職人員選舉使用支出,幸福品味,53556436,0.00,2932.00,,,,餐飲費用,金錢,,,,,,,,,,
134,李彥秀,109年立法委員選舉,第2次賸餘,1100705,參加公職人員選舉使用支出,幸福品味,53556436,0.00,904.00,,,,餐飲費用,金錢,,,,,,,,,,
135,李彥秀,109年立法委員選舉,第2次賸餘,1100705,參加公職人員選舉使用支出,美福餐飲股份有限公司,80198341,0.00,1105.00,,,,餐飲費用,金錢,,,,,,,,,,
136,李彥秀,109年立法委員選舉,第2次賸餘,1100705,參加公職人員選舉使用支出,李芬芬,A22*******,0.00,30000.00,,,,其他因工作酬勞之給付,金錢,,,,,,,,,,
137,李彥秀,109年立法委員選舉,第2次賸餘,1100706,參加公職人員選舉使用支出,葉旭鴻,F12*******,0.00,30000.00,,,,其他因工作酬勞之給付,金錢,,,,,,,,,,
138,李彥秀,109年立法委員選舉,第2次賸餘,1100706,參加公職人員選舉使用支出,趙富盛,J12*******,0.00,15000.00,,,,其他因工作酬勞之給付,金錢,,,,,,,,,,
139,李彥秀,109年立法委員選舉,第2次賸餘,1100711,參加公職人員選舉使用支出,乾杯,42517020,0.00,920.00,,,,餐飲費用,金錢,,,,,,,,,,
140,李彥秀,109年立法委員選舉,第2次賸餘,1100713,參加公職人員選舉使用支出,珍煮丹,82968416,0.00,110.00,,,,餐飲費用,金錢,,,,,,,,,,
141,李彥秀,109年立法委員選舉,第2次賸餘,1100713,參加公職人員選舉使用支出,鼎泰豐,86125275,0.00,400.00,,,,餐飲費用,金錢,,,,,,,,,,
142,李彥秀,109年立法委員選舉,第2次賸餘,1100714,參加公職人員選舉使用支出,乾杯,42517020,0.00,690.00,,,,餐飲費用,金錢,,,,,,,,,,
143,李彥秀,109年立法委員選舉,第2次賸餘,1100715,參加公職人員選舉使用支出,costco,16846757,0.00,309.00,,,,餐飲費用,金錢,,,,,,,,,,
144,李彥秀,109年立法委員選舉,第2次賸餘,1100715,參加公職人員選舉使用支出,costco,16846757,0.00,5948.00,,,,雜項購置或修繕費用,金錢,,,,,,,,,,
145,李彥秀,109年立法委員選舉,第2次賸餘,1100716,參加公職人員選舉使用支出,太二食堂,76447001,0.00,425.00,,,,餐飲費用,金錢,,,,,,,,,,
146,李彥秀,109年立法委員選舉,第2次賸餘,1100718,參加公職人員選舉使用支出,阿默蛋糕,16602990,0.00,568.00,,,,餐飲費用,金錢,,,,,,,,,,
147,李彥秀,109年立法委員選舉,第2次賸餘,1100718,參加公職人員選舉使用支出,豪華小吃部,81701312,0.00,5000.00,,,,餐飲費用,金錢,,,,,,,,,,
148,李彥秀,109年立法委員選舉,第2次賸餘,1100723,參加公職人員選舉使用支出,魚金貿易有限公司,31812664,0.00,2639.00,,,,餐飲費用,金錢,,,,,,,,,,
149,李彥秀,109年立法委員選舉,第2次賸餘,1100724,參加公職人員選舉使用支出,mega 50 餐飲,49726888,0.00,2260.00,,,,餐飲費用,金錢,,,,,,,,,,
150,李彥秀,109年立法委員選舉,第2次賸餘,1100724,參加公職人員選舉使用支出,season,53089572,0.00,660.00,,,,餐飲費用,金錢,,,,,,,,,,
151,李彥秀,109年立法委員選舉,第2次賸餘,1100724,參加公職人員選舉使用支出,台北喜來登,70471881,0.00,420.00,,,,餐飲費用,金錢,,,,,,,,,,
152,李彥秀,109年立法委員選舉,第2次賸餘,1100726,參加公職人員選舉使用支出,PChome,16606102,0.00,709.00,,,,雜項購置或修繕費用,金錢,,,,,,,,,,
153,李彥秀,109年立法委員選舉,第2次賸餘,1100726,參加公職人員選舉使用支出,四海茶莊,90919380,0.00,1000.00,,,,雜項購置或修繕費用,金錢,,,,,,,,,,
154,李彥秀,109年立法委員選舉,第2次賸餘,1100727,參加公職人員選舉使用支出,中華電信,81691784,0.00,2712.00,,,,電信費用,金錢,,,,,,,,,,
155,李彥秀,109年立法委員選舉,第2次賸餘,1100730,參加公職人員選舉使用支出,台灣中油,43949898,0.00,1143.00,,,,油資,金錢,,,,,,,,,,
156,李彥秀,109年立法委員選舉,第2次賸餘,1100730,參加公職人員選舉使用支出,明美廣告有限公司,70399208,0.00,4052.00,,,,製作宣傳廣告費用,金錢,,,,,,,,,,
157,李彥秀,109年立法委員選舉,第2次賸餘,1100731,參加公職人員選舉使用支出,許陳玉梅,P20*******,0.00,5500.00,,,,聯誼交際費用,金錢,,,,,,,,,,
158,李彥秀,109年立法委員選舉,第2次賸餘,1100803,參加公職人員選舉使用支出,幸福品味,53556436,0.00,1051.00,,,,餐飲費用,金錢,,,,,,,,,,
159,李彥秀,109年立法委員選舉,第2次賸餘,1100804,參加公職人員選舉使用支出,costco,16846757,0.00,7212.00,,,,餐飲費用,金錢,,,,,,,,,,
160,李彥秀,109年立法委員選舉,第2次賸餘,1100804,參加公職人員選舉使用支出,costco,16846757,0.00,1647.00,,,,雜項購置或修繕費用,金錢,,,,,,,,,,
161,李彥秀,109年立法委員選舉,第2次賸餘,1100805,參加公職人員選舉使用支出,李芬芬,A22*******,0.00,30000.00,,,,其他因工作酬勞之給付,金錢,,,,,,,,,,
162,李彥秀,109年立法委員選舉,第2次賸餘,1100805,參加公職人員選舉使用支出,葉旭鴻,F12*******,0.00,30000.00,,,,其他因工作酬勞之給付,金錢,,,,,,,,,,
163,李彥秀,109年立法委員選舉,第2次賸餘,1100805,參加公職人員選舉使用支出,趙富盛,J12*******,0.00,15000.00,,,,其他因工作酬勞之給付,金錢,,,,,,,,,,
164,李彥秀,109年立法委員選舉,第2次賸餘,1100810,參加公職人員選舉使用支出,魚金貿易金貿易,31812664,0.00,1275.00,,,,餐飲費用,金錢,,,,,,,,,,
165,李彥秀,109年立法委員選舉,第2次賸餘,1100816,參加公職人員選舉使用支出,梅林水果行,04260766,0.00,1600.00,,,,餐飲費用,金錢,,,,,,,,,,
166,李彥秀,109年立法委員選舉,第2次賸餘,1100817,參加公職人員選舉使用支出,台北喜來登,70471881,0.00,1128.00,,,,餐飲費用,金錢,,,,,,,,,,
167,李彥秀,109年立法委員選舉,第2次賸餘,1100818,參加公職人員選舉使用支出,幸福品味,53556436,0.00,864.00,,,,餐飲費用,金錢,,,,,,,,,,
168,李彥秀,109年立法委員選舉,第2次賸餘,1100818,參加公職人員選舉使用支出,美福餐飲,80198341,0.00,343.00,,,,餐飲費用,金錢,,,,,,,,,,
169,李彥秀,109年立法委員選舉,第2次賸餘,1100819,參加公職人員選舉使用支出,社團法人台灣工商企業聯合會,76602805,0.00,8000.00,,,,為民服務費用,金錢,,,,,,,,,,
170,李彥秀,109年立法委員選舉,第2次賸餘,1100821,參加公職人員選舉使用支出,魚金貿易有限公司,31812664,0.00,1752.00,,,,餐飲費用,金錢,,,,,,,,,,
171,李彥秀,109年立法委員選舉,第2次賸餘,1100821,參加公職人員選舉使用支出,大家發實業股份有限公司,80050683,0.00,614.00,,,,雜項購置或修繕費用,金錢,,,,,,,,,,
172,李彥秀,109年立法委員選舉,第2次賸餘,1100823,參加公職人員選舉使用支出,益泰玻璃,12327213,0.00,1231.00,,,,雜項購置或修繕費用,金錢,,,,,,,,,,
173,李彥秀,109年立法委員選舉,第2次賸餘,1100823,參加公職人員選舉使用支出,幸福品味,53556436,0.00,1027.00,,,,餐飲費用,金錢,,,,,,,,,,
174,李彥秀,109年立法委員選舉,第2次賸餘,1100824,參加公職人員選舉使用支出,成美水果行,01221017,0.00,2100.00,,,,餐飲費用,金錢,,,,,,,,,,
175,李彥秀,109年立法委員選舉,第2次賸餘,1100826,參加公職人員選舉使用支出,中華電信,81691784,0.00,2709.00,,,,電信費用,金錢,,,,,,,,,,
176,李彥秀,109年立法委員選舉,第2次賸餘,1100831,參加公職人員選舉使用支出,許陳玉梅,P20*******,0.00,4500.00,,,,聯誼交際費用,金錢,,,,,,,,,,
177,李彥秀,109年立法委員選舉,第2次賸餘,1100901,參加公職人員選舉使用支出,三明車輪行,15877582,0.00,1000.00,,,,雜項購置或修繕費用,金錢,,,,,,,,,,
178,李彥秀,109年立法委員選舉,第2次賸餘,1100902,參加公職人員選舉使用支出,竹林餐飲店,31877103,0.00,700.00,,,,餐飲費用,金錢,,,,,,,,,,
179,李彥秀,109年立法委員選舉,第2次賸餘,1100903,參加公職人員選舉使用支出,costco,16439323,0.00,8168.00,,,,餐飲費用,金錢,,,,,,,,,,
180,李彥秀,109年立法委員選舉,第2次賸餘,1100903,參加公職人員選舉使用支出,台灣中油,34548648,0.00,100.00,,,,油資,金錢,,,,,,,,,,
181,李彥秀,109年立法委員選舉,第2次賸餘,1100906,參加公職人員選舉使用支出,李芬芬,A22*******,0.00,30000.00,,,,其他因工作酬勞之給付,金錢,,,,,,,,,,
182,李彥秀,109年立法委員選舉,第2次賸餘,1100906,參加公職人員選舉使用支出,葉旭鴻,F12*******,0.00,30000.00,,,,其他因工作酬勞之給付,金錢,,,,,,,,,,
183,李彥秀,109年立法委員選舉,第2次賸餘,1100906,參加公職人員選舉使用支出,趙富盛,J12*******,0.00,15000.00,,,,其他因工作酬勞之給付,金錢,,,,,,,,,,
184,李彥秀,109年立法委員選舉,第2次賸餘,1100907,參加公職人員選舉使用支出,歐絡因創意有限公司,83055796,0.00,3000.00,,,,文具用品費用,金錢,,,,,,,,,,
185,李彥秀,109年立法委員選舉,第2次賸餘,1100908,參加公職人員選舉使用支出,魚金貿易有限公司,31812664,0.00,1775.00,,,,餐飲費用,金錢,,,,,,,,,,
186,李彥秀,109年立法委員選舉,第2次賸餘,1100909,參加公職人員選舉使用支出,台灣中油,08590459,0.00,1284.00,,,,油資,金錢,,,,,,,,,,
187,李彥秀,109年立法委員選舉,第2次賸餘,1100913,參加公職人員選舉使用支出,台灣中油,31815058,0.00,1644.00,,,,油資,金錢,,,,,,,,,,
188,李彥秀,109年立法委員選舉,第2次賸餘,1100914,參加公職人員選舉使用支出,柯老二糕餅有限公司,29073419,0.00,1008.00,,,,餐飲費用,金錢,,,,,,,,,,
189,李彥秀,109年立法委員選舉,第2次賸餘,1100914,參加公職人員選舉使用支出,老乾杯,80033340,0.00,8534.00,,,,餐飲費用,金錢,,,,,,,,,,
190,李彥秀,109年立法委員選舉,第2次賸餘,1100916,參加公職人員選舉使用支出,統一時代,28994845,0.00,1276.00,,,,餐飲費用,金錢,,,,,,,,,,
191,李彥秀,109年立法委員選舉,第2次賸餘,1100919,參加公職人員選舉使用支出,全家福,12892646,0.00,3740.00,,,,餐飲費用,金錢,,,,,,,,,,
192,李彥秀,109年立法委員選舉,第2次賸餘,1100920,參加公職人員選舉使用支出,百合麵包園,31301699,0.00,1150.00,,,,餐飲費用,金錢,,,,,,,,,,
193,李彥秀,109年立法委員選舉,第2次賸餘,1100920,參加公職人員選舉使用支出,ichef,83602942,0.00,1200.00,,,,餐飲費用,金錢,,,,,,,,,,
194,李彥秀,109年立法委員選舉,第2次賸餘,1100921,參加公職人員選舉使用支出,環球購物中心,27926172,0.00,13260.00,,,,餐飲費用,金錢,,,,,,,,,,
195,李彥秀,109年立法委員選舉,第2次賸餘,1100922,參加公職人員選舉使用支出,許陳玉梅,P20*******,0.00,1500.00,,,,聯誼交際費用,金錢,,,,,,,,,,
196,李彥秀,109年立法委員選舉,第2次賸餘,1100928,參加公職人員選舉使用支出,春上古份有限,56608730,0.00,1250.00,,,,餐飲費用,金錢,,,,,,,,,,
197,李彥秀,109年立法委員選舉,第2次賸餘,1100928,參加公職人員選舉使用支出,中華電信,81691784,0.00,2700.00,,,,電信費用,金錢,,,,,,,,,,
198,李彥秀,109年立法委員選舉,第2次賸餘,1100928,參加公職人員選舉使用支出,新竹豐益喜來登,86517976,0.00,2882.00,,,,餐飲費用,金錢,,,,,,,,,,
199,李彥秀,109年立法委員選舉,第2次賸餘,1100929,參加公職人員選舉使用支出,台灣中油,01802160,0.00,1368.00,,,,油資,金錢,,,,,,,,,,
200,李彥秀,109年立法委員選舉,第2次賸餘,1100929,參加公職人員選舉使用支出,三井選品,28672078,0.00,1208.00,,,,餐飲費用,金錢,,,,,,,,,,
201,李彥秀,109年立法委員選舉,第2次賸餘,1100930,參加公職人員選舉使用支出,台灣中油,01317131,0.00,939.00,,,,油資,金錢,,,,,,,,,,
202,李彥秀,109年立法委員選舉,第2次賸餘,1100930,參加公職人員選舉使用支出,幸福品味,53556436,0.00,1370.00,,,,餐飲費用,金錢,,,,,,,,,,
203,李彥秀,109年立法委員選舉,第2次賸餘,1100930,參加公職人員選舉使用支出,ichef,83183595,0.00,877.00,,,,餐飲費用,金錢,,,,,,,,,,
204,李彥秀,109年立法委員選舉,第2次賸餘,1100930,參加公職人員選舉使用支出,聖手企業有限公司,86278573,0.00,2331.00,,,,為民活動費用,金錢,,,,,,,,,,
205,李彥秀,109年立法委員選舉,第2次賸餘,1101001,參加公職人員選舉使用支出,美麗華,16447098,0.00,4983.00,,,,餐飲費用,金錢,,,,,,,,,,
206,李彥秀,109年立法委員選舉,第2次賸餘,1101001,參加公職人員選舉使用支出,大家發實業股份有限公司,80050683,0.00,952.00,,,,雜項購置或修繕費用,金錢,,,,,,,,,,
207,李彥秀,109年立法委員選舉,第2次賸餘,1101003,參加公職人員選舉使用支出,兩班家,80033340,0.00,2541.00,,,,餐飲費用,金錢,,,,,,,,,,
208,李彥秀,109年立法委員選舉,第2次賸餘,1101005,參加公職人員選舉使用支出,為福樓,84499220,0.00,5787.00,,,,餐飲費用,金錢,,,,,,,,,,
209,李彥秀,109年立法委員選舉,第2次賸餘,1101005,參加公職人員選舉使用支出,玉泰醬油商號,90083500,0.00,1850.00,,,,餐飲費用,金錢,,,,,,,,,,
210,李彥秀,109年立法委員選舉,第2次賸餘,1101005,參加公職人員選舉使用支出,李芬芬,A22*******,0.00,30000.00,,,,其他因工作酬勞之給付,金錢,,,,,,,,,,
211,李彥秀,109年立法委員選舉,第2次賸餘,1101005,參加公職人員選舉使用支出,葉旭鴻,F12*******,0.00,30000.00,,,,其他因工作酬勞之給付,金錢,,,,,,,,,,
212,李彥秀,109年立法委員選舉,第2次賸餘,1101005,參加公職人員選舉使用支出,張振柔,F22*******,0.00,21000.00,,,,其他因工作酬勞之給付,金錢,,,,,,,,,,
213,李彥秀,109年立法委員選舉,第2次賸餘,1101005,參加公職人員選舉使用支出,趙富盛,J12*******,0.00,22000.00,,,,其他因工作酬勞之給付,金錢,,,,,,,,,,
214,李彥秀,109年立法委員選舉,第2次賸餘,1101006,參加公職人員選舉使用支出,台灣中油,01802160,0.00,1297.00,,,,油資,金錢,,,,,,,,,,
215,李彥秀,109年立法委員選舉,第2次賸餘,1101007,參加公職人員選舉使用支出,ichef,03406356,0.00,2100.00,,,,餐飲費用,金錢,,,,,,,,,,
216,李彥秀,109年立法委員選舉,第2次賸餘,1101010,參加公職人員選舉使用支出,吉品海鮮股份,27953655,0.00,11116.00,,,,餐飲費用,金錢,,,,,,,,,,
217,李彥秀,109年立法委員選舉,第2次賸餘,1101010,參加公職人員選舉使用支出,幸福品味,53556436,0.00,313.00,,,,餐飲費用,金錢,,,,,,,,,,
218,李彥秀,109年立法委員選舉,第2次賸餘,1101011,參加公職人員選舉使用支出,台北亞都麗緻,12144501,0.00,31284.00,,,,餐飲費用,金錢,臺北市中山區****,,,,,,,,,
219,李彥秀,109年立法委員選舉,第2次賸餘,1101011,參加公職人員選舉使用支出,台北亞都麗緻,12144501,0.00,320.00,,,,餐飲費用,金錢,,,,,,,,,,
220,李彥秀,109年立法委員選舉,第2次賸餘,1101013,參加公職人員選舉使用支出,遠東百貨,53014088,0.00,682.00,,,,餐飲費用,金錢,,,,,,,,,,
221,李彥秀,109年立法委員選舉,第2次賸餘,1101017,參加公職人員選舉使用支出,鎮饌股份有限公司,24967403,0.00,3160.00,,,,餐飲費用,金錢,,,,,,,,,,
222,李彥秀,109年立法委員選舉,第2次賸餘,1101019,參加公職人員選舉使用支出,美親水果行,42292367,0.00,780.00,,,,餐飲費用,金錢,,,,,,,,,,
223,李彥秀,109年立法委員選舉,第2次賸餘,1101021,參加公職人員選舉使用支出,mega 50,49726888,0.00,2250.00,,,,餐飲費用,金錢,,,,,,,,,,
224,李彥秀,109年立法委員選舉,第2次賸餘,1101024,參加公職人員選舉使用支出,李錦利食品,13100657,0.00,1420.00,,,,餐飲費用,金錢,,,,,,,,,,
225,李彥秀,109年立法委員選舉,第2次賸餘,1101024,參加公職人員選舉使用支出,板橋車站,24332140,0.00,1393.00,,,,餐飲費用,金錢,,,,,,,,,,
226,李彥秀,109年立法委員選舉,第2次賸餘,1101024,參加公職人員選舉使用支出,龍督餐廳,38600285,0.00,1890.00,,,,餐飲費用,金錢,,,,,,,,,,
227,李彥秀,109年立法委員選舉,第2次賸餘,1101026,參加公職人員選舉使用支出,中華電信,81691784,0.00,2836.00,,,,電信費用,金錢,,,,,,,,,,
228,李彥秀,109年立法委員選舉,第2次賸餘,1101031,參加公職人員選舉使用支出,許陳玉梅,P20*******,0.00,5000.00,,,,聯誼交際費用,金錢,,,,,,,,,,
229,李彥秀,109年立法委員選舉,第2次賸餘,1101102,參加公職人員選舉使用支出,魚金貿易有限公司,31812664,0.00,1261.00,,,,餐飲費用,金錢,,,,,,,,,,
230,李彥秀,109年立法委員選舉,第2次賸餘,1101102,參加公職人員選舉使用支出,特力屋,70762797,0.00,348.00,,,,雜項購置費用,金錢,,,,,,,,,,
231,李彥秀,109年立法委員選舉,第2次賸餘,1101105,參加公職人員選舉使用支出,均怡實業有限公司,83257456,0.00,150000.00,,,,委託辦理研究、評估、調查、設計或規劃費用,金錢,新北市板橋區****,,,,,,,,,
232,李彥秀,109年立法委員選舉,第2次賸餘,1101105,參加公職人員選舉使用支出,張定銀,A22*******,0.00,10000.00,,,,其他因工作酬勞之給付,金錢,,,,,,,,,,
233,李彥秀,109年立法委員選舉,第2次賸餘,1101105,參加公職人員選舉使用支出,李芬芬,A22*******,0.00,30000.00,,,,其他因工作酬勞之給付,金錢,,,,,,,,,,
234,李彥秀,109年立法委員選舉,第2次賸餘,1101105,參加公職人員選舉使用支出,張智瑋,K12*******,0.00,6000.00,,,,其他因工作酬勞之給付,金錢,,,,,,,,,,
235,李彥秀,109年立法委員選舉,第2次賸餘,1101108,參加公職人員選舉使用支出,葉旭鴻,F12*******,0.00,30000.00,,,,其他因工作酬勞之給付,金錢,,,,,,,,,,
236,李彥秀,109年立法委員選舉,第2次賸餘,1101108,參加公職人員選舉使用支出,張振柔,F22*******,0.00,28000.00,,,,其他因工作酬勞之給付,金錢,,,,,,,,,,
237,李彥秀,109年立法委員選舉,第2次賸餘,1101108,參加公職人員選舉使用支出,趙富盛,J12*******,0.00,22000.00,,,,其他因工作酬勞之給付,金錢,,,,,,,,,,
238,李彥秀,109年立法委員選舉,第2次賸餘,1101110,參加公職人員選舉使用支出,幸福品味,53556436,0.00,954.00,,,,餐飲費用,金錢,,,,,,,,,,
239,李彥秀,109年立法委員選舉,第2次賸餘,1101110,參加公職人員選舉使用支出,許陳玉梅,P20*******,0.00,9000.00,,,,聯誼交際費用,金錢,,,,,,,,,,
240,李彥秀,109年立法委員選舉,第2次賸餘,1101112,參加公職人員選舉使用支出,黑沃餐飲股份有限公司,53397851,0.00,14400.00,,,,餐飲費用,金錢,,,,,,,,,,
241,李彥秀,109年立法委員選舉,第2次賸餘,1101113,參加公職人員選舉使用支出,雲鼎阿二麻辣食堂,52649990,0.00,355.00,,,,餐飲費用,金錢,,,,,,,,,,
242,李彥秀,109年立法委員選舉,第2次賸餘,1101114,參加公職人員選舉使用支出,板農活力超市,33193302,0.00,2552.00,,,,餐飲費用,金錢,,,,,,,,,,
243,李彥秀,109年立法委員選舉,第2次賸餘,1101114,參加公職人員選舉使用支出,悅隆股份有限公司,89781302,0.00,25767.00,,,,餐飲費用,金錢,,,,,,,,,,
244,李彥秀,109年立法委員選舉,第2次賸餘,1101115,參加公職人員選舉使用支出,好市多,24804859,0.00,3816.00,,,,餐飲費用,金錢,,,,,,,,,,
245,李彥秀,109年立法委員選舉,第2次賸餘,1101117,參加公職人員選舉使用支出,孫家餐館,14333747,0.00,1300.00,,,,餐飲費用,金錢,,,,,,,,,,
246,李彥秀,109年立法委員選舉,第2次賸餘,1101117,參加公職人員選舉使用支出,全國加油站,41217307,0.00,100.00,,,,油資,金錢,,,,,,,,,,
247,李彥秀,109年立法委員選舉,第2次賸餘,1101120,參加公職人員選舉使用支出,魚金貿易,31812664,0.00,1424.00,,,,餐飲費用,金錢,,,,,,,,,,
248,李彥秀,109年立法委員選舉,第2次賸餘,1101120,參加公職人員選舉使用支出,小李子餐廳有限公司,97123817,0.00,1090.00,,,,餐飲費用,金錢,,,,,,,,,,
249,李彥秀,109年立法委員選舉,第2次賸餘,1101122,參加公職人員選舉使用支出,永發刻印鎖匙中心,17549349,0.00,400.00,,,,雜項購置或修繕費用,金錢,,,,,,,,,,
250,李彥秀,109年立法委員選舉,第2次賸餘,1101125,參加公職人員選舉使用支出,Pchome,16606102,0.00,1050.00,,,,雜項購置或修繕費用,金錢,,,,,,,,,,
251,李彥秀,109年立法委員選舉,第2次賸餘,1101125,參加公職人員選舉使用支出,costco,24804859,0.00,12676.00,,,,雜項購置或修繕費用,金錢,,,,,,,,,,
252,李彥秀,109年立法委員選舉,第2次賸餘,1101126,參加公職人員選舉使用支出,特力屋,70762797,0.00,723.00,,,,雜項購置或修繕費用,金錢,,,,,,,,,,
253,李彥秀,109年立法委員選舉,第2次賸餘,1101126,參加公職人員選舉使用支出,中華電信,81691784,0.00,2898.00,,,,電信費用,金錢,,,,,,,,,,
254,李彥秀,109年立法委員選舉,第2次賸餘,1101127,參加公職人員選舉使用支出,特力屋,70762797,0.00,110.00,,,,雜項購置或修繕費用,金錢,,,,,,,,,,
255,李彥秀,109年立法委員選舉,第2次賸餘,1101129,參加公職人員選舉使用支出,羅爵有限公司,27266360,0.00,1000.00,,,,雜項購置或修繕費用,金錢,,,,,,,,,,
256,李彥秀,109年立法委員選舉,第2次賸餘,1101129,參加公職人員選舉使用支出,台灣中油,34548648,0.00,9500.00,,,,油資,金錢,,,,,,,,,,
257,李彥秀,109年立法委員選舉,第2次賸餘,1101129,參加公職人員選舉使用支出,台灣中油,34548648,0.00,10000.00,,,,油資,金錢,,,,,,,,,,
258,李彥秀,109年立法委員選舉,第2次賸餘,1101129,參加公職人員選舉使用支出,台灣中油,34548648,0.00,10000.00,,,,油資,金錢,,,,,,,,,,
259,李彥秀,109年立法委員選舉,第2次賸餘,1101129,參加公職人員選舉使用支出,台灣中油,34548648,0.00,10000.00,,,,油資,金錢,,,,,,,,,,
260,李彥秀,109年立法委員選舉,第2次賸餘,1101202,參加公職人員選舉使用支出,Mega 50,49726888,0.00,15542.00,,,,餐飲費用,金錢,,,,,,,,,,
261,李彥秀,109年立法委員選舉,第2次賸餘,1101202,參加公職人員選舉使用支出,法朋有限公司,53930285,0.00,640.00,,,,餐飲費用,金錢,,,,,,,,,,
262,李彥秀,109年立法委員選舉,第2次賸餘,1101205,參加公職人員選舉使用支出,李芬芬,A22*******,0.00,30000.00,,,,其他因工作酬勞之給付,金錢,,,,,,,,,,
263,李彥秀,109年立法委員選舉,第2次賸餘,1101205,參加公職人員選舉使用支出,張定銀,A22*******,0.00,10000.00,,,,其他因工作酬勞之給付,金錢,,,,,,,,,,
264,李彥秀,109年立法委員選舉,第2次賸餘,1101205,參加公職人員選舉使用支出,張智瑋,K12*******,0.00,6000.00,,,,其他因工作酬勞之給付,金錢,,,,,,,,,,
265,李彥秀,109年立法委員選舉,第2次賸餘,1101206,參加公職人員選舉使用支出,葉旭鴻,F12*******,0.00,30000.00,,,,其他因工作酬勞之給付,金錢,,,,,,,,,,
266,李彥秀,109年立法委員選舉,第2次賸餘,1101206,參加公職人員選舉使用支出,張振柔,F22*******,0.00,10000.00,,,,其他因工作酬勞之給付,金錢,,,,,,,,,,
267,李彥秀,109年立法委員選舉,第2次賸餘,1101206,參加公職人員選舉使用支出,趙富盛,J12*******,0.00,22000.00,,,,其他因工作酬勞之給付,金錢,,,,,,,,,,
268,李彥秀,109年立法委員選舉,第2次賸餘,1101211,參加公職人員選舉使用支出,悅隆股份有限公司,89781302,0.00,4221.00,,,,餐飲費用,金錢,,,,,,,,,,
269,李彥秀,109年立法委員選舉,第2次賸餘,1101215,參加公職人員選舉使用支出,均怡實業有限公司,83257456,0.00,50000.00,,,,委託辦理研究、評估、調查、設計或規劃費用,金錢,新北市板橋區****,,,,,,,,,
270,李彥秀,109年立法委員選舉,第2次賸餘,1101216,參加公職人員選舉使用支出,COSTCO,24804859,0.00,6001.00,,,,雜項購置或修繕費用,金錢,,,,,,,,,,
271,李彥秀,109年立法委員選舉,第2次賸餘,1101216,參加公職人員選舉使用支出,非常泰,53014088,0.00,1282.00,,,,餐飲費用,金錢,,,,,,,,,,
272,李彥秀,109年立法委員選舉,第2次賸餘,1101217,參加公職人員選舉使用支出,特力屋,70762797,0.00,1005.00,,,,雜項購置或修繕費用,金錢,,,,,,,,,,
273,李彥秀,109年立法委員選舉,第2次賸餘,1101219,參加公職人員選舉使用支出,悅隆股份有限公司,89781302,0.00,118304.00,,,,餐飲費用,金錢,新北市板橋區****,,,,,,,,,
274,李彥秀,109年立法委員選舉,第2次賸餘,1101220,參加公職人員選舉使用支出,誠品生活,27258328,0.00,1584.00,,,,餐飲費用,金錢,,,,,,,,,,
275,李彥秀,109年立法委員選舉,第2次賸餘,1101222,參加公職人員選舉使用支出,昇品塑膠行,99618012,0.00,1000.00,,,,雜項購置或修繕費用,金錢,,,,,,,,,,
276,李彥秀,109年立法委員選舉,第2次賸餘,1101223,參加公職人員選舉使用支出,台灣中油,01317131,0.00,1423.00,,,,油資,金錢,,,,,,,,,,
277,李彥秀,109年立法委員選舉,第2次賸餘,1101224,參加公職人員選舉使用支出,金悅軒餐飲,54255649,0.00,8837.00,,,,餐飲費用,金錢,,,,,,,,,,
278,李彥秀,109年立法委員選舉,第2次賸餘,1101225,參加公職人員選舉使用支出,甕鋪餐飲有限公司,42562354,0.00,2110.00,,,,餐飲費用,金錢,,,,,,,,,,
279,李彥秀,109年立法委員選舉,第2次賸餘,1101227,參加公職人員選舉使用支出,悅隆股份有限公司,89781302,0.00,34073.00,,,,餐飲費用,金錢,新北市板橋區****,,,,,,,,,
280,李彥秀,109年立法委員選舉,第2次賸餘,1101228,參加公職人員選舉使用支出,中華電信,81691784,0.00,2717.00,,,,電信費用,金錢,,,,,,,,,,
281,李彥秀,109年立法委員選舉,第2次賸餘,1101230,參加公職人員選舉使用支出,鼎泰豐,27922534,0.00,1292.00,,,,餐飲費用,金錢,,,,,,,,,,
282,李彥秀,109年立法委員選舉,第2次賸餘,1101230,參加公職人員選舉使用支出,永盛帆布有限公司,80217375,0.00,250000.00,,,,製作競選物品或宣傳廣告費用（帆布）,金錢,新北市中和區****,,,,,,,,,
283,李彥秀,109年立法委員選舉,第2次賸餘,1101230,參加公職人員選舉使用支出,板橋新月橋站,85232369,0.00,1599.00,,,,油資,金錢,,,,,,,,,,
284,李彥秀,109年立法委員選舉,第2次賸餘,1101231,參加公職人員選舉使用支出,成美水果行,01221017,0.00,4990.00,,,,餐飲費用,金錢,,,,,,,,,,
