﻿序號,擬參選人／政黨,選舉名稱,申報序號／年度,交易日期,收支科目,捐贈者／支出對象,身分證／統一編號,收入金額,支出金額,支出用途,金錢類,地址,聯絡電話,資料更正日期
1,顏銘緯,109年立法委員選舉,首次申報,1081104,匿名捐贈,匿名,,10.00,0.00,,金錢,,,
2,顏銘緯,109年立法委員選舉,首次申報,1081203,個人捐贈收入,歐枱均,F22*******,50000.00,0.00,,金錢,新北市新莊區****,0933*****,
3,顏銘緯,109年立法委員選舉,首次申報,1081211,個人捐贈收入,孫德基,E10*******,100000.00,0.00,,金錢,高雄市三民區****,0731*****,
4,顏銘緯,109年立法委員選舉,首次申報,1081211,個人捐贈收入,歐家佑,E12*******,100000.00,0.00,,金錢,高雄市三民區****,0731*****,
5,顏銘緯,109年立法委員選舉,首次申報,1081217,個人捐贈收入,李建緯,,3000.00,0.00,,金錢,新竹縣竹北市****,0905*****,
6,顏銘緯,109年立法委員選舉,首次申報,1081217,個人捐贈收入,陳志誠,,2000.00,0.00,,金錢,台北市中山區****,0915*****,
7,顏銘緯,109年立法委員選舉,首次申報,1081217,個人捐贈收入,李雲霖,,5000.00,0.00,,金錢,台北市北投區****,0928*****,
8,顏銘緯,109年立法委員選舉,首次申報,1081217,個人捐贈收入,蔡燿丞,,3000.00,0.00,,金錢,台北市和平西****,0926*****,
9,顏銘緯,109年立法委員選舉,首次申報,1081218,個人捐贈收入,郭孟君,A22*******,100000.00,0.00,,金錢,台北市中山區****,0920*****,
10,顏銘緯,109年立法委員選舉,首次申報,1081221,其他收入,利息收入,,18.00,0.00,,金錢,,,
11,顏銘緯,109年立法委員選舉,首次申報,1081224,個人捐贈收入,吳信輝,,5000.00,0.00,,金錢,高雄市左營區****,0972*****,
12,顏銘緯,109年立法委員選舉,首次申報,1081224,個人捐贈收入,周秉慧,,3000.00,0.00,,金錢,高雄市三民區****,0732*****,
13,顏銘緯,109年立法委員選舉,首次申報,1081225,個人捐贈收入,陳榮成,,20000.00,0.00,,金錢,台北市中山區****,0225*****,
14,顏銘緯,109年立法委員選舉,首次申報,1081231,個人捐贈收入,黃秀卿,,6000.00,0.00,,金錢,桃園市桃園區****,0333*****,
15,顏銘緯,109年立法委員選舉,首次申報,1081231,個人捐贈收入,陳鳳瑜,,3000.00,0.00,,金錢,台北市中正區****,0920*****,
16,顏銘緯,109年立法委員選舉,首次申報,1081231,個人捐贈收入,林揚生,,3000.00,0.00,,金錢,台北市內湖區****,0937*****,
17,顏銘緯,109年立法委員選舉,首次申報,1081231,個人捐贈收入,陳君玉,,6000.00,0.00,,金錢,桃園市桃園區****,0953*****,
18,顏銘緯,109年立法委員選舉,首次申報,1081231,個人捐贈收入,卓淑姬,,6000.00,0.00,,金錢,台北市中正區****,0223*****,
19,顏銘緯,109年立法委員選舉,首次申報,1081231,個人捐贈收入,黃郭淑美,,6000.00,0.00,,金錢,桃園市桃園區****,0921*****,
20,顏銘緯,109年立法委員選舉,首次申報,1081231,個人捐贈收入,王妙芬,,10000.00,0.00,,金錢,新北市汐止區****,0970*****,
21,顏銘緯,109年立法委員選舉,首次申報,1081231,個人捐贈收入,陳杜龍珠,,20000.00,0.00,,金錢,台南市東區前****,0623*****,
22,顏銘緯,109年立法委員選舉,首次申報,1081231,個人捐贈收入,徐嘉宏,,2200.00,0.00,,金錢,屏東縣萬巒鄉****,0971*****,
23,顏銘緯,109年立法委員選舉,首次申報,1081231,個人捐贈收入,陳柏源,,2000.00,0.00,,金錢,台南市北區海****,0972*****,
24,顏銘緯,109年立法委員選舉,首次申報,1081231,個人捐贈收入,陳淑心,,3000.00,0.00,,金錢,高雄市左營區****,0933*****,
25,顏銘緯,109年立法委員選舉,首次申報,1081231,個人捐贈收入,周若泰,,1000.00,0.00,,金錢,高雄市三民區****,0912*****,
26,顏銘緯,109年立法委員選舉,首次申報,1081231,個人捐贈收入,鄭金印,,3000.00,0.00,,金錢,高雄市大社區****,0921*****,
27,顏銘緯,109年立法委員選舉,首次申報,1081231,個人捐贈收入,王隆裕,,6000.00,0.00,,金錢,高雄市仁武區****,0910*****,
28,顏銘緯,109年立法委員選舉,首次申報,1081231,個人捐贈收入,蘇秀諓,,10000.00,0.00,,金錢,高雄市鼓山區****,0928*****,
29,顏銘緯,109年立法委員選舉,首次申報,1081231,個人捐贈收入,吳樹民,A10*******,20000.00,0.00,,金錢,台北市中正區****,0920*****,
30,顏銘緯,109年立法委員選舉,首次申報,1081231,個人捐贈收入,劉辰旦,T10*******,100000.00,0.00,,金錢,高雄市苓雅區****,0733*****,
31,顏銘緯,109年立法委員選舉,首次申報,1090106,個人捐贈收入,王隆闊,,20000.00,0.00,,金錢,台北市大同區****,0921*****,
32,顏銘緯,109年立法委員選舉,首次申報,1090110,匿名捐贈,匿名,,700.00,0.00,,金錢,,,
