﻿序號,擬參選人／政黨,選舉名稱,申報序號／年度,交易日期,收支科目,捐贈者／支出對象,身分證／統一編號,收入金額,支出金額,支出用途,金錢類,地址,聯絡電話,資料更正日期
1,陳亮良,107年縣(市)議員選舉,首次申報,1070429,交通旅運支出,計程車,,0.00,175.00,搭乘交通工具支出,金錢,雲林縣斗六市****,0970*****,
2,陳亮良,107年縣(市)議員選舉,首次申報,1070429,交通旅運支出,計程車乘車證明,,0.00,185.00,搭乘交通工具支出,金錢,雲林縣斗六市****,0952*****,
3,陳亮良,107年縣(市)議員選舉,首次申報,1070430,宣傳支出,天祥廣告社,P12*******,0.00,27900.00,製作宣傳廣告支出,金錢,雲林縣斗六市****,05-5*****,
4,陳亮良,107年縣(市)議員選舉,首次申報,1070504,交通旅運支出,五都停車場,,0.00,100.00,停車費,金錢,雲林縣虎尾鎮****,0972*****,
5,陳亮良,107年縣(市)議員選舉,首次申報,1070506,交通旅運支出,平和橋加油站,97356821,0.00,1000.00,油資,金錢,雲林縣斗南鎮****,,
6,陳亮良,107年縣(市)議員選舉,首次申報,1070507,交通旅運支出,台亞石油,15600349,0.00,1223.00,油資,金錢,雲林縣虎尾鎮****,,
7,陳亮良,107年縣(市)議員選舉,首次申報,1070509,雜支支出,全家便利商店,10967613,0.00,58.00,雜項購置或修繕費用,金錢,雲林縣虎尾鎮****,,
8,陳亮良,107年縣(市)議員選舉,首次申報,1070510,雜支支出,啓文齋印舖,63241908,0.00,550.00,文具用品費用,金錢,雲林縣斗六市****,05-5*****,
9,陳亮良,107年縣(市)議員選舉,首次申報,1070510,雜支支出,Teas原味,72389156,0.00,101.00,餐飲費用,金錢,雲林縣****,,
10,陳亮良,107年縣(市)議員選舉,首次申報,1070511,交通旅運支出,台灣高鐵,,0.00,640.00,搭乘交通工具支出,金錢,雲林縣****,,
11,陳亮良,107年縣(市)議員選舉,首次申報,1070512,雜支支出,Teas原味,38976521,0.00,191.00,餐飲費用,金錢,雲林縣****,,
12,陳亮良,107年縣(市)議員選舉,首次申報,1070513,宣傳支出,育騰印刷社,,0.00,6000.00,製作宣傳廣告支出,金錢,雲林縣斗六市****,,
13,陳亮良,107年縣(市)議員選舉,首次申報,1070513,宣傳支出,鴻運五金行,14157657,0.00,8400.00,製作宣傳廣告支出,金錢,雲林縣虎尾鎮****,,
14,陳亮良,107年縣(市)議員選舉,首次申報,1070513,雜支支出,蘋果屋通訊科技,56718672,0.00,10800.00,電信費用,金錢,雲林縣虎尾鎮****,,
15,陳亮良,107年縣(市)議員選舉,首次申報,1070515,雜支支出,統一速達,18341851,0.00,130.00,雜項購置或修繕費用,金錢,雲林縣****,,
16,陳亮良,107年縣(市)議員選舉,首次申報,1070517,雜支支出,一分利五金百貨生活館,15608530,0.00,250.00,雜項購置或修繕費用,金錢,雲林縣虎尾鎮****,,
17,陳亮良,107年縣(市)議員選舉,首次申報,1070518,雜支支出,一分利五金百貨生活館,15608530,0.00,1824.00,雜項購置或修繕費用,金錢,雲林縣虎尾鎮****,,
18,陳亮良,107年縣(市)議員選舉,首次申報,1070526,雜支支出,沈哲生喜宴,,0.00,2000.00,餐飲費用,金錢,雲林縣斗六市****,,
19,陳亮良,107年縣(市)議員選舉,首次申報,1070528,雜支支出,莊建明喜宴,,0.00,3600.00,餐飲費用,金錢,雲林縣斗六市****,,
20,陳亮良,107年縣(市)議員選舉,首次申報,1070528,雜支支出,啓文齋印舖,63241908,0.00,100.00,文具用品費用,金錢,雲林縣斗六市****,,
21,陳亮良,107年縣(市)議員選舉,首次申報,1070528,宣傳支出,中華電信,63501100,0.00,2648.00,發送電信簡訊支出,金錢,雲林縣斗六市****,,
22,陳亮良,107年縣(市)議員選舉,首次申報,1070529,宣傳支出,立昇樂器行,45763018,0.00,50000.00,租用廣告看板或車體廣告支出,金錢,雲林縣虎尾鎮****,,
23,陳亮良,107年縣(市)議員選舉,首次申報,1070529,宣傳支出,文豪企業社,47388432,0.00,5200.00,製作宣傳廣告支出,金錢,雲林縣斗六市****,,
24,陳亮良,107年縣(市)議員選舉,首次申報,1070601,宣傳支出,天祥廣告社,25497674,0.00,1000.00,製作宣傳廣告支出,金錢,雲林縣斗六市****,,
25,陳亮良,107年縣(市)議員選舉,首次申報,1070601,宣傳支出,劉秉毅,26985270,0.00,18000.00,租用廣告看板或車體廣告支出,金錢,F臺中縣潭子****,0985*****,
26,陳亮良,107年縣(市)議員選舉,首次申報,1070601,雜支支出,7-ELEVEN,47453685,0.00,123.00,餐飲費用,金錢,雲林縣虎尾鎮****,,
27,陳亮良,107年縣(市)議員選舉,首次申報,1070604,宣傳支出,天祥廣告社,,0.00,500.00,製作宣傳廣告支出,金錢,雲林縣斗六市****,,
28,陳亮良,107年縣(市)議員選舉,首次申報,1070605,宣傳支出,天祥廣告社,25497674,0.00,10000.00,製作宣傳廣告支出,金錢,雲林縣斗六市****,,
29,陳亮良,107年縣(市)議員選舉,首次申報,1070609,交通旅運支出,福懋加油站,17461189,0.00,877.00,油資,金錢,雲林縣斗六市****,,
30,陳亮良,107年縣(市)議員選舉,首次申報,1070610,雜支支出,明傳影印店,20041676,0.00,140.00,文具用品費用,金錢,雲林縣斗六市****,,
31,陳亮良,107年縣(市)議員選舉,首次申報,1070611,交通旅運支出,台灣中油,64992913,0.00,1647.00,油資,金錢,雲林縣斗六市****,,
32,陳亮良,107年縣(市)議員選舉,首次申報,1070617,交通旅運支出,台亞石油,15600349,0.00,1227.00,油資,金錢,雲林縣虎尾鎮****,,
33,陳亮良,107年縣(市)議員選舉,首次申報,1070617,交通旅運支出,福懋加油站,17461189,0.00,1099.00,油資,金錢,雲林縣斗六市****,,
34,陳亮良,107年縣(市)議員選舉,首次申報,1070621,宣傳支出,文豪企業社,47388432,0.00,1500.00,製作宣傳廣告支出,金錢,雲林縣斗六市****,,
35,陳亮良,107年縣(市)議員選舉,首次申報,1070622,雜支支出,南港車站,42617914,0.00,412.00,餐飲費用,金錢,臺北市南港區****,,
36,陳亮良,107年縣(市)議員選舉,首次申報,1070624,交通旅運支出,台亞石油,15600349,0.00,1288.00,油資,金錢,雲林縣虎尾鎮****,,
37,陳亮良,107年縣(市)議員選舉,首次申報,1070626,宣傳支出,中華電信,63501100,0.00,5721.00,發送電信簡訊支出,金錢,雲林縣斗六市****,,
38,陳亮良,107年縣(市)議員選舉,首次申報,1070627,宣傳支出,天祥廣告社,25497674,0.00,13000.00,製作宣傳廣告支出,金錢,雲林縣斗六市****,,
39,陳亮良,107年縣(市)議員選舉,首次申報,1070627,交通旅運支出,五都停車場股份有限公司,47540020,0.00,100.00,停車費,金錢,雲林縣虎尾鎮****,,
40,陳亮良,107年縣(市)議員選舉,首次申報,1070630,雜支支出,蘋果屋通訊科技有限公司,56718672,0.00,500.00,雜項購置或修繕費用,金錢,雲林縣虎尾鎮****,,
41,陳亮良,107年縣(市)議員選舉,首次申報,1070703,宣傳支出,天祥廣告社,25497674,0.00,10500.00,製作宣傳廣告支出,金錢,雲林縣斗六市****,,
42,陳亮良,107年縣(市)議員選舉,首次申報,1070706,交通旅運支出,台灣中油,64992913,0.00,1634.00,油資,金錢,雲林縣斗六市****,,
43,陳亮良,107年縣(市)議員選舉,首次申報,1070710,雜支支出,卉豐商行,38785522,0.00,2170.00,雜項購置或修繕費用,金錢,雲林縣虎尾鎮****,,
44,陳亮良,107年縣(市)議員選舉,首次申報,1070710,雜支支出,雲頂高山茶莊,64824819,0.00,2500.00,雜項購置或修繕費用,金錢,雲林縣斗六市****,,
45,陳亮良,107年縣(市)議員選舉,首次申報,1070710,雜支支出,慶興實業社,88834750,0.00,460.00,雜項購置或修繕費用,金錢,雲林縣虎尾鎮****,,
46,陳亮良,107年縣(市)議員選舉,首次申報,1070712,宣傳支出,天祥廣告社,25497674,0.00,12000.00,製作宣傳廣告支出,金錢,雲林縣斗六市****,,
47,陳亮良,107年縣(市)議員選舉,首次申報,1070712,宣傳支出,天祥廣告社,25497674,0.00,1000.00,製作宣傳廣告支出,金錢,雲林縣斗六市****,,
48,陳亮良,107年縣(市)議員選舉,首次申報,1070712,雜支支出,正昌五金行,63061709,0.00,200.00,雜項購置或修繕費用,金錢,雲林縣斗六市****,,
49,陳亮良,107年縣(市)議員選舉,首次申報,1070713,宣傳支出,天祥廣告社,25497674,0.00,15000.00,製作宣傳廣告支出,金錢,雲林縣斗六市****,,
50,陳亮良,107年縣(市)議員選舉,首次申報,1070716,雜支支出,王永知,,0.00,300.00,雜項購置或修繕費用,金錢,雲林縣虎尾鎮****,05-6*****,
51,陳亮良,107年縣(市)議員選舉,首次申報,1070716,宣傳支出,宏文西服,27139273,0.00,5000.00,製作宣傳廣告支出,金錢,雲林縣虎尾鎮****,,
52,陳亮良,107年縣(市)議員選舉,首次申報,1070716,雜支支出,弗光佛具店,39704251,0.00,9200.00,雜項購置或修繕費用,金錢,雲林縣虎尾鎮****,,
53,陳亮良,107年縣(市)議員選舉,首次申報,1070717,雜支支出,精工鐘錶眼鏡行,64926301,0.00,1300.00,雜項購置或修繕費用,金錢,雲林縣虎尾鎮****,,
54,陳亮良,107年縣(市)議員選舉,首次申報,1070718,雜支支出,Hi-Life萊爾富,27944474,0.00,20.00,雜項購置或修繕費用,金錢,雲林縣虎尾鎮****,,
55,陳亮良,107年縣(市)議員選舉,首次申報,1070718,宣傳支出,文豪企業社,47388432,0.00,7900.00,播送、傳送或刊登宣傳廣告支出,金錢,雲林縣斗六市****,,
56,陳亮良,107年縣(市)議員選舉,首次申報,1070719,雜支支出,台灣高鐵,16446274,0.00,100.00,餐飲費用,金錢,臺北市南港區****,,
57,陳亮良,107年縣(市)議員選舉,首次申報,1070719,交通旅運支出,五都停車場股份有限公司,47540020,0.00,100.00,停車費,金錢,雲林縣虎尾鎮****,,
58,陳亮良,107年縣(市)議員選舉,首次申報,1070720,雜支支出,台灣高鐵,16446274,0.00,45.00,餐飲費用,金錢,臺北市南港區****,,
59,陳亮良,107年縣(市)議員選舉,首次申報,1070720,宣傳支出,文豪企業社,47388432,0.00,4292.00,播送、傳送或刊登宣傳廣告支出,金錢,雲林縣斗六市****,,
60,陳亮良,107年縣(市)議員選舉,首次申報,1070720,交通旅運支出,五都停車場股份有限公司,47540020,0.00,100.00,停車費,金錢,雲林縣虎尾鎮****,,
61,陳亮良,107年縣(市)議員選舉,首次申報,1070723,宣傳支出,文豪企業社,47388432,0.00,1500.00,製作宣傳廣告支出,金錢,雲林縣斗六市****,,
62,陳亮良,107年縣(市)議員選舉,首次申報,1070723,交通旅運支出,台灣中油,64992913,0.00,1375.00,油資,金錢,雲林縣斗六市****,,
63,陳亮良,107年縣(市)議員選舉,首次申報,1070724,雜支支出,豪億斗六企業有限公司,24867951,0.00,178.00,雜項購置或修繕費用,金錢,雲林縣斗六市****,,
64,陳亮良,107年縣(市)議員選舉,首次申報,1070724,雜支支出,中華電信,63501100,0.00,699.00,電信費用,金錢,雲林縣斗六市****,,
65,陳亮良,107年縣(市)議員選舉,首次申報,1070725,雜支支出,蘋果屋通訊科技有限公司,56718672,0.00,1000.00,雜項購置或修繕費用,金錢,雲林縣虎尾鎮****,,
66,陳亮良,107年縣(市)議員選舉,首次申報,1070725,雜支支出,合成鎖王,78923493,0.00,240.00,雜項購置或修繕費用,金錢,雲林縣斗六市****,,
67,陳亮良,107年縣(市)議員選舉,首次申報,1070725,租用競選辦事處支出,金樹電器空調有限公司,80572493,0.00,40500.00,裝潢競選辦事處支出,金錢,雲林縣虎尾鎮****,,
68,陳亮良,107年縣(市)議員選舉,首次申報,1070726,宣傳支出,文豪企業社,47388432,0.00,2300.00,製作宣傳廣告支出,金錢,雲林縣斗六市****,,
69,陳亮良,107年縣(市)議員選舉,首次申報,1070726,雜支支出,文豪企業社,47388432,0.00,1500.00,雜項購置或修繕費用,金錢,雲林縣斗六市****,,
70,陳亮良,107年縣(市)議員選舉,首次申報,1070726,宣傳支出,中華電信,63501100,0.00,4875.00,發送電信簡訊支出,金錢,雲林縣斗六市****,,
71,陳亮良,107年縣(市)議員選舉,首次申報,1070727,雜支支出,7-ELEVEN,16631448,0.00,110.00,餐飲費用,金錢,雲林縣斗六市****,,
72,陳亮良,107年縣(市)議員選舉,首次申報,1070727,交通旅運支出,五都停車場股份有限公司,47540020,0.00,100.00,停車費,金錢,雲林縣虎尾鎮****,,
73,陳亮良,107年縣(市)議員選舉,首次申報,1070730,宣傳支出,中華郵政,,0.00,1800.00,郵寄競選物品或宣傳廣告支出,金錢,雲林縣斗六市****,,
74,陳亮良,107年縣(市)議員選舉,首次申報,1070730,宣傳支出,文豪企業社,47388432,0.00,4250.00,製作宣傳廣告支出,金錢,雲林縣斗六市****,,
75,陳亮良,107年縣(市)議員選舉,首次申報,1070731,雜支支出,凱麗百貨有限公司,24852253,0.00,495.00,雜項購置或修繕費用,金錢,雲林縣斗六市****,,
76,陳亮良,107年縣(市)議員選舉,首次申報,1070731,雜支支出,來俐青果行,88832107,0.00,1000.00,雜項購置或修繕費用,金錢,雲林縣斗六市****,,
77,陳亮良,107年縣(市)議員選舉,首次申報,1070801,雜支支出,一分利五金百貨生活館,15608530,0.00,200.00,雜項購置或修繕費用,金錢,雲林縣虎尾鎮****,,
78,陳亮良,107年縣(市)議員選舉,首次申報,1070801,雜支支出,一分利五金百貨生活館,15608530,0.00,1439.00,汽機車燃料費用,金錢,雲林縣虎尾鎮****,,
79,陳亮良,107年縣(市)議員選舉,首次申報,1070801,雜支支出,好日盛有限公司,16706101,0.00,835.00,雜項購置或修繕費用,金錢,雲林縣斗六市****,,
80,陳亮良,107年縣(市)議員選舉,首次申報,1070801,雜支支出,好日盛有限公司,16706101,0.00,107.00,雜項購置或修繕費用,金錢,雲林縣斗六市****,,
81,陳亮良,107年縣(市)議員選舉,首次申報,1070801,租用競選辦事處支出,林弘茂,P12*******,0.00,36000.00,租用競選辦事處費用,金錢,雲林縣斗六市****,,
82,陳亮良,107年縣(市)議員選舉,首次申報,1070802,雜支支出,7-ELEVEN,16631448,0.00,80.00,餐飲費用,金錢,雲林縣斗六市****,,
83,陳亮良,107年縣(市)議員選舉,首次申報,1070802,雜支支出,7-ELEVEN,16631448,0.00,186.00,餐飲費用,金錢,雲林縣斗六市****,,
84,陳亮良,107年縣(市)議員選舉,首次申報,1070802,公共關係費用支出,花鄉花苑,20041269,0.00,400.00,聯誼交際費用,金錢,雲林縣斗六市****,,
85,陳亮良,107年縣(市)議員選舉,首次申報,1070802,雜支支出,三味小館,47364706,0.00,960.00,餐飲費用,金錢,雲林縣斗六市****,,
86,陳亮良,107年縣(市)議員選舉,首次申報,1070802,宣傳支出,文豪企業社,47388432,0.00,12500.00,製作宣傳廣告支出,金錢,雲林縣斗六市****,,
87,陳亮良,107年縣(市)議員選舉,首次申報,1070803,雜支支出,豪億斗六企業有限公司,24867951,0.00,668.00,雜項購置或修繕費用,金錢,雲林縣斗六市****,,
88,陳亮良,107年縣(市)議員選舉,首次申報,1070803,雜支支出,正昌五金行,63061709,0.00,900.00,雜項購置或修繕費用,金錢,雲林縣斗六市****,,
89,陳亮良,107年縣(市)議員選舉,首次申報,1070804,宣傳支出,文豪企業社,47388432,0.00,12500.00,製作宣傳廣告支出,金錢,雲林縣斗六市****,,
90,陳亮良,107年縣(市)議員選舉,首次申報,1070808,雜支支出,張記鵝肉平價小吃,10902078,0.00,3000.00,餐飲費用,金錢,雲林縣斗六市****,,
91,陳亮良,107年縣(市)議員選舉,首次申報,1070808,交通旅運支出,五都停車場股份有限公司,47540020,0.00,100.00,停車費,金錢,雲林縣虎尾鎮****,,
92,陳亮良,107年縣(市)議員選舉,首次申報,1070810,宣傳支出,中華郵政,,0.00,4860.00,郵寄競選物品或宣傳廣告支出,金錢,雲林縣斗六市****,,
93,陳亮良,107年縣(市)議員選舉,首次申報,1070810,雜支支出,7-ELEVEN,16631448,0.00,56.00,餐飲費用,金錢,雲林縣斗六市****,,
94,陳亮良,107年縣(市)議員選舉,首次申報,1070811,雜支支出,7-ELEVEN,16631448,0.00,35.00,雜項購置或修繕費用,金錢,雲林縣斗六市****,,
95,陳亮良,107年縣(市)議員選舉,首次申報,1070811,雜支支出,7-ELEVEN,16631448,0.00,765.00,雜項購置或修繕費用,金錢,雲林縣斗六市****,,
96,陳亮良,107年縣(市)議員選舉,首次申報,1070812,雜支支出,三味小館,47364706,0.00,400.00,餐飲費用,金錢,雲林縣斗六市****,,
97,陳亮良,107年縣(市)議員選舉,首次申報,1070814,雜支支出,三味小館,47364706,0.00,240.00,餐飲費用,金錢,雲林縣斗六市****,,
98,陳亮良,107年縣(市)議員選舉,首次申報,1070815,宣傳支出,中華郵政,,0.00,600.00,郵寄競選物品或宣傳廣告支出,金錢,雲林縣斗六市****,,
99,陳亮良,107年縣(市)議員選舉,首次申報,1070815,交通旅運支出,福懋加油站,17461189,0.00,864.00,油資,金錢,雲林縣斗六市****,,
100,陳亮良,107年縣(市)議員選舉,首次申報,1070816,宣傳支出,中華郵政,,0.00,1200.00,郵寄競選物品或宣傳廣告支出,金錢,雲林縣斗六市****,,
101,陳亮良,107年縣(市)議員選舉,首次申報,1070816,雜支支出,良美自助餐店,45397673,0.00,60.00,餐飲費用,金錢,雲林縣斗六市****,,
102,陳亮良,107年縣(市)議員選舉,首次申報,1070816,雜支支出,玉兔儀器文具行,64869316,0.00,1000.00,文具用品費用,金錢,雲林縣斗六市****,,
103,陳亮良,107年縣(市)議員選舉,首次申報,1070817,宣傳支出,天祥廣告社,25497674,0.00,11000.00,製作宣傳廣告支出,金錢,雲林縣斗六市****,,
104,陳亮良,107年縣(市)議員選舉,首次申報,1070820,雜支支出,鈺齊生活館有限公司,,0.00,1980.00,餐飲費用,金錢,,,
105,陳亮良,107年縣(市)議員選舉,首次申報,1070820,宣傳支出,中華郵政,,0.00,3000.00,郵寄競選物品或宣傳廣告支出,金錢,雲林縣斗六市****,,
106,陳亮良,107年縣(市)議員選舉,首次申報,1070821,宣傳支出,中華郵政,,0.00,3846.00,郵寄競選物品或宣傳廣告支出,金錢,雲林縣斗六市****,,
107,陳亮良,107年縣(市)議員選舉,首次申報,1070821,雜支支出,鴻運五金行,14157657,0.00,798.00,雜項購置或修繕費用,金錢,雲林縣虎尾鎮****,,
108,陳亮良,107年縣(市)議員選舉,首次申報,1070821,雜支支出,7-ELEVEN,16631448,0.00,1099.00,餐飲費用,金錢,雲林縣斗六市****,,
109,陳亮良,107年縣(市)議員選舉,首次申報,1070822,宣傳支出,中華郵政,,0.00,6000.00,郵寄競選物品或宣傳廣告支出,金錢,雲林縣斗六市****,,
110,陳亮良,107年縣(市)議員選舉,首次申報,1070822,宣傳支出,中華郵政,,0.00,2000.00,郵寄競選物品或宣傳廣告支出,金錢,雲林縣斗六市****,,
111,陳亮良,107年縣(市)議員選舉,首次申報,1070822,雜支支出,統贊純淨水廠有限公司,16225005,0.00,350.00,餐飲費用,金錢,雲林縣斗南鎮****,,
112,陳亮良,107年縣(市)議員選舉,首次申報,1070823,宣傳支出,中華郵政,,0.00,8.00,郵寄競選物品或宣傳廣告支出,金錢,雲林縣斗六市****,,
113,陳亮良,107年縣(市)議員選舉,首次申報,1070823,宣傳支出,中華郵政,,0.00,6400.00,郵寄競選物品或宣傳廣告支出,金錢,雲林縣斗六市****,,
114,陳亮良,107年縣(市)議員選舉,首次申報,1070823,宣傳支出,中華郵政,,0.00,120.00,郵寄競選物品或宣傳廣告支出,金錢,雲林縣斗六市****,,
115,陳亮良,107年縣(市)議員選舉,首次申報,1070823,宣傳支出,中華郵政,,0.00,216.00,郵寄競選物品或宣傳廣告支出,金錢,雲林縣斗六市****,,
116,陳亮良,107年縣(市)議員選舉,首次申報,1070824,宣傳支出,中華郵政,,0.00,1030.00,郵寄競選物品或宣傳廣告支出,金錢,雲林縣斗六市****,,
117,陳亮良,107年縣(市)議員選舉,首次申報,1070824,宣傳支出,中華郵政,,0.00,1560.00,郵寄競選物品或宣傳廣告支出,金錢,雲林縣斗六市****,,
118,陳亮良,107年縣(市)議員選舉,首次申報,1070824,宣傳支出,中華郵政,,0.00,600.00,郵寄競選物品或宣傳廣告支出,金錢,雲林縣斗六市****,,
119,陳亮良,107年縣(市)議員選舉,首次申報,1070824,雜支支出,豪億斗六企業有限公司,24867951,0.00,240.00,文具用品費用,金錢,雲林縣斗六市****,,
120,陳亮良,107年縣(市)議員選舉,首次申報,1070825,交通旅運支出,台亞石油,15600349,0.00,1424.00,油資,金錢,雲林縣虎尾鎮****,,
121,陳亮良,107年縣(市)議員選舉,首次申報,1070825,雜支支出,7-ELEVEN,16631448,0.00,676.00,雜項購置或修繕費用,金錢,雲林縣斗六市****,,
122,陳亮良,107年縣(市)議員選舉,首次申報,1070825,雜支支出,食緣坊素食,38887231,0.00,45.00,餐飲費用,金錢,雲林縣斗六市****,,
123,陳亮良,107年縣(市)議員選舉,首次申報,1070826,宣傳支出,文豪企業社,47388432,0.00,11100.00,播送、傳送或刊登宣傳廣告支出,金錢,雲林縣斗六市****,,
124,陳亮良,107年縣(市)議員選舉,首次申報,1070827,宣傳支出,中華郵政,,0.00,174.00,郵寄競選物品或宣傳廣告支出,金錢,雲林縣斗六市****,,
125,陳亮良,107年縣(市)議員選舉,首次申報,1070827,雜支支出,豪億斗六企業有限公司,24867951,0.00,16.00,雜項購置或修繕費用,金錢,雲林縣斗六市****,,
126,陳亮良,107年縣(市)議員選舉,首次申報,1070828,宣傳支出,原創視覺設計社,09975538,0.00,8400.00,製作競選物品支出（物品名稱-請填寫）,金錢,新竹市民生路****,,
127,陳亮良,107年縣(市)議員選舉,首次申報,1070828,宣傳支出,中華電信,63501100,0.00,1106.00,發送電信簡訊支出,金錢,雲林縣斗六市****,,
128,陳亮良,107年縣(市)議員選舉,首次申報,1070831,宣傳支出,天祥廣告社,25497674,0.00,5000.00,製作宣傳廣告支出,金錢,雲林縣斗六市****,,
129,陳亮良,107年縣(市)議員選舉,首次申報,1070831,雜支支出,三味小館,47364706,0.00,9950.00,餐飲費用,金錢,雲林縣斗六市****,,
130,陳亮良,107年縣(市)議員選舉,首次申報,1070831,租用競選辦事處支出,震達辦公家具有限公司,86361925,0.00,64292.00,租買辦公設備支出,金錢,雲林縣斗六市****,,
131,陳亮良,107年縣(市)議員選舉,首次申報,1070901,雜支支出,7-ELEVEN,16631448,0.00,138.00,餐飲費用,金錢,雲林縣斗六市****,,
132,陳亮良,107年縣(市)議員選舉,首次申報,1070901,宣傳支出,林弘茂,P12*******,0.00,3000.00,製作宣傳廣告支出,金錢,雲林縣斗六市****,,
133,陳亮良,107年縣(市)議員選舉,首次申報,1070902,交通旅運支出,台亞石油,15600349,0.00,1132.00,油資,金錢,雲林縣虎尾鎮****,,
134,陳亮良,107年縣(市)議員選舉,首次申報,1070903,宣傳支出,中華郵政,,0.00,3862.00,郵寄競選物品或宣傳廣告支出,金錢,,,
135,陳亮良,107年縣(市)議員選舉,首次申報,1070904,交通旅運支出,五都停車場股份有限公司,47540020,0.00,100.00,停車費,金錢,雲林縣虎尾鎮****,,
136,陳亮良,107年縣(市)議員選舉,首次申報,1070905,宣傳支出,中華郵政,,0.00,1120.00,郵寄競選物品或宣傳廣告支出,金錢,雲林縣斗六市****,,
137,陳亮良,107年縣(市)議員選舉,首次申報,1070905,雜支支出,吉豐食品廠,,0.00,12000.00,餐飲費用,金錢,雲林縣褒忠鄉****,05-6*****,
138,陳亮良,107年縣(市)議員選舉,首次申報,1070905,宣傳支出,中華郵政,,0.00,1314.00,郵寄競選物品或宣傳廣告支出,金錢,雲林縣斗六市****,,
139,陳亮良,107年縣(市)議員選舉,首次申報,1070905,宣傳支出,中華郵政,,0.00,400.00,郵寄競選物品或宣傳廣告支出,金錢,雲林縣斗六市****,,
140,陳亮良,107年縣(市)議員選舉,首次申報,1070905,雜支支出,統贊純淨水廠有限公司,16225005,0.00,700.00,餐飲費用,金錢,雲林縣斗南鎮****,,
141,陳亮良,107年縣(市)議員選舉,首次申報,1070905,宣傳支出,天祥廣告社,25497674,0.00,4000.00,製作宣傳廣告支出,金錢,雲林縣斗六市****,,
142,陳亮良,107年縣(市)議員選舉,首次申報,1070905,交通旅運支出,五都停車場股份有限公司,47540020,0.00,100.00,停車費,金錢,雲林縣虎尾鎮****,,
143,陳亮良,107年縣(市)議員選舉,首次申報,1070906,雜支支出,日茂商店,20031494,0.00,1200.00,雜項購置或修繕費用,金錢,雲林縣斗六市****,,
144,陳亮良,107年縣(市)議員選舉,首次申報,1070906,交通旅運支出,五都停車場股份有限公司,47540020,0.00,100.00,停車費,金錢,雲林縣虎尾鎮****,,
145,陳亮良,107年縣(市)議員選舉,首次申報,1070907,宣傳支出,中華郵政,,0.00,28.00,郵寄競選物品或宣傳廣告支出,金錢,雲林縣斗六市****,,
146,陳亮良,107年縣(市)議員選舉,首次申報,1070907,雜支支出,正昌五金行,63061709,0.00,540.00,雜項購置或修繕費用,金錢,雲林縣斗六市****,,
147,陳亮良,107年縣(市)議員選舉,首次申報,1070908,宣傳支出,明傳影印企業行斗六店,39861441,0.00,400.00,製作宣傳廣告支出,金錢,雲林縣斗六市****,,
148,陳亮良,107年縣(市)議員選舉,首次申報,1070908,宣傳支出,虎尾旗幟社,92837168,0.00,2000.00,製作宣傳廣告支出,金錢,雲林縣虎尾鎮****,,
149,陳亮良,107年縣(市)議員選舉,首次申報,1070909,雜支支出,好日盛有限公司,16706101,0.00,120.00,雜項購置或修繕費用,金錢,雲林縣斗六市****,,
150,陳亮良,107年縣(市)議員選舉,首次申報,1070909,雜支支出,家樂福,24306473,0.00,415.00,雜項購置或修繕費用,金錢,雲林縣斗六市****,,
151,陳亮良,107年縣(市)議員選舉,首次申報,1070909,雜支支出,宗瑩餅餔,45264821,0.00,10000.00,餐飲費用,金錢,雲林縣虎尾鎮****,,
152,陳亮良,107年縣(市)議員選舉,首次申報,1070909,雜支支出,正昌五金行,63061709,0.00,450.00,雜項購置或修繕費用,金錢,雲林縣斗六市****,,
153,陳亮良,107年縣(市)議員選舉,首次申報,1070910,交通旅運支出,台亞石油,15600349,0.00,1380.00,油資,金錢,雲林縣虎尾鎮****,,
154,陳亮良,107年縣(市)議員選舉,首次申報,1070910,雜支支出,天下水果行,25274836,0.00,339.00,雜項購置或修繕費用,金錢,雲林縣斗六市****,,
155,陳亮良,107年縣(市)議員選舉,首次申報,1070910,宣傳支出,天祥廣告社,25497674,0.00,1000.00,製作宣傳廣告支出,金錢,雲林縣斗六市****,,
156,陳亮良,107年縣(市)議員選舉,首次申報,1070911,雜支支出,微風台北車站,28441577,0.00,130.00,餐飲費用,金錢,臺北市北平西****,,
157,陳亮良,107年縣(市)議員選舉,首次申報,1070911,宣傳支出,文豪企業社,47388432,0.00,3200.00,製作宣傳廣告支出,金錢,雲林縣斗六市****,,
158,陳亮良,107年縣(市)議員選舉,首次申報,1070911,交通旅運支出,五都停車場股份有限公司,47540020,0.00,100.00,停車費,金錢,雲林縣虎尾鎮****,,
159,陳亮良,107年縣(市)議員選舉,首次申報,1070912,雜支支出,小不點花坊,76734307,0.00,380.00,餐飲費用,金錢,雲林縣斗六市****,,
160,陳亮良,107年縣(市)議員選舉,首次申報,1070913,雜支支出,山東牛肉麵,,0.00,270.00,餐飲費用,金錢,雲林縣斗六市****,,
161,陳亮良,107年縣(市)議員選舉,首次申報,1070913,交通旅運支出,福懋加油站,17467938,0.00,886.00,油資,金錢,雲林縣斗六市****,,
162,陳亮良,107年縣(市)議員選舉,首次申報,1070913,雜支支出,中華電信,63501100,0.00,1576.00,電信費用,金錢,雲林縣斗六市****,,
163,陳亮良,107年縣(市)議員選舉,首次申報,1070913,雜支支出,中華電信,63501100,0.00,1608.00,電信費用,金錢,雲林縣斗六市****,,
164,陳亮良,107年縣(市)議員選舉,首次申報,1070914,雜支支出,雲饌美食館,45764895,0.00,180.00,餐飲費用,金錢,雲林縣斗六市****,,
165,陳亮良,107年縣(市)議員選舉,首次申報,1070916,交通旅運支出,大楠鑫企業有限公司,80644172,0.00,900.00,油資,金錢,臺南市楠西區****,,
166,陳亮良,107年縣(市)議員選舉,首次申報,1070917,交通旅運支出,五都停車場股份有限公司,47540020,0.00,60.00,停車費,金錢,雲林縣虎尾鎮****,,
167,陳亮良,107年縣(市)議員選舉,首次申報,1070919,宣傳支出,中華郵政,,0.00,28.00,郵寄競選物品或宣傳廣告支出,金錢,雲林縣斗六市****,,
168,陳亮良,107年縣(市)議員選舉,首次申報,1070920,宣傳支出,明傳影印企業行斗六店,39861441,0.00,1440.00,製作宣傳廣告支出,金錢,雲林縣斗六市****,,
169,陳亮良,107年縣(市)議員選舉,首次申報,1070921,公共關係費用支出,雲林縣海軍陸戰隊退伍協會,72397542,0.00,3000.00,聯誼交際費用,金錢,雲林縣斗六市****,,
170,陳亮良,107年縣(市)議員選舉,首次申報,1070923,交通旅運支出,曉峰交通事業股份有限公司,58681813,0.00,200.00,搭乘交通工具支出,金錢,彰化縣埔鹽鄉****,,
171,陳亮良,107年縣(市)議員選舉,首次申報,1070924,雜支支出,山珍水果行,45574240,0.00,320.00,雜項購置或修繕費用,金錢,雲林縣斗六市****,,
172,陳亮良,107年縣(市)議員選舉,首次申報,1070926,雜支支出,凱麗百貨有限公司,24852253,0.00,99.00,雜項購置或修繕費用,金錢,雲林縣斗六市****,,
173,陳亮良,107年縣(市)議員選舉,首次申報,1070926,宣傳支出,中華電信,63501100,0.00,3550.00,發送電信簡訊支出,金錢,雲林縣斗六市****,,
174,陳亮良,107年縣(市)議員選舉,首次申報,1070927,雜支支出,7-ELEVEN,23472895,0.00,45.00,餐飲費用,金錢,臺北市****,,
175,陳亮良,107年縣(市)議員選舉,首次申報,1070927,交通旅運支出,五都停車場股份有限公司,47540020,0.00,200.00,停車費,金錢,雲林縣虎尾鎮****,,
176,陳亮良,107年縣(市)議員選舉,首次申報,1070929,交通旅運支出,台亞石油,15600349,0.00,1506.00,油資,金錢,雲林縣虎尾鎮****,,
177,陳亮良,107年縣(市)議員選舉,首次申報,1070930,雜支支出,三味小館,47364706,0.00,7110.00,餐飲費用,金錢,雲林縣斗六市****,,
178,陳亮良,107年縣(市)議員選舉,首次申報,1071002,雜支支出,全弘鎖店,14168599,0.00,190.00,雜項購置或修繕費用,金錢,雲林縣斗六市****,,
179,陳亮良,107年縣(市)議員選舉,首次申報,1071002,雜支支出,一分利五金百貨生活館,15608530,0.00,499.00,雜項購置或修繕費用,金錢,雲林縣虎尾鎮****,,
180,陳亮良,107年縣(市)議員選舉,首次申報,1071002,雜支支出,統贊純淨水廠有限公司,16225005,0.00,700.00,餐飲費用,金錢,雲林縣斗南鎮****,,
181,陳亮良,107年縣(市)議員選舉,首次申報,1071002,雜支支出,中華電信,63501100,0.00,105.00,電信費用,金錢,雲林縣斗六市****,,
182,陳亮良,107年縣(市)議員選舉,首次申報,1071003,雜支支出,7-ELEVEN,16631448,0.00,75.00,餐飲費用,金錢,雲林縣斗六市****,,
183,陳亮良,107年縣(市)議員選舉,首次申報,1071003,宣傳支出,文豪企業社,47388432,0.00,23750.00,製作宣傳廣告支出,金錢,雲林縣斗六市****,,
184,陳亮良,107年縣(市)議員選舉,首次申報,1071004,宣傳支出,星際服裝行,14162271,0.00,14250.00,製作宣傳廣告支出,金錢,雲林縣虎尾鎮****,,
185,陳亮良,107年縣(市)議員選舉,首次申報,1071005,雜支支出,7-ELEVEN,16631448,0.00,117.00,雜項購置或修繕費用,金錢,雲林縣斗六市****,,
186,陳亮良,107年縣(市)議員選舉,首次申報,1071006,雜支支出,全國電子,16319925,0.00,399.00,雜項購置或修繕費用,金錢,雲林縣虎尾鎮****,,
187,陳亮良,107年縣(市)議員選舉,首次申報,1071006,宣傳支出,明傳影印企業行斗六店,39861441,0.00,200.00,製作宣傳廣告支出,金錢,雲林縣斗六市****,,
188,陳亮良,107年縣(市)議員選舉,首次申報,1071006,雜支支出,7-ELEVEN,53008635,0.00,699.00,雜項購置或修繕費用,金錢,雲林縣****,,
189,陳亮良,107年縣(市)議員選舉,首次申報,1071006,雜支支出,7-ELEVEN,53008635,0.00,108.00,餐飲費用,金錢,雲林縣斗六市****,,
190,陳亮良,107年縣(市)議員選舉,首次申報,1071008,雜支支出,FamilyMart,10967613,0.00,15.00,雜項購置或修繕費用,金錢,雲林縣虎尾鎮****,,
191,陳亮良,107年縣(市)議員選舉,首次申報,1071008,雜支支出,7-ELEVEN,16631448,0.00,10.00,書報雜誌費用,金錢,雲林縣斗六市****,,
192,陳亮良,107年縣(市)議員選舉,首次申報,1071008,宣傳支出,天祥廣告社,25497674,0.00,8000.00,製作宣傳廣告支出,金錢,雲林縣斗六市****,,
193,陳亮良,107年縣(市)議員選舉,首次申報,1071008,雜支支出,全聯福利中心,80544363,0.00,500.00,雜項購置或修繕費用,金錢,雲林縣斗六市****,,
194,陳亮良,107年縣(市)議員選舉,首次申報,1071009,交通旅運支出,台灣中油,64992913,0.00,1836.00,油資,金錢,雲林縣斗六市****,,
195,陳亮良,107年縣(市)議員選舉,首次申報,1071010,交通旅運支出,計程車979-ZH,,0.00,330.00,搭乘交通工具支出,金錢,雲林縣****,02-2*****,
196,陳亮良,107年縣(市)議員選舉,首次申報,1071011,雜支支出,中華電信,,0.00,1221.00,電信費用,金錢,雲林縣斗六市****,,
197,陳亮良,107年縣(市)議員選舉,首次申報,1071011,雜支支出,中華電信,,0.00,75.00,電信費用,金錢,雲林縣斗六市****,,
198,陳亮良,107年縣(市)議員選舉,首次申報,1071011,雜支支出,7-ELEVEN,16631448,0.00,10.00,書報雜誌費用,金錢,雲林縣斗六市****,,
199,陳亮良,107年縣(市)議員選舉,首次申報,1071012,宣傳支出,天祥廣告社,25497674,0.00,500.00,製作宣傳廣告支出,金錢,雲林縣斗六市****,,
200,陳亮良,107年縣(市)議員選舉,首次申報,1071014,交通旅運支出,台亞石油,15600349,0.00,1371.00,油資,金錢,雲林縣虎尾鎮****,,
201,陳亮良,107年縣(市)議員選舉,首次申報,1071014,交通旅運支出,台亞石油,15600349,0.00,120.00,油資,金錢,雲林縣虎尾鎮****,,
202,陳亮良,107年縣(市)議員選舉,首次申報,1071015,雜支支出,馥陞餅舖,25254326,0.00,300.00,餐飲費用,金錢,雲林縣斗六市****,,
203,陳亮良,107年縣(市)議員選舉,首次申報,1071022,雜支支出,統贊純淨水廠有限公司,16225005,0.00,350.00,餐飲費用,金錢,雲林縣斗南鎮****,,
204,陳亮良,107年縣(市)議員選舉,首次申報,1071022,宣傳支出,文豪企業社,47388432,0.00,23750.00,製作宣傳廣告支出,金錢,雲林縣斗六市****,,
205,陳亮良,107年縣(市)議員選舉,首次申報,1071022,宣傳支出,曾記企業社,99666013,0.00,3000.00,播送、傳送或刊登宣傳廣告支出,金錢,雲林縣斗六市****,,
206,陳亮良,107年縣(市)議員選舉,首次申報,1071023,雜支支出,小不點花坊,76734307,0.00,325.00,餐飲費用,金錢,雲林縣斗六市****,,
207,陳亮良,107年縣(市)議員選舉,首次申報,1071024,雜支支出,山東牛肉麵,,0.00,520.00,餐飲費用,金錢,雲林縣斗六市****,05-5*****,
208,陳亮良,107年縣(市)議員選舉,首次申報,1071024,雜支支出,好日盛有限公司,16706101,0.00,462.00,雜項購置或修繕費用,金錢,雲林縣斗六市****,,
209,陳亮良,107年縣(市)議員選舉,首次申報,1071024,雜支支出,好日盛有限公司,16706101,0.00,386.00,雜項購置或修繕費用,金錢,雲林縣斗六市****,,
210,陳亮良,107年縣(市)議員選舉,首次申報,1071026,宣傳支出,中華郵政,,0.00,28.00,郵寄競選物品或宣傳廣告支出,金錢,雲林縣斗六市****,,
211,陳亮良,107年縣(市)議員選舉,首次申報,1071026,雜支支出,南港車站,42617914,0.00,52.00,餐飲費用,金錢,臺北市南港區****,,
212,陳亮良,107年縣(市)議員選舉,首次申報,1071026,交通旅運支出,五都停車場股份有限公司,47540020,0.00,100.00,停車費,金錢,雲林縣虎尾鎮****,,
213,陳亮良,107年縣(市)議員選舉,首次申報,1071026,宣傳支出,中華電信,63501100,0.00,5647.00,發送電信簡訊支出,金錢,雲林縣斗六市****,,
214,陳亮良,107年縣(市)議員選舉,首次申報,1071026,宣傳支出,和拓環保科技有限公司附設庇護工場,72450969,0.00,30000.00,製作競選物品支出（物品名稱-請填寫）,金錢,雲林縣西螺鎮****,,
215,陳亮良,107年縣(市)議員選舉,首次申報,1071026,雜支支出,全聯福利中心,80544363,0.00,272.00,雜項購置或修繕費用,金錢,雲林縣斗六市****,,
216,陳亮良,107年縣(市)議員選舉,首次申報,1071027,雜支支出,斗六上豪雞肉飯,08818722,0.00,370.00,餐飲費用,金錢,雲林縣斗六市****,,
217,陳亮良,107年縣(市)議員選舉,首次申報,1071030,租用競選辦事處支出,震達辦公家具有限公司,86361925,0.00,1300.00,租買辦公設備支出,金錢,雲林縣斗六市****,,
218,陳亮良,107年縣(市)議員選舉,首次申報,1071031,雜支支出,順發3C量販,28979817,0.00,189.00,雜項購置或修繕費用,金錢,雲林縣斗六市****,,
219,陳亮良,107年縣(市)議員選舉,首次申報,1071031,雜支支出,順發3C量販,28979817,0.00,189.00,雜項購置或修繕費用,金錢,雲林縣斗六市****,,
220,陳亮良,107年縣(市)議員選舉,首次申報,1071031,雜支支出,三味小館,47364706,0.00,10140.00,餐飲費用,金錢,雲林縣斗六市****,,
221,陳亮良,107年縣(市)議員選舉,首次申報,1071031,宣傳支出,曾記企業社,99666013,0.00,3000.00,播送、傳送或刊登宣傳廣告支出,金錢,雲林縣斗六市****,,
222,陳亮良,107年縣(市)議員選舉,首次申報,1071101,宣傳支出,中華郵政,,0.00,1800.00,郵寄競選物品或宣傳廣告支出,金錢,雲林縣斗六市****,,
223,陳亮良,107年縣(市)議員選舉,首次申報,1071102,宣傳支出,熊屋商店,16631448,0.00,130.00,郵寄競選物品或宣傳廣告支出,金錢,雲林縣斗六市****,,
224,陳亮良,107年縣(市)議員選舉,首次申報,1071102,雜支支出,家樂福,24306473,0.00,314.00,文具用品費用,金錢,雲林縣斗六市****,,
225,陳亮良,107年縣(市)議員選舉,首次申報,1071102,宣傳支出,天祥廣告社,25497674,0.00,5000.00,製作宣傳廣告支出,金錢,雲林縣斗六市****,,
226,陳亮良,107年縣(市)議員選舉,首次申報,1071103,雜支支出,向日葵居家生活館,38886774,0.00,160.00,文具用品費用,金錢,雲林縣斗六市****,,
227,陳亮良,107年縣(市)議員選舉,首次申報,1071103,雜支支出,雲院書城行,45790227,0.00,80.00,文具用品費用,金錢,雲林縣斗六市****,,
228,陳亮良,107年縣(市)議員選舉,首次申報,1071105,雜支支出,傅惠君,,0.00,275.00,餐飲費用,金錢,雲林縣斗六市****,,
229,陳亮良,107年縣(市)議員選舉,首次申報,1071105,交通旅運支出,台亞石油,15600349,0.00,1572.00,油資,金錢,雲林縣虎尾鎮****,,
230,陳亮良,107年縣(市)議員選舉,首次申報,1071105,雜支支出,向日葵居家生活館,38886774,0.00,59.00,文具用品費用,金錢,雲林縣斗六市****,,
231,陳亮良,107年縣(市)議員選舉,首次申報,1071106,宣傳支出,中華郵政,,0.00,56.00,郵寄競選物品或宣傳廣告支出,金錢,雲林縣斗六市****,,
232,陳亮良,107年縣(市)議員選舉,首次申報,1071106,雜支支出,統贊純淨水廠有限公司,16225005,0.00,490.00,餐飲費用,金錢,雲林縣斗南鎮****,,
233,陳亮良,107年縣(市)議員選舉,首次申報,1071107,雜支支出,向日葵居家生活館,38886774,0.00,290.00,雜項購置或修繕費用,金錢,雲林縣斗六市****,,
234,陳亮良,107年縣(市)議員選舉,首次申報,1071107,雜支支出,向日葵居家生活館,38886774,0.00,243.00,雜項購置或修繕費用,金錢,雲林縣斗六市****,,
235,陳亮良,107年縣(市)議員選舉,首次申報,1071107,交通旅運支出,台灣聯通停車場開發股份有限公司,39800141,0.00,60.00,停車費,金錢,雲林縣斗六市****,,
236,陳亮良,107年縣(市)議員選舉,首次申報,1071107,宣傳支出,通貫商店,88838995,0.00,1250.00,製作競選物品支出（物品名稱-請填寫）,金錢,雲林縣斗六市****,,
237,陳亮良,107年縣(市)議員選舉,首次申報,1071108,宣傳支出,中華郵政,,0.00,56.00,郵寄競選物品或宣傳廣告支出,金錢,雲林縣斗六市****,,
238,陳亮良,107年縣(市)議員選舉,首次申報,1071108,雜支支出,山東牛肉麵,,0.00,210.00,餐飲費用,金錢,雲林縣斗六市****,,
239,陳亮良,107年縣(市)議員選舉,首次申報,1071108,宣傳支出,中華郵政,,0.00,5400.00,郵寄競選物品或宣傳廣告支出,金錢,雲林縣斗六市****,,
240,陳亮良,107年縣(市)議員選舉,首次申報,1071108,宣傳支出,杏暉醫療器材行,14157452,0.00,1275.00,製作競選物品支出（物品名稱-請填寫）,金錢,雲林縣斗六市****,,
241,陳亮良,107年縣(市)議員選舉,首次申報,1071108,宣傳支出,日昇醫療器材行,21831516,0.00,1000.00,製作競選物品支出（物品名稱-請填寫）,金錢,雲林縣斗六市****,,
242,陳亮良,107年縣(市)議員選舉,首次申報,1071108,宣傳支出,文豪企業社,47388432,0.00,10500.00,製作宣傳廣告支出,金錢,雲林縣斗六市****,,
243,陳亮良,107年縣(市)議員選舉,首次申報,1071108,宣傳支出,文豪企業社,47388432,0.00,10500.00,製作宣傳廣告支出,金錢,雲林縣斗六市****,,
244,陳亮良,107年縣(市)議員選舉,首次申報,1071108,交通旅運支出,筌壹企業股份有限公司,47412290,0.00,10.00,停車費,金錢,雲林縣斗六市****,,
245,陳亮良,107年縣(市)議員選舉,首次申報,1071109,交通旅運支出,福懋加油站,17467938,0.00,598.00,油資,金錢,雲林縣斗六市****,,
246,陳亮良,107年縣(市)議員選舉,首次申報,1071109,宣傳支出,晟大醫療器材行,45341067,0.00,7200.00,製作競選物品支出（物品名稱-請填寫）,金錢,雲林縣斗六市****,,
247,陳亮良,107年縣(市)議員選舉,首次申報,1071109,宣傳支出,文豪企業社,47388432,0.00,10500.00,製作宣傳廣告支出,金錢,雲林縣斗六市****,,
248,陳亮良,107年縣(市)議員選舉,首次申報,1071110,雜支支出,7-ELEVEN,16631448,0.00,45.00,餐飲費用,金錢,雲林縣斗六市****,,
249,陳亮良,107年縣(市)議員選舉,首次申報,1071110,雜支支出,豪億五金企業有限公司,24247117,0.00,23.00,文具用品費用,金錢,雲林縣斗六市****,,
250,陳亮良,107年縣(市)議員選舉,首次申報,1071110,雜支支出,億城金香舖,39708284,0.00,500.00,雜項購置或修繕費用,金錢,雲林縣斗六市****,,
251,陳亮良,107年縣(市)議員選舉,首次申報,1071110,雜支支出,宸鴻五金行,72409815,0.00,160.00,雜項購置或修繕費用,金錢,雲林縣斗六市****,,
252,陳亮良,107年縣(市)議員選舉,首次申報,1071111,宣傳支出,文豪企業社,47388432,0.00,10500.00,製作宣傳廣告支出,金錢,雲林縣斗六市****,,
253,陳亮良,107年縣(市)議員選舉,首次申報,1071112,宣傳支出,中華郵政,,0.00,5400.00,郵寄競選物品或宣傳廣告支出,金錢,雲林縣斗六市****,,
254,陳亮良,107年縣(市)議員選舉,首次申報,1071112,雜支支出,7-ELEVEN,16631448,0.00,179.00,餐飲費用,金錢,雲林縣斗六市****,,
255,陳亮良,107年縣(市)議員選舉,首次申報,1071112,宣傳支出,文豪企業社,47388432,0.00,2500.00,製作宣傳廣告支出,金錢,雲林縣斗六市****,,
256,陳亮良,107年縣(市)議員選舉,首次申報,1071113,宣傳支出,中華郵政,,0.00,2520.00,郵寄競選物品或宣傳廣告支出,金錢,雲林縣斗六市****,,
257,陳亮良,107年縣(市)議員選舉,首次申報,1071113,雜支支出,7-ELEVEN,16631448,0.00,79.00,雜項購置或修繕費用,金錢,雲林縣斗六市****,,
258,陳亮良,107年縣(市)議員選舉,首次申報,1071113,交通旅運支出,台灣中油,64992913,0.00,1590.00,油資,金錢,雲林縣斗六市****,,
259,陳亮良,107年縣(市)議員選舉,首次申報,1071114,宣傳支出,中華郵政,,0.00,28.00,郵寄競選物品或宣傳廣告支出,金錢,雲林縣斗六市****,,
260,陳亮良,107年縣(市)議員選舉,首次申報,1071114,宣傳支出,中華郵政,,0.00,3600.00,郵寄競選物品或宣傳廣告支出,金錢,雲林縣斗六市****,,
261,陳亮良,107年縣(市)議員選舉,首次申報,1071114,雜支支出,豪億斗六企業有限公司,24867951,0.00,79.00,文具用品費用,金錢,雲林縣斗六市****,,
262,陳亮良,107年縣(市)議員選舉,首次申報,1071114,宣傳支出,文豪企業社,47388432,0.00,10500.00,製作宣傳廣告支出,金錢,雲林縣斗六市****,,
263,陳亮良,107年縣(市)議員選舉,首次申報,1071115,宣傳支出,中華郵政,,0.00,1522.00,郵寄競選物品或宣傳廣告支出,金錢,雲林縣斗六市****,,
264,陳亮良,107年縣(市)議員選舉,首次申報,1071115,交通旅運支出,交通部高速公路局,,0.00,225.00,回數票,金錢,新北市五股區****,,
265,陳亮良,107年縣(市)議員選舉,首次申報,1071115,雜支支出,7-ELEVEN,16631448,0.00,10.00,書報雜誌費用,金錢,雲林縣斗六市****,,
266,陳亮良,107年縣(市)議員選舉,首次申報,1071115,宣傳支出,天祥廣告社,25497674,0.00,3000.00,製作宣傳廣告支出,金錢,雲林縣斗六市****,,
267,陳亮良,107年縣(市)議員選舉,首次申報,1071115,雜支支出,OKmart,27925390,0.00,10.00,書報雜誌費用,金錢,雲林縣斗六市****,,
268,陳亮良,107年縣(市)議員選舉,首次申報,1071115,宣傳支出,文豪企業社,47388432,0.00,11000.00,製作宣傳廣告支出,金錢,雲林縣斗六市****,,
269,陳亮良,107年縣(市)議員選舉,首次申報,1071115,雜支支出,OKmart,51624275,0.00,10.00,書報雜誌費用,金錢,雲林縣斗六市****,,
270,陳亮良,107年縣(市)議員選舉,首次申報,1071115,雜支支出,中華電信,63501100,0.00,921.00,電信費用,金錢,雲林縣斗六市****,,
271,陳亮良,107年縣(市)議員選舉,首次申報,1071115,雜支支出,中華電信,63501100,0.00,2610.00,電信費用,金錢,雲林縣斗六市****,,
272,陳亮良,107年縣(市)議員選舉,首次申報,1071115,雜支支出,7-ELEVEN,89392562,0.00,10.00,書報雜誌費用,金錢,雲林縣斗六市****,,
273,陳亮良,107年縣(市)議員選舉,首次申報,1071115,雜支支出,7-ELEVEN,97170183,0.00,20.00,書報雜誌費用,金錢,雲林縣斗六市****,,
274,陳亮良,107年縣(市)議員選舉,首次申報,1071116,宣傳支出,杏暉醫療器材行,14157452,0.00,375.00,製作競選物品支出（物品名稱-請填寫）,金錢,雲林縣斗六市****,,
275,陳亮良,107年縣(市)議員選舉,首次申報,1071116,雜支支出,統贊純淨水廠有限公司,16225005,0.00,700.00,餐飲費用,金錢,雲林縣斗南鎮****,,
276,陳亮良,107年縣(市)議員選舉,首次申報,1071116,宣傳支出,天祥廣告社,25497674,0.00,3600.00,製作宣傳廣告支出,金錢,雲林縣斗六市****,,
277,陳亮良,107年縣(市)議員選舉,首次申報,1071116,宣傳支出,文豪企業社,47388432,0.00,11000.00,製作宣傳廣告支出,金錢,雲林縣斗六市****,,
278,陳亮良,107年縣(市)議員選舉,首次申報,1071116,宣傳支出,文豪企業社,47388432,0.00,11000.00,製作宣傳廣告支出,金錢,雲林縣斗六市****,,
279,陳亮良,107年縣(市)議員選舉,首次申報,1071117,雜支支出,斗六上豪雞肉飯,08818722,0.00,575.00,餐飲費用,金錢,雲林縣斗六市****,,
280,陳亮良,107年縣(市)議員選舉,首次申報,1071117,宣傳支出,晟大醫療器材行,45341067,0.00,10800.00,製作競選物品支出（物品名稱-請填寫）,金錢,雲林縣斗六市****,,
281,陳亮良,107年縣(市)議員選舉,首次申報,1071119,雜支支出,7-ELEVEN,16631448,0.00,32.00,餐飲費用,金錢,雲林縣斗六市****,,
282,陳亮良,107年縣(市)議員選舉,首次申報,1071119,雜支支出,高峯青果行,38795599,0.00,600.00,雜項購置或修繕費用,金錢,雲林縣斗六市****,,
283,陳亮良,107年縣(市)議員選舉,首次申報,1071120,雜支支出,凱麗生活百貨有限公司,24852253,0.00,199.00,文具用品費用,金錢,雲林縣斗六市****,,
284,陳亮良,107年縣(市)議員選舉,首次申報,1071120,宣傳支出,國一行,78930467,0.00,170.00,製作競選物品支出（物品名稱-請填寫）,金錢,雲林縣斗六市****,,
285,陳亮良,107年縣(市)議員選舉,首次申報,1071120,雜支支出,通貫商店,88838995,0.00,90.00,餐飲費用,金錢,雲林縣斗六市****,,
286,陳亮良,107年縣(市)議員選舉,首次申報,1071121,雜支支出,賣麥面麵食館,39704674,0.00,570.00,餐飲費用,金錢,雲林縣斗六市****,,
287,陳亮良,107年縣(市)議員選舉,首次申報,1071121,租用宣傳車輛支出,新勝汽車修護廠,72412467,0.00,8000.00,租用宣傳車輛支出,金錢,雲林縣斗六市****,05-5*****,
288,陳亮良,107年縣(市)議員選舉,首次申報,1071121,雜支支出,東立青菓行,78927857,0.00,185.00,雜項購置或修繕費用,金錢,雲林縣斗六市****,,
289,陳亮良,107年縣(市)議員選舉,首次申報,1071121,雜支支出,國一行,78930467,0.00,120.00,雜項購置或修繕費用,金錢,雲林縣斗六市****,,
290,陳亮良,107年縣(市)議員選舉,首次申報,1071121,雜支支出,通貫商店,88838995,0.00,90.00,餐飲費用,金錢,雲林縣斗六市****,,
291,陳亮良,107年縣(市)議員選舉,首次申報,1071123,宣傳支出,晟大醫療器材行,45341067,0.00,900.00,製作競選物品支出（物品名稱-請填寫）,金錢,雲林縣斗六市****,,
292,陳亮良,107年縣(市)議員選舉,首次申報,1071123,雜支支出,中華電信,63501100,0.00,88.00,電信費用,金錢,雲林縣斗六市****,,
293,陳亮良,107年縣(市)議員選舉,首次申報,1071123,雜支支出,中華電信,63501100,0.00,88.00,電信費用,金錢,雲林縣斗六市****,,
294,陳亮良,107年縣(市)議員選舉,首次申報,1071126,宣傳支出,天祥廣告社,25497674,0.00,5800.00,製作宣傳廣告支出,金錢,雲林縣斗六市****,,
295,陳亮良,107年縣(市)議員選舉,首次申報,1071126,雜支支出,三味小館,47364706,0.00,13945.00,餐飲費用,金錢,雲林縣斗六市****,,
296,陳亮良,107年縣(市)議員選舉,首次申報,1071127,雜支支出,文豪企業社,47388432,0.00,8500.00,雜項購置或修繕費用,金錢,雲林縣斗六市****,,
297,陳亮良,107年縣(市)議員選舉,首次申報,1071127,宣傳支出,中華電信,63501100,0.00,3408.00,發送電信簡訊支出,金錢,雲林縣斗六市****,,
298,陳亮良,107年縣(市)議員選舉,首次申報,1071127,租用競選辦事處支出,中華電信,63501100,0.00,3444.00,租買辦公設備支出,金錢,雲林縣斗六市****,,
299,陳亮良,107年縣(市)議員選舉,首次申報,1071128,宣傳支出,7-ELEVEN,16631448,0.00,130.00,郵寄競選物品或宣傳廣告支出,金錢,雲林縣斗六市****,,
300,陳亮良,107年縣(市)議員選舉,首次申報,1071128,雜支支出,賣麥面麵食館,39704674,0.00,505.00,餐飲費用,金錢,雲林縣斗六市****,,
301,陳亮良,107年縣(市)議員選舉,首次申報,1071128,公共關係費用支出,明玉號,63129601,0.00,200.00,聯誼交際費用,金錢,雲林縣斗六市****,,
302,陳亮良,107年縣(市)議員選舉,首次申報,1071128,雜支支出,來俐青果行,88832107,0.00,500.00,雜項購置或修繕費用,金錢,雲林縣斗六市****,,
303,陳亮良,107年縣(市)議員選舉,首次申報,1071128,雜支支出,斗六南聖宮,97640066,0.00,1000.00,雜項購置或修繕費用,金錢,雲林縣斗六市****,05-5*****,
304,陳亮良,107年縣(市)議員選舉,首次申報,1071129,雜支支出,傅惠君,,0.00,390.00,餐飲費用,金錢,雲林縣斗六市****,,
305,陳亮良,107年縣(市)議員選舉,首次申報,1071130,宣傳支出,中華電信,63501100,0.00,8765.00,發送電信簡訊支出,金錢,雲林縣斗六市****,,
306,陳亮良,107年縣(市)議員選舉,首次申報,1071204,租用競選辦事處支出,靖曄企業社,72412924,0.00,10400.00,租買辦公設備支出,金錢,雲林縣斗六市****,,
307,陳亮良,107年縣(市)議員選舉,首次申報,1071206,交通旅運支出,大驊加油站實業,16736506,0.00,1722.00,油資,金錢,雲林縣虎尾鎮****,,
308,陳亮良,107年縣(市)議員選舉,首次申報,1071207,公共關係費用支出,天祥廣告社,25497674,0.00,6600.00,聯誼交際費用,金錢,雲林縣斗六市****,,
309,陳亮良,107年縣(市)議員選舉,首次申報,1071211,宣傳支出,中華郵政,,0.00,28.00,郵寄競選物品或宣傳廣告支出,金錢,雲林縣斗六市****,,
310,陳亮良,107年縣(市)議員選舉,首次申報,1071211,公共關係費用支出,馨馨精品企業社,09312779,0.00,2700.00,聯誼交際費用,金錢,臺中市大雅區****,,
311,陳亮良,107年縣(市)議員選舉,首次申報,1071214,公共關係費用支出,集寓商行,10424490,0.00,4650.00,聯誼交際費用,金錢,嘉義縣水上鄉****,,
312,陳亮良,107年縣(市)議員選舉,首次申報,1071217,雜支支出,全聯福利中心,54384670,0.00,370.00,雜項購置或修繕費用,金錢,雲林縣斗六市****,,
313,陳亮良,107年縣(市)議員選舉,首次申報,1071217,雜支支出,中華電信,63501100,0.00,1708.00,電信費用,金錢,雲林縣斗六市****,,
314,陳亮良,107年縣(市)議員選舉,首次申報,1071217,雜支支出,中華電信,63501100,0.00,4377.00,電信費用,金錢,雲林縣斗六市****,,
315,陳亮良,107年縣(市)議員選舉,首次申報,1071219,宣傳支出,中華郵政,,0.00,11.00,郵寄競選物品或宣傳廣告支出,金錢,雲林縣斗六市****,,
316,陳亮良,107年縣(市)議員選舉,首次申報,1071222,租用競選辦事處支出,好日盛有限公司,63504417,0.00,2028.00,租買辦公設備支出,金錢,雲林縣斗六市****,,
317,陳亮良,107年縣(市)議員選舉,首次申報,1071224,宣傳支出,中華郵政,,0.00,1638.00,郵寄競選物品或宣傳廣告支出,金錢,雲林縣斗六市****,,
318,陳亮良,107年縣(市)議員選舉,首次申報,1071224,宣傳支出,中華郵政,,0.00,900.00,郵寄競選物品或宣傳廣告支出,金錢,雲林縣斗六市****,,
319,陳亮良,107年縣(市)議員選舉,首次申報,1071224,雜支支出,豪億斗六企業有限公司,24867951,0.00,107.00,雜項購置或修繕費用,金錢,雲林縣斗六市****,,
