﻿序號,擬參選人／政黨,選舉名稱,申報序號／年度,交易日期,收支科目,捐贈者／支出對象,身分證／統一編號,收入金額,支出金額,捐贈方式,存入專戶日期,返還/繳庫,支出用途,金錢類,地址,聯絡電話,應揭露之支出對象,支出對象之內部人員姓名,支出對象之內部人員職稱,政黨之內部人員姓名,政黨之內部人員職稱,關係,更正註記,資料更正日期
1,林珍羽,111年臺北市議員選舉,首次申報,1110516,營利事業捐贈收入,力中國際有限公司,16326171,100000.00,0.00,匯款,1110516,,,金錢,臺北市內湖區****,,,,,,,,,
2,林珍羽,111年臺北市議員選舉,首次申報,1110516,營利事業捐贈收入,奕均工業有限公司,24319195,100000.00,0.00,匯款,1110516,已返還,,金錢,臺北市內湖區****,,,,,,,,,
3,林珍羽,111年臺北市議員選舉,首次申報,1110516,營利事業捐贈收入,明義科技有限公司,24775284,100000.00,0.00,匯款,1110516,已返還,,金錢,臺北市內湖區****,,,,,,,,,
4,林珍羽,111年臺北市議員選舉,首次申報,1110516,個人捐贈收入,林資凱,A12*******,100000.00,0.00,匯款,1110516,,,金錢,新北市林口區****,,,,,,,,,
5,林珍羽,111年臺北市議員選舉,首次申報,1110516,個人捐贈收入,曾婉君,H22*******,100000.00,0.00,匯款,1110516,,,金錢,桃園市桃園區****,,,,,,,,,
6,林珍羽,111年臺北市議員選舉,首次申報,1110517,個人捐贈收入,許禾杰,Q12*******,10000.00,0.00,匯款,1110517,,,金錢,臺北市松山區****,,,,,,,,,
7,林珍羽,111年臺北市議員選舉,首次申報,1110518,匿名捐贈,匿名(蕭新晟),,100.00,0.00,匯款,1110518,,,金錢,,,,,,,,,,
8,林珍羽,111年臺北市議員選舉,首次申報,1110521,個人捐贈收入,林韋銘,A12*******,8888.00,0.00,匯款,1110527,,,金錢,臺北市中山區****,,,,,,,,,
9,林珍羽,111年臺北市議員選舉,首次申報,1110530,個人捐贈收入,梁德廉,J12*******,50000.00,0.00,匯款,1110530,,,金錢,桃園市中壢區****,,,,,,,,,
10,林珍羽,111年臺北市議員選舉,首次申報,1110610,個人捐贈收入,賴啟文,L12*******,1000.00,0.00,匯款,1110617,,,金錢,臺中市霧峰區****,,,,,,,,,
11,林珍羽,111年臺北市議員選舉,首次申報,1110614,個人捐贈收入,姜宇謙,S12*******,1000.00,0.00,匯款,1110617,,,金錢,高雄市前金區****,,,,,,,,,
12,林珍羽,111年臺北市議員選舉,首次申報,1110617,營利事業捐贈收入,躍澐科技股份有限公司,80006548,300000.00,0.00,票據,1110622,,,金錢,桃園市龍潭區****,,,,,,,,,
13,林珍羽,111年臺北市議員選舉,首次申報,1110621,其他收入,利息收入,,5.00,0.00,匯款,1110621,,,金錢,,,,,,,,,,
14,林珍羽,111年臺北市議員選舉,首次申報,1110623,個人捐贈收入,鄭明東,A10*******,100000.00,0.00,現金,1110624,,,金錢,臺北市大同區****,,,,,,,,,
15,林珍羽,111年臺北市議員選舉,首次申報,1110623,個人捐贈收入,許書民,N12*******,100000.00,0.00,現金,1110624,,,金錢,臺北市中山區****,,,,,,,,,
16,林珍羽,111年臺北市議員選舉,首次申報,1110623,個人捐贈收入,蕭長崑,Q10*******,100000.00,0.00,現金,1110624,,,金錢,新北市三重區****,,,,,,,,,
17,林珍羽,111年臺北市議員選舉,首次申報,1110708,個人捐贈收入,林姿均,C22*******,500.00,0.00,匯款,1110708,,,金錢,新北市五股區****,,,,,,,,,
18,林珍羽,111年臺北市議員選舉,首次申報,1110708,個人捐贈收入,王郁升,R12*******,5000.00,0.00,匯款,1110708,,,金錢,臺北市北投區****,,,,,,,,,
19,林珍羽,111年臺北市議員選舉,首次申報,1110729,個人捐贈收入,王志榮,P12*******,100.00,0.00,匯款,1110729,,,金錢,臺北市中山區****,,,,,,,,,
20,林珍羽,111年臺北市議員選舉,首次申報,1110805,個人捐贈收入,徐育良,J12*******,200.00,0.00,匯款,1110805,,,金錢,新北市中和區****,,,,,,,,,
21,林珍羽,111年臺北市議員選舉,首次申報,1110810,個人捐贈收入,洪崧晏,A12*******,100000.00,0.00,現金,1110810,,,金錢,臺北市內湖區****,,,,,,,,,
22,林珍羽,111年臺北市議員選舉,首次申報,1110810,個人捐贈收入,洪柏安,A12*******,100000.00,0.00,現金,1110810,,,金錢,臺北市內湖區****,,,,,,,,,
23,林珍羽,111年臺北市議員選舉,首次申報,1110810,個人捐贈收入,王菁姿,A22*******,100000.00,0.00,現金,1110810,,,金錢,臺北市內湖區****,,,,,,,,,
24,林珍羽,111年臺北市議員選舉,首次申報,1110810,個人捐贈收入,張念涵,A22*******,100000.00,0.00,現金,1110810,,,金錢,臺北市內湖區****,,,,,,,,,
25,林珍羽,111年臺北市議員選舉,首次申報,1110810,個人捐贈收入,吳明珠,J22*******,100000.00,0.00,現金,1110810,,,金錢,臺北市內湖區****,,,,,,,,,
26,林珍羽,111年臺北市議員選舉,首次申報,1110812,營利事業捐贈收入,京承能源股份有限公司,42617111,100000.00,0.00,匯款,1110812,,,金錢,臺北市內湖區****,,,,,,,,,
27,林珍羽,111年臺北市議員選舉,首次申報,1110812,個人捐贈收入,許修銘,A12*******,500.00,0.00,匯款,1110812,,,金錢,臺北市北投區****,,,,,,,,,
28,林珍羽,111年臺北市議員選舉,首次申報,1110812,個人捐贈收入,黃維明,A12*******,15000.00,0.00,匯款,1110812,,,金錢,臺北市中山區****,,,,,,,,,
29,林珍羽,111年臺北市議員選舉,首次申報,1110812,個人捐贈收入,吳思潔,F22*******,1000.00,0.00,匯款,1110812,,,金錢,臺北市中山區****,,,,,,,,,
30,林珍羽,111年臺北市議員選舉,首次申報,1110815,營利事業捐贈收入,林建成嘉記股份有限公司,11368215,500000.00,0.00,匯款,1110815,,,金錢,臺北市松山區****,,,,,,,,,
31,林珍羽,111年臺北市議員選舉,首次申報,1110815,營利事業捐贈收入,台建投資股份有限公司,11905101,500000.00,0.00,匯款,1110815,,,金錢,臺北市松山區****,,,,,,,,,
32,林珍羽,111年臺北市議員選舉,首次申報,1110815,營利事業捐贈收入,長耀建設股份有限公司,27351703,500000.00,0.00,匯款,1110815,,,金錢,新北市林口區****,,,,,,,,,
33,林珍羽,111年臺北市議員選舉,首次申報,1110815,營利事業捐贈收入,炬曄營造股份有限公司,86609948,500000.00,0.00,匯款,1110815,,,金錢,臺北市中山區****,,,,,,,,,
34,林珍羽,111年臺北市議員選舉,首次申報,1110815,個人捐贈收入,林宗翰,A12*******,100000.00,0.00,匯款,1110815,,,金錢,臺北市北投區****,,,,,,,,,
35,林珍羽,111年臺北市議員選舉,首次申報,1110815,個人捐贈收入,葉鳳英,C22*******,100000.00,0.00,匯款,1110815,,,金錢,新北市淡水區****,,,,,,,,,
36,林珍羽,111年臺北市議員選舉,首次申報,1110815,個人捐贈收入,林宗頤,F12*******,100000.00,0.00,匯款,1110815,,,金錢,新北市淡水區****,,,,,,,,,
37,林珍羽,111年臺北市議員選舉,首次申報,1110815,個人捐贈收入,林瑞岳,P12*******,100000.00,0.00,匯款,1110815,,,金錢,臺北市北投區****,,,,,,,,,
38,林珍羽,111年臺北市議員選舉,首次申報,1110815,個人捐贈收入,邱慶文,Y12*******,100000.00,0.00,匯款,1110815,,,金錢,臺北市士林區****,,,,,,,,,
39,林珍羽,111年臺北市議員選舉,首次申報,1110816,營利事業捐贈收入,富貿通運有限公司,16169279,130000.00,0.00,匯款,1110816,,,金錢,臺中市梧棲區****,,,,,,,,,
40,林珍羽,111年臺北市議員選舉,首次申報,1110816,營利事業捐贈收入,集貿通運有限公司,16202299,220000.00,0.00,匯款,1110816,,,金錢,臺中市梧棲區****,,,,,,,,,
41,林珍羽,111年臺北市議員選舉,首次申報,1110816,營利事業捐贈收入,福大通運有限公司,23503996,150000.00,0.00,匯款,1110816,,,金錢,臺中市梧棲區****,,,,,,,,,
42,林珍羽,111年臺北市議員選舉,首次申報,1110818,匿名捐贈,匿名,,50.00,0.00,匯款,1110818,,,金錢,,,,,,,,,,
43,林珍羽,111年臺北市議員選舉,首次申報,1110818,個人捐贈收入,鄭源弘,A12*******,1688.00,0.00,匯款,1110818,,,金錢,臺北市松山區****,,,,,,,,,
44,林珍羽,111年臺北市議員選舉,首次申報,1110818,個人捐贈收入,謝昕芳,A22*******,10000.00,0.00,匯款,1110818,,,金錢,新北市蘆洲區****,,,,,,,,,
45,林珍羽,111年臺北市議員選舉,首次申報,1110818,個人捐贈收入,孫偉倫,C12*******,2000.00,0.00,匯款,1110818,,,金錢,新北市中和區****,,,,,,,,,
46,林珍羽,111年臺北市議員選舉,首次申報,1110819,個人捐贈收入,程科維,A12*******,500.00,0.00,匯款,1110819,,,金錢,臺北市北投區****,,,,,,,,,
47,林珍羽,111年臺北市議員選舉,首次申報,1110819,個人捐贈收入,莊伯昭,V12*******,1000.00,0.00,匯款,1110819,,,金錢,臺東縣臺東市****,,,,,,,,,
48,林珍羽,111年臺北市議員選舉,首次申報,1110823,營利事業捐贈收入,品粹國際股份有限公司,24970147,100000.00,0.00,匯款,1110823,已返還,,金錢,臺北市中山區****,,,,,,,,,
49,林珍羽,111年臺北市議員選舉,首次申報,1110825,個人捐贈收入,莊金盤,N10*******,80000.00,0.00,匯款,1110825,,,金錢,新北市板橋區****,,,,,,,,,
50,林珍羽,111年臺北市議員選舉,首次申報,1110826,個人捐贈收入,李易龍,F12*******,1111.00,0.00,匯款,1110826,,,金錢,新北市三重區****,,,,,,,,,
51,林珍羽,111年臺北市議員選舉,首次申報,1110826,個人捐贈收入,張凱鈞,Q12*******,2000.00,0.00,匯款,1110826,,,金錢,臺北市中山區****,,,,,,,,,
52,林珍羽,111年臺北市議員選舉,首次申報,1110901,營利事業捐贈收入,甲天下股份有限公司,11653034,200000.00,0.00,匯款,1110901,,,金錢,臺北市大同區****,,,,,,,,,
53,林珍羽,111年臺北市議員選舉,首次申報,1110901,個人捐贈收入,張占魁,A10*******,20000.00,0.00,匯款,1110901,,,金錢,臺北市中山區****,,,,,,,,,
54,林珍羽,111年臺北市議員選舉,首次申報,1110902,個人捐贈收入,鄭耀星,A10*******,50000.00,0.00,匯款,1110902,,,金錢,臺北市大同區****,,,,,,,,,
55,林珍羽,111年臺北市議員選舉,首次申報,1110902,個人捐贈收入,李岱殷,A12*******,5000.00,0.00,匯款,1110902,,,金錢,臺北市士林區****,,,,,,,,,
56,林珍羽,111年臺北市議員選舉,首次申報,1110905,匿名捐贈,匿名,,500.00,0.00,匯款,1110905,,,金錢,,,,,,,,,,
57,林珍羽,111年臺北市議員選舉,首次申報,1110906,營利事業捐贈收入,禾久貿易股份有限公司,22041618,100000.00,0.00,匯款,1110906,,,金錢,臺北市內湖區****,,,,,,,,,
58,林珍羽,111年臺北市議員選舉,首次申報,1110906,個人捐贈收入,辛紹祺,E12*******,30000.00,0.00,匯款,1110906,,,金錢,新北市新莊區****,,,,,,,,,
59,林珍羽,111年臺北市議員選舉,首次申報,1110907,個人捐贈收入,徐裕健,A10*******,100000.00,0.00,匯款,1110907,,,金錢,宜蘭縣礁溪鄉****,,,,,,,,,
60,林珍羽,111年臺北市議員選舉,首次申報,1110907,個人捐贈收入,王慶忠,A11*******,50000.00,0.00,匯款,1110907,,,金錢,臺北市大同區****,,,,,,,,,
61,林珍羽,111年臺北市議員選舉,首次申報,1110908,營利事業捐贈收入,華峰交通器材科技有限公司,04480728,200000.00,0.00,票據,1110908,,,金錢,臺北市大同區****,,,,,,,,,
62,林珍羽,111年臺北市議員選舉,首次申報,1110908,個人捐贈收入,左嘉偉,B12*******,500.00,0.00,匯款,1110908,,,金錢,臺中市西區博****,,,,,,,,,
63,林珍羽,111年臺北市議員選舉,首次申報,1110908,個人捐贈收入,呂孟勳,F12*******,1000.00,0.00,匯款,1110908,,,金錢,金門縣金城鎮****,,,,,,,,,
64,林珍羽,111年臺北市議員選舉,首次申報,1110908,個人捐贈收入,陳俊男,F12*******,3000.00,0.00,匯款,1110908,,,金錢,新北市鶯歌區****,,,,,,,,,
65,林珍羽,111年臺北市議員選舉,首次申報,1110914,個人捐贈收入,鄭資富,A10*******,100000.00,0.00,匯款,1110914,,,金錢,臺北市大同區****,,,,,,,,,
66,林珍羽,111年臺北市議員選舉,首次申報,1110914,個人捐贈收入,鄭廸克,A17*******,100000.00,0.00,匯款,1110914,,,金錢,臺北市大同區****,,,,,,,,,
67,林珍羽,111年臺北市議員選舉,首次申報,1110914,個人捐贈收入,鄭雪美,A20*******,100000.00,0.00,匯款,1110914,,,金錢,臺北市大同區****,,,,,,,,,
68,林珍羽,111年臺北市議員選舉,首次申報,1110914,個人捐贈收入,黃育民,F10*******,20000.00,0.00,匯款,1110914,,,金錢,新北市永和區****,,,,,,,,,
69,林珍羽,111年臺北市議員選舉,首次申報,1110914,個人捐贈收入,林義祥,N12*******,10000.00,0.00,匯款,1110914,,,金錢,臺北市中山區****,,,,,,,,,
70,林珍羽,111年臺北市議員選舉,首次申報,1110914,個人捐贈收入,邱宏修,Q10*******,100000.00,0.00,匯款,1110914,,,金錢,臺北市大同區****,,,,,,,,,
71,林珍羽,111年臺北市議員選舉,首次申報,1110920,個人捐贈收入,王禮國,,3000.00,0.00,匯款,1110920,,,金錢,,2823*****,,,,,,,,
72,林珍羽,111年臺北市議員選舉,首次申報,1110920,個人捐贈收入,劉燦輝,A12*******,30000.00,0.00,現金,1110920,,,金錢,臺北市大同區****,,,,,,,,,
73,林珍羽,111年臺北市議員選舉,首次申報,1110920,個人捐贈收入,黃揚明,H12*******,2000.00,0.00,匯款,1110920,,,金錢,桃園市八德區****,,,,,,,,,
74,林珍羽,111年臺北市議員選舉,首次申報,1110922,營利事業捐贈收入,美周貿易股份有限公司,12877960,200000.00,0.00,匯款,1110922,,,金錢,臺北市士林區****,,,,,,,,,
75,林珍羽,111年臺北市議員選舉,首次申報,1110923,營利事業捐贈收入,禾久貿易股份有限公司,22041618,100000.00,0.00,匯款,1110923,,,金錢,臺北市內湖區****,,,,,,,,,
76,林珍羽,111年臺北市議員選舉,首次申報,1110923,營利事業捐贈收入,禾久貿易股份有限公司,22041618,100000.00,0.00,匯款,1110923,,,金錢,臺北市內湖區****,,,,,,,,,
77,林珍羽,111年臺北市議員選舉,首次申報,1110923,營利事業捐贈收入,發明家科技開發股份有限公司,22859168,50000.00,0.00,票據,1110923,,,金錢,臺北市大同區****,,,,,,,,,
78,林珍羽,111年臺北市議員選舉,首次申報,1110923,個人捐贈收入,陳奕均,A22*******,666.00,0.00,匯款,1110923,,,金錢,臺北市中山區****,,,,,,,,,
79,林珍羽,111年臺北市議員選舉,首次申報,1110927,營利事業捐贈收入,汎達螺絲有限公司,28181827,10000.00,0.00,現金,1110927,已返還,,金錢,桃園市八德區****,,,,,,,,,
80,林珍羽,111年臺北市議員選舉,首次申報,1110927,個人捐贈收入,黃凱琳,A22*******,5000.00,0.00,匯款,1110927,,,金錢,臺北市中山區****,,,,,,,,,
81,林珍羽,111年臺北市議員選舉,首次申報,1110927,個人捐贈收入,葉家宏,F13*******,100000.00,0.00,現金,1110927,,,金錢,新北市五股區****,,,,,,,,,
82,林珍羽,111年臺北市議員選舉,首次申報,1110927,個人捐贈收入,洪團樟,Q10*******,10000.00,0.00,現金,1110927,,,金錢,臺北市中山區****,,,,,,,,,
83,林珍羽,111年臺北市議員選舉,首次申報,1110928,營利事業捐贈收入,家登精密工業股份有限公司,16406379,300000.00,0.00,票據,1110928,,,金錢,新北市土城區****,,,,,,,,,
84,林珍羽,111年臺北市議員選舉,首次申報,1110928,營利事業捐贈收入,富業實業股份有限公司,16865970,100000.00,0.00,票據,1110928,,,金錢,新北市三重區****,,,,,,,,,
85,林珍羽,111年臺北市議員選舉,首次申報,1110928,營利事業捐贈收入,康來好企業股份有限公司,23822921,300000.00,0.00,票據,1110928,,,金錢,臺北市中山區****,,,,,,,,,
86,林珍羽,111年臺北市議員選舉,首次申報,1110928,個人捐贈收入,周情意,A22*******,10000.00,0.00,現金,1110928,,,金錢,臺北市文山區****,,,,,,,,,
87,林珍羽,111年臺北市議員選舉,首次申報,1110928,個人捐贈收入,黃勇義,P12*******,20000.00,0.00,匯款,1110928,,,金錢,新北市新莊區****,,,,,,,,,
88,林珍羽,111年臺北市議員選舉,首次申報,1110929,營利事業捐贈收入,喜得榮販促有限公司,50951341,10000.00,0.00,匯款,1110929,,,金錢,高雄市前金區****,,,,,,,,,
89,林珍羽,111年臺北市議員選舉,首次申報,1110929,個人捐贈收入,徐邦祺,F12*******,10000.00,0.00,匯款,1110929,,,金錢,新北市三重區****,,,,,,,,,
90,林珍羽,111年臺北市議員選舉,首次申報,1110929,個人捐贈收入,李一誠,T12*******,10000.00,0.00,匯款,1110929,,,金錢,新北市五股區****,,,,,,,,,
91,林珍羽,111年臺北市議員選舉,首次申報,1110930,營利事業捐贈收入,永裕鋼鐵工程股份有限公司,35004734,300000.00,0.00,票據,1111003,,,金錢,臺北市中山區****,,,,,,,,,
92,林珍羽,111年臺北市議員選舉,首次申報,1110930,個人捐贈收入,周業德,A10*******,12000.00,0.00,匯款,1110930,,,金錢,臺北市中山區****,,,,,,,,,
93,林珍羽,111年臺北市議員選舉,首次申報,1110930,個人捐贈收入,鄭守郡,A12*******,10000.00,0.00,匯款,1110930,,,金錢,基隆市仁愛區****,,,,,,,,,
94,林珍羽,111年臺北市議員選舉,首次申報,1110930,個人捐贈收入,吳安庭,A22*******,50000.00,0.00,現金,1110930,,,金錢,新北市永和區****,,,,,,,,,
95,林珍羽,111年臺北市議員選舉,首次申報,1110930,個人捐贈收入,顏立志,A22*******,10000.00,0.00,匯款,1110930,,,金錢,臺北市中山區****,,,,,,,,,
96,林珍羽,111年臺北市議員選舉,首次申報,1110930,個人捐贈收入,陳明州,N12*******,10000.00,0.00,現金,1110930,,,金錢,臺北市中正區****,,,,,,,,,
97,林珍羽,111年臺北市議員選舉,首次申報,1111003,營利事業捐贈收入,天王節目製作工作室,18073222,15000.00,0.00,現金,1111003,,,金錢,新北市三重區****,,,,,,,,,
98,林珍羽,111年臺北市議員選舉,首次申報,1111003,營利事業捐贈收入,誼昌空調工程有限公司,23419082,50000.00,0.00,現金,1111003,已返還,,金錢,新北市三重區****,,,,,,,,,
99,林珍羽,111年臺北市議員選舉,首次申報,1111004,營利事業捐贈收入,興洋建設股份有限公司,84927644,200000.00,0.00,匯款,1111004,,,金錢,臺北市內湖區****,,,,,,,,,
100,林珍羽,111年臺北市議員選舉,首次申報,1111004,個人捐贈收入,蔡聰源,T12*******,50000.00,0.00,匯款,1111004,,,金錢,臺北市北投區****,,,,,,,,,
101,林珍羽,111年臺北市議員選舉,首次申報,1111005,人民團體捐贈收入,社團法人台北市牙醫師公會,,20000.00,0.00,匯款,1111005,,,金錢,臺北市中正區****,,,,,,,,,
102,林珍羽,111年臺北市議員選舉,首次申報,1111006,個人捐贈收入,陳峙仰,A12*******,60000.00,0.00,匯款,1111006,,,金錢,臺北市中山區****,,,,,,,,,
103,林珍羽,111年臺北市議員選舉,首次申報,1111007,個人捐贈收入,賴東聯,,100.00,0.00,現金,1111007,,,金錢,新北市三重區****,,,,,,,,,
104,林珍羽,111年臺北市議員選舉,首次申報,1111007,營利事業捐贈收入,慈恩園寶塔諴業股份有限公司,22874724,150000.00,0.00,匯款,1111007,,,金錢,臺北市信義區****,,,,,,,,,
105,林珍羽,111年臺北市議員選舉,首次申報,1111007,營利事業捐贈收入,可尼卡實業股份有限公司,23014863,100000.00,0.00,票據,1111011,,,金錢,臺北市大同區****,,,,,,,,,
106,林珍羽,111年臺北市議員選舉,首次申報,1111007,個人捐贈收入,許玲娟,A21*******,66000.00,0.00,票據,1111011,,,金錢,臺北市內湖區****,,,,,,,,,
107,林珍羽,111年臺北市議員選舉,首次申報,1111007,個人捐贈收入,蘇云淳,A22*******,50000.00,0.00,匯款,1111007,,,金錢,臺北市士林區****,,,,,,,,,
108,林珍羽,111年臺北市議員選舉,首次申報,1111007,個人捐贈收入,楊大緯,F12*******,3000.00,0.00,匯款,1111007,,,金錢,桃園市蘆竹區****,,,,,,,,,
109,林珍羽,111年臺北市議員選舉,首次申報,1111007,個人捐贈收入,丁新華,J20*******,100000.00,0.00,匯款,1111007,,,金錢,臺北市士林區****,,,,,,,,,
110,林珍羽,111年臺北市議員選舉,首次申報,1111007,個人捐贈收入,王永濬,Y12*******,100000.00,0.00,匯款,1111007,,,金錢,臺北市士林區****,,,,,,,,,
111,林珍羽,111年臺北市議員選舉,首次申報,1111011,個人捐贈收入,周廣豪,E12*******,1600.00,0.00,匯款,1111011,,,金錢,新北市中和區****,,,,,,,,,
112,林珍羽,111年臺北市議員選舉,首次申報,1111011,個人捐贈收入,謝碧霞,Y22*******,500.00,0.00,匯款,1111011,,,金錢,新北市新店區****,,,,,,,,,
113,林珍羽,111年臺北市議員選舉,首次申報,1111012,人民團體捐贈收入,臺北市五金業職業工會,,20000.00,0.00,現金,1111014,,,金錢,臺北市大同區****,,,,,,,,,
114,林珍羽,111年臺北市議員選舉,首次申報,1111012,營利事業捐贈收入,大華氣體行有限公司,07032604,6000.00,0.00,現金,1111014,已返還,,金錢,臺北市中山區****,,,,,,,,,
115,林珍羽,111年臺北市議員選舉,首次申報,1111012,營利事業捐贈收入,蓮華往生事業股份有限公司,16589547,20000.00,0.00,現金,1111014,,,金錢,臺北市中山區****,,,,,,,,,
116,林珍羽,111年臺北市議員選舉,首次申報,1111012,營利事業捐贈收入,魚心餐廳有限公司,24324606,20000.00,0.00,現金,1111014,,,金錢,臺北市中山區****,,,,,,,,,
117,林珍羽,111年臺北市議員選舉,首次申報,1111012,營利事業捐贈收入,星霖印刷有限公司,28453952,3000.00,0.00,現金,1111014,,,金錢,臺北市士林區****,,,,,,,,,
118,林珍羽,111年臺北市議員選舉,首次申報,1111012,營利事業捐贈收入,蕃薯藤國際有限公司,80513523,10000.00,0.00,現金,1111014,已返還,,金錢,臺北市大安區****,,,,,,,,,
119,林珍羽,111年臺北市議員選舉,首次申報,1111012,營利事業捐贈收入,成藝有限公司,83364701,3000.00,0.00,現金,1111014,,,金錢,臺北市士林區****,,,,,,,,,
120,林珍羽,111年臺北市議員選舉,首次申報,1111012,營利事業捐贈收入,正時實業股份有限公司,86161969,20000.00,0.00,現金,1111014,已返還,,金錢,臺北市大同區****,,,,,,,,,
121,林珍羽,111年臺北市議員選舉,首次申報,1111012,個人捐贈收入,洪佑霖,A12*******,100000.00,0.00,現金,1111014,,,金錢,臺北市大安區****,,,,,,,,,
122,林珍羽,111年臺北市議員選舉,首次申報,1111012,個人捐贈收入,柯文生,A12*******,100000.00,0.00,現金,1111014,,,金錢,臺北市中山區****,,,,,,,,,
123,林珍羽,111年臺北市議員選舉,首次申報,1111012,個人捐贈收入,陳志鑫,A12*******,10000.00,0.00,現金,1111014,,,金錢,臺北市中山區****,,,,,,,,,
124,林珍羽,111年臺北市議員選舉,首次申報,1111012,個人捐贈收入,楊胤山,A12*******,6600.00,0.00,現金,1111014,,,金錢,臺北市中山區****,,,,,,,,,
125,林珍羽,111年臺北市議員選舉,首次申報,1111012,個人捐贈收入,徐爾,A12*******,20000.00,0.00,現金,1111014,,,金錢,臺北市大安區****,,,,,,,,,
126,林珍羽,111年臺北市議員選舉,首次申報,1111012,個人捐贈收入,翁偉恩,A12*******,100000.00,0.00,現金,1111014,,,金錢,臺北市中山區****,,,,,,,,,
127,林珍羽,111年臺北市議員選舉,首次申報,1111012,個人捐贈收入,賴宏錦,A12*******,2000.00,0.00,現金,1111014,,,金錢,臺北市中山區****,,,,,,,,,
128,林珍羽,111年臺北市議員選舉,首次申報,1111012,個人捐贈收入,許淑惠,A22*******,30000.00,0.00,現金,1111014,,,金錢,臺北市中山區****,,,,,,,,,
129,林珍羽,111年臺北市議員選舉,首次申報,1111012,個人捐贈收入,孫怡萍,A22*******,10000.00,0.00,現金,1111014,,,金錢,臺北市中山區****,,,,,,,,,
130,林珍羽,111年臺北市議員選舉,首次申報,1111012,個人捐贈收入,李武龍,F10*******,10000.00,0.00,現金,1111014,,,金錢,臺北市信義區****,,,,,,,,,
131,林珍羽,111年臺北市議員選舉,首次申報,1111012,個人捐贈收入,劉孫武,F10*******,12000.00,0.00,現金,1111014,,,金錢,新北市三重區****,,,,,,,,,
132,林珍羽,111年臺北市議員選舉,首次申報,1111012,個人捐贈收入,柯佩昇,F12*******,50000.00,0.00,現金,1111014,,,金錢,臺北市士林區****,,,,,,,,,
133,林珍羽,111年臺北市議員選舉,首次申報,1111012,個人捐贈收入,賴怡如,F22*******,10000.00,0.00,現金,1111014,,,金錢,臺北市大安區****,,,,,,,,,
134,林珍羽,111年臺北市議員選舉,首次申報,1111012,個人捐贈收入,李訓昌,G10*******,60000.00,0.00,現金,1111014,,,金錢,臺北市中山區****,,,,,,,,,
135,林珍羽,111年臺北市議員選舉,首次申報,1111012,個人捐贈收入,李秉澤,H12*******,20000.00,0.00,現金,1111014,,,金錢,臺北市中山區****,,,,,,,,,
136,林珍羽,111年臺北市議員選舉,首次申報,1111012,個人捐贈收入,李正言,H12*******,15000.00,0.00,現金,1111014,,,金錢,新北市汐止區****,,,,,,,,,
137,林珍羽,111年臺北市議員選舉,首次申報,1111012,個人捐贈收入,黃輝星,N10*******,3600.00,0.00,現金,1111014,,,金錢,臺北市中山區****,,,,,,,,,
138,林珍羽,111年臺北市議員選舉,首次申報,1111012,個人捐贈收入,林宏源,P12*******,5000.00,0.00,現金,1111014,,,金錢,臺北市中山區****,,,,,,,,,
139,林珍羽,111年臺北市議員選舉,首次申報,1111012,個人捐贈收入,翁肇嘉,Q12*******,100000.00,0.00,現金,1111014,,,金錢,新北市淡水區****,,,,,,,,,
140,林珍羽,111年臺北市議員選舉,首次申報,1111012,個人捐贈收入,劉銀明,T12*******,3600.00,0.00,現金,1111014,,,金錢,新北市三重區****,,,,,,,,,
141,林珍羽,111年臺北市議員選舉,首次申報,1111012,個人捐贈收入,陳茂慶,Y10*******,100000.00,0.00,現金,1111014,,,金錢,臺北市士林區****,,,,,,,,,
142,林珍羽,111年臺北市議員選舉,首次申報,1111014,個人捐贈收入,呂冠芸,P22*******,20000.00,0.00,匯款,1111014,,,金錢,臺北市大安區****,,,,,,,,,
143,林珍羽,111年臺北市議員選舉,首次申報,1111017,個人捐贈收入,林君達,F12*******,1000.00,0.00,現金,1111018,,,金錢,臺北市信義區****,,,,,,,,,
144,林珍羽,111年臺北市議員選舉,首次申報,1111018,個人捐贈收入,譚雙議,Q12*******,8000.00,0.00,匯款,1111018,,,金錢,臺北市中山區****,,,,,,,,,
145,林珍羽,111年臺北市議員選舉,首次申報,1111019,個人捐贈收入,詹介文,A12*******,5000.00,0.00,匯款,1111019,,,金錢,臺北市中山區****,,,,,,,,,
146,林珍羽,111年臺北市議員選舉,首次申報,1111021,個人捐贈收入,盧建宏,N12*******,60000.00,0.00,匯款,1111021,,,金錢,新北市五股區****,,,,,,,,,
147,林珍羽,111年臺北市議員選舉,首次申報,1111025,個人捐贈收入,丁文祥,T12*******,50000.00,0.00,票據,1111102,,,金錢,臺北市大安區****,,,,,,,,,
148,林珍羽,111年臺北市議員選舉,首次申報,1111026,匿名捐贈,匿名(傅宇威),,3.00,0.00,匯款,1111026,,,金錢,,,,,,,,,,
149,林珍羽,111年臺北市議員選舉,首次申報,1111026,營利事業捐贈收入,全益環保企業有限公司,28699941,30000.00,0.00,現金,1111101,,,金錢,臺北市中山區****,,,,,,,,,
150,林珍羽,111年臺北市議員選舉,首次申報,1111026,個人捐贈收入,王劭仁,B12*******,100000.00,0.00,匯款,1111026,,,金錢,臺北市中山區****,,,,,,,,,
151,林珍羽,111年臺北市議員選舉,首次申報,1111028,營利事業捐贈收入,同昌投資股份有限公司,97300545,100000.00,0.00,票據,1111102,,,金錢,臺北市大安區****,,,,,,,,,
152,林珍羽,111年臺北市議員選舉,首次申報,1111101,營利事業捐贈收入,東成發開發股份有限公司,80179750,100000.00,0.00,匯款,1111101,,,金錢,臺北市中山區****,,,,,,,,,
153,林珍羽,111年臺北市議員選舉,首次申報,1111101,個人捐贈收入,張耀唐,F12*******,520.00,0.00,匯款,1111101,,,金錢,新北市永和區****,,,,,,,,,
154,林珍羽,111年臺北市議員選舉,首次申報,1111102,個人捐贈收入,陳仁田,N10*******,6000.00,0.00,現金,1111102,,,金錢,臺北市中山區****,,,,,,,,,
155,林珍羽,111年臺北市議員選舉,首次申報,1111103,個人捐贈收入,黃文俊,A12*******,30000.00,0.00,現金,1111104,,,金錢,臺北市大同區****,,,,,,,,,
156,林珍羽,111年臺北市議員選舉,首次申報,1111104,匿名捐贈,匿名,,3000.00,0.00,匯款,1111104,,,金錢,,,,,,,,,,
157,林珍羽,111年臺北市議員選舉,首次申報,1111104,個人捐贈收入,林適中,A12*******,100000.00,0.00,匯款,1111104,,,金錢,臺北市中山區****,,,,,,,,,
158,林珍羽,111年臺北市議員選舉,首次申報,1111104,個人捐贈收入,黃明誠,A12*******,200.00,0.00,匯款,1111104,,,金錢,臺北市中山區****,,,,,,,,,
159,林珍羽,111年臺北市議員選舉,首次申報,1111108,個人捐贈收入,楊大再,R10*******,10000.00,0.00,現金,1111109,,,金錢,臺北市萬華區****,,,,,,,,,
160,林珍羽,111年臺北市議員選舉,首次申報,1111109,營利事業捐贈收入,長見營造有限公司,81234160,20000.00,0.00,匯款,1111109,,,金錢,臺北市大安區****,,,,,,,,,
161,林珍羽,111年臺北市議員選舉,首次申報,1111109,個人捐贈收入,胡明德,F12*******,10000.00,0.00,現金,1111111,,,金錢,臺北市中山區****,,,,,,,,,
162,林珍羽,111年臺北市議員選舉,首次申報,1111110,匿名捐贈,匿名,,3000.00,0.00,現金,1111110,,,金錢,,,,,,,,,,
163,林珍羽,111年臺北市議員選舉,首次申報,1111111,營利事業捐贈收入,世新大飯店股份有限公司,22221978,100000.00,0.00,票據,1111115,,,金錢,新北市三重區****,,,,,,,,,
164,林珍羽,111年臺北市議員選舉,首次申報,1111111,營利事業捐贈收入,漢斯行銷有限公司,42855020,5000.00,0.00,匯款,1111111,,,金錢,臺北市萬華區****,,,,,,,,,
165,林珍羽,111年臺北市議員選舉,首次申報,1111111,個人捐贈收入,郭松林,T10*******,50000.00,0.00,匯款,1111111,,,金錢,臺北市內湖區****,,,,,,,,,
166,林珍羽,111年臺北市議員選舉,首次申報,1111114,個人捐贈收入,廖蕾嘉,A22*******,20000.00,0.00,匯款,1111114,,,金錢,臺北市南港區****,,,,,,,,,
167,林珍羽,111年臺北市議員選舉,首次申報,1111115,營利事業捐贈收入,勝優國際有限公司,90659770,20000.00,0.00,匯款,1111115,,,金錢,新北市新店區****,,,,,,,,,
168,林珍羽,111年臺北市議員選舉,首次申報,1111115,個人捐贈收入,許哲銓,H12*******,1000.00,0.00,匯款,1111115,,,金錢,臺中市西屯區****,,,,,,,,,
169,林珍羽,111年臺北市議員選舉,首次申報,1111116,個人捐贈收入,陳壽惠,A20*******,6000.00,0.00,現金,1111116,,,金錢,臺北市中山區****,,,,,,,,,
170,林珍羽,111年臺北市議員選舉,首次申報,1111116,個人捐贈收入,陳宏春,T12*******,25000.00,0.00,現金,1111116,,,金錢,臺北市中山區****,,,,,,,,,
171,林珍羽,111年臺北市議員選舉,首次申報,1111117,營利事業捐贈收入,榮蓉餐廳有限公司,25124730,100000.00,0.00,現金,1111117,,,金錢,臺北市大安區****,,,,,,,,,
172,林珍羽,111年臺北市議員選舉,首次申報,1111117,個人捐贈收入,許明瑛,A10*******,3000.00,0.00,匯款,1111117,,,金錢,臺北市萬華區****,,,,,,,,,
173,林珍羽,111年臺北市議員選舉,首次申報,1111118,匿名捐贈,匿名,,1000.00,0.00,匯款,1111118,,,金錢,,,,,,,,,,
174,林珍羽,111年臺北市議員選舉,首次申報,1111118,個人捐贈收入,郭睿弘,E12*******,1000.00,0.00,匯款,1111118,,,金錢,臺北市萬華區****,,,,,,,,,
175,林珍羽,111年臺北市議員選舉,首次申報,1111118,個人捐贈收入,陳亭之,Q22*******,1000.00,0.00,匯款,1111118,,,金錢,新北市新店區****,,,,,,,,,
176,林珍羽,111年臺北市議員選舉,首次申報,1111121,匿名捐贈,匿名,,2000.00,0.00,匯款,1111121,,,金錢,,,,,,,,,,
177,林珍羽,111年臺北市議員選舉,首次申報,1111121,個人捐贈收入,劉富山,P10*******,5000.00,0.00,匯款,1111121,,,金錢,臺北市文山區****,,,,,,,,,
178,林珍羽,111年臺北市議員選舉,首次申報,1111122,營利事業捐贈收入,澄翰實業有限公司,24721534,20000.00,0.00,現金,1111122,,,金錢,新北市新店區****,,,,,,,,,
179,林珍羽,111年臺北市議員選舉,首次申報,1111122,營利事業捐贈收入,昆達國際有限公司,82954378,50000.00,0.00,現金,1111122,,,金錢,臺北市中山區****,,,,,,,,,
180,林珍羽,111年臺北市議員選舉,首次申報,1111122,個人捐贈收入,陳彥凱,F12*******,6000.00,0.00,匯款,1111122,,,金錢,臺北市大同區****,,,,,,,,,
181,林珍羽,111年臺北市議員選舉,首次申報,1111123,匿名捐贈,匿名,,5000.00,0.00,匯款,1111123,,,金錢,,,,,,,,,,
182,林珍羽,111年臺北市議員選舉,首次申報,1111123,營利事業捐贈收入,益誠醫療器材有限公司,54725760,4000.00,0.00,現金,1111124,已返還,,金錢,新北市中和區****,,,,,,,,,
183,林珍羽,111年臺北市議員選舉,首次申報,1111123,個人捐贈收入,莊增瀧,A12*******,4000.00,0.00,現金,1111124,,,金錢,臺北市大同區****,,,,,,,,,
184,林珍羽,111年臺北市議員選舉,首次申報,1111123,個人捐贈收入,林奇璋,A12*******,5000.00,0.00,現金,1111124,,,金錢,臺北市中山區****,,,,,,,,,
185,林珍羽,111年臺北市議員選舉,首次申報,1111123,個人捐贈收入,施定宏,A12*******,4000.00,0.00,現金,1111124,,,金錢,臺北市萬華區****,,,,,,,,,
186,林珍羽,111年臺北市議員選舉,首次申報,1111123,個人捐贈收入,顧致德,A12*******,4000.00,0.00,現金,1111124,,,金錢,臺北市南港區****,,,,,,,,,
187,林珍羽,111年臺北市議員選舉,首次申報,1111123,個人捐贈收入,黃成德,F12*******,16000.00,0.00,現金,1111124,,,金錢,新北市土城區****,,,,,,,,,
188,林珍羽,111年臺北市議員選舉,首次申報,1111123,個人捐贈收入,鄭淑卿,F20*******,4000.00,0.00,現金,1111124,,,金錢,臺北市松山區****,,,,,,,,,
189,林珍羽,111年臺北市議員選舉,首次申報,1111123,個人捐贈收入,羅春月,K20*******,4000.00,0.00,現金,1111124,,,金錢,臺北市大同區****,,,,,,,,,
190,林珍羽,111年臺北市議員選舉,首次申報,1111123,個人捐贈收入,吳米加,M20*******,4000.00,0.00,現金,1111124,,,金錢,臺北市文山區****,,,,,,,,,
191,林珍羽,111年臺北市議員選舉,首次申報,1111123,個人捐贈收入,陳莉茵,N20*******,10000.00,0.00,現金,1111124,,,金錢,臺北市北投區****,,,,,,,,,
192,林珍羽,111年臺北市議員選舉,首次申報,1111123,個人捐贈收入,李秋龍,P10*******,34000.00,0.00,現金,1111124,,,金錢,臺北市中山區****,,,,,,,,,
193,林珍羽,111年臺北市議員選舉,首次申報,1111123,個人捐贈收入,林素滿,Q20*******,8000.00,0.00,現金,1111124,,,金錢,臺北市中山區****,,,,,,,,,
194,林珍羽,111年臺北市議員選舉,首次申報,1111123,個人捐贈收入,康玉燕,Q20*******,4000.00,0.00,現金,1111124,,,金錢,臺北市大同區****,,,,,,,,,
195,林珍羽,111年臺北市議員選舉,首次申報,1111125,個人捐贈收入,范書田,A12*******,30000.00,0.00,匯款,1111125,,,金錢,新北市汐止區****,,,,,,,,,
196,林珍羽,111年臺北市議員選舉,首次申報,1111125,個人捐贈收入,張立諺,A12*******,200.00,0.00,匯款,1111125,,,金錢,新北市三重區****,,,,,,,,,
197,林珍羽,111年臺北市議員選舉,首次申報,1111125,個人捐贈收入,鄭金鳳,C22*******,300.00,0.00,匯款,1111125,,,金錢,新北市板橋區****,,,,,,,,,
198,林珍羽,111年臺北市議員選舉,首次申報,1111221,其他收入,利息收入,,2574.00,0.00,匯款,1111221,,,金錢,,,,,,,,,,
