﻿序號,擬參選人／政黨,選舉名稱,申報序號／年度,交易日期,收支科目,捐贈者／支出對象,身分證／統一編號,收入金額,支出金額,捐贈方式,存入專戶日期,返還/繳庫,支出用途,金錢類,地址,聯絡電話,應揭露之支出對象,支出對象之內部人員姓名,支出對象之內部人員職稱,政黨之內部人員姓名,政黨之內部人員職稱,關係,更正註記,資料更正日期
1,徐巧芯,111年臺北市議員選舉,第1次賸餘,1111227,支付當選後與其公務有關之費用,NPC全國加油站,17763987,0.00,1000.00,,,,油資,金錢,,,否,,,,,,,
2,徐巧芯,111年臺北市議員選舉,第1次賸餘,1111228,支付當選後與其公務有關之費用,台灣中油,01802112,0.00,167.00,,,,油資,金錢,,,否,,,,,,,
3,徐巧芯,111年臺北市議員選舉,第1次賸餘,1111228,支付當選後與其公務有關之費用,阿樹國際旅店(股)公司,52632978,0.00,50.00,,,,停車費,金錢,,,否,,,,,,,
4,徐巧芯,111年臺北市議員選舉,第1次賸餘,1111229,支付當選後與其公務有關之費用,德克士永和中正店,,0.00,258.00,,,,餐飲費用,金錢,新北市永和區****,,否,,,,,,,
5,徐巧芯,111年臺北市議員選舉,第1次賸餘,1111229,支付當選後與其公務有關之費用,台北逸仙郵局,,0.00,28.00,,,,郵寄競選物品或宣傳廣告費用,金錢,臺北市信義區****,,否,,,,,,,
6,徐巧芯,111年臺北市議員選舉,第1次賸餘,1111229,支付當選後與其公務有關之費用,台灣第一味松山店,42350627,0.00,325.00,,,,餐飲費用,金錢,,,否,,,,,,,
7,徐巧芯,111年臺北市議員選舉,第1次賸餘,1111230,支付當選後與其公務有關之費用,台灣中油股份有限公司油品行銷事業部台北營業處南港加油站,01665932,0.00,1000.00,,,,汽機車燃料費用,金錢,,,否,,,,,,,
8,徐巧芯,111年臺北市議員選舉,第1次賸餘,1111231,支付當選後與其公務有關之費用,尚發汽車保養廠,81731532,0.00,7981.00,,,,維修宣傳車輛費用,金錢,,,否,,,,,,,
9,徐巧芯,111年臺北市議員選舉,第1次賸餘,1120102,支付當選後與其公務有關之費用,台灣中油,01802112,0.00,160.00,,,,油資,金錢,,,否,,,,,,,
10,徐巧芯,111年臺北市議員選舉,第1次賸餘,1120102,支付當選後與其公務有關之費用,NPC全國加油站,17763987,0.00,1000.00,,,,油資,金錢,,,否,,,,,,,
11,徐巧芯,111年臺北市議員選舉,第1次賸餘,1120102,支付當選後與其公務有關之費用,榮帝昆陽街停車場,73654527,0.00,395.00,,,,停車費,金錢,,,否,,,,,,,
12,徐巧芯,111年臺北市議員選舉,第1次賸餘,1120102,支付當選後與其公務有關之費用,台灣中油,78334051,0.00,1000.00,,,,油資,金錢,,,否,,,,,,,
13,徐巧芯,111年臺北市議員選舉,第1次賸餘,1120102,支付當選後與其公務有關之費用,廣慈社宅,88324095,0.00,30.00,,,,停車費,金錢,,,否,,,,,,,
14,徐巧芯,111年臺北市議員選舉,第1次賸餘,1120103,支付當選後與其公務有關之費用,台灣中油,01606343,0.00,106.00,,,,油資,金錢,,,否,,,,,,,
15,徐巧芯,111年臺北市議員選舉,第1次賸餘,1120105,支付當選後與其公務有關之費用,台北逸仙郵局,,0.00,100.00,,,,郵寄競選物品或宣傳廣告費用,金錢,臺北市信義區****,,否,,,,,,,
16,徐巧芯,111年臺北市議員選舉,第1次賸餘,1120105,支付當選後與其公務有關之費用,蕙風堂,99356690,0.00,6840.00,,,,為民服務費用,金錢,,,否,,,,,,,
17,徐巧芯,111年臺北市議員選舉,第1次賸餘,1120106,支付當選後與其公務有關之費用,嘟嘟房,88095810,0.00,75.00,,,,停車費,金錢,,,否,,,,,,,
18,徐巧芯,111年臺北市議員選舉,第1次賸餘,1120106,支付當選後與其公務有關之費用,嘟嘟房,88237439,0.00,780.00,,,,停車費,金錢,,,否,,,,,,,
19,徐巧芯,111年臺北市議員選舉,第1次賸餘,1120107,支付當選後與其公務有關之費用,台灣中油,01606343,0.00,1000.00,,,,油資,金錢,,,否,,,,,,,
20,徐巧芯,111年臺北市議員選舉,第1次賸餘,1120107,支付當選後與其公務有關之費用,僑漢股份有限公司復興營業所,99636932,0.00,80.00,,,,停車費,金錢,,,否,,,,,,,
21,徐巧芯,111年臺北市議員選舉,第1次賸餘,1120108,支付當選後與其公務有關之費用,新光育樂股份有限公司,27195160,0.00,100.00,,,,停車費,金錢,,,否,,,,,,,
22,徐巧芯,111年臺北市議員選舉,第1次賸餘,1120108,支付當選後與其公務有關之費用,新長越格致路停車場,88255745,0.00,120.00,,,,停車費,金錢,,,否,,,,,,,
23,徐巧芯,111年臺北市議員選舉,第1次賸餘,1120109,支付當選後與其公務有關之費用,麥當勞,23527603,0.00,1054.00,,,,餐飲費用,金錢,,,否,,,,,,,
24,徐巧芯,111年臺北市議員選舉,第1次賸餘,1120110,支付當選後與其公務有關之費用,計程車,,0.00,360.00,,,,搭乘交通工具費用,金錢,,0227*****,否,,,,,,,
25,徐巧芯,111年臺北市議員選舉,第1次賸餘,1120110,支付當選後與其公務有關之費用,計程車,,0.00,105.00,,,,搭乘交通工具費用,金錢,,0227*****,否,,,,,,,
26,徐巧芯,111年臺北市議員選舉,第1次賸餘,1120110,支付當選後與其公務有關之費用,先進小吃店,26330028,0.00,3740.00,,,,餐飲費用,金錢,,,否,,,,,,,
27,徐巧芯,111年臺北市議員選舉,第1次賸餘,1120110,支付當選後與其公務有關之費用,台灣中油,77402208,0.00,1000.00,,,,油資,金錢,,,否,,,,,,,
28,徐巧芯,111年臺北市議員選舉,第1次賸餘,1120110,支付當選後與其公務有關之費用,城市車旅,88351108,0.00,100.00,,,,停車費,金錢,,,否,,,,,,,
29,徐巧芯,111年臺北市議員選舉,第1次賸餘,1120110,支付當選後與其公務有關之費用,一零一企業股份有限公司,90365536,0.00,464.00,,,,為民服務費用,金錢,,,否,,,,,,,
30,徐巧芯,111年臺北市議員選舉,第1次賸餘,1120111,支付當選後與其公務有關之費用,台灣中油,01606343,0.00,1000.00,,,,油資,金錢,,,否,,,,,,,
31,徐巧芯,111年臺北市議員選舉,第1次賸餘,1120112,支付當選後與其公務有關之費用,計程車,,0.00,365.00,,,,搭乘交通工具費用,金錢,,0227*****,否,,,,,,,
32,徐巧芯,111年臺北市議員選舉,第1次賸餘,1120112,支付當選後與其公務有關之費用,台北逸仙郵局,,0.00,146.00,,,,郵寄競選物品或宣傳廣告費用,金錢,臺北市信義區****,,否,,,,,,,
33,徐巧芯,111年臺北市議員選舉,第1次賸餘,1120112,支付當選後與其公務有關之費用,台灣中油,01802099,0.00,170.00,,,,油資,金錢,,,否,,,,,,,
34,徐巧芯,111年臺北市議員選舉,第1次賸餘,1120112,支付當選後與其公務有關之費用,BELLAVITA,80516562,0.00,300.00,,,,停車費,金錢,,,否,,,,,,,
35,徐巧芯,111年臺北市議員選舉,第1次賸餘,1120112,支付當選後與其公務有關之費用,城市車旅,88351108,0.00,180.00,,,,停車費,金錢,,,否,,,,,,,
36,徐巧芯,111年臺北市議員選舉,第1次賸餘,1120112,支付當選後與其公務有關之費用,周秀美,A20*******,0.00,1200.00,,,,當選後與其公務有關之費用支出,金錢,,,否,,,,,,,
37,徐巧芯,111年臺北市議員選舉,第1次賸餘,1120112,支付當選後與其公務有關之費用,陳小燕,A22*******,0.00,1200.00,,,,當選後與其公務有關之費用支出,金錢,,,否,,,,,,,
38,徐巧芯,111年臺北市議員選舉,第1次賸餘,1120112,支付當選後與其公務有關之費用,葛厚函,F12*******,0.00,1600.00,,,,工資或薪津,金錢,,,否,,,,,,,
39,徐巧芯,111年臺北市議員選舉,第1次賸餘,1120113,支付當選後與其公務有關之費用,台灣中油,01606343,0.00,100.00,,,,油資,金錢,,,否,,,,,,,
40,徐巧芯,111年臺北市議員選舉,第1次賸餘,1120113,支付當選後與其公務有關之費用,168停車聯盟,88313288,0.00,80.00,,,,停車費,金錢,,,否,,,,,,,
41,徐巧芯,111年臺北市議員選舉,第1次賸餘,1120113,支付當選後與其公務有關之費用,周秀美,A20*******,0.00,1200.00,,,,當選後與其公務有關之費用支出,金錢,,,否,,,,,,,
42,徐巧芯,111年臺北市議員選舉,第1次賸餘,1120113,支付當選後與其公務有關之費用,陳小燕,A22*******,0.00,1200.00,,,,當選後與其公務有關之費用支出,金錢,,,否,,,,,,,
43,徐巧芯,111年臺北市議員選舉,第1次賸餘,1120114,支付當選後與其公務有關之費用,計程車,,0.00,100.00,,,,搭乘交通工具費用,金錢,,0227*****,否,,,,,,,
44,徐巧芯,111年臺北市議員選舉,第1次賸餘,1120114,支付當選後與其公務有關之費用,計程車,,0.00,340.00,,,,搭乘交通工具費用,金錢,,0227*****,否,,,,,,,
45,徐巧芯,111年臺北市議員選舉,第1次賸餘,1120114,支付當選後與其公務有關之費用,台灣中油,01606343,0.00,1000.00,,,,油資,金錢,,,否,,,,,,,
46,徐巧芯,111年臺北市議員選舉,第1次賸餘,1120115,支付當選後與其公務有關之費用,計程車,,0.00,190.00,,,,搭乘交通工具費用,金錢,,0227*****,否,,,,,,,
47,徐巧芯,111年臺北市議員選舉,第1次賸餘,1120115,支付當選後與其公務有關之費用,計程車,,0.00,100.00,,,,搭乘交通工具費用,金錢,,0289*****,否,,,,,,,
48,徐巧芯,111年臺北市議員選舉,第1次賸餘,1120115,支付當選後與其公務有關之費用,計程車,,0.00,100.00,,,,搭乘交通工具費用,金錢,,0227*****,否,,,,,,,
49,徐巧芯,111年臺北市議員選舉,第1次賸餘,1120115,支付當選後與其公務有關之費用,計程車,,0.00,130.00,,,,搭乘交通工具費用,金錢,,0809*****,否,,,,,,,
50,徐巧芯,111年臺北市議員選舉,第1次賸餘,1120115,支付當選後與其公務有關之費用,計程車,,0.00,520.00,,,,搭乘交通工具費用,金錢,,0227*****,否,,,,,,,
51,徐巧芯,111年臺北市議員選舉,第1次賸餘,1120116,支付當選後與其公務有關之費用,台北逸仙郵局,,0.00,110.00,,,,郵寄競選物品或宣傳廣告費用,金錢,臺北市信義區****,,否,,,,,,,
52,徐巧芯,111年臺北市議員選舉,第1次賸餘,1120116,支付當選後與其公務有關之費用,台北逸仙郵局,,0.00,20.00,,,,郵寄競選物品或宣傳廣告費用,金錢,臺北市信義區****,,否,,,,,,,
53,徐巧芯,111年臺北市議員選舉,第1次賸餘,1120116,支付當選後與其公務有關之費用,台灣中油,70607867,0.00,1486.00,,,,油資,金錢,,,否,,,,,,,
54,徐巧芯,111年臺北市議員選舉,第1次賸餘,1120116,支付當選後與其公務有關之費用,台灣中油,78334051,0.00,1000.00,,,,油資,金錢,,,否,,,,,,,
55,徐巧芯,111年臺北市議員選舉,第1次賸餘,1120118,支付當選後與其公務有關之費用,台北逸仙郵局,,0.00,330.00,,,,郵寄競選物品或宣傳廣告費用,金錢,臺北市信義區****,,否,,,,,,,
56,徐巧芯,111年臺北市議員選舉,第1次賸餘,1120118,支付當選後與其公務有關之費用,台北逸仙郵局,,0.00,120.00,,,,郵寄競選物品或宣傳廣告費用,金錢,臺北市信義區****,,否,,,,,,,
57,徐巧芯,111年臺北市議員選舉,第1次賸餘,1120118,支付當選後與其公務有關之費用,梁錦生,Y12*******,0.00,9600.00,,,,當選後與其公務有關之費用支出,金錢,,,否,,,,,,,
58,徐巧芯,111年臺北市議員選舉,第1次賸餘,1120119,支付當選後與其公務有關之費用,長安大樓停車場,25687447,0.00,80.00,,,,停車費,金錢,,,否,,,,,,,
59,徐巧芯,111年臺北市議員選舉,第1次賸餘,1120119,支付當選後與其公務有關之費用,葛厚函,F12*******,0.00,1600.00,,,,當選後與其公務有關之費用支出,金錢,,,否,,,,,,,
60,徐巧芯,111年臺北市議員選舉,第1次賸餘,1120120,支付當選後與其公務有關之費用,台灣中油,78334051,0.00,1000.00,,,,油資,金錢,,,否,,,,,,,
61,徐巧芯,111年臺北市議員選舉,第1次賸餘,1120122,支付當選後與其公務有關之費用,台灣中油,01606343,0.00,160.00,,,,油資,金錢,,,否,,,,,,,
62,徐巧芯,111年臺北市議員選舉,第1次賸餘,1120124,支付當選後與其公務有關之費用,台灣中油,01606343,0.00,974.00,,,,油資,金錢,,,否,,,,,,,
63,徐巧芯,111年臺北市議員選舉,第1次賸餘,1120130,支付當選後與其公務有關之費用,Pchome線上購物,16606102,0.00,219.00,,,,雜項購置或修繕費用,金錢,,,否,,,,,,,
64,徐巧芯,111年臺北市議員選舉,第1次賸餘,1120130,支付當選後與其公務有關之費用,NPC全國加油站,17763987,0.00,1000.00,,,,油資,金錢,,,否,,,,,,,
65,徐巧芯,111年臺北市議員選舉,第1次賸餘,1120130,支付當選後與其公務有關之費用,麥當勞,23527603,0.00,1310.00,,,,餐飲費用,金錢,,,否,,,,,,,
66,徐巧芯,111年臺北市議員選舉,第1次賸餘,1120130,支付當選後與其公務有關之費用,momo,27365925,0.00,394.00,,,,雜項購置或修繕費用,金錢,,,否,,,,,,,
67,徐巧芯,111年臺北市議員選舉,第1次賸餘,1120130,支付當選後與其公務有關之費用,麥味登,69458220,0.00,750.00,,,,餐飲費用,金錢,,,否,,,,,,,
68,徐巧芯,111年臺北市議員選舉,第1次賸餘,1120130,支付當選後與其公務有關之費用,台灣中油（股）油品行銷事業部台北營業處民生東路加油站,78334051,0.00,1000.00,,,,汽機車燃料費用,金錢,,,否,,,,,,,
69,徐巧芯,111年臺北市議員選舉,第1次賸餘,1120130,支付當選後與其公務有關之費用,優食台灣股份有限公司,83076928,0.00,45.00,,,,餐飲費用,金錢,,,否,,,,,,,
70,徐巧芯,111年臺北市議員選舉,第1次賸餘,1120130,支付當選後與其公務有關之費用,優食台灣股份有限公司,83076928,0.00,40.00,,,,餐飲費用,金錢,,,否,,,,,,,
71,徐巧芯,111年臺北市議員選舉,第1次賸餘,1120131,支付當選後與其公務有關之費用,台北逸仙郵局,,0.00,28.00,,,,郵寄競選物品或宣傳廣告費用,金錢,臺北市信義區****,,否,,,,,,,
72,徐巧芯,111年臺北市議員選舉,第1次賸餘,1120131,支付當選後與其公務有關之費用,飛燕印刷有限公司,05009655,0.00,400.00,,,,製作競選物品或宣傳廣告費用,金錢,,,否,,,,,,,
73,徐巧芯,111年臺北市議員選舉,第1次賸餘,1120201,支付當選後與其公務有關之費用,台北逸仙郵局,,0.00,28.00,,,,郵寄競選物品或宣傳廣告費用,金錢,臺北市信義區****,,否,,,,,,,
74,徐巧芯,111年臺北市議員選舉,第1次賸餘,1120202,支付當選後與其公務有關之費用,台北逸仙郵局,,0.00,100.00,,,,當選後與其公務有關之費用支出,金錢,臺北市信義區****,,否,,,,,,,
75,徐巧芯,111年臺北市議員選舉,第1次賸餘,1120202,支付當選後與其公務有關之費用,台北逸仙郵局,,0.00,100.00,,,,郵政儲匯業務工本證明單,金錢,臺北市信義區****,,否,,,,,,,
76,徐巧芯,111年臺北市議員選舉,第1次賸餘,1120202,支付當選後與其公務有關之費用,台灣中油,01317131,0.00,166.00,,,,油資,金錢,,,否,,,,,,,
77,徐巧芯,111年臺北市議員選舉,第1次賸餘,1120202,支付當選後與其公務有關之費用,PChome線上購物,16606102,0.00,777.00,,,,雜項購置或修繕費用,金錢,,,否,,,,,,,
78,徐巧芯,111年臺北市議員選舉,第1次賸餘,1120202,支付當選後與其公務有關之費用,台灣中油,73905876,0.00,1000.00,,,,油資,金錢,,,否,,,,,,,
79,徐巧芯,111年臺北市議員選舉,第1次賸餘,1120203,支付當選後與其公務有關之費用,台灣中油,01113283,0.00,1639.00,,,,油資,金錢,,,否,,,,,,,
80,徐巧芯,111年臺北市議員選舉,第1次賸餘,1120203,支付當選後與其公務有關之費用,台灣中油,01606300,0.00,103.00,,,,油資,金錢,,,否,,,,,,,
81,徐巧芯,111年臺北市議員選舉,第1次賸餘,1120204,支付當選後與其公務有關之費用,台灣中油,01802160,0.00,1000.00,,,,油資,金錢,,,否,,,,,,,
82,徐巧芯,111年臺北市議員選舉,第1次賸餘,1120204,支付當選後與其公務有關之費用,達達手機配件行,83118125,0.00,1980.00,,,,當選後與其公務有關之費用支出,金錢,,,否,,,,,,,
83,徐巧芯,111年臺北市議員選舉,第1次賸餘,1120204,支付當選後與其公務有關之費用,達達手機配件行,92751112,0.00,1980.00,,,,當選後與其公務有關之費用支出,金錢,,,否,,,,,,,
84,徐巧芯,111年臺北市議員選舉,第1次賸餘,1120206,支付當選後與其公務有關之費用,德承小吃部,76381922,0.00,170.00,,,,餐飲費用,金錢,,,否,,,,,,,
85,徐巧芯,111年臺北市議員選舉,第1次賸餘,1120206,支付當選後與其公務有關之費用,張韶庭,A22*******,0.00,500.00,,,,當選後與其公務有關之費用支出,金錢,,,否,,,,,,,
86,徐巧芯,111年臺北市議員選舉,第1次賸餘,1120207,支付當選後與其公務有關之費用,台北逸仙郵局,,0.00,28.00,,,,郵寄競選物品或宣傳廣告費用,金錢,臺北市信義區****,,否,,,,,,,
87,徐巧芯,111年臺北市議員選舉,第1次賸餘,1120207,支付當選後與其公務有關之費用,台灣中油（股）油品行銷事業部台北營業處桂林路加油站,77144981,0.00,1000.00,,,,汽機車燃料費用,金錢,,,否,,,,,,,
88,徐巧芯,111年臺北市議員選舉,第1次賸餘,1120208,支付當選後與其公務有關之費用,台北逸仙郵局,,0.00,28.00,,,,郵寄競選物品或宣傳廣告費用,金錢,臺北市信義區****,,否,,,,,,,
89,徐巧芯,111年臺北市議員選舉,第1次賸餘,1120208,支付當選後與其公務有關之費用,台灣中油,01606300,0.00,95.00,,,,油資,金錢,,,否,,,,,,,
90,徐巧芯,111年臺北市議員選舉,第1次賸餘,1120208,支付當選後與其公務有關之費用,McDonald's,23527603,0.00,1057.00,,,,餐飲費用,金錢,,,否,,,,,,,
91,徐巧芯,111年臺北市議員選舉,第1次賸餘,1120209,支付當選後與其公務有關之費用,台灣中油,01606343,0.00,1000.00,,,,油資,金錢,,,否,,,,,,,
92,徐巧芯,111年臺北市議員選舉,第1次賸餘,1120209,支付當選後與其公務有關之費用,遠企中心,05707618,0.00,150.00,,,,停車費,金錢,,,否,,,,,,,
93,徐巧芯,111年臺北市議員選舉,第1次賸餘,1120209,支付當選後與其公務有關之費用,遠企中心,05707618,0.00,100.00,,,,停車費,金錢,,,否,,,,,,,
94,徐巧芯,111年臺北市議員選舉,第1次賸餘,1120209,支付當選後與其公務有關之費用,富溢興商行,38567997,0.00,175.00,,,,餐飲費用,金錢,,,否,,,,,,,
95,徐巧芯,111年臺北市議員選舉,第1次賸餘,1120209,支付當選後與其公務有關之費用,謝高企業有限公司,84742858,0.00,30.00,,,,當選後與其公務有關之費用支出,金錢,,,否,,,,,,,
96,徐巧芯,111年臺北市議員選舉,第1次賸餘,1120210,支付當選後與其公務有關之費用,活動馬戲團企業社,34821110,0.00,200000.00,,,,其他與集會有關之費用,金錢,桃園市桃園區****,,否,,,,,,,
97,徐巧芯,111年臺北市議員選舉,第1次賸餘,1120210,支付當選後與其公務有關之費用,嘟嘟房,88237424,0.00,150.00,,,,停車費,金錢,,,否,,,,,,,
98,徐巧芯,111年臺北市議員選舉,第1次賸餘,1120210,支付當選後與其公務有關之費用,嘟嘟房,88237439,0.00,150.00,,,,停車費,金錢,,,否,,,,,,,
99,徐巧芯,111年臺北市議員選舉,第1次賸餘,1120211,支付當選後與其公務有關之費用,NPC全國加油站,17766268,0.00,935.00,,,,油資,金錢,,,否,,,,,,,
100,徐巧芯,111年臺北市議員選舉,第1次賸餘,1120213,支付當選後與其公務有關之費用,計程車,,0.00,130.00,,,,搭乘交通工具費用,金錢,,0227*****,否,,,,,,,
101,徐巧芯,111年臺北市議員選舉,第1次賸餘,1120213,支付當選後與其公務有關之費用,計程車,,0.00,421.00,,,,搭乘交通工具費用,金錢,,0227*****,否,,,,,,,
102,徐巧芯,111年臺北市議員選舉,第1次賸餘,1120213,支付當選後與其公務有關之費用,台灣中油,01317131,0.00,164.00,,,,油資,金錢,,,否,,,,,,,
103,徐巧芯,111年臺北市議員選舉,第1次賸餘,1120213,支付當選後與其公務有關之費用,NPC全國加油站,17763987,0.00,1000.00,,,,汽機車燃料費用,金錢,,,否,,,,,,,
104,徐巧芯,111年臺北市議員選舉,第1次賸餘,1120213,支付當選後與其公務有關之費用,正好停,88102214,0.00,70.00,,,,停車費,金錢,,,否,,,,,,,
105,徐巧芯,111年臺北市議員選舉,第1次賸餘,1120213,支付當選後與其公務有關之費用,大眾茗茶商行,98950124,0.00,100000.00,,,,聯誼交際費用,金錢,臺中市大里區****,,否,,,,,,,
106,徐巧芯,111年臺北市議員選舉,第1次賸餘,1120214,支付當選後與其公務有關之費用,叭叭房光復大樓停車場,05707618,0.00,30.00,,,,停車費,金錢,,,否,,,,,,,
107,徐巧芯,111年臺北市議員選舉,第1次賸餘,1120215,支付當選後與其公務有關之費用,台北市路邊停車費,,0.00,48.00,,,,停車費,金錢,臺北市信義區****,,否,,,,,,,
108,徐巧芯,111年臺北市議員選舉,第1次賸餘,1120215,支付當選後與其公務有關之費用,陳暉,A12*******,0.00,55000.00,,,,當選後與其公務有關之費用支出,金錢,臺北市松山區****,,否,,,,,,,
109,徐巧芯,111年臺北市議員選舉,第1次賸餘,1120215,支付當選後與其公務有關之費用,王俊凱,A12*******,0.00,45000.00,,,,當選後與其公務有關之費用支出,金錢,新北市蘆洲區****,,否,,,,,,,
110,徐巧芯,111年臺北市議員選舉,第1次賸餘,1120215,支付當選後與其公務有關之費用,王辰維,A12*******,0.00,45000.00,,,,當選後與其公務有關之費用支出,金錢,臺北市南港區****,,否,,,,,,,
111,徐巧芯,111年臺北市議員選舉,第1次賸餘,1120215,支付當選後與其公務有關之費用,鍾易洋,F13*******,0.00,30000.00,,,,當選後與其公務有關之費用支出,金錢,臺北市大安區****,,否,,,,,,,
112,徐巧芯,111年臺北市議員選舉,第1次賸餘,1120215,支付當選後與其公務有關之費用,林俐伶,F22*******,0.00,45000.00,,,,當選後與其公務有關之費用支出,金錢,新北市中和區****,,否,,,,,,,
113,徐巧芯,111年臺北市議員選舉,第1次賸餘,1120215,支付當選後與其公務有關之費用,王靖椉,P12*******,0.00,45000.00,,,,當選後與其公務有關之費用支出,金錢,臺北市南港區****,,否,,,,,,,
114,徐巧芯,111年臺北市議員選舉,第1次賸餘,1120215,支付當選後與其公務有關之費用,胡渝庭,U22*******,0.00,55000.00,,,,當選後與其公務有關之費用支出,金錢,臺北市北投區****,,否,,,,,,,
115,徐巧芯,111年臺北市議員選舉,第1次賸餘,1120217,支付當選後與其公務有關之費用,計程車,,0.00,142.00,,,,搭乘交通工具費用,金錢,,0227*****,否,,,,,,,
116,徐巧芯,111年臺北市議員選舉,第1次賸餘,1120217,支付當選後與其公務有關之費用,華南實業有限公司,27976496,0.00,5250.00,,,,製作競選物品或宣傳廣告費用,金錢,,,否,,,,,,,
117,徐巧芯,111年臺北市議員選舉,第1次賸餘,1120218,支付當選後與其公務有關之費用,台北逸仙郵局,,0.00,28.00,,,,郵寄競選物品或宣傳廣告費用,金錢,臺北市信義區****,,否,,,,,,,
118,徐巧芯,111年臺北市議員選舉,第1次賸餘,1120219,支付當選後與其公務有關之費用,台灣中油,78334051,0.00,1000.00,,,,油資,金錢,,,否,,,,,,,
119,徐巧芯,111年臺北市議員選舉,第1次賸餘,1120219,支付當選後與其公務有關之費用,台灣中油（股）油品行銷事業部台北營業處民生東路加油站,78334051,0.00,1000.00,,,,汽機車燃料費用,金錢,,,否,,,,,,,
120,徐巧芯,111年臺北市議員選舉,第1次賸餘,1120219,支付當選後與其公務有關之費用,悅聖餐飲(股)有限公司,88262794,0.00,4221.00,,,,餐飲費用,金錢,,,否,,,,,,,
121,徐巧芯,111年臺北市議員選舉,第1次賸餘,1120220,支付當選後與其公務有關之費用,台灣中油,01606343,0.00,100.00,,,,油資,金錢,,,否,,,,,,,
122,徐巧芯,111年臺北市議員選舉,第1次賸餘,1120220,支付當選後與其公務有關之費用,台灣中油,01606343,0.00,175.00,,,,油資,金錢,,,否,,,,,,,
123,徐巧芯,111年臺北市議員選舉,第1次賸餘,1120220,支付當選後與其公務有關之費用,台灣中油（股）油品行銷事業部台北營業處光復北路加油站,01606343,0.00,118.00,,,,汽機車燃料費用,金錢,,,否,,,,,,,
124,徐巧芯,111年臺北市議員選舉,第1次賸餘,1120221,支付當選後與其公務有關之費用,PChome線上購物,16606102,0.00,6335.00,,,,雜項購置或修繕費用,金錢,,,否,,,,,,,
125,徐巧芯,111年臺北市議員選舉,第1次賸餘,1120222,支付當選後與其公務有關之費用,NPC全國加油站,31995832,0.00,1553.00,,,,油資,金錢,,,否,,,,,,,
126,徐巧芯,111年臺北市議員選舉,第1次賸餘,1120222,支付當選後與其公務有關之費用,NPC全國加油站,31995832,0.00,100.00,,,,油資,金錢,,,否,,,,,,,
127,徐巧芯,111年臺北市議員選舉,第1次賸餘,1120223,支付當選後與其公務有關之費用,台北逸仙郵局,,0.00,152.00,,,,郵寄競選物品或宣傳廣告費用,金錢,臺北市信義區****,,否,,,,,,,
128,徐巧芯,111年臺北市議員選舉,第1次賸餘,1120223,支付當選後與其公務有關之費用,大甲來國際事業有限公司,53790849,0.00,105.00,,,,停車費,金錢,,,否,,,,,,,
129,徐巧芯,111年臺北市議員選舉,第1次賸餘,1120223,支付當選後與其公務有關之費用,市政星停車場,54886370,0.00,25.00,,,,停車費,金錢,,,否,,,,,,,
130,徐巧芯,111年臺北市議員選舉,第1次賸餘,1120223,支付當選後與其公務有關之費用,葛厚函,F12*******,0.00,1600.00,,,,當選後與其公務有關之費用支出,金錢,,,否,,,,,,,
131,徐巧芯,111年臺北市議員選舉,第1次賸餘,1120224,支付當選後與其公務有關之費用,計程車,,0.00,245.00,,,,油資,金錢,,0227*****,否,,,,,,,
132,徐巧芯,111年臺北市議員選舉,第1次賸餘,1120225,支付當選後與其公務有關之費用,台灣中油,01606300,0.00,800.00,,,,油資,金錢,,,否,,,,,,,
133,徐巧芯,111年臺北市議員選舉,第1次賸餘,1120225,支付當選後與其公務有關之費用,NPC全國加油站,17766268,0.00,1000.00,,,,油資,金錢,,,否,,,,,,,
134,徐巧芯,111年臺北市議員選舉,第1次賸餘,1120225,支付當選後與其公務有關之費用,NPC全國加油站,17766268,0.00,60.00,,,,汽機車燃料費用,金錢,,,否,,,,,,,
135,徐巧芯,111年臺北市議員選舉,第1次賸餘,1120225,支付當選後與其公務有關之費用,NPC全國加油站,31995832,0.00,1550.00,,,,油資,金錢,,,否,,,,,,,
136,徐巧芯,111年臺北市議員選舉,第1次賸餘,1120225,支付當選後與其公務有關之費用,成德立體停車場,76305024,0.00,45.00,,,,停車費,金錢,,,否,,,,,,,
137,徐巧芯,111年臺北市議員選舉,第1次賸餘,1120225,支付當選後與其公務有關之費用,優步福爾摩沙股份有限公司,83118125,0.00,202.00,,,,當選後與其公務有關之費用支出,金錢,,,否,,,,,,,
138,徐巧芯,111年臺北市議員選舉,第1次賸餘,1120225,支付當選後與其公務有關之費用,城市集旅,88317448,0.00,50.00,,,,停車費,金錢,,,否,,,,,,,
139,徐巧芯,111年臺北市議員選舉,第1次賸餘,1120301,支付當選後與其公務有關之費用,富邦產險,,0.00,5450.00,,,,其他與集會有關之費用,金錢,臺北市中山區****,,否,,,,,,,
140,徐巧芯,111年臺北市議員選舉,第1次賸餘,1120301,支付當選後與其公務有關之費用,台灣高鐵,,0.00,4500.00,,,,搭乘交通工具費用,金錢,臺北市南港區****,,否,,,,,,,
141,徐巧芯,111年臺北市議員選舉,第1次賸餘,1120301,支付當選後與其公務有關之費用,台灣中油,01113283,0.00,180.00,,,,油資,金錢,,,否,,,,,,,
142,徐巧芯,111年臺北市議員選舉,第1次賸餘,1120301,支付當選後與其公務有關之費用,愛買a.mart,70813178,0.00,840.00,,,,餐飲費用,金錢,,,否,,,,,,,
143,徐巧芯,111年臺北市議員選舉,第1次賸餘,1120301,支付當選後與其公務有關之費用,張韶庭,A22*******,0.00,1000.00,,,,當選後與其公務有關之費用支出,金錢,,,否,,,,,,,
144,徐巧芯,111年臺北市議員選舉,第1次賸餘,1120302,支付當選後與其公務有關之費用,計程車,,0.00,95.00,,,,搭乘交通工具費用,金錢,,0227*****,否,,,,,,,
145,徐巧芯,111年臺北市議員選舉,第1次賸餘,1120302,支付當選後與其公務有關之費用,台灣中油,01606300,0.00,500.00,,,,油資,金錢,,,否,,,,,,,
146,徐巧芯,111年臺北市議員選舉,第1次賸餘,1120302,支付當選後與其公務有關之費用,台灣中油,01802112,0.00,119.00,,,,油資,金錢,,,否,,,,,,,
147,徐巧芯,111年臺北市議員選舉,第1次賸餘,1120302,支付當選後與其公務有關之費用,新光育樂股份有限公司,27195160,0.00,40.00,,,,停車費,金錢,,,否,,,,,,,
148,徐巧芯,111年臺北市議員選舉,第1次賸餘,1120302,支付當選後與其公務有關之費用,Times,39952998,0.00,20.00,,,,停車費,金錢,,,否,,,,,,,
149,徐巧芯,111年臺北市議員選舉,第1次賸餘,1120302,支付當選後與其公務有關之費用,日月亭股份有限公司,42305790,0.00,200.00,,,,停車費,金錢,,,否,,,,,,,
150,徐巧芯,111年臺北市議員選舉,第1次賸餘,1120302,支付當選後與其公務有關之費用,阿樹國際旅店(股)公司,52632978,0.00,50.00,,,,停車費,金錢,,,否,,,,,,,
151,徐巧芯,111年臺北市議員選舉,第1次賸餘,1120303,支付當選後與其公務有關之費用,PChome線上購物,16606102,0.00,2100.00,,,,雜項購置或修繕費用,金錢,,,否,,,,,,,
152,徐巧芯,111年臺北市議員選舉,第1次賸餘,1120303,支付當選後與其公務有關之費用,奧理科技股份有限公司,24966452,0.00,628.00,,,,餐飲費用,金錢,,,否,,,,,,,
153,徐巧芯,111年臺北市議員選舉,第1次賸餘,1120303,支付當選後與其公務有關之費用,NPC全國加油站,80983159,0.00,120.00,,,,油資,金錢,,,否,,,,,,,
154,徐巧芯,111年臺北市議員選舉,第1次賸餘,1120303,支付當選後與其公務有關之費用,NPC全國加油站,80983159,0.00,952.00,,,,油資,金錢,,,否,,,,,,,
155,徐巧芯,111年臺北市議員選舉,第1次賸餘,1120305,支付當選後與其公務有關之費用,新長越中山大樓停車場,42331328,0.00,60.00,,,,停車費,金錢,,,否,,,,,,,
156,徐巧芯,111年臺北市議員選舉,第1次賸餘,1120305,支付當選後與其公務有關之費用,莎莎堡早餐吧,48864074,0.00,1317.00,,,,當選後與其公務有關之費用支出,金錢,,,否,,,,,,,
157,徐巧芯,111年臺北市議員選舉,第1次賸餘,1120307,支付當選後與其公務有關之費用,台灣中油,01490119,0.00,500.00,,,,油資,金錢,,,否,,,,,,,
158,徐巧芯,111年臺北市議員選舉,第1次賸餘,1120307,支付當選後與其公務有關之費用,台灣中油,01606343,0.00,100.00,,,,油資,金錢,,,否,,,,,,,
159,徐巧芯,111年臺北市議員選舉,第1次賸餘,1120307,支付當選後與其公務有關之費用,STARBUCKS,24561924,0.00,957.00,,,,餐飲費用,金錢,,,否,,,,,,,
160,徐巧芯,111年臺北市議員選舉,第1次賸餘,1120307,支付當選後與其公務有關之費用,momo,27365925,0.00,1100.00,,,,雜項購置或修繕費用,金錢,,,否,,,,,,,
161,徐巧芯,111年臺北市議員選舉,第1次賸餘,1120307,支付當選後與其公務有關之費用,邱錞榆,A12*******,0.00,500.00,,,,當選後與其公務有關之費用支出,金錢,,,否,,,,,,,
162,徐巧芯,111年臺北市議員選舉,第1次賸餘,1120308,支付當選後與其公務有關之費用,台灣中油,01606343,0.00,165.00,,,,油資,金錢,,,否,,,,,,,
163,徐巧芯,111年臺北市議員選舉,第1次賸餘,1120308,支付當選後與其公務有關之費用,NPC全國加油站,17766268,0.00,779.00,,,,油資,金錢,,,否,,,,,,,
164,徐巧芯,111年臺北市議員選舉,第1次賸餘,1120308,支付當選後與其公務有關之費用,NPC全國加油站,80983159,0.00,100.00,,,,油資,金錢,,,否,,,,,,,
165,徐巧芯,111年臺北市議員選舉,第1次賸餘,1120308,支付當選後與其公務有關之費用,NPC全國加油站,80983159,0.00,951.00,,,,油資,金錢,,,否,,,,,,,
166,徐巧芯,111年臺北市議員選舉,第1次賸餘,1120308,支付當選後與其公務有關之費用,嘟嘟房,88177116,0.00,60.00,,,,停車費,金錢,,,否,,,,,,,
167,徐巧芯,111年臺北市議員選舉,第1次賸餘,1120308,支付當選後與其公務有關之費用,Domino's,96975562,0.00,2617.00,,,,餐飲費用,金錢,,,否,,,,,,,
168,徐巧芯,111年臺北市議員選舉,第1次賸餘,1120309,支付當選後與其公務有關之費用,7-ELEVEN,90528118,0.00,86.00,,,,雜項購置或修繕費用,金錢,,,否,,,,,,,
169,徐巧芯,111年臺北市議員選舉,第1次賸餘,1120309,支付當選後與其公務有關之費用,7-ELEVEN,90528118,0.00,196.00,,,,雜項購置或修繕費用,金錢,,,否,,,,,,,
170,徐巧芯,111年臺北市議員選舉,第1次賸餘,1120309,支付當選後與其公務有關之費用,葛厚函,F12*******,0.00,1600.00,,,,當選後與其公務有關之費用支出,金錢,,,否,,,,,,,
171,徐巧芯,111年臺北市議員選舉,第1次賸餘,1120309,支付當選後與其公務有關之費用,葛厚函,F12*******,0.00,1600.00,,,,其他因工作酬勞之給付,金錢,,,否,,,,,,,
172,徐巧芯,111年臺北市議員選舉,第1次賸餘,1120310,支付當選後與其公務有關之費用,佳世達企業社,26531806,0.00,46000.00,,,,租用廣告看板或車體廣告費用,金錢,新北市汐止區****,,否,,,,,,,
173,徐巧芯,111年臺北市議員選舉,第1次賸餘,1120310,支付當選後與其公務有關之費用,NPC全國加油站,80983159,0.00,120.00,,,,油資,金錢,,,否,,,,,,,
174,徐巧芯,111年臺北市議員選舉,第1次賸餘,1120310,支付當選後與其公務有關之費用,NPC全國加油站,80983159,0.00,903.00,,,,油資,金錢,,,否,,,,,,,
175,徐巧芯,111年臺北市議員選舉,第1次賸餘,1120310,支付當選後與其公務有關之費用,玖豆冰品店,88363771,0.00,100000.00,,,,其他與集會有關之費用,金錢,臺北市信義區****,,否,,,,,,,
176,徐巧芯,111年臺北市議員選舉,第1次賸餘,1120312,支付當選後與其公務有關之費用,正好停,88095826,0.00,45.00,,,,停車費,金錢,,,否,,,,,,,
177,徐巧芯,111年臺北市議員選舉,第1次賸餘,1120312,支付當選後與其公務有關之費用,台灣聯通,99952613,0.00,150.00,,,,停車費,金錢,,,否,,,,,,,
178,徐巧芯,111年臺北市議員選舉,第1次賸餘,1120313,支付當選後與其公務有關之費用,台灣中油,01113299,0.00,106.00,,,,油資,金錢,,,否,,,,,,,
179,徐巧芯,111年臺北市議員選舉,第1次賸餘,1120314,支付當選後與其公務有關之費用,台北逸仙郵局,,0.00,60.00,,,,郵寄競選物品或宣傳廣告費用,金錢,臺北市信義區****,,否,,,,,,,
180,徐巧芯,111年臺北市議員選舉,第1次賸餘,1120314,支付當選後與其公務有關之費用,台北逸仙郵局,,0.00,60.00,,,,郵寄競選物品或宣傳廣告費用,金錢,臺北市信義區****,,否,,,,,,,
181,徐巧芯,111年臺北市議員選舉,第1次賸餘,1120314,支付當選後與其公務有關之費用,台灣中油,01709333,0.00,976.00,,,,油資,金錢,,,否,,,,,,,
182,徐巧芯,111年臺北市議員選舉,第1次賸餘,1120314,支付當選後與其公務有關之費用,NPC全國加油站,17766268,0.00,500.00,,,,油資,金錢,,,否,,,,,,,
183,徐巧芯,111年臺北市議員選舉,第1次賸餘,1120314,支付當選後與其公務有關之費用,道德小吃店,48981349,0.00,855.00,,,,餐飲費用,金錢,,,否,,,,,,,
184,徐巧芯,111年臺北市議員選舉,第1次賸餘,1120314,支付當選後與其公務有關之費用,富大購物有限公司,90191986,0.00,7750.00,,,,雜項購置或修繕費用,金錢,,,否,,,,,,,
185,徐巧芯,111年臺北市議員選舉,第1次賸餘,1120315,支付當選後與其公務有關之費用,台灣中油,78334051,0.00,500.00,,,,油資,金錢,,,否,,,,,,,
186,徐巧芯,111年臺北市議員選舉,第1次賸餘,1120315,支付當選後與其公務有關之費用,王辰維,A12*******,0.00,45000.00,,,,當選後與其公務有關之費用支出,金錢,臺北市南港區****,,否,,,,,,,
187,徐巧芯,111年臺北市議員選舉,第1次賸餘,1120315,支付當選後與其公務有關之費用,王俊凱,A12*******,0.00,45000.00,,,,當選後與其公務有關之費用支出,金錢,新北市蘆洲區****,,否,,,,,,,
188,徐巧芯,111年臺北市議員選舉,第1次賸餘,1120315,支付當選後與其公務有關之費用,陳暉,A12*******,0.00,55000.00,,,,當選後與其公務有關之費用支出,金錢,臺北市松山區****,,否,,,,,,,
189,徐巧芯,111年臺北市議員選舉,第1次賸餘,1120315,支付當選後與其公務有關之費用,鍾易洋,F13*******,0.00,30000.00,,,,當選後與其公務有關之費用支出,金錢,臺北市大安區****,,否,,,,,,,
190,徐巧芯,111年臺北市議員選舉,第1次賸餘,1120315,支付當選後與其公務有關之費用,林俐伶,F22*******,0.00,45000.00,,,,當選後與其公務有關之費用支出,金錢,新北市中和區****,,否,,,,,,,
191,徐巧芯,111年臺北市議員選舉,第1次賸餘,1120315,支付當選後與其公務有關之費用,王靖椉,P12*******,0.00,45000.00,,,,當選後與其公務有關之費用支出,金錢,臺北市南港區****,,否,,,,,,,
192,徐巧芯,111年臺北市議員選舉,第1次賸餘,1120315,支付當選後與其公務有關之費用,胡渝庭,U22*******,0.00,55000.00,,,,當選後與其公務有關之費用支出,金錢,臺北市北投區****,,否,,,,,,,
193,徐巧芯,111年臺北市議員選舉,第1次賸餘,1120316,支付當選後與其公務有關之費用,台北逸仙郵局,,0.00,84.00,,,,郵寄競選物品或宣傳廣告費用,金錢,臺北市信義區****,,否,,,,,,,
194,徐巧芯,111年臺北市議員選舉,第1次賸餘,1120316,支付當選後與其公務有關之費用,台灣中油,01113283,0.00,180.00,,,,油資,金錢,,,否,,,,,,,
195,徐巧芯,111年臺北市議員選舉,第1次賸餘,1120316,支付當選後與其公務有關之費用,格上汽車租賃股份有限公司,12208883,0.00,48900.00,,,,租用宣傳車輛費用,金錢,臺北市大安區****,,否,,,,,,,
196,徐巧芯,111年臺北市議員選舉,第1次賸餘,1120316,支付當選後與其公務有關之費用,格上汽車租賃股份有限公司,12208883,0.00,48900.00,,,,租用宣傳車輛費用,金錢,臺北市大安區****,,否,,,,,,,
197,徐巧芯,111年臺北市議員選舉,第1次賸餘,1120316,支付當選後與其公務有關之費用,NPC全國加油站,17763987,0.00,102.00,,,,油資,金錢,,,否,,,,,,,
198,徐巧芯,111年臺北市議員選舉,第1次賸餘,1120316,支付當選後與其公務有關之費用,ATT4FUN,24329715,0.00,105.00,,,,停車費,金錢,,,否,,,,,,,
199,徐巧芯,111年臺北市議員選舉,第1次賸餘,1120316,支付當選後與其公務有關之費用,NPC全國加油站,80983159,0.00,666.00,,,,油資,金錢,,,否,,,,,,,
200,徐巧芯,111年臺北市議員選舉,第1次賸餘,1120316,支付當選後與其公務有關之費用,葛厚函,F12*******,0.00,1600.00,,,,當選後與其公務有關之費用支出,金錢,,,否,,,,,,,
201,徐巧芯,111年臺北市議員選舉,第1次賸餘,1120317,支付當選後與其公務有關之費用,7-ELEVEN,70827172,0.00,223.00,,,,雜項購置或修繕費用,金錢,,,否,,,,,,,
202,徐巧芯,111年臺北市議員選舉,第1次賸餘,1120317,支付當選後與其公務有關之費用,7-ELEVEN,70827172,0.00,25.00,,,,雜項購置或修繕費用,金錢,,,否,,,,,,,
203,徐巧芯,111年臺北市議員選舉,第1次賸餘,1120318,支付當選後與其公務有關之費用,麥當勞,97170677,0.00,520.00,,,,餐飲費用,金錢,,,否,,,,,,,
204,徐巧芯,111年臺北市議員選舉,第1次賸餘,1120319,支付當選後與其公務有關之費用,喜多洋食屋,31895708,0.00,790.00,,,,餐飲費用,金錢,,,否,,,,,,,
205,徐巧芯,111年臺北市議員選舉,第1次賸餘,1120319,支付當選後與其公務有關之費用,NPC全國加油站,80983159,0.00,120.00,,,,油資,金錢,,,否,,,,,,,
206,徐巧芯,111年臺北市議員選舉,第1次賸餘,1120319,支付當選後與其公務有關之費用,NPC全國加油站,80983159,0.00,845.00,,,,油資,金錢,,,否,,,,,,,
207,徐巧芯,111年臺北市議員選舉,第1次賸餘,1120319,支付當選後與其公務有關之費用,UberEats,83118602,0.00,3633.00,,,,餐飲費用,金錢,,,否,,,,,,,
208,徐巧芯,111年臺北市議員選舉,第1次賸餘,1120319,支付當選後與其公務有關之費用,UberEats,83118602,0.00,35.00,,,,餐飲費用,金錢,,,否,,,,,,,
209,徐巧芯,111年臺北市議員選舉,第1次賸餘,1120320,支付當選後與其公務有關之費用,愛買a.mart,70813178,0.00,2620.00,,,,餐飲費用,金錢,,,否,,,,,,,
210,徐巧芯,111年臺北市議員選舉,第1次賸餘,1120321,支付當選後與其公務有關之費用,台北逸仙郵局,,0.00,64.00,,,,郵寄競選物品或宣傳廣告費用,金錢,臺北市信義區****,,否,,,,,,,
211,徐巧芯,111年臺北市議員選舉,第1次賸餘,1120321,支付當選後與其公務有關之費用,台灣中油,01606300,0.00,1000.00,,,,油資,金錢,,,否,,,,,,,
212,徐巧芯,111年臺北市議員選舉,第1次賸餘,1120321,支付當選後與其公務有關之費用,珠寶盒法式點心坊,52676617,0.00,520.00,,,,餐飲費用,金錢,,,否,,,,,,,
213,徐巧芯,111年臺北市議員選舉,第1次賸餘,1120321,支付當選後與其公務有關之費用,FamilyMart,80346808,0.00,240.00,,,,雜項購置或修繕費用,金錢,,,否,,,,,,,
214,徐巧芯,111年臺北市議員選舉,第1次賸餘,1120322,支付當選後與其公務有關之費用,欣欣百貨,11364230,0.00,260.00,,,,餐飲費用,金錢,,,否,,,,,,,
215,徐巧芯,111年臺北市議員選舉,第1次賸餘,1120322,支付當選後與其公務有關之費用,欣欣百貨,11364230,0.00,135.00,,,,餐飲費用,金錢,,,否,,,,,,,
216,徐巧芯,111年臺北市議員選舉,第1次賸餘,1120322,支付當選後與其公務有關之費用,欣欣百貨,11364230,0.00,470.00,,,,餐飲費用,金錢,,,否,,,,,,,
217,徐巧芯,111年臺北市議員選舉,第1次賸餘,1120322,支付當選後與其公務有關之費用,FamilyMart,53666807,0.00,275.00,,,,雜項購置或修繕費用,金錢,,,否,,,,,,,
218,徐巧芯,111年臺北市議員選舉,第1次賸餘,1120322,支付當選後與其公務有關之費用,全家便利商店股份有限公司-敦中分公司,53666807,0.00,275.00,,,,雜項購置或修繕費用,金錢,,,否,,,,,,,
219,徐巧芯,111年臺北市議員選舉,第1次賸餘,1120323,支付當選後與其公務有關之費用,台灣中油,01606343,0.00,170.00,,,,油資,金錢,,,否,,,,,,,
220,徐巧芯,111年臺北市議員選舉,第1次賸餘,1120323,支付當選後與其公務有關之費用,台灣中油,01606343,0.00,1475.00,,,,油資,金錢,,,否,,,,,,,
221,徐巧芯,111年臺北市議員選舉,第1次賸餘,1120323,支付當選後與其公務有關之費用,NPC全國加油站,80983159,0.00,90.00,,,,油資,金錢,,,否,,,,,,,
222,徐巧芯,111年臺北市議員選舉,第1次賸餘,1120323,支付當選後與其公務有關之費用,NPC全國加油站,80983159,0.00,1000.00,,,,油資,金錢,,,否,,,,,,,
223,徐巧芯,111年臺北市議員選舉,第1次賸餘,1120323,支付當選後與其公務有關之費用,葛厚函,F12*******,0.00,1600.00,,,,其他因工作酬勞之給付,金錢,,,否,,,,,,,
224,徐巧芯,111年臺北市議員選舉,第1次賸餘,1120323,支付當選後與其公務有關之費用,葛厚函,F12*******,0.00,1600.00,,,,工資或薪津,金錢,,,否,,,,,,,
225,徐巧芯,111年臺北市議員選舉,第1次賸餘,1120324,支付當選後與其公務有關之費用,計程車,,0.00,190.00,,,,搭乘交通工具費用,金錢,,0289*****,否,,,,,,,
226,徐巧芯,111年臺北市議員選舉,第1次賸餘,1120324,支付當選後與其公務有關之費用,金品茶樓股份有限公司,28821794,0.00,5418.00,,,,餐飲費用,金錢,,,否,,,,,,,
227,徐巧芯,111年臺北市議員選舉,第1次賸餘,1120324,支付當選後與其公務有關之費用,自然風樂活小吃店,76376701,0.00,11792.00,,,,餐飲費用,金錢,,,否,,,,,,,
228,徐巧芯,111年臺北市議員選舉,第1次賸餘,1120324,支付當選後與其公務有關之費用,正好停,88095810,0.00,85.00,,,,停車費,金錢,,,否,,,,,,,
229,徐巧芯,111年臺北市議員選舉,第1次賸餘,1120324,支付當選後與其公務有關之費用,正好停,88095826,0.00,45.00,,,,停車費,金錢,,,否,,,,,,,
230,徐巧芯,111年臺北市議員選舉,第1次賸餘,1120324,支付當選後與其公務有關之費用,星耀廣告有限公司,89124335,0.00,41032.00,,,,製作競選物品或宣傳廣告費用,金錢,新北市樹林區****,,否,,,,,,,
231,徐巧芯,111年臺北市議員選舉,第1次賸餘,1120325,支付當選後與其公務有關之費用,天仁茗茶,23116003,0.00,250.00,,,,餐飲費用,金錢,,,否,,,,,,,
232,徐巧芯,111年臺北市議員選舉,第1次賸餘,1120325,支付當選後與其公務有關之費用,泰融雲泰小館,48806743,0.00,1883.00,,,,餐飲費用,金錢,,,否,,,,,,,
233,徐巧芯,111年臺北市議員選舉,第1次賸餘,1120325,支付當選後與其公務有關之費用,勝新企業社,48886838,0.00,954.00,,,,雜項購置或修繕費用,金錢,,,否,,,,,,,
234,徐巧芯,111年臺北市議員選舉,第1次賸餘,1120326,支付當選後與其公務有關之費用,台灣中油,01802128,0.00,1000.00,,,,油資,金錢,,,否,,,,,,,
235,徐巧芯,111年臺北市議員選舉,第1次賸餘,1120326,支付當選後與其公務有關之費用,劍潭海外青年活動中心,04124221,0.00,80.00,,,,停車費,金錢,,,否,,,,,,,
236,徐巧芯,111年臺北市議員選舉,第1次賸餘,1120326,支付當選後與其公務有關之費用,STARBUCKS,24561924,0.00,425.00,,,,餐飲費用,金錢,,,否,,,,,,,
237,徐巧芯,111年臺北市議員選舉,第1次賸餘,1120326,支付當選後與其公務有關之費用,君悅食品行,81706695,0.00,1346.00,,,,餐飲費用,金錢,,,否,,,,,,,
238,徐巧芯,111年臺北市議員選舉,第1次賸餘,1120326,支付當選後與其公務有關之費用,嘟嘟房,88237439,0.00,315.00,,,,停車費,金錢,,,否,,,,,,,
239,徐巧芯,111年臺北市議員選舉,第1次賸餘,1120326,支付當選後與其公務有關之費用,羅連煌,G12*******,0.00,800.00,,,,當選後與其公務有關之費用支出,金錢,,,否,,,,,,,
240,徐巧芯,111年臺北市議員選舉,第1次賸餘,1120326,支付當選後與其公務有關之費用,林盈秀,S22*******,0.00,800.00,,,,當選後與其公務有關之費用支出,金錢,,,否,,,,,,,
241,徐巧芯,111年臺北市議員選舉,第1次賸餘,1120327,支付當選後與其公務有關之費用,台北市政府環保局,,0.00,1575.00,,,,雜項購置或修繕費用,金錢,台北市信義區****,,否,,,,,,,
242,徐巧芯,111年臺北市議員選舉,第1次賸餘,1120327,支付當選後與其公務有關之費用,7-ELEVEN,53016797,0.00,55.00,,,,餐飲費用,金錢,,,否,,,,,,,
243,徐巧芯,111年臺北市議員選舉,第1次賸餘,1120328,支付當選後與其公務有關之費用,恆澤興業有限公司,,0.00,5250.00,,,,雜項購置或修繕費用,金錢,,2727*****,否,,,,,,,
244,徐巧芯,111年臺北市議員選舉,第1次賸餘,1120328,支付當選後與其公務有關之費用,台富小吃店,10377095,0.00,810.00,,,,餐飲費用,金錢,,,否,,,,,,,
245,徐巧芯,111年臺北市議員選舉,第1次賸餘,1120328,支付當選後與其公務有關之費用,紅象股份有限公司泰滾南京營業所,74722896,0.00,726.00,,,,餐飲費用,金錢,,,否,,,,,,,
246,徐巧芯,111年臺北市議員選舉,第1次賸餘,1120328,支付當選後與其公務有關之費用,NPC全國加油站,80983159,0.00,1000.00,,,,油資,金錢,,,否,,,,,,,
247,徐巧芯,111年臺北市議員選舉,第1次賸餘,1120328,支付當選後與其公務有關之費用,翌風創意行銷有限公司,90099931,0.00,700000.00,,,,製作競選物品或宣傳廣告費用,金錢,臺北市中山區****,,否,,,,,,,
248,徐巧芯,111年臺北市議員選舉,第1次賸餘,1120329,支付當選後與其公務有關之費用,台北逸仙郵局,,0.00,44.00,,,,郵寄競選物品或宣傳廣告費用,金錢,臺北市信義區****,,否,,,,,,,
249,徐巧芯,111年臺北市議員選舉,第1次賸餘,1120329,支付當選後與其公務有關之費用,台北市路邊停車費,,0.00,243.00,,,,停車費,金錢,臺北市信義區****,,否,,,,,,,
250,徐巧芯,111年臺北市議員選舉,第1次賸餘,1120329,支付當選後與其公務有關之費用,台北市美術館停車場,14102936,0.00,90.00,,,,停車費,金錢,,,否,,,,,,,
251,徐巧芯,111年臺北市議員選舉,第1次賸餘,1120329,支付當選後與其公務有關之費用,TEATOP,42456614,0.00,175.00,,,,餐飲費用,金錢,,,否,,,,,,,
252,徐巧芯,111年臺北市議員選舉,第1次賸餘,1120330,支付當選後與其公務有關之費用,台灣中油,01606343,0.00,100.00,,,,油資,金錢,,,否,,,,,,,
253,徐巧芯,111年臺北市議員選舉,第1次賸餘,1120330,支付當選後與其公務有關之費用,阿樹國際旅店(股)公司,52632978,0.00,75.00,,,,停車費,金錢,,,否,,,,,,,
254,徐巧芯,111年臺北市議員選舉,第1次賸餘,1120330,支付當選後與其公務有關之費用,阿樹國際旅店(股)公司,52632978,0.00,50.00,,,,停車費,金錢,,,否,,,,,,,
255,徐巧芯,111年臺北市議員選舉,第1次賸餘,1120330,支付當選後與其公務有關之費用,CAFEIN,69702391,0.00,585.00,,,,餐飲費用,金錢,,,否,,,,,,,
256,徐巧芯,111年臺北市議員選舉,第1次賸餘,1120330,支付當選後與其公務有關之費用,葛厚函,F12*******,0.00,3200.00,,,,當選後與其公務有關之費用支出,金錢,,,否,,,,,,,
257,徐巧芯,111年臺北市議員選舉,第1次賸餘,1120331,支付當選後與其公務有關之費用,台灣中油,01113299,0.00,100.00,,,,油資,金錢,,,否,,,,,,,
258,徐巧芯,111年臺北市議員選舉,第1次賸餘,1120331,支付當選後與其公務有關之費用,CITYLINK,28480557,0.00,140.00,,,,餐飲費用,金錢,,,否,,,,,,,
259,徐巧芯,111年臺北市議員選舉,第1次賸餘,1120331,支付當選後與其公務有關之費用,CITYLINK,28480557,0.00,39.00,,,,餐飲費用,金錢,,,否,,,,,,,
260,徐巧芯,111年臺北市議員選舉,第1次賸餘,1120331,支付當選後與其公務有關之費用,潤泰百益股份有限公司,28480557,0.00,304.00,,,,餐飲費用,金錢,,,否,,,,,,,
261,徐巧芯,111年臺北市議員選舉,第1次賸餘,1120331,支付當選後與其公務有關之費用,謝高企業有限公司,84742858,0.00,1392.00,,,,當選後與其公務有關之費用支出,金錢,,,否,,,,,,,
262,徐巧芯,111年臺北市議員選舉,第1次賸餘,1120331,支付當選後與其公務有關之費用,謝高企業有限公司,84742858,0.00,164.00,,,,當選後與其公務有關之費用支出,金錢,,,否,,,,,,,
263,徐巧芯,111年臺北市議員選舉,第1次賸餘,1120401,支付當選後與其公務有關之費用,台灣中油,01802176,0.00,1000.00,,,,油資,金錢,,,否,,,,,,,
264,徐巧芯,111年臺北市議員選舉,第1次賸餘,1120401,支付當選後與其公務有關之費用,7-ELEVEN,22555411,0.00,195.00,,,,餐飲費用,金錢,,,否,,,,,,,
265,徐巧芯,111年臺北市議員選舉,第1次賸餘,1120401,支付當選後與其公務有關之費用,7-ELEVEN,22555411,0.00,202.00,,,,餐飲費用,金錢,,,否,,,,,,,
266,徐巧芯,111年臺北市議員選舉,第1次賸餘,1120401,支付當選後與其公務有關之費用,KFC,54911758,0.00,1230.00,,,,餐飲費用,金錢,,,否,,,,,,,
267,徐巧芯,111年臺北市議員選舉,第1次賸餘,1120401,支付當選後與其公務有關之費用,榮帝昆陽街停車場,73654527,0.00,110.00,,,,停車費,金錢,,,否,,,,,,,
268,徐巧芯,111年臺北市議員選舉,第1次賸餘,1120401,支付當選後與其公務有關之費用,翻點商行,88266790,0.00,300.00,,,,當選後與其公務有關之費用支出,金錢,,,否,,,,,,,
269,徐巧芯,111年臺北市議員選舉,第1次賸餘,1120402,支付當選後與其公務有關之費用,HiLife萊爾富,51440868,0.00,150.00,,,,餐飲費用,金錢,,,否,,,,,,,
270,徐巧芯,111年臺北市議員選舉,第1次賸餘,1120402,支付當選後與其公務有關之費用,Q Burger,88139330,0.00,1788.00,,,,餐飲費用,金錢,,,否,,,,,,,
271,徐巧芯,111年臺北市議員選舉,第1次賸餘,1120403,支付當選後與其公務有關之費用,台灣中油,31932458,0.00,166.00,,,,油資,金錢,,,否,,,,,,,
272,徐巧芯,111年臺北市議員選舉,第1次賸餘,1120403,支付當選後與其公務有關之費用,嘟嘟房,85419694,0.00,50.00,,,,停車費,金錢,,,否,,,,,,,
273,徐巧芯,111年臺北市議員選舉,第1次賸餘,1120403,支付當選後與其公務有關之費用,張韶庭,A22*******,0.00,1500.00,,,,當選後與其公務有關之費用支出,金錢,,,否,,,,,,,
274,徐巧芯,111年臺北市議員選舉,第1次賸餘,1120404,支付當選後與其公務有關之費用,上島咖啡店,53099760,0.00,650.00,,,,餐飲費用,金錢,,,否,,,,,,,
275,徐巧芯,111年臺北市議員選舉,第1次賸餘,1120404,支付當選後與其公務有關之費用,饌食詣有限公司,53318408,0.00,1870.00,,,,餐飲費用,金錢,,,否,,,,,,,
276,徐巧芯,111年臺北市議員選舉,第1次賸餘,1120404,支付當選後與其公務有關之費用,UberEats,83118602,0.00,1870.00,,,,餐飲費用,金錢,,,否,,,,,,,
277,徐巧芯,111年臺北市議員選舉,第1次賸餘,1120405,支付當選後與其公務有關之費用,NPC全國加油站,17766268,0.00,633.00,,,,油資,金錢,,,否,,,,,,,
278,徐巧芯,111年臺北市議員選舉,第1次賸餘,1120405,支付當選後與其公務有關之費用,7-ELEVEN,84445702,0.00,72.00,,,,雜項購置或修繕費用,金錢,,,否,,,,,,,
279,徐巧芯,111年臺北市議員選舉,第1次賸餘,1120406,支付當選後與其公務有關之費用,台灣中油,01802112,0.00,1564.00,,,,油資,金錢,,,否,,,,,,,
280,徐巧芯,111年臺北市議員選舉,第1次賸餘,1120406,支付當選後與其公務有關之費用,7-ELEVEN,22555411,0.00,82.00,,,,餐飲費用,金錢,,,否,,,,,,,
281,徐巧芯,111年臺北市議員選舉,第1次賸餘,1120406,支付當選後與其公務有關之費用,富溢興商行,38567997,0.00,254.00,,,,餐飲費用,金錢,,,否,,,,,,,
282,徐巧芯,111年臺北市議員選舉,第1次賸餘,1120407,支付當選後與其公務有關之費用,台灣中油,01665932,0.00,1000.00,,,,油資,金錢,,,否,,,,,,,
283,徐巧芯,111年臺北市議員選舉,第1次賸餘,1120407,支付當選後與其公務有關之費用,永龍交通事業股份有限公司,03174102,0.00,22050.00,,,,租用宣傳車輛費用,金錢,,,否,,,,,,,
284,徐巧芯,111年臺北市議員選舉,第1次賸餘,1120407,支付當選後與其公務有關之費用,台灣第一味松山店,42350627,0.00,645.00,,,,餐飲費用,金錢,,,否,,,,,,,
285,徐巧芯,111年臺北市議員選舉,第1次賸餘,1120407,支付當選後與其公務有關之費用,日月亭股份有限公司,72743754,0.00,70.00,,,,停車費,金錢,,,否,,,,,,,
286,徐巧芯,111年臺北市議員選舉,第1次賸餘,1120409,支付當選後與其公務有關之費用,計程車,,0.00,405.00,,,,搭乘交通工具費用,金錢,,0289*****,否,,,,,,,
287,徐巧芯,111年臺北市議員選舉,第1次賸餘,1120409,支付當選後與其公務有關之費用,台灣中油,01665932,0.00,1000.00,,,,油資,金錢,,,否,,,,,,,
288,徐巧芯,111年臺北市議員選舉,第1次賸餘,1120409,支付當選後與其公務有關之費用,台灣中油股份有限公司油品行銷事業部台北營業處南港加油站,01665932,0.00,1000.00,,,,汽機車燃料費用,金錢,,,否,,,,,,,
289,徐巧芯,111年臺北市議員選舉,第1次賸餘,1120409,支付當選後與其公務有關之費用,統一超商股份有限公司,22555003,0.00,2.00,,,,垃圾袋,金錢,,,否,,,,,,,
290,徐巧芯,111年臺北市議員選舉,第1次賸餘,1120409,支付當選後與其公務有關之費用,7-ELEVEN,22555003,0.00,2.00,,,,雜項購置或修繕費用,金錢,,,否,,,,,,,
291,徐巧芯,111年臺北市議員選舉,第1次賸餘,1120409,支付當選後與其公務有關之費用,阿樹國際旅店(股)公司,31543042,0.00,50.00,,,,停車費,金錢,,,否,,,,,,,
292,徐巧芯,111年臺北市議員選舉,第1次賸餘,1120409,支付當選後與其公務有關之費用,阿樹國際旅店(股)公司,31543042,0.00,50.00,,,,停車費,金錢,,,否,,,,,,,
293,徐巧芯,111年臺北市議員選舉,第1次賸餘,1120409,支付當選後與其公務有關之費用,UberEats,83118602,0.00,50.00,,,,餐飲費用,金錢,,,否,,,,,,,
294,徐巧芯,111年臺北市議員選舉,第1次賸餘,1120409,支付當選後與其公務有關之費用,QBurger,88139330,0.00,1560.00,,,,餐飲費用,金錢,,,否,,,,,,,
295,徐巧芯,111年臺北市議員選舉,第1次賸餘,1120410,支付當選後與其公務有關之費用,台灣中油,01802112,0.00,1553.00,,,,油資,金錢,,,否,,,,,,,
296,徐巧芯,111年臺北市議員選舉,第1次賸餘,1120410,支付當選後與其公務有關之費用,宜安打字社,48800972,0.00,100000.00,,,,製作競選物品或宣傳廣告費用,金錢,臺北市中正區****,,否,,,,,,,
297,徐巧芯,111年臺北市議員選舉,第1次賸餘,1120410,支付當選後與其公務有關之費用,邵祐,A12*******,0.00,16000.00,,,,當選後與其公務有關之費用支出,金錢,,,否,,,,,,,
298,徐巧芯,111年臺北市議員選舉,第1次賸餘,1120410,支付當選後與其公務有關之費用,林盈秀,S22*******,0.00,16000.00,,,,當選後與其公務有關之費用支出,金錢,,,否,,,,,,,
299,徐巧芯,111年臺北市議員選舉,第1次賸餘,1120411,支付當選後與其公務有關之費用,台灣中油,01606300,0.00,112.00,,,,油資,金錢,,,否,,,,,,,
300,徐巧芯,111年臺北市議員選舉,第1次賸餘,1120411,支付當選後與其公務有關之費用,台灣中油,01606343,0.00,170.00,,,,油資,金錢,,,否,,,,,,,
301,徐巧芯,111年臺北市議員選舉,第1次賸餘,1120411,支付當選後與其公務有關之費用,台灣中油,31932458,0.00,20.00,,,,油資,金錢,,,否,,,,,,,
302,徐巧芯,111年臺北市議員選舉,第1次賸餘,1120411,支付當選後與其公務有關之費用,活動馬戲團企業社,34821110,0.00,200000.00,,,,其他與集會有關之費用,金錢,桃園市桃園區****,,否,,,,,,,
303,徐巧芯,111年臺北市議員選舉,第1次賸餘,1120411,支付當選後與其公務有關之費用,微風南山店,51183903,0.00,1047.00,,,,餐飲費用,金錢,,,否,,,,,,,
304,徐巧芯,111年臺北市議員選舉,第1次賸餘,1120411,支付當選後與其公務有關之費用,台灣中油,78334051,0.00,1000.00,,,,油資,金錢,,,否,,,,,,,
305,徐巧芯,111年臺北市議員選舉,第1次賸餘,1120412,支付當選後與其公務有關之費用,台北市府郵局,,0.00,140.00,,,,郵寄競選物品或宣傳廣告費用,金錢,臺北市信義區****,,否,,,,,,,
306,徐巧芯,111年臺北市議員選舉,第1次賸餘,1120412,支付當選後與其公務有關之費用,台灣中油,01802160,0.00,32.00,,,,油資,金錢,,,否,,,,,,,
307,徐巧芯,111年臺北市議員選舉,第1次賸餘,1120412,支付當選後與其公務有關之費用,永明文具有限公司,53353761,0.00,160.00,,,,文具用品費用,金錢,,,否,,,,,,,
308,徐巧芯,111年臺北市議員選舉,第1次賸餘,1120412,支付當選後與其公務有關之費用,UberEats,83118602,0.00,50.00,,,,餐飲費用,金錢,,,否,,,,,,,
309,徐巧芯,111年臺北市議員選舉,第1次賸餘,1120412,支付當選後與其公務有關之費用,UberEats,83118602,0.00,270.00,,,,餐飲費用,金錢,,,否,,,,,,,
310,徐巧芯,111年臺北市議員選舉,第1次賸餘,1120412,支付當選後與其公務有關之費用,四海加油站,84246529,0.00,24.00,,,,油資,金錢,,,否,,,,,,,
311,徐巧芯,111年臺北市議員選舉,第1次賸餘,1120412,支付當選後與其公務有關之費用,QBurger,88139330,0.00,924.00,,,,餐飲費用,金錢,,,否,,,,,,,
312,徐巧芯,111年臺北市議員選舉,第1次賸餘,1120412,支付當選後與其公務有關之費用,國雲停車,88178092,0.00,60.00,,,,停車費,金錢,,,否,,,,,,,
313,徐巧芯,111年臺北市議員選舉,第1次賸餘,1120412,支付當選後與其公務有關之費用,邱錞榆,A12*******,0.00,1500.00,,,,當選後與其公務有關之費用支出,金錢,,,否,,,,,,,
314,徐巧芯,111年臺北市議員選舉,第1次賸餘,1120413,支付當選後與其公務有關之費用,台灣中油,01802160,0.00,39.00,,,,油資,金錢,,,否,,,,,,,
315,徐巧芯,111年臺北市議員選舉,第1次賸餘,1120413,支付當選後與其公務有關之費用,阿旺的店,26256420,0.00,2500.00,,,,餐飲費用,金錢,,,否,,,,,,,
316,徐巧芯,111年臺北市議員選舉,第1次賸餘,1120413,支付當選後與其公務有關之費用,奧石數位文創股份有限公司,54151861,0.00,41500.00,,,,當選後與其公務有關之費用支出,金錢,臺北市信義區****,,否,,,,,,,
317,徐巧芯,111年臺北市議員選舉,第1次賸餘,1120413,支付當選後與其公務有關之費用,UberEats,83118602,0.00,1370.00,,,,餐飲費用,金錢,,,否,,,,,,,
318,徐巧芯,111年臺北市議員選舉,第1次賸餘,1120413,支付當選後與其公務有關之費用,7-ELEVEN,96977870,0.00,212.00,,,,餐飲費用,金錢,,,否,,,,,,,
319,徐巧芯,111年臺北市議員選舉,第1次賸餘,1120413,支付當選後與其公務有關之費用,葛厚函,F12*******,0.00,1600.00,,,,當選後與其公務有關之費用支出,金錢,,,否,,,,,,,
320,徐巧芯,111年臺北市議員選舉,第1次賸餘,1120414,支付當選後與其公務有關之費用,台灣中油,01113299,0.00,1000.00,,,,油資,金錢,,,否,,,,,,,
321,徐巧芯,111年臺北市議員選舉,第1次賸餘,1120414,支付當選後與其公務有關之費用,台灣中油,01606343,0.00,31.00,,,,油資,金錢,,,否,,,,,,,
322,徐巧芯,111年臺北市議員選舉,第1次賸餘,1120414,支付當選後與其公務有關之費用,台灣中油,01802112,0.00,38.00,,,,油資,金錢,,,否,,,,,,,
323,徐巧芯,111年臺北市議員選舉,第1次賸餘,1120414,支付當選後與其公務有關之費用,台灣中油,01802160,0.00,57.00,,,,油資,金錢,,,否,,,,,,,
324,徐巧芯,111年臺北市議員選舉,第1次賸餘,1120414,支付當選後與其公務有關之費用,育人書局,20841430,0.00,60.00,,,,文具用品費用,金錢,,,否,,,,,,,
325,徐巧芯,111年臺北市議員選舉,第1次賸餘,1120414,支付當選後與其公務有關之費用,UberEats,83118602,0.00,1075.00,,,,餐飲費用,金錢,,,否,,,,,,,
326,徐巧芯,111年臺北市議員選舉,第1次賸餘,1120414,支付當選後與其公務有關之費用,UberEats,83118602,0.00,40.00,,,,餐飲費用,金錢,,,否,,,,,,,
327,徐巧芯,111年臺北市議員選舉,第1次賸餘,1120415,支付當選後與其公務有關之費用,台灣中油,01802112,0.00,10.00,,,,油資,金錢,,,否,,,,,,,
328,徐巧芯,111年臺北市議員選舉,第1次賸餘,1120415,支付當選後與其公務有關之費用,上島咖啡店,53099760,0.00,1140.00,,,,餐飲費用,金錢,,,否,,,,,,,
329,徐巧芯,111年臺北市議員選舉,第1次賸餘,1120415,支付當選後與其公務有關之費用,梁鑫,72933369,0.00,1075.00,,,,餐飲費用,金錢,,,否,,,,,,,
330,徐巧芯,111年臺北市議員選舉,第1次賸餘,1120415,支付當選後與其公務有關之費用,UberEats,83118602,0.00,45.00,,,,餐飲費用,金錢,,,否,,,,,,,
331,徐巧芯,111年臺北市議員選舉,第1次賸餘,1120416,支付當選後與其公務有關之費用,台灣中油,01802112,0.00,20.00,,,,油資,金錢,,,否,,,,,,,
332,徐巧芯,111年臺北市議員選舉,第1次賸餘,1120416,支付當選後與其公務有關之費用,台灣中油,01802160,0.00,28.00,,,,油資,金錢,,,否,,,,,,,
333,徐巧芯,111年臺北市議員選舉,第1次賸餘,1120416,支付當選後與其公務有關之費用,NPC全國加油站,17766268,0.00,951.00,,,,油資,金錢,,,否,,,,,,,
334,徐巧芯,111年臺北市議員選舉,第1次賸餘,1120416,支付當選後與其公務有關之費用,McDonald's,23527603,0.00,1294.00,,,,餐飲費用,金錢,,,否,,,,,,,
335,徐巧芯,111年臺北市議員選舉,第1次賸餘,1120416,支付當選後與其公務有關之費用,太平洋電線電纜股份有限公司二重停車場,31543042,0.00,30.00,,,,停車費,金錢,,,否,,,,,,,
336,徐巧芯,111年臺北市議員選舉,第1次賸餘,1120416,支付當選後與其公務有關之費用,7-ELEVEN,54916439,0.00,137.00,,,,餐飲費用,金錢,,,否,,,,,,,
337,徐巧芯,111年臺北市議員選舉,第1次賸餘,1120416,支付當選後與其公務有關之費用,玉瑪超商店,80991469,0.00,100.00,,,,餐飲費用,金錢,,,否,,,,,,,
338,徐巧芯,111年臺北市議員選舉,第1次賸餘,1120416,支付當選後與其公務有關之費用,UberEats,83118602,0.00,40.00,,,,餐飲費用,金錢,,,否,,,,,,,
339,徐巧芯,111年臺北市議員選舉,第1次賸餘,1120416,支付當選後與其公務有關之費用,翌風創意行銷有限公司,90099931,0.00,100000.00,,,,其他與選舉宣傳有關之費用,金錢,臺北市中山區****,,否,,,,,,,
340,徐巧芯,111年臺北市議員選舉,第1次賸餘,1120417,支付當選後與其公務有關之費用,景崙通商大樓管理委員會,,0.00,3000.00,,,,其他與租用競選辦事處有關之費用,金錢,臺北市信義區****,,否,,,,,,,
341,徐巧芯,111年臺北市議員選舉,第1次賸餘,1120417,支付當選後與其公務有關之費用,台灣中油,01802112,0.00,37.00,,,,油資,金錢,,,否,,,,,,,
342,徐巧芯,111年臺北市議員選舉,第1次賸餘,1120417,支付當選後與其公務有關之費用,台灣中油,01802112,0.00,31.00,,,,油資,金錢,,,否,,,,,,,
343,徐巧芯,111年臺北市議員選舉,第1次賸餘,1120417,支付當選後與其公務有關之費用,台灣中油,01802160,0.00,61.00,,,,油資,金錢,,,否,,,,,,,
344,徐巧芯,111年臺北市議員選舉,第1次賸餘,1120417,支付當選後與其公務有關之費用,太平洋電線電纜股份有限公司二重停車場,31543042,0.00,30.00,,,,停車費,金錢,,,否,,,,,,,
345,徐巧芯,111年臺北市議員選舉,第1次賸餘,1120417,支付當選後與其公務有關之費用,樂軒鵝肉店,42324142,0.00,520.00,,,,餐飲費用,金錢,,,否,,,,,,,
346,徐巧芯,111年臺北市議員選舉,第1次賸餘,1120417,支付當選後與其公務有關之費用,UberEats,83118602,0.00,710.00,,,,餐飲費用,金錢,,,否,,,,,,,
347,徐巧芯,111年臺北市議員選舉,第1次賸餘,1120417,支付當選後與其公務有關之費用,7-ELEVEN,90527960,0.00,125.00,,,,餐飲費用,金錢,,,否,,,,,,,
348,徐巧芯,111年臺北市議員選舉,第1次賸餘,1120417,支付當選後與其公務有關之費用,陳暉,A12*******,0.00,55000.00,,,,當選後與其公務有關之費用支出,金錢,臺北市松山區****,,否,,,,,,,
349,徐巧芯,111年臺北市議員選舉,第1次賸餘,1120417,支付當選後與其公務有關之費用,王俊凱,A12*******,0.00,45000.00,,,,當選後與其公務有關之費用支出,金錢,新北市蘆洲區****,,否,,,,,,,
350,徐巧芯,111年臺北市議員選舉,第1次賸餘,1120417,支付當選後與其公務有關之費用,王辰維,A12*******,0.00,45000.00,,,,當選後與其公務有關之費用支出,金錢,臺北市南港區****,,否,,,,,,,
351,徐巧芯,111年臺北市議員選舉,第1次賸餘,1120417,支付當選後與其公務有關之費用,鍾易洋,F13*******,0.00,30000.00,,,,當選後與其公務有關之費用支出,金錢,臺北市大安區****,,否,,,,,,,
352,徐巧芯,111年臺北市議員選舉,第1次賸餘,1120417,支付當選後與其公務有關之費用,林俐伶,F22*******,0.00,45000.00,,,,當選後與其公務有關之費用支出,金錢,新北市中和區****,,否,,,,,,,
353,徐巧芯,111年臺北市議員選舉,第1次賸餘,1120417,支付當選後與其公務有關之費用,王靖椉,P12*******,0.00,45000.00,,,,當選後與其公務有關之費用支出,金錢,臺北市南港區****,,否,,,,,,,
354,徐巧芯,111年臺北市議員選舉,第1次賸餘,1120417,支付當選後與其公務有關之費用,胡渝庭,U22*******,0.00,55000.00,,,,當選後與其公務有關之費用支出,金錢,臺北市北投區****,,否,,,,,,,
355,徐巧芯,111年臺北市議員選舉,第1次賸餘,1120418,支付當選後與其公務有關之費用,計程車,,0.00,125.00,,,,搭乘交通工具費用,金錢,,0227*****,否,,,,,,,
356,徐巧芯,111年臺北市議員選舉,第1次賸餘,1120418,支付當選後與其公務有關之費用,計程車,,0.00,175.00,,,,搭乘交通工具費用,金錢,,0289*****,否,,,,,,,
357,徐巧芯,111年臺北市議員選舉,第1次賸餘,1120418,支付當選後與其公務有關之費用,台灣中油（股）油品行銷事業部台北營業處復興北路加油站,01606300,0.00,24.00,,,,汽機車燃料費用,金錢,,,否,,,,,,,
358,徐巧芯,111年臺北市議員選舉,第1次賸餘,1120418,支付當選後與其公務有關之費用,台灣中油,01802112,0.00,122.00,,,,油資,金錢,,,否,,,,,,,
359,徐巧芯,111年臺北市議員選舉,第1次賸餘,1120418,支付當選後與其公務有關之費用,台灣中油,01802160,0.00,22.00,,,,油資,金錢,,,否,,,,,,,
360,徐巧芯,111年臺北市議員選舉,第1次賸餘,1120418,支付當選後與其公務有關之費用,太平洋電線電纜股份有限公司二重停車場,31543042,0.00,30.00,,,,停車費,金錢,,,否,,,,,,,
361,徐巧芯,111年臺北市議員選舉,第1次賸餘,1120418,支付當選後與其公務有關之費用,UberEats,83118602,0.00,1319.00,,,,餐飲費用,金錢,,,否,,,,,,,
362,徐巧芯,111年臺北市議員選舉,第1次賸餘,1120418,支付當選後與其公務有關之費用,UberEats,83118602,0.00,1065.00,,,,餐飲費用,金錢,,,否,,,,,,,
363,徐巧芯,111年臺北市議員選舉,第1次賸餘,1120419,支付當選後與其公務有關之費用,台灣中油,01606300,0.00,25.00,,,,油資,金錢,,,否,,,,,,,
364,徐巧芯,111年臺北市議員選舉,第1次賸餘,1120419,支付當選後與其公務有關之費用,台灣中油,01606343,0.00,1545.00,,,,油資,金錢,,,否,,,,,,,
365,徐巧芯,111年臺北市議員選舉,第1次賸餘,1120419,支付當選後與其公務有關之費用,台灣中油,01802160,0.00,33.00,,,,油資,金錢,,,否,,,,,,,
366,徐巧芯,111年臺北市議員選舉,第1次賸餘,1120419,支付當選後與其公務有關之費用,FamilyMart,23060248,0.00,921.00,,,,雜項購置或修繕費用,金錢,,,否,,,,,,,
367,徐巧芯,111年臺北市議員選舉,第1次賸餘,1120419,支付當選後與其公務有關之費用,台灣中油,31932458,0.00,20.00,,,,油資,金錢,,,否,,,,,,,
368,徐巧芯,111年臺北市議員選舉,第1次賸餘,1120419,支付當選後與其公務有關之費用,SUKIYA,42324142,0.00,507.00,,,,餐飲費用,金錢,,,否,,,,,,,
369,徐巧芯,111年臺北市議員選舉,第1次賸餘,1120419,支付當選後與其公務有關之費用,全家便利商店,53662416,0.00,209.00,,,,雜項購置或修繕費用,金錢,,,否,,,,,,,
370,徐巧芯,111年臺北市議員選舉,第1次賸餘,1120419,支付當選後與其公務有關之費用,梁鑫,72933369,0.00,620.00,,,,餐飲費用,金錢,,,否,,,,,,,
371,徐巧芯,111年臺北市議員選舉,第1次賸餘,1120419,支付當選後與其公務有關之費用,UberEats,83118602,0.00,258.00,,,,餐飲費用,金錢,,,否,,,,,,,
372,徐巧芯,111年臺北市議員選舉,第1次賸餘,1120419,支付當選後與其公務有關之費用,UberEats,83118602,0.00,45.00,,,,餐飲費用,金錢,,,否,,,,,,,
373,徐巧芯,111年臺北市議員選舉,第1次賸餘,1120420,支付當選後與其公務有關之費用,計程車,,0.00,140.00,,,,搭乘交通工具費用,金錢,,0227*****,否,,,,,,,
374,徐巧芯,111年臺北市議員選舉,第1次賸餘,1120420,支付當選後與其公務有關之費用,台灣中油,01113283,0.00,14.00,,,,油資,金錢,,,否,,,,,,,
375,徐巧芯,111年臺北市議員選舉,第1次賸餘,1120420,支付當選後與其公務有關之費用,台灣中油,01113283,0.00,35.00,,,,油資,金錢,,,否,,,,,,,
376,徐巧芯,111年臺北市議員選舉,第1次賸餘,1120420,支付當選後與其公務有關之費用,7-ELEVEN,28996739,0.00,125.00,,,,餐飲費用,金錢,,,否,,,,,,,
377,徐巧芯,111年臺北市議員選舉,第1次賸餘,1120420,支付當選後與其公務有關之費用,台灣中油,31932458,0.00,35.00,,,,油資,金錢,,,否,,,,,,,
378,徐巧芯,111年臺北市議員選舉,第1次賸餘,1120420,支付當選後與其公務有關之費用,勝佳百貨松山店,53353761,0.00,190.00,,,,雜項購置或修繕費用,金錢,,,否,,,,,,,
379,徐巧芯,111年臺北市議員選舉,第1次賸餘,1120420,支付當選後與其公務有關之費用,7-ELEVEN,80355377,0.00,129.00,,,,餐飲費用,金錢,,,否,,,,,,,
380,徐巧芯,111年臺北市議員選舉,第1次賸餘,1120420,支付當選後與其公務有關之費用,UberEats,83118602,0.00,55.00,,,,餐飲費用,金錢,,,否,,,,,,,
381,徐巧芯,111年臺北市議員選舉,第1次賸餘,1120420,支付當選後與其公務有關之費用,呈信鵝肉,83179115,0.00,1303.00,,,,餐飲費用,金錢,,,否,,,,,,,
382,徐巧芯,111年臺北市議員選舉,第1次賸餘,1120420,支付當選後與其公務有關之費用,大苑子,83709206,0.00,721.00,,,,餐飲費用,金錢,,,否,,,,,,,
383,徐巧芯,111年臺北市議員選舉,第1次賸餘,1120420,支付當選後與其公務有關之費用,7-ELEVEN,91052809,0.00,1225.00,,,,雜項購置或修繕費用,金錢,,,否,,,,,,,
384,徐巧芯,111年臺北市議員選舉,第1次賸餘,1120420,支付當選後與其公務有關之費用,邱錞榆,A12*******,0.00,500.00,,,,當選後與其公務有關之費用支出,金錢,,,否,,,,,,,
385,徐巧芯,111年臺北市議員選舉,第1次賸餘,1120420,支付當選後與其公務有關之費用,葛厚函,F12*******,0.00,1600.00,,,,當選後與其公務有關之費用支出,金錢,,,否,,,,,,,
386,徐巧芯,111年臺北市議員選舉,第1次賸餘,1120421,支付當選後與其公務有關之費用,台灣中油,01113283,0.00,45.00,,,,油資,金錢,,,否,,,,,,,
387,徐巧芯,111年臺北市議員選舉,第1次賸餘,1120421,支付當選後與其公務有關之費用,7-ELEVEN,22555411,0.00,138.00,,,,餐飲費用,金錢,,,否,,,,,,,
388,徐巧芯,111年臺北市議員選舉,第1次賸餘,1120421,支付當選後與其公務有關之費用,Q Burger,88139330,0.00,184.00,,,,餐飲費用,金錢,,,否,,,,,,,
389,徐巧芯,111年臺北市議員選舉,第1次賸餘,1120422,支付當選後與其公務有關之費用,景崙通商大樓管理委員會,,0.00,3000.00,,,,其他與租用競選辦事處有關之費用,金錢,臺北市信義區****,,否,,,,,,,
390,徐巧芯,111年臺北市議員選舉,第1次賸餘,1120422,支付當選後與其公務有關之費用,甘泉豆花,73689384,0.00,125.00,,,,餐飲費用,金錢,,,否,,,,,,,
391,徐巧芯,111年臺北市議員選舉,第1次賸餘,1120427,支付當選後與其公務有關之費用,NPC全國加油站,17766268,0.00,120.00,,,,汽機車燃料費用,金錢,,,否,,,,,,,
392,徐巧芯,111年臺北市議員選舉,第1次賸餘,1120427,支付當選後與其公務有關之費用,葛厚函,F12*******,0.00,4800.00,,,,當選後與其公務有關之費用支出,金錢,,,否,,,,,,,
393,徐巧芯,111年臺北市議員選舉,第1次賸餘,1120429,支付當選後與其公務有關之費用,大眾茗茶商行,98950124,0.00,100000.00,,,,聯誼交際費用,金錢,臺中市大里區****,,否,,,,,,,
394,徐巧芯,111年臺北市議員選舉,第1次賸餘,1120501,支付當選後與其公務有關之費用,魏隆乾,Y10*******,0.00,45000.00,,,,為民服務費用,金錢,臺北市北投區****,,否,,,,,,,
395,徐巧芯,111年臺北市議員選舉,第1次賸餘,1120502,支付當選後與其公務有關之費用,NPC全國加油站,80983159,0.00,120.00,,,,油資,金錢,,,否,,,,,,,
396,徐巧芯,111年臺北市議員選舉,第1次賸餘,1120502,支付當選後與其公務有關之費用,陳暉,A12*******,0.00,80000.00,,,,當選後與其公務有關之費用支出,金錢,臺北市松山區****,,否,,,,,,,
397,徐巧芯,111年臺北市議員選舉,第1次賸餘,1120502,支付當選後與其公務有關之費用,王辰維,A12*******,0.00,70000.00,,,,當選後與其公務有關之費用支出,金錢,臺北市南港區****,,否,,,,,,,
398,徐巧芯,111年臺北市議員選舉,第1次賸餘,1120502,支付當選後與其公務有關之費用,王俊凱,A12*******,0.00,60000.00,,,,當選後與其公務有關之費用支出,金錢,新北市蘆洲區****,,否,,,,,,,
399,徐巧芯,111年臺北市議員選舉,第1次賸餘,1120502,支付當選後與其公務有關之費用,鍾易洋,F13*******,0.00,40000.00,,,,當選後與其公務有關之費用支出,金錢,臺北市大安區****,,否,,,,,,,
400,徐巧芯,111年臺北市議員選舉,第1次賸餘,1120502,支付當選後與其公務有關之費用,林俐伶,F22*******,0.00,70000.00,,,,當選後與其公務有關之費用支出,金錢,新北市中和區****,,否,,,,,,,
401,徐巧芯,111年臺北市議員選舉,第1次賸餘,1120502,支付當選後與其公務有關之費用,王靖椉,P12*******,0.00,60000.00,,,,當選後與其公務有關之費用支出,金錢,臺北市南港區****,,否,,,,,,,
402,徐巧芯,111年臺北市議員選舉,第1次賸餘,1120502,支付當選後與其公務有關之費用,胡渝庭,U22*******,0.00,70000.00,,,,當選後與其公務有關之費用支出,金錢,臺北市北投區****,,否,,,,,,,
403,徐巧芯,111年臺北市議員選舉,第1次賸餘,1120504,支付當選後與其公務有關之費用,葛厚函,F12*******,0.00,1600.00,,,,當選後與其公務有關之費用支出,金錢,,,否,,,,,,,
404,徐巧芯,111年臺北市議員選舉,第1次賸餘,1120511,支付當選後與其公務有關之費用,葛厚函,F12*******,0.00,1600.00,,,,當選後與其公務有關之費用支出,金錢,,,否,,,,,,,
405,徐巧芯,111年臺北市議員選舉,第1次賸餘,1120512,支付當選後與其公務有關之費用,美德耐股份有限公司台科大商場,42541289,0.00,20.00,,,,餐飲費用,金錢,,,否,,,,,,,
406,徐巧芯,111年臺北市議員選舉,第1次賸餘,1120512,支付當選後與其公務有關之費用,美德耐股份有限公司台科大商場,42541289,0.00,215.00,,,,餐飲費用,金錢,,,否,,,,,,,
407,徐巧芯,111年臺北市議員選舉,第1次賸餘,1120703,支付當選後與其公務有關之費用,格上汽車租賃股份有限公司,12208883,0.00,31036.00,,,,當選後與其公務有關之費用支出,金錢,臺北市大安區****,,否,,,,,,,
408,徐巧芯,111年臺北市議員選舉,第1次賸餘,1120703,支付當選後與其公務有關之費用,格上汽車租賃股份有限公司,12208883,0.00,52900.00,,,,當選後與其公務有關之費用支出,金錢,臺北市大安區****,,否,,,,,,,
409,徐巧芯,111年臺北市議員選舉,第1次賸餘,1120718,支付當選後與其公務有關之費用,第四七四O分公司,83694914,0.00,25.00,,,,雜項購置或修繕費用,金錢,,,否,,,,,,,
410,徐巧芯,111年臺北市議員選舉,第1次賸餘,1120807,支付當選後與其公務有關之費用,林孜容,F22*******,0.00,500.00,,,,當選後與其公務有關之費用支出,金錢,,,否,,,,,,,
411,徐巧芯,111年臺北市議員選舉,第1次賸餘,1120815,支付當選後與其公務有關之費用,方圓一脈有限公司,54161426,0.00,24000.00,,,,為民服務費用,金錢,,,否,,,,,,,
412,徐巧芯,111年臺北市議員選舉,第1次賸餘,1120928,支付當選後與其公務有關之費用,格上汽車租賃股份有限公司,12208883,0.00,46900.00,,,,當選後與其公務有關之費用支出,金錢,臺北市大安區****,,否,,,,,,,
413,徐巧芯,111年臺北市議員選舉,第1次賸餘,1121017,支付當選後與其公務有關之費用,六分埔有限公司,13092381,0.00,22040.00,,,,當選後與其公務有關之費用支出,金錢,臺北市大同區****,,否,,,,,,,
414,徐巧芯,111年臺北市議員選舉,第1次賸餘,1121228,支付當選後與其公務有關之費用,台灣中油股份有限公司油品行銷事業部台北營業處基隆路加,01802112,0.00,167.00,,,,汽機車燃料費用,金錢,,,否,,,,,,,
415,徐巧芯,111年臺北市議員選舉,第1次賸餘,1130403,返還捐贈支出,周衛敏,,0.00,30000.00,匯款,,,期後收受,金錢,,8982*****,否,,,,,,,
416,徐巧芯,111年臺北市議員選舉,第1次賸餘,1130403,返還捐贈支出,莫國箴建築師事務所,26281075,0.00,50000.00,匯款,,,期後收受返還,金錢,台北市信義區****,,否,,,,,,,
417,徐巧芯,111年臺北市議員選舉,第1次賸餘,1130408,返還捐贈支出,張照明,,0.00,1000.00,匯款,,,期後收受返還,金錢,,2393*****,否,,,,,,,
418,徐巧芯,111年臺北市議員選舉,第1次賸餘,1130415,繳庫支出,監察院,03753307,0.00,10000.00,,,,繳庫支出,金錢,台北市忠孝東****,,否,,,,,,,
419,徐巧芯,111年臺北市議員選舉,第1次賸餘,1130415,繳庫支出,監察院,03753307,0.00,1000.00,,,,繳庫支出,金錢,台北市忠孝東****,,否,,,,,,,
