﻿序號,擬參選人／政黨,選舉名稱,申報序號／年度,交易日期,收支科目,捐贈者／支出對象,身分證／統一編號,收入金額,支出金額,支出用途,金錢類,地址,聯絡電話,資料更正日期
1,鄭碧玉,107年縣(市)議員選舉,首次申報,1071029,個人捐贈收入,楊得君,,800.00,0.00,,非金錢,苗栗縣苗栗市****,0903*****,
2,鄭碧玉,107年縣(市)議員選舉,首次申報,1071029,個人捐贈收入,劉榮富,,800.00,0.00,,非金錢,,0937*****,
3,鄭碧玉,107年縣(市)議員選舉,首次申報,1071029,個人捐贈收入,徐玉蘭,,2000.00,0.00,,非金錢,,0932*****,
4,鄭碧玉,107年縣(市)議員選舉,首次申報,1071029,個人捐贈收入,管世鉦,K12*******,100000.00,0.00,,金錢,苗栗縣公館鄉****,0922*****,
5,鄭碧玉,107年縣(市)議員選舉,首次申報,1071029,個人捐贈收入,羅國霖,K12*******,100000.00,0.00,,金錢,苗栗縣苗栗市****,0937*****,
6,鄭碧玉,107年縣(市)議員選舉,首次申報,1071029,個人捐贈收入,羅國郡,K12*******,100000.00,0.00,,金錢,苗栗縣苗栗市****,,
7,鄭碧玉,107年縣(市)議員選舉,首次申報,1071029,個人捐贈收入,張偉琳,K22*******,100000.00,0.00,,金錢,苗栗縣苗栗市****,,
8,鄭碧玉,107年縣(市)議員選舉,首次申報,1071030,個人捐贈收入,黃麗岑,,2000.00,0.00,,非金錢,,0933*****,
9,鄭碧玉,107年縣(市)議員選舉,首次申報,1071030,營利事業捐贈收入,康益股份有限公司,16050315,100000.00,0.00,,金錢,苗栗縣苗栗市****,,
10,鄭碧玉,107年縣(市)議員選舉,首次申報,1071030,個人捐贈收入,邱元吉,K10*******,100000.00,0.00,,金錢,苗栗縣苗栗市****,037-*****,
11,鄭碧玉,107年縣(市)議員選舉,首次申報,1071030,個人捐贈收入,羅郁淩,K22*******,100000.00,0.00,,金錢,苗栗縣公館鄉****,0922*****,
12,鄭碧玉,107年縣(市)議員選舉,首次申報,1071101,匿名捐贈,匿名,,1600.00,0.00,,非金錢,,,
13,鄭碧玉,107年縣(市)議員選舉,首次申報,1071101,營利事業捐贈收入,天虹科技股份有限公司,80211920,20000.00,0.00,,金錢,新竹縣竹北市****,03-6*****,
14,鄭碧玉,107年縣(市)議員選舉,首次申報,1071102,個人捐贈收入,林賢坤,K12*******,20000.00,0.00,,金錢,苗栗縣苗栗市****,0910*****,
15,鄭碧玉,107年縣(市)議員選舉,首次申報,1071102,個人捐贈收入,張球煌,K12*******,100000.00,0.00,,金錢,苗栗縣苗栗市****,0918*****,
16,鄭碧玉,107年縣(市)議員選舉,首次申報,1071102,個人捐贈收入,陳國良,K12*******,9600.00,0.00,,非金錢,苗栗縣公館鄉****,,
17,鄭碧玉,107年縣(市)議員選舉,首次申報,1071105,個人捐贈收入,徐玄治,K12*******,10000.00,0.00,,金錢,苗栗縣苗栗市****,0933*****,
18,鄭碧玉,107年縣(市)議員選舉,首次申報,1071106,匿名捐贈,匿名,,1600.00,0.00,,非金錢,,,
19,鄭碧玉,107年縣(市)議員選舉,首次申報,1071108,營利事業捐贈收入,三暉租賃實業社,26847093,100000.00,0.00,,金錢,苗栗縣苗栗市****,0937*****,
20,鄭碧玉,107年縣(市)議員選舉,首次申報,1071108,個人捐贈收入,傅和田,K10*******,30000.00,0.00,,金錢,苗栗縣苑裡鎮****,0933*****,
21,鄭碧玉,107年縣(市)議員選舉,首次申報,1071111,個人捐贈收入,徐德安,K10*******,30000.00,0.00,,金錢,苗栗縣苗栗市****,037-*****,
22,鄭碧玉,107年縣(市)議員選舉,首次申報,1071112,匿名捐贈,匿名,,800.00,0.00,,非金錢,,,
23,鄭碧玉,107年縣(市)議員選舉,首次申報,1071114,個人捐贈收入,鄭萬經,A10*******,10000.00,0.00,,金錢,臺北市信義區****,02-2*****,
24,鄭碧玉,107年縣(市)議員選舉,首次申報,1071116,個人捐贈收入,鄭中德,K10*******,20000.00,0.00,,金錢,苗栗縣苗栗市****,037-*****,
25,鄭碧玉,107年縣(市)議員選舉,首次申報,1071116,個人捐贈收入,陳玟憲,K12*******,20000.00,0.00,,金錢,苗栗縣公館鄉****,0935*****,
26,鄭碧玉,107年縣(市)議員選舉,首次申報,1071117,個人捐贈收入,徐志仁,K12*******,10000.00,0.00,,金錢,苗栗縣苗栗市****,0933*****,
27,鄭碧玉,107年縣(市)議員選舉,首次申報,1071117,個人捐贈收入,陳柏羽,L12*******,10000.00,0.00,,金錢,苗栗縣公館鄉****,0911*****,
28,鄭碧玉,107年縣(市)議員選舉,首次申報,1071120,個人捐贈收入,黃育翎,K20*******,30000.00,0.00,,金錢,苗栗縣公館鄉****,0911*****,
29,鄭碧玉,107年縣(市)議員選舉,首次申報,1071123,個人捐贈收入,古淑娘,K20*******,8800.00,0.00,,金錢,苗栗縣苗栗市****,0920*****,
30,鄭碧玉,107年縣(市)議員選舉,首次申報,1071127,其他收入,利息收入,,13.00,0.00,,金錢,,,
