﻿序號,擬參選人／政黨,選舉名稱,申報序號／年度,交易日期,收支科目,捐贈者／支出對象,身分證／統一編號,收入金額,支出金額,支出用途,金錢類,地址,聯絡電話,資料更正日期
1,洪毓彬,107年直轄市議員選舉,首次申報,1070905,匿名捐贈,匿名,,1680.00,0.00,,金錢,,,
2,洪毓彬,107年直轄市議員選舉,首次申報,1070911,匿名捐贈,匿名1,,2000.00,0.00,,金錢,,,
3,洪毓彬,107年直轄市議員選舉,首次申報,1070927,政黨捐贈收入,親民黨,政黨證字第90號,200000.00,0.00,,金錢,台北市長安東****,(02)*****,
4,洪毓彬,107年直轄市議員選舉,首次申報,1071005,個人捐贈收入,李鴻鈞,,6000.00,0.00,,非金錢,臺北市中正區****,,
5,洪毓彬,107年直轄市議員選舉,首次申報,1071022,營利事業捐贈收入,寰良有限公司,52490176,100000.00,0.00,,金錢,臺中市南區江****,,
6,洪毓彬,107年直轄市議員選舉,首次申報,1071023,匿名捐贈,匿名2,,2000.00,0.00,,金錢,,,
7,洪毓彬,107年直轄市議員選舉,首次申報,1071023,匿名捐贈,匿名3,,2000.00,0.00,,金錢,,,
8,洪毓彬,107年直轄市議員選舉,首次申報,1071023,匿名捐贈,匿名,,6000.00,0.00,,金錢,,,
9,洪毓彬,107年直轄市議員選舉,首次申報,1071023,個人捐贈收入,鄭伊婷,C22*******,20000.00,0.00,,金錢,新北市板橋區****,,
10,洪毓彬,107年直轄市議員選舉,首次申報,1071023,個人捐贈收入,鄭伊婷,C22*******,30000.00,0.00,,金錢,新北市板橋區****,,
11,洪毓彬,107年直轄市議員選舉,首次申報,1071028,個人捐贈收入,陳恩貴,M10*******,30000.00,0.00,,金錢,高雄市三民區****,,
12,洪毓彬,107年直轄市議員選舉,首次申報,1071028,個人捐贈收入,黃雪霞,S22*******,30000.00,0.00,,金錢,高雄市三民區****,,
13,洪毓彬,107年直轄市議員選舉,首次申報,1071030,匿名捐贈,匿名,,6000.00,0.00,,金錢,,,
14,洪毓彬,107年直轄市議員選舉,首次申報,1071030,政黨捐贈收入,親民黨,政黨證字第90號,50000.00,0.00,,金錢,台北市長安東****,(02)*****,
15,洪毓彬,107年直轄市議員選舉,首次申報,1071031,匿名捐贈,匿名2,,1000.00,0.00,,金錢,,,
16,洪毓彬,107年直轄市議員選舉,首次申報,1071031,個人捐贈收入,楊福長,T12*******,20000.00,0.00,,金錢,臺中市南區五****,,
17,洪毓彬,107年直轄市議員選舉,首次申報,1071101,匿名捐贈,匿名1,,6000.00,0.00,,金錢,,,
18,洪毓彬,107年直轄市議員選舉,首次申報,1071101,匿名捐贈,匿名,,2000.00,0.00,,金錢,,,
19,洪毓彬,107年直轄市議員選舉,首次申報,1071101,匿名捐贈,匿名1,,10000.00,0.00,,金錢,,,
20,洪毓彬,107年直轄市議員選舉,首次申報,1071101,個人捐贈收入,洪聖崴,S12*******,60000.00,0.00,,金錢,高雄市前鎮區****,,
21,洪毓彬,107年直轄市議員選舉,首次申報,1071101,個人捐贈收入,楊玉照,T12*******,20000.00,0.00,,金錢,,,
22,洪毓彬,107年直轄市議員選舉,首次申報,1071101,個人捐贈收入,楊玉霞,T20*******,10000.00,0.00,,金錢,,,
23,洪毓彬,107年直轄市議員選舉,首次申報,1071101,個人捐贈收入,楊慧琪,T22*******,10000.00,0.00,,金錢,,,
24,洪毓彬,107年直轄市議員選舉,首次申報,1071103,匿名捐贈,匿名3,,2000.00,0.00,,金錢,,,
25,洪毓彬,107年直轄市議員選舉,首次申報,1071110,個人捐贈收入,白逸翰,E12*******,13000.00,0.00,,金錢,高雄市小港區****,,
26,洪毓彬,107年直轄市議員選舉,首次申報,1071110,個人捐贈收入,白逸彥,E12*******,13000.00,0.00,,金錢,高雄市小港區****,,
27,洪毓彬,107年直轄市議員選舉,首次申報,1071111,個人捐贈收入,陳乙棋,T12*******,15000.00,0.00,,金錢,臺北市中正區****,,
28,洪毓彬,107年直轄市議員選舉,首次申報,1071113,個人捐贈收入,楊士鋒,T12*******,13000.00,0.00,,金錢,,,
29,洪毓彬,107年直轄市議員選舉,首次申報,1071114,個人捐贈收入,洪佩鈺,E22*******,20000.00,0.00,,金錢,,,
30,洪毓彬,107年直轄市議員選舉,首次申報,1071115,個人捐贈收入,洪玲惠,E20*******,13000.00,0.00,,金錢,,,
31,洪毓彬,107年直轄市議員選舉,首次申報,1071117,個人捐贈收入,洪榮廷,S12*******,80000.00,0.00,,金錢,高雄市小港區****,,
32,洪毓彬,107年直轄市議員選舉,首次申報,1071118,個人捐贈收入,陳乙棋,T12*******,5000.00,0.00,,金錢,臺北市中正區****,,
33,洪毓彬,107年直轄市議員選舉,首次申報,1071123,個人捐贈收入,陳乙棋,T12*******,5000.00,0.00,,金錢,臺北市中正區****,,
34,洪毓彬,107年直轄市議員選舉,首次申報,1071221,其他收入,利息收入,,32.00,0.00,,金錢,,,
