﻿序號,擬參選人／政黨,選舉名稱,申報序號／年度,交易日期,收支科目,捐贈者／支出對象,身分證／統一編號,收入金額,支出金額,捐贈方式,存入專戶日期,返還/繳庫,支出用途,金錢類,地址,聯絡電話,應揭露之支出對象,支出對象之內部人員姓名,支出對象之內部人員職稱,政黨之內部人員姓名,政黨之內部人員職稱,關係,更正註記,資料更正日期
1,黃欣韻,111年桃園市桃園區瑞慶里里長選舉,首次申報,1111125,返還捐贈支出,布萊克國際股份有限公司,90818587,0.00,50000.00,,,,返還,金錢,新北市蘆洲區****,,否,,,,,,,
2,黃欣韻,111年桃園市桃園區瑞慶里里長選舉,首次申報,1111125,返還捐贈支出,謝家溱,C22*******,0.00,2000.00,,,,返還,金錢,桃園市桃園區****,,否,,,,,,,
3,黃欣韻,111年桃園市桃園區瑞慶里里長選舉,首次申報,1111125,返還捐贈支出,洪武雄,F10*******,0.00,2000.00,,,,返還,金錢,桃園市桃園區****,,否,,,,,,,
4,黃欣韻,111年桃園市桃園區瑞慶里里長選舉,首次申報,1111125,返還捐贈支出,洪武雄,F10*******,0.00,2000.00,,,,返還,金錢,桃園市桃園區****,,否,,,,,,,
5,黃欣韻,111年桃園市桃園區瑞慶里里長選舉,首次申報,1111125,返還捐贈支出,黃滄興,H10*******,0.00,3000.00,,,,返還,金錢,桃園市桃園區****,,否,,,,,,,
6,黃欣韻,111年桃園市桃園區瑞慶里里長選舉,首次申報,1111125,返還捐贈支出,呂朝雄,H10*******,0.00,6000.00,,,,返還,金錢,桃園市桃園區****,,否,,,,,,,
7,黃欣韻,111年桃園市桃園區瑞慶里里長選舉,首次申報,1111125,返還捐贈支出,黃支護,H10*******,0.00,2000.00,,,,返還,金錢,桃園市桃園區****,,否,,,,,,,
8,黃欣韻,111年桃園市桃園區瑞慶里里長選舉,首次申報,1111125,返還捐贈支出,張志成,H12*******,0.00,3000.00,,,,返還,金錢,桃園市桃園區****,,否,,,,,,,
9,黃欣韻,111年桃園市桃園區瑞慶里里長選舉,首次申報,1111125,返還捐贈支出,呂徐玉美,H20*******,0.00,2000.00,,,,返還,金錢,桃園市桃園區****,,否,,,,,,,
10,黃欣韻,111年桃園市桃園區瑞慶里里長選舉,首次申報,1111125,返還捐贈支出,陳木霖,K10*******,0.00,2000.00,,,,返還,金錢,桃園市桃園區****,,否,,,,,,,
11,黃欣韻,111年桃園市桃園區瑞慶里里長選舉,首次申報,1111125,返還捐贈支出,王麗琴,P22*******,0.00,2000.00,,,,返還,金錢,桃園市桃園區****,,否,,,,,,,
12,黃欣韻,111年桃園市桃園區瑞慶里里長選舉,首次申報,1111125,返還捐贈支出,何光彩,Y20*******,0.00,2000.00,,,,返還,金錢,桃園市桃園區****,,否,,,,,,,
