﻿序號,擬參選人／政黨,選舉名稱,申報序號／年度,交易日期,收支科目,捐贈者／支出對象,身分證／統一編號,收入金額,支出金額,捐贈方式,存入專戶日期,返還/繳庫,支出用途,金錢類,地址,聯絡電話,應揭露之支出對象,支出對象之內部人員姓名,支出對象之內部人員職稱,政黨之內部人員姓名,政黨之內部人員職稱,關係,更正註記,資料更正日期
1,龔文俊,111年花蓮縣玉里鎮鎮長選舉,首次申報,1111103,個人捐贈收入,羅光楣,F10*******,100000.00,0.00,匯款,1111103,,,金錢,臺北市內湖區****,02-2*****,,,,,,,,
2,龔文俊,111年花蓮縣玉里鎮鎮長選舉,首次申報,1111103,個人捐贈收入,白明珠,U22*******,100000.00,0.00,匯款,1111103,,,金錢,臺北市內湖區****,0922*****,,,,,,,,
3,龔文俊,111年花蓮縣玉里鎮鎮長選舉,首次申報,1111111,匿名捐贈,匿名,,1500.00,0.00,,,,,非金錢,,,,,,,,,,
4,龔文俊,111年花蓮縣玉里鎮鎮長選舉,首次申報,1111112,個人捐贈收入,黎振祥,U10*******,16000.00,0.00,,,,,非金錢,花蓮縣玉里鎮****,0928*****,,,,,,,,
5,龔文俊,111年花蓮縣玉里鎮鎮長選舉,首次申報,1111113,匿名捐贈,匿名,,1500.00,0.00,,,,,非金錢,,,,,,,,,,
6,龔文俊,111年花蓮縣玉里鎮鎮長選舉,首次申報,1111113,匿名捐贈,匿名,,1500.00,0.00,,,,,非金錢,,,,,,,,,,
7,龔文俊,111年花蓮縣玉里鎮鎮長選舉,首次申報,1111113,匿名捐贈,匿名,,1500.00,0.00,,,,,非金錢,,,,,,,,,,
8,龔文俊,111年花蓮縣玉里鎮鎮長選舉,首次申報,1111113,匿名捐贈,匿名,,1500.00,0.00,,,,,非金錢,,,,,,,,,,
9,龔文俊,111年花蓮縣玉里鎮鎮長選舉,首次申報,1111113,匿名捐贈,匿名,,1500.00,0.00,,,,,非金錢,,,,,,,,,,
10,龔文俊,111年花蓮縣玉里鎮鎮長選舉,首次申報,1111113,匿名捐贈,匿名,,1500.00,0.00,,,,,非金錢,,,,,,,,,,
11,龔文俊,111年花蓮縣玉里鎮鎮長選舉,首次申報,1111113,個人捐贈收入,李志耿,Q12*******,20000.00,0.00,現金,1111114,,,金錢,花蓮縣玉里鎮****,03-8*****,,,,,,,,
12,龔文俊,111年花蓮縣玉里鎮鎮長選舉,首次申報,1111113,個人捐贈收入,黃文忠,U10*******,3000.00,0.00,現金,1111114,,,金錢,花蓮縣玉里鎮****,03-8*****,,,,,,,,
13,龔文俊,111年花蓮縣玉里鎮鎮長選舉,首次申報,1111113,個人捐贈收入,陳善勇,U10*******,10000.00,0.00,現金,1111114,,,金錢,花蓮縣玉里鎮****,0937*****,,,,,,,,
14,龔文俊,111年花蓮縣玉里鎮鎮長選舉,首次申報,1111113,個人捐贈收入,蔡振豐,U10*******,10000.00,0.00,現金,1111114,,,金錢,花蓮縣玉里鎮****,0937*****,,,,,,,,
15,龔文俊,111年花蓮縣玉里鎮鎮長選舉,首次申報,1111113,個人捐贈收入,吳益欽,U10*******,2000.00,0.00,現金,1111114,,,金錢,花蓮縣玉里鎮****,0921*****,,,,,,,,
16,龔文俊,111年花蓮縣玉里鎮鎮長選舉,首次申報,1111113,個人捐贈收入,彭茂松,U12*******,10000.00,0.00,現金,1111114,,,金錢,花蓮縣玉里鎮****,03-8*****,,,,,,,,
17,龔文俊,111年花蓮縣玉里鎮鎮長選舉,首次申報,1111113,個人捐贈收入,陳文忠,U12*******,5000.00,0.00,,,,,非金錢,花蓮縣玉里鎮****,0928*****,,,,,,,,
18,龔文俊,111年花蓮縣玉里鎮鎮長選舉,首次申報,1111113,個人捐贈收入,黃金花,V22*******,1500.00,0.00,,,,,非金錢,花蓮縣玉里鎮****,0933*****,,,,,,,,
19,龔文俊,111年花蓮縣玉里鎮鎮長選舉,首次申報,1111114,營利事業捐贈收入,正一百貨五金行,18064032,800.00,0.00,,,,,非金錢,花蓮縣玉里鎮****,03-8*****,,,,,,,,
20,龔文俊,111年花蓮縣玉里鎮鎮長選舉,首次申報,1111114,營利事業捐贈收入,東義汽車,97040422,10000.00,0.00,現金,1111117,,,金錢,花蓮縣玉里鎮****,03-8*****,,,,,,,,
21,龔文俊,111年花蓮縣玉里鎮鎮長選舉,首次申報,1111114,個人捐贈收入,陳錦竹,U10*******,1500.00,0.00,,,,,非金錢,花蓮縣玉里鎮****,0932*****,,,,,,,,
22,龔文俊,111年花蓮縣玉里鎮鎮長選舉,首次申報,1111114,個人捐贈收入,張偉玉,U12*******,1500.00,0.00,,,,,非金錢,花蓮縣玉里鎮****,03-8*****,,,,,,,,
23,龔文俊,111年花蓮縣玉里鎮鎮長選舉,首次申報,1111114,個人捐贈收入,鄒錦雄,U12*******,5000.00,0.00,現金,1111117,,,金錢,花蓮縣玉里鎮****,0932*****,,,,,,,,
24,龔文俊,111年花蓮縣玉里鎮鎮長選舉,首次申報,1111115,匿名捐贈,匿名,,1920.00,0.00,,,,,非金錢,,,,,,,,,,
25,龔文俊,111年花蓮縣玉里鎮鎮長選舉,首次申報,1111115,個人捐贈收入,盧龍基,U12*******,1200.00,0.00,,,,,非金錢,花蓮縣玉里鎮****,0933*****,,,,,,,,
26,龔文俊,111年花蓮縣玉里鎮鎮長選舉,首次申報,1111115,個人捐贈收入,黃政治,U12*******,800.00,0.00,,,,,非金錢,花蓮縣玉里鎮****,0928*****,,,,,,,,
27,龔文俊,111年花蓮縣玉里鎮鎮長選舉,首次申報,1111115,個人捐贈收入,張蘋,U22*******,30000.00,0.00,現金,1111117,,,金錢,花蓮縣花蓮市****,0912*****,,,,,,,,
28,龔文俊,111年花蓮縣玉里鎮鎮長選舉,首次申報,1111116,個人捐贈收入,黃明漢,Q12*******,10000.00,0.00,,,,,非金錢,花蓮縣玉里鎮****,0910*****,,,,,,,,
29,龔文俊,111年花蓮縣玉里鎮鎮長選舉,首次申報,1111117,個人捐贈收入,李德發,U12*******,2400.00,0.00,,,,,非金錢,花蓮縣玉里鎮****,0933*****,,,,,,,,
30,龔文俊,111年花蓮縣玉里鎮鎮長選舉,首次申報,1111117,個人捐贈收入,陳俊宏,U12*******,2400.00,0.00,,,,,非金錢,花蓮縣玉里鎮****,0909*****,,,,,,,,
31,龔文俊,111年花蓮縣玉里鎮鎮長選舉,首次申報,1111118,個人捐贈收入,蘇文益,T12*******,10000.00,0.00,現金,1111118,,,金錢,屏東縣崁頂鄉****,0919*****,,,,,,,,
