﻿序號,擬參選人／政黨,選舉名稱,申報序號／年度,交易日期,收支科目,捐贈者／支出對象,身分證／統一編號,收入金額,支出金額,捐贈方式,存入專戶日期,返還/繳庫,支出用途,金錢類,地址,聯絡電話,應揭露之支出對象,支出對象之內部人員姓名,支出對象之內部人員職稱,政黨之內部人員姓名,政黨之內部人員職稱,關係,更正註記,資料更正日期
1,左翼聯盟,,112,1120131,個人捐贈收入,黃德北,L12*******,100000.00,0.00,現金,1120131,,,金錢,臺北市文山區****,0922*****,,,,,,,,
2,左翼聯盟,,112,1120425,個人捐贈收入,黃德北,L12*******,100000.00,0.00,現金,1120425,,,金錢,臺北市文山區****,0922*****,,,,,,,,
3,左翼聯盟,,112,1120530,個人捐贈收入,傅鴻達,K12*******,100000.00,0.00,現金,1120530,,,金錢,桃園市桃園區****,,,,,,,,,
4,左翼聯盟,,112,1120621,其他收入,利息收入,,33.00,0.00,現金,1120621,,,金錢,,,,,,,,,,
