﻿序號,擬參選人／政黨,選舉名稱,申報序號／年度,交易日期,收支科目,捐贈者／支出對象,身分證／統一編號,收入金額,支出金額,捐贈方式,存入專戶日期,返還/繳庫,支出用途,金錢類,地址,聯絡電話,應揭露之支出對象,支出對象之內部人員姓名,支出對象之內部人員職稱,政黨之內部人員姓名,政黨之內部人員職稱,關係,更正註記,資料更正日期
1,田珍綺,111年花蓮縣花蓮市市民代表選舉,首次申報,1110912,宣傳支出,玉景行,15780692,0.00,1000.00,,,,製作競選物品或宣傳廣告費用（貼紙印刷費),金錢,花蓮縣花蓮市****,03-8*****,否,,,,,,,
2,田珍綺,111年花蓮縣花蓮市市民代表選舉,首次申報,1110912,宣傳支出,玉景行,15780692,0.00,360.00,,,,製作競選物品或宣傳廣告費用（手舉牌）,金錢,花蓮縣花蓮市****,03-8*****,否,,,,,,,
3,田珍綺,111年花蓮縣花蓮市市民代表選舉,首次申報,1110913,宣傳支出,玉景行,15780692,0.00,375.00,,,,製作競選物品或宣傳廣告舉手排印刷費印刷費）,金錢,花蓮縣花蓮市****,03-8*****,否,,,,,,,
4,田珍綺,111年花蓮縣花蓮市市民代表選舉,首次申報,1110923,雜支支出,盛鑫鐘錶鎖印行,72849911,0.00,350.00,,,,複製遙控器,金錢,花蓮縣吉安鄉****,0385*****,否,,,,,,,
5,田珍綺,111年花蓮縣花蓮市市民代表選舉,首次申報,1110928,宣傳支出,愛貝恩有限公司,53507436,0.00,29400.00,,,,口罩,金錢,臺文山里精科****,,否,,,,,,,
6,田珍綺,111年花蓮縣花蓮市市民代表選舉,首次申報,1111010,雜支支出,清安行,,0.00,280.00,,,,免洗杯等,金錢,花蓮縣花蓮市****,,否,,,,,,,
7,田珍綺,111年花蓮縣花蓮市市民代表選舉,首次申報,1111011,雜支支出,一零一企業股份有限公司,,0.00,398.00,,,,便利貼、電池、簽名簿、噴水瓶,金錢,花蓮縣花蓮市****,,否,,,,,,,
8,田珍綺,111年花蓮縣花蓮市市民代表選舉,首次申報,1111012,雜支支出,昶莊百貨批發有限公司全民分店,,0.00,29.00,,,,雙面膠帶,金錢,花蓮縣花蓮市****,,否,,,,,,,
9,田珍綺,111年花蓮縣花蓮市市民代表選舉,首次申報,1111014,雜支支出,坪林茶莊,,0.00,6000.00,,,,茶葉,金錢,花蓮縣吉安鄉****,,否,,,,,,,
10,田珍綺,111年花蓮縣花蓮市市民代表選舉,首次申報,1111014,雜支支出,欣翔企業社,,0.00,1300.00,,,,影印,金錢,花蓮縣花蓮市****,,否,,,,,,,
11,田珍綺,111年花蓮縣花蓮市市民代表選舉,首次申報,1111014,雜支支出,旺莊百貨有限公司,,0.00,176.00,,,,雙面膠帶,金錢,花蓮縣吉安鄉****,,否,,,,,,,
12,田珍綺,111年花蓮縣花蓮市市民代表選舉,首次申報,1111015,集會支出,羅伯咖啡有限公司,,0.00,1070.00,,,,美式咖啡、綠茶、紅茶飲料,金錢,臺北市信義區****,,否,,,,,,,
13,田珍綺,111年花蓮縣花蓮市市民代表選舉,首次申報,1111015,集會支出,小倆口食品行,,0.00,2400.00,,,,餐飲費用,金錢,花蓮縣吉安鄉****,,否,,,,,,,
14,田珍綺,111年花蓮縣花蓮市市民代表選舉,首次申報,1111015,雜支支出,你好便當,,0.00,625.00,,,,便當,金錢,花蓮縣花蓮市****,,否,,,,,,,
15,田珍綺,111年花蓮縣花蓮市市民代表選舉,首次申報,1111015,雜支支出,提拉米蘇精緻蛋糕,,0.00,60.00,,,,盤叉,金錢,花蓮縣花蓮市****,,否,,,,,,,
16,田珍綺,111年花蓮縣花蓮市市民代表選舉,首次申報,1111015,集會支出,花舍辛球氣球館,,0.00,10000.00,,,,人偶汽球造型,金錢,花蓮縣新城鄉****,,否,,,,,,,
17,田珍綺,111年花蓮縣花蓮市市民代表選舉,首次申報,1111016,集會支出,丛初一瓢味麵食堂,,0.00,1430.00,,,,餐費,金錢,花蓮縣花蓮市****,,否,,,,,,,
18,田珍綺,111年花蓮縣花蓮市市民代表選舉,首次申報,1111016,雜支支出,德欣飯包店,,0.00,160.00,,,,便當,金錢,花蓮縣花蓮市****,,否,,,,,,,
19,田珍綺,111年花蓮縣花蓮市市民代表選舉,首次申報,1111018,雜支支出,香人和風拉麵,,0.00,630.00,,,,便當,金錢,花蓮縣花蓮市****,,否,,,,,,,
20,田珍綺,111年花蓮縣花蓮市市民代表選舉,首次申報,1111019,雜支支出,你好便當,,0.00,500.00,,,,便當,金錢,花蓮縣花蓮市****,,否,,,,,,,
21,田珍綺,111年花蓮縣花蓮市市民代表選舉,首次申報,1111019,交通旅運支出,台灣中油,,0.00,925.00,,,,汽油,金錢,花蓮縣花蓮市****,,否,,,,,,,
22,田珍綺,111年花蓮縣花蓮市市民代表選舉,首次申報,1111020,雜支支出,文庸水果行,,0.00,450.00,,,,香蕉,金錢,花蓮縣吉安鄉****,,否,,,,,,,
23,田珍綺,111年花蓮縣花蓮市市民代表選舉,首次申報,1111020,宣傳支出,進豐企業,,0.00,900.00,,,,貼紙,金錢,花蓮縣花蓮市****,,否,,,,,,,
24,田珍綺,111年花蓮縣花蓮市市民代表選舉,首次申報,1111022,雜支支出,順富裕刀削麵,,0.00,375.00,,,,刀削麵,金錢,花蓮縣花蓮市****,,否,,,,,,,
25,田珍綺,111年花蓮縣花蓮市市民代表選舉,首次申報,1111022,雜支支出,你好便當,,0.00,800.00,,,,便當,金錢,花蓮縣花蓮市****,,否,,,,,,,
26,田珍綺,111年花蓮縣花蓮市市民代表選舉,首次申報,1111022,宣傳支出,焦點沖印行,,0.00,880.00,,,,貼紙、上膜,金錢,花蓮縣花蓮市****,,否,,,,,,,
27,田珍綺,111年花蓮縣花蓮市市民代表選舉,首次申報,1111026,雜支支出,你好便當,,0.00,400.00,,,,便當,金錢,花蓮縣花蓮市****,,否,,,,,,,
28,田珍綺,111年花蓮縣花蓮市市民代表選舉,首次申報,1111026,雜支支出,你好便當,,0.00,400.00,,,,便當,金錢,花蓮縣花蓮市****,,否,,,,,,,
29,田珍綺,111年花蓮縣花蓮市市民代表選舉,首次申報,1111027,雜支支出,你好便當,,0.00,500.00,,,,便當,金錢,花蓮縣花蓮市****,,否,,,,,,,
30,田珍綺,111年花蓮縣花蓮市市民代表選舉,首次申報,1111027,雜支支出,你好便當,,0.00,500.00,,,,便當,金錢,花蓮縣花蓮市****,,否,,,,,,,
31,田珍綺,111年花蓮縣花蓮市市民代表選舉,首次申報,1111030,雜支支出,你好便當,,0.00,300.00,,,,便當,金錢,花蓮縣花蓮市****,,否,,,,,,,
32,田珍綺,111年花蓮縣花蓮市市民代表選舉,首次申報,1111031,宣傳支出,愛貝恩有限公司,53507436,0.00,42000.00,,,,口罩一批,金錢,臺中文山里精****,,否,,,,,,,
33,田珍綺,111年花蓮縣花蓮市市民代表選舉,首次申報,1111031,宣傳支出,新裕豐文化事業有限公司文化事業有限公司,89273685,0.00,69615.00,,,,大方塑料面紙包、志工背心、大型荷葉扇等,金錢,高雄市新興區****,,否,,,,,,,
34,田珍綺,111年花蓮縣花蓮市市民代表選舉,首次申報,1111101,雜支支出,你好便當,,0.00,400.00,,,,便當,金錢,花蓮縣花蓮市****,,否,,,,,,,
35,田珍綺,111年花蓮縣花蓮市市民代表選舉,首次申報,1111101,雜支支出,愛買,,0.00,670.00,,,,餅乾,金錢,花蓮縣花蓮市****,,否,,,,,,,
36,田珍綺,111年花蓮縣花蓮市市民代表選舉,首次申報,1111104,宣傳支出,愛貝恩有限公司,53507436,0.00,40000.00,,,,口罩一批,金錢,臺中市南區文****,,否,,,,,,,
37,田珍綺,111年花蓮縣花蓮市市民代表選舉,首次申報,1111105,雜支支出,你好便當,,0.00,400.00,,,,便當,金錢,花蓮縣花蓮市****,,否,,,,,,,
38,田珍綺,111年花蓮縣花蓮市市民代表選舉,首次申報,1111106,雜支支出,麗池飯包有限公司,,0.00,800.00,,,,便當,金錢,花蓮縣花蓮市****,,否,,,,,,,
39,田珍綺,111年花蓮縣花蓮市市民代表選舉,首次申報,1111107,雜支支出,昶莊百貨有限公司全民分店,,0.00,29.00,,,,雙面膠帶,金錢,花蓮縣花蓮市****,,否,,,,,,,
40,田珍綺,111年花蓮縣花蓮市市民代表選舉,首次申報,1111107,雜支支出,梅珍香食品原料,,0.00,500.00,,,,咖啡豆,金錢,花蓮縣吉安鄉****,,否,,,,,,,
41,田珍綺,111年花蓮縣花蓮市市民代表選舉,首次申報,1111108,雜支支出,國雲公寓大廈維護(股)公司花蓮分公司,,0.00,580.00,,,,停車費,金錢,花蓮縣花蓮市****,,否,,,,,,,
42,田珍綺,111年花蓮縣花蓮市市民代表選舉,首次申報,1111108,雜支支出,昶莊百貨有限公司全民分店,,0.00,59.00,,,,M雙面膠帶,金錢,花蓮縣花蓮市****,,否,,,,,,,
43,田珍綺,111年花蓮縣花蓮市市民代表選舉,首次申報,1111109,宣傳支出,海棠事業社,,0.00,8900.00,,,,廣播主機、啦叭、燈管、線材及代工等,金錢,花蓮縣光復鄉****,,否,,,,,,,
44,田珍綺,111年花蓮縣花蓮市市民代表選舉,首次申報,1111111,雜支支出,八方雲集花蓮中山店,,0.00,204.00,,,,水餃,金錢,花蓮縣花蓮市****,,否,,,,,,,
45,田珍綺,111年花蓮縣花蓮市市民代表選舉,首次申報,1111111,雜支支出,你好便當,,0.00,500.00,,,,便當,金錢,花蓮縣花蓮市****,,否,,,,,,,
46,田珍綺,111年花蓮縣花蓮市市民代表選舉,首次申報,1111111,公共關係費用支出,琦翔企業社,,0.00,2500.00,,,,落地盆栽,金錢,花蓮縣花蓮市****,,否,,,,,,,
47,田珍綺,111年花蓮縣花蓮市市民代表選舉,首次申報,1111112,雜支支出,你好便當,,0.00,600.00,,,,便當,金錢,花蓮縣花蓮市****,,否,,,,,,,
48,田珍綺,111年花蓮縣花蓮市市民代表選舉,首次申報,1111112,雜支支出,昶莊百貨有限公司全民分店,,0.00,39.00,,,,別針,金錢,花蓮縣花蓮市****,,否,,,,,,,
49,田珍綺,111年花蓮縣花蓮市市民代表選舉,首次申報,1111114,雜支支出,你好便當,,0.00,700.00,,,,便當,金錢,花蓮縣花蓮市****,,否,,,,,,,
50,田珍綺,111年花蓮縣花蓮市市民代表選舉,首次申報,1111114,雜支支出,新進豐商行商行,,0.00,550.00,,,,花生,金錢,花蓮縣吉安鄉****,,否,,,,,,,
51,田珍綺,111年花蓮縣花蓮市市民代表選舉,首次申報,1111115,雜支支出,立安行,,0.00,175.00,,,,自黏袋,金錢,花蓮縣花蓮市****,,否,,,,,,,
52,田珍綺,111年花蓮縣花蓮市市民代表選舉,首次申報,1111115,雜支支出,你好便當,,0.00,600.00,,,,便當,金錢,花蓮縣花蓮市****,,否,,,,,,,
53,田珍綺,111年花蓮縣花蓮市市民代表選舉,首次申報,1111116,雜支支出,你好便當,,0.00,800.00,,,,便當,金錢,花蓮縣花蓮市****,,否,,,,,,,
54,田珍綺,111年花蓮縣花蓮市市民代表選舉,首次申報,1111116,雜支支出,昶莊百貨有限公司全民分店,,0.00,32.00,,,,隱形塑膠組,金錢,花蓮國風街-****,,否,,,,,,,
55,田珍綺,111年花蓮縣花蓮市市民代表選舉,首次申報,1111117,雜支支出,你好便當,,0.00,1000.00,,,,便當,金錢,花蓮縣花蓮市****,,否,,,,,,,
56,田珍綺,111年花蓮縣花蓮市市民代表選舉,首次申報,1111117,宣傳支出,愛貝恩有限公司,53507436,0.00,9426.00,,,,口罩一批,金錢,臺中市文山里****,,否,,,,,,,
57,田珍綺,111年花蓮縣花蓮市市民代表選舉,首次申報,1111118,雜支支出,你好便當,,0.00,1000.00,,,,便當,金錢,花蓮縣花蓮市****,,否,,,,,,,
58,田珍綺,111年花蓮縣花蓮市市民代表選舉,首次申報,1111118,宣傳支出,愛貝恩有限公司,53507436,0.00,28000.00,,,,口罩一批,金錢,臺中市南屯區****,,否,,,,,,,
59,田珍綺,111年花蓮縣花蓮市市民代表選舉,首次申報,1111119,雜支支出,你好便當,,0.00,800.00,,,,便當,金錢,花蓮縣花蓮市****,,否,,,,,,,
60,田珍綺,111年花蓮縣花蓮市市民代表選舉,首次申報,1111119,雜支支出,長春藤商店,,0.00,750.00,,,,便餐,金錢,花蓮縣花蓮市****,,否,,,,,,,
61,田珍綺,111年花蓮縣花蓮市市民代表選舉,首次申報,1111119,交通旅運支出,台灣中油,,0.00,914.00,,,,加油費,金錢,花蓮縣吉安鄉****,,否,,,,,,,
62,田珍綺,111年花蓮縣花蓮市市民代表選舉,首次申報,1111120,雜支支出,零食嗑商行,,0.00,357.00,,,,餅乾,金錢,花蓮縣花蓮市****,,否,,,,,,,
63,田珍綺,111年花蓮縣花蓮市市民代表選舉,首次申報,1111121,雜支支出,你好便當,,0.00,700.00,,,,便當,金錢,花蓮縣花蓮市****,,否,,,,,,,
64,田珍綺,111年花蓮縣花蓮市市民代表選舉,首次申報,1111122,雜支支出,昶莊百貨有限公司全民分店,,0.00,49.00,,,,塑膠帶等,金錢,花蓮縣花蓮市****,,否,,,,,,,
65,田珍綺,111年花蓮縣花蓮市市民代表選舉,首次申報,1111122,雜支支出,光南大批發大批發,,0.00,210.00,,,,超黏透明膠帶透明膠帶,金錢,花蓮縣花蓮市****,,否,,,,,,,
66,田珍綺,111年花蓮縣花蓮市市民代表選舉,首次申報,1111122,雜支支出,你好便當,,0.00,800.00,,,,便當,金錢,花蓮縣花蓮市****,,否,,,,,,,
67,田珍綺,111年花蓮縣花蓮市市民代表選舉,首次申報,1111122,宣傳支出,路邊開花文化工作室,,0.00,600.00,,,,印字,金錢,花蓮縣花蓮市****,,否,,,,,,,
68,田珍綺,111年花蓮縣花蓮市市民代表選舉,首次申報,1111123,雜支支出,昶莊百貨有限公司全民分店,,0.00,132.00,,,,迷你透明膠帶,金錢,花蓮縣花蓮市****,,否,,,,,,,
69,田珍綺,111年花蓮縣花蓮市市民代表選舉,首次申報,1111123,雜支支出,欣正文具行,,0.00,147.00,,,,小膠帶,金錢,花蓮縣吉安鄉****,,否,,,,,,,
70,田珍綺,111年花蓮縣花蓮市市民代表選舉,首次申報,1111123,雜支支出,你好便當,,0.00,800.00,,,,便當,金錢,花蓮縣花蓮市****,,否,,,,,,,
71,田珍綺,111年花蓮縣花蓮市市民代表選舉,首次申報,1111124,雜支支出,你好便當,,0.00,1000.00,,,,便當,金錢,花蓮縣花蓮市****,,否,,,,,,,
72,田珍綺,111年花蓮縣花蓮市市民代表選舉,首次申報,1111124,雜支支出,鵝肉先生,,0.00,675.00,,,,餐飲,金錢,花蓮縣花蓮市****,,否,,,,,,,
73,田珍綺,111年花蓮縣花蓮市市民代表選舉,首次申報,1111124,雜支支出,零食嗑商行,,0.00,289.00,,,,餅乾,金錢,花蓮縣花蓮市****,,否,,,,,,,
74,田珍綺,111年花蓮縣花蓮市市民代表選舉,首次申報,1111125,雜支支出,你好便當,,0.00,1200.00,,,,便當,金錢,花蓮縣花蓮市****,,否,,,,,,,
75,田珍綺,111年花蓮縣花蓮市市民代表選舉,首次申報,1111126,雜支支出,昶莊百貨有限公司全民分行,,0.00,76.00,,,,紙杯、免洗筷,金錢,花蓮縣花蓮市****,,否,,,,,,,
76,田珍綺,111年花蓮縣花蓮市市民代表選舉,首次申報,1111126,集會支出,大紅翻薑母鴨小吃店,,0.00,8400.00,,,,便餐,金錢,花蓮明智街號****,,否,,,,,,,
77,田珍綺,111年花蓮縣花蓮市市民代表選舉,首次申報,1111126,雜支支出,梅珍香食品原料有限公司,,0.00,81.00,,,,湯紙杯,金錢,花蓮縣吉安鄉****,,否,,,,,,,
78,田珍綺,111年花蓮縣花蓮市市民代表選舉,首次申報,1111126,人事費用支出,王鈞弘,A12*******,0.00,15000.00,,,,工資,金錢,花蓮縣吉安鄉****,,否,,,,,,,
79,田珍綺,111年花蓮縣花蓮市市民代表選舉,首次申報,1111128,雜支支出,昶莊百貨有限公司全民分店,,0.00,35.00,,,,索紅(木材繩),金錢,花蓮縣花蓮市****,,否,,,,,,,
80,田珍綺,111年花蓮縣花蓮市市民代表選舉,首次申報,1111128,雜支支出,你好便當,,0.00,600.00,,,,便當,金錢,花蓮縣花蓮市****,,否,,,,,,,
81,田珍綺,111年花蓮縣花蓮市市民代表選舉,首次申報,1111128,雜支支出,鏹聲企業,,0.00,4000.00,,,,桌子租用,金錢,花蓮縣花蓮市****,,否,,,,,,,
82,田珍綺,111年花蓮縣花蓮市市民代表選舉,首次申報,1111130,雜支支出,你好便當,,0.00,300.00,,,,便當,金錢,花蓮縣花蓮市****,,否,,,,,,,
83,田珍綺,111年花蓮縣花蓮市市民代表選舉,首次申報,1111202,雜支支出,吉安郵局,,0.00,30.00,,,,匯費,金錢,花蓮縣吉安鄉****,,否,,,,,,,
84,田珍綺,111年花蓮縣花蓮市市民代表選舉,首次申報,1111202,返還捐贈支出,吳柏萬,,0.00,5000.00,,,,返還,金錢,花蓮縣花蓮市****,,否,,,,,,,
85,田珍綺,111年花蓮縣花蓮市市民代表選舉,首次申報,1111220,宣傳支出,米粒信整合行銷工作室,87343904,0.00,143325.00,,,,印刷品,金錢,花蓮縣吉仁和****,,否,,,,,,,
