﻿序號,擬參選人／政黨,選舉名稱,申報序號／年度,交易日期,收支科目,捐贈者／支出對象,身分證／統一編號,收入金額,支出金額,支出用途,金錢類,地址,聯絡電話,資料更正日期
1,林美燕,107年直轄市議員選舉,首次申報,1070820,營利事業捐贈收入,連合企業股份有限公司,16576629,613000.00,0.00,,非金錢,臺南市南區新****,2924*****,
2,林美燕,107年直轄市議員選舉,首次申報,1070901,個人捐贈收入,吳威廷,D12*******,99789.00,0.00,,非金錢,臺南市安平區****,0927*****,
3,林美燕,107年直轄市議員選舉,首次申報,1070901,個人捐贈收入,常如山,D12*******,90000.00,0.00,,非金錢,臺北市信義區****,,
4,林美燕,107年直轄市議員選舉,首次申報,1070901,個人捐贈收入,葉銘輝,D12*******,100000.00,0.00,,非金錢,臺南市南區新****,,
5,林美燕,107年直轄市議員選舉,首次申報,1070901,個人捐贈收入,許玲玉,D22*******,100000.00,0.00,,非金錢,臺南市南區新****,,
6,林美燕,107年直轄市議員選舉,首次申報,1070901,個人捐贈收入,劉貞華,S22*******,90000.00,0.00,,非金錢,臺北市大安區****,,
7,林美燕,107年直轄市議員選舉,首次申報,1070901,個人捐贈收入,王秀絨,S22*******,30000.00,0.00,,非金錢,臺南市南區新****,06-2*****,
8,林美燕,107年直轄市議員選舉,首次申報,1070919,個人捐贈收入,楊健安,,10000.00,0.00,,金錢,臺南市南區萬****,0956*****,
9,林美燕,107年直轄市議員選舉,首次申報,1070919,個人捐贈收入,張智美,,3000.00,0.00,,金錢,臺南市南區鹽****,2922*****,
10,林美燕,107年直轄市議員選舉,首次申報,1070919,個人捐贈收入,葉銀珠,,10000.00,0.00,,金錢,臺南市南區明****,2622*****,
11,林美燕,107年直轄市議員選舉,首次申報,1070919,個人捐贈收入,李榮芳,,10000.00,0.00,,金錢,臺南市安平區****,2995*****,
12,林美燕,107年直轄市議員選舉,首次申報,1070919,匿名捐贈,趙宋世英,,1000.00,0.00,,金錢,,,
13,林美燕,107年直轄市議員選舉,首次申報,1070919,個人捐贈收入,蕭詩樺,,10000.00,0.00,,金錢,臺南市南區三****,0915*****,
14,林美燕,107年直轄市議員選舉,首次申報,1070919,營利事業捐贈收入,福安工業股份有限公司,68893891,50000.00,0.00,,金錢,臺南市南區安****,2610*****,
15,林美燕,107年直轄市議員選舉,首次申報,1070919,個人捐贈收入,鄭金模,D10*******,30000.00,0.00,,金錢,高雄市前鎮區****,0910*****,
16,林美燕,107年直轄市議員選舉,首次申報,1070919,個人捐贈收入,吳辰文,D10*******,50000.00,0.00,,金錢,臺南市南區南****,0933*****,
17,林美燕,107年直轄市議員選舉,首次申報,1070919,個人捐贈收入,廖明村,D10*******,20000.00,0.00,,金錢,臺南市南區金****,2615*****,
18,林美燕,107年直轄市議員選舉,首次申報,1070919,個人捐贈收入,林慧雅,D20*******,20000.00,0.00,,金錢,臺南市北區長****,0936*****,
19,林美燕,107年直轄市議員選舉,首次申報,1070919,個人捐贈收入,徐偉翔,E12*******,3000.00,0.00,,金錢,臺南市安平區****,0915*****,
20,林美燕,107年直轄市議員選舉,首次申報,1070919,個人捐贈收入,涂新榮,K12*******,10000.00,0.00,,金錢,臺南市南區南****,2916*****,
21,林美燕,107年直轄市議員選舉,首次申報,1070919,個人捐贈收入,曾世宏,Q12*******,6000.00,0.00,,金錢,,0933*****,
22,林美燕,107年直轄市議員選舉,首次申報,1070919,個人捐贈收入,陳秀里,R20*******,10000.00,0.00,,金錢,臺南市仁德區****,0935*****,
23,林美燕,107年直轄市議員選舉,首次申報,1070921,個人捐贈收入,何應冠,,30000.00,0.00,,金錢,臺南市安平區****,2112*****,
24,林美燕,107年直轄市議員選舉,首次申報,1070922,個人捐贈收入,翁靜英,,2000.00,0.00,,金錢,,0931*****,
25,林美燕,107年直轄市議員選舉,首次申報,1070922,個人捐贈收入,范杰村,,10000.00,0.00,,金錢,,0933*****,
26,林美燕,107年直轄市議員選舉,首次申報,1070922,個人捐贈收入,黃朝輝,,26000.00,0.00,,金錢,,0911*****,
27,林美燕,107年直轄市議員選舉,首次申報,1070922,匿名捐贈,曾三和,,3600.00,0.00,,金錢,,,
28,林美燕,107年直轄市議員選舉,首次申報,1070922,營利事業捐贈收入,夏都國際開發股份有限公司台南分公司,28883171,20000.00,0.00,,金錢,,,
29,林美燕,107年直轄市議員選舉,首次申報,1070922,營利事業捐贈收入,元和人力資源管理顧問有限公司,53617200,10000.00,0.00,,金錢,,0933*****,
30,林美燕,107年直轄市議員選舉,首次申報,1070922,個人捐贈收入,陳朝昌,D12*******,50000.00,0.00,,金錢,臺南市南區永****,0905*****,
31,林美燕,107年直轄市議員選舉,首次申報,1070922,個人捐贈收入,陳春鳳,D22*******,2000.00,0.00,,金錢,,0935*****,
32,林美燕,107年直轄市議員選舉,首次申報,1070922,個人捐贈收入,陳淑華,F22*******,10000.00,0.00,,金錢,,2628*****,
33,林美燕,107年直轄市議員選舉,首次申報,1070922,個人捐贈收入,張欽雲,Q12*******,10000.00,0.00,,金錢,,0917*****,
34,林美燕,107年直轄市議員選舉,首次申報,1070925,個人捐贈收入,林俊廷,,6000.00,0.00,,金錢,臺南市南區中****,0925*****,
35,林美燕,107年直轄市議員選舉,首次申報,1070925,個人捐贈收入,張文顯,,6000.00,0.00,,金錢,臺南市南區機****,0927*****,
36,林美燕,107年直轄市議員選舉,首次申報,1070925,個人捐贈收入,鄭明和,,20000.00,0.00,,金錢,臺南市南區金****,0929*****,
37,林美燕,107年直轄市議員選舉,首次申報,1070925,個人捐贈收入,蘇榮和,,20000.00,0.00,,金錢,臺南市南區仁****,0928*****,
38,林美燕,107年直轄市議員選舉,首次申報,1070925,個人捐贈收入,歐其生,,3800.00,0.00,,金錢,臺南市南區灣****,0905*****,
39,林美燕,107年直轄市議員選舉,首次申報,1070925,個人捐贈收入,李木林,,10000.00,0.00,,金錢,臺南市南區金****,0931*****,
40,林美燕,107年直轄市議員選舉,首次申報,1070925,個人捐贈收入,黃朝琴,,6000.00,0.00,,金錢,臺南市安南區****,0937*****,
41,林美燕,107年直轄市議員選舉,首次申報,1070925,個人捐贈收入,邱德和,,25000.00,0.00,,金錢,臺南市東區府****,0929*****,
42,林美燕,107年直轄市議員選舉,首次申報,1070925,個人捐贈收入,黃金蘭,,25000.00,0.00,,金錢,臺南市東區府****,0929*****,
43,林美燕,107年直轄市議員選舉,首次申報,1070925,個人捐贈收入,徐葉淑惠,,6600.00,0.00,,金錢,臺南市南區新****,2913*****,
44,林美燕,107年直轄市議員選舉,首次申報,1070925,個人捐贈收入,莊曾麗娌,,10000.00,0.00,,金錢,臺南市南區竹****,0931*****,
45,林美燕,107年直轄市議員選舉,首次申報,1070925,個人捐贈收入,陳耀賢,,20000.00,0.00,,金錢,臺南市南區大****,0975*****,
46,林美燕,107年直轄市議員選舉,首次申報,1070925,個人捐贈收入,謝秋月,,5000.00,0.00,,金錢,臺南市南區中****,0932*****,
47,林美燕,107年直轄市議員選舉,首次申報,1070925,個人捐贈收入,林是昱,,10000.00,0.00,,金錢,臺南市南區灣****,2626*****,
48,林美燕,107年直轄市議員選舉,首次申報,1070925,個人捐贈收入,潘瑞豊,,12000.00,0.00,,金錢,臺南市南區金****,2653*****,
49,林美燕,107年直轄市議員選舉,首次申報,1070925,個人捐贈收入,方靈裕,,20000.00,0.00,,金錢,臺南市南區德****,,
50,林美燕,107年直轄市議員選舉,首次申報,1070925,營利事業捐贈收入,名盛實業有限公司,73620822,60000.00,0.00,,金錢,臺南市南區建****,0933*****,
51,林美燕,107年直轄市議員選舉,首次申報,1070925,個人捐贈收入,蔡鎰鏞,D10*******,50000.00,0.00,,金錢,臺南市南區大****,0937*****,
52,林美燕,107年直轄市議員選舉,首次申報,1070925,個人捐贈收入,洪清海,D10*******,10000.00,0.00,,金錢,臺南市安平區****,0973*****,
53,林美燕,107年直轄市議員選舉,首次申報,1070925,個人捐贈收入,邱彥騰,D12*******,20000.00,0.00,,金錢,臺南市安平區****,0939*****,
54,林美燕,107年直轄市議員選舉,首次申報,1070925,個人捐贈收入,徐勇成,D12*******,10000.00,0.00,,金錢,臺南市南區大****,0910*****,
55,林美燕,107年直轄市議員選舉,首次申報,1070925,個人捐贈收入,黃懸民,D12*******,20000.00,0.00,,金錢,臺南市安平區****,,
56,林美燕,107年直轄市議員選舉,首次申報,1070925,個人捐贈收入,王慧嫻,D22*******,20000.00,0.00,,金錢,臺南市北區公****,2251*****,
57,林美燕,107年直轄市議員選舉,首次申報,1070925,個人捐贈收入,張秀鳳,F20*******,16000.00,0.00,,金錢,臺南市中西區****,0910*****,
58,林美燕,107年直轄市議員選舉,首次申報,1070925,個人捐贈收入,侯文宗,Q12*******,20000.00,0.00,,金錢,高雄市鳳山區****,0912*****,
59,林美燕,107年直轄市議員選舉,首次申報,1070927,個人捐贈收入,黃坤山,D12*******,50000.00,0.00,,金錢,臺南市七股區****,0932*****,
60,林美燕,107年直轄市議員選舉,首次申報,1070927,個人捐贈收入,林美蓮,D22*******,20000.00,0.00,,金錢,臺南市安南區****,2456*****,
61,林美燕,107年直轄市議員選舉,首次申報,1070928,營利事業捐贈收入,元倫股份有限公司,54572785,50000.00,0.00,,金錢,臺南市中西區****,,
62,林美燕,107年直轄市議員選舉,首次申報,1071002,個人捐贈收入,王裕庭,D12*******,10000.00,0.00,,金錢,金華路一段巷****,,
63,林美燕,107年直轄市議員選舉,首次申報,1071002,個人捐贈收入,何慧玲,D22*******,50000.00,0.00,,金錢,臺南市中西區****,0932*****,
64,林美燕,107年直轄市議員選舉,首次申報,1071002,個人捐贈收入,林義德,R10*******,20000.00,0.00,,金錢,臺南市東區東****,0932*****,
65,林美燕,107年直轄市議員選舉,首次申報,1071011,營利事業捐贈收入,富霖餐廳企業有限公司,28352315,20000.00,0.00,,金錢,,2937*****,
66,林美燕,107年直轄市議員選舉,首次申報,1071012,個人捐贈收入,李子成,,2000.00,0.00,,金錢,臺南市南區大****,0958*****,
67,林美燕,107年直轄市議員選舉,首次申報,1071012,營利事業捐贈收入,永三和企業有限公司,97481996,10000.00,0.00,,金錢,臺南市南區喜****,2627*****,
68,林美燕,107年直轄市議員選舉,首次申報,1071012,個人捐贈收入,郭能通,D10*******,36000.00,0.00,,金錢,臺南市南區大****,2154*****,
69,林美燕,107年直轄市議員選舉,首次申報,1071012,個人捐贈收入,邱素蘭,D20*******,50000.00,0.00,,金錢,臺南市東區府****,0922*****,
70,林美燕,107年直轄市議員選舉,首次申報,1071012,個人捐贈收入,杜淑枝,D22*******,10000.00,0.00,,金錢,臺南市南區興****,0920*****,
71,林美燕,107年直轄市議員選舉,首次申報,1071012,個人捐贈收入,杜淑琴,D22*******,10000.00,0.00,,金錢,臺南市南區興****,0920*****,
72,林美燕,107年直轄市議員選舉,首次申報,1071012,個人捐贈收入,李風儀,R10*******,20000.00,0.00,,金錢,臺南市南區中****,0953*****,
73,林美燕,107年直轄市議員選舉,首次申報,1071012,個人捐贈收入,陳榮泰,R12*******,50000.00,0.00,,金錢,臺南市歸仁區****,0928*****,
74,林美燕,107年直轄市議員選舉,首次申報,1071015,個人捐贈收入,彭淑華,M22*******,5000.00,0.00,,金錢,臺南市永康區****,0977*****,
75,林美燕,107年直轄市議員選舉,首次申報,1071016,匿名捐贈,顏翁初枝,,6000.00,0.00,,金錢,,,
76,林美燕,107年直轄市議員選舉,首次申報,1071025,營利事業捐贈收入,八方開發建設股份有限公司,64989656,20000.00,0.00,,金錢,臺南市歸仁區****,,
77,林美燕,107年直轄市議員選舉,首次申報,1071025,營利事業捐贈收入,長載實業股份有限公司,97217125,100000.00,0.00,,金錢,臺南市南區鯤****,0978*****,
78,林美燕,107年直轄市議員選舉,首次申報,1071025,個人捐贈收入,謝東立,D12*******,20000.00,0.00,,金錢,臺南市安南區****,0939*****,
79,林美燕,107年直轄市議員選舉,首次申報,1071025,個人捐贈收入,吳嘉鴻,D12*******,50000.00,0.00,,金錢,臺南市南區灣****,0981*****,
80,林美燕,107年直轄市議員選舉,首次申報,1071025,個人捐贈收入,洪羿蓁,D22*******,10000.00,0.00,,金錢,,2156*****,
81,林美燕,107年直轄市議員選舉,首次申報,1071031,營利事業捐贈收入,北海鋁梯有限公司,27846184,25000.00,0.00,,金錢,臺南市南區濱****,2625*****,
82,林美燕,107年直轄市議員選舉,首次申報,1071031,營利事業捐贈收入,三道門旅店有限公司,54568369,50000.00,0.00,,金錢,臺南市中西區****,0988*****,
83,林美燕,107年直轄市議員選舉,首次申報,1071031,個人捐贈收入,邱讚霖,B10*******,20000.00,0.00,,金錢,臺南市安平區****,2937*****,
84,林美燕,107年直轄市議員選舉,首次申報,1071031,個人捐贈收入,何吳孟燕,D20*******,6000.00,0.00,,金錢,,0932*****,
85,林美燕,107年直轄市議員選舉,首次申報,1071115,營利事業捐贈收入,木通實業股份有限公司,72051941,50000.00,0.00,,金錢,臺南市新市區****,0937*****,
86,林美燕,107年直轄市議員選舉,首次申報,1071115,個人捐贈收入,羅翊軒,D12*******,20000.00,0.00,,金錢,臺南市永康區****,2022*****,
87,林美燕,107年直轄市議員選舉,首次申報,1071115,個人捐贈收入,杜泰章,D12*******,50000.00,0.00,,金錢,臺南市明興路****,0937*****,
88,林美燕,107年直轄市議員選舉,首次申報,1071115,個人捐贈收入,林俊良,D12*******,20000.00,0.00,,金錢,臺南市南區金****,2286*****,
89,林美燕,107年直轄市議員選舉,首次申報,1071115,個人捐贈收入,陳玉善,D20*******,8000.00,0.00,,金錢,臺南市中西區****,2147*****,
90,林美燕,107年直轄市議員選舉,首次申報,1071115,個人捐贈收入,陳尚府,E10*******,50000.00,0.00,,金錢,苗栗縣公館鄉****,07-3*****,
91,林美燕,107年直轄市議員選舉,首次申報,1071115,個人捐贈收入,黃丁守,Q10*******,100000.00,0.00,,金錢,彰化縣員林市****,0988*****,
92,林美燕,107年直轄市議員選舉,首次申報,1071115,個人捐贈收入,董麗貞,T22*******,50000.00,0.00,,金錢,高雄市新興區****,07-3*****,
93,林美燕,107年直轄市議員選舉,首次申報,1071116,個人捐贈收入,葉豐傑,D12*******,50000.00,0.00,,金錢,臺南市南區金****,0916*****,
94,林美燕,107年直轄市議員選舉,首次申報,1071116,個人捐贈收入,王月嬌,R20*******,5000.00,0.00,,金錢,臺南市東區樹****,2147*****,
95,林美燕,107年直轄市議員選舉,首次申報,1071116,個人捐贈收入,余林簪,S20*******,5000.00,0.00,,金錢,臺南市東區林****,2083*****,
96,林美燕,107年直轄市議員選舉,首次申報,1071119,個人捐贈收入,陳福文,D12*******,6000.00,0.00,,金錢,臺南市賢北街****,,
97,林美燕,107年直轄市議員選舉,首次申報,1071119,個人捐贈收入,陳彥君,R12*******,6000.00,0.00,,金錢,臺南市賢北街****,2502*****,
98,林美燕,107年直轄市議員選舉,首次申報,1071120,人民團體捐贈收入,台南市洗染業職業工會,,2000.00,0.00,,金錢,台南市大埔街****,2133*****,
99,林美燕,107年直轄市議員選舉,首次申報,1071120,個人捐贈收入,黃良棟,A12*******,20000.00,0.00,,金錢,臺南市南區公****,0937*****,
100,林美燕,107年直轄市議員選舉,首次申報,1071120,個人捐贈收入,林勝凱,D12*******,1000.00,0.00,,金錢,臺南市南區新****,0975*****,
101,林美燕,107年直轄市議員選舉,首次申報,1071121,個人捐贈收入,柯俊成,N12*******,20000.00,0.00,,金錢,臺南市永康區****,2339*****,
102,林美燕,107年直轄市議員選舉,首次申報,1071121,個人捐贈收入,吳勝雄,R10*******,10000.00,0.00,,金錢,臺南市將軍區****,,
103,林美燕,107年直轄市議員選舉,首次申報,1071122,匿名捐贈,匿名,,3000.00,0.00,,金錢,,,
104,林美燕,107年直轄市議員選舉,首次申報,1071122,營利事業捐贈收入,木田資產管理顧問股份有限公司,25007260,10000.00,0.00,,金錢,桃園市中壢區****,03-4*****,
105,林美燕,107年直轄市議員選舉,首次申報,1071122,營利事業捐贈收入,星鑽金華國際股份有限公司,64866676,10000.00,0.00,,金錢,臺南市中西區****,2232*****,
106,林美燕,107年直轄市議員選舉,首次申報,1071123,個人捐贈收入,林伽濱,D12*******,98000.00,0.00,,金錢,臺南市北區和****,0955*****,
107,林美燕,107年直轄市議員選舉,首次申報,1071123,個人捐贈收入,翁文重,E12*******,30000.00,0.00,,金錢,高雄市三民區****,0982*****,
108,林美燕,107年直轄市議員選舉,首次申報,1071123,個人捐贈收入,梁英煌,P10*******,50000.00,0.00,,金錢,臺南市南區新****,0932*****,
109,林美燕,107年直轄市議員選舉,首次申報,1071123,個人捐贈收入,葉瀚勳,S12*******,90000.00,0.00,,金錢,臺南市南區國****,0988*****,
110,林美燕,107年直轄市議員選舉,首次申報,1071221,其他收入,利息收入,,315.00,0.00,,金錢,,,
