﻿序號,擬參選人／政黨,選舉名稱,申報序號／年度,交易日期,收支科目,捐贈者／支出對象,身分證／統一編號,收入金額,支出金額,捐贈方式,存入專戶日期,返還/繳庫,支出用途,金錢類,地址,聯絡電話,應揭露之支出對象,支出對象之內部人員姓名,支出對象之內部人員職稱,政黨之內部人員姓名,政黨之內部人員職稱,關係,更正註記,資料更正日期
1,曾壹靖,111年宜蘭縣蘇澳鎮鎮民代表選舉,首次申報,1110825,個人捐贈收入,汪育如,A22*******,1600.00,0.00,匯款,1110825,,,金錢,臺北市文山區****,,,,,,,,,
2,曾壹靖,111年宜蘭縣蘇澳鎮鎮民代表選舉,首次申報,1110825,個人捐贈收入,陳盈純,S22*******,88.00,0.00,現金,1110825,,,金錢,新北市板橋區****,,,,,,,,,
3,曾壹靖,111年宜蘭縣蘇澳鎮鎮民代表選舉,首次申報,1110825,個人捐贈收入,陳盈純,S22*******,50000.00,0.00,匯款,1110825,,,金錢,新北市板橋區****,,,,,,,,,
4,曾壹靖,111年宜蘭縣蘇澳鎮鎮民代表選舉,首次申報,1110826,個人捐贈收入,陳嵩淵,P12*******,10000.00,0.00,匯款,1110826,,,金錢,桃園市中壢區****,,,,,,,,,
5,曾壹靖,111年宜蘭縣蘇澳鎮鎮民代表選舉,首次申報,1110904,個人捐贈收入,蔡孟娟,,10000.00,0.00,匯款,1110904,,,金錢,,0919*****,,,,,,,,
6,曾壹靖,111年宜蘭縣蘇澳鎮鎮民代表選舉,首次申報,1110906,匿名捐贈,匿名,,3000.00,0.00,匯款,1110906,,,金錢,,,,,,,,,,
7,曾壹靖,111年宜蘭縣蘇澳鎮鎮民代表選舉,首次申報,1110911,匿名捐贈,匿名1,,6000.00,0.00,匯款,1110911,,,金錢,,,,,,,,,,
8,曾壹靖,111年宜蘭縣蘇澳鎮鎮民代表選舉,首次申報,1110920,個人捐贈收入,陳冠妤,,16800.00,0.00,匯款,1110920,,,金錢,新竹縣竹北市****,0988*****,,,,,,,,
9,曾壹靖,111年宜蘭縣蘇澳鎮鎮民代表選舉,首次申報,1110927,個人捐贈收入,施伯南,A10*******,30000.00,0.00,匯款,1110927,,,金錢,臺北市大安區****,0936*****,,,,,,,,
10,曾壹靖,111年宜蘭縣蘇澳鎮鎮民代表選舉,首次申報,1111014,個人捐贈收入,林敏靖,,10000.00,0.00,匯款,1111014,,,金錢,新竹市北大路****,0918*****,,,,,,,,
11,曾壹靖,111年宜蘭縣蘇澳鎮鎮民代表選舉,首次申報,1111014,個人捐贈收入,張又儒,,6000.00,0.00,匯款,1111014,,,金錢,新竹市北大路****,0935*****,,,,,,,,
12,曾壹靖,111年宜蘭縣蘇澳鎮鎮民代表選舉,首次申報,1111019,個人捐贈收入,陳景有,,3000.00,0.00,匯款,1111019,,,金錢,宜蘭縣蘇澳鎮****,0928*****,,,,,,,,
13,曾壹靖,111年宜蘭縣蘇澳鎮鎮民代表選舉,首次申報,1111019,個人捐贈收入,葉曉元,,20000.00,0.00,匯款,1111019,,,金錢,,0952*****,,,,,,,,
14,曾壹靖,111年宜蘭縣蘇澳鎮鎮民代表選舉,首次申報,1111031,個人捐贈收入,邱俊霖,,6000.00,0.00,匯款,1111031,,,金錢,,0937*****,,,,,,,,
15,曾壹靖,111年宜蘭縣蘇澳鎮鎮民代表選舉,首次申報,1111108,個人捐贈收入,何建國,,3000.00,0.00,匯款,1111108,,,金錢,宜蘭縣蘇澳鎮****,0920*****,,,,,,,,
16,曾壹靖,111年宜蘭縣蘇澳鎮鎮民代表選舉,首次申報,1111116,匿名捐贈,匿名2,,1197.00,0.00,匯款,1111116,,,金錢,,,,,,,,,,
