﻿序號,擬參選人／政黨,選舉名稱,申報序號／年度,交易日期,收支科目,捐贈者／支出對象,身分證／統一編號,收入金額,支出金額,捐贈方式,存入專戶日期,返還/繳庫,支出用途,金錢類,地址,聯絡電話,應揭露之支出對象,支出對象之內部人員姓名,支出對象之內部人員職稱,政黨之內部人員姓名,政黨之內部人員職稱,關係,更正註記,資料更正日期
1,王樹圍,111年屏東縣高樹鄉鄉長選舉,首次申報,1111025,返還捐贈支出,鳳勝實業股份有限公司,16093742,0.00,300000.00,,,,返還,金錢,高雄市仁武區****,,否,,,,,,,
2,王樹圍,111年屏東縣高樹鄉鄉長選舉,首次申報,1111101,宣傳支出,米草贈品社,62952838,0.00,20800.00,,,,製作競選物品或宣傳廣告費用（物品名稱-背心）,金錢,屏東縣高樹鄉****,0931*****,否,,,,,,,
3,王樹圍,111年屏東縣高樹鄉鄉長選舉,首次申報,1111120,宣傳支出,永祥旗幟有限公司,89765416,0.00,188003.00,,,,製作競選物品或宣傳廣告費用（物品名稱-競選布條）,金錢,高雄市新興區****,0873*****,否,,,,,,,
4,王樹圍,111年屏東縣高樹鄉鄉長選舉,首次申報,1111125,宣傳支出,普普設計印刷,99244295,0.00,61850.00,,,,製作競選物品或宣傳廣告費用（物品名稱-文宣印刷）,金錢,屏東縣北勢里****,0873*****,否,,,,,,,
