﻿序號,擬參選人／政黨,選舉名稱,申報序號／年度,交易日期,收支科目,捐贈者／支出對象,身分證／統一編號,收入金額,支出金額,捐贈方式,存入專戶日期,返還/繳庫,支出用途,金錢類,地址,聯絡電話,應揭露之支出對象,支出對象之內部人員姓名,支出對象之內部人員職稱,政黨之內部人員姓名,政黨之內部人員職稱,關係,更正註記,資料更正日期
1,張宏陸,113年立法委員選舉,首次申報,1120718,返還捐贈支出,蘇盟仁,,0.00,888.00,,,,返還,金錢,新北市新莊區****,,否,,,,,,,
2,張宏陸,113年立法委員選舉,首次申報,1120727,集會支出,鴻福食品工廠(股)公司,34440941,0.00,37800.00,,,,活動用小餅乾,金錢,新北市板橋區****,0226*****,否,,,,,,,
3,張宏陸,113年立法委員選舉,首次申報,1120802,宣傳支出,貽和緣有限公司,91033992,0.00,9450.00,,,,筆袋,金錢,新北市鶯歌區****,0917*****,否,,,,,,,
4,張宏陸,113年立法委員選舉,首次申報,1120808,集會支出,熊把拔手創樂園,,0.00,9756.00,,,,拼豆活動材料,金錢,新北市五股區****,0229*****,否,,,,,,,
5,張宏陸,113年立法委員選舉,首次申報,1120811,集會支出,橙星文創企業社,72694297,0.00,59000.00,,,,拼豆活動教材及講師費,金錢,新北市土城區****,0919*****,否,,,,,,,
6,張宏陸,113年立法委員選舉,首次申報,1120817,集會支出,熊把拔手創樂園,85446159,0.00,4090.00,,,,拼豆活動材料,金錢,新北市五股區****,0229*****,否,,,,,,,
7,張宏陸,113年立法委員選舉,首次申報,1120828,集會支出,鴻福食品工廠(股)公司,34440941,0.00,12600.00,,,,活動用小餅乾,金錢,新北市板橋區****,0226*****,否,,,,,,,
8,張宏陸,113年立法委員選舉,首次申報,1120828,集會支出,鴻福食品工廠(股)公司,34440941,0.00,2520.00,,,,活動用小餅乾,金錢,新北市板橋區****,0226*****,否,,,,,,,
9,張宏陸,113年立法委員選舉,首次申報,1120831,集會支出,鴻福食品工廠(股)公司,34440941,0.00,12600.00,,,,活動用小餅乾,金錢,新北市板橋區****,0226*****,否,,,,,,,
10,張宏陸,113年立法委員選舉,首次申報,1120914,雜支支出,雅芳鎖匙刻印行,,0.00,450.00,,,,公司章,金錢,新北市板橋區****,,否,,,,,,,
11,張宏陸,113年立法委員選舉,首次申報,1120919,雜支支出,85446159,,0.00,3154.00,,,,活動材料--拼豆,金錢,新北市五股區****,,否,,,,,,,
12,張宏陸,113年立法委員選舉,首次申報,1121002,人事費用支出,李政軒,H12*******,0.00,30000.00,,,,工資或薪津,金錢,桃園市大溪區****,,否,,,,,,,
13,張宏陸,113年立法委員選舉,首次申報,1121003,雜支支出,山水民意研究股份有限公司,16135975,0.00,157500.00,,,,電話訪問,金錢,臺北市八德路****,,否,,,,,,,
14,張宏陸,113年立法委員選舉,首次申報,1121003,雜支支出,大工冷氣工程行,85142352,0.00,54500.00,,,,冷氣空調裝設,金錢,新北市泰山區****,,否,,,,,,,
15,張宏陸,113年立法委員選舉,首次申報,1121005,返還捐贈支出,億寶開發建設股份有限公司,28954490,0.00,500000.00,,,,返還,金錢,新北市中和區****,,否,,,,,,,
16,張宏陸,113年立法委員選舉,首次申報,1121005,人事費用支出,黃惠敏,F22*******,0.00,14000.00,,,,/~/工資,金錢,新北市泰山區****,,否,,,,,,,
17,張宏陸,113年立法委員選舉,首次申報,1121005,人事費用支出,沈家億,G12*******,0.00,4600.00,,,,活動計時工資,金錢,新北市板橋區****,0933*****,否,,,,,,,
18,張宏陸,113年立法委員選舉,首次申報,1121005,人事費用支出,黃俊文,Q12*******,0.00,40000.00,,,,月份薪資,金錢,臺北市文山區****,,否,,,,,,,
19,張宏陸,113年立法委員選舉,首次申報,1121016,雜支支出,富邦媒體股份有限公司,27365925,0.00,3383.00,,,,競總椅子,金錢,臺北市內湖區****,,否,,,,,,,
20,張宏陸,113年立法委員選舉,首次申報,1121016,租用競選辦事處支出,三益資產有限公司,53205853,0.00,34000.00,,,,房仲服務費,金錢,新北市板橋區****,,否,,,,,,,
21,張宏陸,113年立法委員選舉,首次申報,1121016,雜支支出,熊把拔手創樂園,85446159,0.00,2318.00,,,,活動材料--拼豆,金錢,新北市五股區****,,否,,,,,,,
22,張宏陸,113年立法委員選舉,首次申報,1121016,租用競選辦事處支出,張昆火,F22*******,0.00,204000.00,,,,後援會租金,金錢,新北市板橋區****,,否,,,,,,,
23,張宏陸,113年立法委員選舉,首次申報,1121017,雜支支出,景昌興業有限公司,28636361,0.00,480.00,,,,桶裝水,金錢,新北市新莊區****,,否,,,,,,,
24,張宏陸,113年立法委員選舉,首次申報,1121018,租用競選辦事處支出,群耀整合不動產有限公司,83467241,0.00,80000.00,,,,仲介服務費,金錢,新北市新莊區****,,否,,,,,,,
25,張宏陸,113年立法委員選舉,首次申報,1121019,雜支支出,富邦媒體股份有限公司,27365925,0.00,2160.00,,,,競總水壺等用品,金錢,臺北市內湖區****,,否,,,,,,,
26,張宏陸,113年立法委員選舉,首次申報,1121019,租用競選辦事處支出,黃耀亮,F10*******,0.00,320800.00,,,,競總租金、水費,金錢,新北市板橋區****,,否,,,,,,,
27,張宏陸,113年立法委員選舉,首次申報,1121019,宣傳支出,梁金龍,F12*******,0.00,30000.00,,,,後援會看板租金,金錢,新北市板橋區****,0935*****,否,,,,,,,
28,張宏陸,113年立法委員選舉,首次申報,1121020,宣傳支出,維豪國際有限公司,80571712,0.00,240000.00,,,,宣傳小物--精油貼布,金錢,臺北市大同區****,,否,,,,,,,
29,張宏陸,113年立法委員選舉,首次申報,1121023,雜支支出,富邦媒體股份有限公司,27365925,0.00,1418.00,,,,競總泡茶用品,金錢,臺北市內湖區****,,否,,,,,,,
30,張宏陸,113年立法委員選舉,首次申報,1121023,雜支支出,燦坤實業股份有限公司板橋分公司,70746039,0.00,349.00,,,,影像轉接器,金錢,新北市板橋區****,,否,,,,,,,
31,張宏陸,113年立法委員選舉,首次申報,1121025,雜支支出,富邦媒體股份有限公司,27365925,0.00,4780.00,,,,電視架座談會用,金錢,臺北市內湖區****,,否,,,,,,,
32,張宏陸,113年立法委員選舉,首次申報,1121025,雜支支出,燦坤實業股份有限公司板橋分公司,70746039,0.00,16738.00,,,,顯示器等,金錢,新北市板橋區****,,否,,,,,,,
33,張宏陸,113年立法委員選舉,首次申報,1121027,雜支支出,富邦媒體股份有限公司,27365925,0.00,16999.00,,,,顯示器座談會用,金錢,臺北市內湖區****,,否,,,,,,,
34,張宏陸,113年立法委員選舉,首次申報,1121101,雜支支出,聖安鮮花坊,09651854,0.00,38115.00,,,,鮮花,金錢,新北市板橋區****,,否,,,,,,,
35,張宏陸,113年立法委員選舉,首次申報,1121101,雜支支出,石頭肉圓,30126815,0.00,795.00,,,,餐費,金錢,新北市板橋區****,,否,,,,,,,
36,張宏陸,113年立法委員選舉,首次申報,1121102,雜支支出,富邦媒體股份有限公司,27365925,0.00,18555.00,,,,顯示器,金錢,臺北市內湖區****,,否,,,,,,,
37,張宏陸,113年立法委員選舉,首次申報,1121102,集會支出,嘉品廣告社,85151056,0.00,2750.00,,,,椅子租借,金錢,新北市蘆洲區****,,否,,,,,,,
38,張宏陸,113年立法委員選舉,首次申報,1121102,雜支支出,藍天影視傳播,99745571,0.00,1460.00,,,,音響設備,金錢,新北市淡水區****,,否,,,,,,,
39,張宏陸,113年立法委員選舉,首次申報,1121102,人事費用支出,連孟君,C22*******,0.00,35000.00,,,,薪資,金錢,新北市板橋區****,,否,,,,,,,
40,張宏陸,113年立法委員選舉,首次申報,1121102,人事費用支出,李政軒,H12*******,0.00,30000.00,,,,薪資,金錢,桃園市大溪區****,,否,,,,,,,
41,張宏陸,113年立法委員選舉,首次申報,1121104,雜支支出,Mr.Wish 鮮果茶玩家,91244764,0.00,1105.00,,,,飲料,金錢,新北市中和區****,,否,,,,,,,
42,張宏陸,113年立法委員選舉,首次申報,1121104,人事費用支出,王亭又,A23*******,0.00,1100.00,,,,整理資料工資,金錢,臺北市大安區****,,否,,,,,,,
43,張宏陸,113年立法委員選舉,首次申報,1121104,人事費用支出,崔敬凡,D22*******,0.00,1000.00,,,,整理資料工資,金錢,臺北市大安區****,,否,,,,,,,
44,張宏陸,113年立法委員選舉,首次申報,1121104,人事費用支出,沈家億,G12*******,0.00,2100.00,,,,整理資料工資,金錢,新北市板橋區****,,否,,,,,,,
45,張宏陸,113年立法委員選舉,首次申報,1121104,人事費用支出,陳資媃,G22*******,0.00,1100.00,,,,資料整理工資,金錢,宜蘭縣壯圍鄉****,,否,,,,,,,
46,張宏陸,113年立法委員選舉,首次申報,1121105,人事費用支出,陳銤琪,F22*******,0.00,1700.00,,,,整理資料工資,金錢,新北市新莊區****,,否,,,,,,,
47,張宏陸,113年立法委員選舉,首次申報,1121105,人事費用支出,黃俊文,Q12*******,0.00,40000.00,,,,月份薪資,金錢,臺北市文山區****,,否,,,,,,,
48,張宏陸,113年立法委員選舉,首次申報,1121105,人事費用支出,田維晴,R22*******,0.00,1700.00,,,,整理資料工資,金錢,臺北市大安區****,,否,,,,,,,
49,張宏陸,113年立法委員選舉,首次申報,1121106,人事費用支出,黃惠敏,F22*******,0.00,30000.00,,,,薪資,金錢,新北市泰山區****,,否,,,,,,,
50,張宏陸,113年立法委員選舉,首次申報,1121110,集會支出,板橋國小,34158401,0.00,24000.00,,,,板橋國小場地租借,金錢,新北市板橋區****,,否,,,,,,,
51,張宏陸,113年立法委員選舉,首次申報,1121110,雜支支出,文化小吃店,34766361,0.00,790.00,,,,餐費,金錢,新北市板橋區****,,否,,,,,,,
52,張宏陸,113年立法委員選舉,首次申報,1121110,集會支出,嘉品廣告社,85151056,0.00,3000.00,,,,椅子租借,金錢,新北市蘆洲區****,,否,,,,,,,
53,張宏陸,113年立法委員選舉,首次申報,1121110,返還捐贈支出,和昌企業有限公司,97393017,0.00,20000.00,,,,返還,金錢,新北市土城區****,,否,,,,,,,
54,張宏陸,113年立法委員選舉,首次申報,1121114,人事費用支出,沈家億,G12*******,0.00,6100.00,,,,活動計時工資,金錢,新北市板橋區****,0933*****,否,,,,,,,
55,張宏陸,113年立法委員選舉,首次申報,1121115,集會支出,江翠國小,34174818,0.00,16900.00,,,,江翠國小場地租金,金錢,新北市板橋區****,,否,,,,,,,
56,張宏陸,113年立法委員選舉,首次申報,1121116,雜支支出,景昌興業有限公司,28636361,0.00,2160.00,,,,桶裝水,金錢,新北市新莊區****,,否,,,,,,,
57,張宏陸,113年立法委員選舉,首次申報,1121117,返還捐贈支出,冠寶開發建設有限公司,28908200,0.00,100000.00,,,,返還,金錢,新北市土城區****,,否,,,,,,,
58,張宏陸,113年立法委員選舉,首次申報,1121119,集會支出,嘉品廣告社,85151056,0.00,2000.00,,,,椅子租借,金錢,新北市蘆洲區****,,否,,,,,,,
59,張宏陸,113年立法委員選舉,首次申報,1121120,宣傳支出,台北郵局,,0.00,22803.00,,,,郵件郵資及處理費,金錢,臺北市大安區****,,否,,,,,,,
60,張宏陸,113年立法委員選舉,首次申報,1121120,雜支支出,莒光郵局,34291132,0.00,1196.00,,,,郵資券,金錢,新北市板橋區****,,否,,,,,,,
61,張宏陸,113年立法委員選舉,首次申報,1121121,雜支支出,麻古茶坊松柏店,87564928,0.00,592.00,,,,飲料,金錢,新北市板橋松****,,否,,,,,,,
62,張宏陸,113年立法委員選舉,首次申報,1121122,宣傳支出,民本廣播股份有限公司,03719104,0.00,90000.00,,,,電台廣播宣傳費用,金錢,臺北市萬華區****,,否,,,,,,,
63,張宏陸,113年立法委員選舉,首次申報,1121122,雜支支出,心雅服裝行,15995103,0.00,38745.00,,,,競選外套,金錢,臺北市萬華區****,,否,,,,,,,
64,張宏陸,113年立法委員選舉,首次申報,1121122,雜支支出,三井3C,16056492,0.00,550.00,,,,影音分配器,金錢,新北市板橋區****,,否,,,,,,,
65,張宏陸,113年立法委員選舉,首次申報,1121122,雜支支出,飛揚小吃店,50675417,0.00,720.00,,,,餐費,金錢,新北市板橋區****,,否,,,,,,,
66,張宏陸,113年立法委員選舉,首次申報,1121122,雜支支出,余家班音響工坊,66966138,0.00,8400.00,,,,活動音響租用,金錢,新北市板橋區****,,否,,,,,,,
67,張宏陸,113年立法委員選舉,首次申報,1121122,集會支出,嘉品廣告社,85151056,0.00,4000.00,,,,椅子租借,金錢,新北市蘆洲區****,,否,,,,,,,
68,張宏陸,113年立法委員選舉,首次申報,1121122,集會支出,嘉品廣告社,85151056,0.00,6000.00,,,,椅子租借,金錢,新北市蘆洲區****,,否,,,,,,,
69,張宏陸,113年立法委員選舉,首次申報,1121122,雜支支出,熊把拔,85446159,0.00,1354.00,,,,活動材料,金錢,新北市五股區****,,否,,,,,,,
70,張宏陸,113年立法委員選舉,首次申報,1121122,雜支支出,miss bi bo手搖飲料,87499151,0.00,594.00,,,,飲料,金錢,新北市板橋民****,,否,,,,,,,
71,張宏陸,113年立法委員選舉,首次申報,1121124,雜支支出,車神通訊企業有限公司,29030714,0.00,23040.00,,,,通訊器材一批,金錢,臺北市中正區****,,否,,,,,,,
72,張宏陸,113年立法委員選舉,首次申報,1121125,雜支支出,彪彪小吃店,91233598,0.00,900.00,,,,餐費,金錢,新北市板橋區****,,否,,,,,,,
73,張宏陸,113年立法委員選舉,首次申報,1121126,雜支支出,御珍品餐坊,26770123,0.00,6600.00,,,,便當,金錢,新北市板橋區****,,否,,,,,,,
74,張宏陸,113年立法委員選舉,首次申報,1121126,宣傳支出,余家班音響工坊,66966138,0.00,233415.00,,,,造勢晚會舞台等活動支出,金錢,新北市板橋區****,,否,,,,,,,
75,張宏陸,113年立法委員選舉,首次申報,1121126,雜支支出,烏弄原生茶飲（板橋府中店）,89119240,0.00,2550.00,,,,飲料,金錢,新北市板橋中****,,否,,,,,,,
76,張宏陸,113年立法委員選舉,首次申報,1121126,人事費用支出,陳佳琪,F22*******,0.00,2500.00,,,,計時薪資,金錢,新北市板橋區****,,否,,,,,,,
77,張宏陸,113年立法委員選舉,首次申報,1121126,人事費用支出,張舒涵,F23*******,0.00,1000.00,,,,競總成立工讀生,金錢,新北市板橋區****,,否,,,,,,,
78,張宏陸,113年立法委員選舉,首次申報,1121126,人事費用支出,張舒涵,H22*******,0.00,1000.00,,,,競總成立工讀生,金錢,新北市土城區****,,否,,,,,,,
79,張宏陸,113年立法委員選舉,首次申報,1121126,集會支出,林雪玉,Q22*******,0.00,6000.00,,,,競選總部成立大會表演團體,金錢,新北市板橋區****,0935*****,否,,,,,,,
80,張宏陸,113年立法委員選舉,首次申報,1121126,人事費用支出,韓怡梅,T22*******,0.00,3000.00,,,,競選總部成立大會護理人員,金錢,新北市土城區****,0922*****,否,,,,,,,
81,張宏陸,113年立法委員選舉,首次申報,1121127,宣傳支出,水黽創意有限公司,24334359,0.00,147000.00,,,,手搖旗,金錢,臺北市士林區****,,否,,,,,,,
82,張宏陸,113年立法委員選舉,首次申報,1121128,雜支支出,心雅服裝行,15995103,0.00,9299.00,,,,外套製作,金錢,臺北市萬華區****,,否,,,,,,,
83,張宏陸,113年立法委員選舉,首次申報,1121128,宣傳支出,鼎尚企業社,30113467,0.00,50000.00,,,,電視牆租用,金錢,新北市板橋區****,,否,,,,,,,
84,張宏陸,113年立法委員選舉,首次申報,1121128,宣傳支出,双秝廣告有限公司,54298160,0.00,100000.00,,,,廣告服務費,金錢,新北市三峽區****,,否,,,,,,,
85,張宏陸,113年立法委員選舉,首次申報,1121128,集會支出,好嗨舞團,88172082,0.00,202864.00,,,,街舞比賽專案管理費,金錢,臺北市中山區****,,否,,,,,,,
86,張宏陸,113年立法委員選舉,首次申報,1121128,人事費用支出,楊英蘭,A22*******,0.00,16200.00,,,,計時工資,金錢,新北市板橋區****,,否,,,,,,,
87,張宏陸,113年立法委員選舉,首次申報,1121128,人事費用支出,周美慧,C22*******,0.00,1400.00,,,,計時工資,金錢,新北市板橋區****,,否,,,,,,,
88,張宏陸,113年立法委員選舉,首次申報,1121128,人事費用支出,林宗葆,F12*******,0.00,6400.00,,,,計時工資,金錢,新北市板橋區****,,否,,,,,,,
89,張宏陸,113年立法委員選舉,首次申報,1121128,人事費用支出,張素貞,F20*******,0.00,3200.00,,,,計時工資,金錢,新北市板橋區****,,否,,,,,,,
90,張宏陸,113年立法委員選舉,首次申報,1121128,人事費用支出,吳美菜,F22*******,0.00,3200.00,,,,計時工資,金錢,新北市板橋區****,,否,,,,,,,
91,張宏陸,113年立法委員選舉,首次申報,1121128,人事費用支出,趙怡婷,F22*******,0.00,11200.00,,,,計時工資,金錢,新北市土城區****,,否,,,,,,,
92,張宏陸,113年立法委員選舉,首次申報,1121128,人事費用支出,陳粉嬌,N22*******,0.00,6400.00,,,,計時工資,金錢,新北市板橋區****,,否,,,,,,,
93,張宏陸,113年立法委員選舉,首次申報,1121128,人事費用支出,蔡美玉,Q20*******,0.00,6800.00,,,,計時工資,金錢,新北市板橋區****,,否,,,,,,,
94,張宏陸,113年立法委員選舉,首次申報,1121128,人事費用支出,柯滿足,Q20*******,0.00,9200.00,,,,計時工資,金錢,新北市板橋區****,,否,,,,,,,
95,張宏陸,113年立法委員選舉,首次申報,1121128,人事費用支出,吳詢,R22*******,0.00,6400.00,,,,計時工資,金錢,新北市板橋區****,,否,,,,,,,
96,張宏陸,113年立法委員選舉,首次申報,1121129,人事費用支出,張舒涵,F23*******,0.00,300.00,,,,發文宣計時工資,金錢,新北市板橋區****,,否,,,,,,,
97,張宏陸,113年立法委員選舉,首次申報,1121130,宣傳支出,華聲廣播股份有限公司,29909403,0.00,70000.00,,,,電台廣告,金錢,臺北市士林區****,0228*****,否,,,,,,,
98,張宏陸,113年立法委員選舉,首次申報,1121130,宣傳支出,興龍工程行,78586099,0.00,21000.00,,,,遮雨棚搭設,金錢,新北市板橋區****,,否,,,,,,,
99,張宏陸,113年立法委員選舉,首次申報,1121130,宣傳支出,新樂音響燈光企業社,80920107,0.00,15000.00,,,,舞台車,金錢,新北市中和區****,,否,,,,,,,
100,張宏陸,113年立法委員選舉,首次申報,1121130,集會支出,嘉品廣告社,85151056,0.00,2000.00,,,,椅子租借,金錢,新北市蘆洲區****,,否,,,,,,,
101,張宏陸,113年立法委員選舉,首次申報,1121201,集會支出,嘉品廣告社,85151056,0.00,2500.00,,,,椅子租借,金錢,新北市蘆洲區****,,否,,,,,,,
102,張宏陸,113年立法委員選舉,首次申報,1121202,雜支支出,茶朵木莒光店,37765695,0.00,605.00,,,,飲料,金錢,新北市板橋區****,,否,,,,,,,
103,張宏陸,113年立法委員選舉,首次申報,1121202,人事費用支出,劉陶東,A12*******,0.00,6000.00,,,,工作津貼,金錢,新北市板橋區****,,否,,,,,,,
104,張宏陸,113年立法委員選舉,首次申報,1121202,人事費用支出,鄭清蘭,C20*******,0.00,36000.00,,,,薪資,金錢,新北市板橋區****,0911*****,否,,,,,,,
105,張宏陸,113年立法委員選舉,首次申報,1121202,人事費用支出,連孟君,C22*******,0.00,36000.00,,,,薪資,金錢,新北市板橋區****,0982*****,否,,,,,,,
106,張宏陸,113年立法委員選舉,首次申報,1121202,人事費用支出,鄭佳綨,D22*******,0.00,6000.00,,,,工作津貼,金錢,臺北市大安區****,0937*****,否,,,,,,,
107,張宏陸,113年立法委員選舉,首次申報,1121202,人事費用支出,余國濱,F12*******,0.00,6000.00,,,,工作津貼,金錢,新北市板橋區****,0926*****,否,,,,,,,
108,張宏陸,113年立法委員選舉,首次申報,1121202,人事費用支出,陳俊諺,F12*******,0.00,40000.00,,,,薪資,金錢,新北市板橋區****,,否,,,,,,,
109,張宏陸,113年立法委員選舉,首次申報,1121202,人事費用支出,曾湘純,F22*******,0.00,6000.00,,,,工作津貼,金錢,新北市板橋區****,0965*****,否,,,,,,,
110,張宏陸,113年立法委員選舉,首次申報,1121202,人事費用支出,林子嫕,G22*******,0.00,6000.00,,,,工作津貼,金錢,宜蘭縣冬山鄉****,0903*****,否,,,,,,,
111,張宏陸,113年立法委員選舉,首次申報,1121202,人事費用支出,李政軒,H12*******,0.00,6000.00,,,,工作津貼,金錢,桃園市大溪區****,,否,,,,,,,
112,張宏陸,113年立法委員選舉,首次申報,1121202,人事費用支出,林芝,K22*******,0.00,36000.00,,,,薪資,金錢,新北市板橋區****,0900*****,否,,,,,,,
113,張宏陸,113年立法委員選舉,首次申報,1121202,人事費用支出,陳彥廷,N12*******,0.00,6000.00,,,,工作津貼,金錢,新北市中和區****,0920*****,否,,,,,,,
114,張宏陸,113年立法委員選舉,首次申報,1121202,人事費用支出,許育瑄,P22*******,0.00,6000.00,,,,工作津貼,金錢,新北市土城區****,0933*****,否,,,,,,,
115,張宏陸,113年立法委員選舉,首次申報,1121202,人事費用支出,江榮錦,Q10*******,0.00,36000.00,,,,薪資,金錢,新北市板橋區****,,否,,,,,,,
116,張宏陸,113年立法委員選舉,首次申報,1121202,人事費用支出,郭秀哖,Q20*******,0.00,36000.00,,,,薪資,金錢,新北市板橋區****,,否,,,,,,,
117,張宏陸,113年立法委員選舉,首次申報,1121202,人事費用支出,洪瑞隆,R10*******,0.00,36000.00,,,,薪資,金錢,新北市板橋區****,,否,,,,,,,
118,張宏陸,113年立法委員選舉,首次申報,1121203,雜支支出,老五小吃店,10586543,0.00,760.00,,,,餐費,金錢,新北市板橋區****,,否,,,,,,,
119,張宏陸,113年立法委員選舉,首次申報,1121203,雜支支出,日日裝茶文化店,54583093,0.00,520.00,,,,飲料,金錢,新北市板橋文****,,否,,,,,,,
120,張宏陸,113年立法委員選舉,首次申報,1121204,宣傳支出,水黽創意有限公司,24334359,0.00,336000.00,,,,旗幟布條製作,金錢,臺北市士林區****,,否,,,,,,,
121,張宏陸,113年立法委員選舉,首次申報,1121204,宣傳支出,好孩子影像製作有限公司,24716357,0.00,70000.00,,,,影像製作,金錢,新北市板橋區****,0970*****,否,,,,,,,
122,張宏陸,113年立法委員選舉,首次申報,1121204,集會支出,江翠國小,34174818,0.00,37650.00,,,,江翠國小場地租借,金錢,新北市板橋區****,,否,,,,,,,
123,張宏陸,113年立法委員選舉,首次申報,1121204,雜支支出,福餐聯餐飲(股)公司板橋松柏店,85423000,0.00,1020.00,,,,誤餐費,金錢,新北市板橋區****,,否,,,,,,,
124,張宏陸,113年立法委員選舉,首次申報,1121205,人事費用支出,江堡寬,F12*******,0.00,50000.00,,,,月薪資,金錢,新北市板橋區****,0911*****,否,,,,,,,
125,張宏陸,113年立法委員選舉,首次申報,1121205,人事費用支出,黃俊文,Q12*******,0.00,40000.00,,,,月薪資,金錢,臺北市文山區****,,否,,,,,,,
126,張宏陸,113年立法委員選舉,首次申報,1121206,雜支支出,艋舺兩百,26252228,0.00,1300.00,,,,餐費,金錢,臺北市萬華區****,,否,,,,,,,
127,張宏陸,113年立法委員選舉,首次申報,1121207,宣傳支出,群意企業社,98681521,0.00,66150.00,,,,競選小物眼鏡布,金錢,新北市三峽區****,8684*****,否,,,,,,,
128,張宏陸,113年立法委員選舉,首次申報,1121207,人事費用支出,賴輝楠,A10*******,0.00,400.00,,,,綁布條計時工資,金錢,新北市板橋區****,,否,,,,,,,
129,張宏陸,113年立法委員選舉,首次申報,1121207,人事費用支出,張得貴,F10*******,0.00,400.00,,,,綁布條工資,金錢,新北市板橋區****,,否,,,,,,,
130,張宏陸,113年立法委員選舉,首次申報,1121207,人事費用支出,黃珮貞,F20*******,0.00,400.00,,,,綁布條工資,金錢,新北市板橋區****,,否,,,,,,,
131,張宏陸,113年立法委員選舉,首次申報,1121207,人事費用支出,江麗卿,F22*******,0.00,400.00,,,,綁布條工資,金錢,新北市板橋區****,,否,,,,,,,
132,張宏陸,113年立法委員選舉,首次申報,1121207,人事費用支出,范坤煌,K10*******,0.00,400.00,,,,綁布條工資,金錢,新北市板橋區****,,否,,,,,,,
133,張宏陸,113年立法委員選舉,首次申報,1121207,人事費用支出,黃珮貞,K12*******,0.00,400.00,,,,綁布條工資,金錢,新北市板橋區****,,否,,,,,,,
134,張宏陸,113年立法委員選舉,首次申報,1121208,集會支出,嘉品廣告社,85151056,0.00,1000.00,,,,椅子租借,金錢,新北市蘆洲區****,,否,,,,,,,
135,張宏陸,113年立法委員選舉,首次申報,1121208,雜支支出,茶掘商行,87504041,0.00,580.00,,,,飲料,金錢,新北市板橋區****,,否,,,,,,,
136,張宏陸,113年立法委員選舉,首次申報,1121209,雜支支出,台灣麥當勞餐廳股份有限公司板橋中山分公司,16080900,0.00,9176.00,,,,誤餐費,金錢,新北市板橋區****,,否,,,,,,,
137,張宏陸,113年立法委員選舉,首次申報,1121209,人事費用支出,陳思如,U22*******,0.00,5000.00,,,,街舞表演演出費,金錢,花蓮縣吉安鄉****,,否,,,,,,,
138,張宏陸,113年立法委員選舉,首次申報,1121210,雜支支出,日日裝茶文化店,54583093,0.00,1535.00,,,,飲料,金錢,新北市板橋文****,,否,,,,,,,
139,張宏陸,113年立法委員選舉,首次申報,1121210,宣傳支出,余家班音響工坊,66966138,0.00,107100.00,,,,活動舞台搭設,金錢,新北市板橋區****,2965*****,否,,,,,,,
140,張宏陸,113年立法委員選舉,首次申報,1121210,人事費用支出,張伉瑋,Q12*******,0.00,2500.00,,,,計時薪資,金錢,新北市新莊區****,0910*****,否,,,,,,,
141,張宏陸,113年立法委員選舉,首次申報,1121210,人事費用支出,林雪玉,Q22*******,0.00,6000.00,,,,計時薪資,金錢,新北市板橋區****,0935*****,否,,,,,,,
142,張宏陸,113年立法委員選舉,首次申報,1121210,人事費用支出,韓怡梅,T22*******,0.00,3000.00,,,,計時薪資,金錢,新北市土城區****,0922*****,否,,,,,,,
143,張宏陸,113年立法委員選舉,首次申報,1121211,雜支支出,景昌興業有限公司,28636361,0.00,2160.00,,,,桶裝水,金錢,新北市新莊區****,,否,,,,,,,
144,張宏陸,113年立法委員選舉,首次申報,1121211,雜支支出,艾波索股份有限公司板橋分公司,66556465,0.00,1380.00,,,,蛋糕,金錢,新北市板橋區****,,否,,,,,,,
145,張宏陸,113年立法委員選舉,首次申報,1121211,雜支支出,麻古茶坊松柏店,87564928,0.00,775.00,,,,飲料,金錢,新北市板橋松****,,否,,,,,,,
146,張宏陸,113年立法委員選舉,首次申報,1121211,雜支支出,吃貨燒味店,91791262,0.00,990.00,,,,餐費,金錢,新北市板橋區****,,否,,,,,,,
147,張宏陸,113年立法委員選舉,首次申報,1121212,宣傳支出,水黽創意有限公司,24334359,0.00,399000.00,,,,廣告帆布製作,金錢,臺北市士林區****,,否,,,,,,,
148,張宏陸,113年立法委員選舉,首次申報,1121212,雜支支出,七盞茶,91743207,0.00,540.00,,,,飲料,金錢,新北市板橋民****,,否,,,,,,,
149,張宏陸,113年立法委員選舉,首次申報,1121213,雜支支出,莒光郵局,34291132,0.00,448.00,,,,郵票,金錢,新北市板橋區****,,否,,,,,,,
150,張宏陸,113年立法委員選舉,首次申報,1121214,雜支支出,東一排骨餐廳有限公司,05136667,0.00,1720.00,,,,便當,金錢,臺北市中正區****,,否,,,,,,,
151,張宏陸,113年立法委員選舉,首次申報,1121214,雜支支出,烏弄原生茶飲（板橋四維店）,87492376,0.00,792.00,,,,飲料,金錢,新北市板橋四****,,否,,,,,,,
152,張宏陸,113年立法委員選舉,首次申報,1121214,人事費用支出,楊英蘭,A22*******,0.00,9000.00,,,,計時工資,金錢,新北市板橋區****,,否,,,,,,,
153,張宏陸,113年立法委員選舉,首次申報,1121214,人事費用支出,吳美菜,F22*******,0.00,2000.00,,,,計時工資,金錢,新北市板橋區****,,否,,,,,,,
154,張宏陸,113年立法委員選舉,首次申報,1121214,人事費用支出,陳粉嬌,N22*******,0.00,3000.00,,,,計時工資,金錢,新北市板橋區****,,否,,,,,,,
155,張宏陸,113年立法委員選舉,首次申報,1121214,人事費用支出,柯滿足,Q20*******,0.00,6800.00,,,,計時工資,金錢,新北市板橋區****,,否,,,,,,,
156,張宏陸,113年立法委員選舉,首次申報,1121214,人事費用支出,蔡美玉,Q20*******,0.00,2800.00,,,,計時工資,金錢,新北市板橋區****,,否,,,,,,,
157,張宏陸,113年立法委員選舉,首次申報,1121214,人事費用支出,吳詢,R22*******,0.00,1800.00,,,,計時工資,金錢,新北市板橋區****,,否,,,,,,,
158,張宏陸,113年立法委員選舉,首次申報,1121215,雜支支出,晴喜摘板橋民生店,89193846,0.00,635.00,,,,飲料,金錢,新北市板橋民****,,否,,,,,,,
159,張宏陸,113年立法委員選舉,首次申報,1121215,人事費用支出,何筱晴,F22*******,0.00,5000.00,,,,莒光國小街舞比賽演出費,金錢,新北市板橋區****,,否,,,,,,,
160,張宏陸,113年立法委員選舉,首次申報,1121216,雜支支出,御珍品餐坊,26770123,0.00,1785.00,,,,誤餐費,金錢,新北市板橋區****,,否,,,,,,,
161,張宏陸,113年立法委員選舉,首次申報,1121216,雜支支出,晴喜摘板橋民生店,89193846,0.00,700.00,,,,飲料,金錢,新北市板橋民****,,否,,,,,,,
162,張宏陸,113年立法委員選舉,首次申報,1121217,雜支支出,康是美莒光門市,51910755,0.00,1290.00,,,,暖暖包,金錢,新北市板橋區****,,否,,,,,,,
163,張宏陸,113年立法委員選舉,首次申報,1121217,雜支支出,花路時尚平價迷你小火鍋,82122868,0.00,2420.00,,,,誤餐費,金錢,新北市板橋區****,,否,,,,,,,
164,張宏陸,113年立法委員選舉,首次申報,1121217,集會支出,嘉品廣告社,85151056,0.00,800.00,,,,椅子租借,金錢,新北市蘆洲區****,,否,,,,,,,
165,張宏陸,113年立法委員選舉,首次申報,1121217,雜支支出,香港英記燒腊快餐店,99761749,0.00,1225.00,,,,便當,金錢,新北市板橋區****,,否,,,,,,,
166,張宏陸,113年立法委員選舉,首次申報,1121218,宣傳支出,鼎尚企業社,30113467,0.00,50000.00,,,,電視牆租用,金錢,新北市板橋區****,,否,,,,,,,
167,張宏陸,113年立法委員選舉,首次申報,1121218,雜支支出,烏弄原生茶飲（板橋四維店）,87492376,0.00,590.00,,,,飲料,金錢,新北市板橋四****,,否,,,,,,,
168,張宏陸,113年立法委員選舉,首次申報,1121218,人事費用支出,陳彥方,H22*******,0.00,400.00,,,,拜票計時工資,金錢,桃園市桃園區****,,否,,,,,,,
169,張宏陸,113年立法委員選舉,首次申報,1121218,人事費用支出,陳韋玲,H22*******,0.00,400.00,,,,拜票計時工資,金錢,桃園市桃園區****,,否,,,,,,,
170,張宏陸,113年立法委員選舉,首次申報,1121219,雜支支出,鄭記碗粿鐵食堂,91701966,0.00,1200.00,,,,誤餐費,金錢,新北市板橋區****,,否,,,,,,,
171,張宏陸,113年立法委員選舉,首次申報,1121220,雜支支出,文化路郵局,33504306,0.00,2828.00,,,,郵票,金錢,新北市板橋區****,,否,,,,,,,
172,張宏陸,113年立法委員選舉,首次申報,1121220,雜支支出,日日裝茶文化店,54583093,0.00,937.00,,,,飲料,金錢,新北市板橋文****,,否,,,,,,,
173,張宏陸,113年立法委員選舉,首次申報,1121220,雜支支出,泰吉食坊,91242837,0.00,2970.00,,,,餐盒,金錢,新北市板橋區****,,否,,,,,,,
174,張宏陸,113年立法委員選舉,首次申報,1121221,雜支支出,富邦媒體股份有限公司,27365925,0.00,12000.00,,,,無線擴音機,金錢,臺北市內湖區****,,否,,,,,,,
175,張宏陸,113年立法委員選舉,首次申報,1121222,雜支支出,就是義麵屋,66967299,0.00,1640.00,,,,誤餐費,金錢,新北市板橋區****,,否,,,,,,,
176,張宏陸,113年立法委員選舉,首次申報,1121223,雜支支出,東門椅桌店,03255723,0.00,4000.00,,,,紅龍租借,金錢,臺北市臨沂街****,,否,,,,,,,
177,張宏陸,113年立法委員選舉,首次申報,1121223,雜支支出,迷客夏,50668871,0.00,720.00,,,,飲料,金錢,新北市板橋區****,,否,,,,,,,
178,張宏陸,113年立法委員選舉,首次申報,1121223,雜支支出,一京餐飲,85160891,0.00,1760.00,,,,誤餐費,金錢,新北市板橋區****,,否,,,,,,,
179,張宏陸,113年立法委員選舉,首次申報,1121224,交通旅運支出,車麗屋汽車百貨,13375846,0.00,19670.00,,,,宣傳車相關配件,金錢,新北市板橋區****,,否,,,,,,,
180,張宏陸,113年立法委員選舉,首次申報,1121224,雜支支出,富邦媒體股份有限公司,27365925,0.00,5402.00,,,,手持麥克風,金錢,臺北市內湖區****,,否,,,,,,,
181,張宏陸,113年立法委員選舉,首次申報,1121224,雜支支出,楓葉食品行,34494397,0.00,7200.00,,,,餐盒,金錢,新北市土城區****,,否,,,,,,,
182,張宏陸,113年立法委員選舉,首次申報,1121224,雜支支出,燦坤實業股份有限公司板橋分公司,70746039,0.00,48190.00,,,,筆記型電腦等,金錢,新北市板橋區****,,否,,,,,,,
183,張宏陸,113年立法委員選舉,首次申報,1121224,集會支出,嘉品廣告社,85151056,0.00,3500.00,,,,椅子租借,金錢,新北市蘆洲區****,,否,,,,,,,
184,張宏陸,113年立法委員選舉,首次申報,1121225,交通旅運支出,車麗屋汽車百貨,13375846,0.00,7396.00,,,,宣傳車用品,金錢,新北市板橋區****,,否,,,,,,,
185,張宏陸,113年立法委員選舉,首次申報,1121225,雜支支出,富邦媒體股份有限公司,27365925,0.00,12136.00,,,,手持麥克風,金錢,臺北市內湖區****,,否,,,,,,,
186,張宏陸,113年立法委員選舉,首次申報,1121225,人事費用支出,睦晨數位創意有限公司,52271778,0.00,10000.00,,,,網路直播,金錢,臺北市大安區****,,否,,,,,,,
187,張宏陸,113年立法委員選舉,首次申報,1121225,雜支支出,麻古茶坊松柏店,87564928,0.00,600.00,,,,飲料,金錢,新北市板橋松****,,否,,,,,,,
188,張宏陸,113年立法委員選舉,首次申報,1121225,人事費用支出,衛福部健保局台北業務組,92011428,0.00,8856.00,,,,健保費,金錢,臺北市中正區****,,否,,,,,,,
189,張宏陸,113年立法委員選舉,首次申報,1121226,雜支支出,富邦媒體股份有限公司,27365925,0.00,2396.00,,,,大聲公,金錢,臺北市內湖區****,,否,,,,,,,
190,張宏陸,113年立法委員選舉,首次申報,1121226,雜支支出,老賴茶棧,85447170,0.00,665.00,,,,飲料,金錢,新北市板橋區****,,否,,,,,,,
191,張宏陸,113年立法委員選舉,首次申報,1121226,宣傳支出,綠色和平廣播股份有限公司,89339531,0.00,64000.00,,,,廣告託播費用,金錢,新北市三重區****,,否,,,,,,,
192,張宏陸,113年立法委員選舉,首次申報,1121226,雜支支出,吃貨燒味店,91791262,0.00,1770.00,,,,便當,金錢,新北市板橋區****,,否,,,,,,,
193,張宏陸,113年立法委員選舉,首次申報,1121227,雜支支出,yahoo 奇摩,27240313,0.00,1380.00,,,,行動電源,金錢,臺北市南港區****,,否,,,,,,,
194,張宏陸,113年立法委員選舉,首次申報,1121227,雜支支出,yahoo 奇摩,27240313,0.00,699.00,,,,網路攝影機,金錢,臺北市南港區****,,否,,,,,,,
195,張宏陸,113年立法委員選舉,首次申報,1121227,宣傳支出,佳聖媒體行銷有限公司,28176937,0.00,262500.00,,,,新聞製作費,金錢,臺北市中山區****,,否,,,,,,,
196,張宏陸,113年立法委員選舉,首次申報,1121227,雜支支出,甘蔗媽媽,87309618,0.00,735.00,,,,飲料,金錢,新北市板橋民****,,否,,,,,,,
197,張宏陸,113年立法委員選舉,首次申報,1121228,雜支支出,茶聚板橋大仁,87302241,0.00,715.00,,,,飲料,金錢,新北市板橋區****,,否,,,,,,,
198,張宏陸,113年立法委員選舉,首次申報,1121228,雜支支出,彪彪小吃店,91233598,0.00,1580.00,,,,餐費,金錢,新北市板橋區****,,否,,,,,,,
199,張宏陸,113年立法委員選舉,首次申報,1121228,人事費用支出,郭秀美,A22*******,0.00,14000.00,,,,撥打拜票電話,金錢,新北市板橋區****,,否,,,,,,,
200,張宏陸,113年立法委員選舉,首次申報,1121228,人事費用支出,劉鴛鴦,F20*******,0.00,12600.00,,,,撥打拜票電話,金錢,新北市土城區****,,否,,,,,,,
201,張宏陸,113年立法委員選舉,首次申報,1121228,人事費用支出,趙怡婷,F22*******,0.00,14000.00,,,,撥打拜票電話,金錢,新北市土城區****,,否,,,,,,,
202,張宏陸,113年立法委員選舉,首次申報,1121228,人事費用支出,陳粉嬌,N22*******,0.00,3400.00,,,,撥打拜票電話,金錢,新北市板橋區****,,否,,,,,,,
203,張宏陸,113年立法委員選舉,首次申報,1121228,人事費用支出,蔡美玉,Q20*******,0.00,2000.00,,,,撥打拜票電話,金錢,新北市板橋區****,,否,,,,,,,
204,張宏陸,113年立法委員選舉,首次申報,1121228,人事費用支出,柯滿足,Q20*******,0.00,2000.00,,,,撥打拜票電話,金錢,新北市板橋區****,,否,,,,,,,
205,張宏陸,113年立法委員選舉,首次申報,1121228,人事費用支出,蔡淑芬,Q22*******,0.00,1000.00,,,,撥打拜票電話,金錢,新北市中和區****,,否,,,,,,,
206,張宏陸,113年立法委員選舉,首次申報,1121228,人事費用支出,吳詢,R22*******,0.00,10800.00,,,,撥打拜票電話,金錢,新北市土城區****,,否,,,,,,,
207,張宏陸,113年立法委員選舉,首次申報,1121228,人事費用支出,張桂美,R22*******,0.00,2800.00,,,,撥打拜票電話,金錢,新北市板橋區****,,否,,,,,,,
208,張宏陸,113年立法委員選舉,首次申報,1121229,雜支支出,東一排骨餐廳有限公司,05136667,0.00,2940.00,,,,誤餐費,金錢,臺北市中正區****,,否,,,,,,,
209,張宏陸,113年立法委員選舉,首次申報,1121229,雜支支出,上記五金行,15876211,0.00,14175.00,,,,發電機,金錢,臺北市萬華區****,,否,,,,,,,
210,張宏陸,113年立法委員選舉,首次申報,1121229,雜支支出,甘蔗媽媽,87309618,0.00,1095.00,,,,飲料,金錢,新北市板橋民****,,否,,,,,,,
211,張宏陸,113年立法委員選舉,首次申報,1121230,雜支支出,富邦媒體股份有限公司,27365925,0.00,12136.00,,,,手持麥克風,金錢,臺北市內湖區****,,否,,,,,,,
212,張宏陸,113年立法委員選舉,首次申報,1121230,雜支支出,武林茶四維店,42196110,0.00,745.00,,,,飲料,金錢,新北市板橋四****,,否,,,,,,,
213,張宏陸,113年立法委員選舉,首次申報,1121230,雜支支出,漢東玉芳雞排,85153110,0.00,3185.00,,,,誤餐費,金錢,新北市板橋區****,,否,,,,,,,
214,張宏陸,113年立法委員選舉,首次申報,1121230,雜支支出,陳記燒臘便當店,99825602,0.00,795.00,,,,誤餐費,金錢,新北市板橋區****,,否,,,,,,,
215,張宏陸,113年立法委員選舉,首次申報,1121230,人事費用支出,王小燕,A20*******,0.00,400.00,,,,計時工資,金錢,新北市板橋區****,,否,,,,,,,
216,張宏陸,113年立法委員選舉,首次申報,1121230,人事費用支出,楊英蘭,A22*******,0.00,18000.00,,,,計時工資,金錢,新北市板橋區****,,否,,,,,,,
217,張宏陸,113年立法委員選舉,首次申報,1121230,人事費用支出,周美慧,C22*******,0.00,400.00,,,,計時工資,金錢,新北市板橋區****,,否,,,,,,,
218,張宏陸,113年立法委員選舉,首次申報,1121230,人事費用支出,林宗葆,F12*******,0.00,400.00,,,,計時工資,金錢,新北市板橋區****,,否,,,,,,,
219,張宏陸,113年立法委員選舉,首次申報,1121230,租用宣傳車輛支出,江金貴,J12*******,0.00,37200.00,,,,身障人士宣傳車,金錢,新北市新莊區****,,否,,,,,,,
220,張宏陸,113年立法委員選舉,首次申報,1121230,人事費用支出,陳粉嬌,N22*******,0.00,8600.00,,,,計時工資,金錢,新北市板橋區****,,否,,,,,,,
221,張宏陸,113年立法委員選舉,首次申報,1121230,人事費用支出,陳秀麗,N22*******,0.00,800.00,,,,計時工資,金錢,新北市板橋區****,,否,,,,,,,
222,張宏陸,113年立法委員選舉,首次申報,1121230,租用宣傳車輛支出,黃玉蘭,P22*******,0.00,11400.00,,,,身障人士宣傳車,金錢,新北市新莊區****,,否,,,,,,,
223,張宏陸,113年立法委員選舉,首次申報,1121230,人事費用支出,蔡美玉,Q20*******,0.00,3000.00,,,,計時工資,金錢,新北市板橋區****,,否,,,,,,,
224,張宏陸,113年立法委員選舉,首次申報,1121230,人事費用支出,柯滿足,Q20*******,0.00,14400.00,,,,計時工資,金錢,新北市板橋區****,,否,,,,,,,
225,張宏陸,113年立法委員選舉,首次申報,1121230,人事費用支出,蔡淑芬,Q22*******,0.00,1800.00,,,,計時工資,金錢,新北市中和區****,,否,,,,,,,
226,張宏陸,113年立法委員選舉,首次申報,1121230,人事費用支出,吳詢,R22*******,0.00,10000.00,,,,計時工資,金錢,新北市板橋區****,,否,,,,,,,
227,張宏陸,113年立法委員選舉,首次申報,1121231,雜支支出,全聯福利中心,24806006,0.00,3336.00,,,,雜支,金錢,新北市板橋區****,,否,,,,,,,
228,張宏陸,113年立法委員選舉,首次申報,1121231,雜支支出,齊味小吃店,31484542,0.00,1570.00,,,,餐費,金錢,新北市板橋區****,,否,,,,,,,
229,張宏陸,113年立法委員選舉,首次申報,1121231,雜支支出,甘蔗媽媽,87309618,0.00,1185.00,,,,飲料,金錢,新北市板橋民****,,否,,,,,,,
230,張宏陸,113年立法委員選舉,首次申報,1121231,雜支支出,鄭記碗粿鐵食堂,91701966,0.00,2190.00,,,,餐費,金錢,新北市板橋區****,,否,,,,,,,
231,張宏陸,113年立法委員選舉,首次申報,1121231,人事費用支出,蔡榮駿,A12*******,0.00,400.00,,,,計時工資,金錢,新北市板橋區****,,否,,,,,,,
232,張宏陸,113年立法委員選舉,首次申報,1121231,人事費用支出,蔡怡瑄,A22*******,0.00,400.00,,,,計時工資,金錢,新北市板橋區****,,否,,,,,,,
233,張宏陸,113年立法委員選舉,首次申報,1130101,雜支支出,景昌興業有限公司,28636361,0.00,2160.00,,,,桶裝水,金錢,新北市新莊區****,,否,,,,,,,
234,張宏陸,113年立法委員選舉,首次申報,1130101,雜支支出,珍煮丹,90452399,0.00,705.00,,,,飲料,金錢,新北市板橋區****,,否,,,,,,,
235,張宏陸,113年立法委員選舉,首次申報,1130102,交通旅運支出,至信輪胎行,01424511,0.00,41250.00,,,,宣傳車零件,金錢,臺北市萬華區****,,否,,,,,,,
236,張宏陸,113年立法委員選舉,首次申報,1130102,宣傳支出,水黽創意有限公司,24334359,0.00,546000.00,,,,廣告傳單,金錢,臺北市士林區****,,否,,,,,,,
237,張宏陸,113年立法委員選舉,首次申報,1130102,雜支支出,紅寶石有限公司(龜記茶飲),50971037,0.00,963.00,,,,飲料,金錢,新北市板橋南****,,否,,,,,,,
238,張宏陸,113年立法委員選舉,首次申報,1130102,雜支支出,煨煨小米餐館,91763759,0.00,1520.00,,,,餐費,金錢,新北市板橋區****,,否,,,,,,,
239,張宏陸,113年立法委員選舉,首次申報,1130102,人事費用支出,林子嫕,G22*******,0.00,12000.00,,,,月津貼,金錢,宜蘭縣冬山鄉****,,否,,,,,,,
240,張宏陸,113年立法委員選舉,首次申報,1130102,人事費用支出,林芝,K22*******,0.00,36000.00,,,,月薪資,金錢,新北市板橋區****,,否,,,,,,,
241,張宏陸,113年立法委員選舉,首次申報,1130103,雜支支出,震威科技有公司,24527715,0.00,6520.00,,,,擴大機及運費,金錢,高雄市三民區****,,否,,,,,,,
242,張宏陸,113年立法委員選舉,首次申報,1130103,雜支支出,香港榮華便當店,85191206,0.00,1980.00,,,,便當,金錢,新北市板橋區****,,否,,,,,,,
243,張宏陸,113年立法委員選舉,首次申報,1130103,人事費用支出,陳定輝,A12*******,0.00,2500.00,,,,媒體車駕駛工資,金錢,臺北市萬華區****,,否,,,,,,,
244,張宏陸,113年立法委員選舉,首次申報,1130103,人事費用支出,吳旗馨,F10*******,0.00,45000.00,,,,月薪資,金錢,新北市貢寮區****,,否,,,,,,,
245,張宏陸,113年立法委員選舉,首次申報,1130104,宣傳支出,水黽創意有限公司,24334359,0.00,735000.00,,,,看板廣告製作,金錢,臺北市士林區****,,否,,,,,,,
246,張宏陸,113年立法委員選舉,首次申報,1130104,雜支支出,甘蔗媽媽,87309618,0.00,950.00,,,,飲料,金錢,新北市板橋民****,,否,,,,,,,
247,張宏陸,113年立法委員選舉,首次申報,1130104,雜支支出,老雜眸食堂,91417940,0.00,1925.00,,,,餐費,金錢,新北市板橋區****,,否,,,,,,,
248,張宏陸,113年立法委員選舉,首次申報,1130104,人事費用支出,范宏璞,A12*******,0.00,45000.00,,,,月薪資,金錢,新北市中和區****,,否,,,,,,,
249,張宏陸,113年立法委員選舉,首次申報,1130104,人事費用支出,劉陶東,A12*******,0.00,12000.00,,,,月津貼,金錢,新北市板橋區****,,否,,,,,,,
250,張宏陸,113年立法委員選舉,首次申報,1130104,人事費用支出,鄭佳綨,D22*******,0.00,12000.00,,,,月津貼,金錢,臺北市大安區****,,否,,,,,,,
251,張宏陸,113年立法委員選舉,首次申報,1130104,人事費用支出,余國濱,F12*******,0.00,12000.00,,,,月津貼,金錢,新北市板橋區****,,否,,,,,,,
252,張宏陸,113年立法委員選舉,首次申報,1130104,人事費用支出,蕭淀均,F22*******,0.00,29400.00,,,,月工資,金錢,新北市板橋區****,,否,,,,,,,
253,張宏陸,113年立法委員選舉,首次申報,1130104,人事費用支出,曾湘純,F22*******,0.00,12000.00,,,,月工作津貼,金錢,新北市板橋區****,,否,,,,,,,
254,張宏陸,113年立法委員選舉,首次申報,1130104,人事費用支出,李政軒,H12*******,0.00,12000.00,,,,月津貼,金錢,桃園市大溪區****,,否,,,,,,,
255,張宏陸,113年立法委員選舉,首次申報,1130104,人事費用支出,陳彥廷,N12*******,0.00,12000.00,,,,月津貼,金錢,新北市中和區****,,否,,,,,,,
256,張宏陸,113年立法委員選舉,首次申報,1130105,宣傳支出,睦晨數位創意有限公司,52271778,0.00,22000.00,,,,網路直播,金錢,臺北市大安區****,,否,,,,,,,
257,張宏陸,113年立法委員選舉,首次申報,1130105,人事費用支出,江堡寬,F12*******,0.00,50000.00,,,,月薪資,金錢,新北市板橋區****,,否,,,,,,,
258,張宏陸,113年立法委員選舉,首次申報,1130105,人事費用支出,江榮錦,Q10*******,0.00,36000.00,,,,月薪資,金錢,新北市板橋區****,,否,,,,,,,
259,張宏陸,113年立法委員選舉,首次申報,1130105,人事費用支出,黃俊文,Q12*******,0.00,40000.00,,,,月薪資,金錢,臺北市文山區****,,否,,,,,,,
260,張宏陸,113年立法委員選舉,首次申報,1130105,人事費用支出,郭秀哖,Q20*******,0.00,36000.00,,,,月薪資,金錢,新北市板橋區****,,否,,,,,,,
261,張宏陸,113年立法委員選舉,首次申報,1130105,人事費用支出,洪瑞隆,R10*******,0.00,36000.00,,,,月份薪資,金錢,新北市板橋區****,,否,,,,,,,
262,張宏陸,113年立法委員選舉,首次申報,1130106,雜支支出,麻古茶坊松柏店,87564928,0.00,745.00,,,,飲料,金錢,新北市板橋松****,,否,,,,,,,
263,張宏陸,113年立法委員選舉,首次申報,1130107,人事費用支出,鄭清蘭,C20*******,0.00,36000.00,,,,月薪資,金錢,新北市板橋區****,,否,,,,,,,
264,張宏陸,113年立法委員選舉,首次申報,1130107,人事費用支出,陳俊諺,F12*******,0.00,40000.00,,,,月薪資,金錢,新北市板橋區****,,否,,,,,,,
265,張宏陸,113年立法委員選舉,首次申報,1130107,人事費用支出,王奕祥,L12*******,0.00,12000.00,,,,月津貼,金錢,臺中市豐原區****,,否,,,,,,,
266,張宏陸,113年立法委員選舉,首次申報,1130108,雜支支出,摩斯漢堡板橋新埔分公司,80689070,0.00,1155.00,,,,餐費,金錢,新北市板橋區****,,否,,,,,,,
267,張宏陸,113年立法委員選舉,首次申報,1130108,雜支支出,麻古茶坊松柏店,87564928,0.00,830.00,,,,飲料,金錢,新北市板橋松****,,否,,,,,,,
268,張宏陸,113年立法委員選舉,首次申報,1130108,雜支支出,享煮小吃店,91789961,0.00,1280.00,,,,餐費,金錢,新北市板橋區****,,否,,,,,,,
269,張宏陸,113年立法委員選舉,首次申報,1130109,宣傳支出,東森新媒體控股股份有限公司,24328949,0.00,339350.00,,,,媒體廣告費,金錢,臺北市復興南****,,否,,,,,,,
270,張宏陸,113年立法委員選舉,首次申報,1130109,雜支支出,吃貨燒味店,91791262,0.00,2620.00,,,,便當,金錢,新北市板橋區****,,否,,,,,,,
271,張宏陸,113年立法委員選舉,首次申報,1130109,雜支支出,得正飲料,91791489,0.00,975.00,,,,飲料,金錢,新北市板橋區****,,否,,,,,,,
272,張宏陸,113年立法委員選舉,首次申報,1130109,人事費用支出,沈家億,G12*******,0.00,800.00,,,,計時工資,金錢,新北市板橋區****,,否,,,,,,,
273,張宏陸,113年立法委員選舉,首次申報,1130109,人事費用支出,沈家良,G12*******,0.00,400.00,,,,計時工資,金錢,新北市板橋區****,,否,,,,,,,
274,張宏陸,113年立法委員選舉,首次申報,1130109,人事費用支出,李玉霞,R22*******,0.00,1200.00,,,,計時工資,金錢,新北市板橋區****,,否,,,,,,,
275,張宏陸,113年立法委員選舉,首次申報,1130110,交通旅運支出,至信輪胎行,01424511,0.00,19800.00,,,,宣傳車材料加工資,金錢,臺北市萬華區****,,否,,,,,,,
276,張宏陸,113年立法委員選舉,首次申報,1130110,宣傳支出,水黽創意有限公司,24334359,0.00,118755.00,,,,宣傳布條,金錢,臺北市士林區****,,否,,,,,,,
277,張宏陸,113年立法委員選舉,首次申報,1130110,人事費用支出,王小燕,A20*******,0.00,400.00,,,,計時工資,金錢,新北市板橋區****,,否,,,,,,,
278,張宏陸,113年立法委員選舉,首次申報,1130110,人事費用支出,楊英蘭,A22*******,0.00,18200.00,,,,計時工資,金錢,新北市板橋區****,,否,,,,,,,
279,張宏陸,113年立法委員選舉,首次申報,1130110,人事費用支出,林宗葆,F12*******,0.00,1200.00,,,,計時工資,金錢,新北市板橋區****,,否,,,,,,,
280,張宏陸,113年立法委員選舉,首次申報,1130110,人事費用支出,陳秀麗,N22*******,0.00,800.00,,,,計時工資,金錢,新北市板橋區****,,否,,,,,,,
281,張宏陸,113年立法委員選舉,首次申報,1130110,人事費用支出,陳粉嬌,N22*******,0.00,9400.00,,,,計時工資,金錢,新北市板橋區****,,否,,,,,,,
282,張宏陸,113年立法委員選舉,首次申報,1130110,人事費用支出,柯滿足,Q20*******,0.00,11600.00,,,,計時工資,金錢,新北市板橋區****,,否,,,,,,,
283,張宏陸,113年立法委員選舉,首次申報,1130110,人事費用支出,蔡美玉,Q20*******,0.00,5200.00,,,,計時工資,金錢,新北市板橋區****,,否,,,,,,,
284,張宏陸,113年立法委員選舉,首次申報,1130110,人事費用支出,蔡淑芬,Q22*******,0.00,1800.00,,,,計時工資,金錢,新北市中和區****,,否,,,,,,,
285,張宏陸,113年立法委員選舉,首次申報,1130110,人事費用支出,吳詢,R22*******,0.00,6000.00,,,,計時工資,金錢,新北市板橋區****,,否,,,,,,,
286,張宏陸,113年立法委員選舉,首次申報,1130112,雜支支出,豆莊豆漿店,10565940,0.00,1540.00,,,,餐費,金錢,新北市板橋區****,,否,,,,,,,
287,張宏陸,113年立法委員選舉,首次申報,1130112,宣傳支出,水黽創意有限公司,24334359,0.00,420000.00,,,,看板帆布製作,金錢,臺北市士林區****,,否,,,,,,,
288,張宏陸,113年立法委員選舉,首次申報,1130112,雜支支出,景昌興業有限公司,28636361,0.00,2160.00,,,,桶裝水,金錢,新北市新莊區****,,否,,,,,,,
289,張宏陸,113年立法委員選舉,首次申報,1130112,雜支支出,波霸奶奶手搖飲店,85427603,0.00,780.00,,,,飲料,金錢,新北市板橋區****,,否,,,,,,,
290,張宏陸,113年立法委員選舉,首次申報,1130114,人事費用支出,李愛,T22*******,0.00,15000.00,,,,競選總部清潔工資,金錢,桃園市龜山區****,,否,,,,,,,
291,張宏陸,113年立法委員選舉,首次申報,1130117,宣傳支出,水黽創意有限公司,24334359,0.00,609000.00,,,,廣告宣傳物製作,金錢,臺北市士林區****,,否,,,,,,,
292,張宏陸,113年立法委員選舉,首次申報,1130117,雜支支出,彪彪小吃飯,91233598,0.00,940.00,,,,餐費,金錢,新北市板橋區****,,否,,,,,,,
293,張宏陸,113年立法委員選舉,首次申報,1130117,人事費用支出,范宏璞,A12*******,0.00,35000.00,,,,月份薪資,金錢,新北市中和區****,,否,,,,,,,
294,張宏陸,113年立法委員選舉,首次申報,1130117,人事費用支出,鄭清蘭,C20*******,0.00,25000.00,,,,月薪資,金錢,新北市板橋區****,,否,,,,,,,
295,張宏陸,113年立法委員選舉,首次申報,1130117,人事費用支出,吳旗馨,F10*******,0.00,35000.00,,,,月份薪資,金錢,新北市貢寮區****,,否,,,,,,,
296,張宏陸,113年立法委員選舉,首次申報,1130117,租用宣傳車輛支出,龍其國,F12*******,0.00,20400.00,,,,身障人士宣傳車,金錢,新北市板橋區****,,否,,,,,,,
297,張宏陸,113年立法委員選舉,首次申報,1130117,人事費用支出,林芝,K22*******,0.00,25000.00,,,,月薪資,金錢,新北市板橋區****,,否,,,,,,,
298,張宏陸,113年立法委員選舉,首次申報,1130117,人事費用支出,林福耀,N10*******,0.00,2000.00,,,,計時工資,金錢,新北市板橋區****,,否,,,,,,,
299,張宏陸,113年立法委員選舉,首次申報,1130117,人事費用支出,洪綉錦,N20*******,0.00,2400.00,,,,計時工資,金錢,新北市板橋區****,,否,,,,,,,
300,張宏陸,113年立法委員選舉,首次申報,1130117,人事費用支出,江榮錦,Q10*******,0.00,25000.00,,,,月份薪資,金錢,新北市板橋區****,,否,,,,,,,
301,張宏陸,113年立法委員選舉,首次申報,1130117,人事費用支出,郭秀哖,Q20*******,0.00,25000.00,,,,月份薪資,金錢,新北市板橋區****,,否,,,,,,,
302,張宏陸,113年立法委員選舉,首次申報,1130117,人事費用支出,洪瑞隆,R10*******,0.00,25000.00,,,,月份薪資,金錢,新北市板橋區****,,否,,,,,,,
303,張宏陸,113年立法委員選舉,首次申報,1130118,宣傳支出,碩輝設計印刷有限公司,27647208,0.00,283500.00,,,,印刷品,金錢,新北市永和區****,,否,,,,,,,
304,張宏陸,113年立法委員選舉,首次申報,1130118,人事費用支出,蔡榮益,F12*******,0.00,21000.00,,,,計時工資,金錢,新北市板橋區****,,否,,,,,,,
305,張宏陸,113年立法委員選舉,首次申報,1130118,人事費用支出,蔡桂粧,P22*******,0.00,21000.00,,,,計時工資,金錢,高雄市新興區****,,否,,,,,,,
306,張宏陸,113年立法委員選舉,首次申報,1130118,人事費用支出,黃俊文,Q12*******,0.00,40000.00,,,,月份薪資,金錢,臺北市文山區****,,否,,,,,,,
307,張宏陸,113年立法委員選舉,首次申報,1130118,人事費用支出,李愛,T22*******,0.00,15000.00,,,,後援會清潔工資,金錢,桃園市龜山區****,,否,,,,,,,
308,張宏陸,113年立法委員選舉,首次申報,1130119,返還捐贈支出,欣協昌企業有限公司,65967399,0.00,20000.00,,,,返還,金錢,新北市林口區****,,否,,,,,,,
309,張宏陸,113年立法委員選舉,首次申報,1130119,人事費用支出,楊英蘭,A22*******,0.00,48600.00,,,,計時工資加派工服務費,金錢,新北市板橋區****,,否,,,,,,,
310,張宏陸,113年立法委員選舉,首次申報,1130119,人事費用支出,林宗葆,F12*******,0.00,600.00,,,,計時工資,金錢,新北市板橋區****,,否,,,,,,,
311,張宏陸,113年立法委員選舉,首次申報,1130119,人事費用支出,蕭淀均,F22*******,0.00,25000.00,,,,月工資,金錢,新北市板橋區****,,否,,,,,,,
312,張宏陸,113年立法委員選舉,首次申報,1130119,人事費用支出,陳秀麗,N22*******,0.00,2000.00,,,,計時工資,金錢,新北市板橋區****,,否,,,,,,,
313,張宏陸,113年立法委員選舉,首次申報,1130119,人事費用支出,陳粉嬌,N22*******,0.00,15000.00,,,,計時工資,金錢,新北市板橋區****,,否,,,,,,,
314,張宏陸,113年立法委員選舉,首次申報,1130119,人事費用支出,柯滿足,Q20*******,0.00,17600.00,,,,計時工資,金錢,新北市板橋區****,,否,,,,,,,
315,張宏陸,113年立法委員選舉,首次申報,1130119,人事費用支出,蔡美玉,Q20*******,0.00,6000.00,,,,計時工資,金錢,新北市板橋區****,,否,,,,,,,
316,張宏陸,113年立法委員選舉,首次申報,1130119,人事費用支出,蔡淑芬,Q22*******,0.00,800.00,,,,計時工資,金錢,新北市中和區****,,否,,,,,,,
317,張宏陸,113年立法委員選舉,首次申報,1130119,人事費用支出,吳詢,R22*******,0.00,10200.00,,,,計時工資,金錢,新北市板橋區****,,否,,,,,,,
318,張宏陸,113年立法委員選舉,首次申報,1130122,宣傳支出,水黽創意有限公司,24334359,0.00,630000.00,,,,看板廣告,金錢,臺北市士林區****,,否,,,,,,,
319,張宏陸,113年立法委員選舉,首次申報,1130122,人事費用支出,蕭淀均,F22*******,0.00,3600.00,,,,月計時工資,金錢,新北市板橋區****,,否,,,,,,,
320,張宏陸,113年立法委員選舉,首次申報,1130122,人事費用支出,郭妤瑄,G22*******,0.00,10600.00,,,,計時工資,金錢,宜蘭縣礁溪鄉****,,否,,,,,,,
321,張宏陸,113年立法委員選舉,首次申報,1130124,宣傳支出,佳聖媒體行銷有限公司,28176937,0.00,315000.00,,,,原生聯播網廣告費,金錢,臺北市中山區****,,否,,,,,,,
322,張宏陸,113年立法委員選舉,首次申報,1130124,宣傳支出,佳聖媒體行銷有限公司,28176937,0.00,525000.00,,,,VM網路廣告費,金錢,臺北市中山區****,,否,,,,,,,
323,張宏陸,113年立法委員選舉,首次申報,1130124,宣傳支出,佳聖媒體行銷有限公司,28176937,0.00,1050000.00,,,,多家平台網路廣告費,金錢,臺北市中山區****,,否,,,,,,,
324,張宏陸,113年立法委員選舉,首次申報,1130125,宣傳支出,中國廣播股份有限公司,03708205,0.00,223440.00,,,,廣告費,金錢,臺北市中山區****,0225*****,否,,,,,,,
325,張宏陸,113年立法委員選舉,首次申報,1130125,宣傳支出,碩輝設計印刷有限公司,27647208,0.00,278670.00,,,,印刷品,金錢,新北市永和區****,,否,,,,,,,
326,張宏陸,113年立法委員選舉,首次申報,1130129,集會支出,板橋區公所,,0.00,5600.00,,,,場地租借,金錢,新北市板橋區****,,否,,,,,,,
327,張宏陸,113年立法委員選舉,首次申報,1130131,公共關係費用支出,聖安鮮花坊,09651854,0.00,97493.00,,,,鮮花(-月),金錢,新北市板橋區****,,否,,,,,,,
328,張宏陸,113年立法委員選舉,首次申報,1130201,公共關係費用支出,聖安鮮花坊,09651854,0.00,97492.00,,,,鮮花(一月份),金錢,新北市板橋區****,,否,,,,,,,
329,張宏陸,113年立法委員選舉,首次申報,1130201,宣傳支出,明昶國際有限公司,53726220,0.00,743891.00,,,,鷹架搭架、大圖輸出、關東旗,金錢,新北市中和區****,,否,,,,,,,
330,張宏陸,113年立法委員選舉,首次申報,1130201,人事費用支出,衛福部健保局台北業務組,92011428,0.00,13152.00,,,,健保費用,金錢,臺北市中正區****,,否,,,,,,,
331,張宏陸,113年立法委員選舉,首次申報,1130202,宣傳支出,明昶國際有限公司,53726220,0.00,729609.00,,,,帆布製作及廣告布條,金錢,新北市中和區****,,否,,,,,,,
332,張宏陸,113年立法委員選舉,首次申報,1130202,人事費用支出,劉陶東,A12*******,0.00,8000.00,,,,月津貼,金錢,新北市板橋區****,,否,,,,,,,
333,張宏陸,113年立法委員選舉,首次申報,1130202,人事費用支出,余國濱,F12*******,0.00,8000.00,,,,月津貼,金錢,新北市板橋區****,,否,,,,,,,
334,張宏陸,113年立法委員選舉,首次申報,1130202,人事費用支出,李政軒,H12*******,0.00,8000.00,,,,月津貼,金錢,桃園市大溪區****,,否,,,,,,,
335,張宏陸,113年立法委員選舉,首次申報,1130202,人事費用支出,陳彥廷,N12*******,0.00,8000.00,,,,月津貼,金錢,新北市中和區****,,否,,,,,,,
336,張宏陸,113年立法委員選舉,首次申報,1130202,人事費用支出,許育瑄,P22*******,0.00,14000.00,,,,月份津貼,金錢,新北市土城區****,,否,,,,,,,
337,張宏陸,113年立法委員選舉,首次申報,1130204,宣傳支出,明昶國際有限公司,53726220,0.00,92000.00,,,,廣告燈箱及招牌,金錢,新北市中和區****,,否,,,,,,,
338,張宏陸,113年立法委員選舉,首次申報,1130205,宣傳支出,水黽創意有限公司,24334359,0.00,367500.00,,,,海報傳單印製,金錢,臺北市士林區****,,否,,,,,,,
339,張宏陸,113年立法委員選舉,首次申報,1130205,人事費用支出,連孟君,C22*******,0.00,48000.00,,,,月份薪資,金錢,新北市板橋區****,,否,,,,,,,
340,張宏陸,113年立法委員選舉,首次申報,1130205,人事費用支出,鄭佳綨,D22*******,0.00,8000.00,,,,月津貼,金錢,臺北市大安區****,,否,,,,,,,
341,張宏陸,113年立法委員選舉,首次申報,1130205,人事費用支出,林子嫕,G22*******,0.00,8000.00,,,,月津貼,金錢,宜蘭縣冬山鄉****,,否,,,,,,,
342,張宏陸,113年立法委員選舉,首次申報,1130206,宣傳支出,水黽創意有限公司,24334359,0.00,210000.00,,,,宣傳單派發,金錢,臺北市士林區****,,否,,,,,,,
343,張宏陸,113年立法委員選舉,首次申報,1130206,人事費用支出,陳俊諺,F12*******,0.00,50000.00,,,,月份薪資,金錢,新北市板橋區****,,否,,,,,,,
344,張宏陸,113年立法委員選舉,首次申報,1130207,宣傳支出,水黽創意有限公司,24334359,0.00,714000.00,,,,看板廣告,金錢,臺北市士林區****,,否,,,,,,,
345,張宏陸,113年立法委員選舉,首次申報,1130207,宣傳支出,明昶國際有限公司,53726220,0.00,214200.00,,,,宮燈旗,金錢,新北市中和區****,,否,,,,,,,
