﻿序號,擬參選人／政黨,選舉名稱,申報序號／年度,交易日期,收支科目,捐贈者／支出對象,身分證／統一編號,收入金額,支出金額,支出用途,金錢類,地址,聯絡電話,資料更正日期
1,林錦昌,107年村(里)長選舉,首次申報,1071115,營利事業捐贈收入,台茂營造有限公司,25014966,5000.00,0.00,,金錢,桃園市蘆竹區****,,
2,林錦昌,107年村(里)長選舉,首次申報,1071115,個人捐贈收入,童科榮,H10*******,3000.00,0.00,,金錢,桃園市蘆竹區****,,
3,林錦昌,107年村(里)長選舉,首次申報,1071115,個人捐贈收入,謝慶忠,H10*******,10000.00,0.00,,金錢,桃園市蘆竹區****,,
4,林錦昌,107年村(里)長選舉,首次申報,1071115,個人捐贈收入,童文通,H10*******,3000.00,0.00,,金錢,桃園市蘆竹區****,,
5,林錦昌,107年村(里)長選舉,首次申報,1071115,個人捐贈收入,童見文,H10*******,3000.00,0.00,,金錢,桃園市蘆竹區****,,
6,林錦昌,107年村(里)長選舉,首次申報,1071115,個人捐贈收入,余慶全,H12*******,20000.00,0.00,,金錢,桃園市蘆竹區****,,
7,林錦昌,107年村(里)長選舉,首次申報,1071115,個人捐贈收入,蔡足,H20*******,3000.00,0.00,,金錢,桃園市蘆竹區****,,
8,林錦昌,107年村(里)長選舉,首次申報,1071115,個人捐贈收入,陳勇池,N10*******,4000.00,0.00,,金錢,桃園市蘆竹區****,,
9,林錦昌,107年村(里)長選舉,首次申報,1071120,營利事業捐贈收入,直昇能源科技(股)公司,42593201,10000.00,0.00,,金錢,台中市西屯區****,,
10,林錦昌,107年村(里)長選舉,首次申報,1071120,營利事業捐贈收入,美加利實業有限公司,70643462,10000.00,0.00,,金錢,桃園市蘆竹區****,,
11,林錦昌,107年村(里)長選舉,首次申報,1071221,其他收入,活息,,2.00,0.00,,金錢,,,
12,林錦昌,107年村(里)長選舉,首次申報,1080107,其他收入,活息,,2.00,0.00,,金錢,,,
