﻿序號,擬參選人／政黨,選舉名稱,申報序號／年度,交易日期,收支科目,捐贈者／支出對象,身分證／統一編號,收入金額,支出金額,捐贈方式,存入專戶日期,返還/繳庫,支出用途,金錢類,地址,聯絡電話,應揭露之支出對象,支出對象之內部人員姓名,支出對象之內部人員職稱,政黨之內部人員姓名,政黨之內部人員職稱,關係,更正註記,資料更正日期
1,陳韋逞,111年屏東縣屏東市市民代表選舉,首次申報,1110830,雜支支出,屏東市公所,91006209,0.00,50000.00,,,,屏東市市民代表第屆參選保証金,金錢,屏東縣屏東市****,,否,,,,,,,
2,陳韋逞,111年屏東縣屏東市市民代表選舉,首次申報,1110914,宣傳支出,香遠出版社,99539381,0.00,8500.00,,,,海報,金錢,屏東縣屏東市****,08-7*****,否,,,,,,,
3,陳韋逞,111年屏東縣屏東市市民代表選舉,首次申報,1110920,宣傳支出,香遠出版社,99539381,0.00,53000.00,,,,旗幟,金錢,屏東縣屏東市****,08-7*****,否,,,,,,,
4,陳韋逞,111年屏東縣屏東市市民代表選舉,首次申報,1110920,宣傳支出,香遠出版社,99539381,0.00,22500.00,,,,布條,金錢,屏東縣屏東市****,08-7*****,否,,,,,,,
5,陳韋逞,111年屏東縣屏東市市民代表選舉,首次申報,1111010,租用宣傳車輛支出,海漩企業,57998623,0.00,12000.00,,,,宣傳舞台車,金錢,高雄市苓雅區****,0736*****,否,,,,,,,
6,陳韋逞,111年屏東縣屏東市市民代表選舉,首次申報,1111125,人事費用支出,洪詩喬,A23*******,0.00,5000.00,,,,工讀津貼,金錢,屏東縣屏東市****,0987*****,否,,,,,,,
7,陳韋逞,111年屏東縣屏東市市民代表選舉,首次申報,1111125,人事費用支出,陳惠心,H22*******,0.00,5000.00,,,,工讀津貼,金錢,屏東縣屏東市****,0987*****,否,,,,,,,
8,陳韋逞,111年屏東縣屏東市市民代表選舉,首次申報,1111125,人事費用支出,林宏憲,L12*******,0.00,5000.00,,,,工讀津貼,金錢,屏東縣屏東市****,0987*****,否,,,,,,,
