﻿序號,擬參選人／政黨,選舉名稱,申報序號／年度,交易日期,收支科目,捐贈者／支出對象,身分證／統一編號,收入金額,支出金額,捐贈方式,存入專戶日期,返還/繳庫,支出用途,金錢類,地址,聯絡電話,應揭露之支出對象,支出對象之內部人員姓名,支出對象之內部人員職稱,政黨之內部人員姓名,政黨之內部人員職稱,關係,更正註記,資料更正日期
1,苗豐隆,113年立法委員選舉,首次申報,1121030,宣傳支出,逢甲打字行,52803509,0.00,150.00,,,,打字,金錢,臺中市西屯路****,(04)*****,否,,,,,,,
2,苗豐隆,113年立法委員選舉,首次申報,1121120,雜支支出,台中市選舉委員會,52605971,0.00,200000.00,,,,保証金,金錢,臺中市自由路****,(04)*****,否,,,,,,,
3,苗豐隆,113年立法委員選舉,首次申報,1121127,宣傳支出,逢甲打字行,52803509,0.00,1200.00,,,,打字,金錢,臺中市西屯路****,(04)*****,否,,,,,,,
4,苗豐隆,113年立法委員選舉,首次申報,1121130,宣傳支出,大來廣告,45712623,0.00,350.00,,,,海報,金錢,臺中市中清路****,(04)*****,否,,,,,,,
