﻿序號,擬參選人／政黨,選舉名稱,申報序號／年度,交易日期,收支科目,捐贈者／支出對象,身分證／統一編號,收入金額,支出金額,捐贈方式,存入專戶日期,返還/繳庫,支出用途,金錢類,地址,聯絡電話,應揭露之支出對象,支出對象之內部人員姓名,支出對象之內部人員職稱,政黨之內部人員姓名,政黨之內部人員職稱,關係,更正註記,資料更正日期
1,黄肇輝,111年臺南市議員選舉,首次申報,1110616,雜支支出,台灣電力,68887960,0.00,2548.00,,,,水電瓦斯費用,金錢,臺南市中西區****,,否,,,,,,,
2,黄肇輝,111年臺南市議員選舉,首次申報,1110617,宣傳支出,青春廣播電台股份有限公司,13073883,0.00,50000.00,,,,播放、傳送或刊登宣傳廣告費用,金錢,臺南市北區臨****,,否,,,,,,,
3,黄肇輝,111年臺南市議員選舉,首次申報,1110620,雜支支出,三楓企業社,,0.00,20250.00,,,,紅白帖布製作,金錢,臺南市安南區****,,否,,,,,,,
4,黄肇輝,111年臺南市議員選舉,首次申報,1110621,宣傳支出,青春廣播電台股份有限公司,13073883,0.00,50000.00,,,,播放、傳送或刊登宣傳廣告費用,金錢,臺南市北區臨****,,否,,,,,,,
5,黄肇輝,111年臺南市議員選舉,首次申報,1110626,雜支支出,宏昇鎖店,21975800,0.00,300.00,,,,文具用品費用,金錢,臺南市永康區****,,否,,,,,,,
6,黄肇輝,111年臺南市議員選舉,首次申報,1110628,雜支支出,瑞曜加油站,28127893,0.00,120.00,,,,汽機車燃料費用,金錢,臺南市永康區****,,否,,,,,,,
7,黄肇輝,111年臺南市議員選舉,首次申報,1110630,宣傳支出,富順美工廣告社,06567740,0.00,68500.00,,,,製作競選物品或宣傳廣告費用,金錢,臺南市麻豆區****,,否,,,,,,,
8,黄肇輝,111年臺南市議員選舉,首次申報,1110630,宣傳支出,亞特攝影廣告社,21665988,0.00,26000.00,,,,製作競選物品或宣傳廣告費用,金錢,臺南市北區公****,,否,,,,,,,
9,黄肇輝,111年臺南市議員選舉,首次申報,1110630,宣傳支出,亞特攝影廣告社,21665988,0.00,22500.00,,,,製作競選物品或宣傳廣告費用,金錢,臺南市北區公****,,否,,,,,,,
10,黄肇輝,111年臺南市議員選舉,首次申報,1110701,人事費用支出,鄭至斌,D12*******,0.00,25000.00,,,,工資或薪津,金錢,臺南市永康區****,,否,,,,,,,
11,黄肇輝,111年臺南市議員選舉,首次申報,1110705,雜支支出,中華電信股份有限公司,,0.00,1543.00,,,,電信費用,金錢,臺南市中西區****,,否,,,,,,,
12,黄肇輝,111年臺南市議員選舉,首次申報,1110706,雜支支出,佳昇食堂,85935261,0.00,735.00,,,,餐飲費用,金錢,臺南市永康區****,06-2*****,否,,,,,,,
13,黄肇輝,111年臺南市議員選舉,首次申報,1110716,雜支支出,台灣電力,68887960,0.00,4258.00,,,,水電瓦斯費用,金錢,臺南市中西區****,,否,,,,,,,
14,黄肇輝,111年臺南市議員選舉,首次申報,1110721,宣傳支出,富順美工廣告社,06567740,0.00,91040.00,,,,製作競選物品或宣傳廣告費用,金錢,臺南市麻豆區****,,否,,,,,,,
15,黄肇輝,111年臺南市議員選舉,首次申報,1110724,雜支支出,格那修烘焙坊,,0.00,2500.00,,,,餐飲費用,金錢,臺南市東區勝****,,否,,,,,,,
16,黄肇輝,111年臺南市議員選舉,首次申報,1110728,雜支支出,西北熊蘭花工坊,,0.00,2000.00,,,,花柱,金錢,臺中市西屯區****,,否,,,,,,,
17,黄肇輝,111年臺南市議員選舉,首次申報,1110728,宣傳支出,鑫傳國際多媒體科技股份有限公司,16089901,0.00,300000.00,,,,播放、傳送或刊登宣傳廣告費用,金錢,臺中市大里區****,,否,,,,,,,
18,黄肇輝,111年臺南市議員選舉,首次申報,1110730,宣傳支出,亞特攝影廣告社,21665988,0.00,3000.00,,,,製作競選物品或宣傳廣告費用,金錢,臺南市北區公****,,否,,,,,,,
19,黄肇輝,111年臺南市議員選舉,首次申報,1110730,宣傳支出,亞特攝影廣告社,21665988,0.00,22000.00,,,,製作競選物品或宣傳廣告費用,金錢,臺南市北區公****,,否,,,,,,,
20,黄肇輝,111年臺南市議員選舉,首次申報,1110801,人事費用支出,鄭至斌,D12*******,0.00,30000.00,,,,工資或薪津,金錢,臺南市永康區****,,否,,,,,,,
21,黄肇輝,111年臺南市議員選舉,首次申報,1110805,雜支支出,金玉堂,84563263,0.00,62.00,,,,文具用品費用,金錢,臺南市永康區****,,否,,,,,,,
22,黄肇輝,111年臺南市議員選舉,首次申報,1110805,人事費用支出,李芃瑩,D22*******,0.00,25000.00,,,,工資或薪津,金錢,臺南市安南區****,,否,,,,,,,
23,黄肇輝,111年臺南市議員選舉,首次申報,1110808,雜支支出,中華牛肉湯,,0.00,440.00,,,,餐飲費用,金錢,臺南市永康區****,,否,,,,,,,
24,黄肇輝,111年臺南市議員選舉,首次申報,1110810,租用競選辦事處支出,明盛建築工程事務所,R12*******,0.00,90000.00,,,,裝潢競選辦事處費用,金錢,臺南市新市區****,,否,,,,,,,
25,黄肇輝,111年臺南市議員選舉,首次申報,1110811,宣傳支出,聯宏企業有限公司,89870141,0.00,16538.00,,,,製作競選物品或宣傳廣告費用,金錢,高雄市大樹區****,,否,,,,,,,
26,黄肇輝,111年臺南市議員選舉,首次申報,1110812,宣傳支出,富順美工廣告社,06567740,0.00,88200.00,,,,製作競選物品或宣傳廣告費用,金錢,臺南市麻豆區****,,否,,,,,,,
27,黄肇輝,111年臺南市議員選舉,首次申報,1110816,雜支支出,台灣電力,68887960,0.00,5111.00,,,,水電瓦斯費用,金錢,臺南市中西區****,,否,,,,,,,
28,黄肇輝,111年臺南市議員選舉,首次申報,1110818,雜支支出,創北生活館,45891674,0.00,120.00,,,,文具用品費用,金錢,臺南市永康區****,,否,,,,,,,
29,黄肇輝,111年臺南市議員選舉,首次申報,1110818,雜支支出,香力食品工廠,74969665,0.00,1180.00,,,,衛生冰塊,金錢,臺南市永康區****,,否,,,,,,,
30,黄肇輝,111年臺南市議員選舉,首次申報,1110818,雜支支出,庚園企業社,85660805,0.00,1060.00,,,,餐飲費用,金錢,臺南市東區東****,,否,,,,,,,
31,黄肇輝,111年臺南市議員選舉,首次申報,1110818,雜支支出,三三輕茶飲企業社,88974219,0.00,81.00,,,,餐飲費用,金錢,臺南市永康區****,,否,,,,,,,
32,黄肇輝,111年臺南市議員選舉,首次申報,1110819,雜支支出,金玉堂,84563263,0.00,149.00,,,,文具用品費用,金錢,臺南市永康區****,,否,,,,,,,
33,黄肇輝,111年臺南市議員選舉,首次申報,1110819,雜支支出,庚園企業社,85660805,0.00,1010.00,,,,餐飲費用,金錢,臺南市東區東****,,否,,,,,,,
34,黄肇輝,111年臺南市議員選舉,首次申報,1110819,雜支支出,Beauty fit,90235106,0.00,3630.00,,,,餐飲費用,金錢,臺南市南區水****,,否,,,,,,,
35,黄肇輝,111年臺南市議員選舉,首次申報,1110820,雜支支出,王記好吃雞肉,,0.00,840.00,,,,餐飲費用,金錢,臺南市北區開****,,否,,,,,,,
36,黄肇輝,111年臺南市議員選舉,首次申報,1110825,雜支支出,EVA伊娃日式泡芙專賣店,21613722,0.00,1155.00,,,,餐飲費用,金錢,臺南市中西區****,06-2*****,否,,,,,,,
37,黄肇輝,111年臺南市議員選舉,首次申報,1110826,雜支支出,仲大有限公司,54566453,0.00,2700.00,,,,雜項購置或修繕費用,金錢,臺南市永康區****,06-2*****,否,,,,,,,
38,黄肇輝,111年臺南市議員選舉,首次申報,1110826,雜支支出,新橋食品有限公司,80317487,0.00,114.00,,,,餐飲費用,金錢,臺南市永康區****,,否,,,,,,,
39,黄肇輝,111年臺南市議員選舉,首次申報,1110826,雜支支出,新橋食品有限公司,80317487,0.00,815.00,,,,餐飲費用,金錢,臺南市永康區****,,否,,,,,,,
40,黄肇輝,111年臺南市議員選舉,首次申報,1110826,雜支支出,佳昇食堂,85935261,0.00,900.00,,,,餐飲費用,金錢,臺南市永康區****,06-2*****,否,,,,,,,
41,黄肇輝,111年臺南市議員選舉,首次申報,1110827,雜支支出,心情故事花坊,10777780,0.00,2000.00,,,,盆花,金錢,臺南市安南區****,,否,,,,,,,
42,黄肇輝,111年臺南市議員選舉,首次申報,1110829,雜支支出,成峯有限公司,72157640,0.00,13600.00,,,,餐飲費用,金錢,臺南市新營區****,,否,,,,,,,
43,黄肇輝,111年臺南市議員選舉,首次申報,1110830,宣傳支出,亞特攝影廣告社,21665988,0.00,24000.00,,,,製作競選物品或宣傳廣告費用,金錢,臺南市北區公****,,否,,,,,,,
44,黄肇輝,111年臺南市議員選舉,首次申報,1110830,宣傳支出,亞特攝影廣告社,21665988,0.00,39000.00,,,,製作競選物品或宣傳廣告費用,金錢,臺南市北區公****,,否,,,,,,,
45,黄肇輝,111年臺南市議員選舉,首次申報,1110831,雜支支出,貓舌頭小籠包,85763598,0.00,1470.00,,,,餐飲費用,金錢,臺南市北區和****,,否,,,,,,,
46,黄肇輝,111年臺南市議員選舉,首次申報,1110901,宣傳支出,亞特攝影廣告社,21665988,0.00,20000.00,,,,製作競選物品或宣傳廣告費用,金錢,臺南市北區公****,,否,,,,,,,
47,黄肇輝,111年臺南市議員選舉,首次申報,1110901,人事費用支出,鄭至斌,D12*******,0.00,30000.00,,,,工資或薪津,金錢,臺南市永康區****,,否,,,,,,,
48,黄肇輝,111年臺南市議員選舉,首次申報,1110901,人事費用支出,李芃瑩,D22*******,0.00,25000.00,,,,工資或薪津,金錢,臺南市安南區****,,否,,,,,,,
49,黄肇輝,111年臺南市議員選舉,首次申報,1110904,雜支支出,西北熊花工坊,,0.00,2000.00,,,,花柱,金錢,臺中市西屯區****,,否,,,,,,,
50,黄肇輝,111年臺南市議員選舉,首次申報,1110907,雜支支出,中華電信,69109906,0.00,621.00,,,,電信費用,金錢,臺南市中西區****,,否,,,,,,,
51,黄肇輝,111年臺南市議員選舉,首次申報,1110908,雜支支出,宥宏文具店,40726021,0.00,678.00,,,,文具用品費用,金錢,臺南市永康區****,,否,,,,,,,
52,黄肇輝,111年臺南市議員選舉,首次申報,1110910,租用競選辦事處支出,明盛建築工程事務所,R12*******,0.00,50000.00,,,,裝潢競選辦事處費用,金錢,臺南市新市區****,,否,,,,,,,
53,黄肇輝,111年臺南市議員選舉,首次申報,1110913,宣傳支出,富順美工廣告社,06567740,0.00,85200.00,,,,製作競選物品或宣傳廣告費用,金錢,臺南市麻豆區****,,否,,,,,,,
54,黄肇輝,111年臺南市議員選舉,首次申報,1110914,雜支支出,中華郵政崑山郵局,,0.00,1450.00,,,,郵資,金錢,臺南市永康區****,,否,,,,,,,
55,黄肇輝,111年臺南市議員選舉,首次申報,1110914,雜支支出,全宇五金百貨永康門市,81484455,0.00,240.00,,,,雜項購置或修繕費用,金錢,臺南市永康區****,,否,,,,,,,
56,黄肇輝,111年臺南市議員選舉,首次申報,1110915,雜支支出,弘富服飾行,40757163,0.00,1200.00,,,,肩帶燙字,金錢,臺南市東區東****,,否,,,,,,,
57,黄肇輝,111年臺南市議員選舉,首次申報,1110916,雜支支出,新加坡商蝦皮娛樂電商有線公司台灣分公司,56801904,0.00,6000.00,,,,口罩收納袋,金錢,臺北市****,,否,,,,,,,
58,黄肇輝,111年臺南市議員選舉,首次申報,1110916,雜支支出,台灣電力,68887960,0.00,4802.00,,,,水電瓦斯費用,金錢,臺南市中西區****,,否,,,,,,,
59,黄肇輝,111年臺南市議員選舉,首次申報,1110917,雜支支出,大元國際洋行股份有限公司台南店,25884458,0.00,20000.00,,,,照相機鏡頭,金錢,臺南市中西區****,,否,,,,,,,
60,黄肇輝,111年臺南市議員選舉,首次申報,1110919,租用宣傳車輛支出,大成加油站,85771422,0.00,500.00,,,,宣傳車輛燃料費用,金錢,臺南市善化區****,,否,,,,,,,
61,黄肇輝,111年臺南市議員選舉,首次申報,1110920,雜支支出,黃肇輝競選總部,,0.00,480.00,,,,餐飲費用,金錢,臺南市永康區****,,否,,,,,,,
62,黄肇輝,111年臺南市議員選舉,首次申報,1110920,返還捐贈支出,尚發窯業股份有限公司,23574099,0.00,100000.00,,,,返還,金錢,臺南市白河區****,,否,,,,,,,
63,黄肇輝,111年臺南市議員選舉,首次申報,1110920,返還捐贈支出,異人館國際餐飲股份有限公司,28780528,0.00,30000.00,,,,返還,金錢,臺南市中西區****,,否,,,,,,,
64,黄肇輝,111年臺南市議員選舉,首次申報,1110921,雜支支出,永康蔥肉餅,85666456,0.00,725.00,,,,餐飲費用,金錢,臺南市永康區****,0905*****,否,,,,,,,
65,黄肇輝,111年臺南市議員選舉,首次申報,1110922,宣傳支出,拓荒者音樂文化事業有限公司,,0.00,1800.00,,,,製作競選物品或宣傳廣告費用,金錢,臺南市永康區****,,否,,,,,,,
66,黄肇輝,111年臺南市議員選舉,首次申報,1110922,雜支支出,阿公排骨飯,99127613,0.00,345.00,,,,餐飲費用,金錢,臺南市新市區****,,否,,,,,,,
67,黄肇輝,111年臺南市議員選舉,首次申報,1110923,宣傳支出,富順美工廣告社,06567740,0.00,96500.00,,,,製作競選物品或宣傳廣告費用,金錢,臺南市麻豆區****,,否,,,,,,,
68,黄肇輝,111年臺南市議員選舉,首次申報,1110923,雜支支出,大鳥麵包烘培屋,37598120,0.00,568.00,,,,餐飲費用,金錢,臺南市東區東****,,否,,,,,,,
69,黄肇輝,111年臺南市議員選舉,首次申報,1110923,雜支支出,佳昇食堂,85935261,0.00,450.00,,,,餐飲費用,金錢,臺南市永康區****,06-2*****,否,,,,,,,
70,黄肇輝,111年臺南市議員選舉,首次申報,1110924,雜支支出,天鳳有限公司,54060052,0.00,361.00,,,,文具用品費用,金錢,臺南市永康區****,,否,,,,,,,
71,黄肇輝,111年臺南市議員選舉,首次申報,1110925,雜支支出,帝味薑母鴨,,0.00,2100.00,,,,餐飲費用,金錢,臺南市永康區****,06-2*****,否,,,,,,,
72,黄肇輝,111年臺南市議員選舉,首次申報,1110925,宣傳支出,富順美工廣告社,06567740,0.00,47500.00,,,,製作競選物品或宣傳廣告費用,金錢,臺南市麻豆區****,,否,,,,,,,
73,黄肇輝,111年臺南市議員選舉,首次申報,1110926,雜支支出,中華郵政新化郵局,,0.00,42.00,,,,郵資,金錢,臺南市新化區****,,否,,,,,,,
74,黄肇輝,111年臺南市議員選舉,首次申報,1110926,雜支支出,歐客佬國際有限公司,24437670,0.00,30000.00,,,,餐飲費用,金錢,臺中市北區太****,,否,,,,,,,
75,黄肇輝,111年臺南市議員選舉,首次申報,1110927,雜支支出,興意鵝肉,,0.00,1555.00,,,,餐飲費用,金錢,臺南市永康區****,,否,,,,,,,
76,黄肇輝,111年臺南市議員選舉,首次申報,1110927,集會支出,臺南市環保局,,0.00,3008.00,,,,租用設備費用,金錢,臺南市東區中****,,否,,,,,,,
77,黄肇輝,111年臺南市議員選舉,首次申報,1110927,雜支支出,容旺商行,10193998,0.00,379.00,,,,雜項購置或修繕費用,金錢,臺南市永康區****,06-2*****,否,,,,,,,
78,黄肇輝,111年臺南市議員選舉,首次申報,1110927,雜支支出,漁糧食堂,25889860,0.00,700.00,,,,餐飲費用,金錢,臺南市永康區****,,否,,,,,,,
79,黄肇輝,111年臺南市議員選舉,首次申報,1110928,雜支支出,格那修烘焙坊,,0.00,2040.00,,,,餐飲費用,金錢,臺南市東區勝****,,否,,,,,,,
80,黄肇輝,111年臺南市議員選舉,首次申報,1110928,雜支支出,富利餐飲台南成大店,51014983,0.00,3145.00,,,,餐飲費用,金錢,臺南市東區東****,06-2*****,否,,,,,,,
81,黄肇輝,111年臺南市議員選舉,首次申報,1110928,雜支支出,天鳳有限公司,54060052,0.00,72.00,,,,文具用品費用,金錢,臺南市永康區****,,否,,,,,,,
82,黄肇輝,111年臺南市議員選舉,首次申報,1110928,雜支支出,統一超商鈺華門市,70774652,0.00,110.00,,,,餐飲費用,金錢,臺南市永康區****,,否,,,,,,,
83,黄肇輝,111年臺南市議員選舉,首次申報,1110928,雜支支出,全宇五金百貨永康門市,81484455,0.00,29.00,,,,雜項購置或修繕費用,金錢,臺南市永康區****,,否,,,,,,,
84,黄肇輝,111年臺南市議員選舉,首次申報,1110929,雜支支出,黃肇輝競選總部,,0.00,1480.00,,,,餐飲費用支出,金錢,臺南市永康區****,,否,,,,,,,
85,黄肇輝,111年臺南市議員選舉,首次申報,1110929,雜支支出,上尚商行,13202232,0.00,557.00,,,,雜項購置或修繕費用,金錢,臺南市永康區****,,否,,,,,,,
86,黄肇輝,111年臺南市議員選舉,首次申報,1110929,雜支支出,瑞曜加油站,28127893,0.00,120.00,,,,汽機車燃料費用,金錢,臺南市永康區****,,否,,,,,,,
87,黄肇輝,111年臺南市議員選舉,首次申報,1110929,雜支支出,宥宏文具店,40726021,0.00,120.00,,,,文具用品費用,金錢,臺南市永康區****,,否,,,,,,,
88,黄肇輝,111年臺南市議員選舉,首次申報,1110929,雜支支出,中華電信,69109906,0.00,1691.00,,,,電信費用,金錢,臺南市中西區****,,否,,,,,,,
89,黄肇輝,111年臺南市議員選舉,首次申報,1110929,雜支支出,富屋小吃店,69555291,0.00,18590.00,,,,餐飲費用,金錢,臺南市中西區****,06-2*****,否,,,,,,,
90,黄肇輝,111年臺南市議員選舉,首次申報,1110929,租用宣傳車輛支出,林孟勳,S10*******,0.00,5000.00,,,,宣傳車輛燃料費用,金錢,臺南市學甲區****,,否,,,,,,,
91,黄肇輝,111年臺南市議員選舉,首次申報,1110930,宣傳支出,亞特攝影廣告社,21665988,0.00,73000.00,,,,製作競選物品或宣傳廣告費用,金錢,臺南市北區公****,,否,,,,,,,
92,黄肇輝,111年臺南市議員選舉,首次申報,1110930,宣傳支出,亞特攝影廣告社,21665988,0.00,12000.00,,,,製作競選物品或宣傳廣告費用,金錢,臺南市北區公****,,否,,,,,,,
93,黄肇輝,111年臺南市議員選舉,首次申報,1110930,雜支支出,天鳳有限公司,54060052,0.00,24.00,,,,文具用品費用,金錢,臺南市永康區****,,否,,,,,,,
94,黄肇輝,111年臺南市議員選舉,首次申報,1110930,雜支支出,全宇五金百貨永康門市,81484455,0.00,610.00,,,,文具用品費用,金錢,臺南市永康區****,,否,,,,,,,
95,黄肇輝,111年臺南市議員選舉,首次申報,1110930,雜支支出,全宇五金百貨永康門市,81484455,0.00,45.00,,,,雜項購置或修繕費用,金錢,臺南市永康區****,,否,,,,,,,
96,黄肇輝,111年臺南市議員選舉,首次申報,1110930,雜支支出,復華藥師藥局,85551216,0.00,356.00,,,,雜項購置或修繕費用,金錢,臺南市永康區****,,否,,,,,,,
97,黄肇輝,111年臺南市議員選舉,首次申報,1110930,雜支支出,同和商行,85874454,0.00,600.00,,,,餐飲費用,金錢,臺南市永康區****,,否,,,,,,,
98,黄肇輝,111年臺南市議員選舉,首次申報,1111001,集會支出,宏達多媒體傳播,10475568,0.00,259030.00,,,,租用設備費用,金錢,臺南市永康區****,,否,,,,,,,
99,黄肇輝,111年臺南市議員選舉,首次申報,1111001,雜支支出,大順小吃,25836864,0.00,224.00,,,,餐飲費用,金錢,臺南市永康區****,,否,,,,,,,
100,黄肇輝,111年臺南市議員選舉,首次申報,1111001,雜支支出,富屋小吃店,69555291,0.00,650.00,,,,餐飲費用,金錢,臺南市中西區****,,否,,,,,,,
101,黄肇輝,111年臺南市議員選舉,首次申報,1111001,雜支支出,成峯有限公司,72157640,0.00,13600.00,,,,餐飲費用,金錢,臺南市新營區****,,否,,,,,,,
102,黄肇輝,111年臺南市議員選舉,首次申報,1111001,雜支支出,香力食品工廠,74969665,0.00,1600.00,,,,餐飲費用,金錢,臺南市永康區****,,否,,,,,,,
103,黄肇輝,111年臺南市議員選舉,首次申報,1111001,雜支支出,佳皇汽車遊覽有限公司,80394250,0.00,15900.00,,,,租用車輛,金錢,臺南市佳里區****,,否,,,,,,,
104,黄肇輝,111年臺南市議員選舉,首次申報,1111001,人事費用支出,鄭至斌,D12*******,0.00,36000.00,,,,工資或薪津,金錢,臺南市永康區****,,否,,,,,,,
105,黄肇輝,111年臺南市議員選舉,首次申報,1111001,人事費用支出,李芃瑩,D22*******,0.00,25000.00,,,,工資或薪津,金錢,臺南市安南區****,,否,,,,,,,
106,黄肇輝,111年臺南市議員選舉,首次申報,1111002,雜支支出,全宇五金百貨永康門市,81484455,0.00,1058.00,,,,雜項購置或修繕費用,金錢,臺南市永康區****,,否,,,,,,,
107,黄肇輝,111年臺南市議員選舉,首次申報,1111003,宣傳支出,中中企業社,67947878,0.00,18668.00,,,,播放、傳送或刊登宣傳廣告費用,金錢,臺南市永康區****,06-2*****,否,,,,,,,
108,黄肇輝,111年臺南市議員選舉,首次申報,1111004,雜支支出,中華郵政崑山郵局,,0.00,870.00,,,,郵資,金錢,臺南市永康區****,,否,,,,,,,
109,黄肇輝,111年臺南市議員選舉,首次申報,1111004,宣傳支出,富順美工廣告社,06567740,0.00,73464.00,,,,製作競選物品或宣傳廣告費用,金錢,臺南市麻豆區****,,否,,,,,,,
110,黄肇輝,111年臺南市議員選舉,首次申報,1111004,雜支支出,東黑糖奶鋪,42929141,0.00,182.00,,,,餐飲費用,金錢,臺南市永康區****,,否,,,,,,,
111,黄肇輝,111年臺南市議員選舉,首次申報,1111004,雜支支出,創北生活館有限公司,45891674,0.00,42.00,,,,文具用品費用,金錢,臺南市永康區****,,否,,,,,,,
112,黄肇輝,111年臺南市議員選舉,首次申報,1111005,雜支支出,佳昇食堂,85935261,0.00,540.00,,,,餐飲費用,金錢,臺南市永康區****,06-2*****,否,,,,,,,
113,黄肇輝,111年臺南市議員選舉,首次申報,1111005,人事費用支出,沈欣樺,R22*******,0.00,10830.00,,,,工資或薪津,金錢,臺南市永康區****,,否,,,,,,,
114,黄肇輝,111年臺南市議員選舉,首次申報,1111005,人事費用支出,林碧鴻,S22*******,0.00,4930.00,,,,工資或薪津,金錢,臺南市永康區****,,否,,,,,,,
115,黄肇輝,111年臺南市議員選舉,首次申報,1111006,雜支支出,林家牛肉舖,,0.00,820.00,,,,餐飲費用,金錢,臺南市永康區****,,否,,,,,,,
116,黄肇輝,111年臺南市議員選舉,首次申報,1111007,雜支支出,佳昇食堂,,0.00,400.00,,,,餐飲費用,金錢,臺南市永康區****,,否,,,,,,,
117,黄肇輝,111年臺南市議員選舉,首次申報,1111007,租用宣傳車輛支出,松下電動工具行,13586336,0.00,1050.00,,,,維修宣傳車輛費用,金錢,臺南市安南區****,,否,,,,,,,
118,黄肇輝,111年臺南市議員選舉,首次申報,1111007,雜支支出,尚文行,99512622,0.00,99.00,,,,文具用品費用,金錢,臺南市善化區****,,否,,,,,,,
119,黄肇輝,111年臺南市議員選舉,首次申報,1111008,雜支支出,三三輕茶飲企業社,,0.00,200.00,,,,餐飲費用,金錢,臺南市永康區****,,否,,,,,,,
120,黄肇輝,111年臺南市議員選舉,首次申報,1111008,雜支支出,二空燕京蔥油餅,,0.00,955.00,,,,餐飲費用,金錢,臺南市仁德區****,,否,,,,,,,
121,黄肇輝,111年臺南市議員選舉,首次申報,1111009,雜支支出,大同包子,19492048,0.00,475.00,,,,餐飲費用,金錢,臺南市東區府****,,否,,,,,,,
122,黄肇輝,111年臺南市議員選舉,首次申報,1111009,雜支支出,宥宏文具店,40726021,0.00,29.00,,,,文具用品費用,金錢,臺南市永康區****,,否,,,,,,,
123,黄肇輝,111年臺南市議員選舉,首次申報,1111009,雜支支出,全宇五金百貨永康門市,81484455,0.00,140.00,,,,文具用品費用,金錢,臺南市永康區****,,否,,,,,,,
124,黄肇輝,111年臺南市議員選舉,首次申報,1111009,雜支支出,全宇五金百貨永康門市,81484455,0.00,350.00,,,,雜項購置或修繕費用,金錢,臺南市永康區****,,否,,,,,,,
125,黄肇輝,111年臺南市議員選舉,首次申報,1111009,雜支支出,大苑子飲料店,85597141,0.00,450.00,,,,餐飲費用,金錢,臺南市永康區****,,否,,,,,,,
126,黄肇輝,111年臺南市議員選舉,首次申報,1111009,雜支支出,臺南翔勝停車場,89044305,0.00,80.00,,,,停車費,金錢,臺南市永康區****,,否,,,,,,,
127,黄肇輝,111年臺南市議員選舉,首次申報,1111009,雜支支出,船野日式炸蝦飯永康營業所,89062817,0.00,380.00,,,,餐飲費用,金錢,臺南市永康區****,,否,,,,,,,
128,黄肇輝,111年臺南市議員選舉,首次申報,1111010,雜支支出,統一超商,28981139,0.00,1520.00,,,,職災保險特別加保,金錢,臺南市北區大****,,否,,,,,,,
129,黄肇輝,111年臺南市議員選舉,首次申報,1111010,雜支支出,統一超商,28981139,0.00,1864.00,,,,職災保險特別加保,金錢,臺南市北區大****,,否,,,,,,,
130,黄肇輝,111年臺南市議員選舉,首次申報,1111010,雜支支出,統一超商,51758702,0.00,184.00,,,,職災保險特別加保,金錢,臺南市北區大****,,否,,,,,,,
131,黄肇輝,111年臺南市議員選舉,首次申報,1111010,雜支支出,全宇五金百貨永康門市,81484455,0.00,195.00,,,,雜項購置或修繕費用,金錢,臺南市永康區****,,否,,,,,,,
132,黄肇輝,111年臺南市議員選舉,首次申報,1111010,租用競選辦事處支出,明盛建築工程事務所,R12*******,0.00,54400.00,,,,裝潢競選辦事處費用,金錢,臺南市新市區****,,否,,,,,,,
133,黄肇輝,111年臺南市議員選舉,首次申報,1111011,雜支支出,全宇五金百貨永康門市,81484455,0.00,205.00,,,,雜項購置或修繕費用,金錢,臺南市永康區****,,否,,,,,,,
134,黄肇輝,111年臺南市議員選舉,首次申報,1111011,租用宣傳車輛支出,吳武麥,R10*******,0.00,18000.00,,,,雇用宣傳車輛駕駛費用,金錢,臺南市東區中****,,否,,,,,,,
135,黄肇輝,111年臺南市議員選舉,首次申報,1111011,租用宣傳車輛支出,楊得安,R12*******,0.00,16300.00,,,,雇用宣傳車輛駕駛費用,金錢,臺南市永康區****,,否,,,,,,,
136,黄肇輝,111年臺南市議員選舉,首次申報,1111011,租用宣傳車輛支出,蔡定哲,R12*******,0.00,18000.00,,,,雇用宣傳車輛駕駛費用,金錢,臺南市東區仁****,,否,,,,,,,
137,黄肇輝,111年臺南市議員選舉,首次申報,1111011,租用宣傳車輛支出,羅雅惠,R22*******,0.00,18000.00,,,,雇用宣傳車輛駕駛費用,金錢,臺南市關廟區****,,否,,,,,,,
138,黄肇輝,111年臺南市議員選舉,首次申報,1111012,租用宣傳車輛支出,遠大加油站,,0.00,810.00,,,,宣傳車輛燃料費用,金錢,臺南市永康區****,,否,,,,,,,
139,黄肇輝,111年臺南市議員選舉,首次申報,1111012,宣傳支出,富順美工廣告社,06567740,0.00,96400.00,,,,製作競選物品或宣傳廣告費用,金錢,臺南市麻豆區****,,否,,,,,,,
140,黄肇輝,111年臺南市議員選舉,首次申報,1111012,雜支支出,容旺商行,10193998,0.00,50.00,,,,雜項購置或修繕費用,金錢,臺南市永康區****,06-2*****,否,,,,,,,
141,黄肇輝,111年臺南市議員選舉,首次申報,1111012,雜支支出,築地壽司,54064965,0.00,2280.00,,,,餐飲費用,金錢,臺南市東區龍****,,否,,,,,,,
142,黄肇輝,111年臺南市議員選舉,首次申報,1111012,雜支支出,恆昌五金行,72088187,0.00,320.00,,,,雜項購置或修繕費用,金錢,臺南市永康區****,06-2*****,否,,,,,,,
143,黄肇輝,111年臺南市議員選舉,首次申報,1111013,雜支支出,小東臭臭鍋,,0.00,700.00,,,,餐飲費用,金錢,臺南市永康區****,06-3*****,否,,,,,,,
144,黄肇輝,111年臺南市議員選舉,首次申報,1111013,雜支支出,佳昇食堂,85935261,0.00,240.00,,,,餐飲費用,金錢,臺南市永康區****,06-2*****,否,,,,,,,
145,黄肇輝,111年臺南市議員選舉,首次申報,1111014,租用宣傳車輛支出,林孟勳,,0.00,6000.00,,,,宣傳車輛燃料費用,金錢,臺南市學甲區****,,否,,,,,,,
146,黄肇輝,111年臺南市議員選舉,首次申報,1111016,雜支支出,山頂居美食店,,0.00,1300.00,,,,餐飲費用,金錢,臺南市永康區****,,否,,,,,,,
147,黄肇輝,111年臺南市議員選舉,首次申報,1111016,雜支支出,燒包子酥餅,,0.00,1125.00,,,,餐飲費用,金錢,臺南市北區北****,,否,,,,,,,
148,黄肇輝,111年臺南市議員選舉,首次申報,1111017,雜支支出,台灣電力公司,,0.00,5008.00,,,,水電瓦斯費用,金錢,臺南市永康區****,,否,,,,,,,
149,黄肇輝,111年臺南市議員選舉,首次申報,1111017,雜支支出,中華郵政崑山郵局,,0.00,44.00,,,,郵資,金錢,臺南市永康區****,,否,,,,,,,
150,黄肇輝,111年臺南市議員選舉,首次申報,1111017,雜支支出,漁糧食堂,25889860,0.00,960.00,,,,餐飲費用,金錢,臺南市永康區****,,否,,,,,,,
151,黄肇輝,111年臺南市議員選舉,首次申報,1111017,雜支支出,佳昇食堂,85935261,0.00,200.00,,,,餐飲費用,金錢,臺南市永康區****,06-2*****,否,,,,,,,
152,黄肇輝,111年臺南市議員選舉,首次申報,1111018,雜支支出,青青花苑,62918190,0.00,2500.00,,,,盆花,金錢,屏東市中華路****,,否,,,,,,,
153,黄肇輝,111年臺南市議員選舉,首次申報,1111018,雜支支出,佳昇食堂,85935261,0.00,300.00,,,,餐飲費用,金錢,臺南市永康區****,06-2*****,否,,,,,,,
154,黄肇輝,111年臺南市議員選舉,首次申報,1111019,租用宣傳車輛支出,松下電動工具行,,0.00,14700.00,,,,其他與租用宣傳車輛有關之費用,金錢,臺南市安南區****,,否,,,,,,,
155,黄肇輝,111年臺南市議員選舉,首次申報,1111019,宣傳支出,富順美工廣告社,06567740,0.00,174300.00,,,,製作競選物品或宣傳廣告費用,金錢,臺南市麻豆區****,,否,,,,,,,
156,黄肇輝,111年臺南市議員選舉,首次申報,1111019,雜支支出,捷報無線通訊器材行,19701946,0.00,5600.00,,,,雜項購置或修繕費用,金錢,臺南市北區****,,否,,,,,,,
157,黄肇輝,111年臺南市議員選舉,首次申報,1111019,雜支支出,全宇五金百貨永康門市,81484455,0.00,368.00,,,,文具用品費用,金錢,臺南市永康區****,,否,,,,,,,
158,黄肇輝,111年臺南市議員選舉,首次申報,1111020,租用宣傳車輛支出,統一精工,,0.00,690.00,,,,宣傳車輛燃料費用,金錢,臺南市善化區****,,否,,,,,,,
159,黄肇輝,111年臺南市議員選舉,首次申報,1111020,租用宣傳車輛支出,統一精工,,0.00,210.00,,,,宣傳車輛燃料費用,金錢,臺南市善化區****,,否,,,,,,,
160,黄肇輝,111年臺南市議員選舉,首次申報,1111020,雜支支出,宥北生活館有限公司,24901613,0.00,159.00,,,,雜項購置或修繕費用,金錢,臺南市永康區****,06-3*****,否,,,,,,,
161,黄肇輝,111年臺南市議員選舉,首次申報,1111020,雜支支出,西北熊蘭花工坊,45506623,0.00,1000.00,,,,花柱,金錢,臺中市西屯區****,,否,,,,,,,
162,黄肇輝,111年臺南市議員選舉,首次申報,1111020,雜支支出,車之輪汽車百貨,54001358,0.00,59.00,,,,雜項購置或修繕費用,金錢,臺南市永康區****,,否,,,,,,,
163,黄肇輝,111年臺南市議員選舉,首次申報,1111020,雜支支出,全宇五金百貨永康門市,81484455,0.00,95.00,,,,雜項購置或修繕費用,金錢,臺南市永康區****,,否,,,,,,,
164,黄肇輝,111年臺南市議員選舉,首次申報,1111020,雜支支出,全宇五金百貨永康門市,81484455,0.00,195.00,,,,文具用品費用,金錢,臺南市永康區****,,否,,,,,,,
165,黄肇輝,111年臺南市議員選舉,首次申報,1111020,雜支支出,八方雲集永康大仁,88986637,0.00,1275.00,,,,餐飲費用,金錢,臺南市永康區****,,否,,,,,,,
166,黄肇輝,111年臺南市議員選舉,首次申報,1111021,雜支支出,佳昇食堂,,0.00,2000.00,,,,餐飲費用,金錢,臺南市永康區****,,否,,,,,,,
167,黄肇輝,111年臺南市議員選舉,首次申報,1111021,租用宣傳車輛支出,元大加油站,,0.00,1000.00,,,,宣傳車輛燃料費用,金錢,臺南市永康區****,,否,,,,,,,
168,黄肇輝,111年臺南市議員選舉,首次申報,1111021,租用宣傳車輛支出,元大加油站,,0.00,1000.00,,,,宣傳車輛燃料費用,金錢,臺南市永康區****,,否,,,,,,,
169,黄肇輝,111年臺南市議員選舉,首次申報,1111021,雜支支出,全聯福利中心,,0.00,122.00,,,,雜項購置或修繕費用,金錢,臺南市永康區****,,否,,,,,,,
170,黄肇輝,111年臺南市議員選舉,首次申報,1111021,雜支支出,全宇五金百貨,,0.00,84.00,,,,文具用品費用,金錢,臺南市永康區****,,否,,,,,,,
171,黄肇輝,111年臺南市議員選舉,首次申報,1111022,雜支支出,震星實業社,81443461,0.00,560.00,,,,文具用品費用,金錢,臺南市北區小****,,否,,,,,,,
172,黄肇輝,111年臺南市議員選舉,首次申報,1111022,雜支支出,全宇五金百貨永康門市,81484455,0.00,214.00,,,,雜項購置或修繕費用,金錢,臺南市永康區****,,否,,,,,,,
173,黄肇輝,111年臺南市議員選舉,首次申報,1111022,雜支支出,金玉堂大灣店,84563263,0.00,162.00,,,,文具用品費用,金錢,臺南市永康區****,,否,,,,,,,
174,黄肇輝,111年臺南市議員選舉,首次申報,1111023,雜支支出,杜培菖,,0.00,290.00,,,,餐飲費用,金錢,臺南市永康區****,,否,,,,,,,
175,黄肇輝,111年臺南市議員選舉,首次申報,1111023,雜支支出,西北熊蘭花工坊,45506623,0.00,2000.00,,,,花柱,金錢,臺中市西屯區****,,否,,,,,,,
176,黄肇輝,111年臺南市議員選舉,首次申報,1111024,租用宣傳車輛支出,永大路加油站,,0.00,500.00,,,,宣傳車輛燃料費用,金錢,臺南市永康區****,,否,,,,,,,
177,黄肇輝,111年臺南市議員選舉,首次申報,1111024,雜支支出,興意鵝肉,,0.00,535.00,,,,餐飲費用,金錢,臺南市永康區****,,否,,,,,,,
178,黄肇輝,111年臺南市議員選舉,首次申報,1111024,宣傳支出,富順美工廣告社,06567740,0.00,118200.00,,,,製作競選物品或宣傳廣告費用,金錢,臺南市麻豆區****,,否,,,,,,,
179,黄肇輝,111年臺南市議員選舉,首次申報,1111024,雜支支出,全宇五金百貨永康門市,81484455,0.00,75.00,,,,雜項購置或修繕費用,金錢,臺南市永康區****,,否,,,,,,,
180,黄肇輝,111年臺南市議員選舉,首次申報,1111025,雜支支出,佳昇食堂,,0.00,900.00,,,,餐飲費用,金錢,臺南市永康區****,,否,,,,,,,
181,黄肇輝,111年臺南市議員選舉,首次申報,1111025,雜支支出,全聯福利中心大灣店,28413946,0.00,252.00,,,,雜項購置或修繕費用,金錢,臺南市永康區****,,否,,,,,,,
182,黄肇輝,111年臺南市議員選舉,首次申報,1111025,雜支支出,燦坤3C,91055685,0.00,1190.00,,,,隨身碟,金錢,臺南市永康區****,,否,,,,,,,
183,黄肇輝,111年臺南市議員選舉,首次申報,1111026,雜支支出,容旺商行,10193998,0.00,85.00,,,,雜項購置或修繕費用,金錢,臺南市永康區****,06-2*****,否,,,,,,,
184,黄肇輝,111年臺南市議員選舉,首次申報,1111026,雜支支出,順發,28978850,0.00,364.00,,,,雜項購置或修繕費用,金錢,臺南市永康區****,06-2*****,否,,,,,,,
185,黄肇輝,111年臺南市議員選舉,首次申報,1111026,雜支支出,COSTCO,28995746,0.00,3636.00,,,,餐飲費用,金錢,臺南市北區和****,,否,,,,,,,
186,黄肇輝,111年臺南市議員選舉,首次申報,1111026,雜支支出,獵狐無線電器有限公司,86087440,0.00,788.00,,,,擴音機鋰電池,金錢,臺南市中西區****,,否,,,,,,,
187,黄肇輝,111年臺南市議員選舉,首次申報,1111027,宣傳支出,聯宏企業有限公司,,0.00,13781.00,,,,製作競選物品或宣傳廣告費用（濕紙巾）,金錢,高雄市大樹學****,,否,,,,,,,
188,黄肇輝,111年臺南市議員選舉,首次申報,1111027,雜支支出,順發,28978850,0.00,220.00,,,,雜項購置或修繕費用,金錢,臺南市永康區****,,否,,,,,,,
189,黄肇輝,111年臺南市議員選舉,首次申報,1111027,雜支支出,日本橋資訊(股)公司,70415093,0.00,1760.00,,,,雜項購置或修繕費用,金錢,臺南市北區北****,,否,,,,,,,
190,黄肇輝,111年臺南市議員選舉,首次申報,1111027,雜支支出,佳昇食堂,85935261,0.00,850.00,,,,餐飲費用,金錢,臺南市永康區****,06-2*****,否,,,,,,,
191,黄肇輝,111年臺南市議員選舉,首次申報,1111027,雜支支出,燦坤3C,91055685,0.00,1097.00,,,,雜項購置或修繕費用,金錢,臺南市永康區****,,否,,,,,,,
192,黄肇輝,111年臺南市議員選舉,首次申報,1111028,雜支支出,台亞石油,47842051,0.00,1000.00,,,,汽機車燃料費用,金錢,臺南市永康區****,,否,,,,,,,
193,黄肇輝,111年臺南市議員選舉,首次申報,1111028,雜支支出,美和電子企業有限公司,86418814,0.00,12000.00,,,,無線雙頻擴大器,金錢,臺南市中西區****,,否,,,,,,,
194,黄肇輝,111年臺南市議員選舉,首次申報,1111029,宣傳支出,富順美工廣告社,06567740,0.00,88700.00,,,,製作競選物品或宣傳廣告費用,金錢,臺南市麻豆區****,,否,,,,,,,
195,黄肇輝,111年臺南市議員選舉,首次申報,1111029,雜支支出,COSTCO,28995746,0.00,2519.00,,,,餐飲費用,金錢,臺南市北區和****,,否,,,,,,,
196,黄肇輝,111年臺南市議員選舉,首次申報,1111029,雜支支出,天鳳有限公司,54060052,0.00,1344.00,,,,文具用品費用,金錢,臺南市永康區****,,否,,,,,,,
197,黄肇輝,111年臺南市議員選舉,首次申報,1111030,雜支支出,燒包子酥餅,,0.00,900.00,,,,餐飲費用,金錢,臺南市北區北****,,否,,,,,,,
198,黄肇輝,111年臺南市議員選舉,首次申報,1111030,雜支支出,富盛號,06396388,0.00,1225.00,,,,餐飲費用,金錢,臺南市中西區****,,否,,,,,,,
199,黄肇輝,111年臺南市議員選舉,首次申報,1111030,宣傳支出,亞特攝影廣告社,21665988,0.00,38000.00,,,,製作競選物品或宣傳廣告費用,金錢,臺南市北區公****,,否,,,,,,,
200,黄肇輝,111年臺南市議員選舉,首次申報,1111030,租用宣傳車輛支出,福懋永康加油站,25801154,0.00,510.00,,,,宣傳車輛燃料費用,金錢,臺南市永康區****,06-2*****,否,,,,,,,
201,黄肇輝,111年臺南市議員選舉,首次申報,1111030,雜支支出,50嵐台南大灣店,26448309,0.00,604.00,,,,餐飲費用,金錢,臺南市永康區****,,否,,,,,,,
202,黄肇輝,111年臺南市議員選舉,首次申報,1111030,雜支支出,瑞曜加油站,28127893,0.00,120.00,,,,汽機車燃料費用,金錢,臺南市永康區****,,否,,,,,,,
203,黄肇輝,111年臺南市議員選舉,首次申報,1111030,雜支支出,弘富服飾行,40757163,0.00,400.00,,,,繡字,金錢,臺南市東區東****,,否,,,,,,,
204,黄肇輝,111年臺南市議員選舉,首次申報,1111030,人事費用支出,蔡勝羢,N12*******,0.00,5700.00,,,,工資或薪津,金錢,彰化縣彰化市****,,否,,,,,,,
205,黄肇輝,111年臺南市議員選舉,首次申報,1111030,宣傳支出,林忠和,Q12*******,0.00,10000.00,,,,演講或表演費用,金錢,臺南市新營區****,,否,,,,,,,
206,黄肇輝,111年臺南市議員選舉,首次申報,1111030,雜支支出,競選總部,R12*******,0.00,180000.00,,,,廣告口罩,非金錢,臺南市永康區****,,否,,,,,,,
207,黄肇輝,111年臺南市議員選舉,首次申報,1111030,人事費用支出,楊家祐,R12*******,0.00,10100.00,,,,工資或薪津,金錢,臺南市新化區****,,否,,,,,,,
208,黄肇輝,111年臺南市議員選舉,首次申報,1111031,宣傳支出,富順美工廣告社,06567740,0.00,61995.00,,,,製作競選物品或宣傳廣告費用,金錢,臺南市麻豆區****,,否,,,,,,,
209,黄肇輝,111年臺南市議員選舉,首次申報,1111031,雜支支出,正漢百貨商行,10115760,0.00,290.00,,,,雜項購置或修繕費用,金錢,臺南市善化區****,06-5*****,否,,,,,,,
210,黄肇輝,111年臺南市議員選舉,首次申報,1111031,宣傳支出,亞特攝影廣告社,21665988,0.00,6000.00,,,,製作競選物品或宣傳廣告費用,金錢,臺南市北區公****,,否,,,,,,,
211,黄肇輝,111年臺南市議員選舉,首次申報,1111031,雜支支出,全宇五金百貨永康門市,81484455,0.00,255.00,,,,雜項購置或修繕費用,金錢,臺南市永康區****,,否,,,,,,,
212,黄肇輝,111年臺南市議員選舉,首次申報,1111101,返還捐贈支出,馮懷鋒,,0.00,20000.00,,,,返還,金錢,臺南市永康區****,,否,,,,,,,
213,黄肇輝,111年臺南市議員選舉,首次申報,1111101,雜支支出,山頂居美食店,,0.00,190.00,,,,餐飲費用,金錢,臺南市永康區****,,否,,,,,,,
214,黄肇輝,111年臺南市議員選舉,首次申報,1111101,返還捐贈支出,光洋應用材料科技股份有限公司,43787872,0.00,500000.00,,,,返還,金錢,臺南市安南區****,,否,,,,,,,
215,黄肇輝,111年臺南市議員選舉,首次申報,1111101,返還捐贈支出,台衛化學工業股份有限公司,72097637,0.00,10000.00,,,,返還,金錢,臺南市仁德區****,,否,,,,,,,
216,黄肇輝,111年臺南市議員選舉,首次申報,1111101,租用宣傳車輛支出,永康中正南路加油站,80311049,0.00,1240.00,,,,宣傳車輛燃料費用,金錢,臺南市永康區****,,否,,,,,,,
217,黄肇輝,111年臺南市議員選舉,首次申報,1111101,返還捐贈支出,萬全國際事業有限公司,80465867,0.00,10000.00,,,,返還,金錢,臺南市南區大****,,否,,,,,,,
218,黄肇輝,111年臺南市議員選舉,首次申報,1111101,雜支支出,佳昇食堂,85935261,0.00,800.00,,,,餐飲費用,金錢,臺南市永康區****,06-2*****,否,,,,,,,
219,黄肇輝,111年臺南市議員選舉,首次申報,1111101,人事費用支出,鄭至斌,D12*******,0.00,36000.00,,,,工資或薪津,金錢,臺南市永康區****,,否,,,,,,,
220,黄肇輝,111年臺南市議員選舉,首次申報,1111101,人事費用支出,杜培菖,D12*******,0.00,20000.00,,,,獎金或津貼,金錢,臺南市永康區****,,否,,,,,,,
221,黄肇輝,111年臺南市議員選舉,首次申報,1111101,租用宣傳車輛支出,林健富,D12*******,0.00,38400.00,,,,雇用宣傳車輛駕駛費用,金錢,臺南市仁德區****,,否,,,,,,,
222,黄肇輝,111年臺南市議員選舉,首次申報,1111101,人事費用支出,李芃瑩,D22*******,0.00,25000.00,,,,工資或薪津,金錢,臺南市安南區****,,否,,,,,,,
223,黄肇輝,111年臺南市議員選舉,首次申報,1111101,租用宣傳車輛支出,吳武麥,R10*******,0.00,34000.00,,,,雇用宣傳車輛駕駛費用,金錢,臺南市東區中****,,否,,,,,,,
224,黄肇輝,111年臺南市議員選舉,首次申報,1111101,租用宣傳車輛支出,楊得安,R12*******,0.00,30600.00,,,,雇用宣傳車輛駕駛費用,金錢,臺南市永康區****,,否,,,,,,,
225,黄肇輝,111年臺南市議員選舉,首次申報,1111101,租用宣傳車輛支出,蔡定哲,R12*******,0.00,33050.00,,,,雇用宣傳車輛駕駛費用,金錢,臺南市東區仁****,,否,,,,,,,
226,黄肇輝,111年臺南市議員選舉,首次申報,1111101,租用宣傳車輛支出,羅雅惠,R22*******,0.00,34000.00,,,,雇用宣傳車輛駕駛費用,金錢,臺南市關廟區****,,否,,,,,,,
227,黄肇輝,111年臺南市議員選舉,首次申報,1111101,租用宣傳車輛支出,林孟勳,S10*******,0.00,5100.00,,,,宣傳車輛燃料費用,金錢,臺南市學甲區****,,否,,,,,,,
228,黄肇輝,111年臺南市議員選舉,首次申報,1111101,租用宣傳車輛支出,林孟勳,S10*******,0.00,42750.00,,,,雇用宣傳車輛駕駛費用,金錢,臺南市學甲區****,,否,,,,,,,
229,黄肇輝,111年臺南市議員選舉,首次申報,1111102,宣傳支出,嘉南廣告社,17469422,0.00,43000.00,,,,派報,金錢,雲林縣斗六市****,,否,,,,,,,
230,黄肇輝,111年臺南市議員選舉,首次申報,1111102,租用宣傳車輛支出,永康中正南路加油站,80311049,0.00,600.00,,,,宣傳車輛燃料費用,金錢,臺南市永康區****,,否,,,,,,,
231,黄肇輝,111年臺南市議員選舉,首次申報,1111103,雜支支出,台南紅燒花枝焿,,0.00,630.00,,,,餐飲費用,金錢,臺南市永康區****,,否,,,,,,,
232,黄肇輝,111年臺南市議員選舉,首次申報,1111104,雜支支出,小東臭臭鍋,,0.00,1400.00,,,,餐飲費用,金錢,臺南市永康區****,06-3*****,否,,,,,,,
233,黄肇輝,111年臺南市議員選舉,首次申報,1111104,雜支支出,中華電信,,0.00,9228.00,,,,電信費用,金錢,臺南市中西區****,,否,,,,,,,
234,黄肇輝,111年臺南市議員選舉,首次申報,1111104,租用宣傳車輛支出,元大加油站,16366686,0.00,1185.00,,,,宣傳車輛燃料費用,金錢,臺南市永康區****,,否,,,,,,,
235,黄肇輝,111年臺南市議員選舉,首次申報,1111104,租用宣傳車輛支出,凱安汽車實業社,19799292,0.00,25000.00,,,,維修宣傳車輛費用,金錢,臺南市新市區****,,否,,,,,,,
236,黄肇輝,111年臺南市議員選舉,首次申報,1111104,租用宣傳車輛支出,同利商號,73083246,0.00,50.00,,,,維修宣傳車輛費用,金錢,臺南市山上南****,,否,,,,,,,
237,黄肇輝,111年臺南市議員選舉,首次申報,1111104,雜支支出,佳昇食堂,85935261,0.00,375.00,,,,餐飲費用,金錢,臺南市永康區****,06-2*****,否,,,,,,,
238,黄肇輝,111年臺南市議員選舉,首次申報,1111104,返還捐贈支出,魏千芸,R22*******,0.00,100000.00,,,,返還,金錢,臺南市新營區****,,否,,,,,,,
239,黄肇輝,111年臺南市議員選舉,首次申報,1111105,宣傳支出,富順美工廣告社,06567740,0.00,85100.00,,,,製作競選物品或宣傳廣告費用,金錢,臺南市麻豆區****,,否,,,,,,,
240,黄肇輝,111年臺南市議員選舉,首次申報,1111106,宣傳支出,富順美工廣告社,06567740,0.00,20332.00,,,,製作競選物品或宣傳廣告費用,金錢,臺南市麻豆區****,,否,,,,,,,
241,黄肇輝,111年臺南市議員選舉,首次申報,1111106,雜支支出,西北熊蘭花工坊,45506623,0.00,2000.00,,,,花柱,金錢,臺中市西屯區****,,否,,,,,,,
242,黄肇輝,111年臺南市議員選舉,首次申報,1111107,宣傳支出,山水民意研究股份有限公司,16135975,0.00,147000.00,,,,播放、傳送或刊登宣傳廣告費用,金錢,臺北市八德路****,,否,,,,,,,
243,黄肇輝,111年臺南市議員選舉,首次申報,1111107,雜支支出,元大加油站,16366686,0.00,910.00,,,,汽機車燃料費用,金錢,臺南市永康區****,,否,,,,,,,
244,黄肇輝,111年臺南市議員選舉,首次申報,1111107,租用宣傳車輛支出,元大加油站,16366686,0.00,1120.00,,,,宣傳車輛燃料費用,金錢,臺南市永康區****,,否,,,,,,,
245,黄肇輝,111年臺南市議員選舉,首次申報,1111107,宣傳支出,南紡購物中心東客麵包,53472035,0.00,1519.00,,,,其他與選舉宣傳有關之費用,金錢,臺南市東區****,,否,,,,,,,
246,黄肇輝,111年臺南市議員選舉,首次申報,1111107,雜支支出,佳昇食堂,85935261,0.00,600.00,,,,餐飲費用,金錢,臺南市永康區****,06-2*****,否,,,,,,,
247,黄肇輝,111年臺南市議員選舉,首次申報,1111108,雜支支出,林家牛肉鋪,37748015,0.00,8800.00,,,,餐飲費用,金錢,臺南市永康區****,,否,,,,,,,
248,黄肇輝,111年臺南市議員選舉,首次申報,1111108,雜支支出,西北熊蘭花工坊,45506623,0.00,2000.00,,,,花柱,金錢,臺中市西屯區****,,否,,,,,,,
249,黄肇輝,111年臺南市議員選舉,首次申報,1111108,宣傳支出,新橋食品有限公司,80317487,0.00,1040.00,,,,其他與選舉宣傳有關之費用,金錢,臺南市****,,否,,,,,,,
250,黄肇輝,111年臺南市議員選舉,首次申報,1111108,雜支支出,佳昇食堂,85935261,0.00,270.00,,,,餐飲費用,金錢,臺南市永康區****,06-2*****,否,,,,,,,
251,黄肇輝,111年臺南市議員選舉,首次申報,1111109,宣傳支出,臺灣中華日報社(股)公司,03710808,0.00,35000.00,,,,播放、傳送或刊登宣傳廣告費用,金錢,臺南市北區西****,06-2*****,否,,,,,,,
252,黄肇輝,111年臺南市議員選舉,首次申報,1111109,宣傳支出,中中企業社,67947878,0.00,48000.00,,,,播放、傳送或刊登宣傳廣告費用,金錢,臺南市永康區****,06-2*****,否,,,,,,,
253,黄肇輝,111年臺南市議員選舉,首次申報,1111110,租用宣傳車輛支出,元大加油站,16366686,0.00,1570.00,,,,宣傳車輛燃料費用,金錢,臺南市永康區****,,否,,,,,,,
254,黄肇輝,111年臺南市議員選舉,首次申報,1111110,宣傳支出,亞特攝影廣告社,21665988,0.00,60000.00,,,,製作競選物品或宣傳廣告費用,金錢,臺南市北區公****,,否,,,,,,,
255,黄肇輝,111年臺南市議員選舉,首次申報,1111110,雜支支出,永大路加油站,24406769,0.00,320.00,,,,汽機車燃料費用,金錢,臺南市永康區****,,否,,,,,,,
256,黄肇輝,111年臺南市議員選舉,首次申報,1111110,雜支支出,宥北生活館有限公司,24901613,0.00,343.00,,,,雜項購置或修繕費用,金錢,臺南市永康區****,,否,,,,,,,
257,黄肇輝,111年臺南市議員選舉,首次申報,1111110,宣傳支出,中中企業社,67947878,0.00,48000.00,,,,播放、傳送或刊登宣傳廣告費用,金錢,臺南市永康區****,06-2*****,否,,,,,,,
258,黄肇輝,111年臺南市議員選舉,首次申報,1111110,租用競選辦事處支出,明盛建築工程事務所,R12*******,0.00,95060.00,,,,裝潢競選辦事處費用,金錢,臺南市新市區****,,否,,,,,,,
259,黄肇輝,111年臺南市議員選舉,首次申報,1111110,租用宣傳車輛支出,林孟勳,S10*******,0.00,2600.00,,,,維修宣傳車輛費用,金錢,臺南市學甲區****,,否,,,,,,,
260,黄肇輝,111年臺南市議員選舉,首次申報,1111111,交通旅運支出,台灣高鐵,,0.00,2700.00,,,,搭乘交通工具費用,金錢,臺北市南港區****,,否,,,,,,,
261,黄肇輝,111年臺南市議員選舉,首次申報,1111111,雜支支出,姜記包子舖,,0.00,570.00,,,,餐飲費用,金錢,臺北市大安區****,,否,,,,,,,
262,黄肇輝,111年臺南市議員選舉,首次申報,1111111,雜支支出,佳昇食堂,,0.00,700.00,,,,餐飲費用,金錢,臺南市永康區****,,否,,,,,,,
263,黄肇輝,111年臺南市議員選舉,首次申報,1111111,雜支支出,樸啄豆乳雞,,0.00,1210.00,,,,餐飲費用,金錢,臺南市東區光****,,否,,,,,,,
264,黄肇輝,111年臺南市議員選舉,首次申報,1111111,雜支支出,元大加油站,16366686,0.00,612.00,,,,汽機車燃料費用,金錢,臺南市永康區****,,否,,,,,,,
265,黄肇輝,111年臺南市議員選舉,首次申報,1111111,雜支支出,燦坤3C,91055685,0.00,1798.00,,,,雜項購置或修繕費用,金錢,臺南市永康區****,,否,,,,,,,
266,黄肇輝,111年臺南市議員選舉,首次申報,1111112,雜支支出,佳昇食堂,,0.00,1800.00,,,,餐飲費用,金錢,臺南市永康區****,,否,,,,,,,
267,黄肇輝,111年臺南市議員選舉,首次申報,1111112,雜支支出,燒包子酥餅,,0.00,300.00,,,,餐飲費用,金錢,臺南市北區北****,,否,,,,,,,
268,黄肇輝,111年臺南市議員選舉,首次申報,1111112,雜支支出,長榮大道綠豆湯,,0.00,800.00,,,,餐飲費用,金錢,臺南市北區長****,,否,,,,,,,
269,黄肇輝,111年臺南市議員選舉,首次申報,1111112,租用宣傳車輛支出,元大加油站,16366686,0.00,1100.00,,,,宣傳車輛燃料費用,金錢,臺南市永康區****,,否,,,,,,,
270,黄肇輝,111年臺南市議員選舉,首次申報,1111112,雜支支出,西北熊蘭花工坊,45506623,0.00,2000.00,,,,花柱,金錢,臺中市西屯區****,,否,,,,,,,
271,黄肇輝,111年臺南市議員選舉,首次申報,1111112,雜支支出,全宇五金百貨永康門市,81484455,0.00,289.00,,,,雜項購置或修繕費用,金錢,臺南市永康區****,,否,,,,,,,
272,黄肇輝,111年臺南市議員選舉,首次申報,1111112,雜支支出,台南翔勝停車場,88982914,0.00,80.00,,,,停車費,金錢,臺南市永康區****,,否,,,,,,,
273,黄肇輝,111年臺南市議員選舉,首次申報,1111113,雜支支出,50嵐台南大灣店,,0.00,272.00,,,,餐飲費用,金錢,臺南市永康區****,,否,,,,,,,
274,黄肇輝,111年臺南市議員選舉,首次申報,1111113,雜支支出,燒包子酥餅,,0.00,675.00,,,,餐飲費用,金錢,臺南市北區北****,,否,,,,,,,
275,黄肇輝,111年臺南市議員選舉,首次申報,1111113,雜支支出,元大加油站,16366686,0.00,700.00,,,,汽機車燃料費用,金錢,臺南市永康區****,,否,,,,,,,
276,黄肇輝,111年臺南市議員選舉,首次申報,1111113,雜支支出,正樽當歸鴨,81305880,0.00,1500.00,,,,餐飲費用,金錢,臺南市永康區****,,否,,,,,,,
277,黄肇輝,111年臺南市議員選舉,首次申報,1111113,雜支支出,全宇五金百貨永康門市,81484455,0.00,178.00,,,,雜項購置或修繕費用,金錢,臺南市永康區****,,否,,,,,,,
278,黄肇輝,111年臺南市議員選舉,首次申報,1111115,雜支支出,聯盈發,37576152,0.00,355.00,,,,餐飲費用,金錢,臺南市永康區****,,否,,,,,,,
279,黄肇輝,111年臺南市議員選舉,首次申報,1111115,雜支支出,蒸功夫美食堂,37725836,0.00,1785.00,,,,餐飲費用,金錢,臺南市永康區****,,否,,,,,,,
280,黄肇輝,111年臺南市議員選舉,首次申報,1111115,人事費用支出,林孟勳,S10*******,0.00,5000.00,,,,其他因工作酬勞之給付,金錢,臺南市學甲區****,,否,,,,,,,
281,黄肇輝,111年臺南市議員選舉,首次申報,1111116,雜支支出,大灣府城豆漿飲食品,13701835,0.00,706.00,,,,餐飲費用,金錢,臺南市永康區****,,否,,,,,,,
282,黄肇輝,111年臺南市議員選舉,首次申報,1111117,雜支支出,上尚商行,13202232,0.00,798.00,,,,雜項購置或修繕費用,金錢,臺南市永康區****,,否,,,,,,,
283,黄肇輝,111年臺南市議員選舉,首次申報,1111117,租用宣傳車輛支出,元大加油站,16366686,0.00,1020.00,,,,宣傳車輛燃料費用,金錢,臺南市永康區****,,否,,,,,,,
284,黄肇輝,111年臺南市議員選舉,首次申報,1111117,雜支支出,佳昇食堂,85935261,0.00,970.00,,,,餐飲費用,金錢,臺南市永康區****,06-2*****,否,,,,,,,
285,黄肇輝,111年臺南市議員選舉,首次申報,1111118,租用宣傳車輛支出,元大加油站,16366686,0.00,400.00,,,,宣傳車輛燃料費用,金錢,臺南市永康區****,,否,,,,,,,
286,黄肇輝,111年臺南市議員選舉,首次申報,1111118,雜支支出,中華電信,69109906,0.00,61403.00,,,,電信費用,金錢,臺南市中西區****,,否,,,,,,,
287,黄肇輝,111年臺南市議員選舉,首次申報,1111118,雜支支出,肆玖生活五金有限公司,83284502,0.00,220.00,,,,文具用品費用,金錢,臺南市永康區****,,否,,,,,,,
288,黄肇輝,111年臺南市議員選舉,首次申報,1111118,雜支支出,水恃餐飲,88967842,0.00,250.00,,,,餐飲費用,金錢,臺南市東區東****,,否,,,,,,,
289,黄肇輝,111年臺南市議員選舉,首次申報,1111119,雜支支出,郭國鎮,,0.00,550.00,,,,餐飲費用,金錢,臺南市永康區****,,否,,,,,,,
290,黄肇輝,111年臺南市議員選舉,首次申報,1111119,雜支支出,住戶臨時停車場,,0.00,100.00,,,,停車費,金錢,臺南市永康區****,,否,,,,,,,
291,黄肇輝,111年臺南市議員選舉,首次申報,1111119,雜支支出,鬍鬚伯包子專賣店,09046914,0.00,420.00,,,,餐飲費用,金錢,臺南市永康區****,,否,,,,,,,
292,黄肇輝,111年臺南市議員選舉,首次申報,1111119,雜支支出,50嵐台南大灣店,26448309,0.00,452.00,,,,餐飲費用,金錢,臺南市永康區****,,否,,,,,,,
293,黄肇輝,111年臺南市議員選舉,首次申報,1111119,雜支支出,台灣中油大灣站,73696646,0.00,1000.00,,,,汽機車燃料費用,金錢,臺南市永康區****,,否,,,,,,,
294,黄肇輝,111年臺南市議員選舉,首次申報,1111119,雜支支出,台南翔勝停車場,88982914,0.00,60.00,,,,汽機車燃料費用,金錢,臺南市永康區****,,否,,,,,,,
295,黄肇輝,111年臺南市議員選舉,首次申報,1111119,雜支支出,喜樂燒臘,89050565,0.00,400.00,,,,餐飲費用,金錢,臺南市永康區****,,否,,,,,,,
296,黄肇輝,111年臺南市議員選舉,首次申報,1111119,雜支支出,千香漢堡,99547523,0.00,600.00,,,,餐飲費用,金錢,臺南市東區東****,,否,,,,,,,
297,黄肇輝,111年臺南市議員選舉,首次申報,1111120,雜支支出,陳家榆,,0.00,700.00,,,,餐飲費用,金錢,臺南市永康區****,,否,,,,,,,
298,黄肇輝,111年臺南市議員選舉,首次申報,1111120,雜支支出,帝味薑母鴨,,0.00,3200.00,,,,餐飲費用,金錢,臺南市永康區****,,否,,,,,,,
299,黄肇輝,111年臺南市議員選舉,首次申報,1111120,雜支支出,姚記煎包,,0.00,818.00,,,,餐飲費用,金錢,臺南市中西區****,,否,,,,,,,
300,黄肇輝,111年臺南市議員選舉,首次申報,1111120,宣傳支出,富順美工廣告社,06567740,0.00,68200.00,,,,製作競選物品或宣傳廣告費用,金錢,臺南市麻豆區****,,否,,,,,,,
301,黄肇輝,111年臺南市議員選舉,首次申報,1111120,雜支支出,富利餐飲,16096993,0.00,999.00,,,,餐飲費用,金錢,臺南市永康區****,,否,,,,,,,
302,黄肇輝,111年臺南市議員選舉,首次申報,1111120,雜支支出,元大加油站,16366686,0.00,600.00,,,,汽機車燃料費用,金錢,臺南市永康區****,,否,,,,,,,
303,黄肇輝,111年臺南市議員選舉,首次申報,1111120,租用宣傳車輛支出,元大加油站,16366686,0.00,1000.00,,,,宣傳車輛燃料費用,金錢,臺南市永康區****,,否,,,,,,,
304,黄肇輝,111年臺南市議員選舉,首次申報,1111120,宣傳支出,嘉南廣告社,17469422,0.00,43000.00,,,,派報,金錢,雲林縣斗六市****,,否,,,,,,,
305,黄肇輝,111年臺南市議員選舉,首次申報,1111120,宣傳支出,亞特攝影廣告社,21665988,0.00,60000.00,,,,製作競選物品或宣傳廣告費用,金錢,臺南市北區公****,,否,,,,,,,
306,黄肇輝,111年臺南市議員選舉,首次申報,1111120,雜支支出,競選總部,R12*******,0.00,84000.00,,,,廣告口罩,非金錢,臺南市永康區****,,否,,,,,,,
307,黄肇輝,111年臺南市議員選舉,首次申報,1111121,雜支支出,永康蔥肉餅,,0.00,700.00,,,,餐飲費用,金錢,臺南市永康區****,,否,,,,,,,
308,黄肇輝,111年臺南市議員選舉,首次申報,1111121,雜支支出,佳昇食堂,,0.00,900.00,,,,餐飲費用,金錢,臺南市永康區****,,否,,,,,,,
309,黄肇輝,111年臺南市議員選舉,首次申報,1111121,宣傳支出,台灣新生報業股份有限公司,12880590,0.00,30000.00,,,,播放、傳送或刊登宣傳廣告費用,金錢,臺北市復興北****,,否,,,,,,,
310,黄肇輝,111年臺南市議員選舉,首次申報,1111121,租用宣傳車輛支出,元大加油站,16366686,0.00,1000.00,,,,宣傳車輛燃料費用,金錢,臺南市永康區****,,否,,,,,,,
311,黄肇輝,111年臺南市議員選舉,首次申報,1111121,雜支支出,統一超商,51709371,0.00,193.00,,,,餐飲費用,金錢,臺南市永康區****,,否,,,,,,,
312,黄肇輝,111年臺南市議員選舉,首次申報,1111121,雜支支出,船野日式炸蝦飯永康營業所,89062817,0.00,700.00,,,,餐飲費用,金錢,臺南市永康區****,06-2*****,否,,,,,,,
313,黄肇輝,111年臺南市議員選舉,首次申報,1111121,租用宣傳車輛支出,吳銘相,R10*******,0.00,5000.00,,,,宣傳車輛燃料費用,金錢,臺南市山上區****,,否,,,,,,,
314,黄肇輝,111年臺南市議員選舉,首次申報,1111122,雜支支出,陳家榆,,0.00,362.00,,,,餐飲費用,金錢,臺南市永康區****,,否,,,,,,,
315,黄肇輝,111年臺南市議員選舉,首次申報,1111122,雜支支出,樸啄豆乳雞,,0.00,950.00,,,,餐飲費用,金錢,臺南市東區光****,,否,,,,,,,
316,黄肇輝,111年臺南市議員選舉,首次申報,1111122,雜支支出,貓舌頭小籠包,85763598,0.00,1400.00,,,,餐飲費用,金錢,臺南市北區和****,0980*****,否,,,,,,,
317,黄肇輝,111年臺南市議員選舉,首次申報,1111122,租用宣傳車輛支出,獵狐無線電器材有限公司,86087440,0.00,783.00,,,,其他與租用宣傳車輛有關之費用,金錢,臺南市中西區****,,否,,,,,,,
318,黄肇輝,111年臺南市議員選舉,首次申報,1111122,宣傳支出,成達企業社,99507022,0.00,5000.00,,,,播放、傳送或刊登宣傳廣告費用,金錢,臺南市新營區****,,否,,,,,,,
319,黄肇輝,111年臺南市議員選舉,首次申報,1111123,雜支支出,小東臭臭鍋,,0.00,1610.00,,,,餐飲費用,金錢,臺南市永康區****,06-3*****,否,,,,,,,
320,黄肇輝,111年臺南市議員選舉,首次申報,1111123,雜支支出,小東臭臭鍋,,0.00,1610.00,,,,餐飲費用,金錢,臺南市永康區****,06-3*****,否,,,,,,,
321,黄肇輝,111年臺南市議員選舉,首次申報,1111123,雜支支出,萬客樓,10738725,0.00,1300.00,,,,餐飲費用,金錢,臺南市東區林****,,否,,,,,,,
322,黄肇輝,111年臺南市議員選舉,首次申報,1111123,雜支支出,上尚商行,13202232,0.00,21.00,,,,文具用品費用,金錢,臺南市永康區****,06-2*****,否,,,,,,,
323,黄肇輝,111年臺南市議員選舉,首次申報,1111123,租用宣傳車輛支出,元大加油站,16366686,0.00,1000.00,,,,宣傳車輛燃料費用,金錢,臺南市永康區****,,否,,,,,,,
324,黄肇輝,111年臺南市議員選舉,首次申報,1111123,租用宣傳車輛支出,元大加油站,16366686,0.00,1160.00,,,,宣傳車輛燃料費用,金錢,臺南市永康區****,,否,,,,,,,
325,黄肇輝,111年臺南市議員選舉,首次申報,1111123,租用宣傳車輛支出,崇北生活館有限公司,28648373,0.00,2543.00,,,,其他與租用宣傳車輛有關之費用,金錢,臺南市北區長****,,否,,,,,,,
326,黄肇輝,111年臺南市議員選舉,首次申報,1111123,雜支支出,熊族安全帽,47812774,0.00,5000.00,,,,雜項購置或修繕費用,金錢,臺南市中西區****,,否,,,,,,,
327,黄肇輝,111年臺南市議員選舉,首次申報,1111123,租用宣傳車輛支出,墾億電子材料行,69427260,0.00,6220.00,,,,其他與租用宣傳車輛有關之費用,金錢,臺南市中西區****,,否,,,,,,,
328,黄肇輝,111年臺南市議員選舉,首次申報,1111123,雜支支出,麥當勞永康大灣,70792390,0.00,453.00,,,,餐飲費用,金錢,臺南市永康區****,,否,,,,,,,
329,黄肇輝,111年臺南市議員選舉,首次申報,1111123,雜支支出,佳昇食堂,85935261,0.00,90.00,,,,餐飲費用,金錢,臺南市永康區****,06-2*****,否,,,,,,,
330,黄肇輝,111年臺南市議員選舉,首次申報,1111123,租用宣傳車輛支出,電子有限公司,86557033,0.00,4200.00,,,,其他與租用宣傳車輛有關之費用,金錢,臺南市中西區****,,否,,,,,,,
331,黄肇輝,111年臺南市議員選舉,首次申報,1111123,雜支支出,遠馨肉粽,93877785,0.00,1250.00,,,,餐飲費用,金錢,臺南市南區南****,,否,,,,,,,
332,黄肇輝,111年臺南市議員選舉,首次申報,1111124,租用宣傳車輛支出,墾億電子材料行,69427260,0.00,1800.00,,,,其他與租用宣傳車輛有關之費用,金錢,臺南市中西區****,,否,,,,,,,
333,黄肇輝,111年臺南市議員選舉,首次申報,1111124,雜支支出,佳昇食堂,85935261,0.00,2730.00,,,,餐飲費用,金錢,臺南市永康區****,06-2*****,否,,,,,,,
334,黄肇輝,111年臺南市議員選舉,首次申報,1111124,租用宣傳車輛支出,美和電子企業有限公司,86418814,0.00,1428.00,,,,其他與租用宣傳車輛有關之費用,金錢,臺南市中西區****,,否,,,,,,,
335,黄肇輝,111年臺南市議員選舉,首次申報,1111124,雜支支出,沅盛職人茶飲,88988396,0.00,484.00,,,,餐飲費用,金錢,臺南市永康區****,,否,,,,,,,
336,黄肇輝,111年臺南市議員選舉,首次申報,1111125,雜支支出,陳家榆,,0.00,2000.00,,,,餐飲費用,金錢,臺南市永康區****,,否,,,,,,,
337,黄肇輝,111年臺南市議員選舉,首次申報,1111125,雜支支出,饗宴,10820978,0.00,8372.00,,,,餐飲費用,金錢,臺南市東區中****,06-2*****,否,,,,,,,
338,黄肇輝,111年臺南市議員選舉,首次申報,1111125,租用宣傳車輛支出,元大加油站,16366686,0.00,1000.00,,,,宣傳車輛燃料費用,金錢,臺南市永康區****,,否,,,,,,,
339,黄肇輝,111年臺南市議員選舉,首次申報,1111125,雜支支出,50嵐台南大灣店,26448309,0.00,540.00,,,,餐飲費用,金錢,臺南市永康區****,,否,,,,,,,
340,黄肇輝,111年臺南市議員選舉,首次申報,1111125,雜支支出,麥當勞,70792390,0.00,620.00,,,,餐飲費用,金錢,臺南市永康區****,,否,,,,,,,
341,黄肇輝,111年臺南市議員選舉,首次申報,1111125,人事費用支出,陳彥達,R12*******,0.00,14200.00,,,,工資或薪津,金錢,臺南市新化區****,,否,,,,,,,
342,黄肇輝,111年臺南市議員選舉,首次申報,1111126,雜支支出,全聯福利中永康復國店,27935448,0.00,490.00,,,,餐飲費用,金錢,臺南市永康區****,,否,,,,,,,
343,黄肇輝,111年臺南市議員選舉,首次申報,1111126,雜支支出,天鳳有限公司,54060052,0.00,40.00,,,,文具用品費用,金錢,臺南市永康區****,,否,,,,,,,
344,黄肇輝,111年臺南市議員選舉,首次申報,1111126,雜支支出,天鳳有限公司,54060052,0.00,408.00,,,,文具用品費用,金錢,臺南市永康區****,,否,,,,,,,
345,黄肇輝,111年臺南市議員選舉,首次申報,1111126,雜支支出,全宇五金百貨永康門市,81484455,0.00,25.00,,,,雜項購置或修繕費用,金錢,臺南市永康區****,,否,,,,,,,
346,黄肇輝,111年臺南市議員選舉,首次申報,1111126,雜支支出,永員企業有限公司,86387615,0.00,245.00,,,,雜項購置或修繕費用,金錢,臺南市永康區****,,否,,,,,,,
347,黄肇輝,111年臺南市議員選舉,首次申報,1111126,雜支支出,燦坤3C,91055685,0.00,1019.00,,,,雜項購置或修繕費用,金錢,臺南市永康區****,,否,,,,,,,
348,黄肇輝,111年臺南市議員選舉,首次申報,1111129,雜支支出,天鳳有限公司,54060052,0.00,158.00,,,,文具用品費用,金錢,臺南市永康區****,,否,,,,,,,
349,黄肇輝,111年臺南市議員選舉,首次申報,1111129,雜支支出,中華電信,69109906,0.00,965.00,,,,電信費用,金錢,臺南市中西區****,,否,,,,,,,
350,黄肇輝,111年臺南市議員選舉,首次申報,1111130,雜支支出,三楓企業社,17980648,0.00,12470.00,,,,紅白帖布製作,金錢,臺南市安南區****,,否,,,,,,,
351,黄肇輝,111年臺南市議員選舉,首次申報,1111130,宣傳支出,亞特攝影廣告社,21665988,0.00,12000.00,,,,製作競選物品或宣傳廣告費用,金錢,臺南市北區公****,,否,,,,,,,
352,黄肇輝,111年臺南市議員選舉,首次申報,1111130,雜支支出,永大路加油站,24406769,0.00,835.00,,,,汽機車燃料費用,金錢,臺南市永康區****,,否,,,,,,,
353,黄肇輝,111年臺南市議員選舉,首次申報,1111130,人事費用支出,蔡勝羢,N12*******,0.00,15600.00,,,,工資或薪津,金錢,彰化縣彰化市****,,否,,,,,,,
354,黄肇輝,111年臺南市議員選舉,首次申報,1111130,人事費用支出,楊家祐,R12*******,0.00,18900.00,,,,工資或薪津,金錢,臺南市新化區****,,否,,,,,,,
355,黄肇輝,111年臺南市議員選舉,首次申報,1111201,雜支支出,冠華數位影印店,36674943,0.00,300.00,,,,文具用品費用,金錢,臺南市永康區****,06-2*****,否,,,,,,,
356,黄肇輝,111年臺南市議員選舉,首次申報,1111201,人事費用支出,鄭至斌,D12*******,0.00,36000.00,,,,工資或薪津,金錢,臺南市永康區****,,否,,,,,,,
357,黄肇輝,111年臺南市議員選舉,首次申報,1111201,租用宣傳車輛支出,林健富,D12*******,0.00,41350.00,,,,雇用宣傳車輛駕駛費用,金錢,臺南市仁德區****,,否,,,,,,,
358,黄肇輝,111年臺南市議員選舉,首次申報,1111201,租用宣傳車輛支出,吳武麥,R10*******,0.00,43250.00,,,,雇用宣傳車輛駕駛費用,金錢,臺南市東區中****,,否,,,,,,,
359,黄肇輝,111年臺南市議員選舉,首次申報,1111201,租用宣傳車輛支出,楊得安,R12*******,0.00,36450.00,,,,雇用宣傳車輛駕駛費用,金錢,臺南市永康區****,,否,,,,,,,
360,黄肇輝,111年臺南市議員選舉,首次申報,1111201,租用宣傳車輛支出,蔡定哲,R12*******,0.00,42300.00,,,,雇用宣傳車輛駕駛費用,金錢,臺南市東區仁****,,否,,,,,,,
361,黄肇輝,111年臺南市議員選舉,首次申報,1111201,租用宣傳車輛支出,羅雅惠,R22*******,0.00,41550.00,,,,雇用宣傳車輛駕駛費用,金錢,臺南市關廟區****,,否,,,,,,,
362,黄肇輝,111年臺南市議員選舉,首次申報,1111201,租用宣傳車輛支出,林孟勳,S10*******,0.00,32250.00,,,,雇用宣傳車輛駕駛費用,金錢,臺南市學甲區****,,否,,,,,,,
363,黄肇輝,111年臺南市議員選舉,首次申報,1111202,租用宣傳車輛支出,吳銘相,R10*******,0.00,35100.00,,,,雇用宣傳車輛駕駛費用,金錢,臺南市山上區****,,否,,,,,,,
364,黄肇輝,111年臺南市議員選舉,首次申報,1111203,雜支支出,康里安,,0.00,657.00,,,,餐飲費用,金錢,臺南市永康區****,,否,,,,,,,
365,黄肇輝,111年臺南市議員選舉,首次申報,1111203,雜支支出,久井加油站,36876693,0.00,700.00,,,,汽機車燃料費用,金錢,臺南市永康區****,,否,,,,,,,
366,黄肇輝,111年臺南市議員選舉,首次申報,1111204,雜支支出,台灣中油,74024317,0.00,1000.00,,,,汽機車燃料費用,金錢,臺南市西港區****,,否,,,,,,,
367,黄肇輝,111年臺南市議員選舉,首次申報,1111206,租用宣傳車輛支出,尊客汽車美容,,0.00,2500.00,,,,其他與租用宣傳車輛有關之費用,金錢,臺南市永康區****,,否,,,,,,,
368,黄肇輝,111年臺南市議員選舉,首次申報,1111207,雜支支出,中華郵政大灣郵局,,0.00,60.00,,,,郵資,金錢,臺南市永康區****,,否,,,,,,,
369,黄肇輝,111年臺南市議員選舉,首次申報,1111207,雜支支出,中華郵政崑山郵局,,0.00,59.00,,,,郵資,金錢,臺南市永康區****,,否,,,,,,,
370,黄肇輝,111年臺南市議員選舉,首次申報,1111207,雜支支出,中華電信,69109906,0.00,32649.00,,,,電信費用,金錢,臺南市中西區****,,否,,,,,,,
371,黄肇輝,111年臺南市議員選舉,首次申報,1111207,雜支支出,台灣中油大灣站,73696646,0.00,1000.00,,,,汽機車燃料費用,金錢,臺南市永康區****,,否,,,,,,,
372,黄肇輝,111年臺南市議員選舉,首次申報,1111208,雜支支出,楊鈺宸,,0.00,4603.00,,,,水電瓦斯費用,金錢,臺南市永康區****,,否,,,,,,,
373,黄肇輝,111年臺南市議員選舉,首次申報,1111208,雜支支出,容旺商行,10193998,0.00,165.00,,,,雜項購置或修繕費用,金錢,臺南市永康區****,06-2*****,否,,,,,,,
374,黄肇輝,111年臺南市議員選舉,首次申報,1111208,雜支支出,鑫福外燴,47832764,0.00,114480.00,,,,餐飲費用,金錢,臺南市佳里區****,,否,,,,,,,
375,黄肇輝,111年臺南市議員選舉,首次申報,1111208,雜支支出,永康市花卉服務中心,67928513,0.00,5000.00,,,,盆花,金錢,臺南市永康區****,06-2*****,否,,,,,,,
376,黄肇輝,111年臺南市議員選舉,首次申報,1111208,雜支支出,麒麟商行,70900877,0.00,2518.00,,,,餐飲費用,金錢,臺南市永康區****,06-2*****,否,,,,,,,
377,黄肇輝,111年臺南市議員選舉,首次申報,1111208,雜支支出,全宇五金百貨永康門市,81484455,0.00,147.00,,,,雜項購置或修繕費用,金錢,臺南市永康區****,,否,,,,,,,
378,黄肇輝,111年臺南市議員選舉,首次申報,1111208,宣傳支出,施英俊,S12*******,0.00,10000.00,,,,演講或表演費用,金錢,臺南市永康區****,,否,,,,,,,
379,黄肇輝,111年臺南市議員選舉,首次申報,1111209,雜支支出,宏昇鎖店,21975800,0.00,150.00,,,,雜項購置或修繕費用,金錢,臺南市永康區****,,否,,,,,,,
380,黄肇輝,111年臺南市議員選舉,首次申報,1111210,雜支支出,統一精工,17831731,0.00,1000.00,,,,汽機車燃料費用,金錢,臺南市永康區****,,否,,,,,,,
381,黄肇輝,111年臺南市議員選舉,首次申報,1111212,雜支支出,宏昇鎖店,21975800,0.00,100.00,,,,雜項購置或修繕費用,金錢,臺南市永康區****,,否,,,,,,,
382,黄肇輝,111年臺南市議員選舉,首次申報,1111213,雜支支出,郵資,,0.00,88.00,,,,中華郵政崑山,金錢,臺南市永康區****,,否,,,,,,,
383,黄肇輝,111年臺南市議員選舉,首次申報,1111213,雜支支出,宏昇鎖店,21975800,0.00,500.00,,,,文具用品費用,金錢,臺南市永康區****,06-2*****,否,,,,,,,
384,黄肇輝,111年臺南市議員選舉,首次申報,1111213,雜支支出,全宇五金百貨永康門市,81484455,0.00,40.00,,,,雜項購置或修繕費用,金錢,臺南市永康區****,,否,,,,,,,
385,黄肇輝,111年臺南市議員選舉,首次申報,1111214,租用宣傳車輛支出,元大加油站,16366686,0.00,1250.00,,,,宣傳車輛燃料費用,金錢,臺南市永康區****,,否,,,,,,,
386,黄肇輝,111年臺南市議員選舉,首次申報,1111217,宣傳支出,林聖翔,F12*******,0.00,53455.00,,,,播放、傳送或刊登宣傳廣告費用,金錢,臺南市永康區****,,否,,,,,,,
387,黄肇輝,111年臺南市議員選舉,首次申報,1111219,雜支支出,中華郵政崑山郵局,,0.00,67.00,,,,郵資,金錢,臺南市永康區****,,否,,,,,,,
388,黄肇輝,111年臺南市議員選舉,首次申報,1111220,雜支支出,中華郵政崑山郵局,,0.00,43.00,,,,郵資,金錢,臺南市永康區****,,否,,,,,,,
389,黄肇輝,111年臺南市議員選舉,首次申報,1111220,宣傳支出,富順美工廣告社,06567740,0.00,70000.00,,,,租用廣告看板或車體廣告費用,金錢,臺南市麻豆區****,,否,,,,,,,
390,黄肇輝,111年臺南市議員選舉,首次申報,1111220,宣傳支出,青春廣播電台股份有限公司,13073883,0.00,112000.00,,,,播放、傳送或刊登宣傳廣告費用,金錢,臺南市北區臨****,,否,,,,,,,
391,黄肇輝,111年臺南市議員選舉,首次申報,1111221,雜支支出,中華郵政崑山郵局,,0.00,56.00,,,,郵資,金錢,臺南市永康區****,,否,,,,,,,
392,黄肇輝,111年臺南市議員選舉,首次申報,1111221,雜支支出,全宇五金百貨行永康門市,81484455,0.00,1270.00,,,,雜項購置或修繕費用,金錢,臺南市永康區****,,否,,,,,,,
393,黄肇輝,111年臺南市議員選舉,首次申報,1111225,宣傳支出,富順美工廣告社,06567740,0.00,61500.00,,,,租用廣告看板或車體廣告費用,金錢,臺南市麻豆區****,,否,,,,,,,
394,黄肇輝,111年臺南市議員選舉,首次申報,1111225,宣傳支出,集立廣告社,10140971,0.00,379050.00,,,,租用廣告看板或車體廣告費用,金錢,臺南市南區明****,0627*****,否,,,,,,,
395,黄肇輝,111年臺南市議員選舉,首次申報,1111225,雜支支出,自在軒,47794353,0.00,180.00,,,,餐飲費用,金錢,臺南市永康區****,,否,,,,,,,
