﻿序號,擬參選人／政黨,選舉名稱,申報序號／年度,交易日期,收支科目,捐贈者／支出對象,身分證／統一編號,收入金額,支出金額,支出用途,金錢類,地址,聯絡電話,資料更正日期
1,蘇清泉,107年縣(市)長選舉,首次申報,1070711,個人捐贈收入,陳行健,,1000.00,0.00,,金錢,,08-7*****,
2,蘇清泉,107年縣(市)長選舉,首次申報,1070716,個人捐贈收入,曾梓展,T12*******,20000.00,0.00,,金錢,,,
3,蘇清泉,107年縣(市)長選舉,首次申報,1070720,個人捐贈收入,林正家,,2000.00,0.00,,金錢,,08-7*****,
4,蘇清泉,107年縣(市)長選舉,首次申報,1070803,個人捐贈收入,賴水妹,E20*******,6000.00,0.00,,金錢,高雄市鳳山區****,,
5,蘇清泉,107年縣(市)長選舉,首次申報,1070803,個人捐贈收入,馮欽源,T12*******,6000.00,0.00,,金錢,屏東縣鹽埔鄉****,,
6,蘇清泉,107年縣(市)長選舉,首次申報,1070806,個人捐贈收入,陳哲炤,,3000.00,0.00,,金錢,,03-2*****,
7,蘇清泉,107年縣(市)長選舉,首次申報,1070806,匿名捐贈,賴力豪,,1500.00,0.00,,金錢,,,
8,蘇清泉,107年縣(市)長選舉,首次申報,1070806,個人捐贈收入,洪若谷,E12*******,100000.00,0.00,,金錢,高雄市鼓山區****,0919*****,
9,蘇清泉,107年縣(市)長選舉,首次申報,1070807,個人捐贈收入,謝明裕,,6000.00,0.00,,金錢,,07-3*****,
10,蘇清泉,107年縣(市)長選舉,首次申報,1070807,個人捐贈收入,曾美雲,,10000.00,0.00,,金錢,,0910*****,
11,蘇清泉,107年縣(市)長選舉,首次申報,1070807,匿名捐贈,匿名,,6000.00,0.00,,金錢,,,
12,蘇清泉,107年縣(市)長選舉,首次申報,1070808,個人捐贈收入,蘇進興,,5000.00,0.00,,金錢,,0963*****,
13,蘇清泉,107年縣(市)長選舉,首次申報,1070808,個人捐贈收入,許炎墩,,2000.00,0.00,,金錢,,0922*****,
14,蘇清泉,107年縣(市)長選舉,首次申報,1070808,個人捐贈收入,洪華進,,10000.00,0.00,,金錢,,0937*****,
15,蘇清泉,107年縣(市)長選舉,首次申報,1070808,個人捐贈收入,曹金耀,Z10*******,100000.00,0.00,,金錢,臺中市南屯區****,0935*****,
16,蘇清泉,107年縣(市)長選舉,首次申報,1070809,個人捐贈收入,蔡東烜,,20000.00,0.00,,金錢,,0977*****,
17,蘇清泉,107年縣(市)長選舉,首次申報,1070809,個人捐贈收入,尤春惠,,2000.00,0.00,,金錢,,0912*****,
18,蘇清泉,107年縣(市)長選舉,首次申報,1070814,個人捐贈收入,詹雅棋,,1000.00,0.00,,金錢,,07-2*****,
19,蘇清泉,107年縣(市)長選舉,首次申報,1070815,匿名捐贈,匿名,,10000.00,0.00,,金錢,,,
20,蘇清泉,107年縣(市)長選舉,首次申報,1070816,個人捐贈收入,黃俊翰,,10000.00,0.00,,金錢,,0938*****,
21,蘇清泉,107年縣(市)長選舉,首次申報,1070816,個人捐贈收入,劉鎧維,,10000.00,0.00,,金錢,,0953*****,
22,蘇清泉,107年縣(市)長選舉,首次申報,1070816,個人捐贈收入,林中仁,,10000.00,0.00,,金錢,,0932*****,
23,蘇清泉,107年縣(市)長選舉,首次申報,1070816,個人捐贈收入,林志達,,10000.00,0.00,,金錢,,0919*****,
24,蘇清泉,107年縣(市)長選舉,首次申報,1070816,個人捐贈收入,張瑞生,,10000.00,0.00,,金錢,,0963*****,
25,蘇清泉,107年縣(市)長選舉,首次申報,1070816,個人捐贈收入,曾煥琦,,10000.00,0.00,,金錢,,0938*****,
26,蘇清泉,107年縣(市)長選舉,首次申報,1070816,個人捐贈收入,莊遠溢,,5000.00,0.00,,金錢,,0963*****,
27,蘇清泉,107年縣(市)長選舉,首次申報,1070816,個人捐贈收入,賴武宏,,5000.00,0.00,,金錢,,0939*****,
28,蘇清泉,107年縣(市)長選舉,首次申報,1070816,個人捐贈收入,陸見益,,5000.00,0.00,,金錢,,0913*****,
29,蘇清泉,107年縣(市)長選舉,首次申報,1070816,個人捐贈收入,林明安,,2000.00,0.00,,金錢,,08-7*****,
30,蘇清泉,107年縣(市)長選舉,首次申報,1070816,個人捐贈收入,李啟賢,T12*******,10000.00,0.00,,金錢,,,
31,蘇清泉,107年縣(市)長選舉,首次申報,1070820,個人捐贈收入,鄭俊余,,10000.00,0.00,,金錢,,0937*****,
32,蘇清泉,107年縣(市)長選舉,首次申報,1070820,個人捐贈收入,陳中茂,,5000.00,0.00,,金錢,,0931*****,
33,蘇清泉,107年縣(市)長選舉,首次申報,1070820,匿名捐贈,彭茂華,,1000.00,0.00,,金錢,,,
34,蘇清泉,107年縣(市)長選舉,首次申報,1070820,個人捐贈收入,朱益宏,A12*******,50000.00,0.00,,金錢,臺北市大安區****,02-2*****,
35,蘇清泉,107年縣(市)長選舉,首次申報,1070822,個人捐贈收入,許勝吉,T10*******,60000.00,0.00,,金錢,屏東縣東港鎮****,0920*****,
36,蘇清泉,107年縣(市)長選舉,首次申報,1070822,個人捐贈收入,許馨方,T22*******,60000.00,0.00,,金錢,臺北市萬華區****,0963*****,
37,蘇清泉,107年縣(市)長選舉,首次申報,1070828,個人捐贈收入,許耀庚,G10*******,10000.00,0.00,,金錢,宜蘭縣羅東仁****,,
38,蘇清泉,107年縣(市)長選舉,首次申報,1070830,個人捐贈收入,許佳文,,10000.00,0.00,,金錢,,0919*****,
39,蘇清泉,107年縣(市)長選舉,首次申報,1070903,個人捐贈收入,龔范蓮理,T20*******,10000.00,0.00,,金錢,屏東縣恆春鎮****,08-8*****,
40,蘇清泉,107年縣(市)長選舉,首次申報,1070903,個人捐贈收入,龔月貞,T22*******,10000.00,0.00,,金錢,屏東縣恆春鎮****,08-8*****,
41,蘇清泉,107年縣(市)長選舉,首次申報,1070905,個人捐贈收入,吳金貴,T22*******,10000.00,0.00,,金錢,,0983*****,
42,蘇清泉,107年縣(市)長選舉,首次申報,1070907,營利事業捐贈收入,巨翼機電有限公司,80730319,30000.00,0.00,,金錢,桃園市龜山區****,,
43,蘇清泉,107年縣(市)長選舉,首次申報,1070907,個人捐贈收入,魏崢,N10*******,30000.00,0.00,,金錢,臺北市北投區****,02-2*****,
44,蘇清泉,107年縣(市)長選舉,首次申報,1070910,個人捐贈收入,嵇幹,S10*******,2000.00,0.00,,金錢,,,
45,蘇清泉,107年縣(市)長選舉,首次申報,1070914,個人捐贈收入,金世朋,,10000.00,0.00,,金錢,臺北市大安區****,02-2*****,
46,蘇清泉,107年縣(市)長選舉,首次申報,1070915,匿名捐贈,ATM,,10000.00,0.00,,金錢,,,
47,蘇清泉,107年縣(市)長選舉,首次申報,1070917,營利事業捐贈收入,寶建醫療社團法人,10441934,100000.00,0.00,,金錢,屏東縣屏東市****,,
48,蘇清泉,107年縣(市)長選舉,首次申報,1070917,個人捐贈收入,陳森基,M10*******,100000.00,0.00,,金錢,屏東縣屏東市****,08-7*****,
49,蘇清泉,107年縣(市)長選舉,首次申報,1070918,個人捐贈收入,方品蓉,D20*******,10000.00,0.00,,金錢,新北市中和區****,0926*****,
50,蘇清泉,107年縣(市)長選舉,首次申報,1070918,個人捐贈收入,張正勝,P10*******,10000.00,0.00,,金錢,臺北市中正區****,0935*****,
51,蘇清泉,107年縣(市)長選舉,首次申報,1070918,個人捐贈收入,潘鐿方,T22*******,100000.00,0.00,,金錢,屏東縣東港鎮****,0932*****,
52,蘇清泉,107年縣(市)長選舉,首次申報,1070919,營利事業捐贈收入,益仔海產小吃部,91889075,50000.00,0.00,,金錢,屏東縣東港鎮****,08-8*****,
53,蘇清泉,107年縣(市)長選舉,首次申報,1070919,個人捐贈收入,楊大立,E12*******,10000.00,0.00,,金錢,高雄市小港區****,07-8*****,
54,蘇清泉,107年縣(市)長選舉,首次申報,1070920,匿名捐贈,張月芳,,1000.00,0.00,,金錢,,,
55,蘇清泉,107年縣(市)長選舉,首次申報,1070920,匿名捐贈,張均,,1000.00,0.00,,金錢,,,
56,蘇清泉,107年縣(市)長選舉,首次申報,1070921,匿名捐贈,ATM,,147.00,0.00,,金錢,,,
57,蘇清泉,107年縣(市)長選舉,首次申報,1070925,人民團體捐贈收入,屏東縣醫師公會,,500000.00,0.00,,金錢,屏東市林森路****,7220*****,
58,蘇清泉,107年縣(市)長選舉,首次申報,1070926,個人捐贈收入,陳金鈴,,10000.00,0.00,,金錢,,08-8*****,
59,蘇清泉,107年縣(市)長選舉,首次申報,1070926,個人捐贈收入,楊秀珍,,1000.00,0.00,,金錢,臺北市內湖區****,0917*****,
60,蘇清泉,107年縣(市)長選舉,首次申報,1070926,個人捐贈收入,藍崇道,,100.00,0.00,,金錢,,0963*****,
61,蘇清泉,107年縣(市)長選舉,首次申報,1070926,個人捐贈收入,宋榮宗,,6600.00,0.00,,金錢,,8320*****,
62,蘇清泉,107年縣(市)長選舉,首次申報,1070926,個人捐贈收入,蔡明忠,E12*******,200000.00,0.00,,金錢,彰化縣鹿港鎮****,0918*****,
63,蘇清泉,107年縣(市)長選舉,首次申報,1070926,個人捐贈收入,楊致瑋,E12*******,100000.00,0.00,,金錢,高雄市前鎮區****,07-3*****,
64,蘇清泉,107年縣(市)長選舉,首次申報,1070927,個人捐贈收入,蘇芷芬,,20000.00,0.00,,金錢,,02-2*****,
65,蘇清泉,107年縣(市)長選舉,首次申報,1070927,個人捐贈收入,藍崇道,,100.00,0.00,,金錢,,0963*****,
66,蘇清泉,107年縣(市)長選舉,首次申報,1070927,個人捐贈收入,王智彥,E12*******,100000.00,0.00,,金錢,高雄市苓雅區****,0915*****,
67,蘇清泉,107年縣(市)長選舉,首次申報,1070927,個人捐贈收入,邵政達,E12*******,100000.00,0.00,,金錢,高雄市鹽埕區****,0929*****,
68,蘇清泉,107年縣(市)長選舉,首次申報,1070927,個人捐贈收入,張純愷,F12*******,100000.00,0.00,,金錢,桃園市桃園區****,0986*****,
69,蘇清泉,107年縣(市)長選舉,首次申報,1070927,個人捐贈收入,黃俊博,Q12*******,100000.00,0.00,,金錢,新北市永和區****,0986*****,
70,蘇清泉,107年縣(市)長選舉,首次申報,1070928,個人捐贈收入,洪進元,,10000.00,0.00,,金錢,,08-8*****,
71,蘇清泉,107年縣(市)長選舉,首次申報,1070928,個人捐贈收入,蘇秋華,,10000.00,0.00,,金錢,,08-8*****,
72,蘇清泉,107年縣(市)長選舉,首次申報,1070928,個人捐贈收入,張山輝,,20000.00,0.00,,金錢,,07-5*****,
73,蘇清泉,107年縣(市)長選舉,首次申報,1071001,個人捐贈收入,洪東煒,,20000.00,0.00,,金錢,,0928*****,
74,蘇清泉,107年縣(市)長選舉,首次申報,1071001,個人捐贈收入,蘇榮煌,,6000.00,0.00,,金錢,,08-8*****,
75,蘇清泉,107年縣(市)長選舉,首次申報,1071001,個人捐贈收入,蘇娜鴻,,6000.00,0.00,,金錢,,08-8*****,
76,蘇清泉,107年縣(市)長選舉,首次申報,1071001,個人捐贈收入,戴張月英,,10000.00,0.00,,金錢,,7329*****,
77,蘇清泉,107年縣(市)長選舉,首次申報,1071001,匿名捐贈,ATM,,500.00,0.00,,金錢,,,
78,蘇清泉,107年縣(市)長選舉,首次申報,1071002,個人捐贈收入,李清復,,20000.00,0.00,,金錢,屏東縣林邊鄉****,0922*****,
79,蘇清泉,107年縣(市)長選舉,首次申報,1071003,個人捐贈收入,周美珠,,10000.00,0.00,,金錢,新北市中和區****,0912*****,
80,蘇清泉,107年縣(市)長選舉,首次申報,1071003,個人捐贈收入,藍毅生,B12*******,100000.00,0.00,,金錢,臺中市烏日區****,0937*****,
81,蘇清泉,107年縣(市)長選舉,首次申報,1071004,匿名捐贈,CDM,,3000.00,0.00,,金錢,,,
82,蘇清泉,107年縣(市)長選舉,首次申報,1071004,營利事業捐贈收入,常春藤生技股份有限公司,28744158,500000.00,0.00,,金錢,桃園市中壢區****,03-4*****,
83,蘇清泉,107年縣(市)長選舉,首次申報,1071005,個人捐贈收入,黃成宏,,5000.00,0.00,,金錢,屏東縣潮州鎮****,08-7*****,
84,蘇清泉,107年縣(市)長選舉,首次申報,1071005,個人捐贈收入,邱永森,,10000.00,0.00,,金錢,,02-2*****,
85,蘇清泉,107年縣(市)長選舉,首次申報,1071005,個人捐贈收入,蘇錦夥,,20000.00,0.00,,金錢,臺北市羅斯福****,02-2*****,
86,蘇清泉,107年縣(市)長選舉,首次申報,1071005,個人捐贈收入,陳誼芬,C22*******,100000.00,0.00,,金錢,新竹市五股區****,0955*****,
87,蘇清泉,107年縣(市)長選舉,首次申報,1071005,個人捐贈收入,黃惠雯,E22*******,10000.00,0.00,,金錢,,0925*****,
88,蘇清泉,107年縣(市)長選舉,首次申報,1071008,個人捐贈收入,康美霞,,1000.00,0.00,,金錢,,08-8*****,
89,蘇清泉,107年縣(市)長選舉,首次申報,1071008,個人捐贈收入,黃全福,,10000.00,0.00,,金錢,屏東縣枋寮鄉****,08-8*****,
90,蘇清泉,107年縣(市)長選舉,首次申報,1071008,營利事業捐贈收入,茂景有限公司,23292606,200000.00,0.00,,金錢,臺北市大同區****,,
91,蘇清泉,107年縣(市)長選舉,首次申報,1071008,營利事業捐贈收入,一路順交通有限公司,76322001,20000.00,0.00,,金錢,高雄市大社區****,0928*****,
92,蘇清泉,107年縣(市)長選舉,首次申報,1071008,個人捐贈收入,許曜麒,F12*******,100000.00,0.00,,金錢,基隆市七堵區****,0913*****,
93,蘇清泉,107年縣(市)長選舉,首次申報,1071008,個人捐贈收入,周思源,J10*******,66000.00,0.00,,金錢,臺中市北區高****,0930*****,
94,蘇清泉,107年縣(市)長選舉,首次申報,1071009,個人捐贈收入,許譯仁,,10000.00,0.00,,金錢,,08-8*****,
95,蘇清泉,107年縣(市)長選舉,首次申報,1071009,個人捐贈收入,郭朱正,A12*******,100000.00,0.00,,金錢,桃園市蘆竹區****,0938*****,
96,蘇清泉,107年縣(市)長選舉,首次申報,1071011,個人捐贈收入,陳晟康,,20000.00,0.00,,金錢,,(未知)*****,
97,蘇清泉,107年縣(市)長選舉,首次申報,1071015,個人捐贈收入,邱淑瑩,,10000.00,0.00,,金錢,,0926*****,
98,蘇清泉,107年縣(市)長選舉,首次申報,1071016,個人捐贈收入,張添和,T10*******,10000.00,0.00,,金錢,屏東縣東港鎮****,08-8*****,
99,蘇清泉,107年縣(市)長選舉,首次申報,1071018,個人捐贈收入,許祝鳳,A22*******,50000.00,0.00,,金錢,臺北市大同區****,,
100,蘇清泉,107年縣(市)長選舉,首次申報,1071018,個人捐贈收入,謝許梅雀,T20*******,100000.00,0.00,,金錢,屏東縣東港鎮****,08-8*****,
101,蘇清泉,107年縣(市)長選舉,首次申報,1071019,個人捐贈收入,張清雲,D10*******,100000.00,0.00,,金錢,高雄市苓雅區****,0958*****,
102,蘇清泉,107年縣(市)長選舉,首次申報,1071022,個人捐贈收入,嚴大中,F10*******,1688.00,0.00,,金錢,高雄市三民區****,0935*****,
103,蘇清泉,107年縣(市)長選舉,首次申報,1071022,個人捐贈收入,蔡朝吉,T10*******,50000.00,0.00,,金錢,屏東縣東港鎮****,08-8*****,
104,蘇清泉,107年縣(市)長選舉,首次申報,1071022,個人捐贈收入,林良明,T10*******,10000.00,0.00,,金錢,屏東縣新園鄉****,0932*****,
105,蘇清泉,107年縣(市)長選舉,首次申報,1071023,個人捐贈收入,林澄崑,,10000.00,0.00,,金錢,臺南市東區崇****,0982*****,
106,蘇清泉,107年縣(市)長選舉,首次申報,1071024,營利事業捐贈收入,巨基環保企業股份有限公司,27439476,100000.00,0.00,,金錢,屏東縣萬丹鄉****,08-7*****,
107,蘇清泉,107年縣(市)長選舉,首次申報,1071024,營利事業捐贈收入,國朧科技有限公司,53268940,30000.00,0.00,,金錢,高雄市大寮區****,07-7*****,
108,蘇清泉,107年縣(市)長選舉,首次申報,1071024,營利事業捐贈收入,芝利企業股份有限公司,97469022,200000.00,0.00,,金錢,臺北市信義區****,02-2*****,
109,蘇清泉,107年縣(市)長選舉,首次申報,1071024,個人捐贈收入,吳文欽,E12*******,50000.00,0.00,,金錢,高雄市前鎮區****,0931*****,
110,蘇清泉,107年縣(市)長選舉,首次申報,1071025,人民團體捐贈收入,社團法人屏東縣牙醫師公會,,100000.00,0.00,,金錢,屏東市和生路****,7239*****,
111,蘇清泉,107年縣(市)長選舉,首次申報,1071025,個人捐贈收入,林德福,T12*******,12000.00,0.00,,金錢,屏東縣竹田鄉****,08-7*****,
112,蘇清泉,107年縣(市)長選舉,首次申報,1071030,人民團體捐贈收入,高雄市中山醫學大學校友會,,20000.00,0.00,,金錢,高雄市左營區****,3502*****,
113,蘇清泉,107年縣(市)長選舉,首次申報,1071030,個人捐贈收入,羅清屏,T10*******,20000.00,0.00,,金錢,高雄市鳳山區****,07-3*****,
114,蘇清泉,107年縣(市)長選舉,首次申報,1071101,個人捐贈收入,趙致成,,20000.00,0.00,,金錢,屏東縣新園鄉****,,
115,蘇清泉,107年縣(市)長選舉,首次申報,1071101,營利事業捐贈收入,三豪科技有限公司,28503637,92800.00,0.00,,非金錢,高雄市鳳山區****,07-7*****,
116,蘇清泉,107年縣(市)長選舉,首次申報,1071101,營利事業捐贈收入,台裕化學製藥廠股份有限公司,47066452,200000.00,0.00,,金錢,新竹縣竹東鎮****,03-5*****,
117,蘇清泉,107年縣(市)長選舉,首次申報,1071102,個人捐贈收入,林泰田,,10000.00,0.00,,金錢,屏東縣新園鄉****,08-8*****,
118,蘇清泉,107年縣(市)長選舉,首次申報,1071105,個人捐贈收入,蘇信惠,T22*******,10000.00,0.00,,金錢,高雄市三民區****,07-3*****,
119,蘇清泉,107年縣(市)長選舉,首次申報,1071106,個人捐贈收入,康經星,,1688.00,0.00,,金錢,高雄市小港區****,,
120,蘇清泉,107年縣(市)長選舉,首次申報,1071108,個人捐贈收入,蘇主恩,B10*******,100000.00,0.00,,金錢,臺中市東區進****,04-2*****,
121,蘇清泉,107年縣(市)長選舉,首次申報,1071108,個人捐贈收入,許令儀,B22*******,50000.00,0.00,,金錢,臺北市內湖區****,0920*****,
122,蘇清泉,107年縣(市)長選舉,首次申報,1071112,個人捐贈收入,張榮春,,20000.00,0.00,,金錢,屏東縣屏東市****,0956*****,
123,蘇清泉,107年縣(市)長選舉,首次申報,1071112,個人捐贈收入,王慈惠,A22*******,2000.00,0.00,,金錢,新北市永和區****,0920*****,
124,蘇清泉,107年縣(市)長選舉,首次申報,1071112,個人捐贈收入,陳中柱,M10*******,100000.00,0.00,,金錢,高雄市新興區****,07-2*****,
125,蘇清泉,107年縣(市)長選舉,首次申報,1071112,個人捐贈收入,黎淑櫻,T22*******,30000.00,0.00,,金錢,屏東縣屏東市****,0921*****,
126,蘇清泉,107年縣(市)長選舉,首次申報,1071116,個人捐贈收入,洪福枝,,10000.00,0.00,,金錢,屏東縣潮州鎮****,08-7*****,
127,蘇清泉,107年縣(市)長選舉,首次申報,1071116,人民團體捐贈收入,台灣專科護理師學會,,50000.00,0.00,,金錢,新北市板橋區****,02-2*****,
128,蘇清泉,107年縣(市)長選舉,首次申報,1071119,個人捐贈收入,許晉魁,,3000.00,0.00,,金錢,屏東縣東港鎮****,08-8*****,
129,蘇清泉,107年縣(市)長選舉,首次申報,1071120,個人捐贈收入,陳銅興,,2000.00,0.00,,金錢,,0910*****,
130,蘇清泉,107年縣(市)長選舉,首次申報,1071121,個人捐贈收入,羅福全,T10*******,16800.00,0.00,,金錢,屏東縣東港鎮****,08-8*****,
131,蘇清泉,107年縣(市)長選舉,首次申報,1071122,個人捐贈收入,張根本,,1000.00,0.00,,金錢,彰化縣員林市****,0921*****,
132,蘇清泉,107年縣(市)長選舉,首次申報,1071122,匿名捐贈,陳慧文,,6800.00,0.00,,金錢,,,
133,蘇清泉,107年縣(市)長選舉,首次申報,1071122,個人捐贈收入,楊錦容,D20*******,2000.00,0.00,,金錢,屏東縣屏東市****,0988*****,
134,蘇清泉,107年縣(市)長選舉,首次申報,1071221,其他收入,利息收入,,35.00,0.00,,金錢,,,
