﻿序號,擬參選人／政黨,選舉名稱,申報序號／年度,交易日期,收支科目,捐贈者／支出對象,身分證／統一編號,收入金額,支出金額,捐贈方式,存入專戶日期,返還/繳庫,支出用途,金錢類,地址,聯絡電話,應揭露之支出對象,支出對象之內部人員姓名,支出對象之內部人員職稱,政黨之內部人員姓名,政黨之內部人員職稱,關係,更正註記,資料更正日期
1,張顥瀚,111年基隆市議員選舉,首次申報,1110511,租用競選辦事處支出,台灣電力公司,,0.00,435.00,,,,月電費,金錢,基隆市仁愛區****,,否,,,,,,,
2,張顥瀚,111年基隆市議員選舉,首次申報,1110511,租用競選辦事處支出,台灣自來水股份有限公司,,0.00,492.00,,,,月水費,金錢,基隆市中正區****,,否,,,,,,,
3,張顥瀚,111年基隆市議員選舉,首次申報,1110520,宣傳支出,米卡洛商店,,0.00,5000.00,,,,文宣品-手提袋,金錢,基隆市中正區****,,否,,,,,,,
4,張顥瀚,111年基隆市議員選舉,首次申報,1110531,公共關係費用支出,百鴻花店,76673012,0.00,6400.00,,,,婚喪喜慶花,金錢,基隆市中正區****,,否,,,,,,,
5,張顥瀚,111年基隆市議員選舉,首次申報,1110607,雜支支出,日本最大連鎖食堂,,0.00,257.00,,,,員工餐飲費,金錢,基隆市仁愛區****,,否,,,,,,,
6,張顥瀚,111年基隆市議員選舉,首次申報,1110621,租用競選辦事處支出,中華電信股份有限公司,,0.00,1712.00,,,,月份電信費,金錢,基隆市安樂區****,,否,,,,,,,
7,張顥瀚,111年基隆市議員選舉,首次申報,1110621,租用競選辦事處支出,中華電股分有限公司,,0.00,70.00,,,,月電信費,金錢,基隆市安樂區****,,否,,,,,,,
8,張顥瀚,111年基隆市議員選舉,首次申報,1110623,宣傳支出,色彩創意廣告印刷,24209562,0.00,9450.00,,,,選舉印刷品,金錢,新北市新莊區****,,否,,,,,,,
9,張顥瀚,111年基隆市議員選舉,首次申報,1110629,雜支支出,中華郵政,,0.00,76.00,,,,郵資,金錢,基隆市仁愛區****,,否,,,,,,,
10,張顥瀚,111年基隆市議員選舉,首次申報,1110630,公共關係費用支出,鑫隆商行,,0.00,8448.00,,,,為民服務費用,金錢,基隆市安樂區****,,否,,,,,,,
11,張顥瀚,111年基隆市議員選舉,首次申報,1110630,宣傳支出,米卡洛商店,,0.00,9990.00,,,,文宣品-手提袋,金錢,基隆市中正區****,,否,,,,,,,
12,張顥瀚,111年基隆市議員選舉,首次申報,1110630,公共關係費用支出,百鴻花店,76673012,0.00,4000.00,,,,婚喪喜慶花,金錢,基隆市中正區****,,否,,,,,,,
13,張顥瀚,111年基隆市議員選舉,首次申報,1110701,宣傳支出,袋來好禮有限公司,53381838,0.00,13696.00,,,,製作競選物品或宣傳廣告費用（日本扇）,金錢,彰化縣彰化市****,,否,,,,,,,
14,張顥瀚,111年基隆市議員選舉,首次申報,1110706,租用競選辦事處支出,中華電信股份有限公司,,0.00,70.00,,,,月電信費,金錢,基隆市安樂區****,,否,,,,,,,
15,張顥瀚,111年基隆市議員選舉,首次申報,1110706,租用競選辦事處支出,台灣自來水股份有限公司,,0.00,512.00,,,,月水費,金錢,基隆市中正區****,,否,,,,,,,
16,張顥瀚,111年基隆市議員選舉,首次申報,1110707,雜支支出,中華郵政,,0.00,28.00,,,,郵資,金錢,基隆市仁愛區****,,否,,,,,,,
17,張顥瀚,111年基隆市議員選舉,首次申報,1110708,雜支支出,中華郵政,,0.00,60.00,,,,郵資,金錢,基隆市仁愛區****,,否,,,,,,,
18,張顥瀚,111年基隆市議員選舉,首次申報,1110711,租用競選辦事處支出,中華電信股份有限公司,,0.00,1311.00,,,,月電信費,金錢,基隆市安樂區****,,否,,,,,,,
19,張顥瀚,111年基隆市議員選舉,首次申報,1110711,租用競選辦事處支出,台灣電力公司,,0.00,1731.00,,,,月電費,金錢,基隆市仁愛區****,,否,,,,,,,
20,張顥瀚,111年基隆市議員選舉,首次申報,1110712,雜支支出,統一集團,,0.00,118.00,,,,影印費,金錢,基隆市中正區****,,否,,,,,,,
21,張顥瀚,111年基隆市議員選舉,首次申報,1110714,雜支支出,統一集團,,0.00,91.00,,,,影印費,金錢,基隆市中正區****,,否,,,,,,,
22,張顥瀚,111年基隆市議員選舉,首次申報,1110714,雜支支出,中華郵政,,0.00,60.00,,,,郵資,金錢,基隆市仁愛區****,,否,,,,,,,
23,張顥瀚,111年基隆市議員選舉,首次申報,1110719,雜支支出,中華郵政,,0.00,36.00,,,,郵資,金錢,基隆市仁愛區****,,否,,,,,,,
24,張顥瀚,111年基隆市議員選舉,首次申報,1110719,雜支支出,洲際小吃店,,0.00,320.00,,,,員工餐費,金錢,基隆市仁愛區****,,否,,,,,,,
25,張顥瀚,111年基隆市議員選舉,首次申報,1110721,雜支支出,中華郵政,,0.00,60.00,,,,郵資,金錢,基隆市仁愛區****,,否,,,,,,,
26,張顥瀚,111年基隆市議員選舉,首次申報,1110728,宣傳支出,米卡洛商店,,0.00,9990.00,,,,文宣品-手提袋,金錢,基隆市中正區****,,否,,,,,,,
27,張顥瀚,111年基隆市議員選舉,首次申報,1110731,公共關係費用支出,鑫隆商行,,0.00,11808.00,,,,為民服務費用,金錢,基隆市安樂區****,,否,,,,,,,
28,張顥瀚,111年基隆市議員選舉,首次申報,1110731,公共關係費用支出,百鴻花店,76673012,0.00,3600.00,,,,婚喪喜慶花,金錢,基隆市中正區****,,否,,,,,,,
29,張顥瀚,111年基隆市議員選舉,首次申報,1110801,雜支支出,可不可熟成紅茶,,0.00,341.00,,,,員工餐費,金錢,基隆市仁愛區****,,否,,,,,,,
30,張顥瀚,111年基隆市議員選舉,首次申報,1110805,宣傳支出,袋來好禮有限公司,53381838,0.00,22811.00,,,,文宣品-扇子,金錢,彰化縣彰化市****,,否,,,,,,,
31,張顥瀚,111年基隆市議員選舉,首次申報,1110807,公共關係費用支出,永昌商號,,0.00,580.00,,,,聯誼交際費用,金錢,基隆市中正區****,,否,,,,,,,
32,張顥瀚,111年基隆市議員選舉,首次申報,1110809,租用競選辦事處支出,中華電信股份有限公司,,0.00,70.00,,,,月電信費,金錢,基隆市安樂區****,,否,,,,,,,
33,張顥瀚,111年基隆市議員選舉,首次申報,1110809,租用競選辦事處支出,中華電信股份有限公司,,0.00,1559.00,,,,月電信費,金錢,基隆市安樂區****,,否,,,,,,,
34,張顥瀚,111年基隆市議員選舉,首次申報,1110816,雜支支出,燦坤,,0.00,178.00,,,,延長線,金錢,基隆市仁愛區****,,否,,,,,,,
35,張顥瀚,111年基隆市議員選舉,首次申報,1110816,雜支支出,中華郵政,,0.00,92.00,,,,郵資,金錢,基隆市仁愛區****,,否,,,,,,,
36,張顥瀚,111年基隆市議員選舉,首次申報,1110816,雜支支出,亞搜商行,87537578,0.00,260.00,,,,餐飲費用,金錢,基隆市中正區****,,否,,,,,,,
37,張顥瀚,111年基隆市議員選舉,首次申報,1110817,雜支支出,台灣東利多(股)第一分公司,,0.00,229.00,,,,員工餐費,金錢,基隆市仁愛區****,,否,,,,,,,
38,張顥瀚,111年基隆市議員選舉,首次申報,1110822,雜支支出,統一集團,,0.00,60.00,,,,員工餐費,金錢,基隆市中正區****,,否,,,,,,,
39,張顥瀚,111年基隆市議員選舉,首次申報,1110822,雜支支出,統一集團,,0.00,60.00,,,,員工餐費,金錢,基隆市中正區****,,否,,,,,,,
40,張顥瀚,111年基隆市議員選舉,首次申報,1110825,集會支出,光丞廣告有限公司,,0.00,15120.00,,,,其他與集會有關之費用,金錢,新北市三芝區****,,否,,,,,,,
41,張顥瀚,111年基隆市議員選舉,首次申報,1110825,宣傳支出,色彩創意廣告印刷,24209562,0.00,9345.00,,,,選舉文宣品,金錢,新北市新莊區****,,否,,,,,,,
42,張顥瀚,111年基隆市議員選舉,首次申報,1110826,雜支支出,中華郵政,,0.00,92.00,,,,郵資,金錢,基隆市仁愛區****,,否,,,,,,,
43,張顥瀚,111年基隆市議員選舉,首次申報,1110828,宣傳支出,米卡洛商店,,0.00,10020.00,,,,文宣品-手提袋,金錢,基隆市中正區****,,否,,,,,,,
44,張顥瀚,111年基隆市議員選舉,首次申報,1110829,雜支支出,亞搜商行,87537578,0.00,260.00,,,,餐飲費用,金錢,基隆市中正區****,,否,,,,,,,
45,張顥瀚,111年基隆市議員選舉,首次申報,1110831,雜支支出,中華郵政,,0.00,70.00,,,,郵資,金錢,基隆市仁愛區****,,否,,,,,,,
46,張顥瀚,111年基隆市議員選舉,首次申報,1110831,雜支支出,中華郵政,,0.00,44.00,,,,郵資,金錢,基隆市仁愛區****,,否,,,,,,,
47,張顥瀚,111年基隆市議員選舉,首次申報,1110831,公共關係費用支出,鑫隆商行,,0.00,19968.00,,,,為民服務費用,金錢,基隆市安樂區****,,否,,,,,,,
48,張顥瀚,111年基隆市議員選舉,首次申報,1110901,雜支支出,McDonald's,,0.00,561.00,,,,餐飲費用,金錢,基隆市中正區****,,否,,,,,,,
49,張顥瀚,111年基隆市議員選舉,首次申報,1110902,宣傳支出,心雅服裝行,,0.00,4888.00,,,,製作競選物品或宣傳廣告費用（競選背心）,金錢,臺北市萬華區****,,否,,,,,,,
50,張顥瀚,111年基隆市議員選舉,首次申報,1110902,雜支支出,德總電腦有限公司,90849218,0.00,34000.00,,,,雜項購置或修繕費用,金錢,臺北市中正區****,,否,,,,,,,
51,張顥瀚,111年基隆市議員選舉,首次申報,1110906,雜支支出,中華郵政,,0.00,1200.00,,,,書報雜誌費用,金錢,基隆市仁愛區****,,否,,,,,,,
52,張顥瀚,111年基隆市議員選舉,首次申報,1110907,雜支支出,中華郵政,,0.00,28.00,,,,書報雜誌費用,金錢,基隆市仁愛區****,,否,,,,,,,
53,張顥瀚,111年基隆市議員選舉,首次申報,1110907,租用競選辦事處支出,中華電信股份有限公司,,0.00,70.00,,,,月電信費,金錢,基隆市安樂區****,,否,,,,,,,
54,張顥瀚,111年基隆市議員選舉,首次申報,1110907,租用競選辦事處支出,中華電信股份有限公司,,0.00,1320.00,,,,月電信費,金錢,基隆市安樂區****,,否,,,,,,,
55,張顥瀚,111年基隆市議員選舉,首次申報,1110907,雜支支出,台灣自來水股份有限公司,,0.00,394.00,,,,水電瓦斯費用,金錢,基隆市中正區****,,否,,,,,,,
56,張顥瀚,111年基隆市議員選舉,首次申報,1110907,雜支支出,八方小吃店,14432021,0.00,75.00,,,,餐飲費用,金錢,基隆市中正區****,,否,,,,,,,
57,張顥瀚,111年基隆市議員選舉,首次申報,1110912,雜支支出,McDonald's,,0.00,442.00,,,,餐飲費用,金錢,基隆市中正區****,,否,,,,,,,
58,張顥瀚,111年基隆市議員選舉,首次申報,1110913,雜支支出,中華郵政,,0.00,35.00,,,,書報雜誌費用,金錢,基隆市仁愛區****,,否,,,,,,,
59,張顥瀚,111年基隆市議員選舉,首次申報,1110915,雜支支出,中華郵政,,0.00,2469.00,,,,書報雜誌費用,金錢,基隆市仁愛區****,,否,,,,,,,
60,張顥瀚,111年基隆市議員選舉,首次申報,1110915,宣傳支出,心雅服裝行,,0.00,6137.00,,,,製作競選物品或宣傳廣告費用（競選背心）,金錢,臺北市萬華區****,,否,,,,,,,
61,張顥瀚,111年基隆市議員選舉,首次申報,1110915,雜支支出,九大文具連鎖,42866531,0.00,100.00,,,,文具用品費用,金錢,基隆市仁愛區****,,否,,,,,,,
62,張顥瀚,111年基隆市議員選舉,首次申報,1110915,雜支支出,九大文具連鎖,42866531,0.00,96.00,,,,文具用品費用,金錢,基隆市仁愛區****,,否,,,,,,,
63,張顥瀚,111年基隆市議員選舉,首次申報,1110915,雜支支出,誠信精品文具股份有限公司,53309230,0.00,144.00,,,,文具用品費用,金錢,基隆市仁愛區****,,否,,,,,,,
64,張顥瀚,111年基隆市議員選舉,首次申報,1110916,雜支支出,台灣電力公司,,0.00,5838.00,,,,水電瓦斯費用,金錢,基隆市仁愛區****,,否,,,,,,,
65,張顥瀚,111年基隆市議員選舉,首次申報,1110916,雜支支出,中華郵政,,0.00,28.00,,,,書報雜誌費用,金錢,基隆市仁愛區****,,否,,,,,,,
66,張顥瀚,111年基隆市議員選舉,首次申報,1110916,交通旅運支出,舞動陽光有限公司,82202975,0.00,15.00,,,,停車費,金錢,基隆市中正區****,,否,,,,,,,
67,張顥瀚,111年基隆市議員選舉,首次申報,1110919,宣傳支出,禮享家網路贈品股份有限公司,28888154,0.00,5810.00,,,,製作競選物品或宣傳廣告費用（競選背心）,金錢,新北市汐止區****,,否,,,,,,,
68,張顥瀚,111年基隆市議員選舉,首次申報,1110920,雜支支出,光南大批發,,0.00,384.00,,,,文具用品費用,金錢,基隆市仁愛區****,,否,,,,,,,
69,張顥瀚,111年基隆市議員選舉,首次申報,1110921,公共關係費用支出,大新餅店,,0.00,12000.00,,,,聯誼交際費用,金錢,基隆市中正區****,,否,,,,,,,
70,張顥瀚,111年基隆市議員選舉,首次申報,1110922,雜支支出,中華郵政,,0.00,36.00,,,,書報雜誌費用,金錢,基隆市仁愛區****,,否,,,,,,,
71,張顥瀚,111年基隆市議員選舉,首次申報,1110923,集會支出,基隆市環境保護局,,0.00,1600.00,,,,租用設備費用,金錢,基隆市信義區****,,否,,,,,,,
72,張顥瀚,111年基隆市議員選舉,首次申報,1110924,集會支出,天顯宮管理委員會,,0.00,6000.00,,,,其他與集會有關之費用,金錢,基隆市中正區****,,否,,,,,,,
73,張顥瀚,111年基隆市議員選舉,首次申報,1110924,雜支支出,鮮牧火鍋,,0.00,5151.00,,,,餐飲費用,金錢,基隆市仁愛區****,,否,,,,,,,
74,張顥瀚,111年基隆市議員選舉,首次申報,1110924,宣傳支出,天顯宮鼓團,,0.00,6000.00,,,,演講或表演費用,金錢,基隆市中正區****,,否,,,,,,,
75,張顥瀚,111年基隆市議員選舉,首次申報,1110924,宣傳支出,新豐姊姊,,0.00,2000.00,,,,演講或表演費用,金錢,基隆市中正區****,0930*****,否,,,,,,,
76,張顥瀚,111年基隆市議員選舉,首次申報,1110924,宣傳支出,社區大學新時代土風舞團,,0.00,2000.00,,,,演講或表演費用,金錢,基隆市中正區****,,否,,,,,,,
77,張顥瀚,111年基隆市議員選舉,首次申報,1110924,宣傳支出,朱峰鵬,C12*******,0.00,3000.00,,,,演講或表演費用,金錢,基隆市中山區****,,否,,,,,,,
78,張顥瀚,111年基隆市議員選舉,首次申報,1110927,雜支支出,綠咖,,0.00,880.00,,,,餐飲費用,金錢,臺北市大安區****,,否,,,,,,,
79,張顥瀚,111年基隆市議員選舉,首次申報,1110928,公共關係費用支出,世紀食品行,,0.00,2200.00,,,,文康活動費用,金錢,基隆市中正區****,,否,,,,,,,
80,張顥瀚,111年基隆市議員選舉,首次申報,1110929,雜支支出,揚名切麵店,,0.00,2160.00,,,,餐飲費用,金錢,基隆市信義區****,,否,,,,,,,
81,張顥瀚,111年基隆市議員選舉,首次申報,1110930,公共關係費用支出,鑫隆商行,,0.00,14592.00,,,,為民服務費用,金錢,基隆市安樂區****,,否,,,,,,,
82,張顥瀚,111年基隆市議員選舉,首次申報,1110930,公共關係費用支出,大新餅店,00676799,0.00,8400.00,,,,聯誼交際費用,金錢,基隆市中正區****,,否,,,,,,,
83,張顥瀚,111年基隆市議員選舉,首次申報,1110930,公共關係費用支出,百鴻花店,76673012,0.00,13600.00,,,,婚喪喜慶花,金錢,基隆市中正區****,,否,,,,,,,
84,張顥瀚,111年基隆市議員選舉,首次申報,1111001,雜支支出,10元精品屋,80878939,0.00,150.00,,,,文具用品費用,金錢,基隆市中正區****,,否,,,,,,,
85,張顥瀚,111年基隆市議員選舉,首次申報,1111003,宣傳支出,光丞廣告有限公司,28860043,0.00,2940.00,,,,製作競選物品或宣傳廣告費用（易拉展）,金錢,新北市三芝區****,,否,,,,,,,
86,張顥瀚,111年基隆市議員選舉,首次申報,1111007,人事費用支出,劉易輯,L12*******,0.00,765.00,,,,工資或薪津,金錢,基隆市中正區****,,否,,,,,,,
87,張顥瀚,111年基隆市議員選舉,首次申報,1111011,雜支支出,10元精品屋,80878939,0.00,600.00,,,,雜項購置或修繕費用（輕便雨衣）,金錢,基隆市中正區****,,否,,,,,,,
88,張顥瀚,111年基隆市議員選舉,首次申報,1111012,雜支支出,御園小吃店,85219062,0.00,670.00,,,,餐飲費用,金錢,基隆市仁愛區****,,否,,,,,,,
89,張顥瀚,111年基隆市議員選舉,首次申報,1111013,宣傳支出,中華郵政,,0.00,420.00,,,,郵寄競選物品或宣傳廣告費用,金錢,基隆市仁愛區****,,否,,,,,,,
90,張顥瀚,111年基隆市議員選舉,首次申報,1111013,公共關係費用支出,崗洋食品有限公司,54978574,0.00,1325.00,,,,聯誼交際費用,金錢,基隆市中正區****,,否,,,,,,,
91,張顥瀚,111年基隆市議員選舉,首次申報,1111014,宣傳支出,健豪印刷事業股份有限公司,,0.00,1665.00,,,,製作競選物品或宣傳廣告費用（紙本文宣）,金錢,臺中市西區忠****,,否,,,,,,,
92,張顥瀚,111年基隆市議員選舉,首次申報,1111017,雜支支出,鎖大夫行,00944654,0.00,110.00,,,,雜項購置或修繕費用,金錢,基隆市中正區****,,否,,,,,,,
93,張顥瀚,111年基隆市議員選舉,首次申報,1111017,雜支支出,好食雞小吃店,72821792,0.00,640.00,,,,餐飲費用,金錢,基隆市中正區****,,否,,,,,,,
94,張顥瀚,111年基隆市議員選舉,首次申報,1111017,雜支支出,十二堂小吃店,87331359,0.00,170.00,,,,餐飲費用,金錢,基隆市中正區****,,否,,,,,,,
95,張顥瀚,111年基隆市議員選舉,首次申報,1111018,雜支支出,大碗牛肉麵店,74833231,0.00,420.00,,,,餐飲費用,金錢,基隆市中正區****,,否,,,,,,,
96,張顥瀚,111年基隆市議員選舉,首次申報,1111019,雜支支出,十二堂小吃店,87331359,0.00,340.00,,,,餐飲費用,金錢,基隆市中正區****,,否,,,,,,,
97,張顥瀚,111年基隆市議員選舉,首次申報,1111020,宣傳支出,中華郵政,,0.00,140.00,,,,郵寄競選物品或宣傳廣告費用,金錢,基隆市仁愛區****,,否,,,,,,,
98,張顥瀚,111年基隆市議員選舉,首次申報,1111020,雜支支出,湯家小館,74844357,0.00,300.00,,,,餐飲費用,金錢,基隆市中正區****,,否,,,,,,,
99,張顥瀚,111年基隆市議員選舉,首次申報,1111020,人事費用支出,蔡雯婷,C22*******,0.00,3765.00,,,,工資或薪津,金錢,基隆市中正區****,0978*****,否,,,,,,,
100,張顥瀚,111年基隆市議員選舉,首次申報,1111021,宣傳支出,健豪印刷事業股份有限公司,,0.00,1785.00,,,,製作競選物品或宣傳廣告費用（紙本文宣）,金錢,臺中市西區忠****,,否,,,,,,,
101,張顥瀚,111年基隆市議員選舉,首次申報,1111021,宣傳支出,健豪印刷事業股份有限公司,,0.00,896.00,,,,製作競選物品或宣傳廣告費用（紙本文宣）,金錢,臺中市西區忠****,,否,,,,,,,
102,張顥瀚,111年基隆市議員選舉,首次申報,1111021,宣傳支出,健豪印刷事業股份有限公司,,0.00,14553.00,,,,製作競選物品或宣傳廣告費用（紙本文宣）,金錢,臺中市西區忠****,,否,,,,,,,
103,張顥瀚,111年基隆市議員選舉,首次申報,1111021,雜支支出,McDonald's,,0.00,522.00,,,,餐飲費用,金錢,基隆市中正區****,,否,,,,,,,
104,張顥瀚,111年基隆市議員選舉,首次申報,1111021,公共關係費用支出,台灣大創百貨(股)公司,37828191,0.00,98.00,,,,文康活動費用,金錢,基隆市仁愛區****,,否,,,,,,,
105,張顥瀚,111年基隆市議員選舉,首次申報,1111021,雜支支出,春興水餃店,81825566,0.00,690.00,,,,餐飲費用,金錢,基隆市中正區****,,否,,,,,,,
106,張顥瀚,111年基隆市議員選舉,首次申報,1111023,交通旅運支出,台灣中油,76665060,0.00,1100.00,,,,油資,金錢,基隆市中正區****,,否,,,,,,,
107,張顥瀚,111年基隆市議員選舉,首次申報,1111025,宣傳支出,健豪印刷事業股份有限公司,,0.00,222.00,,,,製作競選物品或宣傳廣告費用（紙本文宣）,金錢,臺中市西區忠****,,否,,,,,,,
108,張顥瀚,111年基隆市議員選舉,首次申報,1111025,雜支支出,九大文具連鎖,42866531,0.00,738.00,,,,文具用品費用,金錢,基隆市仁愛區****,,否,,,,,,,
109,張顥瀚,111年基隆市議員選舉,首次申報,1111025,交通旅運支出,舞動陽光有限公司,82202975,0.00,15.00,,,,停車費,金錢,基隆市中正區****,,否,,,,,,,
110,張顥瀚,111年基隆市議員選舉,首次申報,1111026,雜支支出,鴻麒小吃店,26138803,0.00,500.00,,,,餐飲費用,金錢,基隆市仁愛區****,,否,,,,,,,
111,張顥瀚,111年基隆市議員選舉,首次申報,1111026,宣傳支出,創造焦點,47383485,0.00,200000.00,,,,演講或表演費用,金錢,臺北市中正區****,,否,,,,,,,
112,張顥瀚,111年基隆市議員選舉,首次申報,1111027,雜支支出,中華電信股份有限公司,,0.00,1437.00,,,,網際網路費用,金錢,基隆市安樂區****,,否,,,,,,,
113,張顥瀚,111年基隆市議員選舉,首次申報,1111027,雜支支出,中華電信股份有限公司,,0.00,70.00,,,,電信費用,金錢,基隆市安樂區****,,否,,,,,,,
114,張顥瀚,111年基隆市議員選舉,首次申報,1111027,雜支支出,洲際小吃店,18295548,0.00,320.00,,,,餐飲費用,金錢,基隆市仁愛區****,,否,,,,,,,
115,張顥瀚,111年基隆市議員選舉,首次申報,1111027,交通旅運支出,舞動陽光有限公司,82202975,0.00,15.00,,,,停車費,金錢,基隆市中正區****,,否,,,,,,,
116,張顥瀚,111年基隆市議員選舉,首次申報,1111027,人事費用支出,劉易輯,L12*******,0.00,1020.00,,,,工資或薪津,金錢,基隆市中正區****,0980*****,否,,,,,,,
117,張顥瀚,111年基隆市議員選舉,首次申報,1111028,雜支支出,佛緣居,,0.00,450.00,,,,餐飲費用,金錢,基隆市中正區****,,否,,,,,,,
118,張顥瀚,111年基隆市議員選舉,首次申報,1111028,宣傳支出,中華郵政,,0.00,168.00,,,,郵寄競選物品或宣傳廣告費用,金錢,基隆市仁愛區****,,否,,,,,,,
119,張顥瀚,111年基隆市議員選舉,首次申報,1111028,公共關係費用支出,全聯福利中心,,0.00,284.00,,,,文康活動費用,金錢,基隆市中正區****,,否,,,,,,,
120,張顥瀚,111年基隆市議員選舉,首次申報,1111028,公共關係費用支出,崗洋食品有限公司,54978574,0.00,5670.00,,,,聯誼交際費用,金錢,基隆市中正區****,,否,,,,,,,
121,張顥瀚,111年基隆市議員選舉,首次申報,1111031,公共關係費用支出,百鴻花店,76673012,0.00,15000.00,,,,婚喪喜慶花,金錢,基隆市中正區****,,否,,,,,,,
122,張顥瀚,111年基隆市議員選舉,首次申報,1111031,公共關係費用支出,鑫隆商行,80886451,0.00,16224.00,,,,為民服務費用,金錢,基隆市安樂區****,,否,,,,,,,
123,張顥瀚,111年基隆市議員選舉,首次申報,1111107,雜支支出,十二堂小吃店,87331359,0.00,240.00,,,,餐飲費用,金錢,基隆市中正區****,,否,,,,,,,
124,張顥瀚,111年基隆市議員選舉,首次申報,1111108,雜支支出,貞美味小吃店,87327812,0.00,300.00,,,,餐飲費用,金錢,基隆市中正區****,,否,,,,,,,
125,張顥瀚,111年基隆市議員選舉,首次申報,1111108,雜支支出,十二堂小吃店,87331359,0.00,525.00,,,,餐飲費用,金錢,基隆市中正區****,,否,,,,,,,
126,張顥瀚,111年基隆市議員選舉,首次申報,1111108,雜支支出,McDonald's,90078393,0.00,431.00,,,,餐飲費用,金錢,基隆市中正區****,,否,,,,,,,
127,張顥瀚,111年基隆市議員選舉,首次申報,1111109,宣傳支出,中華郵政,,0.00,60.00,,,,郵寄競選物品或宣傳廣告費用,金錢,基隆市仁愛區****,,否,,,,,,,
128,張顥瀚,111年基隆市議員選舉,首次申報,1111109,宣傳支出,健豪印刷事業股份有限公司,,0.00,588.00,,,,製作競選物品或宣傳廣告費用（紙本文宣）,金錢,臺中市西區忠****,,否,,,,,,,
129,張顥瀚,111年基隆市議員選舉,首次申報,1111109,雜支支出,光南大批發,53618670,0.00,89.00,,,,文具用品費用,金錢,基隆市仁愛區****,,否,,,,,,,
130,張顥瀚,111年基隆市議員選舉,首次申報,1111109,雜支支出,春興水餃店,81825566,0.00,1500.00,,,,餐飲費用,金錢,基隆市中正區****,,否,,,,,,,
131,張顥瀚,111年基隆市議員選舉,首次申報,1111110,雜支支出,台灣電力公司,,0.00,3110.00,,,,水電瓦斯費用,金錢,基隆市仁愛區****,,否,,,,,,,
132,張顥瀚,111年基隆市議員選舉,首次申報,1111110,雜支支出,台灣自來水股份有限公司,,0.00,261.00,,,,水電瓦斯費用,金錢,基隆市中正區****,,否,,,,,,,
133,張顥瀚,111年基隆市議員選舉,首次申報,1111110,雜支支出,中華電信股份有限公司,,0.00,70.00,,,,電信費用,金錢,基隆市安樂區****,,否,,,,,,,
134,張顥瀚,111年基隆市議員選舉,首次申報,1111110,雜支支出,中華電信股份有限公司,,0.00,1448.00,,,,網際網路費用,金錢,基隆市安樂區****,,否,,,,,,,
135,張顥瀚,111年基隆市議員選舉,首次申報,1111110,集會支出,昌玉金香舖,00795654,0.00,1500.00,,,,其他與集會有關之費用,金錢,基隆市中正區****,,否,,,,,,,
136,張顥瀚,111年基隆市議員選舉,首次申報,1111110,雜支支出,貞美味小吃店,87327812,0.00,320.00,,,,餐飲費用,金錢,基隆市中正區****,,否,,,,,,,
137,張顥瀚,111年基隆市議員選舉,首次申報,1111110,人事費用支出,蔡雯婷,C22*******,0.00,7305.00,,,,工資或薪津,金錢,基隆市中正區****,0978*****,否,,,,,,,
138,張顥瀚,111年基隆市議員選舉,首次申報,1111111,集會支出,基隆覺修宮管理委員會,,0.00,3000.00,,,,其他與集會有關之費用,金錢,基隆市中正區****,,否,,,,,,,
139,張顥瀚,111年基隆市議員選舉,首次申報,1111111,宣傳支出,碧海擎天社區,,0.00,600.00,,,,播放、傳送或刊登宣傳廣告費用,金錢,基隆市中正區****,,否,,,,,,,
140,張顥瀚,111年基隆市議員選舉,首次申報,1111111,雜支支出,慶有餘麵食館,,0.00,315.00,,,,餐飲費用,金錢,基隆市中正區****,,否,,,,,,,
141,張顥瀚,111年基隆市議員選舉,首次申報,1111112,宣傳支出,海中天社區管理委員會,,0.00,600.00,,,,播放、傳送或刊登宣傳廣告費用,金錢,基隆市中正區****,,否,,,,,,,
142,張顥瀚,111年基隆市議員選舉,首次申報,1111112,雜支支出,清心福全,31967322,0.00,102.00,,,,餐飲費用,金錢,基隆市中正區****,,否,,,,,,,
143,張顥瀚,111年基隆市議員選舉,首次申報,1111113,宣傳支出,健豪印刷事業股份有限公司,,0.00,463.00,,,,製作競選物品或宣傳廣告費用（紙本文宣）,金錢,臺中市西區忠****,,否,,,,,,,
144,張顥瀚,111年基隆市議員選舉,首次申報,1111113,宣傳支出,健豪印刷事業股份有限公司,,0.00,1029.00,,,,製作競選物品或宣傳廣告費用（紙本文宣）,金錢,臺中市西區忠****,,否,,,,,,,
145,張顥瀚,111年基隆市議員選舉,首次申報,1111113,宣傳支出,健豪印刷事業股份有限公司,,0.00,1029.00,,,,製作競選物品或宣傳廣告費用（紙本文宣）,金錢,臺中市西區忠****,,否,,,,,,,
146,張顥瀚,111年基隆市議員選舉,首次申報,1111113,雜支支出,慶有餘麵食館,,0.00,750.00,,,,餐飲費用,金錢,基隆市中正區****,,否,,,,,,,
147,張顥瀚,111年基隆市議員選舉,首次申報,1111113,雜支支出,十二堂小吃店,87331359,0.00,320.00,,,,餐飲費用,金錢,基隆市中正區****,,否,,,,,,,
148,張顥瀚,111年基隆市議員選舉,首次申報,1111114,宣傳支出,健豪印刷事業股份有限公司,,0.00,1400.00,,,,製作競選物品或宣傳廣告費用（紙本文宣）,金錢,臺中市西區忠****,,否,,,,,,,
149,張顥瀚,111年基隆市議員選舉,首次申報,1111114,宣傳支出,健豪印刷事業股份有限公司,,0.00,3455.00,,,,製作競選物品或宣傳廣告費用（紙本文宣）,金錢,臺中市西區忠****,,否,,,,,,,
150,張顥瀚,111年基隆市議員選舉,首次申報,1111114,雜支支出,易品便當店,00954300,0.00,400.00,,,,餐飲費用,金錢,基隆市中正區****,,否,,,,,,,
151,張顥瀚,111年基隆市議員選舉,首次申報,1111114,雜支支出,鴻麒小吃店,26138803,0.00,500.00,,,,餐飲費用,金錢,基隆市仁愛區****,,否,,,,,,,
152,張顥瀚,111年基隆市議員選舉,首次申報,1111115,雜支支出,十二堂小吃店,87331359,0.00,400.00,,,,餐飲費用,金錢,基隆市中正區****,,否,,,,,,,
153,張顥瀚,111年基隆市議員選舉,首次申報,1111116,雜支支出,鴻麒小吃店,26138803,0.00,880.00,,,,餐飲費用,金錢,基隆市仁愛區****,,否,,,,,,,
154,張顥瀚,111年基隆市議員選舉,首次申報,1111116,雜支支出,十二堂小吃店,87331359,0.00,450.00,,,,餐飲費用,金錢,基隆市中正區****,,否,,,,,,,
155,張顥瀚,111年基隆市議員選舉,首次申報,1111116,雜支支出,昇業興國際餐飲有限公司,90615669,0.00,670.00,,,,餐飲費用,金錢,臺北市大安區****,,否,,,,,,,
156,張顥瀚,111年基隆市議員選舉,首次申報,1111117,雜支支出,統一集團,,0.00,91.00,,,,餐飲費用,金錢,基隆市中正區****,,否,,,,,,,
157,張顥瀚,111年基隆市議員選舉,首次申報,1111117,雜支支出,紘麒小吃店,26138803,0.00,2500.00,,,,餐飲費用,金錢,基隆市仁愛區****,,否,,,,,,,
158,張顥瀚,111年基隆市議員選舉,首次申報,1111117,集會支出,昌隆香行,74844119,0.00,2100.00,,,,其他與集會有關之費用,金錢,基隆市中正區****,,否,,,,,,,
159,張顥瀚,111年基隆市議員選舉,首次申報,1111117,集會支出,昌隆香行,74844119,0.00,2800.00,,,,其他與集會有關之費用,金錢,基隆市中正區****,,否,,,,,,,
160,張顥瀚,111年基隆市議員選舉,首次申報,1111117,交通旅運支出,台灣中油,76665060,0.00,1000.00,,,,油資,金錢,基隆市中正區****,,否,,,,,,,
161,張顥瀚,111年基隆市議員選舉,首次申報,1111117,交通旅運支出,舞動陽光有限公司,82202975,0.00,30.00,,,,停車費,金錢,基隆市中正區****,,否,,,,,,,
162,張顥瀚,111年基隆市議員選舉,首次申報,1111118,雜支支出,鴻麒小吃店,26138803,0.00,2500.00,,,,餐飲費用,金錢,基隆市仁愛區****,,否,,,,,,,
163,張顥瀚,111年基隆市議員選舉,首次申報,1111118,雜支支出,藝宣佛具店,31480980,0.00,8000.00,,,,餐飲費用,金錢,基隆市中正區****,,否,,,,,,,
164,張顥瀚,111年基隆市議員選舉,首次申報,1111118,租用宣傳車輛支出,藝宣佛具店,31480980,0.00,8000.00,,,,其他與租用宣傳車輛有關之費用（鼓車）,金錢,基隆市中正區****,,否,,,,,,,
165,張顥瀚,111年基隆市議員選舉,首次申報,1111118,雜支支出,全家超商,54380885,0.00,82.00,,,,餐飲費用,金錢,基隆市中正區****,,否,,,,,,,
166,張顥瀚,111年基隆市議員選舉,首次申報,1111118,雜支支出,貞美味小吃店,87327812,0.00,500.00,,,,餐飲費用,金錢,基隆市中正區****,,否,,,,,,,
167,張顥瀚,111年基隆市議員選舉,首次申報,1111119,雜支支出,劉記豆漿店,26558488,0.00,550.00,,,,餐飲費用,金錢,基隆市中正區****,,否,,,,,,,
168,張顥瀚,111年基隆市議員選舉,首次申報,1111119,雜支支出,好食雞小吃店,72821792,0.00,580.00,,,,餐飲費用,金錢,基隆市中正區****,,否,,,,,,,
169,張顥瀚,111年基隆市議員選舉,首次申報,1111119,交通旅運支出,台灣中油,76665060,0.00,1000.00,,,,油資,金錢,基隆市中正區****,,否,,,,,,,
170,張顥瀚,111年基隆市議員選舉,首次申報,1111119,交通旅運支出,舞動陽光有限公司,82202975,0.00,375.00,,,,停車費,金錢,基隆市中正區****,,否,,,,,,,
171,張顥瀚,111年基隆市議員選舉,首次申報,1111120,雜支支出,非常機車行,,0.00,299.00,,,,雜項購置或修繕費用,金錢,基隆市仁愛區****,,否,,,,,,,
172,張顥瀚,111年基隆市議員選舉,首次申報,1111120,雜支支出,六石麵店,72824616,0.00,1650.00,,,,餐飲費用,金錢,基隆市中正區****,,否,,,,,,,
173,張顥瀚,111年基隆市議員選舉,首次申報,1111120,雜支支出,統一集團,84709181,0.00,396.00,,,,雜項購置或修繕費用,金錢,基隆市中正區****,,否,,,,,,,
174,張顥瀚,111年基隆市議員選舉,首次申報,1111121,宣傳支出,中華郵政,,0.00,44.00,,,,郵寄競選物品或宣傳廣告費用,金錢,基隆市仁愛區****,,否,,,,,,,
175,張顥瀚,111年基隆市議員選舉,首次申報,1111121,雜支支出,優豆小吃店,37758391,0.00,719.00,,,,餐飲費用,金錢,基隆市信義區****,,否,,,,,,,
176,張顥瀚,111年基隆市議員選舉,首次申報,1111121,雜支支出,六石麵店,72824616,0.00,500.00,,,,餐飲費用,金錢,基隆市中正區****,,否,,,,,,,
177,張顥瀚,111年基隆市議員選舉,首次申報,1111121,集會支出,昌隆香行,74844119,0.00,4200.00,,,,其他與集會有關之費用,金錢,基隆市中正區****,,否,,,,,,,
178,張顥瀚,111年基隆市議員選舉,首次申報,1111121,交通旅運支出,台灣中油,76665060,0.00,1000.00,,,,油資,金錢,基隆市中正區****,,否,,,,,,,
179,張顥瀚,111年基隆市議員選舉,首次申報,1111122,雜支支出,福欣行,50585197,0.00,373.00,,,,餐飲費用,金錢,基隆市中正區****,,否,,,,,,,
180,張顥瀚,111年基隆市議員選舉,首次申報,1111122,雜支支出,大碗牛肉麵店,74833231,0.00,420.00,,,,餐飲費用,金錢,基隆市中正區****,,否,,,,,,,
181,張顥瀚,111年基隆市議員選舉,首次申報,1111122,集會支出,10元精品屋,80878939,0.00,115.00,,,,其他與集會有關之費用,金錢,基隆市中正區****,,否,,,,,,,
182,張顥瀚,111年基隆市議員選舉,首次申報,1111123,宣傳支出,中華郵政,,0.00,112.00,,,,郵寄競選物品或宣傳廣告費用,金錢,基隆市仁愛區****,,否,,,,,,,
183,張顥瀚,111年基隆市議員選舉,首次申報,1111123,雜支支出,霸味小吃,14443300,0.00,1640.00,,,,餐飲費用,金錢,基隆市中正區****,,否,,,,,,,
184,張顥瀚,111年基隆市議員選舉,首次申報,1111123,雜支支出,鴻麒小吃店,26138803,0.00,1875.00,,,,餐飲費用,金錢,基隆市仁愛區****,,否,,,,,,,
185,張顥瀚,111年基隆市議員選舉,首次申報,1111123,交通旅運支出,聯展加油站實業有限公司,27304483,0.00,985.00,,,,油資,金錢,基隆市信義區****,,否,,,,,,,
186,張顥瀚,111年基隆市議員選舉,首次申報,1111123,租用宣傳車輛支出,全方位汽車商行,30256871,0.00,12000.00,,,,租用宣傳車輛費用,金錢,基隆市信義區****,,否,,,,,,,
187,張顥瀚,111年基隆市議員選舉,首次申報,1111123,租用宣傳車輛支出,藝宣佛具店,31480980,0.00,8000.00,,,,其他與租用宣傳車輛有關之費用（鼓車）,金錢,基隆市中正區****,,否,,,,,,,
188,張顥瀚,111年基隆市議員選舉,首次申報,1111123,宣傳支出,順發實業社,38833453,0.00,684.00,,,,其他與選舉宣傳有關之費用,金錢,基隆市中正區****,,否,,,,,,,
189,張顥瀚,111年基隆市議員選舉,首次申報,1111123,雜支支出,貞美味小吃店,87327812,0.00,600.00,,,,餐飲費用,金錢,基隆市中正區****,,否,,,,,,,
190,張顥瀚,111年基隆市議員選舉,首次申報,1111123,雜支支出,中船茶館,91625026,0.00,370.00,,,,餐飲費用,金錢,基隆市中正區****,,否,,,,,,,
191,張顥瀚,111年基隆市議員選舉,首次申報,1111124,雜支支出,佛緣居,,0.00,1110.00,,,,餐飲費用,金錢,基隆市中正區****,,否,,,,,,,
192,張顥瀚,111年基隆市議員選舉,首次申報,1111124,宣傳支出,統一速達股份有限公司,18303152,0.00,130.00,,,,製作競選物品或宣傳廣告費用（紙本文宣運費）,金錢,基隆市中正區****,,否,,,,,,,
193,張顥瀚,111年基隆市議員選舉,首次申報,1111124,雜支支出,OK超商,27253978,0.00,515.00,,,,雜項購置或修繕費用,金錢,基隆市中正區****,,否,,,,,,,
194,張顥瀚,111年基隆市議員選舉,首次申報,1111124,宣傳支出,光丞廣告有限公司,28860043,0.00,3759.00,,,,製作競選物品或宣傳廣告費用（旗幟）,金錢,新北市三芝區****,,否,,,,,,,
195,張顥瀚,111年基隆市議員選舉,首次申報,1111124,宣傳支出,光丞廣告有限公司,28860043,0.00,34650.00,,,,製作競選物品或宣傳廣告費用（布條）,金錢,新北市三芝區****,,否,,,,,,,
196,張顥瀚,111年基隆市議員選舉,首次申報,1111124,集會支出,10元精品屋,80878939,0.00,1000.00,,,,其他與集會有關之費用,金錢,基隆市中正區****,,否,,,,,,,
197,張顥瀚,111年基隆市議員選舉,首次申報,1111124,交通旅運支出,舞動陽光有限公司,82202975,0.00,75.00,,,,停車費,金錢,基隆市中正區****,,否,,,,,,,
198,張顥瀚,111年基隆市議員選舉,首次申報,1111124,雜支支出,築間幸福鍋物,83043526,0.00,3322.00,,,,餐飲費用,金錢,基隆市信義區****,,否,,,,,,,
199,張顥瀚,111年基隆市議員選舉,首次申報,1111124,宣傳支出,練安穎,A22*******,0.00,8000.00,,,,演講或表演費用,金錢,新北市板橋區****,,否,,,,,,,
200,張顥瀚,111年基隆市議員選舉,首次申報,1111125,雜支支出,美聯社,54393306,0.00,25.00,,,,餐飲費用,金錢,基隆市中正區****,,否,,,,,,,
201,張顥瀚,111年基隆市議員選舉,首次申報,1111125,交通旅運支出,台灣中油,76665060,0.00,1080.00,,,,油資,金錢,基隆市中正區****,,否,,,,,,,
202,張顥瀚,111年基隆市議員選舉,首次申報,1111125,雜支支出,海上鮮小吃店,80873786,0.00,5590.00,,,,餐飲費用,金錢,基隆市信義區****,,否,,,,,,,
203,張顥瀚,111年基隆市議員選舉,首次申報,1111125,公共關係費用支出,鑫隆商行,80886451,0.00,7680.00,,,,為民服務費用,金錢,基隆市安樂區****,,否,,,,,,,
204,張顥瀚,111年基隆市議員選舉,首次申報,1111125,交通旅運支出,舞動陽光有限公司,82202975,0.00,75.00,,,,停車費,金錢,基隆市中正區****,,否,,,,,,,
205,張顥瀚,111年基隆市議員選舉,首次申報,1111125,雜支支出,龜記茗品,90271411,0.00,473.00,,,,餐飲費用,金錢,基隆市仁愛區****,,否,,,,,,,
206,張顥瀚,111年基隆市議員選舉,首次申報,1111125,宣傳支出,許順發,C12*******,0.00,2000.00,,,,演講或表演費用,金錢,基隆市安樂區****,,否,,,,,,,
207,張顥瀚,111年基隆市議員選舉,首次申報,1111125,宣傳支出,王智用,R12*******,0.00,2000.00,,,,演講或表演費用,金錢,基隆市中正區****,,否,,,,,,,
208,張顥瀚,111年基隆市議員選舉,首次申報,1111127,租用宣傳車輛支出,全方位汽車商行,30256871,0.00,6000.00,,,,租用宣傳車輛費用,金錢,基隆市信義區****,,否,,,,,,,
209,張顥瀚,111年基隆市議員選舉,首次申報,1111127,租用宣傳車輛支出,藝宣佛具店,31480980,0.00,8000.00,,,,其他與租用宣傳車輛有關之費用（鼓車）,金錢,基隆市中正區****,,否,,,,,,,
210,張顥瀚,111年基隆市議員選舉,首次申報,1111127,雜支支出,黑炭燒烤本舖,37757490,0.00,3295.00,,,,餐飲費用,金錢,基隆市中正區****,,否,,,,,,,
211,張顥瀚,111年基隆市議員選舉,首次申報,1111128,集會支出,崗洋食品有限公司,54978574,0.00,10000.00,,,,餐飲費用,金錢,基隆市中正區****,,否,,,,,,,
212,張顥瀚,111年基隆市議員選舉,首次申報,1111128,集會支出,崗洋食品有限公司,54978574,0.00,2000.00,,,,餐飲費用,金錢,基隆市中正區****,,否,,,,,,,
213,張顥瀚,111年基隆市議員選舉,首次申報,1111128,交通旅運支出,舞動陽光有限公司,82202975,0.00,15.00,,,,停車費,金錢,基隆市中正區****,,否,,,,,,,
214,張顥瀚,111年基隆市議員選舉,首次申報,1111129,人事費用支出,魏天麒,C12*******,0.00,18600.00,,,,工資或薪津,金錢,基隆市中正區****,,否,,,,,,,
215,張顥瀚,111年基隆市議員選舉,首次申報,1111130,雜支支出,中華電信股份有限公司,,0.00,1385.00,,,,網際網路費用,金錢,基隆市安樂區****,,否,,,,,,,
216,張顥瀚,111年基隆市議員選舉,首次申報,1111130,雜支支出,中華電信股份有限公司,,0.00,70.00,,,,電信費用,金錢,基隆市安樂區****,,否,,,,,,,
217,張顥瀚,111年基隆市議員選舉,首次申報,1111130,宣傳支出,中華郵政,,0.00,120.00,,,,郵寄競選物品或宣傳廣告費用,金錢,基隆市仁愛區****,,否,,,,,,,
218,張顥瀚,111年基隆市議員選舉,首次申報,1111130,集會支出,貝里西斯麵包坊,09717384,0.00,5000.00,,,,餐飲費用,金錢,基隆市中正區****,,否,,,,,,,
219,張顥瀚,111年基隆市議員選舉,首次申報,1111130,宣傳支出,裕典彩印事業有限公司,23967340,0.00,73028.00,,,,製作競選物品或宣傳廣告費用（紙本文宣）,金錢,基隆市信義區****,,否,,,,,,,
220,張顥瀚,111年基隆市議員選舉,首次申報,1111130,公共關係費用支出,百鴻花店,76673012,0.00,54200.00,,,,婚喪喜慶花,金錢,基隆市中正區****,,否,,,,,,,
221,張顥瀚,111年基隆市議員選舉,首次申報,1111201,雜支支出,中華電信股份有限公司,,0.00,70.00,,,,電信費用,金錢,基隆市安樂區****,,否,,,,,,,
222,張顥瀚,111年基隆市議員選舉,首次申報,1111201,雜支支出,中華電信股份有限公司,,0.00,1519.00,,,,網際網路費用,金錢,基隆市安樂區****,,否,,,,,,,
223,張顥瀚,111年基隆市議員選舉,首次申報,1111201,雜支支出,台灣自來水股份有限公司,,0.00,470.00,,,,水電瓦斯費用,金錢,基隆市中正區****,,否,,,,,,,
224,張顥瀚,111年基隆市議員選舉,首次申報,1111201,雜支支出,台灣電力公司,,0.00,1721.00,,,,水電瓦斯費用,金錢,基隆市仁愛區****,,否,,,,,,,
225,張顥瀚,111年基隆市議員選舉,首次申報,1111201,宣傳支出,品澄國際有限公司,24410356,0.00,212675.00,,,,租用廣告看板或車體廣告費用,金錢,基隆市安樂區****,,否,,,,,,,
226,張顥瀚,111年基隆市議員選舉,首次申報,1111201,人事費用支出,蔡雯婷,C22*******,0.00,3890.00,,,,工資或薪津,金錢,基隆市中正區****,0978*****,否,,,,,,,
227,張顥瀚,111年基隆市議員選舉,首次申報,1111201,人事費用支出,劉易輯,L12*******,0.00,12450.00,,,,工資或薪津,金錢,基隆市中正區****,0980*****,否,,,,,,,
228,張顥瀚,111年基隆市議員選舉,首次申報,1111202,集會支出,詠菘會場王企業社,49984689,0.00,43000.00,,,,租用設備費用,金錢,基隆市信義區****,,否,,,,,,,
229,張顥瀚,111年基隆市議員選舉,首次申報,1111205,雜支支出,德總電腦有限公司,90849218,0.00,10000.00,,,,雜項購置或修繕費用,金錢,臺北市中正區****,,否,,,,,,,
230,張顥瀚,111年基隆市議員選舉,首次申報,1111210,集會支出,詠菘會場王企業社,49984689,0.00,12000.00,,,,租用設備費用,金錢,基隆市信義區****,,否,,,,,,,
231,張顥瀚,111年基隆市議員選舉,首次申報,1111212,宣傳支出,裕典彩印事業有限公司,23967340,0.00,3150.00,,,,製作競選物品或宣傳廣告費用（紙本文宣）,金錢,基隆市信義區****,,否,,,,,,,
232,張顥瀚,111年基隆市議員選舉,首次申報,1111214,宣傳支出,中華郵政,,0.00,92.00,,,,郵寄競選物品或宣傳廣告費用,金錢,基隆市仁愛區****,,否,,,,,,,
233,張顥瀚,111年基隆市議員選舉,首次申報,1111214,人事費用支出,簡俊榮,C12*******,0.00,2550.00,,,,工資或薪津,金錢,基隆市中山區****,,否,,,,,,,
234,張顥瀚,111年基隆市議員選舉,首次申報,1111216,宣傳支出,中華郵政,,0.00,112.00,,,,郵寄競選物品或宣傳廣告費用,金錢,基隆市仁愛區****,,否,,,,,,,
235,張顥瀚,111年基隆市議員選舉,首次申報,1111223,宣傳支出,藝大廣告社,76665792,0.00,66375.00,,,,製作競選物品或宣傳廣告費用（競選帆布）,金錢,基隆市中正區****,,否,,,,,,,
236,張顥瀚,111年基隆市議員選舉,首次申報,1111225,公共關係費用支出,大新餅店,00676799,0.00,3000.00,,,,聯誼交際費用,金錢,基隆市中正區****,,否,,,,,,,
