﻿序號,擬參選人／政黨,選舉名稱,申報序號／年度,交易日期,收支科目,捐贈者／支出對象,身分證／統一編號,收入金額,支出金額,捐贈方式,存入專戶日期,返還/繳庫,支出用途,金錢類,地址,聯絡電話,應揭露之支出對象,支出對象之內部人員姓名,支出對象之內部人員職稱,政黨之內部人員姓名,政黨之內部人員職稱,關係,更正註記,資料更正日期
1,張碩芳,111年桃園市議員選舉,首次申報,1110520,匿名捐贈,匿名1,,1000.00,0.00,匯款,1110520,,,金錢,,,,,,,,,,
2,張碩芳,111年桃園市議員選舉,首次申報,1110520,個人捐贈收入,吳瓊慧,G22*******,1000.00,0.00,現金,1110527,,,金錢,桃園市桃園區****,,,,,,,,,
3,張碩芳,111年桃園市議員選舉,首次申報,1110520,個人捐贈收入,李家葓,H12*******,52099.00,0.00,現金,1110527,,,金錢,桃園市桃園區****,,,,,,,,,
4,張碩芳,111年桃園市議員選舉,首次申報,1110520,個人捐贈收入,楊禮琳,H22*******,6000.00,0.00,現金,1110527,,,金錢,桃園市大園區****,0989*****,,,,,,,,
5,張碩芳,111年桃園市議員選舉,首次申報,1110520,個人捐贈收入,羅叡嫈,J22*******,1000.00,0.00,現金,1110527,,,金錢,新竹縣湖口鄉****,0975*****,,,,,,,,
6,張碩芳,111年桃園市議員選舉,首次申報,1110521,匿名捐贈,匿名1,,10000.00,0.00,匯款,1110521,,,金錢,,,,,,,,,,
7,張碩芳,111年桃園市議員選舉,首次申報,1110521,個人捐贈收入,楊禮琳,H22*******,1000.00,0.00,現金,1110527,,,金錢,桃園市大園區****,0989*****,,,,,,,,
8,張碩芳,111年桃園市議員選舉,首次申報,1110523,個人捐贈收入,楊禮琳,H22*******,6000.00,0.00,現金,1110527,,,金錢,桃園市大園區****,0989*****,,,,,,,,
9,張碩芳,111年桃園市議員選舉,首次申報,1110523,個人捐贈收入,楊禮琳,H22*******,6000.00,0.00,現金,1110527,,,金錢,桃園市大園區****,0989*****,,,,,,,,
10,張碩芳,111年桃園市議員選舉,首次申報,1110612,匿名捐贈,匿名,,100.00,0.00,現金,1110617,,,金錢,,,,,,,,,,
11,張碩芳,111年桃園市議員選舉,首次申報,1110615,匿名捐贈,匿名,,100.00,0.00,現金,1110624,,,金錢,,,,,,,,,,
12,張碩芳,111年桃園市議員選舉,首次申報,1110625,個人捐贈收入,楊禮琳,H22*******,500.00,0.00,現金,1110701,,,金錢,桃園市大園區****,0989*****,,,,,,,,
13,張碩芳,111年桃園市議員選舉,首次申報,1110701,匿名捐贈,匿名2,,1000.00,0.00,匯款,1110701,,,金錢,,,,,,,,,,
14,張碩芳,111年桃園市議員選舉,首次申報,1110719,個人捐贈收入,余斌全,,20000.00,0.00,匯款,1110719,,,金錢,桃園市桃園區****,,,,,,,,,
15,張碩芳,111年桃園市議員選舉,首次申報,1110729,個人捐贈收入,卓佳妤,F22*******,28000.00,0.00,匯款,1110805,,,金錢,新北市鶯歌區****,0937*****,,,,,,,,
16,張碩芳,111年桃園市議員選舉,首次申報,1110731,匿名捐贈,匿名,,500.00,0.00,現金,1110805,,,金錢,,,,,,,,,,
17,張碩芳,111年桃園市議員選舉,首次申報,1110919,個人捐贈收入,簡清霖,,20000.00,0.00,匯款,1110919,,,金錢,桃園市桃園區****,,,,,,,,,
18,張碩芳,111年桃園市議員選舉,首次申報,1110923,個人捐贈收入,胡家齊,H12*******,100000.00,0.00,匯款,1110923,,,金錢,桃園市八德區****,,,,,,,,,
19,張碩芳,111年桃園市議員選舉,首次申報,1110923,個人捐贈收入,胡家豪,H12*******,100000.00,0.00,匯款,1110923,,,金錢,桃園市桃園區****,,,,,,,,,
20,張碩芳,111年桃園市議員選舉,首次申報,1111001,營利事業捐贈收入,晉大陶瓷股份有限公司,22268305,100000.00,0.00,現金,1111004,,,金錢,桃園市中壢區****,03 4*****,,,,,,,,
21,張碩芳,111年桃園市議員選舉,首次申報,1111001,營利事業捐贈收入,武雄營造有限公司,24625976,10000.00,0.00,現金,1111004,,,金錢,桃園市平鎮區****,0922*****,,,,,,,,
22,張碩芳,111年桃園市議員選舉,首次申報,1111001,政黨捐贈收入,中國國民黨,政黨證字第1號,100000.00,0.00,現金,1111001,,,金錢,台北市中山區****,(02)*****,,,,,,,,
23,張碩芳,111年桃園市議員選舉,首次申報,1111005,營利事業捐贈收入,榮隆建材工業有限公司,54794175,50000.00,0.00,匯款,1111005,,,金錢,桃園市桃園區****,03 3*****,,,,,,,,
24,張碩芳,111年桃園市議員選舉,首次申報,1111006,匿名捐贈,匿名2,,3000.00,0.00,匯款,1111006,,,金錢,,,,,,,,,,
25,張碩芳,111年桃園市議員選舉,首次申報,1111012,匿名捐贈,匿名2,,5000.00,0.00,匯款,1111012,,,金錢,,,,,,,,,,
26,張碩芳,111年桃園市議員選舉,首次申報,1111012,匿名捐贈,匿名2,,5000.00,0.00,匯款,1111012,,,金錢,,,,,,,,,,
27,張碩芳,111年桃園市議員選舉,首次申報,1111019,匿名捐贈,匿名1,,10000.00,0.00,匯款,1111019,,,金錢,,,,,,,,,,
28,張碩芳,111年桃園市議員選舉,首次申報,1111022,個人捐贈收入,陳姵如,A22*******,50000.00,0.00,匯款,1111022,,,金錢,新北市新店區****,0918*****,,,,,,,,
29,張碩芳,111年桃園市議員選舉,首次申報,1111028,匿名捐贈,匿名1,,3000.00,0.00,現金,1111028,,,金錢,,,,,,,,,,
30,張碩芳,111年桃園市議員選舉,首次申報,1111031,匿名捐贈,匿名3,,10000.00,0.00,現金,1111031,,,金錢,,,,,,,,,,
31,張碩芳,111年桃園市議員選舉,首次申報,1111031,匿名捐贈,匿名3,,10000.00,0.00,現金,1111031,,,金錢,,,,,,,,,,
32,張碩芳,111年桃園市議員選舉,首次申報,1111031,營利事業捐贈收入,泓展投資股份有限公司,69471005,50000.00,0.00,現金,1111031,,,金錢,桃園市龜山區****,03-2*****,,,,,,,,
33,張碩芳,111年桃園市議員選舉,首次申報,1111031,營利事業捐贈收入,泓展投資股份有限公司,69471005,50000.00,0.00,現金,1111031,,,金錢,桃園市龜山區****,03-2*****,,,,,,,,
34,張碩芳,111年桃園市議員選舉,首次申報,1111031,個人捐贈收入,呂承洲,H12*******,100000.00,0.00,現金,1111031,,,金錢,桃園市桃園區****,0932*****,,,,,,,,
35,張碩芳,111年桃園市議員選舉,首次申報,1111106,營利事業捐贈收入,由米創意工作室,87570267,3600.00,0.00,現金,1111106,,,金錢,桃園市大園區****,,,,,,,,,
36,張碩芳,111年桃園市議員選舉,首次申報,1111107,匿名捐贈,匿名,,9700.00,0.00,現金,1111107,,,金錢,,,,,,,,,,
37,張碩芳,111年桃園市議員選舉,首次申報,1111107,匿名捐贈,匿名,,9700.00,0.00,現金,1111107,,,金錢,,,,,,,,,,
38,張碩芳,111年桃園市議員選舉,首次申報,1111107,匿名捐贈,匿名,,9800.00,0.00,現金,1111107,,,金錢,,,,,,,,,,
39,張碩芳,111年桃園市議員選舉,首次申報,1111107,匿名捐贈,匿名,,10000.00,0.00,現金,1111107,,,金錢,,,,,,,,,,
40,張碩芳,111年桃園市議員選舉,首次申報,1111107,匿名捐贈,匿名,,10000.00,0.00,現金,1111107,,,金錢,,,,,,,,,,
41,張碩芳,111年桃園市議員選舉,首次申報,1111107,匿名捐贈,匿名1,,10000.00,0.00,現金,1111107,,,金錢,,,,,,,,,,
42,張碩芳,111年桃園市議員選舉,首次申報,1111107,匿名捐贈,匿名1,,10000.00,0.00,現金,1111107,,,金錢,,,,,,,,,,
43,張碩芳,111年桃園市議員選舉,首次申報,1111107,匿名捐贈,匿名1,,10000.00,0.00,現金,1111107,,,金錢,,,,,,,,,,
44,張碩芳,111年桃園市議員選舉,首次申報,1111107,匿名捐贈,匿名3,,2200.00,0.00,現金,1111107,,,金錢,,,,,,,,,,
45,張碩芳,111年桃園市議員選舉,首次申報,1111107,營利事業捐贈收入,泓展投資股份有限公司,69471005,60000.00,0.00,現金,1111107,,,金錢,桃園市龜山區****,03-2*****,,,,,,,,
46,張碩芳,111年桃園市議員選舉,首次申報,1111107,營利事業捐贈收入,柔瑟實業股份有限公司,80609597,5000.00,0.00,現金,1111107,已返還,,金錢,桃園市桃園區****,,,,,,,,,
47,張碩芳,111年桃園市議員選舉,首次申報,1111107,營利事業捐贈收入,永美建設有限公司,90405024,6000.00,0.00,現金,1111107,已返還,,金錢,桃園市桃園區****,0910*****,,,,,,,,
48,張碩芳,111年桃園市議員選舉,首次申報,1111107,營利事業捐贈收入,尚穩工程行,99416775,30000.00,0.00,現金,1111107,,,金錢,新北市三重區****,,,,,,,,,
49,張碩芳,111年桃園市議員選舉,首次申報,1111107,個人捐贈收入,卓郁陽,F12*******,50000.00,0.00,現金,1111107,,,金錢,新北市鶯歌區****,0955*****,,,,,,,,
50,張碩芳,111年桃園市議員選舉,首次申報,1111107,個人捐贈收入,陳明娥,H20*******,12000.00,0.00,現金,1111107,,,金錢,桃園市桃園區****,,,,,,,,,
51,張碩芳,111年桃園市議員選舉,首次申報,1111107,個人捐贈收入,徐靜儀,H22*******,100000.00,0.00,現金,1111107,,,金錢,桃園市桃園區****,0927*****,,,,,,,,
52,張碩芳,111年桃園市議員選舉,首次申報,1111107,個人捐贈收入,彭國貞,L12*******,10000.00,0.00,現金,1111107,,,金錢,桃園市桃園區****,,,,,,,,,
53,張碩芳,111年桃園市議員選舉,首次申報,1111108,個人捐贈收入,呂金治,,10000.00,0.00,現金,1111108,,,金錢,桃園市桃園區****,,,,,,,,,
54,張碩芳,111年桃園市議員選舉,首次申報,1111114,匿名捐贈,匿名,,5000.00,0.00,現金,1111114,,,金錢,,,,,,,,,,
55,張碩芳,111年桃園市議員選舉,首次申報,1111114,匿名捐贈,匿名,,10000.00,0.00,現金,1111114,,,金錢,,,,,,,,,,
56,張碩芳,111年桃園市議員選舉,首次申報,1111114,匿名捐贈,匿名,,10000.00,0.00,現金,1111114,,,金錢,,,,,,,,,,
57,張碩芳,111年桃園市議員選舉,首次申報,1111114,匿名捐贈,匿名,,10000.00,0.00,現金,1111114,,,金錢,,,,,,,,,,
58,張碩芳,111年桃園市議員選舉,首次申報,1111114,匿名捐贈,匿名,,10000.00,0.00,現金,1111114,,,金錢,,,,,,,,,,
59,張碩芳,111年桃園市議員選舉,首次申報,1111114,匿名捐贈,匿名,,10000.00,0.00,現金,1111114,,,金錢,,,,,,,,,,
60,張碩芳,111年桃園市議員選舉,首次申報,1111114,匿名捐贈,匿名,,10000.00,0.00,現金,1111114,,,金錢,,,,,,,,,,
61,張碩芳,111年桃園市議員選舉,首次申報,1111114,匿名捐贈,匿名,,10000.00,0.00,現金,1111114,,,金錢,,,,,,,,,,
62,張碩芳,111年桃園市議員選舉,首次申報,1111114,匿名捐贈,匿名1,,2000.00,0.00,現金,1111114,,,金錢,,,,,,,,,,
63,張碩芳,111年桃園市議員選舉,首次申報,1111114,匿名捐贈,匿名1,,10000.00,0.00,現金,1111114,,,金錢,,,,,,,,,,
64,張碩芳,111年桃園市議員選舉,首次申報,1111115,匿名捐贈,匿名,,10000.00,0.00,現金,1111115,,,金錢,,,,,,,,,,
65,張碩芳,111年桃園市議員選舉,首次申報,1111115,營利事業捐贈收入,達和不動產開發有限公司,24638199,100000.00,0.00,現金,1111115,已返還,,金錢,桃園市桃園區****,,,,,,,,,
66,張碩芳,111年桃園市議員選舉,首次申報,1111115,營利事業捐贈收入,鼎賦建設有限公司,54945841,100000.00,0.00,現金,1111115,已返還,,金錢,桃園市蘆竹區****,,,,,,,,,
67,張碩芳,111年桃園市議員選舉,首次申報,1111115,營利事業捐贈收入,泓展投資股份有限公司,69471005,100000.00,0.00,現金,1111115,,,金錢,桃園市龜山區****,,,,,,,,,
68,張碩芳,111年桃園市議員選舉,首次申報,1111115,個人捐贈收入,呂莉萍,H22*******,100000.00,0.00,現金,1111115,,,金錢,桃園市八德區****,,,,,,,,,
69,張碩芳,111年桃園市議員選舉,首次申報,1111115,個人捐贈收入,呂莉芳,H22*******,100000.00,0.00,現金,1111115,,,金錢,桃園市龜山區****,,,,,,,,,
70,張碩芳,111年桃園市議員選舉,首次申報,1111118,匿名捐贈,匿名1,,3000.00,0.00,現金,1111118,,,金錢,,,,,,,,,,
71,張碩芳,111年桃園市議員選舉,首次申報,1111122,個人捐贈收入,黃富章,H10*******,12000.00,0.00,現金,1111122,,,金錢,新北市泰山區****,,,,,,,,,
72,張碩芳,111年桃園市議員選舉,首次申報,1111124,個人捐贈收入,楊欣宜,A22*******,12000.00,0.00,現金,1111124,,,金錢,桃園市桃園區****,0987*****,,,,,,,,
73,張碩芳,111年桃園市議員選舉,首次申報,1111125,匿名捐贈,匿名,,10000.00,0.00,現金,1111125,,,金錢,,,,,,,,,,
74,張碩芳,111年桃園市議員選舉,首次申報,1111125,匿名捐贈,匿名,,10000.00,0.00,現金,1111125,,,金錢,,,,,,,,,,
75,張碩芳,111年桃園市議員選舉,首次申報,1111125,匿名捐贈,匿名,,10000.00,0.00,現金,1111125,,,金錢,,,,,,,,,,
76,張碩芳,111年桃園市議員選舉,首次申報,1111125,匿名捐贈,匿名,,10000.00,0.00,現金,1111125,,,金錢,,,,,,,,,,
77,張碩芳,111年桃園市議員選舉,首次申報,1111125,匿名捐贈,匿名1,,10000.00,0.00,現金,1111125,,,金錢,,,,,,,,,,
78,張碩芳,111年桃園市議員選舉,首次申報,1111125,匿名捐贈,匿名1,,10000.00,0.00,現金,1111125,,,金錢,,,,,,,,,,
79,張碩芳,111年桃園市議員選舉,首次申報,1111125,匿名捐贈,匿名1,,10000.00,0.00,現金,1111125,,,金錢,,,,,,,,,,
80,張碩芳,111年桃園市議員選舉,首次申報,1111125,匿名捐贈,匿名1,,10000.00,0.00,現金,1111125,,,金錢,,,,,,,,,,
81,張碩芳,111年桃園市議員選舉,首次申報,1111125,匿名捐贈,匿名1,,10000.00,0.00,現金,1111125,,,金錢,,,,,,,,,,
82,張碩芳,111年桃園市議員選舉,首次申報,1111125,匿名捐贈,匿名1,,10000.00,0.00,現金,1111125,,,金錢,,,,,,,,,,
83,張碩芳,111年桃園市議員選舉,首次申報,1111125,匿名捐贈,匿名1,,10000.00,0.00,現金,1111125,,,金錢,,,,,,,,,,
84,張碩芳,111年桃園市議員選舉,首次申報,1111125,匿名捐贈,匿名1,,10000.00,0.00,現金,1111125,,,金錢,,,,,,,,,,
85,張碩芳,111年桃園市議員選舉,首次申報,1111125,匿名捐贈,匿名1,,10000.00,0.00,現金,1111125,,,金錢,,,,,,,,,,
86,張碩芳,111年桃園市議員選舉,首次申報,1111125,匿名捐贈,匿名,,10000.00,0.00,現金,1111125,,,金錢,,,,,,,,,,
87,張碩芳,111年桃園市議員選舉,首次申報,1111125,匿名捐贈,匿名,,3000.00,0.00,現金,1111125,,,金錢,,,,,,,,,,
