﻿序號,擬參選人／政黨,選舉名稱,申報序號／年度,交易日期,收支科目,捐贈者／支出對象,身分證／統一編號,收入金額,支出金額,支出用途,金錢類,地址,聯絡電話,資料更正日期
1,游金隆,107年直轄市議員選舉,首次申報,1070625,宣傳支出,藍格印刷國際企業有限公司,22076600,0.00,2778.00,製作宣傳廣告支出,金錢,新北市三重區****,02-2*****,
2,游金隆,107年直轄市議員選舉,首次申報,1070703,宣傳支出,藍格印刷國際企業有限公司,22076600,0.00,1502.00,郵寄競選物品或宣傳廣告支出,金錢,新北市三重區****,02-2*****,
3,游金隆,107年直轄市議員選舉,首次申報,1070722,集會支出,源順桌行,45852644,0.00,15500.00,租用設備支出,金錢,臺中市西屯區****,,
4,游金隆,107年直轄市議員選舉,首次申報,1070723,宣傳支出,藍格印刷國際企業有限公司,22076600,0.00,2478.00,製作宣傳廣告支出,金錢,新北市三重區****,02-2*****,
5,游金隆,107年直轄市議員選舉,首次申報,1070727,宣傳支出,藍格印刷國際企業有限公司,22076600,0.00,998.00,製作宣傳廣告支出,金錢,新北市三重區****,02-2*****,
6,游金隆,107年直轄市議員選舉,首次申報,1070730,宣傳支出,藍格印刷國際企業有限公司,22076600,0.00,3575.00,製作宣傳廣告支出,金錢,新北市三重區****,02-2*****,
7,游金隆,107年直轄市議員選舉,首次申報,1070803,宣傳支出,藍格印刷國際企業有限公司,22076600,0.00,3673.00,製作宣傳廣告支出,金錢,新北市三重區****,02-2*****,
8,游金隆,107年直轄市議員選舉,首次申報,1070806,人事費用支出,周幸儀,L22*******,0.00,12000.00,工資或薪津,金錢,臺中市北區三****,,
9,游金隆,107年直轄市議員選舉,首次申報,1070808,宣傳支出,藍格印刷國際企業有限公司,22076600,0.00,68.00,製作宣傳廣告支出,金錢,新北市三重區****,02-2*****,
10,游金隆,107年直轄市議員選舉,首次申報,1070809,雜支支出,滿吉塑膠企業社,05554015,0.00,2400.00,文具用品費用,金錢,臺中市北區青****,04-2*****,
11,游金隆,107年直轄市議員選舉,首次申報,1070813,宣傳支出,自成百貨行,66590739,0.00,30000.00,製作競選物品支出（物品名稱-運動員制服）,金錢,嘉義縣朴子市****,05-3*****,
12,游金隆,107年直轄市議員選舉,首次申報,1070814,宣傳支出,藍格印刷國際企業有限公司,22076600,0.00,683.00,製作宣傳廣告支出,金錢,新北市三重區****,02-2*****,
13,游金隆,107年直轄市議員選舉,首次申報,1070815,宣傳支出,藍格印刷國際企業有限公司,22076600,0.00,788.00,製作宣傳廣告支出,金錢,新北市三重區****,02-2*****,
14,游金隆,107年直轄市議員選舉,首次申報,1070820,宣傳支出,誠信影印打字行,17186108,0.00,30000.00,製作宣傳廣告支出,金錢,臺中市南屯區****,04-2*****,
15,游金隆,107年直轄市議員選舉,首次申報,1070822,宣傳支出,藍格印刷國際企業有限公司,22076600,0.00,1649.00,製作宣傳廣告支出,金錢,新北市三重區****,02-2*****,
16,游金隆,107年直轄市議員選舉,首次申報,1070827,宣傳支出,藍格印刷國際企業有限公司,22076600,0.00,1355.00,製作宣傳廣告支出,金錢,新北市三重區****,02-2*****,
17,游金隆,107年直轄市議員選舉,首次申報,1070828,宣傳支出,藍格印刷國際企業有限公司,22076600,0.00,1365.00,製作宣傳廣告支出,金錢,新北市三重區****,02-2*****,
18,游金隆,107年直轄市議員選舉,首次申報,1070829,雜支支出,台中市選舉委員會,52605971,0.00,200000.00,選舉保證金費（未退回保證金者得以報支）,金錢,臺中市西區自****,04-2*****,
19,游金隆,107年直轄市議員選舉,首次申報,1070830,雜支支出,滿吉塑膠企業社,05554015,0.00,960.00,文具用品費用,金錢,臺中市北區青****,04-2*****,
20,游金隆,107年直轄市議員選舉,首次申報,1070831,宣傳支出,藍格印刷國際企業有限公司,22076600,0.00,68.00,製作宣傳廣告支出,金錢,新北市三重區****,02-2*****,
21,游金隆,107年直轄市議員選舉,首次申報,1070831,宣傳支出,富樂康國際有限公司,54266245,0.00,9100.00,製作競選物品支出（製作文宣名片包贈品）,金錢,臺中市北區陝****,04-2*****,
22,游金隆,107年直轄市議員選舉,首次申報,1070831,宣傳支出,祥順科技印刷有限公司,54885549,0.00,55650.00,何葉扇,金錢,臺中市太平區****,,
23,游金隆,107年直轄市議員選舉,首次申報,1070903,宣傳支出,吉豐塑膠袋商店,52903134,0.00,2500.00,製作競選物品支出（製作文宣名片包贈品）,金錢,臺中市北區大****,04-2*****,
24,游金隆,107年直轄市議員選舉,首次申報,1070905,人事費用支出,曾偉峰,B12*******,0.00,5480.00,工資或薪津,金錢,臺中市北區五****,,
25,游金隆,107年直轄市議員選舉,首次申報,1070905,人事費用支出,周幸儀,L22*******,0.00,12000.00,工資或薪津,金錢,臺中市北區三****,,
26,游金隆,107年直轄市議員選舉,首次申報,1070905,人事費用支出,龔雅絹,S22*******,0.00,15000.00,工資或薪津,金錢,高雄市小港區****,,
27,游金隆,107年直轄市議員選舉,首次申報,1070910,宣傳支出,藍格印刷國際企業有限公司,22076600,0.00,364.00,製作宣傳廣告支出,金錢,新北市三重區****,02-2*****,
28,游金隆,107年直轄市議員選舉,首次申報,1070911,宣傳支出,仲成企業社,45856629,0.00,8820.00,製作競選物品支出（原子筆）,金錢,臺中市北屯區****,,
29,游金隆,107年直轄市議員選舉,首次申報,1070912,宣傳支出,藍格印刷國際企業有限公司,22076600,0.00,3907.00,製作宣傳廣告支出,金錢,新北市三重區****,02-2*****,
30,游金隆,107年直轄市議員選舉,首次申報,1070918,人事費用支出,呂雲程,N10*******,0.00,22000.00,勞務費,金錢,臺中市北區賴****,,
31,游金隆,107年直轄市議員選舉,首次申報,1070923,集會支出,源順桌行,45852644,0.00,12000.00,租用設備支出,金錢,臺中市西屯區****,,
32,游金隆,107年直轄市議員選舉,首次申報,1070927,宣傳支出,藍格印刷國際企業有限公司,22076600,0.00,5570.00,郵寄競選物品或宣傳廣告支出,金錢,新北市三重區****,02-2*****,
33,游金隆,107年直轄市議員選舉,首次申報,1070927,宣傳支出,藍格印刷國際企業有限公司,22076600,0.00,1365.00,郵寄競選物品或宣傳廣告支出,金錢,新北市三重區****,02-2*****,
34,游金隆,107年直轄市議員選舉,首次申報,1070929,宣傳支出,誠信影印打字行,17186108,0.00,23000.00,製作宣傳廣告支出,金錢,臺中市南屯區****,0422*****,
35,游金隆,107年直轄市議員選舉,首次申報,1070929,集會支出,豪記飲食,45279269,0.00,75000.00,餐會支出,金錢,臺中市北區立****,,
36,游金隆,107年直轄市議員選舉,首次申報,1071005,人事費用支出,鄭美珠,A20*******,0.00,3500.00,勞務費,金錢,臺中市北區山****,,
37,游金隆,107年直轄市議員選舉,首次申報,1071005,人事費用支出,董恬伊,A22*******,0.00,5000.00,勞務費,金錢,臺中市北區五****,,
38,游金隆,107年直轄市議員選舉,首次申報,1071005,人事費用支出,柯立生,B12*******,0.00,11590.00,勞務費,金錢,臺中市北區五****,,
39,游金隆,107年直轄市議員選舉,首次申報,1071005,人事費用支出,曾偉峰,B12*******,0.00,1680.00,勞務費,金錢,臺中市北區五****,,
40,游金隆,107年直轄市議員選舉,首次申報,1071005,人事費用支出,周冠齡,L22*******,0.00,5000.00,勞務費,金錢,臺中市北區三****,,
41,游金隆,107年直轄市議員選舉,首次申報,1071005,人事費用支出,周幸儀,L22*******,0.00,12692.00,勞務費,金錢,臺中市北區三****,,
42,游金隆,107年直轄市議員選舉,首次申報,1071005,人事費用支出,龔雅絹,S22*******,0.00,13864.00,勞務費,金錢,高雄市小港區****,,
43,游金隆,107年直轄市議員選舉,首次申報,1071011,宣傳支出,藍格印刷國際企業有限公司,22076600,0.00,1537.00,郵寄競選物品或宣傳廣告支出,金錢,新北市三重區****,02-2*****,
44,游金隆,107年直轄市議員選舉,首次申報,1071012,宣傳支出,藍格印刷國際企業有限公司,22076600,0.00,1365.00,郵寄競選物品或宣傳廣告支出,金錢,新北市三重區****,02-2*****,
45,游金隆,107年直轄市議員選舉,首次申報,1071012,宣傳支出,自成百貨行,66590739,0.00,21000.00,製作競選物品支出（候選人工作背心）,金錢,嘉義縣朴子市****,05-3*****,
46,游金隆,107年直轄市議員選舉,首次申報,1071015,雜支支出,晉安數位工作室,37883010,0.00,6300.00,文具用品費用,金錢,新北市中和區****,02-2*****,
47,游金隆,107年直轄市議員選舉,首次申報,1071016,宣傳支出,藍格印刷國際企業有限公司,22076600,0.00,1586.00,郵寄競選物品或宣傳廣告支出,金錢,新北市三重區****,02-2*****,
48,游金隆,107年直轄市議員選舉,首次申報,1071019,雜支支出,滿吉塑膠企業社,05554015,0.00,1040.00,文具用品費用,金錢,臺中市北區青****,04-2*****,
49,游金隆,107年直轄市議員選舉,首次申報,1071019,宣傳支出,藍格印刷國際企業有限公司,22076600,0.00,2069.00,郵寄競選物品或宣傳廣告支出,金錢,新北市三重區****,02-2*****,
50,游金隆,107年直轄市議員選舉,首次申報,1071022,宣傳支出,誠信影印打字行,17186108,0.00,31200.00,製作宣傳廣告支出,金錢,臺中市北區尊****,04-2*****,
51,游金隆,107年直轄市議員選舉,首次申報,1071024,公共關係費用支出,太平鮮花,99894635,0.00,2800.00,聯誼交際費用,金錢,臺中市北區中****,,
52,游金隆,107年直轄市議員選舉,首次申報,1071025,宣傳支出,藍格印刷國際企業有限公司,22076600,0.00,3323.00,郵寄競選物品或宣傳廣告支出,金錢,新北市三重區****,02-2*****,
53,游金隆,107年直轄市議員選舉,首次申報,1071025,宣傳支出,藍格印刷國際企業有限公司,22076600,0.00,11183.00,製作宣傳廣告支出,金錢,新北市三重區****,02-2*****,
54,游金隆,107年直轄市議員選舉,首次申報,1071025,宣傳支出,一明廣告社,97922522,0.00,9990.00,製作競選物品支出（廣告帆布）,金錢,臺中市南屯區****,04-2*****,
55,游金隆,107年直轄市議員選舉,首次申報,1071026,宣傳支出,中華郵政(股)公司,,0.00,1934.00,播送、傳送或刊登宣傳廣告支出,金錢,臺中市西區民****,0800*****,
56,游金隆,107年直轄市議員選舉,首次申報,1071027,宣傳支出,中華郵政(股)公司,,0.00,5176.00,播送、傳送或刊登宣傳廣告支出,金錢,臺中市西區民****,0800*****,
57,游金隆,107年直轄市議員選舉,首次申報,1071029,宣傳支出,中華郵政(股)公司,,0.00,4280.00,播送、傳送或刊登宣傳廣告支出,金錢,臺中市西區民****,0800*****,
58,游金隆,107年直轄市議員選舉,首次申報,1071030,宣傳支出,中華郵政(股)公司,,0.00,1738.00,播送、傳送或刊登宣傳廣告支出,金錢,臺中市西區民****,0800*****,
59,游金隆,107年直轄市議員選舉,首次申報,1071031,宣傳支出,藍格印刷國際企業有限公司,22076600,0.00,1365.00,郵寄競選物品或宣傳廣告支出,金錢,新北市三重區****,02-2*****,
60,游金隆,107年直轄市議員選舉,首次申報,1071031,宣傳支出,藍格印刷國際企業有限公司,22076600,0.00,4820.00,郵寄競選物品或宣傳廣告支出,金錢,新北市三重區****,02-2*****,
61,游金隆,107年直轄市議員選舉,首次申報,1071101,宣傳支出,美榮行,05489459,0.00,5000.00,製作競選物品支出（物品名稱-制服繡名稱）,金錢,臺中市北區中****,04-2*****,
62,游金隆,107年直轄市議員選舉,首次申報,1071101,宣傳支出,藍格印刷國際企業有限公司,22076600,0.00,1139.00,郵寄競選物品或宣傳廣告支出,金錢,新北市三重區****,02-2*****,
63,游金隆,107年直轄市議員選舉,首次申報,1071102,宣傳支出,仲成企業社,45856629,0.00,22050.00,製作競選物品支出（物品名稱-武士筆）,金錢,臺中市北屯區****,0422*****,
64,游金隆,107年直轄市議員選舉,首次申報,1071104,集會支出,魷魚王現炒廣場,39841348,0.00,2800.00,餐飲支出,金錢,臺中市烏日區****,0921*****,
65,游金隆,107年直轄市議員選舉,首次申報,1071104,集會支出,源順桌行,45852644,0.00,21000.00,租用設備支出,金錢,臺中市西屯區****,,
66,游金隆,107年直轄市議員選舉,首次申報,1071104,集會支出,初包子饅頭專賣店,82394782,0.00,1760.00,餐飲支出,金錢,臺中市北屯區****,04-2*****,
67,游金隆,107年直轄市議員選舉,首次申報,1071105,宣傳支出,大潤發,16431075,0.00,3594.00,製作競選物品支出（製作文宣名片包贈品）,金錢,臺中市北區忠****,0800*****,
68,游金隆,107年直轄市議員選舉,首次申報,1071105,宣傳支出,藍格印刷國際企業有限公司,22076600,0.00,1460.00,郵寄競選物品或宣傳廣告支出,金錢,新北市三重區****,02-2*****,
69,游金隆,107年直轄市議員選舉,首次申報,1071105,宣傳支出,藍格印刷國際企業有限公司,22076600,0.00,1890.00,郵寄競選物品或宣傳廣告支出,金錢,新北市三重區****,02-2*****,
70,游金隆,107年直轄市議員選舉,首次申報,1071105,宣傳支出,藍格印刷國際企業有限公司,22076600,0.00,1759.00,郵寄競選物品或宣傳廣告支出,金錢,新北市三重區****,02-2*****,
71,游金隆,107年直轄市議員選舉,首次申報,1071105,宣傳支出,富士康廣告有限公司,24384651,0.00,17733.00,播送、傳送或刊登宣傳廣告支出,金錢,臺中市北區永****,04-2*****,
72,游金隆,107年直轄市議員選舉,首次申報,1071105,人事費用支出,鄭美珠,A20*******,0.00,12450.00,工資或薪津,金錢,臺中市北區山****,,
73,游金隆,107年直轄市議員選舉,首次申報,1071105,人事費用支出,董恬伊,A22*******,0.00,25201.00,工資或薪津,金錢,臺中市北區五****,,
74,游金隆,107年直轄市議員選舉,首次申報,1071105,人事費用支出,林漢立,B10*******,0.00,5369.00,工資或薪津,金錢,臺中市北區太****,,
75,游金隆,107年直轄市議員選舉,首次申報,1071105,人事費用支出,曾偉峰,B12*******,0.00,6630.00,工資或薪津,金錢,臺中市北區五****,,
76,游金隆,107年直轄市議員選舉,首次申報,1071105,人事費用支出,柯立生,B12*******,0.00,18000.00,工資或薪津,金錢,臺中市北區五****,,
77,游金隆,107年直轄市議員選舉,首次申報,1071105,人事費用支出,陳淑,F20*******,0.00,11369.00,工資或薪津,金錢,臺中市西屯區****,,
78,游金隆,107年直轄市議員選舉,首次申報,1071105,人事費用支出,周幸儀,L22*******,0.00,15846.00,工資或薪津,金錢,臺中市北區三****,,
79,游金隆,107年直轄市議員選舉,首次申報,1071105,人事費用支出,龔雅絹,S22*******,0.00,15269.00,工資或薪津,金錢,高雄市小港區****,,
80,游金隆,107年直轄市議員選舉,首次申報,1071107,雜支支出,飄揚禮品旗幟社,17381593,0.00,2400.00,雜項購置或修繕費用,金錢,臺中市潭子區****,04-2*****,
81,游金隆,107年直轄市議員選舉,首次申報,1071107,公共關係費用支出,太平鮮花,99894635,0.00,5600.00,聯誼交際費用,金錢,臺中市北區中****,,
82,游金隆,107年直轄市議員選舉,首次申報,1071108,宣傳支出,藍格印刷國際企業有限公司,22076600,0.00,2940.00,郵寄競選物品或宣傳廣告支出,金錢,新北市三重區****,02-2*****,
83,游金隆,107年直轄市議員選舉,首次申報,1071109,雜支支出,元華電子材料行,06076189,0.00,4520.00,雜項購置或修繕費用,金錢,臺中市中區中****,04-2*****,
84,游金隆,107年直轄市議員選舉,首次申報,1071114,宣傳支出,藍格印刷國際企業有限公司,22076600,0.00,2324.00,郵寄競選物品或宣傳廣告支出,金錢,新北市三重區****,02-2*****,
85,游金隆,107年直轄市議員選舉,首次申報,1071119,宣傳支出,藍格印刷國際企業有限公司,22076600,0.00,14921.00,郵寄競選物品或宣傳廣告支出,金錢,新北市三重區****,02-2*****,
86,游金隆,107年直轄市議員選舉,首次申報,1071120,宣傳支出,自由時報分類廣告收據-20代林連福,,0.00,6800.00,播送、傳送或刊登宣傳廣告支出,金錢,臺中市北區北****,04-2*****,
87,游金隆,107年直轄市議員選舉,首次申報,1071120,宣傳支出,藍格印刷國際企業有限公司,22076600,0.00,1470.00,郵寄競選物品或宣傳廣告支出,金錢,新北市三重區****,02-2*****,
88,游金隆,107年直轄市議員選舉,首次申報,1071120,宣傳支出,藍格印刷國際企業有限公司,22076600,0.00,23310.00,郵寄競選物品或宣傳廣告支出,金錢,新北市三重區****,02-2*****,
89,游金隆,107年直轄市議員選舉,首次申報,1071121,公共關係費用支出,太平鮮花,99894635,0.00,6000.00,聯誼交際費用,金錢,臺中市北區中****,,
90,游金隆,107年直轄市議員選舉,首次申報,1071122,宣傳支出,自由時報分類廣告收據-20代林連福,,0.00,7650.00,播送、傳送或刊登宣傳廣告支出,金錢,臺中市北區四****,0422*****,
91,游金隆,107年直轄市議員選舉,首次申報,1071122,宣傳支出,一明廣告社,97922522,0.00,9950.00,製作競選物品支出（港告帆布）,金錢,臺中市南屯區****,04-2*****,
92,游金隆,107年直轄市議員選舉,首次申報,1071122,租用宣傳車輛支出,一明廣告社,97922522,0.00,29700.00,租用宣傳車輛支出,金錢,臺中市南屯區****,04-2*****,
93,游金隆,107年直轄市議員選舉,首次申報,1071205,人事費用支出,鄭美珠,A20*******,0.00,7700.00,工資或薪津,金錢,臺中市北區山****,,
94,游金隆,107年直轄市議員選舉,首次申報,1071205,人事費用支出,董恬伊,A22*******,0.00,20533.00,工資或薪津,金錢,臺中市北區五****,,
95,游金隆,107年直轄市議員選舉,首次申報,1071205,人事費用支出,林漢立,B10*******,0.00,20290.00,工資或薪津,金錢,臺中市北區太****,,
96,游金隆,107年直轄市議員選舉,首次申報,1071205,人事費用支出,柯立生,B12*******,0.00,17100.00,工資或薪津,金錢,臺中市北區五****,,
97,游金隆,107年直轄市議員選舉,首次申報,1071205,人事費用支出,曾偉峰,B12*******,0.00,10920.00,工資或薪津,金錢,臺中市北區五****,,
98,游金隆,107年直轄市議員選舉,首次申報,1071205,人事費用支出,陳淑,F20*******,0.00,17000.00,工資或薪津,金錢,臺中市西屯區****,,
99,游金隆,107年直轄市議員選舉,首次申報,1071205,人事費用支出,周幸儀,L22*******,0.00,14000.00,工資或薪津,金錢,臺中市北區三****,,
100,游金隆,107年直轄市議員選舉,首次申報,1071205,人事費用支出,龔雅絹,S22*******,0.00,14000.00,工資或薪津,金錢,高雄市小港區****,,
101,游金隆,107年直轄市議員選舉,首次申報,1080221,返還支出,未來空品環境科技有限公司,61170815,0.00,20000.00,返還,金錢,臺中市西區五****,,
102,游金隆,107年直轄市議員選舉,首次申報,1080221,返還支出,金萬全實業有限公司,84179129,0.00,21000.00,返還,金錢,臺中市北區中****,,
103,游金隆,107年直轄市議員選舉,首次申報,1080222,返還支出,昇龍人力派遣有限公司,54169095,0.00,30000.00,返還,金錢,彰化縣彰化市****,,
