﻿序號,擬參選人／政黨,選舉名稱,申報序號／年度,交易日期,收支科目,捐贈者／支出對象,身分證／統一編號,收入金額,支出金額,捐贈方式,存入專戶日期,返還/繳庫,支出用途,金錢類,地址,聯絡電話,應揭露之支出對象,支出對象之內部人員姓名,支出對象之內部人員職稱,政黨之內部人員姓名,政黨之內部人員職稱,關係,更正註記,資料更正日期
1,陳若庭,111年臺中市議員選舉,首次申報,1110622,營利事業捐贈收入,臺灣張鋼電機有限公司,16249029,30000.00,0.00,匯款,1110622,,,金錢,臺中市后里區****,04-2*****,,,,,,,,
2,陳若庭,111年臺中市議員選舉,首次申報,1110622,營利事業捐贈收入,你好實業股份有限公司,84638911,50000.00,0.00,匯款,1110622,已返還,,金錢,臺中市后里區****,04-2*****,,,,,,,,
3,陳若庭,111年臺中市議員選舉,首次申報,1110704,匿名捐贈,匿名,,2000.00,0.00,匯款,1110704,,,金錢,,,,,,,,,,
4,陳若庭,111年臺中市議員選舉,首次申報,1110708,政黨捐贈收入,台灣基進,政黨證字第303號,500000.00,0.00,匯款,1110708,,,金錢,高雄市三民區****,(07)*****,,,,,,,,
5,陳若庭,111年臺中市議員選舉,首次申報,1110711,匿名捐贈,匿名,,1000.00,0.00,匯款,1110711,,,金錢,,,,,,,,,,
6,陳若庭,111年臺中市議員選舉,首次申報,1110711,匿名捐贈,匿名,,1000.00,0.00,匯款,1110711,,,金錢,,,,,,,,,,
7,陳若庭,111年臺中市議員選舉,首次申報,1110711,匿名捐贈,匿名,,500.00,0.00,匯款,1110711,,,金錢,,,,,,,,,,
8,陳若庭,111年臺中市議員選舉,首次申報,1110713,匿名捐贈,匿名,,1000.00,0.00,匯款,1110713,,,金錢,,,,,,,,,,
9,陳若庭,111年臺中市議員選舉,首次申報,1110718,匿名捐贈,匿名,,500.00,0.00,匯款,1110718,,,金錢,,,,,,,,,,
10,陳若庭,111年臺中市議員選舉,首次申報,1110719,匿名捐贈,匿名,,5000.00,0.00,匯款,1110719,,,金錢,,,,,,,,,,
11,陳若庭,111年臺中市議員選舉,首次申報,1110727,個人捐贈收入,楊承宏,,10000.00,0.00,現金,1110727,,,金錢,臺中市后里區****,,,,,,,,,
12,陳若庭,111年臺中市議員選舉,首次申報,1110727,個人捐贈收入,陳致瑋,,5000.00,0.00,現金,1110727,,,金錢,,0930*****,,,,,,,,
13,陳若庭,111年臺中市議員選舉,首次申報,1110727,個人捐贈收入,張登宗,,3000.00,0.00,現金,1110727,,,金錢,臺中市后里區****,0928*****,,,,,,,,
14,陳若庭,111年臺中市議員選舉,首次申報,1110727,個人捐贈收入,蔡秀珍,,6000.00,0.00,現金,1110727,,,金錢,,0921*****,,,,,,,,
15,陳若庭,111年臺中市議員選舉,首次申報,1110727,個人捐贈收入,陳忠材,,5000.00,0.00,現金,1110727,,,金錢,臺中市后里區****,,,,,,,,,
16,陳若庭,111年臺中市議員選舉,首次申報,1110727,個人捐贈收入,陳文賓,,3000.00,0.00,現金,1110727,,,金錢,臺中市后里區****,,,,,,,,,
17,陳若庭,111年臺中市議員選舉,首次申報,1110801,個人捐贈收入,唐高宏,,20000.00,0.00,現金,1110801,,,金錢,臺中市后里區****,0911*****,,,,,,,,
18,陳若庭,111年臺中市議員選舉,首次申報,1110801,營利事業捐贈收入,九福居有限公司,53273373,100000.00,0.00,票據,1110801,已返還,,金錢,臺中市后里區****,0989*****,,,,,,,,
19,陳若庭,111年臺中市議員選舉,首次申報,1110801,個人捐贈收入,王建民,L12*******,20000.00,0.00,現金,1110801,,,金錢,,0935*****,,,,,,,,
20,陳若庭,111年臺中市議員選舉,首次申報,1110802,個人捐贈收入,陸寅蓀,,6600.00,0.00,現金,1110803,,,金錢,臺中市后里區****,0425*****,,,,,,,,
21,陳若庭,111年臺中市議員選舉,首次申報,1110819,匿名捐贈,匿名1,,5000.00,0.00,匯款,1110819,,,金錢,,,,,,,,,,
22,陳若庭,111年臺中市議員選舉,首次申報,1110826,匿名捐贈,匿名,,1500.00,0.00,匯款,1110826,,,金錢,,,,,,,,,,
23,陳若庭,111年臺中市議員選舉,首次申報,1110915,匿名捐贈,匿名,,1000.00,0.00,匯款,1110915,,,金錢,,,,,,,,,,
24,陳若庭,111年臺中市議員選舉,首次申報,1110927,營利事業捐贈收入,慧綺股份有限公司,31080915,100000.00,0.00,匯款,1110927,,,金錢,臺北市士林區****,0425*****,,,,,,,,
25,陳若庭,111年臺中市議員選舉,首次申報,1111003,匿名捐贈,匿名,,5000.00,0.00,匯款,1111003,,,金錢,,,,,,,,,,
26,陳若庭,111年臺中市議員選舉,首次申報,1111005,匿名捐贈,匿名,,2000.00,0.00,匯款,1111005,,,金錢,,,,,,,,,,
27,陳若庭,111年臺中市議員選舉,首次申報,1111006,個人捐贈收入,陳永宏,,10000.00,0.00,現金,1111011,,,金錢,臺中市后里區****,0932*****,,,,,,,,
28,陳若庭,111年臺中市議員選舉,首次申報,1111006,營利事業捐贈收入,家和不動產有限公司,53846338,100000.00,0.00,匯款,1111006,已返還,,金錢,臺中市后里區****,,,,,,,,,
29,陳若庭,111年臺中市議員選舉,首次申報,1111011,營利事業捐贈收入,正宇洲機械股份有限公司,86207613,50000.00,0.00,現金,1111011,,,金錢,臺中市后里區****,,,,,,,,,
30,陳若庭,111年臺中市議員選舉,首次申報,1111012,匿名捐贈,匿名,,500.00,0.00,匯款,1111012,,,金錢,,,,,,,,,,
31,陳若庭,111年臺中市議員選舉,首次申報,1111017,匿名捐贈,匿名,,5000.00,0.00,匯款,1111017,,,金錢,,,,,,,,,,
32,陳若庭,111年臺中市議員選舉,首次申報,1111018,營利事業捐贈收入,承墉有限公司,24606268,10000.00,0.00,匯款,1111018,,,金錢,臺中市大雅區****,0936*****,,,,,,,,
33,陳若庭,111年臺中市議員選舉,首次申報,1111020,匿名捐贈,匿名,,8000.00,0.00,匯款,1111020,,,金錢,,,,,,,,,,
34,陳若庭,111年臺中市議員選舉,首次申報,1111020,營利事業捐贈收入,東元建材有限公司,86676903,20000.00,0.00,現金,1111021,,,金錢,臺中市后里區****,,,,,,,,,
35,陳若庭,111年臺中市議員選舉,首次申報,1111021,個人捐贈收入,洪宜良,,10000.00,0.00,匯款,1111021,,,金錢,,0935*****,,,,,,,,
36,陳若庭,111年臺中市議員選舉,首次申報,1111106,營利事業捐贈收入,鉅眾實業社,21882612,20000.00,0.00,匯款,1111106,,,金錢,臺中市潭子區****,,,,,,,,,
37,陳若庭,111年臺中市議員選舉,首次申報,1111108,營利事業捐贈收入,華亞建設股份有限公司,85099159,20000.00,0.00,現金,1111109,已返還,,金錢,臺中市后里區****,,,,,,,,,
38,陳若庭,111年臺中市議員選舉,首次申報,1111109,匿名捐贈,匿名,,3000.00,0.00,匯款,1111109,,,金錢,,,,,,,,,,
39,陳若庭,111年臺中市議員選舉,首次申報,1111110,匿名捐贈,匿名,,2000.00,0.00,匯款,1111110,,,金錢,,,,,,,,,,
40,陳若庭,111年臺中市議員選舉,首次申報,1111111,營利事業捐贈收入,欣連精密工業有限公司,70725908,50000.00,0.00,現金,1111117,,,金錢,臺中市豐原區****,,,,,,,,,
41,陳若庭,111年臺中市議員選舉,首次申報,1111111,個人捐贈收入,李阿萬,L12*******,20000.00,0.00,現金,1111117,,,金錢,臺北市中正區****,,,,,,,,,
42,陳若庭,111年臺中市議員選舉,首次申報,1111116,個人捐贈收入,游善伯,,30000.00,0.00,現金,1111116,,,金錢,臺中市神岡區****,,,,,,,,,
43,陳若庭,111年臺中市議員選舉,首次申報,1111120,個人捐贈收入,洪容荃,L12*******,100000.00,0.00,匯款,1111120,,,金錢,臺中市后里區****,,,,,,,,,
44,陳若庭,111年臺中市議員選舉,首次申報,1111121,個人捐贈收入,林華翊,L12*******,60000.00,0.00,現金,1111122,,,金錢,臺中市烏日區****,,,,,,,,,
45,陳若庭,111年臺中市議員選舉,首次申報,1111122,個人捐贈收入,蕭炳池,,12000.00,0.00,現金,1111122,,,金錢,臺中市后里區****,0910*****,,,,,,,,
46,陳若庭,111年臺中市議員選舉,首次申報,1111123,匿名捐贈,匿名,,1000.00,0.00,匯款,1111123,,,金錢,,,,,,,,,,
47,陳若庭,111年臺中市議員選舉,首次申報,1111124,營利事業捐贈收入,昱盛印刷事業有限公司,86937040,50000.00,0.00,現金,1111124,,,金錢,臺中市西屯區****,,,,,,,,,
48,陳若庭,111年臺中市議員選舉,首次申報,1111124,個人捐贈收入,艾彦睿,X12*******,100000.00,0.00,匯款,1111124,,,金錢,臺中市后里區****,0989*****,,,,,,,,
