﻿序號,擬參選人／政黨,選舉名稱,申報序號／年度,交易日期,收支科目,捐贈者／支出對象,身分證／統一編號,收入金額,支出金額,捐贈方式,存入專戶日期,返還/繳庫,支出用途,金錢類,地址,聯絡電話,應揭露之支出對象,支出對象之內部人員姓名,支出對象之內部人員職稱,政黨之內部人員姓名,政黨之內部人員職稱,關係,更正註記,資料更正日期
1,蔡明水,111年雲林縣議員選舉,首次申報,1110829,交通旅運支出,三第加油站股份有限公司,16336656,0.00,1500.00,,,,油資,金錢,雲林縣土庫鎮****,,否,,,,,,,
2,蔡明水,111年雲林縣議員選舉,首次申報,1110910,雜支支出,盛林鎖匙印章店,45541918,0.00,400.00,,,,政治獻金專戶印章,金錢,雲林縣北港鎮****,05-7*****,否,,,,,,,
3,蔡明水,111年雲林縣議員選舉,首次申報,1110920,交通旅運支出,台灣中油股份有限公司油品行銷事業部嘉義營業處北港加油站,63623309,0.00,1000.00,,,,油資,金錢,雲林縣北港鎮****,,否,,,,,,,
4,蔡明水,111年雲林縣議員選舉,首次申報,1110921,宣傳支出,宏瑋企業社,88471498,0.00,51500.00,,,,製作競選物品(膠帶條*元+旗座個*元+旗竿個*元+手拿旗個*元),金錢,雲林縣斗六市****,0553*****,否,,,,,,,
5,蔡明水,111年雲林縣議員選舉,首次申報,1110925,租用競選辦事處支出,林香琪,P22*******,0.00,12000.00,,,,租用競選辦事處費用(/至/共二個月(每月租金元)),金錢,雲林縣元長鄉****,05-7*****,否,,,,,,,
6,蔡明水,111年雲林縣議員選舉,首次申報,1110926,宣傳支出,千祥廣告企業社,09186533,0.00,9000.00,,,,製作競選物品（廣告筆個*元）,金錢,雲林縣西螺鎮****,0563*****,否,,,,,,,
7,蔡明水,111年雲林縣議員選舉,首次申報,1110926,宣傳支出,宏瑋企業社,88471498,0.00,75000.00,,,,製作競選物品（布旗.*尺*個*元）,金錢,雲林縣斗六市****,0553*****,否,,,,,,,
8,蔡明水,111年雲林縣議員選舉,首次申報,1110929,交通旅運支出,台灣中油股份有限公司油品行銷事業部嘉義營業處北港加油站,63623309,0.00,1000.00,,,,油資,金錢,雲林縣北港鎮****,,否,,,,,,,
9,蔡明水,111年雲林縣議員選舉,首次申報,1110929,宣傳支出,宏瑋企業社,88471498,0.00,28500.00,,,,宣傳廣告費用（廣告布條條*元）,金錢,雲林縣斗六市****,0553*****,否,,,,,,,
10,蔡明水,111年雲林縣議員選舉,首次申報,1111004,雜支支出,俗俗賣家庭五金行,17466924,0.00,1400.00,,,,雜項購置(延長線*+垃圾袋*+垃圾筒*),金錢,雲林縣元長鄉****,0578*****,否,,,,,,,
11,蔡明水,111年雲林縣議員選舉,首次申報,1111004,雜支支出,冠弈五金行,64335501,0.00,300.00,,,,雜項購置(金龍風槍釘元*盒),金錢,雲林縣褒忠鄉****,0569*****,否,,,,,,,
12,蔡明水,111年雲林縣議員選舉,首次申報,1111005,雜支支出,盛林鎖匙印章店,45541918,0.00,600.00,,,,遙控器*個*元,金錢,雲林縣北港鎮****,05-7*****,否,,,,,,,
13,蔡明水,111年雲林縣議員選舉,首次申報,1111005,交通旅運支出,台灣中油股份有限公司油品行銷事業部嘉義營業處北港加油站,63623309,0.00,1000.00,,,,油資,金錢,雲林縣北港鎮****,,否,,,,,,,
14,蔡明水,111年雲林縣議員選舉,首次申報,1111005,雜支支出,清祥商號,63802197,0.00,1955.00,,,,雜項購置(紙杯元*+小紙杯元*+小垃圾袋元*+花袋元*+耐熱袋元*+湯杯元*+*筷子元*),金錢,雲林縣北港鎮****,0578*****,否,,,,,,,
15,蔡明水,111年雲林縣議員選舉,首次申報,1111005,雜支支出,圓品商行,67860529,0.00,672.00,,,,文具用品費用(膠帶元*+切割器元*+延長線元*),金錢,雲林縣元長鄉****,,否,,,,,,,
16,蔡明水,111年雲林縣議員選舉,首次申報,1111005,交通旅運支出,信吉加油站有限公司,97379541,0.00,1662.00,,,,油資,金錢,雲林縣元長鄉****,,否,,,,,,,
17,蔡明水,111年雲林縣議員選舉,首次申報,1111006,雜支支出,俗俗賣家庭五金行,17466924,0.00,2350.00,,,,工業風扇(黑金鋼吋一組$元+支腳吋一組$元),金錢,雲林縣元長鄉****,0578*****,否,,,,,,,
18,蔡明水,111年雲林縣議員選舉,首次申報,1111006,宣傳支出,宏瑋企業社,88471498,0.00,65280.00,,,,製作競選物品（競選帆布才*元+才*元）,金錢,雲林縣斗六市****,0553*****,否,,,,,,,
19,蔡明水,111年雲林縣議員選舉,首次申報,1111006,公共關係費用支出,中華花坊禮儀社,92830833,0.00,3000.00,,,,給付花柱費用(花柱一對),金錢,雲林縣元長鄉****,0578*****,否,,,,,,,
20,蔡明水,111年雲林縣議員選舉,首次申報,1111007,公共關係費用支出,中華花坊禮儀社,92830833,0.00,2000.00,,,,給付花籃費用(蘭花一只),金錢,雲林縣元長鄉****,0578*****,否,,,,,,,
21,蔡明水,111年雲林縣議員選舉,首次申報,1111007,公共關係費用支出,中華花坊禮儀社,92830833,0.00,5000.00,,,,給付花籃費用(蘭花一只元+花柱一對元),金錢,雲林縣元長鄉****,0578*****,否,,,,,,,
22,蔡明水,111年雲林縣議員選舉,首次申報,1111010,交通旅運支出,台灣中油股份有限公司油品行銷事業部嘉義營業處北港加油站,63623309,0.00,1515.00,,,,油資,金錢,雲林縣北港鎮****,,否,,,,,,,
23,蔡明水,111年雲林縣議員選舉,首次申報,1111011,交通旅運支出,台灣中油股份有限公司油品行銷事業部嘉義營業處北港加油站,63623309,0.00,1000.00,,,,油資,金錢,雲林縣北港鎮****,,否,,,,,,,
24,蔡明水,111年雲林縣議員選舉,首次申報,1111014,交通旅運支出,台灣中油股份有限公司油品行銷事業部嘉義營業處北港加油站,63623309,0.00,1438.00,,,,油資,金錢,雲林縣北港鎮****,,否,,,,,,,
25,蔡明水,111年雲林縣議員選舉,首次申報,1111016,宣傳支出,千祥廣告企業社,09186533,0.00,71680.00,,,,宣傳廣告費用(元長總部帆布才*元+鷹架才*元),金錢,雲林縣西螺鎮****,0563*****,否,,,,,,,
26,蔡明水,111年雲林縣議員選舉,首次申報,1111018,公共關係費用支出,中華花坊禮儀社,92830833,0.00,2000.00,,,,給付花籃費用(蘭花一只),金錢,雲林縣元長鄉****,0578*****,否,,,,,,,
27,蔡明水,111年雲林縣議員選舉,首次申報,1111019,交通旅運支出,台灣中油股份有限公司油品行銷事業部嘉南營業處元長加油站,64877619,0.00,1050.00,,,,油資,金錢,雲林縣元長鄉****,,否,,,,,,,
28,蔡明水,111年雲林縣議員選舉,首次申報,1111019,交通旅運支出,台灣中油股份有限公司油品行銷事業部嘉南營業處元長加油站,64877619,0.00,1592.00,,,,油資,金錢,雲林縣元長鄉****,,否,,,,,,,
29,蔡明水,111年雲林縣議員選舉,首次申報,1111020,雜支支出,元長鄉農會,63619500,0.00,4000.00,,,,文具用品費用(膠帶條*元),金錢,雲林縣元長鄉****,,否,,,,,,,
30,蔡明水,111年雲林縣議員選舉,首次申報,1111021,人事費用支出,蘇郁凱,F12*******,0.00,27500.00,,,,工資或薪津(組件宣傳旗子和綁宣傳旗子.元*支),金錢,雲林縣元長鄉****,0966*****,否,,,,,,,
31,蔡明水,111年雲林縣議員選舉,首次申報,1111022,宣傳支出,千祥廣告企業社,09186533,0.00,71680.00,,,,宣傳廣告費用（褒忠總部帆布才*元+鷹架才*元）,金錢,雲林縣西螺鎮****,0563*****,否,,,,,,,
32,蔡明水,111年雲林縣議員選舉,首次申報,1111022,交通旅運支出,台灣中油股份有限公司油品行銷事業部嘉南營業處元長加油站,64877619,0.00,1000.00,,,,油資,金錢,雲林縣元長鄉****,,否,,,,,,,
33,蔡明水,111年雲林縣議員選舉,首次申報,1111024,交通旅運支出,台灣中油股份有限公司油品行銷事業部嘉南營業處元長加油站,64877619,0.00,1597.00,,,,油資,金錢,雲林縣元長鄉****,,否,,,,,,,
34,蔡明水,111年雲林縣議員選舉,首次申報,1111024,交通旅運支出,台灣中油股份有限公司油品行銷事業部嘉南營業處元長加油站,64877619,0.00,1000.00,,,,油資,金錢,雲林縣元長鄉****,,否,,,,,,,
35,蔡明水,111年雲林縣議員選舉,首次申報,1111025,宣傳支出,元長派報社,,0.00,3600.00,,,,選舉宣傳夾報費用(單價.元*份),金錢,雲林縣元長鄉****,0578*****,否,,,,,,,
36,蔡明水,111年雲林縣議員選舉,首次申報,1111030,交通旅運支出,台灣中油股份有限公司油品行銷事業部嘉南營業處元長加油站,64877619,0.00,1000.00,,,,油資,金錢,雲林縣元長鄉****,,否,,,,,,,
37,蔡明水,111年雲林縣議員選舉,首次申報,1111030,交通旅運支出,台灣中油股份有限公司油品行銷事業部嘉南營業處元長加油站,64877619,0.00,1607.00,,,,油資,金錢,雲林縣元長鄉****,,否,,,,,,,
38,蔡明水,111年雲林縣議員選舉,首次申報,1111101,雜支支出,俗俗賣家庭五金行,17466924,0.00,720.00,,,,透明膠帶$*,金錢,雲林縣元長鄉****,0578*****,否,,,,,,,
39,蔡明水,111年雲林縣議員選舉,首次申報,1111101,公共關係費用支出,良好園藝行,45308525,0.00,3000.00,,,,給付花籃費用(羅馬桔一只),金錢,雲林縣東勢鄉****,05-6*****,否,,,,,,,
40,蔡明水,111年雲林縣議員選舉,首次申報,1111101,公共關係費用支出,良好園藝行,45308525,0.00,3000.00,,,,給付花籃費用(羅馬桔一只),金錢,雲林縣東勢鄉****,05-6*****,否,,,,,,,
41,蔡明水,111年雲林縣議員選舉,首次申報,1111101,交通旅運支出,台灣中油股份有限公司油品行銷事業部嘉南營業處元長加油站,64877619,0.00,1000.00,,,,油資,金錢,雲林縣元長鄉****,,否,,,,,,,
42,蔡明水,111年雲林縣議員選舉,首次申報,1111101,租用宣傳車輛支出,李慶春,P10*******,0.00,47000.00,,,,雇用宣傳車輛駕駛費用(/至/日，元/天*天),金錢,雲林縣元長鄉****,0983*****,否,,,,,,,
43,蔡明水,111年雲林縣議員選舉,首次申報,1111101,公共關係費用支出,董又銘,P12*******,0.00,2500.00,,,,給付花籃費用(蘭花一只),金錢,雲林縣虎尾鎮****,,否,,,,,,,
44,蔡明水,111年雲林縣議員選舉,首次申報,1111102,宣傳支出,千祥廣告企業社,09186533,0.00,95000.00,,,,製作競選物品（布旗*尺*個*元）,金錢,雲林縣西螺鎮****,0563*****,否,,,,,,,
45,蔡明水,111年雲林縣議員選舉,首次申報,1111102,宣傳支出,宏瑋企業社,88471498,0.00,95000.00,,,,製作競選物品（布旗*尺*個*元）,金錢,雲林縣斗六市****,0553*****,否,,,,,,,
46,蔡明水,111年雲林縣議員選舉,首次申報,1111103,交通旅運支出,台灣中油股份有限公司油品行銷事業部嘉南營業處元長加油站,64877619,0.00,1658.00,,,,油資,金錢,雲林縣元長鄉****,,否,,,,,,,
47,蔡明水,111年雲林縣議員選舉,首次申報,1111106,交通旅運支出,台灣中油股份有限公司油品行銷事業部嘉義營業處馬光加油站,06221347,0.00,840.00,,,,油資,金錢,雲林縣土庫鎮****,,否,,,,,,,
48,蔡明水,111年雲林縣議員選舉,首次申報,1111107,交通旅運支出,台灣中油股份有限公司油品行銷事業部嘉義營業處褒忠加油站,27129465,0.00,700.00,,,,油資,金錢,雲林縣褒忠鄉****,,否,,,,,,,
49,蔡明水,111年雲林縣議員選舉,首次申報,1111108,交通旅運支出,台灣中油股份有限公司油品行銷事業部嘉義營業處褒忠加油站,27129465,0.00,500.00,,,,油資,金錢,雲林縣褒忠鄉****,,否,,,,,,,
50,蔡明水,111年雲林縣議員選舉,首次申報,1111109,交通旅運支出,三第加油站股份有限公司,16336656,0.00,1451.00,,,,油資,金錢,雲林縣土庫鎮****,,否,,,,,,,
51,蔡明水,111年雲林縣議員選舉,首次申報,1111109,宣傳支出,宏瑋企業社,88471498,0.00,55000.00,,,,製作競選物品（布條條*元）,金錢,雲林縣斗六市****,0553*****,否,,,,,,,
52,蔡明水,111年雲林縣議員選舉,首次申報,1111110,交通旅運支出,台灣中油股份有限公司油品行銷事業部嘉南營業處元長加油站,64877619,0.00,500.00,,,,油資,金錢,雲林縣元長鄉****,,否,,,,,,,
53,蔡明水,111年雲林縣議員選舉,首次申報,1111111,雜支支出,川億商行,14161131,0.00,240.00,,,,文具用品費用(透明封箱膠帶*),金錢,雲林縣虎尾鎮****,0563*****,否,,,,,,,
54,蔡明水,111年雲林縣議員選舉,首次申報,1111111,交通旅運支出,台灣中油股份有限公司油品行銷事業部嘉南營業處元長加油站,64877619,0.00,700.00,,,,油資,金錢,雲林縣元長鄉****,,否,,,,,,,
55,蔡明水,111年雲林縣議員選舉,首次申報,1111114,交通旅運支出,福懋興業股份有限公司福懋林森加油站,45819809,0.00,1441.00,,,,油資,金錢,雲林縣虎尾鎮****,,否,,,,,,,
56,蔡明水,111年雲林縣議員選舉,首次申報,1111114,交通旅運支出,台灣中油股份有限公司油品行銷事業部嘉南營業處元長加油站,64877619,0.00,1000.00,,,,油資,金錢,雲林縣元長鄉****,,否,,,,,,,
57,蔡明水,111年雲林縣議員選舉,首次申報,1111115,交通旅運支出,三第加油站股份有限公司,16336656,0.00,510.00,,,,油資,金錢,雲林縣土庫鎮****,,否,,,,,,,
58,蔡明水,111年雲林縣議員選舉,首次申報,1111115,交通旅運支出,台灣中油股份有限公司油品行銷事業部嘉南營業處元長加油站,64877619,0.00,1000.00,,,,油資,金錢,雲林縣元長鄉****,,否,,,,,,,
59,蔡明水,111年雲林縣議員選舉,首次申報,1111116,交通旅運支出,福懋興業股份有限公司福懋土庫加油站,99865619,0.00,500.00,,,,油資,金錢,雲林縣土庫鎮****,,否,,,,,,,
60,蔡明水,111年雲林縣議員選舉,首次申報,1111116,租用宣傳車輛支出,蘇郁凱,F12*******,0.00,16000.00,,,,雇用宣傳車輛駕駛費用(/至/止，元/天*天),金錢,雲林縣元長鄉****,0966*****,否,,,,,,,
61,蔡明水,111年雲林縣議員選舉,首次申報,1111116,租用宣傳車輛支出,魏金生,K10*******,0.00,20000.00,,,,雇用宣傳車輛駕駛費用(/至/，元/天*天),金錢,雲林縣土庫鎮****,0937*****,否,,,,,,,
62,蔡明水,111年雲林縣議員選舉,首次申報,1111118,交通旅運支出,台灣中油股份有限公司油品行銷事業部嘉南營業處元長加油站,64877619,0.00,1405.00,,,,油資,金錢,雲林縣元長鄉****,,否,,,,,,,
63,蔡明水,111年雲林縣議員選舉,首次申報,1111119,租用宣傳車輛支出,金泉加油站興業有限公司,23807386,0.00,750.00,,,,宣傳車輛燃料費用,金錢,雲林縣虎尾鎮****,,否,,,,,,,
64,蔡明水,111年雲林縣議員選舉,首次申報,1111120,租用宣傳車輛支出,台灣中油股份有限公司油品行銷事業部嘉南營業處元長加油站,64877619,0.00,730.00,,,,宣傳車輛燃料費用,金錢,雲林縣元長鄉****,,否,,,,,,,
65,蔡明水,111年雲林縣議員選舉,首次申報,1111121,租用宣傳車輛支出,金泉加油站興業有限公司,23807386,0.00,730.00,,,,宣傳車輛燃料費用,金錢,雲林縣虎尾鎮****,,否,,,,,,,
66,蔡明水,111年雲林縣議員選舉,首次申報,1111122,交通旅運支出,台灣中油股份有限公司油品行銷事業部嘉義營業處北港加油站,63623309,0.00,1000.00,,,,油資,金錢,雲林縣北港鎮****,,否,,,,,,,
67,蔡明水,111年雲林縣議員選舉,首次申報,1111123,宣傳支出,三禾企業社,26947353,0.00,21168.00,,,,選舉竹架,金錢,南投縣南投市****,0932*****,否,,,,,,,
68,蔡明水,111年雲林縣議員選舉,首次申報,1111123,租用宣傳車輛支出,台灣中油股份有限公司油品行銷事業部嘉義營業處土庫加油站,64127623,0.00,650.00,,,,宣傳車輛燃料費用,金錢,雲林縣土庫鎮****,,否,,,,,,,
69,蔡明水,111年雲林縣議員選舉,首次申報,1111123,交通旅運支出,台灣中油股份有限公司油品行銷事業部嘉南營業處元長加油站,64877619,0.00,1435.00,,,,油資,金錢,雲林縣元長鄉****,,否,,,,,,,
70,蔡明水,111年雲林縣議員選舉,首次申報,1111123,交通旅運支出,福懋興業股份有限公司福懋元長加油站,98940766,0.00,534.00,,,,油資,金錢,雲林縣元長鄉****,,否,,,,,,,
71,蔡明水,111年雲林縣議員選舉,首次申報,1111124,集會支出,統一便當,06199366,0.00,5600.00,,,,餐飲費用(便當元*個),金錢,雲林縣元長鄉****,0578*****,否,,,,,,,
72,蔡明水,111年雲林縣議員選舉,首次申報,1111125,集會支出,統一便當,06199366,0.00,800.00,,,,餐飲費用(便當元*個),金錢,雲林縣元長鄉****,0578*****,否,,,,,,,
73,蔡明水,111年雲林縣議員選舉,首次申報,1111125,租用宣傳車輛支出,金泉加油站興業有限公司,23807386,0.00,600.00,,,,宣傳車輛燃料費用,金錢,雲林縣虎尾鎮****,,否,,,,,,,
74,蔡明水,111年雲林縣議員選舉,首次申報,1111125,交通旅運支出,信吉加油站有限公司,97379541,0.00,500.00,,,,油資,金錢,雲林縣元長鄉****,,否,,,,,,,
75,蔡明水,111年雲林縣議員選舉,首次申報,1111128,交通旅運支出,台灣中油股份有限公司油品行銷事業部嘉南營業處元長加油站,64877619,0.00,1278.00,,,,油資,金錢,雲林縣元長鄉****,,否,,,,,,,
76,蔡明水,111年雲林縣議員選舉,首次申報,1111129,交通旅運支出,台灣中油股份有限公司油品行銷事業部嘉南營業處元長加油站,64877619,0.00,1000.00,,,,油資,金錢,雲林縣元長鄉****,,否,,,,,,,
77,蔡明水,111年雲林縣議員選舉,首次申報,1111201,宣傳支出,千祥廣告企業社,09186533,0.00,65700.00,,,,宣傳廣告費用（帆布才*元+帆布才*元+才*元）,金錢,雲林縣西螺鎮****,0563*****,否,,,,,,,
78,蔡明水,111年雲林縣議員選舉,首次申報,1111205,交通旅運支出,信吉加油站有限公司,97379541,0.00,1541.00,,,,油資,金錢,雲林縣元長鄉****,,否,,,,,,,
79,蔡明水,111年雲林縣議員選舉,首次申報,1111206,交通旅運支出,台灣中油股份有限公司油品行銷事業部嘉南營業處元長加油站,64877619,0.00,1000.00,,,,油資,金錢,雲林縣元長鄉****,,否,,,,,,,
80,蔡明水,111年雲林縣議員選舉,首次申報,1111210,交通旅運支出,福懋興業股份有限公司福懋北港加油站,45434179,0.00,1368.00,,,,油資,金錢,雲林縣北港鎮****,,否,,,,,,,
81,蔡明水,111年雲林縣議員選舉,首次申報,1111214,交通旅運支出,台灣中油股份有限公司油品行銷事業部嘉義營業處北港加油站,63623309,0.00,1000.00,,,,油資,金錢,雲林縣北港鎮****,,否,,,,,,,
82,蔡明水,111年雲林縣議員選舉,首次申報,1111215,交通旅運支出,台灣中油股份有限公司油品行銷事業部嘉南營業處水林加油站,06181318,0.00,1640.00,,,,油資,金錢,雲林縣水林鄉****,,否,,,,,,,
83,蔡明水,111年雲林縣議員選舉,首次申報,1111220,交通旅運支出,台灣中油股份有限公司油品行銷事業部嘉義營業處北港加油站,63623309,0.00,1360.00,,,,油資,金錢,雲林縣北港鎮****,,否,,,,,,,
