﻿序號,擬參選人／政黨,選舉名稱,申報序號／年度,交易日期,收支科目,捐贈者／支出對象,身分證／統一編號,收入金額,支出金額,支出用途,金錢類,地址,聯絡電話,資料更正日期
1,曹嘉豪,107年縣(市)議員選舉,首次申報,1070720,集會支出,全方位百貨商場有限公司,53854694,0.00,7975.00,餐飲支出,金錢,彰化縣員林市****,,
2,曹嘉豪,107年縣(市)議員選舉,首次申報,1070723,雜支支出,京城模特兒衣架專賣店,78161488,0.00,640.00,文具用品費用,金錢,彰化縣員林市****,,
3,曹嘉豪,107年縣(市)議員選舉,首次申報,1070821,雜支支出,振鈴企業股份有限公司,23099308,0.00,3743.00,文具用品費用,金錢,彰化縣員林市****,,
4,曹嘉豪,107年縣(市)議員選舉,首次申報,1070827,雜支支出,銀益商行,60216139,0.00,7135.00,餐飲費用,金錢,彰化縣員林市****,,
5,曹嘉豪,107年縣(市)議員選舉,首次申報,1070902,租用宣傳車輛支出,永村員林加油站,80814730,0.00,2000.00,宣傳車輛燃料支出,金錢,彰化縣員林市****,,
6,曹嘉豪,107年縣(市)議員選舉,首次申報,1070906,租用宣傳車輛支出,東區加油站股份有限公司,22973034,0.00,3000.00,宣傳車輛燃料支出,金錢,彰化縣員林市****,,
7,曹嘉豪,107年縣(市)議員選舉,首次申報,1070910,宣傳支出,正益企業有限公司,42948082,0.00,25500.00,製作競選物品支出（物品名稱-袖套和冰涼巾）,金錢,彰化縣田中鎮****,,
8,曹嘉豪,107年縣(市)議員選舉,首次申報,1070915,雜支支出,銀益商行,60216139,0.00,6700.00,餐飲費用,金錢,彰化縣員林市****,,
9,曹嘉豪,107年縣(市)議員選舉,首次申報,1070919,租用宣傳車輛支出,立祐有限公司員立加油站,72443200,0.00,3000.00,宣傳車輛燃料支出,金錢,彰化縣員林市****,,
10,曹嘉豪,107年縣(市)議員選舉,首次申報,1070920,租用宣傳車輛支出,大彰加油站,16374969,0.00,1000.00,宣傳車輛燃料支出,金錢,彰化縣大村鄉****,,
11,曹嘉豪,107年縣(市)議員選舉,首次申報,1070921,集會支出,榮貴糕餅有限公司,54237143,0.00,3000.00,餐飲支出,金錢,彰化縣社頭鄉****,,
12,曹嘉豪,107年縣(市)議員選舉,首次申報,1070925,雜支支出,友誠商行,45664930,0.00,8160.00,餐飲費用,金錢,彰化縣花壇鄉****,,
13,曹嘉豪,107年縣(市)議員選舉,首次申報,1070926,宣傳支出,金馬服飾,25282863,0.00,40000.00,製作競選物品支出（物品名稱-工作服）,金錢,彰化縣彰化市****,,
14,曹嘉豪,107年縣(市)議員選舉,首次申報,1070926,宣傳支出,競選總部,N12*******,0.00,100000.00,郵寄競選物品或宣傳廣告支出,非金錢,彰化縣員林市****,,
15,曹嘉豪,107年縣(市)議員選舉,首次申報,1070927,宣傳支出,米祺玩色世界工作坊,10950346,0.00,13560.00,製作競選物品支出（物品名稱-邀請卡）,金錢,彰化縣大村鄉****,,
16,曹嘉豪,107年縣(市)議員選舉,首次申報,1070927,雜支支出,銀益商行,60216139,0.00,5400.00,餐飲費用,金錢,彰化縣員林市****,,
17,曹嘉豪,107年縣(市)議員選舉,首次申報,1070930,宣傳支出,米祺玩色世界工作坊,10950346,0.00,16440.00,製作競選物品支出（物品名稱-邀請卡）,金錢,彰化縣大村鄉****,,
18,曹嘉豪,107年縣(市)議員選舉,首次申報,1070930,雜支支出,競選總部,N12*******,0.00,7600.00,餐飲費用,非金錢,彰化縣員林市****,,
19,曹嘉豪,107年縣(市)議員選舉,首次申報,1071003,雜支支出,競選總部,N12*******,0.00,12000.00,餐飲費用,非金錢,彰化縣員林市****,,
20,曹嘉豪,107年縣(市)議員選舉,首次申報,1071004,租用宣傳車輛支出,大彰加油站,16374969,0.00,1000.00,宣傳車輛燃料支出,金錢,彰化縣大村鄉****,,
21,曹嘉豪,107年縣(市)議員選舉,首次申報,1071004,雜支支出,花壇鎖匙行,97848684,0.00,2000.00,雜項購置或修繕費用,金錢,彰化縣花壇鄉****,,
22,曹嘉豪,107年縣(市)議員選舉,首次申報,1071005,租用宣傳車輛支出,德利汽車電機行,05999333,0.00,14800.00,維修宣傳車輛支出,金錢,彰化縣員林市****,,
23,曹嘉豪,107年縣(市)議員選舉,首次申報,1071005,雜支支出,競選總部,N12*******,0.00,43500.00,餐飲費用,非金錢,彰化縣員林市****,,
24,曹嘉豪,107年縣(市)議員選舉,首次申報,1071007,雜支支出,競選總部,N12*******,0.00,8000.00,餐飲費用,非金錢,彰化縣員林市****,,
25,曹嘉豪,107年縣(市)議員選舉,首次申報,1071008,宣傳支出,中華郵政,03741302,0.00,27507.00,郵寄競選物品或宣傳廣告支出,金錢,彰化縣員林市****,,
26,曹嘉豪,107年縣(市)議員選舉,首次申報,1071009,宣傳支出,米祺玩色世界工作坊,10950346,0.00,14000.00,製作競選物品支出（物品名稱-名片）,金錢,彰化縣大村鄉****,,
27,曹嘉豪,107年縣(市)議員選舉,首次申報,1071009,宣傳支出,米祺玩色世界工作坊,10950346,0.00,5000.00,製作競選物品支出（物品名稱-名片）,金錢,彰化縣大村鄉****,,
28,曹嘉豪,107年縣(市)議員選舉,首次申報,1071010,雜支支出,競選總部,N12*******,0.00,3000.00,餐飲費用,金錢,彰化縣員林市****,,
29,曹嘉豪,107年縣(市)議員選舉,首次申報,1071011,雜支支出,競選總部,N12*******,0.00,2800.00,餐飲費用,金錢,彰化縣員林市****,,
30,曹嘉豪,107年縣(市)議員選舉,首次申報,1071012,雜支支出,競選總部,N12*******,0.00,1980.00,餐飲費用,金錢,彰化縣員林市****,,
31,曹嘉豪,107年縣(市)議員選舉,首次申報,1071013,雜支支出,德味自助餐,25270661,0.00,9000.00,餐飲費用,金錢,彰化縣大村鄉****,,
32,曹嘉豪,107年縣(市)議員選舉,首次申報,1071013,雜支支出,競選總部,N12*******,0.00,2990.00,餐飲費用,金錢,彰化縣員林市****,,
33,曹嘉豪,107年縣(市)議員選舉,首次申報,1071014,租用宣傳車輛支出,明星加油站有限公司,53271826,0.00,1000.00,宣傳車輛燃料支出,金錢,()彰化縣大****,,
34,曹嘉豪,107年縣(市)議員選舉,首次申報,1071014,雜支支出,銀益商行,60216139,0.00,7500.00,餐飲費用,金錢,彰化縣員林市****,,
35,曹嘉豪,107年縣(市)議員選舉,首次申報,1071014,雜支支出,競選總部,N12*******,0.00,3150.00,餐飲費用,金錢,彰化縣員林市****,,
36,曹嘉豪,107年縣(市)議員選舉,首次申報,1071015,雜支支出,競選總部,N12*******,0.00,2760.00,餐飲費用,金錢,彰化縣員林市****,,
37,曹嘉豪,107年縣(市)議員選舉,首次申報,1071016,雜支支出,競選總部,N12*******,0.00,3260.00,餐飲費用,金錢,彰化縣員林市****,,
38,曹嘉豪,107年縣(市)議員選舉,首次申報,1071017,雜支支出,溢田碾米工廠,59769007,0.00,6250.00,餐飲費用,金錢,彰化縣員林市****,,
39,曹嘉豪,107年縣(市)議員選舉,首次申報,1071017,雜支支出,競選總部,N12*******,0.00,2450.00,餐飲費用,金錢,彰化縣員林市****,,
40,曹嘉豪,107年縣(市)議員選舉,首次申報,1071018,租用宣傳車輛支出,大彰加油站,16374969,0.00,1000.00,宣傳車輛燃料支出,金錢,彰化縣大村鄉****,,
41,曹嘉豪,107年縣(市)議員選舉,首次申報,1071018,雜支支出,新復興肉商,59804813,0.00,5000.00,餐飲費用,金錢,彰化縣員林市****,,
42,曹嘉豪,107年縣(市)議員選舉,首次申報,1071018,雜支支出,新益豐行,60263651,0.00,8900.00,餐飲費用,金錢,彰化縣員林市****,,
43,曹嘉豪,107年縣(市)議員選舉,首次申報,1071018,雜支支出,競選總部,N12*******,0.00,2710.00,餐飲費用,金錢,彰化縣員林市****,,
44,曹嘉豪,107年縣(市)議員選舉,首次申報,1071019,宣傳支出,米祺玩色世界工作坊,10950346,0.00,5600.00,製作競選物品支出（物品名稱-貼紙）,金錢,彰化縣大村鄉****,,
45,曹嘉豪,107年縣(市)議員選舉,首次申報,1071019,雜支支出,員東商店,78147607,0.00,1450.00,餐飲費用,金錢,彰化縣員林市****,,
46,曹嘉豪,107年縣(市)議員選舉,首次申報,1071020,集會支出,欣瑞音響社,19944036,0.00,7500.00,租用設備支出,金錢,彰化縣北斗鎮****,,
47,曹嘉豪,107年縣(市)議員選舉,首次申報,1071020,集會支出,欣瑞音響社,19944036,0.00,15000.00,租用設備支出,金錢,彰化縣北斗鎮****,,
48,曹嘉豪,107年縣(市)議員選舉,首次申報,1071020,集會支出,聖恩快餐,45294634,0.00,12000.00,餐飲支出,金錢,彰化縣員林市****,,
49,曹嘉豪,107年縣(市)議員選舉,首次申報,1071020,集會支出,東北里餐飲服務中心,47449727,0.00,12000.00,租用設備支出,金錢,彰化縣員林市****,,
50,曹嘉豪,107年縣(市)議員選舉,首次申報,1071020,集會支出,東北里餐飲服務中心,47449727,0.00,22500.00,餐飲支出,金錢,彰化縣員林市****,,
51,曹嘉豪,107年縣(市)議員選舉,首次申報,1071020,集會支出,龍昌環保有限公司,58517623,0.00,9000.00,租用設備支出,金錢,彰化縣埔心鄉****,,
52,曹嘉豪,107年縣(市)議員選舉,首次申報,1071020,集會支出,龍暉錄影社,93893770,0.00,15000.00,租用設備支出,金錢,彰化縣大村鄉****,,
53,曹嘉豪,107年縣(市)議員選舉,首次申報,1071020,集會支出,龍暉錄影社,93893770,0.00,10000.00,租用設備支出,金錢,彰化縣大村鄉****,,
54,曹嘉豪,107年縣(市)議員選舉,首次申報,1071020,雜支支出,高侑農產行,99655135,0.00,3000.00,餐飲費用,金錢,彰化縣員林市****,,
55,曹嘉豪,107年縣(市)議員選舉,首次申報,1071021,雜支支出,競選總部,N12*******,0.00,2650.00,餐飲費用,金錢,彰化縣員林市****,,
56,曹嘉豪,107年縣(市)議員選舉,首次申報,1071022,雜支支出,銀益商行,60216139,0.00,1700.00,餐飲費用,金錢,彰化縣員林市****,,
57,曹嘉豪,107年縣(市)議員選舉,首次申報,1071022,雜支支出,競選總部,N12*******,0.00,3080.00,餐飲費用,金錢,彰化縣員林市****,,
58,曹嘉豪,107年縣(市)議員選舉,首次申報,1071022,雜支支出,競選總部,N12*******,0.00,3300.00,餐飲費用,金錢,彰化縣員林市****,,
59,曹嘉豪,107年縣(市)議員選舉,首次申報,1071023,租用宣傳車輛支出,大彰加油站,16374969,0.00,1000.00,宣傳車輛燃料支出,金錢,彰化縣大村鄉****,,
60,曹嘉豪,107年縣(市)議員選舉,首次申報,1071023,雜支支出,競選總部,N12*******,0.00,2780.00,餐飲費用,金錢,彰化縣員林市****,,
61,曹嘉豪,107年縣(市)議員選舉,首次申報,1071024,宣傳支出,米祺玩色世界工作坊,10950346,0.00,9520.00,製作競選物品支出（物品名稱-貼紙）,金錢,彰化縣大村鄉****,,
62,曹嘉豪,107年縣(市)議員選舉,首次申報,1071024,集會支出,宏國企業社,26929670,0.00,35500.00,租用設備支出,金錢,彰化縣員林市****,,
63,曹嘉豪,107年縣(市)議員選舉,首次申報,1071024,雜支支出,銀益商行,60216139,0.00,1100.00,餐飲費用,金錢,彰化縣員林市****,,
64,曹嘉豪,107年縣(市)議員選舉,首次申報,1071024,雜支支出,競選總部,N12*******,0.00,3270.00,餐飲費用,金錢,彰化縣員林市****,,
65,曹嘉豪,107年縣(市)議員選舉,首次申報,1071025,租用宣傳車輛支出,東區加油站股份有限公司,22973034,0.00,920.00,宣傳車輛燃料支出,金錢,彰化縣員林市****,,
66,曹嘉豪,107年縣(市)議員選舉,首次申報,1071025,雜支支出,競選總部,N12*******,0.00,2750.00,餐飲費用,金錢,彰化縣員林市****,,
67,曹嘉豪,107年縣(市)議員選舉,首次申報,1071026,雜支支出,銀益商行,60216139,0.00,2000.00,餐飲費用,金錢,彰化縣員林市****,,
68,曹嘉豪,107年縣(市)議員選舉,首次申報,1071026,雜支支出,競選總部,N12*******,0.00,3150.00,餐飲費用,金錢,彰化縣員林市****,,
69,曹嘉豪,107年縣(市)議員選舉,首次申報,1071027,雜支支出,競選總部,N12*******,0.00,4980.00,餐飲費用,金錢,彰化縣員林市****,,
70,曹嘉豪,107年縣(市)議員選舉,首次申報,1071028,宣傳支出,金馬服飾,25282863,0.00,5500.00,製作競選物品支出（物品名稱-工作服）,金錢,彰化縣彰化市****,,
71,曹嘉豪,107年縣(市)議員選舉,首次申報,1071028,雜支支出,競選總部,N12*******,0.00,2670.00,餐飲費用,金錢,彰化縣員林市****,,
72,曹嘉豪,107年縣(市)議員選舉,首次申報,1071029,雜支支出,銀益商行,60216139,0.00,1510.00,餐飲費用,金錢,彰化縣員林市****,,
73,曹嘉豪,107年縣(市)議員選舉,首次申報,1071029,雜支支出,競選總部,N12*******,0.00,3000.00,餐飲費用,金錢,彰化縣員林市****,,
74,曹嘉豪,107年縣(市)議員選舉,首次申報,1071030,租用宣傳車輛支出,員投加油站股份有限公司,27401675,0.00,1088.00,宣傳車輛燃料支出,金錢,彰化縣員林市****,,
75,曹嘉豪,107年縣(市)議員選舉,首次申報,1071030,雜支支出,競選總部,N12*******,0.00,2770.00,餐飲費用,金錢,彰化縣員林市****,,
76,曹嘉豪,107年縣(市)議員選舉,首次申報,1071031,宣傳支出,米祺玩色世界工作坊,10950346,0.00,12000.00,製作宣傳廣告支出,金錢,彰化縣大村鄉****,,
77,曹嘉豪,107年縣(市)議員選舉,首次申報,1071031,租用宣傳車輛支出,大彰加油站,16374969,0.00,1000.00,宣傳車輛燃料支出,金錢,彰化縣大村鄉****,,
78,曹嘉豪,107年縣(市)議員選舉,首次申報,1071031,租用宣傳車輛支出,東區加油站股份有限公司,22973034,0.00,1000.00,宣傳車輛燃料支出,金錢,彰化縣員林市****,,
79,曹嘉豪,107年縣(市)議員選舉,首次申報,1071031,雜支支出,競選總部,N12*******,0.00,3290.00,餐飲費用,金錢,彰化縣員林市****,,
80,曹嘉豪,107年縣(市)議員選舉,首次申報,1071101,宣傳支出,華軒工藝社,45427971,0.00,42000.00,製作競選物品支出（物品名稱-帽子）,金錢,彰化縣員林市****,,
81,曹嘉豪,107年縣(市)議員選舉,首次申報,1071101,雜支支出,競選總部,N12*******,0.00,12000.00,餐飲費用,非金錢,彰化縣員林市****,,
82,曹嘉豪,107年縣(市)議員選舉,首次申報,1071101,雜支支出,競選總部,N12*******,0.00,2670.00,餐飲費用,金錢,彰化縣員林市****,,
83,曹嘉豪,107年縣(市)議員選舉,首次申報,1071102,雜支支出,銀益商行,60216139,0.00,1700.00,餐飲費用,金錢,彰化縣員林市****,,
84,曹嘉豪,107年縣(市)議員選舉,首次申報,1071102,雜支支出,競選總部,N12*******,0.00,2700.00,餐飲費用,金錢,彰化縣員林市****,,
85,曹嘉豪,107年縣(市)議員選舉,首次申報,1071102,宣傳支出,競選總部,N12*******,0.00,20000.00,製作宣傳廣告支出,非金錢,彰化縣員林市****,,
86,曹嘉豪,107年縣(市)議員選舉,首次申報,1071103,雜支支出,競選總部,N12*******,0.00,3150.00,餐飲費用,金錢,彰化縣員林市****,,
87,曹嘉豪,107年縣(市)議員選舉,首次申報,1071103,公共關係費用支出,競選總部,N12*******,0.00,6000.00,聯誼交際費用,非金錢,彰化縣員林市****,,
88,曹嘉豪,107年縣(市)議員選舉,首次申報,1071104,雜支支出,競選總部,N12*******,0.00,2980.00,餐飲費用,金錢,彰化縣員林市****,,
89,曹嘉豪,107年縣(市)議員選舉,首次申報,1071105,雜支支出,高侑農產行,99655135,0.00,5000.00,餐飲費用,金錢,彰化縣員林市****,,
90,曹嘉豪,107年縣(市)議員選舉,首次申報,1071105,雜支支出,競選總部,N12*******,0.00,3520.00,餐飲費用,金錢,彰化縣員林市****,,
91,曹嘉豪,107年縣(市)議員選舉,首次申報,1071106,雜支支出,競選總部,N12*******,0.00,2910.00,餐飲費用,金錢,彰化縣員林市****,,
92,曹嘉豪,107年縣(市)議員選舉,首次申報,1071107,雜支支出,競選總部,N12*******,0.00,3310.00,餐飲費用,金錢,彰化縣員林市****,,
93,曹嘉豪,107年縣(市)議員選舉,首次申報,1071108,租用宣傳車輛支出,德利汽車電機行,05999333,0.00,8280.00,維修宣傳車輛支出,金錢,彰化縣員林市****,,
94,曹嘉豪,107年縣(市)議員選舉,首次申報,1071108,雜支支出,競選總部,N12*******,0.00,3270.00,餐飲費用,金錢,彰化縣員林市****,,
95,曹嘉豪,107年縣(市)議員選舉,首次申報,1071109,雜支支出,競選總部,N12*******,0.00,2450.00,餐飲費用,金錢,彰化縣員林市****,,
96,曹嘉豪,107年縣(市)議員選舉,首次申報,1071110,雜支支出,競選總部,N12*******,0.00,2850.00,餐飲費用,金錢,彰化縣員林市****,,
97,曹嘉豪,107年縣(市)議員選舉,首次申報,1071111,雜支支出,競選總部,N12*******,0.00,3310.00,餐飲費用,金錢,彰化縣員林市****,,
98,曹嘉豪,107年縣(市)議員選舉,首次申報,1071112,雜支支出,競選總部,N12*******,0.00,2750.00,餐飲費用,金錢,彰化縣員林市****,,
99,曹嘉豪,107年縣(市)議員選舉,首次申報,1071113,雜支支出,競選總部,N12*******,0.00,3180.00,餐飲費用,金錢,彰化縣員林市****,,
100,曹嘉豪,107年縣(市)議員選舉,首次申報,1071114,雜支支出,競選總部,N12*******,0.00,2680.00,餐飲費用,金錢,彰化縣員林市****,,
101,曹嘉豪,107年縣(市)議員選舉,首次申報,1071115,宣傳支出,華軒工藝社,45427971,0.00,8000.00,製作競選物品支出（物品名稱-旗幟）,金錢,彰化縣員林市****,,
102,曹嘉豪,107年縣(市)議員選舉,首次申報,1071115,宣傳支出,明昇企業社,47543053,0.00,5430.00,製作競選物品支出（物品名稱-請填寫）,金錢,彰化縣鹿港鎮****,,
103,曹嘉豪,107年縣(市)議員選舉,首次申報,1071115,雜支支出,競選總部,N12*******,0.00,3140.00,餐飲費用,金錢,彰化縣員林市****,,
104,曹嘉豪,107年縣(市)議員選舉,首次申報,1071116,宣傳支出,金馬服裝,25282863,0.00,10000.00,製作競選物品支出（物品名稱-背心）,金錢,彰化縣彰化市****,,
105,曹嘉豪,107年縣(市)議員選舉,首次申報,1071116,雜支支出,競選總部,N12*******,0.00,2540.00,餐飲費用,金錢,彰化縣員林市****,,
106,曹嘉豪,107年縣(市)議員選舉,首次申報,1071117,集會支出,欣瑞音響社,19944036,0.00,8000.00,租用設備支出,金錢,彰化縣北斗鎮****,,
107,曹嘉豪,107年縣(市)議員選舉,首次申報,1071117,雜支支出,競選總部,N12*******,0.00,2540.00,餐飲費用,金錢,彰化縣員林市****,,
108,曹嘉豪,107年縣(市)議員選舉,首次申報,1071118,集會支出,欣瑞音響社,19944036,0.00,8000.00,租用設備支出,金錢,彰化縣北斗鎮****,,
109,曹嘉豪,107年縣(市)議員選舉,首次申報,1071118,雜支支出,競選總部,N12*******,0.00,2700.00,餐飲費用,金錢,彰化縣員林市****,,
110,曹嘉豪,107年縣(市)議員選舉,首次申報,1071119,集會支出,欣瑞音響社,19944036,0.00,8000.00,租用設備支出,金錢,彰化縣北斗鎮****,,
111,曹嘉豪,107年縣(市)議員選舉,首次申報,1071119,雜支支出,競選總部,3300,0.00,3300.00,餐飲費用,金錢,彰化縣員林市****,,
112,曹嘉豪,107年縣(市)議員選舉,首次申報,1071120,雜支支出,競選總部,N12*******,0.00,2500.00,餐飲費用,金錢,彰化縣員林市****,,
113,曹嘉豪,107年縣(市)議員選舉,首次申報,1071121,宣傳支出,米祺玩色世界工作坊,10950346,0.00,12000.00,製作宣傳廣告支出,金錢,彰化縣大村鄉****,,
114,曹嘉豪,107年縣(市)議員選舉,首次申報,1071121,集會支出,欣瑞音響社,19944036,0.00,8000.00,租用設備支出,金錢,彰化縣北斗鎮****,,
115,曹嘉豪,107年縣(市)議員選舉,首次申報,1071121,雜支支出,競選總部,N12*******,0.00,3100.00,餐飲費用,金錢,彰化縣員林市****,,
116,曹嘉豪,107年縣(市)議員選舉,首次申報,1071122,集會支出,欣瑞音響社,19944036,0.00,8000.00,租用設備支出,金錢,彰化縣北斗鎮****,,
117,曹嘉豪,107年縣(市)議員選舉,首次申報,1071122,集會支出,阿國企業社,38923905,0.00,7000.00,租用設備支出,金錢,彰化縣員林市****,,
118,曹嘉豪,107年縣(市)議員選舉,首次申報,1071123,集會支出,欣瑞音響社,19944036,0.00,13000.00,租用設備支出,金錢,彰化縣北斗鎮****,,
119,曹嘉豪,107年縣(市)議員選舉,首次申報,1071123,集會支出,冠華快餐,39915489,0.00,15000.00,餐飲支出,金錢,彰化縣員林市****,,
120,曹嘉豪,107年縣(市)議員選舉,首次申報,1071123,集會支出,丸森水產有限公司,55963401,0.00,130000.00,餐飲支出,金錢,彰化縣員林市****,,
121,曹嘉豪,107年縣(市)議員選舉,首次申報,1071123,集會支出,龍暉錄影社,93893770,0.00,10000.00,租用設備支出,金錢,彰化縣大村鄉****,,
122,曹嘉豪,107年縣(市)議員選舉,首次申報,1071123,集會支出,龍暉錄影社,93893770,0.00,10000.00,租用設備支出,金錢,彰化縣大村鄉****,,
123,曹嘉豪,107年縣(市)議員選舉,首次申報,1071124,雜支支出,北門爌肉飯,72389297,0.00,6000.00,餐飲費用,金錢,彰化縣員林市****,,
124,曹嘉豪,107年縣(市)議員選舉,首次申報,1071125,雜支支出,北門爌肉飯,72389297,0.00,4800.00,餐飲費用,金錢,彰化縣員林市****,,
125,曹嘉豪,107年縣(市)議員選舉,首次申報,1071125,人事費用支出,陳秋燕,A22*******,0.00,12000.00,工資或薪津,金錢,彰化縣大村鄉****,,
126,曹嘉豪,107年縣(市)議員選舉,首次申報,1071125,人事費用支出,苑瑞芬,B22*******,0.00,12000.00,工資或薪津,金錢,彰化縣員林市****,,
127,曹嘉豪,107年縣(市)議員選舉,首次申報,1071125,人事費用支出,曹冠文,N12*******,0.00,16000.00,工資或薪津,金錢,彰化縣員林市****,,
128,曹嘉豪,107年縣(市)議員選舉,首次申報,1071125,人事費用支出,張漢川,N12*******,0.00,30000.00,工資或薪津,金錢,彰化縣大村鄉****,,
129,曹嘉豪,107年縣(市)議員選舉,首次申報,1071125,雜支支出,競選總部,N12*******,0.00,2800.00,餐飲費用,金錢,彰化縣員林市****,,
130,曹嘉豪,107年縣(市)議員選舉,首次申報,1071126,人事費用支出,曹橋森,N10*******,0.00,16000.00,工資或薪津,金錢,彰化縣員林市****,,
131,曹嘉豪,107年縣(市)議員選舉,首次申報,1071126,雜支支出,競選總部,N12*******,0.00,3280.00,餐飲費用,金錢,彰化縣員林市****,,
132,曹嘉豪,107年縣(市)議員選舉,首次申報,1071127,人事費用支出,張水木,N10*******,0.00,6000.00,工資或薪津,金錢,彰化縣員林市****,,
133,曹嘉豪,107年縣(市)議員選舉,首次申報,1071127,租用宣傳車輛支出,曹清標,N10*******,0.00,65800.00,雇用宣傳車輛駕駛支出,金錢,彰化縣員林市****,,
134,曹嘉豪,107年縣(市)議員選舉,首次申報,1071127,租用宣傳車輛支出,張水木,N10*******,0.00,70200.00,雇用宣傳車輛駕駛支出,金錢,彰化縣員林市****,,
135,曹嘉豪,107年縣(市)議員選舉,首次申報,1071127,雜支支出,競選總部,N12*******,0.00,2540.00,餐飲費用,金錢,彰化縣員林市****,,
136,曹嘉豪,107年縣(市)議員選舉,首次申報,1071127,人事費用支出,黃雅雪,N22*******,0.00,3000.00,工資或薪津,金錢,彰化縣員林市****,,
137,曹嘉豪,107年縣(市)議員選舉,首次申報,1071128,人事費用支出,江錫裕,N10*******,0.00,16000.00,工資或薪津,金錢,彰化縣員林市****,,
138,曹嘉豪,107年縣(市)議員選舉,首次申報,1071128,人事費用支出,曹蕭燕,N20*******,0.00,22000.00,工資或薪津,金錢,彰化縣員林市****,,
139,曹嘉豪,107年縣(市)議員選舉,首次申報,1071128,人事費用支出,黃秀錠,N20*******,0.00,22000.00,工資或薪津,金錢,彰化縣員林市****,,
140,曹嘉豪,107年縣(市)議員選舉,首次申報,1071129,雜支支出,品成肉品商行,47519835,0.00,10000.00,餐飲費用,金錢,彰化縣員林市****,,
141,曹嘉豪,107年縣(市)議員選舉,首次申報,1071129,人事費用支出,施俊仲,H12*******,0.00,12000.00,加班費或值班費,金錢,彰化縣大村鄉****,,
142,曹嘉豪,107年縣(市)議員選舉,首次申報,1071129,人事費用支出,陳渝霈,N22*******,0.00,13000.00,工資或薪津,金錢,彰化縣彰化市****,,
143,曹嘉豪,107年縣(市)議員選舉,首次申報,1071129,人事費用支出,曹曉萍,N22*******,0.00,36000.00,加班費或值班費,金錢,彰化縣員林市****,,
144,曹嘉豪,107年縣(市)議員選舉,首次申報,1071130,租用宣傳車輛支出,棨南汽車修配廠,19630416,0.00,12000.00,維修宣傳車輛支出,金錢,彰化縣員林市****,,
145,曹嘉豪,107年縣(市)議員選舉,首次申報,1071130,人事費用支出,曹賴秀梅,N20*******,0.00,20000.00,工資或薪津,金錢,彰化縣員林市****,,
146,曹嘉豪,107年縣(市)議員選舉,首次申報,1071130,人事費用支出,曹劉麗珍,N20*******,0.00,50000.00,工資或薪津,金錢,彰化縣員林市****,,
147,曹嘉豪,107年縣(市)議員選舉,首次申報,1071130,人事費用支出,曹邱碧珠,V20*******,0.00,20000.00,工資或薪津,金錢,彰化縣員林市****,,
148,曹嘉豪,107年縣(市)議員選舉,首次申報,1071201,租用宣傳車輛支出,德利汽車電機行,05999333,0.00,11200.00,維修宣傳車輛支出,金錢,彰化縣員林市****,,
149,曹嘉豪,107年縣(市)議員選舉,首次申報,1071201,人事費用支出,黃海瀅,N22*******,0.00,30000.00,其他因工作酬勞之給付,金錢,彰化縣員林市****,,
150,曹嘉豪,107年縣(市)議員選舉,首次申報,1071202,雜支支出,宏富煤氣行,59554940,0.00,10500.00,水電瓦斯費用,金錢,彰化縣員林市****,,
151,曹嘉豪,107年縣(市)議員選舉,首次申報,1071203,宣傳支出,米祺玩色世界工作坊,10950346,0.00,10480.00,製作競選物品支出（物品名稱-貼紙）,金錢,彰化縣大村鄉****,,
152,曹嘉豪,107年縣(市)議員選舉,首次申報,1071203,宣傳支出,米祺玩色世界工作坊,10950346,0.00,6000.00,委託辦理研究、評估、調查、設計或規劃支出,金錢,彰化縣大村鄉****,,
153,曹嘉豪,107年縣(市)議員選舉,首次申報,1071203,宣傳支出,米祺玩色世界工作坊,10950346,0.00,8778.00,製作競選物品支出（物品名稱-海報）,金錢,彰化縣大村鄉****,,
154,曹嘉豪,107年縣(市)議員選舉,首次申報,1071205,人事費用支出,曹登輝,N12*******,0.00,60000.00,工資或薪津,金錢,彰化縣員林市****,,
155,曹嘉豪,107年縣(市)議員選舉,首次申報,1071210,人事費用支出,曹曉萍,N22*******,0.00,48000.00,工資或薪津,金錢,彰化縣員林市****,,
156,曹嘉豪,107年縣(市)議員選舉,首次申報,1071218,宣傳支出,一美商行,98613502,0.00,2350.00,製作競選物品支出（物品名稱-錄音帶）,金錢,彰化縣員林市****,,
157,曹嘉豪,107年縣(市)議員選舉,首次申報,1071221,返還支出,金格貿易有限公司,80624020,0.00,20000.00,返還,非金錢,彰化縣員林市****,,
158,曹嘉豪,107年縣(市)議員選舉,首次申報,1071221,返還支出,金格貿易有限公司,80624020,0.00,50000.00,返還,非金錢,彰化縣員林市****,,
159,曹嘉豪,107年縣(市)議員選舉,首次申報,1071222,返還支出,彰鵬企業有限公司,16983533,0.00,10000.00,返還,金錢,,,
160,曹嘉豪,107年縣(市)議員選舉,首次申報,1071222,返還支出,隆興木業有限公司,28636974,0.00,6000.00,返還,金錢,黃厝村山腳路****,,
