﻿序號,擬參選人／政黨,選舉名稱,申報序號／年度,交易日期,收支科目,捐贈者／支出對象,身分證／統一編號,收入金額,支出金額,捐贈方式,存入專戶日期,返還/繳庫,支出用途,金錢類,地址,聯絡電話,應揭露之支出對象,支出對象之內部人員姓名,支出對象之內部人員職稱,政黨之內部人員姓名,政黨之內部人員職稱,關係,更正註記,資料更正日期
1,黃紀棠,111年基隆市議員選舉,首次申報,1110828,租用競選辦事處支出,粘林銀杏,,0.00,23000.00,,,,租用競選辦事處費用,金錢,基隆市安樂區****,,否,,,,,,,
2,黃紀棠,111年基隆市議員選舉,首次申報,1110912,宣傳支出,國光媒體,25109956,0.00,136080.00,,,,租用廣告看板或車體廣告費用,金錢,臺北市中正區****,,否,,,,,,,
3,黃紀棠,111年基隆市議員選舉,首次申報,1110928,租用競選辦事處支出,粘林銀杏,,0.00,23000.00,,,,租用競選辦事處費用月份,金錢,基隆市安樂區****,,否,,,,,,,
4,黃紀棠,111年基隆市議員選舉,首次申報,1111026,租用競選辦事處支出,台灣電力公司,,0.00,891.00,,,,其他與租用競選辦事處有關之費用,金錢,基隆市安樂區****,,否,,,,,,,
5,黃紀棠,111年基隆市議員選舉,首次申報,1111028,租用競選辦事處支出,粘林銀杏,,0.00,23000.00,,,,租用競選辦事處費用,金錢,基隆市安樂區****,,否,,,,,,,
6,黃紀棠,111年基隆市議員選舉,首次申報,1111201,雜支支出,藍心金流第三方支付手續費,,0.00,602.00,,,,藍心金流第三方支付手續費,金錢,臺北市南港區****,,否,,,,,,,
