﻿序號,擬參選人／政黨,選舉名稱,申報序號／年度,交易日期,收支科目,捐贈者／支出對象,身分證／統一編號,收入金額,支出金額,支出用途,金錢類,地址,聯絡電話,資料更正日期
1,許秋澤,107年鄉(鎮、市)長選舉,首次申報,1071015,個人捐贈收入,李吳興,J10*******,50000.00,0.00,,金錢,新竹縣新豐鄉****,0937*****,
2,許秋澤,107年鄉(鎮、市)長選舉,首次申報,1071016,個人捐贈收入,王志宏,J12*******,6000.00,0.00,,金錢,,,
3,許秋澤,107年鄉(鎮、市)長選舉,首次申報,1071016,個人捐贈收入,曾文德,J12*******,6000.00,0.00,,金錢,,,
4,許秋澤,107年鄉(鎮、市)長選舉,首次申報,1071016,個人捐贈收入,陳源森,M12*******,6000.00,0.00,,金錢,,,
5,許秋澤,107年鄉(鎮、市)長選舉,首次申報,1071022,營利事業捐贈收入,博冠工業有限公司,86766691,2000.00,0.00,,金錢,瑞興村****,0980*****,
6,許秋澤,107年鄉(鎮、市)長選舉,首次申報,1071022,個人捐贈收入,許燦,J10*******,10000.00,0.00,,金錢,新竹縣新豐鄉****,0912*****,
7,許秋澤,107年鄉(鎮、市)長選舉,首次申報,1071023,個人捐贈收入,徐福霖,J10*******,10000.00,0.00,,金錢,新竹縣新豐鄉****,5591*****,
8,許秋澤,107年鄉(鎮、市)長選舉,首次申報,1071024,個人捐贈收入,許清標,,5000.00,0.00,,金錢,新竹縣新豐鄉****,0910*****,
9,許秋澤,107年鄉(鎮、市)長選舉,首次申報,1071024,個人捐贈收入,李俊毅,,20000.00,0.00,,金錢,新竹縣新豐鄉****,0928*****,
10,許秋澤,107年鄉(鎮、市)長選舉,首次申報,1071024,個人捐贈收入,劉義郎,,1200.00,0.00,,金錢,,0910*****,
11,許秋澤,107年鄉(鎮、市)長選舉,首次申報,1071024,營利事業捐贈收入,紅樹林加油站有限公司,16042890,20000.00,0.00,,金錢,新竹縣新豐鄉****,0963*****,
12,許秋澤,107年鄉(鎮、市)長選舉,首次申報,1071024,營利事業捐贈收入,廣僑建設有限公司,24617618,66000.00,0.00,,金錢,新竹縣新豐鄉****,03-5*****,
13,許秋澤,107年鄉(鎮、市)長選舉,首次申報,1071025,個人捐贈收入,李武雄,,10000.00,0.00,,金錢,埔和村鄰號****,0937*****,
14,許秋澤,107年鄉(鎮、市)長選舉,首次申報,1071026,營利事業捐贈收入,錦德電器行,47186409,2000.00,0.00,,金錢,新竹縣新豐鄉****,5592*****,
15,許秋澤,107年鄉(鎮、市)長選舉,首次申報,1071027,個人捐贈收入,詹德財,,10000.00,0.00,,金錢,,0927*****,
16,許秋澤,107年鄉(鎮、市)長選舉,首次申報,1071027,個人捐贈收入,李桶生,,10000.00,0.00,,金錢,,03-5*****,
17,許秋澤,107年鄉(鎮、市)長選舉,首次申報,1071027,個人捐贈收入,陳明政,,10000.00,0.00,,金錢,,0910*****,
18,許秋澤,107年鄉(鎮、市)長選舉,首次申報,1071027,個人捐贈收入,許文雄,,20000.00,0.00,,金錢,新竹縣新豐鄉****,0963*****,
19,許秋澤,107年鄉(鎮、市)長選舉,首次申報,1071027,個人捐贈收入,陳美臻,,6600.00,0.00,,金錢,,0935*****,
20,許秋澤,107年鄉(鎮、市)長選舉,首次申報,1071027,個人捐贈收入,梁永燦,,10000.00,0.00,,金錢,,0939*****,
21,許秋澤,107年鄉(鎮、市)長選舉,首次申報,1071028,個人捐贈收入,翁炳,,5000.00,0.00,,金錢,,0923*****,
22,許秋澤,107年鄉(鎮、市)長選舉,首次申報,1071028,個人捐贈收入,吳俊卿,,3000.00,0.00,,金錢,,0937*****,
23,許秋澤,107年鄉(鎮、市)長選舉,首次申報,1071028,個人捐贈收入,林勝煌,,2000.00,0.00,,金錢,,0355*****,
24,許秋澤,107年鄉(鎮、市)長選舉,首次申報,1071028,個人捐贈收入,洪國川,K12*******,50000.00,0.00,,金錢,新竹縣新豐鄉****,0911*****,
25,許秋澤,107年鄉(鎮、市)長選舉,首次申報,1071029,個人捐贈收入,林漢燦,,10000.00,0.00,,金錢,,0936*****,
26,許秋澤,107年鄉(鎮、市)長選舉,首次申報,1071029,個人捐贈收入,林火秋,,6600.00,0.00,,金錢,,0936*****,
27,許秋澤,107年鄉(鎮、市)長選舉,首次申報,1071029,個人捐贈收入,羅文平,,9600.00,0.00,,非金錢,,0355*****,
28,許秋澤,107年鄉(鎮、市)長選舉,首次申報,1071029,個人捐贈收入,羅文平,,400.00,0.00,,非金錢,,0355*****,
29,許秋澤,107年鄉(鎮、市)長選舉,首次申報,1071030,個人捐贈收入,黃建瑞,,10000.00,0.00,,金錢,,0912*****,
30,許秋澤,107年鄉(鎮、市)長選舉,首次申報,1071030,個人捐贈收入,許盛泉,,1000.00,0.00,,金錢,,0910*****,
31,許秋澤,107年鄉(鎮、市)長選舉,首次申報,1071030,個人捐贈收入,徐傑浮,,6000.00,0.00,,金錢,,0937*****,
32,許秋澤,107年鄉(鎮、市)長選舉,首次申報,1071030,個人捐贈收入,許忠明,,10000.00,0.00,,金錢,,0910*****,
33,許秋澤,107年鄉(鎮、市)長選舉,首次申報,1071030,個人捐贈收入,徐益德,,20000.00,0.00,,金錢,新竹縣新豐鄉****,0963*****,
34,許秋澤,107年鄉(鎮、市)長選舉,首次申報,1071030,個人捐贈收入,李文祥,,10000.00,0.00,,金錢,,0936*****,
35,許秋澤,107年鄉(鎮、市)長選舉,首次申報,1071030,個人捐贈收入,孫文彰,H12*******,36000.00,0.00,,金錢,新竹縣湖口鄉****,0926*****,
36,許秋澤,107年鄉(鎮、市)長選舉,首次申報,1071030,個人捐贈收入,陳德昇,J12*******,36000.00,0.00,,金錢,新竹縣湖口鄉****,0952*****,
37,許秋澤,107年鄉(鎮、市)長選舉,首次申報,1071031,個人捐贈收入,邱美玉,,6000.00,0.00,,金錢,,0963*****,
38,許秋澤,107年鄉(鎮、市)長選舉,首次申報,1071031,個人捐贈收入,許敏益,,10000.00,0.00,,金錢,,0910*****,
39,許秋澤,107年鄉(鎮、市)長選舉,首次申報,1071031,個人捐贈收入,楊勝清,,5000.00,0.00,,金錢,,0939*****,
40,許秋澤,107年鄉(鎮、市)長選舉,首次申報,1071031,個人捐贈收入,王浩,,10000.00,0.00,,金錢,,0926*****,
41,許秋澤,107年鄉(鎮、市)長選舉,首次申報,1071031,個人捐贈收入,曾憲瑜,,10000.00,0.00,,金錢,,0922*****,
42,許秋澤,107年鄉(鎮、市)長選舉,首次申報,1071031,個人捐贈收入,許明鎮,,10000.00,0.00,,金錢,,0926*****,
43,許秋澤,107年鄉(鎮、市)長選舉,首次申報,1071031,營利事業捐贈收入,精永立工業股份有限公司,28089151,20000.00,0.00,,金錢,新竹縣新豐鄉****,0356*****,
44,許秋澤,107年鄉(鎮、市)長選舉,首次申報,1071031,營利事業捐贈收入,鍍克營造有限公司,42742238,100000.00,0.00,,金錢,桃園市中正路****,0966*****,
45,許秋澤,107年鄉(鎮、市)長選舉,首次申報,1071031,個人捐贈收入,李哲長,Q12*******,50000.00,0.00,,金錢,新竹縣新豐鄉****,0910*****,
46,許秋澤,107年鄉(鎮、市)長選舉,首次申報,1071101,營利事業捐贈收入,新竹高爾夫俱樂部股份有限公司,46454969,30000.00,0.00,,金錢,新竹縣新豐鄉****,0963*****,
47,許秋澤,107年鄉(鎮、市)長選舉,首次申報,1071101,營利事業捐贈收入,泉銘工程有限公司,80074664,30000.00,0.00,,金錢,新竹縣新埔鎮****,0358*****,
48,許秋澤,107年鄉(鎮、市)長選舉,首次申報,1071101,個人捐贈收入,張彥博,N12*******,66000.00,0.00,,金錢,新竹縣新豐鄉****,0912*****,
49,許秋澤,107年鄉(鎮、市)長選舉,首次申報,1071104,個人捐贈收入,徐受榮,,30000.00,0.00,,金錢,新竹縣新豐鄉****,5590*****,
50,許秋澤,107年鄉(鎮、市)長選舉,首次申報,1071104,個人捐贈收入,許英見,,10000.00,0.00,,金錢,,0926*****,
51,許秋澤,107年鄉(鎮、市)長選舉,首次申報,1071105,個人捐贈收入,陳玉鄰,,10000.00,0.00,,金錢,,0930*****,
52,許秋澤,107年鄉(鎮、市)長選舉,首次申報,1071105,個人捐贈收入,李綉敏,,5000.00,0.00,,金錢,,5689*****,
53,許秋澤,107年鄉(鎮、市)長選舉,首次申報,1071105,營利事業捐贈收入,台灣迪肯特股份有限公司,22713349,20000.00,0.00,,金錢,新竹縣新豐鄉****,03-5*****,
54,許秋澤,107年鄉(鎮、市)長選舉,首次申報,1071106,個人捐贈收入,沈德明,,10000.00,0.00,,金錢,新竹縣新豐鄉****,0978*****,
55,許秋澤,107年鄉(鎮、市)長選舉,首次申報,1071106,個人捐贈收入,許萬壽,,5000.00,0.00,,金錢,,0937*****,
56,許秋澤,107年鄉(鎮、市)長選舉,首次申報,1071109,個人捐贈收入,田林妹,,5000.00,0.00,,金錢,,0933*****,
57,許秋澤,107年鄉(鎮、市)長選舉,首次申報,1071119,個人捐贈收入,陳慶龍,,10000.00,0.00,,金錢,新竹縣新豐鄉****,0355*****,
58,許秋澤,107年鄉(鎮、市)長選舉,首次申報,1071122,營利事業捐贈收入,國隆營造工程股份有限公司,86831047,100000.00,0.00,,金錢,新竹縣竹北市****,03-6*****,
59,許秋澤,107年鄉(鎮、市)長選舉,首次申報,1071221,其他收入,利息收入,,5.00,0.00,,金錢,,,
