﻿序號,擬參選人／政黨,選舉名稱,申報序號／年度,交易日期,收支科目,捐贈者／支出對象,身分證／統一編號,收入金額,支出金額,捐贈方式,存入專戶日期,返還/繳庫,支出用途,金錢類,地址,聯絡電話,應揭露之支出對象,支出對象之內部人員姓名,支出對象之內部人員職稱,政黨之內部人員姓名,政黨之內部人員職稱,關係,更正註記,資料更正日期
1,陳雅惠,111年臺中市議員選舉,首次申報,1110428,宣傳支出,大東文具印刷行,97935097,0.00,12800.00,,,,製作競選物品或宣傳廣告費用（拜訪名片）,金錢,臺中市北區博****,,否,,,,,,,
2,陳雅惠,111年臺中市議員選舉,首次申報,1110510,宣傳支出,亞太電信股份有限公司,70771579,0.00,23400.00,,,,發送電信簡訊費用,金錢,臺中市北區進****,04-3*****,否,,,,,,,
3,陳雅惠,111年臺中市議員選舉,首次申報,1110513,雜支支出,中華電信股份有限公司,,0.00,5815.00,,,,電信費用,金錢,臺中市西區市****,,否,,,,,,,
4,陳雅惠,111年臺中市議員選舉,首次申報,1110524,宣傳支出,澄乙皮件贈品商行,97881563,0.00,99750.00,,,,製作競選物品或宣傳廣告費用（物品名稱-面紙）,金錢,臺中市大里區****,04-2*****,否,,,,,,,
5,陳雅惠,111年臺中市議員選舉,首次申報,1110530,宣傳支出,鶴興企業有限公司,86998545,0.00,13500.00,,,,製作競選物品或宣傳廣告費用（物品名稱-關東旗）,金錢,臺中市霧峰區****,,否,,,,,,,
6,陳雅惠,111年臺中市議員選舉,首次申報,1110609,雜支支出,中華電信股份有限公司,,0.00,27403.00,,,,電信費用,金錢,臺中市西區市****,,否,,,,,,,
7,陳雅惠,111年臺中市議員選舉,首次申報,1110620,雜支支出,中華電信股份有限公司,,0.00,6936.00,,,,電信費用,金錢,臺中市西區市****,,否,,,,,,,
8,陳雅惠,111年臺中市議員選舉,首次申報,1110620,宣傳支出,元承實業有限公司,42787023,0.00,7350.00,,,,製作競選物品或宣傳廣告費用（物品名稱-菜瓜布）,金錢,彰化縣秀水鄉****,,否,,,,,,,
9,陳雅惠,111年臺中市議員選舉,首次申報,1110711,雜支支出,中華電信股份有限公司,,0.00,340.00,,,,電信費用,金錢,臺中市西區市****,,否,,,,,,,
10,陳雅惠,111年臺中市議員選舉,首次申報,1110803,宣傳支出,順易利實業有限公司,16734752,0.00,63000.00,,,,製作競選物品或宣傳廣告費用（物品名稱-口罩）,金錢,臺北市大安區****,,否,,,,,,,
11,陳雅惠,111年臺中市議員選舉,首次申報,1110803,宣傳支出,全球華人股份有限公司台中分公司,28207988,0.00,4410.00,,,,播放、傳送或刊登宣傳廣告費用,金錢,臺中市北區中****,04-2*****,否,,,,,,,
12,陳雅惠,111年臺中市議員選舉,首次申報,1110809,宣傳支出,芊翔企業有限公司,12750560,0.00,73500.00,,,,製作競選物品或宣傳廣告費用（物品名稱-菜瓜布）,金錢,臺中市北屯區****,04-2*****,否,,,,,,,
13,陳雅惠,111年臺中市議員選舉,首次申報,1110811,宣傳支出,大東文具印刷行,97935097,0.00,6600.00,,,,製作競選物品或宣傳廣告費用（貼紙.）,金錢,臺中市北區博****,,否,,,,,,,
14,陳雅惠,111年臺中市議員選舉,首次申報,1110816,雜支支出,中華電信股份有限公司,,0.00,340.00,,,,電信費用,金錢,臺中市西區市****,,否,,,,,,,
15,陳雅惠,111年臺中市議員選舉,首次申報,1110823,宣傳支出,冒續企業有限公司,12924555,0.00,61425.00,,,,製作競選物品或宣傳廣告費用（物品名稱-帽子）,金錢,臺中市東區立****,,否,,,,,,,
16,陳雅惠,111年臺中市議員選舉,首次申報,1110824,宣傳支出,冒續企業有限公司,12924555,0.00,52290.00,,,,製作競選物品或宣傳廣告費用（物品名稱-扇子）,金錢,臺中市東區立****,,否,,,,,,,
17,陳雅惠,111年臺中市議員選舉,首次申報,1110907,宣傳支出,順易利實業有限公司,16734752,0.00,84000.00,,,,製作競選物品或宣傳廣告費用（物品名稱-口罩）,金錢,臺北市大安區****,,否,,,,,,,
18,陳雅惠,111年臺中市議員選舉,首次申報,1110909,人事費用支出,王美淑,L20*******,0.00,7565.00,,,,工資或薪津,金錢,臺中市東區精****,,否,,,,,,,
19,陳雅惠,111年臺中市議員選舉,首次申報,1110912,宣傳支出,大東文具印刷行,97935097,0.00,15000.00,,,,製作競選物品或宣傳廣告費用（競選貼紙）,金錢,臺中市北區博****,,否,,,,,,,
20,陳雅惠,111年臺中市議員選舉,首次申報,1110915,雜支支出,中華電信股份有限公司,,0.00,4840.00,,,,電信費用,金錢,臺中市西區市****,,否,,,,,,,
21,陳雅惠,111年臺中市議員選舉,首次申報,1110919,人事費用支出,范翔昇,B12*******,0.00,19380.00,,,,工資或薪津,金錢,臺中市東區立****,,否,,,,,,,
22,陳雅惠,111年臺中市議員選舉,首次申報,1110920,宣傳支出,大東文具印刷行,97935097,0.00,6000.00,,,,製作競選物品或宣傳廣告費用（物品名稱-活動DM）,金錢,臺中市北區博****,,否,,,,,,,
23,陳雅惠,111年臺中市議員選舉,首次申報,1110920,人事費用支出,洪昇豐,B12*******,0.00,18360.00,,,,工資或薪津,金錢,臺中市東區忠****,,否,,,,,,,
24,陳雅惠,111年臺中市議員選舉,首次申報,1110921,宣傳支出,大東文具印刷行,97935097,0.00,70200.00,,,,製作競選物品或宣傳廣告費用（物品名稱-活動DM）,金錢,臺中市北區博****,,否,,,,,,,
25,陳雅惠,111年臺中市議員選舉,首次申報,1110921,人事費用支出,劉亘晏,A22*******,0.00,9395.00,,,,工資或薪津,金錢,臺中市東區精****,,否,,,,,,,
26,陳雅惠,111年臺中市議員選舉,首次申報,1110921,人事費用支出,黃乙城,L12*******,0.00,2210.00,,,,工資或薪津,金錢,臺中市霧峰區****,,否,,,,,,,
27,陳雅惠,111年臺中市議員選舉,首次申報,1110921,人事費用支出,簡雪玉,L22*******,0.00,8840.00,,,,工資或薪津,金錢,臺中市霧峰區****,,否,,,,,,,
28,陳雅惠,111年臺中市議員選舉,首次申報,1110921,人事費用支出,林雪英,T22*******,0.00,3540.00,,,,工資或薪津,金錢,臺中市東區南****,,否,,,,,,,
29,陳雅惠,111年臺中市議員選舉,首次申報,1110927,宣傳支出,大東文具印刷行,97935097,0.00,8600.00,,,,製作競選物品或宣傳廣告費用（物品名稱-邀請卡；活動DM）,金錢,臺中市北區博****,,否,,,,,,,
30,陳雅惠,111年臺中市議員選舉,首次申報,1110930,宣傳支出,大東文具印刷行,97935097,0.00,9000.00,,,,製作競選物品或宣傳廣告費用（物品名稱-A貼紙）,金錢,臺中市北區博****,,否,,,,,,,
31,陳雅惠,111年臺中市議員選舉,首次申報,1110930,人事費用支出,洪昇豐,B12*******,0.00,15300.00,,,,工資或薪津,金錢,臺中市東區忠****,,否,,,,,,,
32,陳雅惠,111年臺中市議員選舉,首次申報,1110930,人事費用支出,范翔昇,B12*******,0.00,16660.00,,,,工資或薪津,金錢,臺中市東區立****,,否,,,,,,,
33,陳雅惠,111年臺中市議員選舉,首次申報,1110930,人事費用支出,詹靜媚,L22*******,0.00,12410.00,,,,工資或薪津,金錢,臺中市北屯區****,,否,,,,,,,
34,陳雅惠,111年臺中市議員選舉,首次申報,1110930,人事費用支出,簡雪玉,L22*******,0.00,10635.00,,,,工資或薪津,金錢,臺中市霧峰區****,,否,,,,,,,
35,陳雅惠,111年臺中市議員選舉,首次申報,1110930,人事費用支出,張若婷,Q22*******,0.00,2805.00,,,,工資或薪津,金錢,金門縣金寧鄉****,,否,,,,,,,
36,陳雅惠,111年臺中市議員選舉,首次申報,1110930,人事費用支出,張若婷,Q22*******,0.00,4930.00,,,,工資或薪津,金錢,金門縣金寧鄉****,,否,,,,,,,
37,陳雅惠,111年臺中市議員選舉,首次申報,1111001,宣傳支出,環緯多媒體有限公司,85113075,0.00,67500.00,,,,播放、傳送或刊登宣傳廣告費用,金錢,苗栗縣竹南鎮****,0927*****,否,,,,,,,
38,陳雅惠,111年臺中市議員選舉,首次申報,1111001,人事費用支出,劉亘晏,A22*******,0.00,10415.00,,,,工資或薪津,金錢,臺中市東區精****,,否,,,,,,,
39,陳雅惠,111年臺中市議員選舉,首次申報,1111001,人事費用支出,官達里,B12*******,0.00,40000.00,,,,工資或薪津,金錢,臺中市北區興****,,否,,,,,,,
40,陳雅惠,111年臺中市議員選舉,首次申報,1111001,人事費用支出,陳柏州,F12*******,0.00,18000.00,,,,其他因工作酬勞之給付,金錢,臺中市北屯區****,,否,,,,,,,
41,陳雅惠,111年臺中市議員選舉,首次申報,1111001,人事費用支出,林雪英,T22*******,0.00,11575.00,,,,工資或薪津,金錢,臺中市東區南****,,否,,,,,,,
42,陳雅惠,111年臺中市議員選舉,首次申報,1111002,人事費用支出,陳梓斌,B12*******,0.00,35000.00,,,,工資或薪津,金錢,臺中市南區工****,,否,,,,,,,
43,陳雅惠,111年臺中市議員選舉,首次申報,1111002,人事費用支出,黃河清,L10*******,0.00,35000.00,,,,工資或薪津,金錢,臺中市南區工****,,否,,,,,,,
44,陳雅惠,111年臺中市議員選舉,首次申報,1111003,人事費用支出,徐雄慶,B10*******,0.00,35000.00,,,,工資或薪津,金錢,臺中市南區高****,,否,,,,,,,
45,陳雅惠,111年臺中市議員選舉,首次申報,1111003,人事費用支出,潘進國,N12*******,0.00,12000.00,,,,工資或薪津,金錢,臺中市南區合****,,否,,,,,,,
46,陳雅惠,111年臺中市議員選舉,首次申報,1111005,宣傳支出,芊翔企業有限公司,12750560,0.00,73500.00,,,,製作競選物品或宣傳廣告費用（物品名稱-菜瓜布）,金錢,臺中市北屯區****,04-2*****,否,,,,,,,
47,陳雅惠,111年臺中市議員選舉,首次申報,1111005,宣傳支出,宏達國際社,88557256,0.00,39060.00,,,,製作競選物品或宣傳廣告費用（物品名稱-團服.背心.）,金錢,臺中市太平區****,,否,,,,,,,
48,陳雅惠,111年臺中市議員選舉,首次申報,1111006,宣傳支出,樂圖影像工作室,38843804,0.00,38000.00,,,,製作競選物品或宣傳廣告費用（製作CF訂金）,金錢,臺中市南屯區****,04-2*****,否,,,,,,,
49,陳雅惠,111年臺中市議員選舉,首次申報,1111006,宣傳支出,大東文具印刷行,97935097,0.00,5250.00,,,,製作競選物品或宣傳廣告費用（活動DM.A海報）,金錢,臺中市北區博****,,否,,,,,,,
50,陳雅惠,111年臺中市議員選舉,首次申報,1111006,宣傳支出,大東文具印刷行,97935097,0.00,48000.00,,,,製作競選物品或宣傳廣告費用（物品名稱-DM）,金錢,臺中市北區博****,,否,,,,,,,
51,陳雅惠,111年臺中市議員選舉,首次申報,1111007,宣傳支出,文迅電腦用品印刷有限公司,89691843,0.00,69300.00,,,,製作競選物品或宣傳廣告費用（物品名稱-便條紙）,金錢,臺中市東區十****,,否,,,,,,,
52,陳雅惠,111年臺中市議員選舉,首次申報,1111008,宣傳支出,瘋藝術整合行銷有限公司,54988427,0.00,115500.00,,,,演講或表演費用,金錢,新竹市香山區****,03-5*****,否,,,,,,,
53,陳雅惠,111年臺中市議員選舉,首次申報,1111011,宣傳支出,大千廣播電台股份有限公司,89543920,0.00,25000.00,,,,播放、傳送或刊登宣傳廣告費用,金錢,臺中市西區台****,04-2*****,否,,,,,,,
54,陳雅惠,111年臺中市議員選舉,首次申報,1111012,宣傳支出,大東文具印刷行,97935097,0.00,39600.00,,,,製作競選物品或宣傳廣告費用（物品名稱-DM）,金錢,臺中市北區博****,,否,,,,,,,
55,陳雅惠,111年臺中市議員選舉,首次申報,1111014,宣傳支出,亞太電信股份有限公司,70771579,0.00,71429.00,,,,發送電信簡訊費用,金錢,臺中市北區進****,04-3*****,否,,,,,,,
56,陳雅惠,111年臺中市議員選舉,首次申報,1111017,宣傳支出,澄乙皮件贈品商行,97881563,0.00,160000.00,,,,製作競選物品或宣傳廣告費用（物品名稱-面紙）,金錢,臺中市大里區****,04-2*****,否,,,,,,,
57,陳雅惠,111年臺中市議員選舉,首次申報,1111017,人事費用支出,劉亘晏,A22*******,0.00,19720.00,,,,工資或薪津,金錢,臺中市東區精****,,否,,,,,,,
58,陳雅惠,111年臺中市議員選舉,首次申報,1111017,人事費用支出,范翔昇,B12*******,0.00,19890.00,,,,工資或薪津,金錢,臺中市東區立****,,否,,,,,,,
59,陳雅惠,111年臺中市議員選舉,首次申報,1111017,人事費用支出,洪昇豊,B12*******,0.00,18275.00,,,,工資或薪津,金錢,臺中市東區忠****,,否,,,,,,,
60,陳雅惠,111年臺中市議員選舉,首次申報,1111017,人事費用支出,簡雪玉,L22*******,0.00,11390.00,,,,工資或薪津,金錢,臺中市霧峰區****,,否,,,,,,,
61,陳雅惠,111年臺中市議員選舉,首次申報,1111017,人事費用支出,詹靜媚,L22*******,0.00,15555.00,,,,工資或薪津,金錢,臺中市北屯區****,,否,,,,,,,
62,陳雅惠,111年臺中市議員選舉,首次申報,1111018,人事費用支出,林雪英,T22*******,0.00,14635.00,,,,工資或薪津,金錢,臺中市東區南****,,否,,,,,,,
63,陳雅惠,111年臺中市議員選舉,首次申報,1111019,宣傳支出,大東文具印刷行,97935097,0.00,4000.00,,,,製作競選物品或宣傳廣告費用（物品名稱-DM）,金錢,臺中市北區博****,,否,,,,,,,
64,陳雅惠,111年臺中市議員選舉,首次申報,1111020,雜支支出,中華電信股份有限公司,,0.00,585.00,,,,電信費用,金錢,臺中市西區市****,,否,,,,,,,
65,陳雅惠,111年臺中市議員選舉,首次申報,1111020,宣傳支出,台灣廣播股份有限公司,04191494,0.00,20000.00,,,,播放、傳送或刊登宣傳廣告費用,金錢,臺北市中正區****,02-2*****,否,,,,,,,
66,陳雅惠,111年臺中市議員選舉,首次申報,1111021,人事費用支出,張若婷,Q22*******,0.00,9860.00,,,,工資或薪津,金錢,金門縣金寧鄉****,,否,,,,,,,
67,陳雅惠,111年臺中市議員選舉,首次申報,1111022,集會支出,水噹噹實業有限公司,25152849,0.00,5775.00,,,,租用設備費用-流動廁所,金錢,桃園市中壢區****,0936*****,否,,,,,,,
68,陳雅惠,111年臺中市議員選舉,首次申報,1111022,宣傳支出,星城國際演藝社,45869271,0.00,60000.00,,,,演講或表演費用,金錢,臺中市沙鹿區****,0922*****,否,,,,,,,
69,陳雅惠,111年臺中市議員選舉,首次申報,1111022,集會支出,永定帆布鐵架行,80977163,0.00,18100.00,,,,租用設備費用,金錢,臺中市大肚區****,,否,,,,,,,
70,陳雅惠,111年臺中市議員選舉,首次申報,1111024,宣傳支出,大東文具印刷行,97935097,0.00,30000.00,,,,製作競選物品或宣傳廣告費用（物品名稱-DM）,金錢,臺中市北區博****,,否,,,,,,,
71,陳雅惠,111年臺中市議員選舉,首次申報,1111024,宣傳支出,大東文具印刷行,97935097,0.00,3000.00,,,,製作競選物品或宣傳廣告費用（物品名稱-貼紙）,金錢,臺中市北區博****,,否,,,,,,,
72,陳雅惠,111年臺中市議員選舉,首次申報,1111025,宣傳支出,望春風廣播股份有限公司,89688018,0.00,30000.00,,,,播放、傳送或刊登宣傳廣告費用,金錢,臺中市南區忠****,,否,,,,,,,
73,陳雅惠,111年臺中市議員選舉,首次申報,1111025,宣傳支出,大東文具印刷行,97935097,0.00,6200.00,,,,製作競選物品或宣傳廣告費用（物品名稱-貼紙）,金錢,臺中市北區博****,,否,,,,,,,
74,陳雅惠,111年臺中市議員選舉,首次申報,1111026,宣傳支出,順易利實業有限公司,16734752,0.00,42000.00,,,,製作競選物品或宣傳廣告費用（物品名稱-口罩）,金錢,臺北市大安區****,,否,,,,,,,
75,陳雅惠,111年臺中市議員選舉,首次申報,1111026,宣傳支出,樂圖影像工作室,38843804,0.00,38000.00,,,,製作競選物品或宣傳廣告費用（製作CF-第二期）,金錢,臺中市南屯區****,04-2*****,否,,,,,,,
76,陳雅惠,111年臺中市議員選舉,首次申報,1111028,宣傳支出,群健有線電視(股)公司,16085969,0.00,75000.00,,,,播放、傳送或刊登宣傳廣告費用,金錢,臺中市西區五****,,否,,,,,,,
77,陳雅惠,111年臺中市議員選舉,首次申報,1111029,人事費用支出,陳柏州,F12*******,0.00,20000.00,,,,其他因工作酬勞之給付,金錢,臺中市北屯區****,,否,,,,,,,
78,陳雅惠,111年臺中市議員選舉,首次申報,1111029,人事費用支出,邱正宗,H12*******,0.00,19000.00,,,,其他因工作酬勞之給付,金錢,桃園市龍潭區****,,否,,,,,,,
79,陳雅惠,111年臺中市議員選舉,首次申報,1111029,人事費用支出,呂玉華,N22*******,0.00,5100.00,,,,工資或薪津,金錢,臺中市南區工****,,否,,,,,,,
80,陳雅惠,111年臺中市議員選舉,首次申報,1111030,人事費用支出,王富美,B22*******,0.00,7340.00,,,,工資或薪津,金錢,臺中市東區富****,,否,,,,,,,
81,陳雅惠,111年臺中市議員選舉,首次申報,1111031,宣傳支出,美光廣告美術設計中心,51441389,0.00,13829.00,,,,製作競選物品或宣傳廣告費用（物品名稱-文宣）,金錢,臺中市西區中****,,否,,,,,,,
82,陳雅惠,111年臺中市議員選舉,首次申報,1111031,宣傳支出,大東文具印刷行,97935097,0.00,12300.00,,,,製作競選物品或宣傳廣告費用（物品名稱-貼紙）,金錢,臺中市北區博****,,否,,,,,,,
83,陳雅惠,111年臺中市議員選舉,首次申報,1111101,宣傳支出,順易利實業有限公司,16734752,0.00,210000.00,,,,製作競選物品或宣傳廣告費用（物品名稱-口罩）,金錢,臺北市大安區****,,否,,,,,,,
84,陳雅惠,111年臺中市議員選舉,首次申報,1111101,宣傳支出,大東文具印刷行,97935097,0.00,7350.00,,,,製作競選物品或宣傳廣告費用（物品名稱-海報、廣告單）,金錢,臺中市北區博****,,否,,,,,,,
85,陳雅惠,111年臺中市議員選舉,首次申報,1111101,人事費用支出,劉亘晏,A22*******,0.00,21905.00,,,,工資或薪津,金錢,臺中市東區精****,,否,,,,,,,
86,陳雅惠,111年臺中市議員選舉,首次申報,1111101,人事費用支出,徐雄慶,B10*******,0.00,35000.00,,,,工資或薪津,金錢,臺中市南區高****,,否,,,,,,,
87,陳雅惠,111年臺中市議員選舉,首次申報,1111101,人事費用支出,洪昇豊,B12*******,0.00,22315.00,,,,工資或薪津,金錢,臺中市東區忠****,,否,,,,,,,
88,陳雅惠,111年臺中市議員選舉,首次申報,1111101,人事費用支出,官達里,B12*******,0.00,40000.00,,,,工資或薪津,金錢,臺中市北區興****,,否,,,,,,,
89,陳雅惠,111年臺中市議員選舉,首次申報,1111101,人事費用支出,詹靜媚,L22*******,0.00,18700.00,,,,工資或薪津,金錢,臺中市北屯區****,,否,,,,,,,
90,陳雅惠,111年臺中市議員選舉,首次申報,1111101,人事費用支出,林修圓,M20*******,0.00,12935.00,,,,工資或薪津,金錢,臺中市南區民****,,否,,,,,,,
91,陳雅惠,111年臺中市議員選舉,首次申報,1111101,人事費用支出,張若婷,Q22*******,0.00,9520.00,,,,工資或薪津,金錢,金門縣金寧鄉****,,否,,,,,,,
92,陳雅惠,111年臺中市議員選舉,首次申報,1111102,宣傳支出,大東文具印刷行,97935097,0.00,1500.00,,,,製作競選物品或宣傳廣告費用（物品名稱-人形立牌）,金錢,臺中市北區博****,,否,,,,,,,
93,陳雅惠,111年臺中市議員選舉,首次申報,1111102,人事費用支出,范翔昇,B12*******,0.00,19890.00,,,,工資或薪津,金錢,臺中市東區立****,,否,,,,,,,
94,陳雅惠,111年臺中市議員選舉,首次申報,1111102,人事費用支出,陳梓斌,B12*******,0.00,35000.00,,,,工資或薪津,金錢,臺中市南區工****,,否,,,,,,,
95,陳雅惠,111年臺中市議員選舉,首次申報,1111102,人事費用支出,黃河清,L10*******,0.00,35000.00,,,,工資或薪津,金錢,臺中市南區工****,,否,,,,,,,
96,陳雅惠,111年臺中市議員選舉,首次申報,1111102,人事費用支出,簡雪玉,L22*******,0.00,14365.00,,,,工資或薪津,金錢,臺中市霧峰區****,,否,,,,,,,
97,陳雅惠,111年臺中市議員選舉,首次申報,1111102,人事費用支出,曾再富,N12*******,0.00,25000.00,,,,工資或薪津,金錢,臺中市南區仁****,,否,,,,,,,
98,陳雅惠,111年臺中市議員選舉,首次申報,1111102,人事費用支出,林雪英,T22*******,0.00,15945.00,,,,工資或薪津,金錢,臺中市東區南****,,否,,,,,,,
99,陳雅惠,111年臺中市議員選舉,首次申報,1111102,人事費用支出,許來有,X22*******,0.00,9605.00,,,,工資或薪津,金錢,臺中市南區福****,,否,,,,,,,
100,陳雅惠,111年臺中市議員選舉,首次申報,1111103,人事費用支出,張寓粧,L22*******,0.00,5610.00,,,,工資或薪津,金錢,臺中市南區工****,,否,,,,,,,
101,陳雅惠,111年臺中市議員選舉,首次申報,1111103,人事費用支出,張瑋庭,L22*******,0.00,5780.00,,,,工資或薪津,金錢,臺中市南區工****,,否,,,,,,,
102,陳雅惠,111年臺中市議員選舉,首次申報,1111105,人事費用支出,呂玉華,N22*******,0.00,6290.00,,,,工資或薪津,金錢,臺中市南區工****,,否,,,,,,,
103,陳雅惠,111年臺中市議員選舉,首次申報,1111107,宣傳支出,大東文具印刷行,97935097,0.00,4500.00,,,,製作競選物品或宣傳廣告費用（物品名稱-活動DM）,金錢,臺中市北區博****,,否,,,,,,,
104,陳雅惠,111年臺中市議員選舉,首次申報,1111108,宣傳支出,均林廣告事業社,21880001,0.00,44625.00,,,,製作競選物品或宣傳廣告費用（物品名稱-招牌）,金錢,臺中市南區國****,,否,,,,,,,
105,陳雅惠,111年臺中市議員選舉,首次申報,1111110,宣傳支出,群健有線電視(股)公司,16085969,0.00,127500.00,,,,播放、傳送或刊登宣傳廣告費用,金錢,臺中市西區五****,,否,,,,,,,
106,陳雅惠,111年臺中市議員選舉,首次申報,1111111,集會支出,永定帆布鐵架行,80977163,0.00,6400.00,,,,租用設備費用,金錢,臺中市大肚區****,,否,,,,,,,
107,陳雅惠,111年臺中市議員選舉,首次申報,1111113,宣傳支出,星城國際演藝社,45869271,0.00,60000.00,,,,演講或表演費用,金錢,臺中市沙鹿區****,0922*****,否,,,,,,,
108,陳雅惠,111年臺中市議員選舉,首次申報,1111113,集會支出,永定帆布鐵架行,80977163,0.00,10000.00,,,,租用設備費用,金錢,臺中市大肚區****,,否,,,,,,,
109,陳雅惠,111年臺中市議員選舉,首次申報,1111114,宣傳支出,大東文具印刷行,97935097,0.00,39000.00,,,,製作競選物品或宣傳廣告費用（物品名稱-DM-A雙面）,金錢,臺中市北區博****,,否,,,,,,,
110,陳雅惠,111年臺中市議員選舉,首次申報,1111115,宣傳支出,鑫傳國際多媒體科技股份有限公司,16089901,0.00,20000.00,,,,播放、傳送或刊登宣傳廣告費用,金錢,臺中市大里區****,,否,,,,,,,
111,陳雅惠,111年臺中市議員選舉,首次申報,1111115,宣傳支出,樂圖影像工作室,38843804,0.00,19000.00,,,,製作競選物品或宣傳廣告費用（製作CF-第三期）,金錢,臺中市南屯區****,04-2*****,否,,,,,,,
112,陳雅惠,111年臺中市議員選舉,首次申報,1111115,宣傳支出,大東文具印刷行,97935097,0.00,39000.00,,,,製作競選物品或宣傳廣告費用（物品名稱-DM-A雙面）,金錢,臺中市北區博****,,否,,,,,,,
113,陳雅惠,111年臺中市議員選舉,首次申報,1111115,宣傳支出,大東文具印刷行,97935097,0.00,12000.00,,,,製作競選物品或宣傳廣告費用（物品名稱-搶救小卡）,金錢,臺中市北區博****,,否,,,,,,,
114,陳雅惠,111年臺中市議員選舉,首次申報,1111115,人事費用支出,王富美,B22*******,0.00,4590.00,,,,工資或薪津,金錢,臺中市東區富****,,否,,,,,,,
115,陳雅惠,111年臺中市議員選舉,首次申報,1111116,雜支支出,中華電信股份有限公司,,0.00,16510.00,,,,電信費用,金錢,臺中市西區市****,,否,,,,,,,
116,陳雅惠,111年臺中市議員選舉,首次申報,1111116,宣傳支出,大東文具印刷行,97935097,0.00,4500.00,,,,製作競選物品或宣傳廣告費用（物品名稱-DM）,金錢,臺中市北區博****,,否,,,,,,,
117,陳雅惠,111年臺中市議員選舉,首次申報,1111116,人事費用支出,劉亘晏,A22*******,0.00,21630.00,,,,工資或薪津,金錢,臺中市東區精****,,否,,,,,,,
118,陳雅惠,111年臺中市議員選舉,首次申報,1111116,人事費用支出,洪昇豐,B12*******,0.00,20060.00,,,,工資或薪津,金錢,臺中市東區忠****,,否,,,,,,,
119,陳雅惠,111年臺中市議員選舉,首次申報,1111116,人事費用支出,范翔昇,B12*******,0.00,19550.00,,,,工資或薪津,金錢,臺中市東區立****,,否,,,,,,,
120,陳雅惠,111年臺中市議員選舉,首次申報,1111116,人事費用支出,楊靜玟,B22*******,0.00,14790.00,,,,工資或薪津,金錢,臺中市南區工****,,否,,,,,,,
121,陳雅惠,111年臺中市議員選舉,首次申報,1111116,人事費用支出,張菁育,B22*******,0.00,5950.00,,,,工資或薪津,金錢,臺中市西區五****,,否,,,,,,,
122,陳雅惠,111年臺中市議員選舉,首次申報,1111116,人事費用支出,李艷,B99*******,0.00,19125.00,,,,工資或薪津,金錢,臺中市南區大****,,否,,,,,,,
123,陳雅惠,111年臺中市議員選舉,首次申報,1111116,人事費用支出,黃怡善,D22*******,0.00,1785.00,,,,工資或薪津,金錢,臺中市南區民****,,否,,,,,,,
124,陳雅惠,111年臺中市議員選舉,首次申報,1111116,人事費用支出,簡雪玉,L22*******,0.00,14535.00,,,,工資或薪津,金錢,臺中市霧峰區****,,否,,,,,,,
125,陳雅惠,111年臺中市議員選舉,首次申報,1111116,人事費用支出,張寓粧,L22*******,0.00,9860.00,,,,工資或薪津,金錢,臺中市南區工****,,否,,,,,,,
126,陳雅惠,111年臺中市議員選舉,首次申報,1111116,人事費用支出,張瑋庭,L22*******,0.00,9860.00,,,,工資或薪津,金錢,臺中市南區工****,,否,,,,,,,
127,陳雅惠,111年臺中市議員選舉,首次申報,1111116,人事費用支出,鄭鴦芳,L22*******,0.00,12580.00,,,,工資或薪津,金錢,臺中市太平區****,,否,,,,,,,
128,陳雅惠,111年臺中市議員選舉,首次申報,1111116,人事費用支出,詹靜媚,L22*******,0.00,183060.00,,,,工資或薪津,金錢,臺中市北屯區****,,否,,,,,,,
129,陳雅惠,111年臺中市議員選舉,首次申報,1111116,人事費用支出,林修圓,M20*******,0.00,8075.00,,,,工資或薪津,金錢,臺中市南區民****,,否,,,,,,,
130,陳雅惠,111年臺中市議員選舉,首次申報,1111116,人事費用支出,張若婷,Q22*******,0.00,15640.00,,,,工資或薪津,金錢,金門縣金寧鄉****,,否,,,,,,,
131,陳雅惠,111年臺中市議員選舉,首次申報,1111116,人事費用支出,許來有,X22*******,0.00,14450.00,,,,工資或薪津,金錢,臺中市南區福****,,否,,,,,,,
132,陳雅惠,111年臺中市議員選舉,首次申報,1111118,人事費用支出,林雪英,T22*******,0.00,15980.00,,,,工資或薪津,金錢,臺中市東區南****,,否,,,,,,,
133,陳雅惠,111年臺中市議員選舉,首次申報,1111119,人事費用支出,陳柏州,F12*******,0.00,35000.00,,,,其他因工作酬勞之給付,金錢,臺中市北屯區****,,否,,,,,,,
134,陳雅惠,111年臺中市議員選舉,首次申報,1111120,宣傳支出,星城國際演藝社,45869271,0.00,90000.00,,,,演講或表演費用,金錢,臺中市沙鹿區****,0922*****,否,,,,,,,
135,陳雅惠,111年臺中市議員選舉,首次申報,1111121,宣傳支出,大東文具印刷行,97935097,0.00,2000.00,,,,製作競選物品或宣傳廣告費用（物品名稱-貼紙）,金錢,臺中市北區博****,,否,,,,,,,
136,陳雅惠,111年臺中市議員選舉,首次申報,1111122,人事費用支出,胡勻品,H22*******,0.00,3570.00,,,,工資或薪津,金錢,臺中市南區仁****,,否,,,,,,,
137,陳雅惠,111年臺中市議員選舉,首次申報,1111122,人事費用支出,呂玉華,N22*******,0.00,4930.00,,,,工資或薪津,金錢,臺中市南區工****,,否,,,,,,,
138,陳雅惠,111年臺中市議員選舉,首次申報,1111123,宣傳支出,冒續企業有限公司,12924555,0.00,11700.00,,,,製作競選物品或宣傳廣告費用（物品名稱-帽子）,金錢,臺中市東區立****,,否,,,,,,,
139,陳雅惠,111年臺中市議員選舉,首次申報,1111123,宣傳支出,鶴興企業有限公司,86998545,0.00,54390.00,,,,製作競選物品或宣傳廣告費用(小布旗.背心.布條),金錢,臺中市霧峰區****,,否,,,,,,,
140,陳雅惠,111年臺中市議員選舉,首次申報,1111125,人事費用支出,劉亘晏,A22*******,0.00,21200.00,,,,工資或薪津,金錢,臺中市東區精****,,否,,,,,,,
141,陳雅惠,111年臺中市議員選舉,首次申報,1111125,人事費用支出,范翔昇,B12*******,0.00,17800.00,,,,工資或薪津,金錢,臺中市東區立****,,否,,,,,,,
142,陳雅惠,111年臺中市議員選舉,首次申報,1111125,人事費用支出,洪昇豐,B12*******,0.00,18800.00,,,,工資或薪津,金錢,臺中市東區忠****,,否,,,,,,,
143,陳雅惠,111年臺中市議員選舉,首次申報,1111125,人事費用支出,楊靜玟,B22*******,0.00,11500.00,,,,工資或薪津,金錢,臺中市南區工****,,否,,,,,,,
144,陳雅惠,111年臺中市議員選舉,首次申報,1111125,人事費用支出,張菁育,B22*******,0.00,9500.00,,,,工資或薪津,金錢,臺中市西區五****,,否,,,,,,,
145,陳雅惠,111年臺中市議員選舉,首次申報,1111125,人事費用支出,李艷,B99*******,0.00,19300.00,,,,工資或薪津,金錢,臺中市南區大****,,否,,,,,,,
146,陳雅惠,111年臺中市議員選舉,首次申報,1111125,人事費用支出,張瑋庭,L22*******,0.00,11100.00,,,,工資或薪津,金錢,臺中市南區工****,,否,,,,,,,
147,陳雅惠,111年臺中市議員選舉,首次申報,1111125,人事費用支出,張寓粧,L22*******,0.00,9900.00,,,,工資或薪津,金錢,臺中市南區工****,,否,,,,,,,
148,陳雅惠,111年臺中市議員選舉,首次申報,1111125,人事費用支出,詹靜媚,L22*******,0.00,17800.00,,,,工資或薪津,金錢,臺中市北屯區****,,否,,,,,,,
149,陳雅惠,111年臺中市議員選舉,首次申報,1111125,人事費用支出,簡雪玉,L22*******,0.00,13900.00,,,,工資或薪津,金錢,臺中市霧峰區****,,否,,,,,,,
150,陳雅惠,111年臺中市議員選舉,首次申報,1111125,人事費用支出,鄭鴦芳,L22*******,0.00,14900.00,,,,工資或薪津,金錢,臺中市太平區****,,否,,,,,,,
151,陳雅惠,111年臺中市議員選舉,首次申報,1111125,人事費用支出,呂玉華,N22*******,0.00,4700.00,,,,工資或薪津,金錢,臺中市南區工****,,否,,,,,,,
152,陳雅惠,111年臺中市議員選舉,首次申報,1111125,人事費用支出,張若婷,Q22*******,0.00,15600.00,,,,工資或薪津,金錢,金門縣金寧鄉****,,否,,,,,,,
153,陳雅惠,111年臺中市議員選舉,首次申報,1111125,人事費用支出,林雪英,T22*******,0.00,11500.00,,,,工資或薪津,金錢,臺中市東區南****,,否,,,,,,,
154,陳雅惠,111年臺中市議員選舉,首次申報,1111125,人事費用支出,許來有,X22*******,0.00,16600.00,,,,工資或薪津,金錢,臺中市南區福****,,否,,,,,,,
155,陳雅惠,111年臺中市議員選舉,首次申報,1111126,人事費用支出,徐雄慶,B10*******,0.00,35000.00,,,,工資或薪津,金錢,臺中市南區高****,,否,,,,,,,
156,陳雅惠,111年臺中市議員選舉,首次申報,1111126,人事費用支出,陳梓斌,B12*******,0.00,35000.00,,,,工資或薪津,金錢,臺中市南區工****,,否,,,,,,,
157,陳雅惠,111年臺中市議員選舉,首次申報,1111126,人事費用支出,王富美,B22*******,0.00,4200.00,,,,工資或薪津,金錢,臺中市東區富****,,否,,,,,,,
158,陳雅惠,111年臺中市議員選舉,首次申報,1111126,人事費用支出,張菁育,B22*******,0.00,9500.00,,,,工資或薪津,金錢,臺中市西區五****,,否,,,,,,,
159,陳雅惠,111年臺中市議員選舉,首次申報,1111126,人事費用支出,楊靜玟,B22*******,0.00,9720.00,,,,工資或薪津,金錢,臺中市南區工****,,否,,,,,,,
160,陳雅惠,111年臺中市議員選舉,首次申報,1111126,人事費用支出,黃河清,L10*******,0.00,35000.00,,,,工資或薪津,金錢,臺中市南區工****,,否,,,,,,,
161,陳雅惠,111年臺中市議員選舉,首次申報,1111126,人事費用支出,簡雪玉,L22*******,0.00,9720.00,,,,工資或薪津,金錢,臺中市霧峰區****,,否,,,,,,,
162,陳雅惠,111年臺中市議員選舉,首次申報,1111126,人事費用支出,林修圓,M20*******,0.00,9620.00,,,,工資或薪津,金錢,臺中市南區民****,,否,,,,,,,
163,陳雅惠,111年臺中市議員選舉,首次申報,1111126,人事費用支出,曾再富,N12*******,0.00,55000.00,,,,工資或薪津,金錢,臺中市南區仁****,,否,,,,,,,
164,陳雅惠,111年臺中市議員選舉,首次申報,1111127,人事費用支出,潘進國,N12*******,0.00,35000.00,,,,工資或薪津,金錢,臺中市南區合****,,否,,,,,,,
165,陳雅惠,111年臺中市議員選舉,首次申報,1111128,雜支支出,中華電信股份有限公司,,0.00,26858.00,,,,電信費用,金錢,臺中市西區市****,,否,,,,,,,
166,陳雅惠,111年臺中市議員選舉,首次申報,1111128,人事費用支出,林修圓,M20*******,0.00,9600.00,,,,工資或薪津,金錢,臺中市南區民****,,否,,,,,,,
167,陳雅惠,111年臺中市議員選舉,首次申報,1111213,返還捐贈支出,王溫翠鑾,,0.00,20000.00,,,,返還,金錢,臺中市南區光****,,否,,,,,,,
168,陳雅惠,111年臺中市議員選舉,首次申報,1111213,雜支支出,中華電信股份有限公司,,0.00,20159.00,,,,電信費用,金錢,臺中市西區市****,,否,,,,,,,
