﻿序號,擬參選人／政黨,選舉名稱,申報序號／年度,交易日期,收支科目,捐贈者／支出對象,身分證／統一編號,收入金額,支出金額,捐贈方式,存入專戶日期,返還/繳庫,支出用途,金錢類,地址,聯絡電話,應揭露之支出對象,支出對象之內部人員姓名,支出對象之內部人員職稱,政黨之內部人員姓名,政黨之內部人員職稱,關係,更正註記,資料更正日期
1,張順畝,111年彰化縣議員選舉,首次申報,1110608,個人捐贈收入,曾于薾,,20000.00,0.00,匯款,1110608,,,金錢,,0989*****,,,,,,,,
2,張順畝,111年彰化縣議員選舉,首次申報,1110613,個人捐贈收入,張瑜淇,F22*******,20000.00,0.00,匯款,1110613,,,金錢,,0919*****,,,,,,,,
3,張順畝,111年彰化縣議員選舉,首次申報,1110621,其他收入,利息收入,,3.00,0.00,匯款,1110621,,,金錢,,,,,,,,,,
4,張順畝,111年彰化縣議員選舉,首次申報,1110915,營利事業捐贈收入,特家麗建設有限公司,53607478,20000.00,0.00,匯款,1110915,,,金錢,彰化縣鹿港鎮****,,,,,,,,,
5,張順畝,111年彰化縣議員選舉,首次申報,1110915,營利事業捐贈收入,家佳興不動產有限公司,54951316,10000.00,0.00,匯款,1110915,,,金錢,彰化縣員林市****,,,,,,,,,
6,張順畝,111年彰化縣議員選舉,首次申報,1110919,個人捐贈收入,曾蕭美麗,,500.00,0.00,匯款,1110919,,,金錢,,0921*****,,,,,,,,
7,張順畝,111年彰化縣議員選舉,首次申報,1110921,個人捐贈收入,曾怡綾,,1000.00,0.00,匯款,1110921,,,金錢,,0902*****,,,,,,,,
8,張順畝,111年彰化縣議員選舉,首次申報,1110921,個人捐贈收入,曾于薾,,2000.00,0.00,匯款,1110921,,,金錢,,0989*****,,,,,,,,
9,張順畝,111年彰化縣議員選舉,首次申報,1110921,個人捐贈收入,曾得智,,2000.00,0.00,匯款,1110921,,,金錢,,0955*****,,,,,,,,
10,張順畝,111年彰化縣議員選舉,首次申報,1111004,個人捐贈收入,劉勝芬,,6600.00,0.00,匯款,1111004,,,金錢,,0955*****,,,,,,,,
11,張順畝,111年彰化縣議員選舉,首次申報,1111019,個人捐贈收入,陳志銘,,30000.00,0.00,匯款,1111019,,,金錢,,0485*****,,,,,,,,
