﻿序號,擬參選人／政黨,選舉名稱,申報序號／年度,交易日期,收支科目,捐贈者／支出對象,身分證／統一編號,收入金額,支出金額,支出用途,金錢類,地址,聯絡電話,資料更正日期
1,劉祐龍,107年直轄市議員選舉,首次申報,1070517,個人捐贈收入,許文榮,,666.00,0.00,,金錢,新北市金山區****,0972*****,
2,劉祐龍,107年直轄市議員選舉,首次申報,1070607,匿名捐贈,匿名,,2000.00,0.00,,金錢,,,
3,劉祐龍,107年直轄市議員選舉,首次申報,1070630,個人捐贈收入,曾國治,H10*******,10000.00,0.00,,金錢,桃園市蘆竹區****,0975*****,
4,劉祐龍,107年直轄市議員選舉,首次申報,1070710,個人捐贈收入,黃彥儒,F12*******,10000.00,0.00,,金錢,桃園市中壢區****,0932*****,
5,劉祐龍,107年直轄市議員選舉,首次申報,1070710,個人捐贈收入,徐永明,L12*******,100000.00,0.00,,金錢,臺北市中正區****,0918*****,
6,劉祐龍,107年直轄市議員選舉,首次申報,1070725,個人捐贈收入,吳東秉,F12*******,1000.00,0.00,,金錢,新北市林口區****,0910*****,
7,劉祐龍,107年直轄市議員選舉,首次申報,1070802,個人捐贈收入,吳世昌,A12*******,100000.00,0.00,,金錢,臺北市信義區****,0978*****,
8,劉祐龍,107年直轄市議員選舉,首次申報,1070802,個人捐贈收入,廖庭慧,J22*******,100000.00,0.00,,金錢,臺北市中正區****,0933*****,
9,劉祐龍,107年直轄市議員選舉,首次申報,1070820,政黨捐贈收入,時代力量,政黨證字第267號,200000.00,0.00,,金錢,臺北市中正區****,(02)*****,
10,劉祐龍,107年直轄市議員選舉,首次申報,1070825,個人捐贈收入,林塏峰,H12*******,20000.00,0.00,,金錢,新北市林口區****,0919*****,
11,劉祐龍,107年直轄市議員選舉,首次申報,1070825,個人捐贈收入,胡博硯,N12*******,5000.00,0.00,,金錢,新北市三重區****,0910*****,
12,劉祐龍,107年直轄市議員選舉,首次申報,1070825,個人捐贈收入,李昆達,R12*******,500.00,0.00,,金錢,桃園市中壢區****,0926*****,
13,劉祐龍,107年直轄市議員選舉,首次申報,1070831,個人捐贈收入,張睦惠,K22*******,3000.00,0.00,,金錢,桃園市中壢區****,0988*****,
14,劉祐龍,107年直轄市議員選舉,首次申報,1070901,個人捐贈收入,吳聲緯,H12*******,3000.00,0.00,,金錢,桃園市中壢區****,0972*****,
15,劉祐龍,107年直轄市議員選舉,首次申報,1070914,個人捐贈收入,林鈺傑,A12*******,50000.00,0.00,,金錢,臺北市中正區****,0983*****,
16,劉祐龍,107年直轄市議員選舉,首次申報,1071027,人民團體捐贈收入,臺灣區水管工程工業同業公會,,60000.00,0.00,,金錢,臺北市中山區****,02-2*****,
17,劉祐龍,107年直轄市議員選舉,首次申報,1071027,營利事業捐贈收入,寶佳室內裝修工程行,26728358,70000.00,0.00,,金錢,新北市三峽區****,02-8*****,
18,劉祐龍,107年直轄市議員選舉,首次申報,1071027,營利事業捐贈收入,寶佳室內裝修工程行,26728358,70000.00,0.00,,金錢,新北市三峽區****,02-8*****,
19,劉祐龍,107年直轄市議員選舉,首次申報,1071027,個人捐贈收入,梁子謙,H12*******,6000.00,0.00,,金錢,桃園市中壢區****,0930*****,
20,劉祐龍,107年直轄市議員選舉,首次申報,1071027,個人捐贈收入,潘忠政,S10*******,2000.00,0.00,,金錢,桃園市中壢區****,0972*****,
21,劉祐龍,107年直轄市議員選舉,首次申報,1071119,匿名捐贈,匿名,,1100.00,0.00,,金錢,,,
