﻿序號,擬參選人／政黨,選舉名稱,申報序號／年度,交易日期,收支科目,捐贈者／支出對象,身分證／統一編號,收入金額,支出金額,捐贈方式,存入專戶日期,返還/繳庫,支出用途,金錢類,地址,聯絡電話,應揭露之支出對象,支出對象之內部人員姓名,支出對象之內部人員職稱,政黨之內部人員姓名,政黨之內部人員職稱,關係,更正註記,資料更正日期
1,何炳樺,111年彰化縣溪湖鎮鎮長選舉,首次申報,1110813,租用競選辦事處支出,馮雪祝,N22*******,0.00,64000.00,,,,租用競選辦事處費用,金錢,彰化縣溪湖鎮****,04-8*****,否,,,,,,,
2,何炳樺,111年彰化縣溪湖鎮鎮長選舉,首次申報,1110831,集會支出,廣聯社,,0.00,16000.00,,,,其他與集會有關之費用,金錢,彰化縣永靖鄉****,0987*****,否,,,,,,,
3,何炳樺,111年彰化縣溪湖鎮鎮長選舉,首次申報,1110831,集會支出,阿霖師料理坊,26930711,0.00,25500.00,,,,餐飲費用,金錢,彰化縣溪湖鎮****,04-8*****,否,,,,,,,
4,何炳樺,111年彰化縣溪湖鎮鎮長選舉,首次申報,1110901,雜支支出,鴻宇罐頭食品有限公司,54770639,0.00,12000.00,,,,雜項購置或修繕費用,金錢,彰化縣二林鎮****,04-8*****,否,,,,,,,
5,何炳樺,111年彰化縣溪湖鎮鎮長選舉,首次申報,1110905,宣傳支出,盛邑有限公司,59027173,0.00,57000.00,,,,製作競選物品或宣傳廣告費用（口罩）,金錢,彰化縣溪湖鎮****,0935*****,否,,,,,,,
6,何炳樺,111年彰化縣溪湖鎮鎮長選舉,首次申報,1110908,宣傳支出,展榮食品行,17305863,0.00,64008.00,,,,製作競選物品或宣傳廣告費用（小水cc）,金錢,彰化縣彰化市****,04-7*****,否,,,,,,,
7,何炳樺,111年彰化縣溪湖鎮鎮長選舉,首次申報,1110916,集會支出,5越音樂教學館,39885921,0.00,34000.00,,,,其他與集會有關之費用,金錢,彰化縣溪湖鎮****,04-8*****,否,,,,,,,
8,何炳樺,111年彰化縣溪湖鎮鎮長選舉,首次申報,1110918,集會支出,銘鳳活動企劃社,06020221,0.00,65000.00,,,,租用設備費用,金錢,彰化縣溪湖鎮****,0988*****,否,,,,,,,
9,何炳樺,111年彰化縣溪湖鎮鎮長選舉,首次申報,1110918,集會支出,意豐海產店,14851425,0.00,90000.00,,,,餐飲費用,金錢,彰化縣溪湖鎮****,04-8*****,否,,,,,,,
10,何炳樺,111年彰化縣溪湖鎮鎮長選舉,首次申報,1110918,集會支出,您好葬儀社,21878188,0.00,39700.00,,,,租用設備費用,金錢,彰化縣二林鎮****,04-8*****,否,,,,,,,
11,何炳樺,111年彰化縣溪湖鎮鎮長選舉,首次申報,1110919,集會支出,廣聯社,,0.00,16000.00,,,,其他與集會有關之費用,金錢,彰化縣永靖鄉****,0987*****,否,,,,,,,
12,何炳樺,111年彰化縣溪湖鎮鎮長選舉,首次申報,1110919,雜支支出,鴻宇罐頭食品有限公司,54770639,0.00,18000.00,,,,雜項購置或修繕費用,金錢,彰化縣二林鎮****,04-8*****,否,,,,,,,
13,何炳樺,111年彰化縣溪湖鎮鎮長選舉,首次申報,1110920,宣傳支出,昱達生技有限公司,83157885,0.00,57000.00,,,,製作競選物品或宣傳廣告費用（口罩）,金錢,彰化縣埔鹽鄉****,04-8*****,否,,,,,,,
14,何炳樺,111年彰化縣溪湖鎮鎮長選舉,首次申報,1111001,雜支支出,鴻宇罐頭食品有限公司,54770639,0.00,15000.00,,,,雜項購置或修繕費用,金錢,彰化縣二林鎮****,04-8*****,否,,,,,,,
15,何炳樺,111年彰化縣溪湖鎮鎮長選舉,首次申報,1111002,宣傳支出,立大活動企劃社,38922764,0.00,14000.00,,,,租用廣告看板或車體廣告費用,金錢,彰化縣溪湖鎮****,0910*****,否,,,,,,,
16,何炳樺,111年彰化縣溪湖鎮鎮長選舉,首次申報,1111006,宣傳支出,宏捷派報社,88562384,0.00,6750.00,,,,播放、傳送或刊登宣傳廣告費用,金錢,彰化縣北斗鎮****,0921*****,否,,,,,,,
17,何炳樺,111年彰化縣溪湖鎮鎮長選舉,首次申報,1111006,宣傳支出,宏捷派報社,88562384,0.00,6750.00,,,,播放、傳送或刊登宣傳廣告費用,金錢,彰化縣北斗鎮****,0921*****,否,,,,,,,
18,何炳樺,111年彰化縣溪湖鎮鎮長選舉,首次申報,1111007,宣傳支出,盛邑有限公司,59027173,0.00,57000.00,,,,製作競選物品或宣傳廣告費用（口罩）,金錢,彰化縣溪湖鎮****,0935*****,否,,,,,,,
19,何炳樺,111年彰化縣溪湖鎮鎮長選舉,首次申報,1111012,宣傳支出,宏捷派報社,88562384,0.00,6750.00,,,,播放、傳送或刊登宣傳廣告費用,金錢,彰化縣北斗鎮****,0921*****,否,,,,,,,
20,何炳樺,111年彰化縣溪湖鎮鎮長選舉,首次申報,1111012,宣傳支出,宏捷派報社,88562384,0.00,6750.00,,,,播放、傳送或刊登宣傳廣告費用,金錢,彰化縣北斗鎮****,0921*****,否,,,,,,,
21,何炳樺,111年彰化縣溪湖鎮鎮長選舉,首次申報,1111012,宣傳支出,宏捷派報社,88562384,0.00,6750.00,,,,播放、傳送或刊登宣傳廣告費用,金錢,彰化縣北斗鎮****,0921*****,否,,,,,,,
22,何炳樺,111年彰化縣溪湖鎮鎮長選舉,首次申報,1111017,宣傳支出,宏捷派報社,88562384,0.00,6750.00,,,,播放、傳送或刊登宣傳廣告費用,金錢,彰化縣北斗鎮****,0921*****,否,,,,,,,
23,何炳樺,111年彰化縣溪湖鎮鎮長選舉,首次申報,1111021,集會支出,廣聯社,,0.00,16000.00,,,,其他與集會有關之費用,金錢,彰化縣永靖鄉****,0987*****,否,,,,,,,
24,何炳樺,111年彰化縣溪湖鎮鎮長選舉,首次申報,1111021,集會支出,5越音樂教學館,39885921,0.00,15000.00,,,,其他與集會有關之費用,金錢,彰化縣溪湖鎮****,04-8*****,否,,,,,,,
25,何炳樺,111年彰化縣溪湖鎮鎮長選舉,首次申報,1111025,宣傳支出,昱達生技有限公司,83157885,0.00,57000.00,,,,製作競選物品或宣傳廣告費用（口罩）,金錢,彰化縣埔鹽鄉****,04-8*****,否,,,,,,,
26,何炳樺,111年彰化縣溪湖鎮鎮長選舉,首次申報,1111029,宣傳支出,宏捷派報社,88562384,0.00,6750.00,,,,播放、傳送或刊登宣傳廣告費用,金錢,彰化縣北斗鎮****,0921*****,否,,,,,,,
27,何炳樺,111年彰化縣溪湖鎮鎮長選舉,首次申報,1111030,宣傳支出,漫步實業社,47367653,0.00,63000.00,,,,播放、傳送或刊登宣傳廣告費用,金錢,彰化縣溪湖鎮****,0988*****,否,,,,,,,
28,何炳樺,111年彰化縣溪湖鎮鎮長選舉,首次申報,1111031,宣傳支出,漫步實業社,47367653,0.00,73500.00,,,,播放、傳送或刊登宣傳廣告費用,金錢,彰化縣溪湖鎮****,0988*****,否,,,,,,,
29,何炳樺,111年彰化縣溪湖鎮鎮長選舉,首次申報,1111031,宣傳支出,新遠塑膠有限公司,53370776,0.00,13650.00,,,,製作競選物品或宣傳廣告費用（加油棒）,金錢,彰化縣彰化市****,04-7*****,否,,,,,,,
30,何炳樺,111年彰化縣溪湖鎮鎮長選舉,首次申報,1111101,雜支支出,鴻宇罐頭食品有限公司,54770639,0.00,15000.00,,,,雜項購置或修繕費用,金錢,彰化縣二林鎮****,04-8*****,否,,,,,,,
31,何炳樺,111年彰化縣溪湖鎮鎮長選舉,首次申報,1111101,宣傳支出,盛邑有限公司,59027173,0.00,144000.00,,,,製作競選物品或宣傳廣告費用（口罩）,金錢,彰化縣溪湖鎮****,0935*****,否,,,,,,,
32,何炳樺,111年彰化縣溪湖鎮鎮長選舉,首次申報,1111108,宣傳支出,宏捷派報社,88562384,0.00,8250.00,,,,播放、傳送或刊登宣傳廣告費用,金錢,彰化縣北斗鎮****,0921*****,否,,,,,,,
33,何炳樺,111年彰化縣溪湖鎮鎮長選舉,首次申報,1111109,宣傳支出,宏捷派報社,88562384,0.00,8250.00,,,,播放、傳送或刊登宣傳廣告費用,金錢,彰化縣北斗鎮****,0921*****,否,,,,,,,
34,何炳樺,111年彰化縣溪湖鎮鎮長選舉,首次申報,1111112,雜支支出,鴻宇罐頭食品有限公司,54770639,0.00,22500.00,,,,雜項購置或修繕費用,金錢,彰化縣二林鎮****,04-8*****,否,,,,,,,
35,何炳樺,111年彰化縣溪湖鎮鎮長選舉,首次申報,1111115,宣傳支出,宏捷派報社,88562384,0.00,8250.00,,,,播放、傳送或刊登宣傳廣告費用,金錢,彰化縣北斗鎮****,0921*****,否,,,,,,,
36,何炳樺,111年彰化縣溪湖鎮鎮長選舉,首次申報,1111118,宣傳支出,盛邑有限公司,59027173,0.00,144000.00,,,,製作競選物品或宣傳廣告費用（口罩）,金錢,彰化縣溪湖鎮****,0935*****,否,,,,,,,
37,何炳樺,111年彰化縣溪湖鎮鎮長選舉,首次申報,1111120,集會支出,5越音樂教學館,39885921,0.00,16000.00,,,,其他與集會有關之費用(車隊掃街),金錢,彰化縣溪湖鎮****,04-8*****,否,,,,,,,
38,何炳樺,111年彰化縣溪湖鎮鎮長選舉,首次申報,1111120,雜支支出,微征青果社,72508168,0.00,118384.00,,,,餐飲費用,金錢,彰化縣溪湖鎮****,0919*****,否,,,,,,,
39,何炳樺,111年彰化縣溪湖鎮鎮長選舉,首次申報,1111121,返還捐贈支出,康宇地產開發有限公司,42951213,0.00,30000.00,,,,返還,金錢,彰化縣溪湖鎮****,,否,,,,,,,
40,何炳樺,111年彰化縣溪湖鎮鎮長選舉,首次申報,1111121,返還捐贈支出,金首億建設股份有限公司,83765446,0.00,100000.00,,,,返還,金錢,彰化縣秀水鄉****,,否,,,,,,,
41,何炳樺,111年彰化縣溪湖鎮鎮長選舉,首次申報,1111123,宣傳支出,盛邑有限公司,59027173,0.00,144000.00,,,,製作競選物品或宣傳廣告費用（口罩）,金錢,彰化縣溪湖鎮****,0935*****,否,,,,,,,
42,何炳樺,111年彰化縣溪湖鎮鎮長選舉,首次申報,1111125,集會支出,阿霖師料理坊,26930711,0.00,45000.00,,,,餐飲費用,金錢,彰化縣溪湖鎮****,04-8*****,否,,,,,,,
43,何炳樺,111年彰化縣溪湖鎮鎮長選舉,首次申報,1111125,集會支出,5越音樂教學館,39885921,0.00,20000.00,,,,其他與集會有關之費用,金錢,彰化縣溪湖鎮****,04-8*****,否,,,,,,,
44,何炳樺,111年彰化縣溪湖鎮鎮長選舉,首次申報,1111126,集會支出,阿霖師料理坊,26930711,0.00,45000.00,,,,餐飲費用,金錢,彰化縣溪湖鎮****,04-8*****,否,,,,,,,
45,何炳樺,111年彰化縣溪湖鎮鎮長選舉,首次申報,1111129,租用競選辦事處支出,建來成企業社,72457983,0.00,45000.00,,,,其他與租用競選辦事處有關之費用,金錢,彰化縣永靖鄉****,04-8*****,否,,,,,,,
46,何炳樺,111年彰化縣溪湖鎮鎮長選舉,首次申報,1111130,租用競選辦事處支出,正順衛生工程行,18198172,0.00,24000.00,,,,其他與租用競選辦事處有關之費用(流動廁所租賃),金錢,彰化縣鹿港鎮****,04-7*****,否,,,,,,,
