﻿序號,擬參選人／政黨,選舉名稱,申報序號／年度,交易日期,收支科目,捐贈者／支出對象,身分證／統一編號,收入金額,支出金額,支出用途,金錢類,地址,聯絡電話,資料更正日期
1,楊富鈞,107年縣(市)議員選舉,首次申報,1070905,個人捐贈收入,吳嬿玲,N22*******,36000.00,0.00,,金錢,彰化縣彰化市****,,
2,楊富鈞,107年縣(市)議員選舉,首次申報,1070911,個人捐贈收入,楊建諒,N12*******,30000.00,0.00,,金錢,彰化縣彰化市****,0921*****,
3,楊富鈞,107年縣(市)議員選舉,首次申報,1070912,個人捐贈收入,蔡亦證,,5000.00,0.00,,非金錢,,0910*****,
4,楊富鈞,107年縣(市)議員選舉,首次申報,1071005,個人捐贈收入,陳明哲,G10*******,200000.00,0.00,,金錢,臺中市西屯區****,04-2*****,
5,楊富鈞,107年縣(市)議員選舉,首次申報,1071120,個人捐贈收入,林文進,,10000.00,0.00,,金錢,,0928*****,
6,楊富鈞,107年縣(市)議員選舉,首次申報,1071120,個人捐贈收入,馮登科,F12*******,10000.00,0.00,,金錢,,,
7,楊富鈞,107年縣(市)議員選舉,首次申報,1071120,個人捐贈收入,吳河泉,N10*******,60000.00,0.00,,金錢,彰化縣彰化市****,,
8,楊富鈞,107年縣(市)議員選舉,首次申報,1071120,個人捐贈收入,蘇明郎,N12*******,20000.00,0.00,,金錢,,,
9,楊富鈞,107年縣(市)議員選舉,首次申報,1071120,個人捐贈收入,許鴻恩,N12*******,6000.00,0.00,,金錢,,,
10,楊富鈞,107年縣(市)議員選舉,首次申報,1071120,個人捐贈收入,陳見居,N12*******,10000.00,0.00,,金錢,,0932*****,
11,楊富鈞,107年縣(市)議員選舉,首次申報,1071120,個人捐贈收入,黃寶玲,N20*******,10000.00,0.00,,金錢,,0963*****,
12,楊富鈞,107年縣(市)議員選舉,首次申報,1071123,個人捐贈收入,曾秀果,N22*******,100000.00,0.00,,金錢,臺中市西屯區****,0910*****,
13,楊富鈞,107年縣(市)議員選舉,首次申報,1071221,其他收入,利息收入,,16.00,0.00,,金錢,,,
