﻿序號,擬參選人／政黨,選舉名稱,申報序號／年度,交易日期,收支科目,捐贈者／支出對象,身分證／統一編號,收入金額,支出金額,捐贈方式,存入專戶日期,返還/繳庫,支出用途,金錢類,地址,聯絡電話,應揭露之支出對象,支出對象之內部人員姓名,支出對象之內部人員職稱,政黨之內部人員姓名,政黨之內部人員職稱,關係,更正註記,資料更正日期
1,吳沛憶,111年臺北市議員選舉,首次申報,1110601,宣傳支出,競選總部,F22*******,0.00,12000.00,,,,租用廣告看板,非金錢,臺北市萬華區****,,否,,,,,,,
2,吳沛憶,111年臺北市議員選舉,首次申報,1110601,宣傳支出,競選總部,F22*******,0.00,28000.00,,,,租用廣告看板,非金錢,臺北市萬華區****,,否,,,,,,,
3,吳沛憶,111年臺北市議員選舉,首次申報,1110601,宣傳支出,競選總部,F22*******,0.00,15000.00,,,,租用廣告看板,非金錢,臺北市萬華區****,,否,,,,,,,
4,吳沛憶,111年臺北市議員選舉,首次申報,1110601,宣傳支出,競選總部,F22*******,0.00,90000.00,,,,租用廣告看板,非金錢,臺北市萬華區****,,否,,,,,,,
5,吳沛憶,111年臺北市議員選舉,首次申報,1110601,宣傳支出,競選總部,F22*******,0.00,75000.00,,,,租用廣告看板,非金錢,臺北市萬華區****,,否,,,,,,,
6,吳沛憶,111年臺北市議員選舉,首次申報,1110601,宣傳支出,競選總部,F22*******,0.00,27000.00,,,,租用廣告看板,非金錢,臺北市萬華區****,,否,,,,,,,
7,吳沛憶,111年臺北市議員選舉,首次申報,1110601,宣傳支出,競選總部,F22*******,0.00,90000.00,,,,租用廣告看板,非金錢,臺北市萬華區****,,否,,,,,,,
8,吳沛憶,111年臺北市議員選舉,首次申報,1110601,宣傳支出,競選總部,F22*******,0.00,54000.00,,,,租用廣告看板,非金錢,臺北市萬華區****,,否,,,,,,,
9,吳沛憶,111年臺北市議員選舉,首次申報,1110601,宣傳支出,競選總部,F22*******,0.00,54000.00,,,,租用廣告看板,非金錢,臺北市萬華區****,,否,,,,,,,
10,吳沛憶,111年臺北市議員選舉,首次申報,1110601,宣傳支出,競選總部,F22*******,0.00,100000.00,,,,租用廣告看板,非金錢,臺北市萬華區****,,否,,,,,,,
11,吳沛憶,111年臺北市議員選舉,首次申報,1110601,宣傳支出,競選總部,F22*******,0.00,45000.00,,,,租用廣告看板,非金錢,臺北市萬華區****,,否,,,,,,,
12,吳沛憶,111年臺北市議員選舉,首次申報,1110601,宣傳支出,競選總部,F22*******,0.00,30000.00,,,,租用廣告看板,非金錢,臺北市萬華區****,,否,,,,,,,
13,吳沛憶,111年臺北市議員選舉,首次申報,1110601,宣傳支出,競選總部,F22*******,0.00,28000.00,,,,租用廣告看板,非金錢,臺北市萬華區****,,否,,,,,,,
14,吳沛憶,111年臺北市議員選舉,首次申報,1110602,雜支支出,網路家庭國際資訊股份有限公司,16606102,0.00,1598.00,,,,雜項購置或修繕費用,金錢,臺北市大安區****,,否,,,,,,,
15,吳沛憶,111年臺北市議員選舉,首次申報,1110604,雜支支出,中華電信股份有限公司,81691784,0.00,1858.00,,,,電信費用,金錢,台北市金山南****,,否,,,,,,,
16,吳沛憶,111年臺北市議員選舉,首次申報,1110610,宣傳支出,競選總部,F22*******,0.00,15000.00,,,,租用廣告看板,非金錢,臺北市萬華區****,,否,,,,,,,
17,吳沛憶,111年臺北市議員選舉,首次申報,1110610,宣傳支出,競選總部,F22*******,0.00,30000.00,,,,租用廣告看板,非金錢,臺北市萬華區****,,否,,,,,,,
18,吳沛憶,111年臺北市議員選舉,首次申報,1110610,宣傳支出,競選總部,F22*******,0.00,75000.00,,,,租用廣告看板,非金錢,臺北市萬華區****,,否,,,,,,,
19,吳沛憶,111年臺北市議員選舉,首次申報,1110610,宣傳支出,競選總部,F22*******,0.00,60000.00,,,,租用廣告看板,非金錢,臺北市萬華區****,,否,,,,,,,
20,吳沛憶,111年臺北市議員選舉,首次申報,1110613,人事費用支出,郭明義,F12*******,0.00,10000.00,,,,工資或薪津,金錢,台北市萬華區****,,否,,,,,,,
21,吳沛憶,111年臺北市議員選舉,首次申報,1110627,雜支支出,北新鎖匙刻印行,17447672,0.00,400.00,,,,雜項購置或修繕費用,金錢,新北市新店區****,,否,,,,,,,
22,吳沛憶,111年臺北市議員選舉,首次申報,1110628,宣傳支出,志瑋印刷品行,31874393,0.00,31500.00,,,,製作競選物品（物品名稱-面紙）,金錢,台北市中正區****,,否,,,,,,,
23,吳沛憶,111年臺北市議員選舉,首次申報,1110701,宣傳支出,競選總部,F22*******,0.00,15000.00,,,,租用廣告看板,非金錢,臺北市萬華區****,,否,,,,,,,
24,吳沛憶,111年臺北市議員選舉,首次申報,1110704,雜支支出,中華電信股份有限公司,81691784,0.00,1416.00,,,,電信費用,金錢,台北市金山南****,,否,,,,,,,
25,吳沛憶,111年臺北市議員選舉,首次申報,1110704,人事費用支出,謝佩榕,A22*******,0.00,2800.00,,,,工資或薪津,金錢,新北市土城區****,,否,,,,,,,
26,吳沛憶,111年臺北市議員選舉,首次申報,1110706,宣傳支出,深度設計有限公司,54039761,0.00,63000.00,,,,委託辦理研究、評估、調查、設計或規劃費用,金錢,新北市興南路****,,否,,,,,,,
27,吳沛憶,111年臺北市議員選舉,首次申報,1110713,人事費用支出,郭明義,F12*******,0.00,10000.00,,,,工資或薪津,金錢,台北市萬華區****,,否,,,,,,,
28,吳沛憶,111年臺北市議員選舉,首次申報,1110718,集會支出,昱翔食品行,72980833,0.00,2550.00,,,,餐飲費用,金錢,台北市萬華區****,,否,,,,,,,
29,吳沛憶,111年臺北市議員選舉,首次申報,1110728,宣傳支出,志瑋印刷品行,31874393,0.00,3570.00,,,,製作競選物品（物品名稱-印刷品）,金錢,台北市中正區****,,否,,,,,,,
30,吳沛憶,111年臺北市議員選舉,首次申報,1110728,宣傳支出,皇星廣告工程行,34464751,0.00,10250.00,,,,製作競選物品或宣傳廣告費用（物品名稱-手舉牌）,金錢,新北市板橋區****,,否,,,,,,,
31,吳沛憶,111年臺北市議員選舉,首次申報,1110728,雜支支出,天成蒸籠號,72965729,0.00,1000.00,,,,雜項購置或修繕費用,金錢,台北市西寧南****,,否,,,,,,,
32,吳沛憶,111年臺北市議員選舉,首次申報,1110802,人事費用支出,謝佩榕,A22*******,0.00,2100.00,,,,工資或薪津,金錢,新北市土城區****,,否,,,,,,,
33,吳沛憶,111年臺北市議員選舉,首次申報,1110812,雜支支出,中華電信股份有限公司,81691784,0.00,1423.00,,,,電信費用,金錢,台北市金山南****,,否,,,,,,,
34,吳沛憶,111年臺北市議員選舉,首次申報,1110812,雜支支出,中華電信股份有限公司,81691784,0.00,1571.00,,,,電信費用,金錢,台北市金山南****,,否,,,,,,,
35,吳沛憶,111年臺北市議員選舉,首次申報,1110823,雜支支出,雅村企業有限公司,31134074,0.00,7800.00,,,,雜項購置或修繕費用,金錢,臺北市士林區****,,否,,,,,,,
36,吳沛憶,111年臺北市議員選舉,首次申報,1110825,集會支出,昱翔食品行,72980833,0.00,23680.00,,,,餐飲費用,金錢,台北市萬華區****,,否,,,,,,,
37,吳沛憶,111年臺北市議員選舉,首次申報,1110826,宣傳支出,惠藝企業有限公司,23567554,0.00,1360.00,,,,製作競選物品（物品名稱-手舉牌）,金錢,桃園市中壢區****,,否,,,,,,,
38,吳沛憶,111年臺北市議員選舉,首次申報,1110829,雜支支出,臺北自來水事業處,03774909,0.00,150.00,,,,水電瓦斯費用,金錢,台北市牯嶺街****,,否,,,,,,,
39,吳沛憶,111年臺北市議員選舉,首次申報,1110830,人事費用支出,郭明義,F12*******,0.00,12000.00,,,,工資或薪津,金錢,台北市萬華區****,,否,,,,,,,
40,吳沛憶,111年臺北市議員選舉,首次申報,1110831,宣傳支出,志瑋印刷品行,31874393,0.00,3400.00,,,,製作競選物品（物品名稱-DM、名片）,金錢,台北市中正區****,,否,,,,,,,
41,吳沛憶,111年臺北市議員選舉,首次申報,1110831,宣傳支出,皇星廣告工程行,34464751,0.00,2400.00,,,,製作競選物品（物品名稱-易拉展）,金錢,新北市板橋區****,,否,,,,,,,
42,吳沛憶,111年臺北市議員選舉,首次申報,1110831,雜支支出,綠界科技股份有限公司,97025978,0.00,2988.00,,,,手續費,金錢,臺北市南港區****,,否,,,,,,,
43,吳沛憶,111年臺北市議員選舉,首次申報,1110901,宣傳支出,深度設計有限公司,54039761,0.00,84000.00,,,,製作競選物品或宣傳廣告費用（物品名稱-競選識別設計）,金錢,新北市興南路****,,否,,,,,,,
44,吳沛憶,111年臺北市議員選舉,首次申報,1110901,人事費用支出,李金香,F20*******,0.00,15000.00,,,,工資或薪津,金錢,台北市萬華區****,,否,,,,,,,
45,吳沛憶,111年臺北市議員選舉,首次申報,1110901,人事費用支出,李金香,F20*******,0.00,15000.00,,,,工資或薪津,金錢,台北市萬華區****,,否,,,,,,,
46,吳沛憶,111年臺北市議員選舉,首次申報,1110901,宣傳支出,競選總部,F22*******,0.00,30000.00,,,,租用廣告看板,非金錢,臺北市萬華區****,,否,,,,,,,
47,吳沛憶,111年臺北市議員選舉,首次申報,1110901,宣傳支出,競選總部,F22*******,0.00,15000.00,,,,租用廣告看板,非金錢,臺北市萬華區****,,否,,,,,,,
48,吳沛憶,111年臺北市議員選舉,首次申報,1110901,宣傳支出,競選總部,F22*******,0.00,100000.00,,,,租用廣告看板,非金錢,臺北市萬華區****,,否,,,,,,,
49,吳沛憶,111年臺北市議員選舉,首次申報,1110901,宣傳支出,競選總部,F22*******,0.00,100000.00,,,,製作競選物品（物品名稱-口罩）,非金錢,臺北市萬華區****,,否,,,,,,,
50,吳沛憶,111年臺北市議員選舉,首次申報,1110901,宣傳支出,競選總部,F22*******,0.00,30000.00,,,,租用廣告看板,非金錢,臺北市萬華區****,,否,,,,,,,
51,吳沛憶,111年臺北市議員選舉,首次申報,1110902,宣傳支出,心雅服裝行,15995103,0.00,1365.00,,,,製作競選物品或宣傳廣告費用（物品名稱-肩帶）,金錢,台北市萬華區****,,否,,,,,,,
52,吳沛憶,111年臺北市議員選舉,首次申報,1110905,雜支支出,中華電信股份有限公司,81691784,0.00,1373.00,,,,電信費用,金錢,台北市金山南****,,否,,,,,,,
53,吳沛憶,111年臺北市議員選舉,首次申報,1110905,雜支支出,中華電信股份有限公司,81691784,0.00,1937.00,,,,電信費用,金錢,台北市金山南****,,否,,,,,,,
54,吳沛憶,111年臺北市議員選舉,首次申報,1110909,雜支支出,迪歐小舖,87491995,0.00,2970.00,,,,雜項購置或修繕費用,金錢,新北市汐止區****,,否,,,,,,,
55,吳沛憶,111年臺北市議員選舉,首次申報,1110909,雜支支出,迪歐小舖,87491995,0.00,5000.00,,,,雜項購置或修繕費用,金錢,新北市汐止區****,,否,,,,,,,
56,吳沛憶,111年臺北市議員選舉,首次申報,1110914,公共關係費用支出,李正義茶行,31880901,0.00,6000.00,,,,聯誼交際費用,金錢,台北市桂林路****,,否,,,,,,,
57,吳沛憶,111年臺北市議員選舉,首次申報,1110915,人事費用支出,謝佩榕,A22*******,0.00,2800.00,,,,工資或薪津,金錢,新北市土城區****,,否,,,,,,,
58,吳沛憶,111年臺北市議員選舉,首次申報,1110916,公共關係費用支出,十美有限公司,27525704,0.00,6000.00,,,,聯誼交際費用,金錢,台北市萬華區****,,否,,,,,,,
59,吳沛憶,111年臺北市議員選舉,首次申報,1110916,公共關係費用支出,揭記茶業有限公司,53310291,0.00,6000.00,,,,聯誼交際費用,金錢,臺北市萬華區****,,否,,,,,,,
60,吳沛憶,111年臺北市議員選舉,首次申報,1110920,宣傳支出,德美國際有限公司,59233552,0.00,21861.00,,,,製作競選物品（物品名稱-帽子）,金錢,高雄市鳳山區****,,否,,,,,,,
61,吳沛憶,111年臺北市議員選舉,首次申報,1110920,集會支出,昱翔食品行,72980833,0.00,13200.00,,,,餐飲費用,金錢,台北市萬華區****,,否,,,,,,,
62,吳沛憶,111年臺北市議員選舉,首次申報,1110926,雜支支出,譽峰國際企業有限公司,50840535,0.00,14500.00,,,,雜項購置或修繕費用,金錢,新北市板橋區****,,否,,,,,,,
63,吳沛憶,111年臺北市議員選舉,首次申報,1110927,宣傳支出,文揚興業有限公司,53617763,0.00,68250.00,,,,製作競選物品（物品名稱-不織布袋）,金錢,新北市永和區****,,否,,,,,,,
64,吳沛憶,111年臺北市議員選舉,首次申報,1110930,宣傳支出,青森設計有限公司,29034367,0.00,66900.00,,,,製作競選物品（物品名稱-購物袋）,金錢,臺北市大同區****,,否,,,,,,,
65,吳沛憶,111年臺北市議員選舉,首次申報,1110930,雜支支出,綠界科技股份有限公司,97025978,0.00,2468.00,,,,手續費,金錢,臺北市南港區****,,否,,,,,,,
66,吳沛憶,111年臺北市議員選舉,首次申報,1110930,人事費用支出,孫孝誠,A12*******,0.00,35000.00,,,,工資或薪津,金錢,台北市萬華區****,,否,,,,,,,
67,吳沛憶,111年臺北市議員選舉,首次申報,1110930,人事費用支出,陳宛青,A22*******,0.00,8000.00,,,,工資或薪津,金錢,新北市永和區****,,否,,,,,,,
68,吳沛憶,111年臺北市議員選舉,首次申報,1110930,人事費用支出,陳彥宇,A22*******,0.00,10620.00,,,,工資或薪津,金錢,台北市士林區****,,否,,,,,,,
69,吳沛憶,111年臺北市議員選舉,首次申報,1110930,人事費用支出,郭明義,F12*******,0.00,12000.00,,,,工資或薪津,金錢,台北市萬華區****,,否,,,,,,,
70,吳沛憶,111年臺北市議員選舉,首次申報,1111001,宣傳支出,競選總部,F22*******,0.00,75000.00,,,,租用廣告看板,非金錢,臺北市萬華區****,,否,,,,,,,
71,吳沛憶,111年臺北市議員選舉,首次申報,1111001,宣傳支出,競選總部,F22*******,0.00,90000.00,,,,租用廣告看板,非金錢,臺北市萬華區****,,否,,,,,,,
72,吳沛憶,111年臺北市議員選舉,首次申報,1111004,雜支支出,中華電信股份有限公司,81691784,0.00,1317.00,,,,電信費用,金錢,台北市金山南****,,否,,,,,,,
73,吳沛憶,111年臺北市議員選舉,首次申報,1111004,雜支支出,中華電信股份有限公司,81691784,0.00,2084.00,,,,電信費用,金錢,台北市金山南****,,否,,,,,,,
74,吳沛憶,111年臺北市議員選舉,首次申報,1111004,人事費用支出,何嫚馨,G22*******,0.00,35000.00,,,,工資或薪津,金錢,宜蘭縣羅東鎮****,,否,,,,,,,
75,吳沛憶,111年臺北市議員選舉,首次申報,1111004,人事費用支出,蕭伊妙,Q22*******,0.00,8000.00,,,,工資或薪津,金錢,台北市萬華區****,,否,,,,,,,
76,吳沛憶,111年臺北市議員選舉,首次申報,1111006,雜支支出,檸檬專業清潔有限公司,42627791,0.00,4065.00,,,,雜項購置或修繕費用,金錢,臺北市大安區****,,否,,,,,,,
77,吳沛憶,111年臺北市議員選舉,首次申報,1111008,公共關係費用支出,馨都花苑,81709383,0.00,3000.00,,,,聯誼交際費用,金錢,臺北市萬華區****,,否,,,,,,,
78,吳沛憶,111年臺北市議員選舉,首次申報,1111014,雜支支出,臺北自來水事業處,03774909,0.00,192.00,,,,水電瓦斯費用,金錢,台北市牯嶺街****,,否,,,,,,,
79,吳沛憶,111年臺北市議員選舉,首次申報,1111017,雜支支出,中華郵政股份有限公司,03741302,0.00,1898.00,,,,雜項購置或修繕費用,金錢,臺北市大安區****,,否,,,,,,,
80,吳沛憶,111年臺北市議員選舉,首次申報,1111023,集會支出,鱺躍國際薪傳,42440022,0.00,12000.00,,,,其他與集會有關之費用,金錢,台北市萬華區****,,否,,,,,,,
81,吳沛憶,111年臺北市議員選舉,首次申報,1111025,繳庫支出,監察院,03753307,0.00,100000.00,,,,繳庫,金錢,台北市忠孝東****,,否,,,,,,,
82,吳沛憶,111年臺北市議員選舉,首次申報,1111025,集會支出,昱翔食品行,72980833,0.00,13200.00,,,,餐飲費用,金錢,台北市萬華區****,,否,,,,,,,
83,吳沛憶,111年臺北市議員選舉,首次申報,1111025,人事費用支出,林芳曲,H22*******,0.00,4000.00,,,,工資或薪津,金錢,新北市永和區****,,否,,,,,,,
84,吳沛憶,111年臺北市議員選舉,首次申報,1111026,集會支出,台北市政府工務局公園路燈工程管理處,03751693,0.00,7500.00,,,,租用場地費用,金錢,臺北市懷寧街****,,否,,,,,,,
85,吳沛憶,111年臺北市議員選舉,首次申報,1111027,集會支出,美修汽車商行,31333685,0.00,6300.00,,,,租用設備費用,金錢,臺北市士林區****,,否,,,,,,,
86,吳沛憶,111年臺北市議員選舉,首次申報,1111027,雜支支出,中華電信股份有限公司,81691784,0.00,1548.00,,,,電信費用,金錢,台北市金山南****,,否,,,,,,,
87,吳沛憶,111年臺北市議員選舉,首次申報,1111027,雜支支出,中華電信股份有限公司,81691784,0.00,1280.00,,,,電信費用,金錢,台北市金山南****,,否,,,,,,,
88,吳沛憶,111年臺北市議員選舉,首次申報,1111028,公共關係費用支出,草木花舖,73914930,0.00,6150.00,,,,聯誼交際費用,金錢,臺北市中正區****,,否,,,,,,,
89,吳沛憶,111年臺北市議員選舉,首次申報,1111028,人事費用支出,孫孝誠,A12*******,0.00,40000.00,,,,工資或薪津,金錢,台北市萬華區****,,否,,,,,,,
90,吳沛憶,111年臺北市議員選舉,首次申報,1111028,人事費用支出,陳彥宇,A22*******,0.00,4860.00,,,,工資或薪津,金錢,台北市士林區****,,否,,,,,,,
91,吳沛憶,111年臺北市議員選舉,首次申報,1111028,人事費用支出,陳宛青,A22*******,0.00,5000.00,,,,工資或薪津,金錢,新北市永和區****,,否,,,,,,,
92,吳沛憶,111年臺北市議員選舉,首次申報,1111028,人事費用支出,何嫚馨,G22*******,0.00,40000.00,,,,工資或薪津,金錢,宜蘭縣羅東鎮****,,否,,,,,,,
93,吳沛憶,111年臺北市議員選舉,首次申報,1111028,人事費用支出,蕭伊妙,Q22*******,0.00,8000.00,,,,工資或薪津,金錢,台北市萬華區****,,否,,,,,,,
94,吳沛憶,111年臺北市議員選舉,首次申報,1111030,人事費用支出,郭明義,F12*******,0.00,40000.00,,,,工資或薪津,金錢,台北市萬華區****,,否,,,,,,,
95,吳沛憶,111年臺北市議員選舉,首次申報,1111031,宣傳支出,志瑋印刷品行,31874393,0.00,94000.00,,,,製作競選物品（物品名稱-印刷品）,金錢,台北市中正區****,,否,,,,,,,
96,吳沛憶,111年臺北市議員選舉,首次申報,1111031,雜支支出,綠界科技股份有限公司,97025978,0.00,3221.00,,,,手續費,金錢,臺北市南港區****,,否,,,,,,,
97,吳沛憶,111年臺北市議員選舉,首次申報,1111031,人事費用支出,陳人岳,F22*******,0.00,1710.00,,,,工資或薪津,金錢,宜蘭縣羅東鎮****,,否,,,,,,,
98,吳沛憶,111年臺北市議員選舉,首次申報,1111101,宣傳支出,漁夫數位科技有限公司,54738717,0.00,31080.00,,,,發送電信簡訊費用,金錢,新北市中和區****,,否,,,,,,,
99,吳沛憶,111年臺北市議員選舉,首次申報,1111104,人事費用支出,黃敬棠,E12*******,0.00,6390.00,,,,工資或薪津,金錢,高雄市左營區****,,否,,,,,,,
100,吳沛憶,111年臺北市議員選舉,首次申報,1111105,人事費用支出,謝佩榕,A22*******,0.00,2800.00,,,,工資或薪津,金錢,新北市土城區****,,否,,,,,,,
101,吳沛憶,111年臺北市議員選舉,首次申報,1111107,宣傳支出,華豐禮品旗幟社,77162729,0.00,3500.00,,,,製作競選物品（物品名稱-關東旗）,金錢,臺北市萬華區****,,否,,,,,,,
102,吳沛憶,111年臺北市議員選舉,首次申報,1111107,人事費用支出,黃子芸,A22*******,0.00,900.00,,,,工資或薪津,金錢,台北市內湖區****,,否,,,,,,,
103,吳沛憶,111年臺北市議員選舉,首次申報,1111109,宣傳支出,丸同連合好地有限公司,82927443,0.00,19950.00,,,,製作宣傳廣告費用,金錢,嘉義縣水上鄉****,,否,,,,,,,
104,吳沛憶,111年臺北市議員選舉,首次申報,1111110,公共關係費用支出,偉盛花坊,10355260,0.00,2000.00,,,,聯誼交際費用,金錢,臺北市松山區****,,否,,,,,,,
105,吳沛憶,111年臺北市議員選舉,首次申報,1111111,宣傳支出,愷祥水電材料行,01429086,0.00,1200.00,,,,製作競選物品（物品名稱-LED燈座）,金錢,台北市萬華區****,,否,,,,,,,
106,吳沛憶,111年臺北市議員選舉,首次申報,1111111,集會支出,天歌企業有限公司,16186018,0.00,1400.00,,,,其他與集會有關之費用,金錢,新北市中和區****,,否,,,,,,,
107,吳沛憶,111年臺北市議員選舉,首次申報,1111111,公共關係費用支出,巧偶國際有限公司,54016227,0.00,1800.00,,,,聯誼交際費用,金錢,臺北市大安區****,,否,,,,,,,
108,吳沛憶,111年臺北市議員選舉,首次申報,1111114,宣傳支出,帝賞有限公司,84377676,0.00,53400.00,,,,製作競選物品（物品名稱-面膜）,金錢,臺中市南屯區****,,否,,,,,,,
109,吳沛憶,111年臺北市議員選舉,首次申報,1111116,集會支出,祥發電器行,26264499,0.00,2000.00,,,,其他與集會有關之費用,金錢,臺北市萬華區****,,否,,,,,,,
110,吳沛憶,111年臺北市議員選舉,首次申報,1111116,雜支支出,鴻威捲門行,75913788,0.00,3000.00,,,,雜項購置或修繕費用,金錢,臺北市萬華區****,,否,,,,,,,
111,吳沛憶,111年臺北市議員選舉,首次申報,1111117,集會支出,魔術小巴國際行銷有限公司,24384596,0.00,34650.00,,,,租用設備費用,金錢,新北市新莊區****,,否,,,,,,,
112,吳沛憶,111年臺北市議員選舉,首次申報,1111118,宣傳支出,皇星廣告工程行,34464751,0.00,3700.00,,,,製作競選物品或宣傳廣告費用（物品名稱-中空板）,金錢,新北市板橋區****,,否,,,,,,,
113,吳沛憶,111年臺北市議員選舉,首次申報,1111118,宣傳支出,皇星廣告工程行,34464751,0.00,19871.00,,,,製作競選物品（物品名稱-廣告製品）,金錢,新北市板橋區****,,否,,,,,,,
114,吳沛憶,111年臺北市議員選舉,首次申報,1111118,宣傳支出,傳達派報社,42428688,0.00,168789.00,,,,製作競選物品（物品名稱-印刷、派報）,金錢,臺北市萬華區****,,否,,,,,,,
115,吳沛憶,111年臺北市議員選舉,首次申報,1111118,宣傳支出,水福生技股份有限公司,69364498,0.00,21210.00,,,,製作競選物品（物品名稱-口罩）,金錢,桃園市蘆竹區****,,否,,,,,,,
116,吳沛憶,111年臺北市議員選舉,首次申報,1111119,集會支出,一東玩具業有限公司,04481959,0.00,2340.00,,,,其他與集會有關之費用,金錢,臺北市大同區****,,否,,,,,,,
117,吳沛憶,111年臺北市議員選舉,首次申報,1111121,宣傳支出,深度設計有限公司,54039761,0.00,63000.00,,,,委託辦理研究、評估、調查、設計或規劃費用,金錢,新北市中和區****,,否,,,,,,,
118,吳沛憶,111年臺北市議員選舉,首次申報,1111122,集會支出,妙音素食自助餐館,99348480,0.00,1140.00,,,,餐飲費用,金錢,台北市中正區****,,否,,,,,,,
119,吳沛憶,111年臺北市議員選舉,首次申報,1111123,集會支出,萬美全自助餐店,17755966,0.00,1200.00,,,,餐飲費用,金錢,台北市萬華區****,,否,,,,,,,
120,吳沛憶,111年臺北市議員選舉,首次申報,1111124,集會支出,萬美全自助餐店,17755966,0.00,1200.00,,,,餐飲費用,金錢,台北市萬華區****,,否,,,,,,,
121,吳沛憶,111年臺北市議員選舉,首次申報,1111126,雜支支出,中華電信股份有限公司,81691784,0.00,1609.00,,,,電信費用,金錢,台北市金山南****,,否,,,,,,,
122,吳沛憶,111年臺北市議員選舉,首次申報,1111126,雜支支出,中華電信股份有限公司,81691784,0.00,1896.00,,,,電信費用,金錢,台北市金山南****,,否,,,,,,,
123,吳沛憶,111年臺北市議員選舉,首次申報,1111128,集會支出,昱翔食品行,72980833,0.00,3520.00,,,,餐飲費用,金錢,台北市萬華區****,,否,,,,,,,
124,吳沛憶,111年臺北市議員選舉,首次申報,1111128,公共關係費用支出,草木花舖,73914930,0.00,6000.00,,,,聯誼交際費用,金錢,臺北市中正區****,,否,,,,,,,
125,吳沛憶,111年臺北市議員選舉,首次申報,1111128,人事費用支出,謝佩榕,A22*******,0.00,3200.00,,,,工資或薪津,金錢,新北市土城區****,,否,,,,,,,
126,吳沛憶,111年臺北市議員選舉,首次申報,1111129,宣傳支出,皇星廣告工程行,34464751,0.00,500.00,,,,製作競選物品（物品名稱-廣告製品）,金錢,新北市板橋區****,,否,,,,,,,
127,吳沛憶,111年臺北市議員選舉,首次申報,1111129,雜支支出,中華電信股份有限公司,81691784,0.00,1896.00,,,,電信費用,金錢,台北市金山南****,,否,,,,,,,
128,吳沛憶,111年臺北市議員選舉,首次申報,1111129,雜支支出,中華電信股份有限公司,81691784,0.00,1609.00,,,,電信費用,金錢,台北市金山南****,,否,,,,,,,
129,吳沛憶,111年臺北市議員選舉,首次申報,1111130,公共關係費用支出,花菁鮮花店,04553616,0.00,2400.00,,,,聯誼交際費用,金錢,台北市萬華區****,,否,,,,,,,
130,吳沛憶,111年臺北市議員選舉,首次申報,1111130,公共關係費用支出,花菁鮮花店,04553616,0.00,2400.00,,,,聯誼交際費用,金錢,台北市萬華區****,,否,,,,,,,
131,吳沛憶,111年臺北市議員選舉,首次申報,1111130,公共關係費用支出,花菁鮮花店,04553616,0.00,2400.00,,,,聯誼交際費用,金錢,台北市萬華區****,,否,,,,,,,
132,吳沛憶,111年臺北市議員選舉,首次申報,1111130,公共關係費用支出,花菁鮮花店,04553616,0.00,2400.00,,,,聯誼交際費用,金錢,台北市萬華區****,,否,,,,,,,
133,吳沛憶,111年臺北市議員選舉,首次申報,1111130,公共關係費用支出,花菁鮮花店,04553616,0.00,2400.00,,,,聯誼交際費用,金錢,台北市萬華區****,,否,,,,,,,
134,吳沛憶,111年臺北市議員選舉,首次申報,1111130,公共關係費用支出,花菁鮮花店,04553616,0.00,2400.00,,,,聯誼交際費用,金錢,台北市萬華區****,,否,,,,,,,
135,吳沛憶,111年臺北市議員選舉,首次申報,1111130,公共關係費用支出,花菁鮮花店,04553616,0.00,1200.00,,,,聯誼交際費用,金錢,台北市萬華區****,,否,,,,,,,
136,吳沛憶,111年臺北市議員選舉,首次申報,1111130,宣傳支出,山水民意研究股份有限公司,16135975,0.00,82968.00,,,,委託辦理研究、評估、調查、設計或規劃費用,金錢,臺北市松山區****,,否,,,,,,,
137,吳沛憶,111年臺北市議員選舉,首次申報,1111130,宣傳支出,志瑋印刷品行,31874393,0.00,48000.00,,,,製作競選物品（物品名稱-印刷品）,金錢,台北市中正區****,,否,,,,,,,
138,吳沛憶,111年臺北市議員選舉,首次申報,1111130,宣傳支出,有為映畫有限公司,42703018,0.00,80000.00,,,,製作宣傳廣告費用,金錢,新北市新店區****,,否,,,,,,,
139,吳沛憶,111年臺北市議員選舉,首次申報,1111130,雜支支出,綠界科技股份有限公司,97025978,0.00,1078.00,,,,手續費,金錢,臺北市南港區****,,否,,,,,,,
140,吳沛憶,111年臺北市議員選舉,首次申報,1111130,人事費用支出,孫孝誠,A12*******,0.00,40000.00,,,,工資或薪津,金錢,台北市萬華區****,,否,,,,,,,
141,吳沛憶,111年臺北市議員選舉,首次申報,1111130,人事費用支出,陳宛青,A22*******,0.00,8000.00,,,,工資或薪津,金錢,新北市永和區****,,否,,,,,,,
142,吳沛憶,111年臺北市議員選舉,首次申報,1111130,人事費用支出,陳彥宇,A22*******,0.00,7922.00,,,,工資或薪津,金錢,台北市士林區****,,否,,,,,,,
143,吳沛憶,111年臺北市議員選舉,首次申報,1111130,人事費用支出,羅瑋妮,A22*******,0.00,3960.00,,,,工資或薪津,金錢,嘉義市友忠路****,,否,,,,,,,
144,吳沛憶,111年臺北市議員選舉,首次申報,1111130,人事費用支出,陳宣甫,C12*******,0.00,11520.00,,,,工資或薪津,金錢,新北市板橋區****,,否,,,,,,,
145,吳沛憶,111年臺北市議員選舉,首次申報,1111130,人事費用支出,郭明義,F12*******,0.00,40000.00,,,,工資或薪津,金錢,台北市萬華區****,,否,,,,,,,
146,吳沛憶,111年臺北市議員選舉,首次申報,1111130,人事費用支出,何嫚馨,G22*******,0.00,40000.00,,,,工資或薪津,金錢,宜蘭縣羅東鎮****,,否,,,,,,,
147,吳沛憶,111年臺北市議員選舉,首次申報,1111130,人事費用支出,蕭伊妙,Q22*******,0.00,8000.00,,,,工資或薪津,金錢,台北市萬華區****,,否,,,,,,,
148,吳沛憶,111年臺北市議員選舉,首次申報,1111201,人事費用支出,洪鈺清,F12*******,0.00,2160.00,,,,工資或薪津,金錢,新北市新莊區****,,否,,,,,,,
149,吳沛憶,111年臺北市議員選舉,首次申報,1111201,人事費用支出,郭汶欣,F22*******,0.00,2160.00,,,,工資或薪津,金錢,新北市中和區****,,否,,,,,,,
150,吳沛憶,111年臺北市議員選舉,首次申報,1111201,人事費用支出,李允忠,H12*******,0.00,3420.00,,,,工資或薪津,金錢,桃園市八德區****,,否,,,,,,,
151,吳沛憶,111年臺北市議員選舉,首次申報,1111202,人事費用支出,陳邦安,A12*******,0.00,5580.00,,,,工資或薪津,金錢,台中市大雅區****,,否,,,,,,,
152,吳沛憶,111年臺北市議員選舉,首次申報,1111202,人事費用支出,張毅宇,A12*******,0.00,5940.00,,,,工資或薪津,金錢,桃園市龍潭區****,,否,,,,,,,
153,吳沛憶,111年臺北市議員選舉,首次申報,1111202,人事費用支出,朱加鈴,A22*******,0.00,2700.00,,,,工資或薪津,金錢,台北市萬華區****,,否,,,,,,,
154,吳沛憶,111年臺北市議員選舉,首次申報,1111202,人事費用支出,陳向詡,A22*******,0.00,1800.00,,,,工資或薪津,金錢,台北市士林區****,,否,,,,,,,
155,吳沛憶,111年臺北市議員選舉,首次申報,1111202,人事費用支出,王彥潔,D22*******,0.00,1620.00,,,,工資或薪津,金錢,台南市安南區****,,否,,,,,,,
156,吳沛憶,111年臺北市議員選舉,首次申報,1111202,人事費用支出,范巧容,E22*******,0.00,5760.00,,,,工資或薪津,金錢,高雄市小港區****,,否,,,,,,,
157,吳沛憶,111年臺北市議員選舉,首次申報,1111202,人事費用支出,黃曼菁,F22*******,0.00,2160.00,,,,工資或薪津,金錢,新北市新莊區****,,否,,,,,,,
158,吳沛憶,111年臺北市議員選舉,首次申報,1111202,人事費用支出,劉宥瑄,H22*******,0.00,7560.00,,,,工資或薪津,金錢,台北市忠孝東****,,否,,,,,,,
159,吳沛憶,111年臺北市議員選舉,首次申報,1111202,人事費用支出,劉思妤,H22*******,0.00,3240.00,,,,工資或薪津,金錢,台北市中正區****,,否,,,,,,,
160,吳沛憶,111年臺北市議員選舉,首次申報,1111206,人事費用支出,黃子芸,A22*******,0.00,900.00,,,,工資或薪津,金錢,台北市內湖區****,,否,,,,,,,
161,吳沛憶,111年臺北市議員選舉,首次申報,1111207,宣傳支出,備案有限公司,90474366,0.00,39900.00,,,,播放、傳送或刊登宣傳廣告費用,金錢,臺北市士林區****,,否,,,,,,,
162,吳沛憶,111年臺北市議員選舉,首次申報,1111208,人事費用支出,廖芯瑋,F22*******,0.00,6840.00,,,,工資或薪津,金錢,新北市新店區****,,否,,,,,,,
163,吳沛憶,111年臺北市議員選舉,首次申報,1111210,宣傳支出,備案有限公司,90474366,0.00,50000.00,,,,製作宣傳廣告費用,金錢,臺北市士林區****,,否,,,,,,,
164,吳沛憶,111年臺北市議員選舉,首次申報,1111212,宣傳支出,人生知道創意有限公司,54181133,0.00,31500.00,,,,製作宣傳廣告費用,金錢,臺北市士林區****,,否,,,,,,,
165,吳沛憶,111年臺北市議員選舉,首次申報,1111212,宣傳支出,人生知道創意有限公司,54181133,0.00,31500.00,,,,製作宣傳廣告費用,金錢,臺北市士林區****,,否,,,,,,,
166,吳沛憶,111年臺北市議員選舉,首次申報,1111213,返還捐贈支出,直興市場自治會,,0.00,12000.00,,,,返還,金錢,臺北市萬華區****,,否,,,,,,,
167,吳沛憶,111年臺北市議員選舉,首次申報,1111213,返還捐贈支出,十美有限公司,27525704,0.00,5880.00,,,,返還,金錢,臺北市萬華區****,,否,,,,,,,
168,吳沛憶,111年臺北市議員選舉,首次申報,1111213,返還捐贈支出,亞士迪有限公司,28795536,0.00,1500.00,,,,返還,金錢,新北市土城區****,,否,,,,,,,
169,吳沛憶,111年臺北市議員選舉,首次申報,1111213,返還捐贈支出,人生知道創意有限公司,54181133,0.00,6000.00,,,,返還,金錢,臺北市中正區****,,否,,,,,,,
170,吳沛憶,111年臺北市議員選舉,首次申報,1111213,返還捐贈支出,暇以食日飲食文化有限公司,66630768,0.00,555.00,,,,返還,金錢,臺北市萬華區****,,否,,,,,,,
171,吳沛憶,111年臺北市議員選舉,首次申報,1111213,返還捐贈支出,暇以食日飲食文化有限公司,66630768,0.00,666.00,,,,返還,金錢,臺北市萬華區****,,否,,,,,,,
172,吳沛憶,111年臺北市議員選舉,首次申報,1111213,返還捐贈支出,智慧平台科技股份有限公司,80170462,0.00,666.00,,,,返還,金錢,臺北市萬華區****,,否,,,,,,,
173,吳沛憶,111年臺北市議員選舉,首次申報,1111213,返還捐贈支出,勻禾有限公司,85016926,0.00,1204.00,,,,返還,金錢,臺北市萬華區****,,否,,,,,,,
174,吳沛憶,111年臺北市議員選舉,首次申報,1111219,宣傳支出,錢進科技有限公司,28850072,0.00,460000.00,,,,製作競選物品（物品名稱-印刷）,金錢,台北市中山區****,,否,,,,,,,
