﻿序號,擬參選人／政黨,選舉名稱,申報序號／年度,交易日期,收支科目,捐贈者／支出對象,身分證／統一編號,收入金額,支出金額,支出用途,金錢類,地址,聯絡電話,資料更正日期
1,高嘉瑜,107年直轄市議員選舉,首次申報,1070515,個人捐贈收入,簡定國,F12*******,10000.00,0.00,,金錢,新北市淡水區****,0975*****,
2,高嘉瑜,107年直轄市議員選舉,首次申報,1070521,營利事業捐贈收入,晶麗企業股份有限公司,27551738,1000000.00,0.00,,金錢,臺北市中山區****,,
3,高嘉瑜,107年直轄市議員選舉,首次申報,1070521,個人捐贈收入,戴良恭,Q12*******,100000.00,0.00,,金錢,新北市永和區****,0932*****,
4,高嘉瑜,107年直轄市議員選舉,首次申報,1070522,個人捐贈收入,蕭世耀,P12*******,50000.00,0.00,,金錢,嘉義市文雅里****,,
5,高嘉瑜,107年直轄市議員選舉,首次申報,1070523,個人捐贈收入,賴婷怡,A22*******,10000.00,0.00,,金錢,臺北市中正區****,,
6,高嘉瑜,107年直轄市議員選舉,首次申報,1070523,個人捐贈收入,連琬菁,C22*******,10000.00,0.00,,金錢,臺北市大安區****,,
7,高嘉瑜,107年直轄市議員選舉,首次申報,1070523,個人捐贈收入,劉越萍,C22*******,10000.00,0.00,,金錢,臺北市中山區****,,
8,高嘉瑜,107年直轄市議員選舉,首次申報,1070524,個人捐贈收入,蕭正偉,K10*******,100000.00,0.00,,金錢,新北市林口區****,0935*****,
9,高嘉瑜,107年直轄市議員選舉,首次申報,1070525,個人捐贈收入,藍依雯,A21*******,100000.00,0.00,,金錢,臺北市內湖區****,,
10,高嘉瑜,107年直轄市議員選舉,首次申報,1070528,營利事業捐贈收入,福座開發股份有限公司,23827215,420000.00,0.00,,金錢,臺北市中正區****,,
11,高嘉瑜,107年直轄市議員選舉,首次申報,1070531,營利事業捐贈收入,新堡科技股份有限公司,70397659,300000.00,0.00,,金錢,臺北市內湖區****,,
12,高嘉瑜,107年直轄市議員選舉,首次申報,1070601,個人捐贈收入,林凡然,A12*******,100000.00,0.00,,金錢,臺北市中正區****,0972*****,
13,高嘉瑜,107年直轄市議員選舉,首次申報,1070608,營利事業捐贈收入,精元投資股份有限公司,35193307,800000.00,0.00,,金錢,忠孝東路段號****,,
14,高嘉瑜,107年直轄市議員選舉,首次申報,1070611,個人捐贈收入,陳銘祥,H12*******,20000.00,0.00,,金錢,臺北市大安區****,,
15,高嘉瑜,107年直轄市議員選舉,首次申報,1070612,個人捐贈收入,汪俊宏,F12*******,100000.00,0.00,,金錢,臺北市大安區****,,
16,高嘉瑜,107年直轄市議員選舉,首次申報,1070612,個人捐贈收入,汪劭亭,F22*******,50000.00,0.00,,金錢,臺北市大安區****,,
17,高嘉瑜,107年直轄市議員選舉,首次申報,1070613,個人捐贈收入,汪劭禹,F13*******,100000.00,0.00,,金錢,臺北市大安區****,,
18,高嘉瑜,107年直轄市議員選舉,首次申報,1070614,營利事業捐贈收入,美港聯合股份有限公司,12950188,250000.00,0.00,,金錢,臺北市松山區****,,
19,高嘉瑜,107年直轄市議員選舉,首次申報,1070621,其他收入,利息收入,,350.00,0.00,,金錢,,,
20,高嘉瑜,107年直轄市議員選舉,首次申報,1070725,個人捐贈收入,朱國為,A12*******,25000.00,0.00,,金錢,臺北市中正區****,0933*****,
21,高嘉瑜,107年直轄市議員選舉,首次申報,1070802,個人捐贈收入,林秉樞,F12*******,10000.00,0.00,,金錢,臺北市中正區****,,
22,高嘉瑜,107年直轄市議員選舉,首次申報,1070824,個人捐贈收入,陳壽美,A20*******,50000.00,0.00,,金錢,臺北市中山區****,,
23,高嘉瑜,107年直轄市議員選舉,首次申報,1070831,營利事業捐贈收入,詠譽建設股份有限公司,24462229,500000.00,0.00,,金錢,臺北市中正區****,,
24,高嘉瑜,107年直轄市議員選舉,首次申報,1070906,個人捐贈收入,許國昭,F10*******,10000.00,0.00,,金錢,臺北市南港區****,0933*****,
25,高嘉瑜,107年直轄市議員選舉,首次申報,1070906,個人捐贈收入,林秉樞,F12*******,10000.00,0.00,,金錢,臺北市中正區****,,
26,高嘉瑜,107年直轄市議員選舉,首次申報,1070911,匿名捐贈,匿名1,,1.00,0.00,,金錢,,,
27,高嘉瑜,107年直轄市議員選舉,首次申報,1070911,營利事業捐贈收入,宥興有限公司,54863025,100000.00,0.00,,金錢,新北市新莊區****,,
28,高嘉瑜,107年直轄市議員選舉,首次申報,1070913,匿名捐贈,沁芝,,10000.00,0.00,,金錢,,,
29,高嘉瑜,107年直轄市議員選舉,首次申報,1070914,個人捐贈收入,詹士賢,A12*******,100000.00,0.00,,金錢,臺北市中山區****,,
30,高嘉瑜,107年直轄市議員選舉,首次申報,1070914,個人捐贈收入,簡希云,A22*******,30000.00,0.00,,金錢,臺北市士林區****,0958*****,
31,高嘉瑜,107年直轄市議員選舉,首次申報,1070914,個人捐贈收入,戴華北,J10*******,100000.00,0.00,,金錢,臺北市中山區****,,
32,高嘉瑜,107年直轄市議員選舉,首次申報,1070918,個人捐贈收入,陳定澤,A12*******,25000.00,0.00,,金錢,臺北市文山區****,0920*****,
33,高嘉瑜,107年直轄市議員選舉,首次申報,1070919,個人捐贈收入,季幼蓮,C20*******,10000.00,0.00,,金錢,新北市永和區****,,
34,高嘉瑜,107年直轄市議員選舉,首次申報,1070921,個人捐贈收入,陳麗婷,F22*******,50000.00,0.00,,金錢,臺北市內湖區****,,
35,高嘉瑜,107年直轄市議員選舉,首次申報,1070925,匿名捐贈,張家維,,1000.00,0.00,,金錢,,,
36,高嘉瑜,107年直轄市議員選舉,首次申報,1070926,匿名捐贈,鄭榮發,,1000.00,0.00,,金錢,,,
37,高嘉瑜,107年直轄市議員選舉,首次申報,1070926,匿名捐贈,火車便當西湖店,,3000.00,0.00,,金錢,,,
38,高嘉瑜,107年直轄市議員選舉,首次申報,1070926,匿名捐贈,戴嘉宏,,500.00,0.00,,金錢,,,
39,高嘉瑜,107年直轄市議員選舉,首次申報,1070926,匿名捐贈,張忠倫,,1000.00,0.00,,金錢,,,
40,高嘉瑜,107年直轄市議員選舉,首次申報,1070926,匿名捐贈,李先生,,1000.00,0.00,,金錢,,,
41,高嘉瑜,107年直轄市議員選舉,首次申報,1070926,個人捐贈收入,許哲銓,A12*******,50000.00,0.00,,金錢,臺北市內湖區****,,
42,高嘉瑜,107年直轄市議員選舉,首次申報,1070926,個人捐贈收入,林哲毅,A12*******,3000.00,0.00,,金錢,新北市板橋區****,,
43,高嘉瑜,107年直轄市議員選舉,首次申報,1070926,個人捐贈收入,劉子祥,A12*******,500.00,0.00,,金錢,新北市林口區****,,
44,高嘉瑜,107年直轄市議員選舉,首次申報,1070926,個人捐贈收入,林中秉,A12*******,1000.00,0.00,,金錢,臺北市內湖區****,,
45,高嘉瑜,107年直轄市議員選舉,首次申報,1070926,個人捐贈收入,闕帝成,A12*******,1000.00,0.00,,金錢,臺北市南港區****,,
46,高嘉瑜,107年直轄市議員選舉,首次申報,1070926,個人捐贈收入,陳正浩,A12*******,1000.00,0.00,,金錢,臺北市中山區****,,
47,高嘉瑜,107年直轄市議員選舉,首次申報,1070926,個人捐贈收入,高世和,A12*******,1000.00,0.00,,金錢,新北市汐止區****,,
48,高嘉瑜,107年直轄市議員選舉,首次申報,1070926,個人捐贈收入,陳保盟,A12*******,1000.00,0.00,,金錢,臺北市大同區****,,
49,高嘉瑜,107年直轄市議員選舉,首次申報,1070926,個人捐贈收入,蔡承恩,A12*******,1000.00,0.00,,金錢,新北市中和區****,,
50,高嘉瑜,107年直轄市議員選舉,首次申報,1070926,個人捐贈收入,李沛容,B12*******,1000.00,0.00,,金錢,臺中市南屯區****,,
51,高嘉瑜,107年直轄市議員選舉,首次申報,1070926,個人捐贈收入,曹惟凱,C12*******,1000.00,0.00,,金錢,基隆市安樂區****,,
52,高嘉瑜,107年直轄市議員選舉,首次申報,1070926,個人捐贈收入,陳政儀,D12*******,1000.00,0.00,,金錢,臺南市北區成****,,
53,高嘉瑜,107年直轄市議員選舉,首次申報,1070926,個人捐贈收入,楊修銘,E12*******,1000.00,0.00,,金錢,新竹縣竹北市****,,
54,高嘉瑜,107年直轄市議員選舉,首次申報,1070926,個人捐贈收入,楊宇航,E12*******,500.00,0.00,,金錢,新竹縣竹北市****,,
55,高嘉瑜,107年直轄市議員選舉,首次申報,1070926,個人捐贈收入,許勝傑,E12*******,1000.00,0.00,,金錢,新北市汐止區****,,
56,高嘉瑜,107年直轄市議員選舉,首次申報,1070926,個人捐贈收入,陳品文,F12*******,6666.00,0.00,,金錢,新北市三重區****,,
57,高嘉瑜,107年直轄市議員選舉,首次申報,1070926,個人捐贈收入,林佳緯,F12*******,500.00,0.00,,金錢,臺北市士林區****,,
58,高嘉瑜,107年直轄市議員選舉,首次申報,1070926,個人捐贈收入,林志彬,F12*******,1000.00,0.00,,金錢,新北市汐止區****,,
59,高嘉瑜,107年直轄市議員選舉,首次申報,1070926,個人捐贈收入,曾聖皓,F12*******,1000.00,0.00,,金錢,新北市新店區****,,
60,高嘉瑜,107年直轄市議員選舉,首次申報,1070926,個人捐贈收入,馬大翔,F12*******,500.00,0.00,,金錢,臺北市松山區****,,
61,高嘉瑜,107年直轄市議員選舉,首次申報,1070926,個人捐贈收入,王尚煜,F12*******,1000.00,0.00,,金錢,桃園市龜山區****,,
62,高嘉瑜,107年直轄市議員選舉,首次申報,1070926,個人捐贈收入,林靖茹,F22*******,500.00,0.00,,金錢,臺北市內湖區****,,
63,高嘉瑜,107年直轄市議員選舉,首次申報,1070926,個人捐贈收入,游博欽,H12*******,1000.00,0.00,,金錢,高雄市鼓山區****,,
64,高嘉瑜,107年直轄市議員選舉,首次申報,1070926,個人捐贈收入,陳秀真,H22*******,1000.00,0.00,,金錢,臺中市西區梅****,,
65,高嘉瑜,107年直轄市議員選舉,首次申報,1070926,個人捐贈收入,溫仁正,K12*******,1000.00,0.00,,金錢,臺北市內湖區****,,
66,高嘉瑜,107年直轄市議員選舉,首次申報,1070926,個人捐贈收入,余松修,M12*******,1000.00,0.00,,金錢,新北市三重區****,,
67,高嘉瑜,107年直轄市議員選舉,首次申報,1070926,個人捐贈收入,陳俊瑋,P12*******,1000.00,0.00,,金錢,桃園市桃園區****,,
68,高嘉瑜,107年直轄市議員選舉,首次申報,1070926,個人捐贈收入,黃威瀚,P12*******,1000.00,0.00,,金錢,新竹市東區建****,,
69,高嘉瑜,107年直轄市議員選舉,首次申報,1070926,個人捐贈收入,林義益,Q12*******,1000.00,0.00,,金錢,桃園市龍潭區****,,
70,高嘉瑜,107年直轄市議員選舉,首次申報,1070926,個人捐贈收入,嚴進嶸,Q12*******,1000.00,0.00,,金錢,新竹市東區龍****,,
71,高嘉瑜,107年直轄市議員選舉,首次申報,1070926,個人捐贈收入,蔣孟璋,T12*******,500.00,0.00,,金錢,屏東縣屏東市****,,
72,高嘉瑜,107年直轄市議員選舉,首次申報,1070927,匿名捐贈,陳彥旭,,1000.00,0.00,,金錢,,,
73,高嘉瑜,107年直轄市議員選舉,首次申報,1070927,匿名捐贈,新鼎,,10000.00,0.00,,金錢,,,
74,高嘉瑜,107年直轄市議員選舉,首次申報,1070927,匿名捐贈,曾于陞,,1000.00,0.00,,金錢,,,
75,高嘉瑜,107年直轄市議員選舉,首次申報,1070927,匿名捐贈,黃政雄,,1000.00,0.00,,金錢,,,
76,高嘉瑜,107年直轄市議員選舉,首次申報,1070927,匿名捐贈,陳俊偉,,1000.00,0.00,,金錢,,,
77,高嘉瑜,107年直轄市議員選舉,首次申報,1070927,匿名捐贈,黃俊強,,10000.00,0.00,,金錢,,,
78,高嘉瑜,107年直轄市議員選舉,首次申報,1070927,匿名捐贈,蔡明錕,,500.00,0.00,,金錢,,,
79,高嘉瑜,107年直轄市議員選舉,首次申報,1070927,匿名捐贈,張時皓,,500.00,0.00,,金錢,,,
80,高嘉瑜,107年直轄市議員選舉,首次申報,1070927,匿名捐贈,黃翊,,500.00,0.00,,金錢,,,
81,高嘉瑜,107年直轄市議員選舉,首次申報,1070927,匿名捐贈,賴義閔,,500.00,0.00,,金錢,,,
82,高嘉瑜,107年直轄市議員選舉,首次申報,1070927,匿名捐贈,潘志翔,,500.00,0.00,,金錢,,,
83,高嘉瑜,107年直轄市議員選舉,首次申報,1070927,匿名捐贈,范文翔,,2000.00,0.00,,金錢,,,
84,高嘉瑜,107年直轄市議員選舉,首次申報,1070927,匿名捐贈,李忠和,,500.00,0.00,,金錢,,,
85,高嘉瑜,107年直轄市議員選舉,首次申報,1070927,匿名捐贈,許家華,,500.00,0.00,,金錢,,,
86,高嘉瑜,107年直轄市議員選舉,首次申報,1070927,匿名捐贈,陳燕琦,,1000.00,0.00,,金錢,,,
87,高嘉瑜,107年直轄市議員選舉,首次申報,1070927,個人捐贈收入,楊國輝,A10*******,1000.00,0.00,,金錢,臺北市內湖區****,,
88,高嘉瑜,107年直轄市議員選舉,首次申報,1070927,個人捐贈收入,湯閏皓,A12*******,1000.00,0.00,,金錢,臺北市內湖區****,,
89,高嘉瑜,107年直轄市議員選舉,首次申報,1070927,個人捐贈收入,余嘉閔,A12*******,1000.00,0.00,,金錢,臺北市松山區****,,
90,高嘉瑜,107年直轄市議員選舉,首次申報,1070927,個人捐贈收入,黃佳陞,C12*******,1000.00,0.00,,金錢,基隆市安樂區****,,
91,高嘉瑜,107年直轄市議員選舉,首次申報,1070927,個人捐贈收入,翁玉貴,E10*******,1000.00,0.00,,金錢,臺北市大安區****,,
92,高嘉瑜,107年直轄市議員選舉,首次申報,1070927,個人捐贈收入,陳厚翰,F12*******,1000.00,0.00,,金錢,新北市淡水區****,,
93,高嘉瑜,107年直轄市議員選舉,首次申報,1070927,個人捐贈收入,游博欽,H12*******,1000.00,0.00,,金錢,高雄市鼓山區****,,
94,高嘉瑜,107年直轄市議員選舉,首次申報,1070927,個人捐贈收入,彭俊人,H12*******,520.00,0.00,,金錢,桃園市中壢區****,,
95,高嘉瑜,107年直轄市議員選舉,首次申報,1070927,個人捐贈收入,簡文麟,H12*******,1000.00,0.00,,金錢,臺北市士林區****,,
96,高嘉瑜,107年直轄市議員選舉,首次申報,1070927,個人捐贈收入,林保均,J12*******,1000.00,0.00,,金錢,新竹縣竹北市****,,
97,高嘉瑜,107年直轄市議員選舉,首次申報,1070927,個人捐贈收入,侯凱文,J12*******,1000.00,0.00,,金錢,新竹市東區水****,,
98,高嘉瑜,107年直轄市議員選舉,首次申報,1070927,個人捐贈收入,張國峰,N12*******,500.00,0.00,,金錢,高雄市鼓山區****,,
99,高嘉瑜,107年直轄市議員選舉,首次申報,1070927,個人捐贈收入,黃仲頡,Q12*******,1000.00,0.00,,金錢,新北市中和區****,,
100,高嘉瑜,107年直轄市議員選舉,首次申報,1070927,個人捐贈收入,胡晉誠,R12*******,1000.00,0.00,,金錢,新北市貢寮區****,,
101,高嘉瑜,107年直轄市議員選舉,首次申報,1070927,個人捐贈收入,高誠志,U12*******,500.00,0.00,,金錢,臺北市士林區****,,
102,高嘉瑜,107年直轄市議員選舉,首次申報,1070928,匿名捐贈,陳志強,,1000.00,0.00,,金錢,,,
103,高嘉瑜,107年直轄市議員選舉,首次申報,1070928,匿名捐贈,林世文,,500.00,0.00,,金錢,,,
104,高嘉瑜,107年直轄市議員選舉,首次申報,1070928,匿名捐贈,林世文,,1000.00,0.00,,金錢,,,
105,高嘉瑜,107年直轄市議員選舉,首次申報,1070928,匿名捐贈,許允治,,1000.00,0.00,,金錢,,,
106,高嘉瑜,107年直轄市議員選舉,首次申報,1070928,個人捐贈收入,陳彥璋,A12*******,500.00,0.00,,金錢,臺北市內湖區****,,
107,高嘉瑜,107年直轄市議員選舉,首次申報,1070928,個人捐贈收入,黃偉利,A12*******,1000.00,0.00,,金錢,臺北市內湖區****,,
108,高嘉瑜,107年直轄市議員選舉,首次申報,1070928,個人捐贈收入,楊立吉,A12*******,1000.00,0.00,,金錢,臺北市內湖區****,,
109,高嘉瑜,107年直轄市議員選舉,首次申報,1070928,個人捐贈收入,郭瓊斐,A22*******,10000.00,0.00,,金錢,臺北市內湖區****,,
110,高嘉瑜,107年直轄市議員選舉,首次申報,1070928,個人捐贈收入,劉玉娟,C22*******,10000.00,0.00,,金錢,新北市永和區****,,
111,高嘉瑜,107年直轄市議員選舉,首次申報,1070928,個人捐贈收入,陳志豪,D12*******,1000.00,0.00,,金錢,臺南市中西區****,,
112,高嘉瑜,107年直轄市議員選舉,首次申報,1070928,個人捐贈收入,黃集仁,F12*******,10000.00,0.00,,金錢,桃園市龜山區****,,
113,高嘉瑜,107年直轄市議員選舉,首次申報,1070928,個人捐贈收入,吳宛頴,L12*******,1000.00,0.00,,金錢,臺北市內湖區****,,
114,高嘉瑜,107年直轄市議員選舉,首次申報,1070928,個人捐贈收入,吳文辰,S12*******,500.00,0.00,,金錢,臺北市內湖區****,,
115,高嘉瑜,107年直轄市議員選舉,首次申報,1070929,匿名捐贈,楊梅金城武,,2000.00,0.00,,金錢,,,
116,高嘉瑜,107年直轄市議員選舉,首次申報,1070929,匿名捐贈,楊翔安,,500.00,0.00,,金錢,,,
117,高嘉瑜,107年直轄市議員選舉,首次申報,1070929,匿名捐贈,朱世璋,,500.00,0.00,,金錢,,,
118,高嘉瑜,107年直轄市議員選舉,首次申報,1070929,匿名捐贈,李秋伶,,1000.00,0.00,,金錢,,,
119,高嘉瑜,107年直轄市議員選舉,首次申報,1070929,個人捐贈收入,陳日昌,A12*******,10000.00,0.00,,金錢,臺北市大安區****,,
120,高嘉瑜,107年直轄市議員選舉,首次申報,1070930,匿名捐贈,廖緯綸,,1000.00,0.00,,金錢,,,
121,高嘉瑜,107年直轄市議員選舉,首次申報,1070930,匿名捐贈,張文德,,3000.00,0.00,,金錢,,,
122,高嘉瑜,107年直轄市議員選舉,首次申報,1070930,匿名捐贈,林宏憬,,6666.00,0.00,,金錢,,,
123,高嘉瑜,107年直轄市議員選舉,首次申報,1070930,匿名捐贈,周鈺青,,1000.00,0.00,,金錢,,,
124,高嘉瑜,107年直轄市議員選舉,首次申報,1070930,匿名捐贈,莊景斐,,1000.00,0.00,,金錢,,,
125,高嘉瑜,107年直轄市議員選舉,首次申報,1070930,個人捐贈收入,阮士恩,A12*******,500.00,0.00,,金錢,臺北市南港區****,,
126,高嘉瑜,107年直轄市議員選舉,首次申報,1070930,個人捐贈收入,高嘉宏,A12*******,888.00,0.00,,金錢,新竹縣竹北市****,,
127,高嘉瑜,107年直轄市議員選舉,首次申報,1070930,個人捐贈收入,吳承憲,A12*******,1000.00,0.00,,金錢,臺北市大安區****,,
128,高嘉瑜,107年直轄市議員選舉,首次申報,1070930,個人捐贈收入,曹政一,A12*******,500.00,0.00,,金錢,臺北市內湖區****,,
129,高嘉瑜,107年直轄市議員選舉,首次申報,1070930,個人捐贈收入,陳則昊,L12*******,1000.00,0.00,,金錢,新北市新店區****,,
130,高嘉瑜,107年直轄市議員選舉,首次申報,1071001,匿名捐贈,趙春三,,2000.00,0.00,,金錢,,,
131,高嘉瑜,107年直轄市議員選舉,首次申報,1071001,匿名捐贈,王繻賢,,500.00,0.00,,金錢,,,
132,高嘉瑜,107年直轄市議員選舉,首次申報,1071001,營利事業捐贈收入,七海餐飲事業股份有限公司,89595460,20000.00,0.00,,金錢,臺北市內湖區****,,
133,高嘉瑜,107年直轄市議員選舉,首次申報,1071001,個人捐贈收入,黃坤泰,A12*******,10000.00,0.00,,金錢,臺北市中山區****,,
134,高嘉瑜,107年直轄市議員選舉,首次申報,1071001,個人捐贈收入,陳秋安,F12*******,1000.00,0.00,,金錢,臺北市文山區****,,
135,高嘉瑜,107年直轄市議員選舉,首次申報,1071002,匿名捐贈,張志名,,500.00,0.00,,金錢,,,
136,高嘉瑜,107年直轄市議員選舉,首次申報,1071002,個人捐贈收入,蔡承恩,A12*******,1000.00,0.00,,金錢,新北市中和區****,,
137,高嘉瑜,107年直轄市議員選舉,首次申報,1071002,個人捐贈收入,徐士弘,J12*******,5000.00,0.00,,金錢,新北市新店區****,,
138,高嘉瑜,107年直轄市議員選舉,首次申報,1071003,匿名捐贈,李翊豪,,500.00,0.00,,金錢,,,
139,高嘉瑜,107年直轄市議員選舉,首次申報,1071003,匿名捐贈,簡嘉男,,500.00,0.00,,金錢,,,
140,高嘉瑜,107年直轄市議員選舉,首次申報,1071003,匿名捐贈,張錦傳,,3000.00,0.00,,金錢,,,
141,高嘉瑜,107年直轄市議員選舉,首次申報,1071003,匿名捐贈,廖安榮,,10000.00,0.00,,金錢,,,
142,高嘉瑜,107年直轄市議員選舉,首次申報,1071003,營利事業捐贈收入,永聚企業有限公司,12202972,100000.00,0.00,,金錢,臺北市中正區****,,
143,高嘉瑜,107年直轄市議員選舉,首次申報,1071003,個人捐贈收入,許秀慧,A20*******,100000.00,0.00,,金錢,臺北市中山區****,,
144,高嘉瑜,107年直轄市議員選舉,首次申報,1071003,個人捐贈收入,林琬琳,A22*******,100000.00,0.00,,金錢,臺北市大安區****,,
145,高嘉瑜,107年直轄市議員選舉,首次申報,1071003,個人捐贈收入,楊昇峰,C12*******,500.00,0.00,,金錢,基隆市中山區****,,
146,高嘉瑜,107年直轄市議員選舉,首次申報,1071003,個人捐贈收入,林永健,F12*******,100000.00,0.00,,金錢,臺北市萬華區****,,
147,高嘉瑜,107年直轄市議員選舉,首次申報,1071003,個人捐贈收入,紀春吉,L12*******,1000.00,0.00,,金錢,新北市林口區****,,
148,高嘉瑜,107年直轄市議員選舉,首次申報,1071004,匿名捐贈,黃昱愷,,5000.00,0.00,,金錢,,,
149,高嘉瑜,107年直轄市議員選舉,首次申報,1071004,匿名捐贈,王朝榮,,500.00,0.00,,金錢,,,
150,高嘉瑜,107年直轄市議員選舉,首次申報,1071004,個人捐贈收入,李文亞,A12*******,3000.00,0.00,,金錢,臺北市文山區****,,
151,高嘉瑜,107年直轄市議員選舉,首次申報,1071004,個人捐贈收入,羅亦琛,L12*******,17000.00,0.00,,金錢,花蓮縣花蓮市****,,
152,高嘉瑜,107年直轄市議員選舉,首次申報,1071005,人民團體捐贈收入,社團法人台北市牙醫師公會,,30000.00,0.00,,金錢,台北市中正區****,,
153,高嘉瑜,107年直轄市議員選舉,首次申報,1071005,匿名捐贈,林大維,,1000.00,0.00,,金錢,,,
154,高嘉瑜,107年直轄市議員選舉,首次申報,1071005,匿名捐贈,李青峻,,1000.00,0.00,,金錢,,,
155,高嘉瑜,107年直轄市議員選舉,首次申報,1071005,個人捐贈收入,陳琮文,A12*******,1000.00,0.00,,金錢,臺北市內湖區****,,
156,高嘉瑜,107年直轄市議員選舉,首次申報,1071005,個人捐贈收入,嚴立新,E12*******,3000.00,0.00,,金錢,臺北市信義區****,,
157,高嘉瑜,107年直轄市議員選舉,首次申報,1071006,匿名捐贈,連志強,,3000.00,0.00,,金錢,,,
158,高嘉瑜,107年直轄市議員選舉,首次申報,1071006,匿名捐贈,87級學伴,,1000.00,0.00,,金錢,,,
159,高嘉瑜,107年直轄市議員選舉,首次申報,1071006,匿名捐贈,吳孟昇,,1000.00,0.00,,金錢,,,
160,高嘉瑜,107年直轄市議員選舉,首次申報,1071006,匿名捐贈,陳麗華,,500.00,0.00,,金錢,,,
161,高嘉瑜,107年直轄市議員選舉,首次申報,1071006,個人捐贈收入,許景翔,E12*******,1000.00,0.00,,金錢,臺北市內湖區****,,
162,高嘉瑜,107年直轄市議員選舉,首次申報,1071006,個人捐贈收入,趙明榮,T12*******,1000.00,0.00,,金錢,臺北市松山區****,,
163,高嘉瑜,107年直轄市議員選舉,首次申報,1071006,個人捐贈收入,張尚文,U12*******,3000.00,0.00,,金錢,彰化縣彰化市****,,
164,高嘉瑜,107年直轄市議員選舉,首次申報,1071007,個人捐贈收入,陳暐軒,A12*******,3000.00,0.00,,金錢,新北市新店區****,,
165,高嘉瑜,107年直轄市議員選舉,首次申報,1071007,個人捐贈收入,陳飛宏,E12*******,500.00,0.00,,金錢,高雄市三民區****,,
166,高嘉瑜,107年直轄市議員選舉,首次申報,1071008,匿名捐贈,陳名偉,,2000.00,0.00,,金錢,,,
167,高嘉瑜,107年直轄市議員選舉,首次申報,1071008,匿名捐贈,楊宗穎,,1000.00,0.00,,金錢,,,
168,高嘉瑜,107年直轄市議員選舉,首次申報,1071008,匿名捐贈,劉皇良,,3000.00,0.00,,金錢,,,
169,高嘉瑜,107年直轄市議員選舉,首次申報,1071009,匿名捐贈,方健儀,,10000.00,0.00,,金錢,,,
170,高嘉瑜,107年直轄市議員選舉,首次申報,1071009,匿名捐贈,蔡惠宇,,3000.00,0.00,,金錢,,,
171,高嘉瑜,107年直轄市議員選舉,首次申報,1071009,匿名捐贈,黃柏升,,1000.00,0.00,,金錢,,,
172,高嘉瑜,107年直轄市議員選舉,首次申報,1071009,匿名捐贈,陳r,,500.00,0.00,,金錢,,,
173,高嘉瑜,107年直轄市議員選舉,首次申報,1071009,匿名捐贈,劉先生,,10000.00,0.00,,金錢,,,
174,高嘉瑜,107年直轄市議員選舉,首次申報,1071009,個人捐贈收入,黃鈺翔,S12*******,300.00,0.00,,金錢,高雄市楠梓區****,,
175,高嘉瑜,107年直轄市議員選舉,首次申報,1071009,個人捐贈收入,傅偉松,U12*******,2000.00,0.00,,金錢,花蓮縣吉安鄉****,,
176,高嘉瑜,107年直轄市議員選舉,首次申報,1071010,匿名捐贈,蔡承諭,,3000.00,0.00,,金錢,,,
177,高嘉瑜,107年直轄市議員選舉,首次申報,1071010,匿名捐贈,康紹賢,,1000.00,0.00,,金錢,,,
178,高嘉瑜,107年直轄市議員選舉,首次申報,1071011,個人捐贈收入,蔡進春,N10*******,2000.00,0.00,,金錢,臺北市內湖區****,,
179,高嘉瑜,107年直轄市議員選舉,首次申報,1071012,營利事業捐贈收入,水美開發實業股份有限公司,23052232,10000.00,0.00,,金錢,臺北市中山區****,,
180,高嘉瑜,107年直轄市議員選舉,首次申報,1071012,個人捐贈收入,高大任,A10*******,30000.00,0.00,,金錢,臺北市中山區****,,
181,高嘉瑜,107年直轄市議員選舉,首次申報,1071014,匿名捐贈,陳德全,,5000.00,0.00,,金錢,,,
182,高嘉瑜,107年直轄市議員選舉,首次申報,1071014,匿名捐贈,黃抗節,,2000.00,0.00,,金錢,,,
183,高嘉瑜,107年直轄市議員選舉,首次申報,1071016,匿名捐贈,蘇文淵,,2000.00,0.00,,金錢,,,
184,高嘉瑜,107年直轄市議員選舉,首次申報,1071017,匿名捐贈,江士乾,,3000.00,0.00,,金錢,,,
185,高嘉瑜,107年直轄市議員選舉,首次申報,1071018,營利事業捐贈收入,文心建設股份有限公司,30821861,100000.00,0.00,,金錢,臺北市內湖區****,,
186,高嘉瑜,107年直轄市議員選舉,首次申報,1071018,營利事業捐贈收入,家瑞建設股份有限公司,84704897,100000.00,0.00,,金錢,臺北市信義區****,,
187,高嘉瑜,107年直轄市議員選舉,首次申報,1071018,個人捐贈收入,蔡郁菁,A22*******,100000.00,0.00,,金錢,臺北市信義區****,,
188,高嘉瑜,107年直轄市議員選舉,首次申報,1071018,個人捐贈收入,劉漢陽,M10*******,50000.00,0.00,,金錢,臺北市內湖區****,,
189,高嘉瑜,107年直轄市議員選舉,首次申報,1071018,個人捐贈收入,蔡正河,Q10*******,50000.00,0.00,,金錢,臺北市內湖區****,,
190,高嘉瑜,107年直轄市議員選舉,首次申報,1071019,營利事業捐贈收入,勤宇有限公司,43856808,100000.00,0.00,,金錢,臺北市萬華區****,,
191,高嘉瑜,107年直轄市議員選舉,首次申報,1071020,匿名捐贈,森之林,,6000.00,0.00,,金錢,,,
192,高嘉瑜,107年直轄市議員選舉,首次申報,1071020,個人捐贈收入,黃秉權,E12*******,20000.00,0.00,,金錢,臺北市內湖區****,,
193,高嘉瑜,107年直轄市議員選舉,首次申報,1071022,個人捐贈收入,李明憲,P12*******,500.00,0.00,,金錢,雲林縣水林鄉****,,
194,高嘉瑜,107年直轄市議員選舉,首次申報,1071022,個人捐贈收入,劉怡君,P22*******,20000.00,0.00,,金錢,臺北市內湖區****,,
195,高嘉瑜,107年直轄市議員選舉,首次申報,1071022,個人捐贈收入,王柚鈞,R12*******,8800.00,0.00,,金錢,臺北市大安區****,,
196,高嘉瑜,107年直轄市議員選舉,首次申報,1071023,個人捐贈收入,陳建興,A10*******,20000.00,0.00,,金錢,臺北市內湖區****,,
197,高嘉瑜,107年直轄市議員選舉,首次申報,1071024,匿名捐贈,何俊賢,,2000.00,0.00,,金錢,,,
198,高嘉瑜,107年直轄市議員選舉,首次申報,1071024,個人捐贈收入,周光沛,A10*******,10000.00,0.00,,金錢,臺北市內湖區****,,
199,高嘉瑜,107年直轄市議員選舉,首次申報,1071101,個人捐贈收入,高偉祥,C12*******,1000.00,0.00,,金錢,基隆市七堵區****,,
200,高嘉瑜,107年直轄市議員選舉,首次申報,1071102,個人捐贈收入,潘大興,A12*******,100000.00,0.00,,金錢,臺北市松山區****,,
201,高嘉瑜,107年直轄市議員選舉,首次申報,1071102,個人捐贈收入,洪士庭,E12*******,5000.00,0.00,,金錢,高雄市前鎮區****,,
202,高嘉瑜,107年直轄市議員選舉,首次申報,1071105,營利事業捐贈收入,泰祥塑膠有限公司,80633055,20000.00,0.00,,金錢,桃園市龜山區****,,
203,高嘉瑜,107年直轄市議員選舉,首次申報,1071106,個人捐贈收入,張誌宏,A12*******,20000.00,0.00,,金錢,臺北市大安區****,,
204,高嘉瑜,107年直轄市議員選舉,首次申報,1071106,個人捐贈收入,江麗娟,C20*******,20000.00,0.00,,金錢,臺北市大安區****,,
205,高嘉瑜,107年直轄市議員選舉,首次申報,1071108,匿名捐贈,施良樫,,500.00,0.00,,金錢,,,
206,高嘉瑜,107年直轄市議員選舉,首次申報,1071108,營利事業捐贈收入,文心建設股份有限公司,30821861,100000.00,0.00,,金錢,臺北市內湖區****,,
207,高嘉瑜,107年直轄市議員選舉,首次申報,1071108,個人捐贈收入,吳周碧蓮,A20*******,30000.00,0.00,,金錢,臺北市內湖區****,,
208,高嘉瑜,107年直轄市議員選舉,首次申報,1071108,個人捐贈收入,梁明富,F10*******,10000.00,0.00,,金錢,臺北市內湖區****,,
209,高嘉瑜,107年直轄市議員選舉,首次申報,1071108,個人捐贈收入,蘇東榮,Q10*******,1000.00,0.00,,金錢,臺北市內湖區****,,
210,高嘉瑜,107年直轄市議員選舉,首次申報,1071109,個人捐贈收入,王燦煌,A10*******,20000.00,0.00,,金錢,臺北市內湖區****,,
211,高嘉瑜,107年直轄市議員選舉,首次申報,1071109,個人捐贈收入,王迪良,F12*******,5000.00,0.00,,金錢,臺北市士林區****,,
212,高嘉瑜,107年直轄市議員選舉,首次申報,1071112,匿名捐贈,楊宗穎,,500.00,0.00,,金錢,,,
213,高嘉瑜,107年直轄市議員選舉,首次申報,1071113,匿名捐贈,張先生,,500.00,0.00,,金錢,,,
214,高嘉瑜,107年直轄市議員選舉,首次申報,1071114,個人捐贈收入,李錦池,G10*******,30000.00,0.00,,金錢,臺北市文山區****,,
215,高嘉瑜,107年直轄市議員選舉,首次申報,1071114,個人捐贈收入,張詠欣,R22*******,10000.00,0.00,,金錢,新北市汐止區****,,
216,高嘉瑜,107年直轄市議員選舉,首次申報,1071115,匿名捐贈,吳金城,,5000.00,0.00,,金錢,,,
217,高嘉瑜,107年直轄市議員選舉,首次申報,1071116,匿名捐贈,張凌翔,,1000.00,0.00,,金錢,,,
218,高嘉瑜,107年直轄市議員選舉,首次申報,1071116,匿名捐贈,陳建儒,,1000.00,0.00,,金錢,,,
219,高嘉瑜,107年直轄市議員選舉,首次申報,1071120,個人捐贈收入,徐謙懷,F12*******,30000.00,0.00,,金錢,臺北市文山區****,,
220,高嘉瑜,107年直轄市議員選舉,首次申報,1071120,個人捐贈收入,郭哲維,R12*******,50000.00,0.00,,金錢,新北市永和區****,,
221,高嘉瑜,107年直轄市議員選舉,首次申報,1071121,人民團體捐贈收入,臺北市中醫師公會,,30000.00,0.00,,金錢,臺北市青島西****,2314*****,
222,高嘉瑜,107年直轄市議員選舉,首次申報,1071121,個人捐贈收入,葉芳吟,H22*******,10000.00,0.00,,金錢,臺北市松山區****,,
223,高嘉瑜,107年直轄市議員選舉,首次申報,1071123,匿名捐贈,吳兆峯,,5000.00,0.00,,金錢,,,
224,高嘉瑜,107年直轄市議員選舉,首次申報,1071123,匿名捐贈,匿名,,3000.00,0.00,,金錢,,,
225,高嘉瑜,107年直轄市議員選舉,首次申報,1071123,營利事業捐贈收入,奧立科技能源股份有限公司,16037019,5000.00,0.00,,金錢,新北市深坑區****,,
226,高嘉瑜,107年直轄市議員選舉,首次申報,1071123,營利事業捐贈收入,呈釭工程有限公司,24302820,10000.00,0.00,,金錢,臺北市內湖區****,,
227,高嘉瑜,107年直轄市議員選舉,首次申報,1071123,營利事業捐贈收入,鉅邦工程有限公司,70543294,10000.00,0.00,,金錢,臺北市南港區****,,
228,高嘉瑜,107年直轄市議員選舉,首次申報,1071123,個人捐贈收入,蔡錦慶,A10*******,2000.00,0.00,,金錢,臺北市中山區****,,
229,高嘉瑜,107年直轄市議員選舉,首次申報,1071123,個人捐贈收入,蔡忠志,A12*******,3000.00,0.00,,金錢,臺北市中山區****,,
230,高嘉瑜,107年直轄市議員選舉,首次申報,1071123,個人捐贈收入,蔡貞貞,A20*******,20000.00,0.00,,金錢,臺北市大安區****,,
231,高嘉瑜,107年直轄市議員選舉,首次申報,1071123,個人捐贈收入,李秀娥,C22*******,5000.00,0.00,,金錢,臺北市中山區****,,
232,高嘉瑜,107年直轄市議員選舉,首次申報,1071123,個人捐贈收入,張舜翔,F12*******,27000.00,0.00,,金錢,臺北市中山區****,,
233,高嘉瑜,107年直轄市議員選舉,首次申報,1071123,個人捐贈收入,林金龍,F12*******,3000.00,0.00,,金錢,臺北市中山區****,,
234,高嘉瑜,107年直轄市議員選舉,首次申報,1071123,個人捐贈收入,姜智興,H12*******,2000.00,0.00,,金錢,臺北市中山區****,,
235,高嘉瑜,107年直轄市議員選舉,首次申報,1071123,個人捐贈收入,李岸,J12*******,5000.00,0.00,,金錢,臺北市中山區****,,
236,高嘉瑜,107年直轄市議員選舉,首次申報,1071123,個人捐贈收入,黃世欣,N12*******,5000.00,0.00,,金錢,臺北市中山區****,,
237,高嘉瑜,107年直轄市議員選舉,首次申報,1071123,個人捐贈收入,游鐘松,R10*******,3000.00,0.00,,金錢,臺北市中山區****,,
238,高嘉瑜,107年直轄市議員選舉,首次申報,1071221,其他收入,利息收入,,1002.00,0.00,,金錢,,,
