﻿序號,擬參選人／政黨,選舉名稱,申報序號／年度,交易日期,收支科目,捐贈者／支出對象,身分證／統一編號,收入金額,支出金額,捐贈方式,存入專戶日期,返還/繳庫,支出用途,金錢類,地址,聯絡電話,應揭露之支出對象,支出對象之內部人員姓名,支出對象之內部人員職稱,政黨之內部人員姓名,政黨之內部人員職稱,關係,更正註記,資料更正日期
1,林國春,111年新北市議員選舉,第1次賸餘,1111230,參加公職人員選舉使用支出,陳富潾,D12*******,0.00,60000.00,,,,其他因工作酬勞之給付,金錢,新北市板橋區****,,否,,,,,,,
2,林國春,111年新北市議員選舉,第1次賸餘,1111230,參加公職人員選舉使用支出,林德勝,F10*******,0.00,30000.00,,,,獎金或津貼,金錢,新北市板橋區****,,否,,,,,,,
3,林國春,111年新北市議員選舉,第1次賸餘,1111230,參加公職人員選舉使用支出,簡淑如,G22*******,0.00,30000.00,,,,獎金或津貼,金錢,新北市板橋區****,,否,,,,,,,
4,林國春,111年新北市議員選舉,第1次賸餘,1111230,參加公職人員選舉使用支出,蔡宜真,L22*******,0.00,30000.00,,,,獎金或津貼,金錢,新北市板橋區****,,否,,,,,,,
5,林國春,111年新北市議員選舉,第1次賸餘,1111230,參加公職人員選舉使用支出,蔡高隆,P12*******,0.00,30000.00,,,,獎金或津貼,金錢,新北市板橋區****,,否,,,,,,,
6,林國春,111年新北市議員選舉,第1次賸餘,1111230,參加公職人員選舉使用支出,李志宜,Q12*******,0.00,30000.00,,,,獎金或津貼,金錢,新北市板橋區****,,否,,,,,,,
7,林國春,111年新北市議員選舉,第1次賸餘,1111230,參加公職人員選舉使用支出,方翊琴,W20*******,0.00,100000.00,,,,其他因工作酬勞之給付,金錢,新北市板橋區****,,否,,,,,,,
8,林國春,111年新北市議員選舉,第1次賸餘,1120106,支付當選後與其公務有關之費用,聯合禮品花藝行,19515014,0.00,320.00,,,,當選後與其公務有關之費用支出,金錢,新北市中和區****,,否,,,,,,,
9,林國春,111年新北市議員選舉,第1次賸餘,1120106,支付當選後與其公務有關之費用,品臻苑有限公司,45120281,0.00,78000.00,,,,文康活動費用,金錢,桃園市大溪區****,,否,,,,,,,
10,林國春,111年新北市議員選舉,第1次賸餘,1120201,支付當選後與其公務有關之費用,陳富潾,D12*******,0.00,10000.00,,,,其他因工作酬勞之給付,金錢,新北市板橋區****,,否,,,,,,,
11,林國春,111年新北市議員選舉,第1次賸餘,1120216,支付當選後與其公務有關之費用,林仕鵬,J12*******,0.00,40000.00,,,,其他因工作酬勞之給付,金錢,臺北市萬華區****,,否,,,,,,,
12,林國春,111年新北市議員選舉,第1次賸餘,1120309,參加公職人員選舉使用支出,大漢廣告股份有限公司,86790572,0.00,119045.00,,,,製作競選物品或宣傳廣告費用,金錢,新北市板橋區****,8687*****,否,,,,,,,
13,林國春,111年新北市議員選舉,第1次賸餘,1120426,參加公職人員選舉使用支出,國運實業有限公司,89856231,0.00,27000.00,,,,文康活動費用,金錢,新北市中和區****,,否,,,,,,,
14,林國春,111年新北市議員選舉,第1次賸餘,1120501,捐贈教育、文化、公益、慈善機構或團體支出,新北市婦幼關懷協會,10564421,0.00,100000.00,,,,捐贈教育、文化、公益、慈善機構或團體支出,金錢,新北市板橋區****,,否,,,,,,,
15,林國春,111年新北市議員選舉,第1次賸餘,1120503,參加公職人員選舉使用支出,祥純企業社,09947127,0.00,100000.00,,,,製作競選物品或宣傳廣告費用,金錢,新北市中和區****,,否,,,,,,,
16,林國春,111年新北市議員選舉,第1次賸餘,1120504,參加公職人員選舉使用支出,健豪印刷事業股份有限公司,16332027,0.00,100030.00,,,,製作競選物品或宣傳廣告費用,金錢,臺中市西區大****,,否,,,,,,,
17,林國春,111年新北市議員選舉,第1次賸餘,1120504,參加公職人員選舉使用支出,陳富潾,D12*******,0.00,10000.00,,,,其他因工作酬勞之給付,金錢,新北市板橋區****,,否,,,,,,,
18,林國春,111年新北市議員選舉,第1次賸餘,1120504,參加公職人員選舉使用支出,邱獻遙,N10*******,0.00,120000.00,,,,文康活動費用,金錢,桃園市中壢區****,,否,,,,,,,
19,林國春,111年新北市議員選舉,第1次賸餘,1120601,參加公職人員選舉使用支出,品臻苑有限公司,45120281,0.00,90030.00,,,,文康活動費用,金錢,桃園市大溪區****,,否,,,,,,,
20,林國春,111年新北市議員選舉,第1次賸餘,1120602,參加公職人員選舉使用支出,宸緯資訊有限公司,70644791,0.00,12600.00,,,,網際網路費用,金錢,雲林縣斗六市****,,否,,,,,,,
21,林國春,111年新北市議員選舉,第1次賸餘,1120712,支付當選後與其公務有關之費用,天愛廣告工程行,34465610,0.00,10584.00,,,,播放、傳送或刊登宣傳廣告費用,金錢,新北市板橋區****,,否,,,,,,,
22,林國春,111年新北市議員選舉,第1次賸餘,1120713,參加公職人員選舉使用支出,黃德發,F12*******,0.00,420000.00,,,,租用競選辦事處費用,金錢,新北市板橋區****,,否,,,,,,,
23,林國春,111年新北市議員選舉,第1次賸餘,1120720,支付當選後與其公務有關之費用,創新煙花禮品有限公司,28102056,0.00,50000.00,,,,製作競選物品或宣傳廣告費用,金錢,新北市中和區****,,否,,,,,,,
24,林國春,111年新北市議員選舉,第1次賸餘,1120727,支付當選後與其公務有關之費用,大眾禮儀品社,13782718,0.00,19000.00,,,,聯誼交際費用,金錢,新北市板橋區****,,否,,,,,,,
25,林國春,111年新北市議員選舉,第1次賸餘,1120727,支付當選後與其公務有關之費用,胖胖包子,91223748,0.00,9030.00,,,,文康活動費用,金錢,新北市中和區****,,否,,,,,,,
26,林國春,111年新北市議員選舉,第1次賸餘,1120728,支付當選後與其公務有關之費用,唐廚小館,26565349,0.00,25000.00,,,,聯誼交際費用,金錢,新北市板橋區****,,否,,,,,,,
27,林國春,111年新北市議員選舉,第1次賸餘,1120728,支付當選後與其公務有關之費用,鉅賦福斯汽車,28392175,0.00,50341.00,,,,維修宣傳車輛費用,金錢,新北市板橋區****,,否,,,,,,,
28,林國春,111年新北市議員選舉,第1次賸餘,1120731,支付當選後與其公務有關之費用,花卉營業人,01226126,0.00,35000.00,,,,文康活動費用,金錢,臺北市內湖區****,,否,,,,,,,
29,林國春,111年新北市議員選舉,第1次賸餘,1120731,支付當選後與其公務有關之費用,大眾禮儀用品社,13782718,0.00,40000.00,,,,聯誼交際費用,金錢,新北市板橋區****,,否,,,,,,,
30,林國春,111年新北市議員選舉,第1次賸餘,1120731,支付當選後與其公務有關之費用,立偉汽車商行,18464255,0.00,21000.00,,,,維修宣傳車輛費用,金錢,新北市板橋區****,,否,,,,,,,
31,林國春,111年新北市議員選舉,第1次賸餘,1120801,支付當選後與其公務有關之費用,祥純企業社,09947127,0.00,100000.00,,,,製作競選物品或宣傳廣告費用-水,金錢,新北市中和區****,,否,,,,,,,
32,林國春,111年新北市議員選舉,第1次賸餘,1120801,捐贈教育、文化、公益、慈善機構或團體支出,台灣警察學術研究學會,10507816,0.00,200000.00,,,,捐贈教育、文化、公益、慈善機構或團體支出,金錢,新北市新店區****,,否,,,,,,,
33,林國春,111年新北市議員選舉,第1次賸餘,1120801,支付當選後與其公務有關之費用,第一家蝴蝶蘭花坊,30385452,0.00,3000.00,,,,聯誼交際費用,金錢,新北市深坑區****,,否,,,,,,,
34,林國春,111年新北市議員選舉,第1次賸餘,1120802,支付當選後與其公務有關之費用,大眾禮儀用品社,13782718,0.00,32000.00,,,,聯誼交際費用,金錢,新北市板橋區****,,否,,,,,,,
35,林國春,111年新北市議員選舉,第1次賸餘,1120809,捐贈教育、文化、公益、慈善機構或團體支出,新北市板橋區雲林同鄉會,10548387,0.00,20000.00,,,,捐贈教育、文化、公益、慈善機構或團體支出,金錢,新北市板橋區****,,否,,,,,,,
36,林國春,111年新北市議員選舉,第1次賸餘,1120809,支付當選後與其公務有關之費用,陳富潾,D12*******,0.00,20000.00,,,,其他因工作酬勞之給付,金錢,新北市板橋區****,,否,,,,,,,
37,林國春,111年新北市議員選舉,第1次賸餘,1120809,支付當選後與其公務有關之費用,黃國洲,F12*******,0.00,60000.00,,,,其他因工作酬勞之給付,金錢,新北市板橋區****,,否,,,,,,,
38,林國春,111年新北市議員選舉,第1次賸餘,1120816,支付當選後與其公務有關之費用,鉅賦福斯汽車,28392175,0.00,23431.00,,,,維修宣傳車輛費用,金錢,新北市板橋區****,,否,,,,,,,
39,林國春,111年新北市議員選舉,第1次賸餘,1120818,支付當選後與其公務有關之費用,北區監理所,,0.00,450.00,,,,其他與租用宣傳車輛有關之費用,金錢,交通部公路總****,,否,,,,,,,
40,林國春,111年新北市議員選舉,第1次賸餘,1120818,支付當選後與其公務有關之費用,南山產物保險,,0.00,8759.00,,,,其他與租用宣傳車輛有關之費用,金錢,台北市中正區****,,否,,,,,,,
41,林國春,111年新北市議員選舉,第1次賸餘,1120821,支付當選後與其公務有關之費用,佳音網電科技有限公司,24454419,0.00,21774.00,,,,網際網路費用,金錢,新北市板橋區****,,否,,,,,,,
42,林國春,111年新北市議員選舉,第1次賸餘,1120822,支付當選後與其公務有關之費用,台灣自來水股份有限公司,01889546,0.00,275.00,,,,水電瓦斯費用,金錢,新北市板橋區****,,否,,,,,,,
43,林國春,111年新北市議員選舉,第1次賸餘,1120822,支付當選後與其公務有關之費用,祥純企業社,09947127,0.00,100000.00,,,,文康活動費用,金錢,新北市中和區****,,否,,,,,,,
44,林國春,111年新北市議員選舉,第1次賸餘,1120822,支付當選後與其公務有關之費用,創新煙花禮品有限公司,28102056,0.00,80250.00,,,,製作競選物品或宣傳廣告費用,金錢,新北市中和區****,,否,,,,,,,
45,林國春,111年新北市議員選舉,第1次賸餘,1120822,支付當選後與其公務有關之費用,天愛廣告工程行,34465610,0.00,24500.00,,,,製作競選物品或宣傳廣告費用,金錢,新北市板橋區****,,否,,,,,,,
46,林國春,111年新北市議員選舉,第1次賸餘,1120823,支付當選後與其公務有關之費用,中華電信股份有限公司,92887342,0.00,2062.00,,,,電信費用,金錢,新北市永和區****,,否,,,,,,,
47,林國春,111年新北市議員選舉,第1次賸餘,1120825,支付當選後與其公務有關之費用,中華電信股份有限公司,92887342,0.00,245.00,,,,電信費用,金錢,新北市永和區****,,否,,,,,,,
48,林國春,111年新北市議員選舉,第1次賸餘,1120906,支付當選後與其公務有關之費用,大眾禮儀用品社,13782718,0.00,22200.00,,,,聯誼交際費用,金錢,新北市板橋區****,,否,,,,,,,
49,林國春,111年新北市議員選舉,第1次賸餘,1120906,支付當選後與其公務有關之費用,創新煙花禮品有限公司,28102056,0.00,107130.00,,,,為民服務費用,金錢,新北市中和區****,,否,,,,,,,
50,林國春,111年新北市議員選舉,第1次賸餘,1120907,支付當選後與其公務有關之費用,大漢廣告股份有限公司,86790572,0.00,187919.00,,,,製作競選物品或宣傳廣告費用,金錢,新北市板橋區****,,否,,,,,,,
51,林國春,111年新北市議員選舉,第1次賸餘,1120908,支付當選後與其公務有關之費用,土地銀行,,0.00,30.00,,,,電信費用-匯費,金錢,新北市板橋區****,,否,,,,,,,
52,林國春,111年新北市議員選舉,第1次賸餘,1120908,支付當選後與其公務有關之費用,創新煙花禮品有限公司,28102056,0.00,58800.00,,,,製作競選物品或宣傳廣告費用,金錢,新北市中和區****,,否,,,,,,,
53,林國春,111年新北市議員選舉,第1次賸餘,1120909,參加公職人員選舉使用支出,華都小吃部,34778900,0.00,500.00,,,,餐飲費用,金錢,新北市板橋區****,,否,,,,,,,
54,林國春,111年新北市議員選舉,第1次賸餘,1120909,參加公職人員選舉使用支出,鼎豐快餐店,85433014,0.00,4275.00,,,,餐飲費用,金錢,新北市板橋區****,,否,,,,,,,
55,林國春,111年新北市議員選舉,第1次賸餘,1120915,支付當選後與其公務有關之費用,台灣自來水股份有限公司,01889546,0.00,199.00,,,,水電瓦斯費用,金錢,新北市板橋區****,,否,,,,,,,
56,林國春,111年新北市議員選舉,第1次賸餘,1120915,支付當選後與其公務有關之費用,台灣電力股份有限公司,04860092,0.00,4729.00,,,,水電瓦斯費用,金錢,新北市板橋區****,,否,,,,,,,
57,林國春,111年新北市議員選舉,第1次賸餘,1120919,支付當選後與其公務有關之費用,天愛廣告工程行,34465610,0.00,21070.00,,,,製作競選物品或宣傳廣告費用,金錢,新北市板橋區****,,否,,,,,,,
58,林國春,111年新北市議員選舉,第1次賸餘,1120921,支付當選後與其公務有關之費用,祥純企業社,09947127,0.00,100000.00,,,,製作競選物品或宣傳廣告費用,金錢,新北市中和區****,,否,,,,,,,
59,林國春,111年新北市議員選舉,第1次賸餘,1120922,支付當選後與其公務有關之費用,中華電信股份有限公司,92887342,0.00,2307.00,,,,電信費用,金錢,新北市永和區****,,否,,,,,,,
60,林國春,111年新北市議員選舉,第1次賸餘,1120923,支付當選後與其公務有關之費用,鉅賦福斯汽車,28392175,0.00,6760.00,,,,維修宣傳車輛費用,金錢,新北市板橋區****,,否,,,,,,,
61,林國春,111年新北市議員選舉,第1次賸餘,1120925,支付當選後與其公務有關之費用,台灣電力股份有限公司,04860092,0.00,5574.00,,,,水電瓦斯費用,金錢,新北市板橋區****,,否,,,,,,,
62,林國春,111年新北市議員選舉,第1次賸餘,1121001,參加公職人員選舉使用支出,竺居設計有限公司,24779850,0.00,400000.00,,,,裝潢競選辦事處費用,金錢,臺北市信義區****,2737*****,否,,,,,,,
63,林國春,111年新北市議員選舉,第1次賸餘,1121002,支付當選後與其公務有關之費用,大眾禮儀用品社,13782718,0.00,19400.00,,,,聯誼交際費用,金錢,新北市板橋區****,,否,,,,,,,
64,林國春,111年新北市議員選舉,第1次賸餘,1121002,支付當選後與其公務有關之費用,聯合禮品花藝行,19515014,0.00,18600.00,,,,聯誼交際費用,金錢,新北市中和區****,,否,,,,,,,
65,林國春,111年新北市議員選舉,第1次賸餘,1121006,參加公職人員選舉使用支出,新成商行,77342954,0.00,17030.00,,,,文康活動費用,金錢,金門縣烈嶼鄉****,,否,,,,,,,
66,林國春,111年新北市議員選舉,第1次賸餘,1121006,支付當選後與其公務有關之費用,鼎豐快餐店,85433014,0.00,880.00,,,,餐飲費用,金錢,新北市板橋區****,,否,,,,,,,
67,林國春,111年新北市議員選舉,第1次賸餘,1121019,支付當選後與其公務有關之費用,台鈺行,01879456,0.00,70000.00,,,,製作競選物品或宣傳廣告費用,金錢,新北市板橋區****,,否,,,,,,,
68,林國春,111年新北市議員選舉,第1次賸餘,1121023,參加公職人員選舉使用支出,時報資訊股份有限公司,23530522,0.00,500030.00,,,,播放、傳送或刊登宣傳廣告費用,金錢,臺北市萬華區****,,否,,,,,,,
69,林國春,111年新北市議員選舉,第1次賸餘,1121024,捐贈教育、文化、公益、慈善機構或團體支出,新北市張廖簡宗親總會,17876080,0.00,50000.00,,,,捐贈教育、文化、公益、慈善機構或團體支出,金錢,新北市板橋區****,,否,,,,,,,
70,林國春,111年新北市議員選舉,第1次賸餘,1121025,捐贈教育、文化、公益、慈善機構或團體支出,新北市退休警察人員協會,08576442,0.00,300000.00,,,,捐贈教育、文化、公益、慈善機構或團體支出,金錢,新北市板橋區****,,否,,,,,,,
71,林國春,111年新北市議員選舉,第1次賸餘,1121025,支付當選後與其公務有關之費用,祥純企業社,09947127,0.00,100000.00,,,,製作競選物品或宣傳廣告費用,金錢,新北市中和區****,,否,,,,,,,
72,林國春,111年新北市議員選舉,第1次賸餘,1121025,支付當選後與其公務有關之費用,九乘九文具,90174369,0.00,597.00,,,,文具用品費用,金錢,新北市板橋區****,,否,,,,,,,
73,林國春,111年新北市議員選舉,第1次賸餘,1121025,支付當選後與其公務有關之費用,中華電信股份有限公司,92887342,0.00,2307.00,,,,電信費用,金錢,新北市永和區****,,否,,,,,,,
74,林國春,111年新北市議員選舉,第1次賸餘,1121026,參加公職人員選舉使用支出,新成商行,77342954,0.00,65500.00,,,,文康活動費用,金錢,金門縣烈嶼鄉****,,否,,,,,,,
75,林國春,111年新北市議員選舉,第1次賸餘,1121027,支付當選後與其公務有關之費用,佳音網電科技有限公司,24454419,0.00,33943.00,,,,網際網路費用,金錢,新北市板橋區****,,否,,,,,,,
76,林國春,111年新北市議員選舉,第1次賸餘,1121028,支付當選後與其公務有關之費用,大家發實業股份有限公司,80050683,0.00,677.00,,,,聯誼交際費用,金錢,新北市板橋區****,,否,,,,,,,
77,林國春,111年新北市議員選舉,第1次賸餘,1121029,支付當選後與其公務有關之費用,大家發實業股份有限公司,80050683,0.00,315.00,,,,文康活動費用,金錢,新北市板橋區****,,否,,,,,,,
78,林國春,111年新北市議員選舉,第1次賸餘,1121029,支付當選後與其公務有關之費用,大家發實業股份有限公司,80050683,0.00,450.00,,,,文康活動費用,金錢,新北市板橋區****,,否,,,,,,,
79,林國春,111年新北市議員選舉,第1次賸餘,1121101,參加公職人員選舉使用支出,台鈺行,01879456,0.00,100000.00,,,,製作競選物品或宣傳廣告費用,金錢,新北市板橋區****,,否,,,,,,,
80,林國春,111年新北市議員選舉,第1次賸餘,1121103,支付當選後與其公務有關之費用,鉅賦福斯汽車,28392175,0.00,19755.00,,,,維修宣傳車輛費用,金錢,新北市板橋區****,,否,,,,,,,
81,林國春,111年新北市議員選舉,第1次賸餘,1121105,支付當選後與其公務有關之費用,大眾禮儀用品社,13782718,0.00,16000.00,,,,文康活動費用,金錢,新北市板橋區****,,否,,,,,,,
82,林國春,111年新北市議員選舉,第1次賸餘,1121120,參加公職人員選舉使用支出,大漢廣告股份有限公司,86790572,0.00,1000000.00,,,,製作競選物品或宣傳廣告費用,金錢,新北市板橋區****,,否,,,,,,,
83,林國春,111年新北市議員選舉,第1次賸餘,1121201,支付當選後與其公務有關之費用,祥純企業社,09947127,0.00,100000.00,,,,製作競選物品或宣傳廣告費用,金錢,新北市中和區****,,否,,,,,,,
84,林國春,111年新北市議員選舉,第1次賸餘,1121201,參加公職人員選舉使用支出,天愛廣告工程行,34465610,0.00,51387.00,,,,租用廣告看板或車體廣告費用,金錢,新北市板橋區****,,否,,,,,,,
85,林國春,111年新北市議員選舉,第1次賸餘,1121206,支付當選後與其公務有關之費用,中華郵政股份有限公司,03741302,0.00,546.00,,,,郵寄競選物品或宣傳廣告費用,金錢,臺北市大安區****,,否,,,,,,,
86,林國春,111年新北市議員選舉,第1次賸餘,1121219,支付當選後與其公務有關之費用,金冠排骨小吃店,26751218,0.00,1810.00,,,,餐飲費用,金錢,新北市板橋區****,,否,,,,,,,
87,林國春,111年新北市議員選舉,第1次賸餘,1121220,支付當選後與其公務有關之費用,板橋區公所,,0.00,390.00,,,,租用場地費用,金錢,新北市板橋區****,,否,,,,,,,
88,林國春,111年新北市議員選舉,第1次賸餘,1121226,支付當選後與其公務有關之費用,中華電信股份有限公司,92887342,0.00,1331.00,,,,電信費用,金錢,新北市永和區****,,否,,,,,,,
89,林國春,111年新北市議員選舉,第1次賸餘,1121229,支付當選後與其公務有關之費用,中華電信股份有限公司,92887342,0.00,978.00,,,,電信費用,金錢,新北市永和區****,,否,,,,,,,
