﻿序號,擬參選人／政黨,選舉名稱,申報序號／年度,交易日期,收支科目,捐贈者／支出對象,身分證／統一編號,收入金額,支出金額,支出用途,金錢類,地址,聯絡電話,資料更正日期
1,尤碧鈴,107年直轄市議員選舉,首次申報,1071012,宣傳支出,國琳印刷文具行,19832124,0.00,60000.00,製作宣傳廣告支出(筆記本),金錢,臺中市梧棲區****,04-2*****,
2,尤碧鈴,107年直轄市議員選舉,首次申報,1071016,宣傳支出,國琳印刷文具行,19832124,0.00,80000.00,製作宣傳廣告支出(筆記本),金錢,臺中市梧棲區****,04-2*****,
3,尤碧鈴,107年直轄市議員選舉,首次申報,1071022,宣傳支出,國琳印刷文具行,19832124,0.00,60000.00,製作宣傳廣告支出(筆記本),金錢,臺中市梧棲區****,04-2*****,
4,尤碧鈴,107年直轄市議員選舉,首次申報,1071026,宣傳支出,國琳印刷文具行,19832124,0.00,70000.00,製作宣傳廣告支出(筆記本),金錢,臺中市梧棲區****,04-2*****,
5,尤碧鈴,107年直轄市議員選舉,首次申報,1071029,宣傳支出,康德禮品,82395733,0.00,220000.00,製作競選物品支出（物品名稱-不求人）,金錢,臺中市龍井區****,04-2*****,
6,尤碧鈴,107年直轄市議員選舉,首次申報,1071110,宣傳支出,康德禮品,82395733,0.00,120000.00,製作競選物品支出（物品名稱-不求人）,金錢,臺中市龍井區****,04-2*****,
7,尤碧鈴,107年直轄市議員選舉,首次申報,1071112,宣傳支出,康德禮品,82395733,0.00,120000.00,製作競選物品支出（物品名稱-不求人）,金錢,臺中市龍井區****,04-2*****,
8,尤碧鈴,107年直轄市議員選舉,首次申報,1071115,宣傳支出,國琳印刷文具行,19832124,0.00,80000.00,製作宣傳廣告支出(筆記本),金錢,臺中市梧棲區****,04-2*****,
9,尤碧鈴,107年直轄市議員選舉,首次申報,1071115,宣傳支出,康德禮品,82395733,0.00,50000.00,製作競選物品支出（物品名稱-不求人）,金錢,臺中市龍井區****,04-2*****,
10,尤碧鈴,107年直轄市議員選舉,首次申報,1071212,返還支出,得億全方位營造有限公司,70507781,0.00,50000.00,返還,金錢,臺中市西屯區****,,
11,尤碧鈴,107年直轄市議員選舉,首次申報,1071220,宣傳支出,上好印刷股份有限公司,16722587,0.00,312900.00,製作競選物品支出（物品名稱-小扇子）,金錢,台中市西屯區****,04-2*****,
12,尤碧鈴,107年直轄市議員選舉,首次申報,1071222,宣傳支出,新城廣告工程有限公司,12799085,0.00,668900.00,製作宣傳廣告支出(廣告帆布),金錢,臺中市沙鹿區****,04-2*****,
13,尤碧鈴,107年直轄市議員選舉,首次申報,1080102,返還支出,金永騏建設有限公司,54093217,0.00,50000.00,返還,金錢,臺中市梧棲區****,0915*****,
14,尤碧鈴,107年直轄市議員選舉,首次申報,1080111,返還支出,華元食品股份有限公司,56676194,0.00,50000.00,返還,金錢,臺中市梧棲區****,,
