﻿序號,擬參選人／政黨,選舉名稱,申報序號／年度,交易日期,收支科目,捐贈者／支出對象,身分證／統一編號,收入金額,支出金額,支出用途,金錢類,地址,聯絡電話,資料更正日期
1,楊進福,109年立法委員選舉,首次申報,1081023,宣傳支出,正德廣告社,95919819,0.00,5600.00,製作宣傳廣告支出,金錢,桃園市龜山區****,,
2,楊進福,109年立法委員選舉,首次申報,1081031,租用競選辦事處支出,洪惠娟,,0.00,15000.00,租用競選辦事處費用,金錢,彰化縣彰化市****,,
3,楊進福,109年立法委員選舉,首次申報,1081101,宣傳支出,東明廣告有限公司,28721401,0.00,9072.00,租用廣告看板或車體廣告支出,金錢,新北市永和區****,,
4,楊進福,109年立法委員選舉,首次申報,1081101,租用競選辦事處支出,大興建材行,94724653,0.00,26651.00,裝潢競選辦事處支出,金錢,,,
5,楊進福,109年立法委員選舉,首次申報,1081102,租用競選辦事處支出,永暉水電材料行,87910287,0.00,5790.00,裝潢競選辦事處支出,金錢,桃園市桃園區****,,
6,楊進福,109年立法委員選舉,首次申報,1081103,雜支支出,原玖百貨商行,,0.00,969.00,雜項購置或修繕費用,金錢,桃園市龜山區****,,
7,楊進福,109年立法委員選舉,首次申報,1081103,租用競選辦事處支出,清議五金建材行,93726669,0.00,13260.00,裝潢競選辦事處支出,金錢,,,
8,楊進福,109年立法委員選舉,首次申報,1081103,租用競選辦事處支出,楊朝崗,U12*******,0.00,4500.00,裝潢競選辦事處支出,金錢,,,
9,楊進福,109年立法委員選舉,首次申報,1081103,租用競選辦事處支出,王筑瑀,U12*******,0.00,4500.00,裝潢競選辦事處支出,金錢,,,
10,楊進福,109年立法委員選舉,首次申報,1081103,租用競選辦事處支出,黃明全,U12*******,0.00,6000.00,裝潢競選辦事處支出,金錢,,,
11,楊進福,109年立法委員選舉,首次申報,1081103,租用競選辦事處支出,宋誠佑,U12*******,0.00,4500.00,裝潢競選辦事處支出,金錢,,,
12,楊進福,109年立法委員選舉,首次申報,1081103,租用競選辦事處支出,黃志明,U12*******,0.00,4500.00,裝潢競選辦事處支出,金錢,,,
13,楊進福,109年立法委員選舉,首次申報,1081103,租用競選辦事處支出,宋建國,U12*******,0.00,4000.00,裝潢競選辦事處支出,金錢,,,
14,楊進福,109年立法委員選舉,首次申報,1081104,租用競選辦事處支出,宏欣商行,10648800,0.00,12000.00,裝潢競選辦事處支出,金錢,桃園市龜山區****,,
15,楊進福,109年立法委員選舉,首次申報,1081104,租用宣傳車輛支出,台糖加油站,70969360,0.00,500.00,宣傳車輛燃料支出,金錢,,,
16,楊進福,109年立法委員選舉,首次申報,1081104,交通旅運支出,台灣中油,76967115,0.00,200.00,油資,金錢,,,
17,楊進福,109年立法委員選舉,首次申報,1081107,集會支出,孫叔叔魯肉飯小吃,99496496,0.00,520.00,餐飲支出,金錢,,,
18,楊進福,109年立法委員選舉,首次申報,1081108,租用宣傳車輛支出,台灣中油,76966832,0.00,500.00,宣傳車輛燃料支出,金錢,,,
19,楊進福,109年立法委員選舉,首次申報,1081108,集會支出,財成飯包,99771943,0.00,490.00,餐飲支出,金錢,,,
20,楊進福,109年立法委員選舉,首次申報,1081109,租用宣傳車輛支出,台灣中油,76966832,0.00,500.00,宣傳車輛燃料支出,金錢,,,
21,楊進福,109年立法委員選舉,首次申報,1081109,雜支支出,永昌商行,94762190,0.00,900.00,餐飲費用,金錢,,,
22,楊進福,109年立法委員選舉,首次申報,1081111,雜支支出,中華電信股份有限公司,,0.00,1746.00,電信費用,金錢,桃園市桃園區****,,
23,楊進福,109年立法委員選舉,首次申報,1081111,宣傳支出,東明廣告有限公司,28721401,0.00,4104.00,製作宣傳廣告支出,金錢,新北市永和區****,,
24,楊進福,109年立法委員選舉,首次申報,1081111,宣傳支出,東明廣告有限公司,28721401,0.00,1872.00,製作宣傳廣告支出,金錢,新北市永和區****,,
25,楊進福,109年立法委員選舉,首次申報,1081111,租用競選辦事處支出,永旭工程行,73770595,0.00,30000.00,裝潢競選辦事處支出,金錢,新北市三重區****,,
26,楊進福,109年立法委員選舉,首次申報,1081111,交通旅運支出,台灣中油,76966827,0.00,400.00,油資,金錢,,,
27,楊進福,109年立法委員選舉,首次申報,1081112,租用宣傳車輛支出,台灣中油,76966832,0.00,500.00,宣傳車輛燃料支出,金錢,,,
28,楊進福,109年立法委員選舉,首次申報,1081114,租用宣傳車輛支出,中油-瑞里站,29276293,0.00,500.00,宣傳車輛燃料支出,金錢,,,
29,楊進福,109年立法委員選舉,首次申報,1081116,租用宣傳車輛支出,台灣中油,15786957,0.00,500.00,宣傳車輛燃料支出,金錢,,,
30,楊進福,109年立法委員選舉,首次申報,1081116,租用宣傳車輛支出,台糖加油站,70969360,0.00,500.00,宣傳車輛燃料支出,金錢,,,
31,楊進福,109年立法委員選舉,首次申報,1081117,交通旅運支出,藶峰有限公司樹林營業所,,0.00,120.00,停車費,金錢,新北市樹林區****,,
32,楊進福,109年立法委員選舉,首次申報,1081117,雜支支出,永昌商行,94762190,0.00,800.00,雜項購置或修繕費用,金錢,,,
33,楊進福,109年立法委員選舉,首次申報,1081118,租用競選辦事處支出,晨光LED,,0.00,4050.00,裝潢競選辦事處支出,金錢,桃園市龜山區****,,
34,楊進福,109年立法委員選舉,首次申報,1081118,雜支支出,原玖百貨商行,,0.00,105.00,雜項購置或修繕費用,金錢,桃園市龜山區****,,
35,楊進福,109年立法委員選舉,首次申報,1081118,租用競選辦事處支出,承特水電材料有限公司,28627285,0.00,790.00,裝潢競選辦事處支出,金錢,桃園市楊梅區****,,
36,楊進福,109年立法委員選舉,首次申報,1081118,租用競選辦事處支出,勝新建材行,45046142,0.00,7522.00,裝潢競選辦事處支出,金錢,桃園市楊梅區****,,
37,楊進福,109年立法委員選舉,首次申報,1081119,雜支支出,華峰果菜行,10613936,0.00,530.00,雜項購置或修繕費用,金錢,,,
38,楊進福,109年立法委員選舉,首次申報,1081119,租用宣傳車輛支出,台糖加油站,70969360,0.00,1000.00,宣傳車輛燃料支出,金錢,,,
39,楊進福,109年立法委員選舉,首次申報,1081119,租用宣傳車輛支出,台灣中油,76967115,0.00,500.00,宣傳車輛燃料支出,金錢,,,
40,楊進福,109年立法委員選舉,首次申報,1081120,宣傳支出,仙麗百貨行,43802851,0.00,10620.00,製作宣傳廣告支出,金錢,桃園市龜山區****,,
41,楊進福,109年立法委員選舉,首次申報,1081121,雜支支出,台灣自來水股份有限公司,,0.00,817.00,水電瓦斯費用,金錢,桃園市龜山區****,,
42,楊進福,109年立法委員選舉,首次申報,1081123,租用宣傳車輛支出,台灣中油,76966832,0.00,500.00,宣傳車輛燃料支出,金錢,,,
43,楊進福,109年立法委員選舉,首次申報,1081124,租用宣傳車輛支出,台灣中油,13977853,0.00,500.00,宣傳車輛燃料支出,金錢,,,
44,楊進福,109年立法委員選舉,首次申報,1081125,租用宣傳車輛支出,富源加油站,89891650,0.00,500.00,宣傳車輛燃料支出,金錢,,,
45,楊進福,109年立法委員選舉,首次申報,1081125,雜支支出,永昌商行,94762190,0.00,280.00,雜項購置或修繕費用,金錢,,,
46,楊進福,109年立法委員選舉,首次申報,1081126,宣傳支出,神威影印店,31882268,0.00,960.00,製作宣傳廣告支出-文宣,金錢,臺北市文山區****,,
47,楊進福,109年立法委員選舉,首次申報,1081126,租用宣傳車輛支出,台灣中油,76966832,0.00,500.00,宣傳車輛燃料支出,金錢,,,
48,楊進福,109年立法委員選舉,首次申報,1081127,雜支支出,台灣電力公司,,0.00,4868.00,水電瓦斯費用,金錢,桃園市桃園區****,,
49,楊進福,109年立法委員選舉,首次申報,1081129,租用宣傳車輛支出,台灣中油,08119945,0.00,500.00,宣傳車輛燃料支出,金錢,,,
50,楊進福,109年立法委員選舉,首次申報,1081129,雜支支出,華峰果菜行,10613936,0.00,600.00,餐飲費用,金錢,,,
51,楊進福,109年立法委員選舉,首次申報,1081129,雜支支出,日隆商號,10644255,0.00,450.00,餐飲費用,金錢,花蓮縣光復鄉****,,
52,楊進福,109年立法委員選舉,首次申報,1081129,宣傳支出,易利印圖文社,42249192,0.00,18690.00,製作宣傳廣告支出-文宣,金錢,新北市新莊區****,,
53,楊進福,109年立法委員選舉,首次申報,1081129,租用宣傳車輛支出,信用加油站,97494937,0.00,600.00,宣傳車輛燃料支出,金錢,,,
54,楊進福,109年立法委員選舉,首次申報,1081130,租用競選辦事處支出,洪惠娟,,0.00,15000.00,租用競選辦事處費用,金錢,彰化縣彰化市****,,
55,楊進福,109年立法委員選舉,首次申報,1081130,租用宣傳車輛支出,台灣中油,76967115,0.00,500.00,宣傳車輛燃料支出,金錢,,,
56,楊進福,109年立法委員選舉,首次申報,1081201,租用宣傳車輛支出,台灣中油,15786957,0.00,500.00,宣傳車輛燃料支出,金錢,,,
57,楊進福,109年立法委員選舉,首次申報,1081202,雜支支出,典雅文具有限公司,,0.00,589.00,文具用品費用,金錢,桃園市龜山區****,,
58,楊進福,109年立法委員選舉,首次申報,1081203,雜支支出,典雅文具有限公司,,0.00,519.00,文具用品費用,金錢,桃園市龜山區****,,
59,楊進福,109年立法委員選舉,首次申報,1081203,租用宣傳車輛支出,台灣中油,18064130,0.00,1500.00,宣傳車輛燃料支出,金錢,,,
60,楊進福,109年立法委員選舉,首次申報,1081203,租用宣傳車輛支出,台灣中油,18064130,0.00,500.00,宣傳車輛燃料支出,金錢,,,
61,楊進福,109年立法委員選舉,首次申報,1081203,雜支支出,東明廣告有限公司,28721401,0.00,3500.00,雜項購置或修繕費用-修補鐵架,金錢,新北市永和區****,,
62,楊進福,109年立法委員選舉,首次申報,1081203,宣傳支出,東明廣告有限公司,28721401,0.00,492.00,製作宣傳廣告支出,金錢,新北市永和區****,,
63,楊進福,109年立法委員選舉,首次申報,1081203,租用宣傳車輛支出,台糖加油站,70969360,0.00,1100.00,宣傳車輛燃料支出,金錢,,,
64,楊進福,109年立法委員選舉,首次申報,1081204,雜支支出,華峰果菜行,10613936,0.00,340.00,餐飲費用,金錢,,,
65,楊進福,109年立法委員選舉,首次申報,1081204,租用宣傳車輛支出,台灣中油,76967115,0.00,1000.00,宣傳車輛燃料支出,金錢,,,
66,楊進福,109年立法委員選舉,首次申報,1081204,租用競選辦事處支出,義盛木材行,94642689,0.00,5720.00,裝潢競選辦事處支出,金錢,,,
67,楊進福,109年立法委員選舉,首次申報,1081205,租用宣傳車輛支出,台灣中油,15786957,0.00,500.00,宣傳車輛燃料支出,金錢,,,
68,楊進福,109年立法委員選舉,首次申報,1081205,雜支支出,冠達精業有限公司,27330659,0.00,21000.00,餐飲費用-礦泉水,金錢,基隆市安樂區****,,
69,楊進福,109年立法委員選舉,首次申報,1081205,租用宣傳車輛支出,台糖加油站,70969360,0.00,500.00,宣傳車輛燃料支出,金錢,,,
70,楊進福,109年立法委員選舉,首次申報,1081207,宣傳支出,神威影印店,31882268,0.00,14200.00,製作宣傳廣告支出-文宣,金錢,臺北市文山區****,,
71,楊進福,109年立法委員選舉,首次申報,1081207,租用宣傳車輛支出,台灣中油,70969360,0.00,500.00,宣傳車輛燃料支出,金錢,,,
72,楊進福,109年立法委員選舉,首次申報,1081207,租用宣傳車輛支出,台灣中油,76967115,0.00,1000.00,宣傳車輛燃料支出,金錢,,,
73,楊進福,109年立法委員選舉,首次申報,1081208,雜支支出,光南大批發,,0.00,658.00,文具用品費用,金錢,桃園市桃園區****,,
74,楊進福,109年立法委員選舉,首次申報,1081208,雜支支出,家樂福有限公司,,0.00,1280.00,文具用品費用,金錢,桃園市桃園區****,,
75,楊進福,109年立法委員選舉,首次申報,1081208,雜支支出,典雅文具有限公司,,0.00,160.00,文具用品費用,金錢,桃園市龜山區****,,
76,楊進福,109年立法委員選舉,首次申報,1081208,雜支支出,來電馬書局有限公司,,0.00,815.00,文具用品費用,金錢,桃園市龜山區****,,
77,楊進福,109年立法委員選舉,首次申報,1081208,租用宣傳車輛支出,台灣中油,08119902,0.00,500.00,宣傳車輛燃料支出,金錢,,,
78,楊進福,109年立法委員選舉,首次申報,1081208,雜支支出,華峰果菜行,10613936,0.00,872.00,餐飲費用,金錢,,,
79,楊進福,109年立法委員選舉,首次申報,1081208,雜支支出,日隆商號,10644255,0.00,570.00,餐飲費用,金錢,花蓮縣光復鄉****,,
80,楊進福,109年立法委員選舉,首次申報,1081208,交通旅運支出,太平洋加油站,22911642,0.00,500.00,油資,金錢,,,
81,楊進福,109年立法委員選舉,首次申報,1081208,雜支支出,永昌金紙行,94819010,0.00,240.00,雜項購置或修繕費用,金錢,,,
82,楊進福,109年立法委員選舉,首次申報,1081209,宣傳支出,龜山文化郵局,,0.00,5752.00,郵寄競選物品或宣傳廣告支出,金錢,桃園市龜山區****,,
83,楊進福,109年立法委員選舉,首次申報,1081209,交通旅運支出,台灣中油,08119945,0.00,1000.00,油資,金錢,,,
84,楊進福,109年立法委員選舉,首次申報,1081209,宣傳支出,平鎮高雙郵局,17879241,0.00,46674.00,郵寄競選物品或宣傳廣告支出,金錢,桃園市平鎮區****,,
85,楊進福,109年立法委員選舉,首次申報,1081210,雜支支出,典雅文具有限公司,,0.00,144.00,文具用品費用,金錢,桃園市龜山區****,,
86,楊進福,109年立法委員選舉,首次申報,1081210,雜支支出,中華電信股份有限公司,,0.00,3085.00,電信費用,金錢,桃園市桃園區****,,
87,楊進福,109年立法委員選舉,首次申報,1081210,宣傳支出,神威影印店,31882268,0.00,900.00,製作宣傳廣告支出-文宣,金錢,臺北市文山區****,,
88,楊進福,109年立法委員選舉,首次申報,1081210,宣傳支出,百震實業有限公司,54109689,0.00,144800.00,製作競選物品支出（物品名稱-背心及帽子）,金錢,桃園市楊梅區****,,
89,楊進福,109年立法委員選舉,首次申報,1081210,租用宣傳車輛支出,台灣中油,76966832,0.00,500.00,宣傳車輛燃料支出,金錢,,,
90,楊進福,109年立法委員選舉,首次申報,1081210,宣傳支出,正德廣告社,95919819,0.00,1800.00,製作宣傳廣告支出-帆布,金錢,桃園市龜山區****,,
91,楊進福,109年立法委員選舉,首次申報,1081211,雜支支出,龜山黃昏市場,,0.00,2380.00,餐飲費用,金錢,桃園市龜山區****,,
92,楊進福,109年立法委員選舉,首次申報,1081211,宣傳支出,東明廣告有限公司,28721401,0.00,15000.00,製作競選物品支出（物品名稱-小手旗）,金錢,新北市永和區****,,
93,楊進福,109年立法委員選舉,首次申報,1081211,宣傳支出,東明廣告有限公司,28721401,0.00,35000.00,製作競選物品支出（物品名稱-立旗）,金錢,新北市永和區****,,
94,楊進福,109年立法委員選舉,首次申報,1081211,宣傳支出,東明廣告有限公司,28721401,0.00,63000.00,製作競選物品支出（物品名稱-布條）,金錢,新北市永和區****,,
95,楊進福,109年立法委員選舉,首次申報,1081211,宣傳支出,東明廣告有限公司,28721401,0.00,7490.00,租用廣告看板或車體廣告支出,金錢,新北市永和區****,,
96,楊進福,109年立法委員選舉,首次申報,1081211,宣傳支出,神威影印店,31882268,0.00,3600.00,製作宣傳廣告支出-文宣,金錢,臺北市文山區****,,
97,楊進福,109年立法委員選舉,首次申報,1081211,集會支出,劉金來豬肉店,34893628,0.00,600.00,餐飲支出,金錢,,,
98,楊進福,109年立法委員選舉,首次申報,1081211,交通旅運支出,台灣中油,76967115,0.00,1060.00,油資,金錢,,,
99,楊進福,109年立法委員選舉,首次申報,1081212,雜支支出,家樂福有限公司,,0.00,2435.00,雜項購置或修繕費用,金錢,桃園市桃園區****,,
100,楊進福,109年立法委員選舉,首次申報,1081212,雜支支出,燦坤實業股份有限公司龜山分公司,,0.00,418.00,文具用品費用,金錢,桃園市龜山區****,,
101,楊進福,109年立法委員選舉,首次申報,1081212,交通旅運支出,台灣中油,15786957,0.00,820.00,油資,金錢,,,
102,楊進福,109年立法委員選舉,首次申報,1081212,租用宣傳車輛支出,台灣中油,76966827,0.00,500.00,宣傳車輛燃料支出,金錢,,,
103,楊進福,109年立法委員選舉,首次申報,1081212,宣傳支出,裕廣廣告有限公司,89727125,0.00,38600.00,租用廣告看板或車體廣告支出,金錢,桃園市龜山區****,,
104,楊進福,109年立法委員選舉,首次申報,1081213,雜支支出,日隆商號,10644255,0.00,770.00,餐飲費用,金錢,花蓮縣光復鄉****,,
105,楊進福,109年立法委員選舉,首次申報,1081213,交通旅運支出,台灣中油,18064130,0.00,980.00,油資,金錢,,,
106,楊進福,109年立法委員選舉,首次申報,1081213,宣傳支出,神威影印店,31882268,0.00,3150.00,製作宣傳廣告支出-文宣,金錢,臺北市文山區****,,
107,楊進福,109年立法委員選舉,首次申報,1081213,租用宣傳車輛支出,台灣中油,76966798,0.00,500.00,宣傳車輛燃料支出,金錢,,,
108,楊進福,109年立法委員選舉,首次申報,1081214,雜支支出,華峰果菜行,10613936,0.00,450.00,餐飲費用,金錢,,,
109,楊進福,109年立法委員選舉,首次申報,1081214,租用宣傳車輛支出,台灣中油,76967115,0.00,1000.00,宣傳車輛燃料支出,金錢,,,
110,楊進福,109年立法委員選舉,首次申報,1081214,集會支出,櫻桃食品行,78512668,0.00,3425.00,餐飲支出,金錢,桃園市桃園區****,,
111,楊進福,109年立法委員選舉,首次申報,1081215,雜支支出,原玖百貨商行,,0.00,560.00,雜項購置或修繕費用,金錢,桃園市龜山區****,,
112,楊進福,109年立法委員選舉,首次申報,1081215,租用宣傳車輛支出,台灣中油,14176232,0.00,1000.00,宣傳車輛燃料支出,金錢,,,
113,楊進福,109年立法委員選舉,首次申報,1081215,集會支出,凡札來外燴社,14373058,0.00,45000.00,餐飲支出,金錢,桃園市八德區****,,
114,楊進福,109年立法委員選舉,首次申報,1081215,宣傳支出,和平製印社,15788499,0.00,4000.00,製作宣傳廣告支出,金錢,,,
115,楊進福,109年立法委員選舉,首次申報,1081215,交通旅運支出,木瓜溪加油站,16001130,0.00,302.00,油資,金錢,,,
116,楊進福,109年立法委員選舉,首次申報,1081215,租用競選辦事處支出,綺麗花藝工作坊,17682042,0.00,4500.00,裝潢競選辦事處支出,金錢,桃園市龜山區****,,
117,楊進福,109年立法委員選舉,首次申報,1081215,雜支支出,辰酉記香鋪,19956454,0.00,2000.00,雜項購置或修繕費用,金錢,桃園市龜山區****,,
118,楊進福,109年立法委員選舉,首次申報,1081215,交通旅運支出,台灣中油,76966832,0.00,400.00,油資,金錢,,,
119,楊進福,109年立法委員選舉,首次申報,1081215,集會支出,櫻桃食品行,78512668,0.00,1320.00,餐飲支出,金錢,桃園市桃園區****,,
120,楊進福,109年立法委員選舉,首次申報,1081215,集會支出,蔚藍天果菜行,94957316,0.00,900.00,餐飲支出,金錢,桃園市觀音區****,,
121,楊進福,109年立法委員選舉,首次申報,1081216,租用宣傳車輛支出,台糖加油站,70969360,0.00,500.00,宣傳車輛燃料支出,金錢,,,
122,楊進福,109年立法委員選舉,首次申報,1081217,交通旅運支出,統一精工,,0.00,625.00,油資,金錢,桃園市八德區****,,
123,楊進福,109年立法委員選舉,首次申報,1081217,雜支支出,原玖百貨商行,,0.00,180.00,雜項購置或修繕費用,金錢,桃園市龜山區****,,
124,楊進福,109年立法委員選舉,首次申報,1081217,交通旅運支出,太平洋加油站,22911642,0.00,1000.00,油資,金錢,,,
125,楊進福,109年立法委員選舉,首次申報,1081218,雜支支出,燦坤實業股份有限公司龜山分公司,,0.00,218.00,文具用品費用,金錢,桃園市龜山區****,,
126,楊進福,109年立法委員選舉,首次申報,1081218,雜支支出,原玖百貨商行,,0.00,1181.00,雜項購置或修繕費用,金錢,桃園市龜山區****,,
127,楊進福,109年立法委員選舉,首次申報,1081218,雜支支出,華峰果菜行,10613936,0.00,1200.00,餐飲費用,金錢,,,
128,楊進福,109年立法委員選舉,首次申報,1081218,集會支出,華峰果菜行,10613936,0.00,548.00,餐飲支出,金錢,,,
129,楊進福,109年立法委員選舉,首次申報,1081218,集會支出,日隆商號,10644255,0.00,1100.00,餐飲支出,金錢,花蓮縣光復鄉****,,
130,楊進福,109年立法委員選舉,首次申報,1081218,雜支支出,茂億實業社,13964962,0.00,1680.00,餐飲費用,金錢,,,
131,楊進福,109年立法委員選舉,首次申報,1081218,雜支支出,和平製印社,15788499,0.00,1600.00,文具用品費用,金錢,,,
132,楊進福,109年立法委員選舉,首次申報,1081218,宣傳支出,吸引力廣告社,29312100,0.00,1170.00,製作宣傳廣告支出,金錢,桃園市龜山區****,,
133,楊進福,109年立法委員選舉,首次申報,1081218,雜支支出,艮生五金行,42220998,0.00,300.00,雜項購置或修繕費用,金錢,,,
134,楊進福,109年立法委員選舉,首次申報,1081218,交通旅運支出,協成汽車交通有限公司,44996882,0.00,3430.00,搭乘交通工具支出,金錢,桃園市桃園區****,,
135,楊進福,109年立法委員選舉,首次申報,1081218,雜支支出,宏國五金行,49770357,0.00,140.00,雜項購置或修繕費用,金錢,,,
136,楊進福,109年立法委員選舉,首次申報,1081218,雜支支出,惠照商號,78049541,0.00,2380.00,雜項購置或修繕費用,金錢,,,
137,楊進福,109年立法委員選舉,首次申報,1081218,雜支支出,新協發商行,94637004,0.00,2000.00,雜項購置或修繕費用,金錢,,,
138,楊進福,109年立法委員選舉,首次申報,1081218,集會支出,包你通工程行,94813986,0.00,10000.00,租用設備支出-流動廁所,金錢,,,
139,楊進福,109年立法委員選舉,首次申報,1081218,雜支支出,永昌金紙行,94819010,0.00,4200.00,雜項購置或修繕費用,金錢,,,
140,楊進福,109年立法委員選舉,首次申報,1081218,雜支支出,正富行,94827736,0.00,300.00,文具用品費用,金錢,,,
141,楊進福,109年立法委員選舉,首次申報,1081218,宣傳支出,正德廣告社,95919819,0.00,10000.00,製作宣傳廣告支出,金錢,桃園市龜山區****,,
142,楊進福,109年立法委員選舉,首次申報,1081219,雜支支出,鴻朧生活館有限公司,,0.00,1431.00,雜項購置或修繕費用,金錢,桃園市龜山區****,,
143,楊進福,109年立法委員選舉,首次申報,1081219,雜支支出,原玖百貨商行,,0.00,160.00,雜項購置或修繕費用,金錢,桃園市龜山區****,,
144,楊進福,109年立法委員選舉,首次申報,1081219,集會支出,北王農產行,17690471,0.00,1115.00,餐飲支出,金錢,彰化縣溪湖鎮****,,
145,楊進福,109年立法委員選舉,首次申報,1081219,宣傳支出,東明廣告有限公司,28721401,0.00,2590.00,租用廣告看板或車體廣告支出-車貼,金錢,新北市永和區****,,
146,楊進福,109年立法委員選舉,首次申報,1081219,宣傳支出,東明廣告有限公司,28721401,0.00,8925.00,製作競選物品支出（物品名稱-號碼貼紙）,金錢,新北市永和區****,,
147,楊進福,109年立法委員選舉,首次申報,1081219,租用宣傳車輛支出,老永吉汽車用品店,43954701,0.00,400.00,維修宣傳車輛支出,金錢,桃園市龜山區****,,
148,楊進福,109年立法委員選舉,首次申報,1081219,雜支支出,子鑫商行,49762130,0.00,350.00,雜項購置或修繕費用,金錢,,,
149,楊進福,109年立法委員選舉,首次申報,1081219,雜支支出,全聯福利中心-龜山大同分公司,54918128,0.00,582.00,雜項購置或修繕費用,金錢,,,
150,楊進福,109年立法委員選舉,首次申報,1081219,交通旅運支出,泉好加油站有限公司,80045789,0.00,645.00,油資,金錢,,,
151,楊進福,109年立法委員選舉,首次申報,1081219,雜支支出,永昌金紙行,94819010,0.00,2000.00,雜項購置或修繕費用,金錢,,,
152,楊進福,109年立法委員選舉,首次申報,1081220,雜支支出,典雅文具有限公司,,0.00,400.00,文具用品費用,金錢,桃園市龜山區****,,
153,楊進福,109年立法委員選舉,首次申報,1081220,租用宣傳車輛支出,台灣中油,08120035,0.00,1000.00,宣傳車輛燃料支出,金錢,,,
154,楊進福,109年立法委員選舉,首次申報,1081220,雜支支出,華峰果菜行,10613936,0.00,4940.00,餐飲費用,金錢,,,
155,楊進福,109年立法委員選舉,首次申報,1081220,雜支支出,華峰果菜行,10613936,0.00,490.00,餐飲費用,金錢,,,
156,楊進福,109年立法委員選舉,首次申報,1081220,雜支支出,呷青漁行,13962079,0.00,5300.00,雜項購置或修繕費用,金錢,,,
157,楊進福,109年立法委員選舉,首次申報,1081220,雜支支出,呷青漁行,13962079,0.00,4650.00,餐飲費用,金錢,,,
158,楊進福,109年立法委員選舉,首次申報,1081220,租用宣傳車輛支出,台灣中油,15786957,0.00,1000.00,宣傳車輛燃料支出,金錢,,,
159,楊進福,109年立法委員選舉,首次申報,1081220,宣傳支出,東明廣告有限公司,28721401,0.00,4800.00,製作競選物品支出（物品名稱-號碼貼紙）,金錢,新北市永和區****,,
160,楊進福,109年立法委員選舉,首次申報,1081220,租用宣傳車輛支出,東明廣告有限公司,28721401,0.00,3500.00,雇用宣傳車輛駕駛支出-吊車費,金錢,新北市永和區****,,
161,楊進福,109年立法委員選舉,首次申報,1081220,宣傳支出,神威影印店,31882268,0.00,8745.00,製作宣傳廣告支出-文宣,金錢,臺北市文山區****,,
162,楊進福,109年立法委員選舉,首次申報,1081220,集會支出,劉金來豬肉店,34893628,0.00,1000.00,餐飲支出,金錢,,,
163,楊進福,109年立法委員選舉,首次申報,1081220,租用宣傳車輛支出,台灣中油,76967115,0.00,1000.00,宣傳車輛燃料支出,金錢,,,
164,楊進福,109年立法委員選舉,首次申報,1081220,租用競選辦事處支出,義盛木材行,94642689,0.00,850.00,裝潢競選辦事處支出,金錢,,,
165,楊進福,109年立法委員選舉,首次申報,1081220,雜支支出,正富行,94827736,0.00,950.00,雜項購置或修繕費用,金錢,,,
166,楊進福,109年立法委員選舉,首次申報,1081221,租用宣傳車輛支出,長馨加油站,16864873,0.00,500.00,宣傳車輛燃料支出,金錢,,,
167,楊進福,109年立法委員選舉,首次申報,1081221,租用宣傳車輛支出,台灣中油,18064130,0.00,934.00,宣傳車輛燃料支出,金錢,,,
168,楊進福,109年立法委員選舉,首次申報,1081221,雜支支出,明珠文具社,94152401,0.00,280.00,文具用品費用,金錢,,,
169,楊進福,109年立法委員選舉,首次申報,1081222,交通旅運支出,台灣中油股份有限公司,,0.00,676.00,油資,金錢,桃園市楊梅區****,,
170,楊進福,109年立法委員選舉,首次申報,1081222,集會支出,華峰果菜行,10613936,0.00,5430.00,餐飲支出,金錢,,,
171,楊進福,109年立法委員選舉,首次申報,1081222,集會支出,日隆商號,10644255,0.00,14000.00,餐飲支出,金錢,花蓮縣光復鄉****,,
172,楊進福,109年立法委員選舉,首次申報,1081222,租用宣傳車輛支出,台灣中油,15786957,0.00,500.00,宣傳車輛燃料支出,金錢,,,
173,楊進福,109年立法委員選舉,首次申報,1081222,雜支支出,子鑫商行,49762130,0.00,235.00,餐飲費用,金錢,,,
174,楊進福,109年立法委員選舉,首次申報,1081222,雜支支出,惠照商號,78049541,0.00,2020.00,餐飲費用,金錢,,,
175,楊進福,109年立法委員選舉,首次申報,1081223,宣傳支出,龜山郵局,,0.00,123.00,發送電信簡訊支出,金錢,桃園市龜山區****,,
176,楊進福,109年立法委員選舉,首次申報,1081223,集會支出,玉長牛肉麵店,10168148,0.00,1500.00,餐飲支出,金錢,,,
177,楊進福,109年立法委員選舉,首次申報,1081223,雜支支出,華峰果菜行,10613936,0.00,370.00,餐飲費用,金錢,,,
178,楊進福,109年立法委員選舉,首次申報,1081223,宣傳支出,平鎮高雙郵局,17879241,0.00,37209.00,郵寄競選物品或宣傳廣告支出,金錢,桃園市平鎮區****,,
179,楊進福,109年立法委員選舉,首次申報,1081223,租用宣傳車輛支出,興盛加油站,70739092,0.00,10000.00,宣傳車輛燃料支出,金錢,,,
180,楊進福,109年立法委員選舉,首次申報,1081223,雜支支出,惠照商號,78049541,0.00,1070.00,餐飲費用,金錢,,,
181,楊進福,109年立法委員選舉,首次申報,1081224,雜支支出,譁琪商行,,0.00,1750.00,雜項購置或修繕費用,金錢,桃園市龜山區****,,
182,楊進福,109年立法委員選舉,首次申報,1081224,雜支支出,茂億實業社,13964962,0.00,1000.00,餐飲費用,金錢,,,
183,楊進福,109年立法委員選舉,首次申報,1081224,集會支出,北王農產行,17690471,0.00,2505.00,餐飲支出,金錢,彰化縣溪湖鎮****,,
184,楊進福,109年立法委員選舉,首次申報,1081224,租用宣傳車輛支出,台灣中油,18064130,0.00,500.00,宣傳車輛燃料支出,金錢,,,
185,楊進福,109年立法委員選舉,首次申報,1081224,交通旅運支出,大新加油站,23166039,0.00,1165.00,油資,金錢,,,
186,楊進福,109年立法委員選舉,首次申報,1081224,宣傳支出,神威影印店,31882268,0.00,8745.00,製作宣傳廣告支出-文宣,金錢,臺北市文山區****,,
187,楊進福,109年立法委員選舉,首次申報,1081224,雜支支出,吉綠果菜行,34891852,0.00,890.00,餐飲費用,金錢,,,
188,楊進福,109年立法委員選舉,首次申報,1081224,租用宣傳車輛支出,瑞北加油站,70728166,0.00,500.00,宣傳車輛燃料支出,金錢,,,
189,楊進福,109年立法委員選舉,首次申報,1081224,雜支支出,惠照商號,78049541,0.00,2800.00,雜項購置或修繕費用,金錢,,,
190,楊進福,109年立法委員選舉,首次申報,1081224,集會支出,惠照商號,78049541,0.00,1000.00,餐飲支出,金錢,,,
191,楊進福,109年立法委員選舉,首次申報,1081225,租用宣傳車輛支出,北基國際,30340625,0.00,500.00,宣傳車輛燃料支出,金錢,,,
192,楊進福,109年立法委員選舉,首次申報,1081225,雜支支出,艮生五金商行,42220998,0.00,1150.00,雜項購置或修繕費用,金錢,,,
193,楊進福,109年立法委員選舉,首次申報,1081225,雜支支出,艮生五金商行,42220998,0.00,1080.00,雜項購置或修繕費用,金錢,,,
194,楊進福,109年立法委員選舉,首次申報,1081225,雜支支出,正富行,94827736,0.00,260.00,雜項購置或修繕費用,金錢,,,
195,楊進福,109年立法委員選舉,首次申報,1081226,交通旅運支出,南強加油站,,0.00,663.00,油資,金錢,桃園市龜山區****,,
196,楊進福,109年立法委員選舉,首次申報,1081226,雜支支出,燦坤實業股份有限公司龜山分公司,,0.00,964.00,文具用品費用,金錢,桃園市龜山區****,,
197,楊進福,109年立法委員選舉,首次申報,1081226,雜支支出,鴻朧生活館有限公司,,0.00,499.00,雜項購置或修繕費用,金錢,桃園市龜山區****,,
198,楊進福,109年立法委員選舉,首次申報,1081226,集會支出,聯興電器行,76966571,0.00,2600.00,租用設備支出,金錢,,,
199,楊進福,109年立法委員選舉,首次申報,1081227,交通旅運支出,台亞石油股份有限公司,,0.00,1000.00,油資,金錢,桃園市龜山區****,,
200,楊進福,109年立法委員選舉,首次申報,1081227,雜支支出,燦坤實業股份有限公司龜山分公司,,0.00,179.00,文具用品費用,金錢,桃園市龜山區****,,
201,楊進福,109年立法委員選舉,首次申報,1081227,雜支支出,華峰果菜行,10613936,0.00,960.00,餐飲費用,金錢,,,
202,楊進福,109年立法委員選舉,首次申報,1081227,交通旅運支出,台灣中油,15786957,0.00,410.00,油資,金錢,,,
203,楊進福,109年立法委員選舉,首次申報,1081227,租用宣傳車輛支出,台灣中油,15786957,0.00,500.00,宣傳車輛燃料支出,金錢,,,
204,楊進福,109年立法委員選舉,首次申報,1081227,宣傳支出,東明廣告有限公司,28721401,0.00,35000.00,製作競選物品支出（物品名稱-立旗）,金錢,新北市永和區****,,
205,楊進福,109年立法委員選舉,首次申報,1081227,宣傳支出,東明廣告有限公司,28721401,0.00,60000.00,製作競選物品支出（物品名稱-布條）,金錢,新北市永和區****,,
206,楊進福,109年立法委員選舉,首次申報,1081228,雜支支出,譁琪商行,,0.00,1750.00,雜項購置或修繕費用,金錢,桃園市龜山區****,,
207,楊進福,109年立法委員選舉,首次申報,1081228,雜支支出,華峰果菜行,10613936,0.00,1100.00,餐飲費用,金錢,,,
208,楊進福,109年立法委員選舉,首次申報,1081228,交通旅運支出,坤業加油有限公司,41486463,0.00,500.00,油資,金錢,,,
209,楊進福,109年立法委員選舉,首次申報,1081229,雜支支出,進成商店,12080513,0.00,3770.00,雜項購置或修繕費用,金錢,,,
210,楊進福,109年立法委員選舉,首次申報,1081229,交通旅運支出,崇德營加油站,67947526,0.00,1202.00,油資,金錢,,,
211,楊進福,109年立法委員選舉,首次申報,1081229,交通旅運支出,台灣中油-長壽路站,72762040,0.00,1000.00,油資,金錢,,,
212,楊進福,109年立法委員選舉,首次申報,1081229,租用宣傳車輛支出,台灣中油,76967115,0.00,1000.00,宣傳車輛燃料支出,金錢,,,
213,楊進福,109年立法委員選舉,首次申報,1081230,雜支支出,原玖百貨商行,,0.00,100.00,雜項購置或修繕費用,金錢,桃園市龜山區****,,
214,楊進福,109年立法委員選舉,首次申報,1081230,交通旅運支出,台灣中油,76966832,0.00,700.00,油資,金錢,,,
215,楊進福,109年立法委員選舉,首次申報,1081230,雜支支出,永昌金紙行,94819010,0.00,2950.00,雜項購置或修繕費用,金錢,,,
216,楊進福,109年立法委員選舉,首次申報,1081230,人事費用支出,王建福,U12*******,0.00,86000.00,其他因工作酬勞之給付-搭競選看板,金錢,花蓮縣光復鄉****,0915*****,
217,楊進福,109年立法委員選舉,首次申報,1081231,租用競選辦事處支出,洪惠娟,,0.00,15000.00,租用競選辦事處費用,金錢,彰化縣彰化市****,,
218,楊進福,109年立法委員選舉,首次申報,1081231,雜支支出,盈興商行,41010973,0.00,1000.00,雜項購置或修繕費用,金錢,,,
219,楊進福,109年立法委員選舉,首次申報,1081231,交通旅運支出,富源加油站,89891650,0.00,1000.00,油資,金錢,,,
220,楊進福,109年立法委員選舉,首次申報,1081231,雜支支出,協新發商行,94637004,0.00,7450.00,雜項購置或修繕費用,金錢,,,
221,楊進福,109年立法委員選舉,首次申報,1090101,交通旅運支出,澳底加油站,,0.00,1000.00,油資,金錢,新北市貢寮區****,,
222,楊進福,109年立法委員選舉,首次申報,1090101,雜支支出,日隆商號,10644255,0.00,920.00,雜項購置或修繕費用,金錢,花蓮縣光復鄉****,,
223,楊進福,109年立法委員選舉,首次申報,1090101,租用宣傳車輛支出,台灣中油,13977853,0.00,1000.00,宣傳車輛燃料支出,金錢,,,
224,楊進福,109年立法委員選舉,首次申報,1090101,租用宣傳車輛支出,百鼎加油站,22575325,0.00,300.00,宣傳車輛燃料支出,金錢,,,
225,楊進福,109年立法委員選舉,首次申報,1090101,租用宣傳車輛支出,志學加油站,23095915,0.00,500.00,宣傳車輛燃料支出,金錢,,,
226,楊進福,109年立法委員選舉,首次申報,1090101,雜支支出,協發行,94162007,0.00,150.00,雜項購置或修繕費用,金錢,,,
227,楊進福,109年立法委員選舉,首次申報,1090101,雜支支出,相正企業有限公司,94795544,0.00,4510.00,雜項購置或修繕費用,金錢,,,
228,楊進福,109年立法委員選舉,首次申報,1090101,集會支出,幸福食品行,94821944,0.00,1900.00,餐飲支出,金錢,,,
229,楊進福,109年立法委員選舉,首次申報,1090101,租用競選辦事處支出,呂勝雄,U12*******,0.00,1500.00,裝潢競選辦事處支出,金錢,,,
230,楊進福,109年立法委員選舉,首次申報,1090101,人事費用支出,李周花,U20*******,0.00,1000.00,其他因工作酬勞之給付,金錢,花蓮縣光復鄉****,,
231,楊進福,109年立法委員選舉,首次申報,1090101,人事費用支出,武秀玉,U20*******,0.00,1000.00,其他因工作酬勞之給付,金錢,花蓮縣光復鄉****,,
232,楊進福,109年立法委員選舉,首次申報,1090101,人事費用支出,鄭春花,U20*******,0.00,1000.00,其他因工作酬勞之給付,金錢,花蓮縣鳳林鎮****,,
233,楊進福,109年立法委員選舉,首次申報,1090101,人事費用支出,曾寶珠,U20*******,0.00,1000.00,其他因工作酬勞之給付,金錢,花蓮縣鳳林鎮****,,
234,楊進福,109年立法委員選舉,首次申報,1090102,交通旅運支出,台灣糖業股份有限公司,,0.00,1001.00,油資,金錢,花蓮縣光復鄉****,,
235,楊進福,109年立法委員選舉,首次申報,1090102,集會支出,日隆商號,10644255,0.00,1420.00,餐飲支出,金錢,花蓮縣光復鄉****,,
236,楊進福,109年立法委員選舉,首次申報,1090102,集會支出,呷青漁行,13962079,0.00,2450.00,餐飲支出,金錢,,,
237,楊進福,109年立法委員選舉,首次申報,1090102,雜支支出,原玖百貨商行,31716923,0.00,180.00,文具用品費用,金錢,,,
238,楊進福,109年立法委員選舉,首次申報,1090102,雜支支出,原玖百貨商行,31716923,0.00,150.00,雜項購置或修繕費用,金錢,,,
239,楊進福,109年立法委員選舉,首次申報,1090102,租用宣傳車輛支出,台灣中油,76966832,0.00,500.00,宣傳車輛燃料支出,金錢,,,
240,楊進福,109年立法委員選舉,首次申報,1090102,雜支支出,豪菓蔬果行,82328741,0.00,500.00,雜項購置或修繕費用,金錢,,,
241,楊進福,109年立法委員選舉,首次申報,1090102,雜支支出,豪菓蔬果行,82328741,0.00,500.00,雜項購置或修繕費用,金錢,,,
242,楊進福,109年立法委員選舉,首次申報,1090102,人事費用支出,李周花,U20*******,0.00,1000.00,其他因工作酬勞之給付,金錢,花蓮縣光復鄉****,,
243,楊進福,109年立法委員選舉,首次申報,1090102,人事費用支出,武秀玉,U20*******,0.00,1000.00,其他因工作酬勞之給付,金錢,花蓮縣光復鄉****,,
244,楊進福,109年立法委員選舉,首次申報,1090102,人事費用支出,鄭春花,U20*******,0.00,1000.00,其他因工作酬勞之給付,金錢,花蓮縣鳳林鎮****,,
245,楊進福,109年立法委員選舉,首次申報,1090102,人事費用支出,曾寶珠,U20*******,0.00,1000.00,其他因工作酬勞之給付,金錢,花蓮縣鳳林鎮****,,
246,楊進福,109年立法委員選舉,首次申報,1090102,人事費用支出,林連妹,U22*******,0.00,1000.00,其他因工作酬勞之給付,金錢,花蓮縣光復鄉****,,
247,楊進福,109年立法委員選舉,首次申報,1090103,租用競選辦事處支出,原玖百貨商行,,0.00,1700.00,租買辦公設備支出,金錢,桃園市龜山區****,,
248,楊進福,109年立法委員選舉,首次申報,1090103,交通旅運支出,台灣中油股份有限公司,,0.00,1360.00,油資,金錢,花蓮縣光復鄉****,,
249,楊進福,109年立法委員選舉,首次申報,1090103,集會支出,日隆商號,10644255,0.00,1600.00,餐飲支出,金錢,花蓮縣光復鄉****,,
250,楊進福,109年立法委員選舉,首次申報,1090103,租用宣傳車輛支出,航空城加油站,24296313,0.00,500.00,宣傳車輛燃料支出,金錢,,,
251,楊進福,109年立法委員選舉,首次申報,1090103,宣傳支出,神威影印店,31882268,0.00,10000.00,製作宣傳廣告支出-文宣,金錢,臺北市文山區****,,
252,楊進福,109年立法委員選舉,首次申報,1090103,租用宣傳車輛支出,台灣中油,76966832,0.00,500.00,宣傳車輛燃料支出,金錢,,,
253,楊進福,109年立法委員選舉,首次申報,1090103,交通旅運支出,台灣中油,76967115,0.00,1000.00,油資,金錢,,,
254,楊進福,109年立法委員選舉,首次申報,1090103,雜支支出,永昌金紙行,94819010,0.00,2500.00,雜項購置或修繕費用,金錢,,,
255,楊進福,109年立法委員選舉,首次申報,1090103,人事費用支出,鄭春花,U20*******,0.00,1000.00,其他因工作酬勞之給付,金錢,花蓮縣鳳林鎮****,,
256,楊進福,109年立法委員選舉,首次申報,1090104,交通旅運支出,台灣中油大福站,,0.00,1000.00,油資,金錢,宜蘭縣壯圍鄉****,,
257,楊進福,109年立法委員選舉,首次申報,1090104,集會支出,日隆商號,10644255,0.00,27800.00,餐飲支出,金錢,花蓮縣光復鄉****,,
258,楊進福,109年立法委員選舉,首次申報,1090104,雜支支出,和平製印社,15788499,0.00,1500.00,文具用品費用,金錢,,,
259,楊進福,109年立法委員選舉,首次申報,1090104,集會支出,劉金來豬肉店,34893628,0.00,2150.00,餐飲支出,金錢,,,
260,楊進福,109年立法委員選舉,首次申報,1090104,租用宣傳車輛支出,台灣中油-水璉站,70694898,0.00,500.00,宣傳車輛燃料支出,金錢,,,
261,楊進福,109年立法委員選舉,首次申報,1090104,雜支支出,惠照商號,78049541,0.00,400.00,餐飲費用,金錢,,,
262,楊進福,109年立法委員選舉,首次申報,1090104,人事費用支出,曾寶珠,U20*******,0.00,1000.00,其他因工作酬勞之給付,金錢,花蓮縣鳳林鎮****,,
263,楊進福,109年立法委員選舉,首次申報,1090105,交通旅運支出,中油長壽站,,0.00,1000.00,油資,金錢,桃園市龜山區****,,
264,楊進福,109年立法委員選舉,首次申報,1090105,租用宣傳車輛支出,原玖百貨商行,,0.00,189.00,維修宣傳車輛支出,金錢,桃園市龜山區****,,
265,楊進福,109年立法委員選舉,首次申報,1090105,交通旅運支出,智驛科技有限公司八德區廣豐二停車場,,0.00,105.00,停車費,金錢,桃園市八德區****,,
266,楊進福,109年立法委員選舉,首次申報,1090105,交通旅運支出,台灣中油,15786957,0.00,800.00,油資,金錢,,,
267,楊進福,109年立法委員選舉,首次申報,1090105,交通旅運支出,泉源加油站,23092396,0.00,500.00,油資,金錢,,,
268,楊進福,109年立法委員選舉,首次申報,1090105,交通旅運支出,明展加油站,25043408,0.00,500.00,油資,金錢,,,
269,楊進福,109年立法委員選舉,首次申報,1090105,人事費用支出,李周花,U20*******,0.00,1000.00,其他因工作酬勞之給付,金錢,花蓮縣光復鄉****,,
270,楊進福,109年立法委員選舉,首次申報,1090105,人事費用支出,武秀玉,U20*******,0.00,1000.00,其他因工作酬勞之給付,金錢,花蓮縣光復鄉****,,
271,楊進福,109年立法委員選舉,首次申報,1090105,人事費用支出,林連妹,U22*******,0.00,1000.00,其他因工作酬勞之給付,金錢,花蓮縣光復鄉****,,
272,楊進福,109年立法委員選舉,首次申報,1090106,宣傳支出,平鎮高雙郵局,17879241,0.00,34261.00,郵寄競選物品或宣傳廣告支出,金錢,桃園市平鎮區****,,
273,楊進福,109年立法委員選舉,首次申報,1090106,租用宣傳車輛支出,百鼎加油站,22575325,0.00,300.00,宣傳車輛燃料支出,金錢,,,
274,楊進福,109年立法委員選舉,首次申報,1090106,宣傳支出,永暘國際開發有限公司,84147892,0.00,25725.00,製作宣傳廣告支出-文宣,金錢,臺北市萬華區****,,
275,楊進福,109年立法委員選舉,首次申報,1090106,人事費用支出,林連妹,U22*******,0.00,1000.00,其他因工作酬勞之給付,金錢,花蓮縣光復鄉****,,
276,楊進福,109年立法委員選舉,首次申報,1090107,宣傳支出,龜山郵局,,0.00,6253.00,郵寄競選物品或宣傳廣告支出,金錢,桃園市龜山區****,,
277,楊進福,109年立法委員選舉,首次申報,1090107,宣傳支出,平鎮高雙郵局,17879241,0.00,42400.00,郵寄競選物品或宣傳廣告支出,金錢,桃園市平鎮區****,,
278,楊進福,109年立法委員選舉,首次申報,1090107,宣傳支出,東明廣告有限公司,28721401,0.00,200000.00,製作宣傳廣告支出,金錢,新北市永和區****,,
279,楊進福,109年立法委員選舉,首次申報,1090107,交通旅運支出,鼎益加油站股份有限公司,86970103,0.00,1542.00,油資,金錢,桃園市八德區****,,
280,楊進福,109年立法委員選舉,首次申報,1090108,交通旅運支出,文一加油站,,0.00,1100.00,油資,金錢,桃園市龜山區****,,
281,楊進福,109年立法委員選舉,首次申報,1090108,租用宣傳車輛支出,台灣中油,76967115,0.00,800.00,宣傳車輛燃料支出,金錢,,,
282,楊進福,109年立法委員選舉,首次申報,1090108,人事費用支出,鄭春花,U20*******,0.00,1000.00,其他因工作酬勞之給付,金錢,花蓮縣鳳林鎮****,,
283,楊進福,109年立法委員選舉,首次申報,1090108,人事費用支出,林連妹,U22*******,0.00,1000.00,其他因工作酬勞之給付,金錢,花蓮縣光復鄉****,,
284,楊進福,109年立法委員選舉,首次申報,1090109,雜支支出,辰酉記香鋪,,0.00,1300.00,雜項購置或修繕費用,金錢,桃園市龜山區****,,
285,楊進福,109年立法委員選舉,首次申報,1090109,宣傳支出,龜山郵局,,0.00,245.00,發送電信簡訊支出,金錢,桃園市龜山區****,,
286,楊進福,109年立法委員選舉,首次申報,1090109,人事費用支出,李周花,U20*******,0.00,1000.00,其他因工作酬勞之給付,金錢,花蓮縣光復鄉****,,
287,楊進福,109年立法委員選舉,首次申報,1090109,人事費用支出,鄭春花,U20*******,0.00,1000.00,其他因工作酬勞之給付,金錢,花蓮縣鳳林鎮****,,
288,楊進福,109年立法委員選舉,首次申報,1090109,人事費用支出,曾寶珠,U20*******,0.00,1000.00,其他因工作酬勞之給付,金錢,花蓮縣鳳林鎮****,,
289,楊進福,109年立法委員選舉,首次申報,1090109,人事費用支出,林連妹,U22*******,0.00,1000.00,其他因工作酬勞之給付,金錢,花蓮縣光復鄉****,,
290,楊進福,109年立法委員選舉,首次申報,1090110,雜支支出,典雅文具有限公司,,0.00,264.00,文具用品費用,金錢,桃園市龜山區****,,
291,楊進福,109年立法委員選舉,首次申報,1090110,雜支支出,中華電信股份有限公司,,0.00,256.00,電信費用,金錢,桃園市桃園區****,,
292,楊進福,109年立法委員選舉,首次申報,1090110,雜支支出,中華電信股份有限公司,,0.00,592.00,電信費用,金錢,桃園市桃園區****,,
293,楊進福,109年立法委員選舉,首次申報,1090110,雜支支出,中華電信股份有限公司,,0.00,902.00,電信費用,金錢,桃園市桃園區****,,
294,楊進福,109年立法委員選舉,首次申報,1090110,雜支支出,中華電信股份有限公司,,0.00,1630.00,電信費用,金錢,桃園市桃園區****,,
295,楊進福,109年立法委員選舉,首次申報,1090110,租用宣傳車輛支出,百鼎加油站,22575325,0.00,300.00,宣傳車輛燃料支出,金錢,,,
296,楊進福,109年立法委員選舉,首次申報,1090110,人事費用支出,鄭萬福,U12*******,0.00,90000.00,工資或薪津,金錢,花蓮縣光復鄉****,0919*****,
297,楊進福,109年立法委員選舉,首次申報,1090110,人事費用支出,李金龍,U12*******,0.00,90000.00,工資或薪津,金錢,花蓮縣光復鄉****,0982*****,
298,楊進福,109年立法委員選舉,首次申報,1090110,人事費用支出,李周花,U20*******,0.00,1000.00,其他因工作酬勞之給付,金錢,花蓮縣光復鄉****,,
299,楊進福,109年立法委員選舉,首次申報,1090110,人事費用支出,鄭春花,U20*******,0.00,1000.00,其他因工作酬勞之給付,金錢,花蓮縣鳳林鎮****,,
300,楊進福,109年立法委員選舉,首次申報,1090110,人事費用支出,曾寶珠,U20*******,0.00,1000.00,其他因工作酬勞之給付,金錢,花蓮縣鳳林鎮****,,
301,楊進福,109年立法委員選舉,首次申報,1090119,雜支支出,李杰香鋪,83881347,0.00,1200.00,雜項購置或修繕費用,金錢,桃園市龜山區****,,
302,楊進福,109年立法委員選舉,首次申報,1090126,雜支支出,台灣電力公司,,0.00,2404.00,水電瓦斯費用,金錢,桃園市桃園區****,,
303,楊進福,109年立法委員選舉,首次申報,1090131,租用競選辦事處支出,洪惠娟,,0.00,15000.00,租用競選辦事處費用,金錢,彰化縣彰化市****,,
304,楊進福,109年立法委員選舉,首次申報,1090131,租用競選辦事處支出,洪惠娟,,0.00,15000.00,租用競選辦事處費用,金錢,彰化縣彰化市****,,
305,楊進福,109年立法委員選舉,首次申報,1090131,人事費用支出,李慧縈,T22*******,0.00,60000.00,工資或薪津,金錢,桃園市龜山區****,0917*****,
306,楊進福,109年立法委員選舉,首次申報,1090131,人事費用支出,楊玉蘭,U22*******,0.00,60000.00,工資或薪津,金錢,花蓮縣光復鄉****,,
307,楊進福,109年立法委員選舉,首次申報,1090131,人事費用支出,李晴芸,V22*******,0.00,60000.00,工資或薪津,金錢,桃園市楊梅區****,0919*****,
308,楊進福,109年立法委員選舉,首次申報,1090220,返還支出,陳瑩,V22*******,0.00,100000.00,返還,金錢,臺東縣臺東市****,0921*****,
