﻿序號,擬參選人／政黨,選舉名稱,申報序號／年度,交易日期,收支科目,捐贈者／支出對象,身分證／統一編號,收入金額,支出金額,支出用途,金錢類,地址,聯絡電話,資料更正日期
1,林世立,107年鄉(鎮、市)長選舉,首次申報,1071023,宣傳支出,荳荳打字行,19975924,0.00,17600.00,製作競選物品支出（面紙）,金錢,屏東縣恆春鎮****,,
2,林世立,107年鄉(鎮、市)長選舉,首次申報,1071025,租用宣傳車輛支出,荳荳打字行,19975924,0.00,15000.00,租用宣傳車輛支出,金錢,屏東縣恆春鎮****,,
3,林世立,107年鄉(鎮、市)長選舉,首次申報,1071030,宣傳支出,荳荳打字行,19975924,0.00,10680.00,製作競選物品支出（看板）,金錢,屏東縣恆春鎮****,,
4,林世立,107年鄉(鎮、市)長選舉,首次申報,1071105,宣傳支出,荳荳打字行,19975924,0.00,1800.00,製作競選物品支出（宣傳單）,金錢,屏東縣恆春鎮****,,
5,林世立,107年鄉(鎮、市)長選舉,首次申報,1071105,雜支支出,荳荳打字行,19975924,0.00,2800.00,文具用品費用,金錢,屏東縣恆春鎮****,,
6,林世立,107年鄉(鎮、市)長選舉,首次申報,1071110,宣傳支出,荳荳打字行,19975924,0.00,6500.00,製作競選物品支出（物品名稱-競選帆布）,金錢,屏東縣恆春鎮****,,
7,林世立,107年鄉(鎮、市)長選舉,首次申報,1071115,宣傳支出,荳荳打字行,19975924,0.00,6800.00,製作競選物品支出（物品名稱-宣傳面紙包）,金錢,屏東縣恆春鎮****,,
8,林世立,107年鄉(鎮、市)長選舉,首次申報,1071123,宣傳支出,荳荳打字行,19975924,0.00,1800.00,製作競選物品支出（物品名稱-宣傳單）,金錢,屏東縣恆春鎮****,,
