﻿序號,擬參選人／政黨,選舉名稱,申報序號／年度,交易日期,收支科目,捐贈者／支出對象,身分證／統一編號,收入金額,支出金額,捐贈方式,存入專戶日期,返還/繳庫,支出用途,金錢類,地址,聯絡電話,應揭露之支出對象,支出對象之內部人員姓名,支出對象之內部人員職稱,政黨之內部人員姓名,政黨之內部人員職稱,關係,更正註記,資料更正日期
1,張庭綺,111年雲林縣議員選舉,首次申報,1110729,宣傳支出,欣生文具行,64991007,0.00,4550.00,,,,製作競選物品或宣傳廣告費用（名片、貼紙）,金錢,雲林縣斗六市****,05-5*****,否,,,,,,,
2,張庭綺,111年雲林縣議員選舉,首次申報,1110730,雜支支出,林福權,,0.00,7000.00,,,,雜項購置或修繕費用,金錢,雲林縣古坑鄉****,0985*****,否,,,,,,,
3,張庭綺,111年雲林縣議員選舉,首次申報,1110801,雜支支出,藍新科技股份有限公司,70565326,0.00,12.00,,,,發票號碼CZ,金錢,臺北市南港區****,02-2*****,否,,,,,,,
4,張庭綺,111年雲林縣議員選舉,首次申報,1110806,宣傳支出,欣生文具行,64991007,0.00,2800.00,,,,製作競選物品或宣傳廣告費用（競選總部邀請卡A雙面）,金錢,雲林縣斗六市****,05-5*****,否,,,,,,,
5,張庭綺,111年雲林縣議員選舉,首次申報,1110818,宣傳支出,欣生文具行,64991007,0.00,6300.00,,,,製作競選物品或宣傳廣告費用（菜瓜布套子、口罩紙）,金錢,雲林縣斗六市****,05-5*****,否,,,,,,,
6,張庭綺,111年雲林縣議員選舉,首次申報,1110831,租用競選辦事處支出,永裕裝璜行,76741927,0.00,5300.00,,,,裝潢競選辦事處費用,金錢,雲林縣斗六市****,0553*****,否,,,,,,,
7,張庭綺,111年雲林縣議員選舉,首次申報,1110901,租用競選辦事處支出,永裕裝璜行,76741927,0.00,5300.00,,,,裝潢競選辦事處費用,金錢,雲林縣斗六市****,0553*****,否,,,,,,,
8,張庭綺,111年雲林縣議員選舉,首次申報,1110905,租用競選辦事處支出,永裕裝璜行,76741927,0.00,5300.00,,,,裝潢競選辦事處費用,金錢,雲林縣斗六市****,0553*****,否,,,,,,,
9,張庭綺,111年雲林縣議員選舉,首次申報,1110908,雜支支出,中華郵政,,0.00,20.00,,,,給付金融機構代收付作業之手續費,金錢,雲林縣斗六市****,0552*****,否,,,,,,,
10,張庭綺,111年雲林縣議員選舉,首次申報,1110912,宣傳支出,欣生文具行,64991007,0.00,2400.00,,,,製作競選物品或宣傳廣告費用（口罩紙）,金錢,雲林縣斗六市****,05-5*****,否,,,,,,,
11,張庭綺,111年雲林縣議員選舉,首次申報,1110914,宣傳支出,聯進廣告社,45689643,0.00,60000.00,,,,選舉立旗組,金錢,雲林縣斗南鎮****,0559*****,否,,,,,,,
12,張庭綺,111年雲林縣議員選舉,首次申報,1110918,集會支出,藍天專業燈光音響,20041887,0.00,57750.00,,,,租用設備費用,金錢,雲林縣林內鄉****,5324*****,否,,,,,,,
13,張庭綺,111年雲林縣議員選舉,首次申報,1110918,交通旅運支出,永宜遊覽汽車有限公司,84707727,0.00,25000.00,,,,其他與交通旅運有關之費用,金錢,雲林縣斗六市****,05-5*****,否,,,,,,,
14,張庭綺,111年雲林縣議員選舉,首次申報,1110919,雜支支出,中華郵政,,0.00,80.00,,,,給付金融機構代收付作業之手續費,金錢,雲林縣斗六市****,0552*****,否,,,,,,,
15,張庭綺,111年雲林縣議員選舉,首次申報,1110919,宣傳支出,愛無限音樂工作室,72417717,0.00,11000.00,,,,演講或表演費用,金錢,雲林縣麥寮鄉****,0952*****,否,,,,,,,
16,張庭綺,111年雲林縣議員選舉,首次申報,1110920,雜支支出,中華郵政,,0.00,60.00,,,,給付金融機構代收付作業之手續費,金錢,雲林縣斗六市****,0552*****,否,,,,,,,
17,張庭綺,111年雲林縣議員選舉,首次申報,1110927,宣傳支出,欣生文具行,64991007,0.00,2400.00,,,,製作競選物品或宣傳廣告費用（口罩紙*）,金錢,雲林縣斗六市****,05-5*****,否,,,,,,,
18,張庭綺,111年雲林縣議員選舉,首次申報,1110929,雜支支出,中華郵政,,0.00,20.00,,,,給付金融機構代收付作業之手續費,金錢,雲林縣斗六市****,0552*****,否,,,,,,,
19,張庭綺,111年雲林縣議員選舉,首次申報,1110929,宣傳支出,欣生文具行,64991007,0.00,900.00,,,,製作競選物品或宣傳廣告費用（邀請卡）,金錢,雲林縣斗六市****,05-5*****,否,,,,,,,
20,張庭綺,111年雲林縣議員選舉,首次申報,1110929,宣傳支出,欣生文具行,64991007,0.00,2220.00,,,,製作競選物品或宣傳廣告費用（手舉牌上膜加棍子）,金錢,雲林縣斗六市****,05-5*****,否,,,,,,,
21,張庭綺,111年雲林縣議員選舉,首次申報,1110930,宣傳支出,遠播企業社,72402762,0.00,3500.00,,,,演講或表演費用,金錢,雲林縣斗六市****,05-5*****,否,,,,,,,
22,張庭綺,111年雲林縣議員選舉,首次申報,1110930,宣傳支出,遠播企業社,72402762,0.00,2000.00,,,,演講或表演費用,金錢,雲林縣斗六市****,05-5*****,否,,,,,,,
23,張庭綺,111年雲林縣議員選舉,首次申報,1111006,雜支支出,中華郵政,,0.00,20.00,,,,給付金融機構代收付作業之手續費,金錢,雲林縣斗六市****,0552*****,否,,,,,,,
24,張庭綺,111年雲林縣議員選舉,首次申報,1111006,宣傳支出,欣生文具行,64991007,0.00,26400.00,,,,製作競選物品或宣傳廣告費用（A文宣、口罩紙文宣）,金錢,雲林縣斗六市****,05-5*****,否,,,,,,,
25,張庭綺,111年雲林縣議員選舉,首次申報,1111008,宣傳支出,欣生文具行,64991007,0.00,4700.00,,,,製作競選物品或宣傳廣告費用（斗南文宣品、名片）,金錢,雲林縣斗六市****,05-5*****,否,,,,,,,
26,張庭綺,111年雲林縣議員選舉,首次申報,1111012,宣傳支出,欣生文具行,64991007,0.00,900.00,,,,製作競選物品或宣傳廣告費用（名片）,金錢,雲林縣斗六市****,05-5*****,否,,,,,,,
27,張庭綺,111年雲林縣議員選舉,首次申報,1111016,宣傳支出,欣生文具行,64991007,0.00,7400.00,,,,製作競選物品或宣傳廣告費用（A文宣、超黏貼紙）,金錢,雲林縣斗六市****,05-5*****,否,,,,,,,
28,張庭綺,111年雲林縣議員選舉,首次申報,1111018,宣傳支出,欣生文具行,64991007,0.00,11100.00,,,,製作競選物品或宣傳廣告費用（號碼貼紙、名片、口罩宣傳紙）,金錢,雲林縣斗六市****,05-5*****,否,,,,,,,
29,張庭綺,111年雲林縣議員選舉,首次申報,1111019,雜支支出,藍新科技股份有限公司,70565326,0.00,23.00,,,,手續費,金錢,臺北市南港區****,02-2*****,否,,,,,,,
30,張庭綺,111年雲林縣議員選舉,首次申報,1111026,宣傳支出,欣生文具行,64991007,0.00,2900.00,,,,製作競選物品或宣傳廣告費用（名片、口罩紙文宣）,金錢,雲林縣斗六市****,05-5*****,否,,,,,,,
31,張庭綺,111年雲林縣議員選舉,首次申報,1111028,雜支支出,中華郵政,,0.00,20.00,,,,給付金融機構代收付作業之手續費,金錢,雲林縣斗六市****,0552*****,否,,,,,,,
32,張庭綺,111年雲林縣議員選舉,首次申報,1111031,雜支支出,中華郵政,,0.00,20.00,,,,給付金融機構代收付作業之手續費,金錢,雲林縣斗六市****,0552*****,否,,,,,,,
33,張庭綺,111年雲林縣議員選舉,首次申報,1111031,租用宣傳車輛支出,鄭順,72405803,0.00,90000.00,,,,租用宣傳車輛費用,金錢,雲林縣斗南鎮****,0910*****,否,,,,,,,
34,張庭綺,111年雲林縣議員選舉,首次申報,1111108,宣傳支出,欣生文具行,64991007,0.00,2600.00,,,,製作競選物品或宣傳廣告費用（名片）,金錢,雲林縣斗六市****,05-5*****,否,,,,,,,
35,張庭綺,111年雲林縣議員選舉,首次申報,1111115,雜支支出,中華郵政,,0.00,20.00,,,,給付金融機構代收付作業之手續費,金錢,雲林縣斗六市****,0552*****,否,,,,,,,
36,張庭綺,111年雲林縣議員選舉,首次申報,1111118,雜支支出,中華郵政,,0.00,20.00,,,,給付金融機構代收付作業之手續費,金錢,雲林縣斗六市****,0552*****,否,,,,,,,
37,張庭綺,111年雲林縣議員選舉,首次申報,1111122,雜支支出,中華郵政,,0.00,20.00,,,,給付金融機構代收付作業之手續費,金錢,雲林縣斗六市****,0552*****,否,,,,,,,
38,張庭綺,111年雲林縣議員選舉,首次申報,1111122,宣傳支出,欣生文具行,64991007,0.00,1200.00,,,,製作競選物品或宣傳廣告費用（口罩文宣紙）,金錢,雲林縣斗六市****,05-5*****,否,,,,,,,
39,張庭綺,111年雲林縣議員選舉,首次申報,1111123,宣傳支出,黃盛聰,92824092,0.00,103203.00,,,,租用廣告看板或車體廣告費用,金錢,雲林縣斗六青****,05-5*****,否,,,,,,,
40,張庭綺,111年雲林縣議員選舉,首次申報,1111125,租用宣傳車輛支出,鄭順,72405803,0.00,90000.00,,,,雇用宣傳車輛駕駛費用,金錢,雲林縣斗南鎮****,0910*****,否,,,,,,,
