﻿序號,擬參選人／政黨,選舉名稱,申報序號／年度,交易日期,收支科目,捐贈者／支出對象,身分證／統一編號,收入金額,支出金額,支出用途,金錢類,地址,聯絡電話,資料更正日期
1,侯務葵,107年村(里)長選舉,首次申報,1070827,雜支支出,北投區公所,29901508,0.00,50000.00,里長選舉保證金費,金錢,臺北市北投區****,,
2,侯務葵,107年村(里)長選舉,首次申報,1070903,宣傳支出,周俊雄,81751234,0.00,60.00,影印費,金錢,臺北市北投區****,,
3,侯務葵,107年村(里)長選舉,首次申報,1070904,宣傳支出,鍾采湘,29247903,0.00,5400.00,播送、傳送或刊登宣傳廣告支出,金錢,新竹縣寶山鄉****,,
4,侯務葵,107年村(里)長選舉,首次申報,1071024,宣傳支出,鍾采湘,29247903,0.00,3680.00,DM、海報、布條,金錢,新竹縣寶山鄉****,,
5,侯務葵,107年村(里)長選舉,首次申報,1071108,宣傳支出,鍾采湘,29247903,0.00,4170.00,展架、海報拉版、海報、DM,金錢,新竹縣寶山鄉****,,
6,侯務葵,107年村(里)長選舉,首次申報,1071113,宣傳支出,鍾采湘,29247903,0.00,1200.00,大圖布條,金錢,新竹縣寶山鄉****,,
7,侯務葵,107年村(里)長選舉,首次申報,1071122,宣傳支出,周俊雄,81751234,0.00,980.00,播送、傳送或刊登宣傳廣告支出,金錢,臺北市北投區****,,
8,侯務葵,107年村(里)長選舉,首次申報,1071213,雜支支出,儲蓄業務工本費,,0.00,50.00,儲蓄業務工本費,金錢,臺北市北投區****,,
9,侯務葵,107年村(里)長選舉,首次申報,1071214,雜支支出,劃撥手續費,,0.00,40.00,劃撥手續費,金錢,臺北市北投區****,,
