﻿序號,擬參選人／政黨,選舉名稱,申報序號／年度,交易日期,收支科目,捐贈者／支出對象,身分證／統一編號,收入金額,支出金額,捐贈方式,存入專戶日期,返還/繳庫,支出用途,金錢類,地址,聯絡電話,應揭露之支出對象,支出對象之內部人員姓名,支出對象之內部人員職稱,政黨之內部人員姓名,政黨之內部人員職稱,關係,更正註記,資料更正日期
1,鍾沛君,111年臺北市議員選舉,首次申報,1110610,營利事業捐贈收入,樸群廣告股份有限公司,28676047,500000.00,0.00,匯款,1110610,,,金錢,臺北市內湖區****,,,,,,,,,
2,鍾沛君,111年臺北市議員選舉,首次申報,1110613,個人捐贈收入,陳惠周,M12*******,10000.00,0.00,現金,1110613,,,金錢,新北市永和區****,0936*****,,,,,,,,
3,鍾沛君,111年臺北市議員選舉,首次申報,1110613,個人捐贈收入,陳惠周,M12*******,10000.00,0.00,現金,1110613,,,金錢,新北市永和區****,0936*****,,,,,,,,
4,鍾沛君,111年臺北市議員選舉,首次申報,1110621,其他收入,利息收入,,2.00,0.00,現金,1110621,,,金錢,,,,,,,,,,
5,鍾沛君,111年臺北市議員選舉,首次申報,1110706,個人捐贈收入,姚成璋,A12*******,100000.00,0.00,匯款,1110706,,,金錢,臺北市中山區****,02-2*****,,,,,,,,
6,鍾沛君,111年臺北市議員選舉,首次申報,1110706,個人捐贈收入,何淑惠,A22*******,100000.00,0.00,匯款,1110706,,,金錢,臺北市中山區****,02-2*****,,,,,,,,
7,鍾沛君,111年臺北市議員選舉,首次申報,1110715,營利事業捐贈收入,金駿營造股份有限公司,54003659,200000.00,0.00,匯款,1110715,,,金錢,臺北市中山區****,07-5*****,,,,,,,,
8,鍾沛君,111年臺北市議員選舉,首次申報,1110718,個人捐贈收入,張峰齊,A12*******,4000.00,0.00,匯款,1110718,,,金錢,臺北市文山區****,0972*****,,,,,,,,
9,鍾沛君,111年臺北市議員選舉,首次申報,1110721,營利事業捐贈收入,聚富投資公司,28694489,50000.00,0.00,匯款,1110721,,,金錢,臺北市松山區****,0928*****,,,,,,,,
10,鍾沛君,111年臺北市議員選舉,首次申報,1110721,個人捐贈收入,葉佳行,A12*******,10000.00,0.00,匯款,1110727,,,金錢,臺北市文山區****,0935*****,,,,,,,,
11,鍾沛君,111年臺北市議員選舉,首次申報,1110721,個人捐贈收入,張天臻,K12*******,500.00,0.00,現金,1110727,,,金錢,臺北市松山區****,0227*****,,,,,,,,
12,鍾沛君,111年臺北市議員選舉,首次申報,1110722,個人捐贈收入,吳明芳,S10*******,1000.00,0.00,現金,1110722,,,金錢,臺北市大安區****,0937*****,,,,,,,,
13,鍾沛君,111年臺北市議員選舉,首次申報,1110722,個人捐贈收入,吳基芳,S10*******,1000.00,0.00,現金,1110722,,,金錢,臺北市中山區****,0937*****,,,,,,,,
14,鍾沛君,111年臺北市議員選舉,首次申報,1110723,個人捐贈收入,陳孟宏,A12*******,500.00,0.00,匯款,1110729,,,金錢,新北市中和區****,0988*****,,,,,,,,
15,鍾沛君,111年臺北市議員選舉,首次申報,1110723,個人捐贈收入,鄧運鈞,A12*******,1000.00,0.00,匯款,1110729,,,金錢,臺北市大安區****,0917*****,,,,,,,,
16,鍾沛君,111年臺北市議員選舉,首次申報,1110723,個人捐贈收入,曾呂芷妤,F22*******,200.00,0.00,匯款,1110729,,,金錢,新北市土城區****,0928*****,,,,,,,,
17,鍾沛君,111年臺北市議員選舉,首次申報,1110723,個人捐贈收入,李家宏,M12*******,1000.00,0.00,現金,1110729,,,金錢,南投縣草屯鎮****,0916*****,,,,,,,,
18,鍾沛君,111年臺北市議員選舉,首次申報,1110724,營利事業捐贈收入,兩喜號,81706983,20000.00,0.00,匯款,1110801,,,金錢,臺北市萬華區****,0955*****,,,,,,,,
19,鍾沛君,111年臺北市議員選舉,首次申報,1110724,個人捐贈收入,裘尚立,A10*******,1000.00,0.00,匯款,1110801,,,金錢,新北市新店區****,0939*****,,,,,,,,
20,鍾沛君,111年臺北市議員選舉,首次申報,1110728,個人捐贈收入,張鈞量,E12*******,50000.00,0.00,匯款,1110803,,,金錢,高雄市新興區****,0905*****,,,,,,,,
21,鍾沛君,111年臺北市議員選舉,首次申報,1110801,營利事業捐贈收入,盛弘醫藥股份有限公司,80563852,100000.00,0.00,匯款,1110801,已返還,,金錢,桃園市桃園區****,03-3*****,,,,,,,,
22,鍾沛君,111年臺北市議員選舉,首次申報,1110802,營利事業捐贈收入,裕鋐投資股份有限公司,80331782,300000.00,0.00,票據,1110805,,,金錢,臺北市中山區****,2834*****,,,,,,,,
23,鍾沛君,111年臺北市議員選舉,首次申報,1110802,個人捐贈收入,王甯,A22*******,100000.00,0.00,現金,1110802,,,金錢,桃園市蘆竹區****,0939*****,,,,,,,,
24,鍾沛君,111年臺北市議員選舉,首次申報,1110802,個人捐贈收入,簡子秦,D22*******,100000.00,0.00,現金,1110802,,,金錢,新北市三重區****,0935*****,,,,,,,,
25,鍾沛君,111年臺北市議員選舉,首次申報,1110802,個人捐贈收入,杜玫蓁,K22*******,100000.00,0.00,現金,1110802,,,金錢,臺北市內湖區****,0939*****,,,,,,,,
26,鍾沛君,111年臺北市議員選舉,首次申報,1110802,個人捐贈收入,李敏雄,Q10*******,100000.00,0.00,現金,1110802,,,金錢,臺北市文山區****,0952*****,,,,,,,,
27,鍾沛君,111年臺北市議員選舉,首次申報,1110805,個人捐贈收入,黃致遠,R12*******,2000.00,0.00,匯款,1110811,,,金錢,臺南市歸仁區****,0921*****,,,,,,,,
28,鍾沛君,111年臺北市議員選舉,首次申報,1110807,匿名捐贈,匿名,,1000.00,0.00,匯款,1110815,,,金錢,,,,,,,,,,
29,鍾沛君,111年臺北市議員選舉,首次申報,1110807,個人捐贈收入,袁大立,A12*******,1000.00,0.00,現金,1110815,,,金錢,臺北市大安區****,0910*****,,,,,,,,
30,鍾沛君,111年臺北市議員選舉,首次申報,1110807,個人捐贈收入,莊宗尹,F12*******,3000.00,0.00,匯款,1110815,,,金錢,臺北市大安區****,0937*****,,,,,,,,
31,鍾沛君,111年臺北市議員選舉,首次申報,1110807,個人捐贈收入,陳栩淵,F13*******,2000.00,0.00,匯款,1110815,,,金錢,臺北市大安區****,0918*****,,,,,,,,
32,鍾沛君,111年臺北市議員選舉,首次申報,1110807,個人捐贈收入,謝靄玲,J22*******,1000.00,0.00,匯款,1110815,,,金錢,臺北市南港區****,0939*****,,,,,,,,
33,鍾沛君,111年臺北市議員選舉,首次申報,1110807,個人捐贈收入,劉士毅,K12*******,2000.00,0.00,匯款,1110815,,,金錢,高雄市苓雅區****,0932*****,,,,,,,,
34,鍾沛君,111年臺北市議員選舉,首次申報,1110807,個人捐贈收入,詹榮宏,P12*******,2000.00,0.00,匯款,1110815,,,金錢,新北市三重區****,0921*****,,,,,,,,
35,鍾沛君,111年臺北市議員選舉,首次申報,1110807,個人捐贈收入,陳永昌,S12*******,5000.00,0.00,匯款,1110815,,,金錢,新竹縣竹北市****,0939*****,,,,,,,,
36,鍾沛君,111年臺北市議員選舉,首次申報,1110807,個人捐贈收入,陳儆恩,U12*******,1500.00,0.00,匯款,1110815,,,金錢,花蓮縣花蓮市****,0968*****,,,,,,,,
37,鍾沛君,111年臺北市議員選舉,首次申報,1110808,匿名捐贈,匿名,,1500.00,0.00,匯款,1110808,,,金錢,,,,,,,,,,
38,鍾沛君,111年臺北市議員選舉,首次申報,1110808,匿名捐贈,匿名,,1000.00,0.00,匯款,1110815,,,金錢,,,,,,,,,,
39,鍾沛君,111年臺北市議員選舉,首次申報,1110808,個人捐贈收入,陳冠鴻,A12*******,1000.00,0.00,匯款,1110815,,,金錢,新北市三重區****,0930*****,,,,,,,,
40,鍾沛君,111年臺北市議員選舉,首次申報,1110808,個人捐贈收入,于季宏,A12*******,5000.00,0.00,匯款,1110815,,,金錢,臺北市文山區****,0958*****,,,,,,,,
41,鍾沛君,111年臺北市議員選舉,首次申報,1110808,個人捐贈收入,林華誠,A12*******,1000.00,0.00,匯款,1110815,,,金錢,臺北市文山區****,0933*****,,,,,,,,
42,鍾沛君,111年臺北市議員選舉,首次申報,1110808,個人捐贈收入,楊祖芬,A20*******,2000.00,0.00,現金,1110808,,,金錢,桃園市桃園區****,,,,,,,,,
43,鍾沛君,111年臺北市議員選舉,首次申報,1110808,個人捐贈收入,陳嘉文,A21*******,10000.00,0.00,匯款,1110808,,,金錢,臺北市文山區****,0983*****,,,,,,,,
44,鍾沛君,111年臺北市議員選舉,首次申報,1110808,個人捐贈收入,黃子雯,A22*******,3000.00,0.00,匯款,1110815,,,金錢,臺北市中山區****,0933*****,,,,,,,,
45,鍾沛君,111年臺北市議員選舉,首次申報,1110808,個人捐贈收入,宋以芳,A22*******,2000.00,0.00,匯款,1110815,,,金錢,臺北市松山區****,0921*****,,,,,,,,
46,鍾沛君,111年臺北市議員選舉,首次申報,1110808,個人捐贈收入,羅玉珠,A22*******,500.00,0.00,匯款,1110815,,,金錢,臺北市文山區****,0922*****,,,,,,,,
47,鍾沛君,111年臺北市議員選舉,首次申報,1110808,個人捐贈收入,周追燕,A29*******,30000.00,0.00,匯款,1110808,,,金錢,臺北市中山區****,0988*****,,,,,,,,
48,鍾沛君,111年臺北市議員選舉,首次申報,1110808,個人捐贈收入,甘獻基,B12*******,1800.00,0.00,匯款,1110815,,,金錢,臺中市南區仁****,0933*****,,,,,,,,
49,鍾沛君,111年臺北市議員選舉,首次申報,1110808,個人捐贈收入,洪仕恁,B12*******,10000.00,0.00,匯款,1110815,,,金錢,臺北市大安區****,0955*****,,,,,,,,
50,鍾沛君,111年臺北市議員選舉,首次申報,1110808,個人捐贈收入,于子甯,C22*******,20000.00,0.00,匯款,1110815,,,金錢,臺北市松山區****,0952*****,,,,,,,,
51,鍾沛君,111年臺北市議員選舉,首次申報,1110808,個人捐贈收入,鍾霈瑩,C22*******,1500.00,0.00,匯款,1110815,,,金錢,澎湖縣七美鄉****,0932*****,,,,,,,,
52,鍾沛君,111年臺北市議員選舉,首次申報,1110808,個人捐贈收入,黃錫洸,E10*******,200.00,0.00,匯款,1110815,,,金錢,臺北市大安區****,0921*****,,,,,,,,
53,鍾沛君,111年臺北市議員選舉,首次申報,1110808,個人捐贈收入,陳浦淮,E12*******,2000.00,0.00,匯款,1110815,,,金錢,桃園市龍潭區****,0926*****,,,,,,,,
54,鍾沛君,111年臺北市議員選舉,首次申報,1110808,個人捐贈收入,周永濤,F12*******,50000.00,0.00,匯款,1110815,,,金錢,臺北市大安區****,0937*****,,,,,,,,
55,鍾沛君,111年臺北市議員選舉,首次申報,1110808,個人捐贈收入,周佑,F12*******,1500.00,0.00,匯款,1110808,,,金錢,臺北市大安區****,0921*****,,,,,,,,
56,鍾沛君,111年臺北市議員選舉,首次申報,1110808,個人捐贈收入,陳榆涵,F22*******,2000.00,0.00,匯款,1110815,,,金錢,臺北市中山區****,0918*****,,,,,,,,
57,鍾沛君,111年臺北市議員選舉,首次申報,1110808,個人捐贈收入,江之青,G12*******,1680.00,0.00,匯款,1110815,,,金錢,宜蘭縣五結鄉****,0916*****,,,,,,,,
58,鍾沛君,111年臺北市議員選舉,首次申報,1110808,個人捐贈收入,古進興,K12*******,2000.00,0.00,匯款,1110815,,,金錢,臺北市文山區****,0911*****,,,,,,,,
59,鍾沛君,111年臺北市議員選舉,首次申報,1110808,個人捐贈收入,王朝生,L12*******,1500.00,0.00,匯款,1110815,,,金錢,臺中市沙鹿區****,0937*****,,,,,,,,
60,鍾沛君,111年臺北市議員選舉,首次申報,1110808,個人捐贈收入,楊建中,L12*******,1500.00,0.00,匯款,1110815,,,金錢,臺北市文山區****,0936*****,,,,,,,,
61,鍾沛君,111年臺北市議員選舉,首次申報,1110808,個人捐贈收入,林靜媚,P22*******,1000.00,0.00,匯款,1110815,,,金錢,雲林縣莿桐鄉****,0910*****,,,,,,,,
62,鍾沛君,111年臺北市議員選舉,首次申報,1110808,個人捐贈收入,凃郁琳,S22*******,10000.00,0.00,匯款,1110815,,,金錢,高雄市新興區****,0920*****,,,,,,,,
63,鍾沛君,111年臺北市議員選舉,首次申報,1110808,個人捐贈收入,陳邦弘,T12*******,1000.00,0.00,匯款,1110815,,,金錢,臺北市文山區****,0939*****,,,,,,,,
64,鍾沛君,111年臺北市議員選舉,首次申報,1110808,個人捐贈收入,林中一,U12*******,2000.00,0.00,匯款,1110815,,,金錢,臺北市中山區****,0932*****,,,,,,,,
65,鍾沛君,111年臺北市議員選舉,首次申報,1110808,個人捐贈收入,許啟文,X12*******,1500.00,0.00,匯款,1110815,,,金錢,澎湖縣七美鄉****,0912*****,,,,,,,,
66,鍾沛君,111年臺北市議員選舉,首次申報,1110809,匿名捐贈,王仲魯,,1500.00,0.00,匯款,1110809,,,金錢,,,,,,,,,,
67,鍾沛君,111年臺北市議員選舉,首次申報,1110809,匿名捐贈,匿名,,1500.00,0.00,匯款,1110809,,,金錢,,,,,,,,,,
68,鍾沛君,111年臺北市議員選舉,首次申報,1110809,個人捐贈收入,李金桂,C22*******,1000.00,0.00,現金,1110809,,,金錢,新北市新店區****,0912*****,,,,,,,,
69,鍾沛君,111年臺北市議員選舉,首次申報,1110809,個人捐贈收入,顧正道,F12*******,1000.00,0.00,匯款,1110815,,,金錢,臺北市文山區****,0935*****,,,,,,,,
70,鍾沛君,111年臺北市議員選舉,首次申報,1110809,個人捐贈收入,林南廷,G12*******,3000.00,0.00,匯款,1110816,,,金錢,臺北市文山區****,0935*****,,,,,,,,
71,鍾沛君,111年臺北市議員選舉,首次申報,1110809,個人捐贈收入,蘇怡仁,L12*******,1000.00,0.00,匯款,1110815,,,金錢,臺北市內湖區****,0930*****,,,,,,,,
72,鍾沛君,111年臺北市議員選舉,首次申報,1110809,個人捐贈收入,黃政蓉,P10*******,10000.00,0.00,現金,1110809,,,金錢,新北市新莊區****,0937*****,,,,,,,,
73,鍾沛君,111年臺北市議員選舉,首次申報,1110810,個人捐贈收入,周麗雪,,1200.00,0.00,匯款,1110810,,,金錢,,0980*****,,,,,,,,
74,鍾沛君,111年臺北市議員選舉,首次申報,1110810,個人捐贈收入,戴嘉良,A12*******,2000.00,0.00,匯款,1110810,,,金錢,臺北市中山區****,0952*****,,,,,,,,
75,鍾沛君,111年臺北市議員選舉,首次申報,1110810,個人捐贈收入,錢淑婉,A20*******,2000.00,0.00,匯款,1110817,,,金錢,臺北市大安區****,0933*****,,,,,,,,
76,鍾沛君,111年臺北市議員選舉,首次申報,1110810,個人捐贈收入,陳浦淮,E12*******,3600.00,0.00,匯款,1110816,,,金錢,桃園市龍潭區****,0926*****,,,,,,,,
77,鍾沛君,111年臺北市議員選舉,首次申報,1110810,個人捐贈收入,徐嘉鈞,K12*******,1000.00,0.00,匯款,1110817,,,金錢,苗栗縣大湖鄉****,0971*****,,,,,,,,
78,鍾沛君,111年臺北市議員選舉,首次申報,1110810,個人捐贈收入,許博堯,N12*******,200.00,0.00,匯款,1110816,,,金錢,彰化縣二林鎮****,0922*****,,,,,,,,
79,鍾沛君,111年臺北市議員選舉,首次申報,1110811,匿名捐贈,匿名,,500.00,0.00,匯款,1110817,,,金錢,,,,,,,,,,
80,鍾沛君,111年臺北市議員選舉,首次申報,1110811,個人捐贈收入,孟志福,A10*******,10000.00,0.00,匯款,1110817,,,金錢,臺北市松山區****,0287*****,,,,,,,,
81,鍾沛君,111年臺北市議員選舉,首次申報,1110811,個人捐贈收入,陳瑛宜,B20*******,1500.00,0.00,匯款,1110811,,,金錢,臺北市大安區****,0918*****,,,,,,,,
82,鍾沛君,111年臺北市議員選舉,首次申報,1110811,個人捐贈收入,許茂鎕,F10*******,2000.00,0.00,現金,1110811,,,金錢,臺北市松山區****,0930*****,,,,,,,,
83,鍾沛君,111年臺北市議員選舉,首次申報,1110811,個人捐贈收入,徐復春,H10*******,6000.00,0.00,現金,1110811,,,金錢,臺北市大安區****,0975*****,,,,,,,,
84,鍾沛君,111年臺北市議員選舉,首次申報,1110812,個人捐贈收入,倪蓉,,1500.00,0.00,現金,1110812,,,金錢,臺北市大安區****,0928*****,,,,,,,,
85,鍾沛君,111年臺北市議員選舉,首次申報,1110812,個人捐贈收入,陳富雄,A10*******,6000.00,0.00,現金,1110812,,,金錢,臺北市大安區****,0922*****,,,,,,,,
86,鍾沛君,111年臺北市議員選舉,首次申報,1110812,個人捐贈收入,黃元杰,A12*******,1500.00,0.00,匯款,1110819,,,金錢,新北市淡水區****,0972*****,,,,,,,,
87,鍾沛君,111年臺北市議員選舉,首次申報,1110812,個人捐贈收入,曾詠婷,A22*******,1500.00,0.00,匯款,1110818,,,金錢,臺北市大安區****,0936*****,,,,,,,,
88,鍾沛君,111年臺北市議員選舉,首次申報,1110812,個人捐贈收入,孫嘉琪,F12*******,1500.00,0.00,匯款,1110812,,,金錢,新北市中和區****,0919*****,,,,,,,,
89,鍾沛君,111年臺北市議員選舉,首次申報,1110812,個人捐贈收入,吳文治,F12*******,10000.00,0.00,匯款,1110812,,,金錢,臺北市信義區****,0933*****,,,,,,,,
90,鍾沛君,111年臺北市議員選舉,首次申報,1110812,個人捐贈收入,羅耀傑,Y12*******,5000.00,0.00,匯款,1110818,,,金錢,新北市板橋區****,0936*****,,,,,,,,
91,鍾沛君,111年臺北市議員選舉,首次申報,1110814,匿名捐贈,匿名,,1500.00,0.00,匯款,1110822,,,金錢,,,,,,,,,,
92,鍾沛君,111年臺北市議員選舉,首次申報,1110814,個人捐贈收入,袁治平,F12*******,1500.00,0.00,匯款,1110822,,,金錢,臺北市大安區****,0988*****,,,,,,,,
93,鍾沛君,111年臺北市議員選舉,首次申報,1110815,個人捐贈收入,盧秀婷,A22*******,20000.00,0.00,現金,1110815,,,金錢,臺北市中山區****,0910*****,,,,,,,,
94,鍾沛君,111年臺北市議員選舉,首次申報,1110815,個人捐贈收入,黃簡捷,H12*******,2000.00,0.00,現金,1110815,,,金錢,桃園市大溪區****,0910*****,,,,,,,,
95,鍾沛君,111年臺北市議員選舉,首次申報,1110815,個人捐贈收入,江李紅綢,P20*******,3000.00,0.00,現金,1110815,,,金錢,桃園市大溪區****,0937*****,,,,,,,,
96,鍾沛君,111年臺北市議員選舉,首次申報,1110816,匿名捐贈,匿名,,500.00,0.00,現金,1110822,,,金錢,,,,,,,,,,
97,鍾沛君,111年臺北市議員選舉,首次申報,1110816,個人捐贈收入,鄭秀梅,E22*******,10000.00,0.00,匯款,1110816,,,金錢,高雄市旗山區****,0956*****,,,,,,,,
98,鍾沛君,111年臺北市議員選舉,首次申報,1110816,個人捐贈收入,王雲霞,F22*******,10000.00,0.00,匯款,1110821,,,金錢,新北市林口區****,0933*****,,,,,,,,
99,鍾沛君,111年臺北市議員選舉,首次申報,1110816,個人捐贈收入,饒煥美,K12*******,5000.00,0.00,匯款,1110822,,,金錢,苗栗縣三灣鄉****,0986*****,,,,,,,,
100,鍾沛君,111年臺北市議員選舉,首次申報,1110817,個人捐贈收入,乜薇芝,A20*******,2000.00,0.00,匯款,1110817,,,金錢,臺北市文山區****,0963*****,,,,,,,,
101,鍾沛君,111年臺北市議員選舉,首次申報,1110818,營利事業捐贈收入,敏成健康科技股份有限公司,23883150,100000.00,0.00,匯款,1110818,,,金錢,桃園市中壢區****,03-4*****,,,,,,,,
102,鍾沛君,111年臺北市議員選舉,首次申報,1110818,個人捐贈收入,唐傳宗,A12*******,3000.00,0.00,匯款,1110824,,,金錢,臺北市文山區****,0936*****,,,,,,,,
103,鍾沛君,111年臺北市議員選舉,首次申報,1110819,個人捐贈收入,李卓勳,E12*******,3000.00,0.00,匯款,1110826,,,金錢,臺北市大安區****,0912*****,,,,,,,,
104,鍾沛君,111年臺北市議員選舉,首次申報,1110820,個人捐贈收入,于文憲,A10*******,2000.00,0.00,匯款,1110826,,,金錢,臺北市松山區****,0910*****,,,,,,,,
105,鍾沛君,111年臺北市議員選舉,首次申報,1110820,個人捐贈收入,吳國華,A10*******,5000.00,0.00,匯款,1110829,,,金錢,新北市瑞芳工****,,,,,,,,,
106,鍾沛君,111年臺北市議員選舉,首次申報,1110820,個人捐贈收入,蔡昆霖,A12*******,200.00,0.00,匯款,1110826,,,金錢,臺北市內湖區****,0921*****,,,,,,,,
107,鍾沛君,111年臺北市議員選舉,首次申報,1110820,個人捐贈收入,徐祖順,A12*******,2000.00,0.00,匯款,1110829,,,金錢,桃園市桃園區****,0919*****,,,,,,,,
108,鍾沛君,111年臺北市議員選舉,首次申報,1110820,個人捐贈收入,賴郁晴,H22*******,1600.00,0.00,匯款,1110826,,,金錢,桃園市楊梅區****,0989*****,,,,,,,,
109,鍾沛君,111年臺北市議員選舉,首次申報,1110821,匿名捐贈,匿名,,1500.00,0.00,匯款,1110821,,,金錢,,,,,,,,,,
110,鍾沛君,111年臺北市議員選舉,首次申報,1110821,個人捐贈收入,袁金愷,F12*******,5000.00,0.00,匯款,1110829,,,金錢,臺北市文山區****,0958*****,,,,,,,,
111,鍾沛君,111年臺北市議員選舉,首次申報,1110822,個人捐贈收入,李光宇,A12*******,100000.00,0.00,,,,,非金錢,臺北市大同區****,0917*****,,,,,,,,
112,鍾沛君,111年臺北市議員選舉,首次申報,1110823,匿名捐贈,匿名,,900.00,0.00,匯款,1110823,,,金錢,,,,,,,,,,
113,鍾沛君,111年臺北市議員選舉,首次申報,1110824,個人捐贈收入,游晴惠,F22*******,80000.00,0.00,匯款,1110829,,,金錢,臺北市大安區****,0227*****,,,,,,,,
114,鍾沛君,111年臺北市議員選舉,首次申報,1110824,個人捐贈收入,周沛倫,G22*******,1000.00,0.00,匯款,1110824,,,金錢,臺北市文山區****,0960*****,,,,,,,,
115,鍾沛君,111年臺北市議員選舉,首次申報,1110825,個人捐贈收入,孟志福,A10*******,10000.00,0.00,匯款,1110831,,,金錢,臺北市松山區****,0287*****,,,,,,,,
116,鍾沛君,111年臺北市議員選舉,首次申報,1110826,匿名捐贈,匿名,,500.00,0.00,匯款,1110901,,,金錢,,,,,,,,,,
117,鍾沛君,111年臺北市議員選舉,首次申報,1110826,匿名捐贈,匿名,,500.00,0.00,匯款,1110901,,,金錢,,,,,,,,,,
118,鍾沛君,111年臺北市議員選舉,首次申報,1110829,個人捐贈收入,俞瀛琁,A12*******,5000.00,0.00,匯款,1110905,,,金錢,臺北市中正區****,,,,,,,,,
119,鍾沛君,111年臺北市議員選舉,首次申報,1110830,營利事業捐贈收入,甌堡國際商業股份有限公司,86717215,360000.00,0.00,,,已返還,,非金錢,臺北市大安區****,02 2*****,,,,,,,,
120,鍾沛君,111年臺北市議員選舉,首次申報,1110830,個人捐贈收入,臣忠振,K12*******,2000.00,0.00,匯款,1110905,,,金錢,苗栗縣竹南鎮****,0917*****,,,,,,,,
121,鍾沛君,111年臺北市議員選舉,首次申報,1110830,個人捐贈收入,曾元生,M12*******,10000.00,0.00,匯款,1110905,,,金錢,臺北市內湖區****,0981*****,,,,,,,,
122,鍾沛君,111年臺北市議員選舉,首次申報,1110901,個人捐贈收入,盧永源,A11*******,1000.00,0.00,匯款,1110907,,,金錢,臺北市文山區****,0961*****,,,,,,,,
123,鍾沛君,111年臺北市議員選舉,首次申報,1110901,個人捐贈收入,周福勝,E12*******,2000.00,0.00,匯款,1110907,,,金錢,臺北市大安區****,0932*****,,,,,,,,
124,鍾沛君,111年臺北市議員選舉,首次申報,1110901,個人捐贈收入,楊麗珍,K22*******,2000.00,0.00,匯款,1110901,,,金錢,臺北市松山區****,0919*****,,,,,,,,
125,鍾沛君,111年臺北市議員選舉,首次申報,1110902,匿名捐贈,匿名,,1500.00,0.00,現金,1110902,,,金錢,,,,,,,,,,
126,鍾沛君,111年臺北市議員選舉,首次申報,1110902,個人捐贈收入,廖英伶,F22*******,100000.00,0.00,現金,1110902,,,金錢,臺北市文山區****,0935*****,,,,,,,,
127,鍾沛君,111年臺北市議員選舉,首次申報,1110902,個人捐贈收入,謝承佑,L10*******,1500.00,0.00,匯款,1110902,,,金錢,臺北市文山區****,0920*****,,,,,,,,
128,鍾沛君,111年臺北市議員選舉,首次申報,1110902,個人捐贈收入,陳惠民,R12*******,10000.00,0.00,現金,1110908,,,金錢,臺北市中山區****,0988*****,,,,,,,,
129,鍾沛君,111年臺北市議員選舉,首次申報,1110903,個人捐贈收入,朱伯威,A12*******,50000.00,0.00,匯款,1110912,,,金錢,臺北市文山區****,0981*****,,,,,,,,
130,鍾沛君,111年臺北市議員選舉,首次申報,1110903,個人捐贈收入,陳佳峰,A12*******,200.00,0.00,匯款,1110912,,,金錢,臺北市萬華區****,0932*****,,,,,,,,
131,鍾沛君,111年臺北市議員選舉,首次申報,1110903,個人捐贈收入,許文川,C12*******,1000.00,0.00,匯款,1110912,,,金錢,新北市新莊區****,0935*****,,,,,,,,
132,鍾沛君,111年臺北市議員選舉,首次申報,1110903,個人捐贈收入,潘孝翠,E22*******,1000.00,0.00,匯款,1110912,,,金錢,臺北市文山區****,0978*****,,,,,,,,
133,鍾沛君,111年臺北市議員選舉,首次申報,1110903,個人捐贈收入,林志勳,F12*******,1000.00,0.00,匯款,1110912,,,金錢,新北市新店區****,0930*****,,,,,,,,
134,鍾沛君,111年臺北市議員選舉,首次申報,1110903,個人捐贈收入,陳麗蓉,X22*******,2000.00,0.00,匯款,1110912,,,金錢,澎湖縣馬公市****,0939*****,,,,,,,,
135,鍾沛君,111年臺北市議員選舉,首次申報,1110904,匿名捐贈,匿名,,5000.00,0.00,匯款,1110904,,,金錢,,,,,,,,,,
136,鍾沛君,111年臺北市議員選舉,首次申報,1110904,個人捐贈收入,周韻,A22*******,30000.00,0.00,現金,1110912,,,金錢,臺北市大安區****,0937*****,,,,,,,,
137,鍾沛君,111年臺北市議員選舉,首次申報,1110904,個人捐贈收入,鄭遠毅,F12*******,5000.00,0.00,匯款,1110912,,,金錢,臺北市大安區****,0910*****,,,,,,,,
138,鍾沛君,111年臺北市議員選舉,首次申報,1110904,個人捐贈收入,李恬忻,F22*******,20000.00,0.00,匯款,1110912,,,金錢,臺北市大安區****,0933*****,,,,,,,,
139,鍾沛君,111年臺北市議員選舉,首次申報,1110904,個人捐贈收入,孔令凱,Y12*******,500.00,0.00,匯款,1110912,,,金錢,新北市新莊區****,0919*****,,,,,,,,
140,鍾沛君,111年臺北市議員選舉,首次申報,1110905,個人捐贈收入,朱競禹,A12*******,200.00,0.00,匯款,1110912,,,金錢,臺北市內湖區****,0922*****,,,,,,,,
141,鍾沛君,111年臺北市議員選舉,首次申報,1110905,個人捐贈收入,林哲墣（ Nick）,A12*******,200.00,0.00,匯款,1110912,,,金錢,臺北市大安區****,0916*****,,,,,,,,
142,鍾沛君,111年臺北市議員選舉,首次申報,1110905,個人捐贈收入,黃家傳,A12*******,1500.00,0.00,匯款,1110905,,,金錢,臺北市萬華區****,,,,,,,,,
143,鍾沛君,111年臺北市議員選舉,首次申報,1110905,個人捐贈收入,夏士傑,F12*******,3000.00,0.00,匯款,1110912,,,金錢,臺北市大安區****,0933*****,,,,,,,,
144,鍾沛君,111年臺北市議員選舉,首次申報,1110905,個人捐贈收入,李菁娟,H22*******,500.00,0.00,匯款,1110905,,,金錢,桃園市龍潭區****,0963*****,,,,,,,,
145,鍾沛君,111年臺北市議員選舉,首次申報,1110905,個人捐贈收入,謝屏翰,K10*******,100000.00,0.00,現金,1110905,,,金錢,臺北市大安區****,0922*****,,,,,,,,
146,鍾沛君,111年臺北市議員選舉,首次申報,1110905,個人捐贈收入,魏平政,N12*******,20000.00,0.00,匯款,1110912,,,金錢,臺北市大同區****,0932*****,,,,,,,,
147,鍾沛君,111年臺北市議員選舉,首次申報,1110906,個人捐贈收入,張永泉,A10*******,5000.00,0.00,現金,1110906,,,金錢,臺北市大安區****,0930*****,,,,,,,,
148,鍾沛君,111年臺北市議員選舉,首次申報,1110906,個人捐贈收入,章成安,A22*******,100000.00,0.00,,,,,非金錢,臺北市大同區****,0972*****,,,,,,,,
149,鍾沛君,111年臺北市議員選舉,首次申報,1110907,個人捐贈收入,董捷翔,A12*******,1600.00,0.00,匯款,1110914,,,金錢,臺北市文山區****,0975*****,,,,,,,,
150,鍾沛君,111年臺北市議員選舉,首次申報,1110907,個人捐贈收入,陳建舜,H12*******,100000.00,0.00,匯款,1110913,,,金錢,臺北市大安區****,0921*****,,,,,,,,
151,鍾沛君,111年臺北市議員選舉,首次申報,1110907,個人捐贈收入,廖英夙,S22*******,30000.00,0.00,匯款,1110913,,,金錢,臺北市大安區****,0926*****,,,,,,,,
152,鍾沛君,111年臺北市議員選舉,首次申報,1110908,個人捐贈收入,葛維珉,A20*******,3000.00,0.00,匯款,1110908,,,金錢,臺北市大安區****,0936*****,,,,,,,,
153,鍾沛君,111年臺北市議員選舉,首次申報,1110908,個人捐贈收入,張光道,B10*******,30000.00,0.00,匯款,1110914,,,金錢,臺北市大安區****,,,,,,,,,
154,鍾沛君,111年臺北市議員選舉,首次申報,1110908,個人捐贈收入,施坤煌,N12*******,100000.00,0.00,匯款,1110908,,,金錢,彰化縣伸港鄉****,04-7*****,,,,,,,,
155,鍾沛君,111年臺北市議員選舉,首次申報,1110908,個人捐贈收入,吳宜家,S22*******,1500.00,0.00,匯款,1110915,,,金錢,高雄市大樹區****,0937*****,,,,,,,,
156,鍾沛君,111年臺北市議員選舉,首次申報,1110908,個人捐贈收入,王雪英,T22*******,10000.00,0.00,匯款,1110914,,,金錢,臺北市北投區****,0922*****,,,,,,,,
157,鍾沛君,111年臺北市議員選舉,首次申報,1110909,個人捐贈收入,袁志雯,A20*******,2000.00,0.00,匯款,1110915,,,金錢,臺北市大安區****,0983*****,,,,,,,,
158,鍾沛君,111年臺北市議員選舉,首次申報,1110909,個人捐贈收入,李國鈺,E20*******,500.00,0.00,匯款,1110915,,,金錢,高雄市苓雅區****,0921*****,,,,,,,,
159,鍾沛君,111年臺北市議員選舉,首次申報,1110909,個人捐贈收入,馮芳菲,G22*******,5000.00,0.00,匯款,1110915,,,金錢,臺北市文山區****,0937*****,,,,,,,,
160,鍾沛君,111年臺北市議員選舉,首次申報,1110909,個人捐贈收入,聶珍立,Q12*******,1000.00,0.00,匯款,1110915,,,金錢,新北市汐止區****,0983*****,,,,,,,,
161,鍾沛君,111年臺北市議員選舉,首次申報,1110910,匿名捐贈,匿名,,500.00,0.00,匯款,1110916,,,金錢,,,,,,,,,,
162,鍾沛君,111年臺北市議員選舉,首次申報,1110910,個人捐贈收入,曾新富,A12*******,10000.00,0.00,匯款,1110916,,,金錢,臺北市文山區****,0928*****,,,,,,,,
163,鍾沛君,111年臺北市議員選舉,首次申報,1110912,營利事業捐贈收入,三德觀光大飯店股份有限公司,07613594,30000.00,0.00,匯款,1110919,,,金錢,臺北市大同區****,02-2*****,,,,,,,,
164,鍾沛君,111年臺北市議員選舉,首次申報,1110912,個人捐贈收入,廖婉齡,A22*******,20000.00,0.00,匯款,1110919,,,金錢,臺北市信義區****,0953*****,,,,,,,,
165,鍾沛君,111年臺北市議員選舉,首次申報,1110912,個人捐贈收入,袁國森,C12*******,80000.00,0.00,匯款,1110912,,,金錢,臺北市文山區****,0912*****,,,,,,,,
166,鍾沛君,111年臺北市議員選舉,首次申報,1110912,個人捐贈收入,郭智豪,F12*******,2000.00,0.00,匯款,1110919,,,金錢,新北市三重區****,0988*****,,,,,,,,
167,鍾沛君,111年臺北市議員選舉,首次申報,1110912,個人捐贈收入,林秀粉,N20*******,20000.00,0.00,匯款,1110912,,,金錢,臺北市中山區****,0939*****,,,,,,,,
168,鍾沛君,111年臺北市議員選舉,首次申報,1110912,個人捐贈收入,葉修銘,R12*******,1500.00,0.00,匯款,1110919,,,金錢,新北市新莊區****,0928*****,,,,,,,,
169,鍾沛君,111年臺北市議員選舉,首次申報,1110913,個人捐贈收入,李秋如,,15000.00,0.00,匯款,1110913,,,金錢,臺北市文山區****,0936*****,,,,,,,,
170,鍾沛君,111年臺北市議員選舉,首次申報,1110913,個人捐贈收入,林靜芬,,5000.00,0.00,匯款,1110913,,,金錢,臺北市南港區****,0931*****,,,,,,,,
171,鍾沛君,111年臺北市議員選舉,首次申報,1110913,個人捐贈收入,黃書祥,A12*******,20000.00,0.00,匯款,1110919,,,金錢,臺北市文山區****,0922*****,,,,,,,,
172,鍾沛君,111年臺北市議員選舉,首次申報,1110913,個人捐贈收入,楊叔清,D10*******,1000.00,0.00,現金,1110916,,,金錢,臺北市文山區****,02-2*****,,,,,,,,
173,鍾沛君,111年臺北市議員選舉,首次申報,1110913,個人捐贈收入,周德文,T12*******,200.00,0.00,匯款,1110919,,,金錢,屏東縣屏東市****,0963*****,,,,,,,,
174,鍾沛君,111年臺北市議員選舉,首次申報,1110914,個人捐贈收入,顏文隆,A10*******,100000.00,0.00,匯款,1110914,,,金錢,臺北市松山區****,02-2*****,,,,,,,,
175,鍾沛君,111年臺北市議員選舉,首次申報,1110914,個人捐贈收入,顏陳利智,A20*******,100000.00,0.00,匯款,1110914,,,金錢,臺北市松山區****,02-2*****,,,,,,,,
176,鍾沛君,111年臺北市議員選舉,首次申報,1110914,個人捐贈收入,顏志芳,A22*******,100000.00,0.00,匯款,1110914,,,金錢,臺北市松山區****,02-2*****,,,,,,,,
177,鍾沛君,111年臺北市議員選舉,首次申報,1110914,個人捐贈收入,楊維真,E22*******,10000.00,0.00,匯款,1110920,,,金錢,臺北市大安區****,02-2*****,,,,,,,,
178,鍾沛君,111年臺北市議員選舉,首次申報,1110914,個人捐贈收入,陳惠民,R12*******,90000.00,0.00,現金,1110914,,,金錢,臺北市中山區****,0988*****,,,,,,,,
179,鍾沛君,111年臺北市議員選舉,首次申報,1110915,匿名捐贈,匿名,,10000.00,0.00,匯款,1110915,,,金錢,,,,,,,,,,
180,鍾沛君,111年臺北市議員選舉,首次申報,1110916,個人捐贈收入,麥崇順,E12*******,10000.00,0.00,現金,1110916,,,金錢,新北市板橋區****,0939*****,,,,,,,,
181,鍾沛君,111年臺北市議員選舉,首次申報,1110916,個人捐贈收入,張嘉祥,F12*******,1000.00,0.00,匯款,1110922,,,金錢,臺北市大安區****,0935*****,,,,,,,,
182,鍾沛君,111年臺北市議員選舉,首次申報,1110919,個人捐贈收入,陳敏彥,,10000.00,0.00,現金,1110919,,,金錢,臺北市松山區****,2768*****,,,,,,,,
183,鍾沛君,111年臺北市議員選舉,首次申報,1110920,個人捐贈收入,林吉君,,3200.00,0.00,匯款,1110920,,,金錢,臺中市東勢區****,0928*****,,,,,,,,
184,鍾沛君,111年臺北市議員選舉,首次申報,1110920,營利事業捐贈收入,統領百貨股份有限公司,20937863,100000.00,0.00,匯款,1110920,,,金錢,臺北市大安區****,,,,,,,,,
185,鍾沛君,111年臺北市議員選舉,首次申報,1110920,營利事業捐贈收入,富邑食品行,85524823,100.00,0.00,匯款,1110926,,,金錢,高雄市左營區****,0968*****,,,,,,,,
186,鍾沛君,111年臺北市議員選舉,首次申報,1110920,個人捐贈收入,何樹輝,F12*******,100000.00,0.00,現金,1110920,,,金錢,新北市三重區****,0937*****,,,,,,,,
187,鍾沛君,111年臺北市議員選舉,首次申報,1110920,個人捐贈收入,鄒政志,M12*******,500.00,0.00,匯款,1110926,,,金錢,臺中市大里區****,0937*****,,,,,,,,
188,鍾沛君,111年臺北市議員選舉,首次申報,1110920,個人捐贈收入,黃啓誠,N12*******,1000.00,0.00,匯款,1110926,,,金錢,彰化縣線西鄉****,0980*****,,,,,,,,
189,鍾沛君,111年臺北市議員選舉,首次申報,1110920,個人捐贈收入,周筑梵,T22*******,50000.00,0.00,匯款,1110926,,,金錢,臺中市南屯區****,0958*****,,,,,,,,
190,鍾沛君,111年臺北市議員選舉,首次申報,1110921,個人捐贈收入,陳昱潔,A22*******,1000.00,0.00,現金,1110927,,,金錢,臺北市文山區****,0911*****,,,,,,,,
191,鍾沛君,111年臺北市議員選舉,首次申報,1110922,個人捐贈收入,李復楚,A10*******,6000.00,0.00,匯款,1110928,,,金錢,臺北市文山區****,0910*****,,,,,,,,
192,鍾沛君,111年臺北市議員選舉,首次申報,1110922,個人捐贈收入,袁大立,A12*******,1000.00,0.00,現金,1110928,,,金錢,臺北市大安區****,0910*****,,,,,,,,
193,鍾沛君,111年臺北市議員選舉,首次申報,1110922,個人捐贈收入,余璨宏,A12*******,100000.00,0.00,現金,1110922,,,金錢,臺北市大安區****,0928*****,,,,,,,,
194,鍾沛君,111年臺北市議員選舉,首次申報,1110922,個人捐贈收入,詹惟任,A12*******,100000.00,0.00,現金,1110922,,,金錢,臺北市大安區****,0918*****,,,,,,,,
195,鍾沛君,111年臺北市議員選舉,首次申報,1110922,個人捐贈收入,伍帥儒,A22*******,50000.00,0.00,現金,1110922,,,金錢,臺北市大安區****,0917*****,,,,,,,,
196,鍾沛君,111年臺北市議員選舉,首次申報,1110923,營利事業捐贈收入,基泰建設股份有限公司,12251662,100000.00,0.00,匯款,1110923,,,金錢,臺北市中正區****,2383*****,,,,,,,,
197,鍾沛君,111年臺北市議員選舉,首次申報,1110923,個人捐贈收入,汪慧玲,A22*******,20000.00,0.00,匯款,1110923,,,金錢,臺北市中正區****,0937*****,,,,,,,,
198,鍾沛君,111年臺北市議員選舉,首次申報,1110923,個人捐贈收入,楊叔清,D10*******,2000.00,0.00,現金,1110923,,,金錢,臺北市文山區****,02-2*****,,,,,,,,
199,鍾沛君,111年臺北市議員選舉,首次申報,1110923,個人捐贈收入,游麗燕,L22*******,5000.00,0.00,匯款,1110930,,,金錢,臺北市文山區****,0960*****,,,,,,,,
200,鍾沛君,111年臺北市議員選舉,首次申報,1110923,個人捐贈收入,曹明宗,Y10*******,1000.00,0.00,現金,1110923,,,金錢,新北市新莊區****,0921*****,,,,,,,,
201,鍾沛君,111年臺北市議員選舉,首次申報,1110924,個人捐贈收入,陳惠真,E20*******,3000.00,0.00,匯款,1110924,,,金錢,臺北市信義區****,0920*****,,,,,,,,
202,鍾沛君,111年臺北市議員選舉,首次申報,1110924,個人捐贈收入,蔡上泰,S12*******,1000.00,0.00,匯款,1110930,,,金錢,新北市三重區****,0920*****,,,,,,,,
203,鍾沛君,111年臺北市議員選舉,首次申報,1110925,個人捐贈收入,鄭國正,B12*******,88888.00,0.00,匯款,1111003,,,金錢,臺北市文山區****,0911*****,,,,,,,,
204,鍾沛君,111年臺北市議員選舉,首次申報,1110925,個人捐贈收入,劉慧敏,H22*******,500.00,0.00,現金,1111003,,,金錢,臺北市文山區****,0933*****,,,,,,,,
205,鍾沛君,111年臺北市議員選舉,首次申報,1110925,個人捐贈收入,莊榮泰,R10*******,10000.00,0.00,匯款,1111003,,,金錢,臺北市文山區****,0988*****,,,,,,,,
206,鍾沛君,111年臺北市議員選舉,首次申報,1110926,匿名捐贈,匿名,,1000.00,0.00,匯款,1110926,,,金錢,,,,,,,,,,
207,鍾沛君,111年臺北市議員選舉,首次申報,1110926,個人捐贈收入,李志揚,,2000.00,0.00,匯款,1110926,,,金錢,高雄市鼓山區****,0961*****,,,,,,,,
208,鍾沛君,111年臺北市議員選舉,首次申報,1110926,匿名捐贈,匿名,,500.00,0.00,匯款,1111003,,,金錢,,,,,,,,,,
209,鍾沛君,111年臺北市議員選舉,首次申報,1110926,個人捐贈收入,楊勝雄,A10*******,10000.00,0.00,匯款,1110926,,,金錢,新北市三芝區****,0910*****,,,,,,,,
210,鍾沛君,111年臺北市議員選舉,首次申報,1110926,個人捐贈收入,宋安麗,A20*******,1000.00,0.00,匯款,1111003,,,金錢,臺北市大安區****,0937*****,,,,,,,,
211,鍾沛君,111年臺北市議員選舉,首次申報,1110926,個人捐贈收入,鄭天瑤,A20*******,5000.00,0.00,匯款,1111003,,,金錢,臺北市文山區****,0286*****,,,,,,,,
212,鍾沛君,111年臺北市議員選舉,首次申報,1110926,個人捐贈收入,陳淑珍,A22*******,10000.00,0.00,匯款,1110926,,,金錢,臺北市文山區****,0936*****,,,,,,,,
213,鍾沛君,111年臺北市議員選舉,首次申報,1110926,個人捐贈收入,張毓澤,F12*******,500.00,0.00,匯款,1111003,,,金錢,新北市新店區****,0935*****,,,,,,,,
214,鍾沛君,111年臺北市議員選舉,首次申報,1110926,個人捐贈收入,曾竑焱,H12*******,1000.00,0.00,匯款,1110926,,,金錢,桃園市中壢區****,0918*****,,,,,,,,
215,鍾沛君,111年臺北市議員選舉,首次申報,1110926,個人捐贈收入,陳沛廷,H12*******,888.00,0.00,匯款,1111003,,,金錢,彰化縣員林市****,0978*****,,,,,,,,
216,鍾沛君,111年臺北市議員選舉,首次申報,1110926,個人捐贈收入,陳玫琦,J20*******,10000.00,0.00,匯款,1110926,,,金錢,臺北市大安區****,0922*****,,,,,,,,
217,鍾沛君,111年臺北市議員選舉,首次申報,1110926,個人捐贈收入,曾新全,K12*******,5000.00,0.00,匯款,1111003,,,金錢,新北市土城區****,0936*****,,,,,,,,
218,鍾沛君,111年臺北市議員選舉,首次申報,1110926,個人捐贈收入,薛育仁,S12*******,500.00,0.00,匯款,1111003,,,金錢,高雄市三民區****,0932*****,,,,,,,,
219,鍾沛君,111年臺北市議員選舉,首次申報,1110927,匿名捐贈,匿名,,500.00,0.00,匯款,1110927,,,金錢,,,,,,,,,,
220,鍾沛君,111年臺北市議員選舉,首次申報,1110927,個人捐贈收入,張夢倫,A12*******,1500.00,0.00,匯款,1111003,,,金錢,臺北市文山區****,0989*****,,,,,,,,
221,鍾沛君,111年臺北市議員選舉,首次申報,1110927,個人捐贈收入,譚秋英,A20*******,20000.00,0.00,匯款,1110927,,,金錢,臺北市中山區****,0933*****,,,,,,,,
222,鍾沛君,111年臺北市議員選舉,首次申報,1110927,個人捐贈收入,田培元,S12*******,1000.00,0.00,匯款,1110927,,,金錢,高雄市鳳山區****,0938*****,,,,,,,,
223,鍾沛君,111年臺北市議員選舉,首次申報,1110928,匿名捐贈,匿名,,2000.00,0.00,匯款,1110928,,,金錢,,,,,,,,,,
224,鍾沛君,111年臺北市議員選舉,首次申報,1110928,匿名捐贈,匿名,,2000.00,0.00,匯款,1110928,,,金錢,,,,,,,,,,
225,鍾沛君,111年臺北市議員選舉,首次申報,1110928,匿名捐贈,匿名,,500.00,0.00,匯款,1111004,,,金錢,,,,,,,,,,
226,鍾沛君,111年臺北市議員選舉,首次申報,1110928,個人捐贈收入,王松麗,A22*******,50000.00,0.00,匯款,1110928,,,金錢,臺北市大安區****,02-2*****,,,,,,,,
227,鍾沛君,111年臺北市議員選舉,首次申報,1110928,個人捐贈收入,游欣穎,A22*******,6688.00,0.00,匯款,1110928,,,金錢,臺北市北投區****,0933*****,,,,,,,,
228,鍾沛君,111年臺北市議員選舉,首次申報,1110928,個人捐贈收入,許茗芳,F22*******,100000.00,0.00,匯款,1110928,,,金錢,臺北市大安區****,0922*****,,,,,,,,
229,鍾沛君,111年臺北市議員選舉,首次申報,1110929,匿名捐贈,匿名,,2000.00,0.00,現金,1110929,,,金錢,,,,,,,,,,
230,鍾沛君,111年臺北市議員選舉,首次申報,1110929,匿名捐贈,匿名,,1000.00,0.00,匯款,1111005,,,金錢,,,,,,,,,,
231,鍾沛君,111年臺北市議員選舉,首次申報,1110929,匿名捐贈,匿名,,500.00,0.00,匯款,1110929,,,金錢,,,,,,,,,,
232,鍾沛君,111年臺北市議員選舉,首次申報,1110929,個人捐贈收入,吳旻翰,A12*******,50000.00,0.00,匯款,1110929,,,金錢,新北市淡水區****,0988*****,,,,,,,,
233,鍾沛君,111年臺北市議員選舉,首次申報,1110929,個人捐贈收入,吳旻翰,A12*******,50000.00,0.00,匯款,1110929,,,金錢,新北市淡水區****,0988*****,,,,,,,,
234,鍾沛君,111年臺北市議員選舉,首次申報,1110929,個人捐贈收入,張翊,A12*******,5000.00,0.00,匯款,1111005,,,金錢,臺北市大安區****,0937*****,,,,,,,,
235,鍾沛君,111年臺北市議員選舉,首次申報,1110929,個人捐贈收入,陳佳玲,A21*******,20000.00,0.00,現金,1110929,,,金錢,臺北市大安區****,0919*****,,,,,,,,
236,鍾沛君,111年臺北市議員選舉,首次申報,1110929,個人捐贈收入,羅秀容,D20*******,20000.00,0.00,現金,1110929,,,金錢,臺北市大安區****,0919*****,,,,,,,,
237,鍾沛君,111年臺北市議員選舉,首次申報,1110929,個人捐贈收入,吳智欽,F12*******,10000.00,0.00,匯款,1110929,,,金錢,新北市瑞芳區****,0928*****,,,,,,,,
238,鍾沛君,111年臺北市議員選舉,首次申報,1110929,個人捐贈收入,張育珩,N12*******,10000.00,0.00,現金,1110929,,,金錢,臺北市大安區****,0919*****,,,,,,,,
239,鍾沛君,111年臺北市議員選舉,首次申報,1110929,個人捐贈收入,張錫勲,N12*******,100000.00,0.00,現金,1110929,,,金錢,臺北市大安區****,0919*****,,,,,,,,
240,鍾沛君,111年臺北市議員選舉,首次申報,1110930,個人捐贈收入,周天來,A12*******,2000.00,0.00,匯款,1110930,,,金錢,新北市中和區****,0921*****,,,,,,,,
241,鍾沛君,111年臺北市議員選舉,首次申報,1111001,個人捐贈收入,魏少嶢,A12*******,3000.00,0.00,現金,1111007,,,金錢,臺北市大安區****,0933*****,,,,,,,,
242,鍾沛君,111年臺北市議員選舉,首次申報,1111001,個人捐贈收入,段雷,H12*******,1000.00,0.00,現金,1111007,,,金錢,桃園市楊梅區****,0922*****,,,,,,,,
243,鍾沛君,111年臺北市議員選舉,首次申報,1111003,個人捐贈收入,張家瑋,A12*******,1500.00,0.00,匯款,1111003,,,金錢,臺北市大安區****,0932*****,,,,,,,,
244,鍾沛君,111年臺北市議員選舉,首次申報,1111003,個人捐贈收入,張榮賢,F12*******,2000.00,0.00,匯款,1111011,,,金錢,臺北市文山區****,0937*****,,,,,,,,
245,鍾沛君,111年臺北市議員選舉,首次申報,1111003,個人捐贈收入,徐榮隆,F12*******,1500.00,0.00,匯款,1111011,,,金錢,新北市新莊區****,0919*****,,,,,,,,
246,鍾沛君,111年臺北市議員選舉,首次申報,1111004,個人捐贈收入,陳周碧月,H20*******,7000.00,0.00,匯款,1111011,,,金錢,臺北市大安區****,0953*****,,,,,,,,
247,鍾沛君,111年臺北市議員選舉,首次申報,1111007,營利事業捐贈收入,新苑興業股份有限公司,43942987,200000.00,0.00,票據,1111011,,,金錢,臺北市中山區****,0983*****,,,,,,,,
248,鍾沛君,111年臺北市議員選舉,首次申報,1111007,營利事業捐贈收入,華洋電業開發股份有限公司,50890149,100000.00,0.00,票據,1111011,,,金錢,臺北市中山區****,0979*****,,,,,,,,
249,鍾沛君,111年臺北市議員選舉,首次申報,1111007,個人捐贈收入,王桂鶯,A20*******,10000.00,0.00,現金,1111007,,,金錢,臺北市大安區****,0926*****,,,,,,,,
250,鍾沛君,111年臺北市議員選舉,首次申報,1111008,個人捐贈收入,崔玲琦,A22*******,1500.00,0.00,匯款,1111014,,,金錢,臺北市文山區****,0958*****,,,,,,,,
251,鍾沛君,111年臺北市議員選舉,首次申報,1111008,個人捐贈收入,張睿群,F12*******,1000.00,0.00,匯款,1111017,,,金錢,新北市永和區****,0918*****,,,,,,,,
252,鍾沛君,111年臺北市議員選舉,首次申報,1111009,個人捐贈收入,徐家靖,T12*******,3000.00,0.00,匯款,1111017,,,金錢,臺北市士林區****,0987*****,,,,,,,,
253,鍾沛君,111年臺北市議員選舉,首次申報,1111010,個人捐贈收入,曲庭宜,A22*******,5000.00,0.00,匯款,1111010,,,金錢,臺北市信義區****,0960*****,,,,,,,,
254,鍾沛君,111年臺北市議員選舉,首次申報,1111010,個人捐贈收入,李念祖,E12*******,1501.00,0.00,匯款,1111017,,,金錢,桃園市桃園區****,0930*****,,,,,,,,
255,鍾沛君,111年臺北市議員選舉,首次申報,1111012,個人捐贈收入,宋紫君,A22*******,6000.00,0.00,匯款,1111012,,,金錢,臺北市信義區****,,,,,,,,,
256,鍾沛君,111年臺北市議員選舉,首次申報,1111012,個人捐贈收入,于佳正,A22*******,88000.00,0.00,匯款,1111018,,,金錢,臺北市文山區****,0917*****,,,,,,,,
257,鍾沛君,111年臺北市議員選舉,首次申報,1111012,個人捐贈收入,黃健哲,D12*******,500.00,0.00,匯款,1111018,,,金錢,臺南市南區大****,0972*****,,,,,,,,
258,鍾沛君,111年臺北市議員選舉,首次申報,1111013,個人捐贈收入,蘇崇文,A12*******,100000.00,0.00,匯款,1111020,,,金錢,臺北市信義區****,0967*****,,,,,,,,
259,鍾沛君,111年臺北市議員選舉,首次申報,1111013,個人捐贈收入,汪士潔,A20*******,2000.00,0.00,匯款,1111019,,,金錢,新北市永和區****,0928*****,,,,,,,,
260,鍾沛君,111年臺北市議員選舉,首次申報,1111013,個人捐贈收入,張靖,M12*******,3600.00,0.00,匯款,1111013,,,金錢,臺中市北區永****,0970*****,,,,,,,,
261,鍾沛君,111年臺北市議員選舉,首次申報,1111014,個人捐贈收入,倪恒達,A12*******,1000.00,0.00,匯款,1111020,,,金錢,,0928*****,,,,,,,,
262,鍾沛君,111年臺北市議員選舉,首次申報,1111014,個人捐贈收入,王璧維,A22*******,10000.00,0.00,匯款,1111014,,,金錢,臺北市中正區****,2343*****,,,,,,,,
263,鍾沛君,111年臺北市議員選舉,首次申報,1111014,個人捐贈收入,陳明進,F10*******,6000.00,0.00,匯款,1111014,,,金錢,臺北市大安區****,0935*****,,,,,,,,
264,鍾沛君,111年臺北市議員選舉,首次申報,1111014,個人捐贈收入,林幼梅,J22*******,2000.00,0.00,匯款,1111020,,,金錢,臺北市松山區****,0921*****,,,,,,,,
265,鍾沛君,111年臺北市議員選舉,首次申報,1111015,個人捐贈收入,蔣博全,,1500.00,0.00,匯款,1111015,,,金錢,臺北市大安區****,0953*****,,,,,,,,
266,鍾沛君,111年臺北市議員選舉,首次申報,1111015,個人捐贈收入,徐薇芝,A22*******,3000.00,0.00,匯款,1111021,,,金錢,,0930*****,,,,,,,,
267,鍾沛君,111年臺北市議員選舉,首次申報,1111015,個人捐贈收入,江彥勲,F13*******,1000.00,0.00,現金,1111021,,,金錢,,0953*****,,,,,,,,
268,鍾沛君,111年臺北市議員選舉,首次申報,1111015,個人捐贈收入,梁鈞凱,N12*******,3000.00,0.00,匯款,1111021,,,金錢,彰化縣秀水鄉****,0988*****,,,,,,,,
269,鍾沛君,111年臺北市議員選舉,首次申報,1111016,個人捐贈收入,鄧恢常,A10*******,1500.00,0.00,匯款,1111016,,,金錢,屏東縣恆春鎮****,,,,,,,,,
270,鍾沛君,111年臺北市議員選舉,首次申報,1111016,個人捐贈收入,余國華,Y12*******,1500.00,0.00,匯款,1111024,,,金錢,臺北市中山區****,0972*****,,,,,,,,
271,鍾沛君,111年臺北市議員選舉,首次申報,1111017,匿名捐贈,匿名,,500.00,0.00,匯款,1111024,,,金錢,,,,,,,,,,
272,鍾沛君,111年臺北市議員選舉,首次申報,1111017,匿名捐贈,匿名,,500.00,0.00,匯款,1111024,,,金錢,,,,,,,,,,
273,鍾沛君,111年臺北市議員選舉,首次申報,1111017,個人捐贈收入,王時成,,3000.00,0.00,匯款,1111017,,,金錢,臺北市大安區****,0915*****,,,,,,,,
274,鍾沛君,111年臺北市議員選舉,首次申報,1111017,個人捐贈收入,王新中,A12*******,6000.00,0.00,現金,1111017,,,金錢,臺北市文山區****,0933*****,,,,,,,,
275,鍾沛君,111年臺北市議員選舉,首次申報,1111017,個人捐贈收入,廖彩妤,A22*******,1000.00,0.00,匯款,1111017,,,金錢,新北市新莊區****,0987*****,,,,,,,,
276,鍾沛君,111年臺北市議員選舉,首次申報,1111017,個人捐贈收入,陳彥伯,F12*******,2000.00,0.00,匯款,1111017,,,金錢,臺北市文山區****,,,,,,,,,
277,鍾沛君,111年臺北市議員選舉,首次申報,1111017,個人捐贈收入,洪基振,T12*******,500.00,0.00,匯款,1111024,,,金錢,金門縣金沙鎮****,0931*****,,,,,,,,
278,鍾沛君,111年臺北市議員選舉,首次申報,1111017,個人捐贈收入,張冠羣,T12*******,1000.00,0.00,匯款,1111024,,,金錢,新北市汐止區****,0936*****,,,,,,,,
279,鍾沛君,111年臺北市議員選舉,首次申報,1111017,個人捐贈收入,劉峰波,U12*******,2000.00,0.00,匯款,1111024,,,金錢,臺北市文山區****,0955*****,,,,,,,,
280,鍾沛君,111年臺北市議員選舉,首次申報,1111018,個人捐贈收入,黃素珍,,2000.00,0.00,匯款,1111018,,,金錢,新北市新莊區****,0908*****,,,,,,,,
281,鍾沛君,111年臺北市議員選舉,首次申報,1111019,個人捐贈收入,陳維章,J12*******,1000.00,0.00,匯款,1111025,,,金錢,,0932*****,,,,,,,,
282,鍾沛君,111年臺北市議員選舉,首次申報,1111019,個人捐贈收入,蔡炳煌,L10*******,500.00,0.00,現金,1111025,,,金錢,臺中市清水區****,0939*****,,,,,,,,
283,鍾沛君,111年臺北市議員選舉,首次申報,1111020,營利事業捐贈收入,葡萄王生技股份有限公司,11880517,72000.00,0.00,,,,,非金錢,桃園市平鎮區****,0345*****,,,,,,,,
284,鍾沛君,111年臺北市議員選舉,首次申報,1111020,個人捐贈收入,翟三貴,F10*******,1200.00,0.00,匯款,1111020,,,金錢,臺北市大安區****,0919*****,,,,,,,,
285,鍾沛君,111年臺北市議員選舉,首次申報,1111020,個人捐贈收入,謝志鴻,N12*******,1000.00,0.00,匯款,1111026,,,金錢,彰化縣北斗鎮****,0932*****,,,,,,,,
286,鍾沛君,111年臺北市議員選舉,首次申報,1111022,個人捐贈收入,李佳珍,,1500.00,0.00,現金,1111025,,,金錢,臺北市中正區****,0922*****,,,,,,,,
287,鍾沛君,111年臺北市議員選舉,首次申報,1111022,個人捐贈收入,林文烟,,10000.00,0.00,匯款,1111022,,,金錢,,0932*****,,,,,,,,
288,鍾沛君,111年臺北市議員選舉,首次申報,1111022,個人捐贈收入,蔡增祺,,5000.00,0.00,現金,1111024,,,金錢,臺北市文山區****,0952*****,,,,,,,,
289,鍾沛君,111年臺北市議員選舉,首次申報,1111022,個人捐贈收入,沈佩勳,,10000.00,0.00,現金,1111024,,,金錢,臺北市大安區****,0932*****,,,,,,,,
290,鍾沛君,111年臺北市議員選舉,首次申報,1111022,個人捐贈收入,林建佑,,1500.00,0.00,現金,1111025,,,金錢,臺北市文山區****,0933*****,,,,,,,,
291,鍾沛君,111年臺北市議員選舉,首次申報,1111022,個人捐贈收入,王燦輝,,2000.00,0.00,現金,1111025,,,金錢,臺北市大安區****,0938*****,,,,,,,,
292,鍾沛君,111年臺北市議員選舉,首次申報,1111022,個人捐贈收入,洪佩伶,,5000.00,0.00,現金,1111024,,,金錢,新北市淡水區****,0905*****,,,,,,,,
293,鍾沛君,111年臺北市議員選舉,首次申報,1111022,個人捐贈收入,馬慧中,,10000.00,0.00,現金,1111024,,,金錢,臺北市文山區****,,,,,,,,,
294,鍾沛君,111年臺北市議員選舉,首次申報,1111022,個人捐贈收入,王緯武,A10*******,1500.00,0.00,現金,1111025,,,金錢,臺北市萬華區****,0937*****,,,,,,,,
295,鍾沛君,111年臺北市議員選舉,首次申報,1111022,個人捐贈收入,陳立愷,A10*******,1500.00,0.00,現金,1111025,,,金錢,臺北市大安區****,0910*****,,,,,,,,
296,鍾沛君,111年臺北市議員選舉,首次申報,1111022,個人捐贈收入,張明華,A10*******,1500.00,0.00,現金,1111025,,,金錢,臺北市文山區****,0910*****,,,,,,,,
297,鍾沛君,111年臺北市議員選舉,首次申報,1111022,個人捐贈收入,鍾進生,A12*******,1500.00,0.00,現金,1111025,,,金錢,臺北市文山區****,0920*****,,,,,,,,
298,鍾沛君,111年臺北市議員選舉,首次申報,1111022,個人捐贈收入,莊學通,A12*******,2000.00,0.00,現金,1111025,,,金錢,臺北市文山區****,0976*****,,,,,,,,
299,鍾沛君,111年臺北市議員選舉,首次申報,1111022,個人捐贈收入,朱利港,A12*******,3600.00,0.00,現金,1111025,,,金錢,臺北市大安區****,,,,,,,,,
300,鍾沛君,111年臺北市議員選舉,首次申報,1111022,個人捐贈收入,姜逸文,A20*******,1500.00,0.00,現金,1111025,,,金錢,臺北市大安區****,0930*****,,,,,,,,
301,鍾沛君,111年臺北市議員選舉,首次申報,1111022,個人捐贈收入,馮呂菊鳳,A20*******,3600.00,0.00,現金,1111025,,,金錢,臺北市文山區****,0910*****,,,,,,,,
302,鍾沛君,111年臺北市議員選舉,首次申報,1111022,個人捐贈收入,張美玲,A21*******,100000.00,0.00,現金,1111024,,,金錢,臺北市內湖區****,0918*****,,,,,,,,
303,鍾沛君,111年臺北市議員選舉,首次申報,1111022,個人捐贈收入,傅牽治,A21*******,2000.00,0.00,現金,1111025,,,金錢,新北市永和區****,0952*****,,,,,,,,
304,鍾沛君,111年臺北市議員選舉,首次申報,1111022,個人捐贈收入,蘇珊玉,A22*******,1500.00,0.00,現金,1111025,,,金錢,臺北市中正區****,0936*****,,,,,,,,
305,鍾沛君,111年臺北市議員選舉,首次申報,1111022,個人捐贈收入,楊美蘭,A22*******,10000.00,0.00,現金,1111024,,,金錢,臺北市大安區****,0921*****,,,,,,,,
306,鍾沛君,111年臺北市議員選舉,首次申報,1111022,個人捐贈收入,洪小蘭,A29*******,1500.00,0.00,現金,1111025,,,金錢,臺北市文山區****,0989*****,,,,,,,,
307,鍾沛君,111年臺北市議員選舉,首次申報,1111022,個人捐贈收入,林榮堂,F10*******,2000.00,0.00,現金,1111025,,,金錢,臺北市文山區****,0978*****,,,,,,,,
308,鍾沛君,111年臺北市議員選舉,首次申報,1111022,個人捐贈收入,蔡顯註,F10*******,1500.00,0.00,現金,1111025,,,金錢,臺北市大安區****,0930*****,,,,,,,,
309,鍾沛君,111年臺北市議員選舉,首次申報,1111022,個人捐贈收入,石忠勝,F10*******,2000.00,0.00,現金,1111025,,,金錢,臺北市大安區****,0933*****,,,,,,,,
310,鍾沛君,111年臺北市議員選舉,首次申報,1111022,個人捐贈收入,羅劉智惠,F20*******,1500.00,0.00,現金,1111022,,,金錢,臺北市大安區****,0935*****,,,,,,,,
311,鍾沛君,111年臺北市議員選舉,首次申報,1111022,個人捐贈收入,陳正男,G10*******,2000.00,0.00,現金,1111025,,,金錢,臺北市信義區****,0932*****,,,,,,,,
312,鍾沛君,111年臺北市議員選舉,首次申報,1111022,個人捐贈收入,鍾垂芳,H10*******,5000.00,0.00,現金,1111024,,,金錢,臺北市大安區****,0933*****,,,,,,,,
313,鍾沛君,111年臺北市議員選舉,首次申報,1111022,個人捐贈收入,林國棟,H12*******,10000.00,0.00,現金,1111024,,,金錢,臺北市大安區****,0952*****,,,,,,,,
314,鍾沛君,111年臺北市議員選舉,首次申報,1111022,個人捐贈收入,張紹興,J10*******,1500.00,0.00,現金,1111025,,,金錢,臺北市文山區****,0933*****,,,,,,,,
315,鍾沛君,111年臺北市議員選舉,首次申報,1111022,個人捐贈收入,林玉霞,K20*******,2000.00,0.00,現金,1111025,,,金錢,臺北市文山區****,0933*****,,,,,,,,
316,鍾沛君,111年臺北市議員選舉,首次申報,1111022,個人捐贈收入,蔡燕卿,K22*******,3000.00,0.00,現金,1111025,,,金錢,臺北市大安區****,0922*****,,,,,,,,
317,鍾沛君,111年臺北市議員選舉,首次申報,1111022,個人捐贈收入,莊國男,Q10*******,3000.00,0.00,現金,1111025,,,金錢,臺北市大安區****,0910*****,,,,,,,,
318,鍾沛君,111年臺北市議員選舉,首次申報,1111022,個人捐贈收入,許莊麗雲,Q20*******,2000.00,0.00,匯款,1111025,,,金錢,臺北市文山區****,0929*****,,,,,,,,
319,鍾沛君,111年臺北市議員選舉,首次申報,1111022,個人捐贈收入,黃炎東,T10*******,2000.00,0.00,現金,1111025,,,金錢,臺北市大安區****,0910*****,,,,,,,,
320,鍾沛君,111年臺北市議員選舉,首次申報,1111022,個人捐贈收入,蔡顯美,W10*******,2000.00,0.00,現金,1111025,,,金錢,臺北市大安區****,,,,,,,,,
321,鍾沛君,111年臺北市議員選舉,首次申報,1111022,個人捐贈收入,蔡能玲,W20*******,1500.00,0.00,現金,1111025,,,金錢,臺北市大安區****,0981*****,,,,,,,,
322,鍾沛君,111年臺北市議員選舉,首次申報,1111022,個人捐贈收入,黃同成,X12*******,10000.00,0.00,現金,1111025,,,金錢,澎湖縣馬公市****,0933*****,,,,,,,,
323,鍾沛君,111年臺北市議員選舉,首次申報,1111023,個人捐贈收入,顏嘉慧,R22*******,500.00,0.00,匯款,1111023,,,金錢,臺南市安南區****,0911*****,,,,,,,,
324,鍾沛君,111年臺北市議員選舉,首次申報,1111024,匿名捐贈,匿名,,1500.00,0.00,匯款,1111031,,,金錢,,,,,,,,,,
325,鍾沛君,111年臺北市議員選舉,首次申報,1111024,個人捐贈收入,陳子龍,A10*******,1500.00,0.00,匯款,1111031,,,金錢,臺北市文山區****,0905*****,,,,,,,,
326,鍾沛君,111年臺北市議員選舉,首次申報,1111024,個人捐贈收入,湯嘉瑞,E12*******,1500.00,0.00,匯款,1111031,,,金錢,新北市泰山區****,0923*****,,,,,,,,
327,鍾沛君,111年臺北市議員選舉,首次申報,1111024,個人捐贈收入,莊宗尹,F12*******,3000.00,0.00,匯款,1111031,,,金錢,臺北市大安區****,0937*****,,,,,,,,
328,鍾沛君,111年臺北市議員選舉,首次申報,1111024,個人捐贈收入,鄭梁宏,G12*******,2000.00,0.00,匯款,1111031,,,金錢,新北市汐止區****,0922*****,,,,,,,,
329,鍾沛君,111年臺北市議員選舉,首次申報,1111024,個人捐贈收入,臣忠振,K12*******,2000.00,0.00,匯款,1111031,,,金錢,苗栗縣頭份市****,0917*****,,,,,,,,
330,鍾沛君,111年臺北市議員選舉,首次申報,1111024,個人捐贈收入,吳勝一,N10*******,5000.00,0.00,匯款,1111031,,,金錢,臺北市中山區****,0917*****,,,,,,,,
331,鍾沛君,111年臺北市議員選舉,首次申報,1111024,個人捐贈收入,陳俊利,Q12*******,3000.00,0.00,匯款,1111031,,,金錢,新北市新莊區****,0933*****,,,,,,,,
332,鍾沛君,111年臺北市議員選舉,首次申報,1111025,匿名捐贈,匿名,,3000.00,0.00,匯款,1111031,,,金錢,,,,,,,,,,
333,鍾沛君,111年臺北市議員選舉,首次申報,1111025,個人捐贈收入,藍善德,A10*******,1500.00,0.00,匯款,1111031,,,金錢,臺北市大安區****,0936*****,,,,,,,,
334,鍾沛君,111年臺北市議員選舉,首次申報,1111025,個人捐贈收入,陳福明,A10*******,2000.00,0.00,現金,1111025,,,金錢,臺北市文山區****,0928*****,,,,,,,,
335,鍾沛君,111年臺北市議員選舉,首次申報,1111025,個人捐贈收入,王天生,A12*******,5000.00,0.00,匯款,1111031,,,金錢,臺北市內湖區****,0936*****,,,,,,,,
336,鍾沛君,111年臺北市議員選舉,首次申報,1111025,個人捐贈收入,郭衍均,A12*******,2000.00,0.00,匯款,1111031,,,金錢,臺北市大同區****,0953*****,,,,,,,,
337,鍾沛君,111年臺北市議員選舉,首次申報,1111025,個人捐贈收入,侯明珠,A22*******,2000.00,0.00,匯款,1111031,,,金錢,臺北市大安區****,0910*****,,,,,,,,
338,鍾沛君,111年臺北市議員選舉,首次申報,1111025,個人捐贈收入,吳映蓉,A22*******,100000.00,0.00,匯款,1111025,,,金錢,臺北市大安區****,0920*****,,,,,,,,
339,鍾沛君,111年臺北市議員選舉,首次申報,1111025,個人捐贈收入,朱兆和,S10*******,1500.00,0.00,現金,1111025,,,金錢,臺北市文山區****,0916*****,,,,,,,,
340,鍾沛君,111年臺北市議員選舉,首次申報,1111026,匿名捐贈,匿名lukktw@gmail.com,,1000.00,0.00,匯款,1111101,,,金錢,,,,,,,,,,
341,鍾沛君,111年臺北市議員選舉,首次申報,1111026,個人捐贈收入,蕭宇庭,A23*******,2000.00,0.00,現金,1111101,,,金錢,臺北市大安區****,0932*****,,,,,,,,
342,鍾沛君,111年臺北市議員選舉,首次申報,1111026,個人捐贈收入,鍾岳峰,B12*******,500.00,0.00,匯款,1111101,,,金錢,臺中市北區忠****,0960*****,,,,,,,,
343,鍾沛君,111年臺北市議員選舉,首次申報,1111026,個人捐贈收入,莊美芳,H22*******,2000.00,0.00,匯款,1111101,,,金錢,臺北市大安區****,0932*****,,,,,,,,
344,鍾沛君,111年臺北市議員選舉,首次申報,1111026,個人捐贈收入,蘇基勳,T12*******,60000.00,0.00,匯款,1111026,,,金錢,屏東縣屏東市****,0952*****,,,,,,,,
345,鍾沛君,111年臺北市議員選舉,首次申報,1111027,個人捐贈收入,鍾珠蘭,A20*******,5000.00,0.00,匯款,1111027,,,金錢,新北市板橋區****,O921*****,,,,,,,,
346,鍾沛君,111年臺北市議員選舉,首次申報,1111027,個人捐贈收入,林必慧,A20*******,1000.00,0.00,匯款,1111102,,,金錢,臺北市大安區****,0938*****,,,,,,,,
347,鍾沛君,111年臺北市議員選舉,首次申報,1111027,個人捐贈收入,何燕蓉,D22*******,200.00,0.00,匯款,1111102,,,金錢,臺南市南區大****,0982*****,,,,,,,,
348,鍾沛君,111年臺北市議員選舉,首次申報,1111028,個人捐贈收入,張凱威,,3600.00,0.00,匯款,1111028,,,金錢,臺北市文山區****,0908*****,,,,,,,,
349,鍾沛君,111年臺北市議員選舉,首次申報,1111028,個人捐贈收入,周鈺舜,A12*******,3000.00,0.00,現金,1111028,,,金錢,新竹縣竹北市****,0920*****,,,,,,,,
350,鍾沛君,111年臺北市議員選舉,首次申報,1111028,個人捐贈收入,賴昱昕,A23*******,50000.00,0.00,,,,,非金錢,臺北市大安區****,0956*****,,,,,,,,
351,鍾沛君,111年臺北市議員選舉,首次申報,1111028,個人捐贈收入,陳芝鈺,E22*******,100000.00,0.00,,,,,非金錢,臺北市大安區****,0923*****,,,,,,,,
352,鍾沛君,111年臺北市議員選舉,首次申報,1111028,個人捐贈收入,黃莉雯,L22*******,1500.00,0.00,匯款,1111103,,,金錢,臺中市潭子區****,0982*****,,,,,,,,
353,鍾沛君,111年臺北市議員選舉,首次申報,1111028,個人捐贈收入,楊英,S22*******,200.00,0.00,匯款,1111103,,,金錢,高雄市大社區****,0928*****,,,,,,,,
354,鍾沛君,111年臺北市議員選舉,首次申報,1111030,個人捐贈收入,章成綱,A12*******,50000.00,0.00,,,,,非金錢,臺北市大安區****,0939*****,,,,,,,,
355,鍾沛君,111年臺北市議員選舉,首次申報,1111031,個人捐贈收入,朱利港,A12*******,2000.00,0.00,現金,1111031,,,金錢,臺北市大安區****,0927*****,,,,,,,,
356,鍾沛君,111年臺北市議員選舉,首次申報,1111031,個人捐贈收入,譚仰荃,A13*******,50000.00,0.00,,,,,非金錢,臺北市萬華區****,0905*****,,,,,,,,
357,鍾沛君,111年臺北市議員選舉,首次申報,1111031,個人捐贈收入,李天衡,G10*******,2000.00,0.00,現金,1111031,,,金錢,臺北市文山區****,0910*****,,,,,,,,
358,鍾沛君,111年臺北市議員選舉,首次申報,1111101,個人捐贈收入,常顧國,E12*******,20000.00,0.00,匯款,1111101,,,金錢,臺北市大安區****,0939*****,,,,,,,,
359,鍾沛君,111年臺北市議員選舉,首次申報,1111102,個人捐贈收入,陳志祥,H12*******,1500.00,0.00,匯款,1111102,,,金錢,桃園市龜山區****,0933*****,,,,,,,,
360,鍾沛君,111年臺北市議員選舉,首次申報,1111102,個人捐贈收入,吳秀光,U12*******,10000.00,0.00,匯款,1111108,,,金錢,花蓮縣花蓮市****,0912*****,,,,,,,,
361,鍾沛君,111年臺北市議員選舉,首次申報,1111103,個人捐贈收入,徐洪臣,,3000.00,0.00,匯款,1111103,,,金錢,臺北市大安區****,0937*****,,,,,,,,
362,鍾沛君,111年臺北市議員選舉,首次申報,1111103,個人捐贈收入,汪碧薇,F20*******,5000.00,0.00,匯款,1111103,,,金錢,臺北市大安區****,0935*****,,,,,,,,
363,鍾沛君,111年臺北市議員選舉,首次申報,1111103,個人捐贈收入,蕭黃鴻,H12*******,100000.00,0.00,,,,,非金錢,臺中市西屯區****,04-2*****,,,,,,,,
364,鍾沛君,111年臺北市議員選舉,首次申報,1111104,個人捐贈收入,雷秀美,F22*******,100000.00,0.00,,,,,非金錢,臺中市西屯區****,04-2*****,,,,,,,,
365,鍾沛君,111年臺北市議員選舉,首次申報,1111104,個人捐贈收入,黃瑞和,H20*******,70000.00,0.00,,,,,非金錢,桃園市楊梅區****,03-4*****,,,,,,,,
366,鍾沛君,111年臺北市議員選舉,首次申報,1111104,個人捐贈收入,歐月女,N20*******,1500.00,0.00,匯款,1111104,,,金錢,臺北市信義區****,0955*****,,,,,,,,
367,鍾沛君,111年臺北市議員選舉,首次申報,1111105,匿名捐贈,匿名,,1500.00,0.00,匯款,1111105,,,金錢,,,,,,,,,,
368,鍾沛君,111年臺北市議員選舉,首次申報,1111105,個人捐贈收入,鍾全燿,A12*******,3000.00,0.00,匯款,1111114,,,金錢,臺北市文山區****,0933*****,,,,,,,,
369,鍾沛君,111年臺北市議員選舉,首次申報,1111107,個人捐贈收入,蕭志瑩,H22*******,70000.00,0.00,,,,,非金錢,臺北市大安區****,0930*****,,,,,,,,
370,鍾沛君,111年臺北市議員選舉,首次申報,1111108,個人捐贈收入,馬宇凡,B10*******,3000.00,0.00,匯款,1111114,,,金錢,,0905*****,,,,,,,,
371,鍾沛君,111年臺北市議員選舉,首次申報,1111108,個人捐贈收入,藍祐謙,F12*******,3000.00,0.00,匯款,1111114,,,金錢,臺北市文山區****,0968*****,,,,,,,,
372,鍾沛君,111年臺北市議員選舉,首次申報,1111108,個人捐贈收入,藍祐謙,F12*******,3000.00,0.00,匯款,1111114,,,金錢,臺北市文山區****,0968*****,,,,,,,,
373,鍾沛君,111年臺北市議員選舉,首次申報,1111109,匿名捐贈,段安華,,2000.00,0.00,匯款,1111109,,,金錢,,,,,,,,,,
374,鍾沛君,111年臺北市議員選舉,首次申報,1111109,個人捐贈收入,陳筱寒,A22*******,10000.00,0.00,匯款,1111115,,,金錢,,0932*****,,,,,,,,
375,鍾沛君,111年臺北市議員選舉,首次申報,1111109,個人捐贈收入,游義誠,M12*******,20000.00,0.00,匯款,1111109,,,金錢,南投縣埔里鎮****,0928*****,,,,,,,,
376,鍾沛君,111年臺北市議員選舉,首次申報,1111110,個人捐贈收入,陳俊宏,F12*******,1000.00,0.00,匯款,1111116,,,金錢,臺北市中正區****,0930*****,,,,,,,,
377,鍾沛君,111年臺北市議員選舉,首次申報,1111110,個人捐贈收入,蔡家傑,F12*******,20000.00,0.00,現金,1111110,,,金錢,新北市新莊區****,0922*****,,,,,,,,
378,鍾沛君,111年臺北市議員選舉,首次申報,1111110,個人捐贈收入,黃琦政,L12*******,1000.00,0.00,匯款,1111116,,,金錢,,0970*****,,,,,,,,
379,鍾沛君,111年臺北市議員選舉,首次申報,1111110,個人捐贈收入,井欣,M12*******,500.00,0.00,匯款,1111116,,,金錢,,0905*****,,,,,,,,
380,鍾沛君,111年臺北市議員選舉,首次申報,1111111,營利事業捐贈收入,台北馥敦飯店股份有限公司,13082118,200000.00,0.00,現金,1111111,已返還,,金錢,臺北市松山區****,02-2*****,,,,,,,,
381,鍾沛君,111年臺北市議員選舉,首次申報,1111111,個人捐贈收入,呂麗萬,X12*******,5000.00,0.00,匯款,1111117,,,金錢,新竹市北區興****,0926*****,,,,,,,,
382,鍾沛君,111年臺北市議員選舉,首次申報,1111112,營利事業捐贈收入,飛撲智慧資產管理有限公司,83483740,10000.00,0.00,匯款,1111112,,,金錢,新北市中和區****,0952*****,,,,,,,,
383,鍾沛君,111年臺北市議員選舉,首次申報,1111112,個人捐贈收入,洪金村,N10*******,50000.00,0.00,票據,1111115,,,金錢,臺北市中正區****,0919*****,,,,,,,,
384,鍾沛君,111年臺北市議員選舉,首次申報,1111113,個人捐贈收入,廖顯嘉,L12*******,3000.00,0.00,匯款,1111113,,,金錢,臺北市文山區****,0919*****,,,,,,,,
385,鍾沛君,111年臺北市議員選舉,首次申報,1111114,營利事業捐贈收入,台北馥敦飯店股份有限公司,13082118,200000.00,0.00,匯款,1111114,已返還,,金錢,臺北市松山區****,02-2*****,,,,,,,,
386,鍾沛君,111年臺北市議員選舉,首次申報,1111114,個人捐贈收入,王均文,A12*******,2000.00,0.00,現金,1111114,,,金錢,臺北市文山區****,0922*****,,,,,,,,
387,鍾沛君,111年臺北市議員選舉,首次申報,1111114,個人捐贈收入,周佑,F12*******,3000.00,0.00,匯款,1111114,,,金錢,臺北市大安區****,0921*****,,,,,,,,
388,鍾沛君,111年臺北市議員選舉,首次申報,1111114,個人捐贈收入,黃莉雯,L22*******,1500.00,0.00,現金,1111121,,,金錢,臺中市潭子區****,0982*****,,,,,,,,
389,鍾沛君,111年臺北市議員選舉,首次申報,1111114,個人捐贈收入,李隱,N20*******,5000.00,0.00,現金,1111114,,,金錢,臺北市文山區****,0924*****,,,,,,,,
390,鍾沛君,111年臺北市議員選舉,首次申報,1111114,個人捐贈收入,張聰文,P12*******,3000.00,0.00,匯款,1111121,,,金錢,臺北市文山區****,0920*****,,,,,,,,
391,鍾沛君,111年臺北市議員選舉,首次申報,1111114,個人捐贈收入,黃文亮,Y12*******,500.00,0.00,匯款,1111114,,,金錢,臺北市文山區****,0981*****,,,,,,,,
392,鍾沛君,111年臺北市議員選舉,首次申報,1111115,匿名捐贈,王寧強,,660.00,0.00,匯款,1111115,,,金錢,,,,,,,,,,
393,鍾沛君,111年臺北市議員選舉,首次申報,1111115,個人捐贈收入,張萬慶,E12*******,15168.00,0.00,匯款,1111115,,,金錢,臺北市文山區****,0987*****,,,,,,,,
394,鍾沛君,111年臺北市議員選舉,首次申報,1111115,個人捐贈收入,黃允貞,K22*******,10000.00,0.00,匯款,1111115,,,金錢,臺北市大安區****,0936*****,,,,,,,,
395,鍾沛君,111年臺北市議員選舉,首次申報,1111115,個人捐贈收入,黃莉雯,L22*******,1500.00,0.00,匯款,1111121,,,金錢,臺中市潭子區****,0982*****,,,,,,,,
396,鍾沛君,111年臺北市議員選舉,首次申報,1111115,個人捐贈收入,何奇幸,R12*******,1000.00,0.00,匯款,1111121,,,金錢,臺南市東區莊****,0956*****,,,,,,,,
397,鍾沛君,111年臺北市議員選舉,首次申報,1111116,個人捐贈收入,劉彥余,A12*******,1500.00,0.00,匯款,1111121,,,金錢,新北市新店區****,0970*****,,,,,,,,
398,鍾沛君,111年臺北市議員選舉,首次申報,1111116,個人捐贈收入,王寵惠,D12*******,1000.00,0.00,匯款,1111121,,,金錢,新北市土城區****,0920*****,,,,,,,,
399,鍾沛君,111年臺北市議員選舉,首次申報,1111116,個人捐贈收入,蘇敏惠,E22*******,2000.00,0.00,匯款,1111122,,,金錢,高雄市苓雅區****,0989*****,,,,,,,,
400,鍾沛君,111年臺北市議員選舉,首次申報,1111116,個人捐贈收入,鍾祥柳,J12*******,1000.00,0.00,現金,1111121,,,金錢,臺北市文山區****,0963*****,,,,,,,,
401,鍾沛君,111年臺北市議員選舉,首次申報,1111117,個人捐贈收入,朱敏雯,,1000.00,0.00,現金,1111117,,,金錢,臺北市松山區****,2762*****,,,,,,,,
402,鍾沛君,111年臺北市議員選舉,首次申報,1111117,個人捐贈收入,陳文榮,J10*******,100000.00,0.00,匯款,1111117,,,金錢,臺北市大安區****,,,,,,,,,
403,鍾沛君,111年臺北市議員選舉,首次申報,1111117,個人捐贈收入,楊淑貞,J20*******,100000.00,0.00,匯款,1111117,,,金錢,臺北市大安區****,,,,,,,,,
404,鍾沛君,111年臺北市議員選舉,首次申報,1111117,個人捐贈收入,蕭景田,N10*******,50000.00,0.00,匯款,1111117,,,金錢,彰化縣社頭鄉****,0932*****,,,,,,,,
405,鍾沛君,111年臺北市議員選舉,首次申報,1111118,個人捐贈收入,劉祥忠,,3000.00,0.00,匯款,1111118,,,金錢,臺北市大安區****,0922*****,,,,,,,,
406,鍾沛君,111年臺北市議員選舉,首次申報,1111118,匿名捐贈,匿名,,1000.00,0.00,現金,1111124,,,金錢,,,,,,,,,,
407,鍾沛君,111年臺北市議員選舉,首次申報,1111118,個人捐贈收入,方品樺,C22*******,1000.00,0.00,匯款,1111124,,,金錢,新北市淡水區****,0928*****,,,,,,,,
408,鍾沛君,111年臺北市議員選舉,首次申報,1111118,個人捐贈收入,翁坪偉,F12*******,1000.00,0.00,匯款,1111124,,,金錢,臺北市大同區****,0932*****,,,,,,,,
409,鍾沛君,111年臺北市議員選舉,首次申報,1111118,個人捐贈收入,李澎珊,X20*******,2000.00,0.00,匯款,1111124,,,金錢,臺北市大安區****,0939*****,,,,,,,,
410,鍾沛君,111年臺北市議員選舉,首次申報,1111118,政黨捐贈收入,中國國民黨,政黨證字第1號,10000.00,0.00,匯款,1111118,,,金錢,台北市中山區****,(02)*****,,,,,,,,
411,鍾沛君,111年臺北市議員選舉,首次申報,1111120,個人捐贈收入,廖若谷,L12*******,1500.00,0.00,匯款,1111120,,,金錢,臺北市文山區****,0911*****,,,,,,,,
412,鍾沛君,111年臺北市議員選舉,首次申報,1111121,個人捐贈收入,林吉君,,3600.00,0.00,匯款,1111121,,,金錢,,0928*****,,,,,,,,
413,鍾沛君,111年臺北市議員選舉,首次申報,1111121,匿名捐贈,謝忠和,,500.00,0.00,現金,1111121,,,金錢,,,,,,,,,,
414,鍾沛君,111年臺北市議員選舉,首次申報,1111121,個人捐贈收入,楊桂枝,A20*******,10000.00,0.00,現金,1111121,,,金錢,臺北市文山區****,,,,,,,,,
415,鍾沛君,111年臺北市議員選舉,首次申報,1111123,個人捐贈收入,劉文錦,E20*******,500.00,0.00,現金,1111123,,,金錢,臺北市文山區****,2239*****,,,,,,,,
416,鍾沛君,111年臺北市議員選舉,首次申報,1111123,個人捐贈收入,劉文匯,E20*******,500.00,0.00,現金,1111123,,,金錢,臺北市文山區****,2239*****,,,,,,,,
417,鍾沛君,111年臺北市議員選舉,首次申報,1111123,個人捐贈收入,王羣伶,S22*******,2000.00,0.00,匯款,1111123,,,金錢,臺北市中正區****,0916*****,,,,,,,,
418,鍾沛君,111年臺北市議員選舉,首次申報,1111124,匿名捐贈,匿名,,288.00,0.00,匯款,1111124,,,金錢,,,,,,,,,,
419,鍾沛君,111年臺北市議員選舉,首次申報,1111124,個人捐贈收入,黃肅月,E22*******,1500.00,0.00,匯款,1111124,,,金錢,臺北市文山區****,,,,,,,,,
420,鍾沛君,111年臺北市議員選舉,首次申報,1111124,個人捐贈收入,蔡承諺,F12*******,2000.00,0.00,現金,1111124,,,金錢,臺北市中正區****,0921*****,,,,,,,,
421,鍾沛君,111年臺北市議員選舉,首次申報,1111124,個人捐贈收入,胡良亭,F12*******,3000.00,0.00,匯款,1111124,,,金錢,臺北市大安區****,0952*****,,,,,,,,
422,鍾沛君,111年臺北市議員選舉,首次申報,1111124,個人捐贈收入,張嘉芸,F22*******,10000.00,0.00,匯款,1111124,,,金錢,臺北市大安區****,0909*****,,,,,,,,
423,鍾沛君,111年臺北市議員選舉,首次申報,1111124,個人捐贈收入,許博堯,N12*******,129.00,0.00,匯款,1111124,,,金錢,彰化縣二林鎮****,0922*****,,,,,,,,
424,鍾沛君,111年臺北市議員選舉,首次申報,1111125,個人捐贈收入,鍾欽堂,T12*******,2000.00,0.00,匯款,1111125,,,金錢,新北市淡水區****,0913*****,,,,,,,,
425,鍾沛君,111年臺北市議員選舉,首次申報,1111127,匿名捐贈,匿名,,101.00,0.00,匯款,1111127,已返還,,金錢,,,,,,,,,,
426,鍾沛君,111年臺北市議員選舉,首次申報,1111221,其他收入,利息收入,,2482.00,0.00,現金,1111221,,,金錢,,,,,,,,,,
