﻿序號,擬參選人／政黨,選舉名稱,申報序號／年度,交易日期,收支科目,捐贈者／支出對象,身分證／統一編號,收入金額,支出金額,支出用途,金錢類,地址,聯絡電話,資料更正日期
1,劉添梧,107年縣(市)議員選舉,首次申報,1071031,人民團體捐贈收入,宜蘭縣三星鄉社區衛生促進會,,10000.00,0.00,,金錢,三星鄉義德村****,9892*****,
2,劉添梧,107年縣(市)議員選舉,首次申報,1071031,營利事業捐贈收入,三慶投資股份有限公司,41517135,100000.00,0.00,,金錢,宜蘭縣羅東鎮****,,
3,劉添梧,107年縣(市)議員選舉,首次申報,1071031,營利事業捐贈收入,順品企業股份有限公司,42037612,30000.00,0.00,,金錢,宜蘭縣羅東鎮****,,
4,劉添梧,107年縣(市)議員選舉,首次申報,1071031,營利事業捐贈收入,冠銓建設股份有限公司,42957188,100000.00,0.00,,金錢,宜蘭縣羅東鎮****,,
5,劉添梧,107年縣(市)議員選舉,首次申報,1071031,營利事業捐贈收入,凱泰有限公司,86415703,10000.00,0.00,,金錢,宜蘭縣羅東鎮****,,
6,劉添梧,107年縣(市)議員選舉,首次申報,1071031,營利事業捐贈收入,百樂食堂,92911069,10000.00,0.00,,金錢,宜蘭縣羅東鎮****,,
7,劉添梧,107年縣(市)議員選舉,首次申報,1071031,個人捐贈收入,賴允亮,A10*******,20000.00,0.00,,金錢,臺北市中正區****,,
8,劉添梧,107年縣(市)議員選舉,首次申報,1071031,個人捐贈收入,周適偉,A12*******,50000.00,0.00,,金錢,宜蘭縣冬山鄉****,,
9,劉添梧,107年縣(市)議員選舉,首次申報,1071031,個人捐贈收入,陳淑緣,A22*******,100000.00,0.00,,金錢,宜蘭縣冬山鄉****,,
10,劉添梧,107年縣(市)議員選舉,首次申報,1071031,個人捐贈收入,郭泓均,E12*******,50000.00,0.00,,金錢,高雄市三民區****,,
11,劉添梧,107年縣(市)議員選舉,首次申報,1071031,個人捐贈收入,陳允謙,G10*******,2000.00,0.00,,金錢,宜蘭縣羅東鎮****,,
12,劉添梧,107年縣(市)議員選舉,首次申報,1071031,個人捐贈收入,林春貴,G10*******,35000.00,0.00,,金錢,宜蘭縣冬山鄉****,,
13,劉添梧,107年縣(市)議員選舉,首次申報,1071031,個人捐贈收入,李龍墉,G10*******,10000.00,0.00,,金錢,宜蘭縣五結鄉****,,
14,劉添梧,107年縣(市)議員選舉,首次申報,1071031,個人捐贈收入,賴允昌,G10*******,20000.00,0.00,,金錢,臺北市中正區****,,
15,劉添梧,107年縣(市)議員選舉,首次申報,1071031,個人捐贈收入,賴允明,G10*******,20000.00,0.00,,金錢,宜蘭縣羅東鎮****,,
16,劉添梧,107年縣(市)議員選舉,首次申報,1071031,個人捐贈收入,賴愈哲,G10*******,20000.00,0.00,,金錢,宜蘭縣羅東鎮****,,
17,劉添梧,107年縣(市)議員選舉,首次申報,1071031,個人捐贈收入,陳金芳,G10*******,30000.00,0.00,,金錢,宜蘭縣羅東鎮****,,
18,劉添梧,107年縣(市)議員選舉,首次申報,1071031,個人捐贈收入,林原楷,G12*******,50000.00,0.00,,金錢,宜蘭縣羅東鎮****,,
19,劉添梧,107年縣(市)議員選舉,首次申報,1071031,個人捐贈收入,賴允立,G12*******,20000.00,0.00,,金錢,臺北市中正區****,,
20,劉添梧,107年縣(市)議員選舉,首次申報,1071031,個人捐贈收入,林慶興,G12*******,100000.00,0.00,,金錢,宜蘭縣宜蘭市****,,
21,劉添梧,107年縣(市)議員選舉,首次申報,1071031,個人捐贈收入,曾美節,G20*******,20000.00,0.00,,金錢,宜蘭縣羅東鎮****,,
22,劉添梧,107年縣(市)議員選舉,首次申報,1071031,個人捐贈收入,黃美宜,G22*******,10000.00,0.00,,金錢,宜蘭縣五結鄉****,,
23,劉添梧,107年縣(市)議員選舉,首次申報,1071031,個人捐贈收入,徐瑞成,M12*******,2000.00,0.00,,金錢,宜蘭縣羅東鎮****,,
24,劉添梧,107年縣(市)議員選舉,首次申報,1071031,個人捐贈收入,許慶祥,U10*******,50000.00,0.00,,金錢,新北市新店區****,,
25,劉添梧,107年縣(市)議員選舉,首次申報,1071102,營利事業捐贈收入,先靚企業社,49802750,3000.00,0.00,,金錢,宜蘭縣員山鄉****,,
26,劉添梧,107年縣(市)議員選舉,首次申報,1071102,個人捐贈收入,游錫堃,G10*******,30000.00,0.00,,金錢,新北市永和區****,,
27,劉添梧,107年縣(市)議員選舉,首次申報,1071102,個人捐贈收入,林添泉,G10*******,36000.00,0.00,,金錢,宜蘭縣三星鄉****,,
28,劉添梧,107年縣(市)議員選舉,首次申報,1071103,人民團體捐贈收入,財團法人台灣省宜蘭縣爐源寺,,6000.00,0.00,,金錢,宜蘭縣羅東鎮****,03-9*****,
29,劉添梧,107年縣(市)議員選舉,首次申報,1071103,營利事業捐贈收入,梅林白石化工股份有限公司,40603007,20000.00,0.00,,金錢,宜蘭縣冬山鄉****,,
30,劉添梧,107年縣(市)議員選舉,首次申報,1071103,個人捐贈收入,藍光造,A10*******,10000.00,0.00,,金錢,宜蘭縣羅東鎮****,,
31,劉添梧,107年縣(市)議員選舉,首次申報,1071103,個人捐贈收入,嚴金土,G10*******,2000.00,0.00,,金錢,宜蘭縣五結鄉****,,
32,劉添梧,107年縣(市)議員選舉,首次申報,1071103,個人捐贈收入,吳清謀,G10*******,6000.00,0.00,,金錢,宜蘭縣羅東鎮****,,
33,劉添梧,107年縣(市)議員選舉,首次申報,1071103,個人捐贈收入,李再燈,G10*******,2000.00,0.00,,金錢,宜蘭縣羅東鎮****,,
34,劉添梧,107年縣(市)議員選舉,首次申報,1071103,個人捐贈收入,吳松濂,G10*******,5000.00,0.00,,金錢,臺北市大同區****,,
35,劉添梧,107年縣(市)議員選舉,首次申報,1071103,個人捐贈收入,劉金章,G10*******,13000.00,0.00,,金錢,宜蘭縣蘇澳鎮****,,
36,劉添梧,107年縣(市)議員選舉,首次申報,1071103,個人捐贈收入,林文龍,G12*******,20000.00,0.00,,金錢,宜蘭縣蘇澳鎮****,,
37,劉添梧,107年縣(市)議員選舉,首次申報,1071103,個人捐贈收入,游贊薰,G12*******,50000.00,0.00,,金錢,宜蘭縣羅東鎮****,,
38,劉添梧,107年縣(市)議員選舉,首次申報,1071103,個人捐贈收入,藍寶珠,G20*******,20000.00,0.00,,金錢,宜蘭縣羅東鎮****,,
39,劉添梧,107年縣(市)議員選舉,首次申報,1071103,個人捐贈收入,吳昕穎,G20*******,10000.00,0.00,,金錢,宜蘭縣羅東鎮****,,
40,劉添梧,107年縣(市)議員選舉,首次申報,1071103,個人捐贈收入,林孟奇,G22*******,10000.00,0.00,,金錢,新北市汐止區****,,
41,劉添梧,107年縣(市)議員選舉,首次申報,1071103,個人捐贈收入,簡綺芳,Q22*******,20000.00,0.00,,金錢,新北市板橋區****,,
42,劉添梧,107年縣(市)議員選舉,首次申報,1071104,營利事業捐贈收入,活寶食品股份有限公司,40592607,30000.00,0.00,,金錢,宜蘭縣冬山鄉****,,
43,劉添梧,107年縣(市)議員選舉,首次申報,1071104,營利事業捐贈收入,東技工業股份有限公司,42034376,50000.00,0.00,,金錢,宜蘭縣冬山鄉****,,
44,劉添梧,107年縣(市)議員選舉,首次申報,1071104,個人捐贈收入,郭冠妤,E22*******,50000.00,0.00,,金錢,高雄市三民區****,,
45,劉添梧,107年縣(市)議員選舉,首次申報,1071104,個人捐贈收入,魏暐庭,G12*******,10000.00,0.00,,金錢,新竹縣竹北市****,,
46,劉添梧,107年縣(市)議員選舉,首次申報,1071104,個人捐贈收入,周錫琦,G12*******,10000.00,0.00,,金錢,宜蘭縣羅東鎮****,,
47,劉添梧,107年縣(市)議員選舉,首次申報,1071104,個人捐贈收入,楊桐峯,G12*******,60000.00,0.00,,金錢,宜蘭縣羅東鎮****,,
48,劉添梧,107年縣(市)議員選舉,首次申報,1071105,個人捐贈收入,盧成卧,G12*******,20000.00,0.00,,金錢,宜蘭縣羅東鎮****,,
49,劉添梧,107年縣(市)議員選舉,首次申報,1071105,個人捐贈收入,洪吳秀麗,N20*******,2000.00,0.00,,金錢,宜蘭縣羅東鎮****,,
50,劉添梧,107年縣(市)議員選舉,首次申報,1071108,個人捐贈收入,林榮發,G12*******,10000.00,0.00,,金錢,宜蘭縣羅東鎮****,,
51,劉添梧,107年縣(市)議員選舉,首次申報,1071108,個人捐贈收入,黃彥菱,G22*******,5000.00,0.00,,金錢,新竹市祟和路****,,
52,劉添梧,107年縣(市)議員選舉,首次申報,1071109,營利事業捐贈收入,益來工程股份有限公司,01126219,100000.00,0.00,,金錢,臺北市內湖區****,,
53,劉添梧,107年縣(市)議員選舉,首次申報,1071109,營利事業捐贈收入,中暘企業有限公司,86220221,20000.00,0.00,,金錢,宜蘭縣五結鄉****,,
54,劉添梧,107年縣(市)議員選舉,首次申報,1071110,營利事業捐贈收入,興璟泰建設股份有限公司,53267512,20000.00,0.00,,金錢,宜蘭縣宜蘭市****,,
55,劉添梧,107年縣(市)議員選舉,首次申報,1071110,個人捐贈收入,李明聰,G12*******,20000.00,0.00,,金錢,宜蘭縣羅東鎮****,,
56,劉添梧,107年縣(市)議員選舉,首次申報,1071115,營利事業捐贈收入,金是金股份有限公司,27855107,30000.00,0.00,,金錢,宜蘭縣員山鄉****,,
57,劉添梧,107年縣(市)議員選舉,首次申報,1071115,營利事業捐贈收入,薛長興工業股份有限公司,41910405,20000.00,0.00,,金錢,宜蘭縣五結鄉****,,
58,劉添梧,107年縣(市)議員選舉,首次申報,1071115,個人捐贈收入,劉添弘,G12*******,20000.00,0.00,,金錢,宜蘭縣冬山鄉****,,
59,劉添梧,107年縣(市)議員選舉,首次申報,1071118,個人捐贈收入,張志岳,G10*******,20000.00,0.00,,金錢,宜蘭縣羅東鎮****,,
60,劉添梧,107年縣(市)議員選舉,首次申報,1071118,個人捐贈收入,王信豐,G10*******,10000.00,0.00,,金錢,宜蘭縣冬山鄉****,,
61,劉添梧,107年縣(市)議員選舉,首次申報,1071120,個人捐贈收入,林建良,G12*******,20000.00,0.00,,金錢,宜蘭縣羅東鎮****,,
62,劉添梧,107年縣(市)議員選舉,首次申報,1071121,個人捐贈收入,王信庸,G10*******,10000.00,0.00,,金錢,宜蘭縣冬山鄉****,,
63,劉添梧,107年縣(市)議員選舉,首次申報,1071122,個人捐贈收入,郭淑慧,P22*******,20000.00,0.00,,金錢,桃園市桃園區****,,
64,劉添梧,107年縣(市)議員選舉,首次申報,1071221,其他收入,利息收入,,40.00,0.00,,金錢,,,
