﻿序號,擬參選人／政黨,選舉名稱,申報序號／年度,交易日期,收支科目,捐贈者／支出對象,身分證／統一編號,收入金額,支出金額,支出用途,金錢類,地址,聯絡電話,資料更正日期
1,邱德宏,107年鄉(鎮、市)長選舉,首次申報,1071014,個人捐贈收入,范崑達,K12*******,30000.00,0.00,,金錢,苗栗縣苗栗市****,0953*****,
2,邱德宏,107年鄉(鎮、市)長選舉,首次申報,1071017,個人捐贈收入,吳昆展,P12*******,30000.00,0.00,,金錢,苗栗縣苗栗市****,,
3,邱德宏,107年鄉(鎮、市)長選舉,首次申報,1071022,個人捐贈收入,邱德明,,20000.00,0.00,,金錢,苗栗縣通霄鎮****,0377*****,
4,邱德宏,107年鄉(鎮、市)長選舉,首次申報,1071025,營利事業捐贈收入,通霄休閒農場股份有限公司,84072626,50000.00,0.00,,金錢,苗栗縣通霄鎮****,,
5,邱德宏,107年鄉(鎮、市)長選舉,首次申報,1071028,個人捐贈收入,陳承功,,5000.00,0.00,,金錢,,0910*****,
6,邱德宏,107年鄉(鎮、市)長選舉,首次申報,1071101,營利事業捐贈收入,發明家科技開發股份有限公司,22859168,10000.00,0.00,,金錢,臺北市延平北****,0225*****,
7,邱德宏,107年鄉(鎮、市)長選舉,首次申報,1071102,個人捐贈收入,徐宗宏,H12*******,70000.00,0.00,,金錢,新北市蘆洲區****,,
8,邱德宏,107年鄉(鎮、市)長選舉,首次申報,1071103,個人捐贈收入,張靜茹,E22*******,4000.00,0.00,,金錢,苗栗縣通霄鎮****,,
9,邱德宏,107年鄉(鎮、市)長選舉,首次申報,1071104,個人捐贈收入,林伯修,K12*******,6600.00,0.00,,金錢,苗栗縣苗栗市****,,
10,邱德宏,107年鄉(鎮、市)長選舉,首次申報,1071118,個人捐贈收入,徐宗宏,H12*******,30000.00,0.00,,金錢,新北市蘆洲鷺****,,
11,邱德宏,107年鄉(鎮、市)長選舉,首次申報,1071118,個人捐贈收入,張正達,R10*******,100000.00,0.00,,金錢,臺南市中西區****,,
12,邱德宏,107年鄉(鎮、市)長選舉,首次申報,1071121,個人捐贈收入,邱素梅,K20*******,60000.00,0.00,,金錢,臺中市大甲區****,04-2*****,
13,邱德宏,107年鄉(鎮、市)長選舉,首次申報,1071221,其他收入,利息收入,,1.00,0.00,,金錢,,,
