﻿序號,擬參選人／政黨,選舉名稱,申報序號／年度,交易日期,收支科目,捐贈者／支出對象,身分證／統一編號,收入金額,支出金額,支出用途,金錢類,地址,聯絡電話,資料更正日期
1,賴建豪,109年立法委員選舉,首次申報,1081125,政黨捐贈收入,親民黨,政黨證字第90號,200000.00,0.00,,金錢,台北市中山區****,(02)*****,
2,賴建豪,109年立法委員選舉,首次申報,1081221,其他收入,利息收入,,7.00,0.00,,金錢,,,
3,賴建豪,109年立法委員選舉,首次申報,1081221,匿名捐贈,匿名,,1000.00,0.00,,金錢,,,
4,賴建豪,109年立法委員選舉,首次申報,1090106,個人捐贈收入,張文沼,,3000.00,0.00,,金錢,,0989*****,
