﻿序號,擬參選人／政黨,選舉名稱,申報序號／年度,交易日期,收支科目,捐贈者／支出對象,身分證／統一編號,收入金額,支出金額,捐贈方式,存入專戶日期,返還/繳庫,支出用途,金錢類,地址,聯絡電話,應揭露之支出對象,支出對象之內部人員姓名,支出對象之內部人員職稱,政黨之內部人員姓名,政黨之內部人員職稱,關係,更正註記,資料更正日期
1,余邦彥,111年新竹市議員選舉,首次申報,1110729,個人捐贈收入,蔡侑達,,20000.00,0.00,匯款,1110729,,,金錢,新北市永和區****,,,,,,,,,
2,余邦彥,111年新竹市議員選舉,首次申報,1110805,個人捐贈收入,魏秀涓,K22*******,100000.00,0.00,匯款,1110805,,,金錢,新竹市關新路****,0955*****,,,,,,,,
3,余邦彥,111年新竹市議員選舉,首次申報,1110805,個人捐贈收入,張少貢,W10*******,100000.00,0.00,匯款,1110805,,,金錢,新竹市關新路****,0930*****,,,,,,,,
4,余邦彥,111年新竹市議員選舉,首次申報,1110912,營利事業捐贈收入,峰華國際不動產有限公司,45106400,20000.00,0.00,匯款,1110912,,,金錢,新竹市東門街****,0362*****,,,,,,,,
5,余邦彥,111年新竹市議員選舉,首次申報,1110912,個人捐贈收入,郭金雄,J10*******,100000.00,0.00,現金,1110912,,,金錢,新竹市水田里****,0986*****,,,,,,,,
6,余邦彥,111年新竹市議員選舉,首次申報,1110912,個人捐贈收入,郭嘉昌,J12*******,100000.00,0.00,現金,1110912,,,金錢,新竹市水田里****,0986*****,,,,,,,,
7,余邦彥,111年新竹市議員選舉,首次申報,1110912,個人捐贈收入,郭嘉傑,J12*******,100000.00,0.00,現金,1110912,,,金錢,新竹市東區親****,,,,,,,,,
8,余邦彥,111年新竹市議員選舉,首次申報,1110916,個人捐贈收入,蘇律蓁,J22*******,100000.00,0.00,匯款,1110916,,,金錢,新竹市北區金****,0962*****,,,,,,,,
9,余邦彥,111年新竹市議員選舉,首次申報,1110920,個人捐贈收入,陳耀芳,A22*******,100000.00,0.00,現金,1110920,,,金錢,桃園市龜山區****,0958*****,,,,,,,,
10,余邦彥,111年新竹市議員選舉,首次申報,1110920,個人捐贈收入,林蒼柏,B12*******,100000.00,0.00,現金,1110920,,,金錢,新北市中和區****,0937*****,,,,,,,,
11,余邦彥,111年新竹市議員選舉,首次申報,1110920,個人捐贈收入,李展輝,B12*******,100000.00,0.00,現金,1110920,,,金錢,新北市新店區****,0933*****,,,,,,,,
12,余邦彥,111年新竹市議員選舉,首次申報,1110920,個人捐贈收入,黃振發,Q12*******,100000.00,0.00,現金,1110920,,,金錢,桃園市龜山區****,0933*****,,,,,,,,
13,余邦彥,111年新竹市議員選舉,首次申報,1110920,個人捐贈收入,黃淑娟,Q22*******,100000.00,0.00,現金,1110920,,,金錢,臺北市文山區****,0915*****,,,,,,,,
14,余邦彥,111年新竹市議員選舉,首次申報,1110922,個人捐贈收入,姚家朋,K12*******,100000.00,0.00,匯款,1110922,,,金錢,新竹市東區光****,0356*****,,,,,,,,
15,余邦彥,111年新竹市議員選舉,首次申報,1110926,個人捐贈收入,羅源德,J12*******,100000.00,0.00,匯款,1110926,,,金錢,新竹市東區金****,0937*****,,,,,,,,
16,余邦彥,111年新竹市議員選舉,首次申報,1111006,營利事業捐贈收入,威迪諾科技有限公司,16724213,30000.00,0.00,現金,1111006,,,金錢,新竹市東區光****,0356*****,,,,,,,,
17,余邦彥,111年新竹市議員選舉,首次申報,1111012,個人捐贈收入,江本誠,A12*******,60000.00,0.00,現金,1111012,,,金錢,苗栗縣竹南鎮****,0922*****,,,,,,,,
18,余邦彥,111年新竹市議員選舉,首次申報,1111012,個人捐贈收入,彭炎枝,J12*******,80000.00,0.00,現金,1111012,,,金錢,苗栗縣竹南鎮****,0932*****,,,,,,,,
19,余邦彥,111年新竹市議員選舉,首次申報,1111012,個人捐贈收入,陳錦富,K12*******,60000.00,0.00,現金,1111012,,,金錢,苗栗縣竹南鎮****,0932*****,,,,,,,,
20,余邦彥,111年新竹市議員選舉,首次申報,1111014,個人捐贈收入,陳世凱,J12*******,36000.00,0.00,匯款,1111014,,,金錢,新竹市集賢街****,0924*****,,,,,,,,
21,余邦彥,111年新竹市議員選舉,首次申報,1111018,營利事業捐贈收入,旭盛開發有限公司,27443582,100000.00,0.00,匯款,1111018,,,金錢,新竹市北區武****,0353*****,,,,,,,,
22,余邦彥,111年新竹市議員選舉,首次申報,1111021,個人捐贈收入,姚淑娟,J22*******,20000.00,0.00,匯款,1111021,,,金錢,新竹縣竹北市****,0955*****,,,,,,,,
23,余邦彥,111年新竹市議員選舉,首次申報,1111022,營利事業捐贈收入,台新輪胎有限公司,80603860,20000.00,0.00,現金,1111024,,,金錢,新竹市公道五****,0353*****,,,,,,,,
24,余邦彥,111年新竹市議員選舉,首次申報,1111022,營利事業捐贈收入,頤展企業有限公司,86559166,50000.00,0.00,現金,1111024,,,金錢,新竹市東南街****,0352*****,,,,,,,,
25,余邦彥,111年新竹市議員選舉,首次申報,1111022,營利事業捐贈收入,鴻盛電熱材料有限公司,97010243,6000.00,0.00,現金,1111022,,,金錢,新竹市中華路****,0932*****,,,,,,,,
26,余邦彥,111年新竹市議員選舉,首次申報,1111024,個人捐贈收入,王金蘭,J20*******,30000.00,0.00,現金,1111024,,,金錢,新竹縣寶山鄉****,0939*****,,,,,,,,
27,余邦彥,111年新竹市議員選舉,首次申報,1111025,營利事業捐贈收入,百祥加油站股份有限公司,23072173,500000.00,0.00,票據,1111025,,,金錢,新竹市中華路****,0935*****,,,,,,,,
28,余邦彥,111年新竹市議員選舉,首次申報,1111025,個人捐贈收入,薛憲徽,Q12*******,20000.00,0.00,現金,1111025,,,金錢,新竹市東區經****,0931*****,,,,,,,,
29,余邦彥,111年新竹市議員選舉,首次申報,1111102,個人捐贈收入,楊文賢,S10*******,100000.00,0.00,匯款,1111102,,,金錢,苗栗縣頭份市****,0376*****,,,,,,,,
30,余邦彥,111年新竹市議員選舉,首次申報,1111108,個人捐贈收入,蔡豐任,J12*******,100000.00,0.00,現金,1111108,,,金錢,新竹市東區公****,0353*****,,,,,,,,
31,余邦彥,111年新竹市議員選舉,首次申報,1111108,個人捐贈收入,郭淑賢,J22*******,100000.00,0.00,現金,1111108,,,金錢,新竹市北區西****,0353*****,,,,,,,,
32,余邦彥,111年新竹市議員選舉,首次申報,1111108,個人捐贈收入,黃筱鈞,J22*******,100000.00,0.00,現金,1111108,,,金錢,新竹市北區西****,0353*****,,,,,,,,
33,余邦彥,111年新竹市議員選舉,首次申報,1111110,個人捐贈收入,謝家騏,K12*******,60000.00,0.00,匯款,1111110,,,金錢,新竹市東區學****,0963*****,,,,,,,,
34,余邦彥,111年新竹市議員選舉,首次申報,1111116,個人捐贈收入,孫詩蓓,J22*******,30000.00,0.00,現金,1111116,,,金錢,新竹縣竹北市****,0927*****,,,,,,,,
35,余邦彥,111年新竹市議員選舉,首次申報,1111116,個人捐贈收入,黃士翔,L12*******,30000.00,0.00,現金,1111116,,,金錢,新竹縣竹北市****,0963*****,,,,,,,,
36,余邦彥,111年新竹市議員選舉,首次申報,1111119,個人捐贈收入,廖運桶,J10*******,5000.00,0.00,現金,1111119,,,金錢,新竹市親仁里****,0930*****,,,,,,,,
37,余邦彥,111年新竹市議員選舉,首次申報,1111121,個人捐贈收入,謝和宇,H12*******,10000.00,0.00,現金,1111121,,,金錢,新竹市經國路****,0912*****,,,,,,,,
