﻿序號,擬參選人／政黨,選舉名稱,申報序號／年度,交易日期,收支科目,捐贈者／支出對象,身分證／統一編號,收入金額,支出金額,支出用途,金錢類,地址,聯絡電話,資料更正日期
1,江子信,107年鄉(鎮、市)長選舉,首次申報,1071107,個人捐贈收入,蔡銘仁,B12*******,66000.00,0.00,,金錢,臺中市北區梅****,,
2,江子信,107年鄉(鎮、市)長選舉,首次申報,1071109,個人捐贈收入,莊永和,M10*******,30000.00,0.00,,金錢,南投縣埔里鎮****,,
3,江子信,107年鄉(鎮、市)長選舉,首次申報,1071113,個人捐贈收入,游政維,M12*******,20000.00,0.00,,金錢,南投縣埔里鎮****,,
4,江子信,107年鄉(鎮、市)長選舉,首次申報,1071115,營利事業捐贈收入,匯通企業設,18136134,8000.00,0.00,,金錢,南投縣南投市****,,
5,江子信,107年鄉(鎮、市)長選舉,首次申報,1071119,個人捐贈收入,陳勝裕,L12*******,2000.00,0.00,,金錢,臺中市西屯區****,,
6,江子信,107年鄉(鎮、市)長選舉,首次申報,1071122,營利事業捐贈收入,榮高音樂股份有限公司,23098173,100000.00,0.00,,金錢,南投縣國姓鄉****,,
