﻿序號,擬參選人／政黨,選舉名稱,申報序號／年度,交易日期,收支科目,捐贈者／支出對象,身分證／統一編號,收入金額,支出金額,捐贈方式,存入專戶日期,返還/繳庫,支出用途,金錢類,地址,聯絡電話,應揭露之支出對象,支出對象之內部人員姓名,支出對象之內部人員職稱,政黨之內部人員姓名,政黨之內部人員職稱,關係,更正註記,資料更正日期
1,吳亭亭,111年苗栗縣議員選舉,首次申報,1111017,個人捐贈收入,鍾志翔,R12*******,2000.00,0.00,匯款,1111018,,,金錢,苗栗縣竹南鎮****,,,,,,,,,
2,吳亭亭,111年苗栗縣議員選舉,首次申報,1111018,個人捐贈收入,王銘國,K12*******,100000.00,0.00,匯款,1111018,,,金錢,苗栗縣竹南鎮****,0933*****,,,,,,,,
3,吳亭亭,111年苗栗縣議員選舉,首次申報,1111020,營利事業捐贈收入,聖堂機械工程有限公司,22790443,50000.00,0.00,現金,,已返還,,金錢,苗栗縣竹南鎮****,037-*****,,,,,,,,
4,吳亭亭,111年苗栗縣議員選舉,首次申報,1111020,個人捐贈收入,江瑞濱,J12*******,8000.00,0.00,現金,,已返還,,金錢,苗栗縣竹南鎮****,0932*****,,,,,,,,
5,吳亭亭,111年苗栗縣議員選舉,首次申報,1111020,個人捐贈收入,魏朝興,K10*******,20000.00,0.00,現金,,已返還,,金錢,苗栗縣頭份市****,0935*****,,,,,,,,
