﻿序號,擬參選人／政黨,選舉名稱,申報序號／年度,交易日期,收支科目,捐贈者／支出對象,身分證／統一編號,收入金額,支出金額,捐贈方式,存入專戶日期,返還/繳庫,支出用途,金錢類,地址,聯絡電話,應揭露之支出對象,支出對象之內部人員姓名,支出對象之內部人員職稱,政黨之內部人員姓名,政黨之內部人員職稱,關係,更正註記,資料更正日期
1,正黨,,112,1120502,個人捐贈收入,林麗容,Q20*******,8000.00,0.00,現金,1120502,,,金錢,新北市新莊區****,,,,,,,,,
2,正黨,,112,1120502,個人捐贈收入,葉泉宏,X12*******,5000.00,0.00,現金,1120502,,,金錢,新北市新莊區****,,,,,,,,,
3,正黨,,112,1120502,個人捐贈收入,葉子玄,A22*******,2000.00,0.00,現金,1120502,,,金錢,新北市新莊區****,,,,,,,,,
4,正黨,,112,1120621,其他收入,利息,,2.00,0.00,現金,1120621,,,金錢,,,,,,,,,,
5,正黨,,112,1121002,個人捐贈收入,林麗容,Q20*******,10000.00,0.00,現金,1121002,,,金錢,新北市新莊區****,,,,,,,,,
6,正黨,,112,1121002,個人捐贈收入,葉泉宏,X12*******,4000.00,0.00,現金,1121002,,,金錢,新北市新莊區****,,,,,,,,,
7,正黨,,112,1121002,個人捐贈收入,葉子玄,A22*******,2000.00,0.00,現金,1121002,,,金錢,新北市新莊區****,,,,,,,,,
8,正黨,,112,1121221,其他收入,利息,,22.00,0.00,現金,1121221,,,金錢,,,,,,,,,,
