﻿序號,擬參選人／政黨,選舉名稱,申報序號／年度,交易日期,收支科目,捐贈者／支出對象,身分證／統一編號,收入金額,支出金額,捐贈方式,存入專戶日期,返還/繳庫,支出用途,金錢類,地址,聯絡電話,應揭露之支出對象,支出對象之內部人員姓名,支出對象之內部人員職稱,政黨之內部人員姓名,政黨之內部人員職稱,關係,更正註記,資料更正日期
1,李慶鋒,107年臺北市議員選舉,第4次賸餘,1110128,參加公職人員選舉使用支出,台灣高鐵,16446274,0.00,1400.00,,,,搭乘交通工具費用,金錢,臺北市南港區****,,否,,,,,,,
2,李慶鋒,107年臺北市議員選舉,第4次賸餘,1110131,參加公職人員選舉使用支出,林倖如,S22*******,0.00,30000.00,,,,工資或薪津,金錢,,,是,林倖如,,,,配偶(太太),,
3,李慶鋒,107年臺北市議員選舉,第4次賸餘,1110202,參加公職人員選舉使用支出,台灣高鐵,16446274,0.00,1580.00,,,,搭乘交通工具費用,金錢,臺北市南港區****,,否,,,,,,,
4,李慶鋒,107年臺北市議員選舉,第4次賸餘,1110219,參加公職人員選舉使用支出,台灣高鐵,16446274,0.00,2890.00,,,,搭乘交通工具費用,金錢,,,否,,,,,,,
5,李慶鋒,107年臺北市議員選舉,第4次賸餘,1110228,參加公職人員選舉使用支出,林倖如,S22*******,0.00,30000.00,,,,工資或薪津,金錢,,,是,林倖如,,,,配偶(太太),,
6,李慶鋒,107年臺北市議員選舉,第4次賸餘,1110307,參加公職人員選舉使用支出,莫宰羊企業有限公司,28216918,0.00,1430.00,,,,餐飲費用,金錢,,,否,,,,,,,
7,李慶鋒,107年臺北市議員選舉,第4次賸餘,1110309,參加公職人員選舉使用支出,好味全市集股份有限公司,38551622,0.00,9228.00,,,,聯誼交際費用,金錢,,,否,,,,,,,
8,李慶鋒,107年臺北市議員選舉,第4次賸餘,1110331,參加公職人員選舉使用支出,林倖如,S22*******,0.00,30000.00,,,,工資或薪津,金錢,,,是,林倖如,,,,配偶(太太),,
9,李慶鋒,107年臺北市議員選舉,第4次賸餘,1110402,參加公職人員選舉使用支出,台灣高鐵,16446274,0.00,1350.00,,,,搭乘交通工具費用,金錢,,,否,,,,,,,
10,李慶鋒,107年臺北市議員選舉,第4次賸餘,1110414,參加公職人員選舉使用支出,家樂福,96975177,0.00,1701.00,,,,雜項購置或修繕費用,金錢,,,否,,,,,,,
11,李慶鋒,107年臺北市議員選舉,第4次賸餘,1110420,參加公職人員選舉使用支出,曬太陽文化創研社,26346470,0.00,1700.00,,,,雜項購置或修繕費用,金錢,,,否,,,,,,,
12,李慶鋒,107年臺北市議員選舉,第4次賸餘,1110425,參加公職人員選舉使用支出,傑富水產行,85729229,0.00,3955.00,,,,餐飲費用,金錢,,,否,,,,,,,
13,李慶鋒,107年臺北市議員選舉,第4次賸餘,1110430,參加公職人員選舉使用支出,林倖如,S22*******,0.00,30000.00,,,,工資或薪津,金錢,,,是,林倖如,,,,配偶(太太),,
14,李慶鋒,107年臺北市議員選舉,第4次賸餘,1110506,參加公職人員選舉使用支出,加鴻自助餐店,83907590,0.00,225.00,,,,餐飲費用,金錢,,,否,,,,,,,
15,李慶鋒,107年臺北市議員選舉,第4次賸餘,1110531,參加公職人員選舉使用支出,林倖如,S22*******,0.00,30000.00,,,,工資或薪津,金錢,,,是,林倖如,,,,配偶(太太),,
16,李慶鋒,107年臺北市議員選舉,第4次賸餘,1110630,參加公職人員選舉使用支出,林倖如,S22*******,0.00,30000.00,,,,工資或薪津,金錢,,,是,林倖如,,,,配偶(太太),,
17,李慶鋒,107年臺北市議員選舉,第4次賸餘,1110707,參加公職人員選舉使用支出,台灣高鐵,16446274,0.00,2020.00,,,,搭乘交通工具費用,金錢,,,否,,,,,,,
18,李慶鋒,107年臺北市議員選舉,第4次賸餘,1110714,參加公職人員選舉使用支出,中華郵政,,0.00,128.00,,,,郵寄競選物品或宣傳廣告費用,金錢,,0800*****,否,,,,,,,
19,李慶鋒,107年臺北市議員選舉,第4次賸餘,1110731,參加公職人員選舉使用支出,林倖如,S22*******,0.00,30000.00,,,,工資或薪津,金錢,,,是,林倖如,,,,配偶(太太),,
