﻿序號,擬參選人／政黨,選舉名稱,申報序號／年度,交易日期,收支科目,捐贈者／支出對象,身分證／統一編號,收入金額,支出金額,支出用途,金錢類,地址,聯絡電話,資料更正日期
1,林水金,107年鄉(鎮、市)長選舉,首次申報,1071123,營利事業捐贈收入,峻毫瓦斯行,13673417,10000.00,0.00,,金錢,宜蘭市校舍路****,,
2,林水金,107年鄉(鎮、市)長選舉,首次申報,1071123,營利事業捐贈收入,允鴻水電行,26782319,50000.00,0.00,,金錢,宜蘭縣壯圍鄉****,,
3,林水金,107年鄉(鎮、市)長選舉,首次申報,1071123,營利事業捐贈收入,得鈺(股)公司,27659490,50000.00,0.00,,金錢,宜蘭縣壯圍鄉****,,
4,林水金,107年鄉(鎮、市)長選舉,首次申報,1071123,營利事業捐贈收入,嘉成水電有限公司,42583338,10000.00,0.00,,金錢,宜蘭縣壯圍鄉****,,
5,林水金,107年鄉(鎮、市)長選舉,首次申報,1071123,營利事業捐贈收入,宜誠鋼品工程有限公司,53801352,10000.00,0.00,,金錢,宜蘭縣壯圍鄉****,,
6,林水金,107年鄉(鎮、市)長選舉,首次申報,1071123,營利事業捐贈收入,立旺裝潢有限公司,54251030,5000.00,0.00,,金錢,宜蘭縣壯圍鄉****,,
7,林水金,107年鄉(鎮、市)長選舉,首次申報,1071123,營利事業捐贈收入,順添企業社,70927144,50000.00,0.00,,金錢,宜蘭縣壯圍鄉****,,
8,林水金,107年鄉(鎮、市)長選舉,首次申報,1071123,營利事業捐贈收入,日富金屬工業有限公司,84207315,10000.00,0.00,,金錢,宜蘭縣冬山鄉****,,
9,林水金,107年鄉(鎮、市)長選舉,首次申報,1071123,個人捐贈收入,黃金旺,G10*******,10000.00,0.00,,金錢,宜蘭市成功路****,,
10,林水金,107年鄉(鎮、市)長選舉,首次申報,1071123,個人捐贈收入,林坤池,G10*******,6000.00,0.00,,金錢,宜蘭縣壯圍鄉****,,
11,林水金,107年鄉(鎮、市)長選舉,首次申報,1071123,個人捐贈收入,藍雲龍,G10*******,10000.00,0.00,,金錢,宜蘭縣壯圍鄉****,,
12,林水金,107年鄉(鎮、市)長選舉,首次申報,1071123,個人捐贈收入,林信安,G12*******,5000.00,0.00,,金錢,新竹市東區新****,,
13,林水金,107年鄉(鎮、市)長選舉,首次申報,1071123,個人捐贈收入,陳宜謙,G12*******,5000.00,0.00,,金錢,宜蘭市大福路****,,
14,林水金,107年鄉(鎮、市)長選舉,首次申報,1071123,個人捐贈收入,呂青山,G12*******,2000.00,0.00,,金錢,宜蘭縣壯圍鄉****,,
15,林水金,107年鄉(鎮、市)長選舉,首次申報,1071123,個人捐贈收入,林志洋,G12*******,6000.00,0.00,,金錢,宜蘭縣礁溪鄉****,,
16,林水金,107年鄉(鎮、市)長選舉,首次申報,1071123,個人捐贈收入,林朝賢,G12*******,10000.00,0.00,,金錢,宜蘭縣壯圍鄉****,,
17,林水金,107年鄉(鎮、市)長選舉,首次申報,1071123,個人捐贈收入,林文榮,G12*******,10000.00,0.00,,金錢,宜蘭縣五結鄉****,,
18,林水金,107年鄉(鎮、市)長選舉,首次申報,1071123,個人捐贈收入,林玉華,G22*******,10000.00,0.00,,金錢,宜蘭縣壯圍鄉****,,
19,林水金,107年鄉(鎮、市)長選舉,首次申報,1071123,個人捐贈收入,陳雪香,G22*******,10000.00,0.00,,金錢,宜蘭縣壯圍鄉****,,
20,林水金,107年鄉(鎮、市)長選舉,首次申報,1071123,個人捐贈收入,林慶榮,L10*******,30000.00,0.00,,金錢,台中市霧峰區****,,
21,林水金,107年鄉(鎮、市)長選舉,首次申報,1071123,個人捐贈收入,林連福,Y12*******,10000.00,0.00,,金錢,台北市士林區****,,
