﻿序號,擬參選人／政黨,選舉名稱,申報序號／年度,交易日期,收支科目,捐贈者／支出對象,身分證／統一編號,收入金額,支出金額,捐贈方式,存入專戶日期,返還/繳庫,支出用途,金錢類,地址,聯絡電話,應揭露之支出對象,支出對象之內部人員姓名,支出對象之內部人員職稱,政黨之內部人員姓名,政黨之內部人員職稱,關係,更正註記,資料更正日期
1,吳銘麟,111年臺中市潭子區栗林里里長選舉,首次申報,1110902,雜支支出,芳銘堂,55121210,0.00,150.00,,,,印章,金錢,臺中市豐原區****,0425*****,否,,,,,,,
2,吳銘麟,111年臺中市潭子區栗林里里長選舉,首次申報,1111008,雜支支出,豐潭加油站,55041504,0.00,120.00,,,,機車汽油,金錢,臺中市豐原區****,,否,,,,,,,
3,吳銘麟,111年臺中市潭子區栗林里里長選舉,首次申報,1111021,雜支支出,馬來西亞商科士威有限公司台灣分公司龍井中厝領袖中心,25266955,0.00,76.00,,,,白板筆,金錢,臺中市豐原區****,04-2*****,否,,,,,,,
4,吳銘麟,111年臺中市潭子區栗林里里長選舉,首次申報,1111029,雜支支出,豐源加油站有限公司,84527582,0.00,97.00,,,,機車汽油,金錢,臺中市豐原區****,04-2*****,否,,,,,,,
5,吳銘麟,111年臺中市潭子區栗林里里長選舉,首次申報,1111104,雜支支出,豐潭加油站,55041504,0.00,65.00,,,,機車汽油,金錢,臺中市豐原區****,,否,,,,,,,
6,吳銘麟,111年臺中市潭子區栗林里里長選舉,首次申報,1111111,雜支支出,豐源加油站有限公司,84527582,0.00,101.00,,,,機車汽油,金錢,臺中市豐原區****,04-2*****,否,,,,,,,
7,吳銘麟,111年臺中市潭子區栗林里里長選舉,首次申報,1111121,雜支支出,好市多(股)公司北台中分公司,83794478,0.00,108.00,,,,機車汽油,金錢,臺中市北屯區****,04-3*****,否,,,,,,,
8,吳銘麟,111年臺中市潭子區栗林里里長選舉,首次申報,1120104,返還捐贈支出,時代力量,政黨證字第267號,0.00,50000.00,,,,返還,金錢,臺北市大同區****,,否,,,,,,,
