﻿序號,擬參選人／政黨,選舉名稱,申報序號／年度,交易日期,收支科目,捐贈者／支出對象,身分證／統一編號,收入金額,支出金額,支出用途,金錢類,地址,聯絡電話,資料更正日期
1,林揚傑,107年鄉(鎮、市)長選舉,首次申報,1070910,個人捐贈收入,林芳蓮,G22*******,6600.00,0.00,,金錢,新北市中和區****,,
2,林揚傑,107年鄉(鎮、市)長選舉,首次申報,1071008,個人捐贈收入,楊鑽禎,G10*******,3600.00,0.00,,金錢,宜蘭縣員山鄉****,,
3,林揚傑,107年鄉(鎮、市)長選舉,首次申報,1071015,個人捐贈收入,林青,E10*******,5000.00,0.00,,金錢,新北市新店區****,,
4,林揚傑,107年鄉(鎮、市)長選舉,首次申報,1071122,個人捐贈收入,張世泰,A11*******,10000.00,0.00,,金錢,台北市松山區****,,
