﻿序號,擬參選人／政黨,選舉名稱,申報序號／年度,交易日期,收支科目,捐贈者／支出對象,身分證／統一編號,收入金額,支出金額,捐贈方式,存入專戶日期,返還/繳庫,支出用途,金錢類,地址,聯絡電話,應揭露之支出對象,支出對象之內部人員姓名,支出對象之內部人員職稱,政黨之內部人員姓名,政黨之內部人員職稱,關係,更正註記,資料更正日期
1,林宜蓁,111年臺中市議員選舉,首次申報,1110629,雜支支出,昌平鎖匙,77606435,0.00,1000.00,,,,拷貝遙控器,金錢,台中市北屯區****,0422*****,否,,,,,,,
2,林宜蓁,111年臺中市議員選舉,首次申報,1110702,雜支支出,一同環保企業行,47499612,0.00,1200.00,,,,通馬桶,金錢,台中市西屯區****,0985*****,否,,,,,,,
3,林宜蓁,111年臺中市議員選舉,首次申報,1110702,雜支支出,大眾鎖店,77639695,0.00,450.00,,,,防拷型遙控器,金錢,台中市興安路****,0422*****,否,,,,,,,
4,林宜蓁,111年臺中市議員選舉,首次申報,1110702,雜支支出,大買家,96977225,0.00,3310.00,,,,桌上型電風扇等,金錢,,,否,,,,,,,
5,林宜蓁,111年臺中市議員選舉,首次申報,1110702,雜支支出,大買家,96977225,0.00,1346.00,,,,口罩及涼椅,金錢,,,否,,,,,,,
6,林宜蓁,111年臺中市議員選舉,首次申報,1110704,雜支支出,力達廣告社,19420312,0.00,35280.00,,,,派報,金錢,台中市北屯區****,0422*****,否,,,,,,,
7,林宜蓁,111年臺中市議員選舉,首次申報,1110704,雜支支出,統一超商,90269870,0.00,92.00,,,,鮮奶,金錢,,,否,,,,,,,
8,林宜蓁,111年臺中市議員選舉,首次申報,1110705,雜支支出,建新書局,55939698,0.00,60.00,,,,簽名簿,金錢,台中市太平區****,0427*****,否,,,,,,,
9,林宜蓁,111年臺中市議員選舉,首次申報,1110705,雜支支出,東盈水電行,77740475,0.00,36500.00,,,,修水管及馬桶等等,金錢,台中市太平市****,0423*****,否,,,,,,,
10,林宜蓁,111年臺中市議員選舉,首次申報,1110706,雜支支出,雲泉淨水,,0.00,1500.00,,,,飲水機安裝費,金錢,,0980*****,否,,,,,,,
11,林宜蓁,111年臺中市議員選舉,首次申報,1110706,宣傳支出,優笙音響科技有限公司,12833437,0.00,8500.00,,,,無限喊話器,金錢,桃園市大溪區****,0338*****,否,,,,,,,
12,林宜蓁,111年臺中市議員選舉,首次申報,1110706,雜支支出,建新書局,55939698,0.00,30.00,,,,紙膠帶,金錢,台中市太平區****,0427*****,否,,,,,,,
13,林宜蓁,111年臺中市議員選舉,首次申報,1110706,宣傳支出,勝揚事務機器行,84003332,0.00,125.00,,,,彩印護貝費,金錢,台中市太平區****,0422*****,否,,,,,,,
14,林宜蓁,111年臺中市議員選舉,首次申報,1110708,宣傳支出,藍格印刷,22076600,0.00,43069.00,,,,文宣影印張,金錢,台北市內湖區****,0229*****,否,,,,,,,
15,林宜蓁,111年臺中市議員選舉,首次申報,1110709,宣傳支出,藍格印刷,22076600,0.00,7560.00,,,,文宣影印張,金錢,台北市內湖區****,0229*****,否,,,,,,,
16,林宜蓁,111年臺中市議員選舉,首次申報,1110709,雜支支出,大富翁手機配件行,88534846,0.00,890.00,,,,手機腳架,金錢,台中市太平區****,0422*****,否,,,,,,,
17,林宜蓁,111年臺中市議員選舉,首次申報,1110713,雜支支出,勝揚事務機器行,84003332,0.00,32.00,,,,影印費,金錢,台中市太平區****,0422*****,否,,,,,,,
18,林宜蓁,111年臺中市議員選舉,首次申報,1110714,雜支支出,統一超商,90269870,0.00,92.00,,,,鮮奶,金錢,,,否,,,,,,,
19,林宜蓁,111年臺中市議員選舉,首次申報,1110714,租用競選辦事處支出,林陽鏡,L12*******,0.00,50000.00,,,,月至月房租,金錢,台中市太平區****,0910*****,否,,,,,,,
20,林宜蓁,111年臺中市議員選舉,首次申報,1110719,雜支支出,OK mart,83140956,0.00,194.00,,,,飲料,金錢,,,否,,,,,,,
21,林宜蓁,111年臺中市議員選舉,首次申報,1110720,雜支支出,TDL7067,,0.00,110.00,,,,計程車費,金錢,,0289*****,否,,,,,,,
22,林宜蓁,111年臺中市議員選舉,首次申報,1110720,雜支支出,安心居家商店,05168920,0.00,300.00,,,,鎖匙,金錢,台北市羅斯福****,0223*****,否,,,,,,,
23,林宜蓁,111年臺中市議員選舉,首次申報,1110720,雜支支出,大買家,96977225,0.00,600.00,,,,咖啡豆,金錢,,,否,,,,,,,
24,林宜蓁,111年臺中市議員選舉,首次申報,1110721,雜支支出,台灣台灣中油,02980748,0.00,100.00,,,,無鉛汽油,金錢,,,否,,,,,,,
25,林宜蓁,111年臺中市議員選舉,首次申報,1110721,雜支支出,大眾鎖店,77639695,0.00,450.00,,,,防拷型遙控器,金錢,台中市興安路****,0422*****,否,,,,,,,
26,林宜蓁,111年臺中市議員選舉,首次申報,1110722,宣傳支出,府城舊冊店,13928951,0.00,50000.00,,,,購書費,金錢,台南市東區勝****,0627*****,否,,,,,,,
27,林宜蓁,111年臺中市議員選舉,首次申報,1110722,雜支支出,喫茶小舖,45695602,0.00,151.00,,,,綠茶,金錢,,,否,,,,,,,
28,林宜蓁,111年臺中市議員選舉,首次申報,1110722,雜支支出,日日好,82776037,0.00,268.00,,,,菸灰缸等,金錢,台中市樹孝路****,0423*****,否,,,,,,,
29,林宜蓁,111年臺中市議員選舉,首次申報,1110724,雜支支出,COSTCO,83794478,0.00,799.00,,,,無鉛汽油,金錢,台中市北屯區****,0437*****,否,,,,,,,
30,林宜蓁,111年臺中市議員選舉,首次申報,1110725,雜支支出,燕玲廣告社,38863152,0.00,19000.00,,,,廣告車,金錢,臺中市神岡區****,,否,,,,,,,
31,林宜蓁,111年臺中市議員選舉,首次申報,1110725,雜支支出,東盈水電行,77740475,0.00,2000.00,,,,插頭線路維修,金錢,台中市太平區****,0423*****,否,,,,,,,
32,林宜蓁,111年臺中市議員選舉,首次申報,1110725,雜支支出,弘昌鎖行,80948478,0.00,215.00,,,,印章,金錢,台中市太平區****,0422*****,否,,,,,,,
33,林宜蓁,111年臺中市議員選舉,首次申報,1110726,雜支支出,日日發書局,19839219,0.00,144.00,,,,A板夾及L夾,金錢,台中市太平區****,0423*****,否,,,,,,,
34,林宜蓁,111年臺中市議員選舉,首次申報,1110726,雜支支出,駿榮商店,47385842,0.00,338.00,,,,餅乾,金錢,台中市北屯區****,0422*****,否,,,,,,,
35,林宜蓁,111年臺中市議員選舉,首次申報,1110726,雜支支出,建新書局,55939698,0.00,140.00,,,,雙色印台,金錢,台中市太平區****,0427*****,否,,,,,,,
36,林宜蓁,111年臺中市議員選舉,首次申報,1110727,雜支支出,權威二手傢俱,42689162,0.00,6000.00,,,,二手家具,金錢,台中市軍功里****,,否,,,,,,,
37,林宜蓁,111年臺中市議員選舉,首次申報,1110801,雜支支出,協慶事業有限公司,24383490,0.00,15400.00,,,,冷氣,金錢,台中市北屯區****,,否,,,,,,,
38,林宜蓁,111年臺中市議員選舉,首次申報,1110801,雜支支出,日日好,82776037,0.00,177.00,,,,束帶及消臭器,金錢,台中市太平區****,,否,,,,,,,
39,林宜蓁,111年臺中市議員選舉,首次申報,1110805,雜支支出,台灣電力股份有限公司,03795904,0.00,334.00,,,,電費,金錢,,,否,,,,,,,
40,林宜蓁,111年臺中市議員選舉,首次申報,1110805,雜支支出,駿榮商店,47385842,0.00,263.00,,,,餅乾,金錢,台中市北屯區****,0422*****,否,,,,,,,
41,林宜蓁,111年臺中市議員選舉,首次申報,1110806,雜支支出,COSTCO,83794478,0.00,869.00,,,,汽油,金錢,台中市北屯區****,,否,,,,,,,
42,林宜蓁,111年臺中市議員選舉,首次申報,1110810,公共關係費用支出,大紀元時報,12688428,0.00,4500.00,,,,報費,金錢,台北市內湖區****,0287*****,否,,,,,,,
43,林宜蓁,111年臺中市議員選舉,首次申報,1110811,雜支支出,TDQ1256,,0.00,625.00,,,,車資,金錢,,0422*****,否,,,,,,,
44,林宜蓁,111年臺中市議員選舉,首次申報,1110811,雜支支出,6505E,,0.00,595.00,,,,車資,金錢,,0422*****,否,,,,,,,
45,林宜蓁,111年臺中市議員選舉,首次申報,1110812,雜支支出,台灣台灣中油,97530053,0.00,802.00,,,,汽油,金錢,,,否,,,,,,,
46,林宜蓁,111年臺中市議員選舉,首次申報,1110814,雜支支出,COSTCO,83794478,0.00,970.00,,,,汽油,金錢,台中市北屯區****,0437*****,否,,,,,,,
47,林宜蓁,111年臺中市議員選舉,首次申報,1110815,雜支支出,家樂福,28434392,0.00,349.00,,,,電話機,金錢,,,否,,,,,,,
48,林宜蓁,111年臺中市議員選舉,首次申報,1110815,雜支支出,佑祥雜貨店,87222697,0.00,489.00,,,,置物架等,金錢,,,否,,,,,,,
49,林宜蓁,111年臺中市議員選舉,首次申報,1110817,雜支支出,弘昌鎖行,80948478,0.00,150.00,,,,橢圓橡皮章,金錢,台中市太平區****,,否,,,,,,,
50,林宜蓁,111年臺中市議員選舉,首次申報,1110818,雜支支出,陳奕勝,L12*******,0.00,35000.00,,,,看板租借,金錢,台中市太平區****,0911*****,否,,,,,,,
51,林宜蓁,111年臺中市議員選舉,首次申報,1110819,雜支支出,金旺加油站,89713699,0.00,1016.00,,,,汽油,金錢,,,否,,,,,,,
52,林宜蓁,111年臺中市議員選舉,首次申報,1110821,公共關係費用支出,家樂福,28434392,0.00,622.00,,,,飲料,金錢,,,否,,,,,,,
53,林宜蓁,111年臺中市議員選舉,首次申報,1110822,雜支支出,台灣電力股份有限公司,03795904,0.00,1034.00,,,,電費,金錢,,,否,,,,,,,
54,林宜蓁,111年臺中市議員選舉,首次申報,1110822,雜支支出,COSTCO,83794478,0.00,979.00,,,,汽油,金錢,台中市北屯區****,0437*****,否,,,,,,,
55,林宜蓁,111年臺中市議員選舉,首次申報,1110822,雜支支出,許勝忠,B12*******,0.00,18000.00,,,,租金,金錢,台中市景賢八****,0939*****,否,,,,,,,
56,林宜蓁,111年臺中市議員選舉,首次申報,1110824,雜支支出,弘昌鎖行,80948478,0.00,115.00,,,,橡皮章,金錢,台中市太平區****,,否,,,,,,,
57,林宜蓁,111年臺中市議員選舉,首次申報,1110824,雜支支出,弘昌鎖行,80948478,0.00,300.00,,,,印章,金錢,台中市太平區****,,否,,,,,,,
58,林宜蓁,111年臺中市議員選舉,首次申報,1110826,雜支支出,金旺加油站,89713699,0.00,910.00,,,,汽油,金錢,,,否,,,,,,,
59,林宜蓁,111年臺中市議員選舉,首次申報,1110829,雜支支出,府城舊冊店,13928951,0.00,25000.00,,,,購書費,金錢,台南市東區勝****,,否,,,,,,,
60,林宜蓁,111年臺中市議員選舉,首次申報,1110829,公共關係費用支出,九號碼頭太平店,25254418,0.00,1354.00,,,,餐費,金錢,台中市太平區****,0423*****,否,,,,,,,
61,林宜蓁,111年臺中市議員選舉,首次申報,1110830,雜支支出,日日好,82776037,0.00,259.00,,,,雜支,金錢,台中市太平區****,0423*****,否,,,,,,,
62,林宜蓁,111年臺中市議員選舉,首次申報,1110901,公共關係費用支出,瑞達香食品行,69493681,0.00,3375.00,,,,月餅,金錢,台中市光興路****,0422*****,否,,,,,,,
63,林宜蓁,111年臺中市議員選舉,首次申報,1110901,雜支支出,水電行(陳建明),B12*******,0.00,4000.00,,,,電器維修,金錢,台中市新平路****,0935*****,否,,,,,,,
64,林宜蓁,111年臺中市議員選舉,首次申報,1110903,雜支支出,大城加油站,53811181,0.00,975.00,,,,汽油,金錢,,,否,,,,,,,
65,林宜蓁,111年臺中市議員選舉,首次申報,1110903,雜支支出,佑祥雜貨店,87222697,0.00,596.00,,,,軟墊等等,金錢,,,否,,,,,,,
66,林宜蓁,111年臺中市議員選舉,首次申報,1110904,雜支支出,駿榮商店,47385842,0.00,369.00,,,,餅乾,金錢,台中市北屯區****,0422*****,否,,,,,,,
67,林宜蓁,111年臺中市議員選舉,首次申報,1110905,雜支支出,新平加油站,86207775,0.00,900.00,,,,汽油,金錢,,,否,,,,,,,
68,林宜蓁,111年臺中市議員選舉,首次申報,1110905,雜支支出,永春加油站,96892090,0.00,650.00,,,,汽油,金錢,,,否,,,,,,,
69,林宜蓁,111年臺中市議員選舉,首次申報,1110906,雜支支出,台中市選舉委員會,52605971,0.00,200000.00,,,,保證金,金錢,台中市西區自****,0422*****,否,,,,,,,
70,林宜蓁,111年臺中市議員選舉,首次申報,1110906,雜支支出,握米滬手作料理,72324035,0.00,2310.00,,,,聚餐,金錢,台中市太平區****,,否,,,,,,,
71,林宜蓁,111年臺中市議員選舉,首次申報,1110907,宣傳支出,立大林數位印刷有限公司,16270991,0.00,12705.00,,,,水泥座 竹竿,金錢,,,否,,,,,,,
72,林宜蓁,111年臺中市議員選舉,首次申報,1110908,宣傳支出,袋來好禮有限公司,53381838,0.00,28980.00,,,,扇子,金錢,,,否,,,,,,,
73,林宜蓁,111年臺中市議員選舉,首次申報,1110910,雜支支出,樹德加油站,16655314,0.00,1000.00,,,,汽油,金錢,,,否,,,,,,,
74,林宜蓁,111年臺中市議員選舉,首次申報,1110910,雜支支出,台灣中油太平站,97530053,0.00,730.00,,,,汽油,金錢,,,否,,,,,,,
75,林宜蓁,111年臺中市議員選舉,首次申報,1110910,雜支支出,新豐文具行,97590777,0.00,320.00,,,,訂書針,金錢,,,否,,,,,,,
76,林宜蓁,111年臺中市議員選舉,首次申報,1110911,雜支支出,大城加油站,53811181,0.00,1016.00,,,,汽油,金錢,,,否,,,,,,,
77,林宜蓁,111年臺中市議員選舉,首次申報,1110912,雜支支出,雲泉淨水,,0.00,500.00,,,,淨水器保養,金錢,,0980*****,否,,,,,,,
78,林宜蓁,111年臺中市議員選舉,首次申報,1110912,宣傳支出,德士通事業有限公司,53288122,0.00,25200.00,,,,便條紙,金錢,台中市東區十****,,否,,,,,,,
79,林宜蓁,111年臺中市議員選舉,首次申報,1110912,雜支支出,弘昌鎖行,80948478,0.00,160.00,,,,鎖匙(貨車),金錢,,,否,,,,,,,
80,林宜蓁,111年臺中市議員選舉,首次申報,1110912,宣傳支出,三竹資訊,86136982,0.00,10000.00,,,,簡訊儲值,金錢,,,否,,,,,,,
81,林宜蓁,111年臺中市議員選舉,首次申報,1110912,雜支支出,新平加油站,86207775,0.00,100.00,,,,汽油,金錢,,,否,,,,,,,
82,林宜蓁,111年臺中市議員選舉,首次申報,1110912,人事費用支出,謝金城,L12*******,0.00,25000.00,,,,廣告行動貨車,金錢,台中市霧峰區****,0972*****,否,,,,,,,
83,林宜蓁,111年臺中市議員選舉,首次申報,1110913,雜支支出,拉拉購生活百貨,47679895,0.00,399.00,,,,DIY掛鐘等,金錢,,,否,,,,,,,
84,林宜蓁,111年臺中市議員選舉,首次申報,1110915,雜支支出,台灣台灣中油,01490119,0.00,107.00,,,,汽油,金錢,,,否,,,,,,,
85,林宜蓁,111年臺中市議員選舉,首次申報,1110915,雜支支出,台灣台灣中油,02980748,0.00,100.00,,,,汽油,金錢,,,否,,,,,,,
86,林宜蓁,111年臺中市議員選舉,首次申報,1110915,雜支支出,福華加油站,22868379,0.00,111.00,,,,汽油,金錢,,,否,,,,,,,
87,林宜蓁,111年臺中市議員選舉,首次申報,1110915,雜支支出,駿榮商店,47385842,0.00,340.00,,,,餅乾,金錢,台中市北屯區****,0422*****,否,,,,,,,
88,林宜蓁,111年臺中市議員選舉,首次申報,1110915,雜支支出,中華電信股份有限公司,52003801,0.00,1527.00,,,,電話費含安裝,金錢,,,否,,,,,,,
89,林宜蓁,111年臺中市議員選舉,首次申報,1110916,雜支支出,COSTCO,83794478,0.00,691.00,,,,汽油,金錢,台中市北屯區****,0437*****,否,,,,,,,
90,林宜蓁,111年臺中市議員選舉,首次申報,1110917,雜支支出,重光加油站,22789311,0.00,100.00,,,,汽油,金錢,,,否,,,,,,,
91,林宜蓁,111年臺中市議員選舉,首次申報,1110917,雜支支出,冠嘉生活館有限公司,45194038,0.00,450.00,,,,涵氧活水,金錢,台中市北屯區****,,否,,,,,,,
92,林宜蓁,111年臺中市議員選舉,首次申報,1110920,雜支支出,新平加油站,86207775,0.00,1000.00,,,,汽油,金錢,,,否,,,,,,,
93,林宜蓁,111年臺中市議員選舉,首次申報,1110921,雜支支出,台灣台灣中油,02980727,0.00,100.00,,,,汽油,金錢,,,否,,,,,,,
94,林宜蓁,111年臺中市議員選舉,首次申報,1110922,宣傳支出,良益帆布行,69478464,0.00,11500.00,,,,廣告帆布,金錢,,,否,,,,,,,
95,林宜蓁,111年臺中市議員選舉,首次申報,1110923,雜支支出,台灣台灣中油,02980748,0.00,100.00,,,,汽油,金錢,,,否,,,,,,,
96,林宜蓁,111年臺中市議員選舉,首次申報,1110923,雜支支出,樹德加油站,16655314,0.00,150.00,,,,汽油,金錢,,,否,,,,,,,
97,林宜蓁,111年臺中市議員選舉,首次申報,1110923,雜支支出,樹德加油站,16655314,0.00,350.00,,,,汽油,金錢,,,否,,,,,,,
98,林宜蓁,111年臺中市議員選舉,首次申報,1110923,雜支支出,日日發書局,19839219,0.00,93.00,,,,美術紙等,金錢,,,否,,,,,,,
99,林宜蓁,111年臺中市議員選舉,首次申報,1110923,雜支支出,勝揚事務機器行,84003332,0.00,30.00,,,,影印費,金錢,,,否,,,,,,,
100,林宜蓁,111年臺中市議員選舉,首次申報,1110924,雜支支出,樹德加油站,16655314,0.00,1000.00,,,,汽油,金錢,,,否,,,,,,,
101,林宜蓁,111年臺中市議員選舉,首次申報,1110924,雜支支出,振銘五金商行,82612936,0.00,340.00,,,,帆布袋等,金錢,,,否,,,,,,,
102,林宜蓁,111年臺中市議員選舉,首次申報,1110924,雜支支出,新平加油站,86207775,0.00,100.00,,,,汽油,金錢,,,否,,,,,,,
103,林宜蓁,111年臺中市議員選舉,首次申報,1110925,雜支支出,府城舊冊店,13928951,0.00,25000.00,,,,購書費,金錢,台南市東區勝****,,否,,,,,,,
104,林宜蓁,111年臺中市議員選舉,首次申報,1110925,公共關係費用支出,喫茶小舖,25433010,0.00,600.00,,,,茶飲,金錢,,,否,,,,,,,
105,林宜蓁,111年臺中市議員選舉,首次申報,1110925,雜支支出,燕玲廣告社,38863152,0.00,19000.00,,,,廣告車,金錢,臺中市神岡區****,,否,,,,,,,
106,林宜蓁,111年臺中市議員選舉,首次申報,1110925,雜支支出,東平加油站,89501365,0.00,1133.00,,,,汽油,金錢,,,否,,,,,,,
107,林宜蓁,111年臺中市議員選舉,首次申報,1110926,雜支支出,坪林加油站,23956646,0.00,586.00,,,,汽油,金錢,,,否,,,,,,,
108,林宜蓁,111年臺中市議員選舉,首次申報,1110926,宣傳支出,鐘王科技有限公司,27838213,0.00,9555.00,,,,擴大器,金錢,台中市南區福****,0423*****,否,,,,,,,
109,林宜蓁,111年臺中市議員選舉,首次申報,1110926,公共關係費用支出,駿榮商店,47385842,0.00,463.00,,,,餅乾,金錢,,,否,,,,,,,
110,林宜蓁,111年臺中市議員選舉,首次申報,1110927,雜支支出,日日發書局,19839219,0.00,89.00,,,,電腦標籤紙,金錢,,,否,,,,,,,
111,林宜蓁,111年臺中市議員選舉,首次申報,1110929,雜支支出,樹德加油站,16655314,0.00,850.00,,,,汽油,金錢,,,否,,,,,,,
112,林宜蓁,111年臺中市議員選舉,首次申報,1110929,雜支支出,弘昌鎖行,80948478,0.00,55.00,,,,印章,金錢,,,否,,,,,,,
113,林宜蓁,111年臺中市議員選舉,首次申報,1110929,雜支支出,日日好有限公司,82776037,0.00,395.00,,,,束帶及記憶卡,金錢,台中市太平區****,,否,,,,,,,
114,林宜蓁,111年臺中市議員選舉,首次申報,1110929,雜支支出,新平加油站,86207775,0.00,725.00,,,,汽油,金錢,,,否,,,,,,,
115,林宜蓁,111年臺中市議員選舉,首次申報,1110929,雜支支出,新平加油站,86207775,0.00,100.00,,,,汽油,金錢,,,否,,,,,,,
116,林宜蓁,111年臺中市議員選舉,首次申報,1110930,雜支支出,新平加油站,86207775,0.00,500.00,,,,汽油,金錢,,,否,,,,,,,
117,林宜蓁,111年臺中市議員選舉,首次申報,1110930,雜支支出,新平加油站,86207775,0.00,101.00,,,,汽油,金錢,,,否,,,,,,,
118,林宜蓁,111年臺中市議員選舉,首次申報,1111001,雜支支出,坪林加油站,23956646,0.00,500.00,,,,汽油,金錢,,,否,,,,,,,
119,林宜蓁,111年臺中市議員選舉,首次申報,1111002,雜支支出,新平加油站,86207775,0.00,500.00,,,,汽油,金錢,,,否,,,,,,,
120,林宜蓁,111年臺中市議員選舉,首次申報,1111003,宣傳支出,林明勇,L12*******,0.00,9258.00,,,,宣傳車看板等,金錢,台中市太平區****,0986*****,否,,,,,,,
121,林宜蓁,111年臺中市議員選舉,首次申報,1111004,雜支支出,三明電音器材行,52676882,0.00,900.00,,,,W鐵喇叭,金錢,,,否,,,,,,,
122,林宜蓁,111年臺中市議員選舉,首次申報,1111004,雜支支出,興安路加油站,80724386,0.00,100.00,,,,汽油,金錢,,,否,,,,,,,
123,林宜蓁,111年臺中市議員選舉,首次申報,1111004,雜支支出,新平加油站,86207775,0.00,500.00,,,,汽油,金錢,,,否,,,,,,,
124,林宜蓁,111年臺中市議員選舉,首次申報,1111004,雜支支出,小祐俞柑仔店,88544056,0.00,500.00,,,,空拍機租用,金錢,,,否,,,,,,,
125,林宜蓁,111年臺中市議員選舉,首次申報,1111005,雜支支出,駿榮商店,47385842,0.00,1000.00,,,,餅乾,金錢,台中市北屯區****,0422*****,否,,,,,,,
126,林宜蓁,111年臺中市議員選舉,首次申報,1111005,雜支支出,COSTCO,83794478,0.00,668.00,,,,汽油,金錢,台中市北屯區****,0437*****,否,,,,,,,
127,林宜蓁,111年臺中市議員選舉,首次申報,1111005,人事費用支出,翁瑞權,B12*******,0.00,14293.00,,,,駕駛宣傳車,金錢,台中市太平區****,0919*****,否,,,,,,,
128,林宜蓁,111年臺中市議員選舉,首次申報,1111005,人事費用支出,江宇生,K10*******,0.00,7820.00,,,,駕駛宣傳車,金錢,臺中市太平區****,0938*****,否,,,,,,,
129,林宜蓁,111年臺中市議員選舉,首次申報,1111006,雜支支出,樹德加油站,16655314,0.00,1017.00,,,,汽油,金錢,,,否,,,,,,,
130,林宜蓁,111年臺中市議員選舉,首次申報,1111006,公共關係費用支出,握米滬手作料理,72324035,0.00,2500.00,,,,聚餐,金錢,台中市太平區****,,否,,,,,,,
131,林宜蓁,111年臺中市議員選舉,首次申報,1111006,雜支支出,新平加油站,86207775,0.00,551.00,,,,汽油,金錢,,,否,,,,,,,
132,林宜蓁,111年臺中市議員選舉,首次申報,1111007,雜支支出,新平加油站,86207775,0.00,500.00,,,,汽油,金錢,,,否,,,,,,,
133,林宜蓁,111年臺中市議員選舉,首次申報,1111008,雜支支出,新平加油站,86207775,0.00,500.00,,,,加油費用,金錢,,,否,,,,,,,
134,林宜蓁,111年臺中市議員選舉,首次申報,1111009,雜支支出,日日發書局,,0.00,186.00,,,,電腦標籤,金錢,台中市太平區****,,否,,,,,,,
135,林宜蓁,111年臺中市議員選舉,首次申報,1111009,人事費用支出,劉寶欽,P12*******,0.00,3500.00,,,,宣傳車改裝,金錢,臺中市大里區****,0931*****,否,,,,,,,
136,林宜蓁,111年臺中市議員選舉,首次申報,1111010,雜支支出,樹德加油站,16655314,0.00,631.00,,,,汽油,金錢,,,否,,,,,,,
137,林宜蓁,111年臺中市議員選舉,首次申報,1111010,雜支支出,金旺加油站,89713699,0.00,500.00,,,,汽油,金錢,,,否,,,,,,,
138,林宜蓁,111年臺中市議員選舉,首次申報,1111013,雜支支出,坪林加油站,23956646,0.00,500.00,,,,汽油,金錢,,,否,,,,,,,
139,林宜蓁,111年臺中市議員選舉,首次申報,1111013,雜支支出,玩艸植造股份有限公司,83478633,0.00,1050.00,,,,吸管盒和吸管,金錢,,,否,,,,,,,
140,林宜蓁,111年臺中市議員選舉,首次申報,1111013,雜支支出,COSTCO,83794478,0.00,961.00,,,,汽油,金錢,台中市北屯區****,0437*****,否,,,,,,,
141,林宜蓁,111年臺中市議員選舉,首次申報,1111014,公共關係費用支出,盛宏飲料商行,13809287,0.00,5280.00,,,,礦泉水,金錢,,,否,,,,,,,
142,林宜蓁,111年臺中市議員選舉,首次申報,1111014,雜支支出,樹德加油站,16655314,0.00,588.00,,,,汽油,金錢,,,否,,,,,,,
143,林宜蓁,111年臺中市議員選舉,首次申報,1111014,雜支支出,興安路加油站,80724386,0.00,1000.00,,,,加油費用,金錢,,,否,,,,,,,
144,林宜蓁,111年臺中市議員選舉,首次申報,1111014,雜支支出,佑祥雜貨店,87222697,0.00,304.00,,,,雜支,金錢,,,否,,,,,,,
145,林宜蓁,111年臺中市議員選舉,首次申報,1111014,雜支支出,金旺加油站,89713699,0.00,800.00,,,,汽油,金錢,,,否,,,,,,,
146,林宜蓁,111年臺中市議員選舉,首次申報,1111015,雜支支出,台灣台灣中油,02980748,0.00,100.00,,,,汽油,金錢,,,否,,,,,,,
147,林宜蓁,111年臺中市議員選舉,首次申報,1111015,雜支支出,三多快餐店,17777764,0.00,5390.00,,,,午餐,金錢,台中市太平區****,,否,,,,,,,
148,林宜蓁,111年臺中市議員選舉,首次申報,1111015,雜支支出,金旺加油站,89713699,0.00,500.00,,,,汽油,金錢,,,否,,,,,,,
149,林宜蓁,111年臺中市議員選舉,首次申報,1111017,雜支支出,中華郵政股份有限公司,17715894,0.00,7149.00,,,,郵寄,金錢,,,否,,,,,,,
150,林宜蓁,111年臺中市議員選舉,首次申報,1111017,雜支支出,德隆加油站,47459793,0.00,500.00,,,,汽油,金錢,,,否,,,,,,,
151,林宜蓁,111年臺中市議員選舉,首次申報,1111017,雜支支出,中華電信,52003801,0.00,109.00,,,,電話費,金錢,,,否,,,,,,,
152,林宜蓁,111年臺中市議員選舉,首次申報,1111018,雜支支出,建新書局,55939698,0.00,280.00,,,,文具用品,金錢,,,否,,,,,,,
153,林宜蓁,111年臺中市議員選舉,首次申報,1111018,雜支支出,日日好有限公司,82776037,0.00,100.00,,,,束帶,金錢,台中市太平區****,,否,,,,,,,
154,林宜蓁,111年臺中市議員選舉,首次申報,1111018,雜支支出,新益加油站,97052502,0.00,500.00,,,,汽油,金錢,,,否,,,,,,,
155,林宜蓁,111年臺中市議員選舉,首次申報,1111019,人事費用支出,江宇生,K10*******,0.00,13600.00,,,,駕駛宣傳車,金錢,臺中市太平區****,0938*****,否,,,,,,,
156,林宜蓁,111年臺中市議員選舉,首次申報,1111020,雜支支出,雙園企業有限公司,15515239,0.00,630.00,,,,瓦斯,金錢,台中市太平區****,,否,,,,,,,
157,林宜蓁,111年臺中市議員選舉,首次申報,1111020,雜支支出,中華郵政股份有限公司,17715894,0.00,42.00,,,,郵票,金錢,,,否,,,,,,,
158,林宜蓁,111年臺中市議員選舉,首次申報,1111020,雜支支出,蚤二手尋寶鋪,39929884,0.00,500.00,,,,屏風,金錢,台中市太平區****,,否,,,,,,,
159,林宜蓁,111年臺中市議員選舉,首次申報,1111020,雜支支出,新平加油站,86207775,0.00,550.00,,,,汽油,金錢,,,否,,,,,,,
160,林宜蓁,111年臺中市議員選舉,首次申報,1111021,雜支支出,宜昌佛具金香舖,20329122,0.00,1300.00,,,,燭,金錢,台中市太平區****,,否,,,,,,,
161,林宜蓁,111年臺中市議員選舉,首次申報,1111021,雜支支出,駿榮商店,47385842,0.00,919.00,,,,糖果餅乾,金錢,台中市北屯區****,,否,,,,,,,
162,林宜蓁,111年臺中市議員選舉,首次申報,1111021,雜支支出,德隆加油站,47459793,0.00,1000.00,,,,汽油,金錢,,,否,,,,,,,
163,林宜蓁,111年臺中市議員選舉,首次申報,1111021,雜支支出,晉宏文教事業有限公司,80083235,0.00,212.00,,,,文具用品,金錢,,,否,,,,,,,
164,林宜蓁,111年臺中市議員選舉,首次申報,1111021,雜支支出,新平加油站,86207775,0.00,500.00,,,,汽油,金錢,,,否,,,,,,,
165,林宜蓁,111年臺中市議員選舉,首次申報,1111022,雜支支出,台灣電力公司,51868406,0.00,1524.00,,,,.樓,金錢,,,否,,,,,,,
166,林宜蓁,111年臺中市議員選舉,首次申報,1111022,雜支支出,台灣電力公司,51868406,0.00,1011.00,,,,樓,金錢,,,否,,,,,,,
167,林宜蓁,111年臺中市議員選舉,首次申報,1111022,雜支支出,寶家POYAHOME,83524019,0.00,178.00,,,,雜支,金錢,台中市太平區****,,否,,,,,,,
168,林宜蓁,111年臺中市議員選舉,首次申報,1111022,雜支支出,新平加油站,86207775,0.00,710.00,,,,汽油,金錢,,,否,,,,,,,
169,林宜蓁,111年臺中市議員選舉,首次申報,1111022,雜支支出,新平加油站,86207775,0.00,500.00,,,,汽油,金錢,,,否,,,,,,,
170,林宜蓁,111年臺中市議員選舉,首次申報,1111023,雜支支出,早安有喜,88606778,0.00,305.00,,,,早餐,金錢,,,否,,,,,,,
171,林宜蓁,111年臺中市議員選舉,首次申報,1111023,雜支支出,安和加油站,89660222,0.00,666.00,,,,汽油,金錢,,,否,,,,,,,
172,林宜蓁,111年臺中市議員選舉,首次申報,1111024,雜支支出,樹德加油站,16655314,0.00,990.00,,,,汽油,金錢,,,否,,,,,,,
173,林宜蓁,111年臺中市議員選舉,首次申報,1111024,公共關係費用支出,晶源寶,39851387,0.00,5000.00,,,,餐費,金錢,台中市太平區****,0970*****,否,,,,,,,
174,林宜蓁,111年臺中市議員選舉,首次申報,1111024,公共關係費用支出,晶源寶,39851387,0.00,2000.00,,,,餐費,金錢,台中市太平區****,0970*****,否,,,,,,,
175,林宜蓁,111年臺中市議員選舉,首次申報,1111024,雜支支出,興安路加油站,80724386,0.00,100.00,,,,汽油,金錢,,,否,,,,,,,
176,林宜蓁,111年臺中市議員選舉,首次申報,1111025,雜支支出,握米滬手作料理,72324035,0.00,800.00,,,,餐費,金錢,台中市太平區****,,否,,,,,,,
177,林宜蓁,111年臺中市議員選舉,首次申報,1111025,雜支支出,新平加油站,86207775,0.00,500.00,,,,汽油,金錢,,,否,,,,,,,
178,林宜蓁,111年臺中市議員選舉,首次申報,1111026,雜支支出,新平加油站,86207775,0.00,500.00,,,,汽油,金錢,,,否,,,,,,,
179,林宜蓁,111年臺中市議員選舉,首次申報,1111027,雜支支出,駿榮商店,47385842,0.00,470.00,,,,餐費,金錢,台中市北屯區****,,否,,,,,,,
180,林宜蓁,111年臺中市議員選舉,首次申報,1111027,雜支支出,全方位生活館,72513916,0.00,324.00,,,,雜支,金錢,台中市東區十****,0422*****,否,,,,,,,
181,林宜蓁,111年臺中市議員選舉,首次申報,1111027,雜支支出,晉宏文教事業有限公司,80083235,0.00,132.00,,,,夾鏈袋,金錢,,,否,,,,,,,
182,林宜蓁,111年臺中市議員選舉,首次申報,1111028,雜支支出,大城加油站,53811181,0.00,620.00,,,,汽油,金錢,,,否,,,,,,,
183,林宜蓁,111年臺中市議員選舉,首次申報,1111028,雜支支出,晉宏文教事業有限公司,80083235,0.00,180.00,,,,圓形標籤等,金錢,,,否,,,,,,,
184,林宜蓁,111年臺中市議員選舉,首次申報,1111028,雜支支出,晉宏文教事業有限公司,80083235,0.00,263.00,,,,保麗龍膠等,金錢,,,否,,,,,,,
185,林宜蓁,111年臺中市議員選舉,首次申報,1111030,雜支支出,金佶鐵架帆布行,,0.00,23500.00,,,,鐵架,金錢,臺中市大里區****,,否,,,,,,,
186,林宜蓁,111年臺中市議員選舉,首次申報,1111030,雜支支出,樹德加油站,16655314,0.00,1000.00,,,,汽油,金錢,,,否,,,,,,,
187,林宜蓁,111年臺中市議員選舉,首次申報,1111030,雜支支出,7ELEVEN,90269870,0.00,128.00,,,,雜支,金錢,,,否,,,,,,,
188,林宜蓁,111年臺中市議員選舉,首次申報,1111031,雜支支出,三多快餐店,17777764,0.00,6370.00,,,,餐費,金錢,台中市太平區****,,否,,,,,,,
189,林宜蓁,111年臺中市議員選舉,首次申報,1111031,雜支支出,日日好有限公司,82776037,0.00,219.00,,,,五金雜貨,金錢,台中市太平區****,,否,,,,,,,
190,林宜蓁,111年臺中市議員選舉,首次申報,1111031,雜支支出,新平加油站,86207775,0.00,600.00,,,,汽油,金錢,,,否,,,,,,,
191,林宜蓁,111年臺中市議員選舉,首次申報,1111031,雜支支出,新平加油站,86207775,0.00,100.00,,,,汽油,金錢,,,否,,,,,,,
192,林宜蓁,111年臺中市議員選舉,首次申報,1111031,人事費用支出,黃大瑋,N12*******,0.00,10880.00,,,,清潔費,金錢,臺中市太平區****,0923*****,否,,,,,,,
193,林宜蓁,111年臺中市議員選舉,首次申報,1111101,宣傳支出,喜美廣告社,19937979,0.00,34800.00,,,,派報,金錢,雲林縣西螺鎮****,0483*****,否,,,,,,,
194,林宜蓁,111年臺中市議員選舉,首次申報,1111101,雜支支出,燦坤,51857800,0.00,849.00,,,,家庭安全防護WiTapo,金錢,,,否,,,,,,,
195,林宜蓁,111年臺中市議員選舉,首次申報,1111101,雜支支出,晉宏文教事業有限公司,80083235,0.00,128.00,,,,美術用紙等,金錢,,,否,,,,,,,
196,林宜蓁,111年臺中市議員選舉,首次申報,1111101,雜支支出,全印通團體服有限公司,80460504,0.00,11214.00,,,,團體服,金錢,台中市太平區****,0422*****,否,,,,,,,
197,林宜蓁,111年臺中市議員選舉,首次申報,1111101,雜支支出,早安有喜,82610402,0.00,190.00,,,,早餐,金錢,,,否,,,,,,,
198,林宜蓁,111年臺中市議員選舉,首次申報,1111102,雜支支出,新平加油站,86207775,0.00,500.00,,,,汽油,金錢,,,否,,,,,,,
199,林宜蓁,111年臺中市議員選舉,首次申報,1111102,雜支支出,新平加油站,86207775,0.00,500.00,,,,加油費用,金錢,,,否,,,,,,,
200,林宜蓁,111年臺中市議員選舉,首次申報,1111103,雜支支出,坪林加油站,16655314,0.00,585.00,,,,汽油,金錢,,,否,,,,,,,
201,林宜蓁,111年臺中市議員選舉,首次申報,1111103,雜支支出,台灣台灣中油,45217601,0.00,100.00,,,,汽油,金錢,,,否,,,,,,,
202,林宜蓁,111年臺中市議員選舉,首次申報,1111103,人事費用支出,江宇生,K10*******,0.00,13600.00,,,,駕駛宣傳車,金錢,台中市太平區****,0938*****,否,,,,,,,
203,林宜蓁,111年臺中市議員選舉,首次申報,1111103,人事費用支出,林建貿,L12*******,0.00,1000.00,,,,臨時工工資,金錢,臺中市太平區****,0900*****,否,,,,,,,
204,林宜蓁,111年臺中市議員選舉,首次申報,1111104,雜支支出,天荷方便當,47490788,0.00,370.00,,,,便當,金錢,台中市南屯區****,,否,,,,,,,
205,林宜蓁,111年臺中市議員選舉,首次申報,1111104,公共關係費用支出,金盟飲食店,80834187,0.00,2000.00,,,,餐費,金錢,,,否,,,,,,,
206,林宜蓁,111年臺中市議員選舉,首次申報,1111104,雜支支出,新平加油站,86207775,0.00,95.00,,,,汽油,金錢,,,否,,,,,,,
207,林宜蓁,111年臺中市議員選舉,首次申報,1111104,雜支支出,新益加油站,97052502,0.00,970.00,,,,汽油,金錢,,,否,,,,,,,
208,林宜蓁,111年臺中市議員選舉,首次申報,1111104,人事費用支出,翁瑞權,B12*******,0.00,14800.00,,,,加油費,金錢,台中市太平區****,0919*****,否,,,,,,,
209,林宜蓁,111年臺中市議員選舉,首次申報,1111105,雜支支出,新富加油站,12634985,0.00,857.00,,,,汽油,金錢,,,否,,,,,,,
210,林宜蓁,111年臺中市議員選舉,首次申報,1111105,雜支支出,新平加油站,86207775,0.00,500.00,,,,汽油,金錢,,,否,,,,,,,
211,林宜蓁,111年臺中市議員選舉,首次申報,1111106,雜支支出,日日好有限公司,82776037,0.00,185.00,,,,透明膠帶等,金錢,台中市太平區****,,否,,,,,,,
212,林宜蓁,111年臺中市議員選舉,首次申報,1111106,雜支支出,新平加油站,86207775,0.00,100.00,,,,汽油,金錢,,,否,,,,,,,
213,林宜蓁,111年臺中市議員選舉,首次申報,1111106,雜支支出,7ELEVEN,90269870,0.00,530.00,,,,雜支,金錢,,,否,,,,,,,
214,林宜蓁,111年臺中市議員選舉,首次申報,1111107,雜支支出,台灣中油,05865030,0.00,1000.00,,,,汽油,金錢,,,否,,,,,,,
215,林宜蓁,111年臺中市議員選舉,首次申報,1111107,雜支支出,坪林加油站,23956646,0.00,600.00,,,,汽油,金錢,,,否,,,,,,,
216,林宜蓁,111年臺中市議員選舉,首次申報,1111108,雜支支出,NPC全國加油站,19409702,0.00,1006.00,,,,汽油,金錢,,,否,,,,,,,
217,林宜蓁,111年臺中市議員選舉,首次申報,1111108,雜支支出,新平加油站,86207775,0.00,760.00,,,,汽油,金錢,,,否,,,,,,,
218,林宜蓁,111年臺中市議員選舉,首次申報,1111109,雜支支出,新平加油站,86207775,0.00,502.00,,,,汽油,金錢,,,否,,,,,,,
219,林宜蓁,111年臺中市議員選舉,首次申報,1111110,雜支支出,三多快餐店,17777764,0.00,860.00,,,,餐費,金錢,台中市太平區****,,否,,,,,,,
220,林宜蓁,111年臺中市議員選舉,首次申報,1111110,雜支支出,幸福花坊有限公司,54909789,0.00,11700.00,,,,蘭花,金錢,台中市太平區****,,否,,,,,,,
221,林宜蓁,111年臺中市議員選舉,首次申報,1111110,宣傳支出,水福生技股份有限公司,69364498,0.00,20000.00,,,,口罩,金錢,桃園市內厝里****,,否,,,,,,,
222,林宜蓁,111年臺中市議員選舉,首次申報,1111110,雜支支出,新平加油站,86207775,0.00,500.00,,,,汽油,金錢,,,否,,,,,,,
223,林宜蓁,111年臺中市議員選舉,首次申報,1111112,雜支支出,新富加油站,12634985,0.00,826.00,,,,汽油,金錢,,,否,,,,,,,
224,林宜蓁,111年臺中市議員選舉,首次申報,1111112,雜支支出,樹德加油站,16655314,0.00,1140.00,,,,汽油,金錢,,,否,,,,,,,
225,林宜蓁,111年臺中市議員選舉,首次申報,1111112,雜支支出,三多快餐店,17777764,0.00,5640.00,,,,餐費,金錢,台中市太平區****,0422*****,否,,,,,,,
226,林宜蓁,111年臺中市議員選舉,首次申報,1111112,雜支支出,晉宏文教事業有限公司,80083235,0.00,111.00,,,,瓦楞板,金錢,,,否,,,,,,,
227,林宜蓁,111年臺中市議員選舉,首次申報,1111112,雜支支出,興安路加油站,80724386,0.00,100.00,,,,汽油,金錢,,,否,,,,,,,
228,林宜蓁,111年臺中市議員選舉,首次申報,1111112,雜支支出,新平加油站,86207775,0.00,575.00,,,,汽油,金錢,,,否,,,,,,,
229,林宜蓁,111年臺中市議員選舉,首次申報,1111112,雜支支出,東平加油站,89501365,0.00,500.00,,,,汽油,金錢,,,否,,,,,,,
230,林宜蓁,111年臺中市議員選舉,首次申報,1111113,雜支支出,日日好有限公司,82776037,0.00,219.00,,,,五金氣球,金錢,台中市太平區****,,否,,,,,,,
231,林宜蓁,111年臺中市議員選舉,首次申報,1111114,雜支支出,新平加油站,86207775,0.00,694.00,,,,汽油,金錢,,,否,,,,,,,
232,林宜蓁,111年臺中市議員選舉,首次申報,1111114,雜支支出,新平加油站,86207775,0.00,85.00,,,,汽油,金錢,,,否,,,,,,,
233,林宜蓁,111年臺中市議員選舉,首次申報,1111114,雜支支出,金旺加油站,89713699,0.00,500.00,,,,汽油,金錢,,,否,,,,,,,
234,林宜蓁,111年臺中市議員選舉,首次申報,1111114,雜支支出,信聯興五金有限公司,91092416,0.00,470.00,,,,日常用品,金錢,台中市東區精****,,否,,,,,,,
235,林宜蓁,111年臺中市議員選舉,首次申報,1111115,雜支支出,三多快餐店,17777764,0.00,300.00,,,,餐費,金錢,台中市太平區****,0422*****,否,,,,,,,
236,林宜蓁,111年臺中市議員選舉,首次申報,1111115,雜支支出,正好佳現炒,47533105,0.00,320.00,,,,餐費,金錢,台中市太平區****,0423*****,否,,,,,,,
237,林宜蓁,111年臺中市議員選舉,首次申報,1111115,雜支支出,中華電信,52003801,0.00,185.00,,,,電話費,金錢,,,否,,,,,,,
238,林宜蓁,111年臺中市議員選舉,首次申報,1111115,人事費用支出,江宇生,K10*******,0.00,12750.00,,,,駕駛宣傳車,金錢,台中市太平區****,0938*****,否,,,,,,,
239,林宜蓁,111年臺中市議員選舉,首次申報,1111115,人事費用支出,李仁和,N10*******,0.00,6000.00,,,,廣告錄音,金錢,臺中市東區農****,0931*****,否,,,,,,,
240,林宜蓁,111年臺中市議員選舉,首次申報,1111116,雜支支出,勁強加油站,12902454,0.00,500.00,,,,汽油,金錢,,,否,,,,,,,
241,林宜蓁,111年臺中市議員選舉,首次申報,1111116,雜支支出,駿榮商店,47385842,0.00,560.00,,,,餅乾,金錢,台中市北屯區****,,否,,,,,,,
242,林宜蓁,111年臺中市議員選舉,首次申報,1111116,雜支支出,正好佳現炒,47533105,0.00,720.00,,,,餐費,金錢,台中市太平區****,0423*****,否,,,,,,,
243,林宜蓁,111年臺中市議員選舉,首次申報,1111116,雜支支出,喜美超市永豐店,83233477,0.00,457.00,,,,泡麵飲料等等,金錢,,,否,,,,,,,
244,林宜蓁,111年臺中市議員選舉,首次申報,1111116,雜支支出,新平加油站,86207775,0.00,100.00,,,,汽油,金錢,,,否,,,,,,,
245,林宜蓁,111年臺中市議員選舉,首次申報,1111116,雜支支出,台灣台灣中油,97530053,0.00,1000.00,,,,汽油,金錢,,,否,,,,,,,
246,林宜蓁,111年臺中市議員選舉,首次申報,1111117,宣傳支出,喜美廣告社,19937979,0.00,34800.00,,,,派報,金錢,雲林縣西螺鎮****,0483*****,否,,,,,,,
247,林宜蓁,111年臺中市議員選舉,首次申報,1111117,雜支支出,新平加油站,86207775,0.00,100.00,,,,汽油,金錢,,,否,,,,,,,
248,林宜蓁,111年臺中市議員選舉,首次申報,1111117,雜支支出,台灣台灣中油,97530053,0.00,640.00,,,,汽油,金錢,,,否,,,,,,,
249,林宜蓁,111年臺中市議員選舉,首次申報,1111118,雜支支出,雅藝鮮花,14420480,0.00,2000.00,,,,高架花籃,金錢,台中市太平區****,,否,,,,,,,
250,林宜蓁,111年臺中市議員選舉,首次申報,1111118,雜支支出,雅藝鮮花,14420480,0.00,2000.00,,,,金錢樹盆栽,金錢,台中市太平區****,,否,,,,,,,
251,林宜蓁,111年臺中市議員選舉,首次申報,1111118,雜支支出,雅藝鮮花,14420480,0.00,2000.00,,,,金錢樹盆栽,金錢,台中市太平區****,,否,,,,,,,
252,林宜蓁,111年臺中市議員選舉,首次申報,1111118,雜支支出,三多快餐店,17777764,0.00,980.00,,,,餐費,金錢,台中市太平區****,0422*****,否,,,,,,,
253,林宜蓁,111年臺中市議員選舉,首次申報,1111118,雜支支出,冠樺生活館有限公司,50839426,0.00,329.00,,,,行李車小輪,金錢,台中市北屯區****,,否,,,,,,,
254,林宜蓁,111年臺中市議員選舉,首次申報,1111118,雜支支出,台灣台灣中油,77210291,0.00,1695.00,,,,汽油,金錢,,,否,,,,,,,
255,林宜蓁,111年臺中市議員選舉,首次申報,1111118,雜支支出,新益加油站,97052502,0.00,500.00,,,,汽油,金錢,,,否,,,,,,,
256,林宜蓁,111年臺中市議員選舉,首次申報,1111119,雜支支出,台灣台灣中油安泰站,01627857,0.00,600.00,,,,汽油,金錢,,,否,,,,,,,
257,林宜蓁,111年臺中市議員選舉,首次申報,1111119,雜支支出,坪林加油站,23956646,0.00,111.00,,,,汽油,金錢,,,否,,,,,,,
258,林宜蓁,111年臺中市議員選舉,首次申報,1111119,雜支支出,名嘉小吃店,82647225,0.00,808.00,,,,餐費,金錢,台中市太平區****,,否,,,,,,,
259,林宜蓁,111年臺中市議員選舉,首次申報,1111119,雜支支出,新平加油站,86207775,0.00,640.00,,,,汽油,金錢,,,否,,,,,,,
260,林宜蓁,111年臺中市議員選舉,首次申報,1111119,雜支支出,金旺加油站,89713699,0.00,870.00,,,,汽油,金錢,,,否,,,,,,,
261,林宜蓁,111年臺中市議員選舉,首次申報,1111120,雜支支出,雅藝鮮花,14420480,0.00,2000.00,,,,高架花籃,金錢,台中市太平區****,,否,,,,,,,
262,林宜蓁,111年臺中市議員選舉,首次申報,1111120,雜支支出,雙園企業有限公司,15515239,0.00,630.00,,,,瓦斯,金錢,台中市太平區****,,否,,,,,,,
263,林宜蓁,111年臺中市議員選舉,首次申報,1111120,雜支支出,大里牛家莊,39910506,0.00,600.00,,,,餐費,金錢,台中市太平區****,,否,,,,,,,
264,林宜蓁,111年臺中市議員選舉,首次申報,1111120,雜支支出,大里牛家莊,39910506,0.00,640.00,,,,餐費,金錢,台中市太平區****,,否,,,,,,,
265,林宜蓁,111年臺中市議員選舉,首次申報,1111120,雜支支出,新益加油站,97052502,0.00,500.00,,,,汽油,金錢,,,否,,,,,,,
266,林宜蓁,111年臺中市議員選舉,首次申報,1111121,雜支支出,三多快餐店,17777764,0.00,540.00,,,,餐費,金錢,台中市太平區****,0422*****,否,,,,,,,
267,林宜蓁,111年臺中市議員選舉,首次申報,1111121,雜支支出,大里牛家莊,39910506,0.00,600.00,,,,餐費,金錢,台中市太平區****,,否,,,,,,,
268,林宜蓁,111年臺中市議員選舉,首次申報,1111121,雜支支出,大里牛家莊,39910506,0.00,580.00,,,,餐費,金錢,台中市太平區****,,否,,,,,,,
269,林宜蓁,111年臺中市議員選舉,首次申報,1111121,雜支支出,新平加油站,86207775,0.00,100.00,,,,汽油,金錢,,,否,,,,,,,
270,林宜蓁,111年臺中市議員選舉,首次申報,1111121,雜支支出,嘟嘟房,87012931,0.00,40.00,,,,汽油,金錢,,,否,,,,,,,
271,林宜蓁,111年臺中市議員選舉,首次申報,1111122,雜支支出,台灣台灣中油,02980732,0.00,850.00,,,,汽油,金錢,,,否,,,,,,,
272,林宜蓁,111年臺中市議員選舉,首次申報,1111122,雜支支出,大味食品行,05832030,0.00,410.00,,,,麵包,金錢,台中市太平區****,0423*****,否,,,,,,,
273,林宜蓁,111年臺中市議員選舉,首次申報,1111122,雜支支出,樹德加油站,16655314,0.00,1000.00,,,,汽油,金錢,,,否,,,,,,,
274,林宜蓁,111年臺中市議員選舉,首次申報,1111122,雜支支出,新平加油站,86207775,0.00,681.00,,,,汽油,金錢,,,否,,,,,,,
275,林宜蓁,111年臺中市議員選舉,首次申報,1111122,雜支支出,新益加油站,97052502,0.00,670.00,,,,汽油,金錢,,,否,,,,,,,
276,林宜蓁,111年臺中市議員選舉,首次申報,1111123,雜支支出,台灣台灣中油,05865030,0.00,1000.00,,,,汽油,金錢,太平長億站****,,否,,,,,,,
277,林宜蓁,111年臺中市議員選舉,首次申報,1111123,雜支支出,全方位生活館,72513916,0.00,310.00,,,,輕便雨衣,金錢,台中市東區精****,,否,,,,,,,
278,林宜蓁,111年臺中市議員選舉,首次申報,1111123,雜支支出,興安路加油站,80724386,0.00,100.00,,,,汽油,金錢,,,否,,,,,,,
279,林宜蓁,111年臺中市議員選舉,首次申報,1111123,雜支支出,信聯興五金有限公司,91092416,0.00,150.00,,,,加厚輕便雨衣,金錢,台中市東區十****,,否,,,,,,,
280,林宜蓁,111年臺中市議員選舉,首次申報,1111124,雜支支出,大里牛家莊,39910506,0.00,600.00,,,,餐費,金錢,台中市太平區****,,否,,,,,,,
281,林宜蓁,111年臺中市議員選舉,首次申報,1111124,雜支支出,新平加油站,86207775,0.00,595.00,,,,汽油,金錢,,,否,,,,,,,
282,林宜蓁,111年臺中市議員選舉,首次申報,1111124,宣傳支出,蛋蛋企業社,99473803,0.00,520.00,,,,節慶用品,金錢,台中市潭子區****,,否,,,,,,,
283,林宜蓁,111年臺中市議員選舉,首次申報,1111125,雜支支出,台灣台灣中油,02980727,0.00,904.00,,,,汽油,金錢,,,否,,,,,,,
284,林宜蓁,111年臺中市議員選舉,首次申報,1111125,雜支支出,合氣店商行,08771418,0.00,600.00,,,,輕便雨衣,金錢,台中市太平區****,,否,,,,,,,
285,林宜蓁,111年臺中市議員選舉,首次申報,1111125,雜支支出,三多快餐店,17777764,0.00,5610.00,,,,餐費,金錢,台中市太平區****,0422*****,否,,,,,,,
286,林宜蓁,111年臺中市議員選舉,首次申報,1111125,雜支支出,燕玲廣告社,38863152,0.00,19000.00,,,,廣告車,金錢,臺中市神岡區****,,否,,,,,,,
287,林宜蓁,111年臺中市議員選舉,首次申報,1111125,雜支支出,瑞絃科技有限公司,86782432,0.00,8500.00,,,,簡訊費用,金錢,台中市太平區****,0422*****,否,,,,,,,
288,林宜蓁,111年臺中市議員選舉,首次申報,1111125,雜支支出,太餓了職人食事館,88412034,0.00,5100.00,,,,餐費,金錢,台中市太平區****,0422*****,否,,,,,,,
289,林宜蓁,111年臺中市議員選舉,首次申報,1111125,雜支支出,參壹伍燒烤店,88630030,0.00,4466.00,,,,便當,金錢,台中市北屯區****,,否,,,,,,,
290,林宜蓁,111年臺中市議員選舉,首次申報,1111125,雜支支出,友維專業影印行,98957718,0.00,1200.00,,,,影印,金錢,台中市西屯區****,,否,,,,,,,
291,林宜蓁,111年臺中市議員選舉,首次申報,1111126,雜支支出,大味食品行,05832030,0.00,500.00,,,,麵包,金錢,台中市太平區****,,否,,,,,,,
292,林宜蓁,111年臺中市議員選舉,首次申報,1111127,雜支支出,永春加油站,96892090,0.00,500.00,,,,汽油,金錢,,,否,,,,,,,
293,林宜蓁,111年臺中市議員選舉,首次申報,1111127,人事費用支出,江宇生,K10*******,0.00,14960.00,,,,開宣傳車工資,金錢,台中市太平區****,0938*****,否,,,,,,,
294,林宜蓁,111年臺中市議員選舉,首次申報,1111127,人事費用支出,魏嘉萱,L22*******,0.00,5780.00,,,,工讀費,金錢,台中市太平區****,0978*****,否,,,,,,,
295,林宜蓁,111年臺中市議員選舉,首次申報,1111128,宣傳支出,三竹資訊,86136982,0.00,2000.00,,,,簡訊,金錢,,,否,,,,,,,
296,林宜蓁,111年臺中市議員選舉,首次申報,1111128,雜支支出,新平加油站,86207775,0.00,100.00,,,,汽油,金錢,,,否,,,,,,,
297,林宜蓁,111年臺中市議員選舉,首次申報,1111128,租用競選辦事處支出,林陽鏡,L12*******,0.00,20000.00,,,,月房租,金錢,台中市太平區****,0910*****,否,,,,,,,
298,林宜蓁,111年臺中市議員選舉,首次申報,1111129,宣傳支出,悅翔數位印刷有限公司,28364136,0.00,115448.00,,,,文宣印刷,金錢,台中市南區南****,,否,,,,,,,
299,林宜蓁,111年臺中市議員選舉,首次申報,1111129,雜支支出,新平加油站,86207775,0.00,941.00,,,,汽油,金錢,,,否,,,,,,,
300,林宜蓁,111年臺中市議員選舉,首次申報,1111129,人事費用支出,陳杰揚,B12*******,0.00,10500.00,,,,工讀金,金錢,臺中市大里區****,0983*****,否,,,,,,,
301,林宜蓁,111年臺中市議員選舉,首次申報,1111129,人事費用支出,蔡心樺,F22*******,0.00,13000.00,,,,工讀金,金錢,新北市樹林區****,0922*****,否,,,,,,,
302,林宜蓁,111年臺中市議員選舉,首次申報,1111129,人事費用支出,郭家宏,G12*******,0.00,14000.00,,,,工讀費,金錢,宜蘭縣羅東鎮****,0928*****,否,,,,,,,
303,林宜蓁,111年臺中市議員選舉,首次申報,1111129,人事費用支出,翁翊淳,H12*******,0.00,30000.00,,,,工讀費,金錢,桃園市桃園區****,0976*****,否,,,,,,,
304,林宜蓁,111年臺中市議員選舉,首次申報,1111201,人事費用支出,張翔淳,G12*******,0.00,150000.00,,,,工讀金,金錢,澎湖縣西湖鄉****,0919*****,否,,,,,,,
305,林宜蓁,111年臺中市議員選舉,首次申報,1111202,人事費用支出,詹進郎,L12*******,0.00,5000.00,,,,清潔費,金錢,台中市太平區****,0935*****,否,,,,,,,
306,林宜蓁,111年臺中市議員選舉,首次申報,1111207,雜支支出,長弘廣告社,97885929,0.00,95953.00,,,,帆布及廣告車及屋內貼固,金錢,台中市太平區****,4227*****,否,,,,,,,
307,林宜蓁,111年臺中市議員選舉,首次申報,1111208,雜支支出,新平加油站,86207775,0.00,500.00,,,,加油費用,金錢,,,否,,,,,,,
308,林宜蓁,111年臺中市議員選舉,首次申報,1111208,宣傳支出,鼎超廣告,88533776,0.00,188714.00,,,,招牌看板,金錢,台中市北屯區****,0982*****,否,,,,,,,
