﻿序號,擬參選人／政黨,選舉名稱,申報序號／年度,交易日期,收支科目,捐贈者／支出對象,身分證／統一編號,收入金額,支出金額,支出用途,金錢類,地址,聯絡電話,資料更正日期
1,連斐璠,107年直轄市議員選舉,首次申報,1071011,宣傳支出,永和郵局(板橋64支),33502709,0.00,14850.00,競選總部成立邀請函,金錢,新北市永和區****,2232*****,
2,連斐璠,107年直轄市議員選舉,首次申報,1071012,租用競選辦事處支出,優力格傢俱事業有限公司,24390366,0.00,101826.00,租買辦公設備支出,金錢,新北市中和區****,3234*****,
3,連斐璠,107年直轄市議員選舉,首次申報,1071012,宣傳支出,永和郵局(板橋64支),33502709,0.00,12852.00,郵寄競選物品或宣傳廣告支出,金錢,新北市永和區****,2232*****,
4,連斐璠,107年直轄市議員選舉,首次申報,1071013,交通旅運支出,冠華企業股份有限公司-永和加油站,23199307,0.00,100.00,油資,金錢,新北市永和區****,2928*****,
5,連斐璠,107年直轄市議員選舉,首次申報,1071013,雜支支出,家福股份有限公司永和永安分公司,24479143,0.00,871.00,保鮮盒、清潔袋大、中等,金錢,新北市永和區****,2232*****,
6,連斐璠,107年直轄市議員選舉,首次申報,1071013,雜支支出,寶雅永和中山店,28976678,0.00,1837.00,掛鐘、洗碗精等,金錢,新北市永和區****,2920*****,
7,連斐璠,107年直轄市議員選舉,首次申報,1071013,雜支支出,六鼎煨豬腳店,42244909,0.00,1110.00,便當,金錢,新北市永和區****,,
8,連斐璠,107年直轄市議員選舉,首次申報,1071013,雜支支出,全家便利商店永和樂華店,53018514,0.00,446.00,通樂、洗手乳等,金錢,新北市永和區****,2926*****,
9,連斐璠,107年直轄市議員選舉,首次申報,1071013,雜支支出,商証股份有限公司永和分公司,80361722,0.00,759.00,透明膠帶等,金錢,新北市永和區****,2929*****,
10,連斐璠,107年直轄市議員選舉,首次申報,1071014,雜支支出,建興鎖印行,15544065,0.00,390.00,配鎖,金錢,新北市永和區****,2927*****,
11,連斐璠,107年直轄市議員選舉,首次申報,1071014,雜支支出,全國電子股份有限公司,22006252,0.00,7783.00,開飲機濾心等,金錢,新北市五股區****,0800*****,
12,連斐璠,107年直轄市議員選舉,首次申報,1071014,雜支支出,全國電子股份有限公司,22006252,0.00,1521.00,電扇,金錢,新北市五股區****,0800*****,
13,連斐璠,107年直轄市議員選舉,首次申報,1071014,雜支支出,寶雅永和中山店,28976678,0.00,1509.00,保鮮盒、牙線棒等,金錢,新北市永和區****,2920*****,
14,連斐璠,107年直轄市議員選舉,首次申報,1071014,雜支支出,龍饌飲食店,50655566,0.00,780.00,便當,金錢,新北市永和區****,2231*****,
15,連斐璠,107年直轄市議員選舉,首次申報,1071014,雜支支出,金興發股份有限公司永和分公司,53350379,0.00,3027.00,菜瓜布、延長線等,金錢,新北市永和區****,2927*****,
16,連斐璠,107年直轄市議員選舉,首次申報,1071015,雜支支出,元泰免洗餐具行,08575106,0.00,740.00,免洗餐具,金錢,新北市永和區****,2927*****,
17,連斐璠,107年直轄市議員選舉,首次申報,1071015,雜支支出,泰御宮小吃店,10680218,0.00,1090.00,餐飲費用,金錢,新北市永和區****,2929*****,
18,連斐璠,107年直轄市議員選舉,首次申報,1071015,雜支支出,泰御宮小吃店,10680218,0.00,340.00,餐飲費用,金錢,新北市永和區****,2929*****,
19,連斐璠,107年直轄市議員選舉,首次申報,1071015,雜支支出,和陞屋牛排館,31799851,0.00,690.00,餐費,金錢,新北市永和區****,2925*****,
20,連斐璠,107年直轄市議員選舉,首次申報,1071015,雜支支出,中和汽車材料行,33031546,0.00,450.00,充電孔,金錢,新北市永和區****,2921*****,
21,連斐璠,107年直轄市議員選舉,首次申報,1071015,宣傳支出,永和郵局(板橋64支),33502709,0.00,27727.00,郵寄競選物品或宣傳廣告支出,金錢,新北市永和區****,2232*****,
22,連斐璠,107年直轄市議員選舉,首次申報,1071015,雜支支出,合舜行,33947941,0.00,250.00,印章,金錢,新北市永和區****,2231*****,
23,連斐璠,107年直轄市議員選舉,首次申報,1071015,雜支支出,良鼎小吃店,41062401,0.00,785.00,便當,金錢,新北市永和區****,2929*****,
24,連斐璠,107年直轄市議員選舉,首次申報,1071015,雜支支出,六鼎煨豬腳店,42244909,0.00,995.00,便當,金錢,新北市永和區****,,
25,連斐璠,107年直轄市議員選舉,首次申報,1071015,雜支支出,全家便利商店永和樂華店,53018514,0.00,280.00,訂書機、修正帶等,金錢,新北市永和區****,2926*****,
26,連斐璠,107年直轄市議員選舉,首次申報,1071015,雜支支出,金興發股份有限公司永和分公司,53350379,0.00,1652.00,禮簿、修正帶等,金錢,新北市永和區****,2927*****,
27,連斐璠,107年直轄市議員選舉,首次申報,1071015,雜支支出,保順33食堂,72675242,0.00,1260.00,便當,金錢,新北市永和區****,2231*****,
28,連斐璠,107年直轄市議員選舉,首次申報,1071016,雜支支出,元泰免洗餐具行,08575106,0.00,290.00,耐熱袋,金錢,,2927*****,
29,連斐璠,107年直轄市議員選舉,首次申報,1071016,雜支支出,元泰免洗餐具行,08575106,0.00,2485.00,咖啡棒、耐熱袋、紙杯、紙杯,金錢,新北市永和區****,2927*****,
30,連斐璠,107年直轄市議員選舉,首次申報,1071016,雜支支出,元泰免洗餐具行,08575106,0.00,250.00,菜瓜布,金錢,新北市永和區****,2927*****,
31,連斐璠,107年直轄市議員選舉,首次申報,1071016,雜支支出,鬍鬚張股份有限公司永和樂華分公司,24479896,0.00,530.00,便當,金錢,新北市永和區****,2921*****,
32,連斐璠,107年直轄市議員選舉,首次申報,1071016,雜支支出,鬍鬚張股份有限公司永和樂華分公司,24479896,0.00,1045.00,便當,金錢,新北市永和區****,2921*****,
33,連斐璠,107年直轄市議員選舉,首次申報,1071016,雜支支出,寶雅永和中山店,28976678,0.00,2191.00,雙面膠、油性筆等,金錢,新北市永和區****,2920*****,
34,連斐璠,107年直轄市議員選舉,首次申報,1071016,宣傳支出,永和郵局(板橋64支),33502709,0.00,925.00,郵寄競選物品或宣傳廣告支出,金錢,新北市永和區****,2232*****,
35,連斐璠,107年直轄市議員選舉,首次申報,1071016,雜支支出,合舜行,33947941,0.00,510.00,鎖匙、印章,金錢,新北市永和區****,2231*****,
36,連斐璠,107年直轄市議員選舉,首次申報,1071016,雜支支出,冠群五金行,34266561,0.00,3000.00,帆布,金錢,新北市永和區****,2922*****,
37,連斐璠,107年直轄市議員選舉,首次申報,1071016,雜支支出,冠群五金行,34266561,0.00,1420.00,帆布,金錢,新北市永和區****,2922*****,
38,連斐璠,107年直轄市議員選舉,首次申報,1071016,雜支支出,郭記鮮粥,41406258,0.00,2160.00,便當,金錢,新北市永和區****,2231*****,
39,連斐璠,107年直轄市議員選舉,首次申報,1071016,雜支支出,怡泰餐飲設備有限公司,53568030,0.00,28875.00,尺工作枱、雙槽平台、人飯鍋等,金錢,臺北市中正區****,0938*****,
40,連斐璠,107年直轄市議員選舉,首次申報,1071016,租用宣傳車輛支出,四十張加油站股份有限公司,89776906,0.00,63.00,宣傳車輛燃料支出,金錢,新北市中和區****,2221*****,
41,連斐璠,107年直轄市議員選舉,首次申報,1071016,雜支支出,醍醐味便當行,99300232,0.00,320.00,便當,金錢,新北市永和區****,2926*****,
42,連斐璠,107年直轄市議員選舉,首次申報,1071017,雜支支出,元泰免洗餐具行,08575106,0.00,1160.00,耐熱袋、餐盤、杯,金錢,新北市永和區****,2927*****,
43,連斐璠,107年直轄市議員選舉,首次申報,1071017,雜支支出,建興鎖印行,15544065,0.00,100.00,配鎖,金錢,新北市永和區****,2927*****,
44,連斐璠,107年直轄市議員選舉,首次申報,1071017,租用宣傳車輛支出,冠華企業股份有限公司-永和加油站,23199307,0.00,100.00,宣傳車輛燃料支出,金錢,新北市永和區****,2928*****,
45,連斐璠,107年直轄市議員選舉,首次申報,1071017,雜支支出,冠群五金行,34266561,0.00,2300.00,三角錐、膠帶等,金錢,新北市永和區****,2922*****,
46,連斐璠,107年直轄市議員選舉,首次申報,1071017,雜支支出,冠群五金行,34266561,0.00,1800.00,手推車,金錢,新北市永和區****,2922*****,
47,連斐璠,107年直轄市議員選舉,首次申報,1071017,租用宣傳車輛支出,宜樂釣具電池行,34314445,0.00,600.00,V蓄電池,金錢,新北市永和區****,2924*****,
48,連斐璠,107年直轄市議員選舉,首次申報,1071017,雜支支出,郭記鮮粥,41406258,0.00,1430.00,便當,金錢,新北市永和區****,2231*****,
49,連斐璠,107年直轄市議員選舉,首次申報,1071017,雜支支出,巨鼎魯肉飯有限公司,53200175,0.00,1126.00,便當,金錢,新北市永和區****,2928*****,
50,連斐璠,107年直轄市議員選舉,首次申報,1071017,雜支支出,巨鼎魯肉飯有限公司,53200175,0.00,336.00,便當,金錢,新北市永和區****,2928*****,
51,連斐璠,107年直轄市議員選舉,首次申報,1071017,雜支支出,怡泰餐飲設備有限公司,53568030,0.00,6951.00,加大深方盤、CM菜桶(溫控)等,金錢,臺北市中正區****,0938*****,
52,連斐璠,107年直轄市議員選舉,首次申報,1071017,租用宣傳車輛支出,台灣中油-永和永利加油站,66902331,0.00,74.00,宣傳車輛燃料支出,金錢,新北市永和區****,2921*****,
53,連斐璠,107年直轄市議員選舉,首次申報,1071017,租用宣傳車輛支出,台灣中油-永和永利加油站,66902331,0.00,125.00,宣傳車輛燃料支出,金錢,新北市永和區****,2921*****,
54,連斐璠,107年直轄市議員選舉,首次申報,1071017,雜支支出,季節香茶葉與咖啡烘培屋,73791326,0.00,1520.00,咖啡壺,金錢,新北市永和區****,8660*****,
55,連斐璠,107年直轄市議員選舉,首次申報,1071017,租用宣傳車輛支出,四十張加油站股份有限公司,89776906,0.00,89.00,宣傳車輛燃料支出,金錢,新北市中和區****,2221*****,
56,連斐璠,107年直轄市議員選舉,首次申報,1071018,雜支支出,友登企業行,08567154,0.00,887.00,現金帳本、長尾夾等文具,金錢,新北市永和區****,2920*****,
57,連斐璠,107年直轄市議員選舉,首次申報,1071018,雜支支出,元泰免洗餐具行,08575106,0.00,1000.00,湯匙、球刷、杯等,金錢,新北市永和區****,2927*****,
58,連斐璠,107年直轄市議員選舉,首次申報,1071018,雜支支出,明蘭香業行,20021094,0.00,3540.00,競選總部成立香品乙批,金錢,新北市永和區****,2922*****,
59,連斐璠,107年直轄市議員選舉,首次申報,1071018,雜支支出,全國電子股份有限公司,22006252,0.00,819.00,網路線,金錢,新北市五股區****,0800*****,
60,連斐璠,107年直轄市議員選舉,首次申報,1071018,雜支支出,全國電子股份有限公司,22006252,0.00,658.00,網路線,金錢,新北市五股區****,0800*****,
61,連斐璠,107年直轄市議員選舉,首次申報,1071018,租用宣傳車輛支出,冠華企業股份有限公司-永和加油站,23199307,0.00,570.00,宣傳車輛燃料支出,金錢,新北市永和區****,2928*****,
62,連斐璠,107年直轄市議員選舉,首次申報,1071018,宣傳支出,永和郵局(板橋64支),33502709,0.00,156.00,郵寄競選物品或宣傳廣告支出,金錢,新北市永和區****,2232*****,
63,連斐璠,107年直轄市議員選舉,首次申報,1071018,租用競選辦事處支出,震旦行股份有限公司板橋分公司,34428778,0.00,2000.00,租賃影印機,金錢,新北市板橋區****,2950*****,
64,連斐璠,107年直轄市議員選舉,首次申報,1071018,雜支支出,惡燒肉便當小吃店,41073717,0.00,2400.00,便當,金錢,新北市永和區****,3233*****,
65,連斐璠,107年直轄市議員選舉,首次申報,1071018,雜支支出,樂品麵食小吃店,42386792,0.00,1500.00,便當,金錢,臺北市中正區****,2321*****,
66,連斐璠,107年直轄市議員選舉,首次申報,1071018,雜支支出,樂品麵食小吃店,42386792,0.00,255.00,便當,金錢,臺北市中正區****,2321*****,
67,連斐璠,107年直轄市議員選舉,首次申報,1071018,租用宣傳車輛支出,台灣卡特爾石油有限公司永和分公司,55650822,0.00,90.00,宣傳車輛燃料支出,金錢,新北市永和區****,,
68,連斐璠,107年直轄市議員選舉,首次申報,1071018,租用宣傳車輛支出,台灣中油-永和永利加油站,66902331,0.00,136.00,宣傳車輛燃料支出,金錢,新北市永和區****,2921*****,
69,連斐璠,107年直轄市議員選舉,首次申報,1071018,雜支支出,豐郁生活館有限公司,80637539,0.00,1887.00,麥克筆、螢光筆等,金錢,新北市永和區****,8925*****,
70,連斐璠,107年直轄市議員選舉,首次申報,1071018,雜支支出,豐郁生活館有限公司,80637539,0.00,2390.00,購買手推車,金錢,新北市永和區****,8925*****,
71,連斐璠,107年直轄市議員選舉,首次申報,1071018,租用宣傳車輛支出,四十張加油站股份有限公司,89776906,0.00,56.00,宣傳車輛燃料支出,金錢,新北市中和區****,2221*****,
72,連斐璠,107年直轄市議員選舉,首次申報,1071018,租用競選辦事處支出,昱華電腦有限公司,97482209,0.00,23000.00,電腦設備,金錢,新北市永和區****,2928*****,
73,連斐璠,107年直轄市議員選舉,首次申報,1071019,雜支支出,泰御宮小吃店,10680218,0.00,2100.00,餐費,金錢,新北市永和區****,2929*****,
74,連斐璠,107年直轄市議員選舉,首次申報,1071019,雜支支出,元品補給站,19438039,0.00,2500.00,便當,金錢,新北市永和區****,2920*****,
75,連斐璠,107年直轄市議員選舉,首次申報,1071019,租用宣傳車輛支出,冠華企業股份有限公司-永和加油站,23199307,0.00,602.00,宣傳車輛燃料支出,金錢,新北市永和區****,2928*****,
76,連斐璠,107年直轄市議員選舉,首次申報,1071019,雜支支出,合舜行,33947941,0.00,300.00,鎖,金錢,新北市永和區****,2231*****,
77,連斐璠,107年直轄市議員選舉,首次申報,1071019,雜支支出,合舜行,33947941,0.00,21.00,印章,金錢,新北市永和區****,2231*****,
78,連斐璠,107年直轄市議員選舉,首次申報,1071019,雜支支出,良鼎小吃店,41062401,0.00,7500.00,便當,金錢,新北市永和區****,2929*****,
79,連斐璠,107年直轄市議員選舉,首次申報,1071019,雜支支出,良鼎小吃店,41062401,0.00,1000.00,便當,金錢,新北市永和區****,2929*****,
80,連斐璠,107年直轄市議員選舉,首次申報,1071019,雜支支出,六鼎煨豬腳店,42244909,0.00,220.00,餐飲費用,金錢,新北市永和區****,,
81,連斐璠,107年直轄市議員選舉,首次申報,1071019,雜支支出,樂品麵食小吃店,42386792,0.00,570.00,便當,金錢,臺北市中正區****,2321*****,
82,連斐璠,107年直轄市議員選舉,首次申報,1071019,雜支支出,樂品麵食小吃店,42386792,0.00,1650.00,便當,金錢,臺北市中正區****,2321*****,
83,連斐璠,107年直轄市議員選舉,首次申報,1071019,雜支支出,金興發股份有限公司永和分公司,53350379,0.00,160.00,口哨,金錢,新北市永和區****,2927*****,
84,連斐璠,107年直轄市議員選舉,首次申報,1071019,租用宣傳車輛支出,台灣卡特爾石油有限公司永和分公司,55650822,0.00,80.00,宣傳車輛燃料支出,金錢,新北市永和區****,,
85,連斐璠,107年直轄市議員選舉,首次申報,1071019,租用宣傳車輛支出,四十張加油站股份有限公司,89776906,0.00,40.00,宣傳車輛燃料支出,金錢,新北市中和區****,2221*****,
86,連斐璠,107年直轄市議員選舉,首次申報,1071020,雜支支出,玉洲油漆行,13516331,0.00,240.00,甲苯,金錢,新北市永和區****,2924*****,
87,連斐璠,107年直轄市議員選舉,首次申報,1071020,集會支出,蜜世界蔬果專賣店,17288920,0.00,700.00,橘子一箱,金錢,新北市永和區****,8660*****,
88,連斐璠,107年直轄市議員選舉,首次申報,1071020,雜支支出,全國電子股份有限公司,22006252,0.00,1314.00,隨身碟、延長線等,金錢,新北市五股區****,0800*****,
89,連斐璠,107年直轄市議員選舉,首次申報,1071020,雜支支出,金仙蝦捲店,31441869,0.00,4600.00,中午便當,金錢,新北市永和區****,2924*****,
90,連斐璠,107年直轄市議員選舉,首次申報,1071020,雜支支出,中央電器材料行,33032411,0.00,660.00,延長線、噴漆等,金錢,新北市永和區****,2921*****,
91,連斐璠,107年直轄市議員選舉,首次申報,1071020,雜支支出,冠群五金行,34266561,0.00,200.00,五金,金錢,新北市永和區****,2922*****,
92,連斐璠,107年直轄市議員選舉,首次申報,1071020,租用競選辦事處支出,吉亮冷氣行,34633519,0.00,4000.00,小雙門冰箱,金錢,新北市永和區****,2942*****,
93,連斐璠,107年直轄市議員選舉,首次申報,1071020,雜支支出,良鼎小吃店,41062401,0.00,3850.00,便當,金錢,新北市永和區****,2929*****,
94,連斐璠,107年直轄市議員選舉,首次申報,1071020,雜支支出,良鼎小吃店,41062401,0.00,1000.00,便當,金錢,新北市永和區****,2929*****,
95,連斐璠,107年直轄市議員選舉,首次申報,1071020,雜支支出,惡燒肉便當小吃店,41073717,0.00,1140.00,便當,金錢,新北市永和區****,3233*****,
96,連斐璠,107年直轄市議員選舉,首次申報,1071020,雜支支出,六鼎煨豬腳店,42244909,0.00,550.00,便當,金錢,新北市永和區****,,
97,連斐璠,107年直轄市議員選舉,首次申報,1071020,租用宣傳車輛支出,台灣卡特爾石油有限公司永和分公司,55650822,0.00,80.00,宣傳車輛燃料支出,金錢,新北市永和區****,,
98,連斐璠,107年直轄市議員選舉,首次申報,1071020,交通旅運支出,台灣卡特爾石油有限公司永和分公司,55650822,0.00,145.00,油資,金錢,新北市永和區****,,
99,連斐璠,107年直轄市議員選舉,首次申報,1071020,租用宣傳車輛支出,台灣中油-永和永利加油站,66902331,0.00,130.00,宣傳車輛燃料支出,金錢,新北市永和區****,2921*****,
100,連斐璠,107年直轄市議員選舉,首次申報,1071020,雜支支出,金和商行,78267052,0.00,435.00,手扒雞手套、棉手套,金錢,新北市永和區****,2922*****,
101,連斐璠,107年直轄市議員選舉,首次申報,1071020,租用宣傳車輛支出,四十張加油站股份有限公司,89776906,0.00,50.00,宣傳車輛燃料支出,金錢,新北市中和區****,2221*****,
102,連斐璠,107年直轄市議員選舉,首次申報,1071021,雜支支出,全國電子股份有限公司,22006252,0.00,1229.00,延長線等,金錢,新北市五股區****,0800*****,
103,連斐璠,107年直轄市議員選舉,首次申報,1071021,租用宣傳車輛支出,冠華企業股份有限公司-永和加油站,23199307,0.00,650.00,宣傳車輛燃料支出,金錢,新北市永和區****,2928*****,
104,連斐璠,107年直轄市議員選舉,首次申報,1071021,集會支出,全方位國際行銷整合有限公司,25020550,0.00,12000.00,鼓隊,金錢,新北市永和區****,2231*****,
105,連斐璠,107年直轄市議員選舉,首次申報,1071021,雜支支出,寶雅永和中山店,28976678,0.00,539.00,拖把等,金錢,新北市永和區****,2920*****,
106,連斐璠,107年直轄市議員選舉,首次申報,1071021,雜支支出,郭記鮮粥,41406258,0.00,6000.00,便當,金錢,新北市永和區****,2231*****,
107,連斐璠,107年直轄市議員選舉,首次申報,1071021,租用宣傳車輛支出,台灣卡特爾石油有限公司永和分公司,55650822,0.00,75.00,宣傳車輛燃料支出,金錢,新北市永和區****,,
108,連斐璠,107年直轄市議員選舉,首次申報,1071021,租用宣傳車輛支出,台灣中油-永和永利加油站,66902331,0.00,120.00,宣傳車輛燃料支出,金錢,新北市永和區****,2921*****,
109,連斐璠,107年直轄市議員選舉,首次申報,1071021,雜支支出,豐郁生活館有限公司,80637539,0.00,416.00,漂白水、洗碗精等,金錢,新北市永和區****,8925*****,
110,連斐璠,107年直轄市議員選舉,首次申報,1071021,雜支支出,豐郁生活館有限公司,80637539,0.00,3255.00,保鮮盒、抹布等,金錢,新北市永和區****,8925*****,
111,連斐璠,107年直轄市議員選舉,首次申報,1071021,雜支支出,豐郁生活館有限公司,80637539,0.00,1350.00,工業桌扇,金錢,新北市永和區****,8925*****,
112,連斐璠,107年直轄市議員選舉,首次申報,1071021,租用宣傳車輛支出,四十張加油站股份有限公司,89776906,0.00,50.00,宣傳車輛燃料支出,金錢,新北市中和區****,2221*****,
113,連斐璠,107年直轄市議員選舉,首次申報,1071021,雜支支出,李澤源,F12*******,0.00,32750.00,市場採買菜,金錢,新北市永和區****,0982*****,
114,連斐璠,107年直轄市議員選舉,首次申報,1071022,雜支支出,元泰免洗餐具行,08575106,0.00,975.00,湯杯、紙漿餐盤、橡皮圈等,金錢,新北市永和區****,2927*****,
115,連斐璠,107年直轄市議員選舉,首次申報,1071022,雜支支出,元泰免洗餐具行,08575106,0.00,250.00,紙杯,金錢,新北市永和區****,2927*****,
116,連斐璠,107年直轄市議員選舉,首次申報,1071022,雜支支出,冠群五金行,34266561,0.00,792.00,噴漆,金錢,新北市永和區****,2922*****,
117,連斐璠,107年直轄市議員選舉,首次申報,1071022,雜支支出,冠群五金行,34266561,0.00,700.00,日本磨刀石,金錢,新北市永和區****,2922*****,
118,連斐璠,107年直轄市議員選舉,首次申報,1071022,雜支支出,吉泰搬家貨運有限公司,54870378,0.00,8000.00,運費,金錢,新北市永和區****,2922*****,
119,連斐璠,107年直轄市議員選舉,首次申報,1071022,雜支支出,麗發蛋行,66941720,0.00,1705.00,雞蛋、皮蛋、鹹蛋、地瓜粉,金錢,新北市中和區****,2920*****,
120,連斐璠,107年直轄市議員選舉,首次申報,1071022,租用宣傳車輛支出,四十張加油站股份有限公司,89776906,0.00,53.00,宣傳車輛燃料支出,金錢,新北市中和區****,2221*****,
121,連斐璠,107年直轄市議員選舉,首次申報,1071022,租用宣傳車輛支出,鍾明庭,M12*******,0.00,14000.00,宣傳車..~..共計天,金錢,新北市板橋區****,0936*****,
122,連斐璠,107年直轄市議員選舉,首次申報,1071022,租用宣傳車輛支出,沈雨震,Q12*******,0.00,11900.00,小蜜蜂宣傳車..~..共計天,金錢,新北市土城區****,0937*****,
123,連斐璠,107年直轄市議員選舉,首次申報,1071022,租用宣傳車輛支出,侯美惠,Q22*******,0.00,11900.00,小蜜蜂宣傳車..~..共計天,金錢,新北市永和區****,0928*****,
124,連斐璠,107年直轄市議員選舉,首次申報,1071023,雜支支出,元品補給站,19438039,0.00,1200.00,便當,金錢,新北市永和區****,2920*****,
125,連斐璠,107年直轄市議員選舉,首次申報,1071023,宣傳支出,永和郵局(板橋64支),33502709,0.00,252.00,郵寄競選物品或宣傳廣告支出,金錢,新北市永和區****,2232*****,
126,連斐璠,107年直轄市議員選舉,首次申報,1071023,雜支支出,可誠貿易有限公司,42848696,0.00,6374.00,小扁魚、細砂、香油等,金錢,臺北市大同區****,2550*****,
127,連斐璠,107年直轄市議員選舉,首次申報,1071023,雜支支出,金和商行,78267052,0.00,1080.00,公升垃圾袋、衛生紙,金錢,新北市永和區****,2922*****,
128,連斐璠,107年直轄市議員選舉,首次申報,1071023,雜支支出,李澤源,F12*******,0.00,19020.00,市場採買菜,金錢,新北市永和區****,0982*****,
129,連斐璠,107年直轄市議員選舉,首次申報,1071024,雜支支出,元泰免洗餐具行,08575106,0.00,4700.00,紙漿餐盤、紙湯杯、特中餐盒、筷子,金錢,新北市永和區****,2927*****,
130,連斐璠,107年直轄市議員選舉,首次申報,1071024,雜支支出,李澤源,F12*******,0.00,14420.00,市場採買菜,金錢,新北市永和區****,0982*****,
131,連斐璠,107年直轄市議員選舉,首次申報,1071025,租用宣傳車輛支出,冠華企業股份有限公司-永和加油站,23199307,0.00,660.00,宣傳車輛燃料支出,金錢,新北市永和區****,2928*****,
132,連斐璠,107年直轄市議員選舉,首次申報,1071025,宣傳支出,永和郵局(板橋64支),33502709,0.00,364.00,郵寄競選物品或宣傳廣告支出,金錢,新北市永和區****,2232*****,
133,連斐璠,107年直轄市議員選舉,首次申報,1071025,雜支支出,光南大批發台北永和,53607603,0.00,1460.00,剪刀、美工刀等,金錢,新北市永和區****,,
134,連斐璠,107年直轄市議員選舉,首次申報,1071025,租用宣傳車輛支出,台灣卡特爾石油有限公司永和分公司,55650822,0.00,30.00,宣傳車輛燃料支出,金錢,新北市永和區****,,
135,連斐璠,107年直轄市議員選舉,首次申報,1071025,租用宣傳車輛支出,台灣中油-永和永利加油站,66902331,0.00,105.00,宣傳車輛燃料支出,金錢,新北市永和區****,2921*****,
136,連斐璠,107年直轄市議員選舉,首次申報,1071025,租用宣傳車輛支出,四十張加油站股份有限公司,89776906,0.00,53.00,宣傳車輛燃料支出,金錢,新北市中和區****,2221*****,
137,連斐璠,107年直轄市議員選舉,首次申報,1071025,雜支支出,李澤源,F12*******,0.00,16320.00,市場採買菜,金錢,新北市永和區****,0982*****,
138,連斐璠,107年直轄市議員選舉,首次申報,1071026,雜支支出,元泰免洗餐具行,08575106,0.00,670.00,蓋、杯,金錢,新北市永和區****,2927*****,
139,連斐璠,107年直轄市議員選舉,首次申報,1071026,雜支支出,元泰免洗餐具行,08575106,0.00,66.00,花袋,金錢,新北市永和區****,2927*****,
140,連斐璠,107年直轄市議員選舉,首次申報,1071026,返還支出,得暉美術有限公司,23521609,0.00,7000.00,返還,非金錢,新北市永和區****,2924*****,
141,連斐璠,107年直轄市議員選舉,首次申報,1071026,雜支支出,中央電器材料行,33032411,0.00,531.00,電線,金錢,新北市永和區****,2921*****,
142,連斐璠,107年直轄市議員選舉,首次申報,1071026,雜支支出,全家便利商店永和樂華店,53018514,0.00,734.00,口罩等,金錢,新北市永和區****,2926*****,
143,連斐璠,107年直轄市議員選舉,首次申報,1071026,租用宣傳車輛支出,台灣卡特爾石油有限公司永和分公司,55650822,0.00,70.00,宣傳車輛燃料支出,金錢,新北市永和區****,,
144,連斐璠,107年直轄市議員選舉,首次申報,1071026,雜支支出,麗發蛋行,66941720,0.00,1140.00,雞蛋、二砂、地瓜粉,金錢,新北市中和區****,2920*****,
145,連斐璠,107年直轄市議員選舉,首次申報,1071026,雜支支出,特力屋中和店,80032010,0.00,7245.00,窗簾購置,金錢,新北市中和區****,2240*****,
146,連斐璠,107年直轄市議員選舉,首次申報,1071026,雜支支出,李澤源,F12*******,0.00,22214.00,市場採買菜,金錢,新北市永和區****,0982*****,
147,連斐璠,107年直轄市議員選舉,首次申報,1071027,租用宣傳車輛支出,冠華企業股份有限公司-永和加油站,23199307,0.00,80.00,宣傳車輛燃料支出,金錢,新北市永和區****,2928*****,
148,連斐璠,107年直轄市議員選舉,首次申報,1071027,租用宣傳車輛支出,冠華企業股份有限公司-永和加油站,23199307,0.00,600.00,宣傳車輛燃料支出,金錢,新北市永和區****,2928*****,
149,連斐璠,107年直轄市議員選舉,首次申報,1071027,雜支支出,家福股份有限公司永和永安分公司,24479143,0.00,2909.00,漂白水、通樂等,金錢,新北市永和區****,2232*****,
150,連斐璠,107年直轄市議員選舉,首次申報,1071027,雜支支出,家福股份有限公司永和永安分公司,24479143,0.00,2703.00,清潔袋大、中等,金錢,新北市永和區****,2232*****,
151,連斐璠,107年直轄市議員選舉,首次申報,1071027,雜支支出,家福股份有限公司永和永安分公司,24479143,0.00,534.00,清潔袋大,金錢,新北市永和區****,2232*****,
152,連斐璠,107年直轄市議員選舉,首次申報,1071027,雜支支出,裕僑煤氣有限公司,33286131,0.00,720.00,液化石油氣KG,金錢,新北市永和區****,2922*****,
153,連斐璠,107年直轄市議員選舉,首次申報,1071027,雜支支出,榮總藥局,34374745,0.00,200.00,OK繃等,金錢,新北市永和區****,,
154,連斐璠,107年直轄市議員選舉,首次申報,1071027,交通旅運支出,台灣卡特爾石油有限公司永和分公司,55650822,0.00,125.00,油資,金錢,新北市永和區****,,
155,連斐璠,107年直轄市議員選舉,首次申報,1071027,租用宣傳車輛支出,台灣中油-永和永利加油站,66902331,0.00,128.00,宣傳車輛燃料支出,金錢,新北市永和區****,2921*****,
156,連斐璠,107年直轄市議員選舉,首次申報,1071027,租用宣傳車輛支出,四十張加油站股份有限公司,89776906,0.00,66.00,宣傳車輛燃料支出,金錢,新北市中和區****,2221*****,
157,連斐璠,107年直轄市議員選舉,首次申報,1071028,租用宣傳車輛支出,冠華企業股份有限公司-永和加油站,23199307,0.00,59.00,宣傳車輛燃料支出,金錢,新北市永和區****,2928*****,
158,連斐璠,107年直轄市議員選舉,首次申報,1071028,雜支支出,合舜行,33947941,0.00,1800.00,開配鎖,金錢,新北市永和區****,2231*****,
159,連斐璠,107年直轄市議員選舉,首次申報,1071028,交通旅運支出,台灣卡特爾石油有限公司永和分公司,55650822,0.00,1101.00,油資,金錢,新北市永和區****,,
160,連斐璠,107年直轄市議員選舉,首次申報,1071028,租用宣傳車輛支出,四十張加油站股份有限公司,89776906,0.00,42.00,宣傳車輛燃料支出,金錢,新北市中和區****,2221*****,
161,連斐璠,107年直轄市議員選舉,首次申報,1071028,雜支支出,李澤源,F12*******,0.00,22580.00,市場採買菜,金錢,新北市永和區****,0982*****,
162,連斐璠,107年直轄市議員選舉,首次申報,1071029,雜支支出,元泰免洗餐具行,08575106,0.00,1450.00,杯、特中盒,金錢,新北市永和區****,2927*****,
163,連斐璠,107年直轄市議員選舉,首次申報,1071029,租用宣傳車輛支出,冠華企業股份有限公司-永和加油站,23199307,0.00,600.00,宣傳車輛燃料支出,金錢,新北市永和區****,2928*****,
164,連斐璠,107年直轄市議員選舉,首次申報,1071029,雜支支出,裕僑煤氣有限公司,33286131,0.00,720.00,瓦斯費用,金錢,新北市永和區****,2922*****,
165,連斐璠,107年直轄市議員選舉,首次申報,1071029,雜支支出,裕僑煤氣有限公司,33286131,0.00,720.00,瓦斯費用,金錢,新北市永和區****,2922*****,
166,連斐璠,107年直轄市議員選舉,首次申報,1071029,宣傳支出,永和郵局(板橋64支),33502709,0.00,27360.00,郵寄競選物品或宣傳廣告支出,金錢,新北市永和區****,2232*****,
167,連斐璠,107年直轄市議員選舉,首次申報,1071029,公共關係費用支出,昶昇食品行,49913799,0.00,5807.00,花生、葵瓜子等,金錢,新北市永和區****,2929*****,
168,連斐璠,107年直轄市議員選舉,首次申報,1071029,雜支支出,全家便利商店永和樂華店,53018514,0.00,2285.00,衛生紙、洗手液等,金錢,新北市永和區****,2926*****,
169,連斐璠,107年直轄市議員選舉,首次申報,1071029,租用宣傳車輛支出,台灣卡特爾石油有限公司永和分公司,55650822,0.00,74.00,宣傳車輛燃料支出,金錢,新北市永和區****,,
170,連斐璠,107年直轄市議員選舉,首次申報,1071029,租用宣傳車輛支出,台灣中油-永和永利加油站,66902331,0.00,112.00,宣傳車輛燃料支出,金錢,新北市永和區****,2921*****,
171,連斐璠,107年直轄市議員選舉,首次申報,1071029,雜支支出,永和堂藥行,78308574,0.00,420.00,中藥材-八仙果,金錢,新北市永和區****,2925*****,
172,連斐璠,107年直轄市議員選舉,首次申報,1071029,租用宣傳車輛支出,四十張加油站股份有限公司,89776906,0.00,42.00,宣傳車輛燃料支出,金錢,新北市中和區****,2221*****,
173,連斐璠,107年直轄市議員選舉,首次申報,1071029,雜支支出,中華電信股份有限公司,92887342,0.00,1630.00,電信費用,金錢,新北市永和區****,0800*****,
174,連斐璠,107年直轄市議員選舉,首次申報,1071029,雜支支出,遠百企業股份有限公司永和分公司,96974162,0.00,1350.00,環保購物袋 -裝文宣用,金錢,新北市永和區****,2948*****,
175,連斐璠,107年直轄市議員選舉,首次申報,1071029,人事費用支出,盧世卿,A12*******,0.00,4650.00,/-:~:計H，/~/計天@,金錢,新北市永和區****,0936*****,
176,連斐璠,107年直轄市議員選舉,首次申報,1071029,租用宣傳車輛支出,鍾明庭,M12*******,0.00,14000.00,宣傳車..~..共計天,金錢,新北市板橋區****,0936*****,
177,連斐璠,107年直轄市議員選舉,首次申報,1071029,租用宣傳車輛支出,沈雨震,Q12*******,0.00,11900.00,小蜜蜂宣傳車..~..共計天,金錢,新北市土城區****,0937*****,
178,連斐璠,107年直轄市議員選舉,首次申報,1071029,租用宣傳車輛支出,侯美惠,Q22*******,0.00,11900.00,小蜜蜂宣傳車..~..共天,金錢,新北市永和區****,0928*****,
179,連斐璠,107年直轄市議員選舉,首次申報,1071030,宣傳支出,永和郵局(板橋64支),33502709,0.00,756.00,郵寄競選物品或宣傳廣告支出,金錢,新北市永和區****,2232*****,
180,連斐璠,107年直轄市議員選舉,首次申報,1071030,雜支支出,光南大批發,53607603,0.00,319.00,競選總部面紙盒,金錢,新北市永和區****,,
181,連斐璠,107年直轄市議員選舉,首次申報,1071030,租用宣傳車輛支出,台灣卡特爾石油有限公司永和分公司,55650822,0.00,60.00,宣傳車輛燃料支出,金錢,新北市永和區****,,
182,連斐璠,107年直轄市議員選舉,首次申報,1071030,租用宣傳車輛支出,台灣中油-永和永利加油站,66902331,0.00,115.00,宣傳車輛燃料支出,金錢,新北市永和區****,2921*****,
183,連斐璠,107年直轄市議員選舉,首次申報,1071030,租用宣傳車輛支出,台灣中油-永和永利加油站,66902331,0.00,600.00,宣傳車輛燃料支出,金錢,新北市永和區****,2921*****,
184,連斐璠,107年直轄市議員選舉,首次申報,1071030,雜支支出,豐郁生活館有限公司,80637539,0.00,1430.00,保鮮盒、萬能筒等,金錢,新北市永和區****,8925*****,
185,連斐璠,107年直轄市議員選舉,首次申報,1071030,租用宣傳車輛支出,四十張加油站股份有限公司,89776906,0.00,49.00,宣傳車輛燃料支出,金錢,新北市中和區****,2221*****,
186,連斐璠,107年直轄市議員選舉,首次申報,1071030,雜支支出,中華電信股份有限公司,92887342,0.00,563.00,網際網路費用,金錢,新北市永和區****,0800*****,
187,連斐璠,107年直轄市議員選舉,首次申報,1071030,雜支支出,李澤源,F12*******,0.00,21300.00,市場採買菜,金錢,新北市永和區****,0982*****,
188,連斐璠,107年直轄市議員選舉,首次申報,1071031,雜支支出,元年企業社,13781204,0.00,3600.00,競選總部廁所清理化糞池,金錢,新北市新店區****,8666*****,
189,連斐璠,107年直轄市議員選舉,首次申報,1071031,租用宣傳車輛支出,冠華企業股份有限公司-永和加油站,23199307,0.00,72.00,宣傳車輛燃料支出,金錢,新北市永和區****,2928*****,
190,連斐璠,107年直轄市議員選舉,首次申報,1071031,雜支支出,7-11大正門市,53668158,0.00,238.00,通樂,金錢,新北市永和區****,8921*****,
191,連斐璠,107年直轄市議員選舉,首次申報,1071031,雜支支出,豐郁生活館有限公司,80637539,0.00,2861.00,插座安全扣、保鮮盒等,金錢,新北市永和區****,8925*****,
192,連斐璠,107年直轄市議員選舉,首次申報,1071031,租用宣傳車輛支出,四十張加油站股份有限公司,89776906,0.00,50.00,宣傳車輛燃料支出,金錢,新北市中和區****,2221*****,
193,連斐璠,107年直轄市議員選舉,首次申報,1071031,租用宣傳車輛支出,四十張加油站股份有限公司,89776906,0.00,8.00,宣傳車輛燃料支出,金錢,新北市中和區****,2221*****,
194,連斐璠,107年直轄市議員選舉,首次申報,1071031,雜支支出,李澤源,F12*******,0.00,21100.00,市場採買菜,金錢,新北市永和區****,0982*****,
195,連斐璠,107年直轄市議員選舉,首次申報,1071031,雜支支出,競選總部,F22*******,0.00,12500.00,餐飲費用,非金錢,新北市永和區****,,
196,連斐璠,107年直轄市議員選舉,首次申報,1071101,雜支支出,元泰免洗餐具行,08575106,0.00,3963.00,紙餐盒、紙餐盤、花袋,金錢,新北市永和區****,2927*****,
197,連斐璠,107年直轄市議員選舉,首次申報,1071101,雜支支出,元泰免洗餐具行,08575106,0.00,550.00,杯,金錢,新北市永和區****,2927*****,
198,連斐璠,107年直轄市議員選舉,首次申報,1071101,雜支支出,元泰免洗餐具行,08575106,0.00,145.00,耐熱袋斤,金錢,新北市永和區****,2927*****,
199,連斐璠,107年直轄市議員選舉,首次申報,1071101,雜支支出,禾慶有限公司,22158567,0.00,4730.00,鹽、沙拉油、糖等,金錢,臺北市大同區****,2553*****,
200,連斐璠,107年直轄市議員選舉,首次申報,1071101,宣傳支出,璟豐國際科技有限公司,28557871,0.00,420000.00,媒體託播,金錢,新北市樹林區****,2668*****,
201,連斐璠,107年直轄市議員選舉,首次申報,1071101,雜支支出,中央電器材料行,33032411,0.00,140.00,燈管,金錢,新北市永和區****,2921*****,
202,連斐璠,107年直轄市議員選舉,首次申報,1071101,雜支支出,裕僑煤氣有限公司,33286131,0.00,1440.00,瓦斯費用,金錢,新北市永和區****,2922*****,
203,連斐璠,107年直轄市議員選舉,首次申報,1071101,雜支支出,昌崧機車材料行,34326596,0.00,160.00,機車材料,金錢,新北市永和區****,2928*****,
204,連斐璠,107年直轄市議員選舉,首次申報,1071101,公共關係費用支出,昶昇食品行,49913799,0.00,1700.00,花生,金錢,新北市永和區****,2929*****,
205,連斐璠,107年直轄市議員選舉,首次申報,1071101,集會支出,宏遠食品股份有限公司,54842824,0.00,50000.00,/開票當天餐點,金錢,新北市五股區****,2290*****,
206,連斐璠,107年直轄市議員選舉,首次申報,1071101,租用宣傳車輛支出,台灣卡特爾石油有限公司永和分公司,55650822,0.00,60.00,宣傳車輛燃料支出,金錢,新北市永和區****,,
207,連斐璠,107年直轄市議員選舉,首次申報,1071101,租用宣傳車輛支出,台灣中油-永和永利加油站,66902331,0.00,110.00,宣傳車輛燃料支出,金錢,新北市永和區****,2921*****,
208,連斐璠,107年直轄市議員選舉,首次申報,1071101,租用宣傳車輛支出,台灣中油-永和永利加油站,66902331,0.00,600.00,宣傳車輛燃料支出,金錢,新北市永和區****,2921*****,
209,連斐璠,107年直轄市議員選舉,首次申報,1071101,雜支支出,豐郁生活館有限公司,80637539,0.00,2158.00,競選總部小茶點保鮮盒,金錢,新北市永和區****,,
210,連斐璠,107年直轄市議員選舉,首次申報,1071101,租用宣傳車輛支出,四十張加油站股份有限公司,89776906,0.00,45.00,宣傳車輛燃料支出,金錢,新北市中和區****,2221*****,
211,連斐璠,107年直轄市議員選舉,首次申報,1071101,雜支支出,李澤源,F12*******,0.00,8945.00,市場採買菜,金錢,新北市永和區****,0982*****,
212,連斐璠,107年直轄市議員選舉,首次申報,1071102,雜支支出,鑫順機車行,14878682,0.00,100.00,機車修理費,金錢,新北市永和區****,2929*****,
213,連斐璠,107年直轄市議員選舉,首次申報,1071102,租用宣傳車輛支出,台灣卡特爾石油有限公司永和分公司,55650822,0.00,85.00,宣傳車輛燃料支出,金錢,新北市永和區****,,
214,連斐璠,107年直轄市議員選舉,首次申報,1071102,交通旅運支出,台灣卡特爾石油有限公司永和分公司,55650822,0.00,180.00,油資,金錢,新北市永和區****,,
215,連斐璠,107年直轄市議員選舉,首次申報,1071102,租用宣傳車輛支出,台灣中油-永和永利加油站,66902331,0.00,100.00,宣傳車輛燃料支出,金錢,新北市永和區****,2921*****,
216,連斐璠,107年直轄市議員選舉,首次申報,1071102,租用宣傳車輛支出,四十張加油站股份有限公司,89776906,0.00,52.00,宣傳車輛燃料支出,金錢,新北市中和區****,2221*****,
217,連斐璠,107年直轄市議員選舉,首次申報,1071102,雜支支出,李澤源,F12*******,0.00,20880.00,市場採買菜,金錢,新北市永和區****,0982*****,
218,連斐璠,107年直轄市議員選舉,首次申報,1071103,雜支支出,元泰免洗餐具行,08575106,0.00,435.00,耐熱袋,金錢,新北市永和區****,2927*****,
219,連斐璠,107年直轄市議員選舉,首次申報,1071103,雜支支出,元泰免洗餐具行,08575106,0.00,1430.00,杯、匙,金錢,新北市永和區****,2927*****,
220,連斐璠,107年直轄市議員選舉,首次申報,1071103,租用宣傳車輛支出,冠華企業股份有限公司-永和加油站,23199307,0.00,600.00,宣傳車輛燃料支出,金錢,新北市永和區****,2928*****,
221,連斐璠,107年直轄市議員選舉,首次申報,1071103,雜支支出,裕僑煤氣有限公司,33286131,0.00,1340.00,瓦斯費用,金錢,新北市永和區****,2922*****,
222,連斐璠,107年直轄市議員選舉,首次申報,1071103,集會支出,旭昇食品行,49913799,0.00,5100.00,花生斤包,金錢,新北市永和區****,2929*****,
223,連斐璠,107年直轄市議員選舉,首次申報,1071103,雜支支出,金興發股份有限公司永和分公司,53350379,0.00,606.00,除臭噴霧等,金錢,新北市永和區****,2927*****,
224,連斐璠,107年直轄市議員選舉,首次申報,1071103,雜支支出,金興發股份有限公司永和分公司,53350379,0.00,349.00,膠帶台、長尾夾等,金錢,新北市永和區****,2927*****,
225,連斐璠,107年直轄市議員選舉,首次申報,1071103,交通旅運支出,台灣卡特爾石油有限公司永和分公司,55650822,0.00,70.00,油資,金錢,新北市永和區****,,
226,連斐璠,107年直轄市議員選舉,首次申報,1071103,租用宣傳車輛支出,台灣卡特爾石油有限公司永和分公司,55650822,0.00,75.00,宣傳車輛燃料支出,金錢,新北市永和區****,,
227,連斐璠,107年直轄市議員選舉,首次申報,1071103,租用宣傳車輛支出,台灣中油-永和永利加油站,66902331,0.00,129.00,宣傳車輛燃料支出,金錢,新北市永和區****,2921*****,
228,連斐璠,107年直轄市議員選舉,首次申報,1071103,雜支支出,麗發蛋行,66941720,0.00,1705.00,雞蛋、皮蛋、地瓜粉等,金錢,新北市中和區****,2920*****,
229,連斐璠,107年直轄市議員選舉,首次申報,1071103,租用宣傳車輛支出,四十張加油站股份有限公司,89776906,0.00,40.00,宣傳車輛燃料支出,金錢,新北市中和區****,2221*****,
230,連斐璠,107年直轄市議員選舉,首次申報,1071103,雜支支出,李澤源,F12*******,0.00,17170.00,市場採買菜,金錢,新北市永和區****,0982*****,
231,連斐璠,107年直轄市議員選舉,首次申報,1071104,租用宣傳車輛支出,台灣卡特爾石油有限公司永和分公司,55650822,0.00,65.00,宣傳車輛燃料支出,金錢,新北市永和區****,,
232,連斐璠,107年直轄市議員選舉,首次申報,1071104,雜支支出,特立屋,80032010,0.00,2388.00,競選辦公室窗簾,金錢,新北市中和區****,,
233,連斐璠,107年直轄市議員選舉,首次申報,1071104,租用宣傳車輛支出,四十張加油站股份有限公司,89776906,0.00,53.00,宣傳車輛燃料支出,金錢,新北市中和區****,2221*****,
234,連斐璠,107年直轄市議員選舉,首次申報,1071104,雜支支出,李澤源,F12*******,0.00,22800.00,市場採買菜,金錢,新北市永和區****,0982*****,
235,連斐璠,107年直轄市議員選舉,首次申報,1071105,租用宣傳車輛支出,冠華企業股份有限公司-永和加油站,23199307,0.00,400.00,宣傳車輛燃料支出,金錢,新北市永和區****,2928*****,
236,連斐璠,107年直轄市議員選舉,首次申報,1071105,宣傳支出,永和郵局(板橋64支),33502709,0.00,148.00,郵寄競選物品或宣傳廣告支出,金錢,新北市永和區****,2232*****,
237,連斐璠,107年直轄市議員選舉,首次申報,1071105,租用宣傳車輛支出,台灣卡特爾石油有限公司永和分公司,55650822,0.00,65.00,宣傳車輛燃料支出,金錢,新北市永和區****,,
238,連斐璠,107年直轄市議員選舉,首次申報,1071105,租用宣傳車輛支出,台灣中油-永和永利加油站,66902331,0.00,105.00,宣傳車輛燃料支出,金錢,新北市永和區****,2921*****,
239,連斐璠,107年直轄市議員選舉,首次申報,1071105,租用宣傳車輛支出,四十張加油站股份有限公司,89776906,0.00,51.00,宣傳車輛燃料支出,金錢,新北市中和區****,2221*****,
240,連斐璠,107年直轄市議員選舉,首次申報,1071105,人事費用支出,盧世卿,A12*******,0.00,11200.00,/~/共計天,金錢,新北市永和區****,0936*****,
241,連斐璠,107年直轄市議員選舉,首次申報,1071105,人事費用支出,鄭雅芸,F22*******,0.00,21000.00,/~/-天@,金錢,新北市永和區****,0987*****,
242,連斐璠,107年直轄市議員選舉,首次申報,1071105,人事費用支出,連秋玲,F22*******,0.00,21000.00,/~/-天@,金錢,新北市永和區****,0920*****,
243,連斐璠,107年直轄市議員選舉,首次申報,1071105,租用宣傳車輛支出,鍾明庭,M12*******,0.00,14000.00,宣傳車..~..共計天,金錢,新北市板橋區****,0936*****,
244,連斐璠,107年直轄市議員選舉,首次申報,1071105,租用宣傳車輛支出,沈雨震,Q12*******,0.00,11900.00,小蜜蜂宣傳車..~..共天,金錢,新北市土城區****,0937*****,
245,連斐璠,107年直轄市議員選舉,首次申報,1071105,人事費用支出,陳黃秀勤,Q20*******,0.00,10500.00,/~/-天@,金錢,新北市永和區****,2927*****,
246,連斐璠,107年直轄市議員選舉,首次申報,1071105,租用宣傳車輛支出,侯美惠,Q22*******,0.00,11900.00,小蜜蜂宣傳車..~..共天,金錢,新北市永和區****,0928*****,
247,連斐璠,107年直轄市議員選舉,首次申報,1071106,雜支支出,元泰免洗餐具行,08575106,0.00,797.00,竹筷、花袋、橡皮圈等,金錢,新北市永和區****,2927*****,
248,連斐璠,107年直轄市議員選舉,首次申報,1071106,雜支支出,裕僑煤氣有限公司,33286131,0.00,1340.00,瓦斯費用,金錢,新北市永和區****,2922*****,
249,連斐璠,107年直轄市議員選舉,首次申報,1071106,返還支出,銀合企業社,34318765,0.00,10000.00,返還,金錢,新北市永和區****,0932*****,
250,連斐璠,107年直轄市議員選舉,首次申報,1071106,租用宣傳車輛支出,台灣卡特爾石油有限公司永和分公司,55650822,0.00,80.00,宣傳車輛燃料支出,金錢,新北市永和區****,,
251,連斐璠,107年直轄市議員選舉,首次申報,1071106,租用宣傳車輛支出,台灣中油-永和永利加油站,66902331,0.00,134.00,宣傳車輛燃料支出,金錢,新北市永和區****,2921*****,
252,連斐璠,107年直轄市議員選舉,首次申報,1071106,租用宣傳車輛支出,四十張加油站股份有限公司,89776906,0.00,55.00,宣傳車輛燃料支出,金錢,新北市中和區****,2221*****,
253,連斐璠,107年直轄市議員選舉,首次申報,1071106,雜支支出,李澤源,F12*******,0.00,18665.00,市場採買菜,金錢,新北市永和區****,0982*****,
254,連斐璠,107年直轄市議員選舉,首次申報,1071107,雜支支出,禾慶有限公司,22158567,0.00,10894.00,沙拉油、烏醋、味王、味霖、細砂等,金錢,臺北市大同區****,2553*****,
255,連斐璠,107年直轄市議員選舉,首次申報,1071107,租用宣傳車輛支出,冠華企業股份有限公司-永和加油站,23199307,0.00,600.00,宣傳車輛燃料支出,金錢,新北市永和區****,2928*****,
256,連斐璠,107年直轄市議員選舉,首次申報,1071107,租用宣傳車輛支出,冠華企業股份有限公司-永和加油站,23199307,0.00,137.00,宣傳車輛燃料支出,金錢,新北市永和區****,2928*****,
257,連斐璠,107年直轄市議員選舉,首次申報,1071107,租用宣傳車輛支出,冠華企業股份有限公司-永和加油站,23199307,0.00,80.00,宣傳車輛燃料支出,金錢,新北市永和區****,2928*****,
258,連斐璠,107年直轄市議員選舉,首次申報,1071107,雜支支出,家福股份有限公司永和永安分公司,24479143,0.00,2428.00,紙杯、清潔袋等,金錢,新北市永和區****,2232*****,
259,連斐璠,107年直轄市議員選舉,首次申報,1071107,宣傳支出,永和郵局(板橋64支),33502709,0.00,196.00,郵寄競選物品或宣傳廣告支出,金錢,新北市永和區****,2232*****,
260,連斐璠,107年直轄市議員選舉,首次申報,1071107,公共關係費用支出,昶昇食品行,49913799,0.00,3400.00,花生,金錢,新北市永和區****,2929*****,
261,連斐璠,107年直轄市議員選舉,首次申報,1071107,雜支支出,全家便利商店永和樂華店,53018514,0.00,1490.00,衛生紙等,金錢,新北市永和區****,2926*****,
262,連斐璠,107年直轄市議員選舉,首次申報,1071107,租用宣傳車輛支出,四十張加油站股份有限公司,89776906,0.00,54.00,宣傳車輛燃料支出,金錢,新北市中和區****,2221*****,
263,連斐璠,107年直轄市議員選舉,首次申報,1071107,雜支支出,李澤源,F12*******,0.00,17370.00,市場採買菜,金錢,新北市永和區****,0982*****,
264,連斐璠,107年直轄市議員選舉,首次申報,1071108,雜支支出,元泰免洗餐具行,08575106,0.00,2050.00,餐盤、杯等,金錢,新北市永和區****,2927*****,
265,連斐璠,107年直轄市議員選舉,首次申報,1071108,雜支支出,禾慶有限公司,22158567,0.00,4925.00,米酒、沙拉油、香油等,金錢,臺北市大同區****,2553*****,
266,連斐璠,107年直轄市議員選舉,首次申報,1071108,雜支支出,裕僑煤氣有限公司,33286131,0.00,1340.00,瓦斯費用,金錢,新北市永和區****,2922*****,
267,連斐璠,107年直轄市議員選舉,首次申報,1071108,公共關係費用支出,昶昇食品行,49913799,0.00,1700.00,花生,金錢,新北市永和區****,2929*****,
268,連斐璠,107年直轄市議員選舉,首次申報,1071108,租用宣傳車輛支出,台灣卡特爾石油有限公司永和分公司,55650822,0.00,60.00,宣傳車輛燃料支出,金錢,新北市永和區****,,
269,連斐璠,107年直轄市議員選舉,首次申報,1071108,租用宣傳車輛支出,台灣中油-永和永利加油站,66902331,0.00,130.00,宣傳車輛燃料支出,金錢,新北市永和區****,2921*****,
270,連斐璠,107年直轄市議員選舉,首次申報,1071108,雜支支出,豐郁生活館有限公司,80637539,0.00,772.00,紙杯、保鮮盒等,金錢,新北市永和區****,8925*****,
271,連斐璠,107年直轄市議員選舉,首次申報,1071108,租用宣傳車輛支出,四十張加油站股份有限公司,89776906,0.00,30.00,宣傳車輛燃料支出,金錢,新北市中和區****,2221*****,
272,連斐璠,107年直轄市議員選舉,首次申報,1071108,雜支支出,李澤源,F12*******,0.00,17080.00,市場採買菜,金錢,新北市永和區****,0982*****,
273,連斐璠,107年直轄市議員選舉,首次申報,1071109,雜支支出,元泰免洗餐具行,08575106,0.00,3188.00,湯杯、紙杯、紙杯等,金錢,新北市永和區****,2927*****,
274,連斐璠,107年直轄市議員選舉,首次申報,1071109,雜支支出,元泰免洗餐具行,08575106,0.00,60.00,蓋,金錢,新北市永和區****,2927*****,
275,連斐璠,107年直轄市議員選舉,首次申報,1071109,租用宣傳車輛支出,冠華企業股份有限公司-永和加油站,23199307,0.00,600.00,宣傳車輛燃料支出,金錢,新北市永和區****,2928*****,
276,連斐璠,107年直轄市議員選舉,首次申報,1071109,公共關係費用支出,全家便利商店永和樂華店,53018514,0.00,468.00,鮮乳等,金錢,新北市永和區****,2926*****,
277,連斐璠,107年直轄市議員選舉,首次申報,1071109,租用宣傳車輛支出,台灣中油-永和永利加油站,66902331,0.00,120.00,宣傳車輛燃料支出,金錢,新北市永和區****,2921*****,
278,連斐璠,107年直轄市議員選舉,首次申報,1071109,租用宣傳車輛支出,四十張加油站股份有限公司,89776906,0.00,59.00,宣傳車輛燃料支出,金錢,新北市中和區****,2221*****,
279,連斐璠,107年直轄市議員選舉,首次申報,1071109,雜支支出,李澤源,F12*******,0.00,22630.00,市場採買菜,金錢,新北市永和區****,0982*****,
280,連斐璠,107年直轄市議員選舉,首次申報,1071110,租用宣傳車輛支出,冠華企業股份有限公司-永和加油站,23199307,0.00,79.00,宣傳車輛燃料支出,金錢,新北市永和區****,2928*****,
281,連斐璠,107年直轄市議員選舉,首次申報,1071110,租用宣傳車輛支出,冠華企業股份有限公司-永和加油站,23199307,0.00,75.00,宣傳車輛燃料支出,金錢,新北市永和區****,2928*****,
282,連斐璠,107年直轄市議員選舉,首次申報,1071110,公共關係費用支出,家福股份有限公司永和永安分公司,24479143,0.00,2496.00,合咖啡、家用紙巾等,金錢,新北市永和區****,2232*****,
283,連斐璠,107年直轄市議員選舉,首次申報,1071110,雜支支出,寶雅永和中山店,28976678,0.00,78.00,OK繃等,金錢,新北市永和區****,2920*****,
284,連斐璠,107年直轄市議員選舉,首次申報,1071110,雜支支出,裕僑煤氣有限公司,33286131,0.00,1340.00,瓦斯費用,金錢,新北市永和區****,2922*****,
285,連斐璠,107年直轄市議員選舉,首次申報,1071110,雜支支出,冠群五金行,34266561,0.00,350.00,五金,金錢,新北市永和區****,2922*****,
286,連斐璠,107年直轄市議員選舉,首次申報,1071110,雜支支出,金興發股份有限公司永和分公司,53350379,0.00,368.00,洗碗精等,金錢,新北市永和區****,2927*****,
287,連斐璠,107年直轄市議員選舉,首次申報,1071110,雜支支出,德蕾莎有限公司,86617877,0.00,525.00,文具用品費用,金錢,新北市永和區****,2927*****,
288,連斐璠,107年直轄市議員選舉,首次申報,1071110,租用宣傳車輛支出,四十張加油站股份有限公司,89776906,0.00,40.00,宣傳車輛燃料支出,金錢,新北市中和區****,2221*****,
289,連斐璠,107年直轄市議員選舉,首次申報,1071110,雜支支出,李澤源,F12*******,0.00,20210.00,市場採買菜,金錢,新北市永和區****,0982*****,
290,連斐璠,107年直轄市議員選舉,首次申報,1071111,租用宣傳車輛支出,冠華企業股份有限公司-永和加油站,23199307,0.00,600.00,宣傳車輛燃料支出,金錢,新北市永和區****,2928*****,
291,連斐璠,107年直轄市議員選舉,首次申報,1071111,雜支支出,全家便利商店永和樂華店,53018514,0.00,480.00,新北市專用垃圾袋,金錢,新北市永和區****,2926*****,
292,連斐璠,107年直轄市議員選舉,首次申報,1071111,租用宣傳車輛支出,台灣卡特爾石油有限公司永和分公司,55650822,0.00,75.00,宣傳車輛燃料支出,金錢,新北市永和區****,,
293,連斐璠,107年直轄市議員選舉,首次申報,1071111,租用宣傳車輛支出,台灣中油-永和永利加油站,66902331,0.00,145.00,宣傳車輛燃料支出,金錢,新北市永和區****,2921*****,
294,連斐璠,107年直轄市議員選舉,首次申報,1071111,宣傳支出,商証股份有限公司永和分公司,80361722,0.00,640.00,製作競選物品支出-OPP自黏袋,金錢,新北市永和區****,2929*****,
295,連斐璠,107年直轄市議員選舉,首次申報,1071111,租用宣傳車輛支出,四十張加油站股份有限公司,89776906,0.00,28.00,宣傳車輛燃料支出,金錢,新北市中和區****,2221*****,
296,連斐璠,107年直轄市議員選舉,首次申報,1071111,雜支支出,李澤源,F12*******,0.00,22510.00,市場採買菜,金錢,新北市永和區****,0982*****,
297,連斐璠,107年直轄市議員選舉,首次申報,1071112,雜支支出,元泰免洗餐具行,08575106,0.00,1100.00,杯、匙,金錢,新北市永和區****,2927*****,
298,連斐璠,107年直轄市議員選舉,首次申報,1071112,雜支支出,裕僑煤氣有限公司,33286131,0.00,1340.00,瓦斯費用,金錢,新北市永和區****,2922*****,
299,連斐璠,107年直轄市議員選舉,首次申報,1071112,宣傳支出,永和郵局(板橋64支),33502709,0.00,148.00,郵寄競選物品或宣傳廣告支出,金錢,新北市永和區****,2232*****,
300,連斐璠,107年直轄市議員選舉,首次申報,1071112,公共關係費用支出,7-11大正門市,53668158,0.00,530.00,咖啡等,金錢,新北市永和區****,8921*****,
301,連斐璠,107年直轄市議員選舉,首次申報,1071112,雜支支出,7-11大正門市,53668158,0.00,796.00,衛生紙,金錢,新北市永和區****,8921*****,
302,連斐璠,107年直轄市議員選舉,首次申報,1071112,雜支支出,7-11大正門市,53668158,0.00,2400.00,新北市專用垃圾袋,金錢,新北市永和區****,8921*****,
303,連斐璠,107年直轄市議員選舉,首次申報,1071112,租用宣傳車輛支出,台灣卡特爾石油有限公司永和分公司,55650822,0.00,70.00,宣傳車輛燃料支出,金錢,新北市永和區****,,
304,連斐璠,107年直轄市議員選舉,首次申報,1071112,租用宣傳車輛支出,台灣中油-永和永利加油站,66902331,0.00,95.00,宣傳車輛燃料支出,金錢,新北市永和區****,2921*****,
305,連斐璠,107年直轄市議員選舉,首次申報,1071112,雜支支出,麗發蛋行,66941720,0.00,4025.00,雞蛋、糯米、地瓜粉等,金錢,新北市中和區****,2920*****,
306,連斐璠,107年直轄市議員選舉,首次申報,1071112,雜支支出,豐郁生活館有限公司,80637539,0.00,999.00,廁所芳香劑、桌巾等,金錢,新北市永和區****,8925*****,
307,連斐璠,107年直轄市議員選舉,首次申報,1071112,租用宣傳車輛支出,四十張加油站股份有限公司,89776906,0.00,43.00,宣傳車輛燃料支出,金錢,新北市中和區****,2221*****,
308,連斐璠,107年直轄市議員選舉,首次申報,1071112,人事費用支出,邱冠凱,F12*******,0.00,550.00,/-AM:~:，PM呢~:-H,金錢,新北市中和區****,0921*****,
309,連斐璠,107年直轄市議員選舉,首次申報,1071112,人事費用支出,張家斌,F12*******,0.00,700.00,/-PM：~:-,金錢,新北市汐止區****,0909*****,
310,連斐璠,107年直轄市議員選舉,首次申報,1071112,人事費用支出,張偉城,F12*******,0.00,700.00,/-PM:~:-H,金錢,新北市永和區****,0989*****,
311,連斐璠,107年直轄市議員選舉,首次申報,1071112,人事費用支出,劉思妤,F22*******,0.00,700.00,/-：~：-H,金錢,新北市永和區****,0922*****,
312,連斐璠,107年直轄市議員選舉,首次申報,1071112,人事費用支出,洪雅柔,F22*******,0.00,550.00,/-AM:~:，PM:~:-H,金錢,新北市永和區****,0958*****,
313,連斐璠,107年直轄市議員選舉,首次申報,1071112,租用宣傳車輛支出,鍾明庭,M12*******,0.00,14000.00,宣傳車..~..共計天,金錢,新北市板橋區****,0936*****,
314,連斐璠,107年直轄市議員選舉,首次申報,1071112,租用宣傳車輛支出,沈雨震,Q12*******,0.00,11900.00,小蜜蜂宣傳車..~..共計天,金錢,新北市土城區****,0937*****,
315,連斐璠,107年直轄市議員選舉,首次申報,1071112,租用宣傳車輛支出,侯美惠,Q22*******,0.00,11900.00,小蜜蜂宣傳車..~..共計天,金錢,新北市永和區****,0928*****,
316,連斐璠,107年直轄市議員選舉,首次申報,1071113,雜支支出,仁山盒餐店,19519882,0.00,250.00,宣傳車、小蜜蜂便當,金錢,新北市永和區****,2920*****,
317,連斐璠,107年直轄市議員選舉,首次申報,1071113,租用宣傳車輛支出,冠華企業股份有限公司-永和加油站,23199307,0.00,83.00,宣傳車輛燃料支出,金錢,新北市永和區****,2928*****,
318,連斐璠,107年直轄市議員選舉,首次申報,1071113,租用宣傳車輛支出,冠華企業股份有限公司-永和加油站,23199307,0.00,600.00,宣傳車輛燃料支出,金錢,新北市永和區****,2928*****,
319,連斐璠,107年直轄市議員選舉,首次申報,1071113,雜支支出,金米王池上飯包店,30290857,0.00,400.00,便當,金錢,新北市永和區****,2929*****,
320,連斐璠,107年直轄市議員選舉,首次申報,1071113,宣傳支出,永和郵局(板橋64支),33502709,0.00,16866.00,郵寄競選物品或宣傳廣告支出,金錢,新北市永和區****,2232*****,
321,連斐璠,107年直轄市議員選舉,首次申報,1071113,雜支支出,冠群五金行,34266561,0.00,290.00,澆花器具,金錢,新北市永和區****,2922*****,
322,連斐璠,107年直轄市議員選舉,首次申報,1071113,公共關係費用支出,昶昇食品行,49913799,0.00,6360.00,花生、葵瓜子等,金錢,新北市永和區****,2929*****,
323,連斐璠,107年直轄市議員選舉,首次申報,1071113,宣傳支出,德蕾莎有限公司,86617877,0.00,2550.00,製作競選物品支出-OPP自黏袋,金錢,新北市永和區****,2927*****,
324,連斐璠,107年直轄市議員選舉,首次申報,1071113,租用宣傳車輛支出,四十張加油站股份有限公司,89776906,0.00,40.00,宣傳車輛燃料支出,金錢,新北市中和區****,2221*****,
325,連斐璠,107年直轄市議員選舉,首次申報,1071113,雜支支出,李澤源,F12*******,0.00,20910.00,市場採買菜,金錢,新北市永和區****,0982*****,
326,連斐璠,107年直轄市議員選舉,首次申報,1071113,雜支支出,競選總部,F22*******,0.00,9900.00,餐飲費用,非金錢,新北市永和區****,,
327,連斐璠,107年直轄市議員選舉,首次申報,1071114,雜支支出,金仙小吃店,02248871,0.00,385.00,便當,金錢,新北市永和區****,2928*****,
328,連斐璠,107年直轄市議員選舉,首次申報,1071114,雜支支出,福貞小吃店,08696072,0.00,245.00,餐費,金錢,新北市永和區****,2231*****,
329,連斐璠,107年直轄市議員選舉,首次申報,1071114,雜支支出,易香外燴小飲店,14178029,0.00,33000.00,代租廚房工具、運菜車資等,金錢,新北市永和區****,,
330,連斐璠,107年直轄市議員選舉,首次申報,1071114,雜支支出,得廣貿易有限公司,16708038,0.00,1300.00,咖啡機更換零件,金錢,新北市中和區****,8952*****,
331,連斐璠,107年直轄市議員選舉,首次申報,1071114,雜支支出,永慶小吃店,17822634,0.00,640.00,便當,金錢,新北市永和區****,2929*****,
332,連斐璠,107年直轄市議員選舉,首次申報,1071114,租用宣傳車輛支出,冠華企業股份有限公司-永和加油站,23199307,0.00,85.00,宣傳車輛燃料支出,金錢,新北市永和區****,2928*****,
333,連斐璠,107年直轄市議員選舉,首次申報,1071114,雜支支出,寶雅永和中山店,28976678,0.00,716.00,小蘇打、塑膠手套等,金錢,新北市永和區****,2920*****,
334,連斐璠,107年直轄市議員選舉,首次申報,1071114,宣傳支出,永和郵局(板橋64支),33502709,0.00,10490.00,郵寄競選物品或宣傳廣告支出,金錢,新北市永和區****,2232*****,
335,連斐璠,107年直轄市議員選舉,首次申報,1071114,雜支支出,惡燒肉便當小吃店,41073717,0.00,1500.00,便當,金錢,新北市永和區****,3233*****,
336,連斐璠,107年直轄市議員選舉,首次申報,1071114,雜支支出,郭記鮮粥,41406258,0.00,7200.00,便當,金錢,新北市永和區****,2231*****,
337,連斐璠,107年直轄市議員選舉,首次申報,1071114,雜支支出,六鼎煨豬腳店,42244909,0.00,330.00,便當,金錢,新北市永和區****,,
338,連斐璠,107年直轄市議員選舉,首次申報,1071114,租用宣傳車輛支出,台灣中油-永和永利加油站,66902331,0.00,120.00,宣傳車輛燃料支出,金錢,新北市永和區****,2921*****,
339,連斐璠,107年直轄市議員選舉,首次申報,1071114,雜支支出,大福雞腿王店,72859918,0.00,1050.00,便當,金錢,新北市永和區****,2926*****,
340,連斐璠,107年直轄市議員選舉,首次申報,1071114,租用宣傳車輛支出,四十張加油站股份有限公司,89776906,0.00,37.00,宣傳車輛燃料支出,金錢,新北市中和區****,2221*****,
341,連斐璠,107年直轄市議員選舉,首次申報,1071114,人事費用支出,陳世孟,A12*******,0.00,150.00,/-PM:~:-H,金錢,臺北市萬華區****,0915*****,
342,連斐璠,107年直轄市議員選舉,首次申報,1071114,人事費用支出,蔡怡君,A22*******,0.00,150.00,/-PM:~:-H,金錢,新北市新店區****,0905*****,
343,連斐璠,107年直轄市議員選舉,首次申報,1071114,人事費用支出,鄭雅芸,F22*******,0.00,3000.00,/~/-天@,金錢,新北市永和區****,0987*****,
344,連斐璠,107年直轄市議員選舉,首次申報,1071114,人事費用支出,連秋玲,F22*******,0.00,3000.00,/~/-天@,金錢,新北市永和區****,0920*****,
345,連斐璠,107年直轄市議員選舉,首次申報,1071114,人事費用支出,陳黃秀勤,Q20*******,0.00,3000.00,/~/-天@,金錢,新北市永和區****,2927*****,
346,連斐璠,107年直轄市議員選舉,首次申報,1071115,雜支支出,得廣貿易有限公司,16708038,0.00,100.00,咖啡機維修-換小管,金錢,新北市中和區****,8952*****,
347,連斐璠,107年直轄市議員選舉,首次申報,1071115,租用宣傳車輛支出,冠華企業股份有限公司-永和加油站,23199307,0.00,600.00,宣傳車輛燃料支出,金錢,新北市永和區****,2928*****,
348,連斐璠,107年直轄市議員選舉,首次申報,1071115,宣傳支出,永和郵局(板橋64支),33502709,0.00,140.00,郵寄競選物品或宣傳廣告支出,金錢,新北市永和區****,2232*****,
349,連斐璠,107年直轄市議員選舉,首次申報,1071115,公共關係費用支出,昶昇食品行,49913799,0.00,1700.00,花生,金錢,新北市永和區****,2929*****,
350,連斐璠,107年直轄市議員選舉,首次申報,1071115,雜支支出,巨鼎魯肉飯有限公司,53200175,0.00,409.00,晚餐,金錢,新北市永和區****,2928*****,
351,連斐璠,107年直轄市議員選舉,首次申報,1071115,雜支支出,光南大批發台北永和,53607603,0.00,1778.00,橡皮筋等,金錢,新北市永和區****,,
352,連斐璠,107年直轄市議員選舉,首次申報,1071115,租用宣傳車輛支出,台灣卡特爾石油有限公司永和分公司,55650822,0.00,81.00,宣傳車輛燃料支出,金錢,新北市永和區****,,
353,連斐璠,107年直轄市議員選舉,首次申報,1071115,雜支支出,陳記燒臘有限公司,66397501,0.00,3130.00,中餐便當,金錢,新北市永和區****,2921*****,
354,連斐璠,107年直轄市議員選舉,首次申報,1071115,租用宣傳車輛支出,台灣中油-永和永利加油站,66902331,0.00,121.00,宣傳車輛燃料支出,金錢,新北市永和區****,2921*****,
355,連斐璠,107年直轄市議員選舉,首次申報,1071115,宣傳支出,群藝企業社,87757208,0.00,75180.00,製作競選物品支出-永平路仁愛公園正對面樓競選大型看板,金錢,新北市永和區****,2921*****,
356,連斐璠,107年直轄市議員選舉,首次申報,1071115,租用宣傳車輛支出,四十張加油站股份有限公司,89776906,0.00,34.00,宣傳車輛燃料支出,金錢,新北市中和區****,2221*****,
357,連斐璠,107年直轄市議員選舉,首次申報,1071115,人事費用支出,陳世孟,A12*******,0.00,900.00,/-AM:~:，PM:~:，:~:-H,金錢,臺北市萬華區****,0915*****,
358,連斐璠,107年直轄市議員選舉,首次申報,1071115,人事費用支出,蔡怡君,A22*******,0.00,900.00,/-AM:~:，PM:~:，:~:-H,金錢,新北市新店區****,0905*****,
359,連斐璠,107年直轄市議員選舉,首次申報,1071115,人事費用支出,洪瑜澤,F13*******,0.00,600.00,/-PM:~:-H,金錢,新北市永和區****,0909*****,
360,連斐璠,107年直轄市議員選舉,首次申報,1071115,雜支支出,競選總部,F22*******,0.00,6000.00,餐飲費用,非金錢,新北市永和區****,,
361,連斐璠,107年直轄市議員選舉,首次申報,1071115,人事費用支出,李昱君,W20*******,0.00,300.00,/-PM:~:-H,金錢,新北市中和區****,0986*****,
362,連斐璠,107年直轄市議員選舉,首次申報,1071116,雜支支出,泰御宮小吃店,10680218,0.00,2900.00,餐飲費用,金錢,新北市永和區****,2929*****,
363,連斐璠,107年直轄市議員選舉,首次申報,1071116,雜支支出,金仙蝦捲店,31441869,0.00,1760.00,便當,金錢,新北市永和區****,2924*****,
364,連斐璠,107年直轄市議員選舉,首次申報,1071116,雜支支出,宏達食品行,33983431,0.00,4250.00,中餐便當,金錢,新北市永和區****,8927*****,
365,連斐璠,107年直轄市議員選舉,首次申報,1071116,公共關係費用支出,昶昇食品行,49913799,0.00,3640.00,糖果、餅干等,金錢,新北市永和區****,2929*****,
366,連斐璠,107年直轄市議員選舉,首次申報,1071116,雜支支出,全家便利商店永和樂華店,53018514,0.00,480.00,新北市專用垃圾袋,金錢,新北市永和區****,2926*****,
367,連斐璠,107年直轄市議員選舉,首次申報,1071116,雜支支出,巨鼎魯肉飯有限公司,53200175,0.00,1440.00,晚餐,金錢,新北市永和區****,2928*****,
368,連斐璠,107年直轄市議員選舉,首次申報,1071116,雜支支出,7-11大正門市,53668158,0.00,1200.00,新北市專用垃圾袋,金錢,新北市永和區****,8921*****,
369,連斐璠,107年直轄市議員選舉,首次申報,1071116,雜支支出,7-11大正門市,53668158,0.00,795.00,衛生紙,金錢,新北市永和區****,8921*****,
370,連斐璠,107年直轄市議員選舉,首次申報,1071116,雜支支出,7-11大正門市,53668158,0.00,552.00,鮮奶,金錢,新北市永和區****,8921*****,
371,連斐璠,107年直轄市議員選舉,首次申報,1071116,租用宣傳車輛支出,台灣卡特爾石油有限公司永和分公司,55650822,0.00,80.00,宣傳車輛燃料支出,金錢,新北市永和區****,,
372,連斐璠,107年直轄市議員選舉,首次申報,1071116,租用宣傳車輛支出,台灣卡特爾石油有限公司永和分公司,55650822,0.00,80.00,宣傳車輛燃料支出,金錢,新北市永和區****,,
373,連斐璠,107年直轄市議員選舉,首次申報,1071116,租用宣傳車輛支出,台灣中油-永和永利加油站,66902331,0.00,600.00,宣傳車輛燃料支出,金錢,新北市永和區****,2921*****,
374,連斐璠,107年直轄市議員選舉,首次申報,1071116,雜支支出,樺興小吃店,82093580,0.00,1820.00,便當,金錢,新北市永和區****,8660*****,
375,連斐璠,107年直轄市議員選舉,首次申報,1071116,租用宣傳車輛支出,四十張加油站股份有限公司,89776906,0.00,35.00,宣傳車輛燃料支出,金錢,新北市中和區****,2221*****,
376,連斐璠,107年直轄市議員選舉,首次申報,1071116,人事費用支出,陳世孟,A12*******,0.00,900.00,/-AM:~:，PM:~:，:~:-H,金錢,臺北市萬華區****,0915*****,
377,連斐璠,107年直轄市議員選舉,首次申報,1071116,人事費用支出,蔡怡君,A22*******,0.00,900.00,/-AM:~:，PM:~:，:~:-H,金錢,新北市新店區****,0905*****,
378,連斐璠,107年直轄市議員選舉,首次申報,1071116,人事費用支出,李昱君,W20*******,0.00,300.00,/-PM:~:-H,金錢,新北市中和區****,0986*****,
379,連斐璠,107年直轄市議員選舉,首次申報,1071117,租用宣傳車輛支出,冠華企業股份有限公司-永和加油站,23199307,0.00,77.00,宣傳車輛燃料支出,金錢,新北市永和區****,2928*****,
380,連斐璠,107年直轄市議員選舉,首次申報,1071117,雜支支出,大勇黃記燒臘店,30172090,0.00,2900.00,中餐便當,金錢,新北市中和區****,2940*****,
381,連斐璠,107年直轄市議員選舉,首次申報,1071117,雜支支出,金仙蝦捲店,31441869,0.00,1170.00,晚餐便當,金錢,新北市永和區****,2924*****,
382,連斐璠,107年直轄市議員選舉,首次申報,1071117,雜支支出,合舜行,33947941,0.00,70.00,鎖匙,金錢,新北市永和區****,2231*****,
383,連斐璠,107年直轄市議員選舉,首次申報,1071117,租用宣傳車輛支出,宜樂釣具電池行,34314445,0.00,100.00,充電費,金錢,新北市永和區****,2924*****,
384,連斐璠,107年直轄市議員選舉,首次申報,1071117,租用宣傳車輛支出,台灣中油-永和永利加油站,66902331,0.00,130.00,宣傳車輛燃料支出,金錢,新北市永和區****,2921*****,
385,連斐璠,107年直轄市議員選舉,首次申報,1071117,租用宣傳車輛支出,四十張加油站股份有限公司,89776906,0.00,38.00,宣傳車輛燃料支出,金錢,新北市中和區****,2221*****,
386,連斐璠,107年直轄市議員選舉,首次申報,1071117,人事費用支出,陳世孟,A12*******,0.00,1200.00,/-AM:~:，PM:~:，:~:-H,金錢,臺北市萬華區****,0915*****,
387,連斐璠,107年直轄市議員選舉,首次申報,1071117,人事費用支出,蔡怡君,A22*******,0.00,1200.00,/-AM:~:，PM:~:，:~:-H,金錢,新北市新店區****,0905*****,
388,連斐璠,107年直轄市議員選舉,首次申報,1071117,人事費用支出,林永晟,F12*******,0.00,300.00,/-AM:~:-H,金錢,新北市中和區****,0970*****,
389,連斐璠,107年直轄市議員選舉,首次申報,1071117,人事費用支出,林永晟,F12*******,0.00,600.00,/-PM:~:-H,金錢,新北市中和區****,0970*****,
390,連斐璠,107年直轄市議員選舉,首次申報,1071117,人事費用支出,洪瑜澤,F13*******,0.00,225.00,/-:~:-.H,金錢,新北市永和區****,0909*****,
391,連斐璠,107年直轄市議員選舉,首次申報,1071117,人事費用支出,張雅筑,P22*******,0.00,300.00,/-AM:~:-H,金錢,新北市中和區****,0905*****,
392,連斐璠,107年直轄市議員選舉,首次申報,1071117,人事費用支出,李昱君,W20*******,0.00,600.00,/-AM:~PM:-H,金錢,新北市中和區****,0986*****,
393,連斐璠,107年直轄市議員選舉,首次申報,1071118,租用宣傳車輛支出,冠華企業股份有限公司-永和加油站,23199307,0.00,600.00,宣傳車輛燃料支出,金錢,新北市永和區****,2928*****,
394,連斐璠,107年直轄市議員選舉,首次申報,1071118,租用宣傳車輛支出,全方位國際行銷整合有限公司,25020550,0.00,20000.00,造勢活動吉普車出租輛,金錢,新北市永和區****,2231*****,
395,連斐璠,107年直轄市議員選舉,首次申報,1071118,集會支出,全方位國際行銷整合有限公司,25020550,0.00,290115.00,競選總部成立-舞台、音響等設備出租,金錢,新北市永和區****,2231*****,
396,連斐璠,107年直轄市議員選舉,首次申報,1071118,雜支支出,吉仕達義麵房,30268829,0.00,400.00,晚餐(追加),金錢,新北市永和區****,2926*****,
397,連斐璠,107年直轄市議員選舉,首次申報,1071118,雜支支出,吉仕達義麵房,30268829,0.00,1400.00,晚餐,金錢,新北市永和區****,2926*****,
398,連斐璠,107年直轄市議員選舉,首次申報,1071118,雜支支出,良鼎小吃店,41062401,0.00,800.00,晚餐便當,金錢,新北市永和區****,2929*****,
399,連斐璠,107年直轄市議員選舉,首次申報,1071118,租用宣傳車輛支出,台灣卡特爾石油有限公司永和分公司,55650822,0.00,70.00,宣傳車輛燃料支出,金錢,新北市永和區****,,
400,連斐璠,107年直轄市議員選舉,首次申報,1071118,租用宣傳車輛支出,四十張加油站股份有限公司,89776906,0.00,40.00,宣傳車輛燃料支出,金錢,新北市中和區****,2221*****,
401,連斐璠,107年直轄市議員選舉,首次申報,1071118,人事費用支出,陳世孟,A12*******,0.00,1500.00,/-AM:~:，PM:~:，PM:~:-H,金錢,臺北市萬華區****,0915*****,
402,連斐璠,107年直轄市議員選舉,首次申報,1071118,人事費用支出,鍾逸源,A12*******,0.00,450.00,/-:~:-H,金錢,新北市永和區****,0976*****,
403,連斐璠,107年直轄市議員選舉,首次申報,1071118,人事費用支出,蔡怡君,A22*******,0.00,1500.00,/-AM:~:，PM:~:，PM:~:-H,金錢,新北市新店區****,0905*****,
404,連斐璠,107年直轄市議員選舉,首次申報,1071118,人事費用支出,林振強,F12*******,0.00,525.00,/-:~:-.H,金錢,新北市中和區****,0921*****,
405,連斐璠,107年直轄市議員選舉,首次申報,1071118,人事費用支出,林永晟,F12*******,0.00,525.00,/-PM：~：-.H,金錢,新北市中和區****,0970*****,
406,連斐璠,107年直轄市議員選舉,首次申報,1071118,人事費用支出,張雅筑,P22*******,0.00,675.00,/-PM:~:-.H,金錢,新北市中和區****,0905*****,
407,連斐璠,107年直轄市議員選舉,首次申報,1071118,人事費用支出,李昱君,W20*******,0.00,600.00,/-PM:~:-H,金錢,新北市中和區****,0986*****,
408,連斐璠,107年直轄市議員選舉,首次申報,1071119,雜支支出,十里塘麵館,15768206,0.00,9000.00,中餐便當,金錢,新北市永和區****,8660*****,
409,連斐璠,107年直轄市議員選舉,首次申報,1071119,租用宣傳車輛支出,冠華企業股份有限公司-永和加油站,23199307,0.00,50.00,宣傳車輛燃料支出,金錢,新北市永和區****,2928*****,
410,連斐璠,107年直轄市議員選舉,首次申報,1071119,雜支支出,鄉饌便當店,26509889,0.00,1950.00,便當,金錢,新北市中和區****,2242*****,
411,連斐璠,107年直轄市議員選舉,首次申報,1071119,雜支支出,鄉饌便當店,26509889,0.00,1950.00,便當,金錢,新北市中和區****,2242*****,
412,連斐璠,107年直轄市議員選舉,首次申報,1071119,雜支支出,吉仕達義麵房,30268829,0.00,6000.00,晚餐,金錢,新北市永和區****,2926*****,
413,連斐璠,107年直轄市議員選舉,首次申報,1071119,公共關係費用支出,昶昇食品行,49913799,0.00,1700.00,花生,金錢,新北市永和區****,2929*****,
414,連斐璠,107年直轄市議員選舉,首次申報,1071119,雜支支出,龍饌飲食店,50655566,0.00,420.00,中餐便當,金錢,新北市永和區****,2231*****,
415,連斐璠,107年直轄市議員選舉,首次申報,1071119,租用宣傳車輛支出,台灣中油-永和永利加油站,66902331,0.00,140.00,宣傳車輛燃料支出,金錢,****,2921*****,
416,連斐璠,107年直轄市議員選舉,首次申報,1071119,租用宣傳車輛支出,四十張加油站股份有限公司,89776906,0.00,45.00,宣傳車輛燃料支出,金錢,新北市中和區****,2221*****,
417,連斐璠,107年直轄市議員選舉,首次申報,1071119,雜支支出,小德張小吃店,92870779,0.00,1090.00,餐費,金錢,新北市永和區****,2927*****,
418,連斐璠,107年直轄市議員選舉,首次申報,1071119,人事費用支出,陳世孟,A12*******,0.00,900.00,/-AM:~:，PM:~:，:~:-H,金錢,臺北市萬華區****,0915*****,
419,連斐璠,107年直轄市議員選舉,首次申報,1071119,人事費用支出,蔡怡君,A22*******,0.00,900.00,/-AM:~:，PM:~:-H,金錢,新北市新店區****,0905*****,
420,連斐璠,107年直轄市議員選舉,首次申報,1071119,租用宣傳車輛支出,鍾明庭,M12*******,0.00,14000.00,宣傳車..~..共天,金錢,新北市板橋區****,0936*****,
421,連斐璠,107年直轄市議員選舉,首次申報,1071119,租用宣傳車輛支出,沈雨震,Q12*******,0.00,11900.00,小蜜蜂宣傳車..~..共天,金錢,新北市土城區****,0937*****,
422,連斐璠,107年直轄市議員選舉,首次申報,1071119,租用宣傳車輛支出,侯美惠,Q22*******,0.00,11900.00,小蜜蜂宣傳車..~..共天,金錢,新北市永和區****,0928*****,
423,連斐璠,107年直轄市議員選舉,首次申報,1071120,雜支支出,竹林小吃店,10650122,0.00,1250.00,便當,金錢,新北市永和區****,8925*****,
424,連斐璠,107年直轄市議員選舉,首次申報,1071120,租用宣傳車輛支出,冠華企業股份有限公司-永和加油站,23199307,0.00,600.00,維修宣傳車輛支出,金錢,新北市永和區****,2928*****,
425,連斐璠,107年直轄市議員選舉,首次申報,1071120,租用宣傳車輛支出,冠華企業股份有限公司-永和加油站,23199307,0.00,35.00,宣傳車輛燃料支出,金錢,新北市永和區****,2928*****,
426,連斐璠,107年直轄市議員選舉,首次申報,1071120,雜支支出,冠群五金行,34266561,0.00,120.00,固定彈性綁繩,金錢,新北市永和區****,2922*****,
427,連斐璠,107年直轄市議員選舉,首次申報,1071120,雜支支出,龍饌飲食店,50655566,0.00,150.00,便當,金錢,新北市永和區****,2231*****,
428,連斐璠,107年直轄市議員選舉,首次申報,1071120,雜支支出,頤園,78269349,0.00,1600.00,晚餐便當,金錢,新北市永和區****,2929*****,
429,連斐璠,107年直轄市議員選舉,首次申報,1071120,雜支支出,宸宥便當店,82124697,0.00,2700.00,便當,金錢,新北市永和區****,2928*****,
430,連斐璠,107年直轄市議員選舉,首次申報,1071120,租用宣傳車輛支出,四十張加油站股份有限公司,89776906,0.00,65.00,宣傳車輛燃料支出,金錢,新北市中和區****,2221*****,
431,連斐璠,107年直轄市議員選舉,首次申報,1071120,人事費用支出,曾世明,P10*******,0.00,50000.00,..~..,金錢,新北市永和區****,0932*****,
432,連斐璠,107年直轄市議員選舉,首次申報,1071120,人事費用支出,曾黃玉霞,R20*******,0.00,50000.00,..~..,金錢,新北市永和區****,0932*****,
433,連斐璠,107年直轄市議員選舉,首次申報,1071121,雜支支出,良鼎小吃店,41062401,0.00,4000.00,中餐便當,金錢,新北市永和區****,2929*****,
434,連斐璠,107年直轄市議員選舉,首次申報,1071121,雜支支出,良鼎小吃店,41062401,0.00,480.00,中餐便當,金錢,新北市永和區****,2929*****,
435,連斐璠,107年直轄市議員選舉,首次申報,1071121,租用宣傳車輛支出,台灣卡特爾石油有限公司永和分公司,55650822,0.00,40.00,宣傳車輛燃料支出,金錢,新北市永和區****,,
436,連斐璠,107年直轄市議員選舉,首次申報,1071121,租用宣傳車輛支出,台灣中油-永和永利加油站,66902331,0.00,144.00,宣傳車輛燃料支出,金錢,新北市永和區****,2921*****,
437,連斐璠,107年直轄市議員選舉,首次申報,1071121,雜支支出,豐郁生活館有限公司,80637539,0.00,751.00,紙杯、拖把等,金錢,新北市永和區****,8925*****,
438,連斐璠,107年直轄市議員選舉,首次申報,1071121,租用宣傳車輛支出,四十張加油站股份有限公司,89776906,0.00,80.00,宣傳車輛燃料支出,金錢,新北市中和區****,2221*****,
439,連斐璠,107年直轄市議員選舉,首次申報,1071121,宣傳支出,老二美術廣告工程行,90929161,0.00,59955.00,釘製宣傳車身廣告,金錢,新北市永和區****,8923*****,
440,連斐璠,107年直轄市議員選舉,首次申報,1071121,人事費用支出,陳世孟,A12*******,0.00,1575.00,/-AM:~:，PM:~:，PM:~:-.H,金錢,臺北市萬華區****,0915*****,
441,連斐璠,107年直轄市議員選舉,首次申報,1071121,人事費用支出,蔡怡君,A22*******,0.00,1575.00,/-AM:~:，PM:~:，PM:~:-.H,金錢,新北市新店區****,0905*****,
442,連斐璠,107年直轄市議員選舉,首次申報,1071121,人事費用支出,張偉城,F12*******,0.00,960.00,/-PM:~:，PM:~:-H,金錢,新北市永和區****,0989*****,
443,連斐璠,107年直轄市議員選舉,首次申報,1071122,雜支支出,鄉饌便當店,26509889,0.00,3575.00,便當,金錢,新北市中和區****,2242*****,
444,連斐璠,107年直轄市議員選舉,首次申報,1071122,雜支支出,金仙蝦捲店,31441869,0.00,2520.00,晚餐便當,金錢,新北市永和區****,2924*****,
445,連斐璠,107年直轄市議員選舉,首次申報,1071122,租用宣傳車輛支出,宜樂釣具電池行,34314445,0.00,100.00,充電費,金錢,新北市永和區****,2924*****,
446,連斐璠,107年直轄市議員選舉,首次申報,1071122,租用宣傳車輛支出,台灣中油-永和永利加油站,66902331,0.00,100.00,宣傳車輛燃料支出,金錢,新北市永和區****,2921*****,
447,連斐璠,107年直轄市議員選舉,首次申報,1071122,租用宣傳車輛支出,台灣中油-永和永利加油站,66902331,0.00,600.00,宣傳車輛燃料支出,金錢,新北市永和區****,2921*****,
448,連斐璠,107年直轄市議員選舉,首次申報,1071122,租用宣傳車輛支出,四十張加油站股份有限公司,89776906,0.00,71.00,宣傳車輛燃料支出,金錢,新北市中和區****,2221*****,
449,連斐璠,107年直轄市議員選舉,首次申報,1071122,人事費用支出,陳世孟,A12*******,0.00,1800.00,/-AM:~PM:-H,金錢,臺北市萬華區****,0915*****,
450,連斐璠,107年直轄市議員選舉,首次申報,1071122,人事費用支出,蔡怡君,A22*******,0.00,1800.00,/-AM:~PM:-H,金錢,新北市新店區****,0905*****,
451,連斐璠,107年直轄市議員選舉,首次申報,1071122,宣傳支出,洪瑜澤,F13*******,0.00,240.00,/-PM:~:-.H,金錢,新北市永和區****,0909*****,
452,連斐璠,107年直轄市議員選舉,首次申報,1071122,人事費用支出,洪瑜澤,F13*******,0.00,240.00,/-PM:~：-H,金錢,新北市永和區****,0909*****,
453,連斐璠,107年直轄市議員選舉,首次申報,1071123,租用宣傳車輛支出,冠華企業股份有限公司-永和加油站,23199307,0.00,76.00,宣傳車輛燃料支出,金錢,新北市永和區****,2928*****,
454,連斐璠,107年直轄市議員選舉,首次申報,1071123,雜支支出,宜樂釣具電池行,34629894,0.00,410.00,喉糖,金錢,新北市永和區****,2921*****,
455,連斐璠,107年直轄市議員選舉,首次申報,1071123,雜支支出,良鼎小吃店,41062401,0.00,7900.00,中餐便當,金錢,新北市永和區****,2929*****,
456,連斐璠,107年直轄市議員選舉,首次申報,1071123,集會支出,旭昇食品行,49913799,0.00,4692.00,餅干包,金錢,新北市永和區****,2929*****,
457,連斐璠,107年直轄市議員選舉,首次申報,1071123,雜支支出,7-11大正門市,53668158,0.00,318.00,衛生紙,金錢,新北市永和區****,8921*****,
458,連斐璠,107年直轄市議員選舉,首次申報,1071123,宣傳支出,小亞派報行銷有限公司,54057556,0.00,123837.00,派報費,金錢,新北市中和區****,2946*****,
459,連斐璠,107年直轄市議員選舉,首次申報,1071123,租用宣傳車輛支出,台灣卡特爾石油有限公司永和分公司,55650822,0.00,140.00,油資,金錢,新北市永和區****,,
460,連斐璠,107年直轄市議員選舉,首次申報,1071123,雜支支出,堉堂烤肉飯,82133632,0.00,7120.00,晚餐便當,金錢,新北市永和區****,2232*****,
461,連斐璠,107年直轄市議員選舉,首次申報,1071123,租用宣傳車輛支出,四十張加油站股份有限公司,89776906,0.00,79.00,宣傳車輛燃料支出,金錢,新北市中和區****,2221*****,
462,連斐璠,107年直轄市議員選舉,首次申報,1071123,人事費用支出,陳世孟,A12*******,0.00,1950.00,/-AM:~:，PM:~:-H,金錢,臺北市萬華區****,0915*****,
463,連斐璠,107年直轄市議員選舉,首次申報,1071123,人事費用支出,宋春妹,A20*******,0.00,300.00,頂溪捷運站PM:~:-H,金錢,新北市永和區****,,
464,連斐璠,107年直轄市議員選舉,首次申報,1071123,人事費用支出,蔡怡君,A22*******,0.00,1950.00,/-AM:~PM:-H,金錢,新北市新店區****,0905*****,
465,連斐璠,107年直轄市議員選舉,首次申報,1071123,人事費用支出,洪瑜澤,F13*******,0.00,400.00,/-PM:~:-.H,金錢,新北市永和區****,0909*****,
466,連斐璠,107年直轄市議員選舉,首次申報,1071124,雜支支出,明蘭香業行,20021094,0.00,900.00,鞭炮,金錢,新北市永和區****,2922*****,
467,連斐璠,107年直轄市議員選舉,首次申報,1071124,租用宣傳車輛支出,台灣中油-永和永利加油站,66902331,0.00,120.00,宣傳車輛燃料支出,金錢,新北市永和區****,2921*****,
468,連斐璠,107年直轄市議員選舉,首次申報,1071124,雜支支出,商証股份有限公司永和分公司,80361722,0.00,2881.00,雙面膠帶等,金錢,新北市永和區****,2929*****,
469,連斐璠,107年直轄市議員選舉,首次申報,1071124,租用宣傳車輛支出,四十張加油站股份有限公司,89776906,0.00,54.00,宣傳車輛燃料支出,金錢,新北市中和區****,2221*****,
470,連斐璠,107年直轄市議員選舉,首次申報,1071124,公共關係費用支出,競選總部,F22*******,0.00,24000.00,聯誼交際費用,非金錢,新北市永和區****,,
471,連斐璠,107年直轄市議員選舉,首次申報,1071124,集會支出,競選總部,F22*******,0.00,2900.00,開票當日,非金錢,新北市永和區****,,
472,連斐璠,107年直轄市議員選舉,首次申報,1071124,公共關係費用支出,競選總部,F22*******,0.00,5585.00,聯誼交際費用,非金錢,新北市永和區****,,
473,連斐璠,107年直轄市議員選舉,首次申報,1071124,租用宣傳車輛支出,沈雨震,Q12*******,0.00,8500.00,小蜜蜂宣傳車..~..共天,金錢,新北市土城區****,0937*****,
474,連斐璠,107年直轄市議員選舉,首次申報,1071124,租用宣傳車輛支出,侯美惠,Q22*******,0.00,8500.00,小蜜蜂宣傳車..~..共天,金錢,新北市永和區****,0928*****,
475,連斐璠,107年直轄市議員選舉,首次申報,1071125,雜支支出,竹林小吃店,10650122,0.00,8100.00,便當,金錢,新北市永和區****,8925*****,
476,連斐璠,107年直轄市議員選舉,首次申報,1071125,租用宣傳車輛支出,全方位國際行銷整合有限公司,25020550,0.00,10000.00,謝票吉普車出租,金錢,新北市永和區****,2231*****,
477,連斐璠,107年直轄市議員選舉,首次申報,1071125,租用宣傳車輛支出,全方位國際行銷整合有限公司,25020550,0.00,12000.00,謝票鼓車出租,金錢,新北市永和區****,2231*****,
478,連斐璠,107年直轄市議員選舉,首次申報,1071125,雜支支出,家潔事業有限公司,67321213,0.00,78278.00,清潔費,金錢,新北市中和區****,2948*****,
479,連斐璠,107年直轄市議員選舉,首次申報,1071125,雜支支出,大文山保全股份有限公司,80549590,0.00,119700.00,/~/保全費,金錢,新北市永和區****,2920*****,
480,連斐璠,107年直轄市議員選舉,首次申報,1071125,租用競選辦事處支出,競選總部,F22*******,0.00,268000.00,租用競選辦事處費用,非金錢,新北市永和區****,,
481,連斐璠,107年直轄市議員選舉,首次申報,1071125,租用宣傳車輛支出,鍾明庭,M12*******,0.00,12000.00,宣傳車..~..共天,金錢,新北市板橋區****,0936*****,
482,連斐璠,107年直轄市議員選舉,首次申報,1071127,雜支支出,中華電信股份有限公司,92887342,0.00,7108.00,電信費用,金錢,新北市永和區****,0800*****,
483,連斐璠,107年直轄市議員選舉,首次申報,1071128,宣傳支出,(人一)藝印刷藝術國際股份有限公司,34480957,0.00,2404308.00,宣傳短片、關東旗、手搖旗、背心、瓶水、環保袋、便條紙、面紙、邀請卡、搶救文宣等（詳如明細）,金錢,新北市中和區****,3234*****,
484,連斐璠,107年直轄市議員選舉,首次申報,1071130,雜支支出,中華電信股份有限公司,92887342,0.00,1937.00,網際網路費用,金錢,新北市永和區****,0800*****,
485,連斐璠,107年直轄市議員選舉,首次申報,1071203,宣傳支出,中華電信股份有限公司,92887342,0.00,54980.00,發送電信簡訊支出,金錢,新北市永和區****,0800*****,
486,連斐璠,107年直轄市議員選舉,首次申報,1071205,雜支支出,中華電信股份有限公司,92887342,0.00,3381.00,電信費用,金錢,新北市永和區****,0800*****,
487,連斐璠,107年直轄市議員選舉,首次申報,1071205,宣傳支出,飛揚廣告事業有限公司,97231870,0.00,38346.00,宮燈旗施工含印製,金錢,新北市永和區****,2928*****,
488,連斐璠,107年直轄市議員選舉,首次申報,1071206,雜支支出,台灣電力公司,04860092,0.00,13862.00,電費..~..,金錢,新北市永和區****,,
489,連斐璠,107年直轄市議員選舉,首次申報,1071206,雜支支出,中華電信股份有限公司,92887342,0.00,910.00,電信費用,金錢,新北市永和區****,0800*****,
490,連斐璠,107年直轄市議員選舉,首次申報,1071224,雜支支出,中華電信股份有限公司,92887342,0.00,1000.00,網際網路費用,金錢,新北市永和區****,0800*****,
491,連斐璠,107年直轄市議員選舉,首次申報,1080122,繳庫支出,監察院,03753307,0.00,40000.00,繳庫,金錢,台北市忠孝東****,,
