﻿序號,擬參選人／政黨,選舉名稱,申報序號／年度,交易日期,收支科目,捐贈者／支出對象,身分證／統一編號,收入金額,支出金額,支出用途,金錢類,地址,聯絡電話,資料更正日期
1,蔡金蓮,107年縣(市)議員選舉,首次申報,1070916,人事費用支出,李琇棋,N22*******,0.00,25000.00,工資或薪津,金錢,彰化縣二林鎮****,,
2,蔡金蓮,107年縣(市)議員選舉,首次申報,1071001,宣傳支出,咖啡皇品,,0.00,5000.00,製作競選物品支出（物品名稱-咖啡包）,金錢,彰化縣二林鎮****,,
3,蔡金蓮,107年縣(市)議員選舉,首次申報,1071001,雜支支出,合和商店,59127882,0.00,9600.00,金紙 炮,金錢,彰化縣二林鎮****,,
4,蔡金蓮,107年縣(市)議員選舉,首次申報,1071016,人事費用支出,李琇棋,N22*******,0.00,25000.00,工資或薪津,金錢,彰化縣二林鎮****,,
5,蔡金蓮,107年縣(市)議員選舉,首次申報,1071020,雜支支出,合和商店,59127882,0.00,10000.00,金紙,金錢,彰化縣二林鎮****,,
6,蔡金蓮,107年縣(市)議員選舉,首次申報,1071026,宣傳支出,東誠禮品行,13289194,0.00,188500.00,製作競選物品支出（物品名稱-帽子 布條 旗幟）,金錢,彰化縣芳苑鄉****,,
7,蔡金蓮,107年縣(市)議員選舉,首次申報,1071101,宣傳支出,咖啡皇品,38930820,0.00,5000.00,製作競選物品支出（物品名稱-咖啡包）,金錢,彰化縣二林鎮****,,
8,蔡金蓮,107年縣(市)議員選舉,首次申報,1071110,雜支支出,合和商店,59127882,0.00,10000.00,金紙,金錢,彰化縣二林鎮****,,
9,蔡金蓮,107年縣(市)議員選舉,首次申報,1071116,人事費用支出,李琇棋,N22*******,0.00,25000.00,工資或薪津,金錢,彰化縣二林鎮****,,
