﻿序號,擬參選人／政黨,選舉名稱,申報序號／年度,交易日期,收支科目,捐贈者／支出對象,身分證／統一編號,收入金額,支出金額,捐贈方式,存入專戶日期,返還/繳庫,支出用途,金錢類,地址,聯絡電話,應揭露之支出對象,支出對象之內部人員姓名,支出對象之內部人員職稱,政黨之內部人員姓名,政黨之內部人員職稱,關係,更正註記,資料更正日期
1,吳國昌,111年雲林縣斗六市市長選舉,首次申報,1110902,個人捐贈收入,林佳樺,P22*******,100000.00,0.00,現金,1110902,,,金錢,雲林縣斗六市****,0928*****,,,,,,,,
2,吳國昌,111年雲林縣斗六市市長選舉,首次申報,1110908,營利事業捐贈收入,美加積體有限公司,53237497,200000.00,0.00,匯款,1110908,,,金錢,新北市中和區****,02-2*****,,,,,,,,
3,吳國昌,111年雲林縣斗六市市長選舉,首次申報,1110908,個人捐贈收入,謝勝騰,H12*******,100000.00,0.00,匯款,1110908,,,金錢,桃園市中壢區****,,,,,,,,,
4,吳國昌,111年雲林縣斗六市市長選舉,首次申報,1110908,個人捐贈收入,廖欣愉,P22*******,100000.00,0.00,匯款,1110908,,,金錢,桃園市平鎮區****,0911*****,,,,,,,,
5,吳國昌,111年雲林縣斗六市市長選舉,首次申報,1110912,個人捐贈收入,楊慧珠,R22*******,10000.00,0.00,現金,1110912,,,金錢,雲林縣斗六市****,0910*****,,,,,,,,
6,吳國昌,111年雲林縣斗六市市長選舉,首次申報,1110914,匿名捐贈,匿名2,,300.00,0.00,匯款,1110914,,,金錢,,,,,,,,,,
7,吳國昌,111年雲林縣斗六市市長選舉,首次申報,1110915,個人捐贈收入,林延倉,A10*******,5000.00,0.00,匯款,1110915,,,金錢,桃園市桃園區****,0988*****,,,,,,,,
8,吳國昌,111年雲林縣斗六市市長選舉,首次申報,1110915,個人捐贈收入,江秀美,B22*******,20000.00,0.00,匯款,1110915,,,金錢,臺中市西區梅****,0939*****,,,,,,,,
9,吳國昌,111年雲林縣斗六市市長選舉,首次申報,1110921,個人捐贈收入,黃建源,P12*******,20000.00,0.00,現金,1110921,,,金錢,雲林縣古坑鄉****,0928*****,,,,,,,,
10,吳國昌,111年雲林縣斗六市市長選舉,首次申報,1110926,個人捐贈收入,張明添,C10*******,5000.00,0.00,匯款,1110926,,,金錢,基隆市暖暖區****,0910*****,,,,,,,,
11,吳國昌,111年雲林縣斗六市市長選舉,首次申報,1110930,個人捐贈收入,張瑞真,P20*******,10000.00,0.00,現金,1110930,,,金錢,雲林縣莿桐鄉****,05-5*****,,,,,,,,
12,吳國昌,111年雲林縣斗六市市長選舉,首次申報,1111004,個人捐贈收入,李學人,P12*******,5000.00,0.00,匯款,1111004,,,金錢,雲林縣虎尾鎮****,0933*****,,,,,,,,
13,吳國昌,111年雲林縣斗六市市長選舉,首次申報,1111006,個人捐贈收入,陳淑華,N22*******,10000.00,0.00,匯款,1111006,,,金錢,彰化縣北斗鎮****,0488*****,,,,,,,,
14,吳國昌,111年雲林縣斗六市市長選舉,首次申報,1111011,個人捐贈收入,林樹山,P12*******,6000.00,0.00,匯款,1111011,,,金錢,雲林縣古坑鄉****,0935*****,,,,,,,,
15,吳國昌,111年雲林縣斗六市市長選舉,首次申報,1111012,營利事業捐贈收入,創意家國際有限公司,27665710,20000.00,0.00,,,,,非金錢,新北市泰山區****,02-2*****,,,,,,,,
16,吳國昌,111年雲林縣斗六市市長選舉,首次申報,1111021,個人捐贈收入,陳家輝,E12*******,5000.00,0.00,匯款,1111021,,,金錢,高雄市前金區****,0911*****,,,,,,,,
17,吳國昌,111年雲林縣斗六市市長選舉,首次申報,1111022,營利事業捐贈收入,崇信工程股份有限公司公司,23477195,36000.00,0.00,現金,1111022,,,金錢,新北市永和區****,0229*****,,,,,,,,
18,吳國昌,111年雲林縣斗六市市長選舉,首次申報,1111024,個人捐贈收入,楊寶珍,L22*******,6000.00,0.00,現金,1111024,,,金錢,雲林縣莿桐鄉****,0937*****,,,,,,,,
19,吳國昌,111年雲林縣斗六市市長選舉,首次申報,1111102,個人捐贈收入,何西鏘,P12*******,2000.00,0.00,現金,1111102,,,金錢,桃園市蘆竹區****,0910*****,,,,,,,,
20,吳國昌,111年雲林縣斗六市市長選舉,首次申報,1111107,個人捐贈收入,關淑華,P22*******,6000.00,0.00,匯款,1111107,,,金錢,雲林縣莿桐鄉****,,,,,,,,,
21,吳國昌,111年雲林縣斗六市市長選舉,首次申報,1111109,營利事業捐贈收入,巧聖元室內裝修工程有限公司,27786046,20000.00,0.00,匯款,1111109,,,金錢,南投縣草屯鎮****,0928*****,,,,,,,,
