﻿序號,擬參選人／政黨,選舉名稱,申報序號／年度,交易日期,收支科目,捐贈者／支出對象,身分證／統一編號,收入金額,支出金額,支出用途,金錢類,地址,聯絡電話,資料更正日期
1,余震華,107年鄉(鎮、市)民代表選舉,首次申報,1071009,個人捐贈收入,賴榮耀,U12*******,2000.00,0.00,,金錢,桃園市中壢區****,,
2,余震華,107年鄉(鎮、市)民代表選舉,首次申報,1071017,個人捐贈收入,陳惠美,U22*******,5000.00,0.00,,金錢,台北市內湖區****,,
3,余震華,107年鄉(鎮、市)民代表選舉,首次申報,1071123,人民團體捐贈收入,花蓮縣原住民田徑運動協會,,5000.00,0.00,,金錢,花蓮縣吉安鄉****,,
4,余震華,107年鄉(鎮、市)民代表選舉,首次申報,1071123,個人捐贈收入,李國明,U12*******,3000.00,0.00,,金錢,花蓮縣吉安鄉****,,
5,余震華,107年鄉(鎮、市)民代表選舉,首次申報,1071123,個人捐贈收入,李曉嵐,U22*******,1200.00,0.00,,金錢,花蓮縣吉安鄉****,,
6,余震華,107年鄉(鎮、市)民代表選舉,首次申報,1071123,個人捐贈收入,余利信,U22*******,6000.00,0.00,,金錢,台南市麻豆區****,,
