﻿序號,擬參選人／政黨,選舉名稱,申報序號／年度,交易日期,收支科目,捐贈者／支出對象,身分證／統一編號,收入金額,支出金額,捐贈方式,存入專戶日期,返還/繳庫,支出用途,金錢類,地址,聯絡電話,應揭露之支出對象,支出對象之內部人員姓名,支出對象之內部人員職稱,政黨之內部人員姓名,政黨之內部人員職稱,關係,更正註記,資料更正日期
1,游雅婷,111年新竹縣竹北市市民代表選舉,首次申報,1110904,宣傳支出,鶚樓影像工作室,,0.00,16800.00,,,,形象照拍攝,金錢,新竹市北區南****,,否,,,,,,,
2,游雅婷,111年新竹縣竹北市市民代表選舉,首次申報,1110905,宣傳支出,建豪印刷事業股份有限公司,50595168,0.00,31500.00,,,,印刷,金錢,台中市西區忠****,,否,,,,,,,
3,游雅婷,111年新竹縣竹北市市民代表選舉,首次申報,1110916,宣傳支出,榤元影印輸出中心,,0.00,2000.00,,,,彩色DM,金錢,新竹市東區光****,,否,,,,,,,
4,游雅婷,111年新竹縣竹北市市民代表選舉,首次申報,1111012,宣傳支出,印象商圈電視牆股份有限公司,54780215,0.00,31500.00,,,,電視牆廣告,金錢,桃園市龜山區****,,否,,,,,,,
5,游雅婷,111年新竹縣竹北市市民代表選舉,首次申報,1111027,宣傳支出,建豪印刷事業股份有限公司,50595168,0.00,5000.00,,,,引刷輸出,金錢,台中市西區忠****,,否,,,,,,,
