﻿序號,擬參選人／政黨,選舉名稱,申報序號／年度,交易日期,收支科目,捐贈者／支出對象,身分證／統一編號,收入金額,支出金額,捐贈方式,存入專戶日期,返還/繳庫,支出用途,金錢類,地址,聯絡電話,應揭露之支出對象,支出對象之內部人員姓名,支出對象之內部人員職稱,政黨之內部人員姓名,政黨之內部人員職稱,關係,更正註記,資料更正日期
1,陳炳甫,111年臺北市議員選舉,第1次賸餘,1111230,支付當選後與其公務有關之費用,中華郵政雙連郵局,03716893,0.00,28.00,,,,寄件郵資,金錢,,2541*****,否,,,,,,,
2,陳炳甫,111年臺北市議員選舉,第1次賸餘,1111230,支付當選後與其公務有關之費用,中華電信,81691784,0.00,4092.00,,,,電話費,金錢,,0800*****,否,,,,,,,
3,陳炳甫,111年臺北市議員選舉,第1次賸餘,1111230,支付當選後與其公務有關之費用,遠傳電信股份有限公司,97179430,0.00,798.00,,,,電話費,金錢,,4495*****,否,,,,,,,
4,陳炳甫,111年臺北市議員選舉,第1次賸餘,1120101,支付當選後與其公務有關之費用,台灣連線股份有限公司,24556886,0.00,840.00,,,,LINE費用陳炳甫-炳持初衷,金錢,臺北市內湖區****,8178*****,否,,,,,,,
5,陳炳甫,111年臺北市議員選舉,第1次賸餘,1120103,支付當選後與其公務有關之費用,一零四資訊科技股份有限公司,84598349,0.00,6720.00,,,,人事廣告費,金錢,,2912*****,否,,,,,,,
6,陳炳甫,111年臺北市議員選舉,第1次賸餘,1120104,支付當選後與其公務有關之費用,飛躍廣告社,17819379,0.00,7627.00,,,,派報費,金錢,,2986*****,否,,,,,,,
7,陳炳甫,111年臺北市議員選舉,第1次賸餘,1120105,支付當選後與其公務有關之費用,欣昶科技有限公司,54849360,0.00,4725.00,,,,電信配置工程費,金錢,,2289*****,否,,,,,,,
8,陳炳甫,111年臺北市議員選舉,第1次賸餘,1120105,支付當選後與其公務有關之費用,徐鳳鳴,A12*******,0.00,710.00,,,,加班費或值班費,金錢,台北市中正區****,0936*****,否,,,,,,,
9,陳炳甫,111年臺北市議員選舉,第1次賸餘,1120105,支付當選後與其公務有關之費用,文祥威,A12*******,0.00,30800.00,,,,工資或薪津,金錢,台北市文山區****,0975*****,否,,,,,,,
10,陳炳甫,111年臺北市議員選舉,第1次賸餘,1120105,支付當選後與其公務有關之費用,文祥威,A12*******,0.00,8500.00,,,,加班費或值班費,金錢,台北市文山區****,0975*****,否,,,,,,,
11,陳炳甫,111年臺北市議員選舉,第1次賸餘,1120105,支付當選後與其公務有關之費用,李芷琪,A22*******,0.00,4000.00,,,,工資或薪津,金錢,台北市士林區****,0925*****,否,,,,,,,
12,陳炳甫,111年臺北市議員選舉,第1次賸餘,1120105,支付當選後與其公務有關之費用,李芷琪,A22*******,0.00,3500.00,,,,加班費或值班費,金錢,台北市士林區****,0925*****,否,,,,,,,
13,陳炳甫,111年臺北市議員選舉,第1次賸餘,1120105,支付當選後與其公務有關之費用,李萬茂,F12*******,0.00,1533.00,,,,工資或薪津,金錢,新北市五股區****,0912*****,否,,,,,,,
14,陳炳甫,111年臺北市議員選舉,第1次賸餘,1120105,支付當選後與其公務有關之費用,李萬茂,F12*******,0.00,4200.00,,,,加班費或值班費,金錢,新北市五股區****,0912*****,否,,,,,,,
15,陳炳甫,111年臺北市議員選舉,第1次賸餘,1120105,支付當選後與其公務有關之費用,辛穎哲,F12*******,0.00,5833.00,,,,加班費或值班費,金錢,金門縣金寧鄉****,0971*****,否,,,,,,,
16,陳炳甫,111年臺北市議員選舉,第1次賸餘,1120105,支付當選後與其公務有關之費用,楊文儀,F22*******,0.00,6000.00,,,,工資或薪津,金錢,新北市蘆洲區****,0955*****,否,,,,,,,
17,陳炳甫,111年臺北市議員選舉,第1次賸餘,1120105,支付當選後與其公務有關之費用,陳仰箴,F22*******,0.00,5000.00,,,,工資或薪津,金錢,台北市大安區****,0920*****,否,,,,,,,
18,陳炳甫,111年臺北市議員選舉,第1次賸餘,1120105,支付當選後與其公務有關之費用,陳仰箴,F22*******,0.00,9500.00,,,,加班費或值班費,金錢,台北市大安區****,0920*****,否,,,,,,,
19,陳炳甫,111年臺北市議員選舉,第1次賸餘,1120105,支付當選後與其公務有關之費用,邱顯揚,H12*******,0.00,21583.00,,,,工資或薪津,金錢,桃園市八德區****,0916*****,否,,,,,,,
20,陳炳甫,111年臺北市議員選舉,第1次賸餘,1120105,支付當選後與其公務有關之費用,邱顯揚,H12*******,0.00,6000.00,,,,加班費或值班費,金錢,桃園市八德區****,0916*****,否,,,,,,,
21,陳炳甫,111年臺北市議員選舉,第1次賸餘,1120105,支付當選後與其公務有關之費用,何秀琴,Y22*******,0.00,53500.00,,,,工資或薪津,金錢,台北市北投區****,0928*****,否,,,,,,,
22,陳炳甫,111年臺北市議員選舉,第1次賸餘,1120108,支付當選後與其公務有關之費用,張之馨,H22*******,0.00,2500.00,,,,寵物健檢活動-健檢醫師,金錢,桃園市平鎮區****,0981*****,否,,,,,,,
23,陳炳甫,111年臺北市議員選舉,第1次賸餘,1120110,支付當選後與其公務有關之費用,都訊聯合電訊有限公司,12983195,0.00,1289.00,,,,電話費,金錢,,2553*****,否,,,,,,,
24,陳炳甫,111年臺北市議員選舉,第1次賸餘,1120111,支付當選後與其公務有關之費用,台灣產物保險股份有限公司,03557115,0.00,7500.00,,,,寵物健檢活動保險費,金錢,,2382*****,否,,,,,,,
25,陳炳甫,111年臺北市議員選舉,第1次賸餘,1120111,支付當選後與其公務有關之費用,中華郵政民權郵局,04122526,0.00,28.00,,,,寄件郵資,金錢,,2571*****,否,,,,,,,
26,陳炳甫,111年臺北市議員選舉,第1次賸餘,1120112,支付當選後與其公務有關之費用,台灣電力公司,03765704,0.00,2088.00,,,,服務處電費,金錢,,1911*****,否,,,,,,,
27,陳炳甫,111年臺北市議員選舉,第1次賸餘,1120112,支付當選後與其公務有關之費用,台北自來水事業處,03774909,0.00,305.00,,,,服務處水費,金錢,,8733*****,否,,,,,,,
28,陳炳甫,111年臺北市議員選舉,第1次賸餘,1120116,支付當選後與其公務有關之費用,達信冷氣水電行,01833831,0.00,10500.00,,,,冷氣配置及遙控器,金錢,,2826*****,否,,,,,,,
29,陳炳甫,111年臺北市議員選舉,第1次賸餘,1120116,支付當選後與其公務有關之費用,松和商行,81621211,0.00,32340.00,,,,背心*,金錢,台北市中正區****,2301*****,否,,,,,,,
30,陳炳甫,111年臺北市議員選舉,第1次賸餘,1120118,支付當選後與其公務有關之費用,陳財美行,,0.00,1185.00,,,,開工拜拜金紙等,金錢,,2557*****,否,,,,,,,
31,陳炳甫,111年臺北市議員選舉,第1次賸餘,1120118,支付當選後與其公務有關之費用,中華郵政大同郵局,03717160,0.00,30.00,,,,匯款匯費,金錢,台北市大同區****,2594*****,否,,,,,,,
32,陳炳甫,111年臺北市議員選舉,第1次賸餘,1120118,支付當選後與其公務有關之費用,安致勤資聯合會計師事務所,21762829,0.00,30000.00,,,,會計師年簽證費,金錢,台北市基隆路****,8780*****,否,,,,,,,
33,陳炳甫,111年臺北市議員選舉,第1次賸餘,1120118,支付當選後與其公務有關之費用,徐鳳鳴,A12*******,0.00,10500.00,,,,獎金或津貼,金錢,台北市中正區****,0936*****,否,,,,,,,
34,陳炳甫,111年臺北市議員選舉,第1次賸餘,1120118,支付當選後與其公務有關之費用,文祥威,A12*******,0.00,48000.00,,,,獎金或津貼,金錢,台北市文山區****,0975*****,否,,,,,,,
35,陳炳甫,111年臺北市議員選舉,第1次賸餘,1120118,支付當選後與其公務有關之費用,李芷琪,A22*******,0.00,6000.00,,,,獎金或津貼,金錢,台北市士林區****,0925*****,否,,,,,,,
36,陳炳甫,111年臺北市議員選舉,第1次賸餘,1120118,支付當選後與其公務有關之費用,李萬茂,F12*******,0.00,1500.00,,,,獎金或津貼,金錢,新北市五股區****,0912*****,否,,,,,,,
37,陳炳甫,111年臺北市議員選舉,第1次賸餘,1120118,支付當選後與其公務有關之費用,楊文儀,F22*******,0.00,6000.00,,,,獎金或津貼,金錢,新北市蘆洲區****,0955*****,否,,,,,,,
38,陳炳甫,111年臺北市議員選舉,第1次賸餘,1120118,支付當選後與其公務有關之費用,邱顯揚,H12*******,0.00,41625.00,,,,獎金或津貼,金錢,桃園市八德區****,0916*****,否,,,,,,,
39,陳炳甫,111年臺北市議員選舉,第1次賸餘,1120118,支付當選後與其公務有關之費用,何秀琴,Y22*******,0.00,80250.00,,,,獎金或津貼,金錢,台北市北投區****,0928*****,否,,,,,,,
40,陳炳甫,111年臺北市議員選舉,第1次賸餘,1120127,支付當選後與其公務有關之費用,簡月圓,,0.00,800.00,,,,開工拜拜水果,金錢,,0918*****,否,,,,,,,
41,陳炳甫,111年臺北市議員選舉,第1次賸餘,1120127,支付當選後與其公務有關之費用,天母鵝雞肉亭,25575729,0.00,1200.00,,,,開工拜拜牲禮,金錢,,2832*****,否,,,,,,,
42,陳炳甫,111年臺北市議員選舉,第1次賸餘,1120130,支付當選後與其公務有關之費用,文祥威,A12*******,0.00,200.00,,,,獎金或津貼,金錢,台北市文山區****,0975*****,否,,,,,,,
43,陳炳甫,111年臺北市議員選舉,第1次賸餘,1120130,支付當選後與其公務有關之費用,李芷琪,A22*******,0.00,200.00,,,,獎金或津貼,金錢,台北市士林區****,0925*****,否,,,,,,,
44,陳炳甫,111年臺北市議員選舉,第1次賸餘,1120130,支付當選後與其公務有關之費用,范嘉玲,D22*******,0.00,200.00,,,,獎金或津貼,金錢,台北市士林區****,0933*****,否,,,,,,,
45,陳炳甫,111年臺北市議員選舉,第1次賸餘,1120130,支付當選後與其公務有關之費用,李萬茂,F12*******,0.00,200.00,,,,獎金或津貼,金錢,新北市五股區****,0912*****,否,,,,,,,
46,陳炳甫,111年臺北市議員選舉,第1次賸餘,1120130,支付當選後與其公務有關之費用,辛穎哲,F12*******,0.00,200.00,,,,獎金或津貼,金錢,金門縣金寧鄉****,0971*****,否,,,,,,,
47,陳炳甫,111年臺北市議員選舉,第1次賸餘,1120130,支付當選後與其公務有關之費用,楊文儀,F22*******,0.00,200.00,,,,獎金或津貼,金錢,新北市蘆洲區****,0955*****,否,,,,,,,
48,陳炳甫,111年臺北市議員選舉,第1次賸餘,1120130,支付當選後與其公務有關之費用,陳仰箴,F22*******,0.00,200.00,,,,獎金或津貼,金錢,台北市大安區****,0920*****,否,,,,,,,
49,陳炳甫,111年臺北市議員選舉,第1次賸餘,1120130,支付當選後與其公務有關之費用,邱顯揚,H12*******,0.00,200.00,,,,獎金或津貼,金錢,桃園市八德區****,0916*****,否,,,,,,,
50,陳炳甫,111年臺北市議員選舉,第1次賸餘,1120130,支付當選後與其公務有關之費用,何秀琴,Y22*******,0.00,200.00,,,,獎金或津貼,金錢,台北市北投區****,0928*****,否,,,,,,,
51,陳炳甫,111年臺北市議員選舉,第1次賸餘,1120201,支付當選後與其公務有關之費用,台灣連線股份有限公司,24556886,0.00,840.00,,,,LINE費用陳炳甫-炳持初衷,金錢,臺北市內湖區****,8178*****,否,,,,,,,
52,陳炳甫,111年臺北市議員選舉,第1次賸餘,1120203,支付當選後與其公務有關之費用,中華電信,81691784,0.00,2333.00,,,,電話費,金錢,,,否,,,,,,,
53,陳炳甫,111年臺北市議員選舉,第1次賸餘,1120206,支付當選後與其公務有關之費用,文祥威,A12*******,0.00,33000.00,,,,工資或薪津,金錢,台北市文山區****,0975*****,否,,,,,,,
54,陳炳甫,111年臺北市議員選舉,第1次賸餘,1120206,支付當選後與其公務有關之費用,文祥威,A12*******,0.00,7000.00,,,,加班費或值班費,金錢,台北市文山區****,0975*****,否,,,,,,,
55,陳炳甫,111年臺北市議員選舉,第1次賸餘,1120206,支付當選後與其公務有關之費用,李芷琪,A22*******,0.00,3000.00,,,,工資或薪津,金錢,台北市士林區****,0925*****,否,,,,,,,
56,陳炳甫,111年臺北市議員選舉,第1次賸餘,1120206,支付當選後與其公務有關之費用,李芷琪,A22*******,0.00,2500.00,,,,加班費或值班費,金錢,台北市士林區****,0925*****,否,,,,,,,
57,陳炳甫,111年臺北市議員選舉,第1次賸餘,1120206,支付當選後與其公務有關之費用,范嘉玲,D22*******,0.00,2667.00,,,,工資或薪津,金錢,台北市士林區****,0933*****,否,,,,,,,
58,陳炳甫,111年臺北市議員選舉,第1次賸餘,1120206,支付當選後與其公務有關之費用,范嘉玲,D22*******,0.00,1500.00,,,,加班費或值班費,金錢,台北市士林區****,0933*****,否,,,,,,,
59,陳炳甫,111年臺北市議員選舉,第1次賸餘,1120206,支付當選後與其公務有關之費用,李萬茂,F12*******,0.00,1833.00,,,,工資或薪津,金錢,新北市五股區****,0912*****,否,,,,,,,
60,陳炳甫,111年臺北市議員選舉,第1次賸餘,1120206,支付當選後與其公務有關之費用,李萬茂,F12*******,0.00,2100.00,,,,加班費或值班費,金錢,新北市五股區****,0912*****,否,,,,,,,
61,陳炳甫,111年臺北市議員選舉,第1次賸餘,1120206,支付當選後與其公務有關之費用,辛穎哲,F12*******,0.00,3000.00,,,,工資或薪津,金錢,金門縣金寧鄉****,0971*****,否,,,,,,,
62,陳炳甫,111年臺北市議員選舉,第1次賸餘,1120206,支付當選後與其公務有關之費用,辛穎哲,F12*******,0.00,5000.00,,,,加班費或值班費,金錢,金門縣金寧鄉****,0971*****,否,,,,,,,
63,陳炳甫,111年臺北市議員選舉,第1次賸餘,1120206,支付當選後與其公務有關之費用,陳仰箴,F22*******,0.00,5000.00,,,,工資或薪津,金錢,台北市大安區****,0920*****,否,,,,,,,
64,陳炳甫,111年臺北市議員選舉,第1次賸餘,1120206,支付當選後與其公務有關之費用,陳仰箴,F22*******,0.00,5500.00,,,,加班費或值班費,金錢,台北市大安區****,0920*****,否,,,,,,,
65,陳炳甫,111年臺北市議員選舉,第1次賸餘,1120206,支付當選後與其公務有關之費用,楊文儀,F22*******,0.00,6000.00,,,,工資或薪津,金錢,新北市蘆洲區****,0955*****,否,,,,,,,
66,陳炳甫,111年臺北市議員選舉,第1次賸餘,1120206,支付當選後與其公務有關之費用,楊文儀,F22*******,0.00,500.00,,,,加班費或值班費,金錢,新北市蘆洲區****,0955*****,否,,,,,,,
67,陳炳甫,111年臺北市議員選舉,第1次賸餘,1120206,支付當選後與其公務有關之費用,邱顯揚,H12*******,0.00,4000.00,,,,工資或薪津,金錢,桃園市八德區****,0916*****,否,,,,,,,
68,陳炳甫,111年臺北市議員選舉,第1次賸餘,1120206,支付當選後與其公務有關之費用,邱顯揚,H12*******,0.00,8000.00,,,,加班費或值班費,金錢,桃園市八德區****,0916*****,否,,,,,,,
69,陳炳甫,111年臺北市議員選舉,第1次賸餘,1120206,支付當選後與其公務有關之費用,何秀琴,Y22*******,0.00,53500.00,,,,工資或薪津,金錢,台北市北投區****,0928*****,否,,,,,,,
70,陳炳甫,111年臺北市議員選舉,第1次賸餘,1120206,支付當選後與其公務有關之費用,何秀琴,Y22*******,0.00,500.00,,,,加班費或值班費,金錢,台北市北投區****,0928*****,否,,,,,,,
71,陳炳甫,111年臺北市議員選舉,第1次賸餘,1120209,支付當選後與其公務有關之費用,都訊聯合電訊有限公司,12983195,0.00,1364.00,,,,電話費,金錢,,2553*****,否,,,,,,,
72,陳炳甫,111年臺北市議員選舉,第1次賸餘,1120210,支付當選後與其公務有關之費用,台灣連線股份有限公司,24556886,0.00,721.00,,,,LINE費用陳炳甫-炳持初衷,金錢,臺北市內湖區****,8178*****,否,,,,,,,
73,陳炳甫,111年臺北市議員選舉,第1次賸餘,1120214,支付當選後與其公務有關之費用,中央健康保險署,,0.00,5322.00,,,,月份雇主健保費-議會,金錢,臺北市中正區****,2191*****,否,,,,,,,
74,陳炳甫,111年臺北市議員選舉,第1次賸餘,1120214,支付當選後與其公務有關之費用,勞動部勞工保險局,,0.00,14227.00,,,,月份雇主勞保費+-議會,金錢,台北市中正區****,2396*****,否,,,,,,,
75,陳炳甫,111年臺北市議員選舉,第1次賸餘,1120214,支付當選後與其公務有關之費用,勞動部勞工保險局,,0.00,9712.00,,,,月份雇主勞退金-議會,金錢,台北市中正區****,2396*****,否,,,,,,,
76,陳炳甫,111年臺北市議員選舉,第1次賸餘,1120219,支付當選後與其公務有關之費用,台灣鹹酥雞股份有限公司,53086890,0.00,852.00,,,,餐飲費用,金錢,,2532*****,否,,,,,,,
77,陳炳甫,111年臺北市議員選舉,第1次賸餘,1120223,支付當選後與其公務有關之費用,遠傳電信股份有限公司,97179430,0.00,798.00,,,,電話費,金錢,,4495*****,否,,,,,,,
78,陳炳甫,111年臺北市議員選舉,第1次賸餘,1120224,支付當選後與其公務有關之費用,統一超商股份有限公司,22555003,0.00,648.00,,,,垃圾袋,金錢,,,否,,,,,,,
79,陳炳甫,111年臺北市議員選舉,第1次賸餘,1120301,支付當選後與其公務有關之費用,中華郵政雙連郵局,03716893,0.00,36.00,,,,寄件郵資,金錢,台北市中山區****,2541*****,否,,,,,,,
80,陳炳甫,111年臺北市議員選舉,第1次賸餘,1120301,支付當選後與其公務有關之費用,台灣連線股份有限公司,24556886,0.00,840.00,,,,LINE費用陳炳甫-炳持初衷,金錢,臺北市內湖區****,8178*****,否,,,,,,,
81,陳炳甫,111年臺北市議員選舉,第1次賸餘,1120303,支付當選後與其公務有關之費用,中華電信,81691784,0.00,1071.00,,,,電話費,金錢,,0800*****,否,,,,,,,
82,陳炳甫,111年臺北市議員選舉,第1次賸餘,1120306,支付當選後與其公務有關之費用,中央健康保險署,,0.00,2912.00,,,,月份雇主健保費-議會,金錢,臺北市中正區****,2191*****,否,,,,,,,
83,陳炳甫,111年臺北市議員選舉,第1次賸餘,1120306,支付當選後與其公務有關之費用,勞動部勞工保險局,,0.00,12671.00,,,,月份雇主勞保費+-議會,金錢,台北市中正區****,2396*****,否,,,,,,,
84,陳炳甫,111年臺北市議員選舉,第1次賸餘,1120306,支付當選後與其公務有關之費用,勞動部勞工保險局,,0.00,6912.00,,,,月份雇主勞退金-議會,金錢,台北市中正區****,2396*****,否,,,,,,,
85,陳炳甫,111年臺北市議員選舉,第1次賸餘,1120306,支付當選後與其公務有關之費用,文祥威,A12*******,0.00,35000.00,,,,工資或薪津,金錢,台北市文山區****,0975*****,否,,,,,,,
86,陳炳甫,111年臺北市議員選舉,第1次賸餘,1120306,支付當選後與其公務有關之費用,文祥威,A12*******,0.00,5000.00,,,,加班費或值班費,金錢,台北市文山區****,0975*****,否,,,,,,,
87,陳炳甫,111年臺北市議員選舉,第1次賸餘,1120306,支付當選後與其公務有關之費用,李芷琪,A22*******,0.00,2000.00,,,,加班費或值班費,金錢,台北市士林區****,0925*****,否,,,,,,,
88,陳炳甫,111年臺北市議員選舉,第1次賸餘,1120306,支付當選後與其公務有關之費用,李芷琪,A22*******,0.00,5000.00,,,,工資或薪津,金錢,台北市士林區****,0925*****,否,,,,,,,
89,陳炳甫,111年臺北市議員選舉,第1次賸餘,1120306,支付當選後與其公務有關之費用,范嘉玲,D22*******,0.00,7000.00,,,,工資或薪津,金錢,台北市士林區****,0933*****,否,,,,,,,
90,陳炳甫,111年臺北市議員選舉,第1次賸餘,1120306,支付當選後與其公務有關之費用,李萬茂,F12*******,0.00,4383.00,,,,工資或薪津,金錢,新北市五股區****,0912*****,否,,,,,,,
91,陳炳甫,111年臺北市議員選舉,第1次賸餘,1120306,支付當選後與其公務有關之費用,李萬茂,F12*******,0.00,4900.00,,,,加班費或值班費,金錢,新北市五股區****,0912*****,否,,,,,,,
92,陳炳甫,111年臺北市議員選舉,第1次賸餘,1120306,支付當選後與其公務有關之費用,辛穎哲,F12*******,0.00,6000.00,,,,工資或薪津,金錢,金門縣金寧鄉****,0971*****,否,,,,,,,
93,陳炳甫,111年臺北市議員選舉,第1次賸餘,1120306,支付當選後與其公務有關之費用,辛穎哲,F12*******,0.00,5500.00,,,,加班費或值班費,金錢,金門縣金寧鄉****,0971*****,否,,,,,,,
94,陳炳甫,111年臺北市議員選舉,第1次賸餘,1120306,支付當選後與其公務有關之費用,楊文儀,F22*******,0.00,7267.00,,,,工資或薪津,金錢,新北市蘆洲區****,0955*****,否,,,,,,,
95,陳炳甫,111年臺北市議員選舉,第1次賸餘,1120306,支付當選後與其公務有關之費用,陳仰箴,F22*******,0.00,7000.00,,,,工資或薪津,金錢,台北市大安區****,0920*****,否,,,,,,,
96,陳炳甫,111年臺北市議員選舉,第1次賸餘,1120306,支付當選後與其公務有關之費用,陳仰箴,F22*******,0.00,8500.00,,,,加班費或值班費,金錢,台北市大安區****,0920*****,否,,,,,,,
97,陳炳甫,111年臺北市議員選舉,第1次賸餘,1120306,支付當選後與其公務有關之費用,邱顯揚,H12*******,0.00,5600.00,,,,工資或薪津,金錢,桃園市八德區****,0916*****,否,,,,,,,
98,陳炳甫,111年臺北市議員選舉,第1次賸餘,1120306,支付當選後與其公務有關之費用,邱顯揚,H12*******,0.00,8000.00,,,,加班費或值班費,金錢,桃園市八德區****,0916*****,否,,,,,,,
99,陳炳甫,111年臺北市議員選舉,第1次賸餘,1120306,支付當選後與其公務有關之費用,何秀琴,Y22*******,0.00,54500.00,,,,工資或薪津,金錢,台北市北投區****,0928*****,否,,,,,,,
100,陳炳甫,111年臺北市議員選舉,第1次賸餘,1120308,支付當選後與其公務有關之費用,都訊聯合電訊有限公司,12983195,0.00,1030.00,,,,電話費,金錢,,2553*****,否,,,,,,,
101,陳炳甫,111年臺北市議員選舉,第1次賸餘,1120315,支付當選後與其公務有關之費用,中華郵政雙連郵局,03716893,0.00,2454.00,,,,寄件郵資,金錢,台北市中山區****,2541*****,否,,,,,,,
102,陳炳甫,111年臺北市議員選舉,第1次賸餘,1120315,支付當選後與其公務有關之費用,台灣電力公司,03765704,0.00,4004.00,,,,服務處電費,金錢,臺北市大安區****,1911*****,否,,,,,,,
103,陳炳甫,111年臺北市議員選舉,第1次賸餘,1120315,支付當選後與其公務有關之費用,台北自來水事業處,03774909,0.00,368.00,,,,服務處水費,金錢,臺北市中山區****,8733*****,否,,,,,,,
104,陳炳甫,111年臺北市議員選舉,第1次賸餘,1120323,支付當選後與其公務有關之費用,中華郵政雙連郵局,03716893,0.00,1272.00,,,,寄件郵資,金錢,台北市中山區****,2541*****,否,,,,,,,
105,陳炳甫,111年臺北市議員選舉,第1次賸餘,1120401,支付當選後與其公務有關之費用,台灣連線股份有限公司,24556886,0.00,840.00,,,,LINE費用陳炳甫-炳持初衷,金錢,臺北市內湖區****,8178*****,否,,,,,,,
106,陳炳甫,111年臺北市議員選舉,第1次賸餘,1120406,支付當選後與其公務有關之費用,中央健康保險署,,0.00,2912.00,,,,月份雇主健保費-議會,金錢,臺北市中正區****,2191*****,否,,,,,,,
107,陳炳甫,111年臺北市議員選舉,第1次賸餘,1120406,支付當選後與其公務有關之費用,勞動部勞工保險局,,0.00,12669.00,,,,月份雇主勞保費+-議會,金錢,台北市中正區****,2396*****,否,,,,,,,
108,陳炳甫,111年臺北市議員選舉,第1次賸餘,1120406,支付當選後與其公務有關之費用,勞動部勞工保險局,,0.00,6912.00,,,,月份雇主勞退金-議會,金錢,台北市中正區****,2396*****,否,,,,,,,
109,陳炳甫,111年臺北市議員選舉,第1次賸餘,1120406,支付當選後與其公務有關之費用,中華電信,81691784,0.00,1046.00,,,,電話費,金錢,,0800*****,否,,,,,,,
110,陳炳甫,111年臺北市議員選舉,第1次賸餘,1120406,支付當選後與其公務有關之費用,文祥威,A12*******,0.00,7000.00,,,,工資或薪津,金錢,台北市文山區****,0975*****,否,,,,,,,
111,陳炳甫,111年臺北市議員選舉,第1次賸餘,1120406,支付當選後與其公務有關之費用,李旭昇,A12*******,0.00,37000.00,,,,工資或薪津,金錢,新北市板橋區****,0918*****,否,,,,,,,
112,陳炳甫,111年臺北市議員選舉,第1次賸餘,1120406,支付當選後與其公務有關之費用,李芷琪,A22*******,0.00,5000.00,,,,工資或薪津,金錢,台北市士林區****,0925*****,否,,,,,,,
113,陳炳甫,111年臺北市議員選舉,第1次賸餘,1120406,支付當選後與其公務有關之費用,范嘉玲,D22*******,0.00,6000.00,,,,工資或薪津,金錢,台北市士林區****,0933*****,否,,,,,,,
114,陳炳甫,111年臺北市議員選舉,第1次賸餘,1120406,支付當選後與其公務有關之費用,李萬茂,F12*******,0.00,5000.00,,,,工資或薪津,金錢,新北市五股區****,0912*****,否,,,,,,,
115,陳炳甫,111年臺北市議員選舉,第1次賸餘,1120406,支付當選後與其公務有關之費用,楊文儀,F22*******,0.00,7000.00,,,,工資或薪津,金錢,新北市蘆洲區****,0955*****,否,,,,,,,
116,陳炳甫,111年臺北市議員選舉,第1次賸餘,1120406,支付當選後與其公務有關之費用,陳仰箴,F22*******,0.00,6000.00,,,,工資或薪津,金錢,台北市大安區****,0920*****,否,,,,,,,
117,陳炳甫,111年臺北市議員選舉,第1次賸餘,1120406,支付當選後與其公務有關之費用,邱顯揚,H12*******,0.00,5000.00,,,,工資或薪津,金錢,桃園市八德區****,0916*****,否,,,,,,,
118,陳炳甫,111年臺北市議員選舉,第1次賸餘,1120406,支付當選後與其公務有關之費用,何秀琴,Y22*******,0.00,54500.00,,,,工資或薪津,金錢,台北市北投區****,0928*****,否,,,,,,,
119,陳炳甫,111年臺北市議員選舉,第1次賸餘,1120411,支付當選後與其公務有關之費用,中華郵政民權郵局,04122526,0.00,1134.00,,,,寄件郵資,金錢,,2571*****,否,,,,,,,
120,陳炳甫,111年臺北市議員選舉,第1次賸餘,1120411,支付當選後與其公務有關之費用,阿昌立正雞,26650289,0.00,12500.00,,,,參觀市政活動餐費,金錢,,2666*****,否,,,,,,,
121,陳炳甫,111年臺北市議員選舉,第1次賸餘,1120412,支付當選後與其公務有關之費用,台北市交通義勇警察大隊大同中隊,,0.00,2240.00,,,,議員換新招牌馬路安全義交費用,金錢,,2591*****,否,,,,,,,
122,陳炳甫,111年臺北市議員選舉,第1次賸餘,1120412,支付當選後與其公務有關之費用,雙連街魯肉飯店,04465579,0.00,750.00,,,,餐飲費用,金錢,,2557*****,否,,,,,,,
123,陳炳甫,111年臺北市議員選舉,第1次賸餘,1120412,支付當選後與其公務有關之費用,都訊聯合電訊有限公司,12983195,0.00,1889.00,,,,電話費,金錢,,2553*****,否,,,,,,,
124,陳炳甫,111年臺北市議員選舉,第1次賸餘,1120412,支付當選後與其公務有關之費用,李旭昇,A12*******,0.00,7000.00,,,,加班費或值班費,金錢,新北市板橋區****,0918*****,否,,,,,,,
125,陳炳甫,111年臺北市議員選舉,第1次賸餘,1120412,支付當選後與其公務有關之費用,文祥威,A12*******,0.00,4000.00,,,,加班費或值班費,金錢,台北市文山區****,0975*****,否,,,,,,,
126,陳炳甫,111年臺北市議員選舉,第1次賸餘,1120412,支付當選後與其公務有關之費用,李芷琪,A22*******,0.00,3000.00,,,,加班費或值班費,金錢,台北市士林區****,0925*****,否,,,,,,,
127,陳炳甫,111年臺北市議員選舉,第1次賸餘,1120412,支付當選後與其公務有關之費用,陳仰箴,F22*******,0.00,4000.00,,,,加班費或值班費,金錢,台北市大安區****,0920*****,否,,,,,,,
128,陳炳甫,111年臺北市議員選舉,第1次賸餘,1120412,支付當選後與其公務有關之費用,楊文儀,F22*******,0.00,500.00,,,,加班費或值班費,金錢,新北市蘆洲區****,0955*****,否,,,,,,,
129,陳炳甫,111年臺北市議員選舉,第1次賸餘,1120412,支付當選後與其公務有關之費用,邱顯揚,H12*******,0.00,500.00,,,,加班費或值班費,金錢,桃園市八德區****,0916*****,否,,,,,,,
130,陳炳甫,111年臺北市議員選舉,第1次賸餘,1120423,支付當選後與其公務有關之費用,中央健康保險署,,0.00,3588.00,,,,月份雇主健保費-議會,金錢,臺北市中正區****,2191*****,否,,,,,,,
131,陳炳甫,111年臺北市議員選舉,第1次賸餘,1120423,支付當選後與其公務有關之費用,勞動部勞工保險局,,0.00,12925.00,,,,月份雇主勞保費+-議會,金錢,台北市中正區****,2396*****,否,,,,,,,
132,陳炳甫,111年臺北市議員選舉,第1次賸餘,1120423,支付當選後與其公務有關之費用,勞動部勞工保險局,,0.00,7093.00,,,,月份雇主勞退金-議會,金錢,台北市中正區****,2396*****,否,,,,,,,
133,陳炳甫,111年臺北市議員選舉,第1次賸餘,1120424,支付當選後與其公務有關之費用,中華郵政雙連郵局,03716893,0.00,1122.00,,,,寄件郵資,金錢,台北市中山區****,2541*****,否,,,,,,,
134,陳炳甫,111年臺北市議員選舉,第1次賸餘,1120426,支付當選後與其公務有關之費用,台灣鹹酥雞股份有限公司,53086890,0.00,721.00,,,,餐飲費用,金錢,,2532*****,否,,,,,,,
135,陳炳甫,111年臺北市議員選舉,第1次賸餘,1120427,支付當選後與其公務有關之費用,遠傳電信股份有限公司,97179430,0.00,798.00,,,,電話費,金錢,,4495*****,否,,,,,,,
136,陳炳甫,111年臺北市議員選舉,第1次賸餘,1120501,支付當選後與其公務有關之費用,台灣連線股份有限公司,24556886,0.00,840.00,,,,LINE費用陳炳甫-炳持初衷,金錢,臺北市內湖區****,8178*****,否,,,,,,,
137,陳炳甫,111年臺北市議員選舉,第1次賸餘,1120505,支付當選後與其公務有關之費用,中華郵政大同郵局,03717160,0.00,28.00,,,,寄件郵資,金錢,台北市大同區****,2594*****,否,,,,,,,
138,陳炳甫,111年臺北市議員選舉,第1次賸餘,1120505,支付當選後與其公務有關之費用,中華電信,81691784,0.00,1100.00,,,,電話費,金錢,,0800*****,否,,,,,,,
139,陳炳甫,111年臺北市議員選舉,第1次賸餘,1120505,支付當選後與其公務有關之費用,李旭昇,A12*******,0.00,37000.00,,,,工資或薪津,金錢,新北市板橋區****,0918*****,否,,,,,,,
140,陳炳甫,111年臺北市議員選舉,第1次賸餘,1120505,支付當選後與其公務有關之費用,李旭昇,A12*******,0.00,6500.00,,,,加班費或值班費,金錢,新北市板橋區****,0918*****,否,,,,,,,
141,陳炳甫,111年臺北市議員選舉,第1次賸餘,1120505,支付當選後與其公務有關之費用,文祥威,A12*******,0.00,6417.00,,,,工資或薪津,金錢,台北市文山區****,0975*****,否,,,,,,,
142,陳炳甫,111年臺北市議員選舉,第1次賸餘,1120505,支付當選後與其公務有關之費用,文祥威,A12*******,0.00,5500.00,,,,加班費或值班費,金錢,台北市文山區****,0975*****,否,,,,,,,
143,陳炳甫,111年臺北市議員選舉,第1次賸餘,1120505,支付當選後與其公務有關之費用,李芷琪,A22*******,0.00,5000.00,,,,工資或薪津,金錢,台北市士林區****,0925*****,否,,,,,,,
144,陳炳甫,111年臺北市議員選舉,第1次賸餘,1120505,支付當選後與其公務有關之費用,李芷琪,A22*******,0.00,3500.00,,,,加班費或值班費,金錢,台北市士林區****,0925*****,否,,,,,,,
145,陳炳甫,111年臺北市議員選舉,第1次賸餘,1120505,支付當選後與其公務有關之費用,范嘉玲,D22*******,0.00,5567.00,,,,工資或薪津,金錢,台北市士林區****,0933*****,否,,,,,,,
146,陳炳甫,111年臺北市議員選舉,第1次賸餘,1120505,支付當選後與其公務有關之費用,李萬茂,F12*******,0.00,3800.00,,,,工資或薪津,金錢,新北市五股區****,0912*****,否,,,,,,,
147,陳炳甫,111年臺北市議員選舉,第1次賸餘,1120505,支付當選後與其公務有關之費用,李萬茂,F12*******,0.00,7000.00,,,,加班費或值班費,金錢,新北市五股區****,0912*****,否,,,,,,,
148,陳炳甫,111年臺北市議員選舉,第1次賸餘,1120505,支付當選後與其公務有關之費用,陳仰箴,F22*******,0.00,6000.00,,,,工資或薪津,金錢,台北市大安區****,0920*****,否,,,,,,,
149,陳炳甫,111年臺北市議員選舉,第1次賸餘,1120505,支付當選後與其公務有關之費用,陳仰箴,F22*******,0.00,8500.00,,,,加班費或值班費,金錢,台北市大安區****,0920*****,否,,,,,,,
150,陳炳甫,111年臺北市議員選舉,第1次賸餘,1120505,支付當選後與其公務有關之費用,楊文儀,F22*******,0.00,7000.00,,,,工資或薪津,金錢,新北市蘆洲區****,0955*****,否,,,,,,,
151,陳炳甫,111年臺北市議員選舉,第1次賸餘,1120505,支付當選後與其公務有關之費用,楊文儀,F22*******,0.00,1000.00,,,,加班費或值班費,金錢,新北市蘆洲區****,0955*****,否,,,,,,,
152,陳炳甫,111年臺北市議員選舉,第1次賸餘,1120505,支付當選後與其公務有關之費用,邱顯揚,H12*******,0.00,5000.00,,,,工資或薪津,金錢,桃園市八德區****,0916*****,否,,,,,,,
153,陳炳甫,111年臺北市議員選舉,第1次賸餘,1120505,支付當選後與其公務有關之費用,邱顯揚,H12*******,0.00,5000.00,,,,加班費或值班費,金錢,桃園市八德區****,0916*****,否,,,,,,,
154,陳炳甫,111年臺北市議員選舉,第1次賸餘,1120505,支付當選後與其公務有關之費用,何秀琴,Y22*******,0.00,54500.00,,,,工資或薪津,金錢,台北市北投區****,0928*****,否,,,,,,,
155,陳炳甫,111年臺北市議員選舉,第1次賸餘,1120505,支付當選後與其公務有關之費用,何秀琴,Y22*******,0.00,500.00,,,,加班費或值班費,金錢,台北市北投區****,0928*****,否,,,,,,,
156,陳炳甫,111年臺北市議員選舉,第1次賸餘,1120508,支付當選後與其公務有關之費用,中華郵政雙連郵局,03716893,0.00,28.00,,,,寄件郵資,金錢,台北市中山區****,2541*****,否,,,,,,,
157,陳炳甫,111年臺北市議員選舉,第1次賸餘,1120511,支付當選後與其公務有關之費用,都訊聯合電訊有限公司,12983195,0.00,2041.00,,,,電話費,金錢,,2553*****,否,,,,,,,
158,陳炳甫,111年臺北市議員選舉,第1次賸餘,1120512,支付當選後與其公務有關之費用,勝源米廠,11646750,0.00,540.00,,,,母親節活動爆米花材料,金錢,,2558*****,否,,,,,,,
159,陳炳甫,111年臺北市議員選舉,第1次賸餘,1120522,支付當選後與其公務有關之費用,中華郵政雙連郵局,03716893,0.00,1152.00,,,,寄件郵資,金錢,台北市中山區****,2541*****,否,,,,,,,
160,陳炳甫,111年臺北市議員選舉,第1次賸餘,1120523,支付當選後與其公務有關之費用,佃霖有限公司,82942654,0.00,900.00,,,,文具,金錢,,2848*****,否,,,,,,,
161,陳炳甫,111年臺北市議員選舉,第1次賸餘,1120525,支付當選後與其公務有關之費用,台灣電力公司,03765704,0.00,4671.00,,,,服務處電費,金錢,,1911*****,否,,,,,,,
162,陳炳甫,111年臺北市議員選舉,第1次賸餘,1120525,支付當選後與其公務有關之費用,台北自來水事業處,03774909,0.00,357.00,,,,服務處水費,金錢,,8733*****,否,,,,,,,
163,陳炳甫,111年臺北市議員選舉,第1次賸餘,1120527,支付當選後與其公務有關之費用,愛弟豆花店,73892210,0.00,1100.00,,,,餐飲費用,金錢,,7389*****,否,,,,,,,
164,陳炳甫,111年臺北市議員選舉,第1次賸餘,1120529,支付當選後與其公務有關之費用,宏羚股份有限公司,04822794,0.00,588.00,,,,影印紙,金錢,,2299*****,否,,,,,,,
165,陳炳甫,111年臺北市議員選舉,第1次賸餘,1120601,支付當選後與其公務有關之費用,台灣連線股份有限公司,24556886,0.00,840.00,,,,LINE費用陳炳甫-炳持初衷,金錢,臺北市內湖區****,8178*****,否,,,,,,,
166,陳炳甫,111年臺北市議員選舉,第1次賸餘,1120605,支付當選後與其公務有關之費用,中央健康保險署,,0.00,3588.00,,,,月份雇主健保費-議會,金錢,臺北市中正區****,2191*****,否,,,,,,,
167,陳炳甫,111年臺北市議員選舉,第1次賸餘,1120605,支付當選後與其公務有關之費用,勞動部勞工保險局,,0.00,13858.00,,,,月份雇主勞保費+-議會,金錢,台北市中正區****,2396*****,否,,,,,,,
168,陳炳甫,111年臺北市議員選舉,第1次賸餘,1120605,支付當選後與其公務有關之費用,勞動部勞工保險局,,0.00,8178.00,,,,月份雇主勞退金-議會,金錢,台北市中正區****,2396*****,否,,,,,,,
169,陳炳甫,111年臺北市議員選舉,第1次賸餘,1120605,支付當選後與其公務有關之費用,中華電信,81691784,0.00,1047.00,,,,電話費,金錢,,0800*****,否,,,,,,,
170,陳炳甫,111年臺北市議員選舉,第1次賸餘,1120605,支付當選後與其公務有關之費用,李旭昇,A12*******,0.00,37000.00,,,,工資或薪津,金錢,新北市板橋區****,0918*****,否,,,,,,,
171,陳炳甫,111年臺北市議員選舉,第1次賸餘,1120605,支付當選後與其公務有關之費用,李旭昇,A12*******,0.00,7500.00,,,,加班費或值班費,金錢,新北市板橋區****,0918*****,否,,,,,,,
172,陳炳甫,111年臺北市議員選舉,第1次賸餘,1120605,支付當選後與其公務有關之費用,文祥威,A12*******,0.00,7000.00,,,,工資或薪津,金錢,台北市文山區****,0975*****,否,,,,,,,
173,陳炳甫,111年臺北市議員選舉,第1次賸餘,1120605,支付當選後與其公務有關之費用,文祥威,A12*******,0.00,7000.00,,,,加班費或值班費,金錢,台北市文山區****,0975*****,否,,,,,,,
174,陳炳甫,111年臺北市議員選舉,第1次賸餘,1120605,支付當選後與其公務有關之費用,李芷琪,A22*******,0.00,5000.00,,,,工資或薪津,金錢,台北市士林區****,0925*****,否,,,,,,,
175,陳炳甫,111年臺北市議員選舉,第1次賸餘,1120605,支付當選後與其公務有關之費用,李芷琪,A22*******,0.00,3000.00,,,,加班費或值班費,金錢,台北市士林區****,0925*****,否,,,,,,,
176,陳炳甫,111年臺北市議員選舉,第1次賸餘,1120605,支付當選後與其公務有關之費用,范嘉玲,D22*******,0.00,6000.00,,,,工資或薪津,金錢,台北市士林區****,0933*****,否,,,,,,,
177,陳炳甫,111年臺北市議員選舉,第1次賸餘,1120605,支付當選後與其公務有關之費用,范嘉玲,D22*******,0.00,500.00,,,,加班費或值班費,金錢,台北市士林區****,0933*****,否,,,,,,,
178,陳炳甫,111年臺北市議員選舉,第1次賸餘,1120605,支付當選後與其公務有關之費用,李萬茂,F12*******,0.00,3700.00,,,,工資或薪津,金錢,新北市五股區****,0912*****,否,,,,,,,
179,陳炳甫,111年臺北市議員選舉,第1次賸餘,1120605,支付當選後與其公務有關之費用,李萬茂,F12*******,0.00,4900.00,,,,加班費或值班費,金錢,新北市五股區****,0912*****,否,,,,,,,
180,陳炳甫,111年臺北市議員選舉,第1次賸餘,1120605,支付當選後與其公務有關之費用,陳仰箴,F22*******,0.00,6000.00,,,,工資或薪津,金錢,台北市大安區****,0920*****,否,,,,,,,
181,陳炳甫,111年臺北市議員選舉,第1次賸餘,1120605,支付當選後與其公務有關之費用,陳仰箴,F22*******,0.00,6500.00,,,,加班費或值班費,金錢,台北市大安區****,0920*****,否,,,,,,,
182,陳炳甫,111年臺北市議員選舉,第1次賸餘,1120605,支付當選後與其公務有關之費用,楊文儀,F22*******,0.00,5533.00,,,,工資或薪津,金錢,新北市蘆洲區****,0955*****,否,,,,,,,
183,陳炳甫,111年臺北市議員選舉,第1次賸餘,1120605,支付當選後與其公務有關之費用,楊文儀,F22*******,0.00,1000.00,,,,加班費或值班費,金錢,新北市蘆洲區****,0955*****,否,,,,,,,
184,陳炳甫,111年臺北市議員選舉,第1次賸餘,1120605,支付當選後與其公務有關之費用,邱顯揚,H12*******,0.00,5000.00,,,,加班費或值班費,金錢,桃園市八德區****,0916*****,否,,,,,,,
185,陳炳甫,111年臺北市議員選舉,第1次賸餘,1120605,支付當選後與其公務有關之費用,邱顯揚,H12*******,0.00,5000.00,,,,工資或薪津,金錢,桃園市八德區****,0916*****,否,,,,,,,
186,陳炳甫,111年臺北市議員選舉,第1次賸餘,1120605,支付當選後與其公務有關之費用,何秀琴,Y22*******,0.00,54500.00,,,,工資或薪津,金錢,台北市北投區****,0928*****,否,,,,,,,
187,陳炳甫,111年臺北市議員選舉,第1次賸餘,1120605,支付當選後與其公務有關之費用,何秀琴,Y22*******,0.00,500.00,,,,加班費或值班費,金錢,台北市北投區****,0928*****,否,,,,,,,
188,陳炳甫,111年臺北市議員選舉,第1次賸餘,1120607,支付當選後與其公務有關之費用,中華郵政雙連郵局,03716893,0.00,1032.00,,,,寄送生日賀卡郵資,金錢,台北市中山區****,2541*****,否,,,,,,,
189,陳炳甫,111年臺北市議員選舉,第1次賸餘,1120608,支付當選後與其公務有關之費用,都訊聯合電訊有限公司,12983195,0.00,2058.00,,,,電話費,金錢,新北市土城區****,2553*****,否,,,,,,,
190,陳炳甫,111年臺北市議員選舉,第1次賸餘,1120627,支付當選後與其公務有關之費用,中華郵政雙連郵局,03716893,0.00,1908.00,,,,寄送生日賀卡郵資,金錢,台北市中山區****,2541*****,否,,,,,,,
191,陳炳甫,111年臺北市議員選舉,第1次賸餘,1120630,支付當選後與其公務有關之費用,華軒文具興業有限公司,86422269,0.00,1260.00,,,,檔案夾,金錢,新北市永和區****,8926*****,否,,,,,,,
192,陳炳甫,111年臺北市議員選舉,第1次賸餘,1120701,支付當選後與其公務有關之費用,台灣連線股份有限公司,24556886,0.00,840.00,,,,LINE費用陳炳甫-炳持初衷,金錢,臺北市內湖區****,8178*****,否,,,,,,,
193,陳炳甫,111年臺北市議員選舉,第1次賸餘,1120705,支付當選後與其公務有關之費用,中央健康保險署,,0.00,3588.00,,,,月份雇主健保費-議會,金錢,臺北市中正區****,2191*****,否,,,,,,,
194,陳炳甫,111年臺北市議員選舉,第1次賸餘,1120705,支付當選後與其公務有關之費用,勞動部勞工保險局,,0.00,13858.00,,,,月份雇主勞保費+-議會,金錢,台北市中正區****,2396*****,否,,,,,,,
195,陳炳甫,111年臺北市議員選舉,第1次賸餘,1120705,支付當選後與其公務有關之費用,勞動部勞工保險局,,0.00,8178.00,,,,月份雇主勞退金-議會,金錢,台北市中正區****,2396*****,否,,,,,,,
196,陳炳甫,111年臺北市議員選舉,第1次賸餘,1120705,支付當選後與其公務有關之費用,中華電信,81691784,0.00,1079.00,,,,電話費,金錢,台北市金山南****,0800*****,否,,,,,,,
197,陳炳甫,111年臺北市議員選舉,第1次賸餘,1120705,支付當選後與其公務有關之費用,文祥威,A12*******,0.00,7000.00,,,,工資或薪津,金錢,台北市文山區****,0975*****,否,,,,,,,
198,陳炳甫,111年臺北市議員選舉,第1次賸餘,1120705,支付當選後與其公務有關之費用,文祥威,A12*******,0.00,5500.00,,,,加班費或值班費,金錢,台北市文山區****,0975*****,否,,,,,,,
199,陳炳甫,111年臺北市議員選舉,第1次賸餘,1120705,支付當選後與其公務有關之費用,李旭昇,A12*******,0.00,37000.00,,,,工資或薪津,金錢,新北市板橋區****,0918*****,否,,,,,,,
200,陳炳甫,111年臺北市議員選舉,第1次賸餘,1120705,支付當選後與其公務有關之費用,李旭昇,A12*******,0.00,8500.00,,,,加班費或值班費,金錢,新北市板橋區****,0918*****,否,,,,,,,
201,陳炳甫,111年臺北市議員選舉,第1次賸餘,1120705,支付當選後與其公務有關之費用,李芷琪,A22*******,0.00,5000.00,,,,工資或薪津,金錢,台北市士林區****,0925*****,否,,,,,,,
202,陳炳甫,111年臺北市議員選舉,第1次賸餘,1120705,支付當選後與其公務有關之費用,李芷琪,A22*******,0.00,2500.00,,,,加班費或值班費,金錢,台北市士林區****,0925*****,否,,,,,,,
203,陳炳甫,111年臺北市議員選舉,第1次賸餘,1120705,支付當選後與其公務有關之費用,范嘉玲,D22*******,0.00,5463.00,,,,工資或薪津,金錢,台北市士林區****,0933*****,否,,,,,,,
204,陳炳甫,111年臺北市議員選舉,第1次賸餘,1120705,支付當選後與其公務有關之費用,李萬茂,F12*******,0.00,4350.00,,,,工資或薪津,金錢,新北市五股區****,0912*****,否,,,,,,,
205,陳炳甫,111年臺北市議員選舉,第1次賸餘,1120705,支付當選後與其公務有關之費用,李萬茂,F12*******,0.00,4200.00,,,,加班費或值班費,金錢,新北市五股區****,0912*****,否,,,,,,,
206,陳炳甫,111年臺北市議員選舉,第1次賸餘,1120705,支付當選後與其公務有關之費用,楊文儀,F22*******,0.00,7000.00,,,,工資或薪津,金錢,新北市蘆洲區****,0955*****,否,,,,,,,
207,陳炳甫,111年臺北市議員選舉,第1次賸餘,1120705,支付當選後與其公務有關之費用,楊文儀,F22*******,0.00,500.00,,,,加班費或值班費,金錢,新北市蘆洲區****,0955*****,否,,,,,,,
208,陳炳甫,111年臺北市議員選舉,第1次賸餘,1120705,支付當選後與其公務有關之費用,陳仰箴,F22*******,0.00,533.00,,,,工資或薪津,金錢,台北市大安區****,0920*****,否,,,,,,,
209,陳炳甫,111年臺北市議員選舉,第1次賸餘,1120705,支付當選後與其公務有關之費用,陳仰箴,F22*******,0.00,6000.00,,,,加班費或值班費,金錢,台北市大安區****,0920*****,否,,,,,,,
210,陳炳甫,111年臺北市議員選舉,第1次賸餘,1120705,支付當選後與其公務有關之費用,邱顯揚,H12*******,0.00,5000.00,,,,工資或薪津,金錢,桃園市八德區****,0916*****,否,,,,,,,
211,陳炳甫,111年臺北市議員選舉,第1次賸餘,1120705,支付當選後與其公務有關之費用,邱顯揚,H12*******,0.00,8500.00,,,,加班費或值班費,金錢,桃園市八德區****,0916*****,否,,,,,,,
212,陳炳甫,111年臺北市議員選舉,第1次賸餘,1120705,支付當選後與其公務有關之費用,何秀琴,Y22*******,0.00,54500.00,,,,工資或薪津,金錢,台北市北投區****,0928*****,否,,,,,,,
213,陳炳甫,111年臺北市議員選舉,第1次賸餘,1120707,支付當選後與其公務有關之費用,遠傳電信股份有限公司,97179430,0.00,798.00,,,,電話費,金錢,台北市敦化南****,4495*****,否,,,,,,,
214,陳炳甫,111年臺北市議員選舉,第1次賸餘,1120710,支付當選後與其公務有關之費用,台灣連線股份有限公司,24556886,0.00,1540.00,,,,LINE費用陳炳甫-炳持初衷,金錢,臺北市內湖區****,8178*****,否,,,,,,,
215,陳炳甫,111年臺北市議員選舉,第1次賸餘,1120710,支付當選後與其公務有關之費用,台灣連線股份有限公司,24556886,0.00,1922.00,,,,LINE費用陳炳甫-炳持初衷,金錢,臺北市內湖區****,8178*****,否,,,,,,,
216,陳炳甫,111年臺北市議員選舉,第1次賸餘,1120711,支付當選後與其公務有關之費用,中華郵政雙連郵局,03716893,0.00,1332.00,,,,寄送生日賀卡郵資,金錢,台北市中山區****,2541*****,否,,,,,,,
217,陳炳甫,111年臺北市議員選舉,第1次賸餘,1120711,支付當選後與其公務有關之費用,都訊聯合電訊有限公司,12983195,0.00,1953.00,,,,電話費,金錢,新北市土城區****,2553*****,否,,,,,,,
218,陳炳甫,111年臺北市議員選舉,第1次賸餘,1120724,支付當選後與其公務有關之費用,中華郵政大同郵局,03717160,0.00,43.00,,,,郵資,金錢,台北市大同區****,2594*****,否,,,,,,,
219,陳炳甫,111年臺北市議員選舉,第1次賸餘,1120725,支付當選後與其公務有關之費用,中華郵政雙連郵局,03716893,0.00,1368.00,,,,寄送生日賀卡郵資,金錢,台北市中山區****,2541*****,否,,,,,,,
220,陳炳甫,111年臺北市議員選舉,第1次賸餘,1120726,支付當選後與其公務有關之費用,台灣電力公司,03765704,0.00,12656.00,,,,服務處電費,金錢,臺北市大安區****,1911*****,否,,,,,,,
221,陳炳甫,111年臺北市議員選舉,第1次賸餘,1120726,支付當選後與其公務有關之費用,台北自來水事業處,03774909,0.00,368.00,,,,服務處水費,金錢,臺北市中山區****,8733*****,否,,,,,,,
222,陳炳甫,111年臺北市議員選舉,第1次賸餘,1120728,支付當選後與其公務有關之費用,中華郵政雙連郵局,03716893,0.00,28.00,,,,郵資,金錢,台北市中山區****,2541*****,否,,,,,,,
223,陳炳甫,111年臺北市議員選舉,第1次賸餘,1120728,支付當選後與其公務有關之費用,中華郵政大同郵局,03717160,0.00,6.00,,,,退件郵資,金錢,台北市大同區****,2594*****,否,,,,,,,
224,陳炳甫,111年臺北市議員選舉,第1次賸餘,1120801,支付當選後與其公務有關之費用,台灣連線股份有限公司,24556886,0.00,840.00,,,,LINE費用陳炳甫-炳持初衷,金錢,臺北市內湖區****,8178*****,否,,,,,,,
225,陳炳甫,111年臺北市議員選舉,第1次賸餘,1120807,支付當選後與其公務有關之費用,中央健康保險署,,0.00,3588.00,,,,月份雇主健保費-議會,金錢,臺北市中正區****,2191*****,否,,,,,,,
226,陳炳甫,111年臺北市議員選舉,第1次賸餘,1120807,支付當選後與其公務有關之費用,勞動部勞工保險局,,0.00,13858.00,,,,月份雇主勞保費+-議會,金錢,台北市中正區****,2396*****,否,,,,,,,
227,陳炳甫,111年臺北市議員選舉,第1次賸餘,1120807,支付當選後與其公務有關之費用,勞動部勞工保險局,,0.00,8178.00,,,,月份雇主勞退金-議會,金錢,台北市中正區****,2396*****,否,,,,,,,
228,陳炳甫,111年臺北市議員選舉,第1次賸餘,1120807,支付當選後與其公務有關之費用,中華電信,81691784,0.00,1087.00,,,,電話費,金錢,台北市金山南****,0800*****,否,,,,,,,
229,陳炳甫,111年臺北市議員選舉,第1次賸餘,1120807,支付當選後與其公務有關之費用,文祥威,A12*******,0.00,7000.00,,,,工資或薪津,金錢,台北市文山區****,0975*****,否,,,,,,,
230,陳炳甫,111年臺北市議員選舉,第1次賸餘,1120807,支付當選後與其公務有關之費用,文祥威,A12*******,0.00,4000.00,,,,加班費或值班費,金錢,台北市文山區****,0975*****,否,,,,,,,
231,陳炳甫,111年臺北市議員選舉,第1次賸餘,1120807,支付當選後與其公務有關之費用,李旭昇,A12*******,0.00,37000.00,,,,工資或薪津,金錢,新北市板橋區****,0918*****,否,,,,,,,
232,陳炳甫,111年臺北市議員選舉,第1次賸餘,1120807,支付當選後與其公務有關之費用,李旭昇,A12*******,0.00,11500.00,,,,加班費或值班費,金錢,新北市板橋區****,0918*****,否,,,,,,,
233,陳炳甫,111年臺北市議員選舉,第1次賸餘,1120807,支付當選後與其公務有關之費用,李芷琪,A22*******,0.00,5000.00,,,,工資或薪津,金錢,台北市士林區****,0925*****,否,,,,,,,
234,陳炳甫,111年臺北市議員選舉,第1次賸餘,1120807,支付當選後與其公務有關之費用,李芷琪,A22*******,0.00,1500.00,,,,加班費或值班費,金錢,台北市士林區****,0925*****,否,,,,,,,
235,陳炳甫,111年臺北市議員選舉,第1次賸餘,1120807,支付當選後與其公務有關之費用,金韋廷,A23*******,0.00,13500.00,,,,工資或薪津,金錢,台北市中山區****,0961*****,否,,,,,,,
236,陳炳甫,111年臺北市議員選舉,第1次賸餘,1120807,支付當選後與其公務有關之費用,李萬茂,F12*******,0.00,5000.00,,,,工資或薪津,金錢,新北市五股區****,0912*****,否,,,,,,,
237,陳炳甫,111年臺北市議員選舉,第1次賸餘,1120807,支付當選後與其公務有關之費用,李萬茂,F12*******,0.00,4900.00,,,,加班費或值班費,金錢,新北市五股區****,0912*****,否,,,,,,,
238,陳炳甫,111年臺北市議員選舉,第1次賸餘,1120807,支付當選後與其公務有關之費用,陳仰箴,F22*******,0.00,6000.00,,,,工資或薪津,金錢,台北市大安區****,0920*****,否,,,,,,,
239,陳炳甫,111年臺北市議員選舉,第1次賸餘,1120807,支付當選後與其公務有關之費用,陳仰箴,F22*******,0.00,7500.00,,,,加班費或值班費,金錢,台北市大安區****,0920*****,否,,,,,,,
240,陳炳甫,111年臺北市議員選舉,第1次賸餘,1120807,支付當選後與其公務有關之費用,楊文儀,F22*******,0.00,7000.00,,,,工資或薪津,金錢,新北市蘆洲區****,0955*****,否,,,,,,,
241,陳炳甫,111年臺北市議員選舉,第1次賸餘,1120807,支付當選後與其公務有關之費用,楊文儀,F22*******,0.00,500.00,,,,加班費或值班費,金錢,新北市蘆洲區****,0955*****,否,,,,,,,
242,陳炳甫,111年臺北市議員選舉,第1次賸餘,1120807,支付當選後與其公務有關之費用,邱顯揚,H12*******,0.00,5000.00,,,,工資或薪津,金錢,桃園市八德區****,0916*****,否,,,,,,,
243,陳炳甫,111年臺北市議員選舉,第1次賸餘,1120807,支付當選後與其公務有關之費用,邱顯揚,H12*******,0.00,6000.00,,,,加班費或值班費,金錢,桃園市八德區****,0916*****,否,,,,,,,
244,陳炳甫,111年臺北市議員選舉,第1次賸餘,1120807,支付當選後與其公務有關之費用,何秀琴,Y22*******,0.00,54500.00,,,,工資或薪津,金錢,台北市北投區****,0928*****,否,,,,,,,
245,陳炳甫,111年臺北市議員選舉,第1次賸餘,1120808,支付當選後與其公務有關之費用,中華郵政大同郵局,03717160,0.00,1976.00,,,,寄送生日賀卡郵資,金錢,台北市大同區****,2594*****,否,,,,,,,
246,陳炳甫,111年臺北市議員選舉,第1次賸餘,1120810,支付當選後與其公務有關之費用,都訊聯合電訊有限公司,12983195,0.00,1357.00,,,,電話費,金錢,新北市土城區****,2553*****,否,,,,,,,
247,陳炳甫,111年臺北市議員選舉,第1次賸餘,1120810,支付當選後與其公務有關之費用,台灣連線股份有限公司,24556886,0.00,747.00,,,,LINE費用陳炳甫-炳持初衷,金錢,臺北市內湖區****,8178*****,否,,,,,,,
248,陳炳甫,111年臺北市議員選舉,第1次賸餘,1120811,支付當選後與其公務有關之費用,台灣產物保險股份有限公司,03557115,0.00,7500.00,,,,動物健檢活動保險費//  /  / //,金錢,臺北市中正區****,0809*****,否,,,,,,,
249,陳炳甫,111年臺北市議員選舉,第1次賸餘,1120813,支付當選後與其公務有關之費用,洪揚,A12*******,0.00,2500.00,,,,健檢活動-健檢醫師費,金錢,台北市大同區****,0953*****,否,,,,,,,
250,陳炳甫,111年臺北市議員選舉,第1次賸餘,1120813,支付當選後與其公務有關之費用,賴曉諭,F22*******,0.00,2500.00,,,,健檢活動-健檢醫師費,金錢,新北市板橋市****,0913*****,否,,,,,,,
251,陳炳甫,111年臺北市議員選舉,第1次賸餘,1120817,支付當選後與其公務有關之費用,凍未條雞肉飯,25661610,0.00,500.00,,,,餐飲費用,金錢,台北市中山區****,2571*****,否,,,,,,,
252,陳炳甫,111年臺北市議員選舉,第1次賸餘,1120818,支付當選後與其公務有關之費用,中華郵政民權郵局,04122526,0.00,1590.00,,,,寄送生日賀卡郵資,金錢,臺北市中山區****,2571*****,否,,,,,,,
253,陳炳甫,111年臺北市議員選舉,第1次賸餘,1120818,支付當選後與其公務有關之費用,一零四資訊科技股份有限公司,84598349,0.00,8400.00,,,,網路徵才人事廣告費,金錢,新北市新店區****,2912*****,否,,,,,,,
254,陳炳甫,111年臺北市議員選舉,第1次賸餘,1120824,支付當選後與其公務有關之費用,冠驊工作坊,88300116,0.00,200.00,,,,制服縫車標費用,金錢,台北市大同區****,2556*****,否,,,,,,,
255,陳炳甫,111年臺北市議員選舉,第1次賸餘,1120901,支付當選後與其公務有關之費用,台灣連線股份有限公司,24556886,0.00,840.00,,,,LINE費用陳炳甫-炳持初衷,金錢,臺北市內湖區****,8178*****,否,,,,,,,
256,陳炳甫,111年臺北市議員選舉,第1次賸餘,1120901,支付當選後與其公務有關之費用,遠傳電信股份有限公司,97179430,0.00,3234.00,,,,電話費,金錢,台北市敦化南****,4495*****,否,,,,,,,
257,陳炳甫,111年臺北市議員選舉,第1次賸餘,1120904,支付當選後與其公務有關之費用,中央健康保險署,,0.00,3588.00,,,,月份雇主健保費-議會,金錢,臺北市中正區****,2191*****,否,,,,,,,
258,陳炳甫,111年臺北市議員選舉,第1次賸餘,1120904,支付當選後與其公務有關之費用,勞動部勞工保險局,,0.00,14587.00,,,,月份雇主勞保費+-議會,金錢,台北市中正區****,2396*****,否,,,,,,,
259,陳炳甫,111年臺北市議員選舉,第1次賸餘,1120904,支付當選後與其公務有關之費用,勞動部勞工保險局,,0.00,8685.00,,,,月份雇主勞退金-議會,金錢,台北市中正區****,2396*****,否,,,,,,,
260,陳炳甫,111年臺北市議員選舉,第1次賸餘,1120905,支付當選後與其公務有關之費用,中華電信,81691784,0.00,998.00,,,,電話費,金錢,台北市金山南****,0800*****,否,,,,,,,
261,陳炳甫,111年臺北市議員選舉,第1次賸餘,1120905,支付當選後與其公務有關之費用,文祥威,A12*******,0.00,7000.00,,,,工資或薪津,金錢,台北市文山區****,0975*****,否,,,,,,,
262,陳炳甫,111年臺北市議員選舉,第1次賸餘,1120905,支付當選後與其公務有關之費用,文祥威,A12*******,0.00,7000.00,,,,加班費或值班費,金錢,台北市文山區****,0975*****,否,,,,,,,
263,陳炳甫,111年臺北市議員選舉,第1次賸餘,1120905,支付當選後與其公務有關之費用,李旭昇,A12*******,0.00,37000.00,,,,工資或薪津,金錢,新北市板橋區****,0918*****,否,,,,,,,
264,陳炳甫,111年臺北市議員選舉,第1次賸餘,1120905,支付當選後與其公務有關之費用,李旭昇,A12*******,0.00,7500.00,,,,加班費或值班費,金錢,新北市板橋區****,0918*****,否,,,,,,,
265,陳炳甫,111年臺北市議員選舉,第1次賸餘,1120905,支付當選後與其公務有關之費用,李芷琪,A22*******,0.00,5000.00,,,,工資或薪津,金錢,台北市士林區****,0925*****,否,,,,,,,
266,陳炳甫,111年臺北市議員選舉,第1次賸餘,1120905,支付當選後與其公務有關之費用,李芷琪,A22*******,0.00,3000.00,,,,加班費或值班費,金錢,台北市士林區****,0925*****,否,,,,,,,
267,陳炳甫,111年臺北市議員選舉,第1次賸餘,1120905,支付當選後與其公務有關之費用,范嘉玲,D22*******,0.00,867.00,,,,加班費或值班費,金錢,台北市士林區****,0933*****,否,,,,,,,
268,陳炳甫,111年臺北市議員選舉,第1次賸餘,1120905,支付當選後與其公務有關之費用,李萬茂,F12*******,0.00,3700.00,,,,工資或薪津,金錢,新北市五股區****,0912*****,否,,,,,,,
269,陳炳甫,111年臺北市議員選舉,第1次賸餘,1120905,支付當選後與其公務有關之費用,李萬茂,F12*******,0.00,5600.00,,,,加班費或值班費,金錢,新北市五股區****,0912*****,否,,,,,,,
270,陳炳甫,111年臺北市議員選舉,第1次賸餘,1120905,支付當選後與其公務有關之費用,陳仰箴,F22*******,0.00,6000.00,,,,工資或薪津,金錢,台北市大安區****,0920*****,否,,,,,,,
271,陳炳甫,111年臺北市議員選舉,第1次賸餘,1120905,支付當選後與其公務有關之費用,陳仰箴,F22*******,0.00,6000.00,,,,加班費或值班費,金錢,台北市大安區****,0920*****,否,,,,,,,
272,陳炳甫,111年臺北市議員選舉,第1次賸餘,1120905,支付當選後與其公務有關之費用,楊文儀,F22*******,0.00,6267.00,,,,工資或薪津,金錢,新北市蘆洲區****,0955*****,否,,,,,,,
273,陳炳甫,111年臺北市議員選舉,第1次賸餘,1120905,支付當選後與其公務有關之費用,楊文儀,F22*******,0.00,1000.00,,,,加班費或值班費,金錢,新北市蘆洲區****,0955*****,否,,,,,,,
274,陳炳甫,111年臺北市議員選舉,第1次賸餘,1120905,支付當選後與其公務有關之費用,邱顯揚,H12*******,0.00,5000.00,,,,工資或薪津,金錢,桃園市八德區****,0916*****,否,,,,,,,
275,陳炳甫,111年臺北市議員選舉,第1次賸餘,1120905,支付當選後與其公務有關之費用,邱顯揚,H12*******,0.00,7000.00,,,,加班費或值班費,金錢,桃園市八德區****,0916*****,否,,,,,,,
276,陳炳甫,111年臺北市議員選舉,第1次賸餘,1120905,支付當選後與其公務有關之費用,何秀琴,Y22*******,0.00,54500.00,,,,工資或薪津,金錢,台北市北投區****,0928*****,否,,,,,,,
277,陳炳甫,111年臺北市議員選舉,第1次賸餘,1120905,支付當選後與其公務有關之費用,何秀琴,Y22*******,0.00,500.00,,,,加班費或值班費,金錢,台北市北投區****,0928*****,否,,,,,,,
278,陳炳甫,111年臺北市議員選舉,第1次賸餘,1120906,支付當選後與其公務有關之費用,中華郵政雙連郵局,03716893,0.00,1380.00,,,,寄送生日賀卡郵資,金錢,台北市中山區****,2541*****,否,,,,,,,
279,陳炳甫,111年臺北市議員選舉,第1次賸餘,1120911,支付當選後與其公務有關之費用,都訊聯合電訊有限公司,12983195,0.00,1656.00,,,,電話費,金錢,新北市土城區****,2553*****,否,,,,,,,
280,陳炳甫,111年臺北市議員選舉,第1次賸餘,1120912,支付當選後與其公務有關之費用,台灣連線股份有限公司,24556886,0.00,420.00,,,,LINE費用陳炳甫-炳持初衷,金錢,臺北市內湖區****,8178*****,否,,,,,,,
281,陳炳甫,111年臺北市議員選舉,第1次賸餘,1120919,支付當選後與其公務有關之費用,中華郵政雙連郵局,03716893,0.00,1440.00,,,,寄送生日賀卡郵資,金錢,台北市中山區****,2541*****,否,,,,,,,
282,陳炳甫,111年臺北市議員選舉,第1次賸餘,1120925,支付當選後與其公務有關之費用,台灣電力公司,03765704,0.00,17250.00,,,,服務處電費,金錢,臺北市大安區****,1911*****,否,,,,,,,
283,陳炳甫,111年臺北市議員選舉,第1次賸餘,1120925,支付當選後與其公務有關之費用,台北自來水事業處,03774909,0.00,389.00,,,,服務處水費,金錢,臺北市中山區****,8733*****,否,,,,,,,
284,陳炳甫,111年臺北市議員選舉,第1次賸餘,1120926,支付當選後與其公務有關之費用,永立汽車百貨,,0.00,245.00,,,,TDP計程車費,金錢,,2759*****,否,,,,,,,
285,陳炳甫,111年臺北市議員選舉,第1次賸餘,1121001,支付當選後與其公務有關之費用,台灣連線股份有限公司,24556886,0.00,1260.00,,,,LINE費用陳炳甫-炳持初衷,金錢,臺北市內湖區****,8178*****,否,,,,,,,
286,陳炳甫,111年臺北市議員選舉,第1次賸餘,1121005,支付當選後與其公務有關之費用,中華電信,81691784,0.00,1050.00,,,,電話費,金錢,台北市金山南****,0800*****,否,,,,,,,
287,陳炳甫,111年臺北市議員選舉,第1次賸餘,1121005,支付當選後與其公務有關之費用,文祥威,A12*******,0.00,7000.00,,,,工資或薪津,金錢,台北市文山區****,0975*****,否,,,,,,,
288,陳炳甫,111年臺北市議員選舉,第1次賸餘,1121005,支付當選後與其公務有關之費用,文祥威,A12*******,0.00,8000.00,,,,加班費或值班費,金錢,台北市文山區****,0975*****,否,,,,,,,
289,陳炳甫,111年臺北市議員選舉,第1次賸餘,1121005,支付當選後與其公務有關之費用,李旭昇,A12*******,0.00,37000.00,,,,工資或薪津,金錢,新北市板橋區****,0918*****,否,,,,,,,
290,陳炳甫,111年臺北市議員選舉,第1次賸餘,1121005,支付當選後與其公務有關之費用,李旭昇,A12*******,0.00,9500.00,,,,加班費或值班費,金錢,新北市板橋區****,0918*****,否,,,,,,,
291,陳炳甫,111年臺北市議員選舉,第1次賸餘,1121005,支付當選後與其公務有關之費用,李芷琪,A22*******,0.00,5000.00,,,,工資或薪津,金錢,台北市士林區****,0925*****,否,,,,,,,
292,陳炳甫,111年臺北市議員選舉,第1次賸餘,1121005,支付當選後與其公務有關之費用,李芷琪,A22*******,0.00,3000.00,,,,加班費或值班費,金錢,台北市士林區****,0925*****,否,,,,,,,
293,陳炳甫,111年臺北市議員選舉,第1次賸餘,1121005,支付當選後與其公務有關之費用,范嘉玲,D22*******,0.00,5133.00,,,,工資或薪津,金錢,台北市士林區****,0933*****,否,,,,,,,
294,陳炳甫,111年臺北市議員選舉,第1次賸餘,1121005,支付當選後與其公務有關之費用,范嘉玲,D22*******,0.00,500.00,,,,加班費或值班費,金錢,台北市士林區****,0933*****,否,,,,,,,
295,陳炳甫,111年臺北市議員選舉,第1次賸餘,1121005,支付當選後與其公務有關之費用,李萬茂,F12*******,0.00,3700.00,,,,工資或薪津,金錢,新北市五股區****,0912*****,否,,,,,,,
296,陳炳甫,111年臺北市議員選舉,第1次賸餘,1121005,支付當選後與其公務有關之費用,李萬茂,F12*******,0.00,6300.00,,,,加班費或值班費,金錢,新北市五股區****,0912*****,否,,,,,,,
297,陳炳甫,111年臺北市議員選舉,第1次賸餘,1121005,支付當選後與其公務有關之費用,楊文儀,F22*******,0.00,7000.00,,,,工資或薪津,金錢,新北市蘆洲區****,0955*****,否,,,,,,,
298,陳炳甫,111年臺北市議員選舉,第1次賸餘,1121005,支付當選後與其公務有關之費用,楊文儀,F22*******,0.00,1500.00,,,,加班費或值班費,金錢,新北市蘆洲區****,0955*****,否,,,,,,,
299,陳炳甫,111年臺北市議員選舉,第1次賸餘,1121005,支付當選後與其公務有關之費用,陳仰箴,F22*******,0.00,6000.00,,,,工資或薪津,金錢,台北市大安區****,0920*****,否,,,,,,,
300,陳炳甫,111年臺北市議員選舉,第1次賸餘,1121005,支付當選後與其公務有關之費用,陳仰箴,F22*******,0.00,4500.00,,,,加班費或值班費,金錢,台北市大安區****,0920*****,否,,,,,,,
301,陳炳甫,111年臺北市議員選舉,第1次賸餘,1121005,支付當選後與其公務有關之費用,邱顯揚,H12*******,0.00,1150.00,,,,工資或薪津,金錢,桃園市八德區****,0916*****,否,,,,,,,
302,陳炳甫,111年臺北市議員選舉,第1次賸餘,1121005,支付當選後與其公務有關之費用,邱顯揚,H12*******,0.00,8000.00,,,,加班費或值班費,金錢,桃園市八德區****,0916*****,否,,,,,,,
303,陳炳甫,111年臺北市議員選舉,第1次賸餘,1121005,支付當選後與其公務有關之費用,何秀琴,Y22*******,0.00,54500.00,,,,工資或薪津,金錢,台北市北投區****,0928*****,否,,,,,,,
304,陳炳甫,111年臺北市議員選舉,第1次賸餘,1121006,支付當選後與其公務有關之費用,中央健康保險署,,0.00,3588.00,,,,月份雇主健保費-議會,金錢,臺北市中正區****,2191*****,否,,,,,,,
305,陳炳甫,111年臺北市議員選舉,第1次賸餘,1121006,支付當選後與其公務有關之費用,勞動部勞工保險局,,0.00,13858.00,,,,月份雇主勞保費+-議會,金錢,台北市中正區****,2396*****,否,,,,,,,
306,陳炳甫,111年臺北市議員選舉,第1次賸餘,1121006,支付當選後與其公務有關之費用,勞動部勞工保險局,,0.00,8178.00,,,,月份雇主勞退金-議會,金錢,台北市中正區****,2396*****,否,,,,,,,
307,陳炳甫,111年臺北市議員選舉,第1次賸餘,1121006,支付當選後與其公務有關之費用,中華郵政雙連郵局,03716893,0.00,1530.00,,,,寄送生日賀卡郵資,金錢,台北市中山區****,2541*****,否,,,,,,,
308,陳炳甫,111年臺北市議員選舉,第1次賸餘,1121009,支付當選後與其公務有關之費用,台灣連線股份有限公司,24556886,0.00,840.00,,,,LINE費用陳炳甫-炳持初衷,金錢,臺北市內湖區****,8178*****,否,,,,,,,
309,陳炳甫,111年臺北市議員選舉,第1次賸餘,1121010,支付當選後與其公務有關之費用,台灣連線股份有限公司,24556886,0.00,1140.00,,,,LINE費用陳炳甫-炳持初衷,金錢,臺北市內湖區****,8178*****,否,,,,,,,
310,陳炳甫,111年臺北市議員選舉,第1次賸餘,1121012,支付當選後與其公務有關之費用,宏羚股份有限公司,04822794,0.00,1166.00,,,,影印紙,金錢,新北市五股區****,2299*****,否,,,,,,,
311,陳炳甫,111年臺北市議員選舉,第1次賸餘,1121012,支付當選後與其公務有關之費用,都訊聯合電訊有限公司,12983195,0.00,1302.00,,,,電話費,金錢,新北市土城區****,2553*****,否,,,,,,,
312,陳炳甫,111年臺北市議員選舉,第1次賸餘,1121019,支付當選後與其公務有關之費用,良羑有限公司,12946690,0.00,53550.00,,,,不織布提袋個*.,金錢,新北市深坑區****,2662*****,否,,,,,,,
313,陳炳甫,111年臺北市議員選舉,第1次賸餘,1121027,支付當選後與其公務有關之費用,中華郵政雙連郵局,03716893,0.00,1860.00,,,,寄送生日賀卡郵資,金錢,台北市中山區****,2541*****,否,,,,,,,
314,陳炳甫,111年臺北市議員選舉,第1次賸餘,1121101,支付當選後與其公務有關之費用,台灣連線股份有限公司,24556886,0.00,1260.00,,,,LINE費用陳炳甫-炳持初衷,金錢,臺北市內湖區****,8178*****,否,,,,,,,
315,陳炳甫,111年臺北市議員選舉,第1次賸餘,1121103,支付當選後與其公務有關之費用,遠傳電信股份有限公司,97179430,0.00,798.00,,,,電話費,金錢,台北市敦化南****,4495*****,否,,,,,,,
316,陳炳甫,111年臺北市議員選舉,第1次賸餘,1121106,支付當選後與其公務有關之費用,中央健康保險署,,0.00,3588.00,,,,月份雇主健保費-議會,金錢,臺北市中正區****,2191*****,否,,,,,,,
317,陳炳甫,111年臺北市議員選舉,第1次賸餘,1121106,支付當選後與其公務有關之費用,勞動部勞工保險局,,0.00,13858.00,,,,月份雇主勞保費+-議會,金錢,台北市中正區****,2396*****,否,,,,,,,
318,陳炳甫,111年臺北市議員選舉,第1次賸餘,1121106,支付當選後與其公務有關之費用,勞動部勞工保險局,,0.00,8178.00,,,,月份雇主勞退金-議會,金錢,台北市中正區****,2396*****,否,,,,,,,
319,陳炳甫,111年臺北市議員選舉,第1次賸餘,1121106,支付當選後與其公務有關之費用,中華電信,81691784,0.00,1028.00,,,,電話費,金錢,台北市金山南****,0800*****,否,,,,,,,
320,陳炳甫,111年臺北市議員選舉,第1次賸餘,1121106,支付當選後與其公務有關之費用,李旭昇,A12*******,0.00,37000.00,,,,工資或薪津,金錢,新北市板橋區****,0918*****,否,,,,,,,
321,陳炳甫,111年臺北市議員選舉,第1次賸餘,1121106,支付當選後與其公務有關之費用,李旭昇,A12*******,0.00,9500.00,,,,加班費或值班費,金錢,新北市板橋區****,0918*****,否,,,,,,,
322,陳炳甫,111年臺北市議員選舉,第1次賸餘,1121106,支付當選後與其公務有關之費用,文祥威,A12*******,0.00,7000.00,,,,工資或薪津,金錢,台北市文山區****,0975*****,否,,,,,,,
323,陳炳甫,111年臺北市議員選舉,第1次賸餘,1121106,支付當選後與其公務有關之費用,文祥威,A12*******,0.00,5000.00,,,,加班費或值班費,金錢,台北市文山區****,0975*****,否,,,,,,,
324,陳炳甫,111年臺北市議員選舉,第1次賸餘,1121106,支付當選後與其公務有關之費用,李芷琪,A22*******,0.00,5000.00,,,,工資或薪津,金錢,台北市士林區****,0925*****,否,,,,,,,
325,陳炳甫,111年臺北市議員選舉,第1次賸餘,1121106,支付當選後與其公務有關之費用,李芷琪,A22*******,0.00,3000.00,,,,加班費或值班費,金錢,台北市士林區****,0925*****,否,,,,,,,
326,陳炳甫,111年臺北市議員選舉,第1次賸餘,1121106,支付當選後與其公務有關之費用,范嘉玲,D22*******,0.00,6000.00,,,,工資或薪津,金錢,台北市士林區****,0933*****,否,,,,,,,
327,陳炳甫,111年臺北市議員選舉,第1次賸餘,1121106,支付當選後與其公務有關之費用,范嘉玲,D22*******,0.00,1000.00,,,,加班費或值班費,金錢,台北市士林區****,0933*****,否,,,,,,,
328,陳炳甫,111年臺北市議員選舉,第1次賸餘,1121106,支付當選後與其公務有關之費用,李萬茂,F12*******,0.00,4350.00,,,,工資或薪津,金錢,新北市五股區****,0912*****,否,,,,,,,
329,陳炳甫,111年臺北市議員選舉,第1次賸餘,1121106,支付當選後與其公務有關之費用,李萬茂,F12*******,0.00,6300.00,,,,加班費或值班費,金錢,新北市五股區****,0912*****,否,,,,,,,
330,陳炳甫,111年臺北市議員選舉,第1次賸餘,1121106,支付當選後與其公務有關之費用,楊文儀,F22*******,0.00,7000.00,,,,工資或薪津,金錢,新北市蘆洲區****,0955*****,否,,,,,,,
331,陳炳甫,111年臺北市議員選舉,第1次賸餘,1121106,支付當選後與其公務有關之費用,楊文儀,F22*******,0.00,1000.00,,,,加班費或值班費,金錢,新北市蘆洲區****,0955*****,否,,,,,,,
332,陳炳甫,111年臺北市議員選舉,第1次賸餘,1121106,支付當選後與其公務有關之費用,陳仰箴,F22*******,0.00,6000.00,,,,工資或薪津,金錢,台北市大安區****,0920*****,否,,,,,,,
333,陳炳甫,111年臺北市議員選舉,第1次賸餘,1121106,支付當選後與其公務有關之費用,陳仰箴,F22*******,0.00,7000.00,,,,加班費或值班費,金錢,台北市大安區****,0920*****,否,,,,,,,
334,陳炳甫,111年臺北市議員選舉,第1次賸餘,1121106,支付當選後與其公務有關之費用,邱顯揚,H12*******,0.00,5000.00,,,,工資或薪津,金錢,桃園市八德區****,0916*****,否,,,,,,,
335,陳炳甫,111年臺北市議員選舉,第1次賸餘,1121106,支付當選後與其公務有關之費用,邱顯揚,H12*******,0.00,7000.00,,,,加班費或值班費,金錢,桃園市八德區****,0916*****,否,,,,,,,
336,陳炳甫,111年臺北市議員選舉,第1次賸餘,1121106,支付當選後與其公務有關之費用,何秀琴,Y22*******,0.00,54500.00,,,,工資或薪津,金錢,台北市北投區****,0928*****,否,,,,,,,
337,陳炳甫,111年臺北市議員選舉,第1次賸餘,1121107,支付當選後與其公務有關之費用,華軒文具興業有限公司,86422269,0.00,1512.00,,,,文具夾,金錢,新北市永和區****,8926*****,否,,,,,,,
338,陳炳甫,111年臺北市議員選舉,第1次賸餘,1121109,支付當選後與其公務有關之費用,都訊聯合電訊有限公司,12983195,0.00,1288.00,,,,電話費,金錢,新北市土城區****,2553*****,否,,,,,,,
339,陳炳甫,111年臺北市議員選舉,第1次賸餘,1121110,支付當選後與其公務有關之費用,中華郵政民權郵局,04122526,0.00,1692.00,,,,寄送生日賀卡郵資,金錢,臺北市中山區****,,否,,,,,,,
340,陳炳甫,111年臺北市議員選舉,第1次賸餘,1121117,支付當選後與其公務有關之費用,一零四資訊科技股份有限公司,84598349,0.00,8400.00,,,,網路徵才人事廣告費,金錢,新北市新店區****,2912*****,否,,,,,,,
341,陳炳甫,111年臺北市議員選舉,第1次賸餘,1121120,支付當選後與其公務有關之費用,中華郵政雙連郵局,03716893,0.00,1788.00,,,,寄送生日賀卡郵資,金錢,台北市中山區****,2541*****,否,,,,,,,
342,陳炳甫,111年臺北市議員選舉,第1次賸餘,1121121,支付當選後與其公務有關之費用,欣昶科技有限公司,54849360,0.00,3833.00,,,,電信配置工程費,金錢,新北市蘆洲區****,2289*****,否,,,,,,,
343,陳炳甫,111年臺北市議員選舉,第1次賸餘,1121123,支付當選後與其公務有關之費用,網路家庭國際資訊股份有限公司,16606102,0.00,999.00,,,,桌上型記憶體,金錢,台北市敦化南****,2704*****,否,,,,,,,
344,陳炳甫,111年臺北市議員選舉,第1次賸餘,1121124,支付當選後與其公務有關之費用,台灣電力公司,03765704,0.00,13051.00,,,,服務處電費,金錢,臺北市大安區****,1911*****,否,,,,,,,
345,陳炳甫,111年臺北市議員選舉,第1次賸餘,1121124,支付當選後與其公務有關之費用,台北自來水事業處,03774909,0.00,389.00,,,,服務處水費,金錢,臺北市中山區****,8733*****,否,,,,,,,
346,陳炳甫,111年臺北市議員選舉,第1次賸餘,1121124,支付當選後與其公務有關之費用,東新輪胎行,04449430,0.00,200.00,,,,議員用車補車胎,金錢,台北市太原路****,2556*****,否,,,,,,,
347,陳炳甫,111年臺北市議員選舉,第1次賸餘,1121201,支付當選後與其公務有關之費用,台灣連線股份有限公司,24556886,0.00,1260.00,,,,LINE費用陳炳甫-炳持初衷,金錢,臺北市內湖區****,8178*****,否,,,,,,,
348,陳炳甫,111年臺北市議員選舉,第1次賸餘,1121202,支付當選後與其公務有關之費用,臺北市立聯合醫院中興院區,99958172,0.00,480.00,,,,動檢活動時員工文祥威遭貓抓傷就醫費用,金錢,台北市大同區****,2552*****,否,,,,,,,
349,陳炳甫,111年臺北市議員選舉,第1次賸餘,1121202,支付當選後與其公務有關之費用,林祐德,A12*******,0.00,2500.00,,,,健檢活動-健檢醫師費,金錢,台北市大安區****,0920*****,否,,,,,,,
350,陳炳甫,111年臺北市議員選舉,第1次賸餘,1121202,支付當選後與其公務有關之費用,賴曉諭,F22*******,0.00,2500.00,,,,健檢活動-健檢醫師費,金錢,新北市板橋市****,0913*****,否,,,,,,,
351,陳炳甫,111年臺北市議員選舉,第1次賸餘,1121205,支付當選後與其公務有關之費用,中央健康保險署,,0.00,3588.00,,,,月份雇主健保費-議會,金錢,臺北市中正區****,2191*****,否,,,,,,,
352,陳炳甫,111年臺北市議員選舉,第1次賸餘,1121205,支付當選後與其公務有關之費用,勞動部勞工保險局,,0.00,13867.00,,,,月份雇主勞保費+-議會,金錢,台北市中正區****,2396*****,否,,,,,,,
353,陳炳甫,111年臺北市議員選舉,第1次賸餘,1121205,支付當選後與其公務有關之費用,勞動部勞工保險局,,0.00,8178.00,,,,月份雇主勞退金-議會,金錢,台北市中正區****,2396*****,否,,,,,,,
354,陳炳甫,111年臺北市議員選舉,第1次賸餘,1121205,支付當選後與其公務有關之費用,中華電信,81691784,0.00,1183.00,,,,電話費,金錢,台北市金山南****,0800*****,否,,,,,,,
355,陳炳甫,111年臺北市議員選舉,第1次賸餘,1121205,支付當選後與其公務有關之費用,文祥威,A12*******,0.00,7000.00,,,,工資或薪津,金錢,台北市文山區****,0975*****,否,,,,,,,
356,陳炳甫,111年臺北市議員選舉,第1次賸餘,1121205,支付當選後與其公務有關之費用,文祥威,A12*******,0.00,5500.00,,,,加班費或值班費,金錢,台北市文山區****,0975*****,否,,,,,,,
357,陳炳甫,111年臺北市議員選舉,第1次賸餘,1121205,支付當選後與其公務有關之費用,李旭昇,A12*******,0.00,37000.00,,,,工資或薪津,金錢,新北市板橋區****,0918*****,否,,,,,,,
358,陳炳甫,111年臺北市議員選舉,第1次賸餘,1121205,支付當選後與其公務有關之費用,李旭昇,A12*******,0.00,9000.00,,,,加班費或值班費,金錢,新北市板橋區****,0918*****,否,,,,,,,
359,陳炳甫,111年臺北市議員選舉,第1次賸餘,1121205,支付當選後與其公務有關之費用,李芷琪,A22*******,0.00,5000.00,,,,工資或薪津,金錢,台北市士林區****,0925*****,否,,,,,,,
360,陳炳甫,111年臺北市議員選舉,第1次賸餘,1121205,支付當選後與其公務有關之費用,李芷琪,A22*******,0.00,4000.00,,,,加班費或值班費,金錢,台北市士林區****,0925*****,否,,,,,,,
361,陳炳甫,111年臺北市議員選舉,第1次賸餘,1121205,支付當選後與其公務有關之費用,范嘉玲,D22*******,0.00,433.00,,,,加班費或值班費,金錢,台北市士林區****,0933*****,否,,,,,,,
362,陳炳甫,111年臺北市議員選舉,第1次賸餘,1121205,支付當選後與其公務有關之費用,李萬茂,F12*******,0.00,5000.00,,,,工資或薪津,金錢,新北市五股區****,0912*****,否,,,,,,,
363,陳炳甫,111年臺北市議員選舉,第1次賸餘,1121205,支付當選後與其公務有關之費用,李萬茂,F12*******,0.00,8400.00,,,,加班費或值班費,金錢,新北市五股區****,0912*****,否,,,,,,,
364,陳炳甫,111年臺北市議員選舉,第1次賸餘,1121205,支付當選後與其公務有關之費用,陳仰箴,F22*******,0.00,6000.00,,,,工資或薪津,金錢,台北市大安區****,0920*****,否,,,,,,,
365,陳炳甫,111年臺北市議員選舉,第1次賸餘,1121205,支付當選後與其公務有關之費用,陳仰箴,F22*******,0.00,9000.00,,,,加班費或值班費,金錢,台北市大安區****,0920*****,否,,,,,,,
366,陳炳甫,111年臺北市議員選舉,第1次賸餘,1121205,支付當選後與其公務有關之費用,楊文儀,F22*******,0.00,6267.00,,,,工資或薪津,金錢,新北市蘆洲區****,0955*****,否,,,,,,,
367,陳炳甫,111年臺北市議員選舉,第1次賸餘,1121205,支付當選後與其公務有關之費用,楊文儀,F22*******,0.00,1000.00,,,,加班費或值班費,金錢,新北市蘆洲區****,0955*****,否,,,,,,,
368,陳炳甫,111年臺北市議員選舉,第1次賸餘,1121205,支付當選後與其公務有關之費用,邱顯揚,H12*******,0.00,2850.00,,,,加班費或值班費,金錢,桃園市八德區****,0916*****,否,,,,,,,
369,陳炳甫,111年臺北市議員選舉,第1次賸餘,1121205,支付當選後與其公務有關之費用,何秀琴,Y22*******,0.00,54500.00,,,,工資或薪津,金錢,台北市北投區****,0928*****,否,,,,,,,
370,陳炳甫,111年臺北市議員選舉,第1次賸餘,1121208,支付當選後與其公務有關之費用,中華郵政雙連郵局,03716893,0.00,1452.00,,,,寄送生日賀卡郵資,金錢,台北市中山區****,2541*****,否,,,,,,,
371,陳炳甫,111年臺北市議員選舉,第1次賸餘,1121208,支付當選後與其公務有關之費用,簡月圓,07738193,0.00,1800.00,,,,馬祖駐駕拜拜用水果,金錢,台北市大同區****,0918*****,否,,,,,,,
372,陳炳甫,111年臺北市議員選舉,第1次賸餘,1121208,支付當選後與其公務有關之費用,陳財美行,11611703,0.00,670.00,,,,馬祖駐駕拜拜用金紙炮灼,金錢,台北市民生西****,2557*****,否,,,,,,,
373,陳炳甫,111年臺北市議員選舉,第1次賸餘,1121210,支付當選後與其公務有關之費用,林祐德,A12*******,0.00,2500.00,,,,健檢活動-健檢醫師費,金錢,台北市大安區****,0920*****,否,,,,,,,
374,陳炳甫,111年臺北市議員選舉,第1次賸餘,1121212,支付當選後與其公務有關之費用,都訊聯合電訊有限公司,12983195,0.00,1134.00,,,,電話費,金錢,新北市土城區****,2553*****,否,,,,,,,
375,陳炳甫,111年臺北市議員選舉,第1次賸餘,1121212,支付當選後與其公務有關之費用,樂舞工坊,41392986,0.00,109232.00,,,,帆布颱風天拆掛費,金錢,新北勢永和區****,0936*****,否,,,,,,,
376,陳炳甫,111年臺北市議員選舉,第1次賸餘,1121212,支付當選後與其公務有關之費用,樂舞工坊,41392986,0.00,56175.00,,,,健檢活動DM印刷費,金錢,新北勢永和區****,0936*****,否,,,,,,,
377,陳炳甫,111年臺北市議員選舉,第1次賸餘,1121212,支付當選後與其公務有關之費用,樂舞工坊,41392986,0.00,336000.00,,,,桌曆印製費本*.,金錢,新北勢永和區****,0936*****,否,,,,,,,
378,陳炳甫,111年臺北市議員選舉,第1次賸餘,1121214,支付當選後與其公務有關之費用,德昱寵物用品有限公司,80113174,0.00,1560.00,,,,寵物罐頭,金錢,新北市汐止區****,03-4*****,否,,,,,,,
379,陳炳甫,111年臺北市議員選舉,第1次賸餘,1121219,支付當選後與其公務有關之費用,龍巖股份有限公司,27943860,0.00,2500.00,,,,花款,金錢,彰化縣彰化市****,4128*****,否,,,,,,,
380,陳炳甫,111年臺北市議員選舉,第1次賸餘,1121226,支付當選後與其公務有關之費用,中華郵政雙連郵局,03716893,0.00,1842.00,,,,寄送生日賀卡郵資,金錢,台北市中山區****,2541*****,否,,,,,,,
381,陳炳甫,111年臺北市議員選舉,第1次賸餘,1121229,支付當選後與其公務有關之費用,中央健康保險署,,0.00,3588.00,,,,月份雇主健保費-議會,金錢,臺北市中正區****,2191*****,否,,,,,,,
382,陳炳甫,111年臺北市議員選舉,第1次賸餘,1121229,支付當選後與其公務有關之費用,勞動部勞工保險局,,0.00,13867.00,,,,月份雇主勞保費+-議會,金錢,台北市中正區****,2396*****,否,,,,,,,
383,陳炳甫,111年臺北市議員選舉,第1次賸餘,1121229,支付當選後與其公務有關之費用,勞動部勞工保險局,,0.00,8178.00,,,,月份雇主勞退金-議會,金錢,台北市中正區****,2396*****,否,,,,,,,
384,陳炳甫,111年臺北市議員選舉,第1次賸餘,1121229,支付當選後與其公務有關之費用,中華電信,81691784,0.00,1022.00,,,,電話費,金錢,台北市金山南****,0800*****,否,,,,,,,
385,陳炳甫,111年臺北市議員選舉,第1次賸餘,1121229,支付當選後與其公務有關之費用,遠傳電信股份有限公司,97179430,0.00,798.00,,,,電話費,金錢,台北市敦化南****,4495*****,否,,,,,,,
