﻿序號,擬參選人／政黨,選舉名稱,申報序號／年度,交易日期,收支科目,捐贈者／支出對象,身分證／統一編號,收入金額,支出金額,捐贈方式,存入專戶日期,返還/繳庫,支出用途,金錢類,地址,聯絡電話,應揭露之支出對象,支出對象之內部人員姓名,支出對象之內部人員職稱,政黨之內部人員姓名,政黨之內部人員職稱,關係,更正註記,資料更正日期
1,朱珍瑤,111年桃園市議員選舉,首次申報,1110526,個人捐贈收入,陳尚余,,100.00,0.00,現金,1110601,,,金錢,新北市新莊區****,,,,,,,,,
2,朱珍瑤,111年桃園市議員選舉,首次申報,1110603,營利事業捐贈收入,金加企業有限公司,28884066,26000.00,0.00,現金,1110609,,,金錢,桃園市八德區****,,,,,,,,,
3,朱珍瑤,111年桃園市議員選舉,首次申報,1110621,其他收入,利息收入,,1.00,0.00,現金,1110621,,,金錢,,,,,,,,,,
4,朱珍瑤,111年桃園市議員選舉,首次申報,1110622,個人捐贈收入,吳尚容,A12*******,2000.00,0.00,現金,1110622,,,金錢,桃園市八德區****,0921*****,,,,,,,,
5,朱珍瑤,111年桃園市議員選舉,首次申報,1110622,個人捐贈收入,王嘉麒,B12*******,500.00,0.00,現金,1110622,,,金錢,桃園市八德區****,0918*****,,,,,,,,
6,朱珍瑤,111年桃園市議員選舉,首次申報,1110623,營利事業捐贈收入,嘉鑫塑膠有限公司,50925457,20000.00,0.00,現金,1110629,,,金錢,桃園市八德區****,0922*****,,,,,,,,
7,朱珍瑤,111年桃園市議員選舉,首次申報,1110623,個人捐贈收入,張鉑菲,F22*******,10000.00,0.00,現金,1110629,,,金錢,桃園市八德區****,0922*****,,,,,,,,
8,朱珍瑤,111年桃園市議員選舉,首次申報,1110623,個人捐贈收入,廖景炫,J12*******,2000.00,0.00,匯款,1110629,,,金錢,新竹縣湖口鄉****,0980*****,,,,,,,,
9,朱珍瑤,111年桃園市議員選舉,首次申報,1110623,個人捐贈收入,吳政昌,K12*******,6000.00,0.00,現金,1110623,,,金錢,桃園市八德區****,0913*****,,,,,,,,
10,朱珍瑤,111年桃園市議員選舉,首次申報,1110623,個人捐贈收入,賴維哲,N12*******,2000.00,0.00,現金,1110623,,,金錢,桃園市八德區****,0952*****,,,,,,,,
11,朱珍瑤,111年桃園市議員選舉,首次申報,1110623,個人捐贈收入,盧惠娟,R22*******,5000.00,0.00,現金,1110629,,,金錢,桃園市八德區****,0988*****,,,,,,,,
12,朱珍瑤,111年桃園市議員選舉,首次申報,1110624,個人捐贈收入,曠偉天,,10000.00,0.00,匯款,1110624,,,金錢,臺北市文山區****,0912*****,,,,,,,,
13,朱珍瑤,111年桃園市議員選舉,首次申報,1110624,個人捐贈收入,陳勝為,F10*******,1000.00,0.00,匯款,1110630,,,金錢,桃園市八德區****,0921*****,,,,,,,,
14,朱珍瑤,111年桃園市議員選舉,首次申報,1110707,個人捐贈收入,林錦賢,H12*******,500.00,0.00,現金,1110713,,,金錢,桃園市八德區****,0988*****,,,,,,,,
15,朱珍瑤,111年桃園市議員選舉,首次申報,1110714,營利事業捐贈收入,豐皇營造有限公司,70718878,100000.00,0.00,現金,1110721,,,金錢,苗栗縣苑裡鎮****,0377*****,,,,,,,,
16,朱珍瑤,111年桃園市議員選舉,首次申報,1110719,營利事業捐贈收入,旭呈貿易股份有限公司,24628755,100000.00,0.00,匯款,1110719,已返還,,金錢,桃園市蘆竹區****,0332*****,,,,,,,,
17,朱珍瑤,111年桃園市議員選舉,首次申報,1110720,個人捐贈收入,鄧稜燕,,20000.00,0.00,現金,1110726,,,金錢,新北市永和區****,0931*****,,,,,,,,
18,朱珍瑤,111年桃園市議員選舉,首次申報,1110721,個人捐贈收入,陳建上,,3000.00,0.00,現金,1110721,,,金錢,桃園市八德區****,,,,,,,,,
19,朱珍瑤,111年桃園市議員選舉,首次申報,1110721,營利事業捐贈收入,正德防火工業股份有限公司,24019802,100000.00,0.00,匯款,1110721,,,金錢,桃園市蘆竹區****,,,,,,,,,
20,朱珍瑤,111年桃園市議員選舉,首次申報,1110721,個人捐贈收入,侯小利,H29*******,50000.00,0.00,現金,1110721,,,金錢,桃園市八德區****,,,,,,,,,
21,朱珍瑤,111年桃園市議員選舉,首次申報,1110730,個人捐贈收入,胡家維,C12*******,5000.00,0.00,現金,1110805,,,金錢,基隆市暖暖區****,0931*****,,,,,,,,
22,朱珍瑤,111年桃園市議員選舉,首次申報,1110801,個人捐贈收入,劉武,,1.00,0.00,,,,,非金錢,桃園市八德區****,,,,,,,,,
23,朱珍瑤,111年桃園市議員選舉,首次申報,1110802,營利事業捐贈收入,亞鈺國際貿易有限公司,83767802,36000.00,0.00,現金,1110802,,,金錢,桃園市八德區****,,,,,,,,,
24,朱珍瑤,111年桃園市議員選舉,首次申報,1110802,個人捐贈收入,呂瑩琦,H22*******,10000.00,0.00,匯款,1110808,,,金錢,桃園市八德區****,0952*****,,,,,,,,
25,朱珍瑤,111年桃園市議員選舉,首次申報,1110810,個人捐贈收入,呂理榮,,1.00,0.00,,,,,非金錢,桃園市八德區****,,,,,,,,,
26,朱珍瑤,111年桃園市議員選舉,首次申報,1110815,營利事業捐贈收入,桃特佳園藝景觀有限公司,90780457,10000.00,0.00,匯款,1110822,,,金錢,桃園市八德區****,0336*****,,,,,,,,
27,朱珍瑤,111年桃園市議員選舉,首次申報,1110815,個人捐贈收入,吳尚忠,H10*******,50000.00,0.00,匯款,1110815,,,金錢,桃園市中壢區****,,,,,,,,,
28,朱珍瑤,111年桃園市議員選舉,首次申報,1110820,個人捐贈收入,許書銘,T12*******,1000.00,0.00,匯款,1110826,,,金錢,屏東縣屏東市****,0912*****,,,,,,,,
29,朱珍瑤,111年桃園市議員選舉,首次申報,1110823,營利事業捐贈收入,錫安包裝實業有限公司,80443576,100000.00,0.00,匯款,1110823,,,金錢,桃園市八德區****,,,,,,,,,
30,朱珍瑤,111年桃園市議員選舉,首次申報,1110823,營利事業捐贈收入,陳鉅昌診所,99801904,30000.00,0.00,現金,1110824,,,金錢,桃園市八德區****,0336*****,,,,,,,,
31,朱珍瑤,111年桃園市議員選舉,首次申報,1110824,個人捐贈收入,高志誠,F12*******,100000.00,0.00,匯款,1110824,,,金錢,新北市中和區****,0933*****,,,,,,,,
32,朱珍瑤,111年桃園市議員選舉,首次申報,1110824,個人捐贈收入,王雅蓉,N22*******,50000.00,0.00,匯款,1110824,,,金錢,新北市中和區****,,,,,,,,,
33,朱珍瑤,111年桃園市議員選舉,首次申報,1110826,個人捐贈收入,匿名,,20000.00,0.00,匯款,1110826,,,金錢,桃園市八德區****,,,,,,,,,
34,朱珍瑤,111年桃園市議員選舉,首次申報,1110830,匿名捐贈,匿名,,10000.00,0.00,匯款,1110905,,,金錢,,,,,,,,,,
35,朱珍瑤,111年桃園市議員選舉,首次申報,1110901,個人捐贈收入,李雲永,,5000.00,0.00,匯款,1110901,,,金錢,桃園市八德區****,,,,,,,,,
36,朱珍瑤,111年桃園市議員選舉,首次申報,1110902,個人捐贈收入,盧勇良,H12*******,30000.00,0.00,匯款,1110902,,,金錢,桃園市楊梅區****,0925*****,,,,,,,,
37,朱珍瑤,111年桃園市議員選舉,首次申報,1110902,個人捐贈收入,郭志偉,H12*******,35000.00,0.00,匯款,1110902,,,金錢,桃園市桃園區****,0909*****,,,,,,,,
38,朱珍瑤,111年桃園市議員選舉,首次申報,1110905,營利事業捐贈收入,賦有文教機構,41145846,20000.00,0.00,匯款,1110912,,,金錢,桃園市八德區****,0913*****,,,,,,,,
39,朱珍瑤,111年桃園市議員選舉,首次申報,1110906,個人捐贈收入,于子軒,H12*******,1000.00,0.00,匯款,1110912,,,金錢,桃園市八德區****,0336*****,,,,,,,,
40,朱珍瑤,111年桃園市議員選舉,首次申報,1110907,營利事業捐贈收入,捷翔開發建設有限公司,80461089,30000.00,0.00,匯款,1110907,已返還,,金錢,桃園市大溪區****,,,,,,,,,
41,朱珍瑤,111年桃園市議員選舉,首次申報,1110907,個人捐贈收入,鄒宏基,A10*******,2000.00,0.00,匯款,1110907,,,金錢,臺北市八德路****,0932*****,,,,,,,,
42,朱珍瑤,111年桃園市議員選舉,首次申報,1110907,個人捐贈收入,翁齊煜,H12*******,100000.00,0.00,現金,1110907,,,金錢,桃園市八德區****,,,,,,,,,
43,朱珍瑤,111年桃園市議員選舉,首次申報,1110908,個人捐贈收入,王富弘,A12*******,34000.00,0.00,匯款,1110908,,,金錢,桃園市桃園區****,0956*****,,,,,,,,
44,朱珍瑤,111年桃園市議員選舉,首次申報,1110908,個人捐贈收入,聶治平,F12*******,5000.00,0.00,匯款,1110908,,,金錢,桃園市桃園區****,,,,,,,,,
45,朱珍瑤,111年桃園市議員選舉,首次申報,1110908,個人捐贈收入,邱冠鈞,H12*******,20000.00,0.00,匯款,1110914,,,金錢,桃園市八德區****,0936*****,,,,,,,,
46,朱珍瑤,111年桃園市議員選舉,首次申報,1110908,個人捐贈收入,王克勤,M12*******,10000.00,0.00,匯款,1110908,,,金錢,桃園市中壢區****,0933*****,,,,,,,,
47,朱珍瑤,111年桃園市議員選舉,首次申報,1110927,個人捐贈收入,高慶陽,,1200.00,0.00,現金,1110927,,,金錢,桃園市大溪區****,0938*****,,,,,,,,
48,朱珍瑤,111年桃園市議員選舉,首次申報,1110927,營利事業捐贈收入,達運建設開發股份有限公司,16570723,100000.00,0.00,匯款,1110927,已返還,,金錢,桃園市八德區****,,,,,,,,,
49,朱珍瑤,111年桃園市議員選舉,首次申報,1110928,個人捐贈收入,萬台飛,G10*******,10000.00,0.00,現金,1111004,,,金錢,桃園市成功路****,0912*****,,,,,,,,
50,朱珍瑤,111年桃園市議員選舉,首次申報,1111005,個人捐贈收入,胡家豪,H12*******,100000.00,0.00,匯款,1111005,,,金錢,桃園市桃園區****,,,,,,,,,
51,朱珍瑤,111年桃園市議員選舉,首次申報,1111007,個人捐贈收入,陳孟紳,,5000.00,0.00,匯款,1111007,,,金錢,桃園市八德區****,0928*****,,,,,,,,
52,朱珍瑤,111年桃園市議員選舉,首次申報,1111011,個人捐贈收入,蔡燿鴻,F12*******,8000.00,0.00,現金,1111012,,,金錢,桃園市龜山區****,0916*****,,,,,,,,
53,朱珍瑤,111年桃園市議員選舉,首次申報,1111011,個人捐贈收入,賀諺真,F23*******,2000.00,0.00,現金,1111012,,,金錢,新北市樹林區****,0913*****,,,,,,,,
54,朱珍瑤,111年桃園市議員選舉,首次申報,1111017,個人捐贈收入,林永昌,Q10*******,20000.00,0.00,匯款,1111017,,,金錢,桃園市八德區****,0915*****,,,,,,,,
55,朱珍瑤,111年桃園市議員選舉,首次申報,1111018,個人捐贈收入,匿名,,2000.00,0.00,現金,1111018,,,金錢,桃園市八德區****,,,,,,,,,
56,朱珍瑤,111年桃園市議員選舉,首次申報,1111018,個人捐贈收入,王麒瑋,H12*******,100000.00,0.00,現金,1111021,,,金錢,桃園市八德區****,,,,,,,,,
57,朱珍瑤,111年桃園市議員選舉,首次申報,1111019,個人捐贈收入,匿名,,1000.00,0.00,匯款,1111025,,,金錢,桃園市八德區****,,,,,,,,,
58,朱珍瑤,111年桃園市議員選舉,首次申報,1111020,個人捐贈收入,洪一文,,10000.00,0.00,,,,,非金錢,桃園市八德區****,,,,,,,,,
59,朱珍瑤,111年桃園市議員選舉,首次申報,1111020,個人捐贈收入,徐春灯,,16800.00,0.00,,,,,非金錢,桃園市桃園區****,0937*****,,,,,,,,
60,朱珍瑤,111年桃園市議員選舉,首次申報,1111020,個人捐贈收入,陳敬豐,H12*******,6000.00,0.00,匯款,1111026,,,金錢,桃園市八德區****,0928*****,,,,,,,,
61,朱珍瑤,111年桃園市議員選舉,首次申報,1111020,個人捐贈收入,陳寶珠,H22*******,12000.00,0.00,現金,1111021,,,金錢,桃園市八德區****,0933*****,,,,,,,,
62,朱珍瑤,111年桃園市議員選舉,首次申報,1111021,個人捐贈收入,錢鈞衡,H10*******,3000.00,0.00,現金,1111025,,,金錢,桃園市大溪區****,0936*****,,,,,,,,
63,朱珍瑤,111年桃園市議員選舉,首次申報,1111022,個人捐贈收入,黎啟翔,,2000.00,0.00,現金,1111025,,,金錢,桃園市八德區****,0920*****,,,,,,,,
64,朱珍瑤,111年桃園市議員選舉,首次申報,1111022,個人捐贈收入,呂榮圳,H12*******,1000.00,0.00,現金,1111025,,,金錢,桃園市八德區****,0911*****,,,,,,,,
65,朱珍瑤,111年桃園市議員選舉,首次申報,1111022,個人捐贈收入,李志鴻,H12*******,5000.00,0.00,現金,1111025,,,金錢,桃園市八德區****,0936*****,,,,,,,,
66,朱珍瑤,111年桃園市議員選舉,首次申報,1111022,個人捐贈收入,解詹完妹,N20*******,2000.00,0.00,現金,1111025,,,金錢,桃園市八德區****,0939*****,,,,,,,,
67,朱珍瑤,111年桃園市議員選舉,首次申報,1111025,個人捐贈收入,朱瑞榮,H12*******,10000.00,0.00,現金,1111101,,,金錢,桃園市八德區****,0937*****,,,,,,,,
68,朱珍瑤,111年桃園市議員選舉,首次申報,1111027,營利事業捐贈收入,承晉建設有限公司,53487918,60000.00,0.00,匯款,1111027,,,金錢,桃園市蘆竹區****,0929*****,,,,,,,,
69,朱珍瑤,111年桃園市議員選舉,首次申報,1111028,個人捐贈收入,呂玉雪,H20*******,10000.00,0.00,匯款,1111028,,,金錢,桃園市八德區****,0958*****,,,,,,,,
70,朱珍瑤,111年桃園市議員選舉,首次申報,1111101,個人捐贈收入,吳美英,,2000.00,0.00,現金,1111102,,,金錢,桃園市八德區****,0912*****,,,,,,,,
71,朱珍瑤,111年桃園市議員選舉,首次申報,1111101,個人捐贈收入,張耀書,,10000.00,0.00,現金,1111102,,,金錢,桃園市八德區****,0937*****,,,,,,,,
72,朱珍瑤,111年桃園市議員選舉,首次申報,1111101,營利事業捐贈收入,佳鋒精科國際股份有限公司,90638614,100000.00,0.00,匯款,1111101,已返還,,金錢,桃園市中壢區****,,,,,,,,,
73,朱珍瑤,111年桃園市議員選舉,首次申報,1111102,個人捐贈收入,張永灶,,12000.00,0.00,現金,1111102,,,金錢,桃園市八德區****,0910*****,,,,,,,,
74,朱珍瑤,111年桃園市議員選舉,首次申報,1111103,個人捐贈收入,范志煌,F12*******,100000.00,0.00,匯款,1111103,,,金錢,桃園市蘆竹區****,0938*****,,,,,,,,
75,朱珍瑤,111年桃園市議員選舉,首次申報,1111103,個人捐贈收入,游智健,H12*******,100000.00,0.00,匯款,1111103,,,金錢,桃園市桃園區****,0927*****,,,,,,,,
76,朱珍瑤,111年桃園市議員選舉,首次申報,1111109,個人捐贈收入,藍振嘉,F12*******,30000.00,0.00,現金,1111109,,,金錢,桃園市大溪區****,0966*****,,,,,,,,
77,朱珍瑤,111年桃園市議員選舉,首次申報,1111109,個人捐贈收入,彭黎珠,H22*******,3000.00,0.00,現金,1111109,,,金錢,桃園市八德區****,0922*****,,,,,,,,
78,朱珍瑤,111年桃園市議員選舉,首次申報,1111109,個人捐贈收入,鍾美華,H22*******,2000.00,0.00,現金,1111109,,,金錢,桃園市八德區****,0955*****,,,,,,,,
79,朱珍瑤,111年桃園市議員選舉,首次申報,1111112,個人捐贈收入,匿名,,2000.00,0.00,匯款,1111118,,,金錢,桃園市八德區****,,,,,,,,,
80,朱珍瑤,111年桃園市議員選舉,首次申報,1111112,個人捐贈收入,胡凱閎,F12*******,3000.00,0.00,匯款,1111118,,,金錢,桃園市八德區****,,,,,,,,,
81,朱珍瑤,111年桃園市議員選舉,首次申報,1111114,個人捐贈收入,盧惠娟,R22*******,10000.00,0.00,匯款,1111114,,,金錢,桃園市八德區****,,,,,,,,,
82,朱珍瑤,111年桃園市議員選舉,首次申報,1111115,個人捐贈收入,馮俊銘,,2000.00,0.00,匯款,1111115,,,金錢,桃園市八德區****,0900*****,,,,,,,,
83,朱珍瑤,111年桃園市議員選舉,首次申報,1111116,個人捐贈收入,賴梓郝,,1500.00,0.00,匯款,1111122,,,金錢,桃園市八德區****,,,,,,,,,
84,朱珍瑤,111年桃園市議員選舉,首次申報,1111117,營利事業捐贈收入,瑛陞國際股份有限公司,90485011,100000.00,0.00,現金,1111117,,,金錢,桃園市八德區****,03-4*****,,,,,,,,
85,朱珍瑤,111年桃園市議員選舉,首次申報,1111117,個人捐贈收入,呂彥廷,G12*******,20000.00,0.00,現金,1111117,,,金錢,桃園市八德區****,0988*****,,,,,,,,
86,朱珍瑤,111年桃園市議員選舉,首次申報,1111117,個人捐贈收入,李昭志,H12*******,50000.00,0.00,匯款,1111117,,,金錢,桃園市八德區****,0933*****,,,,,,,,
87,朱珍瑤,111年桃園市議員選舉,首次申報,1111117,個人捐贈收入,蔣冠驊,H22*******,2000.00,0.00,匯款,1111123,,,金錢,桃園市八德區****,0919*****,,,,,,,,
88,朱珍瑤,111年桃園市議員選舉,首次申報,1111118,個人捐贈收入,江佳玲,,10000.00,0.00,現金,1111122,,,金錢,桃園市八德區****,0937*****,,,,,,,,
89,朱珍瑤,111年桃園市議員選舉,首次申報,1111122,個人捐贈收入,劉曉恩,F22*******,20000.00,0.00,匯款,1111122,,,金錢,臺北市大安區****,,,,,,,,,
90,朱珍瑤,111年桃園市議員選舉,首次申報,1111122,個人捐贈收入,張普德,Q12*******,10000.00,0.00,現金,1111122,,,金錢,桃園市中壢區****,,,,,,,,,
91,朱珍瑤,111年桃園市議員選舉,首次申報,1111124,個人捐贈收入,林定芃,,30000.00,0.00,現金,1111124,,,金錢,臺北市中正區****,0926*****,,,,,,,,
92,朱珍瑤,111年桃園市議員選舉,首次申報,1111124,個人捐贈收入,林文惠,V12*******,50000.00,0.00,現金,1111124,,,金錢,桃園市平鎮區****,0956*****,,,,,,,,
93,朱珍瑤,111年桃園市議員選舉,首次申報,1111221,其他收入,利息收入,,106.00,0.00,匯款,1111221,,,金錢,,,,,,,,,,
