﻿序號,擬參選人／政黨,選舉名稱,申報序號／年度,交易日期,收支科目,捐贈者／支出對象,身分證／統一編號,收入金額,支出金額,捐贈方式,存入專戶日期,返還/繳庫,支出用途,金錢類,地址,聯絡電話,應揭露之支出對象,支出對象之內部人員姓名,支出對象之內部人員職稱,政黨之內部人員姓名,政黨之內部人員職稱,關係,更正註記,資料更正日期
1,賴清美,111年彰化縣議員選舉,首次申報,1110804,營利事業捐贈收入,禾祥投資股份有限公司,54221509,500000.00,0.00,票據,1110805,,,金錢,臺中市西屯區****,,,,,,,,,
2,賴清美,111年彰化縣議員選舉,首次申報,1110826,營利事業捐贈收入,辰得事業股份有限公司,23172341,100000.00,0.00,匯款,1110826,,,金錢,彰化縣伸港鄉****,04 7*****,,,,,,,,
3,賴清美,111年彰化縣議員選舉,首次申報,1110913,營利事業捐贈收入,金澤水電工程行,40647096,20000.00,0.00,匯款,1110913,,,金錢,臺中市南區南****,,,,,,,,,
4,賴清美,111年彰化縣議員選舉,首次申報,1110914,個人捐贈收入,曾禹旖,N12*******,100000.00,0.00,匯款,1110914,,,金錢,臺北市士林區****,,,,,,,,,
5,賴清美,111年彰化縣議員選舉,首次申報,1110919,營利事業捐贈收入,聖久企業有限公司,16650161,100000.00,0.00,現金,1110919,,,金錢,彰化縣和美鎮****,,,,,,,,,
6,賴清美,111年彰化縣議員選舉,首次申報,1110919,營利事業捐贈收入,捷領螺絲興業股份有限公司,89811185,100000.00,0.00,現金,1110919,,,金錢,彰化縣和美鎮****,,,,,,,,,
7,賴清美,111年彰化縣議員選舉,首次申報,1110922,個人捐贈收入,賴宥銨,,10000.00,0.00,匯款,1110922,,,金錢,彰化縣彰化市****,,,,,,,,,
8,賴清美,111年彰化縣議員選舉,首次申報,1110927,營利事業捐贈收入,青新環境工程股份有限公司,16952840,200000.00,0.00,票據,1111012,,,金錢,雲林縣莿桐鄉****,,,,,,,,,
9,賴清美,111年彰化縣議員選舉,首次申報,1110927,營利事業捐贈收入,奕采企業有限公司,97332856,100000.00,0.00,票據,1110927,,,金錢,彰化縣和美鎮****,,,,,,,,,
10,賴清美,111年彰化縣議員選舉,首次申報,1110927,個人捐贈收入,羅登義,L12*******,100000.00,0.00,匯款,1110927,,,金錢,彰化縣和美鎮****,,,,,,,,,
11,賴清美,111年彰化縣議員選舉,首次申報,1110928,營利事業捐贈收入,鑫紅機械廠股份有限公司,47262813,60000.00,0.00,匯款,1110928,,,金錢,新竹市東區水****,03-5*****,,,,,,,,
12,賴清美,111年彰化縣議員選舉,首次申報,1110930,營利事業捐贈收入,勝美消防工程有限公司,53999164,20000.00,0.00,匯款,1110930,,,金錢,彰化縣埤頭鄉****,04-8*****,,,,,,,,
13,賴清美,111年彰化縣議員選舉,首次申報,1110930,個人捐贈收入,葉劉月英,N20*******,30000.00,0.00,現金,1110930,,,金錢,彰化縣和美鎮****,,,,,,,,,
14,賴清美,111年彰化縣議員選舉,首次申報,1111003,個人捐贈收入,曾振源,A10*******,50000.00,0.00,現金,1111003,,,金錢,彰化縣田中鎮****,,,,,,,,,
15,賴清美,111年彰化縣議員選舉,首次申報,1111004,個人捐贈收入,張志菱,M22*******,100000.00,0.00,現金,1111004,,,金錢,臺中市西屯區****,,,,,,,,,
16,賴清美,111年彰化縣議員選舉,首次申報,1111004,個人捐贈收入,陳提旭,N12*******,100000.00,0.00,現金,1111004,,,金錢,彰化縣和美鎮****,,,,,,,,,
17,賴清美,111年彰化縣議員選舉,首次申報,1111006,個人捐贈收入,曾仁厚,,3000.00,0.00,匯款,1111006,,,金錢,臺北市信義區****,,,,,,,,,
18,賴清美,111年彰化縣議員選舉,首次申報,1111007,營利事業捐贈收入,京圜股份有限公司,16925576,60000.00,0.00,票據,1111007,,,金錢,彰化縣和美鎮****,04-7*****,,,,,,,,
19,賴清美,111年彰化縣議員選舉,首次申報,1111012,個人捐贈收入,陳金再,N10*******,20000.00,0.00,現金,1111012,,,金錢,彰化縣彰化市****,0937*****,,,,,,,,
20,賴清美,111年彰化縣議員選舉,首次申報,1111012,個人捐贈收入,吳存孝,N12*******,100000.00,0.00,現金,1111012,,,金錢,臺南市東區南****,,,,,,,,,
21,賴清美,111年彰化縣議員選舉,首次申報,1111012,個人捐贈收入,吳世安,N12*******,100000.00,0.00,現金,1111012,,,金錢,彰化縣田中西****,,,,,,,,,
22,賴清美,111年彰化縣議員選舉,首次申報,1111012,個人捐贈收入,林銘彬,N12*******,30000.00,0.00,匯款,1111012,,,金錢,彰化縣伸港鄉****,,,,,,,,,
23,賴清美,111年彰化縣議員選舉,首次申報,1111012,個人捐贈收入,賴碧時,N22*******,100000.00,0.00,現金,1111012,,,金錢,彰化縣田中鎮****,,,,,,,,,
24,賴清美,111年彰化縣議員選舉,首次申報,1111013,營利事業捐贈收入,銓烽投資股份有限公司,55739354,100000.00,0.00,匯款,1111013,,,金錢,臺北市大安區****,,,,,,,,,
25,賴清美,111年彰化縣議員選舉,首次申報,1111017,營利事業捐贈收入,彰格工業股份有限公司,59355251,20000.00,0.00,現金,1111018,,,金錢,彰化縣鹿港鎮****,,,,,,,,,
26,賴清美,111年彰化縣議員選舉,首次申報,1111017,個人捐贈收入,鄭玉李,N22*******,60000.00,0.00,現金,1111017,,,金錢,彰化縣伸港鄉****,0987*****,,,,,,,,
27,賴清美,111年彰化縣議員選舉,首次申報,1111024,營利事業捐贈收入,全通群漁具有限公司,86531219,30000.00,0.00,現金,1111028,,,金錢,彰化縣和美鎮****,,,,,,,,,
28,賴清美,111年彰化縣議員選舉,首次申報,1111024,個人捐贈收入,許權傑,B10*******,20000.00,0.00,票據,1111031,,,金錢,彰化縣伸港鄉****,,,,,,,,,
29,賴清美,111年彰化縣議員選舉,首次申報,1111026,個人捐贈收入,黃炳堯,N12*******,30000.00,0.00,匯款,1111026,,,金錢,彰化縣線西鄉****,04-7*****,,,,,,,,
30,賴清美,111年彰化縣議員選舉,首次申報,1111101,個人捐贈收入,張火丁,N12*******,6000.00,0.00,匯款,1111101,,,金錢,,,,,,,,,,
31,賴清美,111年彰化縣議員選舉,首次申報,1111118,個人捐贈收入,洪宏志,N12*******,60000.00,0.00,票據,1111121,,,金錢,彰化縣和美鎮****,,,,,,,,,
32,賴清美,111年彰化縣議員選舉,首次申報,1111119,個人捐贈收入,曾穗碧,N22*******,20000.00,0.00,匯款,1111119,,,金錢,臺中市龍井區****,,,,,,,,,
33,賴清美,111年彰化縣議員選舉,首次申報,1111124,個人捐贈收入,楊仁慈,N12*******,15000.00,0.00,現金,1111124,,,金錢,彰化縣和美鎮****,,,,,,,,,
34,賴清美,111年彰化縣議員選舉,首次申報,1111221,其他收入,利息收入,,306.00,0.00,現金,1111221,,,金錢,,,,,,,,,,
