﻿序號,擬參選人／政黨,選舉名稱,申報序號／年度,交易日期,收支科目,捐贈者／支出對象,身分證／統一編號,收入金額,支出金額,支出用途,金錢類,地址,聯絡電話,資料更正日期
1,廖子齊,107年縣(市)議員選舉,首次申報,1070515,匿名捐贈,匿名,,1000.00,0.00,,金錢,,,
2,廖子齊,107年縣(市)議員選舉,首次申報,1070515,個人捐贈收入,游沛綺,B22*******,1000.00,0.00,,金錢,新竹市東區長****,0928*****,
3,廖子齊,107年縣(市)議員選舉,首次申報,1070515,個人捐贈收入,吳俊諺,J12*******,1000.00,0.00,,金錢,新竹市延平路****,0931*****,
4,廖子齊,107年縣(市)議員選舉,首次申報,1070515,個人捐贈收入,蔡長委,N12*******,3000.00,0.00,,金錢,新竹市光復路****,0939*****,
5,廖子齊,107年縣(市)議員選舉,首次申報,1070516,個人捐贈收入,吳俊賢,D12*******,10000.00,0.00,,金錢,新竹市澤藩路****,0955*****,
6,廖子齊,107年縣(市)議員選舉,首次申報,1070516,個人捐贈收入,張育鑫,P12*******,1000.00,0.00,,金錢,,0988*****,
7,廖子齊,107年縣(市)議員選舉,首次申報,1070521,個人捐贈收入,劉原良,J12*******,20000.00,0.00,,金錢,,0955*****,
8,廖子齊,107年縣(市)議員選舉,首次申報,1070522,個人捐贈收入,吳億麟,,16800.00,0.00,,金錢,新竹市香山區****,0910*****,
9,廖子齊,107年縣(市)議員選舉,首次申報,1070523,個人捐贈收入,許文榮,,666.00,0.00,,金錢,新北市金山區****,0972*****,
10,廖子齊,107年縣(市)議員選舉,首次申報,1070523,政黨捐贈收入,時代力量,政黨證字第267號,116000.00,0.00,,金錢,臺北市中正區****,(02)*****,
11,廖子齊,107年縣(市)議員選舉,首次申報,1070530,匿名捐贈,匿名,,1000.00,0.00,,金錢,,,
12,廖子齊,107年縣(市)議員選舉,首次申報,1070530,匿名捐贈,匿名,,5000.00,0.00,,金錢,,,
13,廖子齊,107年縣(市)議員選舉,首次申報,1070601,匿名捐贈,匿名,,1000.00,0.00,,金錢,,,
14,廖子齊,107年縣(市)議員選舉,首次申報,1070602,匿名捐贈,匿名,,3000.00,0.00,,金錢,,,
15,廖子齊,107年縣(市)議員選舉,首次申報,1070602,個人捐贈收入,黃馨誼,J22*******,20000.00,0.00,,金錢,新竹市志平路****,,
16,廖子齊,107年縣(市)議員選舉,首次申報,1070603,營利事業捐贈收入,寶島登山用品社,49664139,2000.00,0.00,,金錢,桃園市大溪區****,0905*****,
17,廖子齊,107年縣(市)議員選舉,首次申報,1070603,個人捐贈收入,盤卉穎,J22*******,5000.00,0.00,,金錢,,0911*****,
18,廖子齊,107年縣(市)議員選舉,首次申報,1070604,匿名捐贈,匿名,,500.00,0.00,,金錢,,,
19,廖子齊,107年縣(市)議員選舉,首次申報,1070604,個人捐贈收入,林定宇,,3000.00,0.00,,金錢,,0919*****,
20,廖子齊,107年縣(市)議員選舉,首次申報,1070604,個人捐贈收入,陳思竹,A22*******,2000.00,0.00,,金錢,,0915*****,
21,廖子齊,107年縣(市)議員選舉,首次申報,1070604,個人捐贈收入,趙至敏,E12*******,2000.00,0.00,,金錢,新北市三重區****,0911*****,
22,廖子齊,107年縣(市)議員選舉,首次申報,1070604,個人捐贈收入,林勇麒,E12*******,2000.00,0.00,,金錢,台北市中山區****,0960*****,
23,廖子齊,107年縣(市)議員選舉,首次申報,1070604,個人捐贈收入,許登傑,H12*******,500.00,0.00,,金錢,,0910*****,
24,廖子齊,107年縣(市)議員選舉,首次申報,1070604,個人捐贈收入,彭竹慈,J22*******,10000.00,0.00,,金錢,新竹市北區中****,9189*****,
25,廖子齊,107年縣(市)議員選舉,首次申報,1070604,個人捐贈收入,吳俊朋,P12*******,3000.00,0.00,,金錢,,0963*****,
26,廖子齊,107年縣(市)議員選舉,首次申報,1070605,個人捐贈收入,賴建綸,B12*******,3000.00,0.00,,金錢,彰化縣秀水鄉****,0963*****,
27,廖子齊,107年縣(市)議員選舉,首次申報,1070605,個人捐贈收入,陳暐捷,D12*******,1000.00,0.00,,金錢,,0921*****,
28,廖子齊,107年縣(市)議員選舉,首次申報,1070605,個人捐贈收入,陳靜瑩,L22*******,3000.00,0.00,,金錢,,0912*****,
29,廖子齊,107年縣(市)議員選舉,首次申報,1070605,個人捐贈收入,葉伶琤,O20*******,1000.00,0.00,,金錢,新竹縣竹北市****,0912*****,
30,廖子齊,107年縣(市)議員選舉,首次申報,1070605,個人捐贈收入,蕭禕繁,S22*******,3000.00,0.00,,金錢,桃園市龜山區****,0921*****,
31,廖子齊,107年縣(市)議員選舉,首次申報,1070606,個人捐贈收入,詹志誠,A12*******,1000.00,0.00,,金錢,新竹市香山區****,,
32,廖子齊,107年縣(市)議員選舉,首次申報,1070606,個人捐贈收入,陸孟湲,J22*******,1000.00,0.00,,金錢,新竹市北區中****,0935*****,
33,廖子齊,107年縣(市)議員選舉,首次申報,1070606,個人捐贈收入,李宜真,K22*******,10000.00,0.00,,金錢,,0911*****,
34,廖子齊,107年縣(市)議員選舉,首次申報,1070606,個人捐贈收入,謝晉凡,S12*******,10000.00,0.00,,金錢,高雄市鳥松區****,0952*****,
35,廖子齊,107年縣(市)議員選舉,首次申報,1070615,匿名捐贈,匿名,,500.00,0.00,,金錢,,,
36,廖子齊,107年縣(市)議員選舉,首次申報,1070615,個人捐贈收入,謝曉嵐,A22*******,1000.00,0.00,,金錢,台北市中正區****,0928*****,
37,廖子齊,107年縣(市)議員選舉,首次申報,1070619,個人捐贈收入,羅鈺雯,I20*******,50000.00,0.00,,金錢,竹北市中山路****,,
38,廖子齊,107年縣(市)議員選舉,首次申報,1070619,個人捐贈收入,曾鄔勝,O10*******,100000.00,0.00,,金錢,新竹市忠孝路****,,
39,廖子齊,107年縣(市)議員選舉,首次申報,1070619,個人捐贈收入,劉淑慧,R22*******,50000.00,0.00,,金錢,新竹市忠孝路****,,
40,廖子齊,107年縣(市)議員選舉,首次申報,1070620,個人捐贈收入,廖翊如,O20*******,1000.00,0.00,,金錢,,0937*****,
41,廖子齊,107年縣(市)議員選舉,首次申報,1070621,其他收入,台灣銀行,,14.00,0.00,,金錢,,,
42,廖子齊,107年縣(市)議員選舉,首次申報,1070622,個人捐贈收入,何泰祥,K12*******,1000.00,0.00,,金錢,,0921*****,
43,廖子齊,107年縣(市)議員選舉,首次申報,1070622,個人捐贈收入,顏良純,R22*******,3000.00,0.00,,金錢,,0937*****,
44,廖子齊,107年縣(市)議員選舉,首次申報,1070623,個人捐贈收入,黃淵暐,K12*******,5000.00,0.00,,金錢,新竹市東區工****,0910*****,
45,廖子齊,107年縣(市)議員選舉,首次申報,1070625,個人捐贈收入,郭任瑋,E12*******,10000.00,0.00,,金錢,,0911*****,
46,廖子齊,107年縣(市)議員選舉,首次申報,1070628,個人捐贈收入,林為文,K12*******,5000.00,0.00,,金錢,新竹市香山區****,0932*****,
47,廖子齊,107年縣(市)議員選舉,首次申報,1070629,個人捐贈收入,鄭介瑤,T22*******,2000.00,0.00,,金錢,台北市中正區****,0921*****,
48,廖子齊,107年縣(市)議員選舉,首次申報,1070630,個人捐贈收入,陳儒雅,F22*******,2500.00,0.00,,金錢,新北市中和區****,0953*****,
49,廖子齊,107年縣(市)議員選舉,首次申報,1070630,個人捐贈收入,張靜怡,F22*******,5000.00,0.00,,金錢,新竹市東區澤****,0939*****,
50,廖子齊,107年縣(市)議員選舉,首次申報,1070702,個人捐贈收入,蔡燕茹,P22*******,1600.00,0.00,,金錢,新竹縣竹北市****,0982*****,
51,廖子齊,107年縣(市)議員選舉,首次申報,1070704,個人捐贈收入,張劉麗秀,F20*******,2000.00,0.00,,金錢,新竹市香山區****,,
52,廖子齊,107年縣(市)議員選舉,首次申報,1070706,個人捐贈收入,陳曉昇,A10*******,10000.00,0.00,,金錢,汐止區新台五****,,
53,廖子齊,107年縣(市)議員選舉,首次申報,1070721,個人捐贈收入,陳慧珊,R22*******,10000.00,0.00,,金錢,新竹縣竹北市****,0972*****,
54,廖子齊,107年縣(市)議員選舉,首次申報,1070724,個人捐贈收入,魯柏君,A22*******,10000.00,0.00,,金錢,新竹市自由路****,,
55,廖子齊,107年縣(市)議員選舉,首次申報,1070726,匿名捐贈,匿名,,1000.00,0.00,,金錢,,,
56,廖子齊,107年縣(市)議員選舉,首次申報,1070726,個人捐贈收入,李坤霖,S12*******,10000.00,0.00,,金錢,台北市中山區****,0912*****,
57,廖子齊,107年縣(市)議員選舉,首次申報,1070728,匿名捐贈,匿名,,2500.00,0.00,,金錢,,,
58,廖子齊,107年縣(市)議員選舉,首次申報,1070802,個人捐贈收入,林奇嶽,H12*******,5000.00,0.00,,金錢,新竹縣竹東鎮****,0926*****,
59,廖子齊,107年縣(市)議員選舉,首次申報,1070805,個人捐贈收入,王郁玫,L22*******,3000.00,0.00,,金錢,台中市西屯區****,0939*****,
60,廖子齊,107年縣(市)議員選舉,首次申報,1070814,個人捐贈收入,陳雪溱,D22*******,10000.00,0.00,,金錢,台南市東區慶****,0623*****,
61,廖子齊,107年縣(市)議員選舉,首次申報,1070815,個人捐贈收入,鍾世俊,A12*******,30000.00,0.00,,金錢,桃園市經國路****,,
62,廖子齊,107年縣(市)議員選舉,首次申報,1070817,個人捐贈收入,陳方隅,M12*******,666.00,0.00,,金錢,,0352*****,
63,廖子齊,107年縣(市)議員選舉,首次申報,1070819,個人捐贈收入,涂博翔,V12*******,2000.00,0.00,,金錢,新竹市東區金****,0972*****,
64,廖子齊,107年縣(市)議員選舉,首次申報,1070820,政黨捐贈收入,時代力量,政黨證字第267號,120000.00,0.00,,金錢,臺北市中正區****,(02)*****,
65,廖子齊,107年縣(市)議員選舉,首次申報,1070824,個人捐贈收入,王翠華,N22*******,2000.00,0.00,,金錢,新竹市建功一****,0933*****,
66,廖子齊,107年縣(市)議員選舉,首次申報,1070825,個人捐贈收入,廖顯庭,B12*******,3000.00,0.00,,金錢,,0916*****,
67,廖子齊,107年縣(市)議員選舉,首次申報,1070825,個人捐贈收入,鍾孟芸,K22*******,5000.00,0.00,,金錢,新竹市東區建****,0963*****,
68,廖子齊,107年縣(市)議員選舉,首次申報,1070827,個人捐贈收入,黃月娥,K22*******,20000.00,0.00,,金錢,新竹市中山路****,,
69,廖子齊,107年縣(市)議員選舉,首次申報,1070904,個人捐贈收入,張家華,L12*******,1000.00,0.00,,金錢,台中市大里區****,0979*****,
70,廖子齊,107年縣(市)議員選舉,首次申報,1070905,個人捐贈收入,林三榮,A12*******,5000.00,0.00,,金錢,,0988*****,
71,廖子齊,107年縣(市)議員選舉,首次申報,1070905,個人捐贈收入,連偉亮,A12*******,3000.00,0.00,,金錢,,0910*****,
72,廖子齊,107年縣(市)議員選舉,首次申報,1070905,個人捐贈收入,馬志君,D12*******,10000.00,0.00,,金錢,,0928*****,
73,廖子齊,107年縣(市)議員選舉,首次申報,1070905,個人捐贈收入,黃華羚,I20*******,1000.00,0.00,,金錢,嘉義市西區光****,0937*****,
74,廖子齊,107年縣(市)議員選舉,首次申報,1070905,個人捐贈收入,林秀叡,Q22*******,5000.00,0.00,,金錢,,0965*****,
75,廖子齊,107年縣(市)議員選舉,首次申報,1070905,個人捐贈收入,卓福盛,U12*******,4000.00,0.00,,金錢,新北市五股區****,0936*****,
76,廖子齊,107年縣(市)議員選舉,首次申報,1070907,個人捐贈收入,陳孟瑜,B22*******,3000.00,0.00,,金錢,新竹市東區金****,0921*****,
77,廖子齊,107年縣(市)議員選舉,首次申報,1070907,個人捐贈收入,王心,B22*******,2000.00,0.00,,金錢,,0910*****,
78,廖子齊,107年縣(市)議員選舉,首次申報,1070907,個人捐贈收入,詹征褘,F12*******,22000.00,0.00,,金錢,新北市板橋區****,0933*****,
79,廖子齊,107年縣(市)議員選舉,首次申報,1070907,個人捐贈收入,許登傑,H12*******,1000.00,0.00,,金錢,,0910*****,
80,廖子齊,107年縣(市)議員選舉,首次申報,1070907,個人捐贈收入,白子姍,L22*******,3000.00,0.00,,金錢,,0910*****,
81,廖子齊,107年縣(市)議員選舉,首次申報,1070907,個人捐贈收入,林麗婷,O20*******,1000.00,0.00,,金錢,高雄市前鎮區****,0963*****,
82,廖子齊,107年縣(市)議員選舉,首次申報,1070907,個人捐贈收入,黃馨慧,T22*******,2000.00,0.00,,金錢,新竹市香山區****,0921*****,
83,廖子齊,107年縣(市)議員選舉,首次申報,1070908,匿名捐贈,匿名,,3000.00,0.00,,金錢,,,
84,廖子齊,107年縣(市)議員選舉,首次申報,1070908,個人捐贈收入,廖燕珠,,6000.00,0.00,,金錢,台中市大里區****,0989*****,
85,廖子齊,107年縣(市)議員選舉,首次申報,1070908,個人捐贈收入,游雅淳,B22*******,4000.00,0.00,,金錢,新竹市東大路****,0919*****,
86,廖子齊,107年縣(市)議員選舉,首次申報,1070908,個人捐贈收入,游雅淳,B22*******,2000.00,0.00,,金錢,新竹市東大路****,0919*****,
87,廖子齊,107年縣(市)議員選舉,首次申報,1070908,個人捐贈收入,陳淑娟,F22*******,2000.00,0.00,,金錢,新北市中和區****,0916*****,
88,廖子齊,107年縣(市)議員選舉,首次申報,1070908,個人捐贈收入,林君珩,J22*******,2000.00,0.00,,金錢,新竹市明湖路****,,
89,廖子齊,107年縣(市)議員選舉,首次申報,1070911,個人捐贈收入,許天麟,T10*******,3000.00,0.00,,金錢,新竹市北區東****,0930*****,
90,廖子齊,107年縣(市)議員選舉,首次申報,1070915,個人捐贈收入,詹志誠,A12*******,1000.00,0.00,,金錢,新竹市香山區****,0963*****,
91,廖子齊,107年縣(市)議員選舉,首次申報,1070920,個人捐贈收入,張秦纁,K22*******,1000.00,0.00,,金錢,台北市中正區****,0914*****,
92,廖子齊,107年縣(市)議員選舉,首次申報,1070921,個人捐贈收入,朱月梅,,1400.00,0.00,,金錢,新竹縣竹北市****,0922*****,
93,廖子齊,107年縣(市)議員選舉,首次申報,1070921,個人捐贈收入,吳俊賢,D12*******,4000.00,0.00,,金錢,新竹市澤藩路****,0955*****,
94,廖子齊,107年縣(市)議員選舉,首次申報,1070921,個人捐贈收入,蔡慶鴻,J12*******,10000.00,0.00,,金錢,新竹市中華路****,,
95,廖子齊,107年縣(市)議員選舉,首次申報,1070921,個人捐贈收入,蔡文賢,J12*******,20000.00,0.00,,金錢,新竹市香村路****,,
96,廖子齊,107年縣(市)議員選舉,首次申報,1070921,個人捐贈收入,孫錦織,J20*******,6000.00,0.00,,金錢,新竹市浸水街****,,
97,廖子齊,107年縣(市)議員選舉,首次申報,1070921,個人捐贈收入,吳志添,K12*******,10000.00,0.00,,金錢,苗栗縣頭份市****,,
98,廖子齊,107年縣(市)議員選舉,首次申報,1070921,個人捐贈收入,黃月娥,K22*******,10000.00,0.00,,金錢,新竹市中山路****,,
99,廖子齊,107年縣(市)議員選舉,首次申報,1070921,個人捐贈收入,涂淑芳,N22*******,100000.00,0.00,,金錢,新竹市中華路****,,
100,廖子齊,107年縣(市)議員選舉,首次申報,1070921,個人捐贈收入,林清河,S12*******,16000.00,0.00,,金錢,高雄市橋頭區****,,
101,廖子齊,107年縣(市)議員選舉,首次申報,1070924,個人捐贈收入,吳佩瑜,M22*******,1000.00,0.00,,金錢,,0988*****,
102,廖子齊,107年縣(市)議員選舉,首次申報,1070928,營利事業捐贈收入,生生科技股份有限公司,53843901,10000.00,0.00,,金錢,新竹市東區建****,0952*****,
103,廖子齊,107年縣(市)議員選舉,首次申報,1071001,個人捐贈收入,張淳翔,A22*******,20000.00,0.00,,金錢,,0972*****,
104,廖子齊,107年縣(市)議員選舉,首次申報,1071008,匿名捐贈,匿名,,5000.00,0.00,,金錢,,,
105,廖子齊,107年縣(市)議員選舉,首次申報,1071009,匿名捐贈,匿名,,6600.00,0.00,,金錢,,,
106,廖子齊,107年縣(市)議員選舉,首次申報,1071012,個人捐贈收入,蔡雨辰,O10*******,5000.00,0.00,,金錢,桃園市龜山區****,0920*****,
107,廖子齊,107年縣(市)議員選舉,首次申報,1071015,個人捐贈收入,劉原良,J12*******,6000.00,0.00,,金錢,,0955*****,
108,廖子齊,107年縣(市)議員選舉,首次申報,1071022,匿名捐贈,匿名,,10000.00,0.00,,金錢,,,
109,廖子齊,107年縣(市)議員選舉,首次申報,1071022,匿名捐贈,匿名,,10000.00,0.00,,金錢,,,
110,廖子齊,107年縣(市)議員選舉,首次申報,1071024,個人捐贈收入,廖于証,B22*******,10000.00,0.00,,金錢,台北市承德路****,,
111,廖子齊,107年縣(市)議員選舉,首次申報,1071027,個人捐贈收入,張忠為,A22*******,10000.00,0.00,,金錢,台北市文山區****,0229*****,
112,廖子齊,107年縣(市)議員選舉,首次申報,1071029,匿名捐贈,匿名,,10000.00,0.00,,金錢,,,
113,廖子齊,107年縣(市)議員選舉,首次申報,1071029,匿名捐贈,匿名,,10000.00,0.00,,金錢,,,
114,廖子齊,107年縣(市)議員選舉,首次申報,1071029,匿名捐贈,匿名,,10000.00,0.00,,金錢,,,
115,廖子齊,107年縣(市)議員選舉,首次申報,1071030,個人捐贈收入,鄭萬文,J10*******,10000.00,0.00,,金錢,新竹市中華路****,0979*****,
116,廖子齊,107年縣(市)議員選舉,首次申報,1071103,個人捐贈收入,詹志誠,A12*******,1000.00,0.00,,金錢,新竹市香山區****,0963*****,
117,廖子齊,107年縣(市)議員選舉,首次申報,1071105,個人捐贈收入,黃月娥,K22*******,30000.00,0.00,,金錢,新竹市中山路****,,
118,廖子齊,107年縣(市)議員選舉,首次申報,1071106,個人捐贈收入,高新偉,C12*******,200.00,0.00,,金錢,新竹縣竹北市****,0981*****,
119,廖子齊,107年縣(市)議員選舉,首次申報,1071115,個人捐贈收入,蔡仁堅,J10*******,10000.00,0.00,,金錢,新竹市集賢街****,0910*****,
120,廖子齊,107年縣(市)議員選舉,首次申報,1071116,營利事業捐贈收入,吉順行,66862485,4500.00,0.00,,非金錢,新竹市牛埔東****,0937*****,
121,廖子齊,107年縣(市)議員選舉,首次申報,1071116,個人捐贈收入,鄭欽維,J12*******,2000.00,0.00,,金錢,新竹市公園路****,0972*****,
122,廖子齊,107年縣(市)議員選舉,首次申報,1071116,個人捐贈收入,楊素鑫,J22*******,1000.00,0.00,,金錢,新竹市浸水街****,,
123,廖子齊,107年縣(市)議員選舉,首次申報,1071116,個人捐贈收入,陳柔秀,O20*******,2000.00,0.00,,金錢,新北市林口區****,0932*****,
124,廖子齊,107年縣(市)議員選舉,首次申報,1071116,個人捐贈收入,徐馨生,Y20*******,4300.00,0.00,,金錢,台北市士林區****,02-2*****,
125,廖子齊,107年縣(市)議員選舉,首次申報,1071121,匿名捐贈,匿名,,3000.00,0.00,,金錢,,,
126,廖子齊,107年縣(市)議員選舉,首次申報,1071122,匿名捐贈,匿名,,1000.00,0.00,,金錢,,,
127,廖子齊,107年縣(市)議員選舉,首次申報,1071122,匿名捐贈,匿名,,2000.00,0.00,,金錢,,,
128,廖子齊,107年縣(市)議員選舉,首次申報,1071122,個人捐贈收入,廖千慧,B22*******,9999.00,0.00,,金錢,新竹市香山區****,0937*****,
129,廖子齊,107年縣(市)議員選舉,首次申報,1071123,匿名捐贈,匿名,,2000.00,0.00,,金錢,,,
130,廖子齊,107年縣(市)議員選舉,首次申報,1071123,個人捐贈收入,鄭欽維,,2000.00,0.00,,金錢,新竹市公園路****,,
131,廖子齊,107年縣(市)議員選舉,首次申報,1071123,個人捐贈收入,姚登元,H12*******,4358.00,0.00,,金錢,桃園市蘆竹區****,,
132,廖子齊,107年縣(市)議員選舉,首次申報,1071123,個人捐贈收入,張錦城,J10*******,2000.00,0.00,,金錢,新竹市中華路****,,
133,廖子齊,107年縣(市)議員選舉,首次申報,1071123,個人捐贈收入,吳榮華,U10*******,3600.00,0.00,,金錢,台中市烏日區****,,
134,廖子齊,107年縣(市)議員選舉,首次申報,1071221,其他收入,利息收入,,104.00,0.00,,金錢,,,
