﻿序號,擬參選人／政黨,選舉名稱,申報序號／年度,交易日期,收支科目,捐贈者／支出對象,身分證／統一編號,收入金額,支出金額,捐贈方式,存入專戶日期,返還/繳庫,支出用途,金錢類,地址,聯絡電話,應揭露之支出對象,支出對象之內部人員姓名,支出對象之內部人員職稱,政黨之內部人員姓名,政黨之內部人員職稱,關係,更正註記,資料更正日期
1,邱展謙,111年花蓮縣吉安鄉鄉長選舉,首次申報,1110913,個人捐贈收入,曾詩茹,U22*******,1688.00,0.00,匯款,1110913,,,金錢,,0958*****,,,,,,,,
2,邱展謙,111年花蓮縣吉安鄉鄉長選舉,首次申報,1111012,個人捐贈收入,鍾美娟,,16888.00,0.00,匯款,1111012,,,金錢,臺北市松山區****,0939*****,,,,,,,,
3,邱展謙,111年花蓮縣吉安鄉鄉長選舉,首次申報,1111012,匿名捐贈,匿名1,,3000.00,0.00,匯款,1111012,,,金錢,,,,,,,,,,
4,邱展謙,111年花蓮縣吉安鄉鄉長選舉,首次申報,1111012,個人捐贈收入,黃仁章,A12*******,16888.00,0.00,匯款,1111012,,,金錢,臺北市松山區****,0910*****,,,,,,,,
5,邱展謙,111年花蓮縣吉安鄉鄉長選舉,首次申報,1111012,個人捐贈收入,李永順,T12*******,16888.00,0.00,匯款,1111012,,,金錢,,0921*****,,,,,,,,
6,邱展謙,111年花蓮縣吉安鄉鄉長選舉,首次申報,1111012,個人捐贈收入,李仁田,T12*******,33776.00,0.00,匯款,1111012,,,金錢,臺北市文山區****,0229*****,,,,,,,,
7,邱展謙,111年花蓮縣吉安鄉鄉長選舉,首次申報,1111012,個人捐贈收入,邱信慈,T22*******,16888.00,0.00,匯款,1111012,,,金錢,,0922*****,,,,,,,,
8,邱展謙,111年花蓮縣吉安鄉鄉長選舉,首次申報,1111013,個人捐贈收入,李芯誼,Q22*******,1000.00,0.00,匯款,1111013,,,金錢,花蓮縣吉安鄉****,0939*****,,,,,,,,
9,邱展謙,111年花蓮縣吉安鄉鄉長選舉,首次申報,1111014,個人捐贈收入,吳蓉芝,,1000.00,0.00,現金,1111014,,,金錢,,0921*****,,,,,,,,
10,邱展謙,111年花蓮縣吉安鄉鄉長選舉,首次申報,1111014,匿名捐贈,匿名2,,1000.00,0.00,現金,1111014,,,金錢,,,,,,,,,,
11,邱展謙,111年花蓮縣吉安鄉鄉長選舉,首次申報,1111014,個人捐贈收入,楊代雲,L12*******,36000.00,0.00,匯款,1111014,,,金錢,花蓮縣吉安鄉****,0988*****,,,,,,,,
12,邱展謙,111年花蓮縣吉安鄉鄉長選舉,首次申報,1111014,個人捐贈收入,鍾德堃,T10*******,100000.00,0.00,現金,1111014,,,金錢,臺北市文山區****,0229*****,,,,,,,,
13,邱展謙,111年花蓮縣吉安鄉鄉長選舉,首次申報,1111014,個人捐贈收入,吳宏聲,U12*******,10000.00,0.00,現金,1111014,,,金錢,花蓮縣光復鄉****,0985*****,,,,,,,,
14,邱展謙,111年花蓮縣吉安鄉鄉長選舉,首次申報,1111015,個人捐贈收入,王郁英,,6000.00,0.00,現金,1111017,,,金錢,,0921*****,,,,,,,,
15,邱展謙,111年花蓮縣吉安鄉鄉長選舉,首次申報,1111016,個人捐贈收入,陸柔襄,U22*******,3000.00,0.00,現金,1111017,,,金錢,花蓮縣花蓮市****,,,,,,,,,
16,邱展謙,111年花蓮縣吉安鄉鄉長選舉,首次申報,1111018,個人捐贈收入,連慧如,R22*******,5000.00,0.00,匯款,1111018,,,金錢,新北市新莊區****,0835*****,,,,,,,,
17,邱展謙,111年花蓮縣吉安鄉鄉長選舉,首次申報,1111020,個人捐贈收入,蕭淵水,U10*******,5000.00,0.00,匯款,1111020,,,金錢,花蓮縣富里鄉****,0932*****,,,,,,,,
18,邱展謙,111年花蓮縣吉安鄉鄉長選舉,首次申報,1111020,個人捐贈收入,江紘騰,U12*******,1000.00,0.00,現金,1111024,,,金錢,花蓮縣吉安鄉****,0968*****,,,,,,,,
19,邱展謙,111年花蓮縣吉安鄉鄉長選舉,首次申報,1111021,個人捐贈收入,嚴天佑,U12*******,6000.00,0.00,匯款,1111021,,,金錢,,0928*****,,,,,,,,
20,邱展謙,111年花蓮縣吉安鄉鄉長選舉,首次申報,1111023,個人捐贈收入,鄭寶嬙,,10000.00,0.00,現金,1111024,,,金錢,,0912*****,,,,,,,,
21,邱展謙,111年花蓮縣吉安鄉鄉長選舉,首次申報,1111023,個人捐贈收入,陳丁輝,,10000.00,0.00,現金,1111024,,,金錢,,0912*****,,,,,,,,
22,邱展謙,111年花蓮縣吉安鄉鄉長選舉,首次申報,1111024,匿名捐贈,匿名3,,2000.00,0.00,匯款,1111024,,,金錢,,,,,,,,,,
23,邱展謙,111年花蓮縣吉安鄉鄉長選舉,首次申報,1111028,個人捐贈收入,林秀雲,E22*******,6600.00,0.00,現金,1111031,,,金錢,花蓮縣花蓮市****,0928*****,,,,,,,,
24,邱展謙,111年花蓮縣吉安鄉鄉長選舉,首次申報,1111031,營利事業捐贈收入,高第國際藝術有限公司,25062805,1000.00,0.00,現金,1111031,,,金錢,,,,,,,,,,
25,邱展謙,111年花蓮縣吉安鄉鄉長選舉,首次申報,1111031,個人捐贈收入,謝耀輝,U10*******,5000.00,0.00,現金,1111031,,,金錢,花蓮縣花蓮市****,9371*****,,,,,,,,
26,邱展謙,111年花蓮縣吉安鄉鄉長選舉,首次申報,1111107,個人捐贈收入,林玉蓮,,6500.00,0.00,現金,1111108,,,金錢,,0961*****,,,,,,,,
27,邱展謙,111年花蓮縣吉安鄉鄉長選舉,首次申報,1111109,個人捐贈收入,曾永坤,U10*******,6000.00,0.00,現金,1111109,,,金錢,,,,,,,,,,
28,邱展謙,111年花蓮縣吉安鄉鄉長選舉,首次申報,1111111,個人捐贈收入,高智松,,500.00,0.00,現金,1111115,,,金錢,,0918*****,,,,,,,,
29,邱展謙,111年花蓮縣吉安鄉鄉長選舉,首次申報,1111115,營利事業捐贈收入,禾逸開發股份有限公司,59087951,3600.00,0.00,現金,1111115,,,金錢,,,,,,,,,,
30,邱展謙,111年花蓮縣吉安鄉鄉長選舉,首次申報,1111117,個人捐贈收入,邱肇坤,U10*******,5000.00,0.00,現金,1111117,,,金錢,,0933*****,,,,,,,,
31,邱展謙,111年花蓮縣吉安鄉鄉長選舉,首次申報,1111118,匿名捐贈,匿名4,,3000.00,0.00,匯款,1111118,,,金錢,,,,,,,,,,
32,邱展謙,111年花蓮縣吉安鄉鄉長選舉,首次申報,1111123,個人捐贈收入,楊麗惠,F22*******,1000.00,0.00,匯款,1111123,,,金錢,,,,,,,,,,
