﻿序號,擬參選人／政黨,選舉名稱,申報序號／年度,交易日期,收支科目,捐贈者／支出對象,身分證／統一編號,收入金額,支出金額,捐贈方式,存入專戶日期,返還/繳庫,支出用途,金錢類,地址,聯絡電話,應揭露之支出對象,支出對象之內部人員姓名,支出對象之內部人員職稱,政黨之內部人員姓名,政黨之內部人員職稱,關係,更正註記,資料更正日期
1,施嘉華,111年彰化縣議員選舉,首次申報,1110905,個人捐贈收入,張再添,,10000.00,0.00,匯款,1110905,,,金錢,臺北市松山區****,,,,,,,,,
2,施嘉華,111年彰化縣議員選舉,首次申報,1110921,匿名捐贈,匿名1,,2000.00,0.00,匯款,1110921,,,金錢,,,,,,,,,,
3,施嘉華,111年彰化縣議員選舉,首次申報,1110927,個人捐贈收入,葉智鈊,N10*******,5000.00,0.00,匯款,1110927,,,金錢,彰化縣和美鎮****,,,,,,,,,
4,施嘉華,111年彰化縣議員選舉,首次申報,1111006,營利事業捐贈收入,智元開發建設有限公司,53851887,100000.00,0.00,現金,1111007,,,金錢,彰化縣伸港鄉****,,,,,,,,,
5,施嘉華,111年彰化縣議員選舉,首次申報,1111007,個人捐贈收入,張綉蓮,,2000.00,0.00,現金,1111007,,,金錢,彰化縣和美鎮****,,,,,,,,,
6,施嘉華,111年彰化縣議員選舉,首次申報,1111007,個人捐贈收入,林育琪,,2000.00,0.00,現金,1111007,,,金錢,彰化縣和美鎮****,,,,,,,,,
7,施嘉華,111年彰化縣議員選舉,首次申報,1111012,個人捐贈收入,陳鴻文,,3000.00,0.00,匯款,1111012,,,金錢,新北市三峽區****,,,,,,,,,
8,施嘉華,111年彰化縣議員選舉,首次申報,1111101,個人捐贈收入,陳添明,,10000.00,0.00,匯款,1111101,,,金錢,,0473*****,,,,,,,,
9,施嘉華,111年彰化縣議員選舉,首次申報,1111113,個人捐贈收入,黃意婷,,1000.00,0.00,現金,1111113,,,金錢,彰化縣和美鎮****,,,,,,,,,
10,施嘉華,111年彰化縣議員選舉,首次申報,1111121,匿名捐贈,匿名,,2000.00,0.00,匯款,1111121,,,金錢,,,,,,,,,,
11,施嘉華,111年彰化縣議員選舉,首次申報,1111221,其他收入,利息收入,,3.00,0.00,匯款,1111221,,,金錢,,,,,,,,,,
