﻿序號,擬參選人／政黨,選舉名稱,申報序號／年度,交易日期,收支科目,捐贈者／支出對象,身分證／統一編號,收入金額,支出金額,支出用途,金錢類,地址,聯絡電話,資料更正日期
1,陳正育,107年直轄市議員選舉,首次申報,1070731,匿名捐贈,匿名,,1000.00,0.00,,金錢,,,
2,陳正育,107年直轄市議員選舉,首次申報,1070731,個人捐贈收入,吳紹光,,2000.00,0.00,,金錢,台北市廈門街****,0918*****,
3,陳正育,107年直轄市議員選舉,首次申報,1070731,個人捐贈收入,陳安純,,10000.00,0.00,,金錢,臺南市南寧街****,0933*****,
4,陳正育,107年直轄市議員選舉,首次申報,1070801,個人捐贈收入,賴宇辰,,1000.00,0.00,,金錢,新北市林口區****,0926*****,
5,陳正育,107年直轄市議員選舉,首次申報,1070801,個人捐贈收入,周宥宏,,2000.00,0.00,,金錢,臺中市清水區****,,
6,陳正育,107年直轄市議員選舉,首次申報,1070802,匿名捐贈,匿名,,3600.00,0.00,,金錢,,,
7,陳正育,107年直轄市議員選舉,首次申報,1070802,個人捐贈收入,施雪娥,,3000.00,0.00,,金錢,,0931*****,
8,陳正育,107年直轄市議員選舉,首次申報,1070803,個人捐贈收入,李美慧,,1000.00,0.00,,金錢,高雄市苓雅區****,0968*****,
9,陳正育,107年直轄市議員選舉,首次申報,1070803,個人捐贈收入,吳怡德,,1000.00,0.00,,金錢,高雄市鼓山區****,,
10,陳正育,107年直轄市議員選舉,首次申報,1070803,匿名捐贈,匿名,,3000.00,0.00,,金錢,,,
11,陳正育,107年直轄市議員選舉,首次申報,1070805,匿名捐贈,匿名,,1000.00,0.00,,金錢,,,
12,陳正育,107年直轄市議員選舉,首次申報,1070806,個人捐贈收入,陳盈年,,7000.00,0.00,,金錢,臺中市北區育****,0931*****,
13,陳正育,107年直轄市議員選舉,首次申報,1070806,個人捐贈收入,張素蘭,,3000.00,0.00,,金錢,桃園市平鎮區****,,
14,陳正育,107年直轄市議員選舉,首次申報,1070806,個人捐贈收入,方筠婷,,600.00,0.00,,金錢,高雄市前鎮區****,0968*****,
15,陳正育,107年直轄市議員選舉,首次申報,1070806,個人捐贈收入,林成國,,5000.00,0.00,,金錢,雲林縣斗六市****,,
16,陳正育,107年直轄市議員選舉,首次申報,1070807,個人捐贈收入,宗楙翔,,2000.00,0.00,,金錢,桃園市龜山區****,0927*****,
17,陳正育,107年直轄市議員選舉,首次申報,1070808,匿名捐贈,匿名,,1000.00,0.00,,金錢,,,
18,陳正育,107年直轄市議員選舉,首次申報,1070808,個人捐贈收入,劉奉珠,,500.00,0.00,,金錢,臺北市文山區****,0932*****,
19,陳正育,107年直轄市議員選舉,首次申報,1070808,個人捐贈收入,鄭麗卿,,1000.00,0.00,,金錢,高雄市仁武區****,,
20,陳正育,107年直轄市議員選舉,首次申報,1070810,個人捐贈收入,莊如婷,,1000.00,0.00,,金錢,臺南市東區林****,0982*****,
21,陳正育,107年直轄市議員選舉,首次申報,1070815,個人捐贈收入,陳億彰,,1000.00,0.00,,金錢,臺中市西屯區****,0910*****,
22,陳正育,107年直轄市議員選舉,首次申報,1070917,匿名捐贈,匿名,,147.00,0.00,,金錢,,,
23,陳正育,107年直轄市議員選舉,首次申報,1071030,個人捐贈收入,王炎龍,,2000.00,0.00,,金錢,臺南市東區東****,0936*****,
24,陳正育,107年直轄市議員選舉,首次申報,1071112,個人捐贈收入,吳俊男,,3000.00,0.00,,金錢,,0931*****,
