﻿序號,擬參選人／政黨,選舉名稱,申報序號／年度,交易日期,收支科目,捐贈者／支出對象,身分證／統一編號,收入金額,支出金額,捐贈方式,存入專戶日期,返還/繳庫,支出用途,金錢類,地址,聯絡電話,應揭露之支出對象,支出對象之內部人員姓名,支出對象之內部人員職稱,政黨之內部人員姓名,政黨之內部人員職稱,關係,更正註記,資料更正日期
1,周佳琪,111年屏東縣屏東市市長選舉,首次申報,1110630,宣傳支出,微工廣告工程,10890495,0.00,75000.00,,,,製作競選物品或宣傳廣告費用(布條印製含施工）,金錢,屏東縣屏東市****,,否,,,,,,,
2,周佳琪,111年屏東縣屏東市市長選舉,首次申報,1110701,宣傳支出,吳惠碧,,0.00,7500.00,,,,租用廣告看板或車體廣告費用(元/月，共個月),金錢,屏東縣屏東市****,,否,,,,,,,
3,周佳琪,111年屏東縣屏東市市長選舉,首次申報,1110701,宣傳支出,侯勇祥,,0.00,2500.00,,,,租用廣告看板或車體廣告費用(元/月，共個月),金錢,屏東縣屏東市****,,否,,,,,,,
4,周佳琪,111年屏東縣屏東市市長選舉,首次申報,1110701,宣傳支出,陳世美,,0.00,5000.00,,,,租用廣告看板或車體廣告費用(元/月，共個月),金錢,屏東縣屏東市****,,否,,,,,,,
5,周佳琪,111年屏東縣屏東市市長選舉,首次申報,1110701,宣傳支出,吳秀真,P22*******,0.00,20000.00,,,,租用廣告看板或車體廣告費用(元/月， 共個月),金錢,屏東縣里港鄉****,,否,,,,,,,
6,周佳琪,111年屏東縣屏東市市長選舉,首次申報,1110701,宣傳支出,陳秀鳳,P22*******,0.00,30000.00,,,,租用廣告看板或車體廣告費用(元/月，共個月),金錢,屏東縣屏東市****,,否,,,,,,,
7,周佳琪,111年屏東縣屏東市市長選舉,首次申報,1110701,宣傳支出,莊永,T12*******,0.00,40000.00,,,,租用廣告看板或車體廣告費用(元/月，共個月),金錢,屏東縣屏東市****,,否,,,,,,,
8,周佳琪,111年屏東縣屏東市市長選舉,首次申報,1110701,宣傳支出,王齊景,T12*******,0.00,20000.00,,,,租用廣告看板或車體廣告費用(元/月， 共個月),金錢,屏東縣屏東市****,,否,,,,,,,
9,周佳琪,111年屏東縣屏東市市長選舉,首次申報,1110701,宣傳支出,林江煌,T12*******,0.00,15000.00,,,,租用廣告看板或車體廣告費用(元/月，共個月),金錢,屏東縣屏東市****,,否,,,,,,,
10,周佳琪,111年屏東縣屏東市市長選舉,首次申報,1110706,雜支支出,中華郵政九如郵局,,0.00,20.00,,,,劃撥存款手續費,金錢,屏東縣九如鄉****,,否,,,,,,,
11,周佳琪,111年屏東縣屏東市市長選舉,首次申報,1110706,集會支出,邑晟環衛有限公司,80383676,0.00,3500.00,,,,清潔整理費用(流動廁所清潔服務座),金錢,高雄市楠梓區****,,否,,,,,,,
12,周佳琪,111年屏東縣屏東市市長選舉,首次申報,1110707,雜支支出,中華郵政廣東路郵局,,0.00,20.00,,,,劃撥存款手續費,金錢,屏東縣屏東市****,,否,,,,,,,
13,周佳琪,111年屏東縣屏東市市長選舉,首次申報,1110707,宣傳支出,高聯企業社,99403700,0.00,36750.00,,,,播放、傳送或刊登宣傳廣告費用,金錢,高雄市左營區****,,否,,,,,,,
14,周佳琪,111年屏東縣屏東市市長選舉,首次申報,1110708,宣傳支出,利吉印刷有限公司,12988972,0.00,36750.00,,,,製作競選物品或宣傳廣告費用（印刷品張*.元）,金錢,屏東縣屏東市****,,否,,,,,,,
15,周佳琪,111年屏東縣屏東市市長選舉,首次申報,1110711,人事費用支出,張湘琳,X22*******,0.00,30000.00,,,,工資或薪津,金錢,屏東縣屏東市****,,否,,,,,,,
16,周佳琪,111年屏東縣屏東市市長選舉,首次申報,1110712,雜支支出,金吉利五金百貨行,36702194,0.00,4764.00,,,,文具用品費用,金錢,屏東縣屏東市****,,否,,,,,,,
17,周佳琪,111年屏東縣屏東市市長選舉,首次申報,1110713,雜支支出,中華郵政屏東北平路郵局,,0.00,20.00,,,,劃撥存款手續費,金錢,屏東縣屏東市****,,否,,,,,,,
18,周佳琪,111年屏東縣屏東市市長選舉,首次申報,1110713,宣傳支出,利吉印刷有限公司,12988972,0.00,42000.00,,,,製作競選物品或宣傳廣告費用（拜訪名片張*.元，文宣A:張*.元）,金錢,屏東縣屏東市****,,否,,,,,,,
19,周佳琪,111年屏東縣屏東市市長選舉,首次申報,1110713,宣傳支出,德美國際有限公司,59233552,0.00,36005.00,,,,其他與選舉宣傳有關之費用(背心),金錢,高雄市鳳山區****,,否,,,,,,,
20,周佳琪,111年屏東縣屏東市市長選舉,首次申報,1110713,集會支出,芭迪活動事業有限公司,79993502,0.00,10000.00,,,,租用設備費用(音響),金錢,屏東縣內埔鄉****,,否,,,,,,,
21,周佳琪,111年屏東縣屏東市市長選舉,首次申報,1110714,雜支支出,中華郵政屏東民生路郵局,,0.00,20.00,,,,劃撥存款手續費,金錢,屏東縣屏東市****,,否,,,,,,,
22,周佳琪,111年屏東縣屏東市市長選舉,首次申報,1110715,雜支支出,中華郵政屏東北平路郵局,,0.00,20.00,,,,票據存款手續費,金錢,屏東縣屏東市****,,否,,,,,,,
23,周佳琪,111年屏東縣屏東市市長選舉,首次申報,1110715,雜支支出,中華郵政潮州郵局,,0.00,20.00,,,,劃撥存款手續費,金錢,屏東縣潮州鎮****,,否,,,,,,,
24,周佳琪,111年屏東縣屏東市市長選舉,首次申報,1110715,集會支出,芭迪活動事業有限公司,79993502,0.00,10000.00,,,,租用設備費用(音響設備),金錢,屏東縣內埔鄉****,,否,,,,,,,
25,周佳琪,111年屏東縣屏東市市長選舉,首次申報,1110715,公共關係費用支出,宜欣企業社,95990973,0.00,45200.00,,,,聯誼交際費用(輓聯),金錢,屏東縣屏東市****,,否,,,,,,,
26,周佳琪,111年屏東縣屏東市市長選舉,首次申報,1110718,宣傳支出,微工廣告工程,10890495,0.00,55000.00,,,,租用廣告看板或車體廣告費用,金錢,屏東縣屏東市****,,否,,,,,,,
27,周佳琪,111年屏東縣屏東市市長選舉,首次申報,1110718,雜支支出,鴻順商行,71294603,0.00,3000.00,,,,雜項購置或修繕費用-塑膠袋,金錢,高雄市鹽埕區****,,否,,,,,,,
28,周佳琪,111年屏東縣屏東市市長選舉,首次申報,1110718,集會支出,芭迪活動事業有限公司,79993502,0.00,10000.00,,,,租用設備費用(音響),金錢,屏東縣內埔鄉****,,否,,,,,,,
29,周佳琪,111年屏東縣屏東市市長選舉,首次申報,1110719,宣傳支出,利吉印刷有限公司,12988972,0.00,5775.00,,,,製作競選物品或宣傳廣告費用（A文宣:張*.）,金錢,屏東縣屏東市****,,否,,,,,,,
30,周佳琪,111年屏東縣屏東市市長選舉,首次申報,1110719,宣傳支出,蔡進財,Q12*******,0.00,84000.00,,,,租用廣告看板或車體廣告費用(元/月，共個月),金錢,高雄市小港區****,,否,,,,,,,
31,周佳琪,111年屏東縣屏東市市長選舉,首次申報,1110720,雜支支出,中華郵政前金郵局,,0.00,20.00,,,,劃撥存款手續費,金錢,高雄市前金區****,,否,,,,,,,
32,周佳琪,111年屏東縣屏東市市長選舉,首次申報,1110720,宣傳支出,琴觀股份有限公司,23642998,0.00,192000.00,,,,製作競選物品或宣傳廣告費用（濕紙巾包*.元）,金錢,高雄市前鎮區****,,否,,,,,,,
33,周佳琪,111年屏東縣屏東市市長選舉,首次申報,1110720,雜支支出,和平饅頭食品行,37679967,0.00,21170.00,,,,肉包個*.元,金錢,屏東縣九如鄉****,,否,,,,,,,
34,周佳琪,111年屏東縣屏東市市長選舉,首次申報,1110720,雜支支出,和平饅頭食品行,37679967,0.00,9280.00,,,,蛋肉顆*.元,金錢,屏東縣九如鄉****,,否,,,,,,,
35,周佳琪,111年屏東縣屏東市市長選舉,首次申報,1110720,集會支出,道格廣告企業社,99246738,0.00,10000.00,,,,租用設備費用(音響設備),金錢,屏東縣屏東市****,,否,,,,,,,
36,周佳琪,111年屏東縣屏東市市長選舉,首次申報,1110721,雜支支出,中華郵政,,0.00,100.00,,,,劃撥存款手續費,金錢,屏東縣屏東市****,,否,,,,,,,
37,周佳琪,111年屏東縣屏東市市長選舉,首次申報,1110721,宣傳支出,劉秀足,F22*******,0.00,25000.00,,,,租用廣告看板或車體廣告費用,金錢,屏東縣屏東市****,,否,,,,,,,
38,周佳琪,111年屏東縣屏東市市長選舉,首次申報,1110722,雜支支出,中華郵政,,0.00,40.00,,,,劃撥存款手續費,金錢,屏東縣萬丹鄉****,,否,,,,,,,
39,周佳琪,111年屏東縣屏東市市長選舉,首次申報,1110722,雜支支出,和平饅頭食品行,37679967,0.00,9280.00,,,,餐飲費用-肉包顆*.元,金錢,屏東縣九如鄉****,,否,,,,,,,
40,周佳琪,111年屏東縣屏東市市長選舉,首次申報,1110722,集會支出,道格廣告企業社,99246738,0.00,10000.00,,,,租用設備費用(音響設備),金錢,屏東縣屏東市****,,否,,,,,,,
41,周佳琪,111年屏東縣屏東市市長選舉,首次申報,1110725,宣傳支出,利吉印刷有限公司,12988972,0.00,36750.00,,,,製作競選物品或宣傳廣告費用（拜訪名片張*.）,金錢,屏東縣屏東市****,,否,,,,,,,
42,周佳琪,111年屏東縣屏東市市長選舉,首次申報,1110725,雜支支出,和平饅頭食品行,37679967,0.00,13630.00,,,,餐飲費用-蛋肉個*.元,金錢,屏東縣九如鄉****,,否,,,,,,,
43,周佳琪,111年屏東縣屏東市市長選舉,首次申報,1110725,集會支出,道格廣告企業社,99246738,0.00,10000.00,,,,租用設備費用(音響設備),金錢,屏東縣屏東市****,,否,,,,,,,
44,周佳琪,111年屏東縣屏東市市長選舉,首次申報,1110725,宣傳支出,林宜靜,F22*******,0.00,80000.00,,,,租用廣告看板或車體廣告費用(元/月， 共個月),金錢,新北市三重區****,,否,,,,,,,
45,周佳琪,111年屏東縣屏東市市長選舉,首次申報,1110725,宣傳支出,賴順生,T10*******,0.00,28000.00,,,,租用廣告看板或車體廣告費用(元/月， 共個月),金錢,屏東縣屏東市****,,否,,,,,,,
46,周佳琪,111年屏東縣屏東市市長選舉,首次申報,1110725,宣傳支出,張乙斌,T12*******,0.00,36000.00,,,,租用廣告看板或車體廣告費用(元/月，共個月),金錢,高雄市鳳山區****,,否,,,,,,,
47,周佳琪,111年屏東縣屏東市市長選舉,首次申報,1110727,雜支支出,和平饅頭食品行,37679967,0.00,6250.00,,,,餐飲費用,金錢,屏東縣九如鄉****,,否,,,,,,,
48,周佳琪,111年屏東縣屏東市市長選舉,首次申報,1110727,集會支出,道格廣告企業社,99246738,0.00,10000.00,,,,租用設備費用(音響),金錢,屏東縣屏東市****,,否,,,,,,,
49,周佳琪,111年屏東縣屏東市市長選舉,首次申報,1110729,雜支支出,中華郵政,,0.00,20.00,,,,劃撥存款手續費,金錢,桃園市龜山區****,,否,,,,,,,
50,周佳琪,111年屏東縣屏東市市長選舉,首次申報,1110729,雜支支出,和平饅頭食品行,37679967,0.00,7830.00,,,,餐飲費用-蛋肉顆*.元,金錢,屏東縣九如鄉****,,否,,,,,,,
51,周佳琪,111年屏東縣屏東市市長選舉,首次申報,1110729,集會支出,芭迪活動事業有限公司,79993502,0.00,10000.00,,,,租用設備費用(音響),金錢,屏東縣內埔鄉****,,否,,,,,,,
52,周佳琪,111年屏東縣屏東市市長選舉,首次申報,1110801,雜支支出,中華郵政,,0.00,15.00,,,,劃撥存款手續費,金錢,屏東縣屏東市****,,否,,,,,,,
53,周佳琪,111年屏東縣屏東市市長選舉,首次申報,1110801,雜支支出,和平饅頭食品行,37679967,0.00,7830.00,,,,餐飲費用-蛋肉顆*.元,金錢,屏東縣九如鄉****,,否,,,,,,,
54,周佳琪,111年屏東縣屏東市市長選舉,首次申報,1110801,集會支出,道格廣告企業社,99246738,0.00,10000.00,,,,租用設備費用(音響設備),金錢,屏東縣屏東市****,,否,,,,,,,
55,周佳琪,111年屏東縣屏東市市長選舉,首次申報,1110803,宣傳支出,捷郵聯遞企業社,10126984,0.00,14210.00,,,,郵寄競選物品或宣傳廣告費用(派送費),金錢,屏東縣屏東市****,,否,,,,,,,
56,周佳琪,111年屏東縣屏東市市長選舉,首次申報,1110803,雜支支出,和平饅頭食品行,37679967,0.00,7830.00,,,,餐飲費用-蛋肉顆*.元,金錢,屏東縣九如鄉****,,否,,,,,,,
57,周佳琪,111年屏東縣屏東市市長選舉,首次申報,1110803,集會支出,道格廣告企業社,99246738,0.00,10000.00,,,,租用設備費用(音響設備),金錢,屏東縣屏東市****,,否,,,,,,,
58,周佳琪,111年屏東縣屏東市市長選舉,首次申報,1110803,人事費用支出,白純鳳,E22*******,0.00,40000.00,,,,工資或薪津,金錢,屏東縣屏東市****,,否,,,,,,,
59,周佳琪,111年屏東縣屏東市市長選舉,首次申報,1110804,雜支支出,中華郵政,,0.00,20.00,,,,劃撥存款手續費,金錢,屏東縣屏東市****,,否,,,,,,,
60,周佳琪,111年屏東縣屏東市市長選舉,首次申報,1110804,人事費用支出,張湘琳,X22*******,0.00,30000.00,,,,工資或薪津,金錢,屏東縣屏東市****,,否,,,,,,,
61,周佳琪,111年屏東縣屏東市市長選舉,首次申報,1110805,雜支支出,和平饅頭食品行,37679967,0.00,6960.00,,,,餐飲費用-蛋肉顆*.元,金錢,屏東縣九如鄉****,,否,,,,,,,
62,周佳琪,111年屏東縣屏東市市長選舉,首次申報,1110805,集會支出,道格廣告企業社,99246738,0.00,10000.00,,,,租用設備費用(音響設備),金錢,屏東縣屏東市****,,否,,,,,,,
63,周佳琪,111年屏東縣屏東市市長選舉,首次申報,1110808,雜支支出,中華郵政,,0.00,20.00,,,,票據存款手續費,金錢,高雄市新興區****,,否,,,,,,,
64,周佳琪,111年屏東縣屏東市市長選舉,首次申報,1110808,集會支出,共泰企業行,06708050,0.00,10000.00,,,,租用設備費用(音響),金錢,高雄市前鎮區****,,否,,,,,,,
65,周佳琪,111年屏東縣屏東市市長選舉,首次申報,1110808,宣傳支出,九佰廣告社,10898320,0.00,36000.00,,,,租用廣告看板或車體廣告費用(元/月，共個月),金錢,屏東縣長治鄉****,,否,,,,,,,
66,周佳琪,111年屏東縣屏東市市長選舉,首次申報,1110808,雜支支出,和平饅頭食品行,37679967,0.00,8990.00,,,,餐飲費用-蛋肉顆*.元,金錢,屏東縣九如鄉****,,否,,,,,,,
67,周佳琪,111年屏東縣屏東市市長選舉,首次申報,1110808,雜支支出,老掌櫃便當,88948395,0.00,14700.00,,,,餐飲費用(便當個*元),金錢,屏東縣屏東市****,,否,,,,,,,
68,周佳琪,111年屏東縣屏東市市長選舉,首次申報,1110809,雜支支出,中華郵政,,0.00,20.00,,,,劃撥存款手續費,金錢,屏東縣東港鎮****,,否,,,,,,,
69,周佳琪,111年屏東縣屏東市市長選舉,首次申報,1110810,集會支出,共泰企業行,06708050,0.00,10000.00,,,,租用設備費用(音響),金錢,高雄市前鎮區****,,否,,,,,,,
70,周佳琪,111年屏東縣屏東市市長選舉,首次申報,1110810,雜支支出,和平饅頭食品行,37679967,0.00,6960.00,,,,餐飲費用-蛋肉顆*.元,金錢,屏東縣九如鄉****,,否,,,,,,,
71,周佳琪,111年屏東縣屏東市市長選舉,首次申報,1110811,集會支出,共泰企業行,06708050,0.00,10000.00,,,,租用設備費用(音響設備),金錢,高雄市前鎮區****,,否,,,,,,,
72,周佳琪,111年屏東縣屏東市市長選舉,首次申報,1110811,雜支支出,和平饅頭食品行,37679967,0.00,6960.00,,,,餐飲費用,金錢,屏東縣九如鄉****,,否,,,,,,,
73,周佳琪,111年屏東縣屏東市市長選舉,首次申報,1110814,雜支支出,和平饅頭食品行,37679967,0.00,2900.00,,,,餐飲費用-蛋肉顆*.元,金錢,屏東縣九如鄉****,,否,,,,,,,
74,周佳琪,111年屏東縣屏東市市長選舉,首次申報,1110815,集會支出,共泰企業行,06708050,0.00,10000.00,,,,租用設備費用(音響設備),金錢,高雄市前鎮區****,,否,,,,,,,
75,周佳琪,111年屏東縣屏東市市長選舉,首次申報,1110815,宣傳支出,微工廣告工程,10890495,0.00,98000.00,,,,租用廣告看板或車體廣告費用,金錢,屏東縣屏東市****,,否,,,,,,,
76,周佳琪,111年屏東縣屏東市市長選舉,首次申報,1110815,雜支支出,和平饅頭食品行,37679967,0.00,7830.00,,,,餐飲費用-蛋肉顆*.元,金錢,屏東縣九如鄉****,,否,,,,,,,
77,周佳琪,111年屏東縣屏東市市長選舉,首次申報,1110816,雜支支出,中華郵政,,0.00,20.00,,,,劃撥存款手續費,金錢,屏東縣屏東市****,,否,,,,,,,
78,周佳琪,111年屏東縣屏東市市長選舉,首次申報,1110817,雜支支出,中華郵政,,0.00,20.00,,,,劃撥存款手續費,金錢,屏東縣屏東市****,,否,,,,,,,
79,周佳琪,111年屏東縣屏東市市長選舉,首次申報,1110817,集會支出,共泰企業行,06708050,0.00,10000.00,,,,租用設備費用(音響設備),金錢,高雄市前鎮區****,,否,,,,,,,
80,周佳琪,111年屏東縣屏東市市長選舉,首次申報,1110817,雜支支出,和平饅頭食品行,37679967,0.00,6960.00,,,,餐飲費用-蛋肉顆*.元,金錢,屏東縣九如鄉****,,否,,,,,,,
81,周佳琪,111年屏東縣屏東市市長選舉,首次申報,1110819,集會支出,共泰企業行,06708050,0.00,10000.00,,,,租用設備費用(音響設備),金錢,高雄市前鎮區****,,否,,,,,,,
82,周佳琪,111年屏東縣屏東市市長選舉,首次申報,1110819,雜支支出,和平饅頭食品行,37679967,0.00,9280.00,,,,餐飲費用-蛋肉個，手工素包個*.元,金錢,屏東縣九如鄉****,,否,,,,,,,
83,周佳琪,111年屏東縣屏東市市長選舉,首次申報,1110819,宣傳支出,啓永製衣有限公司,70415869,0.00,16275.00,,,,其他與選舉宣傳有關之費用(T恤件*.元),金錢,高雄市三民區****,,否,,,,,,,
84,周佳琪,111年屏東縣屏東市市長選舉,首次申報,1110820,雜支支出,中華郵政,,0.00,20.00,,,,劃撥存款手續費,金錢,高雄市左營區****,,否,,,,,,,
85,周佳琪,111年屏東縣屏東市市長選舉,首次申報,1110822,集會支出,共泰企業行,06708050,0.00,10000.00,,,,租用設備費用(音響設備),金錢,高雄市前鎮區****,,否,,,,,,,
86,周佳琪,111年屏東縣屏東市市長選舉,首次申報,1110822,雜支支出,和平饅頭食品行,37679967,0.00,6960.00,,,,餐飲費用-蛋肉顆，手工素包顆*.元,金錢,屏東縣九如鄉****,,否,,,,,,,
87,周佳琪,111年屏東縣屏東市市長選舉,首次申報,1110824,雜支支出,和平饅頭食品行,37679967,0.00,14500.00,,,,餐飲費用-蛋肉顆，手工素包顆*.元,金錢,屏東縣九如鄉****,,否,,,,,,,
88,周佳琪,111年屏東縣屏東市市長選舉,首次申報,1110825,集會支出,共泰企業行,06708050,0.00,5000.00,,,,租用設備費用(音響),金錢,高雄市前鎮區****,,否,,,,,,,
89,周佳琪,111年屏東縣屏東市市長選舉,首次申報,1110825,雜支支出,和平饅頭食品行,37679967,0.00,4350.00,,,,餐飲費用-蛋肉顆，手工素包顆*.元,金錢,屏東縣九如鄉****,,否,,,,,,,
90,周佳琪,111年屏東縣屏東市市長選舉,首次申報,1110825,集會支出,郭漢辰文學工作室,89049815,0.00,4000.00,,,,租用場地費用(含飲料金),金錢,屏東縣屏東市****,,否,,,,,,,
91,周佳琪,111年屏東縣屏東市市長選舉,首次申報,1110826,宣傳支出,微工廣告工程,10890495,0.00,90000.00,,,,製作競選物品或宣傳廣告費用（布條印製含施工）,金錢,屏東縣屏東市****,,否,,,,,,,
92,周佳琪,111年屏東縣屏東市市長選舉,首次申報,1110826,雜支支出,和平饅頭食品行,37679967,0.00,5510.00,,,,餐飲費用-蛋肉顆，手工素包顆*.元,金錢,屏東縣九如鄉****,,否,,,,,,,
93,周佳琪,111年屏東縣屏東市市長選舉,首次申報,1110827,雜支支出,和平饅頭食品行,37679967,0.00,10150.00,,,,餐飲費用-蛋肉顆，手工素包顆*.元,金錢,屏東縣九如鄉****,,否,,,,,,,
94,周佳琪,111年屏東縣屏東市市長選舉,首次申報,1110827,集會支出,芭迪活動事業有限公司,79993502,0.00,10000.00,,,,租用設備費用,金錢,屏東縣內埔鄉****,,否,,,,,,,
95,周佳琪,111年屏東縣屏東市市長選舉,首次申報,1110829,雜支支出,中華郵政,,0.00,20.00,,,,票據存款手續費,金錢,屏東縣屏東市****,,否,,,,,,,
96,周佳琪,111年屏東縣屏東市市長選舉,首次申報,1110829,雜支支出,和平饅頭食品行,37679967,0.00,9280.00,,,,餐飲費用-蛋肉顆，手工素包顆*.元,金錢,屏東縣九如鄉****,,否,,,,,,,
97,周佳琪,111年屏東縣屏東市市長選舉,首次申報,1110831,雜支支出,中華郵政,,0.00,20.00,,,,票據存款手續費,金錢,屏東縣屏東市****,,否,,,,,,,
98,周佳琪,111年屏東縣屏東市市長選舉,首次申報,1110831,雜支支出,中華郵政,,0.00,20.00,,,,票據存款手續費,金錢,屏東縣屏東市****,,否,,,,,,,
99,周佳琪,111年屏東縣屏東市市長選舉,首次申報,1110831,集會支出,共泰企業行,06708050,0.00,10000.00,,,,租用設備費用(音響設備),金錢,高雄市前鎮區****,,否,,,,,,,
100,周佳琪,111年屏東縣屏東市市長選舉,首次申報,1110831,雜支支出,和平饅頭食品行,37679967,0.00,7830.00,,,,餐飲費用,金錢,屏東縣九如鄉****,,否,,,,,,,
101,周佳琪,111年屏東縣屏東市市長選舉,首次申報,1110831,宣傳支出,樂水智研有限公司,82835958,0.00,120000.00,,,,委託辦理研究、評估、調查、設計或規劃費用,金錢,高雄市前金區****,,否,,,,,,,
102,周佳琪,111年屏東縣屏東市市長選舉,首次申報,1110901,集會支出,金牌企業社,25783825,0.00,5000.00,,,,租用設備費用(音響租用),金錢,屏東縣屏東市****,,否,,,,,,,
103,周佳琪,111年屏東縣屏東市市長選舉,首次申報,1110901,雜支支出,和平饅頭食品行,37679967,0.00,3480.00,,,,餐飲費用-蛋肉顆*.元,金錢,屏東縣九如鄉****,,否,,,,,,,
104,周佳琪,111年屏東縣屏東市市長選舉,首次申報,1110902,宣傳支出,利吉印刷有限公司,12988972,0.00,4725.00,,,,製作競選物品或宣傳廣告費用（拜訪名片:張*.）,金錢,屏東縣屏東市****,,否,,,,,,,
105,周佳琪,111年屏東縣屏東市市長選舉,首次申報,1110903,人事費用支出,白純鳳,E22*******,0.00,30000.00,,,,工資或薪津,金錢,屏東縣屏東市****,,否,,,,,,,
106,周佳琪,111年屏東縣屏東市市長選舉,首次申報,1110905,人事費用支出,張湘琳,X22*******,0.00,30000.00,,,,工資或薪津,金錢,屏東縣屏東市****,,否,,,,,,,
107,周佳琪,111年屏東縣屏東市市長選舉,首次申報,1110906,雜支支出,和平饅頭食品行,37679967,0.00,9280.00,,,,餐飲費用-蛋肉顆*.元,金錢,屏東縣九如鄉****,,否,,,,,,,
108,周佳琪,111年屏東縣屏東市市長選舉,首次申報,1110907,集會支出,共泰企業行,06708050,0.00,10000.00,,,,租用設備費用(音響設備),金錢,高雄市前鎮區****,,否,,,,,,,
109,周佳琪,111年屏東縣屏東市市長選舉,首次申報,1110907,雜支支出,和平饅頭食品行,37679967,0.00,8750.00,,,,餐飲費用-蛋肉顆*.元,金錢,屏東縣九如鄉****,,否,,,,,,,
110,周佳琪,111年屏東縣屏東市市長選舉,首次申報,1110908,宣傳支出,趨勢民意調查股份有限公司,53121236,0.00,160000.00,,,,委託辦理研究、評估、調查、設計或規劃費用,金錢,臺北市信義區****,,否,,,,,,,
111,周佳琪,111年屏東縣屏東市市長選舉,首次申報,1110912,雜支支出,中華郵政,,0.00,20.00,,,,劃撥存款手續費,金錢,屏東縣屏東市****,,否,,,,,,,
112,周佳琪,111年屏東縣屏東市市長選舉,首次申報,1110914,集會支出,共泰企業行,06708050,0.00,5000.00,,,,租用設備費用,金錢,高雄市前鎮區****,,否,,,,,,,
113,周佳琪,111年屏東縣屏東市市長選舉,首次申報,1110919,宣傳支出,利吉印刷有限公司,12988972,0.00,4200.00,,,,製作競選物品或宣傳廣告費用（大海報張*元）,金錢,屏東縣屏東市****,,否,,,,,,,
114,周佳琪,111年屏東縣屏東市市長選舉,首次申報,1110921,宣傳支出,微工廣告工程,10890495,0.00,38000.00,,,,租用廣告看板或車體廣告費用,金錢,屏東縣屏東市****,,否,,,,,,,
115,周佳琪,111年屏東縣屏東市市長選舉,首次申報,1110928,雜支支出,中華郵政,,0.00,40.00,,,,劃撥存款手續費,金錢,屏東縣屏東市****,,否,,,,,,,
116,周佳琪,111年屏東縣屏東市市長選舉,首次申報,1110930,宣傳支出,利吉印刷有限公司,12988972,0.00,68985.00,,,,製作競選物品或宣傳廣告費用（文宣張*.）,金錢,屏東縣屏東市****,,否,,,,,,,
117,周佳琪,111年屏東縣屏東市市長選舉,首次申報,1111003,人事費用支出,張湘琳,X22*******,0.00,30000.00,,,,工資或薪津,金錢,屏東縣屏東市****,,否,,,,,,,
118,周佳琪,111年屏東縣屏東市市長選舉,首次申報,1111005,宣傳支出,興達刀具五金行大發店,85523296,0.00,11000.00,,,,其他與選舉宣傳有關之費用(雙斧-小),金錢,高雄市茄萣區****,,否,,,,,,,
119,周佳琪,111年屏東縣屏東市市長選舉,首次申報,1111006,雜支支出,中華郵政,,0.00,20.00,,,,劃撥存款手續費,金錢,屏東縣屏東市****,,否,,,,,,,
120,周佳琪,111年屏東縣屏東市市長選舉,首次申報,1111006,雜支支出,台灣電力公司,,0.00,19084.00,,,,水電瓦斯費用,金錢,屏東縣屏東市****,,否,,,,,,,
121,周佳琪,111年屏東縣屏東市市長選舉,首次申報,1111006,集會支出,新光產物保險股份有限公司,03458403,0.00,34297.00,,,,其他與集會有關之費用(公共意外責任保險),金錢,臺北市建國北****,,否,,,,,,,
122,周佳琪,111年屏東縣屏東市市長選舉,首次申報,1111006,宣傳支出,自由時報企業股份有限公司,52570683,0.00,44100.00,,,,播放、傳送或刊登宣傳廣告費用,金錢,臺北市瑞光路****,,否,,,,,,,
123,周佳琪,111年屏東縣屏東市市長選舉,首次申報,1111006,人事費用支出,白純鳳,E22*******,0.00,30000.00,,,,工資或薪津,金錢,屏東縣屏東市****,,否,,,,,,,
124,周佳琪,111年屏東縣屏東市市長選舉,首次申報,1111007,宣傳支出,艾勒芬廣告行銷有限公司,53882122,0.00,45000.00,,,,播放、傳送或刊登宣傳廣告費用,金錢,高雄市楠梓區****,,否,,,,,,,
125,周佳琪,111年屏東縣屏東市市長選舉,首次申報,1111007,宣傳支出,高聯企業社,99403700,0.00,36750.00,,,,播放、傳送或刊登宣傳廣告費用,金錢,高雄市左營區****,,否,,,,,,,
126,周佳琪,111年屏東縣屏東市市長選舉,首次申報,1111008,租用宣傳車輛支出,劉珍華,,0.00,7800.00,,,,雇用宣傳車輛駕駛費用,金錢,屏東縣屏東市****,,否,,,,,,,
127,周佳琪,111年屏東縣屏東市市長選舉,首次申報,1111008,集會支出,屏東汽車客運股份有限公司,90724553,0.00,97000.00,,,,其他與集會有關之費用(總部成立租車費),金錢,屏東縣屏東市****,,否,,,,,,,
128,周佳琪,111年屏東縣屏東市市長選舉,首次申報,1111010,集會支出,天姿舞蹈戲劇表演服飾特殊造型館,25808826,0.00,1180.00,,,,其他與集會有關之費用(表演造型派對服飾),金錢,屏東縣屏東市****,,否,,,,,,,
129,周佳琪,111年屏東縣屏東市市長選舉,首次申報,1111011,雜支支出,中華郵政,,0.00,40.00,,,,劃撥存款手續費,金錢,屏東縣東港鎮****,,否,,,,,,,
130,周佳琪,111年屏東縣屏東市市長選舉,首次申報,1111011,雜支支出,台灣自來水股份有限公司,,0.00,2253.00,,,,水電瓦斯費用,金錢,屏東縣屏東市****,,否,,,,,,,
131,周佳琪,111年屏東縣屏東市市長選舉,首次申報,1111011,雜支支出,鴻順商行,71294603,0.00,4000.00,,,,雜項購置或修繕費用-塑膠袋,金錢,高雄市鹽埕區****,,否,,,,,,,
132,周佳琪,111年屏東縣屏東市市長選舉,首次申報,1111012,雜支支出,中華郵政,,0.00,40.00,,,,劃撥存款手續費,金錢,桃園市平鎮區****,,否,,,,,,,
133,周佳琪,111年屏東縣屏東市市長選舉,首次申報,1111012,宣傳支出,微工廣告工程,10890495,0.00,70000.00,,,,租用廣告看板或車體廣告費用,金錢,屏東縣屏東市****,,否,,,,,,,
134,周佳琪,111年屏東縣屏東市市長選舉,首次申報,1111012,雜支支出,鴻順商行,71294603,0.00,4500.00,,,,雜項購置或修繕費用-塑膠袋,金錢,高雄市鹽埕區****,,否,,,,,,,
135,周佳琪,111年屏東縣屏東市市長選舉,首次申報,1111013,雜支支出,中華電信股份有限公司,,0.00,1980.00,,,,電信費用,金錢,屏東縣屏東市****,,否,,,,,,,
136,周佳琪,111年屏東縣屏東市市長選舉,首次申報,1111013,雜支支出,鑫國五金實業有限公司,,0.00,2080.00,,,,噴號碼所用工具,金錢,屏東縣屏東市****,,否,,,,,,,
137,周佳琪,111年屏東縣屏東市市長選舉,首次申報,1111013,雜支支出,大林藥師藥局,,0.00,750.00,,,,N口罩,金錢,屏東縣屏東市****,,否,,,,,,,
138,周佳琪,111年屏東縣屏東市市長選舉,首次申報,1111013,雜支支出,鴻順商行,71294603,0.00,4500.00,,,,雜項購置或修繕費用-塑膠袋,金錢,高雄市鹽埕區****,,否,,,,,,,
139,周佳琪,111年屏東縣屏東市市長選舉,首次申報,1111014,雜支支出,福聚企業行,,0.00,2100.00,,,,餐飲費用-麻油雞袋麵,金錢,屏東縣萬巒鄉****,,否,,,,,,,
140,周佳琪,111年屏東縣屏東市市長選舉,首次申報,1111014,雜支支出,鴻順商行,71294603,0.00,2000.00,,,,雜項購置或修繕費用-塑膠袋,金錢,高雄市鹽埕區****,,否,,,,,,,
141,周佳琪,111年屏東縣屏東市市長選舉,首次申報,1111014,集會支出,邑晟環衛有限公司,80383676,0.00,35000.00,,,,清潔整理費用(流動廁所清潔服務座*元),金錢,高雄市楠梓區****,,否,,,,,,,
142,周佳琪,111年屏東縣屏東市市長選舉,首次申報,1111017,租用宣傳車輛支出,劉珍華,,0.00,7800.00,,,,雇用宣傳車輛駕駛費用,金錢,屏東縣屏東市****,,否,,,,,,,
143,周佳琪,111年屏東縣屏東市市長選舉,首次申報,1111019,宣傳支出,利吉印刷有限公司,12988972,0.00,76650.00,,,,製作競選物品或宣傳廣告費用（A文宣張*.）,金錢,屏東縣屏東市****,,否,,,,,,,
144,周佳琪,111年屏東縣屏東市市長選舉,首次申報,1111021,雜支支出,中華郵政,,0.00,20.00,,,,劃撥存款手續費,金錢,屏東縣新園鄉****,,否,,,,,,,
145,周佳琪,111年屏東縣屏東市市長選舉,首次申報,1111021,租用競選辦事處支出,淞禾土木工程有限公司,,0.00,8000.00,,,,服務處隔間裝潢工程,金錢,屏東縣屏東市****,,否,,,,,,,
146,周佳琪,111年屏東縣屏東市市長選舉,首次申報,1111021,集會支出,新光產物保險股份有限公司,03458403,0.00,12723.00,,,,其他與集會有關之費用(公共意外責任保險),金錢,臺北市建國北****,,否,,,,,,,
147,周佳琪,111年屏東縣屏東市市長選舉,首次申報,1111024,雜支支出,中華郵政,,0.00,20.00,,,,劃撥存款手續費,金錢,屏東縣屏東市****,,否,,,,,,,
148,周佳琪,111年屏東縣屏東市市長選舉,首次申報,1111024,租用宣傳車輛支出,劉珍華,,0.00,7800.00,,,,雇用宣傳車輛駕駛費用,金錢,屏東縣屏東市****,,否,,,,,,,
149,周佳琪,111年屏東縣屏東市市長選舉,首次申報,1111024,宣傳支出,觀昇有線電視股份有限公司,97168406,0.00,135000.00,,,,播放、傳送或刊登宣傳廣告費用,金錢,屏東縣屏東市****,,否,,,,,,,
150,周佳琪,111年屏東縣屏東市市長選舉,首次申報,1111025,人事費用支出,郭平利,T12*******,0.00,20000.00,,,,其他因工作酬勞之給付,金錢,屏東市延平一****,,否,,,,,,,
151,周佳琪,111年屏東縣屏東市市長選舉,首次申報,1111026,宣傳支出,利吉印刷有限公司,12988972,0.00,24000.00,,,,製作競選物品或宣傳廣告費用（A文宣張*.）,金錢,屏東縣屏東市****,,否,,,,,,,
152,周佳琪,111年屏東縣屏東市市長選舉,首次申報,1111027,雜支支出,中華郵政,,0.00,40.00,,,,劃撥存款手續費,金錢,屏東縣屏東市****,,否,,,,,,,
153,周佳琪,111年屏東縣屏東市市長選舉,首次申報,1111027,雜支支出,中華電信股份有限公司,,0.00,999.00,,,,電信費用,金錢,屏東縣屏東市****,,否,,,,,,,
154,周佳琪,111年屏東縣屏東市市長選舉,首次申報,1111027,雜支支出,大吉液化煤氣行,,0.00,200.00,,,,水電瓦斯費用,金錢,屏東縣屏東市****,,否,,,,,,,
155,周佳琪,111年屏東縣屏東市市長選舉,首次申報,1111028,宣傳支出,利吉印刷有限公司,12988972,0.00,2520.00,,,,製作競選物品或宣傳廣告費用（政見文宣張*.元）,金錢,屏東縣屏東市****,,否,,,,,,,
156,周佳琪,111年屏東縣屏東市市長選舉,首次申報,1111030,宣傳支出,捷郵聯遞企業社,10126984,0.00,77000.00,,,,郵寄競選物品或宣傳廣告費用(派送費),金錢,屏東縣屏東市****,,否,,,,,,,
157,周佳琪,111年屏東縣屏東市市長選舉,首次申報,1111031,租用宣傳車輛支出,劉珍華,,0.00,7800.00,,,,雇用宣傳車輛駕駛費用,金錢,屏東縣屏東市****,,否,,,,,,,
158,周佳琪,111年屏東縣屏東市市長選舉,首次申報,1111031,宣傳支出,利吉印刷有限公司,12988972,0.00,84000.00,,,,製作競選物品或宣傳廣告費用（文宣張*.）,金錢,屏東縣屏東市****,,否,,,,,,,
159,周佳琪,111年屏東縣屏東市市長選舉,首次申報,1111101,雜支支出,中華郵政,,0.00,60.00,,,,劃撥存款手續費,金錢,屏東縣屏東市****,,否,,,,,,,
160,周佳琪,111年屏東縣屏東市市長選舉,首次申報,1111102,雜支支出,中華郵政,,0.00,80.00,,,,劃撥存款手續費,金錢,屏東縣屏東市****,,否,,,,,,,
161,周佳琪,111年屏東縣屏東市市長選舉,首次申報,1111103,集會支出,欣傑舞台佈景工程有限公司,24274970,0.00,892500.00,,,,租用設備費用(造勢晚會器材設備),金錢,高雄市仁武區****,,否,,,,,,,
162,周佳琪,111年屏東縣屏東市市長選舉,首次申報,1111104,雜支支出,中華郵政,,0.00,20.00,,,,劃撥存款手續費,金錢,屏東縣屏東市****,,否,,,,,,,
163,周佳琪,111年屏東縣屏東市市長選舉,首次申報,1111107,雜支支出,源山車業,,0.00,3350.00,,,,貨車保養費,金錢,屏東縣屏東市****,,否,,,,,,,
164,周佳琪,111年屏東縣屏東市市長選舉,首次申報,1111107,租用宣傳車輛支出,劉珍華,,0.00,7800.00,,,,雇用宣傳車輛駕駛費用,金錢,屏東縣屏東市****,,否,,,,,,,
165,周佳琪,111年屏東縣屏東市市長選舉,首次申報,1111107,宣傳支出,利吉印刷有限公司,12988972,0.00,84000.00,,,,製作競選物品或宣傳廣告費用（A文宣張*.元）,金錢,屏東縣屏東市****,,否,,,,,,,
166,周佳琪,111年屏東縣屏東市市長選舉,首次申報,1111107,人事費用支出,白純鳳,E22*******,0.00,30000.00,,,,工資或薪津,金錢,屏東縣屏東市****,,否,,,,,,,
167,周佳琪,111年屏東縣屏東市市長選舉,首次申報,1111108,雜支支出,中華郵政,,0.00,100.00,,,,劃撥存款手續費,金錢,屏東縣屏東市****,,否,,,,,,,
168,周佳琪,111年屏東縣屏東市市長選舉,首次申報,1111109,雜支支出,科進行有限公司,76401173,0.00,8760.00,,,,拍立得相機、底片,金錢,高雄市鹽埕區****,,否,,,,,,,
169,周佳琪,111年屏東縣屏東市市長選舉,首次申報,1111109,人事費用支出,張湘琳,X22*******,0.00,30000.00,,,,工資或薪津,金錢,屏東縣屏東市****,,否,,,,,,,
170,周佳琪,111年屏東縣屏東市市長選舉,首次申報,1111110,宣傳支出,微工廣告工程,10890495,0.00,99000.00,,,,租用廣告看板或車體廣告費用,金錢,屏東縣屏東市****,,否,,,,,,,
171,周佳琪,111年屏東縣屏東市市長選舉,首次申報,1111110,宣傳支出,月光鳥派對服飾店,41303751,0.00,4700.00,,,,演講或表演費用(租衣費),金錢,高雄市鳳山區****,,否,,,,,,,
172,周佳琪,111年屏東縣屏東市市長選舉,首次申報,1111110,宣傳支出,月光鳥派對服飾店,41303751,0.00,2200.00,,,,演講或表演費用(租衣費),金錢,高雄市鳳山區****,,否,,,,,,,
173,周佳琪,111年屏東縣屏東市市長選舉,首次申報,1111110,宣傳支出,欣潮舞蹈韻律服飾,56935880,0.00,950.00,,,,演講或表演費用(服裝),金錢,臺南市西門路****,,否,,,,,,,
174,周佳琪,111年屏東縣屏東市市長選舉,首次申報,1111111,雜支支出,中華郵政,,0.00,20.00,,,,劃撥存款手續費,金錢,屏東縣屏東市****,,否,,,,,,,
175,周佳琪,111年屏東縣屏東市市長選舉,首次申報,1111111,宣傳支出,利吉印刷有限公司,12988972,0.00,3360.00,,,,製作競選物品或宣傳廣告費用（卡片張*.元）,金錢,屏東縣屏東市****,,否,,,,,,,
176,周佳琪,111年屏東縣屏東市市長選舉,首次申報,1111111,宣傳支出,利吉印刷有限公司,12988972,0.00,9450.00,,,,製作競選物品或宣傳廣告費用（文宣張*.）,金錢,屏東縣屏東市****,,否,,,,,,,
177,周佳琪,111年屏東縣屏東市市長選舉,首次申報,1111111,宣傳支出,港都廣播電臺股份有限公司,89280861,0.00,40000.00,,,,播放、傳送或刊登宣傳廣告費用,金錢,高雄市三民區****,,否,,,,,,,
178,周佳琪,111年屏東縣屏東市市長選舉,首次申報,1111114,租用宣傳車輛支出,劉珍華,,0.00,7800.00,,,,雇用宣傳車輛駕駛費用(/~/),金錢,屏東縣屏東市****,,否,,,,,,,
179,周佳琪,111年屏東縣屏東市市長選舉,首次申報,1111114,宣傳支出,利吉印刷有限公司,12988972,0.00,91350.00,,,,製作競選物品或宣傳廣告費用（A文宣張*.元）,金錢,屏東縣屏東市****,,否,,,,,,,
180,周佳琪,111年屏東縣屏東市市長選舉,首次申報,1111115,雜支支出,中華郵政,,0.00,20.00,,,,劃撥存款手續費,金錢,屏東縣屏東市****,,否,,,,,,,
181,周佳琪,111年屏東縣屏東市市長選舉,首次申報,1111115,返還捐贈支出,宗城建設有限公司,86587944,0.00,50000.00,,,,返還,金錢,屏東縣屏東市****,,否,,,,,,,
182,周佳琪,111年屏東縣屏東市市長選舉,首次申報,1111116,雜支支出,中華郵政,,0.00,40.00,,,,劃撥存款手續費,金錢,屏東縣屏東市****,,否,,,,,,,
183,周佳琪,111年屏東縣屏東市市長選舉,首次申報,1111117,集會支出,旺旺友聯產物保險股份有限公司,96972158,0.00,4660.00,,,,其他與集會有關之費用(公共意外責任保險),金錢,臺北市忠孝東****,,否,,,,,,,
184,周佳琪,111年屏東縣屏東市市長選舉,首次申報,1111118,宣傳支出,壹肆伍貮創意整合有限公司,27227326,0.00,10300.00,,,,關東旗桿,金錢,高雄市苓雅區****,,否,,,,,,,
185,周佳琪,111年屏東縣屏東市市長選舉,首次申報,1111119,宣傳支出,飛馬自行車有限公司,53397183,0.00,23000.00,,,,單車租賃/貨車運費,金錢,屏東縣屏東市****,,否,,,,,,,
186,周佳琪,111年屏東縣屏東市市長選舉,首次申報,1111121,雜支支出,中華電信股份有限公司,,0.00,2072.00,,,,電信費用,金錢,屏東縣屏東市****,,否,,,,,,,
187,周佳琪,111年屏東縣屏東市市長選舉,首次申報,1111121,雜支支出,中華電信股份有限公司,,0.00,442.00,,,,電信費用,金錢,屏東縣屏東市****,,否,,,,,,,
188,周佳琪,111年屏東縣屏東市市長選舉,首次申報,1111121,租用宣傳車輛支出,劉珍華,,0.00,7800.00,,,,雇用宣傳車輛駕駛費用(/-/),金錢,屏東縣屏東市****,,否,,,,,,,
189,周佳琪,111年屏東縣屏東市市長選舉,首次申報,1111121,雜支支出,中華電信股份有限公司,,0.00,983.00,,,,電信費用,金錢,屏東縣屏東市****,,否,,,,,,,
190,周佳琪,111年屏東縣屏東市市長選舉,首次申報,1111121,宣傳支出,利吉印刷有限公司,12988972,0.00,20070.00,,,,A文宣張*.;透明貼紙張*.;A文宣張*.,金錢,屏東縣屏東市****,,否,,,,,,,
191,周佳琪,111年屏東縣屏東市市長選舉,首次申報,1111121,宣傳支出,利吉印刷有限公司,12988972,0.00,1600.00,,,,製作競選物品或宣傳廣告費用（A文宣張*）,金錢,屏東縣屏東市****,,否,,,,,,,
192,周佳琪,111年屏東縣屏東市市長選舉,首次申報,1111121,宣傳支出,利吉印刷有限公司,12988972,0.00,91350.00,,,,製作競選物品或宣傳廣告費用（A文宣張*.元）,金錢,屏東縣屏東市****,,否,,,,,,,
193,周佳琪,111年屏東縣屏東市市長選舉,首次申報,1111123,集會支出,交通部臺灣鐵路管理局餐旅服務總所,,0.00,3500.00,,,,餐飲費用,金錢,臺北市中正區****,,否,,,,,,,
194,周佳琪,111年屏東縣屏東市市長選舉,首次申報,1111123,集會支出,正忠排骨飯,,0.00,2985.00,,,,餐飲費用,金錢,屏東縣屏東市****,,否,,,,,,,
195,周佳琪,111年屏東縣屏東市市長選舉,首次申報,1111123,雜支支出,台灣電力公司,,0.00,942.00,,,,水電瓦斯費用(忠孝路-號樓),金錢,屏東縣屏東市****,,否,,,,,,,
196,周佳琪,111年屏東縣屏東市市長選舉,首次申報,1111123,雜支支出,台灣電力公司,,0.00,726.00,,,,水電瓦斯費用(忠孝路-號-樓),金錢,屏東縣屏東市****,,否,,,,,,,
197,周佳琪,111年屏東縣屏東市市長選舉,首次申報,1111123,雜支支出,台灣電力公司,,0.00,7984.00,,,,水電瓦斯費用(忠孝路-號樓),金錢,屏東縣屏東市****,,否,,,,,,,
198,周佳琪,111年屏東縣屏東市市長選舉,首次申報,1111123,雜支支出,台灣電力公司,,0.00,6603.00,,,,水電瓦斯費用(忠孝路-號-樓),金錢,屏東縣屏東市****,,否,,,,,,,
199,周佳琪,111年屏東縣屏東市市長選舉,首次申報,1111123,集會支出,永沛企業社,47899201,0.00,7875.00,,,,其他與集會有關之費用(灌充手持氣球),金錢,屏東縣屏東市****,,否,,,,,,,
200,周佳琪,111年屏東縣屏東市市長選舉,首次申報,1111124,集會支出,旺旺友聯產物保險股份有限公司,96972158,0.00,19559.00,,,,其他與集會有關之費用(公共意外責任保險),金錢,臺北市忠孝東****,,否,,,,,,,
201,周佳琪,111年屏東縣屏東市市長選舉,首次申報,1111125,集會支出,永沛企業社,47899201,0.00,6300.00,,,,灌充手持氣球,金錢,屏東縣屏東市****,,否,,,,,,,
202,周佳琪,111年屏東縣屏東市市長選舉,首次申報,1111125,人事費用支出,郭平利,T12*******,0.00,23350.00,,,,其他因工作酬勞之給付-車馬費,金錢,屏東市延平一****,,否,,,,,,,
203,周佳琪,111年屏東縣屏東市市長選舉,首次申報,1111126,租用宣傳車輛支出,劉珍華,,0.00,6500.00,,,,雇用宣傳車輛駕駛費用(/-/),金錢,屏東縣屏東市****,,否,,,,,,,
204,周佳琪,111年屏東縣屏東市市長選舉,首次申報,1111128,宣傳支出,捷郵聯遞企業社,10126984,0.00,77000.00,,,,郵寄競選物品或宣傳廣告費用(派送費),金錢,屏東縣屏東市****,,否,,,,,,,
205,周佳琪,111年屏東縣屏東市市長選舉,首次申報,1111128,宣傳支出,觀昇有線電視股份有限公司,97168406,0.00,150000.00,,,,播放、傳送或刊登宣傳廣告費用,金錢,屏東縣屏東市****,,否,,,,,,,
206,周佳琪,111年屏東縣屏東市市長選舉,首次申報,1111203,雜支支出,溫崇名,,0.00,10000.00,,,,雜項購置或修繕費用(搬運費),金錢,屏東縣萬丹鄉****,,否,,,,,,,
207,周佳琪,111年屏東縣屏東市市長選舉,首次申報,1111211,雜支支出,中華電信股份有限公司,,0.00,787.00,,,,電信費用,金錢,屏東縣屏東市****,,否,,,,,,,
208,周佳琪,111年屏東縣屏東市市長選舉,首次申報,1111217,雜支支出,中華電信股份有限公司,,0.00,153.00,,,,電信費用,金錢,屏東縣屏東市****,,否,,,,,,,
209,周佳琪,111年屏東縣屏東市市長選舉,首次申報,1111218,集會支出,蘋果娛樂有限公司,83219073,0.00,358974.00,,,,/造勢晚會硬體器材租賃,金錢,高雄市仁武區****,,否,,,,,,,
210,周佳琪,111年屏東縣屏東市市長選舉,首次申報,1111220,雜支支出,中華電信股份有限公司,,0.00,991.00,,,,網際網路費用,金錢,屏東縣屏東市****,,否,,,,,,,
211,周佳琪,111年屏東縣屏東市市長選舉,首次申報,1111220,雜支支出,中華電信股份有限公司,,0.00,3081.00,,,,電信費用,金錢,屏東縣屏東市****,,否,,,,,,,
