﻿序號,擬參選人／政黨,選舉名稱,申報序號／年度,交易日期,收支科目,捐贈者／支出對象,身分證／統一編號,收入金額,支出金額,捐贈方式,存入專戶日期,返還/繳庫,支出用途,金錢類,地址,聯絡電話,應揭露之支出對象,支出對象之內部人員姓名,支出對象之內部人員職稱,政黨之內部人員姓名,政黨之內部人員職稱,關係,更正註記,資料更正日期
1,督固．撒耘,111年花蓮縣議員選舉,首次申報,1110804,雜支支出,葛秋夫,,0.00,2100.00,,,,餐飲費用,金錢,,0932*****,否,,,,,,,
2,督固．撒耘,111年花蓮縣議員選舉,首次申報,1110804,雜支支出,一九九九百貨有限公司,24371852,0.00,852.00,,,,餐飲費用,金錢,花蓮縣花蓮市****,,否,,,,,,,
3,督固．撒耘,111年花蓮縣議員選舉,首次申報,1110806,雜支支出,花蓮市達固部灣撒固兒部落豐年祭,,0.00,2000.00,,,,餐飲費用,金錢,,0937*****,否,,,,,,,
4,督固．撒耘,111年花蓮縣議員選舉,首次申報,1110807,雜支支出,花蓮縣吉安鄉福興村大鼓部落豐年祭大會,,0.00,1600.00,,,,餐飲費用,金錢,,0979*****,否,,,,,,,
5,督固．撒耘,111年花蓮縣議員選舉,首次申報,1110807,雜支支出,花蓮縣壽豐鄉水璉部落,,0.00,2000.00,,,,餐飲費用,金錢,,0911*****,否,,,,,,,
6,督固．撒耘,111年花蓮縣議員選舉,首次申報,1110810,雜支支出,天成飯店股份有限公司,03069208,0.00,1088.00,,,,文具用品費用-禮品,金錢,,,否,,,,,,,
7,督固．撒耘,111年花蓮縣議員選舉,首次申報,1110810,雜支支出,誠品生活,53519968,0.00,278.00,,,,文具用品費用,金錢,,,否,,,,,,,
8,督固．撒耘,111年花蓮縣議員選舉,首次申報,1110812,交通旅運支出,台灣中油公司,76966805,0.00,125.00,,,,油資,金錢,,,否,,,,,,,
9,督固．撒耘,111年花蓮縣議員選舉,首次申報,1110814,雜支支出,紐約客牛排館,13966259,0.00,870.00,,,,餐飲費用,金錢,,,否,,,,,,,
10,督固．撒耘,111年花蓮縣議員選舉,首次申報,1110815,雜支支出,starbucks,42640909,0.00,110.00,,,,餐飲費用,金錢,,,否,,,,,,,
11,督固．撒耘,111年花蓮縣議員選舉,首次申報,1110815,雜支支出,Starbucks,42640909,0.00,1665.00,,,,餐飲費用,金錢,,,否,,,,,,,
12,督固．撒耘,111年花蓮縣議員選舉,首次申報,1110815,集會支出,陸德環保有限公司,42779369,0.00,6000.00,,,,清潔整理費用,金錢,,,否,,,,,,,
13,督固．撒耘,111年花蓮縣議員選舉,首次申報,1110815,雜支支出,燦坤實業股份有限公司花蓮旗艦分公司,53022221,0.00,37976.00,,,,雜項購置或修繕費用,金錢,花蓮縣花蓮市****,,否,,,,,,,
14,督固．撒耘,111年花蓮縣議員選舉,首次申報,1110816,宣傳支出,NET,16162867,0.00,814.00,,,,其他與選舉宣傳有關之費用-服裝,金錢,,,否,,,,,,,
15,督固．撒耘,111年花蓮縣議員選舉,首次申報,1110817,宣傳支出,采印企業社,41011059,0.00,46900.00,,,,製作競選物品或宣傳廣告費用（布旗、DM）,金錢,花蓮縣花蓮市****,,否,,,,,,,
16,督固．撒耘,111年花蓮縣議員選舉,首次申報,1110817,公共關係費用支出,滿庭芳,78852080,0.00,713.00,,,,聯誼交際費用,金錢,,,否,,,,,,,
17,督固．撒耘,111年花蓮縣議員選舉,首次申報,1110818,雜支支出,王記茶舖,27556001,0.00,577.00,,,,餐飲費用,金錢,,,否,,,,,,,
18,督固．撒耘,111年花蓮縣議員選舉,首次申報,1110818,宣傳支出,錦祥行,94393632,0.00,800.00,,,,其他與選舉宣傳有關之費用-服裝繡字,金錢,,,否,,,,,,,
19,督固．撒耘,111年花蓮縣議員選舉,首次申報,1110820,雜支支出,花蓮市華東產經觀光文化體育協會,,0.00,2000.00,,,,餐飲費用,金錢,,0928*****,否,,,,,,,
20,督固．撒耘,111年花蓮縣議員選舉,首次申報,1110820,雜支支出,花蓮縣吉安鄉北昌村撒樂部落,,0.00,2000.00,,,,餐飲費用,金錢,,0953*****,否,,,,,,,
21,督固．撒耘,111年花蓮縣議員選舉,首次申報,1110820,雜支支出,花蓮縣吉安鄉仁里村薄博部落豐年祭籌備委員會,,0.00,2000.00,,,,餐飲費用,金錢,,0928*****,否,,,,,,,
22,督固．撒耘,111年花蓮縣議員選舉,首次申報,1110820,雜支支出,花蓮縣吉安鄉干城部落豐年祭籌備會,,0.00,2000.00,,,,餐飲費用,金錢,,0924*****,否,,,,,,,
23,督固．撒耘,111年花蓮縣議員選舉,首次申報,1110820,雜支支出,花蓮市國福社區,,0.00,2000.00,,,,餐飲費用,金錢,,0953*****,否,,,,,,,
24,督固．撒耘,111年花蓮縣議員選舉,首次申報,1110821,宣傳支出,遠東百貨花蓮和平分公司,28984733,0.00,3508.00,,,,製作競選物品或宣傳廣告費用（背心）,金錢,,,否,,,,,,,
25,督固．撒耘,111年花蓮縣議員選舉,首次申報,1110821,雜支支出,花蓮縣阿里亞給聚落文化發展協會,29362369,0.00,2000.00,,,,餐飲費用,金錢,,,否,,,,,,,
26,督固．撒耘,111年花蓮縣議員選舉,首次申報,1110826,雜支支出,米娜淪企業社,85205551,0.00,3315.00,,,,餐飲費用,金錢,,,否,,,,,,,
27,督固．撒耘,111年花蓮縣議員選舉,首次申報,1110827,雜支支出,Fulufuluan部落委員會,,0.00,2000.00,,,,餐飲費用,金錢,,0933*****,否,,,,,,,
28,督固．撒耘,111年花蓮縣議員選舉,首次申報,1110827,雜支支出,花蓮縣原住民族群多元文化傳承協會,,0.00,1200.00,,,,餐飲費用,金錢,,0928*****,否,,,,,,,
29,督固．撒耘,111年花蓮縣議員選舉,首次申報,1110827,雜支支出,花蓮縣吉安鄉東昌村Lidaw部落豐年祭大會,,0.00,2000.00,,,,餐飲費用,金錢,,0963*****,否,,,,,,,
30,督固．撒耘,111年花蓮縣議員選舉,首次申報,1110828,雜支支出,花蓮縣吉安鄉南宜昌村娜荳蘭部落,,0.00,2000.00,,,,餐飲費用,金錢,,0909*****,否,,,,,,,
31,督固．撒耘,111年花蓮縣議員選舉,首次申報,1110829,租用競選辦事處支出,澄橘數位工作室,26348792,0.00,14500.00,,,,租買辦公設備費用,金錢,,,否,,,,,,,
32,督固．撒耘,111年花蓮縣議員選舉,首次申報,1110901,宣傳支出,好旺電繡社,37762894,0.00,1530.00,,,,服裝名稱電繡,金錢,花蓮縣花蓮市****,,否,,,,,,,
33,督固．撒耘,111年花蓮縣議員選舉,首次申報,1110901,宣傳支出,采印企業社,41011059,0.00,22800.00,,,,製作競選物品或宣傳廣告費用（DM）,金錢,,,否,,,,,,,
34,督固．撒耘,111年花蓮縣議員選舉,首次申報,1110901,雜支支出,泰興商號,94626415,0.00,1180.00,,,,餐飲費用,金錢,花蓮縣吉安鄉****,,否,,,,,,,
35,督固．撒耘,111年花蓮縣議員選舉,首次申報,1110907,宣傳支出,更生日報社股份有限公司,94768687,0.00,6250.00,,,,播放、傳送或刊登宣傳廣告費用,金錢,,,否,,,,,,,
36,督固．撒耘,111年花蓮縣議員選舉,首次申報,1110908,宣傳支出,五色鳥印象工坊,37996632,0.00,41300.00,,,,製作競選物品或宣傳廣告費用（志工背心）,金錢,花蓮縣壽豐鄉****,0386*****,否,,,,,,,
37,督固．撒耘,111年花蓮縣議員選舉,首次申報,1110909,交通旅運支出,台灣中油,,0.00,937.00,,,,油資,金錢,新北市汐止區****,,否,,,,,,,
38,督固．撒耘,111年花蓮縣議員選舉,首次申報,1110913,宣傳支出,成真整合有限公司,54979433,0.00,60000.00,,,,播放、傳送或刊登宣傳廣告費用,金錢,花蓮縣花蓮市****,0385*****,否,,,,,,,
39,督固．撒耘,111年花蓮縣議員選舉,首次申報,1110914,交通旅運支出,慶豐昌加油站股份有限公司,,0.00,794.00,,,,油資,金錢,花蓮縣吉安鄉****,,否,,,,,,,
40,督固．撒耘,111年花蓮縣議員選舉,首次申報,1110915,租用競選辦事處支出,順發電腦股份有限公司花蓮分公司,28979582,0.00,47218.00,,,,租買辦公設備費用,金錢,花蓮縣花蓮市****,,否,,,,,,,
41,督固．撒耘,111年花蓮縣議員選舉,首次申報,1110915,雜支支出,縣聯福利大批發有限公司,80076662,0.00,127.00,,,,尺、筆,金錢,花蓮縣花蓮市****,,否,,,,,,,
42,督固．撒耘,111年花蓮縣議員選舉,首次申報,1110917,租用競選辦事處支出,順發電腦股份有限公司花蓮分公司,28979582,0.00,4729.00,,,,租買辦公設備費用,金錢,,,否,,,,,,,
43,督固．撒耘,111年花蓮縣議員選舉,首次申報,1110918,交通旅運支出,台灣中油,,0.00,800.00,,,,油資,金錢,新北市汐止區****,,否,,,,,,,
44,督固．撒耘,111年花蓮縣議員選舉,首次申報,1110918,交通旅運支出,由倉企業有限公司,22814727,0.00,1472.00,,,,油資,金錢,,,否,,,,,,,
45,督固．撒耘,111年花蓮縣議員選舉,首次申報,1110919,雜支支出,旺莊百貨有限公司,25158885,0.00,3990.00,,,,雜項購置或修繕費用-板凳,金錢,,,否,,,,,,,
46,督固．撒耘,111年花蓮縣議員選舉,首次申報,1110921,交通旅運支出,慶豐昌加油站股份有限公司,,0.00,757.00,,,,油資,金錢,花蓮縣吉安鄉****,,否,,,,,,,
47,督固．撒耘,111年花蓮縣議員選舉,首次申報,1110922,租用競選辦事處支出,盛鑫鐘錶鎖印行,72849911,0.00,700.00,,,,其他與租用競選辦事處有關之費用,金錢,,,否,,,,,,,
48,督固．撒耘,111年花蓮縣議員選舉,首次申報,1110923,雜支支出,北港海產店,42028120,0.00,1800.00,,,,餐飲費用,金錢,,,否,,,,,,,
49,督固．撒耘,111年花蓮縣議員選舉,首次申報,1110924,雜支支出,中信西點麵包社,49776227,0.00,230.00,,,,餐飲費用,金錢,,,否,,,,,,,
50,督固．撒耘,111年花蓮縣議員選舉,首次申報,1110925,交通旅運支出,台灣中油,39016607,0.00,867.00,,,,油資,金錢,,,否,,,,,,,
51,督固．撒耘,111年花蓮縣議員選舉,首次申報,1110926,雜支支出,旺莊百貨有限公司,25158885,0.00,466.00,,,,文具用品費用,金錢,,,否,,,,,,,
52,督固．撒耘,111年花蓮縣議員選舉,首次申報,1110926,雜支支出,王記茶舖,27556001,0.00,679.00,,,,餐飲費用,金錢,,,否,,,,,,,
53,督固．撒耘,111年花蓮縣議員選舉,首次申報,1110928,交通旅運支出,慶豐昌加油站股份有限公司,,0.00,320.00,,,,油資,金錢,花蓮縣吉安鄉****,,否,,,,,,,
54,督固．撒耘,111年花蓮縣議員選舉,首次申報,1110929,交通旅運支出,台灣高鐵,16446274,0.00,1490.00,,,,搭乘交通工具費用,金錢,,,否,,,,,,,
55,督固．撒耘,111年花蓮縣議員選舉,首次申報,1110929,雜支支出,誠品生活,53519968,0.00,2990.00,,,,文具用品費用,金錢,,,否,,,,,,,
56,督固．撒耘,111年花蓮縣議員選舉,首次申報,1110929,雜支支出,誠品生活,53519968,0.00,270.00,,,,文具用品費用,金錢,,,否,,,,,,,
57,督固．撒耘,111年花蓮縣議員選舉,首次申報,1110930,交通旅運支出,台灣中油,,0.00,937.00,,,,油資,金錢,花蓮縣吉安鄉****,,否,,,,,,,
58,督固．撒耘,111年花蓮縣議員選舉,首次申報,1111001,公共關係費用支出,花綠屋,10052245,0.00,5300.00,,,,盆花,金錢,,,否,,,,,,,
59,督固．撒耘,111年花蓮縣議員選舉,首次申報,1111001,宣傳支出,好旺電繡社,37762894,0.00,3000.00,,,,製作競選物品或宣傳廣告費用（候選人背帶）,金錢,,,否,,,,,,,
60,督固．撒耘,111年花蓮縣議員選舉,首次申報,1111001,雜支支出,金鑫旺商行,91594902,0.00,445.00,,,,餐飲費用,金錢,,,否,,,,,,,
61,督固．撒耘,111年花蓮縣議員選舉,首次申報,1111002,交通旅運支出,台灣中油,70711989,0.00,822.00,,,,油資,金錢,,,否,,,,,,,
62,督固．撒耘,111年花蓮縣議員選舉,首次申報,1111003,雜支支出,統冠超市慶豐店,16490051,0.00,129.00,,,,文具用品費用,金錢,,,否,,,,,,,
63,督固．撒耘,111年花蓮縣議員選舉,首次申報,1111003,雜支支出,旺莊百貨有限公司,25158885,0.00,514.00,,,,雜項購置或修繕費用,金錢,,,否,,,,,,,
64,督固．撒耘,111年花蓮縣議員選舉,首次申報,1111004,雜支支出,旺莊百貨有限公司,25158885,0.00,176.00,,,,餐飲費用,金錢,,,否,,,,,,,
65,督固．撒耘,111年花蓮縣議員選舉,首次申報,1111004,雜支支出,昇莊百貨批發有限公司,53781834,0.00,600.00,,,,文具用品費用,金錢,,,否,,,,,,,
66,督固．撒耘,111年花蓮縣議員選舉,首次申報,1111005,宣傳支出,白雲美工社,13974645,0.00,1200.00,,,,製作競選物品或宣傳廣告費用（海報）,金錢,,,否,,,,,,,
67,督固．撒耘,111年花蓮縣議員選舉,首次申報,1111005,雜支支出,旺莊百貨有限公司,25158885,0.00,245.00,,,,文具用品費用,金錢,,,否,,,,,,,
68,督固．撒耘,111年花蓮縣議員選舉,首次申報,1111005,雜支支出,旺莊百貨有限公司,25158885,0.00,1735.00,,,,文具用品費用,金錢,,,否,,,,,,,
69,督固．撒耘,111年花蓮縣議員選舉,首次申報,1111005,雜支支出,順發電腦股份有限公司花蓮分公司,28979582,0.00,285.00,,,,文具用品費用,金錢,,,否,,,,,,,
70,督固．撒耘,111年花蓮縣議員選舉,首次申報,1111005,租用競選辦事處支出,萬能企業社,91595368,0.00,4000.00,,,,其他與租用競選辦事處有關之費用-旗桿,金錢,,,否,,,,,,,
71,督固．撒耘,111年花蓮縣議員選舉,首次申報,1111006,雜支支出,信昌企業社,95807173,0.00,270.00,,,,雜項購置或修繕費用,金錢,,,否,,,,,,,
72,督固．撒耘,111年花蓮縣議員選舉,首次申報,1111007,雜支支出,一九九九百貨有限公司,24371852,0.00,314.00,,,,文具用品費用,金錢,,,否,,,,,,,
73,督固．撒耘,111年花蓮縣議員選舉,首次申報,1111007,雜支支出,旺莊百貨有限公司,25158885,0.00,59.00,,,,文具用品費用,金錢,,,否,,,,,,,
74,督固．撒耘,111年花蓮縣議員選舉,首次申報,1111007,雜支支出,順發電腦股份有限公司花蓮分公司,28979582,0.00,4589.00,,,,雜項購置或修繕費用,金錢,,,否,,,,,,,
75,督固．撒耘,111年花蓮縣議員選舉,首次申報,1111007,雜支支出,八方雲集花蓮中山店,37994058,0.00,92.00,,,,餐飲費用,金錢,,,否,,,,,,,
76,督固．撒耘,111年花蓮縣議員選舉,首次申報,1111007,租用競選辦事處支出,盛鑫鐘錶鎖印行,72849911,0.00,200.00,,,,其他與租用競選辦事處有關之費用,金錢,,,否,,,,,,,
77,督固．撒耘,111年花蓮縣議員選舉,首次申報,1111008,雜支支出,家樂福花蓮新城分公司,16748448,0.00,5504.00,,,,文具用品費用,金錢,,,否,,,,,,,
78,督固．撒耘,111年花蓮縣議員選舉,首次申報,1111008,雜支支出,8豆小吃店,85363586,0.00,5000.00,,,,餐飲費用,金錢,,,否,,,,,,,
79,督固．撒耘,111年花蓮縣議員選舉,首次申報,1111010,雜支支出,八方雲集花蓮國聯店,30189536,0.00,430.00,,,,餐飲費用,金錢,,,否,,,,,,,
80,督固．撒耘,111年花蓮縣議員選舉,首次申報,1111011,交通旅運支出,慶豐昌加油站股份有限公司,16376501,0.00,1008.00,,,,油資,金錢,,,否,,,,,,,
81,督固．撒耘,111年花蓮縣議員選舉,首次申報,1111015,雜支支出,微風台北車站,28441577,0.00,1349.00,,,,餐飲費用,金錢,,,否,,,,,,,
82,督固．撒耘,111年花蓮縣議員選舉,首次申報,1111015,雜支支出,微風台北車站,28441577,0.00,440.00,,,,餐飲費用,金錢,,,否,,,,,,,
83,督固．撒耘,111年花蓮縣議員選舉,首次申報,1111018,租用競選辦事處支出,永成建材五金行,76968873,0.00,200.00,,,,裝潢競選辦事處費用,金錢,,,否,,,,,,,
84,督固．撒耘,111年花蓮縣議員選舉,首次申報,1111019,雜支支出,旺莊百貨有限公司,25158885,0.00,114.00,,,,文具用品費用,金錢,,,否,,,,,,,
85,督固．撒耘,111年花蓮縣議員選舉,首次申報,1111020,宣傳支出,連花廣播電台股份有限公司,27595911,0.00,15000.00,,,,播放、傳送或刊登宣傳廣告費用,金錢,,,否,,,,,,,
86,督固．撒耘,111年花蓮縣議員選舉,首次申報,1111022,雜支支出,花蓮花餐廳,09652262,0.00,5000.00,,,,餐飲費用,金錢,,,否,,,,,,,
87,督固．撒耘,111年花蓮縣議員選舉,首次申報,1111024,雜支支出,鼎霖企業社,91158654,0.00,1080.00,,,,餐飲費用,金錢,,,否,,,,,,,
88,督固．撒耘,111年花蓮縣議員選舉,首次申報,1111025,宣傳支出,白雲美工社,13974645,0.00,6550.00,,,,製作競選物品或宣傳廣告費用（數字貼紙）,金錢,,,否,,,,,,,
89,督固．撒耘,111年花蓮縣議員選舉,首次申報,1111025,宣傳支出,家樂福花蓮新城分公司,16748448,0.00,3860.00,,,,其他與選舉宣傳有關之費用,金錢,,,否,,,,,,,
90,督固．撒耘,111年花蓮縣議員選舉,首次申報,1111026,交通旅運支出,慶豐昌加油站股份有限公司,16376501,0.00,924.00,,,,油資,金錢,,,否,,,,,,,
91,督固．撒耘,111年花蓮縣議員選舉,首次申報,1111026,雜支支出,新強貼紙,81063052,0.00,1500.00,,,,文具用品費用,金錢,,,否,,,,,,,
92,督固．撒耘,111年花蓮縣議員選舉,首次申報,1111026,雜支支出,九乘九文具股份有限公司,90174071,0.00,173.00,,,,文具用品費用,金錢,,,否,,,,,,,
93,督固．撒耘,111年花蓮縣議員選舉,首次申報,1111026,雜支支出,天山鎖具刻印社,94793335,0.00,800.00,,,,文具用品費用,金錢,,,否,,,,,,,
94,督固．撒耘,111年花蓮縣議員選舉,首次申報,1111027,雜支支出,旺莊百貨有限公司,25158885,0.00,322.00,,,,文具用品費用,金錢,,,否,,,,,,,
95,督固．撒耘,111年花蓮縣議員選舉,首次申報,1111028,雜支支出,旺莊百貨有限公司,25158885,0.00,984.00,,,,文具用品費用,金錢,,,否,,,,,,,
96,督固．撒耘,111年花蓮縣議員選舉,首次申報,1111028,雜支支出,旺莊百貨有限公司,25158885,0.00,356.00,,,,文具用品費用,金錢,,,否,,,,,,,
97,督固．撒耘,111年花蓮縣議員選舉,首次申報,1111028,公共關係費用支出,琦翔企業社,49748237,0.00,7500.00,,,,盆花,金錢,,,否,,,,,,,
98,督固．撒耘,111年花蓮縣議員選舉,首次申報,1111028,租用競選辦事處支出,信昌企業社,95807173,0.00,130.00,,,,裝潢競選辦事處費用,金錢,,,否,,,,,,,
99,督固．撒耘,111年花蓮縣議員選舉,首次申報,1111029,雜支支出,花蓮花餐廳,09652262,0.00,10000.00,,,,餐飲費用,金錢,,,否,,,,,,,
100,督固．撒耘,111年花蓮縣議員選舉,首次申報,1111029,雜支支出,旺莊百貨有限公司,25158885,0.00,1008.00,,,,雜項購置或修繕費用,金錢,,,否,,,,,,,
101,督固．撒耘,111年花蓮縣議員選舉,首次申報,1111029,租用競選辦事處支出,包你通工程行,94813986,0.00,5000.00,,,,租買辦公設備費用-流動廁所,金錢,,,否,,,,,,,
102,督固．撒耘,111年花蓮縣議員選舉,首次申報,1111030,交通旅運支出,慶豐昌加油站股份有限公司,16376501,0.00,883.00,,,,油資,金錢,,,否,,,,,,,
103,督固．撒耘,111年花蓮縣議員選舉,首次申報,1111031,交通旅運支出,由倉企業有限公司,22814727,0.00,1507.00,,,,油資,金錢,,,否,,,,,,,
104,督固．撒耘,111年花蓮縣議員選舉,首次申報,1111031,租用宣傳車輛支出,正義電子材料行,34945077,0.00,6500.00,,,,其他與租用宣傳車輛有關之費用,金錢,,,否,,,,,,,
105,督固．撒耘,111年花蓮縣議員選舉,首次申報,1111031,雜支支出,九乘九文具股份有限公司,90174071,0.00,1092.00,,,,文具用品費用,金錢,,,否,,,,,,,
106,督固．撒耘,111年花蓮縣議員選舉,首次申報,1111101,宣傳支出,台灣新聞雲企業社,41465185,0.00,38000.00,,,,製作競選物品或宣傳廣告費用（廣告費）,金錢,花蓮縣吉安鄉****,,否,,,,,,,
107,督固．撒耘,111年花蓮縣議員選舉,首次申報,1111102,公共關係費用支出,寶島種苗園,94760968,0.00,15000.00,,,,盆花,金錢,,,否,,,,,,,
108,督固．撒耘,111年花蓮縣議員選舉,首次申報,1111103,交通旅運支出,慶豐昌加油站股份有限公司,,0.00,817.00,,,,油資,金錢,花蓮縣吉安鄉****,,否,,,,,,,
109,督固．撒耘,111年花蓮縣議員選舉,首次申報,1111103,交通旅運支出,慶豐昌股份有限公司,16376501,0.00,874.00,,,,油資,金錢,,,否,,,,,,,
110,督固．撒耘,111年花蓮縣議員選舉,首次申報,1111103,雜支支出,旭莊百貨批發有限公司,37772788,0.00,320.00,,,,文具用品費用,金錢,,,否,,,,,,,
111,督固．撒耘,111年花蓮縣議員選舉,首次申報,1111103,雜支支出,縣聯福利大批發有限公司,80076662,0.00,227.00,,,,文具用品費用,金錢,,,否,,,,,,,
112,督固．撒耘,111年花蓮縣議員選舉,首次申報,1111104,租用宣傳車輛支出,展億企業社,21563722,0.00,7000.00,,,,維修宣傳車輛費用,金錢,,,否,,,,,,,
113,督固．撒耘,111年花蓮縣議員選舉,首次申報,1111104,宣傳支出,熊霸爸口罩,82669629,0.00,2440.00,,,,其他與選舉宣傳有關之費用-口罩文宣,金錢,,,否,,,,,,,
114,督固．撒耘,111年花蓮縣議員選舉,首次申報,1111104,雜支支出,惠比須餅舖,94261702,0.00,790.00,,,,餐飲費用,金錢,,,否,,,,,,,
115,督固．撒耘,111年花蓮縣議員選舉,首次申報,1111104,宣傳支出,藍天照相打字行,94839780,0.00,2500.00,,,,製作競選物品或宣傳廣告費用（數字割字）,金錢,,,否,,,,,,,
116,督固．撒耘,111年花蓮縣議員選舉,首次申報,1111105,租用宣傳車輛支出,展億企業社,21563722,0.00,1800.00,,,,維修宣傳車輛費用,金錢,,,否,,,,,,,
117,督固．撒耘,111年花蓮縣議員選舉,首次申報,1111106,交通旅運支出,台灣中油,39016607,0.00,767.00,,,,油資,金錢,新北市汐止區****,,否,,,,,,,
118,督固．撒耘,111年花蓮縣議員選舉,首次申報,1111107,雜支支出,旺莊百貨有限公司,25158885,0.00,313.00,,,,餐飲費用,金錢,,,否,,,,,,,
119,督固．撒耘,111年花蓮縣議員選舉,首次申報,1111109,交通旅運支出,慶豐昌加油站股份有限公司,,0.00,815.00,,,,油資,金錢,花蓮縣吉安鄉****,,否,,,,,,,
120,督固．撒耘,111年花蓮縣議員選舉,首次申報,1111109,租用宣傳車輛支出,旺莊百貨有限公司,25158885,0.00,199.00,,,,維修宣傳車輛費用,金錢,,,否,,,,,,,
121,督固．撒耘,111年花蓮縣議員選舉,首次申報,1111110,雜支支出,家樂福花蓮新城分公司,16748448,0.00,6990.00,,,,餐飲費用,金錢,,,否,,,,,,,
122,督固．撒耘,111年花蓮縣議員選舉,首次申報,1111110,雜支支出,家樂福花蓮新城分公司,16748448,0.00,1149.00,,,,餐飲費用,金錢,,,否,,,,,,,
123,督固．撒耘,111年花蓮縣議員選舉,首次申報,1111110,雜支支出,王記茶舖,27556001,0.00,708.00,,,,餐飲費用,金錢,,,否,,,,,,,
124,督固．撒耘,111年花蓮縣議員選舉,首次申報,1111110,雜支支出,8豆小吃店,85363586,0.00,6000.00,,,,餐飲費用,金錢,,,否,,,,,,,
125,督固．撒耘,111年花蓮縣議員選舉,首次申報,1111111,交通旅運支出,慶豐昌加油站股份有限公司,,0.00,744.00,,,,油資,金錢,花蓮縣吉安鄉****,,否,,,,,,,
126,督固．撒耘,111年花蓮縣議員選舉,首次申報,1111111,雜支支出,遠東百貨花蓮和平分公司,28984733,0.00,3680.00,,,,雜項購置或修繕費用,金錢,,,否,,,,,,,
127,督固．撒耘,111年花蓮縣議員選舉,首次申報,1111111,雜支支出,湧苑冷飲店,82182154,0.00,404.00,,,,餐飲費用,金錢,,,否,,,,,,,
128,督固．撒耘,111年花蓮縣議員選舉,首次申報,1111112,宣傳支出,摩曼頓企業股份有限公司,02985928,0.00,3402.00,,,,其他與選舉宣傳有關之費用-宣傳服裝,金錢,,,否,,,,,,,
129,督固．撒耘,111年花蓮縣議員選舉,首次申報,1111114,雜支支出,摩卡珈咖啡冷飲,31587940,0.00,1515.00,,,,餐飲費用,金錢,,,否,,,,,,,
130,督固．撒耘,111年花蓮縣議員選舉,首次申報,1111115,雜支支出,遠東百貨花蓮和平分公司,28984733,0.00,1819.00,,,,雜項購置或修繕費用,金錢,,,否,,,,,,,
131,督固．撒耘,111年花蓮縣議員選舉,首次申報,1111115,宣傳支出,海棠事業社,30184223,0.00,4000.00,,,,播放、傳送或刊登宣傳廣告費用,金錢,,,否,,,,,,,
132,督固．撒耘,111年花蓮縣議員選舉,首次申報,1111115,雜支支出,八方雲集花蓮中山店,37994058,0.00,132.00,,,,餐飲費用,金錢,,,否,,,,,,,
133,督固．撒耘,111年花蓮縣議員選舉,首次申報,1111115,租用宣傳車輛支出,蕭氏企業有限公司,94755418,0.00,600.00,,,,維修宣傳車輛費用,金錢,,,否,,,,,,,
134,督固．撒耘,111年花蓮縣議員選舉,首次申報,1111116,租用宣傳車輛支出,蕭氏企業有限公司,94755418,0.00,2800.00,,,,其他與租用宣傳車輛有關之費用-電池,金錢,,,否,,,,,,,
135,督固．撒耘,111年花蓮縣議員選舉,首次申報,1111117,交通旅運支出,慶豐昌加油站股份有限公司,,0.00,826.00,,,,油資,金錢,花蓮縣吉安鄉****,,否,,,,,,,
136,督固．撒耘,111年花蓮縣議員選舉,首次申報,1111117,交通旅運支出,台灣鐵路局,07524729,0.00,440.00,,,,搭乘交通工具費用,金錢,,,否,,,,,,,
137,督固．撒耘,111年花蓮縣議員選舉,首次申報,1111117,交通旅運支出,慶豐昌加油站股份有限公司,16376501,0.00,884.00,,,,油資,金錢,,,否,,,,,,,
138,督固．撒耘,111年花蓮縣議員選舉,首次申報,1111120,交通旅運支出,台灣中油,,0.00,946.00,,,,油資,金錢,新北市汐止區****,,否,,,,,,,
139,督固．撒耘,111年花蓮縣議員選舉,首次申報,1111120,雜支支出,旺莊百貨有限公司,25158885,0.00,700.00,,,,文具用品費用,金錢,,,否,,,,,,,
140,督固．撒耘,111年花蓮縣議員選舉,首次申報,1111123,交通旅運支出,慶豐昌加油站股份有限公司,,0.00,775.00,,,,油資,金錢,花蓮縣吉安鄉****,,否,,,,,,,
141,督固．撒耘,111年花蓮縣議員選舉,首次申報,1111124,雜支支出,金鑽薑母鴨小吃店,87346634,0.00,3380.00,,,,餐飲費用,金錢,,,否,,,,,,,
142,督固．撒耘,111年花蓮縣議員選舉,首次申報,1111126,交通旅運支出,慶豐昌加油站股份有限公司,,0.00,890.00,,,,油資,金錢,花蓮縣吉安鄉****,,否,,,,,,,
143,督固．撒耘,111年花蓮縣議員選舉,首次申報,1111126,雜支支出,旺莊百貨有限公司,25158885,0.00,551.00,,,,文具用品費用,金錢,,,否,,,,,,,
144,督固．撒耘,111年花蓮縣議員選舉,首次申報,1111126,雜支支出,鮮友火鍋,53490152,0.00,1698.00,,,,餐飲費用,金錢,,,否,,,,,,,
145,督固．撒耘,111年花蓮縣議員選舉,首次申報,1111126,雜支支出,鮮友火鍋,53490152,0.00,3962.00,,,,餐飲費用,金錢,,,否,,,,,,,
146,督固．撒耘,111年花蓮縣議員選舉,首次申報,1111126,人事費用支出,林妍蓁,U22*******,0.00,10000.00,,,,其他因工作酬勞之給付,金錢,花蓮縣花蓮市****,0983*****,否,,,,,,,
147,督固．撒耘,111年花蓮縣議員選舉,首次申報,1111127,雜支支出,順發電腦股份有限公司花蓮分公司,28979582,0.00,5476.00,,,,雜項購置或修繕費用,金錢,,,否,,,,,,,
148,督固．撒耘,111年花蓮縣議員選舉,首次申報,1111127,雜支支出,禾野鐵板燒,31798375,0.00,1130.00,,,,餐飲費用,金錢,,,否,,,,,,,
149,督固．撒耘,111年花蓮縣議員選舉,首次申報,1111128,宣傳支出,海棠事業社,30184223,0.00,20000.00,,,,播放、傳送或刊登宣傳廣告費用,金錢,,,否,,,,,,,
150,督固．撒耘,111年花蓮縣議員選舉,首次申報,1111128,交通旅運支出,台灣中油巨豐站,37922175,0.00,873.00,,,,油資,金錢,,,否,,,,,,,
151,督固．撒耘,111年花蓮縣議員選舉,首次申報,1111130,宣傳支出,藝林工商廣告工程行,94806731,0.00,127953.00,,,,製作競選物品或宣傳廣告費用（廣告帆布、布旗）,金錢,花蓮縣花蓮市****,0382*****,否,,,,,,,
152,督固．撒耘,111年花蓮縣議員選舉,首次申報,1111201,交通旅運支出,慶豐昌加油站股份有限公司,,0.00,856.00,,,,油資,金錢,花蓮縣吉安鄉****,,否,,,,,,,
153,督固．撒耘,111年花蓮縣議員選舉,首次申報,1111201,宣傳支出,大安廣告行銷企業社,08727342,0.00,125349.00,,,,製作競選物品或宣傳廣告費用（DM）,金錢,花蓮縣花蓮市****,0383*****,否,,,,,,,
154,督固．撒耘,111年花蓮縣議員選舉,首次申報,1111201,交通旅運支出,慶豐昌加油站股份有限公司,16376501,0.00,916.00,,,,油資,金錢,,,否,,,,,,,
155,督固．撒耘,111年花蓮縣議員選舉,首次申報,1111201,交通旅運支出,慶豐昌股份有限公司,16376501,0.00,1380.00,,,,油資,金錢,,,否,,,,,,,
156,督固．撒耘,111年花蓮縣議員選舉,首次申報,1111201,交通旅運支出,由倉企業有限公司,22814727,0.00,1522.00,,,,油資,金錢,,,否,,,,,,,
157,督固．撒耘,111年花蓮縣議員選舉,首次申報,1111204,交通旅運支出,台灣高鐵,16446274,0.00,280.00,,,,搭乘交通工具費用,金錢,,,否,,,,,,,
158,督固．撒耘,111年花蓮縣議員選舉,首次申報,1111204,雜支支出,誠品生活,53519968,0.00,2740.00,,,,文具用品費用,金錢,,,否,,,,,,,
159,督固．撒耘,111年花蓮縣議員選舉,首次申報,1111205,雜支支出,8豆小吃店,85363586,0.00,6000.00,,,,餐飲費用,金錢,,,否,,,,,,,
160,督固．撒耘,111年花蓮縣議員選舉,首次申報,1111206,雜支支出,光南大批發,80595051,0.00,1034.00,,,,文具用品費用,金錢,,,否,,,,,,,
161,督固．撒耘,111年花蓮縣議員選舉,首次申報,1111207,雜支支出,交通部台灣鐵路管理局餐旅服務總所,01636347,0.00,100.00,,,,餐飲費用,金錢,,,否,,,,,,,
162,督固．撒耘,111年花蓮縣議員選舉,首次申報,1111207,雜支支出,交通部台灣鐵路管理局餐旅服務總所,03805305,0.00,116.00,,,,餐飲費用,金錢,,,否,,,,,,,
163,督固．撒耘,111年花蓮縣議員選舉,首次申報,1111207,雜支支出,統一超商,16447034,0.00,1120.00,,,,餐飲費用,金錢,,,否,,,,,,,
164,督固．撒耘,111年花蓮縣議員選舉,首次申報,1111212,雜支支出,微風台北車站,28441577,0.00,2127.00,,,,餐飲費用,金錢,,,否,,,,,,,
165,督固．撒耘,111年花蓮縣議員選舉,首次申報,1111212,雜支支出,誠品生活,53519968,0.00,1044.00,,,,文具用品費用,金錢,,,否,,,,,,,
166,督固．撒耘,111年花蓮縣議員選舉,首次申報,1111212,雜支支出,誠品生活,53519968,0.00,1960.00,,,,文具用品費用,金錢,,,否,,,,,,,
167,督固．撒耘,111年花蓮縣議員選舉,首次申報,1111221,雜支支出,九乘九文具,90174071,0.00,113.00,,,,文具用品費用,金錢,,,否,,,,,,,
168,督固．撒耘,111年花蓮縣議員選舉,首次申報,1111225,租用競選辦事處支出,燦坤實業股份有限公司花蓮旗艦分公司,53022221,0.00,26687.00,,,,租買辦公設備費用,金錢,,,否,,,,,,,
169,督固．撒耘,111年花蓮縣議員選舉,首次申報,1111225,雜支支出,鮮友火鍋,53490152,0.00,3396.00,,,,餐飲費用,金錢,,,否,,,,,,,
