﻿序號,擬參選人／政黨,選舉名稱,申報序號／年度,交易日期,收支科目,捐贈者／支出對象,身分證／統一編號,收入金額,支出金額,支出用途,金錢類,地址,聯絡電話,資料更正日期
1,宋明宗,107年直轄市議員選舉,首次申報,1070911,個人捐贈收入,蕭智杰,F12*******,100000.00,0.00,,金錢,新北市林口區****,,
2,宋明宗,107年直轄市議員選舉,首次申報,1070911,個人捐贈收入,楊美惠,F22*******,100000.00,0.00,,金錢,新北市林口區****,0932*****,
3,宋明宗,107年直轄市議員選舉,首次申報,1071019,個人捐贈收入,林健男,F10*******,50000.00,0.00,,金錢,新北市泰山區****,02-2*****,
4,宋明宗,107年直轄市議員選舉,首次申報,1071022,個人捐贈收入,陽明外科診所(賴文宗),,20000.00,0.00,,金錢,,0933*****,
5,宋明宗,107年直轄市議員選舉,首次申報,1071022,營利事業捐贈收入,村能有限公司,70506544,50000.00,0.00,,金錢,新北市五股區****,,
6,宋明宗,107年直轄市議員選舉,首次申報,1071022,個人捐贈收入,林貞吟,F22*******,100000.00,0.00,,金錢,新北市泰山區****,0928*****,
7,宋明宗,107年直轄市議員選舉,首次申報,1071022,個人捐贈收入,戴寶珠,F22*******,100000.00,0.00,,金錢,新北市泰山區****,0928*****,
8,宋明宗,107年直轄市議員選舉,首次申報,1071022,個人捐贈收入,林虹均,F22*******,3600.00,0.00,,金錢,新北市新莊區****,,
9,宋明宗,107年直轄市議員選舉,首次申報,1071026,營利事業捐贈收入,名泰企業有限公司,11239774,50000.00,0.00,,金錢,臺北市中山區****,0933*****,
10,宋明宗,107年直轄市議員選舉,首次申報,1071028,營利事業捐贈收入,華特藥局,98798698,20000.00,0.00,,金錢,新北市泰山區****,2909*****,
11,宋明宗,107年直轄市議員選舉,首次申報,1071030,個人捐贈收入,王朝榮,F10*******,20000.00,0.00,,金錢,臺北市大安區****,0937*****,
12,宋明宗,107年直轄市議員選舉,首次申報,1071030,個人捐贈收入,林豐富,F10*******,10000.00,0.00,,金錢,新北市泰山區****,0933*****,
13,宋明宗,107年直轄市議員選舉,首次申報,1071030,個人捐贈收入,盧國良,F12*******,32000.00,0.00,,金錢,新北市泰山區****,,
14,宋明宗,107年直轄市議員選舉,首次申報,1071101,營利事業捐贈收入,展煜雷射股份有限公司,28401435,100000.00,0.00,,金錢,新北市樹林區****,0918*****,
15,宋明宗,107年直轄市議員選舉,首次申報,1071101,營利事業捐贈收入,東煜企業股份有限公司,89552223,100000.00,0.00,,金錢,新北市樹林區****,2688*****,
16,宋明宗,107年直轄市議員選舉,首次申報,1071101,個人捐贈收入,陳聰吉,F10*******,100000.00,0.00,,金錢,桃園市桃園區****,0928*****,
17,宋明宗,107年直轄市議員選舉,首次申報,1071101,個人捐贈收入,陳力維,F12*******,100000.00,0.00,,金錢,桃園市桃園區****,0937*****,
18,宋明宗,107年直轄市議員選舉,首次申報,1071101,個人捐贈收入,胡明昌,F12*******,50000.00,0.00,,金錢,新北市樹林區****,0937*****,
19,宋明宗,107年直轄市議員選舉,首次申報,1071101,個人捐贈收入,鐘元佑,F12*******,100000.00,0.00,,金錢,新北市泰山區****,,
20,宋明宗,107年直轄市議員選舉,首次申報,1071107,個人捐贈收入,古清介,F10*******,5000.00,0.00,,金錢,新北市泰山區****,2909*****,
21,宋明宗,107年直轄市議員選舉,首次申報,1071108,營利事業捐贈收入,翔富興業股份有限公司,36148604,22000.00,0.00,,金錢,新北市三重區****,0933*****,
22,宋明宗,107年直轄市議員選舉,首次申報,1071109,營利事業捐贈收入,佑福食品有限公司,86272368,50000.00,0.00,,金錢,新北市泰山區****,2906*****,
23,宋明宗,107年直轄市議員選舉,首次申報,1071109,個人捐贈收入,陳正竹,F10*******,20000.00,0.00,,金錢,新北市泰山區****,0918*****,
24,宋明宗,107年直轄市議員選舉,首次申報,1071114,營利事業捐贈收入,特欣機電股份有限公司,16155134,200000.00,0.00,,金錢,臺北市內湖區****,8791*****,
25,宋明宗,107年直轄市議員選舉,首次申報,1071115,人民團體捐贈收入,中華民國防火管理人協會,,100000.00,0.00,,金錢,新北市新莊區****,02-8*****,
26,宋明宗,107年直轄市議員選舉,首次申報,1071115,個人捐贈收入,陳怡蓉,A22*******,100000.00,0.00,,金錢,臺北市士林區****,2873*****,
27,宋明宗,107年直轄市議員選舉,首次申報,1071115,個人捐贈收入,蔡龍井,F10*******,100000.00,0.00,,金錢,新北市三重區****,2297*****,
28,宋明宗,107年直轄市議員選舉,首次申報,1071115,個人捐贈收入,許維哲,F12*******,100000.00,0.00,,金錢,臺北市士林區****,2873*****,
29,宋明宗,107年直轄市議員選舉,首次申報,1071119,個人捐贈收入,李霈妤,A22*******,2000.00,0.00,,金錢,新北市泰山區****,0952*****,
30,宋明宗,107年直轄市議員選舉,首次申報,1071120,個人捐贈收入,呂麗紅,H22*******,100000.00,0.00,,金錢,新北市五股區****,2294*****,
31,宋明宗,107年直轄市議員選舉,首次申報,1071121,個人捐贈收入,羅三延,R12*******,100000.00,0.00,,金錢,新北市蘆洲區****,0937*****,
32,宋明宗,107年直轄市議員選舉,首次申報,1071123,個人捐贈收入,姜其國,A12*******,100000.00,0.00,,金錢,新北市泰山區****,2902*****,
33,宋明宗,107年直轄市議員選舉,首次申報,1071123,個人捐贈收入,陳蔡彩霞,H20*******,100000.00,0.00,,金錢,新北市泰山區****,2902*****,
