﻿序號,擬參選人／政黨,選舉名稱,申報序號／年度,交易日期,收支科目,捐贈者／支出對象,身分證／統一編號,收入金額,支出金額,支出用途,金錢類,地址,聯絡電話,資料更正日期
1,郭麗華,107年直轄市議員選舉,首次申報,1070514,營利事業捐贈收入,寰宇動力廣告有限公司,28794375,300000.00,0.00,,金錢,新北市板橋區****,0932*****,
2,郭麗華,107年直轄市議員選舉,首次申報,1070531,營利事業捐贈收入,復興空廚股份有限公司,80060768,300000.00,0.00,,金錢,桃園市大園區****,,
3,郭麗華,107年直轄市議員選舉,首次申報,1070611,營利事業捐贈收入,國產建材實業股份有限公司,24060203,300000.00,0.00,,金錢,臺北市內湖區****,,
4,郭麗華,107年直轄市議員選舉,首次申報,1070621,其他收入,利息收入,,78.00,0.00,,金錢,,,
5,郭麗華,107年直轄市議員選舉,首次申報,1070822,個人捐贈收入,林子超,Y12*******,50000.00,0.00,,金錢,臺北市民權東****,,
6,郭麗華,107年直轄市議員選舉,首次申報,1070830,營利事業捐贈收入,春虹建設股份有限公司,86656738,300000.00,0.00,,金錢,桃園市桃園區****,,
7,郭麗華,107年直轄市議員選舉,首次申報,1070907,個人捐贈收入,鍾金龍,H10*******,100000.00,0.00,,金錢,桃園市平鎮區****,,
8,郭麗華,107年直轄市議員選舉,首次申報,1070913,個人捐贈收入,林國智,H12*******,50000.00,0.00,,金錢,桃園市蘆竹區****,0921*****,
9,郭麗華,107年直轄市議員選舉,首次申報,1070913,個人捐贈收入,陳瑞昇,H12*******,100000.00,0.00,,金錢,桃園市蘆竹區****,0933*****,
10,郭麗華,107年直轄市議員選舉,首次申報,1070914,個人捐贈收入,簡基和,H12*******,32000.00,0.00,,金錢,桃園市蘆竹區****,0933*****,
11,郭麗華,107年直轄市議員選舉,首次申報,1070918,營利事業捐贈收入,森廣機具股份有限公司,89999218,100000.00,0.00,,金錢,桃園市龜山區****,,
12,郭麗華,107年直轄市議員選舉,首次申報,1070920,營利事業捐贈收入,建輝鋼鐵股份有限公司,43765167,200000.00,0.00,,金錢,桃園市蘆竹區****,,
13,郭麗華,107年直轄市議員選舉,首次申報,1070920,個人捐贈收入,陳書森,H12*******,50000.00,0.00,,金錢,桃園市蘆竹區****,,
14,郭麗華,107年直轄市議員選舉,首次申報,1070924,個人捐贈收入,周鑛濤,A12*******,10000.00,0.00,,金錢,桃園市桃園區****,0935*****,
15,郭麗華,107年直轄市議員選舉,首次申報,1070924,個人捐贈收入,盧肯豐,B12*******,100000.00,0.00,,金錢,桃園市蘆竹區****,0931*****,
16,郭麗華,107年直轄市議員選舉,首次申報,1070924,個人捐贈收入,嚴淑娟,F22*******,100000.00,0.00,,金錢,金門縣金湖鎮****,,
17,郭麗華,107年直轄市議員選舉,首次申報,1070925,營利事業捐贈收入,偉全實業股份有限公司,33700601,50000.00,0.00,,金錢,臺北市大同區****,0933*****,
18,郭麗華,107年直轄市議員選舉,首次申報,1070925,個人捐贈收入,胡志鵬,A12*******,100000.00,0.00,,金錢,新北市淡水區****,0982*****,
19,郭麗華,107年直轄市議員選舉,首次申報,1070927,個人捐贈收入,姚玉樹,H10*******,10000.00,0.00,,金錢,桃園市蘆竹區****,0911*****,
20,郭麗華,107年直轄市議員選舉,首次申報,1071002,個人捐贈收入,陳耀東,,20000.00,0.00,,金錢,,3830*****,
21,郭麗華,107年直轄市議員選舉,首次申報,1071006,個人捐贈收入,楊光祿,,1000.00,0.00,,金錢,,0914*****,
22,郭麗華,107年直轄市議員選舉,首次申報,1071010,個人捐贈收入,林松輝,Q12*******,20000.00,0.00,,金錢,桃園市龜山區****,,
23,郭麗華,107年直轄市議員選舉,首次申報,1071011,營利事業捐贈收入,富揚企業有限公司,53687036,30000.00,0.00,,金錢,桃園市大溪區****,,
24,郭麗華,107年直轄市議員選舉,首次申報,1071012,營利事業捐贈收入,順凱實業股份有限公司,43758855,50000.00,0.00,,金錢,桃園市蘆竹區****,,
25,郭麗華,107年直轄市議員選舉,首次申報,1071012,營利事業捐贈收入,宇揚環保科技有限公司,80569639,30000.00,0.00,,金錢,,,
26,郭麗華,107年直轄市議員選舉,首次申報,1071012,個人捐贈收入,王信夫,H10*******,10000.00,0.00,,金錢,桃園市蘆竹區****,,
27,郭麗華,107年直轄市議員選舉,首次申報,1071012,個人捐贈收入,郭宏昌,Q12*******,20000.00,0.00,,金錢,桃園市蘆竹區****,,
28,郭麗華,107年直轄市議員選舉,首次申報,1071014,營利事業捐贈收入,關帝一家企業股份有限公司,80602638,100000.00,0.00,,金錢,臺北市大同區****,02-2*****,
29,郭麗華,107年直轄市議員選舉,首次申報,1071015,營利事業捐贈收入,裕元興機械五金有限公司,16511041,20000.00,0.00,,金錢,桃園市龜山區****,,
30,郭麗華,107年直轄市議員選舉,首次申報,1071015,營利事業捐贈收入,聯倉交通股份有限公司,43622035,100000.00,0.00,,金錢,桃園市蘆竹區****,,
31,郭麗華,107年直轄市議員選舉,首次申報,1071015,營利事業捐贈收入,巴斯威爾股份有限公司,80290332,50000.00,0.00,,金錢,桃園市蘆竹區****,,
32,郭麗華,107年直轄市議員選舉,首次申報,1071015,個人捐贈收入,陳莊綉雪,Q22*******,20000.00,0.00,,金錢,桃園市蘆竹區****,,
33,郭麗華,107年直轄市議員選舉,首次申報,1071016,營利事業捐贈收入,海碧塑膠企業股份有限公司,23375325,50000.00,0.00,,金錢,桃園市蘆竹區****,0932*****,
34,郭麗華,107年直轄市議員選舉,首次申報,1071017,個人捐贈收入,鍾澤良,H22*******,10000.00,0.00,,金錢,桃園市桃園區****,0910*****,
35,郭麗華,107年直轄市議員選舉,首次申報,1071018,個人捐贈收入,翁維駿,A12*******,60000.00,0.00,,金錢,臺北市大安區****,,
36,郭麗華,107年直轄市議員選舉,首次申報,1071018,個人捐贈收入,江有文,F12*******,20000.00,0.00,,金錢,臺北市忠孝東****,0918*****,
37,郭麗華,107年直轄市議員選舉,首次申報,1071019,匿名捐贈,陳永華,,10000.00,0.00,,金錢,,,
38,郭麗華,107年直轄市議員選舉,首次申報,1071019,營利事業捐贈收入,祺煜機電工程有限公司,04260576,100000.00,0.00,,金錢,桃園市蘆竹區****,3222*****,
39,郭麗華,107年直轄市議員選舉,首次申報,1071019,營利事業捐贈收入,永承開發科技有限公司,25186637,10000.00,0.00,,金錢,桃園市蘆竹區****,,
40,郭麗華,107年直轄市議員選舉,首次申報,1071019,營利事業捐贈收入,春聖建設股份有限公司,53030496,200000.00,0.00,,金錢,桃園市桃園區****,3347*****,
41,郭麗華,107年直轄市議員選舉,首次申報,1071019,營利事業捐贈收入,上華國際興業有限公司,54786581,50000.00,0.00,,金錢,桃園市桃園區****,3780*****,
42,郭麗華,107年直轄市議員選舉,首次申報,1071019,營利事業捐贈收入,順倉股份有限公司,84710883,100000.00,0.00,,金錢,桃園市大園區****,,
43,郭麗華,107年直轄市議員選舉,首次申報,1071019,營利事業捐贈收入,緯虹精密科技有限公司,97249082,20000.00,0.00,,金錢,桃園市中壢區****,4597*****,
44,郭麗華,107年直轄市議員選舉,首次申報,1071019,個人捐贈收入,陳榮樹,H10*******,20000.00,0.00,,金錢,桃園市蘆竹區****,,
45,郭麗華,107年直轄市議員選舉,首次申報,1071019,個人捐贈收入,陳健安,H12*******,30000.00,0.00,,金錢,臺北市大安區****,,
46,郭麗華,107年直轄市議員選舉,首次申報,1071020,個人捐贈收入,陳文城,H10*******,10000.00,0.00,,金錢,桃園市蘆竹區****,0932*****,
47,郭麗華,107年直轄市議員選舉,首次申報,1071020,個人捐贈收入,林長輝,H12*******,20000.00,0.00,,金錢,桃園市蘆竹區****,0958*****,
48,郭麗華,107年直轄市議員選舉,首次申報,1071020,個人捐贈收入,吳麗娟,R22*******,6000.00,0.00,,金錢,桃園市蘆竹區****,0915*****,
49,郭麗華,107年直轄市議員選舉,首次申報,1071022,匿名捐贈,陳詩源,,5000.00,0.00,,金錢,,,
50,郭麗華,107年直轄市議員選舉,首次申報,1071022,營利事業捐贈收入,統一數位翻譯股份有限公司,12183834,10000.00,0.00,,金錢,臺北市內湖區****,,
51,郭麗華,107年直轄市議員選舉,首次申報,1071022,營利事業捐贈收入,聚川企業股份有限公司,44025015,30000.00,0.00,,金錢,桃園市桃園區****,3694*****,
52,郭麗華,107年直轄市議員選舉,首次申報,1071023,營利事業捐贈收入,富榮營造有限公司,43937274,160000.00,0.00,,金錢,桃園市蘆竹區****,,
53,郭麗華,107年直轄市議員選舉,首次申報,1071023,個人捐贈收入,游美燕,H20*******,5000.00,0.00,,金錢,桃園市蘆竹區****,0935*****,
54,郭麗華,107年直轄市議員選舉,首次申報,1071023,個人捐贈收入,洪玉英,H20*******,20000.00,0.00,,金錢,桃園市大園區****,3839*****,
55,郭麗華,107年直轄市議員選舉,首次申報,1071024,匿名捐贈,匿名,,5000.00,0.00,,金錢,,,
56,郭麗華,107年直轄市議員選舉,首次申報,1071024,個人捐贈收入,尤宗元,H12*******,100000.00,0.00,,金錢,桃園市大溪區****,0935*****,
57,郭麗華,107年直轄市議員選舉,首次申報,1071025,營利事業捐贈收入,松雨大旅館股份有限公司,16868415,50000.00,0.00,,金錢,桃園市八德區****,,
58,郭麗華,107年直轄市議員選舉,首次申報,1071025,個人捐贈收入,陳振瑒,H12*******,30000.00,0.00,,金錢,桃園市蘆竹區****,0910*****,
59,郭麗華,107年直轄市議員選舉,首次申報,1071028,營利事業捐贈收入,歐藝烘培有限公司,16562842,50000.00,0.00,,金錢,桃園市蘆竹區****,,
60,郭麗華,107年直轄市議員選舉,首次申報,1071029,營利事業捐贈收入,助商工業有限公司,42566555,50000.00,0.00,,金錢,桃園市蘆竹區****,0938*****,
61,郭麗華,107年直轄市議員選舉,首次申報,1071029,個人捐贈收入,林嶽龍,P10*******,10000.00,0.00,,金錢,桃園市蘆竹區****,0911*****,
62,郭麗華,107年直轄市議員選舉,首次申報,1071030,營利事業捐贈收入,榮杰實業股份有限公司,16758944,100000.00,0.00,,金錢,桃園市蘆竹區****,,
63,郭麗華,107年直轄市議員選舉,首次申報,1071030,營利事業捐贈收入,迅泰企業股份有限公司,28696796,50000.00,0.00,,金錢,臺北市大安區****,2225*****,
64,郭麗華,107年直轄市議員選舉,首次申報,1071030,營利事業捐贈收入,華富環保有限公司,45116358,200000.00,0.00,,金錢,桃園市蘆竹區****,0955*****,
65,郭麗華,107年直轄市議員選舉,首次申報,1071030,營利事業捐贈收入,翔越工業有限公司,69720291,100000.00,0.00,,金錢,桃園市桃園區****,0936*****,
66,郭麗華,107年直轄市議員選舉,首次申報,1071031,個人捐贈收入,胡進利,H10*******,100000.00,0.00,,金錢,桃園市蘆竹區****,0937*****,
67,郭麗華,107年直轄市議員選舉,首次申報,1071031,個人捐贈收入,胡家琳,H12*******,100000.00,0.00,,金錢,桃園市蘆竹區****,0953*****,
68,郭麗華,107年直轄市議員選舉,首次申報,1071031,個人捐贈收入,陳宏如,R12*******,100000.00,0.00,,金錢,桃園市桃園區****,0931*****,
69,郭麗華,107年直轄市議員選舉,首次申報,1071101,人民團體捐贈收入,社團法人桃園市牙醫師公會,,30000.00,0.00,,金錢,桃園市中壢區****,03-4*****,
70,郭麗華,107年直轄市議員選舉,首次申報,1071101,個人捐贈收入,鍾永春,H10*******,20000.00,0.00,,金錢,桃園市蘆竹區****,0910*****,
71,郭麗華,107年直轄市議員選舉,首次申報,1071102,營利事業捐贈收入,宏銘紡織有限公司,16376093,20000.00,0.00,,金錢,桃園市蘆竹區****,,
72,郭麗華,107年直轄市議員選舉,首次申報,1071102,營利事業捐贈收入,星碩建設股份有限公司,27653995,300000.00,0.00,,金錢,桃園市桃園區****,,
73,郭麗華,107年直轄市議員選舉,首次申報,1071102,營利事業捐贈收入,昌誠餐飲有限公司,69692295,300000.00,0.00,,金錢,桃園市桃園區****,,
74,郭麗華,107年直轄市議員選舉,首次申報,1071104,個人捐贈收入,徐佰正,H10*******,30000.00,0.00,,金錢,桃園市桃園區****,,
75,郭麗華,107年直轄市議員選舉,首次申報,1071105,個人捐贈收入,蔡美娟,L22*******,20000.00,0.00,,金錢,桃園市蘆竹區****,,
76,郭麗華,107年直轄市議員選舉,首次申報,1071106,個人捐贈收入,郭先開,H10*******,5000.00,0.00,,金錢,桃園市蘆竹區****,3223*****,
77,郭麗華,107年直轄市議員選舉,首次申報,1071106,個人捐贈收入,郭垚芳,H12*******,10000.00,0.00,,金錢,新北市板橋區****,0955*****,
78,郭麗華,107年直轄市議員選舉,首次申報,1071106,個人捐贈收入,蔡全峰,P12*******,100000.00,0.00,,金錢,雲林縣四湖鄉****,0936*****,
79,郭麗華,107年直轄市議員選舉,首次申報,1071106,個人捐贈收入,施昆宏,R12*******,100000.00,0.00,,金錢,臺南市白河區****,,
80,郭麗華,107年直轄市議員選舉,首次申報,1071106,個人捐贈收入,施順能,R12*******,100000.00,0.00,,金錢,臺南市白河區****,,
81,郭麗華,107年直轄市議員選舉,首次申報,1071107,人民團體捐贈收入,中華民國車輛進口商協會,,50000.00,0.00,,金錢,臺北市松山區****,02-2*****,
82,郭麗華,107年直轄市議員選舉,首次申報,1071107,營利事業捐贈收入,日盛紡織品有限公司,54939019,100000.00,0.00,,金錢,桃園市蘆竹區****,0938*****,
83,郭麗華,107年直轄市議員選舉,首次申報,1071107,個人捐贈收入,李紹淮,H12*******,50000.00,0.00,,金錢,桃園市蘆竹區****,0938*****,
84,郭麗華,107年直轄市議員選舉,首次申報,1071107,個人捐贈收入,戴兆庭,H22*******,20000.00,0.00,,金錢,桃園市中壢區****,0936*****,
85,郭麗華,107年直轄市議員選舉,首次申報,1071108,個人捐贈收入,李佳士,P22*******,2000.00,0.00,,金錢,桃園市平鎮區****,0973*****,
86,郭麗華,107年直轄市議員選舉,首次申報,1071109,營利事業捐贈收入,泳福有限公司,16010428,20000.00,0.00,,金錢,桃園市桃園區****,3522*****,
87,郭麗華,107年直轄市議員選舉,首次申報,1071109,營利事業捐贈收入,和彩塑膠工業有限公司,16412371,36000.00,0.00,,金錢,桃園市桃園區****,935-*****,
88,郭麗華,107年直轄市議員選舉,首次申報,1071109,營利事業捐贈收入,健躍工程有限公司,22297651,50000.00,0.00,,金錢,桃園市桃園區****,0910*****,
89,郭麗華,107年直轄市議員選舉,首次申報,1071109,營利事業捐贈收入,鴻洲水電工程有限公司,84582521,50000.00,0.00,,金錢,桃園市蘆竹區****,0936*****,
90,郭麗華,107年直轄市議員選舉,首次申報,1071109,個人捐贈收入,趙令坪,H12*******,3000.00,0.00,,金錢,桃園市蘆竹區****,0919*****,
91,郭麗華,107年直轄市議員選舉,首次申報,1071109,個人捐贈收入,陳家欽,H12*******,20000.00,0.00,,金錢,桃園市蘆竹區****,0935*****,
92,郭麗華,107年直轄市議員選舉,首次申報,1071111,個人捐贈收入,許金華,H12*******,100000.00,0.00,,金錢,桃園市蘆竹區****,0930*****,
93,郭麗華,107年直轄市議員選舉,首次申報,1071112,營利事業捐贈收入,達成製模有限公司,22062015,100000.00,0.00,,金錢,桃園市蘆竹區****,0921*****,
94,郭麗華,107年直轄市議員選舉,首次申報,1071112,營利事業捐贈收入,柏承科技股份有限公司,23750095,30000.00,0.00,,金錢,,3543*****,
95,郭麗華,107年直轄市議員選舉,首次申報,1071112,個人捐贈收入,林德昌,H12*******,10000.00,0.00,,金錢,桃園市蘆竹區****,0910*****,
96,郭麗華,107年直轄市議員選舉,首次申報,1071113,營利事業捐贈收入,正德防火工業股份有限公司,24019802,30000.00,0.00,,金錢,臺北市內湖區****,0931*****,
97,郭麗華,107年直轄市議員選舉,首次申報,1071113,營利事業捐贈收入,連昌興有限公司,28074045,20000.00,0.00,,金錢,桃園市大園區****,,
98,郭麗華,107年直轄市議員選舉,首次申報,1071113,營利事業捐贈收入,力旺有限公司,54330464,30000.00,0.00,,金錢,臺北市中山區****,02-2*****,
99,郭麗華,107年直轄市議員選舉,首次申報,1071113,個人捐贈收入,郭啟諄,H12*******,5000.00,0.00,,金錢,桃園市蘆竹區****,0955*****,
100,郭麗華,107年直轄市議員選舉,首次申報,1071114,個人捐贈收入,陳生園,A12*******,100000.00,0.00,,金錢,桃園市蘆竹區****,3236*****,
101,郭麗華,107年直轄市議員選舉,首次申報,1071114,個人捐贈收入,高小鳳,M22*******,100000.00,0.00,,金錢,桃園市蘆竹區****,3236*****,
102,郭麗華,107年直轄市議員選舉,首次申報,1071115,營利事業捐贈收入,達清環保企業股份有限公司,16424285,60000.00,0.00,,金錢,桃園市蘆竹區****,0937*****,
103,郭麗華,107年直轄市議員選舉,首次申報,1071115,個人捐贈收入,郭清輝,H12*******,50000.00,0.00,,金錢,桃園市蘆竹區****,,
104,郭麗華,107年直轄市議員選舉,首次申報,1071116,營利事業捐贈收入,振圖科技股份有限公司,70739255,150000.00,0.00,,金錢,桃園市中壢區****,0910*****,
105,郭麗華,107年直轄市議員選舉,首次申報,1071116,個人捐贈收入,莊裕民,N12*******,60000.00,0.00,,金錢,桃園市中壢區****,0978*****,
106,郭麗華,107年直轄市議員選舉,首次申報,1071118,個人捐贈收入,曾懷瑩,H22*******,50000.00,0.00,,金錢,桃園市蘆竹區****,3525*****,
107,郭麗華,107年直轄市議員選舉,首次申報,1071119,匿名捐贈,匿名,,6000.00,0.00,,金錢,,,
108,郭麗華,107年直轄市議員選舉,首次申報,1071119,營利事業捐贈收入,呈茂電子股份有限公司,70680395,10000.00,0.00,,金錢,桃園市蘆竹區****,0932*****,
109,郭麗華,107年直轄市議員選舉,首次申報,1071119,營利事業捐贈收入,光鈦國際工業股份有限公司,97366601,50000.00,0.00,,金錢,桃園市蘆竹區****,03-3*****,
110,郭麗華,107年直轄市議員選舉,首次申報,1071120,個人捐贈收入,王金榮,H10*******,30000.00,0.00,,金錢,桃園市蘆竹區****,0933*****,
111,郭麗華,107年直轄市議員選舉,首次申報,1071120,個人捐贈收入,李朝淙,H12*******,20000.00,0.00,,金錢,桃園市蘆竹區****,,
112,郭麗華,107年直轄市議員選舉,首次申報,1071121,營利事業捐贈收入,溫晟塑膠工業股份有限公司,86248157,20000.00,0.00,,金錢,桃園市大園區****,0932*****,
113,郭麗華,107年直轄市議員選舉,首次申報,1071122,營利事業捐贈收入,長泉工程有限公司,86494930,200000.00,0.00,,金錢,桃園市桃園區****,,
114,郭麗華,107年直轄市議員選舉,首次申報,1071122,個人捐贈收入,范毓忠,Y12*******,100000.00,0.00,,金錢,桃園市蘆竹區****,0905*****,
115,郭麗華,107年直轄市議員選舉,首次申報,1071221,其他收入,利息收入,,1282.00,0.00,,金錢,,,
