﻿序號,擬參選人／政黨,選舉名稱,申報序號／年度,交易日期,收支科目,捐贈者／支出對象,身分證／統一編號,收入金額,支出金額,捐贈方式,存入專戶日期,返還/繳庫,支出用途,金錢類,地址,聯絡電話,應揭露之支出對象,支出對象之內部人員姓名,支出對象之內部人員職稱,政黨之內部人員姓名,政黨之內部人員職稱,關係,更正註記,資料更正日期
1,呂宇晟,111年桃園市議員選舉,首次申報,1110519,匿名捐贈,匿名,,1.00,0.00,匯款,1110519,,,金錢,,,,,,,,,,
2,呂宇晟,111年桃園市議員選舉,首次申報,1110524,匿名捐贈,匿名1,,2000.00,0.00,現金,1110524,,,金錢,,,,,,,,,,
3,呂宇晟,111年桃園市議員選舉,首次申報,1110527,匿名捐贈,匿名,,6666.00,0.00,現金,1110527,,,金錢,,,,,,,,,,
4,呂宇晟,111年桃園市議員選舉,首次申報,1110529,匿名捐贈,匿名2,,100.00,0.00,現金,1110529,,,金錢,,,,,,,,,,
5,呂宇晟,111年桃園市議員選舉,首次申報,1110529,匿名捐贈,匿名3,,1000.00,0.00,現金,1110529,,,金錢,,,,,,,,,,
6,呂宇晟,111年桃園市議員選舉,首次申報,1110603,匿名捐贈,匿名4,,2000.00,0.00,現金,1110603,,,金錢,,,,,,,,,,
7,呂宇晟,111年桃園市議員選舉,首次申報,1110621,其他收入,利息收入,,1.00,0.00,匯款,1110621,,,金錢,,,,,,,,,,
8,呂宇晟,111年桃園市議員選舉,首次申報,1110622,匿名捐贈,匿名5,,3000.00,0.00,現金,1110622,,,金錢,,,,,,,,,,
9,呂宇晟,111年桃園市議員選舉,首次申報,1110701,匿名捐贈,匿名6,,2000.00,0.00,現金,1110701,,,金錢,,,,,,,,,,
10,呂宇晟,111年桃園市議員選舉,首次申報,1110703,匿名捐贈,匿名7,,475.00,0.00,現金,1110703,,,金錢,,,,,,,,,,
11,呂宇晟,111年桃園市議員選舉,首次申報,1110706,營利事業捐贈收入,佳藝景觀有限公司,28388453,60000.00,0.00,匯款,1110706,,,金錢,南投縣南投市****,,,,,,,,,
12,呂宇晟,111年桃園市議員選舉,首次申報,1110715,匿名捐贈,匿名8,,1000.00,0.00,現金,1110715,,,金錢,,,,,,,,,,
13,呂宇晟,111年桃園市議員選舉,首次申報,1110803,個人捐贈收入,李勝宏,Q12*******,35000.00,0.00,匯款,1110803,,,金錢,新北市林口區****,,,,,,,,,
14,呂宇晟,111年桃園市議員選舉,首次申報,1110824,政黨捐贈收入,時代力量,政黨證字第267號,200000.00,0.00,匯款,1110824,已返還,,金錢,臺北市大同區****,(02)*****,,,,,,,,
15,呂宇晟,111年桃園市議員選舉,首次申報,1110908,個人捐贈收入,曾蔡合里,,200.00,0.00,,,,,非金錢,桃園市桃園區****,0927*****,,,,,,,,
16,呂宇晟,111年桃園市議員選舉,首次申報,1111003,匿名捐贈,匿名,,2000.00,0.00,匯款,1111003,,,金錢,,,,,,,,,,
17,呂宇晟,111年桃園市議員選舉,首次申報,1111024,營利事業捐贈收入,恩邦髮藝,41443964,20000.00,0.00,匯款,1111024,,,金錢,桃園市桃園區****,,,,,,,,,
18,呂宇晟,111年桃園市議員選舉,首次申報,1111116,匿名捐贈,楊源棟,,2000.00,0.00,匯款,1111116,,,金錢,,,,,,,,,,
19,呂宇晟,111年桃園市議員選舉,首次申報,1111118,匿名捐贈,匿名,,1172.00,0.00,匯款,1111118,,,金錢,,,,,,,,,,
20,呂宇晟,111年桃園市議員選舉,首次申報,1111119,匿名捐贈,匿名,,1000.00,0.00,匯款,1111119,,,金錢,,,,,,,,,,
21,呂宇晟,111年桃園市議員選舉,首次申報,1111221,其他收入,利息收入,,149.00,0.00,匯款,1111221,,,金錢,,,,,,,,,,
