﻿序號,擬參選人／政黨,選舉名稱,申報序號／年度,交易日期,收支科目,捐贈者／支出對象,身分證／統一編號,收入金額,支出金額,支出用途,金錢類,地址,聯絡電話,資料更正日期
1,詹益祿,107年鄉(鎮、市)民代表選舉,首次申報,1070825,雜支支出,鼎勝實業,30334243,0.00,5000.00,名片,金錢,新竹縣湖口鄉****,,
2,詹益祿,107年鄉(鎮、市)民代表選舉,首次申報,1071010,宣傳支出,弘大體育用品社,98136327,0.00,56500.00,背心.帽子,金錢,桃園市楊梅區****,,
3,詹益祿,107年鄉(鎮、市)民代表選舉,首次申報,1071019,雜支支出,笙盛文具,37937867,0.00,724.00,文具用品費用,金錢,新竹縣湖口鄉****,,
4,詹益祿,107年鄉(鎮、市)民代表選舉,首次申報,1071019,宣傳支出,千易禮贈品有限公司,42706465,0.00,58000.00,宣傳筆,金錢,臺中市西屯區****,,
5,詹益祿,107年鄉(鎮、市)民代表選舉,首次申報,1071025,雜支支出,合信汽車電機行,,0.00,4800.00,雜項購置或修繕費用,金錢,新竹縣湖口鄉****,,
6,詹益祿,107年鄉(鎮、市)民代表選舉,首次申報,1071107,雜支支出,蕙儀手工藝坊,19655083,0.00,14580.00,雜項購置或修繕費用,金錢,新竹縣湖口鄉****,,
7,詹益祿,107年鄉(鎮、市)民代表選舉,首次申報,1071111,租用競選辦事處支出,鴻恩禮儀社,,0.00,19000.00,租用競選辦事處費用,金錢,新竹縣湖口鄉****,,
8,詹益祿,107年鄉(鎮、市)民代表選舉,首次申報,1071116,宣傳支出,鼎勝實業,30334243,0.00,194330.00,製作宣傳廣告支出,金錢,新竹縣湖口鄉****,,
9,詹益祿,107年鄉(鎮、市)民代表選舉,首次申報,1071121,雜支支出,宏金企業商行,20146355,0.00,72000.00,餐飲費用,金錢,新竹市南寮街****,,
