﻿序號,擬參選人／政黨,選舉名稱,申報序號／年度,交易日期,收支科目,捐贈者／支出對象,身分證／統一編號,收入金額,支出金額,捐贈方式,存入專戶日期,返還/繳庫,支出用途,金錢類,地址,聯絡電話,應揭露之支出對象,支出對象之內部人員姓名,支出對象之內部人員職稱,政黨之內部人員姓名,政黨之內部人員職稱,關係,更正註記,資料更正日期
1,韓國瑜,109年總統、副總統選舉,第2次賸餘,1100103,參加公職人員選舉使用支出,奧麗有限公司,82907137,0.00,750000.00,,,,委託辦理研究、評估、調查、設計或規劃費用,金錢,臺北市信義區****,,,,,,,,,
2,韓國瑜,109年總統、副總統選舉,第2次賸餘,1100115,參加公職人員選舉使用支出,奧麗有限公司,82907137,0.00,650000.00,,,,委託辦理研究、評估、調查、設計或規劃費用,金錢,臺北市信義區****,,,,,,,,,
3,韓國瑜,109年總統、副總統選舉,第2次賸餘,1100119,參加公職人員選舉使用支出,中華郵政股份有限公司,03741302,0.00,28.00,,,,郵寄物品費用,金錢,臺北市大安區****,,,,,,,,,
4,韓國瑜,109年總統、副總統選舉,第2次賸餘,1100122,參加公職人員選舉使用支出,中華電信股份有限公司,63501100,0.00,1839.00,,,,電信費用,金錢,斗六市文化路****,,,,,,,,,
5,韓國瑜,109年總統、副總統選舉,第2次賸餘,1100122,參加公職人員選舉使用支出,花農-吳長隆,P12*******,0.00,8500.00,,,,為民活動費用,金錢,,,,,,,,,,
6,韓國瑜,109年總統、副總統選舉,第2次賸餘,1100127,參加公職人員選舉使用支出,泰鼎法律事務所,38533358,0.00,100000.00,,,,委託辦理研究、評估、調查、設計或規劃費用,金錢,台北市大安區****,,,,,,,,,
7,韓國瑜,109年總統、副總統選舉,第2次賸餘,1100127,參加公職人員選舉使用支出,泰鼎法律事務所,38533358,0.00,8424.00,,,,委託辦理研究、評估、調查、設計或規劃費用,金錢,台北市大安區****,,,,,,,,,
8,韓國瑜,109年總統、副總統選舉,第2次賸餘,1100205,參加公職人員選舉使用支出,中華郵政股份有限公司,03741302,0.00,100.00,,,,工本費,金錢,臺北市大安區****,,,,,,,,,
9,韓國瑜,109年總統、副總統選舉,第2次賸餘,1100205,參加公職人員選舉使用支出,台灣高速鐵路股份有限公司,16446274,0.00,1040.00,,,,搭乘交通工具費用,金錢,台北市南港區****,,,,,,,,,
10,韓國瑜,109年總統、副總統選舉,第2次賸餘,1100205,參加公職人員選舉使用支出,台灣高速鐵路股份有限公司,16446274,0.00,1040.00,,,,搭乘交通工具費用,金錢,台北市南港區****,,,,,,,,,
11,韓國瑜,109年總統、副總統選舉,第2次賸餘,1100205,參加公職人員選舉使用支出,泰鼎法律事務所,38533358,0.00,7119.00,,,,委託辦理研究、評估、調查、設計或規劃費用,金錢,台北市大安區****,,,,,,,,,
12,韓國瑜,109年總統、副總統選舉,第2次賸餘,1100217,參加公職人員選舉使用支出,奧麗有限公司,82907137,0.00,600000.00,,,,委託辦理研究、評估、調查、設計或規劃費用,金錢,臺北市信義區****,,,,,,,,,
13,韓國瑜,109年總統、副總統選舉,第2次賸餘,1100220,參加公職人員選舉使用支出,台灣高速鐵路股份有限公司,16446274,0.00,1040.00,,,,搭乘交通工具費用,金錢,台北市南港區****,,,,,,,,,
14,韓國瑜,109年總統、副總統選舉,第2次賸餘,1100220,參加公職人員選舉使用支出,台灣高速鐵路股份有限公司,16446274,0.00,1040.00,,,,搭乘交通工具費用,金錢,台北市南港區****,,,,,,,,,
15,韓國瑜,109年總統、副總統選舉,第2次賸餘,1100220,參加公職人員選舉使用支出,台灣高速鐵路股份有限公司,16446274,0.00,1040.00,,,,搭乘交通工具費用,金錢,台北市南港區****,,,,,,,,,
16,韓國瑜,109年總統、副總統選舉,第2次賸餘,1100220,參加公職人員選舉使用支出,台灣高速鐵路股份有限公司,16446274,0.00,1040.00,,,,搭乘交通工具費用,金錢,台北市南港區****,,,,,,,,,
17,韓國瑜,109年總統、副總統選舉,第2次賸餘,1100222,參加公職人員選舉使用支出,中華電信股份有限公司,63501100,0.00,1824.00,,,,電信費用,金錢,斗六市文化號****,,,,,,,,,
18,韓國瑜,109年總統、副總統選舉,第2次賸餘,1100308,參加公職人員選舉使用支出,泰鼎法律事務所,38533358,0.00,80000.00,,,,委託辦理研究、評估、調查、設計或規劃費用,金錢,台北市大安區****,,,,,,,,,
19,韓國瑜,109年總統、副總統選舉,第2次賸餘,1100308,參加公職人員選舉使用支出,泰鼎法律事務所,38533358,0.00,170000.00,,,,委託辦理研究、評估、調查、設計或規劃費用,金錢,台北市大安區****,,,,,,,,,
20,韓國瑜,109年總統、副總統選舉,第2次賸餘,1100317,參加公職人員選舉使用支出,中華電信股份有限公司,63501100,0.00,1799.00,,,,電信費用,金錢,斗六市文化路****,,,,,,,,,
21,韓國瑜,109年總統、副總統選舉,第2次賸餘,1100317,參加公職人員選舉使用支出,奧麗有限公司,82907137,0.00,860000.00,,,,委託辦理研究、評估、調查、設計或規劃費用,金錢,臺北市信義區****,,,,,,,,,
22,韓國瑜,109年總統、副總統選舉,第2次賸餘,1100318,參加公職人員選舉使用支出,台灣高速鐵路股份有限公司,16446274,0.00,1040.00,,,,搭乘交通工具費用,金錢,台北市南港區****,,,,,,,,,
23,韓國瑜,109年總統、副總統選舉,第2次賸餘,1100318,參加公職人員選舉使用支出,台灣高速鐵路股份有限公司,16446274,0.00,1040.00,,,,搭乘交通工具費用,金錢,台北市南港區****,,,,,,,,,
24,韓國瑜,109年總統、副總統選舉,第2次賸餘,1100402,參加公職人員選舉使用支出,花農-吳長隆,P12*******,0.00,6000.00,,,,為民活動費用,金錢,,,,,,,,,,
25,韓國瑜,109年總統、副總統選舉,第2次賸餘,1100410,參加公職人員選舉使用支出,奧麗有限公司,82907137,0.00,220000.00,,,,委託辦理研究、評估、調查、設計或規劃費用,金錢,臺北市信義區****,,,,,,,,,
26,韓國瑜,109年總統、副總統選舉,第2次賸餘,1100411,參加公職人員選舉使用支出,農家園蘭花館,00346658,0.00,1500.00,,,,為民服務費用,金錢,高雄市三民區****,,,,,,,,,
27,韓國瑜,109年總統、副總統選舉,第2次賸餘,1100411,參加公職人員選舉使用支出,釆舍花坊,81633899,0.00,3000.00,,,,為民服務費用,金錢,臺北市信義區****,,,,,,,,,
28,韓國瑜,109年總統、副總統選舉,第2次賸餘,1100415,參加公職人員選舉使用支出,中華電信股份有限公司臺灣南區電信分公司雲林營運處,63501100,0.00,1799.00,,,,電信費用,金錢,雲林縣斗六市****,,,,,,,,,
29,韓國瑜,109年總統、副總統選舉,第2次賸餘,1100424,參加公職人員選舉使用支出,釆舍花坊,81633899,0.00,2500.00,,,,為民活動費用,金錢,臺北市信義區****,,,,,,,,,
30,韓國瑜,109年總統、副總統選舉,第2次賸餘,1100425,參加公職人員選舉使用支出,奧麗有限公司,82907137,0.00,920000.00,,,,委託辦理研究、評估、調查、設計或規劃費用,金錢,台北市信義區****,,,,,,,,,
31,韓國瑜,109年總統、副總統選舉,第2次賸餘,1100430,捐贈教育、文化、公益、慈善機構或團體支出,台灣世界展望會,04124664,0.00,200000.00,,,,捐贈教育、文化、公益、慈善機構或團體支出,金錢,台北市松山區****,02-2*****,,,,,,,,
32,韓國瑜,109年總統、副總統選舉,第2次賸餘,1100430,捐贈教育、文化、公益、慈善機構或團體支出,財團法人伊甸社會福利基金會,05200169,0.00,200000.00,,,,捐贈教育、文化、公益、慈善機構或團體支出,金錢,台北市文山區****,(02)*****,,,,,,,,
33,韓國瑜,109年總統、副總統選舉,第2次賸餘,1100430,捐贈教育、文化、公益、慈善機構或團體支出,財團法人伊甸社會福利基金會,05200169,0.00,200000.00,,,,捐贈教育、文化、公益、慈善機構或團體支出,金錢,台北市文山區****,,,,,,,,,
34,韓國瑜,109年總統、副總統選舉,第2次賸餘,1100430,參加公職人員選舉使用支出,台灣高速鐵路股份有限公司,16446274,0.00,1040.00,,,,搭乘交通工具費用,金錢,臺北市南港區****,,,,,,,,,
35,韓國瑜,109年總統、副總統選舉,第2次賸餘,1100430,參加公職人員選舉使用支出,台灣高速鐵路股份有限公司,16446274,0.00,1040.00,,,,搭乘交通工具費用,金錢,臺北市南港區****,,,,,,,,,
36,韓國瑜,109年總統、副總統選舉,第2次賸餘,1100430,捐贈教育、文化、公益、慈善機構或團體支出,社團法人中華安得烈慈善協會,26328803,0.00,200000.00,,,,捐贈教育、文化、公益、慈善機構或團體支出,金錢,新北市新莊區****,,,,,,,,,
37,韓國瑜,109年總統、副總統選舉,第2次賸餘,1100430,捐贈教育、文化、公益、慈善機構或團體支出,財團法人天主教失智老人社會福利基金會,73990893,0.00,200000.00,,,,捐贈教育、文化、公益、慈善機構或團體支出,金錢,台北市萬華區****,,,,,,,,,
38,韓國瑜,109年總統、副總統選舉,第2次賸餘,1100501,參加公職人員選舉使用支出,釆舍花坊,81633899,0.00,2000.00,,,,為民服務費用,金錢,臺北市信義區****,,,,,,,,,
39,韓國瑜,109年總統、副總統選舉,第2次賸餘,1100502,捐贈教育、文化、公益、慈善機構或團體支出,中華民國紅心字會,02276242,0.00,200000.00,,,,捐贈教育、文化、公益、慈善機構或團體支出,金錢,台北市重慶南****,02-2*****,,,,,,,,
40,韓國瑜,109年總統、副總統選舉,第2次賸餘,1100506,參加公職人員選舉使用支出,中美鮮花店,77585614,0.00,2000.00,,,,為民服務費用,金錢,臺中市南區西****,,,,,,,,,
41,韓國瑜,109年總統、副總統選舉,第2次賸餘,1100507,參加公職人員選舉使用支出,釆舍花坊,81633899,0.00,2000.00,,,,為民服務費用,金錢,臺北市信義區****,,,,,,,,,
42,韓國瑜,109年總統、副總統選舉,第2次賸餘,1100508,參加公職人員選舉使用支出,農家園蘭花館,00346658,0.00,1200.00,,,,為民服務費用,金錢,高雄市三民區****,,,,,,,,,
43,韓國瑜,109年總統、副總統選舉,第2次賸餘,1100509,參加公職人員選舉使用支出,農家園蘭花館,00346658,0.00,2000.00,,,,為民活動費用,金錢,高雄市三民區****,,,,,,,,,
44,韓國瑜,109年總統、副總統選舉,第2次賸餘,1100510,參加公職人員選舉使用支出,農家園蘭花館,00346658,0.00,1200.00,,,,為民服務費用,金錢,高雄市三民區****,,,,,,,,,
45,韓國瑜,109年總統、副總統選舉,第2次賸餘,1100510,參加公職人員選舉使用支出,富銓企業社,08528358,0.00,3000.00,,,,為民活動費用,金錢,高雄市仁武區****,,,,,,,,,
46,韓國瑜,109年總統、副總統選舉,第2次賸餘,1100511,參加公職人員選舉使用支出,釆舍花坊,81633899,0.00,2000.00,,,,為民活動費用,金錢,臺北市信義區****,,,,,,,,,
47,韓國瑜,109年總統、副總統選舉,第2次賸餘,1100512,參加公職人員選舉使用支出,三普花屋,56977924,0.00,1500.00,,,,為民活動費用,金錢,臺南市東區中****,,,,,,,,,
48,韓國瑜,109年總統、副總統選舉,第2次賸餘,1100514,參加公職人員選舉使用支出,富銓企業社,08528358,0.00,3000.00,,,,為民活動費用,金錢,高雄市仁武區****,,,,,,,,,
49,韓國瑜,109年總統、副總統選舉,第2次賸餘,1100514,參加公職人員選舉使用支出,中華電信股份有限公司,63501100,0.00,1799.00,,,,電信費用,金錢,斗六市文化路****,,,,,,,,,
50,韓國瑜,109年總統、副總統選舉,第2次賸餘,1100516,參加公職人員選舉使用支出,富銓企業社,08528358,0.00,3000.00,,,,為民活動費用,金錢,高雄市仁武區****,,,,,,,,,
51,韓國瑜,109年總統、副總統選舉,第2次賸餘,1100519,參加公職人員選舉使用支出,農家園蘭花館,00346658,0.00,2000.00,,,,為民活動費用,金錢,高雄市三民區****,,,,,,,,,
52,韓國瑜,109年總統、副總統選舉,第2次賸餘,1100520,參加公職人員選舉使用支出,泰鼎法律事務所,38533358,0.00,999.00,,,,委託辦理研究、評估、調查、設計或規劃費用,金錢,台北市大安區****,,,,,,,,,
53,韓國瑜,109年總統、副總統選舉,第2次賸餘,1100525,參加公職人員選舉使用支出,農家園蘭花館,00346658,0.00,3000.00,,,,為民活動費用,金錢,高雄市三民區****,,,,,,,,,
54,韓國瑜,109年總統、副總統選舉,第2次賸餘,1100528,參加公職人員選舉使用支出,奇美鮮花店,47087359,0.00,2000.00,,,,為民活動費用,金錢,新竹縣竹東鎮****,,,,,,,,,
55,韓國瑜,109年總統、副總統選舉,第2次賸餘,1100531,參加公職人員選舉使用支出,農家園蘭花館,00346658,0.00,1500.00,,,,為民活動費用,金錢,高雄市三民區****,,,,,,,,,
56,韓國瑜,109年總統、副總統選舉,第2次賸餘,1100601,參加公職人員選舉使用支出,農家園蘭花館,00346658,0.00,1200.00,,,,為民活動費用,金錢,高雄市三民區****,,,,,,,,,
57,韓國瑜,109年總統、副總統選舉,第2次賸餘,1100606,參加公職人員選舉使用支出,農家園蘭花館,00346658,0.00,1200.00,,,,為民活動費用,金錢,高雄市三民區****,,,,,,,,,
58,韓國瑜,109年總統、副總統選舉,第2次賸餘,1100607,參加公職人員選舉使用支出,農家園蘭花館,00346658,0.00,3000.00,,,,為民活動費用,金錢,高雄市三民區****,,,,,,,,,
59,韓國瑜,109年總統、副總統選舉,第2次賸餘,1100617,參加公職人員選舉使用支出,中華電信股份有限公司,63501100,0.00,1799.00,,,,電信費用,金錢,雲林縣斗六市****,,,,,,,,,
60,韓國瑜,109年總統、副總統選舉,第2次賸餘,1100619,參加公職人員選舉使用支出,農家園蘭花館,00346658,0.00,1200.00,,,,為民活動費用,金錢,高雄市三民區****,,,,,,,,,
61,韓國瑜,109年總統、副總統選舉,第2次賸餘,1100622,參加公職人員選舉使用支出,農家園蘭花館,00346658,0.00,2000.00,,,,為民活動費用,金錢,高雄市三民區****,,,,,,,,,
62,韓國瑜,109年總統、副總統選舉,第2次賸餘,1100625,捐贈教育、文化、公益、慈善機構或團體支出,財團法人臺北市典亮慈善基金會,77733214,0.00,2000000.00,,,,捐贈教育、文化、公益、慈善機構或團體支出,金錢,台北市中山區****,,,,,,,,,
63,韓國瑜,109年總統、副總統選舉,第2次賸餘,1100627,參加公職人員選舉使用支出,農家園蘭花館,00346658,0.00,4000.00,,,,為民活動費用,金錢,高雄市三民區****,,,,,,,,,
64,韓國瑜,109年總統、副總統選舉,第2次賸餘,1100629,參加公職人員選舉使用支出,農家園蘭花館,00346658,0.00,1200.00,,,,為民活動費用,金錢,高雄市三民區****,,,,,,,,,
65,韓國瑜,109年總統、副總統選舉,第2次賸餘,1100701,參加公職人員選舉使用支出,農家園蘭花館,00346658,0.00,1200.00,,,,為民活動費用,金錢,高雄市三民區****,,,,,,,,,
66,韓國瑜,109年總統、副總統選舉,第2次賸餘,1100705,參加公職人員選舉使用支出,農家園蘭花館,00346658,0.00,1500.00,,,,為民活動費用,金錢,高雄市三民區****,,,,,,,,,
67,韓國瑜,109年總統、副總統選舉,第2次賸餘,1100708,參加公職人員選舉使用支出,中華郵政股份有限公司,03741302,0.00,36.00,,,,郵寄物品費用,金錢,臺北市大安區****,,,,,,,,,
68,韓國瑜,109年總統、副總統選舉,第2次賸餘,1100710,參加公職人員選舉使用支出,農家園蘭花館,00346658,0.00,1000.00,,,,為民活動費用,金錢,高雄市三民區****,,,,,,,,,
69,韓國瑜,109年總統、副總統選舉,第2次賸餘,1100715,參加公職人員選舉使用支出,農家園蘭花館,00346658,0.00,3000.00,,,,為民活動費用,金錢,高雄市三民區****,,,,,,,,,
70,韓國瑜,109年總統、副總統選舉,第2次賸餘,1100719,參加公職人員選舉使用支出,中華電信股份有限公司,63501100,0.00,1799.00,,,,電信費用,金錢,,800*****,,,,,,,,
71,韓國瑜,109年總統、副總統選舉,第2次賸餘,1100719,參加公職人員選舉使用支出,釆舍花坊,81633899,0.00,2500.00,,,,為民活動費用,金錢,臺北市信義區****,,,,,,,,,
72,韓國瑜,109年總統、副總統選舉,第2次賸餘,1100720,參加公職人員選舉使用支出,農家園蘭花館,00346658,0.00,1200.00,,,,為民活動費用,金錢,高雄市三民區****,,,,,,,,,
73,韓國瑜,109年總統、副總統選舉,第2次賸餘,1100722,參加公職人員選舉使用支出,中華郵政股份有限公司,03741302,0.00,44.00,,,,郵資,金錢,臺北市大安區****,,,,,,,,,
74,韓國瑜,109年總統、副總統選舉,第2次賸餘,1100730,參加公職人員選舉使用支出,中華郵政股份有限公司,03741302,0.00,101.00,,,,郵寄物品費用,金錢,臺北市大安區****,,,,,,,,,
75,韓國瑜,109年總統、副總統選舉,第2次賸餘,1100730,參加公職人員選舉使用支出,泰鼎法律事務所,38533358,0.00,1275.00,,,,委託辦理研究、評估、調查、設計或規劃費用,金錢,臺北市大安區****,,,,,,,,,
76,韓國瑜,109年總統、副總統選舉,第2次賸餘,1100730,參加公職人員選舉使用支出,釆舍花坊,81633899,0.00,2000.00,,,,為民活動費用,金錢,臺北市信義區****,,,,,,,,,
77,韓國瑜,109年總統、副總統選舉,第2次賸餘,1100802,參加公職人員選舉使用支出,釆舍花坊,81633899,0.00,2000.00,,,,為民活動費用,金錢,臺北市信義區****,,,,,,,,,
78,韓國瑜,109年總統、副總統選舉,第2次賸餘,1100806,參加公職人員選舉使用支出,釆舍花坊,81633899,0.00,2000.00,,,,為民活動費用,金錢,臺北市信義區****,,,,,,,,,
79,韓國瑜,109年總統、副總統選舉,第2次賸餘,1100812,捐贈教育、文化、公益、慈善機構或團體支出,台灣重症兒童家長協會,88109820,0.00,1000000.00,,,,捐贈教育、文化、公益、慈善機構或團體支出,金錢,臺北市中正區****,,,,,,,,,
80,韓國瑜,109年總統、副總統選舉,第2次賸餘,1100814,捐贈教育、文化、公益、慈善機構或團體支出,財團法人高雄市私立張簡秋風社會福利慈善事業基金會,17018588,0.00,30000.00,,,,捐贈教育、文化、公益、慈善機構或團體支出,金錢,高雄市大寮區****,07-7*****,,,,,,,,
81,韓國瑜,109年總統、副總統選舉,第2次賸餘,1100814,參加公職人員選舉使用支出,中華電信股份有限公司,63501100,0.00,1799.00,,,,電話網路費用,金錢,斗六市文化路****,,,,,,,,,
82,韓國瑜,109年總統、副總統選舉,第2次賸餘,1100819,參加公職人員選舉使用支出,農家園蘭花館,00346658,0.00,2000.00,,,,為民活動費用,金錢,高雄市三民區****,,,,,,,,,
83,韓國瑜,109年總統、副總統選舉,第2次賸餘,1100831,參加公職人員選舉使用支出,釆舍花坊,81633899,0.00,800.00,,,,為民活動費用,金錢,臺北市信義區****,,,,,,,,,
84,韓國瑜,109年總統、副總統選舉,第2次賸餘,1100904,參加公職人員選舉使用支出,農家園蘭花館,00346658,0.00,1200.00,,,,為民活動費用,金錢,高雄市三民區****,,,,,,,,,
85,韓國瑜,109年總統、副總統選舉,第2次賸餘,1100910,參加公職人員選舉使用支出,農家園蘭花館,00346658,0.00,1200.00,,,,為民活動費用,金錢,高雄市三民區****,,,,,,,,,
86,韓國瑜,109年總統、副總統選舉,第2次賸餘,1100926,參加公職人員選舉使用支出,農家園蘭花館,00346658,0.00,1500.00,,,,為民活動費用,金錢,高雄市三民區****,,,,,,,,,
87,韓國瑜,109年總統、副總統選舉,第2次賸餘,1100927,參加公職人員選舉使用支出,釆舍花坊,81633899,0.00,2000.00,,,,為民活動費用,金錢,臺北市信義區****,,,,,,,,,
88,韓國瑜,109年總統、副總統選舉,第2次賸餘,1100929,參加公職人員選舉使用支出,農家園蘭花館,00346658,0.00,1500.00,,,,為民活動費用,金錢,高雄市三民區****,,,,,,,,,
89,韓國瑜,109年總統、副總統選舉,第2次賸餘,1101004,參加公職人員選舉使用支出,農家園蘭花館,00346658,0.00,1200.00,,,,為民活動費用,金錢,高雄市三民區****,,,,,,,,,
90,韓國瑜,109年總統、副總統選舉,第2次賸餘,1101008,參加公職人員選舉使用支出,泰鼎法律事務所,38533358,0.00,1406.00,,,,委託辦理研究、評估、調查、設計或規劃費用,金錢,台北市大安區****,,,,,,,,,
91,韓國瑜,109年總統、副總統選舉,第2次賸餘,1101012,參加公職人員選舉使用支出,中華郵政股份有限公司,03741302,0.00,60.00,,,,郵寄物品費用,金錢,臺北市大安區****,,,,,,,,,
92,韓國瑜,109年總統、副總統選舉,第2次賸餘,1101012,參加公職人員選舉使用支出,釆舍花坊,81633899,0.00,350.00,,,,為民活動費用,金錢,臺北市信義區****,,,,,,,,,
93,韓國瑜,109年總統、副總統選舉,第2次賸餘,1101018,參加公職人員選舉使用支出,中華電信股份有限公司,63501100,0.00,1802.00,,,,電話網路費用,金錢,斗六市文化路****,,,,,,,,,
94,韓國瑜,109年總統、副總統選舉,第2次賸餘,1101115,參加公職人員選舉使用支出,中華電信股份有限公司,63501100,0.00,1799.00,,,,電話網路費用,金錢,,800*****,,,,,,,,
95,韓國瑜,109年總統、副總統選舉,第2次賸餘,1101118,參加公職人員選舉使用支出,釆舍花坊,81633899,0.00,2000.00,,,,為民活動費用,金錢,臺北市信義區****,,,,,,,,,
96,韓國瑜,109年總統、副總統選舉,第2次賸餘,1101126,參加公職人員選舉使用支出,中華郵政股份有限公司,03741302,0.00,36.00,,,,郵寄物品費用,金錢,臺北市大安區****,,,,,,,,,
97,韓國瑜,109年總統、副總統選舉,第2次賸餘,1101126,參加公職人員選舉使用支出,釆舍花坊,81633899,0.00,336.00,,,,為民活動費用,金錢,臺北市信義區****,,,,,,,,,
98,韓國瑜,109年總統、副總統選舉,第2次賸餘,1101206,參加公職人員選舉使用支出,農家園蘭花館,00346658,0.00,1200.00,,,,為民活動費用,金錢,高雄市三民區****,,,,,,,,,
99,韓國瑜,109年總統、副總統選舉,第2次賸餘,1101206,參加公職人員選舉使用支出,泰鼎法律事務所,38533358,0.00,539.00,,,,委託辦理研究、評估、調查、設計或規劃費用,金錢,台北市大安區****,,,,,,,,,
100,韓國瑜,109年總統、副總統選舉,第2次賸餘,1101216,參加公職人員選舉使用支出,中華電信股份有限公司,63501100,0.00,1799.00,,,,電話網路費用,金錢,雲林縣斗六市****,,,,,,,,,
