﻿序號,擬參選人／政黨,選舉名稱,申報序號／年度,交易日期,收支科目,捐贈者／支出對象,身分證／統一編號,收入金額,支出金額,捐贈方式,存入專戶日期,返還/繳庫,支出用途,金錢類,地址,聯絡電話,應揭露之支出對象,支出對象之內部人員姓名,支出對象之內部人員職稱,政黨之內部人員姓名,政黨之內部人員職稱,關係,更正註記,資料更正日期
1,舒翠玲,111年桃園市議員選舉,首次申報,1110625,宣傳支出,弘成體育用品社,91311117,0.00,38000.00,,,,製作競選物品或宣傳廣告費用（物品名稱-競選T恤）,金錢,桃園市平鎮區****,,否,,,,,,,
2,舒翠玲,111年桃園市議員選舉,首次申報,1110703,交通旅運支出,坤業加油站有限公司景福營業所,,0.00,1712.00,,,,油資,金錢,桃園市中壢區****,,否,,,,,,,
3,舒翠玲,111年桃園市議員選舉,首次申報,1110707,交通旅運支出,龍東加油站股份有限公司,,0.00,804.00,,,,油資,金錢,桃園市平鎮區****,,否,,,,,,,
4,舒翠玲,111年桃園市議員選舉,首次申報,1110707,雜支支出,小云滇小吃店,,0.00,270.00,,,,餐飲費用,金錢,桃園市中壢區****,,否,,,,,,,
5,舒翠玲,111年桃園市議員選舉,首次申報,1110708,雜支支出,京樂蛋糕食品有限公司,,0.00,390.00,,,,餐飲費用,金錢,桃園市中壢區****,,否,,,,,,,
6,舒翠玲,111年桃園市議員選舉,首次申報,1110708,交通旅運支出,中油股份有限公司龍岡加油站,,0.00,1367.00,,,,油資,金錢,桃園市中壢區****,,否,,,,,,,
7,舒翠玲,111年桃園市議員選舉,首次申報,1110710,雜支支出,鼎欣食品有限公司振興分店,,0.00,550.00,,,,餐飲費用,金錢,桃園市平鎮區****,,否,,,,,,,
8,舒翠玲,111年桃園市議員選舉,首次申報,1110711,租用競選辦事處支出,知億有限公司,,0.00,1575.00,,,,租買辦公設備費用,金錢,桃園市中壢區****,,否,,,,,,,
9,舒翠玲,111年桃園市議員選舉,首次申報,1110714,交通旅運支出,全國加油站股份有限公司全國龍岡加油站,,0.00,1672.00,,,,油資,金錢,桃園市中壢區****,,否,,,,,,,
10,舒翠玲,111年桃園市議員選舉,首次申報,1110714,宣傳支出,中華郵政(股)公司,,0.00,1086.00,,,,郵寄競選物品或宣傳廣告費用,金錢,桃園市中壢區****,,否,,,,,,,
11,舒翠玲,111年桃園市議員選舉,首次申報,1110715,雜支支出,吉祥小吃店,,0.00,140.00,,,,餐飲費用,金錢,桃園市平鎮區****,,否,,,,,,,
12,舒翠玲,111年桃園市議員選舉,首次申報,1110716,交通旅運支出,龍東加油站股份有限公司,,0.00,1417.00,,,,油資,金錢,桃園市平鎮區****,,否,,,,,,,
13,舒翠玲,111年桃園市議員選舉,首次申報,1110717,雜支支出,小云滇小吃店,,0.00,140.00,,,,餐飲費用,金錢,桃園市中壢區****,,否,,,,,,,
14,舒翠玲,111年桃園市議員選舉,首次申報,1110718,宣傳支出,中華郵政(股)公司,,0.00,1146.00,,,,郵寄競選物品或宣傳廣告費用,金錢,桃園市中壢區****,,否,,,,,,,
15,舒翠玲,111年桃園市議員選舉,首次申報,1110718,交通旅運支出,遠通電收股份有限公司,,0.00,1000.00,,,,其他與交通旅運有關之費用,金錢,臺北市大安區****,,否,,,,,,,
16,舒翠玲,111年桃園市議員選舉,首次申報,1110719,交通旅運支出,全國加油站股份有限公司全國龍岡加油站,,0.00,1323.00,,,,油資,金錢,桃園市中壢區****,,否,,,,,,,
17,舒翠玲,111年桃園市議員選舉,首次申報,1110720,雜支支出,新焦點麗車坊股份有限公司環中營業所,,0.00,195.00,,,,雜項購置或修繕費用,金錢,桃園市中壢區****,,否,,,,,,,
18,舒翠玲,111年桃園市議員選舉,首次申報,1110722,宣傳支出,信美複印行,,0.00,9000.00,,,,郵寄競選物品或宣傳廣告費用,金錢,桃園市中壢區****,,否,,,,,,,
19,舒翠玲,111年桃園市議員選舉,首次申報,1110722,宣傳支出,信美複印行,,0.00,9000.00,,,,郵寄競選物品或宣傳廣告費用,金錢,桃園市中壢區****,,否,,,,,,,
20,舒翠玲,111年桃園市議員選舉,首次申報,1110722,宣傳支出,信美複印行,,0.00,9000.00,,,,郵寄競選物品或宣傳廣告費用,金錢,桃園市中壢區****,,否,,,,,,,
21,舒翠玲,111年桃園市議員選舉,首次申報,1110722,宣傳支出,信美複印行,,0.00,9000.00,,,,郵寄競選物品或宣傳廣告費用,金錢,桃園市中壢區****,,否,,,,,,,
22,舒翠玲,111年桃園市議員選舉,首次申報,1110722,交通旅運支出,統一精工股份有限公司平鎮加油站,,0.00,740.00,,,,油資,金錢,桃園市平鎮區****,,否,,,,,,,
23,舒翠玲,111年桃園市議員選舉,首次申報,1110722,交通旅運支出,中油股份有限公司平鎮加油站,44533314,0.00,1238.00,,,,油資,金錢,,,否,,,,,,,
24,舒翠玲,111年桃園市議員選舉,首次申報,1110724,交通旅運支出,鼎鈺加油站有限公司,,0.00,1633.00,,,,油資,金錢,桃園市平鎮區****,,否,,,,,,,
25,舒翠玲,111年桃園市議員選舉,首次申報,1110727,宣傳支出,中華郵政(股)公司,,0.00,1584.00,,,,郵寄競選物品或宣傳廣告費用,金錢,桃園市中壢區****,,否,,,,,,,
26,舒翠玲,111年桃園市議員選舉,首次申報,1110727,交通旅運支出,晶叡股份有限公司石牌愛心加油站,,0.00,1305.00,,,,油資,金錢,臺北市北投區****,,否,,,,,,,
27,舒翠玲,111年桃園市議員選舉,首次申報,1110728,宣傳支出,信美複印行,,0.00,9860.00,,,,郵寄競選物品或宣傳廣告費用,金錢,桃園市中壢區****,,否,,,,,,,
28,舒翠玲,111年桃園市議員選舉,首次申報,1110728,宣傳支出,信美複印行,,0.00,7540.00,,,,郵寄競選物品或宣傳廣告費用,金錢,桃園市中壢區****,,否,,,,,,,
29,舒翠玲,111年桃園市議員選舉,首次申報,1110728,租用競選辦事處支出,華資電有限公司,28811971,0.00,55000.00,,,,租買辦公設備費用,金錢,桃園市龍潭區****,,否,,,,,,,
30,舒翠玲,111年桃園市議員選舉,首次申報,1110729,雜支支出,全國電子股份有限公司,,0.00,549.00,,,,雜項購置或修繕費用,金錢,桃園市新屋區****,,否,,,,,,,
31,舒翠玲,111年桃園市議員選舉,首次申報,1110729,宣傳支出,新順發米粉廠有限公司,84198174,0.00,33000.00,,,,製作競選物品或宣傳廣告費用（物品名稱-米粉）,金錢,彰化縣鹿港鎮****,,否,,,,,,,
32,舒翠玲,111年桃園市議員選舉,首次申報,1110731,交通旅運支出,龍東加油站股份有限公司,,0.00,1348.00,,,,油資,金錢,桃園市平鎮區****,,否,,,,,,,
33,舒翠玲,111年桃園市議員選舉,首次申報,1110801,雜支支出,一張桌麵食館,,0.00,240.00,,,,餐飲費用,金錢,桃園市中壢區****,,否,,,,,,,
34,舒翠玲,111年桃園市議員選舉,首次申報,1110804,雜支支出,龍德小館,,0.00,1230.00,,,,餐飲費用,金錢,桃園市平鎮區****,,否,,,,,,,
35,舒翠玲,111年桃園市議員選舉,首次申報,1110804,交通旅運支出,全國加油站股份有限公司全國龍岡加油站,,0.00,1645.00,,,,油資,金錢,桃園市中壢區****,,否,,,,,,,
36,舒翠玲,111年桃園市議員選舉,首次申報,1110804,宣傳支出,信美複印行,,0.00,10000.00,,,,郵寄競選物品或宣傳廣告費用,金錢,桃園市中壢區****,,否,,,,,,,
37,舒翠玲,111年桃園市議員選舉,首次申報,1110804,宣傳支出,信美複印行,,0.00,10000.00,,,,郵寄競選物品或宣傳廣告費用,金錢,桃園市中壢區****,,否,,,,,,,
38,舒翠玲,111年桃園市議員選舉,首次申報,1110805,交通旅運支出,鼎鈺加油站有限公司,,0.00,1590.00,,,,油資,金錢,桃園市平鎮區****,,否,,,,,,,
39,舒翠玲,111年桃園市議員選舉,首次申報,1110805,宣傳支出,和坤塑膠工業有限公司,86597725,0.00,22000.00,,,,製作競選物品或宣傳廣告費用（物品名稱-塑膠袋）,金錢,桃園市八德區****,,否,,,,,,,
40,舒翠玲,111年桃園市議員選舉,首次申報,1110806,雜支支出,小云滇小吃店,,0.00,175.00,,,,餐飲費用,金錢,桃園市中壢區****,,否,,,,,,,
41,舒翠玲,111年桃園市議員選舉,首次申報,1110810,雜支支出,龍德小館,,0.00,1790.00,,,,餐飲費用,金錢,桃園市平鎮區****,,否,,,,,,,
42,舒翠玲,111年桃園市議員選舉,首次申報,1110810,交通旅運支出,益豐加油站股份有限公司,,0.00,1453.00,,,,油資,金錢,桃園市平鎮區****,,否,,,,,,,
43,舒翠玲,111年桃園市議員選舉,首次申報,1110811,租用競選辦事處支出,知億有限公司,,0.00,1575.00,,,,租買辦公設備費用,金錢,桃園市中壢區****,,否,,,,,,,
44,舒翠玲,111年桃園市議員選舉,首次申報,1110811,雜支支出,阿美米干,,0.00,100.00,,,,餐飲費用,金錢,桃園市平鎮區****,,否,,,,,,,
45,舒翠玲,111年桃園市議員選舉,首次申報,1110813,雜支支出,龍德小館,,0.00,2020.00,,,,餐飲費用,金錢,桃園市平鎮區****,,否,,,,,,,
46,舒翠玲,111年桃園市議員選舉,首次申報,1110814,雜支支出,樂卿飲食店,,0.00,4000.00,,,,餐飲費用,金錢,桃園市平鎮區****,,否,,,,,,,
47,舒翠玲,111年桃園市議員選舉,首次申報,1110814,雜支支出,小云滇小吃店,,0.00,105.00,,,,餐飲費用,金錢,桃園市中壢區****,,否,,,,,,,
48,舒翠玲,111年桃園市議員選舉,首次申報,1110814,交通旅運支出,車容坊股份有限公司民族路營業所,,0.00,1654.00,,,,油資,金錢,桃園市中壢區****,,否,,,,,,,
49,舒翠玲,111年桃園市議員選舉,首次申報,1110815,租用宣傳車輛支出,永達工具五金行,,0.00,750.00,,,,維修宣傳車輛費用,金錢,桃園市中壢區****,,否,,,,,,,
50,舒翠玲,111年桃園市議員選舉,首次申報,1110815,雜支支出,敬華快餐廳,,0.00,360.00,,,,餐飲費用,金錢,桃園市中壢區****,,否,,,,,,,
51,舒翠玲,111年桃園市議員選舉,首次申報,1110816,雜支支出,三郎餐飲有限公司,,0.00,555.00,,,,餐飲費用,金錢,桃園市平鎮區****,,否,,,,,,,
52,舒翠玲,111年桃園市議員選舉,首次申報,1110816,交通旅運支出,龍東加油站股份有限公司,,0.00,1431.00,,,,油資,金錢,桃園市平鎮區****,,否,,,,,,,
53,舒翠玲,111年桃園市議員選舉,首次申報,1110817,雜支支出,龍德小館,,0.00,2560.00,,,,餐飲費用,金錢,桃園市平鎮區****,,否,,,,,,,
54,舒翠玲,111年桃園市議員選舉,首次申報,1110818,雜支支出,小温豆花,,0.00,330.00,,,,餐飲費用,金錢,桃園市中壢區****,,否,,,,,,,
55,舒翠玲,111年桃園市議員選舉,首次申報,1110818,雜支支出,台新飲食店,,0.00,2425.00,,,,餐飲費用,金錢,桃園市中壢區****,,否,,,,,,,
56,舒翠玲,111年桃園市議員選舉,首次申報,1110818,雜支支出,808魔術店,,0.00,18000.00,,,,雜項購置或修繕費用,金錢,新北市板橋區****,,否,,,,,,,
57,舒翠玲,111年桃園市議員選舉,首次申報,1110819,雜支支出,台新飲食店,,0.00,2420.00,,,,餐飲費用,金錢,桃園市中壢區****,,否,,,,,,,
58,舒翠玲,111年桃園市議員選舉,首次申報,1110819,交通旅運支出,統一精工股份有限公司平鎮加油站,,0.00,1583.00,,,,油資,金錢,桃園市平鎮區****,,否,,,,,,,
59,舒翠玲,111年桃園市議員選舉,首次申報,1110819,租用宣傳車輛支出,銘杰企業社,,0.00,10340.00,,,,維修宣傳車輛費用,金錢,桃園市平鎮區****,,否,,,,,,,
60,舒翠玲,111年桃園市議員選舉,首次申報,1110821,雜支支出,龍德小館,,0.00,1990.00,,,,餐飲費用,金錢,桃園市平鎮區****,,否,,,,,,,
61,舒翠玲,111年桃園市議員選舉,首次申報,1110822,雜支支出,龍城燒臘飲食店,,0.00,810.00,,,,餐飲費用,金錢,桃園市中壢區****,,否,,,,,,,
62,舒翠玲,111年桃園市議員選舉,首次申報,1110822,交通旅運支出,華碩加油站股份有限公司-大興分公司,,0.00,1673.00,,,,油資,金錢,桃園市桃園區****,,否,,,,,,,
63,舒翠玲,111年桃園市議員選舉,首次申報,1110822,集會支出,桃園市平鎮區平興國民小學,,0.00,5000.00,,,,租用場地費用,金錢,桃園市平鎮區****,,否,,,,,,,
64,舒翠玲,111年桃園市議員選舉,首次申報,1110823,宣傳支出,信美複印行,,0.00,10500.00,,,,郵寄競選物品或宣傳廣告費用,金錢,桃園市中壢區****,,否,,,,,,,
65,舒翠玲,111年桃園市議員選舉,首次申報,1110823,宣傳支出,信美複印行,,0.00,10500.00,,,,郵寄競選物品或宣傳廣告費用,金錢,桃園市中壢區****,,否,,,,,,,
66,舒翠玲,111年桃園市議員選舉,首次申報,1110823,雜支支出,大潤發流通事業股份有限公司平鎮分公司,,0.00,1550.00,,,,水電瓦斯費用,金錢,桃園市平鎮區****,,否,,,,,,,
67,舒翠玲,111年桃園市議員選舉,首次申報,1110823,雜支支出,三郎餐飲有限公司,,0.00,645.00,,,,餐飲費用,金錢,桃園市平鎮區****,,否,,,,,,,
68,舒翠玲,111年桃園市議員選舉,首次申報,1110823,雜支支出,小云滇小吃店,,0.00,105.00,,,,餐飲費用,金錢,桃園市中壢區****,,否,,,,,,,
69,舒翠玲,111年桃園市議員選舉,首次申報,1110823,雜支支出,永達工具五金行,,0.00,380.00,,,,雜項購置或修繕費用,金錢,桃園市中壢區****,,否,,,,,,,
70,舒翠玲,111年桃園市議員選舉,首次申報,1110823,宣傳支出,和坤塑膠工業有限公司,86597725,0.00,23100.00,,,,製作競選物品或宣傳廣告費用（物品名稱-清潔袋）,金錢,桃園市八德區****,,否,,,,,,,
71,舒翠玲,111年桃園市議員選舉,首次申報,1110824,宣傳支出,中華郵政(股)公司,,0.00,28.00,,,,郵寄競選物品或宣傳廣告費用,金錢,桃園市中壢區****,,否,,,,,,,
72,舒翠玲,111年桃園市議員選舉,首次申報,1110824,交通旅運支出,中油股份有限公司新屋站,,0.00,1567.00,,,,油資,金錢,桃園市新屋區****,,否,,,,,,,
73,舒翠玲,111年桃園市議員選舉,首次申報,1110824,雜支支出,二六七飯店,,0.00,880.00,,,,餐飲費用,金錢,桃園市平鎮區****,,否,,,,,,,
74,舒翠玲,111年桃園市議員選舉,首次申報,1110825,雜支支出,豐禾飲食店,,0.00,340.00,,,,餐飲費用,金錢,桃園市平鎮區****,,否,,,,,,,
75,舒翠玲,111年桃園市議員選舉,首次申報,1110825,租用競選辦事處支出,富邦媒體科技股份有限公司,,0.00,7356.00,,,,租買辦公設備費用,金錢,臺北市內湖區****,,否,,,,,,,
76,舒翠玲,111年桃園市議員選舉,首次申報,1110825,租用宣傳車輛支出,廣招興實業有限公司,,0.00,1500.00,,,,維修宣傳車輛費用,金錢,桃園市桃園區****,,否,,,,,,,
77,舒翠玲,111年桃園市議員選舉,首次申報,1110826,雜支支出,龍德小館,,0.00,2370.00,,,,餐飲費用,金錢,桃園市平鎮區****,,否,,,,,,,
78,舒翠玲,111年桃園市議員選舉,首次申報,1110826,租用宣傳車輛支出,匯豐汽車股份有限公司平鎮營業所,13246935,0.00,65825.00,,,,維修宣傳車輛費用,金錢,桃園市平鎮區****,,否,,,,,,,
79,舒翠玲,111年桃園市議員選舉,首次申報,1110827,雜支支出,永發小吃,,0.00,420.00,,,,餐飲費用,金錢,桃園市中壢區****,,否,,,,,,,
80,舒翠玲,111年桃園市議員選舉,首次申報,1110827,雜支支出,財團法人桃園市真善美社會福利基金會,,0.00,2925.00,,,,餐飲費用,金錢,桃園市中壢區****,,否,,,,,,,
81,舒翠玲,111年桃園市議員選舉,首次申報,1110828,雜支支出,龍德小館,,0.00,1920.00,,,,餐飲費用,金錢,桃園市平鎮區****,,否,,,,,,,
82,舒翠玲,111年桃園市議員選舉,首次申報,1110828,交通旅運支出,鼎鈺加油站有限公司,,0.00,130.00,,,,油資,金錢,桃園市平鎮區****,,否,,,,,,,
83,舒翠玲,111年桃園市議員選舉,首次申報,1110828,交通旅運支出,龍東加油站股份有限公司,,0.00,870.00,,,,油資,金錢,桃園市平鎮區****,,否,,,,,,,
84,舒翠玲,111年桃園市議員選舉,首次申報,1110829,交通旅運支出,坤業加油站有限公司景福營業所,,0.00,1624.00,,,,油資,金錢,桃園市中壢區****,,否,,,,,,,
85,舒翠玲,111年桃園市議員選舉,首次申報,1110829,交通旅運支出,中油股份有限公司百齡四路加油站,,0.00,1311.00,,,,油資,金錢,臺北市北投區****,,否,,,,,,,
86,舒翠玲,111年桃園市議員選舉,首次申報,1110829,雜支支出,金龍攝影社,,0.00,180.00,,,,雜項購置或修繕費用,金錢,桃園市平鎮區****,,否,,,,,,,
87,舒翠玲,111年桃園市議員選舉,首次申報,1110829,雜支支出,安家祖傳乾麵,,0.00,1840.00,,,,餐飲費用,金錢,桃園市平鎮區****,,否,,,,,,,
88,舒翠玲,111年桃園市議員選舉,首次申報,1110831,雜支支出,梅林燒臘店,,0.00,820.00,,,,餐飲費用,金錢,桃園市平鎮區****,,否,,,,,,,
89,舒翠玲,111年桃園市議員選舉,首次申報,1110831,宣傳支出,新順發米粉廠有限公司,84198174,0.00,145200.00,,,,製作競選物品或宣傳廣告費用（物品名稱-米粉）,金錢,彰化縣鹿港鎮****,,否,,,,,,,
90,舒翠玲,111年桃園市議員選舉,首次申報,1110901,雜支支出,鼎欣食品有限公司振興分店,,0.00,930.00,,,,餐飲費用,金錢,桃園市平鎮區****,,否,,,,,,,
91,舒翠玲,111年桃園市議員選舉,首次申報,1110901,雜支支出,鼎欣食品有限公司振興分店,,0.00,499.00,,,,餐飲費用,金錢,桃園市平鎮區****,,否,,,,,,,
92,舒翠玲,111年桃園市議員選舉,首次申報,1110902,雜支支出,二六七飯店,,0.00,570.00,,,,餐飲費用,金錢,桃園市平鎮區****,,否,,,,,,,
93,舒翠玲,111年桃園市議員選舉,首次申報,1110902,雜支支出,好客飲食店,,0.00,1980.00,,,,餐飲費用,金錢,桃園市龜山區****,,否,,,,,,,
94,舒翠玲,111年桃園市議員選舉,首次申報,1110902,交通旅運支出,北基國際股份有限公司東宏加油站,,0.00,1300.00,,,,油資,金錢,桃園市平鎮區****,,否,,,,,,,
95,舒翠玲,111年桃園市議員選舉,首次申報,1110903,雜支支出,三郎餐飲有限公司,,0.00,465.00,,,,餐飲費用,金錢,桃園市平鎮區****,,否,,,,,,,
96,舒翠玲,111年桃園市議員選舉,首次申報,1110904,雜支支出,龍德小館,,0.00,2440.00,,,,餐飲費用,金錢,桃園市平鎮區****,,否,,,,,,,
97,舒翠玲,111年桃園市議員選舉,首次申報,1110904,交通旅運支出,豐興石油股份有限公司,,0.00,853.00,,,,油資,金錢,桃園市平鎮區****,,否,,,,,,,
98,舒翠玲,111年桃園市議員選舉,首次申報,1110905,雜支支出,敬華快餐廳,,0.00,640.00,,,,餐飲費用,金錢,桃園市中壢區****,,否,,,,,,,
99,舒翠玲,111年桃園市議員選舉,首次申報,1110906,雜支支出,好客飲食店,,0.00,1450.00,,,,餐飲費用,金錢,桃園市龜山區****,,否,,,,,,,
100,舒翠玲,111年桃園市議員選舉,首次申報,1110906,交通旅運支出,中油股份有限公司中壢服務加油站,,0.00,1616.00,,,,油資,金錢,桃園市中壢區****,,否,,,,,,,
101,舒翠玲,111年桃園市議員選舉,首次申報,1110906,交通旅運支出,中油股份有限公司平鎮加油站,,0.00,733.00,,,,油資,金錢,桃園市平鎮區****,,否,,,,,,,
102,舒翠玲,111年桃園市議員選舉,首次申報,1110907,交通旅運支出,全國加油站股份有限公司全國龍岡加油站,,0.00,91.00,,,,油資,金錢,桃園市中壢區****,,否,,,,,,,
103,舒翠玲,111年桃園市議員選舉,首次申報,1110907,交通旅運支出,中油股份有限公司龍岡加油站,,0.00,1588.00,,,,油資,金錢,桃園市中壢區****,,否,,,,,,,
104,舒翠玲,111年桃園市議員選舉,首次申報,1110907,雜支支出,龍德小館,,0.00,2320.00,,,,餐飲費用,金錢,桃園市平鎮區****,,否,,,,,,,
105,舒翠玲,111年桃園市議員選舉,首次申報,1110908,雜支支出,好客飲食店,,0.00,2100.00,,,,餐飲費用,金錢,桃園市龜山區****,,否,,,,,,,
106,舒翠玲,111年桃園市議員選舉,首次申報,1110908,雜支支出,三郎餐飲有限公司,,0.00,545.00,,,,餐飲費用,金錢,桃園市平鎮區****,,否,,,,,,,
107,舒翠玲,111年桃園市議員選舉,首次申報,1110908,宣傳支出,中華電信股份有限公司桃園營運處中壢服務中心,02906065,0.00,90000.00,,,,發送電信簡訊費用,金錢,桃園市中壢區****,,否,,,,,,,
108,舒翠玲,111年桃園市議員選舉,首次申報,1110908,宣傳支出,松柏鷹架有限公司,53212518,0.00,224700.00,,,,租用廣告看板或車體廣告費用,金錢,桃園市平鎮區****,,否,,,,,,,
109,舒翠玲,111年桃園市議員選舉,首次申報,1110909,雜支支出,花季花坊,,0.00,960.00,,,,雜項購置或修繕費用,金錢,桃園市中壢區****,,否,,,,,,,
110,舒翠玲,111年桃園市議員選舉,首次申報,1110909,雜支支出,富利餐飲股份有限公司,,0.00,1830.00,,,,餐飲費用,金錢,桃園市中壢區****,,否,,,,,,,
111,舒翠玲,111年桃園市議員選舉,首次申報,1110910,雜支支出,龍德小館,,0.00,1875.00,,,,餐飲費用,金錢,桃園市平鎮區****,,否,,,,,,,
112,舒翠玲,111年桃園市議員選舉,首次申報,1110911,雜支支出,龍德小館,,0.00,1550.00,,,,餐飲費用,金錢,桃園市平鎮區****,,否,,,,,,,
113,舒翠玲,111年桃園市議員選舉,首次申報,1110912,雜支支出,龍德小館,,0.00,1840.00,,,,餐飲費用,金錢,桃園市平鎮區****,,否,,,,,,,
114,舒翠玲,111年桃園市議員選舉,首次申報,1110912,雜支支出,鼎萱食品有限公司,,0.00,657.00,,,,餐飲費用,金錢,桃園市平鎮區****,,否,,,,,,,
115,舒翠玲,111年桃園市議員選舉,首次申報,1110913,雜支支出,粵濠燒臘,,0.00,1600.00,,,,餐飲費用,金錢,桃園市中壢區****,,否,,,,,,,
116,舒翠玲,111年桃園市議員選舉,首次申報,1110913,交通旅運支出,慧智加油站股份有限公司竹林加油站營業所,,0.00,1379.00,,,,油資,金錢,新竹縣芎林鄉****,,否,,,,,,,
117,舒翠玲,111年桃園市議員選舉,首次申報,1110913,交通旅運支出,中油股份有限公司中工二加油站,,0.00,1137.00,,,,油資,金錢,桃園市中壢區****,,否,,,,,,,
118,舒翠玲,111年桃園市議員選舉,首次申報,1110914,雜支支出,快樂生態休閒農場,,0.00,12000.00,,,,餐飲費用,金錢,桃園市平鎮區****,,否,,,,,,,
119,舒翠玲,111年桃園市議員選舉,首次申報,1110915,雜支支出,粵濠燒臘,,0.00,2400.00,,,,餐飲費用,金錢,桃園市中壢區****,,否,,,,,,,
120,舒翠玲,111年桃園市議員選舉,首次申報,1110915,交通旅運支出,中油股份有限公司員山加油站,,0.00,1658.00,,,,油資,金錢,宜蘭縣員山鄉****,,否,,,,,,,
121,舒翠玲,111年桃園市議員選舉,首次申報,1110916,雜支支出,思萱飲食店,,0.00,544.00,,,,餐飲費用,金錢,桃園市中壢區****,,否,,,,,,,
122,舒翠玲,111年桃園市議員選舉,首次申報,1110916,雜支支出,龍德小館,,0.00,1880.00,,,,餐飲費用,金錢,桃園市平鎮區****,,否,,,,,,,
123,舒翠玲,111年桃園市議員選舉,首次申報,1110917,雜支支出,鼎欣食品有限公司振興分店,,0.00,550.00,,,,餐飲費用,金錢,桃園市平鎮區****,,否,,,,,,,
124,舒翠玲,111年桃園市議員選舉,首次申報,1110917,雜支支出,小味園飲食店,,0.00,920.00,,,,餐飲費用,金錢,桃園市平鎮區****,,否,,,,,,,
125,舒翠玲,111年桃園市議員選舉,首次申報,1110917,交通旅運支出,統一精工股份有限公司平鎮加油站,,0.00,925.00,,,,油資,金錢,桃園市平鎮區****,,否,,,,,,,
126,舒翠玲,111年桃園市議員選舉,首次申報,1110918,雜支支出,源生青菓行,,0.00,3600.00,,,,餐飲費用,金錢,桃園市中壢區****,,否,,,,,,,
127,舒翠玲,111年桃園市議員選舉,首次申報,1110919,雜支支出,久九久便當店,,0.00,440.00,,,,餐飲費用,金錢,桃園市中壢區****,,否,,,,,,,
128,舒翠玲,111年桃園市議員選舉,首次申報,1110919,雜支支出,龍德小館,,0.00,2100.00,,,,餐飲費用,金錢,桃園市平鎮區****,,否,,,,,,,
129,舒翠玲,111年桃園市議員選舉,首次申報,1110920,雜支支出,粵濠燒臘,,0.00,1480.00,,,,餐飲費用,金錢,桃園市中壢區****,,否,,,,,,,
130,舒翠玲,111年桃園市議員選舉,首次申報,1110920,交通旅運支出,龍東加油站股份有限公司,,0.00,1324.00,,,,油資,金錢,桃園市平鎮區****,,否,,,,,,,
131,舒翠玲,111年桃園市議員選舉,首次申報,1110921,雜支支出,永發小吃,,0.00,1530.00,,,,餐飲費用,金錢,桃園市中壢區****,,否,,,,,,,
132,舒翠玲,111年桃園市議員選舉,首次申報,1110922,雜支支出,豐禾飲食店,,0.00,1050.00,,,,餐飲費用,金錢,桃園市平鎮區****,,否,,,,,,,
133,舒翠玲,111年桃園市議員選舉,首次申報,1110923,雜支支出,梅林燒臘店,,0.00,1680.00,,,,餐飲費用,金錢,桃園市平鎮區****,,否,,,,,,,
134,舒翠玲,111年桃園市議員選舉,首次申報,1110923,交通旅運支出,中油股份有限公司中壢工業區加油站,,0.00,1683.00,,,,油資,金錢,桃園市中壢區****,,否,,,,,,,
135,舒翠玲,111年桃園市議員選舉,首次申報,1110924,交通旅運支出,統一精工股份有限公司平鎮加油站,,0.00,950.00,,,,油資,金錢,桃園市平鎮區****,,否,,,,,,,
136,舒翠玲,111年桃園市議員選舉,首次申報,1110924,宣傳支出,中華郵政(股)公司,,0.00,40.00,,,,郵寄競選物品或宣傳廣告費用,金錢,桃園市中壢區****,,否,,,,,,,
137,舒翠玲,111年桃園市議員選舉,首次申報,1110924,雜支支出,三郎餐飲有限公司,,0.00,735.00,,,,餐飲費用,金錢,桃園市平鎮區****,,否,,,,,,,
138,舒翠玲,111年桃園市議員選舉,首次申報,1110924,雜支支出,好客飲食店,,0.00,980.00,,,,餐飲費用,金錢,桃園市龜山區****,,否,,,,,,,
139,舒翠玲,111年桃園市議員選舉,首次申報,1110924,租用宣傳車輛支出,集信有限公司,86346093,0.00,22000.00,,,,維修宣傳車輛費用,金錢,桃園市中壢區****,,否,,,,,,,
140,舒翠玲,111年桃園市議員選舉,首次申報,1110925,宣傳支出,典匠企業社,,0.00,9350.00,,,,郵寄競選物品或宣傳廣告費用,金錢,桃園市平鎮區****,,否,,,,,,,
141,舒翠玲,111年桃園市議員選舉,首次申報,1110925,交通旅運支出,中油股份有限公司平鎮加油站,,0.00,1300.00,,,,油資,金錢,桃園市平鎮區****,,否,,,,,,,
142,舒翠玲,111年桃園市議員選舉,首次申報,1110925,雜支支出,聚和行,,0.00,5600.00,,,,餐飲費用,金錢,桃園市中壢區****,,否,,,,,,,
143,舒翠玲,111年桃園市議員選舉,首次申報,1110925,雜支支出,李記素食雲南美味店,,0.00,710.00,,,,餐飲費用,金錢,桃園市平鎮區****,,否,,,,,,,
144,舒翠玲,111年桃園市議員選舉,首次申報,1110926,雜支支出,思萱飲食店,,0.00,450.00,,,,餐飲費用,金錢,桃園市中壢區****,,否,,,,,,,
145,舒翠玲,111年桃園市議員選舉,首次申報,1110926,雜支支出,龍德小館,,0.00,2220.00,,,,餐飲費用,金錢,桃園市平鎮區****,,否,,,,,,,
146,舒翠玲,111年桃園市議員選舉,首次申報,1110926,宣傳支出,信美複印行,,0.00,9000.00,,,,郵寄競選物品或宣傳廣告費用,金錢,桃園市中壢區****,,否,,,,,,,
147,舒翠玲,111年桃園市議員選舉,首次申報,1110926,宣傳支出,信美複印行,,0.00,9000.00,,,,郵寄競選物品或宣傳廣告費用,金錢,桃園市中壢區****,,否,,,,,,,
148,舒翠玲,111年桃園市議員選舉,首次申報,1110926,宣傳支出,信美複印行,,0.00,9000.00,,,,郵寄競選物品或宣傳廣告費用,金錢,桃園市中壢區****,,否,,,,,,,
149,舒翠玲,111年桃園市議員選舉,首次申報,1110926,宣傳支出,信美複印行,,0.00,9000.00,,,,郵寄競選物品或宣傳廣告費用,金錢,桃園市中壢區****,,否,,,,,,,
150,舒翠玲,111年桃園市議員選舉,首次申報,1110926,宣傳支出,信美複印行,,0.00,9000.00,,,,郵寄競選物品或宣傳廣告費用,金錢,桃園市中壢區****,,否,,,,,,,
151,舒翠玲,111年桃園市議員選舉,首次申報,1110926,宣傳支出,信美複印行,,0.00,9000.00,,,,郵寄競選物品或宣傳廣告費用,金錢,桃園市中壢區****,,否,,,,,,,
152,舒翠玲,111年桃園市議員選舉,首次申報,1110927,雜支支出,龍德小館,,0.00,2540.00,,,,餐飲費用,金錢,桃園市平鎮區****,,否,,,,,,,
153,舒翠玲,111年桃園市議員選舉,首次申報,1110928,雜支支出,龍德小館,,0.00,2420.00,,,,餐飲費用,金錢,桃園市平鎮區****,,否,,,,,,,
154,舒翠玲,111年桃園市議員選舉,首次申報,1110928,宣傳支出,典匠企業社,,0.00,9690.00,,,,郵寄競選物品或宣傳廣告費用,金錢,桃園市平鎮區****,,否,,,,,,,
155,舒翠玲,111年桃園市議員選舉,首次申報,1110928,宣傳支出,典匠企業社,,0.00,7020.00,,,,郵寄競選物品或宣傳廣告費用,金錢,桃園市平鎮區****,,否,,,,,,,
156,舒翠玲,111年桃園市議員選舉,首次申報,1110929,交通旅運支出,全國加油站股份有限公司全國龍岡加油站,,0.00,779.00,,,,油資,金錢,桃園市中壢區****,,否,,,,,,,
157,舒翠玲,111年桃園市議員選舉,首次申報,1110929,宣傳支出,中華郵政(股)公司,,0.00,1224.00,,,,郵寄競選物品或宣傳廣告費用,金錢,桃園市中壢區****,,否,,,,,,,
158,舒翠玲,111年桃園市議員選舉,首次申報,1110929,雜支支出,牛博士麵食館,,0.00,1010.00,,,,餐飲費用,金錢,桃園市中壢區****,,否,,,,,,,
159,舒翠玲,111年桃園市議員選舉,首次申報,1110930,雜支支出,和德昌股份有限公司中壢環中東分公司,,0.00,668.00,,,,餐飲費用,金錢,桃園市中壢區****,,否,,,,,,,
160,舒翠玲,111年桃園市議員選舉,首次申報,1110930,雜支支出,樂卿飲食店,,0.00,3850.00,,,,餐飲費用,金錢,桃園市平鎮區****,,否,,,,,,,
161,舒翠玲,111年桃園市議員選舉,首次申報,1110930,宣傳支出,新順發米粉廠有限公司,84198174,0.00,204600.00,,,,製作競選物品或宣傳廣告費用（物品名稱-米粉）,金錢,彰化縣鹿港鎮****,,否,,,,,,,
162,舒翠玲,111年桃園市議員選舉,首次申報,1111001,交通旅運支出,鼎鈺加油站有限公司,,0.00,1605.00,,,,油資,金錢,桃園市平鎮區****,,否,,,,,,,
163,舒翠玲,111年桃園市議員選舉,首次申報,1111001,交通旅運支出,全國加油站股份有限公司全國龍岡加油站,,0.00,672.00,,,,油資,金錢,桃園市中壢區****,,否,,,,,,,
164,舒翠玲,111年桃園市議員選舉,首次申報,1111001,交通旅運支出,山隆通運股份有限公司富豐加油站,,0.00,1253.00,,,,油資,金錢,桃園市平鎮區****,,否,,,,,,,
165,舒翠玲,111年桃園市議員選舉,首次申報,1111001,雜支支出,台灣鮮肉包,,0.00,3750.00,,,,餐飲費用,金錢,桃園市中壢區****,,否,,,,,,,
166,舒翠玲,111年桃園市議員選舉,首次申報,1111001,雜支支出,二六七飯店,,0.00,800.00,,,,餐飲費用,金錢,桃園市平鎮區****,,否,,,,,,,
167,舒翠玲,111年桃園市議員選舉,首次申報,1111002,雜支支出,和德昌股份有限公司中壢民族分公司,,0.00,515.00,,,,餐飲費用,金錢,桃園市平鎮區****,,否,,,,,,,
168,舒翠玲,111年桃園市議員選舉,首次申報,1111002,雜支支出,龍德小館,,0.00,2210.00,,,,餐飲費用,金錢,桃園市平鎮區****,,否,,,,,,,
169,舒翠玲,111年桃園市議員選舉,首次申報,1111003,雜支支出,京天下牛羊肉麵店,,0.00,1500.00,,,,餐飲費用,金錢,桃園市平鎮區****,,否,,,,,,,
170,舒翠玲,111年桃園市議員選舉,首次申報,1111003,宣傳支出,信美複印行,,0.00,8100.00,,,,郵寄競選物品或宣傳廣告費用,金錢,桃園市中壢區****,,否,,,,,,,
171,舒翠玲,111年桃園市議員選舉,首次申報,1111003,宣傳支出,信美複印行,,0.00,8100.00,,,,郵寄競選物品或宣傳廣告費用,金錢,桃園市中壢區****,,否,,,,,,,
172,舒翠玲,111年桃園市議員選舉,首次申報,1111003,宣傳支出,信美複印行,,0.00,9900.00,,,,郵寄競選物品或宣傳廣告費用,金錢,桃園市中壢區****,,否,,,,,,,
173,舒翠玲,111年桃園市議員選舉,首次申報,1111003,宣傳支出,信美複印行,,0.00,9900.00,,,,郵寄競選物品或宣傳廣告費用,金錢,桃園市中壢區****,,否,,,,,,,
174,舒翠玲,111年桃園市議員選舉,首次申報,1111003,交通旅運支出,遠通電收股份有限公司,,0.00,1000.00,,,,其他與交通旅運有關之費用,金錢,臺北市大安區****,,否,,,,,,,
175,舒翠玲,111年桃園市議員選舉,首次申報,1111003,租用宣傳車輛支出,達車企業社,,0.00,8700.00,,,,維修宣傳車輛費用,金錢,桃園市八德區****,,否,,,,,,,
176,舒翠玲,111年桃園市議員選舉,首次申報,1111004,宣傳支出,中華郵政(股)公司,,0.00,1740.00,,,,郵寄競選物品或宣傳廣告費用,金錢,桃園市中壢區****,,否,,,,,,,
177,舒翠玲,111年桃園市議員選舉,首次申報,1111004,雜支支出,巧盈小吃部,,0.00,3330.00,,,,餐飲費用,金錢,桃園市中壢區****,,否,,,,,,,
178,舒翠玲,111年桃園市議員選舉,首次申報,1111004,雜支支出,小味園飲食店,,0.00,780.00,,,,餐飲費用,金錢,桃園市平鎮區****,,否,,,,,,,
179,舒翠玲,111年桃園市議員選舉,首次申報,1111004,宣傳支出,和坤塑膠工業有限公司,86597725,0.00,11000.00,,,,製作競選物品或宣傳廣告費用（物品名稱-清潔袋）,金錢,桃園市八德區****,,否,,,,,,,
180,舒翠玲,111年桃園市議員選舉,首次申報,1111005,雜支支出,台新飲食店,,0.00,1750.00,,,,餐飲費用,金錢,桃園市中壢區****,,否,,,,,,,
181,舒翠玲,111年桃園市議員選舉,首次申報,1111005,雜支支出,上海點心,,0.00,1290.00,,,,餐飲費用,金錢,桃園市平鎮區****,,否,,,,,,,
182,舒翠玲,111年桃園市議員選舉,首次申報,1111005,宣傳支出,威亞策略顧問股份有限公司,,0.00,4200.00,,,,發送電信簡訊費用,金錢,臺北市中正區****,,否,,,,,,,
183,舒翠玲,111年桃園市議員選舉,首次申報,1111006,雜支支出,嘗鮮館,,0.00,1110.00,,,,餐飲費用,金錢,桃園市平鎮區****,,否,,,,,,,
184,舒翠玲,111年桃園市議員選舉,首次申報,1111006,雜支支出,豐禾飲食店,,0.00,1785.00,,,,餐飲費用,金錢,桃園市平鎮區****,,否,,,,,,,
185,舒翠玲,111年桃園市議員選舉,首次申報,1111006,宣傳支出,中華郵政(股)公司,,0.00,5040.00,,,,郵寄競選物品或宣傳廣告費用,金錢,桃園市平鎮區****,,否,,,,,,,
186,舒翠玲,111年桃園市議員選舉,首次申報,1111006,宣傳支出,中華郵政(股)公司,,0.00,36.00,,,,郵寄競選物品或宣傳廣告費用,金錢,桃園市中壢區****,,否,,,,,,,
187,舒翠玲,111年桃園市議員選舉,首次申報,1111006,交通旅運支出,統一精工股份有限公司平鎮加油站,,0.00,1023.00,,,,油資,金錢,桃園市平鎮區****,,否,,,,,,,
188,舒翠玲,111年桃園市議員選舉,首次申報,1111006,交通旅運支出,龍東加油站股份有限公司,,0.00,70.00,,,,油資,金錢,桃園市平鎮區****,,否,,,,,,,
189,舒翠玲,111年桃園市議員選舉,首次申報,1111007,交通旅運支出,全國加油站股份有限公司全國龍岡加油站,,0.00,1215.00,,,,油資,金錢,桃園市中壢區****,,否,,,,,,,
190,舒翠玲,111年桃園市議員選舉,首次申報,1111007,宣傳支出,中華郵政(股)公司,,0.00,13860.00,,,,郵寄競選物品或宣傳廣告費用,金錢,桃園市平鎮區****,,否,,,,,,,
191,舒翠玲,111年桃園市議員選舉,首次申報,1111007,宣傳支出,信美複印行,,0.00,8250.00,,,,郵寄競選物品或宣傳廣告費用,金錢,桃園市中壢區****,,否,,,,,,,
192,舒翠玲,111年桃園市議員選舉,首次申報,1111007,宣傳支出,信美複印行,,0.00,8250.00,,,,郵寄競選物品或宣傳廣告費用,金錢,桃園市中壢區****,,否,,,,,,,
193,舒翠玲,111年桃園市議員選舉,首次申報,1111007,雜支支出,敬華快餐廳,,0.00,1820.00,,,,餐飲費用,金錢,桃園市中壢區****,,否,,,,,,,
194,舒翠玲,111年桃園市議員選舉,首次申報,1111007,雜支支出,新中華麵店,,0.00,650.00,,,,餐飲費用,金錢,桃園市平鎮區****,,否,,,,,,,
195,舒翠玲,111年桃園市議員選舉,首次申報,1111008,雜支支出,龍德小館,,0.00,870.00,,,,餐飲費用,金錢,桃園市平鎮區****,,否,,,,,,,
196,舒翠玲,111年桃園市議員選舉,首次申報,1111008,雜支支出,客家傳統米食,,0.00,3600.00,,,,餐飲費用,金錢,桃園市龍潭區****,,否,,,,,,,
197,舒翠玲,111年桃園市議員選舉,首次申報,1111008,租用宣傳車輛支出,信富機車材料行,,0.00,2350.00,,,,維修宣傳車輛費用,金錢,桃園市中壢區****,,否,,,,,,,
198,舒翠玲,111年桃園市議員選舉,首次申報,1111009,雜支支出,來店書局,,0.00,315.00,,,,文具用品費用,金錢,桃園市中壢區****,,否,,,,,,,
199,舒翠玲,111年桃園市議員選舉,首次申報,1111009,雜支支出,思萱飲食店,,0.00,469.00,,,,餐飲費用,金錢,桃園市中壢區****,,否,,,,,,,
200,舒翠玲,111年桃園市議員選舉,首次申報,1111009,雜支支出,台灣鮮肉包,,0.00,3000.00,,,,餐飲費用,金錢,桃園市中壢區****,,否,,,,,,,
201,舒翠玲,111年桃園市議員選舉,首次申報,1111010,雜支支出,三和蔬菜行,,0.00,1140.00,,,,餐飲費用,金錢,桃園市平鎮區****,,否,,,,,,,
202,舒翠玲,111年桃園市議員選舉,首次申報,1111010,雜支支出,永發小吃,,0.00,1650.00,,,,餐飲費用,金錢,桃園市中壢區****,,否,,,,,,,
203,舒翠玲,111年桃園市議員選舉,首次申報,1111011,雜支支出,敬華快餐廳,,0.00,2760.00,,,,餐飲費用,金錢,桃園市中壢區****,,否,,,,,,,
204,舒翠玲,111年桃園市議員選舉,首次申報,1111011,宣傳支出,中華郵政(股)公司,03741302,0.00,59148.00,,,,郵寄競選物品或宣傳廣告費用,金錢,桃園市平鎮區****,,否,,,,,,,
205,舒翠玲,111年桃園市議員選舉,首次申報,1111012,交通旅運支出,龍東加油站股份有限公司,,0.00,823.00,,,,油資,金錢,桃園市平鎮區****,,否,,,,,,,
206,舒翠玲,111年桃園市議員選舉,首次申報,1111012,雜支支出,誠品生活股份有限公司,,0.00,1507.00,,,,餐飲費用,金錢,臺北市信義區****,,否,,,,,,,
207,舒翠玲,111年桃園市議員選舉,首次申報,1111013,雜支支出,李記素食雲南美味店,,0.00,660.00,,,,餐飲費用,金錢,桃園市平鎮區****,,否,,,,,,,
208,舒翠玲,111年桃園市議員選舉,首次申報,1111013,宣傳支出,信美複印行,,0.00,8100.00,,,,郵寄競選物品或宣傳廣告費用,金錢,桃園市中壢區****,,否,,,,,,,
209,舒翠玲,111年桃園市議員選舉,首次申報,1111013,宣傳支出,信美複印行,,0.00,9450.00,,,,郵寄競選物品或宣傳廣告費用,金錢,桃園市中壢區****,,否,,,,,,,
210,舒翠玲,111年桃園市議員選舉,首次申報,1111013,宣傳支出,信美複印行,,0.00,9450.00,,,,郵寄競選物品或宣傳廣告費用,金錢,桃園市中壢區****,,否,,,,,,,
211,舒翠玲,111年桃園市議員選舉,首次申報,1111013,宣傳支出,信美複印行,,0.00,2800.00,,,,郵寄競選物品或宣傳廣告費用,金錢,桃園市中壢區****,,否,,,,,,,
212,舒翠玲,111年桃園市議員選舉,首次申報,1111013,宣傳支出,信美複印行,,0.00,9100.00,,,,郵寄競選物品或宣傳廣告費用,金錢,桃園市中壢區****,,否,,,,,,,
213,舒翠玲,111年桃園市議員選舉,首次申報,1111013,宣傳支出,信美複印行,,0.00,9100.00,,,,郵寄競選物品或宣傳廣告費用,金錢,桃園市中壢區****,,否,,,,,,,
214,舒翠玲,111年桃園市議員選舉,首次申報,1111014,交通旅運支出,山隆通運股份有限公司龍興加油站,,0.00,1575.00,,,,油資,金錢,桃園市中壢區****,,否,,,,,,,
215,舒翠玲,111年桃園市議員選舉,首次申報,1111014,雜支支出,瑞興禮品社,,0.00,6000.00,,,,雜項購置或修繕費用,金錢,桃園市大溪區****,,否,,,,,,,
216,舒翠玲,111年桃園市議員選舉,首次申報,1111014,雜支支出,聯盟文具行,,0.00,18000.00,,,,文具用品費用,金錢,桃園市中壢區****,,否,,,,,,,
217,舒翠玲,111年桃園市議員選舉,首次申報,1111014,宣傳支出,中華郵政(股)公司,,0.00,1272.00,,,,郵寄競選物品或宣傳廣告費用,金錢,桃園市中壢區****,,否,,,,,,,
218,舒翠玲,111年桃園市議員選舉,首次申報,1111014,雜支支出,富利餐飲股份有限公司,,0.00,1178.00,,,,餐飲費用,金錢,桃園市中壢區****,,否,,,,,,,
219,舒翠玲,111年桃園市議員選舉,首次申報,1111014,雜支支出,安億飲食店,,0.00,540.00,,,,餐飲費用,金錢,桃園市平鎮區****,,否,,,,,,,
220,舒翠玲,111年桃園市議員選舉,首次申報,1111014,雜支支出,三郎餐飲有限公司,,0.00,1140.00,,,,餐飲費用,金錢,桃園市平鎮區****,,否,,,,,,,
221,舒翠玲,111年桃園市議員選舉,首次申報,1111015,雜支支出,香港旺角燒臘,,0.00,1800.00,,,,餐飲費用,金錢,桃園市平鎮區****,,否,,,,,,,
222,舒翠玲,111年桃園市議員選舉,首次申報,1111015,交通旅運支出,龍東加油站股份有限公司,,0.00,1332.00,,,,油資,金錢,桃園市平鎮區****,,否,,,,,,,
223,舒翠玲,111年桃園市議員選舉,首次申報,1111015,交通旅運支出,鼎鈺加油站有限公司,,0.00,1012.00,,,,油資,金錢,桃園市平鎮區****,,否,,,,,,,
224,舒翠玲,111年桃園市議員選舉,首次申報,1111016,雜支支出,敬華快餐廳,,0.00,1500.00,,,,餐飲費用,金錢,桃園市中壢區****,,否,,,,,,,
225,舒翠玲,111年桃園市議員選舉,首次申報,1111017,雜支支出,豐禾飲食店,,0.00,1620.00,,,,餐飲費用,金錢,桃園市平鎮區****,,否,,,,,,,
226,舒翠玲,111年桃園市議員選舉,首次申報,1111017,雜支支出,小云滇小吃店,,0.00,535.00,,,,餐飲費用,金錢,桃園市中壢區****,,否,,,,,,,
227,舒翠玲,111年桃園市議員選舉,首次申報,1111017,宣傳支出,中華郵政(股)公司,,0.00,1558.00,,,,郵寄競選物品或宣傳廣告費用,金錢,桃園市中壢區****,,否,,,,,,,
228,舒翠玲,111年桃園市議員選舉,首次申報,1111017,租用競選辦事處支出,晨瑋興業有限公司,,0.00,6300.00,,,,其他與租用競選辦事處有關之費用,金錢,桃園市平鎮區****,,否,,,,,,,
229,舒翠玲,111年桃園市議員選舉,首次申報,1111017,宣傳支出,和坤塑膠工業有限公司,86597725,0.00,5500.00,,,,製作競選物品或宣傳廣告費用（物品名稱-清潔袋）,金錢,桃園市八德區****,,否,,,,,,,
230,舒翠玲,111年桃園市議員選舉,首次申報,1111017,人事費用支出,謝國雄,H12*******,0.00,1000.00,,,,工資或薪津,金錢,桃園市平鎮區****,,否,,,,,,,
231,舒翠玲,111年桃園市議員選舉,首次申報,1111018,雜支支出,久九久便當店,,0.00,1500.00,,,,餐飲費用,金錢,桃園市中壢區****,,否,,,,,,,
232,舒翠玲,111年桃園市議員選舉,首次申報,1111018,雜支支出,老客馥粥品店,,0.00,520.00,,,,餐飲費用,金錢,桃園市中壢區****,,否,,,,,,,
233,舒翠玲,111年桃園市議員選舉,首次申報,1111018,人事費用支出,彭元嬌,H20*******,0.00,500.00,,,,工資或薪津,金錢,桃園市平鎮區****,,否,,,,,,,
234,舒翠玲,111年桃園市議員選舉,首次申報,1111018,人事費用支出,鄧瑞香,H22*******,0.00,2000.00,,,,工資或薪津,金錢,桃園市平鎮區****,,否,,,,,,,
235,舒翠玲,111年桃園市議員選舉,首次申報,1111018,人事費用支出,林秋香,K22*******,0.00,500.00,,,,工資或薪津,金錢,桃園市平鎮區****,,否,,,,,,,
236,舒翠玲,111年桃園市議員選舉,首次申報,1111019,雜支支出,龍德小館,,0.00,2760.00,,,,餐飲費用,金錢,桃園市平鎮區****,,否,,,,,,,
237,舒翠玲,111年桃園市議員選舉,首次申報,1111019,交通旅運支出,中油股份有限公司平鎮加油站,,0.00,1364.00,,,,油資,金錢,桃園市平鎮區****,,否,,,,,,,
238,舒翠玲,111年桃園市議員選舉,首次申報,1111019,交通旅運支出,中油股份有限公司平鎮加油站,,0.00,892.00,,,,油資,金錢,桃園市平鎮區****,,否,,,,,,,
239,舒翠玲,111年桃園市議員選舉,首次申報,1111020,交通旅運支出,全國加油站股份有限公司全國楊梅幼獅加油站,,0.00,1528.00,,,,油資,金錢,桃園市楊梅區****,,否,,,,,,,
240,舒翠玲,111年桃園市議員選舉,首次申報,1111020,租用宣傳車輛支出,信富機車材料行,,0.00,1250.00,,,,維修宣傳車輛費用,金錢,桃園市中壢區****,,否,,,,,,,
241,舒翠玲,111年桃園市議員選舉,首次申報,1111020,雜支支出,龍崗小吃店,,0.00,1545.00,,,,餐飲費用,金錢,桃園市中壢區****,,否,,,,,,,
242,舒翠玲,111年桃園市議員選舉,首次申報,1111020,宣傳支出,喬羽彩色印刷股份有限公司,22174308,0.00,50000.00,,,,郵寄競選物品或宣傳廣告費用,金錢,桃園市平鎮區****,,否,,,,,,,
243,舒翠玲,111年桃園市議員選舉,首次申報,1111020,宣傳支出,喬羽彩色印刷股份有限公司,22174308,0.00,32000.00,,,,郵寄競選物品或宣傳廣告費用,金錢,桃園市平鎮區****,,否,,,,,,,
244,舒翠玲,111年桃園市議員選舉,首次申報,1111021,租用宣傳車輛支出,信富機車材料行,,0.00,550.00,,,,維修宣傳車輛費用,金錢,桃園市中壢區****,,否,,,,,,,
245,舒翠玲,111年桃園市議員選舉,首次申報,1111021,雜支支出,二六七飯店,,0.00,1055.00,,,,餐飲費用,金錢,桃園市平鎮區****,,否,,,,,,,
246,舒翠玲,111年桃園市議員選舉,首次申報,1111021,雜支支出,來店書局,,0.00,175.00,,,,文具用品費用,金錢,桃園市中壢區****,,否,,,,,,,
247,舒翠玲,111年桃園市議員選舉,首次申報,1111021,雜支支出,來店書局,,0.00,175.00,,,,文具用品費用,金錢,桃園市中壢區****,,否,,,,,,,
248,舒翠玲,111年桃園市議員選舉,首次申報,1111021,雜支支出,荃記小吃店,,0.00,195.00,,,,餐飲費用,金錢,桃園市中壢區****,,否,,,,,,,
249,舒翠玲,111年桃園市議員選舉,首次申報,1111021,宣傳支出,和坤塑膠工業有限公司,86597725,0.00,5500.00,,,,製作競選物品或宣傳廣告費用（物品名稱-清潔袋）,金錢,桃園市八德區****,,否,,,,,,,
250,舒翠玲,111年桃園市議員選舉,首次申報,1111022,交通旅運支出,統一精工股份有限公司平鎮加油站,,0.00,912.00,,,,油資,金錢,桃園市平鎮區****,,否,,,,,,,
251,舒翠玲,111年桃園市議員選舉,首次申報,1111022,雜支支出,三郎餐飲有限公司,,0.00,7850.00,,,,餐飲費用,金錢,桃園市平鎮區****,,否,,,,,,,
252,舒翠玲,111年桃園市議員選舉,首次申報,1111022,雜支支出,來店書局,,0.00,120.00,,,,文具用品費用,金錢,桃園市中壢區****,,否,,,,,,,
253,舒翠玲,111年桃園市議員選舉,首次申報,1111022,雜支支出,客家傳統米食,,0.00,17000.00,,,,餐飲費用,金錢,桃園市龍潭區****,,否,,,,,,,
254,舒翠玲,111年桃園市議員選舉,首次申報,1111022,宣傳支出,利研製旗廣告,42170218,0.00,36000.00,,,,製作競選物品或宣傳廣告費用（物品名稱-小國旗）,金錢,桃園市平鎮區****,,否,,,,,,,
255,舒翠玲,111年桃園市議員選舉,首次申報,1111022,宣傳支出,毛鳳暖,D22*******,0.00,2000.00,,,,演講或表演費用,金錢,桃園市平鎮區****,,否,,,,,,,
256,舒翠玲,111年桃園市議員選舉,首次申報,1111022,宣傳支出,張麗美,E20*******,0.00,2000.00,,,,演講或表演費用,金錢,桃園市平鎮區****,,否,,,,,,,
257,舒翠玲,111年桃園市議員選舉,首次申報,1111022,宣傳支出,林鳳英,F22*******,0.00,2000.00,,,,演講或表演費用,金錢,桃園市平鎮區****,,否,,,,,,,
258,舒翠玲,111年桃園市議員選舉,首次申報,1111022,宣傳支出,王梅芳,H22*******,0.00,2000.00,,,,演講或表演費用,金錢,桃園市中壢區****,,否,,,,,,,
259,舒翠玲,111年桃園市議員選舉,首次申報,1111022,宣傳支出,鍾采瑄,H22*******,0.00,2000.00,,,,演講或表演費用,金錢,桃園市楊梅區****,,否,,,,,,,
260,舒翠玲,111年桃園市議員選舉,首次申報,1111022,宣傳支出,吳靜慧,H22*******,0.00,2000.00,,,,演講或表演費用,金錢,桃園市平鎮區****,,否,,,,,,,
261,舒翠玲,111年桃園市議員選舉,首次申報,1111022,宣傳支出,邱麗珍,H22*******,0.00,2000.00,,,,演講或表演費用,金錢,桃園市中壢區****,,否,,,,,,,
262,舒翠玲,111年桃園市議員選舉,首次申報,1111022,宣傳支出,趙維靜,H22*******,0.00,2000.00,,,,演講或表演費用,金錢,桃園市中壢區****,,否,,,,,,,
263,舒翠玲,111年桃園市議員選舉,首次申報,1111022,宣傳支出,李愛珍,H22*******,0.00,2000.00,,,,演講或表演費用,金錢,桃園市平鎮區****,,否,,,,,,,
264,舒翠玲,111年桃園市議員選舉,首次申報,1111022,宣傳支出,許貴蓮,H22*******,0.00,2000.00,,,,演講或表演費用,金錢,桃園市平鎮區****,,否,,,,,,,
265,舒翠玲,111年桃園市議員選舉,首次申報,1111022,宣傳支出,徐玉梅,J22*******,0.00,2000.00,,,,演講或表演費用,金錢,桃園市八德區****,,否,,,,,,,
266,舒翠玲,111年桃園市議員選舉,首次申報,1111022,宣傳支出,衛淑楨,J22*******,0.00,4000.00,,,,演講或表演費用,金錢,桃園市平鎮區****,,否,,,,,,,
267,舒翠玲,111年桃園市議員選舉,首次申報,1111022,宣傳支出,林淑錠,J22*******,0.00,2000.00,,,,演講或表演費用,金錢,桃園市平鎮區****,,否,,,,,,,
268,舒翠玲,111年桃園市議員選舉,首次申報,1111022,宣傳支出,陳秀香,J22*******,0.00,2000.00,,,,演講或表演費用,金錢,桃園市平鎮區****,,否,,,,,,,
269,舒翠玲,111年桃園市議員選舉,首次申報,1111022,宣傳支出,林完妹,K22*******,0.00,2000.00,,,,演講或表演費用,金錢,桃園市平鎮區****,,否,,,,,,,
270,舒翠玲,111年桃園市議員選舉,首次申報,1111022,宣傳支出,黃綉惠,Q22*******,0.00,2000.00,,,,演講或表演費用,金錢,桃園市平鎮區****,,否,,,,,,,
271,舒翠玲,111年桃園市議員選舉,首次申報,1111022,宣傳支出,劉凌君,Q22*******,0.00,2000.00,,,,演講或表演費用,金錢,桃園市中壢區****,,否,,,,,,,
272,舒翠玲,111年桃園市議員選舉,首次申報,1111022,宣傳支出,徐月梅,S22*******,0.00,2000.00,,,,演講或表演費用,金錢,桃園市中壢區****,,否,,,,,,,
273,舒翠玲,111年桃園市議員選舉,首次申報,1111022,宣傳支出,張阮玉足,T20*******,0.00,2000.00,,,,演講或表演費用,金錢,桃園市平鎮區****,,否,,,,,,,
274,舒翠玲,111年桃園市議員選舉,首次申報,1111022,宣傳支出,李念蓉,U22*******,0.00,2000.00,,,,演講或表演費用,金錢,桃園市楊梅區****,,否,,,,,,,
275,舒翠玲,111年桃園市議員選舉,首次申報,1111022,宣傳支出,林佩瑜,W20*******,0.00,2000.00,,,,演講或表演費用,金錢,桃園市平鎮區****,,否,,,,,,,
276,舒翠玲,111年桃園市議員選舉,首次申報,1111023,雜支支出,二六七飯店,,0.00,90.00,,,,餐飲費用,金錢,桃園市平鎮區****,,否,,,,,,,
277,舒翠玲,111年桃園市議員選舉,首次申報,1111023,雜支支出,久九久便當店,,0.00,1610.00,,,,餐飲費用,金錢,桃園市中壢區****,,否,,,,,,,
278,舒翠玲,111年桃園市議員選舉,首次申報,1111024,雜支支出,敬華快餐廳,,0.00,2120.00,,,,餐飲費用,金錢,桃園市中壢區****,,否,,,,,,,
279,舒翠玲,111年桃園市議員選舉,首次申報,1111025,雜支支出,龍城燒臘飲食店,,0.00,750.00,,,,餐飲費用,金錢,桃園市中壢區****,,否,,,,,,,
280,舒翠玲,111年桃園市議員選舉,首次申報,1111025,宣傳支出,社團法人中華音樂著作權協會,,0.00,1418.00,,,,播放、傳送或刊登宣傳廣告費用,金錢,臺北市中山區****,,否,,,,,,,
281,舒翠玲,111年桃園市議員選舉,首次申報,1111025,雜支支出,龍德小館,,0.00,1630.00,,,,餐飲費用,金錢,桃園市平鎮區****,,否,,,,,,,
282,舒翠玲,111年桃園市議員選舉,首次申報,1111025,雜支支出,廣源金香佛俱店,,0.00,1200.00,,,,雜項購置或修繕費用,金錢,桃園市中壢區****,,否,,,,,,,
283,舒翠玲,111年桃園市議員選舉,首次申報,1111025,交通旅運支出,龍東加油站股份有限公司,,0.00,1324.00,,,,油資,金錢,桃園市平鎮區****,,否,,,,,,,
284,舒翠玲,111年桃園市議員選舉,首次申報,1111025,宣傳支出,和坤塑膠工業有限公司,86597725,0.00,11000.00,,,,製作競選物品或宣傳廣告費用（物品名稱-清潔袋）,金錢,桃園市八德區****,,否,,,,,,,
285,舒翠玲,111年桃園市議員選舉,首次申報,1111026,集會支出,桃園市平鎮區公所,,0.00,500.00,,,,租用場地費用,金錢,桃園市平鎮區****,,否,,,,,,,
286,舒翠玲,111年桃園市議員選舉,首次申報,1111026,雜支支出,瑞隆商行,,0.00,2160.00,,,,餐飲費用,金錢,桃園市桃園區****,,否,,,,,,,
287,舒翠玲,111年桃園市議員選舉,首次申報,1111026,交通旅運支出,鼎鈺加油站有限公司,,0.00,84.00,,,,油資,金錢,桃園市平鎮區****,,否,,,,,,,
288,舒翠玲,111年桃園市議員選舉,首次申報,1111026,交通旅運支出,山隆通運股份有限公司富豐加油站,,0.00,1669.00,,,,油資,金錢,桃園市平鎮區****,,否,,,,,,,
289,舒翠玲,111年桃園市議員選舉,首次申報,1111026,雜支支出,錦美商行,,0.00,1260.00,,,,餐飲費用,金錢,桃園市桃園區****,,否,,,,,,,
290,舒翠玲,111年桃園市議員選舉,首次申報,1111026,人事費用支出,吳汶橙,H12*******,0.00,9000.00,,,,工資或薪津,金錢,桃園市平鎮區****,,否,,,,,,,
291,舒翠玲,111年桃園市議員選舉,首次申報,1111027,宣傳支出,中華郵政(股)公司,,0.00,1622.00,,,,郵寄競選物品或宣傳廣告費用,金錢,桃園市中壢區****,,否,,,,,,,
292,舒翠玲,111年桃園市議員選舉,首次申報,1111027,交通旅運支出,中油股份有限公司平鎮加油站,,0.00,910.00,,,,油資,金錢,桃園市平鎮區****,,否,,,,,,,
293,舒翠玲,111年桃園市議員選舉,首次申報,1111027,雜支支出,寶拉餐飲食品有限公司,,0.00,60.00,,,,餐飲費用,金錢,桃園市平鎮區****,,否,,,,,,,
294,舒翠玲,111年桃園市議員選舉,首次申報,1111027,雜支支出,寶拉餐飲食品有限公司,,0.00,1092.00,,,,餐飲費用,金錢,桃園市平鎮區****,,否,,,,,,,
295,舒翠玲,111年桃園市議員選舉,首次申報,1111028,雜支支出,鮮吃麵小吃店,,0.00,700.00,,,,餐飲費用,金錢,桃園市平鎮區****,,否,,,,,,,
296,舒翠玲,111年桃園市議員選舉,首次申報,1111028,雜支支出,二六七飯店,,0.00,1290.00,,,,餐飲費用,金錢,桃園市平鎮區****,,否,,,,,,,
297,舒翠玲,111年桃園市議員選舉,首次申報,1111028,雜支支出,李記素食雲南美味店,,0.00,120.00,,,,餐飲費用,金錢,桃園市平鎮區****,,否,,,,,,,
298,舒翠玲,111年桃園市議員選舉,首次申報,1111028,雜支支出,文邦企業社,,0.00,4000.00,,,,雜項購置或修繕費用,金錢,臺中市西屯區****,,否,,,,,,,
299,舒翠玲,111年桃園市議員選舉,首次申報,1111028,租用宣傳車輛支出,匯豐汽車股份有限公司平鎮營業所,,0.00,3800.00,,,,維修宣傳車輛費用,金錢,桃園市平鎮區****,,否,,,,,,,
300,舒翠玲,111年桃園市議員選舉,首次申報,1111028,人事費用支出,陳淑娟,A22*******,0.00,1000.00,,,,工資或薪津,金錢,桃園市平鎮區****,,否,,,,,,,
301,舒翠玲,111年桃園市議員選舉,首次申報,1111028,人事費用支出,沈政均,P10*******,0.00,1000.00,,,,工資或薪津,金錢,桃園市平鎮區****,,否,,,,,,,
302,舒翠玲,111年桃園市議員選舉,首次申報,1111029,交通旅運支出,中油股份有限公司平鎮加油站,,0.00,746.00,,,,油資,金錢,桃園市平鎮區****,,否,,,,,,,
303,舒翠玲,111年桃園市議員選舉,首次申報,1111029,交通旅運支出,山隆通運股份有限公司關西加油站,,0.00,1306.00,,,,油資,金錢,新竹縣關西鎮****,,否,,,,,,,
304,舒翠玲,111年桃園市議員選舉,首次申報,1111029,雜支支出,依珊食品有限公司,,0.00,775.00,,,,餐飲費用,金錢,桃園市中壢區****,,否,,,,,,,
305,舒翠玲,111年桃園市議員選舉,首次申報,1111029,雜支支出,小云滇小吃店,,0.00,85.00,,,,餐飲費用,金錢,桃園市中壢區****,,否,,,,,,,
306,舒翠玲,111年桃園市議員選舉,首次申報,1111029,集會支出,捷韻實業有限公司,16167618,0.00,125000.00,,,,租用設備費用,金錢,臺北市內湖區****,,否,,,,,,,
307,舒翠玲,111年桃園市議員選舉,首次申報,1111030,雜支支出,富倫珍粥到食品行,,0.00,1560.00,,,,餐飲費用,金錢,桃園市中壢區****,,否,,,,,,,
308,舒翠玲,111年桃園市議員選舉,首次申報,1111031,雜支支出,小云滇小吃店,,0.00,360.00,,,,餐飲費用,金錢,桃園市中壢區****,,否,,,,,,,
309,舒翠玲,111年桃園市議員選舉,首次申報,1111031,雜支支出,彭家雞腿飯,,0.00,2530.00,,,,餐飲費用,金錢,桃園市中壢區****,,否,,,,,,,
310,舒翠玲,111年桃園市議員選舉,首次申報,1111031,雜支支出,慶昌電料行,,0.00,3308.00,,,,雜項購置或修繕費用,金錢,桃園市中壢區****,,否,,,,,,,
311,舒翠玲,111年桃園市議員選舉,首次申報,1111031,宣傳支出,新順發米粉廠有限公司,84198174,0.00,237600.00,,,,製作競選物品或宣傳廣告費用（物品名稱-米粉）,金錢,彰化縣鹿港鎮****,,否,,,,,,,
312,舒翠玲,111年桃園市議員選舉,首次申報,1111101,集會支出,桃園市平鎮區公所,,0.00,250.00,,,,租用場地費用,金錢,桃園市平鎮區****,,否,,,,,,,
313,舒翠玲,111年桃園市議員選舉,首次申報,1111101,集會支出,桃園市平鎮區公所,,0.00,500.00,,,,租用場地費用,金錢,桃園市平鎮區****,,否,,,,,,,
314,舒翠玲,111年桃園市議員選舉,首次申報,1111101,集會支出,桃園市平鎮區公所,,0.00,250.00,,,,租用場地費用,金錢,桃園市平鎮區****,,否,,,,,,,
315,舒翠玲,111年桃園市議員選舉,首次申報,1111101,集會支出,桃園市平鎮區公所,,0.00,250.00,,,,租用場地費用,金錢,桃園市平鎮區****,,否,,,,,,,
316,舒翠玲,111年桃園市議員選舉,首次申報,1111101,集會支出,桃園市平鎮區公所,,0.00,970.00,,,,租用場地費用,金錢,桃園市平鎮區****,,否,,,,,,,
317,舒翠玲,111年桃園市議員選舉,首次申報,1111101,交通旅運支出,龍東加油站股份有限公司,,0.00,1349.00,,,,油資,金錢,桃園市平鎮區****,,否,,,,,,,
318,舒翠玲,111年桃園市議員選舉,首次申報,1111101,雜支支出,龍德小館,,0.00,1770.00,,,,餐飲費用,金錢,桃園市平鎮區****,,否,,,,,,,
319,舒翠玲,111年桃園市議員選舉,首次申報,1111101,雜支支出,慶昌電料行,,0.00,988.00,,,,雜項購置或修繕費用,金錢,桃園市中壢區****,,否,,,,,,,
320,舒翠玲,111年桃園市議員選舉,首次申報,1111101,宣傳支出,昇鴻廣告企業社,74945995,0.00,730000.00,,,,郵寄競選物品或宣傳廣告費用,金錢,新北市土城區****,,否,,,,,,,
321,舒翠玲,111年桃園市議員選舉,首次申報,1111101,人事費用支出,羅美生,H10*******,0.00,1000.00,,,,工資或薪津,金錢,桃園市平鎮區****,,否,,,,,,,
322,舒翠玲,111年桃園市議員選舉,首次申報,1111101,人事費用支出,羅月喨,H22*******,0.00,1000.00,,,,工資或薪津,金錢,桃園市平鎮區****,,否,,,,,,,
323,舒翠玲,111年桃園市議員選舉,首次申報,1111102,宣傳支出,中華郵政(股)公司,,0.00,1677.00,,,,郵寄競選物品或宣傳廣告費用,金錢,桃園市中壢區****,,否,,,,,,,
324,舒翠玲,111年桃園市議員選舉,首次申報,1111102,交通旅運支出,全國加油站股份有限公司全國龍岡加油站,,0.00,1569.00,,,,油資,金錢,桃園市中壢區****,,否,,,,,,,
325,舒翠玲,111年桃園市議員選舉,首次申報,1111102,宣傳支出,信美複印行,,0.00,8250.00,,,,郵寄競選物品或宣傳廣告費用,金錢,桃園市中壢區****,,否,,,,,,,
326,舒翠玲,111年桃園市議員選舉,首次申報,1111102,宣傳支出,信美複印行,,0.00,8250.00,,,,郵寄競選物品或宣傳廣告費用,金錢,桃園市中壢區****,,否,,,,,,,
327,舒翠玲,111年桃園市議員選舉,首次申報,1111102,交通旅運支出,長江加油站有限公司,,0.00,850.00,,,,油資,金錢,桃園市平鎮區****,,否,,,,,,,
328,舒翠玲,111年桃園市議員選舉,首次申報,1111102,雜支支出,鼎欣食品有限公司振興分店,,0.00,730.00,,,,餐飲費用,金錢,桃園市平鎮區****,,否,,,,,,,
329,舒翠玲,111年桃園市議員選舉,首次申報,1111102,雜支支出,龍德小館,,0.00,2510.00,,,,餐飲費用,金錢,桃園市平鎮區****,,否,,,,,,,
330,舒翠玲,111年桃園市議員選舉,首次申報,1111103,雜支支出,久九久便當店,,0.00,440.00,,,,餐飲費用,金錢,桃園市中壢區****,,否,,,,,,,
331,舒翠玲,111年桃園市議員選舉,首次申報,1111103,雜支支出,久九久便當店,,0.00,1100.00,,,,餐飲費用,金錢,桃園市中壢區****,,否,,,,,,,
332,舒翠玲,111年桃園市議員選舉,首次申報,1111103,宣傳支出,和坤塑膠工業有限公司,86597725,0.00,5500.00,,,,製作競選物品或宣傳廣告費用（物品名稱-清潔袋）,金錢,桃園市八德區****,,否,,,,,,,
333,舒翠玲,111年桃園市議員選舉,首次申報,1111104,雜支支出,鑫佳小吃店,,0.00,2000.00,,,,餐飲費用,金錢,桃園市平鎮區****,,否,,,,,,,
334,舒翠玲,111年桃園市議員選舉,首次申報,1111105,雜支支出,二六七飯店,,0.00,660.00,,,,餐飲費用,金錢,桃園市平鎮區****,,否,,,,,,,
335,舒翠玲,111年桃園市議員選舉,首次申報,1111105,雜支支出,源生青菓行,,0.00,3200.00,,,,餐飲費用,金錢,桃園市中壢區****,,否,,,,,,,
336,舒翠玲,111年桃園市議員選舉,首次申報,1111106,雜支支出,龍德小館,,0.00,1800.00,,,,餐飲費用,金錢,桃園市平鎮區****,,否,,,,,,,
337,舒翠玲,111年桃園市議員選舉,首次申報,1111106,交通旅運支出,北基國際股份有限公司東宏加油站,,0.00,909.00,,,,油資,金錢,桃園市平鎮區****,,否,,,,,,,
338,舒翠玲,111年桃園市議員選舉,首次申報,1111106,交通旅運支出,龍東加油站股份有限公司,,0.00,1378.00,,,,油資,金錢,桃園市平鎮區****,,否,,,,,,,
339,舒翠玲,111年桃園市議員選舉,首次申報,1111107,交通旅運支出,龍東加油站股份有限公司,,0.00,96.00,,,,油資,金錢,桃園市平鎮區****,,否,,,,,,,
340,舒翠玲,111年桃園市議員選舉,首次申報,1111107,宣傳支出,中華郵政(股)公司,,0.00,1512.00,,,,郵寄競選物品或宣傳廣告費用,金錢,桃園市中壢區****,,否,,,,,,,
341,舒翠玲,111年桃園市議員選舉,首次申報,1111107,租用宣傳車輛支出,台灣客喜達汽車百貨股份有限公司中豐分公司,,0.00,5796.00,,,,維修宣傳車輛費用,金錢,桃園市平鎮區****,,否,,,,,,,
342,舒翠玲,111年桃園市議員選舉,首次申報,1111107,宣傳支出,威亞策略顧問股份有限公司,,0.00,6449.00,,,,發送電信簡訊費用,金錢,臺北市中正區****,,否,,,,,,,
343,舒翠玲,111年桃園市議員選舉,首次申報,1111107,雜支支出,龍德小館,,0.00,2750.00,,,,餐飲費用,金錢,桃園市平鎮區****,,否,,,,,,,
344,舒翠玲,111年桃園市議員選舉,首次申報,1111107,宣傳支出,和坤塑膠工業有限公司,86597725,0.00,5500.00,,,,製作競選物品或宣傳廣告費用（物品名稱-清潔袋）,金錢,桃園市八德區****,,否,,,,,,,
345,舒翠玲,111年桃園市議員選舉,首次申報,1111108,交通旅運支出,中油股份有限公司中崙加油站,,0.00,1624.00,,,,油資,金錢,臺北市中山區****,,否,,,,,,,
346,舒翠玲,111年桃園市議員選舉,首次申報,1111108,交通旅運支出,中油股份有限公司龍岡加油站,,0.00,94.00,,,,油資,金錢,桃園市中壢區****,,否,,,,,,,
347,舒翠玲,111年桃園市議員選舉,首次申報,1111108,雜支支出,芊綠人造花苑,,0.00,7200.00,,,,雜項購置或修繕費用,金錢,桃園市中壢區****,,否,,,,,,,
348,舒翠玲,111年桃園市議員選舉,首次申報,1111108,雜支支出,三郎餐飲有限公司,,0.00,1280.00,,,,餐飲費用,金錢,桃園市平鎮區****,,否,,,,,,,
349,舒翠玲,111年桃園市議員選舉,首次申報,1111108,宣傳支出,和坤塑膠工業有限公司,86597725,0.00,11000.00,,,,製作競選物品或宣傳廣告費用（物品名稱-清潔袋）,金錢,桃園市八德區****,,否,,,,,,,
350,舒翠玲,111年桃園市議員選舉,首次申報,1111108,宣傳支出,飛揚廣播股份有限公司,89773725,0.00,100000.00,,,,郵寄競選物品或宣傳廣告費用,金錢,桃園市桃園區****,,否,,,,,,,
351,舒翠玲,111年桃園市議員選舉,首次申報,1111108,宣傳支出,亞洲廣播股份有限公司,96876535,0.00,200000.00,,,,郵寄競選物品或宣傳廣告費用,金錢,桃園市桃園區****,,否,,,,,,,
352,舒翠玲,111年桃園市議員選舉,首次申報,1111109,集會支出,桃園市平鎮區公所,,0.00,250.00,,,,租用場地費用,金錢,桃園市平鎮區****,,否,,,,,,,
353,舒翠玲,111年桃園市議員選舉,首次申報,1111109,交通旅運支出,中油股份有限公司龍岡加油站,,0.00,95.00,,,,油資,金錢,桃園市中壢區****,,否,,,,,,,
354,舒翠玲,111年桃園市議員選舉,首次申報,1111109,雜支支出,龍德小館,,0.00,2650.00,,,,餐飲費用,金錢,桃園市平鎮區****,,否,,,,,,,
355,舒翠玲,111年桃園市議員選舉,首次申報,1111109,宣傳支出,殷經雄,E12*******,0.00,110000.00,,,,郵寄競選物品或宣傳廣告費用,金錢,桃園市龍潭區****,,否,,,,,,,
356,舒翠玲,111年桃園市議員選舉,首次申報,1111110,雜支支出,龍德小館,,0.00,1980.00,,,,餐飲費用,金錢,桃園市平鎮區****,,否,,,,,,,
357,舒翠玲,111年桃園市議員選舉,首次申報,1111110,交通旅運支出,全國加油站股份有限公司全國平鎮南東路加油站,,0.00,813.00,,,,油資,金錢,桃園市平鎮區****,,否,,,,,,,
358,舒翠玲,111年桃園市議員選舉,首次申報,1111110,交通旅運支出,龍東加油站股份有限公司,,0.00,90.00,,,,油資,金錢,桃園市平鎮區****,,否,,,,,,,
359,舒翠玲,111年桃園市議員選舉,首次申報,1111110,集會支出,桃園市平鎮區公所,,0.00,490.00,,,,租用場地費用,金錢,桃園市平鎮區****,,否,,,,,,,
360,舒翠玲,111年桃園市議員選舉,首次申報,1111110,雜支支出,白灰王檳榔店,13558747,0.00,7000.00,,,,水電瓦斯費用,金錢,桃園市平鎮區****,,否,,,,,,,
361,舒翠玲,111年桃園市議員選舉,首次申報,1111111,雜支支出,慶昌電料行,,0.00,2625.00,,,,雜項購置或修繕費用,金錢,桃園市中壢區****,,否,,,,,,,
362,舒翠玲,111年桃園市議員選舉,首次申報,1111111,交通旅運支出,中油股份有限公司龍岡加油站,,0.00,94.00,,,,油資,金錢,桃園市中壢區****,,否,,,,,,,
363,舒翠玲,111年桃園市議員選舉,首次申報,1111111,交通旅運支出,龍岡加油站有限公司,,0.00,1354.00,,,,油資,金錢,桃園市大溪區****,,否,,,,,,,
364,舒翠玲,111年桃園市議員選舉,首次申報,1111111,雜支支出,敬華快餐廳,,0.00,1150.00,,,,餐飲費用,金錢,桃園市中壢區****,,否,,,,,,,
365,舒翠玲,111年桃園市議員選舉,首次申報,1111112,雜支支出,二六七飯店,,0.00,1305.00,,,,餐飲費用,金錢,桃園市平鎮區****,,否,,,,,,,
366,舒翠玲,111年桃園市議員選舉,首次申報,1111112,雜支支出,小味園飲食店,,0.00,390.00,,,,餐飲費用,金錢,桃園市平鎮區****,,否,,,,,,,
367,舒翠玲,111年桃園市議員選舉,首次申報,1111112,雜支支出,龍德小館,,0.00,1800.00,,,,餐飲費用,金錢,桃園市平鎮區****,,否,,,,,,,
368,舒翠玲,111年桃園市議員選舉,首次申報,1111112,交通旅運支出,中油股份有限公司龍岡加油站,,0.00,99.00,,,,油資,金錢,桃園市中壢區****,,否,,,,,,,
369,舒翠玲,111年桃園市議員選舉,首次申報,1111113,交通旅運支出,中油股份有限公司龍岡加油站,,0.00,102.00,,,,油資,金錢,桃園市中壢區****,,否,,,,,,,
370,舒翠玲,111年桃園市議員選舉,首次申報,1111113,交通旅運支出,統一精工股份有限公司平鎮加油站,,0.00,874.00,,,,油資,金錢,桃園市平鎮區****,,否,,,,,,,
371,舒翠玲,111年桃園市議員選舉,首次申報,1111113,交通旅運支出,龍東加油站股份有限公司,,0.00,1625.00,,,,油資,金錢,桃園市平鎮區****,,否,,,,,,,
372,舒翠玲,111年桃園市議員選舉,首次申報,1111113,交通旅運支出,鎮江加油站股份有限公司,,0.00,1000.00,,,,油資,金錢,桃園市平鎮區****,,否,,,,,,,
373,舒翠玲,111年桃園市議員選舉,首次申報,1111113,雜支支出,龍城燒臘飲食店,,0.00,1105.00,,,,餐飲費用,金錢,桃園市中壢區****,,否,,,,,,,
374,舒翠玲,111年桃園市議員選舉,首次申報,1111113,雜支支出,小云滇小吃店,,0.00,305.00,,,,餐飲費用,金錢,桃園市中壢區****,,否,,,,,,,
375,舒翠玲,111年桃園市議員選舉,首次申報,1111114,雜支支出,久九久便當店,,0.00,1200.00,,,,餐飲費用,金錢,桃園市中壢區****,,否,,,,,,,
376,舒翠玲,111年桃園市議員選舉,首次申報,1111114,雜支支出,雨樂餐飲,,0.00,460.00,,,,餐飲費用,金錢,桃園市平鎮區****,,否,,,,,,,
377,舒翠玲,111年桃園市議員選舉,首次申報,1111114,雜支支出,皓皓的店,,0.00,320.00,,,,餐飲費用,金錢,桃園市中壢區****,,否,,,,,,,
378,舒翠玲,111年桃園市議員選舉,首次申報,1111114,交通旅運支出,龍東加油站股份有限公司,,0.00,101.00,,,,油資,金錢,桃園市平鎮區****,,否,,,,,,,
379,舒翠玲,111年桃園市議員選舉,首次申報,1111115,交通旅運支出,龍東加油站股份有限公司,,0.00,100.00,,,,油資,金錢,桃園市平鎮區****,,否,,,,,,,
380,舒翠玲,111年桃園市議員選舉,首次申報,1111115,交通旅運支出,統一精工股份有限公司平鎮加油站,,0.00,575.00,,,,油資,金錢,桃園市平鎮區****,,否,,,,,,,
381,舒翠玲,111年桃園市議員選舉,首次申報,1111115,宣傳支出,中華郵政(股)公司,,0.00,1296.00,,,,郵寄競選物品或宣傳廣告費用,金錢,桃園市中壢區****,,否,,,,,,,
382,舒翠玲,111年桃園市議員選舉,首次申報,1111115,租用宣傳車輛支出,富士通車業行,,0.00,12300.00,,,,維修宣傳車輛費用,金錢,桃園市平鎮區****,,否,,,,,,,
383,舒翠玲,111年桃園市議員選舉,首次申報,1111115,宣傳支出,典匠企業社,,0.00,20120.00,,,,郵寄競選物品或宣傳廣告費用,金錢,桃園市平鎮區****,,否,,,,,,,
384,舒翠玲,111年桃園市議員選舉,首次申報,1111115,雜支支出,瑞麟美又美廣平店,,0.00,425.00,,,,餐飲費用,金錢,桃園市平鎮區****,,否,,,,,,,
385,舒翠玲,111年桃園市議員選舉,首次申報,1111115,雜支支出,龍德小館,,0.00,2300.00,,,,餐飲費用,金錢,桃園市平鎮區****,,否,,,,,,,
386,舒翠玲,111年桃園市議員選舉,首次申報,1111116,雜支支出,瑞麟美而美復旦店,,0.00,630.00,,,,餐飲費用,金錢,桃園市平鎮區****,,否,,,,,,,
387,舒翠玲,111年桃園市議員選舉,首次申報,1111116,雜支支出,龍德小館,,0.00,2610.00,,,,餐飲費用,金錢,桃園市平鎮區****,,否,,,,,,,
388,舒翠玲,111年桃園市議員選舉,首次申報,1111116,雜支支出,小云滇小吃店,,0.00,240.00,,,,餐飲費用,金錢,桃園市中壢區****,,否,,,,,,,
389,舒翠玲,111年桃園市議員選舉,首次申報,1111116,雜支支出,小云滇小吃店,,0.00,125.00,,,,餐飲費用,金錢,桃園市中壢區****,,否,,,,,,,
390,舒翠玲,111年桃園市議員選舉,首次申報,1111116,交通旅運支出,龍東加油站股份有限公司,,0.00,102.00,,,,油資,金錢,桃園市平鎮區****,,否,,,,,,,
391,舒翠玲,111年桃園市議員選舉,首次申報,1111116,交通旅運支出,鼎鈺加油站有限公司,,0.00,1550.00,,,,油資,金錢,桃園市平鎮區****,,否,,,,,,,
392,舒翠玲,111年桃園市議員選舉,首次申報,1111116,宣傳支出,和坤塑膠工業有限公司,86597725,0.00,7150.00,,,,製作競選物品或宣傳廣告費用（物品名稱-清潔袋）,金錢,桃園市八德區****,,否,,,,,,,
393,舒翠玲,111年桃園市議員選舉,首次申報,1111117,繳庫支出,監察院,03753307,0.00,10000.00,,,,繳庫,金錢,台北市忠孝東****,,否,,,,,,,
394,舒翠玲,111年桃園市議員選舉,首次申報,1111118,交通旅運支出,龍東加油站股份有限公司,,0.00,79.00,,,,油資,金錢,桃園市平鎮區****,,否,,,,,,,
395,舒翠玲,111年桃園市議員選舉,首次申報,1111118,宣傳支出,中華電信股份有限公司桃園營運處中壢服務中心,02906065,0.00,90000.00,,,,發送電信簡訊費用,金錢,桃園市中壢區****,,否,,,,,,,
396,舒翠玲,111年桃園市議員選舉,首次申報,1111119,交通旅運支出,統一精工股份有限公司平鎮加油站,,0.00,773.00,,,,油資,金錢,桃園市平鎮區****,,否,,,,,,,
397,舒翠玲,111年桃園市議員選舉,首次申報,1111119,交通旅運支出,中油股份有限公司龍岡加油站,,0.00,94.00,,,,油資,金錢,桃園市中壢區****,,否,,,,,,,
398,舒翠玲,111年桃園市議員選舉,首次申報,1111119,雜支支出,三郎餐飲有限公司,,0.00,930.00,,,,餐飲費用,金錢,桃園市平鎮區****,,否,,,,,,,
399,舒翠玲,111年桃園市議員選舉,首次申報,1111119,雜支支出,巧盈小吃部,,0.00,3125.00,,,,餐飲費用,金錢,桃園市中壢區****,,否,,,,,,,
400,舒翠玲,111年桃園市議員選舉,首次申報,1111120,雜支支出,龍德小館,,0.00,2280.00,,,,餐飲費用,金錢,桃園市平鎮區****,,否,,,,,,,
401,舒翠玲,111年桃園市議員選舉,首次申報,1111120,交通旅運支出,全國加油站股份有限公司全國平鎮南東路加油站,,0.00,120.00,,,,油資,金錢,桃園市中壢區****,,否,,,,,,,
402,舒翠玲,111年桃園市議員選舉,首次申報,1111120,交通旅運支出,龍東加油站股份有限公司,,0.00,96.00,,,,油資,金錢,桃園市平鎮區****,,否,,,,,,,
403,舒翠玲,111年桃園市議員選舉,首次申報,1111120,雜支支出,真憶實業有限公司,16483306,0.00,63756.00,,,,水電瓦斯費用,金錢,桃園市中壢區****,,否,,,,,,,
404,舒翠玲,111年桃園市議員選舉,首次申報,1111121,集會支出,英雄鎮社區,,0.00,1200.00,,,,租用場地費用,金錢,桃園市平鎮區****,,否,,,,,,,
405,舒翠玲,111年桃園市議員選舉,首次申報,1111121,宣傳支出,中華郵政(股)公司,,0.00,1632.00,,,,郵寄競選物品或宣傳廣告費用,金錢,桃園市中壢區****,,否,,,,,,,
406,舒翠玲,111年桃園市議員選舉,首次申報,1111121,交通旅運支出,中油股份有限公司龍岡加油站,,0.00,100.00,,,,油資,金錢,桃園市中壢區****,,否,,,,,,,
407,舒翠玲,111年桃園市議員選舉,首次申報,1111121,交通旅運支出,中油股份有限公司中山路加油站,,0.00,1522.00,,,,油資,金錢,桃園市桃園區****,,否,,,,,,,
408,舒翠玲,111年桃園市議員選舉,首次申報,1111121,雜支支出,小云滇小吃店,,0.00,200.00,,,,餐飲費用,金錢,桃園市中壢區****,,否,,,,,,,
409,舒翠玲,111年桃園市議員選舉,首次申報,1111121,雜支支出,龍德小館,,0.00,2350.00,,,,餐飲費用,金錢,桃園市平鎮區****,,否,,,,,,,
410,舒翠玲,111年桃園市議員選舉,首次申報,1111121,宣傳支出,平鎮褒忠祠義民廟,34906118,0.00,1200.00,,,,其他與選舉宣傳有關之費用,金錢,桃園市平鎮區****,,否,,,,,,,
411,舒翠玲,111年桃園市議員選舉,首次申報,1111121,交通旅運支出,中油股份有限公司平鎮加油站,44533314,0.00,1329.00,,,,油資,金錢,,,否,,,,,,,
412,舒翠玲,111年桃園市議員選舉,首次申報,1111121,雜支支出,阿樹菸酒商行,73808776,0.00,650.00,,,,水電瓦斯費用,金錢,桃園市平鎮區****,,否,,,,,,,
413,舒翠玲,111年桃園市議員選舉,首次申報,1111121,宣傳支出,和坤塑膠工業有限公司,86597725,0.00,5500.00,,,,製作競選物品或宣傳廣告費用（物品名稱-清潔袋）,金錢,桃園市八德區****,,否,,,,,,,
414,舒翠玲,111年桃園市議員選舉,首次申報,1111122,交通旅運支出,中油股份有限公司龍岡加油站,,0.00,150.00,,,,油資,金錢,桃園市中壢區****,,否,,,,,,,
415,舒翠玲,111年桃園市議員選舉,首次申報,1111122,交通旅運支出,龍東加油站股份有限公司,,0.00,427.00,,,,油資,金錢,桃園市平鎮區****,,否,,,,,,,
416,舒翠玲,111年桃園市議員選舉,首次申報,1111122,交通旅運支出,龍東加油站股份有限公司,,0.00,100.00,,,,油資,金錢,桃園市平鎮區****,,否,,,,,,,
417,舒翠玲,111年桃園市議員選舉,首次申報,1111122,雜支支出,豐悅飲食店,,0.00,2520.00,,,,餐飲費用,金錢,桃園市平鎮區****,,否,,,,,,,
418,舒翠玲,111年桃園市議員選舉,首次申報,1111122,雜支支出,久九久便當店,,0.00,660.00,,,,餐飲費用,金錢,桃園市中壢區****,,否,,,,,,,
419,舒翠玲,111年桃園市議員選舉,首次申報,1111123,雜支支出,龍德小館,,0.00,2200.00,,,,餐飲費用,金錢,桃園市平鎮區****,,否,,,,,,,
420,舒翠玲,111年桃園市議員選舉,首次申報,1111123,宣傳支出,新順發米粉廠有限公司,84198174,0.00,285120.00,,,,製作競選物品或宣傳廣告費用（物品名稱-米粉）,金錢,彰化縣鹿港鎮****,,否,,,,,,,
421,舒翠玲,111年桃園市議員選舉,首次申報,1111123,人事費用支出,殷經雄,E12*******,0.00,11600.00,,,,工資或薪津,金錢,桃園市龍潭區****,,否,,,,,,,
422,舒翠玲,111年桃園市議員選舉,首次申報,1111124,交通旅運支出,鎮江加油站股份有限公司,,0.00,1000.00,,,,油資,金錢,桃園市平鎮區****,,否,,,,,,,
423,舒翠玲,111年桃園市議員選舉,首次申報,1111124,集會支出,桃園市平鎮區公所,,0.00,250.00,,,,租用場地費用,金錢,桃園市平鎮區****,,否,,,,,,,
424,舒翠玲,111年桃園市議員選舉,首次申報,1111124,交通旅運支出,龍東加油站股份有限公司,,0.00,559.00,,,,油資,金錢,桃園市平鎮區****,,否,,,,,,,
425,舒翠玲,111年桃園市議員選舉,首次申報,1111124,交通旅運支出,鼎鈺加油站有限公司,,0.00,105.00,,,,油資,金錢,桃園市平鎮區****,,否,,,,,,,
426,舒翠玲,111年桃園市議員選舉,首次申報,1111124,交通旅運支出,全國加油站股份有限公司全國龍岡加油站,,0.00,88.00,,,,油資,金錢,桃園市中壢區****,,否,,,,,,,
427,舒翠玲,111年桃園市議員選舉,首次申報,1111124,雜支支出,美榮早餐店,,0.00,450.00,,,,餐飲費用,金錢,桃園市平鎮區****,,否,,,,,,,
428,舒翠玲,111年桃園市議員選舉,首次申報,1111124,雜支支出,久九久便當店,,0.00,3300.00,,,,餐飲費用,金錢,桃園市中壢區****,,否,,,,,,,
429,舒翠玲,111年桃園市議員選舉,首次申報,1111125,租用競選辦事處支出,鈞楷廚藝行,,0.00,6300.00,,,,租買辦公設備費用,金錢,桃園市平鎮區****,,否,,,,,,,
430,舒翠玲,111年桃園市議員選舉,首次申報,1111125,雜支支出,歐亞諾烘焙坊,,0.00,900.00,,,,餐飲費用,金錢,桃園市中壢區****,,否,,,,,,,
431,舒翠玲,111年桃園市議員選舉,首次申報,1111125,雜支支出,台灣鮮肉包,,0.00,3750.00,,,,餐飲費用,金錢,桃園市中壢區****,,否,,,,,,,
432,舒翠玲,111年桃園市議員選舉,首次申報,1111127,交通旅運支出,中油股份有限公司龍岡加油站,,0.00,145.00,,,,油資,金錢,桃園市中壢區****,,否,,,,,,,
433,舒翠玲,111年桃園市議員選舉,首次申報,1111127,交通旅運支出,龍東加油站股份有限公司,,0.00,100.00,,,,油資,金錢,桃園市平鎮區****,,否,,,,,,,
434,舒翠玲,111年桃園市議員選舉,首次申報,1111128,交通旅運支出,統一精工股份有限公司平鎮加油站,,0.00,1533.00,,,,油資,金錢,桃園市平鎮區****,,否,,,,,,,
435,舒翠玲,111年桃園市議員選舉,首次申報,1111128,雜支支出,佳德五金商行,87723881,0.00,4600.00,,,,雜項購置或修繕費用,金錢,桃園市平鎮區****,,否,,,,,,,
436,舒翠玲,111年桃園市議員選舉,首次申報,1111128,人事費用支出,張翔羿,H12*******,0.00,30000.00,,,,工資或薪津,金錢,桃園市平鎮區****,,否,,,,,,,
437,舒翠玲,111年桃園市議員選舉,首次申報,1111128,人事費用支出,張寧,H22*******,0.00,100000.00,,,,工資或薪津,金錢,桃園市平鎮區****,,否,,,,,,,
438,舒翠玲,111年桃園市議員選舉,首次申報,1111129,交通旅運支出,桃園市政府,,0.00,5400.00,,,,停車費,金錢,桃園市桃園區****,,否,,,,,,,
439,舒翠玲,111年桃園市議員選舉,首次申報,1111130,宣傳支出,韓宜軒,,0.00,25000.00,,,,租用廣告看板或車體廣告費用,金錢,桃園市平鎮區****,,否,,,,,,,
440,舒翠玲,111年桃園市議員選舉,首次申報,1111130,宣傳支出,凱捷廣告有限公司,,0.00,21000.00,,,,租用廣告看板或車體廣告費用,金錢,桃園市桃園區****,,否,,,,,,,
441,舒翠玲,111年桃園市議員選舉,首次申報,1111130,宣傳支出,劉論發,,0.00,20000.00,,,,租用廣告看板或車體廣告費用,金錢,桃園市平鎮區****,,否,,,,,,,
442,舒翠玲,111年桃園市議員選舉,首次申報,1111130,宣傳支出,吳家興,,0.00,20000.00,,,,租用廣告看板或車體廣告費用,金錢,桃園市平鎮區****,,否,,,,,,,
443,舒翠玲,111年桃園市議員選舉,首次申報,1111130,宣傳支出,郭國彬,,0.00,25000.00,,,,租用廣告看板或車體廣告費用,金錢,桃園市平鎮區****,,否,,,,,,,
444,舒翠玲,111年桃園市議員選舉,首次申報,1111130,宣傳支出,楊湘君,,0.00,12000.00,,,,租用廣告看板或車體廣告費用,金錢,桃園市中壢區****,,否,,,,,,,
445,舒翠玲,111年桃園市議員選舉,首次申報,1111130,宣傳支出,陳淑珍,,0.00,15000.00,,,,租用廣告看板或車體廣告費用,金錢,桃園市平鎮區****,,否,,,,,,,
446,舒翠玲,111年桃園市議員選舉,首次申報,1111130,宣傳支出,李陳秀蘭,,0.00,10000.00,,,,租用廣告看板或車體廣告費用,金錢,桃園市平鎮區****,,否,,,,,,,
447,舒翠玲,111年桃園市議員選舉,首次申報,1111130,宣傳支出,陳秋湖,,0.00,8000.00,,,,租用廣告看板或車體廣告費用,金錢,桃園市平鎮區****,,否,,,,,,,
448,舒翠玲,111年桃園市議員選舉,首次申報,1111130,宣傳支出,吳憲能,,0.00,10000.00,,,,租用廣告看板或車體廣告費用,金錢,桃園市蘆竹區****,,否,,,,,,,
449,舒翠玲,111年桃園市議員選舉,首次申報,1111130,宣傳支出,方健至,,0.00,10000.00,,,,租用廣告看板或車體廣告費用,金錢,桃園市平鎮區****,,否,,,,,,,
450,舒翠玲,111年桃園市議員選舉,首次申報,1111130,宣傳支出,王玉芳,,0.00,13000.00,,,,租用廣告看板或車體廣告費用,金錢,桃園市平鎮區****,,否,,,,,,,
451,舒翠玲,111年桃園市議員選舉,首次申報,1111130,宣傳支出,台灣臉書有限公司,,0.00,9751.00,,,,播放、傳送或刊登宣傳廣告費用,金錢,臺北市信義區****,,否,,,,,,,
452,舒翠玲,111年桃園市議員選舉,首次申報,1111130,宣傳支出,尚威西點麵包工廠,29313419,0.00,31500.00,,,,製作競選物品或宣傳廣告費用（物品名稱-吐司）,金錢,桃園市平鎮區****,,否,,,,,,,
453,舒翠玲,111年桃園市議員選舉,首次申報,1111130,宣傳支出,許美玲,C22*******,0.00,35000.00,,,,租用廣告看板或車體廣告費用,金錢,桃園市中壢區****,,否,,,,,,,
454,舒翠玲,111年桃園市議員選舉,首次申報,1111130,宣傳支出,姜瑞英,H20*******,0.00,60000.00,,,,租用廣告看板或車體廣告費用,金錢,桃園市平鎮區****,,否,,,,,,,
455,舒翠玲,111年桃園市議員選舉,首次申報,1111201,交通旅運支出,全國加油站股份有限公司全國龍岡加油站,,0.00,711.00,,,,油資,金錢,桃園市中壢區****,,否,,,,,,,
456,舒翠玲,111年桃園市議員選舉,首次申報,1111202,人事費用支出,張豫豪,U12*******,0.00,136200.00,,,,工資或薪津,金錢,桃園市平鎮區****,,否,,,,,,,
457,舒翠玲,111年桃園市議員選舉,首次申報,1111204,雜支支出,一張桌麵食館,,0.00,191.00,,,,餐飲費用,金錢,桃園市中壢區****,,否,,,,,,,
458,舒翠玲,111年桃園市議員選舉,首次申報,1111205,雜支支出,阿樹菸酒商行,73808776,0.00,650.00,,,,水電瓦斯費用,金錢,桃園市平鎮區****,,否,,,,,,,
459,舒翠玲,111年桃園市議員選舉,首次申報,1111206,交通旅運支出,遠通電收股份有限公司,,0.00,1000.00,,,,其他與交通旅運有關之費用,金錢,臺北市大安區****,,否,,,,,,,
460,舒翠玲,111年桃園市議員選舉,首次申報,1111206,交通旅運支出,全國加油站股份有限公司全國龍岡加油站,,0.00,1261.00,,,,油資,金錢,桃園市中壢區****,,否,,,,,,,
461,舒翠玲,111年桃園市議員選舉,首次申報,1111206,雜支支出,阿樹菸酒商行,73808776,0.00,720.00,,,,水電瓦斯費用,金錢,桃園市平鎮區****,,否,,,,,,,
462,舒翠玲,111年桃園市議員選舉,首次申報,1111209,交通旅運支出,宏昇加油站有限公司,,0.00,1583.00,,,,油資,金錢,桃園市中壢區****,,否,,,,,,,
463,舒翠玲,111年桃園市議員選舉,首次申報,1111212,雜支支出,思萱飲食店,,0.00,428.00,,,,餐飲費用,金錢,桃園市中壢區****,,否,,,,,,,
464,舒翠玲,111年桃園市議員選舉,首次申報,1111212,租用競選辦事處支出,知億有限公司,,0.00,5701.00,,,,租買辦公設備費用,金錢,桃園市中壢區****,,否,,,,,,,
465,舒翠玲,111年桃園市議員選舉,首次申報,1111212,人事費用支出,李麗瑛,A22*******,0.00,23300.00,,,,工資或薪津,金錢,桃園市平鎮區****,,否,,,,,,,
466,舒翠玲,111年桃園市議員選舉,首次申報,1111212,人事費用支出,林尚喆,F10*******,0.00,5000.00,,,,工資或薪津,金錢,桃園市平鎮區****,,否,,,,,,,
467,舒翠玲,111年桃園市議員選舉,首次申報,1111212,人事費用支出,黃曾玉梅,F20*******,0.00,17100.00,,,,工資或薪津,金錢,桃園市平鎮區****,,否,,,,,,,
468,舒翠玲,111年桃園市議員選舉,首次申報,1111212,人事費用支出,吳天保,H10*******,0.00,5000.00,,,,工資或薪津,金錢,桃園市平鎮區****,,否,,,,,,,
469,舒翠玲,111年桃園市議員選舉,首次申報,1111212,人事費用支出,廖豐平,H12*******,0.00,1000.00,,,,工資或薪津,金錢,桃園市平鎮區****,,否,,,,,,,
470,舒翠玲,111年桃園市議員選舉,首次申報,1111212,人事費用支出,賈豫華,H12*******,0.00,200000.00,,,,工資或薪津,金錢,桃園市平鎮區****,,否,,,,,,,
471,舒翠玲,111年桃園市議員選舉,首次申報,1111212,人事費用支出,賈振楓,H12*******,0.00,103000.00,,,,工資或薪津,金錢,桃園市平鎮區****,,否,,,,,,,
472,舒翠玲,111年桃園市議員選舉,首次申報,1111212,人事費用支出,葉月秋,H20*******,0.00,5000.00,,,,工資或薪津,金錢,桃園市平鎮區****,,否,,,,,,,
473,舒翠玲,111年桃園市議員選舉,首次申報,1111212,人事費用支出,邱春美,H22*******,0.00,18600.00,,,,工資或薪津,金錢,桃園市平鎮區****,,否,,,,,,,
474,舒翠玲,111年桃園市議員選舉,首次申報,1111212,人事費用支出,楊金鳳,H22*******,0.00,3600.00,,,,工資或薪津,金錢,桃園市平鎮區****,,否,,,,,,,
475,舒翠玲,111年桃園市議員選舉,首次申報,1111212,人事費用支出,許貴蓮,H22*******,0.00,33000.00,,,,工資或薪津,金錢,桃園市平鎮區****,,否,,,,,,,
476,舒翠玲,111年桃園市議員選舉,首次申報,1111212,人事費用支出,徐仲秀,J20*******,0.00,16000.00,,,,工資或薪津,金錢,桃園市平鎮區****,,否,,,,,,,
477,舒翠玲,111年桃園市議員選舉,首次申報,1111212,人事費用支出,梁麗淑,K22*******,0.00,2000.00,,,,工資或薪津,金錢,桃園市平鎮區****,,否,,,,,,,
478,舒翠玲,111年桃園市議員選舉,首次申報,1111212,人事費用支出,吳秀楨,M22*******,0.00,3500.00,,,,工資或薪津,金錢,桃園市平鎮區****,,否,,,,,,,
479,舒翠玲,111年桃園市議員選舉,首次申報,1111212,人事費用支出,劉勝賢,N10*******,0.00,7000.00,,,,工資或薪津,金錢,桃園市平鎮區****,,否,,,,,,,
480,舒翠玲,111年桃園市議員選舉,首次申報,1111212,人事費用支出,何周真,Q20*******,0.00,15500.00,,,,工資或薪津,金錢,桃園市平鎮區****,,否,,,,,,,
481,舒翠玲,111年桃園市議員選舉,首次申報,1111212,人事費用支出,劉蘊誼,U22*******,0.00,10000.00,,,,工資或薪津,金錢,桃園市龍潭區****,,否,,,,,,,
482,舒翠玲,111年桃園市議員選舉,首次申報,1111212,人事費用支出,矯學信,V12*******,0.00,23700.00,,,,工資或薪津,金錢,桃園市平鎮區****,,否,,,,,,,
483,舒翠玲,111年桃園市議員選舉,首次申報,1111213,交通旅運支出,全國加油站股份有限公司全國龍岡加油站,,0.00,499.00,,,,油資,金錢,桃園市中壢區****,,否,,,,,,,
484,舒翠玲,111年桃園市議員選舉,首次申報,1111213,宣傳支出,東大包裝企業有限公司,22974667,0.00,40143.00,,,,製作競選物品或宣傳廣告費用（物品名稱-塑膠袋）,金錢,桃園市平鎮區****,,否,,,,,,,
485,舒翠玲,111年桃園市議員選舉,首次申報,1111213,雜支支出,阿樹菸酒商行,73808776,0.00,240.00,,,,水電瓦斯費用,金錢,桃園市平鎮區****,,否,,,,,,,
486,舒翠玲,111年桃園市議員選舉,首次申報,1111213,人事費用支出,鄭愛卿,H20*******,0.00,15600.00,,,,工資或薪津,金錢,桃園市平鎮區****,,否,,,,,,,
487,舒翠玲,111年桃園市議員選舉,首次申報,1111213,人事費用支出,湯張麗珠,J20*******,0.00,4500.00,,,,工資或薪津,金錢,桃園市平鎮區****,,否,,,,,,,
488,舒翠玲,111年桃園市議員選舉,首次申報,1111214,交通旅運支出,龍東加油站股份有限公司,,0.00,1354.00,,,,油資,金錢,桃園市平鎮區****,,否,,,,,,,
489,舒翠玲,111年桃園市議員選舉,首次申報,1111214,人事費用支出,陳淑華,F22*******,0.00,19000.00,,,,工資或薪津,金錢,桃園市平鎮區****,,否,,,,,,,
490,舒翠玲,111年桃園市議員選舉,首次申報,1111215,雜支支出,阿含泰飲食店,,0.00,570.00,,,,餐飲費用,金錢,桃園市中壢區****,,否,,,,,,,
491,舒翠玲,111年桃園市議員選舉,首次申報,1111215,雜支支出,巨泉企業開發有限公司,84212133,0.00,1600.00,,,,水電瓦斯費用,金錢,桃園市蘆竹區****,,否,,,,,,,
492,舒翠玲,111年桃園市議員選舉,首次申報,1111215,人事費用支出,許瑋庭,H22*******,0.00,46000.00,,,,工資或薪津,金錢,桃園市平鎮區****,,否,,,,,,,
493,舒翠玲,111年桃園市議員選舉,首次申報,1111215,人事費用支出,方儷蓉,K22*******,0.00,40000.00,,,,工資或薪津,金錢,桃園市平鎮區****,,否,,,,,,,
494,舒翠玲,111年桃園市議員選舉,首次申報,1111215,人事費用支出,韓优燕,K22*******,0.00,90000.00,,,,工資或薪津,金錢,桃園市平鎮區****,,否,,,,,,,
495,舒翠玲,111年桃園市議員選舉,首次申報,1111216,返還捐贈支出,德利創新有限公司,24293131,0.00,30000.00,,,,返還,金錢,桃園市平鎮區****,,否,,,,,,,
496,舒翠玲,111年桃園市議員選舉,首次申報,1111216,返還捐贈支出,百銓工業有限公司,35948641,0.00,5000.00,,,,返還,金錢,桃園市平鎮區****,,否,,,,,,,
497,舒翠玲,111年桃園市議員選舉,首次申報,1111216,返還捐贈支出,樂德興業有限公司,42795071,0.00,50000.00,,,,返還,金錢,高雄市左營區****,,否,,,,,,,
498,舒翠玲,111年桃園市議員選舉,首次申報,1111216,返還捐贈支出,館德有限公司,53241529,0.00,50000.00,,,,返還,金錢,高雄市鼓山區****,,否,,,,,,,
499,舒翠玲,111年桃園市議員選舉,首次申報,1111217,雜支支出,樹籽股份有限公司桃園分公司,28973757,0.00,48600.00,,,,餐飲費用,金錢,桃園市中壢區****,,否,,,,,,,
500,舒翠玲,111年桃園市議員選舉,首次申報,1111218,雜支支出,快樂生態休閒農場,08708035,0.00,44000.00,,,,餐飲費用,金錢,桃園市平鎮區****,,否,,,,,,,
501,舒翠玲,111年桃園市議員選舉,首次申報,1111219,租用宣傳車輛支出,GOGORO,,0.00,3169.00,,,,維修宣傳車輛費用,金錢,臺北市松山區****,,否,,,,,,,
502,舒翠玲,111年桃園市議員選舉,首次申報,1111219,交通旅運支出,楓江加油站有限公司,,0.00,1450.00,,,,油資,金錢,新北市泰山區****,,否,,,,,,,
503,舒翠玲,111年桃園市議員選舉,首次申報,1111220,交通旅運支出,全國加油站股份有限公司全國龍岡加油站,,0.00,820.00,,,,油資,金錢,桃園市中壢區****,,否,,,,,,,
504,舒翠玲,111年桃園市議員選舉,首次申報,1111220,雜支支出,順開科技股份有限公司,70438413,0.00,3600.00,,,,水電瓦斯費用,金錢,臺北市中山區****,,否,,,,,,,
505,舒翠玲,111年桃園市議員選舉,首次申報,1111222,租用宣傳車輛支出,匯豐汽車股份有限公司平鎮營業所,13246935,0.00,7763.00,,,,維修宣傳車輛費用,金錢,桃園市平鎮區****,,否,,,,,,,
506,舒翠玲,111年桃園市議員選舉,首次申報,1111223,宣傳支出,中華郵政(股)公司,,0.00,1404.00,,,,郵寄競選物品或宣傳廣告費用,金錢,桃園市中壢區****,,否,,,,,,,
507,舒翠玲,111年桃園市議員選舉,首次申報,1111223,宣傳支出,威亞策略顧問股份有限公司,,0.00,2259.00,,,,發送電信簡訊費用,金錢,臺北市中正區****,,否,,,,,,,
