﻿序號,擬參選人／政黨,選舉名稱,申報序號／年度,交易日期,收支科目,捐贈者／支出對象,身分證／統一編號,收入金額,支出金額,支出用途,金錢類,地址,聯絡電話,資料更正日期
1,楊智淵,109年立法委員選舉,首次申報,1081028,個人捐贈收入,郭長豐,,10000.00,0.00,,金錢,,0970*****,
2,楊智淵,109年立法委員選舉,首次申報,1081123,個人捐贈收入,紀俊五,,2000.00,0.00,,金錢,臺中市豐原區****,04-2*****,
3,楊智淵,109年立法委員選舉,首次申報,1081125,個人捐贈收入,蔡淑芬,,10000.00,0.00,,金錢,臺北市北投區****,,
4,楊智淵,109年立法委員選舉,首次申報,1081128,個人捐贈收入,徐秀娥,,1000.00,0.00,,金錢,高雄市三民區****,0910*****,
5,楊智淵,109年立法委員選舉,首次申報,1090102,個人捐贈收入,粘三元,,3000.00,0.00,,金錢,臺中市北屯區****,0966*****,
