﻿序號,擬參選人／政黨,選舉名稱,申報序號／年度,交易日期,收支科目,捐贈者／支出對象,身分證／統一編號,收入金額,支出金額,支出用途,金錢類,地址,聯絡電話,資料更正日期
1,曾文濤,107年縣(市)議員選舉,首次申報,1070626,個人捐贈收入,許素壁,J22*******,100000.00,0.00,,金錢,新竹市東區明****,0932*****,
2,曾文濤,107年縣(市)議員選舉,首次申報,1070917,匿名捐贈,匿名,,2000.00,0.00,,金錢,,,
3,曾文濤,107年縣(市)議員選舉,首次申報,1071019,人民團體捐贈收入,社團法人新竹市牙醫師公會,,10000.00,0.00,,金錢,光復路二段號****,5229*****,
4,曾文濤,107年縣(市)議員選舉,首次申報,1071020,個人捐贈收入,莊聖誕,J12*******,50000.00,0.00,,金錢,新竹市中正路****,,
5,曾文濤,107年縣(市)議員選舉,首次申報,1071022,匿名捐贈,林智德,,3000.00,0.00,,金錢,,,
6,曾文濤,107年縣(市)議員選舉,首次申報,1071119,個人捐贈收入,林壯杰,J12*******,100000.00,0.00,,金錢,新竹市信義街****,0933*****,
7,曾文濤,107年縣(市)議員選舉,首次申報,1071121,匿名捐贈,羅恭枝,,2000.00,0.00,,金錢,,,
8,曾文濤,107年縣(市)議員選舉,首次申報,1071121,個人捐贈收入,薛文崚,F12*******,10000.00,0.00,,金錢,新竹縣竹北市****,0988*****,
9,曾文濤,107年縣(市)議員選舉,首次申報,1071123,個人捐贈收入,何其霖,J10*******,99000.00,0.00,,金錢,新竹市延平路****,0937*****,
10,曾文濤,107年縣(市)議員選舉,首次申報,1071123,個人捐贈收入,陳雪娥,J20*******,99000.00,0.00,,金錢,新竹市關新二****,0356*****,
11,曾文濤,107年縣(市)議員選舉,首次申報,1071123,個人捐贈收入,何雅菁,J22*******,50000.00,0.00,,金錢,新竹市建功一****,0356*****,
12,曾文濤,107年縣(市)議員選舉,首次申報,1071221,其他收入,利息收入,,20.00,0.00,,金錢,,,
