﻿序號,擬參選人／政黨,選舉名稱,申報序號／年度,交易日期,收支科目,捐贈者／支出對象,身分證／統一編號,收入金額,支出金額,捐贈方式,存入專戶日期,返還/繳庫,支出用途,金錢類,地址,聯絡電話,應揭露之支出對象,支出對象之內部人員姓名,支出對象之內部人員職稱,政黨之內部人員姓名,政黨之內部人員職稱,關係,更正註記,資料更正日期
1,洪婉臻,111年臺北市議員選舉,首次申報,1110506,宣傳支出,施天來,A12*******,0.00,32000.00,,,,租用廣告看板或車體廣告費用,金錢,臺北市萬華區****,,否,,,,,,,
2,洪婉臻,111年臺北市議員選舉,首次申報,1110524,交通旅運支出,山隆加油站,48894204,0.00,500.00,,,,油資,金錢,,,否,,,,,,,
3,洪婉臻,111年臺北市議員選舉,首次申報,1110527,交通旅運支出,山隆加油站,48894204,0.00,500.00,,,,油資,金錢,,,否,,,,,,,
4,洪婉臻,111年臺北市議員選舉,首次申報,1110530,交通旅運支出,台灣中油,01490119,0.00,200.00,,,,油資,金錢,,,否,,,,,,,
5,洪婉臻,111年臺北市議員選舉,首次申報,1110531,交通旅運支出,台灣中油,01490119,0.00,300.00,,,,油資,金錢,,,否,,,,,,,
6,洪婉臻,111年臺北市議員選舉,首次申報,1110601,交通旅運支出,山隆加油站,48894204,0.00,500.00,,,,油資,金錢,,,否,,,,,,,
7,洪婉臻,111年臺北市議員選舉,首次申報,1110601,人事費用支出,王凱立,B12*******,0.00,25000.00,,,,工資或薪津,金錢,臺中市北區頂****,,否,,,,,,,
8,洪婉臻,111年臺北市議員選舉,首次申報,1110602,交通旅運支出,山隆加油站,48894204,0.00,500.00,,,,油資,金錢,,,否,,,,,,,
9,洪婉臻,111年臺北市議員選舉,首次申報,1110605,人事費用支出,陳嘉葦,F12*******,0.00,35000.00,,,,工資或薪津,金錢,新北市三重區****,,否,,,,,,,
10,洪婉臻,111年臺北市議員選舉,首次申報,1110608,交通旅運支出,山隆加油站,48894204,0.00,300.00,,,,油資,金錢,,,否,,,,,,,
11,洪婉臻,111年臺北市議員選舉,首次申報,1110610,交通旅運支出,山隆加油站,48894204,0.00,500.00,,,,油資,金錢,,,否,,,,,,,
12,洪婉臻,111年臺北市議員選舉,首次申報,1110612,交通旅運支出,台灣中油,77145010,0.00,500.00,,,,油資,金錢,,,否,,,,,,,
13,洪婉臻,111年臺北市議員選舉,首次申報,1110615,人事費用支出,莊茗雲,F90*******,0.00,5000.00,,,,工資或薪津,金錢,新北市淡水區****,,否,,,,,,,
14,洪婉臻,111年臺北市議員選舉,首次申報,1110616,交通旅運支出,國園加油站,23541648,0.00,500.00,,,,油資,金錢,,,否,,,,,,,
15,洪婉臻,111年臺北市議員選舉,首次申報,1110619,交通旅運支出,北基蘆洲加油站,09842833,0.00,500.00,,,,油資,金錢,,,否,,,,,,,
16,洪婉臻,111年臺北市議員選舉,首次申報,1110621,交通旅運支出,台灣文創發展股份有限公司,28687500,0.00,100.00,,,,停車費,金錢,臺北市中正區****,,否,,,,,,,
17,洪婉臻,111年臺北市議員選舉,首次申報,1110621,交通旅運支出,台灣中油,36242565,0.00,500.00,,,,油資,金錢,,,否,,,,,,,
18,洪婉臻,111年臺北市議員選舉,首次申報,1110624,交通旅運支出,台灣中油,35051073,0.00,500.00,,,,油資,金錢,,,否,,,,,,,
19,洪婉臻,111年臺北市議員選舉,首次申報,1110626,交通旅運支出,山隆加油站,48894204,0.00,300.00,,,,油資,金錢,,,否,,,,,,,
20,洪婉臻,111年臺北市議員選舉,首次申報,1110627,交通旅運支出,台灣中油,35051073,0.00,500.00,,,,油資,金錢,,,否,,,,,,,
21,洪婉臻,111年臺北市議員選舉,首次申報,1110629,交通旅運支出,台灣中油,35051073,0.00,300.00,,,,油資,金錢,,,否,,,,,,,
22,洪婉臻,111年臺北市議員選舉,首次申報,1110630,集會支出,新合發糕餅行,15383602,0.00,11160.00,,,,餐飲費用,金錢,臺北市萬華區****,,否,,,,,,,
23,洪婉臻,111年臺北市議員選舉,首次申報,1110630,交通旅運支出,台灣中油,77144981,0.00,500.00,,,,油資,金錢,,,否,,,,,,,
24,洪婉臻,111年臺北市議員選舉,首次申報,1110701,交通旅運支出,台灣中油,77144976,0.00,500.00,,,,油資,金錢,,,否,,,,,,,
25,洪婉臻,111年臺北市議員選舉,首次申報,1110701,人事費用支出,王凱立,B12*******,0.00,25000.00,,,,工資或薪津,金錢,臺中市北區頂****,,否,,,,,,,
26,洪婉臻,111年臺北市議員選舉,首次申報,1110702,交通旅運支出,台灣中油,35051073,0.00,500.00,,,,油資,金錢,,,否,,,,,,,
27,洪婉臻,111年臺北市議員選舉,首次申報,1110703,人事費用支出,王維聖,A12*******,0.00,10000.00,,,,工資或薪津,金錢,桃園市桃園區****,,否,,,,,,,
28,洪婉臻,111年臺北市議員選舉,首次申報,1110703,人事費用支出,于絡維,F12*******,0.00,10000.00,,,,工資或薪津,金錢,臺北市萬華區****,,否,,,,,,,
29,洪婉臻,111年臺北市議員選舉,首次申報,1110705,交通旅運支出,台灣中油,35051073,0.00,500.00,,,,油資,金錢,,,否,,,,,,,
30,洪婉臻,111年臺北市議員選舉,首次申報,1110705,交通旅運支出,台灣中油,77144976,0.00,300.00,,,,油資,金錢,,,否,,,,,,,
31,洪婉臻,111年臺北市議員選舉,首次申報,1110705,人事費用支出,陳嘉葦,F12*******,0.00,35000.00,,,,工資或薪津,金錢,新北市三重區****,,否,,,,,,,
32,洪婉臻,111年臺北市議員選舉,首次申報,1110706,交通旅運支出,台灣中油,77144976,0.00,500.00,,,,油資,金錢,,,否,,,,,,,
33,洪婉臻,111年臺北市議員選舉,首次申報,1110707,交通旅運支出,台灣中油,01489458,0.00,500.00,,,,油資,金錢,,,否,,,,,,,
34,洪婉臻,111年臺北市議員選舉,首次申報,1110708,人事費用支出,莊茗雲,F90*******,0.00,5000.00,,,,工資或薪津,金錢,新北市淡水區****,,否,,,,,,,
35,洪婉臻,111年臺北市議員選舉,首次申報,1110709,交通旅運支出,台灣中油,35051073,0.00,400.00,,,,油資,金錢,,,否,,,,,,,
36,洪婉臻,111年臺北市議員選舉,首次申報,1110719,交通旅運支出,合盟有限公司,28015124,0.00,1000.00,,,,油資,金錢,,,否,,,,,,,
37,洪婉臻,111年臺北市議員選舉,首次申報,1110722,交通旅運支出,永錡中正站,70615199,0.00,1000.00,,,,油資,金錢,,,否,,,,,,,
38,洪婉臻,111年臺北市議員選舉,首次申報,1110723,交通旅運支出,永錡中正站,70615199,0.00,1000.00,,,,油資,金錢,,,否,,,,,,,
39,洪婉臻,111年臺北市議員選舉,首次申報,1110726,交通旅運支出,堤頂加油站,12899508,0.00,500.00,,,,油資,金錢,,,否,,,,,,,
40,洪婉臻,111年臺北市議員選舉,首次申報,1110727,交通旅運支出,台灣中油,01606343,0.00,1000.00,,,,油資,金錢,,,否,,,,,,,
41,洪婉臻,111年臺北市議員選舉,首次申報,1110729,集會支出,台北市政府工務局花園路燈工程管理處,04247510,0.00,5000.00,,,,租用場地費用,金錢,臺北市中正區****,,否,,,,,,,
42,洪婉臻,111年臺北市議員選舉,首次申報,1110730,交通旅運支出,台灣中油,35051073,0.00,1000.00,,,,油資,金錢,,,否,,,,,,,
43,洪婉臻,111年臺北市議員選舉,首次申報,1110731,交通旅運支出,台灣中油,77145010,0.00,1000.00,,,,油資,金錢,,,否,,,,,,,
44,洪婉臻,111年臺北市議員選舉,首次申報,1110801,雜支支出,三竹資訊股份有限公司,86136982,0.00,3000.00,,,,雜項購置或修繕費用,金錢,臺北市中山區****,,否,,,,,,,
45,洪婉臻,111年臺北市議員選舉,首次申報,1110801,人事費用支出,王凱立,B12*******,0.00,25000.00,,,,工資或薪津,金錢,臺中市北區頂****,,否,,,,,,,
46,洪婉臻,111年臺北市議員選舉,首次申報,1110801,宣傳支出,蔣嘉益,N12*******,0.00,24000.00,,,,租用廣告看板或車體廣告費用,金錢,臺北市中正區****,,否,,,,,,,
47,洪婉臻,111年臺北市議員選舉,首次申報,1110803,雜支支出,馨都花苑,81709383,0.00,2400.00,,,,雜項購置或修繕費用,金錢,臺北市萬華區****,,否,,,,,,,
48,洪婉臻,111年臺北市議員選舉,首次申報,1110803,交通旅運支出,板橋新月橋站,85232369,0.00,500.00,,,,油資,金錢,,,否,,,,,,,
49,洪婉臻,111年臺北市議員選舉,首次申報,1110804,交通旅運支出,新北市政府交通局,10047779,0.00,90.00,,,,停車費,金錢,新北市板橋區****,,否,,,,,,,
50,洪婉臻,111年臺北市議員選舉,首次申報,1110804,交通旅運支出,新北市政府交通局,10047779,0.00,100.00,,,,停車費,金錢,新北市板橋區****,,否,,,,,,,
51,洪婉臻,111年臺北市議員選舉,首次申報,1110804,交通旅運支出,台北市停車管理處,21101573,0.00,60.00,,,,停車費,金錢,臺北市信義區****,,否,,,,,,,
52,洪婉臻,111年臺北市議員選舉,首次申報,1110804,交通旅運支出,台北市停車管理處,21101573,0.00,30.00,,,,停車費,金錢,臺北市信義區****,,否,,,,,,,
53,洪婉臻,111年臺北市議員選舉,首次申報,1110804,交通旅運支出,台北市停車管理處,21101573,0.00,60.00,,,,停車費,金錢,臺北市信義區****,,否,,,,,,,
54,洪婉臻,111年臺北市議員選舉,首次申報,1110804,交通旅運支出,台北市停車管理處,21101573,0.00,15.00,,,,停車費,金錢,臺北市信義區****,,否,,,,,,,
55,洪婉臻,111年臺北市議員選舉,首次申報,1110804,交通旅運支出,台灣中油,77145010,0.00,1359.00,,,,油資,金錢,,,否,,,,,,,
56,洪婉臻,111年臺北市議員選舉,首次申報,1110805,人事費用支出,莊茗雲,F90*******,0.00,15000.00,,,,工資或薪津,金錢,新北市淡水區****,,否,,,,,,,
57,洪婉臻,111年臺北市議員選舉,首次申報,1110806,交通旅運支出,台灣中油,77144976,0.00,1000.00,,,,油資,金錢,,,否,,,,,,,
58,洪婉臻,111年臺北市議員選舉,首次申報,1110808,交通旅運支出,台灣中油,85232369,0.00,700.00,,,,油資,金錢,,,否,,,,,,,
59,洪婉臻,111年臺北市議員選舉,首次申報,1110809,交通旅運支出,台灣中油,95867072,0.00,700.00,,,,油資,金錢,,,否,,,,,,,
60,洪婉臻,111年臺北市議員選舉,首次申報,1110811,交通旅運支出,長安大樓停車場,25687442,0.00,80.00,,,,停車費,金錢,臺北市中山區****,,否,,,,,,,
61,洪婉臻,111年臺北市議員選舉,首次申報,1110811,交通旅運支出,台灣中油,77145010,0.00,700.00,,,,油資,金錢,,,否,,,,,,,
62,洪婉臻,111年臺北市議員選舉,首次申報,1110812,交通旅運支出,台灣中油,35051073,0.00,1000.00,,,,油資,金錢,,,否,,,,,,,
63,洪婉臻,111年臺北市議員選舉,首次申報,1110812,交通旅運支出,台灣中油,77145010,0.00,1267.00,,,,油資,金錢,,,否,,,,,,,
64,洪婉臻,111年臺北市議員選舉,首次申報,1110813,公共關係費用支出,穎錦花卉園藝社,14870675,0.00,1200.00,,,,聯誼交際費用,金錢,新北市中和區****,,否,,,,,,,
65,洪婉臻,111年臺北市議員選舉,首次申報,1110814,交通旅運支出,臺北農產運銷股份有限公司,04550147,0.00,30.00,,,,停車費,金錢,臺北市中山區****,,否,,,,,,,
66,洪婉臻,111年臺北市議員選舉,首次申報,1110815,交通旅運支出,台灣中油,77144976,0.00,1000.00,,,,油資,金錢,,,否,,,,,,,
67,洪婉臻,111年臺北市議員選舉,首次申報,1110816,交通旅運支出,亞柏加油站,72749027,0.00,1355.00,,,,油資,金錢,,,否,,,,,,,
68,洪婉臻,111年臺北市議員選舉,首次申報,1110817,雜支支出,文泫生活館有限公司,24563958,0.00,70.00,,,,雜項購置或修繕費用,金錢,臺北市萬華區****,,否,,,,,,,
69,洪婉臻,111年臺北市議員選舉,首次申報,1110819,交通旅運支出,台灣中油,77144981,0.00,824.00,,,,油資,金錢,,,否,,,,,,,
70,洪婉臻,111年臺北市議員選舉,首次申報,1110819,交通旅運支出,台灣中油,85232369,0.00,1000.00,,,,油資,金錢,,,否,,,,,,,
71,洪婉臻,111年臺北市議員選舉,首次申報,1110820,交通旅運支出,台灣中油,77144976,0.00,1000.00,,,,油資,金錢,,,否,,,,,,,
72,洪婉臻,111年臺北市議員選舉,首次申報,1110821,交通旅運支出,城市車旅,88102734,0.00,40.00,,,,停車費,金錢,新北市中和區****,,否,,,,,,,
73,洪婉臻,111年臺北市議員選舉,首次申報,1110822,交通旅運支出,台灣中油,77145010,0.00,1000.00,,,,油資,金錢,,,否,,,,,,,
74,洪婉臻,111年臺北市議員選舉,首次申報,1110823,交通旅運支出,新北市政府交通局,10047779,0.00,45.00,,,,停車費,金錢,新北市板橋區****,,否,,,,,,,
75,洪婉臻,111年臺北市議員選舉,首次申報,1110823,交通旅運支出,台北市停車管理處,21101573,0.00,205.00,,,,停車費,金錢,臺北市信義區****,,否,,,,,,,
76,洪婉臻,111年臺北市議員選舉,首次申報,1110823,交通旅運支出,陽光市民加油站,31815058,0.00,1000.00,,,,油資,金錢,,,否,,,,,,,
77,洪婉臻,111年臺北市議員選舉,首次申報,1110824,交通旅運支出,台灣中油,85232369,0.00,1232.00,,,,油資,金錢,,,否,,,,,,,
78,洪婉臻,111年臺北市議員選舉,首次申報,1110824,人事費用支出,廖科源,P12*******,0.00,32000.00,,,,工資或薪津,金錢,新北市板橋區****,,否,,,,,,,
79,洪婉臻,111年臺北市議員選舉,首次申報,1110826,交通旅運支出,台灣中油,01802112,0.00,1000.00,,,,油資,金錢,,,否,,,,,,,
80,洪婉臻,111年臺北市議員選舉,首次申報,1110826,雜支支出,台灣萬事達金流股份有限公司,80013554,0.00,886.00,,,,雜項購置或修繕費用,金錢,臺北市中正區****,,否,,,,,,,
81,洪婉臻,111年臺北市議員選舉,首次申報,1110828,交通旅運支出,台灣中油,77144976,0.00,1000.00,,,,油資,金錢,,,否,,,,,,,
82,洪婉臻,111年臺北市議員選舉,首次申報,1110830,交通旅運支出,山隆加油站,48894197,0.00,1000.00,,,,油資,金錢,,,否,,,,,,,
83,洪婉臻,111年臺北市議員選舉,首次申報,1110831,集會支出,新合發糕餅行,15383602,0.00,23920.00,,,,餐飲費用,金錢,臺北市萬華區****,,否,,,,,,,
84,洪婉臻,111年臺北市議員選舉,首次申報,1110901,雜支支出,文泫生活館有限公司,24563958,0.00,377.00,,,,雜項購置或修繕費用,金錢,臺北市萬華區****,,否,,,,,,,
85,洪婉臻,111年臺北市議員選舉,首次申報,1110901,雜支支出,文泫生活館有限公司,24563958,0.00,50.00,,,,雜項購置或修繕費用,金錢,臺北市萬華區****,,否,,,,,,,
86,洪婉臻,111年臺北市議員選舉,首次申報,1110901,交通旅運支出,台灣中油,77144981,0.00,800.00,,,,油資,金錢,,,否,,,,,,,
87,洪婉臻,111年臺北市議員選舉,首次申報,1110901,人事費用支出,王凱立,B12*******,0.00,25000.00,,,,工資或薪津,金錢,臺中市北區頂****,,否,,,,,,,
88,洪婉臻,111年臺北市議員選舉,首次申報,1110904,雜支支出,統一超商股份有限公司,22555003,0.00,100.00,,,,雜項購置或修繕費用,金錢,臺北市松山區****,,否,,,,,,,
89,洪婉臻,111年臺北市議員選舉,首次申報,1110904,交通旅運支出,台灣中油,77144976,0.00,1000.00,,,,油資,金錢,,,否,,,,,,,
90,洪婉臻,111年臺北市議員選舉,首次申報,1110904,人事費用支出,莊茗雲,F90*******,0.00,24258.00,,,,工資或薪津,金錢,新北市淡水區****,,否,,,,,,,
91,洪婉臻,111年臺北市議員選舉,首次申報,1110906,雜支支出,統一超商股份有限公司,22555003,0.00,180.00,,,,雜項購置或修繕費用,金錢,臺北市松山區****,,否,,,,,,,
92,洪婉臻,111年臺北市議員選舉,首次申報,1110908,雜支支出,統一超商股份有限公司,22555003,0.00,216.00,,,,雜項購置或修繕費用,金錢,臺北市松山區****,,否,,,,,,,
93,洪婉臻,111年臺北市議員選舉,首次申報,1110908,交通旅運支出,國園加油站,23541648,0.00,1000.00,,,,油資,金錢,,,否,,,,,,,
94,洪婉臻,111年臺北市議員選舉,首次申報,1110909,雜支支出,文泫生活館有限公司,24563958,0.00,505.00,,,,雜項購置或修繕費用,金錢,臺北市萬華區****,,否,,,,,,,
95,洪婉臻,111年臺北市議員選舉,首次申報,1110910,人事費用支出,蘇冠瑜,A12*******,0.00,18660.00,,,,工資或薪津,金錢,臺北市萬華區****,,否,,,,,,,
96,洪婉臻,111年臺北市議員選舉,首次申報,1110911,交通旅運支出,台灣中油,77144976,0.00,1000.00,,,,油資,金錢,,,否,,,,,,,
97,洪婉臻,111年臺北市議員選舉,首次申報,1110912,雜支支出,文泫生活館有限公司,24563958,0.00,978.00,,,,雜項購置或修繕費用,金錢,臺北市萬華區****,,否,,,,,,,
98,洪婉臻,111年臺北市議員選舉,首次申報,1110912,雜支支出,嘉政國際有限公司,54177638,0.00,25.00,,,,雜項購置或修繕費用,金錢,臺北市萬華區****,,否,,,,,,,
99,洪婉臻,111年臺北市議員選舉,首次申報,1110912,雜支支出,台灣萬事達金流股份有限公司,80013554,0.00,222.00,,,,雜項購置或修繕費用,金錢,臺北市中正區****,,否,,,,,,,
100,洪婉臻,111年臺北市議員選舉,首次申報,1110913,雜支支出,文泫生活館有限公司,24563958,0.00,184.00,,,,雜項購置或修繕費用,金錢,臺北市萬華區****,,否,,,,,,,
101,洪婉臻,111年臺北市議員選舉,首次申報,1110914,雜支支出,永鉅事務機器有限公司,84542211,0.00,9450.00,,,,雜項購置或修繕費用,金錢,新北市蘆洲區****,,否,,,,,,,
102,洪婉臻,111年臺北市議員選舉,首次申報,1110915,交通旅運支出,永錡中正站,70615199,0.00,1000.00,,,,油資,金錢,,,否,,,,,,,
103,洪婉臻,111年臺北市議員選舉,首次申報,1110915,雜支支出,台灣萬事達金流股份有限公司,80013554,0.00,2202.00,,,,雜項購置或修繕費用,金錢,臺北市中正區****,,否,,,,,,,
104,洪婉臻,111年臺北市議員選舉,首次申報,1110918,雜支支出,文泫生活館有限公司,24563958,0.00,291.00,,,,雜項購置或修繕費用,金錢,臺北市萬華區****,,否,,,,,,,
105,洪婉臻,111年臺北市議員選舉,首次申報,1110918,交通旅運支出,台灣中油,77144976,0.00,1000.00,,,,油資,金錢,,,否,,,,,,,
106,洪婉臻,111年臺北市議員選舉,首次申報,1110920,交通旅運支出,車容坊五洲站,31444084,0.00,1000.00,,,,油資,金錢,,,否,,,,,,,
107,洪婉臻,111年臺北市議員選舉,首次申報,1110921,雜支支出,文泫生活館有限公司,24563958,0.00,59.00,,,,雜項購置或修繕費用,金錢,臺北市萬華區****,,否,,,,,,,
108,洪婉臻,111年臺北市議員選舉,首次申報,1110923,交通旅運支出,台灣中油,77144976,0.00,1000.00,,,,油資,金錢,,,否,,,,,,,
109,洪婉臻,111年臺北市議員選舉,首次申報,1110925,交通旅運支出,台灣中油,77145010,0.00,1000.00,,,,油資,金錢,,,否,,,,,,,
110,洪婉臻,111年臺北市議員選舉,首次申報,1110926,宣傳支出,龍杰美術廣告室內裝潢有限公司,04343963,0.00,39480.00,,,,製作競選物品或宣傳廣告費用（物品名稱-廣告看板）,金錢,新北市三重區****,,否,,,,,,,
111,洪婉臻,111年臺北市議員選舉,首次申報,1110926,雜支支出,台灣萬事達金流股份有限公司,80013554,0.00,2202.00,,,,雜項購置或修繕費用,金錢,臺北市中正區****,,否,,,,,,,
112,洪婉臻,111年臺北市議員選舉,首次申報,1110927,集會支出,台北市政府工務局花園路燈工程管理處,04247510,0.00,7500.00,,,,租用場地費用,金錢,臺北市中正區****,,否,,,,,,,
113,洪婉臻,111年臺北市議員選舉,首次申報,1110927,雜支支出,文泫生活館有限公司,24563958,0.00,65.00,,,,雜項購置或修繕費用,金錢,臺北市萬華區****,,否,,,,,,,
114,洪婉臻,111年臺北市議員選舉,首次申報,1110928,雜支支出,文泫生活館有限公司,24563958,0.00,43.00,,,,雜項購置或修繕費用,金錢,臺北市萬華區****,,否,,,,,,,
115,洪婉臻,111年臺北市議員選舉,首次申報,1110928,交通旅運支出,山隆加油站,48894204,0.00,1000.00,,,,油資,金錢,,,否,,,,,,,
116,洪婉臻,111年臺北市議員選舉,首次申報,1110929,雜支支出,中華郵政股份有限公司台北莒光郵局,03717062,0.00,9324.00,,,,電信費用,金錢,臺北市萬華區****,,否,,,,,,,
117,洪婉臻,111年臺北市議員選舉,首次申報,1110929,雜支支出,中華郵政股份有限公司台北莒光郵局,03717062,0.00,3027.00,,,,電信費用,金錢,臺北市萬華區****,,否,,,,,,,
118,洪婉臻,111年臺北市議員選舉,首次申報,1110929,雜支支出,中華郵政股份有限公司台北莒光郵局,03717062,0.00,1026.00,,,,電信費用,金錢,臺北市萬華區****,,否,,,,,,,
119,洪婉臻,111年臺北市議員選舉,首次申報,1110929,宣傳支出,采薇廣告有限公司,28802706,0.00,15204.00,,,,製作競選物品或宣傳廣告費用（物品名稱-印刷品）,金錢,新北市淡水區****,,否,,,,,,,
120,洪婉臻,111年臺北市議員選舉,首次申報,1110930,集會支出,新合發糕餅行,15383602,0.00,22590.00,,,,餐飲費用,金錢,臺北市萬華區****,,否,,,,,,,
121,洪婉臻,111年臺北市議員選舉,首次申報,1110930,雜支支出,文泫生活館有限公司,24563958,0.00,303.00,,,,雜項購置或修繕費用,金錢,臺北市萬華區****,,否,,,,,,,
122,洪婉臻,111年臺北市議員選舉,首次申報,1110930,雜支支出,美和盛股份有限公司,84768202,0.00,21315.00,,,,雜項購置或修繕費用,金錢,臺北市北投區****,,否,,,,,,,
123,洪婉臻,111年臺北市議員選舉,首次申報,1111001,交通旅運支出,台灣中油,01490119,0.00,1000.00,,,,油資,金錢,,,否,,,,,,,
124,洪婉臻,111年臺北市議員選舉,首次申報,1111001,人事費用支出,王凱立,B12*******,0.00,30000.00,,,,工資或薪津,金錢,臺中市北區頂****,,否,,,,,,,
125,洪婉臻,111年臺北市議員選舉,首次申報,1111003,交通旅運支出,台灣中油,77144976,0.00,1000.00,,,,油資,金錢,,,否,,,,,,,
126,洪婉臻,111年臺北市議員選舉,首次申報,1111003,人事費用支出,蘇冠瑜,A12*******,0.00,28000.00,,,,工資或薪津,金錢,臺北市萬華區****,,否,,,,,,,
127,洪婉臻,111年臺北市議員選舉,首次申報,1111003,人事費用支出,莊茗雲,F90*******,0.00,24268.00,,,,工資或薪津,金錢,新北市淡水區****,,否,,,,,,,
128,洪婉臻,111年臺北市議員選舉,首次申報,1111004,宣傳支出,采薇廣告有限公司,28802706,0.00,15750.00,,,,製作競選物品或宣傳廣告費用（物品名稱-印刷品）,金錢,新北市淡水區****,,否,,,,,,,
129,洪婉臻,111年臺北市議員選舉,首次申報,1111004,雜支支出,國泰世華銀行-萬華分行,70818737,0.00,30.00,,,,雜項購置或修繕費用,金錢,臺北市萬華區****,,否,,,,,,,
130,洪婉臻,111年臺北市議員選舉,首次申報,1111004,雜支支出,國泰世華銀行-萬華分行,70818737,0.00,30.00,,,,雜項購置或修繕費用,金錢,臺北市萬華區****,,否,,,,,,,
131,洪婉臻,111年臺北市議員選舉,首次申報,1111006,雜支支出,台灣電力公司台北市區營業處,03765704,0.00,804.00,,,,水電瓦斯費用,金錢,臺北市大安區****,,否,,,,,,,
132,洪婉臻,111年臺北市議員選舉,首次申報,1111006,雜支支出,臺北自來水事業處西區營業分處,03774909,0.00,345.00,,,,水電瓦斯費用,金錢,臺北市中正區****,,否,,,,,,,
133,洪婉臻,111年臺北市議員選舉,首次申報,1111006,雜支支出,金金實業社,17448546,0.00,550.00,,,,雜項購置或修繕費用,金錢,新北市板橋區****,,否,,,,,,,
134,洪婉臻,111年臺北市議員選舉,首次申報,1111006,交通旅運支出,山隆加油站,48894204,0.00,1000.00,,,,油資,金錢,,,否,,,,,,,
135,洪婉臻,111年臺北市議員選舉,首次申報,1111007,雜支支出,統一超商股份有限公司,22555003,0.00,316.00,,,,雜項購置或修繕費用,金錢,臺北市松山區****,,否,,,,,,,
136,洪婉臻,111年臺北市議員選舉,首次申報,1111007,宣傳支出,傳達派報社,42428688,0.00,64995.00,,,,製作競選物品或宣傳廣告費用（物品名稱-印刷品）,金錢,臺北市萬華區****,,否,,,,,,,
137,洪婉臻,111年臺北市議員選舉,首次申報,1111008,雜支支出,尉新科技事業有限公司,84906710,0.00,20000.00,,,,雜項購置或修繕費用,金錢,臺北市萬華區****,,否,,,,,,,
138,洪婉臻,111年臺北市議員選舉,首次申報,1111010,交通旅運支出,台灣中油,77145010,0.00,1000.00,,,,油資,金錢,,,否,,,,,,,
139,洪婉臻,111年臺北市議員選舉,首次申報,1111011,宣傳支出,色彩創意廣告印刷,24209562,0.00,1008.00,,,,製作競選物品或宣傳廣告費用（物品名稱-印刷品）,金錢,新北市新莊區****,,否,,,,,,,
140,洪婉臻,111年臺北市議員選舉,首次申報,1111012,雜支支出,河馬攝影社,76861632,0.00,3600.00,,,,雜項購置或修繕費用,金錢,新北市三重區****,,否,,,,,,,
141,洪婉臻,111年臺北市議員選舉,首次申報,1111012,雜支支出,三竹資訊股份有限公司,86136982,0.00,3000.00,,,,雜項購置或修繕費用,金錢,臺北市中山區****,,否,,,,,,,
142,洪婉臻,111年臺北市議員選舉,首次申報,1111013,交通旅運支出,山隆加油站,48894204,0.00,1000.00,,,,油資,金錢,,,否,,,,,,,
143,洪婉臻,111年臺北市議員選舉,首次申報,1111014,公共關係費用支出,馨都花苑,81709383,0.00,3800.00,,,,聯誼交際費用,金錢,臺北市萬華區****,,否,,,,,,,
144,洪婉臻,111年臺北市議員選舉,首次申報,1111015,人事費用支出,王晞璋,A13*******,0.00,2975.00,,,,工資或薪津,金錢,臺北市大同區****,,否,,,,,,,
145,洪婉臻,111年臺北市議員選舉,首次申報,1111015,人事費用支出,林紓榕,A22*******,0.00,5355.00,,,,工資或薪津,金錢,臺北市萬華區****,,否,,,,,,,
146,洪婉臻,111年臺北市議員選舉,首次申報,1111015,人事費用支出,李維杰,F13*******,0.00,1020.00,,,,工資或薪津,金錢,新北市三重區****,,否,,,,,,,
147,洪婉臻,111年臺北市議員選舉,首次申報,1111015,人事費用支出,陳威安,F13*******,0.00,3230.00,,,,工資或薪津,金錢,新北市土城區****,,否,,,,,,,
148,洪婉臻,111年臺北市議員選舉,首次申報,1111015,人事費用支出,劉瑋祈,F22*******,0.00,1615.00,,,,工資或薪津,金錢,臺北市文山區****,,否,,,,,,,
149,洪婉臻,111年臺北市議員選舉,首次申報,1111016,交通旅運支出,台灣中油,77144976,0.00,1000.00,,,,油資,金錢,,,否,,,,,,,
150,洪婉臻,111年臺北市議員選舉,首次申報,1111017,雜支支出,中華郵政股份有限公司台北莒光郵局,03717062,0.00,120.00,,,,電信費用,金錢,臺北市萬華區****,,否,,,,,,,
151,洪婉臻,111年臺北市議員選舉,首次申報,1111017,宣傳支出,巨勳廣告工程有限公司,27397715,0.00,278901.00,,,,播放、傳送或刊登宣傳廣告費用,金錢,新北市板橋區****,,否,,,,,,,
152,洪婉臻,111年臺北市議員選舉,首次申報,1111018,人事費用支出,林靖家,A12*******,0.00,2720.00,,,,工資或薪津,金錢,臺北市信義區****,,否,,,,,,,
153,洪婉臻,111年臺北市議員選舉,首次申報,1111018,人事費用支出,陳浩維,J12*******,0.00,2805.00,,,,工資或薪津,金錢,新北市板橋區****,,否,,,,,,,
154,洪婉臻,111年臺北市議員選舉,首次申報,1111019,宣傳支出,創新煙花禮品有限公司,28102056,0.00,157250.00,,,,製作競選物品或宣傳廣告費用（物品名稱-印刷品）,金錢,新北市中和區****,,否,,,,,,,
155,洪婉臻,111年臺北市議員選舉,首次申報,1111019,交通旅運支出,山隆加油站,48894204,0.00,1000.00,,,,油資,金錢,,,否,,,,,,,
156,洪婉臻,111年臺北市議員選舉,首次申報,1111019,雜支支出,中華電信股份有限公司,81691784,0.00,2817.00,,,,電信費用,金錢,臺北市大安區****,,否,,,,,,,
157,洪婉臻,111年臺北市議員選舉,首次申報,1111019,雜支支出,中華電信股份有限公司,81691784,0.00,4287.00,,,,電信費用,金錢,臺北市大安區****,,否,,,,,,,
158,洪婉臻,111年臺北市議員選舉,首次申報,1111019,人事費用支出,余姵萱,E22*******,0.00,3995.00,,,,工資或薪津,金錢,高雄市左營區****,,否,,,,,,,
159,洪婉臻,111年臺北市議員選舉,首次申報,1111020,人事費用支出,蘇麗雲,A22*******,0.00,5395.00,,,,工資或薪津,金錢,新北市三重區****,,否,,,,,,,
160,洪婉臻,111年臺北市議員選舉,首次申報,1111020,人事費用支出,涂淑娟,E22*******,0.00,1830.00,,,,工資或薪津,金錢,新北市蘆洲區****,,否,,,,,,,
161,洪婉臻,111年臺北市議員選舉,首次申報,1111020,人事費用支出,張恩榕,F12*******,0.00,2805.00,,,,工資或薪津,金錢,新北市新店區****,,否,,,,,,,
162,洪婉臻,111年臺北市議員選舉,首次申報,1111020,人事費用支出,黃凱筠,F22*******,0.00,850.00,,,,工資或薪津,金錢,新北市三重區****,,否,,,,,,,
163,洪婉臻,111年臺北市議員選舉,首次申報,1111020,人事費用支出,許幃婷,F22*******,0.00,4185.00,,,,工資或薪津,金錢,新北市蘆洲區****,,否,,,,,,,
164,洪婉臻,111年臺北市議員選舉,首次申報,1111020,人事費用支出,吳明珠,F22*******,0.00,4375.00,,,,工資或薪津,金錢,新北市三重區****,,否,,,,,,,
165,洪婉臻,111年臺北市議員選舉,首次申報,1111020,人事費用支出,林佳貞,F22*******,0.00,6445.00,,,,工資或薪津,金錢,新北市三重區****,,否,,,,,,,
166,洪婉臻,111年臺北市議員選舉,首次申報,1111020,人事費用支出,陳淑瑜,M22*******,0.00,3485.00,,,,工資或薪津,金錢,新北市板橋區****,,否,,,,,,,
167,洪婉臻,111年臺北市議員選舉,首次申報,1111020,人事費用支出,許嘉恩,N22*******,0.00,6875.00,,,,工資或薪津,金錢,新北市三重區****,,否,,,,,,,
168,洪婉臻,111年臺北市議員選舉,首次申報,1111020,人事費用支出,廖昭碧,P20*******,0.00,1130.00,,,,工資或薪津,金錢,新北市三重區****,,否,,,,,,,
169,洪婉臻,111年臺北市議員選舉,首次申報,1111021,集會支出,台北市政府工務局花園路燈工程管理處,04247510,0.00,5000.00,,,,租用場地費用,金錢,臺北市中正區****,,否,,,,,,,
170,洪婉臻,111年臺北市議員選舉,首次申報,1111021,集會支出,台北市政府工務局花園路燈工程管理處,04247510,0.00,5000.00,,,,租用場地費用,金錢,臺北市中正區****,,否,,,,,,,
171,洪婉臻,111年臺北市議員選舉,首次申報,1111021,交通旅運支出,台灣中油,77144976,0.00,1000.00,,,,油資,金錢,,,否,,,,,,,
172,洪婉臻,111年臺北市議員選舉,首次申報,1111022,宣傳支出,鎮城廣告企業社,31950005,0.00,10784.00,,,,其他與選舉宣傳有關之費用,金錢,臺北市萬華區****,,否,,,,,,,
173,洪婉臻,111年臺北市議員選舉,首次申報,1111024,雜支支出,宏遠電訊股份有限公司,16087137,0.00,5964.00,,,,電信費用,金錢,臺北市內湖區****,,否,,,,,,,
174,洪婉臻,111年臺北市議員選舉,首次申報,1111024,交通旅運支出,台灣中油,77145010,0.00,1000.00,,,,油資,金錢,,,否,,,,,,,
175,洪婉臻,111年臺北市議員選舉,首次申報,1111025,雜支支出,美和盛股份有限公司,84768202,0.00,10185.00,,,,雜項購置或修繕費用,金錢,臺北市北投區****,,否,,,,,,,
176,洪婉臻,111年臺北市議員選舉,首次申報,1111026,宣傳支出,業昇印刷事業股份有限公司,22880985,0.00,5500.00,,,,製作競選物品或宣傳廣告費用（物品名稱-貼紙）,金錢,臺北市中正區****,,否,,,,,,,
177,洪婉臻,111年臺北市議員選舉,首次申報,1111027,交通旅運支出,車容坊五洲站,31444084,0.00,1000.00,,,,油資,金錢,,,否,,,,,,,
178,洪婉臻,111年臺北市議員選舉,首次申報,1111029,雜支支出,台灣電力公司台北市區營業處,03765704,0.00,1480.00,,,,水電瓦斯費用,金錢,臺北市大安區****,,否,,,,,,,
179,洪婉臻,111年臺北市議員選舉,首次申報,1111030,交通旅運支出,山隆加油站,48894204,0.00,1000.00,,,,油資,金錢,,,否,,,,,,,
180,洪婉臻,111年臺北市議員選舉,首次申報,1111031,集會支出,新合發糕餅行,15383602,0.00,18100.00,,,,餐飲費用,金錢,臺北市萬華區****,,否,,,,,,,
181,洪婉臻,111年臺北市議員選舉,首次申報,1111031,宣傳支出,采薇廣告有限公司,28802706,0.00,17052.00,,,,製作競選物品或宣傳廣告費用（物品名稱-印刷品）,金錢,新北市淡水區****,,否,,,,,,,
182,洪婉臻,111年臺北市議員選舉,首次申報,1111031,宣傳支出,鎮城廣告企業社,31950005,0.00,21095.00,,,,製作競選物品或宣傳廣告費用（物品名稱-廣告看版）,金錢,臺北市萬華區****,,否,,,,,,,
183,洪婉臻,111年臺北市議員選舉,首次申報,1111101,宣傳支出,金興廣告有限公司,28629066,0.00,33600.00,,,,播放、傳送或刊登宣傳廣告費用,金錢,新北市五股區****,,否,,,,,,,
184,洪婉臻,111年臺北市議員選舉,首次申報,1111101,宣傳支出,喬新廣告社,88071541,0.00,84000.00,,,,租用廣告看板或車體廣告費用,金錢,高雄市三民區****,,否,,,,,,,
185,洪婉臻,111年臺北市議員選舉,首次申報,1111101,人事費用支出,王凱立,B12*******,0.00,30000.00,,,,工資或薪津,金錢,臺中市北區頂****,,否,,,,,,,
186,洪婉臻,111年臺北市議員選舉,首次申報,1111102,交通旅運支出,車容坊五洲站,31444084,0.00,1000.00,,,,油資,金錢,,,否,,,,,,,
187,洪婉臻,111年臺北市議員選舉,首次申報,1111104,集會支出,台北市政府工務局花園路燈工程管理處,04247510,0.00,5000.00,,,,租用場地費用,金錢,臺北市中正區****,,否,,,,,,,
188,洪婉臻,111年臺北市議員選舉,首次申報,1111104,人事費用支出,林靖家,A12*******,0.00,4760.00,,,,工資或薪津,金錢,臺北市信義區****,,否,,,,,,,
189,洪婉臻,111年臺北市議員選舉,首次申報,1111104,人事費用支出,余姵萱,E22*******,0.00,6630.00,,,,工資或薪津,金錢,高雄市左營區****,,否,,,,,,,
190,洪婉臻,111年臺北市議員選舉,首次申報,1111104,人事費用支出,陳浩維,J12*******,0.00,5695.00,,,,工資或薪津,金錢,新北市板橋區****,,否,,,,,,,
191,洪婉臻,111年臺北市議員選舉,首次申報,1111104,人事費用支出,陳弘祥,L12*******,0.00,2890.00,,,,工資或薪津,金錢,臺北市萬華區****,,否,,,,,,,
192,洪婉臻,111年臺北市議員選舉,首次申報,1111105,雜支支出,祥發電器行,26264499,0.00,1400.00,,,,雜項購置或修繕費用,金錢,臺北市萬華區****,,否,,,,,,,
193,洪婉臻,111年臺北市議員選舉,首次申報,1111105,宣傳支出,采冠廣告設計社,48725030,0.00,3560.00,,,,製作競選物品或宣傳廣告費用（物品名稱-貼紙等）,金錢,臺北市萬華區****,,否,,,,,,,
194,洪婉臻,111年臺北市議員選舉,首次申報,1111105,宣傳支出,采冠廣告設計社,48725030,0.00,3035.00,,,,製作競選物品或宣傳廣告費用（物品名稱-印刷品等）,金錢,臺北市萬華區****,,否,,,,,,,
195,洪婉臻,111年臺北市議員選舉,首次申報,1111105,宣傳支出,采冠廣告設計社,48725030,0.00,12915.00,,,,製作競選物品或宣傳廣告費用（物品名稱-印刷品）,金錢,臺北市萬華區****,,否,,,,,,,
196,洪婉臻,111年臺北市議員選舉,首次申報,1111105,交通旅運支出,台灣中油,77144976,0.00,1000.00,,,,油資,金錢,,,否,,,,,,,
197,洪婉臻,111年臺北市議員選舉,首次申報,1111105,人事費用支出,劉瑋祈,F22*******,0.00,1360.00,,,,工資或薪津,金錢,臺北市文山區****,,否,,,,,,,
198,洪婉臻,111年臺北市議員選舉,首次申報,1111105,人事費用支出,莊茗雲,F90*******,0.00,24388.00,,,,工資或薪津,金錢,新北市淡水區****,,否,,,,,,,
199,洪婉臻,111年臺北市議員選舉,首次申報,1111106,人事費用支出,蘇冠瑜,A12*******,0.00,30000.00,,,,工資或薪津,金錢,臺北市萬華區****,,否,,,,,,,
200,洪婉臻,111年臺北市議員選舉,首次申報,1111108,宣傳支出,采薇廣告有限公司,28802706,0.00,20370.00,,,,製作競選物品或宣傳廣告費用（物品名稱-印刷品）,金錢,新北市淡水區****,,否,,,,,,,
201,洪婉臻,111年臺北市議員選舉,首次申報,1111108,交通旅運支出,山隆加油站,48894204,0.00,1000.00,,,,油資,金錢,,,否,,,,,,,
202,洪婉臻,111年臺北市議員選舉,首次申報,1111109,宣傳支出,洪偉修,A12*******,0.00,19000.00,,,,租用廣告看板或車體廣告費用,金錢,臺北市萬華區****,,否,,,,,,,
203,洪婉臻,111年臺北市議員選舉,首次申報,1111110,雜支支出,徐仕達創意工作坊,85310619,0.00,11000.00,,,,雜項購置或修繕費用,金錢,花蓮縣吉安鄉****,,否,,,,,,,
204,洪婉臻,111年臺北市議員選舉,首次申報,1111111,交通旅運支出,台灣中油,01802099,0.00,1000.00,,,,油資,金錢,,,否,,,,,,,
205,洪婉臻,111年臺北市議員選舉,首次申報,1111111,宣傳支出,創新煙花禮品有限公司,28102056,0.00,78750.00,,,,製作競選物品或宣傳廣告費用（物品名稱-印刷品）,金錢,新北市中和區****,,否,,,,,,,
206,洪婉臻,111年臺北市議員選舉,首次申報,1111112,雜支支出,輝璜有限公司,79950145,0.00,27000.00,,,,雜項購置或修繕費用,金錢,新北市泰山區****,,否,,,,,,,
207,洪婉臻,111年臺北市議員選舉,首次申報,1111113,交通旅運支出,山隆加油站,48894204,0.00,1000.00,,,,油資,金錢,,,否,,,,,,,
208,洪婉臻,111年臺北市議員選舉,首次申報,1111115,宣傳支出,鎮城廣告企業社,31950005,0.00,4620.00,,,,製作競選物品或宣傳廣告費用（物品名稱-廣告看板）,金錢,臺北市萬華區****,,否,,,,,,,
209,洪婉臻,111年臺北市議員選舉,首次申報,1111116,交通旅運支出,山隆加油站,48894204,0.00,1000.00,,,,油資,金錢,,,否,,,,,,,
210,洪婉臻,111年臺北市議員選舉,首次申報,1111116,雜支支出,台灣萬事達金流股份有限公司,80013554,0.00,27.00,,,,雜項購置或修繕費用,金錢,臺北市中正區****,,否,,,,,,,
211,洪婉臻,111年臺北市議員選舉,首次申報,1111117,雜支支出,台灣電力公司台北市區營業處,03765704,0.00,1272.00,,,,水電瓦斯費用,金錢,臺北市大安區****,,否,,,,,,,
212,洪婉臻,111年臺北市議員選舉,首次申報,1111117,宣傳支出,鎮城廣告企業社,31950005,0.00,6930.00,,,,製作競選物品或宣傳廣告費用（物品名稱-廣告看板）,金錢,臺北市萬華區****,,否,,,,,,,
213,洪婉臻,111年臺北市議員選舉,首次申報,1111117,雜支支出,中華電信股份有限公司,81691784,0.00,1287.00,,,,電信費用,金錢,臺北市大安區****,,否,,,,,,,
214,洪婉臻,111年臺北市議員選舉,首次申報,1111117,雜支支出,中華電信股份有限公司,81691784,0.00,553.00,,,,電信費用,金錢,臺北市大安區****,,否,,,,,,,
215,洪婉臻,111年臺北市議員選舉,首次申報,1111118,雜支支出,中華郵政股份有限公司台北莒光郵局,03717062,0.00,9986.00,,,,電信費用,金錢,臺北市萬華區****,,否,,,,,,,
216,洪婉臻,111年臺北市議員選舉,首次申報,1111118,宣傳支出,東銘印刷品行,27165102,0.00,9500.00,,,,製作競選物品或宣傳廣告費用（物品名稱-印刷品）,金錢,臺北市士林區****,,否,,,,,,,
217,洪婉臻,111年臺北市議員選舉,首次申報,1111120,交通旅運支出,聯新加油站,70599634,0.00,1000.00,,,,油資,金錢,,,否,,,,,,,
218,洪婉臻,111年臺北市議員選舉,首次申報,1111121,雜支支出,台灣萬事達金流股份有限公司,80013554,0.00,1102.00,,,,雜項購置或修繕費用,金錢,臺北市中正區****,,否,,,,,,,
219,洪婉臻,111年臺北市議員選舉,首次申報,1111121,宣傳支出,綠色和平廣播股份有限公司,89339531,0.00,100000.00,,,,播放、傳送或刊登宣傳廣告費用,金錢,新北市三重區****,,否,,,,,,,
220,洪婉臻,111年臺北市議員選舉,首次申報,1111122,交通旅運支出,台灣中油,01802133,0.00,120.00,,,,油資,金錢,,,否,,,,,,,
221,洪婉臻,111年臺北市議員選舉,首次申報,1111122,雜支支出,中華郵政股份有限公司台北莒光郵局,03717062,0.00,40.00,,,,電信費用,金錢,臺北市萬華區****,,否,,,,,,,
222,洪婉臻,111年臺北市議員選舉,首次申報,1111122,雜支支出,宏遠電訊股份有限公司,16087137,0.00,10241.00,,,,電信費用,金錢,臺北市內湖區****,,否,,,,,,,
223,洪婉臻,111年臺北市議員選舉,首次申報,1111122,交通旅運支出,車容坊五洲站,31444084,0.00,1000.00,,,,油資,金錢,,,否,,,,,,,
224,洪婉臻,111年臺北市議員選舉,首次申報,1111122,宣傳支出,采冠廣告設計社,48725030,0.00,1680.00,,,,製作競選物品或宣傳廣告費用（物品名稱-印刷品）,金錢,臺北市萬華區****,,否,,,,,,,
225,洪婉臻,111年臺北市議員選舉,首次申報,1111122,宣傳支出,采冠廣告設計社,48725030,0.00,6993.00,,,,製作競選物品或宣傳廣告費用（物品名稱-印刷品）,金錢,臺北市萬華區****,,否,,,,,,,
226,洪婉臻,111年臺北市議員選舉,首次申報,1111123,宣傳支出,思恩廣告有限公司,27969397,0.00,8274.00,,,,播放、傳送或刊登宣傳廣告費用,金錢,臺北市萬華區****,,否,,,,,,,
227,洪婉臻,111年臺北市議員選舉,首次申報,1111123,宣傳支出,思恩廣告有限公司,27969397,0.00,47460.00,,,,播放、傳送或刊登宣傳廣告費用,金錢,臺北市萬華區****,,否,,,,,,,
228,洪婉臻,111年臺北市議員選舉,首次申報,1111124,宣傳支出,采冠廣告設計社,48725030,0.00,19688.00,,,,製作競選物品或宣傳廣告費用（物品名稱-印刷品）,金錢,臺北市萬華區****,,否,,,,,,,
229,洪婉臻,111年臺北市議員選舉,首次申報,1111125,交通旅運支出,台灣中油,77144976,0.00,500.00,,,,油資,金錢,,,否,,,,,,,
230,洪婉臻,111年臺北市議員選舉,首次申報,1111127,公共關係費用支出,穎錦花卉園藝社,14870675,0.00,10200.00,,,,聯誼交際費用,金錢,新北市中和區****,,否,,,,,,,
231,洪婉臻,111年臺北市議員選舉,首次申報,1111127,公共關係費用支出,穎錦花卉園藝社,14870675,0.00,10800.00,,,,聯誼交際費用,金錢,新北市中和區****,,否,,,,,,,
232,洪婉臻,111年臺北市議員選舉,首次申報,1111127,公共關係費用支出,景野花苑,15828823,0.00,6300.00,,,,聯誼交際費用,金錢,臺北市萬華區****,,否,,,,,,,
233,洪婉臻,111年臺北市議員選舉,首次申報,1111127,交通旅運支出,車容坊五洲站,31444084,0.00,1000.00,,,,油資,金錢,,,否,,,,,,,
234,洪婉臻,111年臺北市議員選舉,首次申報,1111127,交通旅運支出,台灣中油,77145010,0.00,200.00,,,,油資,金錢,,,否,,,,,,,
235,洪婉臻,111年臺北市議員選舉,首次申報,1111128,宣傳支出,采冠廣告設計社,48725030,0.00,3339.00,,,,製作競選物品或宣傳廣告費用（物品名稱-口罩等）,金錢,臺北市萬華區****,,否,,,,,,,
236,洪婉臻,111年臺北市議員選舉,首次申報,1111128,雜支支出,三竹資訊股份有限公司,86136982,0.00,2000.00,,,,雜項購置或修繕費用,金錢,臺北市中山區****,,否,,,,,,,
237,洪婉臻,111年臺北市議員選舉,首次申報,1111129,宣傳支出,巨勳廣告工程有限公司,27397715,0.00,130809.00,,,,播放、傳送或刊登宣傳廣告費用,金錢,新北市板橋區****,,否,,,,,,,
238,洪婉臻,111年臺北市議員選舉,首次申報,1111129,交通旅運支出,台灣中油,77144976,0.00,400.00,,,,油資,金錢,,,否,,,,,,,
239,洪婉臻,111年臺北市議員選舉,首次申報,1111129,人事費用支出,陳淑瑜,M22*******,0.00,17220.00,,,,工資或薪津,金錢,新北市板橋區****,,否,,,,,,,
240,洪婉臻,111年臺北市議員選舉,首次申報,1111130,集會支出,新合發糕餅行,15383602,0.00,6360.00,,,,餐飲費用,金錢,臺北市萬華區****,,否,,,,,,,
241,洪婉臻,111年臺北市議員選舉,首次申報,1111130,宣傳支出,魔術小巴國際行銷有限公司,24384596,0.00,28350.00,,,,製作競選物品或宣傳廣告費用（物品名稱-印刷品）,金錢,新北市新莊區****,,否,,,,,,,
242,洪婉臻,111年臺北市議員選舉,首次申報,1111130,宣傳支出,超據點有限公司,53334316,0.00,60000.00,,,,播放、傳送或刊登宣傳廣告費用,金錢,臺北市內湖區****,,否,,,,,,,
243,洪婉臻,111年臺北市議員選舉,首次申報,1111130,人事費用支出,蘇麗雲,A22*******,0.00,16090.00,,,,工資或薪津,金錢,新北市三重區****,,否,,,,,,,
244,洪婉臻,111年臺北市議員選舉,首次申報,1111130,人事費用支出,廖俊崴,F12*******,0.00,4520.00,,,,工資或薪津,金錢,新北市三重區****,,否,,,,,,,
245,洪婉臻,111年臺北市議員選舉,首次申報,1111130,人事費用支出,許幃婷,F22*******,0.00,2355.00,,,,工資或薪津,金錢,新北市蘆洲區****,,否,,,,,,,
246,洪婉臻,111年臺北市議員選舉,首次申報,1111130,人事費用支出,吳明珠,F22*******,0.00,4900.00,,,,工資或薪津,金錢,新北市三重區****,,否,,,,,,,
247,洪婉臻,111年臺北市議員選舉,首次申報,1111130,人事費用支出,林佳貞,F22*******,0.00,14480.00,,,,工資或薪津,金錢,新北市三重區****,,否,,,,,,,
248,洪婉臻,111年臺北市議員選舉,首次申報,1111130,人事費用支出,許嘉恩,N22*******,0.00,19050.00,,,,工資或薪津,金錢,新北市三重區****,,否,,,,,,,
249,洪婉臻,111年臺北市議員選舉,首次申報,1111201,雜支支出,聖尚工程行,09631719,0.00,58800.00,,,,雜項購置或修繕費用,金錢,新北市三重區****,,否,,,,,,,
250,洪婉臻,111年臺北市議員選舉,首次申報,1111201,宣傳支出,洪招金,A12*******,0.00,75000.00,,,,租用廣告看板或車體廣告費用,金錢,新北市中和區****,,否,,,,,,,
251,洪婉臻,111年臺北市議員選舉,首次申報,1111201,人事費用支出,王凱立,B12*******,0.00,30000.00,,,,工資或薪津,金錢,臺中市北區頂****,,否,,,,,,,
252,洪婉臻,111年臺北市議員選舉,首次申報,1111202,交通旅運支出,台灣中油,77145010,0.00,200.00,,,,油資,金錢,,,否,,,,,,,
253,洪婉臻,111年臺北市議員選舉,首次申報,1111203,人事費用支出,陳浩維,J12*******,0.00,10285.00,,,,工資或薪津,金錢,新北市板橋區****,,否,,,,,,,
254,洪婉臻,111年臺北市議員選舉,首次申報,1111205,公共關係費用支出,傑禮企業有限公司,23718737,0.00,15015.00,,,,聯誼交際費用,金錢,新北市三重區****,,否,,,,,,,
255,洪婉臻,111年臺北市議員選舉,首次申報,1111205,宣傳支出,鎮城廣告企業社,31950005,0.00,61415.00,,,,製作競選物品或宣傳廣告費用（物品名稱-廣告看板）,金錢,臺北市萬華區****,,否,,,,,,,
256,洪婉臻,111年臺北市議員選舉,首次申報,1111206,雜支支出,祥賀物業工程有限公司,24957989,0.00,31500.00,,,,雜項購置或修繕費用,金錢,新北市新店區****,,否,,,,,,,
257,洪婉臻,111年臺北市議員選舉,首次申報,1111206,宣傳支出,亦元設計工作室,30360017,0.00,3150.00,,,,製作競選物品或宣傳廣告費用（物品名稱-印刷品）,金錢,新北市板橋區****,,否,,,,,,,
258,洪婉臻,111年臺北市議員選舉,首次申報,1111206,雜支支出,富合有限公司,42691076,0.00,70000.00,,,,雜項購置或修繕費用,金錢,新北市中和區****,,否,,,,,,,
259,洪婉臻,111年臺北市議員選舉,首次申報,1111206,雜支支出,富合有限公司,42691076,0.00,20000.00,,,,雜項購置或修繕費用,金錢,新北市中和區****,,否,,,,,,,
260,洪婉臻,111年臺北市議員選舉,首次申報,1111207,人事費用支出,莊茗雲,F90*******,0.00,30526.00,,,,工資或薪津,金錢,新北市淡水區****,,否,,,,,,,
261,洪婉臻,111年臺北市議員選舉,首次申報,1111208,人事費用支出,蘇冠瑜,A12*******,0.00,38124.00,,,,工資或薪津,金錢,臺北市萬華區****,,否,,,,,,,
262,洪婉臻,111年臺北市議員選舉,首次申報,1111214,雜支支出,台灣電力公司台北市區營業處,03765704,0.00,1418.00,,,,水電瓦斯費用,金錢,臺北市大安區****,,否,,,,,,,
263,洪婉臻,111年臺北市議員選舉,首次申報,1111214,雜支支出,臺北自來水事業處西區營業分處,03774909,0.00,304.00,,,,水電瓦斯費用,金錢,臺北市中正區****,,否,,,,,,,
264,洪婉臻,111年臺北市議員選舉,首次申報,1111214,雜支支出,中華電信股份有限公司臺北營運處,81691784,0.00,2783.00,,,,電信費用,金錢,臺北市大安區****,,否,,,,,,,
265,洪婉臻,111年臺北市議員選舉,首次申報,1111214,雜支支出,中華電信股份有限公司臺北營運處,81691784,0.00,1287.00,,,,電信費用,金錢,臺北市大安區****,,否,,,,,,,
266,洪婉臻,111年臺北市議員選舉,首次申報,1111214,人事費用支出,林靖家,A12*******,0.00,14535.00,,,,工資或薪津,金錢,臺北市信義區****,,否,,,,,,,
267,洪婉臻,111年臺北市議員選舉,首次申報,1111214,人事費用支出,林奕均,A22*******,0.00,7100.00,,,,工資或薪津,金錢,臺北市文山區****,,否,,,,,,,
268,洪婉臻,111年臺北市議員選舉,首次申報,1111214,人事費用支出,林紓榕,A22*******,0.00,2635.00,,,,工資或薪津,金錢,臺北市萬華區****,,否,,,,,,,
269,洪婉臻,111年臺北市議員選舉,首次申報,1111214,人事費用支出,余姵萱,E22*******,0.00,2550.00,,,,工資或薪津,金錢,高雄市左營區****,,否,,,,,,,
270,洪婉臻,111年臺北市議員選舉,首次申報,1111214,人事費用支出,劉瑋祈,F22*******,0.00,510.00,,,,工資或薪津,金錢,臺北市文山區****,,否,,,,,,,
271,洪婉臻,111年臺北市議員選舉,首次申報,1111214,人事費用支出,陳弘祥,L12*******,0.00,11220.00,,,,工資或薪津,金錢,臺北市萬華區****,,否,,,,,,,
272,洪婉臻,111年臺北市議員選舉,首次申報,1111214,人事費用支出,陳冠鄅,R12*******,0.00,9535.00,,,,工資或薪津,金錢,新北市新莊區****,,否,,,,,,,
273,洪婉臻,111年臺北市議員選舉,首次申報,1111223,租用競選辦事處支出,江勝行木材股份有限公司,40603442,0.00,200000.00,,,,租用競選辦事處費用,金錢,宜蘭縣冬山鄉****,,否,,,,,,,
274,洪婉臻,111年臺北市議員選舉,首次申報,1120119,返還捐贈支出,一綺實業股份有限公司,30958275,0.00,100000.00,,,,返還,金錢,臺北市合江街****,,否,,,,,,,
275,洪婉臻,111年臺北市議員選舉,首次申報,1120119,返還捐贈支出,湯姆環衛有限公司,85045176,0.00,12000.00,,,,返還,金錢,新北市永和區****,,否,,,,,,,
