﻿序號,擬參選人／政黨,選舉名稱,申報序號／年度,交易日期,收支科目,捐贈者／支出對象,身分證／統一編號,收入金額,支出金額,支出用途,金錢類,地址,聯絡電話,資料更正日期
1,蔡耀頡,107年直轄市議員選舉,首次申報,1070706,個人捐贈收入,趙秀文,L20*******,20000.00,0.00,,金錢,臺中市南屯區****,,
2,蔡耀頡,107年直轄市議員選舉,首次申報,1070716,個人捐贈收入,柯妤,N22*******,100000.00,0.00,,金錢,桃園市中壢區****,,
3,蔡耀頡,107年直轄市議員選舉,首次申報,1070815,匿名捐贈,匿名,,5000.00,0.00,,金錢,,,
4,蔡耀頡,107年直轄市議員選舉,首次申報,1070815,匿名捐贈,匿名,,5000.00,0.00,,金錢,,,
5,蔡耀頡,107年直轄市議員選舉,首次申報,1070815,匿名捐贈,匿名,,5000.00,0.00,,金錢,,,
6,蔡耀頡,107年直轄市議員選舉,首次申報,1070815,匿名捐贈,匿名,,5000.00,0.00,,金錢,,,
7,蔡耀頡,107年直轄市議員選舉,首次申報,1070815,匿名捐贈,匿名,,5000.00,0.00,,金錢,,,
8,蔡耀頡,107年直轄市議員選舉,首次申報,1070815,匿名捐贈,匿名,,5000.00,0.00,,金錢,,,
9,蔡耀頡,107年直轄市議員選舉,首次申報,1070815,匿名捐贈,匿名,,5000.00,0.00,,金錢,,,
10,蔡耀頡,107年直轄市議員選舉,首次申報,1070815,匿名捐贈,匿名,,5000.00,0.00,,金錢,,,
11,蔡耀頡,107年直轄市議員選舉,首次申報,1070815,匿名捐贈,匿名,,5000.00,0.00,,金錢,,,
12,蔡耀頡,107年直轄市議員選舉,首次申報,1070815,匿名捐贈,匿名,,5000.00,0.00,,金錢,,,
13,蔡耀頡,107年直轄市議員選舉,首次申報,1070815,匿名捐贈,匿名,,5000.00,0.00,,金錢,,,
14,蔡耀頡,107年直轄市議員選舉,首次申報,1070815,匿名捐贈,匿名,,5000.00,0.00,,金錢,,,
15,蔡耀頡,107年直轄市議員選舉,首次申報,1070815,匿名捐贈,匿名,,5000.00,0.00,,金錢,,,
16,蔡耀頡,107年直轄市議員選舉,首次申報,1070815,匿名捐贈,匿名,,5000.00,0.00,,金錢,,,
17,蔡耀頡,107年直轄市議員選舉,首次申報,1070815,匿名捐贈,匿名,,5000.00,0.00,,金錢,,,
18,蔡耀頡,107年直轄市議員選舉,首次申報,1070815,匿名捐贈,匿名,,5000.00,0.00,,金錢,,,
19,蔡耀頡,107年直轄市議員選舉,首次申報,1070815,匿名捐贈,匿名,,5000.00,0.00,,金錢,,,
20,蔡耀頡,107年直轄市議員選舉,首次申報,1070815,匿名捐贈,匿名,,5000.00,0.00,,金錢,,,
21,蔡耀頡,107年直轄市議員選舉,首次申報,1070815,匿名捐贈,匿名,,5000.00,0.00,,金錢,,,
22,蔡耀頡,107年直轄市議員選舉,首次申報,1070815,匿名捐贈,匿名,,5000.00,0.00,,金錢,,,
23,蔡耀頡,107年直轄市議員選舉,首次申報,1070815,匿名捐贈,匿名,,5000.00,0.00,,金錢,,,
24,蔡耀頡,107年直轄市議員選舉,首次申報,1070815,匿名捐贈,匿名,,5000.00,0.00,,金錢,,,
25,蔡耀頡,107年直轄市議員選舉,首次申報,1070815,匿名捐贈,匿名,,5000.00,0.00,,金錢,,,
26,蔡耀頡,107年直轄市議員選舉,首次申報,1070815,匿名捐贈,匿名,,5000.00,0.00,,金錢,,,
27,蔡耀頡,107年直轄市議員選舉,首次申報,1070815,匿名捐贈,匿名,,5000.00,0.00,,金錢,,,
28,蔡耀頡,107年直轄市議員選舉,首次申報,1070815,匿名捐贈,匿名,,5000.00,0.00,,金錢,,,
29,蔡耀頡,107年直轄市議員選舉,首次申報,1070815,匿名捐贈,匿名,,5000.00,0.00,,金錢,,,
30,蔡耀頡,107年直轄市議員選舉,首次申報,1070815,匿名捐贈,匿名,,5000.00,0.00,,金錢,,,
31,蔡耀頡,107年直轄市議員選舉,首次申報,1070815,匿名捐贈,匿名,,5000.00,0.00,,金錢,,,
32,蔡耀頡,107年直轄市議員選舉,首次申報,1070815,匿名捐贈,匿名,,5000.00,0.00,,金錢,,,
33,蔡耀頡,107年直轄市議員選舉,首次申報,1070815,匿名捐贈,匿名,,5000.00,0.00,,金錢,,,
34,蔡耀頡,107年直轄市議員選舉,首次申報,1070815,匿名捐贈,匿名,,5000.00,0.00,,金錢,,,
35,蔡耀頡,107年直轄市議員選舉,首次申報,1070815,匿名捐贈,匿名,,5000.00,0.00,,金錢,,,
36,蔡耀頡,107年直轄市議員選舉,首次申報,1070815,匿名捐贈,匿名,,5000.00,0.00,,金錢,,,
37,蔡耀頡,107年直轄市議員選舉,首次申報,1070815,匿名捐贈,匿名,,5000.00,0.00,,金錢,,,
38,蔡耀頡,107年直轄市議員選舉,首次申報,1070815,匿名捐贈,匿名,,5000.00,0.00,,金錢,,,
39,蔡耀頡,107年直轄市議員選舉,首次申報,1070815,匿名捐贈,匿名,,5000.00,0.00,,金錢,,,
40,蔡耀頡,107年直轄市議員選舉,首次申報,1070815,匿名捐贈,匿名,,5000.00,0.00,,金錢,,,
41,蔡耀頡,107年直轄市議員選舉,首次申報,1070815,匿名捐贈,匿名,,5000.00,0.00,,金錢,,,
42,蔡耀頡,107年直轄市議員選舉,首次申報,1070815,匿名捐贈,匿名,,5000.00,0.00,,金錢,,,
43,蔡耀頡,107年直轄市議員選舉,首次申報,1070815,個人捐贈收入,蔡志旻,L12*******,10000.00,0.00,,金錢,臺中市太平區****,,
44,蔡耀頡,107年直轄市議員選舉,首次申報,1070815,個人捐贈收入,朱大川,M12*******,10000.00,0.00,,金錢,臺中市南區柳****,,
45,蔡耀頡,107年直轄市議員選舉,首次申報,1070815,個人捐贈收入,張智銘,N12*******,10000.00,0.00,,金錢,臺中市太平區****,,
46,蔡耀頡,107年直轄市議員選舉,首次申報,1070815,個人捐贈收入,吳金璋,P12*******,10000.00,0.00,,金錢,臺中市太平區****,,
47,蔡耀頡,107年直轄市議員選舉,首次申報,1070815,個人捐贈收入,洪美惠,U22*******,10000.00,0.00,,金錢,臺中市太平區****,,
48,蔡耀頡,107年直轄市議員選舉,首次申報,1070821,個人捐贈收入,劉文欽,L10*******,10000.00,0.00,,金錢,臺中市大里區****,,
49,蔡耀頡,107年直轄市議員選舉,首次申報,1070828,營利事業捐贈收入,億代富國際股份有限公司,97107859,10000.00,0.00,,金錢,臺中市西區台****,,
50,蔡耀頡,107年直轄市議員選舉,首次申報,1070913,營利事業捐贈收入,高搌工業有限公司,97235762,100000.00,0.00,,金錢,臺中市大里區****,,
51,蔡耀頡,107年直轄市議員選舉,首次申報,1070913,個人捐贈收入,連清林,P12*******,30000.00,0.00,,金錢,雲林縣褒忠鄉****,,
52,蔡耀頡,107年直轄市議員選舉,首次申報,1070917,個人捐贈收入,蕭景躍,B12*******,50000.00,0.00,,金錢,臺中市北屯區****,0920*****,
53,蔡耀頡,107年直轄市議員選舉,首次申報,1070925,個人捐贈收入,張素妙,N22*******,60000.00,0.00,,金錢,臺中市北區青****,,
54,蔡耀頡,107年直轄市議員選舉,首次申報,1070928,營利事業捐贈收入,金駿營造股份有限公司,54003659,500000.00,0.00,,金錢,高雄市鼓山區****,07-5*****,
55,蔡耀頡,107年直轄市議員選舉,首次申報,1071005,營利事業捐贈收入,華一事業有限公司,53033825,100000.00,0.00,,金錢,臺中市太平區****,0922*****,
56,蔡耀頡,107年直轄市議員選舉,首次申報,1071005,個人捐贈收入,陳國忠,F12*******,20000.00,0.00,,金錢,新北市板橋區****,0933*****,
57,蔡耀頡,107年直轄市議員選舉,首次申報,1071009,個人捐贈收入,林金堂,N12*******,6000.00,0.00,,金錢,臺中市太平區****,0921*****,
58,蔡耀頡,107年直轄市議員選舉,首次申報,1071012,個人捐贈收入,張榮源,B10*******,20000.00,0.00,,金錢,臺中市南屯區****,,
59,蔡耀頡,107年直轄市議員選舉,首次申報,1071012,個人捐贈收入,紀志松,L10*******,20000.00,0.00,,金錢,臺中市太平區****,0921*****,
60,蔡耀頡,107年直轄市議員選舉,首次申報,1071012,個人捐贈收入,林宏達,L12*******,60000.00,0.00,,金錢,臺中市太平區****,0933*****,
61,蔡耀頡,107年直轄市議員選舉,首次申報,1071012,個人捐贈收入,吳俊隆,L12*******,50000.00,0.00,,金錢,臺中市太平區****,,
62,蔡耀頡,107年直轄市議員選舉,首次申報,1071012,個人捐贈收入,魏淑美,N22*******,50000.00,0.00,,金錢,臺中市太平區****,04-2*****,
63,蔡耀頡,107年直轄市議員選舉,首次申報,1071012,個人捐贈收入,林義順,P12*******,60000.00,0.00,,金錢,臺中市太平區****,,
64,蔡耀頡,107年直轄市議員選舉,首次申報,1071015,營利事業捐贈收入,德昱企業股份有限公司,24217818,10000.00,0.00,,金錢,臺中市太平區****,04-2*****,
65,蔡耀頡,107年直轄市議員選舉,首次申報,1071015,營利事業捐贈收入,慶蜂工業社,67798743,6000.00,0.00,,金錢,新北市三重區****,0939*****,
66,蔡耀頡,107年直轄市議員選舉,首次申報,1071015,個人捐贈收入,洪嘉琳,B22*******,5000.00,0.00,,金錢,臺中市北區賴****,0982*****,
67,蔡耀頡,107年直轄市議員選舉,首次申報,1071015,個人捐贈收入,吳銘煜,P10*******,5000.00,0.00,,金錢,臺中市太平區****,0910*****,
68,蔡耀頡,107年直轄市議員選舉,首次申報,1071015,個人捐贈收入,李朱卿,P22*******,20000.00,0.00,,金錢,臺北市松山區****,0932*****,
69,蔡耀頡,107年直轄市議員選舉,首次申報,1071015,個人捐贈收入,鍾雯心,P22*******,20000.00,0.00,,金錢,臺中市大里區****,0939*****,
70,蔡耀頡,107年直轄市議員選舉,首次申報,1071016,個人捐贈收入,蘇婉婷,M22*******,3600.00,0.00,,金錢,臺中市太平區****,04-2*****,
71,蔡耀頡,107年直轄市議員選舉,首次申報,1071019,個人捐贈收入,陳秋寶,L10*******,36000.00,0.00,,金錢,臺中市太平區****,0928*****,
72,蔡耀頡,107年直轄市議員選舉,首次申報,1071022,個人捐贈收入,張冠中,B12*******,100000.00,0.00,,金錢,臺中市北區德****,0919*****,
73,蔡耀頡,107年直轄市議員選舉,首次申報,1071022,個人捐贈收入,陳思翰,D12*******,100000.00,0.00,,金錢,臺中市南屯區****,0952*****,
74,蔡耀頡,107年直轄市議員選舉,首次申報,1071024,營利事業捐贈收入,生煒工業有限公司,22072392,20000.00,0.00,,金錢,臺中市太平區****,04-2*****,
75,蔡耀頡,107年直轄市議員選舉,首次申報,1071024,營利事業捐贈收入,金汎昇有限公司,53050210,6000.00,0.00,,金錢,臺中市大里區****,0919*****,
76,蔡耀頡,107年直轄市議員選舉,首次申報,1071026,個人捐贈收入,黃天賜,N10*******,100000.00,0.00,,金錢,臺中市太平區****,0937*****,
77,蔡耀頡,107年直轄市議員選舉,首次申報,1071026,個人捐贈收入,洪秀英,N20*******,100000.00,0.00,,金錢,臺中市太平區****,04-2*****,
78,蔡耀頡,107年直轄市議員選舉,首次申報,1071026,個人捐贈收入,廖進南,P10*******,10000.00,0.00,,金錢,雲林縣二崙鄉****,05-5*****,
79,蔡耀頡,107年直轄市議員選舉,首次申報,1071026,個人捐贈收入,廖勝豐,P12*******,10000.00,0.00,,金錢,臺中市太平區****,0922*****,
80,蔡耀頡,107年直轄市議員選舉,首次申報,1071030,營利事業捐贈收入,鈺鑫金屬有限公司,28128582,50000.00,0.00,,金錢,臺中市太平區****,04-2*****,
81,蔡耀頡,107年直轄市議員選舉,首次申報,1071031,營利事業捐贈收入,誠宇工業有限公司,50821071,30000.00,0.00,,金錢,臺中市太平區****,0933*****,
82,蔡耀頡,107年直轄市議員選舉,首次申報,1071113,個人捐贈收入,劉錫德,L12*******,100000.00,0.00,,金錢,臺中市西區五****,0963*****,
83,蔡耀頡,107年直轄市議員選舉,首次申報,1071114,個人捐贈收入,張嘉銀,L12*******,20000.00,0.00,,金錢,臺中市太平區****,0932*****,
84,蔡耀頡,107年直轄市議員選舉,首次申報,1071115,營利事業捐贈收入,煌騰企業社,13811559,50000.00,0.00,,金錢,臺中市太平區****,0937*****,
85,蔡耀頡,107年直轄市議員選舉,首次申報,1071115,營利事業捐贈收入,泉耀實業股份有限公司,15995259,100000.00,0.00,,金錢,臺北市南港區****,0932*****,
86,蔡耀頡,107年直轄市議員選舉,首次申報,1071115,個人捐贈收入,溫明輝,B12*******,50000.00,0.00,,金錢,臺中市北區景****,0928*****,
87,蔡耀頡,107年直轄市議員選舉,首次申報,1071115,個人捐贈收入,林月圓,B22*******,60000.00,0.00,,金錢,臺中市東區玉****,0933*****,
88,蔡耀頡,107年直轄市議員選舉,首次申報,1071115,個人捐贈收入,蔡春波,L10*******,10000.00,0.00,,金錢,臺中市太平區****,0937*****,
89,蔡耀頡,107年直轄市議員選舉,首次申報,1071115,個人捐贈收入,蔡錦耀,L12*******,10000.00,0.00,,金錢,臺中市太平區****,0939*****,
90,蔡耀頡,107年直轄市議員選舉,首次申報,1071115,個人捐贈收入,蔡錦昌,L12*******,20000.00,0.00,,金錢,臺中市太平區****,0933*****,
91,蔡耀頡,107年直轄市議員選舉,首次申報,1071120,營利事業捐贈收入,合勝熱處理股份有限公司,22281790,100000.00,0.00,,金錢,臺中市太平區****,04-2*****,
92,蔡耀頡,107年直轄市議員選舉,首次申報,1071120,營利事業捐贈收入,合裕工業股份有限公司,84671811,100000.00,0.00,,金錢,臺中市太平區****,04-2*****,
93,蔡耀頡,107年直轄市議員選舉,首次申報,1071120,個人捐贈收入,王榕嬅,F22*******,100000.00,0.00,,金錢,臺中市北屯區****,0918*****,
94,蔡耀頡,107年直轄市議員選舉,首次申報,1071120,個人捐贈收入,呂文松,K12*******,10000.00,0.00,,金錢,臺中市太平區****,0955*****,
95,蔡耀頡,107年直轄市議員選舉,首次申報,1071120,個人捐贈收入,許紹賢,V12*******,100000.00,0.00,,金錢,臺中市大里區****,0989*****,
96,蔡耀頡,107年直轄市議員選舉,首次申報,1071121,個人捐贈收入,羅進益,L12*******,10000.00,0.00,,金錢,臺中市太平區****,0910*****,
97,蔡耀頡,107年直轄市議員選舉,首次申報,1071121,個人捐贈收入,張聲雄,M12*******,50000.00,0.00,,金錢,南投縣草屯鎮****,,
98,蔡耀頡,107年直轄市議員選舉,首次申報,1071121,個人捐贈收入,林益堅,N12*******,30000.00,0.00,,金錢,臺中市西屯區****,0939*****,
99,蔡耀頡,107年直轄市議員選舉,首次申報,1071121,個人捐贈收入,林龍通,P12*******,10000.00,0.00,,金錢,臺中市太平區****,0932*****,
100,蔡耀頡,107年直轄市議員選舉,首次申報,1071121,個人捐贈收入,莊榮華,R10*******,20000.00,0.00,,金錢,臺中市太平區****,0910*****,
101,蔡耀頡,107年直轄市議員選舉,首次申報,1071122,個人捐贈收入,張秀華,B22*******,100000.00,0.00,,金錢,臺中市霧峰區****,0935*****,
102,蔡耀頡,107年直轄市議員選舉,首次申報,1071123,個人捐贈收入,周子良,P10*******,30000.00,0.00,,金錢,臺中市西區美****,0910*****,
103,蔡耀頡,107年直轄市議員選舉,首次申報,1071221,其他收入,利息收入,,231.00,0.00,,金錢,,,
