﻿序號,擬參選人／政黨,選舉名稱,申報序號／年度,交易日期,收支科目,捐贈者／支出對象,身分證／統一編號,收入金額,支出金額,捐贈方式,存入專戶日期,返還/繳庫,支出用途,金錢類,地址,聯絡電話,應揭露之支出對象,支出對象之內部人員姓名,支出對象之內部人員職稱,政黨之內部人員姓名,政黨之內部人員職稱,關係,更正註記,資料更正日期
1,郭書成,111年新北市汐止區湖興里里長選舉,首次申報,1110901,集會支出,巨蛋展覽股份有限公司,,0.00,3200.00,,,,協助社區設置帳篷,金錢,臺北市內湖區****,,否,,,,,,,
2,郭書成,111年新北市汐止區湖興里里長選舉,首次申報,1110909,交通旅運支出,NPC全國加油站,,0.00,160.00,,,,加油費,金錢,新北市汐止區****,,否,,,,,,,
3,郭書成,111年新北市汐止區湖興里里長選舉,首次申報,1110910,雜支支出,巧強文具企業商行,,0.00,340.00,,,,文具用品,金錢,新北市汐止區****,,否,,,,,,,
4,郭書成,111年新北市汐止區湖興里里長選舉,首次申報,1110927,雜支支出,猩猩狐狸動物醫院,,0.00,200.00,,,,協助里內流浪貓咪,金錢,新北市汐止區****,,否,,,,,,,
5,郭書成,111年新北市汐止區湖興里里長選舉,首次申報,1111001,人事費用支出,張善淳,Q22*******,0.00,50000.00,,,,設計費、競選照攝影,金錢,新北市汐止區****,,否,,,,,,,
6,郭書成,111年新北市汐止區湖興里里長選舉,首次申報,1111005,人事費用支出,張善淳,Q22*******,0.00,30000.00,,,,工資或薪津,金錢,新北市汐止區****,,否,,,,,,,
7,郭書成,111年新北市汐止區湖興里里長選舉,首次申報,1111023,交通旅運支出,四海加油站,,0.00,175.00,,,,加油費,金錢,新北市汐止區****,,否,,,,,,,
8,郭書成,111年新北市汐止區湖興里里長選舉,首次申報,1111026,雜支支出,百利金文具有限公司,,0.00,175.00,,,,文具用品,金錢,臺北市內湖區****,,否,,,,,,,
9,郭書成,111年新北市汐止區湖興里里長選舉,首次申報,1111027,交通旅運支出,驛林交通股份有限公司,,0.00,120.00,,,,停車費,金錢,臺北市大安區****,,否,,,,,,,
10,郭書成,111年新北市汐止區湖興里里長選舉,首次申報,1111027,交通旅運支出,鐳銳科技有限公司,,0.00,70.00,,,,停車費,金錢,臺北市中山區****,,否,,,,,,,
11,郭書成,111年新北市汐止區湖興里里長選舉,首次申報,1111028,雜支支出,環美自助餐店,,0.00,4250.00,,,,餐飲費用,金錢,新北市汐止區****,,否,,,,,,,
12,郭書成,111年新北市汐止區湖興里里長選舉,首次申報,1111031,宣傳支出,健豪印刷事業股份有限公司,,0.00,10500.00,,,,製作競選物品或宣傳廣告費用（物品名稱-請填寫）,金錢,臺中市西區大****,,否,,,,,,,
13,郭書成,111年新北市汐止區湖興里里長選舉,首次申報,1111101,集會支出,愛佳家居有限公司,,0.00,1719.00,,,,野餐活動,金錢,桃園市楊梅區****,,否,,,,,,,
14,郭書成,111年新北市汐止區湖興里里長選舉,首次申報,1111103,雜支支出,環美自助餐店,,0.00,4700.00,,,,餐飲費用,金錢,新北市汐止區****,,否,,,,,,,
15,郭書成,111年新北市汐止區湖興里里長選舉,首次申報,1111104,交通旅運支出,聯永物業股份有限公司,,0.00,120.00,,,,停車費,金錢,臺北市中正區****,,否,,,,,,,
16,郭書成,111年新北市汐止區湖興里里長選舉,首次申報,1111104,雜支支出,台灣善商股份有限公司,42380621,0.00,458.00,,,,餐飲費用,金錢,台北市中山區****,,否,,,,,,,
17,郭書成,111年新北市汐止區湖興里里長選舉,首次申報,1111106,公共關係費用支出,田中園有限公司,,0.00,540.00,,,,餐費,金錢,臺北市內湖區****,,否,,,,,,,
18,郭書成,111年新北市汐止區湖興里里長選舉,首次申報,1111107,公共關係費用支出,全家便利商店,,0.00,125.00,,,,餐費,金錢,新北市汐止區****,,否,,,,,,,
19,郭書成,111年新北市汐止區湖興里里長選舉,首次申報,1111107,公共關係費用支出,TTK頂呱呱,,0.00,215.00,,,,餐費,金錢,臺北市內湖區****,,否,,,,,,,
20,郭書成,111年新北市汐止區湖興里里長選舉,首次申報,1111107,宣傳支出,健豪印刷事業股份有限公司,,0.00,10500.00,,,,製作競選物品或宣傳廣告費用（衛生紙）,金錢,臺中市西區大****,,否,,,,,,,
21,郭書成,111年新北市汐止區湖興里里長選舉,首次申報,1111108,人事費用支出,蔡羽喬,M22*******,0.00,2000.00,,,,工資或薪津,金錢,台北市內湖區****,,否,,,,,,,
22,郭書成,111年新北市汐止區湖興里里長選舉,首次申報,1111109,雜支支出,銀兔,72996188,0.00,660.00,,,,餐飲費用,金錢,台北市中山區****,,否,,,,,,,
23,郭書成,111年新北市汐止區湖興里里長選舉,首次申報,1111109,交通旅運支出,嘟嘟房,76889435,0.00,30.00,,,,停車費,金錢,台北市南港區****,,否,,,,,,,
24,郭書成,111年新北市汐止區湖興里里長選舉,首次申報,1111109,雜支支出,櫻桃小鎮,99947675,0.00,330.00,,,,餐飲費用,金錢,台北市內湖區****,,否,,,,,,,
25,郭書成,111年新北市汐止區湖興里里長選舉,首次申報,1111110,雜支支出,巧勝文具行,10686276,0.00,255.00,,,,文具用品費用,金錢,新北市汐止區****,,否,,,,,,,
26,郭書成,111年新北市汐止區湖興里里長選舉,首次申報,1111111,人事費用支出,張善淳,Q22*******,0.00,25000.00,,,,圖文製作費用,金錢,新北市汐止區****,,否,,,,,,,
27,郭書成,111年新北市汐止區湖興里里長選舉,首次申報,1111112,雜支支出,頂呱呱國際股份有限公司,,0.00,430.00,,,,餐飲費用,金錢,新北市五股區****,,否,,,,,,,
28,郭書成,111年新北市汐止區湖興里里長選舉,首次申報,1111116,雜支支出,BIG AL'S BURGER,88125119,0.00,660.00,,,,餐飲費用,金錢,台北市松山區****,,否,,,,,,,
29,郭書成,111年新北市汐止區湖興里里長選舉,首次申報,1111119,雜支支出,珍煲小吃店,76366295,0.00,406.00,,,,餐飲費用,金錢,台北市內湖區****,,否,,,,,,,
30,郭書成,111年新北市汐止區湖興里里長選舉,首次申報,1111120,雜支支出,台灣善商股份有限公司,42380621,0.00,318.00,,,,餐飲費用,金錢,台北市中山區****,,否,,,,,,,
31,郭書成,111年新北市汐止區湖興里里長選舉,首次申報,1111121,雜支支出,高師傅包子店,,0.00,2840.00,,,,餐飲費用,金錢,新北市汐止區****,,否,,,,,,,
32,郭書成,111年新北市汐止區湖興里里長選舉,首次申報,1111121,交通旅運支出,東湖加油站,12739550,0.00,1116.00,,,,油資,金錢,台北市內湖區****,,否,,,,,,,
33,郭書成,111年新北市汐止區湖興里里長選舉,首次申報,1111123,雜支支出,汐鮨日式料理,,0.00,6000.00,,,,餐飲費用,金錢,新北市汐止區****,,否,,,,,,,
34,郭書成,111年新北市汐止區湖興里里長選舉,首次申報,1111124,公共關係費用支出,板前屋,,0.00,7998.00,,,,聯誼交際費用,金錢,台北市南港區****,,否,,,,,,,
35,郭書成,111年新北市汐止區湖興里里長選舉,首次申報,1111125,雜支支出,應援科技,,0.00,4069.00,,,,金流平台服務費,金錢,台北市內湖區****,,否,,,,,,,
36,郭書成,111年新北市汐止區湖興里里長選舉,首次申報,1111125,雜支支出,春水堂人文茶館,38647486,0.00,430.00,,,,餐飲費用,金錢,臺北市南港區****,,否,,,,,,,
37,郭書成,111年新北市汐止區湖興里里長選舉,首次申報,1111125,雜支支出,汐鮨日式料理,91222059,0.00,6000.00,,,,餐飲費用,金錢,新北市汐止區****,,否,,,,,,,
38,郭書成,111年新北市汐止區湖興里里長選舉,首次申報,1111202,雜支支出,浪浪別哭,42287006,0.00,516.00,,,,餐飲費用,金錢,台北市中正區****,,否,,,,,,,
39,郭書成,111年新北市汐止區湖興里里長選舉,首次申報,1111209,返還捐贈支出,實現會社股份有限公司,91031220,0.00,2000.00,,,,返還,金錢,臺北市士林區****,,否,,,,,,,
40,郭書成,111年新北市汐止區湖興里里長選舉,首次申報,1111210,雜支支出,味霖有限公司康寧營業所,41215960,0.00,29431.00,,,,餐飲費用,金錢,新北市汐止區****,,否,,,,,,,
41,郭書成,111年新北市汐止區湖興里里長選舉,首次申報,1111218,公共關係費用支出,好市多股份有限公司,16846757,0.00,14009.00,,,,感恩餐會餐食酒水,金錢,新北市汐止區****,,否,,,,,,,
42,郭書成,111年新北市汐止區湖興里里長選舉,首次申報,1120209,返還捐贈支出,旭捌有限公司,68441709,0.00,200.00,,,,返還,金錢,新北市汐止區****,,否,,,,,,,
43,郭書成,111年新北市汐止區湖興里里長選舉,首次申報,1120209,返還捐贈支出,旭捌有限公司,68441709,0.00,1800.00,,,,返還,金錢,新北市汐止區****,,否,,,,,,,
