﻿序號,擬參選人／政黨,選舉名稱,申報序號／年度,交易日期,收支科目,捐贈者／支出對象,身分證／統一編號,收入金額,支出金額,捐贈方式,存入專戶日期,返還/繳庫,支出用途,金錢類,地址,聯絡電話,應揭露之支出對象,支出對象之內部人員姓名,支出對象之內部人員職稱,政黨之內部人員姓名,政黨之內部人員職稱,關係,更正註記,資料更正日期
1,郭書成,111年新北市汐止區湖興里里長選舉,首次申報,1110914,個人捐贈收入,蕭宇泰,N12*******,1000.00,0.00,匯款,1110923,,,金錢,花蓮縣花蓮市****," 09*****",,,,,,,,
2,郭書成,111年新北市汐止區湖興里里長選舉,首次申報,1110930,營利事業捐贈收入,實現會社股份有限公司,91031220,2000.00,0.00,匯款,1111004,已返還,,金錢,臺北市士林區****," 02*****",,,,,,,,
3,郭書成,111年新北市汐止區湖興里里長選舉,首次申報,1111002,匿名捐贈,匿名,,500.00,0.00,匯款,1111007,,,金錢,,,,,,,,,,
4,郭書成,111年新北市汐止區湖興里里長選舉,首次申報,1111006,營利事業捐贈收入,旭捌有限公司,68441709,2000.00,0.00,現金,1111006,已返還,,金錢,新北市汐止區****,,,,,,,,,
5,郭書成,111年新北市汐止區湖興里里長選舉,首次申報,1111023,個人捐贈收入,楊韻芳,E22*******,5000.00,0.00,匯款,1111028,,,金錢,高雄市鼓山區****," 09*****",,,,,,,,
6,郭書成,111年新北市汐止區湖興里里長選舉,首次申報,1111023,個人捐贈收入,楊韻芳,E22*******,5000.00,0.00,匯款,1111028,,,金錢,高雄市鼓山區****," 09*****",,,,,,,,
7,郭書成,111年新北市汐止區湖興里里長選舉,首次申報,1111024,個人捐贈收入,陳慧芬,A22*******,3000.00,0.00,匯款,1111028,,,金錢,新北市汐止區****," 09*****",,,,,,,,
8,郭書成,111年新北市汐止區湖興里里長選舉,首次申報,1111028,個人捐贈收入,楊韻芳,E22*******,6000.00,0.00,匯款,1111101,,,金錢,高雄市鼓山區****," 09*****",,,,,,,,
9,郭書成,111年新北市汐止區湖興里里長選舉,首次申報,1111028,個人捐贈收入,楊韻芳,E22*******,4000.00,0.00,匯款,1111101,,,金錢,高雄市鼓山區****," 09*****",,,,,,,,
10,郭書成,111年新北市汐止區湖興里里長選舉,首次申報,1111029,個人捐贈收入,江聖堯,S12*******,2000.00,0.00,匯款,1111101,,,金錢,新北市汐止區****," 09*****",,,,,,,,
11,郭書成,111年新北市汐止區湖興里里長選舉,首次申報,1111030,匿名捐贈,匿名,,500.00,0.00,匯款,1111104,,,金錢,,,,,,,,,,
12,郭書成,111年新北市汐止區湖興里里長選舉,首次申報,1111030,個人捐贈收入,林欣君,A12*******,2000.00,0.00,匯款,1111104,,,金錢,新北市汐止區****," 09*****",,,,,,,,
13,郭書成,111年新北市汐止區湖興里里長選舉,首次申報,1111030,個人捐贈收入,許芳瑜,A22*******,2000.00,0.00,匯款,1111104,,,金錢,新北市汐止區****," 09*****",,,,,,,,
14,郭書成,111年新北市汐止區湖興里里長選舉,首次申報,1111030,個人捐贈收入,楊蕙如,A22*******,10000.00,0.00,匯款,1111104,,,金錢,新北市汐止區****," 09*****",,,,,,,,
15,郭書成,111年新北市汐止區湖興里里長選舉,首次申報,1111030,個人捐贈收入,朱蓉蓉,A22*******,10000.00,0.00,匯款,1111104,,,金錢,新北市汐止區****," 03*****",,,,,,,,
16,郭書成,111年新北市汐止區湖興里里長選舉,首次申報,1111030,個人捐贈收入,郭名芳,C12*******,500.00,0.00,匯款,1111104,,,金錢,新北市汐止區****," 09*****",,,,,,,,
17,郭書成,111年新北市汐止區湖興里里長選舉,首次申報,1111030,個人捐贈收入,施昌佑,E12*******,2000.00,0.00,匯款,1111104,,,金錢,新北市汐止區****," 09*****",,,,,,,,
18,郭書成,111年新北市汐止區湖興里里長選舉,首次申報,1111030,個人捐贈收入,謝書書,E22*******,3000.00,0.00,匯款,1111104,,,金錢,新北市汐止區****," 09*****",,,,,,,,
19,郭書成,111年新北市汐止區湖興里里長選舉,首次申報,1111030,個人捐贈收入,羅雨欣,F22*******,500.00,0.00,匯款,1111104,,,金錢,新北市汐止區****," 09*****",,,,,,,,
20,郭書成,111年新北市汐止區湖興里里長選舉,首次申報,1111030,個人捐贈收入,白鵑慈,F22*******,2000.00,0.00,匯款,1111104,,,金錢,新北市汐止區****," 09*****",,,,,,,,
21,郭書成,111年新北市汐止區湖興里里長選舉,首次申報,1111030,個人捐贈收入,陳素惠,L22*******,200.00,0.00,匯款,1111104,,,金錢,新北市汐止區****," 09*****",,,,,,,,
22,郭書成,111年新北市汐止區湖興里里長選舉,首次申報,1111030,個人捐贈收入,林逢玲,P20*******,5000.00,0.00,匯款,1111104,,,金錢,新北市汐止區****," 09*****",,,,,,,,
23,郭書成,111年新北市汐止區湖興里里長選舉,首次申報,1111030,個人捐贈收入,周昱岐,R12*******,3000.00,0.00,匯款,1111104,,,金錢,新北市汐止區****," 09*****",,,,,,,,
24,郭書成,111年新北市汐止區湖興里里長選舉,首次申報,1111030,個人捐贈收入,洪月媚,R22*******,2000.00,0.00,匯款,1111104,,,金錢,新北市汐止區****," 09*****",,,,,,,,
25,郭書成,111年新北市汐止區湖興里里長選舉,首次申報,1111030,個人捐贈收入,范繼元,Y22*******,50000.00,0.00,匯款,1111104,,,金錢,新北市汐止區****," 09*****",,,,,,,,
26,郭書成,111年新北市汐止區湖興里里長選舉,首次申報,1111031,個人捐贈收入,吳信逸,A12*******,2000.00,0.00,匯款,1111104,,,金錢,新北市汐止區****," 09*****",,,,,,,,
27,郭書成,111年新北市汐止區湖興里里長選舉,首次申報,1111031,個人捐贈收入,吳仁志,C12*******,3000.00,0.00,匯款,1111104,,,金錢,新北市汐止區****," 09*****",,,,,,,,
28,郭書成,111年新北市汐止區湖興里里長選舉,首次申報,1111031,個人捐贈收入,陳梅香,F22*******,2000.00,0.00,匯款,1111104,,,金錢,新北市汐止區****," 09*****",,,,,,,,
29,郭書成,111年新北市汐止區湖興里里長選舉,首次申報,1111031,個人捐贈收入,劉鳳儀,K22*******,500.00,0.00,匯款,1111104,,,金錢,新北市汐止區****," 09*****",,,,,,,,
30,郭書成,111年新北市汐止區湖興里里長選舉,首次申報,1111031,個人捐贈收入,蔡沛親,N22*******,500.00,0.00,匯款,1111104,,,金錢,新北市汐止區****," 09*****",,,,,,,,
31,郭書成,111年新北市汐止區湖興里里長選舉,首次申報,1111101,個人捐贈收入,莊瑀心,A22*******,500.00,0.00,匯款,1111104,,,金錢,新北市汐止區****," 09*****",,,,,,,,
32,郭書成,111年新北市汐止區湖興里里長選舉,首次申報,1111101,個人捐贈收入,陳佳渝,A22*******,5000.00,0.00,匯款,1111104,,,金錢,新北市汐止區****," 09*****",,,,,,,,
33,郭書成,111年新北市汐止區湖興里里長選舉,首次申報,1111103,個人捐贈收入,張怡軒,C22*******,2000.00,0.00,匯款,1111108,,,金錢,新北市汐止區****," 09*****",,,,,,,,
34,郭書成,111年新北市汐止區湖興里里長選舉,首次申報,1111104,匿名捐贈,匿名,,500.00,0.00,匯款,1111108,,,金錢,,,,,,,,,,
35,郭書成,111年新北市汐止區湖興里里長選舉,首次申報,1111104,個人捐贈收入,白家豪,A12*******,1000.00,0.00,匯款,1111108,,,金錢,新北市汐止區****," 09*****",,,,,,,,
36,郭書成,111年新北市汐止區湖興里里長選舉,首次申報,1111104,個人捐贈收入,林宜學,A12*******,2000.00,0.00,匯款,1111108,,,金錢,臺北市內湖區****," 09*****",,,,,,,,
37,郭書成,111年新北市汐止區湖興里里長選舉,首次申報,1111104,個人捐贈收入,陳映虹,C22*******,3000.00,0.00,匯款,1111108,,,金錢,新北市汐止區****," 09*****",,,,,,,,
38,郭書成,111年新北市汐止區湖興里里長選舉,首次申報,1111104,個人捐贈收入,莊秉逸,F12*******,2000.00,0.00,匯款,1111108,,,金錢,新北市汐止區****," 09*****",,,,,,,,
39,郭書成,111年新北市汐止區湖興里里長選舉,首次申報,1111104,個人捐贈收入,謝慧玲,M22*******,1000.00,0.00,匯款,1111108,,,金錢,新北市汐止區****," 09*****",,,,,,,,
40,郭書成,111年新北市汐止區湖興里里長選舉,首次申報,1111104,個人捐贈收入,臧惠平,Q12*******,1000.00,0.00,匯款,1111108,,,金錢,新北市汐止區****," 09*****",,,,,,,,
41,郭書成,111年新北市汐止區湖興里里長選舉,首次申報,1111107,匿名捐贈,匿名,,2000.00,0.00,現金,1111107,,,金錢,,,,,,,,,,
42,郭書成,111年新北市汐止區湖興里里長選舉,首次申報,1111107,匿名捐贈,匿名,,3000.00,0.00,現金,1111107,,,金錢,,,,,,,,,,
43,郭書成,111年新北市汐止區湖興里里長選舉,首次申報,1111107,個人捐贈收入,江立忠,A10*******,2000.00,0.00,現金,1111107,,,金錢,新北市汐止區****,0922*****,,,,,,,,
44,郭書成,111年新北市汐止區湖興里里長選舉,首次申報,1111107,個人捐贈收入,林阿禎,A10*******,2000.00,0.00,現金,1111107,,,金錢,新北市汐止區****,0926*****,,,,,,,,
45,郭書成,111年新北市汐止區湖興里里長選舉,首次申報,1111107,個人捐贈收入,吳信逸,A12*******,2000.00,0.00,現金,1111107,,,金錢,新北市汐止區****,0937*****,,,,,,,,
46,郭書成,111年新北市汐止區湖興里里長選舉,首次申報,1111107,個人捐贈收入,林欣君,A12*******,2000.00,0.00,現金,1111107,,,金錢,新北市汐止區****,0932*****,,,,,,,,
47,郭書成,111年新北市汐止區湖興里里長選舉,首次申報,1111107,個人捐贈收入,許慎慧,A22*******,2000.00,0.00,現金,1111107,,,金錢,新北市汐止區****,0960*****,,,,,,,,
48,郭書成,111年新北市汐止區湖興里里長選舉,首次申報,1111107,個人捐贈收入,闕家榛,A22*******,2000.00,0.00,現金,1111107,,,金錢,新北市汐止區****,0918*****,,,,,,,,
49,郭書成,111年新北市汐止區湖興里里長選舉,首次申報,1111107,個人捐贈收入,楊龍男,B10*******,2000.00,0.00,現金,1111107,,,金錢,新北市汐止區****,0968*****,,,,,,,,
50,郭書成,111年新北市汐止區湖興里里長選舉,首次申報,1111107,個人捐贈收入,張怡軒,C22*******,2000.00,0.00,現金,1111107,,,金錢,新北市汐止區****,0952*****,,,,,,,,
51,郭書成,111年新北市汐止區湖興里里長選舉,首次申報,1111107,個人捐贈收入,李螢芳,D22*******,2000.00,0.00,現金,1111107,,,金錢,新北市汐止區****,0928*****,,,,,,,,
52,郭書成,111年新北市汐止區湖興里里長選舉,首次申報,1111107,個人捐贈收入,鄭麗珠,E20*******,5000.00,0.00,現金,1111107,,,金錢,新北市汐止區****,0963*****,,,,,,,,
53,郭書成,111年新北市汐止區湖興里里長選舉,首次申報,1111107,個人捐贈收入,賴來聖,F12*******,2000.00,0.00,現金,1111107,,,金錢,新北市汐止區****,0925*****,,,,,,,,
54,郭書成,111年新北市汐止區湖興里里長選舉,首次申報,1111107,個人捐贈收入,黎貴美,F20*******,2000.00,0.00,現金,1111107,,,金錢,新北市汐止區****,0953*****,,,,,,,,
55,郭書成,111年新北市汐止區湖興里里長選舉,首次申報,1111107,個人捐贈收入,陳梅香,F22*******,2000.00,0.00,現金,1111107,,,金錢,新北市汐止區****,0910*****,,,,,,,,
56,郭書成,111年新北市汐止區湖興里里長選舉,首次申報,1111107,個人捐贈收入,賴兒燎,G10*******,2000.00,0.00,現金,1111107,,,金錢,新北市汐止區****,0939*****,,,,,,,,
57,郭書成,111年新北市汐止區湖興里里長選舉,首次申報,1111107,個人捐贈收入,杜冠德,J10*******,2000.00,0.00,現金,1111107,,,金錢,新北市汐止區****,0928*****,,,,,,,,
58,郭書成,111年新北市汐止區湖興里里長選舉,首次申報,1111107,個人捐贈收入,黃素琴,J20*******,500.00,0.00,現金,1111107,,,金錢,新北市汐止區****,0933*****,,,,,,,,
59,郭書成,111年新北市汐止區湖興里里長選舉,首次申報,1111107,個人捐贈收入,傅子宴,K22*******,2000.00,0.00,現金,1111107,,,金錢,新北市汐止區****,0909*****,,,,,,,,
60,郭書成,111年新北市汐止區湖興里里長選舉,首次申報,1111107,個人捐贈收入,黃富美,L22*******,2000.00,0.00,現金,1111107,,,金錢,新北市汐止區****,0933*****,,,,,,,,
61,郭書成,111年新北市汐止區湖興里里長選舉,首次申報,1111107,個人捐贈收入,吳麗華,P20*******,2000.00,0.00,現金,1111107,,,金錢,新北市汐止區****,0920*****,,,,,,,,
62,郭書成,111年新北市汐止區湖興里里長選舉,首次申報,1111107,個人捐贈收入,侯錦珠,Q22*******,2000.00,0.00,現金,1111107,,,金錢,新北市汐止區****,0905*****,,,,,,,,
63,郭書成,111年新北市汐止區湖興里里長選舉,首次申報,1111107,個人捐贈收入,曾朝鳳,T22*******,2000.00,0.00,現金,1111107,,,金錢,新北市汐止區****,0952*****,,,,,,,,
64,郭書成,111年新北市汐止區湖興里里長選舉,首次申報,1111107,個人捐贈收入,陳錦雄,Y12*******,2000.00,0.00,現金,1111107,,,金錢,新北市汐止區****,0911*****,,,,,,,,
65,郭書成,111年新北市汐止區湖興里里長選舉,首次申報,1111107,個人捐贈收入,徐秀娥,Y20*******,2000.00,0.00,現金,1111107,,,金錢,新北市汐止區****,0905*****,,,,,,,,
66,郭書成,111年新北市汐止區湖興里里長選舉,首次申報,1111108,個人捐贈收入,楊宗霖,A12*******,2800.00,0.00,匯款,1111111,,,金錢,基隆市七堵區****," 09*****",,,,,,,,
67,郭書成,111年新北市汐止區湖興里里長選舉,首次申報,1111108,個人捐贈收入,張河桂,F12*******,2000.00,0.00,現金,1111108,,,金錢,新北市汐止區****,0932*****,,,,,,,,
68,郭書成,111年新北市汐止區湖興里里長選舉,首次申報,1111108,個人捐贈收入,李采誼,J22*******,2000.00,0.00,現金,1111108,,,金錢,新北市汐止區****,0911*****,,,,,,,,
69,郭書成,111年新北市汐止區湖興里里長選舉,首次申報,1111112,個人捐贈收入,蕭麗華,A22*******,1000.00,0.00,匯款,1111115,,,金錢,新北市汐止區****," 09*****",,,,,,,,
70,郭書成,111年新北市汐止區湖興里里長選舉,首次申報,1111113,個人捐贈收入,林富代,A20*******,1000.00,0.00,匯款,1111118,,,金錢,新北市汐止區****," 09*****",,,,,,,,
71,郭書成,111年新北市汐止區湖興里里長選舉,首次申報,1111113,個人捐贈收入,鄭元君,F22*******,1000.00,0.00,匯款,1111118,,,金錢,新北市汐止區****," 09*****",,,,,,,,
72,郭書成,111年新北市汐止區湖興里里長選舉,首次申報,1111120,個人捐贈收入,李昕容,A22*******,10000.00,0.00,匯款,1111122,,,金錢,臺北市信義區****," 09*****",,,,,,,,
73,郭書成,111年新北市汐止區湖興里里長選舉,首次申報,1111121,個人捐贈收入,鄭婷尹,F22*******,3000.00,0.00,匯款,1111125,,,金錢,新北市蘆洲區****," 09*****",,,,,,,,
74,郭書成,111年新北市汐止區湖興里里長選舉,首次申報,1111123,個人捐贈收入,張詩予,R12*******,500.00,0.00,匯款,1111125,,,金錢,新北市新莊區****," 09*****",,,,,,,,
75,郭書成,111年新北市汐止區湖興里里長選舉,首次申報,1111124,匿名捐贈,匿名,,2000.00,0.00,現金,1111124,,,金錢,,,,,,,,,,
76,郭書成,111年新北市汐止區湖興里里長選舉,首次申報,1111124,匿名捐贈,匿名,,2500.00,0.00,現金,1111124,,,金錢,,,,,,,,,,
77,郭書成,111年新北市汐止區湖興里里長選舉,首次申報,1111125,個人捐贈收入,吳月珠,F22*******,29431.00,0.00,現金,1111125,,,金錢,臺南市中西區****,,,,,,,,,
78,郭書成,111年新北市汐止區湖興里里長選舉,首次申報,1111125,個人捐贈收入,吳月珠,F22*******,1569.00,0.00,現金,1111125,,,金錢,臺南市中西區****,,,,,,,,,
79,郭書成,111年新北市汐止區湖興里里長選舉,首次申報,1111220,其他收入,利息收入,,27.00,0.00,匯款,1111220,,,金錢,,,,,,,,,,
