﻿序號,擬參選人／政黨,選舉名稱,申報序號／年度,交易日期,收支科目,捐贈者／支出對象,身分證／統一編號,收入金額,支出金額,支出用途,金錢類,地址,聯絡電話,資料更正日期
1,張銘祐,109年立法委員選舉,首次申報,1081003,個人捐贈收入,林欣欣,E22*******,2000.00,0.00,,金錢,高雄市鹽埕區****,0756*****,
2,張銘祐,109年立法委員選舉,首次申報,1081008,個人捐贈收入,楊瑞敏,,20000.00,0.00,,金錢,雲林縣林內鄉****,0928*****,
3,張銘祐,109年立法委員選舉,首次申報,1081008,政黨捐贈收入,民主進步黨,政黨證字第16號,1000000.00,0.00,,金錢,台北市北平東****,(02)*****,
4,張銘祐,109年立法委員選舉,首次申報,1081014,匿名捐贈,匿名,,1.00,0.00,,金錢,,,
5,張銘祐,109年立法委員選舉,首次申報,1081017,匿名捐贈,匿名,,1000.00,0.00,,金錢,,,
6,張銘祐,109年立法委員選舉,首次申報,1081017,個人捐贈收入,孫淑清,A22*******,1000.00,0.00,,金錢,新北市新店區****,0933*****,
7,張銘祐,109年立法委員選舉,首次申報,1081018,匿名捐贈,匿名,,3000.00,0.00,,金錢,,,
8,張銘祐,109年立法委員選舉,首次申報,1081018,匿名捐贈,匿名,,300.00,0.00,,金錢,,,
9,張銘祐,109年立法委員選舉,首次申報,1081018,個人捐贈收入,林欣欣,E22*******,3000.00,0.00,,金錢,高雄市鹽埕區****,0756*****,
10,張銘祐,109年立法委員選舉,首次申報,1081018,個人捐贈收入,邱鶴慈,F22*******,3000.00,0.00,,金錢,新北市新莊區****,0930*****,
11,張銘祐,109年立法委員選舉,首次申報,1081018,個人捐贈收入,陳文義,T12*******,2000.00,0.00,,金錢,新北市新店區****,0936*****,
12,張銘祐,109年立法委員選舉,首次申報,1081021,匿名捐贈,匿名,,1000.00,0.00,,金錢,,,
13,張銘祐,109年立法委員選舉,首次申報,1081025,個人捐贈收入,李秀美,F22*******,3000.00,0.00,,金錢,新北市三重區****,0910*****,
14,張銘祐,109年立法委員選舉,首次申報,1081026,個人捐贈收入,李元榕,A12*******,3000.00,0.00,,金錢,臺北市北投區****,0988*****,
15,張銘祐,109年立法委員選舉,首次申報,1081028,個人捐贈收入,張麗青,,5000.00,0.00,,金錢,彰化縣溪州鄉****,0910*****,
16,張銘祐,109年立法委員選舉,首次申報,1081028,個人捐贈收入,周國棟,,1000.00,0.00,,金錢,新北市深坑區****,0910*****,
17,張銘祐,109年立法委員選舉,首次申報,1081030,匿名捐贈,匿名,,600.00,0.00,,金錢,,,
18,張銘祐,109年立法委員選舉,首次申報,1081030,營利事業捐贈收入,華藝娛樂股份有限公司,24948498,50000.00,0.00,,金錢,臺北市南京東****,02-2*****,
19,張銘祐,109年立法委員選舉,首次申報,1081030,個人捐贈收入,顏子瑋,A12*******,5000.00,0.00,,金錢,臺北市愛國東****,,
20,張銘祐,109年立法委員選舉,首次申報,1081030,個人捐贈收入,沈家弘,A12*******,5000.00,0.00,,金錢,新北市汐止區****,0936*****,
21,張銘祐,109年立法委員選舉,首次申報,1081030,個人捐贈收入,張碧真,B22*******,1000.00,0.00,,金錢,新北市三重區****,0952*****,
22,張銘祐,109年立法委員選舉,首次申報,1081030,個人捐贈收入,沈家平,F12*******,5000.00,0.00,,金錢,臺北市松山區****,0931*****,
23,張銘祐,109年立法委員選舉,首次申報,1081030,個人捐贈收入,顧恆湛,L12*******,20000.00,0.00,,金錢,台北市信義區****,02-8*****,
24,張銘祐,109年立法委員選舉,首次申報,1081030,個人捐贈收入,陳品樺,N20*******,20000.00,0.00,,金錢,新北市新店區****,0937*****,
25,張銘祐,109年立法委員選舉,首次申報,1081101,營利事業捐贈收入,雲豹能源科技股份有限公司,42852207,50000.00,0.00,,金錢,臺北市中山區****,(02)*****,
26,張銘祐,109年立法委員選舉,首次申報,1081102,個人捐贈收入,林宏楠,Q12*******,3000.00,0.00,,金錢,嘉義縣水上鄉****,0929*****,
27,張銘祐,109年立法委員選舉,首次申報,1081103,個人捐贈收入,林資倉,D12*******,50000.00,0.00,,金錢,臺南市安平區****,0629*****,
28,張銘祐,109年立法委員選舉,首次申報,1081103,個人捐贈收入,林資薇,D22*******,50000.00,0.00,,金錢,臺南市安平區****,0629*****,
29,張銘祐,109年立法委員選舉,首次申報,1081103,個人捐贈收入,張忠弘,L10*******,50000.00,0.00,,金錢,臺中市南屯區****,04-2*****,
30,張銘祐,109年立法委員選舉,首次申報,1081103,個人捐贈收入,張海國,M10*******,10000.00,0.00,,金錢,南投縣草屯鎮****,,
31,張銘祐,109年立法委員選舉,首次申報,1081103,個人捐贈收入,張芳民,N10*******,50000.00,0.00,,金錢,臺中市南屯區****,04-2*****,
32,張銘祐,109年立法委員選舉,首次申報,1081105,個人捐贈收入,張志遠,,20000.00,0.00,,金錢,彰化縣田尾鄉****,04-8*****,
33,張銘祐,109年立法委員選舉,首次申報,1081105,營利事業捐贈收入,森美有限公司,96922989,100000.00,0.00,,金錢,新北市新店區****,,
34,張銘祐,109年立法委員選舉,首次申報,1081106,營利事業捐贈收入,寶詠投資有限公司,43864151,50000.00,0.00,,金錢,臺北市中山區****,02-2*****,
35,張銘祐,109年立法委員選舉,首次申報,1081106,營利事業捐贈收入,永尚能源股份有限公司,52900158,100000.00,0.00,,金錢,臺北市中山區****,02-2*****,
36,張銘祐,109年立法委員選舉,首次申報,1081108,個人捐贈收入,鍾水仙,,1000.00,0.00,,金錢,新北市新店區****,,
37,張銘祐,109年立法委員選舉,首次申報,1081110,匿名捐贈,匿名,,3000.00,0.00,,金錢,,,
38,張銘祐,109年立法委員選舉,首次申報,1081111,個人捐贈收入,何義爐,J10*******,50000.00,0.00,,金錢,新竹縣新埔鎮****,0910*****,
39,張銘祐,109年立法委員選舉,首次申報,1081112,個人捐贈收入,陳錦雲,,500.00,0.00,,金錢,新北市新店區****,0927*****,
40,張銘祐,109年立法委員選舉,首次申報,1081112,營利事業捐贈收入,原生行有限公司,27996079,100000.00,0.00,,金錢,臺北市復興北****,02-2*****,
41,張銘祐,109年立法委員選舉,首次申報,1081113,個人捐贈收入,吳華美,,6000.00,0.00,,金錢,臺北市大安區****,0931*****,
42,張銘祐,109年立法委員選舉,首次申報,1081116,個人捐贈收入,阮懷磊,P12*******,2000.00,0.00,,金錢,高雄市鼓山區****,0975*****,
43,張銘祐,109年立法委員選舉,首次申報,1081117,個人捐贈收入,周葭甄,F22*******,3000.00,0.00,,金錢,新北市新店區****,0916*****,
44,張銘祐,109年立法委員選舉,首次申報,1081118,個人捐贈收入,吳雅珍,,1000.00,0.00,,金錢,臺中市豐原區****,04-2*****,
45,張銘祐,109年立法委員選舉,首次申報,1081118,個人捐贈收入,張筌富,F12*******,100000.00,0.00,,金錢,臺北市內湖區****,02-2*****,
46,張銘祐,109年立法委員選舉,首次申報,1081118,個人捐贈收入,張榕家,F22*******,100000.00,0.00,,金錢,臺北市內湖區****,02-2*****,
47,張銘祐,109年立法委員選舉,首次申報,1081118,政黨捐贈收入,民主進步黨,政黨證字第16號,500000.00,0.00,,金錢,台北市北平東****,(02)*****,
48,張銘祐,109年立法委員選舉,首次申報,1081119,個人捐贈收入,劉家珍,A10*******,3000.00,0.00,,金錢,新北市新店區****,0917*****,
49,張銘祐,109年立法委員選舉,首次申報,1081120,個人捐贈收入,陳秋燕,G20*******,10000.00,0.00,,金錢,新北市淡水區****,0955*****,
50,張銘祐,109年立法委員選舉,首次申報,1081120,個人捐贈收入,董建宗,M12*******,1000.00,0.00,,金錢,臺中市西屯區****,0931*****,
51,張銘祐,109年立法委員選舉,首次申報,1081120,個人捐贈收入,官念臻,V22*******,1000.00,0.00,,金錢,基隆市信義區****,0933*****,
52,張銘祐,109年立法委員選舉,首次申報,1081122,個人捐贈收入,林江雪貞,,2000.00,0.00,,金錢,新北市新店區****,0928*****,
53,張銘祐,109年立法委員選舉,首次申報,1081123,個人捐贈收入,王世呈,N12*******,1000.00,0.00,,金錢,新北市泰山區****,0935*****,
54,張銘祐,109年立法委員選舉,首次申報,1081125,個人捐贈收入,王姿婷,D22*******,1000.00,0.00,,金錢,新北市樹林區****,0952*****,
55,張銘祐,109年立法委員選舉,首次申報,1081126,個人捐贈收入,呂雅昕,,10000.00,0.00,,金錢,臺北市大安區****,0975*****,
56,張銘祐,109年立法委員選舉,首次申報,1081127,個人捐贈收入,陳宏正,A10*******,100000.00,0.00,,金錢,臺北市大安區****,0953*****,
57,張銘祐,109年立法委員選舉,首次申報,1081129,個人捐贈收入,陳棟銘,,10000.00,0.00,,金錢,新北市新店區****,0922*****,
58,張銘祐,109年立法委員選舉,首次申報,1081129,個人捐贈收入,鄭信貞,,1000.00,0.00,,金錢,新北市新店區****,,
59,張銘祐,109年立法委員選舉,首次申報,1081130,個人捐贈收入,蕭璇璣,A10*******,45000.00,0.00,,金錢,新北市新店區****,0932*****,
60,張銘祐,109年立法委員選舉,首次申報,1081201,匿名捐贈,匿名,,1000.00,0.00,,金錢,,,
61,張銘祐,109年立法委員選舉,首次申報,1081202,個人捐贈收入,黃武雄,,10000.00,0.00,,金錢,新北市新店區****,0229*****,
62,張銘祐,109年立法委員選舉,首次申報,1081202,營利事業捐贈收入,車子路加油站股份有限公司,89780036,6000.00,0.00,,金錢,新北市新店區****,2212*****,
63,張銘祐,109年立法委員選舉,首次申報,1081202,個人捐贈收入,游忠毅,F12*******,60000.00,0.00,,金錢,新北市新店區****,0922*****,
64,張銘祐,109年立法委員選舉,首次申報,1081202,個人捐贈收入,老母雞,S22*******,1600.00,0.00,,金錢,高雄市三民區****,0933*****,
65,張銘祐,109年立法委員選舉,首次申報,1081202,個人捐贈收入,黃淑鳳,T22*******,500.00,0.00,,金錢,新北市三重區****,0932*****,
66,張銘祐,109年立法委員選舉,首次申報,1081203,個人捐贈收入,游嘉豪,,400.00,0.00,,金錢,新北市新店區****,0988*****,
67,張銘祐,109年立法委員選舉,首次申報,1081203,個人捐贈收入,陳臻,,300.00,0.00,,金錢,新北市淡水區****,0970*****,
68,張銘祐,109年立法委員選舉,首次申報,1081203,個人捐贈收入,尤沁瑜,,520.00,0.00,,金錢,臺中市大雅區****,0425*****,
69,張銘祐,109年立法委員選舉,首次申報,1081203,匿名捐贈,匿名,,1000.00,0.00,,金錢,,,
70,張銘祐,109年立法委員選舉,首次申報,1081203,匿名捐贈,匿名,,300.00,0.00,,金錢,,,
71,張銘祐,109年立法委員選舉,首次申報,1081203,個人捐贈收入,曾彥瑜,,300.00,0.00,,金錢,臺北市南港區****,0911*****,
72,張銘祐,109年立法委員選舉,首次申報,1081203,個人捐贈收入,林梳雲,M22*******,1000.00,0.00,,金錢,新北市深坑區****,0956*****,
73,張銘祐,109年立法委員選舉,首次申報,1081203,個人捐贈收入,李玉萍,S22*******,600.00,0.00,,金錢,新北市蘆洲區****,0918*****,
74,張銘祐,109年立法委員選舉,首次申報,1081204,個人捐贈收入,楊佩玲,,500.00,0.00,,金錢,高雄市前鎮區****,0919*****,
75,張銘祐,109年立法委員選舉,首次申報,1081204,個人捐贈收入,林明達,N12*******,10000.00,0.00,,金錢,臺北市松山區****,0928*****,
76,張銘祐,109年立法委員選舉,首次申報,1081204,個人捐贈收入,劉安琪,N22*******,5000.00,0.00,,金錢,新北市五股區****,0952*****,
77,張銘祐,109年立法委員選舉,首次申報,1081204,個人捐贈收入,張慧婷,N22*******,500.00,0.00,,金錢,新北市新店區****,0922*****,
78,張銘祐,109年立法委員選舉,首次申報,1081205,個人捐贈收入,許乃尹,,1300.00,0.00,,金錢,屏東縣屏東市****,0968*****,
79,張銘祐,109年立法委員選舉,首次申報,1081205,營利事業捐贈收入,塞席爾商築積有限公司,24789702,5000.00,0.00,,金錢,臺北市信義區****,,
80,張銘祐,109年立法委員選舉,首次申報,1081205,個人捐贈收入,尤瑋羣,N12*******,20000.00,0.00,,金錢,彰化縣彰化市****,0919*****,
81,張銘祐,109年立法委員選舉,首次申報,1081206,匿名捐贈,匿名,,3000.00,0.00,,金錢,,,
82,張銘祐,109年立法委員選舉,首次申報,1081206,營利事業捐贈收入,常宏興業股份有限公司,27340973,100000.00,0.00,,金錢,新北市林口區****,02-2*****,
83,張銘祐,109年立法委員選舉,首次申報,1081208,個人捐贈收入,黃奕錡,D12*******,2000.00,0.00,,金錢,,0919*****,
84,張銘祐,109年立法委員選舉,首次申報,1081208,個人捐贈收入,陳宣志,E12*******,10000.00,0.00,,金錢,臺中市西區美****,0919*****,
85,張銘祐,109年立法委員選舉,首次申報,1081211,個人捐贈收入,黃良義,C12*******,2020.00,0.00,,金錢,基隆市中山區****,0930*****,
86,張銘祐,109年立法委員選舉,首次申報,1081213,營利事業捐贈收入,台專工程行,09632793,30000.00,0.00,,金錢,新北市深坑區****,0937*****,
87,張銘祐,109年立法委員選舉,首次申報,1081213,個人捐贈收入,黃惠農,G12*******,1000.00,0.00,,金錢,臺北市南港區****,0931*****,
88,張銘祐,109年立法委員選舉,首次申報,1081214,營利事業捐贈收入,鳳凰營造有限公司,54834161,30000.00,0.00,,金錢,新北市新店區****,02-2*****,
89,張銘祐,109年立法委員選舉,首次申報,1081216,匿名捐贈,匿名,,1000.00,0.00,,金錢,,,
90,張銘祐,109年立法委員選舉,首次申報,1081216,個人捐贈收入,王淑芬,D20*******,10000.00,0.00,,金錢,新北市淡水區****,02-2*****,
91,張銘祐,109年立法委員選舉,首次申報,1081216,個人捐贈收入,王香懿,F22*******,10000.00,0.00,,金錢,桃園市平鎮區****,02-2*****,
92,張銘祐,109年立法委員選舉,首次申報,1081217,個人捐贈收入,洪浦釗,F12*******,100000.00,0.00,,金錢,新北市蘆洲區****,0918*****,
93,張銘祐,109年立法委員選舉,首次申報,1081217,個人捐贈收入,蔡惠芳,Q22*******,100000.00,0.00,,金錢,新北市蘆洲區****,0928*****,
94,張銘祐,109年立法委員選舉,首次申報,1081218,個人捐贈收入,趙平文,,2020.00,0.00,,金錢,新竹市科學園****,0937*****,
95,張銘祐,109年立法委員選舉,首次申報,1081219,個人捐贈收入,李勝雄,,2000.00,0.00,,金錢,臺北市中正區****,(02)*****,
96,張銘祐,109年立法委員選舉,首次申報,1081220,個人捐贈收入,孟義傑,F12*******,100000.00,0.00,,金錢,臺北市士林區****,0913*****,
97,張銘祐,109年立法委員選舉,首次申報,1081221,其他收入,利息收入,,105.00,0.00,,金錢,,,
98,張銘祐,109年立法委員選舉,首次申報,1081221,個人捐贈收入,呂金發,X12*******,100000.00,0.00,,金錢,高雄市鼓山區****,0752*****,
99,張銘祐,109年立法委員選舉,首次申報,1081222,個人捐贈收入,陳美琪,P22*******,100000.00,0.00,,金錢,臺南市東區自****,06-2*****,
100,張銘祐,109年立法委員選舉,首次申報,1081222,個人捐贈收入,駱孟賢,U10*******,600.00,0.00,,金錢,新北市新店區****,0987*****,
101,張銘祐,109年立法委員選舉,首次申報,1081223,個人捐贈收入,賴鋕卿,M10*******,10000.00,0.00,,金錢,南投縣草屯鎮****,0937*****,
102,張銘祐,109年立法委員選舉,首次申報,1081224,個人捐贈收入,蔡友松,L10*******,5000.00,0.00,,金錢,台北市中山區****,0928*****,
103,張銘祐,109年立法委員選舉,首次申報,1081225,匿名捐贈,匿名,,500.00,0.00,,金錢,,,
104,張銘祐,109年立法委員選舉,首次申報,1081225,個人捐贈收入,明璟塑膠實業有限公司,,5000.00,0.00,,金錢,高雄市仁武區****,0737*****,
105,張銘祐,109年立法委員選舉,首次申報,1081225,個人捐贈收入,陳俊豪,J12*******,1000.00,0.00,,金錢,新北市新店區****,0935*****,
106,張銘祐,109年立法委員選舉,首次申報,1081229,個人捐贈收入,凃瓊,F22*******,3000.00,0.00,,金錢,新北市新店區****,0919*****,
107,張銘祐,109年立法委員選舉,首次申報,1081230,個人捐贈收入,陳棟耀,F12*******,20000.00,0.00,,金錢,新北市新店區****,0973*****,
108,張銘祐,109年立法委員選舉,首次申報,1081230,個人捐贈收入,陳永福,F12*******,100000.00,0.00,,金錢,新北市新店區****,8665*****,
109,張銘祐,109年立法委員選舉,首次申報,1081230,個人捐贈收入,陳吳美玉,K22*******,100000.00,0.00,,金錢,新北市新店區****,8665*****,
110,張銘祐,109年立法委員選舉,首次申報,1081231,個人捐贈收入,薛順龍,,1000.00,0.00,,金錢,高雄市仁德街****,0983*****,
111,張銘祐,109年立法委員選舉,首次申報,1081231,個人捐贈收入,高莉穎,F20*******,2000.00,0.00,,金錢,新北市石碇區****,0922*****,
112,張銘祐,109年立法委員選舉,首次申報,1090101,個人捐贈收入,倪偉涵,A22*******,400.00,0.00,,金錢,新北市新店區****,0972*****,
113,張銘祐,109年立法委員選舉,首次申報,1090104,個人捐贈收入,簡啓原,T12*******,1000.00,0.00,,金錢,萬丹鄉寶厝村****,0926*****,
114,張銘祐,109年立法委員選舉,首次申報,1090105,匿名捐贈,匿名,,3000.00,0.00,,金錢,,,
115,張銘祐,109年立法委員選舉,首次申報,1090107,匿名捐贈,匿名,,2000.00,0.00,,金錢,,,
116,張銘祐,109年立法委員選舉,首次申報,1090107,個人捐贈收入,王詩敏,D22*******,2000.00,0.00,,金錢,新北市新店區****,0936*****,
117,張銘祐,109年立法委員選舉,首次申報,1090109,個人捐贈收入,李銘欽農,,200.00,0.00,,金錢,臺中市清水區****,04-2*****,
