﻿序號,擬參選人／政黨,選舉名稱,申報序號／年度,交易日期,收支科目,捐贈者／支出對象,身分證／統一編號,收入金額,支出金額,支出用途,金錢類,地址,聯絡電話,資料更正日期
1,高思博,107年直轄市市長選舉,首次申報,1070731,個人捐贈收入,鄭佳紋,A22*******,100000.00,0.00,,金錢,臺北市撫遠街****,,
2,高思博,107年直轄市市長選舉,首次申報,1070731,個人捐贈收入,潘同勇,C12*******,100000.00,0.00,,金錢,台北市內湖區****,,
3,高思博,107年直轄市市長選舉,首次申報,1070731,個人捐贈收入,黃紀穎,P22*******,100000.00,0.00,,金錢,台北市內湖區****,,
4,高思博,107年直轄市市長選舉,首次申報,1070801,個人捐贈收入,吳佩霖,A22*******,100000.00,0.00,,金錢,台北市松山區****,,
5,高思博,107年直轄市市長選舉,首次申報,1070801,個人捐贈收入,黃怡嘉,A22*******,100000.00,0.00,,金錢,基隆市信義區****,,
6,高思博,107年直轄市市長選舉,首次申報,1070801,個人捐贈收入,柯惠齡,E22*******,100000.00,0.00,,金錢,台北市松山區****,,
7,高思博,107年直轄市市長選舉,首次申報,1070801,個人捐贈收入,劉彥君,F22*******,100000.00,0.00,,金錢,新北市三重區****,,
8,高思博,107年直轄市市長選舉,首次申報,1070801,個人捐贈收入,許素芬,H22*******,100000.00,0.00,,金錢,桃園市桃園區****,,
9,高思博,107年直轄市市長選舉,首次申報,1070801,個人捐贈收入,劉俐君,M22*******,100000.00,0.00,,金錢,新北市中和區****,,
10,高思博,107年直轄市市長選舉,首次申報,1070802,個人捐贈收入,王詩晴,B22*******,100000.00,0.00,,金錢,台南市永康區****,,
11,高思博,107年直轄市市長選舉,首次申報,1070802,個人捐贈收入,柯雯華,E22*******,100000.00,0.00,,金錢,高雄市鼓山區****,,
12,高思博,107年直轄市市長選舉,首次申報,1070802,個人捐贈收入,郭麗芳,H22*******,100000.00,0.00,,金錢,桃園市桃園區****,,
13,高思博,107年直轄市市長選舉,首次申報,1070802,個人捐贈收入,莊湘羚,H22*******,100000.00,0.00,,金錢,桃園市蘆竹區****,,
14,高思博,107年直轄市市長選舉,首次申報,1070802,個人捐贈收入,賴麗君,H22*******,100000.00,0.00,,金錢,桃園市蘆竹區****,,
15,高思博,107年直轄市市長選舉,首次申報,1070802,個人捐贈收入,陳玉梅,H22*******,100000.00,0.00,,金錢,新北市林口區****,,
16,高思博,107年直轄市市長選舉,首次申報,1070803,個人捐贈收入,王瑞璐,A22*******,100000.00,0.00,,金錢,台北市大安區****,,
17,高思博,107年直轄市市長選舉,首次申報,1070806,個人捐贈收入,朱怡寧,H22*******,100000.00,0.00,,金錢,台北市內湖區****,,
18,高思博,107年直轄市市長選舉,首次申報,1070808,個人捐贈收入,李惠娟,H22*******,100000.00,0.00,,金錢,新北市林口區****,,
19,高思博,107年直轄市市長選舉,首次申報,1070810,個人捐贈收入,鐘慧如,F22*******,100000.00,0.00,,金錢,新北市林口區****,,
20,高思博,107年直轄市市長選舉,首次申報,1070810,個人捐贈收入,莊浩杰,W10*******,100000.00,0.00,,金錢,中壢市龍昌路****,,
21,高思博,107年直轄市市長選舉,首次申報,1070814,個人捐贈收入,陳學緒,C10*******,100000.00,0.00,,金錢,基隆市信義區****,,
22,高思博,107年直轄市市長選舉,首次申報,1070814,個人捐贈收入,陳林阿玉,C20*******,100000.00,0.00,,金錢,基隆市信義區****,,
23,高思博,107年直轄市市長選舉,首次申報,1070814,個人捐贈收入,施文通,F12*******,100000.00,0.00,,金錢,新北市樹林區****,,
24,高思博,107年直轄市市長選舉,首次申報,1070814,個人捐贈收入,施淑惠,N22*******,100000.00,0.00,,金錢,台北市文山區****,,
25,高思博,107年直轄市市長選舉,首次申報,1070814,個人捐贈收入,張德,R10*******,100000.00,0.00,,金錢,台南市楠西區****,,
26,高思博,107年直轄市市長選舉,首次申報,1070814,個人捐贈收入,王文宗,R12*******,66000.00,0.00,,金錢,台南市學甲區****,,
27,高思博,107年直轄市市長選舉,首次申報,1070814,個人捐贈收入,張景清,R12*******,100000.00,0.00,,金錢,台南市楠西區****,,
28,高思博,107年直轄市市長選舉,首次申報,1070815,個人捐贈收入,張瓊月,A22*******,100000.00,0.00,,金錢,台北市大同區****,,
29,高思博,107年直轄市市長選舉,首次申報,1070815,個人捐贈收入,陳培武,F10*******,100000.00,0.00,,金錢,台北市大安區****,,
30,高思博,107年直轄市市長選舉,首次申報,1070815,個人捐贈收入,陳心明,F12*******,100000.00,0.00,,金錢,台北市大安區****,,
31,高思博,107年直轄市市長選舉,首次申報,1070815,個人捐贈收入,蔡婉如,F20*******,100000.00,0.00,,金錢,台北市大安區****,,
32,高思博,107年直轄市市長選舉,首次申報,1070816,個人捐贈收入,吳德威,F12*******,100000.00,0.00,,金錢,台北市辛亥路****,,
33,高思博,107年直轄市市長選舉,首次申報,1070817,營利事業捐贈收入,寶一科技股份有限公司,04431804,300000.00,0.00,,金錢,台南市新營區****,,
34,高思博,107年直轄市市長選舉,首次申報,1070817,營利事業捐贈收入,台通光電股份有限公司,12362365,100000.00,0.00,,金錢,新北市新莊區****,,
35,高思博,107年直轄市市長選舉,首次申報,1070827,個人捐贈收入,李明忠,A12*******,100000.00,0.00,,金錢,台北市信義區****,,
36,高思博,107年直轄市市長選舉,首次申報,1070827,個人捐贈收入,廖素慧,A22*******,100000.00,0.00,,金錢,新北市新莊區****,,
37,高思博,107年直轄市市長選舉,首次申報,1070827,個人捐贈收入,陳俊良,C12*******,100000.00,0.00,,金錢,新北市汐止區****,,
38,高思博,107年直轄市市長選舉,首次申報,1070827,個人捐贈收入,陳惠玲,C22*******,100000.00,0.00,,金錢,台北市信義區****,,
39,高思博,107年直轄市市長選舉,首次申報,1070827,個人捐贈收入,陸郁安,F22*******,100000.00,0.00,,金錢,台北市文山區****,,
40,高思博,107年直轄市市長選舉,首次申報,1070827,個人捐贈收入,張弘奇,R12*******,100000.00,0.00,,金錢,台南市楠西區****,,
41,高思博,107年直轄市市長選舉,首次申報,1070827,個人捐贈收入,張景能,R12*******,100000.00,0.00,,金錢,台南市楠西區****,,
42,高思博,107年直轄市市長選舉,首次申報,1070827,個人捐贈收入,張維庭,R22*******,100000.00,0.00,,金錢,新北市新莊區****,,
43,高思博,107年直轄市市長選舉,首次申報,1070827,個人捐贈收入,張素鳳,R22*******,100000.00,0.00,,金錢,新北市汐止區****,,
44,高思博,107年直轄市市長選舉,首次申報,1070827,個人捐贈收入,顏銘姿,X22*******,100000.00,0.00,,金錢,台南市楠西區****,,
45,高思博,107年直轄市市長選舉,首次申報,1070829,匿名捐贈,戴豪君,,5000.00,0.00,,金錢,,,
46,高思博,107年直轄市市長選舉,首次申報,1070829,個人捐贈收入,陳冠州,A12*******,100000.00,0.00,,金錢,台北市大安區****,,
47,高思博,107年直轄市市長選舉,首次申報,1070829,個人捐贈收入,郭素貞,A22*******,100000.00,0.00,,金錢,新北市新店區****,,
48,高思博,107年直轄市市長選舉,首次申報,1070829,個人捐贈收入,謝如滿,R22*******,100000.00,0.00,,金錢,台南市永康區****,,
49,高思博,107年直轄市市長選舉,首次申報,1070830,營利事業捐贈收入,元翎精密工業股份有限公司,23019109,1000000.00,0.00,,金錢,雲林縣虎尾鎮****,,
50,高思博,107年直轄市市長選舉,首次申報,1070830,個人捐贈收入,丁耀彬,A10*******,100000.00,0.00,,金錢,台北市文山區****,,
51,高思博,107年直轄市市長選舉,首次申報,1070830,個人捐贈收入,蔡志雄,A12*******,100000.00,0.00,,金錢,新北市汐止區****,,
52,高思博,107年直轄市市長選舉,首次申報,1070830,個人捐贈收入,丁偉倫,A12*******,100000.00,0.00,,金錢,台北市文山區****,,
53,高思博,107年直轄市市長選舉,首次申報,1070830,個人捐贈收入,丁偉哲,A12*******,100000.00,0.00,,金錢,台北市文山區****,,
54,高思博,107年直轄市市長選舉,首次申報,1070830,個人捐贈收入,蔡美麗,F20*******,100000.00,0.00,,金錢,台北市文山區****,,
55,高思博,107年直轄市市長選舉,首次申報,1070831,匿名捐贈,余宗儒,,1000.00,0.00,,金錢,,,
56,高思博,107年直轄市市長選舉,首次申報,1070903,個人捐贈收入,丁耀忠,A11*******,100000.00,0.00,,金錢,台北市中山區****,,
57,高思博,107年直轄市市長選舉,首次申報,1070903,個人捐贈收入,丁耀勇,A12*******,100000.00,0.00,,金錢,新北市新店區****,,
58,高思博,107年直轄市市長選舉,首次申報,1070903,個人捐贈收入,余惠美,A22*******,100000.00,0.00,,金錢,新北市新店區****,,
59,高思博,107年直轄市市長選舉,首次申報,1070903,個人捐贈收入,王麗玲,A22*******,100000.00,0.00,,金錢,新北市永和區****,,
60,高思博,107年直轄市市長選舉,首次申報,1070903,個人捐贈收入,任順宇,A22*******,100000.00,0.00,,金錢,新北市汐止區****,,
61,高思博,107年直轄市市長選舉,首次申報,1070903,個人捐贈收入,蔡佳恩,A22*******,100000.00,0.00,,金錢,台北市文山區****,,
62,高思博,107年直轄市市長選舉,首次申報,1070903,個人捐贈收入,楊世鴻,F12*******,100000.00,0.00,,金錢,新北市永和區****,,
63,高思博,107年直轄市市長選舉,首次申報,1070903,個人捐贈收入,楊飛鴻,F12*******,100000.00,0.00,,金錢,新北市永和區****,,
64,高思博,107年直轄市市長選舉,首次申報,1070903,個人捐贈收入,譚國華,S12*******,100000.00,0.00,,金錢,台北市文山區****,,
65,高思博,107年直轄市市長選舉,首次申報,1070903,個人捐贈收入,連懿慧,Y22*******,100000.00,0.00,,金錢,台北市中山區****,,
66,高思博,107年直轄市市長選舉,首次申報,1070904,個人捐贈收入,陳政元,A12*******,100000.00,0.00,,金錢,台北市內湖區****,,
67,高思博,107年直轄市市長選舉,首次申報,1070905,個人捐贈收入,郭堯明,A10*******,100000.00,0.00,,金錢,台北市民生西****,,
68,高思博,107年直轄市市長選舉,首次申報,1070905,個人捐贈收入,連欣峰,A12*******,100000.00,0.00,,金錢,新北市中和區****,,
69,高思博,107年直轄市市長選舉,首次申報,1070905,個人捐贈收入,胡乃文,A22*******,100000.00,0.00,,金錢,新北市中和區****,,
70,高思博,107年直轄市市長選舉,首次申報,1070905,個人捐贈收入,金世朋,B10*******,10000.00,0.00,,金錢,台北市大安區****,,
71,高思博,107年直轄市市長選舉,首次申報,1070905,個人捐贈收入,宇中怡,B22*******,100000.00,0.00,,金錢,桃園市桃園區****,,
72,高思博,107年直轄市市長選舉,首次申報,1070905,個人捐贈收入,簡展穎,H12*******,100000.00,0.00,,金錢,桃園市桃園區****,,
73,高思博,107年直轄市市長選舉,首次申報,1070905,個人捐贈收入,侯鴻德,Z10*******,100000.00,0.00,,金錢,連江縣南竿鄉****,,
74,高思博,107年直轄市市長選舉,首次申報,1070905,個人捐贈收入,侯仁祥,Z10*******,100000.00,0.00,,金錢,連江縣南竿鄉****,,
75,高思博,107年直轄市市長選舉,首次申報,1070905,個人捐贈收入,林水花,Z20*******,100000.00,0.00,,金錢,連江縣南竿鄉****,,
76,高思博,107年直轄市市長選舉,首次申報,1070905,個人捐贈收入,侯雅文,Z20*******,100000.00,0.00,,金錢,新北市永和區****,,
77,高思博,107年直轄市市長選舉,首次申報,1070905,個人捐贈收入,侯曉蘭,Z20*******,100000.00,0.00,,金錢,新北市永和區****,,
78,高思博,107年直轄市市長選舉,首次申報,1070905,個人捐贈收入,侯曉彤,Z20*******,100000.00,0.00,,金錢,新北市永和區****,,
79,高思博,107年直轄市市長選舉,首次申報,1070906,個人捐贈收入,王芝芳,A12*******,100000.00,0.00,,金錢,台北市中山區****,,
80,高思博,107年直轄市市長選舉,首次申報,1070912,個人捐贈收入,游子賢,A12*******,100000.00,0.00,,金錢,台北市大安區****,,
81,高思博,107年直轄市市長選舉,首次申報,1070912,個人捐贈收入,游義原,F12*******,100000.00,0.00,,金錢,台北市大安區****,,
82,高思博,107年直轄市市長選舉,首次申報,1070912,個人捐贈收入,陳韻如,F22*******,100000.00,0.00,,金錢,台北市大安區****,,
83,高思博,107年直轄市市長選舉,首次申報,1070914,個人捐贈收入,林壯建,A12*******,100000.00,0.00,,金錢,台北市士林區****,,
84,高思博,107年直轄市市長選舉,首次申報,1070914,個人捐贈收入,丁玉珠,A20*******,100000.00,0.00,,金錢,台南市西區健****,,
85,高思博,107年直轄市市長選舉,首次申報,1070914,個人捐贈收入,段雲雲,A21*******,100000.00,0.00,,金錢,台北市士林區****,,
86,高思博,107年直轄市市長選舉,首次申報,1070914,個人捐贈收入,丁宇珊,A22*******,100000.00,0.00,,金錢,台北市中山區****,,
87,高思博,107年直轄市市長選舉,首次申報,1070914,個人捐贈收入,王賢樹,D10*******,100000.00,0.00,,金錢,台南市西區健****,,
88,高思博,107年直轄市市長選舉,首次申報,1070914,個人捐贈收入,王彥傑,D12*******,100000.00,0.00,,金錢,台南市西區健****,,
89,高思博,107年直轄市市長選舉,首次申報,1070914,個人捐贈收入,王彥麟,D22*******,100000.00,0.00,,金錢,台南市西區健****,,
90,高思博,107年直轄市市長選舉,首次申報,1070914,個人捐贈收入,林志鴻,E10*******,100000.00,0.00,,金錢,台北市內湖區****,,
91,高思博,107年直轄市市長選舉,首次申報,1070914,個人捐贈收入,丁偉揚,F12*******,100000.00,0.00,,金錢,新北市新店區****,,
92,高思博,107年直轄市市長選舉,首次申報,1070914,個人捐贈收入,曾雯玲,F22*******,100000.00,0.00,,金錢,台北市內湖區****,,
93,高思博,107年直轄市市長選舉,首次申報,1070914,個人捐贈收入,李安琪,J22*******,100000.00,0.00,,金錢,台北市中山區****,,
94,高思博,107年直轄市市長選舉,首次申報,1070914,個人捐贈收入,楊建國,K12*******,100000.00,0.00,,金錢,新北市永和區****,,
95,高思博,107年直轄市市長選舉,首次申報,1070914,個人捐贈收入,施國珍,L12*******,100000.00,0.00,,金錢,台北市中正區****,,
96,高思博,107年直轄市市長選舉,首次申報,1070914,個人捐贈收入,陳國雄,N12*******,100000.00,0.00,,金錢,台北市明水路****,,
97,高思博,107年直轄市市長選舉,首次申報,1070914,個人捐贈收入,李適因,R22*******,100000.00,0.00,,金錢,台北市中正區****,,
98,高思博,107年直轄市市長選舉,首次申報,1070917,匿名捐贈,匿名,,1000.00,0.00,,金錢,,,
99,高思博,107年直轄市市長選舉,首次申報,1070917,個人捐贈收入,賀士郡,D12*******,100000.00,0.00,,金錢,台北市大安區****,,
100,高思博,107年直轄市市長選舉,首次申報,1070918,匿名捐贈,匿名,,200.00,0.00,,金錢,,,
101,高思博,107年直轄市市長選舉,首次申報,1070918,個人捐贈收入,林壯興,A10*******,100000.00,0.00,,金錢,台北市士林區****,,
102,高思博,107年直轄市市長選舉,首次申報,1070918,個人捐贈收入,林壯松,A12*******,100000.00,0.00,,金錢,台北市士林區****,,
103,高思博,107年直轄市市長選舉,首次申報,1070918,個人捐贈收入,楊秀珍,A22*******,2000.00,0.00,,金錢,台北市內湖區****,,
104,高思博,107年直轄市市長選舉,首次申報,1070918,個人捐贈收入,王雅萱,A22*******,100000.00,0.00,,金錢,台北市大安路****,,
105,高思博,107年直轄市市長選舉,首次申報,1070919,匿名捐贈,轉存(馮國卿),,1000.00,0.00,,金錢,,,
106,高思博,107年直轄市市長選舉,首次申報,1070919,個人捐贈收入,李素枝,R22*******,5000.00,0.00,,金錢,台南市官田區****,,
107,高思博,107年直轄市市長選舉,首次申報,1070920,匿名捐贈,匿名,,600.00,0.00,,金錢,,,
108,高思博,107年直轄市市長選舉,首次申報,1070925,匿名捐贈,匿名,,229.00,0.00,,金錢,,,
109,高思博,107年直轄市市長選舉,首次申報,1070925,個人捐贈收入,凌浩航,A12*******,100000.00,0.00,,金錢,台北市大安區****,,
110,高思博,107年直轄市市長選舉,首次申報,1070925,個人捐贈收入,凌浩倫,A12*******,100000.00,0.00,,金錢,台北市大安區****,,
111,高思博,107年直轄市市長選舉,首次申報,1070925,個人捐贈收入,李心綬,A12*******,100000.00,0.00,,金錢,台北市大安區****,,
112,高思博,107年直轄市市長選舉,首次申報,1070925,個人捐贈收入,曾良萍,A20*******,100000.00,0.00,,金錢,台北市大安區****,,
113,高思博,107年直轄市市長選舉,首次申報,1070925,個人捐贈收入,林碧霞,A22*******,100000.00,0.00,,金錢,台北市士林區****,,
114,高思博,107年直轄市市長選舉,首次申報,1070925,個人捐贈收入,黃麗雯,D22*******,100000.00,0.00,,金錢,新北市淡水區****,,
115,高思博,107年直轄市市長選舉,首次申報,1070925,個人捐贈收入,吳翰青,E22*******,100000.00,0.00,,金錢,新北市淡水區****,,
116,高思博,107年直轄市市長選舉,首次申報,1070925,個人捐贈收入,吳映樺,E22*******,100000.00,0.00,,金錢,新北市淡水區****,,
117,高思博,107年直轄市市長選舉,首次申報,1070925,個人捐贈收入,陳成發,F10*******,100000.00,0.00,,金錢,桃園市八德區****,,
118,高思博,107年直轄市市長選舉,首次申報,1070925,個人捐贈收入,林建旭,F12*******,100000.00,0.00,,金錢,新竹市東區食****,,
119,高思博,107年直轄市市長選舉,首次申報,1070925,個人捐贈收入,楊月鳳,H22*******,100000.00,0.00,,金錢,桃園市平鎮區****,,
120,高思博,107年直轄市市長選舉,首次申報,1070925,個人捐贈收入,林筱薇,H22*******,100000.00,0.00,,金錢,桃園市桃園區****,,
121,高思博,107年直轄市市長選舉,首次申報,1070925,個人捐贈收入,鍾雅琪,H22*******,100000.00,0.00,,金錢,桃園市蘆竹區****,,
122,高思博,107年直轄市市長選舉,首次申報,1070925,個人捐贈收入,羅莉玲,J22*******,100000.00,0.00,,金錢,新竹市東區食****,,
123,高思博,107年直轄市市長選舉,首次申報,1070925,個人捐贈收入,凌鎮光,K10*******,100000.00,0.00,,金錢,台北市大安區****,,
124,高思博,107年直轄市市長選舉,首次申報,1070925,個人捐贈收入,王貴英,K22*******,100000.00,0.00,,金錢,桃園市蘆竹區****,,
125,高思博,107年直轄市市長選舉,首次申報,1070925,個人捐贈收入,吳政哲,R12*******,100000.00,0.00,,金錢,新北市淡水區****,,
126,高思博,107年直轄市市長選舉,首次申報,1070925,個人捐贈收入,郭繼鵬,S12*******,100000.00,0.00,,金錢,桃園市平鎮區****,,
127,高思博,107年直轄市市長選舉,首次申報,1070925,個人捐贈收入,張頌華,U12*******,100000.00,0.00,,金錢,桃園市桃園區****,,
128,高思博,107年直轄市市長選舉,首次申報,1070925,個人捐贈收入,周念林,Y12*******,100000.00,0.00,,金錢,台北市士林區****,,
129,高思博,107年直轄市市長選舉,首次申報,1070926,個人捐贈收入,黃坤明,A11*******,200000.00,0.00,,金錢,台北市北投區****,,
130,高思博,107年直轄市市長選舉,首次申報,1070926,個人捐贈收入,莊秉卓,E12*******,60000.00,0.00,,金錢,新竹市東區新****,,
131,高思博,107年直轄市市長選舉,首次申報,1070927,個人捐贈收入,黃坤明,A11*******,100000.00,0.00,,金錢,台北市北投區****,,
132,高思博,107年直轄市市長選舉,首次申報,1070927,個人捐贈收入,張乃月,R22*******,100000.00,0.00,,金錢,台北市北投區****,,
133,高思博,107年直轄市市長選舉,首次申報,1071001,個人捐贈收入,徐朝南,M12*******,1000.00,0.00,,金錢,新竹縣竹北市****,,
134,高思博,107年直轄市市長選舉,首次申報,1071003,個人捐贈收入,張導民,A12*******,100000.00,0.00,,金錢,台北市萬華區****,,
135,高思博,107年直轄市市長選舉,首次申報,1071003,個人捐贈收入,陳健基,A12*******,100000.00,0.00,,金錢,台北市南港區****,,
136,高思博,107年直轄市市長選舉,首次申報,1071003,個人捐贈收入,陳盈如,A22*******,100000.00,0.00,,金錢,新北市汐止區****,,
137,高思博,107年直轄市市長選舉,首次申報,1071003,個人捐贈收入,陳淑玲,A22*******,100000.00,0.00,,金錢,台北市松山區****,,
138,高思博,107年直轄市市長選舉,首次申報,1071003,個人捐贈收入,陳虹閔,A22*******,100000.00,0.00,,金錢,台北市中正區****,,
139,高思博,107年直轄市市長選舉,首次申報,1071003,個人捐贈收入,蔡良靜,A22*******,100000.00,0.00,,金錢,台北市士林區****,,
140,高思博,107年直轄市市長選舉,首次申報,1071003,個人捐贈收入,林自強,C12*******,100000.00,0.00,,金錢,桃園市桃園區****,,
141,高思博,107年直轄市市長選舉,首次申報,1071003,個人捐贈收入,陸榮木,E12*******,100000.00,0.00,,金錢,台北市松山區****,,
142,高思博,107年直轄市市長選舉,首次申報,1071003,個人捐贈收入,陳美惠,E22*******,100000.00,0.00,,金錢,桃園市大園區****,,
143,高思博,107年直轄市市長選舉,首次申報,1071003,個人捐贈收入,王俞晴,E22*******,100000.00,0.00,,金錢,台北市萬華區****,,
144,高思博,107年直轄市市長選舉,首次申報,1071003,個人捐贈收入,葉麗香,F22*******,100000.00,0.00,,金錢,台北市松山區****,,
145,高思博,107年直轄市市長選舉,首次申報,1071003,個人捐贈收入,鍾金宏,H12*******,100000.00,0.00,,金錢,桃園市平鎮區****,,
146,高思博,107年直轄市市長選舉,首次申報,1071003,個人捐贈收入,戴常烈,H12*******,100000.00,0.00,,金錢,桃園市桃園區****,,
147,高思博,107年直轄市市長選舉,首次申報,1071003,個人捐贈收入,徐森清,H12*******,100000.00,0.00,,金錢,桃園市大園區****,,
148,高思博,107年直轄市市長選舉,首次申報,1071003,個人捐贈收入,李貞儀,H22*******,100000.00,0.00,,金錢,桃園市桃園區****,,
149,高思博,107年直轄市市長選舉,首次申報,1071003,個人捐贈收入,陳嬿如,H22*******,100000.00,0.00,,金錢,桃園市蘆竹區****,,
150,高思博,107年直轄市市長選舉,首次申報,1071003,個人捐贈收入,徐國森,K12*******,100000.00,0.00,,金錢,苗栗縣造橋鄉****,,
151,高思博,107年直轄市市長選舉,首次申報,1071003,個人捐贈收入,盧孟洋,R12*******,100000.00,0.00,,金錢,新北市新店區****,,
152,高思博,107年直轄市市長選舉,首次申報,1071003,個人捐贈收入,王致尹,S22*******,100000.00,0.00,,金錢,高雄市三民區****,,
153,高思博,107年直轄市市長選舉,首次申報,1071003,個人捐贈收入,馮世仰,Y12*******,100000.00,0.00,,金錢,台北市光復北****,,
154,高思博,107年直轄市市長選舉,首次申報,1071005,個人捐贈收入,李德治,A12*******,100000.00,0.00,,金錢,台北市大安區****,,
155,高思博,107年直轄市市長選舉,首次申報,1071005,個人捐贈收入,林奕含,F22*******,100000.00,0.00,,金錢,台北市大安區****,,
156,高思博,107年直轄市市長選舉,首次申報,1071005,個人捐贈收入,洪千里,N20*******,100000.00,0.00,,金錢,台北市金山南****,,
157,高思博,107年直轄市市長選舉,首次申報,1071006,個人捐贈收入,張四明,Q12*******,6000.00,0.00,,金錢,台北市士林區****,,
158,高思博,107年直轄市市長選舉,首次申報,1071009,個人捐贈收入,王梅薰,R20*******,66000.00,0.00,,金錢,台南市永康區****,,
159,高思博,107年直轄市市長選舉,首次申報,1071011,匿名捐贈,顏獻章,,1000.00,0.00,,金錢,,,
160,高思博,107年直轄市市長選舉,首次申報,1071012,營利事業捐贈收入,欣于實業有限公司,12541852,500000.00,0.00,,金錢,新北市三重區****,,
161,高思博,107年直轄市市長選舉,首次申報,1071013,個人捐贈收入,黃莙蓉,A22*******,1000.00,0.00,,金錢,台北市中正區****,,
162,高思博,107年直轄市市長選舉,首次申報,1071014,匿名捐贈,匿名,,100.00,0.00,,金錢,,,
163,高思博,107年直轄市市長選舉,首次申報,1071015,匿名捐贈,邱維振,,200.00,0.00,,金錢,,,
164,高思博,107年直轄市市長選舉,首次申報,1071015,個人捐贈收入,潘信宇,R12*******,20000.00,0.00,,金錢,台南市東山區****,,
165,高思博,107年直轄市市長選舉,首次申報,1071015,個人捐贈收入,潘宗遠,R12*******,30000.00,0.00,,金錢,台南市新營區****,,
166,高思博,107年直轄市市長選舉,首次申報,1071015,個人捐贈收入,洪過,R20*******,20000.00,0.00,,金錢,台南市東山區****,,
167,高思博,107年直轄市市長選舉,首次申報,1071015,個人捐贈收入,潘彥伶,R22*******,30000.00,0.00,,金錢,台南市永康區****,,
168,高思博,107年直轄市市長選舉,首次申報,1071016,匿名捐贈,劉培玉,,3000.00,0.00,,金錢,,,
169,高思博,107年直轄市市長選舉,首次申報,1071016,匿名捐贈,匿名,,1000.00,0.00,,金錢,,,
170,高思博,107年直轄市市長選舉,首次申報,1071018,匿名捐贈,陳慧眞,,200.00,0.00,,金錢,,,
171,高思博,107年直轄市市長選舉,首次申報,1071019,個人捐贈收入,黃輝鐘,A12*******,100000.00,0.00,,金錢,台北市民生東****,,
172,高思博,107年直轄市市長選舉,首次申報,1071019,個人捐贈收入,黃婉玲,D22*******,1000.00,0.00,,金錢,台南市安平區****,,
173,高思博,107年直轄市市長選舉,首次申報,1071019,個人捐贈收入,林孟璋,K12*******,30000.00,0.00,,金錢,台北市大安區****,,
174,高思博,107年直轄市市長選舉,首次申報,1071019,個人捐贈收入,張天恩,Y12*******,100000.00,0.00,,金錢,新北市五股區****,,
175,高思博,107年直轄市市長選舉,首次申報,1071020,個人捐贈收入,許耀仁,D12*******,10000.00,0.00,,金錢,台北市士林區****,,
176,高思博,107年直轄市市長選舉,首次申報,1071021,個人捐贈收入,王明屏,D12*******,10000.00,0.00,,金錢,台南市安南區****,,
177,高思博,107年直轄市市長選舉,首次申報,1071022,個人捐贈收入,周誠,R12*******,1000.00,0.00,,金錢,台南市官田區****,,
178,高思博,107年直轄市市長選舉,首次申報,1071023,個人捐贈收入,林玲玲,A22*******,100000.00,0.00,,金錢,台北市士林區****,,
179,高思博,107年直轄市市長選舉,首次申報,1071023,個人捐贈收入,林惠珠,A22*******,100000.00,0.00,,金錢,台北市中正區****,,
180,高思博,107年直轄市市長選舉,首次申報,1071023,個人捐贈收入,顏志偉,D12*******,1300.00,0.00,,金錢,台南市中西區****,,
181,高思博,107年直轄市市長選舉,首次申報,1071023,個人捐贈收入,蔡正義,E10*******,20000.00,0.00,,金錢,台南市南區健****,,
182,高思博,107年直轄市市長選舉,首次申報,1071023,個人捐贈收入,倪子修,K12*******,50000.00,0.00,,金錢,台北市士林區****,,
183,高思博,107年直轄市市長選舉,首次申報,1071023,個人捐贈收入,倪子修,K12*******,16000.00,0.00,,金錢,台北市士林區****,,
184,高思博,107年直轄市市長選舉,首次申報,1071024,個人捐贈收入,龔韻蘅,Q22*******,1000.00,0.00,,金錢,台南市中西區****,,
185,高思博,107年直轄市市長選舉,首次申報,1071025,個人捐贈收入,胡曉萍,Q22*******,10000.00,0.00,,金錢,台南市東區莊****,,
186,高思博,107年直轄市市長選舉,首次申報,1071028,匿名捐贈,匿名,,1000.00,0.00,,金錢,,,
187,高思博,107年直轄市市長選舉,首次申報,1071029,個人捐贈收入,陳億龍,R12*******,100000.00,0.00,,金錢,台南市歸仁區****,,
188,高思博,107年直轄市市長選舉,首次申報,1071030,匿名捐贈,楚安宇,,1000.00,0.00,,金錢,,,
189,高思博,107年直轄市市長選舉,首次申報,1071101,匿名捐贈,蔡道成,,500.00,0.00,,金錢,,,
190,高思博,107年直轄市市長選舉,首次申報,1071101,個人捐贈收入,蔡明堂,D12*******,20000.00,0.00,,金錢,台南市東區裕****,,
191,高思博,107年直轄市市長選舉,首次申報,1071101,個人捐贈收入,蔡存天,D12*******,20000.00,0.00,,金錢,台南市安平區****,,
192,高思博,107年直轄市市長選舉,首次申報,1071101,個人捐贈收入,蔡應利,D12*******,10000.00,0.00,,金錢,台南市東區裕****,,
193,高思博,107年直轄市市長選舉,首次申報,1071102,個人捐贈收入,鄭自順,D12*******,5000.00,0.00,,金錢,台南市北區育****,,
194,高思博,107年直轄市市長選舉,首次申報,1071105,個人捐贈收入,陳金龍,S10*******,50000.00,0.00,,金錢,台南市中西區****,,
195,高思博,107年直轄市市長選舉,首次申報,1071106,個人捐贈收入,蔡福銀,R12*******,2000.00,0.00,,金錢,台南市歸仁區****,,
196,高思博,107年直轄市市長選舉,首次申報,1071106,個人捐贈收入,黃立愷,R22*******,1000.00,0.00,,金錢,台南市北區育****,,
197,高思博,107年直轄市市長選舉,首次申報,1071107,匿名捐贈,匿名,,100.00,0.00,,金錢,,,
198,高思博,107年直轄市市長選舉,首次申報,1071107,匿名捐贈,盧保漢,,6000.00,0.00,,金錢,,,
199,高思博,107年直轄市市長選舉,首次申報,1071108,匿名捐贈,吳佩芯,,200.00,0.00,,金錢,,,
200,高思博,107年直轄市市長選舉,首次申報,1071108,個人捐贈收入,孫吳貴金,S20*******,2000.00,0.00,,金錢,台中市北屯區****,,
201,高思博,107年直轄市市長選舉,首次申報,1071109,匿名捐贈,黃龍福,,3000.00,0.00,,金錢,,,
202,高思博,107年直轄市市長選舉,首次申報,1071109,匿名捐贈,匿名,,200.00,0.00,,金錢,,,
203,高思博,107年直轄市市長選舉,首次申報,1071109,個人捐贈收入,喻麗華,D20*******,5000.00,0.00,,金錢,台南市中西區****,,
204,高思博,107年直轄市市長選舉,首次申報,1071109,個人捐贈收入,謝政家,S12*******,20000.00,0.00,,金錢,高雄市路竹區****,,
205,高思博,107年直轄市市長選舉,首次申報,1071111,匿名捐贈,無名氏,,5000.00,0.00,,金錢,,,
206,高思博,107年直轄市市長選舉,首次申報,1071111,營利事業捐贈收入,遠東百貨股份有限公司,03521905,1000000.00,0.00,,金錢,新北市板橋區****,,
207,高思博,107年直轄市市長選舉,首次申報,1071111,營利事業捐贈收入,遠東新世紀股份有限公司,03522600,1000000.00,0.00,,金錢,台北市大安區****,,
208,高思博,107年直轄市市長選舉,首次申報,1071113,個人捐贈收入,杜順榮,N12*******,100000.00,0.00,,金錢,台北市復興南****,,
209,高思博,107年直轄市市長選舉,首次申報,1071115,匿名捐贈,匿名,,100.00,0.00,,金錢,,,
210,高思博,107年直轄市市長選舉,首次申報,1071115,個人捐贈收入,吳東露,A10*******,30970.00,0.00,,金錢,台北市中山區****,,
211,高思博,107年直轄市市長選舉,首次申報,1071117,個人捐贈收入,陳慶勳,F12*******,50000.00,0.00,,金錢,新北市新店區****,,
212,高思博,107年直轄市市長選舉,首次申報,1071117,個人捐贈收入,王美月,F20*******,50000.00,0.00,,金錢,新北市新店區****,,
213,高思博,107年直轄市市長選舉,首次申報,1071119,個人捐贈收入,蔡美娟,D20*******,9700.00,0.00,,金錢,台南市東區中****,,
214,高思博,107年直轄市市長選舉,首次申報,1071121,個人捐贈收入,陳紹鯤,R10*******,10000.00,0.00,,金錢,台南市佳里區****,,
215,高思博,107年直轄市市長選舉,首次申報,1071121,個人捐贈收入,孫玲娣,R20*******,10000.00,0.00,,金錢,台南市佳里區****,,
216,高思博,107年直轄市市長選舉,首次申報,1071122,個人捐贈收入,鄭創嶽,J12*******,10000.00,0.00,,金錢,台南市北區元****,,
217,高思博,107年直轄市市長選舉,首次申報,1071122,個人捐贈收入,李霽原,R12*******,10000.00,0.00,,金錢,台南市六甲區****,,
218,高思博,107年直轄市市長選舉,首次申報,1071122,個人捐贈收入,黃琇君,R22*******,10000.00,0.00,,金錢,台南市新營區****,,
219,高思博,107年直轄市市長選舉,首次申報,1071220,其他收入,利息收入,,392.00,0.00,,金錢,,,
