﻿序號,擬參選人／政黨,選舉名稱,申報序號／年度,交易日期,收支科目,捐贈者／支出對象,身分證／統一編號,收入金額,支出金額,支出用途,金錢類,地址,聯絡電話,資料更正日期
1,倪亞東,第2屆桃園市龜山區陸光里里長補選,首次申報,1091008,個人捐贈收入,牛廉,,12700.00,0.00,,金錢,桃園市桃園區****,,
2,倪亞東,第2屆桃園市龜山區陸光里里長補選,首次申報,1091013,個人捐贈收入,農榮華,H10*******,5000.00,0.00,,金錢,桃園市龜山區****,,
3,倪亞東,第2屆桃園市龜山區陸光里里長補選,首次申報,1091014,個人捐贈收入,黃唯承,,5000.00,0.00,,金錢,桃園市龜山區****,,
4,倪亞東,第2屆桃園市龜山區陸光里里長補選,首次申報,1091014,個人捐贈收入,馮豫永,,5000.00,0.00,,金錢,桃園市龜山區****,,
5,倪亞東,第2屆桃園市龜山區陸光里里長補選,首次申報,1091020,個人捐贈收入,張素琦,,1200.00,0.00,,金錢,桃園市龜山區****,,
6,倪亞東,第2屆桃園市龜山區陸光里里長補選,首次申報,1091021,個人捐贈收入,鍾朝瑾,,30000.00,0.00,,金錢,桃園市桃園區****,,
7,倪亞東,第2屆桃園市龜山區陸光里里長補選,首次申報,1091023,個人捐贈收入,鍾文輝,,2000.00,0.00,,金錢,桃園市龜山區****,,
8,倪亞東,第2屆桃園市龜山區陸光里里長補選,首次申報,1091024,營利事業捐贈收入,元璿有限公司,70519652,8000.00,0.00,,金錢,桃園市中正路****,03-2*****,
9,倪亞東,第2屆桃園市龜山區陸光里里長補選,首次申報,1091024,個人捐贈收入,李先泰,H10*******,1000.00,0.00,,金錢,桃園市龜山區****,,
10,倪亞東,第2屆桃園市龜山區陸光里里長補選,首次申報,1091024,個人捐贈收入,倪冬青,H12*******,70000.00,0.00,,金錢,桃園市八德區****,,
11,倪亞東,第2屆桃園市龜山區陸光里里長補選,首次申報,1091027,個人捐贈收入,李麗花,,2000.00,0.00,,金錢,桃園市龜山區****,,
12,倪亞東,第2屆桃園市龜山區陸光里里長補選,首次申報,1091027,個人捐贈收入,陳美華,,2500.00,0.00,,金錢,桃園市龜山區****,,
13,倪亞東,第2屆桃園市龜山區陸光里里長補選,首次申報,1091027,個人捐贈收入,陳麗華,,2500.00,0.00,,金錢,新北市新店區****,,
14,倪亞東,第2屆桃園市龜山區陸光里里長補選,首次申報,1091027,個人捐贈收入,陳新華,,2500.00,0.00,,金錢,桃園市中壢區****,,
15,倪亞東,第2屆桃園市龜山區陸光里里長補選,首次申報,1091027,個人捐贈收入,陳正華,,2500.00,0.00,,金錢,桃園市龜山區****,,
16,倪亞東,第2屆桃園市龜山區陸光里里長補選,首次申報,1091027,個人捐贈收入,陳武秋蓮,,2000.00,0.00,,金錢,桃園市中壢區****,03-4*****,
17,倪亞東,第2屆桃園市龜山區陸光里里長補選,首次申報,1091027,個人捐贈收入,梁光浩,,2000.00,0.00,,金錢,桃園市龜山區****,,
18,倪亞東,第2屆桃園市龜山區陸光里里長補選,首次申報,1091027,個人捐贈收入,陳美華,,3000.00,0.00,,金錢,桃園市龜山區****,,
19,倪亞東,第2屆桃園市龜山區陸光里里長補選,首次申報,1091031,個人捐贈收入,陳朱鳳英,,1000.00,0.00,,金錢,桃園市龜山區****,,
