﻿序號,擬參選人／政黨,選舉名稱,申報序號／年度,交易日期,收支科目,捐贈者／支出對象,身分證／統一編號,收入金額,支出金額,支出用途,金錢類,地址,聯絡電話,資料更正日期
1,鍾明輝,107年縣(市)議員選舉,首次申報,1070828,營利事業捐贈收入,大慶汽車工業股份有限公司,22318282,300000.00,0.00,,金錢,屏東縣屏東市****,7538*****,
2,鍾明輝,107年縣(市)議員選舉,首次申報,1070903,個人捐贈收入,李敏莉,,5000.00,0.00,,金錢,屏東縣屏東市****,,
3,鍾明輝,107年縣(市)議員選舉,首次申報,1070905,個人捐贈收入,楊柳芸,,5000.00,0.00,,金錢,屏東縣屏東市****,,
4,鍾明輝,107年縣(市)議員選舉,首次申報,1070928,個人捐贈收入,楊福金,,20000.00,0.00,,金錢,屏東縣屏東市****,,
5,鍾明輝,107年縣(市)議員選舉,首次申報,1070928,營利事業捐贈收入,正發行,70940879,30000.00,0.00,,金錢,屏東縣屏東市****,08-7*****,
6,鍾明輝,107年縣(市)議員選舉,首次申報,1070928,個人捐贈收入,許義男,T10*******,50000.00,0.00,,金錢,屏東縣屏東市****,,
7,鍾明輝,107年縣(市)議員選舉,首次申報,1071001,營利事業捐贈收入,政茂金屬工業股份有限公司,80131200,100000.00,0.00,,金錢,屏東縣屏東市****,,
8,鍾明輝,107年縣(市)議員選舉,首次申報,1071004,個人捐贈收入,蔡典岳,,20000.00,0.00,,金錢,屏東縣屏東市****,7228*****,
9,鍾明輝,107年縣(市)議員選舉,首次申報,1071004,個人捐贈收入,馮振源,T10*******,10000.00,0.00,,金錢,屏東縣屏東市****,0978*****,
10,鍾明輝,107年縣(市)議員選舉,首次申報,1071008,個人捐贈收入,李寬宏,,1000.00,0.00,,金錢,屏東縣屏東市****,0955*****,
11,鍾明輝,107年縣(市)議員選舉,首次申報,1071008,個人捐贈收入,鐘玉芬,,2000.00,0.00,,金錢,屏東縣屏東市****,0920*****,
12,鍾明輝,107年縣(市)議員選舉,首次申報,1071008,個人捐贈收入,陳王孟淑,,6000.00,0.00,,金錢,屏東縣屏東市****,7655*****,
13,鍾明輝,107年縣(市)議員選舉,首次申報,1071008,個人捐贈收入,邱金英許嘉政,,2000.00,0.00,,金錢,屏東縣屏東市****,7361*****,
14,鍾明輝,107年縣(市)議員選舉,首次申報,1071009,人民團體捐贈收入,社團法人屏東縣健康板彈球協會,,2000.00,0.00,,金錢,屏東市華盛街****,7556*****,
15,鍾明輝,107年縣(市)議員選舉,首次申報,1071009,個人捐贈收入,曾思瑜,T22*******,30000.00,0.00,,金錢,屏東縣屏東市****,0958*****,
16,鍾明輝,107年縣(市)議員選舉,首次申報,1071009,個人捐贈收入,黃馨禾,T22*******,30000.00,0.00,,金錢,屏東縣屏東市****,0932*****,
17,鍾明輝,107年縣(市)議員選舉,首次申報,1071009,個人捐贈收入,黃千芳,T22*******,30000.00,0.00,,金錢,屏東縣屏東市****,,
18,鍾明輝,107年縣(市)議員選舉,首次申報,1071011,匿名捐贈,匿名,,10000.00,0.00,,金錢,,,
19,鍾明輝,107年縣(市)議員選舉,首次申報,1071011,匿名捐贈,匿名,,10000.00,0.00,,金錢,,,
20,鍾明輝,107年縣(市)議員選舉,首次申報,1071011,個人捐贈收入,林錦緞,T20*******,10000.00,0.00,,金錢,屏東縣屏東市****,,
21,鍾明輝,107年縣(市)議員選舉,首次申報,1071012,個人捐贈收入,柯立祥,,2000.00,0.00,,金錢,屏東縣屏東市****,0933*****,
22,鍾明輝,107年縣(市)議員選舉,首次申報,1071016,人民團體捐贈收入,屏東縣長治鄉番仔寮生活文化促進會,,2000.00,0.00,,金錢,長治鄉繁隆村****,7621*****,
23,鍾明輝,107年縣(市)議員選舉,首次申報,1071016,個人捐贈收入,侯喬友,,5000.00,0.00,,金錢,屏東縣屏東市****,0910*****,
24,鍾明輝,107年縣(市)議員選舉,首次申報,1071017,個人捐贈收入,莊新濤,,3000.00,0.00,,金錢,屏東縣屏東市****,0975*****,
25,鍾明輝,107年縣(市)議員選舉,首次申報,1071017,個人捐贈收入,黃建旺,,3000.00,0.00,,金錢,屏東縣屏東市****,7338*****,
26,鍾明輝,107年縣(市)議員選舉,首次申報,1071018,人民團體捐贈收入,屏東縣藥劑生公會,,6000.00,0.00,,金錢,屏東市民生路****,7233*****,
27,鍾明輝,107年縣(市)議員選舉,首次申報,1071018,人民團體捐贈收入,屏東縣屏東市硬式網球協會,,10000.00,0.00,,金錢,屏東市中華路****,7363*****,
28,鍾明輝,107年縣(市)議員選舉,首次申報,1071018,個人捐贈收入,曾娟美,,10000.00,0.00,,金錢,新北市中和區****,,
29,鍾明輝,107年縣(市)議員選舉,首次申報,1071018,營利事業捐贈收入,普淨實業有限公司,89503595,10000.00,0.00,,金錢,屏東縣萬丹鄉****,7773*****,
30,鍾明輝,107年縣(市)議員選舉,首次申報,1071019,個人捐贈收入,楊國信,,10000.00,0.00,,金錢,屏東縣屏東市****,0937*****,
31,鍾明輝,107年縣(市)議員選舉,首次申報,1071022,個人捐贈收入,李文緒,,5000.00,0.00,,金錢,彰化縣彰化市****,0932*****,
32,鍾明輝,107年縣(市)議員選舉,首次申報,1071022,個人捐贈收入,黃秀婚,T22*******,10000.00,0.00,,金錢,屏東縣長治鄉****,0937*****,
33,鍾明輝,107年縣(市)議員選舉,首次申報,1071023,人民團體捐贈收入,屏東縣中華生物能醫學氣功協會,,3000.00,0.00,,金錢,屏東市大連里****,08-7*****,
34,鍾明輝,107年縣(市)議員選舉,首次申報,1071029,個人捐贈收入,陳山坤,,10000.00,0.00,,金錢,屏東縣屏東市****,0910*****,
35,鍾明輝,107年縣(市)議員選舉,首次申報,1071029,個人捐贈收入,陳邦彥,R10*******,20000.00,0.00,,金錢,屏東縣屏東市****,7228*****,
36,鍾明輝,107年縣(市)議員選舉,首次申報,1071102,個人捐贈收入,鄭亻秀珠,T22*******,10000.00,0.00,,金錢,屏東縣屏東市****,,
37,鍾明輝,107年縣(市)議員選舉,首次申報,1071105,個人捐贈收入,黃福德,T10*******,20000.00,0.00,,金錢,屏東縣內埔鄉****,0933*****,
38,鍾明輝,107年縣(市)議員選舉,首次申報,1071106,人民團體捐贈收入,屏東縣屏東市軟式網球協會,,3000.00,0.00,,金錢,屏東市北平路****,7368*****,
39,鍾明輝,107年縣(市)議員選舉,首次申報,1071106,個人捐贈收入,蕭益,,2000.00,0.00,,金錢,屏東縣屏東市****,7337*****,
40,鍾明輝,107年縣(市)議員選舉,首次申報,1071106,個人捐贈收入,吳佳倪,T22*******,10000.00,0.00,,金錢,屏東縣長治鄉****,,
41,鍾明輝,107年縣(市)議員選舉,首次申報,1071108,個人捐贈收入,梁道仁,,10000.00,0.00,,金錢,屏東縣屏東市****,0929*****,
42,鍾明輝,107年縣(市)議員選舉,首次申報,1071108,個人捐贈收入,葉錦旺,T12*******,10000.00,0.00,,金錢,屏東縣潮州鎮****,7233*****,
43,鍾明輝,107年縣(市)議員選舉,首次申報,1071108,個人捐贈收入,吳佳倪,T22*******,10000.00,0.00,,金錢,屏東縣長治鄉****,,
44,鍾明輝,107年縣(市)議員選舉,首次申報,1071109,個人捐贈收入,曾裕江,,10000.00,0.00,,金錢,屏東縣屏東市****,0937*****,
45,鍾明輝,107年縣(市)議員選舉,首次申報,1071112,營利事業捐贈收入,華全食品工業股份有限公司,90127562,50000.00,0.00,,金錢,屏東縣屏東市****,7226*****,
46,鍾明輝,107年縣(市)議員選舉,首次申報,1071112,個人捐贈收入,蕭惠彬,T12*******,6000.00,0.00,,金錢,高雄市左營區****,7662*****,
47,鍾明輝,107年縣(市)議員選舉,首次申報,1071113,個人捐贈收入,張沛暘,T22*******,10000.00,0.00,,金錢,屏東縣屏東市****,,
48,鍾明輝,107年縣(市)議員選舉,首次申報,1071116,營利事業捐贈收入,紘昇工程行,37685855,5000.00,0.00,,金錢,屏東縣屏東市****,,
49,鍾明輝,107年縣(市)議員選舉,首次申報,1071116,營利事業捐贈收入,信潮工業股份有限公司,89747369,50000.00,0.00,,金錢,屏東縣屏東市****,,
50,鍾明輝,107年縣(市)議員選舉,首次申報,1071119,個人捐贈收入,楊進德,R12*******,50000.00,0.00,,金錢,屏東縣屏東市****,,
