﻿序號,擬參選人／政黨,選舉名稱,申報序號／年度,交易日期,收支科目,捐贈者／支出對象,身分證／統一編號,收入金額,支出金額,捐贈方式,存入專戶日期,返還/繳庫,支出用途,金錢類,地址,聯絡電話,應揭露之支出對象,支出對象之內部人員姓名,支出對象之內部人員職稱,政黨之內部人員姓名,政黨之內部人員職稱,關係,更正註記,資料更正日期
1,范振東,111年新竹縣議員選舉,首次申報,1111011,個人捐贈收入,呂理達,H10*******,100000.00,0.00,現金,1111011,,,金錢,桃園市龍潭區****,0935*****,,,,,,,,
2,范振東,111年新竹縣議員選舉,首次申報,1111011,個人捐贈收入,簡蘆美,H20*******,100000.00,0.00,現金,1111011,,,金錢,臺北市中正區****,0937*****,,,,,,,,
3,范振東,111年新竹縣議員選舉,首次申報,1111012,個人捐贈收入,楊森隆,B10*******,100000.00,0.00,現金,1111013,,,金錢,高雄市鳥松區****,0935*****,,,,,,,,
4,范振東,111年新竹縣議員選舉,首次申報,1111012,個人捐贈收入,吳啟明,U10*******,50000.00,0.00,匯款,1111012,,,金錢,新竹縣竹北市****,0972*****,,,,,,,,
5,范振東,111年新竹縣議員選舉,首次申報,1111030,個人捐贈收入,吳國誠,,20000.00,0.00,匯款,1111030,,,金錢,新竹市富群街****,0933*****,,,,,,,,
6,范振東,111年新竹縣議員選舉,首次申報,1111031,個人捐贈收入,范翊珍,,1000.00,0.00,現金,1111031,,,金錢,,0911*****,,,,,,,,
7,范振東,111年新竹縣議員選舉,首次申報,1111031,個人捐贈收入,吳重雨,,20000.00,0.00,匯款,1111031,,,金錢,,0352*****,,,,,,,,
8,范振東,111年新竹縣議員選舉,首次申報,1111107,個人捐贈收入,范嘉麟,F22*******,100000.00,0.00,現金,1111108,,,金錢,新竹縣竹東鎮****,0952*****,,,,,,,,
9,范振東,111年新竹縣議員選舉,首次申報,1111117,個人捐贈收入,許淑惠,X20*******,50000.00,0.00,現金,1111117,,,金錢,新竹縣竹東鎮****,,,,,,,,,
10,范振東,111年新竹縣議員選舉,首次申報,1111118,個人捐贈收入,許淑惠,X20*******,50000.00,0.00,現金,1111118,,,金錢,新竹縣竹東鎮****,0358*****,,,,,,,,
11,范振東,111年新竹縣議員選舉,首次申報,1111125,匿名捐贈,匿名,,2000.00,0.00,現金,1111125,,,金錢,,,,,,,,,,
12,范振東,111年新竹縣議員選舉,首次申報,1111125,匿名捐贈,匿名1,,3000.00,0.00,現金,1111125,,,金錢,,,,,,,,,,
13,范振東,111年新竹縣議員選舉,首次申報,1111125,匿名捐贈,匿名2,,3000.00,0.00,現金,1111125,,,金錢,,,,,,,,,,
14,范振東,111年新竹縣議員選舉,首次申報,1111125,匿名捐贈,匿名3,,2000.00,0.00,現金,1111125,,,金錢,,,,,,,,,,
15,范振東,111年新竹縣議員選舉,首次申報,1111125,匿名捐贈,匿名3,,2000.00,0.00,現金,1111125,,,金錢,,,,,,,,,,
16,范振東,111年新竹縣議員選舉,首次申報,1111125,匿名捐贈,匿名4,,2000.00,0.00,現金,1111125,,,金錢,,,,,,,,,,
17,范振東,111年新竹縣議員選舉,首次申報,1111125,匿名捐贈,匿名5,,3000.00,0.00,現金,1111125,,,金錢,,,,,,,,,,
18,范振東,111年新竹縣議員選舉,首次申報,1111125,匿名捐贈,匿名6,,5000.00,0.00,現金,1111125,,,金錢,,,,,,,,,,
19,范振東,111年新竹縣議員選舉,首次申報,1111125,匿名捐贈,匿名8,,2000.00,0.00,現金,1111125,,,金錢,,,,,,,,,,
20,范振東,111年新竹縣議員選舉,首次申報,1111125,匿名捐贈,匿名7,,2000.00,0.00,現金,1111125,,,金錢,,,,,,,,,,
21,范振東,111年新竹縣議員選舉,首次申報,1111125,匿名捐贈,匿名9,,1000.00,0.00,現金,1111125,,,金錢,,,,,,,,,,
22,范振東,111年新竹縣議員選舉,首次申報,1111125,匿名捐贈,匿名10,,3000.00,0.00,現金,1111125,,,金錢,,,,,,,,,,
