﻿序號,擬參選人／政黨,選舉名稱,申報序號／年度,交易日期,收支科目,捐贈者／支出對象,身分證／統一編號,收入金額,支出金額,捐贈方式,存入專戶日期,返還/繳庫,支出用途,金錢類,地址,聯絡電話,應揭露之支出對象,支出對象之內部人員姓名,支出對象之內部人員職稱,政黨之內部人員姓名,政黨之內部人員職稱,關係,更正註記,資料更正日期
1,湯鳳娥,111年南投縣水里鄉鄉長選舉,首次申報,1111010,個人捐贈收入,游瑞雯,M22*******,6000.00,0.00,匯款,1111010,,,金錢,新北市蘆洲區****,,,,,,,,,
2,湯鳳娥,111年南投縣水里鄉鄉長選舉,首次申報,1111017,個人捐贈收入,王念慈,M22*******,50000.00,0.00,匯款,1111017,,,金錢,新竹縣竹北市****,,,,,,,,,
3,湯鳳娥,111年南投縣水里鄉鄉長選舉,首次申報,1111026,個人捐贈收入,許桓偉,M12*******,100000.00,0.00,匯款,1111026,,,金錢,新竹縣竹北市****,,,,,,,,,
4,湯鳳娥,111年南投縣水里鄉鄉長選舉,首次申報,1111101,個人捐贈收入,王思涵,M22*******,30.00,0.00,匯款,1111101,,,金錢,南投縣水里鄉****,,,,,,,,,
5,湯鳳娥,111年南投縣水里鄉鄉長選舉,首次申報,1111102,匿名捐贈,匿名,,1200.00,0.00,匯款,1111102,,,金錢,,,,,,,,,,
6,湯鳳娥,111年南投縣水里鄉鄉長選舉,首次申報,1111103,營利事業捐贈收入,日月潭鴻賓大飯店,61803826,10000.00,0.00,匯款,1111103,,,金錢,南投縣魚池鄉****,,,,,,,,,
7,湯鳳娥,111年南投縣水里鄉鄉長選舉,首次申報,1111107,個人捐贈收入,王廷恩,M12*******,13000.00,0.00,匯款,1111107,,,金錢,雲林縣斗六市****,,,,,,,,,
8,湯鳳娥,111年南投縣水里鄉鄉長選舉,首次申報,1111108,個人捐贈收入,吳旻諺,M12*******,20000.00,0.00,匯款,1111108,,,金錢,南投縣水里鄉****,,,,,,,,,
9,湯鳳娥,111年南投縣水里鄉鄉長選舉,首次申報,1111221,其他收入,利息收入,,102.00,0.00,匯款,1111221,,,金錢,,,,,,,,,,
