﻿序號,擬參選人／政黨,選舉名稱,申報序號／年度,交易日期,收支科目,捐贈者／支出對象,身分證／統一編號,收入金額,支出金額,支出用途,金錢類,地址,聯絡電話,資料更正日期
1,甘乃迪,109年立法委員選舉,首次申報,1080722,租用競選辦事處支出,楊林迎,H20*******,0.00,13000.00,籌備處租金,金錢,桃園市園二街****,,
2,甘乃迪,109年立法委員選舉,首次申報,1080822,租用競選辦事處支出,楊林迎,H20*******,0.00,13000.00,籌備處租金,金錢,桃園市園二街****,,
3,甘乃迪,109年立法委員選舉,首次申報,1080922,租用競選辦事處支出,楊林迎,H20*******,0.00,13000.00,籌備處租金,金錢,桃園市園二街****,,
4,甘乃迪,109年立法委員選舉,首次申報,1081022,租用競選辦事處支出,楊林迎,H20*******,0.00,13000.00,籌備處租金,金錢,桃園市園二街****,,
5,甘乃迪,109年立法委員選舉,首次申報,1081122,租用競選辦事處支出,楊林迎,H20*******,0.00,13000.00,籌備處租金,金錢,桃園市園二街****,,
