﻿序號,擬參選人／政黨,選舉名稱,申報序號／年度,交易日期,收支科目,捐贈者／支出對象,身分證／統一編號,收入金額,支出金額,捐贈方式,存入專戶日期,返還/繳庫,支出用途,金錢類,地址,聯絡電話,應揭露之支出對象,支出對象之內部人員姓名,支出對象之內部人員職稱,政黨之內部人員姓名,政黨之內部人員職稱,關係,更正註記,資料更正日期
1,凃淑媚,111年彰化縣議員選舉,首次申報,1111001,個人捐贈收入,洪光台,N12*******,50000.00,0.00,現金,1111001,,,金錢,彰化縣鹿港鎮****,,,,,,,,,
2,凃淑媚,111年彰化縣議員選舉,首次申報,1111003,營利事業捐贈收入,泉盛工業股份有限公司,24861437,20000.00,0.00,現金,1111003,,,金錢,彰化縣鹿港鎮****,,,,,,,,,
3,凃淑媚,111年彰化縣議員選舉,首次申報,1111004,營利事業捐贈收入,久皇機械股份有限公司,59243849,100000.00,0.00,現金,1111004,,,金錢,彰化縣秀水鄉****,,,,,,,,,
4,凃淑媚,111年彰化縣議員選舉,首次申報,1111004,營利事業捐贈收入,彰格股份有限公司,59355251,66000.00,0.00,票據,1111004,,,金錢,彰化縣鹿港鎮****,,,,,,,,,
5,凃淑媚,111年彰化縣議員選舉,首次申報,1111004,個人捐贈收入,蔡國洲,N12*******,100000.00,0.00,現金,1111004,,,金錢,臺中市西屯區****,,,,,,,,,
6,凃淑媚,111年彰化縣議員選舉,首次申報,1111004,個人捐贈收入,施惟中,N12*******,20000.00,0.00,現金,1111004,,,金錢,彰化縣鹿港鎮****,,,,,,,,,
7,凃淑媚,111年彰化縣議員選舉,首次申報,1111004,個人捐贈收入,蔡國平,N12*******,100000.00,0.00,現金,1111004,,,金錢,彰化縣福興鄉****,,,,,,,,,
8,凃淑媚,111年彰化縣議員選舉,首次申報,1111004,個人捐贈收入,陳諸讚,N12*******,20000.00,0.00,現金,1111004,,,金錢,彰化縣芳苑鄉****,,,,,,,,,
9,凃淑媚,111年彰化縣議員選舉,首次申報,1111004,個人捐贈收入,洪一平,N12*******,20000.00,0.00,現金,1111004,,,金錢,彰化縣鹿港鎮****,,,,,,,,,
10,凃淑媚,111年彰化縣議員選舉,首次申報,1111004,個人捐贈收入,林嘉賓,N12*******,20000.00,0.00,現金,1111004,,,金錢,彰化縣埔鹽鄉****,,,,,,,,,
11,凃淑媚,111年彰化縣議員選舉,首次申報,1111004,個人捐贈收入,郭式雄,N12*******,20000.00,0.00,現金,1111004,,,金錢,彰化縣鹿港鎮****,,,,,,,,,
12,凃淑媚,111年彰化縣議員選舉,首次申報,1111004,個人捐贈收入,鄭賜恩,N12*******,20000.00,0.00,現金,1111004,,,金錢,彰化縣秀水鄉****,,,,,,,,,
13,凃淑媚,111年彰化縣議員選舉,首次申報,1111004,個人捐贈收入,江沂錦,N12*******,20000.00,0.00,現金,1111004,,,金錢,彰化縣鹿港鎮****,,,,,,,,,
14,凃淑媚,111年彰化縣議員選舉,首次申報,1111004,個人捐贈收入,洪玉映,N22*******,20000.00,0.00,現金,1111004,,,金錢,彰化縣福興鄉****,,,,,,,,,
15,凃淑媚,111年彰化縣議員選舉,首次申報,1111004,個人捐贈收入,粘秋蘭,N22*******,20000.00,0.00,現金,1111004,,,金錢,彰化縣鹿港鎮****,,,,,,,,,
16,凃淑媚,111年彰化縣議員選舉,首次申報,1111004,個人捐贈收入,辜宇仙,N22*******,20000.00,0.00,現金,1111004,,,金錢,彰化縣彰化市****,,,,,,,,,
17,凃淑媚,111年彰化縣議員選舉,首次申報,1111004,個人捐贈收入,張筱勤,P22*******,100000.00,0.00,現金,1111004,,,金錢,臺中市西屯區****,,,,,,,,,
18,凃淑媚,111年彰化縣議員選舉,首次申報,1111013,營利事業捐贈收入,乃興企業股份有限公司,58102223,20000.00,0.00,現金,1111013,,,金錢,彰化縣福興鄉****,,,,,,,,,
19,凃淑媚,111年彰化縣議員選舉,首次申報,1111013,營利事業捐贈收入,芊信股份有限公司,59363421,60000.00,0.00,現金,1111013,,,金錢,彰化縣鹿港鎮****,,,,,,,,,
20,凃淑媚,111年彰化縣議員選舉,首次申報,1111013,個人捐贈收入,謝煒昌,N12*******,20000.00,0.00,現金,1111013,,,金錢,彰化縣鹿港鎮****,,,,,,,,,
21,凃淑媚,111年彰化縣議員選舉,首次申報,1111017,個人捐贈收入,劉玉閔,N22*******,100000.00,0.00,現金,1111017,,,金錢,彰化縣福興鄉****,,,,,,,,,
22,凃淑媚,111年彰化縣議員選舉,首次申報,1111019,個人捐贈收入,陳鴻麟,N12*******,60000.00,0.00,匯款,1111019,,,金錢,彰化縣鹿港鎮****,,,,,,,,,
23,凃淑媚,111年彰化縣議員選舉,首次申報,1111020,個人捐贈收入,施怡卉,N22*******,100000.00,0.00,現金,1111020,,,金錢,彰化縣福興鄉****,,,,,,,,,
24,凃淑媚,111年彰化縣議員選舉,首次申報,1111024,個人捐贈收入,粘仁德,N12*******,100000.00,0.00,匯款,1111024,,,金錢,彰化縣福興鄉****,,,,,,,,,
25,凃淑媚,111年彰化縣議員選舉,首次申報,1111025,營利事業捐贈收入,大陽精機廠股份有限公司,58020264,100000.00,0.00,票據,1111025,,,金錢,彰化縣鹿港鎮****,,,,,,,,,
26,凃淑媚,111年彰化縣議員選舉,首次申報,1111025,個人捐贈收入,陳惠淋,N22*******,50000.00,0.00,現金,1111025,,,金錢,新竹縣竹北市****,,,,,,,,,
27,凃淑媚,111年彰化縣議員選舉,首次申報,1111028,營利事業捐贈收入,四二電子股份有限公司,23208565,100000.00,0.00,現金,1111028,,,金錢,彰化縣福興鄉****,,,,,,,,,
28,凃淑媚,111年彰化縣議員選舉,首次申報,1111028,個人捐贈收入,柯錦綉,N22*******,30000.00,0.00,現金,1111028,,,金錢,彰化縣鹿港鎮****,,,,,,,,,
29,凃淑媚,111年彰化縣議員選舉,首次申報,1111104,營利事業捐贈收入,彰鹿預拌混凝土股份有限公司,22998555,30000.00,0.00,現金,1111104,,,金錢,彰化縣福興鄉****,,,,,,,,,
30,凃淑媚,111年彰化縣議員選舉,首次申報,1111107,營利事業捐贈收入,萬銓精機股份有限公司,80043760,100000.00,0.00,現金,1111107,,,金錢,彰化縣鹿港鎮****,,,,,,,,,
31,凃淑媚,111年彰化縣議員選舉,首次申報,1111107,個人捐贈收入,鄭芸芷,N22*******,20000.00,0.00,現金,1111107,,,金錢,彰化縣鹿港鎮****,,,,,,,,,
32,凃淑媚,111年彰化縣議員選舉,首次申報,1111107,個人捐贈收入,鄭伊玲,N22*******,20000.00,0.00,現金,1111107,,,金錢,彰化縣鹿港鎮****,,,,,,,,,
33,凃淑媚,111年彰化縣議員選舉,首次申報,1111107,個人捐贈收入,鄭巧苓,N22*******,10000.00,0.00,現金,1111107,,,金錢,彰化縣鹿港鎮****,,,,,,,,,
34,凃淑媚,111年彰化縣議員選舉,首次申報,1111115,營利事業捐贈收入,慶復隆股份有限公司,97075701,30000.00,0.00,票據,1111115,,,金錢,彰化縣鹿港鎮****,,,,,,,,,
35,凃淑媚,111年彰化縣議員選舉,首次申報,1111115,個人捐贈收入,梁朝翔,A12*******,60000.00,0.00,現金,1111115,,,金錢,臺北市中正區****,,,,,,,,,
36,凃淑媚,111年彰化縣議員選舉,首次申報,1111115,個人捐贈收入,楊再興,N10*******,10000.00,0.00,票據,1111115,,,金錢,彰化縣鹿港鎮****,,,,,,,,,
37,凃淑媚,111年彰化縣議員選舉,首次申報,1111122,營利事業捐贈收入,裕泰電線電纜股份有限公司,01976648,100000.00,0.00,現金,1111122,,,金錢,新北市林口區****,,,,,,,,,
38,凃淑媚,111年彰化縣議員選舉,首次申報,1111122,個人捐贈收入,陳瑞文,N12*******,50000.00,0.00,現金,1111122,,,金錢,彰化縣鹿港鎮****,,,,,,,,,
39,凃淑媚,111年彰化縣議員選舉,首次申報,1111122,個人捐贈收入,陳怡夙,N22*******,60000.00,0.00,現金,1111122,,,金錢,臺中市西屯區****,,,,,,,,,
40,凃淑媚,111年彰化縣議員選舉,首次申報,1111125,個人捐贈收入,林詳格,N12*******,50000.00,0.00,現金,1111125,,,金錢,彰化縣彰化市****,,,,,,,,,
41,凃淑媚,111年彰化縣議員選舉,首次申報,1111221,其他收入,利息收入,,169.00,0.00,匯款,1111221,,,金錢,,,,,,,,,,
