﻿序號,擬參選人／政黨,選舉名稱,申報序號／年度,交易日期,收支科目,捐贈者／支出對象,身分證／統一編號,收入金額,支出金額,捐贈方式,存入專戶日期,返還/繳庫,支出用途,金錢類,地址,聯絡電話,應揭露之支出對象,支出對象之內部人員姓名,支出對象之內部人員職稱,政黨之內部人員姓名,政黨之內部人員職稱,關係,更正註記,資料更正日期
1,林俊凱,111年臺中市議員選舉,首次申報,1110504,租用競選辦事處支出,富邦媒體科技股份有限公司,27365925,0.00,10520.00,,,,租買辦公設備費用-電腦設備,金錢,臺北市內湖區****,,否,,,,,,,
2,林俊凱,111年臺中市議員選舉,首次申報,1110505,交通旅運支出,台灣中油股份有限公司油品行銷事業部台中營業處三民路加油站,06074160,0.00,177.00,,,,油資,金錢,臺中市南區三****,,否,,,,,,,
3,林俊凱,111年臺中市議員選舉,首次申報,1110506,雜支支出,良興股份有限公司台中英才店,38911197,0.00,1600.00,,,,文具用品費用,金錢,臺中市西區英****,,否,,,,,,,
4,林俊凱,111年臺中市議員選舉,首次申報,1110506,人事費用支出,陳玉珮,C22*******,0.00,9072.00,,,,工資或薪津,金錢,基隆市七堵區****,0905*****,否,,,,,,,
5,林俊凱,111年臺中市議員選舉,首次申報,1110509,交通旅運支出,台灣中油股份有限公司油品行銷事業部台中營業處南門橋加油站,57024903,0.00,197.00,,,,油資,金錢,臺中市大里區****,,否,,,,,,,
6,林俊凱,111年臺中市議員選舉,首次申報,1110512,雜支支出,應援科技股份有限公司,83763685,0.00,6300.00,,,,雜項購置或修繕費用,金錢,臺北市內湖區****,,否,,,,,,,
7,林俊凱,111年臺中市議員選舉,首次申報,1110514,雜支支出,寶雅國際股份有限公司台中大里分公司,51441677,0.00,217.00,,,,文具用品費用,金錢,臺中市大里區****,,否,,,,,,,
8,林俊凱,111年臺中市議員選舉,首次申報,1110520,雜支支出,應援科技股份有限公司,83763685,0.00,468.00,,,,應援科技金流手續費,金錢,臺北市內湖區****,,否,,,,,,,
9,林俊凱,111年臺中市議員選舉,首次申報,1110525,宣傳支出,陳怡溱,L22*******,0.00,3000.00,,,,製作競選物品或宣傳廣告費用（A文宣）,金錢,臺中市大里區****,0963*****,否,,,,,,,
10,林俊凱,111年臺中市議員選舉,首次申報,1110527,租用競選辦事處支出,富邦媒體科技股份有限公司,27365925,0.00,4406.00,,,,租買辦公設備費用-電腦設備,金錢,臺北市內湖區****,,否,,,,,,,
11,林俊凱,111年臺中市議員選舉,首次申報,1110528,雜支支出,漢村股份有限公司,89795903,0.00,176.00,,,,汽機車燃料費用,金錢,臺中市西屯區****,,否,,,,,,,
12,林俊凱,111年臺中市議員選舉,首次申報,1110530,宣傳支出,大里內新郵局,,0.00,1188.00,,,,郵寄競選物品或宣傳廣告費用,金錢,臺中市大里區****,,否,,,,,,,
13,林俊凱,111年臺中市議員選舉,首次申報,1110530,宣傳支出,大里內新郵局,,0.00,50.00,,,,郵寄競選物品或宣傳廣告費用,金錢,臺中市大里區****,,否,,,,,,,
14,林俊凱,111年臺中市議員選舉,首次申報,1110531,租用競選辦事處支出,良興股份有限公司台中英才店,38911197,0.00,5690.00,,,,租買辦公設備費用,金錢,臺中市西區英****,,否,,,,,,,
15,林俊凱,111年臺中市議員選舉,首次申報,1110601,宣傳支出,台中西屯郵局,,0.00,252.00,,,,郵寄競選物品或宣傳廣告費用,金錢,臺中市西屯區****,,否,,,,,,,
16,林俊凱,111年臺中市議員選舉,首次申報,1110601,宣傳支出,宇德精密工具有限公司,83634070,0.00,12000.00,,,,製作競選物品或宣傳廣告費用（工具組組）,金錢,臺中市大雅區****,,否,,,,,,,
17,林俊凱,111年臺中市議員選舉,首次申報,1110602,雜支支出,應援科技股份有限公司,83763685,0.00,1320.00,,,,應援科技金流手續費,金錢,臺北市內湖區****,,否,,,,,,,
18,林俊凱,111年臺中市議員選舉,首次申報,1110602,雜支支出,漢村股份有限公司,89795903,0.00,176.00,,,,汽機車燃料費用,金錢,臺中市西屯區****,,否,,,,,,,
19,林俊凱,111年臺中市議員選舉,首次申報,1110606,宣傳支出,臺中福平里郵局,,0.00,72.00,,,,郵寄競選物品或宣傳廣告費用,金錢,臺中市南區復****,,否,,,,,,,
20,林俊凱,111年臺中市議員選舉,首次申報,1110606,宣傳支出,林載啓,A12*******,0.00,66000.00,,,,租用廣告看板或車體廣告費用,金錢,臺中市北區崇****,0919*****,否,,,,,,,
21,林俊凱,111年臺中市議員選舉,首次申報,1110606,人事費用支出,陳玉珮,C22*******,0.00,11256.00,,,,其他因工作酬勞之給付網路行銷,金錢,基隆市七堵區****,0905*****,否,,,,,,,
22,林俊凱,111年臺中市議員選舉,首次申報,1110610,雜支支出,應援科技股份有限公司,83763685,0.00,185.00,,,,應援科技金流手續費,金錢,臺北市內湖區****,,否,,,,,,,
23,林俊凱,111年臺中市議員選舉,首次申報,1110611,交通旅運支出,台灣中油股份有限公司油品行銷事業部台中營業處南門橋加油站,57024903,0.00,112.00,,,,油資,金錢,臺中市大里區****,,否,,,,,,,
24,林俊凱,111年臺中市議員選舉,首次申報,1110613,宣傳支出,台中西屯郵局,,0.00,72.00,,,,郵寄競選物品或宣傳廣告費用,金錢,臺中市西屯區****,,否,,,,,,,
25,林俊凱,111年臺中市議員選舉,首次申報,1110613,宣傳支出,宇德精密工具有限公司,83634070,0.00,17750.00,,,,製作競選物品或宣傳廣告費用（手工具支）,金錢,臺中市大雅區****,,否,,,,,,,
26,林俊凱,111年臺中市議員選舉,首次申報,1110615,宣傳支出,台中西屯郵局,,0.00,108.00,,,,郵寄競選物品或宣傳廣告費用,金錢,臺中市西屯區****,,否,,,,,,,
27,林俊凱,111年臺中市議員選舉,首次申報,1110616,租用競選辦事處支出,聖邦國際有限公司,28039370,0.00,790.00,,,,租買辦公設備費用,金錢,臺中市西屯區****,,否,,,,,,,
28,林俊凱,111年臺中市議員選舉,首次申報,1110617,宣傳支出,國立台中第一高級中學員生消費合作社,,0.00,750.00,,,,製作競選物品或宣傳廣告費用（宣傳影片道具）,金錢,臺中市北區育****,,否,,,,,,,
29,林俊凱,111年臺中市議員選舉,首次申報,1110617,宣傳支出,美榮行,05489459,0.00,80.00,,,,製作競選物品或宣傳廣告費用（影片道具）,金錢,臺中市北區錦****,,否,,,,,,,
30,林俊凱,111年臺中市議員選舉,首次申報,1110617,雜支支出,應援科技股份有限公司,83763685,0.00,430.00,,,,應援科技金流手續費,金錢,臺北市內湖區****,,否,,,,,,,
31,林俊凱,111年臺中市議員選舉,首次申報,1110618,交通旅運支出,台灣中油股份有限公司油品行銷事業部台中營業處三民路加油站,06074160,0.00,178.00,,,,油資,金錢,臺中市南區三****,,否,,,,,,,
32,林俊凱,111年臺中市議員選舉,首次申報,1110619,交通旅運支出,台灣中油股份有限公司油品行銷事業部台中營業處南門橋加油站,57024903,0.00,1000.00,,,,油資,金錢,臺中市大里區****,,否,,,,,,,
33,林俊凱,111年臺中市議員選舉,首次申報,1110625,租用競選辦事處支出,黃基洲,B12*******,0.00,67500.00,,,,租用競選辦事處費用,金錢,臺中市南區復****,,否,,,,,,,
34,林俊凱,111年臺中市議員選舉,首次申報,1110627,宣傳支出,臺中福平里郵局,,0.00,122.00,,,,郵寄競選物品或宣傳廣告費用,金錢,臺中市南區復****,,否,,,,,,,
35,林俊凱,111年臺中市議員選舉,首次申報,1110701,宣傳支出,岢麗金股份有限公司,80251078,0.00,882.00,,,,製作競選物品或宣傳廣告費用（手舉牌）,金錢,臺中市東區東****,,否,,,,,,,
36,林俊凱,111年臺中市議員選舉,首次申報,1110701,雜支支出,應援科技股份有限公司,83763685,0.00,777.00,,,,應援科技金流手續費,金錢,臺北市內湖區****,,否,,,,,,,
37,林俊凱,111年臺中市議員選舉,首次申報,1110704,宣傳支出,大里內新郵局,,0.00,108.00,,,,郵寄競選物品或宣傳廣告費用,金錢,臺中市大里區****,,否,,,,,,,
38,林俊凱,111年臺中市議員選舉,首次申報,1110708,宣傳支出,台中西屯郵局,,0.00,144.00,,,,郵寄競選物品或宣傳廣告費用,金錢,臺中市西屯區****,,否,,,,,,,
39,林俊凱,111年臺中市議員選舉,首次申報,1110708,雜支支出,應援科技股份有限公司,83763685,0.00,338.00,,,,應援科技金流手續費,金錢,臺北市內湖區****,,否,,,,,,,
40,林俊凱,111年臺中市議員選舉,首次申報,1110710,宣傳支出,健豪印刷事業股份有限公司,16332027,0.00,5250.00,,,,製作競選物品或宣傳廣告費用（物品名稱-DM）,金錢,臺中市西區大****,,否,,,,,,,
41,林俊凱,111年臺中市議員選舉,首次申報,1110710,租用競選辦事處支出,燦坤實業股份有限公司台中旗艦分公司,27243281,0.00,1449.00,,,,租買辦公設備費用,金錢,臺中市南區樹****,,否,,,,,,,
42,林俊凱,111年臺中市議員選舉,首次申報,1110710,人事費用支出,陳玉珮,C22*******,0.00,10416.00,,,,工資或薪津,金錢,基隆市七堵區****,0905*****,否,,,,,,,
43,林俊凱,111年臺中市議員選舉,首次申報,1110711,宣傳支出,大里內新郵局,,0.00,108.00,,,,郵寄競選物品或宣傳廣告費用,金錢,臺中市大里區****,,否,,,,,,,
44,林俊凱,111年臺中市議員選舉,首次申報,1110713,宣傳支出,台中西屯郵局,,0.00,72.00,,,,郵寄競選物品或宣傳廣告費用,金錢,臺中市西屯區****,,否,,,,,,,
45,林俊凱,111年臺中市議員選舉,首次申報,1110715,雜支支出,應援科技股份有限公司,83763685,0.00,663.00,,,,應援科技金流手續費,金錢,臺北市內湖區****,,否,,,,,,,
46,林俊凱,111年臺中市議員選舉,首次申報,1110717,交通旅運支出,台灣中油股份有限公司油品行銷事業部台中營業處永和街加油站,06074176,0.00,157.00,,,,油資,金錢,臺中市南區平****,,否,,,,,,,
47,林俊凱,111年臺中市議員選舉,首次申報,1110717,雜支支出,寶雅國際股份有限公司-台中美村南分公司,53016620,0.00,349.00,,,,雜項購置或修繕費用,金錢,臺中市南區美****,,否,,,,,,,
48,林俊凱,111年臺中市議員選舉,首次申報,1110717,交通旅運支出,台灣中油股份有限公司油品行銷事業部台中營業處南門橋加油站,57024903,0.00,1000.00,,,,油資,金錢,臺中市大里區****,,否,,,,,,,
49,林俊凱,111年臺中市議員選舉,首次申報,1110718,宣傳支出,健豪印刷事業股份有限公司,16332027,0.00,5250.00,,,,製作競選物品或宣傳廣告費用（物品名稱-DM）,金錢,臺中市西區大****,,否,,,,,,,
50,林俊凱,111年臺中市議員選舉,首次申報,1110721,宣傳支出,台中西屯郵局,,0.00,144.00,,,,郵寄競選物品或宣傳廣告費用,金錢,臺中市西屯區****,,否,,,,,,,
51,林俊凱,111年臺中市議員選舉,首次申報,1110721,交通旅運支出,台灣中油股份有限公司油品行銷事業部台中營業處青海路加油站,77209822,0.00,1591.00,,,,油資,金錢,臺中市西屯區****,,否,,,,,,,
52,林俊凱,111年臺中市議員選舉,首次申報,1110722,雜支支出,應援科技股份有限公司,83763685,0.00,50.00,,,,應援科技金流手續費,金錢,臺北市內湖區****,,否,,,,,,,
53,林俊凱,111年臺中市議員選舉,首次申報,1110723,雜支支出,李古茶坊,72522041,0.00,350.00,,,,餐飲費用,金錢,臺中市南區美****,,否,,,,,,,
54,林俊凱,111年臺中市議員選舉,首次申報,1110724,交通旅運支出,台灣中油股份有限公司油品行銷事業部台中營業處南門橋加油站,57024903,0.00,140.00,,,,油資,金錢,臺中市大里區****,,否,,,,,,,
55,林俊凱,111年臺中市議員選舉,首次申報,1110725,宣傳支出,台中西屯郵局,,0.00,72.00,,,,郵寄競選物品或宣傳廣告費用,金錢,臺中市西屯區****,,否,,,,,,,
56,林俊凱,111年臺中市議員選舉,首次申報,1110727,宣傳支出,宇德精密工具有限公司,83634070,0.00,6000.00,,,,製作競選物品或宣傳廣告費用（捐款小物）,金錢,臺中市大雅區****,,否,,,,,,,
57,林俊凱,111年臺中市議員選舉,首次申報,1110728,宣傳支出,永密科技有限公司,90590098,0.00,2500.00,,,,製作競選物品或宣傳廣告費用（黑糖珍珠）,金錢,臺中市西區和****,,否,,,,,,,
58,林俊凱,111年臺中市議員選舉,首次申報,1110729,雜支支出,冠昇生活館有限公司,,0.00,186.00,,,,文具用品費用,金錢,臺中市西屯區****,,否,,,,,,,
59,林俊凱,111年臺中市議員選舉,首次申報,1110729,雜支支出,應援科技股份有限公司,83763685,0.00,238.00,,,,應援科技金流手續費,金錢,臺北市內湖區****,,否,,,,,,,
60,林俊凱,111年臺中市議員選舉,首次申報,1110730,雜支支出,和德昌股份有限公司-台中復興Ⅱ分公司,97161614,0.00,349.00,,,,餐飲費用,金錢,臺中市南區復****,,否,,,,,,,
61,林俊凱,111年臺中市議員選舉,首次申報,1110731,雜支支出,大魯閣實業,,0.00,3595.00,,,,餐飲費用,金錢,臺中市復興路****,,否,,,,,,,
62,林俊凱,111年臺中市議員選舉,首次申報,1110801,宣傳支出,台中西屯郵局,,0.00,36.00,,,,播放、傳送或刊登宣傳廣告費用,金錢,臺中市西屯區****,,否,,,,,,,
63,林俊凱,111年臺中市議員選舉,首次申報,1110801,交通旅運支出,台灣中油股份有限公司油品行銷事業部台中營業處永和街加油站,06074176,0.00,164.00,,,,油資,金錢,臺中市南區平****,,否,,,,,,,
64,林俊凱,111年臺中市議員選舉,首次申報,1110802,宣傳支出,蔡燕南,B10*******,0.00,20000.00,,,,租用廣告看板或車體廣告費用,金錢,臺中市南區國****,,否,,,,,,,
65,林俊凱,111年臺中市議員選舉,首次申報,1110802,人事費用支出,陳玉珮,C22*******,0.00,9072.00,,,,工資或薪津,金錢,基隆市七堵區****,0905*****,否,,,,,,,
66,林俊凱,111年臺中市議員選舉,首次申報,1110804,交通旅運支出,伯偉加油站實業有限公司,,0.00,158.00,,,,油資,金錢,臺中市北區頂****,,否,,,,,,,
67,林俊凱,111年臺中市議員選舉,首次申報,1110805,交通旅運支出,台灣中油股份有限公司油品行銷事業部台中營業處南門橋加油站,57024903,0.00,155.00,,,,油資,金錢,臺中市大里區****,,否,,,,,,,
68,林俊凱,111年臺中市議員選舉,首次申報,1110805,雜支支出,應援科技股份有限公司,83763685,0.00,568.00,,,,應援科技金流手續費,金錢,臺北市內湖區****,,否,,,,,,,
69,林俊凱,111年臺中市議員選舉,首次申報,1110807,交通旅運支出,台灣中油股份有限公司油品行銷事業部台中營業處三民路加油站,06074160,0.00,152.00,,,,油資,金錢,臺中市南區三****,,否,,,,,,,
70,林俊凱,111年臺中市議員選舉,首次申報,1110808,宣傳支出,銓宏國際有限公司,54012854,0.00,18848.00,,,,製作競選物品或宣傳廣告費用（擋泥板片）,金錢,新北市蘆洲區****,,否,,,,,,,
71,林俊凱,111年臺中市議員選舉,首次申報,1110809,雜支支出,應援科技股份有限公司,83763685,0.00,3150.00,,,,雜項購置或修繕費用,金錢,臺北市內湖區****,,否,,,,,,,
72,林俊凱,111年臺中市議員選舉,首次申報,1110810,交通旅運支出,台灣中油股份有限公司油品行銷事業部台中營業處文心路加油站,77209843,0.00,149.00,,,,油資,金錢,臺中市西屯區****,,否,,,,,,,
73,林俊凱,111年臺中市議員選舉,首次申報,1110812,宣傳支出,臺中福平里郵局,,0.00,72.00,,,,郵寄競選物品或宣傳廣告費用,金錢,臺中市南區復****,,否,,,,,,,
74,林俊凱,111年臺中市議員選舉,首次申報,1110812,宣傳支出,侑聖企業社,40702843,0.00,21000.00,,,,租用廣告看板或車體廣告費用,金錢,臺中市西屯區****,,否,,,,,,,
75,林俊凱,111年臺中市議員選舉,首次申報,1110812,雜支支出,應援科技股份有限公司,83763685,0.00,231.00,,,,應援科技金流手續費,金錢,臺北市內湖區****,,否,,,,,,,
76,林俊凱,111年臺中市議員選舉,首次申報,1110814,交通旅運支出,台灣中油股份有限公司油品行銷事業部台中營業處南門橋加油站,57024903,0.00,1000.00,,,,油資,金錢,臺中市大里區****,,否,,,,,,,
77,林俊凱,111年臺中市議員選舉,首次申報,1110815,宣傳支出,健豪印刷事業股份有限公司,16332027,0.00,5250.00,,,,製作競選物品或宣傳廣告費用（物品名稱-DM）,金錢,臺中市西區大****,,否,,,,,,,
78,林俊凱,111年臺中市議員選舉,首次申報,1110816,交通旅運支出,河邑停車場有限公司大墩四街站,82530533,0.00,130.00,,,,停車費,金錢,臺中市南屯區****,,否,,,,,,,
79,林俊凱,111年臺中市議員選舉,首次申報,1110818,租用競選辦事處支出,富邦媒體科技股份有限公司,27365925,0.00,26999.00,,,,租買辦公設備費用-電腦設備,金錢,臺北市內湖區****,,否,,,,,,,
80,林俊凱,111年臺中市議員選舉,首次申報,1110819,交通旅運支出,台灣石油股份有限公司油品行銷事業部台中營業處振興路加油站,06074231,0.00,148.00,,,,油資,金錢,臺中市東區泉****,,否,,,,,,,
81,林俊凱,111年臺中市議員選舉,首次申報,1110819,交通旅運支出,統一精工股份有限公司廣福加油站,38772054,0.00,500.00,,,,油資,金錢,臺中市西屯區****,,否,,,,,,,
82,林俊凱,111年臺中市議員選舉,首次申報,1110819,雜支支出,應援科技股份有限公司,83763685,0.00,13.00,,,,應援科技金流手續費,金錢,臺北市內湖區****,,否,,,,,,,
83,林俊凱,111年臺中市議員選舉,首次申報,1110821,租用競選辦事處支出,燦坤實業股份有限公司-台中旗艦分公司,27243281,0.00,899.00,,,,租買辦公設備費用,金錢,臺中市南區復****,,否,,,,,,,
84,林俊凱,111年臺中市議員選舉,首次申報,1110821,雜支支出,山風茶行,72325668,0.00,170.00,,,,餐飲費用,金錢,臺中市南區樹****,,否,,,,,,,
85,林俊凱,111年臺中市議員選舉,首次申報,1110822,雜支支出,一零一企業股份有限公司-逢甲分公司,90455184,0.00,132.00,,,,文具用品費用,金錢,臺中市西屯區****,,否,,,,,,,
86,林俊凱,111年臺中市議員選舉,首次申報,1110823,交通旅運支出,台灣中油股份有限公司油品行銷事業部台中營業處永和街加油站,06074176,0.00,109.00,,,,油資,金錢,臺中市南區平****,,否,,,,,,,
87,林俊凱,111年臺中市議員選舉,首次申報,1110823,公共關係費用支出,禾妃鮮花店,87647625,0.00,3000.00,,,,聯誼交際費用,金錢,臺中市西屯區****,,否,,,,,,,
88,林俊凱,111年臺中市議員選舉,首次申報,1110824,交通旅運支出,台灣中油股份有限公司油品行銷事業部台中營業處南門橋加油站,57024903,0.00,140.00,,,,油資,金錢,臺中市大里區****,,否,,,,,,,
89,林俊凱,111年臺中市議員選舉,首次申報,1110825,交通旅運支出,健行加油站股份有限公司,16217194,0.00,1000.00,,,,油資,金錢,臺中市北區中****,,否,,,,,,,
90,林俊凱,111年臺中市議員選舉,首次申報,1110826,雜支支出,應援科技股份有限公司,83763685,0.00,128.00,,,,應援科技金流手續費,金錢,臺北市內湖區****,,否,,,,,,,
91,林俊凱,111年臺中市議員選舉,首次申報,1110827,宣傳支出,中友百貨股份有限公司-台中分公司,28411026,0.00,1200.00,,,,製作競選物品或宣傳廣告費用（拍攝宣傳照片）,金錢,臺中市北區錦****,,否,,,,,,,
92,林俊凱,111年臺中市議員選舉,首次申報,1110827,交通旅運支出,台灣中油股份有限公司油品行銷事業部台中營業處南門橋加油站,57024903,0.00,118.00,,,,油資,金錢,臺中市大里區****,,否,,,,,,,
93,林俊凱,111年臺中市議員選舉,首次申報,1110827,雜支支出,宮廷餐廳股份有限公司,86339733,0.00,1080.00,,,,餐飲費用,金錢,臺中市北區三****,,否,,,,,,,
94,林俊凱,111年臺中市議員選舉,首次申報,1110830,雜支支出,金禾衣架有限公司,53502349,0.00,220.00,,,,文具用品費用,金錢,臺中市北屯區****,,否,,,,,,,
95,林俊凱,111年臺中市議員選舉,首次申報,1110831,租用競選辦事處支出,米米實業有限公司,53821717,0.00,2999.00,,,,租買辦公設備費用,金錢,臺中市北屯區****,,否,,,,,,,
96,林俊凱,111年臺中市議員選舉,首次申報,1110901,交通旅運支出,台灣中油股份有限公司油品行銷事業部台中營業處三民路加油站,06074160,0.00,146.00,,,,油資,金錢,臺中市南區福****,,否,,,,,,,
97,林俊凱,111年臺中市議員選舉,首次申報,1110901,交通旅運支出,台灣中油股份有限公司油品行銷事業部台中營業處三民路加油站,06074160,0.00,93.00,,,,油資,金錢,臺中市南區福****,,否,,,,,,,
98,林俊凱,111年臺中市議員選舉,首次申報,1110902,雜支支出,應援科技股份有限公司,83763685,0.00,351.00,,,,應援科技金流手續費,金錢,臺北市內湖區****,,否,,,,,,,
99,林俊凱,111年臺中市議員選舉,首次申報,1110903,雜支支出,華鑫圖書有限公司,13049688,0.00,843.00,,,,文具用品費用,金錢,臺中市北屯區****,04-2*****,否,,,,,,,
100,林俊凱,111年臺中市議員選舉,首次申報,1110904,交通旅運支出,忠明圓環企業股份有限公司,23404573,0.00,155.00,,,,油資,金錢,臺中市西區忠****,,否,,,,,,,
101,林俊凱,111年臺中市議員選舉,首次申報,1110904,宣傳支出,聖益相框工藝社,77214254,0.00,2160.00,,,,製作競選物品或宣傳廣告費用（物品名稱-相框）,金錢,臺中市西屯區****,,否,,,,,,,
102,林俊凱,111年臺中市議員選舉,首次申報,1110906,宣傳支出,太平宜佳郵政代辦所,,0.00,60.00,,,,郵寄競選物品或宣傳廣告費用,金錢,臺中市太平區****,,否,,,,,,,
103,林俊凱,111年臺中市議員選舉,首次申報,1110906,集會支出,中僑婚訂花園股份有限公司,28805942,0.00,40000.00,,,,餐飲費用,金錢,臺中市西屯區****,0422*****,否,,,,,,,
104,林俊凱,111年臺中市議員選舉,首次申報,1110906,宣傳支出,宇德精密工具有限公司,83634070,0.00,3000.00,,,,製作競選物品或宣傳廣告費用（工具組組）,金錢,臺中市大雅區****,04-2*****,否,,,,,,,
105,林俊凱,111年臺中市議員選舉,首次申報,1110907,交通旅運支出,宜鑫加油站股份有限公司,84664282,0.00,1245.00,,,,油資,金錢,臺中市太平區****,,否,,,,,,,
106,林俊凱,111年臺中市議員選舉,首次申報,1110907,宣傳支出,競選總部,L12*******,0.00,60000.00,,,,租用廣告看板或車體廣告費用,非金錢,臺中市南區建****,,否,,,,,,,
107,林俊凱,111年臺中市議員選舉,首次申報,1110908,宣傳支出,太平宜佳郵政代辦所,,0.00,160.00,,,,郵寄競選物品或宣傳廣告費用,金錢,臺中市太平區****,,否,,,,,,,
108,林俊凱,111年臺中市議員選舉,首次申報,1110908,雜支支出,應援科技股份有限公司,83763685,0.00,95.00,,,,應援科技金流手續費,金錢,臺北市內湖區****,,否,,,,,,,
109,林俊凱,111年臺中市議員選舉,首次申報,1110913,人事費用支出,盧建驊,B12*******,0.00,20000.00,,,,工資或薪津,金錢,臺中市北區北****,,否,,,,,,,
110,林俊凱,111年臺中市議員選舉,首次申報,1110913,人事費用支出,陳玉珮,C22*******,0.00,4872.00,,,,工資或薪津,金錢,基隆市七堵區****,0905*****,否,,,,,,,
111,林俊凱,111年臺中市議員選舉,首次申報,1110913,人事費用支出,黃曉諭,L22*******,0.00,9000.00,,,,工資或薪津,金錢,臺中市北區北****,0910*****,否,,,,,,,
112,林俊凱,111年臺中市議員選舉,首次申報,1110914,雜支支出,弘昌鎖行,,0.00,40.00,,,,雜項購置或修繕費用,金錢,臺中市太平區****,,否,,,,,,,
113,林俊凱,111年臺中市議員選舉,首次申報,1110914,雜支支出,家園食堂,72549246,0.00,200.00,,,,餐飲費用,金錢,臺中市南區和****,,否,,,,,,,
114,林俊凱,111年臺中市議員選舉,首次申報,1110916,雜支支出,應援科技股份有限公司,83763685,0.00,50.00,,,,應援科技金流手續費,金錢,臺北市內湖區****,,否,,,,,,,
115,林俊凱,111年臺中市議員選舉,首次申報,1110917,交通旅運支出,台灣中油股份有限公司油品行銷事業部台中營業處永和街加油站,06074176,0.00,116.00,,,,油資,金錢,臺中市南區平****,,否,,,,,,,
116,林俊凱,111年臺中市議員選舉,首次申報,1110919,交通旅運支出,台灣中油股份有限公司油品行銷事業部台中營業處南門橋加油站,57024903,0.00,1000.00,,,,油資,金錢,臺中市大里區****,,否,,,,,,,
117,林俊凱,111年臺中市議員選舉,首次申報,1110921,宣傳支出,新竹物流股份有限公司大里營業所,,0.00,340.00,,,,郵寄競選物品或宣傳廣告費用,金錢,臺中市大里區****,,否,,,,,,,
118,林俊凱,111年臺中市議員選舉,首次申報,1110921,宣傳支出,健豪印刷事業股份有限公司,16332027,0.00,5250.00,,,,製作競選物品或宣傳廣告費用（物品名稱-DM）,金錢,臺中市西區大****,,否,,,,,,,
119,林俊凱,111年臺中市議員選舉,首次申報,1110923,交通旅運支出,台灣中油股份有限公司油品行銷事業部台中營業處向上路加油站,05576453,0.00,123.00,,,,油資,金錢,臺中市西區後****,,否,,,,,,,
120,林俊凱,111年臺中市議員選舉,首次申報,1110923,宣傳支出,健豪印刷事業股份有限公司,16332027,0.00,5250.00,,,,製作競選物品或宣傳廣告費用（物品名稱-海報）,金錢,臺中市西區大****,,否,,,,,,,
121,林俊凱,111年臺中市議員選舉,首次申報,1110926,雜支支出,家園食堂,72549246,0.00,290.00,,,,餐飲費用,金錢,臺中市南區和****,,否,,,,,,,
122,林俊凱,111年臺中市議員選舉,首次申報,1110927,雜支支出,應援科技股份有限公司,83763685,0.00,25.00,,,,應援科技金流手續費,金錢,臺北市內湖區****,,否,,,,,,,
123,林俊凱,111年臺中市議員選舉,首次申報,1110929,雜支支出,應援科技股份有限公司,83763685,0.00,4725.00,,,,雜項購置或修繕費用,金錢,臺北市內湖區****,,否,,,,,,,
124,林俊凱,111年臺中市議員選舉,首次申報,1110930,公共關係費用支出,社團法人舊鞋救命國際基督關懷協會,42201373,0.00,800.00,,,,為民服務費用,金錢,桃園市中壢區****,0800*****,否,,,,,,,
125,林俊凱,111年臺中市議員選舉,首次申報,1110930,交通旅運支出,台灣中油股份有限公司油品行銷事業部台中營業處南門橋加油站,57024903,0.00,1564.00,,,,油資,金錢,臺中市大里區****,,否,,,,,,,
126,林俊凱,111年臺中市議員選舉,首次申報,1110930,交通旅運支出,台灣中油股份有限公司油品行銷事業部台中營業處彰化中山路站,59206507,0.00,117.00,,,,油資,金錢,彰化縣彰化市****,,否,,,,,,,
127,林俊凱,111年臺中市議員選舉,首次申報,1111003,雜支支出,華鑫圖書有限公司,13049688,0.00,263.00,,,,文具用品費用,金錢,臺中市北屯區****,,否,,,,,,,
128,林俊凱,111年臺中市議員選舉,首次申報,1111003,宣傳支出,惠宇廣告社,87633489,0.00,17377.00,,,,郵寄競選物品或宣傳廣告費用,金錢,臺中市西區公****,0423*****,否,,,,,,,
129,林俊凱,111年臺中市議員選舉,首次申報,1111004,雜支支出,應援科技股份有限公司,83763685,0.00,125.00,,,,應援科技金流手續費,金錢,臺北市內湖區****,,否,,,,,,,
130,林俊凱,111年臺中市議員選舉,首次申報,1111004,宣傳支出,惠宇廣告社,87633489,0.00,17378.00,,,,郵寄競選物品或宣傳廣告費用,金錢,臺中市西區公****,0423*****,否,,,,,,,
131,林俊凱,111年臺中市議員選舉,首次申報,1111004,人事費用支出,盧建驊,B12*******,0.00,20000.00,,,,工資或薪津,金錢,臺中市北區北****,0980*****,否,,,,,,,
132,林俊凱,111年臺中市議員選舉,首次申報,1111004,人事費用支出,黃曉諭,L22*******,0.00,12000.00,,,,工資或薪津,金錢,臺中市北區北****,0910*****,否,,,,,,,
133,林俊凱,111年臺中市議員選舉,首次申報,1111005,宣傳支出,太平宜佳郵政代辦所,,0.00,60.00,,,,郵寄競選物品或宣傳廣告費用,金錢,臺中市太平區****,,否,,,,,,,
134,林俊凱,111年臺中市議員選舉,首次申報,1111006,交通旅運支出,台亞石油股份有限公司精武加油站,14593623,0.00,165.00,,,,油資,金錢,臺中市東區十****,,否,,,,,,,
135,林俊凱,111年臺中市議員選舉,首次申報,1111007,宣傳支出,太平宜佳郵政代辦所,,0.00,60.00,,,,郵寄競選物品或宣傳廣告費用,金錢,臺中市太平區****,,否,,,,,,,
136,林俊凱,111年臺中市議員選舉,首次申報,1111007,雜支支出,致勝體育用品社,21445508,0.00,580.00,,,,雜項購置或修繕費用,金錢,彰化縣鹿港鎮****,,否,,,,,,,
137,林俊凱,111年臺中市議員選舉,首次申報,1111007,雜支支出,應援科技股份有限公司,83763685,0.00,165.00,,,,應援科技金流手續費,金錢,臺北市內湖區****,,否,,,,,,,
138,林俊凱,111年臺中市議員選舉,首次申報,1111008,宣傳支出,健豪印刷事業股份有限公司,16332027,0.00,5250.00,,,,製作競選物品或宣傳廣告費用（物品名稱-旗子）,金錢,臺中市西區大****,,否,,,,,,,
139,林俊凱,111年臺中市議員選舉,首次申報,1111008,雜支支出,富和佳食堂有限公司,42890764,0.00,2122.00,,,,餐飲費用,金錢,臺中市西屯區****,,否,,,,,,,
140,林俊凱,111年臺中市議員選舉,首次申報,1111011,雜支支出,應援科技股份有限公司,83763685,0.00,654.00,,,,應援科技金流手續費,金錢,臺北市內湖區****,,否,,,,,,,
141,林俊凱,111年臺中市議員選舉,首次申報,1111013,雜支支出,家園食堂,72549246,0.00,90.00,,,,餐飲費用,金錢,臺中市南區和****,,否,,,,,,,
142,林俊凱,111年臺中市議員選舉,首次申報,1111014,交通旅運支出,加得利加油站股份有限公司,70529321,0.00,166.00,,,,油資,金錢,臺中市中區柳****,,否,,,,,,,
143,林俊凱,111年臺中市議員選舉,首次申報,1111014,雜支支出,應援科技股份有限公司,83763685,0.00,150.00,,,,應援科技金流手續費,金錢,臺北市內湖區****,,否,,,,,,,
144,林俊凱,111年臺中市議員選舉,首次申報,1111017,雜支支出,雲太閒餐飲有限公司,91108347,0.00,415.00,,,,餐飲費用,金錢,臺中市南屯區****,,否,,,,,,,
145,林俊凱,111年臺中市議員選舉,首次申報,1111018,雜支支出,應援科技股份有限公司,83763685,0.00,228.00,,,,應援科技金流手續費,金錢,臺北市內湖區****,,否,,,,,,,
146,林俊凱,111年臺中市議員選舉,首次申報,1111020,宣傳支出,健豪印刷事業股份有限公司,16332027,0.00,16000.00,,,,製作競選物品或宣傳廣告費用（物品名稱-面紙）,金錢,臺中市西區大****,,否,,,,,,,
147,林俊凱,111年臺中市議員選舉,首次申報,1111020,交通旅運支出,智呈有限公司,54752549,0.00,101.00,,,,油資,金錢,臺中市東區振****,,否,,,,,,,
148,林俊凱,111年臺中市議員選舉,首次申報,1111021,宣傳支出,新百勝書局,52649400,0.00,4032.00,,,,製作競選物品或宣傳廣告費用（物品名稱-隨車標繪筆）,金錢,臺中市東區干****,,否,,,,,,,
149,林俊凱,111年臺中市議員選舉,首次申報,1111021,交通旅運支出,台灣中油股份有限公司油品行銷事業部台中營業處青海路加油站,77209822,0.00,1185.00,,,,油資,金錢,臺中市西屯區****,,否,,,,,,,
150,林俊凱,111年臺中市議員選舉,首次申報,1111021,雜支支出,應援科技股份有限公司,83763685,0.00,300.00,,,,應援科技金流手續費,金錢,臺北市內湖區****,,否,,,,,,,
151,林俊凱,111年臺中市議員選舉,首次申報,1111022,交通旅運支出,台灣中油股份有限公司油品行銷事業部台中營業處南門橋加油站,57024903,0.00,152.00,,,,油資,金錢,臺中市大里區****,,否,,,,,,,
152,林俊凱,111年臺中市議員選舉,首次申報,1111022,雜支支出,慶滙發商行,87285475,0.00,60.00,,,,餐飲費用,金錢,臺中市南區福****,,否,,,,,,,
153,林俊凱,111年臺中市議員選舉,首次申報,1111023,雜支支出,富利餐飲股份有限公司大里中興二分公司,24792827,0.00,138.00,,,,餐飲費用,金錢,臺中市大里區****,,否,,,,,,,
154,林俊凱,111年臺中市議員選舉,首次申報,1111023,交通旅運支出,自由加油站股份有限公司,89984051,0.00,84.00,,,,油資,金錢,臺中市東區自****,,否,,,,,,,
155,林俊凱,111年臺中市議員選舉,首次申報,1111025,雜支支出,安心食品服務股份有限公司大里中興門市部,26914753,0.00,215.00,,,,餐飲費用,金錢,臺中市大里區****,,否,,,,,,,
156,林俊凱,111年臺中市議員選舉,首次申報,1111025,雜支支出,應援科技股份有限公司,83763685,0.00,228.00,,,,應援科技金流手續費,金錢,臺北市內湖區****,,否,,,,,,,
157,林俊凱,111年臺中市議員選舉,首次申報,1111025,宣傳支出,楊恒瑞,A12*******,0.00,28000.00,,,,租用廣告看板或車體廣告費用,金錢,高雄市三民區****,0916*****,否,,,,,,,
158,林俊凱,111年臺中市議員選舉,首次申報,1111027,宣傳支出,太平宜欣郵局(臺中43支),,0.00,72.00,,,,郵寄競選物品或宣傳廣告費用,金錢,臺中市太平區****,,否,,,,,,,
159,林俊凱,111年臺中市議員選舉,首次申報,1111027,交通旅運支出,台灣石油股份有限公司油品行銷事業部台中營業處振興路加油站,06074231,0.00,82.00,,,,油資,金錢,臺中市東區泉****,,否,,,,,,,
160,林俊凱,111年臺中市議員選舉,首次申報,1111027,雜支支出,靖峰餐飲事業部,88635561,0.00,175.00,,,,餐飲費用,金錢,臺中市大里區****,,否,,,,,,,
161,林俊凱,111年臺中市議員選舉,首次申報,1111028,雜支支出,李古茶坊,72522041,0.00,80.00,,,,餐飲費用,金錢,臺中市南區美****,,否,,,,,,,
162,林俊凱,111年臺中市議員選舉,首次申報,1111029,宣傳支出,健豪印刷事業股份有限公司,16332027,0.00,17000.00,,,,製作競選物品或宣傳廣告費用（物品名稱-扇子）,金錢,臺中市西區大****,,否,,,,,,,
163,林俊凱,111年臺中市議員選舉,首次申報,1111029,集會支出,冠昇生活館有限公司,27811523,0.00,189.00,,,,其他與集會有關之費用,金錢,臺中市南區南****,,否,,,,,,,
164,林俊凱,111年臺中市議員選舉,首次申報,1111029,集會支出,冠昇生活館有限公司,27811523,0.00,59.00,,,,其他與集會有關之費用,金錢,臺中市南區南****,,否,,,,,,,
165,林俊凱,111年臺中市議員選舉,首次申報,1111029,集會支出,定樂有限公司,53053878,0.00,778.00,,,,餐飲費用,金錢,臺中市神岡區****,,否,,,,,,,
166,林俊凱,111年臺中市議員選舉,首次申報,1111029,雜支支出,定樂有限公司,53053878,0.00,45.00,,,,餐飲費用,金錢,臺中市神岡區****,,否,,,,,,,
167,林俊凱,111年臺中市議員選舉,首次申報,1111029,集會支出,冠俊生活館有限公司,53812436,0.00,493.00,,,,其他與集會有關之費用,金錢,臺中市北屯區****,,否,,,,,,,
168,林俊凱,111年臺中市議員選舉,首次申報,1111029,雜支支出,護興文具行,77573011,0.00,30.00,,,,文具用品費用,金錢,臺中市南區復****,,否,,,,,,,
169,林俊凱,111年臺中市議員選舉,首次申報,1111029,集會支出,冠慶生活館有限公司,82825918,0.00,129.00,,,,其他與集會有關之費用,金錢,臺中市大里區****,,否,,,,,,,
170,林俊凱,111年臺中市議員選舉,首次申報,1111030,集會支出,魚刺人食品有限公司修車廠店,87235588,0.00,2640.00,,,,餐飲費用,金錢,臺中市南區福****,,否,,,,,,,
171,林俊凱,111年臺中市議員選舉,首次申報,1111030,雜支支出,慶滙發商行,87285475,0.00,60.00,,,,餐飲費用,金錢,臺中市南區福****,,否,,,,,,,
172,林俊凱,111年臺中市議員選舉,首次申報,1111030,雜支支出,雲太閒餐飲有限公司,91108347,0.00,3304.00,,,,餐飲費用,金錢,臺中市南屯區****,,否,,,,,,,
173,林俊凱,111年臺中市議員選舉,首次申報,1111030,人事費用支出,陳怡君,A22*******,0.00,6500.00,,,,工資或薪津,金錢,新北市淡水區****,,否,,,,,,,
174,林俊凱,111年臺中市議員選舉,首次申報,1111101,宣傳支出,健豪印刷事業股份有限公司,16332027,0.00,5250.00,,,,製作競選物品或宣傳廣告費用（物品名稱-海報）,金錢,臺中市西區大****,,否,,,,,,,
175,林俊凱,111年臺中市議員選舉,首次申報,1111101,宣傳支出,岢麗金股份有限公司,80251078,0.00,378.00,,,,製作競選物品或宣傳廣告費用（物品名稱-手舉板）,金錢,臺中市東區東****,,否,,,,,,,
176,林俊凱,111年臺中市議員選舉,首次申報,1111101,雜支支出,應援科技股份有限公司,83763685,0.00,513.00,,,,應援科技金流手續費,金錢,臺北市內湖區****,,否,,,,,,,
177,林俊凱,111年臺中市議員選舉,首次申報,1111101,交通旅運支出,西歐加油站股份有限公司文南加油站,84036903,0.00,100.00,,,,油資,金錢,臺中市南區樹****,,否,,,,,,,
178,林俊凱,111年臺中市議員選舉,首次申報,1111101,宣傳支出,惠宇廣告社,87633489,0.00,11603.00,,,,郵寄競選物品或宣傳廣告費用,金錢,臺中市西區公****,0423*****,否,,,,,,,
179,林俊凱,111年臺中市議員選舉,首次申報,1111101,宣傳支出,永密科技有限公司,90590098,0.00,4800.00,,,,製作競選物品或宣傳廣告費用（物品名稱-黑糖珍珠）,金錢,臺中市西區和****,,否,,,,,,,
180,林俊凱,111年臺中市議員選舉,首次申報,1111102,宣傳支出,養生堂德寶生技有限公司,25194685,0.00,3150.00,,,,製作競選物品或宣傳廣告費用（物品名稱-貼布）,金錢,臺中市東區東****,,否,,,,,,,
181,林俊凱,111年臺中市議員選舉,首次申報,1111103,交通旅運支出,台亞石油股份有限公司精武加油站,14593623,0.00,163.00,,,,油資,金錢,臺中市東區十****,,否,,,,,,,
182,林俊凱,111年臺中市議員選舉,首次申報,1111103,雜支支出,激旨國際餐飲管理顧問有限公司,54910701,0.00,1064.00,,,,餐飲費用,金錢,臺中市西屯區****,,否,,,,,,,
183,林俊凱,111年臺中市議員選舉,首次申報,1111103,雜支支出,激旨國際餐飲管理顧問有限公司,54910701,0.00,1610.00,,,,餐飲費用,金錢,臺中市西屯區****,,否,,,,,,,
184,林俊凱,111年臺中市議員選舉,首次申報,1111104,宣傳支出,健豪印刷事業股份有限公司,16332027,0.00,5250.00,,,,製作競選物品或宣傳廣告費用（物品名稱-DM）,金錢,臺中市西區大****,,否,,,,,,,
185,林俊凱,111年臺中市議員選舉,首次申報,1111104,交通旅運支出,正好興業股份有限公司,16571053,0.00,90.00,,,,油資,金錢,臺中市南區樹****,,否,,,,,,,
186,林俊凱,111年臺中市議員選舉,首次申報,1111104,雜支支出,春棠茶行,40586247,0.00,90.00,,,,餐飲費用,金錢,臺中市南區南****,,否,,,,,,,
187,林俊凱,111年臺中市議員選舉,首次申報,1111104,雜支支出,冠嘉生活館有限公司,45194038,0.00,196.00,,,,雜項購置或修繕費用,金錢,臺中市太平區****,,否,,,,,,,
188,林俊凱,111年臺中市議員選舉,首次申報,1111104,雜支支出,聯合文具行,45233671,0.00,72.00,,,,文具用品費用,金錢,臺中市南區福****,,否,,,,,,,
189,林俊凱,111年臺中市議員選舉,首次申報,1111104,雜支支出,應援科技股份有限公司,83763685,0.00,75.00,,,,應援科技金流手續費,金錢,臺北市內湖區****,,否,,,,,,,
190,林俊凱,111年臺中市議員選舉,首次申報,1111105,雜支支出,和德昌股份有限公司-台中復興三分公司,54373630,0.00,1180.00,,,,餐飲費用,金錢,臺中市南區復****,,否,,,,,,,
191,林俊凱,111年臺中市議員選舉,首次申報,1111105,人事費用支出,黃承威,B12*******,0.00,20000.00,,,,工資或薪津,金錢,臺中市東區自****,0975*****,否,,,,,,,
192,林俊凱,111年臺中市議員選舉,首次申報,1111105,人事費用支出,盧建驊,B12*******,0.00,20000.00,,,,工資或薪津,金錢,臺中市北區北****,,否,,,,,,,
193,林俊凱,111年臺中市議員選舉,首次申報,1111105,人事費用支出,林俊宏,L12*******,0.00,20000.00,,,,工資或薪津,金錢,臺中市大里區****,0936*****,否,,,,,,,
194,林俊凱,111年臺中市議員選舉,首次申報,1111105,人事費用支出,黃曉諭,L22*******,0.00,20000.00,,,,工資或薪津,金錢,臺中市北區北****,,否,,,,,,,
195,林俊凱,111年臺中市議員選舉,首次申報,1111106,雜支支出,春棠茶行,40586247,0.00,175.00,,,,餐飲費用,金錢,臺中市南區南****,,否,,,,,,,
196,林俊凱,111年臺中市議員選舉,首次申報,1111106,交通旅運支出,台灣中油股份有限公司油品行銷事業部台中營業處南門橋加油站,57024903,0.00,146.00,,,,油資,金錢,臺中市大里區****,,否,,,,,,,
197,林俊凱,111年臺中市議員選舉,首次申報,1111107,交通旅運支出,台灣石油股份有限公司油品行銷事業部台中營業處振興路加油站,06074231,0.00,85.00,,,,油資,金錢,臺中市東區泉****,,否,,,,,,,
198,林俊凱,111年臺中市議員選舉,首次申報,1111107,宣傳支出,宇德精密工具有限公司,83634070,0.00,6000.00,,,,製作競選物品或宣傳廣告費用（物品名稱-工具組）,金錢,臺中市大雅區****,,否,,,,,,,
199,林俊凱,111年臺中市議員選舉,首次申報,1111108,交通旅運支出,統一精工股份有限公司大里二站加油站,09240017,0.00,1000.00,,,,油資,金錢,臺中市大里區****,,否,,,,,,,
200,林俊凱,111年臺中市議員選舉,首次申報,1111108,雜支支出,家園食堂,72549246,0.00,210.00,,,,餐飲費用,金錢,臺中市南區和****,,否,,,,,,,
201,林俊凱,111年臺中市議員選舉,首次申報,1111108,雜支支出,呂記正宗岡山羊肉爐店,82458125,0.00,930.00,,,,餐飲費用,金錢,臺中市西區公****,,否,,,,,,,
202,林俊凱,111年臺中市議員選舉,首次申報,1111108,雜支支出,應援科技股份有限公司,83763685,0.00,38.00,,,,應援科技金流手續費,金錢,臺北市內湖區****,,否,,,,,,,
203,林俊凱,111年臺中市議員選舉,首次申報,1111109,宣傳支出,健豪印刷事業股份有限公司,16332027,0.00,36750.00,,,,製作競選物品或宣傳廣告費用（物品名稱-面紙）,金錢,臺中市西區大****,,否,,,,,,,
204,林俊凱,111年臺中市議員選舉,首次申報,1111109,交通旅運支出,彰化汽車客運股份有限公司草港加油站,17314188,0.00,1284.00,,,,油資,金錢,彰化縣鹿港鎮****,,否,,,,,,,
205,林俊凱,111年臺中市議員選舉,首次申報,1111110,宣傳支出,太平宜佳郵政代辦所,,0.00,56.00,,,,郵寄競選物品或宣傳廣告費用,金錢,臺中市太平區****,,否,,,,,,,
206,林俊凱,111年臺中市議員選舉,首次申報,1111110,雜支支出,彩裕茶飲店,26905656,0.00,316.00,,,,餐飲費用,金錢,臺中市南區城****,,否,,,,,,,
207,林俊凱,111年臺中市議員選舉,首次申報,1111110,宣傳支出,比雁咖啡企業社,72518721,0.00,20000.00,,,,製作競選物品或宣傳廣告費用（物品名稱-咖啡包）,金錢,臺中市東區旱****,,否,,,,,,,
208,林俊凱,111年臺中市議員選舉,首次申報,1111110,雜支支出,家園食堂,72549246,0.00,90.00,,,,餐飲費用,金錢,臺中市南區和****,,否,,,,,,,
209,林俊凱,111年臺中市議員選舉,首次申報,1111110,宣傳支出,岢麗金股份有限公司,80251078,0.00,1250.00,,,,製作競選物品或宣傳廣告費用（物品名稱-布條）,金錢,臺中市東區東****,,否,,,,,,,
210,林俊凱,111年臺中市議員選舉,首次申報,1111111,雜支支出,應援科技股份有限公司,83763685,0.00,3.00,,,,應援科技金流手續費,金錢,臺北市內湖區****,,否,,,,,,,
211,林俊凱,111年臺中市議員選舉,首次申報,1111113,交通旅運支出,智呈有限公司,54752549,0.00,107.00,,,,油資,金錢,臺中市東區振****,,否,,,,,,,
212,林俊凱,111年臺中市議員選舉,首次申報,1111116,宣傳支出,岢麗金股份有限公司,80251078,0.00,1323.00,,,,製作競選物品或宣傳廣告費用（物品名稱-手舉板）,金錢,臺中市東區東****,,否,,,,,,,
213,林俊凱,111年臺中市議員選舉,首次申報,1111116,宣傳支出,岢麗金股份有限公司,80251078,0.00,431.00,,,,製作競選物品或宣傳廣告費用（物品名稱-海報）,金錢,臺中市東區東****,,否,,,,,,,
214,林俊凱,111年臺中市議員選舉,首次申報,1111117,雜支支出,酒號倉庫有限公司,42896248,0.00,6000.00,,,,餐飲費用,金錢,臺中市大里區****,,否,,,,,,,
215,林俊凱,111年臺中市議員選舉,首次申報,1111117,雜支支出,酒號倉庫有限公司,42896248,0.00,3600.00,,,,餐飲費用,金錢,臺中市大里區****,,否,,,,,,,
216,林俊凱,111年臺中市議員選舉,首次申報,1111118,宣傳支出,養生堂德寶生技有限公司,25194685,0.00,9450.00,,,,製作競選物品或宣傳廣告費用（物品名稱-貼布）,金錢,臺中市東區東****,,否,,,,,,,
217,林俊凱,111年臺中市議員選舉,首次申報,1111118,雜支支出,冠嘉生活館有限公司,45194038,0.00,588.00,,,,文具用品費用,金錢,臺中市太平區****,,否,,,,,,,
218,林俊凱,111年臺中市議員選舉,首次申報,1111118,返還捐贈支出,激旨國際餐飲管理顧問有限公司,54910701,0.00,10000.00,,,,返還,金錢,臺中市西屯區****,,否,,,,,,,
219,林俊凱,111年臺中市議員選舉,首次申報,1111118,返還捐贈支出,激旨國際餐飲管理顧問有限公司,54910701,0.00,20000.00,,,,返還,金錢,臺中市西屯區****,,否,,,,,,,
220,林俊凱,111年臺中市議員選舉,首次申報,1111118,雜支支出,應援科技股份有限公司,83763685,0.00,325.00,,,,應援科技金流手續費,金錢,臺北市內湖區****,,否,,,,,,,
221,林俊凱,111年臺中市議員選舉,首次申報,1111123,宣傳支出,順本企業有限公司,86778697,0.00,15750.00,,,,製作競選物品或宣傳廣告費用（物品名稱-雨衣）,金錢,臺中市南屯區****,0422*****,否,,,,,,,
222,林俊凱,111年臺中市議員選舉,首次申報,1111125,雜支支出,應援科技股份有限公司,83763685,0.00,138.00,,,,應援科技金流手續費,金錢,臺北市內湖區****,,否,,,,,,,
223,林俊凱,111年臺中市議員選舉,首次申報,1111125,宣傳支出,順本企業有限公司,86778697,0.00,2756.00,,,,製作競選物品或宣傳廣告費用（物品名稱-雨衣）,金錢,臺中市南屯區****,0422*****,否,,,,,,,
224,林俊凱,111年臺中市議員選舉,首次申報,1111125,人事費用支出,黃承威,B12*******,0.00,20000.00,,,,工資或薪津,金錢,臺中市東區自****,0975*****,否,,,,,,,
225,林俊凱,111年臺中市議員選舉,首次申報,1111125,人事費用支出,林俊宏,L12*******,0.00,20000.00,,,,工資或薪津,金錢,臺中市大里區****,0936*****,否,,,,,,,
226,林俊凱,111年臺中市議員選舉,首次申報,1111128,宣傳支出,三竹資訊股份有限公司,86136982,0.00,54170.00,,,,播放、傳送或刊登宣傳廣告費用,金錢,臺北市中山區****,,否,,,,,,,
