﻿序號,擬參選人／政黨,選舉名稱,申報序號／年度,交易日期,收支科目,捐贈者／支出對象,身分證／統一編號,收入金額,支出金額,支出用途,金錢類,地址,聯絡電話,資料更正日期
1,邱忠敏,107年鄉(鎮、市)民代表選舉,首次申報,1070823,個人捐贈收入,蘇美文,R22*******,10000.00,0.00,,金錢,臺東縣綠島鄉****,,
2,邱忠敏,107年鄉(鎮、市)民代表選舉,首次申報,1070829,個人捐贈收入,康厚捷,S22*******,2000.00,0.00,,金錢,臺東縣臺東市****,,
3,邱忠敏,107年鄉(鎮、市)民代表選舉,首次申報,1070901,個人捐贈收入,林秉緯,,2000.00,0.00,,金錢,臺東縣臺東市****,,
4,邱忠敏,107年鄉(鎮、市)民代表選舉,首次申報,1070901,個人捐贈收入,張小珍,A20*******,10000.00,0.00,,金錢,臺北市民生東****,,
5,邱忠敏,107年鄉(鎮、市)民代表選舉,首次申報,1070901,個人捐贈收入,焦德廉,B12*******,1000.00,0.00,,金錢,臺東縣臺東市****,,
6,邱忠敏,107年鄉(鎮、市)民代表選舉,首次申報,1070901,個人捐贈收入,童盛雄,D12*******,2000.00,0.00,,金錢,臺南市東區裕****,,
7,邱忠敏,107年鄉(鎮、市)民代表選舉,首次申報,1070901,個人捐贈收入,林文棠,H12*******,2000.00,0.00,,金錢,臺東縣臺東市****,,
8,邱忠敏,107年鄉(鎮、市)民代表選舉,首次申報,1070901,個人捐贈收入,王品淳,L22*******,2000.00,0.00,,金錢,臺東縣臺東市****,,
9,邱忠敏,107年鄉(鎮、市)民代表選舉,首次申報,1070901,個人捐贈收入,劉勝輝,S12*******,3600.00,0.00,,金錢,臺東縣臺東市****,,
10,邱忠敏,107年鄉(鎮、市)民代表選舉,首次申報,1070901,個人捐贈收入,鄧有瀚,T12*******,2000.00,0.00,,金錢,臺東縣臺東市****,,
11,邱忠敏,107年鄉(鎮、市)民代表選舉,首次申報,1070901,個人捐贈收入,張俊雄,T12*******,6600.00,0.00,,金錢,臺東縣卑南鄉****,,
12,邱忠敏,107年鄉(鎮、市)民代表選舉,首次申報,1070901,個人捐贈收入,曾仁政,T12*******,2000.00,0.00,,金錢,臺東縣臺東市****,,
13,邱忠敏,107年鄉(鎮、市)民代表選舉,首次申報,1070901,個人捐贈收入,涂福星,V12*******,5000.00,0.00,,金錢,臺東縣臺東市****,,
14,邱忠敏,107年鄉(鎮、市)民代表選舉,首次申報,1070901,個人捐贈收入,林貴堂,V12*******,10000.00,0.00,,金錢,臺東縣臺東市****,,
15,邱忠敏,107年鄉(鎮、市)民代表選舉,首次申報,1070901,個人捐贈收入,王志明,V12*******,2000.00,0.00,,金錢,臺東縣臺東市****,,
16,邱忠敏,107年鄉(鎮、市)民代表選舉,首次申報,1070901,個人捐贈收入,陳俊吉,V12*******,3000.00,0.00,,金錢,臺東縣臺東市****,,
17,邱忠敏,107年鄉(鎮、市)民代表選舉,首次申報,1070901,個人捐贈收入,馬騰華,V12*******,2000.00,0.00,,金錢,臺東縣臺東市****,,
18,邱忠敏,107年鄉(鎮、市)民代表選舉,首次申報,1070901,個人捐贈收入,張靖禾,V22*******,3000.00,0.00,,金錢,臺東縣臺東市****,,
19,邱忠敏,107年鄉(鎮、市)民代表選舉,首次申報,1070901,個人捐贈收入,馬力耘,W10*******,2000.00,0.00,,金錢,臺東縣臺東市****,,
20,邱忠敏,107年鄉(鎮、市)民代表選舉,首次申報,1070914,匿名捐贈,無名氏,,147.00,0.00,,金錢,,,
21,邱忠敏,107年鄉(鎮、市)民代表選舉,首次申報,1070914,個人捐贈收入,徐松祥,L12*******,8000.00,0.00,,金錢,臺中市和平區****,,
22,邱忠敏,107年鄉(鎮、市)民代表選舉,首次申報,1070920,個人捐贈收入,鄧治平,F12*******,20000.00,0.00,,金錢,臺北市中山區****,,
23,邱忠敏,107年鄉(鎮、市)民代表選舉,首次申報,1070920,個人捐贈收入,吳漢俊,V12*******,5000.00,0.00,,金錢,臺東縣臺東市****,,
24,邱忠敏,107年鄉(鎮、市)民代表選舉,首次申報,1070920,個人捐贈收入,黃桂蘭,V22*******,5000.00,0.00,,金錢,臺東縣臺東市****,,
25,邱忠敏,107年鄉(鎮、市)民代表選舉,首次申報,1071002,個人捐贈收入,郭立台,V12*******,50000.00,0.00,,金錢,臺東縣臺東市****,,
26,邱忠敏,107年鄉(鎮、市)民代表選舉,首次申報,1071019,個人捐贈收入,吳孟哲,T12*******,2000.00,0.00,,金錢,高雄市前鎮區****,,
27,邱忠敏,107年鄉(鎮、市)民代表選舉,首次申報,1071027,個人捐贈收入,鄧有瀚,T12*******,2000.00,0.00,,金錢,臺東縣臺東市****,,
28,邱忠敏,107年鄉(鎮、市)民代表選舉,首次申報,1071030,個人捐贈收入,黃邱俊,T12*******,10000.00,0.00,,金錢,高雄市苓雅區****,,
29,邱忠敏,107年鄉(鎮、市)民代表選舉,首次申報,1071106,個人捐贈收入,辛文志,,3600.00,0.00,,金錢,高雄市岡山區****,,
