﻿序號,擬參選人／政黨,選舉名稱,申報序號／年度,交易日期,收支科目,捐贈者／支出對象,身分證／統一編號,收入金額,支出金額,捐贈方式,存入專戶日期,返還/繳庫,支出用途,金錢類,地址,聯絡電話,應揭露之支出對象,支出對象之內部人員姓名,支出對象之內部人員職稱,政黨之內部人員姓名,政黨之內部人員職稱,關係,更正註記,資料更正日期
1,劉淯騰,111年高雄市左營區自助里里長選舉,首次申報,1111029,集會支出,貝拉米宴會設計有限公司,,0.00,5000.00,,,,餐飲費用,金錢,高雄市大樹區****,,否,,,,,,,
2,劉淯騰,111年高雄市左營區自助里里長選舉,首次申報,1111029,集會支出,老家園,,0.00,1000.00,,,,租用設備費用,金錢,高雄市左營區****,,否,,,,,,,
3,劉淯騰,111年高雄市左營區自助里里長選舉,首次申報,1111105,集會支出,帝碩食品,,0.00,7500.00,,,,餐飲費用,金錢,高雄市鼓山區****,,否,,,,,,,
4,劉淯騰,111年高雄市左營區自助里里長選舉,首次申報,1111109,宣傳支出,宏冠數位影印行,,0.00,1400.00,,,,製作競選物品或宣傳廣告費用（宣傳單）,金錢,高雄市鼓山區****,,否,,,,,,,
5,劉淯騰,111年高雄市左營區自助里里長選舉,首次申報,1111111,宣傳支出,大眾廣播股份有限公司,,0.00,15500.00,,,,播放、傳送或刊登宣傳廣告費用,金錢,高雄市前鎮區****,,否,,,,,,,
