﻿序號,擬參選人／政黨,選舉名稱,申報序號／年度,交易日期,收支科目,捐贈者／支出對象,身分證／統一編號,收入金額,支出金額,支出用途,金錢類,地址,聯絡電話,資料更正日期
1,張維崢,107年鄉(鎮、市)長選舉,首次申報,1071001,個人捐贈收入,林秀琴,P20*******,77600.00,0.00,,金錢,臺北市松山區****,,
2,張維崢,107年鄉(鎮、市)長選舉,首次申報,1071018,營利事業捐贈收入,瑞瑩營造股份有限公司,16973900,60000.00,0.00,,金錢,雲林縣斗六市****,,
3,張維崢,107年鄉(鎮、市)長選舉,首次申報,1071031,營利事業捐贈收入,春越營造股份有限公司,97361417,66000.00,0.00,,金錢,臺北市中山區****,,
4,張維崢,107年鄉(鎮、市)長選舉,首次申報,1071111,個人捐贈收入,蔡毓春,A21*******,100000.00,0.00,,金錢,臺北市中山區****,,
5,張維崢,107年鄉(鎮、市)長選舉,首次申報,1071111,個人捐贈收入,王憲宗,P12*******,100000.00,0.00,,金錢,臺北市中山區****,,
6,張維崢,107年鄉(鎮、市)長選舉,首次申報,1071119,個人捐贈收入,高玉杰,P12*******,20000.00,0.00,,金錢,雲林縣斗南鎮****,,
7,張維崢,107年鄉(鎮、市)長選舉,首次申報,1071119,個人捐贈收入,林耀章,P12*******,100000.00,0.00,,金錢,雲林縣虎尾鎮****,,
8,張維崢,107年鄉(鎮、市)長選舉,首次申報,1071123,營利事業捐贈收入,松興砂石股份公司,84241854,100000.00,0.00,,金錢,雲林縣林內鄉****,05-5*****,
