﻿序號,擬參選人／政黨,選舉名稱,申報序號／年度,交易日期,收支科目,捐贈者／支出對象,身分證／統一編號,收入金額,支出金額,支出用途,金錢類,地址,聯絡電話,資料更正日期
1,王耀裕,107年直轄市議員選舉,首次申報,1070827,個人捐贈收入,黃國樑,,6000.00,0.00,,金錢,高雄市大寮區****,0932*****,
2,王耀裕,107年直轄市議員選舉,首次申報,1070918,個人捐贈收入,張簡湃弘,S12*******,100000.00,0.00,,金錢,高雄市大寮區****,6417*****,
3,王耀裕,107年直轄市議員選舉,首次申報,1070918,個人捐贈收入,張簡棋桓,S12*******,100000.00,0.00,,金錢,高雄市大寮區****,0934*****,
4,王耀裕,107年直轄市議員選舉,首次申報,1070919,營利事業捐贈收入,皇邑建設股份有限公司,13188225,65000.00,0.00,,金錢,高雄市苓雅區****,3381*****,
5,王耀裕,107年直轄市議員選舉,首次申報,1070919,營利事業捐贈收入,豐進吉鐵材行,78721715,20000.00,0.00,,金錢,高雄市林園區****,0910*****,
6,王耀裕,107年直轄市議員選舉,首次申報,1070925,匿名捐贈,高福成,,2000.00,0.00,,金錢,,,
7,王耀裕,107年直轄市議員選舉,首次申報,1070925,個人捐贈收入,洪進榮,,30000.00,0.00,,金錢,高雄市林園區****,,
8,王耀裕,107年直轄市議員選舉,首次申報,1070926,個人捐贈收入,黃春木,,6600.00,0.00,,金錢,,6427*****,
9,王耀裕,107年直轄市議員選舉,首次申報,1070926,個人捐贈收入,張簡啟源,,6000.00,0.00,,金錢,高雄市大寮區****,0921*****,
10,王耀裕,107年直轄市議員選舉,首次申報,1070926,個人捐贈收入,吳春其,S12*******,100000.00,0.00,,金錢,高雄市小港區****,0935*****,
11,王耀裕,107年直轄市議員選舉,首次申報,1070927,個人捐贈收入,許芷婷,,20000.00,0.00,,金錢,高雄市三民區****,0986*****,
12,王耀裕,107年直轄市議員選舉,首次申報,1070928,個人捐贈收入,吳錦隆,,20000.00,0.00,,金錢,高雄市林園區****,0919*****,
13,王耀裕,107年直轄市議員選舉,首次申報,1070928,個人捐贈收入,陳坤池,,10000.00,0.00,,金錢,,0919*****,
14,王耀裕,107年直轄市議員選舉,首次申報,1070928,個人捐贈收入,高孟瑜,,6600.00,0.00,,金錢,,6413*****,
15,王耀裕,107年直轄市議員選舉,首次申報,1070928,個人捐贈收入,許志旭,,10000.00,0.00,,金錢,高雄市新興區****,0938*****,
16,王耀裕,107年直轄市議員選舉,首次申報,1070928,個人捐贈收入,黃清輝,S12*******,60000.00,0.00,,金錢,高雄市林園區****,,
17,王耀裕,107年直轄市議員選舉,首次申報,1070928,個人捐贈收入,劉月圓,T22*******,60000.00,0.00,,金錢,高雄市新興區****,2291*****,
18,王耀裕,107年直轄市議員選舉,首次申報,1071001,匿名捐贈,陳時景,,6000.00,0.00,,金錢,,,
19,王耀裕,107年直轄市議員選舉,首次申報,1071001,營利事業捐贈收入,台毅國際開發有限公司,80440769,50000.00,0.00,,金錢,高雄市林園區****,6427*****,
20,王耀裕,107年直轄市議員選舉,首次申報,1071001,營利事業捐贈收入,龍揚玻璃有限公司,97158478,30000.00,0.00,,金錢,高雄市苓雅區****,7150*****,
21,王耀裕,107年直轄市議員選舉,首次申報,1071001,個人捐贈收入,洪淑慧,F22*******,50000.00,0.00,,金錢,新北市永和區****,0922*****,
22,王耀裕,107年直轄市議員選舉,首次申報,1071001,個人捐贈收入,司小萍,F22*******,50000.00,0.00,,金錢,高雄市大寮區****,7862*****,
23,王耀裕,107年直轄市議員選舉,首次申報,1071001,個人捐贈收入,林益安,S10*******,30000.00,0.00,,金錢,高雄市鹽埕區****,0933*****,
24,王耀裕,107年直轄市議員選舉,首次申報,1071002,個人捐贈收入,蔡銅山,,3000.00,0.00,,金錢,高雄市三民區****,0937*****,
25,王耀裕,107年直轄市議員選舉,首次申報,1071002,個人捐贈收入,何昭輝,F12*******,30000.00,0.00,,金錢,高雄市大寮區****,0913*****,
26,王耀裕,107年直轄市議員選舉,首次申報,1071002,個人捐贈收入,賴弘傑,S12*******,6000.00,0.00,,金錢,高雄市大寮區****,0956*****,
27,王耀裕,107年直轄市議員選舉,首次申報,1071003,個人捐贈收入,梁忠偉,,3800.00,0.00,,金錢,中門路-號****,6412*****,
28,王耀裕,107年直轄市議員選舉,首次申報,1071003,營利事業捐贈收入,柏緯鐵工股份有限公司,22084215,100000.00,0.00,,金錢,高雄市仁武區****,3720*****,
29,王耀裕,107年直轄市議員選舉,首次申報,1071004,個人捐贈收入,張育嘉,E12*******,30000.00,0.00,,金錢,高雄市苓雅區****,8715*****,
30,王耀裕,107年直轄市議員選舉,首次申報,1071005,個人捐贈收入,洪木忠,,2000.00,0.00,,金錢,,0911*****,
31,王耀裕,107年直轄市議員選舉,首次申報,1071005,個人捐贈收入,邱豐銘,,10000.00,0.00,,金錢,高雄市小港區****,8027*****,
32,王耀裕,107年直轄市議員選舉,首次申報,1071005,營利事業捐贈收入,保誠企業行,17412694,20000.00,0.00,,金錢,高雄市大寮區****,7885*****,
33,王耀裕,107年直轄市議員選舉,首次申報,1071008,個人捐贈收入,盧光啟,,2000.00,0.00,,金錢,大寮路巷號****,7882*****,
34,王耀裕,107年直轄市議員選舉,首次申報,1071008,個人捐贈收入,陳江南,,6000.00,0.00,,金錢,高雄市林園區****,0953*****,
35,王耀裕,107年直轄市議員選舉,首次申報,1071008,個人捐贈收入,黃海清,,20000.00,0.00,,金錢,高雄市林園區****,6435*****,
36,王耀裕,107年直轄市議員選舉,首次申報,1071008,個人捐贈收入,吳進益,,20000.00,0.00,,金錢,高雄市大寮區****,0919*****,
37,王耀裕,107年直轄市議員選舉,首次申報,1071008,營利事業捐贈收入,晶鷹機械有限公司,27890575,100000.00,0.00,,金錢,高雄市林園區****,,
38,王耀裕,107年直轄市議員選舉,首次申報,1071008,營利事業捐贈收入,展億環保科技有限公司,70711480,20000.00,0.00,,金錢,保興路號****,6917*****,
39,王耀裕,107年直轄市議員選舉,首次申報,1071009,營利事業捐贈收入,盟諭實業有限公司,12819580,50000.00,0.00,,金錢,高雄市林園區****,6428*****,
40,王耀裕,107年直轄市議員選舉,首次申報,1071011,個人捐贈收入,劉能祥,,10000.00,0.00,,金錢,高雄市林園區****,6452*****,
41,王耀裕,107年直轄市議員選舉,首次申報,1071015,營利事業捐贈收入,潤昱企業股份有限公司,28136886,10000.00,0.00,,金錢,高雄市大寮區****,7880*****,
42,王耀裕,107年直轄市議員選舉,首次申報,1071015,營利事業捐贈收入,福安藥妝有限公司,53574954,20000.00,0.00,,金錢,高雄市林園區****,6412*****,
43,王耀裕,107年直轄市議員選舉,首次申報,1071015,營利事業捐贈收入,德源通運股份有限公司,86689365,20000.00,0.00,,金錢,高雄市苓雅區****,2235*****,
44,王耀裕,107年直轄市議員選舉,首次申報,1071015,個人捐贈收入,陳財文,T12*******,20000.00,0.00,,金錢,高雄市大寮區****,7875*****,
45,王耀裕,107年直轄市議員選舉,首次申報,1071017,個人捐贈收入,蔡駿民,E12*******,6000.00,0.00,,金錢,高雄市苓雅區****,2636*****,
46,王耀裕,107年直轄市議員選舉,首次申報,1071018,個人捐贈收入,陳明錦,J12*******,100000.00,0.00,,金錢,新北市汐止區****,0926*****,
47,王耀裕,107年直轄市議員選舉,首次申報,1071019,個人捐贈收入,林儷澕,,20000.00,0.00,,金錢,,0921*****,
48,王耀裕,107年直轄市議員選舉,首次申報,1071019,個人捐贈收入,郭永法,,30000.00,0.00,,金錢,高雄市林園區****,,
49,王耀裕,107年直轄市議員選舉,首次申報,1071022,個人捐贈收入,張國榮,E12*******,10000.00,0.00,,金錢,高雄市鹽埕區****,0920*****,
50,王耀裕,107年直轄市議員選舉,首次申報,1071023,個人捐贈收入,周輝雄,,5000.00,0.00,,金錢,高雄市林園區****,6412*****,
51,王耀裕,107年直轄市議員選舉,首次申報,1071023,個人捐贈收入,黃欽陽,,10000.00,0.00,,金錢,高雄市大寮區****,0910*****,
52,王耀裕,107年直轄市議員選舉,首次申報,1071023,個人捐贈收入,王鳳祥,S10*******,10000.00,0.00,,金錢,高雄市林園區****,0937*****,
53,王耀裕,107年直轄市議員選舉,首次申報,1071026,營利事業捐贈收入,偉都投資股份有限公司,53311432,100000.00,0.00,,金錢,臺北市中正區****,0223*****,
54,王耀裕,107年直轄市議員選舉,首次申報,1071026,營利事業捐贈收入,新宏興營造股份有限公司,86053808,30000.00,0.00,,金錢,高雄市苓雅區****,7262*****,
55,王耀裕,107年直轄市議員選舉,首次申報,1071026,個人捐贈收入,李文明,S12*******,10000.00,0.00,,金錢,高雄市林園區****,6415*****,
56,王耀裕,107年直轄市議員選舉,首次申報,1071029,個人捐贈收入,王俊傑,S12*******,30000.00,0.00,,金錢,桃園市八德區****,0922*****,
57,王耀裕,107年直轄市議員選舉,首次申報,1071031,個人捐贈收入,林宣宇,S12*******,20000.00,0.00,,金錢,高雄市林園區****,6412*****,
58,王耀裕,107年直轄市議員選舉,首次申報,1071102,營利事業捐贈收入,沐華國際美容股份有限公司,27215145,100000.00,0.00,,金錢,高雄市仁武區****,3710*****,
59,王耀裕,107年直轄市議員選舉,首次申報,1071105,個人捐贈收入,林聖修,S12*******,30000.00,0.00,,金錢,高雄市小港區****,0931*****,
60,王耀裕,107年直轄市議員選舉,首次申報,1071109,個人捐贈收入,吳忠臻,S12*******,36000.00,0.00,,金錢,高雄市大寮區****,0988*****,
61,王耀裕,107年直轄市議員選舉,首次申報,1071112,個人捐贈收入,洪啟富,S12*******,20000.00,0.00,,金錢,高雄市林園區****,0928*****,
62,王耀裕,107年直轄市議員選舉,首次申報,1071116,匿名捐贈,林慶華,,3000.00,0.00,,金錢,,,
63,王耀裕,107年直轄市議員選舉,首次申報,1071116,個人捐贈收入,張峰誠,,10000.00,0.00,,金錢,高雄市大寮區****,0932*****,
64,王耀裕,107年直轄市議員選舉,首次申報,1071116,個人捐贈收入,陳有玉,A12*******,100000.00,0.00,,金錢,桃園市桃園區****,0933*****,
65,王耀裕,107年直轄市議員選舉,首次申報,1071119,營利事業捐贈收入,壹東實業股份有限公司,82041253,60000.00,0.00,,金錢,高雄市林園區****,,
66,王耀裕,107年直轄市議員選舉,首次申報,1071119,個人捐贈收入,洪福清,S12*******,50000.00,0.00,,金錢,高雄市大寮區****,0932*****,
67,王耀裕,107年直轄市議員選舉,首次申報,1071120,個人捐贈收入,林宏勝,,1000.00,0.00,,金錢,高雄市林園區****,0928*****,
68,王耀裕,107年直轄市議員選舉,首次申報,1071120,個人捐贈收入,王玉黛,S22*******,95000.00,0.00,,金錢,桃園市桃園區****,0933*****,
69,王耀裕,107年直轄市議員選舉,首次申報,1071122,個人捐贈收入,陳逸人,,20000.00,0.00,,金錢,高雄市苓雅區****,3381*****,
70,王耀裕,107年直轄市議員選舉,首次申報,1071122,個人捐贈收入,王秋英,E22*******,20000.00,0.00,,金錢,高雄市前金區****,,
71,王耀裕,107年直轄市議員選舉,首次申報,1071123,營利事業捐贈收入,德禎建設企業有限公司,24511777,100000.00,0.00,,金錢,高雄市前鎮區****,,
72,王耀裕,107年直轄市議員選舉,首次申報,1071123,營利事業捐贈收入,軒恩國際開發有限公司,59407005,100000.00,0.00,,金錢,高雄市鼓山區****,5867*****,
