﻿序號,擬參選人／政黨,選舉名稱,申報序號／年度,交易日期,收支科目,捐贈者／支出對象,身分證／統一編號,收入金額,支出金額,捐贈方式,存入專戶日期,返還/繳庫,支出用途,金錢類,地址,聯絡電話,應揭露之支出對象,支出對象之內部人員姓名,支出對象之內部人員職稱,政黨之內部人員姓名,政黨之內部人員職稱,關係,更正註記,資料更正日期
1,黃鉦凱,111年嘉義縣六腳鄉鄉長選舉,首次申報,1110916,個人捐贈收入,曾水杉,,12000.00,0.00,匯款,1110916,,,金錢,,0939*****,,,,,,,,
2,黃鉦凱,111年嘉義縣六腳鄉鄉長選舉,首次申報,1110920,營利事業捐贈收入,新勝光機械有限公司,53085999,50000.00,0.00,匯款,1110920,已返還,,金錢,臺北市中山區****,,,,,,,,,
3,黃鉦凱,111年嘉義縣六腳鄉鄉長選舉,首次申報,1110926,營利事業捐贈收入,公雞叫能源股份有限公司,64969292,100000.00,0.00,匯款,1110926,已返還,,金錢,彰化縣埤頭鄉****,04-2*****,,,,,,,,
4,黃鉦凱,111年嘉義縣六腳鄉鄉長選舉,首次申報,1110928,個人捐贈收入,王蘭美,Q22*******,20000.00,0.00,匯款,1110928,,,金錢,嘉義縣朴子市****,0933*****,,,,,,,,
5,黃鉦凱,111年嘉義縣六腳鄉鄉長選舉,首次申報,1111004,營利事業捐贈收入,惟峻實業有限公司,16938593,100000.00,0.00,匯款,1111004,,,金錢,嘉義縣六腳鄉****,05-3*****,,,,,,,,
6,黃鉦凱,111年嘉義縣六腳鄉鄉長選舉,首次申報,1111021,營利事業捐贈收入,坤華建設股份有限公司,24738009,45000.00,0.00,匯款,1111021,,,金錢,嘉義縣太保市****,2378*****,,,,,,,,
7,黃鉦凱,111年嘉義縣六腳鄉鄉長選舉,首次申報,1111109,個人捐贈收入,林王櫻華,Q22*******,55000.00,0.00,匯款,1111109,,,金錢,嘉義市東區大****,05-3*****,,,,,,,,
8,黃鉦凱,111年嘉義縣六腳鄉鄉長選舉,首次申報,1111114,個人捐贈收入,王蘭美,Q22*******,10000.00,0.00,匯款,1111114,,,金錢,嘉義縣朴子市****,0933*****,,,,,,,,
9,黃鉦凱,111年嘉義縣六腳鄉鄉長選舉,首次申報,1111221,其他收入,利息收入,,18.00,0.00,匯款,1111221,,,金錢,,,,,,,,,,
