﻿序號,擬參選人／政黨,選舉名稱,申報序號／年度,交易日期,收支科目,捐贈者／支出對象,身分證／統一編號,收入金額,支出金額,支出用途,金錢類,地址,聯絡電話,資料更正日期
1,趙一先,107年縣(市)議員選舉,首次申報,1070831,個人捐贈收入,黃日新,F12*******,100000.00,0.00,,金錢,新北市板橋區****,,
2,趙一先,107年縣(市)議員選舉,首次申報,1070831,個人捐贈收入,趙雁南,J22*******,100000.00,0.00,,金錢,新北市板橋區****,,
3,趙一先,107年縣(市)議員選舉,首次申報,1070831,個人捐贈收入,黃旗南,L10*******,100000.00,0.00,,金錢,台中市龍井區****,,
4,趙一先,107年縣(市)議員選舉,首次申報,1070904,匿名捐贈,匿名1,,5000.00,0.00,,金錢,,,
5,趙一先,107年縣(市)議員選舉,首次申報,1070905,個人捐贈收入,林昇,,10000.00,0.00,,金錢,,0922*****,
6,趙一先,107年縣(市)議員選舉,首次申報,1070905,匿名捐贈,匿名2,,3000.00,0.00,,金錢,,,
7,趙一先,107年縣(市)議員選舉,首次申報,1070906,營利事業捐贈收入,格治公關顧問有限公司,27538216,5000.00,0.00,,金錢,台北市松山區****,,
8,趙一先,107年縣(市)議員選舉,首次申報,1070906,個人捐贈收入,李昭宇,K22*******,5000.00,0.00,,金錢,新北市新店區****,,
9,趙一先,107年縣(市)議員選舉,首次申報,1070907,匿名捐贈,匿名3,,5000.00,0.00,,金錢,,,
10,趙一先,107年縣(市)議員選舉,首次申報,1071004,個人捐贈收入,沈自強,S12*******,50000.00,0.00,,金錢,桃園市桃園區****,,
