﻿序號,擬參選人／政黨,選舉名稱,申報序號／年度,交易日期,收支科目,捐贈者／支出對象,身分證／統一編號,收入金額,支出金額,支出用途,金錢類,地址,聯絡電話,資料更正日期
1,高德安,107年鄉(鎮、市)民代表選舉,首次申報,1071022,宣傳支出,更生日報社股份有限公司,94768687,0.00,5000.00,文字廣告,金錢,花蓮縣花蓮市****,,
2,高德安,107年鄉(鎮、市)民代表選舉,首次申報,1071101,宣傳支出,更生日報社股份有限公司,94768687,0.00,6250.00,製作宣傳廣告支出,金錢,花蓮縣花蓮市****,8340*****,
3,高德安,107年鄉(鎮、市)民代表選舉,首次申報,1071101,宣傳支出,東京商行,95801255,0.00,5340.00,製作競選物品支出（物品名稱-請填寫）,金錢,花蓮縣吉安鄉****,0385*****,
4,高德安,107年鄉(鎮、市)民代表選舉,首次申報,1071102,宣傳支出,東京商行,95801255,0.00,18690.00,製作競選物品支出（物品名稱-請填寫）,金錢,花蓮縣吉安鄉****,0385*****,
5,高德安,107年鄉(鎮、市)民代表選舉,首次申報,1071105,宣傳支出,更生日報社股份有限公司,94768687,0.00,5000.00,文字廣告,金錢,花蓮縣花蓮市****,8340*****,
