﻿序號,擬參選人／政黨,選舉名稱,申報序號／年度,交易日期,收支科目,捐贈者／支出對象,身分證／統一編號,收入金額,支出金額,捐贈方式,存入專戶日期,返還/繳庫,支出用途,金錢類,地址,聯絡電話,應揭露之支出對象,支出對象之內部人員姓名,支出對象之內部人員職稱,政黨之內部人員姓名,政黨之內部人員職稱,關係,更正註記,資料更正日期
1,古榮福,111年屏東縣滿州鄉鄉長選舉,首次申報,1111024,個人捐贈收入,尤寶蘋,T22*******,5000.00,0.00,匯款,1111024,,,金錢,高雄市岡山區****,0980*****,,,,,,,,
2,古榮福,111年屏東縣滿州鄉鄉長選舉,首次申報,1111025,個人捐贈收入,郭清琪,H12*******,49000.00,0.00,,,,,非金錢,桃園市蘆竹區****,0903*****,,,,,,,,
3,古榮福,111年屏東縣滿州鄉鄉長選舉,首次申報,1111025,個人捐贈收入,王文德,H12*******,21000.00,0.00,,,,,非金錢,桃園市桃園區****,0933*****,,,,,,,,
4,古榮福,111年屏東縣滿州鄉鄉長選舉,首次申報,1111025,個人捐贈收入,王俊翔,H12*******,35000.00,0.00,,,,,非金錢,桃園市桃園區****,0933*****,,,,,,,,
5,古榮福,111年屏東縣滿州鄉鄉長選舉,首次申報,1111027,匿名捐贈,匿名,,2000.00,0.00,匯款,1111027,,,金錢,,,,,,,,,,
6,古榮福,111年屏東縣滿州鄉鄉長選舉,首次申報,1111028,個人捐贈收入,陳嘉惠,K22*******,50000.00,0.00,匯款,1111028,,,金錢,桃園市桃園區****,0932*****,,,,,,,,
7,古榮福,111年屏東縣滿州鄉鄉長選舉,首次申報,1111031,個人捐贈收入,陳進財,U12*******,16800.00,0.00,匯款,1111031,,,金錢,新北市新莊區****,0935*****,,,,,,,,
8,古榮福,111年屏東縣滿州鄉鄉長選舉,首次申報,1111102,個人捐贈收入,尤笠樺,T22*******,5000.00,0.00,匯款,1111102,,,金錢,,0976*****,,,,,,,,
9,古榮福,111年屏東縣滿州鄉鄉長選舉,首次申報,1111107,個人捐贈收入,尤梅燕,T22*******,10000.00,0.00,匯款,1111107,,,金錢,高雄市仁武區****,0913*****,,,,,,,,
10,古榮福,111年屏東縣滿州鄉鄉長選舉,首次申報,1111108,個人捐贈收入,王秋興,S10*******,20000.00,0.00,匯款,1111108,,,金錢,高雄市鳳山區****,0774*****,,,,,,,,
11,古榮福,111年屏東縣滿州鄉鄉長選舉,首次申報,1111116,個人捐贈收入,尤韻秦,T22*******,5000.00,0.00,匯款,1111116,,,金錢,高雄市岡山區****,0929*****,,,,,,,,
12,古榮福,111年屏東縣滿州鄉鄉長選舉,首次申報,1111118,個人捐贈收入,黃俊仁,R12*******,10000.00,0.00,匯款,1111118,,,金錢,臺南市歸仁區****,0952*****,,,,,,,,
13,古榮福,111年屏東縣滿州鄉鄉長選舉,首次申報,1111221,其他收入,利息收入,,33.00,0.00,匯款,1111221,,,金錢,,,,,,,,,,
