﻿序號,擬參選人／政黨,選舉名稱,申報序號／年度,交易日期,收支科目,捐贈者／支出對象,身分證／統一編號,收入金額,支出金額,支出用途,金錢類,地址,聯絡電話,資料更正日期
1,林世明,107年鄉(鎮、市)長選舉,首次申報,1070816,個人捐贈收入,洪振典,,2000.00,0.00,,金錢,,0920*****,
2,林世明,107年鄉(鎮、市)長選舉,首次申報,1070816,個人捐贈收入,鄭寶清,H10*******,30000.00,0.00,,金錢,桃園市桃園區****,0921*****,
3,林世明,107年鄉(鎮、市)長選舉,首次申報,1070816,個人捐贈收入,溫金源,N12*******,10000.00,0.00,,金錢,彰化縣芬園鄉****,0913*****,
4,林世明,107年鄉(鎮、市)長選舉,首次申報,1070816,個人捐贈收入,柯鳳嬌,N20*******,6000.00,0.00,,金錢,彰化縣芬園鄉****,0921*****,
5,林世明,107年鄉(鎮、市)長選舉,首次申報,1070913,個人捐贈收入,葉廷欽,F10*******,100000.00,0.00,,金錢,新北市蘆洲區****,2288*****,
6,林世明,107年鄉(鎮、市)長選舉,首次申報,1070919,個人捐贈收入,陳瑞玄,Q12*******,100000.00,0.00,,金錢,新北市蘆洲區****,2282*****,
7,林世明,107年鄉(鎮、市)長選舉,首次申報,1071006,營利事業捐贈收入,鴻三賓有限公司,28545030,30000.00,0.00,,金錢,彰化縣彰化市****,,
8,林世明,107年鄉(鎮、市)長選舉,首次申報,1071006,個人捐贈收入,章建宜,N12*******,100000.00,0.00,,金錢,彰化縣溪湖鎮****,0937*****,
9,林世明,107年鄉(鎮、市)長選舉,首次申報,1071006,個人捐贈收入,許靜芳,N22*******,20000.00,0.00,,金錢,彰化縣芬園鄉****,048-*****,
10,林世明,107年鄉(鎮、市)長選舉,首次申報,1071030,個人捐贈收入,王哲男,L10*******,100000.00,0.00,,金錢,臺中市西屯區****,,
11,林世明,107年鄉(鎮、市)長選舉,首次申報,1071030,個人捐贈收入,呂政璋,Q12*******,100000.00,0.00,,金錢,彰化縣員林市****,,
12,林世明,107年鄉(鎮、市)長選舉,首次申報,1071105,匿名捐贈,鄭玉妹,,2000.00,0.00,,金錢,,,
13,林世明,107年鄉(鎮、市)長選舉,首次申報,1071105,匿名捐贈,巫婉萍,,2000.00,0.00,,金錢,,,
14,林世明,107年鄉(鎮、市)長選舉,首次申報,1071105,匿名捐贈,陳慈慧,,2000.00,0.00,,金錢,,,
15,林世明,107年鄉(鎮、市)長選舉,首次申報,1071105,匿名捐贈,陳懷寬,,2000.00,0.00,,金錢,,,
16,林世明,107年鄉(鎮、市)長選舉,首次申報,1071105,個人捐贈收入,利錦祥,L10*******,100000.00,0.00,,金錢,臺中市豐原區****,,
17,林世明,107年鄉(鎮、市)長選舉,首次申報,1071105,個人捐贈收入,潘晃宇,L12*******,100000.00,0.00,,金錢,臺中市豐原區****,,
18,林世明,107年鄉(鎮、市)長選舉,首次申報,1071115,個人捐贈收入,黃文賜,N12*******,10000.00,0.00,,金錢,彰化縣芬園鄉****,0921*****,
19,林世明,107年鄉(鎮、市)長選舉,首次申報,1071119,匿名捐贈,匿名,,10000.00,0.00,,金錢,,,
20,林世明,107年鄉(鎮、市)長選舉,首次申報,1071120,匿名捐贈,紀心華,,10000.00,0.00,,金錢,,,
21,林世明,107年鄉(鎮、市)長選舉,首次申報,1071120,匿名捐贈,紀有財,,10000.00,0.00,,金錢,,,
22,林世明,107年鄉(鎮、市)長選舉,首次申報,1071120,匿名捐贈,林月鳳,,10000.00,0.00,,金錢,,,
23,林世明,107年鄉(鎮、市)長選舉,首次申報,1071120,匿名捐贈,紀心儒,,10000.00,0.00,,金錢,,,
24,林世明,107年鄉(鎮、市)長選舉,首次申報,1071120,匿名捐贈,紀秉政,,10000.00,0.00,,金錢,,,
25,林世明,107年鄉(鎮、市)長選舉,首次申報,1071121,匿名捐贈,匿名,,10000.00,0.00,,金錢,,,
26,林世明,107年鄉(鎮、市)長選舉,首次申報,1071121,匿名捐贈,匿名,,10000.00,0.00,,金錢,,,
27,林世明,107年鄉(鎮、市)長選舉,首次申報,1071121,匿名捐贈,匿名,,10000.00,0.00,,金錢,,,
28,林世明,107年鄉(鎮、市)長選舉,首次申報,1071122,匿名捐贈,匿名,,10000.00,0.00,,金錢,,,
