﻿序號,擬參選人／政黨,選舉名稱,申報序號／年度,交易日期,收支科目,捐贈者／支出對象,身分證／統一編號,收入金額,支出金額,支出用途,金錢類,地址,聯絡電話,資料更正日期
1,方一峰,107年直轄市議員選舉,首次申報,1070629,宣傳支出,美利達影像科技有限公司,53505084,0.00,11300.00,廣告刊版,金錢,臺南市南區聖****,,
2,方一峰,107年直轄市議員選舉,首次申報,1070629,宣傳支出,美利達影像科技有限公司,53505084,0.00,57640.00,帆布掛版 旗桿 旗座,金錢,臺南市南區聖****,,
3,方一峰,107年直轄市議員選舉,首次申報,1070630,宣傳支出,牛蓁,10857587,0.00,7500.00,播送、傳送或刊登宣傳廣告支出,金錢,臺南市海佃路****,06-2*****,
4,方一峰,107年直轄市議員選舉,首次申報,1070703,雜支支出,昇旺電子企業社,,0.00,568.00,電腦周邊,金錢,,,
5,方一峰,107年直轄市議員選舉,首次申報,1070704,交通旅運支出,中油,06633452,0.00,1000.00,中油,金錢,,,
6,方一峰,107年直轄市議員選舉,首次申報,1070704,交通旅運支出,中油,99131010,0.00,1000.00,加油,金錢,,,
7,方一峰,107年直轄市議員選舉,首次申報,1070708,雜支支出,奇芳,90993796,0.00,2000.00,祝賀花柱,金錢,,,
8,方一峰,107年直轄市議員選舉,首次申報,1070709,交通旅運支出,中油,14988604,0.00,1000.00,加油,金錢,,,
9,方一峰,107年直轄市議員選舉,首次申報,1070709,宣傳支出,聯合廣告快訊,29392883,0.00,12500.00,製作競選物品支出（原子筆）,金錢,臺南市佳里區****,06-7*****,
10,方一峰,107年直轄市議員選舉,首次申報,1070712,租用競選辦事處支出,文聖帆布,06665361,0.00,6000.00,帆布換新,金錢,臺南市佳里區****,,
11,方一峰,107年直轄市議員選舉,首次申報,1070719,雜支支出,華利,74728815,0.00,1000.00,花籃,金錢,,,
12,方一峰,107年直轄市議員選舉,首次申報,1070720,雜支支出,日鑫文具有限公司,16366588,0.00,866.00,文具用品,金錢,臺南市佳里區****,,
13,方一峰,107年直轄市議員選舉,首次申報,1070721,雜支支出,水星國際,24925880,0.00,7600.00,飲水機等,金錢,臺南市新市區****,,
14,方一峰,107年直轄市議員選舉,首次申報,1070722,雜支支出,日鑫文具有限公司,16366588,0.00,1360.00,白板文具,金錢,臺南市佳里區****,,
15,方一峰,107年直轄市議員選舉,首次申報,1070723,租用競選辦事處支出,久大室內裝潢,06647821,0.00,24585.00,壁紙等,金錢,臺南市佳里區****,06-7*****,
16,方一峰,107年直轄市議員選舉,首次申報,1070723,雜支支出,日鑫文具有限公司,16366588,0.00,787.00,辦公室清潔月品,金錢,臺南市佳里區****,,
17,方一峰,107年直轄市議員選舉,首次申報,1070724,宣傳支出,明杰行,13712381,0.00,22600.00,播送、傳送或刊登宣傳廣告支出,金錢,臺南市西港區****,06-7*****,
18,方一峰,107年直轄市議員選舉,首次申報,1070726,宣傳支出,豐鴻,55873252,0.00,42000.00,製作競選物品支出（菜瓜布）,金錢,彰化縣頂番里****,04-7*****,
19,方一峰,107年直轄市議員選舉,首次申報,1070726,雜支支出,慶昌商店,74711238,0.00,1330.00,餅乾,金錢,臺南市佳里區****,,
20,方一峰,107年直轄市議員選舉,首次申報,1070726,交通旅運支出,中油,94964581,0.00,1050.00,加油,金錢,,,
21,方一峰,107年直轄市議員選舉,首次申報,1070801,交通旅運支出,統一精工,94964581,0.00,1070.00,無鉛汽油,金錢,臺南市佳里區****,,
22,方一峰,107年直轄市議員選舉,首次申報,1070803,宣傳支出,犇蓁企業行,10857587,0.00,4500.00,背心,金錢,臺南市安南區****,,
23,方一峰,107年直轄市議員選舉,首次申報,1070803,雜支支出,大時代,87692727,0.00,6500.00,電風扇,金錢,,,
24,方一峰,107年直轄市議員選舉,首次申報,1070804,雜支支出,賓寶食品企業有限公司,28584510,0.00,2252.00,父親節蛋糕,金錢,臺南市佳里區****,,
25,方一峰,107年直轄市議員選舉,首次申報,1070807,交通旅運支出,統一精工,,0.00,1061.00,無鉛汽油,金錢,,,
26,方一峰,107年直轄市議員選舉,首次申報,1070810,租用競選辦事處支出,中華電信股份有限公司,,0.00,435.00,臨時電話,金錢,臺南市中西區****,,
27,方一峰,107年直轄市議員選舉,首次申報,1070810,雜支支出,costco,28995746,0.00,3991.00,餅乾 、 飲料,金錢,臺南市北區和****,,
28,方一峰,107年直轄市議員選舉,首次申報,1070811,交通旅運支出,統一精工,,0.00,1100.00,無鉛汽油,金錢,,,
29,方一峰,107年直轄市議員選舉,首次申報,1070813,雜支支出,美利達影像科技有限公司,53505084,0.00,100461.00,廣告刊版 旗桿座,金錢,臺南市南區聖****,,
30,方一峰,107年直轄市議員選舉,首次申報,1070816,雜支支出,costco,,0.00,1880.00,餅乾 、 飲料,金錢,臺南市****,,
31,方一峰,107年直轄市議員選舉,首次申報,1070819,交通旅運支出,陸路發股份有限公司,,0.00,1000.00,無鉛汽油,金錢,,,
32,方一峰,107年直轄市議員選舉,首次申報,1070820,宣傳支出,美利達影像科技有限公司,53505084,0.00,175000.00,廣告印製,金錢,臺南市南區聖****,,
33,方一峰,107年直轄市議員選舉,首次申報,1070820,宣傳支出,美利達影像科技有限公司,53505084,0.00,10500.00,廣告印製,金錢,臺南市南區聖****,,
34,方一峰,107年直轄市議員選舉,首次申報,1070822,宣傳支出,獅子國際衣帽有限公司,24291859,0.00,84000.00,廣告宣傳帽子,金錢,臺中市西區土****,,
35,方一峰,107年直轄市議員選舉,首次申報,1070827,交通旅運支出,台灣中油,,0.00,974.00,無鉛汽油,金錢,,,
36,方一峰,107年直轄市議員選舉,首次申報,1070903,交通旅運支出,台灣中油,,0.00,1000.00,無鉛汽油,金錢,,,
37,方一峰,107年直轄市議員選舉,首次申報,1070905,宣傳支出,豐鴻衛材有限公司,55873252,0.00,42000.00,廣告菜瓜布,金錢,彰化縣鹿港鎮****,,
38,方一峰,107年直轄市議員選舉,首次申報,1070909,交通旅運支出,將農加油站,,0.00,1000.00,無鉛汽油,金錢,,,
39,方一峰,107年直轄市議員選舉,首次申報,1070910,宣傳支出,中華郵政,,0.00,12643.00,邀請函,金錢,,,
40,方一峰,107年直轄市議員選舉,首次申報,1070911,租用競選辦事處支出,中華電信股份有限公司,,0.00,1236.00,臨時電話 臨時網路,金錢,臺南市中西區****,,
41,方一峰,107年直轄市議員選舉,首次申報,1070911,雜支支出,賓寶食品企業有限公司,,0.00,820.00,食品,金錢,臺南市佳里區****,,
42,方一峰,107年直轄市議員選舉,首次申報,1070912,雜支支出,主富服裝股份有限公司,,0.00,1200.00,治裝費,金錢,,,
43,方一峰,107年直轄市議員選舉,首次申報,1070914,交通旅運支出,台灣中油,,0.00,1692.00,無鉛汽油,金錢,,,
44,方一峰,107年直轄市議員選舉,首次申報,1070914,雜支支出,慶昌商店,,0.00,2260.00,餅乾 、 糖果,金錢,,,
45,方一峰,107年直轄市議員選舉,首次申報,1070914,雜支支出,賓寶食品企業有限公司,,0.00,801.00,蛋糕,金錢,臺南市佳里區****,,
46,方一峰,107年直轄市議員選舉,首次申報,1070914,租用宣傳車輛支出,泰宇廣告社,06659641,0.00,63000.00,廣告車看板,金錢,臺南市佳里區****,,
47,方一峰,107年直轄市議員選舉,首次申報,1070921,交通旅運支出,商連單車生活館,74700302,0.00,2700.00,自行車,金錢,臺南市佳里區****,,
48,方一峰,107年直轄市議員選舉,首次申報,1070922,交通旅運支出,台灣中油,,0.00,1000.00,無鉛汽油,金錢,,,
49,方一峰,107年直轄市議員選舉,首次申報,1070925,宣傳支出,海天廣告社,14367627,0.00,5320.00,彩帶,金錢,臺南市佳里區****,,
50,方一峰,107年直轄市議員選舉,首次申報,1070925,雜支支出,輝宏香鋪,14993992,0.00,6600.00,香環、打火機、香,金錢,臺南市佳里區****,,
51,方一峰,107年直轄市議員選舉,首次申報,1070925,宣傳支出,聯合廣告快訊,29392883,0.00,33080.00,印刷宣傳紙 信封 夾報 聘書,金錢,臺南市佳里區****,,
52,方一峰,107年直轄市議員選舉,首次申報,1070926,租用宣傳車輛支出,台灣中油,,0.00,1100.00,無鉛汽油,金錢,,,
53,方一峰,107年直轄市議員選舉,首次申報,1070926,租用宣傳車輛支出,台灣中油,,0.00,500.00,無鉛汽油,金錢,,,
54,方一峰,107年直轄市議員選舉,首次申報,1070927,租用宣傳車輛支出,台灣中油,,0.00,600.00,無鉛汽油,金錢,,,
55,方一峰,107年直轄市議員選舉,首次申報,1070928,租用宣傳車輛支出,台灣中油,,0.00,600.00,無鉛汽油,金錢,,,
56,方一峰,107年直轄市議員選舉,首次申報,1070928,租用宣傳車輛支出,台灣中油,,0.00,580.00,無鉛汽油,金錢,,,
57,方一峰,107年直轄市議員選舉,首次申報,1070929,租用宣傳車輛支出,將農加油站,,0.00,500.00,無鉛汽油,金錢,,,
58,方一峰,107年直轄市議員選舉,首次申報,1070930,租用宣傳車輛支出,台灣中油,,0.00,550.00,無鉛汽油,金錢,,,
59,方一峰,107年直轄市議員選舉,首次申報,1070930,租用宣傳車輛支出,台灣中油,,0.00,1000.00,無鉛汽油,金錢,,,
60,方一峰,107年直轄市議員選舉,首次申報,1070930,雜支支出,津津園餐飲,10705288,0.00,54000.00,餐點,金錢,臺南市西港區****,,
61,方一峰,107年直轄市議員選舉,首次申報,1071001,雜支支出,奇芳花苑,90993796,0.00,7000.00,/ / / / / / 花籃,金錢,臺南市佳里區****,,
62,方一峰,107年直轄市議員選舉,首次申報,1071003,雜支支出,千峰企業社,09107242,0.00,250.00,高氧超純水,金錢,臺南市佳里區****,,
63,方一峰,107年直轄市議員選舉,首次申報,1071004,宣傳支出,聯合廣告快訊,29392883,0.00,13700.00,邀請卡 聘書,金錢,臺南市佳里區****,,
64,方一峰,107年直轄市議員選舉,首次申報,1071005,租用宣傳車輛支出,久井企業公司,,0.00,550.00,無鉛汽油,金錢,,,
65,方一峰,107年直轄市議員選舉,首次申報,1071005,雜支支出,慶昌商店,74711238,0.00,450.00,餅乾,金錢,N臺南縣佳里****,,
66,方一峰,107年直轄市議員選舉,首次申報,1071006,租用宣傳車輛支出,台灣中油,,0.00,500.00,無鉛汽油,金錢,,,
67,方一峰,107年直轄市議員選舉,首次申報,1071006,租用宣傳車輛支出,將農加油站,,0.00,500.00,無鉛汽油,金錢,,,
68,方一峰,107年直轄市議員選舉,首次申報,1071007,租用宣傳車輛支出,NPC全國加油站,,0.00,499.00,無鉛汽油,金錢,,,
69,方一峰,107年直轄市議員選舉,首次申報,1071008,租用宣傳車輛支出,台灣中油,,0.00,500.00,無鉛汽油,金錢,,,
70,方一峰,107年直轄市議員選舉,首次申報,1071009,租用宣傳車輛支出,將農加油站,,0.00,450.00,無鉛汽油,金錢,,,
71,方一峰,107年直轄市議員選舉,首次申報,1071009,雜支支出,千峰企業社,09107242,0.00,300.00,高氧超純水,金錢,臺南市佳里區****,,
72,方一峰,107年直轄市議員選舉,首次申報,1071010,租用宣傳車輛支出,台灣中油,,0.00,1000.00,無鉛汽油,金錢,,,
73,方一峰,107年直轄市議員選舉,首次申報,1071010,返還支出,啟友企業有限公司,22793997,0.00,20000.00,返還,金錢,臺南市將軍區****,,
74,方一峰,107年直轄市議員選舉,首次申報,1071011,宣傳支出,中華郵政,,0.00,15955.00,邀請函,金錢,,,
75,方一峰,107年直轄市議員選舉,首次申報,1071011,租用宣傳車輛支出,台灣中油,,0.00,600.00,無鉛汽油,金錢,,,
76,方一峰,107年直轄市議員選舉,首次申報,1071011,宣傳支出,台灣優紙企業有限公司,80077677,0.00,43050.00,廣告面紙,金錢,彰化縣鹿港鎮****,,
77,方一峰,107年直轄市議員選舉,首次申報,1071012,租用宣傳車輛支出,將農加油站,,0.00,500.00,無鉛汽油,金錢,,,
78,方一峰,107年直轄市議員選舉,首次申報,1071012,雜支支出,慶昌商店,74711238,0.00,1110.00,餅乾,金錢,臺南市佳里區****,,
79,方一峰,107年直轄市議員選舉,首次申報,1071013,租用宣傳車輛支出,台灣中油,,0.00,1000.00,無鉛汽油,金錢,,,
80,方一峰,107年直轄市議員選舉,首次申報,1071014,租用宣傳車輛支出,台灣中油,,0.00,500.00,無鉛汽油,金錢,,,
81,方一峰,107年直轄市議員選舉,首次申報,1071015,租用宣傳車輛支出,將軍交流道站,,0.00,500.00,無鉛汽油,金錢,,,
82,方一峰,107年直轄市議員選舉,首次申報,1071016,租用宣傳車輛支出,將農加油站,,0.00,500.00,無鉛汽油,金錢,,,
83,方一峰,107年直轄市議員選舉,首次申報,1071016,租用宣傳車輛支出,台灣中油,,0.00,550.00,無鉛汽油,金錢,,,
84,方一峰,107年直轄市議員選舉,首次申報,1071016,宣傳支出,中華郵政,,0.00,7603.00,邀請函,金錢,臺南市佳里區****,,
85,方一峰,107年直轄市議員選舉,首次申報,1071016,雜支支出,千峰企業社,09107242,0.00,400.00,高氧超純水,金錢,臺南市佳里區****,,
86,方一峰,107年直轄市議員選舉,首次申報,1071016,集會支出,騏運通運股份有限公司,83709310,0.00,81000.00,交通車資,金錢,臺南市佳里區****,,
87,方一峰,107年直轄市議員選舉,首次申報,1071017,租用宣傳車輛支出,泰宇廣告社,06659641,0.00,1900.00,中空板,金錢,臺南市佳里區****,,
88,方一峰,107年直轄市議員選舉,首次申報,1071018,租用宣傳車輛支出,台灣中油,,0.00,500.00,無鉛汽油,金錢,,,
89,方一峰,107年直轄市議員選舉,首次申報,1071018,租用宣傳車輛支出,台灣中油,,0.00,680.00,無鉛汽油,金錢,,,
90,方一峰,107年直轄市議員選舉,首次申報,1071019,租用宣傳車輛支出,台灣中油,,0.00,900.00,無鉛汽油,金錢,,,
91,方一峰,107年直轄市議員選舉,首次申報,1071019,宣傳支出,海天廣告社,14367627,0.00,2280.00,布條,金錢,,,
92,方一峰,107年直轄市議員選舉,首次申報,1071020,租用宣傳車輛支出,台灣中油,,0.00,500.00,無鉛汽油,金錢,,,
93,方一峰,107年直轄市議員選舉,首次申報,1071021,租用宣傳車輛支出,將農加油站,,0.00,500.00,無鉛汽油,金錢,,,
94,方一峰,107年直轄市議員選舉,首次申報,1071021,租用宣傳車輛支出,台灣中油,,0.00,850.00,無鉛汽油,金錢,,,
95,方一峰,107年直轄市議員選舉,首次申報,1071021,租用宣傳車輛支出,台灣中油,,0.00,1000.00,無鉛汽油,金錢,,,
96,方一峰,107年直轄市議員選舉,首次申報,1071022,雜支支出,明津糖菓行,,0.00,1000.00,壽桃 壽麵,金錢,,,
97,方一峰,107年直轄市議員選舉,首次申報,1071022,交通旅運支出,統一精工,,0.00,1700.00,無鉛汽油,金錢,,,
98,方一峰,107年直轄市議員選舉,首次申報,1071022,雜支支出,千峰企業社,,0.00,400.00,高氧超純水,金錢,,,
99,方一峰,107年直轄市議員選舉,首次申報,1071023,租用宣傳車輛支出,將農加油站,,0.00,450.00,無鉛汽油,金錢,,,
100,方一峰,107年直轄市議員選舉,首次申報,1071023,宣傳支出,獅王國際衣帽有限公司,24291859,0.00,13125.00,帽子,金錢,臺中市西區土****,,
101,方一峰,107年直轄市議員選舉,首次申報,1071024,租用競選辦事處支出,台灣電力公司,,0.00,24969.00,電力,金錢,,,
102,方一峰,107年直轄市議員選舉,首次申報,1071024,交通旅運支出,統一精工,,0.00,1100.00,無鉛汽油,金錢,,,
103,方一峰,107年直轄市議員選舉,首次申報,1071024,租用宣傳車輛支出,台灣中油,,0.00,851.00,無鉛汽油,金錢,,,
104,方一峰,107年直轄市議員選舉,首次申報,1071025,租用宣傳車輛支出,台灣中油,,0.00,610.00,無鉛汽油,金錢,,,
105,方一峰,107年直轄市議員選舉,首次申報,1071025,宣傳支出,海天廣告社,14367627,0.00,2120.00,彩帶,金錢,臺南市佳里區****,,
106,方一峰,107年直轄市議員選舉,首次申報,1071026,租用宣傳車輛支出,台灣中油,,0.00,719.00,無鉛汽油,金錢,,,
107,方一峰,107年直轄市議員選舉,首次申報,1071026,租用宣傳車輛支出,台灣中油,,0.00,930.00,無鉛汽油,金錢,,,
108,方一峰,107年直轄市議員選舉,首次申報,1071026,租用宣傳車輛支出,台灣中油,,0.00,240.00,無鉛汽油,金錢,,,
109,方一峰,107年直轄市議員選舉,首次申報,1071027,租用宣傳車輛支出,台灣中油,,0.00,500.00,無鉛汽油,金錢,,,
110,方一峰,107年直轄市議員選舉,首次申報,1071027,雜支支出,海天廣告社,14367627,0.00,380.00,人員彩帶,金錢,臺南市佳里區****,,
111,方一峰,107年直轄市議員選舉,首次申報,1071028,租用宣傳車輛支出,台灣中油,,0.00,500.00,無鉛汽油,金錢,,,
112,方一峰,107年直轄市議員選舉,首次申報,1071028,租用宣傳車輛支出,台灣中油,,0.00,828.00,無鉛汽油,金錢,,,
113,方一峰,107年直轄市議員選舉,首次申報,1071028,集會支出,婚之坊囍事用品店,10172516,0.00,47600.00,紅色PE椅 會議桌 帳篷,金錢,臺南市善化區****,,
114,方一峰,107年直轄市議員選舉,首次申報,1071028,集會支出,德興藝文企業社,21639764,0.00,16000.00,酷獅團,金錢,臺南市安定區****,,
115,方一峰,107年直轄市議員選舉,首次申報,1071028,集會支出,泰豐餐飲,37577048,0.00,150000.00,餐飲點心,金錢,臺南市西港區****,06-7*****,
116,方一峰,107年直轄市議員選舉,首次申報,1071028,集會支出,杰哥音樂傳播工作室,37747178,0.00,119000.00,競選總部成立舞台布置,金錢,臺南市西港區****,,
117,方一峰,107年直轄市議員選舉,首次申報,1071028,集會支出,大儷氣球藝術坊,62981361,0.00,8000.00,舞台背板大圖,金錢,臺南市民生路****,,
118,方一峰,107年直轄市議員選舉,首次申報,1071028,集會支出,騏運通運股份有限公司,83709310,0.00,45000.00,交通車資,金錢,臺南市佳里區****,,
119,方一峰,107年直轄市議員選舉,首次申報,1071029,租用宣傳車輛支出,台灣中油,,0.00,1000.00,無鉛汽油,金錢,,,
120,方一峰,107年直轄市議員選舉,首次申報,1071029,雜支支出,良億商行,74702239,0.00,900.00,餅乾,金錢,臺南市佳里區****,,
121,方一峰,107年直轄市議員選舉,首次申報,1071029,雜支支出,奇芳花苑,90993796,0.00,12000.00,花籃 盆栽,金錢,臺南市佳里區****,,
122,方一峰,107年直轄市議員選舉,首次申報,1071030,租用宣傳車輛支出,將農加油站,,0.00,500.00,無鉛汽油,金錢,,,
123,方一峰,107年直轄市議員選舉,首次申報,1071030,雜支支出,千峰企業社,,0.00,400.00,高氧超純水,金錢,臺南市佳里區****,,
124,方一峰,107年直轄市議員選舉,首次申報,1071030,雜支支出,欣田水果行,25821503,0.00,1000.00,水果,金錢,臺南市佳里區****,,
125,方一峰,107年直轄市議員選舉,首次申報,1071101,租用宣傳車輛支出,台灣中油,,0.00,916.00,無鉛汽油,金錢,,,
126,方一峰,107年直轄市議員選舉,首次申報,1071101,租用宣傳車輛支出,台灣中油,,0.00,500.00,無鉛汽油,金錢,,,
127,方一峰,107年直轄市議員選舉,首次申報,1071101,雜支支出,奇奇巧福大眾餐館,,0.00,520.00,便當,金錢,,,
128,方一峰,107年直轄市議員選舉,首次申報,1071102,雜支支出,奇奇巧福大眾餐館,,0.00,1500.00,便當,金錢,臺南市佳里區****,,
129,方一峰,107年直轄市議員選舉,首次申報,1071103,交通旅運支出,台灣中油,,0.00,1200.00,汽油,金錢,,,
130,方一峰,107年直轄市議員選舉,首次申報,1071103,租用宣傳車輛支出,台灣中油,,0.00,1000.00,無鉛汽油,金錢,,,
131,方一峰,107年直轄市議員選舉,首次申報,1071103,租用宣傳車輛支出,台灣中油,,0.00,600.00,無鉛汽油,金錢,,,
132,方一峰,107年直轄市議員選舉,首次申報,1071103,雜支支出,吉泰商行,29374772,0.00,455.00,衛生 清潔用品,金錢,臺南市佳里區****,,
133,方一峰,107年直轄市議員選舉,首次申報,1071104,租用宣傳車輛支出,台灣中油,,0.00,800.00,無鉛汽油,金錢,,,
134,方一峰,107年直轄市議員選舉,首次申報,1071104,雜支支出,博虹港式燒臘館,37654804,0.00,975.00,便當,金錢,臺南市佳里區****,,
135,方一峰,107年直轄市議員選舉,首次申報,1071105,租用宣傳車輛支出,台灣中油,,0.00,600.00,無鉛汽油,金錢,,,
136,方一峰,107年直轄市議員選舉,首次申報,1071106,租用宣傳車輛支出,台灣中油,,0.00,977.00,無鉛汽油,金錢,,,
137,方一峰,107年直轄市議員選舉,首次申報,1071106,租用宣傳車輛支出,台糖加油站,,0.00,790.00,無鉛汽油,金錢,,,
138,方一峰,107年直轄市議員選舉,首次申報,1071106,雜支支出,千峰企業社,,0.00,400.00,高氧超純水,金錢,臺南市佳里區****,,
139,方一峰,107年直轄市議員選舉,首次申報,1071106,宣傳支出,聯合廣告快訊,29392883,0.00,38810.00,印刷 夾報 邀請卡,金錢,臺南市佳里區****,,
140,方一峰,107年直轄市議員選舉,首次申報,1071107,租用宣傳車輛支出,台灣中油,,0.00,550.00,無鉛汽油,金錢,,,
141,方一峰,107年直轄市議員選舉,首次申報,1071107,宣傳支出,豐鴻衛材有限公司,55873252,0.00,168000.00,廣告菜瓜布,金錢,彰化縣鹿港鎮****,,
142,方一峰,107年直轄市議員選舉,首次申報,1071109,租用宣傳車輛支出,台灣中油,,0.00,550.00,無鉛汽油,金錢,,,
143,方一峰,107年直轄市議員選舉,首次申報,1071109,雜支支出,慶昌商店,,0.00,440.00,餅乾,金錢,臺南市佳里區****,,
144,方一峰,107年直轄市議員選舉,首次申報,1071109,租用宣傳車輛支出,台糖加油站,,0.00,975.00,無鉛汽油,金錢,,,
145,方一峰,107年直轄市議員選舉,首次申報,1071109,租用宣傳車輛支出,忠孝東路加油站,,0.00,730.00,無鉛汽油,金錢,,,
146,方一峰,107年直轄市議員選舉,首次申報,1071109,租用宣傳車輛支出,健鈺汽車保養所,,0.00,4400.00,汽車修理,金錢,臺南市學甲區****,,
147,方一峰,107年直轄市議員選舉,首次申報,1071111,租用宣傳車輛支出,久井企業公司,,0.00,600.00,無鉛汽油,金錢,,,
148,方一峰,107年直轄市議員選舉,首次申報,1071111,雜支支出,奇奇巧福大眾餐館,,0.00,530.00,便當,金錢,臺南市佳里區****,,
149,方一峰,107年直轄市議員選舉,首次申報,1071112,租用宣傳車輛支出,台糖加油站,,0.00,800.00,無鉛汽油,金錢,,,
150,方一峰,107年直轄市議員選舉,首次申報,1071112,租用競選辦事處支出,中華電信股份有限公司,,0.00,1265.00,租用網路 租用電話,金錢,,,
151,方一峰,107年直轄市議員選舉,首次申報,1071112,租用宣傳車輛支出,台灣中油,,0.00,830.00,無鉛汽油,金錢,,,
152,方一峰,107年直轄市議員選舉,首次申報,1071113,租用宣傳車輛支出,台灣中油,,0.00,550.00,無鉛汽油,金錢,,,
153,方一峰,107年直轄市議員選舉,首次申報,1071113,雜支支出,千峰企業社,,0.00,500.00,高氧超純水,金錢,,,
154,方一峰,107年直轄市議員選舉,首次申報,1071113,返還支出,騏運通運股份有限公司,83709310,0.00,46000.00,返還,金錢,臺南市佳里區****,,
155,方一峰,107年直轄市議員選舉,首次申報,1071114,租用宣傳車輛支出,將農加油站,,0.00,500.00,無鉛汽油,金錢,,,
156,方一峰,107年直轄市議員選舉,首次申報,1071114,租用宣傳車輛支出,台灣中油,,0.00,800.00,無鉛汽油,金錢,,,
157,方一峰,107年直轄市議員選舉,首次申報,1071114,雜支支出,吉泰商行,29374772,0.00,210.00,免洗餐具,金錢,臺南市佳里區****,0672*****,
158,方一峰,107年直轄市議員選舉,首次申報,1071115,租用宣傳車輛支出,台糖加油站,,0.00,885.00,無鉛汽油,金錢,,,
159,方一峰,107年直轄市議員選舉,首次申報,1071115,宣傳支出,高欣企業社,10829675,0.00,1500.00,海報印製,金錢,臺南市佳里區****,,
160,方一峰,107年直轄市議員選舉,首次申報,1071115,雜支支出,奇奇巧福大眾餐館,74727386,0.00,325.00,便當,金錢,臺南市佳里區****,06 7*****,
161,方一峰,107年直轄市議員選舉,首次申報,1071116,租用宣傳車輛支出,NPC全國加油站,,0.00,599.00,無鉛汽油,金錢,,,
162,方一峰,107年直轄市議員選舉,首次申報,1071116,集會支出,翔玉百貨企業社,40995658,0.00,535.00,螢光棒,金錢,,0974*****,
163,方一峰,107年直轄市議員選舉,首次申報,1071116,雜支支出,慶昌商店,74711238,0.00,220.00,餅乾,金錢,臺南市佳里區****,,
164,方一峰,107年直轄市議員選舉,首次申報,1071116,雜支支出,慶昌商店,74711238,0.00,1840.00,餅乾,金錢,臺南市佳里區****,06-7*****,
165,方一峰,107年直轄市議員選舉,首次申報,1071117,租用宣傳車輛支出,台灣中油,,0.00,480.00,無鉛汽油,金錢,,,
166,方一峰,107年直轄市議員選舉,首次申報,1071117,租用宣傳車輛支出,台灣中油,,0.00,528.00,無鉛汽油,金錢,,,
167,方一峰,107年直轄市議員選舉,首次申報,1071117,租用宣傳車輛支出,台灣中油,,0.00,600.00,無鉛汽油,金錢,,,
168,方一峰,107年直轄市議員選舉,首次申報,1071117,集會支出,翔玉百貨企業社,40995658,0.00,2010.00,螢光棒,金錢,,0974*****,
169,方一峰,107年直轄市議員選舉,首次申報,1071117,雜支支出,奇奇巧福大眾餐館,74727386,0.00,7000.00,便當,金錢,臺南市佳里區****,06 7*****,
170,方一峰,107年直轄市議員選舉,首次申報,1071118,雜支支出,蔡家饅頭專賣店,,0.00,1790.00,饅頭 菜包,金錢,臺南市西港區****,7957*****,
171,方一峰,107年直轄市議員選舉,首次申報,1071118,租用宣傳車輛支出,台灣中油,,0.00,570.00,無鉛汽油,金錢,,,
172,方一峰,107年直轄市議員選舉,首次申報,1071119,租用宣傳車輛支出,台灣中油,,0.00,380.00,無鉛汽油,金錢,,,
173,方一峰,107年直轄市議員選舉,首次申報,1071120,租用宣傳車輛支出,台灣中油,,0.00,1000.00,無鉛汽油,金錢,,,
174,方一峰,107年直轄市議員選舉,首次申報,1071120,雜支支出,賓寶食品企業有限公司,28584510,0.00,1080.00,蛋糕,金錢,臺南市佳里區****,06-7*****,
175,方一峰,107年直轄市議員選舉,首次申報,1071121,租用宣傳車輛支出,將農加油站,,0.00,500.00,無鉛汽油,金錢,,,
176,方一峰,107年直轄市議員選舉,首次申報,1071122,雜支支出,千峰企業社,,0.00,250.00,高氧超純水,金錢,,,
177,方一峰,107年直轄市議員選舉,首次申報,1071122,租用宣傳車輛支出,北基國際,,0.00,1040.00,無鉛汽油,金錢,,,
178,方一峰,107年直轄市議員選舉,首次申報,1071123,租用宣傳車輛支出,台灣中油,,0.00,650.00,無鉛汽油,金錢,,,
179,方一峰,107年直轄市議員選舉,首次申報,1071123,集會支出,震撼活動企劃,,0.00,16000.00,宣傳吉普車,金錢,,,
180,方一峰,107年直轄市議員選舉,首次申報,1071123,宣傳支出,聯合廣告快訊,29392883,0.00,18200.00,印刷 夾報,金錢,臺南市佳里區****,,
