﻿序號,擬參選人／政黨,選舉名稱,申報序號／年度,交易日期,收支科目,捐贈者／支出對象,身分證／統一編號,收入金額,支出金額,捐贈方式,存入專戶日期,返還/繳庫,支出用途,金錢類,地址,聯絡電話,應揭露之支出對象,支出對象之內部人員姓名,支出對象之內部人員職稱,政黨之內部人員姓名,政黨之內部人員職稱,關係,更正註記,資料更正日期
1,翁文奧,111年金門縣議員選舉,首次申報,1110831,雜支支出,頂堡蚵仔煎,92992885,0.00,6750.00,,,,餐飲費用,金錢,金門縣金寧鄉****,082-*****,否,,,,,,,
2,翁文奧,111年金門縣議員選舉,首次申報,1110902,宣傳支出,榕園,77300477,0.00,53700.00,,,,製作競選物品或宣傳廣告費用,金錢,金門縣金湖鎮****,,否,,,,,,,
3,翁文奧,111年金門縣議員選舉,首次申報,1110913,宣傳支出,印坊圖文社,72904955,0.00,27000.00,,,,製作競選物品或宣傳廣告費用,金錢,金門縣金城鎮****,082-*****,否,,,,,,,
4,翁文奧,111年金門縣議員選舉,首次申報,1110930,雜支支出,頂堡蚵仔煎,92992885,0.00,13950.00,,,,餐飲費用,金錢,金門縣金寧鄉****,082-*****,否,,,,,,,
5,翁文奧,111年金門縣議員選舉,首次申報,1111004,宣傳支出,印坊圖文社,72904955,0.00,15000.00,,,,製作競選物品或宣傳廣告費用,金錢,金門縣金城鎮****,082-*****,否,,,,,,,
6,翁文奧,111年金門縣議員選舉,首次申報,1111015,宣傳支出,榕園,77300477,0.00,24000.00,,,,製作競選物品或宣傳廣告費用,金錢,金門縣金湖鎮****,082-*****,否,,,,,,,
