﻿序號,擬參選人／政黨,選舉名稱,申報序號／年度,交易日期,收支科目,捐贈者／支出對象,身分證／統一編號,收入金額,支出金額,支出用途,金錢類,地址,聯絡電話,資料更正日期
1,宋楚瑜,109年總統、副總統選舉,首次申報,1081002,交通旅運支出,台灣高鐵,16446274,0.00,4100.00,搭乘交通工具支出,金錢,臺北市南港區****,,
2,宋楚瑜,109年總統、副總統選舉,首次申報,1081007,公共關係費用支出,奇喬園鮮花店,01135857,0.00,7000.00,為民服務費用,金錢,臺北市大同區****,,
3,宋楚瑜,109年總統、副總統選舉,首次申報,1081015,雜支支出,頂好,14045823,0.00,20.00,雜項購置或修繕費用,金錢,臺北市中山區****,,
4,宋楚瑜,109年總統、副總統選舉,首次申報,1081027,交通旅運支出,立榮航空,22958771,0.00,4560.00,搭乘交通工具支出,金錢,臺北市中山區****,,
5,宋楚瑜,109年總統、副總統選舉,首次申報,1081031,雜支支出,時代花苑,06490102,0.00,3500.00,盆花,金錢,臺南市民族路****,,
6,宋楚瑜,109年總統、副總統選舉,首次申報,1081112,雜支支出,樂金食品股份有限公司,38492011,0.00,224.00,餐飲費用,金錢,臺北市中山區****,,
7,宋楚瑜,109年總統、副總統選舉,首次申報,1081114,雜支支出,頂好胡椒餅,48921336,0.00,400.00,餐飲費用,金錢,臺北市大安區****,,
8,宋楚瑜,109年總統、副總統選舉,首次申報,1081114,雜支支出,漁夫海鮮餐廳,50613975,0.00,3400.00,餐飲費用,金錢,桃園市桃園區****,,
9,宋楚瑜,109年總統、副總統選舉,首次申報,1081114,宣傳支出,上品娛樂行銷股份有限公司,52599345,0.00,60000.00,製作競選物品支出（物品名稱-請填寫）,金錢,臺北市大安區****,,
10,宋楚瑜,109年總統、副總統選舉,首次申報,1081114,雜支支出,山茶花有限公司,80692976,0.00,4592.00,餐飲費用,金錢,臺北市中山區****,,
11,宋楚瑜,109年總統、副總統選舉,首次申報,1081115,交通旅運支出,車容坊文二站,30178550,0.00,4000.00,油資,金錢,新北市林口區****,,
12,宋楚瑜,109年總統、副總統選舉,首次申報,1081115,雜支支出,百八魚場餐飲股份有限公司,42481212,0.00,2981.00,餐飲費用,金錢,臺北市中山區****,,
13,宋楚瑜,109年總統、副總統選舉,首次申報,1081115,雜支支出,星葉小廚,48946511,0.00,280.00,餐飲費用,金錢,臺北市內湖區****,,
14,宋楚瑜,109年總統、副總統選舉,首次申報,1081116,雜支支出,台灣台北地方法院,48893325,0.00,8000.00,雜項購置或修繕費用,金錢,臺北市中山區****,,
15,宋楚瑜,109年總統、副總統選舉,首次申報,1081116,租用宣傳車輛支出,順昌勝業有限公司,54176595,0.00,48000.00,維修宣傳車輛支出,金錢,臺北市中山區****,,
16,宋楚瑜,109年總統、副總統選舉,首次申報,1081117,雜支支出,統一超商(豫銘店),16097971,0.00,473.00,餐飲費用,金錢,臺北市大安區****,,
17,宋楚瑜,109年總統、副總統選舉,首次申報,1081117,雜支支出,台北福華大飯店,36523299,0.00,2240.00,餐飲費用,金錢,臺北市大安區****,,
18,宋楚瑜,109年總統、副總統選舉,首次申報,1081117,雜支支出,仲軒小吃店,38485412,0.00,80.00,餐飲費用,金錢,臺北市中山區****,,
19,宋楚瑜,109年總統、副總統選舉,首次申報,1081117,雜支支出,松江餐飲店,77489078,0.00,920.00,餐飲費用,金錢,臺北市中山區****,,
20,宋楚瑜,109年總統、副總統選舉,首次申報,1081118,雜支支出,大鼎豬血湯專門店,26218691,0.00,410.00,餐飲費用,金錢,臺北市中山區****,,
21,宋楚瑜,109年總統、副總統選舉,首次申報,1081118,雜支支出,長榮國際股份有限公司,70809478,0.00,99.00,餐飲費用,金錢,臺北市中山區****,,
22,宋楚瑜,109年總統、副總統選舉,首次申報,1081119,雜支支出,伍佰雞邨食品行,01580147,0.00,1710.00,餐飲費用,金錢,臺北市大安區****,,
23,宋楚瑜,109年總統、副總統選舉,首次申報,1081119,雜支支出,寶島小吃店,25537161,0.00,350.00,餐飲費用,金錢,臺北市信義區****,,
24,宋楚瑜,109年總統、副總統選舉,首次申報,1081119,雜支支出,百八魚場餐飲股份有限公司,42481212,0.00,3916.00,餐飲費用,金錢,臺北市中正區****,,
25,宋楚瑜,109年總統、副總統選舉,首次申報,1081119,雜支支出,老味道古早美食,48936083,0.00,850.00,餐飲費用,金錢,臺北市大安區****,,
26,宋楚瑜,109年總統、副總統選舉,首次申報,1081120,雜支支出,天使攝影有限公司,12171176,0.00,300.00,雜項購置或修繕費用,金錢,臺北市中山區****,,
27,宋楚瑜,109年總統、副總統選舉,首次申報,1081121,雜支支出,中聯鎖行,01295517,0.00,500.00,雜項購置或修繕費用,金錢,臺北市中山區****,,
28,宋楚瑜,109年總統、副總統選舉,首次申報,1081121,雜支支出,柏泉有限公司,12287280,0.00,32.00,文具用品費用,金錢,臺北市中山區****,,
29,宋楚瑜,109年總統、副總統選舉,首次申報,1081121,雜支支出,遠東豆漿店,14341802,0.00,350.00,餐飲費用,金錢,臺北市中正區****,,
30,宋楚瑜,109年總統、副總統選舉,首次申報,1081121,雜支支出,淞江自助餐店,26365709,0.00,520.00,餐飲費用,金錢,臺北市中山區****,,
31,宋楚瑜,109年總統、副總統選舉,首次申報,1081121,雜支支出,簡文良米粉湯店,42434751,0.00,450.00,餐飲費用,金錢,臺北市中正區****,,
32,宋楚瑜,109年總統、副總統選舉,首次申報,1081121,雜支支出,長榮桂冠酒店,70809478,0.00,16190.00,餐飲費用,金錢,臺北市中山區****,,
33,宋楚瑜,109年總統、副總統選舉,首次申報,1081121,交通旅運支出,長安商業有限公司,86288988,0.00,2819.00,油資,金錢,臺北市中山區****,,
34,宋楚瑜,109年總統、副總統選舉,首次申報,1081122,雜支支出,郵局,03717154,0.00,40.00,手續費,金錢,臺北市中山區****,,
35,宋楚瑜,109年總統、副總統選舉,首次申報,1081122,交通旅運支出,台灣高鐵股份有限公司,28078540,0.00,3000.00,搭乘交通工具支出,金錢,臺中市南屯區****,,
36,宋楚瑜,109年總統、副總統選舉,首次申報,1081122,交通旅運支出,台灣高鐵股份有限公司,28078540,0.00,13280.00,搭乘交通工具支出,金錢,臺中市南屯區****,,
37,宋楚瑜,109年總統、副總統選舉,首次申報,1081122,雜支支出,饗樂牛排館,31854663,0.00,840.00,餐飲費用,金錢,臺北市中山區****,,
38,宋楚瑜,109年總統、副總統選舉,首次申報,1081122,雜支支出,皇品燒臘店,38472731,0.00,240.00,餐飲費用,金錢,臺北市中山區****,,
39,宋楚瑜,109年總統、副總統選舉,首次申報,1081122,雜支支出,樂金食品股份有限公司,38492011,0.00,224.00,餐飲費用,金錢,臺北市中山區****,,
40,宋楚瑜,109年總統、副總統選舉,首次申報,1081122,雜支支出,紐頓電子有限公司,53733088,0.00,23900.00,雜項購置或修繕費用,金錢,臺北市中正區****,,
41,宋楚瑜,109年總統、副總統選舉,首次申報,1081122,宣傳支出,意團隊有限公司,53913238,0.00,80000.00,製作競選物品支出（物品名稱-請填寫）,金錢,臺北市信義區****,,
42,宋楚瑜,109年總統、副總統選舉,首次申報,1081122,雜支支出,摩斯漢堡,73706172,0.00,1734.00,餐飲費用,金錢,臺北市中山區****,,
43,宋楚瑜,109年總統、副總統選舉,首次申報,1081124,交通旅運支出,台灣中油信義站,01802160,0.00,2600.00,油資,金錢,臺北市信義區****,,
44,宋楚瑜,109年總統、副總統選舉,首次申報,1081125,雜支支出,中聯鎖行,01295517,0.00,520.00,文具用品費用,金錢,臺北市中山區****,,
45,宋楚瑜,109年總統、副總統選舉,首次申報,1081125,雜支支出,中華郵政,03717154,0.00,280.00,電信費用,金錢,臺北市中山區****,,
46,宋楚瑜,109年總統、副總統選舉,首次申報,1081125,交通旅運支出,台灣高鐵,16446274,0.00,6940.00,搭乘交通工具支出,金錢,臺北市南港區****,,
47,宋楚瑜,109年總統、副總統選舉,首次申報,1081125,雜支支出,淞江自助餐店,26365709,0.00,450.00,餐飲費用,金錢,臺北市中山區****,,
48,宋楚瑜,109年總統、副總統選舉,首次申報,1081125,雜支支出,頂好,28978541,0.00,1143.00,餐飲費用,金錢,臺北市中山區****,,
49,宋楚瑜,109年總統、副總統選舉,首次申報,1081125,交通旅運支出,應安台北資訊園區停車場,38530922,0.00,175.00,停車費,金錢,臺北市中正區****,,
50,宋楚瑜,109年總統、副總統選舉,首次申報,1081125,雜支支出,紐頓電子有限公司,53733088,0.00,2900.00,雜項購置或修繕費用,金錢,臺北市中正區****,,
51,宋楚瑜,109年總統、副總統選舉,首次申報,1081125,雜支支出,金提小吃店,76310075,0.00,760.00,餐飲費用,金錢,臺北市中山區****,,
52,宋楚瑜,109年總統、副總統選舉,首次申報,1081126,雜支支出,中華郵政,03717154,0.00,90.00,雜項購置或修繕費用,金錢,臺北市中山區****,,
53,宋楚瑜,109年總統、副總統選舉,首次申報,1081126,雜支支出,信隆文具紙張行,04371469,0.00,396.00,文具用品費用,金錢,臺北市中山區****,,
54,宋楚瑜,109年總統、副總統選舉,首次申報,1081126,雜支支出,淞江自助餐店,26365709,0.00,1035.00,餐飲費用,金錢,臺北市中山區****,,
55,宋楚瑜,109年總統、副總統選舉,首次申報,1081127,雜支支出,中華郵政,03717154,0.00,55.00,雜項購置或修繕費用,金錢,臺北市中山區****,,
56,宋楚瑜,109年總統、副總統選舉,首次申報,1081128,雜支支出,中華郵政,03717154,0.00,190.00,雜項購置或修繕費用,金錢,臺北市中山區****,,
57,宋楚瑜,109年總統、副總統選舉,首次申報,1081128,雜支支出,中華郵政,03717154,0.00,115.00,雜項購置或修繕費用,金錢,臺北市中山區****,,
58,宋楚瑜,109年總統、副總統選舉,首次申報,1081128,交通旅運支出,鹿鳴溫泉酒店,10741475,0.00,24000.00,差旅膳宿支出,金錢,臺東縣鹿野鄉****,,
59,宋楚瑜,109年總統、副總統選舉,首次申報,1081128,雜支支出,米巴奈山地美食坊,14193627,0.00,8800.00,餐飲費用,金錢,臺東縣臺東市****,,
60,宋楚瑜,109年總統、副總統選舉,首次申報,1081128,交通旅運支出,立榮航空股份有限公司,22958771,0.00,1938.00,搭乘交通工具支出,金錢,臺北市中山區****,,
61,宋楚瑜,109年總統、副總統選舉,首次申報,1081128,交通旅運支出,華信航空股份有限公司,23988865,0.00,19700.00,搭乘交通工具支出,金錢,臺北市松山區****,,
62,宋楚瑜,109年總統、副總統選舉,首次申報,1081128,雜支支出,爭鮮伊通店,70394631,0.00,2953.00,餐飲費用,金錢,臺北市中山區****,,
63,宋楚瑜,109年總統、副總統選舉,首次申報,1081128,雜支支出,天野小吃部,93855305,0.00,14000.00,餐飲費用,金錢,臺東縣臺東市****,,
64,宋楚瑜,109年總統、副總統選舉,首次申報,1081129,雜支支出,中華郵政,03717154,0.00,65.00,雜項購置或修繕費用,金錢,臺北市中山區****,,
65,宋楚瑜,109年總統、副總統選舉,首次申報,1081129,租用競選辦事處支出,台灣電力公司,03765704,0.00,91199.00,租用競選辦事處費用-水電管理費,金錢,臺北市大安區****,,
66,宋楚瑜,109年總統、副總統選舉,首次申報,1081129,交通旅運支出,華信航空股份有限公司,23988865,0.00,21670.00,搭乘交通工具支出,金錢,臺北市松山區****,,
67,宋楚瑜,109年總統、副總統選舉,首次申報,1081129,雜支支出,遠東SOGO台北復興館,27945380,0.00,1594.00,餐飲費用,金錢,臺北市大安區****,,
68,宋楚瑜,109年總統、副總統選舉,首次申報,1081129,雜支支出,天野小吃部,74904880,0.00,16000.00,餐飲費用,金錢,臺東縣鹿野鄉****,,
69,宋楚瑜,109年總統、副總統選舉,首次申報,1081129,租用競選辦事處支出,鄭博修,A10*******,0.00,1000000.00,租用競選辦事處費用,金錢,臺北市大安區****,0963*****,
70,宋楚瑜,109年總統、副總統選舉,首次申報,1081130,交通旅運支出,台亞石油股份有限公司新莊化成路加油站,09673338,0.00,2470.00,油資,金錢,新北市新莊區****,,
71,宋楚瑜,109年總統、副總統選舉,首次申報,1081130,雜支支出,朱媽媽精緻美食店,25508481,0.00,2400.00,餐飲費用,金錢,臺北市大安區****,,
72,宋楚瑜,109年總統、副總統選舉,首次申報,1081130,交通旅運支出,馬淵企業股份有限公司(辛亥營運所),42549753,0.00,310.00,停車費,金錢,臺北市文山區****,,
73,宋楚瑜,109年總統、副總統選舉,首次申報,1081201,雜支支出,朱媽媽精緻美食店,25508481,0.00,4120.00,餐飲費用,金錢,臺北市大安區****,,
74,宋楚瑜,109年總統、副總統選舉,首次申報,1081201,交通旅運支出,台灣高鐵股份有限公司,28078540,0.00,2500.00,搭乘交通工具支出,金錢,臺中市南屯區****,,
75,宋楚瑜,109年總統、副總統選舉,首次申報,1081201,雜支支出,全聯福利中心,54390342,0.00,851.00,雜項購置或修繕費用,金錢,臺北市大安區****,,
76,宋楚瑜,109年總統、副總統選舉,首次申報,1081202,雜支支出,中華郵政,03717154,0.00,175.00,雜項購置或修繕費用,金錢,臺北市中山區****,,
77,宋楚瑜,109年總統、副總統選舉,首次申報,1081202,雜支支出,世運燒臘店,25663482,0.00,850.00,餐飲費用,金錢,臺北市中山區****,,
78,宋楚瑜,109年總統、副總統選舉,首次申報,1081202,雜支支出,鄭新豐水果行,35977758,0.00,3600.00,餐飲費用,金錢,新北市三重區****,,
79,宋楚瑜,109年總統、副總統選舉,首次申報,1081203,雜支支出,中華郵政股份有限公司台北長安郵局,03717154,0.00,60.00,雜項購置或修繕費用,金錢,臺北市中山區****,,
80,宋楚瑜,109年總統、副總統選舉,首次申報,1081203,雜支支出,中華郵政,03717154,0.00,20.00,雜項購置或修繕費用,金錢,臺北市中山區****,,
81,宋楚瑜,109年總統、副總統選舉,首次申報,1081203,雜支支出,中華郵政,03717154,0.00,60.00,電信費用,金錢,臺北市中山區****,,
82,宋楚瑜,109年總統、副總統選舉,首次申報,1081203,雜支支出,淞江自助餐店,26365709,0.00,5520.00,餐飲費用,金錢,臺北市中山區****,,
83,宋楚瑜,109年總統、副總統選舉,首次申報,1081203,雜支支出,天鵬水果行,35989939,0.00,1000.00,餐飲費用,金錢,新北市三重區****,,
84,宋楚瑜,109年總統、副總統選舉,首次申報,1081203,宣傳支出,陸壹零影像工作室有限公司,42659104,0.00,1500000.00,製作宣傳廣告支出,金錢,臺北市大安區****,,
85,宋楚瑜,109年總統、副總統選舉,首次申報,1081203,宣傳支出,博商傳播事業有限公司,96928891,0.00,1400000.00,播送、傳送或刊登宣傳廣告支出,金錢,臺北市復興南****,,
86,宋楚瑜,109年總統、副總統選舉,首次申報,1081204,雜支支出,奇泰電腦維修行,,0.00,1155.00,雜項購置或修繕費用,金錢,臺北市市民大****,,
87,宋楚瑜,109年總統、副總統選舉,首次申報,1081204,雜支支出,旺泉水實業有限公司,13120062,0.00,525.00,餐飲費用,金錢,臺北市中山區****,,
88,宋楚瑜,109年總統、副總統選舉,首次申報,1081204,宣傳支出,立大林數位印刷有限公司,16270991,0.00,53550.00,製作競選物品支出（物品名稱-請填寫）,金錢,新北市三重區****,,
89,宋楚瑜,109年總統、副總統選舉,首次申報,1081204,雜支支出,禾盛印刷設計有限公司,24939104,0.00,6400.00,文具用品費用,金錢,臺北市內湖區****,,
90,宋楚瑜,109年總統、副總統選舉,首次申報,1081204,雜支支出,雲門工程有限公司,86717881,0.00,15000.00,雜項購置或修繕費用,金錢,新北市新店區****,,
91,宋楚瑜,109年總統、副總統選舉,首次申報,1081205,雜支支出,中華郵政,03717154,0.00,40.00,雜項購置或修繕費用,金錢,臺北市中山區****,,
92,宋楚瑜,109年總統、副總統選舉,首次申報,1081205,雜支支出,朱媽媽精緻美食店,25508481,0.00,4000.00,餐飲費用,金錢,臺北市大安區****,,
93,宋楚瑜,109年總統、副總統選舉,首次申報,1081205,雜支支出,古早味控肉販,31903828,0.00,560.00,餐飲費用,金錢,臺北市延吉街****,,
94,宋楚瑜,109年總統、副總統選舉,首次申報,1081205,雜支支出,多特有限公司,42700645,0.00,10500.00,雜項購置或修繕費用,金錢,臺北市中正區****,,
95,宋楚瑜,109年總統、副總統選舉,首次申報,1081205,雜支支出,千毅企業社,48702108,0.00,6300.00,雜項購置或修繕費用,金錢,臺北市萬華區****,,
96,宋楚瑜,109年總統、副總統選舉,首次申報,1081205,宣傳支出,亞馬遜環球行銷股份有限公司,55734689,0.00,293000.00,製作宣傳廣告支出,金錢,臺北市中山區****,,
97,宋楚瑜,109年總統、副總統選舉,首次申報,1081205,雜支支出,羿采企業社,72697386,0.00,48000.00,雜項購置或修繕費用,金錢,新北市樹林區****,,
98,宋楚瑜,109年總統、副總統選舉,首次申報,1081206,雜支支出,燦坤(林口文化店),28970392,0.00,19280.00,雜項購置或修繕費用,金錢,新北市林口區****,,
99,宋楚瑜,109年總統、副總統選舉,首次申報,1081206,宣傳支出,傑得愛資訊社劉俊宏,42194056,0.00,315000.00,播送、傳送或刊登宣傳廣告支出,金錢,新北市板橋區****,,
100,宋楚瑜,109年總統、副總統選舉,首次申報,1081206,雜支支出,恩嘉國際企業有限公司,42771774,0.00,9360.00,餐飲費用,金錢,桃園市平鎮區****,,
101,宋楚瑜,109年總統、副總統選舉,首次申報,1081206,宣傳支出,華苑映創股份有限公司,53733427,0.00,1500000.00,製作宣傳廣告支出,金錢,臺北市松山區****,,
102,宋楚瑜,109年總統、副總統選舉,首次申報,1081206,宣傳支出,許卿燿,M12*******,0.00,201850.00,演講或表演支出,金錢,桃園市龜山區****,,
103,宋楚瑜,109年總統、副總統選舉,首次申報,1081207,雜支支出,中華郵政,03717154,0.00,15.00,雜項購置或修繕費用,金錢,臺北市中山區****,,
104,宋楚瑜,109年總統、副總統選舉,首次申報,1081207,雜支支出,豐業生活館有限公司,12838685,0.00,644.00,文具用品費用,金錢,新北市三重區****,,
105,宋楚瑜,109年總統、副總統選舉,首次申報,1081207,雜支支出,頂好(仁愛青分公司),27232741,0.00,9004.00,餐飲費用,金錢,臺北市大安區****,,
106,宋楚瑜,109年總統、副總統選舉,首次申報,1081207,交通旅運支出,台灣高鐵股份有限公司,28078540,0.00,36400.00,搭乘交通工具支出,金錢,臺北市南港區****,,
107,宋楚瑜,109年總統、副總統選舉,首次申報,1081207,雜支支出,利佳皮件有限公司,52302060,0.00,1300.00,雜項購置或修繕費用,金錢,,,
108,宋楚瑜,109年總統、副總統選舉,首次申報,1081208,交通旅運支出,台灣高鐵股份有限公司,28078540,0.00,9760.00,搭乘交通工具支出,金錢,臺北市南港區****,,
109,宋楚瑜,109年總統、副總統選舉,首次申報,1081208,交通旅運支出,NPC全國加油站(港墘路加油站),31995832,0.00,2780.00,油資,金錢,臺北市內湖區****,,
110,宋楚瑜,109年總統、副總統選舉,首次申報,1081209,雜支支出,中華郵政股份有限公司台北長安郵局,03717154,0.00,60.00,電信費用,金錢,,,
111,宋楚瑜,109年總統、副總統選舉,首次申報,1081209,雜支支出,中華郵政,03717154,0.00,100.00,雜項購置或修繕費用,金錢,臺北市中山區****,,
112,宋楚瑜,109年總統、副總統選舉,首次申報,1081209,宣傳支出,亞馬遜環球行銷股份有限公司,12819189,0.00,672000.00,製作宣傳廣告支出,金錢,臺中市西區公****,,
113,宋楚瑜,109年總統、副總統選舉,首次申報,1081209,宣傳支出,昶宏企業社,26564329,0.00,106000.00,製作競選物品支出（物品名稱-請填寫）,金錢,基隆市中正區****,,
114,宋楚瑜,109年總統、副總統選舉,首次申報,1081209,雜支支出,頂好(長安東店),28978541,0.00,1358.00,餐飲費用,金錢,臺北市中山區****,,
115,宋楚瑜,109年總統、副總統選舉,首次申報,1081209,雜支支出,93刀削麵館,98885258,0.00,120.00,餐飲費用,金錢,臺北市中正區****,,
116,宋楚瑜,109年總統、副總統選舉,首次申報,1081210,雜支支出,中華郵政,03717154,0.00,110.00,雜項購置或修繕費用,金錢,臺北市中山區****,,
117,宋楚瑜,109年總統、副總統選舉,首次申報,1081210,雜支支出,旺泉水實業有限公司,13120062,0.00,1050.00,雜項購置或修繕費用,金錢,臺北市中山區****,,
118,宋楚瑜,109年總統、副總統選舉,首次申報,1081210,雜支支出,松山黑板社,20918182,0.00,1260.00,雜項購置或修繕費用,金錢,臺北市松山區****,,
119,宋楚瑜,109年總統、副總統選舉,首次申報,1081210,雜支支出,米錄股份有限公司,27658008,0.00,293475.00,雜項購置或修繕費用,金錢,新北市新店區****,,
120,宋楚瑜,109年總統、副總統選舉,首次申報,1081210,雜支支出,頂好(長安東店),28978541,0.00,922.00,餐飲費用,金錢,臺北市中山區****,,
121,宋楚瑜,109年總統、副總統選舉,首次申報,1081210,宣傳支出,芝加哥創意行銷有限公司,55262604,0.00,27000.00,製作競選物品支出-文宣氣球（物品名稱-請填寫）,金錢,臺北市大同區****,,
122,宋楚瑜,109年總統、副總統選舉,首次申報,1081210,雜支支出,隆昌食品有限公司,89778221,0.00,13050.00,餐飲費用,金錢,新北市板橋區****,,
123,宋楚瑜,109年總統、副總統選舉,首次申報,1081210,人事費用支出,陳晁騰,A12*******,0.00,23000.00,獎金或津貼,金錢,臺北市信義區****,,
124,宋楚瑜,109年總統、副總統選舉,首次申報,1081211,雜支支出,柏泉有限公司,12287280,0.00,481.00,文具用品費用,金錢,臺北市中山區****,,
125,宋楚瑜,109年總統、副總統選舉,首次申報,1081211,雜支支出,統一超商(青島店),22555904,0.00,1102.00,餐飲費用,金錢,臺北市中正區****,,
126,宋楚瑜,109年總統、副總統選舉,首次申報,1081211,交通旅運支出,台灣高鐵股份有限公司,28078540,0.00,11160.00,搭乘交通工具支出,金錢,臺北市南港區****,,
127,宋楚瑜,109年總統、副總統選舉,首次申報,1081211,雜支支出,頂好(長安東店),28978541,0.00,867.00,餐飲費用,金錢,臺北市中山區****,,
128,宋楚瑜,109年總統、副總統選舉,首次申報,1081211,雜支支出,星巴克(松江長安),52886563,0.00,2081.00,餐飲費用,金錢,臺北市中山區****,,
129,宋楚瑜,109年總統、副總統選舉,首次申報,1081211,雜支支出,譽展蜜餞行,81671350,0.00,1139.00,餐飲費用,金錢,臺北市中山區****,,
130,宋楚瑜,109年總統、副總統選舉,首次申報,1081212,雜支支出,中華郵政,,0.00,20.00,雜項購置或修繕費用,金錢,臺北市中山區****,,
131,宋楚瑜,109年總統、副總統選舉,首次申報,1081212,雜支支出,盛豐五金行,21709135,0.00,360.00,雜項購置或修繕費用,金錢,臺北市內湖區****,,
132,宋楚瑜,109年總統、副總統選舉,首次申報,1081212,雜支支出,源益瓷器行,34560918,0.00,3500.00,雜項購置或修繕費用,金錢,新北市鶯歌區****,,
133,宋楚瑜,109年總統、副總統選舉,首次申報,1081212,宣傳支出,許卿燿,M12*******,0.00,201850.00,製作宣傳廣告支出,金錢,桃園市龜山區****,,
134,宋楚瑜,109年總統、副總統選舉,首次申報,1081213,雜支支出,泉成五金有限公司,11469500,0.00,6506.00,雜項購置或修繕費用,金錢,臺北市大同區****,,
135,宋楚瑜,109年總統、副總統選舉,首次申報,1081213,宣傳支出,亞馬遜環球行銷股份有限公司,12819189,0.00,168000.00,製作競選物品支出（物品名稱-請填寫）,金錢,臺中市西區公****,,
136,宋楚瑜,109年總統、副總統選舉,首次申報,1081213,雜支支出,禾盛印刷設計有限公司,24939104,0.00,1000.00,雜項購置或修繕費用,金錢,臺北市內湖區****,,
137,宋楚瑜,109年總統、副總統選舉,首次申報,1081213,雜支支出,朱媽媽精緻美食店,25508481,0.00,8345.00,餐飲費用,金錢,臺北市大安區****,,
138,宋楚瑜,109年總統、副總統選舉,首次申報,1081213,宣傳支出,昶宏企業社,26564329,0.00,5300.00,製作競選物品支出（物品名稱-請填寫）,金錢,基隆市信義區****,,
139,宋楚瑜,109年總統、副總統選舉,首次申報,1081213,宣傳支出,昶宏企業社,26564329,0.00,3733065.00,製作競選物品支出（物品名稱-請填寫）,金錢,基隆市中正區****,,
140,宋楚瑜,109年總統、副總統選舉,首次申報,1081213,宣傳支出,華楠實業有限公司,27976496,0.00,6500.00,製作競選物品支出（物品名稱-請填寫）,金錢,臺北市大安區****,,
141,宋楚瑜,109年總統、副總統選舉,首次申報,1081213,交通旅運支出,台灣高鐵股份有限公司,28078540,0.00,4880.00,搭乘交通工具支出,金錢,臺北市南港區****,,
142,宋楚瑜,109年總統、副總統選舉,首次申報,1081213,交通旅運支出,NPC全國加油站(港墘路加油站),31995832,0.00,3041.00,油資,金錢,臺北市內湖區****,,
143,宋楚瑜,109年總統、副總統選舉,首次申報,1081213,交通旅運支出,NPC全國加油站(港墘路加油站),31995832,0.00,1584.00,油資,金錢,臺北市內湖區****,,
144,宋楚瑜,109年總統、副總統選舉,首次申報,1081213,雜支支出,十合貿易有限公司,38647789,0.00,1514.00,餐飲費用,金錢,臺北市中山區****,,
145,宋楚瑜,109年總統、副總統選舉,首次申報,1081213,交通旅運支出,馬淵企業股份有限公司(辛亥營運所),42549753,0.00,570.00,停車費,金錢,臺北市文山區****,,
146,宋楚瑜,109年總統、副總統選舉,首次申報,1081213,雜支支出,雅婷智慧股份有限公司,50878026,0.00,1600.00,網際網路費用,金錢,臺北市大同區****,,
147,宋楚瑜,109年總統、副總統選舉,首次申報,1081213,雜支支出,潔星環保有限公司,53201809,0.00,9450.00,雜項購置或修繕費用,金錢,,,
148,宋楚瑜,109年總統、副總統選舉,首次申報,1081213,雜支支出,中華電信股份有限公司(台北松江服務中心),81691784,0.00,4846.00,網際網路費用,金錢,臺北市中山區****,,
149,宋楚瑜,109年總統、副總統選舉,首次申報,1081213,雜支支出,雲門工程有限公司,86717881,0.00,4050.00,雜項購置或修繕費用,金錢,新北市新店區****,,
150,宋楚瑜,109年總統、副總統選舉,首次申報,1081213,雜支支出,萊爾富(中興三店),97089304,0.00,240.00,雜項購置或修繕費用,金錢,新北市三重區****,,
151,宋楚瑜,109年總統、副總統選舉,首次申報,1081216,交通旅運支出,遠東航空股份有限公司,03522003,0.00,21317.00,搭乘交通工具支出,金錢,臺北市松山區****,,
152,宋楚瑜,109年總統、副總統選舉,首次申報,1081216,雜支支出,中華郵政,03717154,0.00,115.00,雜項購置或修繕費用,金錢,臺北市中山區****,,
153,宋楚瑜,109年總統、副總統選舉,首次申報,1081216,雜支支出,中華郵政股份有限公司台北長安郵局,03741302,0.00,30.00,電信費用,金錢,臺北市中山區****,,
154,宋楚瑜,109年總統、副總統選舉,首次申報,1081216,宣傳支出,齊雲室內裝修工程有限公司,24339024,0.00,300000.00,製作競選物品支出（物品名稱-請填寫）,金錢,臺北市中正區****,,
155,宋楚瑜,109年總統、副總統選舉,首次申報,1081216,雜支支出,朱媽媽精緻美食店,25508481,0.00,9760.00,餐飲費用,金錢,臺北市大安區****,,
156,宋楚瑜,109年總統、副總統選舉,首次申報,1081216,雜支支出,大潤發(中崙店),27243775,0.00,547.00,雜項購置或修繕費用,金錢,臺北市中山區****,,
157,宋楚瑜,109年總統、副總統選舉,首次申報,1081216,交通旅運支出,台灣高鐵股份有限公司,28078540,0.00,7170.00,搭乘交通工具支出,金錢,臺北市南港區****,,
158,宋楚瑜,109年總統、副總統選舉,首次申報,1081216,宣傳支出,傑愛得資訊社,42194056,0.00,2000.00,製作競選物品支出（物品名稱-請填寫）,金錢,新北市板橋區****,,
159,宋楚瑜,109年總統、副總統選舉,首次申報,1081216,雜支支出,全聯福利中心(大安正聲分公司),54390342,0.00,2425.00,雜項購置或修繕費用,金錢,臺北市大安區****,,
160,宋楚瑜,109年總統、副總統選舉,首次申報,1081216,雜支支出,黃光華,F12*******,0.00,12000.00,雜項購置或修繕費用,金錢,臺北市信義區****,,
161,宋楚瑜,109年總統、副總統選舉,首次申報,1081217,雜支支出,中華郵政,03717154,0.00,35.00,雜項購置或修繕費用,金錢,臺北市中山區****,,
162,宋楚瑜,109年總統、副總統選舉,首次申報,1081218,交通旅運支出,遠東航空股份有限公司,03522003,0.00,5225.00,搭乘交通工具支出,金錢,臺北市松山區****,,
163,宋楚瑜,109年總統、副總統選舉,首次申報,1081218,雜支支出,信傑鎖店,12538147,0.00,17544.00,雜項購置或修繕費用,金錢,臺北市中山區****,,
164,宋楚瑜,109年總統、副總統選舉,首次申報,1081218,宣傳支出,五璱藝術印刷有限公司,16794147,0.00,48000.00,製作競選物品支出（物品名稱-請填寫）,金錢,臺北市士林區****,,
165,宋楚瑜,109年總統、副總統選舉,首次申報,1081218,雜支支出,時代資訊電子有限公司,22874935,0.00,60000.00,雜項購置或修繕費用,金錢,新北市三重區****,,
166,宋楚瑜,109年總統、副總統選舉,首次申報,1081218,雜支支出,萊爾富(林口建林店),24795042,0.00,470.00,餐飲費用,金錢,新北市林口區****,,
167,宋楚瑜,109年總統、副總統選舉,首次申報,1081218,雜支支出,淞江自助餐店,26365709,0.00,931.00,餐飲費用,金錢,臺北市中山區****,,
168,宋楚瑜,109年總統、副總統選舉,首次申報,1081218,雜支支出,頂好(仁愛青分公司),27232741,0.00,1669.00,餐飲費用,金錢,臺北市大安區****,,
169,宋楚瑜,109年總統、副總統選舉,首次申報,1081218,交通旅運支出,台灣高鐵股份有限公司,28078540,0.00,7170.00,搭乘交通工具支出,金錢,臺北市南港區****,,
170,宋楚瑜,109年總統、副總統選舉,首次申報,1081218,交通旅運支出,台灣高鐵股份有限公司,28078540,0.00,1830.00,搭乘交通工具支出,金錢,臺北市南港區****,,
171,宋楚瑜,109年總統、副總統選舉,首次申報,1081218,雜支支出,福容大飯店,28769734,0.00,16708.00,餐飲費用,金錢,臺北市大安區****,,
172,宋楚瑜,109年總統、副總統選舉,首次申報,1081218,交通旅運支出,台亞石油股份有限公司(林口忠孝加油站),31439012,0.00,1918.00,油資,金錢,新北市林口區****,,
173,宋楚瑜,109年總統、副總統選舉,首次申報,1081218,雜支支出,全家便利商店(林口菁英店),51636309,0.00,2107.00,餐飲費用,金錢,新北市林口區****,,
174,宋楚瑜,109年總統、副總統選舉,首次申報,1081218,雜支支出,馬祖麵館,72942085,0.00,12745.00,餐飲費用,金錢,臺北市大安區****,,
175,宋楚瑜,109年總統、副總統選舉,首次申報,1081218,雜支支出,萊爾富(北縣五股店),80340924,0.00,1700.00,雜項購置或修繕費用,金錢,新北市五股區****,,
176,宋楚瑜,109年總統、副總統選舉,首次申報,1081218,雜支支出,中華電信股份有限公司(台北營運處),81691784,0.00,16718.00,電信費用,金錢,臺北市大安區****,,
177,宋楚瑜,109年總統、副總統選舉,首次申報,1081218,宣傳支出,藝高有限公司,84260789,0.00,2600.00,製作競選物品支出（物品名稱-請填寫）,金錢,臺北市中山區****,,
178,宋楚瑜,109年總統、副總統選舉,首次申報,1081218,交通旅運支出,華信航空股份有限公司(馬公營業所),87750937,0.00,5025.00,搭乘交通工具支出,金錢,澎湖縣湖西鄉****,,
179,宋楚瑜,109年總統、副總統選舉,首次申報,1081218,人事費用支出,方恩斌,A13*******,0.00,30000.00,獎金或津貼,金錢,臺北市北投區****,,
180,宋楚瑜,109年總統、副總統選舉,首次申報,1081218,人事費用支出,辛大海,D12*******,0.00,30000.00,獎金或津貼,金錢,金門縣金城鎮****,,
181,宋楚瑜,109年總統、副總統選舉,首次申報,1081218,人事費用支出,許韶娟,E22*******,0.00,30000.00,獎金或津貼,金錢,高雄市楠梓區****,,
182,宋楚瑜,109年總統、副總統選舉,首次申報,1081218,人事費用支出,王豐晟,F12*******,0.00,30000.00,獎金或津貼,金錢,臺中市北區華****,,
183,宋楚瑜,109年總統、副總統選舉,首次申報,1081218,人事費用支出,趙知徜,P12*******,0.00,25000.00,獎金或津貼,金錢,雲林縣斗六市****,,
184,宋楚瑜,109年總統、副總統選舉,首次申報,1081218,人事費用支出,陳愷巨,Q12*******,0.00,35000.00,隨行拍照工作費,金錢,新北市永和區****,,
185,宋楚瑜,109年總統、副總統選舉,首次申報,1081219,宣傳支出,意團隊有限公司,53913238,0.00,21000.00,製作宣傳廣告支出,金錢,臺北市信義區****,,
186,宋楚瑜,109年總統、副總統選舉,首次申報,1081219,宣傳支出,伍鎂有限公司,89942476,0.00,6000.00,製作競選物品支出-看板（物品名稱-請填寫）,金錢,臺北市松山區****,,
187,宋楚瑜,109年總統、副總統選舉,首次申報,1081219,宣傳支出,博商傳播事業有限公司,96928891,0.00,4000000.00,播送、傳送或刊登宣傳廣告支出,金錢,臺北市大安區****,,
188,宋楚瑜,109年總統、副總統選舉,首次申報,1081220,雜支支出,台灣土地銀行(長安分行),03700301,0.00,120.00,電信費用,金錢,臺北市中山區****,,
189,宋楚瑜,109年總統、副總統選舉,首次申報,1081220,雜支支出,中華郵政股份有限公司台北長安郵局,03717154,0.00,30.00,電信費用,金錢,臺北市中山區****,,
190,宋楚瑜,109年總統、副總統選舉,首次申報,1081220,雜支支出,中華郵政股份有限公司台北長安郵局,03717154,0.00,40.00,電信費用,金錢,臺北市中山區****,,
191,宋楚瑜,109年總統、副總統選舉,首次申報,1081220,雜支支出,中華郵政股份有限公司台北長安郵局,03717154,0.00,60.00,電信費用,金錢,臺北市中山區****,,
192,宋楚瑜,109年總統、副總統選舉,首次申報,1081220,雜支支出,淞江自助餐店,26365709,0.00,1721.00,餐飲費用,金錢,臺北市中山區****,,
193,宋楚瑜,109年總統、副總統選舉,首次申報,1081220,交通旅運支出,NPC全國加油站(港墘路加油站),31995832,0.00,8613.00,油資,金錢,臺北市內湖區****,,
194,宋楚瑜,109年總統、副總統選舉,首次申報,1081220,雜支支出,嘉里大榮物流有限公司,35041007,0.00,450.00,雜項購置或修繕費用,金錢,臺北市中正區****,,
195,宋楚瑜,109年總統、副總統選舉,首次申報,1081220,宣傳支出,陸壹零影像工作室有限公司,42659104,0.00,2400000.00,製作宣傳廣告支出,金錢,臺北市大安區****,,
196,宋楚瑜,109年總統、副總統選舉,首次申報,1081220,宣傳支出,陸壹零影像工作室有限公司,42659104,0.00,20000.00,製作宣傳廣告支出,金錢,臺北市大安區****,,
197,宋楚瑜,109年總統、副總統選舉,首次申報,1081220,宣傳支出,華苑映創股份有限公司,53733427,0.00,1084313.00,製作宣傳廣告支出,金錢,臺北市松山區****,,
198,宋楚瑜,109年總統、副總統選舉,首次申報,1081220,雜支支出,全聯福利中心(大安正聲分公司),54390342,0.00,2732.00,餐飲費用,金錢,臺北市大安區****,,
199,宋楚瑜,109年總統、副總統選舉,首次申報,1081220,雜支支出,詹記燒臘店,73004947,0.00,3825.00,餐飲費用,金錢,臺北市松山區****,,
200,宋楚瑜,109年總統、副總統選舉,首次申報,1081220,宣傳支出,艾斯傳媒行銷股份有限公司,82817396,0.00,5000000.00,製作宣傳廣告支出,金錢,臺北市內湖區****,,
201,宋楚瑜,109年總統、副總統選舉,首次申報,1081220,宣傳支出,艾斯傳媒行銷股份有限公司,82817396,0.00,10772418.00,製作宣傳廣告支出,金錢,臺北市內湖區****,,
202,宋楚瑜,109年總統、副總統選舉,首次申報,1081220,雜支支出,大酷呆商行,83930473,0.00,488.00,雜項購置或修繕費用,金錢,新北市新莊區****,,
203,宋楚瑜,109年總統、副總統選舉,首次申報,1081220,租用競選辦事處支出,王錫棠,F12*******,0.00,57000.00,租用競選辦事處費用,金錢,新北市林口區****,,
204,宋楚瑜,109年總統、副總統選舉,首次申報,1081223,雜支支出,伍佰雞邨食品行,01580147,0.00,3750.00,餐飲費用,金錢,臺北市大安區****,,
205,宋楚瑜,109年總統、副總統選舉,首次申報,1081223,雜支支出,鮮味鮮便當便(蔡家排骨飯-龜山),02907276,0.00,1375.00,餐飲費用,金錢,桃園市龜山區****,,
206,宋楚瑜,109年總統、副總統選舉,首次申報,1081223,雜支支出,中華郵政,03717154,0.00,630.00,雜項購置或修繕費用,金錢,臺北市中山區****,,
207,宋楚瑜,109年總統、副總統選舉,首次申報,1081223,雜支支出,興隆文具紙張行,04371469,0.00,1368.00,文具用品費用,金錢,臺北市中山區****,,
208,宋楚瑜,109年總統、副總統選舉,首次申報,1081223,交通旅運支出,台灣中油內湖站,08590459,0.00,8686.00,油資,金錢,臺北市內湖區****,,
209,宋楚瑜,109年總統、副總統選舉,首次申報,1081223,雜支支出,豬腳張小吃店,13848520,0.00,1650.00,餐飲費用,金錢,臺北市大同區****,,
210,宋楚瑜,109年總統、副總統選舉,首次申報,1081223,雜支支出,全家便利商店(興仁店),16639526,0.00,40.00,餐飲費用,金錢,臺北市大安區****,,
211,宋楚瑜,109年總統、副總統選舉,首次申報,1081223,雜支支出,府城排骨飯館,18093326,0.00,6700.00,餐飲費用,金錢,臺北市大安區****,,
212,宋楚瑜,109年總統、副總統選舉,首次申報,1081223,宣傳支出,巴比企管顧問有限公司,24976206,0.00,315000.00,製作宣傳廣告支出,金錢,臺北市松山區****,,
213,宋楚瑜,109年總統、副總統選舉,首次申報,1081223,雜支支出,朱媽媽精緻美食店,25508481,0.00,12393.00,餐飲費用,金錢,臺北市大安區****,,
214,宋楚瑜,109年總統、副總統選舉,首次申報,1081223,雜支支出,和闐商行,25550641,0.00,5265.00,餐飲費用,金錢,臺北市中正區****,,
215,宋楚瑜,109年總統、副總統選舉,首次申報,1081223,雜支支出,淞江自助餐店,26365709,0.00,1950.00,餐飲費用,金錢,臺北市中山區****,,
216,宋楚瑜,109年總統、副總統選舉,首次申報,1081223,雜支支出,劉家麻油雞,26623517,0.00,1485.00,餐飲費用,金錢,桃園市龜山區****,,
217,宋楚瑜,109年總統、副總統選舉,首次申報,1081223,雜支支出,家樂福股份有限公司(林口分公司),28427322,0.00,8990.00,雜項購置或修繕費用,金錢,新北市林口區****,,
218,宋楚瑜,109年總統、副總統選舉,首次申報,1081223,雜支支出,家樂福股份有限公司(林口分公司),28427322,0.00,6240.00,雜項購置或修繕費用,金錢,新北市林口區****,,
219,宋楚瑜,109年總統、副總統選舉,首次申報,1081223,交通旅運支出,車容坊文二站,30178550,0.00,13602.00,油資,金錢,新北市林口區****,,
220,宋楚瑜,109年總統、副總統選舉,首次申報,1081223,交通旅運支出,車容坊文二站,30178550,0.00,1566.00,油資,金錢,新北市林口區****,,
221,宋楚瑜,109年總統、副總統選舉,首次申報,1081223,雜支支出,粵香園點心燒臘專家,30857184,0.00,3100.00,餐飲費用,金錢,臺北市松山區****,,
222,宋楚瑜,109年總統、副總統選舉,首次申報,1081223,雜支支出,嘉里大榮物流有限公司,35041007,0.00,1000.00,雜項購置或修繕費用,金錢,臺北市大安區****,,
223,宋楚瑜,109年總統、副總統選舉,首次申報,1081223,雜支支出,仲軒小吃店,38485412,0.00,1475.00,餐飲費用,金錢,臺北市中山區****,,
224,宋楚瑜,109年總統、副總統選舉,首次申報,1081223,交通旅運支出,應安台北資訊園區停車場,38530922,0.00,5935.00,停車費,金錢,臺北市中正區****,,
225,宋楚瑜,109年總統、副總統選舉,首次申報,1081223,雜支支出,老味道古早美食,48936083,0.00,900.00,餐飲費用,金錢,臺北市大安區****,,
226,宋楚瑜,109年總統、副總統選舉,首次申報,1081223,雜支支出,春申匯集有限公司,50759197,0.00,3060.00,餐飲費用,金錢,臺北市大安區****,,
227,宋楚瑜,109年總統、副總統選舉,首次申報,1081223,雜支支出,萊爾富(北市永捷店),53010702,0.00,48.00,餐飲費用,金錢,臺北市中山區****,,
228,宋楚瑜,109年總統、副總統選舉,首次申報,1081223,雜支支出,奇臻國際有限公司,54155661,0.00,8830.00,餐飲費用,金錢,臺北市大安區****,,
229,宋楚瑜,109年總統、副總統選舉,首次申報,1081223,雜支支出,全聯福利中心(大安正聲分公司),54390342,0.00,7860.00,雜項購置或修繕費用,金錢,臺北市大安區****,,
230,宋楚瑜,109年總統、副總統選舉,首次申報,1081223,雜支支出,全家便利商店(延安店),70788229,0.00,160.00,餐飲費用,金錢,臺北市大安區****,,
231,宋楚瑜,109年總統、副總統選舉,首次申報,1081223,雜支支出,長榮桂冠酒店,70809478,0.00,3319.00,餐飲費用,金錢,臺北市中山區****,,
232,宋楚瑜,109年總統、副總統選舉,首次申報,1081223,雜支支出,統一超商(廣智店),70809596,0.00,90.00,餐飲費用,金錢,桃園市龜山區****,,
233,宋楚瑜,109年總統、副總統選舉,首次申報,1081223,雜支支出,金春發牛肉店,81652375,0.00,2583.00,餐飲費用,金錢,臺北市北投區****,,
234,宋楚瑜,109年總統、副總統選舉,首次申報,1081223,雜支支出,晉茂機械五金有限公司,85278821,0.00,2745.00,雜項購置或修繕費用,金錢,桃園市龜山區****,,
235,宋楚瑜,109年總統、副總統選舉,首次申報,1081224,雜支支出,中華郵政,03717154,0.00,35.00,雜項購置或修繕費用,金錢,臺北市中山區****,,
236,宋楚瑜,109年總統、副總統選舉,首次申報,1081224,宣傳支出,傑得愛資訊社劉俊宏,42194056,0.00,350000.00,播送、傳送或刊登宣傳廣告支出,金錢,新北市板橋區****,,
237,宋楚瑜,109年總統、副總統選舉,首次申報,1081224,宣傳支出,印通彩色印刷股份有限公司,86758854,0.00,193000.00,製作競選物品支出-DM印刷（物品名稱-請填寫）,金錢,新北市三重區****,,
238,宋楚瑜,109年總統、副總統選舉,首次申報,1081224,租用競選辦事處支出,九井廣告股份有限公司,86869134,0.00,3582180.00,裝潢競選辦事處支出,金錢,臺北市大安區****,,
239,宋楚瑜,109年總統、副總統選舉,首次申報,1081225,雜支支出,中華郵政,03717154,0.00,20.00,雜項購置或修繕費用,金錢,臺北市中山區****,,
240,宋楚瑜,109年總統、副總統選舉,首次申報,1081225,宣傳支出,立大林數位印刷有限公司,16270991,0.00,34020.00,製作競選物品支出-廣告面紙（物品名稱-請填寫）,金錢,新北市三重區****,,
241,宋楚瑜,109年總統、副總統選舉,首次申報,1081225,雜支支出,江蘇菜盒店,26283192,0.00,2810.00,餐飲費用,金錢,臺北市大安區****,,
242,宋楚瑜,109年總統、副總統選舉,首次申報,1081225,雜支支出,淞江自助餐店,26365709,0.00,659.00,餐飲費用,金錢,臺北市中山區****,,
243,宋楚瑜,109年總統、副總統選舉,首次申報,1081225,雜支支出,淞江自助餐店,26365709,0.00,4080.00,餐飲費用,金錢,臺北市中山區****,,
244,宋楚瑜,109年總統、副總統選舉,首次申報,1081225,交通旅運支出,台灣高鐵股份有限公司,28078540,0.00,4230.00,搭乘交通工具支出,金錢,臺北市南港區****,,
245,宋楚瑜,109年總統、副總統選舉,首次申報,1081225,交通旅運支出,台灣高鐵股份有限公司,28078540,0.00,3665.00,搭乘交通工具支出,金錢,臺北市南港區****,,
246,宋楚瑜,109年總統、副總統選舉,首次申報,1081225,交通旅運支出,台灣高鐵股份有限公司,28078540,0.00,23790.00,搭乘交通工具支出,金錢,臺北市南港區****,,
247,宋楚瑜,109年總統、副總統選舉,首次申報,1081225,交通旅運支出,台灣高鐵股份有限公司,28078540,0.00,16245.00,搭乘交通工具支出,金錢,臺北市南港區****,,
248,宋楚瑜,109年總統、副總統選舉,首次申報,1081225,雜支支出,皇品燒臘店,38472731,0.00,4290.00,餐飲費用,金錢,臺北市中山區****,,
249,宋楚瑜,109年總統、副總統選舉,首次申報,1081225,雜支支出,港都手工麵館,48749531,0.00,3320.00,餐飲費用,金錢,臺北市中山區****,,
250,宋楚瑜,109年總統、副總統選舉,首次申報,1081225,雜支支出,全家便利商店(松好店),54914235,0.00,1545.00,餐飲費用,金錢,臺北市中山區****,,
251,宋楚瑜,109年總統、副總統選舉,首次申報,1081225,宣傳支出,九井廣告股份有限公司,86869134,0.00,3150000.00,播送、傳送或刊登宣傳廣告支出,金錢,臺北市大安區****,,
252,宋楚瑜,109年總統、副總統選舉,首次申報,1081226,雜支支出,中華郵政,03717154,0.00,190.00,雜項購置或修繕費用,金錢,臺北市中山區****,,
253,宋楚瑜,109年總統、副總統選舉,首次申報,1081226,宣傳支出,艾斯傳媒行銷股份有限公司,82817396,0.00,2930755.00,播送、傳送或刊登宣傳廣告支出,金錢,臺北市內湖區****,,
254,宋楚瑜,109年總統、副總統選舉,首次申報,1081227,雜支支出,中華郵政股份有限公司台北長安郵局,03717154,0.00,35.00,電信費用,金錢,臺北市中山區****,,
255,宋楚瑜,109年總統、副總統選舉,首次申報,1081227,雜支支出,中華郵政,03717154,0.00,125.00,雜項購置或修繕費用,金錢,臺北市中山區****,,
256,宋楚瑜,109年總統、副總統選舉,首次申報,1081227,交通旅運支出,台灣中油內湖站,08590459,0.00,5400.00,油資,金錢,臺北市內湖區****,,
257,宋楚瑜,109年總統、副總統選舉,首次申報,1081227,雜支支出,台北101,16095410,0.00,1825.00,餐飲費用,金錢,臺北市信義區****,,
258,宋楚瑜,109年總統、副總統選舉,首次申報,1081227,交通旅運支出,台灣高鐵,16446274,0.00,12540.00,搭乘交通工具支出,金錢,臺北市南港區****,,
259,宋楚瑜,109年總統、副總統選舉,首次申報,1081227,交通旅運支出,台灣高鐵,16446274,0.00,9645.00,搭乘交通工具支出,金錢,臺北市南港區****,,
260,宋楚瑜,109年總統、副總統選舉,首次申報,1081227,交通旅運支出,台灣高鐵,16446274,0.00,9745.00,搭乘交通工具支出,金錢,臺北市南港區****,,
261,宋楚瑜,109年總統、副總統選舉,首次申報,1081227,雜支支出,青島排骨小吃店,18104528,0.00,890.00,餐飲費用,金錢,臺北市青島東****,,
262,宋楚瑜,109年總統、副總統選舉,首次申報,1081227,交通旅運支出,華信航空股份有限公司,23988865,0.00,14734.00,搭乘交通工具支出,金錢,臺北市松山區****,,
263,宋楚瑜,109年總統、副總統選舉,首次申報,1081227,雜支支出,統一速達股份有限公司,25630440,0.00,3900.00,雜項購置或修繕費用,金錢,臺北市內湖區****,,
264,宋楚瑜,109年總統、副總統選舉,首次申報,1081227,雜支支出,清枝肉圓,25686226,0.00,3150.00,餐飲費用,金錢,臺北市安東街****,,
265,宋楚瑜,109年總統、副總統選舉,首次申報,1081227,雜支支出,文國書局,26229297,0.00,6250.00,文具用品費用,金錢,臺北市大安區****,,
266,宋楚瑜,109年總統、副總統選舉,首次申報,1081227,雜支支出,寶貝多企業有限公司,29046820,0.00,1095.00,雜項購置或修繕費用,金錢,臺北市大安區****,,
267,宋楚瑜,109年總統、副總統選舉,首次申報,1081227,雜支支出,昌吉大鼎小吃店,31871240,0.00,3130.00,餐飲費用,金錢,臺北市大安區****,,
268,宋楚瑜,109年總統、副總統選舉,首次申報,1081227,雜支支出,古早味控肉飯,31903828,0.00,7655.00,餐飲費用,金錢,臺北市大安區****,,
269,宋楚瑜,109年總統、副總統選舉,首次申報,1081227,雜支支出,台北福華大飯店,36523299,0.00,9656.00,餐飲費用,金錢,,,
270,宋楚瑜,109年總統、副總統選舉,首次申報,1081227,宣傳支出,傑愛得資訊社,42194056,0.00,35000.00,製作宣傳廣告支出,金錢,新北市板橋區****,,
271,宋楚瑜,109年總統、副總統選舉,首次申報,1081227,雜支支出,一級鮮果商行,42427745,0.00,2005.00,餐飲費用,金錢,臺北市大安區****,,
272,宋楚瑜,109年總統、副總統選舉,首次申報,1081227,雜支支出,星巴克(松江長安門市),52886563,0.00,1563.00,餐飲費用,金錢,臺北市中山區****,,
273,宋楚瑜,109年總統、副總統選舉,首次申報,1081227,雜支支出,全聯福利中心(大安正聲分公司),54390342,0.00,1811.00,雜項購置或修繕費用,金錢,臺北市大安區****,,
274,宋楚瑜,109年總統、副總統選舉,首次申報,1081227,雜支支出,全家便利商店(延安店),70788229,0.00,1038.00,書報雜誌費用,金錢,臺北市大安區****,,
275,宋楚瑜,109年總統、副總統選舉,首次申報,1081227,雜支支出,摩斯漢堡(松江店),73706172,0.00,1875.00,餐飲費用,金錢,臺北市中山區****,,
276,宋楚瑜,109年總統、副總統選舉,首次申報,1081227,雜支支出,阿德商行,77900417,0.00,240.00,餐飲費用,金錢,臺北市大安區****,,
277,宋楚瑜,109年總統、副總統選舉,首次申報,1081227,宣傳支出,四維興業有限公司,84923470,0.00,5250.00,製作宣傳廣告支出,金錢,臺北市大安區****,,
278,宋楚瑜,109年總統、副總統選舉,首次申報,1081227,雜支支出,悟元美食不,99779369,0.00,555.00,餐飲費用,金錢,宜蘭縣三星鄉****,,
279,宋楚瑜,109年總統、副總統選舉,首次申報,1081227,人事費用支出,邱仕凡,H12*******,0.00,1760.00,工資或薪津,金錢,桃園市楊梅區****,,
280,宋楚瑜,109年總統、副總統選舉,首次申報,1081227,返還支出,吳麗珠,H20*******,0.00,10000.00,返還,金錢,新北市林口區****,,
281,宋楚瑜,109年總統、副總統選舉,首次申報,1081227,人事費用支出,鍾侑軒,H22*******,0.00,11080.00,工資或薪津,金錢,桃園市楊梅區****,,
282,宋楚瑜,109年總統、副總統選舉,首次申報,1081227,人事費用支出,吳啟嘉,M12*******,0.00,2800.00,工資或薪津,金錢,南投縣埔里鎮****,,
283,宋楚瑜,109年總統、副總統選舉,首次申報,1081230,雜支支出,中華郵政,03717154,0.00,210.00,雜項購置或修繕費用,金錢,臺北市中山區****,,
284,宋楚瑜,109年總統、副總統選舉,首次申報,1081230,宣傳支出,高雄市停車場作業基金,15756996,0.00,17700.00,製作競選物品支出（物品名稱-請填寫）,金錢,高雄市新興區****,,
285,宋楚瑜,109年總統、副總統選舉,首次申報,1081231,交通旅運支出,台灣中油復興北路站,01606300,0.00,4648.00,油資,金錢,臺北市松山區****,,
286,宋楚瑜,109年總統、副總統選舉,首次申報,1081231,雜支支出,中華郵政股份有限公司台北長安郵局,03717154,0.00,911.00,電信費用,金錢,臺北市中山區****,,
287,宋楚瑜,109年總統、副總統選舉,首次申報,1081231,雜支支出,中華郵政股份有限公司台北長安郵局,03717154,0.00,2558.00,電信費用,金錢,臺北市中山區****,,
288,宋楚瑜,109年總統、副總統選舉,首次申報,1081231,雜支支出,中華郵政股份有限公司台北長安郵局,03717154,0.00,30.00,雜項購置或修繕費用,金錢,臺北市中山區****,,
289,宋楚瑜,109年總統、副總統選舉,首次申報,1081231,雜支支出,中華郵政股份有限公司台北長安郵局,03717154,0.00,30.00,雜項購置或修繕費用,金錢,臺北市中山區****,,
290,宋楚瑜,109年總統、副總統選舉,首次申報,1081231,雜支支出,中華郵政,03717154,0.00,160.00,雜項購置或修繕費用,金錢,臺北市中山區****,,
291,宋楚瑜,109年總統、副總統選舉,首次申報,1081231,交通旅運支出,交通部臺灣鐵路管理局,07524729,0.00,1269.00,搭乘交通工具支出,金錢,臺北市中正區****,,
292,宋楚瑜,109年總統、副總統選舉,首次申報,1081231,雜支支出,柏泉有限公司,12287280,0.00,5966.00,文具用品費用,金錢,臺北市中山區****,,
293,宋楚瑜,109年總統、副總統選舉,首次申報,1081231,雜支支出,伊通鎖匙五金行,14045823,0.00,1910.00,雜項購置或修繕費用,金錢,臺北市中山區****,,
294,宋楚瑜,109年總統、副總統選舉,首次申報,1081231,雜支支出,陳媽媽麵店,26304464,0.00,1850.00,餐飲費用,金錢,臺北市大安區****,,
295,宋楚瑜,109年總統、副總統選舉,首次申報,1081231,交通旅運支出,湯野旅館股份有限公司,27620622,0.00,3560.00,差旅膳宿支出,金錢,嘉義縣中埔鄉****,,
296,宋楚瑜,109年總統、副總統選舉,首次申報,1081231,交通旅運支出,台灣高鐵股份有限公司,28078540,0.00,2500.00,搭乘交通工具支出,金錢,臺北市南港區****,,
297,宋楚瑜,109年總統、副總統選舉,首次申報,1081231,交通旅運支出,台灣高鐵股份有限公司,28078540,0.00,2370.00,搭乘交通工具支出,金錢,臺北市南港區****,,
298,宋楚瑜,109年總統、副總統選舉,首次申報,1081231,交通旅運支出,台灣高鐵股份有限公司,28078540,0.00,18860.00,搭乘交通工具支出,金錢,臺北市南港區****,,
299,宋楚瑜,109年總統、副總統選舉,首次申報,1081231,交通旅運支出,台灣高鐵股份有限公司,28078540,0.00,6430.00,搭乘交通工具支出,金錢,臺北市南港區****,,
300,宋楚瑜,109年總統、副總統選舉,首次申報,1081231,宣傳支出,張飛創意行銷有限公司,28879280,0.00,315000.00,製作宣傳廣告支出,金錢,臺北市中正區****,,
301,宋楚瑜,109年總統、副總統選舉,首次申報,1081231,雜支支出,頂好(仁愛青分公司),28978541,0.00,1173.00,雜項購置或修繕費用,金錢,臺北市大安區****,,
302,宋楚瑜,109年總統、副總統選舉,首次申報,1081231,雜支支出,50大道池上飯包店,31838334,0.00,731.00,餐飲費用,金錢,臺北市松山區****,,
303,宋楚瑜,109年總統、副總統選舉,首次申報,1081231,雜支支出,來福企業社,38582293,0.00,2250.00,餐飲費用,金錢,臺北市中山區****,,
304,宋楚瑜,109年總統、副總統選舉,首次申報,1081231,宣傳支出,傑得愛資訊社劉俊宏,42194056,0.00,385000.00,播送、傳送或刊登宣傳廣告支出,金錢,新北市板橋區****,,
305,宋楚瑜,109年總統、副總統選舉,首次申報,1081231,宣傳支出,上品娛樂行銷股份有限公司,52599345,0.00,52500.00,製作宣傳廣告支出,金錢,臺北市大安區****,,
306,宋楚瑜,109年總統、副總統選舉,首次申報,1081231,宣傳支出,留白有限公司,55734689,0.00,166000.00,製作宣傳廣告支出,金錢,臺北市中山區****,,
307,宋楚瑜,109年總統、副總統選舉,首次申報,1081231,雜支支出,磊浪企業社,73692418,0.00,1532.00,餐飲費用,金錢,臺北市大安區****,,
308,宋楚瑜,109年總統、副總統選舉,首次申報,1081231,雜支支出,滿上仙草茶飲,75578638,0.00,1241.00,餐飲費用,金錢,臺北市中山區****,,
309,宋楚瑜,109年總統、副總統選舉,首次申報,1081231,雜支支出,九龍麵食館,83915206,0.00,2780.00,餐飲費用,金錢,臺北市松山區****,,
310,宋楚瑜,109年總統、副總統選舉,首次申報,1081231,宣傳支出,藝高有限公司,84260789,0.00,525.00,製作宣傳廣告支出,金錢,臺北市中山區****,,
311,宋楚瑜,109年總統、副總統選舉,首次申報,1081231,雜支支出,統一超商(長松店),89404700,0.00,1330.00,雜項購置或修繕費用,金錢,臺北市松山區****,,
312,宋楚瑜,109年總統、副總統選舉,首次申報,1081231,雜支支出,台灣大哥大,97176270,0.00,2709.00,電信費用,金錢,臺北市中正區****,,
313,宋楚瑜,109年總統、副總統選舉,首次申報,1081231,交通旅運支出,台灣中油清水服務區站,99369230,0.00,10798.00,油資,金錢,臺中市清水區****,,
314,宋楚瑜,109年總統、副總統選舉,首次申報,1090102,雜支支出,中華郵政股份有限公司台北長安郵局,03717154,0.00,30.00,電信費用,金錢,臺北市中山區****,,
315,宋楚瑜,109年總統、副總統選舉,首次申報,1090102,雜支支出,中華郵政,03717154,0.00,270.00,雜項購置或修繕費用,金錢,臺北市中山區****,,
316,宋楚瑜,109年總統、副總統選舉,首次申報,1090102,宣傳支出,揚采旗幟統合行銷企業社,38918327,0.00,53550.00,製作競選物品支出（物品名稱-請填寫）,金錢,臺中市北屯區****,,
317,宋楚瑜,109年總統、副總統選舉,首次申報,1090102,人事費用支出,李逸鵬,A12*******,0.00,30000.00,工資或薪津,金錢,新北市林口區****,,
318,宋楚瑜,109年總統、副總統選舉,首次申報,1090102,人事費用支出,王汝森,A12*******,0.00,47000.00,工資或薪津,金錢,新北市樹林區****,,
319,宋楚瑜,109年總統、副總統選舉,首次申報,1090102,人事費用支出,李方宇,A12*******,0.00,40000.00,工資或薪津,金錢,臺北市文山區****,,
320,宋楚瑜,109年總統、副總統選舉,首次申報,1090102,人事費用支出,吳希廷,A12*******,0.00,30000.00,工資或薪津,金錢,臺北市中山區****,,
321,宋楚瑜,109年總統、副總統選舉,首次申報,1090102,人事費用支出,廖淑貞,A22*******,0.00,30000.00,工資或薪津,金錢,臺北市松山區****,,
322,宋楚瑜,109年總統、副總統選舉,首次申報,1090102,人事費用支出,陳淑禎,D22*******,0.00,62000.00,工資或薪津,金錢,新北市板橋區****,,
323,宋楚瑜,109年總統、副總統選舉,首次申報,1090102,人事費用支出,洪毓彬,E12*******,0.00,58000.00,工資或薪津,金錢,高雄市前鎮區****,,
324,宋楚瑜,109年總統、副總統選舉,首次申報,1090102,人事費用支出,魏志中,E12*******,0.00,95000.00,工資或薪津,金錢,新北市新莊區****,,
325,宋楚瑜,109年總統、副總統選舉,首次申報,1090102,人事費用支出,游文人,F12*******,0.00,60000.00,工資或薪津,金錢,新北市中和區****,,
326,宋楚瑜,109年總統、副總統選舉,首次申報,1090102,人事費用支出,陳翊,F12*******,0.00,51500.00,工資或薪津,金錢,新北市林口區****,,
327,宋楚瑜,109年總統、副總統選舉,首次申報,1090102,人事費用支出,楊雲黛,F20*******,0.00,53000.00,工資或薪津,金錢,臺北市信義區****,,
328,宋楚瑜,109年總統、副總統選舉,首次申報,1090102,人事費用支出,張詩怡,F22*******,0.00,48000.00,工資或薪津,金錢,新北市五股區****,,
329,宋楚瑜,109年總統、副總統選舉,首次申報,1090102,人事費用支出,陳瑋,F22*******,0.00,30000.00,工資或薪津,金錢,臺北市萬華區****,,
330,宋楚瑜,109年總統、副總統選舉,首次申報,1090102,人事費用支出,張慶輝,G10*******,0.00,20000.00,工資或薪津,金錢,臺北市內湖區****,,
331,宋楚瑜,109年總統、副總統選舉,首次申報,1090102,人事費用支出,馬傑明,H10*******,0.00,70000.00,工資或薪津,金錢,桃園市桃園區****,,
332,宋楚瑜,109年總統、副總統選舉,首次申報,1090102,人事費用支出,陳政鵬,H12*******,0.00,39000.00,工資或薪津,金錢,桃園市中壢區****,,
333,宋楚瑜,109年總統、副總統選舉,首次申報,1090102,人事費用支出,吳麗珠,H20*******,0.00,52000.00,工資或薪津,金錢,新北市林口區****,,
334,宋楚瑜,109年總統、副總統選舉,首次申報,1090102,人事費用支出,包慧娟,L22*******,0.00,50000.00,工資或薪津,金錢,新北市板橋區****,,
335,宋楚瑜,109年總統、副總統選舉,首次申報,1090102,人事費用支出,楊光平,N12*******,0.00,46350.00,工資或薪津,金錢,新北市板橋區****,,
336,宋楚瑜,109年總統、副總統選舉,首次申報,1090102,人事費用支出,吳老德,N12*******,0.00,50000.00,工資或薪津,金錢,彰化縣大村鄉****,,
337,宋楚瑜,109年總統、副總統選舉,首次申報,1090102,人事費用支出,張碩文,P12*******,0.00,76100.00,工資或薪津,金錢,新北市三重區****,,
338,宋楚瑜,109年總統、副總統選舉,首次申報,1090102,人事費用支出,陳靖仁,P12*******,0.00,35000.00,工資或薪津,金錢,桃園市楊梅區****,,
339,宋楚瑜,109年總統、副總統選舉,首次申報,1090102,人事費用支出,葉松吉,R10*******,0.00,42000.00,工資或薪津,金錢,臺北市信義區****,,
340,宋楚瑜,109年總統、副總統選舉,首次申報,1090102,人事費用支出,鍾連勝,S12*******,0.00,45000.00,工資或薪津,金錢,新北市中和區****,,
341,宋楚瑜,109年總統、副總統選舉,首次申報,1090102,人事費用支出,張美玉,V22*******,0.00,46350.00,工資或薪津,金錢,新北市三重區****,,
342,宋楚瑜,109年總統、副總統選舉,首次申報,1090102,人事費用支出,時蓓蓓,V22*******,0.00,50000.00,工資或薪津,金錢,新北市泰山區****,,
343,宋楚瑜,109年總統、副總統選舉,首次申報,1090102,人事費用支出,陳宏義,W10*******,0.00,71800.00,工資或薪津,金錢,金門縣金城鎮****,,
344,宋楚瑜,109年總統、副總統選舉,首次申報,1090103,雜支支出,中華郵政,,0.00,20.00,雜項購置或修繕費用,金錢,臺北市中山區****,,
345,宋楚瑜,109年總統、副總統選舉,首次申報,1090103,宣傳支出,競選總部,A11*******,0.00,50000.00,播送、傳送或刊登宣傳廣告支出,非金錢,新北市淡水區****,,
346,宋楚瑜,109年總統、副總統選舉,首次申報,1090106,雜支支出,中華郵政,,0.00,15.00,雜項購置或修繕費用,金錢,臺北市中山區****,,
347,宋楚瑜,109年總統、副總統選舉,首次申報,1090106,雜支支出,伊馨小館,10397613,0.00,1595.00,餐飲費用,金錢,臺北市中山區****,,
348,宋楚瑜,109年總統、副總統選舉,首次申報,1090106,雜支支出,肯德基,24815103,0.00,1469.00,餐飲費用,金錢,臺北市中山區****,,
349,宋楚瑜,109年總統、副總統選舉,首次申報,1090106,雜支支出,朱媽媽精緻美食店,25508481,0.00,1640.00,餐飲費用,金錢,臺北市大安區****,,
350,宋楚瑜,109年總統、副總統選舉,首次申報,1090106,雜支支出,統一速達股份有限公司,25630440,0.00,2000.00,雜項購置或修繕費用,金錢,臺北市內湖區****,,
351,宋楚瑜,109年總統、副總統選舉,首次申報,1090106,雜支支出,文國書局,26229297,0.00,687.00,文具用品費用,金錢,臺北市大安區****,,
352,宋楚瑜,109年總統、副總統選舉,首次申報,1090106,雜支支出,淞江自助餐店,26365709,0.00,120.00,餐飲費用,金錢,臺北市中山區****,,
353,宋楚瑜,109年總統、副總統選舉,首次申報,1090106,交通旅運支出,台灣高鐵股份有限公司,28078540,0.00,18519.00,搭乘交通工具支出,金錢,臺北市南港區****,,
354,宋楚瑜,109年總統、副總統選舉,首次申報,1090106,雜支支出,巴蜀餐館,29209318,0.00,3470.00,餐飲費用,金錢,臺北市中山區****,,
355,宋楚瑜,109年總統、副總統選舉,首次申報,1090106,雜支支出,小胖胖餐坊,29226040,0.00,4960.00,餐飲費用,金錢,臺北市大安區****,,
356,宋楚瑜,109年總統、副總統選舉,首次申報,1090106,雜支支出,響樂牛排館,31854663,0.00,1305.00,餐飲費用,金錢,臺北市中山區****,,
357,宋楚瑜,109年總統、副總統選舉,首次申報,1090106,交通旅運支出,台灣中油重陽路站,35051073,0.00,3787.00,油資,金錢,新北市三重區****,,
358,宋楚瑜,109年總統、副總統選舉,首次申報,1090106,雜支支出,皇品燒臘店,38472731,0.00,1793.00,餐飲費用,金錢,臺北市中山區****,,
359,宋楚瑜,109年總統、副總統選舉,首次申報,1090106,雜支支出,來福企業社,38582293,0.00,4835.00,餐飲費用,金錢,臺北市中山區****,,
360,宋楚瑜,109年總統、副總統選舉,首次申報,1090106,雜支支出,九記燒臘店,42499156,0.00,3000.00,餐飲費用,金錢,臺北市中正區****,,
361,宋楚瑜,109年總統、副總統選舉,首次申報,1090106,雜支支出,和成家庭五金店,48852268,0.00,1290.00,雜項購置或修繕費用,金錢,臺北市大安區****,,
362,宋楚瑜,109年總統、副總統選舉,首次申報,1090106,雜支支出,全聯福利中心(大安正聲分公司),54390342,0.00,1485.00,雜項購置或修繕費用,金錢,臺北市大安區****,,
363,宋楚瑜,109年總統、副總統選舉,首次申報,1090106,交通旅運支出,放輕鬆旅行社有限公司,59251684,0.00,5700.00,差旅膳宿支出,金錢,高雄市左營區****,,
364,宋楚瑜,109年總統、副總統選舉,首次申報,1090106,雜支支出,全家便利商店(延安店),70788229,0.00,390.00,書報雜誌費用,金錢,臺北市大安區****,,
365,宋楚瑜,109年總統、副總統選舉,首次申報,1090106,雜支支出,美食達人食堂,72997763,0.00,2685.00,餐飲費用,金錢,臺北市中正區****,,
366,宋楚瑜,109年總統、副總統選舉,首次申報,1090106,雜支支出,嚐鮮埕小吃店,75913529,0.00,1715.00,餐飲費用,金錢,臺北市中山區****,,
367,宋楚瑜,109年總統、副總統選舉,首次申報,1090106,雜支支出,四平街番茄牛肉麵,77487769,0.00,2020.00,餐飲費用,金錢,臺北市中山區****,,
368,宋楚瑜,109年總統、副總統選舉,首次申報,1090106,雜支支出,忠南小吃店,77889476,0.00,2200.00,餐飲費用,金錢,臺北市大安區****,,
369,宋楚瑜,109年總統、副總統選舉,首次申報,1090106,交通旅運支出,台灣中油民生東路站,78334051,0.00,7025.00,油資,金錢,臺北市松山區****,,
370,宋楚瑜,109年總統、副總統選舉,首次申報,1090106,雜支支出,吉野家,84311605,0.00,1118.00,餐飲費用,金錢,臺北市大安區****,,
371,宋楚瑜,109年總統、副總統選舉,首次申報,1090106,雜支支出,崴電五金有限公司,86147030,0.00,4000.00,雜項購置或修繕費用,金錢,臺北市萬華區****,,
372,宋楚瑜,109年總統、副總統選舉,首次申報,1090106,人事費用支出,賴小芸,Q22*******,0.00,10000.00,工資或薪津,金錢,臺北市信義區****,,
373,宋楚瑜,109年總統、副總統選舉,首次申報,1090107,集會支出,虎尾厝書店,38780060,0.00,50000.00,租用設備支出,金錢,雲林縣虎尾鎮****,,
374,宋楚瑜,109年總統、副總統選舉,首次申報,1090107,雜支支出,三通網資訊股份有限公司,70561948,0.00,220000.00,電信費用,金錢,臺北市內湖區****,,
375,宋楚瑜,109年總統、副總統選舉,首次申報,1090108,雜支支出,中華郵政,,0.00,15.00,雜項購置或修繕費用,金錢,臺北市中山區****,,
376,宋楚瑜,109年總統、副總統選舉,首次申報,1090108,雜支支出,明傳影印企業行,20041676,0.00,3500.00,書報雜誌費用,金錢,雲林縣虎尾鎮****,,
377,宋楚瑜,109年總統、副總統選舉,首次申報,1090108,宣傳支出,昶宏企業社,26564329,0.00,2975000.00,播送、傳送或刊登宣傳廣告支出,金錢,基隆市信義區****,,
378,宋楚瑜,109年總統、副總統選舉,首次申報,1090108,集會支出,虎尾厝書店,38780060,0.00,10000.00,租用場地支出,金錢,雲林縣虎尾鎮****,,
379,宋楚瑜,109年總統、副總統選舉,首次申報,1090108,集會支出,吉隆商號,64930446,0.00,6000.00,餐飲支出,金錢,雲林縣虎尾鎮****,,
380,宋楚瑜,109年總統、副總統選舉,首次申報,1090108,宣傳支出,中美廣告社,64953165,0.00,59600.00,製作競選物品支出-戶外看板廣告（物品名稱-請填寫）,金錢,雲林縣虎尾鎮****,,
381,宋楚瑜,109年總統、副總統選舉,首次申報,1090108,宣傳支出,姊妹傳播事業有限公司,80127613,0.00,12000.00,製作宣傳廣告支出,金錢,雲林縣虎尾鎮****,,
382,宋楚瑜,109年總統、副總統選舉,首次申報,1090108,租用宣傳車輛支出,奇馬廣告社,88831043,0.00,110000.00,租用宣傳車輛支出,金錢,雲林縣虎尾鎮****,,
383,宋楚瑜,109年總統、副總統選舉,首次申報,1090108,租用宣傳車輛支出,奇馬廣告社,88831043,0.00,62500.00,租用宣傳車輛支出,金錢,雲林縣虎尾鎮****,,
384,宋楚瑜,109年總統、副總統選舉,首次申報,1090108,宣傳支出,綜藝廣告,92831684,0.00,21800.00,製作宣傳廣告支出,金錢,雲林縣虎尾鎮****,,
385,宋楚瑜,109年總統、副總統選舉,首次申報,1090108,雜支支出,彰化田尾鄉詹新富,N12*******,0.00,6000.00,雜項購置或修繕費用,金錢,彰化縣田尾鄉****,,
386,宋楚瑜,109年總統、副總統選舉,首次申報,1090109,雜支支出,台灣土地銀行(長安分行),03700301,0.00,30.00,電信費用,金錢,臺北市中山區****,,
387,宋楚瑜,109年總統、副總統選舉,首次申報,1090109,宣傳支出,龍杰美術廣告室內裝潢有限公司,04343936,0.00,67000.00,製作競選物品支出（物品名稱-請填寫）,金錢,新北市三重區****,,
388,宋楚瑜,109年總統、副總統選舉,首次申報,1090109,雜支支出,鴻運五金行,14157657,0.00,2785.00,雜項購置或修繕費用,金錢,雲林縣虎尾鎮****,,
389,宋楚瑜,109年總統、副總統選舉,首次申報,1090109,交通旅運支出,台灣高鐵股份有限公司,28078540,0.00,19506.00,搭乘交通工具支出,金錢,臺北市南港區****,,
390,宋楚瑜,109年總統、副總統選舉,首次申報,1090109,交通旅運支出,台灣高鐵股份有限公司,28078540,0.00,15859.00,搭乘交通工具支出,金錢,臺北市南港區****,,
391,宋楚瑜,109年總統、副總統選舉,首次申報,1090109,交通旅運支出,台灣高鐵股份有限公司,28078540,0.00,21480.00,搭乘交通工具支出,金錢,臺北市南港區****,,
392,宋楚瑜,109年總統、副總統選舉,首次申報,1090109,交通旅運支出,台灣高鐵股份有限公司,28078540,0.00,24050.00,搭乘交通工具支出,金錢,臺北市南港區****,,
393,宋楚瑜,109年總統、副總統選舉,首次申報,1090109,雜支支出,鼎億涮牛肉,39943302,0.00,11460.00,餐飲費用,金錢,雲林縣虎尾鎮****,,
394,宋楚瑜,109年總統、副總統選舉,首次申報,1090109,人事費用支出,簡俊豪,M12*******,0.00,30000.00,工資或薪津,金錢,臺北市南港區****,,
395,宋楚瑜,109年總統、副總統選舉,首次申報,1090110,雜支支出,嘉榮商行,00404185,0.00,5400.00,雜項購置或修繕費用,金錢,基隆市安樂路****,,
396,宋楚瑜,109年總統、副總統選舉,首次申報,1090110,雜支支出,中華郵政,03717154,0.00,85.00,雜項購置或修繕費用,金錢,臺北市中山區****,,
397,宋楚瑜,109年總統、副總統選舉,首次申報,1090110,雜支支出,台灣捷寶商行,18297834,0.00,1400.00,雜項購置或修繕費用,金錢,基隆市信二路****,,
398,宋楚瑜,109年總統、副總統選舉,首次申報,1090110,宣傳支出,昶宏企業社,26564329,0.00,1599885.00,製作競選物品支出-高雄活動舞台設備音響（物品名稱-請填寫）,金錢,基隆市信義區****,,
399,宋楚瑜,109年總統、副總統選舉,首次申報,1090110,交通旅運支出,飛虹通運股份有限公司,36504856,0.00,40000.00,搭乘交通工具支出,金錢,臺北市信義區****,,
400,宋楚瑜,109年總統、副總統選舉,首次申報,1090110,宣傳支出,艾斯傳媒行銷股份有限公司,82817396,0.00,607100.00,播送、傳送或刊登宣傳廣告支出,金錢,臺北市內湖區****,,
401,宋楚瑜,109年總統、副總統選舉,首次申報,1090110,雜支支出,小胖麵店,98092931,0.00,14840.00,餐飲費用,金錢,基隆市東明路****,,
402,宋楚瑜,109年總統、副總統選舉,首次申報,1090110,雜支支出,競選總部,A11*******,0.00,100000.00,其他因工作酬勞之給付,非金錢,新北市淡水區****,,
403,宋楚瑜,109年總統、副總統選舉,首次申報,1090110,雜支支出,競選總部,A11*******,0.00,100000.00,其他因工作酬勞之給付,非金錢,新北市淡水區****,,
404,宋楚瑜,109年總統、副總統選舉,首次申報,1090110,雜支支出,競選總部,A11*******,0.00,100000.00,其他因工作酬勞之給付,非金錢,新北市淡水區****,,
405,宋楚瑜,109年總統、副總統選舉,首次申報,1090113,雜支支出,台灣土地銀行(長安分行),03700301,0.00,30.00,雜項購置或修繕費用,金錢,臺北市中山區****,,
406,宋楚瑜,109年總統、副總統選舉,首次申報,1090113,雜支支出,台灣土地銀行(長安分行),03700301,0.00,30.00,電信費用,金錢,臺北市中山區****,,
407,宋楚瑜,109年總統、副總統選舉,首次申報,1090113,雜支支出,中華郵政股份有限公司台北長安郵局,03717154,0.00,30.00,雜項購置或修繕費用,金錢,臺北市中山區****,,
408,宋楚瑜,109年總統、副總統選舉,首次申報,1090113,雜支支出,中華郵政股份有限公司台北長安郵局,03717154,0.00,30.00,電信費用,金錢,臺北市中山區****,,
409,宋楚瑜,109年總統、副總統選舉,首次申報,1090113,雜支支出,中華郵政股份有限公司台北長安郵局,03717154,0.00,30.00,電信費用,金錢,臺北市中山區****,,
410,宋楚瑜,109年總統、副總統選舉,首次申報,1090113,交通旅運支出,台灣中油東湖加油站,08590444,0.00,3806.00,油資,金錢,新北市汐止區****,,
411,宋楚瑜,109年總統、副總統選舉,首次申報,1090113,雜支支出,旺泉水實業有限公司,13120062,0.00,3465.00,餐飲費用,金錢,,,
412,宋楚瑜,109年總統、副總統選舉,首次申報,1090113,雜支支出,秋財魚翅羹店,17750913,0.00,3825.00,餐飲費用,金錢,臺北市大安區****,,
413,宋楚瑜,109年總統、副總統選舉,首次申報,1090113,宣傳支出,金曄企業社,17766540,0.00,48531.00,製作競選物品支出（物品名稱-請填寫）,金錢,新北市泰山區****,,
414,宋楚瑜,109年總統、副總統選舉,首次申報,1090113,宣傳支出,大豐旗幟有限公司,22480165,0.00,5479.00,製作競選物品支出（物品名稱-請填寫）,金錢,新北市汐止區****,,
415,宋楚瑜,109年總統、副總統選舉,首次申報,1090113,雜支支出,朱媽媽精緻美食店,25508481,0.00,1650.00,餐飲費用,金錢,臺北市大安區****,,
416,宋楚瑜,109年總統、副總統選舉,首次申報,1090113,雜支支出,朱媽媽精緻美食店,25508481,0.00,29470.00,餐飲費用,金錢,臺北市大安區****,,
417,宋楚瑜,109年總統、副總統選舉,首次申報,1090113,宣傳支出,米錄股份有限公司,27658008,0.00,9608.00,製作競選物品支出（物品名稱-請填寫）,金錢,新北市新店區****,,
418,宋楚瑜,109年總統、副總統選舉,首次申報,1090113,交通旅運支出,台灣高鐵股份有限公司,28078540,0.00,10330.00,搭乘交通工具支出,金錢,臺北市南港區****,,
419,宋楚瑜,109年總統、副總統選舉,首次申報,1090113,交通旅運支出,台灣高鐵股份有限公司,28078540,0.00,5160.00,搭乘交通工具支出,金錢,臺北市南港區****,,
420,宋楚瑜,109年總統、副總統選舉,首次申報,1090113,交通旅運支出,台灣高鐵股份有限公司,28078540,0.00,4880.00,搭乘交通工具支出,金錢,臺北市南港區****,,
421,宋楚瑜,109年總統、副總統選舉,首次申報,1090113,交通旅運支出,台灣高鐵股份有限公司,28078540,0.00,12050.00,搭乘交通工具支出,金錢,臺北市南港區****,,
422,宋楚瑜,109年總統、副總統選舉,首次申報,1090113,交通旅運支出,台灣高鐵股份有限公司,28078540,0.00,3310.00,搭乘交通工具支出,金錢,臺北市南港區****,,
423,宋楚瑜,109年總統、副總統選舉,首次申報,1090113,交通旅運支出,台灣高鐵股份有限公司,28078540,0.00,19665.00,搭乘交通工具支出,金錢,臺北市南港區****,,
424,宋楚瑜,109年總統、副總統選舉,首次申報,1090113,交通旅運支出,台灣高鐵股份有限公司,28078540,0.00,10805.00,搭乘交通工具支出,金錢,臺北市南港區****,,
425,宋楚瑜,109年總統、副總統選舉,首次申報,1090113,交通旅運支出,台灣中油菜療站,35873212,0.00,6811.00,油資,金錢,新北市三重區****,,
426,宋楚瑜,109年總統、副總統選舉,首次申報,1090113,雜支支出,來福企業社,38582293,0.00,2230.00,餐飲費用,金錢,臺北市中山區****,,
427,宋楚瑜,109年總統、副總統選舉,首次申報,1090113,雜支支出,來福企業社,38582293,0.00,2540.00,餐飲費用,金錢,臺北市中山區****,,
428,宋楚瑜,109年總統、副總統選舉,首次申報,1090113,雜支支出,九記燒臘店,42499156,0.00,2690.00,餐飲費用,金錢,臺北市中正區****,,
429,宋楚瑜,109年總統、副總統選舉,首次申報,1090113,宣傳支出,乙倢實業有限公司,53886555,0.00,28334.00,製作競選物品支出（物品名稱-請填寫）,金錢,高雄市三民區****,,
430,宋楚瑜,109年總統、副總統選舉,首次申報,1090113,宣傳支出,匠門廣告社,77036218,0.00,11000.00,製作競選物品支出（物品名稱-請填寫）,金錢,宜蘭縣礁溪鄉****,,
431,宋楚瑜,109年總統、副總統選舉,首次申報,1090113,宣傳支出,博商傳播事業有限公司,96928891,0.00,1823860.00,播送、傳送或刊登宣傳廣告支出,金錢,臺北市大安區****,,
432,宋楚瑜,109年總統、副總統選舉,首次申報,1090113,雜支支出,三商巧福縣府店,97172014,0.00,3402.00,餐飲費用,金錢,桃園市桃園區****,,
433,宋楚瑜,109年總統、副總統選舉,首次申報,1090113,雜支支出,豪品味小吃店,98885308,0.00,1502.00,餐飲費用,金錢,臺北市中正區****,,
434,宋楚瑜,109年總統、副總統選舉,首次申報,1090113,人事費用支出,劉國斌,A12*******,0.00,20000.00,工資或薪津,金錢,新北市新店區****,,
435,宋楚瑜,109年總統、副總統選舉,首次申報,1090113,人事費用支出,陳晁騰,A12*******,0.00,23000.00,工資或薪津,金錢,臺北市信義區****,,
436,宋楚瑜,109年總統、副總統選舉,首次申報,1090113,人事費用支出,許紹珉,F22*******,0.00,30930.00,工資或薪津,金錢,新北市三重區****,,
437,宋楚瑜,109年總統、副總統選舉,首次申報,1090113,人事費用支出,邱仕凡,H12*******,0.00,1320.00,工資或薪津,金錢,桃園市楊梅區****,,
438,宋楚瑜,109年總統、副總統選舉,首次申報,1090113,人事費用支出,鐘侑軒,H22*******,0.00,10350.00,工資或薪津,金錢,桃園市楊梅區****,,
439,宋楚瑜,109年總統、副總統選舉,首次申報,1090113,人事費用支出,吳啟嘉,M12*******,0.00,1320.00,工資或薪津,金錢,南投縣南投市****,,
440,宋楚瑜,109年總統、副總統選舉,首次申報,1090113,人事費用支出,陳愷巨,Q12*******,0.00,35000.00,工資或薪津,金錢,新北市永和區****,,
441,宋楚瑜,109年總統、副總統選舉,首次申報,1090115,宣傳支出,昶宏企業社,26564329,0.00,1275000.00,播送、傳送或刊登宣傳廣告支出,金錢,基隆市信義區****,,
442,宋楚瑜,109年總統、副總統選舉,首次申報,1090115,宣傳支出,張飛創意行銷有限公司,28879280,0.00,315000.00,播送、傳送或刊登宣傳廣告支出,金錢,臺北市中正區****,,
443,宋楚瑜,109年總統、副總統選舉,首次申報,1090116,雜支支出,金來小吃店,04347503,0.00,4400.00,餐飲費用,金錢,臺北市大同區****,,
444,宋楚瑜,109年總統、副總統選舉,首次申報,1090116,雜支支出,都柏林鐵板燒餐廳有限公司,09496299,0.00,28318.00,餐飲費用,金錢,臺北市信義區****,,
445,宋楚瑜,109年總統、副總統選舉,首次申報,1090116,雜支支出,翔茂氣球館,10568518,0.00,5000.00,雜項購置或修繕費用,金錢,新北市板橋區****,,
446,宋楚瑜,109年總統、副總統選舉,首次申報,1090116,雜支支出,小蔡燒餅店,13468730,0.00,5275.00,餐飲費用,金錢,臺北市大安區****,,
447,宋楚瑜,109年總統、副總統選舉,首次申報,1090116,雜支支出,豬腳張小吃店,13848520,0.00,1740.00,餐飲費用,金錢,臺北市大同區****,,
448,宋楚瑜,109年總統、副總統選舉,首次申報,1090116,雜支支出,芷葳食坊,14330122,0.00,2700.00,餐飲費用,金錢,臺北市中正區****,,
449,宋楚瑜,109年總統、副總統選舉,首次申報,1090116,宣傳支出,金曄企業社,17766540,0.00,21000.00,製作競選物品支出-文宣印刷（物品名稱-請填寫）,金錢,新北市泰山區****,,
450,宋楚瑜,109年總統、副總統選舉,首次申報,1090116,雜支支出,雲飛國際有限公司,24480818,0.00,7230.00,餐飲費用,金錢,臺北市大安區****,,
451,宋楚瑜,109年總統、副總統選舉,首次申報,1090116,雜支支出,頂好(長安東店),24801240,0.00,2141.00,餐飲費用,金錢,臺北市中山區****,,
452,宋楚瑜,109年總統、副總統選舉,首次申報,1090116,雜支支出,禾盛印刷設計有限公司,24939104,0.00,600.00,文具用品費用,金錢,臺北市內湖區****,,
453,宋楚瑜,109年總統、副總統選舉,首次申報,1090116,雜支支出,和闐商行,25550641,0.00,4850.00,餐飲費用,金錢,臺北市中正區****,,
454,宋楚瑜,109年總統、副總統選舉,首次申報,1090116,雜支支出,紅清庭弁當專賣店,25731778,0.00,6600.00,餐飲費用,金錢,高雄市旗山區****,,
455,宋楚瑜,109年總統、副總統選舉,首次申報,1090116,雜支支出,統一超商(春龍店),27947084,0.00,3413.00,餐飲費用,金錢,臺北市中山區****,,
456,宋楚瑜,109年總統、副總統選舉,首次申報,1090116,雜支支出,統一超商(新巨蛋),28410477,0.00,4380.00,餐飲費用,金錢,新北市板橋區****,,
457,宋楚瑜,109年總統、副總統選舉,首次申報,1090116,雜支支出,冠好股份有限公司,28671839,0.00,6000.00,餐飲費用,金錢,臺北市大安區****,,
458,宋楚瑜,109年總統、副總統選舉,首次申報,1090116,雜支支出,巴蜀餐館,29209318,0.00,3263.00,餐飲費用,金錢,臺北市中山區****,,
459,宋楚瑜,109年總統、副總統選舉,首次申報,1090116,雜支支出,粵香園點心燒臘專家,30857184,0.00,3848.00,餐飲費用,金錢,臺北市大安區****,,
460,宋楚瑜,109年總統、副總統選舉,首次申報,1090116,雜支支出,賀眾企業股份有限公司,35880332,0.00,1800.00,雜項購置或修繕費用,金錢,新北市五股區****,,
461,宋楚瑜,109年總統、副總統選舉,首次申報,1090116,雜支支出,仲軒小吃店,38485412,0.00,575.00,餐飲費用,金錢,臺北市中山區****,,
462,宋楚瑜,109年總統、副總統選舉,首次申報,1090116,雜支支出,品咖商行,42434627,0.00,1719.00,餐飲費用,金錢,臺北市中山區****,,
463,宋楚瑜,109年總統、副總統選舉,首次申報,1090116,雜支支出,老味道古早美食,48936083,0.00,2830.00,餐飲費用,金錢,臺北市大安區****,,
464,宋楚瑜,109年總統、副總統選舉,首次申報,1090116,雜支支出,老字號小吃,48976660,0.00,3951.00,餐飲費用,金錢,臺北市大安區****,,
465,宋楚瑜,109年總統、副總統選舉,首次申報,1090116,雜支支出,春申匯集有限公司,50759197,0.00,3680.00,餐飲費用,金錢,臺北市大安區****,,
466,宋楚瑜,109年總統、副總統選舉,首次申報,1090116,雜支支出,LOUISACOFFEE,50856613,0.00,1643.00,餐飲費用,金錢,新北市板橋區****,,
467,宋楚瑜,109年總統、副總統選舉,首次申報,1090116,雜支支出,星巴克(松江長安),52886563,0.00,628.00,餐飲費用,金錢,臺北市中山區****,,
468,宋楚瑜,109年總統、副總統選舉,首次申報,1090116,雜支支出,奇臻國際有限公司,54155661,0.00,2741.00,餐飲費用,金錢,臺北市大安區****,,
469,宋楚瑜,109年總統、副總統選舉,首次申報,1090116,雜支支出,奇臻國際有限公司,54155661,0.00,7400.00,餐飲費用,金錢,臺北市大安區****,,
470,宋楚瑜,109年總統、副總統選舉,首次申報,1090116,雜支支出,啾弟商行,72912651,0.00,3374.00,餐飲費用,金錢,新北市板橋區****,,
471,宋楚瑜,109年總統、副總統選舉,首次申報,1090116,雜支支出,永吉小吃店,72983851,0.00,2250.00,餐飲費用,金錢,臺北市信義區****,,
472,宋楚瑜,109年總統、副總統選舉,首次申報,1090116,雜支支出,龍盛食堂,74329129,0.00,4556.00,餐飲費用,金錢,臺北市大安區****,,
473,宋楚瑜,109年總統、副總統選舉,首次申報,1090116,雜支支出,五年級古早味粉粿粉圓企業社.,75942735,0.00,1339.00,餐飲費用,金錢,臺中市北區一****,,
474,宋楚瑜,109年總統、副總統選舉,首次申報,1090116,雜支支出,全家便利商店(興忠店),84307285,0.00,335.00,餐飲費用,金錢,臺北市大安區****,,
475,宋楚瑜,109年總統、副總統選舉,首次申報,1090116,宣傳支出,九井廣告股份有限公司,86869134,0.00,1350000.00,製作宣傳廣告支出,金錢,臺北市大安區****,,
476,宋楚瑜,109年總統、副總統選舉,首次申報,1090116,人事費用支出,許中信,A12*******,0.00,30672.00,工資或薪津,金錢,臺北市萬華區****,,
477,宋楚瑜,109年總統、副總統選舉,首次申報,1090116,人事費用支出,黃華川,A12*******,0.00,50000.00,工資或薪津,金錢,臺北市士林區****,,
478,宋楚瑜,109年總統、副總統選舉,首次申報,1090116,人事費用支出,文景鋒,U12*******,0.00,30000.00,工資或薪津,金錢,花蓮縣新城鄉****,,
479,宋楚瑜,109年總統、副總統選舉,首次申報,1090117,交通旅運支出,台灣高鐵股份有限公司,28078540,0.00,14168.00,搭乘交通工具支出,金錢,臺北市南港區****,,
480,宋楚瑜,109年總統、副總統選舉,首次申報,1090117,交通旅運支出,台灣高鐵股份有限公司,28078540,0.00,3150.00,搭乘交通工具支出,金錢,臺北市南港區****,,
481,宋楚瑜,109年總統、副總統選舉,首次申報,1090117,交通旅運支出,台灣高鐵股份有限公司,28078540,0.00,42460.00,搭乘交通工具支出,金錢,臺北市南港區****,,
482,宋楚瑜,109年總統、副總統選舉,首次申報,1090117,交通旅運支出,台灣高鐵股份有限公司,28078540,0.00,22045.00,搭乘交通工具支出,金錢,臺北市南港區****,,
483,宋楚瑜,109年總統、副總統選舉,首次申報,1090117,交通旅運支出,台灣高鐵股份有限公司,28078540,0.00,9690.00,搭乘交通工具支出,金錢,臺北市南港區****,,
484,宋楚瑜,109年總統、副總統選舉,首次申報,1090117,交通旅運支出,車容坊文二站,30178550,0.00,6400.00,油資,金錢,新北市林口區****,,
485,宋楚瑜,109年總統、副總統選舉,首次申報,1090117,交通旅運支出,車容坊文二站,30178550,0.00,7007.00,油資,金錢,新北市林口區****,,
486,宋楚瑜,109年總統、副總統選舉,首次申報,1090120,雜支支出,台灣土地銀行(長安分行),03700301,0.00,30.00,電信費用,金錢,臺北市中山區****,,
487,宋楚瑜,109年總統、副總統選舉,首次申報,1090120,雜支支出,台灣土地銀行(長安分行),03700301,0.00,30.00,電信費用,金錢,臺北市中山區****,,
488,宋楚瑜,109年總統、副總統選舉,首次申報,1090120,宣傳支出,潤嘉實業有限公司,27807773,0.00,65625.00,製作競選物品支出（物品名稱-請填寫）,金錢,新北市中和區****,,
489,宋楚瑜,109年總統、副總統選舉,首次申報,1090120,宣傳支出,大氣層實業有限公司,97446561,0.00,132846.00,製作競選物品支出（物品名稱-請填寫）,金錢,新北市深坑區****,,
490,宋楚瑜,109年總統、副總統選舉,首次申報,1090121,交通旅運支出,經典專業租賃,22693553,0.00,29000.00,搭乘交通工具支出,金錢,臺北市中山區****,,
