﻿序號,擬參選人／政黨,選舉名稱,申報序號／年度,交易日期,收支科目,捐贈者／支出對象,身分證／統一編號,收入金額,支出金額,捐贈方式,存入專戶日期,返還/繳庫,支出用途,金錢類,地址,聯絡電話,應揭露之支出對象,支出對象之內部人員姓名,支出對象之內部人員職稱,政黨之內部人員姓名,政黨之內部人員職稱,關係,更正註記,資料更正日期
1,林義剛,111年宜蘭縣議員選舉,首次申報,1110907,宣傳支出,彩王影像科技社,67901303,0.00,3500.00,,,,租用廣告看板或車體廣告費用,金錢,宜蘭縣羅東鎮****,0395*****,否,,,,,,,
2,林義剛,111年宜蘭縣議員選舉,首次申報,1110912,宣傳支出,大同印刷加工部,40589624,0.00,65000.00,,,,文宣便條紙,金錢,宜蘭縣羅東鎮****,0395*****,否,,,,,,,
3,林義剛,111年宜蘭縣議員選舉,首次申報,1111001,租用競選辦事處支出,歐玉芬,Y22*******,0.00,40000.00,,,,租用競選辦事處費用,金錢,臺北市中正區****,,否,,,,,,,
4,林義剛,111年宜蘭縣議員選舉,首次申報,1111009,交通旅運支出,台灣中油新水站,42073525,0.00,650.00,,,,油資,金錢,宜蘭縣五結鄉****,,否,,,,,,,
5,林義剛,111年宜蘭縣議員選舉,首次申報,1111012,宣傳支出,雅稚幼教用品社,78233791,0.00,39600.00,,,,製作競選物品或宣傳廣告費用（宣傳原子筆）,金錢,宜蘭縣宜蘭市****,0393*****,否,,,,,,,
6,林義剛,111年宜蘭縣議員選舉,首次申報,1111012,宣傳支出,天福製旗企業社,98078683,0.00,150000.00,,,,製作競選物品或宣傳廣告費用（旗幟）,金錢,宜蘭縣五結鄉****,0396*****,否,,,,,,,
7,林義剛,111年宜蘭縣議員選舉,首次申報,1111020,租用宣傳車輛支出,弘宇廣告,19580372,0.00,2700.00,,,,維修宣傳車輛費用,金錢,宜蘭縣羅東鎮****,0396*****,否,,,,,,,
8,林義剛,111年宜蘭縣議員選舉,首次申報,1111106,集會支出,春之秋企業社,19582717,0.00,3000.00,,,,租用設備費用,金錢,宜蘭縣五結鄉****,0396*****,否,,,,,,,
9,林義剛,111年宜蘭縣議員選舉,首次申報,1111106,集會支出,宜蘭縣五結鄉季新社區發展協會,87799896,0.00,1000.00,,,,租用場地費用,金錢,宜蘭縣五結鄉****,0395*****,否,,,,,,,
10,林義剛,111年宜蘭縣議員選舉,首次申報,1111106,集會支出,張耀南,G12*******,0.00,15000.00,,,,餐飲費用,金錢,宜蘭縣五結鄉****,0936*****,否,,,,,,,
11,林義剛,111年宜蘭縣議員選舉,首次申報,1111107,宣傳支出,雅稚幼教用品社,78233791,0.00,19800.00,,,,製作競選物品或宣傳廣告費用（文宣筆）,金錢,宜蘭縣宜蘭市****,0393*****,否,,,,,,,
12,林義剛,111年宜蘭縣議員選舉,首次申報,1111108,宣傳支出,游楊阿春,G20*******,0.00,30000.00,,,,租用廣告看板租金,金錢,宜蘭縣五結鄉****,0395*****,否,,,,,,,
13,林義剛,111年宜蘭縣議員選舉,首次申報,1111109,集會支出,春之秋企業社,19582717,0.00,3000.00,,,,租用設備費用,金錢,宜蘭縣五結鄉****,0396*****,否,,,,,,,
14,林義剛,111年宜蘭縣議員選舉,首次申報,1111109,集會支出,下福早餐包子店,50002025,0.00,10000.00,,,,餐飲費用,金錢,宜蘭縣五結鄉****,0395*****,否,,,,,,,
15,林義剛,111年宜蘭縣議員選舉,首次申報,1111109,集會支出,下福早餐包子店,50002025,0.00,10000.00,,,,餐飲費用,金錢,宜蘭縣五結鄉****,0395*****,否,,,,,,,
16,林義剛,111年宜蘭縣議員選舉,首次申報,1111109,集會支出,下福早餐包子店,50002025,0.00,3400.00,,,,餐飲費用,金錢,宜蘭縣五結鄉****,0395*****,否,,,,,,,
17,林義剛,111年宜蘭縣議員選舉,首次申報,1111109,租用競選辦事處支出,東展行,99484800,0.00,10000.00,,,,租買辦公設備費用,金錢,宜蘭縣五結鄉****,0395*****,否,,,,,,,
18,林義剛,111年宜蘭縣議員選舉,首次申報,1111110,雜支支出,集山商行,19579157,0.00,760.00,,,,餐飲費用,金錢,宜蘭縣五結鄉****,0396*****,否,,,,,,,
19,林義剛,111年宜蘭縣議員選舉,首次申報,1111110,雜支支出,滿圓食堂,50716727,0.00,2700.00,,,,餐飲費用,金錢,宜蘭縣五結鄉****,,否,,,,,,,
20,林義剛,111年宜蘭縣議員選舉,首次申報,1111110,租用競選辦事處支出,東展行,99484800,0.00,7300.00,,,,租買辦公設備費用,金錢,宜蘭縣五結鄉****,0395*****,否,,,,,,,
21,林義剛,111年宜蘭縣議員選舉,首次申報,1111111,集會支出,日發塑膠行,42035874,0.00,2000.00,,,,租用設備費用,金錢,宜蘭縣五結鄉****,0396*****,否,,,,,,,
22,林義剛,111年宜蘭縣議員選舉,首次申報,1111111,雜支支出,滿圓食堂,50716727,0.00,2375.00,,,,餐飲費用,金錢,宜蘭縣五結鄉****,,否,,,,,,,
23,林義剛,111年宜蘭縣議員選舉,首次申報,1111111,交通旅運支出,親水公園加油站,84524403,0.00,700.00,,,,油資,金錢,宜蘭縣五結鄉****,,否,,,,,,,
24,林義剛,111年宜蘭縣議員選舉,首次申報,1111111,雜支支出,姊夫好滷小吃,91636945,0.00,1900.00,,,,餐飲費用,金錢,宜蘭縣冬山鄉****,0972*****,否,,,,,,,
25,林義剛,111年宜蘭縣議員選舉,首次申報,1111112,雜支支出,緯利企業商行,02424222,0.00,2180.00,,,,雜項購置或修繕費用,金錢,宜蘭縣三星鄉****,0395*****,否,,,,,,,
26,林義剛,111年宜蘭縣議員選舉,首次申報,1111112,集會支出,宏益電業行,02437280,0.00,9500.00,,,,租用設備費用,金錢,宜蘭縣五結鄉****,0395*****,否,,,,,,,
27,林義剛,111年宜蘭縣議員選舉,首次申報,1111112,集會支出,辰將企業社,31855298,0.00,72000.00,,,,餐飲費用,金錢,宜蘭縣冬山鄉****,0939*****,否,,,,,,,
28,林義剛,111年宜蘭縣議員選舉,首次申報,1111112,集會支出,正大水電工程行,42031700,0.00,24400.00,,,,租用設備費用,金錢,宜蘭縣羅東鎮****,0928*****,否,,,,,,,
29,林義剛,111年宜蘭縣議員選舉,首次申報,1111112,雜支支出,滿圓食堂,50716727,0.00,1550.00,,,,餐飲費用,金錢,宜蘭縣五結鄉****,,否,,,,,,,
30,林義剛,111年宜蘭縣議員選舉,首次申報,1111112,集會支出,吉富商行,66263691,0.00,9250.00,,,,餐飲費用,金錢,宜蘭縣五結鄉****,0395*****,否,,,,,,,
31,林義剛,111年宜蘭縣議員選舉,首次申報,1111113,雜支支出,好管家綜合五金行,10550453,0.00,1233.00,,,,雜項購置或修繕費用,金錢,宜蘭縣五結鄉****,0395*****,否,,,,,,,
32,林義剛,111年宜蘭縣議員選舉,首次申報,1111113,雜支支出,金記鵝肉,26780895,0.00,1260.00,,,,餐飲費用,金錢,宜蘭縣五結鄉****,0395*****,否,,,,,,,
33,林義剛,111年宜蘭縣議員選舉,首次申報,1111114,集會支出,文聲電器行,42084662,0.00,17500.00,,,,租用設備費用,金錢,宜蘭縣蘇澳鎮****,0399*****,否,,,,,,,
34,林義剛,111年宜蘭縣議員選舉,首次申報,1111114,雜支支出,滿圓食堂,50716727,0.00,1140.00,,,,餐飲費用,金錢,宜蘭縣五結鄉****,,否,,,,,,,
35,林義剛,111年宜蘭縣議員選舉,首次申報,1111114,雜支支出,滿圓食堂,50716727,0.00,2420.00,,,,餐飲費用,金錢,宜蘭縣五結鄉****,,否,,,,,,,
36,林義剛,111年宜蘭縣議員選舉,首次申報,1111115,宣傳支出,海天電腦排版,17929707,0.00,10000.00,,,,製作競選物品或宣傳廣告費用（印製拜訪名片）,金錢,宜蘭縣羅東鎮****,0396*****,否,,,,,,,
37,林義剛,111年宜蘭縣議員選舉,首次申報,1111115,雜支支出,滿味燒臘,26787118,0.00,1650.00,,,,餐飲費用,金錢,宜蘭縣羅東鎮****,0395*****,否,,,,,,,
38,林義剛,111年宜蘭縣議員選舉,首次申報,1111115,宣傳支出,大同印刷加工部,40589624,0.00,1200.00,,,,播放、傳送或刊登宣傳廣告費用,金錢,宜蘭縣羅東鎮****,0395*****,否,,,,,,,
39,林義剛,111年宜蘭縣議員選舉,首次申報,1111115,雜支支出,滿圓食堂,50716727,0.00,1875.00,,,,餐飲費用,金錢,宜蘭縣五結鄉****,,否,,,,,,,
40,林義剛,111年宜蘭縣議員選舉,首次申報,1111116,雜支支出,集山商行,19579157,0.00,1100.00,,,,餐飲費用,金錢,宜蘭縣五結鄉****,0396*****,否,,,,,,,
41,林義剛,111年宜蘭縣議員選舉,首次申報,1111116,雜支支出,秘雕牛肉麵,26780972,0.00,1200.00,,,,餐飲費用,金錢,宜蘭縣五結鄉****,0395*****,否,,,,,,,
42,林義剛,111年宜蘭縣議員選舉,首次申報,1111117,交通旅運支出,親水公園加油站,84524403,0.00,680.00,,,,油資,金錢,宜蘭縣五結鄉****,,否,,,,,,,
43,林義剛,111年宜蘭縣議員選舉,首次申報,1111117,雜支支出,犒剛焢肉飯,85320089,0.00,1760.00,,,,餐飲費用,金錢,宜蘭縣五結鄉****,0396*****,否,,,,,,,
44,林義剛,111年宜蘭縣議員選舉,首次申報,1111117,雜支支出,姊夫好滷小吃,91636945,0.00,1900.00,,,,餐飲費用,金錢,宜蘭縣冬山鄉****,0972*****,否,,,,,,,
45,林義剛,111年宜蘭縣議員選舉,首次申報,1111118,宣傳支出,海天電腦排版,17929707,0.00,10000.00,,,,製作競選物品或宣傳廣告費用（印製拜訪名片及成立邀請卡）,金錢,宜蘭縣羅東鎮****,0396*****,否,,,,,,,
46,林義剛,111年宜蘭縣議員選舉,首次申報,1111118,雜支支出,滿味燒臘,26787118,0.00,2200.00,,,,餐飲費用,金錢,宜蘭縣羅東鎮****,0395*****,否,,,,,,,
47,林義剛,111年宜蘭縣議員選舉,首次申報,1111118,雜支支出,滿圓食堂,50716727,0.00,2470.00,,,,餐飲費用,金錢,宜蘭縣五結鄉****,,否,,,,,,,
48,林義剛,111年宜蘭縣議員選舉,首次申報,1111119,集會支出,春之秋企業社,19582717,0.00,3000.00,,,,租用設備費用,金錢,宜蘭縣五結鄉****,0396*****,否,,,,,,,
49,林義剛,111年宜蘭縣議員選舉,首次申報,1111119,集會支出,下福早餐包子店,50002025,0.00,25000.00,,,,餐飲費用,金錢,宜蘭縣五結鄉****,0395*****,否,,,,,,,
50,林義剛,111年宜蘭縣議員選舉,首次申報,1111119,雜支支出,滿圓食堂,50716727,0.00,2195.00,,,,餐飲費用,金錢,宜蘭縣五結鄉****,,否,,,,,,,
51,林義剛,111年宜蘭縣議員選舉,首次申報,1111119,交通旅運支出,親水公園加油站,84524403,0.00,560.00,,,,油資,金錢,宜蘭縣五結鄉****,,否,,,,,,,
52,林義剛,111年宜蘭縣議員選舉,首次申報,1111119,雜支支出,姊夫好滷小吃,91636945,0.00,2320.00,,,,餐飲費用,金錢,宜蘭縣冬山鄉****,0972*****,否,,,,,,,
53,林義剛,111年宜蘭縣議員選舉,首次申報,1111119,宣傳支出,天福製旗企業社,98078683,0.00,38600.00,,,,製作競選物品或宣傳廣告費用（旗幟）,金錢,宜蘭縣五結鄉****,0396*****,否,,,,,,,
54,林義剛,111年宜蘭縣議員選舉,首次申報,1111120,集會支出,春之秋企業社,19582717,0.00,3000.00,,,,租用設備費用,金錢,宜蘭縣五結鄉****,0396*****,否,,,,,,,
55,林義剛,111年宜蘭縣議員選舉,首次申報,1111120,雜支支出,金記鵝肉,26780895,0.00,1050.00,,,,餐飲費用,金錢,宜蘭縣五結鄉****,0395*****,否,,,,,,,
56,林義剛,111年宜蘭縣議員選舉,首次申報,1111120,集會支出,宏聚企業社,37837353,0.00,12000.00,,,,餐飲費用,金錢,宜蘭縣五結鄉****,0911*****,否,,,,,,,
57,林義剛,111年宜蘭縣議員選舉,首次申報,1111120,雜支支出,犒剛焢肉飯,85320089,0.00,2400.00,,,,餐飲費用,金錢,宜蘭縣五結鄉****,0396*****,否,,,,,,,
58,林義剛,111年宜蘭縣議員選舉,首次申報,1111121,雜支支出,葳森漢堡,41856900,0.00,820.00,,,,餐飲費用,金錢,宜蘭縣羅東鎮****,0395*****,否,,,,,,,
59,林義剛,111年宜蘭縣議員選舉,首次申報,1111121,雜支支出,滿圓食堂,50716727,0.00,1425.00,,,,餐飲費用,金錢,宜蘭縣五結鄉****,,否,,,,,,,
60,林義剛,111年宜蘭縣議員選舉,首次申報,1111121,交通旅運支出,親水公園加油站,84524403,0.00,600.00,,,,油資,金錢,宜蘭縣五結鄉****,,否,,,,,,,
61,林義剛,111年宜蘭縣議員選舉,首次申報,1111121,雜支支出,姊夫好滷小吃,91636945,0.00,1600.00,,,,餐飲費用,金錢,宜蘭縣冬山鄉****,0972*****,否,,,,,,,
62,林義剛,111年宜蘭縣議員選舉,首次申報,1111122,雜支支出,采花小吃部,10606013,0.00,1800.00,,,,餐飲費用,金錢,宜蘭縣五結鄉****,0395*****,否,,,,,,,
63,林義剛,111年宜蘭縣議員選舉,首次申報,1111122,交通旅運支出,長宏加油站,23183261,0.00,700.00,,,,油資,金錢,宜蘭縣冬山鄉****,,否,,,,,,,
64,林義剛,111年宜蘭縣議員選舉,首次申報,1111122,雜支支出,滿圓食堂,50716727,0.00,2120.00,,,,餐飲費用,金錢,宜蘭縣五結鄉****,,否,,,,,,,
65,林義剛,111年宜蘭縣議員選舉,首次申報,1111123,交通旅運支出,台灣中油羅東站,41559107,0.00,715.00,,,,油資,金錢,宜蘭縣五結鄉****,,否,,,,,,,
66,林義剛,111年宜蘭縣議員選舉,首次申報,1111123,雜支支出,滿圓食堂,50716727,0.00,800.00,,,,餐飲費用,金錢,宜蘭縣五結鄉****,,否,,,,,,,
67,林義剛,111年宜蘭縣議員選舉,首次申報,1111123,雜支支出,鴨寶鴨肉飯,72808221,0.00,1700.00,,,,餐飲費用,金錢,宜蘭縣五結鄉****,0976*****,否,,,,,,,
68,林義剛,111年宜蘭縣議員選舉,首次申報,1111123,雜支支出,姊夫好滷小吃,91636945,0.00,550.00,,,,餐飲費用,金錢,宜蘭縣冬山鄉****,0972*****,否,,,,,,,
69,林義剛,111年宜蘭縣議員選舉,首次申報,1111124,宣傳支出,春之秋企業社,19582717,0.00,1500.00,,,,播放、傳送或刊登宣傳廣告費用,金錢,宜蘭縣五結鄉****,0396*****,否,,,,,,,
70,林義剛,111年宜蘭縣議員選舉,首次申報,1111124,雜支支出,金記鵝肉,26780895,0.00,1050.00,,,,餐飲費用,金錢,宜蘭縣五結鄉****,0395*****,否,,,,,,,
71,林義剛,111年宜蘭縣議員選舉,首次申報,1111124,雜支支出,滿圓食堂,50716727,0.00,1998.00,,,,餐飲費用,金錢,宜蘭縣五結鄉****,,否,,,,,,,
72,林義剛,111年宜蘭縣議員選舉,首次申報,1111125,交通旅運支出,台灣中油新水站,42073525,0.00,700.00,,,,油資,金錢,宜蘭縣五結鄉****,,否,,,,,,,
73,林義剛,111年宜蘭縣議員選舉,首次申報,1111126,租用競選辦事處支出,春之秋企業社,19582717,0.00,8000.00,,,,其他與租用競選辦事處有關之費用,金錢,宜蘭縣五結鄉****,0396*****,否,,,,,,,
74,林義剛,111年宜蘭縣議員選舉,首次申報,1111126,租用競選辦事處支出,正大水電工程行,42031700,0.00,6000.00,,,,其他與租用競選辦事處有關之費用,金錢,宜蘭縣羅東鎮****,0928*****,否,,,,,,,
75,林義剛,111年宜蘭縣議員選舉,首次申報,1111126,雜支支出,眾一書城,42048701,0.00,4140.00,,,,文具用品費用,金錢,宜蘭縣五結鄉****,0395*****,否,,,,,,,
76,林義剛,111年宜蘭縣議員選舉,首次申報,1111126,雜支支出,鴨寶鴨肉飯,72808221,0.00,1700.00,,,,餐飲費用,金錢,宜蘭縣五結鄉****,0976*****,否,,,,,,,
77,林義剛,111年宜蘭縣議員選舉,首次申報,1111126,人事費用支出,林阿道,G10*******,0.00,15000.00,,,,宣傳政見小蜜蜂工資,金錢,宜蘭縣五結鄉****,,否,,,,,,,
78,林義剛,111年宜蘭縣議員選舉,首次申報,1111126,人事費用支出,林慶田,G10*******,0.00,12750.00,,,,宣傳車駕駛工資,金錢,宜蘭縣五結鄉****,,否,,,,,,,
79,林義剛,111年宜蘭縣議員選舉,首次申報,1111126,人事費用支出,張鍚奎,G10*******,0.00,7250.00,,,,駕駛宣傳車工作人員工資,金錢,宜蘭縣五結鄉****,,否,,,,,,,
80,林義剛,111年宜蘭縣議員選舉,首次申報,1111126,人事費用支出,謝火木,G12*******,0.00,50000.00,,,,助選人薪津,金錢,宜蘭縣五結鄉****,,否,,,,,,,
81,林義剛,111年宜蘭縣議員選舉,首次申報,1111126,人事費用支出,葉韋良,G12*******,0.00,15000.00,,,,宣傳政見小蜜蜂工資,金錢,宜蘭縣五結鄉****,,否,,,,,,,
82,林義剛,111年宜蘭縣議員選舉,首次申報,1111126,人事費用支出,黃昇陽,G12*******,0.00,4000.00,,,,陪同候選人拜票工資,金錢,宜蘭縣五結鄉****,,否,,,,,,,
83,林義剛,111年宜蘭縣議員選舉,首次申報,1111126,人事費用支出,張美嵐,G22*******,0.00,32000.00,,,,工資或薪津,金錢,宜蘭縣羅東鎮****,,否,,,,,,,
84,林義剛,111年宜蘭縣議員選舉,首次申報,1111126,人事費用支出,張秋芬,G22*******,0.00,24000.00,,,,競選總部服務小姐工資,金錢,宜蘭縣五結鄉****,,否,,,,,,,
85,林義剛,111年宜蘭縣議員選舉,首次申報,1111126,人事費用支出,林秀美,G22*******,0.00,18000.00,,,,宣傳車廣播人員工資,金錢,宜蘭縣五結鄉****,,否,,,,,,,
86,林義剛,111年宜蘭縣議員選舉,首次申報,1111127,集會支出,欣瓏徠小吃店,49806284,0.00,24465.00,,,,餐飲費用,金錢,宜蘭縣五結鄉****,0395*****,否,,,,,,,
87,林義剛,111年宜蘭縣議員選舉,首次申報,1111127,交通旅運支出,親水公園加油站,84524403,0.00,400.00,,,,油資,金錢,宜蘭縣五結鄉****,,否,,,,,,,
88,林義剛,111年宜蘭縣議員選舉,首次申報,1111128,返還捐贈支出,宜蘭縣蘭陽幼兒教保事業發展協會,,0.00,6000.00,,,,返還,金錢,宜蘭縣五結鄉****,,否,,,,,,,
89,林義剛,111年宜蘭縣議員選舉,首次申報,1111128,返還捐贈支出,華薌建設有限公司,45120557,0.00,20000.00,,,,返還,金錢,,,否,,,,,,,
90,林義剛,111年宜蘭縣議員選舉,首次申報,1111128,返還捐贈支出,閎綸建設有限公司,59050758,0.00,50000.00,,,,返還,金錢,宜蘭縣宜蘭市****,,否,,,,,,,
