﻿序號,擬參選人／政黨,選舉名稱,申報序號／年度,交易日期,收支科目,捐贈者／支出對象,身分證／統一編號,收入金額,支出金額,捐贈方式,存入專戶日期,返還/繳庫,支出用途,金錢類,地址,聯絡電話,應揭露之支出對象,支出對象之內部人員姓名,支出對象之內部人員職稱,政黨之內部人員姓名,政黨之內部人員職稱,關係,更正註記,資料更正日期
1,李龍飛,111年雲林縣口湖鄉鄉長選舉,首次申報,1111020,宣傳支出,尚品服裝行,45310352,0.00,29500.00,,,,製作競選物品或宣傳廣告費用（帽子）,金錢,雲林縣北港鎮****,,否,,,,,,,
2,李龍飛,111年雲林縣口湖鄉鄉長選舉,首次申報,1111025,雜支支出,台灣中油股份有限公司油品行銷事業部嘉義營業處口湖加油站,64897740,0.00,820.00,,,,汽機車燃料費用,金錢,,,否,,,,,,,
3,李龍飛,111年雲林縣口湖鄉鄉長選舉,首次申報,1111103,雜支支出,宜梧加油站有限公司,16710111,0.00,800.00,,,,汽機車燃料費用,金錢,,,否,,,,,,,
4,李龍飛,111年雲林縣口湖鄉鄉長選舉,首次申報,1111111,雜支支出,宜梧加油站有限公司,16710111,0.00,620.00,,,,汽機車燃料費用,金錢,,,否,,,,,,,
5,李龍飛,111年雲林縣口湖鄉鄉長選舉,首次申報,1111122,宣傳支出,楦梧鼓霸電子琴花車服務社,06201433,0.00,10000.00,,,,演講或表演費用,金錢,雲林縣口湖鄉****,,否,,,,,,,
6,李龍飛,111年雲林縣口湖鄉鄉長選舉,首次申報,1111127,雜支支出,北港簡餐店,82484453,0.00,10500.00,,,,餐飲費用,金錢,,,否,,,,,,,
