﻿序號,擬參選人／政黨,選舉名稱,申報序號／年度,交易日期,收支科目,捐贈者／支出對象,身分證／統一編號,收入金額,支出金額,捐贈方式,存入專戶日期,返還/繳庫,支出用途,金錢類,地址,聯絡電話,應揭露之支出對象,支出對象之內部人員姓名,支出對象之內部人員職稱,政黨之內部人員姓名,政黨之內部人員職稱,關係,更正註記,資料更正日期
1,李龍飛,111年雲林縣口湖鄉鄉長選舉,首次申報,1111013,匿名捐贈,匿名,,100.00,0.00,匯款,1111013,,,金錢,,,,,,,,,,
2,李龍飛,111年雲林縣口湖鄉鄉長選舉,首次申報,1111021,匿名捐贈,匿名,,10000.00,0.00,匯款,1111021,,,金錢,,,,,,,,,,
3,李龍飛,111年雲林縣口湖鄉鄉長選舉,首次申報,1111025,匿名捐贈,匿名,,3000.00,0.00,匯款,1111025,,,金錢,,,,,,,,,,
4,李龍飛,111年雲林縣口湖鄉鄉長選舉,首次申報,1111102,個人捐贈收入,李如玉,P22*******,8000.00,0.00,匯款,1111102,,,金錢,新北市板橋區****,,,,,,,,,
5,李龍飛,111年雲林縣口湖鄉鄉長選舉,首次申報,1111111,個人捐贈收入,林志峰,F12*******,3000.00,0.00,匯款,1111111,,,金錢,新北市三峽區****,,,,,,,,,
6,李龍飛,111年雲林縣口湖鄉鄉長選舉,首次申報,1111111,個人捐贈收入,張志強,F12*******,10000.00,0.00,匯款,1111111,,,金錢,桃園市八德區****,,,,,,,,,
7,李龍飛,111年雲林縣口湖鄉鄉長選舉,首次申報,1111111,個人捐贈收入,張暄紫,F22*******,13000.00,0.00,匯款,1111111,,,金錢,桃園市八德區****,,,,,,,,,
8,李龍飛,111年雲林縣口湖鄉鄉長選舉,首次申報,1111221,其他收入,利息收入,,28.00,0.00,匯款,1111221,,,金錢,,,,,,,,,,
