﻿序號,擬參選人／政黨,選舉名稱,申報序號／年度,交易日期,收支科目,捐贈者／支出對象,身分證／統一編號,收入金額,支出金額,捐贈方式,存入專戶日期,返還/繳庫,支出用途,金錢類,地址,聯絡電話,應揭露之支出對象,支出對象之內部人員姓名,支出對象之內部人員職稱,政黨之內部人員姓名,政黨之內部人員職稱,關係,更正註記,資料更正日期
1,周玉滿,111年苗栗縣議員選舉,首次申報,1110901,個人捐贈收入,張添政,,30000.00,0.00,現金,1110912,,,金錢,苗栗縣西湖鄉****,,,,,,,,,
2,周玉滿,111年苗栗縣議員選舉,首次申報,1110901,個人捐贈收入,邱義涵,,6000.00,0.00,現金,1110912,,,金錢,苗栗縣通霄鎮****,,,,,,,,,
3,周玉滿,111年苗栗縣議員選舉,首次申報,1110901,個人捐贈收入,蔡德明,,500.00,0.00,現金,1110912,,,金錢,苗栗縣通霄鎮****,,,,,,,,,
4,周玉滿,111年苗栗縣議員選舉,首次申報,1110901,個人捐贈收入,黃慶瑄,,10000.00,0.00,現金,1110912,,,金錢,苗栗縣苗栗市****,,,,,,,,,
5,周玉滿,111年苗栗縣議員選舉,首次申報,1110901,個人捐贈收入,郭徹,,5000.00,0.00,現金,1110912,,,金錢,苗栗縣通霄鎮****,,,,,,,,,
6,周玉滿,111年苗栗縣議員選舉,首次申報,1110901,個人捐贈收入,何菁原,,20000.00,0.00,現金,1110912,,,金錢,苗栗縣通霄鎮****,,,,,,,,,
7,周玉滿,111年苗栗縣議員選舉,首次申報,1110901,個人捐贈收入,黃永華,,20000.00,0.00,現金,1110912,,,金錢,苗栗縣通霄鎮****,,,,,,,,,
8,周玉滿,111年苗栗縣議員選舉,首次申報,1110901,個人捐贈收入,徐政雄,,5000.00,0.00,現金,1110912,,,金錢,苗栗縣通霄鎮****,,,,,,,,,
9,周玉滿,111年苗栗縣議員選舉,首次申報,1110901,個人捐贈收入,郭弘義,,5000.00,0.00,現金,1110912,,,金錢,苗栗縣通霄鎮****,,,,,,,,,
10,周玉滿,111年苗栗縣議員選舉,首次申報,1110901,個人捐贈收入,王垂坤,,20000.00,0.00,現金,1110912,,,金錢,苗栗縣苑裡鎮****,,,,,,,,,
11,周玉滿,111年苗栗縣議員選舉,首次申報,1110901,個人捐贈收入,江阿梅,,10000.00,0.00,現金,1110912,,,金錢,苗栗縣通霄鎮****,,,,,,,,,
12,周玉滿,111年苗栗縣議員選舉,首次申報,1110901,個人捐贈收入,徐美松,,12000.00,0.00,現金,1110912,,,金錢,苗栗縣通霄鎮****,,,,,,,,,
13,周玉滿,111年苗栗縣議員選舉,首次申報,1110901,個人捐贈收入,呂沛彤,,10000.00,0.00,現金,1110912,,,金錢,苗栗縣苑裡鎮****,,,,,,,,,
14,周玉滿,111年苗栗縣議員選舉,首次申報,1110901,個人捐贈收入,曾金池,,10000.00,0.00,現金,1110912,,,金錢,苗栗縣通霄鎮****,,,,,,,,,
15,周玉滿,111年苗栗縣議員選舉,首次申報,1110901,個人捐贈收入,黃碧雲,,3600.00,0.00,現金,1110912,,,金錢,苗栗縣通霄鎮****,,,,,,,,,
16,周玉滿,111年苗栗縣議員選舉,首次申報,1110901,個人捐贈收入,曾麗鴻,,3000.00,0.00,現金,1110912,,,金錢,苗栗縣通霄鎮****,,,,,,,,,
17,周玉滿,111年苗栗縣議員選舉,首次申報,1110901,個人捐贈收入,張水福,,2000.00,0.00,現金,1110912,,,金錢,苗栗縣通霄鎮****,,,,,,,,,
18,周玉滿,111年苗栗縣議員選舉,首次申報,1110901,個人捐贈收入,林峰竹,,12000.00,0.00,現金,1110912,,,金錢,苗栗縣通霄鎮****,,,,,,,,,
19,周玉滿,111年苗栗縣議員選舉,首次申報,1110901,個人捐贈收入,康萬福,,10000.00,0.00,現金,1110912,,,金錢,苗栗縣通霄鎮****,,,,,,,,,
20,周玉滿,111年苗栗縣議員選舉,首次申報,1110901,個人捐贈收入,陳國銘,,10000.00,0.00,現金,1110912,,,金錢,苗栗縣通霄鎮****,,,,,,,,,
21,周玉滿,111年苗栗縣議員選舉,首次申報,1110901,個人捐贈收入,王全,,5000.00,0.00,現金,1110912,,,金錢,苗栗縣通霄鎮****,,,,,,,,,
22,周玉滿,111年苗栗縣議員選舉,首次申報,1110901,個人捐贈收入,黃麗珠,,30000.00,0.00,現金,1110912,,,金錢,苗栗縣通霄鎮****,,,,,,,,,
23,周玉滿,111年苗栗縣議員選舉,首次申報,1110901,個人捐贈收入,黃金中,,10000.00,0.00,現金,1110912,,,金錢,苗栗縣通霄鎮****,,,,,,,,,
24,周玉滿,111年苗栗縣議員選舉,首次申報,1110901,個人捐贈收入,劉老師,,5000.00,0.00,現金,1110912,,,金錢,苗栗縣通霄鎮****,,,,,,,,,
25,周玉滿,111年苗栗縣議員選舉,首次申報,1110901,個人捐贈收入,吳昭得,,3000.00,0.00,現金,1110912,,,金錢,苗栗縣通霄鎮****,,,,,,,,,
26,周玉滿,111年苗栗縣議員選舉,首次申報,1110901,匿名捐贈,匿名,,900.00,0.00,現金,1110912,,,金錢,,,,,,,,,,
27,周玉滿,111年苗栗縣議員選舉,首次申報,1110901,個人捐贈收入,邱德明,,3000.00,0.00,現金,1110912,,,金錢,苗栗縣通霄鎮****,,,,,,,,,
28,周玉滿,111年苗栗縣議員選舉,首次申報,1110901,人民團體捐贈收入,綠色21台灣聯盟,,10000.00,0.00,現金,1110912,,,金錢,臺中市北屯區****,04-2*****,,,,,,,,
29,周玉滿,111年苗栗縣議員選舉,首次申報,1110901,營利事業捐贈收入,金美印刷廠,02903497,2000.00,0.00,現金,1110912,,,金錢,苗栗縣通霄鎮****,,,,,,,,,
30,周玉滿,111年苗栗縣議員選舉,首次申報,1110901,營利事業捐贈收入,荃藝行,80969467,2000.00,0.00,現金,1110912,,,金錢,苗栗縣苑裡鎮****,,,,,,,,,
31,周玉滿,111年苗栗縣議員選舉,首次申報,1110901,個人捐贈收入,張文聰,K10*******,6000.00,0.00,現金,1110912,,,金錢,苗栗縣通霄鎮****,,,,,,,,,
32,周玉滿,111年苗栗縣議員選舉,首次申報,1110901,個人捐贈收入,蕭秉芳,K12*******,2000.00,0.00,現金,1110912,,,金錢,苗栗縣苑裡鎮****,,,,,,,,,
33,周玉滿,111年苗栗縣議員選舉,首次申報,1110901,個人捐贈收入,黃柏琳,K12*******,10000.00,0.00,現金,1110912,,,金錢,,,,,,,,,,
34,周玉滿,111年苗栗縣議員選舉,首次申報,1110901,個人捐贈收入,彭秉緯,K12*******,2000.00,0.00,現金,1110912,,,金錢,,,,,,,,,,
35,周玉滿,111年苗栗縣議員選舉,首次申報,1110901,個人捐贈收入,劉兆銓,K12*******,2000.00,0.00,現金,1110912,,,金錢,,,,,,,,,,
36,周玉滿,111年苗栗縣議員選舉,首次申報,1110901,個人捐贈收入,曾俞銘,L12*******,3000.00,0.00,現金,1110912,,,金錢,臺中市大甲區****,,,,,,,,,
37,周玉滿,111年苗栗縣議員選舉,首次申報,1110906,個人捐贈收入,周應勳,,10000.00,0.00,現金,1110914,,,金錢,,0377*****,,,,,,,,
38,周玉滿,111年苗栗縣議員選舉,首次申報,1110908,個人捐贈收入,陳天明,,10000.00,0.00,現金,1110914,,,金錢,,0919*****,,,,,,,,
39,周玉滿,111年苗栗縣議員選舉,首次申報,1110912,個人捐贈收入,劉宗輔,,3000.00,0.00,現金,1110921,,,金錢,苗栗縣通霄鎮****,,,,,,,,,
40,周玉滿,111年苗栗縣議員選舉,首次申報,1110916,個人捐贈收入,楊志允,R12*******,2000.00,0.00,現金,1110922,,,金錢,,,,,,,,,,
41,周玉滿,111年苗栗縣議員選舉,首次申報,1110918,個人捐贈收入,繆文錦,K12*******,2000.00,0.00,現金,1110922,,,金錢,,,,,,,,,,
42,周玉滿,111年苗栗縣議員選舉,首次申報,1110921,個人捐贈收入,耿阿田,K10*******,5000.00,0.00,現金,1110922,,,金錢,,,,,,,,,,
43,周玉滿,111年苗栗縣議員選舉,首次申報,1110921,個人捐贈收入,張灯水,K12*******,6000.00,0.00,現金,1110922,,,金錢,,,,,,,,,,
44,周玉滿,111年苗栗縣議員選舉,首次申報,1110923,個人捐贈收入,陳光欽,K10*******,12000.00,0.00,現金,1110923,,,金錢,苗栗縣通霄鎮****,037-*****,,,,,,,,
45,周玉滿,111年苗栗縣議員選舉,首次申報,1110923,個人捐贈收入,杜銘書,K12*******,10000.00,0.00,現金,1110926,,,金錢,苗栗縣通霄鎮****,,,,,,,,,
46,周玉滿,111年苗栗縣議員選舉,首次申報,1111001,個人捐贈收入,賴昌平,K12*******,10000.00,0.00,現金,1111003,,,金錢,桃園市中壢區****,,,,,,,,,
47,周玉滿,111年苗栗縣議員選舉,首次申報,1111003,個人捐贈收入,王錦清,K10*******,10000.00,0.00,現金,1111003,,,金錢,苗栗縣通霄鎮****,,,,,,,,,
48,周玉滿,111年苗栗縣議員選舉,首次申報,1111107,個人捐贈收入,楊榮壽,H12*******,100000.00,0.00,票據,1111115,,,金錢,桃園市桃園區****,,,,,,,,,
49,周玉滿,111年苗栗縣議員選舉,首次申報,1111107,個人捐贈收入,吳建軒,K12*******,10000.00,0.00,現金,1111110,,,金錢,苗栗縣通霄鎮****,,,,,,,,,
50,周玉滿,111年苗栗縣議員選舉,首次申報,1111109,個人捐贈收入,陳寶珠,K22*******,2000.00,0.00,現金,1111110,,,金錢,苗栗縣通霄鎮****,,,,,,,,,
51,周玉滿,111年苗栗縣議員選舉,首次申報,1111110,營利事業捐贈收入,瑀捷環保工程有限公司,84809371,100000.00,0.00,現金,1111110,,,金錢,基隆市信義區****,,,,,,,,,
52,周玉滿,111年苗栗縣議員選舉,首次申報,1111110,個人捐贈收入,賴昌平,K12*******,10000.00,0.00,現金,1111110,,,金錢,桃園市中壢區****,,,,,,,,,
53,周玉滿,111年苗栗縣議員選舉,首次申報,1111221,其他收入,利息收入,,31.00,0.00,匯款,1111221,,,金錢,,,,,,,,,,
