﻿序號,擬參選人／政黨,選舉名稱,申報序號／年度,交易日期,收支科目,捐贈者／支出對象,身分證／統一編號,收入金額,支出金額,支出用途,金錢類,地址,聯絡電話,資料更正日期
1,黃香菽,107年直轄市議員選舉,首次申報,1070719,營利事業捐贈收入,台灣領航資產投資股份有限公司,27923512,200000.00,0.00,,金錢,臺北市中正區****,,
2,黃香菽,107年直轄市議員選舉,首次申報,1070731,個人捐贈收入,黃啟陞,E10*******,30000.00,0.00,,金錢,臺中市西區公****,,
3,黃香菽,107年直轄市議員選舉,首次申報,1070801,個人捐贈收入,黃啟陞,E10*******,30000.00,0.00,,金錢,臺中市西區公****,,
4,黃香菽,107年直轄市議員選舉,首次申報,1070802,個人捐贈收入,黃啟陞,E10*******,30000.00,0.00,,金錢,臺中市西區公****,,
5,黃香菽,107年直轄市議員選舉,首次申報,1070803,個人捐贈收入,黃啟陞,E10*******,10000.00,0.00,,金錢,臺中市西區公****,,
6,黃香菽,107年直轄市議員選舉,首次申報,1070820,個人捐贈收入,黃啟川,E10*******,100000.00,0.00,,金錢,高雄市三民區****,,
7,黃香菽,107年直轄市議員選舉,首次申報,1070820,個人捐贈收入,黃亮軒,E12*******,100000.00,0.00,,金錢,高雄市三民區****,,
8,黃香菽,107年直轄市議員選舉,首次申報,1070822,個人捐贈收入,黃亮勳,E12*******,100000.00,0.00,,金錢,高雄市三民區****,,
9,黃香菽,107年直轄市議員選舉,首次申報,1070822,個人捐贈收入,林怡伶,S22*******,100000.00,0.00,,金錢,高雄市三民區****,,
10,黃香菽,107年直轄市議員選舉,首次申報,1070830,營利事業捐贈收入,日王企業有限公司,86894773,500000.00,0.00,,金錢,高雄市楠梓區****,,
11,黃香菽,107年直轄市議員選舉,首次申報,1070912,個人捐贈收入,林昱翰,T12*******,10000.00,0.00,,金錢,新竹市關新路****,,
12,黃香菽,107年直轄市議員選舉,首次申報,1070914,個人捐贈收入,鄧名財,E12*******,100000.00,0.00,,金錢,高雄市三民區****,,
13,黃香菽,107年直轄市議員選舉,首次申報,1070914,個人捐贈收入,鄧江貴,E12*******,100000.00,0.00,,金錢,高雄市左營區****,,
14,黃香菽,107年直轄市議員選舉,首次申報,1070914,個人捐贈收入,鄧邦君,E22*******,100000.00,0.00,,金錢,高雄市三民區****,,
15,黃香菽,107年直轄市議員選舉,首次申報,1070914,個人捐贈收入,林昱成,S12*******,2000.00,0.00,,金錢,高雄市岡山區****,,
16,黃香菽,107年直轄市議員選舉,首次申報,1071002,營利事業捐贈收入,欣建工業股份有限公司,28042430,100000.00,0.00,,金錢,高雄市橋頭區****,,
17,黃香菽,107年直轄市議員選舉,首次申報,1071002,個人捐贈收入,陳乃華,R20*******,12000.00,0.00,,金錢,高雄市鼓山區****,,
18,黃香菽,107年直轄市議員選舉,首次申報,1071008,個人捐贈收入,黃建程,E12*******,80000.00,0.00,,金錢,高雄市三民區****,,
19,黃香菽,107年直轄市議員選舉,首次申報,1071008,個人捐贈收入,黃建樺,E12*******,50000.00,0.00,,金錢,高雄市三民區****,,
20,黃香菽,107年直轄市議員選舉,首次申報,1071008,個人捐贈收入,侯彩鳳,Q20*******,100000.00,0.00,,金錢,高雄市三民區****,,
21,黃香菽,107年直轄市議員選舉,首次申報,1071009,個人捐贈收入,謝秀蔓,E22*******,6600.00,0.00,,金錢,高雄市三民區****,,
22,黃香菽,107年直轄市議員選舉,首次申報,1071009,個人捐贈收入,周素英,M22*******,50000.00,0.00,,金錢,高雄市三民區****,,
23,黃香菽,107年直轄市議員選舉,首次申報,1071011,個人捐贈收入,陳韋廷,E12*******,100000.00,0.00,,金錢,高雄市苓雅區****,,
24,黃香菽,107年直轄市議員選舉,首次申報,1071011,個人捐贈收入,陳冠樺,E22*******,100000.00,0.00,,金錢,高雄市苓雅區****,,
25,黃香菽,107年直轄市議員選舉,首次申報,1071011,個人捐贈收入,李貴英,P20*******,1200.00,0.00,,金錢,高雄市三民區****,,
26,黃香菽,107年直轄市議員選舉,首次申報,1071011,個人捐贈收入,李俊賢,S12*******,100000.00,0.00,,金錢,高雄市三民區****,,
27,黃香菽,107年直轄市議員選舉,首次申報,1071011,個人捐贈收入,施孋芸,S22*******,100000.00,0.00,,金錢,高雄市三民區****,,
28,黃香菽,107年直轄市議員選舉,首次申報,1071015,營利事業捐贈收入,旗星聯運股份有限公司,13157623,300000.00,0.00,,金錢,高雄市鹽埕區****,,
29,黃香菽,107年直轄市議員選舉,首次申報,1071015,個人捐贈收入,蘇明政,E12*******,100000.00,0.00,,金錢,高雄市鳥松區****,,
30,黃香菽,107年直轄市議員選舉,首次申報,1071015,個人捐贈收入,羅沙萍,Q22*******,100000.00,0.00,,金錢,高雄市鳥松區****,,
31,黃香菽,107年直轄市議員選舉,首次申報,1071016,營利事業捐贈收入,京城銀國際租賃股份有限公司,24930384,300000.00,0.00,,金錢,臺北市松山區****,,
32,黃香菽,107年直轄市議員選舉,首次申報,1071017,營利事業捐贈收入,德禎建設企業有限公司,24511777,100000.00,0.00,,金錢,高雄市前鎮區****,,
33,黃香菽,107年直轄市議員選舉,首次申報,1071017,個人捐贈收入,黃從善,E12*******,10000.00,0.00,,金錢,高雄市三民區****,,
34,黃香菽,107年直轄市議員選舉,首次申報,1071017,個人捐贈收入,徐國振,E12*******,30000.00,0.00,,金錢,高雄市三民區****,,
35,黃香菽,107年直轄市議員選舉,首次申報,1071018,個人捐贈收入,林泰宏,E12*******,70000.00,0.00,,金錢,高雄市三民區****,,
36,黃香菽,107年直轄市議員選舉,首次申報,1071018,個人捐贈收入,林家平,E12*******,70000.00,0.00,,金錢,高雄市鼓山區****,,
37,黃香菽,107年直轄市議員選舉,首次申報,1071018,個人捐贈收入,林泰成,E12*******,70000.00,0.00,,金錢,高雄市三民區****,,
38,黃香菽,107年直轄市議員選舉,首次申報,1071018,個人捐贈收入,林裕雄,E12*******,50000.00,0.00,,金錢,高雄市三民區****,,
39,黃香菽,107年直轄市議員選舉,首次申報,1071018,個人捐贈收入,林佳嬑,E22*******,70000.00,0.00,,金錢,高雄市三民區****,,
40,黃香菽,107年直轄市議員選舉,首次申報,1071018,個人捐贈收入,林桑如,E22*******,70000.00,0.00,,金錢,高雄市鼓山區****,,
41,黃香菽,107年直轄市議員選舉,首次申報,1071018,個人捐贈收入,張寶足,R22*******,100000.00,0.00,,金錢,高雄市三民區****,,
42,黃香菽,107年直轄市議員選舉,首次申報,1071018,個人捐贈收入,莊重吉,V10*******,6000.00,0.00,,金錢,高雄市苓雅區****,,
43,黃香菽,107年直轄市議員選舉,首次申報,1071019,個人捐贈收入,陳慶雲,E10*******,10000.00,0.00,,金錢,高雄市前金區****,,
44,黃香菽,107年直轄市議員選舉,首次申報,1071019,個人捐贈收入,洪茂源,S12*******,60000.00,0.00,,金錢,高雄市鳳山區****,,
45,黃香菽,107年直轄市議員選舉,首次申報,1071019,個人捐贈收入,郭鴻璋,S12*******,20000.00,0.00,,金錢,高雄市前鎮區****,,
46,黃香菽,107年直轄市議員選舉,首次申報,1071022,營利事業捐贈收入,源生懋有限公司,28598438,30000.00,0.00,,金錢,高雄市鳳山區****,,
47,黃香菽,107年直轄市議員選舉,首次申報,1071022,個人捐贈收入,曾建中,D12*******,10000.00,0.00,,金錢,新北市板橋區****,,
48,黃香菽,107年直轄市議員選舉,首次申報,1071022,個人捐贈收入,黃東海,E10*******,6000.00,0.00,,金錢,高雄市鳳山區****,,
49,黃香菽,107年直轄市議員選舉,首次申報,1071022,個人捐贈收入,王叔勰,E12*******,10000.00,0.00,,金錢,高雄市三民區****,,
50,黃香菽,107年直轄市議員選舉,首次申報,1071022,個人捐贈收入,侯嘉禎,E22*******,60000.00,0.00,,金錢,高雄市苓雅區****,,
51,黃香菽,107年直轄市議員選舉,首次申報,1071022,個人捐贈收入,林紫幼,P20*******,100000.00,0.00,,金錢,高雄市大社區****,,
52,黃香菽,107年直轄市議員選舉,首次申報,1071022,個人捐贈收入,徐新益,R10*******,100000.00,0.00,,金錢,高雄市苓雅區****,,
53,黃香菽,107年直轄市議員選舉,首次申報,1071022,個人捐贈收入,李英建,R12*******,100000.00,0.00,,金錢,高雄市苓雅區****,,
54,黃香菽,107年直轄市議員選舉,首次申報,1071022,個人捐贈收入,張簡秀震,S10*******,20000.00,0.00,,金錢,高雄市大寮區****,,
55,黃香菽,107年直轄市議員選舉,首次申報,1071023,個人捐贈收入,莊啟旺,E10*******,100000.00,0.00,,金錢,高雄市苓雅區****,,
56,黃香菽,107年直轄市議員選舉,首次申報,1071023,個人捐贈收入,莊王愛枝,Q20*******,100000.00,0.00,,金錢,高雄市苓雅區****,,
57,黃香菽,107年直轄市議員選舉,首次申報,1071023,個人捐贈收入,洪維鴻,S10*******,30000.00,0.00,,金錢,高雄市苓雅區****,,
58,黃香菽,107年直轄市議員選舉,首次申報,1071023,個人捐贈收入,柯素雲,S22*******,10000.00,0.00,,金錢,高雄市鳥松區****,,
59,黃香菽,107年直轄市議員選舉,首次申報,1071024,個人捐贈收入,林欣穎,D20*******,100000.00,0.00,,金錢,高雄市鼓山區****,,
60,黃香菽,107年直轄市議員選舉,首次申報,1071025,營利事業捐贈收入,博元建設股份有限公司,27543652,100000.00,0.00,,金錢,臺北市中山區****,,
61,黃香菽,107年直轄市議員選舉,首次申報,1071025,營利事業捐贈收入,吉正電機水電工程股份有限公司,83408975,20000.00,0.00,,金錢,高雄市苓雅區****,,
62,黃香菽,107年直轄市議員選舉,首次申報,1071025,個人捐贈收入,曾淑嬌,S20*******,10000.00,0.00,,金錢,高雄市三民區****,,
63,黃香菽,107年直轄市議員選舉,首次申報,1071029,營利事業捐贈收入,中大營造股份有限公司,53298281,100000.00,0.00,,金錢,高雄市鼓山區****,,
64,黃香菽,107年直轄市議員選舉,首次申報,1071029,個人捐贈收入,洪淑琴,E22*******,10000.00,0.00,,金錢,高雄市三民區****,,
65,黃香菽,107年直轄市議員選舉,首次申報,1071030,個人捐贈收入,洪東煒,E10*******,20000.00,0.00,,金錢,高雄市苓雅區****,,
66,黃香菽,107年直轄市議員選舉,首次申報,1071031,個人捐贈收入,黃許秀琴,E20*******,100000.00,0.00,,金錢,高雄市鹽埕區****,,
67,黃香菽,107年直轄市議員選舉,首次申報,1071101,營利事業捐贈收入,漢來美食股份有限公司,80352343,200000.00,0.00,,金錢,高雄市前金區****,,
68,黃香菽,107年直轄市議員選舉,首次申報,1071101,個人捐贈收入,陳敏瑛,D20*******,100000.00,0.00,,金錢,高雄市苓雅區****,,
69,黃香菽,107年直轄市議員選舉,首次申報,1071101,個人捐贈收入,黃清源,E10*******,50000.00,0.00,,金錢,高雄市新興區****,,
70,黃香菽,107年直轄市議員選舉,首次申報,1071101,個人捐贈收入,郭士菁,E22*******,100000.00,0.00,,金錢,高雄市鼓山區****,,
71,黃香菽,107年直轄市議員選舉,首次申報,1071101,個人捐贈收入,楊淳淳,F22*******,100000.00,0.00,,金錢,高雄市仁武區****,,
72,黃香菽,107年直轄市議員選舉,首次申報,1071101,個人捐贈收入,黃湘允,L12*******,50000.00,0.00,,金錢,高雄市前鎮區****,,
73,黃香菽,107年直轄市議員選舉,首次申報,1071101,個人捐贈收入,曾土城,Q10*******,20000.00,0.00,,金錢,高雄市左營區****,,
74,黃香菽,107年直轄市議員選舉,首次申報,1071101,個人捐贈收入,李沛芯,T22*******,100000.00,0.00,,金錢,高雄市鼓山區****,,
75,黃香菽,107年直轄市議員選舉,首次申報,1071101,個人捐贈收入,呂金盛,X12*******,100000.00,0.00,,金錢,高雄市鼓山區****,,
76,黃香菽,107年直轄市議員選舉,首次申報,1071105,人民團體捐贈收入,高雄市中藥商業同業公會,,20000.00,0.00,,金錢,高雄市三民區****,3217*****,
77,黃香菽,107年直轄市議員選舉,首次申報,1071105,營利事業捐贈收入,城揚建設股份有限公司,16822994,200000.00,0.00,,金錢,高雄市三民區****,,
78,黃香菽,107年直轄市議員選舉,首次申報,1071105,營利事業捐贈收入,三發地產股份有限公司,84466749,100000.00,0.00,,金錢,臺北市松山區****,,
79,黃香菽,107年直轄市議員選舉,首次申報,1071105,營利事業捐贈收入,北京建設股份有限公司,84731424,50000.00,0.00,,金錢,高雄市三民區****,,
80,黃香菽,107年直轄市議員選舉,首次申報,1071105,個人捐贈收入,吳順江,D10*******,10000.00,0.00,,金錢,臺南市東區慶****,,
81,黃香菽,107年直轄市議員選舉,首次申報,1071105,個人捐贈收入,莊垂麟,E10*******,20000.00,0.00,,金錢,高雄市三民區****,,
82,黃香菽,107年直轄市議員選舉,首次申報,1071105,個人捐贈收入,謝繡娟,E22*******,100000.00,0.00,,金錢,高雄市苓雅區****,,
83,黃香菽,107年直轄市議員選舉,首次申報,1071106,個人捐贈收入,張雲廷,T10*******,12000.00,0.00,,金錢,高雄市三民區****,,
84,黃香菽,107年直轄市議員選舉,首次申報,1071108,人民團體捐贈收入,社團法人高雄市醫師公會,,20000.00,0.00,,金錢,高雄市前金區****,07-2*****,
85,黃香菽,107年直轄市議員選舉,首次申報,1071108,個人捐贈收入,楊宗翰,E12*******,50000.00,0.00,,金錢,桃園市桃園區****,,
86,黃香菽,107年直轄市議員選舉,首次申報,1071109,個人捐贈收入,莊育宗,E10*******,3000.00,0.00,,金錢,高雄市三民區****,,
87,黃香菽,107年直轄市議員選舉,首次申報,1071112,人民團體捐贈收入,社團法人高雄市牙醫師公會,,50000.00,0.00,,金錢,高雄市前鎮區****,3350*****,
88,黃香菽,107年直轄市議員選舉,首次申報,1071113,個人捐贈收入,陳光雄,E10*******,30000.00,0.00,,金錢,高雄市三民區****,,
89,黃香菽,107年直轄市議員選舉,首次申報,1071114,個人捐贈收入,史茂榮,E12*******,30000.00,0.00,,金錢,高雄市左營區****,,
90,黃香菽,107年直轄市議員選舉,首次申報,1071114,個人捐贈收入,曾智美,E22*******,20000.00,0.00,,金錢,高雄市仁武區****,,
91,黃香菽,107年直轄市議員選舉,首次申報,1071114,個人捐贈收入,呂鳳凰,E22*******,5000.00,0.00,,金錢,高雄市林園區****,,
92,黃香菽,107年直轄市議員選舉,首次申報,1071114,個人捐贈收入,王文成,S12*******,30000.00,0.00,,金錢,高雄市仁武區****,,
93,黃香菽,107年直轄市議員選舉,首次申報,1071114,個人捐贈收入,柯盧節,S20*******,30000.00,0.00,,金錢,高雄市新興區****,,
94,黃香菽,107年直轄市議員選舉,首次申報,1071114,個人捐贈收入,李莉娜,S22*******,30000.00,0.00,,金錢,高雄市三民區****,,
95,黃香菽,107年直轄市議員選舉,首次申報,1071116,個人捐贈收入,黃建亨,H10*******,3000.00,0.00,,金錢,桃園市大園區****,,
96,黃香菽,107年直轄市議員選舉,首次申報,1071116,個人捐贈收入,羅月珍,Q22*******,100000.00,0.00,,金錢,高雄市楠梓區****,,
97,黃香菽,107年直轄市議員選舉,首次申報,1071119,營利事業捐贈收入,漢來美食股份有限公司,80352343,200000.00,0.00,,金錢,高雄市前金區****,,
98,黃香菽,107年直轄市議員選舉,首次申報,1071120,人民團體捐贈收入,台灣社區醫院協會,,10000.00,0.00,,金錢,高雄市三民區****,07-3*****,
99,黃香菽,107年直轄市議員選舉,首次申報,1071120,個人捐贈收入,許育瑞,E12*******,10000.00,0.00,,金錢,高雄市三民區****,,
100,黃香菽,107年直轄市議員選舉,首次申報,1071120,個人捐贈收入,楊美人,R20*******,50000.00,0.00,,金錢,高雄市三民區****,,
101,黃香菽,107年直轄市議員選舉,首次申報,1071123,個人捐贈收入,莊育彩,E10*******,50000.00,0.00,,金錢,高雄市三民區****,,
102,黃香菽,107年直轄市議員選舉,首次申報,1071123,個人捐贈收入,莊育桉,E12*******,50000.00,0.00,,金錢,高雄市三民區****,,
103,黃香菽,107年直轄市議員選舉,首次申報,1071123,個人捐贈收入,莊育晶,E12*******,50000.00,0.00,,金錢,高雄市三民區****,,
104,黃香菽,107年直轄市議員選舉,首次申報,1071123,個人捐贈收入,黃桂香,E20*******,50000.00,0.00,,金錢,高雄市三民區****,,
105,黃香菽,107年直轄市議員選舉,首次申報,1071221,其他收入,利息收入,,83.00,0.00,,金錢,,,
