﻿序號,擬參選人／政黨,選舉名稱,申報序號／年度,交易日期,收支科目,捐贈者／支出對象,身分證／統一編號,收入金額,支出金額,捐贈方式,存入專戶日期,返還/繳庫,支出用途,金錢類,地址,聯絡電話,應揭露之支出對象,支出對象之內部人員姓名,支出對象之內部人員職稱,政黨之內部人員姓名,政黨之內部人員職稱,關係,更正註記,資料更正日期
1,更生黨,,113,1130329,營利事業捐贈收入,台灣好報社,02226692,50000.00,0.00,現金,1130329,,,金錢,臺北市文山區****,,,,,,,,,
2,更生黨,,113,1130621,其他收入,彰化銀行1130621利息收入,,130.00,0.00,匯款,1130621,,,金錢,,,,,,,,,,
3,更生黨,,113,1131206,個人捐贈收入,陳家其,,2000.00,0.00,匯款,1131206,,,金錢,連江縣莒光鄉****,,,,,,,,,
4,更生黨,,113,1131209,個人捐贈收入,曹淑官,,10000.00,0.00,匯款,1131209,,,金錢,連江縣南竿鄉****,,,,,,,,,
5,更生黨,,113,1131229,個人捐贈收入,胡金財,,10000.00,0.00,匯款,1131229,,,金錢,連江縣南竿鄉****,,,,,,,,,
