﻿序號,擬參選人／政黨,選舉名稱,申報序號／年度,交易日期,收支科目,捐贈者／支出對象,身分證／統一編號,收入金額,支出金額,支出用途,金錢類,地址,聯絡電話,資料更正日期
1,洪正一,109年立法委員選舉,首次申報,1081024,宣傳支出,豐彤企業有限公司,01074850,0.00,8663.00,製作競選物品支出（自動充氣球）,金錢,新北市民生東****,2765*****,
2,洪正一,109年立法委員選舉,首次申報,1081028,宣傳支出,心雅服裝行,15995103,0.00,2111.00,製作競選物品支出（背心）,金錢,臺北市萬華區****,2308*****,
3,洪正一,109年立法委員選舉,首次申報,1081029,宣傳支出,創意家國際有限公司,27665710,0.00,8925.00,製作競選物品支出（活動背心）,金錢,新北市泰山區****,2900*****,
4,洪正一,109年立法委員選舉,首次申報,1081101,宣傳支出,上和開發實業有限公司,66635638,0.00,28400.00,製作宣傳廣告支出(帆布施工),金錢,新北市中和區****,2221*****,
5,洪正一,109年立法委員選舉,首次申報,1081101,宣傳支出,競選總部,H12*******,0.00,40000.00,廣告招牌租位,非金錢,臺北市松山區****,,
6,洪正一,109年立法委員選舉,首次申報,1081104,宣傳支出,心雅服裝行,15995103,0.00,2814.00,製作競選物品支出（背心）,金錢,臺北市萬華區****,2308*****,
7,洪正一,109年立法委員選舉,首次申報,1081105,宣傳支出,統一速達股份有限公司,25630440,0.00,130.00,郵寄競選物品或宣傳廣告支出(背心快遞費),金錢,臺北市****,,
8,洪正一,109年立法委員選舉,首次申報,1081114,宣傳支出,7-ELEVEN,27940028,0.00,280.00,郵寄競選物品,金錢,臺北市****,,
