﻿序號,擬參選人／政黨,選舉名稱,申報序號／年度,交易日期,收支科目,捐贈者／支出對象,身分證／統一編號,收入金額,支出金額,捐贈方式,存入專戶日期,返還/繳庫,支出用途,金錢類,地址,聯絡電話,應揭露之支出對象,支出對象之內部人員姓名,支出對象之內部人員職稱,政黨之內部人員姓名,政黨之內部人員職稱,關係,更正註記,資料更正日期
1,朱仲一,111年苗栗縣議員選舉,首次申報,1110930,個人捐贈收入,李碧蓮,,30000.00,0.00,匯款,1110930,,,金錢,臺北市大安區****,,,,,,,,,
2,朱仲一,111年苗栗縣議員選舉,首次申報,1111104,匿名捐贈,匿名1,,2000.00,0.00,匯款,1111104,,,金錢,,,,,,,,,,
3,朱仲一,111年苗栗縣議員選舉,首次申報,1111117,個人捐贈收入,林慶皇,A12*******,50000.00,0.00,匯款,1111117,,,金錢,臺北市中正區****,0912*****,,,,,,,,
4,朱仲一,111年苗栗縣議員選舉,首次申報,1111122,匿名捐贈,匿名2,,2000.00,0.00,匯款,1111122,,,金錢,,,,,,,,,,
5,朱仲一,111年苗栗縣議員選舉,首次申報,1111125,匿名捐贈,匿名,,10000.00,0.00,匯款,1111125,,,金錢,,,,,,,,,,
6,朱仲一,111年苗栗縣議員選舉,首次申報,1111221,其他收入,利息收入,,21.00,0.00,匯款,1111221,,,金錢,,,,,,,,,,
