﻿序號,擬參選人／政黨,選舉名稱,申報序號／年度,交易日期,收支科目,捐贈者／支出對象,身分證／統一編號,收入金額,支出金額,支出用途,金錢類,地址,聯絡電話,資料更正日期
1,唐儀靜,107年直轄市議員選舉,首次申報,1070517,雜支支出,競選總部,D22*******,0.00,30000.00,餐飲費用,非金錢,臺南市安南區****,,
2,唐儀靜,107年直轄市議員選舉,首次申報,1070518,雜支支出,臺南東春館,,0.00,1630.00,餐飲費用,金錢,臺南市中西區****,,
3,唐儀靜,107年直轄市議員選舉,首次申報,1070522,宣傳支出,中華郵政,,0.00,6276.00,郵寄競選物品或宣傳廣告支出,金錢,臺南市安南區****,,
4,唐儀靜,107年直轄市議員選舉,首次申報,1070523,宣傳支出,中華郵政,,0.00,102.00,郵寄競選物品或宣傳廣告支出,金錢,臺南市安南區****,,
5,唐儀靜,107年直轄市議員選舉,首次申報,1070528,宣傳支出,競選總部,D22*******,0.00,100000.00,製作競選物品支出（背心）,非金錢,臺南市安南區****,,
6,唐儀靜,107年直轄市議員選舉,首次申報,1070530,宣傳支出,中華郵政,,0.00,2548.00,郵寄競選物品或宣傳廣告支出,金錢,臺南市安南區****,,
7,唐儀靜,107年直轄市議員選舉,首次申報,1070530,雜支支出,豪德旗幟社,06517518,0.00,1500.00,雜項購置或修繕費用,金錢,臺南市安南區****,,
8,唐儀靜,107年直轄市議員選舉,首次申報,1070530,宣傳支出,冠泰實業社,90998309,0.00,25500.00,製作競選物品支出（關東旗）,金錢,臺南市關廟區****,,
9,唐儀靜,107年直轄市議員選舉,首次申報,1070601,雜支支出,榮華製帽行,68934008,0.00,1950.00,雜項購置或修繕費用,金錢,臺南市中西區****,,
10,唐儀靜,107年直轄市議員選舉,首次申報,1070601,宣傳支出,競選總部,D22*******,0.00,100000.00,租用廣告看板或車體廣告支出,非金錢,臺南市安南區****,,
11,唐儀靜,107年直轄市議員選舉,首次申報,1070602,雜支支出,信用文具企業有限公司,23252647,0.00,196.00,文具用品費用,金錢,臺南市安南區****,,
12,唐儀靜,107年直轄市議員選舉,首次申報,1070602,雜支支出,茶的魔手,47754388,0.00,125.00,餐飲費用,金錢,,,
13,唐儀靜,107年直轄市議員選舉,首次申報,1070602,雜支支出,千喜食品行,83969498,0.00,3440.00,餐飲費用,金錢,臺南市中西區****,,
14,唐儀靜,107年直轄市議員選舉,首次申報,1070603,集會支出,國藝企業社,09015010,0.00,8000.00,租用設備支出,金錢,臺南市將軍區****,,
15,唐儀靜,107年直轄市議員選舉,首次申報,1070603,雜支支出,輕鬆購五金百貨生活館,10879415,0.00,1056.00,雜項購置或修繕費用,金錢,,,
16,唐儀靜,107年直轄市議員選舉,首次申報,1070603,雜支支出,長春健康素食餐飲連鎖,37562621,0.00,362.00,餐飲費用,金錢,,,
17,唐儀靜,107年直轄市議員選舉,首次申報,1070603,雜支支出,祿記號,68923207,0.00,9600.00,餐飲費用,金錢,臺南市開山路****,,
18,唐儀靜,107年直轄市議員選舉,首次申報,1070605,雜支支出,大北五金,53263728,0.00,120.00,雜項購置或修繕費用,金錢,,,
19,唐儀靜,107年直轄市議員選舉,首次申報,1070613,雜支支出,燦坤實業股份有限公司安南營業處,81565479,0.00,119.00,雜項購置或修繕費用,金錢,臺南市安南區****,,
20,唐儀靜,107年直轄市議員選舉,首次申報,1070621,雜支支出,懋鑫工程行,,0.00,2000.00,雜項購置或修繕費用,金錢,臺南市永康區****,,
21,唐儀靜,107年直轄市議員選舉,首次申報,1070621,雜支支出,翰暉圖書文具有限公司,28772196,0.00,318.00,文具用品費用,金錢,臺南市安南區****,,
22,唐儀靜,107年直轄市議員選舉,首次申報,1070621,宣傳支出,競選總部,D22*******,0.00,70000.00,製作競選物品支出（面紙）,非金錢,臺南市安南區****,,
23,唐儀靜,107年直轄市議員選舉,首次申報,1070622,宣傳支出,中華郵政,,0.00,117.00,郵寄競選物品或宣傳廣告支出,金錢,臺南市安南區****,,
24,唐儀靜,107年直轄市議員選舉,首次申報,1070704,雜支支出,競選總部,D22*******,0.00,100000.00,餐飲費用,非金錢,臺南市安南區****,,
25,唐儀靜,107年直轄市議員選舉,首次申報,1070726,雜支支出,千越加油站,09544975,0.00,930.00,汽機車燃料費用,金錢,臺南市北區西****,,
26,唐儀靜,107年直轄市議員選舉,首次申報,1070726,雜支支出,茶的魔手,47754388,0.00,251.00,餐飲費用,金錢,,,
27,唐儀靜,107年直轄市議員選舉,首次申報,1070731,雜支支出,輕鬆購五金百貨生活館,10879415,0.00,323.00,雜項購置或修繕費用,金錢,臺南市安和路****,,
28,唐儀靜,107年直轄市議員選舉,首次申報,1070808,交通旅運支出,台灣高鐵,16446274,0.00,1305.00,搭乘交通工具支出,金錢,,,
29,唐儀靜,107年直轄市議員選舉,首次申報,1070809,交通旅運支出,台灣高鐵,16446274,0.00,155.00,搭乘交通工具支出,金錢,,,
30,唐儀靜,107年直轄市議員選舉,首次申報,1070810,集會支出,威尼斯燈光音響企業社,10472534,0.00,15000.00,租用設備支出,金錢,臺南市安南區****,,
31,唐儀靜,107年直轄市議員選舉,首次申報,1070813,雜支支出,瑞曜企業有限公司,28127893,0.00,300.00,汽機車燃料費用,金錢,,,
32,唐儀靜,107年直轄市議員選舉,首次申報,1070902,雜支支出,北安加油站,86436502,0.00,943.00,汽機車燃料費用,金錢,,,
33,唐儀靜,107年直轄市議員選舉,首次申報,1070904,雜支支出,北安加油站,86436502,0.00,1029.00,汽機車燃料費用,金錢,,,
34,唐儀靜,107年直轄市議員選舉,首次申報,1070905,人事費用支出,杜美珍,D22*******,0.00,16275.00,工資或薪津,金錢,臺南市南區德****,,
35,唐儀靜,107年直轄市議員選舉,首次申報,1070905,人事費用支出,蘇雅如,S22*******,0.00,22000.00,工資或薪津,金錢,臺南市東區富****,,
36,唐儀靜,107年直轄市議員選舉,首次申報,1070907,雜支支出,嘉和加油站,16512771,0.00,971.00,汽機車燃料費用,金錢,,,
37,唐儀靜,107年直轄市議員選舉,首次申報,1070907,雜支支出,成昱生活館有限公司,80450169,0.00,209.00,雜項購置或修繕費用,金錢,臺南市安南區****,,
38,唐儀靜,107年直轄市議員選舉,首次申報,1070910,雜支支出,民安海佃加油站,99535224,0.00,1000.00,汽機車燃料費用,金錢,,,
39,唐儀靜,107年直轄市議員選舉,首次申報,1070911,雜支支出,全國加油站,10166198,0.00,1022.00,汽機車燃料費用,金錢,,,
40,唐儀靜,107年直轄市議員選舉,首次申報,1070911,雜支支出,輕鬆購五金百貨生活館,10879415,0.00,304.00,雜項購置或修繕費用,金錢,臺南市安南區****,,
41,唐儀靜,107年直轄市議員選舉,首次申報,1070911,雜支支出,自在軒健康茶飲,47787661,0.00,135.00,餐飲費用,金錢,,,
42,唐儀靜,107年直轄市議員選舉,首次申報,1070913,雜支支出,北安加油站,86436502,0.00,910.00,汽機車燃料費用,金錢,,,
43,唐儀靜,107年直轄市議員選舉,首次申報,1070913,宣傳支出,競選總部,D22*******,0.00,100000.00,製作競選物品支出（廣告帆布）,非金錢,臺南市安南區****,,
44,唐儀靜,107年直轄市議員選舉,首次申報,1070914,雜支支出,統一超商股份有限公司,28439002,0.00,1083.00,雜項購置或修繕費用,金錢,,,
45,唐儀靜,107年直轄市議員選舉,首次申報,1070914,雜支支出,上雅文具有限公司,89212800,0.00,299.00,請勿輸入涉及個資之資料，例如身分證字號、電話、地址,金錢,臺南市安南區****,,
46,唐儀靜,107年直轄市議員選舉,首次申報,1070915,宣傳支出,冠泰實業社,90998309,0.00,24000.00,製作競選物品支出（關東旗,金錢,臺南市關廟區****,,
47,唐儀靜,107年直轄市議員選舉,首次申報,1070915,人事費用支出,郭文傑,D12*******,0.00,15260.00,工資或薪津,金錢,臺南市中西區****,,
48,唐儀靜,107年直轄市議員選舉,首次申報,1070915,人事費用支出,杜美珍,D22*******,0.00,3975.00,工資或薪津,金錢,臺南市南區德****,,
49,唐儀靜,107年直轄市議員選舉,首次申報,1070915,人事費用支出,曾立貴,R22*******,0.00,2800.00,工資或薪津,金錢,臺南市安南區****,,
50,唐儀靜,107年直轄市議員選舉,首次申報,1070915,人事費用支出,張美茵,R22*******,0.00,2520.00,工資或薪津,金錢,臺南市佳里區****,,
51,唐儀靜,107年直轄市議員選舉,首次申報,1070919,雜支支出,自在軒健康茶飲,47787661,0.00,175.00,餐飲費用,金錢,,,
52,唐儀靜,107年直轄市議員選舉,首次申報,1070920,宣傳支出,四角設計工作室,78994953,0.00,1500.00,製作競選物品支出（人形立牌）,金錢,臺南市中西區****,,
53,唐儀靜,107年直轄市議員選舉,首次申報,1070921,雜支支出,北安加油站,86436502,0.00,1000.00,汽機車燃料費用,金錢,,,
54,唐儀靜,107年直轄市議員選舉,首次申報,1070923,雜支支出,北安加油站,86436502,0.00,1000.00,汽機車燃料費用,金錢,,,
55,唐儀靜,107年直轄市議員選舉,首次申報,1070924,雜支支出,全國加油站,10166198,0.00,768.00,汽機車燃料費用,金錢,,,
56,唐儀靜,107年直轄市議員選舉,首次申報,1070925,雜支支出,自在軒健康茶飲,47787661,0.00,275.00,餐飲費用,金錢,,,
57,唐儀靜,107年直轄市議員選舉,首次申報,1070925,宣傳支出,冠泰實業社,90998309,0.00,22500.00,製作競選物品支出（關東旗）,金錢,臺南市關廟區****,,
58,唐儀靜,107年直轄市議員選舉,首次申報,1070927,雜支支出,北安加油站,86436502,0.00,940.00,汽機車燃料費用,金錢,,,
59,唐儀靜,107年直轄市議員選舉,首次申報,1070928,雜支支出,北安加油站,86436502,0.00,1192.00,汽機車燃料費用,金錢,,,
60,唐儀靜,107年直轄市議員選舉,首次申報,1071001,雜支支出,上雅文具有限公司,89212800,0.00,110.00,文具用品費用,金錢,臺南市安南區****,,
61,唐儀靜,107年直轄市議員選舉,首次申報,1071001,人事費用支出,郭文傑,D12*******,0.00,11130.00,工資或薪津,金錢,臺南市中西區****,,
62,唐儀靜,107年直轄市議員選舉,首次申報,1071001,人事費用支出,張美茵,R22*******,0.00,4200.00,工資或薪津,金錢,臺南市佳里區****,,
63,唐儀靜,107年直轄市議員選舉,首次申報,1071001,人事費用支出,曾立貴,R22*******,0.00,4620.00,工資或薪津,金錢,臺南市安南區****,,
64,唐儀靜,107年直轄市議員選舉,首次申報,1071001,人事費用支出,蘇雅如,S22*******,0.00,3900.00,工資或薪津,金錢,臺南市東區富****,,
65,唐儀靜,107年直轄市議員選舉,首次申報,1071002,雜支支出,全國加油站,10166198,0.00,1016.00,汽機車燃料費用,金錢,,,
66,唐儀靜,107年直轄市議員選舉,首次申報,1071002,雜支支出,百興隆實業有限公司,27437809,0.00,500.00,餐飲費用,金錢,臺南市安南區****,,
67,唐儀靜,107年直轄市議員選舉,首次申報,1071003,雜支支出,自在軒健康茶飲,47787661,0.00,177.00,餐飲費用,金錢,,,
68,唐儀靜,107年直轄市議員選舉,首次申報,1071004,雜支支出,全國加油站,10166198,0.00,1198.00,汽機車燃料費用,金錢,,,
69,唐儀靜,107年直轄市議員選舉,首次申報,1071004,雜支支出,北安加油站,86436502,0.00,1000.00,汽機車燃料費用,金錢,,,
70,唐儀靜,107年直轄市議員選舉,首次申報,1071007,雜支支出,北安加油站,86436502,0.00,1000.00,汽機車燃料費用,金錢,,,
71,唐儀靜,107年直轄市議員選舉,首次申報,1071009,雜支支出,勝益美食坊,37560102,0.00,1050.00,餐飲費用,金錢,臺南市安南區****,,
72,唐儀靜,107年直轄市議員選舉,首次申報,1071009,雜支支出,自在軒健康茶飲,47787661,0.00,180.00,餐飲費用,金錢,,,
73,唐儀靜,107年直轄市議員選舉,首次申報,1071011,雜支支出,小南香飲食店,17576078,0.00,360.00,餐飲費用,金錢,臺南市安南區****,,
74,唐儀靜,107年直轄市議員選舉,首次申報,1071011,雜支支出,安和路加油站,70613143,0.00,1000.00,汽機車燃料費用,金錢,,,
75,唐儀靜,107年直轄市議員選舉,首次申報,1071012,雜支支出,勝益美食坊,37560102,0.00,280.00,餐飲費用,金錢,臺南市安南區****,,
76,唐儀靜,107年直轄市議員選舉,首次申報,1071012,雜支支出,北安加油站,86436502,0.00,1201.00,汽機車燃料費用,金錢,,,
77,唐儀靜,107年直轄市議員選舉,首次申報,1071015,雜支支出,全國加油站,10166198,0.00,899.00,汽機車燃料費用,金錢,,,
78,唐儀靜,107年直轄市議員選舉,首次申報,1071015,雜支支出,中華電信,69109906,0.00,1291.00,電信費用,金錢,臺南市中西區****,,
79,唐儀靜,107年直轄市議員選舉,首次申報,1071015,雜支支出,北安加油站,86436502,0.00,1000.00,汽機車燃料費用,金錢,,,
80,唐儀靜,107年直轄市議員選舉,首次申報,1071015,人事費用支出,郭文傑,D12*******,0.00,12355.00,工資或薪津,金錢,臺南市中西區****,,
81,唐儀靜,107年直轄市議員選舉,首次申報,1071015,人事費用支出,杜美珍,D22*******,0.00,1350.00,工資或薪津,金錢,臺南市南區德****,,
82,唐儀靜,107年直轄市議員選舉,首次申報,1071015,人事費用支出,張美茵,R22*******,0.00,7525.00,工資或薪津,金錢,臺南市佳里區****,,
83,唐儀靜,107年直轄市議員選舉,首次申報,1071015,人事費用支出,曾立貴,R22*******,0.00,7595.00,工資或薪津,金錢,臺南市安南區****,,
84,唐儀靜,107年直轄市議員選舉,首次申報,1071015,人事費用支出,蘇雅如,S22*******,0.00,5060.00,工資或薪津,金錢,臺南市東區富****,,
85,唐儀靜,107年直轄市議員選舉,首次申報,1071016,雜支支出,勝益美食坊,37560102,0.00,320.00,餐飲費用,金錢,臺南市安南區****,,
86,唐儀靜,107年直轄市議員選舉,首次申報,1071017,雜支支出,全國加油站,21975983,0.00,1010.00,汽機車燃料費用,金錢,,,
87,唐儀靜,107年直轄市議員選舉,首次申報,1071018,雜支支出,北安加油站,86436502,0.00,1000.00,汽機車燃料費用,金錢,,,
88,唐儀靜,107年直轄市議員選舉,首次申報,1071018,宣傳支出,華宇廣告社,87869436,0.00,19600.00,郵寄競選物品或宣傳廣告支出,金錢,臺南市南區安****,,
89,唐儀靜,107年直轄市議員選舉,首次申報,1071019,返還支出,達華國際股份有限公司,28175944,0.00,50000.00,返還,金錢,臺北市信義路****,,
90,唐儀靜,107年直轄市議員選舉,首次申報,1071019,雜支支出,勝益美食坊,37560102,0.00,1120.00,餐飲費用,金錢,臺南市安南區****,,
91,唐儀靜,107年直轄市議員選舉,首次申報,1071019,雜支支出,自在軒健康茶飲,47787661,0.00,142.00,餐飲費用,金錢,,,
92,唐儀靜,107年直轄市議員選舉,首次申報,1071020,集會支出,連進企業社,10468481,0.00,12000.00,租用設備支出,金錢,臺南市安南區****,,
93,唐儀靜,107年直轄市議員選舉,首次申報,1071020,集會支出,夢幻氣球派對生活館,29400624,0.00,8000.00,租用設備支出,金錢,臺南市東區東****,,
94,唐儀靜,107年直轄市議員選舉,首次申報,1071022,雜支支出,千越加油站,09134000,0.00,2000.00,汽機車燃料費用,金錢,臺南市安南區****,,
95,唐儀靜,107年直轄市議員選舉,首次申報,1071022,返還支出,新華荷國際股份有限公司,59218270,0.00,50000.00,返還,金錢,高雄市前金區****,,
96,唐儀靜,107年直轄市議員選舉,首次申報,1071022,返還支出,帛江科技股份有限公司,89726890,0.00,200000.00,返還,金錢,臺南市安南區****,,
97,唐儀靜,107年直轄市議員選舉,首次申報,1071023,租用宣傳車輛支出,炫光一族燈系視覺改裝坊,37742764,0.00,3600.00,維修宣傳車輛支出,金錢,臺南市安定區****,,
98,唐儀靜,107年直轄市議員選舉,首次申報,1071023,雜支支出,自在軒健康茶飲,47787661,0.00,140.00,餐飲費用,金錢,,,
99,唐儀靜,107年直轄市議員選舉,首次申報,1071023,宣傳支出,華宇廣告社,87869436,0.00,3500.00,郵寄競選物品或宣傳廣告支出,金錢,臺南市南區南****,,
100,唐儀靜,107年直轄市議員選舉,首次申報,1071024,雜支支出,百興隆實業有限公司,27437809,0.00,500.00,餐飲費用,金錢,臺南市安南區****,,
101,唐儀靜,107年直轄市議員選舉,首次申報,1071024,雜支支出,榮華製帽行,68934008,0.00,480.00,雜項購置或修繕費用,金錢,臺南市北區忠****,,
102,唐儀靜,107年直轄市議員選舉,首次申報,1071024,雜支支出,成昱生活館有限公司,80450169,0.00,388.00,雜項購置或修繕費用,金錢,臺南市安南區****,,
103,唐儀靜,107年直轄市議員選舉,首次申報,1071024,雜支支出,北安加油站,86436502,0.00,900.00,汽機車燃料費用,金錢,,,
104,唐儀靜,107年直轄市議員選舉,首次申報,1071024,宣傳支出,冠泰實業社,90998309,0.00,54000.00,製作競選物品支出（關東旗）,金錢,臺南市關廟區****,,
105,唐儀靜,107年直轄市議員選舉,首次申報,1071024,雜支支出,競選總部,D22*******,0.00,50000.00,雜項購置或修繕費用,非金錢,臺南市安南區****,,
106,唐儀靜,107年直轄市議員選舉,首次申報,1071025,雜支支出,坤霖盒子輸出中心,21903573,0.00,600.00,雜項購置或修繕費用,金錢,臺南市永康區****,,
107,唐儀靜,107年直轄市議員選舉,首次申報,1071025,雜支支出,全聯福利中心,54394213,0.00,280.00,餐飲費用,金錢,,,
108,唐儀靜,107年直轄市議員選舉,首次申報,1071025,雜支支出,金山鎖店,69839729,0.00,600.00,雜項購置或修繕費用,金錢,臺南市中西區****,,
109,唐儀靜,107年直轄市議員選舉,首次申報,1071026,雜支支出,甲上加油站,16885765,0.00,1000.00,汽機車燃料費用,金錢,臺南市安南區****,,
110,唐儀靜,107年直轄市議員選舉,首次申報,1071026,宣傳支出,冠泰實業社,90998309,0.00,24000.00,製作競選物品支出（手搖旗）,金錢,臺南市關廟區****,,
111,唐儀靜,107年直轄市議員選舉,首次申報,1071027,雜支支出,久井企業股份有限公司,25882521,0.00,1000.00,汽機車燃料費用,金錢,臺南市安南區****,,
112,唐儀靜,107年直轄市議員選舉,首次申報,1071029,雜支支出,千越加油站,09134000,0.00,1000.00,汽機車燃料費用,金錢,,,
113,唐儀靜,107年直轄市議員選舉,首次申報,1071029,雜支支出,貫鳴行,88880389,0.00,175.00,雜項購置或修繕費用,金錢,臺南市安南區****,,
114,唐儀靜,107年直轄市議員選舉,首次申報,1071029,雜支支出,小北百貨,97268593,0.00,24.00,雜項購置或修繕費用,金錢,臺南市北區成****,,
115,唐儀靜,107年直轄市議員選舉,首次申報,1071030,雜支支出,自在軒健康茶飲,47787661,0.00,242.00,餐飲費用,金錢,,,
116,唐儀靜,107年直轄市議員選舉,首次申報,1071030,雜支支出,安和名記排骨,47827241,0.00,320.00,餐飲費用,金錢,臺南市安南區****,,
117,唐儀靜,107年直轄市議員選舉,首次申報,1071030,雜支支出,統一精工,99292991,0.00,957.00,汽機車燃料費用,金錢,臺南市安南區****,,
118,唐儀靜,107年直轄市議員選舉,首次申報,1071031,雜支支出,北安加油站,86436502,0.00,1000.00,汽機車燃料費用,金錢,,,
119,唐儀靜,107年直轄市議員選舉,首次申報,1071101,宣傳支出,耕辛企業行,26426993,0.00,28500.00,郵寄競選物品或宣傳廣告支出,金錢,臺南市永康區****,,
120,唐儀靜,107年直轄市議員選舉,首次申報,1071101,宣傳支出,冠泰實業社,90998309,0.00,42500.00,製作競選物品支出（關東旗）,金錢,臺南市關廟區****,,
121,唐儀靜,107年直轄市議員選舉,首次申報,1071101,人事費用支出,陳捷揚,A22*******,0.00,1680.00,工資或薪津,金錢,臺南市永康區****,,
122,唐儀靜,107年直轄市議員選舉,首次申報,1071101,人事費用支出,謝崇偉,D12*******,0.00,1260.00,工資或薪津,金錢,臺南市安南區****,,
123,唐儀靜,107年直轄市議員選舉,首次申報,1071101,人事費用支出,吳明憲,D12*******,0.00,2520.00,工資或薪津,金錢,臺南市安南區****,,
124,唐儀靜,107年直轄市議員選舉,首次申報,1071101,人事費用支出,郭文傑,D12*******,0.00,14245.00,工資或薪津,金錢,臺南市中西區****,,
125,唐儀靜,107年直轄市議員選舉,首次申報,1071101,人事費用支出,郭文傑,D12*******,0.00,12110.00,工資或薪津,金錢,臺南市中西區****,,
126,唐儀靜,107年直轄市議員選舉,首次申報,1071101,人事費用支出,杜美珍,D22*******,0.00,5850.00,工資或薪津,金錢,臺南市南區德****,,
127,唐儀靜,107年直轄市議員選舉,首次申報,1071101,人事費用支出,張美茵,R22*******,0.00,11605.00,工資或薪津,金錢,臺南市佳里區****,,
128,唐儀靜,107年直轄市議員選舉,首次申報,1071101,人事費用支出,曾立貴,R22*******,0.00,12845.00,工資或薪津,金錢,臺南市安南區****,,
129,唐儀靜,107年直轄市議員選舉,首次申報,1071101,人事費用支出,蘇雅如,S22*******,0.00,11350.00,工資或薪津,金錢,臺南市東區富****,,
130,唐儀靜,107年直轄市議員選舉,首次申報,1071102,雜支支出,遠大加油站,16369142,0.00,500.00,汽機車燃料費用,金錢,,,
131,唐儀靜,107年直轄市議員選舉,首次申報,1071102,雜支支出,毅豐加油站,16863734,0.00,1000.00,汽機車燃料費用,金錢,臺南市安南區****,,
132,唐儀靜,107年直轄市議員選舉,首次申報,1071103,雜支支出,勝益美食坊,37560102,0.00,300.00,餐飲費用,金錢,臺南市安南區****,,
133,唐儀靜,107年直轄市議員選舉,首次申報,1071103,雜支支出,玉峯鍋燒麵,40816212,0.00,455.00,餐飲費用,金錢,臺南市安南區****,,
134,唐儀靜,107年直轄市議員選舉,首次申報,1071103,雜支支出,自在軒健康茶飲,47787661,0.00,185.00,餐飲費用,金錢,,,
135,唐儀靜,107年直轄市議員選舉,首次申報,1071104,雜支支出,四九五金有限公司,45892907,0.00,160.00,雜項購置或修繕費用,金錢,臺南市安南區****,,
136,唐儀靜,107年直轄市議員選舉,首次申報,1071104,雜支支出,宏元銀紙店,69522124,0.00,400.00,雜項購置或修繕費用,金錢,臺南市安南區****,,
137,唐儀靜,107年直轄市議員選舉,首次申報,1071105,宣傳支出,加多廣告派報工作室,09095908,0.00,12000.00,郵寄競選物品或宣傳廣告支出,金錢,臺南市東區崇****,,
138,唐儀靜,107年直轄市議員選舉,首次申報,1071105,雜支支出,賀鶴餅果屋,10178856,0.00,250.00,餐飲費用,金錢,臺南市安南區****,,
139,唐儀靜,107年直轄市議員選舉,首次申報,1071105,雜支支出,毅豐加油站,16863734,0.00,1000.00,汽機車燃料費用,金錢,,,
140,唐儀靜,107年直轄市議員選舉,首次申報,1071105,雜支支出,勝益美食坊,37560102,0.00,630.00,餐飲費用,金錢,臺南市安南區****,,
141,唐儀靜,107年直轄市議員選舉,首次申報,1071105,雜支支出,九泰商行,37737045,0.00,199.00,雜項購置或修繕費用,金錢,臺南市北區武****,,
142,唐儀靜,107年直轄市議員選舉,首次申報,1071105,雜支支出,貫鳴行,88880389,0.00,525.00,雜項購置或修繕費用,金錢,臺南市安南區****,,
143,唐儀靜,107年直轄市議員選舉,首次申報,1071106,雜支支出,全國加油站,10166198,0.00,1005.00,汽機車燃料費用,金錢,,,
144,唐儀靜,107年直轄市議員選舉,首次申報,1071106,雜支支出,鼎勝健康美食,40714643,0.00,360.00,餐飲費用,金錢,臺南市仁德區****,,
145,唐儀靜,107年直轄市議員選舉,首次申報,1071107,雜支支出,茄南有限公司,16559641,0.00,140.00,餐飲費用,金錢,臺南市安南區****,,
146,唐儀靜,107年直轄市議員選舉,首次申報,1071107,雜支支出,勝益美食坊,37560102,0.00,280.00,餐飲費用,金錢,臺南市安南區****,,
147,唐儀靜,107年直轄市議員選舉,首次申報,1071107,雜支支出,北安加油站,86436502,0.00,1154.00,汽機車燃料費用,金錢,,,
148,唐儀靜,107年直轄市議員選舉,首次申報,1071108,雜支支出,全國加油站,10166198,0.00,1040.00,汽機車燃料費用,金錢,,,
149,唐儀靜,107年直轄市議員選舉,首次申報,1071108,雜支支出,全國加油站,10166198,0.00,1416.00,汽機車燃料費用,金錢,,,
150,唐儀靜,107年直轄市議員選舉,首次申報,1071108,雜支支出,輕鬆購五金百貨生活館,10879415,0.00,100.00,雜項購置或修繕費用,金錢,臺南市安南區****,,
151,唐儀靜,107年直轄市議員選舉,首次申報,1071108,雜支支出,北安加油站,86436502,0.00,1000.00,汽機車燃料費用,金錢,臺南市****,,
152,唐儀靜,107年直轄市議員選舉,首次申報,1071109,雜支支出,百興隆實業有限公司,27437809,0.00,2160.00,餐飲費用,金錢,臺南市安南區****,,
153,唐儀靜,107年直轄市議員選舉,首次申報,1071109,雜支支出,仟亦廣告社,37556536,0.00,22800.00,雜項購置或修繕費用,金錢,臺南市永康區****,,
154,唐儀靜,107年直轄市議員選舉,首次申報,1071109,雜支支出,鼎勝健康美食,40714643,0.00,240.00,餐飲費用,金錢,臺南市仁德區****,,
155,唐儀靜,107年直轄市議員選舉,首次申報,1071109,雜支支出,玉峯鍋燒麵,40816212,0.00,350.00,餐飲費用,金錢,臺南市安南區****,,
156,唐儀靜,107年直轄市議員選舉,首次申報,1071109,人事費用支出,張美茵,R22*******,0.00,5460.00,工資或薪津,金錢,臺南市佳里區****,,
157,唐儀靜,107年直轄市議員選舉,首次申報,1071110,雜支支出,百興隆實業有限公司,27437809,0.00,800.00,餐飲費用,金錢,臺南市安南區****,,
158,唐儀靜,107年直轄市議員選舉,首次申報,1071110,雜支支出,勝益美食坊,37560102,0.00,320.00,餐飲費用,金錢,臺南市安南區****,,
159,唐儀靜,107年直轄市議員選舉,首次申報,1071110,雜支支出,玉峯鍋燒麵,40816212,0.00,450.00,餐飲費用,金錢,臺南市安南區****,,
160,唐儀靜,107年直轄市議員選舉,首次申報,1071110,雜支支出,自在軒健康茶飲,47787661,0.00,610.00,餐飲費用,金錢,,,
161,唐儀靜,107年直轄市議員選舉,首次申報,1071110,雜支支出,北安加油站,86436502,0.00,967.00,汽機車燃料費用,金錢,,,
162,唐儀靜,107年直轄市議員選舉,首次申報,1071110,雜支支出,北安加油站,86436502,0.00,472.00,汽機車燃料費用,金錢,,,
163,唐儀靜,107年直轄市議員選舉,首次申報,1071112,雜支支出,今品味快餐,,0.00,655.00,餐飲費用,金錢,臺南市安南區****,,
164,唐儀靜,107年直轄市議員選舉,首次申報,1071112,雜支支出,北安加油站,86436502,0.00,920.00,汽機車燃料費用,金錢,,,
165,唐儀靜,107年直轄市議員選舉,首次申報,1071112,雜支支出,上雅文具有限公司,89212800,0.00,180.00,文具用品費用,金錢,臺南市安南區****,,
166,唐儀靜,107年直轄市議員選舉,首次申報,1071113,雜支支出,國藝企業社,09015010,0.00,2700.00,雜項購置或修繕費用,金錢,臺南市將軍區****,,
167,唐儀靜,107年直轄市議員選舉,首次申報,1071113,雜支支出,玉峯鍋燒麵,40816212,0.00,300.00,餐飲費用,金錢,臺南市安南區****,,
168,唐儀靜,107年直轄市議員選舉,首次申報,1071113,雜支支出,北安加油站,86436502,0.00,1000.00,汽機車燃料費用,金錢,,,
169,唐儀靜,107年直轄市議員選舉,首次申報,1071114,雜支支出,鼎勝健康美食,40714643,0.00,900.00,餐飲費用,金錢,臺南市仁德區****,,
170,唐儀靜,107年直轄市議員選舉,首次申報,1071114,雜支支出,北安加油站,86436502,0.00,1343.00,汽機車燃料費用,金錢,,,
171,唐儀靜,107年直轄市議員選舉,首次申報,1071115,雜支支出,全國加油站,10166198,0.00,822.00,汽機車燃料費用,金錢,,,
172,唐儀靜,107年直轄市議員選舉,首次申報,1071115,雜支支出,玉峯鍋燒麵,40816212,0.00,490.00,餐飲費用,金錢,臺南市安南區****,,
173,唐儀靜,107年直轄市議員選舉,首次申報,1071115,雜支支出,加佳超市,73867660,0.00,140.00,雜項購置或修繕費用,金錢,臺南市安南區****,,
174,唐儀靜,107年直轄市議員選舉,首次申報,1071115,人事費用支出,陳捷揚,A22*******,0.00,7340.00,工資或薪津,金錢,臺南市永康區****,,
175,唐儀靜,107年直轄市議員選舉,首次申報,1071115,人事費用支出,謝崇偉,D12*******,0.00,7350.00,工資或薪津,金錢,臺南市安南區****,,
176,唐儀靜,107年直轄市議員選舉,首次申報,1071115,人事費用支出,吳明憲,D12*******,0.00,5880.00,工資或薪津,金錢,臺南市安南區****,,
177,唐儀靜,107年直轄市議員選舉,首次申報,1071115,人事費用支出,杜美珍,D22*******,0.00,5850.00,工資或薪津,金錢,臺南市南區德****,,
178,唐儀靜,107年直轄市議員選舉,首次申報,1071115,人事費用支出,曾立貴,R22*******,0.00,12220.00,工資或薪津,金錢,臺南市安南區****,,
179,唐儀靜,107年直轄市議員選舉,首次申報,1071115,人事費用支出,蘇雅如,S22*******,0.00,8850.00,工資或薪津,金錢,臺南市東區富****,,
180,唐儀靜,107年直轄市議員選舉,首次申報,1071116,雜支支出,千越加油站,09134000,0.00,1000.00,汽機車燃料費用,金錢,,,
181,唐儀靜,107年直轄市議員選舉,首次申報,1071116,宣傳支出,天音廣告有限公司,25006121,0.00,7476.00,租用廣告看板或車體廣告支出,金錢,臺南市官田區****,,
182,唐儀靜,107年直轄市議員選舉,首次申報,1071116,雜支支出,妙香香舖,36778503,0.00,200.00,雜項購置或修繕費用,金錢,臺南市安南區****,,
183,唐儀靜,107年直轄市議員選舉,首次申報,1071116,雜支支出,勝益美食坊,37560102,0.00,600.00,餐飲費用,金錢,臺南市安南區****,,
184,唐儀靜,107年直轄市議員選舉,首次申報,1071116,雜支支出,北安加油站,86436502,0.00,927.00,汽機車燃料費用,金錢,臺南市****,,
185,唐儀靜,107年直轄市議員選舉,首次申報,1071117,雜支支出,輕鬆購五金百貨生活館,10879415,0.00,150.00,雜項購置或修繕費用,金錢,臺南市安南區****,,
186,唐儀靜,107年直轄市議員選舉,首次申報,1071117,雜支支出,小南香飲食店,17576078,0.00,180.00,餐飲費用,金錢,臺南市安南區****,,
187,唐儀靜,107年直轄市議員選舉,首次申報,1071117,雜支支出,鼎勝健康美食,40714643,0.00,940.00,餐飲費用,金錢,臺南市仁德區****,,
188,唐儀靜,107年直轄市議員選舉,首次申報,1071117,雜支支出,米里,40905278,0.00,210.00,餐飲費用,金錢,,,
189,唐儀靜,107年直轄市議員選舉,首次申報,1071117,雜支支出,自在軒健康茶飲,47787661,0.00,240.00,餐飲費用,金錢,,,
190,唐儀靜,107年直轄市議員選舉,首次申報,1071118,雜支支出,玉峯鍋燒麵,40816212,0.00,600.00,餐飲費用,金錢,臺南市安南區****,,
191,唐儀靜,107年直轄市議員選舉,首次申報,1071118,雜支支出,安和名記排骨,47827241,0.00,800.00,餐飲費用,金錢,臺南市安南區****,,
192,唐儀靜,107年直轄市議員選舉,首次申報,1071118,雜支支出,北安加油站,86436502,0.00,1757.00,汽機車燃料費用,金錢,,,
193,唐儀靜,107年直轄市議員選舉,首次申報,1071119,雜支支出,鼎勝健康美食,40714643,0.00,350.00,餐飲費用,金錢,臺南市仁德區****,,
194,唐儀靜,107年直轄市議員選舉,首次申報,1071119,雜支支出,統一精工,99292991,0.00,868.00,汽機車燃料費用,金錢,,,
195,唐儀靜,107年直轄市議員選舉,首次申報,1071120,雜支支出,嘉義火雞肉飯,14788964,0.00,770.00,餐飲費用,金錢,臺南市安南區****,,
196,唐儀靜,107年直轄市議員選舉,首次申報,1071120,雜支支出,悅品商行,40883176,0.00,903.00,餐飲費用,金錢,臺南市安南區****,,
197,唐儀靜,107年直轄市議員選舉,首次申報,1071121,雜支支出,上雅文具有限公司,89212800,0.00,160.00,文具用品費用,金錢,,,
198,唐儀靜,107年直轄市議員選舉,首次申報,1071121,雜支支出,統一精工,99292991,0.00,891.00,汽機車燃料費用,金錢,,,
199,唐儀靜,107年直轄市議員選舉,首次申報,1071121,雜支支出,統一精工,99292991,0.00,1000.00,汽機車燃料費用,金錢,,,
200,唐儀靜,107年直轄市議員選舉,首次申報,1071122,雜支支出,長春健康素食餐飲連鎖,37562621,0.00,282.00,餐飲費用,金錢,,,
201,唐儀靜,107年直轄市議員選舉,首次申報,1071122,雜支支出,鼎勝健康美食,40714643,0.00,1260.00,餐飲費用,金錢,臺南市仁德區****,,
202,唐儀靜,107年直轄市議員選舉,首次申報,1071123,雜支支出,今品味快餐,,0.00,1050.00,餐飲費用,金錢,臺南市安南區****,,
203,唐儀靜,107年直轄市議員選舉,首次申報,1071123,集會支出,蝶衣花藝,08479440,0.00,15000.00,租用設備支出,金錢,臺南市東區中****,,
204,唐儀靜,107年直轄市議員選舉,首次申報,1071123,宣傳支出,加多廣告派報工作室,09095908,0.00,24000.00,郵寄競選物品或宣傳廣告支出,金錢,臺南市東區崇****,,
205,唐儀靜,107年直轄市議員選舉,首次申報,1071123,雜支支出,輕鬆購五金百貨生活館,10879415,0.00,120.00,雜項購置或修繕費用,金錢,臺南市安南區****,,
206,唐儀靜,107年直轄市議員選舉,首次申報,1071123,雜支支出,長春健康素食餐飲連鎖,37562621,0.00,380.00,餐飲費用,金錢,,,
207,唐儀靜,107年直轄市議員選舉,首次申報,1071123,雜支支出,北安加油站,86436502,0.00,2093.00,汽機車燃料費用,金錢,,,
208,唐儀靜,107年直轄市議員選舉,首次申報,1071123,集會支出,漢揚燈光音響企業社,99541577,0.00,16000.00,租用設備支出,金錢,臺南市中和街****,,
209,唐儀靜,107年直轄市議員選舉,首次申報,1071124,雜支支出,自在軒健康茶飲,47787661,0.00,222.00,餐飲費用,金錢,,,
210,唐儀靜,107年直轄市議員選舉,首次申報,1071126,人事費用支出,陳捷揚,A22*******,0.00,7595.00,工資或薪津,金錢,臺南市永康區****,,
211,唐儀靜,107年直轄市議員選舉,首次申報,1071126,人事費用支出,謝崇偉,D12*******,0.00,8670.00,工資或薪津,金錢,臺南市安南區****,,
212,唐儀靜,107年直轄市議員選舉,首次申報,1071126,人事費用支出,吳明憲,D12*******,0.00,3780.00,工資或薪津,金錢,臺南市安南區****,,
213,唐儀靜,107年直轄市議員選舉,首次申報,1071126,人事費用支出,郭文傑,D12*******,0.00,12110.00,工資或薪津,金錢,臺南市中西區****,,
214,唐儀靜,107年直轄市議員選舉,首次申報,1071126,人事費用支出,杜美珍,D22*******,0.00,11412.00,工資或薪津,金錢,臺南市南區德****,,
215,唐儀靜,107年直轄市議員選舉,首次申報,1071126,人事費用支出,曾立貴,R22*******,0.00,12715.00,工資或薪津,金錢,臺南市安南區****,,
216,唐儀靜,107年直轄市議員選舉,首次申報,1071126,人事費用支出,蘇雅如,S22*******,0.00,8050.00,工資或薪津,金錢,臺南市東區富****,,
217,唐儀靜,107年直轄市議員選舉,首次申報,1071206,宣傳支出,蝴蝶蘭文創有限公司,53525666,0.00,400000.00,委託辦理研究、評估、調查、設計或規劃支出,金錢,新北市汐止區****,,
218,唐儀靜,107年直轄市議員選舉,首次申報,1071211,宣傳支出,中華電信,69109906,0.00,43746.00,發送電信簡訊支出,金錢,臺南市北區西****,,
