﻿序號,擬參選人／政黨,選舉名稱,申報序號／年度,交易日期,收支科目,捐贈者／支出對象,身分證／統一編號,收入金額,支出金額,支出用途,金錢類,地址,聯絡電話,資料更正日期
1,凌子楚,109年立法委員選舉,首次申報,1081114,個人捐贈收入,郭進昆,Q12*******,6000.00,0.00,,金錢,,,
2,凌子楚,109年立法委員選舉,首次申報,1081118,個人捐贈收入,洪采妤,F22*******,2000.00,0.00,,金錢,,,
3,凌子楚,109年立法委員選舉,首次申報,1081125,個人捐贈收入,郭歡慶,Q12*******,20000.00,0.00,,金錢,,,
4,凌子楚,109年立法委員選舉,首次申報,1081129,個人捐贈收入,蔡依玲,P22*******,2000.00,0.00,,金錢,,,
5,凌子楚,109年立法委員選舉,首次申報,1081201,個人捐贈收入,林永欽,P12*******,20000.00,0.00,,金錢,,,
6,凌子楚,109年立法委員選舉,首次申報,1081202,個人捐贈收入,蔡毅卿,Q22*******,10000.00,0.00,,金錢,,,
7,凌子楚,109年立法委員選舉,首次申報,1081203,個人捐贈收入,釋毓定,A22*******,5000.00,0.00,,金錢,,,
8,凌子楚,109年立法委員選舉,首次申報,1081203,個人捐贈收入,羅敏淨,Q22*******,1000.00,0.00,,金錢,,,
9,凌子楚,109年立法委員選舉,首次申報,1081204,營利事業捐贈收入,超旺工程行,47820599,3000.00,0.00,,金錢,,,
10,凌子楚,109年立法委員選舉,首次申報,1081204,營利事業捐贈收入,長業營造有限公司,96995981,50000.00,0.00,,金錢,嘉義市西區西****,,
11,凌子楚,109年立法委員選舉,首次申報,1081204,個人捐贈收入,陳冠璋,K12*******,20000.00,0.00,,金錢,,,
12,凌子楚,109年立法委員選舉,首次申報,1081204,個人捐贈收入,胡招來,Q12*******,100000.00,0.00,,金錢,嘉義縣竹崎鄉****,,
13,凌子楚,109年立法委員選舉,首次申報,1081206,個人捐贈收入,范真琴,A20*******,20000.00,0.00,,金錢,,,
14,凌子楚,109年立法委員選舉,首次申報,1081209,個人捐贈收入,郭進昆,Q12*******,6000.00,0.00,,金錢,,,
15,凌子楚,109年立法委員選舉,首次申報,1081216,個人捐贈收入,劉偉民,P12*******,10000.00,0.00,,金錢,嘉義縣新港鄉****,,
16,凌子楚,109年立法委員選舉,首次申報,1081217,個人捐贈收入,釋毓定,A22*******,3000.00,0.00,,金錢,臺南市麻豆區****,,
17,凌子楚,109年立法委員選舉,首次申報,1081217,個人捐贈收入,鄭榮文,Q12*******,10000.00,0.00,,金錢,嘉義縣新港鄉****,,
18,凌子楚,109年立法委員選舉,首次申報,1081218,個人捐贈收入,尹凱智,D12*******,5000.00,0.00,,金錢,新北市新店區****,,
19,凌子楚,109年立法委員選舉,首次申報,1081221,其他收入,利息收入,,10.00,0.00,,金錢,,,
20,凌子楚,109年立法委員選舉,首次申報,1081224,個人捐贈收入,莊財子,Q12*******,5000.00,0.00,,金錢,,,
21,凌子楚,109年立法委員選舉,首次申報,1081224,個人捐贈收入,蔡泓毅,Q12*******,6000.00,0.00,,金錢,,,
22,凌子楚,109年立法委員選舉,首次申報,1081225,個人捐贈收入,朱連芝,Q20*******,2000.00,0.00,,金錢,嘉義市東區興****,,
23,凌子楚,109年立法委員選舉,首次申報,1081227,個人捐贈收入,李茂枝,P12*******,30000.00,0.00,,金錢,嘉義市通化三****,,
24,凌子楚,109年立法委員選舉,首次申報,1081231,個人捐贈收入,林德金,Q12*******,2000.00,0.00,,金錢,花蓮縣吉安鄉****,,
25,凌子楚,109年立法委員選舉,首次申報,1090101,個人捐贈收入,釋毓定,A22*******,3000.00,0.00,,金錢,台南市麻豆區****,,
26,凌子楚,109年立法委員選舉,首次申報,1090108,個人捐贈收入,黃月娥,Q22*******,20000.00,0.00,,金錢,嘉義市中山路****,,
27,凌子楚,109年立法委員選舉,首次申報,1090109,營利事業捐贈收入,聰明宅有限公司,55917408,50000.00,0.00,,金錢,嘉義市中正路****,,
28,凌子楚,109年立法委員選舉,首次申報,1090109,個人捐贈收入,余國信,P12*******,3000.00,0.00,,金錢,嘉義市長榮街****,,
