﻿序號,擬參選人／政黨,選舉名稱,申報序號／年度,交易日期,收支科目,捐贈者／支出對象,身分證／統一編號,收入金額,支出金額,捐贈方式,存入專戶日期,返還/繳庫,支出用途,金錢類,地址,聯絡電話,應揭露之支出對象,支出對象之內部人員姓名,支出對象之內部人員職稱,政黨之內部人員姓名,政黨之內部人員職稱,關係,更正註記,資料更正日期
1,陳主明,111年嘉義縣議員選舉,首次申報,1110725,個人捐贈收入,詹登凱,Q12*******,100000.00,0.00,匯款,1110725,,,金錢,嘉義縣水上鄉****,,,,,,,,,
2,陳主明,111年嘉義縣議員選舉,首次申報,1110802,個人捐贈收入,葉振昌,Q12*******,3000.00,0.00,匯款,1110802,,,金錢,嘉義縣太保市****,0932*****,,,,,,,,
3,陳主明,111年嘉義縣議員選舉,首次申報,1111005,營利事業捐贈收入,阜岡開發建設股份有限公司,83158168,100000.00,0.00,票據,1111011,已返還,,金錢,彰化縣彰化市****,,,,,,,,,
4,陳主明,111年嘉義縣議員選舉,首次申報,1111007,營利事業捐贈收入,玖叡營造工程股份有限公司,54108339,100000.00,0.00,票據,1111007,已返還,,金錢,嘉義縣太保市****,,,,,,,,,
5,陳主明,111年嘉義縣議員選舉,首次申報,1111011,個人捐贈收入,周亭君,R22*******,100000.00,0.00,現金,1111011,,,金錢,新北市板橋區****,,,,,,,,,
6,陳主明,111年嘉義縣議員選舉,首次申報,1111021,營利事業捐贈收入,坤華建設股份有限公司,24738009,45000.00,0.00,現金,1111021,,,金錢,嘉義縣太保市****,,,,,,,,,
7,陳主明,111年嘉義縣議員選舉,首次申報,1111028,個人捐贈收入,蘇文彬,,20000.00,0.00,現金,1111102,,,金錢,嘉義縣太保市****,,,,,,,,,
8,陳主明,111年嘉義縣議員選舉,首次申報,1111028,個人捐贈收入,張宏全,,20000.00,0.00,現金,1111102,,,金錢,嘉義縣水上鄉****,,,,,,,,,
9,陳主明,111年嘉義縣議員選舉,首次申報,1111028,個人捐贈收入,蕭荏佑,,20000.00,0.00,現金,1111102,,,金錢,嘉義縣民雄鄉****,,,,,,,,,
10,陳主明,111年嘉義縣議員選舉,首次申報,1111028,個人捐贈收入,許仕達,,20000.00,0.00,現金,1111102,,,金錢,嘉義縣太保市****,,,,,,,,,
11,陳主明,111年嘉義縣議員選舉,首次申報,1111028,個人捐贈收入,林國川,,20000.00,0.00,現金,1111102,,,金錢,嘉義縣太保市****,,,,,,,,,
12,陳主明,111年嘉義縣議員選舉,首次申報,1111028,個人捐贈收入,陳清輝,,20000.00,0.00,現金,1111102,,,金錢,嘉義縣中埔鄉****,,,,,,,,,
13,陳主明,111年嘉義縣議員選舉,首次申報,1111028,個人捐贈收入,薛姿歆,,20000.00,0.00,現金,1111102,,,金錢,嘉義市西區興****,,,,,,,,,
14,陳主明,111年嘉義縣議員選舉,首次申報,1111028,個人捐贈收入,戴睿廷,,20000.00,0.00,現金,1111102,,,金錢,嘉義縣太保市****,,,,,,,,,
15,陳主明,111年嘉義縣議員選舉,首次申報,1111028,個人捐贈收入,侯其利,,20000.00,0.00,現金,1111102,,,金錢,嘉義縣太保市****,,,,,,,,,
16,陳主明,111年嘉義縣議員選舉,首次申報,1111028,個人捐贈收入,許仕賢,,20000.00,0.00,現金,1111102,,,金錢,嘉義縣太保市****,,,,,,,,,
17,陳主明,111年嘉義縣議員選舉,首次申報,1111103,營利事業捐贈收入,九亨國際股份有限公司,27848388,75000.00,0.00,匯款,1111103,,,金錢,新北市中和區****,,,,,,,,,
18,陳主明,111年嘉義縣議員選舉,首次申報,1111110,營利事業捐贈收入,宜佳營造工程股份有限公司,28545138,100000.00,0.00,匯款,1111110,已返還,,金錢,新北市鶯歌區****,,,,,,,,,
19,陳主明,111年嘉義縣議員選舉,首次申報,1111111,營利事業捐贈收入,富鴻數位有限公司,55958337,50000.00,0.00,匯款,1111111,,,金錢,雲林縣斗六市****,,,,,,,,,
20,陳主明,111年嘉義縣議員選舉,首次申報,1111125,個人捐贈收入,梁國懋,J12*******,100000.00,0.00,匯款,1111125,,,金錢,新竹市北區北****,,,,,,,,,
21,陳主明,111年嘉義縣議員選舉,首次申報,1111221,其他收入,利息收入,,78.00,0.00,匯款,1111221,,,金錢,,,,,,,,,,
