﻿序號,擬參選人／政黨,選舉名稱,申報序號／年度,交易日期,收支科目,捐贈者／支出對象,身分證／統一編號,收入金額,支出金額,捐贈方式,存入專戶日期,返還/繳庫,支出用途,金錢類,地址,聯絡電話,應揭露之支出對象,支出對象之內部人員姓名,支出對象之內部人員職稱,政黨之內部人員姓名,政黨之內部人員職稱,關係,更正註記,資料更正日期
1,李文傑,111年臺中市議員選舉,首次申報,1110624,宣傳支出,隆亮企業社,20326700,0.00,270257.00,,,,製作競選物品或宣傳廣告費用（物品名稱-洗碗精）,金錢,臺中市大安區****,04-2*****,否,,,,,,,
2,李文傑,111年臺中市議員選舉,首次申報,1110721,雜支支出,伯國服裝有限公司,16919998,0.00,25020.00,,,,雜項購置或修繕費用,金錢,臺中市沙鹿區****,04-2*****,否,,,,,,,
3,李文傑,111年臺中市議員選舉,首次申報,1110731,宣傳支出,新良友工藝贈品社,25374201,0.00,36000.00,,,,製作競選物品或宣傳廣告費用（物品名稱-廣告筆）,金錢,臺中市大甲區****,04-2*****,否,,,,,,,
4,李文傑,111年臺中市議員選舉,首次申報,1110803,宣傳支出,潤嘉實業有限公司,27807773,0.00,52500.00,,,,製作競選物品或宣傳廣告費用（物品名稱-日本扇）,金錢,新北市中和區****,02-2*****,否,,,,,,,
5,李文傑,111年臺中市議員選舉,首次申報,1110808,宣傳支出,台灣摩菲爾國際股份有限公司,24312453,0.00,11130.00,,,,租用廣告看板或車體廣告費用,金錢,臺北市中正區****,04-2*****,否,,,,,,,
6,李文傑,111年臺中市議員選舉,首次申報,1110810,宣傳支出,中華郵政股份有限公司,,0.00,2800.00,,,,郵寄競選物品或宣傳廣告費用,金錢,臺中市大甲區****,04-2*****,否,,,,,,,
7,李文傑,111年臺中市議員選舉,首次申報,1110810,宣傳支出,金山鷹架租賃工程行,45340406,0.00,70000.00,,,,其他與選舉宣傳有關之費用,金錢,臺中市外埔區****,0911*****,否,,,,,,,
8,李文傑,111年臺中市議員選舉,首次申報,1110810,雜支支出,太一堂印舖,56717596,0.00,324.00,,,,雜項購置或修繕費用,金錢,臺中市大甲區****,04-2*****,否,,,,,,,
9,李文傑,111年臺中市議員選舉,首次申報,1110816,宣傳支出,新良友工藝贈品社,25374201,0.00,7600.00,,,,製作競選物品或宣傳廣告費用（物品名稱-廣告筆）,金錢,臺中市大甲區****,04-2*****,否,,,,,,,
10,李文傑,111年臺中市議員選舉,首次申報,1110830,雜支支出,志軒小吃部,25238282,0.00,5250.00,,,,餐飲費用,金錢,臺中市大甲區****,04-2*****,否,,,,,,,
11,李文傑,111年臺中市議員選舉,首次申報,1110905,雜支支出,永利豐有限公司,28496426,0.00,16210.00,,,,餐飲費用,金錢,臺中市大甲區****,04-2*****,否,,,,,,,
12,李文傑,111年臺中市議員選舉,首次申報,1110907,雜支支出,志軒小吃部,25238282,0.00,7500.00,,,,餐飲費用,金錢,臺中市大甲區****,04-2*****,否,,,,,,,
13,李文傑,111年臺中市議員選舉,首次申報,1110921,宣傳支出,新良友工藝贈品社,25374201,0.00,10720.00,,,,製作競選物品或宣傳廣告費用（物品名稱-戰旗）,金錢,臺中市大甲區****,04-2*****,否,,,,,,,
14,李文傑,111年臺中市議員選舉,首次申報,1110927,宣傳支出,金山鷹架租賃工程行,45340406,0.00,25000.00,,,,租用廣告看板或車體廣告費用,金錢,臺中市外埔區****,0911*****,否,,,,,,,
15,李文傑,111年臺中市議員選舉,首次申報,1110928,宣傳支出,華陽工程行,25215865,0.00,111300.00,,,,其他與選舉宣傳有關之費用,金錢,苗栗縣苑裡鎮****,0935*****,否,,,,,,,
16,李文傑,111年臺中市議員選舉,首次申報,1110930,人事費用支出,楊家偉,F12*******,0.00,1000.00,,,,工資或薪津,金錢,臺中市大安區****,0985*****,否,,,,,,,
17,李文傑,111年臺中市議員選舉,首次申報,1110930,人事費用支出,林韋伶,L22*******,0.00,800.00,,,,工資或薪津,金錢,臺中市大甲區****,0988*****,否,,,,,,,
18,李文傑,111年臺中市議員選舉,首次申報,1111003,宣傳支出,中華郵政股份有限公司,,0.00,4093.00,,,,郵寄競選物品或宣傳廣告費用,金錢,臺中市大甲區****,04-2*****,否,,,,,,,
19,李文傑,111年臺中市議員選舉,首次申報,1111003,雜支支出,志軒小吃部,25238282,0.00,9000.00,,,,餐飲費用,金錢,臺中市大甲區****,04-2*****,否,,,,,,,
20,李文傑,111年臺中市議員選舉,首次申報,1111006,宣傳支出,中華郵政股份有限公司,,0.00,90.00,,,,郵寄競選物品或宣傳廣告費用,金錢,臺中市大甲區****,04-2*****,否,,,,,,,
21,李文傑,111年臺中市議員選舉,首次申報,1111006,集會支出,一佳二五金百貨行,10987104,0.00,21000.00,,,,其他與集會有關之費用,金錢,臺中市后里區****,04-2*****,否,,,,,,,
22,李文傑,111年臺中市議員選舉,首次申報,1111007,集會支出,臺中巿政府環境保護局,,0.00,2400.00,,,,租用設備費用,金錢,臺中市西屯區****,,否,,,,,,,
23,李文傑,111年臺中市議員選舉,首次申報,1111007,集會支出,旺旺友聯產物保險股份有限公司新竹分公司,70825060,0.00,12850.00,,,,其他與集會有關之費用,金錢,新竹市東區東****,03-5*****,否,,,,,,,
24,李文傑,111年臺中市議員選舉,首次申報,1111008,集會支出,新良友工藝贈品社,25374201,0.00,3250.00,,,,其他與集會有關之費用,金錢,臺中市大甲區****,04-2*****,否,,,,,,,
25,李文傑,111年臺中市議員選舉,首次申報,1111008,集會支出,廣濟文具廣場,90931700,0.00,5720.00,,,,其他與集會有關之費用,金錢,臺中市清水區****,04-2*****,否,,,,,,,
26,李文傑,111年臺中市議員選舉,首次申報,1111009,集會支出,東正環保有限公司,82820420,0.00,7350.00,,,,租用設備費用,金錢,彰化縣彰化市****,04-2*****,否,,,,,,,
27,李文傑,111年臺中市議員選舉,首次申報,1111009,雜支支出,珍冠棧,87210432,0.00,6000.00,,,,餐飲費用,金錢,臺中市外埔區****,0938*****,否,,,,,,,
28,李文傑,111年臺中市議員選舉,首次申報,1111010,集會支出,天王星音響有限公司,25176217,0.00,82500.00,,,,租用設備費用,金錢,臺中市大甲區****,0933*****,否,,,,,,,
29,李文傑,111年臺中市議員選舉,首次申報,1111010,集會支出,久勝活動鐵架帆布行,26808795,0.00,36800.00,,,,租用設備費用,金錢,臺中市外埔區****,04-2*****,否,,,,,,,
30,李文傑,111年臺中市議員選舉,首次申報,1111010,集會支出,安順桌椅碗盤出租行,45742210,0.00,16000.00,,,,租用設備費用,金錢,臺中市清水區****,04-2*****,否,,,,,,,
31,李文傑,111年臺中市議員選舉,首次申報,1111010,交通旅運支出,親進交通股份有限公司,81052013,0.00,25000.00,,,,其他與交通旅運有關之費用,金錢,臺中市大甲區****,04-2*****,否,,,,,,,
32,李文傑,111年臺中市議員選舉,首次申報,1111014,雜支支出,正兄弟鴨肉麵線,45748489,0.00,6560.00,,,,餐飲費用,金錢,臺中市大甲區****,0956*****,否,,,,,,,
33,李文傑,111年臺中市議員選舉,首次申報,1111015,租用宣傳車輛支出,嘉盛汽車電機行,76647731,0.00,4600.00,,,,維修宣傳車輛費用,金錢,臺中市大甲區****,04-2*****,否,,,,,,,
34,李文傑,111年臺中市議員選舉,首次申報,1111016,集會支出,三福美食館,26992862,0.00,4950.00,,,,餐飲費用,金錢,臺中市外埔區****,04-2*****,否,,,,,,,
35,李文傑,111年臺中市議員選舉,首次申報,1111016,雜支支出,政宏美食館,45463407,0.00,3300.00,,,,餐飲費用,金錢,臺中市大甲區****,04-2*****,否,,,,,,,
36,李文傑,111年臺中市議員選舉,首次申報,1111017,集會支出,三福美食館,26992862,0.00,4950.00,,,,餐飲費用,金錢,臺中市外埔區****,04-2*****,否,,,,,,,
37,李文傑,111年臺中市議員選舉,首次申報,1111017,雜支支出,政宏美食館,45463407,0.00,7000.00,,,,餐飲費用,金錢,臺中市大甲區****,04-2*****,否,,,,,,,
38,李文傑,111年臺中市議員選舉,首次申報,1111017,宣傳支出,立昌工程行,87275981,0.00,81000.00,,,,其他與選舉宣傳有關之費用,金錢,臺中市外埔區****,0931*****,否,,,,,,,
39,李文傑,111年臺中市議員選舉,首次申報,1111017,人事費用支出,李宛倫,L22*******,0.00,1000.00,,,,工資或薪津,金錢,臺中市大甲區****,0955*****,否,,,,,,,
40,李文傑,111年臺中市議員選舉,首次申報,1111017,人事費用支出,黃芷誼,L22*******,0.00,800.00,,,,工資或薪津,金錢,臺中市大甲區****,0915*****,否,,,,,,,
41,李文傑,111年臺中市議員選舉,首次申報,1111018,集會支出,久勝活動鐵架帆布行,26808795,0.00,5200.00,,,,租用設備費用,金錢,臺中市外埔區****,04-2*****,否,,,,,,,
42,李文傑,111年臺中市議員選舉,首次申報,1111018,集會支出,三福美食館,26992862,0.00,4500.00,,,,餐飲費用,金錢,臺中市外埔區****,04-2*****,否,,,,,,,
43,李文傑,111年臺中市議員選舉,首次申報,1111018,雜支支出,三福美食館,26992862,0.00,5000.00,,,,餐飲費用,金錢,臺中市外埔區****,04-2*****,否,,,,,,,
44,李文傑,111年臺中市議員選舉,首次申報,1111018,雜支支出,政宏美食館,45463407,0.00,7000.00,,,,餐飲費用,金錢,臺中市大甲區****,04-2*****,否,,,,,,,
45,李文傑,111年臺中市議員選舉,首次申報,1111018,租用宣傳車輛支出,羅木火,L10*******,0.00,6000.00,,,,雇用宣傳車輛駕駛費用,金錢,臺中市外埔區****,0937*****,否,,,,,,,
46,李文傑,111年臺中市議員選舉,首次申報,1111018,租用宣傳車輛支出,鄭石旨,L12*******,0.00,6000.00,,,,雇用宣傳車輛駕駛費用,金錢,臺中市外埔區****,0921*****,否,,,,,,,
47,李文傑,111年臺中市議員選舉,首次申報,1111018,租用宣傳車輛支出,張泳福,L12*******,0.00,15500.00,,,,雇用宣傳車輛駕駛費用,金錢,臺中市大甲區****,1966*****,否,,,,,,,
48,李文傑,111年臺中市議員選舉,首次申報,1111018,租用宣傳車輛支出,許鴻銘,Q12*******,0.00,6000.00,,,,雇用宣傳車輛駕駛費用,金錢,臺中市大安區****,0916*****,否,,,,,,,
49,李文傑,111年臺中市議員選舉,首次申報,1111018,租用宣傳車輛支出,陳奕滕,R12*******,0.00,4000.00,,,,雇用宣傳車輛駕駛費用,金錢,臺南市麻豆區****,0925*****,否,,,,,,,
50,李文傑,111年臺中市議員選舉,首次申報,1111019,集會支出,伯國服裝有限公司,16919998,0.00,144000.00,,,,其他與集會有關之費用,金錢,臺中市沙鹿區****,04-2*****,否,,,,,,,
51,李文傑,111年臺中市議員選舉,首次申報,1111019,集會支出,伯國服裝有限公司,16919998,0.00,6000.00,,,,其他與集會有關之費用,金錢,臺中市沙鹿區****,04-2*****,否,,,,,,,
52,李文傑,111年臺中市議員選舉,首次申報,1111019,集會支出,伯國服裝有限公司,16919998,0.00,420.00,,,,其他與集會有關之費用,金錢,臺中市沙鹿區****,04-2*****,否,,,,,,,
53,李文傑,111年臺中市議員選舉,首次申報,1111019,雜支支出,三福美食館,26992862,0.00,5000.00,,,,餐飲費用,金錢,臺中市外埔區****,04-2*****,否,,,,,,,
54,李文傑,111年臺中市議員選舉,首次申報,1111019,雜支支出,政宏美食館,45463407,0.00,7000.00,,,,餐飲費用,金錢,臺中市大甲區****,04-2*****,否,,,,,,,
55,李文傑,111年臺中市議員選舉,首次申報,1111019,租用宣傳車輛支出,永昌廣告社,77094949,0.00,3000.00,,,,其他與租用宣傳車輛有關之費用,金錢,彰化縣彰化市****,04-7*****,否,,,,,,,
56,李文傑,111年臺中市議員選舉,首次申報,1111019,人事費用支出,黃祥安,L12*******,0.00,2800.00,,,,工資或薪津,金錢,臺中市外埔區****,0963*****,否,,,,,,,
57,李文傑,111年臺中市議員選舉,首次申報,1111019,人事費用支出,周淑伃,N22*******,0.00,2300.00,,,,工資或薪津,金錢,臺中市外埔區****,0919*****,否,,,,,,,
58,李文傑,111年臺中市議員選舉,首次申報,1111020,集會支出,三福美食館,26992862,0.00,4800.00,,,,餐飲費用,金錢,臺中市外埔區****,04-2*****,否,,,,,,,
59,李文傑,111年臺中市議員選舉,首次申報,1111020,雜支支出,政宏美食館,45463407,0.00,7000.00,,,,餐飲費用,金錢,臺中市大甲區****,04-2*****,否,,,,,,,
60,李文傑,111年臺中市議員選舉,首次申報,1111021,雜支支出,三福美食館,26992862,0.00,5000.00,,,,餐飲費用,金錢,臺中市外埔區****,04-2*****,否,,,,,,,
61,李文傑,111年臺中市議員選舉,首次申報,1111022,雜支支出,三福美食館,26992862,0.00,5000.00,,,,餐飲費用,金錢,臺中市外埔區****,04-2*****,否,,,,,,,
62,李文傑,111年臺中市議員選舉,首次申報,1111022,集會支出,三福美食館,26992862,0.00,4800.00,,,,餐飲費用,金錢,臺中市外埔區****,04-2*****,否,,,,,,,
63,李文傑,111年臺中市議員選舉,首次申報,1111022,雜支支出,政宏美食館,45463407,0.00,7000.00,,,,餐飲費用,金錢,臺中市大甲區****,04-2*****,否,,,,,,,
64,李文傑,111年臺中市議員選舉,首次申報,1111023,雜支支出,政宏美食館,45463407,0.00,7000.00,,,,餐飲費用,金錢,臺中市大甲區****,04-2*****,否,,,,,,,
65,李文傑,111年臺中市議員選舉,首次申報,1111023,集會支出,政宏美食館,45463407,0.00,3000.00,,,,餐飲費用,金錢,臺中市大甲區****,04-2*****,否,,,,,,,
66,李文傑,111年臺中市議員選舉,首次申報,1111024,雜支支出,政宏美食館,45463407,0.00,7000.00,,,,餐飲費用,金錢,臺中市大甲區****,04-2*****,否,,,,,,,
67,李文傑,111年臺中市議員選舉,首次申報,1111025,雜支支出,政宏美食館,45463407,0.00,7000.00,,,,餐飲費用,金錢,臺中市大甲區****,04-2*****,否,,,,,,,
68,李文傑,111年臺中市議員選舉,首次申報,1111025,集會支出,政宏美食館,45463407,0.00,3600.00,,,,餐飲費用,金錢,臺中市大甲區****,04-2*****,否,,,,,,,
69,李文傑,111年臺中市議員選舉,首次申報,1111025,宣傳支出,佳和實業股份有限公司,72055019,0.00,32400.00,,,,製作競選物品或宣傳廣告費用（物品名稱-口罩）,金錢,臺南市新市區****,06-6*****,否,,,,,,,
70,李文傑,111年臺中市議員選舉,首次申報,1111025,租用宣傳車輛支出,永昌廣告社,77094949,0.00,2000.00,,,,維修宣傳車輛費用,金錢,彰化縣彰化市****,04-7*****,否,,,,,,,
71,李文傑,111年臺中市議員選舉,首次申報,1111026,宣傳支出,百冠禮品企業商行,19843207,0.00,5100.00,,,,製作競選物品或宣傳廣告費用（物品名稱-原子筆）,金錢,臺中市大里區****,04-2*****,否,,,,,,,
72,李文傑,111年臺中市議員選舉,首次申報,1111026,雜支支出,政宏美食館,45463407,0.00,7000.00,,,,餐飲費用,金錢,臺中市大甲區****,04-2*****,否,,,,,,,
73,李文傑,111年臺中市議員選舉,首次申報,1111026,人事費用支出,楊家偉,F12*******,0.00,2400.00,,,,工資或薪津,金錢,臺中市大安區****,0985*****,否,,,,,,,
74,李文傑,111年臺中市議員選舉,首次申報,1111027,宣傳支出,百冠禮品企業商行,19843207,0.00,5100.00,,,,製作競選物品或宣傳廣告費用（物品名稱-原子筆）,金錢,臺中市大里區****,04-2*****,否,,,,,,,
75,李文傑,111年臺中市議員選舉,首次申報,1111027,雜支支出,政宏美食館,45463407,0.00,7000.00,,,,餐飲費用,金錢,臺中市大甲區****,04-2*****,否,,,,,,,
76,李文傑,111年臺中市議員選舉,首次申報,1111027,宣傳支出,佳和實業股份有限公司,72055019,0.00,13500.00,,,,製作競選物品或宣傳廣告費用（物品名稱-口罩）,金錢,臺南市新市區****,06-6*****,否,,,,,,,
77,李文傑,111年臺中市議員選舉,首次申報,1111027,租用宣傳車輛支出,大超汽車玻璃商行,81998763,0.00,1500.00,,,,維修宣傳車輛費用,金錢,臺中市大甲區****,04-2*****,否,,,,,,,
78,李文傑,111年臺中市議員選舉,首次申報,1111028,宣傳支出,百冠禮品企業商行,19843207,0.00,5100.00,,,,製作競選物品或宣傳廣告費用（物品名稱-原子筆）,金錢,臺中市大里區****,04-2*****,否,,,,,,,
79,李文傑,111年臺中市議員選舉,首次申報,1111028,雜支支出,政宏美食館,45463407,0.00,7000.00,,,,餐飲費用,金錢,臺中市大甲區****,04-2*****,否,,,,,,,
80,李文傑,111年臺中市議員選舉,首次申報,1111028,雜支支出,正兄弟鴨肉麵線,45748489,0.00,16000.00,,,,餐飲費用,金錢,臺中市大甲區****,0956*****,否,,,,,,,
81,李文傑,111年臺中市議員選舉,首次申報,1111029,宣傳支出,百冠禮品企業商行,19843207,0.00,5100.00,,,,製作競選物品或宣傳廣告費用（物品名稱-原子筆）,金錢,臺中市大里區****,04-2*****,否,,,,,,,
82,李文傑,111年臺中市議員選舉,首次申報,1111029,集會支出,政宏美食館,45463407,0.00,9600.00,,,,餐飲費用,金錢,臺中市大甲區****,04-2*****,否,,,,,,,
83,李文傑,111年臺中市議員選舉,首次申報,1111029,雜支支出,政宏美食館,45463407,0.00,5000.00,,,,餐飲費用,金錢,臺中市大甲區****,04-2*****,否,,,,,,,
84,李文傑,111年臺中市議員選舉,首次申報,1111031,集會支出,政宏美食館,45463407,0.00,2400.00,,,,餐飲費用,金錢,臺中市大甲區****,04-2*****,否,,,,,,,
85,李文傑,111年臺中市議員選舉,首次申報,1111031,人事費用支出,黃芷誼,L22*******,0.00,12000.00,,,,工資或薪津,金錢,臺中市大甲區****,0915*****,否,,,,,,,
86,李文傑,111年臺中市議員選舉,首次申報,1111101,宣傳支出,百冠禮品企業商行,19843207,0.00,5100.00,,,,製作競選物品或宣傳廣告費用（物品名稱-原子筆）,金錢,臺中市大里區****,04-2*****,否,,,,,,,
87,李文傑,111年臺中市議員選舉,首次申報,1111101,集會支出,政宏美食館,45463407,0.00,3000.00,,,,餐飲費用,金錢,臺中市大甲區****,04-2*****,否,,,,,,,
88,李文傑,111年臺中市議員選舉,首次申報,1111101,雜支支出,政宏美食館,45463407,0.00,6000.00,,,,餐飲費用,金錢,臺中市大甲區****,04-2*****,否,,,,,,,
89,李文傑,111年臺中市議員選舉,首次申報,1111101,宣傳支出,佳和實業股份有限公司,72055019,0.00,35099.00,,,,製作競選物品或宣傳廣告費用（物品名稱-口罩）,金錢,臺南市新市區****,06-6*****,否,,,,,,,
90,李文傑,111年臺中市議員選舉,首次申報,1111101,雜支支出,同懋實業股份有限公司,86975156,0.00,5100.00,,,,餐飲費用,金錢,臺中市大甲區****,04-2*****,否,,,,,,,
91,李文傑,111年臺中市議員選舉,首次申報,1111101,宣傳支出,利欣隆生醫科技有限公司,89219873,0.00,27000.00,,,,製作競選物品或宣傳廣告費用（物品名稱-洗碗精）,金錢,臺中市大安區****,04-2*****,否,,,,,,,
92,李文傑,111年臺中市議員選舉,首次申報,1111102,宣傳支出,百冠禮品企業商行,19843207,0.00,5100.00,,,,製作競選物品或宣傳廣告費用（物品名稱-原子筆）,金錢,臺中市大里區****,04-2*****,否,,,,,,,
93,李文傑,111年臺中市議員選舉,首次申報,1111102,雜支支出,志軒小吃部,25238282,0.00,6000.00,,,,餐飲費用,金錢,臺中市大甲區****,04-2*****,否,,,,,,,
94,李文傑,111年臺中市議員選舉,首次申報,1111102,集會支出,三福美食館,26992862,0.00,6000.00,,,,餐飲費用,金錢,臺中市外埔區****,04-2*****,否,,,,,,,
95,李文傑,111年臺中市議員選舉,首次申報,1111102,雜支支出,政宏美食館,45463407,0.00,4000.00,,,,餐飲費用,金錢,臺中市大甲區****,04-2*****,否,,,,,,,
96,李文傑,111年臺中市議員選舉,首次申報,1111102,宣傳支出,十美廣告設計社,56667168,0.00,320000.00,,,,其他與選舉宣傳有關之費用,金錢,臺中市大甲區****,04-2*****,否,,,,,,,
97,李文傑,111年臺中市議員選舉,首次申報,1111102,宣傳支出,佳和實業股份有限公司,72055019,0.00,53999.00,,,,製作競選物品或宣傳廣告費用（物品名稱-口罩）,金錢,臺南市新市區****,06-6*****,否,,,,,,,
98,李文傑,111年臺中市議員選舉,首次申報,1111102,租用宣傳車輛支出,羅木火,L10*******,0.00,32000.00,,,,雇用宣傳車輛駕駛費用,金錢,臺中市外埔區****,0937*****,否,,,,,,,
99,李文傑,111年臺中市議員選舉,首次申報,1111102,租用宣傳車輛支出,鄭石旨,L12*******,0.00,31250.00,,,,雇用宣傳車輛駕駛費用,金錢,臺中市外埔區****,0921*****,否,,,,,,,
100,李文傑,111年臺中市議員選舉,首次申報,1111102,租用宣傳車輛支出,張泳福,L12*******,0.00,32000.00,,,,雇用宣傳車輛駕駛費用,金錢,臺中市大甲區****,0966*****,否,,,,,,,
101,李文傑,111年臺中市議員選舉,首次申報,1111102,人事費用支出,戚承澔,L12*******,0.00,2600.00,,,,工資或薪津,金錢,臺中市大甲區****,0982*****,否,,,,,,,
102,李文傑,111年臺中市議員選舉,首次申報,1111102,人事費用支出,曾潮英,L12*******,0.00,2000.00,,,,工資或薪津,金錢,臺中市大甲區****,04-2*****,否,,,,,,,
103,李文傑,111年臺中市議員選舉,首次申報,1111102,人事費用支出,易淑麗,L22*******,0.00,10300.00,,,,工資或薪津,金錢,臺中市大安區****,0912*****,否,,,,,,,
104,李文傑,111年臺中市議員選舉,首次申報,1111102,人事費用支出,陳佳筠,L22*******,0.00,2000.00,,,,工資或薪津,金錢,臺中市大安區****,0973*****,否,,,,,,,
105,李文傑,111年臺中市議員選舉,首次申報,1111102,人事費用支出,陳志芬,L22*******,0.00,1200.00,,,,工資或薪津,金錢,臺中市大甲區****,0918*****,否,,,,,,,
106,李文傑,111年臺中市議員選舉,首次申報,1111102,人事費用支出,陳春桃,L22*******,0.00,7500.00,,,,工資或薪津,金錢,臺中市北區民****,0928*****,否,,,,,,,
107,李文傑,111年臺中市議員選舉,首次申報,1111102,人事費用支出,陳湘紜,N22*******,0.00,9700.00,,,,工資或薪津,金錢,臺中市大甲區****,0910*****,否,,,,,,,
108,李文傑,111年臺中市議員選舉,首次申報,1111102,租用宣傳車輛支出,許鴻銘,Q12*******,0.00,31250.00,,,,雇用宣傳車輛駕駛費用,金錢,臺中市大安區****,0916*****,否,,,,,,,
109,李文傑,111年臺中市議員選舉,首次申報,1111102,人事費用支出,王美雲,T20*******,0.00,6200.00,,,,工資或薪津,金錢,臺中市大甲區****,0972*****,否,,,,,,,
110,李文傑,111年臺中市議員選舉,首次申報,1111103,宣傳支出,百冠禮品企業商行,19843207,0.00,3400.00,,,,製作競選物品或宣傳廣告費用（物品名稱-原子筆）,金錢,臺中市大里區****,04-2*****,否,,,,,,,
111,李文傑,111年臺中市議員選舉,首次申報,1111103,雜支支出,志軒小吃部,25238282,0.00,6000.00,,,,餐飲費用,金錢,臺中市大甲區****,04-2*****,否,,,,,,,
112,李文傑,111年臺中市議員選舉,首次申報,1111103,雜支支出,政宏美食館,45463407,0.00,4000.00,,,,餐飲費用,金錢,臺中市大甲區****,04-2*****,否,,,,,,,
113,李文傑,111年臺中市議員選舉,首次申報,1111103,集會支出,政宏美食館,45463407,0.00,7200.00,,,,餐飲費用,金錢,臺中市大甲區****,04-2*****,否,,,,,,,
114,李文傑,111年臺中市議員選舉,首次申報,1111104,雜支支出,志軒小吃部,25238282,0.00,7200.00,,,,餐飲費用,金錢,臺中市大甲區****,04-2*****,否,,,,,,,
115,李文傑,111年臺中市議員選舉,首次申報,1111104,集會支出,政宏美食館,45463407,0.00,7200.00,,,,餐飲費用,金錢,臺中市大甲區****,04-2*****,否,,,,,,,
116,李文傑,111年臺中市議員選舉,首次申報,1111104,雜支支出,政宏美食館,45463407,0.00,4000.00,,,,餐飲費用,金錢,臺中市大甲區****,04-2*****,否,,,,,,,
117,李文傑,111年臺中市議員選舉,首次申報,1111104,雜支支出,同懋實業股份有限公司,86975156,0.00,3150.00,,,,餐飲費用,金錢,臺中市大甲區****,04-2*****,否,,,,,,,
118,李文傑,111年臺中市議員選舉,首次申報,1111104,宣傳支出,利欣隆生醫科技有限公司,89219873,0.00,27000.00,,,,製作競選物品或宣傳廣告費用（物品名稱-洗碗精）,金錢,臺中市大安區****,04-2*****,否,,,,,,,
119,李文傑,111年臺中市議員選舉,首次申報,1111105,雜支支出,政宏美食館,45463407,0.00,7000.00,,,,餐飲費用,金錢,臺中市大甲區****,04-2*****,否,,,,,,,
120,李文傑,111年臺中市議員選舉,首次申報,1111105,集會支出,政宏美食館,45463407,0.00,16200.00,,,,餐飲費用,金錢,臺中市大甲區****,04-2*****,否,,,,,,,
121,李文傑,111年臺中市議員選舉,首次申報,1111106,集會支出,政宏美食館,45463407,0.00,5850.00,,,,餐飲費用,金錢,臺中市大甲區****,04-2*****,否,,,,,,,
122,李文傑,111年臺中市議員選舉,首次申報,1111106,雜支支出,政宏美食館,45463407,0.00,7000.00,,,,餐飲費用,金錢,臺中市大甲區****,04-2*****,否,,,,,,,
123,李文傑,111年臺中市議員選舉,首次申報,1111107,雜支支出,震旦行股份有限公司,23361650,0.00,4850.00,,,,文具用品費用,金錢,臺中市清水區****,04-2*****,否,,,,,,,
124,李文傑,111年臺中市議員選舉,首次申報,1111107,雜支支出,政宏美食館,45463407,0.00,7000.00,,,,餐飲費用,金錢,臺中市大甲區****,04-2*****,否,,,,,,,
125,李文傑,111年臺中市議員選舉,首次申報,1111108,集會支出,三福美食館,26992862,0.00,6000.00,,,,餐飲費用,金錢,臺中市外埔區****,04-2*****,否,,,,,,,
126,李文傑,111年臺中市議員選舉,首次申報,1111108,雜支支出,政宏美食館,45463407,0.00,7000.00,,,,餐飲費用,金錢,臺中市大甲區****,04-2*****,否,,,,,,,
127,李文傑,111年臺中市議員選舉,首次申報,1111109,雜支支出,政宏美食館,45463407,0.00,4000.00,,,,餐飲費用,金錢,臺中市大甲區****,04-2*****,否,,,,,,,
128,李文傑,111年臺中市議員選舉,首次申報,1111109,雜支支出,政宏美食館,45463407,0.00,7000.00,,,,餐飲費用,金錢,臺中市大甲區****,04-2*****,否,,,,,,,
129,李文傑,111年臺中市議員選舉,首次申報,1111109,集會支出,政宏美食館,45463407,0.00,14400.00,,,,餐飲費用,金錢,臺中市大甲區****,04-2*****,否,,,,,,,
130,李文傑,111年臺中市議員選舉,首次申報,1111109,宣傳支出,佳和實業股份有限公司,72055019,0.00,13500.00,,,,製作競選物品或宣傳廣告費用（物品名稱-口罩）,金錢,臺南市新市區****,06-6*****,否,,,,,,,
131,李文傑,111年臺中市議員選舉,首次申報,1111109,人事費用支出,易淑麗,L22*******,0.00,4200.00,,,,工資或薪津,金錢,臺中市大安區****,0912*****,否,,,,,,,
132,李文傑,111年臺中市議員選舉,首次申報,1111109,人事費用支出,葉盈嫻,L22*******,0.00,2800.00,,,,工資或薪津,金錢,臺中市大甲區****,0912*****,否,,,,,,,
133,李文傑,111年臺中市議員選舉,首次申報,1111109,人事費用支出,陳春桃,L22*******,0.00,3400.00,,,,工資或薪津,金錢,臺中市北區民****,0928*****,否,,,,,,,
134,李文傑,111年臺中市議員選舉,首次申報,1111109,人事費用支出,陳佳筠,L22*******,0.00,600.00,,,,工資或薪津,金錢,臺中市大安區****,0973*****,否,,,,,,,
135,李文傑,111年臺中市議員選舉,首次申報,1111109,人事費用支出,陳湘紜,N22*******,0.00,3200.00,,,,工資或薪津,金錢,臺中市大甲區****,0910*****,否,,,,,,,
136,李文傑,111年臺中市議員選舉,首次申報,1111109,人事費用支出,王美雲,T20*******,0.00,1800.00,,,,工資或薪津,金錢,臺中市大甲區****,0972*****,否,,,,,,,
137,李文傑,111年臺中市議員選舉,首次申報,1111110,雜支支出,三福美食館,26992862,0.00,3600.00,,,,餐飲費用,金錢,臺中市外埔區****,04-2*****,否,,,,,,,
138,李文傑,111年臺中市議員選舉,首次申報,1111110,雜支支出,政宏美食館,45463407,0.00,4000.00,,,,餐飲費用,金錢,臺中市大甲區****,04-2*****,否,,,,,,,
139,李文傑,111年臺中市議員選舉,首次申報,1111110,雜支支出,政宏美食館,45463407,0.00,7000.00,,,,餐飲費用,金錢,臺中市大甲區****,04-2*****,否,,,,,,,
140,李文傑,111年臺中市議員選舉,首次申報,1111110,集會支出,政宏美食館,45463407,0.00,13500.00,,,,餐飲費用,金錢,臺中市大甲區****,04-2*****,否,,,,,,,
141,李文傑,111年臺中市議員選舉,首次申報,1111110,宣傳支出,佳和實業股份有限公司,72055019,0.00,13500.00,,,,製作競選物品或宣傳廣告費用（物品名稱-口罩）,金錢,臺南市新市區****,06-6*****,否,,,,,,,
142,李文傑,111年臺中市議員選舉,首次申報,1111110,雜支支出,同懋實業股份有限公司,86975156,0.00,4080.00,,,,餐飲費用,金錢,臺中市大甲區****,04-2*****,否,,,,,,,
143,李文傑,111年臺中市議員選舉,首次申報,1111110,人事費用支出,蕭碧霜,L22*******,0.00,18600.00,,,,工資或薪津,金錢,臺中市大安區****,0983*****,否,,,,,,,
144,李文傑,111年臺中市議員選舉,首次申報,1111110,人事費用支出,卓綉枝,L22*******,0.00,18600.00,,,,工資或薪津,金錢,臺中市大安區****,0930*****,否,,,,,,,
145,李文傑,111年臺中市議員選舉,首次申報,1111111,集會支出,志軒小吃部,25238282,0.00,13500.00,,,,餐飲費用,金錢,臺中市大甲區****,04-2*****,否,,,,,,,
146,李文傑,111年臺中市議員選舉,首次申報,1111111,雜支支出,政宏美食館,45463407,0.00,4000.00,,,,餐飲費用,金錢,臺中市大甲區****,04-2*****,否,,,,,,,
147,李文傑,111年臺中市議員選舉,首次申報,1111111,雜支支出,政宏美食館,45463407,0.00,7000.00,,,,餐飲費用,金錢,臺中市大甲區****,04-2*****,否,,,,,,,
148,李文傑,111年臺中市議員選舉,首次申報,1111111,雜支支出,正兄弟鴨肉麵線,45748489,0.00,2400.00,,,,餐飲費用,金錢,臺中市大甲區****,0956*****,否,,,,,,,
149,李文傑,111年臺中市議員選舉,首次申報,1111111,宣傳支出,利欣隆生醫科技有限公司,89219873,0.00,81000.00,,,,製作競選物品或宣傳廣告費用（物品名稱-洗碗精）,金錢,臺中市大安區****,04-2*****,否,,,,,,,
150,李文傑,111年臺中市議員選舉,首次申報,1111112,集會支出,三福美食館,26992862,0.00,7500.00,,,,餐飲費用,金錢,臺中市外埔區****,04-2*****,否,,,,,,,
151,李文傑,111年臺中市議員選舉,首次申報,1111112,雜支支出,政宏美食館,45463407,0.00,7000.00,,,,餐飲費用,金錢,臺中市大甲區****,04-2*****,否,,,,,,,
152,李文傑,111年臺中市議員選舉,首次申報,1111112,集會支出,政宏美食館,45463407,0.00,13500.00,,,,餐飲費用,金錢,臺中市大甲區****,04-2*****,否,,,,,,,
153,李文傑,111年臺中市議員選舉,首次申報,1111112,宣傳支出,慈帝報業分銷行,45586442,0.00,4950.00,,,,其他與選舉宣傳有關之費用,金錢,臺中市大甲區****,04-2*****,否,,,,,,,
154,李文傑,111年臺中市議員選舉,首次申報,1111112,雜支支出,佳美種子行,45690445,0.00,4230.00,,,,雜項購置或修繕費用,金錢,臺中市大甲區****,04-2*****,否,,,,,,,
155,李文傑,111年臺中市議員選舉,首次申報,1111112,人事費用支出,曾潮英,L12*******,0.00,4400.00,,,,工資或薪津,金錢,臺中市大甲區****,04-2*****,否,,,,,,,
156,李文傑,111年臺中市議員選舉,首次申報,1111113,雜支支出,政宏美食館,45463407,0.00,4000.00,,,,餐飲費用,金錢,臺中市大甲區****,04-2*****,否,,,,,,,
157,李文傑,111年臺中市議員選舉,首次申報,1111113,雜支支出,政宏美食館,45463407,0.00,7000.00,,,,餐飲費用,金錢,臺中市大甲區****,04-2*****,否,,,,,,,
158,李文傑,111年臺中市議員選舉,首次申報,1111113,雜支支出,佳美種子行,45690445,0.00,4400.00,,,,雜項購置或修繕費用,金錢,臺中市大甲區****,04-2*****,否,,,,,,,
159,李文傑,111年臺中市議員選舉,首次申報,1111113,人事費用支出,邱惠娟,L22*******,0.00,6900.00,,,,工資或薪津,金錢,臺中市外埔區****,0937*****,否,,,,,,,
160,李文傑,111年臺中市議員選舉,首次申報,1111114,雜支支出,政宏美食館,45463407,0.00,11000.00,,,,餐飲費用,金錢,臺中市大甲區****,04-2*****,否,,,,,,,
161,李文傑,111年臺中市議員選舉,首次申報,1111114,集會支出,政宏美食館,45463407,0.00,13950.00,,,,餐飲費用,金錢,臺中市大甲區****,04-2*****,否,,,,,,,
162,李文傑,111年臺中市議員選舉,首次申報,1111114,雜支支出,同懋實業股份有限公司,86975156,0.00,3400.00,,,,餐飲費用,金錢,臺中市大甲區****,04-2*****,否,,,,,,,
163,李文傑,111年臺中市議員選舉,首次申報,1111115,雜支支出,政宏美食館,45463407,0.00,11000.00,,,,餐飲費用,金錢,臺中市大甲區****,04-2*****,否,,,,,,,
164,李文傑,111年臺中市議員選舉,首次申報,1111115,人事費用支出,楊家偉,F12*******,0.00,1000.00,,,,工資或薪津,金錢,臺中市大安區****,0985*****,否,,,,,,,
165,李文傑,111年臺中市議員選舉,首次申報,1111115,人事費用支出,卓綉枝,L22*******,0.00,5000.00,,,,工資或薪津,金錢,臺中市大安區****,0930*****,否,,,,,,,
166,李文傑,111年臺中市議員選舉,首次申報,1111115,人事費用支出,蕭碧霜,L22*******,0.00,5000.00,,,,工資或薪津,金錢,臺中市大安區****,0983*****,否,,,,,,,
167,李文傑,111年臺中市議員選舉,首次申報,1111115,人事費用支出,鄭少芳,L22*******,0.00,19000.00,,,,工資或薪津,金錢,臺中市大甲區****,0960*****,否,,,,,,,
168,李文傑,111年臺中市議員選舉,首次申報,1111115,人事費用支出,周尚瑾,L22*******,0.00,7000.00,,,,工資或薪津,金錢,臺中市大安區****,0923*****,否,,,,,,,
169,李文傑,111年臺中市議員選舉,首次申報,1111116,交通旅運支出,火炎山通運股份有限公司,03098800,0.00,5250.00,,,,其他與交通旅運有關之費用,金錢,苗栗縣苑裡鎮****,037-*****,否,,,,,,,
170,李文傑,111年臺中市議員選舉,首次申報,1111116,雜支支出,政宏美食館,45463407,0.00,11000.00,,,,餐飲費用,金錢,臺中市大甲區****,04-2*****,否,,,,,,,
171,李文傑,111年臺中市議員選舉,首次申報,1111116,雜支支出,佳美種子行,45690445,0.00,4600.00,,,,雜項購置或修繕費用,金錢,臺中市大甲區****,04-2*****,否,,,,,,,
172,李文傑,111年臺中市議員選舉,首次申報,1111116,交通旅運支出,親進交通股份有限公司,81052013,0.00,10500.00,,,,其他與交通旅運有關之費用,金錢,臺中市大甲區****,04-2*****,否,,,,,,,
173,李文傑,111年臺中市議員選舉,首次申報,1111116,交通旅運支出,親進交通股份有限公司,81052013,0.00,5250.00,,,,其他與交通旅運有關之費用,金錢,臺中市大甲區****,04-2*****,否,,,,,,,
174,李文傑,111年臺中市議員選舉,首次申報,1111116,租用宣傳車輛支出,羅木火,L10*******,0.00,30000.00,,,,雇用宣傳車輛駕駛費用,金錢,臺中市外埔區****,0937*****,否,,,,,,,
175,李文傑,111年臺中市議員選舉,首次申報,1111116,租用宣傳車輛支出,鄭石旨,L12*******,0.00,30000.00,,,,雇用宣傳車輛駕駛費用,金錢,臺中市外埔區****,0921*****,否,,,,,,,
176,李文傑,111年臺中市議員選舉,首次申報,1111116,租用宣傳車輛支出,張泳福,L12*******,0.00,30000.00,,,,雇用宣傳車輛駕駛費用,金錢,臺中市大甲區****,0966*****,否,,,,,,,
177,李文傑,111年臺中市議員選舉,首次申報,1111116,人事費用支出,陳湘紜,N22*******,0.00,5800.00,,,,工資或薪津,金錢,臺中市大甲區****,0910*****,否,,,,,,,
178,李文傑,111年臺中市議員選舉,首次申報,1111116,租用宣傳車輛支出,許鴻銘,Q12*******,0.00,30000.00,,,,雇用宣傳車輛駕駛費用,金錢,臺中市大安區****,0916*****,否,,,,,,,
179,李文傑,111年臺中市議員選舉,首次申報,1111116,人事費用支出,王美雲,T20*******,0.00,4400.00,,,,工資或薪津,金錢,臺中市大甲區****,0972*****,否,,,,,,,
180,李文傑,111年臺中市議員選舉,首次申報,1111117,雜支支出,政宏美食館,45463407,0.00,11000.00,,,,餐飲費用,金錢,臺中市大甲區****,04-2*****,否,,,,,,,
181,李文傑,111年臺中市議員選舉,首次申報,1111117,集會支出,政宏美食館,45463407,0.00,15300.00,,,,餐飲費用,金錢,臺中市大甲區****,04-2*****,否,,,,,,,
182,李文傑,111年臺中市議員選舉,首次申報,1111117,人事費用支出,黃秀子,H22*******,0.00,5600.00,,,,工資或薪津,金錢,臺中市外埔區****,0930*****,否,,,,,,,
183,李文傑,111年臺中市議員選舉,首次申報,1111117,人事費用支出,王招英,L10*******,0.00,5000.00,,,,工資或薪津,金錢,臺中市外埔區****,0911*****,否,,,,,,,
184,李文傑,111年臺中市議員選舉,首次申報,1111117,人事費用支出,郭烱聖,L12*******,0.00,17000.00,,,,工資或薪津,金錢,臺中市大甲區****,0989*****,否,,,,,,,
185,李文傑,111年臺中市議員選舉,首次申報,1111117,人事費用支出,郭烱聖,L12*******,0.00,30000.00,,,,工資或薪津,金錢,臺中市大甲區****,0989*****,否,,,,,,,
186,李文傑,111年臺中市議員選舉,首次申報,1111117,人事費用支出,莊桂花,L20*******,0.00,6400.00,,,,工資或薪津,金錢,臺中市外埔區****,0917*****,否,,,,,,,
187,李文傑,111年臺中市議員選舉,首次申報,1111117,人事費用支出,鄭少芳,L22*******,0.00,30000.00,,,,工資或薪津,金錢,臺中市大甲區****,0960*****,否,,,,,,,
188,李文傑,111年臺中市議員選舉,首次申報,1111117,人事費用支出,周尚瑾,L22*******,0.00,30000.00,,,,工資或薪津,金錢,臺中市大安區****,0923*****,否,,,,,,,
189,李文傑,111年臺中市議員選舉,首次申報,1111118,雜支支出,三福美食館,26992862,0.00,6000.00,,,,餐飲費用,金錢,臺中市外埔區****,04-2*****,否,,,,,,,
190,李文傑,111年臺中市議員選舉,首次申報,1111118,集會支出,政宏美食館,45463407,0.00,11700.00,,,,餐飲費用,金錢,臺中市大甲區****,04-2*****,否,,,,,,,
191,李文傑,111年臺中市議員選舉,首次申報,1111118,雜支支出,政宏美食館,45463407,0.00,11000.00,,,,餐飲費用,金錢,臺中市大甲區****,04-2*****,否,,,,,,,
192,李文傑,111年臺中市議員選舉,首次申報,1111118,雜支支出,同懋實業股份有限公司,86975156,0.00,4270.00,,,,餐飲費用,金錢,臺中市大甲區****,04-2*****,否,,,,,,,
193,李文傑,111年臺中市議員選舉,首次申報,1111118,人事費用支出,張志夙,K20*******,0.00,12780.00,,,,工資或薪津,金錢,臺中市大甲區****,0906*****,否,,,,,,,
194,李文傑,111年臺中市議員選舉,首次申報,1111118,人事費用支出,鄭少芳,L22*******,0.00,3000.00,,,,工資或薪津,金錢,臺中市大甲區****,0960*****,否,,,,,,,
195,李文傑,111年臺中市議員選舉,首次申報,1111119,集會支出,三福美食館,26992862,0.00,6900.00,,,,餐飲費用,金錢,臺中市外埔區****,04-2*****,否,,,,,,,
196,李文傑,111年臺中市議員選舉,首次申報,1111119,雜支支出,政宏美食館,45463407,0.00,11000.00,,,,餐飲費用,金錢,臺中市大甲區****,04-2*****,否,,,,,,,
197,李文傑,111年臺中市議員選舉,首次申報,1111119,宣傳支出,慈帝報業分銷行,45586442,0.00,4950.00,,,,其他與選舉宣傳有關之費用,金錢,臺中市大甲區****,04-2*****,否,,,,,,,
198,李文傑,111年臺中市議員選舉,首次申報,1111119,人事費用支出,陳佳怡,N22*******,0.00,10300.00,,,,工資或薪津,金錢,臺中市清水區****,0907*****,否,,,,,,,
199,李文傑,111年臺中市議員選舉,首次申報,1111120,集會支出,三福美食館,26992862,0.00,4500.00,,,,餐飲費用,金錢,臺中市外埔區****,04-2*****,否,,,,,,,
200,李文傑,111年臺中市議員選舉,首次申報,1111120,雜支支出,三福美食館,26992862,0.00,5000.00,,,,餐飲費用,金錢,臺中市外埔區****,04-2*****,否,,,,,,,
201,李文傑,111年臺中市議員選舉,首次申報,1111120,公共關係費用支出,瑞興禮品社,37793159,0.00,5300.00,,,,聯誼交際費用,金錢,桃園市大溪區****,03-3*****,否,,,,,,,
202,李文傑,111年臺中市議員選舉,首次申報,1111120,公共關係費用支出,瑞興禮品社,37793159,0.00,2700.00,,,,聯誼交際費用,金錢,桃園市大溪區****,03-3*****,否,,,,,,,
203,李文傑,111年臺中市議員選舉,首次申報,1111120,雜支支出,政宏美食館,45463407,0.00,11000.00,,,,餐飲費用,金錢,臺中市大甲區****,04-2*****,否,,,,,,,
204,李文傑,111年臺中市議員選舉,首次申報,1111120,集會支出,政宏美食館,45463407,0.00,9900.00,,,,餐飲費用,金錢,臺中市大甲區****,04-2*****,否,,,,,,,
205,李文傑,111年臺中市議員選舉,首次申報,1111120,人事費用支出,凌千棋,L22*******,0.00,11500.00,,,,工資或薪津,金錢,臺中市外埔區****,0931*****,否,,,,,,,
206,李文傑,111年臺中市議員選舉,首次申報,1111120,人事費用支出,劉靜芬,L22*******,0.00,11500.00,,,,工資或薪津,金錢,臺中市外埔區****,0988*****,否,,,,,,,
207,李文傑,111年臺中市議員選舉,首次申報,1111120,人事費用支出,李佩芬,L22*******,0.00,11500.00,,,,工資或薪津,金錢,臺中市外埔區****,0931*****,否,,,,,,,
208,李文傑,111年臺中市議員選舉,首次申報,1111121,雜支支出,原昌行,14791503,0.00,3250.00,,,,餐飲費用,金錢,,,否,,,,,,,
209,李文傑,111年臺中市議員選舉,首次申報,1111121,集會支出,志軒小吃部,25238282,0.00,10500.00,,,,餐飲費用,金錢,臺中市大甲區****,04-2*****,否,,,,,,,
210,李文傑,111年臺中市議員選舉,首次申報,1111121,雜支支出,政宏美食館,45463407,0.00,11000.00,,,,餐飲費用,金錢,臺中市大甲區****,04-2*****,否,,,,,,,
211,李文傑,111年臺中市議員選舉,首次申報,1111122,集會支出,志軒小吃部,25238282,0.00,13500.00,,,,餐飲費用,金錢,臺中市大甲區****,04-2*****,否,,,,,,,
212,李文傑,111年臺中市議員選舉,首次申報,1111122,雜支支出,政宏美食館,45463407,0.00,11000.00,,,,餐飲費用,金錢,臺中市大甲區****,04-2*****,否,,,,,,,
213,李文傑,111年臺中市議員選舉,首次申報,1111122,雜支支出,佳美種子行,45690445,0.00,2670.00,,,,雜項購置或修繕費用,金錢,臺中市大甲區****,04-2*****,否,,,,,,,
214,李文傑,111年臺中市議員選舉,首次申報,1111122,雜支支出,萬樺商行,47149469,0.00,1280.00,,,,餐飲費用,金錢,臺中市大安區****,04-2*****,否,,,,,,,
215,李文傑,111年臺中市議員選舉,首次申報,1111122,集會支出,旺旺友聯產物保險股份有限公司新竹分公司,70825060,0.00,19800.00,,,,其他與集會有關之費用,金錢,新竹市東區東****,,否,,,,,,,
216,李文傑,111年臺中市議員選舉,首次申報,1111122,人事費用支出,楊凱文,L12*******,0.00,5900.00,,,,工資或薪津,金錢,臺中市大甲區****,0963*****,否,,,,,,,
217,李文傑,111年臺中市議員選舉,首次申報,1111122,人事費用支出,賴奕群,L12*******,0.00,15000.00,,,,工資或薪津,金錢,臺中市外埔區****,0975*****,否,,,,,,,
218,李文傑,111年臺中市議員選舉,首次申報,1111122,人事費用支出,易穎資,L22*******,0.00,15000.00,,,,工資或薪津,金錢,臺中市外埔區****,0919*****,否,,,,,,,
219,李文傑,111年臺中市議員選舉,首次申報,1111122,人事費用支出,李芳儀,L22*******,0.00,15000.00,,,,工資或薪津,金錢,臺中市外埔區****,0988*****,否,,,,,,,
220,李文傑,111年臺中市議員選舉,首次申報,1111122,人事費用支出,周尚瑾,L22*******,0.00,3000.00,,,,工資或薪津,金錢,臺中市大安區****,0923*****,否,,,,,,,
221,李文傑,111年臺中市議員選舉,首次申報,1111122,人事費用支出,葉盈嫻,L22*******,0.00,2800.00,,,,工資或薪津,金錢,臺中市大甲區****,0912*****,否,,,,,,,
222,李文傑,111年臺中市議員選舉,首次申報,1111122,人事費用支出,陳佳筠,L22*******,0.00,10200.00,,,,工資或薪津,金錢,臺中市大安區****,0973*****,否,,,,,,,
223,李文傑,111年臺中市議員選舉,首次申報,1111122,人事費用支出,陳春桃,L22*******,0.00,13000.00,,,,工資或薪津,金錢,臺中市北區民****,0928*****,否,,,,,,,
224,李文傑,111年臺中市議員選舉,首次申報,1111122,人事費用支出,易淑麗,L22*******,0.00,12400.00,,,,工資或薪津,金錢,臺中市大安區****,0912*****,否,,,,,,,
225,李文傑,111年臺中市議員選舉,首次申報,1111122,人事費用支出,陳志芬,L22*******,0.00,7380.00,,,,工資或薪津,金錢,臺中市大甲區****,0918*****,否,,,,,,,
226,李文傑,111年臺中市議員選舉,首次申報,1111122,人事費用支出,陳湘紜,N22*******,0.00,7400.00,,,,工資或薪津,金錢,臺中市大甲區****,0910*****,否,,,,,,,
227,李文傑,111年臺中市議員選舉,首次申報,1111122,人事費用支出,周淑伃,N22*******,0.00,7200.00,,,,工資或薪津,金錢,臺中市外埔區****,0919*****,否,,,,,,,
228,李文傑,111年臺中市議員選舉,首次申報,1111122,人事費用支出,王美雲,T20*******,0.00,7500.00,,,,工資或薪津,金錢,臺中市大甲區****,0972*****,否,,,,,,,
229,李文傑,111年臺中市議員選舉,首次申報,1111123,集會支出,久勝活動鐵架帆布行,26808795,0.00,6000.00,,,,租用設備費用,金錢,臺中市外埔區****,04-2*****,否,,,,,,,
230,李文傑,111年臺中市議員選舉,首次申報,1111123,集會支出,三福美食館,26992862,0.00,7500.00,,,,餐飲費用,金錢,臺中市外埔區****,04-2*****,否,,,,,,,
231,李文傑,111年臺中市議員選舉,首次申報,1111123,雜支支出,政宏美食館,45463407,0.00,23000.00,,,,餐飲費用,金錢,臺中市大甲區****,04-2*****,否,,,,,,,
232,李文傑,111年臺中市議員選舉,首次申報,1111123,雜支支出,景隆商行,47435358,0.00,420.00,,,,雜項購置或修繕費用,金錢,苗栗縣苑裡鎮****,037-*****,否,,,,,,,
233,李文傑,111年臺中市議員選舉,首次申報,1111123,雜支支出,楊吉昌五金行,49327550,0.00,560.00,,,,雜項購置或修繕費用,金錢,苗栗縣苑裡鎮****,037-*****,否,,,,,,,
234,李文傑,111年臺中市議員選舉,首次申報,1111123,人事費用支出,楊家偉,F12*******,0.00,3800.00,,,,工資或薪津,金錢,臺中市大安區****,0985*****,否,,,,,,,
235,李文傑,111年臺中市議員選舉,首次申報,1111123,人事費用支出,曾潮英,L12*******,0.00,2000.00,,,,工資或薪津,金錢,臺中市大甲區****,04-2*****,否,,,,,,,
236,李文傑,111年臺中市議員選舉,首次申報,1111123,人事費用支出,陳薏安,L20*******,0.00,21200.00,,,,工資或薪津,金錢,臺中市外埔區****,0911*****,否,,,,,,,
237,李文傑,111年臺中市議員選舉,首次申報,1111123,人事費用支出,賴淑玉,L22*******,0.00,17000.00,,,,工資或薪津,金錢,臺中市外埔區****,0975*****,否,,,,,,,
238,李文傑,111年臺中市議員選舉,首次申報,1111123,人事費用支出,黃芷誼,L22*******,0.00,12600.00,,,,工資或薪津,金錢,臺中市大甲區****,0915*****,否,,,,,,,
239,李文傑,111年臺中市議員選舉,首次申報,1111123,人事費用支出,蕭碧霜,L22*******,0.00,7600.00,,,,工資或薪津,金錢,臺中市大安區****,0983*****,否,,,,,,,
240,李文傑,111年臺中市議員選舉,首次申報,1111123,人事費用支出,卓綉枝,L22*******,0.00,7600.00,,,,工資或薪津,金錢,臺中市大安區****,0930*****,否,,,,,,,
241,李文傑,111年臺中市議員選舉,首次申報,1111124,雜支支出,三六九肉包,98854522,0.00,720.00,,,,餐飲費用,金錢,臺中市大甲區****,04-2*****,否,,,,,,,
242,李文傑,111年臺中市議員選舉,首次申報,1111124,人事費用支出,沈小芬,L22*******,0.00,6660.00,,,,工資或薪津,金錢,臺中市大甲區****,0919*****,否,,,,,,,
243,李文傑,111年臺中市議員選舉,首次申報,1111124,人事費用支出,沈麗珍,L22*******,0.00,8280.00,,,,工資或薪津,金錢,臺中市大安區****,0989*****,否,,,,,,,
244,李文傑,111年臺中市議員選舉,首次申報,1111125,交通旅運支出,大豐收遊覽通運有限公司,16801908,0.00,6300.00,,,,其他與交通旅運有關之費用,金錢,臺中市梧棲區****,04-2*****,否,,,,,,,
245,李文傑,111年臺中市議員選舉,首次申報,1111125,集會支出,天王星音響有限公司,25176217,0.00,118400.00,,,,租用設備費用,金錢,臺中市大甲區****,0933*****,否,,,,,,,
246,李文傑,111年臺中市議員選舉,首次申報,1111125,集會支出,久勝活動鐵架帆布行,26808795,0.00,16200.00,,,,租用設備費用,金錢,臺中市外埔區****,04-2*****,否,,,,,,,
247,李文傑,111年臺中市議員選舉,首次申報,1111125,交通旅運支出,豐瑋遊覽通運有限公司,27380828,0.00,6300.00,,,,其他與交通旅運有關之費用,金錢,臺中市梧棲區****,04-2*****,否,,,,,,,
248,李文傑,111年臺中市議員選舉,首次申報,1111125,交通旅運支出,親進交通股份有限公司,81052013,0.00,37800.00,,,,其他與交通旅運有關之費用,金錢,臺中市大甲區****,04-2*****,否,,,,,,,
249,李文傑,111年臺中市議員選舉,首次申報,1111125,交通旅運支出,親進交通股份有限公司,81052013,0.00,6300.00,,,,其他與交通旅運有關之費用,金錢,臺中市大甲區****,04-2*****,否,,,,,,,
250,李文傑,111年臺中市議員選舉,首次申報,1111125,交通旅運支出,親進交通股份有限公司,81052013,0.00,6300.00,,,,其他與交通旅運有關之費用,金錢,臺中市大甲區****,04-2*****,否,,,,,,,
251,李文傑,111年臺中市議員選舉,首次申報,1111125,集會支出,珍冠棧,87210432,0.00,5000.00,,,,租用設備費用,金錢,臺中市外埔區****,0938*****,否,,,,,,,
252,李文傑,111年臺中市議員選舉,首次申報,1111125,人事費用支出,楊雅惠,F22*******,0.00,3000.00,,,,工資或薪津,金錢,臺中市大安區****,0922*****,否,,,,,,,
253,李文傑,111年臺中市議員選舉,首次申報,1111125,人事費用支出,陳美麗,L20*******,0.00,3000.00,,,,工資或薪津,金錢,臺中市大安區****,04-2*****,否,,,,,,,
254,李文傑,111年臺中市議員選舉,首次申報,1111125,人事費用支出,陳薏安,L20*******,0.00,1600.00,,,,工資或薪津,金錢,臺中市外埔區****,0911*****,否,,,,,,,
255,李文傑,111年臺中市議員選舉,首次申報,1111125,人事費用支出,卓綉枝,L22*******,0.00,2400.00,,,,工資或薪津,金錢,臺中市大安區****,0930*****,否,,,,,,,
256,李文傑,111年臺中市議員選舉,首次申報,1111125,人事費用支出,蕭碧霜,L22*******,0.00,2400.00,,,,工資或薪津,金錢,臺中市大安區****,0983*****,否,,,,,,,
257,李文傑,111年臺中市議員選舉,首次申報,1111125,人事費用支出,陳湘紜,N22*******,0.00,600.00,,,,工資或薪津,金錢,臺中市大甲區****,0910*****,否,,,,,,,
258,李文傑,111年臺中市議員選舉,首次申報,1111125,人事費用支出,王美雲,T20*******,0.00,600.00,,,,工資或薪津,金錢,臺中市大甲區****,0972*****,否,,,,,,,
259,李文傑,111年臺中市議員選舉,首次申報,1111126,雜支支出,有利燒臘美食店,15681124,0.00,2500.00,,,,餐飲費用,金錢,臺中市大甲區****,04-2*****,否,,,,,,,
260,李文傑,111年臺中市議員選舉,首次申報,1111126,集會支出,佛之道商行,40634347,0.00,46000.00,,,,其他與集會有關之費用,金錢,臺中市大甲區****,04-2*****,否,,,,,,,
261,李文傑,111年臺中市議員選舉,首次申報,1111126,雜支支出,政宏美食館,45463407,0.00,7500.00,,,,餐飲費用,金錢,臺中市大甲區****,04-2*****,否,,,,,,,
262,李文傑,111年臺中市議員選舉,首次申報,1111127,雜支支出,香味燒烤飯包,21462739,0.00,2550.00,,,,餐飲費用,金錢,臺中市大甲區****,04-2*****,否,,,,,,,
263,李文傑,111年臺中市議員選舉,首次申報,1111127,人事費用支出,李振宇,L12*******,0.00,30000.00,,,,工資或薪津,金錢,臺中市外埔區****,04-2*****,否,,,,,,,
264,李文傑,111年臺中市議員選舉,首次申報,1111127,人事費用支出,蔡瑾仲,L12*******,0.00,43200.00,,,,工資或薪津,金錢,臺中市大甲區****,0977*****,否,,,,,,,
265,李文傑,111年臺中市議員選舉,首次申報,1111127,人事費用支出,李健帆,L12*******,0.00,12000.00,,,,工資或薪津,金錢,臺中市外埔區****,04-2*****,否,,,,,,,
266,李文傑,111年臺中市議員選舉,首次申報,1111127,人事費用支出,黃碧珍,L20*******,0.00,20000.00,,,,工資或薪津,金錢,臺中市大甲區****,0905*****,否,,,,,,,
267,李文傑,111年臺中市議員選舉,首次申報,1111127,人事費用支出,陳美玲,L22*******,0.00,20000.00,,,,工資或薪津,金錢,臺中市大甲區****,0921*****,否,,,,,,,
268,李文傑,111年臺中市議員選舉,首次申報,1111127,人事費用支出,王心美,Q22*******,0.00,20000.00,,,,工資或薪津,金錢,臺中市大甲區****,04-2*****,否,,,,,,,
269,李文傑,111年臺中市議員選舉,首次申報,1111128,雜支支出,三福美食館,26992862,0.00,3200.00,,,,餐飲費用,金錢,臺中市外埔區****,04-2*****,否,,,,,,,
270,李文傑,111年臺中市議員選舉,首次申報,1111128,人事費用支出,楊家偉,F12*******,0.00,1600.00,,,,工資或薪津,金錢,臺中市大安區****,0985*****,否,,,,,,,
271,李文傑,111年臺中市議員選舉,首次申報,1111128,租用宣傳車輛支出,羅木火,L10*******,0.00,23000.00,,,,雇用宣傳車輛駕駛費用,金錢,臺中市外埔區****,0937*****,否,,,,,,,
272,李文傑,111年臺中市議員選舉,首次申報,1111128,租用宣傳車輛支出,張泳福,L12*******,0.00,23000.00,,,,雇用宣傳車輛駕駛費用,金錢,臺中市大甲區****,0966*****,否,,,,,,,
273,李文傑,111年臺中市議員選舉,首次申報,1111128,租用宣傳車輛支出,鄭石旨,L12*******,0.00,23000.00,,,,雇用宣傳車輛駕駛費用,金錢,臺中市外埔區****,0921*****,否,,,,,,,
274,李文傑,111年臺中市議員選舉,首次申報,1111128,人事費用支出,卓綉枝,L22*******,0.00,1600.00,,,,工資或薪津,金錢,臺中市大安區****,0930*****,否,,,,,,,
275,李文傑,111年臺中市議員選舉,首次申報,1111128,人事費用支出,蕭碧霜,L22*******,0.00,1600.00,,,,工資或薪津,金錢,臺中市大安區****,0983*****,否,,,,,,,
276,李文傑,111年臺中市議員選舉,首次申報,1111128,租用宣傳車輛支出,許鴻銘,Q12*******,0.00,22000.00,,,,雇用宣傳車輛駕駛費用,金錢,臺中市大安區****,0916*****,否,,,,,,,
277,李文傑,111年臺中市議員選舉,首次申報,1111128,租用宣傳車輛支出,陳奕滕,R12*******,0.00,1750.00,,,,雇用宣傳車輛駕駛費用,金錢,臺南市麻豆區****,0925*****,否,,,,,,,
278,李文傑,111年臺中市議員選舉,首次申報,1111129,人事費用支出,楊家偉,F12*******,0.00,600.00,,,,工資或薪津,金錢,臺中市大安區****,0985*****,否,,,,,,,
279,李文傑,111年臺中市議員選舉,首次申報,1111130,宣傳支出,十美廣告設計社,56667168,0.00,130000.00,,,,其他與選舉宣傳有關之費用,金錢,臺中市大甲區****,04-2*****,否,,,,,,,
280,李文傑,111年臺中市議員選舉,首次申報,1111130,人事費用支出,郭烱聖,L12*******,0.00,3200.00,,,,工資或薪津,金錢,臺中市大甲區****,0989*****,否,,,,,,,
281,李文傑,111年臺中市議員選舉,首次申報,1111205,宣傳支出,十美廣告設計社,56667168,0.00,280000.00,,,,其他與選舉宣傳有關之費用,金錢,臺中市大甲區****,04-2*****,否,,,,,,,
282,李文傑,111年臺中市議員選舉,首次申報,1111205,宣傳支出,十美廣告設計社,56667168,0.00,140000.00,,,,其他與選舉宣傳有關之費用,金錢,臺中市大甲區****,04-2*****,否,,,,,,,
283,李文傑,111年臺中市議員選舉,首次申報,1111215,宣傳支出,十美廣告設計社,56667168,0.00,80000.00,,,,其他與選舉宣傳有關之費用,金錢,臺中市大甲區****,04-2*****,否,,,,,,,
