﻿序號,擬參選人／政黨,選舉名稱,申報序號／年度,交易日期,收支科目,捐贈者／支出對象,身分證／統一編號,收入金額,支出金額,支出用途,金錢類,地址,聯絡電話,資料更正日期
1,劉美蘭,107年鄉(鎮、市)長選舉,首次申報,1070917,宣傳支出,金品屋禮品贈品社,47434153,0.00,72000.00,製作候選人宣傳旗幟(含桿),金錢,苗栗縣苗栗市****,,
2,劉美蘭,107年鄉(鎮、市)長選舉,首次申報,1070921,宣傳支出,金品屋禮品贈品社,47434153,0.00,76500.00,製作候選人背心經費,金錢,苗栗縣苗栗市****,,
3,劉美蘭,107年鄉(鎮、市)長選舉,首次申報,1071027,宣傳支出,金品屋禮品贈品社,47434153,0.00,39200.00,製作候選人帽子經費,金錢,苗栗縣苗栗市****,,
4,劉美蘭,107年鄉(鎮、市)長選舉,首次申報,1071110,宣傳支出,慶浤企業社,66837347,0.00,37500.00,成立競選總部搭棚架.舞台車.音響等經費,金錢,苗栗縣公館鄉****,,
