﻿序號,擬參選人／政黨,選舉名稱,申報序號／年度,交易日期,收支科目,捐贈者／支出對象,身分證／統一編號,收入金額,支出金額,捐贈方式,存入專戶日期,返還/繳庫,支出用途,金錢類,地址,聯絡電話,應揭露之支出對象,支出對象之內部人員姓名,支出對象之內部人員職稱,政黨之內部人員姓名,政黨之內部人員職稱,關係,更正註記,資料更正日期
1,理新．哈魯蔚LISIN．HALUWEY,111年花蓮縣光復鄉鄉民代表選舉,首次申報,1110917,匿名捐贈,匿名,,100.00,0.00,匯款,1110917,,,金錢,,,,,,,,,,
2,理新．哈魯蔚LISIN．HALUWEY,111年花蓮縣光復鄉鄉民代表選舉,首次申報,1110917,個人捐贈收入,楊永清,A12*******,1000.00,0.00,匯款,1110917,,,金錢,臺北市內湖區****,0978*****,,,,,,,,
3,理新．哈魯蔚LISIN．HALUWEY,111年花蓮縣光復鄉鄉民代表選舉,首次申報,1110917,個人捐贈收入,徐國明,S12*******,2000.00,0.00,匯款,1110917,,,金錢,高雄市苓雅區****,0921*****,,,,,,,,
4,理新．哈魯蔚LISIN．HALUWEY,111年花蓮縣光復鄉鄉民代表選舉,首次申報,1110920,營利事業捐贈收入,哇大創意整合有限公司,54106352,20000.00,0.00,匯款,1110920,,,金錢,花蓮縣花蓮市****,03-8*****,,,,,,,,
5,理新．哈魯蔚LISIN．HALUWEY,111年花蓮縣光復鄉鄉民代表選舉,首次申報,1110920,個人捐贈收入,詹于諄,C22*******,1000.00,0.00,匯款,1110920,,,金錢,花蓮縣壽豐鄉****,0935*****,,,,,,,,
6,理新．哈魯蔚LISIN．HALUWEY,111年花蓮縣光復鄉鄉民代表選舉,首次申報,1110923,個人捐贈收入,谷拉斯．吾木,U12*******,5000.00,0.00,匯款,1110923,,,金錢,花蓮縣光復鄉****,0954*****,,,,,,,,
7,理新．哈魯蔚LISIN．HALUWEY,111年花蓮縣光復鄉鄉民代表選舉,首次申報,1110927,個人捐贈收入,林乃馨,E20*******,10000.00,0.00,匯款,1110927,,,金錢,花蓮縣光復鄉****,,,,,,,,,
8,理新．哈魯蔚LISIN．HALUWEY,111年花蓮縣光復鄉鄉民代表選舉,首次申報,1111011,個人捐贈收入,陳萃漁,U22*******,3000.00,0.00,匯款,1111011,,,金錢,新北市淡水區****,0972*****,,,,,,,,
9,理新．哈魯蔚LISIN．HALUWEY,111年花蓮縣光復鄉鄉民代表選舉,首次申報,1111014,個人捐贈收入,楊在茲,U22*******,3000.00,0.00,匯款,1111014,,,金錢,臺中市大里區****,0983*****,,,,,,,,
10,理新．哈魯蔚LISIN．HALUWEY,111年花蓮縣光復鄉鄉民代表選舉,首次申報,1111023,個人捐贈收入,李美儀 Ciwang Teyra,U22*******,5000.00,0.00,匯款,1111023,,,金錢,花蓮縣秀林鄉****,0921*****,,,,,,,,
11,理新．哈魯蔚LISIN．HALUWEY,111年花蓮縣光復鄉鄉民代表選舉,首次申報,1111024,個人捐贈收入,賴佩雲,U22*******,10000.00,0.00,匯款,1111024,,,金錢,臺北市大安區****,,,,,,,,,
12,理新．哈魯蔚LISIN．HALUWEY,111年花蓮縣光復鄉鄉民代表選舉,首次申報,1111026,個人捐贈收入,劉孝宏,P12*******,10000.00,0.00,匯款,1111026,,,金錢,雲林縣斗六市****,0919*****,,,,,,,,
13,理新．哈魯蔚LISIN．HALUWEY,111年花蓮縣光復鄉鄉民代表選舉,首次申報,1111029,個人捐贈收入,莎瓏．伊斯哈罕布德,G22*******,10000.00,0.00,匯款,1111029,,,金錢,新北市淡水區****,0988*****,,,,,,,,
14,理新．哈魯蔚LISIN．HALUWEY,111年花蓮縣光復鄉鄉民代表選舉,首次申報,1111109,個人捐贈收入,詹世豪,U12*******,5000.00,0.00,現金,1111121,,,金錢,花蓮縣光復鄉****,0989*****,,,,,,,,
15,理新．哈魯蔚LISIN．HALUWEY,111年花蓮縣光復鄉鄉民代表選舉,首次申報,1111110,個人捐贈收入,余浩瑋,H12*******,2000.00,0.00,匯款,1111110,,,金錢,新北市淡水區****,0286*****,,,,,,,,
16,理新．哈魯蔚LISIN．HALUWEY,111年花蓮縣光復鄉鄉民代表選舉,首次申報,1111119,匿名捐贈,匿名,,1000.00,0.00,現金,1111121,,,金錢,,,,,,,,,,
17,理新．哈魯蔚LISIN．HALUWEY,111年花蓮縣光復鄉鄉民代表選舉,首次申報,1111119,匿名捐贈,匿名,,2000.00,0.00,現金,1111121,,,金錢,,,,,,,,,,
18,理新．哈魯蔚LISIN．HALUWEY,111年花蓮縣光復鄉鄉民代表選舉,首次申報,1111119,匿名捐贈,匿名,,1000.00,0.00,現金,1111121,,,金錢,,,,,,,,,,
19,理新．哈魯蔚LISIN．HALUWEY,111年花蓮縣光復鄉鄉民代表選舉,首次申報,1111119,匿名捐贈,匿名,,1000.00,0.00,現金,1111121,,,金錢,,,,,,,,,,
20,理新．哈魯蔚LISIN．HALUWEY,111年花蓮縣光復鄉鄉民代表選舉,首次申報,1111119,匿名捐贈,匿名,,1000.00,0.00,現金,1111121,,,金錢,,,,,,,,,,
21,理新．哈魯蔚LISIN．HALUWEY,111年花蓮縣光復鄉鄉民代表選舉,首次申報,1111119,匿名捐贈,匿名,,1680.00,0.00,現金,1111121,,,金錢,,,,,,,,,,
22,理新．哈魯蔚LISIN．HALUWEY,111年花蓮縣光復鄉鄉民代表選舉,首次申報,1111119,匿名捐贈,匿名,,10000.00,0.00,現金,1111121,,,金錢,,,,,,,,,,
23,理新．哈魯蔚LISIN．HALUWEY,111年花蓮縣光復鄉鄉民代表選舉,首次申報,1111119,個人捐贈收入,林志洋,B12*******,500.00,0.00,匯款,1111119,,,金錢,臺東縣臺東市****,0919*****,,,,,,,,
24,理新．哈魯蔚LISIN．HALUWEY,111年花蓮縣光復鄉鄉民代表選舉,首次申報,1111119,個人捐贈收入,康宸甄,K22*******,1000.00,0.00,現金,1111121,,,金錢,桃園市中壢區****,0958*****,,,,,,,,
25,理新．哈魯蔚LISIN．HALUWEY,111年花蓮縣光復鄉鄉民代表選舉,首次申報,1111119,個人捐贈收入,詹明忠,U12*******,5000.00,0.00,現金,1111121,,,金錢,花蓮縣光復鄉****,0963*****,,,,,,,,
26,理新．哈魯蔚LISIN．HALUWEY,111年花蓮縣光復鄉鄉民代表選舉,首次申報,1111119,個人捐贈收入,林鳳廷,U22*******,3600.00,0.00,現金,1111121,,,金錢,花蓮縣光復鄉****,0966*****,,,,,,,,
27,理新．哈魯蔚LISIN．HALUWEY,111年花蓮縣光復鄉鄉民代表選舉,首次申報,1111119,個人捐贈收入,余欣蘭,U22*******,3000.00,0.00,現金,1111121,,,金錢,花蓮縣秀林鄉****,,,,,,,,,
28,理新．哈魯蔚LISIN．HALUWEY,111年花蓮縣光復鄉鄉民代表選舉,首次申報,1111119,個人捐贈收入,曾于軒 Posak Jodian,U22*******,3000.00,0.00,現金,1111121,,,金錢,花蓮縣花蓮市****,,,,,,,,,
29,理新．哈魯蔚LISIN．HALUWEY,111年花蓮縣光復鄉鄉民代表選舉,首次申報,1111119,個人捐贈收入,季紅瑋,Y22*******,6000.00,0.00,現金,1111121,,,金錢,花蓮縣花蓮市****,0975*****,,,,,,,,
