﻿序號,擬參選人／政黨,選舉名稱,申報序號／年度,交易日期,收支科目,捐贈者／支出對象,身分證／統一編號,收入金額,支出金額,捐贈方式,存入專戶日期,返還/繳庫,支出用途,金錢類,地址,聯絡電話,應揭露之支出對象,支出對象之內部人員姓名,支出對象之內部人員職稱,政黨之內部人員姓名,政黨之內部人員職稱,關係,更正註記,資料更正日期
1,林俊毅,111年彰化縣議員選舉,首次申報,1110613,個人捐贈收入,賀嵩梅,,2000.00,0.00,匯款,1110613,,,金錢,永靖鄉永西村****,,,,,,,,,
2,林俊毅,111年彰化縣議員選舉,首次申報,1110617,個人捐贈收入,林淑卿,,1000.00,0.00,匯款,1110617,,,金錢,高雄市左營區****,,,,,,,,,
3,林俊毅,111年彰化縣議員選舉,首次申報,1110627,個人捐贈收入,洪茂松,,10000.00,0.00,匯款,1110627,,,金錢,新北市安樂路****,,,,,,,,,
4,林俊毅,111年彰化縣議員選舉,首次申報,1110705,營利事業捐贈收入,龍禾實業有限公司,27447659,120000.00,0.00,匯款,1110705,,,金錢,新北市八里區****,,,,,,,,,
5,林俊毅,111年彰化縣議員選舉,首次申報,1110708,個人捐贈收入,劉界宏,,1000.00,0.00,匯款,1110708,,,金錢,雲林縣斗南鎮****,,,,,,,,,
6,林俊毅,111年彰化縣議員選舉,首次申報,1110708,個人捐贈收入,鍾淑芬,,3000.00,0.00,匯款,1110708,,,金錢,新北市三重區****,,,,,,,,,
7,林俊毅,111年彰化縣議員選舉,首次申報,1110715,個人捐贈收入,郭宜菁,,500.00,0.00,現金,1110715,,,金錢,台北市內湖區****,,,,,,,,,
8,林俊毅,111年彰化縣議員選舉,首次申報,1110727,個人捐贈收入,廖惠芳,,3600.00,0.00,匯款,1110727,,,金錢,雲林縣埔子村****,,,,,,,,,
9,林俊毅,111年彰化縣議員選舉,首次申報,1110728,個人捐贈收入,洪彩鳳,,2000.00,0.00,匯款,1110728,,,金錢,虎尾鎮工專路****,,,,,,,,,
10,林俊毅,111年彰化縣議員選舉,首次申報,1110830,個人捐贈收入,莊育孟,,3600.00,0.00,匯款,1110830,,,金錢,桃園市育達路****,,,,,,,,,
11,林俊毅,111年彰化縣議員選舉,首次申報,1110831,個人捐贈收入,劉良義,P10*******,20000.00,0.00,匯款,1110831,,,金錢,雲林縣斗六市****,,,,,,,,,
12,林俊毅,111年彰化縣議員選舉,首次申報,1110921,個人捐贈收入,廖美麗,,8888.00,0.00,匯款,1110921,,,金錢,台北市文山區****,,,,,,,,,
13,林俊毅,111年彰化縣議員選舉,首次申報,1110921,個人捐贈收入,洪志成,,8880.00,0.00,匯款,1110921,,,金錢,台北市大安區****,,,,,,,,,
14,林俊毅,111年彰化縣議員選舉,首次申報,1111016,個人捐贈收入,陳育賢,,2000.00,0.00,匯款,1111016,,,金錢,虎尾鎮永安街****,,,,,,,,,
15,林俊毅,111年彰化縣議員選舉,首次申報,1111019,個人捐贈收入,韋文敏,,3600.00,0.00,匯款,1111019,,,金錢,新北市仁愛路****,,,,,,,,,
16,林俊毅,111年彰化縣議員選舉,首次申報,1111024,個人捐贈收入,蔡聰榮,,20000.00,0.00,匯款,1111024,,,金錢,雲林縣四湖鄉****,,,,,,,,,
17,林俊毅,111年彰化縣議員選舉,首次申報,1111027,個人捐贈收入,李昇達,,3000.00,0.00,匯款,1111027,,,金錢,桃園市桃園區****,,,,,,,,,
18,林俊毅,111年彰化縣議員選舉,首次申報,1111111,個人捐贈收入,鍾信明,,3600.00,0.00,匯款,1111111,,,金錢,新北市新市三****,,,,,,,,,
19,林俊毅,111年彰化縣議員選舉,首次申報,1111123,個人捐贈收入,巫翠芬,,6000.00,0.00,匯款,1111123,,,金錢,彰化縣田中鎮****,,,,,,,,,
20,林俊毅,111年彰化縣議員選舉,首次申報,1111221,其他收入,利息收入,,72.00,0.00,匯款,1111221,,,金錢,,,,,,,,,,
