﻿序號,擬參選人／政黨,選舉名稱,申報序號／年度,交易日期,收支科目,捐贈者／支出對象,身分證／統一編號,收入金額,支出金額,支出用途,金錢類,地址,聯絡電話,資料更正日期
1,陳慶齡,107年縣(市)議員選舉,首次申報,1071001,個人捐贈收入,楊堯一,J12*******,50000.00,0.00,,金錢,新竹市北大路****,,
2,陳慶齡,107年縣(市)議員選舉,首次申報,1071005,個人捐贈收入,陳憶茹,J22*******,200000.00,0.00,,金錢,新竹市中華路****,,
3,陳慶齡,107年縣(市)議員選舉,首次申報,1071016,個人捐贈收入,李忠全,V12*******,100000.00,0.00,,金錢,新竹縣竹北市****,,
4,陳慶齡,107年縣(市)議員選舉,首次申報,1071023,個人捐贈收入,陳福傅,J12*******,20000.00,0.00,,金錢,,,
5,陳慶齡,107年縣(市)議員選舉,首次申報,1071023,個人捐贈收入,丁淑觀,J22*******,5000.00,0.00,,金錢,,,
6,陳慶齡,107年縣(市)議員選舉,首次申報,1071023,個人捐贈收入,鐘欽煌,K10*******,10000.00,0.00,,金錢,,,
7,陳慶齡,107年縣(市)議員選舉,首次申報,1071024,個人捐贈收入,李季蓉,H22*******,10000.00,0.00,,金錢,,,
8,陳慶齡,107年縣(市)議員選舉,首次申報,1071024,個人捐贈收入,陳錦潭,J10*******,6000.00,0.00,,金錢,,,
9,陳慶齡,107年縣(市)議員選舉,首次申報,1071024,個人捐贈收入,陳世取,J12*******,20000.00,0.00,,金錢,,,
10,陳慶齡,107年縣(市)議員選舉,首次申報,1071025,個人捐贈收入,林悅治,,8000.00,0.00,,金錢,新竹市牛埔路****,,
11,陳慶齡,107年縣(市)議員選舉,首次申報,1071025,個人捐贈收入,郭金福,F10*******,1500.00,0.00,,金錢,,,
12,陳慶齡,107年縣(市)議員選舉,首次申報,1071025,個人捐贈收入,鐘金土,J10*******,1500.00,0.00,,金錢,,,
13,陳慶齡,107年縣(市)議員選舉,首次申報,1071025,個人捐贈收入,蔡添進,J10*******,1500.00,0.00,,金錢,,,
14,陳慶齡,107年縣(市)議員選舉,首次申報,1071025,個人捐贈收入,張學益,J10*******,1500.00,0.00,,金錢,,,
15,陳慶齡,107年縣(市)議員選舉,首次申報,1071025,個人捐贈收入,林繼宗,J10*******,1500.00,0.00,,金錢,,,
16,陳慶齡,107年縣(市)議員選舉,首次申報,1071025,個人捐贈收入,楊德良,J10*******,1500.00,0.00,,金錢,,,
17,陳慶齡,107年縣(市)議員選舉,首次申報,1071025,個人捐贈收入,陳文城,J10*******,1500.00,0.00,,金錢,,,
18,陳慶齡,107年縣(市)議員選舉,首次申報,1071025,個人捐贈收入,黃細玉,J10*******,1500.00,0.00,,金錢,,,
19,陳慶齡,107年縣(市)議員選舉,首次申報,1071025,個人捐贈收入,林榮村,J12*******,20000.00,0.00,,金錢,,,
