﻿序號,擬參選人／政黨,選舉名稱,申報序號／年度,交易日期,收支科目,捐贈者／支出對象,身分證／統一編號,收入金額,支出金額,捐贈方式,存入專戶日期,返還/繳庫,支出用途,金錢類,地址,聯絡電話,應揭露之支出對象,支出對象之內部人員姓名,支出對象之內部人員職稱,政黨之內部人員姓名,政黨之內部人員職稱,關係,更正註記,資料更正日期
1,張瀞分,111年臺中市議員選舉,首次申報,1110714,宣傳支出,李維寧,,0.00,24338.00,,,,租用廣告看板,金錢,臺中市后里區****,0425*****,否,,,,,,,
2,張瀞分,111年臺中市議員選舉,首次申報,1110714,租用競選辦事處支出,中華電信股份有限公司,39892346,0.00,1000.00,,,,其他與租用競選辦事處有關之費用,金錢,臺中市豐原區****,0800*****,否,,,,,,,
3,張瀞分,111年臺中市議員選舉,首次申報,1110714,租用競選辦事處支出,中華電信股份有限公司,39892346,0.00,3000.00,,,,其他與租用競選辦事處有關之費用,金錢,臺中市豐原區****,0800*****,否,,,,,,,
4,張瀞分,111年臺中市議員選舉,首次申報,1110714,租用競選辦事處支出,中華電信股份有限公司,39892346,0.00,1000.00,,,,其他與租用競選辦事處有關之費用,金錢,臺中市豐原區****,0800*****,否,,,,,,,
5,張瀞分,111年臺中市議員選舉,首次申報,1110714,租用競選辦事處支出,中華電信股份有限公司,39892346,0.00,1000.00,,,,其他與租用競選辦事處有關之費用,金錢,臺中市豐原區****,0800*****,否,,,,,,,
6,張瀞分,111年臺中市議員選舉,首次申報,1110714,宣傳支出,川鋒開發事業有限公司,45878898,0.00,80323.00,,,,租用廣告看板,金錢,臺中市東勢區****,0930*****,否,,,,,,,
7,張瀞分,111年臺中市議員選舉,首次申報,1110714,宣傳支出,名鑫廣告有限公司,54121065,0.00,45806.00,,,,租用廣告看板,金錢,臺中市梧棲區****,0426*****,否,,,,,,,
8,張瀞分,111年臺中市議員選舉,首次申報,1110714,雜支支出,鑫九商行,87236566,0.00,250.00,,,,雜項購置或修繕費用,金錢,臺中市豐原區****,0425*****,否,,,,,,,
9,張瀞分,111年臺中市議員選舉,首次申報,1110714,宣傳支出,張國強,K12*******,0.00,34323.00,,,,租用廣告看板,金錢,臺中市豐原區****,2527*****,否,,,,,,,
10,張瀞分,111年臺中市議員選舉,首次申報,1110714,宣傳支出,羅榮,L10*******,0.00,14603.00,,,,租用廣告看板,金錢,臺中市豐原區****,2520*****,否,,,,,,,
11,張瀞分,111年臺中市議員選舉,首次申報,1110714,租用競選辦事處支出,張國益,L10*******,0.00,132419.00,,,,租用競選辦事處費用,金錢,臺中市豐原區****,0936*****,否,,,,,,,
12,張瀞分,111年臺中市議員選舉,首次申報,1110714,宣傳支出,劉秋東,L10*******,0.00,53548.00,,,,租用廣告看板,金錢,臺中市豐原區****,0936*****,否,,,,,,,
13,張瀞分,111年臺中市議員選舉,首次申報,1110714,租用競選辦事處支出,劉威廷,L12*******,0.00,188800.00,,,,租用競選辦事處費用,金錢,臺中市東勢區****,0937*****,否,,,,,,,
14,張瀞分,111年臺中市議員選舉,首次申報,1110714,宣傳支出,呂碧循,L22*******,0.00,36645.00,,,,租用廣告看板,金錢,臺中市豐原區****,0921*****,否,,,,,,,
15,張瀞分,111年臺中市議員選舉,首次申報,1110714,宣傳支出,張梅英,T22*******,0.00,29452.00,,,,租用廣告看板,金錢,臺中市豐原區****,0932*****,否,,,,,,,
16,張瀞分,111年臺中市議員選舉,首次申報,1110717,雜支支出,元瑞五金商行有限公司,28027135,0.00,619.00,,,,雜項購置或修繕費用,金錢,臺中市豐原區****,0425*****,否,,,,,,,
17,張瀞分,111年臺中市議員選舉,首次申報,1110718,雜支支出,全友五金,16045622,0.00,314.00,,,,雜項購置或修繕費用,金錢,臺中市豐原區****,0425*****,否,,,,,,,
18,張瀞分,111年臺中市議員選舉,首次申報,1110718,宣傳支出,兆鼎生醫股份有限公司,83086897,0.00,131550.00,,,,製作競選物品或宣傳廣告費用（口罩）,金錢,臺中市梧棲區****,04-2*****,否,,,,,,,
19,張瀞分,111年臺中市議員選舉,首次申報,1110719,雜支支出,阿官火鍋,45311704,0.00,950.00,,,,餐飲費用,金錢,臺中市豐原區****,0425*****,否,,,,,,,
20,張瀞分,111年臺中市議員選舉,首次申報,1110721,雜支支出,全友五金興悅五金企業有限公司,27675386,0.00,3217.00,,,,雜項購置或修繕費用,金錢,臺中市豐原區****,0425*****,否,,,,,,,
21,張瀞分,111年臺中市議員選舉,首次申報,1110722,雜支支出,十大鎖匙行,97864473,0.00,1620.00,,,,雜項購置或修繕費用,金錢,臺中市豐原區****,04-2*****,否,,,,,,,
22,張瀞分,111年臺中市議員選舉,首次申報,1110723,雜支支出,吉財製香行,25352467,0.00,500.00,,,,雜項購置或修繕費用,金錢,臺中市豐原區****,0425*****,否,,,,,,,
23,張瀞分,111年臺中市議員選舉,首次申報,1110723,雜支支出,順發SUNFAR,28980188,0.00,1078.00,,,,雜項購置或修繕費用,金錢,臺中市豐原區****,0425*****,否,,,,,,,
24,張瀞分,111年臺中市議員選舉,首次申報,1110723,雜支支出,萬味香便當店,82568328,0.00,1600.00,,,,餐飲費用,金錢,臺中市豐原區****,0425*****,否,,,,,,,
25,張瀞分,111年臺中市議員選舉,首次申報,1110723,雜支支出,振宇五金股份有限公司豐原成功分公司,83149696,0.00,223.00,,,,雜項購置或修繕費用,金錢,臺中市豐原區****,0425*****,否,,,,,,,
26,張瀞分,111年臺中市議員選舉,首次申報,1110724,雜支支出,嘉聯興五金有限公司,90407830,0.00,200.00,,,,雜項購置或修繕費用,金錢,臺中市豐原區****,04-2*****,否,,,,,,,
27,張瀞分,111年臺中市議員選舉,首次申報,1110726,雜支支出,中華郵政,,0.00,48.00,,,,電信費用,金錢,臺中市豐原區****,,否,,,,,,,
28,張瀞分,111年臺中市議員選舉,首次申報,1110727,雜支支出,讚興糖果行,55409207,0.00,174.00,,,,餐飲費用,金錢,臺中市豐原區****,04-2*****,否,,,,,,,
29,張瀞分,111年臺中市議員選舉,首次申報,1110728,雜支支出,嘉聯興五金有限公司,90407830,0.00,514.00,,,,雜項購置或修繕費用,金錢,臺中市豐原區****,04-2*****,否,,,,,,,
30,張瀞分,111年臺中市議員選舉,首次申報,1110801,雜支支出,建成書局,25386419,0.00,1257.00,,,,文具用品費用,金錢,臺中市豐原區****,04-2*****,否,,,,,,,
31,張瀞分,111年臺中市議員選舉,首次申報,1110802,雜支支出,墨水大師,39748271,0.00,1602.00,,,,文具用品費用,金錢,臺中市豐原區****,04-2*****,否,,,,,,,
32,張瀞分,111年臺中市議員選舉,首次申報,1110802,雜支支出,十大鎖匙行,97864473,0.00,830.00,,,,雜項購置或修繕費用,金錢,臺中市豐原區****,04-2*****,否,,,,,,,
33,張瀞分,111年臺中市議員選舉,首次申報,1110803,雜支支出,中華電信,52003801,0.00,60.00,,,,電信費用,金錢,臺中市西區市****,0800*****,否,,,,,,,
34,張瀞分,111年臺中市議員選舉,首次申報,1110803,雜支支出,佳司五金行,98702960,0.00,249.00,,,,雜項購置或修繕費用,金錢,臺中市豐原區****,04-2*****,否,,,,,,,
35,張瀞分,111年臺中市議員選舉,首次申報,1110804,租用宣傳車輛支出,合祥汽車有限公司,27447840,0.00,12400.00,,,,維修宣傳車輛費用,金錢,臺中市豐原區****,04-2*****,否,,,,,,,
36,張瀞分,111年臺中市議員選舉,首次申報,1110805,雜支支出,嘉聯興五金有限公司,90407830,0.00,98.00,,,,雜項購置或修繕費用,金錢,臺中市豐原區****,04-2*****,否,,,,,,,
37,張瀞分,111年臺中市議員選舉,首次申報,1110807,宣傳支出,憲文堂,55637075,0.00,12600.00,,,,製作競選物品或宣傳廣告費用（口罩貼紙）,金錢,臺中市豐原區****,04-2*****,否,,,,,,,
38,張瀞分,111年臺中市議員選舉,首次申報,1110807,雜支支出,嘉聯興五金有限公司,90407830,0.00,316.00,,,,餐飲費用,金錢,臺中市豐原區****,04-2*****,否,,,,,,,
39,張瀞分,111年臺中市議員選舉,首次申報,1110809,雜支支出,吉財製香行,25352467,0.00,300.00,,,,雜項購置或修繕費用,金錢,臺中市豐原區****,0425*****,否,,,,,,,
40,張瀞分,111年臺中市議員選舉,首次申報,1110809,雜支支出,台中多媒體股份有限公司,70622810,0.00,6000.00,,,,餐飲費用,金錢,臺中市北屯區****,,否,,,,,,,
41,張瀞分,111年臺中市議員選舉,首次申報,1110810,雜支支出,豐陽五金商行,72535708,0.00,405.00,,,,雜項購置或修繕費用,金錢,臺中市豐原區****,04-2*****,否,,,,,,,
42,張瀞分,111年臺中市議員選舉,首次申報,1110810,宣傳支出,胡廷岳,L12*******,0.00,12000.00,,,,租用廣告看板,金錢,臺中市豐原區****,0933*****,否,,,,,,,
43,張瀞分,111年臺中市議員選舉,首次申報,1110811,雜支支出,全聯福利中心豐東分公司,53650208,0.00,33.00,,,,餐飲費用,金錢,臺中市豐原區****,04-2*****,否,,,,,,,
44,張瀞分,111年臺中市議員選舉,首次申報,1110811,雜支支出,合成五金行,55843504,0.00,150.00,,,,雜項購置或修繕費用,金錢,臺中市豐原區****,04-2*****,否,,,,,,,
45,張瀞分,111年臺中市議員選舉,首次申報,1110813,雜支支出,建志慶五金超級商行,98852192,0.00,165.00,,,,文具用品費用,金錢,臺中市豐原區****,0425*****,否,,,,,,,
46,張瀞分,111年臺中市議員選舉,首次申報,1110816,租用競選辦事處支出,昶風廣告社,81960083,0.00,55850.00,,,,裝潢競選辦事處費用,金錢,臺中市豐原區****,0425*****,否,,,,,,,
47,張瀞分,111年臺中市議員選舉,首次申報,1110816,雜支支出,十大鎖匙行,97864473,0.00,420.00,,,,雜項購置或修繕費用,金錢,臺中市豐原區****,04-2*****,否,,,,,,,
48,張瀞分,111年臺中市議員選舉,首次申報,1110817,宣傳支出,黃盛茂,,0.00,18000.00,,,,租用廣告看板,金錢,臺中市后里區****,0425*****,否,,,,,,,
49,張瀞分,111年臺中市議員選舉,首次申報,1110817,宣傳支出,憲文堂,55637075,0.00,9000.00,,,,製作競選物品或宣傳廣告費用（口罩貼紙）,金錢,臺中市豐原區****,04-2*****,否,,,,,,,
50,張瀞分,111年臺中市議員選舉,首次申報,1110817,雜支支出,豐陽五金商行,72535708,0.00,296.00,,,,雜項購置或修繕費用,金錢,臺中市豐原區****,04-2*****,否,,,,,,,
51,張瀞分,111年臺中市議員選舉,首次申報,1110817,宣傳支出,王明義,L10*******,0.00,12000.00,,,,租用廣告看板,金錢,臺中市后里區****,0425*****,否,,,,,,,
52,張瀞分,111年臺中市議員選舉,首次申報,1110817,宣傳支出,張世奇,L12*******,0.00,12000.00,,,,租用廣告看板,金錢,臺中市后里區****,0976*****,否,,,,,,,
53,張瀞分,111年臺中市議員選舉,首次申報,1110819,雜支支出,六碼手藝行,25350600,0.00,700.00,,,,文具用品費用,金錢,臺中市豐原區****,04-2*****,否,,,,,,,
54,張瀞分,111年臺中市議員選舉,首次申報,1110820,雜支支出,心田商行,13421757,0.00,620.00,,,,餐飲費用,金錢,臺中市豐原區****,0425*****,否,,,,,,,
55,張瀞分,111年臺中市議員選舉,首次申報,1110822,雜支支出,中華電信,52003801,0.00,1126.00,,,,電信費用,金錢,臺中市西區市****,0800*****,否,,,,,,,
56,張瀞分,111年臺中市議員選舉,首次申報,1110822,宣傳支出,鬥陣行銷商行,88634417,0.00,160000.00,,,,製作競選物品或宣傳廣告費用（竹製不求人）,金錢,臺中市北屯區****,0901*****,否,,,,,,,
57,張瀞分,111年臺中市議員選舉,首次申報,1110823,雜支支出,中華電信,52003801,0.00,52.00,,,,電信費用,金錢,臺中市西區市****,0800*****,否,,,,,,,
58,張瀞分,111年臺中市議員選舉,首次申報,1110823,雜支支出,中華電信,52003801,0.00,1006.00,,,,電信費用,金錢,臺中市西區市****,0800*****,否,,,,,,,
59,張瀞分,111年臺中市議員選舉,首次申報,1110823,租用宣傳車輛支出,台灣中油,55029579,0.00,1000.00,,,,宣傳車輛燃料費用,金錢,臺中市豐原區****,,否,,,,,,,
60,張瀞分,111年臺中市議員選舉,首次申報,1110824,雜支支出,中華電信,52003801,0.00,131.00,,,,電信費用,金錢,臺中市西區市****,0800*****,否,,,,,,,
61,張瀞分,111年臺中市議員選舉,首次申報,1110824,雜支支出,中華電信,52003801,0.00,54.00,,,,電信費用,金錢,臺中市西區市****,0800*****,否,,,,,,,
62,張瀞分,111年臺中市議員選舉,首次申報,1110824,雜支支出,中華電信,52003801,0.00,635.00,,,,網際網路費用,金錢,臺中市西區市****,0800*****,否,,,,,,,
63,張瀞分,111年臺中市議員選舉,首次申報,1110824,宣傳支出,兆鼎生醫股份有限公司,83086897,0.00,48000.00,,,,製作競選物品或宣傳廣告費用（口罩）,金錢,臺中市梧棲區****,04-2*****,否,,,,,,,
64,張瀞分,111年臺中市議員選舉,首次申報,1110826,宣傳支出,鬥陣行銷商行,88634417,0.00,130000.00,,,,製作競選物品或宣傳廣告費用（護手霜）,金錢,臺中市北屯區****,0901*****,否,,,,,,,
65,張瀞分,111年臺中市議員選舉,首次申報,1110829,租用宣傳車輛支出,合祥汽車有限公司,27447840,0.00,9000.00,,,,維修宣傳車輛費用,金錢,臺中市豐原區****,04-2*****,否,,,,,,,
66,張瀞分,111年臺中市議員選舉,首次申報,1110830,雜支支出,振宇五金股份有限公司豐原成功分公司,83149696,0.00,78.00,,,,雜項購置或修繕費用,金錢,臺中市豐原區****,0425*****,否,,,,,,,
67,張瀞分,111年臺中市議員選舉,首次申報,1110830,宣傳支出,廖慧珠,L22*******,0.00,6000.00,,,,租用廣告看板,金錢,臺中市豐原區****,0425*****,否,,,,,,,
68,張瀞分,111年臺中市議員選舉,首次申報,1110831,宣傳支出,信効生物科技股份有限公司,27850882,0.00,47040.00,,,,製作競選物品或宣傳廣告費用（貼布）,金錢,嘉義市東興里****,0527*****,否,,,,,,,
69,張瀞分,111年臺中市議員選舉,首次申報,1110831,雜支支出,全聯福利中心豐原豐東分公司,53650208,0.00,64.00,,,,餐飲費用,金錢,臺中市豐原區****,04-2*****,否,,,,,,,
70,張瀞分,111年臺中市議員選舉,首次申報,1110901,雜支支出,聯合報、自由時報豐原分社,,0.00,600.00,,,,書報雜誌費用,金錢,臺中市豐原區****,2528*****,否,,,,,,,
71,張瀞分,111年臺中市議員選舉,首次申報,1110901,宣傳支出,憲文堂,55637075,0.00,2700.00,,,,製作競選物品或宣傳廣告費用（手舉牌）,金錢,臺中市豐原區****,04-2*****,否,,,,,,,
72,張瀞分,111年臺中市議員選舉,首次申報,1110901,雜支支出,豐合能源(股)公司,80566422,0.00,650.00,,,,水電瓦斯費用,金錢,臺中市神岡區****,0425*****,否,,,,,,,
73,張瀞分,111年臺中市議員選舉,首次申報,1110901,雜支支出,豐合能源(股)公司,80566422,0.00,250.00,,,,水電瓦斯費用,金錢,臺中市神岡區****,0425*****,否,,,,,,,
74,張瀞分,111年臺中市議員選舉,首次申報,1110901,雜支支出,老佛爺滷肉,82657905,0.00,2375.00,,,,餐飲費用,金錢,臺中市豐原區****,0425*****,否,,,,,,,
75,張瀞分,111年臺中市議員選舉,首次申報,1110902,雜支支出,全友五金興悅五金企業有限公司,27675386,0.00,787.00,,,,雜項購置或修繕費用,金錢,臺中市豐原區****,0425*****,否,,,,,,,
76,張瀞分,111年臺中市議員選舉,首次申報,1110902,宣傳支出,憲文堂,55637075,0.00,9000.00,,,,製作競選物品或宣傳廣告費用（貼紙）,金錢,臺中市豐原區****,04-2*****,否,,,,,,,
77,張瀞分,111年臺中市議員選舉,首次申報,1110903,宣傳支出,憲文堂,55637075,0.00,6000.00,,,,製作競選物品或宣傳廣告費用（貼紙）,金錢,臺中市豐原區****,04-2*****,否,,,,,,,
78,張瀞分,111年臺中市議員選舉,首次申報,1110903,租用宣傳車輛支出,佳揚廣告社,L10*******,0.00,24000.00,,,,雇用宣傳車輛駕駛費用,金錢,臺中市豐原區****,0928*****,否,,,,,,,
79,張瀞分,111年臺中市議員選舉,首次申報,1110904,雜支支出,全聯福利中心豐原豐東分公司,53650208,0.00,178.00,,,,雜項購置或修繕費用,金錢,臺中市豐原區****,04-2*****,否,,,,,,,
80,張瀞分,111年臺中市議員選舉,首次申報,1110904,宣傳支出,憲文堂,55637075,0.00,4800.00,,,,製作競選物品或宣傳廣告費用（貼紙）,金錢,臺中市豐原區****,04-2*****,否,,,,,,,
81,張瀞分,111年臺中市議員選舉,首次申報,1110905,雜支支出,建成書局,25386419,0.00,235.00,,,,文具用品費用,金錢,臺中市豐原區****,04-2*****,否,,,,,,,
82,張瀞分,111年臺中市議員選舉,首次申報,1110905,雜支支出,台北永和黑豆漿,39682221,0.00,2400.00,,,,餐飲費用,金錢,臺中市豐原區****,0425*****,否,,,,,,,
83,張瀞分,111年臺中市議員選舉,首次申報,1110905,雜支支出,寶家居家五金,90727643,0.00,701.00,,,,雜項購置或修繕費用,金錢,臺中市豐原區****,0425*****,否,,,,,,,
84,張瀞分,111年臺中市議員選舉,首次申報,1110906,雜支支出,皇泰安全帽,26887854,0.00,500.00,,,,雜項購置或修繕費用,金錢,臺中市豐原區****,0425*****,否,,,,,,,
85,張瀞分,111年臺中市議員選舉,首次申報,1110906,雜支支出,全聯福利中心豐原豐東分公司,53650208,0.00,49.00,,,,雜項購置或修繕費用,金錢,臺中市豐原區****,04-2*****,否,,,,,,,
86,張瀞分,111年臺中市議員選舉,首次申報,1110906,宣傳支出,憲文堂,55637075,0.00,24000.00,,,,製作競選物品或宣傳廣告費用（邀請卡）,金錢,臺中市豐原區****,04-2*****,否,,,,,,,
87,張瀞分,111年臺中市議員選舉,首次申報,1110907,雜支支出,信義早餐店,21813073,0.00,4200.00,,,,餐飲費用,金錢,臺中市豐原區****,0425*****,否,,,,,,,
88,張瀞分,111年臺中市議員選舉,首次申報,1110907,租用宣傳車輛支出,合祥汽車有限公司,27447840,0.00,2200.00,,,,維修宣傳車輛費用,金錢,臺中市豐原區****,04-2*****,否,,,,,,,
89,張瀞分,111年臺中市議員選舉,首次申報,1110907,雜支支出,IKEA,54284187,0.00,1212.00,,,,雜項購置或修繕費用,金錢,臺中市南屯區****,0427*****,否,,,,,,,
90,張瀞分,111年臺中市議員選舉,首次申報,1110907,雜支支出,嘉聯興五金有限公司,90407830,0.00,165.00,,,,雜項購置或修繕費用,金錢,臺中市豐原區****,04-2*****,否,,,,,,,
91,張瀞分,111年臺中市議員選舉,首次申報,1110908,雜支支出,全聯福利中心豐原豐東分公司,53650208,0.00,158.00,,,,雜項購置或修繕費用,金錢,臺中市豐原區****,04-2*****,否,,,,,,,
92,張瀞分,111年臺中市議員選舉,首次申報,1110908,宣傳支出,憲文堂,55637075,0.00,13500.00,,,,製作競選物品或宣傳廣告費用（貼紙）,金錢,臺中市豐原區****,04-2*****,否,,,,,,,
93,張瀞分,111年臺中市議員選舉,首次申報,1110908,雜支支出,信倡汽車百貨行,98707487,0.00,15000.00,,,,雜項購置或修繕費用,金錢,臺中市豐原區****,0425*****,否,,,,,,,
94,張瀞分,111年臺中市議員選舉,首次申報,1110909,雜支支出,全友五金,16045622,0.00,165.00,,,,雜項購置或修繕費用,金錢,臺中市豐原區****,0425*****,否,,,,,,,
95,張瀞分,111年臺中市議員選舉,首次申報,1110909,租用宣傳車輛支出,西歐加油站,45414954,0.00,306.00,,,,其他與租用宣傳車輛有關之費用,金錢,臺中市豐原區****,0425*****,否,,,,,,,
96,張瀞分,111年臺中市議員選舉,首次申報,1110909,雜支支出,游豐盛商行,55272808,0.00,360.00,,,,雜項購置或修繕費用,金錢,臺中市豐原區****,0425*****,否,,,,,,,
97,張瀞分,111年臺中市議員選舉,首次申報,1110909,租用宣傳車輛支出,上允電動工具行,77672309,0.00,1700.00,,,,其他與租用宣傳車輛有關之費用,金錢,臺中市豐原區****,0425*****,否,,,,,,,
98,張瀞分,111年臺中市議員選舉,首次申報,1110910,宣傳支出,威成服裝行,15684945,0.00,59500.00,,,,製作競選物品或宣傳廣告費用（背心、戰旗、帽子、直立旗）,金錢,臺中市豐原區****,0425*****,否,,,,,,,
99,張瀞分,111年臺中市議員選舉,首次申報,1110910,雜支支出,梁社漢排骨飯,88565798,0.00,148.00,,,,餐飲費用,金錢,臺中市豐原區****,,否,,,,,,,
100,張瀞分,111年臺中市議員選舉,首次申報,1110911,雜支支出,均湛有限公司,53287263,0.00,79.00,,,,文具用品費用,金錢,臺中市豐原區****,0425*****,否,,,,,,,
101,張瀞分,111年臺中市議員選舉,首次申報,1110911,雜支支出,全聯福利中心豐原豐東分公司,53650208,0.00,48.00,,,,餐飲費用,金錢,臺中市豐原區****,04-2*****,否,,,,,,,
102,張瀞分,111年臺中市議員選舉,首次申報,1110912,雜支支出,中華郵政,,0.00,56.00,,,,電信費用,金錢,臺中市豐原區****,,否,,,,,,,
103,張瀞分,111年臺中市議員選舉,首次申報,1110912,租用宣傳車輛支出,合祥汽車有限公司,27447840,0.00,3800.00,,,,維修宣傳車輛費用,金錢,臺中市豐原區****,04-2*****,否,,,,,,,
104,張瀞分,111年臺中市議員選舉,首次申報,1110912,雜支支出,永和四海豆漿,98855661,0.00,1025.00,,,,餐飲費用,金錢,臺中市豐原區****,0425*****,否,,,,,,,
105,張瀞分,111年臺中市議員選舉,首次申報,1110913,雜支支出,中華郵政,,0.00,120.00,,,,電信費用,金錢,臺中市豐原區****,,否,,,,,,,
106,張瀞分,111年臺中市議員選舉,首次申報,1110913,雜支支出,訊全資訊股份有限公司,23485792,0.00,3334.00,,,,文具用品費用,金錢,臺中市北屯區****,0424*****,否,,,,,,,
107,張瀞分,111年臺中市議員選舉,首次申報,1110913,雜支支出,全聯福利中心豐原豐東分公司,53650208,0.00,391.00,,,,餐飲費用,金錢,臺中市豐原區****,04-2*****,否,,,,,,,
108,張瀞分,111年臺中市議員選舉,首次申報,1110914,雜支支出,中華郵政,,0.00,84.00,,,,電信費用,金錢,臺中市豐原區****,,否,,,,,,,
109,張瀞分,111年臺中市議員選舉,首次申報,1110914,雜支支出,全聯福利中心豐原豐東分公司,53650208,0.00,275.00,,,,餐飲費用,金錢,臺中市豐原區****,04-2*****,否,,,,,,,
110,張瀞分,111年臺中市議員選舉,首次申報,1110914,宣傳支出,憲文堂,55637075,0.00,1400.00,,,,其他與選舉宣傳有關之費用,金錢,臺中市豐原區****,04-2*****,否,,,,,,,
111,張瀞分,111年臺中市議員選舉,首次申報,1110914,租用競選辦事處支出,信宏水電工程行,77689913,0.00,5100.00,,,,裝潢競選辦事處費用,金錢,臺中市豐原區****,,否,,,,,,,
112,張瀞分,111年臺中市議員選舉,首次申報,1110916,宣傳支出,憲文堂,55637075,0.00,13500.00,,,,製作競選物品或宣傳廣告費用（貼紙）,金錢,臺中市豐原區****,04-2*****,否,,,,,,,
113,張瀞分,111年臺中市議員選舉,首次申報,1110916,宣傳支出,憲文堂,55637075,0.00,3600.00,,,,製作競選物品或宣傳廣告費用（貼紙）,金錢,臺中市豐原區****,04-2*****,否,,,,,,,
114,張瀞分,111年臺中市議員選舉,首次申報,1110917,宣傳支出,中華郵政,,0.00,18975.00,,,,郵寄競選物品或宣傳廣告費用,金錢,臺中市豐原區****,,否,,,,,,,
115,張瀞分,111年臺中市議員選舉,首次申報,1110917,租用宣傳車輛支出,全友五金,27675386,0.00,60.00,,,,其他與租用宣傳車輛有關之費用,金錢,臺中市豐原區****,0425*****,否,,,,,,,
116,張瀞分,111年臺中市議員選舉,首次申報,1110917,租用宣傳車輛支出,全友五金,27675386,0.00,1122.00,,,,其他與租用宣傳車輛有關之費用,金錢,臺中市豐原區****,,否,,,,,,,
117,張瀞分,111年臺中市議員選舉,首次申報,1110917,租用宣傳車輛支出,佳司五金行,98702960,0.00,380.00,,,,其他與租用宣傳車輛有關之費用,金錢,臺中市豐原區****,2528*****,否,,,,,,,
118,張瀞分,111年臺中市議員選舉,首次申報,1110919,租用宣傳車輛支出,佳司五金行,98702960,0.00,386.00,,,,其他與租用宣傳車輛有關之費用,金錢,臺中市豐原區****,2528*****,否,,,,,,,
119,張瀞分,111年臺中市議員選舉,首次申報,1110920,雜支支出,嘉聯興五金有限公司,90407830,0.00,223.00,,,,雜項購置或修繕費用,金錢,臺中市豐原區****,04-2*****,否,,,,,,,
120,張瀞分,111年臺中市議員選舉,首次申報,1110920,宣傳支出,山大廣告行,93916507,0.00,900.00,,,,製作競選物品或宣傳廣告費用（帆布條）,金錢,臺中市豐原區****,0425*****,否,,,,,,,
121,張瀞分,111年臺中市議員選舉,首次申報,1110921,雜支支出,全聯福利中心豐原豐東分公司,53650208,0.00,76.00,,,,餐飲費用,金錢,臺中市豐原區****,04-2*****,否,,,,,,,
122,張瀞分,111年臺中市議員選舉,首次申報,1110921,雜支支出,寶雅居家五金,90727643,0.00,115.00,,,,雜項購置或修繕費用,金錢,臺中市豐原區****,0425*****,否,,,,,,,
123,張瀞分,111年臺中市議員選舉,首次申報,1110921,雜支支出,進味珍包子饅頭店,99113673,0.00,16800.00,,,,餐飲費用,金錢,臺中市后里區****,0425*****,否,,,,,,,
124,張瀞分,111年臺中市議員選舉,首次申報,1110922,宣傳支出,大天廣告有限公司,12993567,0.00,31500.00,,,,播放、傳送或刊登宣傳廣告費用,金錢,臺中市西屯區****,0422*****,否,,,,,,,
125,張瀞分,111年臺中市議員選舉,首次申報,1110922,宣傳支出,紅帥工程行,45691351,0.00,5000.00,,,,製作競選物品或宣傳廣告費用（公車看板）,金錢,臺中市西屯區****,0423*****,否,,,,,,,
126,張瀞分,111年臺中市議員選舉,首次申報,1110923,雜支支出,全威文化書房,14800186,0.00,240.00,,,,文具用品費用,金錢,臺中市豐原區****,0425*****,否,,,,,,,
127,張瀞分,111年臺中市議員選舉,首次申報,1110923,宣傳支出,紅帥工程行,45691351,0.00,5000.00,,,,製作競選物品或宣傳廣告費用（公車看板）,金錢,臺中市西屯區****,0423*****,否,,,,,,,
128,張瀞分,111年臺中市議員選舉,首次申報,1110923,雜支支出,永和四海豆漿,98855661,0.00,2000.00,,,,餐飲費用,金錢,臺中市豐原區****,0425*****,否,,,,,,,
129,張瀞分,111年臺中市議員選舉,首次申報,1110924,雜支支出,順發電腦股份有限公司豐原分公司,28980188,0.00,628.00,,,,雜項購置,金錢,臺中市豐原區****,0425*****,否,,,,,,,
130,張瀞分,111年臺中市議員選舉,首次申報,1110926,雜支支出,中華郵政,,0.00,28.00,,,,電信費用,金錢,臺中市豐原區****,,否,,,,,,,
131,張瀞分,111年臺中市議員選舉,首次申報,1110926,雜支支出,中華電信,52003801,0.00,488.00,,,,電信費用,金錢,臺中市西區市****,0800*****,否,,,,,,,
132,張瀞分,111年臺中市議員選舉,首次申報,1110926,雜支支出,中華電信,52003801,0.00,908.00,,,,網際網路費用,金錢,臺中市西區市****,0800*****,否,,,,,,,
133,張瀞分,111年臺中市議員選舉,首次申報,1110926,雜支支出,中華電信,52003801,0.00,70.00,,,,電信費用,金錢,臺中市西區市****,0800*****,否,,,,,,,
134,張瀞分,111年臺中市議員選舉,首次申報,1110926,雜支支出,永和四海豆漿,98855661,0.00,630.00,,,,餐飲費用,金錢,臺中市豐原區****,0425*****,否,,,,,,,
135,張瀞分,111年臺中市議員選舉,首次申報,1110927,雜支支出,中華郵政,,0.00,92.00,,,,電信費用,金錢,臺中市豐原區****,,否,,,,,,,
136,張瀞分,111年臺中市議員選舉,首次申報,1110927,雜支支出,中華電信,52003801,0.00,1150.00,,,,電信費用,金錢,臺中市西區市****,0800*****,否,,,,,,,
137,張瀞分,111年臺中市議員選舉,首次申報,1110927,雜支支出,中華電信,52003801,0.00,70.00,,,,電信費用,金錢,臺中市西區市****,0800*****,否,,,,,,,
138,張瀞分,111年臺中市議員選舉,首次申報,1110927,雜支支出,中華電信,52003801,0.00,770.00,,,,電信費用,金錢,臺中市西區市****,0800*****,否,,,,,,,
139,張瀞分,111年臺中市議員選舉,首次申報,1110927,集會支出,國豐鐵櫃萬能角鋼行,55225910,0.00,23730.00,,,,租用設備費用,金錢,臺中市豐原區****,0425*****,否,,,,,,,
140,張瀞分,111年臺中市議員選舉,首次申報,1110927,宣傳支出,昶風廣告社,81960083,0.00,18000.00,,,,租用廣告看板或車體廣告費用,金錢,臺中市豐原區****,0425*****,否,,,,,,,
141,張瀞分,111年臺中市議員選舉,首次申報,1110928,租用宣傳車輛支出,合祥汽車有限公司,27447840,0.00,2000.00,,,,維修宣傳車輛費用,金錢,臺中市豐原區****,04-2*****,否,,,,,,,
142,張瀞分,111年臺中市議員選舉,首次申報,1110928,宣傳支出,信効生物科技股份有限公司,27850882,0.00,144375.00,,,,製作競選物品或宣傳廣告費用（貼布）,金錢,嘉義市東興里****,0527*****,否,,,,,,,
143,張瀞分,111年臺中市議員選舉,首次申報,1110928,雜支支出,全聯福利中心豐原豐東分公司,53650208,0.00,938.00,,,,餐飲費用,金錢,臺中市豐原區****,04-2*****,否,,,,,,,
144,張瀞分,111年臺中市議員選舉,首次申報,1110928,租用宣傳車輛支出,佳揚廣告社,L10*******,0.00,16800.00,,,,雇用宣傳車輛駕駛費用,金錢,臺中市豐原區****,0928*****,否,,,,,,,
145,張瀞分,111年臺中市議員選舉,首次申報,1110929,雜支支出,中華郵政,,0.00,36.00,,,,電信費用,金錢,臺中市豐原區****,,否,,,,,,,
146,張瀞分,111年臺中市議員選舉,首次申報,1110929,雜支支出,三元春香行,17376607,0.00,470.00,,,,雜項購置或修繕費用,金錢,臺中市豐原區****,0425*****,否,,,,,,,
147,張瀞分,111年臺中市議員選舉,首次申報,1110929,雜支支出,建成書局,25386419,0.00,59.00,,,,文具用品費用,金錢,臺中市豐原區****,04-2*****,否,,,,,,,
148,張瀞分,111年臺中市議員選舉,首次申報,1110929,雜支支出,大鴻麗五金傢俱行,26809632,0.00,388.00,,,,文具用品費用,金錢,臺中市豐原區****,0425*****,否,,,,,,,
149,張瀞分,111年臺中市議員選舉,首次申報,1110929,雜支支出,游豐盛商行,55272808,0.00,293.00,,,,雜項購置或修繕費用,金錢,臺中市豐原區****,0425*****,否,,,,,,,
150,張瀞分,111年臺中市議員選舉,首次申報,1110929,宣傳支出,憲文堂,55637075,0.00,18000.00,,,,製作競選物品或宣傳廣告費用（貼紙）,金錢,臺中市豐原區****,04-2*****,否,,,,,,,
151,張瀞分,111年臺中市議員選舉,首次申報,1110929,雜支支出,寶雅居家五金,90727643,0.00,729.00,,,,雜項購置或修繕費用,金錢,臺中市豐原區****,0425*****,否,,,,,,,
152,張瀞分,111年臺中市議員選舉,首次申報,1110929,雜支支出,寶雅居家五金,90727643,0.00,192.00,,,,雜項購置或修繕費用,金錢,臺中市豐原區****,0425*****,否,,,,,,,
153,張瀞分,111年臺中市議員選舉,首次申報,1110930,雜支支出,中華郵政,,0.00,28.00,,,,電信費用,金錢,臺中市豐原區****,,否,,,,,,,
154,張瀞分,111年臺中市議員選舉,首次申報,1110930,雜支支出,POYA寶雅,24791138,0.00,895.00,,,,雜項購置或修繕費用,金錢,臺中市豐原區****,0425*****,否,,,,,,,
155,張瀞分,111年臺中市議員選舉,首次申報,1110930,雜支支出,吉財製香行,25352467,0.00,1700.00,,,,雜項購置,金錢,臺中市豐原區****,0425*****,否,,,,,,,
156,張瀞分,111年臺中市議員選舉,首次申報,1110930,宣傳支出,大華包裝材料行,25423511,0.00,30649.00,,,,其他與選舉宣傳有關之費用,金錢,臺中市豐原區****,0425*****,否,,,,,,,
157,張瀞分,111年臺中市議員選舉,首次申報,1110930,公共關係費用支出,合美鮮花店,55079373,0.00,15000.00,,,,聯誼交際費用,金錢,臺中市豐原區****,0425*****,否,,,,,,,
158,張瀞分,111年臺中市議員選舉,首次申報,1110930,雜支支出,外埔肉粽店,67966473,0.00,12000.00,,,,餐飲費用,金錢,臺中市外埔區****,0426*****,否,,,,,,,
159,張瀞分,111年臺中市議員選舉,首次申報,1110930,雜支支出,中聯興國際有限公司,82820792,0.00,522.00,,,,雜項購置或修繕費用,金錢,臺中市豐原區****,0425*****,否,,,,,,,
160,張瀞分,111年臺中市議員選舉,首次申報,1110930,雜支支出,嘉聯興五金有限公司,90407830,0.00,190.00,,,,雜項購置或修繕費用,金錢,臺中市豐原區****,04-2*****,否,,,,,,,
161,張瀞分,111年臺中市議員選舉,首次申報,1111001,雜支支出,卓小朋友肉包,,0.00,2500.00,,,,餐飲費用,金錢,臺中市豐原區****,0425*****,否,,,,,,,
162,張瀞分,111年臺中市議員選舉,首次申報,1111001,宣傳支出,朝統龍獅戰鼓團,47568820,0.00,20000.00,,,,演講或表演費用,金錢,臺中市新社區****,0988*****,否,,,,,,,
163,張瀞分,111年臺中市議員選舉,首次申報,1111001,雜支支出,全聯福利中心豐原豐東分公司,53650208,0.00,156.00,,,,餐飲費用,金錢,臺中市豐原區****,04-2*****,否,,,,,,,
164,張瀞分,111年臺中市議員選舉,首次申報,1111001,雜支支出,外埔肉粽店,67966473,0.00,21000.00,,,,餐飲費用,金錢,臺中市外埔區****,0426*****,否,,,,,,,
165,張瀞分,111年臺中市議員選舉,首次申報,1111001,租用競選辦事處支出,泳旺鮮花園藝店,67971145,0.00,35000.00,,,,其他與租用競選辦事處有關之費用,金錢,臺中市神岡區****,0425*****,否,,,,,,,
166,張瀞分,111年臺中市議員選舉,首次申報,1111001,集會支出,泳旺鮮花園藝店,67971145,0.00,22100.00,,,,租用設備費用,金錢,臺中市神岡區****,0425*****,否,,,,,,,
167,張瀞分,111年臺中市議員選舉,首次申報,1111001,雜支支出,豐合能源(股)公司,80566422,0.00,250.00,,,,水電瓦斯費用,金錢,臺中市神岡區****,0425*****,否,,,,,,,
168,張瀞分,111年臺中市議員選舉,首次申報,1111001,雜支支出,豐合能源(股)公司,80566422,0.00,650.00,,,,水電瓦斯費用,金錢,臺中市神岡區****,0425*****,否,,,,,,,
169,張瀞分,111年臺中市議員選舉,首次申報,1111001,雜支支出,豐合能源(股)公司,80566422,0.00,250.00,,,,水電瓦斯費用,金錢,臺中市神岡區****,0425*****,否,,,,,,,
170,張瀞分,111年臺中市議員選舉,首次申報,1111001,雜支支出,豐合能源(股)公司,80566422,0.00,650.00,,,,水電瓦斯費用,金錢,臺中市神岡區****,0425*****,否,,,,,,,
171,張瀞分,111年臺中市議員選舉,首次申報,1111002,雜支支出,全聯福利中心豐原豐東分公司,53650208,0.00,95.00,,,,餐飲費用,金錢,臺中市豐原區****,04-2*****,否,,,,,,,
172,張瀞分,111年臺中市議員選舉,首次申報,1111003,雜支支出,聯合報、自由時報豐原分社,,0.00,600.00,,,,書報雜誌費用,金錢,臺中市豐原區****,2528*****,否,,,,,,,
173,張瀞分,111年臺中市議員選舉,首次申報,1111003,宣傳支出,憲文堂,55637075,0.00,23000.00,,,,製作競選物品或宣傳廣告費用（貼紙）,金錢,臺中市豐原區****,04-2*****,否,,,,,,,
174,張瀞分,111年臺中市議員選舉,首次申報,1111003,雜支支出,中興豆花,99119368,0.00,880.00,,,,餐飲費用,金錢,臺中市豐原區****,2515*****,否,,,,,,,
175,張瀞分,111年臺中市議員選舉,首次申報,1111004,雜支支出,中華郵政,,0.00,28.00,,,,電信費用,金錢,臺中市豐原區****,,否,,,,,,,
176,張瀞分,111年臺中市議員選舉,首次申報,1111004,雜支支出,全聯福利中心豐原豐東分公司,53650208,0.00,192.00,,,,餐飲費用,金錢,臺中市豐原區****,04-2*****,否,,,,,,,
177,張瀞分,111年臺中市議員選舉,首次申報,1111004,雜支支出,夏立克飲品,82452380,0.00,1260.00,,,,餐飲費用,金錢,臺中市豐原區****,0425*****,否,,,,,,,
178,張瀞分,111年臺中市議員選舉,首次申報,1111005,租用宣傳車輛支出,合祥汽車有限公司,27447840,0.00,10800.00,,,,維修宣傳車輛費用,金錢,臺中市豐原區****,04-2*****,否,,,,,,,
179,張瀞分,111年臺中市議員選舉,首次申報,1111006,租用宣傳車輛支出,西歐加油站,45414954,0.00,308.00,,,,其他與租用宣傳車輛有關之費用,金錢,臺中市豐原區****,0425*****,否,,,,,,,
180,張瀞分,111年臺中市議員選舉,首次申報,1111006,雜支支出,全聯福利中心豐原豐東分公司,53650208,0.00,132.00,,,,餐飲費用,金錢,臺中市豐原區****,04-2*****,否,,,,,,,
181,張瀞分,111年臺中市議員選舉,首次申報,1111006,雜支支出,嘉聯興五金有限公司,90407830,0.00,94.00,,,,雜項購置或修繕費用,金錢,臺中市豐原區****,04-2*****,否,,,,,,,
182,張瀞分,111年臺中市議員選舉,首次申報,1111006,人事費用支出,莊英煌,H12*******,0.00,60000.00,,,,工資或薪津,金錢,臺中市后里區****,0965*****,否,,,,,,,
183,張瀞分,111年臺中市議員選舉,首次申報,1111007,雜支支出,中華郵政,,0.00,56.00,,,,電信費用,金錢,臺中市豐原區****,,否,,,,,,,
184,張瀞分,111年臺中市議員選舉,首次申報,1111007,租用宣傳車輛支出,水源路加油站,53293841,0.00,1220.00,,,,宣傳車輛燃料費用,金錢,臺中市豐原區****,,否,,,,,,,
185,張瀞分,111年臺中市議員選舉,首次申報,1111008,租用宣傳車輛支出,西歐加油站,45414954,0.00,500.00,,,,宣傳車輛燃料費用,金錢,臺中市豐原區****,0425*****,否,,,,,,,
186,張瀞分,111年臺中市議員選舉,首次申報,1111008,雜支支出,全聯福利中心豐原豐東分公司,53650208,0.00,116.00,,,,餐飲費用,金錢,臺中市豐原區****,04-2*****,否,,,,,,,
187,張瀞分,111年臺中市議員選舉,首次申報,1111008,雜支支出,全聯福利中心豐原豐東分公司,53650208,0.00,469.00,,,,餐飲費用,金錢,臺中市豐原區****,04-2*****,否,,,,,,,
188,張瀞分,111年臺中市議員選舉,首次申報,1111008,雜支支出,得鈺快餐店,72323916,0.00,540.00,,,,餐飲費用,金錢,臺中市豐原區****,0425*****,否,,,,,,,
189,張瀞分,111年臺中市議員選舉,首次申報,1111008,雜支支出,火星麵線,72364710,0.00,400.00,,,,餐飲費用,金錢,臺中市豐原區****,0425*****,否,,,,,,,
190,張瀞分,111年臺中市議員選舉,首次申報,1111009,雜支支出,全聯福利中心豐原豐東分公司,53650208,0.00,185.00,,,,餐飲費用,金錢,臺中市豐原區****,04-2*****,否,,,,,,,
191,張瀞分,111年臺中市議員選舉,首次申報,1111011,租用宣傳車輛支出,台灣中油,55029579,0.00,980.00,,,,宣傳車輛燃料費用,金錢,臺中市豐原區****,,否,,,,,,,
192,張瀞分,111年臺中市議員選舉,首次申報,1111011,宣傳支出,憲文堂,55637075,0.00,22500.00,,,,製作競選物品或宣傳廣告費用（口罩貼紙）,金錢,臺中市豐原區****,04-2*****,否,,,,,,,
193,張瀞分,111年臺中市議員選舉,首次申報,1111011,宣傳支出,憲文堂,55637075,0.00,1500.00,,,,製作競選物品或宣傳廣告費用（口罩貼紙）,金錢,臺中市豐原區****,04-2*****,否,,,,,,,
194,張瀞分,111年臺中市議員選舉,首次申報,1111011,宣傳支出,憲文堂,55637075,0.00,67000.00,,,,製作競選物品或宣傳廣告費用（政見文宣）,金錢,臺中市豐原區****,04-2*****,否,,,,,,,
195,張瀞分,111年臺中市議員選舉,首次申報,1111011,租用宣傳車輛支出,佳揚廣告社,L10*******,0.00,48000.00,,,,雇用宣傳車輛駕駛費用,金錢,臺中市豐原區****,0928*****,否,,,,,,,
196,張瀞分,111年臺中市議員選舉,首次申報,1111012,租用宣傳車輛支出,合祥汽車有限公司,27447840,0.00,1600.00,,,,維修宣傳車輛費用,金錢,臺中市豐原區****,04-2*****,否,,,,,,,
197,張瀞分,111年臺中市議員選舉,首次申報,1111013,租用宣傳車輛支出,西歐加油站,45414954,0.00,307.00,,,,其他與租用宣傳車輛有關之費用,金錢,臺中市豐原區****,0425*****,否,,,,,,,
198,張瀞分,111年臺中市議員選舉,首次申報,1111013,雜支支出,豐東豆花,45434038,0.00,880.00,,,,餐飲費用,金錢,臺中市豐原區****,0425*****,否,,,,,,,
199,張瀞分,111年臺中市議員選舉,首次申報,1111013,雜支支出,裕珍餐飲料理店,72367104,0.00,2475.00,,,,餐飲費用,金錢,臺中市后里區****,0425*****,否,,,,,,,
200,張瀞分,111年臺中市議員選舉,首次申報,1111014,雜支支出,品冠飲食店,21840297,0.00,1500.00,,,,餐飲費用,金錢,臺中市豐原區****,0425*****,否,,,,,,,
201,張瀞分,111年臺中市議員選舉,首次申報,1111014,租用競選辦事處支出,中華電信股份有限公司,39892346,0.00,1000.00,,,,其他與租用競選辦事處有關之費用,金錢,臺中市豐原區****,0800*****,否,,,,,,,
202,張瀞分,111年臺中市議員選舉,首次申報,1111015,雜支支出,全聯福利中心豐原豐東分公司,53650208,0.00,535.00,,,,餐飲費用,金錢,臺中市豐原區****,04-2*****,否,,,,,,,
203,張瀞分,111年臺中市議員選舉,首次申報,1111016,雜支支出,旺旺來水果行,21834703,0.00,430.00,,,,餐飲費用,金錢,臺中市豐原區****,0425*****,否,,,,,,,
204,張瀞分,111年臺中市議員選舉,首次申報,1111016,租用宣傳車輛支出,西歐加油站,45414954,0.00,307.00,,,,其他與租用宣傳車輛有關之費用,金錢,臺中市豐原區****,0425*****,否,,,,,,,
205,張瀞分,111年臺中市議員選舉,首次申報,1111016,雜支支出,全聯福利中心豐原豐東分公司,53650208,0.00,733.00,,,,餐飲費用,金錢,臺中市豐原區****,04-2*****,否,,,,,,,
206,張瀞分,111年臺中市議員選舉,首次申報,1111016,雜支支出,和新香行,77664841,0.00,150.00,,,,雜項購置或修繕費用,金錢,臺中市豐原區****,0425*****,否,,,,,,,
207,張瀞分,111年臺中市議員選舉,首次申報,1111017,雜支支出,中華郵政,,0.00,28.00,,,,電信費用,金錢,臺中市豐原區****,,否,,,,,,,
208,張瀞分,111年臺中市議員選舉,首次申報,1111017,雜支支出,清心福全,25347042,0.00,160.00,,,,餐飲費用,金錢,臺中市豐原區****,0425*****,否,,,,,,,
209,張瀞分,111年臺中市議員選舉,首次申報,1111017,雜支支出,豐東豆花,45434038,0.00,520.00,,,,餐飲費用,金錢,臺中市豐原區****,0425*****,否,,,,,,,
210,張瀞分,111年臺中市議員選舉,首次申報,1111018,雜支支出,中華郵政,,0.00,84.00,,,,電信費用,金錢,臺中市豐原區****,,否,,,,,,,
211,張瀞分,111年臺中市議員選舉,首次申報,1111018,雜支支出,百宏中西大藥局,25339839,0.00,450.00,,,,雜項購置,金錢,臺中市豐原區****,0425*****,否,,,,,,,
212,張瀞分,111年臺中市議員選舉,首次申報,1111018,雜支支出,大華包裝材料行,25423511,0.00,515.00,,,,雜項購置或修繕費用,金錢,臺中市豐原區****,0425*****,否,,,,,,,
213,張瀞分,111年臺中市議員選舉,首次申報,1111018,雜支支出,火星麵線,72364710,0.00,400.00,,,,餐飲費用,金錢,臺中市豐原區****,0425*****,否,,,,,,,
214,張瀞分,111年臺中市議員選舉,首次申報,1111019,雜支支出,旺旺來水果行,21834703,0.00,480.00,,,,餐飲費用,金錢,臺中市豐原區****,0425*****,否,,,,,,,
215,張瀞分,111年臺中市議員選舉,首次申報,1111019,雜支支出,全聯福利中心豐原豐東分公司,53650208,0.00,403.00,,,,餐飲費用,金錢,臺中市豐原區****,04-2*****,否,,,,,,,
216,張瀞分,111年臺中市議員選舉,首次申報,1111019,雜支支出,金吉成香舖,55913254,0.00,600.00,,,,雜項購置或修繕費用,金錢,臺中市豐原區****,0425*****,否,,,,,,,
217,張瀞分,111年臺中市議員選舉,首次申報,1111020,雜支支出,中華郵政,,0.00,28.00,,,,電信費用,金錢,臺中市豐原區****,,否,,,,,,,
218,張瀞分,111年臺中市議員選舉,首次申報,1111020,雜支支出,建成書局,25386419,0.00,378.00,,,,文具用品費用,金錢,臺中市豐原區****,04-2*****,否,,,,,,,
219,張瀞分,111年臺中市議員選舉,首次申報,1111020,租用宣傳車輛支出,合祥汽車有限公司,27447840,0.00,7550.00,,,,維修宣傳車輛費用,金錢,臺中市豐原區****,04-2*****,否,,,,,,,
220,張瀞分,111年臺中市議員選舉,首次申報,1111020,雜支支出,全聯福利中心豐原豐東分公司,53650208,0.00,654.00,,,,餐飲費用,金錢,臺中市豐原區****,04-2*****,否,,,,,,,
221,張瀞分,111年臺中市議員選舉,首次申報,1111020,租用宣傳車輛支出,台灣中油豐交站,55917786,0.00,1000.00,,,,宣傳車輛燃料費用,金錢,臺中市神岡區****,,否,,,,,,,
222,張瀞分,111年臺中市議員選舉,首次申報,1111020,雜支支出,中興豆花,99119368,0.00,1020.00,,,,餐飲費用,金錢,臺中市豐原區****,2515*****,否,,,,,,,
223,張瀞分,111年臺中市議員選舉,首次申報,1111021,宣傳支出,參笑廣告社,17781155,0.00,900.00,,,,其他與選舉宣傳有關之費用,金錢,臺中市豐原區****,0425*****,否,,,,,,,
224,張瀞分,111年臺中市議員選舉,首次申報,1111021,宣傳支出,參笑廣告社,17781155,0.00,1600.00,,,,其他與選舉宣傳有關之費用,金錢,臺中市豐原區****,0425*****,否,,,,,,,
225,張瀞分,111年臺中市議員選舉,首次申報,1111021,宣傳支出,參笑廣告社,17781155,0.00,50.00,,,,其他與選舉宣傳有關之費用,金錢,臺中市豐原區****,0425*****,否,,,,,,,
226,張瀞分,111年臺中市議員選舉,首次申報,1111021,租用宣傳車輛支出,億京彩色印刷創意工作坊,45638379,0.00,600.00,,,,其他與租用宣傳車輛有關之費用,金錢,臺中市大甲區****,0426*****,否,,,,,,,
227,張瀞分,111年臺中市議員選舉,首次申報,1111021,雜支支出,均湛有限公司,53287263,0.00,336.00,,,,文具用品費用,金錢,臺中市豐原區****,0425*****,否,,,,,,,
228,張瀞分,111年臺中市議員選舉,首次申報,1111021,雜支支出,全聯福利中心豐原豐東分公司,53650208,0.00,244.00,,,,餐飲費用,金錢,臺中市豐原區****,04-2*****,否,,,,,,,
229,張瀞分,111年臺中市議員選舉,首次申報,1111021,雜支支出,游豐盛商行,55272808,0.00,104.00,,,,雜項購置或修繕費用,金錢,臺中市豐原區****,0425*****,否,,,,,,,
230,張瀞分,111年臺中市議員選舉,首次申報,1111021,雜支支出,嘉聯興五金有限公司,90407830,0.00,88.00,,,,雜項購置或修繕費用,金錢,臺中市豐原區****,04-2*****,否,,,,,,,
231,張瀞分,111年臺中市議員選舉,首次申報,1111021,雜支支出,佳司五金行,98702960,0.00,174.00,,,,雜項購置或修繕費用,金錢,臺中市豐原區****,2528*****,否,,,,,,,
232,張瀞分,111年臺中市議員選舉,首次申報,1111022,雜支支出,全聯福利中心豐原豐東分公司,53650208,0.00,31.00,,,,餐飲費用,金錢,臺中市豐原區****,04-2*****,否,,,,,,,
233,張瀞分,111年臺中市議員選舉,首次申報,1111022,雜支支出,全聯福利中心豐原豐東分公司,53650208,0.00,168.00,,,,餐飲費用,金錢,臺中市豐原區****,04-2*****,否,,,,,,,
234,張瀞分,111年臺中市議員選舉,首次申報,1111022,租用宣傳車輛支出,佳揚廣告社,L10*******,0.00,48000.00,,,,雇用宣傳車輛駕駛費用,金錢,臺中市豐原區****,0928*****,否,,,,,,,
235,張瀞分,111年臺中市議員選舉,首次申報,1111023,雜支支出,薔薇食品有限公司豐原門市,21417475,0.00,1023.00,,,,餐飲費用,金錢,臺中市豐原區****,,否,,,,,,,
236,張瀞分,111年臺中市議員選舉,首次申報,1111023,雜支支出,全聯福利中心豐原豐東分公司,53650208,0.00,190.00,,,,餐飲費用,金錢,臺中市豐原區****,04-2*****,否,,,,,,,
237,張瀞分,111年臺中市議員選舉,首次申報,1111023,雜支支出,富利餐飲股份有限公司,90648296,0.00,1245.00,,,,餐飲費用,金錢,臺中市豐原區****,0425*****,否,,,,,,,
238,張瀞分,111年臺中市議員選舉,首次申報,1111024,雜支支出,中華郵政,,0.00,64.00,,,,電信費用,金錢,臺中市豐原區****,,否,,,,,,,
239,張瀞分,111年臺中市議員選舉,首次申報,1111024,雜支支出,蔡家班焗烤小舖,45818702,0.00,230.00,,,,餐飲費用,金錢,臺中市豐原區****,0425*****,否,,,,,,,
240,張瀞分,111年臺中市議員選舉,首次申報,1111024,雜支支出,中華電信,52003801,0.00,503.00,,,,電信費用,金錢,臺中市西區市****,0800*****,否,,,,,,,
241,張瀞分,111年臺中市議員選舉,首次申報,1111024,雜支支出,中華電信,52003801,0.00,1147.00,,,,電信費用,金錢,臺中市西區市****,0800*****,否,,,,,,,
242,張瀞分,111年臺中市議員選舉,首次申報,1111024,雜支支出,中華電信,52003801,0.00,70.00,,,,電信費用,金錢,臺中市西區市****,0800*****,否,,,,,,,
243,張瀞分,111年臺中市議員選舉,首次申報,1111024,雜支支出,中華電信,52003801,0.00,70.00,,,,電信費用,金錢,臺中市西區市****,0800*****,否,,,,,,,
244,張瀞分,111年臺中市議員選舉,首次申報,1111024,雜支支出,甲竹園創意豬排料理,99368865,0.00,891.00,,,,餐飲費用,金錢,臺中市豐原區****,0425*****,否,,,,,,,
245,張瀞分,111年臺中市議員選舉,首次申報,1111025,雜支支出,中華郵政,,0.00,84.00,,,,電信費用,金錢,臺中市豐原區****,,否,,,,,,,
246,張瀞分,111年臺中市議員選舉,首次申報,1111025,租用宣傳車輛支出,台大豐原加油站,15683925,0.00,1080.00,,,,宣傳車輛燃料費用,金錢,臺中市豐原區****,0425*****,否,,,,,,,
247,張瀞分,111年臺中市議員選舉,首次申報,1111025,宣傳支出,參笑廣告社,17781155,0.00,600.00,,,,其他與選舉宣傳有關之費用,金錢,臺中市豐原區****,0425*****,否,,,,,,,
248,張瀞分,111年臺中市議員選舉,首次申報,1111025,雜支支出,7-ELEVEN,23988892,0.00,50.00,,,,餐飲費用,金錢,臺中市豐原區****,0425*****,否,,,,,,,
249,張瀞分,111年臺中市議員選舉,首次申報,1111025,雜支支出,中華電信,52003801,0.00,785.00,,,,電信費用,金錢,臺中市西區市****,0800*****,否,,,,,,,
250,張瀞分,111年臺中市議員選舉,首次申報,1111025,雜支支出,中華電信,52003801,0.00,908.00,,,,網際網路費用,金錢,臺中市西區市****,0800*****,否,,,,,,,
251,張瀞分,111年臺中市議員選舉,首次申報,1111025,雜支支出,全聯福利中心豐原豐東分公司,53650208,0.00,302.00,,,,雜項購置,金錢,臺中市豐原區****,04-2*****,否,,,,,,,
252,張瀞分,111年臺中市議員選舉,首次申報,1111025,雜支支出,全聯福利中心豐原豐東分公司,53650208,0.00,57.00,,,,餐飲費用,金錢,臺中市豐原區****,04-2*****,否,,,,,,,
253,張瀞分,111年臺中市議員選舉,首次申報,1111025,宣傳支出,憲文堂,55637075,0.00,32000.00,,,,製作競選物品或宣傳廣告費用（口罩貼紙）,金錢,臺中市豐原區****,04-2*****,否,,,,,,,
254,張瀞分,111年臺中市議員選舉,首次申報,1111026,雜支支出,建成書局,25386419,0.00,120.00,,,,文具用品費用,金錢,臺中市豐原區****,04-2*****,否,,,,,,,
255,張瀞分,111年臺中市議員選舉,首次申報,1111026,雜支支出,全聯福利中心豐原豐東分公司,53650208,0.00,302.00,,,,餐飲費用,金錢,臺中市豐原區****,04-2*****,否,,,,,,,
256,張瀞分,111年臺中市議員選舉,首次申報,1111027,宣傳支出,威成服裝行,15684945,0.00,19000.00,,,,製作競選物品或宣傳廣告費用（橫布條）,金錢,臺中市豐原區****,0425*****,否,,,,,,,
257,張瀞分,111年臺中市議員選舉,首次申報,1111027,租用宣傳車輛支出,合祥汽車有限公司,27447840,0.00,6400.00,,,,維修宣傳車輛費用,金錢,臺中市豐原區****,04-2*****,否,,,,,,,
258,張瀞分,111年臺中市議員選舉,首次申報,1111027,雜支支出,全聯福利中心豐原豐東分公司,53650208,0.00,213.00,,,,餐飲費用,金錢,臺中市豐原區****,04-2*****,否,,,,,,,
259,張瀞分,111年臺中市議員選舉,首次申報,1111027,宣傳支出,軍式風格多媒體工作室,72438488,0.00,45360.00,,,,播放、傳送或刊登宣傳廣告費用,金錢,臺中市豐原區****,0436*****,否,,,,,,,
260,張瀞分,111年臺中市議員選舉,首次申報,1111029,雜支支出,全聯福利中心豐原豐東分公司,53650208,0.00,282.00,,,,餐飲費用,金錢,臺中市豐原區****,04-2*****,否,,,,,,,
261,張瀞分,111年臺中市議員選舉,首次申報,1111029,租用宣傳車輛支出,台灣中油大湳站,55029564,0.00,1320.00,,,,宣傳車輛燃料費用,金錢,臺中市豐原區****,0425*****,否,,,,,,,
262,張瀞分,111年臺中市議員選舉,首次申報,1111029,公共關係費用支出,合美鮮花店,55079373,0.00,23400.00,,,,聯誼交際費用,金錢,臺中市豐原區****,0425*****,否,,,,,,,
263,張瀞分,111年臺中市議員選舉,首次申報,1111030,雜支支出,聯合報、自由時報豐原分社,,0.00,600.00,,,,書報雜誌費用,金錢,臺中市豐原區****,2528*****,否,,,,,,,
264,張瀞分,111年臺中市議員選舉,首次申報,1111030,雜支支出,愛買,53003364,0.00,338.00,,,,雜項購置或修繕費用,金錢,臺中市豐原區****,0437*****,否,,,,,,,
265,張瀞分,111年臺中市議員選舉,首次申報,1111030,雜支支出,全聯福利中心豐原豐東分公司,53650208,0.00,158.00,,,,雜項購置或修繕費用,金錢,臺中市豐原區****,04-2*****,否,,,,,,,
266,張瀞分,111年臺中市議員選舉,首次申報,1111030,雜支支出,全聯福利中心豐原北陽分公司,83248838,0.00,210.00,,,,雜項購置或修繕費用,金錢,臺中市豐原區****,04-2*****,否,,,,,,,
267,張瀞分,111年臺中市議員選舉,首次申報,1111031,宣傳支出,兆鼎生醫股份有限公司,83086897,0.00,48000.00,,,,製作競選物品或宣傳廣告費用（口罩）,金錢,臺中市梧棲區****,04-2*****,否,,,,,,,
268,張瀞分,111年臺中市議員選舉,首次申報,1111101,公共關係費用支出,佳興西點麵包店,08322721,0.00,1700.00,,,,聯誼交際費用,金錢,臺中市豐原區****,0425*****,否,,,,,,,
269,張瀞分,111年臺中市議員選舉,首次申報,1111101,雜支支出,振宇五金股份有限公司豐原分公司,42678854,0.00,139.00,,,,雜項購置或修繕費用,金錢,臺中市豐原區****,0425*****,否,,,,,,,
270,張瀞分,111年臺中市議員選舉,首次申報,1111101,租用宣傳車輛支出,西歐加油站,45414954,0.00,500.00,,,,其他與租用宣傳車輛有關之費用,金錢,臺中市豐原區****,0425*****,否,,,,,,,
271,張瀞分,111年臺中市議員選舉,首次申報,1111101,宣傳支出,憲文堂,55637075,0.00,4000.00,,,,製作競選物品或宣傳廣告費用（給黨員的信）,金錢,臺中市豐原區****,04-2*****,否,,,,,,,
272,張瀞分,111年臺中市議員選舉,首次申報,1111101,雜支支出,豐合能源(股)公司,80566422,0.00,250.00,,,,水電瓦斯費用,金錢,臺中市神岡區****,0425*****,否,,,,,,,
273,張瀞分,111年臺中市議員選舉,首次申報,1111101,租用宣傳車輛支出,佳揚廣告社,L10*******,0.00,52800.00,,,,雇用宣傳車輛駕駛費用,金錢,臺中市豐原區****,0928*****,否,,,,,,,
274,張瀞分,111年臺中市議員選舉,首次申報,1111102,宣傳支出,明祥旗社,93843580,0.00,10000.00,,,,租用廣告看板或車體廣告費用,金錢,臺東縣臺東市****,0893*****,否,,,,,,,
275,張瀞分,111年臺中市議員選舉,首次申報,1111103,租用宣傳車輛支出,西歐加油站,45414954,0.00,1000.00,,,,宣傳車輛燃料費用,金錢,臺中市豐原區****,0425*****,否,,,,,,,
276,張瀞分,111年臺中市議員選舉,首次申報,1111103,雜支支出,德利豆花,99116778,0.00,810.00,,,,餐飲費用,金錢,臺中市豐原區****,0953*****,否,,,,,,,
277,張瀞分,111年臺中市議員選舉,首次申報,1111105,雜支支出,全友五金,16045622,0.00,315.00,,,,雜項購置或修繕費用,金錢,臺中市豐原區****,0425*****,否,,,,,,,
278,張瀞分,111年臺中市議員選舉,首次申報,1111105,宣傳支出,陽光文創有限公司,61034707,0.00,170000.00,,,,播放、傳送或刊登宣傳廣告費用,金錢,臺中市龍井區****,0424*****,否,,,,,,,
279,張瀞分,111年臺中市議員選舉,首次申報,1111106,雜支支出,全國電子股份有限公司環東門市,70785270,0.00,358.00,,,,雜項購置,金錢,臺中市豐原區****,0425*****,否,,,,,,,
280,張瀞分,111年臺中市議員選舉,首次申報,1111107,雜支支出,大鴻麗五金傢俱行,26809632,0.00,650.00,,,,雜項購置或修繕費用,金錢,臺中市豐原區****,0425*****,否,,,,,,,
281,張瀞分,111年臺中市議員選舉,首次申報,1111107,雜支支出,游豐盛商行,55272808,0.00,441.00,,,,雜項購置或修繕費用,金錢,臺中市豐原區****,0425*****,否,,,,,,,
282,張瀞分,111年臺中市議員選舉,首次申報,1111107,雜支支出,中聯興國際有限公司豐原分公司,82820792,0.00,345.00,,,,雜項購置或修繕費用,金錢,臺中市豐原區****,0425*****,否,,,,,,,
283,張瀞分,111年臺中市議員選舉,首次申報,1111108,雜支支出,中華郵政,,0.00,92.00,,,,電信費用,金錢,臺中市豐原區****,,否,,,,,,,
284,張瀞分,111年臺中市議員選舉,首次申報,1111108,雜支支出,建成書局,25386419,0.00,50.00,,,,文具用品費用,金錢,臺中市豐原區****,04-2*****,否,,,,,,,
285,張瀞分,111年臺中市議員選舉,首次申報,1111108,雜支支出,建成書局,25386419,0.00,114.00,,,,文具用品費用,金錢,臺中市豐原區****,04-2*****,否,,,,,,,
286,張瀞分,111年臺中市議員選舉,首次申報,1111108,租用宣傳車輛支出,西歐加油站,45414954,0.00,1000.00,,,,宣傳車輛燃料費用,金錢,臺中市豐原區****,0425*****,否,,,,,,,
287,張瀞分,111年臺中市議員選舉,首次申報,1111109,宣傳支出,參笑廣告社,17781155,0.00,540.00,,,,其他與選舉宣傳有關之費用,金錢,臺中市豐原區****,0425*****,否,,,,,,,
288,張瀞分,111年臺中市議員選舉,首次申報,1111109,雜支支出,聯翔餅店,22272531,0.00,462.00,,,,餐飲費用,金錢,臺中市豐原區****,0425*****,否,,,,,,,
289,張瀞分,111年臺中市議員選舉,首次申報,1111109,宣傳支出,大倫氣球工業股份有限公司,55016408,0.00,14300.00,,,,製作競選物品或宣傳廣告費用（橡膠氣球）,金錢,臺中市神岡區****,0425*****,否,,,,,,,
290,張瀞分,111年臺中市議員選舉,首次申報,1111109,集會支出,佬饕村商行,72348114,0.00,10450.00,,,,餐飲費用,金錢,臺中市豐原區****,0425*****,否,,,,,,,
291,張瀞分,111年臺中市議員選舉,首次申報,1111109,雜支支出,豐陽五金商行,72535708,0.00,58.00,,,,雜項購置或修繕費用,金錢,臺中市豐原區****,04-2*****,否,,,,,,,
292,張瀞分,111年臺中市議員選舉,首次申報,1111109,宣傳支出,新利廣告企業社,88541305,0.00,20492.00,,,,製作競選物品或宣傳廣告費用（廣告看板）,金錢,臺中市豐原區****,0903*****,否,,,,,,,
293,張瀞分,111年臺中市議員選舉,首次申報,1111109,雜支支出,寶雅居家五金,90727643,0.00,578.00,,,,雜項購置或修繕費用,金錢,臺中市豐原區****,0425*****,否,,,,,,,
294,張瀞分,111年臺中市議員選舉,首次申報,1111110,宣傳支出,新利廣告企業社,88541305,0.00,137281.00,,,,製作競選物品或宣傳廣告費用（廣告看板）,金錢,臺中市豐原區****,0903*****,否,,,,,,,
295,張瀞分,111年臺中市議員選舉,首次申報,1111110,雜支支出,嘉聯興五金有限公司,90407830,0.00,109.00,,,,雜項購置或修繕費用,金錢,臺中市豐原區****,04-2*****,否,,,,,,,
296,張瀞分,111年臺中市議員選舉,首次申報,1111111,雜支支出,建成書局,25386419,0.00,240.00,,,,文具用品費用,金錢,臺中市豐原區****,04-2*****,否,,,,,,,
297,張瀞分,111年臺中市議員選舉,首次申報,1111111,租用宣傳車輛支出,西歐加油站,45414954,0.00,500.00,,,,其他與租用宣傳車輛有關之費用,金錢,臺中市豐原區****,0425*****,否,,,,,,,
298,張瀞分,111年臺中市議員選舉,首次申報,1111111,雜支支出,全聯福利中心豐原豐東分公司,53650208,0.00,64.00,,,,雜項購置或修繕費用,金錢,臺中市豐原區****,04-2*****,否,,,,,,,
299,張瀞分,111年臺中市議員選舉,首次申報,1111111,雜支支出,佳司五金行,98702960,0.00,395.00,,,,雜項購置或修繕費用,金錢,臺中市豐原區****,04-2*****,否,,,,,,,
300,張瀞分,111年臺中市議員選舉,首次申報,1111111,租用宣傳車輛支出,佳揚廣告社,L10*******,0.00,48000.00,,,,雇用宣傳車輛駕駛費用,金錢,臺中市豐原區****,0928*****,否,,,,,,,
301,張瀞分,111年臺中市議員選舉,首次申報,1111112,雜支支出,豐陽五金商行,72535708,0.00,69.00,,,,雜項購置或修繕費用,金錢,臺中市豐原區****,0425*****,否,,,,,,,
302,張瀞分,111年臺中市議員選舉,首次申報,1111113,租用宣傳車輛支出,西勢路加油站,54121889,0.00,1270.00,,,,宣傳車輛燃料費用,金錢,臺中市豐原區****,0425*****,否,,,,,,,
303,張瀞分,111年臺中市議員選舉,首次申報,1111113,宣傳支出,溫秀滿,K22*******,0.00,9800.00,,,,播放、傳送或刊登宣傳廣告費用,金錢,臺中市豐原區****,0958*****,否,,,,,,,
304,張瀞分,111年臺中市議員選舉,首次申報,1111113,宣傳支出,張峻耀,L12*******,0.00,9800.00,,,,播放、傳送或刊登宣傳廣告費用,金錢,臺中市豐原區****,0906*****,否,,,,,,,
305,張瀞分,111年臺中市議員選舉,首次申報,1111113,宣傳支出,張鈺婕,L22*******,0.00,9800.00,,,,播放、傳送或刊登宣傳廣告費用,金錢,臺中市豐原區****,04-2*****,否,,,,,,,
306,張瀞分,111年臺中市議員選舉,首次申報,1111114,雜支支出,全友五金,16045622,0.00,1015.00,,,,雜項購置或修繕費用,金錢,臺中市豐原區****,0425*****,否,,,,,,,
307,張瀞分,111年臺中市議員選舉,首次申報,1111114,宣傳支出,新利廣告企業社,88541305,0.00,298329.00,,,,製作競選物品或宣傳廣告費用（廣告看板）,金錢,臺中市豐原區****,0903*****,否,,,,,,,
308,張瀞分,111年臺中市議員選舉,首次申報,1111114,雜支支出,嘉聯興五金有限公司,90407830,0.00,100.00,,,,雜項購置或修繕費用,金錢,臺中市豐原區****,04-2*****,否,,,,,,,
309,張瀞分,111年臺中市議員選舉,首次申報,1111115,雜支支出,中華郵政,,0.00,108.00,,,,電信費用,金錢,臺中市豐原區****,,否,,,,,,,
310,張瀞分,111年臺中市議員選舉,首次申報,1111115,返還捐贈支出,旭陽國際精機股份有限公司,29122919,0.00,100000.00,,,,返還,金錢,臺中市豐原區****,,否,,,,,,,
311,張瀞分,111年臺中市議員選舉,首次申報,1111115,宣傳支出,廣泰印刷廠,45188182,0.00,156500.00,,,,製作競選物品或宣傳廣告費用（農民曆）,金錢,桃園市平鎮區****,0345*****,否,,,,,,,
312,張瀞分,111年臺中市議員選舉,首次申報,1111115,雜支支出,全聯福利中心豐原豐東分公司,53650208,0.00,92.00,,,,雜項購置或修繕費用,金錢,臺中市豐原區****,04-2*****,否,,,,,,,
313,張瀞分,111年臺中市議員選舉,首次申報,1111115,雜支支出,中興豆花,99119368,0.00,825.00,,,,餐飲費用,金錢,臺中市豐原區****,2515*****,否,,,,,,,
314,張瀞分,111年臺中市議員選舉,首次申報,1111115,人事費用支出,莊英煌,H12*******,0.00,14000.00,,,,工資或薪津,金錢,臺中市后里區****,0965*****,否,,,,,,,
315,張瀞分,111年臺中市議員選舉,首次申報,1111116,租用宣傳車輛支出,西歐加油站,45414954,0.00,1000.00,,,,宣傳車輛燃料費用,金錢,臺中市豐原區****,0425*****,否,,,,,,,
316,張瀞分,111年臺中市議員選舉,首次申報,1111116,雜支支出,全聯福利中心豐原豐東分公司,53650208,0.00,640.00,,,,雜項購置或修繕費用,金錢,臺中市豐原區****,04-2*****,否,,,,,,,
317,張瀞分,111年臺中市議員選舉,首次申報,1111116,宣傳支出,憲文堂,55637075,0.00,10800.00,,,,製作競選物品或宣傳廣告費用（貼紙）,金錢,臺中市豐原區****,04-2*****,否,,,,,,,
318,張瀞分,111年臺中市議員選舉,首次申報,1111116,雜支支出,上允電動工具行,77672309,0.00,450.00,,,,雜項購置或修繕費用,金錢,臺中市豐原區****,0425*****,否,,,,,,,
319,張瀞分,111年臺中市議員選舉,首次申報,1111116,宣傳支出,新利廣告企業社,88541305,0.00,82000.00,,,,製作競選物品或宣傳廣告費用（廣告看板）,金錢,臺中市豐原區****,0903*****,否,,,,,,,
320,張瀞分,111年臺中市議員選舉,首次申報,1111116,宣傳支出,新利廣告企業社,88541305,0.00,51200.00,,,,製作競選物品或宣傳廣告費用（廣告看板）,金錢,臺中市豐原區****,0903*****,否,,,,,,,
321,張瀞分,111年臺中市議員選舉,首次申報,1111117,雜支支出,振宇五金股份有限公司豐原圓環分公司,42678854,0.00,803.00,,,,雜項購置或修繕費用,金錢,臺中市豐原區****,0425*****,否,,,,,,,
322,張瀞分,111年臺中市議員選舉,首次申報,1111117,人事費用支出,華南產物保險股份有限公司,52658364,0.00,33466.00,,,,工作人員保險費,金錢,臺北市信義區****,0227*****,否,,,,,,,
323,張瀞分,111年臺中市議員選舉,首次申報,1111117,宣傳支出,憲文堂,55637075,0.00,18600.00,,,,製作競選物品或宣傳廣告費用（給黨員的信）,金錢,臺中市豐原區****,04-2*****,否,,,,,,,
324,張瀞分,111年臺中市議員選舉,首次申報,1111117,雜支支出,火星麵線,72364710,0.00,750.00,,,,餐飲費用,金錢,臺中市豐原區****,0425*****,否,,,,,,,
325,張瀞分,111年臺中市議員選舉,首次申報,1111117,宣傳支出,三竹資訊,86136982,0.00,8000.00,,,,發送電信簡訊費用,金錢,臺北市中山區****,02-2*****,否,,,,,,,
326,張瀞分,111年臺中市議員選舉,首次申報,1111118,宣傳支出,中華郵政,,0.00,10666.00,,,,郵寄競選物品,金錢,臺中市豐原區****,0425*****,否,,,,,,,
327,張瀞分,111年臺中市議員選舉,首次申報,1111118,雜支支出,中華郵政,,0.00,76.00,,,,電信費用,金錢,臺中市豐原區****,,否,,,,,,,
328,張瀞分,111年臺中市議員選舉,首次申報,1111118,雜支支出,長春餐廳,05904391,0.00,1440.00,,,,餐飲費用,金錢,臺中市東勢區****,0425*****,否,,,,,,,
329,張瀞分,111年臺中市議員選舉,首次申報,1111118,租用宣傳車輛支出,合祥汽車有限公司,27447840,0.00,2700.00,,,,維修宣傳車輛費用,金錢,臺中市豐原區****,04-2*****,否,,,,,,,
330,張瀞分,111年臺中市議員選舉,首次申報,1111118,雜支支出,全聯福利中心豐原豐東分公司,53650208,0.00,194.00,,,,雜項購置或修繕費用,金錢,臺中市豐原區****,04-2*****,否,,,,,,,
331,張瀞分,111年臺中市議員選舉,首次申報,1111118,宣傳支出,憲文堂,55637075,0.00,20000.00,,,,製作競選物品或宣傳廣告費用（文宣）,金錢,臺中市豐原區****,04-2*****,否,,,,,,,
332,張瀞分,111年臺中市議員選舉,首次申報,1111118,宣傳支出,軍式風格多媒體工作室,72438488,0.00,23940.00,,,,播放、傳送或刊登宣傳廣告費用,金錢,臺中市豐原區****,0436*****,否,,,,,,,
333,張瀞分,111年臺中市議員選舉,首次申報,1111119,雜支支出,吉財製香行,25352467,0.00,4320.00,,,,雜項購置或修繕費用,金錢,臺中市豐原區****,0425*****,否,,,,,,,
334,張瀞分,111年臺中市議員選舉,首次申報,1111120,租用競選辦事處支出,三井興空調有限公司,28389045,0.00,75600.00,,,,租買辦公設備費用,金錢,臺中市大雅區****,0425*****,否,,,,,,,
335,張瀞分,111年臺中市議員選舉,首次申報,1111120,宣傳支出,溫秀滿,K22*******,0.00,9800.00,,,,播放、傳送或刊登宣傳廣告費用,金錢,臺中市豐原區****,0958*****,否,,,,,,,
336,張瀞分,111年臺中市議員選舉,首次申報,1111120,宣傳支出,張峻耀,L12*******,0.00,9800.00,,,,播放、傳送或刊登宣傳廣告費用,金錢,臺中市豐原區****,0906*****,否,,,,,,,
337,張瀞分,111年臺中市議員選舉,首次申報,1111120,宣傳支出,張鈺婕,L22*******,0.00,9800.00,,,,播放、傳送或刊登宣傳廣告費用,金錢,臺中市豐原區****,04-2*****,否,,,,,,,
338,張瀞分,111年臺中市議員選舉,首次申報,1111121,雜支支出,金玉堂,50820947,0.00,1340.00,,,,文具用品費用,金錢,臺中市豐原區****,0425*****,否,,,,,,,
339,張瀞分,111年臺中市議員選舉,首次申報,1111121,雜支支出,嘉聯興五金有限公司,90407830,0.00,135.00,,,,雜項購置或修繕費用,金錢,臺中市豐原區****,04-2*****,否,,,,,,,
340,張瀞分,111年臺中市議員選舉,首次申報,1111121,租用宣傳車輛支出,佳揚廣告社,L10*******,0.00,58800.00,,,,雇用宣傳車輛駕駛費用,金錢,臺中市豐原區****,0928*****,否,,,,,,,
341,張瀞分,111年臺中市議員選舉,首次申報,1111122,雜支支出,中華郵政,,0.00,92.00,,,,電信費用,金錢,臺中市豐原區****,,否,,,,,,,
342,張瀞分,111年臺中市議員選舉,首次申報,1111122,租用宣傳車輛支出,西歐加油站,45414954,0.00,300.00,,,,其他與租用宣傳車輛有關之費用,金錢,臺中市豐原區****,0425*****,否,,,,,,,
343,張瀞分,111年臺中市議員選舉,首次申報,1111122,雜支支出,全聯福利中心豐原豐東分公司,53650208,0.00,82.00,,,,雜項購置或修繕費用,金錢,臺中市豐原區****,04-2*****,否,,,,,,,
344,張瀞分,111年臺中市議員選舉,首次申報,1111122,雜支支出,中聯興國際有限公司豐原分公司,82820792,0.00,301.00,,,,雜項購置,金錢,臺中市豐原區****,0425*****,否,,,,,,,
345,張瀞分,111年臺中市議員選舉,首次申報,1111123,雜支支出,巨業行,08288006,0.00,800.00,,,,文具用品費用,金錢,臺中市豐原區****,0425*****,否,,,,,,,
346,張瀞分,111年臺中市議員選舉,首次申報,1111123,雜支支出,巨業行,08288006,0.00,1040.00,,,,文具用品費用,金錢,臺中市豐原區****,0425*****,否,,,,,,,
347,張瀞分,111年臺中市議員選舉,首次申報,1111123,租用宣傳車輛支出,西歐加油站,45414954,0.00,1013.00,,,,宣傳車輛燃料費用,金錢,臺中市豐原區****,0425*****,否,,,,,,,
348,張瀞分,111年臺中市議員選舉,首次申報,1111123,雜支支出,中華電信,52003801,0.00,719.00,,,,電信費用,金錢,臺中市西區市****,0800*****,否,,,,,,,
349,張瀞分,111年臺中市議員選舉,首次申報,1111123,雜支支出,中華電信,52003801,0.00,73.00,,,,電信費用,金錢,臺中市西區市****,0800*****,否,,,,,,,
350,張瀞分,111年臺中市議員選舉,首次申報,1111123,雜支支出,中華電信,52003801,0.00,642.00,,,,電信費用,金錢,臺中市西區市****,0800*****,否,,,,,,,
351,張瀞分,111年臺中市議員選舉,首次申報,1111123,雜支支出,中華電信,52003801,0.00,850.00,,,,電信費用,金錢,臺中市西區市****,0800*****,否,,,,,,,
352,張瀞分,111年臺中市議員選舉,首次申報,1111123,雜支支出,中華電信,52003801,0.00,537.00,,,,電信費用,金錢,臺中市西區市****,0800*****,否,,,,,,,
353,張瀞分,111年臺中市議員選舉,首次申報,1111123,雜支支出,中華電信,52003801,0.00,908.00,,,,網際網路費用,金錢,臺中市西區市****,0800*****,否,,,,,,,
354,張瀞分,111年臺中市議員選舉,首次申報,1111123,雜支支出,中興豆花,99119368,0.00,1575.00,,,,餐飲費用,金錢,臺中市豐原區****,2515*****,否,,,,,,,
355,張瀞分,111年臺中市議員選舉,首次申報,1111124,雜支支出,全友五金,16045622,0.00,100.00,,,,雜項購置或修繕費用,金錢,臺中市豐原區****,0425*****,否,,,,,,,
356,張瀞分,111年臺中市議員選舉,首次申報,1111124,雜支支出,明益金香舖,38972335,0.00,140.00,,,,雜項購置或修繕費用,金錢,臺中市豐原區****,0425*****,否,,,,,,,
357,張瀞分,111年臺中市議員選舉,首次申報,1111124,雜支支出,中華電信,52003801,0.00,1148.00,,,,電信費用,金錢,臺中市西區市****,0800*****,否,,,,,,,
358,張瀞分,111年臺中市議員選舉,首次申報,1111124,租用宣傳車輛支出,水源路加油站,53293841,0.00,500.00,,,,其他與租用宣傳車輛有關之費用,金錢,臺中市豐原區****,,否,,,,,,,
359,張瀞分,111年臺中市議員選舉,首次申報,1111125,雜支支出,中華郵政,,0.00,28.00,,,,電信費用,金錢,臺中市豐原區****,,否,,,,,,,
360,張瀞分,111年臺中市議員選舉,首次申報,1111125,雜支支出,巨業行,08288006,0.00,1760.00,,,,雜項購置或修繕費用,金錢,臺中市豐原區****,0425*****,否,,,,,,,
361,張瀞分,111年臺中市議員選舉,首次申報,1111125,雜支支出,全聯福利中心豐原豐東分公司,53650208,0.00,96.00,,,,雜項購置或修繕費用,金錢,臺中市豐原區****,04-2*****,否,,,,,,,
362,張瀞分,111年臺中市議員選舉,首次申報,1111125,雜支支出,嘉聯興五金有限公司,90407830,0.00,106.00,,,,雜項購置或修繕費用,金錢,臺中市豐原區****,04-2*****,否,,,,,,,
363,張瀞分,111年臺中市議員選舉,首次申報,1111125,宣傳支出,溫秀滿,K22*******,0.00,7600.00,,,,播放、傳送或刊登宣傳廣告費用,金錢,臺中市豐原區****,0958*****,否,,,,,,,
364,張瀞分,111年臺中市議員選舉,首次申報,1111125,宣傳支出,張峻耀,L12*******,0.00,7600.00,,,,播放、傳送或刊登宣傳廣告費用,金錢,臺中市豐原區****,0906*****,否,,,,,,,
365,張瀞分,111年臺中市議員選舉,首次申報,1111125,宣傳支出,張鈺婕,L22*******,0.00,7600.00,,,,播放、傳送或刊登宣傳廣告費用,金錢,臺中市豐原區****,04-2*****,否,,,,,,,
366,張瀞分,111年臺中市議員選舉,首次申報,1111126,雜支支出,全聯福利中心豐原豐東分公司,53650208,0.00,151.00,,,,雜項購置或修繕費用,金錢,臺中市豐原區****,04-2*****,否,,,,,,,
367,張瀞分,111年臺中市議員選舉,首次申報,1111126,雜支支出,全聯福利中心豐原豐東分公司,53650208,0.00,118.00,,,,雜項購置或修繕費用,金錢,臺中市豐原區****,04-2*****,否,,,,,,,
368,張瀞分,111年臺中市議員選舉,首次申報,1111126,雜支支出,全聯福利中心豐原豐東分公司,53650208,0.00,624.00,,,,雜項購置或修繕費用,金錢,臺中市豐原區****,04-2*****,否,,,,,,,
369,張瀞分,111年臺中市議員選舉,首次申報,1111126,雜支支出,永和四海豆漿,98855661,0.00,1395.00,,,,餐飲費用,金錢,臺中市豐原區****,0425*****,否,,,,,,,
370,張瀞分,111年臺中市議員選舉,首次申報,1111127,雜支支出,全聯福利中心豐原豐東分公司,53650208,0.00,99.00,,,,雜項購置或修繕費用,金錢,臺中市豐原區****,04-2*****,否,,,,,,,
371,張瀞分,111年臺中市議員選舉,首次申報,1111127,租用宣傳車輛支出,佳揚廣告社,L10*******,0.00,34800.00,,,,雇用宣傳車輛駕駛費用,金錢,臺中市豐原區****,0928*****,否,,,,,,,
372,張瀞分,111年臺中市議員選舉,首次申報,1111129,雜支支出,中華郵政,,0.00,28.00,,,,電信費用,金錢,臺中市豐原區****,,否,,,,,,,
373,張瀞分,111年臺中市議員選舉,首次申報,1111129,雜支支出,梁社漢排骨飯,88565798,0.00,735.00,,,,餐飲費用,金錢,臺中市豐原區****,0425*****,否,,,,,,,
374,張瀞分,111年臺中市議員選舉,首次申報,1111130,雜支支出,聯合報、自由時報豐原分社,,0.00,600.00,,,,書報雜誌費用,金錢,臺中市豐原區****,2528*****,否,,,,,,,
375,張瀞分,111年臺中市議員選舉,首次申報,1111130,公共關係費用支出,合美鮮花店,55079373,0.00,18800.00,,,,聯誼交際費用,金錢,臺中市豐原區****,0425*****,否,,,,,,,
376,張瀞分,111年臺中市議員選舉,首次申報,1111130,宣傳支出,競選總部,L20*******,0.00,9000.00,,,,租用廣告看板,非金錢,臺中市豐原區****,0425*****,否,,,,,,,
377,張瀞分,111年臺中市議員選舉,首次申報,1111201,雜支支出,中華郵政,,0.00,165.00,,,,電信費用,金錢,臺中市豐原區****,,否,,,,,,,
378,張瀞分,111年臺中市議員選舉,首次申報,1111201,公共關係費用支出,美佳花與咖啡店,26906830,0.00,2000.00,,,,聯誼交際費用,金錢,臺中市豐原區****,0425*****,否,,,,,,,
379,張瀞分,111年臺中市議員選舉,首次申報,1111205,公共關係費用支出,美佳花與咖啡店,26906830,0.00,28800.00,,,,聯誼交際費用,金錢,臺中市豐原區****,0425*****,否,,,,,,,
380,張瀞分,111年臺中市議員選舉,首次申報,1111223,雜支支出,中華電信,52003801,0.00,1139.00,,,,電信費用,金錢,臺中市西區市****,0800*****,否,,,,,,,
381,張瀞分,111年臺中市議員選舉,首次申報,1111223,雜支支出,中華電信,52003801,0.00,58.00,,,,電信費用,金錢,臺中市西區市****,0800*****,否,,,,,,,
382,張瀞分,111年臺中市議員選舉,首次申報,1111223,雜支支出,中華電信,52003801,0.00,930.00,,,,電信費用,金錢,臺中市西區市****,0800*****,否,,,,,,,
