﻿序號,擬參選人／政黨,選舉名稱,申報序號／年度,交易日期,收支科目,捐贈者／支出對象,身分證／統一編號,收入金額,支出金額,捐贈方式,存入專戶日期,返還/繳庫,支出用途,金錢類,地址,聯絡電話,應揭露之支出對象,支出對象之內部人員姓名,支出對象之內部人員職稱,政黨之內部人員姓名,政黨之內部人員職稱,關係,更正註記,資料更正日期
1,吳國寶,111年新竹市議員選舉,首次申報,1110901,雜支支出,山野燒肉飯,18219280,0.00,900.00,,,,餐飲費用,金錢,新竹市香山區****,03-5*****,否,,,,,,,
2,吳國寶,111年新竹市議員選舉,首次申報,1110902,雜支支出,雞腿王焗烤便當店,80776721,0.00,900.00,,,,餐飲費用,金錢,新竹市香山區****,03-5*****,否,,,,,,,
3,吳國寶,111年新竹市議員選舉,首次申報,1110903,雜支支出,雞腿王焗烤便當店,80776721,0.00,900.00,,,,餐飲費用,金錢,新竹市香山區****,03-5*****,否,,,,,,,
4,吳國寶,111年新竹市議員選舉,首次申報,1110904,雜支支出,隆義實業股份有限公司,47168198,0.00,1400.00,,,,雜項購置或修繕費用,金錢,新竹市香山區****,,否,,,,,,,
5,吳國寶,111年新竹市議員選舉,首次申報,1110904,雜支支出,雞腿王焗烤便當店,80776721,0.00,900.00,,,,餐飲費用,金錢,新竹市香山區****,03-5*****,否,,,,,,,
6,吳國寶,111年新竹市議員選舉,首次申報,1110905,租用競選辦事處支出,南海工程股份有限公司,46295908,0.00,40000.00,,,,租用競選辦事處費用,金錢,新竹市香山區****,,否,,,,,,,
7,吳國寶,111年新竹市議員選舉,首次申報,1110905,雜支支出,竹記燒鴨,78246445,0.00,720.00,,,,餐飲費用,金錢,新竹市北區經****,03-5*****,否,,,,,,,
8,吳國寶,111年新竹市議員選舉,首次申報,1110906,雜支支出,金鍆排骨專賣店,30339036,0.00,1080.00,,,,餐飲費用,金錢,新竹市香山區****,03-5*****,否,,,,,,,
9,吳國寶,111年新竹市議員選舉,首次申報,1110906,雜支支出,欣來快餐,50534711,0.00,900.00,,,,餐飲費用,金錢,新竹市香山區****,03-5*****,否,,,,,,,
10,吳國寶,111年新竹市議員選舉,首次申報,1110907,雜支支出,歐格咖啡器材行,09724147,0.00,1500.00,,,,餐飲費用,金錢,新竹市東區振****,03-5*****,否,,,,,,,
11,吳國寶,111年新竹市議員選舉,首次申報,1110907,雜支支出,山野燒肉飯,18219280,0.00,900.00,,,,餐飲費用,金錢,新竹市香山區****,03-5*****,否,,,,,,,
12,吳國寶,111年新竹市議員選舉,首次申報,1110908,雜支支出,金鍆排骨專賣店,30339036,0.00,900.00,,,,餐飲費用,金錢,新竹市香山區****,03-5*****,否,,,,,,,
13,吳國寶,111年新竹市議員選舉,首次申報,1110909,雜支支出,暐泰有限公司,54981536,0.00,138.00,,,,雜項購置或修繕費用,金錢,新竹市香山區****,03-5*****,否,,,,,,,
14,吳國寶,111年新竹市議員選舉,首次申報,1110909,雜支支出,艾菲爾商行,72890376,0.00,660.00,,,,餐飲費用,金錢,新竹市香山區****,03-5*****,否,,,,,,,
15,吳國寶,111年新竹市議員選舉,首次申報,1110910,雜支支出,聯慶商行,47029859,0.00,1040.00,,,,雜項購置或修繕費用,金錢,新竹市中央路****,,否,,,,,,,
16,吳國寶,111年新竹市議員選舉,首次申報,1110910,雜支支出,鄭記飲食店,88853329,0.00,325.00,,,,餐飲費用,金錢,新竹市香山區****,03-5*****,否,,,,,,,
17,吳國寶,111年新竹市議員選舉,首次申報,1110911,雜支支出,大潤發流通事業股份有限公司 新竹分公司,97172062,0.00,307.00,,,,雜項購置或修繕費用,金錢,新竹市北區湳****,,否,,,,,,,
18,吳國寶,111年新竹市議員選舉,首次申報,1110912,雜支支出,竹記燒鴨,78246445,0.00,1215.00,,,,餐飲費用,金錢,新竹市北區經****,03-5*****,否,,,,,,,
19,吳國寶,111年新竹市議員選舉,首次申報,1110912,交通旅運支出,台灣中油股份有限公司油品行銷事業部竹苗營業處港南加油站,85232109,0.00,1000.00,,,,油資,金錢,新竹市香山區****,03-5*****,否,,,,,,,
20,吳國寶,111年新竹市議員選舉,首次申報,1110913,交通旅運支出,百祥加油站股份有限公司,23072173,0.00,960.00,,,,油資,金錢,新竹市香山區****,03-5*****,否,,,,,,,
21,吳國寶,111年新竹市議員選舉,首次申報,1110913,交通旅運支出,台灣中油股份有限公司油品行銷事業部竹苗營業處北大路加油站,47036438,0.00,1265.00,,,,油資,金錢,新竹市北區北****,03-5*****,否,,,,,,,
22,吳國寶,111年新竹市議員選舉,首次申報,1110913,雜支支出,雞腿王焗烤便當店,80776721,0.00,900.00,,,,餐飲費用,金錢,新竹市香山區****,03-5*****,否,,,,,,,
23,吳國寶,111年新竹市議員選舉,首次申報,1110914,雜支支出,雞腿王焗烤便當店,80776721,0.00,1320.00,,,,餐飲費用,金錢,新竹市香山區****,03-5*****,否,,,,,,,
24,吳國寶,111年新竹市議員選舉,首次申報,1110914,人事費用支出,國泰世紀產物保險股份有限公司,84445772,0.00,9592.00,,,,其他因工作酬勞之給付,金錢,臺北市大安區****,0800*****,否,,,,,,,
25,吳國寶,111年新竹市議員選舉,首次申報,1110915,雜支支出,藝真攝影,19368809,0.00,240.00,,,,文具用品費用,金錢,新竹市香山區****,03-5*****,否,,,,,,,
26,吳國寶,111年新竹市議員選舉,首次申報,1110915,雜支支出,雞腿王焗烤便當店,80776721,0.00,1320.00,,,,餐飲費用,金錢,新竹市香山區****,03-5*****,否,,,,,,,
27,吳國寶,111年新竹市議員選舉,首次申報,1110915,雜支支出,鄭記飲食店,88853329,0.00,250.00,,,,餐飲費用,金錢,新竹市香山區****,03-5*****,否,,,,,,,
28,吳國寶,111年新竹市議員選舉,首次申報,1110916,雜支支出,鄭記飲食店,88853329,0.00,310.00,,,,餐飲費用,金錢,新竹市香山區****,03-5*****,否,,,,,,,
29,吳國寶,111年新竹市議員選舉,首次申報,1110916,雜支支出,鄭記飲食店,88853329,0.00,1250.00,,,,餐飲費用,金錢,新竹市香山區****,03-5*****,否,,,,,,,
30,吳國寶,111年新竹市議員選舉,首次申報,1110917,雜支支出,雞腿王焗烤便當店,80776721,0.00,1980.00,,,,餐飲費用,金錢,新竹市香山區****,03-5*****,否,,,,,,,
31,吳國寶,111年新竹市議員選舉,首次申報,1110918,雜支支出,雞腿王焗烤便當店,80776721,0.00,550.00,,,,餐飲費用,金錢,新竹市香山區****,03-5*****,否,,,,,,,
32,吳國寶,111年新竹市議員選舉,首次申報,1110919,雜支支出,金鍆排骨專賣店,30339036,0.00,1100.00,,,,餐飲費用,金錢,新竹市香山區****,03-5*****,否,,,,,,,
33,吳國寶,111年新竹市議員選舉,首次申報,1110919,雜支支出,亞麗水果行,82233702,0.00,2100.00,,,,餐飲費用,金錢,新竹市香山區****,03-5*****,否,,,,,,,
34,吳國寶,111年新竹市議員選舉,首次申報,1110920,雜支支出,欣來快餐,50534711,0.00,845.00,,,,餐飲費用,金錢,新竹市香山區****,03-5*****,否,,,,,,,
35,吳國寶,111年新竹市議員選舉,首次申報,1110920,雜支支出,雞腿王焗烤便當店,80776721,0.00,330.00,,,,餐飲費用,金錢,新竹市香山區****,03-5*****,否,,,,,,,
36,吳國寶,111年新竹市議員選舉,首次申報,1110921,雜支支出,冠閣有限公司,16428959,0.00,53550.00,,,,餐飲費用,金錢,桃園市桃園區****,03-3*****,否,,,,,,,
37,吳國寶,111年新竹市議員選舉,首次申報,1110921,交通旅運支出,台灣中油香山站,46038090,0.00,802.00,,,,油資,金錢,新竹市香山區****,03-5*****,否,,,,,,,
38,吳國寶,111年新竹市議員選舉,首次申報,1110921,雜支支出,欣來快餐,50534711,0.00,880.00,,,,餐飲費用,金錢,新竹市香山區****,03-5*****,否,,,,,,,
39,吳國寶,111年新竹市議員選舉,首次申報,1110921,雜支支出,慶璽牛肉麵店,72887409,0.00,1575.00,,,,餐飲費用,金錢,新竹市香山區****,03-5*****,否,,,,,,,
40,吳國寶,111年新竹市議員選舉,首次申報,1110922,雜支支出,慶璽牛肉麵店,72887409,0.00,660.00,,,,餐飲費用,金錢,新竹市香山區****,03-5*****,否,,,,,,,
41,吳國寶,111年新竹市議員選舉,首次申報,1110923,雜支支出,金鍆排骨專賣店,30339036,0.00,960.00,,,,餐飲費用,金錢,新竹市香山區****,03-5*****,否,,,,,,,
42,吳國寶,111年新竹市議員選舉,首次申報,1110923,雜支支出,八方雲集餐飲股份有限公司御廚新竹香北店,91667242,0.00,1497.00,,,,餐飲費用,金錢,新竹市香山區****,03-5*****,否,,,,,,,
43,吳國寶,111年新竹市議員選舉,首次申報,1110924,雜支支出,雞腿王焗烤便當店,80776721,0.00,1620.00,,,,餐飲費用,金錢,新竹市香山區****,03-5*****,否,,,,,,,
44,吳國寶,111年新竹市議員選舉,首次申報,1110925,雜支支出,慶璽牛肉麵店,72887409,0.00,800.00,,,,餐飲費用,金錢,新竹市香山區****,,否,,,,,,,
45,吳國寶,111年新竹市議員選舉,首次申報,1110925,雜支支出,八方雲集餐飲股份有限公司御廚新竹香北店,91667242,0.00,1327.00,,,,餐飲費用,金錢,新竹市香山區****,03-5*****,否,,,,,,,
46,吳國寶,111年新竹市議員選舉,首次申報,1110926,雜支支出,雞腿王焗烤便當店,80776721,0.00,1260.00,,,,餐飲費用,金錢,新竹市香山區****,0353*****,否,,,,,,,
47,吳國寶,111年新竹市議員選舉,首次申報,1110926,交通旅運支出,台灣中油港南站,85232109,0.00,920.00,,,,油資,金錢,新竹市香山區****,0353*****,否,,,,,,,
48,吳國寶,111年新竹市議員選舉,首次申報,1110926,雜支支出,八方雲集餐飲股份有限公司御廚新竹香北店,91667242,0.00,674.00,,,,餐飲費用,金錢,新竹市香山區****,,否,,,,,,,
49,吳國寶,111年新竹市議員選舉,首次申報,1110927,雜支支出,金鍆排骨專賣店,30339036,0.00,1440.00,,,,餐飲費用,金錢,新竹市香山區****,0354*****,否,,,,,,,
50,吳國寶,111年新竹市議員選舉,首次申報,1110927,雜支支出,通元有限公司,42770992,0.00,466.00,,,,雜項購置或修繕費用,金錢,新竹市北區中****,,否,,,,,,,
51,吳國寶,111年新竹市議員選舉,首次申報,1110927,雜支支出,欣來快餐快餐,50534711,0.00,480.00,,,,餐飲費用,金錢,新竹市香山區****,0353*****,否,,,,,,,
52,吳國寶,111年新竹市議員選舉,首次申報,1110927,雜支支出,八方雲集餐飲股份有限公司御廚香北店,91667242,0.00,602.00,,,,餐飲費用,金錢,新竹市香山區****,,否,,,,,,,
53,吳國寶,111年新竹市議員選舉,首次申報,1110928,雜支支出,家蓁素食,,0.00,1000.00,,,,餐飲費用,金錢,新竹市香山區****,,否,,,,,,,
54,吳國寶,111年新竹市議員選舉,首次申報,1110928,雜支支出,高昇商行,13867315,0.00,880.00,,,,餐飲費用,金錢,新竹市香山區****,,否,,,,,,,
55,吳國寶,111年新竹市議員選舉,首次申報,1110928,交通旅運支出,台灣中油香山站,46038090,0.00,1075.00,,,,油資,金錢,新竹市香山區****,03-5*****,否,,,,,,,
56,吳國寶,111年新竹市議員選舉,首次申報,1110928,雜支支出,八方雲集餐飲股份有限公司御廚新竹香北路,91667242,0.00,346.00,,,,餐飲費用,金錢,新竹市香山區****,,否,,,,,,,
57,吳國寶,111年新竹市議員選舉,首次申報,1110929,雜支支出,野豬燒肉飯,18219280,0.00,1200.00,,,,餐飲費用,金錢,新竹市香山區****,0354*****,否,,,,,,,
58,吳國寶,111年新竹市議員選舉,首次申報,1110929,雜支支出,慶璽牛肉麵店,72887409,0.00,725.00,,,,餐飲費用,金錢,新竹市香山區****,,否,,,,,,,
59,吳國寶,111年新竹市議員選舉,首次申報,1110930,雜支支出,金鍆排骨專賣店,30339036,0.00,1430.00,,,,餐飲費用,金錢,新竹市香山區****,0354*****,否,,,,,,,
60,吳國寶,111年新竹市議員選舉,首次申報,1110930,雜支支出,鄭記飲料店,88853329,0.00,110.00,,,,餐飲費用,金錢,新竹市香山區****,,否,,,,,,,
61,吳國寶,111年新竹市議員選舉,首次申報,1110930,雜支支出,風城行有限公司,89308100,0.00,17946.00,,,,文具用品費用,金錢,新竹市香山區****,,否,,,,,,,
62,吳國寶,111年新竹市議員選舉,首次申報,1111001,雜支支出,雞腿王焗烤便當店,80776721,0.00,1630.00,,,,餐飲費用,金錢,新竹市香山區****,03-5*****,否,,,,,,,
63,吳國寶,111年新竹市議員選舉,首次申報,1111001,雜支支出,八方雲集餐飲股份有限公司御廚新竹香北店,91667242,0.00,1068.00,,,,餐飲費用,金錢,新竹市香山區****,03-5*****,否,,,,,,,
64,吳國寶,111年新竹市議員選舉,首次申報,1111002,雜支支出,金鍆排骨專賣店,30339036,0.00,990.00,,,,餐飲費用,金錢,新竹市香山區****,03-5*****,否,,,,,,,
65,吳國寶,111年新竹市議員選舉,首次申報,1111002,雜支支出,通元有限公司,42770992,0.00,365.00,,,,文具用品費用,金錢,新竹市北區中****,,否,,,,,,,
66,吳國寶,111年新竹市議員選舉,首次申報,1111002,雜支支出,慶璽牛肉麵店,72887409,0.00,660.00,,,,餐飲費用,金錢,新竹市香山區****,,否,,,,,,,
67,吳國寶,111年新竹市議員選舉,首次申報,1111003,雜支支出,欣來快餐,50534711,0.00,900.00,,,,餐飲費用,金錢,新竹市香山區****,03-5*****,否,,,,,,,
68,吳國寶,111年新竹市議員選舉,首次申報,1111003,雜支支出,雞腿王焗烤便當店,80776721,0.00,1210.00,,,,餐飲費用,金錢,新竹市香山區****,03-5*****,否,,,,,,,
69,吳國寶,111年新竹市議員選舉,首次申報,1111004,雜支支出,雞腿王焗烤便當店,80776721,0.00,1430.00,,,,餐飲費用,金錢,新竹市香山區****,03-5*****,否,,,,,,,
70,吳國寶,111年新竹市議員選舉,首次申報,1111004,雜支支出,橙威商行,91890087,0.00,1650.00,,,,餐飲費用,金錢,新竹市北區延****,,否,,,,,,,
71,吳國寶,111年新竹市議員選舉,首次申報,1111005,交通旅運支出,台灣中油香山站,46038090,0.00,950.00,,,,油資,金錢,新竹市香山區****,03-5*****,否,,,,,,,
72,吳國寶,111年新竹市議員選舉,首次申報,1111005,交通旅運支出,台灣中油香山站,46038090,0.00,1000.00,,,,油資,金錢,新竹市香山區****,03-5*****,否,,,,,,,
73,吳國寶,111年新竹市議員選舉,首次申報,1111005,雜支支出,雞腿王焗烤便當店,80776721,0.00,1650.00,,,,餐飲費用,金錢,新竹市香山區****,03-3*****,否,,,,,,,
74,吳國寶,111年新竹市議員選舉,首次申報,1111005,宣傳支出,刷樂國際股份有限公司,86257802,0.00,36000.00,,,,製作競選物品或宣傳廣告費用（細滑牙線棒入/包）,金錢,臺中市南區忠****,,否,,,,,,,
75,吳國寶,111年新竹市議員選舉,首次申報,1111005,雜支支出,橙威商行,91890087,0.00,1650.00,,,,餐飲費用,金錢,新竹市北區延****,,否,,,,,,,
76,吳國寶,111年新竹市議員選舉,首次申報,1111006,交通旅運支出,瑞軒建設開發股份有限公司,42567858,0.00,1008.00,,,,油資,金錢,新竹市經國路****,,否,,,,,,,
77,吳國寶,111年新竹市議員選舉,首次申報,1111006,雜支支出,威榮快餐店,82339888,0.00,950.00,,,,餐飲費用,金錢,新竹市北區中****,,否,,,,,,,
78,吳國寶,111年新竹市議員選舉,首次申報,1111006,雜支支出,鄭記飲食店,88853329,0.00,1180.00,,,,餐飲費用,金錢,新竹市香山區****,03-5*****,否,,,,,,,
79,吳國寶,111年新竹市議員選舉,首次申報,1111007,雜支支出,野豬燒肉飯,18219280,0.00,1320.00,,,,餐飲費用,金錢,新竹市香山區****,,否,,,,,,,
80,吳國寶,111年新竹市議員選舉,首次申報,1111007,雜支支出,雞腿王焗烤便當店,80776721,0.00,2200.00,,,,餐飲費用,金錢,新竹市香山區****,03-5*****,否,,,,,,,
81,吳國寶,111年新竹市議員選舉,首次申報,1111008,雜支支出,一串香飲食店,31449166,0.00,900.00,,,,餐飲費用,金錢,新竹市香山區****,03-5*****,否,,,,,,,
82,吳國寶,111年新竹市議員選舉,首次申報,1111009,交通旅運支出,台灣中油香山站,46038090,0.00,734.00,,,,油資,金錢,新竹市香山區****,03-5*****,否,,,,,,,
83,吳國寶,111年新竹市議員選舉,首次申報,1111009,雜支支出,橙葳商行,91890087,0.00,2420.00,,,,餐飲費用,金錢,新竹市延平路****,,否,,,,,,,
84,吳國寶,111年新竹市議員選舉,首次申報,1111010,雜支支出,松德塑膠商行,02890346,0.00,1767.00,,,,雜項購置或修繕費用,金錢,新竹市中山路****,,否,,,,,,,
85,吳國寶,111年新竹市議員選舉,首次申報,1111010,雜支支出,橙威商行,91890087,0.00,1320.00,,,,餐飲費用,金錢,新竹市延平路****,,否,,,,,,,
86,吳國寶,111年新竹市議員選舉,首次申報,1111011,人事費用支出,國泰世紀產物保險股份有限公司,84445772,0.00,615.00,,,,其他因工作酬勞之給付,金錢,臺北市仁愛路****,0800*****,否,,,,,,,
87,吳國寶,111年新竹市議員選舉,首次申報,1111012,雜支支出,八方雲集牛埔東路店,50707993,0.00,541.00,,,,餐飲費用,金錢,新竹市香山區****,03-5*****,否,,,,,,,
88,吳國寶,111年新竹市議員選舉,首次申報,1111012,雜支支出,橙葳商行,91890087,0.00,1320.00,,,,餐飲費用,金錢,新竹市延平路****,,否,,,,,,,
89,吳國寶,111年新竹市議員選舉,首次申報,1111013,雜支支出,金鍆排骨專賣店,30339036,0.00,1080.00,,,,餐飲費用,金錢,新竹市香山區****,03-5*****,否,,,,,,,
90,吳國寶,111年新竹市議員選舉,首次申報,1111013,交通旅運支出,台灣中油港南站,85232109,0.00,805.00,,,,油資,金錢,新竹市海埔路****,03-5*****,否,,,,,,,
91,吳國寶,111年新竹市議員選舉,首次申報,1111013,雜支支出,田庄麵食館,91634952,0.00,560.00,,,,餐飲費用,金錢,新竹市香山區****,03-5*****,否,,,,,,,
92,吳國寶,111年新竹市議員選舉,首次申報,1111014,雜支支出,金鍆排骨專賣店,30339036,0.00,1650.00,,,,餐飲費用,金錢,新竹市香山區****,03-5*****,否,,,,,,,
93,吳國寶,111年新竹市議員選舉,首次申報,1111014,雜支支出,橙葳商行,91890087,0.00,2160.00,,,,餐飲費用,金錢,新竹市延平路****,,否,,,,,,,
94,吳國寶,111年新竹市議員選舉,首次申報,1111015,宣傳支出,通元有限公司,42770992,0.00,200.00,,,,其他與選舉宣傳有關之費用,金錢,新竹市中山路****,,否,,,,,,,
95,吳國寶,111年新竹市議員選舉,首次申報,1111015,交通旅運支出,台灣中油香山站,46038090,0.00,750.00,,,,油資,金錢,新竹市香山區****,03-5*****,否,,,,,,,
96,吳國寶,111年新竹市議員選舉,首次申報,1111015,雜支支出,暐泰有限公司,54981536,0.00,220.00,,,,文具用品費用,金錢,新竹市香山區****,,否,,,,,,,
97,吳國寶,111年新竹市議員選舉,首次申報,1111015,雜支支出,亞麗水果行,82233702,0.00,234.00,,,,餐飲費用,金錢,新竹市香山區****,,否,,,,,,,
98,吳國寶,111年新竹市議員選舉,首次申報,1111015,雜支支出,德順行,99477174,0.00,220.00,,,,文具用品費用,金錢,新竹市香山區****,,否,,,,,,,
99,吳國寶,111年新竹市議員選舉,首次申報,1111016,雜支支出,金鍆排骨專賣店,,0.00,1170.00,,,,餐飲費用,金錢,新竹市香山區****,03-5*****,否,,,,,,,
100,吳國寶,111年新竹市議員選舉,首次申報,1111016,宣傳支出,通元有限公司,42770992,0.00,281.00,,,,其他與選舉宣傳有關之費用,金錢,新竹市中山路****,,否,,,,,,,
101,吳國寶,111年新竹市議員選舉,首次申報,1111016,交通旅運支出,台灣中油北大路站,47036438,0.00,1201.00,,,,油資,金錢,新竹市北大路****,03-5*****,否,,,,,,,
102,吳國寶,111年新竹市議員選舉,首次申報,1111016,集會支出,暐泰有限公司,54981536,0.00,1051.00,,,,其他與集會有關之費用,金錢,新竹市香山區****,,否,,,,,,,
103,吳國寶,111年新竹市議員選舉,首次申報,1111016,雜支支出,橙崴商行,91890087,0.00,1430.00,,,,餐飲費用,金錢,新竹市延平路****,,否,,,,,,,
104,吳國寶,111年新竹市議員選舉,首次申報,1111017,雜支支出,金鍆排骨專賣店,30339036,0.00,1170.00,,,,餐飲費用,金錢,新竹市香山區****,03-4*****,否,,,,,,,
105,吳國寶,111年新竹市議員選舉,首次申報,1111017,交通旅運支出,台灣中油香山站,46038090,0.00,1064.00,,,,油資,金錢,新竹市香山區****,03-5*****,否,,,,,,,
106,吳國寶,111年新竹市議員選舉,首次申報,1111017,雜支支出,全聯福利中心新竹牛埔分公司,51160205,0.00,982.00,,,,餐飲費用,金錢,新竹市香山區****,,否,,,,,,,
107,吳國寶,111年新竹市議員選舉,首次申報,1111017,交通旅運支出,全國新竹加油站,66879057,0.00,982.00,,,,油資,金錢,新竹市香山區****,,否,,,,,,,
108,吳國寶,111年新竹市議員選舉,首次申報,1111018,交通旅運支出,台灣中油香山站,,0.00,690.00,,,,油資,金錢,新竹市香山區****,03-5*****,否,,,,,,,
109,吳國寶,111年新竹市議員選舉,首次申報,1111018,雜支支出,金鍆排骨專賣店,30339036,0.00,1170.00,,,,餐飲費用,金錢,新竹市香山區****,03-5*****,否,,,,,,,
110,吳國寶,111年新竹市議員選舉,首次申報,1111018,宣傳支出,學德電料股份有限公司,47161081,0.00,6700.00,,,,其他與選舉宣傳有關之費用,金錢,新竹市復興路****,,否,,,,,,,
111,吳國寶,111年新竹市議員選舉,首次申報,1111018,雜支支出,許二姊麵食館,50576107,0.00,310.00,,,,餐飲費用,金錢,新竹市北區北****,,否,,,,,,,
112,吳國寶,111年新竹市議員選舉,首次申報,1111018,雜支支出,橙葳商行,91890087,0.00,1100.00,,,,餐飲費用,金錢,新竹市延平路****,,否,,,,,,,
113,吳國寶,111年新竹市議員選舉,首次申報,1111019,雜支支出,歐格咖啡器材行,,0.00,1500.00,,,,餐飲費用,金錢,新竹市振興路****,03-5*****,否,,,,,,,
114,吳國寶,111年新竹市議員選舉,首次申報,1111019,雜支支出,欣來快餐,50534711,0.00,1980.00,,,,餐飲費用,金錢,新竹市香山區****,03-5*****,否,,,,,,,
115,吳國寶,111年新竹市議員選舉,首次申報,1111019,雜支支出,橙葳商行,91890087,0.00,1440.00,,,,餐飲費用,金錢,新竹市延平路****,,否,,,,,,,
116,吳國寶,111年新竹市議員選舉,首次申報,1111020,雜支支出,立特家五金百貨商店,30328880,0.00,1468.00,,,,雜項購置或修繕費用,金錢,新竹市延平路****,,否,,,,,,,
117,吳國寶,111年新竹市議員選舉,首次申報,1111020,雜支支出,富春便當,42055300,0.00,2200.00,,,,餐飲費用,金錢,新竹市延平路****,,否,,,,,,,
118,吳國寶,111年新竹市議員選舉,首次申報,1111020,雜支支出,振宇五金股份有限公司新竹中華分公司,42679410,0.00,368.00,,,,雜項購置或修繕費用,金錢,新竹市香山區****,03-5*****,否,,,,,,,
119,吳國寶,111年新竹市議員選舉,首次申報,1111020,交通旅運支出,台灣中油香山站,46038090,0.00,920.00,,,,油資,金錢,新竹市香山區****,03-5*****,否,,,,,,,
120,吳國寶,111年新竹市議員選舉,首次申報,1111020,雜支支出,沅豐生活館有限公司,56605987,0.00,1847.00,,,,雜項購置或修繕費用,金錢,新竹市西大路****,,否,,,,,,,
121,吳國寶,111年新竹市議員選舉,首次申報,1111020,人事費用支出,國泰世紀產物保險股份有限公司,84445772,0.00,1230.00,,,,其他因工作酬勞之給付,金錢,臺北市仁愛路****,0800*****,否,,,,,,,
122,吳國寶,111年新竹市議員選舉,首次申報,1111020,雜支支出,橙葳商行,91890087,0.00,2880.00,,,,餐飲費用,金錢,新竹市延平路****,,否,,,,,,,
123,吳國寶,111年新竹市議員選舉,首次申報,1111021,交通旅運支出,百祥加油站,23072173,0.00,1000.00,,,,油資,金錢,新竹市香山區****,03-5*****,否,,,,,,,
124,吳國寶,111年新竹市議員選舉,首次申報,1111021,雜支支出,金鍆排骨專賣店,30339036,0.00,2730.00,,,,餐飲費用,金錢,新竹市香山區****,03-5*****,否,,,,,,,
125,吳國寶,111年新竹市議員選舉,首次申報,1111021,交通旅運支出,台灣中油香山站,46038090,0.00,1072.00,,,,油資,金錢,新竹市香山區****,03-5*****,否,,,,,,,
126,吳國寶,111年新竹市議員選舉,首次申報,1111021,雜支支出,亞麗水果行,82233702,0.00,1000.00,,,,餐飲費用,金錢,新竹市香山區****,03-5*****,否,,,,,,,
127,吳國寶,111年新竹市議員選舉,首次申報,1111022,雜支支出,橙葳商行,91890087,0.00,2420.00,,,,餐飲費用,金錢,新竹市延平路****,,否,,,,,,,
128,吳國寶,111年新竹市議員選舉,首次申報,1111023,交通旅運支出,台灣中油港南站,,0.00,780.00,,,,油資,金錢,新竹市海埔路****,03-5*****,否,,,,,,,
129,吳國寶,111年新竹市議員選舉,首次申報,1111023,雜支支出,八方雲集牛埔東路店,50707993,0.00,243.00,,,,餐飲費用,金錢,新竹市香山區****,03-5*****,否,,,,,,,
130,吳國寶,111年新竹市議員選舉,首次申報,1111023,雜支支出,橙葳商行,91890087,0.00,2420.00,,,,餐飲費用,金錢,新竹市延平路****,,否,,,,,,,
131,吳國寶,111年新竹市議員選舉,首次申報,1111024,雜支支出,金鍆排骨專賣店,30339036,0.00,2420.00,,,,餐飲費用,金錢,新竹市香山區****,03-5*****,否,,,,,,,
132,吳國寶,111年新竹市議員選舉,首次申報,1111024,雜支支出,振宇五金股份有限公司新竹中華分公司,42679410,0.00,412.00,,,,雜項購置或修繕費用,金錢,新竹市香山區****,03-5*****,否,,,,,,,
133,吳國寶,111年新竹市議員選舉,首次申報,1111024,雜支支出,欣來快餐,50534711,0.00,2860.00,,,,餐飲費用,金錢,新竹市香山區****,03-5*****,否,,,,,,,
134,吳國寶,111年新竹市議員選舉,首次申報,1111024,雜支支出,八方雲集牛埔東路店,50707993,0.00,715.00,,,,餐飲費用,金錢,新竹市香山區****,03-5*****,否,,,,,,,
135,吳國寶,111年新竹市議員選舉,首次申報,1111024,宣傳支出,晶彩用品行,72733622,0.00,6060.00,,,,其他與選舉宣傳有關之費用,金錢,桃園市大溪區****,,否,,,,,,,
136,吳國寶,111年新竹市議員選舉,首次申報,1111025,交通旅運支出,百祥加油站,23072173,0.00,1031.00,,,,油資,金錢,新竹市香山區****,03-5*****,否,,,,,,,
137,吳國寶,111年新竹市議員選舉,首次申報,1111025,雜支支出,金鍆排骨專賣店,30339036,0.00,1290.00,,,,餐飲費用,金錢,新竹市香山區****,03-5*****,否,,,,,,,
138,吳國寶,111年新竹市議員選舉,首次申報,1111025,宣傳支出,中華電信股份有限公司,88849347,0.00,11065.00,,,,發送電信簡訊費用,金錢,新竹市中正路****,,否,,,,,,,
139,吳國寶,111年新竹市議員選舉,首次申報,1111026,雜支支出,金鍆排骨專賣店,30339036,0.00,900.00,,,,餐飲費用,金錢,新竹市香山區****,03-5*****,否,,,,,,,
140,吳國寶,111年新竹市議員選舉,首次申報,1111026,交通旅運支出,台灣中油香山站,46038090,0.00,880.00,,,,油資,金錢,新竹市香山區****,03-5*****,否,,,,,,,
141,吳國寶,111年新竹市議員選舉,首次申報,1111026,宣傳支出,學德電料股份有限公司,47161081,0.00,3500.00,,,,其他與選舉宣傳有關之費用,金錢,新竹市復興路****,,否,,,,,,,
142,吳國寶,111年新竹市議員選舉,首次申報,1111027,雜支支出,金鍆排骨專賣店,30339036,0.00,3290.00,,,,餐飲費用,金錢,新竹市香山區****,03-5*****,否,,,,,,,
143,吳國寶,111年新竹市議員選舉,首次申報,1111028,宣傳支出,中華郵政股份有限公司,04137838,0.00,47257.00,,,,郵寄競選物品或宣傳廣告費用,金錢,新竹縣竹北市****,,否,,,,,,,
144,吳國寶,111年新竹市議員選舉,首次申報,1111028,雜支支出,全聯福利中心新竹牛埔分公司,51160205,0.00,314.00,,,,雜項購置或修繕費用,金錢,新竹市香山區****,,否,,,,,,,
145,吳國寶,111年新竹市議員選舉,首次申報,1111028,雜支支出,暐泰有限公司,54981536,0.00,390.00,,,,雜項購置或修繕費用,金錢,新竹市香山區****,03-5*****,否,,,,,,,
146,吳國寶,111年新竹市議員選舉,首次申報,1111028,雜支支出,雞腿王焗烤便當店,80776721,0.00,2200.00,,,,餐飲費用,金錢,新竹市香山區****,03-5*****,否,,,,,,,
147,吳國寶,111年新竹市議員選舉,首次申報,1111029,交通旅運支出,百祥加油站,23072173,0.00,1030.00,,,,油資,金錢,新竹市香山區****,03-5*****,否,,,,,,,
148,吳國寶,111年新竹市議員選舉,首次申報,1111029,雜支支出,家佳商行,26157358,0.00,366.00,,,,文具用品費用,金錢,新竹市香山區****,,否,,,,,,,
149,吳國寶,111年新竹市議員選舉,首次申報,1111029,雜支支出,金鍆排骨專賣店,30339036,0.00,1590.00,,,,餐飲費用,金錢,新竹市香山區****,03-5*****,否,,,,,,,
150,吳國寶,111年新竹市議員選舉,首次申報,1111029,宣傳支出,通元有限公司,42770992,0.00,251.00,,,,其他與選舉宣傳有關之費用,金錢,新竹市中山路****,,否,,,,,,,
151,吳國寶,111年新竹市議員選舉,首次申報,1111029,交通旅運支出,台灣中油香山站,46038090,0.00,1061.00,,,,油資,金錢,新竹市香山區****,03-5*****,否,,,,,,,
152,吳國寶,111年新竹市議員選舉,首次申報,1111029,雜支支出,宏雅十元店,49796265,0.00,743.00,,,,雜項購置或修繕費用,金錢,新竹市延平路****,,否,,,,,,,
153,吳國寶,111年新竹市議員選舉,首次申報,1111030,雜支支出,家佳商行,26157358,0.00,90.00,,,,雜項購置或修繕費用,金錢,新竹市香山區****,,否,,,,,,,
154,吳國寶,111年新竹市議員選舉,首次申報,1111031,雜支支出,慈心素食坊,31436937,0.00,4000.00,,,,餐飲費用,金錢,新竹市經國路****,,否,,,,,,,
155,吳國寶,111年新竹市議員選舉,首次申報,1111031,交通旅運支出,台灣中油港南站,85232109,0.00,1000.00,,,,油資,金錢,新竹市海埔路****,03-5*****,否,,,,,,,
156,吳國寶,111年新竹市議員選舉,首次申報,1111031,人事費用支出,鄭志樑,J12*******,0.00,30000.00,,,,工資或薪津,金錢,新竹市中和路****,,否,,,,,,,
157,吳國寶,111年新竹市議員選舉,首次申報,1111031,人事費用支出,黃淑真,J20*******,0.00,30000.00,,,,工資或薪津,金錢,新竹市香山區****,,否,,,,,,,
158,吳國寶,111年新竹市議員選舉,首次申報,1111031,人事費用支出,李玉五,J20*******,0.00,30000.00,,,,工資或薪津,金錢,新竹市香山區****,,否,,,,,,,
159,吳國寶,111年新竹市議員選舉,首次申報,1111031,人事費用支出,黃美玉,J22*******,0.00,5000.00,,,,工資或薪津,金錢,新竹市香山區****,,否,,,,,,,
160,吳國寶,111年新竹市議員選舉,首次申報,1111031,人事費用支出,莊逢麗,J22*******,0.00,27000.00,,,,工資或薪津,金錢,新竹市香山區****,,否,,,,,,,
161,吳國寶,111年新竹市議員選舉,首次申報,1111031,人事費用支出,吳伊婷,O20*******,0.00,30000.00,,,,工資或薪津,金錢,新竹市香山區****,,否,,,,,,,
162,吳國寶,111年新竹市議員選舉,首次申報,1111031,人事費用支出,杜芊蓉,O20*******,0.00,30000.00,,,,工資或薪津,金錢,新竹市振興路****,,否,,,,,,,
163,吳國寶,111年新竹市議員選舉,首次申報,1111031,人事費用支出,簡銘成,Q12*******,0.00,15000.00,,,,工資或薪津,金錢,新竹市香山區****,,否,,,,,,,
164,吳國寶,111年新竹市議員選舉,首次申報,1111101,雜支支出,金鍆排骨專賣店,30339036,0.00,670.00,,,,餐飲費用,金錢,新竹市香山區****,03-5*****,否,,,,,,,
165,吳國寶,111年新竹市議員選舉,首次申報,1111101,交通旅運支出,台灣中油香山站,46038090,0.00,920.00,,,,油資,金錢,新竹市香山區****,03-5*****,否,,,,,,,
166,吳國寶,111年新竹市議員選舉,首次申報,1111102,雜支支出,雞腿王焗烤便當店,80776721,0.00,2880.00,,,,餐飲費用,金錢,新竹市香山區****,03-5*****,否,,,,,,,
167,吳國寶,111年新竹市議員選舉,首次申報,1111103,雜支支出,金品西點麵包店,81928084,0.00,980.00,,,,餐飲費用,金錢,新竹市香山區****,,否,,,,,,,
168,吳國寶,111年新竹市議員選舉,首次申報,1111103,交通旅運支出,台灣中油港南站,85232109,0.00,900.00,,,,油資,金錢,新竹市海埔路****,03-5*****,否,,,,,,,
169,吳國寶,111年新竹市議員選舉,首次申報,1111103,雜支支出,泉玟企業有限公司,97076737,0.00,2917.00,,,,雜項購置或修繕費用,金錢,新竹市明湖路****,,否,,,,,,,
170,吳國寶,111年新竹市議員選舉,首次申報,1111104,雜支支出,歐格咖啡器材行,09724147,0.00,1500.00,,,,餐飲費用,金錢,新竹市東區振****,03-5*****,否,,,,,,,
171,吳國寶,111年新竹市議員選舉,首次申報,1111104,雜支支出,有台聯股份有限公司,16025076,0.00,1039.00,,,,餐飲費用,金錢,新竹市香山區****,03-5*****,否,,,,,,,
172,吳國寶,111年新竹市議員選舉,首次申報,1111104,交通旅運支出,台灣中油香山站,46038090,0.00,800.00,,,,油資,金錢,新竹市香山區****,03-5*****,否,,,,,,,
173,吳國寶,111年新竹市議員選舉,首次申報,1111105,集會支出,鴻竹企業社,13862206,0.00,210000.00,,,,租用設備費用,金錢,新竹市香山區****,,否,,,,,,,
174,吳國寶,111年新竹市議員選舉,首次申報,1111105,集會支出,赤土崎饅頭店,26591228,0.00,6300.00,,,,餐飲費用,金錢,新竹市學府路****,,否,,,,,,,
175,吳國寶,111年新竹市議員選舉,首次申報,1111105,集會支出,廣龍日意股份有限公司,28505298,0.00,184880.00,,,,租用場地費用,金錢,新竹市香山區****,,否,,,,,,,
176,吳國寶,111年新竹市議員選舉,首次申報,1111105,集會支出,廣龍日意股份有限公司,28505298,0.00,127600.00,,,,餐飲費用,金錢,新竹市香山區****,,否,,,,,,,
177,吳國寶,111年新竹市議員選舉,首次申報,1111105,雜支支出,清豐金香行,49955158,0.00,4000.00,,,,雜項購置或修繕費用,金錢,新竹市香山區****,,否,,,,,,,
178,吳國寶,111年新竹市議員選舉,首次申報,1111105,雜支支出,九隆青果行,50702364,0.00,4000.00,,,,雜項購置或修繕費用,金錢,新竹市中山路****,,否,,,,,,,
179,吳國寶,111年新竹市議員選舉,首次申報,1111105,雜支支出,暐泰有限公司,54981536,0.00,319.00,,,,雜項購置或修繕費用,金錢,新竹市香山區****,03-5*****,否,,,,,,,
180,吳國寶,111年新竹市議員選舉,首次申報,1111105,集會支出,民影錄影社,87992702,0.00,15000.00,,,,其他與集會有關之費用,金錢,嘉義縣民雄鄉****,,否,,,,,,,
181,吳國寶,111年新竹市議員選舉,首次申報,1111107,雜支支出,家佳商行,26157358,0.00,238.00,,,,文具用品費用,金錢,新竹市香山區****,,否,,,,,,,
182,吳國寶,111年新竹市議員選舉,首次申報,1111107,人事費用支出,國泰世紀產物保險股份有限公司,84445772,0.00,4740.00,,,,其他因工作酬勞之給付,金錢,臺北市仁愛路****,0800*****,否,,,,,,,
183,吳國寶,111年新竹市議員選舉,首次申報,1111107,雜支支出,景菁百貨股份有限公司,89702877,0.00,219.00,,,,雜項購置或修繕費用,金錢,新竹市香山區****,,否,,,,,,,
184,吳國寶,111年新竹市議員選舉,首次申報,1111108,交通旅運支出,台灣中油香山站,46038090,0.00,1071.00,,,,油資,金錢,新竹市香山區****,03-5*****,否,,,,,,,
185,吳國寶,111年新竹市議員選舉,首次申報,1111108,交通旅運支出,台灣中油香山站,46038090,0.00,970.00,,,,油資,金錢,新竹市香山區****,03-5*****,否,,,,,,,
186,吳國寶,111年新竹市議員選舉,首次申報,1111108,雜支支出,暐泰有限公司,54981536,0.00,191.00,,,,雜項購置或修繕費用,金錢,新竹市香山區****,,否,,,,,,,
187,吳國寶,111年新竹市議員選舉,首次申報,1111108,雜支支出,一分利洗衣店,78250643,0.00,1400.00,,,,雜項購置或修繕費用,金錢,新竹市香山區****,,否,,,,,,,
188,吳國寶,111年新竹市議員選舉,首次申報,1111109,交通旅運支出,台灣中油香山站,46038090,0.00,900.00,,,,油資,金錢,新竹市香山區****,03-5*****,否,,,,,,,
189,吳國寶,111年新竹市議員選舉,首次申報,1111109,雜支支出,風城行有限公司,89308100,0.00,12808.00,,,,文具用品費用,金錢,新竹市香山區****,,否,,,,,,,
190,吳國寶,111年新竹市議員選舉,首次申報,1111109,雜支支出,一加一企業社,91989861,0.00,960.00,,,,雜項購置或修繕費用,金錢,新竹市延平路****,,否,,,,,,,
191,吳國寶,111年新竹市議員選舉,首次申報,1111109,雜支支出,德順行,99477174,0.00,2600.00,,,,餐飲費用,金錢,新竹市香山區****,,否,,,,,,,
192,吳國寶,111年新竹市議員選舉,首次申報,1111110,雜支支出,振宇五金股份有限公司新竹中華分公司,42679410,0.00,986.00,,,,雜項購置或修繕費用,金錢,新竹市香山區****,03-5*****,否,,,,,,,
193,吳國寶,111年新竹市議員選舉,首次申報,1111111,宣傳支出,禮想家網路贈品股份有限公司,28888154,0.00,200000.00,,,,製作競選物品或宣傳廣告費用（口罩個）,金錢,新北市汐止區****,,否,,,,,,,
194,吳國寶,111年新竹市議員選舉,首次申報,1111111,交通旅運支出,台灣中油港南站,85232109,0.00,850.00,,,,油資,金錢,新竹市海埔路****,,否,,,,,,,
195,吳國寶,111年新竹市議員選舉,首次申報,1111112,交通旅運支出,台灣中油北大路站,47036438,0.00,966.00,,,,油資,金錢,新竹市北大路****,0352*****,否,,,,,,,
196,吳國寶,111年新竹市議員選舉,首次申報,1111113,雜支支出,暐泰有限公司,54981536,0.00,327.00,,,,雜項購置或修繕費用,金錢,新竹市香山區****,03-5*****,否,,,,,,,
197,吳國寶,111年新竹市議員選舉,首次申報,1111114,雜支支出,松德塑膠商行,02890346,0.00,1300.00,,,,雜項購置或修繕費用,金錢,新竹市中山路****,,否,,,,,,,
198,吳國寶,111年新竹市議員選舉,首次申報,1111114,雜支支出,家佳商行,26157358,0.00,164.00,,,,雜項購置或修繕費用,金錢,新竹市香山區****,,否,,,,,,,
199,吳國寶,111年新竹市議員選舉,首次申報,1111114,交通旅運支出,台灣中油香山站,46038090,0.00,820.00,,,,油資,金錢,新竹市香山區****,03-5*****,否,,,,,,,
200,吳國寶,111年新竹市議員選舉,首次申報,1111114,交通旅運支出,台灣中油香山站,46038090,0.00,1000.00,,,,油資,金錢,新竹市香山區****,03-5*****,否,,,,,,,
201,吳國寶,111年新竹市議員選舉,首次申報,1111114,雜支支出,八方雲集牛埔東路店,50707993,0.00,518.00,,,,餐飲費用,金錢,新竹市香山區****,03-5*****,否,,,,,,,
202,吳國寶,111年新竹市議員選舉,首次申報,1111114,交通旅運支出,台灣中油港南站,85232109,0.00,740.00,,,,油資,金錢,新竹市海埔路****,03-5*****,否,,,,,,,
203,吳國寶,111年新竹市議員選舉,首次申報,1111114,雜支支出,德順行,99477174,0.00,820.00,,,,餐飲費用,金錢,新竹市香山區****,,否,,,,,,,
204,吳國寶,111年新竹市議員選舉,首次申報,1111115,交通旅運支出,台灣中油香山站,46038090,0.00,800.00,,,,油資,金錢,新竹市香山區****,03-5*****,否,,,,,,,
205,吳國寶,111年新竹市議員選舉,首次申報,1111116,宣傳支出,日誠企業社,73846498,0.00,71820.00,,,,製作競選物品或宣傳廣告費用（杯底套-個）,金錢,新竹市香山區****,,否,,,,,,,
206,吳國寶,111年新竹市議員選舉,首次申報,1111117,交通旅運支出,台灣中油香山站,46038090,0.00,850.00,,,,油資,金錢,新竹市香山區****,03-5*****,否,,,,,,,
207,吳國寶,111年新竹市議員選舉,首次申報,1111117,交通旅運支出,台灣中油港南站,85232109,0.00,720.00,,,,油資,金錢,新竹市海埔路****,03-5*****,否,,,,,,,
208,吳國寶,111年新竹市議員選舉,首次申報,1111118,宣傳支出,筆順有限公司,16579891,0.00,136500.00,,,,製作競選物品或宣傳廣告費用（原子筆）,金錢,新竹市東區光****,03-6*****,否,,,,,,,
209,吳國寶,111年新竹市議員選舉,首次申報,1111118,交通旅運支出,台灣中油香山站,46038090,0.00,1068.00,,,,油資,金錢,新竹市香山區****,03-5*****,否,,,,,,,
210,吳國寶,111年新竹市議員選舉,首次申報,1111119,雜支支出,橙葳商行,91890087,0.00,960.00,,,,餐飲費用,金錢,新竹市延平路****,,否,,,,,,,
211,吳國寶,111年新竹市議員選舉,首次申報,1111119,雜支支出,德順行,99477174,0.00,74.00,,,,雜項購置或修繕費用,金錢,新竹市香山區****,,否,,,,,,,
212,吳國寶,111年新竹市議員選舉,首次申報,1111120,交通旅運支出,台灣中油香山站,46038090,0.00,850.00,,,,油資,金錢,新竹市香山區****,03-5*****,否,,,,,,,
213,吳國寶,111年新竹市議員選舉,首次申報,1111120,雜支支出,德順行,99477174,0.00,500.00,,,,雜項購置或修繕費用,金錢,新竹市香山區****,,否,,,,,,,
214,吳國寶,111年新竹市議員選舉,首次申報,1111121,雜支支出,瑞芳蛋行,02850739,0.00,540.00,,,,餐飲費用,金錢,新竹市城北街****,,否,,,,,,,
215,吳國寶,111年新竹市議員選舉,首次申報,1111121,雜支支出,家佳商行,26157358,0.00,99.00,,,,文具用品費用,金錢,新竹市香山區****,,否,,,,,,,
216,吳國寶,111年新竹市議員選舉,首次申報,1111121,雜支支出,慈心素食坊,31436937,0.00,620.00,,,,餐飲費用,金錢,新竹市經國路****,,否,,,,,,,
217,吳國寶,111年新竹市議員選舉,首次申報,1111121,交通旅運支出,台灣中油香山站,46038090,0.00,911.00,,,,油資,金錢,新竹市香山區****,03-5*****,否,,,,,,,
218,吳國寶,111年新竹市議員選舉,首次申報,1111122,交通旅運支出,台灣中油香山站,46038090,0.00,801.00,,,,油資,金錢,新竹市香山區****,03-5*****,否,,,,,,,
219,吳國寶,111年新竹市議員選舉,首次申報,1111122,交通旅運支出,台灣中油香山站,46038090,0.00,1600.00,,,,油資,金錢,新竹市香山區****,03-5*****,否,,,,,,,
220,吳國寶,111年新竹市議員選舉,首次申報,1111122,交通旅運支出,台灣中油香山站,46038090,0.00,470.00,,,,油資,金錢,新竹市香山區****,03-5*****,否,,,,,,,
221,吳國寶,111年新竹市議員選舉,首次申報,1111124,交通旅運支出,百祥加油站,23072173,0.00,1000.00,,,,油資,金錢,新竹市香山區****,03-5*****,否,,,,,,,
222,吳國寶,111年新竹市議員選舉,首次申報,1111124,宣傳支出,赤土崎饅頭店,26591228,0.00,5600.00,,,,其他與選舉宣傳有關之費用,金錢,新竹市學府路****,,否,,,,,,,
223,吳國寶,111年新竹市議員選舉,首次申報,1111124,交通旅運支出,台灣中油香山站,46038090,0.00,830.00,,,,油資,金錢,新竹市香山區****,03-5*****,否,,,,,,,
224,吳國寶,111年新竹市議員選舉,首次申報,1111124,交通旅運支出,台灣中油香山站,46038090,0.00,705.00,,,,油資,金錢,新竹市香山區****,03-5*****,否,,,,,,,
225,吳國寶,111年新竹市議員選舉,首次申報,1111124,雜支支出,全聯福利中心新竹牛埔分公司,51160205,0.00,524.00,,,,雜項購置或修繕費用,金錢,新竹市香山區****,,否,,,,,,,
226,吳國寶,111年新竹市議員選舉,首次申報,1111124,雜支支出,丁丁連鎖藥妝,91391809,0.00,991.00,,,,雜項購置或修繕費用,金錢,新竹市香山區****,,否,,,,,,,
227,吳國寶,111年新竹市議員選舉,首次申報,1111124,雜支支出,一加一企業社,91989861,0.00,500.00,,,,雜項購置或修繕費用,金錢,新竹市延平路****,,否,,,,,,,
228,吳國寶,111年新竹市議員選舉,首次申報,1111124,雜支支出,德順行,99477174,0.00,300.00,,,,餐飲費用,金錢,新竹市香山區****,,否,,,,,,,
229,吳國寶,111年新竹市議員選舉,首次申報,1111124,宣傳支出,競選總部,J12*******,0.00,71820.00,,,,製作競選物品或宣傳廣告費用（矽膠杯底套）,非金錢,新竹市香山區****,,否,,,,,,,
230,吳國寶,111年新竹市議員選舉,首次申報,1111125,雜支支出,安安蛋行,02389869,0.00,2620.00,,,,餐飲費用,金錢,新竹市香山區****,,否,,,,,,,
231,吳國寶,111年新竹市議員選舉,首次申報,1111125,雜支支出,兆江果菜行果菜行,02892490,0.00,175.00,,,,餐飲費用,金錢,新竹市民生路****,,否,,,,,,,
232,吳國寶,111年新竹市議員選舉,首次申報,1111125,宣傳支出,中華郵政股份有限公司,04137838,0.00,39643.00,,,,郵寄競選物品或宣傳廣告費用,金錢,新竹縣竹北市****,,否,,,,,,,
233,吳國寶,111年新竹市議員選舉,首次申報,1111125,雜支支出,高昇商行,13867315,0.00,8000.00,,,,餐飲費用,金錢,新竹市香山區****,,否,,,,,,,
234,吳國寶,111年新竹市議員選舉,首次申報,1111125,雜支支出,慈心素食坊,31436937,0.00,899.00,,,,餐飲費用,金錢,新竹市經國路****,,否,,,,,,,
235,吳國寶,111年新竹市議員選舉,首次申報,1111125,雜支支出,愛佳商行,42057258,0.00,1525.00,,,,餐飲費用,金錢,新竹市榮濱路****,,否,,,,,,,
236,吳國寶,111年新竹市議員選舉,首次申報,1111125,雜支支出,點瑞金香店,47297448,0.00,650.00,,,,雜項購置或修繕費用,金錢,新竹市香山區****,,否,,,,,,,
237,吳國寶,111年新竹市議員選舉,首次申報,1111125,雜支支出,翔笙鮮雞鴨,50701317,0.00,5200.00,,,,餐飲費用,金錢,新竹市民主路****,,否,,,,,,,
238,吳國寶,111年新竹市議員選舉,首次申報,1111125,雜支支出,烏衣鴻安有限公司,55926862,0.00,1700.00,,,,餐飲費用,金錢,新竹市北大路****,03-5*****,否,,,,,,,
239,吳國寶,111年新竹市議員選舉,首次申報,1111125,交通旅運支出,全國新竹加油站,66879057,0.00,1000.00,,,,油資,金錢,新竹市香山區****,,否,,,,,,,
240,吳國寶,111年新竹市議員選舉,首次申報,1111125,雜支支出,玉津商號,66890578,0.00,700.00,,,,餐飲費用,金錢,新竹市經國路****,,否,,,,,,,
241,吳國寶,111年新竹市議員選舉,首次申報,1111125,雜支支出,太春行,66899498,0.00,450.00,,,,餐飲費用,金錢,新竹市經國路****,,否,,,,,,,
242,吳國寶,111年新竹市議員選舉,首次申報,1111125,雜支支出,弘益商行,81929008,0.00,550.00,,,,餐飲費用,金錢,新竹市經國路****,,否,,,,,,,
243,吳國寶,111年新竹市議員選舉,首次申報,1111125,宣傳支出,中華電信股份有限公司,88849347,0.00,10752.00,,,,發送電信簡訊費用,金錢,新竹市中正路****,,否,,,,,,,
244,吳國寶,111年新竹市議員選舉,首次申報,1111125,雜支支出,德順行,99477174,0.00,950.00,,,,餐飲費用,金錢,新竹市香山區****,,否,,,,,,,
245,吳國寶,111年新竹市議員選舉,首次申報,1111125,雜支支出,德順行,99477174,0.00,1335.00,,,,餐飲費用,金錢,新竹市香山區****,,否,,,,,,,
246,吳國寶,111年新竹市議員選舉,首次申報,1111125,雜支支出,德順行,99477174,0.00,200.00,,,,餐飲費用,金錢,新竹市香山區****,,否,,,,,,,
247,吳國寶,111年新竹市議員選舉,首次申報,1111125,雜支支出,德順行,99477174,0.00,2255.00,,,,餐飲費用,金錢,新竹市香山區****,,否,,,,,,,
248,吳國寶,111年新竹市議員選舉,首次申報,1111125,雜支支出,德順行,99477174,0.00,2760.00,,,,餐飲費用,金錢,新竹市香山區****,,否,,,,,,,
249,吳國寶,111年新竹市議員選舉,首次申報,1111125,雜支支出,德順行,99477174,0.00,865.00,,,,餐飲費用,金錢,新竹市香山區****,,否,,,,,,,
250,吳國寶,111年新竹市議員選舉,首次申報,1111125,雜支支出,德順行,99477174,0.00,420.00,,,,雜項購置或修繕費用,金錢,新竹市香山區****,,否,,,,,,,
251,吳國寶,111年新竹市議員選舉,首次申報,1111125,雜支支出,德順行,99477174,0.00,1280.00,,,,餐飲費用,金錢,新竹市香山區****,,否,,,,,,,
252,吳國寶,111年新竹市議員選舉,首次申報,1111125,雜支支出,德順行,99477174,0.00,1300.00,,,,餐飲費用,金錢,新竹市香山區****,,否,,,,,,,
253,吳國寶,111年新竹市議員選舉,首次申報,1111125,雜支支出,德順行,99477174,0.00,4780.00,,,,餐飲費用,金錢,新竹市香山區****,,否,,,,,,,
254,吳國寶,111年新竹市議員選舉,首次申報,1111125,雜支支出,德順行,99477174,0.00,1044.00,,,,餐飲費用,金錢,新竹市香山區****,,否,,,,,,,
255,吳國寶,111年新竹市議員選舉,首次申報,1111125,雜支支出,德順行,99477174,0.00,820.00,,,,餐飲費用,金錢,新竹市香山區****,,否,,,,,,,
256,吳國寶,111年新竹市議員選舉,首次申報,1111125,雜支支出,德順行,99477174,0.00,2270.00,,,,餐飲費用,金錢,新竹市香山區****,,否,,,,,,,
257,吳國寶,111年新竹市議員選舉,首次申報,1111125,雜支支出,德順行,99477174,0.00,2200.00,,,,餐飲費用,金錢,新竹市香山區****,,否,,,,,,,
258,吳國寶,111年新竹市議員選舉,首次申報,1111125,雜支支出,德順行,99477174,0.00,2130.00,,,,雜項購置或修繕費用,金錢,新竹市香山區****,,否,,,,,,,
259,吳國寶,111年新竹市議員選舉,首次申報,1111126,雜支支出,慈心素食坊,31436937,0.00,5000.00,,,,餐飲費用,金錢,新竹市經國路****,,否,,,,,,,
260,吳國寶,111年新竹市議員選舉,首次申報,1111127,宣傳支出,清豐金香行,50702364,0.00,2000.00,,,,其他與選舉宣傳有關之費用,金錢,新竹市香山區****,,否,,,,,,,
261,吳國寶,111年新竹市議員選舉,首次申報,1111127,宣傳支出,九隆青果行青果行,50702364,0.00,2000.00,,,,其他與選舉宣傳有關之費用,金錢,新竹市中山路****,,否,,,,,,,
262,吳國寶,111年新竹市議員選舉,首次申報,1111127,人事費用支出,鄭志樑,J12*******,0.00,22000.00,,,,工資或薪津,金錢,新竹市中和路****,,否,,,,,,,
263,吳國寶,111年新竹市議員選舉,首次申報,1111127,人事費用支出,黃淑真,J20*******,0.00,30000.00,,,,工資或薪津,金錢,新竹市香山區****,,否,,,,,,,
264,吳國寶,111年新竹市議員選舉,首次申報,1111127,人事費用支出,李玉五,J20*******,0.00,30000.00,,,,工資或薪津,金錢,新竹市香山區****,,否,,,,,,,
265,吳國寶,111年新竹市議員選舉,首次申報,1111127,人事費用支出,莊逢麗,J22*******,0.00,26000.00,,,,工資或薪津,金錢,新竹市香山區****,,否,,,,,,,
266,吳國寶,111年新竹市議員選舉,首次申報,1111127,人事費用支出,盤美桂,J22*******,0.00,17000.00,,,,工資或薪津,金錢,新竹市香山區****,,否,,,,,,,
267,吳國寶,111年新竹市議員選舉,首次申報,1111127,人事費用支出,黃美玉,J22*******,0.00,9000.00,,,,工資或薪津,金錢,新竹市香山區****,,否,,,,,,,
268,吳國寶,111年新竹市議員選舉,首次申報,1111127,人事費用支出,劉新田,K10*******,0.00,30000.00,,,,工資或薪津,金錢,新竹市香山區****,,否,,,,,,,
269,吳國寶,111年新竹市議員選舉,首次申報,1111127,人事費用支出,吳伊婷,O20*******,0.00,30000.00,,,,工資或薪津,金錢,新竹市香山區****,,否,,,,,,,
270,吳國寶,111年新竹市議員選舉,首次申報,1111127,人事費用支出,杜芊蓉,O20*******,0.00,30000.00,,,,工資或薪津,金錢,新竹市振興路****,,否,,,,,,,
271,吳國寶,111年新竹市議員選舉,首次申報,1111127,人事費用支出,簡銘成,Q12*******,0.00,27000.00,,,,工資或薪津,金錢,新竹市香山區****,,否,,,,,,,
272,吳國寶,111年新竹市議員選舉,首次申報,1111128,租用宣傳車輛支出,慧紅企業社,20134463,0.00,72000.00,,,,租用宣傳車輛費用,金錢,新竹市林森路****,03-5*****,否,,,,,,,
273,吳國寶,111年新竹市議員選舉,首次申報,1111128,租用宣傳車輛支出,慧紅企業社,20134463,0.00,72000.00,,,,租用宣傳車輛費用,金錢,新竹市林森路****,03-5*****,否,,,,,,,
274,吳國寶,111年新竹市議員選舉,首次申報,1111128,租用宣傳車輛支出,慧紅企業社,20134463,0.00,72000.00,,,,租用宣傳車輛費用,金錢,新竹市林森路****,03-5*****,否,,,,,,,
275,吳國寶,111年新竹市議員選舉,首次申報,1111128,租用宣傳車輛支出,慧紅企業社,20134463,0.00,72000.00,,,,租用宣傳車輛費用,金錢,新竹市林森路****,03-5*****,否,,,,,,,
276,吳國寶,111年新竹市議員選舉,首次申報,1111128,租用宣傳車輛支出,慧紅企業社,20134463,0.00,36000.00,,,,租用宣傳車輛費用,金錢,新竹市林森路****,03-5*****,否,,,,,,,
277,吳國寶,111年新竹市議員選舉,首次申報,1111128,交通旅運支出,台灣中油香山站,46038090,0.00,1015.00,,,,油資,金錢,新竹市香山區****,03-5*****,否,,,,,,,
278,吳國寶,111年新竹市議員選舉,首次申報,1111128,交通旅運支出,台灣中油香山站,46038090,0.00,890.00,,,,油資,金錢,新竹市香山區****,03-5*****,否,,,,,,,
279,吳國寶,111年新竹市議員選舉,首次申報,1111202,宣傳支出,豐谷蒸飯店,46678503,0.00,13800.00,,,,其他與選舉宣傳有關之費用,金錢,新竹市竹蓮街****,,否,,,,,,,
280,吳國寶,111年新竹市議員選舉,首次申報,1111202,雜支支出,風城行有限公司,89308100,0.00,16683.00,,,,文具用品費用,金錢,新竹市香山區****,,否,,,,,,,
281,吳國寶,111年新竹市議員選舉,首次申報,1111209,交通旅運支出,台灣中油北大路站,47036438,0.00,1076.00,,,,油資,金錢,新竹市北大路****,0352*****,否,,,,,,,
