﻿序號,擬參選人／政黨,選舉名稱,申報序號／年度,交易日期,收支科目,捐贈者／支出對象,身分證／統一編號,收入金額,支出金額,捐贈方式,存入專戶日期,返還/繳庫,支出用途,金錢類,地址,聯絡電話,應揭露之支出對象,支出對象之內部人員姓名,支出對象之內部人員職稱,政黨之內部人員姓名,政黨之內部人員職稱,關係,更正註記,資料更正日期
1,徐永煌,111年苗栗縣議員選舉,首次申報,1110825,宣傳支出,誠采實業股份有限公司,70463067,0.00,54579.00,,,,製作競選物品或宣傳廣告費用,金錢,新北市樹林區****,,否,,,,,,,
2,徐永煌,111年苗栗縣議員選舉,首次申報,1110827,宣傳支出,晉雅堂,05923340,0.00,9000.00,,,,製作競選物品或宣傳廣告費用,金錢,彰化縣鹿港鎮****,,否,,,,,,,
3,徐永煌,111年苗栗縣議員選舉,首次申報,1110829,宣傳支出,晉雅堂,05923340,0.00,9000.00,,,,製作競選物品或宣傳廣告費用,金錢,彰化縣鹿港鎮****,,否,,,,,,,
4,徐永煌,111年苗栗縣議員選舉,首次申報,1110830,宣傳支出,立大林數位印刷有限公司,16270991,0.00,48300.00,,,,製作競選物品或宣傳廣告費用,金錢,新北市三重區****,,否,,,,,,,
5,徐永煌,111年苗栗縣議員選舉,首次申報,1110831,租用競選辦事處支出,吳金快,K22*******,0.00,60000.00,,,,租用競選辦事處費用,金錢,苗栗縣通霄鎮****,0930*****,否,,,,,,,
6,徐永煌,111年苗栗縣議員選舉,首次申報,1110922,宣傳支出,晉雅堂,05923340,0.00,35000.00,,,,製作競選物品或宣傳廣告費用,金錢,彰化縣鹿港鎮****,,否,,,,,,,
7,徐永煌,111年苗栗縣議員選舉,首次申報,1110925,集會支出,石成自助餐,38989482,0.00,550.00,,,,餐飲費用,金錢,苗栗縣通霄鎮****,,否,,,,,,,
8,徐永煌,111年苗栗縣議員選舉,首次申報,1110927,租用競選辦事處支出,楊吉昌五金行,49327550,0.00,2600.00,,,,裝潢競選辦事處費用,金錢,苗栗縣苑裡鎮****,,否,,,,,,,
9,徐永煌,111年苗栗縣議員選舉,首次申報,1110928,集會支出,清心福全,25218238,0.00,272.00,,,,餐飲費用,金錢,苗栗縣通霄鎮****,,否,,,,,,,
10,徐永煌,111年苗栗縣議員選舉,首次申報,1110928,集會支出,米奇玲小吃店,45500682,0.00,1912.00,,,,餐飲費用,金錢,苗栗縣通霄鎮****,,否,,,,,,,
11,徐永煌,111年苗栗縣議員選舉,首次申報,1110928,租用宣傳車輛支出,台灣中油,49039208,0.00,1000.00,,,,宣傳車輛燃料費用,金錢,苗栗縣銅鑼鄉****,,否,,,,,,,
12,徐永煌,111年苗栗縣議員選舉,首次申報,1110928,租用宣傳車輛支出,振嘉光陽,80637685,0.00,500.00,,,,宣傳車輛燃料費用,金錢,苗栗縣通霄鎮****,,否,,,,,,,
13,徐永煌,111年苗栗縣議員選舉,首次申報,1110930,人事費用支出,潘欣慧,L22*******,0.00,24000.00,,,,工資或薪津,金錢,苗栗縣通霄鎮****,0952*****,否,,,,,,,
14,徐永煌,111年苗栗縣議員選舉,首次申報,1111002,宣傳支出,晉雅堂,05923340,0.00,20000.00,,,,製作競選物品或宣傳廣告費用,金錢,彰化縣鹿港鎮****,,否,,,,,,,
15,徐永煌,111年苗栗縣議員選舉,首次申報,1111002,租用宣傳車輛支出,台灣中油,49025653,0.00,1000.00,,,,宣傳車輛燃料費用,金錢,苗栗縣銅鑼鄉****,,否,,,,,,,
16,徐永煌,111年苗栗縣議員選舉,首次申報,1111003,宣傳支出,名苑土木包工業,25208745,0.00,120000.00,,,,租用廣告看板或車體廣告費用,金錢,苗栗縣苑裡鎮****,,否,,,,,,,
17,徐永煌,111年苗栗縣議員選舉,首次申報,1111005,集會支出,五福外燴美食坊,26849254,0.00,5000.00,,,,餐飲費用,金錢,苗栗縣通霄鎮****,,否,,,,,,,
18,徐永煌,111年苗栗縣議員選舉,首次申報,1111006,集會支出,五福外燴美食坊,26849254,0.00,5000.00,,,,餐飲費用,金錢,苗栗縣通霄鎮****,,否,,,,,,,
19,徐永煌,111年苗栗縣議員選舉,首次申報,1111006,租用宣傳車輛支出,台灣中油,49025653,0.00,1000.00,,,,宣傳車輛燃料費用,金錢,苗栗縣銅鑼鄉****,,否,,,,,,,
20,徐永煌,111年苗栗縣議員選舉,首次申報,1111007,集會支出,五福外燴美食坊,26849254,0.00,5000.00,,,,餐飲費用,金錢,苗栗縣通霄鎮****,,否,,,,,,,
21,徐永煌,111年苗栗縣議員選舉,首次申報,1111007,宣傳支出,德風創意行銷,38983717,0.00,7000.00,,,,播放、傳送或刊登宣傳廣告費用,金錢,苗栗縣通霄鎮****,,否,,,,,,,
22,徐永煌,111年苗栗縣議員選舉,首次申報,1111007,宣傳支出,德風創意行銷,38983717,0.00,5800.00,,,,播放、傳送或刊登宣傳廣告費用,金錢,苗栗縣通霄鎮****,,否,,,,,,,
23,徐永煌,111年苗栗縣議員選舉,首次申報,1111008,集會支出,五福外燴美食坊,26849254,0.00,5000.00,,,,餐飲費用,金錢,苗栗縣通霄鎮****,,否,,,,,,,
24,徐永煌,111年苗栗縣議員選舉,首次申報,1111009,集會支出,五福外燴美食坊,26849254,0.00,5000.00,,,,餐飲費用,金錢,苗栗縣通霄鎮****,,否,,,,,,,
25,徐永煌,111年苗栗縣議員選舉,首次申報,1111010,集會支出,五福外燴美食坊,26849254,0.00,5000.00,,,,餐飲費用,金錢,苗栗縣通霄鎮****,,否,,,,,,,
26,徐永煌,111年苗栗縣議員選舉,首次申報,1111011,租用宣傳車輛支出,台灣中油,49025653,0.00,1000.00,,,,宣傳車輛燃料費用,金錢,苗栗縣銅鑼鄉****,,否,,,,,,,
27,徐永煌,111年苗栗縣議員選舉,首次申報,1111012,集會支出,五福外燴美食坊,26849254,0.00,9920.00,,,,餐飲費用,金錢,苗栗縣通霄鎮****,,否,,,,,,,
28,徐永煌,111年苗栗縣議員選舉,首次申報,1111012,集會支出,五福外燴美食坊,26849254,0.00,9920.00,,,,餐飲費用,金錢,苗栗縣通霄鎮****,,否,,,,,,,
29,徐永煌,111年苗栗縣議員選舉,首次申報,1111013,集會支出,五福外燴美食坊,26849254,0.00,9920.00,,,,餐飲費用,金錢,苗栗縣通霄鎮****,,否,,,,,,,
30,徐永煌,111年苗栗縣議員選舉,首次申報,1111013,宣傳支出,德風創意行銷,38987317,0.00,800.00,,,,播放、傳送或刊登宣傳廣告費用,金錢,苗栗縣通霄鎮****,,否,,,,,,,
31,徐永煌,111年苗栗縣議員選舉,首次申報,1111013,集會支出,大新燒臘,45416242,0.00,360.00,,,,餐飲費用,金錢,苗栗縣通霄鎮****,,否,,,,,,,
32,徐永煌,111年苗栗縣議員選舉,首次申報,1111013,集會支出,鼎級企業股份有限公司,86471227,0.00,29197.00,,,,餐飲費用,金錢,臺北市信義區****,,否,,,,,,,
33,徐永煌,111年苗栗縣議員選舉,首次申報,1111014,集會支出,五福外燴美食坊,26849254,0.00,9920.00,,,,餐飲費用,金錢,苗栗縣通霄鎮****,,否,,,,,,,
34,徐永煌,111年苗栗縣議員選舉,首次申報,1111014,集會支出,優廚餐飲料理店,80960254,0.00,27500.00,,,,餐飲費用,金錢,苗栗縣通霄鎮****,,否,,,,,,,
35,徐永煌,111年苗栗縣議員選舉,首次申報,1111015,集會支出,五福外燴美食坊,26849254,0.00,9920.00,,,,餐飲費用,金錢,苗栗縣通霄鎮****,,否,,,,,,,
36,徐永煌,111年苗栗縣議員選舉,首次申報,1111015,租用宣傳車輛支出,台灣中油,49025653,0.00,1000.00,,,,宣傳車輛燃料費用,金錢,苗栗縣銅鑼鄉****,,否,,,,,,,
37,徐永煌,111年苗栗縣議員選舉,首次申報,1111016,集會支出,五福外燴美食坊,26849254,0.00,9920.00,,,,餐飲費用,金錢,苗栗縣通霄鎮****,,否,,,,,,,
38,徐永煌,111年苗栗縣議員選舉,首次申報,1111017,集會支出,五福外燴美食坊,26849254,0.00,9920.00,,,,餐飲費用,金錢,苗栗縣通霄鎮****,,否,,,,,,,
39,徐永煌,111年苗栗縣議員選舉,首次申報,1111017,集會支出,優廚餐飲料理店,80960254,0.00,27500.00,,,,餐飲費用,金錢,苗栗縣通霄鎮****,,否,,,,,,,
40,徐永煌,111年苗栗縣議員選舉,首次申報,1111017,集會支出,家鄉包子饅頭店,92852076,0.00,2600.00,,,,餐飲費用,金錢,苗栗縣通霄鎮****,,否,,,,,,,
41,徐永煌,111年苗栗縣議員選舉,首次申報,1111018,集會支出,五福外燴美食坊,26849254,0.00,9920.00,,,,餐飲費用,金錢,苗栗縣通霄鎮****,,否,,,,,,,
42,徐永煌,111年苗栗縣議員選舉,首次申報,1111018,集會支出,家鄉包子饅頭店,92852076,0.00,1200.00,,,,餐飲費用,金錢,苗栗縣通霄鎮****,,否,,,,,,,
43,徐永煌,111年苗栗縣議員選舉,首次申報,1111019,集會支出,翡翠谷飲食店,02908747,0.00,900.00,,,,餐飲費用,金錢,苗栗縣通霄鎮****,,否,,,,,,,
44,徐永煌,111年苗栗縣議員選舉,首次申報,1111019,集會支出,五福外燴美食坊,26849254,0.00,14920.00,,,,餐飲費用,金錢,苗栗縣通霄鎮****,,否,,,,,,,
45,徐永煌,111年苗栗縣議員選舉,首次申報,1111019,宣傳支出,允成香鋪,26855229,0.00,5500.00,,,,製作競選物品或宣傳廣告費用,金錢,苗栗縣通霄鎮****,,否,,,,,,,
46,徐永煌,111年苗栗縣議員選舉,首次申報,1111019,集會支出,鼎級企業股份有限公司,86471227,0.00,20370.00,,,,餐飲費用,金錢,臺北市信義區****,,否,,,,,,,
47,徐永煌,111年苗栗縣議員選舉,首次申報,1111019,集會支出,家鄉包子饅頭店,92852076,0.00,4000.00,,,,餐飲費用,金錢,苗栗縣通霄鎮****,,否,,,,,,,
48,徐永煌,111年苗栗縣議員選舉,首次申報,1111020,宣傳支出,晉雅堂,05923340,0.00,15520.00,,,,製作競選物品或宣傳廣告費用,金錢,彰化縣鹿港鎮****,,否,,,,,,,
49,徐永煌,111年苗栗縣議員選舉,首次申報,1111020,集會支出,泡泡龍禮品屋,19854978,0.00,668.00,,,,清潔整理費用,金錢,苗栗縣通霄鎮****,,否,,,,,,,
50,徐永煌,111年苗栗縣議員選舉,首次申報,1111020,宣傳支出,家源行,25209239,0.00,500.00,,,,製作競選物品或宣傳廣告費用,金錢,苗栗縣通霄鎮****,,否,,,,,,,
51,徐永煌,111年苗栗縣議員選舉,首次申報,1111020,集會支出,五福外燴美食坊,26849254,0.00,14920.00,,,,餐飲費用,金錢,苗栗縣通霄鎮****,,否,,,,,,,
52,徐永煌,111年苗栗縣議員選舉,首次申報,1111020,租用宣傳車輛支出,台灣中油,49025653,0.00,1000.00,,,,宣傳車輛燃料費用,金錢,苗栗縣銅鑼鄉****,,否,,,,,,,
53,徐永煌,111年苗栗縣議員選舉,首次申報,1111020,集會支出,意弘五金行,49784985,0.00,970.00,,,,清潔整理費用,金錢,苗栗縣通霄鎮****,,否,,,,,,,
54,徐永煌,111年苗栗縣議員選舉,首次申報,1111020,集會支出,鼎級企業股份有限公司,86471227,0.00,27160.00,,,,餐飲費用,金錢,臺北市信義區****,,否,,,,,,,
55,徐永煌,111年苗栗縣議員選舉,首次申報,1111020,集會支出,鼎級企業股份有限公司,86471227,0.00,6790.00,,,,餐飲費用,金錢,臺北市信義區****,,否,,,,,,,
56,徐永煌,111年苗栗縣議員選舉,首次申報,1111020,集會支出,家鄉包子饅頭店,92852076,0.00,2000.00,,,,餐飲費用,金錢,苗栗縣通霄鎮****,,否,,,,,,,
57,徐永煌,111年苗栗縣議員選舉,首次申報,1111021,宣傳支出,晉雅堂,05923340,0.00,90000.00,,,,製作競選物品或宣傳廣告費用,金錢,彰化縣鹿港鎮****,,否,,,,,,,
58,徐永煌,111年苗栗縣議員選舉,首次申報,1111021,集會支出,春豐行,09247378,0.00,350.00,,,,清潔整理費用,金錢,苗栗縣通霄鎮****,,否,,,,,,,
59,徐永煌,111年苗栗縣議員選舉,首次申報,1111021,集會支出,五福外燴美食坊,26849254,0.00,14920.00,,,,餐飲費用,金錢,苗栗縣通霄鎮****,,否,,,,,,,
60,徐永煌,111年苗栗縣議員選舉,首次申報,1111021,宣傳支出,允成香鋪,26855229,0.00,550.00,,,,製作競選物品或宣傳廣告費用,金錢,苗栗縣通霄鎮****,,否,,,,,,,
61,徐永煌,111年苗栗縣議員選舉,首次申報,1111021,集會支出,榮三商店,39678021,0.00,1200.00,,,,餐飲費用,金錢,苗栗縣通霄鎮****,,否,,,,,,,
62,徐永煌,111年苗栗縣議員選舉,首次申報,1111021,集會支出,基旭實業有限公司,53508076,0.00,113.00,,,,清潔整理費用,金錢,苗栗縣通霄鎮****,,否,,,,,,,
63,徐永煌,111年苗栗縣議員選舉,首次申報,1111021,集會支出,家鄉包子饅頭店,92852076,0.00,1800.00,,,,餐飲費用,金錢,苗栗縣通霄鎮****,,否,,,,,,,
64,徐永煌,111年苗栗縣議員選舉,首次申報,1111022,集會支出,五福外燴美食坊,26849254,0.00,14920.00,,,,餐飲費用,金錢,苗栗縣通霄鎮****,,否,,,,,,,
65,徐永煌,111年苗栗縣議員選舉,首次申報,1111022,租用競選辦事處支出,有成蓬架企業社,38988717,0.00,15000.00,,,,裝潢競選辦事處費用,金錢,苗栗縣通霄鎮****,,否,,,,,,,
66,徐永煌,111年苗栗縣議員選舉,首次申報,1111022,集會支出,久瑩商行,88817788,0.00,9480.00,,,,餐飲費用,金錢,苗栗縣通霄鎮****,,否,,,,,,,
67,徐永煌,111年苗栗縣議員選舉,首次申報,1111022,集會支出,家鄉包子饅頭店,92852076,0.00,28000.00,,,,餐飲費用,金錢,苗栗縣通霄鎮****,,否,,,,,,,
68,徐永煌,111年苗栗縣議員選舉,首次申報,1111023,集會支出,五福外燴美食坊,26849254,0.00,14920.00,,,,餐飲費用,金錢,苗栗縣通霄鎮****,,否,,,,,,,
69,徐永煌,111年苗栗縣議員選舉,首次申報,1111023,集會支出,基旭實業有限公司,53508076,0.00,106.00,,,,清潔整理費用,金錢,苗栗縣通霄鎮****,,否,,,,,,,
70,徐永煌,111年苗栗縣議員選舉,首次申報,1111023,集會支出,家鄉包子饅頭店,92852076,0.00,3300.00,,,,餐飲費用,金錢,苗栗縣通霄鎮****,,否,,,,,,,
71,徐永煌,111年苗栗縣議員選舉,首次申報,1111024,集會支出,良昇文具行,02913615,0.00,960.00,,,,清潔整理費用,金錢,苗栗縣通霄鎮****,,否,,,,,,,
72,徐永煌,111年苗栗縣議員選舉,首次申報,1111024,集會支出,五福外燴美食坊,26849254,0.00,14920.00,,,,餐飲費用,金錢,苗栗縣通霄鎮****,,否,,,,,,,
73,徐永煌,111年苗栗縣議員選舉,首次申報,1111024,宣傳支出,德風創意行銷,38987317,0.00,7000.00,,,,播放、傳送或刊登宣傳廣告費用,金錢,苗栗縣通霄鎮****,,否,,,,,,,
74,徐永煌,111年苗栗縣議員選舉,首次申報,1111024,集會支出,家鄉包子饅頭店,92852076,0.00,800.00,,,,餐飲費用,金錢,苗栗縣通霄鎮****,,否,,,,,,,
75,徐永煌,111年苗栗縣議員選舉,首次申報,1111025,雜支支出,苑聯液化石油氣有限公司,12648427,0.00,250.00,,,,水電瓦斯費用,金錢,苗栗縣苑裡鎮****,,否,,,,,,,
76,徐永煌,111年苗栗縣議員選舉,首次申報,1111025,租用宣傳車輛支出,易鋐加油站,24390892,0.00,750.00,,,,宣傳車輛燃料費用,金錢,苗栗縣苑裡鎮****,,否,,,,,,,
77,徐永煌,111年苗栗縣議員選舉,首次申報,1111025,集會支出,五福外燴美食坊,26849254,0.00,14920.00,,,,餐飲費用,金錢,苗栗縣通霄鎮****,,否,,,,,,,
78,徐永煌,111年苗栗縣議員選舉,首次申報,1111025,集會支出,家鄉包子饅頭店,92852076,0.00,1600.00,,,,餐飲費用,金錢,苗栗縣通霄鎮****,,否,,,,,,,
79,徐永煌,111年苗栗縣議員選舉,首次申報,1111025,集會支出,家鄉包子饅頭店,92852076,0.00,800.00,,,,餐飲費用,金錢,苗栗縣通霄鎮****,,否,,,,,,,
80,徐永煌,111年苗栗縣議員選舉,首次申報,1111026,宣傳支出,立大林數位印刷有限公司,16270991,0.00,78750.00,,,,製作競選物品或宣傳廣告費用,金錢,新北市三重區****,,否,,,,,,,
81,徐永煌,111年苗栗縣議員選舉,首次申報,1111026,集會支出,五福外燴美食坊,26849254,0.00,14920.00,,,,餐飲費用,金錢,苗栗縣通霄鎮****,,否,,,,,,,
82,徐永煌,111年苗栗縣議員選舉,首次申報,1111026,集會支出,旺耶五金行,38989624,0.00,420.00,,,,清潔整理費用,金錢,苗栗縣通霄鎮****,,否,,,,,,,
83,徐永煌,111年苗栗縣議員選舉,首次申報,1111026,集會支出,家鄉包子饅頭店,92852076,0.00,800.00,,,,餐飲費用,金錢,苗栗縣通霄鎮****,,否,,,,,,,
84,徐永煌,111年苗栗縣議員選舉,首次申報,1111026,集會支出,家鄉包子饅頭店,92852076,0.00,1100.00,,,,餐飲費用,金錢,苗栗縣通霄鎮****,,否,,,,,,,
85,徐永煌,111年苗栗縣議員選舉,首次申報,1111027,集會支出,五福外燴美食坊,26849254,0.00,14920.00,,,,餐飲費用,金錢,苗栗縣通霄鎮****,,否,,,,,,,
86,徐永煌,111年苗栗縣議員選舉,首次申報,1111027,集會支出,大新燒臘,45416242,0.00,360.00,,,,餐飲費用,金錢,苗栗縣通霄鎮****,,否,,,,,,,
87,徐永煌,111年苗栗縣議員選舉,首次申報,1111027,集會支出,家鄉包子饅頭店,92852076,0.00,3000.00,,,,餐飲費用,金錢,苗栗縣通霄鎮****,,否,,,,,,,
88,徐永煌,111年苗栗縣議員選舉,首次申報,1111028,集會支出,良昇文具行,02913615,0.00,192.00,,,,清潔整理費用,金錢,苗栗縣通霄鎮****,,否,,,,,,,
89,徐永煌,111年苗栗縣議員選舉,首次申報,1111028,集會支出,五福外燴美食坊,26849254,0.00,14920.00,,,,餐飲費用,金錢,苗栗縣通霄鎮****,,否,,,,,,,
90,徐永煌,111年苗栗縣議員選舉,首次申報,1111028,集會支出,家鄉包子饅頭店,92852076,0.00,1000.00,,,,餐飲費用,金錢,苗栗縣通霄鎮****,,否,,,,,,,
91,徐永煌,111年苗栗縣議員選舉,首次申報,1111028,租用宣傳車輛支出,台灣中油,99661903,0.00,500.00,,,,宣傳車輛燃料費用,金錢,苗栗縣通霄鎮****,,否,,,,,,,
92,徐永煌,111年苗栗縣議員選舉,首次申報,1111029,集會支出,春豐行,09247378,0.00,125.00,,,,清潔整理費用,金錢,苗栗縣通霄鎮****,,否,,,,,,,
93,徐永煌,111年苗栗縣議員選舉,首次申報,1111029,集會支出,五福外燴美食坊,26849254,0.00,14920.00,,,,餐飲費用,金錢,苗栗縣通霄鎮****,,否,,,,,,,
94,徐永煌,111年苗栗縣議員選舉,首次申報,1111029,租用宣傳車輛支出,台灣中油,49039208,0.00,500.00,,,,宣傳車輛燃料費用,金錢,苗栗縣通霄鎮****,,否,,,,,,,
95,徐永煌,111年苗栗縣議員選舉,首次申報,1111030,集會支出,良昇文具行,02913615,0.00,384.00,,,,清潔整理費用,金錢,苗栗縣通霄鎮****,,否,,,,,,,
96,徐永煌,111年苗栗縣議員選舉,首次申報,1111030,集會支出,五福外燴美食坊,26849254,0.00,14920.00,,,,餐飲費用,金錢,苗栗縣通霄鎮****,,否,,,,,,,
97,徐永煌,111年苗栗縣議員選舉,首次申報,1111030,租用宣傳車輛支出,振嘉光陽,80637685,0.00,1579.00,,,,宣傳車輛燃料費用,金錢,苗栗縣通霄鎮****,,否,,,,,,,
98,徐永煌,111年苗栗縣議員選舉,首次申報,1111031,集會支出,五福外燴美食坊,26849254,0.00,14920.00,,,,餐飲費用,金錢,苗栗縣通霄鎮****,,否,,,,,,,
99,徐永煌,111年苗栗縣議員選舉,首次申報,1111031,租用宣傳車輛支出,鈺豐加油站,28033657,0.00,6606.00,,,,宣傳車輛燃料費用,金錢,苗栗縣苑裡鎮****,,否,,,,,,,
100,徐永煌,111年苗栗縣議員選舉,首次申報,1111031,集會支出,大新燒臘,45416242,0.00,270.00,,,,餐飲費用,金錢,苗栗縣通霄鎮****,,否,,,,,,,
101,徐永煌,111年苗栗縣議員選舉,首次申報,1111031,集會支出,家鄉包子饅頭店,92852076,0.00,500.00,,,,餐飲費用,金錢,苗栗縣通霄鎮****,,否,,,,,,,
102,徐永煌,111年苗栗縣議員選舉,首次申報,1111031,人事費用支出,潘欣慧,L22*******,0.00,34284.00,,,,工資或薪津,金錢,苗栗縣通霄鎮****,0952*****,否,,,,,,,
103,徐永煌,111年苗栗縣議員選舉,首次申報,1111101,集會支出,五福外燴美食坊,26849254,0.00,14920.00,,,,餐飲費用,金錢,苗栗縣通霄鎮****,,否,,,,,,,
104,徐永煌,111年苗栗縣議員選舉,首次申報,1111101,集會支出,大新燒臘,45416242,0.00,450.00,,,,餐飲費用,金錢,苗栗縣通霄鎮****,,否,,,,,,,
105,徐永煌,111年苗栗縣議員選舉,首次申報,1111101,集會支出,家鄉包子饅頭店,92852076,0.00,5000.00,,,,餐飲費用,金錢,苗栗縣通霄鎮****,,否,,,,,,,
106,徐永煌,111年苗栗縣議員選舉,首次申報,1111102,集會支出,五福外燴美食坊,26849254,0.00,14920.00,,,,餐飲費用,金錢,苗栗縣通霄鎮****,,否,,,,,,,
107,徐永煌,111年苗栗縣議員選舉,首次申報,1111103,集會支出,五福外燴美食坊,26849254,0.00,14920.00,,,,餐飲費用,金錢,苗栗縣通霄鎮****,,否,,,,,,,
108,徐永煌,111年苗栗縣議員選舉,首次申報,1111103,集會支出,家鄉包子饅頭店,92852076,0.00,1200.00,,,,餐飲費用,金錢,苗栗縣通霄鎮****,,否,,,,,,,
109,徐永煌,111年苗栗縣議員選舉,首次申報,1111103,集會支出,家鄉包子饅頭店,92852076,0.00,400.00,,,,餐飲費用,金錢,苗栗縣通霄鎮****,,否,,,,,,,
110,徐永煌,111年苗栗縣議員選舉,首次申報,1111104,集會支出,五福外燴美食坊,26849254,0.00,14920.00,,,,餐飲費用,金錢,苗栗縣通霄鎮****,,否,,,,,,,
111,徐永煌,111年苗栗縣議員選舉,首次申報,1111105,租用宣傳車輛支出,統一精工,14228978,0.00,1000.00,,,,宣傳車輛燃料費用,金錢,苗栗縣通霄鎮****,,否,,,,,,,
112,徐永煌,111年苗栗縣議員選舉,首次申報,1111105,集會支出,五福外燴美食坊,26849254,0.00,14920.00,,,,餐飲費用,金錢,苗栗縣通霄鎮****,,否,,,,,,,
113,徐永煌,111年苗栗縣議員選舉,首次申報,1111105,集會支出,大新燒臘,45416242,0.00,540.00,,,,餐飲費用,金錢,苗栗縣通霄鎮****,,否,,,,,,,
114,徐永煌,111年苗栗縣議員選舉,首次申報,1111105,集會支出,家鄉包子饅頭店,92852076,0.00,1200.00,,,,餐飲費用,金錢,苗栗縣通霄鎮****,,否,,,,,,,
115,徐永煌,111年苗栗縣議員選舉,首次申報,1111106,集會支出,春豐行,09247378,0.00,90.00,,,,清潔整理費用,金錢,苗栗縣通霄鎮****,,否,,,,,,,
116,徐永煌,111年苗栗縣議員選舉,首次申報,1111106,集會支出,阿丹外燴美食,21483122,0.00,12000.00,,,,餐飲費用,金錢,苗栗縣苑裡鎮****,,否,,,,,,,
117,徐永煌,111年苗栗縣議員選舉,首次申報,1111106,集會支出,五福外燴美食坊,26849254,0.00,14920.00,,,,餐飲費用,金錢,苗栗縣通霄鎮****,,否,,,,,,,
118,徐永煌,111年苗栗縣議員選舉,首次申報,1111106,集會支出,家鄉包子饅頭店,92852076,0.00,1600.00,,,,餐飲費用,金錢,苗栗縣通霄鎮****,,否,,,,,,,
119,徐永煌,111年苗栗縣議員選舉,首次申報,1111107,集會支出,五福外燴美食坊,26849254,0.00,14920.00,,,,餐飲費用,金錢,苗栗縣通霄鎮****,,否,,,,,,,
120,徐永煌,111年苗栗縣議員選舉,首次申報,1111107,集會支出,大新燒臘,45416242,0.00,360.00,,,,餐飲費用,金錢,苗栗縣通霄鎮****,,否,,,,,,,
121,徐永煌,111年苗栗縣議員選舉,首次申報,1111107,集會支出,家鄉包子饅頭店,92852076,0.00,1000.00,,,,餐飲費用,金錢,苗栗縣通霄鎮****,,否,,,,,,,
122,徐永煌,111年苗栗縣議員選舉,首次申報,1111108,集會支出,五福外燴美食坊,26849254,0.00,14920.00,,,,餐飲費用,金錢,苗栗縣通霄鎮****,,否,,,,,,,
123,徐永煌,111年苗栗縣議員選舉,首次申報,1111109,雜支支出,苑聯液化石油氣有限公司,12648427,0.00,250.00,,,,水電瓦斯費用,金錢,苗栗縣苑裡鎮****,,否,,,,,,,
124,徐永煌,111年苗栗縣議員選舉,首次申報,1111109,集會支出,五福外燴美食坊,26849254,0.00,14920.00,,,,餐飲費用,金錢,苗栗縣通霄鎮****,,否,,,,,,,
125,徐永煌,111年苗栗縣議員選舉,首次申報,1111109,集會支出,大新燒臘,45416242,0.00,1530.00,,,,餐飲費用,金錢,苗栗縣通霄鎮****,,否,,,,,,,
126,徐永煌,111年苗栗縣議員選舉,首次申報,1111109,租用宣傳車輛支出,台灣中油,49039208,0.00,1000.00,,,,宣傳車輛燃料費用,金錢,苗栗縣通霄鎮****,,否,,,,,,,
127,徐永煌,111年苗栗縣議員選舉,首次申報,1111110,集會支出,五福外燴美食坊,26849254,0.00,14920.00,,,,餐飲費用,金錢,苗栗縣通霄鎮****,,否,,,,,,,
128,徐永煌,111年苗栗縣議員選舉,首次申報,1111111,集會支出,春豐行,09247378,0.00,686.00,,,,清潔整理費用,金錢,苗栗縣通霄鎮****,,否,,,,,,,
129,徐永煌,111年苗栗縣議員選舉,首次申報,1111111,集會支出,五福外燴美食坊,26849254,0.00,14920.00,,,,餐飲費用,金錢,苗栗縣通霄鎮****,,否,,,,,,,
130,徐永煌,111年苗栗縣議員選舉,首次申報,1111111,租用宣傳車輛支出,台灣中油,77209843,0.00,1250.00,,,,宣傳車輛燃料費用,金錢,臺中市西屯區****,,否,,,,,,,
131,徐永煌,111年苗栗縣議員選舉,首次申報,1111112,集會支出,春豐行,09247378,0.00,185.00,,,,清潔整理費用,金錢,苗栗縣通霄鎮****,,否,,,,,,,
132,徐永煌,111年苗栗縣議員選舉,首次申報,1111112,集會支出,五福外燴美食坊,26849254,0.00,14920.00,,,,餐飲費用,金錢,苗栗縣通霄鎮****,,否,,,,,,,
133,徐永煌,111年苗栗縣議員選舉,首次申報,1111112,租用宣傳車輛支出,亮漢有限公司,52852206,0.00,1700.00,,,,宣傳車輛燃料費用,金錢,苗栗縣通霄鎮****,,否,,,,,,,
134,徐永煌,111年苗栗縣議員選舉,首次申報,1111113,集會支出,春豐行,09247378,0.00,70.00,,,,清潔整理費用,金錢,苗栗縣通霄鎮****,,否,,,,,,,
135,徐永煌,111年苗栗縣議員選舉,首次申報,1111113,集會支出,五福外燴美食坊,26849254,0.00,9920.00,,,,餐飲費用,金錢,苗栗縣通霄鎮****,,否,,,,,,,
136,徐永煌,111年苗栗縣議員選舉,首次申報,1111113,公共關係費用支出,小城花藝禮品行,49805948,0.00,1500.00,,,,聯誼交際費用,金錢,苗栗縣苑裡鎮****,,否,,,,,,,
137,徐永煌,111年苗栗縣議員選舉,首次申報,1111113,集會支出,大日旗艦旺,L10*******,0.00,530.00,,,,餐飲費用,金錢,苗栗縣通霄鎮****,,否,,,,,,,
138,徐永煌,111年苗栗縣議員選舉,首次申報,1111114,集會支出,五福外燴美食坊,26849254,0.00,9920.00,,,,餐飲費用,金錢,苗栗縣通霄鎮****,,否,,,,,,,
139,徐永煌,111年苗栗縣議員選舉,首次申報,1111115,集會支出,五福外燴美食坊,26849254,0.00,9920.00,,,,餐飲費用,金錢,苗栗縣通霄鎮****,,否,,,,,,,
140,徐永煌,111年苗栗縣議員選舉,首次申報,1111115,租用宣傳車輛支出,台灣中油,49025653,0.00,1000.00,,,,宣傳車輛燃料費用,金錢,苗栗縣銅鑼鄉****,,否,,,,,,,
141,徐永煌,111年苗栗縣議員選舉,首次申報,1111116,集會支出,翡翠谷飲食店,02908747,0.00,450.00,,,,餐飲費用,金錢,苗栗縣通霄鎮****,,否,,,,,,,
142,徐永煌,111年苗栗縣議員選舉,首次申報,1111116,集會支出,五福外燴美食坊,26849254,0.00,9920.00,,,,餐飲費用,金錢,苗栗縣通霄鎮****,,否,,,,,,,
143,徐永煌,111年苗栗縣議員選舉,首次申報,1111117,集會支出,五福外燴美食坊,26849254,0.00,9920.00,,,,餐飲費用,金錢,苗栗縣通霄鎮****,,否,,,,,,,
144,徐永煌,111年苗栗縣議員選舉,首次申報,1111117,集會支出,大新燒臘,45416242,0.00,360.00,,,,餐飲費用,金錢,苗栗縣通霄鎮****,,否,,,,,,,
145,徐永煌,111年苗栗縣議員選舉,首次申報,1111117,租用宣傳車輛支出,振嘉光陽,80637685,0.00,500.00,,,,宣傳車輛燃料費用,金錢,苗栗縣通霄鎮****,,否,,,,,,,
146,徐永煌,111年苗栗縣議員選舉,首次申報,1111117,租用宣傳車輛支出,台灣中油,99661903,0.00,1620.00,,,,宣傳車輛燃料費用,金錢,苗栗縣通霄鎮****,,否,,,,,,,
147,徐永煌,111年苗栗縣議員選舉,首次申報,1111118,集會支出,五福外燴美食坊,26849254,0.00,9920.00,,,,餐飲費用,金錢,苗栗縣通霄鎮****,,否,,,,,,,
148,徐永煌,111年苗栗縣議員選舉,首次申報,1111119,集會支出,五福外燴美食坊,26849254,0.00,9920.00,,,,餐飲費用,金錢,苗栗縣通霄鎮****,,否,,,,,,,
149,徐永煌,111年苗栗縣議員選舉,首次申報,1111119,租用宣傳車輛支出,台灣中油,49025653,0.00,1000.00,,,,宣傳車輛燃料費用,金錢,苗栗縣銅鑼鄉****,,否,,,,,,,
150,徐永煌,111年苗栗縣議員選舉,首次申報,1111120,宣傳支出,家源行,25209239,0.00,3600.00,,,,製作競選物品或宣傳廣告費用,金錢,苗栗縣通霄鎮****,,否,,,,,,,
151,徐永煌,111年苗栗縣議員選舉,首次申報,1111120,宣傳支出,欣欣禮贈品社,25209759,0.00,12500.00,,,,製作競選物品或宣傳廣告費用,金錢,苗栗縣通霄鎮****,,否,,,,,,,
152,徐永煌,111年苗栗縣議員選舉,首次申報,1111120,集會支出,五福外燴美食坊,26849254,0.00,9920.00,,,,餐飲費用,金錢,苗栗縣通霄鎮****,,否,,,,,,,
153,徐永煌,111年苗栗縣議員選舉,首次申報,1111121,集會支出,五福外燴美食坊,26849254,0.00,9920.00,,,,餐飲費用,金錢,苗栗縣通霄鎮****,,否,,,,,,,
154,徐永煌,111年苗栗縣議員選舉,首次申報,1111121,租用宣傳車輛支出,台灣中油,99661903,0.00,1500.00,,,,宣傳車輛燃料費用,金錢,苗栗縣通霄鎮****,,否,,,,,,,
155,徐永煌,111年苗栗縣議員選舉,首次申報,1111122,集會支出,酉在青果行,,0.00,2600.00,,,,餐飲費用,金錢,臺中市南屯區****,0931*****,否,,,,,,,
156,徐永煌,111年苗栗縣議員選舉,首次申報,1111122,集會支出,春豐行,09247378,0.00,250.00,,,,清潔整理費用,金錢,苗栗縣通霄鎮****,,否,,,,,,,
157,徐永煌,111年苗栗縣議員選舉,首次申報,1111122,集會支出,五福外燴美食坊,26849254,0.00,9920.00,,,,餐飲費用,金錢,苗栗縣通霄鎮****,,否,,,,,,,
158,徐永煌,111年苗栗縣議員選舉,首次申報,1111122,集會支出,大松商行,38816779,0.00,990.00,,,,餐飲費用,金錢,苗栗縣通霄鎮****,,否,,,,,,,
159,徐永煌,111年苗栗縣議員選舉,首次申報,1111122,集會支出,旺耶五金行,38989624,0.00,780.00,,,,清潔整理費用,金錢,苗栗縣通霄鎮****,,否,,,,,,,
160,徐永煌,111年苗栗縣議員選舉,首次申報,1111123,集會支出,五福外燴美食坊,26849254,0.00,9920.00,,,,餐飲費用,金錢,苗栗縣通霄鎮****,,否,,,,,,,
161,徐永煌,111年苗栗縣議員選舉,首次申報,1111123,宣傳支出,允成香鋪,26855229,0.00,13000.00,,,,製作競選物品或宣傳廣告費用,金錢,苗栗縣通霄鎮****,,否,,,,,,,
162,徐永煌,111年苗栗縣議員選舉,首次申報,1111123,集會支出,金好吃火雞肉飯,39942937,0.00,9000.00,,,,餐飲費用,金錢,苗栗縣通霄鎮****,,否,,,,,,,
163,徐永煌,111年苗栗縣議員選舉,首次申報,1111123,集會支出,大新燒臘,45416242,0.00,15000.00,,,,餐飲費用,金錢,苗栗縣通霄鎮****,,否,,,,,,,
164,徐永煌,111年苗栗縣議員選舉,首次申報,1111123,集會支出,基旭實業有限公司,53508076,0.00,183.00,,,,清潔整理費用,金錢,苗栗縣通霄鎮****,,否,,,,,,,
165,徐永煌,111年苗栗縣議員選舉,首次申報,1111124,集會支出,春豐行,09247378,0.00,130.00,,,,清潔整理費用,金錢,苗栗縣通霄鎮****,,否,,,,,,,
166,徐永煌,111年苗栗縣議員選舉,首次申報,1111124,集會支出,五福外燴美食坊,26849254,0.00,9920.00,,,,餐飲費用,金錢,苗栗縣通霄鎮****,,否,,,,,,,
167,徐永煌,111年苗栗縣議員選舉,首次申報,1111124,集會支出,大新燒臘,45416242,0.00,720.00,,,,餐飲費用,金錢,苗栗縣通霄鎮****,,否,,,,,,,
168,徐永煌,111年苗栗縣議員選舉,首次申報,1111124,租用宣傳車輛支出,台灣中油,49025653,0.00,1000.00,,,,宣傳車輛燃料費用,金錢,苗栗縣銅鑼鄉****,,否,,,,,,,
169,徐永煌,111年苗栗縣議員選舉,首次申報,1111124,租用宣傳車輛支出,亮漢有限公司,52852206,0.00,1500.00,,,,宣傳車輛燃料費用,金錢,苗栗縣通霄鎮****,,否,,,,,,,
170,徐永煌,111年苗栗縣議員選舉,首次申報,1111124,集會支出,基旭實業有限公司,53508076,0.00,132.00,,,,清潔整理費用,金錢,苗栗縣通霄鎮****,,否,,,,,,,
171,徐永煌,111年苗栗縣議員選舉,首次申報,1111125,宣傳支出,豐藝廣告社,39676044,0.00,180806.00,,,,租用廣告看板或車體廣告費用,金錢,苗栗縣苑裡鎮****,,否,,,,,,,
172,徐永煌,111年苗栗縣議員選舉,首次申報,1111127,集會支出,酉在青果行,,0.00,2610.00,,,,餐飲費用,金錢,臺中市南屯區****,0931*****,否,,,,,,,
173,徐永煌,111年苗栗縣議員選舉,首次申報,1111127,宣傳支出,允成香鋪,26855229,0.00,310.00,,,,製作競選物品或宣傳廣告費用,金錢,苗栗縣通霄鎮****,,否,,,,,,,
174,徐永煌,111年苗栗縣議員選舉,首次申報,1111130,租用宣傳車輛支出,鈺豐加油站,28033657,0.00,10835.00,,,,宣傳車輛燃料費用,金錢,苗栗縣苑裡鎮****,,否,,,,,,,
175,徐永煌,111年苗栗縣議員選舉,首次申報,1111130,人事費用支出,潘欣慧,L22*******,0.00,42591.00,,,,工資或薪津,金錢,苗栗縣通霄鎮****,0952*****,否,,,,,,,
