﻿序號,擬參選人／政黨,選舉名稱,申報序號／年度,交易日期,收支科目,捐贈者／支出對象,身分證／統一編號,收入金額,支出金額,捐贈方式,存入專戶日期,返還/繳庫,支出用途,金錢類,地址,聯絡電話,應揭露之支出對象,支出對象之內部人員姓名,支出對象之內部人員職稱,政黨之內部人員姓名,政黨之內部人員職稱,關係,更正註記,資料更正日期
1,徐永煌,111年苗栗縣議員選舉,首次申報,1111019,個人捐贈收入,陳怡惠,K22*******,40000.00,0.00,現金,1111019,,,金錢,苗栗縣苑裡鎮****,0921*****,,,,,,,,
2,徐永煌,111年苗栗縣議員選舉,首次申報,1111025,營利事業捐贈收入,茗竑工程顧問有限公司,24654248,50000.00,0.00,現金,1111025,,,金錢,苗栗縣竹南鎮****,,,,,,,,,
3,徐永煌,111年苗栗縣議員選舉,首次申報,1111025,營利事業捐贈收入,振嘉光陽股份有限公司,80637685,30000.00,0.00,票據,1111026,,,金錢,苗栗縣通霄鎮****,0425*****,,,,,,,,
4,徐永煌,111年苗栗縣議員選舉,首次申報,1111025,個人捐贈收入,徐繹傑,K12*******,50000.00,0.00,現金,1111025,,,金錢,臺北市中山區****,0932*****,,,,,,,,
5,徐永煌,111年苗栗縣議員選舉,首次申報,1111025,個人捐贈收入,徐慧貞,K22*******,30000.00,0.00,現金,1111025,,,金錢,苗栗縣通霄鎮****,0932*****,,,,,,,,
6,徐永煌,111年苗栗縣議員選舉,首次申報,1111031,個人捐贈收入,李偉立,H12*******,50000.00,0.00,現金,1111031,,,金錢,桃園市新屋區****,0978*****,,,,,,,,
7,徐永煌,111年苗栗縣議員選舉,首次申報,1111103,營利事業捐贈收入,協發企業股份有限公司,16697742,100000.00,0.00,現金,1111103,,,金錢,苗栗縣苑裡鎮****,8698*****,,,,,,,,
8,徐永煌,111年苗栗縣議員選舉,首次申報,1111107,營利事業捐贈收入,鈺豐加油站有限公司,28033657,200000.00,0.00,匯款,1111107,,,金錢,苗栗縣苑裡鎮****,8565*****,,,,,,,,
9,徐永煌,111年苗栗縣議員選舉,首次申報,1111121,營利事業捐贈收入,瑀捷環保工程有限公司,84809371,200000.00,0.00,匯款,1111121,,,金錢,基隆市信義區****,0933*****,,,,,,,,
10,徐永煌,111年苗栗縣議員選舉,首次申報,1111122,個人捐贈收入,張肅婷,L22*******,100000.00,0.00,現金,1111122,,,金錢,臺中市豐原區****,0939*****,,,,,,,,
