﻿序號,擬參選人／政黨,選舉名稱,申報序號／年度,交易日期,收支科目,捐贈者／支出對象,身分證／統一編號,收入金額,支出金額,捐贈方式,存入專戶日期,返還/繳庫,支出用途,金錢類,地址,聯絡電話,應揭露之支出對象,支出對象之內部人員姓名,支出對象之內部人員職稱,政黨之內部人員姓名,政黨之內部人員職稱,關係,更正註記,資料更正日期
1,穎艾達利,111年臺南市議員選舉,首次申報,1110601,人事費用支出,石鳳妹,V20*******,0.00,1.00,,,,工資或薪津,金錢,臺南市永康區****,,否,,,,,,,
2,穎艾達利,111年臺南市議員選舉,首次申報,1110701,雜支支出,藍新科技股份有限公司,70565326,0.00,2.00,,,,第三方支付平台手續費,金錢,臺北市南港區****,0226*****,否,,,,,,,
3,穎艾達利,111年臺南市議員選舉,首次申報,1110801,雜支支出,藍新科技股份有限公司,70565326,0.00,829.00,,,,第三方支付平台手續費,金錢,臺北市南港區****,0226*****,否,,,,,,,
4,穎艾達利,111年臺南市議員選舉,首次申報,1110901,雜支支出,藍新科技股份有限公司,70565326,0.00,727.00,,,,第三方支付平台手續費,金錢,臺北市南港區****,0226*****,否,,,,,,,
5,穎艾達利,111年臺南市議員選舉,首次申報,1110902,宣傳支出,健文商行,67915411,0.00,1400.00,,,,製作競選物品或宣傳廣告費用（鑰匙圈內頁張）,金錢,臺南市永康區****,,否,,,,,,,
6,穎艾達利,111年臺南市議員選舉,首次申報,1110902,宣傳支出,競選總部,U12*******,0.00,3000.00,,,,,非金錢,臺南市北區育****,,否,,,,,,,
7,穎艾達利,111年臺南市議員選舉,首次申報,1110908,宣傳支出,中美霓虹廣告,69906584,0.00,25200.00,,,,製作競選物品或宣傳廣告費用（關東旗支）,金錢,臺南市北區福****,,否,,,,,,,
8,穎艾達利,111年臺南市議員選舉,首次申報,1110912,宣傳支出,中華郵政,03741302,0.00,10439.00,,,,郵寄競選物品或宣傳廣告費用,金錢,臺南市北區成****,,否,,,,,,,
9,穎艾達利,111年臺南市議員選舉,首次申報,1110912,宣傳支出,健文商行,67915411,0.00,1500.00,,,,製作競選物品或宣傳廣告費用（A海報雙面張）,金錢,臺南市永康區****,,否,,,,,,,
10,穎艾達利,111年臺南市議員選舉,首次申報,1110919,宣傳支出,健文商行,67915411,0.00,12000.00,,,,製作競選物品或宣傳廣告費用（荷葉扇）,金錢,臺南市永康區****,0628*****,否,,,,,,,
11,穎艾達利,111年臺南市議員選舉,首次申報,1110923,雜支支出,健文商行,67915411,0.00,1925.00,,,,證書夾、獎狀紙(競選團隊聘書),金錢,臺南市永康區****,0628*****,否,,,,,,,
12,穎艾達利,111年臺南市議員選舉,首次申報,1110926,雜支支出,健文商行,67915411,0.00,65.00,,,,證書夾(競選團隊聘書),金錢,臺南市永康區****,0628*****,否,,,,,,,
13,穎艾達利,111年臺南市議員選舉,首次申報,1110929,雜支支出,淨衣坊複合式洗衣店,40898831,0.00,110.00,,,,背心送洗,金錢,臺南市北區北****,,否,,,,,,,
14,穎艾達利,111年臺南市議員選舉,首次申報,1110930,雜支支出,進興糖果行,68754309,0.00,240.00,,,,食品(糖果一包),金錢,臺南市中西區****,,否,,,,,,,
15,穎艾達利,111年臺南市議員選舉,首次申報,1110930,雜支支出,合陞商行,88893032,0.00,70.00,,,,夾鏈袋,金錢,臺南市中西區****,,否,,,,,,,
16,穎艾達利,111年臺南市議員選舉,首次申報,1111001,雜支支出,藍新科技股份有限公司,70565326,0.00,1380.00,,,,第三方平台手續費,金錢,臺北市南港區****,0226*****,否,,,,,,,
17,穎艾達利,111年臺南市議員選舉,首次申報,1111004,雜支支出,統創食品有限公司,25195214,0.00,590.00,,,,HelloBetty魚油加鈣軟糖G*包*包,金錢,高雄市阿蓮區****,,否,,,,,,,
18,穎艾達利,111年臺南市議員選舉,首次申報,1111005,雜支支出,好市多股份有限公司台南分公司,28995746,0.00,259.00,,,,BF薄荷岩鹽檸檬糖,金錢,臺南市北區大****,,否,,,,,,,
19,穎艾達利,111年臺南市議員選舉,首次申報,1111005,宣傳支出,健文商行,67915411,0.00,27000.00,,,,製作競選物品或宣傳廣告費用（鎖圈）,金錢,臺南市永康區****,,否,,,,,,,
20,穎艾達利,111年臺南市議員選舉,首次申報,1111005,宣傳支出,健文商行,67915411,0.00,500.00,,,,製作競選物品或宣傳廣告費用（壓線文宣）,金錢,臺南市永康區****,,否,,,,,,,
21,穎艾達利,111年臺南市議員選舉,首次申報,1111005,宣傳支出,大王行銷實業社,72403994,0.00,29110.00,,,,製作競選物品或宣傳廣告費用（飲料提袋）,金錢,雲林縣斗六市****,0971*****,否,,,,,,,
22,穎艾達利,111年臺南市議員選舉,首次申報,1111006,公共關係費用支出,心情故事花房,10777780,0.00,2000.00,,,,花柱,金錢,臺南市安南區****,0624*****,否,,,,,,,
23,穎艾達利,111年臺南市議員選舉,首次申報,1111006,雜支支出,健文商行,67915411,0.00,300.00,,,,競選背心數字貼紙張元,金錢,臺南市永康區****,0628*****,否,,,,,,,
24,穎艾達利,111年臺南市議員選舉,首次申報,1111006,雜支支出,合陞商行,88893032,0.00,40.00,,,,袋子元*包,金錢,臺南市中西區****,0622*****,否,,,,,,,
25,穎艾達利,111年臺南市議員選舉,首次申報,1111010,公共關係費用支出,心情故事花房,10777780,0.00,2000.00,,,,花柱,金錢,臺南市安南區****,0624*****,否,,,,,,,
26,穎艾達利,111年臺南市議員選舉,首次申報,1111011,宣傳支出,健文商行,67915411,0.00,2000.00,,,,製作競選物品或宣傳廣告費用（文宣品外包裝貼紙）,金錢,臺南市永康區****,0628*****,否,,,,,,,
27,穎艾達利,111年臺南市議員選舉,首次申報,1111014,返還捐贈支出,福朋科技有限公司,54940304,0.00,5000.00,,,,返還,金錢,桃園市楊梅區****,,否,,,,,,,
28,穎艾達利,111年臺南市議員選舉,首次申報,1111014,雜支支出,中華郵政股份有限公司台南成功路郵局,69109808,0.00,30.00,,,,返還福朋科技有限公司匯款匯費,金錢,臺南市北區成****,,否,,,,,,,
29,穎艾達利,111年臺南市議員選舉,首次申報,1111015,宣傳支出,中美霓虹廣告,69906584,0.00,16200.00,,,,製作競選物品或宣傳廣告費用（永大路帆布廣告）,金錢,臺南市北區福****,,否,,,,,,,
30,穎艾達利,111年臺南市議員選舉,首次申報,1111016,宣傳支出,中美霓虹廣告,69906584,0.00,8960.00,,,,製作競選物品或宣傳廣告費用（服務處帆布）,金錢,臺南市北區福****,,否,,,,,,,
31,穎艾達利,111年臺南市議員選舉,首次申報,1111017,宣傳支出,中美霓虹廣告,69906584,0.00,5220.00,,,,製作競選物品或宣傳廣告費用（永康國行路帆布）,金錢,臺南市北區福****,,否,,,,,,,
32,穎艾達利,111年臺南市議員選舉,首次申報,1111018,宣傳支出,中美霓虹廣告,69906584,0.00,3500.00,,,,製作競選物品或宣傳廣告費用（手搖旗）,金錢,臺南市北區福****,,否,,,,,,,
33,穎艾達利,111年臺南市議員選舉,首次申報,1111020,雜支支出,金品五金百貨,19706610,0.00,730.00,,,,束線帶、鐵絲、膠帶,金錢,臺南市安南區****,,否,,,,,,,
34,穎艾達利,111年臺南市議員選舉,首次申報,1111020,宣傳支出,大友影印行,78998825,0.00,1200.00,,,,製作競選物品或宣傳廣告費用（DM）,金錢,臺南市東區大****,0627*****,否,,,,,,,
35,穎艾達利,111年臺南市議員選舉,首次申報,1111021,雜支支出,池上飯包,19700192,0.00,1350.00,,,,餐飲費用,金錢,臺南市中西區****,,否,,,,,,,
36,穎艾達利,111年臺南市議員選舉,首次申報,1111021,雜支支出,崇北生活館有限公司,28648373,0.00,89.00,,,,礦泉水,金錢,臺南市北區長****,0625*****,否,,,,,,,
37,穎艾達利,111年臺南市議員選舉,首次申報,1111021,雜支支出,健文商行,67915411,0.00,3859.00,,,,磁鐵夾、旗座、投影片、數字貼紙,金錢,臺南市永康區****,0628*****,否,,,,,,,
38,穎艾達利,111年臺南市議員選舉,首次申報,1111024,雜支支出,統一精工股份有限公司新市加油站,09505558,0.00,758.00,,,,汽機車燃料費用,金錢,臺南市新市區****,,否,,,,,,,
39,穎艾達利,111年臺南市議員選舉,首次申報,1111024,雜支支出,健文商行,67915411,0.00,300.00,,,,數字貼紙,金錢,臺南市永康區****,0628*****,否,,,,,,,
40,穎艾達利,111年臺南市議員選舉,首次申報,1111024,雜支支出,健文商行,67915411,0.00,1940.00,,,,文宣摺頁、證書夾、獎狀紙,金錢,臺南市永康區****,0628*****,否,,,,,,,
41,穎艾達利,111年臺南市議員選舉,首次申報,1111025,雜支支出,台灣中油股份有限公司油品行銷事業部台南營業處崇學路加油站,56955251,0.00,100.00,,,,汽機車燃料費用,金錢,臺南市東區崇****,,否,,,,,,,
42,穎艾達利,111年臺南市議員選舉,首次申報,1111025,雜支支出,台灣中油股份有限公司油品行銷事業部台南營業處中華路東加油站,56957053,0.00,88.00,,,,汽機車燃料費用,金錢,臺南市東區崇****,,否,,,,,,,
43,穎艾達利,111年臺南市議員選舉,首次申報,1111025,雜支支出,健文商行,67915411,0.00,350.00,,,,電腦標籤,金錢,臺南市永康區****,0628*****,否,,,,,,,
44,穎艾達利,111年臺南市議員選舉,首次申報,1111025,雜支支出,中華郵政股份有限公司台南成功路郵局,69109808,0.00,420.00,,,,郵寄政治獻金收據,金錢,臺南市北區成****,,否,,,,,,,
45,穎艾達利,111年臺南市議員選舉,首次申報,1111025,雜支支出,台灣中油股份有限公司油品行銷事業部台南營業處大灣加油站,73696646,0.00,90.00,,,,汽機車燃料費用,金錢,臺南市永康區****,,否,,,,,,,
46,穎艾達利,111年臺南市議員選舉,首次申報,1111026,雜支支出,千越加油站實業股份有限公司開元加油站,29440597,0.00,100.00,,,,汽機車燃料費用,金錢,臺南市北區元****,,否,,,,,,,
47,穎艾達利,111年臺南市議員選舉,首次申報,1111026,雜支支出,佳里加油站有限公司忠孝東路加油站,40953019,0.00,500.00,,,,汽機車燃料費用,金錢,臺南市佳里區****,,否,,,,,,,
48,穎艾達利,111年臺南市議員選舉,首次申報,1111027,租用競選辦事處支出,普政通信電機有限公司,83722448,0.00,3100.00,,,,租買辦公設備費用,金錢,臺南市北區公****,,否,,,,,,,
49,穎艾達利,111年臺南市議員選舉,首次申報,1111028,雜支支出,健文商行,67915411,0.00,1950.00,,,,哨子、手電筒、證書夾、獎狀紙,金錢,臺南市永康區****,0628*****,否,,,,,,,
50,穎艾達利,111年臺南市議員選舉,首次申報,1111028,租用競選辦事處支出,中美霓虹廣告,69906584,0.00,6000.00,,,,服務處燈箱板面,金錢,臺南市北區福****,,否,,,,,,,
51,穎艾達利,111年臺南市議員選舉,首次申報,1111028,雜支支出,中美霓虹廣告,69906584,0.00,2600.00,,,,宣傳車人像號碼貼紙,金錢,臺南市北區福****,,否,,,,,,,
52,穎艾達利,111年臺南市議員選舉,首次申報,1111028,租用競選辦事處支出,中美霓虹廣告,69906584,0.00,2520.00,,,,服務處燈箱日光燈,金錢,臺南市北區福****,,否,,,,,,,
53,穎艾達利,111年臺南市議員選舉,首次申報,1111029,雜支支出,雅玲電繡學號,,0.00,2960.00,,,,競選團隊外套正面繡字,金錢,臺南市北區南****,,否,,,,,,,
54,穎艾達利,111年臺南市議員選舉,首次申報,1111029,雜支支出,瑞曜企業有限公司,28127893,0.00,652.00,,,,汽機車燃料費用,金錢,臺南市永康區****,,否,,,,,,,
55,穎艾達利,111年臺南市議員選舉,首次申報,1111029,雜支支出,台灣中油股份有限公司油品行銷事業部台南營業處大灣加油站,73696646,0.00,155.00,,,,汽機車燃料費用,金錢,臺南市永康區****,,否,,,,,,,
56,穎艾達利,111年臺南市議員選舉,首次申報,1111029,人事費用支出,亓炳泰,D12*******,0.00,5000.00,,,,助選人員津貼,金錢,臺南市永康區****,,否,,,,,,,
57,穎艾達利,111年臺南市議員選舉,首次申報,1111029,人事費用支出,石晨希,R12*******,0.00,5000.00,,,,助選人員津貼,金錢,臺南市永康區****,,否,,,,,,,
58,穎艾達利,111年臺南市議員選舉,首次申報,1111029,人事費用支出,張綠嘉,R22*******,0.00,5000.00,,,,助選人員津貼,金錢,臺南市永康區****,,否,,,,,,,
59,穎艾達利,111年臺南市議員選舉,首次申報,1111029,人事費用支出,胡秀莉,R22*******,0.00,5000.00,,,,助選人員津貼,金錢,臺南市安南區****,,否,,,,,,,
60,穎艾達利,111年臺南市議員選舉,首次申報,1111029,人事費用支出,吳德俊,U12*******,0.00,5000.00,,,,助選人員津貼,金錢,臺南市佳里區****,,否,,,,,,,
61,穎艾達利,111年臺南市議員選舉,首次申報,1111029,人事費用支出,林誠雄,U12*******,0.00,5000.00,,,,助選人員津貼,金錢,臺南市永康區****,,否,,,,,,,
62,穎艾達利,111年臺南市議員選舉,首次申報,1111029,人事費用支出,林鄭玉英,V20*******,0.00,5000.00,,,,助選人員津貼,金錢,臺南市麻豆區****,,否,,,,,,,
63,穎艾達利,111年臺南市議員選舉,首次申報,1111029,人事費用支出,石鳳妹,V20*******,0.00,5000.00,,,,助選人員津貼,金錢,臺南市永康區****,,否,,,,,,,
64,穎艾達利,111年臺南市議員選舉,首次申報,1111029,人事費用支出,楊依凡,V22*******,0.00,5000.00,,,,助選人員津貼,金錢,臺南市東區中****,,否,,,,,,,
65,穎艾達利,111年臺南市議員選舉,首次申報,1111029,人事費用支出,楊春枝,V22*******,0.00,5000.00,,,,助選人員津貼,金錢,臺南市東區中****,,否,,,,,,,
66,穎艾達利,111年臺南市議員選舉,首次申報,1111030,雜支支出,佳里加油站有限公司忠孝東路加油站,40953019,0.00,500.00,,,,汽機車燃料費用,金錢,臺南市佳里區****,,否,,,,,,,
67,穎艾達利,111年臺南市議員選舉,首次申報,1111030,雜支支出,台灣中油股份有限公司油品行銷事業部台南營業處公園路加油站,69800153,0.00,103.00,,,,汽機車燃料費用,金錢,臺南市北區正****,,否,,,,,,,
68,穎艾達利,111年臺南市議員選舉,首次申報,1111030,人事費用支出,劉維新,V12*******,0.00,5000.00,,,,助選人員津貼,金錢,臺南市永康區****,,否,,,,,,,
69,穎艾達利,111年臺南市議員選舉,首次申報,1111031,雜支支出,健文商行,67915411,0.00,769.00,,,,名片、識別證套、識別證帶,金錢,臺南市永康區****,0628*****,否,,,,,,,
70,穎艾達利,111年臺南市議員選舉,首次申報,1111031,雜支支出,北基新市加油站,88908892,0.00,1000.00,,,,汽機車燃料費用,金錢,臺南市新市區****,,否,,,,,,,
71,穎艾達利,111年臺南市議員選舉,首次申報,1111031,人事費用支出,吳芳楨,D22*******,0.00,5000.00,,,,助選人員津貼,金錢,臺南市南區新****,,否,,,,,,,
72,穎艾達利,111年臺南市議員選舉,首次申報,1111031,集會支出,競選總部,U12*******,0.00,4500.00,,,,餐飲費用,非金錢,臺南市北區育****,,否,,,,,,,
73,穎艾達利,111年臺南市議員選舉,首次申報,1111031,人事費用支出,蔡春華,V12*******,0.00,5000.00,,,,助選人員津貼,金錢,臺南市永康區****,,否,,,,,,,
74,穎艾達利,111年臺南市議員選舉,首次申報,1111101,雜支支出,統一精工股份有限公司新市加油站,09505558,0.00,769.00,,,,汽機車燃料費用,金錢,臺南市新市區****,,否,,,,,,,
75,穎艾達利,111年臺南市議員選舉,首次申報,1111101,雜支支出,龍旺服裝有限公司,28104836,0.00,59115.00,,,,競選團隊外套+背心,金錢,臺南市東區崇****,0633*****,否,,,,,,,
76,穎艾達利,111年臺南市議員選舉,首次申報,1111101,雜支支出,台灣中油股份有限公司油品行銷事業部台南營業處中華路西加油站,56957069,0.00,81.00,,,,汽機車燃料費用,金錢,臺南市東區崇****,,否,,,,,,,
77,穎艾達利,111年臺南市議員選舉,首次申報,1111101,雜支支出,台灣中油股份有限公司油品行銷事業部台南營業處西門路一段加油站,68113001,0.00,152.00,,,,汽機車燃料費用,金錢,臺南市中西區****,,否,,,,,,,
78,穎艾達利,111年臺南市議員選舉,首次申報,1111101,雜支支出,藍新科技股份有限公司,70565326,0.00,23.00,,,,第三方平台手續費,金錢,臺北市南港區****,0226*****,否,,,,,,,
79,穎艾達利,111年臺南市議員選舉,首次申報,1111101,人事費用支出,吳玉滿,E20*******,0.00,5000.00,,,,助選人員津貼,金錢,臺南市新市區****,,否,,,,,,,
80,穎艾達利,111年臺南市議員選舉,首次申報,1111101,人事費用支出,楊新發,F10*******,0.00,5000.00,,,,助選人員津貼,金錢,臺南市仁德區****,,否,,,,,,,
81,穎艾達利,111年臺南市議員選舉,首次申報,1111102,雜支支出,佳里加油站有限公司忠孝東路加油站,40953019,0.00,1000.00,,,,汽機車燃料費用,金錢,臺南市佳里區****,,否,,,,,,,
82,穎艾達利,111年臺南市議員選舉,首次申報,1111102,雜支支出,健文商行,67915411,0.00,3810.00,,,,選舉文宣、號貼紙、圓點標籤、識別證套、油漆筆,金錢,臺南市永康區****,0628*****,否,,,,,,,
83,穎艾達利,111年臺南市議員選舉,首次申報,1111102,雜支支出,台灣中油股份有限公司油品行銷事業部台南營業處成功路加油站,68075442,0.00,632.00,,,,汽機車燃料費用,金錢,臺南市北區公****,,否,,,,,,,
84,穎艾達利,111年臺南市議員選舉,首次申報,1111102,人事費用支出,亓高美玉,V20*******,0.00,5000.00,,,,助選人員津貼,金錢,臺南市永康區****,,否,,,,,,,
85,穎艾達利,111年臺南市議員選舉,首次申報,1111103,雜支支出,嘉仁加油站股份有限公司,23193628,0.00,100.00,,,,汽機車燃料費用,金錢,臺南市仁德區****,,否,,,,,,,
86,穎艾達利,111年臺南市議員選舉,首次申報,1111103,雜支支出,台灣中油股份有限公司油品行銷事業部台南營業處學甲加油站,74002926,0.00,100.00,,,,汽機車燃料費用,金錢,臺南市學甲區****,,否,,,,,,,
87,穎艾達利,111年臺南市議員選舉,首次申報,1111104,人事費用支出,林秀蘭,U22*******,0.00,5000.00,,,,助選人員津貼,金錢,臺南市北區公****,,否,,,,,,,
88,穎艾達利,111年臺南市議員選舉,首次申報,1111105,雜支支出,北基國際股份有限公司北基善化加油站,89044229,0.00,1101.00,,,,汽機車燃料費用,金錢,臺南市善化區****,,否,,,,,,,
89,穎艾達利,111年臺南市議員選舉,首次申報,1111106,雜支支出,台灣中油股份有限公司油品行銷事業部台南營業處大灣加油站,73696646,0.00,115.00,,,,汽機車燃料費用,金錢,臺南市永康區****,,否,,,,,,,
90,穎艾達利,111年臺南市議員選舉,首次申報,1111107,雜支支出,瑞曜企業有限公司,28127893,0.00,668.00,,,,汽機車燃料費用,金錢,臺南市永康區****,,否,,,,,,,
91,穎艾達利,111年臺南市議員選舉,首次申報,1111107,雜支支出,千越加油站實業股份有限公司開元加油站,29440597,0.00,110.00,,,,汽機車燃料費用,金錢,臺南市北區元****,,否,,,,,,,
92,穎艾達利,111年臺南市議員選舉,首次申報,1111107,雜支支出,台灣中油股份有限公司油品行銷事業部台南營業處崇學路加油站,56955251,0.00,100.00,,,,汽機車燃料費用,金錢,臺南市東區崇****,,否,,,,,,,
93,穎艾達利,111年臺南市議員選舉,首次申報,1111108,宣傳支出,中華郵政,03741302,0.00,5220.00,,,,郵寄競選物品或宣傳廣告費用,金錢,臺南市北區成****,,否,,,,,,,
94,穎艾達利,111年臺南市議員選舉,首次申報,1111108,雜支支出,千越加油站實業股份有限公司西門加油站,09544975,0.00,636.00,,,,汽機車燃料費用,金錢,臺南市北區福****,,否,,,,,,,
95,穎艾達利,111年臺南市議員選舉,首次申報,1111108,雜支支出,統一精工股份有限公司善化加油站,09587283,0.00,100.00,,,,汽機車燃料費用,金錢,臺南市善化區****,,否,,,,,,,
96,穎艾達利,111年臺南市議員選舉,首次申報,1111108,雜支支出,閔飛茶行,26447532,0.00,286.00,,,,餐飲費用,金錢,臺南市北區長****,,否,,,,,,,
97,穎艾達利,111年臺南市議員選舉,首次申報,1111108,雜支支出,千越加油站實業股份有限公司開元加油站,29440597,0.00,100.00,,,,汽機車燃料費用,金錢,臺南市北區元****,,否,,,,,,,
98,穎艾達利,111年臺南市議員選舉,首次申報,1111108,雜支支出,羽嵐茶飲有限公司,64344804,0.00,120.00,,,,餐飲費用,金錢,臺南市北區大****,,否,,,,,,,
99,穎艾達利,111年臺南市議員選舉,首次申報,1111108,宣傳支出,健文商行,67915411,0.00,6800.00,,,,製作競選物品或宣傳廣告費用（邀請卡+貼紙）,金錢,臺南市永康區****,0628*****,否,,,,,,,
100,穎艾達利,111年臺南市議員選舉,首次申報,1111108,雜支支出,台灣中油股份有限公司油品行銷事業部台南營業處安平工業區加油站,69565045,0.00,160.00,,,,汽機車燃料費用,金錢,臺南市南區彰****,,否,,,,,,,
101,穎艾達利,111年臺南市議員選舉,首次申報,1111108,人事費用支出,莊金花,U20*******,0.00,5000.00,,,,助選人員津貼,金錢,臺南市仁德區****,,否,,,,,,,
102,穎艾達利,111年臺南市議員選舉,首次申報,1111109,宣傳支出,中華郵政,03741302,0.00,6305.00,,,,郵寄競選物品或宣傳廣告費用,金錢,臺南市北區成****,,否,,,,,,,
103,穎艾達利,111年臺南市議員選舉,首次申報,1111109,宣傳支出,神彩影像輸出,06386375,0.00,1200.00,,,,製作競選物品或宣傳廣告費用（文宣影印）,金錢,臺南市東區成****,,否,,,,,,,
104,穎艾達利,111年臺南市議員選舉,首次申報,1111109,宣傳支出,神彩影像輸出,06386375,0.00,720.00,,,,製作競選物品或宣傳廣告費用（文宣影印）,金錢,臺南市東區成****,,否,,,,,,,
105,穎艾達利,111年臺南市議員選舉,首次申報,1111109,雜支支出,全國加油站股份有限公司南一站,21975983,0.00,1000.00,,,,汽機車燃料費用,金錢,臺南市南區大****,,否,,,,,,,
106,穎艾達利,111年臺南市議員選舉,首次申報,1111109,宣傳支出,大友影印行,78998825,0.00,4200.00,,,,製作競選物品或宣傳廣告費用（A文宣）,金錢,臺南市東區大****,0627*****,否,,,,,,,
107,穎艾達利,111年臺南市議員選舉,首次申報,1111110,宣傳支出,神彩影像輸出,06386375,0.00,2500.00,,,,製作競選物品或宣傳廣告費用（A文宣）,金錢,臺南市東區成****,,否,,,,,,,
108,穎艾達利,111年臺南市議員選舉,首次申報,1111110,雜支支出,亞東加油站股份有限公司,16300566,0.00,100.00,,,,汽機車燃料費用,金錢,臺南市東區裕****,,否,,,,,,,
109,穎艾達利,111年臺南市議員選舉,首次申報,1111110,雜支支出,台灣中油股份有限公司油品行銷事業部台南營業處崇善路加油站,56955267,0.00,90.00,,,,汽機車燃料費用,金錢,臺南市東區崇****,,否,,,,,,,
110,穎艾達利,111年臺南市議員選舉,首次申報,1111111,宣傳支出,中華郵政,03741302,0.00,2066.00,,,,郵寄競選物品或宣傳廣告費用,金錢,臺南市北區成****,,否,,,,,,,
111,穎艾達利,111年臺南市議員選舉,首次申報,1111111,宣傳支出,神彩影像輸出,06386375,0.00,4175.00,,,,製作競選物品或宣傳廣告費用（摺頁文宣）,金錢,臺南市東區成****,,否,,,,,,,
112,穎艾達利,111年臺南市議員選舉,首次申報,1111111,雜支支出,台灣中油股份有限公司油品行銷事業部台南營業處安順加油站,06522744,0.00,75.00,,,,汽機車燃料費用,金錢,臺南市安南區****,,否,,,,,,,
113,穎艾達利,111年臺南市議員選舉,首次申報,1111111,雜支支出,百興隆實業有限公司,27437809,0.00,910.00,,,,餐飲費用,金錢,臺南市安南區****,,否,,,,,,,
114,穎艾達利,111年臺南市議員選舉,首次申報,1111111,雜支支出,佳里加油站有限公司忠孝東路加油站,40953019,0.00,500.00,,,,汽機車燃料費用,金錢,臺南市佳里區****,,否,,,,,,,
115,穎艾達利,111年臺南市議員選舉,首次申報,1111111,雜支支出,旺來鄉國際企業股份有限公司小北營業所,47881976,0.00,402.00,,,,袋子、紙杯,金錢,臺南市北區西****,,否,,,,,,,
116,穎艾達利,111年臺南市議員選舉,首次申報,1111112,雜支支出,台灣中油股份有限公司油品行銷事業部台南營業處安中路加油站,06522723,0.00,70.00,,,,汽機車燃料費用,金錢,臺南市安南區****,,否,,,,,,,
117,穎艾達利,111年臺南市議員選舉,首次申報,1111112,宣傳支出,馬雅影印店,10867776,0.00,450.00,,,,製作競選物品或宣傳廣告費用（文宣）,金錢,臺南市東區成****,,否,,,,,,,
118,穎艾達利,111年臺南市議員選舉,首次申報,1111112,雜支支出,瑞泉加油站有限公司,16666190,0.00,1000.00,,,,汽機車燃料費用,金錢,臺南市關廟區****,,否,,,,,,,
119,穎艾達利,111年臺南市議員選舉,首次申報,1111112,雜支支出,灃瀅原生茶飲,47966382,0.00,180.00,,,,餐飲費用,金錢,臺南市北區正****,,否,,,,,,,
120,穎艾達利,111年臺南市議員選舉,首次申報,1111112,雜支支出,台灣中油股份有限公司油品行銷事業部台南營業處崇善路加油站,56955267,0.00,90.00,,,,汽機車燃料費用,金錢,臺南市東區崇****,,否,,,,,,,
121,穎艾達利,111年臺南市議員選舉,首次申報,1111112,雜支支出,台灣中油股份有限公司油品行銷事業部台南營業處茄拔加油站,72205262,0.00,500.00,,,,汽機車燃料費用,金錢,臺南市善化區****,,否,,,,,,,
122,穎艾達利,111年臺南市議員選舉,首次申報,1111112,雜支支出,惠能小吃店,81202836,0.00,2850.00,,,,餐飲費用,金錢,臺南市永康區****,,否,,,,,,,
123,穎艾達利,111年臺南市議員選舉,首次申報,1111112,雜支支出,華立友有限公司,85080551,0.00,650.00,,,,餐飲費用,金錢,臺南市東區東****,,否,,,,,,,
124,穎艾達利,111年臺南市議員選舉,首次申報,1111113,集會支出,天仲行,06532285,0.00,9000.00,,,,租用設備費用,金錢,臺南市南區建****,,否,,,,,,,
125,穎艾達利,111年臺南市議員選舉,首次申報,1111113,雜支支出,弘鈺生活館有限公司,12803996,0.00,238.00,,,,束帶入 * 袋,金錢,臺南市東區東****,,否,,,,,,,
126,穎艾達利,111年臺南市議員選舉,首次申報,1111113,雜支支出,千越加油站實業股份有限公司開元加油站,29440597,0.00,110.00,,,,汽機車燃料費用,金錢,臺南市北區元****,,否,,,,,,,
127,穎艾達利,111年臺南市議員選舉,首次申報,1111113,雜支支出,佳里加油站有限公司忠孝東路加油站,40953019,0.00,500.00,,,,汽機車燃料費用,金錢,臺南市佳里區****,,否,,,,,,,
128,穎艾達利,111年臺南市議員選舉,首次申報,1111113,集會支出,馬勒企業社,47963651,0.00,25410.00,,,,租用設備費用,金錢,臺南市中西區****,,否,,,,,,,
129,穎艾達利,111年臺南市議員選舉,首次申報,1111113,雜支支出,王將有限公司成功分公司,54068863,0.00,2700.00,,,,餐飲費用,金錢,臺南市中西區****,,否,,,,,,,
130,穎艾達利,111年臺南市議員選舉,首次申報,1111113,雜支支出,山隆通運股份有限公司山隆安定加油站,62922716,0.00,100.00,,,,汽機車燃料費用,金錢,臺南市安定區****,,否,,,,,,,
131,穎艾達利,111年臺南市議員選舉,首次申報,1111113,雜支支出,羽嵐茶飲有限公司,64344804,0.00,171.00,,,,餐飲費用,金錢,臺南市北區大****,,否,,,,,,,
132,穎艾達利,111年臺南市議員選舉,首次申報,1111113,雜支支出,羽嵐茶飲有限公司,64344804,0.00,713.00,,,,餐飲費用,金錢,臺南市北區大****,,否,,,,,,,
133,穎艾達利,111年臺南市議員選舉,首次申報,1111113,雜支支出,台灣中油股份有限公司油品行銷事業部台南營業處大灣加油站,73696646,0.00,120.00,,,,汽機車燃料費用,金錢,臺南市永康區****,,否,,,,,,,
134,穎艾達利,111年臺南市議員選舉,首次申報,1111113,雜支支出,台大一加油站股份有限公司,80621396,0.00,765.00,,,,汽機車燃料費用,金錢,臺南市新營區****,,否,,,,,,,
135,穎艾達利,111年臺南市議員選舉,首次申報,1111113,集會支出,洛漪企業社,85951445,0.00,800.00,,,,餐飲費用,金錢,臺南市南區廣****,,否,,,,,,,
136,穎艾達利,111年臺南市議員選舉,首次申報,1111113,集會支出,葫蘆冷飲,85957861,0.00,800.00,,,,餐飲費用,金錢,臺南市中西區****,,否,,,,,,,
137,穎艾達利,111年臺南市議員選舉,首次申報,1111113,雜支支出,客荷瓦有限公司和緯營業所,89043164,0.00,1015.00,,,,餐飲費用,金錢,臺南市北區成****,,否,,,,,,,
138,穎艾達利,111年臺南市議員選舉,首次申報,1111113,人事費用支出,曾明光,U10*******,0.00,5000.00,,,,助選人員津貼,金錢,臺南市柳營區****,,否,,,,,,,
139,穎艾達利,111年臺南市議員選舉,首次申報,1111113,集會支出,競選總部,U12*******,0.00,2600.00,,,,,非金錢,臺南市北區育****,,否,,,,,,,
140,穎艾達利,111年臺南市議員選舉,首次申報,1111113,人事費用支出,楊秀玉,U20*******,0.00,5000.00,,,,助選人員津貼,金錢,臺南市官田區****,,否,,,,,,,
141,穎艾達利,111年臺南市議員選舉,首次申報,1111113,人事費用支出,莎拉·里幸,U22*******,0.00,5000.00,,,,助選人員津貼,金錢,臺南市柳營區****,,否,,,,,,,
142,穎艾達利,111年臺南市議員選舉,首次申報,1111113,人事費用支出,王惠美,V20*******,0.00,3600.00,,,,其他因工作酬勞之給付,金錢,臺南市北區北****,,否,,,,,,,
143,穎艾達利,111年臺南市議員選舉,首次申報,1111113,人事費用支出,劉運華,V22*******,0.00,5000.00,,,,助選人員津貼,金錢,臺南市安定區****,,否,,,,,,,
144,穎艾達利,111年臺南市議員選舉,首次申報,1111114,雜支支出,台灣中油股份有限公司油品行銷事業部台南營業處安順加油站,06522744,0.00,86.00,,,,汽機車燃料費用,金錢,臺南市安南區****,,否,,,,,,,
145,穎艾達利,111年臺南市議員選舉,首次申報,1111114,人事費用支出,張彼得,U12*******,0.00,15000.00,,,,助選人員津貼,金錢,臺南市東區南****,,否,,,,,,,
146,穎艾達利,111年臺南市議員選舉,首次申報,1111115,雜支支出,佳里加油站有限公司忠孝東路加油站,40953019,0.00,500.00,,,,汽機車燃料費用,金錢,臺南市佳里區****,,否,,,,,,,
147,穎艾達利,111年臺南市議員選舉,首次申報,1111115,雜支支出,台灣中油股份有限公司油品行銷事業部嘉義營業處柳營加油站,71035774,0.00,100.00,,,,汽機車燃料費用,金錢,臺南市柳營區****,,否,,,,,,,
148,穎艾達利,111年臺南市議員選舉,首次申報,1111115,雜支支出,台大一加油站股份有限公司,80621396,0.00,763.00,,,,汽機車燃料費用,金錢,臺南市新營區****,,否,,,,,,,
149,穎艾達利,111年臺南市議員選舉,首次申報,1111116,雜支支出,佳里加油站有限公司忠孝東路加油站,40953019,0.00,1000.00,,,,汽機車燃料費用,金錢,臺南市佳里區****,,否,,,,,,,
150,穎艾達利,111年臺南市議員選舉,首次申報,1111116,雜支支出,台灣中油股份有限公司油品行銷事業部台南營業處崇學路加油站,56955251,0.00,100.00,,,,汽機車燃料費用,金錢,臺南市東區崇****,,否,,,,,,,
151,穎艾達利,111年臺南市議員選舉,首次申報,1111117,雜支支出,台灣中油股份有限公司油品行銷事業部台南營業處安中路加油站,06522723,0.00,90.00,,,,汽機車燃料費用,金錢,臺南市安南區****,,否,,,,,,,
152,穎艾達利,111年臺南市議員選舉,首次申報,1111117,雜支支出,瑞曜企業有限公司,28127893,0.00,1000.00,,,,汽機車燃料費用,金錢,臺南市永康區****,,否,,,,,,,
153,穎艾達利,111年臺南市議員選舉,首次申報,1111117,雜支支出,千越加油站實業股份有限公司開元加油站,29440597,0.00,100.00,,,,汽機車燃料費用,金錢,臺南市北區元****,,否,,,,,,,
154,穎艾達利,111年臺南市議員選舉,首次申報,1111117,雜支支出,台灣中油股份有限公司油品行銷事業部台南營業處安平工業區加油站,69565045,0.00,135.00,,,,汽機車燃料費用,金錢,臺南市南區彰****,,否,,,,,,,
155,穎艾達利,111年臺南市議員選舉,首次申報,1111118,宣傳支出,神彩影像輸出,06386375,0.00,5000.00,,,,製作競選物品或宣傳廣告費用（彩色文宣）,金錢,臺南市東區成****,,否,,,,,,,
156,穎艾達利,111年臺南市議員選舉,首次申報,1111118,公共關係費用支出,心情故事花房,10777780,0.00,2000.00,,,,花柱,金錢,臺南市安南區****,0624*****,否,,,,,,,
157,穎艾達利,111年臺南市議員選舉,首次申報,1111118,雜支支出,龍旺服裝有限公司,28104836,0.00,7718.00,,,,競選團隊外套,金錢,臺南市東區崇****,0633*****,否,,,,,,,
158,穎艾達利,111年臺南市議員選舉,首次申報,1111119,雜支支出,台灣中油股份有限公司油品行銷事業部台南營業處崇善路加油站,56955267,0.00,100.00,,,,汽機車燃料費用,金錢,臺南市東區崇****,,否,,,,,,,
159,穎艾達利,111年臺南市議員選舉,首次申報,1111119,雜支支出,羽嵐茶飲有限公司,64344804,0.00,320.00,,,,餐飲費用,金錢,臺南市北區大****,,否,,,,,,,
160,穎艾達利,111年臺南市議員選舉,首次申報,1111119,雜支支出,台灣中油股份有限公司油品行銷事業部台南營業處大灣加油站,73696646,0.00,120.00,,,,汽機車燃料費用,金錢,臺南市永康區****,,否,,,,,,,
161,穎艾達利,111年臺南市議員選舉,首次申報,1111120,雜支支出,統一精工股份有限公司金華加油站,17584871,0.00,1000.00,,,,汽機車燃料費用,金錢,臺南市南區南****,,否,,,,,,,
162,穎艾達利,111年臺南市議員選舉,首次申報,1111120,雜支支出,集朗有限公司,24927418,0.00,280.00,,,,餐飲費用,金錢,臺南市北區正****,,否,,,,,,,
163,穎艾達利,111年臺南市議員選舉,首次申報,1111120,雜支支出,台灣中油股份有限公司油品行銷事業部台南營業處公園路加油站,69800153,0.00,90.00,,,,汽機車燃料費用,金錢,臺南市北區正****,,否,,,,,,,
164,穎艾達利,111年臺南市議員選舉,首次申報,1111120,雜支支出,台大一加油站股份有限公司,80621396,0.00,763.00,,,,汽機車燃料費用,金錢,臺南市新營區****,,否,,,,,,,
165,穎艾達利,111年臺南市議員選舉,首次申報,1111120,雜支支出,台大一加油站股份有限公司,80621396,0.00,763.00,,,,汽機車燃料費用,金錢,臺南市新營區****,,否,,,,,,,
166,穎艾達利,111年臺南市議員選舉,首次申報,1111121,宣傳支出,神彩影像輸出,06386375,0.00,5390.00,,,,製作競選物品或宣傳廣告費用（文宣）,金錢,臺南市東區成****,,否,,,,,,,
167,穎艾達利,111年臺南市議員選舉,首次申報,1111121,雜支支出,峰錡企業有限公司,24406769,0.00,1000.00,,,,汽機車燃料費用,金錢,臺南市永康區****,,否,,,,,,,
168,穎艾達利,111年臺南市議員選舉,首次申報,1111121,雜支支出,台亞石油股份有限公司台亞新市工業區加油站,40930608,0.00,768.00,,,,汽機車燃料費用,金錢,臺南市新市區****,,否,,,,,,,
169,穎艾達利,111年臺南市議員選舉,首次申報,1111122,宣傳支出,印象行,,0.00,4600.00,,,,製作競選物品或宣傳廣告費用（A文宣）,金錢,臺南市中西區****,,否,,,,,,,
170,穎艾達利,111年臺南市議員選舉,首次申報,1111122,宣傳支出,中華郵政,03741302,0.00,21168.00,,,,郵寄競選物品或宣傳廣告費用,金錢,臺南市北區成****,,否,,,,,,,
171,穎艾達利,111年臺南市議員選舉,首次申報,1111122,雜支支出,台灣中油股份有限公司油品行銷事業部台南營業處學甲中正路加油站,06641426,0.00,500.00,,,,汽機車燃料費用,金錢,臺南市學甲區****,,否,,,,,,,
172,穎艾達利,111年臺南市議員選舉,首次申報,1111122,雜支支出,千越加油站實業股份有限公司開元加油站,29440597,0.00,110.00,,,,汽機車燃料費用,金錢,臺南市北區元****,,否,,,,,,,
173,穎艾達利,111年臺南市議員選舉,首次申報,1111122,雜支支出,汎雲有限公司育德分公司,85050613,0.00,219.00,,,,餐飲費用,金錢,臺南市北區福****,,否,,,,,,,
174,穎艾達利,111年臺南市議員選舉,首次申報,1111122,人事費用支出,陳美玉,V22*******,0.00,600.00,,,,工作津貼,金錢,臺南市北區公****,,否,,,,,,,
175,穎艾達利,111年臺南市議員選舉,首次申報,1111123,雜支支出,台灣中油股份有限公司油品行銷事業部台南營業處安中路加油站,06522723,0.00,90.00,,,,汽機車燃料費用,金錢,臺南市安南區****,,否,,,,,,,
176,穎艾達利,111年臺南市議員選舉,首次申報,1111123,雜支支出,亞東加油站股份有限公司,16300566,0.00,1000.00,,,,汽機車燃料費用,金錢,臺南市東區裕****,,否,,,,,,,
177,穎艾達利,111年臺南市議員選舉,首次申報,1111123,雜支支出,福懋興業股份有限公司福懋奇美加油站,21621981,0.00,100.00,,,,汽機車燃料費用,金錢,臺南市善化區****,,否,,,,,,,
178,穎艾達利,111年臺南市議員選舉,首次申報,1111123,雜支支出,台灣中油股份有限公司油品行銷事業部台南營業處崇善路加油站,56955267,0.00,100.00,,,,汽機車燃料費用,金錢,臺南市東區崇****,,否,,,,,,,
179,穎艾達利,111年臺南市議員選舉,首次申報,1111123,宣傳支出,三竹資訊股份有限公司,86136982,0.00,1000.00,,,,發送電信簡訊費用,金錢,臺北市中山區****,,否,,,,,,,
180,穎艾達利,111年臺南市議員選舉,首次申報,1111124,交通旅運支出,交通部臺灣鐵路管理局,07524729,0.00,153.00,,,,搭乘交通工具費用,金錢,臺北市中正區****,,否,,,,,,,
181,穎艾達利,111年臺南市議員選舉,首次申報,1111124,雜支支出,佳里加油站有限公司忠孝東路加油站,40953019,0.00,500.00,,,,汽機車燃料費用,金錢,臺南市佳里區****,,否,,,,,,,
182,穎艾達利,111年臺南市議員選舉,首次申報,1111124,雜支支出,台灣中油股份有限公司油品行銷事業部台南營業處公園路加油站,69800153,0.00,88.00,,,,汽機車燃料費用,金錢,臺南市北區正****,,否,,,,,,,
183,穎艾達利,111年臺南市議員選舉,首次申報,1111124,雜支支出,台灣中油股份有限公司油品行銷事業部台南營業處大灣加油站,73696646,0.00,120.00,,,,汽機車燃料費用,金錢,臺南市永康區****,,否,,,,,,,
184,穎艾達利,111年臺南市議員選舉,首次申報,1111124,租用競選辦事處支出,笑笑笑國際股份有限公司台南北門分公司,80595025,0.00,790.00,,,,租買辦公設備費用,金錢,臺南市東區圍****,,否,,,,,,,
185,穎艾達利,111年臺南市議員選舉,首次申報,1111124,人事費用支出,蔡孟軒,U22*******,0.00,3276.00,,,,工作津貼,金錢,臺南市北區公****,,是,蔡孟軒,,,,二親等以內親屬(妹妹),,
186,穎艾達利,111年臺南市議員選舉,首次申報,1111125,雜支支出,千越加油站實業股份有限公司西門加油站,09544975,0.00,1061.00,,,,汽機車燃料費用,金錢,臺南市北區福****,,否,,,,,,,
187,穎艾達利,111年臺南市議員選舉,首次申報,1111125,雜支支出,金嘉旺股份有限公司,24905977,0.00,501.00,,,,汽機車燃料費用,金錢,臺南市麻豆區****,,否,,,,,,,
188,穎艾達利,111年臺南市議員選舉,首次申報,1111125,雜支支出,綠野戶外休閒用品,40724831,0.00,4100.00,,,,雜項購置或修繕費用,金錢,臺南市東區中****,,否,,,,,,,
189,穎艾達利,111年臺南市議員選舉,首次申報,1111125,雜支支出,全聯實業股份有限公司台南海安分公司,53659833,0.00,490.00,,,,餐飲費用,金錢,臺南市北區元****,,否,,,,,,,
190,穎艾達利,111年臺南市議員選舉,首次申報,1111125,雜支支出,湘北生活館有限公司,64863994,0.00,550.00,,,,雜項購置或修繕費用,金錢,臺南市東區富****,,否,,,,,,,
191,穎艾達利,111年臺南市議員選舉,首次申報,1111125,雜支支出,台灣中油股份有限公司油品行銷事業部台南營業處成功路加油站,68075442,0.00,1000.00,,,,汽機車燃料費用,金錢,臺南市北區公****,,否,,,,,,,
192,穎艾達利,111年臺南市議員選舉,首次申報,1111125,雜支支出,特力屋股份有限公司台南分公司,70746544,0.00,1050.00,,,,雜項購置或修繕費用,金錢,臺南市北區元****,,否,,,,,,,
193,穎艾達利,111年臺南市議員選舉,首次申報,1111125,雜支支出,台灣中油股份有限公司油品行銷事業部嘉義營業處柳營加油站,71035774,0.00,921.00,,,,汽機車燃料費用,金錢,臺南市柳營區****,,否,,,,,,,
194,穎艾達利,111年臺南市議員選舉,首次申報,1111125,雜支支出,洛漪企業社,85951445,0.00,580.00,,,,餐飲費用,金錢,臺南市南區廣****,,否,,,,,,,
195,穎艾達利,111年臺南市議員選舉,首次申報,1111125,雜支支出,洛漪企業社,85951445,0.00,1030.00,,,,餐飲費用,金錢,臺南市南區廣****,,否,,,,,,,
196,穎艾達利,111年臺南市議員選舉,首次申報,1111125,雜支支出,李春成,88789087,0.00,1500.00,,,,餐飲費用,金錢,臺南市中西區****,,否,,,,,,,
197,穎艾達利,111年臺南市議員選舉,首次申報,1111126,雜支支出,瑞香手工包子,,0.00,1250.00,,,,包子,金錢,臺南市西門路****,0955*****,否,,,,,,,
198,穎艾達利,111年臺南市議員選舉,首次申報,1111126,雜支支出,崇北生活館有限公司,28648373,0.00,75.00,,,,紅紙,金錢,臺南市北區長****,0625*****,否,,,,,,,
199,穎艾達利,111年臺南市議員選舉,首次申報,1111126,雜支支出,崇北生活館有限公司,28648373,0.00,45.00,,,,紅紙,金錢,臺南市北區長****,0625*****,否,,,,,,,
200,穎艾達利,111年臺南市議員選舉,首次申報,1111126,雜支支出,崇北生活館有限公司,28648373,0.00,480.00,,,,鞭炮,金錢,臺南市北區長****,0625*****,否,,,,,,,
201,穎艾達利,111年臺南市議員選舉,首次申報,1111126,雜支支出,崇北生活館有限公司,28648373,0.00,77.00,,,,手提袋、食品分裝袋,金錢,臺南市北區長****,0625*****,否,,,,,,,
202,穎艾達利,111年臺南市議員選舉,首次申報,1111126,雜支支出,崇北生活館有限公司,28648373,0.00,142.00,,,,紙碗、免洗筷,金錢,臺南市北區長****,0625*****,否,,,,,,,
203,穎艾達利,111年臺南市議員選舉,首次申報,1111126,雜支支出,洛漪企業社,85951445,0.00,1100.00,,,,餐飲費用,金錢,臺南市南區廣****,,否,,,,,,,
204,穎艾達利,111年臺南市議員選舉,首次申報,1111126,人事費用支出,亓炳泰,D12*******,0.00,10000.00,,,,助選人員津貼,金錢,臺南市永康區****,,否,,,,,,,
205,穎艾達利,111年臺南市議員選舉,首次申報,1111126,人事費用支出,黃永昌,D12*******,0.00,5000.00,,,,助選人員津貼,金錢,臺南市安南區****,,否,,,,,,,
206,穎艾達利,111年臺南市議員選舉,首次申報,1111126,人事費用支出,黃永昌,D12*******,0.00,10000.00,,,,助選人員津貼,金錢,臺南市安南區****,,否,,,,,,,
207,穎艾達利,111年臺南市議員選舉,首次申報,1111126,人事費用支出,潘芊穎,D22*******,0.00,10000.00,,,,助選人員津貼,金錢,臺南市安南區****,,否,,,,,,,
208,穎艾達利,111年臺南市議員選舉,首次申報,1111126,人事費用支出,潘芊穎,D22*******,0.00,5000.00,,,,助選人員津貼,金錢,臺南市安南區****,,否,,,,,,,
209,穎艾達利,111年臺南市議員選舉,首次申報,1111126,人事費用支出,楊新發,F10*******,0.00,10000.00,,,,助選人員津貼,金錢,臺南市仁德區****,,否,,,,,,,
210,穎艾達利,111年臺南市議員選舉,首次申報,1111126,人事費用支出,石晨希,R12*******,0.00,10000.00,,,,助選人員津貼,金錢,臺南市永康區****,,否,,,,,,,
211,穎艾達利,111年臺南市議員選舉,首次申報,1111126,人事費用支出,張綠嘉,R22*******,0.00,252.00,,,,工作津貼,金錢,臺南市永康區****,,否,,,,,,,
212,穎艾達利,111年臺南市議員選舉,首次申報,1111126,人事費用支出,胡秀莉,R22*******,0.00,10000.00,,,,助選人員津貼,金錢,臺南市安南區****,,否,,,,,,,
213,穎艾達利,111年臺南市議員選舉,首次申報,1111126,人事費用支出,張綠嘉,R22*******,0.00,10000.00,,,,助選人員津貼,金錢,臺南市永康區****,,否,,,,,,,
214,穎艾達利,111年臺南市議員選舉,首次申報,1111126,人事費用支出,胡秀莉,R22*******,0.00,1092.00,,,,工作津貼,金錢,臺南市安南區****,,否,,,,,,,
215,穎艾達利,111年臺南市議員選舉,首次申報,1111126,人事費用支出,許濟秀,T22*******,0.00,10000.00,,,,助選人員津貼,金錢,臺南市東區東****,,否,,,,,,,
216,穎艾達利,111年臺南市議員選舉,首次申報,1111126,人事費用支出,許濟秀,T22*******,0.00,5000.00,,,,助選人員津貼,金錢,臺南市東區東****,,否,,,,,,,
217,穎艾達利,111年臺南市議員選舉,首次申報,1111126,人事費用支出,吳德俊,U12*******,0.00,10000.00,,,,助選人員津貼,金錢,臺南市佳里區****,,否,,,,,,,
218,穎艾達利,111年臺南市議員選舉,首次申報,1111126,人事費用支出,林誠雄,U12*******,0.00,10000.00,,,,助選人員津貼,金錢,臺南市永康區****,,否,,,,,,,
219,穎艾達利,111年臺南市議員選舉,首次申報,1111126,人事費用支出,林誠雄,U12*******,0.00,84.00,,,,工作津貼,金錢,臺南市永康區****,,否,,,,,,,
220,穎艾達利,111年臺南市議員選舉,首次申報,1111126,人事費用支出,莊金花,U20*******,0.00,10000.00,,,,助選人員津貼,金錢,臺南市仁德區****,,否,,,,,,,
221,穎艾達利,111年臺南市議員選舉,首次申報,1111126,人事費用支出,林秀蘭,U22*******,0.00,10000.00,,,,助選人員津貼,金錢,臺南市北區公****,,否,,,,,,,
222,穎艾達利,111年臺南市議員選舉,首次申報,1111126,人事費用支出,林秀蘭,U22*******,0.00,336.00,,,,工作津貼,金錢,臺南市北區公****,,否,,,,,,,
223,穎艾達利,111年臺南市議員選舉,首次申報,1111126,人事費用支出,劉維新,V12*******,0.00,10000.00,,,,助選人員津貼,金錢,臺南市永康區****,,否,,,,,,,
224,穎艾達利,111年臺南市議員選舉,首次申報,1111126,人事費用支出,蔡春華,V12*******,0.00,10000.00,,,,助選人員津貼,金錢,臺南市永康區****,,否,,,,,,,
225,穎艾達利,111年臺南市議員選舉,首次申報,1111126,人事費用支出,林鄭玉英,V20*******,0.00,10000.00,,,,助選人員津貼,金錢,臺南市麻豆區****,,否,,,,,,,
226,穎艾達利,111年臺南市議員選舉,首次申報,1111126,人事費用支出,石鳳妹,V20*******,0.00,10000.00,,,,助選人員津貼,金錢,臺南市永康區****,,否,,,,,,,
227,穎艾達利,111年臺南市議員選舉,首次申報,1111126,人事費用支出,石鳳妹,V20*******,0.00,420.00,,,,工作津貼,金錢,臺南市永康區****,,否,,,,,,,
228,穎艾達利,111年臺南市議員選舉,首次申報,1111126,人事費用支出,張家穎,V22*******,0.00,5000.00,,,,助選人員津貼,金錢,臺南市南區水****,,否,,,,,,,
229,穎艾達利,111年臺南市議員選舉,首次申報,1111126,人事費用支出,楊春枝,V22*******,0.00,1008.00,,,,工作津貼,金錢,臺南市東區中****,,否,,,,,,,
230,穎艾達利,111年臺南市議員選舉,首次申報,1111126,人事費用支出,張家穎,V22*******,0.00,10000.00,,,,助選人員津貼,金錢,臺南市南區水****,,否,,,,,,,
231,穎艾達利,111年臺南市議員選舉,首次申報,1111126,人事費用支出,楊依凡,V22*******,0.00,10000.00,,,,助選人員津貼,金錢,臺南市東區中****,,否,,,,,,,
232,穎艾達利,111年臺南市議員選舉,首次申報,1111126,人事費用支出,楊春枝,V22*******,0.00,10000.00,,,,助選人員津貼,金錢,臺南市東區中****,,否,,,,,,,
233,穎艾達利,111年臺南市議員選舉,首次申報,1111127,雜支支出,千越加油站實業股份有限公司西門加油站,09544975,0.00,1000.00,,,,汽機車燃料費用,金錢,臺南市北區福****,,否,,,,,,,
234,穎艾達利,111年臺南市議員選舉,首次申報,1111127,雜支支出,千越加油站實業股份有限公司西門加油站,09544975,0.00,1580.00,,,,汽機車燃料費用,金錢,臺南市北區福****,,否,,,,,,,
235,穎艾達利,111年臺南市議員選舉,首次申報,1111127,公共關係費用支出,心情故事花房,10777780,0.00,2000.00,,,,花柱,金錢,臺南市安南區****,0624*****,否,,,,,,,
236,穎艾達利,111年臺南市議員選舉,首次申報,1111127,公共關係費用支出,心情故事花房,10777780,0.00,2000.00,,,,花柱,金錢,臺南市安南區****,0624*****,否,,,,,,,
237,穎艾達利,111年臺南市議員選舉,首次申報,1111127,公共關係費用支出,心情故事花房,10777780,0.00,2000.00,,,,花柱,金錢,臺南市安南區****,0624*****,否,,,,,,,
238,穎艾達利,111年臺南市議員選舉,首次申報,1111127,公共關係費用支出,心情故事花房,10777780,0.00,2000.00,,,,花柱,金錢,臺南市安南區****,0624*****,否,,,,,,,
239,穎艾達利,111年臺南市議員選舉,首次申報,1111127,公共關係費用支出,心情故事花房,10777780,0.00,2000.00,,,,花柱,金錢,臺南市安南區****,0624*****,否,,,,,,,
240,穎艾達利,111年臺南市議員選舉,首次申報,1111127,公共關係費用支出,心情故事花房,10777780,0.00,2000.00,,,,花柱,金錢,臺南市安南區****,0624*****,否,,,,,,,
241,穎艾達利,111年臺南市議員選舉,首次申報,1111127,公共關係費用支出,心情故事花房,10777780,0.00,2000.00,,,,花柱,金錢,臺南市安南區****,0624*****,否,,,,,,,
242,穎艾達利,111年臺南市議員選舉,首次申報,1111127,公共關係費用支出,心情故事花房,10777780,0.00,2000.00,,,,花柱,金錢,臺南市安南區****,0624*****,否,,,,,,,
243,穎艾達利,111年臺南市議員選舉,首次申報,1111127,公共關係費用支出,心情故事花房,10777780,0.00,2000.00,,,,花柱,金錢,臺南市安南區****,0624*****,否,,,,,,,
244,穎艾達利,111年臺南市議員選舉,首次申報,1111127,公共關係費用支出,心情故事花房,10777780,0.00,2000.00,,,,花柱,金錢,臺南市安南區****,0624*****,否,,,,,,,
245,穎艾達利,111年臺南市議員選舉,首次申報,1111127,公共關係費用支出,心情故事花房,10777780,0.00,2000.00,,,,花柱,金錢,臺南市安南區****,0624*****,否,,,,,,,
246,穎艾達利,111年臺南市議員選舉,首次申報,1111127,公共關係費用支出,心情故事花房,10777780,0.00,2000.00,,,,花柱,金錢,臺南市安南區****,0624*****,否,,,,,,,
247,穎艾達利,111年臺南市議員選舉,首次申報,1111127,公共關係費用支出,心情故事花房,10777780,0.00,2000.00,,,,花柱,金錢,臺南市安南區****,0624*****,否,,,,,,,
248,穎艾達利,111年臺南市議員選舉,首次申報,1111127,公共關係費用支出,心情故事花房,10777780,0.00,2000.00,,,,花柱,金錢,臺南市安南區****,0624*****,否,,,,,,,
249,穎艾達利,111年臺南市議員選舉,首次申報,1111127,公共關係費用支出,心情故事花房,10777780,0.00,2000.00,,,,花柱,金錢,臺南市安南區****,0624*****,否,,,,,,,
250,穎艾達利,111年臺南市議員選舉,首次申報,1111127,公共關係費用支出,心情故事花房,10777780,0.00,2000.00,,,,花柱,金錢,臺南市安南區****,0624*****,否,,,,,,,
251,穎艾達利,111年臺南市議員選舉,首次申報,1111127,公共關係費用支出,心情故事花房,10777780,0.00,2000.00,,,,花柱,金錢,臺南市安南區****,0624*****,否,,,,,,,
252,穎艾達利,111年臺南市議員選舉,首次申報,1111127,公共關係費用支出,心情故事花房,10777780,0.00,2000.00,,,,花柱,金錢,臺南市安南區****,0624*****,否,,,,,,,
253,穎艾達利,111年臺南市議員選舉,首次申報,1111127,公共關係費用支出,心情故事花房,10777780,0.00,2000.00,,,,花柱,金錢,臺南市安南區****,0624*****,否,,,,,,,
254,穎艾達利,111年臺南市議員選舉,首次申報,1111127,公共關係費用支出,心情故事花房,10777780,0.00,2000.00,,,,花柱,金錢,臺南市安南區****,0624*****,否,,,,,,,
255,穎艾達利,111年臺南市議員選舉,首次申報,1111127,公共關係費用支出,心情故事花房,10777780,0.00,2000.00,,,,花柱,金錢,臺南市安南區****,0624*****,否,,,,,,,
256,穎艾達利,111年臺南市議員選舉,首次申報,1111127,公共關係費用支出,心情故事花房,10777780,0.00,2000.00,,,,花柱,金錢,臺南市安南區****,0624*****,否,,,,,,,
257,穎艾達利,111年臺南市議員選舉,首次申報,1111127,公共關係費用支出,心情故事花房,10777780,0.00,2000.00,,,,花柱,金錢,臺南市安南區****,0624*****,否,,,,,,,
258,穎艾達利,111年臺南市議員選舉,首次申報,1111127,公共關係費用支出,心情故事花房,10777780,0.00,2000.00,,,,花柱,金錢,臺南市安南區****,0624*****,否,,,,,,,
259,穎艾達利,111年臺南市議員選舉,首次申報,1111127,公共關係費用支出,心情故事花房,10777780,0.00,2000.00,,,,花柱,金錢,臺南市安南區****,0624*****,否,,,,,,,
260,穎艾達利,111年臺南市議員選舉,首次申報,1111127,公共關係費用支出,心情故事花房,10777780,0.00,2000.00,,,,花柱,金錢,臺南市安南區****,0624*****,否,,,,,,,
261,穎艾達利,111年臺南市議員選舉,首次申報,1111127,公共關係費用支出,心情故事花房,10777780,0.00,2000.00,,,,花柱,金錢,臺南市安南區****,0624*****,否,,,,,,,
262,穎艾達利,111年臺南市議員選舉,首次申報,1111127,公共關係費用支出,心情故事花房,10777780,0.00,2000.00,,,,花柱,金錢,臺南市安南區****,0624*****,否,,,,,,,
263,穎艾達利,111年臺南市議員選舉,首次申報,1111127,雜支支出,竇爸雞腿王中式速食,13585195,0.00,1935.00,,,,餐飲費用,金錢,臺南市東區仁****,,否,,,,,,,
264,穎艾達利,111年臺南市議員選舉,首次申報,1111127,租用競選辦事處支出,欣亞數位股份有限公司台南北門分公司,27687849,0.00,13990.00,,,,租買辦公設備費用(ASUS PC SMD),金錢,臺南市中西區****,,否,,,,,,,
265,穎艾達利,111年臺南市議員選舉,首次申報,1111127,雜支支出,崇北生活館有限公司,28648373,0.00,166.00,,,,雜項購置或修繕費用,金錢,臺南市北區長****,0625*****,否,,,,,,,
266,穎艾達利,111年臺南市議員選舉,首次申報,1111127,雜支支出,自在北門冷飲店,36827949,0.00,529.00,,,,餐飲費用,金錢,臺南市北區北****,,否,,,,,,,
267,穎艾達利,111年臺南市議員選舉,首次申報,1111127,雜支支出,御品味美食店,85934636,0.00,1864.00,,,,餐飲費用,金錢,臺南市北區福****,,否,,,,,,,
268,穎艾達利,111年臺南市議員選舉,首次申報,1111127,人事費用支出,曾明光,U10*******,0.00,10000.00,,,,助選人員津貼,金錢,臺南市柳營區****,,否,,,,,,,
269,穎艾達利,111年臺南市議員選舉,首次申報,1111127,人事費用支出,張彼得,U12*******,0.00,35000.00,,,,助選人員津貼,金錢,臺南市東區南****,,否,,,,,,,
270,穎艾達利,111年臺南市議員選舉,首次申報,1111127,人事費用支出,莎拉·里幸,U22*******,0.00,10000.00,,,,助選人員津貼,金錢,臺南市柳營區****,,否,,,,,,,
271,穎艾達利,111年臺南市議員選舉,首次申報,1111127,人事費用支出,陳螢美,V22*******,0.00,7500.00,,,,助選人員津貼,金錢,臺南市柳營區****,,否,,,,,,,
272,穎艾達利,111年臺南市議員選舉,首次申報,1111128,雜支支出,千越加油站實業股份有限公司西門加油站,09544975,0.00,1222.00,,,,汽機車燃料費用,金錢,臺南市北區福****,,否,,,,,,,
273,穎艾達利,111年臺南市議員選舉,首次申報,1111128,人事費用支出,吳芳楨,D22*******,0.00,10000.00,,,,助選人員津貼,金錢,臺南市南區新****,,否,,,,,,,
274,穎艾達利,111年臺南市議員選舉,首次申報,1111128,雜支支出,黃庭鈞,S12*******,0.00,4000.00,,,,文宣設計費,金錢,臺南市永康區****,,否,,,,,,,
275,穎艾達利,111年臺南市議員選舉,首次申報,1111129,交通旅運支出,交通部臺灣鐵路管理局,07524729,0.00,153.00,,,,搭乘交通工具費用,金錢,臺北市中正區****,,否,,,,,,,
276,穎艾達利,111年臺南市議員選舉,首次申報,1111130,雜支支出,八方雲集餐飲股份有限公司御廚台南永康店,85747900,0.00,3728.00,,,,餐飲費用,金錢,臺南市永康區****,,否,,,,,,,
277,穎艾達利,111年臺南市議員選舉,首次申報,1111130,人事費用支出,亓炳泰,D12*******,0.00,10000.00,,,,助選人員津貼,金錢,臺南市永康區****,,否,,,,,,,
278,穎艾達利,111年臺南市議員選舉,首次申報,1111130,人事費用支出,亓炳泰,D12*******,0.00,2800.00,,,,助選人員津貼,金錢,臺南市永康區****,,否,,,,,,,
279,穎艾達利,111年臺南市議員選舉,首次申報,1111130,人事費用支出,謝綺夢,D20*******,0.00,10000.00,,,,助選人員津貼,金錢,臺南市北區長****,,否,,,,,,,
280,穎艾達利,111年臺南市議員選舉,首次申報,1111130,人事費用支出,謝綺夢,D20*******,0.00,10000.00,,,,助選人員津貼,金錢,臺南市北區長****,,否,,,,,,,
281,穎艾達利,111年臺南市議員選舉,首次申報,1111130,人事費用支出,謝綺夢,D20*******,0.00,5000.00,,,,助選人員津貼,金錢,臺南市北區長****,,否,,,,,,,
282,穎艾達利,111年臺南市議員選舉,首次申報,1111130,人事費用支出,吳芳楨,D22*******,0.00,10000.00,,,,助選人員津貼,金錢,臺南市南區新****,,否,,,,,,,
283,穎艾達利,111年臺南市議員選舉,首次申報,1111130,人事費用支出,吳芳楨,D22*******,0.00,400.00,,,,助選人員津貼,金錢,臺南市南區新****,,否,,,,,,,
284,穎艾達利,111年臺南市議員選舉,首次申報,1111130,人事費用支出,楊新發,F10*******,0.00,10000.00,,,,助選人員津貼,金錢,臺南市仁德區****,,否,,,,,,,
285,穎艾達利,111年臺南市議員選舉,首次申報,1111130,人事費用支出,楊新發,F10*******,0.00,2400.00,,,,助選人員津貼,金錢,臺南市仁德區****,,否,,,,,,,
286,穎艾達利,111年臺南市議員選舉,首次申報,1111130,人事費用支出,石晨希,R12*******,0.00,10000.00,,,,助選人員津貼,金錢,臺南市永康區****,,否,,,,,,,
287,穎艾達利,111年臺南市議員選舉,首次申報,1111130,人事費用支出,石晨希,R12*******,0.00,1000.00,,,,助選人員津貼,金錢,臺南市永康區****,,否,,,,,,,
288,穎艾達利,111年臺南市議員選舉,首次申報,1111130,人事費用支出,胡秀莉,R22*******,0.00,10000.00,,,,助選人員津貼,金錢,臺南市安南區****,,否,,,,,,,
289,穎艾達利,111年臺南市議員選舉,首次申報,1111130,人事費用支出,胡秀莉,R22*******,0.00,4600.00,,,,助選人員津貼,金錢,臺南市安南區****,,否,,,,,,,
290,穎艾達利,111年臺南市議員選舉,首次申報,1111130,雜支支出,胡秀莉,R22*******,0.00,200.00,,,,誤餐費,金錢,臺南市安南區****,,否,,,,,,,
291,穎艾達利,111年臺南市議員選舉,首次申報,1111130,人事費用支出,張綠嘉,R22*******,0.00,10000.00,,,,助選人員津貼,金錢,臺南市永康區****,,否,,,,,,,
292,穎艾達利,111年臺南市議員選舉,首次申報,1111130,人事費用支出,張綠嘉,R22*******,0.00,2400.00,,,,助選人員津貼,金錢,臺南市永康區****,,否,,,,,,,
293,穎艾達利,111年臺南市議員選舉,首次申報,1111130,人事費用支出,潘姿穎,T22*******,0.00,10000.00,,,,助選人員津貼,金錢,臺南市安南區****,,否,,,,,,,
294,穎艾達利,111年臺南市議員選舉,首次申報,1111130,人事費用支出,潘姿穎,T22*******,0.00,5000.00,,,,助選人員津貼,金錢,臺南市安南區****,,否,,,,,,,
295,穎艾達利,111年臺南市議員選舉,首次申報,1111130,人事費用支出,潘姿穎,T22*******,0.00,10000.00,,,,助選人員津貼,金錢,臺南市安南區****,,否,,,,,,,
296,穎艾達利,111年臺南市議員選舉,首次申報,1111130,人事費用支出,潘姿穎,T22*******,0.00,1400.00,,,,助選人員津貼,金錢,臺南市安南區****,,否,,,,,,,
297,穎艾達利,111年臺南市議員選舉,首次申報,1111130,人事費用支出,張彼得,U12*******,0.00,10000.00,,,,助選人員津貼,金錢,臺南市東區南****,,否,,,,,,,
298,穎艾達利,111年臺南市議員選舉,首次申報,1111130,人事費用支出,張彼得,U12*******,0.00,10000.00,,,,助選人員津貼,金錢,臺南市東區南****,,否,,,,,,,
299,穎艾達利,111年臺南市議員選舉,首次申報,1111130,雜支支出,張彼得,U12*******,0.00,200.00,,,,誤餐費,金錢,臺南市東區南****,,否,,,,,,,
300,穎艾達利,111年臺南市議員選舉,首次申報,1111130,人事費用支出,吳德俊,U12*******,0.00,10000.00,,,,助選人員津貼,金錢,臺南市佳里區****,,否,,,,,,,
301,穎艾達利,111年臺南市議員選舉,首次申報,1111130,人事費用支出,吳德俊,U12*******,0.00,1600.00,,,,助選人員津貼,金錢,臺南市佳里區****,,否,,,,,,,
302,穎艾達利,111年臺南市議員選舉,首次申報,1111130,人事費用支出,莊金花,U20*******,0.00,10000.00,,,,助選人員津貼,金錢,臺南市仁德區****,,否,,,,,,,
303,穎艾達利,111年臺南市議員選舉,首次申報,1111130,人事費用支出,莊金花,U20*******,0.00,2400.00,,,,助選人員津貼,金錢,臺南市仁德區****,,否,,,,,,,
304,穎艾達利,111年臺南市議員選舉,首次申報,1111130,人事費用支出,楊秀玉,U20*******,0.00,10000.00,,,,助選人員津貼,金錢,臺南市官田區****,,否,,,,,,,
305,穎艾達利,111年臺南市議員選舉,首次申報,1111130,人事費用支出,楊秀玉,U20*******,0.00,10000.00,,,,助選人員津貼,金錢,臺南市官田區****,,否,,,,,,,
306,穎艾達利,111年臺南市議員選舉,首次申報,1111130,人事費用支出,楊秀玉,U20*******,0.00,1800.00,,,,助選人員津貼,金錢,臺南市官田區****,,否,,,,,,,
307,穎艾達利,111年臺南市議員選舉,首次申報,1111130,雜支支出,楊秀玉,U20*******,0.00,200.00,,,,誤餐費,金錢,臺南市官田區****,,否,,,,,,,
308,穎艾達利,111年臺南市議員選舉,首次申報,1111130,人事費用支出,林秀蘭,U22*******,0.00,10000.00,,,,助選人員津貼,金錢,臺南市北區公****,,否,,,,,,,
309,穎艾達利,111年臺南市議員選舉,首次申報,1111130,人事費用支出,林秀蘭,U22*******,0.00,3200.00,,,,助選人員津貼,金錢,臺南市北區公****,,否,,,,,,,
310,穎艾達利,111年臺南市議員選舉,首次申報,1111130,人事費用支出,劉維新,V12*******,0.00,10000.00,,,,助選人員津貼,金錢,臺南市永康區****,,否,,,,,,,
311,穎艾達利,111年臺南市議員選舉,首次申報,1111130,人事費用支出,劉維新,V12*******,0.00,1800.00,,,,助選人員津貼,金錢,臺南市永康區****,,否,,,,,,,
312,穎艾達利,111年臺南市議員選舉,首次申報,1111130,人事費用支出,蔡春華,V12*******,0.00,10000.00,,,,助選人員津貼,金錢,臺南市永康區****,,否,,,,,,,
313,穎艾達利,111年臺南市議員選舉,首次申報,1111130,人事費用支出,林鄭玉英,V20*******,0.00,10000.00,,,,助選人員津貼,金錢,臺南市麻豆區****,,否,,,,,,,
314,穎艾達利,111年臺南市議員選舉,首次申報,1111130,人事費用支出,林鄭玉英,V20*******,0.00,1600.00,,,,助選人員津貼,金錢,臺南市麻豆區****,,否,,,,,,,
315,穎艾達利,111年臺南市議員選舉,首次申報,1111130,人事費用支出,石鳳妹,V20*******,0.00,10000.00,,,,助選人員津貼,金錢,臺南市永康區****,,否,,,,,,,
316,穎艾達利,111年臺南市議員選舉,首次申報,1111130,人事費用支出,石鳳妹,V20*******,0.00,1800.00,,,,助選人員津貼,金錢,臺南市永康區****,,否,,,,,,,
317,穎艾達利,111年臺南市議員選舉,首次申報,1111130,人事費用支出,石鳳妹,V20*******,0.00,672.00,,,,助選人員津貼,金錢,臺南市永康區****,,否,,,,,,,
318,穎艾達利,111年臺南市議員選舉,首次申報,1111130,人事費用支出,亓高美玉,V20*******,0.00,10000.00,,,,助選人員津貼,金錢,臺南市永康區****,,否,,,,,,,
319,穎艾達利,111年臺南市議員選舉,首次申報,1111130,人事費用支出,亓高美玉,V20*******,0.00,10000.00,,,,助選人員津貼,金錢,臺南市永康區****,,否,,,,,,,
320,穎艾達利,111年臺南市議員選舉,首次申報,1111130,人事費用支出,楊依凡,V22*******,0.00,10000.00,,,,助選人員津貼,金錢,臺南市東區中****,,否,,,,,,,
321,穎艾達利,111年臺南市議員選舉,首次申報,1111130,人事費用支出,楊依凡,V22*******,0.00,672.00,,,,助選人員津貼,金錢,臺南市東區中****,,否,,,,,,,
322,穎艾達利,111年臺南市議員選舉,首次申報,1111130,人事費用支出,張家穎,V22*******,0.00,10000.00,,,,助選人員津貼,金錢,臺南市南區水****,,否,,,,,,,
323,穎艾達利,111年臺南市議員選舉,首次申報,1111130,人事費用支出,張家穎,V22*******,0.00,4200.00,,,,助選人員津貼,金錢,臺南市南區水****,,否,,,,,,,
324,穎艾達利,111年臺南市議員選舉,首次申報,1111130,雜支支出,張家穎,V22*******,0.00,200.00,,,,誤餐費,金錢,臺南市南區水****,,否,,,,,,,
325,穎艾達利,111年臺南市議員選舉,首次申報,1111130,人事費用支出,楊春枝,V22*******,0.00,10000.00,,,,助選人員津貼,金錢,臺南市東區中****,,否,,,,,,,
326,穎艾達利,111年臺南市議員選舉,首次申報,1111130,人事費用支出,楊春枝,V22*******,0.00,1800.00,,,,助選人員津貼,金錢,臺南市東區中****,,否,,,,,,,
327,穎艾達利,111年臺南市議員選舉,首次申報,1111130,人事費用支出,楊春枝,V22*******,0.00,672.00,,,,助選人員津貼,金錢,臺南市東區中****,,否,,,,,,,
328,穎艾達利,111年臺南市議員選舉,首次申報,1111130,人事費用支出,劉運華,V22*******,0.00,10000.00,,,,助選人員津貼,金錢,臺南市安定區****,,否,,,,,,,
329,穎艾達利,111年臺南市議員選舉,首次申報,1111130,人事費用支出,劉運華,V22*******,0.00,10000.00,,,,助選人員津貼,金錢,臺南市安定區****,,否,,,,,,,
330,穎艾達利,111年臺南市議員選舉,首次申報,1111201,雜支支出,藍新科技股份有限公司,70565326,0.00,207.00,,,,第三方平台手續費,金錢,臺北市南港區****,0227*****,否,,,,,,,
331,穎艾達利,111年臺南市議員選舉,首次申報,1111201,人事費用支出,陳佳宜,D22*******,0.00,5200.00,,,,加班費或值班費,金錢,臺南市北區北****,,否,,,,,,,
332,穎艾達利,111年臺南市議員選舉,首次申報,1111201,人事費用支出,楊震,L12*******,0.00,6800.00,,,,加班費或值班費,金錢,臺中市沙鹿區****,,否,,,,,,,
333,穎艾達利,111年臺南市議員選舉,首次申報,1111201,人事費用支出,顏立恩,S22*******,0.00,6700.00,,,,加班費或值班費,金錢,臺南市歸仁區****,,否,,,,,,,
334,穎艾達利,111年臺南市議員選舉,首次申報,1111201,人事費用支出,董曉婷,T22*******,0.00,1000.00,,,,加班費或值班費,金錢,臺南市東區仁****,,否,,,,,,,
335,穎艾達利,111年臺南市議員選舉,首次申報,1111201,人事費用支出,曾明光,U10*******,0.00,10000.00,,,,助選人員津貼,金錢,臺南市柳營區****,,否,,,,,,,
336,穎艾達利,111年臺南市議員選舉,首次申報,1111201,人事費用支出,丮硠·瑪那,U12*******,0.00,2400.00,,,,加班費或值班費,金錢,臺南市北區公****,,否,,,,,,,
337,穎艾達利,111年臺南市議員選舉,首次申報,1111201,人事費用支出,陳欣媛,V22*******,0.00,2200.00,,,,加班費或值班費,金錢,臺南市東區泉****,,否,,,,,,,
338,穎艾達利,111年臺南市議員選舉,首次申報,1111201,人事費用支出,楊春玉,V22*******,0.00,7700.00,,,,加班費或值班費,金錢,臺南市安南區****,,否,,,,,,,
339,穎艾達利,111年臺南市議員選舉,首次申報,1111202,宣傳支出,馬雅影印店,10867776,0.00,1600.00,,,,影印,金錢,臺南市東區成****,,否,,,,,,,
340,穎艾達利,111年臺南市議員選舉,首次申報,1111202,租用競選辦事處支出,網路家庭國際資訊股份有限公司,16606102,0.00,339.00,,,,租買辦公設備費用,金錢,臺北市大安區****,,否,,,,,,,
341,穎艾達利,111年臺南市議員選舉,首次申報,1111202,租用競選辦事處支出,網路家庭國際資訊股份有限公司,16606102,0.00,35990.00,,,,租買辦公設備費用,金錢,臺北市大安區****,,否,,,,,,,
342,穎艾達利,111年臺南市議員選舉,首次申報,1111203,人事費用支出,黃永昌,D12*******,0.00,10000.00,,,,助選人員津貼,金錢,臺南市安南區****,,否,,,,,,,
343,穎艾達利,111年臺南市議員選舉,首次申報,1111203,人事費用支出,黃永昌,D12*******,0.00,400.00,,,,助選人員津貼,金錢,臺南市安南區****,,否,,,,,,,
344,穎艾達利,111年臺南市議員選舉,首次申報,1111203,人事費用支出,林誠雄,U12*******,0.00,1400.00,,,,助選人員津貼,金錢,臺南市永康區****,,否,,,,,,,
345,穎艾達利,111年臺南市議員選舉,首次申報,1111203,人事費用支出,林誠雄,U12*******,0.00,10000.00,,,,助選人員津貼,金錢,臺南市永康區****,,否,,,,,,,
346,穎艾達利,111年臺南市議員選舉,首次申報,1111205,雜支支出,台灣中油股份有限公司油品行銷事業部台南營業處成功路加油站,68075442,0.00,1247.00,,,,汽機車燃料費用,金錢,臺南市北區公****,,否,,,,,,,
347,穎艾達利,111年臺南市議員選舉,首次申報,1111205,人事費用支出,楊永德,V12*******,0.00,10000.00,,,,助選人員津貼,金錢,臺東縣成功鎮****,,否,,,,,,,
348,穎艾達利,111年臺南市議員選舉,首次申報,1111209,人事費用支出,潘芊穎,D22*******,0.00,10000.00,,,,助選人員津貼,金錢,臺南市安南區****,,否,,,,,,,
349,穎艾達利,111年臺南市議員選舉,首次申報,1111209,人事費用支出,潘芊穎,D22*******,0.00,400.00,,,,助選人員津貼,金錢,臺南市安南區****,,否,,,,,,,
350,穎艾達利,111年臺南市議員選舉,首次申報,1111209,人事費用支出,吳玉滿,E20*******,0.00,10000.00,,,,助選人員津貼,金錢,臺南市新市區****,,否,,,,,,,
351,穎艾達利,111年臺南市議員選舉,首次申報,1111209,人事費用支出,吳玉滿,E20*******,0.00,10000.00,,,,助選人員津貼,金錢,臺南市新市區****,,否,,,,,,,
352,穎艾達利,111年臺南市議員選舉,首次申報,1111209,人事費用支出,許濟秀,T22*******,0.00,10000.00,,,,助選人員津貼,金錢,臺南市東區自****,,否,,,,,,,
353,穎艾達利,111年臺南市議員選舉,首次申報,1111209,人事費用支出,陳菊妹,V22*******,0.00,1000.00,,,,助選人員津貼,金錢,臺南市北區大****,,否,,,,,,,
354,穎艾達利,111年臺南市議員選舉,首次申報,1111209,人事費用支出,陳螢美,V22*******,0.00,600.00,,,,助選人員津貼,金錢,臺南市柳營區****,,否,,,,,,,
355,穎艾達利,111年臺南市議員選舉,首次申報,1111209,人事費用支出,陳螢美,V22*******,0.00,10000.00,,,,助選人員津貼,金錢,臺南市柳營區****,,否,,,,,,,
356,穎艾達利,111年臺南市議員選舉,首次申報,1111212,人事費用支出,莎拉‧里幸,U22*******,0.00,10000.00,,,,助選人員津貼,金錢,臺南市柳營區****,,否,,,,,,,
357,穎艾達利,111年臺南市議員選舉,首次申報,1111212,人事費用支出,莎拉‧里幸,U22*******,0.00,600.00,,,,助選人員津貼,金錢,臺南市柳營區****,,否,,,,,,,
