﻿序號,擬參選人／政黨,選舉名稱,申報序號／年度,交易日期,收支科目,捐贈者／支出對象,身分證／統一編號,收入金額,支出金額,捐贈方式,存入專戶日期,返還/繳庫,支出用途,金錢類,地址,聯絡電話,應揭露之支出對象,支出對象之內部人員姓名,支出對象之內部人員職稱,政黨之內部人員姓名,政黨之內部人員職稱,關係,更正註記,資料更正日期
1,張婉慈,111年南投縣議員選舉,首次申報,1111109,營利事業捐贈收入,裕隆營造有限公司,42664248,200000.00,0.00,匯款,1111109,,,金錢,彰化縣彰化市****,,,,,,,,,
2,張婉慈,111年南投縣議員選舉,首次申報,1111109,營利事業捐贈收入,澄谷建設股份有限公司,56685601,300000.00,0.00,匯款,1111109,,,金錢,彰化縣彰化市****,,,,,,,,,
3,張婉慈,111年南投縣議員選舉,首次申報,1111109,營利事業捐贈收入,裕佳建設有限公司,59015704,300000.00,0.00,匯款,1111109,已返還,,金錢,彰化縣彰化市****,,,,,,,,,
4,張婉慈,111年南投縣議員選舉,首次申報,1111221,其他收入,利息收入,,94.00,0.00,匯款,1111221,,,金錢,,,,,,,,,,
