﻿序號,擬參選人／政黨,選舉名稱,申報序號／年度,交易日期,收支科目,捐贈者／支出對象,身分證／統一編號,收入金額,支出金額,支出用途,金錢類,地址,聯絡電話,資料更正日期
1,林郁方,105年立法委員選舉,第三次賸餘,1070102,參加公職人員選舉使用支出,埃克夏有限公司,54184259,0.00,484.00,餐飲支出,金錢,,,
2,林郁方,105年立法委員選舉,第三次賸餘,1070103,參加公職人員選舉使用支出,台北市停管處,,0.00,30.00,停車費,金錢,,,
3,林郁方,105年立法委員選舉,第三次賸餘,1070103,參加公職人員選舉使用支出,敦安停車場,18410316,0.00,500.00,雜項購置或修繕費用,金錢,,02-2*****,
4,林郁方,105年立法委員選舉,第三次賸餘,1070103,參加公職人員選舉使用支出,軒維小廚,26368868,0.00,5302.00,餐飲支出,金錢,臺北市大安區****,2706*****,
5,林郁方,105年立法委員選舉,第三次賸餘,1070103,參加公職人員選舉使用支出,台灣中油-莒光路站,77144976,0.00,1450.00,油資,金錢,,,
6,林郁方,105年立法委員選舉,第三次賸餘,1070104,參加公職人員選舉使用支出,延吉停車場,,0.00,120.00,停車費,金錢,,02-2*****,
7,林郁方,105年立法委員選舉,第三次賸餘,1070104,參加公職人員選舉使用支出,台北市榮民總醫院停車場,01392665,0.00,40.00,停車費,金錢,,,
8,林郁方,105年立法委員選舉,第三次賸餘,1070104,參加公職人員選舉使用支出,岳陽股份有限公司,48696149,0.00,60.00,停車費,金錢,,,
9,林郁方,105年立法委員選舉,第三次賸餘,1070105,參加公職人員選舉使用支出,台北市停管處,,0.00,90.00,停車費,金錢,,,
10,林郁方,105年立法委員選舉,第三次賸餘,1070105,參加公職人員選舉使用支出,台灣中油-莒光路站,77144976,0.00,1044.00,油資,金錢,,,
11,林郁方,105年立法委員選舉,第三次賸餘,1070110,參加公職人員選舉使用支出,台灣中油-林森北路站,01490119,0.00,1500.00,油資,金錢,,,
12,林郁方,105年立法委員選舉,第三次賸餘,1070110,參加公職人員選舉使用支出,埃克夏有限公司,54184259,0.00,495.00,餐飲支出,金錢,,,
13,林郁方,105年立法委員選舉,第三次賸餘,1070111,參加公職人員選舉使用支出,台北市停管處,,0.00,90.00,停車費,金錢,,,
14,林郁方,105年立法委員選舉,第三次賸餘,1070112,參加公職人員選舉使用支出,台北市停管處,,0.00,30.00,停車費,金錢,,,
15,林郁方,105年立法委員選舉,第三次賸餘,1070112,參加公職人員選舉使用支出,台灣中油-金山南路加油站,01802133,0.00,1105.00,油資,金錢,,,
16,林郁方,105年立法委員選舉,第三次賸餘,1070113,參加公職人員選舉使用支出,豐盛小吃店,25552731,0.00,950.00,餐飲費用,金錢,,,
17,林郁方,105年立法委員選舉,第三次賸餘,1070114,參加公職人員選舉使用支出,阿美米干,73818660,0.00,445.00,餐飲支出,金錢,,,
18,林郁方,105年立法委員選舉,第三次賸餘,1070115,參加公職人員選舉使用支出,台灣中油-金山南路加油站,01802133,0.00,1510.00,油資,金錢,,,
19,林郁方,105年立法委員選舉,第三次賸餘,1070115,參加公職人員選舉使用支出,李星輝,A12*******,0.00,20000.00,工資或薪津,金錢,臺北市松山區****,,
20,林郁方,105年立法委員選舉,第三次賸餘,1070115,參加公職人員選舉使用支出,孫璐,A20*******,0.00,80000.00,工資或薪津,金錢,臺北市大安區****,,
21,林郁方,105年立法委員選舉,第三次賸餘,1070115,參加公職人員選舉使用支出,裘方彬,D12*******,0.00,26000.00,工資或薪津,金錢,新北市三重區****,,
22,林郁方,105年立法委員選舉,第三次賸餘,1070115,參加公職人員選舉使用支出,林靜枝,J22*******,0.00,65000.00,工資或薪津,金錢,臺北市中正區****,,
23,林郁方,105年立法委員選舉,第三次賸餘,1070115,參加公職人員選舉使用支出,張宏瑋,P12*******,0.00,35000.00,工資或薪津,金錢,臺北市內湖區****,,
24,林郁方,105年立法委員選舉,第三次賸餘,1070115,參加公職人員選舉使用支出,黃豐華,T20*******,0.00,26000.00,工資或薪津,金錢,新北市永和區****,,
25,林郁方,105年立法委員選舉,第三次賸餘,1070115,參加公職人員選舉使用支出,黃昱華,T20*******,0.00,85000.00,工資或薪津,金錢,臺北市大安區****,,
26,林郁方,105年立法委員選舉,第三次賸餘,1070116,參加公職人員選舉使用支出,台灣中油-內湖站,08590459,0.00,150.00,雜項購置或修繕費用,金錢,,,
27,林郁方,105年立法委員選舉,第三次賸餘,1070117,參加公職人員選舉使用支出,台北榮民總醫院停車場,01392665,0.00,100.00,停車費,金錢,,,
28,林郁方,105年立法委員選舉,第三次賸餘,1070118,參加公職人員選舉使用支出,台北市停管處,,0.00,60.00,停車費,金錢,,,
29,林郁方,105年立法委員選舉,第三次賸餘,1070118,參加公職人員選舉使用支出,郵局,,0.00,32.00,郵資,金錢,,,
30,林郁方,105年立法委員選舉,第三次賸餘,1070118,參加公職人員選舉使用支出,台北榮民總醫院停車場,01392665,0.00,120.00,停車費,金錢,,,
31,林郁方,105年立法委員選舉,第三次賸餘,1070119,參加公職人員選舉使用支出,台北榮民總醫院停車場,01392665,0.00,40.00,停車費,金錢,,,
32,林郁方,105年立法委員選舉,第三次賸餘,1070119,參加公職人員選舉使用支出,歐特儀股份有限公司,42388638,0.00,25.00,停車費,金錢,,,
33,林郁方,105年立法委員選舉,第三次賸餘,1070119,參加公職人員選舉使用支出,埃克夏有限公司,54184259,0.00,462.00,餐飲支出,金錢,,,
34,林郁方,105年立法委員選舉,第三次賸餘,1070121,參加公職人員選舉使用支出,台北市停管處,,0.00,15.00,停車費,金錢,,,
35,林郁方,105年立法委員選舉,第三次賸餘,1070121,參加公職人員選舉使用支出,台灣中油-金山南路加油站,01802133,0.00,1460.00,油資,金錢,,,
36,林郁方,105年立法委員選舉,第三次賸餘,1070123,參加公職人員選舉使用支出,台北市停管處,,0.00,15.00,停車費,金錢,,,
37,林郁方,105年立法委員選舉,第三次賸餘,1070123,參加公職人員選舉使用支出,台北榮民總醫院停車場,01392665,0.00,40.00,停車費,金錢,,,
38,林郁方,105年立法委員選舉,第三次賸餘,1070125,參加公職人員選舉使用支出,台北市停管處,,0.00,45.00,停車費,金錢,,,
39,林郁方,105年立法委員選舉,第三次賸餘,1070126,參加公職人員選舉使用支出,台北市停管處,,0.00,60.00,停車費,金錢,,,
40,林郁方,105年立法委員選舉,第三次賸餘,1070126,參加公職人員選舉使用支出,台北榮民總醫院停車場,01392665,0.00,40.00,停車費,金錢,,,
41,林郁方,105年立法委員選舉,第三次賸餘,1070126,參加公職人員選舉使用支出,台灣中油-金山南路加油站,01802133,0.00,1510.00,油資,金錢,,,
42,林郁方,105年立法委員選舉,第三次賸餘,1070126,參加公職人員選舉使用支出,梅帝騎小酒館,24765413,0.00,4620.00,餐飲支出,金錢,,,
43,林郁方,105年立法委員選舉,第三次賸餘,1070127,參加公職人員選舉使用支出,北都汽車股份有限公司南港分公司,53675708,0.00,3460.00,雜項購置或修繕費用,金錢,,,
44,林郁方,105年立法委員選舉,第三次賸餘,1070127,參加公職人員選舉使用支出,台灣中油-莒光路加油站,77144976,0.00,1102.00,油資,金錢,,,
45,林郁方,105年立法委員選舉,第三次賸餘,1070129,參加公職人員選舉使用支出,台北市停管處,,0.00,15.00,停車費,金錢,,,
46,林郁方,105年立法委員選舉,第三次賸餘,1070130,參加公職人員選舉使用支出,台北榮民總醫院停車場,01392665,0.00,40.00,停車費,金錢,,,
47,林郁方,105年立法委員選舉,第三次賸餘,1070201,參加公職人員選舉使用支出,台北市停管處,,0.00,45.00,停車費,金錢,,,
48,林郁方,105年立法委員選舉,第三次賸餘,1070201,參加公職人員選舉使用支出,郵局,,0.00,44.00,郵資,金錢,,,
49,林郁方,105年立法委員選舉,第三次賸餘,1070201,參加公職人員選舉使用支出,台灣中油-金山南路加油站,01802133,0.00,1550.00,油資,金錢,,,
50,林郁方,105年立法委員選舉,第三次賸餘,1070201,參加公職人員選舉使用支出,埃克夏有限公司,54184259,0.00,528.00,餐飲支出,金錢,,,
51,林郁方,105年立法委員選舉,第三次賸餘,1070202,參加公職人員選舉使用支出,台北榮民總醫院停車場,01392665,0.00,40.00,停車費,金錢,,,
52,林郁方,105年立法委員選舉,第三次賸餘,1070203,參加公職人員選舉使用支出,呂桑小吃店,17738377,0.00,2775.00,餐飲支出,金錢,,,
53,林郁方,105年立法委員選舉,第三次賸餘,1070205,參加公職人員選舉使用支出,台北市停管處,,0.00,30.00,停車費,金錢,,,
54,林郁方,105年立法委員選舉,第三次賸餘,1070205,參加公職人員選舉使用支出,台灣銀行群賢分行,,0.00,100.00,雜項購置或修繕費用,金錢,,,
55,林郁方,105年立法委員選舉,第三次賸餘,1070205,參加公職人員選舉使用支出,李星輝,A12*******,0.00,20000.00,獎金或津貼,金錢,臺北市松山區****,,
56,林郁方,105年立法委員選舉,第三次賸餘,1070205,參加公職人員選舉使用支出,孫璐,A20*******,0.00,80000.00,獎金或津貼,金錢,臺北市大安區****,,
57,林郁方,105年立法委員選舉,第三次賸餘,1070205,參加公職人員選舉使用支出,裘方彬,D12*******,0.00,26000.00,獎金或津貼,金錢,新北市三重區****,,
58,林郁方,105年立法委員選舉,第三次賸餘,1070205,參加公職人員選舉使用支出,林靜枝,J22*******,0.00,65000.00,獎金或津貼,金錢,臺北市中正區****,,
59,林郁方,105年立法委員選舉,第三次賸餘,1070205,參加公職人員選舉使用支出,張宏瑋,P12*******,0.00,20000.00,獎金或津貼,金錢,臺北市內湖區****,,
60,林郁方,105年立法委員選舉,第三次賸餘,1070205,參加公職人員選舉使用支出,黃豐華,T20*******,0.00,20000.00,獎金或津貼,金錢,新北市永和區****,,
61,林郁方,105年立法委員選舉,第三次賸餘,1070205,參加公職人員選舉使用支出,黃昱華,T20*******,0.00,85000.00,獎金或津貼,金錢,臺北市大安區****,,
62,林郁方,105年立法委員選舉,第三次賸餘,1070207,參加公職人員選舉使用支出,台灣中油-林森北路站,01490119,0.00,1500.00,油資,金錢,,,
63,林郁方,105年立法委員選舉,第三次賸餘,1070209,參加公職人員選舉使用支出,台北市停管處,,0.00,30.00,停車費,金錢,,,
64,林郁方,105年立法委員選舉,第三次賸餘,1070211,參加公職人員選舉使用支出,軒維小廚,26368868,0.00,3146.00,餐飲支出,金錢,臺北市大安區****,,
65,林郁方,105年立法委員選舉,第三次賸餘,1070211,參加公職人員選舉使用支出,埃克夏有限公司,54184259,0.00,385.00,餐飲支出,金錢,,,
66,林郁方,105年立法委員選舉,第三次賸餘,1070212,參加公職人員選舉使用支出,台北榮民總醫院停車場,01392665,0.00,40.00,油資,金錢,,,
67,林郁方,105年立法委員選舉,第三次賸餘,1070212,參加公職人員選舉使用支出,台灣中油-林森北路站,01490119,0.00,1600.00,油資,金錢,,,
68,林郁方,105年立法委員選舉,第三次賸餘,1070212,參加公職人員選舉使用支出,軒維小廚,26368868,0.00,11473.00,餐飲支出,金錢,臺北市大安區****,0227*****,
69,林郁方,105年立法委員選舉,第三次賸餘,1070213,參加公職人員選舉使用支出,台北榮民總醫院停車場,01392665,0.00,40.00,停車費,金錢,,,
70,林郁方,105年立法委員選舉,第三次賸餘,1070214,參加公職人員選舉使用支出,台北市停管處,,0.00,15.00,停車費,金錢,,,
71,林郁方,105年立法委員選舉,第三次賸餘,1070214,參加公職人員選舉使用支出,台北榮民總醫院停車場,01392665,0.00,80.00,停車費,金錢,,,
72,林郁方,105年立法委員選舉,第三次賸餘,1070214,參加公職人員選舉使用支出,李星輝,A12*******,0.00,20000.00,工資或薪津,金錢,臺北市松山區****,,
73,林郁方,105年立法委員選舉,第三次賸餘,1070214,參加公職人員選舉使用支出,孫璐,A20*******,0.00,80000.00,工資或薪津,金錢,臺北市大安區****,,
74,林郁方,105年立法委員選舉,第三次賸餘,1070214,參加公職人員選舉使用支出,裘方彬,D12*******,0.00,26000.00,工資或薪津,金錢,新北市三重區****,,
75,林郁方,105年立法委員選舉,第三次賸餘,1070214,參加公職人員選舉使用支出,林靜枝,J22*******,0.00,65000.00,工資或薪津,金錢,臺北市中正區****,,
76,林郁方,105年立法委員選舉,第三次賸餘,1070214,參加公職人員選舉使用支出,張宏瑋,P12*******,0.00,35000.00,工資或薪津,金錢,臺北市內湖區****,,
77,林郁方,105年立法委員選舉,第三次賸餘,1070214,參加公職人員選舉使用支出,黃豐華,T20*******,0.00,26000.00,工資或薪津,金錢,新北市永和區****,,
78,林郁方,105年立法委員選舉,第三次賸餘,1070214,參加公職人員選舉使用支出,黃昱華,T20*******,0.00,85000.00,工資或薪津,金錢,臺北市大安區****,,
79,林郁方,105年立法委員選舉,第三次賸餘,1070221,參加公職人員選舉使用支出,7-11,53649857,0.00,536.00,餐飲支出,金錢,,,
80,林郁方,105年立法委員選舉,第三次賸餘,1070222,參加公職人員選舉使用支出,普驛實業有限公司,42656211,0.00,290.00,停車費,金錢,,,
81,林郁方,105年立法委員選舉,第三次賸餘,1070227,參加公職人員選舉使用支出,普驛實業有限公司,42656211,0.00,290.00,停車費,金錢,,,
82,林郁方,105年立法委員選舉,第三次賸餘,1070301,參加公職人員選舉使用支出,禾典實業有限公司,42382276,0.00,60.00,停車費,金錢,,,
83,林郁方,105年立法委員選舉,第三次賸餘,1070301,參加公職人員選舉使用支出,台灣中油-莒光路站,77144976,0.00,1580.00,油資,金錢,,,
84,林郁方,105年立法委員選舉,第三次賸餘,1070302,參加公職人員選舉使用支出,台北市停管處,,0.00,40.00,停車費,金錢,,,
85,林郁方,105年立法委員選舉,第三次賸餘,1070305,參加公職人員選舉使用支出,軒維小廚,26368868,0.00,11891.00,餐飲支出,金錢,臺北市大安區****,,
86,林郁方,105年立法委員選舉,第三次賸餘,1070306,參加公職人員選舉使用支出,台北市停管處,,0.00,15.00,停車費,金錢,,,
87,林郁方,105年立法委員選舉,第三次賸餘,1070307,參加公職人員選舉使用支出,台北市停管處,,0.00,125.00,停車費,金錢,,,
88,林郁方,105年立法委員選舉,第三次賸餘,1070307,參加公職人員選舉使用支出,台灣中油-內湖站,08590459,0.00,1430.00,油資,金錢,,,
89,林郁方,105年立法委員選舉,第三次賸餘,1070308,參加公職人員選舉使用支出,歐特儀股份有限公司,42388638,0.00,25.00,停車費,金錢,,,
90,林郁方,105年立法委員選舉,第三次賸餘,1070309,參加公職人員選舉使用支出,郵局,,0.00,24.00,郵資,金錢,,,
91,林郁方,105年立法委員選舉,第三次賸餘,1070309,參加公職人員選舉使用支出,台北市停管處,,0.00,45.00,停車費,金錢,,,
92,林郁方,105年立法委員選舉,第三次賸餘,1070312,參加公職人員選舉使用支出,台北市停管處,,0.00,60.00,停車費,金錢,,,
93,林郁方,105年立法委員選舉,第三次賸餘,1070312,參加公職人員選舉使用支出,史記精緻鴛鴦鍋,24758258,0.00,2122.00,餐飲支出,金錢,,,
94,林郁方,105年立法委員選舉,第三次賸餘,1070313,參加公職人員選舉使用支出,台灣中油-內湖站,08590459,0.00,1400.00,油資,金錢,,,
95,林郁方,105年立法委員選舉,第三次賸餘,1070313,參加公職人員選舉使用支出,阜爾停車事業股份有限公司,42331517,0.00,40.00,停車費,金錢,,,
96,林郁方,105年立法委員選舉,第三次賸餘,1070315,參加公職人員選舉使用支出,日月亭股份有限公司,72743754,0.00,50.00,停車費,金錢,,,
97,林郁方,105年立法委員選舉,第三次賸餘,1070315,參加公職人員選舉使用支出,李星輝,A12*******,0.00,20000.00,工資或薪津,金錢,臺北市松山區****,,
98,林郁方,105年立法委員選舉,第三次賸餘,1070315,參加公職人員選舉使用支出,孫璐,A20*******,0.00,80000.00,工資或薪津,金錢,臺北市大安區****,,
99,林郁方,105年立法委員選舉,第三次賸餘,1070315,參加公職人員選舉使用支出,裘方彬,D12*******,0.00,26000.00,工資或薪津,金錢,新北市三重區****,,
100,林郁方,105年立法委員選舉,第三次賸餘,1070315,參加公職人員選舉使用支出,林靜枝,J22*******,0.00,65000.00,工資或薪津,金錢,臺北市中正區****,,
101,林郁方,105年立法委員選舉,第三次賸餘,1070315,參加公職人員選舉使用支出,林冠勳,N12*******,0.00,20000.00,工資或薪津,金錢,臺北市中正區****,,
102,林郁方,105年立法委員選舉,第三次賸餘,1070315,參加公職人員選舉使用支出,張宏瑋,P12*******,0.00,35000.00,工資或薪津,金錢,臺北市內湖區****,,
103,林郁方,105年立法委員選舉,第三次賸餘,1070315,參加公職人員選舉使用支出,黃豐華,T20*******,0.00,26000.00,工資或薪津,金錢,新北市永和區****,,
104,林郁方,105年立法委員選舉,第三次賸餘,1070315,參加公職人員選舉使用支出,黃昱華,T20*******,0.00,85000.00,工資或薪津,金錢,臺北市大安區****,,
105,林郁方,105年立法委員選舉,第三次賸餘,1070316,參加公職人員選舉使用支出,台北市停管處,,0.00,45.00,停車費,金錢,,,
106,林郁方,105年立法委員選舉,第三次賸餘,1070316,參加公職人員選舉使用支出,歐特儀股份有限公司,42388638,0.00,75.00,停車費,金錢,,,
107,林郁方,105年立法委員選舉,第三次賸餘,1070318,參加公職人員選舉使用支出,台灣中油-莒光路站,77144976,0.00,1500.00,油資,金錢,,,
108,林郁方,105年立法委員選舉,第三次賸餘,1070321,參加公職人員選舉使用支出,台北市停管處,,0.00,75.00,停車費,金錢,,,
109,林郁方,105年立法委員選舉,第三次賸餘,1070322,參加公職人員選舉使用支出,台北市停管處,,0.00,60.00,停車費,金錢,,,
110,林郁方,105年立法委員選舉,第三次賸餘,1070323,參加公職人員選舉使用支出,星巴克,28440423,0.00,1267.00,雜項購置或修繕費用,金錢,,,
111,林郁方,105年立法委員選舉,第三次賸餘,1070324,參加公職人員選舉使用支出,台灣中油-吉林路站,01317126,0.00,1430.00,油資,金錢,,,
112,林郁方,105年立法委員選舉,第三次賸餘,1070324,參加公職人員選舉使用支出,榕樹下停車場,14733693,0.00,180.00,停車費,金錢,,,
113,林郁方,105年立法委員選舉,第三次賸餘,1070324,參加公職人員選舉使用支出,軒維小廚,26368868,0.00,27192.00,餐飲支出,金錢,臺北市大安區****,,
114,林郁方,105年立法委員選舉,第三次賸餘,1070326,參加公職人員選舉使用支出,軒維小廚,26368868,0.00,5093.00,餐飲支出,金錢,臺北市大安區****,,
115,林郁方,105年立法委員選舉,第三次賸餘,1070327,參加公職人員選舉使用支出,台北市停管處,,0.00,75.00,停車費,金錢,,,
116,林郁方,105年立法委員選舉,第三次賸餘,1070327,參加公職人員選舉使用支出,台北榮民總醫院停車場,01392665,0.00,40.00,停車費,金錢,,,
117,林郁方,105年立法委員選舉,第三次賸餘,1070329,參加公職人員選舉使用支出,郵局,,0.00,28.00,郵資,金錢,,,
118,林郁方,105年立法委員選舉,第三次賸餘,1070329,參加公職人員選舉使用支出,台北市停管處,,0.00,35.00,停車費,金錢,,,
119,林郁方,105年立法委員選舉,第三次賸餘,1070330,參加公職人員選舉使用支出,台北市停管處,,0.00,45.00,停車費,金錢,,,
120,林郁方,105年立法委員選舉,第三次賸餘,1070330,參加公職人員選舉使用支出,台灣中油-林森北路站,01490119,0.00,1440.00,油資,金錢,,,
121,林郁方,105年立法委員選舉,第三次賸餘,1070401,參加公職人員選舉使用支出,埃克夏有限公司,54184259,0.00,858.00,餐飲支出,金錢,,,
122,林郁方,105年立法委員選舉,第三次賸餘,1070401,參加公職人員選舉使用支出,府岸海產城,77875825,0.00,5000.00,餐飲支出,金錢,,,
123,林郁方,105年立法委員選舉,第三次賸餘,1070403,參加公職人員選舉使用支出,台北市停管處,,0.00,45.00,停車費,金錢,,,
124,林郁方,105年立法委員選舉,第三次賸餘,1070404,參加公職人員選舉使用支出,布蒞諾斯餐坊,42524009,0.00,890.00,餐飲支出,金錢,,,
125,林郁方,105年立法委員選舉,第三次賸餘,1070406,參加公職人員選舉使用支出,台灣中油-林森北路站,01490119,0.00,1410.00,油資,金錢,,,
126,林郁方,105年立法委員選舉,第三次賸餘,1070407,參加公職人員選舉使用支出,呂桑小吃店,17738377,0.00,1605.00,餐飲支出,金錢,,,
127,林郁方,105年立法委員選舉,第三次賸餘,1070409,參加公職人員選舉使用支出,台北榮民總醫院停車場,01392665,0.00,60.00,停車費,金錢,,,
128,林郁方,105年立法委員選舉,第三次賸餘,1070409,參加公職人員選舉使用支出,蕎希車工商行,42338125,0.00,1000.00,雜項購置或修繕費用,金錢,,,
129,林郁方,105年立法委員選舉,第三次賸餘,1070409,參加公職人員選舉使用支出,CAMA CAFE,42651320,0.00,630.00,雜項購置或修繕費用,金錢,,,
130,林郁方,105年立法委員選舉,第三次賸餘,1070409,參加公職人員選舉使用支出,台灣中油-莒光路加油站,77144976,0.00,1115.00,油資,金錢,,,
131,林郁方,105年立法委員選舉,第三次賸餘,1070411,參加公職人員選舉使用支出,台灣中油-內湖站,08590459,0.00,1420.00,油資,金錢,,,
132,林郁方,105年立法委員選舉,第三次賸餘,1070412,參加公職人員選舉使用支出,台北市停管處,,0.00,30.00,停車費,金錢,,,
133,林郁方,105年立法委員選舉,第三次賸餘,1070413,參加公職人員選舉使用支出,台北市停管處,,0.00,75.00,停車費,金錢,,,
134,林郁方,105年立法委員選舉,第三次賸餘,1070413,參加公職人員選舉使用支出,帕諾斯有限公司,53322310,0.00,310.00,餐飲支出,金錢,,,
135,林郁方,105年立法委員選舉,第三次賸餘,1070413,參加公職人員選舉使用支出,府岸海產城,77875825,0.00,2990.00,餐飲支出,金錢,,,
136,林郁方,105年立法委員選舉,第三次賸餘,1070414,參加公職人員選舉使用支出,台北市停管處,,0.00,45.00,停車費,金錢,,,
137,林郁方,105年立法委員選舉,第三次賸餘,1070415,參加公職人員選舉使用支出,瓦城泰統股份有限公司,24707961,0.00,6381.00,餐飲支出,金錢,,,
138,林郁方,105年立法委員選舉,第三次賸餘,1070415,參加公職人員選舉使用支出,埃克夏有限公司,54184259,0.00,308.00,餐飲支出,金錢,,,
139,林郁方,105年立法委員選舉,第三次賸餘,1070415,參加公職人員選舉使用支出,明星西點食品有限公司,54332028,0.00,650.00,聯誼交際費用,金錢,,,
140,林郁方,105年立法委員選舉,第三次賸餘,1070415,參加公職人員選舉使用支出,李星輝,A12*******,0.00,20000.00,工資或薪津,金錢,臺北市松山區****,,
141,林郁方,105年立法委員選舉,第三次賸餘,1070415,參加公職人員選舉使用支出,孫璐,A20*******,0.00,80000.00,工資或薪津,金錢,臺北市大安區****,,
142,林郁方,105年立法委員選舉,第三次賸餘,1070415,參加公職人員選舉使用支出,裘方彬,D12*******,0.00,26000.00,工資或薪津,金錢,新北市三重區****,,
143,林郁方,105年立法委員選舉,第三次賸餘,1070415,參加公職人員選舉使用支出,林靜枝,J22*******,0.00,65000.00,工資或薪津,金錢,臺北市中正區****,,
144,林郁方,105年立法委員選舉,第三次賸餘,1070415,參加公職人員選舉使用支出,林冠勳,N12*******,0.00,20000.00,工資或薪津,金錢,臺北市中正區****,,
145,林郁方,105年立法委員選舉,第三次賸餘,1070415,參加公職人員選舉使用支出,張宏瑋,P12*******,0.00,35000.00,工資或薪津,金錢,臺北市內湖區****,,
146,林郁方,105年立法委員選舉,第三次賸餘,1070415,參加公職人員選舉使用支出,黃豐華,T20*******,0.00,26000.00,工資或薪津,金錢,新北市永和區****,,
147,林郁方,105年立法委員選舉,第三次賸餘,1070415,參加公職人員選舉使用支出,黃昱華,T20*******,0.00,85000.00,工資或薪津,金錢,臺北市大安區****,,
148,林郁方,105年立法委員選舉,第三次賸餘,1070416,參加公職人員選舉使用支出,台北市停管處,,0.00,90.00,停車費,金錢,,,
149,林郁方,105年立法委員選舉,第三次賸餘,1070416,參加公職人員選舉使用支出,嘟嘟房,42484554,0.00,60.00,停車費,金錢,,,
150,林郁方,105年立法委員選舉,第三次賸餘,1070416,參加公職人員選舉使用支出,鼎泰豐,86125275,0.00,500.00,餐飲支出,金錢,,,
151,林郁方,105年立法委員選舉,第三次賸餘,1070417,參加公職人員選舉使用支出,台北市停管處,,0.00,15.00,停車費,金錢,,,
152,林郁方,105年立法委員選舉,第三次賸餘,1070417,參加公職人員選舉使用支出,台灣中油-林森北路站,01490119,0.00,1500.00,油資,金錢,,,
153,林郁方,105年立法委員選舉,第三次賸餘,1070418,參加公職人員選舉使用支出,台北市停管處,,0.00,55.00,停車費,金錢,,,
154,林郁方,105年立法委員選舉,第三次賸餘,1070419,參加公職人員選舉使用支出,台北市停管處,,0.00,30.00,停車費,金錢,,,
155,林郁方,105年立法委員選舉,第三次賸餘,1070419,參加公職人員選舉使用支出,CAMA CAFE,42651320,0.00,960.00,雜項購置或修繕費用,金錢,,,
156,林郁方,105年立法委員選舉,第三次賸餘,1070420,參加公職人員選舉使用支出,台北市停管處,,0.00,60.00,停車費,金錢,,,
157,林郁方,105年立法委員選舉,第三次賸餘,1070421,參加公職人員選舉使用支出,台北市停管處,,0.00,45.00,停車費,金錢,,,
158,林郁方,105年立法委員選舉,第三次賸餘,1070421,參加公職人員選舉使用支出,上允創作料理有限公司,27749845,0.00,10230.00,餐飲支出,金錢,臺北市大安區****,,
159,林郁方,105年立法委員選舉,第三次賸餘,1070422,參加公職人員選舉使用支出,川味老張牛肉麵店,01776347,0.00,470.00,餐飲支出,金錢,,,
160,林郁方,105年立法委員選舉,第三次賸餘,1070422,參加公職人員選舉使用支出,墊腳石,12852736,0.00,120.00,文具用品費用,金錢,,,
161,林郁方,105年立法委員選舉,第三次賸餘,1070422,參加公職人員選舉使用支出,台灣中油-埔墘加油站,95867072,0.00,1033.00,油資,金錢,,,
162,林郁方,105年立法委員選舉,第三次賸餘,1070423,參加公職人員選舉使用支出,台灣中油-林森北路站,01490119,0.00,1480.00,油資,金錢,,,
163,林郁方,105年立法委員選舉,第三次賸餘,1070423,參加公職人員選舉使用支出,國雲公寓大廈管理維護(股)信義D1場,31995636,0.00,45.00,停車費,金錢,,,
164,林郁方,105年立法委員選舉,第三次賸餘,1070424,參加公職人員選舉使用支出,台北市停管處,,0.00,125.00,停車費,金錢,,,
165,林郁方,105年立法委員選舉,第三次賸餘,1070425,參加公職人員選舉使用支出,台北市停管處,,0.00,15.00,停車費,金錢,,,
166,林郁方,105年立法委員選舉,第三次賸餘,1070425,參加公職人員選舉使用支出,蕎希車工商行,42338125,0.00,1200.00,雜項購置或修繕費用,金錢,,,
167,林郁方,105年立法委員選舉,第三次賸餘,1070426,參加公職人員選舉使用支出,大筷牛肉麵店,29238171,0.00,1000.00,餐飲支出,金錢,,,
168,林郁方,105年立法委員選舉,第三次賸餘,1070427,參加公職人員選舉使用支出,台北市停管處,,0.00,60.00,停車費,金錢,,,
169,林郁方,105年立法委員選舉,第三次賸餘,1070429,參加公職人員選舉使用支出,台北市停管處,,0.00,45.00,停車費,金錢,,,
170,林郁方,105年立法委員選舉,第三次賸餘,1070429,參加公職人員選舉使用支出,台灣中油-金山南路加油站,01802133,0.00,1310.00,油資,金錢,,,
171,林郁方,105年立法委員選舉,第三次賸餘,1070430,參加公職人員選舉使用支出,台北市停管處,,0.00,30.00,停車費,金錢,,,
172,林郁方,105年立法委員選舉,第三次賸餘,1070502,參加公職人員選舉使用支出,台北市停管處,,0.00,60.00,停車費,金錢,,,
173,林郁方,105年立法委員選舉,第三次賸餘,1070502,參加公職人員選舉使用支出,中興電工機械(股)公司,80029824,0.00,200.00,停車費,金錢,,,
174,林郁方,105年立法委員選舉,第三次賸餘,1070502,參加公職人員選舉使用支出,俥亭停車事業(股),99818166,0.00,90.00,停車費,金錢,,,
175,林郁方,105年立法委員選舉,第三次賸餘,1070503,參加公職人員選舉使用支出,台北市停管處,,0.00,15.00,停車費,金錢,,,
176,林郁方,105年立法委員選舉,第三次賸餘,1070503,參加公職人員選舉使用支出,德忞食館,83933801,0.00,860.00,餐飲支出,金錢,,,
177,林郁方,105年立法委員選舉,第三次賸餘,1070504,參加公職人員選舉使用支出,台北市停管處,,0.00,60.00,停車費,金錢,,,
178,林郁方,105年立法委員選舉,第三次賸餘,1070504,參加公職人員選舉使用支出,台北市榮民總醫院停車場,01392665,0.00,40.00,停車費,金錢,,,
179,林郁方,105年立法委員選舉,第三次賸餘,1070504,參加公職人員選舉使用支出,台灣中油-內湖站,08590459,0.00,1460.00,油資,金錢,,,
180,林郁方,105年立法委員選舉,第三次賸餘,1070505,參加公職人員選舉使用支出,豐盛小吃店,25552731,0.00,2550.00,餐飲支出,金錢,,,
181,林郁方,105年立法委員選舉,第三次賸餘,1070506,參加公職人員選舉使用支出,運浩泰式料理,52660270,0.00,660.00,餐飲支出,金錢,,,
182,林郁方,105年立法委員選舉,第三次賸餘,1070507,參加公職人員選舉使用支出,台北市停管處,,0.00,55.00,停車費,金錢,,,
183,林郁方,105年立法委員選舉,第三次賸餘,1070507,參加公職人員選舉使用支出,中華郵政,,0.00,44.00,郵資,金錢,,,
184,林郁方,105年立法委員選舉,第三次賸餘,1070508,參加公職人員選舉使用支出,台北市停管處,,0.00,60.00,停車費,金錢,,,
185,林郁方,105年立法委員選舉,第三次賸餘,1070508,參加公職人員選舉使用支出,岳陽(股),42403618,0.00,40.00,停車費,金錢,,,
186,林郁方,105年立法委員選舉,第三次賸餘,1070508,參加公職人員選舉使用支出,台灣中油-莒光路站,77144976,0.00,1030.00,油資,金錢,,,
187,林郁方,105年立法委員選舉,第三次賸餘,1070509,參加公職人員選舉使用支出,全國港墘路加油站,31995832,0.00,1400.00,油資,金錢,,,
188,林郁方,105年立法委員選舉,第三次賸餘,1070509,參加公職人員選舉使用支出,富督企業有限公司,42614135,0.00,20.00,停車費,金錢,,,
189,林郁方,105年立法委員選舉,第三次賸餘,1070509,參加公職人員選舉使用支出,俥亭停車事業(股),99818166,0.00,85.00,停車費,金錢,,,
190,林郁方,105年立法委員選舉,第三次賸餘,1070510,參加公職人員選舉使用支出,台北市停管處,,0.00,40.00,停車費,金錢,,,
191,林郁方,105年立法委員選舉,第三次賸餘,1070510,參加公職人員選舉使用支出,軒維小廚,26368868,0.00,7491.00,餐飲支出,金錢,臺北市大安區****,,
192,林郁方,105年立法委員選舉,第三次賸餘,1070510,參加公職人員選舉使用支出,岳陽(股),42331495,0.00,100.00,停車費,金錢,,,
193,林郁方,105年立法委員選舉,第三次賸餘,1070512,參加公職人員選舉使用支出,台北市停管處,,0.00,105.00,停車費,金錢,,,
194,林郁方,105年立法委員選舉,第三次賸餘,1070513,參加公職人員選舉使用支出,CITYLINK 南港店,28449085,0.00,850.00,餐飲支出,金錢,,,
195,林郁方,105年立法委員選舉,第三次賸餘,1070514,參加公職人員選舉使用支出,台灣中油-林森北路站,01490119,0.00,1410.00,油資,金錢,,,
196,林郁方,105年立法委員選舉,第三次賸餘,1070514,參加公職人員選舉使用支出,俥亭停車事業(股),99818166,0.00,150.00,停車費,金錢,,,
197,林郁方,105年立法委員選舉,第三次賸餘,1070515,參加公職人員選舉使用支出,軒維小廚,26368868,0.00,12639.00,餐飲支出,金錢,臺北市大安區****,,
198,林郁方,105年立法委員選舉,第三次賸餘,1070515,參加公職人員選舉使用支出,李星輝,A12*******,0.00,20000.00,工資或薪津,金錢,臺北市松山區****,,
199,林郁方,105年立法委員選舉,第三次賸餘,1070515,參加公職人員選舉使用支出,孫璐,A20*******,0.00,80000.00,工資或薪津,金錢,臺北市大安區****,,
200,林郁方,105年立法委員選舉,第三次賸餘,1070515,參加公職人員選舉使用支出,裘方彬,D12*******,0.00,26000.00,工資或薪津,金錢,新北市三重區****,,
201,林郁方,105年立法委員選舉,第三次賸餘,1070515,參加公職人員選舉使用支出,林靜枝,J22*******,0.00,65000.00,工資或薪津,金錢,臺北市中正區****,,
202,林郁方,105年立法委員選舉,第三次賸餘,1070515,參加公職人員選舉使用支出,林冠勳,N12*******,0.00,20000.00,工資或薪津,金錢,臺北市中正區****,,
203,林郁方,105年立法委員選舉,第三次賸餘,1070515,參加公職人員選舉使用支出,張宏瑋,P12*******,0.00,35000.00,工資或薪津,金錢,臺北市內湖區****,,
204,林郁方,105年立法委員選舉,第三次賸餘,1070515,參加公職人員選舉使用支出,黃豐華,T20*******,0.00,26000.00,工資或薪津,金錢,新北市永和區****,,
205,林郁方,105年立法委員選舉,第三次賸餘,1070515,參加公職人員選舉使用支出,黃昱華,T20*******,0.00,85000.00,工資或薪津,金錢,臺北市大安區****,,
206,林郁方,105年立法委員選舉,第三次賸餘,1070516,參加公職人員選舉使用支出,台北市停管處,,0.00,155.00,停車費,金錢,,,
207,林郁方,105年立法委員選舉,第三次賸餘,1070516,參加公職人員選舉使用支出,計程車358-L6,,0.00,350.00,搭乘交通工具支出,金錢,,,
208,林郁方,105年立法委員選舉,第三次賸餘,1070517,參加公職人員選舉使用支出,台灣中油-埔墘加油站,95867072,0.00,1255.00,油資,金錢,,,
209,林郁方,105年立法委員選舉,第三次賸餘,1070518,參加公職人員選舉使用支出,台北市榮民總醫院停車場,01392665,0.00,120.00,停車費,金錢,,,
210,林郁方,105年立法委員選舉,第三次賸餘,1070519,參加公職人員選舉使用支出,計程車446-YH,,0.00,195.00,搭乘交通工具支出,金錢,,,
211,林郁方,105年立法委員選舉,第三次賸餘,1070519,參加公職人員選舉使用支出,計程車TDD-5192,,0.00,210.00,搭乘交通工具支出,金錢,,,
212,林郁方,105年立法委員選舉,第三次賸餘,1070519,參加公職人員選舉使用支出,若拙餐飲有限公司,24559814,0.00,2944.00,餐飲支出,金錢,臺北市大安區****,,
213,林郁方,105年立法委員選舉,第三次賸餘,1070519,參加公職人員選舉使用支出,北都汽車股份有限公司南港分公司,53675708,0.00,66421.00,雜項購置或修繕費用,金錢,臺北市南港區****,,
214,林郁方,105年立法委員選舉,第三次賸餘,1070521,參加公職人員選舉使用支出,中油郵政,,0.00,24.00,郵資,金錢,,,
215,林郁方,105年立法委員選舉,第三次賸餘,1070521,參加公職人員選舉使用支出,岳陽(股),42525844,0.00,45.00,停車費,金錢,,,
216,林郁方,105年立法委員選舉,第三次賸餘,1070521,參加公職人員選舉使用支出,全國民權加油站,80983159,0.00,1650.00,油資,金錢,,,
217,林郁方,105年立法委員選舉,第三次賸餘,1070522,參加公職人員選舉使用支出,台北市停管處,,0.00,70.00,停車費,金錢,,,
218,林郁方,105年立法委員選舉,第三次賸餘,1070522,參加公職人員選舉使用支出,台北市榮民總醫院停車場,01392665,0.00,80.00,停車費,金錢,,,
219,林郁方,105年立法委員選舉,第三次賸餘,1070522,參加公職人員選舉使用支出,台灣中油-菜寮站,35873212,0.00,1000.00,油資,金錢,,,
220,林郁方,105年立法委員選舉,第三次賸餘,1070523,參加公職人員選舉使用支出,台北市停管處,,0.00,30.00,停車費,金錢,,,
221,林郁方,105年立法委員選舉,第三次賸餘,1070523,參加公職人員選舉使用支出,俥亭停車事業(股),99818166,0.00,150.00,停車費,金錢,,,
222,林郁方,105年立法委員選舉,第三次賸餘,1070524,參加公職人員選舉使用支出,計程車TDF3571,,0.00,115.00,搭乘交通工具支出,金錢,,,
223,林郁方,105年立法委員選舉,第三次賸餘,1070524,參加公職人員選舉使用支出,北都汽車股份有限公司南港分公司,53675708,0.00,23715.00,雜項購置或修繕費用,金錢,臺北市內湖區****,,
224,林郁方,105年立法委員選舉,第三次賸餘,1070525,參加公職人員選舉使用支出,台北市停管處,,0.00,45.00,停車費,金錢,,,
225,林郁方,105年立法委員選舉,第三次賸餘,1070525,參加公職人員選舉使用支出,台北市榮民總醫院停車場,01392665,0.00,60.00,停車費,金錢,,,
226,林郁方,105年立法委員選舉,第三次賸餘,1070526,參加公職人員選舉使用支出,台北市停管處,,0.00,45.00,停車費,金錢,,,
227,林郁方,105年立法委員選舉,第三次賸餘,1070527,參加公職人員選舉使用支出,台北市停管處,,0.00,45.00,停車費,金錢,,,
228,林郁方,105年立法委員選舉,第三次賸餘,1070527,參加公職人員選舉使用支出,台灣中油-吉林路站,01317126,0.00,1680.00,油資,金錢,,,
229,林郁方,105年立法委員選舉,第三次賸餘,1070528,參加公職人員選舉使用支出,鼎泰豐,86125275,0.00,500.00,餐飲支出,金錢,,,
230,林郁方,105年立法委員選舉,第三次賸餘,1070529,參加公職人員選舉使用支出,台北市停管處,,0.00,135.00,停車費,金錢,,,
231,林郁方,105年立法委員選舉,第三次賸餘,1070529,參加公職人員選舉使用支出,歐特儀股份有限公司,42388721,0.00,25.00,停車費,金錢,,,
232,林郁方,105年立法委員選舉,第三次賸餘,1070530,參加公職人員選舉使用支出,達誠企業社,26371723,0.00,618.00,雜項購置或修繕費用,金錢,,,
233,林郁方,105年立法委員選舉,第三次賸餘,1070531,參加公職人員選舉使用支出,闔家生活開發有限公司,53928416,0.00,300.00,餐飲支出,金錢,,,
234,林郁方,105年立法委員選舉,第三次賸餘,1070601,參加公職人員選舉使用支出,台灣中油-內湖站,08590459,0.00,1630.00,油資,金錢,,,
235,林郁方,105年立法委員選舉,第三次賸餘,1070602,參加公職人員選舉使用支出,台北市停管處,,0.00,60.00,停車費,金錢,,,
236,林郁方,105年立法委員選舉,第三次賸餘,1070602,參加公職人員選舉使用支出,紅騷羊肉麵,17538167,0.00,730.00,餐飲支出,金錢,,,
237,林郁方,105年立法委員選舉,第三次賸餘,1070602,參加公職人員選舉使用支出,永康街Together,26546892,0.00,320.00,餐飲支出,金錢,,,
238,林郁方,105年立法委員選舉,第三次賸餘,1070603,參加公職人員選舉使用支出,勺勺客有限公司,27328083,0.00,1800.00,餐飲支出,金錢,,,
239,林郁方,105年立法委員選舉,第三次賸餘,1070604,參加公職人員選舉使用支出,台北市自來水事業處自來水園區,18396953,0.00,45.00,停車費,金錢,,,
240,林郁方,105年立法委員選舉,第三次賸餘,1070605,參加公職人員選舉使用支出,台北市停管處,,0.00,45.00,停車費,金錢,,,
241,林郁方,105年立法委員選舉,第三次賸餘,1070606,參加公職人員選舉使用支出,台北市停管處,,0.00,30.00,停車費,金錢,,,
242,林郁方,105年立法委員選舉,第三次賸餘,1070606,參加公職人員選舉使用支出,全國民權加油站,80983159,0.00,1560.00,油資,金錢,,,
243,林郁方,105年立法委員選舉,第三次賸餘,1070607,參加公職人員選舉使用支出,易花網花苑,25570772,0.00,4000.00,雜項購置或修繕費用,金錢,,,
244,林郁方,105年立法委員選舉,第三次賸餘,1070607,參加公職人員選舉使用支出,大筷牛肉麵店,29238171,0.00,750.00,餐飲支出,金錢,,,
245,林郁方,105年立法委員選舉,第三次賸餘,1070609,參加公職人員選舉使用支出,泰讚小吃店,13445033,0.00,450.00,餐飲支出,金錢,,,
246,林郁方,105年立法委員選舉,第三次賸餘,1070610,參加公職人員選舉使用支出,台灣中油-新生南路站,01802128,0.00,1640.00,油資,金錢,,,
247,林郁方,105年立法委員選舉,第三次賸餘,1070611,參加公職人員選舉使用支出,良友汽車工業(股)-代收監理所驗車費用,20988980,0.00,450.00,代收監理所驗車費用,金錢,臺北市南港區****,0-27*****,
248,林郁方,105年立法委員選舉,第三次賸餘,1070611,參加公職人員選舉使用支出,俥亭停車事業(股),99818166,0.00,75.00,停車費,金錢,,,
249,林郁方,105年立法委員選舉,第三次賸餘,1070612,參加公職人員選舉使用支出,上允製作料理有限公司,27749845,0.00,23374.00,餐飲支出,金錢,臺北市大安區****,,
250,林郁方,105年立法委員選舉,第三次賸餘,1070613,參加公職人員選舉使用支出,台北市停管處,,0.00,85.00,停車費,金錢,,,
251,林郁方,105年立法委員選舉,第三次賸餘,1070613,參加公職人員選舉使用支出,易花網花苑,25570772,0.00,4000.00,雜項購置或修繕費用,金錢,臺北市中正區****,,
252,林郁方,105年立法委員選舉,第三次賸餘,1070614,參加公職人員選舉使用支出,郵局,,0.00,33.00,郵資,金錢,,,
253,林郁方,105年立法委員選舉,第三次賸餘,1070614,參加公職人員選舉使用支出,大筷牛肉麵店,29238171,0.00,600.00,餐飲支出,金錢,,,
254,林郁方,105年立法委員選舉,第三次賸餘,1070614,參加公職人員選舉使用支出,台灣中油-埔墘加油站,95867072,0.00,1021.00,油資,金錢,,,
255,林郁方,105年立法委員選舉,第三次賸餘,1070615,參加公職人員選舉使用支出,E-TAG-5713-YZ,,0.00,200.00,高速公路通行費,金錢,,,
256,林郁方,105年立法委員選舉,第三次賸餘,1070615,參加公職人員選舉使用支出,台北市停管處,,0.00,60.00,停車費,金錢,,,
257,林郁方,105年立法委員選舉,第三次賸餘,1070615,參加公職人員選舉使用支出,易花網花苑,25570772,0.00,5000.00,雜項購置或修繕費用,金錢,臺北市中正區****,,
258,林郁方,105年立法委員選舉,第三次賸餘,1070615,參加公職人員選舉使用支出,台灣中油-民生東路站,78334051,0.00,1630.00,油資,金錢,,,
259,林郁方,105年立法委員選舉,第三次賸餘,1070615,參加公職人員選舉使用支出,俥亭停車事業(股),99818166,0.00,150.00,停車費,金錢,,,
260,林郁方,105年立法委員選舉,第三次賸餘,1070615,參加公職人員選舉使用支出,李星輝,A12*******,0.00,20000.00,工資或薪津,金錢,臺北市松山區****,,
261,林郁方,105年立法委員選舉,第三次賸餘,1070615,參加公職人員選舉使用支出,王邦竣,A12*******,0.00,20000.00,工資或薪津,金錢,臺北市萬華區****,,
262,林郁方,105年立法委員選舉,第三次賸餘,1070615,參加公職人員選舉使用支出,孫璐,A20*******,0.00,80000.00,工資或薪津,金錢,臺北市大安區****,,
263,林郁方,105年立法委員選舉,第三次賸餘,1070615,參加公職人員選舉使用支出,裘方彬,D12*******,0.00,26000.00,工資或薪津,金錢,新北市三重區****,,
264,林郁方,105年立法委員選舉,第三次賸餘,1070615,參加公職人員選舉使用支出,林靜枝,J22*******,0.00,65000.00,工資或薪津,金錢,臺北市中正區****,,
265,林郁方,105年立法委員選舉,第三次賸餘,1070615,參加公職人員選舉使用支出,林冠勳,N12*******,0.00,20000.00,工資或薪津,金錢,臺北市中正區****,,
266,林郁方,105年立法委員選舉,第三次賸餘,1070615,參加公職人員選舉使用支出,張宏瑋,P12*******,0.00,35000.00,工資或薪津,金錢,臺北市內湖區****,,
267,林郁方,105年立法委員選舉,第三次賸餘,1070615,參加公職人員選舉使用支出,黃豐華,T20*******,0.00,26000.00,工資或薪津,金錢,新北市永和區****,,
268,林郁方,105年立法委員選舉,第三次賸餘,1070615,參加公職人員選舉使用支出,黃昱華,T20*******,0.00,85000.00,工資或薪津,金錢,臺北市大安區****,,
269,林郁方,105年立法委員選舉,第三次賸餘,1070616,參加公職人員選舉使用支出,豐盛小吃店,25552731,0.00,1400.00,餐飲支出,金錢,,,
270,林郁方,105年立法委員選舉,第三次賸餘,1070616,參加公職人員選舉使用支出,閤家生活開發有限公司,53928416,0.00,528.00,餐飲支出,金錢,,,
271,林郁方,105年立法委員選舉,第三次賸餘,1070617,參加公職人員選舉使用支出,台亞石油,21590045,0.00,1000.00,油資,金錢,,,
272,林郁方,105年立法委員選舉,第三次賸餘,1070617,參加公職人員選舉使用支出,埃克夏有限公司,54184259,0.00,319.00,餐飲支出,金錢,,,
273,林郁方,105年立法委員選舉,第三次賸餘,1070619,參加公職人員選舉使用支出,郵局,,0.00,28.00,郵資,金錢,,,
274,林郁方,105年立法委員選舉,第三次賸餘,1070619,參加公職人員選舉使用支出,誠記越南麵食館,27157172,0.00,380.00,餐飲支出,金錢,,,
275,林郁方,105年立法委員選舉,第三次賸餘,1070619,參加公職人員選舉使用支出,俥亭停車事業(股),99818166,0.00,45.00,停車費,金錢,,,
276,林郁方,105年立法委員選舉,第三次賸餘,1070620,參加公職人員選舉使用支出,台北市停管處,,0.00,45.00,停車費,金錢,,,
277,林郁方,105年立法委員選舉,第三次賸餘,1070620,參加公職人員選舉使用支出,全國民權加油站,80983159,0.00,1501.00,油資,金錢,,,
278,林郁方,105年立法委員選舉,第三次賸餘,1070621,參加公職人員選舉使用支出,辰維科技工程有限公司龜山公12停車場,47991158,0.00,45.00,停車費,金錢,,,
279,林郁方,105年立法委員選舉,第三次賸餘,1070622,參加公職人員選舉使用支出,展碁國際(股),20773257,0.00,1490.00,雜項購置或修繕費用,金錢,,,
280,林郁方,105年立法委員選舉,第三次賸餘,1070622,參加公職人員選舉使用支出,大筷牛肉麵店,29238171,0.00,680.00,餐飲支出,金錢,,,
281,林郁方,105年立法委員選舉,第三次賸餘,1070623,參加公職人員選舉使用支出,台北市停管處,,0.00,30.00,停車費,金錢,,,
282,林郁方,105年立法委員選舉,第三次賸餘,1070624,參加公職人員選舉使用支出,台灣中油-光復北路站,01606343,0.00,1600.00,油資,金錢,,,
283,林郁方,105年立法委員選舉,第三次賸餘,1070624,參加公職人員選舉使用支出,韓鮮亭小吃店,18089239,0.00,1150.00,餐飲支出,金錢,,,
284,林郁方,105年立法委員選舉,第三次賸餘,1070624,參加公職人員選舉使用支出,若拙餐飲有限公司,24559814,0.00,1294.00,餐飲支出,金錢,臺北市大安區****,,
285,林郁方,105年立法委員選舉,第三次賸餘,1070625,參加公職人員選舉使用支出,台灣微軟(股),23525730,0.00,3190.00,雜項購置或修繕費用,金錢,,,
286,林郁方,105年立法委員選舉,第三次賸餘,1070625,參加公職人員選舉使用支出,日月亭(股),72743754,0.00,90.00,停車費,金錢,,,
287,林郁方,105年立法委員選舉,第三次賸餘,1070626,參加公職人員選舉使用支出,百荷企業有限公司,23892622,0.00,182.00,文具用品費用,金錢,,,
288,林郁方,105年立法委員選舉,第三次賸餘,1070627,參加公職人員選舉使用支出,計程車TDF8096,,0.00,130.00,搭乘交通工具支出,金錢,,,
289,林郁方,105年立法委員選舉,第三次賸餘,1070627,參加公職人員選舉使用支出,新自然烘培工坊,26369276,0.00,212.00,雜項購置或修繕費用,金錢,,,
290,林郁方,105年立法委員選舉,第三次賸餘,1070627,參加公職人員選舉使用支出,磐石坊有限公司,52921864,0.00,1400.00,餐飲支出,金錢,,,
291,林郁方,105年立法委員選舉,第三次賸餘,1070627,參加公職人員選舉使用支出,中興電工機械(股),80029824,0.00,100.00,停車費,金錢,,,
292,林郁方,105年立法委員選舉,第三次賸餘,1070628,參加公職人員選舉使用支出,台北市停管處,,0.00,30.00,停車費,金錢,,,
293,林郁方,105年立法委員選舉,第三次賸餘,1070628,參加公職人員選舉使用支出,台灣中油-光復北路站,01606343,0.00,1600.00,油資,金錢,,,
294,林郁方,105年立法委員選舉,第三次賸餘,1070629,參加公職人員選舉使用支出,台北市停管處,,0.00,60.00,停車費,金錢,,,
295,林郁方,105年立法委員選舉,第三次賸餘,1070629,參加公職人員選舉使用支出,金華築地壽司本舖,42344956,0.00,1980.00,餐飲支出,金錢,,,
296,林郁方,105年立法委員選舉,第三次賸餘,1070629,參加公職人員選舉使用支出,俥亭停車事業(股),99818166,0.00,225.00,停車費,金錢,,,
297,林郁方,105年立法委員選舉,第三次賸餘,1070630,參加公職人員選舉使用支出,馮記上海小館,19757413,0.00,24860.00,餐飲支出,金錢,新北市永和區****,,
298,林郁方,105年立法委員選舉,第三次賸餘,1070701,參加公職人員選舉使用支出,秀蘭美食文化有限公司,24322213,0.00,980.00,餐飲支出,金錢,,,
299,林郁方,105年立法委員選舉,第三次賸餘,1070701,參加公職人員選舉使用支出,台灣中油-莒光路站,77144976,0.00,1500.00,油資,金錢,,,
300,林郁方,105年立法委員選舉,第三次賸餘,1070702,參加公職人員選舉使用支出,蕎希車工商行,42338125,0.00,1200.00,雜項購置或修繕費用,金錢,,,
301,林郁方,105年立法委員選舉,第三次賸餘,1070703,參加公職人員選舉使用支出,榮帝科技(股)喜來登停車場,42439995,0.00,120.00,停車費,金錢,,,
302,林郁方,105年立法委員選舉,第三次賸餘,1070704,參加公職人員選舉使用支出,台北市停管處,,0.00,80.00,停車費,金錢,,,
303,林郁方,105年立法委員選舉,第三次賸餘,1070705,參加公職人員選舉使用支出,易花網花苑,25570772,0.00,3000.00,雜項購置或修繕費用,金錢,臺北市中正區****,,
304,林郁方,105年立法委員選舉,第三次賸餘,1070705,參加公職人員選舉使用支出,普客二四停車場(股),28858068,0.00,70.00,停車費,金錢,,,
305,林郁方,105年立法委員選舉,第三次賸餘,1070705,參加公職人員選舉使用支出,岳陽(股)北醫營運處,42403618,0.00,40.00,停車費,金錢,,,
306,林郁方,105年立法委員選舉,第三次賸餘,1070705,參加公職人員選舉使用支出,沐樂有限公司信義分公司,42631839,0.00,260.00,餐飲支出,金錢,,,
307,林郁方,105年立法委員選舉,第三次賸餘,1070706,參加公職人員選舉使用支出,台北市停管處,,0.00,75.00,停車費,金錢,,,
308,林郁方,105年立法委員選舉,第三次賸餘,1070706,參加公職人員選舉使用支出,易花網花苑,25570772,0.00,2000.00,雜項購置或修繕費用,金錢,臺北市中正區****,,
309,林郁方,105年立法委員選舉,第三次賸餘,1070706,參加公職人員選舉使用支出,全國民權加油站,80983159,0.00,1600.00,油資,金錢,,,
310,林郁方,105年立法委員選舉,第三次賸餘,1070706,參加公職人員選舉使用支出,十方禮儀企業有限公司,97297963,0.00,2000.00,雜項購置或修繕費用,金錢,,,
311,林郁方,105年立法委員選舉,第三次賸餘,1070708,參加公職人員選舉使用支出,呂桑小吃店,17738377,0.00,725.00,餐飲支出,金錢,,,
312,林郁方,105年立法委員選舉,第三次賸餘,1070708,參加公職人員選舉使用支出,若拙餐飲有限公司,24559814,0.00,4778.00,餐飲支出,金錢,臺北市大安區****,,
313,林郁方,105年立法委員選舉,第三次賸餘,1070710,參加公職人員選舉使用支出,台北市停管處,,0.00,150.00,停車費,金錢,,,
314,林郁方,105年立法委員選舉,第三次賸餘,1070710,參加公職人員選舉使用支出,台灣中油-永和永利路站,66902331,0.00,600.00,油資,金錢,,,
315,林郁方,105年立法委員選舉,第三次賸餘,1070711,參加公職人員選舉使用支出,台北榮民總醫院停車場,01392665,0.00,60.00,停車費,金錢,,,
316,林郁方,105年立法委員選舉,第三次賸餘,1070711,參加公職人員選舉使用支出,秀蘭美食文化有限公司,24322213,0.00,1650.00,餐飲支出,金錢,,,
317,林郁方,105年立法委員選舉,第三次賸餘,1070712,參加公職人員選舉使用支出,台北市停管處,,0.00,15.00,停車費,金錢,,,
318,林郁方,105年立法委員選舉,第三次賸餘,1070712,參加公職人員選舉使用支出,台灣中油-內湖站,08590459,0.00,1700.00,油資,金錢,,,
319,林郁方,105年立法委員選舉,第三次賸餘,1070712,參加公職人員選舉使用支出,普客二四停車場(股),28858068,0.00,180.00,停車費,金錢,,,
320,林郁方,105年立法委員選舉,第三次賸餘,1070712,參加公職人員選舉使用支出,台灣中油-莒光路加油站,77144976,0.00,1191.00,油資,金錢,,,
321,林郁方,105年立法委員選舉,第三次賸餘,1070713,參加公職人員選舉使用支出,郵局,,0.00,72.00,郵資,金錢,,,
322,林郁方,105年立法委員選舉,第三次賸餘,1070713,參加公職人員選舉使用支出,台北市停管處,,0.00,45.00,停車費,金錢,,,
323,林郁方,105年立法委員選舉,第三次賸餘,1070714,參加公職人員選舉使用支出,美樂食餐飲(股)大安森林食堂,38611918,0.00,550.00,餐飲支出,金錢,,,
324,林郁方,105年立法委員選舉,第三次賸餘,1070715,參加公職人員選舉使用支出,李星輝,A12*******,0.00,20000.00,工資或薪津,金錢,臺北市松山區****,,
325,林郁方,105年立法委員選舉,第三次賸餘,1070715,參加公職人員選舉使用支出,王邦竣,A12*******,0.00,20000.00,工資或薪津,金錢,臺北市萬華區****,,
326,林郁方,105年立法委員選舉,第三次賸餘,1070715,參加公職人員選舉使用支出,孫璐,A20*******,0.00,80000.00,工資或薪津,金錢,臺北市大安區****,,
327,林郁方,105年立法委員選舉,第三次賸餘,1070715,參加公職人員選舉使用支出,裘方彬,D12*******,0.00,26000.00,工資或薪津,金錢,新北市三重區****,,
328,林郁方,105年立法委員選舉,第三次賸餘,1070715,參加公職人員選舉使用支出,林靜枝,J22*******,0.00,65000.00,工資或薪津,金錢,臺北市中正區****,,
329,林郁方,105年立法委員選舉,第三次賸餘,1070715,參加公職人員選舉使用支出,林冠勳,N12*******,0.00,20000.00,工資或薪津,金錢,臺北市中正區****,,
330,林郁方,105年立法委員選舉,第三次賸餘,1070715,參加公職人員選舉使用支出,張宏瑋,P12*******,0.00,35000.00,工資或薪津,金錢,臺北市內湖區****,,
331,林郁方,105年立法委員選舉,第三次賸餘,1070715,參加公職人員選舉使用支出,黃豐華,T20*******,0.00,26000.00,工資或薪津,金錢,新北市永和區****,,
332,林郁方,105年立法委員選舉,第三次賸餘,1070715,參加公職人員選舉使用支出,黃昱華,T20*******,0.00,85000.00,工資或薪津,金錢,臺北市大安區****,,
333,林郁方,105年立法委員選舉,第三次賸餘,1070716,參加公職人員選舉使用支出,台北市停管處,,0.00,75.00,停車費,金錢,,,
334,林郁方,105年立法委員選舉,第三次賸餘,1070716,參加公職人員選舉使用支出,普客二四停車場(股),28858068,0.00,60.00,停車費,金錢,,,
335,林郁方,105年立法委員選舉,第三次賸餘,1070717,參加公職人員選舉使用支出,台北市停管處,,0.00,65.00,停車費,金錢,,,
336,林郁方,105年立法委員選舉,第三次賸餘,1070717,參加公職人員選舉使用支出,全國港墘路加油站,31995832,0.00,1740.00,油資,金錢,,,
337,林郁方,105年立法委員選舉,第三次賸餘,1070717,參加公職人員選舉使用支出,蕎希車工商行,42338125,0.00,1200.00,雜項購置或修繕費用,金錢,,,
338,林郁方,105年立法委員選舉,第三次賸餘,1070718,參加公職人員選舉使用支出,計程車777-8C,,0.00,145.00,搭乘交通工具支出,金錢,,,
339,林郁方,105年立法委員選舉,第三次賸餘,1070718,參加公職人員選舉使用支出,計程車556-L8,,0.00,180.00,搭乘交通工具支出,金錢,,,
340,林郁方,105年立法委員選舉,第三次賸餘,1070718,參加公職人員選舉使用支出,金醇臻品(股)仁愛門市,31898917,0.00,5500.00,雜項購置或修繕費用,金錢,臺北市大安區****,8773*****,
341,林郁方,105年立法委員選舉,第三次賸餘,1070718,參加公職人員選舉使用支出,新長越企業公司慶城街停車場,38547162,0.00,90.00,油資,金錢,,,
342,林郁方,105年立法委員選舉,第三次賸餘,1070719,參加公職人員選舉使用支出,台北市停管處,,0.00,45.00,停車費,金錢,,,
343,林郁方,105年立法委員選舉,第三次賸餘,1070719,參加公職人員選舉使用支出,敦安停車場,18410316,0.00,150.00,停車費,金錢,,,
344,林郁方,105年立法委員選舉,第三次賸餘,1070719,參加公職人員選舉使用支出,軒維小廚,26368868,0.00,24992.00,餐飲支出,金錢,臺北市大安區****,,
345,林郁方,105年立法委員選舉,第三次賸餘,1070719,參加公職人員選舉使用支出,新長越企業公司慶城街停車場,38547162,0.00,180.00,停車費,金錢,,,
346,林郁方,105年立法委員選舉,第三次賸餘,1070719,參加公職人員選舉使用支出,林口長庚紀念醫院,43862061,0.00,45.00,停車費,金錢,,,
347,林郁方,105年立法委員選舉,第三次賸餘,1070720,參加公職人員選舉使用支出,台北市停管處,,0.00,45.00,停車費,金錢,,,
348,林郁方,105年立法委員選舉,第三次賸餘,1070720,參加公職人員選舉使用支出,金石堂圖書(股),50184787,0.00,150.00,文具用品費用,金錢,,,
349,林郁方,105年立法委員選舉,第三次賸餘,1070722,參加公職人員選舉使用支出,台灣中油-復興北路站,01606300,0.00,1670.00,油資,金錢,,,
350,林郁方,105年立法委員選舉,第三次賸餘,1070723,參加公職人員選舉使用支出,台北市停管處,,0.00,15.00,停車費,金錢,,,
351,林郁方,105年立法委員選舉,第三次賸餘,1070725,參加公職人員選舉使用支出,台北市停管處,,0.00,35.00,停車費,金錢,,,
352,林郁方,105年立法委員選舉,第三次賸餘,1070725,參加公職人員選舉使用支出,台灣中油-金山南路加油站,01802133,0.00,1164.00,油資,金錢,,,
353,林郁方,105年立法委員選舉,第三次賸餘,1070727,參加公職人員選舉使用支出,台北市停管處,,0.00,45.00,停車費,金錢,,,
354,林郁方,105年立法委員選舉,第三次賸餘,1070727,參加公職人員選舉使用支出,台灣中油-吉林路站,01317126,0.00,1620.00,油資,金錢,,,
355,林郁方,105年立法委員選舉,第三次賸餘,1070728,參加公職人員選舉使用支出,若拙餐飲有限公司,24559814,0.00,10749.00,餐飲支出,金錢,臺北市大安區****,,
356,林郁方,105年立法委員選舉,第三次賸餘,1070728,參加公職人員選舉使用支出,明星西點食品有限公司,54332028,0.00,522.00,聯誼交際費用,金錢,,,
357,林郁方,105年立法委員選舉,第三次賸餘,1070730,參加公職人員選舉使用支出,中華電信,31926287,0.00,7579.00,雜項購置或修繕費用,金錢,,,
358,林郁方,105年立法委員選舉,第三次賸餘,1070730,參加公職人員選舉使用支出,府岸海產城,77875825,0.00,3500.00,餐飲支出,金錢,,,
359,林郁方,105年立法委員選舉,第三次賸餘,1070731,參加公職人員選舉使用支出,全國港墘路加油站,31995832,0.00,1752.00,油資,金錢,,,
360,林郁方,105年立法委員選舉,第三次賸餘,1070731,參加公職人員選舉使用支出,蕎希車工商行,42338125,0.00,1200.00,雜項購置或修繕費用,金錢,,,
361,林郁方,105年立法委員選舉,第三次賸餘,1070801,參加公職人員選舉使用支出,岳陽(股)雙和醫院,41457880,0.00,60.00,停車費,金錢,,,
362,林郁方,105年立法委員選舉,第三次賸餘,1070801,參加公職人員選舉使用支出,林口長庚紀念醫院,43862061,0.00,45.00,停車費,金錢,,,
363,林郁方,105年立法委員選舉,第三次賸餘,1070803,參加公職人員選舉使用支出,全國民權加油站,80983159,0.00,1390.00,油資,金錢,,,
364,林郁方,105年立法委員選舉,第三次賸餘,1070804,參加公職人員選舉使用支出,明星西點食品有限公司,54332028,0.00,2052.00,餐飲支出,金錢,,,
365,林郁方,105年立法委員選舉,第三次賸餘,1070805,參加公職人員選舉使用支出,台灣土地銀行公司委託經管富邦一號不動產投信基金專,99974193,0.00,100.00,停車費,金錢,,,
366,林郁方,105年立法委員選舉,第三次賸餘,1070806,參加公職人員選舉使用支出,亞軒小吃店,48950514,0.00,1213.00,餐飲支出,金錢,,,
367,林郁方,105年立法委員選舉,第三次賸餘,1070806,參加公職人員選舉使用支出,日月亭(股),72743754,0.00,50.00,停車費,金錢,,,
368,林郁方,105年立法委員選舉,第三次賸餘,1070807,參加公職人員選舉使用支出,台北市停管處,,0.00,30.00,停車費,金錢,,,
369,林郁方,105年立法委員選舉,第三次賸餘,1070807,參加公職人員選舉使用支出,台灣中油-金山南路加油站,01802133,0.00,1680.00,油資,金錢,,,
370,林郁方,105年立法委員選舉,第三次賸餘,1070808,參加公職人員選舉使用支出,台北市停管處,,0.00,40.00,停車費,金錢,,,
371,林郁方,105年立法委員選舉,第三次賸餘,1070808,參加公職人員選舉使用支出,E-TAG-5713-YZ,,0.00,200.00,高速公路通行費,金錢,,,
372,林郁方,105年立法委員選舉,第三次賸餘,1070808,參加公職人員選舉使用支出,泰讚小吃店,13445033,0.00,380.00,餐飲支出,金錢,,,
373,林郁方,105年立法委員選舉,第三次賸餘,1070808,參加公職人員選舉使用支出,全國電子(股)北市第二十三分公司,16329016,0.00,850.00,雜項購置或修繕費用,金錢,,,
374,林郁方,105年立法委員選舉,第三次賸餘,1070809,參加公職人員選舉使用支出,泰讚小吃店,13445033,0.00,477.00,餐飲支出,金錢,,,
375,林郁方,105年立法委員選舉,第三次賸餘,1070809,參加公職人員選舉使用支出,林口長庚紀念醫院,43862061,0.00,150.00,停車費,金錢,,,
376,林郁方,105年立法委員選舉,第三次賸餘,1070810,參加公職人員選舉使用支出,台北市停管處,,0.00,135.00,停車費,金錢,,,
377,林郁方,105年立法委員選舉,第三次賸餘,1070810,參加公職人員選舉使用支出,美樂食餐飲(股)大安森林食堂,38611918,0.00,265.00,餐飲支出,金錢,,,
378,林郁方,105年立法委員選舉,第三次賸餘,1070810,參加公職人員選舉使用支出,台灣中油-林口工三站,43949898,0.00,1420.00,油資,金錢,,,
379,林郁方,105年立法委員選舉,第三次賸餘,1070811,參加公職人員選舉使用支出,林口長庚紀念醫院,43862061,0.00,30.00,停車費,金錢,,,
380,林郁方,105年立法委員選舉,第三次賸餘,1070812,參加公職人員選舉使用支出,海底撈火鍋,50729933,0.00,4339.00,餐飲支出,金錢,,,
381,林郁方,105年立法委員選舉,第三次賸餘,1070814,參加公職人員選舉使用支出,台北市停管處,,0.00,75.00,停車費,金錢,,,
382,林郁方,105年立法委員選舉,第三次賸餘,1070814,參加公職人員選舉使用支出,韓鮮亭小吃店,18089239,0.00,682.00,餐飲支出,金錢,,,
383,林郁方,105年立法委員選舉,第三次賸餘,1070814,參加公職人員選舉使用支出,全國民權加油站,80983159,0.00,1700.00,油資,金錢,,,
384,林郁方,105年立法委員選舉,第三次賸餘,1070815,參加公職人員選舉使用支出,李星輝,A12*******,0.00,23000.00,工資或薪津,金錢,臺北市松山區****,,
385,林郁方,105年立法委員選舉,第三次賸餘,1070815,參加公職人員選舉使用支出,王邦竣,A12*******,0.00,20000.00,工資或薪津,金錢,臺北市萬華區****,,
386,林郁方,105年立法委員選舉,第三次賸餘,1070815,參加公職人員選舉使用支出,孫璐,A20*******,0.00,80000.00,工資或薪津,金錢,臺北市大安區****,,
387,林郁方,105年立法委員選舉,第三次賸餘,1070815,參加公職人員選舉使用支出,裘方彬,D12*******,0.00,26000.00,工資或薪津,金錢,新北市三重區****,,
388,林郁方,105年立法委員選舉,第三次賸餘,1070815,參加公職人員選舉使用支出,林靜枝,J22*******,0.00,65000.00,工資或薪津,金錢,臺北市中正區****,,
389,林郁方,105年立法委員選舉,第三次賸餘,1070815,參加公職人員選舉使用支出,張宏瑋,P12*******,0.00,35000.00,工資或薪津,金錢,臺北市內湖區****,,
390,林郁方,105年立法委員選舉,第三次賸餘,1070815,參加公職人員選舉使用支出,黃豐華,T20*******,0.00,26000.00,工資或薪津,金錢,新北市永和區****,,
391,林郁方,105年立法委員選舉,第三次賸餘,1070815,參加公職人員選舉使用支出,黃昱華,T20*******,0.00,85000.00,工資或薪津,金錢,臺北市大安區****,,
392,林郁方,105年立法委員選舉,第三次賸餘,1070816,參加公職人員選舉使用支出,台北市停管處,,0.00,105.00,停車費,金錢,,,
393,林郁方,105年立法委員選舉,第三次賸餘,1070816,參加公職人員選舉使用支出,兄弟大飯店(股)麵包坊,04274804,0.00,300.00,雜項購置或修繕費用,金錢,,,
394,林郁方,105年立法委員選舉,第三次賸餘,1070817,參加公職人員選舉使用支出,岳陽(股)博愛營運處,25515743,0.00,75.00,停車費,金錢,,,
395,林郁方,105年立法委員選舉,第三次賸餘,1070818,參加公職人員選舉使用支出,欣欣百貨,11364230,0.00,1096.00,餐飲支出,金錢,,,
396,林郁方,105年立法委員選舉,第三次賸餘,1070818,參加公職人員選舉使用支出,博客停車場開發(股)敦北場,73628143,0.00,30.00,停車費,金錢,,,
397,林郁方,105年立法委員選舉,第三次賸餘,1070819,參加公職人員選舉使用支出,台北市停管處,,0.00,60.00,停車費,金錢,,,
398,林郁方,105年立法委員選舉,第三次賸餘,1070819,參加公職人員選舉使用支出,台灣中油-金山南路加油站,01802133,0.00,1510.00,油資,金錢,,,
399,林郁方,105年立法委員選舉,第三次賸餘,1070822,參加公職人員選舉使用支出,台北市停管處,,0.00,105.00,停車費,金錢,,,
400,林郁方,105年立法委員選舉,第三次賸餘,1070822,參加公職人員選舉使用支出,E-TAG-5713-YZ,,0.00,200.00,高速公路通行費,金錢,,,
401,林郁方,105年立法委員選舉,第三次賸餘,1070822,參加公職人員選舉使用支出,韓鮮亭小吃店,18089239,0.00,1100.00,餐飲支出,金錢,,,
402,林郁方,105年立法委員選舉,第三次賸餘,1070823,參加公職人員選舉使用支出,台灣中油-林森北路站,01490119,0.00,1700.00,油資,金錢,,,
403,林郁方,105年立法委員選舉,第三次賸餘,1070823,參加公職人員選舉使用支出,鼎泰豐,86125275,0.00,520.00,餐飲支出,金錢,,,
404,林郁方,105年立法委員選舉,第三次賸餘,1070825,參加公職人員選舉使用支出,台北市停管處,,0.00,30.00,停車費,金錢,,,
405,林郁方,105年立法委員選舉,第三次賸餘,1070825,參加公職人員選舉使用支出,北都汽車(股)南港分公司,53675708,0.00,15120.00,雜項購置或修繕費用,金錢,臺北市南港區****,,
406,林郁方,105年立法委員選舉,第三次賸餘,1070827,參加公職人員選舉使用支出,台北市停管處,,0.00,60.00,停車費,金錢,,,
407,林郁方,105年立法委員選舉,第三次賸餘,1070828,參加公職人員選舉使用支出,台北市停管處,,0.00,60.00,停車費,金錢,,,
408,林郁方,105年立法委員選舉,第三次賸餘,1070828,參加公職人員選舉使用支出,軒維小廚,26368868,0.00,7931.00,餐飲支出,金錢,臺北市大安區****,,
409,林郁方,105年立法委員選舉,第三次賸餘,1070828,參加公職人員選舉使用支出,全國民權加油站,80983159,0.00,1520.00,油資,金錢,,,
410,林郁方,105年立法委員選舉,第三次賸餘,1070829,參加公職人員選舉使用支出,台北市停管處,,0.00,45.00,停車費,金錢,,,
411,林郁方,105年立法委員選舉,第三次賸餘,1070829,參加公職人員選舉使用支出,蕎希車工商行,42338125,0.00,1200.00,雜項購置或修繕費用,金錢,,,
412,林郁方,105年立法委員選舉,第三次賸餘,1070901,參加公職人員選舉使用支出,台北市停管處,,0.00,60.00,停車費,金錢,,,
413,林郁方,105年立法委員選舉,第三次賸餘,1070901,參加公職人員選舉使用支出,欣欣百貨,11364230,0.00,1096.00,餐飲支出,金錢,,,
414,林郁方,105年立法委員選舉,第三次賸餘,1070901,參加公職人員選舉使用支出,六廚有限公司,52678093,0.00,700.00,餐飲支出,金錢,,,
415,林郁方,105年立法委員選舉,第三次賸餘,1070901,參加公職人員選舉使用支出,陳茂生農民,A10*******,0.00,350.00,雜項購置或修繕費用,金錢,,0933*****,
416,林郁方,105年立法委員選舉,第三次賸餘,1070902,參加公職人員選舉使用支出,台灣中油-莒光路站,77144976,0.00,1700.00,油資,金錢,,,
417,林郁方,105年立法委員選舉,第三次賸餘,1070903,參加公職人員選舉使用支出,台北市停管處,,0.00,15.00,停車費,金錢,,,
418,林郁方,105年立法委員選舉,第三次賸餘,1070905,參加公職人員選舉使用支出,台北市停管處,,0.00,100.00,停車費,金錢,,,
419,林郁方,105年立法委員選舉,第三次賸餘,1070906,參加公職人員選舉使用支出,台灣中油-林森北路站,01490119,0.00,1630.00,油資,金錢,,,
420,林郁方,105年立法委員選舉,第三次賸餘,1070907,參加公職人員選舉使用支出,鼎泰豐,86125275,0.00,1040.00,餐飲支出,金錢,,,
421,林郁方,105年立法委員選舉,第三次賸餘,1070909,參加公職人員選舉使用支出,台北市停管處,,0.00,60.00,停車費,金錢,,,
422,林郁方,105年立法委員選舉,第三次賸餘,1070909,參加公職人員選舉使用支出,軒維小廚,26368868,0.00,6985.00,餐飲支出,金錢,臺北市大安區****,,
423,林郁方,105年立法委員選舉,第三次賸餘,1070909,參加公職人員選舉使用支出,CAMA CAFE,52486638,0.00,225.00,雜項購置或修繕費用,金錢,,,
424,林郁方,105年立法委員選舉,第三次賸餘,1070910,參加公職人員選舉使用支出,全國民權加油站,80983159,0.00,1200.00,油資,金錢,,,
425,林郁方,105年立法委員選舉,第三次賸餘,1070911,參加公職人員選舉使用支出,台北市停管處,,0.00,15.00,停車費,金錢,,,
426,林郁方,105年立法委員選舉,第三次賸餘,1070913,參加公職人員選舉使用支出,台灣中油-莒光路加油站,77144976,0.00,1105.00,油資,金錢,,,
427,林郁方,105年立法委員選舉,第三次賸餘,1070914,參加公職人員選舉使用支出,易花網花苑,25570772,0.00,2000.00,雜項購置或修繕費用,金錢,臺北市中正區****,,
428,林郁方,105年立法委員選舉,第三次賸餘,1070915,參加公職人員選舉使用支出,西歐加油站,22745790,0.00,1607.00,油資,金錢,,,
429,林郁方,105年立法委員選舉,第三次賸餘,1070915,參加公職人員選舉使用支出,李星輝,A12*******,0.00,23000.00,工資或薪津,金錢,臺北市松山區****,,
430,林郁方,105年立法委員選舉,第三次賸餘,1070915,參加公職人員選舉使用支出,孫璐,A20*******,0.00,80000.00,工資或薪津,金錢,臺北市大安區****,,
431,林郁方,105年立法委員選舉,第三次賸餘,1070915,參加公職人員選舉使用支出,裘方彬,D12*******,0.00,26000.00,工資或薪津,金錢,新北市三重區****,,
432,林郁方,105年立法委員選舉,第三次賸餘,1070915,參加公職人員選舉使用支出,林靜枝,J22*******,0.00,65000.00,工資或薪津,金錢,臺北市中正區****,,
433,林郁方,105年立法委員選舉,第三次賸餘,1070915,參加公職人員選舉使用支出,張宏瑋,P12*******,0.00,35000.00,工資或薪津,金錢,臺北市內湖區****,,
434,林郁方,105年立法委員選舉,第三次賸餘,1070915,參加公職人員選舉使用支出,黃豐華,T20*******,0.00,26000.00,工資或薪津,金錢,新北市永和區****,,
435,林郁方,105年立法委員選舉,第三次賸餘,1070915,參加公職人員選舉使用支出,黃昱華,T20*******,0.00,85000.00,工資或薪津,金錢,臺北市大安區****,,
436,林郁方,105年立法委員選舉,第三次賸餘,1070916,參加公職人員選舉使用支出,川味老張牛肉麵店,01776347,0.00,310.00,餐飲支出,金錢,,,
437,林郁方,105年立法委員選舉,第三次賸餘,1070920,參加公職人員選舉使用支出,台北市停管處,,0.00,90.00,停車費,金錢,,,
438,林郁方,105年立法委員選舉,第三次賸餘,1070920,參加公職人員選舉使用支出,台灣中油-復興北路站,01606300,0.00,1730.00,油資,金錢,,,
439,林郁方,105年立法委員選舉,第三次賸餘,1070920,參加公職人員選舉使用支出,三軍總醫院松山分院附設民眾停車場,78341004,0.00,60.00,停車費,金錢,,,
440,林郁方,105年立法委員選舉,第三次賸餘,1070920,參加公職人員選舉使用支出,京華城(股),97170634,0.00,13660.00,餐飲支出,金錢,,,
441,林郁方,105年立法委員選舉,第三次賸餘,1070921,參加公職人員選舉使用支出,台北市停管處,,0.00,80.00,停車費,金錢,,,
442,林郁方,105年立法委員選舉,第三次賸餘,1070922,參加公職人員選舉使用支出,台灣高鐵,,0.00,2440.00,搭乘交通工具支出,金錢,,,
443,林郁方,105年立法委員選舉,第三次賸餘,1070922,參加公職人員選舉使用支出,歐特儀(股),31939184,0.00,35.00,停車費,金錢,,,
444,林郁方,105年立法委員選舉,第三次賸餘,1070923,參加公職人員選舉使用支出,台北市停管處,,0.00,15.00,停車費,金錢,,,
445,林郁方,105年立法委員選舉,第三次賸餘,1070923,參加公職人員選舉使用支出,泰讚小吃店,13445033,0.00,400.00,餐飲支出,金錢,,,
446,林郁方,105年立法委員選舉,第三次賸餘,1070923,參加公職人員選舉使用支出,LAO DRNG,52890497,0.00,360.00,餐飲支出,金錢,,,
447,林郁方,105年立法委員選舉,第三次賸餘,1070925,參加公職人員選舉使用支出,軒維小廚,26368868,0.00,18601.00,餐飲支出,金錢,臺北市大安區****,,
448,林郁方,105年立法委員選舉,第三次賸餘,1070926,參加公職人員選舉使用支出,台灣中油-林森北路站,01490119,0.00,300.00,雜項購置或修繕費用,金錢,,,
449,林郁方,105年立法委員選舉,第三次賸餘,1070926,參加公職人員選舉使用支出,全國民權加油站,80983159,0.00,1600.00,油資,金錢,,,
450,林郁方,105年立法委員選舉,第三次賸餘,1070927,參加公職人員選舉使用支出,台北市停管處,,0.00,75.00,停車費,金錢,,,
451,林郁方,105年立法委員選舉,第三次賸餘,1070927,參加公職人員選舉使用支出,博客停車場開發(股)敦北場,73628134,0.00,30.00,停車費,金錢,,,
452,林郁方,105年立法委員選舉,第三次賸餘,1070927,參加公職人員選舉使用支出,台灣中油-莒光路加油站,77144976,0.00,1150.00,油資,金錢,,,
453,林郁方,105年立法委員選舉,第三次賸餘,1070928,參加公職人員選舉使用支出,台北市停管處,,0.00,30.00,停車費,金錢,,,
454,林郁方,105年立法委員選舉,第三次賸餘,1070929,參加公職人員選舉使用支出,欣欣百貨,11364230,0.00,1096.00,餐飲支出,金錢,,,
455,林郁方,105年立法委員選舉,第三次賸餘,1070930,參加公職人員選舉使用支出,台北市停管處,,0.00,60.00,停車費,金錢,,,
456,林郁方,105年立法委員選舉,第三次賸餘,1071001,參加公職人員選舉使用支出,台北市停管處,,0.00,50.00,停車費,金錢,,,
457,林郁方,105年立法委員選舉,第三次賸餘,1071001,參加公職人員選舉使用支出,台灣中油-內湖站,08590459,0.00,1600.00,油資,金錢,,,
458,林郁方,105年立法委員選舉,第三次賸餘,1071001,參加公職人員選舉使用支出,金山鵝肉店,98909420,0.00,460.00,餐飲支出,金錢,,,
459,林郁方,105年立法委員選舉,第三次賸餘,1071002,參加公職人員選舉使用支出,台灣中油-內湖站,08590459,0.00,150.00,雜項購置或修繕費用,金錢,,,
460,林郁方,105年立法委員選舉,第三次賸餘,1071002,參加公職人員選舉使用支出,百荷企業有限公司,23892622,0.00,157.00,文具用品費用,金錢,,,
461,林郁方,105年立法委員選舉,第三次賸餘,1071002,參加公職人員選舉使用支出,仙妮雷德餐旅管理有限公司,28337899,0.00,150.00,停車費,金錢,,,
462,林郁方,105年立法委員選舉,第三次賸餘,1071002,參加公職人員選舉使用支出,宜得利家居,28991066,0.00,158.00,雜項購置或修繕費用,金錢,,,
463,林郁方,105年立法委員選舉,第三次賸餘,1071003,參加公職人員選舉使用支出,台北市停管處,,0.00,95.00,停車費,金錢,,,
464,林郁方,105年立法委員選舉,第三次賸餘,1071004,參加公職人員選舉使用支出,台北市停管處,,0.00,85.00,停車費,金錢,,,
465,林郁方,105年立法委員選舉,第三次賸餘,1071004,參加公職人員選舉使用支出,軒維小廚,26368868,0.00,10626.00,餐飲支出,金錢,臺北市大安區****,,
466,林郁方,105年立法委員選舉,第三次賸餘,1071005,參加公職人員選舉使用支出,台灣中油-民生東路站,78334051,0.00,1600.00,油資,金錢,,,
467,林郁方,105年立法委員選舉,第三次賸餘,1071006,參加公職人員選舉使用支出,台北市停管處,,0.00,30.00,停車費,金錢,,,
468,林郁方,105年立法委員選舉,第三次賸餘,1071006,參加公職人員選舉使用支出,博客停車場開發(股)敦北場,73628134,0.00,30.00,停車費,金錢,,,
469,林郁方,105年立法委員選舉,第三次賸餘,1071007,參加公職人員選舉使用支出,博客停車場開發(股)敦北場,73628134,0.00,135.00,停車費,金錢,,,
470,林郁方,105年立法委員選舉,第三次賸餘,1071008,參加公職人員選舉使用支出,歐特儀(股),313939184,0.00,30.00,停車費,金錢,,,
471,林郁方,105年立法委員選舉,第三次賸餘,1071009,參加公職人員選舉使用支出,台北市停管處,,0.00,30.00,停車費,金錢,,,
472,林郁方,105年立法委員選舉,第三次賸餘,1071009,參加公職人員選舉使用支出,歐特儀(股),72940220,0.00,100.00,停車費,金錢,,,
473,林郁方,105年立法委員選舉,第三次賸餘,1071010,參加公職人員選舉使用支出,台北市停管處,,0.00,30.00,停車費,金錢,,,
474,林郁方,105年立法委員選舉,第三次賸餘,1071010,參加公職人員選舉使用支出,易百文具有限公司,52895090,0.00,359.00,文具用品費用,金錢,,,
475,林郁方,105年立法委員選舉,第三次賸餘,1071011,參加公職人員選舉使用支出,台北市停管處,,0.00,30.00,停車費,金錢,,,
476,林郁方,105年立法委員選舉,第三次賸餘,1071011,參加公職人員選舉使用支出,台灣高鐵,,0.00,2440.00,搭乘交通工具支出,金錢,,,
477,林郁方,105年立法委員選舉,第三次賸餘,1071011,參加公職人員選舉使用支出,計程車TDE-9123,,0.00,230.00,搭乘交通工具支出,金錢,,,
478,林郁方,105年立法委員選舉,第三次賸餘,1071011,參加公職人員選舉使用支出,全國民權加油站,80983159,0.00,1650.00,油資,金錢,,,
479,林郁方,105年立法委員選舉,第三次賸餘,1071012,參加公職人員選舉使用支出,郵局,,0.00,51.00,郵資,金錢,,,
480,林郁方,105年立法委員選舉,第三次賸餘,1071012,參加公職人員選舉使用支出,詒晴有限公司,52724049,0.00,61011.00,餐飲支出,金錢,臺北市內湖區****,,
481,林郁方,105年立法委員選舉,第三次賸餘,1071014,參加公職人員選舉使用支出,台北市停管處,,0.00,90.00,停車費,金錢,,,
482,林郁方,105年立法委員選舉,第三次賸餘,1071014,參加公職人員選舉使用支出,老外一品牛肉麵,10311398,0.00,480.00,餐飲支出,金錢,,,
483,林郁方,105年立法委員選舉,第三次賸餘,1071015,參加公職人員選舉使用支出,軒維小廚,26368868,0.00,7900.00,餐飲支出,金錢,臺北市大安區****,,
484,林郁方,105年立法委員選舉,第三次賸餘,1071015,參加公職人員選舉使用支出,李星輝,A12*******,0.00,23000.00,工資或薪津,金錢,臺北市松山區****,,
485,林郁方,105年立法委員選舉,第三次賸餘,1071015,參加公職人員選舉使用支出,孫璐,A20*******,0.00,80000.00,工資或薪津,金錢,臺北市大安區****,,
486,林郁方,105年立法委員選舉,第三次賸餘,1071015,參加公職人員選舉使用支出,裘方彬,D12*******,0.00,26000.00,工資或薪津,金錢,新北市三重區****,,
487,林郁方,105年立法委員選舉,第三次賸餘,1071015,參加公職人員選舉使用支出,林靜枝,J22*******,0.00,65000.00,工資或薪津,金錢,臺北市中正區****,,
488,林郁方,105年立法委員選舉,第三次賸餘,1071015,參加公職人員選舉使用支出,張宏瑋,P12*******,0.00,35000.00,工資或薪津,金錢,臺北市內湖區****,,
489,林郁方,105年立法委員選舉,第三次賸餘,1071015,參加公職人員選舉使用支出,黃昱華,T20*******,0.00,85000.00,工資或薪津,金錢,臺北市大安區****,,
490,林郁方,105年立法委員選舉,第三次賸餘,1071015,參加公職人員選舉使用支出,黃豐華,T20*******,0.00,26000.00,工資或薪津,金錢,新北市永和區****,,
491,林郁方,105年立法委員選舉,第三次賸餘,1071016,參加公職人員選舉使用支出,台北市停管處,,0.00,105.00,停車費,金錢,,,
492,林郁方,105年立法委員選舉,第三次賸餘,1071017,參加公職人員選舉使用支出,台灣中油-林森北路站,01490119,0.00,1720.00,油資,金錢,,,
493,林郁方,105年立法委員選舉,第三次賸餘,1071020,參加公職人員選舉使用支出,台北市停管處,,0.00,220.00,停車費,金錢,,,
494,林郁方,105年立法委員選舉,第三次賸餘,1071020,參加公職人員選舉使用支出,歐特儀(股),31939184,0.00,35.00,停車費,金錢,,,
495,林郁方,105年立法委員選舉,第三次賸餘,1071021,參加公職人員選舉使用支出,金華築地壽司本舖,423344956,0.00,1560.00,餐飲支出,金錢,,,
496,林郁方,105年立法委員選舉,第三次賸餘,1071022,參加公職人員選舉使用支出,台北市停管處,,0.00,30.00,停車費,金錢,,,
497,林郁方,105年立法委員選舉,第三次賸餘,1071022,參加公職人員選舉使用支出,台灣中油-新生北路站,01315062,0.00,300.00,雜項購置或修繕費用,金錢,,,
498,林郁方,105年立法委員選舉,第三次賸餘,1071022,參加公職人員選舉使用支出,蕎希車工商行,42338125,0.00,1200.00,雜項購置或修繕費用,金錢,,,
499,林郁方,105年立法委員選舉,第三次賸餘,1071023,參加公職人員選舉使用支出,全國民權加油站,80983159,0.00,1750.00,油資,金錢,,,
500,林郁方,105年立法委員選舉,第三次賸餘,1071024,參加公職人員選舉使用支出,台北市停管處,,0.00,60.00,停車費,金錢,,,
501,林郁方,105年立法委員選舉,第三次賸餘,1071025,參加公職人員選舉使用支出,台北市農會收費停車場,21762428,0.00,80.00,停車費,金錢,,,
502,林郁方,105年立法委員選舉,第三次賸餘,1071025,參加公職人員選舉使用支出,軒維小廚,26368868,0.00,18000.00,餐飲支出,金錢,臺北市大安區****,,
503,林郁方,105年立法委員選舉,第三次賸餘,1071029,參加公職人員選舉使用支出,台灣中油-林森北路站,01490119,0.00,1700.00,油資,金錢,,,
504,林郁方,105年立法委員選舉,第三次賸餘,1071030,參加公職人員選舉使用支出,全家便利商店,28999270,0.00,99.00,雜項購置或修繕費用,金錢,,,
505,林郁方,105年立法委員選舉,第三次賸餘,1071030,參加公職人員選舉使用支出,台灣中油-埔墘加油站,95867072,0.00,1190.00,油資,金錢,,,
506,林郁方,105年立法委員選舉,第三次賸餘,1071101,參加公職人員選舉使用支出,內政部政網處-自然人憑證展期,,0.00,228.00,自然人憑證展期,金錢,,,
507,林郁方,105年立法委員選舉,第三次賸餘,1071102,參加公職人員選舉使用支出,台北市停管處,,0.00,45.00,停車費,金錢,,,
508,林郁方,105年立法委員選舉,第三次賸餘,1071102,參加公職人員選舉使用支出,台灣中油-內湖站,08590459,0.00,1470.00,油資,金錢,,,
509,林郁方,105年立法委員選舉,第三次賸餘,1071104,參加公職人員選舉使用支出,金華築地壽司本舖,42344956,0.00,1600.00,餐飲支出,金錢,,,
510,林郁方,105年立法委員選舉,第三次賸餘,1071107,參加公職人員選舉使用支出,台北市停管處,,0.00,45.00,停車費,金錢,,,
511,林郁方,105年立法委員選舉,第三次賸餘,1071107,參加公職人員選舉使用支出,中山運動中心旁臨時停車場,42479638,0.00,60.00,停車費,金錢,,,
512,林郁方,105年立法委員選舉,第三次賸餘,1071107,參加公職人員選舉使用支出,全國民權加油站,80983159,0.00,1700.00,油資,金錢,,,
513,林郁方,105年立法委員選舉,第三次賸餘,1071108,參加公職人員選舉使用支出,台北市停管處,,0.00,45.00,停車費,金錢,,,
514,林郁方,105年立法委員選舉,第三次賸餘,1071108,參加公職人員選舉使用支出,台灣高鐵,,0.00,4880.00,搭乘交通工具支出,金錢,,,
515,林郁方,105年立法委員選舉,第三次賸餘,1071108,參加公職人員選舉使用支出,國立台灣大學臨時停車場,18384226,0.00,30.00,停車費,金錢,,,
516,林郁方,105年立法委員選舉,第三次賸餘,1071108,參加公職人員選舉使用支出,助安企業有限公司,38648921,0.00,30.00,停車費,金錢,,,
517,林郁方,105年立法委員選舉,第三次賸餘,1071109,參加公職人員選舉使用支出,台北市停管處,,0.00,20.00,停車費,金錢,,,
518,林郁方,105年立法委員選舉,第三次賸餘,1071109,參加公職人員選舉使用支出,郵局,,0.00,60.00,郵資,金錢,,,
519,林郁方,105年立法委員選舉,第三次賸餘,1071110,參加公職人員選舉使用支出,台北市停管處,,0.00,45.00,停車費,金錢,,,
520,林郁方,105年立法委員選舉,第三次賸餘,1071112,參加公職人員選舉使用支出,台北榮民總醫院停車場,01392665,0.00,40.00,停車費,金錢,,,
521,林郁方,105年立法委員選舉,第三次賸餘,1071112,參加公職人員選舉使用支出,嘟嘟房,42484554,0.00,80.00,停車費,金錢,,,
522,林郁方,105年立法委員選舉,第三次賸餘,1071113,參加公職人員選舉使用支出,台北市停管處,,0.00,15.00,停車費,金錢,,,
523,林郁方,105年立法委員選舉,第三次賸餘,1071113,參加公職人員選舉使用支出,台灣中油-林森北路站,01490119,0.00,1600.00,油資,金錢,,,
524,林郁方,105年立法委員選舉,第三次賸餘,1071114,參加公職人員選舉使用支出,台北市停管處,,0.00,30.00,停車費,金錢,,,
525,林郁方,105年立法委員選舉,第三次賸餘,1071114,參加公職人員選舉使用支出,計程車368-N8,,0.00,180.00,搭乘交通工具支出,金錢,,,
526,林郁方,105年立法委員選舉,第三次賸餘,1071115,參加公職人員選舉使用支出,台北市停管處,,0.00,45.00,停車費,金錢,,,
527,林郁方,105年立法委員選舉,第三次賸餘,1071115,參加公職人員選舉使用支出,李星輝,A12*******,0.00,23000.00,工資或薪津,金錢,臺北市松山區****,,
528,林郁方,105年立法委員選舉,第三次賸餘,1071115,參加公職人員選舉使用支出,孫璐,A20*******,0.00,80000.00,工資或薪津,金錢,臺北市大安區****,,
529,林郁方,105年立法委員選舉,第三次賸餘,1071115,參加公職人員選舉使用支出,裘方彬,D12*******,0.00,26000.00,工資或薪津,金錢,新北市三重區****,,
530,林郁方,105年立法委員選舉,第三次賸餘,1071115,參加公職人員選舉使用支出,林靜枝,J22*******,0.00,65000.00,工資或薪津,金錢,臺北市中正區****,,
531,林郁方,105年立法委員選舉,第三次賸餘,1071115,參加公職人員選舉使用支出,張宏瑋,P12*******,0.00,35000.00,工資或薪津,金錢,臺北市內湖區****,,
532,林郁方,105年立法委員選舉,第三次賸餘,1071115,參加公職人員選舉使用支出,黃昱華,T20*******,0.00,85000.00,工資或薪津,金錢,臺北市大安區****,,
533,林郁方,105年立法委員選舉,第三次賸餘,1071115,參加公職人員選舉使用支出,黃豐華,T20*******,0.00,26000.00,工資或薪津,金錢,新北市永和區****,,
534,林郁方,105年立法委員選舉,第三次賸餘,1071117,參加公職人員選舉使用支出,計程車BY-951,,0.00,200.00,搭乘交通工具支出,金錢,,,
535,林郁方,105年立法委員選舉,第三次賸餘,1071117,參加公職人員選舉使用支出,台灣高鐵,,0.00,2540.00,搭乘交通工具支出,金錢,,,
536,林郁方,105年立法委員選舉,第三次賸餘,1071118,參加公職人員選舉使用支出,韓鮮亭小吃店,18089239,0.00,1353.00,餐飲支出,金錢,,,
537,林郁方,105年立法委員選舉,第三次賸餘,1071118,參加公職人員選舉使用支出,松元美食坊,48996201,0.00,360.00,餐飲支出,金錢,,,
538,林郁方,105年立法委員選舉,第三次賸餘,1071124,參加公職人員選舉使用支出,台灣中油-民生東路站,78334051,0.00,1480.00,油資,金錢,,,
539,林郁方,105年立法委員選舉,第三次賸餘,1071125,參加公職人員選舉使用支出,易百文具有限公司,52895090,0.00,300.00,文具用品費用,金錢,,,
540,林郁方,105年立法委員選舉,第三次賸餘,1071127,參加公職人員選舉使用支出,台北市停管處,,0.00,45.00,停車費,金錢,,,
541,林郁方,105年立法委員選舉,第三次賸餘,1071128,參加公職人員選舉使用支出,台北市停管處,,0.00,120.00,停車費,金錢,,,
542,林郁方,105年立法委員選舉,第三次賸餘,1071129,參加公職人員選舉使用支出,日月亭(股),72742754,0.00,30.00,停車費,金錢,,,
543,林郁方,105年立法委員選舉,第三次賸餘,1071130,參加公職人員選舉使用支出,台灣中油-吉林路站,01317126,0.00,1540.00,油資,金錢,,,
544,林郁方,105年立法委員選舉,第三次賸餘,1071201,參加公職人員選舉使用支出,歐特儀(股),42388638,0.00,25.00,停車費,金錢,,,
545,林郁方,105年立法委員選舉,第三次賸餘,1071201,參加公職人員選舉使用支出,北都汽車(股)南港分公司,53675708,0.00,20064.00,雜項購置或修繕費用,金錢,臺北市南港區****,,
546,林郁方,105年立法委員選舉,第三次賸餘,1071202,參加公職人員選舉使用支出,台北市停管處,,0.00,90.00,停車費,金錢,,,
547,林郁方,105年立法委員選舉,第三次賸餘,1071202,參加公職人員選舉使用支出,若拙餐飲有限公司,24559814,0.00,2614.00,餐飲支出,金錢,臺北市大安區****,,
548,林郁方,105年立法委員選舉,第三次賸餘,1071203,參加公職人員選舉使用支出,台北市停管處,,0.00,15.00,停車費,金錢,,,
549,林郁方,105年立法委員選舉,第三次賸餘,1071205,參加公職人員選舉使用支出,郵局,,0.00,1355.00,郵資,金錢,,,
550,林郁方,105年立法委員選舉,第三次賸餘,1071208,參加公職人員選舉使用支出,若拙餐飲有限公司,24559814,0.00,26400.00,餐飲支出,金錢,臺北市大安區****,,
551,林郁方,105年立法委員選舉,第三次賸餘,1071210,參加公職人員選舉使用支出,遠企購物中心,50879073,0.00,330.00,餐飲支出,金錢,,,
552,林郁方,105年立法委員選舉,第三次賸餘,1071210,參加公職人員選舉使用支出,鼎泰豐,86125275,0.00,520.00,餐飲支出,金錢,,,
553,林郁方,105年立法委員選舉,第三次賸餘,1071211,參加公職人員選舉使用支出,台北市停管處,,0.00,75.00,停車費,金錢,,,
554,林郁方,105年立法委員選舉,第三次賸餘,1071212,參加公職人員選舉使用支出,台北市停管處,,0.00,30.00,停車費,金錢,,,
555,林郁方,105年立法委員選舉,第三次賸餘,1071212,參加公職人員選舉使用支出,台灣中油-吉林路站,01317126,0.00,1510.00,油資,金錢,,,
556,林郁方,105年立法委員選舉,第三次賸餘,1071214,參加公職人員選舉使用支出,台北市停管處,,0.00,45.00,停車費,金錢,,,
557,林郁方,105年立法委員選舉,第三次賸餘,1071215,參加公職人員選舉使用支出,李星輝,A12*******,0.00,23000.00,工資或薪津,金錢,臺北市松山區****,,
558,林郁方,105年立法委員選舉,第三次賸餘,1071215,參加公職人員選舉使用支出,孫璐,A20*******,0.00,80000.00,工資或薪津,金錢,臺北市大安區****,,
559,林郁方,105年立法委員選舉,第三次賸餘,1071215,參加公職人員選舉使用支出,裘方彬,D12*******,0.00,26000.00,工資或薪津,金錢,新北市三重區****,,
560,林郁方,105年立法委員選舉,第三次賸餘,1071215,參加公職人員選舉使用支出,林靜枝,J22*******,0.00,65000.00,工資或薪津,金錢,臺北市中正區****,,
561,林郁方,105年立法委員選舉,第三次賸餘,1071215,參加公職人員選舉使用支出,張宏瑋,P12*******,0.00,35000.00,工資或薪津,金錢,臺北市內湖區****,,
562,林郁方,105年立法委員選舉,第三次賸餘,1071215,參加公職人員選舉使用支出,黃昱華,T20*******,0.00,85000.00,工資或薪津,金錢,臺北市大安區****,,
563,林郁方,105年立法委員選舉,第三次賸餘,1071215,參加公職人員選舉使用支出,黃豐華,T20*******,0.00,26000.00,工資或薪津,金錢,新北市永和區****,,
564,林郁方,105年立法委員選舉,第三次賸餘,1071217,參加公職人員選舉使用支出,郵局,,0.00,118.00,郵資,金錢,,,
565,林郁方,105年立法委員選舉,第三次賸餘,1071218,參加公職人員選舉使用支出,郵局,,0.00,66.00,郵資,金錢,,,
566,林郁方,105年立法委員選舉,第三次賸餘,1071218,參加公職人員選舉使用支出,劍持屋餐飲有限公司,53941728,0.00,13442.00,餐飲支出,金錢,,,
567,林郁方,105年立法委員選舉,第三次賸餘,1071222,參加公職人員選舉使用支出,耀德文具行,01099043,0.00,250.00,文具用品費用,金錢,,,
568,林郁方,105年立法委員選舉,第三次賸餘,1071222,參加公職人員選舉使用支出,肥鰻屋食堂,26338470,0.00,680.00,餐飲支出,金錢,,,
569,林郁方,105年立法委員選舉,第三次賸餘,1071224,參加公職人員選舉使用支出,香格里拉台北遠東國際大飯店,05104840,0.00,3597.00,餐飲支出,金錢,,,
570,林郁方,105年立法委員選舉,第三次賸餘,1071226,參加公職人員選舉使用支出,鼎泰豐,86125275,0.00,520.00,餐飲支出,金錢,,,
571,林郁方,105年立法委員選舉,第三次賸餘,1071228,參加公職人員選舉使用支出,郵局,,0.00,56.00,郵資,金錢,,,
572,林郁方,105年立法委員選舉,第三次賸餘,1071228,參加公職人員選舉使用支出,多好實業有限公司,53947342,0.00,490.00,餐飲支出,金錢,,,
