﻿序號,擬參選人／政黨,選舉名稱,申報序號／年度,交易日期,收支科目,捐贈者／支出對象,身分證／統一編號,收入金額,支出金額,捐贈方式,存入專戶日期,返還/繳庫,支出用途,金錢類,地址,聯絡電話,應揭露之支出對象,支出對象之內部人員姓名,支出對象之內部人員職稱,政黨之內部人員姓名,政黨之內部人員職稱,關係,更正註記,資料更正日期
1,蔡詩傑,111年彰化縣二林鎮鎮長選舉,首次申報,1110903,人事費用支出,蔡禮謙,N12*******,0.00,30000.00,,,,工資或薪津,金錢,彰化縣二林鎮****,,是,蔡禮謙,,,,二親等以內親屬(父子),,
2,蔡詩傑,111年彰化縣二林鎮鎮長選舉,首次申報,1110905,宣傳支出,佳新廣告裝潢社,13730326,0.00,72000.00,,,,製作競選物品或宣傳廣告費用（物品名稱-旗幟）,金錢,彰化縣二林鎮****,048-*****,否,,,,,,,
3,蔡詩傑,111年彰化縣二林鎮鎮長選舉,首次申報,1110911,宣傳支出,佳新廣告裝潢社,13730326,0.00,60000.00,,,,製作競選物品或宣傳廣告費用（物品名稱-廣告帆布）,金錢,彰化縣二林鎮****,048-*****,否,,,,,,,
4,蔡詩傑,111年彰化縣二林鎮鎮長選舉,首次申報,1110912,宣傳支出,競選總部,N12*******,0.00,100000.00,,,,核銷,非金錢,彰化縣二林鎮****,,否,,,,,,,
5,蔡詩傑,111年彰化縣二林鎮鎮長選舉,首次申報,1110913,宣傳支出,阿瘦文坊,59103657,0.00,6000.00,,,,競選字卡,金錢,彰化縣二林鎮****,8960*****,否,,,,,,,
6,蔡詩傑,111年彰化縣二林鎮鎮長選舉,首次申報,1110926,宣傳支出,埔興企業股份有限公司,23181708,0.00,105000.00,,,,製作競選宣傳礦泉水,金錢,南投縣埔里鎮****,049-*****,否,,,,,,,
7,蔡詩傑,111年彰化縣二林鎮鎮長選舉,首次申報,1111001,宣傳支出,東鴻企業社,72686445,0.00,35000.00,,,,製作競選物品或宣傳廣告費用（物品名稱-原子筆）,金錢,新北市板橋區****,02-2*****,否,,,,,,,
8,蔡詩傑,111年彰化縣二林鎮鎮長選舉,首次申報,1111003,人事費用支出,蔡禮謙,N12*******,0.00,30000.00,,,,工資或薪津,金錢,彰化縣二林鎮****,,是,蔡禮謙,,,,二親等以內親屬(父子),,
9,蔡詩傑,111年彰化縣二林鎮鎮長選舉,首次申報,1111005,宣傳支出,阿瘦文坊,59103657,0.00,5000.00,,,,競選貼紙,金錢,彰化縣二林鎮****,8960*****,否,,,,,,,
10,蔡詩傑,111年彰化縣二林鎮鎮長選舉,首次申報,1111009,宣傳支出,佳新廣告裝潢社,13730326,0.00,90000.00,,,,製作競選物品或宣傳廣告費用（物品名稱-空架帆布）,金錢,彰化縣二林鎮****,048-*****,否,,,,,,,
11,蔡詩傑,111年彰化縣二林鎮鎮長選舉,首次申報,1111012,宣傳支出,阿瘦文坊,59103657,0.00,6000.00,,,,競選字卡,金錢,彰化縣二林鎮****,8960*****,否,,,,,,,
12,蔡詩傑,111年彰化縣二林鎮鎮長選舉,首次申報,1111013,宣傳支出,雅祥生活有限公司,56631900,0.00,40000.00,,,,競選口罩,金錢,彰化縣大村鄉****,0485*****,否,,,,,,,
13,蔡詩傑,111年彰化縣二林鎮鎮長選舉,首次申報,1111013,宣傳支出,興誠國際實業社,85171362,0.00,19268.00,,,,環保袋,金錢,新北市土城區****,8261*****,否,,,,,,,
14,蔡詩傑,111年彰化縣二林鎮鎮長選舉,首次申報,1111025,宣傳支出,雅祥生活有限公司,56631900,0.00,20000.00,,,,競選口罩,金錢,彰化縣大村鄉****,0485*****,否,,,,,,,
15,蔡詩傑,111年彰化縣二林鎮鎮長選舉,首次申報,1111102,租用競選辦事處支出,佳新廣告裝潢社,13730326,0.00,78000.00,,,,其他與租用競選辦事處有關之費用,金錢,彰化縣二林鎮****,048-*****,否,,,,,,,
16,蔡詩傑,111年彰化縣二林鎮鎮長選舉,首次申報,1111102,租用競選辦事處支出,力豐建材有限公司,56617180,0.00,30450.00,,,,其他與租用競選辦事處有關之費用,金錢,彰化縣芳苑鄉****,048-*****,否,,,,,,,
17,蔡詩傑,111年彰化縣二林鎮鎮長選舉,首次申報,1111103,人事費用支出,蔡禮謙,N12*******,0.00,30000.00,,,,工資或薪津,金錢,彰化縣二林鎮****,,是,蔡禮謙,,,,二親等以內親屬(父子),,
18,蔡詩傑,111年彰化縣二林鎮鎮長選舉,首次申報,1111104,宣傳支出,翰士頓開發商行,45682986,0.00,81900.00,,,,競選帽子,金錢,彰化縣溪湖鎮****,04-8*****,否,,,,,,,
19,蔡詩傑,111年彰化縣二林鎮鎮長選舉,首次申報,1111104,宣傳支出,翰士頓開發商行,45682986,0.00,25074.00,,,,競選背心,金錢,彰化縣溪湖鎮****,04-8*****,否,,,,,,,
20,蔡詩傑,111年彰化縣二林鎮鎮長選舉,首次申報,1111105,雜支支出,國聲電器行,24167562,0.00,53000.00,,,,雜項購置或修繕費用,金錢,彰化縣二林鎮****,,否,,,,,,,
21,蔡詩傑,111年彰化縣二林鎮鎮長選舉,首次申報,1111107,雜支支出,玄順事務通信行,70873549,0.00,9100.00,,,,網際網路費用,金錢,彰化縣溪湖鎮****,,否,,,,,,,
22,蔡詩傑,111年彰化縣二林鎮鎮長選舉,首次申報,1111109,雜支支出,萬家福傢俱行,73978737,0.00,7000.00,,,,雜項購置或修繕費用,金錢,彰化縣二林鎮****,048-*****,否,,,,,,,
23,蔡詩傑,111年彰化縣二林鎮鎮長選舉,首次申報,1111111,集會支出,松軒傳統藝術工作室,45516811,0.00,18000.00,,,,其他與集會有關之費用,金錢,彰化縣芳苑鄉****,048-*****,否,,,,,,,
24,蔡詩傑,111年彰化縣二林鎮鎮長選舉,首次申報,1111111,集會支出,小樓企業社,83815895,0.00,20000.00,,,,其他與集會有關之費用,金錢,彰化縣芳苑鄉****,0935*****,否,,,,,,,
25,蔡詩傑,111年彰化縣二林鎮鎮長選舉,首次申報,1111111,集會支出,競選總部,N12*******,0.00,7920.00,,,,餐飲費用,非金錢,彰化縣二林鎮****,,否,,,,,,,
26,蔡詩傑,111年彰化縣二林鎮鎮長選舉,首次申報,1111111,集會支出,競選總部,N12*******,0.00,5000.00,,,,餐飲費用,非金錢,彰化縣二林鎮****,,否,,,,,,,
27,蔡詩傑,111年彰化縣二林鎮鎮長選舉,首次申報,1111111,集會支出,競選總部,N12*******,0.00,11700.00,,,,其他與集會有關之費用,非金錢,彰化縣二林鎮****,,否,,,,,,,
28,蔡詩傑,111年彰化縣二林鎮鎮長選舉,首次申報,1111111,集會支出,競選總部,N12*******,0.00,23400.00,,,,其他與集會有關之費用,非金錢,彰化縣二林鎮****,,否,,,,,,,
29,蔡詩傑,111年彰化縣二林鎮鎮長選舉,首次申報,1111114,雜支支出,競選總部,N12*******,0.00,7200.00,,,,餐飲費用,非金錢,彰化縣二林鎮****,,否,,,,,,,
30,蔡詩傑,111年彰化縣二林鎮鎮長選舉,首次申報,1111115,租用競選辦事處支出,佳能設計組合企業社,88985004,0.00,78000.00,,,,裝潢競選辦事處費用,金錢,臺南市安定區****,0909*****,否,,,,,,,
31,蔡詩傑,111年彰化縣二林鎮鎮長選舉,首次申報,1111115,人事費用支出,王莉,N29*******,0.00,30000.00,,,,工資或薪津,金錢,彰化縣二林鎮****,,否,,,,,,,
32,蔡詩傑,111年彰化縣二林鎮鎮長選舉,首次申報,1111226,雜支支出,慶隆米店,,0.00,2000.00,,,,餐飲費用,金錢,彰化縣二林鎮****,,否,,,,,,,
