﻿序號,擬參選人／政黨,選舉名稱,申報序號／年度,交易日期,收支科目,捐贈者／支出對象,身分證／統一編號,收入金額,支出金額,捐贈方式,存入專戶日期,返還/繳庫,支出用途,金錢類,地址,聯絡電話,應揭露之支出對象,支出對象之內部人員姓名,支出對象之內部人員職稱,政黨之內部人員姓名,政黨之內部人員職稱,關係,更正註記,資料更正日期
1,黃紹聰,111年嘉義市市長選舉,首次申報,1110928,個人捐贈收入,鄭凱升,,1000.00,0.00,匯款,1110928,,,金錢,,0981*****,,,,,,,,
2,黃紹聰,111年嘉義市市長選舉,首次申報,1111006,個人捐贈收入,羅奕宸,,1000.00,0.00,匯款,1111006,,,金錢,,0929*****,,,,,,,,
3,黃紹聰,111年嘉義市市長選舉,首次申報,1111021,匿名捐贈,蘇敏昌,,6000.00,0.00,匯款,1111021,,,金錢,,,,,,,,,,
4,黃紹聰,111年嘉義市市長選舉,首次申報,1111024,匿名捐贈,趙清秀,,3000.00,0.00,匯款,1111024,,,金錢,,,,,,,,,,
5,黃紹聰,111年嘉義市市長選舉,首次申報,1111026,匿名捐贈,張進財,,3600.00,0.00,現金,1111031,,,金錢,,,,,,,,,,
6,黃紹聰,111年嘉義市市長選舉,首次申報,1111026,個人捐贈收入,盧重均,N12*******,20000.00,0.00,現金,1111031,,,金錢,嘉義市南京路****,,,,,,,,,
7,黃紹聰,111年嘉義市市長選舉,首次申報,1111026,個人捐贈收入,張家銘,Q12*******,10000.00,0.00,現金,1111031,,,金錢,臺南市北區南****,,,,,,,,,
8,黃紹聰,111年嘉義市市長選舉,首次申報,1111027,營利事業捐贈收入,共輪金屬工業股份有限公司,22950742,100000.00,0.00,匯款,1111027,,,金錢,嘉義縣民雄鄉****,05-2*****,,,,,,,,
9,黃紹聰,111年嘉義市市長選舉,首次申報,1111129,其他收入,存款利息收入,,11.00,0.00,匯款,,,,金錢,,,,,,,,,,
