﻿序號,擬參選人／政黨,選舉名稱,申報序號／年度,交易日期,收支科目,捐贈者／支出對象,身分證／統一編號,收入金額,支出金額,支出用途,金錢類,地址,聯絡電話,資料更正日期
1,錢自立,107年縣(市)議員選舉,首次申報,1070816,宣傳支出,世華社,67936513,0.00,3000.00,製作競選物品支出（文宣）,金錢,,,
2,錢自立,107年縣(市)議員選舉,首次申報,1070821,雜支支出,毅鋒鎖匙行,21521673,0.00,190.00,文具用品費用-印章,金錢,花蓮縣新城鄉****,,
3,錢自立,107年縣(市)議員選舉,首次申報,1070823,雜支支出,中華郵政,,0.00,44.00,電信費用-郵資,金錢,,,
4,錢自立,107年縣(市)議員選舉,首次申報,1070828,雜支支出,中華郵政,,0.00,36.00,電信費用-郵資,金錢,,,
5,錢自立,107年縣(市)議員選舉,首次申報,1070830,宣傳支出,余天強,U12*******,0.00,10000.00,租用廣告看板或車體廣告支出-租地設置選舉看板,金錢,花蓮縣秀林鄉****,,
6,錢自立,107年縣(市)議員選舉,首次申報,1070901,交通旅運支出,民益加油站有限公司,70711989,0.00,1020.00,油資,金錢,花蓮縣新城鄉****,,
7,錢自立,107年縣(市)議員選舉,首次申報,1070904,交通旅運支出,台灣中油,76966805,0.00,1040.00,油資,金錢,,,
8,錢自立,107年縣(市)議員選舉,首次申報,1070904,宣傳支出,祥志企業社,94828046,0.00,12040.00,製作競選物品支出（背心）,金錢,花蓮縣花蓮市****,,
9,錢自立,107年縣(市)議員選舉,首次申報,1070908,宣傳支出,世華社,67936513,0.00,3400.00,製作競選物品支出（雙面文宣）,金錢,,,
10,錢自立,107年縣(市)議員選舉,首次申報,1070910,交通旅運支出,台灣中油,76996805,0.00,1000.00,油資,金錢,,,
11,錢自立,107年縣(市)議員選舉,首次申報,1070913,宣傳支出,光耀國際股份有限公司,54578676,0.00,19000.00,製作競選物品支出（廣告口罩文宣）,金錢,臺南市東區文****,,
12,錢自立,107年縣(市)議員選舉,首次申報,1070914,交通旅運支出,台灣中油,76966805,0.00,1319.00,油資,金錢,,,
13,錢自立,107年縣(市)議員選舉,首次申報,1070918,交通旅運支出,台灣中油,76966805,0.00,1204.00,油資,金錢,,,
14,錢自立,107年縣(市)議員選舉,首次申報,1070921,交通旅運支出,台灣中油,76966805,0.00,1127.00,油資,金錢,,,
15,錢自立,107年縣(市)議員選舉,首次申報,1070921,宣傳支出,祥志企業社,94828046,0.00,12240.00,製作競選物品支出（背心）,金錢,,,
16,錢自立,107年縣(市)議員選舉,首次申報,1070923,雜支支出,毅鋒鎖匙行,21521673,0.00,1350.00,雜項購置或修繕費用-遙控器,金錢,,,
17,錢自立,107年縣(市)議員選舉,首次申報,1070925,交通旅運支出,台灣中油,76966805,0.00,1254.00,油資,金錢,,,
18,錢自立,107年縣(市)議員選舉,首次申報,1070929,交通旅運支出,台灣中油,76966805,0.00,1154.00,油資,金錢,,,
19,錢自立,107年縣(市)議員選舉,首次申報,1071002,雜支支出,麗崧書局,29279236,0.00,2160.00,雜項購置或修繕費用-黨旗,金錢,,,
20,錢自立,107年縣(市)議員選舉,首次申報,1071002,宣傳支出,好旺電繡社,37762894,0.00,7000.00,製作競選物品支出（電繡衣服及背帶）,金錢,,,
21,錢自立,107年縣(市)議員選舉,首次申報,1071005,交通旅運支出,台灣中油,76966805,0.00,1332.00,油資,金錢,,,
22,錢自立,107年縣(市)議員選舉,首次申報,1071010,交通旅運支出,台灣中油,76966805,0.00,1267.00,油資,金錢,,,
23,錢自立,107年縣(市)議員選舉,首次申報,1071012,宣傳支出,世華社,67936513,0.00,2300.00,製作競選物品支出（文宣）,金錢,,,
24,錢自立,107年縣(市)議員選舉,首次申報,1071016,雜支支出,祥詠農產,31433657,0.00,2800.00,雜項購置或修繕費用-糖果餅乾,金錢,,,
25,錢自立,107年縣(市)議員選舉,首次申報,1071016,宣傳支出,世華社,67936513,0.00,2000.00,製作競選物品支出（文宣加工）,金錢,,,
26,錢自立,107年縣(市)議員選舉,首次申報,1071016,宣傳支出,世華社,67936513,0.00,1600.00,製作競選物品支出（文宣）,金錢,,,
27,錢自立,107年縣(市)議員選舉,首次申報,1071017,交通旅運支出,台灣中油,76966805,0.00,1313.00,油資,金錢,,,
28,錢自立,107年縣(市)議員選舉,首次申報,1071019,宣傳支出,世華社,67936513,0.00,2000.00,製作競選物品支出（文宣加工）,金錢,,,
29,錢自立,107年縣(市)議員選舉,首次申報,1071021,交通旅運支出,台灣中油-新城站,13974547,0.00,1341.00,油資,金錢,,,
30,錢自立,107年縣(市)議員選舉,首次申報,1071022,宣傳支出,光耀國際股份有限公司,54578676,0.00,7600.00,製作競選物品支出（廣告口罩瑄）,金錢,,,
31,錢自立,107年縣(市)議員選舉,首次申報,1071024,雜支支出,甜村烘培坊,37995795,0.00,800.00,餐飲費用-麵包,金錢,,,
32,錢自立,107年縣(市)議員選舉,首次申報,1071024,宣傳支出,世華社,67936513,0.00,12000.00,製作競選物品支出（文宣-邀請卡）,金錢,,,
33,錢自立,107年縣(市)議員選舉,首次申報,1071025,雜支支出,昶莊百貨批發有限公司,37772393,0.00,76.00,文具用品費用-公文封,金錢,,,
34,錢自立,107年縣(市)議員選舉,首次申報,1071026,雜支支出,昶莊百貨批發有限公司,37772393,0.00,398.00,文具用品費用-公文封,金錢,,,
35,錢自立,107年縣(市)議員選舉,首次申報,1071026,宣傳支出,楊廣輝,U10*******,0.00,6000.00,租用廣告看板或車體廣告支出-租用牆壁設置選舉看板,金錢,花蓮縣新城鄉****,,
36,錢自立,107年縣(市)議員選舉,首次申報,1071029,宣傳支出,中華郵政,,0.00,156.00,郵寄競選物品或宣傳廣告支出,金錢,,,
37,錢自立,107年縣(市)議員選舉,首次申報,1071029,宣傳支出,中華郵政,,0.00,222.00,郵寄競選物品或宣傳廣告支出,金錢,,,
38,錢自立,107年縣(市)議員選舉,首次申報,1071029,交通旅運支出,台灣中油,76966811,0.00,1362.00,油資,金錢,,,
39,錢自立,107年縣(市)議員選舉,首次申報,1071030,雜支支出,昶莊百貨批發有限公司,37772393,0.00,161.00,雜項購置或修繕費用-大圓盤,金錢,,,
40,錢自立,107年縣(市)議員選舉,首次申報,1071030,宣傳支出,笑笑笑國際股份有限公司花蓮中正分公司,80595051,0.00,24000.00,製作競選物品支出（筆）,金錢,,,
41,錢自立,107年縣(市)議員選舉,首次申報,1071030,雜支支出,笑笑笑國際股份有限公司花蓮中正分公司,80595051,0.00,378.00,文具用品費用-公文封,金錢,,,
42,錢自立,107年縣(市)議員選舉,首次申報,1071031,宣傳支出,中華郵政,,0.00,1200.00,郵寄競選物品或宣傳廣告支出,金錢,,,
43,錢自立,107年縣(市)議員選舉,首次申報,1071031,宣傳支出,中華郵政,,0.00,192.00,郵寄競選物品或宣傳廣告支出,金錢,,,
44,錢自立,107年縣(市)議員選舉,首次申報,1071031,宣傳支出,天順百貨行,77701796,0.00,24320.00,製作競選物品支出（背心）,金錢,,,
45,錢自立,107年縣(市)議員選舉,首次申報,1071101,雜支支出,弦昇高級金香專賣店,08123878,0.00,250.00,雜項購置或修繕費用-金紙香燭,金錢,,,
46,錢自立,107年縣(市)議員選舉,首次申報,1071101,雜支支出,文庸水果行,08137943,0.00,680.00,餐飲費用-水果,金錢,,,
47,錢自立,107年縣(市)議員選舉,首次申報,1071101,雜支支出,文庸水果行,08137943,0.00,1400.00,餐飲費用-水果,金錢,,,
48,錢自立,107年縣(市)議員選舉,首次申報,1071101,宣傳支出,設無極廣告企業設,10630463,0.00,24000.00,製作宣傳廣告支出-廣告帆布,金錢,,,
49,錢自立,107年縣(市)議員選舉,首次申報,1071101,宣傳支出,高格調精品格子屋,10855292,0.00,2700.00,製作競選物品支出（模擬選票印刷）,金錢,,,
50,錢自立,107年縣(市)議員選舉,首次申報,1071101,租用競選辦事處支出,金鼎企業設,30121776,0.00,7900.00,裝潢競選辦事處支出-棚架及椅子,金錢,,,
51,錢自立,107年縣(市)議員選舉,首次申報,1071101,租用競選辦事處支出,金鼎企業設,30121776,0.00,21700.00,裝潢競選辦事處支出-棚架及椅子,金錢,,,
52,錢自立,107年縣(市)議員選舉,首次申報,1071101,宣傳支出,海棠事業社,30184223,0.00,6000.00,製作宣傳廣告支出-宣傳車錄音錄製,金錢,,,
53,錢自立,107年縣(市)議員選舉,首次申報,1071101,雜支支出,楊梅商行,30207099,0.00,3570.00,餐飲費用-茶品,金錢,,,
54,錢自立,107年縣(市)議員選舉,首次申報,1071101,雜支支出,農益青菓行,30350284,0.00,710.00,餐飲費用-水果,金錢,,,
55,錢自立,107年縣(市)議員選舉,首次申報,1071101,雜支支出,昶莊百貨批發有限公司,37772393,0.00,278.00,餐飲費用-飲品,金錢,,,
56,錢自立,107年縣(市)議員選舉,首次申報,1071101,雜支支出,金同利香舖,78041040,0.00,600.00,雜項購置或修繕費用-萬炮,金錢,,,
57,錢自立,107年縣(市)議員選舉,首次申報,1071101,宣傳支出,先捷行,78042441,0.00,90000.00,製作競選物品支出（影片剪輯製作）,金錢,花蓮縣花蓮市****,,
58,錢自立,107年縣(市)議員選舉,首次申報,1071102,雜支支出,中華郵政,,0.00,28.00,電信費用-郵資,金錢,,,
59,錢自立,107年縣(市)議員選舉,首次申報,1071102,宣傳支出,巨龍企業商行,10532815,0.00,29750.00,製作競選物品支出（帽子）,金錢,,,
60,錢自立,107年縣(市)議員選舉,首次申報,1071102,宣傳支出,統成企業社,15790447,0.00,11660.00,製作宣傳廣告支出-彩色影印,金錢,,,
61,錢自立,107年縣(市)議員選舉,首次申報,1071102,雜支支出,昶莊百貨批發有限公司,37772393,0.00,99.00,文具用品費用-筆及題名簿,金錢,,,
62,錢自立,107年縣(市)議員選舉,首次申報,1071102,雜支支出,大眾書城,64809789,0.00,30.00,雜項購置或修繕費用-手拉花,金錢,,,
63,錢自立,107年縣(市)議員選舉,首次申報,1071102,宣傳支出,巧禮企業社,99001396,0.00,30000.00,製作競選物品支出（立旗）,金錢,,,
64,錢自立,107年縣(市)議員選舉,首次申報,1071102,雜支支出,唯美包子專賣店,99426035,0.00,580.00,餐飲費用-菜包,金錢,,,
65,錢自立,107年縣(市)議員選舉,首次申報,1071103,租用宣傳車輛支出,大自然企業社,18063890,0.00,15000.00,租用宣傳車輛支出,金錢,,,
66,錢自立,107年縣(市)議員選舉,首次申報,1071103,集會支出,甜村烘焙屋,37995795,0.00,10000.00,餐飲支出-麵包,金錢,,,
67,錢自立,107年縣(市)議員選舉,首次申報,1071103,宣傳支出,欣正和文具行,41464714,0.00,6174.00,製作競選物品支出（尺國旗連桿）,金錢,,,
68,錢自立,107年縣(市)議員選舉,首次申報,1071103,雜支支出,一心禮店,64807065,0.00,4000.00,雜項購置或修繕費用-彩球,金錢,,,
69,錢自立,107年縣(市)議員選舉,首次申報,1071103,交通旅運支出,花東之星通運有限公司,75971604,0.00,9000.00,搭乘交通工具支出-租遊覽車,金錢,,,
70,錢自立,107年縣(市)議員選舉,首次申報,1071103,雜支支出,唯美包子專賣店,99426035,0.00,340.00,餐飲費用-菜包,金錢,,,
71,錢自立,107年縣(市)議員選舉,首次申報,1071103,集會支出,慈勝商行,99530733,0.00,15000.00,餐飲支出-飯糰,金錢,,,
72,錢自立,107年縣(市)議員選舉,首次申報,1071103,宣傳支出,徐景能,H10*******,0.00,3000.00,演講或表演支出,金錢,花蓮縣新城鄉****,,
73,錢自立,107年縣(市)議員選舉,首次申報,1071103,宣傳支出,賴春美,Q20*******,0.00,3000.00,演講或表演支出,金錢,花蓮縣新城鄉****,,
74,錢自立,107年縣(市)議員選舉,首次申報,1071103,宣傳支出,潘菊仔,U20*******,0.00,3600.00,演講或表演支出,金錢,花蓮縣新城鄉****,,
75,錢自立,107年縣(市)議員選舉,首次申報,1071103,宣傳支出,陳阿桔,U22*******,0.00,3000.00,演講或表演支出,金錢,花蓮縣新城鄉****,,
76,錢自立,107年縣(市)議員選舉,首次申報,1071103,宣傳支出,王秋香,U22*******,0.00,3000.00,演講或表演支出,金錢,花蓮縣新城鄉****,,
77,錢自立,107年縣(市)議員選舉,首次申報,1071104,交通旅運支出,台灣中油-民益加油站,70711989,0.00,1314.00,油資,金錢,,,
78,錢自立,107年縣(市)議員選舉,首次申報,1071104,雜支支出,慈勝商行,99530733,0.00,1200.00,餐飲費用,金錢,,,
79,錢自立,107年縣(市)議員選舉,首次申報,1071105,雜支支出,新秀農會供銷部,08145057,0.00,49.00,雜項購置或修繕費用-清潔袋,金錢,,,
80,錢自立,107年縣(市)議員選舉,首次申報,1071105,雜支支出,慈勝商行,99530733,0.00,1200.00,餐飲費用-餐點,金錢,,,
81,錢自立,107年縣(市)議員選舉,首次申報,1071106,雜支支出,東昇便當,15791797,0.00,80.00,餐飲費用-便當,金錢,,,
82,錢自立,107年縣(市)議員選舉,首次申報,1071106,雜支支出,慈勝商行,99530733,0.00,600.00,餐飲費用-餐點,金錢,,,
83,錢自立,107年縣(市)議員選舉,首次申報,1071107,宣傳支出,巨龍企業商行,10532815,0.00,28000.00,製作競選物品支出（帽子）,金錢,,,
84,錢自立,107年縣(市)議員選舉,首次申報,1071107,雜支支出,新老牌牛肉麵,15789568,0.00,110.00,餐飲費用-便餐,金錢,,,
85,錢自立,107年縣(市)議員選舉,首次申報,1071107,雜支支出,陳記燒腊店,20066303,0.00,80.00,餐飲費用-便當,金錢,,,
86,錢自立,107年縣(市)議員選舉,首次申報,1071107,雜支支出,慈勝商行,99530733,0.00,600.00,餐飲費用-餐點,金錢,,,
87,錢自立,107年縣(市)議員選舉,首次申報,1071108,雜支支出,北埔小吃,18062365,0.00,95.00,餐飲費用-便當,金錢,,,
88,錢自立,107年縣(市)議員選舉,首次申報,1071108,雜支支出,陳記燒腊店,20066303,0.00,80.00,餐飲費用-便當,金錢,,,
89,錢自立,107年縣(市)議員選舉,首次申報,1071108,雜支支出,北埔書局有限公司,89231686,0.00,140.00,文具用品費用-美工刀,金錢,,,
90,錢自立,107年縣(市)議員選舉,首次申報,1071108,雜支支出,慈勝商行,99530733,0.00,600.00,餐飲費用-餐點,金錢,,,
91,錢自立,107年縣(市)議員選舉,首次申報,1071109,雜支支出,新秀農會供銷部,08145057,0.00,210.00,雜項購置或修繕費用-紙杯,金錢,,,
92,錢自立,107年縣(市)議員選舉,首次申報,1071109,雜支支出,北埔小吃,18062365,0.00,80.00,餐飲費用-便當,金錢,,,
93,錢自立,107年縣(市)議員選舉,首次申報,1071109,雜支支出,陳記燒腊店,20066303,0.00,160.00,餐飲費用-便當,金錢,,,
94,錢自立,107年縣(市)議員選舉,首次申報,1071109,雜支支出,慈勝商行,99530733,0.00,600.00,餐飲費用-餐點,金錢,,,
95,錢自立,107年縣(市)議員選舉,首次申報,1071110,雜支支出,新城爌肉飯,13962562,0.00,180.00,餐飲費用-便當,金錢,,,
96,錢自立,107年縣(市)議員選舉,首次申報,1071110,雜支支出,林嘉香扁時專賣店,26796263,0.00,85.00,餐飲費用-扁食,金錢,,,
97,錢自立,107年縣(市)議員選舉,首次申報,1071110,雜支支出,7-11(北埔),27250108,0.00,150.00,雜項購置或修繕費用-電池,金錢,,,
98,錢自立,107年縣(市)議員選舉,首次申報,1071111,雜支支出,陳記燒腊店,20066303,0.00,400.00,餐飲費用-便當,金錢,,,
99,錢自立,107年縣(市)議員選舉,首次申報,1071111,雜支支出,大勝商行,37828690,0.00,1400.00,餐飲費用-花生瓜子,金錢,,,
100,錢自立,107年縣(市)議員選舉,首次申報,1071111,雜支支出,游氏五金百貨行,49996159,0.00,45.00,雜項購置或修繕費用-電器膠帶,金錢,,,
101,錢自立,107年縣(市)議員選舉,首次申報,1071111,雜支支出,大昇行,66954180,0.00,75.00,雜項購置或修繕費用-束線,金錢,,,
102,錢自立,107年縣(市)議員選舉,首次申報,1071111,交通旅運支出,台灣中油,76966805,0.00,1326.00,油資,金錢,,,
103,錢自立,107年縣(市)議員選舉,首次申報,1071112,雜支支出,新秀農會供銷部,08145057,0.00,105.00,雜項購置或修繕費用-紙杯,金錢,,,
104,錢自立,107年縣(市)議員選舉,首次申報,1071112,宣傳支出,巨龍企業商行,10532815,0.00,29925.00,製作競選物品支出（帽子）,金錢,,,
105,錢自立,107年縣(市)議員選舉,首次申報,1071112,雜支支出,陳記燒腊店,20066303,0.00,80.00,餐飲費用-便當,金錢,,,
106,錢自立,107年縣(市)議員選舉,首次申報,1071112,雜支支出,昶莊百貨批發有限公司,37772393,0.00,518.00,雜項購置或修繕費用-USB,金錢,,,
107,錢自立,107年縣(市)議員選舉,首次申報,1071112,租用競選辦事處支出,錡峰通信行,78041294,0.00,69930.00,裝潢競選辦事處支出-監視系統,金錢,花蓮縣吉安鄉****,,
108,錢自立,107年縣(市)議員選舉,首次申報,1071112,雜支支出,慈勝商行,99530733,0.00,600.00,餐飲費用-餐點,金錢,,,
109,錢自立,107年縣(市)議員選舉,首次申報,1071113,雜支支出,北埔小吃,18062365,0.00,95.00,餐飲費用-便當,金錢,,,
110,錢自立,107年縣(市)議員選舉,首次申報,1071113,雜支支出,陳記燒腊店,20066303,0.00,80.00,餐飲費用-便當,金錢,,,
111,錢自立,107年縣(市)議員選舉,首次申報,1071113,雜支支出,慈勝商行,99530733,0.00,600.00,餐飲費用-餐點,金錢,,,
112,錢自立,107年縣(市)議員選舉,首次申報,1071114,雜支支出,翔詠農產,31433657,0.00,2020.00,餐飲費用-糖果餅乾,金錢,,,
113,錢自立,107年縣(市)議員選舉,首次申報,1071114,宣傳支出,大力廣告商行,41009167,0.00,2000.00,製作競選物品支出（圓形號碼）,金錢,,,
114,錢自立,107年縣(市)議員選舉,首次申報,1071114,租用競選辦事處支出,碁泰建設有限公司,53868873,0.00,10000.00,租用競選辦事處費用-租金支出,金錢,,,
115,錢自立,107年縣(市)議員選舉,首次申報,1071114,雜支支出,慈勝商行,99530733,0.00,600.00,餐飲費用-餐點,金錢,,,
116,錢自立,107年縣(市)議員選舉,首次申報,1071115,交通旅運支出,台灣中油-新城站,13974547,0.00,813.00,油資,金錢,,,
117,錢自立,107年縣(市)議員選舉,首次申報,1071115,雜支支出,陳記燒腊店,20066303,0.00,160.00,餐飲費用-便當,金錢,,,
118,錢自立,107年縣(市)議員選舉,首次申報,1071115,雜支支出,慈勝商行,99530733,0.00,600.00,餐飲費用-餐點,金錢,,,
119,錢自立,107年縣(市)議員選舉,首次申報,1071116,雜支支出,新秀農會供銷部,08145057,0.00,98.00,雜項購置或修繕費用-清潔袋,金錢,,,
120,錢自立,107年縣(市)議員選舉,首次申報,1071116,宣傳支出,巨龍企業商行,10532815,0.00,26180.00,製作競選物品支出（帽子）,金錢,,,
121,錢自立,107年縣(市)議員選舉,首次申報,1071116,雜支支出,北埔小吃,18062365,0.00,95.00,餐飲費用-便當,金錢,,,
122,錢自立,107年縣(市)議員選舉,首次申報,1071116,雜支支出,陳記燒腊店,20066303,0.00,160.00,餐飲費用-便當,金錢,,,
123,錢自立,107年縣(市)議員選舉,首次申報,1071116,雜支支出,慈勝商行,99530733,0.00,600.00,餐飲費用-餐點,金錢,,,
124,錢自立,107年縣(市)議員選舉,首次申報,1071117,雜支支出,7-11(蓮嘉),16746595,0.00,106.00,餐飲費用-泡麵,金錢,,,
125,錢自立,107年縣(市)議員選舉,首次申報,1071117,雜支支出,家樂福,16748448,0.00,720.00,餐飲費用-泡麵,金錢,,,
126,錢自立,107年縣(市)議員選舉,首次申報,1071117,雜支支出,陳記燒腊店,20066303,0.00,650.00,餐飲費用-便當,金錢,,,
127,錢自立,107年縣(市)議員選舉,首次申報,1071117,雜支支出,1999百貨有限公司,24371852,0.00,208.00,雜項購置或修繕費用-衛生紙,金錢,,,
128,錢自立,107年縣(市)議員選舉,首次申報,1071117,雜支支出,翔詠農產,31433657,0.00,1500.00,餐飲費用-瓜子花生,金錢,,,
129,錢自立,107年縣(市)議員選舉,首次申報,1071117,交通旅運支出,台灣中油,76966805,0.00,1204.00,油資,金錢,,,
130,錢自立,107年縣(市)議員選舉,首次申報,1071119,宣傳支出,巨龍企業商行,10532815,0.00,26145.00,製作競選物品支出（旗子）,金錢,,,
131,錢自立,107年縣(市)議員選舉,首次申報,1071119,雜支支出,東昇便當,15791797,0.00,560.00,餐飲費用-便當,金錢,,,
132,錢自立,107年縣(市)議員選舉,首次申報,1071119,雜支支出,北埔小吃,18062365,0.00,160.00,餐飲費用-便當,金錢,,,
133,錢自立,107年縣(市)議員選舉,首次申報,1071119,雜支支出,林嘉香扁食,26796263,0.00,95.00,餐飲費用-扁食,金錢,,,
134,錢自立,107年縣(市)議員選舉,首次申報,1071119,雜支支出,翔詠農產,31433657,0.00,1200.00,餐飲費用-花生餅乾,金錢,,,
135,錢自立,107年縣(市)議員選舉,首次申報,1071119,雜支支出,慈勝商行,99530733,0.00,600.00,餐飲費用-餐點,金錢,,,
136,錢自立,107年縣(市)議員選舉,首次申報,1071120,雜支支出,新秀農會供銷部,08145057,0.00,175.00,雜項購置或修繕費用-紙杯,金錢,,,
137,錢自立,107年縣(市)議員選舉,首次申報,1071120,雜支支出,林嘉香扁食,26796263,0.00,85.00,餐飲費用-扁食,金錢,,,
138,錢自立,107年縣(市)議員選舉,首次申報,1071120,雜支支出,翔詠農產,31433657,0.00,2250.00,雜項購置或修繕費用-糖果餅乾,金錢,,,
139,錢自立,107年縣(市)議員選舉,首次申報,1071120,交通旅運支出,台灣中油,76966805,0.00,1252.00,油資,金錢,,,
140,錢自立,107年縣(市)議員選舉,首次申報,1071120,雜支支出,北埔書局,89231686,0.00,25.00,文具用品費用-公文封,金錢,,,
141,錢自立,107年縣(市)議員選舉,首次申報,1071120,租用競選辦事處支出,新信美傢俱行,94736145,0.00,19400.00,裝潢競選辦事處支出-椅子,金錢,,,
142,錢自立,107年縣(市)議員選舉,首次申報,1071120,雜支支出,慈勝商行,99530733,0.00,600.00,餐飲費用-餐點,金錢,,,
143,錢自立,107年縣(市)議員選舉,首次申報,1071121,租用競選辦事處支出,文鴻企業社,13975237,0.00,15000.00,租用競選辦事處費用-租用音響,金錢,,,
144,錢自立,107年縣(市)議員選舉,首次申報,1071121,集會支出,東昇便當,15791797,0.00,4400.00,餐飲支出-便當,金錢,,,
145,錢自立,107年縣(市)議員選舉,首次申報,1071121,宣傳支出,世華社,67936513,0.00,4400.00,製作競選物品支出（雙面文宣）,金錢,,,
146,錢自立,107年縣(市)議員選舉,首次申報,1071121,雜支支出,慈勝商行,99530733,0.00,600.00,餐飲費用-餐點,金錢,,,
147,錢自立,107年縣(市)議員選舉,首次申報,1071121,人事費用支出,吳俊男,D12*******,0.00,2000.00,其他因工作酬勞之給付-遊行車隊駕駛,金錢,花蓮縣新城鄉****,,
148,錢自立,107年縣(市)議員選舉,首次申報,1071121,人事費用支出,胡毓勇,H10*******,0.00,2000.00,其他因工作酬勞之給付-遊行車隊駕駛,金錢,花蓮縣新城鄉****,,
149,錢自立,107年縣(市)議員選舉,首次申報,1071121,人事費用支出,李永生,U10*******,0.00,1000.00,其他因工作酬勞之給付-遊行車隊駕駛,金錢,花蓮縣新城鄉****,,
150,錢自立,107年縣(市)議員選舉,首次申報,1071121,人事費用支出,郭濬森,U12*******,0.00,2000.00,其他因工作酬勞之給付-遊行車隊駕駛,金錢,花蓮縣新城鄉****,,
151,錢自立,107年縣(市)議員選舉,首次申報,1071121,人事費用支出,周繼華,U12*******,0.00,2000.00,其他因工作酬勞之給付-遊行車隊駕駛,金錢,花蓮縣新城鄉****,,
152,錢自立,107年縣(市)議員選舉,首次申報,1071121,人事費用支出,彭昌苔,U12*******,0.00,500.00,其他因工作酬勞之給付-遊行車隊隨車人員,金錢,花蓮縣新城鄉****,,
153,錢自立,107年縣(市)議員選舉,首次申報,1071121,人事費用支出,徐建國,U12*******,0.00,2000.00,其他因工作酬勞之給付-遊行車隊駕駛,金錢,花蓮縣新城鄉****,,
154,錢自立,107年縣(市)議員選舉,首次申報,1071121,人事費用支出,楊子強,U12*******,0.00,2000.00,其他因工作酬勞之給付-遊行車隊駕駛,金錢,花蓮縣新城鄉****,,
155,錢自立,107年縣(市)議員選舉,首次申報,1071121,人事費用支出,吳春貴,U12*******,0.00,250.00,其他因工作酬勞之給付-遊行車隊隨車人員,金錢,花蓮縣新城鄉****,,
156,錢自立,107年縣(市)議員選舉,首次申報,1071121,人事費用支出,黃玉葉,U22*******,0.00,250.00,其他因工作酬勞之給付-遊行車隊隨車人員,金錢,花蓮縣花蓮市****,,
157,錢自立,107年縣(市)議員選舉,首次申報,1071121,人事費用支出,林紫羚,U22*******,0.00,2000.00,其他因工作酬勞之給付-遊行廣播員,金錢,花蓮縣秀林鄉****,,
158,錢自立,107年縣(市)議員選舉,首次申報,1071121,人事費用支出,徐豫垠,U22*******,0.00,1000.00,其他因工作酬勞之給付-遊行車隊駕駛,金錢,花蓮縣新城鄉****,,
159,錢自立,107年縣(市)議員選舉,首次申報,1071121,人事費用支出,林華女,U29*******,0.00,250.00,其他因工作酬勞之給付-遊行車隊隨車人員,金錢,花蓮縣新城鄉****,,
160,錢自立,107年縣(市)議員選舉,首次申報,1071121,人事費用支出,周順容,U29*******,0.00,250.00,其他因工作酬勞之給付-遊行車隊隨車人員,金錢,花蓮縣新城鄉****,,
161,錢自立,107年縣(市)議員選舉,首次申報,1071121,人事費用支出,陳妹,Y20*******,0.00,250.00,其他因工作酬勞之給付-遊行車隊隨車人員,金錢,花蓮縣新城鄉****,,
162,錢自立,107年縣(市)議員選舉,首次申報,1071122,雜支支出,北埔小吃,18062365,0.00,240.00,餐飲費用-便當,金錢,,,
163,錢自立,107年縣(市)議員選舉,首次申報,1071122,雜支支出,林嘉香扁食,26796263,0.00,95.00,餐飲費用-扁食,金錢,,,
164,錢自立,107年縣(市)議員選舉,首次申報,1071122,雜支支出,慈勝商行,99530733,0.00,600.00,餐飲費用-餐點,金錢,,,
165,錢自立,107年縣(市)議員選舉,首次申報,1071123,雜支支出,林嘉香扁食,26796263,0.00,350.00,餐飲費用-扁食,金錢,,,
166,錢自立,107年縣(市)議員選舉,首次申報,1071123,租用競選辦事處支出,力全輕鋼架工程行,31790752,0.00,22313.00,裝潢競選辦事處支出,金錢,,,
167,錢自立,107年縣(市)議員選舉,首次申報,1071123,雜支支出,東大水果行,64815847,0.00,400.00,餐飲費用-水果,金錢,,,
168,錢自立,107年縣(市)議員選舉,首次申報,1071123,雜支支出,世華社,67936513,0.00,750.00,雜項購置或修繕費用-統計表,金錢,,,
169,錢自立,107年縣(市)議員選舉,首次申報,1071123,交通旅運支出,台灣中油-民益加油站,70711989,0.00,400.00,油資,金錢,,,
170,錢自立,107年縣(市)議員選舉,首次申報,1071123,雜支支出,慈勝商行,99530733,0.00,600.00,餐飲費用-餐點,金錢,,,
171,錢自立,107年縣(市)議員選舉,首次申報,1071123,人事費用支出,韋佩玲,H22*******,0.00,1540.00,其他因工作酬勞之給付-挨家挨戶發傳單,金錢,花蓮縣新城鄉****,,
172,錢自立,107年縣(市)議員選舉,首次申報,1071123,人事費用支出,李旭仁,S12*******,0.00,10000.00,工資或薪津-競選總部值班人員,金錢,花蓮縣新城鄉****,,
173,錢自立,107年縣(市)議員選舉,首次申報,1071123,人事費用支出,李文彬,U12*******,0.00,10000.00,工資或薪津-競選總部值班人員,金錢,花蓮縣光復鄉****,,
174,錢自立,107年縣(市)議員選舉,首次申報,1071123,人事費用支出,王育軒,U12*******,0.00,35000.00,工資或薪津-宣傳車駕駛,金錢,花蓮縣新城鄉****,,
175,錢自立,107年縣(市)議員選舉,首次申報,1071123,人事費用支出,王從子,U12*******,0.00,35000.00,工資或薪津-宣傳車駕駛,金錢,花蓮縣新城鄉****,,
176,錢自立,107年縣(市)議員選舉,首次申報,1071123,人事費用支出,童孝康,U12*******,0.00,560.00,其他因工作酬勞之給付-挨家挨戶發傳單,金錢,花蓮縣新城鄉****,,
177,錢自立,107年縣(市)議員選舉,首次申報,1071123,人事費用支出,李文彬,U12*******,0.00,560.00,其他因工作酬勞之給付-挨家挨戶發傳單,金錢,花蓮縣光復鄉****,,
178,錢自立,107年縣(市)議員選舉,首次申報,1071123,人事費用支出,羅淑珍,U22*******,0.00,560.00,其他因工作酬勞之給付-挨家挨戶發傳單,金錢,花蓮縣光復鄉****,,
179,錢自立,107年縣(市)議員選舉,首次申報,1071123,人事費用支出,羅淑珍,U22*******,0.00,10000.00,工資或薪津-競選總部值班人員,金錢,花蓮縣光復鄉****,,
180,錢自立,107年縣(市)議員選舉,首次申報,1071123,人事費用支出,閻兆年,U29*******,0.00,10000.00,工資或薪津-競選總部值班人員,金錢,花蓮縣新城鄉****,,
181,錢自立,107年縣(市)議員選舉,首次申報,1071123,人事費用支出,郭壽琴,U29*******,0.00,700.00,其他因工作酬勞之給付-挨家挨戶發傳單,金錢,花蓮縣新城鄉****,,
182,錢自立,107年縣(市)議員選舉,首次申報,1071123,人事費用支出,羅中秀,U29*******,0.00,420.00,其他因工作酬勞之給付-挨家挨戶發傳單,金錢,花蓮縣新城鄉****,,
183,錢自立,107年縣(市)議員選舉,首次申報,1071123,人事費用支出,林華女,U29*******,0.00,420.00,其他因工作酬勞之給付-挨家挨戶發傳單,金錢,花蓮縣新城鄉****,,
184,錢自立,107年縣(市)議員選舉,首次申報,1071123,人事費用支出,曹宣英,U29*******,0.00,420.00,其他因工作酬勞之給付-挨家挨戶發傳單,金錢,花蓮縣新城鄉****,,
185,錢自立,107年縣(市)議員選舉,首次申報,1071123,人事費用支出,石潤桃,U29*******,0.00,1780.00,其他因工作酬勞之給付-挨家挨戶發傳單,金錢,花蓮縣新城鄉****,,
186,錢自立,107年縣(市)議員選舉,首次申報,1071123,人事費用支出,馮雅,U29*******,0.00,1960.00,其他因工作酬勞之給付-挨家挨戶發傳單,金錢,花蓮縣新城鄉****,,
187,錢自立,107年縣(市)議員選舉,首次申報,1071123,人事費用支出,陳妹,Y20*******,0.00,2800.00,其他因工作酬勞之給付-挨家挨戶發傳單,金錢,花蓮縣新城鄉****,,
188,錢自立,107年縣(市)議員選舉,首次申報,1071124,雜支支出,東昇便當,15791797,0.00,360.00,餐飲費用-便當,金錢,,,
189,錢自立,107年縣(市)議員選舉,首次申報,1071124,雜支支出,北埔小吃店,18062365,0.00,800.00,餐飲費用-便當,金錢,,,
190,錢自立,107年縣(市)議員選舉,首次申報,1071124,雜支支出,翔詠農產,31433657,0.00,600.00,餐飲費用-花生,金錢,,,
191,錢自立,107年縣(市)議員選舉,首次申報,1071124,雜支支出,萬郁有限公司,42760489,0.00,180.00,餐飲費用-扁食,金錢,,,
192,錢自立,107年縣(市)議員選舉,首次申報,1071129,宣傳支出,戰將廣告社,26794173,0.00,157700.00,製作宣傳廣告支出-選舉看板,金錢,花蓮縣新城鄉****,,
193,錢自立,107年縣(市)議員選舉,首次申報,1071228,返還支出,碁泰建設有限公司,53868873,0.00,10000.00,返還,金錢,花蓮縣吉安鄉****,,
