﻿序號,擬參選人／政黨,選舉名稱,申報序號／年度,交易日期,收支科目,捐贈者／支出對象,身分證／統一編號,收入金額,支出金額,捐贈方式,存入專戶日期,返還/繳庫,支出用途,金錢類,地址,聯絡電話,應揭露之支出對象,支出對象之內部人員姓名,支出對象之內部人員職稱,政黨之內部人員姓名,政黨之內部人員職稱,關係,更正註記,資料更正日期
1,藍士博,111年桃園市議員選舉,首次申報,1110501,交通旅運支出,台灣中油三民站,98249357,0.00,1422.00,,,,油資,金錢,桃園市桃園區****,,否,,,,,,,
2,藍士博,111年桃園市議員選舉,首次申報,1110505,雜支支出,玉山銀行桃園分行,,0.00,30.00,,,,銀行手續費,金錢,桃園市桃園區****,,否,,,,,,,
3,藍士博,111年桃園市議員選舉,首次申報,1110505,雜支支出,玉山銀行桃園分行,,0.00,30.00,,,,銀行手續費,金錢,桃園市桃園區****,,否,,,,,,,
4,藍士博,111年桃園市議員選舉,首次申報,1110505,人事費用支出,許毅全,E12*******,0.00,30080.00,,,,工資或薪津,金錢,高雄市三民區****,,否,,,,,,,
5,藍士博,111年桃園市議員選舉,首次申報,1110505,人事費用支出,詹靖宸,F12*******,0.00,30080.00,,,,工資或薪津,金錢,桃園市桃園區****,0931*****,否,,,,,,,
6,藍士博,111年桃園市議員選舉,首次申報,1110505,租用競選辦事處支出,黃崇鍾,H10*******,0.00,30000.00,,,,租用競選辦事處費用,金錢,桃園市桃園區****,0932*****,否,,,,,,,
7,藍士博,111年桃園市議員選舉,首次申報,1110507,雜支支出,宜家家居股份有限公司桃園分公司,27357360,0.00,1039.00,,,,雜項購置或修繕費用,金錢,桃園市中壢區****,,否,,,,,,,
8,藍士博,111年桃園市議員選舉,首次申報,1110507,交通旅運支出,台灣中油八德站,43814619,0.00,1193.00,,,,油資,金錢,桃園市八德區****,,否,,,,,,,
9,藍士博,111年桃園市議員選舉,首次申報,1110510,交通旅運支出,台灣中油中山站,43047309,0.00,1300.00,,,,油資,金錢,桃園市中壢區****,,否,,,,,,,
10,藍士博,111年桃園市議員選舉,首次申報,1110511,雜支支出,玉山銀行桃園分行,,0.00,30.00,,,,銀行手續費,金錢,桃園市桃園區****,,否,,,,,,,
11,藍士博,111年桃園市議員選舉,首次申報,1110511,雜支支出,玉山銀行桃園分行,,0.00,30.00,,,,銀行手續費,金錢,桃園市桃園區****,,否,,,,,,,
12,藍士博,111年桃園市議員選舉,首次申報,1110511,宣傳支出,大器廣告有限公司,53170974,0.00,80000.00,,,,廣告費用,金錢,桃園市桃園區****,,否,,,,,,,
13,藍士博,111年桃園市議員選舉,首次申報,1110511,宣傳支出,邱奕銓,H12*******,0.00,10000.00,,,,廣告費用,金錢,桃園市桃園區****,,否,,,,,,,
14,藍士博,111年桃園市議員選舉,首次申報,1110512,雜支支出,太慶鎖匙刻印店,20436100,0.00,300.00,,,,雜項購置或修繕費用,金錢,桃園市桃園區****,,否,,,,,,,
15,藍士博,111年桃園市議員選舉,首次申報,1110518,雜支支出,玉山銀行桃園分行,,0.00,30.00,,,,銀行手續費,金錢,桃園市桃園區****,,否,,,,,,,
16,藍士博,111年桃園市議員選舉,首次申報,1110518,宣傳支出,健豪印刷事業股份有限公司,16332027,0.00,105000.00,,,,文宣品,金錢,臺中市西區大****,,否,,,,,,,
17,藍士博,111年桃園市議員選舉,首次申報,1110520,交通旅運支出,台灣中油三民站,98249357,0.00,1301.00,,,,油資,金錢,桃園市桃園區****,,否,,,,,,,
18,藍士博,111年桃園市議員選舉,首次申報,1110521,雜支支出,瑞馨便當店,34833100,0.00,1045.00,,,,餐飲費用,金錢,桃園市桃園區****,,否,,,,,,,
19,藍士博,111年桃園市議員選舉,首次申報,1110522,雜支支出,瑞馨便當店,34833100,0.00,680.00,,,,餐飲費用,金錢,桃園市桃園區****,,否,,,,,,,
20,藍士博,111年桃園市議員選舉,首次申報,1110528,交通旅運支出,台灣中油三民站,98249357,0.00,1342.00,,,,油資,金錢,桃園市桃園區****,,否,,,,,,,
21,藍士博,111年桃園市議員選舉,首次申報,1110529,雜支支出,瑞馨便當店,34833100,0.00,1330.00,,,,餐飲費用,金錢,桃園市桃園區****,,否,,,,,,,
22,藍士博,111年桃園市議員選舉,首次申報,1110530,雜支支出,玉山銀行桃園分行,,0.00,30.00,,,,銀行手續費,金錢,桃園市桃園區****,,否,,,,,,,
23,藍士博,111年桃園市議員選舉,首次申報,1110530,宣傳支出,健豪印刷事業股份有限公司,16332027,0.00,9513.00,,,,文宣品,金錢,臺中市西區大****,,否,,,,,,,
24,藍士博,111年桃園市議員選舉,首次申報,1110601,雜支支出,玉山銀行桃園分行,,0.00,30.00,,,,銀行手續費,金錢,桃園市桃園區****,,否,,,,,,,
25,藍士博,111年桃園市議員選舉,首次申報,1110601,雜支支出,玉山銀行桃園分行,,0.00,30.00,,,,銀行手續費,金錢,桃園市桃園區****,,否,,,,,,,
26,藍士博,111年桃園市議員選舉,首次申報,1110601,雜支支出,玉山銀行桃園分行,,0.00,30.00,,,,銀行手續費,金錢,桃園市桃園區****,,否,,,,,,,
27,藍士博,111年桃園市議員選舉,首次申報,1110601,雜支支出,藍新科技股份有限公司,70565326,0.00,1863.00,,,,手續費,金錢,臺北市南港區****,,否,,,,,,,
28,藍士博,111年桃園市議員選舉,首次申報,1110601,宣傳支出,三竹資訊股份有限公司,86136982,0.00,90000.00,,,,廣告費,金錢,臺北市中山區****,,否,,,,,,,
29,藍士博,111年桃園市議員選舉,首次申報,1110601,人事費用支出,許毅全,E12*******,0.00,30080.00,,,,工資或薪津,金錢,高雄市三民區****,,否,,,,,,,
30,藍士博,111年桃園市議員選舉,首次申報,1110601,人事費用支出,詹靖宸,F12*******,0.00,30080.00,,,,工資或薪津,金錢,桃園市桃園區****,0931*****,否,,,,,,,
31,藍士博,111年桃園市議員選舉,首次申報,1110601,租用競選辦事處支出,葉崇鍾,H10*******,0.00,30000.00,,,,租買辦公設備費用,金錢,桃園市桃園區****,,否,,,,,,,
32,藍士博,111年桃園市議員選舉,首次申報,1110603,雜支支出,瑞馨便當店,34833100,0.00,1330.00,,,,餐飲費用,金錢,桃園市桃園區****,,否,,,,,,,
33,藍士博,111年桃園市議員選舉,首次申報,1110604,交通旅運支出,北基朝陽加油站,41005417,0.00,1151.00,,,,油資,金錢,桃園市桃園區****,,否,,,,,,,
34,藍士博,111年桃園市議員選舉,首次申報,1110604,雜支支出,燒臘大師小吃店,72735591,0.00,1200.00,,,,餐飲費用,金錢,桃園市桃園區****,,否,,,,,,,
35,藍士博,111年桃園市議員選舉,首次申報,1110605,雜支支出,燒臘大師小吃店,72735591,0.00,1100.00,,,,餐飲費用,金錢,桃園市桃園區****,,否,,,,,,,
36,藍士博,111年桃園市議員選舉,首次申報,1110609,雜支支出,老賊壽司店,14663887,0.00,280.00,,,,餐飲費用,金錢,桃園市桃園區****,,否,,,,,,,
37,藍士博,111年桃園市議員選舉,首次申報,1110610,交通旅運支出,台灣中油頭城站,40546560,0.00,1325.00,,,,油資,金錢,宜蘭縣頭城鎮****,,否,,,,,,,
38,藍士博,111年桃園市議員選舉,首次申報,1110611,雜支支出,燒臘大師小吃店,72735591,0.00,2000.00,,,,餐飲費用,金錢,桃園市桃園區****,,否,,,,,,,
39,藍士博,111年桃園市議員選舉,首次申報,1110612,雜支支出,瑞馨便當店,34833100,0.00,1330.00,,,,餐飲費用,金錢,桃園市桃園區****,,否,,,,,,,
40,藍士博,111年桃園市議員選舉,首次申報,1110614,宣傳支出,郵局,,0.00,336.00,,,,郵寄競選物品或宣傳廣告費用,金錢,桃園市桃園區****,,否,,,,,,,
41,藍士博,111年桃園市議員選舉,首次申報,1110614,雜支支出,玉山銀行桃園分行,,0.00,30.00,,,,銀行手續費,金錢,桃園市桃園區****,,否,,,,,,,
42,藍士博,111年桃園市議員選舉,首次申報,1110614,宣傳支出,邱奕銓,H12*******,0.00,10000.00,,,,廣告費用,金錢,桃園市桃園區****,,否,,,,,,,
43,藍士博,111年桃園市議員選舉,首次申報,1110617,宣傳支出,郵局,,0.00,116.00,,,,郵寄競選物品或宣傳廣告費用,金錢,桃園市桃園區****,,否,,,,,,,
44,藍士博,111年桃園市議員選舉,首次申報,1110617,雜支支出,太慶鎖匙刻印店,20436100,0.00,530.00,,,,雜項購置或修繕費用,金錢,桃園市桃園區****,,否,,,,,,,
45,藍士博,111年桃園市議員選舉,首次申報,1110617,雜支支出,泓泰食品有限公司,28570375,0.00,4100.00,,,,餐飲費用,金錢,桃園市桃園區****,,否,,,,,,,
46,藍士博,111年桃園市議員選舉,首次申報,1110617,雜支支出,精華印刷品行,43922238,0.00,4053.00,,,,印刷費,金錢,桃園市桃園區****,,否,,,,,,,
47,藍士博,111年桃園市議員選舉,首次申報,1110618,雜支支出,瑞馨便當店,34833100,0.00,665.00,,,,餐飲費用,金錢,桃園市桃園區****,,否,,,,,,,
48,藍士博,111年桃園市議員選舉,首次申報,1110618,集會支出,吾人音樂工作室,41426331,0.00,12000.00,,,,租用場地費用,金錢,桃園市桃園區****,,否,,,,,,,
49,藍士博,111年桃園市議員選舉,首次申報,1110619,交通旅運支出,正光加油站,28075987,0.00,1361.00,,,,油資,金錢,桃園市桃園區****,,否,,,,,,,
50,藍士博,111年桃園市議員選舉,首次申報,1110619,雜支支出,燒臘大師小吃店,72735591,0.00,800.00,,,,餐飲費用,金錢,桃園市桃園區****,,否,,,,,,,
51,藍士博,111年桃園市議員選舉,首次申報,1110620,宣傳支出,郵局,,0.00,220.00,,,,郵寄競選物品或宣傳廣告費用,金錢,桃園市桃園區****,,否,,,,,,,
52,藍士博,111年桃園市議員選舉,首次申報,1110620,雜支支出,參角披薩坊,50629316,0.00,1116.00,,,,餐飲費用,金錢,桃園市桃園區****,,否,,,,,,,
53,藍士博,111年桃園市議員選舉,首次申報,1110621,雜支支出,宏昇飲料股份有限公司,53498268,0.00,1248.00,,,,餐飲費用,金錢,桃園市桃園區****,,否,,,,,,,
54,藍士博,111年桃園市議員選舉,首次申報,1110624,雜支支出,經典數位印刷有限公司桃園市府分公司,69373721,0.00,252.00,,,,印刷費,金錢,桃園市桃園區****,,否,,,,,,,
55,藍士博,111年桃園市議員選舉,首次申報,1110625,雜支支出,鴨肉榮飲食店,13767890,0.00,500.00,,,,餐飲費用,金錢,桃園市桃園區****,,否,,,,,,,
56,藍士博,111年桃園市議員選舉,首次申報,1110626,雜支支出,瑞馨便當店,34833100,0.00,540.00,,,,餐飲費用,金錢,桃園市桃園區****,,否,,,,,,,
57,藍士博,111年桃園市議員選舉,首次申報,1110626,雜支支出,職人肉坊,87401951,0.00,360.00,,,,餐飲費用,金錢,桃園市桃園區****,,否,,,,,,,
58,藍士博,111年桃園市議員選舉,首次申報,1110627,宣傳支出,郵局,,0.00,93.00,,,,郵寄競選物品或宣傳廣告費用,金錢,桃園市桃園區****,,否,,,,,,,
59,藍士博,111年桃園市議員選舉,首次申報,1110627,雜支支出,台灣電力股份有限公司,02488533,0.00,1846.00,,,,水電瓦斯費用,金錢,桃園市桃園區****,,否,,,,,,,
60,藍士博,111年桃園市議員選舉,首次申報,1110627,雜支支出,台灣自來水股份有限公司,02488745,0.00,156.00,,,,水電瓦斯費用,金錢,桃園市桃園區****,,否,,,,,,,
61,藍士博,111年桃園市議員選舉,首次申報,1110627,人事費用支出,勞動部勞工保險局,03769808,0.00,7556.00,,,,勞保費,金錢,臺北市中正區****,,否,,,,,,,
62,藍士博,111年桃園市議員選舉,首次申報,1110627,人事費用支出,衛生福利部中央健康保險署,08628407,0.00,12312.00,,,,健保費,金錢,臺北市大安區****,,否,,,,,,,
63,藍士博,111年桃園市議員選舉,首次申報,1110627,雜支支出,太慶鎖匙刻印店,20436100,0.00,172.00,,,,雜項購置或修繕費用,金錢,桃園市桃園區****,,否,,,,,,,
64,藍士博,111年桃園市議員選舉,首次申報,1110627,雜支支出,玉山社出版事業股份有限公司,89447813,0.00,30528.00,,,,書報雜誌費用,金錢,臺北市大安區****,,否,,,,,,,
65,藍士博,111年桃園市議員選舉,首次申報,1110627,交通旅運支出,台灣中油三民站,98249357,0.00,1335.00,,,,油資,金錢,桃園市桃園區****,,否,,,,,,,
66,藍士博,111年桃園市議員選舉,首次申報,1110628,宣傳支出,郵局,,0.00,28.00,,,,郵寄競選物品或宣傳廣告費用,金錢,桃園市桃園區****,,否,,,,,,,
67,藍士博,111年桃園市議員選舉,首次申報,1110629,宣傳支出,郵局,,0.00,28.00,,,,郵寄競選物品或宣傳廣告費用,金錢,桃園市桃園區****,,否,,,,,,,
68,藍士博,111年桃園市議員選舉,首次申報,1110629,雜支支出,玉山銀行桃園分行,,0.00,30.00,,,,銀行手續費,金錢,桃園市桃園區****,,否,,,,,,,
69,藍士博,111年桃園市議員選舉,首次申報,1110629,宣傳支出,健豪印刷事業股份有限公司,16332027,0.00,105000.00,,,,文宣品,金錢,臺中市西區大****,,否,,,,,,,
70,藍士博,111年桃園市議員選舉,首次申報,1110629,雜支支出,太慶鎖匙刻印店,20436100,0.00,52.00,,,,雜項購置或修繕費用,金錢,桃園市桃園區****,,否,,,,,,,
71,藍士博,111年桃園市議員選舉,首次申報,1110630,雜支支出,喬木實業有限公司,16218617,0.00,8017.00,,,,廣告費,金錢,桃園市桃園區****,,否,,,,,,,
72,藍士博,111年桃園市議員選舉,首次申報,1110630,雜支支出,燒臘大師小吃店,72735591,0.00,700.00,,,,餐飲費用,金錢,桃園市桃園區****,,否,,,,,,,
73,藍士博,111年桃園市議員選舉,首次申報,1110630,人事費用支出,吳幸修,F12*******,0.00,12000.00,,,,工資或薪津,金錢,桃園市龜山區****,0975*****,否,,,,,,,
74,藍士博,111年桃園市議員選舉,首次申報,1110701,雜支支出,藍新科技股份有限公司,70565326,0.00,240.00,,,,手續費,金錢,臺北市南港區****,,否,,,,,,,
75,藍士博,111年桃園市議員選舉,首次申報,1110702,雜支支出,職人肉坊,87401951,0.00,1000.00,,,,餐飲費用,金錢,桃園市桃園區****,,否,,,,,,,
76,藍士博,111年桃園市議員選舉,首次申報,1110704,交通旅運支出,NPC全國加油站,30172471,0.00,1290.00,,,,油資,金錢,桃園市中壢區****,,否,,,,,,,
77,藍士博,111年桃園市議員選舉,首次申報,1110705,雜支支出,玉山銀行桃園分行,,0.00,30.00,,,,銀行手續費,金錢,桃園市桃園區****,,否,,,,,,,
78,藍士博,111年桃園市議員選舉,首次申報,1110705,雜支支出,玉山銀行桃園分行,,0.00,30.00,,,,銀行手續費,金錢,桃園市桃園區****,,否,,,,,,,
79,藍士博,111年桃園市議員選舉,首次申報,1110705,人事費用支出,許毅全,E12*******,0.00,33000.00,,,,工資或薪津,金錢,高雄市三民區****,0911*****,否,,,,,,,
80,藍士博,111年桃園市議員選舉,首次申報,1110705,人事費用支出,詹靖宸,F12*******,0.00,33000.00,,,,工資或薪津,金錢,桃園市桃園區****,0931*****,否,,,,,,,
81,藍士博,111年桃園市議員選舉,首次申報,1110705,租用競選辦事處支出,黃崇鍾,H10*******,0.00,30000.00,,,,租用競選辦事處費用,金錢,桃園市桃園區****,,否,,,,,,,
82,藍士博,111年桃園市議員選舉,首次申報,1110708,交通旅運支出,柑園迴龍二站,41246871,0.00,1319.00,,,,油資,金錢,桃園市龜山區****,,否,,,,,,,
83,藍士博,111年桃園市議員選舉,首次申報,1110708,雜支支出,美加美飯館,41432761,0.00,390.00,,,,餐飲費用,金錢,桃園市桃園區****,,否,,,,,,,
84,藍士博,111年桃園市議員選舉,首次申報,1110709,雜支支出,燒臘大師小吃店,72735591,0.00,1100.00,,,,餐飲費用,金錢,桃園市桃園區****,,否,,,,,,,
85,藍士博,111年桃園市議員選舉,首次申報,1110710,雜支支出,香米飯包,39980278,0.00,680.00,,,,餐飲費用,金錢,桃園市桃園區****,,否,,,,,,,
86,藍士博,111年桃園市議員選舉,首次申報,1110712,雜支支出,太慶鎖匙刻印店,20436100,0.00,250.00,,,,雜項購置或修繕費用,金錢,桃園市桃園區****,,否,,,,,,,
87,藍士博,111年桃園市議員選舉,首次申報,1110714,交通旅運支出,日隆加油站,23079470,0.00,1389.00,,,,油資,金錢,桃園市桃園區****,,否,,,,,,,
88,藍士博,111年桃園市議員選舉,首次申報,1110714,雜支支出,義美食品,23218064,0.00,841.00,,,,餐飲費用,金錢,桃園市桃園區****,,否,,,,,,,
89,藍士博,111年桃園市議員選舉,首次申報,1110714,雜支支出,鹿點有限公司桃園門市,72877964,0.00,1180.00,,,,餐飲費用,金錢,桃園市桃園區****,,否,,,,,,,
90,藍士博,111年桃園市議員選舉,首次申報,1110715,雜支支出,萬波桃園中正店,83757419,0.00,247.00,,,,餐飲費用,金錢,桃園市桃園區****,,否,,,,,,,
91,藍士博,111年桃園市議員選舉,首次申報,1110716,雜支支出,瑞馨便當店,34833100,0.00,450.00,,,,餐飲費用,金錢,桃園市桃園區****,,否,,,,,,,
92,藍士博,111年桃園市議員選舉,首次申報,1110717,雜支支出,鴨肉榮飲食店,13767890,0.00,400.00,,,,餐飲費用,金錢,桃園市桃園區****,,否,,,,,,,
93,藍士博,111年桃園市議員選舉,首次申報,1110720,交通旅運支出,台灣中油三民站,98249357,0.00,1354.00,,,,油資,金錢,桃園市桃園區****,,否,,,,,,,
94,藍士博,111年桃園市議員選舉,首次申報,1110722,雜支支出,職人肉坊,87401951,0.00,665.00,,,,餐飲費用,金錢,桃園市桃園區****,,否,,,,,,,
95,藍士博,111年桃園市議員選舉,首次申報,1110723,集會支出,正記中崎本舖,43761438,0.00,20000.00,,,,餐飲費用,金錢,桃園市桃園區****,,否,,,,,,,
96,藍士博,111年桃園市議員選舉,首次申報,1110726,人事費用支出,衛生福利部中央健康保險署,08628407,0.00,4104.00,,,,健保費,金錢,臺北市大安區****,,否,,,,,,,
97,藍士博,111年桃園市議員選舉,首次申報,1110727,雜支支出,玉山銀行桃園分行,,0.00,30.00,,,,銀行手續費,金錢,桃園市桃園區****,,否,,,,,,,
98,藍士博,111年桃園市議員選舉,首次申報,1110727,雜支支出,玉山銀行桃園分行,,0.00,30.00,,,,銀行手續費,金錢,桃園市桃園區****,,否,,,,,,,
99,藍士博,111年桃園市議員選舉,首次申報,1110727,人事費用支出,勞動部勞工保險局,03769808,0.00,6666.00,,,,勞保費,金錢,臺北市中正區****,,否,,,,,,,
100,藍士博,111年桃園市議員選舉,首次申報,1110727,雜支支出,荷包袋國際有限公司長安分公司,59293880,0.00,1315.00,,,,包裝用品,金錢,臺北市大同區****,,否,,,,,,,
101,藍士博,111年桃園市議員選舉,首次申報,1110727,宣傳支出,吃到肉羹實業社,85514395,0.00,12900.00,,,,文宣費,金錢,高雄市苓雅區****,,否,,,,,,,
102,藍士博,111年桃園市議員選舉,首次申報,1110727,人事費用支出,黃建智,F12*******,0.00,1000.00,,,,其他因工作酬勞之給付,金錢,新北市新店區****,0986*****,否,,,,,,,
103,藍士博,111年桃園市議員選舉,首次申報,1110728,交通旅運支出,台灣中油介壽加油站,43032220,0.00,1351.00,,,,油資,金錢,桃園市桃園區****,,否,,,,,,,
104,藍士博,111年桃園市議員選舉,首次申報,1110730,雜支支出,極好味古早味便當,91581152,0.00,380.00,,,,餐飲費用,金錢,桃園市桃園區****,,否,,,,,,,
105,藍士博,111年桃園市議員選舉,首次申報,1110731,人事費用支出,吳幸修,F12*******,0.00,11000.00,,,,工資或薪津,金錢,桃園市龜山區****,0975*****,否,,,,,,,
106,藍士博,111年桃園市議員選舉,首次申報,1110801,雜支支出,正一排骨桃園總店,36465376,0.00,330.00,,,,餐飲費用,金錢,桃園市桃園區****,,否,,,,,,,
107,藍士博,111年桃園市議員選舉,首次申報,1110801,雜支支出,藍新科技股份有限公司,70565326,0.00,3610.00,,,,手續費,金錢,臺北市南港區****,,否,,,,,,,
108,藍士博,111年桃園市議員選舉,首次申報,1110803,交通旅運支出,榮強流通事業(股),53180488,0.00,1364.00,,,,油資,金錢,新北市新莊區****,,否,,,,,,,
109,藍士博,111年桃園市議員選舉,首次申報,1110804,雜支支出,玉山銀行桃園分行,,0.00,30.00,,,,銀行手續費,金錢,桃園市桃園區****,,否,,,,,,,
110,藍士博,111年桃園市議員選舉,首次申報,1110804,雜支支出,玉山銀行桃園分行,,0.00,30.00,,,,銀行手續費,金錢,桃園市桃園區****,,否,,,,,,,
111,藍士博,111年桃園市議員選舉,首次申報,1110804,雜支支出,玉山銀行桃園分行,,0.00,30.00,,,,銀行手續費,金錢,桃園市桃園區****,,否,,,,,,,
112,藍士博,111年桃園市議員選舉,首次申報,1110804,雜支支出,台灣電力股份有限公司,02488533,0.00,3899.00,,,,水電瓦斯費用,金錢,桃園市桃園區****,,否,,,,,,,
113,藍士博,111年桃園市議員選舉,首次申報,1110804,雜支支出,台灣自來水股份有限公司,02488745,0.00,163.00,,,,水電瓦斯費用,金錢,桃園市桃園區****,,否,,,,,,,
114,藍士博,111年桃園市議員選舉,首次申報,1110804,宣傳支出,龜崙口廣告創意社,10081678,0.00,4400.00,,,,廣告費,金錢,桃園市龜山區****,,否,,,,,,,
115,藍士博,111年桃園市議員選舉,首次申報,1110804,雜支支出,光復食堂,82271819,0.00,370.00,,,,餐飲費用,金錢,桃園市桃園區****,,否,,,,,,,
116,藍士博,111年桃園市議員選舉,首次申報,1110804,人事費用支出,許毅全,E12*******,0.00,33000.00,,,,工資或薪津,金錢,高雄市三民區****,0911*****,否,,,,,,,
117,藍士博,111年桃園市議員選舉,首次申報,1110804,人事費用支出,詹靖宸,F12*******,0.00,33000.00,,,,工資或薪津,金錢,桃園市桃園區****,0931*****,否,,,,,,,
118,藍士博,111年桃園市議員選舉,首次申報,1110804,租用競選辦事處支出,黃崇鍾,H10*******,0.00,30000.00,,,,租用競選辦事處費用,金錢,桃園市桃園區****,0932*****,否,,,,,,,
119,藍士博,111年桃園市議員選舉,首次申報,1110805,雜支支出,玉山銀行桃園分行,,0.00,30.00,,,,銀行手續費,金錢,桃園市桃園區****,,否,,,,,,,
120,藍士博,111年桃園市議員選舉,首次申報,1110805,宣傳支出,神工廣告社,87712667,0.00,50400.00,,,,廣告費,金錢,桃園市桃園區****,,否,,,,,,,
121,藍士博,111年桃園市議員選舉,首次申報,1110806,雜支支出,泓泰食品有限公司,28570375,0.00,3750.00,,,,餐飲費用,金錢,桃園市桃園區****,,否,,,,,,,
122,藍士博,111年桃園市議員選舉,首次申報,1110806,雜支支出,極好味古早味便當,91581152,0.00,380.00,,,,餐飲費用,金錢,桃園市桃園區****,,否,,,,,,,
123,藍士博,111年桃園市議員選舉,首次申報,1110807,雜支支出,瑞馨便當店,34833100,0.00,665.00,,,,餐飲費用,金錢,桃園市桃園區****,,否,,,,,,,
124,藍士博,111年桃園市議員選舉,首次申報,1110810,交通旅運支出,竺林加油站,89915668,0.00,1380.00,,,,油資,金錢,宜蘭縣羅東鎮****,,否,,,,,,,
125,藍士博,111年桃園市議員選舉,首次申報,1110812,雜支支出,玉山銀行桃園分行,,0.00,30.00,,,,銀行手續費,金錢,桃園市桃園區****,,否,,,,,,,
126,藍士博,111年桃園市議員選舉,首次申報,1110812,宣傳支出,健豪印刷事業股份有限公司,16332027,0.00,105000.00,,,,文宣品,金錢,臺中市西區大****,,否,,,,,,,
127,藍士博,111年桃園市議員選舉,首次申報,1110813,雜支支出,燒臘大師小吃店,72735591,0.00,400.00,,,,餐飲費用,金錢,桃園市桃園區****,,否,,,,,,,
128,藍士博,111年桃園市議員選舉,首次申報,1110814,雜支支出,宜家家居股份有限公司桃園分公司,27357360,0.00,1439.00,,,,雜項購置或修繕費用,金錢,桃園市中壢區****,,否,,,,,,,
129,藍士博,111年桃園市議員選舉,首次申報,1110817,雜支支出,玉山銀行桃園分行,,0.00,30.00,,,,銀行手續費,金錢,桃園市桃園區****,,否,,,,,,,
130,藍士博,111年桃園市議員選舉,首次申報,1110817,雜支支出,玉山銀行桃園分行,,0.00,30.00,,,,銀行手續費,金錢,桃園市桃園區****,,否,,,,,,,
131,藍士博,111年桃園市議員選舉,首次申報,1110817,宣傳支出,健豪印刷事業股份有限公司,16332027,0.00,105000.00,,,,文宣品,金錢,臺中市西區大****,,否,,,,,,,
132,藍士博,111年桃園市議員選舉,首次申報,1110817,雜支支出,荷包袋國際有限公司長安分公司,59293880,0.00,1511.00,,,,包裝品,金錢,臺北市大同區****,,否,,,,,,,
133,藍士博,111年桃園市議員選舉,首次申報,1110820,雜支支出,極好味古早味便當,91581152,0.00,1045.00,,,,餐飲費用,金錢,桃園市桃園區****,,否,,,,,,,
134,藍士博,111年桃園市議員選舉,首次申報,1110824,宣傳支出,郵局,,0.00,589.00,,,,郵寄競選物品或宣傳廣告費用,金錢,桃園市桃園區****,,否,,,,,,,
135,藍士博,111年桃園市議員選舉,首次申報,1110825,雜支支出,大廟口蚵仔麵線店,87324202,0.00,350.00,,,,餐飲費用,金錢,桃園市桃園區****,,否,,,,,,,
136,藍士博,111年桃園市議員選舉,首次申報,1110826,人事費用支出,勞動部勞工保險局,03769808,0.00,7296.00,,,,勞保費,金錢,臺北市中正區****,,否,,,,,,,
137,藍士博,111年桃園市議員選舉,首次申報,1110826,人事費用支出,衛生福利部中央健康保險署,08628407,0.00,4492.00,,,,健保費,金錢,臺北市大安區****,,否,,,,,,,
138,藍士博,111年桃園市議員選舉,首次申報,1110826,宣傳支出,瑞通國際有限公司,90895795,0.00,377773.00,,,,文宣品,金錢,臺中市西區民****,,否,,,,,,,
139,藍士博,111年桃園市議員選舉,首次申報,1110826,交通旅運支出,台灣中油三民站,98249357,0.00,1375.00,,,,油資,金錢,桃園市桃園區****,,否,,,,,,,
140,藍士博,111年桃園市議員選舉,首次申報,1110828,集會支出,鉑宴會館股份有限公司,69598637,0.00,153720.00,,,,租用場地費用,金錢,桃園市桃園區****,,否,,,,,,,
141,藍士博,111年桃園市議員選舉,首次申報,1110831,雜支支出,經典數位印刷有限公司桃園市府分公司,69373721,0.00,504.00,,,,印刷費,金錢,桃園市桃園區****,,否,,,,,,,
142,藍士博,111年桃園市議員選舉,首次申報,1110831,人事費用支出,黃銘耀,A12*******,0.00,13420.00,,,,工資或薪津,金錢,桃園市龜山區****,0931*****,否,,,,,,,
143,藍士博,111年桃園市議員選舉,首次申報,1110831,人事費用支出,吳幸修,F12*******,0.00,11600.00,,,,工資或薪津,金錢,桃園市龜山區****,0975*****,否,,,,,,,
144,藍士博,111年桃園市議員選舉,首次申報,1110831,人事費用支出,頼玉如,H22*******,0.00,15000.00,,,,工資或薪津,金錢,桃園市桃園區****,0981*****,否,,,,,,,
145,藍士博,111年桃園市議員選舉,首次申報,1110901,雜支支出,玉山銀行桃園分行,,0.00,30.00,,,,銀行手續費,金錢,桃園市桃園區****,,否,,,,,,,
146,藍士博,111年桃園市議員選舉,首次申報,1110901,雜支支出,玉山銀行桃園分行,,0.00,30.00,,,,銀行手續費,金錢,桃園市桃園區****,,否,,,,,,,
147,藍士博,111年桃園市議員選舉,首次申報,1110901,雜支支出,元禾發股份有限公司,16529289,0.00,18000.00,,,,餐飲費用,金錢,彰化縣彰化市****,,否,,,,,,,
148,藍士博,111年桃園市議員選舉,首次申報,1110901,交通旅運支出,大新加油站,23166039,0.00,1338.00,,,,油資,金錢,桃園市桃園區****,,否,,,,,,,
149,藍士博,111年桃園市議員選舉,首次申報,1110901,宣傳支出,潤嘉實業有限公司,27807773,0.00,23625.00,,,,文宣品,金錢,新北市中和區****,,否,,,,,,,
150,藍士博,111年桃園市議員選舉,首次申報,1110901,雜支支出,藍新科技股份有限公司,70565326,0.00,468.00,,,,手續費,金錢,臺北市南港區****,,否,,,,,,,
151,藍士博,111年桃園市議員選舉,首次申報,1110901,返還捐贈支出,藍婉,F22*******,0.00,20000.00,,,,返還,金錢,臺中市霧峰區****,,否,,,,,,,
152,藍士博,111年桃園市議員選舉,首次申報,1110902,雜支支出,志倫冰舖,85401337,0.00,800.00,,,,餐飲費用,金錢,桃園市桃園區****,,否,,,,,,,
153,藍士博,111年桃園市議員選舉,首次申報,1110905,宣傳支出,郵局,,0.00,28.00,,,,郵寄競選物品或宣傳廣告費用,金錢,桃園市桃園區****,,否,,,,,,,
154,藍士博,111年桃園市議員選舉,首次申報,1110906,雜支支出,玉山銀行桃園分行,,0.00,30.00,,,,銀行手續費,金錢,桃園市桃園區****,,否,,,,,,,
155,藍士博,111年桃園市議員選舉,首次申報,1110906,雜支支出,玉山銀行桃園分行,,0.00,30.00,,,,銀行手續費,金錢,桃園市桃園區****,,否,,,,,,,
156,藍士博,111年桃園市議員選舉,首次申報,1110906,雜支支出,玉山銀行桃園分行,,0.00,30.00,,,,銀行手續費,金錢,桃園市桃園區****,,否,,,,,,,
157,藍士博,111年桃園市議員選舉,首次申報,1110906,宣傳支出,元承實業有限公司,42787023,0.00,38400.00,,,,文宣品,金錢,彰化縣秀水鄉****,,否,,,,,,,
158,藍士博,111年桃園市議員選舉,首次申報,1110906,人事費用支出,許毅全,E12*******,0.00,33000.00,,,,工資或薪津,金錢,高雄市三民區****,0911*****,否,,,,,,,
159,藍士博,111年桃園市議員選舉,首次申報,1110906,人事費用支出,詹靖宸,F12*******,0.00,33000.00,,,,工資或薪津,金錢,桃園市桃園區****,0931*****,否,,,,,,,
160,藍士博,111年桃園市議員選舉,首次申報,1110906,租用競選辦事處支出,黃崇鍾,H10*******,0.00,30000.00,,,,租用競選辦事處費用,金錢,桃園市桃園區****,0932*****,否,,,,,,,
161,藍士博,111年桃園市議員選舉,首次申報,1110907,交通旅運支出,台灣中油三民站,98249357,0.00,1213.00,,,,油資,金錢,桃園市桃園區****,,否,,,,,,,
162,藍士博,111年桃園市議員選舉,首次申報,1110908,集會支出,百里特有限公司,53153243,0.00,3500.00,,,,餐飲費用,金錢,桃園市桃園區****,,否,,,,,,,
163,藍士博,111年桃園市議員選舉,首次申報,1110908,雜支支出,君瑞實業有限公司,53385573,0.00,10000.00,,,,廣告費,金錢,桃園市桃園區****,,否,,,,,,,
164,藍士博,111年桃園市議員選舉,首次申報,1110909,雜支支出,佳緣便當店,01581271,0.00,1350.00,,,,餐飲費用,金錢,桃園市桃園區****,,否,,,,,,,
165,藍士博,111年桃園市議員選舉,首次申報,1110912,雜支支出,玉山銀行桃園分行,,0.00,30.00,,,,銀行手續費,金錢,桃園市桃園區****,,否,,,,,,,
166,藍士博,111年桃園市議員選舉,首次申報,1110912,雜支支出,玉山銀行桃園分行,,0.00,30.00,,,,銀行手續費,金錢,桃園市桃園區****,,否,,,,,,,
167,藍士博,111年桃園市議員選舉,首次申報,1110912,宣傳支出,元承實業有限公司,42787023,0.00,38400.00,,,,文宣品,金錢,彰化縣秀水鄉****,,否,,,,,,,
168,藍士博,111年桃園市議員選舉,首次申報,1110912,宣傳支出,新竹之音廣播電台股份有限公司,82771722,0.00,45000.00,,,,廣告費,金錢,臺中市西區自****,,否,,,,,,,
169,藍士博,111年桃園市議員選舉,首次申報,1110912,宣傳支出,吃到肉羹實業社,85514395,0.00,8873.00,,,,文宣費,金錢,高雄市苓雅區****,,否,,,,,,,
170,藍士博,111年桃園市議員選舉,首次申報,1110913,雜支支出,iCHEF,82026963,0.00,1140.00,,,,餐飲費用,金錢,桃園市桃園區****,,否,,,,,,,
171,藍士博,111年桃園市議員選舉,首次申報,1110914,雜支支出,中華電信股份有限公司桃園營運處,19683736,0.00,4605.00,,,,電信費用,金錢,桃園市桃園區****,,否,,,,,,,
172,藍士博,111年桃園市議員選舉,首次申報,1110914,交通旅運支出,大新加油站,23166039,0.00,1250.00,,,,油資,金錢,桃園市桃園區****,,否,,,,,,,
173,藍士博,111年桃園市議員選舉,首次申報,1110919,雜支支出,玉山銀行桃園分行,,0.00,30.00,,,,銀行手續費,金錢,桃園市桃園區****,,否,,,,,,,
174,藍士博,111年桃園市議員選舉,首次申報,1110919,宣傳支出,潤嘉實業有限公司,27807773,0.00,840.00,,,,文宣品,金錢,新北市中和區****,,否,,,,,,,
175,藍士博,111年桃園市議員選舉,首次申報,1110920,交通旅運支出,正光加油站,28075987,0.00,1292.00,,,,油資,金錢,桃園市桃園區****,,否,,,,,,,
176,藍士博,111年桃園市議員選舉,首次申報,1110921,雜支支出,玉山銀行桃園分行,,0.00,30.00,,,,銀行手續費,金錢,桃園市桃園區****,,否,,,,,,,
177,藍士博,111年桃園市議員選舉,首次申報,1110921,人事費用支出,衛生福利部中央健康保險署,08628407,0.00,4492.00,,,,健保費,金錢,臺北市大安區****,,否,,,,,,,
178,藍士博,111年桃園市議員選舉,首次申報,1110921,宣傳支出,元承實業有限公司,42787023,0.00,3840.00,,,,文宣品,金錢,彰化縣秀水鄉****,,否,,,,,,,
179,藍士博,111年桃園市議員選舉,首次申報,1110922,交通旅運支出,台灣中油介壽加油站,43032220,0.00,1070.00,,,,油資,金錢,桃園市桃園區****,,否,,,,,,,
180,藍士博,111年桃園市議員選舉,首次申報,1110924,雜支支出,佳緣便當店,01581271,0.00,1710.00,,,,餐飲費用,金錢,桃園市桃園區****,,否,,,,,,,
181,藍士博,111年桃園市議員選舉,首次申報,1110924,雜支支出,三民小吃店,50609753,0.00,2640.00,,,,餐飲費用,金錢,桃園市桃園區****,,否,,,,,,,
182,藍士博,111年桃園市議員選舉,首次申報,1110927,交通旅運支出,華碩加油站,12780142,0.00,1267.00,,,,油資,金錢,桃園市桃園區****,,否,,,,,,,
183,藍士博,111年桃園市議員選舉,首次申報,1110928,宣傳支出,健豪印刷事業股份有限公司,16332027,0.00,105000.00,,,,文宣品,金錢,臺中市西區大****,,否,,,,,,,
184,藍士博,111年桃園市議員選舉,首次申報,1110928,雜支支出,富邦媒體科技股份有限公司,27365925,0.00,3354.00,,,,雜項購置或修繕費用,金錢,臺北市內湖區****,,否,,,,,,,
185,藍士博,111年桃園市議員選舉,首次申報,1110930,雜支支出,經典數位印刷有限公司桃園市府分公司,69373721,0.00,153.00,,,,印刷費,金錢,桃園市桃園區****,,否,,,,,,,
186,藍士博,111年桃園市議員選舉,首次申報,1110930,人事費用支出,黃銘耀,A12*******,0.00,13000.00,,,,工資或薪津,金錢,桃園市龜山區****,0931*****,否,,,,,,,
187,藍士博,111年桃園市議員選舉,首次申報,1110930,人事費用支出,黃唯,A22*******,0.00,3400.00,,,,工資或薪津,金錢,桃園市桃園區****,0979*****,否,,,,,,,
188,藍士博,111年桃園市議員選舉,首次申報,1110930,人事費用支出,葉燕瑜,A29*******,0.00,8800.00,,,,工資或薪津,金錢,桃園市桃園區****,0955*****,否,,,,,,,
189,藍士博,111年桃園市議員選舉,首次申報,1110930,人事費用支出,吳幸修,F12*******,0.00,11800.00,,,,工資或薪津,金錢,桃園市龜山區****,0975*****,否,,,,,,,
190,藍士博,111年桃園市議員選舉,首次申報,1110930,人事費用支出,楊依萍,F22*******,0.00,4200.00,,,,工資或薪津,金錢,桃園市龜山區****,0955*****,否,,,,,,,
191,藍士博,111年桃園市議員選舉,首次申報,1110930,人事費用支出,江麗虹,F22*******,0.00,10000.00,,,,工資或薪津,金錢,桃園市龜山區****,0919*****,否,,,,,,,
192,藍士博,111年桃園市議員選舉,首次申報,1110930,人事費用支出,陳麗卿,G22*******,0.00,4200.00,,,,工資或薪津,金錢,桃園市蘆竹區****,0955*****,否,,,,,,,
193,藍士博,111年桃園市議員選舉,首次申報,1110930,人事費用支出,許雅芳,H22*******,0.00,16060.00,,,,工資或薪津,金錢,桃園市桃園區****,0983*****,否,,,,,,,
194,藍士博,111年桃園市議員選舉,首次申報,1110930,人事費用支出,呂琇姿,H22*******,0.00,11600.00,,,,工資或薪津,金錢,桃園市桃園區****,0989*****,否,,,,,,,
195,藍士博,111年桃園市議員選舉,首次申報,1110930,人事費用支出,頼玉如,H22*******,0.00,16090.00,,,,工資或薪津,金錢,桃園市桃園區****,0981*****,否,,,,,,,
196,藍士博,111年桃園市議員選舉,首次申報,1110930,人事費用支出,呂宇柔,H22*******,0.00,12200.00,,,,工資或薪津,金錢,桃園市桃園區****,0903*****,否,,,,,,,
197,藍士博,111年桃園市議員選舉,首次申報,1110930,人事費用支出,林宛柔,H22*******,0.00,10000.00,,,,工資或薪津,金錢,桃園市桃園區****,0985*****,否,,,,,,,
198,藍士博,111年桃園市議員選舉,首次申報,1110930,人事費用支出,吳氏貝,H26*******,0.00,9370.00,,,,工資或薪津,金錢,桃園市桃園區****,0966*****,否,,,,,,,
199,藍士博,111年桃園市議員選舉,首次申報,1110930,人事費用支出,張獻,H29*******,0.00,10600.00,,,,工資或薪津,金錢,桃園市八德區****,0978*****,否,,,,,,,
200,藍士博,111年桃園市議員選舉,首次申報,1110930,人事費用支出,孫春霞,H29*******,0.00,13000.00,,,,工資或薪津,金錢,桃園市蘆竹區****,0913*****,否,,,,,,,
201,藍士博,111年桃園市議員選舉,首次申報,1110930,人事費用支出,王琴,H29*******,0.00,7900.00,,,,工資或薪津,金錢,桃園市桃園區****,0932*****,否,,,,,,,
202,藍士博,111年桃園市議員選舉,首次申報,1110930,人事費用支出,姜懿軒,H29*******,0.00,8700.00,,,,工資或薪津,金錢,桃園市桃園區****,0900*****,否,,,,,,,
203,藍士博,111年桃園市議員選舉,首次申報,1110930,人事費用支出,徐心瑜,J22*******,0.00,8450.00,,,,工資或薪津,金錢,桃園市桃園區****,0968*****,否,,,,,,,
204,藍士博,111年桃園市議員選舉,首次申報,1110930,人事費用支出,蕭如君,P22*******,0.00,4400.00,,,,工資或薪津,金錢,桃園市桃園區****,0970*****,否,,,,,,,
205,藍士博,111年桃園市議員選舉,首次申報,1111001,雜支支出,藍新科技股份有限公司,70565326,0.00,2235.00,,,,手續費,金錢,臺北市南港區****,,否,,,,,,,
206,藍士博,111年桃園市議員選舉,首次申報,1111002,交通旅運支出,仁宗企業有限公司,97480167,0.00,1314.00,,,,油資,金錢,宜蘭縣礁溪鄉****,,否,,,,,,,
207,藍士博,111年桃園市議員選舉,首次申報,1111004,宣傳支出,郵局,,0.00,66.00,,,,郵寄競選物品或宣傳廣告費用,金錢,桃園市桃園區****,,否,,,,,,,
208,藍士博,111年桃園市議員選舉,首次申報,1111008,交通旅運支出,台灣中油迴龍加油站,36404907,0.00,1318.00,,,,油資,金錢,桃園市龜山區****,,否,,,,,,,
209,藍士博,111年桃園市議員選舉,首次申報,1111011,雜支支出,玉山銀行桃園分行,,0.00,30.00,,,,銀行手續費,金錢,桃園市桃園區****,,否,,,,,,,
210,藍士博,111年桃園市議員選舉,首次申報,1111011,雜支支出,台灣電力股份有限公司,02488533,0.00,7174.00,,,,水電瓦斯費用,金錢,桃園市桃園區****,,否,,,,,,,
211,藍士博,111年桃園市議員選舉,首次申報,1111011,雜支支出,台灣自來水股份有限公司,02488745,0.00,265.00,,,,水電瓦斯費用,金錢,桃園市桃園區****,,否,,,,,,,
212,藍士博,111年桃園市議員選舉,首次申報,1111011,人事費用支出,勞動部勞工保險局,03769808,0.00,7296.00,,,,勞保費,金錢,臺北市中正區****,,否,,,,,,,
213,藍士博,111年桃園市議員選舉,首次申報,1111011,雜支支出,荷包袋國際有限公司長安分公司,59293880,0.00,2700.00,,,,包裝用品,金錢,臺北市大同區****,,否,,,,,,,
214,藍士博,111年桃園市議員選舉,首次申報,1111011,宣傳支出,皮爾森數據股份有限公司,90805823,0.00,16800.00,,,,委託辦理研究、評估、調查、設計或規劃費用,金錢,臺北市萬華區****,,否,,,,,,,
215,藍士博,111年桃園市議員選舉,首次申報,1111013,雜支支出,老賊壽司店,14663887,0.00,340.00,,,,餐飲費用,金錢,桃園市桃園區****,,否,,,,,,,
216,藍士博,111年桃園市議員選舉,首次申報,1111013,交通旅運支出,車容坊桃鶯站,31772348,0.00,1252.00,,,,油資,金錢,桃園市桃園區****,,否,,,,,,,
217,藍士博,111年桃園市議員選舉,首次申報,1111015,集會支出,鉑宴會館股份有限公司,69598637,0.00,39900.00,,,,租用場地費用,金錢,桃園市桃園區****,,否,,,,,,,
218,藍士博,111年桃園市議員選舉,首次申報,1111017,雜支支出,玉山銀行桃園分行,,0.00,30.00,,,,銀行手續費,金錢,桃園市桃園區****,,否,,,,,,,
219,藍士博,111年桃園市議員選舉,首次申報,1111017,雜支支出,玉山銀行桃園分行,,0.00,30.00,,,,銀行手續費,金錢,桃園市桃園區****,,否,,,,,,,
220,藍士博,111年桃園市議員選舉,首次申報,1111017,雜支支出,玉山銀行桃園分行,,0.00,30.00,,,,銀行手續費,金錢,桃園市桃園區****,,否,,,,,,,
221,藍士博,111年桃園市議員選舉,首次申報,1111017,雜支支出,玉山銀行桃園分行,,0.00,30.00,,,,銀行手續費,金錢,桃園市桃園區****,,否,,,,,,,
222,藍士博,111年桃園市議員選舉,首次申報,1111017,雜支支出,玉山銀行桃園分行,,0.00,30.00,,,,銀行手續費,金錢,桃園市桃園區****,,否,,,,,,,
223,藍士博,111年桃園市議員選舉,首次申報,1111017,雜支支出,中華電信股份有限公司桃園營運處,19683736,0.00,3929.00,,,,電信費用,金錢,桃園市桃園區****,,否,,,,,,,
224,藍士博,111年桃園市議員選舉,首次申報,1111017,雜支支出,宏明電機通信有限公司,22798727,0.00,11760.00,,,,雜項購置或修繕費用,金錢,桃園市中壢區****,,否,,,,,,,
225,藍士博,111年桃園市議員選舉,首次申報,1111017,宣傳支出,潤嘉實業有限公司,27807773,0.00,55125.00,,,,文宣品,金錢,新北市中和區****,,否,,,,,,,
226,藍士博,111年桃園市議員選舉,首次申報,1111017,宣傳支出,吃到肉羹實業社,85514395,0.00,27988.00,,,,文宣費,金錢,高雄市苓雅區****,,否,,,,,,,
227,藍士博,111年桃園市議員選舉,首次申報,1111017,人事費用支出,許毅全,E12*******,0.00,33000.00,,,,工資或薪津,金錢,高雄市三民區****,0911*****,否,,,,,,,
228,藍士博,111年桃園市議員選舉,首次申報,1111017,人事費用支出,詹靖宸,F12*******,0.00,33000.00,,,,工資或薪津,金錢,桃園市桃園區****,0931*****,否,,,,,,,
229,藍士博,111年桃園市議員選舉,首次申報,1111017,租用競選辦事處支出,黃崇鍾,H10*******,0.00,30000.00,,,,租用競選辦事處費用,金錢,桃園市桃園區****,0932*****,否,,,,,,,
230,藍士博,111年桃園市議員選舉,首次申報,1111021,人事費用支出,衛生福利部中央健康保險署,08628407,0.00,4492.00,,,,健保費,金錢,臺北市大安區****,,否,,,,,,,
231,藍士博,111年桃園市議員選舉,首次申報,1111021,交通旅運支出,台灣中油中山站,43047309,0.00,1244.00,,,,油資,金錢,桃園市中壢區****,,否,,,,,,,
232,藍士博,111年桃園市議員選舉,首次申報,1111024,雜支支出,富邦媒體科技股份有限公司,27365925,0.00,4845.00,,,,雜項購置或修繕費用,金錢,臺北市內湖區****,,否,,,,,,,
233,藍士博,111年桃園市議員選舉,首次申報,1111026,返還捐贈支出,蔡亦竹,L12*******,0.00,60000.00,,,,返還,金錢,臺南市東區裕****,,否,,,,,,,
234,藍士博,111年桃園市議員選舉,首次申報,1111027,雜支支出,大大企業社,42170420,0.00,450.00,,,,雜項購置或修繕費用,金錢,桃園市桃園區****,,否,,,,,,,
235,藍士博,111年桃園市議員選舉,首次申報,1111027,交通旅運支出,台灣中油三民站,98249357,0.00,1344.00,,,,油資,金錢,桃園市桃園區****,,否,,,,,,,
236,藍士博,111年桃園市議員選舉,首次申報,1111028,宣傳支出,郵局,,0.00,147.00,,,,郵寄競選物品或宣傳廣告費用,金錢,桃園市桃園區****,,否,,,,,,,
237,藍士博,111年桃園市議員選舉,首次申報,1111031,交通旅運支出,台灣高速鐵路股份有限公司,16446274,0.00,5840.00,,,,搭乘交通工具費用,金錢,臺北市南港區****,,否,,,,,,,
238,藍士博,111年桃園市議員選舉,首次申報,1111031,雜支支出,大大企業社,42170420,0.00,1288.00,,,,雜項購置或修繕費用,金錢,桃園市桃園區****,,否,,,,,,,
239,藍士博,111年桃園市議員選舉,首次申報,1111031,人事費用支出,黃銘耀,A12*******,0.00,15000.00,,,,工資或薪津,金錢,桃園市龜山區****,0931*****,否,,,,,,,
240,藍士博,111年桃園市議員選舉,首次申報,1111031,人事費用支出,黃唯,A22*******,0.00,6800.00,,,,工資或薪津,金錢,桃園市桃園區****,0979*****,否,,,,,,,
241,藍士博,111年桃園市議員選舉,首次申報,1111031,人事費用支出,葉燕瑜,A29*******,0.00,8200.00,,,,工資或薪津,金錢,桃園市桃園區****,0955*****,否,,,,,,,
242,藍士博,111年桃園市議員選舉,首次申報,1111031,人事費用支出,吳幸修,F12*******,0.00,12800.00,,,,工資或薪津,金錢,桃園市龜山區****,0975*****,否,,,,,,,
243,藍士博,111年桃園市議員選舉,首次申報,1111031,人事費用支出,楊依萍,F22*******,0.00,10400.00,,,,工資或薪津,金錢,桃園市龜山區****,0955*****,否,,,,,,,
244,藍士博,111年桃園市議員選舉,首次申報,1111031,人事費用支出,江麗虹,F22*******,0.00,10270.00,,,,工資或薪津,金錢,桃園市龜山區****,0919*****,否,,,,,,,
245,藍士博,111年桃園市議員選舉,首次申報,1111031,人事費用支出,陳麗卿,G22*******,0.00,5000.00,,,,工資或薪津,金錢,桃園市蘆竹區****,0955*****,否,,,,,,,
246,藍士博,111年桃園市議員選舉,首次申報,1111031,人事費用支出,許雅芳,H22*******,0.00,16060.00,,,,工資或薪津,金錢,桃園市桃園區****,0983*****,否,,,,,,,
247,藍士博,111年桃園市議員選舉,首次申報,1111031,人事費用支出,呂琇姿,H22*******,0.00,10480.00,,,,工資或薪津,金錢,桃園市桃園區****,0989*****,否,,,,,,,
248,藍士博,111年桃園市議員選舉,首次申報,1111031,人事費用支出,呂宇柔,H22*******,0.00,10400.00,,,,工資或薪津,金錢,桃園市桃園區****,0903*****,否,,,,,,,
249,藍士博,111年桃園市議員選舉,首次申報,1111031,人事費用支出,頼玉如,H22*******,0.00,17000.00,,,,工資或薪津,金錢,桃園市桃園區****,0981*****,否,,,,,,,
250,藍士博,111年桃園市議員選舉,首次申報,1111031,人事費用支出,林宛柔,H22*******,0.00,15000.00,,,,工資或薪津,金錢,桃園市桃園區****,0985*****,否,,,,,,,
251,藍士博,111年桃園市議員選舉,首次申報,1111031,人事費用支出,吳氏貝,H26*******,0.00,10000.00,,,,工資或薪津,金錢,桃園市桃園區****,0966*****,否,,,,,,,
252,藍士博,111年桃園市議員選舉,首次申報,1111031,人事費用支出,張獻,H29*******,0.00,9500.00,,,,工資或薪津,金錢,桃園市八德區****,0978*****,否,,,,,,,
253,藍士博,111年桃園市議員選舉,首次申報,1111031,人事費用支出,孫春霞,H29*******,0.00,15000.00,,,,工資或薪津,金錢,桃園市蘆竹區****,0913*****,否,,,,,,,
254,藍士博,111年桃園市議員選舉,首次申報,1111031,人事費用支出,王琴,H29*******,0.00,2400.00,,,,工資或薪津,金錢,桃園市桃園區****,0932*****,否,,,,,,,
255,藍士博,111年桃園市議員選舉,首次申報,1111031,人事費用支出,徐心瑜,J22*******,0.00,6320.00,,,,工資或薪津,金錢,桃園市桃園區****,0968*****,否,,,,,,,
256,藍士博,111年桃園市議員選舉,首次申報,1111031,人事費用支出,蕭如君,P22*******,0.00,4480.00,,,,工資或薪津,金錢,桃園市桃園區****,0970*****,否,,,,,,,
257,藍士博,111年桃園市議員選舉,首次申報,1111101,集會支出,尚興企業社,13768552,0.00,5000.00,,,,租用設備費用,金錢,桃園市蘆竹區****,,否,,,,,,,
258,藍士博,111年桃園市議員選舉,首次申報,1111101,雜支支出,藍新科技股份有限公司,70565326,0.00,1541.00,,,,手續費,金錢,臺北市南港區****,,否,,,,,,,
259,藍士博,111年桃園市議員選舉,首次申報,1111103,雜支支出,玉山銀行桃園分行,,0.00,30.00,,,,銀行手續費,金錢,桃園市桃園區****,,否,,,,,,,
260,藍士博,111年桃園市議員選舉,首次申報,1111103,雜支支出,玉山銀行桃園分行,,0.00,30.00,,,,銀行手續費,金錢,桃園市桃園區****,,否,,,,,,,
261,藍士博,111年桃園市議員選舉,首次申報,1111103,雜支支出,玉山銀行桃園分行,,0.00,30.00,,,,銀行手續費,金錢,桃園市桃園區****,,否,,,,,,,
262,藍士博,111年桃園市議員選舉,首次申報,1111103,人事費用支出,勞動部勞工保險局,03769808,0.00,7296.00,,,,勞保費,金錢,臺北市中正區****,,否,,,,,,,
263,藍士博,111年桃園市議員選舉,首次申報,1111103,宣傳支出,吃到肉羹實業社,85514395,0.00,35548.00,,,,文宣費,金錢,高雄市苓雅區****,,否,,,,,,,
264,藍士博,111年桃園市議員選舉,首次申報,1111103,人事費用支出,許毅全,E12*******,0.00,33000.00,,,,工資或薪津,金錢,高雄市三民區****,0911*****,否,,,,,,,
265,藍士博,111年桃園市議員選舉,首次申報,1111103,人事費用支出,詹靖宸,F12*******,0.00,33000.00,,,,工資或薪津,金錢,桃園市桃園區****,0931*****,否,,,,,,,
266,藍士博,111年桃園市議員選舉,首次申報,1111103,租用競選辦事處支出,黃崇鍾,H10*******,0.00,30000.00,,,,租用競選辦事處費用,金錢,桃園市桃園區****,0932*****,否,,,,,,,
267,藍士博,111年桃園市議員選舉,首次申報,1111104,宣傳支出,郵局,,0.00,28.00,,,,郵寄競選物品或宣傳廣告費用,金錢,桃園市桃園區****,,否,,,,,,,
268,藍士博,111年桃園市議員選舉,首次申報,1111107,交通旅運支出,北基朝陽加油站,41005417,0.00,798.00,,,,油資,金錢,桃園市桃園區****,,否,,,,,,,
269,藍士博,111年桃園市議員選舉,首次申報,1111108,宣傳支出,神工廣告社,87712667,0.00,20240.00,,,,廣告費,金錢,桃園市桃園區****,,否,,,,,,,
270,藍士博,111年桃園市議員選舉,首次申報,1111110,宣傳支出,郵局,,0.00,5831.00,,,,郵寄競選物品或宣傳廣告費用,金錢,桃園市桃園區****,,否,,,,,,,
271,藍士博,111年桃園市議員選舉,首次申報,1111110,雜支支出,中華電信股份有限公司桃園營運處,19683736,0.00,6410.00,,,,電信費用,金錢,桃園市桃園區****,,否,,,,,,,
272,藍士博,111年桃園市議員選舉,首次申報,1111110,交通旅運支出,台灣中油三民站,98249357,0.00,1367.00,,,,油資,金錢,桃園市桃園區****,,否,,,,,,,
273,藍士博,111年桃園市議員選舉,首次申報,1111111,集會支出,尚興企業社,13768552,0.00,1500.00,,,,租用設備費用,金錢,桃園市蘆竹區****,,否,,,,,,,
274,藍士博,111年桃園市議員選舉,首次申報,1111111,雜支支出,宜家家居股份有限公司桃園分公司,27357360,0.00,3870.00,,,,雜項購置或修繕費用,金錢,桃園市中壢區****,,否,,,,,,,
275,藍士博,111年桃園市議員選舉,首次申報,1111112,交通旅運支出,北基朝陽加油站,41005417,0.00,782.00,,,,油資,金錢,桃園市桃園區****,,否,,,,,,,
276,藍士博,111年桃園市議員選舉,首次申報,1111112,雜支支出,摸油湯飲食店,67734143,0.00,5090.00,,,,餐飲費用,金錢,桃園市桃園區****,,否,,,,,,,
277,藍士博,111年桃園市議員選舉,首次申報,1111115,交通旅運支出,北基朝陽加油站,41005417,0.00,895.00,,,,油資,金錢,桃園市桃園區****,,否,,,,,,,
278,藍士博,111年桃園市議員選舉,首次申報,1111116,交通旅運支出,台灣中油中山站,43047309,0.00,1295.00,,,,油資,金錢,桃園市中壢區****,,否,,,,,,,
279,藍士博,111年桃園市議員選舉,首次申報,1111116,雜支支出,源豆咖啡坊,85236034,0.00,610.00,,,,餐飲費用,金錢,桃園市桃園區****,,否,,,,,,,
280,藍士博,111年桃園市議員選舉,首次申報,1111116,宣傳支出,亞洲廣播股份有限公司,96876535,0.00,107000.00,,,,廣告費,金錢,桃園市桃園區****,,否,,,,,,,
281,藍士博,111年桃園市議員選舉,首次申報,1111119,雜支支出,鴻博生活館有限公司,83555883,0.00,1090.00,,,,雜項購置或修繕費用,金錢,桃園市桃園區****,,否,,,,,,,
282,藍士博,111年桃園市議員選舉,首次申報,1111120,集會支出,尚興企業社,13768552,0.00,2000.00,,,,租用設備費用,金錢,桃園市蘆竹區****,,否,,,,,,,
283,藍士博,111年桃園市議員選舉,首次申報,1111120,雜支支出,鴻泰生活館有限公司,90560209,0.00,1698.00,,,,雜項購置或修繕費用,金錢,桃園市桃園區****,,否,,,,,,,
284,藍士博,111年桃園市議員選舉,首次申報,1111121,交通旅運支出,台灣中油三民站,98249357,0.00,911.00,,,,油資,金錢,桃園市桃園區****,,否,,,,,,,
285,藍士博,111年桃園市議員選舉,首次申報,1111124,人事費用支出,衛生福利部中央健康保險署,08628407,0.00,4492.00,,,,健保費,金錢,臺北市大安區****,,否,,,,,,,
286,藍士博,111年桃園市議員選舉,首次申報,1111125,交通旅運支出,北基朝陽加油站,41005417,0.00,835.00,,,,油資,金錢,桃園市桃園區****,,否,,,,,,,
287,藍士博,111年桃園市議員選舉,首次申報,1111128,人事費用支出,勞動部勞工保險局,03769808,0.00,7296.00,,,,勞保費,金錢,臺北市中正區****,,否,,,,,,,
288,藍士博,111年桃園市議員選舉,首次申報,1111130,人事費用支出,黃銘耀,A12*******,0.00,15420.00,,,,工資或薪津,金錢,桃園市龜山區****,0931*****,否,,,,,,,
289,藍士博,111年桃園市議員選舉,首次申報,1111130,人事費用支出,黃唯,A22*******,0.00,5500.00,,,,工資或薪津,金錢,桃園市桃園區****,0979*****,否,,,,,,,
290,藍士博,111年桃園市議員選舉,首次申報,1111130,人事費用支出,吳幸修,F12*******,0.00,12000.00,,,,工資或薪津,金錢,桃園市龜山區****,0975*****,否,,,,,,,
291,藍士博,111年桃園市議員選舉,首次申報,1111130,人事費用支出,楊依萍,F22*******,0.00,6200.00,,,,工資或薪津,金錢,桃園市龜山區****,0955*****,否,,,,,,,
292,藍士博,111年桃園市議員選舉,首次申報,1111130,人事費用支出,江麗虹,F22*******,0.00,11000.00,,,,工資或薪津,金錢,桃園市龜山區****,0919*****,否,,,,,,,
293,藍士博,111年桃園市議員選舉,首次申報,1111130,人事費用支出,陳麗卿,G22*******,0.00,10000.00,,,,工資或薪津,金錢,桃園市蘆竹區****,0955*****,否,,,,,,,
294,藍士博,111年桃園市議員選舉,首次申報,1111130,人事費用支出,許雅芳,H22*******,0.00,16060.00,,,,工資或薪津,金錢,桃園市桃園區****,0983*****,否,,,,,,,
295,藍士博,111年桃園市議員選舉,首次申報,1111130,人事費用支出,呂琇姿,H22*******,0.00,10900.00,,,,工資或薪津,金錢,桃園市桃園區****,0989*****,否,,,,,,,
296,藍士博,111年桃園市議員選舉,首次申報,1111130,人事費用支出,呂宇柔,H22*******,0.00,12400.00,,,,工資或薪津,金錢,桃園市桃園區****,0903*****,否,,,,,,,
297,藍士博,111年桃園市議員選舉,首次申報,1111130,人事費用支出,頼玉如,H22*******,0.00,18090.00,,,,工資或薪津,金錢,桃園市桃園區****,0981*****,否,,,,,,,
298,藍士博,111年桃園市議員選舉,首次申報,1111130,人事費用支出,林宛柔,H22*******,0.00,15600.00,,,,工資或薪津,金錢,桃園市桃園區****,0985*****,否,,,,,,,
299,藍士博,111年桃園市議員選舉,首次申報,1111130,人事費用支出,楊淑敏,H22*******,0.00,11560.00,,,,工資或薪津,金錢,桃園市八德區****,0908*****,否,,,,,,,
300,藍士博,111年桃園市議員選舉,首次申報,1111130,人事費用支出,吳氏貝,H26*******,0.00,10370.00,,,,工資或薪津,金錢,桃園市桃園區****,0966*****,否,,,,,,,
301,藍士博,111年桃園市議員選舉,首次申報,1111130,人事費用支出,張獻,H29*******,0.00,10950.00,,,,工資或薪津,金錢,桃園市八德區****,0978*****,否,,,,,,,
302,藍士博,111年桃園市議員選舉,首次申報,1111130,人事費用支出,孫春霞,H29*******,0.00,12950.00,,,,工資或薪津,金錢,桃園市蘆竹區****,0913*****,否,,,,,,,
303,藍士博,111年桃園市議員選舉,首次申報,1111130,人事費用支出,姜懿軒,H29*******,0.00,10600.00,,,,工資或薪津,金錢,桃園市桃園區****,0900*****,否,,,,,,,
304,藍士博,111年桃園市議員選舉,首次申報,1111130,人事費用支出,王琴,H29*******,0.00,11600.00,,,,工資或薪津,金錢,桃園市桃園區****,0932*****,否,,,,,,,
305,藍士博,111年桃園市議員選舉,首次申報,1111130,人事費用支出,徐心瑜,J22*******,0.00,10000.00,,,,工資或薪津,金錢,桃園市桃園區****,0968*****,否,,,,,,,
306,藍士博,111年桃園市議員選舉,首次申報,1111130,人事費用支出,蕭如君,P22*******,0.00,8420.00,,,,工資或薪津,金錢,桃園市桃園區****,0970*****,否,,,,,,,
307,藍士博,111年桃園市議員選舉,首次申報,1111201,雜支支出,藍新科技股份有限公司,70565326,0.00,426.00,,,,手續費,金錢,臺北市南港區****,,否,,,,,,,
308,藍士博,111年桃園市議員選舉,首次申報,1111207,雜支支出,玉山銀行桃園分行,,0.00,100.00,,,,銀行手續費,金錢,桃園市桃園區****,,否,,,,,,,
309,藍士博,111年桃園市議員選舉,首次申報,1111207,雜支支出,玉山銀行桃園分行,,0.00,30.00,,,,銀行手續費,金錢,桃園市桃園區****,,否,,,,,,,
310,藍士博,111年桃園市議員選舉,首次申報,1111207,雜支支出,台灣電力股份有限公司,02488533,0.00,5487.00,,,,水電瓦斯費用,金錢,桃園市桃園區****,,否,,,,,,,
311,藍士博,111年桃園市議員選舉,首次申報,1111207,雜支支出,台灣自來水股份有限公司,02488745,0.00,462.00,,,,水電瓦斯費用,金錢,桃園市桃園區****,,否,,,,,,,
312,藍士博,111年桃園市議員選舉,首次申報,1111207,返還捐贈支出,誠真創意有限公司,54938222,0.00,10000.00,,,,返還,金錢,桃園市中壢區****,,否,,,,,,,
313,藍士博,111年桃園市議員選舉,首次申報,1111207,返還捐贈支出,麒望實業有限公司,69761383,0.00,3000.00,,,,返還,金錢,桃園市桃園區****,,否,,,,,,,
