﻿序號,擬參選人／政黨,選舉名稱,申報序號／年度,交易日期,收支科目,捐贈者／支出對象,身分證／統一編號,收入金額,支出金額,支出用途,金錢類,地址,聯絡電話,資料更正日期
1,張榮法,107年直轄市議員選舉,首次申報,1070503,個人捐贈收入,孫瑞華,A10*******,20000.00,0.00,,金錢,新北市汐止區****,0933*****,
2,張榮法,107年直轄市議員選舉,首次申報,1070519,個人捐贈收入,朱城山,H12*******,6000.00,0.00,,金錢,臺北市萬華區****,0952*****,
3,張榮法,107年直轄市議員選舉,首次申報,1070604,匿名捐贈,劉鎮平,,3000.00,0.00,,金錢,,,
4,張榮法,107年直轄市議員選舉,首次申報,1070613,個人捐贈收入,林高寶鳯,A20*******,100000.00,0.00,,金錢,新北市板橋區****,0972*****,
5,張榮法,107年直轄市議員選舉,首次申報,1070613,個人捐贈收入,郭枝芬,Q22*******,30000.00,0.00,,金錢,臺北市士林區****,,
6,張榮法,107年直轄市議員選舉,首次申報,1070621,其他收入,利息收入,,5.00,0.00,,金錢,,,
7,張榮法,107年直轄市議員選舉,首次申報,1070710,匿名捐贈,王秋香,,5000.00,0.00,,金錢,,,
8,張榮法,107年直轄市議員選舉,首次申報,1070727,營利事業捐贈收入,弘飛興業股份有限公司,16969167,200000.00,0.00,,金錢,新北市中和區****,02-2*****,
9,張榮法,107年直轄市議員選舉,首次申報,1070730,個人捐贈收入,李正,A12*******,20000.00,0.00,,金錢,臺北市內湖區****,,
10,張榮法,107年直轄市議員選舉,首次申報,1070821,政黨捐贈收入,新黨,政黨證字第74號,300000.00,0.00,,金錢,台北市光復南****,(02)*****,
11,張榮法,107年直轄市議員選舉,首次申報,1070830,政黨捐贈收入,新黨,政黨證字第74號,200000.00,0.00,,金錢,台北市光復南****,(02)*****,
12,張榮法,107年直轄市議員選舉,首次申報,1070903,個人捐贈收入,金雪中,A20*******,50000.00,0.00,,金錢,臺北市文山區****,0916*****,
13,張榮法,107年直轄市議員選舉,首次申報,1070903,個人捐贈收入,顏嘉秀,Q22*******,100000.00,0.00,,金錢,彰化縣員林市****,,
14,張榮法,107年直轄市議員選舉,首次申報,1070912,個人捐贈收入,鄭仁德,A12*******,2000.00,0.00,,金錢,新北市三重區****,0910*****,
15,張榮法,107年直轄市議員選舉,首次申報,1071003,人民團體捐贈收入,台北市果菜包裝運送業職業工會,,20000.00,0.00,,金錢,台北市萬華區****,02-2*****,
16,張榮法,107年直轄市議員選舉,首次申報,1071003,個人捐贈收入,張秀琴,A20*******,3000.00,0.00,,金錢,臺北市萬華區****,0926*****,
17,張榮法,107年直轄市議員選舉,首次申報,1071003,個人捐贈收入,閰光濤,E10*******,1000.00,0.00,,金錢,臺北市士林區****,0918*****,
18,張榮法,107年直轄市議員選舉,首次申報,1071003,個人捐贈收入,顏淑華,G22*******,5000.00,0.00,,金錢,臺北市中正區****,0932*****,
19,張榮法,107年直轄市議員選舉,首次申報,1071003,個人捐贈收入,陳麗玲,H22*******,10000.00,0.00,,金錢,桃園市蘆竹區****,0910*****,
20,張榮法,107年直轄市議員選舉,首次申報,1071003,個人捐贈收入,紀聰明,K10*******,2000.00,0.00,,金錢,臺北市內湖區****,0933*****,
21,張榮法,107年直轄市議員選舉,首次申報,1071003,個人捐贈收入,汪暘屏,T12*******,2000.00,0.00,,金錢,臺北市中正區****,,
22,張榮法,107年直轄市議員選舉,首次申報,1071008,個人捐贈收入,周崇熙,A12*******,10000.00,0.00,,金錢,臺北市文山區****,0953*****,
23,張榮法,107年直轄市議員選舉,首次申報,1071012,個人捐贈收入,吳成典,S10*******,10000.00,0.00,,金錢,金門縣金城鎮****,0932*****,
24,張榮法,107年直轄市議員選舉,首次申報,1071101,個人捐贈收入,謝文煌,A10*******,10000.00,0.00,,金錢,臺北市萬華區****,,
25,張榮法,107年直轄市議員選舉,首次申報,1071107,個人捐贈收入,許亮標,F12*******,5000.00,0.00,,金錢,臺北市文山區****,0922*****,
26,張榮法,107年直轄市議員選舉,首次申報,1071116,個人捐贈收入,王照楓,A10*******,2000.00,0.00,,金錢,臺北市中正區****,0926*****,
27,張榮法,107年直轄市議員選舉,首次申報,1071116,個人捐贈收入,盛仰正,E12*******,2000.00,0.00,,金錢,新北市汐止區****,0929*****,
28,張榮法,107年直轄市議員選舉,首次申報,1071119,個人捐贈收入,陳麗紅,H22*******,100000.00,0.00,,金錢,臺北市中山區****,02-2*****,
29,張榮法,107年直轄市議員選舉,首次申報,1071119,個人捐贈收入,陳立恒,Q10*******,100000.00,0.00,,金錢,臺北市士林區****,02-2*****,
30,張榮法,107年直轄市議員選舉,首次申報,1071121,個人捐贈收入,黃慧玲,A22*******,100000.00,0.00,,金錢,臺北市萬華區****,02-2*****,
31,張榮法,107年直轄市議員選舉,首次申報,1071121,個人捐贈收入,林欣筠,F22*******,100000.00,0.00,,金錢,臺北市信義區****,,
32,張榮法,107年直轄市議員選舉,首次申報,1071123,個人捐贈收入,王金爵,M10*******,20000.00,0.00,,金錢,臺北市中山區****,,
33,張榮法,107年直轄市議員選舉,首次申報,1071221,其他收入,利息收入,,18.00,0.00,,金錢,,,
