﻿序號,擬參選人／政黨,選舉名稱,申報序號／年度,交易日期,收支科目,捐贈者／支出對象,身分證／統一編號,收入金額,支出金額,支出用途,金錢類,地址,聯絡電話,資料更正日期
1,何炳蓬,107年村(里)長選舉,首次申報,1071006,人民團體捐贈收入,新北市陸軍第一特種兵權益促進協會,,2000.00,0.00,,金錢,新北市樹林區****,0935*****,
2,何炳蓬,107年村(里)長選舉,首次申報,1071020,個人捐贈收入,呂國勳,,3000.00,0.00,,金錢,新北市三重區****,,
3,何炳蓬,107年村(里)長選舉,首次申報,1071020,個人捐贈收入,劉光要,,1000.00,0.00,,金錢,新北市板橋區****,,
4,何炳蓬,107年村(里)長選舉,首次申報,1071020,個人捐贈收入,林秀惠,G20*******,2000.00,0.00,,金錢,,,
5,何炳蓬,107年村(里)長選舉,首次申報,1071024,個人捐贈收入,柯機甸,,20000.00,0.00,,非金錢,新北市中和區****,,
6,何炳蓬,107年村(里)長選舉,首次申報,1071101,個人捐贈收入,房政勳,,2000.00,0.00,,非金錢,新北市三重區****,,
