﻿序號,擬參選人／政黨,選舉名稱,申報序號／年度,交易日期,收支科目,捐贈者／支出對象,身分證／統一編號,收入金額,支出金額,捐贈方式,存入專戶日期,返還/繳庫,支出用途,金錢類,地址,聯絡電話,應揭露之支出對象,支出對象之內部人員姓名,支出對象之內部人員職稱,政黨之內部人員姓名,政黨之內部人員職稱,關係,更正註記,資料更正日期
1,石國勲,111年臺中市東區富台里里長選舉,首次申報,1110906,交通旅運支出,自由加油站,,0.00,1000.00,,,,油資,金錢,臺中市東區自****,,否,,,,,,,
2,石國勲,111年臺中市東區富台里里長選舉,首次申報,1110909,交通旅運支出,進化路加油站,,0.00,1000.00,,,,油資,金錢,臺中市東區進****,,否,,,,,,,
3,石國勲,111年臺中市東區富台里里長選舉,首次申報,1110917,交通旅運支出,自由加油站,,0.00,1000.00,,,,油資,金錢,臺中市東區自****,,否,,,,,,,
4,石國勲,111年臺中市東區富台里里長選舉,首次申報,1110920,宣傳支出,志威印刷,,0.00,3500.00,,,,其他與選舉宣傳有關之費用,金錢,臺中市南區工****,,否,,,,,,,
5,石國勲,111年臺中市東區富台里里長選舉,首次申報,1110930,交通旅運支出,坪林加油站,,0.00,1000.00,,,,油資,金錢,臺中市太平區****,,否,,,,,,,
6,石國勲,111年臺中市東區富台里里長選舉,首次申報,1111007,宣傳支出,財團法人彰化縣心晴社會福利發展協會,,0.00,2000.00,,,,演講或表演費用,金錢,彰化縣彰化市****,,否,,,,,,,
7,石國勲,111年臺中市東區富台里里長選舉,首次申報,1111007,雜支支出,霧峰肉粽嫂店,,0.00,8000.00,,,,餐飲費用,金錢,臺中市霧峰區****,,否,,,,,,,
8,石國勲,111年臺中市東區富台里里長選舉,首次申報,1111012,宣傳支出,志威印刷,,0.00,4700.00,,,,其他與選舉宣傳有關之費用,金錢,臺中市南區工****,,否,,,,,,,
9,石國勲,111年臺中市東區富台里里長選舉,首次申報,1111024,雜支支出,好市多北屯店,,0.00,3095.00,,,,餐飲費用,金錢,臺中市北屯區****,,否,,,,,,,
10,石國勲,111年臺中市東區富台里里長選舉,首次申報,1111024,交通旅運支出,自由加油站,,0.00,1000.00,,,,油資,金錢,臺中市東區自****,,否,,,,,,,
11,石國勲,111年臺中市東區富台里里長選舉,首次申報,1111029,交通旅運支出,振興路加油站,,0.00,1000.00,,,,油資,金錢,臺中市東區建****,,否,,,,,,,
12,石國勲,111年臺中市東區富台里里長選舉,首次申報,1111102,交通旅運支出,加得利加油站,,0.00,1000.00,,,,油資,金錢,臺中市中區柳****,,否,,,,,,,
13,石國勲,111年臺中市東區富台里里長選舉,首次申報,1111123,宣傳支出,志威印刷,,0.00,1800.00,,,,其他與選舉宣傳有關之費用,金錢,臺中市南區工****,,否,,,,,,,
14,石國勲,111年臺中市東區富台里里長選舉,首次申報,1111220,人事費用支出,王俐華,B20*******,0.00,137000.00,,,,工資或薪津,金錢,臺中市太平區****,,否,,,,,,,
