﻿序號,擬參選人／政黨,選舉名稱,申報序號／年度,交易日期,收支科目,捐贈者／支出對象,身分證／統一編號,收入金額,支出金額,支出用途,金錢類,地址,聯絡電話,資料更正日期
1,蔡文旭,107年縣(市)議員選舉,首次申報,1070502,雜支支出,維貞廣告裝飾企業社,66278548,0.00,4000.00,製作競選物品支出（壓克力加工名片架）,金錢,嘉義市北榮街****,05-2*****,
2,蔡文旭,107年縣(市)議員選舉,首次申報,1070503,雜支支出,銀禾興業刻印鎖匙行,36707395,0.00,620.00,刻印章,金錢,嘉義市興業西****,05-2*****,
3,蔡文旭,107年縣(市)議員選舉,首次申報,1070505,交通旅運支出,新民路加油站,22802481,0.00,145.00,機車加油,金錢,,,
4,蔡文旭,107年縣(市)議員選舉,首次申報,1070508,交通旅運支出,台灣中油加油站,65090503,0.00,145.00,宣傳車加油,金錢,,,
5,蔡文旭,107年縣(市)議員選舉,首次申報,1070511,交通旅運支出,世賢加油站有限公司,16966295,0.00,1095.00,宣傳車加油,金錢,嘉義市世賢路****,,
6,蔡文旭,107年縣(市)議員選舉,首次申報,1070511,雜支支出,頂好超市,27241586,0.00,278.00,飲料,金錢,嘉義市仁愛路****,05-2*****,
7,蔡文旭,107年縣(市)議員選舉,首次申報,1070512,雜支支出,三鷹食品有限公司,25885766,0.00,6000.00,食品,金錢,嘉義縣民雄鄉****,05-2*****,
8,蔡文旭,107年縣(市)議員選舉,首次申報,1070513,交通旅運支出,台灣中油加油站,65090503,0.00,145.00,宣傳車加油,金錢,,,
9,蔡文旭,107年縣(市)議員選舉,首次申報,1070517,交通旅運支出,福懋加油站,14527146,0.00,160.00,宣傳車加油,金錢,嘉義市文化路****,,
10,蔡文旭,107年縣(市)議員選舉,首次申報,1070519,雜支支出,名廚餐坊,09094611,0.00,3140.00,便餐,金錢,嘉義市南京路****,05-2*****,
11,蔡文旭,107年縣(市)議員選舉,首次申報,1070522,雜支支出,伍角專業影印店,19732498,0.00,100.00,影印資料,金錢,嘉義市體育路****,05-2*****,
12,蔡文旭,107年縣(市)議員選舉,首次申報,1070522,交通旅運支出,新民路加油站,22802481,0.00,153.00,宣傳車加油,金錢,嘉義市****,,
13,蔡文旭,107年縣(市)議員選舉,首次申報,1070523,雜支支出,弘安藥粧生活館,47756484,0.00,342.00,藥品,金錢,嘉義市興業西****,05-2*****,
14,蔡文旭,107年縣(市)議員選舉,首次申報,1070525,雜支支出,嘉廣事務機器有限公司,80246195,0.00,12000.00,電子日曆,金錢,嘉義市中興路****,05-2*****,
15,蔡文旭,107年縣(市)議員選舉,首次申報,1070527,交通旅運支出,新民路加油站,22802481,0.00,150.00,宣傳車加油,金錢,嘉義市****,,
16,蔡文旭,107年縣(市)議員選舉,首次申報,1070528,宣傳支出,海德堡企業行,19397282,0.00,13000.00,小看板,金錢,嘉義市永安街****,,
17,蔡文旭,107年縣(市)議員選舉,首次申報,1070529,雜支支出,維貞廣告裝飾企業社,66278548,0.00,4000.00,壓克力名片架,金錢,嘉義市北榮街****,05-2*****,
18,蔡文旭,107年縣(市)議員選舉,首次申報,1070604,雜支支出,聖保羅公司興嘉分公司,52497488,0.00,210.00,麵包,金錢,嘉義市****,,
19,蔡文旭,107年縣(市)議員選舉,首次申報,1070605,交通旅運支出,順力加油站有限公司,12780136,0.00,140.00,宣傳車加油,金錢,嘉義市****,,
20,蔡文旭,107年縣(市)議員選舉,首次申報,1070608,雜支支出,亞東通信行,09119319,0.00,4980.00,通訊器材,金錢,嘉義市****,05-2*****,
21,蔡文旭,107年縣(市)議員選舉,首次申報,1070608,交通旅運支出,台灣加油,65091209,0.00,100.00,宣傳車加油,金錢,嘉義市****,,
22,蔡文旭,107年縣(市)議員選舉,首次申報,1070608,宣傳支出,一方企業社,98870733,0.00,34100.00,宣傳卡片,金錢,嘉義市民族路****,05-2*****,
23,蔡文旭,107年縣(市)議員選舉,首次申報,1070609,雜支支出,亞洲西服號,66381825,0.00,5000.00,長褲,金錢,嘉義市****,,
24,蔡文旭,107年縣(市)議員選舉,首次申報,1070610,交通旅運支出,中興營業所,36745004,0.00,40.00,停車費,金錢,,,
25,蔡文旭,107年縣(市)議員選舉,首次申報,1070610,交通旅運支出,湖子內路加油站,80255567,0.00,160.00,宣傳車加油,金錢,嘉義市****,,
26,蔡文旭,107年縣(市)議員選舉,首次申報,1070612,交通旅運支出,台灣中油,65091209,0.00,107.00,宣傳車加油,金錢,嘉義市****,,
27,蔡文旭,107年縣(市)議員選舉,首次申報,1070616,交通旅運支出,台灣中油,65091209,0.00,90.00,宣傳車加油,金錢,嘉義市****,,
28,蔡文旭,107年縣(市)議員選舉,首次申報,1070617,交通旅運支出,台灣中油,06253234,0.00,145.00,宣傳車加油,金錢,嘉義市****,,
29,蔡文旭,107年縣(市)議員選舉,首次申報,1070621,交通旅運支出,台灣中油,65091209,0.00,110.00,宣傳車加油,金錢,嘉義市****,,
30,蔡文旭,107年縣(市)議員選舉,首次申報,1070623,交通旅運支出,順力加油站有限公司,12780136,0.00,140.00,宣傳車加油,金錢,嘉義市****,,
31,蔡文旭,107年縣(市)議員選舉,首次申報,1070624,交通旅運支出,台灣中油,65091209,0.00,110.00,宣傳車加油,金錢,嘉義市****,,
32,蔡文旭,107年縣(市)議員選舉,首次申報,1070625,宣傳支出,一方企業社,98870733,0.00,31200.00,宣傳卡片,金錢,嘉義市民族路****,,
33,蔡文旭,107年縣(市)議員選舉,首次申報,1070628,交通旅運支出,台灣中油,06253234,0.00,150.00,宣傳車加油,金錢,嘉義市****,,
34,蔡文旭,107年縣(市)議員選舉,首次申報,1070628,雜支支出,同心商店,66612889,0.00,390.00,餐費,金錢,嘉義市文化路****,,
35,蔡文旭,107年縣(市)議員選舉,首次申報,1070630,交通旅運支出,台灣中油,65091209,0.00,88.00,宣傳車加油,金錢,嘉義市****,,
36,蔡文旭,107年縣(市)議員選舉,首次申報,1070703,雜支支出,阿瘦實業股份有限公司嘉義二店,62988168,0.00,13235.00,運動鞋,金錢,嘉義市中山路****,05-2*****,
37,蔡文旭,107年縣(市)議員選舉,首次申報,1070703,交通旅運支出,台灣中油,65058073,0.00,140.00,宣傳車加油,金錢,嘉義市****,,
38,蔡文旭,107年縣(市)議員選舉,首次申報,1070707,交通旅運支出,台灣中油,65091209,0.00,117.00,宣傳車加油,金錢,嘉義市****,,
39,蔡文旭,107年縣(市)議員選舉,首次申報,1070708,交通旅運支出,台灣中油,20175689,0.00,1327.00,宣傳車加油,金錢,嘉義市****,,
40,蔡文旭,107年縣(市)議員選舉,首次申報,1070708,雜支支出,三船鰻丼企業社,37706726,0.00,5000.00,便餐,金錢,嘉義市仁愛路****,05-2*****,
41,蔡文旭,107年縣(市)議員選舉,首次申報,1070709,交通旅運支出,台灣中油,06253234,0.00,150.00,宣傳車加油,金錢,嘉義市****,,
42,蔡文旭,107年縣(市)議員選舉,首次申報,1070712,交通旅運支出,台灣中油,65091209,0.00,100.00,宣傳車加油,金錢,嘉義市****,,
43,蔡文旭,107年縣(市)議員選舉,首次申報,1070713,雜支支出,統一超商,70784119,0.00,178.00,雨衣,金錢,嘉義市****,,
44,蔡文旭,107年縣(市)議員選舉,首次申報,1070714,交通旅運支出,新民路加油站,22802481,0.00,125.00,加油,金錢,嘉義市****,,
45,蔡文旭,107年縣(市)議員選舉,首次申報,1070715,交通旅運支出,台灣中油,65058073,0.00,50.00,宣傳車加油,金錢,嘉義市****,,
46,蔡文旭,107年縣(市)議員選舉,首次申報,1070717,雜支支出,阿瘦實業股份有限公司嘉義二店,62988168,0.00,2795.00,運動鞋,金錢,嘉義市****,,
47,蔡文旭,107年縣(市)議員選舉,首次申報,1070717,宣傳支出,一方企業社,98870733,0.00,35700.00,文宣小卡片,金錢,嘉義市民族路****,05-2*****,
48,蔡文旭,107年縣(市)議員選舉,首次申報,1070718,交通旅運支出,台灣中油,65091209,0.00,120.00,宣傳車加油,金錢,嘉義市****,,
49,蔡文旭,107年縣(市)議員選舉,首次申報,1070721,交通旅運支出,台灣中油,65059221,0.00,150.00,宣傳車加油,金錢,嘉義市****,,
50,蔡文旭,107年縣(市)議員選舉,首次申報,1070726,交通旅運支出,台灣中油,65091209,0.00,100.00,宣傳車加油,金錢,嘉義市****,,
51,蔡文旭,107年縣(市)議員選舉,首次申報,1070728,雜支支出,弘安藥粧生活館,06000898,0.00,342.00,藥品,金錢,嘉義市****,,
52,蔡文旭,107年縣(市)議員選舉,首次申報,1070729,交通旅運支出,新民路加油站有限公司,22802481,0.00,115.00,宣傳車加油,金錢,嘉義市****,,
53,蔡文旭,107年縣(市)議員選舉,首次申報,1070729,交通旅運支出,台灣中油,65091209,0.00,40.00,宣傳車加油,金錢,嘉義市****,,
54,蔡文旭,107年縣(市)議員選舉,首次申報,1070730,交通旅運支出,台灣中油,65090601,0.00,1000.00,宣傳車加油,金錢,嘉義市****,,
55,蔡文旭,107年縣(市)議員選舉,首次申報,1070803,交通旅運支出,台灣中油,65057259,0.00,1000.00,宣傳車加油,金錢,嘉義市****,,
56,蔡文旭,107年縣(市)議員選舉,首次申報,1070803,交通旅運支出,台灣中油,65091209,0.00,110.00,宣傳車加油,金錢,嘉義市****,,
57,蔡文旭,107年縣(市)議員選舉,首次申報,1070806,雜支支出,金牌川菜小館,36710336,0.00,2030.00,便餐,金錢,嘉義市****,,
58,蔡文旭,107年縣(市)議員選舉,首次申報,1070807,交通旅運支出,新民路加油站,22802481,0.00,150.00,宣傳車加油,金錢,嘉義市****,,
59,蔡文旭,107年縣(市)議員選舉,首次申報,1070807,交通旅運支出,台灣中油,65060037,0.00,1000.00,宣傳車加油,金錢,嘉義市****,,
60,蔡文旭,107年縣(市)議員選舉,首次申報,1070808,雜支支出,翃昇有限公司,97065680,0.00,56000.00,筆記型電腦,金錢,嘉義市西榮街****,,
61,蔡文旭,107年縣(市)議員選舉,首次申報,1070809,雜支支出,翃昇有限公司,97065680,0.00,20500.00,桌上型電腦,金錢,嘉義市西榮街****,,
62,蔡文旭,107年縣(市)議員選舉,首次申報,1070810,交通旅運支出,台灣中油,65091209,0.00,115.00,宣傳車加油,金錢,嘉義市****,,
63,蔡文旭,107年縣(市)議員選舉,首次申報,1070811,交通旅運支出,台灣中油,65090503,0.00,1000.00,車輛加油,金錢,嘉義市****,,
64,蔡文旭,107年縣(市)議員選舉,首次申報,1070814,交通旅運支出,台灣中油,06253234,0.00,150.00,車輛加油,金錢,嘉義市****,,
65,蔡文旭,107年縣(市)議員選舉,首次申報,1070815,交通旅運支出,台灣加油,65091209,0.00,100.00,車輛加油,金錢,嘉義市****,,
66,蔡文旭,107年縣(市)議員選舉,首次申報,1070816,交通旅運支出,台灣中油,65060037,0.00,1000.00,車輛加油,金錢,嘉義市****,,
67,蔡文旭,107年縣(市)議員選舉,首次申報,1070821,交通旅運支出,新民路加油站,22802481,0.00,140.00,車輛加油,金錢,嘉義市****,,
68,蔡文旭,107年縣(市)議員選舉,首次申報,1070823,交通旅運支出,台灣中油,65090503,0.00,1200.00,車輛加油,金錢,嘉義市****,,
69,蔡文旭,107年縣(市)議員選舉,首次申報,1070829,交通旅運支出,台灣中油,65090503,0.00,1000.00,車輛加油,金錢,嘉義市****,,
70,蔡文旭,107年縣(市)議員選舉,首次申報,1070830,交通旅運支出,新民路加油站,22802481,0.00,130.00,車輛加油,金錢,嘉義市****,,
71,蔡文旭,107年縣(市)議員選舉,首次申報,1070831,雜支支出,伍角專業影印店,2252721,0.00,4962.00,信封名條列印,金錢,嘉義市體育路****,,
72,蔡文旭,107年縣(市)議員選舉,首次申報,1070901,交通旅運支出,台灣中油,65091209,0.00,115.00,車輛加油,金錢,嘉義市****,,
73,蔡文旭,107年縣(市)議員選舉,首次申報,1070901,宣傳支出,一方企業社,98870733,0.00,30000.00,宣傳小折卡,金錢,嘉義市****,,
74,蔡文旭,107年縣(市)議員選舉,首次申報,1070902,雜支支出,黎陽登山露營旅遊用品社,19725996,0.00,9135.00,運動長褲,金錢,嘉義市興業西****,,
75,蔡文旭,107年縣(市)議員選舉,首次申報,1070902,雜支支出,黎陽登山露營旅遊用品社,19725996,0.00,4784.00,運動鞋,金錢,嘉義市興業西****,05-2*****,
76,蔡文旭,107年縣(市)議員選舉,首次申報,1070902,交通旅運支出,台灣中油,65091209,0.00,70.00,車輛加油,金錢,嘉義市****,,
77,蔡文旭,107年縣(市)議員選舉,首次申報,1070903,交通旅運支出,世賢加油站有限公司,16966295,0.00,140.00,車輛加油,金錢,嘉義市世賢路****,,
78,蔡文旭,107年縣(市)議員選舉,首次申報,1070904,宣傳支出,玉山郵局,66022434,0.00,54958.00,郵寄文宣,金錢,嘉義市中興路****,,
79,蔡文旭,107年縣(市)議員選舉,首次申報,1070906,交通旅運支出,新民路加油站,22802481,0.00,155.00,車輛加油,金錢,嘉義市****,,
80,蔡文旭,107年縣(市)議員選舉,首次申報,1070906,交通旅運支出,台灣中油,65091209,0.00,110.00,車輛加油,金錢,嘉義市****,,
81,蔡文旭,107年縣(市)議員選舉,首次申報,1070906,雜支支出,松葉機車材料行,65635307,0.00,2300.00,機車後箱、後箱架,金錢,嘉義市公明路****,,
82,蔡文旭,107年縣(市)議員選舉,首次申報,1070909,交通旅運支出,台灣中油,65091209,0.00,80.00,車輛加油,金錢,嘉義市****,,
83,蔡文旭,107年縣(市)議員選舉,首次申報,1070910,交通旅運支出,世賢加油站有限公司,16966295,0.00,950.00,車輛加油,金錢,嘉義市****,,
84,蔡文旭,107年縣(市)議員選舉,首次申報,1070911,交通旅運支出,台灣中油,06253240,0.00,151.00,車輛加油,金錢,嘉義市****,,
85,蔡文旭,107年縣(市)議員選舉,首次申報,1070913,交通旅運支出,新民路加油站,22802481,0.00,130.00,車輛加油,金錢,嘉義市****,,
86,蔡文旭,107年縣(市)議員選舉,首次申報,1070913,雜支支出,芙卡夏麵包坊,25756691,0.00,172.00,麵包,金錢,嘉義市民生北****,,
87,蔡文旭,107年縣(市)議員選舉,首次申報,1070913,交通旅運支出,台灣中油,65091209,0.00,188.00,車輛加油,金錢,嘉義市****,,
88,蔡文旭,107年縣(市)議員選舉,首次申報,1070913,宣傳支出,玉山郵局,66022434,0.00,1089.00,郵寄文宣,金錢,嘉義市中興路****,,
89,蔡文旭,107年縣(市)議員選舉,首次申報,1070914,交通旅運支出,台灣中油,65090503,0.00,150.00,車輛加油,金錢,嘉義市****,,
90,蔡文旭,107年縣(市)議員選舉,首次申報,1070915,交通旅運支出,台灣中油,65058073,0.00,100.00,車輛加油,金錢,嘉義市****,,
91,蔡文旭,107年縣(市)議員選舉,首次申報,1070917,交通旅運支出,台灣中油,65091209,0.00,110.00,車輛加油,金錢,嘉義市****,,
92,蔡文旭,107年縣(市)議員選舉,首次申報,1070918,交通旅運支出,台灣中油,06253234,0.00,150.00,車輛加油,金錢,嘉義市****,,
93,蔡文旭,107年縣(市)議員選舉,首次申報,1070918,交通旅運支出,台灣中油,65090603,0.00,100.00,車輛加油,金錢,嘉義市****,,
94,蔡文旭,107年縣(市)議員選舉,首次申報,1070920,交通旅運支出,台灣中油,65091209,0.00,107.00,車輛加油,金錢,嘉義市****,,
95,蔡文旭,107年縣(市)議員選舉,首次申報,1070921,交通旅運支出,台灣中油,65090503,0.00,160.00,車輛加油,金錢,嘉義市****,,
96,蔡文旭,107年縣(市)議員選舉,首次申報,1070922,雜支支出,伍角專業影印店,19732493,0.00,8743.00,影印名條,金錢,嘉義市體育路****,,
97,蔡文旭,107年縣(市)議員選舉,首次申報,1070923,交通旅運支出,福懋加油站,14527146,0.00,155.00,車輛加油,金錢,嘉義市****,,
98,蔡文旭,107年縣(市)議員選舉,首次申報,1070924,雜支支出,弘安藥粧生活館,47756484,0.00,684.00,藥品,金錢,嘉義市興業西****,,
99,蔡文旭,107年縣(市)議員選舉,首次申報,1070924,宣傳支出,一方企業社,98870733,0.00,20160.00,封套印製,金錢,嘉義市民族路****,,
100,蔡文旭,107年縣(市)議員選舉,首次申報,1070925,宣傳支出,興嘉郵局,76823856,0.00,26247.00,郵寄文宣,金錢,嘉義市南京路****,,
101,蔡文旭,107年縣(市)議員選舉,首次申報,1070925,宣傳支出,小杜吉企業社,98052728,0.00,35000.00,帆布輸出及施工,金錢,嘉義市維新路****,05-2*****,
102,蔡文旭,107年縣(市)議員選舉,首次申報,1070925,宣傳支出,一方企業社,98870733,0.00,93000.00,宣傳小冊子,金錢,嘉義市民族路****,05-2*****,
103,蔡文旭,107年縣(市)議員選舉,首次申報,1070925,宣傳支出,一方企業社,98870733,0.00,93000.00,宣傳小冊子,金錢,嘉義市民族路****,05-2*****,
104,蔡文旭,107年縣(市)議員選舉,首次申報,1070926,雜支支出,川流亭飲食店,18276177,0.00,15000.00,便餐,金錢,嘉義市****,,
105,蔡文旭,107年縣(市)議員選舉,首次申報,1070926,交通旅運支出,台灣中油,65059221,0.00,108.00,車輛加油,金錢,嘉義市****,,
106,蔡文旭,107年縣(市)議員選舉,首次申報,1070928,交通旅運支出,新民路加油站,22802481,0.00,170.00,車輛加油,金錢,嘉義市****,,
107,蔡文旭,107年縣(市)議員選舉,首次申報,1070928,雜支支出,全國電子股份有限公司,27232453,0.00,2587.00,電話機,金錢,嘉義市興業西****,,
108,蔡文旭,107年縣(市)議員選舉,首次申報,1070928,交通旅運支出,台灣中油,65091209,0.00,110.00,車輛加油,金錢,嘉義市****,,
109,蔡文旭,107年縣(市)議員選舉,首次申報,1071001,雜支支出,學明書局,,0.00,1276.00,文具,金錢,嘉義市保安二****,05-2*****,
110,蔡文旭,107年縣(市)議員選舉,首次申報,1071002,雜支支出,伍角專業影印店,19732498,0.00,337.00,影印資料,金錢,嘉義市體育路****,05-2*****,
111,蔡文旭,107年縣(市)議員選舉,首次申報,1071002,交通旅運支出,台灣中油,65090503,0.00,100.00,車輛加油,金錢,嘉義市****,,
112,蔡文旭,107年縣(市)議員選舉,首次申報,1071003,交通旅運支出,春井自助餐,,0.00,2100.00,便當,金錢,嘉義市上海路****,,
113,蔡文旭,107年縣(市)議員選舉,首次申報,1071003,交通旅運支出,台灣中油,06253240,0.00,143.00,車輛加油,金錢,嘉義市****,,
114,蔡文旭,107年縣(市)議員選舉,首次申報,1071003,宣傳支出,正聲公司嘉義廣播電台,66003703,0.00,10000.00,廣告費,金錢,嘉義市垂楊路****,05-2*****,
115,蔡文旭,107年縣(市)議員選舉,首次申報,1071004,雜支支出,嘉廣事務機器有限公司,80246195,0.00,1900.00,電話機,金錢,嘉義市中興路****,05-2*****,
116,蔡文旭,107年縣(市)議員選舉,首次申報,1071005,宣傳支出,大誠電機行,67888890,0.00,3900.00,廣告機、喇叭,金錢,嘉義市大聖路****,05-2*****,
117,蔡文旭,107年縣(市)議員選舉,首次申報,1071006,交通旅運支出,世賢加油站有限公司,16966295,0.00,150.00,車輛加油,金錢,嘉義市****,,
118,蔡文旭,107年縣(市)議員選舉,首次申報,1071006,宣傳支出,海德堡企業行,19397282,0.00,8000.00,看板,金錢,嘉義市****,,
119,蔡文旭,107年縣(市)議員選舉,首次申報,1071006,雜支支出,克林煙酒零售店,76841587,0.00,5940.00,香菸,金錢,嘉義市****,,
120,蔡文旭,107年縣(市)議員選舉,首次申報,1071007,雜支支出,卉的點心小舖,10814531,0.00,2300.00,芋頭捲、奶皇包,金錢,嘉義市友忠路****,05-2*****,
121,蔡文旭,107年縣(市)議員選舉,首次申報,1071007,宣傳支出,寶興行,14523394,0.00,13500.00,總部成立大會帳篷及桌椅,金錢,嘉義市竹文街****,,
122,蔡文旭,107年縣(市)議員選舉,首次申報,1071007,雜支支出,鴻億企業社,18283873,0.00,5000.00,租發電機,金錢,嘉義市大聖路****,05-2*****,
123,蔡文旭,107年縣(市)議員選舉,首次申報,1071007,雜支支出,凱銘企業行,19388869,0.00,300.00,機車修理,金錢,嘉義市平等街****,05-2*****,
124,蔡文旭,107年縣(市)議員選舉,首次申報,1071007,雜支支出,北興包子店,65020492,0.00,1500.00,包子,金錢,嘉義市北興街****,05-2*****,
125,蔡文旭,107年縣(市)議員選舉,首次申報,1071007,雜支支出,和暉精緻水果,67879225,0.00,1040.00,水果,金錢,嘉義市****,,
126,蔡文旭,107年縣(市)議員選舉,首次申報,1071007,宣傳支出,進豐企業社,67884108,0.00,9200.00,舞台費用,金錢,嘉義市博愛路****,05-2*****,
127,蔡文旭,107年縣(市)議員選舉,首次申報,1071009,宣傳支出,小杜吉企業社,98052728,0.00,35000.00,帆布輸出加施工,金錢,嘉義市維新路****,05-2*****,
128,蔡文旭,107年縣(市)議員選舉,首次申報,1071010,雜支支出,瓦菊鍋餐飲公司,42586855,0.00,630.00,餐費,金錢,嘉義市新民路****,05-2*****,
129,蔡文旭,107年縣(市)議員選舉,首次申報,1071012,交通旅運支出,台灣中油,06253234,0.00,177.00,車輛加油,金錢,嘉義市****,,
130,蔡文旭,107年縣(市)議員選舉,首次申報,1071015,宣傳支出,海德堡企業行,19397282,0.00,6000.00,舉牌,金錢,嘉義市****,,
131,蔡文旭,107年縣(市)議員選舉,首次申報,1071015,交通旅運支出,新民路加油站,22802481,0.00,150.00,車輛加油,金錢,嘉義市****,,
132,蔡文旭,107年縣(市)議員選舉,首次申報,1071016,宣傳支出,一方企業社,98870733,0.00,135000.00,宣傳小冊子印製,金錢,嘉義市民族路****,05-2*****,
133,蔡文旭,107年縣(市)議員選舉,首次申報,1071016,宣傳支出,一方企業社,98870733,0.00,51600.00,宣傳卡片-小折卡印製,金錢,嘉義市民族路****,05-2*****,
134,蔡文旭,107年縣(市)議員選舉,首次申報,1071017,交通旅運支出,台灣中油,65090503,0.00,110.00,車輛加油,金錢,嘉義市****,,
135,蔡文旭,107年縣(市)議員選舉,首次申報,1071020,交通旅運支出,新民路加油站,22802481,0.00,140.00,車輛加油,金錢,嘉義市****,,
136,蔡文旭,107年縣(市)議員選舉,首次申報,1071020,雜支支出,大王千金食品公司,24206967,0.00,360.00,食品,金錢,嘉義市****,,
137,蔡文旭,107年縣(市)議員選舉,首次申報,1071022,雜支支出,雅湞飾品店,19728895,0.00,570.00,書包,金錢,嘉義市中正路****,05-2*****,
138,蔡文旭,107年縣(市)議員選舉,首次申報,1071022,雜支支出,順發3C量販,28980357,0.00,706.00,記憶卡,金錢,嘉義市林森西****,,
139,蔡文旭,107年縣(市)議員選舉,首次申報,1071022,雜支支出,銀禾興業刻印鎖匙行,36707395,0.00,310.00,配鎖,金錢,嘉義市興業西****,05-2*****,
140,蔡文旭,107年縣(市)議員選舉,首次申報,1071023,雜支支出,春井自助餐,,0.00,1500.00,便當,金錢,嘉義市上海路****,,
141,蔡文旭,107年縣(市)議員選舉,首次申報,1071023,交通旅運支出,新民路加油站,22802481,0.00,160.00,車輛加油,金錢,嘉義市****,,
142,蔡文旭,107年縣(市)議員選舉,首次申報,1071023,雜支支出,大九九商行,25735704,0.00,100.00,掛勾,金錢,嘉義市仁愛路****,05-2*****,
143,蔡文旭,107年縣(市)議員選舉,首次申報,1071023,雜支支出,好市多賣場,53666362,0.00,917.00,食品,金錢,嘉義市忠孝路****,,
144,蔡文旭,107年縣(市)議員選舉,首次申報,1071024,雜支支出,春井自助餐,,0.00,1660.00,便當,金錢,嘉義市上海路****,,
145,蔡文旭,107年縣(市)議員選舉,首次申報,1071024,雜支支出,卉的點心小舖,10814531,0.00,195.00,點心,金錢,嘉義市友忠路****,,
146,蔡文旭,107年縣(市)議員選舉,首次申報,1071024,交通旅運支出,台灣中油,65059221,0.00,100.00,車輛加油,金錢,嘉義市****,,
147,蔡文旭,107年縣(市)議員選舉,首次申報,1071025,雜支支出,東京小吃店,19394222,0.00,1900.00,便當,金錢,嘉義市南京路****,,
148,蔡文旭,107年縣(市)議員選舉,首次申報,1071025,雜支支出,大九九商行,25735784,0.00,140.00,橡皮筋,金錢,嘉義市仁愛路****,,
149,蔡文旭,107年縣(市)議員選舉,首次申報,1071025,交通旅運支出,台灣中油,65058073,0.00,110.00,車輛加油,金錢,嘉義市****,,
150,蔡文旭,107年縣(市)議員選舉,首次申報,1071025,交通旅運支出,台灣中油,65058073,0.00,150.00,車輛加油,金錢,嘉義市****,,
151,蔡文旭,107年縣(市)議員選舉,首次申報,1071026,雜支支出,金園簡餐店,19398563,0.00,195.00,便當,金錢,嘉義市垂楊路****,,
152,蔡文旭,107年縣(市)議員選舉,首次申報,1071026,交通旅運支出,台灣中油,65059221,0.00,100.00,車輛加油,金錢,嘉義市****,,
153,蔡文旭,107年縣(市)議員選舉,首次申報,1071026,交通旅運支出,台灣中油,65090503,0.00,120.00,車輛加油,金錢,嘉義市****,,
154,蔡文旭,107年縣(市)議員選舉,首次申報,1071027,交通旅運支出,世賢加油站有限公司,16966295,0.00,100.00,車輛加油,金錢,嘉義市****,,
155,蔡文旭,107年縣(市)議員選舉,首次申報,1071027,雜支支出,海賓海產,76829280,0.00,800.00,炒麵,金錢,嘉義市垂楊路****,05-2*****,
156,蔡文旭,107年縣(市)議員選舉,首次申報,1071028,交通旅運支出,台灣中油,06253234,0.00,150.00,車輛加油,金錢,嘉義市****,,
157,蔡文旭,107年縣(市)議員選舉,首次申報,1071028,交通旅運支出,世賢加油站有限公司,16966295,0.00,818.00,車輛加油,金錢,嘉義市****,,
158,蔡文旭,107年縣(市)議員選舉,首次申報,1071029,雜支支出,千鶴小吃店,18283894,0.00,340.00,便當,金錢,嘉義市上海路****,,
159,蔡文旭,107年縣(市)議員選舉,首次申報,1071029,宣傳支出,海德堡企業行,19397282,0.00,9000.00,大圖貼紙,金錢,嘉義市****,,
160,蔡文旭,107年縣(市)議員選舉,首次申報,1071029,雜支支出,蓁古早味蛋糕店,40844364,0.00,242.00,蛋糕,金錢,嘉義市****,,
161,蔡文旭,107年縣(市)議員選舉,首次申報,1071029,交通旅運支出,台灣中油,65058073,0.00,170.00,車輛加油,金錢,嘉義市****,,
162,蔡文旭,107年縣(市)議員選舉,首次申報,1071029,交通旅運支出,台灣中油,65059221,0.00,100.00,車輛加油,金錢,嘉義市****,,
163,蔡文旭,107年縣(市)議員選舉,首次申報,1071030,雜支支出,大業水果店,,0.00,2432.00,橘子,金錢,嘉義市大業街****,,
164,蔡文旭,107年縣(市)議員選舉,首次申報,1071030,雜支支出,風和餐飲店,34975085,0.00,900.00,便當,金錢,嘉義市興業西****,,
165,蔡文旭,107年縣(市)議員選舉,首次申報,1071030,雜支支出,好市多賣場,53666362,0.00,219.00,鮮乳,金錢,嘉義市****,,
166,蔡文旭,107年縣(市)議員選舉,首次申報,1071031,交通旅運支出,世賢加油站有限公司,16966295,0.00,800.00,車輛加油,金錢,嘉義市****,,
167,蔡文旭,107年縣(市)議員選舉,首次申報,1071031,交通旅運支出,世賢加油站有限公司,16966295,0.00,150.00,車輛加油,金錢,嘉義市世賢路****,,
168,蔡文旭,107年縣(市)議員選舉,首次申報,1071031,雜支支出,金園簡餐廳,19398563,0.00,950.00,便當,金錢,嘉義市****,,
169,蔡文旭,107年縣(市)議員選舉,首次申報,1071031,雜支支出,原豆咖啡行,21928005,0.00,1540.00,麵包,金錢,嘉義市****,,
170,蔡文旭,107年縣(市)議員選舉,首次申報,1071031,交通旅運支出,台灣中油,65090503,0.00,100.00,車輛加油,金錢,嘉義市****,,
171,蔡文旭,107年縣(市)議員選舉,首次申報,1071031,交通旅運支出,台灣中油,65090503,0.00,175.00,車輛加油,金錢,嘉義市****,,
172,蔡文旭,107年縣(市)議員選舉,首次申報,1071101,交通旅運支出,建國路加油站有限公司,16536459,0.00,250.00,車輛加油,金錢,嘉義市****,,
173,蔡文旭,107年縣(市)議員選舉,首次申報,1071101,交通旅運支出,建國路加油站有限公司,16536459,0.00,150.00,車輛加油,金錢,嘉義市****,,
174,蔡文旭,107年縣(市)議員選舉,首次申報,1071101,雜支支出,東京小吃店,19394222,0.00,1840.00,便當,金錢,嘉義市****,,
175,蔡文旭,107年縣(市)議員選舉,首次申報,1071101,宣傳支出,一方企業社,98870733,0.00,37500.00,總部成立邀請卡,金錢,嘉義市民族路****,,
176,蔡文旭,107年縣(市)議員選舉,首次申報,1071101,宣傳支出,一方企業社,98870733,0.00,97125.00,宣傳卡片,金錢,嘉義市民族路****,,
177,蔡文旭,107年縣(市)議員選舉,首次申報,1071102,雜支支出,春井自助餐,,0.00,1600.00,便當,金錢,嘉義市上海路****,,
178,蔡文旭,107年縣(市)議員選舉,首次申報,1071102,雜支支出,乙力鋼索五金行,40843978,0.00,8300.00,發電機,金錢,嘉義市****,,
179,蔡文旭,107年縣(市)議員選舉,首次申報,1071102,交通旅運支出,台灣中油,65090503,0.00,100.00,車輛加油,金錢,嘉義市****,,
180,蔡文旭,107年縣(市)議員選舉,首次申報,1071102,交通旅運支出,台灣中油,65091209,0.00,120.00,車輛加油,金錢,嘉義市****,,
181,蔡文旭,107年縣(市)議員選舉,首次申報,1071102,雜支支出,名香茶行,66506819,0.00,270.00,茶葉蛋,金錢,嘉義市****,,
182,蔡文旭,107年縣(市)議員選舉,首次申報,1071103,交通旅運支出,台灣中油,06253234,0.00,100.00,車輛加油,金錢,嘉義市****,,
183,蔡文旭,107年縣(市)議員選舉,首次申報,1071103,交通旅運支出,世賢加油站有限公司,16966295,0.00,962.00,車輛加油,金錢,嘉義市****,,
184,蔡文旭,107年縣(市)議員選舉,首次申報,1071103,交通旅運支出,台灣中油,65090503,0.00,330.00,車輛加油,金錢,嘉義市****,,
185,蔡文旭,107年縣(市)議員選舉,首次申報,1071103,交通旅運支出,台灣中油,65090503,0.00,174.00,車輛加油,金錢,南投縣****,,
186,蔡文旭,107年縣(市)議員選舉,首次申報,1071104,雜支支出,金園簡餐店,19398563,0.00,1840.00,便當,金錢,嘉義市****,,
187,蔡文旭,107年縣(市)議員選舉,首次申報,1071104,雜支支出,雯雅農產行,36710743,0.00,1523.00,水果,金錢,嘉義市****,,
188,蔡文旭,107年縣(市)議員選舉,首次申報,1071105,雜支支出,吳黃金花,06233391,0.00,500.00,餅乾,金錢,嘉義市****,,
189,蔡文旭,107年縣(市)議員選舉,首次申報,1071105,交通旅運支出,台灣中油,06253234,0.00,150.00,車輛加油,金錢,嘉義市****,,
190,蔡文旭,107年縣(市)議員選舉,首次申報,1071105,交通旅運支出,世賢加油站有限公司,16966295,0.00,800.00,車輛加油,金錢,嘉義市****,,
191,蔡文旭,107年縣(市)議員選舉,首次申報,1071105,宣傳支出,海德堡企業行,19397282,0.00,8000.00,雙面政見看板,金錢,嘉義市****,,
192,蔡文旭,107年縣(市)議員選舉,首次申報,1071105,雜支支出,金園簡餐店,19398563,0.00,995.00,便當,金錢,嘉義市****,,
193,蔡文旭,107年縣(市)議員選舉,首次申報,1071105,雜支支出,高全實業社,47867741,0.00,114.00,花袋,金錢,嘉義市****,,
194,蔡文旭,107年縣(市)議員選舉,首次申報,1071105,交通旅運支出,台灣中油,65090503,0.00,290.00,車輛加油,金錢,嘉義市****,,
195,蔡文旭,107年縣(市)議員選舉,首次申報,1071105,交通旅運支出,台灣中油,65091209,0.00,115.00,車輛加油,金錢,嘉義市****,,
196,蔡文旭,107年縣(市)議員選舉,首次申報,1071106,雜支支出,金御咖哩美食店,36609388,0.00,1800.00,便當,金錢,嘉義市****,,
197,蔡文旭,107年縣(市)議員選舉,首次申報,1071106,交通旅運支出,台灣中油,65090503,0.00,170.00,車輛加油,金錢,嘉義市****,,
198,蔡文旭,107年縣(市)議員選舉,首次申報,1071106,宣傳支出,一方企業社,98870733,0.00,169827.00,宣傳小冊子,金錢,嘉義市民族路****,,
199,蔡文旭,107年縣(市)議員選舉,首次申報,1071107,雜支支出,億味芳香腸專賣店,14520903,0.00,1250.00,點心,金錢,嘉義市****,,
200,蔡文旭,107年縣(市)議員選舉,首次申報,1071107,交通旅運支出,世賢加油站有限公司,16966295,0.00,700.00,車輛加油,金錢,嘉義市****,,
201,蔡文旭,107年縣(市)議員選舉,首次申報,1071107,交通旅運支出,台灣中油,65090503,0.00,307.00,車輛加油,金錢,嘉義市****,,
202,蔡文旭,107年縣(市)議員選舉,首次申報,1071107,雜支支出,聯興機車行,66319344,0.00,700.00,電瓶,金錢,嘉義市新民路****,05-2*****,
203,蔡文旭,107年縣(市)議員選舉,首次申報,1071108,交通旅運支出,台灣中油,06253240,0.00,160.00,車輛加油,金錢,嘉義市****,,
204,蔡文旭,107年縣(市)議員選舉,首次申報,1071108,交通旅運支出,台灣中油,06253240,0.00,160.00,車輛加油,金錢,嘉義市****,,
205,蔡文旭,107年縣(市)議員選舉,首次申報,1071108,交通旅運支出,台灣中油,65090503,0.00,100.00,車輛加油,金錢,嘉義市****,,
206,蔡文旭,107年縣(市)議員選舉,首次申報,1071108,交通旅運支出,台灣中油,65091209,0.00,100.00,車輛加油,金錢,嘉義市****,,
207,蔡文旭,107年縣(市)議員選舉,首次申報,1071108,雜支支出,五中ㄧ店,98067264,0.00,720.00,便餐,金錢,嘉義市****,,
208,蔡文旭,107年縣(市)議員選舉,首次申報,1071108,雜支支出,五中ㄧ店,98067264,0.00,720.00,便餐,金錢,嘉義市****,,
209,蔡文旭,107年縣(市)議員選舉,首次申報,1071109,交通旅運支出,世賢加油站有限公司,16966295,0.00,700.00,車輛加油,金錢,嘉義市****,,
210,蔡文旭,107年縣(市)議員選舉,首次申報,1071109,宣傳支出,海德堡企業行,19397282,0.00,12000.00,貼紙、感謝卡,金錢,嘉義市****,,
211,蔡文旭,107年縣(市)議員選舉,首次申報,1071109,交通旅運支出,台灣中油,65090503,0.00,240.00,車輛加油,金錢,嘉義市****,,
212,蔡文旭,107年縣(市)議員選舉,首次申報,1071109,雜支支出,大明園簡速餐,98050664,0.00,1800.00,便當,金錢,嘉義市****,,
213,蔡文旭,107年縣(市)議員選舉,首次申報,1071110,雜支支出,惠饌便當店,,0.00,2400.00,便當,金錢,嘉義市民生南****,,
214,蔡文旭,107年縣(市)議員選舉,首次申報,1071110,雜支支出,丸大日本食品館,18281713,0.00,540.00,果凍,金錢,嘉義市****,,
215,蔡文旭,107年縣(市)議員選舉,首次申報,1071110,交通旅運支出,台灣中油,65090503,0.00,236.00,車輛加油,金錢,嘉義市****,,
216,蔡文旭,107年縣(市)議員選舉,首次申報,1071110,交通旅運支出,台灣中油,65090503,0.00,111.00,車輛加油,金錢,嘉義市****,,
217,蔡文旭,107年縣(市)議員選舉,首次申報,1071111,交通旅運支出,世賢加油站有限公司,16966295,0.00,750.00,車輛加油,金錢,嘉義市****,,
218,蔡文旭,107年縣(市)議員選舉,首次申報,1071111,雜支支出,大九九商行,25735704,0.00,84.00,電池,金錢,嘉義市****,,
219,蔡文旭,107年縣(市)議員選舉,首次申報,1071111,交通旅運支出,台灣中油,65091209,0.00,120.00,車輛加油,金錢,嘉義市****,,
220,蔡文旭,107年縣(市)議員選舉,首次申報,1071112,雜支支出,金園簡餐店,19398563,0.00,900.00,便當,金錢,嘉義市****,,
221,蔡文旭,107年縣(市)議員選舉,首次申報,1071112,交通旅運支出,台灣中油,65090503,0.00,240.00,車輛加油,金錢,嘉義市****,,
222,蔡文旭,107年縣(市)議員選舉,首次申報,1071112,雜支支出,阿貓食品部,66533371,0.00,1750.00,點心,金錢,嘉義市****,,
223,蔡文旭,107年縣(市)議員選舉,首次申報,1071113,交通旅運支出,世賢加油站有限公司,16966295,0.00,690.00,車輛加油,金錢,嘉義市****,,
224,蔡文旭,107年縣(市)議員選舉,首次申報,1071113,雜支支出,金園簡餐店,19398563,0.00,860.00,便當,金錢,嘉義市****,,
225,蔡文旭,107年縣(市)議員選舉,首次申報,1071113,交通旅運支出,新民路加油站,22802481,0.00,170.00,車輛加油,金錢,嘉義市****,,
226,蔡文旭,107年縣(市)議員選舉,首次申報,1071113,交通旅運支出,台灣中油,65090503,0.00,100.00,車輛加油,金錢,嘉義市****,,
227,蔡文旭,107年縣(市)議員選舉,首次申報,1071114,交通旅運支出,台灣中油,65058073,0.00,140.00,車輛加油,金錢,嘉義市****,,
228,蔡文旭,107年縣(市)議員選舉,首次申報,1071114,交通旅運支出,台灣中油,65090503,0.00,120.00,車輛加油,金錢,嘉義市****,,
229,蔡文旭,107年縣(市)議員選舉,首次申報,1071114,交通旅運支出,台灣中油,65091209,0.00,100.00,車輛加油,金錢,嘉義市****,,
230,蔡文旭,107年縣(市)議員選舉,首次申報,1071114,宣傳支出,中華電信公司,93949275,0.00,5351.00,/至/電話費,金錢,嘉義市****,,
231,蔡文旭,107年縣(市)議員選舉,首次申報,1071114,雜支支出,大明園簡速餐,98050664,0.00,1900.00,便當,金錢,嘉義市****,,
232,蔡文旭,107年縣(市)議員選舉,首次申報,1071115,交通旅運支出,世賢加油站有限公司,16966295,0.00,600.00,車輛加油,金錢,嘉義市****,,
233,蔡文旭,107年縣(市)議員選舉,首次申報,1071115,雜支支出,東京小吃店,19394222,0.00,2600.00,便當,金錢,嘉義市****,,
234,蔡文旭,107年縣(市)議員選舉,首次申報,1071115,雜支支出,全聯福利中心,28426745,0.00,233.00,食品,金錢,嘉義市****,,
235,蔡文旭,107年縣(市)議員選舉,首次申報,1071115,交通旅運支出,台灣中油,65090503,0.00,123.00,車輛加油,金錢,嘉義市****,,
236,蔡文旭,107年縣(市)議員選舉,首次申報,1071115,宣傳支出,一方企業社,98870733,0.00,30000.00,搶救文宣,金錢,嘉義市民族路****,,
237,蔡文旭,107年縣(市)議員選舉,首次申報,1071116,雜支支出,金園簡餐店,19398563,0.00,930.00,便當,金錢,嘉義市****,,
238,蔡文旭,107年縣(市)議員選舉,首次申報,1071116,雜支支出,九毅商行,25755010,0.00,90.00,束帶,金錢,嘉義市****,,
239,蔡文旭,107年縣(市)議員選舉,首次申報,1071116,雜支支出,摩哦的店,37704380,0.00,2390.00,便餐,金錢,嘉義市****,,
240,蔡文旭,107年縣(市)議員選舉,首次申報,1071116,雜支支出,乙力鋼索五金行,40843978,0.00,1000.00,安全帶,金錢,嘉義市****,,
241,蔡文旭,107年縣(市)議員選舉,首次申報,1071116,交通旅運支出,車輛加油,65090503,0.00,100.00,車輛加油,金錢,嘉義市****,,
242,蔡文旭,107年縣(市)議員選舉,首次申報,1071116,交通旅運支出,台灣中油,65090503,0.00,134.00,車輛加油,金錢,嘉義市****,,
243,蔡文旭,107年縣(市)議員選舉,首次申報,1071117,交通旅運支出,台灣中油,06253240,0.00,140.00,車輛加油,金錢,嘉義市****,,
244,蔡文旭,107年縣(市)議員選舉,首次申報,1071117,交通旅運支出,世賢加油站有限公司,16966295,0.00,700.00,車輛加油,金錢,嘉義市****,,
245,蔡文旭,107年縣(市)議員選舉,首次申報,1071117,雜支支出,金園簡餐店,19398563,0.00,960.00,便當,金錢,嘉義市****,,
246,蔡文旭,107年縣(市)議員選舉,首次申報,1071117,雜支支出,明家自助餐店,36674063,0.00,1170.00,便當,金錢,嘉義市****,,
247,蔡文旭,107年縣(市)議員選舉,首次申報,1071117,交通旅運支出,台灣中油,65090503,0.00,127.00,車輛加油,金錢,嘉義市****,,
248,蔡文旭,107年縣(市)議員選舉,首次申報,1071118,交通旅運支出,新民路加油站,22802481,0.00,155.00,車輛加油,金錢,嘉義市****,,
249,蔡文旭,107年縣(市)議員選舉,首次申報,1071118,交通旅運支出,台灣中油,65090503,0.00,130.00,車輛加油,金錢,嘉義市****,,
250,蔡文旭,107年縣(市)議員選舉,首次申報,1071118,交通旅運支出,台灣中油,65090503,0.00,100.00,車輛加油,金錢,嘉義市****,,
251,蔡文旭,107年縣(市)議員選舉,首次申報,1071118,交通旅運支出,台灣中油,65091209,0.00,125.00,車輛加油,金錢,嘉義市****,,
252,蔡文旭,107年縣(市)議員選舉,首次申報,1071119,交通旅運支出,世賢加油站有限公司,16966295,0.00,600.00,車輛加油,金錢,嘉義市****,,
253,蔡文旭,107年縣(市)議員選舉,首次申報,1071119,雜支支出,明家自助餐店,36674036,0.00,1440.00,便當,金錢,嘉義市****,,
254,蔡文旭,107年縣(市)議員選舉,首次申報,1071119,宣傳支出,嘉義興嘉郵局,76823856,0.00,907.00,郵寄文宣,金錢,嘉義市****,,
255,蔡文旭,107年縣(市)議員選舉,首次申報,1071119,雜支支出,大明園簡速餐,98050664,0.00,3000.00,便當,金錢,嘉義市****,,
256,蔡文旭,107年縣(市)議員選舉,首次申報,1071120,雜支支出,春井自助餐,,0.00,1660.00,便當,金錢,嘉義市上海路****,,
257,蔡文旭,107年縣(市)議員選舉,首次申報,1071120,交通旅運支出,世賢加油站有限公司,16966295,0.00,280.00,車輛加油,金錢,嘉義市****,,
258,蔡文旭,107年縣(市)議員選舉,首次申報,1071120,交通旅運支出,台灣中油,65058073,0.00,90.00,車輛加油,金錢,嘉義市****,,
259,蔡文旭,107年縣(市)議員選舉,首次申報,1071120,宣傳支出,嘉義興嘉郵局,76823856,0.00,2304.00,郵寄文宣,金錢,嘉義市****,,
260,蔡文旭,107年縣(市)議員選舉,首次申報,1071121,交通旅運支出,世賢加油站有限公司,16966295,0.00,600.00,車輛加油,金錢,嘉義市****,,
261,蔡文旭,107年縣(市)議員選舉,首次申報,1071121,交通旅運支出,台灣中油,65090503,0.00,215.00,車輛加油,金錢,嘉義市****,,
262,蔡文旭,107年縣(市)議員選舉,首次申報,1071121,交通旅運支出,台灣中油,65091209,0.00,100.00,車輛加油,金錢,嘉義市****,,
263,蔡文旭,107年縣(市)議員選舉,首次申報,1071121,雜支支出,大明園簡速餐,98050664,0.00,2140.00,便當,金錢,嘉義市****,,
264,蔡文旭,107年縣(市)議員選舉,首次申報,1071121,宣傳支出,永嘉廣告社,98059829,0.00,9500.00,夾報費用,金錢,嘉義市****,,
265,蔡文旭,107年縣(市)議員選舉,首次申報,1071122,雜支支出,冠良行,20189305,0.00,500.00,柳丁汁,金錢,嘉義市****,,
266,蔡文旭,107年縣(市)議員選舉,首次申報,1071122,雜支支出,大明園簡速餐,98050664,0.00,1800.00,便當,金錢,嘉義市****,,
267,蔡文旭,107年縣(市)議員選舉,首次申報,1071123,交通旅運支出,新民路加油站,22802481,0.00,98.00,車輛加油,金錢,嘉義市****,,
268,蔡文旭,107年縣(市)議員選舉,首次申報,1071123,雜支支出,嘉鄉開發食品有限公司,42585764,0.00,160.00,豆漿,金錢,嘉義市****,,
269,蔡文旭,107年縣(市)議員選舉,首次申報,1071123,雜支支出,北興包子店,65020492,0.00,500.00,小包子,金錢,嘉義市****,,
270,蔡文旭,107年縣(市)議員選舉,首次申報,1071123,雜支支出,福源食堂,65021056,0.00,1400.00,肉粽,金錢,嘉義市****,,
271,蔡文旭,107年縣(市)議員選舉,首次申報,1071123,交通旅運支出,台灣中油,65090503,0.00,111.00,車輛加油,金錢,嘉義市****,,
272,蔡文旭,107年縣(市)議員選舉,首次申報,1071123,交通旅運支出,台灣中油,65090503,0.00,500.00,車輛加油,金錢,嘉義市****,,
273,蔡文旭,107年縣(市)議員選舉,首次申報,1071123,交通旅運支出,台灣中油,65090503,0.00,305.00,車輛加油,金錢,嘉義市****,,
274,蔡文旭,107年縣(市)議員選舉,首次申報,1071123,交通旅運支出,台灣中油,65091209,0.00,90.00,車輛加油,金錢,嘉義市****,,
275,蔡文旭,107年縣(市)議員選舉,首次申報,1071123,雜支支出,大安西藥房,66422656,0.00,140.00,耳塞,金錢,嘉義市****,,
276,蔡文旭,107年縣(市)議員選舉,首次申報,1071123,雜支支出,弘安藥粧生活館,70646828,0.00,160.00,耳塞,金錢,嘉義市****,,
277,蔡文旭,107年縣(市)議員選舉,首次申報,1071124,雜支支出,卉的點心小舖,10814531,0.00,740.00,包子饅頭,金錢,嘉義市****,,
278,蔡文旭,107年縣(市)議員選舉,首次申報,1071124,雜支支出,金園簡餐店,19398563,0.00,1600.00,便當,金錢,嘉義市****,,
279,蔡文旭,107年縣(市)議員選舉,首次申報,1071124,交通旅運支出,新民路加油站,22802481,0.00,150.00,車輛加油,金錢,嘉義市****,,
280,蔡文旭,107年縣(市)議員選舉,首次申報,1071124,雜支支出,東寶禮品社,66282331,0.00,800.00,書法全開紅紙,金錢,嘉義市****,,
281,蔡文旭,107年縣(市)議員選舉,首次申報,1071125,雜支支出,金園簡餐店,19398563,0.00,2060.00,便當,金錢,嘉義市****,,
282,蔡文旭,107年縣(市)議員選舉,首次申報,1071125,交通旅運支出,台灣中油,65091209,0.00,100.00,車輛加油,金錢,嘉義市****,,
283,蔡文旭,107年縣(市)議員選舉,首次申報,1071126,雜支支出,福井餐廳,06233929,0.00,28000.00,便餐,金錢,嘉義市****,,
284,蔡文旭,107年縣(市)議員選舉,首次申報,1071126,雜支支出,大明園簡速餐,98050664,0.00,2700.00,便當,金錢,嘉義市****,,
285,蔡文旭,107年縣(市)議員選舉,首次申報,1071201,雜支支出,文良師料理,98874674,0.00,4700.00,便餐,金錢,嘉義市****,,
286,蔡文旭,107年縣(市)議員選舉,首次申報,1071204,宣傳支出,中華電信股份有限公司,93949275,0.00,9776.00,競選總部電話費(三線)/~/,金錢,嘉義市****,,
