﻿序號,擬參選人／政黨,選舉名稱,申報序號／年度,交易日期,收支科目,捐贈者／支出對象,身分證／統一編號,收入金額,支出金額,支出用途,金錢類,地址,聯絡電話,資料更正日期
1,蔡文旭,107年縣(市)議員選舉,首次申報,1070611,個人捐贈收入,陳易明,,2000.00,0.00,,金錢,嘉義市博東路****,05-2*****,
2,蔡文旭,107年縣(市)議員選舉,首次申報,1070621,個人捐贈收入,楊慧英,S22*******,20000.00,0.00,,金錢,嘉義市文雅街****,0919*****,
3,蔡文旭,107年縣(市)議員選舉,首次申報,1070625,個人捐贈收入,蕭森宇,I10*******,100000.00,0.00,,金錢,嘉義市國聖四****,05-2*****,
4,蔡文旭,107年縣(市)議員選舉,首次申報,1070723,個人捐贈收入,游德和,,30000.00,0.00,,金錢,嘉義市新民路****,0939*****,
5,蔡文旭,107年縣(市)議員選舉,首次申報,1070724,個人捐贈收入,王仁樟,,20000.00,0.00,,金錢,嘉義市文心街****,0930*****,
6,蔡文旭,107年縣(市)議員選舉,首次申報,1070808,匿名捐贈,匿名,,6000.00,0.00,,金錢,,,
7,蔡文旭,107年縣(市)議員選舉,首次申報,1070817,個人捐贈收入,游宜凱,Q12*******,100000.00,0.00,,金錢,嘉義市博愛路****,05-2*****,
8,蔡文旭,107年縣(市)議員選舉,首次申報,1070822,個人捐贈收入,黃科元,,20000.00,0.00,,金錢,嘉義市永樂五****,05-2*****,
9,蔡文旭,107年縣(市)議員選舉,首次申報,1070831,個人捐贈收入,林育如,,2000.00,0.00,,金錢,嘉義市民生南****,,
10,蔡文旭,107年縣(市)議員選舉,首次申報,1070906,營利事業捐贈收入,華濱水產企業社,62954625,9900.00,0.00,,金錢,嘉義市松江一****,,
11,蔡文旭,107年縣(市)議員選舉,首次申報,1070907,個人捐贈收入,黃興國,,30000.00,0.00,,金錢,嘉義市玉山路****,0928*****,
12,蔡文旭,107年縣(市)議員選舉,首次申報,1070910,個人捐贈收入,邱碩堯,,5000.00,0.00,,金錢,嘉義市垂楊路****,05-2*****,
13,蔡文旭,107年縣(市)議員選舉,首次申報,1070910,個人捐贈收入,曾國銘,Q12*******,50000.00,0.00,,金錢,嘉義市北安路****,0919*****,
14,蔡文旭,107年縣(市)議員選舉,首次申報,1070911,個人捐贈收入,李瑞玉,,20000.00,0.00,,金錢,新竹縣竹北市****,0975*****,
15,蔡文旭,107年縣(市)議員選舉,首次申報,1070912,個人捐贈收入,陳耿弘,,2000.00,0.00,,金錢,嘉義市垂楊路****,0939*****,
16,蔡文旭,107年縣(市)議員選舉,首次申報,1070912,個人捐贈收入,歐榮順,Q12*******,50000.00,0.00,,金錢,嘉義市世賢路****,0933*****,
17,蔡文旭,107年縣(市)議員選舉,首次申報,1070912,個人捐贈收入,曾勝椽,Q12*******,50000.00,0.00,,金錢,嘉義市國華糾****,0986*****,
18,蔡文旭,107年縣(市)議員選舉,首次申報,1070913,個人捐贈收入,王伯智,,30000.00,0.00,,金錢,嘉義市林森西****,0952*****,
19,蔡文旭,107年縣(市)議員選舉,首次申報,1070913,個人捐贈收入,張溫晃,,10000.00,0.00,,金錢,嘉義市國華新****,0921*****,
20,蔡文旭,107年縣(市)議員選舉,首次申報,1070913,個人捐贈收入,蕭陳梅子,,6000.00,0.00,,金錢,嘉義市西門街****,05-2*****,
21,蔡文旭,107年縣(市)議員選舉,首次申報,1070914,個人捐贈收入,蔡志聰,,5000.00,0.00,,金錢,嘉義縣中埔鄉****,,
22,蔡文旭,107年縣(市)議員選舉,首次申報,1070917,個人捐贈收入,蔡朝進,,5000.00,0.00,,金錢,嘉義市成功街****,,
23,蔡文旭,107年縣(市)議員選舉,首次申報,1070920,個人捐贈收入,張宏陽,,5000.00,0.00,,金錢,嘉義市新民路****,,
24,蔡文旭,107年縣(市)議員選舉,首次申報,1070926,個人捐贈收入,林海永,,2000.00,0.00,,金錢,嘉義市蘭州四****,,
25,蔡文旭,107年縣(市)議員選舉,首次申報,1070926,營利事業捐贈收入,民生加油站有限公司,86986822,10000.00,0.00,,金錢,嘉義市新民路****,05-2*****,
26,蔡文旭,107年縣(市)議員選舉,首次申報,1070926,個人捐贈收入,施芳明,Q10*******,50000.00,0.00,,金錢,嘉義市忠義街****,05-2*****,
27,蔡文旭,107年縣(市)議員選舉,首次申報,1070927,個人捐贈收入,許博儒,,2000.00,0.00,,金錢,嘉義市新民路****,,
28,蔡文旭,107年縣(市)議員選舉,首次申報,1071002,個人捐贈收入,陳孟成,,2000.00,0.00,,金錢,嘉義市姜安街****,,
29,蔡文旭,107年縣(市)議員選舉,首次申報,1071003,個人捐贈收入,吳信宏,,1600.00,0.00,,金錢,嘉義縣中埔鄉****,,
30,蔡文旭,107年縣(市)議員選舉,首次申報,1071004,個人捐贈收入,顏權騰,,10000.00,0.00,,金錢,嘉義市長榮街****,,
31,蔡文旭,107年縣(市)議員選舉,首次申報,1071004,個人捐贈收入,郭金融,,3000.00,0.00,,金錢,嘉義市下埤里****,,
32,蔡文旭,107年縣(市)議員選舉,首次申報,1071005,個人捐贈收入,張景涵,,20000.00,0.00,,金錢,嘉義市永福二****,,
33,蔡文旭,107年縣(市)議員選舉,首次申報,1071005,營利事業捐贈收入,世賢加油站有限公司,16966295,30000.00,0.00,,金錢,嘉義市世賢路****,,
34,蔡文旭,107年縣(市)議員選舉,首次申報,1071008,個人捐贈收入,蔡馮美霞,,10000.00,0.00,,金錢,嘉義市中山路****,,
35,蔡文旭,107年縣(市)議員選舉,首次申報,1071008,個人捐贈收入,高至男,,10000.00,0.00,,金錢,嘉義縣民雄鄉****,,
36,蔡文旭,107年縣(市)議員選舉,首次申報,1071008,個人捐贈收入,陳燕琴,,5000.00,0.00,,金錢,嘉義市金山路****,,
37,蔡文旭,107年縣(市)議員選舉,首次申報,1071008,個人捐贈收入,李奉儒,,10000.00,0.00,,金錢,嘉義市長春二****,,
38,蔡文旭,107年縣(市)議員選舉,首次申報,1071009,個人捐贈收入,林振華,,3000.00,0.00,,金錢,嘉義市嘉北街****,,
39,蔡文旭,107年縣(市)議員選舉,首次申報,1071009,個人捐贈收入,林珮瑩,,16000.00,0.00,,金錢,嘉義市安和街****,,
40,蔡文旭,107年縣(市)議員選舉,首次申報,1071009,營利事業捐贈收入,聯合電信工程股份有限公司,42041664,20000.00,0.00,,金錢,嘉義市世賢路****,,
41,蔡文旭,107年縣(市)議員選舉,首次申報,1071011,個人捐贈收入,李華錦,,10000.00,0.00,,金錢,嘉義市友愛路****,,
42,蔡文旭,107年縣(市)議員選舉,首次申報,1071011,個人捐贈收入,李玉明,,3000.00,0.00,,金錢,嘉義市杭州四****,,
43,蔡文旭,107年縣(市)議員選舉,首次申報,1071011,營利事業捐贈收入,小杜吉企業社,98052728,9000.00,0.00,,金錢,嘉義市維新路****,,
44,蔡文旭,107年縣(市)議員選舉,首次申報,1071012,個人捐贈收入,鄭豐甫,T12*******,50000.00,0.00,,金錢,屏東縣屏東市****,,
45,蔡文旭,107年縣(市)議員選舉,首次申報,1071015,個人捐贈收入,陳俊男,,3600.00,0.00,,金錢,嘉義縣竹崎鄉****,,
46,蔡文旭,107年縣(市)議員選舉,首次申報,1071015,個人捐贈收入,林鴻文,,2000.00,0.00,,金錢,嘉義市竹圍里****,,
47,蔡文旭,107年縣(市)議員選舉,首次申報,1071015,個人捐贈收入,張育銓,,10000.00,0.00,,金錢,嘉義市西區徐****,,
48,蔡文旭,107年縣(市)議員選舉,首次申報,1071015,營利事業捐贈收入,馬興化工原料有限公司,22482847,40000.00,0.00,,金錢,臺北市大安區****,,
49,蔡文旭,107年縣(市)議員選舉,首次申報,1071016,個人捐贈收入,張克暴,,5000.00,0.00,,金錢,嘉義市林森東****,,
50,蔡文旭,107年縣(市)議員選舉,首次申報,1071017,個人捐贈收入,陳邦良,,30000.00,0.00,,金錢,新北市林口區****,,
51,蔡文旭,107年縣(市)議員選舉,首次申報,1071017,個人捐贈收入,洪振瓊,,2000.00,0.00,,金錢,嘉義市垂楊路****,,
52,蔡文旭,107年縣(市)議員選舉,首次申報,1071023,個人捐贈收入,郭吳美雲,,20000.00,0.00,,金錢,嘉義縣太保市****,,
53,蔡文旭,107年縣(市)議員選舉,首次申報,1071023,個人捐贈收入,胡萬福,,5000.00,0.00,,金錢,嘉義市短竹里****,,
54,蔡文旭,107年縣(市)議員選舉,首次申報,1071025,個人捐贈收入,蔡志良,,5000.00,0.00,,金錢,嘉義縣朴子市****,,
55,蔡文旭,107年縣(市)議員選舉,首次申報,1071026,個人捐贈收入,林翠華,,12000.00,0.00,,金錢,嘉義市西門街****,,
56,蔡文旭,107年縣(市)議員選舉,首次申報,1071026,個人捐贈收入,顏懿成,,20000.00,0.00,,金錢,嘉義市新榮路****,,
57,蔡文旭,107年縣(市)議員選舉,首次申報,1071026,個人捐贈收入,陳顯榮,,12000.00,0.00,,金錢,嘉義市西門街****,,
58,蔡文旭,107年縣(市)議員選舉,首次申報,1071030,個人捐贈收入,張誌峰,,3000.00,0.00,,金錢,嘉義市西門街****,,
59,蔡文旭,107年縣(市)議員選舉,首次申報,1071031,個人捐贈收入,魏祥惠,,3800.00,0.00,,金錢,桃園市平鎮區****,,
60,蔡文旭,107年縣(市)議員選舉,首次申報,1071101,個人捐贈收入,王吉芳,,6000.00,0.00,,金錢,嘉義市吳鳳南****,,
61,蔡文旭,107年縣(市)議員選舉,首次申報,1071101,營利事業捐贈收入,三和化學纖維股份有限公司,22071838,20000.00,0.00,,金錢,嘉義縣大林鎮****,,
62,蔡文旭,107年縣(市)議員選舉,首次申報,1071105,個人捐贈收入,羅正義,,20000.00,0.00,,金錢,嘉義市民族路****,,
63,蔡文旭,107年縣(市)議員選舉,首次申報,1071105,個人捐贈收入,楊繼豪,,20000.00,0.00,,金錢,嘉義市福州七****,,
64,蔡文旭,107年縣(市)議員選舉,首次申報,1071105,個人捐贈收入,吳振勳,,1200.00,0.00,,金錢,嘉義市國華街****,,
65,蔡文旭,107年縣(市)議員選舉,首次申報,1071108,個人捐贈收入,胡招來,Q12*******,100000.00,0.00,,金錢,嘉義縣竹崎鄉****,,
66,蔡文旭,107年縣(市)議員選舉,首次申報,1071109,個人捐贈收入,張寶源,,20000.00,0.00,,金錢,嘉義市興業西****,,
67,蔡文旭,107年縣(市)議員選舉,首次申報,1071112,個人捐贈收入,蔡榮科,,20000.00,0.00,,金錢,嘉義市世賢路****,,
68,蔡文旭,107年縣(市)議員選舉,首次申報,1071112,個人捐贈收入,黃月娥,,20000.00,0.00,,金錢,嘉義市中山路****,,
69,蔡文旭,107年縣(市)議員選舉,首次申報,1071114,個人捐贈收入,陳志昌,,10000.00,0.00,,金錢,嘉義市友信街****,,
70,蔡文旭,107年縣(市)議員選舉,首次申報,1071119,個人捐贈收入,楊瓊華,,20000.00,0.00,,金錢,嘉義市民生北****,,
71,蔡文旭,107年縣(市)議員選舉,首次申報,1071122,個人捐贈收入,劉伊薰,,20000.00,0.00,,金錢,臺南市北安路****,,
72,蔡文旭,107年縣(市)議員選舉,首次申報,1071123,個人捐贈收入,蔡鴻旭,,10000.00,0.00,,金錢,嘉義市長春一****,,
73,蔡文旭,107年縣(市)議員選舉,首次申報,1071123,個人捐贈收入,張枋霖,Q10*******,100000.00,0.00,,金錢,嘉義縣民雄鄉****,,
