﻿序號,擬參選人／政黨,選舉名稱,申報序號／年度,交易日期,收支科目,捐贈者／支出對象,身分證／統一編號,收入金額,支出金額,支出用途,金錢類,地址,聯絡電話,資料更正日期
1,吳慧玲,第10屆嘉義市東區過溝里里長補選,首次申報,1090429,個人捐贈收入,王嘉瑞,Q22*******,3000.00,0.00,,金錢,嘉義市忠義街****,0933*****,
2,吳慧玲,第10屆嘉義市東區過溝里里長補選,首次申報,1090430,個人捐贈收入,鄭素卿,R22*******,3000.00,0.00,,金錢,嘉義市彌陀路****,0932*****,
3,吳慧玲,第10屆嘉義市東區過溝里里長補選,首次申報,1090505,個人捐贈收入,歐美珍,P22*******,2000.00,0.00,,金錢,雲林縣土庫鎮****,0972*****,
4,吳慧玲,第10屆嘉義市東區過溝里里長補選,首次申報,1090505,個人捐贈收入,謝奇翰,R12*******,10000.00,0.00,,金錢,臺南市佳里區****,0982*****,
5,吳慧玲,第10屆嘉義市東區過溝里里長補選,首次申報,1090506,個人捐贈收入,楊大緯,,3000.00,0.00,,金錢,桃園市龍潭區****,0968*****,
6,吳慧玲,第10屆嘉義市東區過溝里里長補選,首次申報,1090506,匿名捐贈,邱瓊慧,,500.00,0.00,,金錢,,,
7,吳慧玲,第10屆嘉義市東區過溝里里長補選,首次申報,1090507,個人捐贈收入,周語孜,F22*******,5000.00,0.00,,金錢,嘉義市芳德路****,0975*****,
8,吳慧玲,第10屆嘉義市東區過溝里里長補選,首次申報,1090508,個人捐贈收入,何泰鋒,B12*******,10000.00,0.00,,金錢,嘉義縣竹崎鄉****,0982*****,
9,吳慧玲,第10屆嘉義市東區過溝里里長補選,首次申報,1090508,個人捐贈收入,周鈺青,Q12*******,10000.00,0.00,,金錢,嘉義市民生南****,0932*****,
10,吳慧玲,第10屆嘉義市東區過溝里里長補選,首次申報,1090511,個人捐贈收入,陳宥丞,Q12*******,1000.00,0.00,,金錢,嘉義縣太保市****,0926*****,
11,吳慧玲,第10屆嘉義市東區過溝里里長補選,首次申報,1090512,個人捐贈收入,王仁樟,Q12*******,5000.00,0.00,,金錢,嘉義市民生北****,05-2*****,
12,吳慧玲,第10屆嘉義市東區過溝里里長補選,首次申報,1090513,個人捐贈收入,黃淑媛,Q22*******,8000.00,0.00,,金錢,臺中市南區文****,0921*****,
13,吳慧玲,第10屆嘉義市東區過溝里里長補選,首次申報,1090515,個人捐贈收入,蔡立超,Q12*******,10000.00,0.00,,金錢,嘉義市保安四****,0988*****,
14,吳慧玲,第10屆嘉義市東區過溝里里長補選,首次申報,1090515,個人捐贈收入,王嘉瑞,Q22*******,2000.00,0.00,,金錢,嘉義市忠義街****,0933*****,
15,吳慧玲,第10屆嘉義市東區過溝里里長補選,首次申報,1090520,個人捐贈收入,吳亭蓁,L22*******,500.00,0.00,,金錢,嘉義市東區彌****,0975*****,
16,吳慧玲,第10屆嘉義市東區過溝里里長補選,首次申報,1090621,其他收入,利息收入,,1.00,0.00,,金錢,,,
