﻿序號,擬參選人／政黨,選舉名稱,申報序號／年度,交易日期,收支科目,捐贈者／支出對象,身分證／統一編號,收入金額,支出金額,捐贈方式,存入專戶日期,返還/繳庫,支出用途,金錢類,地址,聯絡電話,應揭露之支出對象,支出對象之內部人員姓名,支出對象之內部人員職稱,政黨之內部人員姓名,政黨之內部人員職稱,關係,更正註記,資料更正日期
1,王齡嬌,111年高雄市議員選舉,首次申報,1110910,宣傳支出,獨角獸玖比拾陸股份有限公司,83655623,0.00,200000.00,,,,播放、傳送或刊登宣傳廣告費用,金錢,高雄市新興區****,0976*****,否,,,,,,,
2,王齡嬌,111年高雄市議員選舉,首次申報,1111004,集會支出,競選總部,Q22*******,0.00,2793.00,,,,其他與集會有關之費用,非金錢,高雄市仁武區****,,否,,,,,,,
3,王齡嬌,111年高雄市議員選舉,首次申報,1111008,集會支出,競選總部,Q22*******,0.00,1396.00,,,,餐飲費用,非金錢,高雄市仁武區****,,否,,,,,,,
4,王齡嬌,111年高雄市議員選舉,首次申報,1111011,宣傳支出,獨角獸玖比拾陸股份有限公司,83655623,0.00,200000.00,,,,播放、傳送或刊登宣傳廣告費用,金錢,高雄市新興區****,0976*****,否,,,,,,,
5,王齡嬌,111年高雄市議員選舉,首次申報,1111015,集會支出,競選總部,Q22*******,0.00,2234.00,,,,餐飲費用,非金錢,高雄市仁武區****,,否,,,,,,,
6,王齡嬌,111年高雄市議員選舉,首次申報,1111021,集會支出,競選總部,Q22*******,0.00,2793.00,,,,餐飲費用,非金錢,高雄市仁武區****,,否,,,,,,,
7,王齡嬌,111年高雄市議員選舉,首次申報,1111101,雜支支出,藍新科技股份有限公司,70565326,0.00,25.00,,,,雜項購置或修繕費用,金錢,,,否,,,,,,,
8,王齡嬌,111年高雄市議員選舉,首次申報,1111105,雜支支出,競選總部,Q22*******,0.00,564.00,,,,餐飲費用,非金錢,高雄市仁武區****,,否,,,,,,,
9,王齡嬌,111年高雄市議員選舉,首次申報,1111118,集會支出,競選總部,Q22*******,0.00,4185.00,,,,餐飲費用,非金錢,高雄市仁武區****,,否,,,,,,,
10,王齡嬌,111年高雄市議員選舉,首次申報,1111120,宣傳支出,獨角獸玖比拾陸股份有限公司,83655623,0.00,200000.00,,,,播放、傳送或刊登宣傳廣告費用,金錢,高雄市新興區****,0976*****,否,,,,,,,
