﻿序號,擬參選人／政黨,選舉名稱,申報序號／年度,交易日期,收支科目,捐贈者／支出對象,身分證／統一編號,收入金額,支出金額,支出用途,金錢類,地址,聯絡電話,資料更正日期
1,賈伯楷,107年直轄市議員選舉,首次申報,1070430,宣傳支出,喬米影像工作室,72842403,0.00,2940.00,製作宣傳廣告支出,金錢,,,
2,賈伯楷,107年直轄市議員選舉,首次申報,1070506,雜支支出,慎美電器行,05715032,0.00,7000.00,雜項購置或修繕費用,金錢,臺北市中正區****,,
3,賈伯楷,107年直轄市議員選舉,首次申報,1070506,雜支支出,華鴻電業行,77165269,0.00,600.00,雜項購置或修繕費用,金錢,臺北市中正區****,,
4,賈伯楷,107年直轄市議員選舉,首次申報,1070612,宣傳支出,張淑美,A22*******,0.00,3000.00,製作宣傳廣告支出,金錢,臺北市中山區****,,
5,賈伯楷,107年直轄市議員選舉,首次申報,1070702,租用宣傳車輛支出,山輪,35041604,0.00,550.00,維修宣傳車輛支出,金錢,,,
6,賈伯楷,107年直轄市議員選舉,首次申報,1070705,人事費用支出,田鈞瑋,E12*******,0.00,10000.00,工資或薪津,金錢,宜蘭縣宜蘭市****,,
7,賈伯楷,107年直轄市議員選舉,首次申報,1070705,人事費用支出,田鈞瑋,E12*******,0.00,15000.00,工資或薪津,金錢,宜蘭縣宜蘭市****,,
8,賈伯楷,107年直轄市議員選舉,首次申報,1070718,宣傳支出,學事所企業社,29231901,0.00,3920.00,製作競選物品支出（物品名稱-請填寫）,金錢,,,
9,賈伯楷,107年直轄市議員選舉,首次申報,1070718,租用宣傳車輛支出,山輪,35041604,0.00,750.00,維修宣傳車輛支出,金錢,,,
10,賈伯楷,107年直轄市議員選舉,首次申報,1070719,雜支支出,鴻鑫鎖匙,99298989,0.00,170.00,雜項購置或修繕費用,金錢,,,
11,賈伯楷,107年直轄市議員選舉,首次申報,1070724,租用競選辦事處支出,周忠良,F12*******,0.00,6500.00,租用競選辦事處費用,金錢,新北市泰山區****,,
12,賈伯楷,107年直轄市議員選舉,首次申報,1070725,雜支支出,慎美電氣行,41365117,0.00,990.00,雜項購置或修繕費用,金錢,,,
13,賈伯楷,107年直轄市議員選舉,首次申報,1070725,雜支支出,中華電信,92887342,0.00,1001.00,電信費用,金錢,,,
14,賈伯楷,107年直轄市議員選舉,首次申報,1070805,人事費用支出,黃昱儒,A12*******,0.00,5000.00,工資或薪津,金錢,臺中市大里區****,,
15,賈伯楷,107年直轄市議員選舉,首次申報,1070805,人事費用支出,田鈞瑋,E12*******,0.00,10000.00,工資或薪津,金錢,宜蘭縣宜蘭市****,,
16,賈伯楷,107年直轄市議員選舉,首次申報,1070805,人事費用支出,田鈞瑋,E12*******,0.00,10000.00,工資或薪津,金錢,宜蘭縣宜蘭市****,,
17,賈伯楷,107年直轄市議員選舉,首次申報,1070805,人事費用支出,胡勝翔,G12*******,0.00,18000.00,工資或薪津,金錢,宜蘭縣五結鄉****,,
18,賈伯楷,107年直轄市議員選舉,首次申報,1070805,人事費用支出,劉郁傑,H12*******,0.00,10977.00,工資或薪津,金錢,桃園市平鎮區****,,
19,賈伯楷,107年直轄市議員選舉,首次申報,1070809,租用競選辦事處支出,PCHOME線上購物,16606102,0.00,1300.00,租買辦公設備支出,金錢,,,
20,賈伯楷,107年直轄市議員選舉,首次申報,1070822,交通旅運支出,台北捷運,,0.00,1000.00,搭乘交通工具支出,金錢,臺北市中山區****,,
21,賈伯楷,107年直轄市議員選舉,首次申報,1070824,租用競選辦事處支出,周忠良,F12*******,0.00,5500.00,租用競選辦事處費用,金錢,新北市泰山區****,,
22,賈伯楷,107年直轄市議員選舉,首次申報,1070826,集會支出,驊欣園,46468252,0.00,27698.00,餐飲支出,金錢,新北市泰山區****,,
23,賈伯楷,107年直轄市議員選舉,首次申報,1070827,雜支支出,中華電信,92887342,0.00,1001.00,電信費用,金錢,,,
24,賈伯楷,107年直轄市議員選舉,首次申報,1070828,交通旅運支出,台北捷運,,0.00,2000.00,搭乘交通工具支出,金錢,臺北市中山區****,,
25,賈伯楷,107年直轄市議員選舉,首次申報,1070829,交通旅運支出,桃園捷運,,0.00,830.00,搭乘交通工具支出,金錢,桃園市大園區****,,
26,賈伯楷,107年直轄市議員選舉,首次申報,1070829,雜支支出,勞保局,,0.00,703.00,勞保費,金錢,臺北市中正區****,,
27,賈伯楷,107年直轄市議員選舉,首次申報,1070829,雜支支出,智通數位,42646755,0.00,46.00,線上捐款手續費,金錢,,,
28,賈伯楷,107年直轄市議員選舉,首次申報,1070901,雜支支出,智通數位,42646755,0.00,688.00,線上捐款手續費,金錢,,,
29,賈伯楷,107年直轄市議員選舉,首次申報,1070905,人事費用支出,黃昱儒,A12*******,0.00,3150.00,工資或薪津,金錢,臺中市大里區****,,
30,賈伯楷,107年直轄市議員選舉,首次申報,1070905,人事費用支出,田鈞瑋,E12*******,0.00,1000.00,加班費或值班費,金錢,宜蘭縣宜蘭市****,,
31,賈伯楷,107年直轄市議員選舉,首次申報,1070905,人事費用支出,田鈞瑋,E12*******,0.00,10000.00,工資或薪津,金錢,宜蘭縣宜蘭市****,,
32,賈伯楷,107年直轄市議員選舉,首次申報,1070905,人事費用支出,李冠毅,F12*******,0.00,9820.00,工資或薪津,金錢,臺北市中正區****,,
33,賈伯楷,107年直轄市議員選舉,首次申報,1070905,人事費用支出,劉郁傑,H12*******,0.00,12464.00,工資或薪津,金錢,桃園市平鎮區****,,
34,賈伯楷,107年直轄市議員選舉,首次申報,1070905,人事費用支出,曾宏成,Q12*******,0.00,1800.00,工資或薪津,金錢,新北市淡水區****,,
35,賈伯楷,107年直轄市議員選舉,首次申報,1070917,宣傳支出,東炬,89952255,0.00,1680.00,製作競選物品支出（物品名稱-請填寫）,金錢,,,
36,賈伯楷,107年直轄市議員選舉,首次申報,1070924,租用競選辦事處支出,周忠良,F12*******,0.00,5500.00,租用競選辦事處費用,金錢,新北市泰山區****,,
37,賈伯楷,107年直轄市議員選舉,首次申報,1070925,雜支支出,中華電信,92887342,0.00,1016.00,電信費用,金錢,,,
38,賈伯楷,107年直轄市議員選舉,首次申報,1071001,雜支支出,智通數位,42646755,0.00,37.00,線上捐款手續費,金錢,,,
39,賈伯楷,107年直轄市議員選舉,首次申報,1071005,人事費用支出,黃昱儒,A12*******,0.00,5000.00,工資或薪津,金錢,臺中市大里區****,,
40,賈伯楷,107年直轄市議員選舉,首次申報,1071005,人事費用支出,田鈞瑋,E12*******,0.00,10000.00,工資或薪津,金錢,宜蘭縣宜蘭市****,,
41,賈伯楷,107年直轄市議員選舉,首次申報,1071005,人事費用支出,李冠毅,F12*******,0.00,11254.00,工資或薪津,金錢,臺北市中正區****,,
42,賈伯楷,107年直轄市議員選舉,首次申報,1071005,人事費用支出,胡勝翔,G12*******,0.00,31384.00,工資或薪津,金錢,宜蘭縣五結鄉****,,
43,賈伯楷,107年直轄市議員選舉,首次申報,1071005,人事費用支出,劉郁傑,H12*******,0.00,14050.00,工資或薪津,金錢,桃園市平鎮區****,,
44,賈伯楷,107年直轄市議員選舉,首次申報,1071005,人事費用支出,魏伯任,R12*******,0.00,12932.00,工資或薪津,金錢,臺北市中正區****,,
45,賈伯楷,107年直轄市議員選舉,首次申報,1071015,返還支出,莊福凱,,0.00,20000.00,返還,金錢,桃園市平鎮區****,,
46,賈伯楷,107年直轄市議員選舉,首次申報,1071024,租用競選辦事處支出,周忠良,F12*******,0.00,5500.00,租用競選辦事處費用,金錢,新北市泰山區****,,
47,賈伯楷,107年直轄市議員選舉,首次申報,1071025,雜支支出,中華電信,92887342,0.00,999.00,電信費用,金錢,,,
48,賈伯楷,107年直轄市議員選舉,首次申報,1071101,雜支支出,智通數位,42646755,0.00,1091.00,線上捐款手續費,金錢,,,
49,賈伯楷,107年直轄市議員選舉,首次申報,1071105,人事費用支出,田鈞瑋,E12*******,0.00,12000.00,工資或薪津,金錢,宜蘭縣宜蘭市****,,
50,賈伯楷,107年直轄市議員選舉,首次申報,1071105,人事費用支出,李冠毅,F12*******,0.00,10382.00,工資或薪津,金錢,臺北市中正區****,,
51,賈伯楷,107年直轄市議員選舉,首次申報,1071105,人事費用支出,胡勝翔,G12*******,0.00,30884.00,工資或薪津,金錢,宜蘭縣五結鄉****,,
52,賈伯楷,107年直轄市議員選舉,首次申報,1071105,人事費用支出,劉郁傑,H12*******,0.00,17586.00,工資或薪津,金錢,桃園市平鎮區****,,
53,賈伯楷,107年直轄市議員選舉,首次申報,1071105,人事費用支出,魏伯任,R12*******,0.00,10957.00,工資或薪津,金錢,臺北市中正區****,,
54,賈伯楷,107年直轄市議員選舉,首次申報,1071109,宣傳支出,色彩創意,24209562,0.00,1449.00,製作競選物品支出（物品名稱-請填寫）,金錢,,,
55,賈伯楷,107年直轄市議員選舉,首次申報,1071122,宣傳支出,宏遠電訊,16087137,0.00,34650.00,播送、傳送或刊登宣傳廣告支出,金錢,臺北市內湖區****,,
56,賈伯楷,107年直轄市議員選舉,首次申報,1071124,租用競選辦事處支出,周忠良,F12*******,0.00,5500.00,租用競選辦事處費用,金錢,新北市泰山區****,,
57,賈伯楷,107年直轄市議員選舉,首次申報,1071126,雜支支出,中華電信,92887342,0.00,1033.00,電信費用,金錢,,,
58,賈伯楷,107年直轄市議員選舉,首次申報,1071129,雜支支出,智通數位,42646755,0.00,150.00,線上捐款手續費,金錢,,,
59,賈伯楷,107年直轄市議員選舉,首次申報,1071220,人事費用支出,田鈞瑋,E12*******,0.00,32000.00,工資或薪津,金錢,宜蘭縣宜蘭市****,,
60,賈伯楷,107年直轄市議員選舉,首次申報,1071220,人事費用支出,李冠毅,F12*******,0.00,12957.00,工資或薪津,金錢,臺北市中正區****,,
61,賈伯楷,107年直轄市議員選舉,首次申報,1071220,人事費用支出,李冠毅,F12*******,0.00,503.00,獎金或津貼,金錢,臺北市中正區****,,
62,賈伯楷,107年直轄市議員選舉,首次申報,1071220,人事費用支出,胡勝翔,G12*******,0.00,36964.00,工資或薪津,金錢,宜蘭縣五結鄉****,,
63,賈伯楷,107年直轄市議員選舉,首次申報,1071220,人事費用支出,胡勝翔,G12*******,0.00,4624.00,獎金或津貼,金錢,宜蘭縣五結鄉****,,
64,賈伯楷,107年直轄市議員選舉,首次申報,1071220,人事費用支出,劉郁傑,H12*******,0.00,9899.00,工資或薪津,金錢,桃園市平鎮區****,,
65,賈伯楷,107年直轄市議員選舉,首次申報,1071220,人事費用支出,劉郁傑,H12*******,0.00,1616.00,工資或薪津,金錢,桃園市平鎮區****,,
66,賈伯楷,107年直轄市議員選舉,首次申報,1071220,人事費用支出,余宗豪,M12*******,0.00,1500.00,工資或薪津,金錢,新北市五股區****,,
67,賈伯楷,107年直轄市議員選舉,首次申報,1071220,人事費用支出,曾宏成,Q12*******,0.00,4500.00,工資或薪津,金錢,新北市淡水區****,,
68,賈伯楷,107年直轄市議員選舉,首次申報,1071220,人事費用支出,魏伯任,R12*******,0.00,10502.00,獎金或津貼,金錢,臺北市中正區****,,
69,賈伯楷,107年直轄市議員選舉,首次申報,1071220,人事費用支出,魏伯任,R12*******,0.00,16607.00,工資或薪津,金錢,臺北市中正區****,,
70,賈伯楷,107年直轄市議員選舉,首次申報,1071224,雜支支出,健保局,,0.00,20075.00,健保費,金錢,臺北市大安區****,,
71,賈伯楷,107年直轄市議員選舉,首次申報,1071224,雜支支出,勞保局,,0.00,25375.00,勞保費,金錢,臺北市中正區****,,
72,賈伯楷,107年直轄市議員選舉,首次申報,1071224,雜支支出,勞保局,,0.00,9157.00,勞保費,金錢,臺北市中正區****,,
73,賈伯楷,107年直轄市議員選舉,首次申報,1071224,雜支支出,中華電信,92887342,0.00,999.00,電信費用,金錢,,,
