﻿序號,擬參選人／政黨,選舉名稱,申報序號／年度,交易日期,收支科目,捐贈者／支出對象,身分證／統一編號,收入金額,支出金額,支出用途,金錢類,地址,聯絡電話,資料更正日期
1,賈伯楷,107年直轄市議員選舉,首次申報,1070501,個人捐贈收入,張育憬,,5000.00,0.00,,金錢,臺北市士林區****,,
2,賈伯楷,107年直轄市議員選舉,首次申報,1070501,個人捐贈收入,鄧宇佑,,2000.00,0.00,,金錢,高雄市橋頭區****,,
3,賈伯楷,107年直轄市議員選舉,首次申報,1070514,匿名捐贈,匿名1,,1.00,0.00,,金錢,,,
4,賈伯楷,107年直轄市議員選舉,首次申報,1070525,個人捐贈收入,蕭愉珮,,25000.00,0.00,,金錢,臺北市北投區****,,
5,賈伯楷,107年直轄市議員選舉,首次申報,1070525,個人捐贈收入,蕭愉珮,,25000.00,0.00,,金錢,臺北市北投區****,,
6,賈伯楷,107年直轄市議員選舉,首次申報,1070619,個人捐贈收入,王美寶,R22*******,100000.00,0.00,,金錢,臺北市文山區****,,
7,賈伯楷,107年直轄市議員選舉,首次申報,1070621,其他收入,利息收入,,9.00,0.00,,金錢,,,
8,賈伯楷,107年直轄市議員選舉,首次申報,1070629,個人捐贈收入,康傑凱,,5000.00,0.00,,金錢,桃園市桃園區****,,
9,賈伯楷,107年直轄市議員選舉,首次申報,1070717,個人捐贈收入,黃雅莉,,2000.00,0.00,,金錢,新北市新莊區****,,
10,賈伯楷,107年直轄市議員選舉,首次申報,1070723,匿名捐贈,匿名,,10000.00,0.00,,金錢,,,
11,賈伯楷,107年直轄市議員選舉,首次申報,1070726,個人捐贈收入,江櫻梅,,2500.00,0.00,,金錢,新北市金山區****,,
12,賈伯楷,107年直轄市議員選舉,首次申報,1070726,個人捐贈收入,王珠雲,,1000.00,0.00,,金錢,新北市新莊區****,,
13,賈伯楷,107年直轄市議員選舉,首次申報,1070729,個人捐贈收入,洪箱,,5000.00,0.00,,金錢,苗栗縣後龍鎮****,,
14,賈伯楷,107年直轄市議員選舉,首次申報,1070813,個人捐贈收入,張秀萍,,5000.00,0.00,,金錢,新北市泰山區****,,
15,賈伯楷,107年直轄市議員選舉,首次申報,1070815,匿名捐贈,匿名,,1000.00,0.00,,金錢,,,
16,賈伯楷,107年直轄市議員選舉,首次申報,1070816,匿名捐贈,匿名,,500.00,0.00,,金錢,,,
17,賈伯楷,107年直轄市議員選舉,首次申報,1070817,個人捐贈收入,陳椒華,,20000.00,0.00,,金錢,臺南市新營區****,,
18,賈伯楷,107年直轄市議員選舉,首次申報,1070817,營利事業捐贈收入,錸鋼精密機械有限公司,16990719,3000.00,0.00,,金錢,新北市泰山區****,,
19,賈伯楷,107年直轄市議員選舉,首次申報,1070817,營利事業捐贈收入,千鋼有限公司,27625099,3000.00,0.00,,金錢,新北市泰山區****,,
20,賈伯楷,107年直轄市議員選舉,首次申報,1070818,個人捐贈收入,曾亭睿,,300.00,0.00,,金錢,新北市新莊區****,,
21,賈伯楷,107年直轄市議員選舉,首次申報,1070818,個人捐贈收入,顏亮一,,9000.00,0.00,,金錢,新北市新莊區****,,
22,賈伯楷,107年直轄市議員選舉,首次申報,1070819,個人捐贈收入,卜鵬憲,,3000.00,0.00,,金錢,新北市泰山區****,,
23,賈伯楷,107年直轄市議員選舉,首次申報,1070820,個人捐贈收入,黃淳偉,,2000.00,0.00,,金錢,新北市林口區****,,
24,賈伯楷,107年直轄市議員選舉,首次申報,1070820,個人捐贈收入,胡博硯,,3000.00,0.00,,金錢,新北市三重區****,,
25,賈伯楷,107年直轄市議員選舉,首次申報,1070820,個人捐贈收入,李世勳,,3000.00,0.00,,金錢,臺北市士林區****,,
26,賈伯楷,107年直轄市議員選舉,首次申報,1070821,匿名捐贈,匿名,,3000.00,0.00,,金錢,,,
27,賈伯楷,107年直轄市議員選舉,首次申報,1070821,個人捐贈收入,賴滿足,,3000.00,0.00,,金錢,新北市淡水區****,,
28,賈伯楷,107年直轄市議員選舉,首次申報,1070821,個人捐贈收入,潘忠政,,2000.00,0.00,,金錢,桃園市中壢區****,,
29,賈伯楷,107年直轄市議員選舉,首次申報,1070823,個人捐贈收入,甘崇緯,,20000.00,0.00,,金錢,新北市新莊區****,,
30,賈伯楷,107年直轄市議員選舉,首次申報,1070823,個人捐贈收入,蔡周阿招,,1000.00,0.00,,金錢,新北市泰山區****,,
31,賈伯楷,107年直轄市議員選舉,首次申報,1070823,個人捐贈收入,鄭淑惠,,3000.00,0.00,,金錢,新北市泰山區****,,
32,賈伯楷,107年直轄市議員選舉,首次申報,1070824,個人捐贈收入,崔愫欣,,6000.00,0.00,,金錢,新北市淡水區****,,
33,賈伯楷,107年直轄市議員選舉,首次申報,1070824,匿名捐贈,匿名,,9000.00,0.00,,金錢,,,
34,賈伯楷,107年直轄市議員選舉,首次申報,1070824,個人捐贈收入,藍翊升,,1000.00,0.00,,金錢,新北市新莊區****,,
35,賈伯楷,107年直轄市議員選舉,首次申報,1070825,個人捐贈收入,廖冠樺,,1000.00,0.00,,金錢,新北市新莊區****,,
36,賈伯楷,107年直轄市議員選舉,首次申報,1070825,匿名捐贈,匿名,,1000.00,0.00,,金錢,,,
37,賈伯楷,107年直轄市議員選舉,首次申報,1070825,個人捐贈收入,張劭涵,,2000.00,0.00,,金錢,新北市新莊區****,,
38,賈伯楷,107年直轄市議員選舉,首次申報,1070826,個人捐贈收入,何佳馨,,3200.00,0.00,,金錢,高雄市小港區****,,
39,賈伯楷,107年直轄市議員選舉,首次申報,1070826,個人捐贈收入,吳景煌,,3000.00,0.00,,金錢,新北市泰山區****,,
40,賈伯楷,107年直轄市議員選舉,首次申報,1070826,個人捐贈收入,呂瑞欽,,5000.00,0.00,,金錢,新北市新莊區****,,
41,賈伯楷,107年直轄市議員選舉,首次申報,1070826,個人捐贈收入,吳俊奇,,3000.00,0.00,,金錢,新北市新莊區****,,
42,賈伯楷,107年直轄市議員選舉,首次申報,1070826,個人捐贈收入,呂雪芬,,6000.00,0.00,,金錢,新北市泰山區****,,
43,賈伯楷,107年直轄市議員選舉,首次申報,1070826,個人捐贈收入,李文財,,1500.00,0.00,,金錢,新北市新莊區****,,
44,賈伯楷,107年直轄市議員選舉,首次申報,1070826,個人捐贈收入,李世安,,4800.00,0.00,,金錢,新北市新莊區****,,
45,賈伯楷,107年直轄市議員選舉,首次申報,1070826,個人捐贈收入,李錦成,,6000.00,0.00,,金錢,新北市新莊區****,,
46,賈伯楷,107年直轄市議員選舉,首次申報,1070826,個人捐贈收入,林文政,,3000.00,0.00,,金錢,新北市新莊區****,,
47,賈伯楷,107年直轄市議員選舉,首次申報,1070826,個人捐贈收入,趙芳瑢,,13000.00,0.00,,金錢,新北市泰山區****,,
48,賈伯楷,107年直轄市議員選舉,首次申報,1070826,個人捐贈收入,林尚駒,,1000.00,0.00,,金錢,新北市新莊區****,,
49,賈伯楷,107年直轄市議員選舉,首次申報,1070826,個人捐贈收入,邱淑雯,,1500.00,0.00,,金錢,新北市新莊區****,,
50,賈伯楷,107年直轄市議員選舉,首次申報,1070826,匿名捐贈,匿名,,3000.00,0.00,,金錢,,,
51,賈伯楷,107年直轄市議員選舉,首次申報,1070826,個人捐贈收入,顏豐明,,4000.00,0.00,,金錢,臺北市內湖區****,,
52,賈伯楷,107年直轄市議員選舉,首次申報,1070826,個人捐贈收入,許德政,,1500.00,0.00,,金錢,新北市新莊區****,,
53,賈伯楷,107年直轄市議員選舉,首次申報,1070826,個人捐贈收入,張春美,,1000.00,0.00,,金錢,新北市新莊區****,,
54,賈伯楷,107年直轄市議員選舉,首次申報,1070826,匿名捐贈,匿名,,4500.00,0.00,,金錢,,,
55,賈伯楷,107年直轄市議員選舉,首次申報,1070826,個人捐贈收入,莊武雄,,3500.00,0.00,,金錢,,0920*****,
56,賈伯楷,107年直轄市議員選舉,首次申報,1070826,個人捐贈收入,陳文煌,,8000.00,0.00,,金錢,臺北市中山區****,,
57,賈伯楷,107年直轄市議員選舉,首次申報,1070826,個人捐贈收入,陳靜文,,800.00,0.00,,金錢,新北市新莊區****,,
58,賈伯楷,107年直轄市議員選舉,首次申報,1070826,個人捐贈收入,陳麗美,,3000.00,0.00,,金錢,新北市新莊區****,,
59,賈伯楷,107年直轄市議員選舉,首次申報,1070826,個人捐贈收入,曾馨滿,,3000.00,0.00,,金錢,新北市新莊區****,,
60,賈伯楷,107年直轄市議員選舉,首次申報,1070826,個人捐贈收入,湛元龍,,3000.00,0.00,,金錢,新北市新莊區****,,
61,賈伯楷,107年直轄市議員選舉,首次申報,1070826,個人捐贈收入,楊雨青,,5500.00,0.00,,金錢,新北市新莊區****,,
62,賈伯楷,107年直轄市議員選舉,首次申報,1070826,匿名捐贈,匿名,,1000.00,0.00,,金錢,,,
63,賈伯楷,107年直轄市議員選舉,首次申報,1070826,個人捐贈收入,張育憬,,5000.00,0.00,,金錢,臺北市士林區****,,
64,賈伯楷,107年直轄市議員選舉,首次申報,1070826,營利事業捐贈收入,台聖企業社,02245620,3000.00,0.00,,金錢,新北市泰山區****,,
65,賈伯楷,107年直轄市議員選舉,首次申報,1070826,營利事業捐贈收入,錸鋼精密機械有限公司,16990719,3000.00,0.00,,金錢,新北市泰山區****,,
66,賈伯楷,107年直轄市議員選舉,首次申報,1070826,營利事業捐贈收入,錸鋼精密機械有限公司,16990719,3000.00,0.00,,金錢,新北市泰山區****,,
67,賈伯楷,107年直轄市議員選舉,首次申報,1070826,營利事業捐贈收入,千鋼有限公司,27625099,5000.00,0.00,,金錢,新北市泰山區****,,
68,賈伯楷,107年直轄市議員選舉,首次申報,1070826,營利事業捐贈收入,千鋼有限公司,27625099,3000.00,0.00,,金錢,新北市泰山區****,,
69,賈伯楷,107年直轄市議員選舉,首次申報,1070826,營利事業捐贈收入,永鑫切削配件有限公司,28557990,3000.00,0.00,,金錢,新北市泰山區****,,
70,賈伯楷,107年直轄市議員選舉,首次申報,1070828,匿名捐贈,匿名,,3000.00,0.00,,金錢,,,
71,賈伯楷,107年直轄市議員選舉,首次申報,1070828,個人捐贈收入,林文政,,3000.00,0.00,,金錢,新北市新莊區****,,
72,賈伯楷,107年直轄市議員選舉,首次申報,1070828,匿名捐贈,匿名,,500.00,0.00,,金錢,,,
73,賈伯楷,107年直轄市議員選舉,首次申報,1070903,匿名捐贈,匿名,,3000.00,0.00,,金錢,,,
74,賈伯楷,107年直轄市議員選舉,首次申報,1070904,匿名捐贈,匿名,,2000.00,0.00,,金錢,,,
75,賈伯楷,107年直轄市議員選舉,首次申報,1070905,個人捐贈收入,黃清華,,5000.00,0.00,,金錢,新北市新莊區****,,
76,賈伯楷,107年直轄市議員選舉,首次申報,1070905,個人捐贈收入,黃淑真,,3000.00,0.00,,金錢,新北市新莊區****,,
77,賈伯楷,107年直轄市議員選舉,首次申報,1070906,匿名捐贈,匿名,,3000.00,0.00,,金錢,,,
78,賈伯楷,107年直轄市議員選舉,首次申報,1070916,個人捐贈收入,韓在善,,500.00,0.00,,金錢,新北市新莊區****,,
79,賈伯楷,107年直轄市議員選舉,首次申報,1070919,個人捐贈收入,陳葉淑玲,,5000.00,0.00,,金錢,新北市新莊區****,,
80,賈伯楷,107年直轄市議員選舉,首次申報,1070919,個人捐贈收入,許文力,,1500.00,0.00,,金錢,新北市新莊區****,,
81,賈伯楷,107年直轄市議員選舉,首次申報,1070919,匿名捐贈,匿名,,500.00,0.00,,金錢,,,
82,賈伯楷,107年直轄市議員選舉,首次申報,1070925,匿名捐贈,匿名,,5000.00,0.00,,金錢,,,
83,賈伯楷,107年直轄市議員選舉,首次申報,1070928,個人捐贈收入,李根政,,6000.00,0.00,,金錢,高雄市鼓山區****,,
84,賈伯楷,107年直轄市議員選舉,首次申報,1070929,個人捐贈收入,瑪達拉．達努巴克,,5000.00,0.00,,金錢,高雄市左營區****,,
85,賈伯楷,107年直轄市議員選舉,首次申報,1070930,匿名捐贈,匿名,,1000.00,0.00,,金錢,,,
86,賈伯楷,107年直轄市議員選舉,首次申報,1071001,個人捐贈收入,莊福凱,,30000.00,0.00,,金錢,桃園市平鎮區****,,
87,賈伯楷,107年直轄市議員選舉,首次申報,1071002,匿名捐贈,匿名,,700.00,0.00,,金錢,,,
88,賈伯楷,107年直轄市議員選舉,首次申報,1071002,匿名捐贈,匿名,,8000.00,0.00,,金錢,,,
89,賈伯楷,107年直轄市議員選舉,首次申報,1071003,個人捐贈收入,劉深,,3000.00,0.00,,金錢,屏東縣屏東市****,,
90,賈伯楷,107年直轄市議員選舉,首次申報,1071006,匿名捐贈,匿名,,10000.00,0.00,,金錢,,,
91,賈伯楷,107年直轄市議員選舉,首次申報,1071006,匿名捐贈,匿名1,,6000.00,0.00,,金錢,,,
92,賈伯楷,107年直轄市議員選舉,首次申報,1071008,匿名捐贈,匿名,,10000.00,0.00,,金錢,,,
93,賈伯楷,107年直轄市議員選舉,首次申報,1071014,匿名捐贈,匿名,,10000.00,0.00,,金錢,,,
94,賈伯楷,107年直轄市議員選舉,首次申報,1071015,匿名捐贈,匿名,,10000.00,0.00,,金錢,,,
95,賈伯楷,107年直轄市議員選舉,首次申報,1071017,個人捐贈收入,林春長,,5000.00,0.00,,金錢,臺北市中正區****,,
96,賈伯楷,107年直轄市議員選舉,首次申報,1071023,個人捐贈收入,呂文賓,,3000.00,0.00,,金錢,新北市泰山區****,,
97,賈伯楷,107年直轄市議員選舉,首次申報,1071026,個人捐贈收入,張譽尹,,5000.00,0.00,,金錢,新北市淡水區****,,
98,賈伯楷,107年直轄市議員選舉,首次申報,1071031,匿名捐贈,匿名,,10000.00,0.00,,金錢,,,
99,賈伯楷,107年直轄市議員選舉,首次申報,1071107,匿名捐贈,匿名,,10000.00,0.00,,金錢,,,
100,賈伯楷,107年直轄市議員選舉,首次申報,1071107,匿名捐贈,匿名1,,10000.00,0.00,,金錢,,,
101,賈伯楷,107年直轄市議員選舉,首次申報,1071113,匿名捐贈,匿名,,1000.00,0.00,,金錢,,,
102,賈伯楷,107年直轄市議員選舉,首次申報,1071113,匿名捐贈,匿名1,,10000.00,0.00,,金錢,,,
103,賈伯楷,107年直轄市議員選舉,首次申報,1071119,個人捐贈收入,李美莉,,3000.00,0.00,,金錢,新北市淡水區****,,
104,賈伯楷,107年直轄市議員選舉,首次申報,1071119,個人捐贈收入,江承燁,,15000.00,0.00,,金錢,臺北市大安區****,,
105,賈伯楷,107年直轄市議員選舉,首次申報,1071121,個人捐贈收入,洪才登,,3000.00,0.00,,金錢,新北市新莊區****,,
106,賈伯楷,107年直轄市議員選舉,首次申報,1071123,匿名捐贈,匿名,,1000.00,0.00,,金錢,,,
107,賈伯楷,107年直轄市議員選舉,首次申報,1071123,匿名捐贈,匿名1,,1000.00,0.00,,金錢,,,
108,賈伯楷,107年直轄市議員選舉,首次申報,1071123,個人捐贈收入,郝天均,,500.00,0.00,,金錢,新北市新莊區****,,
109,賈伯楷,107年直轄市議員選舉,首次申報,1071221,其他收入,利息收入,,67.00,0.00,,金錢,,,
