﻿序號,擬參選人／政黨,選舉名稱,申報序號／年度,交易日期,收支科目,捐贈者／支出對象,身分證／統一編號,收入金額,支出金額,捐贈方式,存入專戶日期,返還/繳庫,支出用途,金錢類,地址,聯絡電話,應揭露之支出對象,支出對象之內部人員姓名,支出對象之內部人員職稱,政黨之內部人員姓名,政黨之內部人員職稱,關係,更正註記,資料更正日期
1,陳美雅,113年立法委員選舉,首次申報,1120614,雜支支出,唐記有限公司,22097176,0.00,899.00,,,,餐飲費用,金錢,高雄市鼓山區****,,否,,,,,,,
2,陳美雅,113年立法委員選舉,首次申報,1120614,雜支支出,唐記有限公司,22097176,0.00,899.00,,,,餐飲費用,金錢,高雄市鼓山區****,,否,,,,,,,
3,陳美雅,113年立法委員選舉,首次申報,1120616,雜支支出,雲龍烘培麵包坊,18113060,0.00,400.00,,,,餐飲費用,金錢,高雄市鹽埕區****,,否,,,,,,,
4,陳美雅,113年立法委員選舉,首次申報,1120617,雜支支出,晚一點商店,91442434,0.00,2500.00,,,,餐飲費用,金錢,高雄市三民區****,,否,,,,,,,
5,陳美雅,113年立法委員選舉,首次申報,1120619,雜支支出,晚一點商店,91442434,0.00,3000.00,,,,餐飲費用,金錢,高雄市三民區****,,否,,,,,,,
6,陳美雅,113年立法委員選舉,首次申報,1120620,雜支支出,宏淇麵包店,13641871,0.00,480.00,,,,餐飲費用,金錢,高雄市鼓山區****,,否,,,,,,,
7,陳美雅,113年立法委員選舉,首次申報,1120621,雜支支出,宏淇麵包店,13641871,0.00,480.00,,,,餐飲費用,金錢,高雄市鼓山區****,,否,,,,,,,
8,陳美雅,113年立法委員選舉,首次申報,1120621,雜支支出,晚一點商店,91442434,0.00,3000.00,,,,餐飲費用,金錢,高雄市三民區****,,否,,,,,,,
9,陳美雅,113年立法委員選舉,首次申報,1120623,雜支支出,晚一點商店,91442434,0.00,3500.00,,,,餐飲費用,金錢,高雄市三民區****,,否,,,,,,,
10,陳美雅,113年立法委員選舉,首次申報,1120624,集會支出,双喜演藝工坊,13915344,0.00,50000.00,,,,租用設備費用,金錢,高雄市新興區****,,否,,,,,,,
11,陳美雅,113年立法委員選舉,首次申報,1120625,公共關係費用支出,西北熊蘭花工坊,45506623,0.00,1500.00,,,,為民服務費用-花籃,金錢,臺中市西屯區****,,否,,,,,,,
12,陳美雅,113年立法委員選舉,首次申報,1120625,雜支支出,亮逸企業社,88940979,0.00,9000.00,,,,餐飲費用,金錢,屏東縣恆春鎮****,,否,,,,,,,
13,陳美雅,113年立法委員選舉,首次申報,1120626,雜支支出,天元自助餐店,74987093,0.00,3500.00,,,,餐飲費用,金錢,高雄市旗津區****,,否,,,,,,,
14,陳美雅,113年立法委員選舉,首次申報,1120627,宣傳支出,卡登實業股份有限公司,81152744,0.00,24000.00,,,,製作競選物品或宣傳廣告費用(扇子),金錢,高雄市前鎮區****,,否,,,,,,,
15,陳美雅,113年立法委員選舉,首次申報,1120628,雜支支出,中華電信股份有限公司台灣南區電信分公司高雄營運處,19762247,0.00,1299.00,,,,電信費用,金錢,高雄市左營區****,,否,,,,,,,
16,陳美雅,113年立法委員選舉,首次申報,1120629,雜支支出,松詠有限公司-明誠站分公司,42802328,0.00,645.00,,,,汽機車燃料費用,金錢,高雄市鼓山區****,,否,,,,,,,
17,陳美雅,113年立法委員選舉,首次申報,1120630,雜支支出,松詠有限公司-明誠站分公司,42802328,0.00,1000.00,,,,汽機車燃料費用,金錢,高雄市鼓山區****,,否,,,,,,,
18,陳美雅,113年立法委員選舉,首次申報,1120630,宣傳支出,宏明晒圖行,88889728,0.00,50000.00,,,,製作競選物品或宣傳廣告費用,金錢,臺南市中西區****,,否,,,,,,,
19,陳美雅,113年立法委員選舉,首次申報,1120630,雜支支出,亮逸企業社,88940979,0.00,8000.00,,,,餐飲費用,金錢,屏東縣恆春鎮****,,否,,,,,,,
20,陳美雅,113年立法委員選舉,首次申報,1120630,雜支支出,晚一點商店,91442434,0.00,5000.00,,,,餐飲費用,金錢,高雄市三民區****,,否,,,,,,,
21,陳美雅,113年立法委員選舉,首次申報,1120630,人事費用支出,吳政賢,T12*******,0.00,15000.00,,,,加班費或值班費,金錢,高雄市楠梓區****,,否,,,,,,,
22,陳美雅,113年立法委員選舉,首次申報,1120702,宣傳支出,順天廣告社,38708764,0.00,30000.00,,,,製作競選物品或宣傳廣告費用,金錢,高雄市仁武區****,,否,,,,,,,
23,陳美雅,113年立法委員選舉,首次申報,1120707,雜支支出,中華電信股份有限公司台灣南區電信分公司高雄營運處,19762247,0.00,518.00,,,,電信費用,金錢,高雄市左營區****,,否,,,,,,,
24,陳美雅,113年立法委員選舉,首次申報,1120707,雜支支出,中華電信股份有限公司台灣南區電信分公司高雄營運處,19762247,0.00,1299.00,,,,電信費用,金錢,高雄市左營區****,,否,,,,,,,
25,陳美雅,113年立法委員選舉,首次申報,1120707,雜支支出,晚一點商店,91442434,0.00,5000.00,,,,餐飲費用,金錢,高雄市三民區****,,否,,,,,,,
26,陳美雅,113年立法委員選舉,首次申報,1120710,雜支支出,亮逸企業社,88940979,0.00,8000.00,,,,餐飲費用,金錢,屏東縣恆春鎮****,,否,,,,,,,
27,陳美雅,113年立法委員選舉,首次申報,1120711,雜支支出,成功一號美食店,08951039,0.00,4000.00,,,,餐飲費用,金錢,高雄市苓雅區****,,否,,,,,,,
28,陳美雅,113年立法委員選舉,首次申報,1120715,宣傳支出,佰捌廣告社,25724164,0.00,25000.00,,,,製作競選物品或宣傳廣告費用,金錢,高雄市鳳山區****,,否,,,,,,,
29,陳美雅,113年立法委員選舉,首次申報,1120715,宣傳支出,順天廣告社,38708764,0.00,30000.00,,,,製作競選物品或宣傳廣告費用,金錢,高雄市仁武區****,,否,,,,,,,
30,陳美雅,113年立法委員選舉,首次申報,1120715,雜支支出,晚一點商店,91442434,0.00,5000.00,,,,餐飲費用,金錢,高雄市三民區****,,否,,,,,,,
31,陳美雅,113年立法委員選舉,首次申報,1120719,宣傳支出,順天廣告社,38708764,0.00,30000.00,,,,製作競選物品或宣傳廣告費用,金錢,高雄市仁武區****,,否,,,,,,,
32,陳美雅,113年立法委員選舉,首次申報,1120719,雜支支出,亮逸企業社,88940979,0.00,8000.00,,,,餐飲費用,金錢,屏東縣恆春鎮****,,否,,,,,,,
33,陳美雅,113年立法委員選舉,首次申報,1120722,雜支支出,晚一點商店,91442434,0.00,5000.00,,,,餐飲費用,金錢,高雄市三民區****,,否,,,,,,,
34,陳美雅,113年立法委員選舉,首次申報,1120724,雜支支出,中華電信股份有限公司台灣南區電信分公司高雄營運處,19762247,0.00,1666.00,,,,電信費用,金錢,高雄市左營區****,,否,,,,,,,
35,陳美雅,113年立法委員選舉,首次申報,1120724,雜支支出,中華電信股份有限公司台灣南區電信分公司高雄營運處,19762247,0.00,599.00,,,,電信費用,金錢,高雄市左營區****,,否,,,,,,,
36,陳美雅,113年立法委員選舉,首次申報,1120724,雜支支出,中華電信股份有限公司台灣南區電信分公司高雄營運處,19762247,0.00,499.00,,,,電信費用,金錢,高雄市左營區****,,否,,,,,,,
37,陳美雅,113年立法委員選舉,首次申報,1120725,雜支支出,福品小吃部,74976743,0.00,4000.00,,,,餐飲費用,金錢,高雄市前金區****,,否,,,,,,,
38,陳美雅,113年立法委員選舉,首次申報,1120727,集會支出,晚一點商店,91442434,0.00,4000.00,,,,餐飲費用,金錢,高雄市三民區****,,否,,,,,,,
39,陳美雅,113年立法委員選舉,首次申報,1120728,宣傳支出,順天廣告社,38708764,0.00,30000.00,,,,製作競選物品或宣傳廣告費用,金錢,高雄市仁武區****,,否,,,,,,,
40,陳美雅,113年立法委員選舉,首次申報,1120729,集會支出,双喜演藝工坊,13915344,0.00,50000.00,,,,租用設備費用,金錢,高雄市新興區****,,否,,,,,,,
41,陳美雅,113年立法委員選舉,首次申報,1120729,雜支支出,晚一點商店,91442434,0.00,8000.00,,,,餐飲費用,金錢,高雄市三民區****,,否,,,,,,,
42,陳美雅,113年立法委員選舉,首次申報,1120730,宣傳支出,順天廣告社,38708764,0.00,30000.00,,,,製作競選物品或宣傳廣告費用,金錢,高雄市仁武區****,,否,,,,,,,
43,陳美雅,113年立法委員選舉,首次申報,1120731,宣傳支出,宏明晒圖行,88889728,0.00,50000.00,,,,製作競選物品或宣傳廣告費用,金錢,臺南市中西區****,,否,,,,,,,
44,陳美雅,113年立法委員選舉,首次申報,1120731,人事費用支出,張惇閎,E12*******,0.00,35000.00,,,,工資或薪津,金錢,高雄市前鎮區****,,否,,,,,,,
45,陳美雅,113年立法委員選舉,首次申報,1120731,人事費用支出,王慈歆,S22*******,0.00,15000.00,,,,工資或薪津,金錢,高雄市大樹區****,,否,,,,,,,
46,陳美雅,113年立法委員選舉,首次申報,1120731,人事費用支出,吳政賢,T12*******,0.00,15000.00,,,,加班費或值班費,金錢,高雄市楠梓區****,,否,,,,,,,
47,陳美雅,113年立法委員選舉,首次申報,1120805,宣傳支出,順天廣告社,38708764,0.00,30000.00,,,,製作競選物品或宣傳廣告費用,金錢,高雄市仁武區****,,否,,,,,,,
48,陳美雅,113年立法委員選舉,首次申報,1120807,雜支支出,亮逸企業社,88940979,0.00,8000.00,,,,餐飲費用,金錢,屏東縣恆春鎮****,,否,,,,,,,
49,陳美雅,113年立法委員選舉,首次申報,1120807,雜支支出,晚一點商店,91442434,0.00,8000.00,,,,餐飲費用,金錢,高雄市三民區****,,否,,,,,,,
50,陳美雅,113年立法委員選舉,首次申報,1120808,雜支支出,中華電信股份有限公司台灣南區電信分公司高雄營運處,19762247,0.00,924.00,,,,電信費用,金錢,高雄市左營區****,,否,,,,,,,
51,陳美雅,113年立法委員選舉,首次申報,1120808,雜支支出,中華電信股份有限公司台灣南區電信分公司高雄營運處,19762247,0.00,1299.00,,,,電信費用,金錢,高雄市左營區****,,否,,,,,,,
52,陳美雅,113年立法委員選舉,首次申報,1120808,雜支支出,中華電信股份有限公司台灣南區電信分公司高雄營運處,19762247,0.00,518.00,,,,電信費用,金錢,高雄市左營區****,,否,,,,,,,
53,陳美雅,113年立法委員選舉,首次申報,1120808,宣傳支出,順天廣告社,38708764,0.00,30000.00,,,,製作競選物品或宣傳廣告費用,金錢,高雄市仁武區****,,否,,,,,,,
54,陳美雅,113年立法委員選舉,首次申報,1120811,雜支支出,富驛飲食店,36922042,0.00,3000.00,,,,餐飲費用,金錢,高雄市鼓山區****,,否,,,,,,,
55,陳美雅,113年立法委員選舉,首次申報,1120811,宣傳支出,光美玻璃行,79118067,0.00,76000.00,,,,製作競選物品或宣傳廣告費用,金錢,高雄市鹽埕區****,,否,,,,,,,
56,陳美雅,113年立法委員選舉,首次申報,1120813,宣傳支出,順天廣告社,38708764,0.00,30000.00,,,,製作競選物品或宣傳廣告費用,金錢,高雄市仁武區****,,否,,,,,,,
57,陳美雅,113年立法委員選舉,首次申報,1120814,雜支支出,台灣優衣庫有限公司高雄九如路店,81122101,0.00,10323.00,,,,雜項購置或修繕費用(工作人員競選背心),金錢,高雄市三民區****,,否,,,,,,,
58,陳美雅,113年立法委員選舉,首次申報,1120820,宣傳支出,佰捌廣告社,25724164,0.00,25000.00,,,,製作競選物品或宣傳廣告費用,金錢,高雄市鳳山區****,,否,,,,,,,
59,陳美雅,113年立法委員選舉,首次申報,1120820,宣傳支出,順天廣告社,38708764,0.00,30000.00,,,,製作競選物品或宣傳廣告費用,金錢,高雄市仁武區****,,否,,,,,,,
60,陳美雅,113年立法委員選舉,首次申報,1120821,雜支支出,晚一點商店,91442434,0.00,8000.00,,,,餐飲費用,金錢,高雄市三民區****,,否,,,,,,,
61,陳美雅,113年立法委員選舉,首次申報,1120822,雜支支出,台灣優衣庫有限公司高雄九如路店,81122101,0.00,2583.00,,,,雜項購置或修繕費用(工作人員競選背心),金錢,高雄市三民區****,,否,,,,,,,
62,陳美雅,113年立法委員選舉,首次申報,1120822,雜支支出,亮逸企業社,88940979,0.00,8000.00,,,,餐飲費用,金錢,屏東縣恆春鎮****,,否,,,,,,,
63,陳美雅,113年立法委員選舉,首次申報,1120824,雜支支出,中華電信股份有限公司台灣南區電信分公司高雄營運處,19762247,0.00,599.00,,,,電信費用,金錢,高雄市左營區****,,否,,,,,,,
64,陳美雅,113年立法委員選舉,首次申報,1120824,雜支支出,中華電信股份有限公司台灣南區電信分公司高雄營運處,19762247,0.00,1819.00,,,,電信費用,金錢,高雄市左營區****,,否,,,,,,,
65,陳美雅,113年立法委員選舉,首次申報,1120824,雜支支出,中華電信股份有限公司台灣南區電信分公司高雄營運處,19762247,0.00,499.00,,,,電信費用,金錢,高雄市左營區****,,否,,,,,,,
66,陳美雅,113年立法委員選舉,首次申報,1120825,雜支支出,富驛飲食店,36922042,0.00,3400.00,,,,餐飲費用,金錢,高雄市鼓山區****,,否,,,,,,,
67,陳美雅,113年立法委員選舉,首次申報,1120825,人事費用支出,郝品鈞,E12*******,0.00,27000.00,,,,工資或薪津,金錢,高雄市苓雅區****,,否,,,,,,,
68,陳美雅,113年立法委員選舉,首次申報,1120826,集會支出,双喜演藝工坊,13915344,0.00,50000.00,,,,租用設備費用,金錢,高雄市新興區****,,否,,,,,,,
69,陳美雅,113年立法委員選舉,首次申報,1120830,宣傳支出,世全興業行,06867514,0.00,800.00,,,,製作競選物品或宣傳廣告費用,金錢,高雄市三民區****,,否,,,,,,,
70,陳美雅,113年立法委員選舉,首次申報,1120830,人事費用支出,李星霈,T22*******,0.00,31684.00,,,,工資或薪津,金錢,屏東縣新園鄉****,,否,,,,,,,
71,陳美雅,113年立法委員選舉,首次申報,1120831,宣傳支出,宏明晒圖行,88889728,0.00,50000.00,,,,製作競選物品或宣傳廣告費用,金錢,臺南市中西區****,,否,,,,,,,
72,陳美雅,113年立法委員選舉,首次申報,1120831,人事費用支出,張惇閎,E12*******,0.00,35000.00,,,,工資或薪津,金錢,高雄市前鎮區****,,否,,,,,,,
73,陳美雅,113年立法委員選舉,首次申報,1120831,人事費用支出,王慈歆,S22*******,0.00,15000.00,,,,工資或薪津,金錢,高雄市大樹區****,,否,,,,,,,
74,陳美雅,113年立法委員選舉,首次申報,1120831,人事費用支出,吳政賢,T12*******,0.00,15000.00,,,,加班費或值班費,金錢,高雄市楠梓區****,,否,,,,,,,
75,陳美雅,113年立法委員選舉,首次申報,1120901,宣傳支出,張季庭,E20*******,0.00,80000.00,,,,租用廣告看板或車體廣告費用,金錢,高雄市新興區****,,否,,,,,,,
76,陳美雅,113年立法委員選舉,首次申報,1120901,人事費用支出,李歆惠,E22*******,0.00,29743.00,,,,工資或薪津,金錢,高雄市苓雅區****,,否,,,,,,,
77,陳美雅,113年立法委員選舉,首次申報,1120904,宣傳支出,國風傳媒有限公司,54340511,0.00,100000.00,,,,播放、傳送或刊登宣傳廣告費用,金錢,臺北市內湖區****,,否,,,,,,,
78,陳美雅,113年立法委員選舉,首次申報,1120905,雜支支出,中華電信股份有限公司台灣南區電信分公司高雄營運處,19762247,0.00,544.00,,,,電信費用,金錢,高雄市左營區****,,否,,,,,,,
79,陳美雅,113年立法委員選舉,首次申報,1120905,雜支支出,亮逸企業社,88940979,0.00,8000.00,,,,餐飲費用,金錢,屏東縣恆春鎮****,,否,,,,,,,
80,陳美雅,113年立法委員選舉,首次申報,1120905,雜支支出,晚一點商店,91442434,0.00,6000.00,,,,餐飲費用,金錢,高雄市三民區****,,否,,,,,,,
81,陳美雅,113年立法委員選舉,首次申報,1120906,宣傳支出,順天廣告社,38708764,0.00,30000.00,,,,製作競選物品或宣傳廣告費用,金錢,高雄市仁武區****,,否,,,,,,,
82,陳美雅,113年立法委員選舉,首次申報,1120907,雜支支出,中華電信股份有限公司台灣南區電信分公司高雄營運處,19762247,0.00,924.00,,,,電信費用,金錢,高雄市左營區****,,否,,,,,,,
83,陳美雅,113年立法委員選舉,首次申報,1120907,雜支支出,中華電信股份有限公司台灣南區電信分公司高雄營運處,19762247,0.00,1299.00,,,,電信費用,金錢,高雄市左營區****,,否,,,,,,,
84,陳美雅,113年立法委員選舉,首次申報,1120907,雜支支出,中華電信股份有限公司台灣南區電信分公司高雄營運處,19762247,0.00,544.00,,,,電信費用,金錢,高雄市左營區****,,否,,,,,,,
85,陳美雅,113年立法委員選舉,首次申報,1120910,宣傳支出,佰捌廣告社,25724164,0.00,25000.00,,,,製作競選物品或宣傳廣告費用,金錢,高雄市鳳山區****,,否,,,,,,,
86,陳美雅,113年立法委員選舉,首次申報,1120910,雜支支出,富驛飲食店,36922042,0.00,3500.00,,,,餐飲費用,金錢,高雄市鼓山區****,,否,,,,,,,
87,陳美雅,113年立法委員選舉,首次申報,1120911,雜支支出,晚一點商店,91442434,0.00,5000.00,,,,餐飲費用,金錢,高雄市三民區****,,否,,,,,,,
88,陳美雅,113年立法委員選舉,首次申報,1120914,宣傳支出,順天廣告社,38708764,0.00,30000.00,,,,製作競選物品或宣傳廣告費用,金錢,高雄市仁武區****,,否,,,,,,,
89,陳美雅,113年立法委員選舉,首次申報,1120915,宣傳支出,黃德傳,,0.00,14000.00,,,,租用廣告看板或車體廣告費用,金錢,高雄市鹽埕區****,,否,,,,,,,
90,陳美雅,113年立法委員選舉,首次申報,1120915,雜支支出,亮逸企業社,88940979,0.00,8000.00,,,,餐飲費用,金錢,屏東縣恆春鎮****,,否,,,,,,,
91,陳美雅,113年立法委員選舉,首次申報,1120919,宣傳支出,順天廣告社,38708764,0.00,30000.00,,,,製作競選物品或宣傳廣告費用,金錢,高雄市仁武區****,,否,,,,,,,
92,陳美雅,113年立法委員選舉,首次申報,1120920,雜支支出,晚一點商店,91442434,0.00,7500.00,,,,餐飲費用,金錢,高雄市三民區****,,否,,,,,,,
93,陳美雅,113年立法委員選舉,首次申報,1120922,宣傳支出,順天廣告社,38708764,0.00,30000.00,,,,製作競選物品或宣傳廣告費用,金錢,高雄市仁武區****,,否,,,,,,,
94,陳美雅,113年立法委員選舉,首次申報,1120923,雜支支出,一零三燒烤,82681216,0.00,1370.00,,,,餐飲費用,金錢,高雄市左營區****,,否,,,,,,,
95,陳美雅,113年立法委員選舉,首次申報,1120925,雜支支出,中華電信股份有限公司台灣南區電信分公司高雄營運處,19762247,0.00,599.00,,,,電信費用,金錢,高雄市左營區****,,否,,,,,,,
96,陳美雅,113年立法委員選舉,首次申報,1120925,雜支支出,中華電信股份有限公司台灣南區電信分公司高雄營運處,19762247,0.00,499.00,,,,電信費用,金錢,高雄市左營區****,,否,,,,,,,
97,陳美雅,113年立法委員選舉,首次申報,1120925,雜支支出,中華電信股份有限公司台灣南區電信分公司高雄營運處,19762247,0.00,1985.00,,,,電信費用,金錢,高雄市左營區****,,否,,,,,,,
98,陳美雅,113年立法委員選舉,首次申報,1120925,雜支支出,富驛飲食店,36922042,0.00,4000.00,,,,餐飲費用,金錢,高雄市鼓山區****,,否,,,,,,,
99,陳美雅,113年立法委員選舉,首次申報,1120927,宣傳支出,順天廣告社,38708764,0.00,30000.00,,,,製作競選物品或宣傳廣告費用,金錢,高雄市仁武區****,,否,,,,,,,
100,陳美雅,113年立法委員選舉,首次申報,1120928,雜支支出,生倚食品有限公司,89759625,0.00,553.00,,,,餐飲費用,金錢,高雄市鼓山區****,,否,,,,,,,
101,陳美雅,113年立法委員選舉,首次申報,1120930,宣傳支出,宏明晒圖行,88889728,0.00,50000.00,,,,製作競選物品或宣傳廣告費用,金錢,臺南市中西區****,,否,,,,,,,
102,陳美雅,113年立法委員選舉,首次申報,1120930,雜支支出,晚一點商店,91442434,0.00,8400.00,,,,餐飲費用,金錢,高雄市三民區****,,否,,,,,,,
103,陳美雅,113年立法委員選舉,首次申報,1120930,人事費用支出,李育毅,E12*******,0.00,22000.00,,,,工資或薪津,金錢,高雄市苓雅區****,,否,,,,,,,
104,陳美雅,113年立法委員選舉,首次申報,1120930,人事費用支出,李晨言,F12*******,0.00,15000.00,,,,工資或薪津,金錢,高雄市苓雅區****,,否,,,,,,,
105,陳美雅,113年立法委員選舉,首次申報,1120930,人事費用支出,王慈歆,S22*******,0.00,15000.00,,,,工資或薪津,金錢,高雄市大樹區****,,否,,,,,,,
106,陳美雅,113年立法委員選舉,首次申報,1120930,人事費用支出,吳政賢,T12*******,0.00,15000.00,,,,加班費或值班費,金錢,高雄市楠梓區****,,否,,,,,,,
107,陳美雅,113年立法委員選舉,首次申報,1121001,雜支支出,亮逸企業社,88940979,0.00,8000.00,,,,餐飲費用,金錢,屏東縣恆春鎮****,,否,,,,,,,
108,陳美雅,113年立法委員選舉,首次申報,1121001,人事費用支出,張惇閎,E12*******,0.00,35000.00,,,,工資或薪津,金錢,高雄市前鎮區****,,否,,,,,,,
109,陳美雅,113年立法委員選舉,首次申報,1121001,人事費用支出,李歆惠,E22*******,0.00,29743.00,,,,工資或薪津,金錢,高雄市苓雅區****,,否,,,,,,,
110,陳美雅,113年立法委員選舉,首次申報,1121001,人事費用支出,王馨慧,E22*******,0.00,29743.00,,,,工資或薪津,金錢,高雄市前鎮區****,,否,,,,,,,
111,陳美雅,113年立法委員選舉,首次申報,1121003,雜支支出,宏淇麵包店,13641871,0.00,480.00,,,,餐飲費用,金錢,高雄市鼓山區****,,否,,,,,,,
112,陳美雅,113年立法委員選舉,首次申報,1121005,雜支支出,中華電信股份有限公司台灣南區電信分公司高雄營運處,19762247,0.00,548.00,,,,電信費用,金錢,高雄市左營區****,,否,,,,,,,
113,陳美雅,113年立法委員選舉,首次申報,1121005,雜支支出,中華電信股份有限公司台灣南區電信分公司高雄營運處,19762247,0.00,924.00,,,,電信費用,金錢,高雄市左營區****,,否,,,,,,,
114,陳美雅,113年立法委員選舉,首次申報,1121005,雜支支出,晚一點商店,91442434,0.00,6000.00,,,,餐飲費用,金錢,高雄市三民區****,,否,,,,,,,
115,陳美雅,113年立法委員選舉,首次申報,1121006,雜支支出,中華電信股份有限公司台灣南區電信分公司高雄營運處,19762247,0.00,1299.00,,,,電信費用,金錢,高雄市左營區****,,否,,,,,,,
116,陳美雅,113年立法委員選舉,首次申報,1121006,宣傳支出,順天廣告社,38708764,0.00,30000.00,,,,製作競選物品或宣傳廣告費用,金錢,高雄市仁武區****,,否,,,,,,,
117,陳美雅,113年立法委員選舉,首次申報,1121008,雜支支出,台灣中油（股）油品行銷事業部高雄營業處中正四路加油站,06892302,0.00,1000.00,,,,汽機車燃料費用,金錢,高雄市前金區****,,否,,,,,,,
118,陳美雅,113年立法委員選舉,首次申報,1121008,雜支支出,宏淇麵包店,13641871,0.00,960.00,,,,餐飲費用,金錢,高雄市鼓山區****,,否,,,,,,,
119,陳美雅,113年立法委員選舉,首次申報,1121008,雜支支出,麥貝加烘焙坊,14573393,0.00,500.00,,,,餐飲費用,金錢,高雄市前鎮區****,,否,,,,,,,
120,陳美雅,113年立法委員選舉,首次申報,1121008,宣傳支出,順天廣告社,38708764,0.00,30000.00,,,,製作競選物品或宣傳廣告費用,金錢,高雄市仁武區****,,否,,,,,,,
121,陳美雅,113年立法委員選舉,首次申報,1121008,雜支支出,枝仔冰城股份有限公司,42632767,0.00,2030.00,,,,餐飲費用,金錢,高雄市左營區****,,否,,,,,,,
122,陳美雅,113年立法委員選舉,首次申報,1121008,雜支支出,枝仔冰城股份有限公司,42632767,0.00,170.00,,,,餐飲費用,金錢,高雄市左營區****,,否,,,,,,,
123,陳美雅,113年立法委員選舉,首次申報,1121010,雜支支出,生津麵包店,76695424,0.00,553.00,,,,餐飲費用,金錢,高雄市苓雅區****,,否,,,,,,,
124,陳美雅,113年立法委員選舉,首次申報,1121011,交通旅運支出,台灣高速鐵路股份有限公司,16446274,0.00,2440.00,,,,搭乘交通工具費用,金錢,臺北市南港區****,,否,,,,,,,
125,陳美雅,113年立法委員選舉,首次申報,1121011,交通旅運支出,台灣高速鐵路股份有限公司,16446274,0.00,2440.00,,,,搭乘交通工具費用,金錢,臺北市南港區****,,否,,,,,,,
126,陳美雅,113年立法委員選舉,首次申報,1121011,宣傳支出,佰捌廣告社,25724164,0.00,25000.00,,,,製作競選物品或宣傳廣告費用,金錢,高雄市鳳山區****,,否,,,,,,,
127,陳美雅,113年立法委員選舉,首次申報,1121013,雜支支出,松詠有限公司-明誠站分公司,42802328,0.00,420.00,,,,汽機車燃料費用,金錢,高雄市鼓山區****,,否,,,,,,,
128,陳美雅,113年立法委員選舉,首次申報,1121013,雜支支出,松詠有限公司-明誠站分公司,42802328,0.00,1140.00,,,,汽機車燃料費用,金錢,高雄市鼓山區****,,否,,,,,,,
129,陳美雅,113年立法委員選舉,首次申報,1121013,雜支支出,雄菱股份有限公司-新生分公司,70408950,0.00,1000.00,,,,汽機車燃料費用,金錢,高雄市前鎮區****,,否,,,,,,,
130,陳美雅,113年立法委員選舉,首次申報,1121013,雜支支出,台灣電力股份有限公司高雄區營業處,79634302,0.00,1250.00,,,,水電瓦斯費用,金錢,高雄市鼓山區****,,否,,,,,,,
131,陳美雅,113年立法委員選舉,首次申報,1121013,雜支支出,台灣電力股份有限公司高雄區營業處,79634302,0.00,168.00,,,,水電瓦斯費用,金錢,高雄市鼓山區****,,否,,,,,,,
132,陳美雅,113年立法委員選舉,首次申報,1121013,雜支支出,台灣電力股份有限公司高雄區營業處,79634302,0.00,1046.00,,,,水電瓦斯費用,金錢,高雄市鼓山區****,,否,,,,,,,
133,陳美雅,113年立法委員選舉,首次申報,1121013,雜支支出,台灣電力股份有限公司高雄區營業處,79634302,0.00,774.00,,,,水電瓦斯費用,金錢,高雄市鼓山區****,,否,,,,,,,
134,陳美雅,113年立法委員選舉,首次申報,1121013,雜支支出,晚一點商店,91442434,0.00,6500.00,,,,餐飲費用,金錢,高雄市三民區****,,否,,,,,,,
135,陳美雅,113年立法委員選舉,首次申報,1121015,雜支支出,富驛飲食店,36922042,0.00,4500.00,,,,餐飲費用,金錢,高雄市鼓山區****,,否,,,,,,,
136,陳美雅,113年立法委員選舉,首次申報,1121016,雜支支出,宏淇麵包店,13641871,0.00,480.00,,,,餐飲費用,金錢,高雄市鼓山區****,,否,,,,,,,
137,陳美雅,113年立法委員選舉,首次申報,1121016,雜支支出,亮逸企業社,88940979,0.00,8000.00,,,,餐飲費用,金錢,屏東縣恆春鎮****,,否,,,,,,,
138,陳美雅,113年立法委員選舉,首次申報,1121017,宣傳支出,順天廣告社,38708764,0.00,30000.00,,,,製作競選物品或宣傳廣告費用,金錢,高雄市仁武區****,,否,,,,,,,
139,陳美雅,113年立法委員選舉,首次申報,1121018,交通旅運支出,台灣高速鐵路股份有限公司,16446274,0.00,2440.00,,,,搭乘交通工具費用,金錢,臺北市南港區****,,否,,,,,,,
140,陳美雅,113年立法委員選舉,首次申報,1121020,雜支支出,存在音樂社,42499705,0.00,8300.00,,,,雜項購置或修繕費用,金錢,臺北市信義區****,,否,,,,,,,
141,陳美雅,113年立法委員選舉,首次申報,1121022,雜支支出,晚一點商店,91442434,0.00,7000.00,,,,餐飲費用,金錢,高雄市三民區****,,否,,,,,,,
142,陳美雅,113年立法委員選舉,首次申報,1121023,宣傳支出,順天廣告社,38708764,0.00,30000.00,,,,製作競選物品或宣傳廣告費用,金錢,高雄市仁武區****,,否,,,,,,,
143,陳美雅,113年立法委員選舉,首次申報,1121024,交通旅運支出,台灣高速鐵路股份有限公司,16446274,0.00,1490.00,,,,搭乘交通工具費用,金錢,臺北市南港區****,,否,,,,,,,
144,陳美雅,113年立法委員選舉,首次申報,1121024,交通旅運支出,台灣高速鐵路股份有限公司,16446274,0.00,2440.00,,,,搭乘交通工具費用,金錢,臺北市南港區****,,否,,,,,,,
145,陳美雅,113年立法委員選舉,首次申報,1121025,宣傳支出,立祿國際股份有限公司,53117042,0.00,275625.00,,,,播放、傳送或刊登宣傳廣告費用,金錢,臺北市松山區****,,否,,,,,,,
146,陳美雅,113年立法委員選舉,首次申報,1121026,交通旅運支出,台灣高速鐵路股份有限公司,16446274,0.00,2440.00,,,,搭乘交通工具費用,金錢,臺北市南港區****,,否,,,,,,,
147,陳美雅,113年立法委員選舉,首次申報,1121026,交通旅運支出,台灣高速鐵路股份有限公司,16446274,0.00,2440.00,,,,搭乘交通工具費用,金錢,臺北市南港區****,,否,,,,,,,
148,陳美雅,113年立法委員選舉,首次申報,1121028,宣傳支出,順天廣告社,38708764,0.00,30000.00,,,,製作競選物品或宣傳廣告費用,金錢,高雄市仁武區****,,否,,,,,,,
149,陳美雅,113年立法委員選舉,首次申報,1121030,人事費用支出,勞動部勞工保險局,03769808,0.00,6954.00,,,,其他因工作酬勞之給付(月勞保費用),金錢,高雄市苓雅區****,,否,,,,,,,
150,陳美雅,113年立法委員選舉,首次申報,1121030,人事費用支出,衛生福利部中央健康保險署,92063874,0.00,4084.00,,,,其他因工作酬勞之給付(月健保費),金錢,高雄市前金區****,,否,,,,,,,
151,陳美雅,113年立法委員選舉,首次申報,1121031,宣傳支出,宏明晒圖行,88889728,0.00,50000.00,,,,製作競選物品或宣傳廣告費用,金錢,臺南市中西區****,,否,,,,,,,
152,陳美雅,113年立法委員選舉,首次申報,1121031,人事費用支出,李育毅,E12*******,0.00,22000.00,,,,工資或薪津,金錢,高雄市苓雅區****,,否,,,,,,,
153,陳美雅,113年立法委員選舉,首次申報,1121031,人事費用支出,沈育漳,E12*******,0.00,5104.00,,,,工資或薪津,金錢,高雄市三民區****,,否,,,,,,,
154,陳美雅,113年立法委員選舉,首次申報,1121031,人事費用支出,李晨言,F12*******,0.00,15000.00,,,,工資或薪津,金錢,高雄市苓雅區****,,否,,,,,,,
155,陳美雅,113年立法委員選舉,首次申報,1121031,人事費用支出,王慈歆,S22*******,0.00,15000.00,,,,工資或薪津,金錢,高雄市大樹區****,,否,,,,,,,
156,陳美雅,113年立法委員選舉,首次申報,1121031,人事費用支出,吳政賢,T12*******,0.00,15000.00,,,,加班費或值班費,金錢,高雄市楠梓區****,,否,,,,,,,
157,陳美雅,113年立法委員選舉,首次申報,1121101,宣傳支出,瀚鼎企業有限公司,59258173,0.00,220500.00,,,,製作競選物品或宣傳廣告費用(包裝飲用水),金錢,高雄市仁武區****,,否,,,,,,,
158,陳美雅,113年立法委員選舉,首次申報,1121101,人事費用支出,張惇閎,E12*******,0.00,35000.00,,,,工資或薪津,金錢,高雄市前鎮區****,,否,,,,,,,
159,陳美雅,113年立法委員選舉,首次申報,1121101,人事費用支出,沈育漳,E12*******,0.00,29743.00,,,,工資或薪津,金錢,高雄市三民區****,,否,,,,,,,
160,陳美雅,113年立法委員選舉,首次申報,1121101,人事費用支出,王馨慧,E22*******,0.00,29743.00,,,,工資或薪津,金錢,高雄市前鎮區****,,否,,,,,,,
161,陳美雅,113年立法委員選舉,首次申報,1121101,人事費用支出,李歆惠,E22*******,0.00,29743.00,,,,工資或薪津,金錢,高雄市苓雅區****,,否,,,,,,,
162,陳美雅,113年立法委員選舉,首次申報,1121102,交通旅運支出,台灣高速鐵路股份有限公司,16446274,0.00,2440.00,,,,搭乘交通工具費用,金錢,臺北市南港區****,,否,,,,,,,
163,陳美雅,113年立法委員選舉,首次申報,1121102,交通旅運支出,台灣高速鐵路股份有限公司,16446274,0.00,1490.00,,,,搭乘交通工具費用,金錢,臺北市南港區****,,否,,,,,,,
164,陳美雅,113年立法委員選舉,首次申報,1121102,宣傳支出,順天廣告社,38708764,0.00,30000.00,,,,製作競選物品或宣傳廣告費用,金錢,高雄市仁武區****,,否,,,,,,,
165,陳美雅,113年立法委員選舉,首次申報,1121102,雜支支出,亮逸企業社,88940979,0.00,8000.00,,,,餐飲費用,金錢,屏東縣恆春鎮****,,否,,,,,,,
166,陳美雅,113年立法委員選舉,首次申報,1121102,雜支支出,晚一點商店,91442434,0.00,5000.00,,,,餐飲費用,金錢,高雄市三民區****,,否,,,,,,,
167,陳美雅,113年立法委員選舉,首次申報,1121104,交通旅運支出,台灣高速鐵路股份有限公司,16446274,0.00,2440.00,,,,搭乘交通工具費用,金錢,臺北市南港區****,,否,,,,,,,
168,陳美雅,113年立法委員選舉,首次申報,1121105,宣傳支出,佰捌廣告社,25724164,0.00,25000.00,,,,製作競選物品或宣傳廣告費用,金錢,高雄市鳳山區****,,否,,,,,,,
169,陳美雅,113年立法委員選舉,首次申報,1121107,宣傳支出,順天廣告社,38708764,0.00,30000.00,,,,製作競選物品或宣傳廣告費用,金錢,高雄市仁武區****,,否,,,,,,,
170,陳美雅,113年立法委員選舉,首次申報,1121108,交通旅運支出,台灣高速鐵路股份有限公司,16446274,0.00,2440.00,,,,搭乘交通工具費用,金錢,臺北市南港區****,,否,,,,,,,
171,陳美雅,113年立法委員選舉,首次申報,1121108,交通旅運支出,台灣高速鐵路股份有限公司,16446274,0.00,1490.00,,,,搭乘交通工具費用,金錢,臺北市南港區****,,否,,,,,,,
172,陳美雅,113年立法委員選舉,首次申報,1121109,公共關係費用支出,卉萍園藝店,10243060,0.00,3000.00,,,,為民服務費用,金錢,高雄市鼓山區****,,否,,,,,,,
173,陳美雅,113年立法委員選舉,首次申報,1121110,公共關係費用支出,卉萍園藝店,10243060,0.00,3000.00,,,,為民服務費用,金錢,高雄市鼓山區****,,否,,,,,,,
174,陳美雅,113年立法委員選舉,首次申報,1121110,雜支支出,晚一點商店,91442434,0.00,6000.00,,,,餐飲費用,金錢,高雄市三民區****,,否,,,,,,,
175,陳美雅,113年立法委員選舉,首次申報,1121111,公共關係費用支出,卉萍園藝店,10243060,0.00,3000.00,,,,為民服務費用,金錢,高雄市鼓山區****,,否,,,,,,,
176,陳美雅,113年立法委員選舉,首次申報,1121111,集會支出,晚一點商店,91442434,0.00,3000.00,,,,餐飲費用,金錢,高雄市三民區****,,否,,,,,,,
177,陳美雅,113年立法委員選舉,首次申報,1121112,宣傳支出,順天廣告社,38708764,0.00,30000.00,,,,製作競選物品或宣傳廣告費用,金錢,高雄市仁武區****,,否,,,,,,,
178,陳美雅,113年立法委員選舉,首次申報,1121113,公共關係費用支出,卉萍園藝店,10243060,0.00,3000.00,,,,為民服務費用,金錢,高雄市鼓山區****,,否,,,,,,,
179,陳美雅,113年立法委員選舉,首次申報,1121113,公共關係費用支出,卉萍園藝店,10243060,0.00,2000.00,,,,為民服務費用,金錢,高雄市鼓山區****,,否,,,,,,,
180,陳美雅,113年立法委員選舉,首次申報,1121113,雜支支出,宏淇麵包店,13641871,0.00,480.00,,,,餐飲費用,金錢,高雄市鼓山區****,,否,,,,,,,
181,陳美雅,113年立法委員選舉,首次申報,1121113,交通旅運支出,台灣高速鐵路股份有限公司,16446274,0.00,1490.00,,,,搭乘交通工具費用,金錢,臺北市南港區****,,否,,,,,,,
182,陳美雅,113年立法委員選舉,首次申報,1121113,宣傳支出,陳瑞霖,E12*******,0.00,30000.00,,,,租用廣告看板或車體廣告費用,金錢,高雄市鼓山區****,,否,,,,,,,
183,陳美雅,113年立法委員選舉,首次申報,1121114,宣傳支出,中華郵政股份有限公司臺北銀局電子郵件科南區作業股,04137838,0.00,84993.00,,,,郵寄競選物品或宣傳廣告費用,金錢,高雄市左營區****,,否,,,,,,,
184,陳美雅,113年立法委員選舉,首次申報,1121115,雜支支出,亮逸企業社,88940979,0.00,8000.00,,,,餐飲費用,金錢,屏東縣恆春鎮****,,否,,,,,,,
185,陳美雅,113年立法委員選舉,首次申報,1121115,雜支支出,晚一點商店,91442434,0.00,7600.00,,,,餐飲費用,金錢,高雄市三民區****,,否,,,,,,,
186,陳美雅,113年立法委員選舉,首次申報,1121116,雜支支出,宏淇麵包店,13641871,0.00,960.00,,,,餐飲費用,金錢,高雄市鼓山區****,,否,,,,,,,
187,陳美雅,113年立法委員選舉,首次申報,1121116,交通旅運支出,台灣高速鐵路股份有限公司,16446274,0.00,2440.00,,,,搭乘交通工具費用,金錢,臺北市南港區****,,否,,,,,,,
188,陳美雅,113年立法委員選舉,首次申報,1121117,宣傳支出,世全興業行,06867514,0.00,10800.00,,,,製作競選物品或宣傳廣告費用,金錢,高雄市三民區****,,否,,,,,,,
189,陳美雅,113年立法委員選舉,首次申報,1121117,雜支支出,新發行,20216470,0.00,1490.00,,,,餐飲費用,金錢,高雄市鼓山區****,,否,,,,,,,
190,陳美雅,113年立法委員選舉,首次申報,1121117,雜支支出,全聯實業股份有限公司-鼓山新疆分公司,24814815,0.00,456.00,,,,餐飲費用,金錢,高雄市鼓山區****,,否,,,,,,,
191,陳美雅,113年立法委員選舉,首次申報,1121117,雜支支出,樹跟企業有限公司,89254998,0.00,180.00,,,,文具用品費用,金錢,高雄市鼓山區****,,否,,,,,,,
192,陳美雅,113年立法委員選舉,首次申報,1121117,人事費用支出,林素鳳,E22*******,0.00,2464.00,,,,工資或薪津,金錢,高雄市鼓山區****,,否,,,,,,,
193,陳美雅,113年立法委員選舉,首次申報,1121118,雜支支出,樹跟企業有限公司,89254998,0.00,28.00,,,,文具用品費用,金錢,高雄市鼓山區****,,否,,,,,,,
194,陳美雅,113年立法委員選舉,首次申報,1121119,雜支支出,永宜美味小吃部,08884200,0.00,8040.00,,,,餐飲費用,金錢,高雄市苓雅區****,,否,,,,,,,
195,陳美雅,113年立法委員選舉,首次申報,1121119,雜支支出,永宜美味小吃部,08884200,0.00,8880.00,,,,餐飲費用,金錢,高雄市苓雅區****,,否,,,,,,,
196,陳美雅,113年立法委員選舉,首次申報,1121119,雜支支出,評茶冷飲店,10260237,0.00,1056.00,,,,餐飲費用,金錢,高雄市鼓山區****,,否,,,,,,,
197,陳美雅,113年立法委員選舉,首次申報,1121119,集會支出,双喜演藝工坊,13915344,0.00,69600.00,,,,租用設備費用,金錢,高雄市三民區****,,否,,,,,,,
198,陳美雅,113年立法委員選舉,首次申報,1121119,雜支支出,雲龍烘培麵包坊,18113060,0.00,2700.00,,,,餐飲費用,金錢,高雄市鹽埕區****,,否,,,,,,,
199,陳美雅,113年立法委員選舉,首次申報,1121119,宣傳支出,順天廣告社,38708764,0.00,30000.00,,,,製作競選物品或宣傳廣告費用,金錢,高雄市仁武區****,,否,,,,,,,
200,陳美雅,113年立法委員選舉,首次申報,1121119,雜支支出,茶的巷飲料店,81100991,0.00,1960.00,,,,餐飲費用,金錢,高雄市鼓山區****,,否,,,,,,,
201,陳美雅,113年立法委員選舉,首次申報,1121119,雜支支出,千草小吃部,81225937,0.00,4000.00,,,,餐飲費用,金錢,高雄市苓雅區****,,否,,,,,,,
202,陳美雅,113年立法委員選舉,首次申報,1121119,雜支支出,樹跟企業有限公司,89254998,0.00,507.00,,,,文具用品費用,金錢,高雄市鼓山區****,,否,,,,,,,
203,陳美雅,113年立法委員選舉,首次申報,1121119,雜支支出,樹跟企業有限公司,89254998,0.00,225.00,,,,文具用品費用,金錢,高雄市鼓山區****,,否,,,,,,,
204,陳美雅,113年立法委員選舉,首次申報,1121119,雜支支出,樹跟企業有限公司,89254998,0.00,368.00,,,,文具用品費用,金錢,高雄市鼓山區****,,否,,,,,,,
205,陳美雅,113年立法委員選舉,首次申報,1121119,雜支支出,樹跟企業有限公司,89254998,0.00,135.00,,,,文具用品費用,金錢,高雄市鼓山區****,,否,,,,,,,
206,陳美雅,113年立法委員選舉,首次申報,1121119,雜支支出,樹跟企業有限公司,89254998,0.00,92.00,,,,文具用品費用,金錢,高雄市鼓山區****,,否,,,,,,,
207,陳美雅,113年立法委員選舉,首次申報,1121119,雜支支出,慕漾分公司,91004835,0.00,4608.00,,,,餐飲費用,金錢,高雄市新興區****,,否,,,,,,,
208,陳美雅,113年立法委員選舉,首次申報,1121119,雜支支出,承味便當店,93252368,0.00,2000.00,,,,餐飲費用,金錢,高雄市新興區****,,否,,,,,,,
209,陳美雅,113年立法委員選舉,首次申報,1121120,雜支支出,宏淇麵包店,13641871,0.00,480.00,,,,餐飲費用,金錢,高雄市鼓山區****,,否,,,,,,,
210,陳美雅,113年立法委員選舉,首次申報,1121120,人事費用支出,魏宏榮,E12*******,0.00,7744.00,,,,工資或薪津,金錢,高雄市鼓山區****,,否,,,,,,,
211,陳美雅,113年立法委員選舉,首次申報,1121121,交通旅運支出,台灣高速鐵路股份有限公司,16446274,0.00,2440.00,,,,搭乘交通工具費用,金錢,臺北市南港區****,,否,,,,,,,
212,陳美雅,113年立法委員選舉,首次申報,1121121,雜支支出,中華電信股份有限公司台灣南區電信分公司高雄營運處,19762247,0.00,599.00,,,,電信費用,金錢,高雄市左營區****,,否,,,,,,,
213,陳美雅,113年立法委員選舉,首次申報,1121121,雜支支出,中華電信股份有限公司台灣南區電信分公司高雄營運處,19762247,0.00,499.00,,,,電信費用,金錢,高雄市左營區****,,否,,,,,,,
214,陳美雅,113年立法委員選舉,首次申報,1121121,雜支支出,中華電信股份有限公司台灣南區電信分公司高雄營運處,19762247,0.00,1654.00,,,,電信費用,金錢,高雄市左營區****,,否,,,,,,,
215,陳美雅,113年立法委員選舉,首次申報,1121121,雜支支出,新發行,20216470,0.00,2250.00,,,,餐飲費用,金錢,高雄市鼓山區****,,否,,,,,,,
216,陳美雅,113年立法委員選舉,首次申報,1121121,雜支支出,樹跟企業有限公司,89254998,0.00,685.00,,,,文具用品費用,金錢,高雄市鼓山區****,,否,,,,,,,
217,陳美雅,113年立法委員選舉,首次申報,1121122,雜支支出,晚一點商店,91442434,0.00,6600.00,,,,餐飲費用,金錢,高雄市三民區****,,否,,,,,,,
218,陳美雅,113年立法委員選舉,首次申報,1121124,公共關係費用支出,卉萍園藝店,10243060,0.00,1000.00,,,,為民服務費用,金錢,高雄市鼓山區****,,否,,,,,,,
219,陳美雅,113年立法委員選舉,首次申報,1121124,公共關係費用支出,卉萍園藝店,10243060,0.00,1000.00,,,,為民服務費用,金錢,高雄市鼓山區****,,否,,,,,,,
220,陳美雅,113年立法委員選舉,首次申報,1121124,公共關係費用支出,卉萍園藝店,10243060,0.00,1000.00,,,,為民服務費用,金錢,高雄市鼓山區****,,否,,,,,,,
221,陳美雅,113年立法委員選舉,首次申報,1121126,宣傳支出,順天廣告社,38708764,0.00,30000.00,,,,製作競選物品或宣傳廣告費用,金錢,高雄市仁武區****,,否,,,,,,,
222,陳美雅,113年立法委員選舉,首次申報,1121127,公共關係費用支出,卉萍園藝店,10243060,0.00,1000.00,,,,為民服務費用,金錢,高雄市鼓山區****,,否,,,,,,,
223,陳美雅,113年立法委員選舉,首次申報,1121127,公共關係費用支出,卉萍園藝店,10243060,0.00,1000.00,,,,為民服務費用,金錢,高雄市鼓山區****,,否,,,,,,,
224,陳美雅,113年立法委員選舉,首次申報,1121128,雜支支出,台灣電力股份有限公司高雄區營業處,79634302,0.00,2224.00,,,,水電瓦斯費用,金錢,高雄市鼓山區****,,否,,,,,,,
225,陳美雅,113年立法委員選舉,首次申報,1121129,雜支支出,健康生活水果行,26471096,0.00,1000.00,,,,餐飲費用,金錢,高雄市苓雅區****,,否,,,,,,,
226,陳美雅,113年立法委員選舉,首次申報,1121129,人事費用支出,郭榮文,E12*******,0.00,95000.00,,,,其他因工作酬勞之給付(民意調查),金錢,高雄市鼓山區****,,否,,,,,,,
227,陳美雅,113年立法委員選舉,首次申報,1121130,人事費用支出,勞動部勞工保險局,03769808,0.00,6954.00,,,,其他因工作酬勞之給付(月勞保費),金錢,高雄市苓雅區****,,否,,,,,,,
228,陳美雅,113年立法委員選舉,首次申報,1121130,交通旅運支出,台灣高速鐵路股份有限公司,16446274,0.00,2440.00,,,,搭乘交通工具費用,金錢,臺北市南港區****,,否,,,,,,,
229,陳美雅,113年立法委員選舉,首次申報,1121130,交通旅運支出,台灣高速鐵路股份有限公司,16446274,0.00,2440.00,,,,搭乘交通工具費用,金錢,臺北市南港區****,,否,,,,,,,
230,陳美雅,113年立法委員選舉,首次申報,1121130,宣傳支出,宏明晒圖行,88889728,0.00,50000.00,,,,製作競選物品或宣傳廣告費用,金錢,臺南市中西區****,,否,,,,,,,
231,陳美雅,113年立法委員選舉,首次申報,1121130,雜支支出,晚一點商店,91442434,0.00,8000.00,,,,餐飲費用,金錢,高雄市三民區****,,否,,,,,,,
232,陳美雅,113年立法委員選舉,首次申報,1121130,人事費用支出,衛生福利部中央健康保險署,92063874,0.00,4084.00,,,,其他因工作酬勞之給付(月健保費),金錢,高雄市前金區****,,否,,,,,,,
233,陳美雅,113年立法委員選舉,首次申報,1121130,人事費用支出,李育毅,E12*******,0.00,22000.00,,,,工資或薪津,金錢,高雄市苓雅區****,,否,,,,,,,
234,陳美雅,113年立法委員選舉,首次申報,1121130,人事費用支出,李晨言,F12*******,0.00,15000.00,,,,工資或薪津,金錢,高雄市苓雅區****,,否,,,,,,,
235,陳美雅,113年立法委員選舉,首次申報,1121130,人事費用支出,王慈歆,S22*******,0.00,15000.00,,,,工資或薪津,金錢,高雄市大樹區****,,否,,,,,,,
236,陳美雅,113年立法委員選舉,首次申報,1121130,人事費用支出,吳政賢,T12*******,0.00,15000.00,,,,加班費或值班費,金錢,高雄市楠梓區****,,否,,,,,,,
237,陳美雅,113年立法委員選舉,首次申報,1121201,雜支支出,新發行,20216470,0.00,1500.00,,,,餐飲費用,金錢,高雄市鼓山區****,,否,,,,,,,
238,陳美雅,113年立法委員選舉,首次申報,1121201,宣傳支出,順天廣告社,38708764,0.00,30000.00,,,,製作競選物品或宣傳廣告費用,金錢,高雄市仁武區****,,否,,,,,,,
239,陳美雅,113年立法委員選舉,首次申報,1121201,雜支支出,松詠有限公司-明誠站分公司,42802328,0.00,1200.00,,,,汽機車燃料費用,金錢,高雄市鼓山區****,,否,,,,,,,
240,陳美雅,113年立法委員選舉,首次申報,1121201,雜支支出,生倚食品有限公司,89759625,0.00,618.00,,,,餐飲費用,金錢,高雄市鼓山區****,,否,,,,,,,
241,陳美雅,113年立法委員選舉,首次申報,1121201,人事費用支出,沈育漳,E12*******,0.00,29743.00,,,,工資或薪津,金錢,高雄市三民區****,,否,,,,,,,
242,陳美雅,113年立法委員選舉,首次申報,1121201,人事費用支出,張惇閎,E12*******,0.00,35000.00,,,,工資或薪津,金錢,高雄市前鎮區****,,否,,,,,,,
243,陳美雅,113年立法委員選舉,首次申報,1121201,人事費用支出,李歆惠,E22*******,0.00,29743.00,,,,工資或薪津,金錢,高雄市苓雅區****,,否,,,,,,,
244,陳美雅,113年立法委員選舉,首次申報,1121201,人事費用支出,王馨慧,E22*******,0.00,29743.00,,,,工資或薪津,金錢,高雄市前鎮區****,,否,,,,,,,
245,陳美雅,113年立法委員選舉,首次申報,1121202,雜支支出,台灣優衣庫有限公司高雄九如路店,81122101,0.00,9033.00,,,,雜項購置或修繕費用(工作人員選舉外套),金錢,高雄市三民區****,,否,,,,,,,
246,陳美雅,113年立法委員選舉,首次申報,1121202,雜支支出,晚一點商店,91442434,0.00,6500.00,,,,餐飲費用,金錢,高雄市三民區****,,否,,,,,,,
247,陳美雅,113年立法委員選舉,首次申報,1121203,雜支支出,雲龍烘培麵包坊,18113060,0.00,400.00,,,,餐飲費用,金錢,高雄市鹽埕區****,,否,,,,,,,
248,陳美雅,113年立法委員選舉,首次申報,1121203,雜支支出,亮逸企業社,88940979,0.00,8000.00,,,,餐飲費用,金錢,屏東縣恆春鎮****,,否,,,,,,,
249,陳美雅,113年立法委員選舉,首次申報,1121204,公共關係費用支出,卉萍園藝店,10243060,0.00,1000.00,,,,為民服務費用(蘭花禮籃),金錢,高雄市鼓山區****,,否,,,,,,,
250,陳美雅,113年立法委員選舉,首次申報,1121204,雜支支出,清新健康生活蔬果行,85467978,0.00,500.00,,,,餐飲費用,金錢,高雄市新興區****,,否,,,,,,,
251,陳美雅,113年立法委員選舉,首次申報,1121204,雜支支出,樹跟企業有限公司,89254998,0.00,79.00,,,,文具用品費用,金錢,高雄市鼓山區****,,否,,,,,,,
252,陳美雅,113年立法委員選舉,首次申報,1121205,雜支支出,中華電信股份有限公司台灣南區電信分公司高雄營運處,19762247,0.00,539.00,,,,電信費用,金錢,高雄市左營區****,,否,,,,,,,
253,陳美雅,113年立法委員選舉,首次申報,1121205,雜支支出,生津麵包店,76695424,0.00,1105.00,,,,餐飲費用,金錢,高雄市苓雅區****,,否,,,,,,,
254,陳美雅,113年立法委員選舉,首次申報,1121205,人事費用支出,魏宏榮,E12*******,0.00,3696.00,,,,工資或薪津,金錢,高雄市鼓山區****,,否,,,,,,,
255,陳美雅,113年立法委員選舉,首次申報,1121206,雜支支出,中華電信股份有限公司台灣南區電信分公司高雄營運處,19762247,0.00,1299.00,,,,電信費用,金錢,高雄市左營區****,,否,,,,,,,
256,陳美雅,113年立法委員選舉,首次申報,1121206,宣傳支出,順天廣告社,38708764,0.00,30000.00,,,,製作競選物品或宣傳廣告費用,金錢,高雄市仁武區****,,否,,,,,,,
257,陳美雅,113年立法委員選舉,首次申報,1121206,雜支支出,松詠有限公司-明誠站分公司,42802328,0.00,1136.00,,,,汽機車燃料費用,金錢,高雄市鼓山區****,,否,,,,,,,
258,陳美雅,113年立法委員選舉,首次申報,1121206,雜支支出,台灣電力股份有限公司高雄區營業處,79634302,0.00,1160.00,,,,水電瓦斯費用,金錢,高雄市鼓山區****,,否,,,,,,,
259,陳美雅,113年立法委員選舉,首次申報,1121206,雜支支出,台灣電力股份有限公司高雄區營業處,79634302,0.00,1045.00,,,,水電瓦斯費用,金錢,高雄市鼓山區****,,否,,,,,,,
260,陳美雅,113年立法委員選舉,首次申報,1121206,雜支支出,台灣電力股份有限公司高雄區營業處,79634302,0.00,163.00,,,,水電瓦斯費用,金錢,高雄市鼓山區****,,否,,,,,,,
261,陳美雅,113年立法委員選舉,首次申報,1121206,雜支支出,台灣電力股份有限公司高雄區營業處,79634302,0.00,751.00,,,,水電瓦斯費用,金錢,高雄市鼓山區****,,否,,,,,,,
262,陳美雅,113年立法委員選舉,首次申報,1121206,宣傳支出,中華郵政股份有限公司高雄前峰郵局,83638580,0.00,10.00,,,,郵寄競選物品或宣傳廣告費用,金錢,高雄市鼓山區****,,否,,,,,,,
263,陳美雅,113年立法委員選舉,首次申報,1121207,宣傳支出,廖傳宗,E12*******,0.00,25000.00,,,,租用廣告看板或車體廣告費用,金錢,高雄市新興區****,,否,,,,,,,
264,陳美雅,113年立法委員選舉,首次申報,1121207,宣傳支出,蘇珠俗,R20*******,0.00,20000.00,,,,租用廣告看板或車體廣告費用,金錢,高雄市苓雅區****,,否,,,,,,,
265,陳美雅,113年立法委員選舉,首次申報,1121208,公共關係費用支出,卉萍園藝店,10243060,0.00,1000.00,,,,為民服務費用,金錢,高雄市鼓山區****,,否,,,,,,,
266,陳美雅,113年立法委員選舉,首次申報,1121208,宣傳支出,中華郵政股份有限公司新興郵局,76004462,0.00,7196.00,,,,郵寄競選物品或宣傳廣告費用,金錢,高雄市新興區****,,否,,,,,,,
267,陳美雅,113年立法委員選舉,首次申報,1121208,雜支支出,裕誠照相館,93964269,0.00,220.00,,,,雜項購置或修繕費用,金錢,高雄市鼓山區****,,否,,,,,,,
268,陳美雅,113年立法委員選舉,首次申報,1121209,雜支支出,台灣中油股份有限公司油品行銷事業部高雄營業處成功一路加油站,06892339,0.00,1000.00,,,,汽機車燃料費用,金錢,高雄市前金區****,,否,,,,,,,
269,陳美雅,113年立法委員選舉,首次申報,1121209,公共關係費用支出,卉萍園藝店,10243060,0.00,1000.00,,,,為民服務費用,金錢,高雄市鼓山區****,,否,,,,,,,
270,陳美雅,113年立法委員選舉,首次申報,1121209,雜支支出,科隆攝影器材行,81166199,0.00,9300.00,,,,雜項購置或修繕費用,金錢,高雄市鹽埕區****,,否,,,,,,,
271,陳美雅,113年立法委員選舉,首次申報,1121209,雜支支出,亞吉聯創有限公司裕誠營業所,91497063,0.00,1430.00,,,,雜項購置或修繕費用,金錢,高雄市鼓山區****,,否,,,,,,,
272,陳美雅,113年立法委員選舉,首次申報,1121210,人事費用支出,魏宏榮,E12*******,0.00,6424.00,,,,工資或薪津,金錢,高雄市鼓山區****,,否,,,,,,,
273,陳美雅,113年立法委員選舉,首次申報,1121211,宣傳支出,中華郵政股份有限公司新興郵局,76004462,0.00,15775.00,,,,郵寄競選物品或宣傳廣告費用,金錢,高雄市新興區****,,否,,,,,,,
274,陳美雅,113年立法委員選舉,首次申報,1121211,雜支支出,生津麵包店,76695424,0.00,553.00,,,,餐飲費用,金錢,高雄市苓雅區****,,否,,,,,,,
275,陳美雅,113年立法委員選舉,首次申報,1121211,宣傳支出,中華郵政股份有限公司高雄前峰郵局,83638580,0.00,202.00,,,,郵寄競選物品或宣傳廣告費用,金錢,高雄市鼓山區****,,否,,,,,,,
276,陳美雅,113年立法委員選舉,首次申報,1121211,雜支支出,亮逸企業社,88940979,0.00,8000.00,,,,餐飲費用,金錢,屏東縣恆春鎮****,,否,,,,,,,
277,陳美雅,113年立法委員選舉,首次申報,1121211,雜支支出,晚一點商店,91442434,0.00,3500.00,,,,餐飲費用,金錢,高雄市三民區****,,否,,,,,,,
278,陳美雅,113年立法委員選舉,首次申報,1121212,雜支支出,世全興業行,06867514,0.00,2450.00,,,,雜項購置或修繕費用,金錢,高雄市三民區****,,否,,,,,,,
279,陳美雅,113年立法委員選舉,首次申報,1121212,公共關係費用支出,卉萍園藝店,10243060,0.00,3000.00,,,,為民服務費用,金錢,高雄市鼓山區****,,否,,,,,,,
280,陳美雅,113年立法委員選舉,首次申報,1121212,公共關係費用支出,卉萍園藝店,10243060,0.00,1500.00,,,,為民服務費用,金錢,高雄市鼓山區****,,否,,,,,,,
281,陳美雅,113年立法委員選舉,首次申報,1121212,雜支支出,富利餐飲股份有限公司-高雄三多分公司,27725610,0.00,254.00,,,,餐飲費用,金錢,高雄市苓雅區****,,否,,,,,,,
282,陳美雅,113年立法委員選舉,首次申報,1121212,雜支支出,樹跟企業有限公司,89254998,0.00,79.00,,,,文具用品費用,金錢,高雄市鼓山區****,,否,,,,,,,
283,陳美雅,113年立法委員選舉,首次申報,1121213,宣傳支出,順天廣告社,38708764,0.00,30000.00,,,,製作競選物品或宣傳廣告費用,金錢,高雄市仁武區****,,否,,,,,,,
284,陳美雅,113年立法委員選舉,首次申報,1121213,雜支支出,台灣屈臣氏個人用品商店股份有限公司內惟分公司,51707182,0.00,258.00,,,,雜項購置或修繕費用,金錢,高雄市鼓山區****,,否,,,,,,,
285,陳美雅,113年立法委員選舉,首次申報,1121213,雜支支出,生津麵包店,76695424,0.00,553.00,,,,餐飲費用,金錢,高雄市苓雅區****,,否,,,,,,,
286,陳美雅,113年立法委員選舉,首次申報,1121213,宣傳支出,中華郵政股份有限公司高雄前峰郵局,83638580,0.00,95.00,,,,郵寄競選物品或宣傳廣告費用,金錢,高雄市鼓山區****,,否,,,,,,,
287,陳美雅,113年立法委員選舉,首次申報,1121213,宣傳支出,中華郵政股份有限公司高雄前峰郵局,83638580,0.00,84.00,,,,郵寄競選物品或宣傳廣告費用,金錢,高雄市鼓山區****,,否,,,,,,,
288,陳美雅,113年立法委員選舉,首次申報,1121213,宣傳支出,石玉琳,N12*******,0.00,20000.00,,,,租用廣告看板或車體廣告費用,金錢,高雄市苓雅區****,,否,,,,,,,
289,陳美雅,113年立法委員選舉,首次申報,1121214,公共關係費用支出,卉萍園藝店,10243060,0.00,1000.00,,,,為民服務費用,金錢,高雄市鼓山區****,,否,,,,,,,
290,陳美雅,113年立法委員選舉,首次申報,1121214,雜支支出,松詠有限公司-明誠站分公司,42802328,0.00,585.00,,,,汽機車燃料費用,金錢,高雄市鼓山區****,,否,,,,,,,
291,陳美雅,113年立法委員選舉,首次申報,1121214,宣傳支出,快樂廣播事業股份有限公司,89281812,0.00,70000.00,,,,播放、傳送或刊登宣傳廣告費用,金錢,高雄市苓雅區****,,否,,,,,,,
292,陳美雅,113年立法委員選舉,首次申報,1121214,雜支支出,生倚食品有限公司,89759625,0.00,500.00,,,,餐飲費用,金錢,高雄市鼓山區****,,否,,,,,,,
293,陳美雅,113年立法委員選舉,首次申報,1121215,雜支支出,光華加油站有限公司,22842688,0.00,1000.00,,,,汽機車燃料費用,金錢,高雄市苓雅區****,,否,,,,,,,
294,陳美雅,113年立法委員選舉,首次申報,1121215,宣傳支出,佰捌廣告社,25724164,0.00,25000.00,,,,製作競選物品或宣傳廣告費用,金錢,高雄市鳳山區****,,否,,,,,,,
295,陳美雅,113年立法委員選舉,首次申報,1121215,雜支支出,松詠有限公司-明誠站分公司,42802328,0.00,1041.00,,,,汽機車燃料費用,金錢,高雄市鼓山區****,,否,,,,,,,
296,陳美雅,113年立法委員選舉,首次申報,1121215,雜支支出,樹跟企業有限公司,89254998,0.00,330.00,,,,文具用品費用,金錢,高雄市鼓山區****,,否,,,,,,,
297,陳美雅,113年立法委員選舉,首次申報,1121216,公共關係費用支出,卉萍園藝店,10243060,0.00,2000.00,,,,為民服務費用,金錢,高雄市鼓山區****,,否,,,,,,,
298,陳美雅,113年立法委員選舉,首次申報,1121216,公共關係費用支出,卉萍園藝店,10243060,0.00,1000.00,,,,為民服務費用,金錢,高雄市鼓山區****,,否,,,,,,,
299,陳美雅,113年立法委員選舉,首次申報,1121216,雜支支出,哈客資訊廣場有限公司,16465779,0.00,1212.00,,,,雜項購置或修繕費用,金錢,高雄市三民區****,,否,,,,,,,
300,陳美雅,113年立法委員選舉,首次申報,1121219,宣傳支出,順天廣告社,38708764,0.00,30000.00,,,,製作競選物品或宣傳廣告費用,金錢,高雄市仁武區****,,否,,,,,,,
301,陳美雅,113年立法委員選舉,首次申報,1121220,租用宣傳車輛支出,宏大企業社,20497892,0.00,25600.00,,,,租用宣傳車輛費用,金錢,高雄市鹽埕區****,,否,,,,,,,
302,陳美雅,113年立法委員選舉,首次申報,1121220,雜支支出,晚一點商店,91442434,0.00,4000.00,,,,餐飲費用,金錢,高雄市三民區****,,否,,,,,,,
303,陳美雅,113年立法委員選舉,首次申報,1121221,雜支支出,昌榮商行,21332455,0.00,2132.00,,,,餐飲費用,金錢,高雄市三民區****,,否,,,,,,,
304,陳美雅,113年立法委員選舉,首次申報,1121221,宣傳支出,順天廣告社,38708764,0.00,30000.00,,,,製作競選物品或宣傳廣告費用,金錢,高雄市仁武區****,,否,,,,,,,
305,陳美雅,113年立法委員選舉,首次申報,1121221,宣傳支出,黃長吉,S10*******,0.00,13000.00,,,,租用廣告看板或車體廣告費用,金錢,高雄市苓雅區****,,否,,,,,,,
306,陳美雅,113年立法委員選舉,首次申報,1121221,宣傳支出,莊鈴音,S20*******,0.00,35000.00,,,,租用廣告看板或車體廣告費用,金錢,高雄市鹽埕區****,,否,,,,,,,
307,陳美雅,113年立法委員選舉,首次申報,1121222,雜支支出,阡榮糖果行,08918449,0.00,2458.00,,,,餐飲費用,金錢,高雄市三民區****,,否,,,,,,,
308,陳美雅,113年立法委員選舉,首次申報,1121222,公共關係費用支出,卉萍園藝店,10243060,0.00,1000.00,,,,為民服務費用,金錢,高雄市鼓山區****,,否,,,,,,,
309,陳美雅,113年立法委員選舉,首次申報,1121222,交通旅運支出,台灣高速鐵路股份有限公司,16446274,0.00,2440.00,,,,搭乘交通工具費用,金錢,臺北市南港區****,,否,,,,,,,
310,陳美雅,113年立法委員選舉,首次申報,1121222,雜支支出,樹跟企業有限公司,89254998,0.00,100.00,,,,汽機車燃料費用,金錢,高雄市鼓山區****,,否,,,,,,,
311,陳美雅,113年立法委員選舉,首次申報,1121225,雜支支出,中華電信股份有限公司台灣南區電信分公司高雄營運處,19762247,0.00,225.00,,,,電信費用,金錢,高雄市左營區****,,否,,,,,,,
312,陳美雅,113年立法委員選舉,首次申報,1121225,雜支支出,中華電信股份有限公司台灣南區電信分公司高雄營運處,19762247,0.00,1675.00,,,,電信費用,金錢,高雄市左營區****,,否,,,,,,,
313,陳美雅,113年立法委員選舉,首次申報,1121225,雜支支出,中華電信股份有限公司台灣南區電信分公司高雄營運處,19762247,0.00,499.00,,,,電信費用,金錢,高雄市左營區****,,否,,,,,,,
314,陳美雅,113年立法委員選舉,首次申報,1121225,雜支支出,中華電信股份有限公司台灣南區電信分公司高雄營運處,19762247,0.00,599.00,,,,電信費用,金錢,高雄市左營區****,,否,,,,,,,
315,陳美雅,113年立法委員選舉,首次申報,1121226,雜支支出,樹跟企業有限公司,89254998,0.00,110.00,,,,文具用品費用,金錢,高雄市鼓山區****,,否,,,,,,,
316,陳美雅,113年立法委員選舉,首次申報,1121226,雜支支出,晚一點商店,91442434,0.00,6000.00,,,,餐飲費用,金錢,高雄市三民區****,,否,,,,,,,
317,陳美雅,113年立法委員選舉,首次申報,1121227,租用宣傳車輛支出,倍適特科技有限公司,53232633,0.00,161700.00,,,,租用宣傳車輛費用,金錢,高雄市苓雅區****,,否,,,,,,,
318,陳美雅,113年立法委員選舉,首次申報,1121228,交通旅運支出,台灣高速鐵路股份有限公司,16446274,0.00,2440.00,,,,搭乘交通工具費用,金錢,臺北市南港區****,,否,,,,,,,
319,陳美雅,113年立法委員選舉,首次申報,1121228,租用宣傳車輛支出,宏大企業社,20497892,0.00,25600.00,,,,租用宣傳車輛費用,金錢,高雄市鹽埕區****,,否,,,,,,,
320,陳美雅,113年立法委員選舉,首次申報,1121228,人事費用支出,魏宏榮,E12*******,0.00,5456.00,,,,工資或薪津,金錢,高雄市鼓山區****,,否,,,,,,,
321,陳美雅,113年立法委員選舉,首次申報,1121229,公共關係費用支出,卉萍園藝店,10243060,0.00,1000.00,,,,為民服務費用,金錢,高雄市鼓山區****,,否,,,,,,,
322,陳美雅,113年立法委員選舉,首次申報,1121229,宣傳支出,順天廣告社,38708764,0.00,30000.00,,,,製作競選物品或宣傳廣告費用,金錢,高雄市仁武區****,,否,,,,,,,
323,陳美雅,113年立法委員選舉,首次申報,1121229,雜支支出,松詠有限公司-明誠站分公司,42802328,0.00,688.00,,,,汽機車燃料費用,金錢,高雄市鼓山區****,,否,,,,,,,
324,陳美雅,113年立法委員選舉,首次申報,1121230,雜支支出,台灣中油股份有限公司油品行銷事業部高雄營業處左營加油站,06932542,0.00,1000.00,,,,汽機車燃料費用,金錢,高雄市左營區****,,否,,,,,,,
325,陳美雅,113年立法委員選舉,首次申報,1121230,雜支支出,台灣中油股份有限公司油品行銷事業部高雄鼓山三路加油站,07802835,0.00,579.00,,,,汽機車燃料費用,金錢,高雄市鼓山區****,,否,,,,,,,
326,陳美雅,113年立法委員選舉,首次申報,1121230,雜支支出,台灣中油股份有限公司油品行銷事業部高雄鼓山三路加油站,07802835,0.00,149.00,,,,汽機車燃料費用,金錢,高雄市鼓山區****,,否,,,,,,,
327,陳美雅,113年立法委員選舉,首次申報,1121230,雜支支出,成功一號美食店,08951039,0.00,2200.00,,,,餐飲費用,金錢,高雄市苓雅區****,,否,,,,,,,
328,陳美雅,113年立法委員選舉,首次申報,1121230,租用宣傳車輛支出,祝安企業社,09088667,0.00,8000.00,,,,租用宣傳車輛費用,金錢,屏東縣東港鎮****,,否,,,,,,,
329,陳美雅,113年立法委員選舉,首次申報,1121230,公共關係費用支出,卉萍園藝店,10243060,0.00,1000.00,,,,為民服務費用,金錢,高雄市鼓山區****,,否,,,,,,,
330,陳美雅,113年立法委員選舉,首次申報,1121230,雜支支出,鴻向茶飲專賣店,41276190,0.00,900.00,,,,餐飲費用,金錢,高雄市苓雅區****,,否,,,,,,,
331,陳美雅,113年立法委員選舉,首次申報,1121230,雜支支出,統一超商股份有限公司-高雄巿第八十分公司,86924832,0.00,525.00,,,,餐飲費用,金錢,高雄市苓雅區****,,否,,,,,,,
332,陳美雅,113年立法委員選舉,首次申報,1121230,雜支支出,晚一點商店,91442434,0.00,5000.00,,,,餐飲費用,金錢,高雄市三民區****,,否,,,,,,,
333,陳美雅,113年立法委員選舉,首次申報,1121231,人事費用支出,勞動部勞工保險局,03769808,0.00,9503.00,,,,其他因工作酬勞之給付(月勞保費),金錢,高雄市苓雅區****,,否,,,,,,,
334,陳美雅,113年立法委員選舉,首次申報,1121231,雜支支出,台灣中油（股）油品行銷事業部高雄營業處大義街加油站,06892289,0.00,1000.00,,,,汽機車燃料費用,金錢,高雄市鹽埕區****,,否,,,,,,,
335,陳美雅,113年立法委員選舉,首次申報,1121231,雜支支出,生津麵包店,76695424,0.00,553.00,,,,餐飲費用,金錢,高雄市苓雅區****,,否,,,,,,,
336,陳美雅,113年立法委員選舉,首次申報,1121231,宣傳支出,宏明晒圖行,88889728,0.00,50000.00,,,,製作競選物品或宣傳廣告費用,金錢,臺南市中西區****,,否,,,,,,,
337,陳美雅,113年立法委員選舉,首次申報,1121231,人事費用支出,衛生福利部中央健康保險署,92063874,0.00,6126.00,,,,其他因工作酬勞之給付(月健保費),金錢,高雄市前金區****,,否,,,,,,,
338,陳美雅,113年立法委員選舉,首次申報,1121231,租用宣傳車輛支出,鄭允祥,E12*******,0.00,2600.00,,,,雇用宣傳車輛駕駛費用,金錢,高雄市旗津區****,,否,,,,,,,
339,陳美雅,113年立法委員選舉,首次申報,1121231,人事費用支出,李育毅,E12*******,0.00,22000.00,,,,工資或薪津,金錢,高雄市苓雅區****,,否,,,,,,,
340,陳美雅,113年立法委員選舉,首次申報,1121231,人事費用支出,李晨言,F12*******,0.00,15000.00,,,,工資或薪津,金錢,高雄市苓雅區****,,否,,,,,,,
341,陳美雅,113年立法委員選舉,首次申報,1121231,租用宣傳車輛支出,廖梓程,P10*******,0.00,28512.00,,,,雇用宣傳車輛駕駛費用,金錢,高雄市鼓山區****,,否,,,,,,,
342,陳美雅,113年立法委員選舉,首次申報,1121231,人事費用支出,王慈歆,S22*******,0.00,15000.00,,,,工資或薪津,金錢,高雄市大樹區****,,否,,,,,,,
343,陳美雅,113年立法委員選舉,首次申報,1121231,租用宣傳車輛支出,陳坤模,T10*******,0.00,13000.00,,,,雇用宣傳車輛駕駛費用,金錢,高雄市苓雅區****,,否,,,,,,,
344,陳美雅,113年立法委員選舉,首次申報,1121231,人事費用支出,吳政賢,T12*******,0.00,15000.00,,,,加班費或值班費,金錢,高雄市楠梓區****,,否,,,,,,,
345,陳美雅,113年立法委員選舉,首次申報,1130101,雜支支出,台灣中油股份有限公司油品行銷事業部高雄鼓山三路加油站,07802835,0.00,620.00,,,,汽機車燃料費用,金錢,高雄市鼓山區****,,否,,,,,,,
346,陳美雅,113年立法委員選舉,首次申報,1130101,雜支支出,松詠有限公司-明誠站分公司,42802328,0.00,687.00,,,,汽機車燃料費用,金錢,高雄市鼓山區****,,否,,,,,,,
347,陳美雅,113年立法委員選舉,首次申報,1130101,雜支支出,裕成排骨店,71080980,0.00,380.00,,,,餐飲費用,金錢,高雄市鼓山區****,,否,,,,,,,
348,陳美雅,113年立法委員選舉,首次申報,1130101,雜支支出,亮逸企業社,88940979,0.00,8000.00,,,,餐飲費用,金錢,屏東縣恆春鎮****,,否,,,,,,,
349,陳美雅,113年立法委員選舉,首次申報,1130101,租用宣傳車輛支出,鄭允祥,E12*******,0.00,1300.00,,,,雇用宣傳車輛駕駛費用,金錢,高雄市旗津區****,,否,,,,,,,
350,陳美雅,113年立法委員選舉,首次申報,1130101,人事費用支出,張惇閎,E12*******,0.00,35000.00,,,,工資或薪津,金錢,高雄市前鎮區****,,否,,,,,,,
351,陳美雅,113年立法委員選舉,首次申報,1130101,人事費用支出,沈育漳,E12*******,0.00,29743.00,,,,工資或薪津,金錢,高雄市三民區****,,否,,,,,,,
352,陳美雅,113年立法委員選舉,首次申報,1130101,人事費用支出,李歆惠,E22*******,0.00,29743.00,,,,工資或薪津,金錢,高雄市苓雅區****,,否,,,,,,,
353,陳美雅,113年立法委員選舉,首次申報,1130102,雜支支出,台灣中油（股）油品行銷事業部高雄營業處大義街加油站,06892289,0.00,1000.00,,,,汽機車燃料費用,金錢,高雄市鹽埕區****,,否,,,,,,,
354,陳美雅,113年立法委員選舉,首次申報,1130102,雜支支出,台灣中油股份有限公司油品行銷事業部高雄營業處成功一路加油站,06892339,0.00,700.00,,,,汽機車燃料費用,金錢,高雄市前金區****,,否,,,,,,,
355,陳美雅,113年立法委員選舉,首次申報,1130102,雜支支出,富驛飲食店,36922042,0.00,1080.00,,,,餐飲費用,金錢,高雄市鼓山區****,,否,,,,,,,
356,陳美雅,113年立法委員選舉,首次申報,1130102,人事費用支出,王馨慧,E22*******,0.00,29743.00,,,,工資或薪津,金錢,高雄市前鎮區****,,否,,,,,,,
357,陳美雅,113年立法委員選舉,首次申報,1130103,雜支支出,台灣中油（股）油品行銷事業部高雄營業處大義街加油站,06892289,0.00,200.00,,,,汽機車燃料費用,金錢,高雄市鹽埕區****,,否,,,,,,,
358,陳美雅,113年立法委員選舉,首次申報,1130103,雜支支出,台灣中油（股）油品行銷事業部高雄營業處大義街加油站,06892289,0.00,1000.00,,,,汽機車燃料費用,金錢,高雄市鹽埕區****,,否,,,,,,,
359,陳美雅,113年立法委員選舉,首次申報,1130103,雜支支出,台灣中油股份有限公司油品行銷事業部高雄鼓山三路加油站,07802835,0.00,481.00,,,,汽機車燃料費用,金錢,高雄市鼓山區****,,否,,,,,,,
360,陳美雅,113年立法委員選舉,首次申報,1130103,宣傳支出,竣宥多媒體企業社,10290210,0.00,70000.00,,,,播放、傳送或刊登宣傳廣告費用,金錢,高雄市大寮區****,,否,,,,,,,
361,陳美雅,113年立法委員選舉,首次申報,1130103,雜支支出,晚一點商店,91442434,0.00,7000.00,,,,餐飲費用,金錢,高雄市三民區****,,否,,,,,,,
362,陳美雅,113年立法委員選舉,首次申報,1130103,宣傳支出,新新聞報社,99061210,0.00,30000.00,,,,播放、傳送或刊登宣傳廣告費用,金錢,高雄市前金區****,,否,,,,,,,
363,陳美雅,113年立法委員選舉,首次申報,1130104,雜支支出,富驛飲食店,36922042,0.00,170.00,,,,餐飲費用,金錢,高雄市鼓山區****,,否,,,,,,,
364,陳美雅,113年立法委員選舉,首次申報,1130104,雜支支出,富驛飲食店,36922042,0.00,2450.00,,,,餐飲費用,金錢,高雄市鼓山區****,,否,,,,,,,
365,陳美雅,113年立法委員選舉,首次申報,1130104,雜支支出,松詠有限公司-明誠站分公司,42802328,0.00,1180.00,,,,汽機車燃料費用,金錢,高雄市鼓山區****,,否,,,,,,,
366,陳美雅,113年立法委員選舉,首次申報,1130104,雜支支出,樹跟企業有限公司,89254998,0.00,560.00,,,,文具用品費用,金錢,高雄市鼓山區****,,否,,,,,,,
367,陳美雅,113年立法委員選舉,首次申報,1130104,租用宣傳車輛支出,鄭允祥,E12*******,0.00,5200.00,,,,雇用宣傳車輛駕駛費用,金錢,高雄市旗津區****,,否,,,,,,,
368,陳美雅,113年立法委員選舉,首次申報,1130105,雜支支出,台灣中油（股）油品行銷事業部高雄營業處大義街加油站,06892289,0.00,1000.00,,,,汽機車燃料費用,金錢,高雄市鹽埕區****,,否,,,,,,,
369,陳美雅,113年立法委員選舉,首次申報,1130105,雜支支出,台灣中油（股）油品行銷事業部高雄營業處大義街加油站,06892289,0.00,700.00,,,,汽機車燃料費用,金錢,高雄市鹽埕區****,,否,,,,,,,
370,陳美雅,113年立法委員選舉,首次申報,1130105,租用宣傳車輛支出,宏大企業社,20497892,0.00,25600.00,,,,租用宣傳車輛費用,金錢,高雄市鹽埕區****,,否,,,,,,,
371,陳美雅,113年立法委員選舉,首次申報,1130105,宣傳支出,順天廣告社,38708764,0.00,30000.00,,,,製作競選物品或宣傳廣告費用,金錢,高雄市仁武區****,,否,,,,,,,
372,陳美雅,113年立法委員選舉,首次申報,1130105,雜支支出,松詠有限公司-明誠站分公司,42802328,0.00,700.00,,,,汽機車燃料費用,金錢,高雄市鼓山區****,,否,,,,,,,
373,陳美雅,113年立法委員選舉,首次申報,1130105,集會支出,晚一點商店,91442434,0.00,3500.00,,,,餐飲費用,金錢,高雄市三民區****,,否,,,,,,,
374,陳美雅,113年立法委員選舉,首次申報,1130105,雜支支出,原物餐飲廚坊,91447661,0.00,774.00,,,,餐飲費用,金錢,高雄市左營區****,,否,,,,,,,
375,陳美雅,113年立法委員選舉,首次申報,1130105,租用宣傳車輛支出,陳桂卿,D12*******,0.00,19000.00,,,,雇用宣傳車輛駕駛費用,金錢,高雄市鳳山區****,,否,,,,,,,
376,陳美雅,113年立法委員選舉,首次申報,1130106,雜支支出,英光企業股份有限公司,23222757,0.00,1000.00,,,,汽機車燃料費用,金錢,高雄市三民區****,,否,,,,,,,
377,陳美雅,113年立法委員選舉,首次申報,1130106,宣傳支出,中華郵政股份有限公司新興郵局,76004462,0.00,24850.00,,,,郵寄競選物品或宣傳廣告費用,金錢,高雄市新興區****,,否,,,,,,,
378,陳美雅,113年立法委員選舉,首次申報,1130106,雜支支出,樹跟企業有限公司,89254998,0.00,500.00,,,,文具用品費用,金錢,高雄市鼓山區****,,否,,,,,,,
379,陳美雅,113年立法委員選舉,首次申報,1130106,雜支支出,樹跟企業有限公司,89254998,0.00,30.00,,,,文具用品費用,金錢,高雄市鼓山區****,,否,,,,,,,
380,陳美雅,113年立法委員選舉,首次申報,1130106,雜支支出,樹跟企業有限公司,89254998,0.00,140.00,,,,文具用品費用,金錢,高雄市鼓山區****,,否,,,,,,,
381,陳美雅,113年立法委員選舉,首次申報,1130106,雜支支出,樹跟企業有限公司,89254998,0.00,160.00,,,,文具用品費用,金錢,高雄市鼓山區****,,否,,,,,,,
382,陳美雅,113年立法委員選舉,首次申報,1130106,雜支支出,生倚食品有限公司,89759625,0.00,553.00,,,,餐飲費用,金錢,高雄市鼓山區****,,否,,,,,,,
383,陳美雅,113年立法委員選舉,首次申報,1130107,雜支支出,台灣中油股份有限公司油品行銷事業部高雄營業處青年路加油站,,0.00,700.00,,,,汽機車燃料費用,金錢,高雄市苓雅區****,,否,,,,,,,
384,陳美雅,113年立法委員選舉,首次申報,1130107,雜支支出,台灣中油（股）油品行銷事業部高雄營業處大義街加油站,06892289,0.00,1000.00,,,,汽機車燃料費用,金錢,高雄市鹽埕區****,,否,,,,,,,
385,陳美雅,113年立法委員選舉,首次申報,1130107,雜支支出,台灣中油股份有限公司油品行銷事業部高雄鼓山三路加油站,07802835,0.00,500.00,,,,汽機車燃料費用,金錢,高雄市鼓山區****,,否,,,,,,,
386,陳美雅,113年立法委員選舉,首次申報,1130107,雜支支出,台灣中油股份有限公司油品行銷事業部高雄鼓山三路加油站,07802835,0.00,130.00,,,,汽機車燃料費用,金錢,高雄市鼓山區****,,否,,,,,,,
387,陳美雅,113年立法委員選舉,首次申報,1130107,雜支支出,１１５便當,17367115,0.00,640.00,,,,餐飲費用,金錢,高雄市左營區****,,否,,,,,,,
388,陳美雅,113年立法委員選舉,首次申報,1130107,雜支支出,綿堂便當,85478953,0.00,3600.00,,,,餐飲費用,金錢,高雄市苓雅區****,,否,,,,,,,
389,陳美雅,113年立法委員選舉,首次申報,1130107,雜支支出,金元富廣式燒臘店,85487881,0.00,2070.00,,,,餐飲費用,金錢,高雄市左營區****,,否,,,,,,,
390,陳美雅,113年立法委員選舉,首次申報,1130107,雜支支出,樹跟企業有限公司,89254998,0.00,100.00,,,,文具用品費用,金錢,高雄市鼓山區****,,否,,,,,,,
391,陳美雅,113年立法委員選舉,首次申報,1130107,雜支支出,樹跟企業有限公司,89254998,0.00,110.00,,,,文具用品費用,金錢,高雄市鼓山區****,,否,,,,,,,
392,陳美雅,113年立法委員選舉,首次申報,1130107,雜支支出,樹跟企業有限公司,89254998,0.00,600.00,,,,文具用品費用,金錢,高雄市鼓山區****,,否,,,,,,,
393,陳美雅,113年立法委員選舉,首次申報,1130107,雜支支出,樹跟企業有限公司,89254998,0.00,80.00,,,,文具用品費用,金錢,高雄市鼓山區****,,否,,,,,,,
394,陳美雅,113年立法委員選舉,首次申報,1130107,雜支支出,晚一點商店,91442434,0.00,6000.00,,,,餐飲費用,金錢,高雄市三民區****,,否,,,,,,,
395,陳美雅,113年立法委員選舉,首次申報,1130107,雜支支出,烏弄內惟茶飲,93311367,0.00,245.00,,,,餐飲費用,金錢,高雄市鼓山區****,,否,,,,,,,
396,陳美雅,113年立法委員選舉,首次申報,1130107,租用宣傳車輛支出,林家全,D12*******,0.00,2600.00,,,,雇用宣傳車輛駕駛費用,金錢,高雄市左營區****,,否,,,,,,,
397,陳美雅,113年立法委員選舉,首次申報,1130108,雜支支出,台灣中油股份有限公司高雄營業處建國一路加油站,06957016,0.00,154.00,,,,汽機車燃料費用,金錢,高雄市苓雅區****,,否,,,,,,,
398,陳美雅,113年立法委員選舉,首次申報,1130108,雜支支出,台灣中油股份有限公司油品行銷事業部高雄鼓山三路加油站,07802835,0.00,625.00,,,,汽機車燃料費用,金錢,高雄市鼓山區****,,否,,,,,,,
399,陳美雅,113年立法委員選舉,首次申報,1130108,雜支支出,台灣中油股份有限公司油品行銷事業部高雄鼓山三路加油站,07802835,0.00,268.00,,,,汽機車燃料費用,金錢,高雄市鼓山區****,,否,,,,,,,
400,陳美雅,113年立法委員選舉,首次申報,1130108,雜支支出,中華電信股份有限公司台灣南區電信分公司高雄營運處,19762247,0.00,1299.00,,,,電信費用,金錢,高雄市左營區****,,否,,,,,,,
401,陳美雅,113年立法委員選舉,首次申報,1130108,雜支支出,中華電信股份有限公司台灣南區電信分公司高雄營運處,19762247,0.00,539.00,,,,電信費用,金錢,高雄市左營區****,,否,,,,,,,
402,陳美雅,113年立法委員選舉,首次申報,1130108,雜支支出,中華電信股份有限公司台灣南區電信分公司高雄營運處,19762247,0.00,924.00,,,,電信費用,金錢,高雄市左營區****,,否,,,,,,,
403,陳美雅,113年立法委員選舉,首次申報,1130108,宣傳支出,順天廣告社,38708764,0.00,30000.00,,,,製作競選物品或宣傳廣告費用,金錢,高雄市仁武區****,,否,,,,,,,
404,陳美雅,113年立法委員選舉,首次申報,1130108,雜支支出,松詠有限公司-明誠站分公司,42802328,0.00,674.00,,,,汽機車燃料費用,金錢,高雄市鼓山區****,,否,,,,,,,
405,陳美雅,113年立法委員選舉,首次申報,1130108,雜支支出,松詠有限公司-明誠站分公司,42802328,0.00,1163.00,,,,汽機車燃料費用,金錢,高雄市鼓山區****,,否,,,,,,,
406,陳美雅,113年立法委員選舉,首次申報,1130108,宣傳支出,中華郵政股份有限公司新興郵局,76004462,0.00,26355.00,,,,郵寄競選物品或宣傳廣告費用,金錢,高雄市新興區****,,否,,,,,,,
407,陳美雅,113年立法委員選舉,首次申報,1130108,雜支支出,亮逸企業社,88940979,0.00,8000.00,,,,餐飲費用,金錢,屏東縣恆春鎮****,,否,,,,,,,
408,陳美雅,113年立法委員選舉,首次申報,1130108,租用宣傳車輛支出,林家全,D12*******,0.00,1300.00,,,,雇用宣傳車輛駕駛費用,金錢,高雄市左營區****,,否,,,,,,,
409,陳美雅,113年立法委員選舉,首次申報,1130109,宣傳支出,中華郵政股份有限公司臺北郵局電子郵件科南區作業股,04137838,0.00,114748.00,,,,郵寄競選物品或宣傳廣告費用,金錢,高雄市左營區****,,否,,,,,,,
410,陳美雅,113年立法委員選舉,首次申報,1130109,雜支支出,台灣中油股份有限公司油品行銷事業部高雄鼓山三路加油站,07802835,0.00,124.00,,,,汽機車燃料費用,金錢,高雄市鼓山區****,,否,,,,,,,
411,陳美雅,113年立法委員選舉,首次申報,1130109,雜支支出,大眾加油站股份有限公司,16821094,0.00,700.00,,,,汽機車燃料費用,金錢,高雄市苓雅區****,,否,,,,,,,
412,陳美雅,113年立法委員選舉,首次申報,1130109,雜支支出,富驛飲食店,36922042,0.00,720.00,,,,餐飲費用,金錢,高雄市鼓山區****,,否,,,,,,,
413,陳美雅,113年立法委員選舉,首次申報,1130109,雜支支出,晚一點商店,91442434,0.00,7000.00,,,,餐飲費用,金錢,高雄市三民區****,,否,,,,,,,
414,陳美雅,113年立法委員選舉,首次申報,1130109,租用宣傳車輛支出,林家全,D12*******,0.00,1300.00,,,,雇用宣傳車輛駕駛費用,金錢,高雄市左營區****,,否,,,,,,,
415,陳美雅,113年立法委員選舉,首次申報,1130110,雜支支出,台灣中油股份有限公司高雄營業處建國一路加油站,06957016,0.00,1000.00,,,,汽機車燃料費用,金錢,高雄市苓雅區****,,否,,,,,,,
416,陳美雅,113年立法委員選舉,首次申報,1130110,雜支支出,台灣中油股份有限公司油品行銷事業部高雄鼓山三路加油站,07802835,0.00,307.00,,,,汽機車燃料費用,金錢,高雄市鼓山區****,,否,,,,,,,
417,陳美雅,113年立法委員選舉,首次申報,1130110,雜支支出,生津麵包店,76695424,0.00,553.00,,,,餐飲費用,金錢,高雄市苓雅區****,,否,,,,,,,
418,陳美雅,113年立法委員選舉,首次申報,1130110,雜支支出,台亞石油股份有限公司台亞五甲加油站,81106812,0.00,605.00,,,,汽機車燃料費用,金錢,高雄市鳳山區****,,否,,,,,,,
419,陳美雅,113年立法委員選舉,首次申報,1130110,雜支支出,塩埕加油站股份有限公司,84712123,0.00,500.00,,,,汽機車燃料費用,金錢,高雄市鹽埕區****,,否,,,,,,,
420,陳美雅,113年立法委員選舉,首次申報,1130110,雜支支出,遠傳電信股份有限公司,97179430,0.00,1490.00,,,,電信費用,金錢,臺北市內湖區****,,否,,,,,,,
421,陳美雅,113年立法委員選舉,首次申報,1130110,租用宣傳車輛支出,林家全,D12*******,0.00,1300.00,,,,雇用宣傳車輛駕駛費用,金錢,高雄市左營區****,,否,,,,,,,
422,陳美雅,113年立法委員選舉,首次申報,1130110,人事費用支出,魏宏榮,E12*******,0.00,7778.00,,,,工資或薪津,金錢,高雄市鼓山區****,,否,,,,,,,
423,陳美雅,113年立法委員選舉,首次申報,1130111,雜支支出,大眾加油站股份有限公司,16821094,0.00,100.00,,,,汽機車燃料費用,金錢,高雄市苓雅區****,,否,,,,,,,
424,陳美雅,113年立法委員選舉,首次申報,1130111,宣傳支出,順天廣告社,38708764,0.00,30000.00,,,,製作競選物品或宣傳廣告費用,金錢,高雄市仁武區****,,否,,,,,,,
425,陳美雅,113年立法委員選舉,首次申報,1130111,雜支支出,松詠有限公司-明誠站分公司,42802328,0.00,350.00,,,,汽機車燃料費用,金錢,高雄市鼓山區****,,否,,,,,,,
426,陳美雅,113年立法委員選舉,首次申報,1130111,雜支支出,樹跟企業有限公司,89254998,0.00,320.00,,,,文具用品費用,金錢,高雄市鼓山區****,,否,,,,,,,
427,陳美雅,113年立法委員選舉,首次申報,1130111,雜支支出,晚一點商店,91442434,0.00,7500.00,,,,餐飲費用,金錢,高雄市三民區****,,否,,,,,,,
428,陳美雅,113年立法委員選舉,首次申報,1130111,租用宣傳車輛支出,林家全,D12*******,0.00,1300.00,,,,雇用宣傳車輛駕駛費用,金錢,高雄市左營區****,,否,,,,,,,
429,陳美雅,113年立法委員選舉,首次申報,1130111,人事費用支出,張澤勳,E80*******,0.00,6835.00,,,,工資或薪津,金錢,高雄市苓雅區****,,否,,,,,,,
430,陳美雅,113年立法委員選舉,首次申報,1130111,人事費用支出,張澤勳,E80*******,0.00,6835.00,,,,工資或薪津,金錢,高雄市苓雅區****,,否,,,,,,,
431,陳美雅,113年立法委員選舉,首次申報,1130112,雜支支出,台灣中油（股）油品行銷事業部高雄營業處大義街加油站,06892289,0.00,100.00,,,,汽機車燃料費用,金錢,高雄市鹽埕區****,,否,,,,,,,
432,陳美雅,113年立法委員選舉,首次申報,1130112,雜支支出,台灣中油股份有限公司油品行銷事業部高雄鼓山三路加油站,07802835,0.00,110.00,,,,汽機車燃料費用,金錢,高雄市鼓山區****,,否,,,,,,,
433,陳美雅,113年立法委員選舉,首次申報,1130112,雜支支出,台灣中油股份有限公司油品行銷事業部高雄鼓山三路加油站,07802835,0.00,1000.00,,,,汽機車燃料費用,金錢,高雄市鼓山區****,,否,,,,,,,
434,陳美雅,113年立法委員選舉,首次申報,1130112,雜支支出,大眾加油站股份有限公司,16821094,0.00,200.00,,,,汽機車燃料費用,金錢,高雄市苓雅區****,,否,,,,,,,
435,陳美雅,113年立法委員選舉,首次申報,1130112,租用宣傳車輛支出,宏大企業社,20497892,0.00,1300.00,,,,租用宣傳車輛費用,金錢,高雄市鹽埕區****,,否,,,,,,,
436,陳美雅,113年立法委員選舉,首次申報,1130112,雜支支出,千越加油站實業股份有限公司武慶加油站,21952834,0.00,500.00,,,,汽機車燃料費用,金錢,高雄市鳳山區****,,否,,,,,,,
437,陳美雅,113年立法委員選舉,首次申報,1130112,雜支支出,富驛飲食店,36922042,0.00,1032.00,,,,餐飲費用,金錢,高雄市鼓山區****,,否,,,,,,,
438,陳美雅,113年立法委員選舉,首次申報,1130112,雜支支出,綿堂便當,85478953,0.00,1750.00,,,,餐飲費用,金錢,高雄市苓雅區****,,否,,,,,,,
439,陳美雅,113年立法委員選舉,首次申報,1130112,雜支支出,晚一點商店,91442434,0.00,5000.00,,,,餐飲費用,金錢,高雄市三民區****,,否,,,,,,,
440,陳美雅,113年立法委員選舉,首次申報,1130112,租用宣傳車輛支出,林家金,D12*******,0.00,1300.00,,,,雇用宣傳車輛駕駛費用,金錢,高雄市左營區****,,否,,,,,,,
441,陳美雅,113年立法委員選舉,首次申報,1130112,租用宣傳車輛支出,陳桂卿,D12*******,0.00,14000.00,,,,雇用宣傳車輛駕駛費用,金錢,高雄市鳳山區****,,否,,,,,,,
442,陳美雅,113年立法委員選舉,首次申報,1130112,租用宣傳車輛支出,陳坤模,T10*******,0.00,28000.00,,,,雇用宣傳車輛駕駛費用,金錢,高雄市苓雅區****,,否,,,,,,,
443,陳美雅,113年立法委員選舉,首次申報,1130113,雜支支出,台灣中油股份有限公司油品行銷事業部高雄鼓山三路加油站,07802835,0.00,132.00,,,,汽機車燃料費用,金錢,高雄市鼓山區****,,否,,,,,,,
444,陳美雅,113年立法委員選舉,首次申報,1130113,集會支出,双喜演藝工坊,13915344,0.00,5000.00,,,,租用設備費用,金錢,高雄市三民區****,,否,,,,,,,
445,陳美雅,113年立法委員選舉,首次申報,1130113,宣傳支出,臺灣導報社,36922937,0.00,50000.00,,,,播放、傳送或刊登宣傳廣告費用,金錢,高雄市苓雅區****,,否,,,,,,,
446,陳美雅,113年立法委員選舉,首次申報,1130113,雜支支出,福漾有限公司,90047759,0.00,780.00,,,,餐飲費用,金錢,高雄市鼓山區****,,否,,,,,,,
447,陳美雅,113年立法委員選舉,首次申報,1130113,人事費用支出,沈育漳,E12*******,0.00,10000.00,,,,獎金或津貼,金錢,高雄市三民區****,,否,,,,,,,
448,陳美雅,113年立法委員選舉,首次申報,1130113,人事費用支出,陳貞妃,E22*******,0.00,60000.00,,,,獎金或津貼,金錢,高雄市鹽埕區****,,否,,,,,,,
449,陳美雅,113年立法委員選舉,首次申報,1130113,人事費用支出,李晨言,F12*******,0.00,15000.00,,,,工資或薪津,金錢,高雄市苓雅區****,,否,,,,,,,
450,陳美雅,113年立法委員選舉,首次申報,1130113,人事費用支出,王慈歆,S22*******,0.00,15000.00,,,,工資或薪津,金錢,高雄市大樹區****,,否,,,,,,,
451,陳美雅,113年立法委員選舉,首次申報,1130113,人事費用支出,吳政賢,T12*******,0.00,15000.00,,,,加班費或值班費,金錢,高雄市楠梓區****,,否,,,,,,,
452,陳美雅,113年立法委員選舉,首次申報,1130113,人事費用支出,吳政賢,T12*******,0.00,80000.00,,,,獎金或津貼,金錢,高雄市楠梓區****,,否,,,,,,,
453,陳美雅,113年立法委員選舉,首次申報,1130114,雜支支出,樹跟企業有限公司,89254998,0.00,549.00,,,,文具用品費用,金錢,高雄市鼓山區****,,否,,,,,,,
454,陳美雅,113年立法委員選舉,首次申報,1130114,雜支支出,樹跟企業有限公司,89254998,0.00,162.00,,,,文具用品費用,金錢,高雄市鼓山區****,,否,,,,,,,
455,陳美雅,113年立法委員選舉,首次申報,1130114,租用宣傳車輛支出,廖梓程,P10*******,0.00,20946.00,,,,雇用宣傳車輛駕駛費用,金錢,高雄市鼓山區****,,否,,,,,,,
456,陳美雅,113年立法委員選舉,首次申報,1130115,雜支支出,松詠有限公司-明誠站分公司,42802328,0.00,200.00,,,,汽機車燃料費用,金錢,高雄市鼓山區****,,否,,,,,,,
457,陳美雅,113年立法委員選舉,首次申報,1130116,雜支支出,松詠有限公司-明誠站分公司,42802328,0.00,1156.00,,,,汽機車燃料費用,金錢,高雄市鼓山區****,,否,,,,,,,
458,陳美雅,113年立法委員選舉,首次申報,1130119,雜支支出,台灣中油股份有限公司油品行銷事業部高雄營業處前鎮加油站,07959765,0.00,500.00,,,,汽機車燃料費用,金錢,高雄市前鎮區****,,否,,,,,,,
459,陳美雅,113年立法委員選舉,首次申報,1130119,宣傳支出,順天廣告社,38708764,0.00,30000.00,,,,製作競選物品或宣傳廣告費用,金錢,高雄市仁武區****,,否,,,,,,,
460,陳美雅,113年立法委員選舉,首次申報,1130119,雜支支出,生津麵包店,76695424,0.00,553.00,,,,餐飲費用,金錢,高雄市苓雅區****,,否,,,,,,,
461,陳美雅,113年立法委員選舉,首次申報,1130120,雜支支出,生倚食品有限公司,89759625,0.00,553.00,,,,餐飲費用,金錢,高雄市鼓山區****,,否,,,,,,,
462,陳美雅,113年立法委員選舉,首次申報,1130121,租用宣傳車輛支出,宏大企業社,20497892,0.00,800.00,,,,其他與租用宣傳車輛有關之費用,金錢,高雄市鹽埕區****,,否,,,,,,,
463,陳美雅,113年立法委員選舉,首次申報,1130122,雜支支出,中華電信股份有限公司台灣南區電信分公司高雄營運處,19762247,0.00,499.00,,,,電信費用,金錢,高雄市左營區****,,否,,,,,,,
464,陳美雅,113年立法委員選舉,首次申報,1130122,雜支支出,中華電信股份有限公司台灣南區電信分公司高雄營運處,19762247,0.00,599.00,,,,電信費用,金錢,高雄市左營區****,,否,,,,,,,
465,陳美雅,113年立法委員選舉,首次申報,1130122,雜支支出,中華電信股份有限公司台灣南區電信分公司高雄營運處,19762247,0.00,1667.00,,,,電信費用,金錢,高雄市左營區****,,否,,,,,,,
466,陳美雅,113年立法委員選舉,首次申報,1130122,雜支支出,中華電信股份有限公司台灣南區電信分公司高雄營運處,19762247,0.00,238.00,,,,電信費用,金錢,高雄市左營區****,,否,,,,,,,
467,陳美雅,113年立法委員選舉,首次申報,1130122,雜支支出,台灣電力股份有限公司高雄區營業處,79634302,0.00,2065.00,,,,水電瓦斯費用,金錢,高雄市鼓山區****,,否,,,,,,,
468,陳美雅,113年立法委員選舉,首次申報,1130123,人事費用支出,李歆惠,E22*******,0.00,47304.00,,,,工資或薪津,金錢,高雄市苓雅區****,,否,,,,,,,
469,陳美雅,113年立法委員選舉,首次申報,1130124,雜支支出,台灣中油股份有限公司油品行銷事業部高雄營業處前鎮加油站,07959765,0.00,1013.00,,,,汽機車燃料費用,金錢,高雄市前鎮區****,,否,,,,,,,
470,陳美雅,113年立法委員選舉,首次申報,1130125,人事費用支出,王馨慧,E22*******,0.00,10000.00,,,,獎金或津貼,金錢,高雄市前鎮區****,,否,,,,,,,
471,陳美雅,113年立法委員選舉,首次申報,1130125,人事費用支出,王馨慧,E22*******,0.00,44722.00,,,,工資或薪津,金錢,高雄市前鎮區****,,否,,,,,,,
472,陳美雅,113年立法委員選舉,首次申報,1130126,雜支支出,雄菱股份有限公司-新生分公司,70408950,0.00,600.00,,,,汽機車燃料費用,金錢,高雄市前鎮區****,,否,,,,,,,
473,陳美雅,113年立法委員選舉,首次申報,1130127,雜支支出,生倚食品有限公司,89759625,0.00,618.00,,,,餐飲費用,金錢,高雄市鼓山區****,,否,,,,,,,
474,陳美雅,113年立法委員選舉,首次申報,1130127,人事費用支出,李歆惠,E22*******,0.00,10000.00,,,,獎金或津貼,金錢,高雄市苓雅區****,,否,,,,,,,
475,陳美雅,113年立法委員選舉,首次申報,1130131,人事費用支出,勞動部勞工保險局,03769808,0.00,10431.00,,,,其他因工作酬勞之給付(月勞保費),金錢,高雄市苓雅區****,,否,,,,,,,
476,陳美雅,113年立法委員選舉,首次申報,1130131,宣傳支出,宏明晒圖行,88889728,0.00,50000.00,,,,製作競選物品或宣傳廣告費用,金錢,臺南市中西區****,,否,,,,,,,
477,陳美雅,113年立法委員選舉,首次申報,1130131,人事費用支出,衛生福利部中央健康保險署,92063874,0.00,6126.00,,,,其他因工作酬勞之給付(月健保費),金錢,高雄市前金區****,,否,,,,,,,
478,陳美雅,113年立法委員選舉,首次申報,1130201,宣傳支出,宏明晒圖行,88889728,0.00,10000.00,,,,製作競選物品或宣傳廣告費用,金錢,臺南市中西區****,,否,,,,,,,
479,陳美雅,113年立法委員選舉,首次申報,1130201,人事費用支出,沈育漳,E12*******,0.00,29743.00,,,,工資或薪津,金錢,高雄市三民區****,,否,,,,,,,
480,陳美雅,113年立法委員選舉,首次申報,1130201,人事費用支出,張惇閎,E12*******,0.00,35000.00,,,,工資或薪津,金錢,高雄市前鎮區****,,否,,,,,,,
481,陳美雅,113年立法委員選舉,首次申報,1130208,宣傳支出,順天廣告社,38708764,0.00,30000.00,,,,製作競選物品或宣傳廣告費用,金錢,高雄市仁武區****,,否,,,,,,,
482,陳美雅,113年立法委員選舉,首次申報,1130210,宣傳支出,順天廣告社,38708764,0.00,30000.00,,,,製作競選物品或宣傳廣告費用,金錢,高雄市仁武區****,,否,,,,,,,
483,陳美雅,113年立法委員選舉,首次申報,1130210,宣傳支出,瀚鼎企業有限公司,59258173,0.00,29400.00,,,,製作競選物品或宣傳廣告費用(包裝飲用水),金錢,高雄市仁武區****,,否,,,,,,,
