﻿序號,擬參選人／政黨,選舉名稱,申報序號／年度,交易日期,收支科目,捐贈者／支出對象,身分證／統一編號,收入金額,支出金額,捐贈方式,存入專戶日期,返還/繳庫,支出用途,金錢類,地址,聯絡電話,應揭露之支出對象,支出對象之內部人員姓名,支出對象之內部人員職稱,政黨之內部人員姓名,政黨之內部人員職稱,關係,更正註記,資料更正日期
1,朱毅,111年新竹市北區文雅里里長選舉,首次申報,1111011,雜支支出,應援科技股份有限公司,83763685,0.00,60.00,,,,手續費,金錢,,,否,,,,,,,
2,朱毅,111年新竹市北區文雅里里長選舉,首次申報,1111011,雜支支出,應援科技股份有限公司,83763685,0.00,15.00,,,,手續費,金錢,,,否,,,,,,,
3,朱毅,111年新竹市北區文雅里里長選舉,首次申報,1111013,宣傳支出,仕衡快速印刷便利店,18224559,0.00,42000.00,,,,製作競選物品或宣傳廣告費用（物品名稱-口罩）,金錢,新竹市香山區****,,否,,,,,,,
4,朱毅,111年新竹市北區文雅里里長選舉,首次申報,1111014,雜支支出,應援科技股份有限公司,83763685,0.00,225.00,,,,手續費,金錢,,,否,,,,,,,
5,朱毅,111年新竹市北區文雅里里長選舉,首次申報,1111018,雜支支出,應援科技股份有限公司,83763685,0.00,10.00,,,,手續費,金錢,,,否,,,,,,,
6,朱毅,111年新竹市北區文雅里里長選舉,首次申報,1111025,宣傳支出,快樂工坊有限公司,54358862,0.00,11655.00,,,,製作競選物品或宣傳廣告費用（物品名稱-廣告汽球）,金錢,臺北市士林區****,,否,,,,,,,
7,朱毅,111年新竹市北區文雅里里長選舉,首次申報,1111110,宣傳支出,心雅服裝行,,0.00,5618.00,,,,製作競選物品或宣傳廣告費用（物品名稱-衣服）,金錢,臺北市萬華區****,,否,,,,,,,
