﻿序號,擬參選人／政黨,選舉名稱,申報序號／年度,交易日期,收支科目,捐贈者／支出對象,身分證／統一編號,收入金額,支出金額,捐贈方式,存入專戶日期,返還/繳庫,支出用途,金錢類,地址,聯絡電話,應揭露之支出對象,支出對象之內部人員姓名,支出對象之內部人員職稱,政黨之內部人員姓名,政黨之內部人員職稱,關係,更正註記,資料更正日期
1,彭俊豪,113年立法委員選舉,第1次賸餘,1130213,支付當選後與其公務有關之費用,台灣中油股份有限公司油品行銷事業部桃園營業處新屋加油站,44542622,0.00,1305.00,,,,油資,金錢,桃園市新屋區****,,否,,,,,,,
2,彭俊豪,113年立法委員選舉,第1次賸餘,1130214,支付當選後與其公務有關之費用,嗜燒肉餐飲有限公司,93799114,0.00,9438.00,,,,餐飲費用,金錢,桃園市中壢區****,,否,,,,,,,
3,彭俊豪,113年立法委員選舉,第1次賸餘,1130216,支付當選後與其公務有關之費用,台灣中油（股）油品行銷事業部台北營業處光復北路加油站,01606343,0.00,1538.00,,,,油資,金錢,臺北市松山區****,,否,,,,,,,
4,彭俊豪,113年立法委員選舉,第1次賸餘,1130216,支付當選後與其公務有關之費用,杏林飲食餐館,91303854,0.00,560.00,,,,餐飲費用,金錢,桃園市中壢區****,,否,,,,,,,
5,彭俊豪,113年立法委員選舉,第1次賸餘,1130217,支付當選後與其公務有關之費用,新寶島牛肉麵,42178957,0.00,660.00,,,,餐飲費用,金錢,桃園市平鎮區****,,否,,,,,,,
6,彭俊豪,113年立法委員選舉,第1次賸餘,1130218,支付當選後與其公務有關之費用,統一超商股份有限公司-苗栗縣第一二九分公司,24815027,0.00,480.00,,,,餐飲費用,金錢,苗栗縣泰安鄉****,,否,,,,,,,
7,彭俊豪,113年立法委員選舉,第1次賸餘,1130218,支付當選後與其公務有關之費用,台灣中油（股）公司油品行銷事業部桃園營業處中壢工業區加油站,44953265,0.00,659.00,,,,油資,金錢,桃園市中壢區****,,否,,,,,,,
8,彭俊豪,113年立法委員選舉,第1次賸餘,1130219,支付當選後與其公務有關之費用,台灣中油（股）公司油品行銷事業部桃園營業處三民路加油站,98249357,0.00,1850.00,,,,油資,金錢,桃園市桃園區****,,否,,,,,,,
9,彭俊豪,113年立法委員選舉,第1次賸餘,1130220,支付當選後與其公務有關之費用,青埔商務旅館顧問股份有限公司,83293925,0.00,559.00,,,,餐飲費用,金錢,桃園市大園區****,,否,,,,,,,
10,彭俊豪,113年立法委員選舉,第1次賸餘,1130220,支付當選後與其公務有關之費用,八方雲集餐飲股份有限公司御廚中壢海華店,87393946,0.00,408.00,,,,餐飲費用,金錢,桃園市中壢區****,,否,,,,,,,
11,彭俊豪,113年立法委員選舉,第1次賸餘,1130223,支付當選後與其公務有關之費用,台灣中油股份有限公司油品行銷事業部桃園營業處中山路加油站,43047309,0.00,1747.00,,,,油資,金錢,桃園市桃園區****,,否,,,,,,,
12,彭俊豪,113年立法委員選舉,第1次賸餘,1130224,支付當選後與其公務有關之費用,聚和行,82032901,0.00,630.00,,,,餐飲費用,金錢,桃園市中壢區****,,否,,,,,,,
13,彭俊豪,113年立法委員選舉,第1次賸餘,1130224,支付當選後與其公務有關之費用,鑫蒙牛股份有限公司金大鋤中壢門市部,92539999,0.00,2226.00,,,,餐飲費用,金錢,桃園市中壢區****,,否,,,,,,,
14,彭俊豪,113年立法委員選舉,第1次賸餘,1130225,支付當選後與其公務有關之費用,歐盟能源股份有限公司,24241520,0.00,1497.00,,,,油資,金錢,桃園市桃園區****,,否,,,,,,,
15,彭俊豪,113年立法委員選舉,第1次賸餘,1130225,支付當選後與其公務有關之費用,台灣中油（股）公司油品行銷事業部桃園營業處平鎮加油站,44533314,0.00,992.00,,,,油資,金錢,桃園市平鎮區****,,否,,,,,,,
16,彭俊豪,113年立法委員選舉,第1次賸餘,1130225,支付當選後與其公務有關之費用,悠旅生活事業股份有限公司-桃園市第二十三分公司,50868239,0.00,290.00,,,,餐飲費用,金錢,桃園市中壢區****,,否,,,,,,,
17,彭俊豪,113年立法委員選舉,第1次賸餘,1130229,支付當選後與其公務有關之費用,潮網科技股份有限公司,25128095,0.00,1902.00,,,,其他因工作酬勞之給付,金錢,臺北市中正區****,,否,,,,,,,
18,彭俊豪,113年立法委員選舉,第1次賸餘,1130301,參加公職人員選舉使用支出,新欣發食品有限公司,16873774,0.00,669200.00,,,,製作競選物品或宣傳廣告費用,金錢,高雄市美濃區****,,否,,,,,,,
19,彭俊豪,113年立法委員選舉,第1次賸餘,1130302,支付當選後與其公務有關之費用,祥益加油站企業有限公司,97022938,0.00,1679.00,,,,油資,金錢,桃園市中壢區****,,否,,,,,,,
20,彭俊豪,113年立法委員選舉,第1次賸餘,1130303,支付當選後與其公務有關之費用,台灣中油（股）公司油品行銷事業部桃園營業處平鎮加油站,44533314,0.00,1001.00,,,,油資,金錢,桃園市平鎮區****,,否,,,,,,,
21,彭俊豪,113年立法委員選舉,第1次賸餘,1130306,支付當選後與其公務有關之費用,台灣中油（股）公司油品行銷事業部桃園營業處中壢服務加油站,13762537,0.00,1681.00,,,,油資,金錢,桃園市中壢區****,,否,,,,,,,
22,彭俊豪,113年立法委員選舉,第1次賸餘,1130309,支付當選後與其公務有關之費用,台灣中油股份有限公司台灣中油（股）公司油品行銷事業部桃園營業處中壢工業第二加油站,08418232,0.00,1450.00,,,,油資,金錢,桃園市中壢區****,,否,,,,,,,
23,彭俊豪,113年立法委員選舉,第1次賸餘,1130310,支付當選後與其公務有關之費用,阿潭蔬果行,49677922,0.00,158.00,,,,餐飲費用,金錢,桃園市中壢區****,,否,,,,,,,
24,彭俊豪,113年立法委員選舉,第1次賸餘,1130310,支付當選後與其公務有關之費用,坤業加油站有限公司景福營業所,50635274,0.00,620.00,,,,油資,金錢,桃園市中壢區****,,否,,,,,,,
25,彭俊豪,113年立法委員選舉,第1次賸餘,1130310,支付當選後與其公務有關之費用,聚和行,82032901,0.00,820.00,,,,餐飲費用,金錢,桃園市中壢區****,,否,,,,,,,
26,彭俊豪,113年立法委員選舉,第1次賸餘,1130314,支付當選後與其公務有關之費用,潮網科技股份有限公司,25128095,0.00,1260.00,,,,其他因工作酬勞之給付,金錢,臺北市中正區****,,否,,,,,,,
27,彭俊豪,113年立法委員選舉,第1次賸餘,1130315,支付當選後與其公務有關之費用,瑞興禮品社,37793159,0.00,3185.00,,,,聯誼交際費用,金錢,桃園市大溪區****,,否,,,,,,,
28,彭俊豪,113年立法委員選舉,第1次賸餘,1130316,支付當選後與其公務有關之費用,台灣中油（股）公司油品行銷事業部桃園營業處中壢工業區加油站,44953265,0.00,1021.00,,,,油資,金錢,桃園市中壢區****,,否,,,,,,,
29,彭俊豪,113年立法委員選舉,第1次賸餘,1130317,支付當選後與其公務有關之費用,禾菘企業社,30174148,0.00,198.00,,,,餐飲費用,金錢,桃園市中壢區****,,否,,,,,,,
30,彭俊豪,113年立法委員選舉,第1次賸餘,1130317,支付當選後與其公務有關之費用,阿潭蔬果行,49677922,0.00,298.00,,,,餐飲費用,金錢,桃園市中壢區****,,否,,,,,,,
31,彭俊豪,113年立法委員選舉,第1次賸餘,1130319,支付當選後與其公務有關之費用,米幾有限公司,90025495,0.00,1364.00,,,,餐飲費用,金錢,桃園市中壢區****,,否,,,,,,,
32,彭俊豪,113年立法委員選舉,第1次賸餘,1130322,支付當選後與其公務有關之費用,家樂商行,91560608,0.00,4960.00,,,,餐飲費用,金錢,桃園市中壢區****,,否,,,,,,,
33,彭俊豪,113年立法委員選舉,第1次賸餘,1130323,支付當選後與其公務有關之費用,坤業加油站有限公司景福營業所,50635274,0.00,975.00,,,,油資,金錢,桃園市中壢區****,,否,,,,,,,
34,彭俊豪,113年立法委員選舉,第1次賸餘,1130325,支付當選後與其公務有關之費用,京站實業股份有限公司,28710621,0.00,2190.00,,,,雜項購置或修繕費用,金錢,台北市大同區****,,否,,,,,,,
35,彭俊豪,113年立法委員選舉,第1次賸餘,1130326,支付當選後與其公務有關之費用,阿潭蔬果行,49677922,0.00,289.00,,,,餐飲費用,金錢,桃園市中壢區****,,否,,,,,,,
36,彭俊豪,113年立法委員選舉,第1次賸餘,1130327,支付當選後與其公務有關之費用,永順行,83887356,0.00,37525.00,,,,餐飲費用,金錢,桃園市中壢區****,,否,,,,,,,
37,彭俊豪,113年立法委員選舉,第1次賸餘,1130330,支付當選後與其公務有關之費用,花都花店,02668296,0.00,35000.00,,,,聯誼交際費用,金錢,桃園市中壢區****,,否,,,,,,,
38,彭俊豪,113年立法委員選舉,第1次賸餘,1130330,支付當選後與其公務有關之費用,台大加油站股份有限公司中壢營業處,87460368,0.00,1531.00,,,,油資,金錢,桃園市中壢區****,,否,,,,,,,
39,彭俊豪,113年立法委員選舉,第1次賸餘,1130401,支付當選後與其公務有關之費用,花都花店,02668296,0.00,17500.00,,,,聯誼交際費用,金錢,桃園市中壢區****,,否,,,,,,,
40,彭俊豪,113年立法委員選舉,第1次賸餘,1130401,支付當選後與其公務有關之費用,阿潭蔬果行,49677922,0.00,237.00,,,,餐飲費用,金錢,桃園市中壢區****,,否,,,,,,,
41,彭俊豪,113年立法委員選舉,第1次賸餘,1130401,支付當選後與其公務有關之費用,瓦城泰統股份有限公司內壢家樂福門市部,82169650,0.00,373.00,,,,餐飲費用,金錢,桃園市中壢區****,,否,,,,,,,
42,彭俊豪,113年立法委員選舉,第1次賸餘,1130402,支付當選後與其公務有關之費用,全國加油站股份有限公司全國桃園高鐵加油站,30172471,0.00,1815.00,,,,油資,金錢,桃園市中壢區****,,否,,,,,,,
43,彭俊豪,113年立法委員選舉,第1次賸餘,1130402,支付當選後與其公務有關之費用,鼎鈺加油站有限公司,80076311,0.00,620.00,,,,油資,金錢,桃園市平鎮區****,,否,,,,,,,
44,彭俊豪,113年立法委員選舉,第1次賸餘,1130403,支付當選後與其公務有關之費用,鉦曜五金商行,85249093,0.00,684.00,,,,雜項購置或修繕費用,金錢,桃園市新屋區****,,否,,,,,,,
45,彭俊豪,113年立法委員選舉,第1次賸餘,1130404,支付當選後與其公務有關之費用,台灣中油（股）公司油品行銷事業部桃園營業處平鎮加油站,44533314,0.00,1475.00,,,,油資,金錢,桃園市平鎮區****,,否,,,,,,,
46,彭俊豪,113年立法委員選舉,第1次賸餘,1130404,支付當選後與其公務有關之費用,阿潭蔬果行,49677922,0.00,209.00,,,,餐飲費用,金錢,桃園市中壢區****,,否,,,,,,,
47,彭俊豪,113年立法委員選舉,第1次賸餘,1130406,支付當選後與其公務有關之費用,益豐加油站股份有限公司,89572614,0.00,1000.00,,,,油資,金錢,桃園市平鎮區****,,否,,,,,,,
48,彭俊豪,113年立法委員選舉,第1次賸餘,1130407,支付當選後與其公務有關之費用,匾十堂中壢店有限公司,94091897,0.00,220.00,,,,餐飲費用,金錢,桃園市中壢區****,,否,,,,,,,
49,彭俊豪,113年立法委員選舉,第1次賸餘,1130408,支付當選後與其公務有關之費用,阿潭蔬果行,49677922,0.00,282.00,,,,餐飲費用,金錢,桃園市中壢區****,,否,,,,,,,
50,彭俊豪,113年立法委員選舉,第1次賸餘,1130408,支付當選後與其公務有關之費用,米拾有限公司中壢分公司,91085301,0.00,8914.00,,,,餐飲費用,金錢,桃園市中壢區****,,否,,,,,,,
51,彭俊豪,113年立法委員選舉,第1次賸餘,1130409,支付當選後與其公務有關之費用,祥順加油站企業有限公司,16047086,0.00,622.00,,,,油資,金錢,桃園市平鎮區****,,否,,,,,,,
52,彭俊豪,113年立法委員選舉,第1次賸餘,1130409,支付當選後與其公務有關之費用,台亞石油股份有限公司台亞中壢新生路加油站,92615519,0.00,1617.00,,,,油資,金錢,桃園市中壢區****,,否,,,,,,,
53,彭俊豪,113年立法委員選舉,第1次賸餘,1130410,支付當選後與其公務有關之費用,中華電信股份有限公司台灣北區電信分公司桃園營運處,19683736,0.00,1055.00,,,,電信費用,金錢,桃園市桃園區****,,否,,,,,,,
54,彭俊豪,113年立法委員選舉,第1次賸餘,1130410,支付當選後與其公務有關之費用,宸緯資訊有限公司,70644791,0.00,12600.00,,,,其他因工作酬勞之給付,金錢,雲林縣斗六市****,,否,,,,,,,
55,彭俊豪,113年立法委員選舉,第1次賸餘,1130411,支付當選後與其公務有關之費用,阿潭蔬果行,49677922,0.00,181.00,,,,餐飲費用,金錢,桃園市中壢區****,,否,,,,,,,
56,彭俊豪,113年立法委員選舉,第1次賸餘,1130412,支付當選後與其公務有關之費用,台灣中油股份有限公司油品行銷事業部桃園營業處中山路加油站,43047309,0.00,883.00,,,,油資,金錢,桃園市桃園區****,,否,,,,,,,
57,彭俊豪,113年立法委員選舉,第1次賸餘,1130412,支付當選後與其公務有關之費用,紓咖人文律動股份有限公司內壢營業所,87521132,0.00,840.00,,,,餐飲費用,金錢,桃園市中壢區****,,否,,,,,,,
58,彭俊豪,113年立法委員選舉,第1次賸餘,1130412,支付當選後與其公務有關之費用,台亞石油股份有限公司台亞中壢新生路加油站,92615519,0.00,1633.00,,,,油資,金錢,桃園市中壢區****,,否,,,,,,,
59,彭俊豪,113年立法委員選舉,第1次賸餘,1130414,支付當選後與其公務有關之費用,和德昌股份有限公司-中壢中華分公司,16841824,0.00,502.00,,,,餐飲費用,金錢,桃園市中壢區****,,否,,,,,,,
60,彭俊豪,113年立法委員選舉,第1次賸餘,1130416,支付當選後與其公務有關之費用,阿潭蔬果行,49677922,0.00,226.00,,,,餐飲費用,金錢,桃園市中壢區****,,否,,,,,,,
61,彭俊豪,113年立法委員選舉,第1次賸餘,1130417,支付當選後與其公務有關之費用,台灣中油（股）公司油品行銷事業部桃園營業處三民路加油站,98249357,0.00,1819.00,,,,油資,金錢,桃園市桃園區****,,否,,,,,,,
62,彭俊豪,113年立法委員選舉,第1次賸餘,1130420,支付當選後與其公務有關之費用,車容坊股份有限公司中壢營業所,29337926,0.00,1368.00,,,,油資,金錢,桃園市中壢區****,,否,,,,,,,
63,彭俊豪,113年立法委員選舉,第1次賸餘,1130424,支付當選後與其公務有關之費用,台灣中油（股）公司油品行銷事業部桃園營業處中壢工業區加油站,44953265,0.00,1844.00,,,,油資,金錢,桃園市中壢區****,,否,,,,,,,
64,彭俊豪,113年立法委員選舉,第1次賸餘,1130425,支付當選後與其公務有關之費用,潮網科技股份有限公司,25128095,0.00,1260.00,,,,其他因工作酬勞之給付,金錢,臺北市中正區****,,否,,,,,,,
65,彭俊豪,113年立法委員選舉,第1次賸餘,1130427,支付當選後與其公務有關之費用,橙點子餐飲國際股份有限公司,90332156,0.00,225.00,,,,餐飲費用,金錢,桃園市中壢區****,,否,,,,,,,
66,彭俊豪,113年立法委員選舉,第1次賸餘,1130427,支付當選後與其公務有關之費用,士弘小吃部,91570438,0.00,300.00,,,,餐飲費用,金錢,桃園市中壢區****,,否,,,,,,,
67,彭俊豪,113年立法委員選舉,第1次賸餘,1130428,支付當選後與其公務有關之費用,內壢加油站股份有限公司,84793737,0.00,1682.00,,,,油資,金錢,桃園市中壢區****,,否,,,,,,,
68,彭俊豪,113年立法委員選舉,第1次賸餘,1130429,支付當選後與其公務有關之費用,益壽藥局,85315939,0.00,3680.00,,,,雜項購置或修繕費用,金錢,桃園市桃園區****,,否,,,,,,,
69,彭俊豪,113年立法委員選舉,第1次賸餘,1130430,支付當選後與其公務有關之費用,晨品興業有限公司中壢分公司,82995624,0.00,303.00,,,,餐飲費用,金錢,桃園市中壢區****,,否,,,,,,,
70,彭俊豪,113年立法委員選舉,第1次賸餘,1130502,支付當選後與其公務有關之費用,台灣中油（股）公司油品行銷事業部桃園營業處中壢加油站,44533807,0.00,1542.00,,,,油資,金錢,桃園市中壢區****,,否,,,,,,,
71,彭俊豪,113年立法委員選舉,第1次賸餘,1130503,支付當選後與其公務有關之費用,台灣中油（股）公司油品行銷事業部桃園營業處中壢加油站,44533807,0.00,906.00,,,,油資,金錢,桃園市中壢區****,,否,,,,,,,
72,彭俊豪,113年立法委員選舉,第1次賸餘,1130503,支付當選後與其公務有關之費用,萬利花市企業有限公司,97056232,0.00,6000.00,,,,聯誼交際費用,金錢,桃園市中壢區****,,否,,,,,,,
73,彭俊豪,113年立法委員選舉,第1次賸餘,1130505,支付當選後與其公務有關之費用,上禾餐飲小吃店,87530836,0.00,138.00,,,,餐飲費用,金錢,桃園市龜山區****,,否,,,,,,,
74,彭俊豪,113年立法委員選舉,第1次賸餘,1130506,支付當選後與其公務有關之費用,歐得葆家具有限公司,22689951,0.00,466.00,,,,餐飲費用,金錢,桃園市平鎮區****,,否,,,,,,,
75,彭俊豪,113年立法委員選舉,第1次賸餘,1130506,支付當選後與其公務有關之費用,萬利花市企業有限公司,97056232,0.00,1200.00,,,,聯誼交際費用,金錢,桃園市中壢區****,,否,,,,,,,
76,彭俊豪,113年立法委員選舉,第1次賸餘,1130508,支付當選後與其公務有關之費用,台灣中油（股）公司油品行銷事業部桃園營業處中壢服務加油站,13762537,0.00,1723.00,,,,油資,金錢,桃園市中壢區****,,否,,,,,,,
77,彭俊豪,113年立法委員選舉,第1次賸餘,1130508,支付當選後與其公務有關之費用,環球購物中心股份有限公司,24788963,0.00,180.00,,,,餐飲費用,金錢,桃園市龜山區****,,否,,,,,,,
78,彭俊豪,113年立法委員選舉,第1次賸餘,1130508,支付當選後與其公務有關之費用,時藝多媒體傳播股份有限公司三重一村營業所,91925071,0.00,1400.00,,,,餐飲費用,金錢,新北市三重區****,,否,,,,,,,
79,彭俊豪,113年立法委員選舉,第1次賸餘,1130510,支付當選後與其公務有關之費用,悠旅生活事業股份有限公司,29060218,0.00,120.00,,,,餐飲費用,金錢,桃園市龜山區****,,否,,,,,,,
80,彭俊豪,113年立法委員選舉,第1次賸餘,1130510,支付當選後與其公務有關之費用,嗜燒肉餐飲有限公司,93799114,0.00,5115.00,,,,餐飲費用,金錢,桃園市中壢區****,,否,,,,,,,
81,彭俊豪,113年立法委員選舉,第1次賸餘,1130512,支付當選後與其公務有關之費用,今朝餐飲國際有限公司,90688901,0.00,23848.00,,,,餐飲費用,金錢,桃園市中壢區****,,否,,,,,,,
82,彭俊豪,113年立法委員選舉,第1次賸餘,1130512,支付當選後與其公務有關之費用,今朝餐飲國際有限公司,90688901,0.00,2310.00,,,,餐飲費用,金錢,桃園市中壢區****,,否,,,,,,,
83,彭俊豪,113年立法委員選舉,第1次賸餘,1130513,支付當選後與其公務有關之費用,台灣中油（股）公司油品行銷事業部桃園營業處中壢工業區加油站,44953265,0.00,1856.00,,,,油資,金錢,桃園市中壢區****,,否,,,,,,,
84,彭俊豪,113年立法委員選舉,第1次賸餘,1130513,支付當選後與其公務有關之費用,萬利花市企業有限公司,97056232,0.00,12000.00,,,,聯誼交際費用,金錢,桃園市中壢區****,,否,,,,,,,
85,彭俊豪,113年立法委員選舉,第1次賸餘,1130514,支付當選後與其公務有關之費用,全舜行企業社,95914912,0.00,926.00,,,,雜項購置或修繕費用,金錢,桃園市中壢區****,,否,,,,,,,
86,彭俊豪,113年立法委員選舉,第1次賸餘,1130515,支付當選後與其公務有關之費用,長庚醫療財團法人林口長庚紀念醫院,43862061,0.00,360.00,,,,停車費,金錢,桃園市龜山區****,,否,,,,,,,
87,彭俊豪,113年立法委員選舉,第1次賸餘,1130516,支付當選後與其公務有關之費用,新加坡商利維喜開發股份有限公司台灣分公司中壢營業所,91346397,0.00,3388.00,,,,雜項購置或修繕費用,金錢,桃園市中壢區****,,否,,,,,,,
88,彭俊豪,113年立法委員選舉,第1次賸餘,1130517,支付當選後與其公務有關之費用,長庚醫療財團法人林口長庚紀念醫院,43862061,0.00,380.00,,,,停車費,金錢,桃園市龜山區****,,否,,,,,,,
89,彭俊豪,113年立法委員選舉,第1次賸餘,1130517,支付當選後與其公務有關之費用,美德耐股份有限公司,91930004,0.00,175.00,,,,雜項購置或修繕費用,金錢,桃園市龜山區****,,否,,,,,,,
90,彭俊豪,113年立法委員選舉,第1次賸餘,1130518,支付當選後與其公務有關之費用,鴻悌生活館有限公司,54817607,0.00,2028.00,,,,雜項購置或修繕費用,金錢,桃園市中壢區****,,否,,,,,,,
91,彭俊豪,113年立法委員選舉,第1次賸餘,1130519,支付當選後與其公務有關之費用,悠旅生活事業股份有限公司,29060218,0.00,205.00,,,,餐飲費用,金錢,桃園市龜山區****,,否,,,,,,,
92,彭俊豪,113年立法委員選舉,第1次賸餘,1130519,支付當選後與其公務有關之費用,長庚醫療財團法人林口長庚紀念醫院,43862061,0.00,120.00,,,,停車費,金錢,桃園市龜山區****,,否,,,,,,,
93,彭俊豪,113年立法委員選舉,第1次賸餘,1130519,支付當選後與其公務有關之費用,三新奧特萊斯股份有限公司,54274809,0.00,1793.00,,,,餐飲費用,金錢,新北市林口區****,,否,,,,,,,
94,彭俊豪,113年立法委員選舉,第1次賸餘,1130521,支付當選後與其公務有關之費用,家城股份有限公司-林口分公司,50896122,0.00,264.00,,,,餐飲費用,金錢,桃園市龜山區****,,否,,,,,,,
95,彭俊豪,113年立法委員選舉,第1次賸餘,1130522,支付當選後與其公務有關之費用,太平洋崇光百貨股份有限公司中壢分公司,16450683,0.00,4725.00,,,,餐飲費用,金錢,桃園市中壢區****,,否,,,,,,,
96,彭俊豪,113年立法委員選舉,第1次賸餘,1130522,支付當選後與其公務有關之費用,悠旅生活事業股份有限公司,29060218,0.00,120.00,,,,餐飲費用,金錢,桃園市龜山區****,,否,,,,,,,
97,彭俊豪,113年立法委員選舉,第1次賸餘,1130523,支付當選後與其公務有關之費用,車容坊股份有限公司林口營業所,30178550,0.00,1774.00,,,,油資,金錢,新北市林口區****,,否,,,,,,,
98,彭俊豪,113年立法委員選舉,第1次賸餘,1130526,支付當選後與其公務有關之費用,古華股份有限公司,16837146,0.00,2988.00,,,,餐飲費用,金錢,桃園市中壢區****,,否,,,,,,,
99,彭俊豪,113年立法委員選舉,第1次賸餘,1130526,支付當選後與其公務有關之費用,文中加油站有限公司,96994239,0.00,1000.00,,,,油資,金錢,桃園市蘆竹區****,,否,,,,,,,
100,彭俊豪,113年立法委員選舉,第1次賸餘,1130527,支付當選後與其公務有關之費用,清香雅集小吃店,13771873,0.00,2200.00,,,,餐飲費用,金錢,桃園市中壢區****,,否,,,,,,,
101,彭俊豪,113年立法委員選舉,第1次賸餘,1130529,支付當選後與其公務有關之費用,潮網科技股份有限公司,25128095,0.00,1342.00,,,,其他因工作酬勞之給付,金錢,臺北市中正區****,,否,,,,,,,
102,彭俊豪,113年立法委員選舉,第1次賸餘,1130529,支付當選後與其公務有關之費用,小蕃茄早餐店,31557848,0.00,190.00,,,,餐飲費用,金錢,桃園市中壢區****,,否,,,,,,,
103,彭俊豪,113年立法委員選舉,第1次賸餘,1130529,支付當選後與其公務有關之費用,台灣中油（股）公司油品行銷事業部桃園營業處中壢加油站,44533807,0.00,1836.00,,,,油資,金錢,桃園市中壢區****,,否,,,,,,,
104,彭俊豪,113年立法委員選舉,第1次賸餘,1130603,支付當選後與其公務有關之費用,統一精工股份有限公司中壢加油站,14388117,0.00,1000.00,,,,油資,金錢,桃園市中壢區****,,否,,,,,,,
105,彭俊豪,113年立法委員選舉,第1次賸餘,1130603,支付當選後與其公務有關之費用,悠旅生活事業股份有限公司,29060218,0.00,120.00,,,,餐飲費用,金錢,桃園市龜山區****,,否,,,,,,,
106,彭俊豪,113年立法委員選舉,第1次賸餘,1130604,支付當選後與其公務有關之費用,台灣中油（股）公司油品行銷事業部桃園營業處中壢工業區加油站,44953265,0.00,1849.00,,,,油資,金錢,桃園市中壢區****,,否,,,,,,,
107,彭俊豪,113年立法委員選舉,第1次賸餘,1130606,支付當選後與其公務有關之費用,中北藥妝藥局,29365302,0.00,1380.00,,,,雜項購置或修繕費用,金錢,桃園市中壢區****,,否,,,,,,,
108,彭俊豪,113年立法委員選舉,第1次賸餘,1130607,支付當選後與其公務有關之費用,農業部農田水利署桃園管理處,43504706,0.00,46800.00,,,,租用場地費用,金錢,桃園市中壢區****,,否,,,,,,,
109,彭俊豪,113年立法委員選舉,第1次賸餘,1130609,支付當選後與其公務有關之費用,古華股份有限公司,16837146,0.00,280.00,,,,餐飲費用,金錢,桃園市中壢區****,,否,,,,,,,
110,彭俊豪,113年立法委員選舉,第1次賸餘,1130613,支付當選後與其公務有關之費用,祥益加油站企業有限公司,97022938,0.00,1829.00,,,,油資,金錢,桃園市中壢區****,,否,,,,,,,
111,彭俊豪,113年立法委員選舉,第1次賸餘,1130616,支付當選後與其公務有關之費用,車容坊股份有限公司龜山營業所,98971079,0.00,1703.00,,,,油資,金錢,桃園市龜山區****,,否,,,,,,,
112,彭俊豪,113年立法委員選舉,第1次賸餘,1130617,支付當選後與其公務有關之費用,瓶子先生魔術劇團,,0.00,20000.00,,,,其他因工作酬勞之給付,金錢,桃園市八德區****,,否,,,,,,,
113,彭俊豪,113年立法委員選舉,第1次賸餘,1130617,支付當選後與其公務有關之費用,牛小恬餐飲有限公司,83303297,0.00,285.00,,,,餐飲費用,金錢,桃園市中壢區****,,否,,,,,,,
114,彭俊豪,113年立法委員選舉,第1次賸餘,1130619,支付當選後與其公務有關之費用,華泰名品城企業股份有限公司,90562298,0.00,3481.00,,,,餐飲費用,金錢,桃園市中壢區****,,否,,,,,,,
115,彭俊豪,113年立法委員選舉,第1次賸餘,1130621,支付當選後與其公務有關之費用,台灣中油（股）公司油品行銷事業部桃園營業處平鎮加油站,44533314,0.00,1295.00,,,,油資,金錢,桃園市平鎮區****,,否,,,,,,,
116,彭俊豪,113年立法委員選舉,第1次賸餘,1130621,支付當選後與其公務有關之費用,台灣中油（股）公司油品行銷事業部桃園營業處中壢工業區加油站,44953265,0.00,1769.00,,,,油資,金錢,桃園市中壢區****,,否,,,,,,,
117,彭俊豪,113年立法委員選舉,第1次賸餘,1130621,支付當選後與其公務有關之費用,東峰餐飲有限公司,94065461,0.00,33198.00,,,,餐飲費用,金錢,桃園市中壢區****,,否,,,,,,,
118,彭俊豪,113年立法委員選舉,第1次賸餘,1130623,支付當選後與其公務有關之費用,珍旺國際餐飲有限公司-影城分公司,69742345,0.00,6904.00,,,,餐飲費用,金錢,桃園市中壢區****,,否,,,,,,,
119,彭俊豪,113年立法委員選舉,第1次賸餘,1130624,支付當選後與其公務有關之費用,台灣中油（股）公司油品行銷事業部桃園營業處中壢工業區加油站,44953265,0.00,1838.00,,,,油資,金錢,桃園市中壢區****,,否,,,,,,,
120,彭俊豪,113年立法委員選舉,第1次賸餘,1130625,支付當選後與其公務有關之費用,妮飲品屋,41429225,0.00,402.00,,,,餐飲費用,金錢,桃園市中壢區****,,否,,,,,,,
121,彭俊豪,113年立法委員選舉,第1次賸餘,1130625,支付當選後與其公務有關之費用,三郎餐飲有限公司,42761369,0.00,195.00,,,,餐飲費用,金錢,桃園市平鎮區****,,否,,,,,,,
122,彭俊豪,113年立法委員選舉,第1次賸餘,1130626,支付當選後與其公務有關之費用,環球購物中心股份有限公司,24788963,0.00,120.00,,,,餐飲費用,金錢,桃園市龜山區****,,否,,,,,,,
123,彭俊豪,113年立法委員選舉,第1次賸餘,1130626,支付當選後與其公務有關之費用,環球購物中心股份有限公司,24788963,0.00,1374.00,,,,餐飲費用,金錢,桃園市龜山區****,,否,,,,,,,
124,彭俊豪,113年立法委員選舉,第1次賸餘,1130628,支付當選後與其公務有關之費用,潮網科技股份有限公司,25128095,0.00,1469.00,,,,其他因工作酬勞之給付,金錢,臺北市中正區****,,否,,,,,,,
125,彭俊豪,113年立法委員選舉,第1次賸餘,1130628,支付當選後與其公務有關之費用,協和商行,50574831,0.00,1870.00,,,,聯誼交際費用,金錢,桃園市中壢區****,,否,,,,,,,
126,彭俊豪,113年立法委員選舉,第1次賸餘,1130628,支付當選後與其公務有關之費用,祥益加油站企業有限公司,97022938,0.00,1779.00,,,,油資,金錢,桃園市中壢區****,,否,,,,,,,
127,彭俊豪,113年立法委員選舉,第1次賸餘,1130701,支付當選後與其公務有關之費用,環球購物中心股份有限公司-林口分公司,24788963,0.00,567.00,,,,餐飲費用,金錢,桃園市龜山區****,,否,,,,,,,
128,彭俊豪,113年立法委員選舉,第1次賸餘,1130701,支付當選後與其公務有關之費用,嗜燒肉餐飲有限公司,93799114,0.00,7447.00,,,,餐飲費用,金錢,桃園市中壢區****,,否,,,,,,,
129,彭俊豪,113年立法委員選舉,第1次賸餘,1130704,支付當選後與其公務有關之費用,車容坊股份有限公司中壢營業所,29337926,0.00,1586.00,,,,油資,金錢,桃園市中壢區****,,否,,,,,,,
130,彭俊豪,113年立法委員選舉,第1次賸餘,1130704,支付當選後與其公務有關之費用,津茗企業社,93022205,0.00,1200.00,,,,餐飲費用,金錢,桃園市中壢區****,,否,,,,,,,
131,彭俊豪,113年立法委員選舉,第1次賸餘,1130706,支付當選後與其公務有關之費用,京宣企業有限公司,89977039,0.00,1771.00,,,,餐飲費用,金錢,臺北市大安區****,,否,,,,,,,
132,彭俊豪,113年立法委員選舉,第1次賸餘,1130708,支付當選後與其公務有關之費用,宏昇加油站有限公司,89824745,0.00,1668.00,,,,油資,金錢,桃園市中壢區****,,否,,,,,,,
133,彭俊豪,113年立法委員選舉,第1次賸餘,1130710,支付當選後與其公務有關之費用,大江國際股份有限公司,70779707,0.00,3980.00,,,,餐飲費用,金錢,桃園市中壢區****,,否,,,,,,,
134,彭俊豪,113年立法委員選舉,第1次賸餘,1130711,支付當選後與其公務有關之費用,新光三越百貨股份有限公司南京西路分公司三館,28433909,0.00,588.00,,,,餐飲費用,金錢,臺北市中山區****,,否,,,,,,,
135,彭俊豪,113年立法委員選舉,第1次賸餘,1130717,支付當選後與其公務有關之費用,台灣中油（股）公司油品行銷事業部桃園營業處中壢工業區加油站,44953265,0.00,1632.00,,,,油資,金錢,桃園市中壢區****,,否,,,,,,,
136,彭俊豪,113年立法委員選舉,第1次賸餘,1130719,支付當選後與其公務有關之費用,協和商行,50574831,0.00,1500.00,,,,餐飲費用,金錢,桃園市中壢區****,,否,,,,,,,
137,彭俊豪,113年立法委員選舉,第1次賸餘,1130719,支付當選後與其公務有關之費用,桃園市八二三台海戰役戰友協會,99826594,0.00,3000.00,,,,播放、傳送或刊登宣傳廣告費用,金錢,桃園市中壢區****,,否,,,,,,,
138,彭俊豪,113年立法委員選舉,第1次賸餘,1130727,支付當選後與其公務有關之費用,安心食品服務股份有限公司中壢九和分公司,28859432,0.00,275.00,,,,餐飲費用,金錢,桃園市中壢區****,,否,,,,,,,
139,彭俊豪,113年立法委員選舉,第1次賸餘,1130731,支付當選後與其公務有關之費用,潮網科技股份有限公司,25128095,0.00,1260.00,,,,其他因工作酬勞之給付,金錢,臺北市中正區****,,否,,,,,,,
140,彭俊豪,113年立法委員選舉,第1次賸餘,1130801,支付當選後與其公務有關之費用,台灣中油（股）公司油品行銷事業部桃園營業處中壢服務加油站,13762537,0.00,1545.00,,,,油資,金錢,桃園市中壢區****,,否,,,,,,,
141,彭俊豪,113年立法委員選舉,第1次賸餘,1130807,支付當選後與其公務有關之費用,台灣中油（股）公司油品行銷事業部桃園營業處中壢服務加油站,13762537,0.00,1593.00,,,,油資,金錢,桃園市中壢區****,,否,,,,,,,
142,彭俊豪,113年立法委員選舉,第1次賸餘,1130810,支付當選後與其公務有關之費用,台亞石油股份有限公司台亞中壢新生路加油站,92615519,0.00,1676.00,,,,油資,金錢,桃園市中壢區****,,否,,,,,,,
143,彭俊豪,113年立法委員選舉,第1次賸餘,1130813,支付當選後與其公務有關之費用,富順流通有限公司,25199443,0.00,1457.00,,,,油資,金錢,桃園市中壢區****,,否,,,,,,,
144,彭俊豪,113年立法委員選舉,第1次賸餘,1130815,支付當選後與其公務有關之費用,協和商行,50574831,0.00,1830.00,,,,餐飲費用,金錢,桃園市中壢區****,,否,,,,,,,
145,彭俊豪,113年立法委員選舉,第1次賸餘,1130816,支付當選後與其公務有關之費用,華碩加油站股份有限公司,12780142,0.00,1510.00,,,,油資,金錢,桃園市桃園區****,,否,,,,,,,
146,彭俊豪,113年立法委員選舉,第1次賸餘,1130816,支付當選後與其公務有關之費用,笑笑笑國際股份有限公司-中壢中山分公司,80594953,0.00,1054.00,,,,文具用品費用,金錢,桃園市中壢區****,,否,,,,,,,
147,彭俊豪,113年立法委員選舉,第1次賸餘,1130817,支付當選後與其公務有關之費用,全聯實業股份有限公司-中壢普忠分公司,51618914,0.00,576.00,,,,餐飲費用,金錢,桃園市中壢區****,,否,,,,,,,
148,彭俊豪,113年立法委員選舉,第1次賸餘,1130820,支付當選後與其公務有關之費用,匡今商行,92668016,0.00,330.00,,,,餐飲費用,金錢,桃園市龜山區****,,否,,,,,,,
149,彭俊豪,113年立法委員選舉,第1次賸餘,1130821,支付當選後與其公務有關之費用,協和商行,50574831,0.00,365.00,,,,餐飲費用,金錢,桃園市中壢區****,,否,,,,,,,
150,彭俊豪,113年立法委員選舉,第1次賸餘,1130821,支付當選後與其公務有關之費用,小香港撈碧叼車仔麵,87586388,0.00,890.00,,,,餐飲費用,金錢,桃園市平鎮區****,,否,,,,,,,
151,彭俊豪,113年立法委員選舉,第1次賸餘,1130821,支付當選後與其公務有關之費用,中壢中原分公司,94271618,0.00,344.00,,,,餐飲費用,金錢,桃園市中壢區****,,否,,,,,,,
152,彭俊豪,113年立法委員選舉,第1次賸餘,1130824,支付當選後與其公務有關之費用,鼎鈺加油站有限公司,80076311,0.00,1720.00,,,,油資,金錢,桃園市平鎮區****,,否,,,,,,,
153,彭俊豪,113年立法委員選舉,第1次賸餘,1130824,支付當選後與其公務有關之費用,青埔商務旅館顧問股份有限公司,83293925,0.00,330.00,,,,餐飲費用,金錢,桃園市大園區****,,否,,,,,,,
154,彭俊豪,113年立法委員選舉,第1次賸餘,1130827,支付當選後與其公務有關之費用,台灣中油（股）公司油品行銷事業部桃園營業處中壢加油站,44533807,0.00,1687.00,,,,油資,金錢,桃園市中壢區****,,否,,,,,,,
155,彭俊豪,113年立法委員選舉,第1次賸餘,1130827,支付當選後與其公務有關之費用,統一超商股份有限公司-台北市第四二九分公司,70744623,0.00,610.00,,,,餐飲費用,金錢,臺北市中正區****,,否,,,,,,,
156,彭俊豪,113年立法委員選舉,第1次賸餘,1130830,支付當選後與其公務有關之費用,潮網科技股份有限公司,25128095,0.00,1418.00,,,,其他因工作酬勞之給付,金錢,臺北市中正區****,,否,,,,,,,
157,彭俊豪,113年立法委員選舉,第1次賸餘,1130830,支付當選後與其公務有關之費用,豐興石油股份有限公司,42577167,0.00,1464.00,,,,油資,金錢,桃園市平鎮區****,,否,,,,,,,
158,彭俊豪,113年立法委員選舉,第1次賸餘,1130831,支付當選後與其公務有關之費用,台灣中油股份有限公司油品行銷事業部桃園營業處新屋加油站,44542622,0.00,1006.00,,,,油資,金錢,桃園市新屋區****,,否,,,,,,,
159,彭俊豪,113年立法委員選舉,第1次賸餘,1130901,支付當選後與其公務有關之費用,一四一廚房,37794241,0.00,830.00,,,,餐飲費用,金錢,桃園市中壢區****,,否,,,,,,,
160,彭俊豪,113年立法委員選舉,第1次賸餘,1130903,支付當選後與其公務有關之費用,鰞弄餐飲,92587767,0.00,269.00,,,,餐飲費用,金錢,桃園市中壢區****,,否,,,,,,,
161,彭俊豪,113年立法委員選舉,第1次賸餘,1130904,支付當選後與其公務有關之費用,津茗企業社,93022205,0.00,375.00,,,,餐飲費用,金錢,桃園市中壢區****,,否,,,,,,,
162,彭俊豪,113年立法委員選舉,第1次賸餘,1130906,支付當選後與其公務有關之費用,一心堂金香舖,80762796,0.00,750.00,,,,為民服務費用,金錢,桃園市中壢區****,,否,,,,,,,
163,彭俊豪,113年立法委員選舉,第1次賸餘,1130908,支付當選後與其公務有關之費用,桐程商行,91811675,0.00,890.00,,,,餐飲費用,金錢,桃園市平鎮區****,,否,,,,,,,
164,彭俊豪,113年立法委員選舉,第1次賸餘,1130908,支付當選後與其公務有關之費用,祥益加油站企業有限公司,97022938,0.00,1536.00,,,,油資,金錢,桃園市中壢區****,,否,,,,,,,
165,彭俊豪,113年立法委員選舉,第1次賸餘,1130910,支付當選後與其公務有關之費用,內壢加油站股份有限公司,84793737,0.00,1129.00,,,,油資,金錢,桃園市中壢區****,,否,,,,,,,
166,彭俊豪,113年立法委員選舉,第1次賸餘,1130913,支付當選後與其公務有關之費用,松柏加油站股份有限公司,89312934,0.00,1483.00,,,,油資,金錢,桃園市中壢區****,,否,,,,,,,
167,彭俊豪,113年立法委員選舉,第1次賸餘,1130914,支付當選後與其公務有關之費用,匾十堂中壢店有限公司,94091897,0.00,622.00,,,,餐飲費用,金錢,桃園市中壢區****,,否,,,,,,,
168,彭俊豪,113年立法委員選舉,第1次賸餘,1130916,支付當選後與其公務有關之費用,亞柏油品事業股份有限公司亞柏新屋加油站,72804463,0.00,610.00,,,,油資,金錢,桃園市新屋區****,,否,,,,,,,
169,彭俊豪,113年立法委員選舉,第1次賸餘,1130920,支付當選後與其公務有關之費用,鶴鼎茶商行,91571041,0.00,277.00,,,,餐飲費用,金錢,桃園市中壢區****,,否,,,,,,,
170,彭俊豪,113年立法委員選舉,第1次賸餘,1130920,支付當選後與其公務有關之費用,嗜燒肉餐飲有限公司,93799114,0.00,13761.00,,,,餐飲費用,金錢,桃園市中壢區****,,否,,,,,,,
171,彭俊豪,113年立法委員選舉,第1次賸餘,1130922,支付當選後與其公務有關之費用,雲南風味小館,09841644,0.00,4665.00,,,,餐飲費用,金錢,桃園市平鎮區****,,否,,,,,,,
172,彭俊豪,113年立法委員選舉,第1次賸餘,1130922,支付當選後與其公務有關之費用,荖子和牛有限公司中壢分店,91655323,0.00,3828.00,,,,餐飲費用,金錢,桃園市中壢區****,,否,,,,,,,
173,彭俊豪,113年立法委員選舉,第1次賸餘,1130924,支付當選後與其公務有關之費用,協和商行,50574831,0.00,975.00,,,,餐飲費用,金錢,桃園市中壢區****,,否,,,,,,,
174,彭俊豪,113年立法委員選舉,第1次賸餘,1130924,支付當選後與其公務有關之費用,三新奧特萊斯股份有限公司,54274809,0.00,500.00,,,,餐飲費用,金錢,新北市林口區****,,否,,,,,,,
175,彭俊豪,113年立法委員選舉,第1次賸餘,1130927,支付當選後與其公務有關之費用,大潤發流通事業股份有限公司中壢分公司,80030744,0.00,944.00,,,,餐飲費用,金錢,桃園市中壢區****,,否,,,,,,,
176,彭俊豪,113年立法委員選舉,第1次賸餘,1130929,支付當選後與其公務有關之費用,祥益加油站企業有限公司,97022938,0.00,1664.00,,,,油資,金錢,桃園市中壢區****,,否,,,,,,,
177,彭俊豪,113年立法委員選舉,第1次賸餘,1130930,支付當選後與其公務有關之費用,花都花店,02668296,0.00,81500.00,,,,聯誼交際費用,金錢,桃園市中壢區****,,否,,,,,,,
178,彭俊豪,113年立法委員選舉,第1次賸餘,1131001,支付當選後與其公務有關之費用,台灣樂金電器股份有限公司桃園服務站,10540701,0.00,400.00,,,,雜項購置或修繕費用,金錢,桃園市中壢區****,,否,,,,,,,
179,彭俊豪,113年立法委員選舉,第1次賸餘,1131001,支付當選後與其公務有關之費用,義凡店,31425100,0.00,900.00,,,,為民服務費用,金錢,桃園市中壢區****,,否,,,,,,,
180,彭俊豪,113年立法委員選舉,第1次賸餘,1131001,捐贈教育、文化、公益、慈善機構或團體支出,桃園市八百長春中壢彭姓宗親聯合會,87356576,0.00,6000.00,,,,捐贈教育、文化、公益、慈善機構或團體支出,金錢,桃園市中壢區****,,否,,,,,,,
181,彭俊豪,113年立法委員選舉,第1次賸餘,1131002,支付當選後與其公務有關之費用,宏勝號火雞肉飯,88934456,0.00,295.00,,,,餐飲費用,金錢,嘉義市東區中****,,否,,,,,,,
182,彭俊豪,113年立法委員選舉,第1次賸餘,1131003,支付當選後與其公務有關之費用,富順流通有限公司,25199443,0.00,1351.00,,,,油資,金錢,桃園市中壢區****,,否,,,,,,,
183,彭俊豪,113年立法委員選舉,第1次賸餘,1131005,支付當選後與其公務有關之費用,台灣中油（股）公司油品行銷事業部桃園營業處龍岡加油站,02700330,0.00,1453.00,,,,油資,金錢,桃園市中壢區****,,否,,,,,,,
184,彭俊豪,113年立法委員選舉,第1次賸餘,1131006,支付當選後與其公務有關之費用,中國青年救國團桃園市中壢國民運動中心,82195670,0.00,26000.00,,,,租用場地費用,金錢,桃園市中壢區****,,否,,,,,,,
185,彭俊豪,113年立法委員選舉,第1次賸餘,1131006,支付當選後與其公務有關之費用,全國電子股份有限公司桃園市第五十四分公司,83141147,0.00,35442.00,,,,租買辦公設備費用,金錢,桃園市中壢區****,,否,,,,,,,
186,彭俊豪,113年立法委員選舉,第1次賸餘,1131009,支付當選後與其公務有關之費用,台灣中油（股）公司油品行銷事業部桃園營業處龍岡加油站,02700330,0.00,1265.00,,,,油資,金錢,桃園市中壢區****,,否,,,,,,,
187,彭俊豪,113年立法委員選舉,第1次賸餘,1131009,支付當選後與其公務有關之費用,聯進股份有限公司中壢營業所,08414587,0.00,3600.00,,,,餐飲費用,金錢,桃園市中壢區****,,否,,,,,,,
188,彭俊豪,113年立法委員選舉,第1次賸餘,1131009,捐贈教育、文化、公益、慈善機構或團體支出,財團法人正常國家文化基金會,72616053,0.00,10000.00,,,,捐贈教育、文化、公益、慈善機構或團體支出,金錢,臺北市中正區****,,否,,,,,,,
189,彭俊豪,113年立法委員選舉,第1次賸餘,1131010,支付當選後與其公務有關之費用,富順流通有限公司,25199443,0.00,1547.00,,,,油資,金錢,桃園市中壢區****,,否,,,,,,,
190,彭俊豪,113年立法委員選舉,第1次賸餘,1131010,支付當選後與其公務有關之費用,全聯實業股份有限公司-中壢廣州分公司,43003273,0.00,1886.00,,,,餐飲費用,金錢,桃園市中壢區****,,否,,,,,,,
191,彭俊豪,113年立法委員選舉,第1次賸餘,1131010,支付當選後與其公務有關之費用,鉦曜五金商行,85249093,0.00,554.00,,,,雜項購置或修繕費用,金錢,桃園市新屋區****,,否,,,,,,,
192,彭俊豪,113年立法委員選舉,第1次賸餘,1131012,支付當選後與其公務有關之費用,全聯實業股份有限公司-中壢廣州分公司,43003273,0.00,1094.00,,,,餐飲費用,金錢,桃園市中壢區****,,否,,,,,,,
193,彭俊豪,113年立法委員選舉,第1次賸餘,1131012,支付當選後與其公務有關之費用,正笙商行,87417996,0.00,375.00,,,,餐飲費用,金錢,桃園市龜山區****,,否,,,,,,,
194,彭俊豪,113年立法委員選舉,第1次賸餘,1131014,支付當選後與其公務有關之費用,建隆煤氣行,99459865,0.00,680.00,,,,水電瓦斯費用,金錢,桃園市中壢區****,,否,,,,,,,
195,彭俊豪,113年立法委員選舉,第1次賸餘,1131016,支付當選後與其公務有關之費用,台灣中油股份有限公司油品行銷事業部桃園營業處茄苳加油站,02610485,0.00,1663.00,,,,油資,金錢,桃園市八德區****,,否,,,,,,,
196,彭俊豪,113年立法委員選舉,第1次賸餘,1131016,支付當選後與其公務有關之費用,上公園湯包惦,38820534,0.00,190.00,,,,餐飲費用,金錢,苗栗縣頭份市****,,否,,,,,,,
197,彭俊豪,113年立法委員選舉,第1次賸餘,1131016,支付當選後與其公務有關之費用,鈺豐資訊有限公司,80580661,0.00,13500.00,,,,租買辦公設備費用,金錢,桃園市中壢區****,,否,,,,,,,
198,彭俊豪,113年立法委員選舉,第1次賸餘,1131019,支付當選後與其公務有關之費用,台灣中油（股）公司油品行銷事業部桃園營業處龍岡加油站,02700330,0.00,1781.00,,,,油資,金錢,桃園市中壢區****,,否,,,,,,,
199,彭俊豪,113年立法委員選舉,第1次賸餘,1131020,支付當選後與其公務有關之費用,鉦曜五金商行,85249093,0.00,1969.00,,,,雜項購置或修繕費用,金錢,桃園市新屋區****,,否,,,,,,,
200,彭俊豪,113年立法委員選舉,第1次賸餘,1131021,支付當選後與其公務有關之費用,呆琳商行,85394791,0.00,455.00,,,,餐飲費用,金錢,桃園市中壢區****,,否,,,,,,,
201,彭俊豪,113年立法委員選舉,第1次賸餘,1131023,支付當選後與其公務有關之費用,阿潭蔬果行,49677922,0.00,780.00,,,,餐飲費用,金錢,桃園市中壢區****,,否,,,,,,,
202,彭俊豪,113年立法委員選舉,第1次賸餘,1131023,支付當選後與其公務有關之費用,坤業加油站有限公司景福營業所,50635274,0.00,1647.00,,,,油資,金錢,桃園市中壢區****,,否,,,,,,,
203,彭俊豪,113年立法委員選舉,第1次賸餘,1131024,支付當選後與其公務有關之費用,利欣隆生醫科技有限公司,89219873,0.00,11100.00,,,,為民服務費用,金錢,臺中市大安區****,,否,,,,,,,
204,彭俊豪,113年立法委員選舉,第1次賸餘,1131026,支付當選後與其公務有關之費用,許二姊麵食館,50576107,0.00,910.00,,,,餐飲費用,金錢,新竹市北區中****,,否,,,,,,,
205,彭俊豪,113年立法委員選舉,第1次賸餘,1131026,支付當選後與其公務有關之費用,義美股份有限公司-北中壢之分公司,50857773,0.00,816.00,,,,餐飲費用,金錢,桃園市中壢區****,,否,,,,,,,
206,彭俊豪,113年立法委員選舉,第1次賸餘,1131027,支付當選後與其公務有關之費用,新百王餐廳,10594298,0.00,3844.00,,,,餐飲費用,金錢,桃園市中壢區****,,否,,,,,,,
207,彭俊豪,113年立法委員選舉,第1次賸餘,1131028,支付當選後與其公務有關之費用,台灣中油股份有限公司油品行銷事業部桃園營業處新屋加油站,44542622,0.00,837.00,,,,油資,金錢,桃園市新屋區****,,否,,,,,,,
208,彭俊豪,113年立法委員選舉,第1次賸餘,1131029,支付當選後與其公務有關之費用,潮網科技股份有限公司,25128095,0.00,1260.00,,,,其他因工作酬勞之給付,金錢,臺北市中正區****,,否,,,,,,,
209,彭俊豪,113年立法委員選舉,第1次賸餘,1131101,支付當選後與其公務有關之費用,協和商行,50574831,0.00,990.00,,,,餐飲費用,金錢,桃園市中壢區****,,否,,,,,,,
210,彭俊豪,113年立法委員選舉,第1次賸餘,1131101,支付當選後與其公務有關之費用,泰小米便當店,85238379,0.00,2400.00,,,,餐飲費用,金錢,桃園市中壢區****,,否,,,,,,,
211,彭俊豪,113年立法委員選舉,第1次賸餘,1131107,支付當選後與其公務有關之費用,長庚醫療財團法人林口長庚紀念醫院,,0.00,440.00,,,,停車費,金錢,桃園市龜山區****,,否,,,,,,,
212,彭俊豪,113年立法委員選舉,第1次賸餘,1131107,支付當選後與其公務有關之費用,鳴心越式小吃店,31490951,0.00,865.00,,,,餐飲費用,金錢,桃園市中壢區****,,否,,,,,,,
213,彭俊豪,113年立法委員選舉,第1次賸餘,1131108,支付當選後與其公務有關之費用,秦皇府餐飲有限公司,89167951,0.00,415.00,,,,餐飲費用,金錢,桃園市龜山區****,,否,,,,,,,
214,彭俊豪,113年立法委員選舉,第1次賸餘,1131110,支付當選後與其公務有關之費用,新百王餐廳,10594298,0.00,9289.00,,,,餐飲費用,金錢,桃園市中壢區****,,否,,,,,,,
215,彭俊豪,113年立法委員選舉,第1次賸餘,1131110,支付當選後與其公務有關之費用,泰小米便當店,85238379,0.00,2400.00,,,,餐飲費用,金錢,桃園市中壢區****,,否,,,,,,,
216,彭俊豪,113年立法委員選舉,第1次賸餘,1131111,支付當選後與其公務有關之費用,中壢中原分公司,94271618,0.00,351.00,,,,餐飲費用,金錢,桃園市中壢區****,,否,,,,,,,
217,彭俊豪,113年立法委員選舉,第1次賸餘,1131112,支付當選後與其公務有關之費用,英屬維京群島商利時有限公司台灣分公司中壢大潤發,91339261,0.00,432.00,,,,餐飲費用,金錢,桃園市中壢區****,,否,,,,,,,
218,彭俊豪,113年立法委員選舉,第1次賸餘,1131115,支付當選後與其公務有關之費用,協和商行,50574831,0.00,1125.00,,,,餐飲費用,金錢,桃園市中壢區****,,否,,,,,,,
219,彭俊豪,113年立法委員選舉,第1次賸餘,1131119,支付當選後與其公務有關之費用,隆亮企業社,20326700,0.00,14208.00,,,,製作競選物品或宣傳廣告費用,金錢,臺中市大安區****,,否,,,,,,,
220,彭俊豪,113年立法委員選舉,第1次賸餘,1131119,支付當選後與其公務有關之費用,宗家烤肉飯,85390752,0.00,640.00,,,,餐飲費用,金錢,桃園市中壢區****,,否,,,,,,,
221,彭俊豪,113年立法委員選舉,第1次賸餘,1131120,支付當選後與其公務有關之費用,全家便利商店股份有限公司蘆竹洛陽分公司,27928208,0.00,730.00,,,,餐飲費用,金錢,桃園市蘆竹區****,,否,,,,,,,
222,彭俊豪,113年立法委員選舉,第1次賸餘,1131120,支付當選後與其公務有關之費用,中華郵政股份有限公司中壢普仁郵局,45099800,0.00,190.00,,,,郵寄競選物品或宣傳廣告費用,金錢,桃園市中壢區****,,否,,,,,,,
223,彭俊豪,113年立法委員選舉,第1次賸餘,1131125,支付當選後與其公務有關之費用,郁軒小吃店,72879127,0.00,525.00,,,,油資,金錢,桃園市中壢區****,,否,,,,,,,
224,彭俊豪,113年立法委員選舉,第1次賸餘,1131126,支付當選後與其公務有關之費用,統一精工股份有限公司中壢三站加油站,14955337,0.00,587.00,,,,油資,金錢,桃園市中壢區****,,否,,,,,,,
225,彭俊豪,113年立法委員選舉,第1次賸餘,1131126,支付當選後與其公務有關之費用,潮網科技股份有限公司,25128095,0.00,1260.00,,,,其他因工作酬勞之給付,金錢,臺北市中正區****,,否,,,,,,,
226,彭俊豪,113年立法委員選舉,第1次賸餘,1131126,支付當選後與其公務有關之費用,台灣麥當勞餐廳股份有限公司中壢環中東二分公司,27946938,0.00,228.00,,,,餐飲費用,金錢,桃園市中壢區****,,否,,,,,,,
227,彭俊豪,113年立法委員選舉,第1次賸餘,1131126,支付當選後與其公務有關之費用,長庚醫療財團法人林口長庚紀念醫院,43862061,0.00,720.00,,,,停車費,金錢,桃園市龜山區****,,否,,,,,,,
228,彭俊豪,113年立法委員選舉,第1次賸餘,1131126,支付當選後與其公務有關之費用,中平素食之家,45160918,0.00,600.00,,,,餐飲費用,金錢,桃園市中壢區****,,否,,,,,,,
229,彭俊豪,113年立法委員選舉,第1次賸餘,1131126,支付當選後與其公務有關之費用,協和商行,50574831,0.00,1425.00,,,,餐飲費用,金錢,桃園市中壢區****,,否,,,,,,,
230,彭俊豪,113年立法委員選舉,第1次賸餘,1131127,支付當選後與其公務有關之費用,由申甲有限公司,23858390,0.00,350.00,,,,文具用品費用,金錢,桃園市中壢區****,,否,,,,,,,
231,彭俊豪,113年立法委員選舉,第1次賸餘,1131127,支付當選後與其公務有關之費用,三郎餐飲有限公司,42761369,0.00,3765.00,,,,餐飲費用,金錢,桃園市平鎮區****,,否,,,,,,,
232,彭俊豪,113年立法委員選舉,第1次賸餘,1131127,支付當選後與其公務有關之費用,中平素食之家,45160918,0.00,1100.00,,,,餐飲費用,金錢,桃園市中壢區****,,否,,,,,,,
233,彭俊豪,113年立法委員選舉,第1次賸餘,1131129,支付當選後與其公務有關之費用,云滇阿美米干,95013342,0.00,550.00,,,,餐飲費用,金錢,桃園市中壢區****,,否,,,,,,,
234,彭俊豪,113年立法委員選舉,第1次賸餘,1131130,支付當選後與其公務有關之費用,花都花店,02668296,0.00,15000.00,,,,聯誼交際費用,金錢,桃園市中壢區****,,否,,,,,,,
235,彭俊豪,113年立法委員選舉,第1次賸餘,1131130,支付當選後與其公務有關之費用,泰小米便當店,85238379,0.00,2400.00,,,,餐飲費用,金錢,桃園市中壢區****,,否,,,,,,,
236,彭俊豪,113年立法委員選舉,第1次賸餘,1131201,支付當選後與其公務有關之費用,嘉興小店,34807399,0.00,590.00,,,,餐飲費用,金錢,桃園市中壢區****,,否,,,,,,,
237,彭俊豪,113年立法委員選舉,第1次賸餘,1131202,支付當選後與其公務有關之費用,中平素食之家,45160918,0.00,11100.00,,,,餐飲費用,金錢,桃園市中壢區****,,否,,,,,,,
238,彭俊豪,113年立法委員選舉,第1次賸餘,1131203,支付當選後與其公務有關之費用,全國加油站股份有限公司全國中壢加油站,26117309,0.00,774.00,,,,油資,金錢,桃園市中壢區****,,否,,,,,,,
239,彭俊豪,113年立法委員選舉,第1次賸餘,1131204,支付當選後與其公務有關之費用,眾樂商行,93018737,0.00,270.00,,,,餐飲費用,金錢,桃園市中壢區****,,否,,,,,,,
240,彭俊豪,113年立法委員選舉,第1次賸餘,1131205,支付當選後與其公務有關之費用,斗六嘴大王,26580221,0.00,150.00,,,,餐飲費用,金錢,桃園市中壢區****,,否,,,,,,,
241,彭俊豪,113年立法委員選舉,第1次賸餘,1131206,支付當選後與其公務有關之費用,全國加油站股份有限公司全國中壢加油站,26117309,0.00,603.00,,,,油資,金錢,桃園市中壢區****,,否,,,,,,,
242,彭俊豪,113年立法委員選舉,第1次賸餘,1131206,支付當選後與其公務有關之費用,金渼星藝術蛋糕專賣店,70887277,0.00,250.00,,,,餐飲費用,金錢,桃園市中壢區****,,否,,,,,,,
243,彭俊豪,113年立法委員選舉,第1次賸餘,1131210,支付當選後與其公務有關之費用,中華郵政股份有限公司中壢普仁郵局,45099800,0.00,1804.00,,,,郵寄競選物品或宣傳廣告費用,金錢,桃園市中壢區****,,否,,,,,,,
244,彭俊豪,113年立法委員選舉,第1次賸餘,1131210,支付當選後與其公務有關之費用,協和商行,50574831,0.00,525.00,,,,餐飲費用,金錢,桃園市中壢區****,,否,,,,,,,
245,彭俊豪,113年立法委員選舉,第1次賸餘,1131211,支付當選後與其公務有關之費用,斗六嘴大王,26580221,0.00,135.00,,,,餐飲費用,金錢,桃園市中壢區****,,否,,,,,,,
246,彭俊豪,113年立法委員選舉,第1次賸餘,1131211,支付當選後與其公務有關之費用,中華郵政股份有限公司中壢普仁郵局,45099800,0.00,132.00,,,,郵寄競選物品或宣傳廣告費用,金錢,桃園市中壢區****,,否,,,,,,,
247,彭俊豪,113年立法委員選舉,第1次賸餘,1131212,支付當選後與其公務有關之費用,全國加油站股份有限公司全國中壢加油站,26117309,0.00,886.00,,,,油資,金錢,桃園市中壢區****,,否,,,,,,,
248,彭俊豪,113年立法委員選舉,第1次賸餘,1131214,支付當選後與其公務有關之費用,富元加油站有限公司,23175136,0.00,531.00,,,,油資,金錢,桃園市新屋區****,,否,,,,,,,
249,彭俊豪,113年立法委員選舉,第1次賸餘,1131214,捐贈教育、文化、公益、慈善機構或團體支出,財團法人桃園市真善美社會福利基金會,30366265,0.00,1000.00,,,,捐贈教育、文化、公益、慈善機構或團體支出,金錢,桃園市中壢區****,,否,,,,,,,
250,彭俊豪,113年立法委員選舉,第1次賸餘,1131214,支付當選後與其公務有關之費用,眷村麵食館,50561414,0.00,180.00,,,,餐飲費用,金錢,桃市中壢區榮****,,否,,,,,,,
251,彭俊豪,113年立法委員選舉,第1次賸餘,1131215,支付當選後與其公務有關之費用,一九九六食堂,92585629,0.00,195.00,,,,餐飲費用,金錢,桃園市大園區****,,否,,,,,,,
252,彭俊豪,113年立法委員選舉,第1次賸餘,1131216,支付當選後與其公務有關之費用,中平素食之家,45160918,0.00,14900.00,,,,餐飲費用,金錢,桃園市中壢區****,,否,,,,,,,
253,彭俊豪,113年立法委員選舉,第1次賸餘,1131217,支付當選後與其公務有關之費用,斗六嘴大王,26580221,0.00,165.00,,,,餐飲費用,金錢,桃園市中壢區****,,否,,,,,,,
254,彭俊豪,113年立法委員選舉,第1次賸餘,1131217,支付當選後與其公務有關之費用,台灣中油（股）公司油品行銷事業部桃園營業處中壢加油站,44533807,0.00,760.00,,,,油資,金錢,桃園市中壢區****,,否,,,,,,,
255,彭俊豪,113年立法委員選舉,第1次賸餘,1131218,支付當選後與其公務有關之費用,花都花店,02668296,0.00,3500.00,,,,聯誼交際費用,金錢,桃園市中壢區****,,否,,,,,,,
256,彭俊豪,113年立法委員選舉,第1次賸餘,1131218,支付當選後與其公務有關之費用,安勇企業社,09747964,0.00,13200.00,,,,雜項購置或修繕費用,金錢,桃園市平鎮區****,,否,,,,,,,
257,彭俊豪,113年立法委員選舉,第1次賸餘,1131220,支付當選後與其公務有關之費用,全國加油站股份有限公司全國中壢加油站,26117309,0.00,484.00,,,,油資,金錢,桃園市中壢區****,,否,,,,,,,
258,彭俊豪,113年立法委員選舉,第1次賸餘,1131220,支付當選後與其公務有關之費用,迷妮飲品屋,41429225,0.00,392.00,,,,餐飲費用,金錢,桃園市中壢區****,,否,,,,,,,
259,彭俊豪,113年立法委員選舉,第1次賸餘,1131220,支付當選後與其公務有關之費用,台灣一風堂股份有限公司一風堂桃園高鐵店,42029351,0.00,390.00,,,,餐飲費用,金錢,桃園市中壢區****,,否,,,,,,,
260,彭俊豪,113年立法委員選舉,第1次賸餘,1131221,支付當選後與其公務有關之費用,環東小吃店,09663710,0.00,175.00,,,,餐飲費用,金錢,桃園市中壢區****,,否,,,,,,,
261,彭俊豪,113年立法委員選舉,第1次賸餘,1131222,支付當選後與其公務有關之費用,台灣麥當勞餐廳股份有限公司中壢環中東二分公司,27946938,0.00,215.00,,,,餐飲費用,金錢,桃園市中壢區****,,否,,,,,,,
262,彭俊豪,113年立法委員選舉,第1次賸餘,1131222,支付當選後與其公務有關之費用,內壢加油站股份有限公司,84793737,0.00,362.00,,,,油資,金錢,桃園市中壢區****,,否,,,,,,,
263,彭俊豪,113年立法委員選舉,第1次賸餘,1131223,支付當選後與其公務有關之費用,潮網科技股份有限公司,25128095,0.00,1260.00,,,,其他因工作酬勞之給付,金錢,臺北市中正區****,,否,,,,,,,
264,彭俊豪,113年立法委員選舉,第1次賸餘,1131229,支付當選後與其公務有關之費用,永順行,83887356,0.00,19500.00,,,,製作競選物品或宣傳廣告費用,金錢,桃園市中壢區****,,否,,,,,,,
265,彭俊豪,113年立法委員選舉,第1次賸餘,1131230,捐贈教育、文化、公益、慈善機構或團體支出,財團法人癌症希望基金會,26309904,0.00,300000.00,,,,捐贈教育、文化、公益、慈善機構或團體支出,金錢,臺北市中正區****,,否,,,,,,,
