﻿序號,擬參選人／政黨,選舉名稱,申報序號／年度,交易日期,收支科目,捐贈者／支出對象,身分證／統一編號,收入金額,支出金額,支出用途,金錢類,地址,聯絡電話,資料更正日期
1,張秉鈞,107年縣(市)議員選舉,首次申報,1070723,雜支支出,現代書局,00262003,0.00,60.00,文具用品費用,金錢,,,
2,張秉鈞,107年縣(市)議員選舉,首次申報,1070723,雜支支出,統棋生活百貨行,30186995,0.00,316.00,雜項購置或修繕費用,金錢,,,
3,張秉鈞,107年縣(市)議員選舉,首次申報,1070723,公共關係費用支出,集吉花苑,74846600,0.00,350.00,聯誼交際費用,金錢,,,
4,張秉鈞,107年縣(市)議員選舉,首次申報,1070723,雜支支出,麗惠飲食店,77714259,0.00,340.00,餐飲費用,金錢,,,
5,張秉鈞,107年縣(市)議員選舉,首次申報,1070723,租用競選辦事處支出,秦有南,C12*******,0.00,27000.00,租用競選辦事處費用,金錢,臺北市松山區****,,
6,張秉鈞,107年縣(市)議員選舉,首次申報,1070724,雜支支出,現代書局,00262003,0.00,128.00,文具用品費用,金錢,,,
7,張秉鈞,107年縣(市)議員選舉,首次申報,1070724,雜支支出,小文飲食店,00679064,0.00,70.00,餐飲費用,金錢,,,
8,張秉鈞,107年縣(市)議員選舉,首次申報,1070724,雜支支出,仁隆糖果行,00814012,0.00,330.00,餐飲費用,金錢,,,
9,張秉鈞,107年縣(市)議員選舉,首次申報,1070724,雜支支出,德昌鎖行,00903540,0.00,150.00,文具用品費用,金錢,,,
10,張秉鈞,107年縣(市)議員選舉,首次申報,1070725,雜支支出,現代書局,00262003,0.00,36.00,文具用品費用,金錢,,,
11,張秉鈞,107年縣(市)議員選舉,首次申報,1070725,雜支支出,小文飲食店,00679064,0.00,400.00,餐飲費用,金錢,,,
12,張秉鈞,107年縣(市)議員選舉,首次申報,1070726,雜支支出,小文飲食店,00679064,0.00,420.00,餐飲費用,金錢,,,
13,張秉鈞,107年縣(市)議員選舉,首次申報,1070726,雜支支出,美聯社,24306115,0.00,178.00,餐飲費用,金錢,,,
14,張秉鈞,107年縣(市)議員選舉,首次申報,1070726,雜支支出,統棋生活百貨行,30186995,0.00,15.00,雜項購置或修繕費用,金錢,,,
15,張秉鈞,107年縣(市)議員選舉,首次申報,1070726,雜支支出,歡喜買商行,40998445,0.00,150.00,雜項購置或修繕費用,金錢,,,
16,張秉鈞,107年縣(市)議員選舉,首次申報,1070727,雜支支出,源源魯肉飯小吃店,76673548,0.00,380.00,餐飲費用,金錢,,,
17,張秉鈞,107年縣(市)議員選舉,首次申報,1070728,雜支支出,統棋生活百貨行,30186995,0.00,56.00,雜項購置或修繕費用,金錢,,,
18,張秉鈞,107年縣(市)議員選舉,首次申報,1070728,雜支支出,歡喜買商行,40998445,0.00,647.00,雜項購置或修繕費用,金錢,,,
19,張秉鈞,107年縣(市)議員選舉,首次申報,1070728,雜支支出,大發五金百貨行,80875975,0.00,250.00,雜項購置或修繕費用,金錢,,,
20,張秉鈞,107年縣(市)議員選舉,首次申報,1070729,雜支支出,德昌食品行,60387203,0.00,1500.00,餐飲費用,金錢,,,
21,張秉鈞,107年縣(市)議員選舉,首次申報,1070729,雜支支出,大發五金百貨行,80875975,0.00,100.00,雜項購置或修繕費用,金錢,,,
22,張秉鈞,107年縣(市)議員選舉,首次申報,1070730,雜支支出,易立企業社,14441210,0.00,100.00,文具用品費用,金錢,,,
23,張秉鈞,107年縣(市)議員選舉,首次申報,1070730,雜支支出,品辰健康素食,31514671,0.00,440.00,餐飲費用,金錢,,,
24,張秉鈞,107年縣(市)議員選舉,首次申報,1070731,雜支支出,美聯社,24306115,0.00,66.00,餐飲費用,金錢,,,
25,張秉鈞,107年縣(市)議員選舉,首次申報,1070731,雜支支出,美聯社,24306115,0.00,218.00,餐飲費用,金錢,,,
26,張秉鈞,107年縣(市)議員選舉,首次申報,1070801,雜支支出,costco,16846757,0.00,1472.00,餐飲費用,金錢,,,
27,張秉鈞,107年縣(市)議員選舉,首次申報,1070801,雜支支出,歡喜買商行,40998445,0.00,285.00,雜項購置或修繕費用,金錢,,,
28,張秉鈞,107年縣(市)議員選舉,首次申報,1070801,雜支支出,吉隆有線電視股份有限公司,97162515,0.00,1500.00,雜項購置或修繕費用,金錢,,,
29,張秉鈞,107年縣(市)議員選舉,首次申報,1070801,雜支支出,吉隆有線電視股份有限公司,97162515,0.00,1530.00,雜項購置或修繕費用,金錢,,,
30,張秉鈞,107年縣(市)議員選舉,首次申報,1070802,雜支支出,麗忠飲食店,77714259,0.00,810.00,餐飲費用,金錢,,,
31,張秉鈞,107年縣(市)議員選舉,首次申報,1070803,雜支支出,天香燒肉便當,26136262,0.00,420.00,餐飲費用,金錢,,,
32,張秉鈞,107年縣(市)議員選舉,首次申報,1070805,雜支支出,燕子書局,,0.00,30.00,文具用品費用,金錢,,(02)*****,
33,張秉鈞,107年縣(市)議員選舉,首次申報,1070805,人事費用支出,陳立旻,C12*******,0.00,30000.00,工資或薪津,金錢,基隆市中山區****,,
34,張秉鈞,107年縣(市)議員選舉,首次申報,1070805,人事費用支出,楊涵婷,C22*******,0.00,24000.00,工資或薪津,金錢,基隆市中山區****,,
35,張秉鈞,107年縣(市)議員選舉,首次申報,1070805,人事費用支出,霍麗華,Q22*******,0.00,25000.00,工資或薪津,金錢,嘉義市宣信街****,,
36,張秉鈞,107年縣(市)議員選舉,首次申報,1070806,宣傳支出,健豪印刷股份有限公司,48994652,0.00,10500.00,製作宣傳廣告支出,金錢,,,
37,張秉鈞,107年縣(市)議員選舉,首次申報,1070806,雜支支出,源源魯肉飯小吃店,76677354,0.00,570.00,餐飲費用,金錢,,,
38,張秉鈞,107年縣(市)議員選舉,首次申報,1070807,雜支支出,源源魯肉飯小吃店,76677354,0.00,700.00,餐費,金錢,,,
39,張秉鈞,107年縣(市)議員選舉,首次申報,1070808,雜支支出,天香燒肉便當,26136262,0.00,900.00,餐飲費用,金錢,,,
40,張秉鈞,107年縣(市)議員選舉,首次申報,1070809,雜支支出,天香燒肉便當,26136262,0.00,540.00,餐飲費用,金錢,,,
41,張秉鈞,107年縣(市)議員選舉,首次申報,1070810,雜支支出,天香燒肉便當,26136262,0.00,1350.00,餐飲費用,金錢,,,
42,張秉鈞,107年縣(市)議員選舉,首次申報,1070810,雜支支出,佳康有限公司,54578205,0.00,23900.00,雜項購置或修繕費用,金錢,,,
43,張秉鈞,107年縣(市)議員選舉,首次申報,1070811,雜支支出,順興小吃店,77722687,0.00,15000.00,餐飲費用,金錢,,,
44,張秉鈞,107年縣(市)議員選舉,首次申報,1070812,雜支支出,香港金城燒臘便當店,31518542,0.00,700.00,餐飲費用,金錢,,,
45,張秉鈞,107年縣(市)議員選舉,首次申報,1070813,雜支支出,天香燒肉便當,26136262,0.00,810.00,餐飲費用,金錢,,,
46,張秉鈞,107年縣(市)議員選舉,首次申報,1070813,雜支支出,大發五金百貨行,80875975,0.00,3700.00,文具用品費用,金錢,,,
47,張秉鈞,107年縣(市)議員選舉,首次申報,1070813,雜支支出,合奕商行,98105540,0.00,2300.00,雜項購置或修繕費用,金錢,,,
48,張秉鈞,107年縣(市)議員選舉,首次申報,1070814,宣傳支出,中華郵政,,0.00,15.00,郵寄競選物品或宣傳廣告支出,金錢,,0800*****,
49,張秉鈞,107年縣(市)議員選舉,首次申報,1070814,雜支支出,東家館,14436379,0.00,600.00,餐飲費用,金錢,,,
50,張秉鈞,107年縣(市)議員選舉,首次申報,1070814,雜支支出,大發五金百貨行,80875975,0.00,1790.00,雜項購置或修繕費用,金錢,,,
51,張秉鈞,107年縣(市)議員選舉,首次申報,1070815,雜支支出,查某人小吃店,,0.00,630.00,餐飲費用,金錢,,(02)*****,
52,張秉鈞,107年縣(市)議員選舉,首次申報,1070815,雜支支出,東興鎖行,98104388,0.00,200.00,文具用品費用,金錢,,,
53,張秉鈞,107年縣(市)議員選舉,首次申報,1070816,雜支支出,小文飲食店,00679064,0.00,900.00,餐飲費用,金錢,,,
54,張秉鈞,107年縣(市)議員選舉,首次申報,1070817,雜支支出,查某人小吃店,,0.00,900.00,餐飲費用,金錢,,(02)*****,
55,張秉鈞,107年縣(市)議員選舉,首次申報,1070818,雜支支出,香港金城燒臘便當店,31518542,0.00,900.00,餐飲費用,金錢,,,
56,張秉鈞,107年縣(市)議員選舉,首次申報,1070819,雜支支出,香港金城燒臘便當店,31518542,0.00,900.00,餐飲費用,金錢,,,
57,張秉鈞,107年縣(市)議員選舉,首次申報,1070820,雜支支出,香港金城燒臘便當店,31518542,0.00,720.00,餐飲費用,金錢,,,
58,張秉鈞,107年縣(市)議員選舉,首次申報,1070820,雜支支出,久大文具連鎖,42866531,0.00,418.00,文具用品費用,金錢,,,
59,張秉鈞,107年縣(市)議員選舉,首次申報,1070821,雜支支出,查某人小吃店,,0.00,1350.00,餐飲費用,金錢,,(02)*****,
60,張秉鈞,107年縣(市)議員選舉,首次申報,1070822,雜支支出,香港金城燒臘便當店,31518542,0.00,720.00,餐飲費用,金錢,,,
61,張秉鈞,107年縣(市)議員選舉,首次申報,1070824,宣傳支出,中華郵政,,0.00,35.00,郵寄競選物品或宣傳廣告支出,金錢,,0800*****,
62,張秉鈞,107年縣(市)議員選舉,首次申報,1070826,雜支支出,香港金城燒臘便當店,31518542,0.00,720.00,餐飲費用,金錢,,,
63,張秉鈞,107年縣(市)議員選舉,首次申報,1070827,雜支支出,路特實業有限公司,,0.00,400.00,雜項購置或修繕費用,金錢,,(02)*****,
64,張秉鈞,107年縣(市)議員選舉,首次申報,1070827,雜支支出,路特實業有限公司,,0.00,800.00,雜項購置或修繕費用,金錢,,(02)*****,
65,張秉鈞,107年縣(市)議員選舉,首次申報,1070827,雜支支出,香港金城燒臘便當店,31518542,0.00,720.00,餐飲費用,金錢,,,
66,張秉鈞,107年縣(市)議員選舉,首次申報,1070828,雜支支出,美聯社,24306115,0.00,187.00,雜項購置或修繕費用,金錢,,,
67,張秉鈞,107年縣(市)議員選舉,首次申報,1070828,雜支支出,佳源餐飲店,72823216,0.00,850.00,餐飲費用,金錢,,,
68,張秉鈞,107年縣(市)議員選舉,首次申報,1070829,雜支支出,香港金城燒臘便當店,31518542,0.00,900.00,餐飲費用,金錢,,,
69,張秉鈞,107年縣(市)議員選舉,首次申報,1070830,雜支支出,香港金城燒臘便當店,31518542,0.00,900.00,餐飲費用,金錢,,,
70,張秉鈞,107年縣(市)議員選舉,首次申報,1070831,雜支支出,天香燒肉便當,26136262,0.00,600.00,餐飲費用,金錢,,,
71,張秉鈞,107年縣(市)議員選舉,首次申報,1070901,雜支支出,香港金城燒臘便當店,31518542,0.00,720.00,餐飲費用,金錢,,,
72,張秉鈞,107年縣(市)議員選舉,首次申報,1070901,租用競選辦事處支出,秦有南,C12*******,0.00,27000.00,租用競選辦事處費用,金錢,臺北市松山區****,,
73,張秉鈞,107年縣(市)議員選舉,首次申報,1070902,雜支支出,香港金城燒臘便當店,31518542,0.00,450.00,餐飲費用,金錢,,,
74,張秉鈞,107年縣(市)議員選舉,首次申報,1070903,雜支支出,香港金城燒臘便當店,31518542,0.00,360.00,餐飲費用,金錢,,,
75,張秉鈞,107年縣(市)議員選舉,首次申報,1070904,雜支支出,香港金城燒臘便當店,31518542,0.00,630.00,餐飲費用,金錢,,,
76,張秉鈞,107年縣(市)議員選舉,首次申報,1070905,宣傳支出,中華郵政,,0.00,28.00,郵寄競選物品或宣傳廣告支出,金錢,,0800*****,
77,張秉鈞,107年縣(市)議員選舉,首次申報,1070905,雜支支出,天香燒肉便當,26136262,0.00,1350.00,餐飲費用,金錢,,,
78,張秉鈞,107年縣(市)議員選舉,首次申報,1070905,雜支支出,7-11便利商店,27929987,0.00,130.00,餐飲費用,金錢,,,
79,張秉鈞,107年縣(市)議員選舉,首次申報,1070905,人事費用支出,陳立旻,C12*******,0.00,30000.00,工資或薪津,金錢,基隆市中山區****,,
80,張秉鈞,107年縣(市)議員選舉,首次申報,1070905,人事費用支出,楊涵婷,C22*******,0.00,26000.00,工資或薪津,金錢,基隆市中山區****,,
81,張秉鈞,107年縣(市)議員選舉,首次申報,1070905,人事費用支出,霍麗華,Q22*******,0.00,27000.00,工資或薪津,金錢,嘉義市宣信街****,,
82,張秉鈞,107年縣(市)議員選舉,首次申報,1070906,雜支支出,和大文化企業有限公司,23238049,0.00,280.00,文具用品費用,金錢,,,
83,張秉鈞,107年縣(市)議員選舉,首次申報,1070906,雜支支出,天香燒肉便當,26136262,0.00,1200.00,餐飲費用,金錢,,,
84,張秉鈞,107年縣(市)議員選舉,首次申報,1070907,雜支支出,統棋生活百貨行,30186995,0.00,50.00,雜項購置或修繕費用,金錢,,,
85,張秉鈞,107年縣(市)議員選舉,首次申報,1070908,雜支支出,香港金城燒臘便當店,31518542,0.00,450.00,餐飲費用,金錢,,,
86,張秉鈞,107年縣(市)議員選舉,首次申報,1070909,雜支支出,香港金城燒臘便當店,31518542,0.00,720.00,餐飲費用,金錢,,,
87,張秉鈞,107年縣(市)議員選舉,首次申報,1070910,雜支支出,香港金城燒臘便當店,31518542,0.00,540.00,餐飲費用,金錢,,,
88,張秉鈞,107年縣(市)議員選舉,首次申報,1070911,雜支支出,天香燒肉便當,26136262,0.00,1200.00,餐飲費用,金錢,,,
89,張秉鈞,107年縣(市)議員選舉,首次申報,1070912,雜支支出,香港金城燒臘便當店,31518542,0.00,450.00,餐飲費用,金錢,,,
90,張秉鈞,107年縣(市)議員選舉,首次申報,1070913,雜支支出,香港金城燒臘便當店,31518542,0.00,360.00,餐飲費用,金錢,,,
91,張秉鈞,107年縣(市)議員選舉,首次申報,1070914,雜支支出,和大文化企業有限公司,23238049,0.00,1207.00,文具用品費用,金錢,,,
92,張秉鈞,107年縣(市)議員選舉,首次申報,1070914,宣傳支出,東和草堂商號,30257061,0.00,10800.00,製作宣傳廣告支出,金錢,,,
93,張秉鈞,107年縣(市)議員選舉,首次申報,1070914,雜支支出,香港金城燒臘便當店,31518542,0.00,630.00,餐飲費用,金錢,,,
94,張秉鈞,107年縣(市)議員選舉,首次申報,1070915,雜支支出,costco,16846757,0.00,599.00,雜項購置或修繕費用,金錢,,,
95,張秉鈞,107年縣(市)議員選舉,首次申報,1070915,雜支支出,和大文化企業有限公司,23238049,0.00,51.00,文具用品費用,金錢,,,
96,張秉鈞,107年縣(市)議員選舉,首次申報,1070915,雜支支出,和大文化企業有限公司,23238049,0.00,290.00,文具用品費用,金錢,,,
97,張秉鈞,107年縣(市)議員選舉,首次申報,1070915,雜支支出,元寶小吃店,37755198,0.00,650.00,餐飲費用,金錢,,,
98,張秉鈞,107年縣(市)議員選舉,首次申報,1070916,雜支支出,香港金城燒臘便當店,31518542,0.00,720.00,餐飲費用,金錢,,,
99,張秉鈞,107年縣(市)議員選舉,首次申報,1070916,宣傳支出,儒鑫電腦打字排版行,81817257,0.00,1600.00,製作競選物品支出（物品名稱-請填寫）,金錢,,,
100,張秉鈞,107年縣(市)議員選舉,首次申報,1070917,雜支支出,天香燒肉便當,26136262,0.00,600.00,餐飲費用,金錢,,,
101,張秉鈞,107年縣(市)議員選舉,首次申報,1070918,雜支支出,現代書局,00262003,0.00,32.00,文具用品費用,金錢,,,
102,張秉鈞,107年縣(市)議員選舉,首次申報,1070918,雜支支出,現代書局,00262003,0.00,120.00,文具用品費用,金錢,,,
103,張秉鈞,107年縣(市)議員選舉,首次申報,1070918,雜支支出,美聯社,24306115,0.00,75.00,餐飲費用,金錢,,,
104,張秉鈞,107年縣(市)議員選舉,首次申報,1070918,雜支支出,統棋生活百貨行,30186995,0.00,78.00,雜項購置或修繕費用,金錢,,,
105,張秉鈞,107年縣(市)議員選舉,首次申報,1070918,雜支支出,香港金城燒臘便當店,31518542,0.00,1080.00,餐飲費用,金錢,,,
106,張秉鈞,107年縣(市)議員選舉,首次申報,1070918,雜支支出,德昌食品行,60387203,0.00,1780.00,餐飲費用,金錢,,,
107,張秉鈞,107年縣(市)議員選舉,首次申報,1070918,雜支支出,大發五金百貨行,80875975,0.00,30.00,文具用品費用,金錢,,,
108,張秉鈞,107年縣(市)議員選舉,首次申報,1070919,雜支支出,全聯福利中心,28433247,0.00,414.00,餐飲費用,金錢,,,
109,張秉鈞,107年縣(市)議員選舉,首次申報,1070919,雜支支出,香港金城燒臘便當店,31518542,0.00,720.00,餐飲費用,金錢,,,
110,張秉鈞,107年縣(市)議員選舉,首次申報,1070920,宣傳支出,中華郵政,,0.00,17316.00,郵寄競選物品或宣傳廣告支出,金錢,,0800*****,
111,張秉鈞,107年縣(市)議員選舉,首次申報,1070920,雜支支出,香港金城燒臘便當店,31518542,0.00,1620.00,餐飲費用,金錢,,,
112,張秉鈞,107年縣(市)議員選舉,首次申報,1070921,雜支支出,美聯社,24306115,0.00,96.00,餐飲費用,金錢,,,
113,張秉鈞,107年縣(市)議員選舉,首次申報,1070921,雜支支出,黃麵豬雞湯店,72636826,0.00,1260.00,餐飲費用,金錢,,,
114,張秉鈞,107年縣(市)議員選舉,首次申報,1070922,雜支支出,美聯社,24306115,0.00,158.00,餐飲費用,金錢,,,
115,張秉鈞,107年縣(市)議員選舉,首次申報,1070922,雜支支出,美聯社,24306115,0.00,45.00,餐飲費用,金錢,,,
116,張秉鈞,107年縣(市)議員選舉,首次申報,1070922,雜支支出,香港金城燒臘便當店,31518542,0.00,1620.00,餐飲費用,金錢,,,
117,張秉鈞,107年縣(市)議員選舉,首次申報,1070923,雜支支出,美聯社,24306115,0.00,315.00,餐飲費用,金錢,,,
118,張秉鈞,107年縣(市)議員選舉,首次申報,1070923,雜支支出,香港金城燒臘便當店,31518542,0.00,1800.00,餐飲費用,金錢,,,
119,張秉鈞,107年縣(市)議員選舉,首次申報,1070924,雜支支出,仁隆糖果行,00814012,0.00,300.00,餐飲費用,金錢,,,
120,張秉鈞,107年縣(市)議員選舉,首次申報,1070924,雜支支出,ok便利商店,16845602,0.00,1200.00,餐飲費用,金錢,,,
121,張秉鈞,107年縣(市)議員選舉,首次申報,1070924,雜支支出,美聯社,24306115,0.00,19.00,餐飲費用,金錢,,,
122,張秉鈞,107年縣(市)議員選舉,首次申報,1070924,雜支支出,微笑蔬果專賣店,37755129,0.00,1100.00,餐飲費用,金錢,,,
123,張秉鈞,107年縣(市)議員選舉,首次申報,1070925,宣傳支出,中華郵政,,0.00,43.00,郵寄競選物品或宣傳廣告支出,金錢,,0800*****,
124,張秉鈞,107年縣(市)議員選舉,首次申報,1070925,雜支支出,香港金城燒臘便當店,31518542,0.00,900.00,餐飲費用,金錢,,,
125,張秉鈞,107年縣(市)議員選舉,首次申報,1070926,雜支支出,復新蔬果行,08681850,0.00,972.00,餐飲費用,金錢,,,
126,張秉鈞,107年縣(市)議員選舉,首次申報,1070926,雜支支出,永泰行,09805204,0.00,280.00,雜項購置或修繕費用,金錢,,,
127,張秉鈞,107年縣(市)議員選舉,首次申報,1070926,雜支支出,三兄弟生鮮蔬果行,49954572,0.00,1890.00,餐飲費用,金錢,,,
128,張秉鈞,107年縣(市)議員選舉,首次申報,1070926,雜支支出,大發五金百貨行,80875975,0.00,450.00,雜項購置或修繕費用,金錢,,450*****,
129,張秉鈞,107年縣(市)議員選舉,首次申報,1070927,雜支支出,大慶商號,,0.00,2000.00,餐飲費用,金錢,,(02)*****,
130,張秉鈞,107年縣(市)議員選舉,首次申報,1070927,雜支支出,美聯社,24306115,0.00,49.00,餐飲費用,金錢,,,
131,張秉鈞,107年縣(市)議員選舉,首次申報,1070927,雜支支出,歡喜買商行,40998445,0.00,350.00,雜項購置或修繕費用,金錢,,,
132,張秉鈞,107年縣(市)議員選舉,首次申報,1070928,宣傳支出,東和草堂商號,30257061,0.00,12800.00,製作宣傳廣告支出,金錢,,,
133,張秉鈞,107年縣(市)議員選舉,首次申報,1070928,雜支支出,復鑫蔬果店,30261261,0.00,150.00,餐飲費用,金錢,,,
134,張秉鈞,107年縣(市)議員選舉,首次申報,1070928,雜支支出,小妹蔬果行,40976532,0.00,1850.00,餐飲費用,金錢,,,
135,張秉鈞,107年縣(市)議員選舉,首次申報,1070928,雜支支出,三兄弟生鮮蔬果行,49954572,0.00,1430.00,餐飲費用,金錢,,,
136,張秉鈞,107年縣(市)議員選舉,首次申報,1070928,雜支支出,德昌食品行,60387203,0.00,525.00,餐飲費用,金錢,,,
137,張秉鈞,107年縣(市)議員選舉,首次申報,1070929,雜支支出,池進發商店,00119204,0.00,1225.00,雜項購置或修繕費用,金錢,,,
138,張秉鈞,107年縣(市)議員選舉,首次申報,1070929,租用宣傳車輛支出,北基國際,09606394,0.00,1050.00,宣傳車輛燃料支出,金錢,,,
139,張秉鈞,107年縣(市)議員選舉,首次申報,1070929,雜支支出,基隆游花坊,14440465,0.00,550.00,雜項購置或修繕費用,金錢,,,
140,張秉鈞,107年縣(市)議員選舉,首次申報,1070929,雜支支出,美聯社,24306115,0.00,107.00,餐飲費用,金錢,,,
141,張秉鈞,107年縣(市)議員選舉,首次申報,1070929,雜支支出,美聯社,24306115,0.00,69.00,雜項購置或修繕費用,金錢,,,
142,張秉鈞,107年縣(市)議員選舉,首次申報,1070929,雜支支出,金豐衛材有限公司,58083400,0.00,504.00,雜項購置或修繕費用,金錢,,,
143,張秉鈞,107年縣(市)議員選舉,首次申報,1070929,雜支支出,德昌食品行,60387203,0.00,900.00,餐飲費用,金錢,,,
144,張秉鈞,107年縣(市)議員選舉,首次申報,1070929,雜支支出,大發五金百貨行,80875975,0.00,900.00,雜項購置或修繕費用,金錢,,,
145,張秉鈞,107年縣(市)議員選舉,首次申報,1070929,雜支支出,大發五金百貨行,80875975,0.00,830.00,文具用品費用,金錢,,,
146,張秉鈞,107年縣(市)議員選舉,首次申報,1070929,雜支支出,大發五金百貨行,80875975,0.00,125.00,雜項購置或修繕費用,金錢,,,
147,張秉鈞,107年縣(市)議員選舉,首次申報,1070930,雜支支出,現代書局,00262003,0.00,150.00,文具用品費用,金錢,,,
148,張秉鈞,107年縣(市)議員選舉,首次申報,1070930,雜支支出,美聯社,24306115,0.00,208.00,餐飲費用,金錢,,,
149,張秉鈞,107年縣(市)議員選舉,首次申報,1070930,集會支出,豪美企業社,30260925,0.00,10000.00,租用設備支出,金錢,,,
150,張秉鈞,107年縣(市)議員選舉,首次申報,1070930,集會支出,豪美企業社,30260925,0.00,7000.00,租用設備支出,金錢,,,
151,張秉鈞,107年縣(市)議員選舉,首次申報,1070930,雜支支出,萃茶風冷飲店,39967079,0.00,300.00,餐飲費用,金錢,,,
152,張秉鈞,107年縣(市)議員選舉,首次申報,1070930,雜支支出,光南大批發,53618670,0.00,280.00,文具用品費用,金錢,,,
153,張秉鈞,107年縣(市)議員選舉,首次申報,1070930,雜支支出,大發五金百貨行,80875975,0.00,365.00,雜項購置或修繕費用,金錢,,,
154,張秉鈞,107年縣(市)議員選舉,首次申報,1071001,租用競選辦事處支出,秦有南,C12*******,0.00,27000.00,裝潢競選辦事處支出,金錢,臺北市松山區****,,
155,張秉鈞,107年縣(市)議員選舉,首次申報,1071003,雜支支出,合奕商行,,0.00,2920.00,文具用品費用,金錢,,(02)*****,
156,張秉鈞,107年縣(市)議員選舉,首次申報,1071003,雜支支出,現代書局,00262003,0.00,24.00,文具用品費用,金錢,,,
157,張秉鈞,107年縣(市)議員選舉,首次申報,1071003,雜支支出,美聯社,24306115,0.00,130.00,餐飲費用,金錢,,,
158,張秉鈞,107年縣(市)議員選舉,首次申報,1071003,雜支支出,全聯福利中心,28433247,0.00,203.00,雜項購置或修繕費用,金錢,,,
159,張秉鈞,107年縣(市)議員選舉,首次申報,1071003,雜支支出,微笑蔬果專賣店,37755129,0.00,1105.00,餐飲費用,金錢,,,
160,張秉鈞,107年縣(市)議員選舉,首次申報,1071004,雜支支出,微笑蔬果專賣店,37755129,0.00,1200.00,餐飲費用,金錢,,,
161,張秉鈞,107年縣(市)議員選舉,首次申報,1071004,雜支支出,德昌食品行,60387203,0.00,1000.00,餐飲費用,金錢,,,
162,張秉鈞,107年縣(市)議員選舉,首次申報,1071005,雜支支出,傳水商號,,0.00,2350.00,電信費用,金錢,,(02)*****,
163,張秉鈞,107年縣(市)議員選舉,首次申報,1071005,雜支支出,大發五金百貨行,80875975,0.00,175.00,雜項購置或修繕費用,金錢,,,
164,張秉鈞,107年縣(市)議員選舉,首次申報,1071005,人事費用支出,陳立旻,C12*******,0.00,30000.00,工資或薪津,金錢,基隆市中山區****,,
165,張秉鈞,107年縣(市)議員選舉,首次申報,1071005,人事費用支出,楊涵婷,C22*******,0.00,30000.00,工資或薪津,金錢,基隆市中山區****,,
166,張秉鈞,107年縣(市)議員選舉,首次申報,1071005,人事費用支出,霍麗華,Q22*******,0.00,30000.00,工資或薪津,金錢,嘉義市宣信街****,,
167,張秉鈞,107年縣(市)議員選舉,首次申報,1071006,雜支支出,南億食品行,10563942,0.00,234.00,餐飲費用,金錢,,,
168,張秉鈞,107年縣(市)議員選舉,首次申報,1071006,雜支支出,三兄弟生鮮蔬果行,49954572,0.00,1150.00,餐飲費用,金錢,,,
169,張秉鈞,107年縣(市)議員選舉,首次申報,1071006,雜支支出,吳張姬娟攤販,76677354,0.00,1600.00,餐飲費用,金錢,,,
170,張秉鈞,107年縣(市)議員選舉,首次申報,1071007,雜支支出,costco,16846757,0.00,1058.00,書報雜誌費用,金錢,,,
171,張秉鈞,107年縣(市)議員選舉,首次申報,1071007,宣傳支出,東和草堂商號,30257061,0.00,7600.00,製作宣傳廣告支出,金錢,,,
172,張秉鈞,107年縣(市)議員選舉,首次申報,1071008,雜支支出,美聯社,24306115,0.00,119.00,餐飲費用,金錢,,,
173,張秉鈞,107年縣(市)議員選舉,首次申報,1071008,雜支支出,美聯社,24306115,0.00,105.00,餐飲費用,金錢,,,
174,張秉鈞,107年縣(市)議員選舉,首次申報,1071008,雜支支出,小妹蔬果行,40976532,0.00,1215.00,亨煮餐點購買材料,金錢,,,
175,張秉鈞,107年縣(市)議員選舉,首次申報,1071009,雜支支出,果菜承銷人郭建隆編號c棟96,18311934,0.00,1100.00,餐飲費用,金錢,,,
176,張秉鈞,107年縣(市)議員選舉,首次申報,1071009,宣傳支出,東和草堂商號,30257061,0.00,12800.00,製作宣傳廣告支出,金錢,,,
177,張秉鈞,107年縣(市)議員選舉,首次申報,1071009,雜支支出,三兄弟生鮮蔬果行,49954572,0.00,750.00,餐飲費用,金錢,,,
178,張秉鈞,107年縣(市)議員選舉,首次申報,1071010,雜支支出,微笑蔬果專賣店,37755129,0.00,1030.00,餐飲費用,金錢,,,
179,張秉鈞,107年縣(市)議員選舉,首次申報,1071010,雜支支出,德昌食品行,60387203,0.00,1800.00,餐飲費用,金錢,,,
180,張秉鈞,107年縣(市)議員選舉,首次申報,1071012,雜支支出,基隆蔡紅燒肉,,0.00,640.00,餐飲費用,金錢,,(02)*****,
181,張秉鈞,107年縣(市)議員選舉,首次申報,1071012,雜支支出,南億食品行,10563942,0.00,55.00,餐飲費用,金錢,,,
182,張秉鈞,107年縣(市)議員選舉,首次申報,1071012,宣傳支出,儒鑫電腦打字排版行,81810732,0.00,8000.00,製作宣傳廣告支出,金錢,,,
183,張秉鈞,107年縣(市)議員選舉,首次申報,1071012,雜支支出,佳婷蔬果行,99818567,0.00,900.00,餐飲費用,金錢,,,
184,張秉鈞,107年縣(市)議員選舉,首次申報,1071013,雜支支出,玉山雞肉,,0.00,1100.00,餐飲費用,金錢,,(02)*****,
185,張秉鈞,107年縣(市)議員選舉,首次申報,1071013,雜支支出,大慶商號,,0.00,1500.00,餐飲費用,金錢,,(02)*****,
186,張秉鈞,107年縣(市)議員選舉,首次申報,1071013,雜支支出,基隆市成功市場,,0.00,400.00,餐飲費用,金錢,,(02)*****,
187,張秉鈞,107年縣(市)議員選舉,首次申報,1071014,雜支支出,合奕商行,,0.00,1800.00,餐飲費用,金錢,,(02)*****,
188,張秉鈞,107年縣(市)議員選舉,首次申報,1071014,雜支支出,王濃蔬果行,41361230,0.00,1800.00,用品,金錢,,,
189,張秉鈞,107年縣(市)議員選舉,首次申報,1071014,雜支支出,三兄弟生鮮蔬果行,49954572,0.00,800.00,餐飲費用,金錢,,,
190,張秉鈞,107年縣(市)議員選舉,首次申報,1071014,雜支支出,三兄弟生鮮蔬果行,49954572,0.00,850.00,餐飲費用,金錢,,,
191,張秉鈞,107年縣(市)議員選舉,首次申報,1071015,雜支支出,德昌食品行,60387203,0.00,450.00,餐飲費用,金錢,,,
192,張秉鈞,107年縣(市)議員選舉,首次申報,1071015,公共關係費用支出,永佳西點麵包行,60388940,0.00,1000.00,聯誼交際費用,金錢,,,
193,張秉鈞,107年縣(市)議員選舉,首次申報,1071016,雜支支出,美聯社,24306115,0.00,539.00,雜項購置或修繕費用,金錢,,,
194,張秉鈞,107年縣(市)議員選舉,首次申報,1071016,雜支支出,中華電信,81817257,0.00,534.00,電信費用,金錢,,,
195,張秉鈞,107年縣(市)議員選舉,首次申報,1071016,雜支支出,中華電信,81817257,0.00,1174.00,電信費用,金錢,,,
196,張秉鈞,107年縣(市)議員選舉,首次申報,1071016,雜支支出,中華電信,81817257,0.00,372.00,電信費用,金錢,,,
197,張秉鈞,107年縣(市)議員選舉,首次申報,1071016,雜支支出,中華電信,81817257,0.00,372.00,電信費用,金錢,,,
198,張秉鈞,107年縣(市)議員選舉,首次申報,1071016,雜支支出,中華電信,81817257,0.00,374.00,電信費用,金錢,,,
199,張秉鈞,107年縣(市)議員選舉,首次申報,1071016,雜支支出,中華電信,81817257,0.00,374.00,電信費用,金錢,,,
200,張秉鈞,107年縣(市)議員選舉,首次申報,1071016,雜支支出,中華電信,81817257,0.00,374.00,電信費用,金錢,,,
201,張秉鈞,107年縣(市)議員選舉,首次申報,1071016,雜支支出,中華電信,81817257,0.00,374.00,電信費用,金錢,,,
202,張秉鈞,107年縣(市)議員選舉,首次申報,1071017,宣傳支出,中華郵政,,0.00,364.00,郵寄競選物品或宣傳廣告支出,金錢,,0800*****,
203,張秉鈞,107年縣(市)議員選舉,首次申報,1071018,雜支支出,德昌鎖行,00903540,0.00,100.00,文具用品費用,金錢,,,
204,張秉鈞,107年縣(市)議員選舉,首次申報,1071019,雜支支出,福興餅店,,0.00,600.00,餐飲費用,金錢,,(02)*****,
205,張秉鈞,107年縣(市)議員選舉,首次申報,1071019,雜支支出,美聯社,24306115,0.00,28.00,餐飲費用,金錢,,,
206,張秉鈞,107年縣(市)議員選舉,首次申報,1071019,雜支支出,美聯社,24306115,0.00,32.00,餐飲費用,金錢,,,
207,張秉鈞,107年縣(市)議員選舉,首次申報,1071019,雜支支出,小妹蔬果行,40976532,0.00,2100.00,餐飲費用,金錢,,,
208,張秉鈞,107年縣(市)議員選舉,首次申報,1071019,雜支支出,三兄弟生鮮蔬果行,49954572,0.00,524.00,餐飲費用,金錢,,,
209,張秉鈞,107年縣(市)議員選舉,首次申報,1071019,雜支支出,吳張姬娟攤販,76677354,0.00,3850.00,餐飲費用,金錢,,,
210,張秉鈞,107年縣(市)議員選舉,首次申報,1071020,雜支支出,金昇鎖匙刻印行,14440850,0.00,400.00,文具用品費用,金錢,,,
211,張秉鈞,107年縣(市)議員選舉,首次申報,1071021,雜支支出,復新蔬果行,08681850,0.00,1850.00,餐飲費用,金錢,,,
212,張秉鈞,107年縣(市)議員選舉,首次申報,1071021,雜支支出,美聯社,24306115,0.00,616.00,餐飲費用,金錢,,,
213,張秉鈞,107年縣(市)議員選舉,首次申報,1071021,雜支支出,三兄弟生鮮蔬果行,49954572,0.00,90.00,餐飲費用,金錢,,,
214,張秉鈞,107年縣(市)議員選舉,首次申報,1071021,雜支支出,德昌食品行,60387203,0.00,1000.00,餐飲費用,金錢,,,
215,張秉鈞,107年縣(市)議員選舉,首次申報,1071021,雜支支出,百福安一藥局,72622421,0.00,140.00,雜項購置或修繕費用,金錢,,,
216,張秉鈞,107年縣(市)議員選舉,首次申報,1071022,雜支支出,現代書局,00262003,0.00,173.00,文具用品費用,金錢,,,
217,張秉鈞,107年縣(市)議員選舉,首次申報,1071022,雜支支出,易立企業社,14441210,0.00,48.00,文具用品費用,金錢,,,
218,張秉鈞,107年縣(市)議員選舉,首次申報,1071022,雜支支出,儒鑫電腦打字排版行,81810732,0.00,144.00,文具用品費用,金錢,,,
219,張秉鈞,107年縣(市)議員選舉,首次申報,1071023,雜支支出,美聯社,24306115,0.00,110.00,餐飲費用,金錢,,,
220,張秉鈞,107年縣(市)議員選舉,首次申報,1071024,雜支支出,池進發商店,00119204,0.00,1800.00,雜項購置或修繕費用,金錢,,,
221,張秉鈞,107年縣(市)議員選舉,首次申報,1071025,宣傳支出,東和草堂商號,30257061,0.00,5700.00,製作宣傳廣告支出,金錢,,,
222,張秉鈞,107年縣(市)議員選舉,首次申報,1071025,雜支支出,德昌食品行,60387203,0.00,570.00,餐飲費用,金錢,,,
223,張秉鈞,107年縣(市)議員選舉,首次申報,1071025,雜支支出,吳張姬娟攤販,76677354,0.00,3650.00,餐飲費用,金錢,,,
224,張秉鈞,107年縣(市)議員選舉,首次申報,1071026,雜支支出,協裕商店,,0.00,2900.00,亨煮餐點購買材料,金錢,基隆市信義區****,,
225,張秉鈞,107年縣(市)議員選舉,首次申報,1071026,雜支支出,王濃蔬果行,41361230,0.00,1200.00,餐飲費用,金錢,,,
226,張秉鈞,107年縣(市)議員選舉,首次申報,1071027,雜支支出,美聯社,24306115,0.00,263.00,餐飲費用,金錢,,,
227,張秉鈞,107年縣(市)議員選舉,首次申報,1071027,雜支支出,小妹蔬果行,40976532,0.00,1500.00,餐飲費用,金錢,,,
228,張秉鈞,107年縣(市)議員選舉,首次申報,1071027,雜支支出,德昌食品行,60387203,0.00,5100.00,餐飲費用,金錢,,,
229,張秉鈞,107年縣(市)議員選舉,首次申報,1071028,雜支支出,基隆市成功市場,,0.00,600.00,餐飲費用,金錢,,(02)*****,
230,張秉鈞,107年縣(市)議員選舉,首次申報,1071028,雜支支出,復新蔬果行,08681850,0.00,465.00,餐飲費用,金錢,,,
231,張秉鈞,107年縣(市)議員選舉,首次申報,1071028,雜支支出,清心福全,42161941,0.00,150.00,餐飲費用,金錢,,,
232,張秉鈞,107年縣(市)議員選舉,首次申報,1071029,宣傳支出,中華郵政,,0.00,99.00,郵寄競選物品或宣傳廣告支出,金錢,,0800*****,
233,張秉鈞,107年縣(市)議員選舉,首次申報,1071029,雜支支出,易立企業社,14441210,0.00,140.00,文具用品費用,金錢,,,
234,張秉鈞,107年縣(市)議員選舉,首次申報,1071029,雜支支出,美聯社,24306115,0.00,495.00,餐飲費用,金錢,,,
235,張秉鈞,107年縣(市)議員選舉,首次申報,1071030,雜支支出,台灣自來水股份有限公司,00904745,0.00,153.00,水電瓦斯費用,金錢,,,
236,張秉鈞,107年縣(市)議員選舉,首次申報,1071030,雜支支出,德昌食品行,60387203,0.00,1400.00,餐飲費用,金錢,,,
237,張秉鈞,107年縣(市)議員選舉,首次申報,1071030,雜支支出,大發五金百貨行,80875975,0.00,1200.00,雜項購置或修繕費用,金錢,,,
238,張秉鈞,107年縣(市)議員選舉,首次申報,1071031,雜支支出,國泰人壽,,0.00,9205.00,公共意外保險費,金錢,,0800*****,
239,張秉鈞,107年縣(市)議員選舉,首次申報,1071101,集會支出,基隆市政府中山區公所,,0.00,3400.00,租用場地支出,金錢,,(02)*****,
240,張秉鈞,107年縣(市)議員選舉,首次申報,1071101,雜支支出,美聯社,24306115,0.00,199.00,餐飲費用,金錢,,,
241,張秉鈞,107年縣(市)議員選舉,首次申報,1071101,雜支支出,美聯社,24306115,0.00,58.00,餐飲費用,金錢,,,
242,張秉鈞,107年縣(市)議員選舉,首次申報,1071101,租用競選辦事處支出,秦有南,C12*******,0.00,27000.00,租用競選辦事處費用,金錢,臺北市松山區****,,
243,張秉鈞,107年縣(市)議員選舉,首次申報,1071102,宣傳支出,東和草堂商號,30257061,0.00,8000.00,製作宣傳廣告支出,金錢,,,
244,張秉鈞,107年縣(市)議員選舉,首次申報,1071102,租用宣傳車輛支出,台莊基隆加油站,37984811,0.00,700.00,宣傳車輛燃料支出,金錢,,,
245,張秉鈞,107年縣(市)議員選舉,首次申報,1071102,雜支支出,三兄弟生鮮蔬果行,49954572,0.00,80.00,餐飲費用,金錢,,,
246,張秉鈞,107年縣(市)議員選舉,首次申報,1071102,雜支支出,德昌食品行,60387203,0.00,5500.00,餐飲費用,金錢,,,
247,張秉鈞,107年縣(市)議員選舉,首次申報,1071104,雜支支出,傳水商號,30387249,0.00,1600.00,餐飲費用,金錢,,,
248,張秉鈞,107年縣(市)議員選舉,首次申報,1071104,宣傳支出,好玩的劇團,50507518,0.00,68900.00,演講或表演支出,金錢,基隆市中山區****,,
249,張秉鈞,107年縣(市)議員選舉,首次申報,1071104,雜支支出,大發五金百貨行,80875975,0.00,125.00,雜項購置或修繕費用,金錢,,,
250,張秉鈞,107年縣(市)議員選舉,首次申報,1071105,雜支支出,台灣電力公司,00423107,0.00,6863.00,水電瓦斯費用,金錢,,,
251,張秉鈞,107年縣(市)議員選舉,首次申報,1071105,租用宣傳車輛支出,台灣中油,77709565,0.00,461.00,宣傳車輛燃料支出,金錢,,,
252,張秉鈞,107年縣(市)議員選舉,首次申報,1071105,租用宣傳車輛支出,台灣中油,77709565,0.00,39.00,宣傳車輛燃料支出,金錢,,,
253,張秉鈞,107年縣(市)議員選舉,首次申報,1071105,人事費用支出,陳立旻,C12*******,0.00,30000.00,工資或薪津,金錢,基隆市中山區****,,
254,張秉鈞,107年縣(市)議員選舉,首次申報,1071105,人事費用支出,楊涵婷,C22*******,0.00,30000.00,工資或薪津,金錢,基隆市中山區****,,
255,張秉鈞,107年縣(市)議員選舉,首次申報,1071105,人事費用支出,霍麗華,Q22*******,0.00,30000.00,工資或薪津,金錢,嘉義市宣信街****,,
256,張秉鈞,107年縣(市)議員選舉,首次申報,1071106,租用宣傳車輛支出,北基國際,09606394,0.00,1000.00,宣傳車輛燃料支出,金錢,,,
257,張秉鈞,107年縣(市)議員選舉,首次申報,1071106,雜支支出,易立企業社,14441210,0.00,110.00,文具用品費用,金錢,,,
258,張秉鈞,107年縣(市)議員選舉,首次申報,1071106,雜支支出,中華電信,81817257,0.00,75.00,電信費用,金錢,,,
259,張秉鈞,107年縣(市)議員選舉,首次申報,1071106,雜支支出,中華電信,81817257,0.00,727.00,電信費用,金錢,,,
260,張秉鈞,107年縣(市)議員選舉,首次申報,1071106,雜支支出,中華電信,81817257,0.00,669.00,電信費用,金錢,,,
261,張秉鈞,107年縣(市)議員選舉,首次申報,1071106,雜支支出,中華電信,81817257,0.00,679.00,電信費用,金錢,,,
262,張秉鈞,107年縣(市)議員選舉,首次申報,1071106,雜支支出,中華電信,81817257,0.00,376.00,電信費用/#,金錢,,,
263,張秉鈞,107年縣(市)議員選舉,首次申報,1071106,雜支支出,中華電信,81817257,0.00,365.00,電信費用,金錢,,,
264,張秉鈞,107年縣(市)議員選舉,首次申報,1071106,雜支支出,中華電信,81817257,0.00,360.00,電信費用,金錢,,,
265,張秉鈞,107年縣(市)議員選舉,首次申報,1071106,雜支支出,中華電信,81817257,0.00,360.00,電信費用,金錢,,,
266,張秉鈞,107年縣(市)議員選舉,首次申報,1071106,雜支支出,中華電信,81817257,0.00,360.00,電信費用,金錢,,,
267,張秉鈞,107年縣(市)議員選舉,首次申報,1071106,雜支支出,中華電信,81817257,0.00,360.00,電信費用,金錢,,,
268,張秉鈞,107年縣(市)議員選舉,首次申報,1071106,雜支支出,中華電信,81817257,0.00,360.00,電信費用,金錢,,,
269,張秉鈞,107年縣(市)議員選舉,首次申報,1071106,雜支支出,中華電信,81817257,0.00,360.00,電信費用,金錢,,,
270,張秉鈞,107年縣(市)議員選舉,首次申報,1071106,雜支支出,中華電信,81817257,0.00,360.00,電信費用,金錢,,,
271,張秉鈞,107年縣(市)議員選舉,首次申報,1071106,雜支支出,中華電信,81817257,0.00,361.00,電信費用,金錢,,,
272,張秉鈞,107年縣(市)議員選舉,首次申報,1071106,雜支支出,中華電信,81817257,0.00,362.00,電信費用,金錢,,,
273,張秉鈞,107年縣(市)議員選舉,首次申報,1071106,雜支支出,中華電信,81817257,0.00,362.00,電信費用,金錢,,,
274,張秉鈞,107年縣(市)議員選舉,首次申報,1071106,雜支支出,中華電信,81817257,0.00,1627.00,電信費用,金錢,,,
275,張秉鈞,107年縣(市)議員選舉,首次申報,1071107,雜支支出,基隆市成功市場,,0.00,1500.00,餐飲費用,金錢,,(02)*****,
276,張秉鈞,107年縣(市)議員選舉,首次申報,1071107,宣傳支出,中華郵政,,0.00,245.00,郵寄競選物品或宣傳廣告支出,金錢,,0800*****,
277,張秉鈞,107年縣(市)議員選舉,首次申報,1071107,雜支支出,台灣電音股份有限公司,22970607,0.00,500.00,雜項購置或修繕費用,金錢,,,
278,張秉鈞,107年縣(市)議員選舉,首次申報,1071107,雜支支出,大慶大藥局,30112452,0.00,179.00,雜項購置或修繕費用,金錢,,,
279,張秉鈞,107年縣(市)議員選舉,首次申報,1071107,雜支支出,清心福全,42161941,0.00,30.00,餐飲費用,金錢,,,
280,張秉鈞,107年縣(市)議員選舉,首次申報,1071107,雜支支出,大發五金百貨行,80875975,0.00,440.00,文具用品費用,金錢,,,
281,張秉鈞,107年縣(市)議員選舉,首次申報,1071108,雜支支出,傳水商號,30387249,0.00,2100.00,餐飲費用,金錢,,,
282,張秉鈞,107年縣(市)議員選舉,首次申報,1071108,雜支支出,光南大批發,53618670,0.00,177.00,文具用品費用,金錢,,,
283,張秉鈞,107年縣(市)議員選舉,首次申報,1071109,雜支支出,美聯社,24306115,0.00,193.00,餐飲費用,金錢,,,
284,張秉鈞,107年縣(市)議員選舉,首次申報,1071109,雜支支出,美聯社,24306115,0.00,42.00,餐飲費用,金錢,,,
285,張秉鈞,107年縣(市)議員選舉,首次申報,1071109,宣傳支出,聰德廣告社,81811660,0.00,5000.00,製作宣傳廣告支出,金錢,,,
286,張秉鈞,107年縣(市)議員選舉,首次申報,1071110,雜支支出,美聯社,24306115,0.00,171.00,餐飲費用,金錢,,,
287,張秉鈞,107年縣(市)議員選舉,首次申報,1071110,租用宣傳車輛支出,台莊基隆加油站,37984811,0.00,1000.00,宣傳車輛燃料支出,金錢,,,
288,張秉鈞,107年縣(市)議員選舉,首次申報,1071110,雜支支出,德昌食品行,60387203,0.00,720.00,餐飲費用,金錢,,,
289,張秉鈞,107年縣(市)議員選舉,首次申報,1071110,雜支支出,大發五金百貨行,80875975,0.00,199.00,文具用品費用,金錢,,,
290,張秉鈞,107年縣(市)議員選舉,首次申報,1071111,雜支支出,德昌食品行,60387203,0.00,3150.00,餐飲費用,金錢,,,
291,張秉鈞,107年縣(市)議員選舉,首次申報,1071112,雜支支出,吉隆有線電視股份有限公司,,0.00,1530.00,雜項購置或修繕費用,金錢,,02(2*****,
292,張秉鈞,107年縣(市)議員選舉,首次申報,1071112,雜支支出,美聯社,24306115,0.00,55.00,餐飲費用,金錢,,,
293,張秉鈞,107年縣(市)議員選舉,首次申報,1071112,雜支支出,德昌食品行,60387203,0.00,4300.00,餐飲費用,金錢,,,
294,張秉鈞,107年縣(市)議員選舉,首次申報,1071113,雜支支出,台灣電音股份有限公司,22970607,0.00,500.00,雜項購置或修繕費用,金錢,,,
295,張秉鈞,107年縣(市)議員選舉,首次申報,1071113,雜支支出,美聯社,24306115,0.00,119.00,餐飲費用,金錢,,,
296,張秉鈞,107年縣(市)議員選舉,首次申報,1071113,雜支支出,王濃蔬果行,41361230,0.00,3000.00,餐飲費用,金錢,,,
297,張秉鈞,107年縣(市)議員選舉,首次申報,1071113,租用宣傳車輛支出,台灣中油,77709615,0.00,1000.00,宣傳車輛燃料支出,金錢,,,
298,張秉鈞,107年縣(市)議員選舉,首次申報,1071114,雜支支出,永泰行,09805204,0.00,500.00,雜項購置或修繕費用,金錢,,,
299,張秉鈞,107年縣(市)議員選舉,首次申報,1071114,雜支支出,易立企業社,14441210,0.00,700.00,文具用品費用,金錢,,,
300,張秉鈞,107年縣(市)議員選舉,首次申報,1071114,雜支支出,美聯社,24306115,0.00,42.00,餐飲費用,金錢,,,
301,張秉鈞,107年縣(市)議員選舉,首次申報,1071114,雜支支出,美聯社,24306115,0.00,307.00,餐飲費用,金錢,,,
302,張秉鈞,107年縣(市)議員選舉,首次申報,1071114,宣傳支出,東和草堂商號,30257061,0.00,3800.00,製作宣傳廣告支出,金錢,,,
303,張秉鈞,107年縣(市)議員選舉,首次申報,1071114,雜支支出,傳水商號,30387249,0.00,2100.00,餐飲費用,金錢,,,
304,張秉鈞,107年縣(市)議員選舉,首次申報,1071114,雜支支出,三兄弟生鮮蔬果行,49954572,0.00,890.00,餐飲費用,金錢,,,
305,張秉鈞,107年縣(市)議員選舉,首次申報,1071115,雜支支出,協裕商店,,0.00,1850.00,餐飲費用,金錢,基隆市信義區****,,
306,張秉鈞,107年縣(市)議員選舉,首次申報,1071115,租用宣傳車輛支出,智勇機車行,14433181,0.00,300.00,宣傳車輛燃料支出,金錢,,,
307,張秉鈞,107年縣(市)議員選舉,首次申報,1071116,雜支支出,吳張姬娟攤販,76677354,0.00,3350.00,餐飲費用,金錢,,,
308,張秉鈞,107年縣(市)議員選舉,首次申報,1071117,雜支支出,美聯社,24306115,0.00,104.00,餐飲費用,金錢,,,
309,張秉鈞,107年縣(市)議員選舉,首次申報,1071117,雜支支出,王濃蔬果行,41361230,0.00,3000.00,餐飲費用,金錢,,,
310,張秉鈞,107年縣(市)議員選舉,首次申報,1071117,雜支支出,德昌食品行,60387203,0.00,5000.00,餐飲費用,金錢,,,
311,張秉鈞,107年縣(市)議員選舉,首次申報,1071117,租用宣傳車輛支出,台灣中油,77709615,0.00,1000.00,宣傳車輛燃料支出,金錢,,,
312,張秉鈞,107年縣(市)議員選舉,首次申報,1071118,雜支支出,晶晶企業社,26560745,0.00,5000.00,雜項購置或修繕費用,金錢,,,
313,張秉鈞,107年縣(市)議員選舉,首次申報,1071118,宣傳支出,藝泰廣告社,41002214,0.00,410000.00,製作競選物品支出（廣告帆布）,金錢,基隆市中山區****,0224*****,
314,張秉鈞,107年縣(市)議員選舉,首次申報,1071118,雜支支出,大發五金百貨行,80875975,0.00,75.00,文具用品費用,金錢,,,
315,張秉鈞,107年縣(市)議員選舉,首次申報,1071119,雜支支出,現代書局,00262003,0.00,10.00,文具用品費用,金錢,,,
316,張秉鈞,107年縣(市)議員選舉,首次申報,1071119,雜支支出,美聯社,24306115,0.00,59.00,餐飲費用,金錢,,,
317,張秉鈞,107年縣(市)議員選舉,首次申報,1071119,宣傳支出,儒鑫電腦打字排版行,81810732,0.00,3000.00,製作宣傳廣告支出,金錢,,,
318,張秉鈞,107年縣(市)議員選舉,首次申報,1071120,宣傳支出,中華郵政,,0.00,175.00,郵寄競選物品或宣傳廣告支出,金錢,,0800*****,
319,張秉鈞,107年縣(市)議員選舉,首次申報,1071120,雜支支出,王濃蔬果行,41361230,0.00,4500.00,餐飲費用,金錢,,,
320,張秉鈞,107年縣(市)議員選舉,首次申報,1071120,雜支支出,全家便利商店,53653227,0.00,77.00,餐飲費用,金錢,,,
321,張秉鈞,107年縣(市)議員選舉,首次申報,1071120,宣傳支出,擎天娛樂事業股份有現公司,70383655,0.00,3150.00,播送、傳送或刊登宣傳廣告支出,金錢,,,
322,張秉鈞,107年縣(市)議員選舉,首次申報,1071120,租用宣傳車輛支出,台灣中油,77709615,0.00,1000.00,宣傳車輛燃料支出,金錢,,,
323,張秉鈞,107年縣(市)議員選舉,首次申報,1071120,宣傳支出,儒鑫電腦打字排版行,81810732,0.00,1000.00,製作宣傳廣告支出,金錢,,,
324,張秉鈞,107年縣(市)議員選舉,首次申報,1071120,宣傳支出,豐華音樂經記股份有限公司,89481678,0.00,3150.00,播送、傳送或刊登宣傳廣告支出,金錢,,,
325,張秉鈞,107年縣(市)議員選舉,首次申報,1071121,雜支支出,美聯社,24306115,0.00,52.00,餐飲費用,金錢,,,
326,張秉鈞,107年縣(市)議員選舉,首次申報,1071121,雜支支出,三兄弟生鮮蔬果行,49954572,0.00,1430.00,餐飲費用,金錢,,,
327,張秉鈞,107年縣(市)議員選舉,首次申報,1071122,雜支支出,晶晶企業社,26560745,0.00,503.00,文具用品費用,金錢,,,
328,張秉鈞,107年縣(市)議員選舉,首次申報,1071122,雜支支出,德昌食品行,60387203,0.00,5000.00,餐飲費用,金錢,,,
329,張秉鈞,107年縣(市)議員選舉,首次申報,1071123,租用宣傳車輛支出,台莊基隆加油站,37984811,0.00,950.00,宣傳車輛燃料支出,金錢,,,
330,張秉鈞,107年縣(市)議員選舉,首次申報,1071123,雜支支出,三兄弟生鮮蔬果行,49954572,0.00,980.00,餐飲費用,金錢,,,
331,張秉鈞,107年縣(市)議員選舉,首次申報,1071123,雜支支出,吳張姬娟攤販,76677354,0.00,3300.00,餐飲費用,金錢,,,
332,張秉鈞,107年縣(市)議員選舉,首次申報,1071126,宣傳支出,財團法人中華音樂著作權協會,19330608,0.00,4620.00,播送、傳送或刊登宣傳廣告支出,金錢,,,
333,張秉鈞,107年縣(市)議員選舉,首次申報,1071205,人事費用支出,陳立旻,C12*******,0.00,30000.00,工資或薪津,金錢,基隆市中山區****,,
334,張秉鈞,107年縣(市)議員選舉,首次申報,1071205,人事費用支出,楊涵婷,C22*******,0.00,30000.00,工資或薪津,金錢,基隆市中山區****,,
335,張秉鈞,107年縣(市)議員選舉,首次申報,1071205,人事費用支出,霍麗華,Q22*******,0.00,30000.00,工資或薪津,金錢,嘉義市宣信街****,,
336,張秉鈞,107年縣(市)議員選舉,首次申報,1071217,雜支支出,中華電信,81817257,0.00,1432.00,電信費用,金錢,,,
337,張秉鈞,107年縣(市)議員選舉,首次申報,1071217,雜支支出,中華電信,81817257,0.00,252.00,電信費用,金錢,,,
338,張秉鈞,107年縣(市)議員選舉,首次申報,1071217,雜支支出,中華電信,81817257,0.00,494.00,電信費用,金錢,,,
339,張秉鈞,107年縣(市)議員選舉,首次申報,1071217,雜支支出,中華電信,81817257,0.00,459.00,電信費用,金錢,,,
340,張秉鈞,107年縣(市)議員選舉,首次申報,1071217,雜支支出,中華電信,81817257,0.00,264.00,電信費用,金錢,,,
341,張秉鈞,107年縣(市)議員選舉,首次申報,1071217,雜支支出,中華電信,81817257,0.00,270.00,電信費用,金錢,,,
342,張秉鈞,107年縣(市)議員選舉,首次申報,1071217,雜支支出,中華電信,81817257,0.00,252.00,電信費用,金錢,,,
343,張秉鈞,107年縣(市)議員選舉,首次申報,1071217,雜支支出,中華電信,81817257,0.00,314.00,電信費用,金錢,,,
344,張秉鈞,107年縣(市)議員選舉,首次申報,1071217,雜支支出,中華電信,81817257,0.00,740.00,電信費用,金錢,,,
345,張秉鈞,107年縣(市)議員選舉,首次申報,1071217,雜支支出,中華電信,81817257,0.00,787.00,電信費用,金錢,,,
346,張秉鈞,107年縣(市)議員選舉,首次申報,1071217,雜支支出,中華電信,81817257,0.00,681.00,電信費用,金錢,,,
347,張秉鈞,107年縣(市)議員選舉,首次申報,1071217,雜支支出,中華電信,81817257,0.00,638.00,電信費用,金錢,,,
348,張秉鈞,107年縣(市)議員選舉,首次申報,1071217,雜支支出,中華電信,81817257,0.00,426.00,電信費用,金錢,,,
349,張秉鈞,107年縣(市)議員選舉,首次申報,1071217,雜支支出,中華電信,81817257,0.00,389.00,電信費用,金錢,,,
350,張秉鈞,107年縣(市)議員選舉,首次申報,1071217,雜支支出,中華電信,81817257,0.00,374.00,電信費用,金錢,,,
351,張秉鈞,107年縣(市)議員選舉,首次申報,1071217,雜支支出,中華電信,81817257,0.00,335.00,電信費用,金錢,,,
352,張秉鈞,107年縣(市)議員選舉,首次申報,1071224,雜支支出,台灣電力公司,00423107,0.00,14066.00,水電瓦斯費用,金錢,,,
353,張秉鈞,107年縣(市)議員選舉,首次申報,1080123,返還支出,劉林宗,,0.00,2000.00,返還,金錢,基隆市安樂區****,,
354,張秉鈞,107年縣(市)議員選舉,首次申報,1080123,返還支出,孫焰龍,,0.00,10000.00,返還,金錢,新北市汐止區****,0933*****,
355,張秉鈞,107年縣(市)議員選舉,首次申報,1080123,返還支出,潘乙妹,,0.00,5000.00,返還,金錢,基隆市中山區****,0970*****,
356,張秉鈞,107年縣(市)議員選舉,首次申報,1080123,返還支出,黃雅麗,,0.00,5000.00,返還,金錢,基隆市中山區****,0919*****,
357,張秉鈞,107年縣(市)議員選舉,首次申報,1080123,返還支出,黃美齡,,0.00,5000.00,返還,金錢,基隆市中山區****,0910*****,
358,張秉鈞,107年縣(市)議員選舉,首次申報,1080123,返還支出,李嘉文,,0.00,5000.00,返還,金錢,基隆市中山區****,0928*****,
359,張秉鈞,107年縣(市)議員選舉,首次申報,1080123,返還支出,張勝雄,,0.00,5000.00,返還,金錢,基隆市中山區****,0224*****,
360,張秉鈞,107年縣(市)議員選舉,首次申報,1080123,返還支出,宋碧霞,,0.00,3000.00,返還,金錢,基隆市仁愛區****,0916*****,
361,張秉鈞,107年縣(市)議員選舉,首次申報,1080123,返還支出,國源起重工程有限公司,16060545,0.00,20000.00,返還,金錢,,,
362,張秉鈞,107年縣(市)議員選舉,首次申報,1080123,返還支出,弘安起重工程有限公司,27891954,0.00,20000.00,返還,金錢,,,
363,張秉鈞,107年縣(市)議員選舉,首次申報,1080123,返還支出,泰豐禮品美術有限公司,97264180,0.00,10000.00,返還,金錢,基隆市中正區****,(02)*****,
364,張秉鈞,107年縣(市)議員選舉,首次申報,1080123,返還支出,簡偉銘,C12*******,0.00,10000.00,返還,金錢,基隆市中正區****,0928*****,
365,張秉鈞,107年縣(市)議員選舉,首次申報,1080123,返還支出,沈連勝,T10*******,0.00,10000.00,返還,金錢,基隆市安一路****,0224*****,
