﻿序號,擬參選人／政黨,選舉名稱,申報序號／年度,交易日期,收支科目,捐贈者／支出對象,身分證／統一編號,收入金額,支出金額,捐贈方式,存入專戶日期,返還/繳庫,支出用途,金錢類,地址,聯絡電話,應揭露之支出對象,支出對象之內部人員姓名,支出對象之內部人員職稱,政黨之內部人員姓名,政黨之內部人員職稱,關係,更正註記,資料更正日期
1,林宜瑾,113年立法委員選舉,首次申報,1120717,個人捐贈收入,陳建志,A12*******,100000.00,0.00,現金,1120717,,,金錢,臺北市民生東****,0931*****,,,,,,,,
2,林宜瑾,113年立法委員選舉,首次申報,1120718,個人捐贈收入,梁洪睿,A12*******,10000.00,0.00,現金,1120718,,,金錢,臺南市新化區****,0915*****,,,,,,,,
3,林宜瑾,113年立法委員選舉,首次申報,1120719,個人捐贈收入,徐森林,K12*******,100000.00,0.00,現金,1120719,,,金錢,復興北路號樓****,0627*****,,,,,,,,
4,林宜瑾,113年立法委員選舉,首次申報,1120719,個人捐贈收入,黃美娣,S20*******,100000.00,0.00,現金,1120719,,,金錢,復興北路號樓****,0627*****,,,,,,,,
5,林宜瑾,113年立法委員選舉,首次申報,1120731,個人捐贈收入,詹益寧,M12*******,100000.00,0.00,現金,1120731,,,金錢,臺南市安平區****,0910*****,,,,,,,,
6,林宜瑾,113年立法委員選舉,首次申報,1120801,個人捐贈收入,郭世芳,R12*******,100000.00,0.00,現金,1120801,,,金錢,臺南市永康區****,0630*****,,,,,,,,
7,林宜瑾,113年立法委員選舉,首次申報,1120808,個人捐贈收入,李奇峰,F12*******,100000.00,0.00,現金,1120808,,,金錢,臺北市中正區****,0928*****,,,,,,,,
8,林宜瑾,113年立法委員選舉,首次申報,1120822,個人捐贈收入,吳國榮,D10*******,10000.00,0.00,現金,1120822,,,金錢,臺南市歸仁區****,,,,,,,,,
9,林宜瑾,113年立法委員選舉,首次申報,1120822,個人捐贈收入,李俊杰,D12*******,20000.00,0.00,現金,1120822,,,金錢,臺南市中西區****,0623*****,,,,,,,,
10,林宜瑾,113年立法委員選舉,首次申報,1120822,個人捐贈收入,戴玲珠,J22*******,50000.00,0.00,現金,1120822,,,金錢,臺南市安南區****,0932*****,,,,,,,,
11,林宜瑾,113年立法委員選舉,首次申報,1120822,個人捐贈收入,楊忠錫,N12*******,50000.00,0.00,票據,1120822,,,金錢,臺南市新市區****,0659*****,,,,,,,,
12,林宜瑾,113年立法委員選舉,首次申報,1120822,個人捐贈收入,林士敦,P12*******,50000.00,0.00,票據,1120822,,,金錢,臺南市南區竹****,0921*****,,,,,,,,
13,林宜瑾,113年立法委員選舉,首次申報,1120822,個人捐贈收入,吳志宗,S12*******,100000.00,0.00,現金,1120822,,,金錢,臺南市永康中****,0929*****,,,,,,,,
14,林宜瑾,113年立法委員選舉,首次申報,1120822,個人捐贈收入,李森仁,T12*******,100000.00,0.00,現金,1120822,,,金錢,臺南市永康復****,0627*****,,,,,,,,
15,林宜瑾,113年立法委員選舉,首次申報,1120822,個人捐贈收入,顏大翔,X12*******,100000.00,0.00,匯款,1120822,,,金錢,臺南市東區凱****,,,,,,,,,
16,林宜瑾,113年立法委員選舉,首次申報,1120830,個人捐贈收入,陳炳諴,D12*******,50000.00,0.00,現金,1120830,,,金錢,臺南市永康區****,0975*****,,,,,,,,
17,林宜瑾,113年立法委員選舉,首次申報,1120906,人民團體捐贈收入,中華民國全國建築師公會,,80000.00,0.00,票據,1120906,,,金錢,台北市基隆路****,02-2*****,,,,,,,,
18,林宜瑾,113年立法委員選舉,首次申報,1120912,個人捐贈收入,張文瑄,A22*******,100000.00,0.00,現金,1120912,,,金錢,臺北市大安區****,02-2*****,,,,,,,,
19,林宜瑾,113年立法委員選舉,首次申報,1121002,個人捐贈收入,張欽智,D10*******,3875.00,0.00,匯款,1121002,,,金錢,臺南市永康區****,,,,,,,,,
20,林宜瑾,113年立法委員選舉,首次申報,1121002,個人捐贈收入,謝欣妤,D22*******,30000.00,0.00,現金,1121002,,,金錢,臺南市北區賢****,0932*****,,,,,,,,
21,林宜瑾,113年立法委員選舉,首次申報,1121002,個人捐贈收入,謝欣妤,D22*******,12125.00,0.00,匯款,1121002,,,金錢,臺南市北區賢****,,,,,,,,,
22,林宜瑾,113年立法委員選舉,首次申報,1121002,個人捐贈收入,胡景堯,R12*******,28500.00,0.00,匯款,1121002,,,金錢,台南市永康區****,0912*****,,,,,,,,
23,林宜瑾,113年立法委員選舉,首次申報,1121003,個人捐贈收入,胡景堯,R12*******,15500.00,0.00,匯款,1121003,,,金錢,台南市永康區****,0912*****,,,,,,,,
24,林宜瑾,113年立法委員選舉,首次申報,1121006,營利事業捐贈收入,元豐配管工程有限公司,53302089,200000.00,0.00,匯款,1121006,,,金錢,臺南市新市區****,0933*****,,,,,,,,
25,林宜瑾,113年立法委員選舉,首次申報,1121006,營利事業捐贈收入,伍豐科技股份有限公司,89961466,500000.00,0.00,匯款,1121006,,,金錢,新北市汐止區****,,,,,,,,,
26,林宜瑾,113年立法委員選舉,首次申報,1121006,個人捐贈收入,沈貴英,R22*******,10000.00,0.00,現金,1121006,,,金錢,臺南市永康區****,06-3*****,,,,,,,,
27,林宜瑾,113年立法委員選舉,首次申報,1121006,個人捐贈收入,陳瑞源,V12*******,10000.00,0.00,現金,1121006,,,金錢,臺南市永康區****,,,,,,,,,
28,林宜瑾,113年立法委員選舉,首次申報,1121011,個人捐贈收入,王曾餘芳,A22*******,100000.00,0.00,現金,1121011,,,金錢,臺南市中西區****,,,,,,,,,
29,林宜瑾,113年立法委員選舉,首次申報,1121011,個人捐贈收入,王中誠,D10*******,100000.00,0.00,現金,1121011,,,金錢,臺南市新化區****,,,,,,,,,
30,林宜瑾,113年立法委員選舉,首次申報,1121011,個人捐贈收入,王寶鋒,R12*******,20000.00,0.00,票據,1121011,,,金錢,臺南市永康區****,,,,,,,,,
31,林宜瑾,113年立法委員選舉,首次申報,1121011,個人捐贈收入,柯嬡宜,R22*******,30000.00,0.00,現金,1121011,,,金錢,臺南市仁德區****,,,,,,,,,
32,林宜瑾,113年立法委員選舉,首次申報,1121016,個人捐贈收入,梁舒涵,A22*******,100000.00,0.00,現金,1121016,,,金錢,臺北市內湖區****,,,,,,,,,
33,林宜瑾,113年立法委員選舉,首次申報,1121016,個人捐贈收入,盧勝一,D10*******,50000.00,0.00,現金,1121016,,,金錢,臺南市新化區****,0931*****,,,,,,,,
34,林宜瑾,113年立法委員選舉,首次申報,1121016,個人捐贈收入,謝凱安,E12*******,100000.00,0.00,現金,1121016,,,金錢,臺北市內湖區****,,,,,,,,,
35,林宜瑾,113年立法委員選舉,首次申報,1121016,個人捐贈收入,江錫輝,N12*******,100000.00,0.00,現金,1121016,,,金錢,臺南市東區裕****,06-2*****,,,,,,,,
36,林宜瑾,113年立法委員選舉,首次申報,1121016,個人捐贈收入,吳偉碩,R12*******,20000.00,0.00,現金,1121016,,,金錢,臺南市永康區****,,,,,,,,,
37,林宜瑾,113年立法委員選舉,首次申報,1121020,營利事業捐贈收入,雲豹能源科技股份有限公司,42852207,300000.00,0.00,匯款,1121020,,,金錢,臺北市內湖區****,,,,,,,,,
38,林宜瑾,113年立法委員選舉,首次申報,1121023,個人捐贈收入,鄭旻忠,L12*******,5000.00,0.00,現金,1121023,,,金錢,臺中市潭子區****,0923*****,,,,,,,,
39,林宜瑾,113年立法委員選舉,首次申報,1121023,個人捐贈收入,葉俊宏,R12*******,50000.00,0.00,現金,1121023,,,金錢,臺南市善化區****,,,,,,,,,
40,林宜瑾,113年立法委員選舉,首次申報,1121030,營利事業捐贈收入,世鑫食品股份有限公司,23009572,100000.00,0.00,匯款,1121030,,,金錢,臺南市永康區****,,,,,,,,,
41,林宜瑾,113年立法委員選舉,首次申報,1121030,營利事業捐贈收入,瑞賢實業股份有限公司,23496849,30000.00,0.00,匯款,1121030,,,金錢,臺南市仁德區****,06-2*****,,,,,,,,
42,林宜瑾,113年立法委員選舉,首次申報,1121030,個人捐贈收入,張正融,R10*******,15000.00,0.00,匯款,1121030,,,金錢,,0919*****,,,,,,,,
43,林宜瑾,113年立法委員選舉,首次申報,1121031,個人捐贈收入,陳信宏,R12*******,30000.00,0.00,匯款,1121031,,,金錢,臺南市新化區****,0929*****,,,,,,,,
44,林宜瑾,113年立法委員選舉,首次申報,1121101,個人捐贈收入,王正坤,R12*******,20000.00,0.00,票據,1121101,,,金錢,臺南市東區東****,06-3*****,,,,,,,,
45,林宜瑾,113年立法委員選舉,首次申報,1121102,營利事業捐贈收入,陳阿明企業有限公司,86992578,100000.00,0.00,匯款,1121102,,,金錢,臺南市安南區****,,,,,,,,,
46,林宜瑾,113年立法委員選舉,首次申報,1121102,個人捐贈收入,楊桂榮,E12*******,100000.00,0.00,匯款,1121102,,,金錢,高雄市楠梓區****,,,,,,,,,
47,林宜瑾,113年立法委員選舉,首次申報,1121102,個人捐贈收入,蘇育田,E12*******,100000.00,0.00,匯款,1121102,,,金錢,高雄市楠梓區****,,,,,,,,,
48,林宜瑾,113年立法委員選舉,首次申報,1121102,個人捐贈收入,白馥慈,E22*******,100000.00,0.00,匯款,1121102,,,金錢,高雄市三民區****,,,,,,,,,
49,林宜瑾,113年立法委員選舉,首次申報,1121102,個人捐贈收入,謝順卿,E22*******,100000.00,0.00,匯款,1121102,,,金錢,高雄市三民區****,,,,,,,,,
50,林宜瑾,113年立法委員選舉,首次申報,1121102,個人捐贈收入,莊主榮,R12*******,100000.00,0.00,匯款,1121102,,,金錢,高雄市鼓山區****,,,,,,,,,
51,林宜瑾,113年立法委員選舉,首次申報,1121102,個人捐贈收入,王君今,R22*******,50000.00,0.00,匯款,1121102,,,金錢,臺南市新化區****,,,,,,,,,
52,林宜瑾,113年立法委員選舉,首次申報,1121106,個人捐贈收入,林俊賢,R12*******,30000.00,0.00,匯款,1121106,,,金錢,臺南市永康區****,,,,,,,,,
53,林宜瑾,113年立法委員選舉,首次申報,1121106,個人捐贈收入,陳清華,R12*******,100000.00,0.00,匯款,1121106,,,金錢,臺南市永康區****,0631*****,,,,,,,,
54,林宜瑾,113年立法委員選舉,首次申報,1121106,個人捐贈收入,楊金份,R20*******,50000.00,0.00,匯款,1121106,,,金錢,臺南市新化區****,0659*****,,,,,,,,
55,林宜瑾,113年立法委員選舉,首次申報,1121109,個人捐贈收入,陳春賓,D12*******,20000.00,0.00,匯款,1121109,,,金錢,臺南市北區中****,,,,,,,,,
56,林宜瑾,113年立法委員選舉,首次申報,1121110,營利事業捐贈收入,十山工程科技股份有限公司,97349701,200000.00,0.00,匯款,1121110,,,金錢,臺南市東區裕****,,,,,,,,,
57,林宜瑾,113年立法委員選舉,首次申報,1121110,個人捐贈收入,曾燦雄,R12*******,100000.00,0.00,匯款,1121110,,,金錢,臺南市永康區****,,,,,,,,,
58,林宜瑾,113年立法委員選舉,首次申報,1121114,營利事業捐贈收入,華菱開發股份有限公司,70522489,100000.00,0.00,匯款,1121114,,,金錢,臺南市新市區****,,,,,,,,,
59,林宜瑾,113年立法委員選舉,首次申報,1121114,營利事業捐贈收入,華菱開發股份有限公司,70522489,100000.00,0.00,匯款,1121116,,,金錢,臺南市新市區****,,,,,,,,,
60,林宜瑾,113年立法委員選舉,首次申報,1121114,個人捐贈收入,吳欣娟,A22*******,100000.00,0.00,匯款,1121114,,,金錢,臺南市安定區****,,,,,,,,,
61,林宜瑾,113年立法委員選舉,首次申報,1121114,個人捐贈收入,蔡奇蘭,D10*******,100000.00,0.00,匯款,1121114,,,金錢,臺南市東區裕****,,,,,,,,,
62,林宜瑾,113年立法委員選舉,首次申報,1121114,個人捐贈收入,許家綺,R22*******,100000.00,0.00,匯款,1121114,,,金錢,臺南市永康區****,,,,,,,,,
63,林宜瑾,113年立法委員選舉,首次申報,1121114,個人捐贈收入,林韋如,R22*******,100000.00,0.00,匯款,1121114,,,金錢,臺南市龍崎區****,0972*****,,,,,,,,
64,林宜瑾,113年立法委員選舉,首次申報,1121117,營利事業捐贈收入,美加國際旅行社有限公司,96941347,50000.00,0.00,匯款,1121117,已返還,,金錢,臺北市中山區****,,,,,,,,,
65,林宜瑾,113年立法委員選舉,首次申報,1121124,個人捐贈收入,莊紘彰,D12*******,30000.00,0.00,匯款,1121124,,,金錢,臺南市東區長****,,,,,,,,,
66,林宜瑾,113年立法委員選舉,首次申報,1121124,個人捐贈收入,林國珍,R10*******,100000.00,0.00,匯款,1121124,,,金錢,臺南市永康區****,,,,,,,,,
67,林宜瑾,113年立法委員選舉,首次申報,1121127,個人捐贈收入,李育文,E12*******,100000.00,0.00,匯款,1121127,,,金錢,臺南市麻豆區****,0933*****,,,,,,,,
68,林宜瑾,113年立法委員選舉,首次申報,1121127,個人捐贈收入,林俞仲,E12*******,30000.00,0.00,匯款,1121127,,,金錢,臺南市中西區****,,,,,,,,,
69,林宜瑾,113年立法委員選舉,首次申報,1121127,個人捐贈收入,康智淵,R12*******,100000.00,0.00,匯款,1121127,,,金錢,台南市東區裕****,,,,,,,,,
70,林宜瑾,113年立法委員選舉,首次申報,1121129,個人捐贈收入,蘇煜文,F12*******,100000.00,0.00,匯款,1121129,,,金錢,臺北市信義區****,,,,,,,,,
71,林宜瑾,113年立法委員選舉,首次申報,1121130,個人捐贈收入,許進賢,N12*******,30000.00,0.00,現金,1121201,,,金錢,臺南市東區林****,0988*****,,,,,,,,
72,林宜瑾,113年立法委員選舉,首次申報,1121130,個人捐贈收入,林秀靜,R22*******,16000.00,0.00,匯款,1121130,,,金錢,臺南市永康區****,0926*****,,,,,,,,
73,林宜瑾,113年立法委員選舉,首次申報,1121201,營利事業捐贈收入,瑞達汽車股份有限公司,53066901,100000.00,0.00,匯款,1121201,,,金錢,臺南市永康區****,0625*****,,,,,,,,
74,林宜瑾,113年立法委員選舉,首次申報,1121201,營利事業捐贈收入,華菱開發股份有限公司,70522489,100000.00,0.00,匯款,1121201,,,金錢,臺南市新市區****,,,,,,,,,
75,林宜瑾,113年立法委員選舉,首次申報,1121205,個人捐贈收入,李昭榮,A12*******,50000.00,0.00,匯款,1121205,,,金錢,臺南市南區金****,,,,,,,,,
76,林宜瑾,113年立法委員選舉,首次申報,1121205,個人捐贈收入,侯盈仲,D12*******,10000.00,0.00,匯款,1121205,,,金錢,臺南市仁德區****,,,,,,,,,
77,林宜瑾,113年立法委員選舉,首次申報,1121205,個人捐贈收入,杜佳軒,D12*******,100000.00,0.00,匯款,1121205,,,金錢,臺南市永康區****,,,,,,,,,
78,林宜瑾,113年立法委員選舉,首次申報,1121205,個人捐贈收入,林錦德,R12*******,50000.00,0.00,匯款,1121205,,,金錢,臺南市安平區****,,,,,,,,,
79,林宜瑾,113年立法委員選舉,首次申報,1121205,個人捐贈收入,黃仁享,R12*******,100000.00,0.00,票據,1121205,,,金錢,臺南市永康區****,,,,,,,,,
80,林宜瑾,113年立法委員選舉,首次申報,1121205,個人捐贈收入,楊寧娟,R22*******,100000.00,0.00,匯款,1121205,,,金錢,臺南市永康區****,,,,,,,,,
81,林宜瑾,113年立法委員選舉,首次申報,1121207,營利事業捐贈收入,泓茂國際貿易有限公司,50970467,100000.00,0.00,匯款,1121207,,,金錢,新北市樹林區****,,,,,,,,,
82,林宜瑾,113年立法委員選舉,首次申報,1121207,個人捐贈收入,尤俐文,D22*******,50000.00,0.00,現金,1121207,,,金錢,臺南市安平區****,,,,,,,,,
83,林宜瑾,113年立法委員選舉,首次申報,1121207,個人捐贈收入,卓燕輝,R12*******,30000.00,0.00,現金,1121207,,,金錢,臺南市大內區****,,,,,,,,,
84,林宜瑾,113年立法委員選舉,首次申報,1121207,個人捐贈收入,鄭光廷,R12*******,10000.00,0.00,現金,1121207,,,金錢,臺南市永康區****,,,,,,,,,
85,林宜瑾,113年立法委員選舉,首次申報,1121207,個人捐贈收入,許進達,R12*******,100000.00,0.00,匯款,1121207,,,金錢,臺南市中西區****,,,,,,,,,
86,林宜瑾,113年立法委員選舉,首次申報,1121207,個人捐贈收入,王堂政,R12*******,100000.00,0.00,匯款,1121207,,,金錢,臺南市仁德區****,,,,,,,,,
87,林宜瑾,113年立法委員選舉,首次申報,1121208,人民團體捐贈收入,臺南市大台南不動產開發商業同業公會,,200000.00,0.00,匯款,1121208,,,金錢,臺南市永康區****,06-3*****,,,,,,,,
88,林宜瑾,113年立法委員選舉,首次申報,1121208,營利事業捐贈收入,柳屋建設開發股份有限公司,86790209,100000.00,0.00,匯款,1121208,,,金錢,臺南市麻豆區****,,,,,,,,,
89,林宜瑾,113年立法委員選舉,首次申報,1121208,個人捐贈收入,鄺碧芬,D22*******,100000.00,0.00,現金,1121208,,,金錢,臺南市永康區****,,,,,,,,,
90,林宜瑾,113年立法委員選舉,首次申報,1121208,個人捐贈收入,陳林菊招,S22*******,100000.00,0.00,現金,1121208,,,金錢,臺南市永康區****,,,,,,,,,
91,林宜瑾,113年立法委員選舉,首次申報,1121212,個人捐贈收入,王森源,S10*******,10000.00,0.00,現金,1121212,,,金錢,臺南市永康區****,,,,,,,,,
92,林宜瑾,113年立法委員選舉,首次申報,1121213,個人捐贈收入,高望生,D10*******,5000.00,0.00,現金,1121213,,,金錢,臺南市長榮路****,,,,,,,,,
93,林宜瑾,113年立法委員選舉,首次申報,1121214,個人捐贈收入,蔡志定,R12*******,1200.00,0.00,匯款,1121214,,,金錢,臺南市六甲區****,,,,,,,,,
94,林宜瑾,113年立法委員選舉,首次申報,1121215,人民團體捐贈收入,台南市西餐服務人員職業工會,,3000.00,0.00,現金,1121215,,,金錢,,06-2*****,,,,,,,,
95,林宜瑾,113年立法委員選舉,首次申報,1121215,營利事業捐贈收入,德展企業行,70897681,20000.00,0.00,現金,1121215,,,金錢,臺南市永康區****,,,,,,,,,
96,林宜瑾,113年立法委員選舉,首次申報,1121215,個人捐贈收入,蘇怡仁,D12*******,12000.00,0.00,現金,1121215,,,金錢,臺南市南區體****,,,,,,,,,
97,林宜瑾,113年立法委員選舉,首次申報,1121215,個人捐贈收入,黃大璋,D12*******,5000.00,0.00,現金,1121215,,,金錢,臺南市中西區****,,,,,,,,,
98,林宜瑾,113年立法委員選舉,首次申報,1121215,個人捐贈收入,薛永峰,D12*******,100000.00,0.00,匯款,1121215,,,金錢,臺北市大安區****,,,,,,,,,
99,林宜瑾,113年立法委員選舉,首次申報,1121215,個人捐贈收入,卓峯秀,R22*******,2000.00,0.00,現金,1121215,,,金錢,臺南市永康區****,,,,,,,,,
100,林宜瑾,113年立法委員選舉,首次申報,1121215,個人捐贈收入,李美珠,S20*******,100000.00,0.00,匯款,1121215,,,金錢,臺南市永康區****,,,,,,,,,
101,林宜瑾,113年立法委員選舉,首次申報,1121218,營利事業捐贈收入,首皇實業有限公司,28507578,100000.00,0.00,匯款,1121218,,,金錢,臺南市永康區****,06-2*****,,,,,,,,
102,林宜瑾,113年立法委員選舉,首次申報,1121218,個人捐贈收入,何宗岳,B12*******,20000.00,0.00,現金,1121218,,,金錢,臺南市永康區****,,,,,,,,,
103,林宜瑾,113年立法委員選舉,首次申報,1121218,個人捐贈收入,林榮輝,D12*******,10000.00,0.00,現金,1121218,,,金錢,臺南市東區崇****,,,,,,,,,
104,林宜瑾,113年立法委員選舉,首次申報,1121218,個人捐贈收入,薛夙雅,D22*******,3600.00,0.00,現金,1121218,,,金錢,臺南市永康區****,,,,,,,,,
105,林宜瑾,113年立法委員選舉,首次申報,1121218,個人捐贈收入,施和德,E10*******,10000.00,0.00,現金,1121218,,,金錢,臺南市永康區****,,,,,,,,,
106,林宜瑾,113年立法委員選舉,首次申報,1121218,個人捐贈收入,王景堂,R10*******,1000.00,0.00,現金,1121218,,,金錢,臺南市東區崇****,,,,,,,,,
107,林宜瑾,113年立法委員選舉,首次申報,1121218,個人捐贈收入,陳献榮,R12*******,6600.00,0.00,現金,1121218,,,金錢,台南市永康區****,,,,,,,,,
108,林宜瑾,113年立法委員選舉,首次申報,1121218,個人捐贈收入,蔡雅紋,R22*******,30000.00,0.00,匯款,1121218,,,金錢,臺南市安平區****,,,,,,,,,
109,林宜瑾,113年立法委員選舉,首次申報,1121219,個人捐贈收入,曾傑偉,S12*******,100000.00,0.00,匯款,1121219,,,金錢,臺南市東區中****,,,,,,,,,
110,林宜瑾,113年立法委員選舉,首次申報,1121220,營利事業捐贈收入,統程科技股份有限公司,27223551,100000.00,0.00,匯款,1121220,,,金錢,臺南市安南區****,,,,,,,,,
111,林宜瑾,113年立法委員選舉,首次申報,1121220,營利事業捐贈收入,千如電機工業股份有限公司,45011782,50000.00,0.00,匯款,1121220,,,金錢,桃園市楊梅區****,,,,,,,,,
112,林宜瑾,113年立法委員選舉,首次申報,1121221,其他收入,利息收入,,1985.00,0.00,匯款,1121221,,,金錢,,,,,,,,,,
113,林宜瑾,113年立法委員選舉,首次申報,1121221,人民團體捐贈收入,建築改革社,097/03/19 0970049379,50000.00,0.00,匯款,1121221,,,金錢,臺中市中區繼****,,,,,,,,,
114,林宜瑾,113年立法委員選舉,首次申報,1121221,個人捐贈收入,李明科,D12*******,100000.00,0.00,匯款,1121221,,,金錢,臺南市永康區****,,,,,,,,,
115,林宜瑾,113年立法委員選舉,首次申報,1121221,個人捐贈收入,謝序偉,E12*******,10000.00,0.00,匯款,1121221,,,金錢,臺南市北區小****,,,,,,,,,
116,林宜瑾,113年立法委員選舉,首次申報,1121222,營利事業捐贈收入,豪堤紙袋股份有限公司,89338006,100000.00,0.00,匯款,1121222,,,金錢,臺南市永康區****,,,,,,,,,
117,林宜瑾,113年立法委員選舉,首次申報,1121222,個人捐贈收入,郭文瑞,D10*******,30000.00,0.00,現金,1121222,,,金錢,臺南市東區東****,,,,,,,,,
118,林宜瑾,113年立法委員選舉,首次申報,1121222,個人捐贈收入,林建榮,D12*******,20000.00,0.00,現金,1121222,,,金錢,臺南市中西區****,,,,,,,,,
119,林宜瑾,113年立法委員選舉,首次申報,1121222,個人捐贈收入,朱維仁,D12*******,20000.00,0.00,現金,1121222,,,金錢,臺南市北區成****,,,,,,,,,
120,林宜瑾,113年立法委員選舉,首次申報,1121222,個人捐贈收入,劉書展,R12*******,20000.00,0.00,現金,1121222,,,金錢,臺南市東區東****,,,,,,,,,
121,林宜瑾,113年立法委員選舉,首次申報,1121222,個人捐贈收入,張焱焯,R12*******,20000.00,0.00,現金,1121222,,,金錢,臺南市新營區****,,,,,,,,,
122,林宜瑾,113年立法委員選舉,首次申報,1121222,個人捐贈收入,李順忠,R12*******,50000.00,0.00,匯款,1121222,,,金錢,臺南市永康區****,,,,,,,,,
123,林宜瑾,113年立法委員選舉,首次申報,1121222,個人捐贈收入,王啟芳,S12*******,20000.00,0.00,匯款,1121222,,,金錢,臺南市南區夏****,,,,,,,,,
124,林宜瑾,113年立法委員選舉,首次申報,1121225,人民團體捐贈收入,嘉義縣教師職業工會,,2000.00,0.00,現金,1121225,,,金錢,嘉義縣番路鄉****,05-3*****,,,,,,,,
125,林宜瑾,113年立法委員選舉,首次申報,1121225,營利事業捐贈收入,昌運建設開發股份有限公司,89895213,200000.00,0.00,票據,1121225,,,金錢,臺中市西區大****,,,,,,,,,
126,林宜瑾,113年立法委員選舉,首次申報,1121225,個人捐贈收入,李雅文,E22*******,3000.00,0.00,現金,1121225,,,金錢,高雄市苓雅區****,,,,,,,,,
127,林宜瑾,113年立法委員選舉,首次申報,1121225,個人捐贈收入,黃竣暉,F13*******,100000.00,0.00,匯款,1121225,,,金錢,臺北市中山區****,,,,,,,,,
128,林宜瑾,113年立法委員選舉,首次申報,1121225,個人捐贈收入,張碧玲,F22*******,100000.00,0.00,匯款,1121225,,,金錢,臺北市中山區****,,,,,,,,,
129,林宜瑾,113年立法委員選舉,首次申報,1121225,個人捐贈收入,林金財,G12*******,10000.00,0.00,現金,1121225,,,金錢,新北市中和區****,,,,,,,,,
130,林宜瑾,113年立法委員選舉,首次申報,1121225,個人捐贈收入,葉明政,G12*******,5000.00,0.00,現金,1121225,,,金錢,宜蘭縣宜蘭市****,,,,,,,,,
131,林宜瑾,113年立法委員選舉,首次申報,1121225,個人捐贈收入,張旭政,K12*******,10000.00,0.00,現金,1121225,,,金錢,臺中市北屯區****,,,,,,,,,
132,林宜瑾,113年立法委員選舉,首次申報,1121225,個人捐贈收入,謝曼莉,K22*******,10000.00,0.00,現金,1121225,,,金錢,臺北市松山區****,,,,,,,,,
133,林宜瑾,113年立法委員選舉,首次申報,1121225,個人捐贈收入,林曾惠茹,R20*******,20000.00,0.00,現金,1121225,,,金錢,臺南市中西區****,,,,,,,,,
134,林宜瑾,113年立法委員選舉,首次申報,1121225,個人捐贈收入,梁麗雯,S22*******,5000.00,0.00,現金,1121225,,,金錢,屏東縣屏東市****,,,,,,,,,
135,林宜瑾,113年立法委員選舉,首次申報,1121225,個人捐贈收入,趙文元,T10*******,10000.00,0.00,現金,1121225,,,金錢,臺南市北區林****,,,,,,,,,
136,林宜瑾,113年立法委員選舉,首次申報,1121225,個人捐贈收入,羅德水,W10*******,20000.00,0.00,現金,1121225,,,金錢,臺北市民權西****,,,,,,,,,
137,林宜瑾,113年立法委員選舉,首次申報,1121225,個人捐贈收入,劉欽旭,X12*******,20000.00,0.00,現金,1121225,,,金錢,南投縣草屯鎮****,,,,,,,,,
138,林宜瑾,113年立法委員選舉,首次申報,1121226,人民團體捐贈收入,社團法人台南市牙醫師公會,,100000.00,0.00,匯款,1121226,,,金錢,台南市永康區****,,,,,,,,,
139,林宜瑾,113年立法委員選舉,首次申報,1121226,營利事業捐贈收入,宣禹實業股份有限公司,86209422,120000.00,0.00,匯款,1121226,,,金錢,臺南市山上區****,,,,,,,,,
140,林宜瑾,113年立法委員選舉,首次申報,1121226,個人捐贈收入,張人方,E12*******,50000.00,0.00,現金,1121226,,,金錢,嘉義市東區頂****,,,,,,,,,
141,林宜瑾,113年立法委員選舉,首次申報,1121226,個人捐贈收入,郭百超,N12*******,6000.00,0.00,現金,1121226,,,金錢,臺南市仁德區****,,,,,,,,,
142,林宜瑾,113年立法委員選舉,首次申報,1121226,個人捐贈收入,郭忠雄,R10*******,6000.00,0.00,現金,1121226,,,金錢,臺南市歸仁區****,,,,,,,,,
143,林宜瑾,113年立法委員選舉,首次申報,1121226,個人捐贈收入,胡家銘,R12*******,50000.00,0.00,現金,1121226,,,金錢,臺南市安南區****,,,,,,,,,
144,林宜瑾,113年立法委員選舉,首次申報,1121226,個人捐贈收入,楊美惠,R22*******,50000.00,0.00,現金,1121226,,,金錢,臺南市安平區****,,,,,,,,,
145,林宜瑾,113年立法委員選舉,首次申報,1121227,個人捐贈收入,曾金田,T12*******,6000.00,0.00,匯款,1121227,,,金錢,臺南市永康區****,,,,,,,,,
146,林宜瑾,113年立法委員選舉,首次申報,1121228,營利事業捐贈收入,南良國際股份有限公司台南分公司,83132251,100000.00,0.00,匯款,1121228,,,金錢,臺南市永康區****,,,,,,,,,
147,林宜瑾,113年立法委員選舉,首次申報,1121228,營利事業捐贈收入,瀅寶企業有限公司,89770712,400000.00,0.00,匯款,1121228,,,金錢,臺南市善化區****,,,,,,,,,
148,林宜瑾,113年立法委員選舉,首次申報,1121228,個人捐贈收入,陳賢齊,E22*******,100000.00,0.00,匯款,1121228,,,金錢,臺南市永康區****,,,,,,,,,
149,林宜瑾,113年立法委員選舉,首次申報,1121228,個人捐贈收入,劉宗憲,R12*******,100000.00,0.00,匯款,1121228,,,金錢,臺南市永康區****,,,,,,,,,
150,林宜瑾,113年立法委員選舉,首次申報,1121228,個人捐贈收入,林志展,R12*******,20000.00,0.00,現金,1121228,,,金錢,臺南市柳營區****,,,,,,,,,
151,林宜瑾,113年立法委員選舉,首次申報,1121228,個人捐贈收入,林侑融,R12*******,30000.00,0.00,匯款,1121228,,,金錢,臺南市新化區****,,,,,,,,,
152,林宜瑾,113年立法委員選舉,首次申報,1121229,營利事業捐贈收入,沅皜光電科技股份有限公司,53304087,168000.00,0.00,匯款,1121229,,,金錢,臺南市安南區****,0624*****,,,,,,,,
153,林宜瑾,113年立法委員選舉,首次申報,1121229,個人捐贈收入,王正億,R12*******,2000.00,0.00,匯款,1121229,,,金錢,臺南市歸仁區****,,,,,,,,,
154,林宜瑾,113年立法委員選舉,首次申報,1121229,個人捐贈收入,楊政財,R12*******,100000.00,0.00,匯款,1121229,,,金錢,臺南市新化區****,,,,,,,,,
155,林宜瑾,113年立法委員選舉,首次申報,1121229,個人捐贈收入,王楊月琴,R20*******,100000.00,0.00,匯款,1121229,,,金錢,臺南市新化區****,,,,,,,,,
156,林宜瑾,113年立法委員選舉,首次申報,1121229,個人捐贈收入,楊淑珍,R22*******,100000.00,0.00,匯款,1121229,,,金錢,臺南市新化區****,,,,,,,,,
157,林宜瑾,113年立法委員選舉,首次申報,1130102,匿名捐贈,匿名,,3000.00,0.00,匯款,1130102,,,金錢,,,,,,,,,,
158,林宜瑾,113年立法委員選舉,首次申報,1130102,營利事業捐贈收入,兆邑投資股份有限公司,54286397,200000.00,0.00,匯款,1130102,,,金錢,新北市中和區****,,,,,,,,,
159,林宜瑾,113年立法委員選舉,首次申報,1130102,個人捐贈收入,林陳雪鳳,A20*******,100000.00,0.00,匯款,1130102,,,金錢,臺北市中山區****,,,,,,,,,
160,林宜瑾,113年立法委員選舉,首次申報,1130102,個人捐贈收入,顏明亮,R10*******,50000.00,0.00,匯款,1130102,,,金錢,臺南市永康區****,,,,,,,,,
161,林宜瑾,113年立法委員選舉,首次申報,1130103,人民團體捐贈收入,社團法人中華民國會計師公會全國聯合會,,100000.00,0.00,票據,1130103,,,金錢,台北市南海路****,02-2*****,,,,,,,,
162,林宜瑾,113年立法委員選舉,首次申報,1130103,匿名捐贈,匿名,,40.00,0.00,現金,1130103,,,金錢,,,,,,,,,,
163,林宜瑾,113年立法委員選舉,首次申報,1130103,營利事業捐贈收入,成綸企業股份有限公司,89651429,350000.00,0.00,票據,1130103,,,金錢,臺南市永康區****,,,,,,,,,
164,林宜瑾,113年立法委員選舉,首次申報,1130103,個人捐贈收入,陳盛隆,A10*******,100000.00,0.00,匯款,1130103,,,金錢,臺北市林森北****,,,,,,,,,
165,林宜瑾,113年立法委員選舉,首次申報,1130103,個人捐贈收入,周李美貞,B20*******,100000.00,0.00,匯款,1130103,,,金錢,臺北市內湖區****,,,,,,,,,
166,林宜瑾,113年立法委員選舉,首次申報,1130103,個人捐贈收入,黃盟城,D12*******,6000.00,0.00,現金,1130103,,,金錢,臺南市南區金****,,,,,,,,,
167,林宜瑾,113年立法委員選舉,首次申報,1130103,個人捐贈收入,李啟榮,D12*******,10000.00,0.00,現金,1130103,,,金錢,臺南市安平區****,,,,,,,,,
168,林宜瑾,113年立法委員選舉,首次申報,1130103,個人捐贈收入,謝欣妤,D22*******,10000.00,0.00,匯款,1130103,,,金錢,臺南市北區賢****,,,,,,,,,
169,林宜瑾,113年立法委員選舉,首次申報,1130103,個人捐贈收入,陳葦芸,D22*******,10000.00,0.00,現金,1130103,,,金錢,臺南市仁德區****,,,,,,,,,
170,林宜瑾,113年立法委員選舉,首次申報,1130103,個人捐贈收入,楊啟宗,K12*******,5000.00,0.00,現金,1130103,,,金錢,臺南市永康區****,,,,,,,,,
171,林宜瑾,113年立法委員選舉,首次申報,1130103,個人捐贈收入,林祐任,P12*******,10000.00,0.00,現金,1130103,,,金錢,臺南市安平區****,,,,,,,,,
172,林宜瑾,113年立法委員選舉,首次申報,1130103,個人捐贈收入,張吉宏,R12*******,10000.00,0.00,現金,1130103,,,金錢,臺南市歸仁區****,,,,,,,,,
173,林宜瑾,113年立法委員選舉,首次申報,1130103,個人捐贈收入,陳杉吉,R12*******,10000.00,0.00,現金,1130103,,,金錢,臺南市北區文****,,,,,,,,,
174,林宜瑾,113年立法委員選舉,首次申報,1130103,個人捐贈收入,施文平,R12*******,6000.00,0.00,現金,1130103,,,金錢,臺南市歸仁區****,,,,,,,,,
175,林宜瑾,113年立法委員選舉,首次申報,1130103,個人捐贈收入,吳麗瓊,R22*******,20000.00,0.00,現金,1130103,,,金錢,臺南市安南區****,,,,,,,,,
176,林宜瑾,113年立法委員選舉,首次申報,1130103,個人捐贈收入,黃玫菁,R22*******,5000.00,0.00,現金,1130103,,,金錢,臺南市東區裕****,,,,,,,,,
177,林宜瑾,113年立法委員選舉,首次申報,1130103,個人捐贈收入,黃麗玉,R22*******,10000.00,0.00,匯款,1130103,,,金錢,臺南市北區公****,,,,,,,,,
178,林宜瑾,113年立法委員選舉,首次申報,1130104,人民團體捐贈收入,社團法人臺灣省會計師公會,,100000.00,0.00,票據,1130104,,,金錢,臺北市南海路****,,,,,,,,,
179,林宜瑾,113年立法委員選舉,首次申報,1130104,個人捐贈收入,蔡聰男,R12*******,100000.00,0.00,票據,1130104,,,金錢,臺南市新市區****,,,,,,,,,
180,林宜瑾,113年立法委員選舉,首次申報,1130105,營利事業捐贈收入,元鎧紙器有限公司,24243695,300000.00,0.00,匯款,1130105,,,金錢,臺南市永康區****,,,,,,,,,
181,林宜瑾,113年立法委員選舉,首次申報,1130105,個人捐贈收入,簡金城,H12*******,50000.00,0.00,匯款,1130105,,,金錢,臺南市仁德區****,,,,,,,,,
182,林宜瑾,113年立法委員選舉,首次申報,1130105,個人捐贈收入,吳碧鶴,V20*******,2000.00,0.00,匯款,1130105,,,金錢,臺南市永康區****,,,,,,,,,
183,林宜瑾,113年立法委員選舉,首次申報,1130107,個人捐贈收入,余韋蒼,R12*******,10000.00,0.00,匯款,1130107,,,金錢,臺中市北屯區****,0921*****,,,,,,,,
184,林宜瑾,113年立法委員選舉,首次申報,1130108,個人捐贈收入,陳俞甫,E12*******,100000.00,0.00,匯款,1130108,,,金錢,高雄市楠梓區****,,,,,,,,,
185,林宜瑾,113年立法委員選舉,首次申報,1130108,個人捐贈收入,郭怡伶,T22*******,100000.00,0.00,匯款,1130108,,,金錢,高雄市楠梓區****,,,,,,,,,
186,林宜瑾,113年立法委員選舉,首次申報,1130109,營利事業捐贈收入,高田地產開發有限公司,42922999,60000.00,0.00,票據,1130109,,,金錢,臺南市永康區****,,,,,,,,,
187,林宜瑾,113年立法委員選舉,首次申報,1130109,營利事業捐贈收入,名全興業有限公司,53416127,100000.00,0.00,匯款,1130109,,,金錢,新北市樹林區****,,,,,,,,,
188,林宜瑾,113年立法委員選舉,首次申報,1130109,個人捐贈收入,陳塗山,E10*******,100000.00,0.00,匯款,1130109,,,金錢,高雄市鼓山平****,,,,,,,,,
189,林宜瑾,113年立法委員選舉,首次申報,1130109,個人捐贈收入,章麗琴,E20*******,100000.00,0.00,匯款,1130109,,,金錢,高雄市鼓山區****,,,,,,,,,
190,林宜瑾,113年立法委員選舉,首次申報,1130109,個人捐贈收入,陳瑜璘,E22*******,100000.00,0.00,匯款,1130109,,,金錢,高雄市鼓山區****,,,,,,,,,
191,林宜瑾,113年立法委員選舉,首次申報,1130109,個人捐贈收入,蔡再丁,R10*******,2000.00,0.00,現金,1130109,,,金錢,臺南市安中路****,,,,,,,,,
192,林宜瑾,113年立法委員選舉,首次申報,1130109,個人捐贈收入,郭人權,R12*******,20000.00,0.00,現金,1130109,,,金錢,臺南市新市區****,,,,,,,,,
193,林宜瑾,113年立法委員選舉,首次申報,1130109,個人捐贈收入,王俊凱,R12*******,20000.00,0.00,匯款,1130109,,,金錢,臺南市新化區****,,,,,,,,,
194,林宜瑾,113年立法委員選舉,首次申報,1130111,營利事業捐贈收入,源傑有限公司,86223043,100000.00,0.00,匯款,1130111,,,金錢,臺北市內湖區****,,,,,,,,,
195,林宜瑾,113年立法委員選舉,首次申報,1130111,個人捐贈收入,藍虹怜,E20*******,1000.00,0.00,匯款,1130111,,,金錢,高雄市苓雅區****,,,,,,,,,
196,林宜瑾,113年立法委員選舉,首次申報,1130111,個人捐贈收入,曾園國,L12*******,100000.00,0.00,匯款,1130111,,,金錢,雲林縣口湖鄉****,,,,,,,,,
197,林宜瑾,113年立法委員選舉,首次申報,1130111,個人捐贈收入,陳申助,P10*******,68000.00,0.00,匯款,1130111,,,金錢,臺北市中華路****,,,,,,,,,
198,林宜瑾,113年立法委員選舉,首次申報,1130111,個人捐贈收入,陳泰吉,R10*******,3200.00,0.00,匯款,1130111,,,金錢,臺南市永康區****,,,,,,,,,
199,林宜瑾,113年立法委員選舉,首次申報,1130112,營利事業捐贈收入,富松投資股份有限公司,85063125,100000.00,0.00,匯款,1130112,,,金錢,臺北市復興北****,,,,,,,,,
200,林宜瑾,113年立法委員選舉,首次申報,1130112,營利事業捐贈收入,壽香食品股份有限公司,86543952,20000.00,0.00,匯款,1130112,,,金錢,臺南市新化區****,,,,,,,,,
201,林宜瑾,113年立法委員選舉,首次申報,1130112,個人捐贈收入,鄭宏輝,J12*******,100000.00,0.00,匯款,1130112,,,金錢,新竹市經國路****,,,,,,,,,
202,林宜瑾,113年立法委員選舉,首次申報,1130112,個人捐贈收入,蔡亦竹,L12*******,100000.00,0.00,匯款,1130112,,,金錢,臺南市東區裕****,,,,,,,,,
203,林宜瑾,113年立法委員選舉,首次申報,1130112,個人捐贈收入,陳顯章,Q12*******,50000.00,0.00,匯款,1130112,,,金錢,臺北市中山區****,,,,,,,,,
204,林宜瑾,113年立法委員選舉,首次申報,1130112,個人捐贈收入,王穎謙,R12*******,10000.00,0.00,匯款,1130112,,,金錢,臺南市永康區****,,,,,,,,,
205,林宜瑾,113年立法委員選舉,首次申報,1130112,個人捐贈收入,李文瑞,R12*******,3000.00,0.00,匯款,1130112,,,金錢,臺南市永康區****,,,,,,,,,
