﻿序號,擬參選人／政黨,選舉名稱,申報序號／年度,交易日期,收支科目,捐贈者／支出對象,身分證／統一編號,收入金額,支出金額,支出用途,金錢類,地址,聯絡電話,資料更正日期
1,游藝,107年直轄市議員選舉,首次申報,1070615,宣傳支出,健豪印刷事業股份有限公司,16332027,0.00,4095.00,名片,金錢,臺中市西區大****,,
2,游藝,107年直轄市議員選舉,首次申報,1070622,宣傳支出,健豪印刷事業股份有限公司,16332027,0.00,284.00,關東旗,金錢,臺中市西區大****,,
3,游藝,107年直轄市議員選舉,首次申報,1070622,宣傳支出,鼎鴻廣告有限公司,54838949,0.00,567.00,製作宣傳廣告支出,金錢,新北市新莊區****,,
4,游藝,107年直轄市議員選舉,首次申報,1070625,雜支支出,北島文創工作坊,42435338,0.00,330.00,印章年臺北市議員擬參選人遊藝,金錢,台北市士林區****,,
5,游藝,107年直轄市議員選舉,首次申報,1070627,宣傳支出,健豪印刷事業股份有限公司,16332027,0.00,2520.00,名片,金錢,臺中市西區大****,,
6,游藝,107年直轄市議員選舉,首次申報,1070704,宣傳支出,義美食品股份有限公司,11768704,0.00,342.00,點心,金錢,臺北市大同區****,,
7,游藝,107年直轄市議員選舉,首次申報,1070709,雜支支出,苙翔電池行,26967266,0.00,1200.00,麥克風電池,金錢,臺中市北區中****,,
8,游藝,107年直轄市議員選舉,首次申報,1070710,宣傳支出,天衣無縫刺綉,38592356,0.00,300.00,宜傳衣綉字,金錢,台北市寧安街****,,
9,游藝,107年直轄市議員選舉,首次申報,1070711,雜支支出,全批發電池行,78878080,0.00,400.00,電池充電器,金錢,新北市三重區****,,
10,游藝,107年直轄市議員選舉,首次申報,1070711,雜支支出,明昌單車館,98883603,0.00,1450.00,宣傳單車維修,金錢,臺北市信義區****,,
11,游藝,107年直轄市議員選舉,首次申報,1070711,人事費用支出,莊承澔,F12*******,0.00,9000.00,承澔六月薪資,金錢,新北市三重區****,,
12,游藝,107年直轄市議員選舉,首次申報,1070712,宣傳支出,鼎鴻廣告有限公司,54838949,0.00,2095.00,宣傳帆布輸出,金錢,新北市新莊區****,,
13,游藝,107年直轄市議員選舉,首次申報,1070713,雜支支出,達旺商行,25665138,0.00,210.00,束線帶,金錢,臺北市大安區****,,
14,游藝,107年直轄市議員選舉,首次申報,1070714,雜支支出,八大美術社,01776199,0.00,260.00,絹印材料、油墨,金錢,臺北市大安區****,,
15,游藝,107年直轄市議員選舉,首次申報,1070724,集會支出,御蓮蔬食股份有限公司,12769857,0.00,57500.00,募款餐會餐券,金錢,臺北市南京東****,02-2*****,
16,游藝,107年直轄市議員選舉,首次申報,1070725,宣傳支出,竹泰禮品旗幟社,98895185,0.00,6130.00,競選團隊背心件、候選人背帶兩條,金錢,臺北市萬華區****,,
17,游藝,107年直轄市議員選舉,首次申報,1070725,宣傳支出,許泰英,F12*******,0.00,14000.00,文宣設計製作,金錢,新北市永和區****,,
18,游藝,107年直轄市議員選舉,首次申報,1070727,宣傳支出,龍吉商行,29236130,0.00,900.00,香蕉,金錢,臺北市萬華區****,,
19,游藝,107年直轄市議員選舉,首次申報,1070728,宣傳支出,家福股份有限公司台北東興分公司,80035874,0.00,910.00,香蕉一批,金錢,臺北市信義區****,,
20,游藝,107年直轄市議員選舉,首次申報,1070729,人事費用支出,王穩理,A22*******,0.00,9000.00,穩理六月份薪資,金錢,新北市新店區****,,
21,游藝,107年直轄市議員選舉,首次申報,1070729,人事費用支出,梁一賢,H12*******,0.00,1050.00,一賢七月份工讀薪資,金錢,宜蘭縣頭城鎮****,,
22,游藝,107年直轄市議員選舉,首次申報,1070731,宣傳支出,健豪印刷事業股份有限公司,16332027,0.00,5250.00,名片,金錢,臺中市西區大****,,
23,游藝,107年直轄市議員選舉,首次申報,1070801,宣傳支出,日晉水果行,99302956,0.00,217.00,香蕉,金錢,台北縣三重區****,,
24,游藝,107年直轄市議員選舉,首次申報,1070802,宣傳支出,晏茹蔬果行,17517901,0.00,1000.00,香蕉一批,金錢,台北市永吉路****,,
25,游藝,107年直轄市議員選舉,首次申報,1070802,宣傳支出,台灣臉書有限公司,24781069,0.00,2900.00,Facebook廣告付款-,金錢,臺北市信義區****,,
26,游藝,107年直轄市議員選舉,首次申報,1070802,宣傳支出,龍吉商行,29236130,0.00,600.00,香蕉一批,金錢,臺北市萬華區****,,
27,游藝,107年直轄市議員選舉,首次申報,1070802,宣傳支出,信輝水菓行,42452758,0.00,295.00,香蕉一批,金錢,台北市松山區****,,
28,游藝,107年直轄市議員選舉,首次申報,1070802,宣傳支出,竹泰禮品旗幟社,98895185,0.00,800.00,背帶一條,金錢,臺北市萬華區****,,
29,游藝,107年直轄市議員選舉,首次申報,1070803,宣傳支出,晏茹蔬果行,17517901,0.00,1175.00,香蕉一批,金錢,台北市永吉路****,,
30,游藝,107年直轄市議員選舉,首次申報,1070803,雜支支出,介良裡布行,77513231,0.00,4725.00,募款餐會回贈品手帕製作,金錢,台北市民樂街****,,
31,游藝,107年直轄市議員選舉,首次申報,1070804,雜支支出,統一超商股份有限公司新國聯門市,,0.00,120.00,文具用品,金錢,台北市大安區****,,
32,游藝,107年直轄市議員選舉,首次申報,1070805,宣傳支出,小珠水果行,,0.00,534.00,香蕉一批,金錢,台北市南京東****,,
33,游藝,107年直轄市議員選舉,首次申報,1070805,宣傳支出,晏茹蔬果行,17517901,0.00,586.00,香蕉一批,金錢,台北市永吉路****,,
34,游藝,107年直轄市議員選舉,首次申報,1070805,交通旅運支出,興盛興有限公司三重行政大樓停車場,47990600,0.00,180.00,物資車停車費,金錢,新北市三重區****,,
35,游藝,107年直轄市議員選舉,首次申報,1070805,人事費用支出,黃英哲,A12*******,0.00,11325.00,七月份薪資,金錢,台北市大安區****,,
36,游藝,107年直轄市議員選舉,首次申報,1070805,人事費用支出,王穩理,A22*******,0.00,32000.00,七月份薪資,金錢,新北市新店區****,,
37,游藝,107年直轄市議員選舉,首次申報,1070805,人事費用支出,莊承澔,F12*******,0.00,32000.00,七月份薪資,金錢,新北市三重區****,,
38,游藝,107年直轄市議員選舉,首次申報,1070805,人事費用支出,黃意婷,H22*******,0.00,32000.00,七月份薪資,金錢,新北市新莊區****,,
39,游藝,107年直轄市議員選舉,首次申報,1070806,交通旅運支出,統一超商股份有限公司,,0.00,370.00,停車費,金錢,,,
40,游藝,107年直轄市議員選舉,首次申報,1070806,雜支支出,學事所企業社,29231901,0.00,480.00,連署招牌海報,金錢,台北市士林區****,,
41,游藝,107年直轄市議員選舉,首次申報,1070806,雜支支出,學事所企業社,29231901,0.00,802.00,列印公投連署書,金錢,台北市士林區****,,
42,游藝,107年直轄市議員選舉,首次申報,1070807,宣傳支出,家福股份有限公司台北內湖分公司,27257881,0.00,984.00,香蕉一批,金錢,台北市內湖區****,,
43,游藝,107年直轄市議員選舉,首次申報,1070809,宣傳支出,鈺泉水果行,15771722,0.00,2300.00,香蕉一批,金錢,板橋市大觀路****,,
44,游藝,107年直轄市議員選舉,首次申報,1070810,宣傳支出,福大水果行,15955019,0.00,780.00,香蕉一批,金錢,台北市萬大路****,,
45,游藝,107年直轄市議員選舉,首次申報,1070810,宣傳支出,松建鮮果行,25571998,0.00,758.00,香蕉一批,金錢,台北市信義區****,,
46,游藝,107年直轄市議員選舉,首次申報,1070810,宣傳支出,家福股份有限公司台北東興分公司,80035874,0.00,1533.00,香蕉一批,金錢,臺北市信義區****,,
47,游藝,107年直轄市議員選舉,首次申報,1070810,宣傳支出,家福股份有限公司台北東興分公司,80035874,0.00,319.00,香蕉一批,金錢,臺北市信義區****,,
48,游藝,107年直轄市議員選舉,首次申報,1070811,宣傳支出,競選總部,G12*******,0.00,207.00,臉書廣告費已刊登完畢,非金錢,臺北市信義區****,,
49,游藝,107年直轄市議員選舉,首次申報,1070811,宣傳支出,競選總部,G12*******,0.00,1348.00,臉書廣告費已刊登完畢,非金錢,臺北市信義區****,,
50,游藝,107年直轄市議員選舉,首次申報,1070814,宣傳支出,草埔市場81號水果攤,,0.00,718.00,香蕉一批,金錢,北市新東街號****,,
51,游藝,107年直轄市議員選舉,首次申報,1070814,雜支支出,網路家庭國際資訊股份有限公司,,0.00,3998.00,T行動硬碟兩顆,金錢,台北市敦化南****,,
52,游藝,107年直轄市議員選舉,首次申報,1070814,宣傳支出,靓青蔬果行,38581386,0.00,539.00,香蕉一批,金錢,台北市吳興街****,,
53,游藝,107年直轄市議員選舉,首次申報,1070815,宣傳支出,家福股份有限公司台北東興分公司,80035874,0.00,334.00,香蕉一批,金錢,臺北市信義區****,,
54,游藝,107年直轄市議員選舉,首次申報,1070816,宣傳支出,國正農產行,01317625,0.00,830.00,香蕉一批,金錢,台北市民族東****,,
55,游藝,107年直轄市議員選舉,首次申報,1070817,宣傳支出,晏茹蔬果行,17517901,0.00,5500.00,香蕉一批,金錢,台北市永吉路****,,
56,游藝,107年直轄市議員選舉,首次申報,1070817,宣傳支出,全聯實業股份有限公司民生社區分公司,80354145,0.00,200.00,香蕉一批,金錢,臺北市松山區****,,
57,游藝,107年直轄市議員選舉,首次申報,1070818,宣傳支出,青果承銷號1100,01221163,0.00,200.00,香蕉一批,金錢,台北市民族東****,,
58,游藝,107年直轄市議員選舉,首次申報,1070818,宣傳支出,東連水果行,01221446,0.00,220.00,香蕉一批,金錢,台北市民族東****,,
59,游藝,107年直轄市議員選舉,首次申報,1070818,宣傳支出,晏茹蔬果行,17517901,0.00,5500.00,香蕉一批,金錢,台北市永吉路****,,
60,游藝,107年直轄市議員選舉,首次申報,1070818,交通旅運支出,台灣中油（股）公司油品行銷事業部台北營業處菜寮站,35873212,0.00,797.00,物資車加油,金錢,新北市三重區****,,
61,游藝,107年直轄市議員選舉,首次申報,1070818,雜支支出,旋轉牧馬有限公司,42860810,0.00,6510.00,競選影片拍攝器材租用,金錢,臺北市大安區****,,
62,游藝,107年直轄市議員選舉,首次申報,1070819,交通旅運支出,忠安停車場,25634065,0.00,480.00,物資車停車費,金錢,臺北市大安區****,,
63,游藝,107年直轄市議員選舉,首次申報,1070821,宣傳支出,許泰英,F12*******,0.00,1500.00,文宣設計製作,金錢,新北市永和區****,,
64,游藝,107年直轄市議員選舉,首次申報,1070821,宣傳支出,許泰英,F12*******,0.00,4500.00,文宣設計製作,金錢,新北市永和區****,,
65,游藝,107年直轄市議員選舉,首次申報,1070821,宣傳支出,許泰英,F12*******,0.00,9500.00,文宣設計製作,金錢,新北市永和區****,,
66,游藝,107年直轄市議員選舉,首次申報,1070822,宣傳支出,永誠水果行,14173930,0.00,560.00,香蕉一批,金錢,新北市三重區****,,
67,游藝,107年直轄市議員選舉,首次申報,1070823,宣傳支出,晏茹蔬果行,17517901,0.00,1100.00,香蕉一批,金錢,台北市永吉路****,,
68,游藝,107年直轄市議員選舉,首次申報,1070824,宣傳支出,永誠水果行,14173930,0.00,980.00,香蕉一批,金錢,新北市三重區****,,
69,游藝,107年直轄市議員選舉,首次申報,1070825,雜支支出,中華郵政股份有限公司台北民權郵局,04122526,0.00,732.00,捐款收據與募款餐會餐券寄送郵資,金錢,臺北市中山區****,,
70,游藝,107年直轄市議員選舉,首次申報,1070825,宣傳支出,晏茹蔬果行,17517901,0.00,2750.00,香蕉一批,金錢,台北市永吉路****,,
71,游藝,107年直轄市議員選舉,首次申報,1070825,宣傳支出,家福股份有限公司台北內湖分公司,27257881,0.00,1316.00,香蕉一批,金錢,台北市內湖區****,,
72,游藝,107年直轄市議員選舉,首次申報,1070826,宣傳支出,蜜世界鮮果專賣店,01334125,0.00,1100.00,香蕉一批,金錢,台北市中山區****,,
73,游藝,107年直轄市議員選舉,首次申報,1070826,宣傳支出,鈺泉水果行,15771722,0.00,900.00,香蕉一批,金錢,板橋市大觀路****,,
74,游藝,107年直轄市議員選舉,首次申報,1070826,雜支支出,統一超商股份有限公司新國聯門市,27940028,0.00,396.00,影印,金錢,台北市大安區****,,
75,游藝,107年直轄市議員選舉,首次申報,1070826,宣傳支出,競選總部,G12*******,0.00,984.00,臉書廣告費已刊登完畢,非金錢,臺北市信義區****,,
76,游藝,107年直轄市議員選舉,首次申報,1070827,宣傳支出,台灣臉書有限公司,,0.00,800.00,臉書廣告費,金錢,臺北市信義區****,,
77,游藝,107年直轄市議員選舉,首次申報,1070827,宣傳支出,正和蔬果行,42281690,0.00,570.00,香蕉一批,金錢,台北市信義區****,,
78,游藝,107年直轄市議員選舉,首次申報,1070828,宣傳支出,晏茹蔬果行,17517901,0.00,1100.00,香蕉一批,金錢,台北市永吉路****,,
79,游藝,107年直轄市議員選舉,首次申報,1070829,雜支支出,中華郵政股份有限公司台北圓環郵局,03716845,0.00,168.00,掛號封／餐券寄送,金錢,臺北市大同區****,,
80,游藝,107年直轄市議員選舉,首次申報,1070829,宣傳支出,晏茹蔬果行,17517901,0.00,2750.00,香蕉一批,金錢,台北市永吉路****,,
81,游藝,107年直轄市議員選舉,首次申報,1070830,交通旅運支出,新北市政府交通局停車管理科,,0.00,600.00,物資車停車費,金錢,新北市板橋區****,,
82,游藝,107年直轄市議員選舉,首次申報,1070830,雜支支出,勞動部勞工保險局,,0.00,6093.00,七月份勞保費,金錢,台北市中正區****,,
83,游藝,107年直轄市議員選舉,首次申報,1070830,交通旅運支出,統一超商仁和門市,,0.00,1830.00,/~/期間物資車停車費,金錢,台北市信義區****,,
84,游藝,107年直轄市議員選舉,首次申報,1070830,雜支支出,衛生福利部中央健康保險署,,0.00,1888.00,月份健保費,金錢,臺北市大安區****,,
85,游藝,107年直轄市議員選舉,首次申報,1070830,雜支支出,台北市選舉委員會,04138077,0.00,200000.00,競選保證金,金錢,台北市信義區****,,
86,游藝,107年直轄市議員選舉,首次申報,1070830,雜支支出,迪達爾企業社,26456784,0.00,619.00,募款餐會拍賣品夢想圖油畫輸出,金錢,台南市新市區****,,
87,游藝,107年直轄市議員選舉,首次申報,1070831,宣傳支出,蜜世界鮮果專賣店,01334125,0.00,3600.00,香蕉一批,金錢,台北市中山區****,,
88,游藝,107年直轄市議員選舉,首次申報,1070831,宣傳支出,家福股份有限公司台北東興分公司,80035874,0.00,879.00,香蕉一批,金錢,臺北市信義區****,,
89,游藝,107年直轄市議員選舉,首次申報,1070901,集會支出,御蓮蔬食股份有限公司,12769857,0.00,2770.00,支付募款餐會扣除餐券後之不足餐費,金錢,臺北市南京東****,02-2*****,
90,游藝,107年直轄市議員選舉,首次申報,1070901,雜支支出,福久有限公司,16611169,0.00,210.00,募款餐會文書用品,金錢,臺北市南京東****,02-2*****,
91,游藝,107年直轄市議員選舉,首次申報,1070901,宣傳支出,晏茹蔬果行,17517901,0.00,1720.00,香蕉一批,金錢,臺北市永吉路****,02-2*****,
92,游藝,107年直轄市議員選舉,首次申報,1070901,雜支支出,放情緒共享工作室,42273592,0.00,14400.00,募款餐會拍賣品-森林公園版趣遊碗,金錢,臺北市大同區****,02-2*****,
93,游藝,107年直轄市議員選舉,首次申報,1070901,人事費用支出,蘇郁捷,B12*******,0.00,800.00,募款餐會工讀薪資,金錢,臺中市北屯區****,,
94,游藝,107年直轄市議員選舉,首次申報,1070901,人事費用支出,陳品昕,C22*******,0.00,800.00,募款餐會工讀薪資,金錢,基隆市仁愛區****,,
95,游藝,107年直轄市議員選舉,首次申報,1070901,人事費用支出,楊侒橙,G22*******,0.00,800.00,募款餐會工讀薪資,金錢,宜蘭縣羅東鎮****,,
96,游藝,107年直轄市議員選舉,首次申報,1070902,宣傳支出,蜜世界鮮果專賣店,01334125,0.00,543.00,香蕉一批,金錢,台北市中山區****,,
97,游藝,107年直轄市議員選舉,首次申報,1070902,宣傳支出,晏茹蔬果行,17517901,0.00,3750.00,香蕉一批,金錢,臺北市永吉路****,,
98,游藝,107年直轄市議員選舉,首次申報,1070902,交通旅運支出,財團法人台北勝利附設勝利加油站,25505956,0.00,906.00,物資車油資,金錢,臺北市建國南****,02-2*****,
99,游藝,107年直轄市議員選舉,首次申報,1070904,宣傳支出,鈺泉水果行,15771722,0.00,1250.00,香蕉一批,金錢,板橋市大觀路****,,
100,游藝,107年直轄市議員選舉,首次申報,1070904,雜支支出,世成汽車材料行,21244306,0.00,1200.00,物資車麥克風音響維修,金錢,臺北市健康路****,,
101,游藝,107年直轄市議員選舉,首次申報,1070904,交通旅運支出,歐派克實業有限公司,42312292,0.00,90.00,物資車停車費,金錢,臺北市忠孝東****,,
102,游藝,107年直轄市議員選舉,首次申報,1070904,宣傳支出,家福股份有限公司台北東興分公司,80035874,0.00,2134.00,香蕉一批,金錢,臺北市信義區****,,
103,游藝,107年直轄市議員選舉,首次申報,1070905,宣傳支出,家福股份有限公司台北東興分公司,80035874,0.00,423.00,香蕉一批,金錢,臺北市信義區****,,
104,游藝,107年直轄市議員選舉,首次申報,1070905,人事費用支出,黃英哲,A12*******,0.00,5075.00,八月份薪資,金錢,台北市大安區****,,
105,游藝,107年直轄市議員選舉,首次申報,1070905,人事費用支出,王穩理,A22*******,0.00,12625.00,八月份薪資,金錢,新北市新店區****,,
106,游藝,107年直轄市議員選舉,首次申報,1070905,人事費用支出,莊承澔,F12*******,0.00,24933.00,八月份薪資,金錢,新北市三重區****,,
107,游藝,107年直轄市議員選舉,首次申報,1070905,人事費用支出,李凱騏,F12*******,0.00,3150.00,八月份薪資,金錢,台北縣泰山鄉****,,
108,游藝,107年直轄市議員選舉,首次申報,1070906,宣傳支出,晏茹蔬果行,17517901,0.00,750.00,香蕉一批,金錢,台北市永吉路****,,
109,游藝,107年直轄市議員選舉,首次申報,1070906,交通旅運支出,忠安停車場,25634065,0.00,240.00,物資車停車費,金錢,台北市大安區****,,
110,游藝,107年直轄市議員選舉,首次申報,1070906,交通旅運支出,台灣中油（股）公司油品行銷事業部台北營業處菜寮站,35873212,0.00,935.00,物資車油資,金錢,新北市三重區****,,
111,游藝,107年直轄市議員選舉,首次申報,1070907,雜支支出,中華郵政股份有限公司三重中正路郵局,03741302,0.00,36.00,郵費,金錢,新北市三重區****,,
112,游藝,107年直轄市議員選舉,首次申報,1070907,宣傳支出,晏茹蔬果行,17517901,0.00,5250.00,香蕉一批,金錢,台北市永吉路****,,
113,游藝,107年直轄市議員選舉,首次申報,1070907,交通旅運支出,統一超商股份有限公司敦頂店,22555003,0.00,235.00,物資車停車費,金錢,台北市忠孝東****,,
114,游藝,107年直轄市議員選舉,首次申報,1070907,交通旅運支出,統一超商股份有限公司敦頂店,22555003,0.00,795.00,物資車停車費,金錢,台北市忠孝東****,,
115,游藝,107年直轄市議員選舉,首次申報,1070907,宣傳支出,家福股份有限公司台北東興分公司,80035874,0.00,1092.00,香蕉一批,金錢,臺北市信義區****,,
116,游藝,107年直轄市議員選舉,首次申報,1070907,宣傳支出,許泰英,F12*******,0.00,10000.00,文宣設計製作,金錢,新北市永和區****,,
117,游藝,107年直轄市議員選舉,首次申報,1070907,宣傳支出,許泰英,F12*******,0.00,3750.00,文宣設計製作,金錢,新北市永和區****,,
118,游藝,107年直轄市議員選舉,首次申報,1070907,宣傳支出,許泰英,F12*******,0.00,5000.00,文宣設計製作,金錢,新北市永和區****,,
119,游藝,107年直轄市議員選舉,首次申報,1070909,宣傳支出,晏茹蔬果行,17517901,0.00,3750.00,香蕉一批,金錢,台北市永吉路****,,
120,游藝,107年直轄市議員選舉,首次申報,1070909,交通旅運支出,忠安停車場,25634065,0.00,700.00,物資車停車費,金錢,台北市大安區****,,
121,游藝,107年直轄市議員選舉,首次申報,1070909,交通旅運支出,興盛興有限公司三重行政大樓停車場,47990600,0.00,200.00,物資車停車費,金錢,新北市三重區****,,
122,游藝,107年直轄市議員選舉,首次申報,1070910,宣傳支出,松建鮮果行,25571998,0.00,170.00,香蕉一批,金錢,台北市信義區****,,
123,游藝,107年直轄市議員選舉,首次申報,1070910,宣傳支出,松建鮮果行,25571998,0.00,328.00,香蕉一批,金錢,台北市信義區****,,
124,游藝,107年直轄市議員選舉,首次申報,1070910,交通旅運支出,興盛興有限公司三重行政大樓停車場,47990600,0.00,310.00,物資車停車費,金錢,新北市三重區****,,
125,游藝,107年直轄市議員選舉,首次申報,1070911,宣傳支出,松建鮮果行,25571998,0.00,1900.00,香蕉一批,金錢,台北市信義區****,,
126,游藝,107年直轄市議員選舉,首次申報,1070911,交通旅運支出,忠安停車場,25634065,0.00,400.00,物資車停車費,金錢,台北市大安區****,,
127,游藝,107年直轄市議員選舉,首次申報,1070912,交通旅運支出,台灣中油（股）公司光復北路站,01606343,0.00,981.00,物資車油資,金錢,台北市松山區****,,
128,游藝,107年直轄市議員選舉,首次申報,1070912,雜支支出,榮進建材行,04927875,0.00,180.00,鐵絲、束帶,金錢,台北市通化街****,,
129,游藝,107年直轄市議員選舉,首次申報,1070912,交通旅運支出,嘟嘟房停車場西松國小站,42400767,0.00,50.00,物資車停車費,金錢,台北市松山區****,,
130,游藝,107年直轄市議員選舉,首次申報,1070912,雜支支出,統一超商股份有限公司敦頂店,70744905,0.00,10.00,A彩色列印,金錢,台北市忠孝東****,,
131,游藝,107年直轄市議員選舉,首次申報,1070912,宣傳支出,家福股份有限公司台北東興分公司,80035874,0.00,725.00,香蕉一批,金錢,臺北市信義區****,,
132,游藝,107年直轄市議員選舉,首次申報,1070913,交通旅運支出,忠安停車場,25634065,0.00,240.00,物資車停車費,金錢,台北市大安區****,,
133,游藝,107年直轄市議員選舉,首次申報,1070913,交通旅運支出,市府轉運站,27238436,0.00,140.00,物資車停車費,金錢,台北市信義區****,,
134,游藝,107年直轄市議員選舉,首次申報,1070914,交通旅運支出,忠安停車場,25634065,0.00,320.00,物資車停車費,金錢,台北市大安區****,,
135,游藝,107年直轄市議員選舉,首次申報,1070914,雜支支出,統一超商股份有限公司敦頂店,70744905,0.00,10.00,列印,金錢,台北市忠孝東****,,
136,游藝,107年直轄市議員選舉,首次申報,1070914,雜支支出,統一超商股份有限公司敦頂店,70744905,0.00,20.00,列印,金錢,台北市忠孝東****,,
137,游藝,107年直轄市議員選舉,首次申報,1070914,宣傳支出,競選總部,G12*******,0.00,932.00,臉書廣告費已刊登完畢,非金錢,臺北市信義區****,,
138,游藝,107年直轄市議員選舉,首次申報,1070915,宣傳支出,蜜世界鮮果專賣店,01334125,0.00,1600.00,香蕉一批,金錢,台北市中山區****,,
139,游藝,107年直轄市議員選舉,首次申報,1070915,交通旅運支出,台灣中油（股）公司光復北路站,01606343,0.00,1268.00,代步車油資,金錢,台北市松山區****,,
140,游藝,107年直轄市議員選舉,首次申報,1070915,交通旅運支出,台灣中油（股）公司光復北路站,01606343,0.00,803.00,物資車油資,金錢,台北市松山區****,,
141,游藝,107年直轄市議員選舉,首次申報,1070915,交通旅運支出,台灣中油（股）公司光復北路站,01606343,0.00,27.00,代步機車油資,金錢,台北市松山區****,,
142,游藝,107年直轄市議員選舉,首次申報,1070915,交通旅運支出,台灣中油（股）公司光復北路站,01606343,0.00,57.00,物資車油資,金錢,台北市松山區****,,
143,游藝,107年直轄市議員選舉,首次申報,1070915,宣傳支出,松建鮮果行,25571998,0.00,1860.00,香蕉一批,金錢,台北市信義區****,,
144,游藝,107年直轄市議員選舉,首次申報,1070915,宣傳支出,松建鮮果行,25571998,0.00,9300.00,香蕉一批,金錢,台北市信義區****,,
145,游藝,107年直轄市議員選舉,首次申報,1070915,雜支支出,通通友商行,48783241,0.00,750.00,小推車一台,金錢,臺北市信義區****,,
146,游藝,107年直轄市議員選舉,首次申報,1070916,宣傳支出,晏茹蔬果行,17517901,0.00,2600.00,香蕉一批,金錢,臺北市永吉路****,,
147,游藝,107年直轄市議員選舉,首次申報,1070916,宣傳支出,松建鮮果行,25571998,0.00,14400.00,香蕉一批,金錢,台北市信義區****,,
148,游藝,107年直轄市議員選舉,首次申報,1070917,宣傳支出,建君蔬菓行,25686794,0.00,750.00,香蕉一批,金錢,台北市大安區****,,
149,游藝,107年直轄市議員選舉,首次申報,1070917,宣傳支出,強力整合行銷股份有限公司,28482366,0.00,60900.00,公車廣告單面四輛,金錢,台北市松山區****,,
150,游藝,107年直轄市議員選舉,首次申報,1070917,集會支出,蕭素菁,A22*******,0.00,3600.00,募款餐會回饋品-薑糖,金錢,臺北市信義區****,,
151,游藝,107年直轄市議員選舉,首次申報,1070919,交通旅運支出,聯成加油站,23919827,0.00,931.00,物資車油資,金錢,,,
152,游藝,107年直轄市議員選舉,首次申報,1070919,宣傳支出,松建鮮果行,25571998,0.00,1160.00,香蕉一批,金錢,台北市信義區****,,
153,游藝,107年直轄市議員選舉,首次申報,1070919,交通旅運支出,統一超商股份有限公司敦頂店,70744905,0.00,1015.00,物資車停車費,金錢,台北市忠孝東****,,
154,游藝,107年直轄市議員選舉,首次申報,1070920,宣傳支出,松建鮮果行,25571998,0.00,2650.00,香蕉一批,金錢,台北市信義區****,,
155,游藝,107年直轄市議員選舉,首次申報,1070920,宣傳支出,松建鮮果行,25571998,0.00,1590.00,香蕉一批,金錢,台北市信義區****,,
156,游藝,107年直轄市議員選舉,首次申報,1070921,宣傳支出,松建鮮果行,25571998,0.00,7950.00,香蕉一批,金錢,台北市信義區****,,
157,游藝,107年直轄市議員選舉,首次申報,1070922,交通旅運支出,台灣中油（股）公司松山路加油站,01113299,0.00,1023.00,物資車油資,金錢,,,
158,游藝,107年直轄市議員選舉,首次申報,1070922,宣傳支出,松建鮮果行,25571998,0.00,1060.00,香蕉一批,金錢,台北市信義區****,,
159,游藝,107年直轄市議員選舉,首次申報,1070922,宣傳支出,松建鮮果行,25571998,0.00,600.00,文旦禮盒*,金錢,台北市信義區****,,
160,游藝,107年直轄市議員選舉,首次申報,1070922,宣傳支出,松建鮮果行,25571998,0.00,6360.00,香蕉一批,金錢,台北市信義區****,,
161,游藝,107年直轄市議員選舉,首次申報,1070923,宣傳支出,松建鮮果行,25571998,0.00,600.00,文旦禮盒*,金錢,,,
162,游藝,107年直轄市議員選舉,首次申報,1070923,宣傳支出,松建鮮果行,25571998,0.00,2650.00,香蕉一批,金錢,,,
163,游藝,107年直轄市議員選舉,首次申報,1070923,交通旅運支出,忠安停車場,25634065,0.00,160.00,物資車停車費,金錢,,,
164,游藝,107年直轄市議員選舉,首次申報,1070923,交通旅運支出,統一超商股份有限公司敦頂店,70744905,0.00,295.00,物資車停車費,金錢,,,
165,游藝,107年直轄市議員選舉,首次申報,1070924,宣傳支出,松建鮮果行,25571998,0.00,2370.00,香蕉一批,金錢,,,
166,游藝,107年直轄市議員選舉,首次申報,1070924,交通旅運支出,成祥交通有限公司附設中山停車場,42219562,0.00,495.00,物資車停車費,金錢,新北市三重區****,,
167,游藝,107年直轄市議員選舉,首次申報,1070925,宣傳支出,松建鮮果行,25571998,0.00,3000.00,香蕉一批,金錢,,,
168,游藝,107年直轄市議員選舉,首次申報,1070926,宣傳支出,松建鮮果行,25571998,0.00,450.00,香蕉一批,金錢,,,
169,游藝,107年直轄市議員選舉,首次申報,1070926,宣傳支出,松建鮮果行,25571998,0.00,2250.00,香蕉一批,金錢,,,
170,游藝,107年直轄市議員選舉,首次申報,1070926,交通旅運支出,忠安停車場,25634065,0.00,240.00,物資車停車費,金錢,,,
171,游藝,107年直轄市議員選舉,首次申報,1070927,宣傳支出,松建鮮果行,25571998,0.00,2250.00,香蕉一批,金錢,,,
172,游藝,107年直轄市議員選舉,首次申報,1070927,宣傳支出,松建鮮果行,25571998,0.00,2400.00,香蕉一批,金錢,,,
173,游藝,107年直轄市議員選舉,首次申報,1070927,交通旅運支出,忠安停車場,25634065,0.00,160.00,物資車停車費,金錢,,,
174,游藝,107年直轄市議員選舉,首次申報,1070927,交通旅運支出,陽光加油站,31815058,0.00,963.00,物資車油資,金錢,,,
175,游藝,107年直轄市議員選舉,首次申報,1070927,宣傳支出,廣運廣告實業社,37869663,0.00,30450.00,公車廣告單面輛,金錢,新北市中和區****,,
176,游藝,107年直轄市議員選舉,首次申報,1070928,宣傳支出,松建鮮果行,25571998,0.00,3870.00,香蕉一批,金錢,,,
177,游藝,107年直轄市議員選舉,首次申報,1070928,宣傳支出,呂秉軒,C12*******,0.00,11000.00,文宣設計製作,金錢,,,
178,游藝,107年直轄市議員選舉,首次申報,1070928,宣傳支出,呂秉軒,C12*******,0.00,11000.00,文宣設計製作,金錢,,,
179,游藝,107年直轄市議員選舉,首次申報,1070928,宣傳支出,呂秉軒,C12*******,0.00,7200.00,文宣設計製作,金錢,,,
180,游藝,107年直轄市議員選舉,首次申報,1070928,宣傳支出,呂秉軒,C12*******,0.00,15400.00,文宣設計製作,金錢,基隆市暖暖區****,,
181,游藝,107年直轄市議員選舉,首次申報,1070928,宣傳支出,許泰英,F12*******,0.00,9000.00,文宣設計製作,金錢,,,
182,游藝,107年直轄市議員選舉,首次申報,1070928,宣傳支出,許泰英,F12*******,0.00,9000.00,文宣設計製作,金錢,,,
183,游藝,107年直轄市議員選舉,首次申報,1070928,宣傳支出,許泰英,F12*******,0.00,9000.00,文宣設計製作,金錢,,,
184,游藝,107年直轄市議員選舉,首次申報,1070929,宣傳支出,松建鮮果行,25571998,0.00,1290.00,香蕉一批,金錢,,,
185,游藝,107年直轄市議員選舉,首次申報,1070929,交通旅運支出,成祥交通有限公司附設中山停車場,42219562,0.00,120.00,物資車停車費,金錢,,,
186,游藝,107年直轄市議員選舉,首次申報,1070930,宣傳支出,晏茹蔬果行,17517901,0.00,2000.00,香蕉一批,金錢,,,
187,游藝,107年直轄市議員選舉,首次申報,1071001,宣傳支出,台灣摩菲爾國際股份有限公司,24312453,0.00,65100.00,台、台公車司機側單面廣告,金錢,台北市中正區****,,
188,游藝,107年直轄市議員選舉,首次申報,1071001,宣傳支出,松建鮮果行,25571998,0.00,1720.00,香蕉一批,金錢,,,
189,游藝,107年直轄市議員選舉,首次申報,1071001,交通旅運支出,興盛興有限公司三重行政大樓停車場,47990600,0.00,540.00,物資車停車費,金錢,,,
190,游藝,107年直轄市議員選舉,首次申報,1071002,宣傳支出,松建鮮果行,25571998,0.00,860.00,香蕉一批,金錢,,,
191,游藝,107年直轄市議員選舉,首次申報,1071002,交通旅運支出,忠安停車場,25634065,0.00,160.00,物資車停車費,金錢,,,
192,游藝,107年直轄市議員選舉,首次申報,1071003,宣傳支出,松建鮮果行,25571998,0.00,1290.00,香蕉一批,金錢,,,
193,游藝,107年直轄市議員選舉,首次申報,1071003,宣傳支出,強力整合行銷股份有限公司,28482366,0.00,3150.00,公車廣告補字,金錢,,,
194,游藝,107年直轄市議員選舉,首次申報,1071004,雜支支出,金裕興汽車機械有限公司,20591101,0.00,5500.00,物資車保養維修換輪胎,金錢,台北市光復北****,,
195,游藝,107年直轄市議員選舉,首次申報,1071004,宣傳支出,松建鮮果行,25571998,0.00,2150.00,香蕉一批,金錢,,,
196,游藝,107年直轄市議員選舉,首次申報,1071004,宣傳支出,龍吉商行,29236130,0.00,120.00,香蕉一批,金錢,,,
197,游藝,107年直轄市議員選舉,首次申報,1071004,交通旅運支出,興盛興有限公司三重行政大樓停車場,47990600,0.00,170.00,物資車停車費,金錢,,,
198,游藝,107年直轄市議員選舉,首次申報,1071004,雜支支出,弘義通商有限公司,52923808,0.00,99.00,膠帶,金錢,台北市松山區****,,
199,游藝,107年直轄市議員選舉,首次申報,1071004,交通旅運支出,統一超商股份有限公司敦頂店,70744905,0.00,390.00,物資車停車費,金錢,,,
200,游藝,107年直轄市議員選舉,首次申報,1071005,宣傳支出,松建鮮果行,25571998,0.00,1720.00,香蕉一批,金錢,,,
201,游藝,107年直轄市議員選舉,首次申報,1071005,宣傳支出,松建鮮果行,25571998,0.00,1720.00,香蕉一批,金錢,,,
202,游藝,107年直轄市議員選舉,首次申報,1071005,人事費用支出,蘇孟君,A22*******,0.00,1120.00,九月份薪資,金錢,台北市內湖區****,,
203,游藝,107年直轄市議員選舉,首次申報,1071005,人事費用支出,王穩理,A22*******,0.00,32000.00,九月份薪資,金錢,新北市新店區****,,
204,游藝,107年直轄市議員選舉,首次申報,1071005,人事費用支出,莊承澔,F12*******,0.00,32000.00,九月份薪資,金錢,新北市三重區****,,
205,游藝,107年直轄市議員選舉,首次申報,1071005,人事費用支出,李凱騏,F12*******,0.00,8640.00,九月份薪資,金錢,新北市泰山區****,,
206,游藝,107年直轄市議員選舉,首次申報,1071005,人事費用支出,梁一賢,H12*******,0.00,560.00,九月份薪資,金錢,宜蘭縣頭城鎮****,,
207,游藝,107年直轄市議員選舉,首次申報,1071005,人事費用支出,岳禹君,L22*******,0.00,1280.00,九月份薪資,金錢,臺北市信義區****,,
208,游藝,107年直轄市議員選舉,首次申報,1071006,雜支支出,榮進建材行,04927875,0.00,510.00,競選手版支撐桿*/泡棉膠帶*,金錢,,,
209,游藝,107年直轄市議員選舉,首次申報,1071006,宣傳支出,峻強水果行,36278182,0.00,715.00,香蕉一批,金錢,新北市三重區****,,
210,游藝,107年直轄市議員選舉,首次申報,1071006,雜支支出,十平方文具有限公司,42627167,0.00,232.00,瓦楞板一批,金錢,台北市大安區****,,
211,游藝,107年直轄市議員選舉,首次申報,1071006,雜支支出,統一超商股份有限公司敦頂店,70744905,0.00,200.00,彩色列印*張,金錢,,,
212,游藝,107年直轄市議員選舉,首次申報,1071006,交通旅運支出,台灣中油（股）公司桂林路加油站,77144981,0.00,1027.00,物資車油資,金錢,,,
213,游藝,107年直轄市議員選舉,首次申報,1071006,交通旅運支出,中興電工機械股份有限公司,80029824,0.00,180.00,物資車停車費,金錢,台北市南港區****,,
214,游藝,107年直轄市議員選舉,首次申報,1071007,宣傳支出,福大水果行,15955019,0.00,1100.00,香蕉一批,金錢,,,
215,游藝,107年直轄市議員選舉,首次申報,1071007,宣傳支出,松建鮮果行,25571998,0.00,1970.00,香蕉一批,金錢,,,
216,游藝,107年直轄市議員選舉,首次申報,1071007,交通旅運支出,興盛興有限公司三重行政大樓停車場,47990600,0.00,170.00,香蕉一批,金錢,,,
217,游藝,107年直轄市議員選舉,首次申報,1071008,宣傳支出,松建鮮果行,25571998,0.00,510.00,香蕉一批,金錢,,,
218,游藝,107年直轄市議員選舉,首次申報,1071009,宣傳支出,松建鮮果行,25571998,0.00,1000.00,香蕉一批,金錢,,,
219,游藝,107年直轄市議員選舉,首次申報,1071009,宣傳支出,廣運廣告實業社,37869663,0.00,1575.00,公車廣告補字,金錢,,,
220,游藝,107年直轄市議員選舉,首次申報,1071010,宣傳支出,松建鮮果行,25571998,0.00,3710.00,香蕉一批,金錢,,,
221,游藝,107年直轄市議員選舉,首次申報,1071011,交通旅運支出,財團法人國立台灣大學校友會文化基金會校友聯誼社,05140016,0.00,330.00,物資車停車費,金錢,台北市濟南路****,,
222,游藝,107年直轄市議員選舉,首次申報,1071011,宣傳支出,龍吉商行,29236130,0.00,180.00,香蕉一批,金錢,,,
223,游藝,107年直轄市議員選舉,首次申報,1071012,交通旅運支出,全家便利商店股份有限公司忠孝店,23060248,0.00,320.00,物資車停車費,金錢,,,
224,游藝,107年直轄市議員選舉,首次申報,1071012,交通旅運支出,全家便利商店股份有限公司忠孝店,23060248,0.00,80.00,物資車停車費,金錢,,,
225,游藝,107年直轄市議員選舉,首次申報,1071012,宣傳支出,松建鮮果行,25571998,0.00,1590.00,香蕉一批,金錢,,,
226,游藝,107年直轄市議員選舉,首次申報,1071012,交通旅運支出,忠安停車場,25634065,0.00,160.00,物資車停車費,金錢,,,
227,游藝,107年直轄市議員選舉,首次申報,1071012,交通旅運支出,台灣中油（股）公司油品行銷事業部台北營業處菜寮站,35873212,0.00,978.00,物資車油資,金錢,,,
228,游藝,107年直轄市議員選舉,首次申報,1071012,雜支支出,統一超商股份有限公司敦頂店,70744905,0.00,280.00,影印,金錢,,,
229,游藝,107年直轄市議員選舉,首次申報,1071013,宣傳支出,松建鮮果行,25571998,0.00,14310.00,香蕉一批,金錢,,,
230,游藝,107年直轄市議員選舉,首次申報,1071014,交通旅運支出,歐派克實業有限公司永春營業所,42312292,0.00,90.00,物資車停車費,金錢,,,
231,游藝,107年直轄市議員選舉,首次申報,1071014,交通旅運支出,興盛興有限公司三重行政大樓停車場,47990600,0.00,210.00,物資車停車費,金錢,,,
232,游藝,107年直轄市議員選舉,首次申報,1071015,宣傳支出,蜜世界鮮果專賣店,01334125,0.00,2400.00,香蕉一批,金錢,,,
233,游藝,107年直轄市議員選舉,首次申報,1071015,宣傳支出,松建鮮果行,25571998,0.00,1590.00,香蕉一批,金錢,,,
234,游藝,107年直轄市議員選舉,首次申報,1071015,宣傳支出,正和蔬果行,42281690,0.00,469.00,香蕉一批,金錢,,,
235,游藝,107年直轄市議員選舉,首次申報,1071015,交通旅運支出,興盛興有限公司三重行政大樓停車場,47990600,0.00,230.00,物資車停車費,金錢,,,
236,游藝,107年直轄市議員選舉,首次申報,1071016,交通旅運支出,台灣中油（股）公司忠孝東路加油站,01113283,0.00,727.00,物資車油資,金錢,,,
237,游藝,107年直轄市議員選舉,首次申報,1071016,宣傳支出,松建鮮果行,25571998,0.00,1060.00,香蕉一批,金錢,,,
238,游藝,107年直轄市議員選舉,首次申報,1071016,宣傳支出,松建鮮果行,25571998,0.00,3180.00,香蕉一批,金錢,,,
239,游藝,107年直轄市議員選舉,首次申報,1071016,交通旅運支出,統一超商股份有限公司敦頂店,70744905,0.00,160.00,物資車停車費,金錢,,,
240,游藝,107年直轄市議員選舉,首次申報,1071016,交通旅運支出,正好停股份有限公司,72975395,0.00,80.00,物資車停車費,金錢,臺北市信義區****,,
241,游藝,107年直轄市議員選舉,首次申報,1071017,宣傳支出,蜜世界鮮果專賣店,01334125,0.00,6000.00,香蕉一批,金錢,,,
242,游藝,107年直轄市議員選舉,首次申報,1071017,宣傳支出,松建鮮果行,25571998,0.00,300.00,香蕉一批,金錢,,,
243,游藝,107年直轄市議員選舉,首次申報,1071018,宣傳支出,晏茹蔬果行,17517901,0.00,600.00,香蕉一批,金錢,,,
244,游藝,107年直轄市議員選舉,首次申報,1071018,宣傳支出,松建鮮果行,25571998,0.00,4380.00,香蕉一批,金錢,,,
245,游藝,107年直轄市議員選舉,首次申報,1071018,雜支支出,頂新商行,30926204,0.00,300.00,刻印,金錢,台北市忠孝東****,,
246,游藝,107年直轄市議員選舉,首次申報,1071019,雜支支出,大安鎖行,17089823,0.00,150.00,橡皮印章,金錢,台北市信義路****,,
247,游藝,107年直轄市議員選舉,首次申報,1071019,宣傳支出,台灣摩菲爾國際股份有限公司,24312453,0.00,21420.00,公車廣告單面輛,金錢,,,
248,游藝,107年直轄市議員選舉,首次申報,1071019,宣傳支出,松建鮮果行,25571998,0.00,11400.00,香蕉一批,金錢,,,
249,游藝,107年直轄市議員選舉,首次申報,1071019,交通旅運支出,嘟嘟房停車場西松國小站,42400767,0.00,75.00,物資車停車費,金錢,,,
250,游藝,107年直轄市議員選舉,首次申報,1071019,雜支支出,十平方文具有限公司,42627167,0.00,272.00,印泥,金錢,,,
251,游藝,107年直轄市議員選舉,首次申報,1071019,宣傳支出,開關美工企業社,72978581,0.00,452.00,電腦割字,金錢,台北市內湖區****,,
252,游藝,107年直轄市議員選舉,首次申報,1071020,交通旅運支出,壽園國宅管理委員會,,0.00,100.00,物資車停車費,金錢,台北市民權東****,,
253,游藝,107年直轄市議員選舉,首次申報,1071020,交通旅運支出,台灣中油（股）公司林森北路加油站,01490119,0.00,1017.00,代步車油資,金錢,,,
254,游藝,107年直轄市議員選舉,首次申報,1071020,交通旅運支出,台灣中油（股）公司林森北路加油站,01490119,0.00,1328.00,物資車油資,金錢,,,
255,游藝,107年直轄市議員選舉,首次申報,1071020,宣傳支出,松建鮮果行,25571998,0.00,9000.00,香蕉一批,金錢,,,
256,游藝,107年直轄市議員選舉,首次申報,1071020,交通旅運支出,慈峰有限公司光復營業所,42454427,0.00,60.00,物資車停車費,金錢,,,
257,游藝,107年直轄市議員選舉,首次申報,1071021,宣傳支出,蜜世界鮮果專賣店,01334125,0.00,1800.00,香蕉一批,金錢,,,
258,游藝,107年直轄市議員選舉,首次申報,1071021,宣傳支出,松建鮮果行,25571998,0.00,3600.00,香蕉一批,金錢,,,
259,游藝,107年直轄市議員選舉,首次申報,1071022,宣傳支出,承銷人4404,01446199,0.00,360.00,香蕉一批,金錢,台北市萬大路****,,
260,游藝,107年直轄市議員選舉,首次申報,1071022,宣傳支出,松建鮮果行,25571998,0.00,1300.00,香蕉一批,金錢,,,
261,游藝,107年直轄市議員選舉,首次申報,1071022,宣傳支出,松建鮮果行,25571998,0.00,1950.00,香蕉一批,金錢,,,
262,游藝,107年直轄市議員選舉,首次申報,1071023,交通旅運支出,統一超商股份有限公司敦頂店,,0.00,415.00,物資車停車費,金錢,台北市忠孝東****,,
263,游藝,107年直轄市議員選舉,首次申報,1071023,雜支支出,中華郵政股份有限公司台北光武郵局,04137838,0.00,28.00,郵資,金錢,,,
264,游藝,107年直轄市議員選舉,首次申報,1071023,交通旅運支出,忠安停車場,25634065,0.00,240.00,物資車停車費,金錢,,,
265,游藝,107年直轄市議員選舉,首次申報,1071023,雜支支出,頂新商行,30926204,0.00,50.00,印章,金錢,,,
266,游藝,107年直轄市議員選舉,首次申報,1071023,雜支支出,巧昱服飾設計有限公司,80587854,0.00,2935.00,競選團隊背心加印號次,金錢,新北市新莊區****,,
267,游藝,107年直轄市議員選舉,首次申報,1071024,宣傳支出,松建鮮果行,25571998,0.00,2600.00,香蕉一批,金錢,,,
268,游藝,107年直轄市議員選舉,首次申報,1071025,宣傳支出,長億美術工程行,,0.00,500.00,電腦割字,金錢,台北市通化街****,,
269,游藝,107年直轄市議員選舉,首次申報,1071025,交通旅運支出,統一超商股份有限公司敦頂店,,0.00,235.00,物資車停車費,金錢,台北市忠孝東****,,
270,游藝,107年直轄市議員選舉,首次申報,1071025,雜支支出,勞動部勞工保險局,,0.00,9141.00,八月份勞保費,金錢,台北市中正區****,,
271,游藝,107年直轄市議員選舉,首次申報,1071025,交通旅運支出,忠安停車場,25634065,0.00,160.00,物資車停車費,金錢,,,
272,游藝,107年直轄市議員選舉,首次申報,1071025,交通旅運支出,榮帝八德路監理所停場,42454539,0.00,60.00,物資車停車費,金錢,,,
273,游藝,107年直轄市議員選舉,首次申報,1071026,交通旅運支出,台灣中油（股）公司松山路加油站,01113299,0.00,971.00,物資車油資,金錢,,,
274,游藝,107年直轄市議員選舉,首次申報,1071026,交通旅運支出,歐派克實業有限公司永春營業所,42312292,0.00,90.00,物資車停車費,金錢,,,
275,游藝,107年直轄市議員選舉,首次申報,1071027,宣傳支出,松建鮮果行,25571998,0.00,1045.00,香蕉一批,金錢,,,
276,游藝,107年直轄市議員選舉,首次申報,1071027,宣傳支出,松建鮮果行,25571998,0.00,6380.00,香蕉、橘子一批,金錢,,,
277,游藝,107年直轄市議員選舉,首次申報,1071027,雜支支出,寶貝多企業有限公司,29046820,0.00,69.00,活動道具,金錢,台北市大安區****,,
278,游藝,107年直轄市議員選舉,首次申報,1071027,交通旅運支出,新長越塔悠停車場,38638472,0.00,40.00,物資車停車費,金錢,,,
279,游藝,107年直轄市議員選舉,首次申報,1071027,交通旅運支出,慈峰有限公司光復營業所,42454427,0.00,60.00,物資車停車費,金錢,,,
280,游藝,107年直轄市議員選舉,首次申報,1071027,宣傳支出,呂秉軒,C12*******,0.00,17600.00,文宣設計製作,金錢,,,
281,游藝,107年直轄市議員選舉,首次申報,1071028,交通旅運支出,禾典實業有限公司,42382276,0.00,140.00,物資車停車費,金錢,,,
282,游藝,107年直轄市議員選舉,首次申報,1071028,交通旅運支出,興盛興有限公司三重行政大樓停車場,47990600,0.00,290.00,物資車停車費,金錢,,,
283,游藝,107年直轄市議員選舉,首次申報,1071028,宣傳支出,呂秉軒,C12*******,0.00,18000.00,文宣設計製作,金錢,,,
284,游藝,107年直轄市議員選舉,首次申報,1071028,宣傳支出,呂秉軒,C12*******,0.00,18000.00,文宣設計製作,金錢,,,
285,游藝,107年直轄市議員選舉,首次申報,1071028,宣傳支出,呂秉軒,C12*******,0.00,4500.00,文宣設計製作,金錢,,,
286,游藝,107年直轄市議員選舉,首次申報,1071028,宣傳支出,呂秉軒,C12*******,0.00,6000.00,文宣設計製作,金錢,,,
287,游藝,107年直轄市議員選舉,首次申報,1071028,宣傳支出,呂秉軒,C12*******,0.00,11000.00,文宣設計製作,金錢,,,
288,游藝,107年直轄市議員選舉,首次申報,1071028,宣傳支出,呂秉軒,C12*******,0.00,11000.00,文宣設計製作,金錢,,,
289,游藝,107年直轄市議員選舉,首次申報,1071028,宣傳支出,呂秉軒,C12*******,0.00,9000.00,文宣設計製作,金錢,,,
290,游藝,107年直轄市議員選舉,首次申報,1071029,宣傳支出,松建鮮果行,25571998,0.00,860.00,香蕉、橘子一批,金錢,,,
291,游藝,107年直轄市議員選舉,首次申報,1071029,交通旅運支出,嘟嘟房停車場西松國小站,42400767,0.00,50.00,物資車停車費,金錢,,,
292,游藝,107年直轄市議員選舉,首次申報,1071029,交通旅運支出,昇榮事業有限公司信義營業所,48804082,0.00,45.00,物資車停車費,金錢,,,
293,游藝,107年直轄市議員選舉,首次申報,1071030,宣傳支出,草埔市場81號水果攤,,0.00,1000.00,橘子一批,金錢,台北市新東街****,,
294,游藝,107年直轄市議員選舉,首次申報,1071030,宣傳支出,松建鮮果行,25571998,0.00,1920.00,橘子一批,金錢,,,
295,游藝,107年直轄市議員選舉,首次申報,1071030,交通旅運支出,忠安停車場,25634065,0.00,480.00,物資車停車費,金錢,,,
296,游藝,107年直轄市議員選舉,首次申報,1071030,交通旅運支出,忠安停車場,25634065,0.00,240.00,物資車停車費,金錢,,,
297,游藝,107年直轄市議員選舉,首次申報,1071030,交通旅運支出,台灣中油（股）公司油品行銷事業部台北營業處菜寮站,35873212,0.00,400.00,物資車停車費,金錢,,,
298,游藝,107年直轄市議員選舉,首次申報,1071031,交通旅運支出,全家便利商店股份有限公司忠孝店,23060248,0.00,210.00,代步車停車費,金錢,,,
299,游藝,107年直轄市議員選舉,首次申報,1071031,交通旅運支出,全家便利商店股份有限公司忠孝店,23060248,0.00,360.00,物資車停車費,金錢,,,
300,游藝,107年直轄市議員選舉,首次申報,1071031,宣傳支出,競選總部,G12*******,0.00,96.00,臉書廣告費已刊登完畢,非金錢,臺北市信義區****,,
301,游藝,107年直轄市議員選舉,首次申報,1071101,宣傳支出,呂秉軒,C12*******,0.00,18000.00,文宣設計製作,金錢,,,
302,游藝,107年直轄市議員選舉,首次申報,1071102,雜支支出,衛生福利部中央健康保險署,,0.00,1307.00,九月份健保費,金錢,臺北市大安區****,,
303,游藝,107年直轄市議員選舉,首次申報,1071102,雜支支出,勞動部勞工保險局,,0.00,9342.00,九月份勞保費,金錢,台北市中正區****,,
304,游藝,107年直轄市議員選舉,首次申報,1071102,交通旅運支出,忠安停車場,25634065,0.00,400.00,物資車停車費,金錢,,,
305,游藝,107年直轄市議員選舉,首次申報,1071103,宣傳支出,松建鮮果行,25571998,0.00,1600.00,橘子一批,金錢,,,
306,游藝,107年直轄市議員選舉,首次申報,1071104,宣傳支出,松建鮮果行,25571998,0.00,2000.00,橘子一批,金錢,,,
307,游藝,107年直轄市議員選舉,首次申報,1071105,人事費用支出,蘇孟君,A22*******,0.00,640.00,十月份薪資,金錢,台北市內湖區****,,
308,游藝,107年直轄市議員選舉,首次申報,1071105,人事費用支出,王穩理,A22*******,0.00,67434.00,十月份薪資,金錢,新北市新店區****,,
309,游藝,107年直轄市議員選舉,首次申報,1071105,人事費用支出,莊承澔,F12*******,0.00,51788.00,十月份薪資,金錢,新北市三重區****,,
310,游藝,107年直轄市議員選舉,首次申報,1071105,人事費用支出,廖安祈,F12*******,0.00,5120.00,十月份薪資,金錢,新北市永和區****,,
311,游藝,107年直轄市議員選舉,首次申報,1071105,人事費用支出,黃意婷,H22*******,0.00,2960.00,十月份薪資,金錢,新莊****,,
312,游藝,107年直轄市議員選舉,首次申報,1071105,人事費用支出,岳禹君,L22*******,0.00,41991.00,十月份薪資,金錢,臺北市信義區****,,
313,游藝,107年直轄市議員選舉,首次申報,1071106,交通旅運支出,統一超商股份有限公司敦頂店,,0.00,535.00,物資車停車費,金錢,台北市忠孝東****,,
314,游藝,107年直轄市議員選舉,首次申報,1071106,交通旅運支出,統一超商股份有限公司敦頂店,,0.00,1230.00,代步車停車費,金錢,台北市忠孝東****,,
315,游藝,107年直轄市議員選舉,首次申報,1071106,雜支支出,勝泰布行,07667090,0.00,160.00,布條,金錢,,,
316,游藝,107年直轄市議員選舉,首次申報,1071106,宣傳支出,双喜蔬果行,30297373,0.00,310.00,橘子一批,金錢,,,
317,游藝,107年直轄市議員選舉,首次申報,1071106,宣傳支出,呂秉軒,C12*******,0.00,18000.00,文宣設計製作,金錢,,,
318,游藝,107年直轄市議員選舉,首次申報,1071107,宣傳支出,松建鮮果行,25571998,0.00,1305.00,橘子一批,金錢,,,
319,游藝,107年直轄市議員選舉,首次申報,1071107,宣傳支出,松建鮮果行,25571998,0.00,1740.00,橘子一批,金錢,,,
320,游藝,107年直轄市議員選舉,首次申報,1071108,宣傳支出,松建鮮果行,25571998,0.00,5460.00,橘子一批,金錢,,,
321,游藝,107年直轄市議員選舉,首次申報,1071109,交通旅運支出,忠安停車場,25634065,0.00,240.00,物資車停車費,金錢,,,
322,游藝,107年直轄市議員選舉,首次申報,1071110,租用宣傳車輛支出,寶林企業社,13369112,0.00,3000.00,社民黨聯合拜票競選宣傳車租金分攤,金錢,,,
323,游藝,107年直轄市議員選舉,首次申報,1071111,宣傳支出,松建鮮果行,25571998,0.00,2000.00,橘子一批,金錢,,,
324,游藝,107年直轄市議員選舉,首次申報,1071111,宣傳支出,呂秉軒,C12*******,0.00,18000.00,文宣設計製作,金錢,,,
325,游藝,107年直轄市議員選舉,首次申報,1071111,宣傳支出,呂秉軒,C12*******,0.00,18000.00,文宣設計製作,金錢,,,
326,游藝,107年直轄市議員選舉,首次申報,1071111,宣傳支出,顏孝庭,P22*******,0.00,18000.00,文宣設計製作,金錢,,,
327,游藝,107年直轄市議員選舉,首次申報,1071111,宣傳支出,顏孝庭,P22*******,0.00,4500.00,文宣設計製作,金錢,,,
328,游藝,107年直轄市議員選舉,首次申報,1071111,宣傳支出,顏孝庭,P22*******,0.00,4000.00,文宣設計製作,金錢,,,
329,游藝,107年直轄市議員選舉,首次申報,1071112,宣傳支出,張岳梅,H22*******,0.00,6300.00,文宣設計製作,金錢,,,
330,游藝,107年直轄市議員選舉,首次申報,1071112,宣傳支出,張岳梅,H22*******,0.00,3800.00,文宣設計製作,金錢,,,
331,游藝,107年直轄市議員選舉,首次申報,1071112,宣傳支出,張岳梅,H22*******,0.00,12800.00,文宣設計製作,金錢,,,
332,游藝,107年直轄市議員選舉,首次申報,1071113,交通旅運支出,忠安停車場,25634065,0.00,160.00,物資車停車費,金錢,,,
333,游藝,107年直轄市議員選舉,首次申報,1071113,宣傳支出,双喜蔬果行,30297373,0.00,277.00,橘子一批,金錢,,,
334,游藝,107年直轄市議員選舉,首次申報,1071114,交通旅運支出,統一超商股份有限公司敦頂店,,0.00,525.00,物資車停車費,金錢,台北市忠孝東****,,
335,游藝,107年直轄市議員選舉,首次申報,1071114,宣傳支出,松建鮮果行,25571998,0.00,1200.00,橘子一批,金錢,,,
336,游藝,107年直轄市議員選舉,首次申報,1071114,交通旅運支出,忠安停車場,25634065,0.00,400.00,物資車停車費,金錢,,,
337,游藝,107年直轄市議員選舉,首次申報,1071115,宣傳支出,飛躍廣告社,17819379,0.00,58800.00,競選文宣無址投遞,金錢,新北市三重區****,,
338,游藝,107年直轄市議員選舉,首次申報,1071117,集會支出,晶采傳播企業社,02449820,0.00,8000.00,選前之夜投影機租金,金錢,,,
339,游藝,107年直轄市議員選舉,首次申報,1071117,宣傳支出,松建鮮果行,25571998,0.00,6380.00,橘子一批,金錢,,,
340,游藝,107年直轄市議員選舉,首次申報,1071119,宣傳支出,飛躍廣告社,17819379,0.00,22050.00,競選文宣夾報費,金錢,,,
341,游藝,107年直轄市議員選舉,首次申報,1071120,交通旅運支出,忠安停車場,25634065,0.00,200.00,物資車停車費,金錢,,,
342,游藝,107年直轄市議員選舉,首次申報,1071121,宣傳支出,張岳梅,H22*******,0.00,10200.00,文宣設計製作,金錢,,,
343,游藝,107年直轄市議員選舉,首次申報,1071121,宣傳支出,張岳梅,H22*******,0.00,9700.00,文宣設計製作,金錢,,,
344,游藝,107年直轄市議員選舉,首次申報,1071121,宣傳支出,張岳梅,H22*******,0.00,15000.00,文宣設計製作,金錢,,,
345,游藝,107年直轄市議員選舉,首次申報,1071122,交通旅運支出,台北市停車管理工程處,,0.00,230.00,代步車停車費,金錢,臺北市信義區****,,
346,游藝,107年直轄市議員選舉,首次申報,1071122,交通旅運支出,台北市停車管理工程處,,0.00,260.00,物資車停車費,金錢,臺北市信義區****,,
347,游藝,107年直轄市議員選舉,首次申報,1071123,宣傳支出,競選總部,G12*******,0.00,5376.00,臉書廣告,非金錢,臺北市信義區****,,
348,游藝,107年直轄市議員選舉,首次申報,1071126,雜支支出,雨林企業社,,0.00,60.00,矽利康一支(廣告帆布拆卸後補鐵皮螺絲孔),金錢,台北市光復南****,,
349,游藝,107年直轄市議員選舉,首次申報,1071126,交通旅運支出,統一超商股份有限公司敦頂店,,0.00,135.00,物資車停車費,金錢,台北市忠孝東****,,
350,游藝,107年直轄市議員選舉,首次申報,1071127,交通旅運支出,忠安停車場,25634065,0.00,400.00,物資車停車費,金錢,,,
351,游藝,107年直轄市議員選舉,首次申報,1071128,交通旅運支出,統一超商股份有限公司敦頂店,,0.00,210.00,物資車停車費,金錢,台北市忠孝東****,,
352,游藝,107年直轄市議員選舉,首次申報,1071128,雜支支出,智通數位科技股份有限公司,42646755,0.00,4724.00,政治獻金收受期間線上捐款手續費,金錢,,,
353,游藝,107年直轄市議員選舉,首次申報,1071204,返還支出,王益,,0.00,1250.00,返還,金錢,,0958*****,
354,游藝,107年直轄市議員選舉,首次申報,1071205,人事費用支出,李鎮宇,A12*******,0.00,6160.00,十一月份薪資,金錢,台北市文山區****,,
355,游藝,107年直轄市議員選舉,首次申報,1071205,人事費用支出,潘韋安,A12*******,0.00,1920.00,十一月份薪資,金錢,台北市萬華區****,,
356,游藝,107年直轄市議員選舉,首次申報,1071205,人事費用支出,蘇孟君,A22*******,0.00,2960.00,十一月份薪資,金錢,台北市內湖區****,,
357,游藝,107年直轄市議員選舉,首次申報,1071205,人事費用支出,王穩理,A22*******,0.00,27008.00,十一月份薪資,金錢,新北市新店區****,,
358,游藝,107年直轄市議員選舉,首次申報,1071205,人事費用支出,陳怡靜,A22*******,0.00,9750.00,政治獻金記帳,金錢,新北市三峽區****,,
359,游藝,107年直轄市議員選舉,首次申報,1071205,人事費用支出,廖安祈,F12*******,0.00,15120.00,十一月份薪資,金錢,新北市永和區****,,
360,游藝,107年直轄市議員選舉,首次申報,1071205,人事費用支出,莊承澔,F12*******,0.00,36793.00,十一月份薪資,金錢,新北市三重區****,,
361,游藝,107年直轄市議員選舉,首次申報,1071205,人事費用支出,李凱騏,F12*******,0.00,11040.00,十一月份薪資,金錢,新北市泰山區****,,
362,游藝,107年直轄市議員選舉,首次申報,1071205,人事費用支出,梁一賢,H12*******,0.00,2720.00,十一月份薪資,金錢,宜蘭縣頭城鎮****,,
363,游藝,107年直轄市議員選舉,首次申報,1071205,人事費用支出,白崇靉,H22*******,0.00,1360.00,十一月份薪資,金錢,桃園縣中壢市****,,
364,游藝,107年直轄市議員選舉,首次申報,1071205,人事費用支出,黃意婷,H22*******,0.00,12160.00,十一月份薪資,金錢,新北市新莊區****,,
365,游藝,107年直轄市議員選舉,首次申報,1071205,人事費用支出,岳禹君,L22*******,0.00,35191.00,十一月份薪資,金錢,臺北市信義區****,,
366,游藝,107年直轄市議員選舉,首次申報,1071205,人事費用支出,鄭琬宇,N22*******,0.00,5840.00,十一月份薪資,金錢,彰化縣北斗鎮****,,
367,游藝,107年直轄市議員選舉,首次申報,1071205,人事費用支出,童耀主,Q12*******,0.00,560.00,十一月份薪資,金錢,台北市大安區****,,
368,游藝,107年直轄市議員選舉,首次申報,1071214,雜支支出,勞動部勞工保險局,,0.00,10077.00,十月份勞保費,金錢,台北市中正區****,,
369,游藝,107年直轄市議員選舉,首次申報,1071214,雜支支出,衛生福利部中央健康保險署,,0.00,1888.00,補繳月份健保費,金錢,台北市大安區****,,
370,游藝,107年直轄市議員選舉,首次申報,1071214,雜支支出,衛生福利部中央健康保險署,,0.00,3195.00,十月份健保費,金錢,台北市大安區****,,
