﻿序號,擬參選人／政黨,選舉名稱,申報序號／年度,交易日期,收支科目,捐贈者／支出對象,身分證／統一編號,收入金額,支出金額,支出用途,金錢類,地址,聯絡電話,資料更正日期
1,高秀麗,107年鄉(鎮、市)民代表選舉,首次申報,1070927,宣傳支出,新潮工作室,19414938,0.00,3000.00,製作宣傳廣告支出,金錢,臺中市西屯區****,0423*****,
2,高秀麗,107年鄉(鎮、市)民代表選舉,首次申報,1071001,租用競選辦事處支出,金莎禮儀社,45512168,0.00,10000.00,裝潢競選辦事處支出,金錢,彰化縣和美鎮****,0476*****,
3,高秀麗,107年鄉(鎮、市)民代表選舉,首次申報,1071002,宣傳支出,新潮工作室,19414938,0.00,3000.00,製作宣傳廣告支出,金錢,臺中市西屯區****,0423*****,
4,高秀麗,107年鄉(鎮、市)民代表選舉,首次申報,1071002,公共關係費用支出,高金揚,M12*******,0.00,100000.00,為民服務費用,金錢,南投縣名間鄉****,,
5,高秀麗,107年鄉(鎮、市)民代表選舉,首次申報,1071005,宣傳支出,新潮工作室,19414938,0.00,3000.00,製作宣傳廣告支出,金錢,臺中市西屯區****,0423*****,
6,高秀麗,107年鄉(鎮、市)民代表選舉,首次申報,1071007,宣傳支出,金義堂有限公司,28323403,0.00,288.00,製作宣傳廣告支出,金錢,彰化縣和美鎮****,0475*****,
7,高秀麗,107年鄉(鎮、市)民代表選舉,首次申報,1071008,宣傳支出,心雅服裝行,15995103,0.00,8190.00,製作宣傳廣告支出,金錢,臺北市萬華區****,0223*****,
8,高秀麗,107年鄉(鎮、市)民代表選舉,首次申報,1071008,集會支出,莊麗娟水果行,47619721,0.00,5000.00,餐飲支出,金錢,彰化縣和美鎮****,0932*****,
9,高秀麗,107年鄉(鎮、市)民代表選舉,首次申報,1071010,集會支出,花都藝術花坊,13736074,0.00,3000.00,清潔整理支出,金錢,彰化縣彰化市****,0472*****,
10,高秀麗,107年鄉(鎮、市)民代表選舉,首次申報,1071011,宣傳支出,新潮工作室,19414938,0.00,3000.00,製作宣傳廣告支出,金錢,臺中市西屯區****,0423*****,
11,高秀麗,107年鄉(鎮、市)民代表選舉,首次申報,1071011,宣傳支出,新潮工作室,19414938,0.00,3000.00,製作宣傳廣告支出,金錢,臺中市西屯區****,0423*****,
12,高秀麗,107年鄉(鎮、市)民代表選舉,首次申報,1071011,租用競選辦事處支出,金莎禮儀社,45512168,0.00,21100.00,裝潢競選辦事處支出,金錢,彰化縣和美鎮****,0476*****,
13,高秀麗,107年鄉(鎮、市)民代表選舉,首次申報,1071012,宣傳支出,新潮工作室,19414938,0.00,3000.00,製作宣傳廣告支出,金錢,臺中市西屯區****,0423*****,
14,高秀麗,107年鄉(鎮、市)民代表選舉,首次申報,1071012,雜支支出,金義堂有限公司,28323403,0.00,210.00,文具用品費用,金錢,彰化縣和美鎮****,0475*****,
15,高秀麗,107年鄉(鎮、市)民代表選舉,首次申報,1071012,租用競選辦事處支出,金莎禮儀社,45512168,0.00,52700.00,裝潢競選辦事處支出,金錢,彰化縣和美鎮****,0476*****,
16,高秀麗,107年鄉(鎮、市)民代表選舉,首次申報,1071015,集會支出,花都藝術花坊,13736074,0.00,7500.00,清潔整理支出,金錢,彰化縣彰化市****,0472*****,
17,高秀麗,107年鄉(鎮、市)民代表選舉,首次申報,1071017,宣傳支出,華一廣告事業有限公司,97221177,0.00,77503.00,製作宣傳廣告支出,金錢,彰化縣彰化市****,0476*****,
18,高秀麗,107年鄉(鎮、市)民代表選舉,首次申報,1071018,雜支支出,金義堂有限公司,28323403,0.00,345.00,文具用品費用,金錢,彰化縣和美鎮****,0475*****,
19,高秀麗,107年鄉(鎮、市)民代表選舉,首次申報,1071019,宣傳支出,中華郵政公司道周郵局,,0.00,13654.00,郵寄競選物品或宣傳廣告支出,金錢,彰化縣和美鎮****,,
20,高秀麗,107年鄉(鎮、市)民代表選舉,首次申報,1071019,宣傳支出,新潮工作室,19414938,0.00,3000.00,製作宣傳廣告支出,金錢,臺中市西屯區****,0423*****,
21,高秀麗,107年鄉(鎮、市)民代表選舉,首次申報,1071019,集會支出,莊麗娟水果行,47619721,0.00,6000.00,餐飲支出,金錢,彰化縣和美鎮****,0932*****,
22,高秀麗,107年鄉(鎮、市)民代表選舉,首次申報,1071020,集會支出,花都藝術花坊,13736074,0.00,10000.00,清潔整理支出,金錢,彰化縣彰化市****,0472*****,
23,高秀麗,107年鄉(鎮、市)民代表選舉,首次申報,1071022,集會支出,莊麗娟水果行,47619721,0.00,2000.00,餐飲支出,金錢,彰化縣和美鎮****,0932*****,
24,高秀麗,107年鄉(鎮、市)民代表選舉,首次申報,1071024,集會支出,莊麗娟水果行,47619721,0.00,2000.00,餐飲支出,金錢,彰化縣和美鎮****,0932*****,
25,高秀麗,107年鄉(鎮、市)民代表選舉,首次申報,1071025,租用競選辦事處支出,花都藝術花坊,13736074,0.00,15000.00,裝潢競選辦事處支出,金錢,彰化縣彰化市****,0472*****,
26,高秀麗,107年鄉(鎮、市)民代表選舉,首次申報,1071025,宣傳支出,新潮工作室,19414938,0.00,3000.00,製作宣傳廣告支出,金錢,臺中市西屯區****,0423*****,
27,高秀麗,107年鄉(鎮、市)民代表選舉,首次申報,1071025,雜支支出,統一超商股份有限公司彰化縣第184分公司,53674638,0.00,549.00,餐飲費用,金錢,彰化縣和美鎮****,,
28,高秀麗,107年鄉(鎮、市)民代表選舉,首次申報,1071026,宣傳支出,氣球工房,45709991,0.00,20000.00,製作宣傳廣告支出,金錢,彰化縣彰化市****,0472*****,
29,高秀麗,107年鄉(鎮、市)民代表選舉,首次申報,1071027,租用競選辦事處支出,花都藝術花坊,13736074,0.00,19800.00,裝潢競選辦事處支出,金錢,彰化縣彰化市****,0472*****,
30,高秀麗,107年鄉(鎮、市)民代表選舉,首次申報,1071027,雜支支出,金義堂有限公司,28323403,0.00,201.00,文具用品費用,金錢,彰化縣和美鎮****,0475*****,
31,高秀麗,107年鄉(鎮、市)民代表選舉,首次申報,1071027,集會支出,莊麗娟水果行,47619721,0.00,16900.00,餐飲支出,金錢,彰化縣和美鎮****,0932*****,
32,高秀麗,107年鄉(鎮、市)民代表選舉,首次申報,1071028,宣傳支出,氣球工房,45709991,0.00,12000.00,製作宣傳廣告支出,金錢,彰化縣彰化市****,04-7*****,
33,高秀麗,107年鄉(鎮、市)民代表選舉,首次申報,1071028,交通旅運支出,巨登加油站股份有限公司,70601435,0.00,110.00,油資,金錢,彰化縣和美鎮****,,
34,高秀麗,107年鄉(鎮、市)民代表選舉,首次申報,1071030,集會支出,莊麗娟水果行,47619721,0.00,4500.00,餐飲支出,金錢,彰化縣和美鎮****,0932*****,
35,高秀麗,107年鄉(鎮、市)民代表選舉,首次申報,1071101,集會支出,花都藝術花坊,13736074,0.00,1000.00,清潔整理支出,金錢,彰化縣彰化市****,0472*****,
36,高秀麗,107年鄉(鎮、市)民代表選舉,首次申報,1071102,公共關係費用支出,全帥禮品行,06020263,0.00,13000.00,為民服務費用,金錢,彰化縣鹿港鎮****,0477*****,
37,高秀麗,107年鄉(鎮、市)民代表選舉,首次申報,1071102,集會支出,莊麗娟水果行,47619721,0.00,5000.00,餐飲支出,金錢,彰化縣和美鎮****,0932*****,
38,高秀麗,107年鄉(鎮、市)民代表選舉,首次申報,1071103,集會支出,花都藝術花坊,13736074,0.00,3000.00,清潔整理支出,金錢,彰化縣彰化市****,0472*****,
39,高秀麗,107年鄉(鎮、市)民代表選舉,首次申報,1071103,雜支支出,裕毛屋企業股份有限公司彰化分公司,23226156,0.00,63.00,餐飲費用,金錢,彰化縣彰化市****,0800*****,
40,高秀麗,107年鄉(鎮、市)民代表選舉,首次申報,1071104,集會支出,花都藝術花坊,13736074,0.00,2000.00,清潔整理支出,金錢,彰化縣彰化市****,0472*****,
41,高秀麗,107年鄉(鎮、市)民代表選舉,首次申報,1071105,集會支出,花都藝術花坊,13736074,0.00,1500.00,清潔整理支出,金錢,彰化縣彰化市****,0472*****,
42,高秀麗,107年鄉(鎮、市)民代表選舉,首次申報,1071105,集會支出,莊麗娟水果行,47619721,0.00,5000.00,餐飲支出,金錢,彰化縣和美鎮****,0932*****,
43,高秀麗,107年鄉(鎮、市)民代表選舉,首次申報,1071106,集會支出,花都藝術花坊,13736074,0.00,3000.00,清潔整理支出,金錢,彰化縣彰化市****,0472*****,
44,高秀麗,107年鄉(鎮、市)民代表選舉,首次申報,1071108,集會支出,花都藝術花坊,13736074,0.00,1000.00,清潔整理支出,金錢,彰化縣彰化市****,0472*****,
45,高秀麗,107年鄉(鎮、市)民代表選舉,首次申報,1071109,集會支出,花都藝術花坊,13736074,0.00,2000.00,清潔整理支出,金錢,彰化縣彰化市****,0472*****,
46,高秀麗,107年鄉(鎮、市)民代表選舉,首次申報,1071110,集會支出,花都藝術花坊,13736074,0.00,6000.00,清潔整理支出,金錢,彰化縣彰化市****,0472*****,
47,高秀麗,107年鄉(鎮、市)民代表選舉,首次申報,1071110,集會支出,莊麗娟水果行,47619721,0.00,6000.00,餐飲支出,金錢,彰化縣和美鎮****,0932*****,
48,高秀麗,107年鄉(鎮、市)民代表選舉,首次申報,1071111,宣傳支出,上昇紡織有限公司,89718028,0.00,120000.00,製作競選物品支出（清潔布）,金錢,彰化縣和美鎮****,0475*****,
49,高秀麗,107年鄉(鎮、市)民代表選舉,首次申報,1071112,集會支出,花都藝術花坊,13736074,0.00,2000.00,清潔整理支出,金錢,彰化縣彰化市****,0472*****,
50,高秀麗,107年鄉(鎮、市)民代表選舉,首次申報,1071113,集會支出,花都藝術花坊,13736074,0.00,2000.00,清潔整理支出,金錢,彰化縣彰化市****,0472*****,
51,高秀麗,107年鄉(鎮、市)民代表選舉,首次申報,1071113,宣傳支出,上昇紡織有限公司,89718028,0.00,136000.00,製作競選物品支出（清潔布）,金錢,彰化縣和美鎮****,0475*****,
52,高秀麗,107年鄉(鎮、市)民代表選舉,首次申報,1071114,集會支出,花都藝術花坊,13736074,0.00,2000.00,清潔整理支出,金錢,彰化縣彰化市****,0472*****,
53,高秀麗,107年鄉(鎮、市)民代表選舉,首次申報,1071114,集會支出,花都藝術花坊,13736074,0.00,2500.00,清潔整理支出,金錢,彰化縣彰化市****,0472*****,
54,高秀麗,107年鄉(鎮、市)民代表選舉,首次申報,1071114,集會支出,莊麗娟水果行,47619721,0.00,7000.00,餐飲支出,金錢,彰化縣和美鎮****,0932*****,
55,高秀麗,107年鄉(鎮、市)民代表選舉,首次申報,1071115,租用競選辦事處支出,花都藝術花坊,13736074,0.00,2000.00,裝潢競選辦事處支出,金錢,彰化縣彰化市****,0472*****,
56,高秀麗,107年鄉(鎮、市)民代表選舉,首次申報,1071116,宣傳支出,上昇紡織有限公司,89718028,0.00,100000.00,製作競選物品支出（清潔布）,金錢,彰化縣和美鎮****,0475*****,
57,高秀麗,107年鄉(鎮、市)民代表選舉,首次申報,1071117,集會支出,莊麗娟水果行,47619721,0.00,3000.00,餐飲支出,金錢,彰化縣和美鎮****,0932*****,
58,高秀麗,107年鄉(鎮、市)民代表選舉,首次申報,1071119,宣傳支出,新潮工作室,19414938,0.00,3000.00,製作宣傳廣告支出,金錢,臺中市西屯區****,0423*****,
59,高秀麗,107年鄉(鎮、市)民代表選舉,首次申報,1071119,集會支出,莊麗娟水果行,47619721,0.00,5400.00,餐飲支出,金錢,彰化縣和美鎮****,0932*****,
60,高秀麗,107年鄉(鎮、市)民代表選舉,首次申報,1071120,宣傳支出,新潮工作室,19414938,0.00,5000.00,製作宣傳廣告支出,金錢,臺中市西屯區****,0423*****,
61,高秀麗,107年鄉(鎮、市)民代表選舉,首次申報,1071121,宣傳支出,新潮工作室,19414938,0.00,5000.00,製作宣傳廣告支出,金錢,臺中市西屯區****,0423*****,
62,高秀麗,107年鄉(鎮、市)民代表選舉,首次申報,1071122,租用競選辦事處支出,金莎禮儀社,45512168,0.00,14400.00,裝潢競選辦事處支出,金錢,彰化縣和美鎮****,0476*****,
63,高秀麗,107年鄉(鎮、市)民代表選舉,首次申報,1071122,集會支出,莊麗娟水果行,47619721,0.00,12000.00,餐飲支出,金錢,彰化縣和美鎮****,0932*****,
64,高秀麗,107年鄉(鎮、市)民代表選舉,首次申報,1071122,雜支支出,大樹和美藥局,72494039,0.00,900.00,雜項購置或修繕費用,金錢,彰化縣和美鎮****,0475*****,
65,高秀麗,107年鄉(鎮、市)民代表選舉,首次申報,1071123,集會支出,莊麗娟水果行,47619721,0.00,5000.00,餐飲支出,金錢,彰化縣和美鎮****,0932*****,
66,高秀麗,107年鄉(鎮、市)民代表選舉,首次申報,1071124,集會支出,花都藝術花坊,13736074,0.00,16000.00,清潔整理支出,金錢,彰化縣彰化市****,0472*****,
67,高秀麗,107年鄉(鎮、市)民代表選舉,首次申報,1071124,集會支出,莊麗水果行,47619721,0.00,5000.00,餐飲支出,金錢,彰化縣和美鎮****,0932*****,
68,高秀麗,107年鄉(鎮、市)民代表選舉,首次申報,1071126,雜支支出,宸莊有線公司,27797472,0.00,8370.00,餐飲費用,金錢,彰化縣和美鎮****,,
69,高秀麗,107年鄉(鎮、市)民代表選舉,首次申報,1071126,雜支支出,統一超商股份有限公司彰化縣第149分公司,28412019,0.00,2.00,文具用品費用,金錢,彰化縣和美鎮****,,
70,高秀麗,107年鄉(鎮、市)民代表選舉,首次申報,1071129,雜支支出,統一超商股份有限公司彰化縣第59分公司,70748368,0.00,2.00,文具用品費用,金錢,彰化縣和美鎮****,,
71,高秀麗,107年鄉(鎮、市)民代表選舉,首次申報,1071129,雜支支出,統一超商股份有限公司彰化縣第75分公司,70791527,0.00,758.00,餐飲費用,金錢,彰化縣彰化市****,,
72,高秀麗,107年鄉(鎮、市)民代表選舉,首次申報,1071220,宣傳支出,上昇紡織有限公司,89718028,0.00,100000.00,製作競選物品支出（清潔布）,金錢,彰化縣和美鎮****,0475*****,
73,高秀麗,107年鄉(鎮、市)民代表選舉,首次申報,1071221,宣傳支出,上昇紡織有限公司,89718028,0.00,100000.00,製作競選物品支出（清潔布）,金錢,彰化縣和美鎮****,0475*****,
74,高秀麗,107年鄉(鎮、市)民代表選舉,首次申報,1080220,返還支出,維瓦第開發有限公司,42770590,0.00,30000.00,返還,金錢,彰化縣秀水鄉****,,
