﻿序號,擬參選人／政黨,選舉名稱,申報序號／年度,交易日期,收支科目,捐贈者／支出對象,身分證／統一編號,收入金額,支出金額,捐贈方式,存入專戶日期,返還/繳庫,支出用途,金錢類,地址,聯絡電話,應揭露之支出對象,支出對象之內部人員姓名,支出對象之內部人員職稱,政黨之內部人員姓名,政黨之內部人員職稱,關係,更正註記,資料更正日期
1,張東正,111年彰化縣彰化市市長選舉,首次申報,1110825,個人捐贈收入,黃梧村,N12*******,1000.00,0.00,匯款,1110825,,,金錢,彰化縣彰化市****,0936*****,,,,,,,,
2,張東正,111年彰化縣彰化市市長選舉,首次申報,1110825,個人捐贈收入,許宏源,N12*******,100000.00,0.00,匯款,1110825,,,金錢,彰化縣彰化市****,0956*****,,,,,,,,
3,張東正,111年彰化縣彰化市市長選舉,首次申報,1110908,個人捐贈收入,吳明根,N12*******,50000.00,0.00,匯款,1110908,,,金錢,彰化縣彰化市****,0939*****,,,,,,,,
4,張東正,111年彰化縣彰化市市長選舉,首次申報,1110909,營利事業捐贈收入,宏全環境工程有限公司,12783470,30000.00,0.00,現金,1110914,,,金錢,彰化縣大城鄉****,04-8*****,,,,,,,,
5,張東正,111年彰化縣彰化市市長選舉,首次申報,1110909,營利事業捐贈收入,新和興實業社,21405787,10000.00,0.00,現金,1110914,,,金錢,彰化縣和美鎮****,04-7*****,,,,,,,,
6,張東正,111年彰化縣彰化市市長選舉,首次申報,1110909,營利事業捐贈收入,弘量企業股份有限公司,23963674,60000.00,0.00,票據,1110916,,,金錢,彰化縣彰化市****,04-7*****,,,,,,,,
7,張東正,111年彰化縣彰化市市長選舉,首次申報,1110909,營利事業捐贈收入,辛達實業股份有限公司,25165210,30000.00,0.00,現金,1110914,,,金錢,彰化縣芳苑鄉****,,,,,,,,,
8,張東正,111年彰化縣彰化市市長選舉,首次申報,1110909,營利事業捐贈收入,春昇富企業社,45826837,10000.00,0.00,現金,1110914,,,金錢,彰化縣和美鎮****,04-7*****,,,,,,,,
9,張東正,111年彰化縣彰化市市長選舉,首次申報,1110909,個人捐贈收入,洪水雄,L10*******,2000.00,0.00,現金,1110914,,,金錢,彰化縣彰化市****,04-7*****,,,,,,,,
10,張東正,111年彰化縣彰化市市長選舉,首次申報,1110909,個人捐贈收入,李國華,N10*******,10000.00,0.00,現金,1110914,,,金錢,彰化縣彰化市****,0919*****,,,,,,,,
11,張東正,111年彰化縣彰化市市長選舉,首次申報,1110909,個人捐贈收入,林原慶,N10*******,10000.00,0.00,現金,1110914,,,金錢,彰化縣彰化市****,04-7*****,,,,,,,,
12,張東正,111年彰化縣彰化市市長選舉,首次申報,1110909,個人捐贈收入,張火清,N10*******,20000.00,0.00,現金,1110914,,,金錢,臺中市沙鹿區****,04-2*****,,,,,,,,
13,張東正,111年彰化縣彰化市市長選舉,首次申報,1110909,個人捐贈收入,黃志忠,N10*******,20000.00,0.00,現金,1110914,,,金錢,彰化縣彰化市****,0972*****,,,,,,,,
14,張東正,111年彰化縣彰化市市長選舉,首次申報,1110909,個人捐贈收入,陳永慶,N12*******,6000.00,0.00,現金,1110914,,,金錢,彰化縣二林鎮****,0937*****,,,,,,,,
15,張東正,111年彰化縣彰化市市長選舉,首次申報,1110909,個人捐贈收入,林森,N12*******,22000.00,0.00,現金,1110914,,,金錢,彰化縣彰化市****,0934*****,,,,,,,,
16,張東正,111年彰化縣彰化市市長選舉,首次申報,1110909,個人捐贈收入,鐘施金枝,N20*******,6000.00,0.00,現金,1110914,,,金錢,彰化縣彰化市****,0963*****,,,,,,,,
17,張東正,111年彰化縣彰化市市長選舉,首次申報,1110909,個人捐贈收入,曾新長,T10*******,1000.00,0.00,現金,1110914,,,金錢,彰化縣彰化市****,0910*****,,,,,,,,
18,張東正,111年彰化縣彰化市市長選舉,首次申報,1110914,個人捐贈收入,楊景文,R10*******,30000.00,0.00,現金,1110914,,,金錢,彰化縣彰化市****,0937*****,,,,,,,,
19,張東正,111年彰化縣彰化市市長選舉,首次申報,1111018,營利事業捐贈收入,聖和精密股份有限公司,24858475,100000.00,0.00,票據,1111024,,,金錢,彰化縣彰延和****,04-7*****,,,,,,,,
20,張東正,111年彰化縣彰化市市長選舉,首次申報,1111018,個人捐贈收入,陳金再,N10*******,50000.00,0.00,現金,1111020,,,金錢,彰化縣彰化市****,04-7*****,,,,,,,,
21,張東正,111年彰化縣彰化市市長選舉,首次申報,1111018,個人捐贈收入,王智昌,N12*******,12000.00,0.00,匯款,1111018,,,金錢,彰化縣彰化市****,04-7*****,,,,,,,,
22,張東正,111年彰化縣彰化市市長選舉,首次申報,1111028,匿名捐贈,匿名1,,10000.00,0.00,現金,1111101,,,金錢,,,,,,,,,,
23,張東正,111年彰化縣彰化市市長選舉,首次申報,1111110,個人捐贈收入,劉建麟,N12*******,10000.00,0.00,現金,,已返還,,金錢,彰化縣彰化市****,0938*****,,,,,,,,
24,張東正,111年彰化縣彰化市市長選舉,首次申報,1111110,個人捐贈收入,莊偉州,N12*******,10000.00,0.00,現金,,已返還,,金錢,彰化縣彰化市****,04-7*****,,,,,,,,
25,張東正,111年彰化縣彰化市市長選舉,首次申報,1111122,個人捐贈收入,賴明君,,6000.00,0.00,現金,,已返還,,金錢,彰化縣彰化市****,0937*****,,,,,,,,
26,張東正,111年彰化縣彰化市市長選舉,首次申報,1111221,其他收入,利息收入,,51.00,0.00,匯款,1111221,,,金錢,,,,,,,,,,
