﻿序號,擬參選人／政黨,選舉名稱,申報序號／年度,交易日期,收支科目,捐贈者／支出對象,身分證／統一編號,收入金額,支出金額,捐贈方式,存入專戶日期,返還/繳庫,支出用途,金錢類,地址,聯絡電話,應揭露之支出對象,支出對象之內部人員姓名,支出對象之內部人員職稱,政黨之內部人員姓名,政黨之內部人員職稱,關係,更正註記,資料更正日期
1,洪佳君,111年新北市議員選舉,首次申報,1110531,匿名捐贈,匿名,,2050.00,0.00,現金,1110531,,,金錢,,,,,,,,,,
2,洪佳君,111年新北市議員選舉,首次申報,1110704,營利事業捐贈收入,台灣康匠製造股份有限公司,53412591,176000.00,0.00,,,,,非金錢,桃園市桃園區****,,,,,,,,,
3,洪佳君,111年新北市議員選舉,首次申報,1110729,營利事業捐贈收入,立榮電子企業股份有限公司,22999647,100000.00,0.00,票據,1110729,,,金錢,桃園市龜山區****,2299*****,,,,,,,,
4,洪佳君,111年新北市議員選舉,首次申報,1110805,個人捐贈收入,楊耀麒,F12*******,50000.00,0.00,現金,1110812,,,金錢,新北市鶯歌區****,0938*****,,,,,,,,
5,洪佳君,111年新北市議員選舉,首次申報,1110811,個人捐贈收入,吳焜耀,P12*******,30000.00,0.00,現金,1110812,,,金錢,新北市新莊區****,0932*****,,,,,,,,
6,洪佳君,111年新北市議員選舉,首次申報,1110816,個人捐贈收入,鄭淑梅,N22*******,1000.00,0.00,匯款,1110816,,,金錢,新北市板橋區****,,,,,,,,,
7,洪佳君,111年新北市議員選舉,首次申報,1110817,營利事業捐贈收入,由田新技股份有限公司,86710418,350000.00,0.00,匯款,1110817,,,金錢,新北市中和區****,8226*****,,,,,,,,
8,洪佳君,111年新北市議員選舉,首次申報,1110820,個人捐贈收入,黃玉章,F12*******,25000.00,0.00,,,,,非金錢,新北市板橋區****,,,,,,,,,
9,洪佳君,111年新北市議員選舉,首次申報,1110830,個人捐贈收入,柯重光,A22*******,100000.00,0.00,現金,1110902,,,金錢,臺北市中正區****,,,,,,,,,
10,洪佳君,111年新北市議員選舉,首次申報,1110907,營利事業捐贈收入,宏洲窯業股份有限公司,34185765,100000.00,0.00,現金,1110907,,,金錢,新北市鶯歌區****,2679*****,,,,,,,,
11,洪佳君,111年新北市議員選舉,首次申報,1110912,個人捐贈收入,丁亮吟,F22*******,30000.00,0.00,現金,1110914,,,金錢,新北市鶯歌區****,,,,,,,,,
12,洪佳君,111年新北市議員選舉,首次申報,1110913,營利事業捐贈收入,必榮實業股份有限公司,23189238,300000.00,0.00,票據,1110914,,,金錢,新北市鶯歌區****,,,,,,,,,
13,洪佳君,111年新北市議員選舉,首次申報,1110915,營利事業捐贈收入,怡賓有限公司,15820131,100000.00,0.00,,,已返還,,非金錢,新北市樹林區****,2686*****,,,,,,,,
14,洪佳君,111年新北市議員選舉,首次申報,1110923,營利事業捐贈收入,立凱環保有限公司,24734670,100000.00,0.00,現金,1110926,,,金錢,新北市三峽區****,0930*****,,,,,,,,
15,洪佳君,111年新北市議員選舉,首次申報,1110923,個人捐贈收入,江冠蓁,M22*******,100000.00,0.00,現金,1110926,,,金錢,臺中市西屯區****,,,,,,,,,
16,洪佳君,111年新北市議員選舉,首次申報,1110929,個人捐贈收入,李國雄,F10*******,100000.00,0.00,現金,1111013,,,金錢,臺北市士林區****,,,,,,,,,
17,洪佳君,111年新北市議員選舉,首次申報,1110929,個人捐贈收入,李昱樞,F12*******,100000.00,0.00,現金,1111013,,,金錢,新北市新莊區****,,,,,,,,,
18,洪佳君,111年新北市議員選舉,首次申報,1110929,個人捐贈收入,李昱鋒,F12*******,100000.00,0.00,現金,1111013,,,金錢,新北市新莊區****,,,,,,,,,
19,洪佳君,111年新北市議員選舉,首次申報,1110929,個人捐贈收入,游秀蘭,F20*******,100000.00,0.00,現金,1111013,,,金錢,新北市新莊區****,,,,,,,,,
20,洪佳君,111年新北市議員選舉,首次申報,1110929,個人捐贈收入,李媛琪,F22*******,100000.00,0.00,現金,1111013,,,金錢,新北市新莊區****,,,,,,,,,
21,洪佳君,111年新北市議員選舉,首次申報,1111004,個人捐贈收入,李志宏,F12*******,20000.00,0.00,現金,1111013,,,金錢,新北市樹林區****,,,,,,,,,
22,洪佳君,111年新北市議員選舉,首次申報,1111007,人民團體捐贈收入,社團法人台灣資訊教育發展協會,,100000.00,0.00,匯款,1111007,,,金錢,桃園市中壢區****,,,,,,,,,
23,洪佳君,111年新北市議員選舉,首次申報,1111011,營利事業捐贈收入,菘發開發股份有限公司,53708187,100000.00,0.00,現金,1111013,,,金錢,新北市鶯歌區****,,,,,,,,,
24,洪佳君,111年新北市議員選舉,首次申報,1111011,個人捐贈收入,王勇,F10*******,50000.00,0.00,現金,1111013,,,金錢,新北市樹林區****,,,,,,,,,
25,洪佳君,111年新北市議員選舉,首次申報,1111011,個人捐贈收入,鄭雅蕙,H22*******,10000.00,0.00,現金,1111013,,,金錢,桃園市桃園區****,,,,,,,,,
26,洪佳君,111年新北市議員選舉,首次申報,1111012,個人捐贈收入,黃施泉,F12*******,50000.00,0.00,匯款,1111012,,,金錢,新北市三峽區****,,,,,,,,,
27,洪佳君,111年新北市議員選舉,首次申報,1111013,營利事業捐贈收入,輝洋有限公司,22964345,200000.00,0.00,匯款,1111017,,,金錢,新北市樹林區****,,,,,,,,,
28,洪佳君,111年新北市議員選舉,首次申報,1111013,個人捐贈收入,周樹林,P10*******,100000.00,0.00,現金,1111013,,,金錢,新北市樹林區****,,,,,,,,,
29,洪佳君,111年新北市議員選舉,首次申報,1111014,營利事業捐贈收入,世恭企業股份有限公司,22383678,3600.00,0.00,匯款,1111014,,,金錢,新北市樹林區****,,,,,,,,,
30,洪佳君,111年新北市議員選舉,首次申報,1111014,個人捐贈收入,王萬田,F10*******,50000.00,0.00,匯款,1111014,,,金錢,新北市鶯歌區****,,,,,,,,,
31,洪佳君,111年新北市議員選舉,首次申報,1111014,個人捐贈收入,龔 彥,F12*******,20000.00,0.00,匯款,1111014,,,金錢,新北市樹林區****,,,,,,,,,
32,洪佳君,111年新北市議員選舉,首次申報,1111017,個人捐贈收入,林序庭,F10*******,100000.00,0.00,現金,1111018,,,金錢,新北市樹林區****,,,,,,,,,
33,洪佳君,111年新北市議員選舉,首次申報,1111017,個人捐贈收入,黃年億,F12*******,30000.00,0.00,現金,1111018,,,金錢,新北市樹林區****,,,,,,,,,
34,洪佳君,111年新北市議員選舉,首次申報,1111017,個人捐贈收入,莊博強,F12*******,100000.00,0.00,匯款,1111017,,,金錢,新北市蘆洲區****,,,,,,,,,
35,洪佳君,111年新北市議員選舉,首次申報,1111017,個人捐贈收入,黃炳勳,F12*******,100000.00,0.00,現金,1111018,,,金錢,新北市樹林區****,,,,,,,,,
36,洪佳君,111年新北市議員選舉,首次申報,1111017,個人捐贈收入,黃貞榕,F22*******,100000.00,0.00,現金,1111018,,,金錢,新北市樹林區****,,,,,,,,,
37,洪佳君,111年新北市議員選舉,首次申報,1111017,個人捐贈收入,曾婉婷,F22*******,100000.00,0.00,匯款,1111017,,,金錢,新北市蘆洲區****,,,,,,,,,
38,洪佳君,111年新北市議員選舉,首次申報,1111017,個人捐贈收入,林若萍,F22*******,100000.00,0.00,現金,1111018,,,金錢,新北市樹林區****,,,,,,,,,
39,洪佳君,111年新北市議員選舉,首次申報,1111019,匿名捐贈,匿名,,10000.00,0.00,匯款,1111019,,,金錢,,,,,,,,,,
40,洪佳君,111年新北市議員選舉,首次申報,1111019,營利事業捐贈收入,呷尚寶興業股份有限公司,25003074,50000.00,0.00,匯款,1111019,,,金錢,新北市土城區****,,,,,,,,,
41,洪佳君,111年新北市議員選舉,首次申報,1111019,個人捐贈收入,吳宗戊,P10*******,100000.00,0.00,現金,1111024,,,金錢,新北市板橋區****,,,,,,,,,
42,洪佳君,111年新北市議員選舉,首次申報,1111019,個人捐贈收入,林美容,P20*******,100000.00,0.00,現金,1111024,,,金錢,新北市板橋區****,,,,,,,,,
43,洪佳君,111年新北市議員選舉,首次申報,1111019,個人捐贈收入,吳品蓁,P22*******,100000.00,0.00,現金,1111024,,,金錢,新北市板橋區****,,,,,,,,,
44,洪佳君,111年新北市議員選舉,首次申報,1111020,個人捐贈收入,陳忠賢,S10*******,50000.00,0.00,票據,1111021,,,金錢,新北市土城區****,,,,,,,,,
45,洪佳君,111年新北市議員選舉,首次申報,1111021,個人捐贈收入,林進龍,F10*******,50000.00,0.00,現金,1111024,,,金錢,新北市萬里區****,,,,,,,,,
46,洪佳君,111年新北市議員選舉,首次申報,1111021,個人捐贈收入,王志銘,F10*******,50000.00,0.00,現金,1111024,,,金錢,新北市板橋區****,,,,,,,,,
47,洪佳君,111年新北市議員選舉,首次申報,1111021,個人捐贈收入,張堯智,F12*******,6000.00,0.00,匯款,1111021,,,金錢,新北市樹林區****,,,,,,,,,
48,洪佳君,111年新北市議員選舉,首次申報,1111021,個人捐贈收入,陳鎮凱,N12*******,3600.00,0.00,現金,1111021,,,金錢,新北市樹林區****,,,,,,,,,
49,洪佳君,111年新北市議員選舉,首次申報,1111022,匿名捐贈,匿名,,10000.00,0.00,匯款,1111022,,,金錢,,,,,,,,,,
50,洪佳君,111年新北市議員選舉,首次申報,1111022,營利事業捐贈收入,右莉有限公司,53184127,200000.00,0.00,匯款,1111024,,,金錢,新北市蘆洲區****,,,,,,,,,
51,洪佳君,111年新北市議員選舉,首次申報,1111022,個人捐贈收入,陳恩齡,A10*******,2000.00,0.00,現金,1111024,,,金錢,新北市樹林區****,,,,,,,,,
52,洪佳君,111年新北市議員選舉,首次申報,1111022,個人捐贈收入,劉東懋,F10*******,5000.00,0.00,現金,1111026,,,金錢,新北市樹林區****,,,,,,,,,
53,洪佳君,111年新北市議員選舉,首次申報,1111022,個人捐贈收入,賴文賓,F12*******,5000.00,0.00,現金,1111024,,,金錢,新北市樹林區****,,,,,,,,,
54,洪佳君,111年新北市議員選舉,首次申報,1111022,個人捐贈收入,林錦珠,F22*******,20000.00,0.00,現金,1111024,,,金錢,新北市板橋區****,,,,,,,,,
55,洪佳君,111年新北市議員選舉,首次申報,1111022,個人捐贈收入,陳靜雯,Q20*******,100000.00,0.00,,,,,非金錢,新北市樹林區****,,,,,,,,,
56,洪佳君,111年新北市議員選舉,首次申報,1111023,營利事業捐贈收入,正港塑膠股份有限公司,12985686,30000.00,0.00,現金,1111024,,,金錢,新北市新莊區****,,,,,,,,,
57,洪佳君,111年新北市議員選舉,首次申報,1111024,營利事業捐贈收入,越佳營造股份有限公司,23767440,100000.00,0.00,匯款,1111024,已返還,,金錢,屏東縣長治鄉****,,,,,,,,,
58,洪佳君,111年新北市議員選舉,首次申報,1111024,營利事業捐贈收入,悅欣室內裝修有限公司,42857505,100000.00,0.00,匯款,1111024,已返還,,金錢,屏東縣長治鄉****,,,,,,,,,
59,洪佳君,111年新北市議員選舉,首次申報,1111024,營利事業捐贈收入,晟佳建設股份有限公司,59258461,100000.00,0.00,現金,1111024,,,金錢,屏東縣長治鄉****,,,,,,,,,
60,洪佳君,111年新北市議員選舉,首次申報,1111024,個人捐贈收入,王榮松,F12*******,5000.00,0.00,現金,1111026,,,金錢,新北市樹林區****,,,,,,,,,
61,洪佳君,111年新北市議員選舉,首次申報,1111024,個人捐贈收入,陳學儒,Y22*******,100000.00,0.00,票據,1111026,,,金錢,新北市樹林區****,,,,,,,,,
62,洪佳君,111年新北市議員選舉,首次申報,1111025,匿名捐贈,匿名,,6000.00,0.00,匯款,1111025,,,金錢,,,,,,,,,,
63,洪佳君,111年新北市議員選舉,首次申報,1111025,營利事業捐贈收入,帝盟科技股份有限公司,16920480,20000.00,0.00,匯款,1111025,,,金錢,新北市樹林區****,,,,,,,,,
64,洪佳君,111年新北市議員選舉,首次申報,1111025,營利事業捐贈收入,信美鏡廠股份有限公司,34196171,100000.00,0.00,匯款,1111025,,,金錢,新北市土城區****,,,,,,,,,
65,洪佳君,111年新北市議員選舉,首次申報,1111025,營利事業捐贈收入,巨昇玻璃有限公司,89656851,100000.00,0.00,匯款,1111025,,,金錢,新北市土城區****,,,,,,,,,
66,洪佳君,111年新北市議員選舉,首次申報,1111025,個人捐贈收入,賴玉梅,F22*******,3000.00,0.00,現金,1111026,,,金錢,新北市樹林區****,,,,,,,,,
67,洪佳君,111年新北市議員選舉,首次申報,1111025,個人捐贈收入,蘇欽浩,H12*******,10000.00,0.00,匯款,1111025,,,金錢,桃園市八德區****,,,,,,,,,
68,洪佳君,111年新北市議員選舉,首次申報,1111025,個人捐贈收入,蔡美華,N22*******,66000.00,0.00,現金,1111026,,,金錢,新北市樹林區****,,,,,,,,,
69,洪佳君,111年新北市議員選舉,首次申報,1111026,個人捐贈收入,鍾鴻銘,F10*******,30000.00,0.00,票據,1111027,,,金錢,新北市樹林區****,,,,,,,,,
70,洪佳君,111年新北市議員選舉,首次申報,1111026,個人捐贈收入,黃友良,F12*******,10000.00,0.00,現金,1111026,,,金錢,新北市樹林區****,,,,,,,,,
71,洪佳君,111年新北市議員選舉,首次申報,1111026,個人捐贈收入,黃幸如,H22*******,10000.00,0.00,現金,1111027,,,金錢,桃園市八德區****,,,,,,,,,
72,洪佳君,111年新北市議員選舉,首次申報,1111026,個人捐贈收入,林松吉,N10*******,10000.00,0.00,現金,1111027,,,金錢,新北市板橋區****,,,,,,,,,
73,洪佳君,111年新北市議員選舉,首次申報,1111027,營利事業捐贈收入,晟佳建設股份有限公司,59258461,200000.00,0.00,匯款,1111027,,,金錢,屏東縣長治鄉****,,,,,,,,,
74,洪佳君,111年新北市議員選舉,首次申報,1111027,個人捐贈收入,高文良,F10*******,10000.00,0.00,現金,1111027,,,金錢,新北市樹林區****,,,,,,,,,
75,洪佳君,111年新北市議員選舉,首次申報,1111027,個人捐贈收入,游漢廷,F10*******,10000.00,0.00,現金,1111031,,,金錢,新北市中和區****,,,,,,,,,
76,洪佳君,111年新北市議員選舉,首次申報,1111027,個人捐贈收入,黃绣霞,F20*******,100000.00,0.00,現金,1111027,,,金錢,新北市土城區****,,,,,,,,,
77,洪佳君,111年新北市議員選舉,首次申報,1111028,營利事業捐贈收入,大政食品股份有限公司,28025777,10000.00,0.00,現金,1111031,,,金錢,新竹縣芎林鄉****,(03)*****,,,,,,,,
78,洪佳君,111年新北市議員選舉,首次申報,1111028,個人捐贈收入,陸珩,A12*******,50000.00,0.00,現金,1111031,,,金錢,新北市新莊區****,,,,,,,,,
79,洪佳君,111年新北市議員選舉,首次申報,1111028,個人捐贈收入,張原吉,F12*******,10000.00,0.00,現金,1111031,,,金錢,新北市鶯歌區****,,,,,,,,,
80,洪佳君,111年新北市議員選舉,首次申報,1111028,個人捐贈收入,顏啟勳,Q10*******,100000.00,0.00,票據,1111031,,,金錢,新北市新莊區****,,,,,,,,,
81,洪佳君,111年新北市議員選舉,首次申報,1111028,個人捐贈收入,陳世堎,Q12*******,10000.00,0.00,現金,1111031,,,金錢,新北市樹林區****,,,,,,,,,
82,洪佳君,111年新北市議員選舉,首次申報,1111031,個人捐贈收入,鍾明德,F12*******,100000.00,0.00,匯款,1111031,,,金錢,新北市樹林區****,,,,,,,,,
83,洪佳君,111年新北市議員選舉,首次申報,1111031,個人捐贈收入,鍾嫚晏,F22*******,100000.00,0.00,匯款,1111031,,,金錢,新北市樹林區****,,,,,,,,,
84,洪佳君,111年新北市議員選舉,首次申報,1111102,匿名捐贈,匿名,,10000.00,0.00,匯款,1111109,,,金錢,,,,,,,,,,
85,洪佳君,111年新北市議員選舉,首次申報,1111102,個人捐贈收入,吳忠河,F12*******,3600.00,0.00,匯款,1111102,,,金錢,新北市樹林區****,,,,,,,,,
86,洪佳君,111年新北市議員選舉,首次申報,1111102,個人捐贈收入,邱明功,R10*******,50000.00,0.00,匯款,1111102,,,金錢,新北市樹林區****,,,,,,,,,
87,洪佳君,111年新北市議員選舉,首次申報,1111103,營利事業捐贈收入,高屹工業有限公司,34378545,50000.00,0.00,票據,1111103,,,金錢,新北市土城區****,,,,,,,,,
88,洪佳君,111年新北市議員選舉,首次申報,1111103,個人捐贈收入,陳家麒,A12*******,2000.00,0.00,現金,1111108,,,金錢,新北市永和區****,,,,,,,,,
89,洪佳君,111年新北市議員選舉,首次申報,1111103,個人捐贈收入,陳春香,A22*******,2000.00,0.00,現金,1111108,,,金錢,新北市中和區****,,,,,,,,,
90,洪佳君,111年新北市議員選舉,首次申報,1111103,個人捐贈收入,張業祺,E22*******,2000.00,0.00,現金,1111108,,,金錢,新北市永和區****,,,,,,,,,
91,洪佳君,111年新北市議員選舉,首次申報,1111103,個人捐贈收入,王順,F10*******,8000.00,0.00,現金,1111103,,,金錢,新北市樹林區****,,,,,,,,,
92,洪佳君,111年新北市議員選舉,首次申報,1111103,個人捐贈收入,鄭忠明,F10*******,50000.00,0.00,現金,1111107,,,金錢,新北市樹林區****,,,,,,,,,
93,洪佳君,111年新北市議員選舉,首次申報,1111103,個人捐贈收入,何玉枝,F22*******,50000.00,0.00,現金,1111107,,,金錢,新北市樹林區****,,,,,,,,,
94,洪佳君,111年新北市議員選舉,首次申報,1111103,個人捐贈收入,戴瓊英,J22*******,100000.00,0.00,現金,1111103,,,金錢,新北市樹林區****,,,,,,,,,
95,洪佳君,111年新北市議員選舉,首次申報,1111103,個人捐贈收入,許均帆,P12*******,2000.00,0.00,現金,1111108,,,金錢,臺北市萬華區****,,,,,,,,,
96,洪佳君,111年新北市議員選舉,首次申報,1111103,個人捐贈收入,許文玲,P22*******,1000.00,0.00,現金,1111108,,,金錢,新北市永和區****,,,,,,,,,
97,洪佳君,111年新北市議員選舉,首次申報,1111103,個人捐贈收入,張尹榕,U22*******,1000.00,0.00,現金,1111108,,,金錢,新北市中和區****,,,,,,,,,
98,洪佳君,111年新北市議員選舉,首次申報,1111104,個人捐贈收入,邱畇錡,F12*******,6600.00,0.00,現金,1111107,,,金錢,新北市板橋區****,,,,,,,,,
99,洪佳君,111年新北市議員選舉,首次申報,1111104,個人捐贈收入,黃加賜,N12*******,50000.00,0.00,匯款,1111110,,,金錢,臺北市大安區****,,,,,,,,,
100,洪佳君,111年新北市議員選舉,首次申報,1111105,營利事業捐贈收入,瞬輝精密工業有限公司,28495799,5000.00,0.00,現金,1111107,,,金錢,新北市新莊區****,,,,,,,,,
101,洪佳君,111年新北市議員選舉,首次申報,1111105,個人捐贈收入,林瑋煌,F12*******,30000.00,0.00,現金,1111107,,,金錢,新北市樹林區****,,,,,,,,,
102,洪佳君,111年新北市議員選舉,首次申報,1111106,個人捐贈收入,林汶靚,F22*******,10000.00,0.00,現金,1111107,,,金錢,新北市樹林區****,,,,,,,,,
103,洪佳君,111年新北市議員選舉,首次申報,1111107,營利事業捐贈收入,幸福兄弟企業股份有限公司,15222727,50000.00,0.00,匯款,1111107,,,金錢,新北市樹林區****,,,,,,,,,
104,洪佳君,111年新北市議員選舉,首次申報,1111107,營利事業捐贈收入,層相積層包裝有限公司,25169428,20000.00,0.00,現金,1111108,,,金錢,新北市樹林區****,,,,,,,,,
105,洪佳君,111年新北市議員選舉,首次申報,1111107,個人捐贈收入,許民昌,F12*******,30000.00,0.00,現金,1111108,,,金錢,新北市樹林區****,,,,,,,,,
106,洪佳君,111年新北市議員選舉,首次申報,1111108,匿名捐贈,匿名,,3000.00,0.00,現金,1111108,,,金錢,,,,,,,,,,
107,洪佳君,111年新北市議員選舉,首次申報,1111108,個人捐贈收入,林順隆,F12*******,100000.00,0.00,現金,1111108,,,金錢,新北市樹林區****,,,,,,,,,
108,洪佳君,111年新北市議員選舉,首次申報,1111109,個人捐贈收入,張立德,F10*******,100000.00,0.00,現金,1111110,,,金錢,新北市樹林區****,,,,,,,,,
109,洪佳君,111年新北市議員選舉,首次申報,1111109,個人捐贈收入,顏登壽,R10*******,3000.00,0.00,現金,1111110,,,金錢,新北市樹林區****,,,,,,,,,
110,洪佳君,111年新北市議員選舉,首次申報,1111110,個人捐贈收入,楊家珍,A11*******,10000.00,0.00,現金,1111110,,,金錢,新北市樹林區****,,,,,,,,,
111,洪佳君,111年新北市議員選舉,首次申報,1111110,個人捐贈收入,陳力維,F12*******,100000.00,0.00,現金,1111110,,,金錢,桃園市桃園區****,,,,,,,,,
112,洪佳君,111年新北市議員選舉,首次申報,1111110,個人捐贈收入,田正任,J10*******,50000.00,0.00,票據,1111110,,,金錢,新北市樹林區****,,,,,,,,,
113,洪佳君,111年新北市議員選舉,首次申報,1111110,個人捐贈收入,施月真,N22*******,100000.00,0.00,現金,1111110,,,金錢,新北市板橋區****,,,,,,,,,
114,洪佳君,111年新北市議員選舉,首次申報,1111111,個人捐贈收入,林芳民,F12*******,50000.00,0.00,現金,1111114,,,金錢,新北市樹林區****,,,,,,,,,
115,洪佳君,111年新北市議員選舉,首次申報,1111114,營利事業捐贈收入,大誠保險經紀人股份有限公司,84261295,100000.00,0.00,匯款,1111114,,,金錢,新北市板橋區****,,,,,,,,,
116,洪佳君,111年新北市議員選舉,首次申報,1111114,個人捐贈收入,白文亮,A10*******,50000.00,0.00,現金,1111115,,,金錢,新北市鶯歌區****,,,,,,,,,
117,洪佳君,111年新北市議員選舉,首次申報,1111114,個人捐贈收入,林玉華,F20*******,50000.00,0.00,現金,1111115,,,金錢,新北市鶯歌區****,,,,,,,,,
118,洪佳君,111年新北市議員選舉,首次申報,1111114,個人捐贈收入,王素華,F22*******,2000.00,0.00,現金,1111114,,,金錢,新北市樹林區****,,,,,,,,,
119,洪佳君,111年新北市議員選舉,首次申報,1111115,個人捐贈收入,陳振壽,F10*******,10000.00,0.00,現金,1111115,,,金錢,新北市樹林區****,,,,,,,,,
120,洪佳君,111年新北市議員選舉,首次申報,1111115,個人捐贈收入,黃木源,F12*******,10000.00,0.00,現金,1111115,,,金錢,新北市樹林區****,,,,,,,,,
121,洪佳君,111年新北市議員選舉,首次申報,1111115,個人捐贈收入,黃鳳,Q20*******,3000.00,0.00,現金,1111122,,,金錢,新北市樹林區****,,,,,,,,,
122,洪佳君,111年新北市議員選舉,首次申報,1111116,個人捐贈收入,王世慶,F10*******,50000.00,0.00,票據,1111122,,,金錢,新北市鶯歌區****,,,,,,,,,
123,洪佳君,111年新北市議員選舉,首次申報,1111116,個人捐贈收入,陳永榮,F12*******,15000.00,0.00,現金,1111122,,,金錢,新北市樹林區****,,,,,,,,,
124,洪佳君,111年新北市議員選舉,首次申報,1111116,個人捐贈收入,詹金鳳,F22*******,50000.00,0.00,現金,1111122,,,金錢,新北市三峽區****,,,,,,,,,
125,洪佳君,111年新北市議員選舉,首次申報,1111116,個人捐贈收入,陳文強,M12*******,10000.00,0.00,現金,1111122,,,金錢,新北市樹林區****,,,,,,,,,
126,洪佳君,111年新北市議員選舉,首次申報,1111116,個人捐贈收入,許景齊,N10*******,3000.00,0.00,現金,1111122,,,金錢,新北市樹林區****,,,,,,,,,
127,洪佳君,111年新北市議員選舉,首次申報,1111117,個人捐贈收入,鄭泉銘,A12*******,40000.00,0.00,現金,1111130,,,金錢,桃園市蘆竹區****,,,,,,,,,
128,洪佳君,111年新北市議員選舉,首次申報,1111117,個人捐贈收入,張霈涵,M22*******,60000.00,0.00,現金,1111130,,,金錢,新北市鶯歌區****,,,,,,,,,
129,洪佳君,111年新北市議員選舉,首次申報,1111117,個人捐贈收入,林奕瑭,P10*******,10000.00,0.00,現金,1111122,,,金錢,新北市樹林區****,,,,,,,,,
130,洪佳君,111年新北市議員選舉,首次申報,1111117,個人捐贈收入,張惠芬,S22*******,100000.00,0.00,現金,1111130,,,金錢,新北市樹林區****,,,,,,,,,
131,洪佳君,111年新北市議員選舉,首次申報,1111118,個人捐贈收入,黃炎發,F10*******,10000.00,0.00,現金,1111118,,,金錢,新北市樹林區****,,,,,,,,,
132,洪佳君,111年新北市議員選舉,首次申報,1111120,個人捐贈收入,李百琪,F22*******,10000.00,0.00,現金,1111122,,,金錢,新北市板橋區****,,,,,,,,,
133,洪佳君,111年新北市議員選舉,首次申報,1111121,個人捐贈收入,黃佳鈴,L22*******,20000.00,0.00,現金,1111122,,,金錢,新北市樹林區****,,,,,,,,,
134,洪佳君,111年新北市議員選舉,首次申報,1111122,營利事業捐贈收入,僑雄實業股份有限公司,84602272,100000.00,0.00,匯款,1111122,,,金錢,新北市樹林區****,,,,,,,,,
135,洪佳君,111年新北市議員選舉,首次申報,1111122,個人捐贈收入,邱戊己,A10*******,100000.00,0.00,票據,1111122,,,金錢,新北市樹林區****,,,,,,,,,
136,洪佳君,111年新北市議員選舉,首次申報,1111122,個人捐贈收入,蘇運金,K12*******,10000.00,0.00,現金,1111122,,,金錢,新北市鶯歌區****,,,,,,,,,
137,洪佳君,111年新北市議員選舉,首次申報,1111122,個人捐贈收入,潘孝仁,L12*******,5000.00,0.00,匯款,1111122,,,金錢,新北市中和區****,,,,,,,,,
138,洪佳君,111年新北市議員選舉,首次申報,1111123,營利事業捐贈收入,富業實業股份有限公司,16865970,100000.00,0.00,票據,1111124,,,金錢,新北市三重區****,,,,,,,,,
139,洪佳君,111年新北市議員選舉,首次申報,1111220,其他收入,利息收入,,989.00,0.00,現金,1111220,,,金錢,,,,,,,,,,
